#!ascii label  , from subject sub-v2s16x51307_ses-1 vox2ras=TkReg
3113
38  2.936  -90.650  3.400 0.6999999881
113831  1.982  -90.839  2.131 0.6999999881
147  0.086  -90.255  2.682 0.6000000238
124777  -3.146  -90.980  5.207 0.8000000119
3  1.699  -91.363  1.300 0.5000000000
46  -0.456  -90.442  1.930 0.5000000000
143  -2.637  -90.771  3.349 0.8000000119
128347  -2.499  -90.667  2.548 0.8000000119
114243  -0.560  -90.799  0.494 0.6000000238
254  4.642  -89.204  5.075 0.6999999881
256  3.904  -89.301  5.608 0.8999999762
129  4.410  -89.772  4.370 0.6999999881
543  -5.237  -88.066  6.057 0.6999999881
122874  -4.612  -90.373  4.944 0.8000000119
150  -3.148  -90.606  2.377 0.8000000119
159  -2.854  -90.509  0.531 0.6000000238
155  -2.981  -90.545  1.363 0.6999999881
320  -1.755  -89.147  -4.543 0.5000000000
1048  -2.794  -85.648  2.124 0.5000000000
1652  -4.218  -83.468  1.215 0.5000000000
805  -3.006  -86.438  2.258 0.5000000000
793  -3.315  -87.105  2.697 0.6000000238
794  -4.421  -86.955  3.077 0.5000000000
1316  -2.666  -85.241  3.689 0.5000000000
563  -2.764  -87.696  3.318 0.6999999881
125087  -2.318  -85.865  4.438 0.6000000238
402  -2.945  -88.457  4.938 0.6999999881
130  3.982  -90.021  4.356 0.6999999881
35  2.947  -90.231  4.118 0.6999999881
116964  -1.521  -90.952  5.518 0.8000000119
252  -3.035  -89.631  6.768 0.8000000119
553  -4.263  -88.160  5.358 0.6999999881
117810  -6.278  -88.561  6.151 0.6000000238
140  0.493  -90.045  3.719 0.6999999881
114339  2.187  -90.573  3.019 0.6000000238
260  -6.263  -89.162  5.727 0.6000000238
265  -6.053  -89.510  4.868 0.6999999881
154  -2.269  -90.620  1.819 0.6000000238
151  -4.039  -90.454  2.637 0.8000000119
268  -5.838  -89.605  3.954 0.8000000119
152  -4.373  -90.193  2.024 0.8000000119
272  -5.091  -89.760  2.477 0.8000000119
666  -3.176  -87.443  -5.911 0.6999999881
485  -1.791  -88.272  -6.048 0.5000000000
124148  -4.200  -89.593  -8.303 0.6000000238
219  -5.051  -89.772  -8.433 0.6000000238
120774  -6.739  -84.903  10.684 0.4000000060
1268  -7.062  -85.074  10.020 0.4000000060
1573  -6.150  -84.880  10.526 0.6000000238
1267  -6.706  -85.225  9.891 0.6000000238
1274  -6.985  -85.296  9.243 0.6000000238
1301  -7.112  -84.888  7.301 0.6000000238
2038  -5.384  -82.475  3.512 0.3000000119
1592  -6.083  -84.745  8.739 0.6000000238
1273  -6.749  -85.291  9.082 0.6000000238
1290  -6.449  -84.917  7.434 0.6000000238
1630  -4.739  -83.972  4.617 0.5000000000
1644  -3.853  -83.515  1.849 0.4000000060
1313  -4.047  -84.481  4.578 0.5000000000
1600  -5.929  -84.441  7.770 0.6000000238
1608  -4.788  -84.129  7.021 0.6000000238
115895  2.147  -80.166  1.227 0.8999999762
1027  -3.326  -85.395  6.801 0.6999999881
111135  -2.111  -88.737  6.576 0.6999999881
391  -2.476  -88.611  5.823 0.6999999881
131  3.448  -89.891  4.773 0.8000000119
132  1.442  -89.906  4.343 0.6999999881
128185  -2.247  -90.266  7.070 0.8000000119
387  -3.000  -89.024  6.558 0.6999999881
396  -7.706  -88.201  6.010 0.6000000238
119  -2.823  -90.338  6.616 0.8000000119
123178  -4.326  -89.812  6.134 0.6999999881
121488  -5.216  -88.863  6.185 0.6999999881
39  1.569  -90.132  3.522 0.6999999881
141  -0.649  -90.421  3.603 0.6999999881
112732  -3.310  -90.886  4.339 0.8000000119
403  -6.927  -89.069  5.187 0.6000000238
44  2.914  -91.123  2.414 0.6000000238
137  -5.252  -89.981  4.348 0.8000000119
269  -6.583  -89.218  4.194 0.6000000238
59  -1.499  -90.712  0.193 0.5000000000
164  -2.500  -90.445  -1.091 0.6000000238
193  -0.813  -89.971  -5.145 0.5000000000
328  -1.201  -89.347  -5.897 0.5000000000
340  -3.488  -89.153  -8.235 0.6000000238
230  -6.175  -89.411  -8.691 0.6999999881
237  -5.174  -89.283  -9.661 0.6000000238
512  -7.704  -88.235  -10.095 0.6000000238
1566  -6.629  -83.634  12.059 0.3000000119
1574  -6.782  -84.385  11.423 0.4000000060
1963  -7.069  -83.168  11.244 0.3000000119
1962  -4.695  -83.099  10.874 0.5000000000
109863  -7.507  -84.058  9.309 0.4000000060
118240  -6.226  -84.587  11.310 0.4000000060
2369  -4.245  -81.781  10.530 0.5000000000
1971  -5.367  -83.945  10.118 0.5000000000
126973  -4.457  -81.281  9.779 0.6000000238
1979  -5.585  -83.119  8.366 0.6000000238
2806  -4.924  -80.564  8.370 0.6000000238
1631  -5.505  -83.630  4.834 0.4000000060
1987  -5.458  -83.030  7.657 0.6000000238
107049  -5.412  -84.598  6.138 0.6000000238
3261  -4.238  -79.454  7.218 0.6999999881
2820  -5.242  -80.828  7.664 0.6000000238
1308  -4.652  -84.585  5.520 0.6000000238
1332  -4.025  -84.338  1.174 0.5000000000
111617  -4.548  -84.776  6.473 0.6000000238
1312  -3.428  -85.004  4.668 0.6000000238
564  -4.031  -87.580  3.949 0.6000000238
126993  -2.006  -86.330  5.115 0.6999999881
122909  2.397  -89.460  5.928 0.8000000119
122101  -6.037  -87.921  6.209 0.6000000238
544  -7.396  -87.670  5.919 0.6000000238
111016  2.458  -89.855  4.849 0.6999999881
124  0.525  -90.054  5.857 0.8000000119
125185  -0.777  -90.260  7.214 0.8000000119
264  -5.403  -89.689  5.331 0.6999999881
134  -0.413  -90.393  4.500 0.8000000119
108925  -4.054  -90.713  4.313 0.8000000119
404  -7.869  -88.650  5.345 0.6000000238
267  -5.204  -89.934  3.361 0.8000000119
273  -6.026  -89.173  3.106 0.6999999881
113105  -9.522  -82.320  -5.233 0.3000000119
1762  -9.272  -83.479  -7.891 0.4000000060
123395  -3.426  -90.425  0.984 0.6000000238
157  -4.048  -90.211  1.061 0.6000000238
277  -5.631  -88.923  2.035 0.8000000119
1154  -8.396  -85.375  -7.990 0.5000000000
1155  -9.373  -85.237  -8.395 0.6000000238
306  -2.780  -89.572  -2.254 0.5000000000
124201  -2.285  -90.462  -1.736 0.5000000000
120407  -2.681  -87.518  -4.506 0.6000000238
907  -9.184  -86.968  -8.013 0.6000000238
493  -2.472  -88.013  -6.813 0.5000000000
112190  -9.996  -86.843  -8.285 0.6000000238
228  -4.534  -89.463  -9.335 0.6999999881
231  -6.824  -89.027  -8.559 0.8999999762
238  -5.944  -89.252  -9.281 0.6000000238
110638  -8.057  -87.829  -10.492 0.6999999881
520  -7.334  -87.850  -10.876 0.6000000238
1945  -6.070  -83.481  13.097 0.3000000119
2359  -6.535  -82.144  11.941 0.3000000119
126146  -7.047  -82.258  5.890 0.4000000060
2893  2.959  -80.104  1.385 1.0000000000
1988  -7.493  -82.863  7.025 0.5000000000
2378  -4.985  -81.373  9.142 0.6000000238
2010  -6.812  -83.189  5.638 0.4000000060
2379  -5.318  -82.620  9.150 0.6000000238
2025  -6.370  -82.544  4.848 0.4000000060
1622  -5.914  -84.144  5.597 0.5000000000
115584  -5.019  -82.201  2.614 0.3000000119
3268  -2.867  -78.748  6.030 0.6999999881
3247  -3.532  -79.376  7.570 0.6999999881
118346  -5.628  -84.602  6.940 0.6000000238
2473  3.406  -81.071  0.112 1.0000000000
1997  -5.223  -82.214  7.207 0.6000000238
1307  -4.057  -85.046  5.686 0.6000000238
1036  -2.071  -86.014  3.359 0.6999999881
562  -1.921  -87.725  3.473 0.6999999881
791  -1.384  -87.348  4.001 0.6999999881
400  -1.499  -88.131  4.555 0.6999999881
552  -3.224  -88.089  4.209 0.6999999881
257  3.302  -89.311  5.792 0.8999999762
115  1.909  -89.176  6.815 0.8999999762
247  -1.513  -88.996  7.706 0.8000000119
386  -2.224  -89.180  7.097 0.6999999881
112  0.090  -89.898  7.439 0.8000000119
397  -8.272  -88.143  5.674 0.5000000000
276  -4.781  -89.674  1.565 0.8000000119
160  -3.422  -90.323  0.267 0.6000000238
111862  -3.606  -89.620  -0.768 0.6000000238
654  -4.967  -87.201  -4.271 0.6000000238
1422  -8.502  -83.917  -7.579 0.4000000060
2170  -8.791  -82.831  -6.898 0.4000000060
463  -2.871  -87.557  -3.673 0.6000000238
643  -3.647  -86.964  -4.485 0.6000000238
194  -4.863  -90.712  -5.628 0.6999999881
113253  -8.030  -84.689  -7.463 0.5000000000
124748  -3.077  -88.613  -2.302 0.5000000000
453  -2.670  -88.619  -2.945 0.6000000238
113436  -7.538  -87.280  -7.408 0.6000000238
109570  -9.089  -86.093  -8.291 0.6000000238
494  -3.317  -87.997  -6.835 0.6000000238
334  -3.838  -88.731  -7.406 0.6999999881
341  -4.542  -89.836  -7.536 0.6000000238
686  -11.413  -87.681  -8.710 0.5000000000
687  -12.362  -87.438  -8.661 0.5000000000
516  -11.446  -87.683  -9.809 0.6999999881
707  -12.272  -87.507  -9.756 0.6999999881
725  -7.260  -87.377  -11.756 0.6000000238
929  -11.205  -86.786  -10.602 0.6999999881
943  -8.419  -86.844  -11.504 0.6999999881
944  -9.236  -86.616  -11.094 0.6000000238
108053  -1.754  -82.346  13.396 0.3000000119
1943  -3.568  -82.441  13.033 0.3000000119
1942  -2.489  -82.167  13.102 0.4000000060
1944  -4.512  -83.241  12.602 0.4000000060
123329  -5.142  -83.868  12.348 0.4000000060
2348  -3.196  -81.707  11.733 0.5000000000
1955  -4.697  -83.527  11.835 0.5000000000
2358  -4.040  -82.294  11.445 0.5000000000
1575  -7.153  -84.445  10.700 0.4000000060
1980  -7.559  -83.151  8.883 0.4000000060
3304  1.593  -79.627  2.899 0.8999999762
2782  -3.901  -80.910  10.067 0.5000000000
1601  -7.454  -84.107  7.135 0.5000000000
1998  -7.272  -83.179  6.375 0.4000000060
2057  5.353  -82.664  1.579 0.8999999762
2461  4.689  -81.815  1.642 0.8999999762
3245  -1.709  -79.548  7.406 0.6000000238
1610  -7.003  -84.313  6.434 0.5000000000
2472  5.355  -82.676  0.618 0.8999999762
2910  3.522  -80.553  0.843 1.0000000000
127675  -3.351  -79.652  8.298 0.6000000238
3248  -4.181  -79.796  8.187 0.6000000238
2387  -5.322  -81.603  8.368 0.6000000238
1299  -5.932  -84.690  6.787 0.6000000238
1609  -5.300  -83.639  7.356 0.6000000238
118215  -4.710  -82.737  2.930 0.3000000119
2483  4.647  -81.863  -0.121 0.8000000119
1638  -4.057  -83.848  3.615 0.3000000119
1670  5.969  -83.039  0.325 0.8999999762
112616  -4.142  -83.305  2.716 0.3000000119
2110  5.564  -83.338  -1.645 0.6999999881
781  -1.480  -86.988  5.031 0.6999999881
384  2.862  -88.613  6.499 1.0000000000
537  -1.334  -87.805  7.715 0.6999999881
559  4.710  -88.115  3.669 0.5000000000
547  4.630  -88.061  4.502 0.6000000238
538  4.451  -88.418  5.391 0.8999999762
527  0.148  -87.996  8.875 0.8999999762
382  -1.024  -88.598  8.268 0.8000000119
561  4.130  -87.325  4.012 0.6999999881
242  0.253  -88.917  8.496 0.8999999762
246  -0.484  -89.067  8.377 0.8000000119
409  -7.444  -88.912  4.431 0.6000000238
281  -4.521  -89.560  0.687 0.8000000119
413  -6.985  -88.565  3.495 0.6999999881
426  -4.822  -88.574  0.321 0.8000000119
438  -4.521  -88.169  -0.379 0.8000000119
2160  -8.779  -82.782  -6.220 0.3000000119
446  -3.973  -88.340  -1.079 0.6999999881
115953  -4.431  -86.871  -4.173 0.6999999881
297  -3.312  -89.266  -1.565 0.5000000000
113701  -3.535  -87.833  -2.036 0.6000000238
632  -3.879  -86.910  -2.769 0.6999999881
464  -3.556  -86.972  -3.509 0.6000000238
651  -2.961  -87.304  -5.302 0.6000000238
652  -3.636  -87.321  -5.440 0.6999999881
495  -3.997  -88.257  -6.512 0.6999999881
335  -4.489  -89.643  -6.509 0.8000000119
201  -5.085  -90.352  -7.125 0.8000000119
212  -5.906  -89.909  -7.617 0.6999999881
110315  -7.974  -88.235  -7.874 0.6000000238
353  -7.638  -88.474  -8.631 0.8999999762
1157  -11.768  -86.436  -8.331 0.5000000000
221  -6.395  -89.480  -8.135 0.8999999762
506  -9.554  -88.120  -9.037 0.6999999881
110528  -9.887  -87.870  -9.594 0.8000000119
515  -10.648  -87.773  -9.787 0.8000000119
370  -6.334  -88.636  -10.316 0.5000000000
951  -7.066  -86.717  -12.289 0.6000000238
1182  -8.414  -86.194  -11.647 0.5000000000
1183  -9.722  -86.049  -10.951 0.6000000238
125219  -10.643  -85.948  -10.803 0.6999999881
120939  -8.953  -84.595  -10.773 0.6000000238
1172  -9.322  -85.382  -10.889 0.6000000238
128142  -10.079  -85.345  -10.785 0.6000000238
1803  -11.236  -82.901  -10.626 0.6000000238
118994  -0.861  -82.714  13.050 0.3000000119
107034  -4.437  -82.993  13.279 0.3000000119
2357  -2.284  -81.514  11.881 0.5000000000
1954  -3.873  -82.513  12.271 0.5000000000
1565  -6.261  -84.280  12.003 0.4000000060
1559  -6.307  -83.787  12.524 0.4000000060
2370  -7.011  -81.747  10.359 0.3000000119
2366  -1.777  -81.162  11.172 0.6000000238
2367  -2.692  -81.134  11.037 0.5000000000
1572  -5.423  -84.217  11.138 0.5000000000
2368  -3.510  -81.362  10.862 0.5000000000
2388  -7.440  -81.860  8.395 0.4000000060
109065  -7.588  -83.267  7.894 0.5000000000
2802  -1.793  -79.872  8.406 0.6000000238
2794  -2.834  -80.285  9.523 0.6000000238
2829  -5.079  -80.365  7.129 0.6999999881
2402  -4.874  -81.446  6.696 0.6999999881
2819  -4.827  -79.994  7.568 0.6000000238
3317  1.078  -79.565  2.529 0.8999999762
113084  -0.455  -79.143  3.061 0.8999999762
3330  1.411  -79.805  1.777 0.8999999762
2875  -0.362  -80.324  2.027 0.8999999762
2911  2.766  -80.551  0.686 1.0000000000
1030  -2.840  -85.874  5.850 0.6999999881
2089  3.983  -82.195  -1.017 0.8000000119
2484  4.032  -81.659  -0.393 0.8000000119
2912  2.013  -80.713  0.706 1.0000000000
2463  0.694  -81.172  1.283 0.8000000119
539  3.963  -88.062  5.821 1.0000000000
774  -1.734  -87.177  7.295 0.6999999881
2067  2.288  -82.317  -0.324 0.8000000119
1649  1.594  -83.439  1.390 0.8999999762
778  -2.165  -86.551  6.419 0.8000000119
1648  2.092  -83.837  1.068 0.8999999762
560  4.504  -87.558  3.439 0.6000000238
540  2.700  -87.856  6.257 1.0000000000
535  1.783  -87.716  7.118 1.0000000000
110680  1.280  -87.855  7.908 0.8999999762
113513  -1.167  -88.259  8.122 0.6999999881
530  0.995  -88.245  8.244 0.8999999762
796  -6.465  -86.467  4.041 0.5000000000
120501  2.765  -86.645  3.664 0.8999999762
107574  2.200  -86.968  4.306 1.0000000000
379  2.108  -88.477  7.074 0.8999999762
580  -6.746  -87.408  1.510 0.6999999881
427  -5.493  -87.793  0.683 0.6999999881
109298  -5.973  -87.886  1.493 0.6999999881
447  -4.761  -87.234  -1.061 0.8000000119
122055  -4.823  -86.530  -2.726 0.6999999881
644  -4.973  -86.671  -3.520 0.6999999881
476  -5.132  -88.412  -4.441 0.6999999881
121710  -5.164  -86.555  -1.855 0.8000000119
898  -8.148  -86.413  -7.772 0.6000000238
329  -4.447  -88.809  -5.773 0.6000000238
678  -6.968  -88.046  -6.843 0.6000000238
498  -7.322  -88.798  -7.609 0.6000000238
200  -4.926  -90.549  -6.485 0.6999999881
213  -6.496  -89.535  -7.608 0.6999999881
222  -7.004  -88.995  -8.099 0.6999999881
685  -10.428  -87.761  -8.506 0.5000000000
908  -11.087  -87.151  -8.357 0.5000000000
115974  -4.633  -90.112  -5.454 0.6999999881
188  -4.919  -90.769  -4.794 0.6999999881
347  -7.601  -88.555  -8.132 0.6999999881
505  -9.058  -88.029  -9.414 0.8999999762
508  -11.086  -87.812  -9.288 0.5000000000
719  -9.884  -87.261  -10.545 0.8000000119
514  -9.293  -87.830  -10.068 0.8000000119
1181  -7.686  -85.767  -11.829 0.6000000238
931  -12.728  -86.933  -10.234 0.6999999881
1171  -8.484  -85.483  -11.112 0.5000000000
119757  -12.636  -84.943  -10.497 0.6000000238
1455  -13.952  -84.917  -10.784 0.6000000238
1802  -10.145  -82.724  -10.671 0.6000000238
2215  -11.692  -82.632  -10.858 0.6000000238
109752  -10.767  -82.342  -10.884 0.6000000238
2602  -10.114  -81.833  -11.235 0.6000000238
122984  -11.042  -83.005  -12.683 0.6000000238
120912  5.928  -82.379  4.387 0.8000000119
114427  -1.140  -81.058  10.586 0.6000000238
2780  -2.121  -80.628  10.273 0.6000000238
3269  -3.722  -78.961  5.917 0.6999999881
1647  6.525  -83.009  1.058 0.8999999762
3267  -1.117  -79.493  6.434 0.6000000238
2413  -4.377  -80.768  6.089 0.6999999881
2852  0.417  -79.798  4.218 0.6999999881
3684  -3.227  -78.829  5.234 0.6999999881
2401  -4.236  -81.824  6.436 0.6999999881
3689  -2.027  -78.687  4.318 0.6999999881
2836  -3.858  -80.121  5.258 0.6999999881
2056  6.073  -83.112  1.385 0.8999999762
3329  2.383  -79.749  1.892 0.8999999762
2440  -2.473  -80.384  3.733 0.8999999762
2009  -3.345  -82.107  6.320 0.6999999881
1995  -3.974  -82.945  6.960 0.6999999881
1607  -3.772  -83.945  7.286 0.6999999881
1669  6.703  -83.073  0.022 0.6000000238
2464  -0.071  -81.116  1.660 0.8000000119
2453  -0.801  -81.077  2.191 0.8999999762
1994  -2.921  -83.000  7.105 0.6999999881
1297  -2.879  -84.014  7.596 0.6999999881
1289  -2.473  -84.524  7.839 0.6999999881
2475  1.568  -81.268  0.705 0.8000000119
775  -2.250  -86.073  7.831 0.8000000119
2485  3.214  -81.851  -0.653 0.8000000119
2068  1.678  -82.075  0.414 0.8000000119
1650  0.883  -82.954  1.666 0.8999999762
1026  -2.823  -85.671  7.207 0.8000000119
770  -1.311  -86.673  8.323 0.8000000119
767  -0.898  -87.456  8.553 0.8000000119
2090  3.517  -82.716  -1.278 0.8000000119
112091  3.070  -85.810  2.354 0.8999999762
549  3.170  -87.564  5.306 1.0000000000
534  2.483  -88.308  6.874 1.0000000000
531  0.519  -87.557  8.357 0.8999999762
766  -0.342  -87.413  8.657 0.8999999762
1329  2.557  -84.589  1.209 0.8999999762
541  1.622  -87.234  5.889 1.0000000000
772  1.118  -86.995  6.590 1.0000000000
1045  2.306  -85.442  2.472 1.0000000000
780  1.388  -86.829  4.833 1.0000000000
828  -6.911  -86.639  0.001 0.6999999881
1034  2.011  -85.862  2.979 1.0000000000
128173  -5.414  -86.538  -2.319 0.8000000119
465  -5.534  -88.120  -3.744 0.6999999881
321  -4.787  -89.684  -4.759 0.6999999881
897  -7.236  -86.360  -7.093 0.6000000238
189  -5.171  -90.651  -3.980 0.6999999881
105  -5.257  -90.656  -6.361 0.6000000238
119344  -6.944  -89.078  -7.686 0.6999999881
342  -7.363  -88.774  -7.859 0.6000000238
125532  -6.248  -91.099  -4.853 0.6000000238
90  -5.133  -91.018  -5.102 0.6999999881
709  -14.063  -86.928  -9.722 0.6999999881
927  -6.127  -86.008  -11.677 0.6000000238
1174  -11.706  -85.714  -10.628 0.6999999881
1453  -12.398  -83.908  -10.574 0.6000000238
2601  -9.283  -81.210  -10.918 0.5000000000
2231  -10.254  -81.924  -12.333 0.6000000238
1941  -0.024  -83.046  12.562 0.4000000060
2356  -1.338  -81.687  11.859 0.5000000000
113520  5.276  -79.556  5.475 0.8000000119
2818  -0.941  -80.099  8.012 0.6000000238
2837  -4.378  -79.795  6.005 0.6999999881
2827  -0.288  -80.199  6.659 0.6000000238
2834  0.428  -80.412  5.248 0.6000000238
3291  -1.613  -78.750  4.839 0.6999999881
3278  -3.812  -79.379  5.491 0.6999999881
2863  1.293  -79.975  3.714 0.6999999881
3308  -2.218  -79.399  3.545 0.8999999762
2412  -3.688  -81.184  5.754 0.6999999881
2451  4.397  -81.465  2.143 1.0000000000
3315  2.473  -79.842  2.600 1.0000000000
2864  -1.847  -80.122  2.949 0.8999999762
2411  -2.922  -81.589  5.462 0.6999999881
2008  -2.513  -82.344  6.050 0.6999999881
1620  -2.036  -82.916  6.625 0.6999999881
2058  1.105  -81.934  1.132 0.8000000119
2059  0.379  -82.036  1.655 0.8000000119
1599  -2.207  -84.011  7.774 0.6999999881
769  -0.824  -86.714  8.476 0.8000000119
123288  2.824  -82.650  -0.936 0.8000000119
1319  1.557  -84.790  2.383 1.0000000000
1035  1.407  -85.867  3.263 1.0000000000
773  0.490  -86.254  6.934 0.8000000119
776  0.903  -86.576  5.661 1.0000000000
195  -6.536  -90.538  -5.217 0.6000000238
2207  7.042  -83.110  -10.094 0.6000000238
117302  6.719  -83.846  -10.690 0.5000000000
1818  6.495  -83.327  -11.870 0.6999999881
1807  6.471  -84.786  -11.187 0.5000000000
1170  -6.942  -85.543  -11.501 0.6000000238
1454  -13.292  -84.335  -10.757 0.6000000238
1461  -13.186  -83.835  -11.139 0.6000000238
2223  -11.149  -82.239  -11.253 0.5000000000
3045  -9.090  -80.317  -11.475 0.5000000000
3490  -9.016  -79.882  -11.993 0.5000000000
2615  -9.782  -81.303  -12.255 0.5000000000
112230  -8.677  -81.192  -13.764 0.5000000000
2355  -0.542  -82.044  11.577 0.5000000000
2364  0.168  -82.081  10.309 0.6000000238
110330  5.530  -79.799  6.576 0.8000000119
2849  5.782  -81.236  4.656 0.8000000119
110796  5.216  -82.946  4.958 0.8000000119
2376  0.174  -81.627  9.480 0.6000000238
2424  6.512  -81.759  3.909 0.8000000119
2018  5.759  -83.050  4.106 0.8000000119
2385  0.311  -81.199  8.083 0.6000000238
1978  0.690  -81.977  8.659 0.6000000238
2017  6.337  -82.608  3.621 0.8000000119
2826  0.334  -80.868  6.704 0.6000000238
1986  0.837  -81.871  7.640 0.6000000238
2047  6.493  -82.866  2.705 0.8000000119
2034  5.388  -83.179  3.767 0.8000000119
2428  1.681  -81.500  4.735 0.8000000119
2400  0.944  -81.681  6.686 0.6000000238
2854  -3.144  -80.177  4.480 0.6999999881
2049  5.113  -82.595  2.373 1.0000000000
2035  4.445  -82.881  3.890 0.8999999762
2850  1.922  -80.802  4.055 0.8000000119
2851  1.108  -80.658  4.538 0.6999999881
2436  4.627  -82.441  3.043 1.0000000000
2438  2.805  -81.010  3.560 0.8000000119
2429  -2.738  -81.107  4.573 0.6999999881
109664  -1.112  -81.931  2.679 0.8999999762
123596  -1.640  -81.791  3.373 0.8999999762
123894  -2.154  -81.497  4.016 0.8000000119
2023  -2.288  -81.972  4.972 0.8000000119
2007  -1.801  -82.625  5.515 0.6999999881
2022  -1.637  -82.421  4.347 0.8999999762
1288  -2.039  -84.751  8.060 0.8000000119
2050  0.034  -82.889  2.141 0.8999999762
2036  -0.654  -82.799  2.694 0.8000000119
126376  -1.321  -83.039  5.025 0.8000000119
1642  0.501  -83.581  2.256 0.8999999762
1636  -0.704  -83.449  3.371 0.8999999762
123539  -0.655  -83.873  4.068 0.8999999762
125762  -0.135  -85.155  5.921 0.8999999762
1305  -1.030  -83.988  6.578 0.8000000119
1295  -1.249  -84.585  7.649 0.8000000119
1287  -1.574  -85.242  8.145 0.8000000119
1025  -0.802  -85.224  7.726 0.8000000119
1321  0.533  -84.446  2.680 0.8999999762
1314  0.356  -85.080  3.265 0.8999999762
1028  0.343  -85.764  5.756 0.8999999762
768  0.023  -86.629  8.191 0.8000000119
1046  1.627  -85.462  2.788 1.0000000000
1320  0.964  -85.290  2.937 1.0000000000
790  0.736  -85.705  3.603 1.0000000000
115517  0.644  -86.030  4.587 1.0000000000
114552  -0.105  -85.449  6.805 0.8000000119
330  -6.856  -89.674  -5.141 0.6000000238
2989  7.721  -80.803  -7.273 0.6000000238
3425  6.989  -80.104  -8.136 0.6000000238
91  -6.154  -91.213  -4.220 0.6000000238
121763  6.918  -82.000  -10.458 0.6000000238
2571  7.199  -82.454  -7.706 0.6000000238
109521  6.659  -79.403  -8.228 0.6999999881
2604  6.670  -81.551  -11.304 0.6999999881
125547  6.762  -82.550  -11.118 0.6999999881
108638  6.403  -80.676  -11.879 0.6999999881
118826  6.540  -77.873  -8.377 0.6999999881
125279  4.914  -79.707  -9.278 0.6999999881
2226  6.339  -82.558  -12.697 0.8000000119
2634  5.819  -80.866  -14.291 0.6999999881
4177  5.288  -77.946  -7.851 0.6999999881
2227  6.175  -83.431  -12.880 0.8000000119
1192  5.425  -85.672  -13.641 0.5000000000
735  -15.129  -86.736  -13.844 0.5000000000
965  -15.176  -86.623  -13.200 0.5000000000
3427  4.438  -78.491  -7.799 0.6000000238
1831  5.879  -84.337  -13.102 0.8000000119
746  -12.214  -87.128  -14.307 0.5000000000
733  -12.534  -86.972  -13.717 0.5000000000
1198  -12.792  -85.779  -13.034 0.6000000238
1189  -13.472  -85.038  -12.380 0.6000000238
1471  5.718  -85.157  -13.162 0.6000000238
962  -11.225  -86.416  -13.747 0.5000000000
1197  -11.851  -85.578  -13.331 0.5000000000
1467  -12.267  -83.798  -12.458 0.6000000238
1826  -11.860  -82.953  -12.138 0.6000000238
4638  1.681  -76.659  -7.029 0.6000000238
958  3.609  -87.449  -12.908 0.5000000000
969  3.784  -87.342  -14.181 0.6000000238
1212  -10.351  -86.231  -13.947 0.5000000000
2232  -11.988  -82.689  -11.278 0.6000000238
112025  1.114  -76.348  -7.870 0.6000000238
1202  4.933  -86.142  -14.244 0.6000000238
2244  -10.308  -82.634  -12.883 0.6000000238
2243  -9.474  -81.925  -13.164 0.5000000000
2242  -8.565  -82.408  -14.107 0.6000000238
1837  -9.320  -83.280  -13.652 0.6000000238
2648  -7.562  -81.909  -15.610 0.6999999881
1933  0.001  -83.221  13.361 0.3000000119
1556  0.566  -83.432  11.992 0.4000000060
1951  0.504  -83.190  11.403 0.4000000060
1571  0.683  -83.104  10.568 0.6000000238
125697  1.136  -83.382  9.819 0.6000000238
108730  1.248  -81.811  5.852 0.6999999881
1985  1.491  -82.680  7.087 0.6000000238
112780  5.586  -83.039  3.095 0.8999999762
2426  3.452  -82.315  4.069 0.8000000119
2437  3.711  -81.738  3.310 0.8999999762
2427  2.500  -81.807  4.355 0.8000000119
2037  -1.188  -82.632  3.394 0.8999999762
1629  -1.056  -83.188  4.198 0.8999999762
1619  -1.376  -83.238  6.007 0.6999999881
1618  -0.809  -83.721  5.125 0.8999999762
116014  -0.441  -84.563  5.594 0.8999999762
1311  -0.346  -84.540  4.465 0.8999999762
1029  -0.557  -84.767  6.743 0.8000000119
1310  0.141  -85.228  3.970 0.8999999762
1032  0.069  -85.205  4.994 0.8999999762
3015  6.295  -80.661  -9.158 0.6000000238
3001  5.733  -80.072  -8.860 0.6000000238
2582  7.193  -82.159  -8.691 0.6000000238
2594  6.878  -81.628  -9.783 0.6000000238
115658  5.692  -79.950  -14.084 0.6999999881
3083  5.731  -80.253  -15.126 0.6000000238
3049  6.253  -80.972  -12.716 0.6999999881
3084  5.635  -80.699  -16.224 0.6000000238
2621  6.196  -81.773  -13.046 0.6999999881
3071  5.748  -81.028  -15.322 0.6999999881
4166  5.024  -77.242  -7.743 0.6999999881
4178  4.160  -77.717  -7.481 0.6000000238
2248  5.648  -82.569  -14.511 0.6999999881
1496  5.066  -84.130  -15.220 0.8000000119
964  -13.539  -86.888  -13.445 0.5000000000
1482  5.523  -84.493  -14.084 0.8000000119
732  -11.619  -86.972  -13.910 0.5000000000
1203  4.378  -86.588  -14.840 0.8000000119
751  0.700  -87.763  -14.925 0.6000000238
121724  -9.422  -86.630  -15.061 0.6000000238
1196  -10.944  -85.406  -13.574 0.5000000000
1477  -11.624  -84.586  -13.136 0.5000000000
1839  -11.326  -83.733  -12.924 0.6000000238
970  3.012  -87.547  -14.679 0.8000000119
975  -9.555  -86.052  -14.334 0.5000000000
1492  -10.032  -85.087  -13.740 0.5000000000
1476  -9.477  -84.321  -13.737 0.5000000000
1863  -7.637  -83.691  -15.997 0.6000000238
752  -0.561  -87.763  -14.634 0.5000000000
984  -1.881  -87.677  -15.052 0.5000000000
3091  -6.567  -79.976  -15.795 0.6000000238
3107  -6.851  -80.796  -16.105 0.6000000238
3266  6.091  -78.910  7.262 0.8000000119
1550  0.981  -83.471  13.374 0.3000000119
1563  1.136  -83.770  11.315 0.4000000060
1555  1.181  -83.717  12.149 0.4000000060
1581  1.656  -84.034  9.529 0.6000000238
2832  5.115  -80.487  5.457 0.8000000119
2425  5.249  -81.812  5.450 0.8000000119
107181  1.769  -83.481  7.867 0.6000000238
118664  1.204  -82.621  8.010 0.6000000238
2019  5.117  -83.269  4.462 0.8000000119
2020  4.247  -83.261  4.627 0.8000000119
2399  1.483  -82.370  6.290 0.8000000119
2409  2.195  -82.370  5.041 0.8000000119
2006  1.832  -82.524  5.683 0.8000000119
3014  6.787  -81.417  -9.011 0.6000000238
3437  5.467  -79.572  -8.441 0.6000000238
121476  5.897  -79.581  -12.153 0.6999999881
3462  5.065  -79.362  -10.234 0.6999999881
3037  6.575  -81.046  -10.852 0.6999999881
121695  6.061  -80.243  -12.596 0.6999999881
3495  5.441  -79.244  -13.821 0.6000000238
3790  5.826  -78.618  -8.218 0.6999999881
3791  3.607  -78.126  -7.628 0.6999999881
108880  5.425  -80.700  -17.241 0.6000000238
3800  3.064  -78.085  -7.887 0.6999999881
2622  5.858  -81.739  -13.910 0.6999999881
2643  5.523  -81.712  -16.054 0.6999999881
123658  4.365  -84.209  -16.445 0.8000000119
2274  3.649  -82.898  -17.121 0.6999999881
4179  3.059  -77.534  -7.356 0.6999999881
1516  2.965  -83.931  -17.223 0.6999999881
1878  2.208  -83.759  -17.273 0.6999999881
1498  4.227  -85.040  -16.206 0.6999999881
1226  3.585  -85.321  -16.588 0.6999999881
979  3.777  -86.919  -15.356 0.8000000119
1217  3.390  -86.255  -16.136 0.8000000119
987  -8.637  -86.231  -15.682 0.6000000238
129336  1.798  -87.199  -15.836 0.8000000119
982  0.089  -87.539  -15.491 0.6000000238
995  -2.432  -87.149  -15.986 0.6000000238
1232  -8.095  -85.954  -16.257 0.5000000000
109668  -8.829  -84.276  -14.075 0.5000000000
981  1.058  -87.363  -15.798 0.6000000238
994  -1.453  -87.087  -16.257 0.6000000238
120443  -7.317  -83.272  -16.734 0.5000000000
1864  -8.012  -83.671  -15.064 0.6999999881
2663  -7.154  -81.615  -16.266 0.6000000238
1240  -3.476  -85.690  -17.505 0.4000000060
3124  -6.040  -81.112  -17.329 0.5000000000
113458  -4.788  -80.626  -17.249 0.5000000000
3673  5.764  -77.782  7.624 0.8000000119
1553  2.313  -83.040  12.957 0.5000000000
1554  1.772  -83.549  12.517 0.4000000060
1562  1.854  -83.916  11.689 0.5000000000
1265  2.608  -84.238  10.429 0.5000000000
2398  5.006  -81.691  6.659 0.8000000119
1272  2.164  -84.478  9.384 0.6000000238
3288  5.586  -79.967  4.558 0.8000000119
1280  2.701  -84.665  9.006 0.6000000238
2848  6.302  -80.833  4.051 0.8000000119
2002  4.942  -82.535  5.835 0.8000000119
2003  4.647  -83.221  5.800 0.8000000119
1597  3.036  -84.224  7.242 0.6999999881
109129  2.474  -84.116  7.769 0.6000000238
112904  4.752  -83.369  5.049 0.8000000119
1606  2.888  -83.832  6.428 0.6999999881
1598  2.262  -83.666  7.046 0.6000000238
2021  3.176  -82.856  4.816 0.8000000119
3834  5.242  -78.487  -11.809 0.6999999881
3461  5.718  -79.648  -10.781 0.6999999881
3472  6.054  -80.065  -11.291 0.6999999881
3845  5.513  -79.032  -12.748 0.6999999881
3855  4.742  -78.447  -14.461 0.6000000238
3822  5.323  -78.775  -11.255 0.6999999881
3521  5.615  -78.910  -15.844 0.6000000238
3811  4.286  -79.011  -9.551 0.6999999881
3506  5.556  -79.424  -14.938 0.6000000238
120194  5.666  -79.734  -15.957 0.6000000238
3553  5.253  -79.487  -17.936 0.6000000238
3438  4.422  -79.062  -8.148 0.6999999881
3823  4.689  -78.488  -10.797 0.6999999881
2670  4.524  -81.637  -17.645 0.6999999881
3118  4.356  -81.191  -17.717 0.6000000238
2273  4.318  -82.329  -17.412 0.6000000238
2671  4.152  -82.071  -17.446 0.6000000238
124686  5.406  -82.863  -15.360 0.8000000119
118543  2.970  -83.483  -17.062 0.6999999881
1879  1.528  -83.509  -17.575 0.6999999881
1517  2.232  -84.294  -17.374 0.6999999881
1526  0.766  -83.781  -18.825 0.6999999881
124864  2.380  -85.006  -17.265 0.6999999881
998  -8.662  -86.139  -16.518 0.4000000060
992  1.555  -86.559  -16.521 0.6999999881
1527  0.129  -84.178  -18.871 0.6999999881
1241  -7.445  -85.605  -17.657 0.5000000000
1231  -7.655  -85.627  -16.814 0.5000000000
1511  -7.577  -84.803  -16.376 0.5000000000
1502  -7.916  -84.727  -15.448 0.6000000238
1872  -7.343  -84.116  -16.734 0.5000000000
1002  -1.059  -86.289  -17.269 0.6999999881
2278  -2.708  -83.757  -18.338 0.4000000060
2281  -7.156  -82.898  -17.317 0.5000000000
128838  -7.243  -82.679  -16.830 0.6999999881
2260  -7.793  -82.810  -15.423 0.6999999881
3123  -5.176  -80.956  -18.033 0.4000000060
2280  -7.002  -82.365  -17.926 0.5000000000
2676  -6.611  -81.647  -17.633 0.5000000000
3136  -5.797  -80.599  -18.903 0.4000000060
1940  2.809  -82.189  13.167 0.4000000060
3680  6.082  -78.133  6.723 0.8000000119
122986  5.874  -79.122  7.619 0.8000000119
1561  2.563  -83.590  11.619 0.5000000000
2353  3.139  -81.531  11.946 0.4000000060
1939  3.018  -82.220  12.318 0.4000000060
120249  3.234  -82.332  11.523 0.4000000060
1569  3.401  -83.554  10.322 0.5000000000
2392  5.116  -81.165  7.489 0.8000000119
3242  5.011  -80.073  7.978 0.6000000238
2408  4.945  -80.825  6.212 0.8000000119
1580  3.540  -84.008  9.365 0.6000000238
1991  4.901  -82.126  7.310 0.8000000119
1588  4.201  -83.591  7.946 0.6999999881
1589  3.623  -84.160  8.402 0.6000000238
1992  4.594  -83.112  6.774 0.8000000119
1604  4.198  -83.663  7.139 0.6999999881
2005  2.792  -83.290  5.612 0.8000000119
3854  4.973  -78.711  -13.378 0.6000000238
4709  4.581  -76.511  -15.912 0.5000000000
3835  4.804  -78.134  -11.570 0.6999999881
4228  4.663  -78.090  -12.498 0.6999999881
4261  4.791  -77.277  -15.772 0.6000000238
3875  5.418  -78.324  -15.865 0.6000000238
4223  4.292  -77.452  -11.645 0.6999999881
3824  3.936  -78.081  -10.368 0.6999999881
2656  3.830  -81.681  -17.347 0.5000000000
4201  3.241  -77.448  -10.043 0.6999999881
3132  4.451  -80.266  -18.146 0.5000000000
2672  3.425  -82.647  -17.072 0.6000000238
2268  1.013  -82.185  -16.748 0.4000000060
2257  5.325  -82.603  -16.176 0.6999999881
2669  4.993  -81.391  -17.659 0.6999999881
4188  2.403  -77.500  -7.891 0.6999999881
4649  2.068  -77.015  -8.707 0.6000000238
2265  5.161  -82.193  -17.128 0.6999999881
1869  4.947  -83.007  -16.737 0.8000000119
126011  1.533  -82.758  -17.062 0.6000000238
2685  1.081  -82.343  -19.009 0.6000000238
4167  3.880  -76.880  -7.181 0.6999999881
1859  4.816  -83.787  -16.214 0.8000000119
2276  1.508  -83.249  -17.681 0.6999999881
1497  4.712  -84.636  -15.692 0.8000000119
1508  2.992  -84.693  -17.124 0.6999999881
1885  1.164  -83.329  -18.609 0.6999999881
2285  1.262  -82.923  -19.461 0.6999999881
3149  1.481  -80.277  -20.785 0.5000000000
991  2.474  -86.557  -16.264 0.6999999881
118717  1.384  -83.950  -17.888 0.6999999881
2295  1.239  -82.903  -20.078 0.6999999881
3574  1.406  -80.035  -21.266 0.5000000000
1228  1.156  -85.869  -17.334 0.6999999881
1235  1.558  -84.884  -17.623 0.6999999881
1518  0.748  -84.450  -18.253 0.6999999881
1891  0.552  -83.286  -20.049 0.6999999881
2304  0.613  -82.408  -20.946 0.6999999881
993  0.611  -86.707  -16.604 0.5000000000
1243  -0.167  -84.903  -18.304 0.6999999881
3584  -0.362  -79.361  -22.060 0.6000000238
3930  -1.152  -78.440  -22.342 0.6000000238
1521  -6.915  -84.407  -18.134 0.5000000000
1238  -1.671  -85.749  -17.849 0.5000000000
116851  -2.579  -85.254  -18.153 0.6000000238
2279  -2.736  -82.489  -18.385 0.5000000000
3151  -2.161  -80.070  -20.612 0.5000000000
124532  -3.952  -80.013  -19.592 0.4000000060
2699  -6.525  -81.570  -19.506 0.5000000000
1887  -6.694  -83.889  -18.739 0.4000000060
2688  -3.142  -81.617  -18.600 0.4000000060
112199  -3.759  -80.946  -18.919 0.4000000060
2707  -5.935  -80.227  -20.381 0.5000000000
112856  -6.291  -81.341  -18.230 0.5000000000
3145  -5.598  -79.693  -20.204 0.5000000000
1880  -3.589  -83.943  -17.378 0.6000000238
124764  5.709  -77.011  7.434 0.8000000119
4054  5.411  -77.279  7.672 0.6999999881
2765  2.359  -80.483  13.226 0.3000000119
128726  6.071  -78.174  7.426 0.8000000119
108506  5.764  -78.644  7.672 0.8000000119
3208  2.319  -80.237  12.161 0.4000000060
3682  5.775  -78.073  5.498 0.8000000119
2771  3.042  -80.956  11.451 0.4000000060
3227  1.922  -79.638  10.897 0.4000000060
115418  5.427  -78.878  4.932 0.8000000119
2825  5.411  -80.577  7.215 0.8000000119
3243  4.324  -80.026  8.372 0.4000000060
2363  3.354  -81.661  11.018 0.4000000060
2777  3.327  -81.036  10.548 0.4000000060
2778  2.514  -80.062  10.524 0.4000000060
122707  6.256  -79.138  3.096 0.6999999881
2393  4.951  -81.295  7.856 0.8000000119
1967  4.306  -82.249  9.067 0.6999999881
2375  3.795  -81.803  9.983 0.4000000060
1975  4.517  -82.628  8.284 0.6999999881
1984  4.596  -82.898  7.570 0.6999999881
4231  4.306  -78.097  -13.619 0.6000000238
4244  4.437  -77.832  -14.846 0.6000000238
117495  4.403  -77.497  -12.055 0.6999999881
4695  4.153  -77.042  -15.326 0.5000000000
4696  3.475  -76.579  -14.839 0.5000000000
5181  3.691  -75.371  -15.462 0.5000000000
4723  4.856  -76.656  -16.612 0.5000000000
3903  5.507  -78.757  -17.494 0.6000000238
3812  3.478  -78.347  -9.237 0.6999999881
4670  3.696  -76.903  -11.440 0.6999999881
4674  3.423  -76.550  -12.059 0.6000000238
5700  1.431  -74.018  -13.381 0.6000000238
6186  4.177  -73.112  -15.535 0.4000000060
3559  4.950  -79.300  -18.528 0.6000000238
125436  5.065  -77.817  -18.036 0.5000000000
4658  2.523  -76.855  -9.766 0.6000000238
2267  2.369  -82.860  -16.940 0.6000000238
2686  0.554  -81.794  -18.061 0.5000000000
3133  0.755  -81.454  -19.084 0.5000000000
1507  3.715  -84.260  -16.917 0.6999999881
1227  2.872  -85.582  -16.814 0.6999999881
3148  1.507  -80.923  -20.982 0.5000000000
1249  -6.729  -85.266  -19.144 0.5000000000
1237  -0.828  -85.514  -17.915 0.6999999881
115874  -0.214  -83.928  -19.188 0.6999999881
2313  0.252  -82.023  -21.221 0.5000000000
1895  -6.221  -84.051  -19.558 0.4000000060
1244  -1.297  -84.964  -18.469 0.6999999881
2306  -0.788  -82.667  -20.523 0.6999999881
2703  -0.382  -82.229  -20.946 0.6000000238
116002  -1.762  -78.109  -22.835 0.6000000238
3153  -5.385  -79.890  -20.972 0.5000000000
2298  -6.178  -82.974  -20.018 0.4000000060
1530  -1.907  -84.805  -18.620 0.6999999881
2697  -2.034  -81.817  -19.916 0.4000000060
3926  -3.165  -78.689  -21.686 0.5000000000
1519  -2.290  -84.586  -18.574 0.5000000000
1886  -2.034  -84.032  -19.041 0.5000000000
3143  -2.630  -80.629  -19.987 0.4000000060
3152  -3.215  -79.419  -20.359 0.4000000060
3144  -4.905  -79.274  -20.134 0.4000000060
2687  -2.357  -82.166  -19.201 0.4000000060
3577  -3.573  -78.791  -20.752 0.4000000060
115261  -5.526  -79.897  -19.593 0.4000000060
3135  -4.782  -80.640  -18.906 0.4000000060
4506  4.885  -76.722  7.619 0.6999999881
125440  6.038  -77.528  7.193 0.8000000119
3257  5.095  -79.174  7.950 0.6000000238
3220  1.162  -79.407  11.719 0.3000000119
3649  0.645  -78.969  10.992 0.3000000119
109978  5.733  -79.665  7.513 0.8000000119
3256  5.539  -79.453  7.733 0.6999999881
3237  2.113  -79.550  10.085 0.4000000060
127315  0.629  -78.783  10.399 0.3000000119
2814  5.257  -80.377  7.729 0.6999999881
2815  4.882  -80.827  8.103 0.6999999881
3660  1.691  -79.067  9.583 0.4000000060
125343  4.258  -81.254  9.052 0.6000000238
2790  3.695  -81.003  9.773 0.4000000060
3236  2.888  -79.996  9.661 0.4000000060
112973  4.766  -82.052  7.901 0.6999999881
2384  4.642  -81.584  8.373 0.6999999881
3235  3.755  -80.511  9.172 0.4000000060
3659  2.484  -79.423  9.246 0.4000000060
4245  3.797  -77.490  -14.342 0.5000000000
4232  3.766  -77.460  -13.288 0.6000000238
121601  3.309  -77.109  -13.908 0.5000000000
113848  4.336  -73.921  -15.875 0.4000000060
4669  3.871  -76.981  -11.807 0.6000000238
4679  3.207  -76.794  -13.021 0.6000000238
5182  2.928  -75.749  -14.728 0.5000000000
4722  5.082  -77.292  -17.426 0.5000000000
106883  3.116  -76.646  -10.810 0.6000000238
5165  1.621  -74.936  -13.186 0.6000000238
6674  2.442  -72.395  -13.448 0.5000000000
4752  4.077  -76.662  -18.192 0.5000000000
3908  5.151  -78.598  -18.227 0.6000000238
4622  4.346  -76.201  -7.278 0.6999999881
4659  1.819  -76.424  -9.445 0.6000000238
5151  1.217  -74.585  -12.530 0.6000000238
6167  1.174  -73.402  -12.733 0.6000000238
4637  2.690  -76.845  -6.871 0.6999999881
5673  0.850  -74.564  -11.837 0.6000000238
124227  2.300  -77.085  -7.378 0.6999999881
119978  1.547  -76.564  -8.563 0.6000000238
5122  1.158  -76.113  -8.992 0.6000000238
5123  0.456  -75.753  -8.412 0.6000000238
2695  1.315  -82.409  -19.971 0.6999999881
1538  -6.255  -84.790  -19.843 0.4000000060
114436  -0.780  -83.256  -19.850 0.6999999881
3592  0.735  -79.412  -22.109 0.5000000000
2314  -5.310  -82.848  -21.871 0.4000000060
1529  -1.464  -84.302  -18.838 0.6999999881
3585  -1.497  -79.055  -21.663 0.6000000238
2309  -6.008  -82.113  -20.409 0.4000000060
2714  -4.767  -81.320  -22.658 0.4000000060
1894  -1.493  -83.472  -19.488 0.6999999881
2296  -1.141  -82.942  -20.062 0.6999999881
3162  -0.801  -80.126  -21.498 0.5000000000
3931  -2.116  -78.439  -22.040 0.5000000000
3570  -4.926  -79.209  -20.856 0.5000000000
3576  -2.554  -78.859  -21.045 0.5000000000
3578  -4.201  -78.867  -20.796 0.5000000000
5465  4.852  -74.345  7.891 0.5000000000
4965  5.472  -75.813  7.376 0.8000000119
4055  4.729  -77.599  7.723 0.5000000000
4064  5.965  -76.783  6.832 0.8000000119
3674  5.377  -78.145  7.800 0.6999999881
3675  4.417  -78.516  7.882 0.5000000000
4056  3.600  -77.861  7.461 0.4000000060
114789  5.855  -76.625  5.659 0.6999999881
107535  5.706  -77.685  3.835 0.6000000238
3665  3.929  -79.311  8.199 0.5000000000
3676  3.270  -78.624  7.853 0.4000000060
3661  0.602  -78.593  9.775 0.3000000119
4527  5.527  -77.115  3.761 0.5000000000
3244  3.397  -79.774  8.874 0.4000000060
3666  2.898  -79.119  8.478 0.4000000060
124654  1.176  -78.846  9.740 0.3000000119
5713  3.087  -74.670  -15.140 0.5000000000
4680  2.625  -76.252  -13.364 0.6000000238
5714  2.461  -73.979  -14.651 0.4000000060
5164  2.113  -75.600  -13.432 0.6000000238
5104  4.981  -75.409  -8.056 0.6999999881
120310  2.846  -76.188  -11.882 0.6000000238
5105  3.429  -75.660  -6.656 0.6999999881
5134  2.635  -76.185  -11.049 0.6000000238
5127  1.462  -75.904  -9.960 0.6000000238
5136  0.864  -75.314  -10.385 0.6000000238
1901  -5.799  -84.105  -20.559 0.4000000060
129340  0.590  -75.944  -7.681 0.6000000238
2712  -0.173  -81.592  -21.349 0.6000000238
2715  -4.958  -81.809  -22.029 0.4000000060
1536  -1.206  -83.678  -19.348 0.6999999881
2704  -0.797  -81.870  -20.864 0.6000000238
3165  -4.820  -80.714  -21.915 0.4000000060
3586  -4.031  -79.019  -21.906 0.5000000000
3587  -4.590  -79.709  -21.721 0.5000000000
4512  4.804  -75.807  7.500 0.5000000000
4977  3.643  -75.327  6.901 0.5000000000
4511  5.724  -76.280  7.236 0.8000000119
4065  3.876  -76.954  7.163 0.4000000060
4520  5.865  -76.070  6.426 0.8000000119
4987  5.708  -75.338  5.942 0.6000000238
114133  2.659  -78.019  7.419 0.4000000060
4995  4.267  -75.278  4.168 0.6999999881
3677  2.321  -78.518  7.969 0.4000000060
3667  1.995  -78.884  8.745 0.4000000060
3668  0.261  -78.149  8.776 0.3000000119
4675  2.692  -76.224  -12.578 0.6000000238
113805  2.406  -75.103  -14.408 0.6000000238
5699  1.845  -74.548  -13.966 0.6000000238
6188  2.778  -72.866  -14.480 0.5000000000
6106  5.628  -74.007  -9.215 0.6999999881
5624  4.191  -74.770  -7.089 0.8000000119
5143  2.413  -75.970  -11.514 0.6000000238
5087  2.790  -74.826  -6.178 0.6999999881
4623  2.384  -76.214  -6.525 0.6999999881
6656  1.123  -72.620  -12.016 0.6000000238
5106  2.098  -75.554  -6.138 0.6999999881
5129  -0.086  -75.225  -9.124 0.6000000238
108420  4.020  -73.711  8.594 0.5000000000
4967  4.387  -74.820  7.495 0.5000000000
4966  5.205  -75.445  7.544 0.5000000000
118385  5.372  -75.015  7.460 0.8000000119
5464  5.178  -74.146  7.871 0.6999999881
4976  5.726  -75.586  7.016 0.6999999881
4514  2.980  -76.074  6.446 0.4000000060
4066  2.619  -77.199  6.771 0.4000000060
4524  5.565  -76.468  4.512 0.6000000238
5495  5.440  -74.587  5.500 0.6000000238
4058  0.690  -77.333  6.962 0.4000000060
109806  -0.031  -77.545  7.695 0.3000000119
4057  1.725  -77.825  7.343 0.4000000060
4048  0.869  -78.004  8.020 0.3000000119
108499  1.139  -78.597  9.006 0.3000000119
6601  6.039  -73.372  -9.421 0.5000000000
5150  2.008  -75.660  -12.347 0.6000000238
116746  5.806  -73.292  -9.347 0.6999999881
6107  4.748  -73.312  -8.566 0.8000000119
5144  1.506  -75.297  -11.727 0.6000000238
6159  0.713  -73.711  -12.079 0.6000000238
6090  3.784  -73.305  -6.831 0.8000000119
5674  0.418  -74.036  -11.402 0.6000000238
4624  1.360  -76.076  -6.529 0.6000000238
5931  4.278  -73.625  9.523 0.5000000000
5466  3.757  -74.237  7.764 0.5000000000
5456  4.777  -73.599  8.550 0.6000000238
129414  4.991  -73.353  9.011 0.6999999881
5467  2.505  -74.364  7.686 0.4000000060
5469  0.192  -74.570  7.741 0.3000000119
124388  5.213  -73.502  8.312 0.8000000119
5481  3.138  -74.679  7.015 0.4000000060
117410  2.016  -74.725  6.778 0.4000000060
5482  0.918  -74.823  6.775 0.3000000119
5959  5.500  -73.987  6.096 0.6000000238
123652  2.010  -75.704  6.185 0.4000000060
114618  1.157  -75.825  6.116 0.3000000119
4516  0.298  -76.010  6.249 0.3000000119
5960  4.973  -73.890  5.265 0.6000000238
120810  0.919  -76.563  6.338 0.3000000119
4068  0.113  -76.696  6.607 0.3000000119
116769  -0.004  -77.169  6.980 0.3000000119
122460  2.983  -67.824  -6.136 0.6999999881
6160  0.571  -72.951  -11.393 0.6000000238
8120  2.995  -68.949  -5.459 0.6999999881
6602  5.627  -72.594  -9.670 0.6000000238
8136  2.938  -69.889  -5.559 0.6000000238
6646  0.419  -72.319  -10.746 0.6000000238
5606  3.392  -74.065  -6.397 0.8000000119
7058  2.061  -71.984  -5.041 0.6000000238
5650  0.113  -74.876  -9.958 0.6000000238
5607  2.201  -74.161  -5.730 0.6999999881
6589  1.652  -72.880  -5.149 0.6000000238
6149  0.128  -73.368  -10.808 0.6000000238
6092  1.662  -73.620  -5.433 0.6000000238
5608  1.157  -74.222  -5.498 0.6000000238
6126  -0.862  -73.892  -9.480 0.6000000238
116648  -0.685  -73.150  -9.855 0.6000000238
5108  0.204  -75.451  -6.472 0.6000000238
5116  -0.055  -75.558  -7.364 0.6000000238
5124  -0.272  -75.348  -8.324 0.6000000238
5644  -1.340  -74.552  -8.020 0.6000000238
115014  -0.733  -75.099  -7.929 0.6000000238
125084  -1.365  -74.487  -6.658 0.6000000238
5457  3.231  -74.175  9.690 0.5000000000
5930  5.347  -73.042  8.755 0.6999999881
116947  5.449  -73.051  7.935 0.6999999881
5468  1.217  -74.542  7.686 0.4000000060
124378  5.479  -73.042  7.212 0.6000000238
10018  1.264  -66.768  -6.975 0.6999999881
8772  3.310  -68.724  -6.357 0.8000000119
7080  6.019  -72.300  -9.887 0.5000000000
127516  4.255  -72.326  -8.126 0.8000000119
7057  3.103  -71.784  -5.822 0.8000000119
6588  2.941  -72.638  -5.812 0.6999999881
121313  0.854  -73.531  -5.222 0.6000000238
5088  1.603  -74.887  -5.785 0.6000000238
5625  -0.588  -74.932  -6.444 0.6000000238
5924  3.801  -74.224  10.717 0.5000000000
5914  5.015  -73.519  10.866 0.6000000238
5446  3.129  -74.409  10.766 0.5000000000
5458  2.355  -74.391  9.150 0.4000000060
6419  5.382  -72.761  10.168 0.6999999881
6428  5.400  -72.504  9.186 0.6000000238
5459  1.500  -74.448  8.838 0.4000000060
6435  5.410  -72.389  8.265 0.6000000238
6445  4.831  -72.147  6.011 0.6999999881
10017  2.119  -67.023  -7.246 0.6999999881
10035  0.978  -66.594  -8.104 0.6999999881
10016  2.661  -67.613  -7.620 0.8000000119
7571  6.076  -71.658  -9.873 0.5000000000
7067  4.750  -71.889  -9.528 0.6000000238
7547  3.492  -70.561  -6.563 0.8000000119
8179  5.255  -70.623  -10.195 0.5000000000
6127  -1.376  -73.879  -8.793 0.6000000238
128664  0.358  -74.123  -5.469 0.6000000238
5627  -1.850  -74.187  -7.268 0.6000000238
5626  -1.861  -73.907  -6.414 0.6000000238
5915  4.443  -74.036  11.392 0.5000000000
119798  3.721  -74.187  11.509 0.5000000000
5916  2.789  -74.300  10.895 0.5000000000
5461  -0.199  -74.214  8.035 0.3000000119
6406  5.380  -73.045  11.258 0.6999999881
5925  1.606  -74.129  9.842 0.3000000119
7345  5.418  -71.265  10.768 0.6000000238
6890  5.341  -71.609  8.714 0.6999999881
5933  0.510  -73.888  8.777 0.3000000119
7354  5.379  -71.176  9.648 0.6000000238
6918  4.511  -71.363  6.372 0.6999999881
8149  3.841  -70.291  -8.494 0.8000000119
7559  4.012  -71.117  -8.682 0.6000000238
7055  3.940  -71.337  -7.961 0.6999999881
8121  2.374  -69.196  -4.861 0.6000000238
7056  3.744  -71.645  -7.103 0.8000000119
7046  2.211  -71.107  -4.991 0.6000000238
6578  0.957  -72.084  -4.767 0.6000000238
6093  -0.047  -73.520  -5.238 0.6000000238
6094  -0.947  -73.506  -5.491 0.6000000238
6108  -2.350  -73.389  -6.858 0.5000000000
5907  4.956  -73.674  11.875 0.5000000000
5908  4.450  -73.881  12.065 0.5000000000
6400  5.226  -72.771  12.690 0.6000000238
116693  2.664  -73.848  11.180 0.5000000000
7355  5.189  -70.516  10.095 0.6999999881
6414  1.949  -73.149  10.606 0.3000000119
6420  1.386  -73.351  9.840 0.3000000119
6421  0.764  -73.137  9.128 0.3000000119
109240  4.796  -69.734  9.963 0.6999999881
120589  4.966  -70.317  9.259 0.6999999881
6880  1.017  -72.438  9.390 0.3000000119
7356  1.375  -71.246  10.095 0.3000000119
10033  2.421  -67.252  -8.537 0.8000000119
10048  3.543  -67.479  -10.153 0.8000000119
129134  3.383  -68.673  -7.844 0.8000000119
8784  3.933  -69.793  -9.140 0.6000000238
122294  3.224  -68.373  -7.052 0.8000000119
9994  2.578  -67.357  -6.595 0.6999999881
8808  4.636  -69.727  -10.232 0.6000000238
8785  3.557  -69.122  -7.730 0.8000000119
8756  1.765  -68.540  -4.493 0.6000000238
109777  4.642  -71.335  -9.696 0.6000000238
8122  1.591  -69.487  -4.525 0.6000000238
8123  0.854  -69.775  -4.201 0.6000000238
7047  1.265  -71.278  -4.692 0.6000000238
7048  0.408  -71.402  -4.559 0.6000000238
7049  -0.314  -71.471  -4.558 0.6000000238
6592  -1.402  -72.570  -5.312 0.6000000238
6407  4.813  -73.358  12.647 0.5000000000
5910  3.379  -74.029  11.612 0.5000000000
6846  5.367  -71.940  12.794 0.6000000238
6409  3.309  -73.528  12.013 0.5000000000
7917  4.789  -69.737  11.309 0.6999999881
6408  3.902  -73.095  12.947 0.5000000000
6413  2.508  -72.854  11.340 0.5000000000
7380  5.089  -70.921  8.010 0.6999999881
6879  1.448  -72.249  9.955 0.3000000119
6903  4.867  -71.107  7.172 0.6999999881
10687  3.433  -66.382  -11.301 0.5000000000
10061  2.524  -66.556  -9.868 0.8000000119
8809  4.480  -68.720  -10.689 0.6000000238
9422  3.661  -68.221  -9.748 0.6999999881
8193  5.540  -69.756  -10.458 0.5000000000
8823  5.273  -68.909  -11.019 0.5000000000
9996  0.932  -66.739  -6.152 0.6000000238
8795  3.736  -68.927  -9.075 0.6999999881
9980  1.330  -67.253  -4.739 0.6000000238
8105  1.010  -68.822  -4.051 0.6000000238
8106  0.222  -69.192  -3.709 0.6000000238
7522  0.114  -70.112  -3.938 0.6000000238
6847  5.020  -72.563  13.514 0.6000000238
7337  5.270  -70.719  12.538 0.6000000238
7320  5.195  -71.557  13.770 0.6000000238
7321  3.954  -71.594  14.213 0.5000000000
6849  3.417  -72.005  13.074 0.5000000000
116153  1.374  -70.260  11.171 0.5000000000
7338  2.511  -71.445  12.068 0.5000000000
6868  1.945  -72.003  10.648 0.4000000060
7940  4.305  -69.823  8.030 0.5000000000
11387  3.080  -65.718  -11.871 0.8000000119
115327  2.535  -64.568  -13.217 0.8000000119
11374  0.833  -64.970  -10.268 0.6999999881
11388  1.862  -64.970  -11.799 0.8000000119
10072  4.583  -66.403  -11.833 0.5000000000
10059  5.004  -67.094  -11.597 0.6000000238
9371  0.526  -67.406  -4.447 0.6000000238
6835  4.727  -71.737  14.196 0.6000000238
7905  4.117  -69.052  11.532 0.6999999881
7885  5.104  -70.480  13.996 0.5000000000
7306  4.950  -71.196  14.514 0.6000000238
7339  1.924  -70.583  11.965 0.5000000000
8573  3.146  -68.717  8.953 0.6000000238
12107  3.192  -64.265  -13.457 0.8000000119
12120  1.508  -63.101  -14.099 0.8000000119
12825  0.723  -61.374  -14.397 0.6999999881
11399  4.169  -64.782  -13.008 0.5000000000
12108  1.350  -64.277  -12.577 0.8000000119
12805  0.337  -62.912  -13.794 0.6999999881
12806  -0.626  -62.668  -13.241 0.6000000238
11386  4.131  -65.455  -12.774 0.5000000000
10696  4.351  -65.924  -12.290 0.5000000000
10060  3.710  -66.881  -10.858 0.6000000238
8824  5.109  -68.242  -11.401 0.5000000000
7308  3.557  -70.745  14.866 0.5000000000
7904  4.804  -69.694  12.778 0.6999999881
7886  4.640  -69.454  14.211 0.6000000238
8524  3.076  -68.291  11.646 0.6999999881
7875  4.612  -70.159  15.158 0.6000000238
7301  4.020  -70.112  15.619 0.5000000000
7322  2.753  -71.031  13.352 0.5000000000
8560  2.785  -68.296  9.835 0.6000000238
7887  2.442  -70.165  14.096 0.5000000000
7907  0.672  -69.017  11.419 0.5000000000
7942  0.386  -69.823  8.881 0.3000000119
13462  2.256  -61.005  -12.395 0.6999999881
13474  1.529  -60.942  -13.675 0.8000000119
14155  0.554  -60.220  -14.113 0.8000000119
12803  3.062  -62.530  -13.336 0.6999999881
13461  3.098  -61.687  -12.263 0.6000000238
13485  1.037  -60.975  -14.314 0.8000000119
12106  3.631  -63.690  -13.306 0.6000000238
13473  2.426  -61.632  -13.390 0.8000000119
14156  -0.186  -59.969  -14.212 0.6000000238
114895  2.127  -63.928  -13.714 0.8000000119
9448  5.442  -67.657  -11.538 0.6000000238
119612  3.878  -68.741  12.863 0.6000000238
8509  3.913  -68.409  14.208 0.6999999881
8498  4.279  -69.063  15.379 0.6000000238
7870  4.058  -69.350  15.831 0.5000000000
8544  0.524  -69.040  10.613 0.4000000060
9204  2.457  -67.446  9.841 0.6000000238
124775  0.202  -68.586  10.029 0.4000000060
12786  3.710  -62.719  -12.363 0.6000000238
12807  -1.250  -61.860  -13.218 0.6000000238
8510  3.467  -67.544  14.154 0.6000000238
7876  3.184  -69.846  15.437 0.5000000000
120852  3.132  -67.940  12.754 0.6000000238
8486  3.861  -68.684  15.921 0.6000000238
8500  1.967  -68.379  15.508 0.5000000000
8511  1.281  -68.708  13.931 0.5000000000
125538  0.303  -68.430  10.921 0.5000000000
14848  -0.100  -59.743  -9.044 0.5000000000
14831  0.696  -59.058  -8.164 0.5000000000
14849  -0.978  -59.513  -9.437 0.6999999881
127503  0.256  -59.432  -12.398 0.6999999881
14865  -0.512  -59.613  -10.766 0.6999999881
14130  1.897  -60.550  -11.275 0.5000000000
14117  0.352  -60.351  -10.934 0.6000000238
14142  1.103  -60.380  -12.932 0.8000000119
14118  -0.186  -59.688  -11.414 0.6999999881
14891  0.054  -58.902  -13.193 0.6000000238
121073  0.161  -59.541  -13.761 0.8000000119
14143  -0.462  -59.434  -13.626 0.6000000238
13475  -1.217  -60.553  -13.687 0.6000000238
9180  3.179  -67.300  12.574 0.6999999881
7871  2.928  -68.967  15.975 0.5000000000
9817  3.522  -66.579  11.581 0.6000000238
9169  3.693  -66.547  14.176 0.6999999881
9156  3.394  -67.133  15.226 0.8000000119
8512  0.524  -68.125  13.105 0.5000000000
9157  1.914  -67.427  15.690 0.6000000238
8527  0.129  -67.505  12.276 0.5000000000
124849  -1.372  -59.005  -7.876 0.6000000238
14833  -1.541  -58.942  -8.642 0.6999999881
14863  1.326  -59.758  -9.410 0.5000000000
15598  -1.123  -58.894  -10.047 0.6999999881
14131  0.541  -59.867  -12.471 0.8000000119
15612  0.028  -58.340  -11.699 0.6000000238
14879  -0.116  -58.394  -12.592 0.6000000238
14892  -0.606  -58.590  -13.003 0.6000000238
8499  3.749  -68.151  15.418 0.6000000238
9781  4.311  -65.699  13.951 0.6999999881
9782  3.566  -66.255  14.775 0.8000000119
8501  1.045  -67.780  14.602 0.5000000000
9816  4.717  -65.620  12.207 0.6000000238
9768  2.259  -66.467  15.509 0.6000000238
9158  1.028  -66.891  14.881 0.5000000000
9181  -0.327  -66.975  11.654 0.5000000000
9830  -0.925  -66.529  10.276 0.5000000000
14832  -0.867  -59.365  -8.443 0.6000000238
14864  -0.437  -59.978  -10.171 0.6999999881
16413  -0.964  -58.033  -9.908 0.6000000238
16428  0.022  -57.806  -11.342 0.6000000238
15624  -0.033  -57.856  -12.459 0.6000000238
9141  2.630  -67.110  15.820 0.6000000238
9171  -0.176  -66.694  12.641 0.5000000000
11097  4.338  -64.435  13.846 0.6999999881
123002  4.019  -65.669  14.138 0.6999999881
10432  2.549  -66.070  15.131 0.6999999881
9769  1.203  -66.178  14.744 0.6000000238
9795  0.438  -66.332  13.901 0.6000000238
9818  -0.768  -66.441  11.210 0.5000000000
11109  4.053  -63.679  14.019 0.8000000119
10447  0.923  -65.569  14.179 0.6999999881
9783  0.544  -65.688  13.825 0.6000000238
127051  0.056  -66.495  13.252 0.5000000000
11806  4.294  -62.766  14.137 0.8000000119
15553  -2.300  -58.231  -6.803 0.5000000000
15589  -2.071  -58.525  -7.789 0.6999999881
114265  -2.464  -58.068  -7.426 0.6999999881
16369  -2.704  -57.110  -5.111 0.4000000060
16395  -2.744  -57.662  -6.759 0.6999999881
17190  -1.741  -57.553  -8.696 0.6999999881
15599  -1.827  -58.341  -8.730 0.6999999881
125153  -0.423  -57.044  -9.747 0.6000000238
9819  -1.215  -65.831  10.978 0.5000000000
10460  3.987  -65.276  14.047 0.8000000119
124573  1.844  -65.739  14.573 0.8000000119
10487  -1.429  -65.908  10.065 0.5000000000
11089  0.313  -65.138  13.412 0.6999999881
9796  -0.208  -65.796  13.090 0.6000000238
9808  -1.017  -65.773  11.733 0.5000000000
10497  -2.125  -65.234  8.872 0.5000000000
11807  3.221  -63.020  13.851 0.6999999881
115563  3.630  -61.093  13.493 0.6000000238
115420  2.854  -61.092  13.853 0.6000000238
113595  -2.508  -57.519  -7.651 0.6999999881
17166  -2.973  -56.805  -7.007 0.6000000238
17177  -1.873  -56.596  -8.005 0.5000000000
17189  -0.465  -56.347  -8.903 0.6000000238
18752  -4.356  -54.341  -5.645 0.5000000000
11164  -2.998  -64.511  7.834 0.4000000060
11098  3.533  -64.884  13.699 0.6999999881
124696  -0.494  -64.983  12.791 0.6000000238
10461  -0.877  -65.362  12.392 0.6000000238
11138  -2.449  -64.600  9.633 0.5000000000
11893  -3.836  -63.842  7.017 0.4000000060
11088  1.819  -65.127  13.403 0.8000000119
11127  -2.228  -64.608  10.711 0.5000000000
11151  -3.092  -64.073  8.491 0.5000000000
13173  1.575  -60.837  13.468 0.6000000238
118894  0.403  -59.902  13.114 0.6000000238
17156  -3.485  -56.426  -5.252 0.4000000060
129281  -3.865  -55.843  -5.131 0.5000000000
17996  -3.182  -55.755  -6.710 0.6000000238
18748  -4.328  -54.497  -5.031 0.5000000000
20380  -4.282  -52.655  -5.051 0.5000000000
18763  -3.852  -54.429  -6.495 0.6000000238
11841  -2.806  -63.877  10.517 0.5000000000
128454  2.940  -64.453  13.232 0.8000000119
10462  -1.074  -64.611  12.387 0.6000000238
11861  -3.396  -63.530  8.938 0.5000000000
11110  1.794  -64.316  12.341 0.8000000119
11114  -2.339  -63.993  11.548 0.6000000238
11878  -4.073  -63.184  7.446 0.4000000060
11808  1.545  -63.594  12.031 0.8000000119
11111  0.581  -64.067  11.757 0.8000000119
11112  -0.833  -63.944  12.278 0.6999999881
11793  -1.336  -64.096  12.281 0.6000000238
11824  -3.441  -63.111  10.777 0.6000000238
121575  -0.543  -60.276  12.702 0.8000000119
12501  2.438  -61.853  13.784 0.6999999881
13174  0.347  -60.118  13.174 0.6000000238
13840  -0.612  -59.795  12.801 0.6999999881
18747  -3.942  -54.870  -4.729 0.4000000060
121729  -3.470  -56.490  -6.080 0.6000000238
20363  -3.779  -53.131  -4.746 0.5000000000
19578  -4.737  -53.352  -5.729 0.5000000000
11810  -1.371  -63.456  11.821 0.8000000119
111649  -2.791  -62.622  11.475 0.6999999881
12502  1.217  -62.099  12.606 0.6999999881
12503  0.049  -61.660  11.980 0.8000000119
119799  -2.187  -61.244  11.422 0.8000000119
12505  -3.321  -61.760  11.414 0.6999999881
117647  -1.689  -59.273  11.941 0.6999999881
13841  -1.543  -59.662  12.390 0.6000000238
14567  -2.548  -59.128  11.567 0.6999999881
21211  -4.045  -51.790  -5.327 0.5000000000
114053  -0.741  -62.442  11.277 0.8000000119
115245  -5.091  -60.944  9.572 0.6000000238
13177  -3.725  -61.023  11.373 0.8000000119
12506  -3.997  -61.896  11.289 0.6999999881
12504  -1.061  -61.415  11.553 0.8000000119
13176  -2.835  -60.580  11.583 0.8000000119
13842  -2.338  -59.644  11.968 0.8000000119
14587  -3.433  -58.730  10.863 0.6999999881
116938  -4.865  -58.523  10.846 0.6000000238
124218  -2.813  -59.052  9.961 0.6000000238
15332  -4.862  -57.975  10.102 0.6999999881
14734  -16.282  -59.141  1.762 0.6000000238
16239  -17.947  -58.035  2.683 0.5000000000
22078  -3.107  -50.831  -5.700 0.5000000000
19577  -4.234  -53.773  -6.505 0.6000000238
22079  -4.339  -51.056  -5.710 0.4000000060
13178  -4.115  -60.360  11.300 0.8000000119
13207  -4.848  -61.109  10.354 0.6000000238
13855  -4.594  -59.755  11.082 0.8000000119
13868  -5.386  -60.346  10.178 0.8000000119
13879  -5.542  -60.348  9.318 0.6000000238
116857  -5.225  -59.147  10.824 0.8000000119
14588  -5.790  -59.570  10.438 0.8000000119
123038  -8.932  -58.656  3.541 0.5000000000
15319  -5.042  -58.186  10.568 0.6999999881
16129  -5.355  -57.639  9.896 0.6999999881
15346  -4.232  -58.191  9.406 0.6000000238
128324  -13.802  -58.229  1.359 0.6000000238
108426  -14.692  -59.173  1.351 0.6000000238
120837  -8.088  -56.243  8.713 0.6000000238
15483  -14.467  -58.328  1.206 0.6000000238
17817  -10.723  -55.588  6.594 0.6000000238
17862  -13.130  -55.290  2.968 0.6000000238
17861  -12.318  -55.442  3.592 0.6000000238
17048  -15.334  -54.469  1.765 0.6000000238
116222  -16.772  -55.616  0.741 0.6000000238
22077  -1.467  -50.735  -6.306 0.4000000060
22093  -3.683  -50.226  -6.078 0.4000000060
120432  -12.200  -58.723  1.744 0.5000000000
16120  -5.845  -57.848  10.605 0.6999999881
16144  -6.095  -57.239  9.741 0.6999999881
16950  -7.314  -56.561  9.019 0.6999999881
16274  -13.521  -57.416  1.740 0.6000000238
16952  -9.068  -56.280  9.089 0.6999999881
17799  -10.265  -55.655  7.893 0.6000000238
17829  -11.634  -55.710  5.315 0.6000000238
17047  -14.907  -54.995  2.113 0.6000000238
17070  -17.429  -55.459  0.567 0.6000000238
17897  -18.075  -54.618  0.481 0.5000000000
22092  -2.132  -50.045  -6.494 0.5000000000
15333  -7.130  -58.069  10.423 0.8000000119
15334  -8.507  -57.268  9.958 0.6999999881
16176  -10.091  -56.766  8.419 0.6000000238
16191  -10.197  -57.176  7.407 0.6000000238
16235  -10.465  -57.559  4.198 0.6000000238
16236  -11.507  -57.054  4.107 0.6000000238
16132  -7.750  -57.413  10.234 0.6999999881
16146  -8.865  -56.741  9.682 0.6999999881
16160  -9.476  -56.504  8.994 0.6999999881
16178  -11.096  -56.148  7.029 0.6000000238
16213  -11.491  -56.677  5.219 0.6000000238
15484  -15.354  -58.322  1.054 0.5000000000
16941  -7.355  -56.944  9.937 0.6999999881
16177  -10.654  -56.260  7.744 0.6000000238
16214  -12.185  -56.165  4.886 0.5000000000
16238  -12.767  -56.415  3.376 0.5000000000
127897  -15.637  -57.202  0.888 0.5000000000
15501  -16.781  -58.020  1.026 0.5000000000
16966  -9.886  -55.853  8.493 0.8000000119
16984  -11.188  -55.893  6.622 0.6000000238
16256  -13.313  -56.461  2.680 0.5000000000
17049  -18.634  -56.892  1.366 0.5000000000
121879  -19.501  -56.276  1.856 0.5000000000
18652  -21.276  -54.442  2.598 0.4000000060
19475  -21.387  -53.802  1.949 0.3000000119
17809  -10.627  -55.702  7.414 0.6000000238
16994  -11.661  -55.988  5.678 0.6000000238
17029  -13.015  -55.723  3.421 0.5000000000
122663  -14.778  -56.231  1.714 0.6000000238
17050  -19.141  -56.301  1.373 0.5000000000
18661  -20.985  -54.450  1.913 0.5000000000
121952  -22.119  -52.069  1.913 0.3000000119
17030  -13.649  -55.327  2.796 0.6000000238
17069  -15.433  -55.715  1.478 0.6000000238
17072  -18.673  -56.165  0.840 0.5000000000
109098  -20.666  -54.125  1.449 0.5000000000
21997  -22.394  -50.523  1.647 0.3000000119
18675  -19.297  -55.057  0.814 0.6000000238
20264  -21.555  -51.795  1.363 0.5000000000
19493  -20.078  -53.628  0.937 0.6000000238
129089  -1.137  -49.327  -7.195 0.4000000060
16161  -10.185  -56.081  8.381 0.6999999881
16296  -16.790  -57.082  0.709 0.5000000000
110181  -22.844  -49.879  1.915 0.3000000119
20282  -21.662  -52.782  1.734 0.3000000119
110020  -22.235  -51.297  1.758 0.3000000119
23959  -1.843  -48.304  -7.678 0.4000000060
23977  -2.953  -47.950  -7.720 0.4000000060
24937  -3.616  -47.315  -7.957 0.6000000238
26706  -19.183  -45.703  -1.544 0.4000000060
115050  -20.466  -45.801  0.067 0.4000000060
26695  -19.672  -45.769  -0.637 0.4000000060
117594  -19.702  -46.729  -2.436 0.4000000060
27535  -21.447  -45.037  2.248 0.4000000060
27534  -20.844  -44.407  2.065 0.4000000060
27560  -20.262  -44.676  0.703 0.4000000060
25803  -20.607  -47.044  -4.446 0.4000000060
113607  -20.287  -47.216  -5.089 0.5000000000
29213  -18.977  -42.386  2.888 0.3000000119
125727  -19.620  -42.886  2.857 0.3000000119
116246  -19.938  -43.328  2.390 0.3000000119
26682  -19.971  -45.159  0.009 0.4000000060
115590  -19.655  -45.951  -2.400 0.4000000060
115863  -20.409  -46.026  -3.072 0.4000000060
28385  -20.246  -43.851  1.819 0.4000000060
26735  -20.758  -46.198  -4.065 0.4000000060
29214  -19.356  -42.816  2.162 0.3000000119
25802  -20.419  -46.389  -5.086 0.5000000000
110960  -18.686  -42.391  1.985 0.3000000119
28399  -19.155  -43.437  0.653 0.5000000000
27611  -20.543  -44.761  -4.672 0.4000000060
111965  -19.485  -45.277  -6.050 0.5000000000
26748  -19.675  -46.122  -5.799 0.5000000000
30113  -18.214  -41.928  2.498 0.3000000119
27624  -19.947  -44.493  -5.621 0.5000000000
27641  -18.284  -44.339  -6.598 0.5000000000
27623  -19.174  -44.473  -6.301 0.5000000000
28463  -19.969  -43.573  -5.466 0.4000000060
28461  -18.854  -43.558  -6.513 0.5000000000
28462  -19.513  -43.873  -6.080 0.5000000000
28477  -17.222  -43.370  -7.080 0.5000000000
28478  -17.905  -43.515  -6.813 0.5000000000
128531  -19.559  -42.445  -6.006 0.5000000000
29307  -19.516  -43.144  -6.097 0.5000000000
126005  -18.295  -42.899  -6.773 0.5000000000
29316  -17.601  -42.816  -7.075 0.5000000000
29331  -17.411  -42.262  -7.354 0.5000000000
29332  -18.178  -42.161  -7.034 0.5000000000
30229  -17.335  -41.183  -7.917 0.4000000060
115651  -17.689  -41.664  -7.467 0.5000000000
30228  -16.963  -41.905  -7.731 0.5000000000
118804  -12.986  -40.888  -9.757 0.3000000119
113501  -15.859  -40.938  -8.779 0.4000000060
30264  -14.215  -41.192  -9.234 0.3000000119
30231  -18.808  -40.796  -7.070 0.3000000119
110080  -18.081  -40.991  -7.564 0.4000000060
31140  -13.703  -40.553  -9.756 0.3000000119
31142  -15.409  -40.451  -9.268 0.3000000119
55  -2.255  -90.604  0.828 0.6000000238
118  -1.596  -90.181  7.366 0.8000000119
142  -1.625  -90.723  3.570 0.8000000119
305  -2.284  -89.730  -2.990 0.5000000000
385  -1.543  -88.465  7.088 0.6999999881
653  -4.265  -87.168  -4.922 0.6000000238
3259  -2.768  -79.142  7.038 0.6999999881
439  -5.268  -87.434  -0.194 0.6999999881
2817  -0.161  -80.574  7.520 0.6000000238
111210  0.180  -80.515  6.075 0.6000000238
129356  2.701  -80.250  3.084 0.8000000119
2861  3.241  -80.511  2.753 1.0000000000
203  -6.508  -89.856  -6.030 0.6000000238
111  -6.068  -90.117  -6.985 0.6999999881
2410  0.726  -81.079  5.974 0.6000000238
1640  6.480  -83.042  1.807 0.8999999762
1306  -1.709  -83.516  7.085 0.6999999881
1315  -0.226  -84.414  3.421 0.8999999762
968  4.498  -87.008  -13.682 0.6000000238
2055  6.703  -82.948  1.987 0.8999999762
120495  -8.309  -84.386  -14.677 0.5000000000
3027  6.320  -80.634  -10.100 0.6999999881
1876  4.105  -82.887  -17.276 0.6999999881
1222  -8.151  -85.675  -15.463 0.6000000238
2275  2.499  -83.313  -17.082 0.6999999881
2286  1.286  -82.929  -18.675 0.6999999881
1560  3.149  -83.210  11.172 0.5000000000
3287  6.273  -79.980  3.641 0.6000000238
3117  4.616  -80.776  -17.833 0.6000000238
2277  1.068  -82.589  -17.806 0.5000000000
3141  1.261  -81.001  -20.159 0.6000000238
1890  0.953  -83.297  -19.641 0.6999999881
1520  -3.178  -84.814  -17.964 0.5000000000
3303  5.826  -79.036  3.930 0.8000000119
2303  1.120  -82.507  -20.583 0.6000000238
2698  -2.966  -81.197  -19.372 0.4000000060
126465  4.611  -81.076  8.459 0.6000000238
5196  4.173  -76.019  -15.697 0.5000000000
113901  -5.497  -80.887  -21.127 0.4000000060
111110  5.681  -75.868  5.243 0.6000000238
4515  1.873  -76.383  6.232 0.4000000060
5135  1.791  -75.712  -10.881 0.6000000238
5128  0.689  -75.565  -9.490 0.6000000238
5460  0.668  -74.311  8.551 0.3000000119
10032  3.001  -67.813  -8.814 0.8000000119
9979  2.008  -67.150  -5.245 0.6000000238
10049  2.771  -66.987  -9.579 0.8000000119
8542  3.296  -68.585  10.620 0.6999999881
113855  4.275  -69.165  10.337 0.6999999881
12119  2.571  -63.186  -13.835 0.6999999881
12815  1.825  -62.276  -14.260 0.8000000119
7906  1.244  -69.752  11.951 0.5000000000
8543  2.605  -67.999  10.754 0.6000000238
7888  1.558  -69.549  13.292 0.5000000000
9805  4.652  -65.396  13.268 0.6000000238
9170  0.310  -67.154  13.533 0.5000000000
15571  -1.174  -58.506  -6.977 0.4000000060
9807  -0.662  -66.204  12.150 0.5000000000
12500  3.732  -61.854  14.059 0.6999999881
14550  -0.299  -59.598  12.574 0.6000000238
17986  -3.893  -55.117  -6.037 0.6000000238
18762  -3.058  -54.772  -6.939 0.6000000238
12584  -4.483  -62.781  6.981 0.5000000000
20362  -2.590  -52.937  -4.878 0.4000000060
19574  -4.507  -53.911  -5.201 0.5000000000
20379  -3.139  -52.361  -5.055 0.4000000060
15485  -16.143  -58.603  1.202 0.5000000000
15486  -16.820  -58.651  1.626 0.5000000000
14589  -6.419  -58.776  10.485 0.8000000119
15487  -17.423  -58.094  1.486 0.5000000000
16258  -18.526  -57.478  2.182 0.5000000000
16276  -18.040  -57.531  1.375 0.5000000000
17046  -14.211  -55.905  2.361 0.5000000000
23023  -2.532  -49.253  -6.878 0.5000000000
15320  -6.411  -58.077  10.629 0.6000000238
14570  -5.676  -58.402  10.674 0.8000000119
15348  -7.922  -58.000  10.095 0.8000000119
17899  -19.134  -55.775  0.945 0.6000000238
20281  -20.919  -52.384  1.102 0.5000000000
22920  -23.430  -49.357  3.633 0.3000000119
24816  -22.954  -47.557  2.498 0.3000000119
127679  -19.392  -43.914  0.398 0.5000000000
26734  -20.180  -45.454  -5.387 0.5000000000
27625  -20.405  -43.990  -4.930 0.4000000060
29308  -19.875  -42.753  -5.359 0.4000000060
29318  -19.396  -41.780  -6.194 0.4000000060
783  -6.217  -87.169  5.218 0.5000000000
784  -7.298  -86.801  5.038 0.5000000000
1049  -4.341  -85.875  1.702 0.5000000000
807  -4.852  -86.378  2.533 0.5000000000
808  -5.797  -86.172  2.940 0.5000000000
545  -8.134  -87.878  5.910 0.5000000000
1351  -4.712  -83.917  0.699 0.5000000000
1037  -6.704  -85.955  3.192 0.5000000000
124196  -7.741  -88.630  3.720 0.6000000238
410  -8.249  -88.651  4.328 0.6000000238
418  -6.611  -87.980  2.427 0.6999999881
571  -7.512  -88.076  2.890 0.6000000238
2380  -7.339  -82.081  9.424 0.3000000119
591  -7.227  -87.085  0.872 0.6999999881
590  -6.361  -87.152  0.670 0.6999999881
840  -6.448  -86.599  -0.871 0.6999999881
2161  -9.314  -82.060  -5.901 0.3000000119
645  -5.584  -87.034  -3.383 0.6999999881
1775  -9.917  -83.860  -8.303 0.5000000000
1433  -11.514  -85.053  -8.365 0.6000000238
1061  3.349  -85.344  1.091 0.6999999881
314  -5.280  -89.562  -3.835 0.6999999881
1177  -14.388  -85.660  -10.715 0.6999999881
119601  5.969  -85.142  -12.514 0.5000000000
1186  5.690  -86.088  -12.428 0.5000000000
3489  -8.595  -79.567  -12.666 0.5000000000
3500  -8.222  -79.616  -13.559 0.5000000000
83  -6.066  -91.157  -3.505 0.6000000238
109639  -7.153  -90.290  -4.566 0.6000000238
124116  7.682  -79.596  -6.888 0.5000000000
1190  -14.304  -85.561  -12.115 0.6000000238
1184  -14.454  -85.305  -11.213 0.6999999881
747  -13.181  -87.088  -14.670 0.5000000000
957  4.395  -87.128  -12.527 0.5000000000
2640  -8.215  -81.551  -14.465 0.6000000238
3510  -7.772  -79.772  -14.364 0.5000000000
2435  6.926  -81.972  3.139 0.8000000119
1215  4.600  -85.600  -15.264 0.8000000119
2261  -7.987  -82.145  -14.894 0.6000000238
108137  -7.324  -81.181  -15.722 0.6999999881
3546  -5.913  -79.826  -16.075 0.5000000000
4635  6.555  -76.799  -8.983 0.6999999881
1216  4.064  -86.016  -15.799 0.8000000119
743  -10.008  -86.881  -15.686 0.4000000060
988  -9.254  -86.492  -16.003 0.4000000060
2269  -3.558  -81.963  -16.678 0.5000000000
2658  1.849  -82.135  -16.446 0.5000000000
3209  1.729  -79.847  12.427 0.3000000119
4621  5.625  -76.048  -8.757 0.6999999881
997  -7.985  -85.885  -17.053 0.4000000060
3687  5.746  -78.123  4.320 0.6999999881
122774  5.923  -78.344  3.435 0.6000000238
5622  6.009  -74.403  -9.393 0.6999999881
2657  2.899  -81.884  -16.620 0.5000000000
107060  5.350  -74.595  -8.841 0.6999999881
6444  5.332  -72.614  6.550 0.6999999881
6460  3.893  -72.594  5.372 0.6000000238
6902  5.258  -71.680  7.680 0.6000000238
6917  5.130  -71.836  6.780 0.6999999881
7367  4.744  -70.285  8.396 0.6999999881
7928  4.525  -69.712  8.863 0.6999999881
7929  4.198  -69.239  9.322 0.6999999881
7368  0.623  -70.893  8.689 0.3000000119
11373  1.740  -65.506  -10.724 0.8000000119
10050  1.909  -66.750  -8.729 0.8000000119
10051  0.316  -65.965  -8.716 0.6000000238
114270  0.840  -66.647  -7.435 0.6000000238
9981  0.690  -66.883  -5.287 0.6000000238
10019  0.413  -66.693  -6.844 0.6000000238
125410  2.431  -68.087  9.130 0.5000000000
7346  1.836  -71.037  10.999 0.4000000060
7357  0.882  -70.546  9.522 0.3000000119
7369  0.179  -70.286  8.047 0.3000000119
12109  -0.250  -63.318  -12.659 0.6000000238
7918  0.914  -69.636  10.864 0.4000000060
115157  0.600  -69.560  9.915 0.3000000119
7930  0.173  -69.038  9.246 0.3000000119
9191  2.738  -67.334  11.030 0.6000000238
7877  2.142  -69.340  14.826 0.5000000000
8574  -0.599  -67.952  8.888 0.3000000119
8561  -0.297  -67.882  9.820 0.4000000060
8526  0.401  -68.297  11.867 0.5000000000
8545  0.039  -67.712  11.257 0.5000000000
9205  -0.739  -67.224  9.592 0.4000000060
9831  -1.173  -66.548  9.344 0.4000000060
10496  -1.634  -65.905  9.110 0.5000000000
113022  1.399  -60.146  13.352 0.5000000000
16381  -2.542  -57.735  -5.932 0.6999999881
11842  -3.279  -63.499  9.875 0.6000000238
11823  -2.864  -63.274  11.400 0.6000000238
121412  -4.208  -62.375  9.100 0.6000000238
12567  -4.419  -62.171  7.995 0.5000000000
13264  -4.852  -62.140  6.880 0.5000000000
12541  -4.316  -62.037  10.088 0.6000000238
13228  -4.986  -61.161  8.617 0.6000000238
122906  -13.261  -59.553  1.567 0.5000000000
16157  -5.255  -57.521  9.022 0.6000000238
15467  -17.412  -58.475  2.183 0.5000000000
127126  -6.575  -56.868  9.141 0.6999999881
16159  -6.443  -56.856  8.140 0.6000000238
125805  -7.602  -56.288  7.512 0.6000000238
17816  -10.053  -55.519  7.038 0.6000000238
17031  -14.267  -54.796  2.373 0.6000000238
124322  -15.993  -54.545  1.384 0.6000000238
13890  -5.472  -60.574  8.168 0.6000000238
117144  -6.131  -59.980  7.692 0.6000000238
122068  -8.034  -58.951  4.610 0.5000000000
109635  -6.686  -59.337  9.060 0.6999999881
15464  -10.663  -58.547  2.320 0.5000000000
15445  -9.596  -58.340  3.344 0.5000000000
15480  -11.433  -58.734  1.966 0.5000000000
14731  -13.894  -59.146  1.343 0.5000000000
16257  -17.938  -58.025  1.942 0.4000000060
17018  -19.352  -56.422  3.403 0.3000000119
16965  -8.866  -55.884  8.277 0.6000000238
108892  -20.357  -52.844  0.920 0.6000000238
21144  -20.952  -51.532  0.793 0.5000000000
14607  -6.222  -59.534  9.866 0.8000000119
14608  -7.043  -58.651  9.998 0.8000000119
118620  -9.483  -58.076  4.284 0.6000000238
15349  -8.536  -57.859  9.358 0.6999999881
15361  -8.664  -58.160  8.152 0.8000000119
15422  -9.287  -58.031  5.300 0.6000000238
17033  -19.512  -56.380  2.513 0.5000000000
17847  -20.149  -55.746  2.978 0.5000000000
23024  -4.369  -49.685  -6.530 0.5000000000
15350  -9.092  -57.091  9.600 0.6999999881
23960  -3.455  -48.799  -7.027 0.5000000000
24835  -22.479  -47.204  1.821 0.4000000060
27572  -18.846  -44.485  -0.707 0.5000000000
111096  -18.848  -44.900  -1.205 0.4000000060
26724  -20.653  -45.236  -3.713 0.4000000060
27612  -20.549  -44.038  -4.154 0.4000000060
28455  -20.303  -43.207  -4.554 0.4000000060
29299  -19.716  -41.943  -5.397 0.4000000060
30212  -18.877  -41.598  -6.746 0.3000000119
30200  -19.573  -41.099  -5.560 0.3000000119
30230  -18.332  -41.449  -7.199 0.4000000060
29317  -19.012  -42.520  -6.530 0.5000000000
15331  -4.268  -58.319  10.408 0.6999999881
1051  -5.982  -85.613  2.207 0.5000000000
114456  -8.709  -87.047  5.092 0.5000000000
110022  -7.680  -87.584  1.483 0.6999999881
581  -7.320  -87.570  1.888 0.6999999881
113367  -8.089  -80.696  -14.452 0.6000000238
754  -11.045  -87.069  -15.568 0.3000000119
3121  -3.880  -81.207  -17.983 0.4000000060
3122  -4.524  -80.933  -17.850 0.4000000060
5103  6.379  -75.148  -8.180 0.6999999881
5506  4.703  -74.584  4.711 0.6000000238
126886  4.201  -73.324  5.155 0.6000000238
6459  5.144  -73.062  5.758 0.6999999881
10062  1.047  -65.700  -9.631 0.6999999881
112260  -0.257  -69.828  7.595 0.3000000119
126565  0.051  -69.252  8.752 0.3000000119
13919  -6.059  -60.841  5.743 0.5000000000
16982  -9.502  -55.634  7.667 0.6000000238
108659  -5.493  -60.830  7.276 0.6000000238
14646  -6.958  -59.592  6.223 0.6000000238
15420  -7.638  -59.188  5.047 0.6000000238
112771  -6.927  -59.383  7.278 0.6000000238
14647  -7.732  -58.858  6.976 0.6000000238
14628  -7.776  -58.709  8.267 0.6000000238
15421  -8.389  -58.588  5.249 0.6000000238
14678  -8.538  -58.668  4.274 0.6000000238
29300  -19.967  -42.269  -4.553 0.4000000060
14660  -7.006  -59.743  5.280 0.5000000000
45  1.179  -90.652  1.863 0.5000000000
40  1.207  -90.336  2.738 0.6999999881
148  -1.020  -90.499  2.740 0.5000000000
135  -2.284  -90.990  4.616 0.8000000119
126  -2.612  -90.956  5.847 0.8000000119
136  -3.867  -90.783  5.124 0.8000000119
53  0.004  -90.657  1.191 0.5000000000
54  -1.499  -90.639  1.085 0.5000000000
149  -1.911  -90.670  2.665 0.6999999881
248  4.115  -88.941  5.760 0.8999999762
121  4.132  -89.607  5.089 0.8000000119
398  4.772  -89.063  4.503 0.6999999881
123  3.132  -89.610  5.436 0.6999999881
383  3.633  -88.686  6.037 0.8999999762
393  -4.867  -88.508  6.120 0.6999999881
554  -5.181  -87.638  5.319 0.6000000238
145  -4.520  -90.418  3.683 0.8000000119
263  -4.814  -89.843  5.777 0.8000000119
128  -4.182  -90.373  5.742 0.8000000119
144  -3.653  -90.668  3.428 0.8000000119
156  -3.707  -90.436  1.713 0.8000000119
165  -3.130  -90.208  -0.635 0.6000000238
60  -2.198  -90.637  -0.043 0.6000000238
474  -2.054  -88.018  -5.096 0.5000000000
110282  -1.694  -89.931  -3.774 0.5000000000
313  -2.221  -88.655  -3.901 0.5000000000
1323  -2.852  -84.910  2.596 0.5000000000
1637  -3.443  -84.060  2.402 0.5000000000
1047  -2.375  -86.306  2.630 0.5000000000
1651  -3.686  -84.031  1.595 0.5000000000
816  -3.495  -85.780  1.764 0.5000000000
2052  -4.341  -82.780  1.902 0.3000000119
570  -2.459  -87.102  2.787 0.6000000238
806  -3.824  -86.472  2.156 0.5000000000
1317  -3.328  -84.501  3.551 0.4000000060
408  -2.332  -88.166  3.972 0.6999999881
1033  -2.948  -85.434  4.879 0.6999999881
782  -1.688  -86.507  4.099 0.6999999881
392  -3.866  -88.723  6.066 0.6999999881
125  -1.134  -90.640  6.506 0.8000000119
110565  -0.471  -90.550  5.513 0.8000000119
127180  -0.914  -90.801  5.001 0.8000000119
120  -3.686  -90.089  6.310 0.8000000119
395  -7.069  -88.636  5.925 0.6000000238
126473  -6.676  -87.758  6.070 0.6000000238
259  -5.525  -89.188  6.055 0.6999999881
133  0.475  -90.011  4.845 0.8000000119
665  -2.537  -87.629  -5.993 0.6000000238
497  -2.900  -88.450  -7.581 0.5000000000
218  -3.433  -89.529  -8.719 0.5000000000
220  -5.715  -89.736  -8.232 0.8000000119
229  -5.453  -89.492  -8.911 0.6999999881
1964  -7.369  -83.291  10.267 0.4000000060
1583  -6.121  -85.017  9.664 0.6000000238
1292  -7.134  -85.158  7.911 0.5000000000
1291  -6.912  -85.188  7.765 0.6000000238
1309  -6.285  -84.518  6.328 0.6000000238
2024  -5.778  -82.909  4.383 0.3000000119
1639  -4.922  -83.234  3.813 0.3000000119
1281  -6.704  -85.196  8.214 0.6000000238
1621  -5.254  -84.189  5.365 0.5000000000
2462  1.341  -80.628  1.173 0.8999999762
1023  -3.032  -84.897  7.587 0.6999999881
1298  -3.736  -84.891  7.037 0.6999999881
390  -1.481  -88.279  5.592 0.6999999881
115610  1.447  -89.802  5.373 0.8000000119
110933  -2.065  -90.639  6.578 0.8000000119
114  -1.180  -89.292  7.981 0.8000000119
258  -4.714  -89.191  6.223 0.8000000119
170  -2.784  -90.126  -1.491 0.5000000000
361  -6.471  -88.931  -9.517 0.6999999881
363  -7.997  -88.302  -9.354 0.8999999762
513  -8.519  -88.051  -9.975 0.8000000119
1970  -4.837  -82.304  9.916 0.5000000000
2805  -4.258  -80.546  9.166 0.6000000238
1632  -6.187  -83.438  5.197 0.4000000060
2394  -5.418  -81.876  7.677 0.6000000238
1063  -4.077  -85.170  1.309 0.5000000000
118247  1.334  -89.667  6.343 0.8999999762
249  2.733  -88.994  6.399 0.8999999762
250  1.082  -89.518  7.199 0.8000000119
116  0.589  -89.979  6.690 0.8000000119
113  -0.736  -89.817  7.861 0.8000000119
1423  -9.264  -84.244  -8.237 0.5000000000
290  -4.213  -89.332  -0.178 0.6000000238
282  -5.199  -88.835  1.133 0.8000000119
1156  -10.525  -85.912  -8.462 0.6000000238
683  -8.775  -87.639  -7.942 0.6000000238
114822  -9.693  -87.593  -8.154 0.5000000000
718  -9.174  -87.331  -10.746 0.8000000119
717  -8.019  -87.388  -11.219 0.6000000238
2874  3.787  -80.552  2.073 1.0000000000
2395  -7.426  -81.793  7.464 0.4000000060
1623  -6.525  -84.029  5.800 0.5000000000
3683  -2.408  -78.682  5.105 0.6999999881
117859  -2.098  -79.094  6.535 0.6999999881
120793  4.080  -81.149  0.347 0.8999999762
1996  -4.845  -82.654  7.003 0.6999999881
792  -1.787  -86.909  3.147 0.6000000238
551  -1.130  -87.883  4.951 0.6999999881
795  -5.470  -86.669  3.678 0.5000000000
380  1.615  -88.599  7.668 0.8999999762
245  0.713  -89.287  7.953 0.8999999762
454  -3.188  -87.652  -2.840 0.6000000238
99  -5.065  -90.853  -5.798 0.6999999881
503  -10.687  -87.931  -8.886 0.5000000000
909  -11.959  -87.255  -8.446 0.5000000000
696  -11.912  -87.700  -9.221 0.6000000238
706  -10.783  -87.457  -10.270 0.6999999881
705  -10.004  -87.659  -10.164 0.8000000119
708  -13.173  -87.203  -9.712 0.6999999881
116555  -11.990  -86.711  -10.491 0.6999999881
726  -7.737  -86.959  -11.888 0.6000000238
3305  0.527  -79.414  3.234 0.8000000119
2781  -3.152  -80.708  10.259 0.5000000000
120461  4.660  -81.772  0.847 0.8999999762
2048  6.036  -83.239  2.384 0.8999999762
2891  4.176  -80.899  1.331 1.0000000000
2803  -2.663  -79.881  8.749 0.6000000238
123084  5.338  -82.700  -0.240 0.8000000119
2087  5.994  -83.113  -0.648 0.6999999881
114226  -1.612  -86.724  8.089 0.8000000119
569  4.606  -87.615  2.558 0.6000000238
779  3.340  -87.126  4.265 1.0000000000
126122  -0.641  -88.125  8.649 0.8000000119
786  4.127  -87.016  3.231 0.6999999881
499  -8.936  -88.070  -8.270 0.5000000000
343  -8.244  -88.317  -8.332 0.5000000000
349  -8.908  -88.131  -8.739 0.6999999881
501  -9.325  -88.192  -8.681 0.5000000000
928  -6.964  -86.053  -12.211 0.6000000238
1173  -10.891  -84.753  -10.587 0.6999999881
1451  -9.834  -84.548  -10.703 0.6000000238
115404  -9.456  -83.672  -10.636 0.5000000000
115004  -10.539  -83.644  -10.558 0.6999999881
1805  -12.662  -83.416  -10.864 0.6000000238
1953  -0.708  -82.366  12.339 0.4000000060
2796  -7.156  -80.667  9.698 0.3000000119
128890  -1.040  -81.476  11.217 0.6000000238
2792  -1.071  -80.354  8.871 0.6000000238
2779  -1.156  -80.661  9.761 0.6000000238
2793  -1.930  -80.243  9.269 0.6000000238
121872  0.632  -79.725  2.074 0.8999999762
3688  -1.737  -78.892  3.679 0.8000000119
3289  -0.490  -79.121  3.861 0.8000000119
3307  -1.359  -79.350  2.955 0.8999999762
2894  0.501  -80.324  1.676 0.8999999762
2474  2.378  -81.318  0.125 0.8999999762
1688  2.463  -83.211  -0.530 0.8000000119
1671  1.907  -83.065  0.436 0.8999999762
1641  1.197  -83.897  2.057 0.8999999762
1330  1.877  -84.236  1.709 1.0000000000
1318  2.251  -84.840  1.966 0.8999999762
550  2.127  -87.330  5.250 1.0000000000
119591  -7.257  -86.280  4.091 0.5000000000
789  1.292  -86.418  3.913 1.0000000000
119963  -6.833  -88.830  -6.595 0.6000000238
111313  -6.783  -89.263  -7.042 0.6999999881
1175  -12.544  -86.084  -10.532 0.6999999881
932  -13.822  -86.704  -10.154 0.6999999881
1462  -13.830  -84.644  -10.940 0.6000000238
1827  -12.576  -83.314  -11.559 0.6000000238
2616  -10.387  -81.799  -11.729 0.5000000000
1838  -10.323  -83.777  -13.318 0.6000000238
1825  -11.156  -82.316  -11.994 0.6000000238
2377  -0.418  -80.921  9.257 0.6000000238
2365  -0.449  -81.700  10.827 0.6000000238
1646  6.705  -82.966  1.405 0.8999999762
3277  -1.881  -78.849  5.734 0.6999999881
2835  -0.302  -79.897  5.798 0.6999999881
3276  -0.279  -79.560  4.857 0.6999999881
115412  -0.919  -79.007  4.587 0.6999999881
3292  -2.685  -79.199  4.091 0.8000000119
2051  -0.411  -82.003  2.120 0.8000000119
771  -1.911  -85.754  8.223 0.8000000119
1062  2.846  -85.312  1.827 0.8999999762
100  -5.461  -90.946  -5.650 0.6999999881
202  -6.212  -90.387  -6.195 0.6000000238
698  -13.578  -87.178  -9.149 0.6000000238
2833  1.099  -81.257  5.261 0.6999999881
2196  7.106  -82.988  -8.416 0.6000000238
2186  6.921  -83.185  -7.679 0.6000000238
1464  6.155  -85.532  -11.692 0.5000000000
1819  6.197  -84.434  -12.201 0.6000000238
1469  -13.781  -84.655  -11.568 0.6000000238
1468  -13.124  -84.087  -11.952 0.6000000238
3058  -9.396  -80.575  -12.086 0.5000000000
3069  -8.784  -80.282  -13.286 0.5000000000
1969  0.687  -82.540  9.638 0.6000000238
2801  -0.342  -80.692  8.427 0.6000000238
1977  1.320  -83.175  8.880 0.6000000238
2033  5.976  -83.083  3.338 0.8999999762
128887  1.565  -81.920  5.291 0.8000000119
1643  -0.186  -83.672  2.688 0.8999999762
2174  7.081  -82.837  -7.121 0.6000000238
2999  7.348  -81.869  -8.057 0.6000000238
2611  6.544  -81.851  -12.116 0.6999999881
3450  4.662  -79.415  -8.708 0.6999999881
2236  6.026  -82.571  -13.471 0.8000000119
1193  5.124  -86.543  -13.155 0.5000000000
734  -13.795  -87.070  -14.117 0.5000000000
952  -14.598  -86.558  -12.853 0.5000000000
963  -12.138  -86.515  -13.544 0.6000000238
1478  -12.567  -84.748  -12.747 0.6000000238
976  -10.764  -86.829  -14.220 0.4000000060
1483  5.093  -85.134  -14.708 0.8000000119
750  1.436  -87.755  -14.976 0.5000000000
109822  -8.177  -82.920  -14.759 0.6000000238
1853  -8.480  -83.510  -14.323 0.5000000000
1582  1.395  -83.871  10.374 0.6000000238
114807  5.504  -82.286  -15.407 0.6999999881
1858  5.201  -83.348  -15.830 0.8000000119
112214  -10.830  -84.497  -13.394 0.5000000000
1211  -8.675  -85.852  -14.792 0.6000000238
1491  -9.175  -85.105  -14.162 0.5000000000
983  -0.928  -87.613  -15.380 0.6000000238
3106  -6.199  -80.445  -16.503 0.6000000238
3092  -7.219  -80.483  -15.473 0.6000000238
1931  1.671  -83.164  14.060 0.3000000119
1570  1.806  -84.201  10.843 0.5000000000
1591  2.124  -84.270  8.625 0.6000000238
1993  2.079  -83.111  6.301 0.6999999881
2004  3.992  -83.610  5.411 0.8000000119
3864  5.215  -78.796  -14.846 0.6000000238
3451  3.889  -78.910  -8.506 0.6999999881
4202  2.772  -77.730  -8.792 0.6999999881
110583  -0.426  -86.897  -16.492 0.5000000000
1004  -2.912  -86.742  -16.821 0.5000000000
1003  -2.041  -86.507  -17.052 0.5000000000
111513  -5.725  -81.151  -18.070 0.5000000000
3545  -5.392  -79.923  -16.199 0.5000000000
1264  3.048  -84.245  10.045 0.6000000238
129375  4.815  -82.609  6.484 0.8000000119
1616  4.161  -83.662  6.301 0.6999999881
4274  5.297  -77.666  -16.451 0.6000000238
113247  2.049  -85.740  -17.056 0.6999999881
1534  0.258  -83.668  -19.485 0.6999999881
1522  -7.225  -84.981  -17.342 0.5000000000
1001  0.021  -85.864  -17.444 0.6999999881
1239  -2.677  -86.027  -17.627 0.5000000000
2287  -2.107  -83.208  -19.105 0.5000000000
2288  -6.839  -82.752  -18.951 0.5000000000
2689  -6.769  -81.732  -18.548 0.5000000000
123249  -6.248  -80.887  -18.844 0.5000000000
107601  2.857  -81.248  13.392 0.3000000119
4070  5.932  -77.393  6.155 0.8000000119
1968  3.915  -82.957  9.747 0.5000000000
1976  4.129  -83.339  8.813 0.6999999881
3567  0.844  -79.931  -20.005 0.5000000000
3160  0.604  -80.276  -21.875 0.5000000000
1236  0.704  -85.168  -17.857 0.6999999881
2305  -0.127  -82.606  -20.822 0.6999999881
3161  -0.029  -80.614  -21.830 0.5000000000
122226  -6.159  -81.016  -20.329 0.5000000000
3137  -6.524  -81.058  -18.947 0.5000000000
4505  5.371  -76.391  7.539 0.5000000000
3219  1.840  -79.746  11.635 0.3000000119
2772  2.802  -80.526  10.950 0.4000000060
3228  1.374  -79.380  11.135 0.3000000119
2308  -5.532  -83.125  -20.962 0.4000000060
2705  -1.645  -81.348  -20.468 0.5000000000
2307  -1.270  -82.404  -20.364 0.5000000000
109020  -2.489  -78.337  -22.941 0.4000000060
4072  5.782  -77.306  4.800 0.6000000238
2713  -0.476  -81.121  -21.341 0.6000000238
4994  5.352  -75.175  4.886 0.6000000238
119229  5.640  -74.813  6.575 0.6000000238
4525  5.154  -75.810  4.299 0.6000000238
5480  5.523  -74.235  7.130 0.6999999881
124617  4.795  -72.753  -8.984 0.6999999881
5923  4.484  -73.740  10.461 0.5000000000
5922  5.053  -73.242  9.694 0.6000000238
5940  5.417  -73.627  7.568 0.6000000238
9369  2.562  -67.681  -5.261 0.6000000238
8135  3.386  -69.609  -6.295 0.6999999881
7095  5.633  -71.878  -10.013 0.6000000238
6091  2.628  -73.422  -5.760 0.6999999881
8150  3.520  -69.556  -7.112 0.8000000119
122008  2.157  -74.293  10.274 0.4000000060
6866  5.513  -72.069  10.513 0.6000000238
5917  2.067  -74.047  10.459 0.3000000119
6856  5.469  -72.246  11.725 0.6999999881
7336  5.404  -71.314  11.770 0.6000000238
6591  -0.484  -72.763  -4.992 0.6000000238
114309  5.136  -70.504  11.035 0.6999999881
116155  1.005  -71.540  9.361 0.3000000119
6848  4.403  -72.393  13.693 0.5000000000
6867  2.356  -71.885  11.360 0.5000000000
7347  1.159  -70.359  10.381 0.4000000060
7323  1.909  -70.222  12.852 0.5000000000
13487  -0.572  -60.783  -14.175 0.6000000238
7889  0.868  -68.917  12.522 0.5000000000
128389  -0.013  -67.943  10.500 0.4000000060
8488  2.811  -68.074  16.082 0.6000000238
15588  -0.172  -58.772  -7.605 0.4000000060
9806  4.370  -66.157  13.030 0.6000000238
9767  2.956  -66.489  15.362 0.8000000119
10445  3.501  -65.972  14.706 0.8000000119
16382  -3.182  -57.151  -5.999 0.6000000238
10488  -1.942  -65.277  9.872 0.5000000000
10474  -1.455  -65.063  11.820 0.5000000000
11100  -0.473  -64.661  12.718 0.6000000238
11099  0.473  -64.766  12.899 0.6999999881
118421  -2.192  -55.908  -7.499 0.6000000238
11126  -1.937  -64.583  11.518 0.5000000000
11860  -2.929  -64.018  9.319 0.5000000000
14551  -1.216  -59.525  12.367 0.6999999881
17985  -3.834  -55.876  -5.661 0.6000000238
11862  -3.885  -62.989  8.490 0.5000000000
11809  0.164  -63.227  11.351 0.8000000119
12540  -3.761  -62.848  9.737 0.6000000238
13175  -1.336  -60.191  12.379 0.6999999881
119863  -1.870  -62.522  11.425 0.8000000119
12520  -3.475  -62.564  11.283 0.6000000238
14552  -1.959  -59.408  12.009 0.6000000238
14553  -2.816  -59.263  11.661 0.6000000238
15318  -4.290  -58.607  10.852 0.6999999881
14568  -3.524  -58.965  11.269 0.6999999881
21210  -2.338  -51.524  -5.533 0.4000000060
13227  -4.626  -61.656  9.268 0.6000000238
13190  -4.660  -60.797  10.977 0.6999999881
14554  -3.759  -59.314  11.386 0.8000000119
14569  -4.342  -58.876  11.095 0.6999999881
15347  -4.844  -57.835  9.433 0.6000000238
14733  -15.528  -59.323  1.581 0.5000000000
127418  -5.745  -59.944  10.045 0.6000000238
13880  -5.950  -59.919  8.790 0.6000000238
16255  -12.031  -57.297  2.839 0.6000000238
128844  -12.554  -57.214  2.530 0.6000000238
15482  -13.087  -58.665  1.497 0.6000000238
16275  -14.251  -57.287  1.473 0.5000000000
17818  -11.244  -55.769  6.218 0.6999999881
17846  -12.592  -55.705  3.905 0.6000000238
125786  -12.323  -55.703  4.342 0.5000000000
17845  -11.850  -55.529  4.452 0.6000000238
17878  -14.894  -54.360  1.836 0.6000000238
17879  -15.458  -54.150  1.454 0.6000000238
17896  -16.615  -54.255  0.857 0.6000000238
22091  -0.449  -49.896  -7.084 0.4000000060
15465  -11.404  -58.006  2.356 0.5000000000
17830  -12.126  -55.861  4.879 0.6000000238
17071  -18.132  -55.527  0.541 0.6000000238
114435  -17.387  -54.524  0.518 0.5000000000
119668  -19.371  -54.113  0.727 0.6000000238
17898  -18.692  -55.318  0.652 0.5000000000
16192  -10.803  -56.736  6.815 0.6000000238
15362  -9.370  -57.307  8.927 0.6000000238
16212  -10.531  -57.316  5.534 0.6000000238
15397  -10.036  -57.484  6.336 0.6000000238
15379  -9.463  -57.659  7.856 0.6000000238
16254  -11.316  -57.534  3.009 0.6000000238
16237  -12.302  -56.612  3.867 0.6000000238
15481  -11.981  -57.966  2.090 0.6000000238
16193  -11.344  -56.330  6.146 0.6000000238
16967  -10.433  -55.778  7.946 0.6000000238
15499  -14.951  -57.247  1.129 0.5000000000
15500  -16.151  -57.713  0.860 0.5000000000
17016  -12.646  -56.043  4.134 0.6000000238
127429  -11.731  -56.223  5.534 0.5000000000
16297  -17.402  -57.416  0.925 0.5000000000
17863  -19.134  -56.796  1.985 0.5000000000
16298  -18.011  -56.640  0.737 0.5000000000
17864  -19.860  -55.969  2.110 0.5000000000
18651  -20.776  -55.014  2.364 0.5000000000
123700  -21.722  -53.979  2.784 0.4000000060
20263  -22.311  -52.562  2.610 0.3000000119
20252  -22.274  -52.988  3.485 0.3000000119
17880  -19.631  -55.687  1.419 0.5000000000
18659  -20.044  -54.741  1.174 0.5000000000
21983  -22.940  -50.769  2.517 0.3000000119
21114  -22.637  -51.755  2.620 0.3000000119
16295  -16.186  -56.341  0.829 0.5000000000
19474  -20.852  -53.268  1.301 0.6000000238
21969  -23.267  -49.828  2.742 0.3000000119
121599  -19.419  -53.374  0.576 0.6000000238
21100  -23.027  -51.354  3.596 0.3000000119
22938  -23.104  -49.251  2.198 0.4000000060
23880  -23.139  -48.492  2.378 0.3000000119
25701  -22.591  -46.579  2.702 0.3000000119
25784  -19.169  -46.189  -2.055 0.4000000060
25772  -19.184  -46.865  -1.856 0.4000000060
25759  -20.195  -46.335  -0.415 0.4000000060
27559  -19.508  -44.438  0.077 0.4000000060
109585  -19.262  -45.054  -0.715 0.4000000060
24874  -20.209  -47.585  -2.907 0.4000000060
26665  -20.921  -45.031  1.333 0.4000000060
27545  -20.450  -44.374  1.364 0.4000000060
28384  -19.622  -43.349  1.538 0.3000000119
27544  -19.863  -43.956  0.915 0.4000000060
25792  -20.532  -46.881  -3.434 0.4000000060
26715  -19.215  -45.510  -2.088 0.4000000060
26716  -20.114  -45.180  -2.706 0.4000000060
123662  -20.606  -45.604  -4.630 0.4000000060
29224  -19.007  -42.837  1.347 0.4000000060
128044  -20.628  -44.586  -3.941 0.4000000060
117318  -18.690  -45.159  -6.414 0.5000000000
29353  -16.215  -42.170  -7.936 0.4000000060
30251  -16.488  -41.332  -8.267 0.5000000000
30250  -15.555  -41.743  -8.438 0.4000000060
119554  -13.400  -41.303  -9.389 0.3000000119
30265  -15.077  -41.114  -8.992 0.4000000060
31139  -12.305  -40.876  -9.938 0.3000000119
31109  -17.840  -40.454  -8.068 0.3000000119
126922  -16.448  -40.655  -8.669 0.3000000119
31141  -14.626  -40.536  -9.489 0.3000000119
111231  -15.015  -39.999  -9.673 0.3000000119
31143  -16.099  -40.260  -9.095 0.3000000119
15446  -10.441  -57.931  3.142 0.5000000000
124738  -22.643  -49.055  1.614 0.4000000060
13248  -5.022  -61.378  7.550 0.6000000238
13904  -6.344  -60.148  6.461 0.5000000000
14609  -7.578  -58.613  9.328 0.6999999881
15378  -8.626  -58.337  7.108 0.6000000238
17848  -20.857  -54.941  3.303 0.4000000060
25731  -22.115  -46.421  1.799 0.4000000060
26649  -22.038  -45.722  2.450 0.3000000119
111826  -15.224  -85.927  -10.814 0.6000000238
953  -15.135  -86.032  -11.856 0.6000000238
119019  -14.722  -86.511  -10.143 0.5000000000
933  -15.418  -86.175  -10.335 0.5000000000
697  -12.728  -87.427  -9.180 0.5000000000
710  -14.865  -86.638  -9.780 0.5000000000
1084  3.731  -85.017  -0.854 0.6999999881
1687  3.144  -83.363  -1.243 0.6000000238
1355  2.916  -84.055  -0.791 0.6000000238
1354  3.628  -84.127  -1.584 0.5000000000
1347  3.083  -84.697  0.227 0.8000000119
1075  3.796  -85.425  0.291 0.6999999881
2111  4.411  -82.949  -1.505 0.6000000238
1698  5.135  -83.658  -2.228 0.6000000238
1699  4.053  -83.608  -1.787 0.6000000238
1668  6.908  -82.960  0.199 0.6000000238
122673  7.022  -81.577  2.369 0.6999999881
2471  7.214  -81.665  0.772 0.6000000238
2873  6.854  -80.877  2.650 0.6999999881
2460  6.994  -80.846  1.830 0.6999999881
3313  6.608  -79.987  2.844 0.6000000238
3702  6.341  -79.222  2.011 0.6000000238
108219  5.981  -78.554  2.582 0.5000000000
2889  7.163  -80.976  1.096 0.6000000238
107543  6.782  -80.041  1.928 0.6000000238
124700  5.895  -78.587  1.612 0.5000000000
2890  6.988  -80.186  0.981 0.6000000238
3328  6.617  -79.352  0.830 0.5000000000
4082  5.424  -78.102  1.805 0.5000000000
2459  7.118  -81.683  1.662 0.6999999881
946  -15.669  -85.952  -11.379 0.5000000000
797  -8.129  -86.487  4.611 0.3000000119
1039  -8.533  -85.974  3.711 0.3000000119
798  -9.064  -86.647  4.543 0.3000000119
1038  -7.619  -85.864  3.493 0.4000000060
1054  -8.906  -85.430  2.972 0.3000000119
556  -8.646  -87.644  5.294 0.3000000119
557  -9.218  -87.624  4.803 0.3000000119
405  -8.800  -88.271  4.807 0.4000000060
1064  -5.026  -85.323  1.289 0.4000000060
1065  -6.083  -84.988  1.391 0.4000000060
1066  -6.998  -84.637  1.627 0.4000000060
1335  -7.782  -84.401  1.654 0.4000000060
1326  -9.261  -84.880  2.237 0.3000000119
1327  -10.173  -84.998  2.189 0.3000000119
566  -9.520  -87.871  4.350 0.4000000060
111568  -8.811  -88.539  4.002 0.4000000060
572  -8.025  -87.957  2.351 0.5000000000
414  -8.381  -88.491  3.390 0.4000000060
179  -7.216  -90.713  -2.623 0.5000000000
78  -6.457  -91.004  -2.986 0.5000000000
84  -6.893  -90.986  -3.554 0.5000000000
323  -8.287  -90.172  -3.839 0.5000000000
477  -8.311  -89.635  -4.194 0.5000000000
182  -5.663  -90.994  -3.391 0.5000000000
190  -7.529  -90.611  -3.956 0.5000000000
123844  -7.775  -90.150  -4.220 0.5000000000
92  -6.776  -90.906  -4.385 0.5000000000
1352  -5.473  -83.852  0.545 0.4000000060
1334  -6.243  -84.203  0.767 0.4000000060
118551  -7.135  -84.114  1.183 0.4000000060
124609  -8.575  -83.585  0.995 0.3000000119
593  -8.446  -88.010  1.685 0.4000000060
419  -8.975  -88.862  1.415 0.3000000119
278  -9.185  -89.033  0.952 0.3000000119
440  -7.981  -88.036  -0.025 0.6000000238
283  -8.865  -89.185  0.470 0.4000000060
292  -8.550  -89.481  -0.430 0.3000000119
841  -7.114  -86.706  -0.579 0.6000000238
449  -7.651  -89.252  -0.697 0.6000000238
125149  -8.016  -89.695  -0.710 0.5000000000
125633  -8.589  -89.761  -1.058 0.5000000000
605  -5.660  -86.620  -1.055 0.6000000238
620  -6.948  -87.210  -1.782 0.6000000238
448  -7.042  -88.786  -1.410 0.6000000238
299  -7.553  -89.962  -1.282 0.5000000000
174  -8.890  -89.933  -2.463 0.5000000000
456  -6.541  -88.172  -2.396 0.6000000238
308  -6.555  -89.892  -2.067 0.6000000238
184  -8.779  -90.040  -3.170 0.5000000000
316  -9.364  -89.567  -3.685 0.4000000060
466  -6.276  -87.088  -2.645 0.6000000238
307  -6.033  -90.468  -2.688 0.6000000238
183  -7.985  -90.489  -3.337 0.5000000000
315  -8.705  -89.936  -3.576 0.5000000000
489  -7.869  -88.548  -4.596 0.5000000000
668  -7.028  -87.807  -5.262 0.4000000060
487  -6.705  -88.280  -5.808 0.5000000000
111492  -6.961  -87.066  -6.714 0.5000000000
2291  -11.706  -82.712  -19.409 0.3000000119
109958  -13.098  -82.707  -19.552 0.3000000119
2301  -13.614  -82.700  -20.008 0.3000000119
108903  -12.977  -82.272  -20.429 0.3000000119
3528  -4.911  -79.938  -15.821 0.4000000060
1044  3.650  -85.910  1.808 0.6000000238
119675  4.451  -87.059  2.568 0.5000000000
298  -7.133  -89.861  -1.368 0.6000000238
309  -9.486  -89.654  -3.217 0.4000000060
479  -10.427  -88.713  -4.293 0.3000000119
126080  -9.977  -88.822  -4.364 0.3000000119
670  -9.437  -87.490  -4.784 0.3000000119
120069  -8.641  -86.462  -5.089 0.3000000119
887  -7.081  -86.876  -5.589 0.4000000060
1136  -7.973  -85.658  -5.519 0.3000000119
1139  -7.276  -85.716  -6.614 0.4000000060
2691  -10.963  -82.362  -18.490 0.3000000119
2557  7.587  -81.924  -7.162 0.5000000000
123248  -12.717  -81.874  -20.612 0.3000000119
3074  -7.057  -79.693  -15.064 0.4000000060
1060  4.150  -85.947  1.087 0.6000000238
1408  -8.331  -84.856  -5.636 0.3000000119
1407  -7.625  -85.183  -6.143 0.4000000060
1158  -12.582  -85.847  -8.231 0.4000000060
910  -12.804  -86.934  -8.266 0.4000000060
1159  -14.139  -85.848  -7.990 0.4000000060
114201  -14.704  -86.479  -8.055 0.4000000060
2282  -10.488  -82.716  -17.693 0.3000000119
2976  7.599  -80.410  -6.496 0.4000000060
1751  -8.376  -83.459  -6.729 0.3000000119
124766  -9.393  -82.731  -7.420 0.3000000119
1763  -10.123  -83.190  -8.068 0.4000000060
1777  -11.938  -83.885  -8.236 0.5000000000
125450  -13.674  -84.759  -8.078 0.5000000000
1436  -14.633  -84.867  -7.993 0.4000000060
1161  -15.915  -85.756  -8.277 0.4000000060
1438  -16.405  -84.988  -8.532 0.4000000060
700  -15.066  -86.540  -9.202 0.4000000060
123096  -17.172  -85.506  -9.741 0.4000000060
5102  6.716  -75.685  -8.985 0.4000000060
934  -15.716  -86.274  -9.864 0.4000000060
1167  -17.440  -85.268  -10.570 0.4000000060
947  -16.497  -85.697  -11.394 0.4000000060
2271  -10.702  -82.689  -16.562 0.3000000119
4620  7.116  -76.460  -8.599 0.5000000000
3000  7.071  -81.126  -8.403 0.5000000000
116427  -15.944  -85.967  -11.918 0.4000000060
1874  -10.990  -83.584  -16.915 0.3000000119
4175  7.053  -77.529  -8.459 0.5000000000
3789  7.092  -78.330  -8.219 0.5000000000
745  -11.249  -87.051  -14.524 0.4000000060
1870  -4.400  -84.229  -16.467 0.4000000060
1779  -14.456  -83.220  -8.349 0.5000000000
1780  -15.807  -84.097  -8.515 0.4000000060
1793  -16.649  -84.008  -9.239 0.4000000060
121699  6.131  -74.413  -9.344 0.5000000000
6105  6.000  -74.037  -9.485 0.5000000000
118508  -17.086  -83.552  -10.064 0.4000000060
5621  6.503  -74.930  -8.995 0.6000000238
111066  -17.742  -84.683  -10.921 0.4000000060
955  -16.296  -85.734  -12.386 0.4000000060
1185  -17.509  -85.003  -11.529 0.4000000060
5115  6.219  -76.130  -9.112 0.6000000238
1191  -17.208  -84.933  -12.356 0.4000000060
1865  -11.419  -83.205  -16.113 0.3000000119
755  -12.622  -87.095  -15.334 0.3000000119
1509  -4.120  -85.069  -17.159 0.4000000060
113428  -3.195  -82.751  -17.470 0.4000000060
2218  -16.919  -82.839  -10.692 0.4000000060
2224  -16.315  -81.973  -11.477 0.4000000060
1817  -17.659  -83.555  -11.720 0.4000000060
2235  -16.429  -82.306  -12.079 0.3000000119
2255  -12.333  -82.437  -14.614 0.3000000119
110930  -16.031  -85.980  -13.200 0.4000000060
1200  -16.614  -84.955  -13.673 0.4000000060
1479  -16.699  -84.401  -14.000 0.3000000119
1867  -13.514  -84.055  -15.603 0.3000000119
2264  -11.889  -82.819  -15.342 0.3000000119
978  -16.067  -85.739  -13.963 0.4000000060
1214  -16.107  -85.189  -14.466 0.4000000060
990  -15.369  -86.131  -14.977 0.4000000060
989  -14.722  -86.085  -15.734 0.3000000119
748  -14.131  -86.872  -14.985 0.4000000060
2661  -3.755  -81.199  -16.846 0.5000000000
2247  -15.398  -82.844  -13.183 0.3000000119
124530  -14.621  -82.798  -13.496 0.3000000119
2256  -13.272  -82.802  -14.301 0.3000000119
4077  5.593  -77.795  2.961 0.5000000000
4078  4.750  -77.153  2.776 0.5000000000
12094  0.442  -64.216  -11.011 0.5000000000
11357  0.204  -65.197  -9.188 0.5000000000
112946  0.113  -66.504  -7.525 0.5000000000
11375  -0.067  -64.445  -9.718 0.5000000000
12095  -0.583  -63.432  -11.218 0.5000000000
119624  4.590  -63.587  13.802 0.6000000238
10480  4.860  -64.843  11.506 0.5000000000
9829  3.038  -66.571  10.306 0.5000000000
18006  -1.897  -55.059  -7.486 0.5000000000
10473  4.810  -64.629  13.143 0.5000000000
18674  -18.613  -54.347  0.553 0.4000000060
18780  -3.150  -53.949  -7.159 0.4000000060
19491  -18.824  -53.549  0.372 0.4000000060
19492  -19.160  -52.810  0.106 0.5000000000
108139  -19.802  -52.843  0.574 0.5000000000
20381  -4.778  -52.624  -5.552 0.5000000000
20383  -4.993  -52.480  -6.228 0.5000000000
20294  -19.681  -52.330  0.170 0.4000000060
21161  -19.870  -51.737  -0.035 0.4000000060
21212  -5.025  -51.725  -6.009 0.5000000000
121628  -20.865  -50.661  0.367 0.4000000060
21130  -21.677  -50.798  1.117 0.4000000060
22012  -21.594  -49.919  0.749 0.4000000060
21228  -5.325  -51.211  -7.170 0.5000000000
110839  -20.969  -48.863  -0.004 0.3000000119
22966  -21.588  -49.096  0.569 0.4000000060
21996  -22.229  -49.905  1.313 0.3000000119
21220  -5.261  -51.302  -6.595 0.5000000000
22094  -5.002  -50.748  -6.218 0.4000000060
22095  -5.435  -50.875  -6.837 0.4000000060
24850  -20.955  -47.511  0.015 0.3000000119
23910  -21.519  -48.166  0.467 0.3000000119
24834  -22.136  -47.698  1.159 0.3000000119
110579  -22.644  -48.086  1.715 0.3000000119
23897  -22.149  -48.568  1.083 0.4000000060
23025  -5.422  -50.247  -6.790 0.4000000060
24862  -20.256  -47.048  -0.543 0.3000000119
25745  -21.587  -46.455  1.069 0.3000000119
128622  -4.446  -49.157  -6.787 0.5000000000
23034  -5.215  -49.462  -6.850 0.4000000060
23979  -5.740  -48.952  -7.280 0.4000000060
25758  -19.521  -46.547  -1.147 0.3000000119
24861  -19.553  -47.497  -1.366 0.3000000119
26666  -21.040  -45.812  0.811 0.3000000119
25744  -20.926  -46.586  0.226 0.3000000119
24873  -19.249  -47.606  -2.116 0.3000000119
24897  -20.372  -47.818  -4.708 0.4000000060
23978  -4.477  -48.728  -7.072 0.4000000060
119143  -4.526  -48.144  -7.437 0.4000000060
123095  -20.568  -45.287  0.582 0.3000000119
25846  -4.394  -46.864  -8.224 0.4000000060
125950  -19.372  -44.857  -2.226 0.3000000119
27584  -18.921  -44.854  -1.704 0.3000000119
27583  -18.515  -44.506  -1.280 0.3000000119
28414  -18.948  -43.935  -0.111 0.4000000060
27594  -18.649  -44.346  -1.734 0.3000000119
27596  -19.905  -44.336  -2.604 0.3000000119
27603  -20.419  -44.353  -3.321 0.3000000119
28435  -18.895  -43.843  -2.029 0.3000000119
28436  -19.643  -43.692  -2.457 0.3000000119
28437  -20.157  -43.732  -2.910 0.3000000119
29284  -20.029  -42.997  -2.837 0.3000000119
29283  -19.404  -43.095  -2.293 0.3000000119
29293  -20.162  -42.616  -3.709 0.3000000119
126766  -19.625  -42.617  -2.606 0.3000000119
29292  -19.773  -42.153  -3.040 0.3000000119
30171  -19.183  -42.332  -2.305 0.3000000119
122114  -19.377  -41.567  -2.750 0.3000000119
30180  -19.601  -41.372  -3.473 0.3000000119
30191  -19.700  -41.343  -4.503 0.3000000119
116291  -4.556  -84.661  0.921 0.4000000060
1146  -7.625  -85.511  -7.327 0.4000000060
1414  -8.061  -84.256  -6.292 0.3000000119
114643  -13.387  -86.293  -8.101 0.4000000060
606  -7.551  -87.088  -0.326 0.6000000238
592  -7.805  -87.463  0.659 0.5000000000
852  -5.945  -86.500  -1.812 0.6000000238
455  -5.912  -89.279  -2.982 0.6000000238
891  -6.960  -86.536  -6.320 0.4000000060
488  -6.968  -88.754  -5.074 0.5000000000
4636  5.873  -76.609  -8.923 0.6000000238
954  -15.707  -86.214  -12.822 0.4000000060
125244  -14.701  -86.834  -14.385 0.4000000060
125144  -15.418  -86.208  -12.435 0.4000000060
108712  -12.048  -87.100  -15.981 0.3000000119
3103  -4.225  -80.731  -17.052 0.4000000060
113078  -3.869  -83.061  -16.563 0.4000000060
123757  3.732  -74.727  4.153 0.5000000000
19593  -4.623  -52.977  -6.657 0.5000000000
118382  -21.570  -45.730  1.612 0.3000000119
24882  -20.609  -47.684  -3.848 0.3000000119
126721  -19.023  -45.835  -6.247 0.4000000060
1052  -7.020  -85.327  2.425 0.4000000060
1776  -10.816  -83.920  -8.341 0.5000000000
1043  4.402  -86.576  1.796 0.6000000238
3788  7.445  -78.224  -7.841 0.4000000060
113074  -20.281  -52.154  0.552 0.4000000060
28398  -18.400  -43.430  -0.103 0.4000000060
28446  -20.353  -43.463  -3.541 0.3000000119
30181  -19.867  -41.925  -3.850 0.3000000119
690  -14.608  -86.610  -8.632 0.4000000060
689  -14.029  -86.890  -8.502 0.4000000060
22951  -22.071  -49.311  1.058 0.4000000060
114124  -15.966  -85.904  -10.854 0.4000000060
1053  -8.020  -85.351  2.854 0.3000000119
1040  -9.476  -86.184  3.783 0.3000000119
1333  -5.286  -84.545  0.750 0.4000000060
1336  -8.684  -84.202  1.550 0.3000000119
1337  -9.695  -84.331  1.575 0.3000000119
111156  -9.214  -88.341  3.881 0.3000000119
172  -7.666  -90.266  -1.841 0.5000000000
180  -8.146  -90.371  -2.520 0.5000000000
325  -9.853  -89.158  -4.107 0.4000000060
490  -9.061  -88.341  -4.569 0.3000000119
428  -8.476  -88.641  0.780 0.5000000000
113925  -7.534  -87.641  -0.850 0.6000000238
293  -9.158  -89.440  -0.588 0.3000000119
300  -9.055  -89.712  -1.592 0.5000000000
173  -8.349  -90.034  -1.738 0.5000000000
317  -10.123  -89.247  -3.912 0.4000000060
669  -7.953  -87.425  -4.863 0.3000000119
107249  -13.113  -82.548  -20.210 0.3000000119
2679  -11.183  -81.633  -17.899 0.3000000119
128992  -8.569  -84.132  -5.613 0.3000000119
109430  -15.124  -85.787  -7.979 0.4000000060
914  -15.902  -86.125  -8.669 0.4000000060
2270  -10.455  -82.274  -17.018 0.3000000119
107681  -13.059  -83.720  -8.189 0.5000000000
108952  -14.984  -84.036  -8.161 0.5000000000
1437  -15.564  -84.946  -8.088 0.4000000060
922  -16.430  -86.009  -9.528 0.4000000060
1445  -17.114  -84.948  -9.322 0.4000000060
935  -16.488  -85.847  -10.420 0.4000000060
1866  -12.434  -83.663  -15.794 0.3000000119
2206  -16.415  -82.974  -9.731 0.4000000060
1806  -17.660  -83.861  -10.818 0.4000000060
1463  -17.762  -84.245  -11.652 0.4000000060
1844  -17.373  -84.385  -12.857 0.4000000060
1816  -17.406  -83.096  -11.422 0.4000000060
1829  -17.230  -83.064  -12.152 0.3000000119
1843  -17.083  -83.845  -13.056 0.4000000060
1854  -12.845  -83.243  -15.012 0.3000000119
1480  -16.992  -84.572  -13.496 0.3000000119
1494  -16.379  -84.820  -14.622 0.3000000119
1840  -14.228  -83.114  -14.093 0.3000000119
20384  -5.142  -51.776  -6.721 0.5000000000
122948  -20.107  -51.023  -0.230 0.4000000060
121979  -20.416  -51.421  0.299 0.4000000060
110195  -20.969  -49.699  0.136 0.4000000060
24851  -21.586  -47.228  0.691 0.3000000119
25861  -5.187  -46.405  -8.470 0.4000000060
27595  -19.159  -44.338  -2.136 0.3000000119
2860  6.665  -80.935  3.436 0.6000000238
122768  -14.095  -83.921  -8.157 0.4000000060
1778  -13.662  -83.047  -8.227 0.4000000060
2194  -14.081  -82.333  -8.474 0.4000000060
2195  -14.780  -82.670  -8.707 0.4000000060
114381  -15.235  -83.300  -8.616 0.4000000060
3432  -13.049  -80.021  -7.627 0.3000000119
3010  -13.729  -81.038  -8.381 0.3000000119
2580  -14.133  -81.490  -8.708 0.3000000119
2593  -15.291  -81.610  -9.698 0.4000000060
2217  -16.066  -82.036  -10.226 0.4000000060
3794  -12.953  -79.242  -7.825 0.3000000119
118274  -13.585  -80.424  -8.328 0.3000000119
3011  -14.089  -80.766  -8.857 0.3000000119
2592  -14.633  -81.183  -9.301 0.3000000119
2603  -15.518  -81.352  -10.281 0.4000000060
118202  -16.468  -82.096  -10.964 0.4000000060
3444  -13.403  -79.689  -8.398 0.3000000119
3445  -13.911  -80.052  -8.995 0.3000000119
1766  -12.956  -82.786  -8.182 0.4000000060
2185  -13.276  -82.230  -8.243 0.3000000119
2995  -13.218  -80.901  -7.851 0.3000000119
2569  -12.496  -81.166  -7.480 0.3000000119
2184  -12.420  -81.993  -7.920 0.3000000119
2554  -12.569  -80.449  -7.216 0.3000000119
1765  -12.179  -82.900  -8.171 0.4000000060
301  -9.577  -89.510  -2.417 0.3000000119
2568  -11.539  -81.371  -7.300 0.3000000119
1764  -11.141  -83.028  -8.173 0.3000000119
2553  -11.778  -80.679  -6.839 0.3000000119
2567  -10.466  -81.572  -7.091 0.3000000119
13981  -10.444  -60.230  2.215 0.4000000060
13983  -12.624  -60.520  2.519 0.4000000060
13963  -13.737  -60.599  3.147 0.3000000119
13965  -15.151  -60.101  3.547 0.3000000119
13964  -14.460  -60.390  3.324 0.4000000060
13903  -5.779  -60.788  6.571 0.4000000060
13280  -6.019  -61.442  5.118 0.3000000119
13292  -6.430  -61.186  4.301 0.3000000119
13978  -7.924  -60.496  2.635 0.3000000119
13979  -8.667  -60.463  2.427 0.3000000119
14699  -7.796  -59.893  3.127 0.3000000119
13980  -9.457  -60.363  2.315 0.4000000060
14714  -9.183  -59.691  2.426 0.4000000060
13997  -11.269  -59.963  2.024 0.4000000060
122060  -15.719  -59.755  3.673 0.4000000060
14679  -16.179  -59.369  4.246 0.3000000119
14728  -10.913  -59.442  2.038 0.4000000060
13999  -12.970  -60.103  1.903 0.4000000060
13985  -14.208  -60.309  2.470 0.4000000060
14700  -8.371  -59.247  3.338 0.4000000060
15463  -9.727  -58.805  2.574 0.4000000060
15423  -16.733  -58.806  4.415 0.3000000119
15447  -16.751  -58.970  3.600 0.4000000060
14729  -11.710  -59.440  1.846 0.4000000060
14000  -13.842  -59.972  1.783 0.4000000060
14732  -14.703  -59.871  1.865 0.4000000060
14702  -16.183  -59.475  3.213 0.4000000060
15448  -17.336  -58.515  3.107 0.3000000119
15466  -16.724  -59.049  2.510 0.4000000060
16216  -18.277  -57.260  4.197 0.3000000119
18642  -21.414  -54.310  3.458 0.3000000119
13960  -6.909  -60.528  3.879 0.4000000060
14713  -8.442  -59.805  2.674 0.4000000060
115597  -17.819  -57.936  3.639 0.4000000060
14715  -10.026  -59.539  2.236 0.4000000060
948  5.056  -86.748  -12.272 0.4000000060
13265  -5.321  -61.487  6.667 0.4000000060
114720  -7.787  -59.394  4.013 0.4000000060
29234  -18.589  -42.910  0.662 0.3000000119
109766  -5.671  -61.507  5.892 0.4000000060
13281  -6.303  -60.840  5.068 0.4000000060
13920  -6.521  -60.278  5.554 0.4000000060
14677  -7.165  -59.868  4.399 0.4000000060
2610  -15.878  -81.487  -10.949 0.3000000119
28413  -18.302  -44.066  -0.878 0.3000000119
29233  -17.827  -42.679  0.234 0.3000000119
2205  -15.501  -82.526  -9.286 0.4000000060
2570  -13.028  -81.564  -7.971 0.3000000119
2579  -13.554  -81.587  -8.320 0.3000000119
2581  -14.717  -81.976  -9.025 0.4000000060
3025  -14.455  -80.449  -9.522 0.3000000119
2183  -11.338  -82.172  -7.764 0.3000000119
13998  -12.039  -60.143  2.058 0.4000000060
13938  -15.436  -59.842  4.364 0.3000000119
14701  -15.584  -59.868  2.927 0.4000000060
13986  -14.940  -60.159  2.656 0.4000000060
14717  -15.991  -59.545  2.320 0.4000000060
11163  -2.469  -65.188  7.971 0.3000000119
9849  -2.006  -65.933  8.221 0.3000000119
9862  -2.042  -66.662  7.667 0.3000000119
9227  -1.558  -67.220  7.902 0.3000000119
11178  -3.431  -64.439  7.092 0.3000000119
4528  4.687  -76.483  3.469 0.4000000060
11894  -4.349  -63.546  6.476 0.3000000119
12604  -4.838  -62.851  6.240 0.3000000119
9219  -1.078  -67.196  8.687 0.3000000119
12585  -5.276  -62.189  6.066 0.3000000119
15424  -17.250  -58.435  4.053 0.3000000119
10505  -2.967  -65.172  7.208 0.3000000119
10504  -2.484  -65.943  7.418 0.3000000119
2404  -7.263  -81.748  6.558 0.3000000119
2415  -6.973  -81.151  5.833 0.3000000119
2431  -6.498  -81.495  4.529 0.3000000119
2039  -6.006  -82.057  4.039 0.3000000119
1676  -8.110  -83.055  0.673 0.3000000119
1653  -6.853  -83.664  0.730 0.3000000119
2060  -4.666  -82.511  1.078 0.3000000119
2069  -5.009  -82.628  0.636 0.3000000119
2070  -5.709  -82.363  0.292 0.3000000119
1674  -6.110  -83.274  0.314 0.3000000119
34  3.538  -90.385  3.862 0.6999999881
36  2.306  -90.216  3.854 0.6999999881
47  -1.349  -90.552  1.920 0.5000000000
61  -2.714  -90.466  -0.288 0.6000000238
77  -6.031  -91.028  -2.982 0.5000000000
101  -6.034  -90.977  -5.543 0.6000000238
106  -5.764  -90.631  -6.302 0.6999999881
110  -5.531  -90.337  -6.999 0.6000000238
117  -0.200  -90.291  6.525 0.8000000119
122  3.655  -89.531  5.435 0.8999999762
127  -3.460  -90.694  5.891 0.8000000119
161  -4.004  -90.033  0.319 0.6000000238
166  -3.705  -90.039  -0.189 0.6000000238
167  -8.039  -89.918  -1.126 0.5000000000
171  -7.051  -90.370  -1.877 0.5000000000
177  -5.929  -90.872  -2.908 0.5000000000
178  -6.421  -90.717  -2.586 0.5000000000
187  -1.284  -89.776  -4.774 0.5000000000
210  -4.840  -89.908  -7.960 0.6000000238
211  -5.330  -90.054  -7.682 0.8000000119
241  0.990  -88.738  8.195 0.8999999762
243  2.093  -88.773  7.014 0.8999999762
244  1.540  -89.006  7.642 0.8999999762
251  -2.152  -89.790  7.315 0.8000000119
253  -3.859  -89.348  6.423 0.6999999881
255  4.373  -89.219  5.366 0.8000000119
261  4.613  -89.586  4.323 0.6999999881
262  4.500  -89.435  4.915 0.6999999881
284  -9.019  -89.318  0.209 0.3000000119
291  -8.340  -89.236  -0.040 0.5000000000
310  -10.029  -89.327  -3.152 0.4000000060
322  -7.459  -89.497  -4.602 0.5000000000
324  -9.022  -89.572  -3.889 0.5000000000
333  -1.664  -88.605  -6.721 0.5000000000
336  -6.698  -89.150  -5.848 0.6000000238
348  -8.254  -88.228  -8.566 0.6999999881
352  -7.105  -88.734  -9.069 0.8999999762
354  -8.561  -88.217  -9.173 0.6999999881
362  -7.122  -88.579  -9.737 0.6000000238
376  0.420  -88.414  8.589 0.8999999762
377  -0.249  -88.377  8.732 0.8999999762
378  -0.850  -88.022  8.609 0.8000000119
381  -0.734  -88.469  8.497 0.8000000119
388  4.515  -88.894  5.500 0.6999999881
389  4.097  -88.613  5.843 0.8999999762
394  -5.559  -88.476  6.202 0.6999999881
399  4.739  -88.739  5.042 0.6999999881
401  -1.926  -88.378  4.684 0.6999999881
406  4.745  -88.685  3.761 0.5000000000
407  -1.495  -87.949  4.119 0.6999999881
415  -9.016  -88.496  3.392 0.3000000119
475  -4.683  -88.002  -5.082 0.6999999881
478  -9.229  -89.095  -4.230 0.4000000060
486  -4.142  -87.721  -5.729 0.6999999881
491  -10.186  -88.345  -4.562 0.3000000119
502  -10.066  -88.119  -8.788 0.5000000000
507  -10.349  -87.957  -9.221 0.8000000119
521  -8.636  -87.627  -10.584 0.6999999881
526  -6.743  -87.732  -11.522 0.6000000238
528  -0.558  -87.935  8.765 0.8000000119
529  1.782  -88.242  7.593 0.8999999762
532  -1.104  -87.466  8.371 0.8000000119
533  3.412  -88.404  6.247 0.8999999762
536  0.872  -87.164  7.533 0.8999999762
542  -1.199  -88.019  6.303 0.6999999881
546  4.754  -88.539  4.389 0.6000000238
548  4.112  -87.685  4.977 0.8999999762
555  -8.118  -87.264  5.488 0.5000000000
558  -9.774  -87.271  4.495 0.3000000119
565  -5.066  -87.157  4.247 0.6000000238
619  -4.280  -87.032  -1.899 0.8000000119
621  -7.288  -86.939  -1.044 0.6000000238
633  -5.649  -86.651  -2.694 0.8000000119
667  -3.549  -87.672  -6.159 0.6999999881
674  -3.045  -87.638  -6.404 0.6999999881
675  -6.725  -87.374  -6.003 0.4000000060
684  -9.647  -88.099  -8.413 0.5000000000
688  -13.222  -87.139  -8.560 0.5000000000
699  -14.344  -86.874  -9.175 0.6000000238
724  -6.511  -87.236  -12.157 0.6000000238
744  -10.335  -86.971  -14.830 0.4000000060
749  -14.856  -86.425  -15.118 0.4000000060
756  -13.583  -86.863  -15.609 0.3000000119
757  -14.312  -86.487  -15.586 0.4000000060
777  -1.382  -87.454  5.930 0.6999999881
785  -9.256  -87.224  4.846 0.3000000119
787  3.504  -86.749  3.449 0.8999999762
788  2.012  -86.368  3.472 1.0000000000
803  3.743  -86.445  2.609 0.6999999881
804  2.777  -86.154  2.982 0.8999999762
827  -6.143  -86.741  -0.218 0.6999999881
829  -7.344  -86.824  0.114 0.6999999881
853  -6.728  -86.697  -1.416 0.6000000238
863  -6.383  -86.716  -2.146 0.6000000238
888  -7.692  -86.420  -5.387 0.4000000060
911  -13.921  -86.804  -8.128 0.4000000060
912  -14.589  -86.501  -8.249 0.4000000060
913  -15.195  -86.369  -8.589 0.4000000060
921  -15.700  -86.286  -9.135 0.4000000060
930  -11.733  -87.300  -10.185 0.6999999881
936  -17.038  -85.528  -10.968 0.4000000060
938  4.461  -86.843  -11.693 0.4000000060
941  -6.327  -86.607  -12.245 0.6000000238
942  -7.731  -86.382  -12.087 0.6000000238
945  -10.243  -86.757  -10.724 0.6000000238
956  -16.739  -85.274  -12.486 0.4000000060
966  -15.581  -86.347  -13.591 0.5000000000
967  -16.402  -85.437  -13.127 0.4000000060
977  -15.436  -86.278  -14.449 0.4000000060
980  2.322  -87.474  -15.298 0.8000000119
1020  -0.620  -86.242  8.279 0.8000000119
1021  -1.190  -85.930  8.322 0.8000000119
1022  -2.476  -85.216  7.932 0.6999999881
1024  -0.326  -85.871  7.782 0.8000000119
1031  -3.533  -85.409  5.842 0.6999999881
1050  -5.203  -85.901  2.077 0.5000000000
1135  -7.283  -86.015  -5.899 0.4000000060
1145  -7.609  -84.860  -6.821 0.4000000060
1160  -15.277  -86.291  -8.233 0.4000000060
1162  -16.604  -85.667  -8.883 0.4000000060
1176  -13.469  -85.650  -10.516 0.6000000238
1199  -13.659  -86.160  -12.827 0.5000000000
1201  -16.885  -84.990  -12.938 0.4000000060
1213  -15.730  -85.644  -14.647 0.4000000060
1221  -7.853  -85.441  -16.046 0.6000000238
1225  -16.095  -85.169  -14.841 0.3000000119
1245  -2.033  -85.363  -18.253 0.6999999881
1263  2.321  -84.125  11.000 0.5000000000
1266  1.922  -84.361  10.064 0.5000000000
1270  3.041  -84.558  9.403 0.6000000238
1271  2.533  -84.469  9.812 0.6000000238
1275  -7.305  -84.909  9.356 0.4000000060
1279  3.197  -84.547  8.837 0.6000000238
1282  -6.975  -85.369  8.464 0.6000000238
1283  -7.233  -85.110  8.611 0.5000000000
1296  -1.641  -84.086  7.607 0.6999999881
1300  -6.687  -84.883  7.078 0.6000000238
1322  -2.461  -85.578  2.788 0.5000000000
1324  -7.660  -84.930  2.152 0.4000000060
1325  -8.388  -84.859  2.229 0.3000000119
1331  -3.309  -84.829  1.682 0.5000000000
1348  2.432  -83.914  0.276 0.8000000119
1431  -8.626  -84.630  -8.054 0.5000000000
1432  -10.226  -84.676  -8.453 0.6000000238
1434  -12.694  -84.765  -8.181 0.4000000060
1435  -13.306  -85.498  -8.092 0.4000000060
1452  -11.859  -84.555  -10.484 0.6999999881
1456  -14.170  -85.009  -10.857 0.6999999881
1457  -17.371  -84.248  -9.887 0.4000000060
1458  -17.608  -84.805  -10.171 0.4000000060
1470  -17.474  -84.499  -12.350 0.4000000060
1481  -17.110  -84.589  -12.951 0.4000000060
1490  -8.630  -84.957  -14.507 0.5000000000
1495  -16.529  -84.878  -14.264 0.3000000119
1503  -8.235  -85.194  -14.912 0.5000000000
1506  4.301  -83.419  -16.956 0.6999999881
1528  -0.719  -84.227  -18.943 0.6999999881
1531  -6.531  -84.771  -19.010 0.4000000060
1532  -6.950  -85.294  -18.327 0.5000000000
1535  -0.497  -83.661  -19.471 0.6999999881
1537  -1.734  -84.167  -18.985 0.6999999881
1549  1.813  -83.317  13.301 0.3000000119
1551  0.632  -83.456  12.664 0.4000000060
1558  -5.772  -84.028  12.485 0.3000000119
1564  -5.577  -84.233  11.889 0.5000000000
1584  -7.366  -84.350  9.929 0.4000000060
1590  3.018  -84.501  8.186 0.6000000238
1593  -7.524  -84.259  8.677 0.4000000060
1596  3.618  -84.088  7.588 0.6999999881
1605  3.611  -83.933  6.773 0.6999999881
1617  3.547  -83.803  6.059 0.6999999881
1645  6.942  -82.829  0.977 0.6000000238
1654  -7.767  -83.744  1.040 0.4000000060
1672  -4.665  -83.144  0.750 0.3000000119
1673  -5.253  -83.222  0.500 0.3000000119
1675  -7.155  -83.085  0.479 0.3000000119
1744  -8.574  -83.479  -5.900 0.3000000119
1761  -8.767  -83.217  -7.323 0.4000000060
1781  6.732  -83.852  -8.188 0.6000000238
1792  -15.917  -83.351  -9.056 0.4000000060
1794  6.849  -84.246  -9.652 0.5000000000
1804  -12.038  -83.118  -10.653 0.6000000238
1815  -12.565  -83.140  -11.052 0.6000000238
1830  -17.567  -83.920  -12.333 0.4000000060
1845  5.774  -83.463  -13.806 0.6999999881
1873  -10.529  -83.039  -17.294 0.3000000119
1877  3.608  -83.428  -17.101 0.6999999881
1881  -7.015  -83.321  -18.070 0.5000000000
1882  -7.146  -83.831  -17.359 0.5000000000
1892  -0.111  -83.329  -20.001 0.6999999881
1893  -1.058  -83.060  -19.947 0.6999999881
1897  -12.221  -82.497  -20.339 0.3000000119
1898  0.928  -83.047  -20.255 0.6999999881
1899  0.393  -82.933  -20.501 0.6999999881
1900  -0.490  -82.966  -20.340 0.6999999881
1950  2.645  -82.919  12.394 0.5000000000
1952  0.001  -82.787  11.859 0.4000000060
1960  3.519  -82.587  10.645 0.5000000000
1961  0.091  -82.479  11.109 0.5000000000
1972  -7.494  -83.401  9.583 0.4000000060
2046  7.001  -82.395  2.281 0.6999999881
2054  7.037  -82.569  1.402 0.8999999762
2066  7.115  -82.447  0.470 0.6000000238
2088  4.731  -82.501  -0.873 0.8000000119
2187  6.581  -83.475  -7.501 0.6000000238
2216  -12.256  -82.900  -10.897 0.6000000238
2225  -16.872  -82.481  -11.498 0.4000000060
2266  4.579  -82.629  -17.306 0.6000000238
2272  4.676  -82.059  -17.545 0.6999999881
2297  -1.652  -82.773  -19.784 0.5000000000
2318  -5.526  -82.910  -22.443 0.4000000060
2345  2.996  -81.555  12.711 0.3000000119
2346  -1.741  -82.008  12.664 0.3000000119
2347  -2.878  -81.933  12.551 0.4000000060
2354  2.839  -80.858  12.429 0.4000000060
2386  0.109  -81.240  8.780 0.6000000238
2403  -5.246  -81.138  7.081 0.6999999881
2414  -6.762  -81.911  5.277 0.4000000060
2430  -3.295  -80.807  5.055 0.6999999881
2439  -1.502  -81.000  2.700 0.8999999762
2452  3.938  -81.280  2.648 1.0000000000
2558  6.926  -82.318  -6.605 0.6000000238
2608  -9.560  -81.090  -11.527 0.5000000000
2630  -9.281  -80.906  -12.879 0.5000000000
2635  5.699  -81.683  -14.909 0.6999999881
2649  -7.755  -81.172  -15.106 0.6999999881
2655  5.430  -81.399  -16.987 0.6999999881
2662  -6.613  -81.279  -16.793 0.5000000000
2675  -3.301  -81.813  -17.627 0.5000000000
2677  -7.055  -82.114  -17.020 0.5000000000
2678  -10.606  -82.029  -17.570 0.3000000119
2690  -10.588  -82.665  -18.186 0.3000000119
2692  -12.345  -82.210  -18.700 0.3000000119
2696  1.264  -81.820  -19.829 0.6999999881
2702  1.126  -81.697  -21.160 0.5000000000
2706  -5.484  -82.054  -21.189 0.4000000060
2711  0.484  -81.202  -21.564 0.5000000000
2791  3.131  -80.543  10.081 0.4000000060
2795  -3.570  -80.465  9.596 0.6000000238
2800  4.512  -80.662  8.481 0.6000000238
2804  -3.517  -80.037  8.942 0.6000000238
2816  0.466  -81.214  7.339 0.6000000238
2828  -4.700  -79.797  6.786 0.6999999881
2853  -2.805  -79.665  4.042 0.8000000119
2862  2.161  -80.108  3.313 0.8000000119
2876  -1.150  -80.182  2.433 0.8999999762
2892  3.534  -80.321  1.536 1.0000000000
2895  0.053  -79.844  2.089 0.8999999762
3035  -9.091  -80.661  -11.032 0.5000000000
3057  -9.095  -80.229  -12.584 0.5000000000
3062  6.005  -81.132  -13.432 0.6999999881
3075  -7.614  -80.323  -14.921 0.6000000238
3099  5.438  -79.996  -17.413 0.6000000238
3104  -4.819  -80.246  -16.565 0.4000000060
3105  -5.430  -80.527  -16.888 0.4000000060
3116  5.063  -80.423  -17.863 0.6000000238
3131  4.753  -79.961  -18.266 0.6000000238
3140  1.340  -81.736  -20.508 0.6000000238
3150  -1.189  -80.766  -20.964 0.5000000000
3159  1.185  -80.674  -21.503 0.5000000000
3163  -1.645  -79.694  -21.095 0.6000000238
3169  0.271  -79.800  -22.088 0.5000000000
3218  2.356  -80.091  11.356 0.4000000060
3246  -2.628  -79.522  7.935 0.6999999881
3258  -0.801  -79.926  7.251 0.6000000238
3260  -3.590  -79.091  6.679 0.6999999881
3275  5.668  -78.870  6.067 0.8000000119
3290  -1.336  -78.790  4.074 0.6999999881
3293  -3.262  -79.438  4.649 0.6999999881
3306  -1.092  -78.954  3.467 0.8000000119
3314  3.150  -79.949  2.053 1.0000000000
3316  1.811  -79.643  2.336 0.8999999762
3318  -0.549  -79.647  2.453 0.8999999762
3424  7.552  -79.844  -7.440 0.5000000000
3426  5.181  -79.117  -8.138 0.6000000238
3449  5.661  -80.035  -9.645 0.6000000238
3473  5.685  -79.108  -11.584 0.6999999881
3494  5.770  -79.696  -13.096 0.6999999881
3530  -6.281  -79.515  -15.304 0.5000000000
3540  5.662  -79.309  -16.911 0.6000000238
3569  -4.078  -79.011  -20.343 0.4000000060
3583  1.122  -79.741  -21.787 0.5000000000
3648  1.270  -79.095  10.376 0.3000000119
3690  -2.707  -78.838  4.499 0.6999999881
3697  -2.315  -78.867  3.949 0.6999999881
3799  3.708  -78.584  -7.940 0.6999999881
3813  3.331  -78.405  -8.347 0.6999999881
3846  5.563  -78.824  -12.076 0.6999999881
3893  5.566  -78.443  -16.652 0.6000000238
4067  1.543  -77.090  6.604 0.4000000060
4176  6.205  -77.279  -8.598 0.6999999881
4214  4.387  -77.782  -11.194 0.6999999881
4215  3.836  -77.266  -11.004 0.6999999881
4222  4.776  -77.990  -11.957 0.6999999881
4229  3.916  -77.136  -12.331 0.6000000238
4243  5.010  -78.095  -15.435 0.6000000238
4287  5.404  -78.047  -17.438 0.6000000238
4288  4.607  -77.283  -18.094 0.5000000000
4513  4.121  -76.165  7.095 0.5000000000
4619  7.214  -77.087  -8.065 0.5000000000
4625  0.607  -75.818  -6.722 0.6000000238
4639  0.835  -76.122  -7.131 0.6000000238
4650  1.802  -76.930  -7.793 0.6999999881
4664  2.249  -76.262  -10.386 0.6000000238
4671  3.208  -76.473  -11.501 0.6000000238
4697  2.875  -76.512  -14.012 0.5000000000
4738  4.553  -76.577  -17.604 0.5000000000
4978  2.534  -75.208  6.508 0.4000000060
4979  1.520  -75.229  6.377 0.3000000119
4980  0.478  -75.389  6.476 0.3000000119
5002  4.136  -75.782  3.592 0.4000000060
5089  0.415  -74.894  -5.796 0.6000000238
5107  0.992  -75.556  -6.105 0.6000000238
5183  2.487  -75.909  -14.024 0.6000000238
5450  2.483  -74.408  10.239 0.5000000000
5451  1.820  -74.356  9.728 0.4000000060
5609  -0.419  -74.284  -5.700 0.6000000238
5610  -1.248  -74.202  -6.003 0.6000000238
5623  4.551  -74.015  -8.023 0.8000000119
5633  -1.055  -74.891  -7.263 0.6000000238
5643  -0.775  -74.723  -8.778 0.6000000238
5661  0.879  -74.984  -11.187 0.6000000238
5662  0.272  -74.430  -10.693 0.6000000238
5663  -0.368  -73.887  -10.199 0.6000000238
5712  3.886  -74.229  -15.642 0.4000000060
5902  4.620  -72.945  13.203 0.5000000000
5909  4.104  -73.755  12.400 0.5000000000
5926  1.062  -73.874  9.400 0.3000000119
5932  1.165  -74.221  9.274 0.3000000119
5948  5.504  -73.428  6.704 0.6000000238
5974  3.786  -73.959  4.562 0.6000000238
6095  -1.692  -73.397  -5.815 0.6000000238
6150  -0.245  -72.752  -10.333 0.6000000238
6176  1.916  -73.434  -14.021 0.6000000238
6177  1.660  -73.128  -13.299 0.6000000238
6187  3.369  -73.506  -15.149 0.4000000060
6391  4.862  -72.324  13.802 0.6000000238
6579  0.020  -72.092  -4.698 0.6000000238
6580  -0.803  -71.960  -4.781 0.6000000238
6586  4.547  -72.219  -8.847 0.6999999881
6587  3.929  -72.532  -7.272 0.8000000119
6590  0.482  -72.831  -4.891 0.6000000238
6834  4.987  -71.936  14.092 0.6000000238
6857  2.968  -72.490  12.160 0.5000000000
6878  5.471  -71.996  9.620 0.6000000238
7307  4.420  -70.917  14.836 0.5000000000
7366  5.138  -70.814  8.773 0.6999999881
7381  4.562  -70.427  7.603 0.6999999881
7534  2.243  -70.174  -4.966 0.6000000238
7535  1.441  -70.408  -4.630 0.6000000238
7536  0.676  -70.636  -4.398 0.6000000238
7537  -0.098  -70.872  -4.326 0.6000000238
7546  3.659  -70.374  -7.378 0.6999999881
7548  3.006  -70.851  -5.728 0.6999999881
7586  5.736  -71.208  -10.100 0.5000000000
7931  -0.165  -68.427  9.339 0.3000000119
8164  4.515  -70.614  -9.775 0.6000000238
8487  3.533  -68.718  16.023 0.6000000238
8525  2.809  -67.795  11.615 0.6000000238
8559  3.523  -68.783  9.780 0.6000000238
8754  2.919  -68.243  -5.533 0.6000000238
8755  2.495  -68.326  -4.892 0.6000000238
8757  1.178  -67.942  -4.239 0.6000000238
9140  3.316  -67.896  15.937 0.6000000238
9142  1.848  -66.649  15.493 0.6000000238
9192  -0.460  -67.258  10.603 0.5000000000
9370  1.951  -67.742  -4.668 0.6000000238
9391  2.507  -67.286  -5.822 0.6999999881
9409  3.170  -68.255  -8.078 0.8000000119
9433  4.642  -67.986  -11.180 0.6000000238
9848  -1.546  -66.590  8.467 0.3000000119
9995  1.891  -66.884  -6.189 0.6000000238
10034  1.584  -66.796  -7.807 0.6999999881
10433  1.700  -66.079  15.035 0.6999999881
10446  2.929  -65.567  14.265 0.8000000119
10448  0.131  -65.177  13.302 0.6000000238
10459  4.399  -65.109  13.756 0.6999999881
10481  -1.723  -65.231  10.840 0.5000000000
10688  2.149  -66.053  -10.323 0.8000000119
11113  -1.777  -64.251  12.070 0.6000000238
11150  -2.647  -64.578  8.647 0.4000000060
11179  -3.961  -64.376  6.421 0.3000000119
11400  3.375  -65.060  -13.038 0.8000000119
11811  -2.098  -63.588  11.770 0.6000000238
11877  -3.510  -63.778  7.862 0.5000000000
12521  -3.963  -62.392  10.857 0.6000000238
12522  -4.376  -61.634  10.923 0.6999999881
12804  2.413  -62.221  -13.993 0.8000000119
12816  0.992  -62.189  -14.367 0.8000000119
12817  -0.094  -61.789  -14.108 0.6000000238
12824  1.321  -61.633  -14.376 0.8000000119
13172  2.299  -60.449  13.493 0.6000000238
13191  -5.163  -60.153  10.689 0.8000000119
13313  -6.867  -61.189  3.362 0.3000000119
13484  1.829  -61.570  -14.186 0.8000000119
13486  0.223  -60.666  -14.388 0.8000000119
13843  -3.283  -59.905  11.585 0.8000000119
13933  -6.677  -60.411  4.723 0.4000000060
13934  -7.353  -60.041  3.658 0.4000000060
13961  -7.324  -60.537  3.140 0.3000000119
13982  -11.274  -60.479  2.365 0.4000000060
13984  -13.424  -60.417  2.424 0.4000000060
14627  -6.967  -59.162  8.308 0.6999999881
14661  -7.450  -59.219  5.913 0.6000000238
14716  -15.376  -59.843  2.219 0.4000000060
14730  -12.529  -59.498  1.680 0.4000000060
15395  -8.124  -58.728  6.105 0.6000000238
15396  -9.143  -58.041  6.467 0.6000000238
15462  -8.977  -59.064  2.851 0.4000000060
16119  -5.408  -57.852  10.389 0.6999999881
16130  -5.851  -57.624  10.351 0.6999999881
16131  -6.676  -57.589  10.444 0.6999999881
16145  -8.257  -56.887  10.045 0.6999999881
16158  -5.796  -57.193  8.536 0.6000000238
16273  -12.713  -57.777  1.904 0.6000000238
16405  -2.361  -58.066  -8.071 0.6999999881
16951  -8.281  -56.595  9.569 0.6999999881
16983  -10.840  -55.837  7.328 0.6000000238
17005  -12.378  -55.888  4.482 0.6000000238
17032  -18.973  -56.927  2.801 0.3000000119
17153  -3.579  -55.731  -4.694 0.4000000060
17810  -10.974  -55.739  6.925 0.6000000238
17881  -20.258  -55.420  1.891 0.5000000000
17981  -4.094  -55.225  -5.164 0.6000000238
18660  -20.579  -54.779  1.687 0.5000000000
19462  -21.994  -53.353  2.615 0.3000000119
19563  -4.104  -53.992  -4.781 0.5000000000
19573  -4.603  -53.310  -5.088 0.5000000000
20397  -4.853  -52.269  -7.048 0.5000000000
106865  -4.297  -86.716  -3.608 0.6000000238
107131  0.300  -63.848  -12.120 0.6000000238
107201  2.217  -83.473  12.243 0.5000000000
107217  5.920  -80.452  -13.338 0.6999999881
107883  -6.185  -80.451  -19.579 0.5000000000
107925  0.416  -90.496  1.823 0.5000000000
108145  -0.426  -81.287  10.066 0.6000000238
108415  5.402  -83.469  -14.800 0.8000000119
108641  5.205  -71.269  -10.082 0.5000000000
108951  0.222  -79.460  2.566 0.8999999762
109198  1.465  -82.688  1.082 0.8000000119
109405  3.493  -88.931  6.003 0.8999999762
109586  -7.026  -88.361  -10.376 0.6000000238
109675  -5.689  -91.150  -4.896 0.6999999881
109735  -0.973  -79.227  5.394 0.6999999881
110052  -4.209  -89.574  -8.767 0.6000000238
110293  2.879  -83.921  10.801 0.5000000000
111188  -3.089  -65.945  6.728 0.3000000119
111853  5.388  -72.431  7.380 0.6000000238
112937  2.950  -67.844  -6.980 0.8000000119
113013  -22.043  -46.988  1.294 0.3000000119
113137  -7.392  -82.559  -16.265 0.6999999881
113941  -13.074  -60.720  3.042 0.4000000060
114068  1.273  -66.341  -9.037 0.6999999881
114181  -14.485  -86.907  -13.585 0.5000000000
114441  -11.808  -87.125  -15.094 0.4000000060
114541  -1.231  -90.792  4.477 0.8000000119
114735  3.350  -81.311  -16.853 0.5000000000
115430  4.176  -77.276  -18.412 0.5000000000
115550  -5.461  -91.088  -4.224 0.6000000238
115604  -12.932  -86.575  -13.341 0.6000000238
115761  -0.798  -90.611  1.309 0.5000000000
116025  -6.470  -89.714  -6.978 0.6999999881
116342  -7.444  -84.568  7.926 0.5000000000
116858  -17.339  -56.564  0.650 0.5000000000
117004  -3.358  -54.382  -4.515 0.4000000060
117067  7.138  -82.536  -9.447 0.6000000238
117493  -0.042  -89.452  8.111 0.8999999762
117632  -5.664  -83.934  9.197 0.6000000238
117671  1.257  -83.569  12.790 0.4000000060
117799  -11.530  -83.735  -10.491 0.6000000238
118166  -4.861  -80.481  6.603 0.6999999881
118610  0.859  -63.707  -13.309 0.6999999881
118897  3.084  -66.950  15.477 0.8000000119
119057  -4.196  -79.322  6.392 0.6999999881
119263  4.286  -77.663  -12.602 0.6999999881
119786  -8.547  -79.372  -11.919 0.5000000000
120149  -16.954  -85.401  -11.823 0.4000000060
120353  -5.606  -90.478  -3.225 0.5000000000
120724  7.466  -78.988  -7.723 0.5000000000
122104  -10.065  -86.651  -14.479 0.5000000000
122349  -6.518  -89.089  -8.995 0.6999999881
122836  5.129  -78.487  -12.310 0.6999999881
122967  3.231  -74.037  8.385 0.5000000000
122979  -7.967  -84.173  -6.994 0.4000000060
123376  1.371  -66.882  -5.483 0.6000000238
124082  -5.777  -87.234  0.243 0.6999999881
124362  -0.132  -69.421  8.246 0.3000000119
124363  0.431  -66.348  -8.253 0.6000000238
124364  -4.615  -90.197  2.811 0.8000000119
124481  3.300  -76.348  -6.752 0.6999999881
124545  -1.766  -88.141  4.043 0.6999999881
124555  3.096  -87.037  -15.661 0.8000000119
124597  -6.920  -88.152  6.205 0.6000000238
124675  3.632  -69.394  15.958 0.5000000000
124676  1.577  -78.392  8.220 0.3000000119
124784  -7.291  -84.767  7.544 0.5000000000
124788  -0.430  -74.552  -9.544 0.6000000238
124824  5.243  -73.169  12.133 0.6000000238
125026  6.707  -82.939  0.803 0.8999999762
125160  2.229  -84.316  10.444 0.5000000000
125408  -6.030  -87.806  -3.087 0.6999999881
125512  -16.997  -85.694  -10.226 0.4000000060
125708  5.618  -80.071  -16.791 0.6000000238
125733  -8.356  -80.280  -13.932 0.5000000000
125901  6.433  -83.030  2.208 0.8999999762
125915  -9.017  -86.004  -11.278 0.6000000238
126133  -12.975  -87.085  -13.940 0.5000000000
126171  2.936  -82.874  11.840 0.4000000060
126200  -1.581  -88.932  -5.283 0.5000000000
126499  0.732  -90.376  2.278 0.5000000000
126532  -4.984  -79.750  -19.566 0.4000000060
126653  -3.193  -89.927  -1.081 0.5000000000
126811  -4.097  -79.324  5.898 0.6999999881
126884  -5.236  -84.644  6.542 0.6000000238
127035  2.666  -80.509  11.703 0.4000000060
127150  -5.870  -58.982  10.626 0.8000000119
127204  -2.313  -83.420  7.339 0.6999999881
127726  -2.190  -73.239  -6.178 0.5000000000
127942  -4.281  -61.257  11.191 0.6999999881
128046  1.130  -81.222  0.999 0.8000000119
128082  -8.179  -88.072  -4.622 0.3000000119
128558  3.457  -87.992  6.044 1.0000000000
128670  4.965  -76.626  -7.745 0.6999999881
128809  -1.973  -80.953  3.269 0.8999999762
128915  -2.022  -60.111  12.096 0.8000000119
128983  -8.574  -87.258  -11.053 0.8000000119
129191  1.777  -66.324  15.296 0.6000000238
129217  -9.725  -85.987  -8.433 0.6000000238
129255  -6.715  -79.427  -14.827 0.4000000060
129314  -14.286  -59.602  1.561 0.4000000060
