#!ascii label  , from subject sub-v2s16x51315_ses-1 vox2ras=TkReg
2790
37735  0.818  -38.403  54.958 0.3333329856
37736  0.361  -37.870  55.514 0.3333329856
37737  -0.849  -37.283  55.186 0.3333329856
37750  -1.027  -37.401  53.954 0.4444440007
38870  -1.843  -37.044  54.528 0.3333329856
134673  -1.863  -37.042  53.728 0.5555559993
38861  -2.584  -36.544  54.960 0.4444440007
121819  -3.744  -35.957  54.613 0.5555559993
39785  -4.250  -35.663  54.258 0.6666669846
40683  -4.828  -35.281  53.831 0.7777780294
38885  1.663  -36.765  52.069 0.3333329856
37769  1.695  -37.449  52.615 0.4444440007
37758  1.058  -37.747  53.587 0.4444440007
37748  0.683  -37.995  54.454 0.3333329856
37759  0.065  -37.582  53.798 0.4444440007
38879  -1.436  -36.965  53.302 0.4444440007
38871  -2.606  -36.755  53.975 0.6666669846
38872  -3.583  -36.074  53.815 0.7777780294
39789  -3.445  -35.907  52.875 0.6666669846
39790  -4.144  -35.627  53.367 0.6666669846
39800  -4.001  -35.428  52.505 0.7777780294
40684  -5.339  -34.865  53.345 0.5555559993
40685  -6.148  -34.335  53.547 0.5555559993
38876  1.340  -37.337  52.874 0.4444440007
38877  0.432  -37.245  53.100 0.5555559993
38878  -0.647  -37.120  53.197 0.5555559993
38880  -2.156  -36.630  53.077 0.6666669846
38881  -2.952  -36.350  53.344 0.6666669846
38890  -2.703  -36.084  52.587 0.6666669846
39799  -3.224  -35.509  52.046 0.6666669846
40694  -4.684  -35.241  52.982 0.7777780294
140568  -5.067  -34.861  52.669 0.6666669846
121986  -4.545  -34.989  52.250 0.7777780294
119734  -5.089  -34.592  52.044 0.7777780294
40695  -5.641  -34.508  52.702 0.6666669846
40696  -6.299  -34.061  52.644 0.5555559993
41531  -6.918  -33.687  52.395 0.5555559993
41521  -8.156  -33.240  53.326 0.5555559993
42329  -9.574  -32.516  54.188 0.3333329856
40705  -5.728  -34.163  51.963 0.7777780294
41544  -6.819  -33.459  51.525 0.7777780294
41520  -7.546  -33.504  52.878 0.5555559993
42353  -8.679  -32.829  52.101 0.5555559993
42340  -9.488  -32.582  53.295 0.3333329856
41532  -7.513  -33.365  52.087 0.7777780294
41545  -8.046  -33.024  51.778 0.6666669846
42354  -9.393  -32.547  52.389 0.5555559993
42355  -10.097  -32.198  52.738 0.4444440007
42366  -9.146  -32.482  51.528 0.7777780294
119303  -10.619  -31.820  52.314 0.5555559993
40714  1.656  -34.739  50.913 0.1111110002
120069  1.723  -34.830  51.755 0.2222220004
39794  1.535  -35.663  52.010 0.2222220004
134017  1.265  -35.646  52.288 0.3333329856
38886  0.909  -36.637  52.612 0.3333329856
38887  -0.188  -36.621  52.697 0.5555559993
38888  -1.295  -36.511  52.697 0.6666669846
38889  -2.059  -36.205  52.458 0.6666669846
39804  -3.316  -34.790  51.498 0.7777780294
39805  -3.930  -34.991  51.778 0.7777780294
40704  -4.505  -34.628  51.656 0.7777780294
41542  -5.026  -34.142  51.315 0.7777780294
41543  -5.884  -33.709  51.274 0.7777780294
42365  -8.486  -32.724  51.435 0.7777780294
44088  -11.784  -30.863  53.637 0.5555559993
42379  -8.595  -32.397  50.680 0.7777780294
42367  -10.040  -32.111  51.726 0.6666669846
43219  -10.837  -31.570  51.601 0.6666669846
43208  -11.250  -31.314  52.424 0.6666669846
44100  -12.174  -30.245  52.512 0.5555559993
43218  -9.533  -32.089  50.800 0.7777780294
43234  -10.351  -31.668  50.752 0.7777780294
44110  -11.458  -30.974  51.514 0.6666669846
41555  1.668  -33.251  51.090 0.1111110002
40701  1.835  -34.044  51.482 0.2222220004
139559  1.798  -33.851  52.684 0.2222220004
40689  1.519  -34.469  52.385 0.2222220004
134412  -0.058  -35.249  52.570 0.6666669846
39796  -0.626  -35.875  52.415 0.7777780294
41570  0.886  -33.219  50.117 0.1111110002
39797  -1.559  -35.725  52.223 0.6666669846
39803  -2.003  -34.932  51.897 0.7777780294
39798  -2.391  -35.649  52.081 0.6666669846
41541  -3.314  -34.112  51.139 0.7777780294
40703  -4.075  -34.327  51.155 0.7777780294
41557  -4.693  -33.560  50.738 0.7777780294
138860  -5.292  -33.687  50.936 0.7777780294
41559  -6.372  -33.279  50.881 0.7777780294
41560  -7.111  -32.956  50.827 0.7777780294
42378  -7.686  -32.466  50.384 0.8888890147
43233  -9.783  -31.743  50.208 0.7777780294
127555  -11.763  -30.707  52.172 0.6666669846
43250  -10.204  -31.481  49.973 0.7777780294
43235  -11.044  -31.260  50.887 0.6666669846
44111  -12.097  -30.158  51.477 0.6666669846
44135  -11.151  -30.636  49.516 0.7777780294
45076  -12.072  -29.871  50.460 0.5555559993
40679  1.567  -33.747  53.034 0.3333329856
140199  1.293  -34.313  52.882 0.3333329856
40690  0.857  -34.868  52.662 0.4444440007
40691  -0.926  -34.949  52.343 0.6666669846
141481  1.245  -33.061  50.487 0.1111110002
40702  -2.710  -34.497  51.533 0.7777780294
41540  -2.629  -33.652  51.424 0.7777780294
42362  -2.928  -32.863  51.284 0.4444440007
42352  -2.766  -31.945  52.016 0.4444440007
132506  -3.563  -32.921  50.767 0.7777780294
43229  -3.925  -32.071  50.658 0.6666669846
42374  -4.252  -32.908  50.507 0.7777780294
134419  -4.947  -32.875  50.387 0.8888890147
42376  -5.630  -32.386  50.144 0.7777780294
127581  -6.393  -32.776  50.404 0.8888890147
42377  -7.024  -32.505  50.241 0.8888890147
42391  -8.128  -31.914  49.737 0.8888890147
43232  -9.109  -31.896  50.004 0.7777780294
43249  -9.622  -31.468  49.631 0.7777780294
44134  -10.270  -31.044  49.346 0.7777780294
136300  -11.709  -30.136  49.793 0.6666669846
141207  -11.984  -29.396  48.948 0.6666669846
43206  -3.018  -30.980  52.478 0.2222220004
43207  -3.712  -30.629  52.187 0.2222220004
44108  -4.404  -30.221  51.906 0.1111110002
43230  -4.626  -31.394  50.497 0.5555559993
44117  -4.750  -30.493  51.054 0.2222220004
42375  -4.767  -32.269  50.282 0.7777780294
121382  -5.175  -30.884  50.406 0.5555559993
44130  -5.832  -30.874  49.950 0.6666669846
43246  -6.563  -31.306  49.653 0.8888890147
44132  -7.140  -30.781  49.343 0.6666669846
43247  -7.294  -31.559  49.563 0.8888890147
44133  -8.044  -31.026  49.089 0.8888890147
44144  -8.866  -30.896  48.839 0.7777780294
44145  -10.647  -30.360  48.697 0.8888890147
44146  -11.520  -29.898  48.931 0.6666669846
45099  -11.768  -29.203  48.380 0.6666669846
45100  -12.381  -28.891  48.956 0.6666669846
46083  -12.765  -28.223  48.705 0.6666669846
45110  -11.483  -28.726  47.664 0.7777780294
46082  -12.251  -28.502  48.116 0.7777780294
47080  -12.987  -27.391  47.278 0.6666669846
45073  -5.853  -29.355  50.951 0.1111110002
44131  -6.494  -30.559  49.689 0.4444440007
126027  -9.600  -30.563  48.609 0.8888890147
45098  -10.063  -29.944  48.121 0.8888890147
46094  -10.673  -28.801  47.462 0.8888890147
46095  -12.103  -27.912  47.308 0.7777780294
47098  -12.333  -27.276  46.768 0.6666669846
48037  -13.659  -26.923  47.215 0.6666669846
48059  -14.263  -26.479  47.156 0.6666669846
49031  -14.866  -25.958  47.257 0.6666669846
45061  -5.995  -28.797  51.548 0.1111110002
45075  -6.842  -28.756  50.030 0.4444440007
46049  -6.645  -28.383  50.833 0.4444440007
45085  -7.376  -29.213  49.231 0.5555559993
46067  -8.004  -27.963  48.653 0.6666669846
45095  -8.083  -29.439  48.622 0.7777780294
45107  -9.259  -29.187  47.815 0.6666669846
45097  -9.272  -29.859  48.138 0.8888890147
134945  -8.883  -27.629  47.718 0.6666669846
46093  -9.840  -28.656  47.460 0.7777780294
47096  -10.769  -27.360  46.800 0.7777780294
47097  -11.570  -27.321  46.726 0.7777780294
137986  -13.740  -26.575  46.566 0.6666669846
48079  -14.346  -26.109  46.238 0.6666669846
49045  -15.202  -25.607  46.533 0.7777780294
50053  -16.306  -24.582  47.447 0.6666669846
50063  -15.767  -25.167  46.008 0.7777780294
50054  -16.794  -24.301  47.016 0.6666669846
46003  -5.952  -28.165  52.712 0.1111110002
130011  -6.346  -27.664  52.775 0.1111110002
46032  -6.709  -27.991  51.390 0.1111110002
134860  -7.236  -28.467  49.647 0.4444440007
46050  -7.049  -28.007  50.495 0.4444440007
47007  -7.062  -27.534  51.225 0.4444440007
46066  -7.458  -27.857  49.567 0.4444440007
47042  -7.772  -27.118  49.251 0.4444440007
47060  -8.305  -27.345  48.342 0.6666669846
136169  -8.529  -28.032  48.053 0.6666669846
48036  -8.663  -26.852  47.913 0.6666669846
47095  -10.003  -27.337  46.991 0.7777780294
48056  -11.138  -26.575  46.320 0.7777780294
48057  -12.037  -26.757  46.288 0.8888890147
48077  -12.556  -26.258  45.862 0.7777780294
49061  -12.981  -25.707  45.364 0.8888890147
49062  -13.870  -25.682  45.334 0.7777780294
49063  -14.902  -25.454  45.428 0.7777780294
49076  -12.553  -25.061  45.129 0.8888890147
135765  -14.990  -24.988  44.675 0.8888890147
50076  -15.768  -24.930  45.018 0.7777780294
50065  -17.054  -24.191  46.078 0.7777780294
49070  -34.501  -25.668  45.188 0.2222220004
50077  -16.584  -24.462  45.104 0.7777780294
49069  -33.932  -25.573  44.556 0.3333329856
50091  -16.137  -24.376  44.353 0.7777780294
50092  -16.852  -24.082  44.476 0.7777780294
127461  -33.248  -25.486  44.005 0.3333329856
49097  -32.427  -25.442  43.501 0.3333329856
49109  -33.297  -25.108  43.246 0.3333329856
49116  -31.092  -25.126  42.065 0.5555559993
46977  -6.493  -27.204  53.432 0.1111110002
120857  -7.169  -26.781  52.454 0.1111110002
47024  -7.416  -27.104  50.446 0.3333329856
47008  -7.311  -26.897  51.552 0.1111110002
48004  -7.847  -26.245  49.816 0.3333329856
120045  -7.626  -26.160  50.924 0.3333329856
48018  -8.184  -26.459  48.756 0.4444440007
49029  -9.229  -25.786  47.479 0.7777780294
49042  -9.808  -26.025  46.839 0.7777780294
49043  -10.439  -25.759  46.379 0.7777780294
126839  -11.978  -25.065  45.386 0.8888890147
120135  -35.826  -24.843  45.306 0.1111110002
49077  -13.312  -25.055  44.846 0.8888890147
50090  -14.513  -24.426  44.248 0.8888890147
49071  -35.222  -25.310  45.159 0.1111110002
50102  -14.857  -23.994  43.866 0.8888890147
50103  -15.602  -23.865  43.738 0.8888890147
50078  -17.177  -24.067  45.143 0.7777780294
50096  -34.750  -25.256  44.488 0.2222220004
51090  -16.486  -23.852  43.857 0.8888890147
51079  -17.488  -23.680  44.621 0.7777780294
49098  -34.125  -25.087  43.772 0.3333329856
50097  -35.511  -24.788  44.472 0.3333329856
51091  -17.113  -23.692  44.006 0.8888890147
51092  -17.755  -23.193  43.857 0.7777780294
140144  -32.716  -25.082  42.802 0.3333329856
50107  -33.950  -24.670  42.976 0.3333329856
49108  -32.611  -24.748  42.171 0.3333329856
128960  -33.853  -24.396  42.351 0.3333329856
120605  -31.913  -24.501  41.124 0.4444440007
50130  -32.537  -24.432  41.430 0.4444440007
132633  -30.838  -24.499  40.512 0.5555559993
50146  -31.528  -24.352  40.521 0.5555559993
131791  -27.601  -23.896  40.139 0.8888890147
50143  -28.555  -24.402  40.341 0.8888890147
50144  -29.460  -24.415  40.170 0.8888890147
47978  -7.556  -26.148  51.978 0.1111110002
48977  -7.895  -25.325  51.374 0.1111110002
49005  -8.021  -25.441  50.272 0.4444440007
49016  -8.292  -25.398  49.160 0.4444440007
50039  -8.744  -24.566  48.696 0.3333329856
49017  -8.785  -25.291  48.251 0.4444440007
50051  -9.230  -24.804  47.827 0.3333329856
49030  -9.761  -25.236  47.011 0.7777780294
51052  -9.791  -24.274  47.329 0.4444440007
49058  -10.969  -25.133  46.009 0.7777780294
50088  -12.839  -24.387  44.826 0.8888890147
51087  -13.075  -23.650  44.652 0.8888890147
51088  -13.697  -23.367  44.329 0.7777780294
51099  -14.879  -23.376  43.698 0.8888890147
51100  -15.469  -23.155  43.464 0.8888890147
132364  -16.573  -22.898  43.087 0.8888890147
51080  -18.209  -23.227  44.848 0.6666669846
133674  -34.941  -24.855  43.935 0.3333329856
50110  -35.899  -24.214  44.110 0.2222220004
52133  -16.565  -22.240  42.791 0.8888890147
52135  -18.434  -22.522  43.233 0.8888890147
119919  -19.139  -22.444  43.832 0.8888890147
52137  -20.275  -22.058  43.643 0.6666669846
52120  -21.372  -22.285  44.345 0.7777780294
50108  -34.704  -24.555  43.325 0.2222220004
52136  -19.443  -22.147  43.162 0.8888890147
52150  -21.789  -22.049  42.779 0.6666669846
50132  -34.208  -24.010  41.867 0.2222220004
50118  -34.500  -24.237  42.612 0.2222220004
52151  -22.398  -22.366  42.408 0.8888890147
52152  -23.092  -22.875  41.977 0.8888890147
50131  -33.336  -24.312  41.779 0.3333329856
52157  -22.939  -22.021  41.478 0.8888890147
52169  -24.482  -22.295  40.817 0.7777780294
50147  -32.377  -24.129  40.608 0.5555559993
52170  -25.208  -22.411  40.637 0.8888890147
52171  -26.078  -22.468  40.565 0.8888890147
51137  -26.325  -23.209  40.413 0.8888890147
51138  -27.157  -23.142  40.052 0.8888890147
50156  -29.713  -23.929  39.495 0.8888890147
50145  -30.270  -24.347  40.042 0.7777780294
51147  -26.812  -22.737  40.347 0.8888890147
51139  -28.031  -23.131  39.597 0.8888890147
50155  -28.818  -23.717  39.553 0.8888890147
50061  -10.339  -24.755  46.560 0.6666669846
50062  -11.002  -24.291  46.199 0.5555559993
51067  -11.000  -23.370  46.483 0.4444440007
51077  -11.673  -23.804  45.707 0.7777780294
52114  -13.221  -23.015  44.634 0.7777780294
52116  -14.316  -22.883  43.985 0.7777780294
52131  -15.069  -22.671  43.605 0.7777780294
53077  -16.001  -21.657  43.062 0.8888890147
51105  -35.946  -23.770  43.426 0.2222220004
123231  -36.530  -23.156  43.587 0.1111110002
52148  -17.226  -21.888  42.534 0.8888890147
117536  -20.867  -22.081  44.036 0.6666669846
52138  -21.338  -22.079  43.453 0.7777780294
51113  -35.664  -23.577  42.721 0.2222220004
52142  -36.617  -22.555  43.123 0.2222220004
53091  -17.756  -21.332  42.263 0.8888890147
120027  -18.483  -21.442  42.145 0.8888890147
53078  -20.170  -21.765  42.823 0.8888890147
53094  -21.336  -21.637  42.443 0.8888890147
51112  -35.052  -23.684  42.198 0.2222220004
53112  -22.122  -21.717  41.943 0.8888890147
54038  -25.855  -21.446  41.799 0.6666669846
53095  -26.919  -21.645  43.096 0.3333329856
53097  -28.318  -22.148  42.408 0.3333329856
124312  -29.120  -21.983  40.503 0.4444440007
51123  -35.395  -23.108  41.624 0.2222220004
140710  -22.595  -21.196  41.446 0.8888890147
53113  -23.383  -21.140  41.217 0.8888890147
53130  -24.143  -21.512  40.995 0.7777780294
53131  -24.818  -21.740  40.834 0.7777780294
53096  -27.446  -21.984  42.391 0.3333329856
119905  -28.195  -22.117  40.663 0.6666669846
53135  -28.728  -22.111  39.885 0.6666669846
51158  -29.572  -22.811  38.818 0.8888890147
51159  -30.376  -22.845  38.597 0.8888890147
51121  -33.796  -23.768  41.012 0.4444440007
51122  -34.680  -23.487  41.323 0.2222220004
53132  -25.498  -21.889  40.795 0.7777780294
53133  -26.214  -21.992  40.888 0.8888890147
53134  -27.101  -22.087  40.951 0.7777780294
52173  -27.899  -22.347  40.245 0.8888890147
52184  -28.581  -22.513  39.576 0.8888890147
51149  -30.018  -23.420  38.995 0.8888890147
121392  -31.709  -23.457  38.965 0.8888890147
50159  -32.572  -23.740  39.894 0.5555559993
129443  -33.746  -23.444  40.175 0.4444440007
52172  -26.959  -22.408  40.582 0.8888890147
52183  -27.582  -22.697  40.034 0.8888890147
51151  -32.315  -23.539  39.284 0.5555559993
123098  -33.171  -23.367  39.344 0.5555559993
52080  -11.600  -22.808  46.196 0.5555559993
52081  -12.659  -21.767  46.005 0.4444440007
126952  -12.551  -22.529  45.499 0.5555559993
52098  -12.711  -23.062  44.994 0.6666669846
53062  -13.782  -21.912  44.888 0.6666669846
53969  -26.939  -19.987  46.875 0.1111110002
53075  -14.674  -22.116  43.964 0.7777780294
53064  -15.009  -21.337  44.166 0.7777780294
53041  -27.378  -20.578  46.396 0.1111110002
53076  -15.339  -21.898  43.534 0.7777780294
54840  -25.500  -18.982  45.413 0.4444440007
132753  -26.081  -19.632  45.339 0.3333329856
53988  -26.195  -20.129  44.740 0.2222220004
53989  -26.684  -20.354  45.338 0.2222220004
53065  -27.130  -21.067  44.926 0.1111110002
52143  -36.893  -22.442  43.797 0.1111110002
52147  -16.614  -21.524  42.725 0.8888890147
53090  -17.075  -21.062  42.509 0.8888890147
54851  -25.554  -19.515  44.522 0.3333329856
53999  -26.464  -20.806  44.487 0.2222220004
52153  -36.511  -22.142  42.398 0.2222220004
132670  -18.202  -20.768  42.015 0.8888890147
53108  -18.920  -20.633  41.744 0.8888890147
53110  -20.351  -20.808  41.719 0.8888890147
54032  -20.729  -20.013  41.381 0.8888890147
131332  -21.106  -20.850  41.713 0.8888890147
54861  -25.323  -19.820  43.436 0.4444440007
53998  -25.935  -20.342  44.000 0.4444440007
54010  -26.243  -21.122  43.596 0.4444440007
53120  -32.118  -21.414  40.896 0.2222220004
129301  -36.240  -21.986  41.591 0.2222220004
51124  -36.009  -22.692  41.964 0.2222220004
53111  -21.859  -20.917  41.563 0.8888890147
54020  -26.056  -21.331  42.622 0.5555559993
53137  -30.520  -21.691  39.960 0.5555559993
52175  -35.489  -22.222  40.480 0.2222220004
54034  -22.594  -20.306  41.327 0.8888890147
54035  -23.456  -20.213  41.225 0.7777780294
54050  -24.445  -21.037  41.169 0.7777780294
54037  -24.838  -20.660  41.515 0.7777780294
54019  -25.415  -20.814  42.130 0.7777780294
53149  -30.561  -21.670  39.010 0.6666669846
53148  -29.717  -22.036  38.932 0.7777780294
51160  -31.273  -22.968  38.444 0.8888890147
52174  -34.871  -22.636  40.054 0.2222220004
51141  -34.420  -23.236  40.492 0.4444440007
51142  -35.130  -22.910  40.836 0.2222220004
54049  -23.927  -20.760  41.138 0.7777780294
52195  -31.063  -22.215  38.246 0.7777780294
51161  -32.248  -23.123  38.537 0.8888890147
51152  -34.155  -23.017  39.654 0.4444440007
52063  -11.832  -21.868  46.698 0.4444440007
53039  -13.259  -20.911  46.461 0.4444440007
53051  -14.078  -21.206  45.328 0.5555559993
53986  -14.719  -20.867  44.955 0.5555559993
54831  -25.983  -19.135  46.579 0.1111110002
53968  -26.493  -19.587  46.729 0.1111110002
53063  -14.384  -21.608  44.593 0.6666669846
53987  -15.175  -20.158  45.364 0.6666669846
130405  -25.913  -19.230  45.939 0.2222220004
53979  -26.425  -19.652  46.014 0.2222220004
53996  -15.439  -20.517  44.446 0.7777780294
54850  -24.840  -18.693  44.721 0.3333329856
53101  -36.801  -21.221  42.470 0.1111110002
54857  -16.613  -19.900  43.496 0.7777780294
54008  -17.072  -20.242  42.745 0.8888890147
53086  -36.882  -21.815  43.165 0.1111110002
54017  -17.680  -20.533  42.284 0.8888890147
54018  -18.361  -20.037  41.920 0.8888890147
54031  -19.771  -20.104  41.469 0.8888890147
54888  -20.370  -19.334  41.444 0.8888890147
54889  -21.235  -19.329  41.380 0.8888890147
54033  -21.615  -20.059  41.375 0.8888890147
131460  -25.139  -20.115  42.500 0.6666669846
54052  -32.473  -20.641  40.259 0.4444440007
52176  -35.990  -21.766  40.907 0.2222220004
53121  -36.358  -21.257  41.271 0.1111110002
54890  -22.113  -19.437  41.379 0.8888890147
118529  -22.957  -19.570  41.360 0.7777780294
125576  -23.576  -19.654  41.410 0.7777780294
54873  -24.658  -19.939  41.849 0.7777780294
141627  -25.016  -20.327  41.952 0.7777780294
53150  -31.556  -21.089  38.907 0.6666669846
53159  -30.431  -22.002  38.611 0.7777780294
52187  -34.634  -22.364  39.236 0.5555559993
52188  -35.282  -21.941  39.716 0.4444440007
53139  -35.785  -21.479  40.229 0.2222220004
53160  -31.179  -21.611  38.325 0.7777780294
52206  -31.881  -22.023  37.638 0.8888890147
52186  -33.846  -22.718  38.800 0.7777780294
53151  -35.044  -21.620  38.929 0.5555559993
52198  -33.452  -22.264  37.956 0.8888890147
52208  -33.382  -21.659  37.452 0.8888890147
53967  -14.384  -19.859  46.915 0.3333329856
54818  -15.124  -19.220  47.109 0.3333329856
53977  -14.422  -20.438  45.921 0.5555559993
55710  -24.697  -18.074  47.337 0.2222220004
54820  -25.392  -18.575  46.988 0.1111110002
54810  -25.653  -18.875  48.322 0.1111110002
122156  -16.240  -18.843  45.767 0.3333329856
136331  -16.100  -19.318  45.099 0.2222220004
55720  -24.792  -18.176  46.516 0.2222220004
54847  -15.752  -19.864  44.886 0.5555559993
54838  -16.678  -18.909  44.908 0.5555559993
55735  -24.067  -17.958  44.960 0.3333329856
54839  -24.827  -18.355  45.642 0.3333329856
53997  -16.013  -20.308  43.868 0.7777780294
54849  -16.961  -19.157  43.997 0.6666669846
54859  -17.855  -19.207  42.896 0.6666669846
55736  -24.110  -18.441  43.928 0.5555559993
54869  -17.718  -19.802  42.470 0.7777780294
55746  -18.356  -18.662  43.020 0.8888890147
55760  -18.949  -18.751  42.344 0.8888890147
55748  -23.326  -18.206  43.160 0.7777780294
54860  -24.776  -19.096  43.714 0.6666669846
54892  -32.562  -19.578  40.480 0.4444440007
55776  -20.082  -18.785  41.683 0.8888890147
55777  -20.870  -18.771  41.589 0.7777780294
127580  -22.018  -18.426  41.920 0.7777780294
55764  -22.604  -18.294  42.356 0.7777780294
55749  -24.066  -18.804  42.854 0.7777780294
122165  -24.680  -19.465  42.673 0.6666669846
117883  -32.285  -19.854  39.727 0.4444440007
55778  -21.703  -18.799  41.567 0.7777780294
54891  -23.301  -19.188  41.605 0.7777780294
54036  -24.144  -20.144  41.342 0.7777780294
54908  -31.731  -19.410  39.134 0.5555559993
127380  -32.116  -20.681  39.586 0.5555559993
54053  -36.402  -20.541  40.889 0.2222220004
54917  -31.166  -19.234  38.486 0.6666669846
54071  -31.605  -20.788  37.982 0.7777780294
53161  -34.039  -21.604  37.738 0.7777780294
52199  -34.349  -22.031  38.416 0.5555559993
54063  -36.075  -20.637  40.106 0.2222220004
55812  -30.429  -18.848  38.204 0.7777780294
54926  -31.748  -20.027  37.422 0.7777780294
54079  -31.955  -20.769  37.301 0.8888890147
53169  -32.978  -21.277  37.063 0.8888890147
53170  -33.716  -21.127  37.235 0.8888890147
53162  -34.708  -21.252  38.182 0.7777780294
54073  -35.322  -20.772  38.726 0.5555559993
53152  -35.590  -21.144  39.499 0.3333329856
54080  -32.580  -20.708  36.894 0.8888890147
53171  -34.331  -20.980  37.593 0.7777780294
117483  -15.829  -18.702  47.274 0.2222220004
54828  -16.456  -18.493  46.642 0.2222220004
55717  -17.306  -18.032  46.942 0.2222220004
133299  -17.770  -17.859  46.247 0.2222220004
56663  -23.378  -17.363  46.410 0.1111110002
54829  -17.107  -18.292  45.795 0.3333329856
55726  -17.989  -17.888  45.465 0.3333329856
56672  -19.588  -17.582  45.119 0.4444440007
118024  -20.910  -17.377  45.245 0.2222220004
118125  -21.600  -17.247  45.525 0.2222220004
56674  -22.395  -17.332  45.288 0.2222220004
55719  -24.088  -17.639  46.870 0.1111110002
55733  -17.531  -18.424  44.593 0.4444440007
132681  -19.118  -17.737  44.620 0.4444440007
56685  -19.836  -17.676  44.200 0.4444440007
56686  -20.759  -17.562  44.329 0.2222220004
56675  -23.333  -17.495  45.564 0.1111110002
55727  -24.143  -17.739  45.995 0.1111110002
55745  -17.670  -18.850  43.594 0.6666669846
56684  -18.973  -17.943  43.831 0.4444440007
56687  -21.581  -17.427  44.698 0.4444440007
56688  -22.344  -17.590  44.216 0.3333329856
122217  -23.533  -17.997  44.119 0.5555559993
129002  -30.636  -17.652  42.193 0.2222220004
56719  -31.322  -17.778  42.761 0.2222220004
55747  -19.029  -18.252  42.957 0.5555559993
55761  -19.713  -18.371  42.311 0.6666669846
56715  -21.003  -17.969  42.606 0.6666669846
56703  -22.441  -17.864  43.226 0.6666669846
56704  -22.979  -17.813  43.877 0.5555559993
56729  -30.471  -17.781  41.442 0.2222220004
56730  -31.457  -18.151  41.752 0.3333329856
56714  -20.301  -18.029  42.651 0.7777780294
55763  -21.334  -18.348  41.963 0.7777780294
56741  -30.281  -17.931  40.597 0.3333329856
55780  -31.193  -18.266  40.807 0.3333329856
55791  -30.088  -18.129  39.756 0.5555559993
55792  -31.893  -18.844  39.987 0.5555559993
55800  -29.811  -18.394  38.864 0.6666669846
55801  -30.908  -18.697  39.228 0.5555559993
140913  -36.083  -20.055  39.812 0.2222220004
54925  -31.061  -19.252  37.487 0.7777780294
54920  -35.101  -19.296  38.129 0.6666669846
54062  -35.791  -20.330  39.373 0.3333329856
55811  -29.501  -18.559  37.923 0.7777780294
119612  -30.204  -18.752  37.263 0.7777780294
54927  -32.130  -20.068  36.842 0.8888890147
54088  -32.859  -19.916  36.610 0.8888890147
54928  -33.660  -19.732  36.788 0.8888890147
54919  -34.430  -19.552  37.364 0.7777780294
54072  -34.866  -20.334  37.920 0.7777780294
54909  -35.507  -19.897  38.698 0.6666669846
54935  -32.230  -19.165  36.566 0.8888890147
121450  -29.613  -16.622  43.384 0.2222220004
133503  -29.115  -16.750  42.145 0.2222220004
56717  -29.777  -17.263  42.025 0.2222220004
126819  -29.056  -16.970  41.548 0.4444440007
56728  -29.667  -17.438  41.121 0.4444440007
56727  -28.907  -17.158  40.766 0.5555559993
56740  -29.477  -17.651  40.266 0.5555559993
117684  -28.665  -17.392  39.919 0.7777780294
56752  -29.192  -17.932  39.412 0.6666669846
56762  -27.623  -17.303  38.709 0.7777780294
55799  -28.910  -18.159  38.550 0.6666669846
55810  -28.730  -18.194  37.677 0.7777780294
56774  -27.497  -17.411  37.903 0.7777780294
124824  -30.270  -18.335  36.606 0.7777780294
55836  -31.795  -18.402  36.507 0.8888890147
55827  -33.172  -17.919  36.902 0.8888890147
56775  -28.094  -17.765  37.428 0.8888890147
56776  -28.660  -17.979  36.954 0.8888890147
55835  -30.993  -18.053  36.407 1.0000000000
56777  -32.132  -17.122  36.854 0.8888890147
56778  -32.559  -16.595  37.644 1.0000000000
56786  -27.481  -17.364  37.064 1.0000000000
56787  -28.241  -17.581  36.545 1.0000000000
56788  -29.070  -17.634  36.200 1.0000000000
56789  -30.053  -17.495  36.106 1.0000000000
56790  -30.945  -16.820  36.159 1.0000000000
57685  -31.433  -16.213  36.808 1.0000000000
57669  -31.831  -15.776  37.478 0.8888890147
56797  -28.652  -17.180  35.624 1.0000000000
57682  -29.681  -16.925  35.576 1.0000000000
57684  -31.340  -15.724  36.349 1.0000000000
57702  -29.432  -16.594  35.132 1.0000000000
133068  -30.289  -16.237  35.353 1.0000000000
57608  -29.398  -16.761  42.690 0.2222220004
137176  -29.025  -16.185  43.084 0.3333329856
57621  -28.605  -16.386  41.893 0.5555559993
57607  -28.785  -16.225  42.534 0.3333329856
58553  -28.440  -15.383  43.066 0.3333329856
57635  -28.169  -16.820  40.424 0.6666669846
57646  -27.852  -17.074  39.555 0.8888890147
57645  -27.018  -16.582  39.126 0.8888890147
57657  -27.029  -16.944  38.323 0.7777780294
57659  -32.852  -16.038  38.505 0.8888890147
57658  -32.266  -15.440  38.160 1.0000000000
57681  -27.673  -17.211  36.138 1.0000000000
134149  -31.619  -15.097  36.768 1.0000000000
58641  -31.883  -14.860  37.207 0.8888890147
58625  -32.352  -14.715  37.714 0.7777780294
134732  -27.104  -16.725  35.707 1.0000000000
141305  -27.899  -16.927  35.453 1.0000000000
57704  -30.908  -15.793  35.765 1.0000000000
118927  -32.029  -14.977  36.293 1.0000000000
58642  -32.620  -14.779  36.870 0.7777780294
57718  -29.889  -16.075  34.830 1.0000000000
57703  -30.561  -15.890  35.269 1.0000000000
58673  -31.128  -15.501  35.179 1.0000000000
57634  -27.732  -16.116  40.877 0.7777780294
57620  -28.007  -15.870  41.640 0.5555559993
58573  -27.470  -15.210  41.237 0.5555559993
121591  -27.449  -16.390  40.048 0.7777780294
58595  -26.940  -15.865  39.752 0.7777780294
57656  -26.414  -16.287  38.264 1.0000000000
57668  -26.859  -16.922  37.577 1.0000000000
57667  -26.304  -16.298  37.168 1.0000000000
57680  -26.404  -16.264  36.101 1.0000000000
57700  -27.574  -16.504  34.994 1.0000000000
57717  -28.240  -16.198  34.495 1.0000000000
58657  -31.763  -15.244  35.546 1.0000000000
58675  -32.596  -15.373  35.158 1.0000000000
58668  -26.627  -15.349  34.814 1.0000000000
58655  -27.297  -15.857  34.547 1.0000000000
58672  -30.399  -15.712  34.675 1.0000000000
58687  -30.844  -15.489  34.289 1.0000000000
58674  -32.015  -15.402  34.612 1.0000000000
58658  -33.274  -15.329  35.738 0.6666669846
58669  -27.245  -15.040  34.242 1.0000000000
58670  -28.000  -15.524  34.061 1.0000000000
58671  -29.022  -15.856  34.168 1.0000000000
58685  -29.370  -15.400  33.591 1.0000000000
58686  -30.240  -15.477  33.671 1.0000000000
135095  -31.246  -15.644  33.284 1.0000000000
58688  -32.130  -15.735  33.590 1.0000000000
57719  -32.997  -15.764  34.044 1.0000000000
59593  -27.390  -14.160  41.457 0.3333329856
59611  -27.085  -14.556  40.670 0.5555559993
59628  -26.706  -14.945  39.816 0.7777780294
58594  -26.495  -15.744  39.124 0.7777780294
127248  -26.331  -14.971  39.068 0.6666669846
118401  -26.820  -13.914  40.103 0.5555559993
58608  -26.206  -15.424  38.535 0.8888890147
60615  -26.731  -13.303  39.498 0.5555559993
58623  -26.026  -15.474  37.737 1.0000000000
59638  -26.148  -14.509  38.379 0.8888890147
58654  -26.207  -15.492  35.629 1.0000000000
59658  -26.001  -14.645  36.202 0.8888890147
57699  -26.712  -16.129  35.193 1.0000000000
59664  -26.318  -14.619  35.279 1.0000000000
59673  -26.774  -14.456  34.533 0.7777780294
57705  -34.174  -15.851  34.958 0.5555559993
58684  -28.502  -15.086  33.567 1.0000000000
59686  -29.023  -14.967  33.037 1.0000000000
58696  -29.701  -15.213  32.873 1.0000000000
140066  -33.441  -15.687  34.776 0.7777780294
57706  -35.078  -16.157  35.129 0.4444440007
59693  -29.220  -14.630  32.283 0.8888890147
58712  -29.966  -15.098  32.137 1.0000000000
58698  -31.392  -15.783  32.212 1.0000000000
57730  -32.068  -15.966  32.633 1.0000000000
57733  -34.558  -16.309  33.538 0.7777780294
57721  -34.753  -16.199  34.310 0.5555559993
120323  -35.930  -16.454  34.071 0.4444440007
57723  -36.670  -16.410  34.483 0.3333329856
138741  -30.976  -15.590  31.896 1.0000000000
57743  -32.073  -16.049  31.747 1.0000000000
57732  -33.726  -16.199  33.296 0.7777780294
137232  -35.806  -16.421  33.414 0.6666669846
57735  -36.463  -16.349  33.589 0.4444440007
57736  -37.244  -16.190  33.850 0.3333329856
57745  -33.578  -16.306  32.290 0.8888890147
57761  -34.652  -16.348  32.031 0.7777780294
119863  -36.110  -16.286  32.759 0.5555559993
58700  -36.974  -16.084  33.011 0.4444440007
60607  -27.050  -13.069  40.306 0.3333329856
132662  -26.437  -13.517  38.712 0.5555559993
59650  -25.960  -14.577  37.269 0.5555559993
58639  -26.002  -15.506  36.665 0.8888890147
60634  -26.132  -13.759  36.765 0.7777780294
60640  -26.279  -13.824  35.844 0.6666669846
61535  -26.550  -13.050  35.605 0.6666669846
60646  -26.583  -13.754  35.029 0.6666669846
60647  -26.947  -13.617  34.278 0.7777780294
60653  -27.364  -13.313  33.633 0.8888890147
60654  -27.796  -13.789  33.152 0.8888890147
60664  -28.244  -13.506  32.508 0.7777780294
59692  -28.699  -13.952  32.170 0.8888890147
60677  -28.679  -13.221  31.879 0.8888890147
59703  -29.226  -13.890  31.534 1.0000000000
124625  -29.830  -14.701  31.553 1.0000000000
58714  -31.360  -15.692  31.360 1.0000000000
59719  -30.515  -14.562  30.537 1.0000000000
59720  -31.149  -14.945  30.175 1.0000000000
57758  -32.144  -15.973  30.929 1.0000000000
57773  -32.786  -15.990  30.598 1.0000000000
57760  -33.904  -16.279  31.389 0.8888890147
58715  -35.407  -16.061  31.311 0.6666669846
58699  -36.700  -15.895  32.207 0.6666669846
58730  -31.597  -15.532  30.530 1.0000000000
57774  -33.549  -16.072  30.616 1.0000000000
117753  -34.637  -15.686  30.051 1.0000000000
58734  -35.230  -15.730  30.454 0.7777780294
61503  -27.270  -12.327  40.442 0.2222220004
60621  -26.700  -12.855  38.957 0.4444440007
62327  -27.202  -11.875  39.767 0.4444440007
61522  -26.552  -12.848  38.210 0.5555559993
61516  -26.840  -12.280  38.685 0.4444440007
132376  -26.798  -12.162  37.739 0.4444440007
61528  -26.438  -12.855  37.209 0.5555559993
129984  -26.353  -13.155  36.341 0.5555559993
61529  -26.656  -12.414  36.381 0.5555559993
61542  -26.842  -12.956  34.799 0.5555559993
61536  -26.903  -12.271  35.431 0.5555559993
120419  -27.241  -12.147  34.528 0.5555559993
60663  -27.828  -12.834  32.919 0.6666669846
132036  -28.453  -11.374  32.799 0.5555559993
61561  -28.354  -12.078  32.490 0.6666669846
61577  -28.884  -12.293  31.771 0.6666669846
60678  -29.098  -13.001  31.345 0.8888890147
61578  -29.586  -12.428  31.157 0.8888890147
60694  -30.239  -13.738  30.403 1.0000000000
60710  -31.244  -13.586  29.632 1.0000000000
59738  -31.503  -14.514  29.643 1.0000000000
58751  -33.456  -15.327  29.372 1.0000000000
58752  -34.426  -15.227  29.309 1.0000000000
59721  -36.374  -14.969  29.941 1.0000000000
59740  -35.147  -14.816  29.086 1.0000000000
59741  -35.887  -14.618  29.229 1.0000000000
62335  -27.079  -11.559  38.344 0.3333329856
62346  -27.047  -11.505  37.541 0.4444440007
63255  -27.480  -10.704  38.365 0.2222220004
121984  -27.336  -11.059  36.873 0.3333329856
126402  -27.274  -11.014  37.701 0.3333329856
63256  -28.099  -9.718  37.902 0.2222220004
62357  -27.088  -11.632  36.140 0.5555559993
63285  -27.617  -10.935  35.906 0.3333329856
63272  -28.351  -9.828  36.934 0.3333329856
64212  -28.805  -9.941  36.075 0.3333329856
63299  -28.886  -10.142  35.289 0.3333329856
62383  -27.623  -11.395  34.590 0.5555559993
62396  -28.247  -11.084  33.439 0.5555559993
63313  -28.483  -10.507  34.759 0.3333329856
119678  -28.705  -10.586  33.863 0.3333329856
63326  -28.957  -10.765  32.861 0.5555559993
62426  -29.527  -11.737  31.657 0.5555559993
135750  -30.229  -11.945  31.132 0.7777780294
61593  -31.038  -12.801  30.011 1.0000000000
61594  -31.571  -12.344  30.111 1.0000000000
60711  -32.033  -13.909  29.124 1.0000000000
58769  -33.821  -14.744  28.771 1.0000000000
59757  -34.626  -14.537  28.666 1.0000000000
61611  -32.996  -12.942  28.467 1.0000000000
60718  -33.541  -13.600  28.205 1.0000000000
60719  -34.873  -13.881  28.148 1.0000000000
59759  -36.199  -14.025  28.715 1.0000000000
60720  -35.708  -13.666  28.175 1.0000000000
60721  -36.509  -13.441  28.274 1.0000000000
65147  -31.857  -8.195  40.173 0.1111110002
65148  -32.594  -8.767  40.503 0.1111110002
65149  -33.232  -9.273  40.890 0.1111110002
135836  -28.728  -8.927  38.046 0.3333329856
65167  -29.436  -8.446  38.158 0.2222220004
65177  -30.105  -8.684  37.542 0.1111110002
65169  -31.344  -8.508  38.493 0.1111110002
65170  -32.250  -8.865  38.826 0.1111110002
64185  -32.974  -9.336  39.190 0.1111110002
131868  -28.794  -9.270  37.299 0.3333329856
64205  -30.757  -9.128  36.952 0.2222220004
65178  -31.082  -8.762  37.684 0.1111110002
64206  -31.741  -9.405  37.193 0.1111110002
64207  -32.721  -9.757  37.582 0.2222220004
64213  -29.628  -9.596  36.201 0.3333329856
64223  -29.661  -9.882  35.429 0.2222220004
64214  -30.427  -9.483  36.329 0.2222220004
64215  -31.374  -9.716  36.374 0.1111110002
64234  -30.104  -10.029  34.822 0.2222220004
64224  -30.666  -9.942  35.317 0.2222220004
63314  -30.072  -10.224  34.239 0.2222220004
122304  -30.585  -10.518  33.661 0.2222220004
63328  -31.378  -10.986  33.257 0.2222220004
121125  -29.897  -10.723  32.849 0.3333329856
63340  -30.443  -11.218  32.235 0.4444440007
63341  -31.140  -11.223  32.589 0.3333329856
62409  -30.578  -11.618  31.627 0.4444440007
62427  -31.008  -11.876  31.157 0.5555559993
135991  -31.480  -12.075  30.704 0.7777780294
61601  -31.706  -12.913  29.515 1.0000000000
61603  -32.682  -12.177  28.982 0.8888890147
122298  -32.328  -12.952  28.955 1.0000000000
129732  -34.253  -13.287  27.831 1.0000000000
61612  -33.889  -12.372  27.795 1.0000000000
61619  -34.713  -12.484  27.578 0.8888890147
61620  -35.598  -12.433  27.509 0.8888890147
60732  -36.909  -12.846  27.928 1.0000000000
61622  -37.285  -12.104  27.740 0.8888890147
138080  -38.384  -11.248  27.912 0.7777780294
65159  -33.097  -9.398  40.051 0.1111110002
64195  -33.351  -9.763  38.788 0.2222220004
63274  -33.561  -10.269  37.687 0.2222220004
64216  -32.260  -10.013  36.703 0.2222220004
63287  -32.697  -10.414  36.027 0.2222220004
64225  -31.410  -10.050  35.656 0.2222220004
64226  -31.966  -10.145  36.020 0.2222220004
63301  -31.359  -10.176  34.989 0.2222220004
63315  -31.613  -10.628  34.241 0.2222220004
63302  -32.127  -10.428  35.230 0.2222220004
62410  -31.292  -11.622  31.921 0.3333329856
124932  -31.815  -11.942  31.203 0.5555559993
118930  -32.103  -11.958  30.412 0.7777780294
62458  -32.731  -11.598  29.871 0.7777780294
62459  -33.133  -11.533  28.962 0.8888890147
62465  -33.607  -11.554  28.226 0.8888890147
119134  -33.248  -12.216  28.369 1.0000000000
62466  -34.273  -11.629  27.697 0.8888890147
62472  -35.982  -11.663  27.295 0.8888890147
62473  -36.818  -11.553  27.374 0.8888890147
62474  -37.658  -11.260  27.562 0.8888890147
63398  -39.076  -10.792  28.133 0.8888890147
63396  -37.548  -10.370  27.326 0.8888890147
63397  -38.298  -10.574  27.697 0.8888890147
63387  -39.486  -9.821  28.234 0.8888890147
63316  -32.609  -11.070  34.456 0.2222220004
63317  -33.421  -11.431  34.623 0.2222220004
63329  -32.265  -11.289  33.542 0.2222220004
62397  -33.131  -11.678  33.774 0.3333329856
128054  -33.627  -11.915  33.207 0.3333329856
138020  -34.329  -11.901  33.117 0.3333329856
63342  -31.888  -11.492  32.670 0.3333329856
118933  -33.096  -11.894  31.896 0.3333329856
62429  -33.577  -11.553  31.426 0.4444440007
62430  -34.343  -11.301  31.788 0.3333329856
126218  -32.313  -11.850  31.906 0.3333329856
62428  -32.753  -11.774  31.019 0.4444440007
62446  -33.353  -11.239  30.495 0.4444440007
63364  -33.701  -10.636  29.952 0.4444440007
63393  -34.615  -10.744  27.676 0.8888890147
63394  -35.838  -10.135  27.166 0.8888890147
63395  -36.720  -10.230  27.095 0.8888890147
65294  -40.149  -8.349  27.521 0.8888890147
64298  -37.196  -9.515  27.116 0.8888890147
65292  -37.679  -8.750  27.090 0.8888890147
64300  -39.033  -9.252  27.792 0.8888890147
125679  -38.565  -8.712  27.319 0.8888890147
62447  -34.027  -10.889  30.912 0.3333329856
63365  -34.327  -10.010  30.391 0.6666669846
121033  -34.096  -10.270  28.357 0.7777780294
64289  -34.273  -9.454  28.633 0.7777780294
136699  -35.133  -10.142  27.490 0.8888890147
64296  -35.257  -9.279  27.502 0.8888890147
64297  -36.220  -9.395  27.095 0.8888890147
65291  -36.688  -8.683  26.995 0.8888890147
131838  -38.922  -8.212  27.011 0.8888890147
65304  -38.165  -7.979  26.779 0.8888890147
66256  -38.334  -7.182  26.189 0.8888890147
66272  -39.102  -7.126  25.721 0.8888890147
135347  -38.847  -5.848  25.071 0.8888890147
68099  -38.889  -5.147  24.975 0.8888890147
68970  -39.488  -4.822  24.490 0.8888890147
68971  -40.146  -4.605  23.961 0.8888890147
68981  -41.716  -4.702  23.067 0.8888890147
68135  -43.759  -4.944  22.631 0.8888890147
63353  -34.712  -10.461  31.418 0.3333329856
64278  -34.283  -9.259  29.555 0.5555559993
65280  -34.379  -8.597  28.889 0.6666669846
65289  -35.060  -8.270  27.708 0.8888890147
65288  -34.602  -8.855  28.122 0.7777780294
65290  -35.788  -8.548  27.231 0.8888890147
126470  -35.557  -7.830  27.389 0.8888890147
65302  -36.222  -7.877  27.004 0.8888890147
65303  -37.147  -7.971  26.778 0.8888890147
66255  -37.533  -7.268  26.469 0.8888890147
66254  -36.590  -7.036  26.760 0.8888890147
129371  -37.168  -6.599  26.436 0.8888890147
67197  -37.773  -6.560  26.149 0.8888890147
67210  -38.473  -6.383  25.608 0.8888890147
138211  -37.315  -6.089  26.264 0.8888890147
67209  -37.786  -5.810  25.888 0.8888890147
68098  -38.335  -5.472  25.449 0.8888890147
68962  -38.440  -4.645  25.560 0.8888890147
68963  -39.090  -4.291  25.152 0.8888890147
123763  -40.622  -3.722  23.748 0.8888890147
68980  -41.364  -3.971  23.086 0.8888890147
68993  -42.171  -4.016  22.666 0.8888890147
68994  -43.090  -4.041  22.284 0.8888890147
69824  -44.083  -3.997  22.011 0.8888890147
68995  -44.608  -4.630  22.213 0.8888890147
69000  -44.977  -4.041  21.714 0.7777780294
122429  -45.441  -4.916  22.038 0.7777780294
68138  -46.149  -5.287  22.248 0.6666669846
122455  -46.821  -5.451  22.624 0.6666669846
65250  -34.503  -8.431  29.768 0.5555559993
66215  -34.520  -7.824  29.174 0.5555559993
65281  -34.649  -7.981  28.359 0.5555559993
66229  -34.783  -7.194  28.696 0.6666669846
66239  -35.113  -7.343  27.867 0.6666669846
67183  -35.507  -6.651  27.725 0.6666669846
67184  -35.993  -6.341  27.279 0.8888890147
67196  -36.676  -5.965  26.712 0.8888890147
68091  -37.287  -5.396  26.382 0.8888890147
68956  -37.464  -4.597  26.639 0.8888890147
133976  -38.085  -4.250  26.242 0.7777780294
69803  -39.804  -3.813  24.610 0.8888890147
69805  -40.989  -2.794  23.929 0.8888890147
69814  -41.268  -3.305  23.349 0.8888890147
70676  -41.623  -2.549  23.375 0.8888890147
137417  -42.688  -3.215  22.411 0.8888890147
69828  -43.635  -3.238  22.024 0.8888890147
69831  -45.782  -4.214  21.381 0.7777780294
127108  -34.708  -7.790  29.933 0.5555559993
66216  -34.866  -7.202  29.595 0.5555559993
67157  -35.157  -6.519  29.216 0.5555559993
68051  -35.554  -5.865  28.812 0.5555559993
67174  -35.229  -6.564  28.335 0.5555559993
68069  -35.643  -5.966  27.956 0.7777780294
68925  -36.566  -4.670  28.864 0.5555559993
68081  -36.193  -5.473  27.504 0.7777780294
68941  -36.551  -4.704  27.906 0.5555559993
68950  -37.852  -3.735  27.967 0.4444440007
68957  -37.889  -3.879  27.052 0.6666669846
69787  -39.216  -3.288  26.598 0.6666669846
69794  -38.703  -3.869  25.898 0.7777780294
69796  -40.058  -2.984  25.401 0.7777780294
70653  -41.190  -2.211  26.165 0.4444440007
70654  -41.879  -1.755  26.216 0.5555559993
69804  -40.459  -2.974  24.575 0.8888890147
70658  -40.725  -2.449  25.369 0.7777780294
134978  -41.443  -1.838  25.231 0.5555559993
71513  -42.124  -1.377  24.452 0.5555559993
71514  -42.874  -0.875  23.997 0.5555559993
70677  -42.193  -2.041  23.074 0.7777780294
71531  -42.805  -1.649  22.872 0.5555559993
71537  -43.770  -1.867  22.120 0.8888890147
70694  -44.098  -2.460  21.856 0.8888890147
69001  -46.195  -4.937  21.638 0.7777780294
68146  -46.939  -5.250  21.651 0.6666669846
66190  -37.003  -7.186  31.976 0.3333329856
67141  -35.390  -6.692  30.127 0.5555559993
67142  -35.998  -6.226  30.642 0.4444440007
67158  -35.671  -5.939  29.767 0.5555559993
68052  -36.083  -5.272  29.330 0.5555559993
68942  -37.176  -4.161  28.418 0.5555559993
69779  -38.682  -3.454  27.489 0.4444440007
69780  -40.124  -2.855  26.991 0.3333329856
70645  -41.492  -2.515  27.703 0.1111110002
70646  -42.286  -2.144  27.685 0.1111110002
70652  -40.456  -2.610  26.185 0.4444440007
70644  -40.949  -2.509  26.968 0.2222220004
119521  -41.698  -2.180  26.957 0.2222220004
71498  -42.600  -1.436  26.437 0.4444440007
71499  -43.317  -1.207  26.745 0.4444440007
71506  -42.297  -1.317  25.530 0.5555559993
72380  -43.765  -0.503  25.275 0.5555559993
72395  -43.704  -0.660  23.527 0.5555559993
71532  -43.532  -1.265  22.678 0.5555559993
71533  -44.163  -1.310  22.231 0.5555559993
69830  -45.392  -3.328  21.245 0.8888890147
70695  -44.815  -2.237  21.510 0.8888890147
69012  -46.617  -4.410  20.962 0.7777780294
69838  -46.088  -3.474  20.828 0.7777780294
69013  -47.375  -4.834  20.919 0.6666669846
69002  -47.889  -5.270  21.364 0.6666669846
68148  -48.468  -5.641  21.957 0.6666669846
67103  -39.311  -6.325  33.770 0.1111110002
67114  -38.388  -6.330  32.771 0.1111110002
67125  -36.473  -6.697  31.348 0.4444440007
67126  -37.213  -6.295  31.737 0.3333329856
67127  -37.914  -5.886  32.134 0.1111110002
68021  -38.653  -5.534  32.459 0.1111110002
67143  -36.734  -5.836  31.047 0.2222220004
68028  -37.526  -5.482  31.369 0.1111110002
68029  -38.319  -5.157  31.698 0.1111110002
68039  -37.112  -5.123  30.595 0.3333329856
68040  -37.984  -4.707  30.820 0.2222220004
68927  -38.140  -4.119  29.885 0.2222220004
68038  -36.349  -5.484  30.242 0.4444440007
68053  -36.758  -4.836  29.787 0.4444440007
68928  -39.112  -3.738  30.002 0.2222220004
133528  -38.643  -3.684  29.289 0.3333329856
68926  -37.297  -4.313  29.352 0.4444440007
68943  -37.912  -3.832  28.908 0.4444440007
69756  -38.629  -3.525  28.492 0.4444440007
69757  -39.475  -3.439  29.076 0.2222220004
69773  -41.235  -2.876  28.570 0.2222220004
69774  -42.121  -2.709  29.040 0.2222220004
70637  -43.329  -2.148  28.797 0.1111110002
70622  -43.667  -2.315  29.515 0.1111110002
71465  -45.043  -1.613  29.367 0.1111110002
69771  -39.320  -3.303  28.190 0.3333329856
69772  -40.174  -3.125  28.309 0.2222220004
70635  -41.967  -2.518  28.307 0.1111110002
70636  -42.624  -2.338  28.531 0.1111110002
71479  -43.753  -1.709  28.352 0.2222220004
71491  -44.931  -1.015  28.013 0.1111110002
72360  -45.720  -0.570  28.039 0.1111110002
70647  -43.045  -1.890  28.052 0.1111110002
71489  -43.529  -1.467  27.564 0.3333329856
141001  -44.580  -0.843  27.371 0.2222220004
72367  -45.148  -0.512  27.290 0.2222220004
72373  -43.852  -0.706  26.247 0.4444440007
72389  -44.298  -0.282  24.383 0.5555559993
71547  -45.464  -2.012  21.083 0.8888890147
71539  -45.112  -1.523  21.510 0.7777780294
72416  -45.503  -0.818  21.786 0.5555559993
72408  -44.327  -0.747  22.704 0.6666669846
70703  -45.773  -2.635  20.849 0.8888890147
71538  -44.444  -1.738  21.822 0.8888890147
70704  -46.420  -2.767  20.375 0.7777780294
134608  -46.706  -3.546  20.450 0.7777780294
69839  -47.400  -4.052  20.321 0.6666669846
123854  -48.071  -4.742  20.604 0.6666669846
69003  -48.810  -5.252  21.032 0.6666669846
67104  -39.845  -5.911  34.285 0.1111110002
67115  -38.996  -5.899  33.147 0.1111110002
68013  -39.640  -5.533  33.547 0.1111110002
68022  -39.354  -5.184  32.821 0.1111110002
68030  -39.056  -4.827  32.078 0.1111110002
68897  -39.812  -4.566  32.395 0.1111110002
68906  -38.822  -4.522  31.275 0.1111110002
68907  -39.587  -4.279  31.594 0.1111110002
68914  -39.356  -4.019  30.814 0.1111110002
122224  -38.681  -4.202  30.573 0.1111110002
69745  -40.392  -3.534  30.226 0.1111110002
138536  -40.943  -3.497  30.744 0.1111110002
69735  -41.638  -3.468  31.290 0.1111110002
138138  -39.775  -3.711  30.383 0.1111110002
69744  -39.863  -3.541  29.814 0.2222220004
69746  -41.637  -3.291  30.380 0.1111110002
118006  -42.237  -3.239  30.749 0.1111110002
70612  -43.689  -2.752  30.880 0.1111110002
69758  -40.548  -3.312  29.362 0.2222220004
69747  -42.394  -2.944  29.975 0.1111110002
69760  -42.921  -2.545  29.316 0.2222220004
69748  -43.290  -2.686  30.105 0.1111110002
118208  -44.050  -2.438  30.248 0.1111110002
70624  -45.175  -1.874  30.067 0.1111110002
71466  -45.730  -1.387  29.608 0.1111110002
71467  -46.337  -1.022  29.593 0.1111110002
73360  -46.366  0.518  25.693 0.1111110002
73354  -46.201  0.321  26.646 0.1111110002
72376  -45.732  -0.129  27.213 0.1111110002
72397  -45.564  -0.050  23.541 0.4444440007
73374  -45.695  0.201  24.379 0.3333329856
73366  -45.707  0.289  25.206 0.3333329856
72382  -45.081  -0.008  25.652 0.3333329856
72409  -45.272  -0.409  22.615 0.5555559993
117642  -45.045  -0.055  24.103 0.5555559993
72423  -46.425  -0.870  20.772 0.8888890147
71548  -46.181  -1.843  20.524 0.8888890147
70705  -47.119  -3.058  19.965 0.7777780294
68023  -40.055  -4.840  33.165 0.1111110002
68015  -40.932  -4.511  34.067 0.1111110002
68898  -40.535  -4.290  32.685 0.1111110002
68890  -41.430  -4.016  33.641 0.1111110002
68883  -42.027  -3.700  34.171 0.1111110002
68908  -40.362  -4.067  31.898 0.1111110002
118574  -41.116  -4.035  32.972 0.1111110002
69724  -41.766  -3.715  32.874 0.1111110002
69734  -40.854  -3.695  31.435 0.1111110002
117786  -42.106  -3.503  32.104 0.1111110002
137851  -42.828  -3.273  32.048 0.1111110002
69736  -42.516  -3.291  31.404 0.1111110002
69737  -43.275  -3.035  31.522 0.1111110002
69727  -44.298  -2.599  32.388 0.1111110002
118706  -42.923  -3.014  30.761 0.1111110002
69738  -44.032  -2.706  31.684 0.1111110002
70613  -44.456  -2.473  31.006 0.1111110002
70600  -46.194  -1.753  32.097 0.1111110002
71450  -46.734  -1.511  31.530 0.1111110002
124358  -44.686  -2.214  30.387 0.1111110002
70606  -46.013  -1.766  31.291 0.1111110002
71456  -46.518  -1.439  30.713 0.1111110002
124056  -46.967  0.506  27.290 0.1111110002
72361  -46.487  -0.301  28.450 0.1111110002
70715  -46.836  -2.164  19.873 0.8888890147
69848  -47.895  -3.436  19.675 0.7777780294
70599  -45.640  -1.977  32.631 0.1111110002
70716  -47.645  -2.423  19.365 0.7777780294
37747  1.354  -38.203  54.019 0.2222220004
37749  -0.109  -37.682  54.692 0.3333329856
139767  -0.110  -37.561  55.405 0.3333329856
38862  -3.194  -36.314  54.441 0.5555559993
140462  -3.106  -36.409  53.897 0.6666669846
37756  1.991  -37.954  53.023 0.2222220004
37757  1.706  -37.842  53.299 0.4444440007
124670  1.442  -36.683  52.268 0.3333329856
39795  0.444  -35.847  52.490 0.5555559993
135362  -6.345  -33.829  51.956 0.7777780294
41533  -8.133  -33.161  52.520 0.5555559993
42339  -8.781  -32.899  52.924 0.4444440007
42341  -10.178  -32.180  53.609 0.4444440007
133817  -7.492  -33.148  51.450 0.7777780294
42364  -7.915  -32.824  51.067 0.7777780294
39811  1.682  -35.419  51.208 0.1111110002
39819  1.351  -35.636  50.449 0.1111110002
126109  1.868  -34.009  52.273 0.2222220004
40722  1.140  -34.693  50.156 0.1111110002
126602  1.407  -33.833  50.551 0.1111110002
41558  -5.598  -33.229  50.611 0.7777780294
44121  -11.534  -30.659  50.514 0.6666669846
41539  1.890  -33.400  52.008 0.2222220004
129536  0.909  -33.922  50.015 0.1111110002
41556  -3.838  -33.575  50.802 0.8888890147
133707  -7.342  -32.134  49.903 0.8888890147
43248  -8.860  -31.414  49.335 0.7777780294
44120  -10.821  -31.202  50.121 0.7777780294
135538  -12.418  -29.556  50.969 0.5555559993
45086  -12.123  -29.478  49.603 0.6666669846
40680  0.925  -34.075  53.188 0.3333329856
140169  -3.266  -33.476  51.010 0.7777780294
42363  -3.269  -32.264  51.196 0.6666669846
43216  -3.366  -31.432  51.558 0.4444440007
43231  -5.321  -31.640  50.086 0.7777780294
42390  -6.590  -32.092  49.875 0.8888890147
42389  -5.985  -31.703  49.877 0.8888890147
43259  -9.453  -31.116  49.105 0.7777780294
43217  -4.057  -30.980  51.233 0.2222220004
44118  -5.442  -30.038  50.798 0.2222220004
44109  -5.049  -29.749  51.729 0.1111110002
44119  -6.123  -29.937  50.207 0.4444440007
45084  -6.819  -29.769  49.631 0.5555559993
44143  -8.568  -30.230  48.552 0.8888890147
140719  -9.665  -29.596  47.929 0.8888890147
45109  -10.937  -29.579  47.997 0.7777780294
47061  -12.896  -27.837  48.050 0.6666669846
47079  -11.159  -28.079  47.109 0.8888890147
45074  -6.308  -28.979  50.627 0.3333329856
126982  -7.665  -30.122  48.979 0.7777780294
45096  -8.720  -29.519  48.213 0.7777780294
45108  -10.090  -29.345  47.723 0.8888890147
47078  -10.366  -28.066  47.153 0.7777780294
48058  -12.970  -26.844  46.494 0.6666669846
46080  -7.715  -28.626  48.905 0.5555559993
46081  -8.464  -28.758  48.202 0.6666669846
46092  -9.072  -28.378  47.693 0.6666669846
47077  -9.571  -27.895  47.345 0.7777780294
48055  -10.305  -26.641  46.684 0.7777780294
48078  -13.415  -26.259  45.919 0.6666669846
49032  -15.388  -25.456  47.404 0.6666669846
50052  -15.816  -25.072  47.002 0.4444440007
50064  -16.352  -24.683  46.571 0.7777780294
46019  -6.373  -28.056  52.093 0.1111110002
133047  -6.737  -27.190  52.804 0.1111110002
46991  -6.837  -27.508  52.062 0.1111110002
46031  -6.353  -28.406  51.468 0.1111110002
131937  -9.282  -27.153  47.384 0.6666669846
135642  -9.067  -26.488  47.569 0.5555559993
48054  -9.594  -26.597  47.095 0.7777780294
48076  -11.759  -26.100  45.891 0.7777780294
49060  -12.217  -25.608  45.520 0.8888890147
49078  -14.203  -25.069  44.701 0.7777780294
50075  -12.153  -24.469  45.260 0.8888890147
50089  -13.653  -24.239  44.420 0.8888890147
127577  -16.325  -24.726  45.738 0.7777780294
49079  -15.332  -24.503  44.265 0.7777780294
118701  -17.879  -23.469  46.430 0.6666669846
50117  -33.291  -24.718  42.551 0.3333329856
49107  -31.892  -25.212  42.645 0.4444440007
50129  -31.143  -24.734  41.226 0.4444440007
49117  -31.879  -24.792  41.787 0.4444440007
138535  -8.265  -25.002  49.877 0.4444440007
48019  -8.634  -26.013  48.159 0.5555559993
49044  -11.158  -25.815  46.007 0.7777780294
50074  -11.543  -24.713  45.663 0.7777780294
49059  -11.582  -25.411  45.711 0.7777780294
51089  -14.294  -23.695  44.041 0.8888890147
51102  -16.929  -23.344  43.486 0.8888890147
50109  -35.399  -24.386  43.709 0.2222220004
52117  -18.657  -22.764  44.238 0.6666669846
50148  -33.038  -24.084  41.053 0.4444440007
132601  -30.978  -24.185  39.865 0.7777780294
138404  -28.198  -23.791  39.801 0.8888890147
127032  -8.030  -24.948  52.080 0.1111110002
51078  -12.419  -23.754  45.097 0.7777780294
52115  -13.696  -22.643  44.496 0.7777780294
52132  -15.847  -22.556  43.190 0.8888890147
51095  -36.362  -23.728  44.203 0.2222220004
52134  -17.374  -22.695  42.973 0.8888890147
52149  -18.014  -22.105  42.489 0.8888890147
126158  -19.729  -22.267  43.964 0.6666669846
52119  -20.271  -22.231  44.549 0.6666669846
53079  -20.823  -21.853  43.184 0.8888890147
118789  -20.895  -22.189  44.753 0.6666669846
50119  -35.238  -24.058  42.988 0.2222220004
53092  -19.381  -21.558  42.249 0.8888890147
52158  -23.538  -22.626  41.395 0.8888890147
52168  -23.767  -22.100  41.076 0.8888890147
133245  -29.361  -23.349  39.111 0.8888890147
50157  -30.387  -23.926  39.476 0.8888890147
50158  -31.795  -23.897  39.750 0.6666669846
51066  -10.386  -23.825  46.856 0.4444440007
51053  -9.967  -23.341  47.622 0.3333329856
52097  -12.174  -23.078  45.538 0.6666669846
52099  -13.122  -22.344  45.116 0.5555559993
134985  -14.167  -22.247  44.359 0.6666669846
54007  -16.375  -20.781  43.084 0.8888890147
54006  -15.652  -21.054  43.641 0.7777780294
137446  -18.750  -22.013  42.593 0.8888890147
53093  -20.684  -21.441  42.371 0.8888890147
51114  -36.202  -23.058  42.762 0.2222220004
127210  -35.699  -23.238  42.252 0.2222220004
118778  -20.082  -21.337  42.183 0.8888890147
53115  -26.230  -21.800  41.289 0.5555559993
133921  -25.343  -21.184  41.531 0.7777780294
125701  -26.693  -21.784  41.918 0.5555559993
131005  -29.176  -22.242  42.075 0.1111110002
53117  -28.691  -22.096  41.398 0.3333329856
53116  -27.715  -22.061  41.556 0.4444440007
53118  -29.773  -22.100  41.331 0.4444440007
54051  -25.051  -21.363  41.076 0.7777780294
53114  -25.661  -21.607  41.180 0.7777780294
127695  -29.982  -21.878  40.470 0.6666669846
53136  -29.597  -21.911  39.626 0.6666669846
53147  -29.156  -22.177  39.335 0.8888890147
52185  -29.299  -22.400  39.056 0.7777780294
52194  -30.002  -22.349  38.727 0.8888890147
51150  -30.918  -23.567  39.090 0.8888890147
51140  -33.123  -23.759  40.366 0.5555559993
51148  -28.882  -22.882  39.161 0.8888890147
134362  -12.138  -22.380  45.976 0.5555559993
53050  -13.429  -21.484  45.644 0.5555559993
53052  -27.296  -20.814  45.681 0.2222220004
53980  -26.934  -20.160  46.147 0.1111110002
53053  -27.727  -21.440  45.345 0.1111110002
54030  -19.093  -19.895  41.636 0.8888890147
53109  -19.677  -20.915  41.763 0.8888890147
54009  -25.674  -20.619  43.071 0.5555559993
53119  -30.939  -21.883  40.866 0.2222220004
52160  -35.716  -22.455  41.234 0.2222220004
53138  -31.577  -21.342  39.948 0.5555559993
52196  -31.741  -22.574  38.063 0.8888890147
132610  -31.667  -21.522  37.737 0.8888890147
51162  -33.062  -22.883  38.444 0.8888890147
53976  -13.885  -20.449  46.469 0.5555559993
53040  -13.783  -20.869  45.971 0.5555559993
53978  -15.048  -19.690  46.259 0.4444440007
54830  -25.444  -18.713  46.200 0.3333329856
54821  -25.958  -19.068  47.411 0.1111110002
54848  -16.273  -19.637  44.361 0.5555559993
54858  -17.270  -19.501  43.172 0.6666669846
54870  -18.349  -19.304  42.376 0.8888890147
54886  -18.955  -19.369  41.883 0.8888890147
55775  -19.453  -18.884  41.880 0.8888890147
54039  -32.868  -20.443  41.098 0.3333329856
53140  -36.168  -21.138  40.672 0.2222220004
55779  -22.594  -18.852  41.638 0.7777780294
54872  -23.996  -19.341  41.846 0.7777780294
54061  -31.920  -20.269  38.954 0.6666669846
52197  -32.501  -22.520  37.936 0.8888890147
52207  -32.709  -21.884  37.480 0.8888890147
53168  -32.280  -21.370  37.323 0.8888890147
54827  -15.673  -19.009  46.471 0.2222220004
138087  -25.237  -18.473  47.788 0.1111110002
54871  -23.342  -18.707  42.138 0.7777780294
134729  -32.771  -19.343  41.121 0.3333329856
55781  -32.173  -18.737  40.916 0.3333329856
55762  -20.549  -18.339  42.045 0.8888890147
56716  -21.821  -18.037  42.520 0.7777780294
54918  -31.556  -19.834  38.218 0.6666669846
54081  -33.320  -20.578  36.831 0.8888890147
54082  -34.106  -20.416  37.180 0.7777780294
55718  -18.055  -17.704  46.805 0.3333329856
135072  -22.733  -17.226  46.038 0.2222220004
55734  -18.410  -17.933  44.612 0.4444440007
56673  -20.163  -17.386  45.818 0.3333329856
120575  -20.254  -17.522  44.954 0.3333329856
56671  -18.829  -17.671  45.300 0.4444440007
135137  -21.095  -17.197  46.106 0.2222220004
137792  -21.979  -17.071  46.132 0.2222220004
56689  -23.124  -17.662  44.681 0.4444440007
131842  -18.222  -18.294  43.849 0.6666669846
56701  -19.711  -17.924  43.171 0.4444440007
56702  -20.513  -17.758  43.365 0.4444440007
135079  -21.494  -17.681  43.516 0.5555559993
138810  -30.893  -18.325  40.088 0.5555559993
55813  -34.556  -18.615  37.713 0.7777780294
121218  -31.566  -19.400  36.880 0.8888890147
55825  -30.892  -18.820  36.784 0.8888890147
55826  -31.505  -18.788  36.616 0.8888890147
56751  -28.365  -17.671  39.068 0.7777780294
56763  -28.170  -17.810  38.242 0.7777780294
54936  -33.122  -18.966  36.613 0.8888890147
54929  -33.871  -18.813  37.007 0.8888890147
55824  -29.406  -18.283  36.890 1.0000000000
55837  -32.424  -18.238  36.583 0.8888890147
56779  -33.958  -18.080  37.418 0.8888890147
121187  -31.591  -17.541  36.504 1.0000000000
56764  -33.446  -17.202  37.869 0.8888890147
57660  -33.668  -16.605  38.766 0.7777780294
57683  -30.598  -16.377  35.712 1.0000000000
58640  -31.670  -15.248  37.147 0.8888890147
133483  -28.286  -15.767  42.277 0.4444440007
123078  -28.407  -16.583  41.211 0.7777780294
58582  -27.211  -15.518  40.426 0.7777780294
118318  -26.876  -16.869  36.633 1.0000000000
58656  -31.440  -15.367  36.119 1.0000000000
57701  -28.504  -16.682  35.013 1.0000000000
133414  -29.092  -16.332  34.686 1.0000000000
133585  -27.812  -14.936  42.175 0.3333329856
117741  -29.784  -15.705  34.250 1.0000000000
58683  -27.760  -14.847  33.799 1.0000000000
57731  -32.858  -16.120  32.989 1.0000000000
61509  -26.946  -12.493  39.559 0.3333329856
59674  -27.331  -14.210  33.828 0.7777780294
59685  -28.434  -14.357  32.847 1.0000000000
59684  -27.913  -14.452  33.420 1.0000000000
58697  -30.575  -15.479  32.508 1.0000000000
57720  -33.968  -16.019  34.132 0.7777780294
57734  -35.285  -16.386  33.766 0.6666669846
140431  -35.396  -16.350  34.410 0.5555559993
58713  -30.543  -15.273  31.587 1.0000000000
57744  -32.685  -16.179  32.185 0.8888890147
57746  -34.347  -16.375  32.819 0.7777780294
57747  -35.195  -16.423  32.929 0.7777780294
57759  -32.933  -16.192  31.364 1.0000000000
140685  -34.577  -16.218  31.259 0.7777780294
134078  -35.495  -16.279  32.209 0.6666669846
60628  -26.214  -13.635  37.786 0.5555559993
120675  -27.106  -12.896  34.150 0.7777780294
59718  -29.880  -14.227  30.917 1.0000000000
58729  -30.870  -15.210  30.830 1.0000000000
60693  -29.650  -13.311  30.883 0.8888890147
59737  -30.819  -14.169  29.988 1.0000000000
58732  -33.087  -15.782  29.999 1.0000000000
141381  -34.180  -16.167  30.861 0.8888890147
129098  -36.373  -15.747  31.399 0.7777780294
58749  -31.849  -15.242  29.858 1.0000000000
58733  -33.880  -15.743  29.904 1.0000000000
58735  -35.962  -15.559  30.561 1.0000000000
137407  -27.027  -11.921  39.115 0.3333329856
140174  -26.694  -12.293  37.091 0.4444440007
134649  -26.905  -11.820  36.970 0.4444440007
62369  -27.369  -11.532  35.269 0.5555559993
61550  -27.477  -12.443  33.703 0.5555559993
61551  -27.942  -11.890  33.185 0.6666669846
62408  -28.918  -11.448  32.226 0.5555559993
61592  -30.306  -12.741  30.525 1.0000000000
60695  -30.688  -13.364  30.036 1.0000000000
129050  -32.157  -14.806  29.380 1.0000000000
58750  -32.617  -15.328  29.591 1.0000000000
58753  -35.392  -15.273  29.753 1.0000000000
59758  -35.407  -14.277  28.641 1.0000000000
136098  -27.560  -10.834  39.238 0.2222220004
63271  -27.712  -10.411  37.345 0.3333329856
63286  -27.966  -10.381  36.446 0.3333329856
63298  -28.263  -10.434  35.602 0.5555559993
64203  -28.986  -9.496  36.652 0.3333329856
63297  -27.869  -10.895  35.047 0.5555559993
62384  -28.048  -10.917  34.231 0.4444440007
126026  -29.313  -10.205  34.571 0.2222220004
63327  -29.522  -10.433  33.642 0.2222220004
63339  -29.604  -11.177  32.210 0.4444440007
63352  -30.029  -11.487  31.718 0.4444440007
62445  -30.920  -12.293  30.595 0.7777780294
60717  -32.848  -13.767  28.607 1.0000000000
59739  -32.888  -14.670  28.952 1.0000000000
119433  -34.086  -14.091  28.273 1.0000000000
59756  -33.440  -14.224  28.504 1.0000000000
132046  -33.552  -12.916  27.989 1.0000000000
60730  -35.202  -13.189  27.749 1.0000000000
59760  -36.864  -13.746  28.769 1.0000000000
60731  -36.085  -13.044  27.781 1.0000000000
65157  -31.581  -8.293  39.341 0.1111110002
65158  -32.428  -8.810  39.667 0.1111110002
65168  -30.328  -8.306  38.274 0.2222220004
64193  -32.026  -9.073  38.008 0.1111110002
64194  -32.816  -9.407  38.417 0.2222220004
64204  -29.677  -9.147  36.896 0.2222220004
127979  -30.850  -9.829  35.910 0.1111110002
63300  -30.768  -10.201  34.548 0.2222220004
124705  -30.695  -10.879  32.884 0.2222220004
61602  -32.170  -12.255  29.602 1.0000000000
61621  -36.465  -12.309  27.571 0.8888890147
61623  -38.039  -11.876  28.005 0.7777780294
132964  -33.021  -10.901  35.296 0.2222220004
63378  -33.583  -10.814  28.891 0.7777780294
132866  -33.952  -10.962  28.075 0.7777780294
62471  -35.097  -11.664  27.402 0.8888890147
127415  -35.493  -10.892  27.271 0.8888890147
134162  -37.053  -10.907  27.198 0.8888890147
125856  -36.336  -10.926  27.132 0.8888890147
121687  -38.822  -10.008  27.880 0.8888890147
64299  -38.187  -9.592  27.462 0.8888890147
62411  -32.887  -11.829  32.763 0.3333329856
62412  -33.799  -11.877  32.365 0.3333329856
62413  -34.549  -11.619  32.498 0.3333329856
128339  -33.292  -11.133  29.637 0.6666669846
64295  -34.587  -9.766  27.911 0.7777780294
65293  -39.343  -8.573  27.482 0.8888890147
63379  -33.951  -10.037  29.291 0.7777780294
121047  -38.965  -7.706  26.446 0.8888890147
67221  -39.460  -5.746  24.581 0.8888890147
66240  -35.782  -7.163  27.296 0.8888890147
68092  -37.817  -4.994  25.932 0.7777780294
70687  -42.175  -2.717  22.779 0.8888890147
68082  -36.791  -4.989  27.034 0.8888890147
69795  -39.397  -3.481  25.607 0.8888890147
70665  -40.975  -2.382  24.662 0.6666669846
70666  -41.441  -2.057  24.221 0.6666669846
70667  -41.892  -1.828  23.710 0.6666669846
70689  -43.336  -2.527  22.178 0.8888890147
135454  -43.193  -1.921  22.399 0.8888890147
69829  -44.587  -3.113  21.615 0.8888890147
68070  -35.989  -5.236  28.369 0.6666669846
68949  -37.227  -4.269  27.480 0.5555559993
69786  -38.469  -3.693  26.628 0.6666669846
69788  -39.818  -2.979  26.157 0.7777780294
119225  -39.618  -3.139  27.548 0.4444440007
123881  -42.263  -1.839  26.924 0.3333329856
121377  -42.886  -0.862  24.918 0.5555559993
72388  -43.483  -0.593  24.408 0.5555559993
71522  -43.024  -1.094  23.302 0.5555559993
138590  -40.167  -2.968  27.656 0.2222220004
69781  -40.700  -2.796  27.714 0.3333329856
71488  -42.838  -1.663  27.249 0.4444440007
71507  -43.065  -0.918  25.875 0.5555559993
71500  -44.008  -0.996  27.077 0.3333329856
72396  -44.685  -0.308  23.446 0.5555559993
70696  -45.215  -2.632  21.267 0.8888890147
68913  -37.429  -4.576  30.118 0.4444440007
69759  -41.516  -3.104  29.547 0.2222220004
70623  -44.437  -2.000  29.627 0.1111110002
71480  -44.525  -1.551  28.724 0.1111110002
71481  -45.344  -1.191  28.783 0.1111110002
71490  -44.226  -1.285  27.852 0.2222220004
71482  -46.044  -0.823  28.972 0.1111110002
72374  -44.601  -0.511  26.637 0.3333329856
72375  -45.337  -0.100  26.494 0.1111110002
141400  -44.867  -0.230  26.152 0.2222220004
128542  -44.513  -0.192  25.183 0.4444440007
72390  -45.036  0.035  24.810 0.4444440007
71540  -45.784  -1.273  21.133 0.8888890147
72415  -44.778  -1.036  22.041 0.8888890147
72410  -45.999  -0.351  22.201 0.5555559993
68014  -40.337  -5.087  34.015 0.1111110002
117930  -41.027  -3.387  30.035 0.2222220004
71455  -45.832  -1.673  30.453 0.1111110002
138248  -46.277  -1.324  30.073 0.1111110002
72349  -46.718  -0.553  29.254 0.1111110002
73359  -45.727  0.248  25.935 0.2222220004
72368  -46.325  0.032  27.605 0.1111110002
68889  -40.720  -4.446  33.435 0.1111110002
68899  -41.199  -3.824  32.184 0.1111110002
69725  -42.641  -3.352  32.856 0.1111110002
70604  -44.881  -2.332  31.913 0.1111110002
70605  -45.262  -2.132  30.979 0.1111110002
71445  -46.907  -1.527  32.357 0.1111110002
71451  -47.460  -1.250  31.798 0.1111110002
71457  -47.243  -1.169  30.931 0.1111110002
136339  -48.177  -4.155  20.052 0.6666669846
69849  -48.796  -3.837  19.573 0.5555559993
41528  1.844  -33.407  52.830 0.1111110002
41517  1.006  -33.264  53.459 0.2222220004
41516  1.470  -33.017  53.279 0.1111110002
41518  0.205  -33.539  53.300 0.4444440007
40682  -0.677  -33.894  52.861 0.5555559993
42361  1.651  -32.611  51.566 0.1111110002
43227  1.195  -31.731  51.158 0.1111110002
40693  -2.182  -34.183  51.779 0.6666669846
43244  0.774  -31.860  50.416 0.1111110002
41509  0.316  -32.629  53.562 0.3333329856
42336  1.536  -32.712  53.030 0.1111110002
41529  -1.248  -33.179  52.775 0.6666669846
43204  1.420  -32.077  52.643 0.1111110002
129428  1.567  -31.970  52.020 0.1111110002
43228  0.667  -31.230  50.592 0.1111110002
44116  0.380  -30.619  50.460 0.1111110002
42324  0.462  -31.612  53.404 0.2222220004
121221  1.000  -32.232  53.181 0.1111110002
42325  0.190  -31.732  53.574 0.2222220004
41508  0.785  -32.432  53.348 0.1111110002
42326  -0.193  -31.871  53.661 0.2222220004
123113  1.091  -31.299  52.836 0.1111110002
41510  -0.489  -32.703  53.357 0.4444440007
136337  1.364  -31.510  52.360 0.1111110002
41530  -1.907  -33.425  52.063 0.6666669846
44107  0.897  -30.539  51.858 0.1111110002
43193  1.025  -31.837  53.116 0.1111110002
121160  0.895  -30.412  52.994 0.1111110002
42337  -1.154  -32.184  53.194 0.4444440007
45047  0.790  -30.012  52.343 0.1111110002
42351  -2.259  -32.696  51.910 0.4444440007
51068  -17.718  -23.628  45.490 0.6666669846
49101  -26.006  -24.874  43.058 0.5555559993
49102  -26.719  -25.050  42.745 0.6666669846
50116  -26.118  -24.715  42.158 0.7777780294
49113  -27.685  -24.981  41.574 0.7777780294
49114  -28.671  -25.018  41.342 0.7777780294
50115  -25.412  -24.541  42.470 0.6666669846
50123  -25.571  -24.325  41.639 0.7777780294
50124  -26.235  -24.414  41.311 0.7777780294
50126  -27.906  -24.602  40.816 0.7777780294
51118  -23.769  -23.231  41.657 0.7777780294
51111  -24.203  -23.820  42.210 0.7777780294
52159  -24.115  -22.828  41.052 0.7777780294
51120  -25.178  -23.791  41.173 0.7777780294
50142  -26.846  -23.723  40.386 0.7777780294
51135  -24.898  -23.057  40.737 0.6666669846
51136  -25.658  -23.492  40.728 0.7777780294
119791  -25.591  -22.955  40.544 0.7777780294
55765  -32.223  -18.334  42.379 0.1111110002
55814  -35.139  -18.293  38.612 0.6666669846
56765  -34.304  -17.696  38.181 0.7777780294
124646  -32.177  -18.035  43.030 0.1111110002
56753  -34.491  -17.216  39.114 0.6666669846
57595  -30.359  -17.023  43.742 0.1111110002
57582  -30.503  -16.833  44.495 0.1111110002
57569  -31.256  -16.855  45.734 0.1111110002
56718  -30.267  -17.260  42.903 0.1111110002
56705  -30.960  -17.434  43.420 0.1111110002
56706  -31.724  -17.673  43.548 0.1111110002
57648  -33.786  -15.905  39.653 0.4444440007
57581  -29.963  -16.128  44.978 0.1111110002
58554  -29.098  -15.889  43.696 0.1111110002
57594  -29.752  -16.403  44.142 0.2222220004
129342  -30.678  -16.664  45.156 0.1111110002
130668  -31.564  -16.757  46.490 0.1111110002
59722  -37.305  -14.596  30.185 0.7777780294
139332  -37.423  -14.157  29.645 0.6666669846
59743  -38.045  -14.000  29.949 0.6666669846
59553  -28.735  -14.107  44.090 0.2222220004
59578  -28.101  -14.265  42.950 0.2222220004
140161  -28.424  -14.551  43.537 0.2222220004
58541  -28.755  -15.065  43.970 0.2222220004
58530  -29.571  -15.315  45.054 0.2222220004
58736  -36.819  -15.250  30.775 0.8888890147
59742  -36.801  -14.277  29.355 0.8888890147
60712  -37.545  -13.694  29.152 0.6666669846
60713  -38.381  -13.351  29.363 0.6666669846
61604  -38.753  -12.707  28.963 0.6666669846
61605  -39.436  -12.401  29.229 0.5555559993
60722  -37.270  -13.248  28.446 0.8888890147
61613  -37.671  -12.601  28.169 0.7777780294
61614  -38.407  -12.334  28.437 0.6666669846
123967  -39.691  -11.886  28.965 0.6666669846
62467  -38.764  -11.636  28.284 0.5555559993
62292  -30.129  -11.715  45.118 0.1111110002
61487  -28.985  -12.193  43.714 0.1111110002
60565  -29.053  -12.712  44.244 0.1111110002
60550  -29.547  -12.770  44.936 0.1111110002
60592  -28.202  -13.200  42.980 0.2222220004
60564  -28.764  -13.292  44.056 0.2222220004
132429  -27.112  -13.695  40.813 0.3333329856
59594  -27.778  -13.696  42.240 0.2222220004
62460  -40.169  -11.418  29.077 0.6666669846
64290  -40.236  -9.457  28.619 0.6666669846
65282  -40.550  -8.600  28.249 0.7777780294
61486  -28.478  -12.306  42.934 0.1111110002
62301  -29.286  -11.674  43.889 0.1111110002
134083  -27.481  -12.936  41.384 0.1111110002
64291  -40.918  -8.940  28.925 0.7777780294
64301  -39.779  -8.956  28.057 0.7777780294
127073  -41.307  -8.270  28.512 0.5555559993
65295  -41.957  -7.993  27.967 0.5555559993
65306  -40.397  -8.060  26.715 0.7777780294
137079  -41.085  -8.165  27.503 0.7777780294
63344  -36.334  -10.415  32.708 0.2222220004
63331  -37.443  -10.146  33.488 0.2222220004
64252  -37.279  -9.346  33.061 0.2222220004
64244  -38.182  -9.065  33.810 0.1111110002
63354  -35.474  -10.110  31.813 0.2222220004
64258  -36.190  -9.750  32.269 0.2222220004
64251  -36.763  -9.268  32.583 0.2222220004
64243  -37.735  -8.826  33.317 0.2222220004
64257  -35.654  -9.272  31.607 0.2222220004
65239  -36.360  -8.706  32.051 0.3333329856
64270  -34.674  -9.072  30.421 0.4444440007
130400  -35.210  -8.944  31.003 0.4444440007
123543  -35.526  -7.754  30.999 0.3333329856
66202  -35.161  -7.433  30.400 0.4444440007
66241  -41.949  -7.966  26.900 0.5555559993
66259  -41.864  -7.742  25.965 0.7777780294
62401  -37.317  -11.029  33.881 0.1111110002
63330  -36.773  -10.729  33.207 0.1111110002
136907  -37.734  -9.407  33.511 0.1111110002
62431  -35.164  -10.951  32.261 0.2222220004
63343  -35.843  -10.460  32.382 0.2222220004
65229  -37.199  -8.559  32.705 0.3333329856
65230  -37.886  -8.119  33.188 0.2222220004
66178  -37.486  -7.647  32.595 0.3333329856
66189  -36.220  -7.680  31.576 0.3333329856
66203  -35.747  -7.048  30.912 0.3333329856
66257  -39.726  -7.695  26.055 0.7777780294
135264  -41.247  -7.678  25.676 0.7777780294
68140  -48.243  -5.717  22.898 0.5555559993
119330  -48.893  -5.600  23.478 0.3333329856
68141  -48.938  -5.789  22.651 0.3333329856
62399  -35.689  -11.778  33.662 0.2222220004
62414  -35.958  -11.101  32.948 0.2222220004
118912  -37.044  -11.661  34.419 0.1111110002
66179  -38.270  -7.250  33.106 0.1111110002
67113  -37.711  -6.770  32.393 0.3333329856
67213  -44.585  -6.558  25.213 0.6666669846
66273  -39.977  -7.171  25.164 0.7777780294
66274  -41.667  -7.396  25.237 0.7777780294
138243  -45.650  -5.574  23.889 0.5555559993
68137  -45.484  -5.283  22.687 0.5555559993
68120  -46.014  -5.417  23.166 0.5555559993
119511  -46.764  -5.467  23.447 0.5555559993
68139  -47.463  -5.556  23.191 0.5555559993
68147  -47.637  -5.567  22.243 0.5555559993
62385  -34.017  -11.908  33.961 0.2222220004
62386  -35.397  -12.043  34.347 0.1111110002
62387  -36.622  -12.010  34.895 0.1111110002
66284  -40.682  -6.708  24.516 0.7777780294
67224  -42.283  -6.453  24.145 0.7777780294
66287  -43.046  -6.615  24.389 0.6666669846
67225  -44.011  -6.395  24.393 0.6666669846
67222  -40.216  -6.007  24.174 0.7777780294
67229  -40.981  -6.089  23.889 0.7777780294
67230  -41.846  -6.032  23.748 0.7777780294
67232  -43.562  -6.174  23.873 0.7777780294
67233  -44.277  -5.946  23.699 0.6666669846
67231  -42.804  -6.014  23.669 0.7777780294
68117  -43.645  -5.701  23.332 0.7777780294
68118  -44.327  -5.520  23.123 0.7777780294
68119  -45.055  -5.545  23.365 0.5555559993
68116  -42.205  -5.423  23.271 0.7777780294
68136  -44.781  -5.169  22.677 0.7777780294
124456  -48.417  -3.031  19.072 0.6666669846
70717  -48.354  -2.203  18.743 0.6666669846
139738  -48.876  -2.723  18.625 0.5555559993
71573  -49.900  -1.411  17.377 0.5555559993
71574  -50.618  -1.284  16.917 0.6666669846
71576  -52.157  -1.798  16.738 0.4444440007
71585  -52.659  -1.477  16.412 0.4444440007
71586  -53.568  -1.853  16.450 0.4444440007
68114  -40.553  -5.386  23.790 0.7777780294
68979  -40.904  -4.647  23.449 0.7777780294
68115  -41.343  -5.415  23.492 0.7777780294
68134  -42.611  -4.759  22.773 0.7777780294
71559  -47.257  -1.619  19.531 0.7777780294
71565  -48.519  -1.410  18.410 0.7777780294
71566  -49.171  -1.429  17.861 0.7777780294
72447  -49.368  -0.539  17.631 0.7777780294
72448  -50.031  -0.531  17.077 0.7777780294
71583  -51.198  -1.067  16.556 0.5555559993
71584  -51.861  -1.243  16.424 0.5555559993
72457  -53.196  -1.047  15.923 0.4444440007
72424  -47.080  -0.391  20.464 0.5555559993
71549  -46.813  -1.284  20.060 0.6666669846
72434  -47.346  -0.769  19.689 0.6666669846
72425  -47.857  -0.242  19.317 0.6666669846
72440  -48.206  -0.632  18.689 0.6666669846
72441  -48.744  -0.546  18.207 0.6666669846
73424  -49.628  0.315  17.481 0.7777780294
72454  -50.723  -0.433  16.623 0.7777780294
72455  -51.521  -0.390  16.176 0.6666669846
72468  -53.688  -0.544  15.385 0.4444440007
73427  -50.810  0.485  16.340 0.7777780294
72466  -52.128  -0.130  15.737 0.4444440007
72467  -52.847  -0.345  15.565 0.4444440007
133694  -46.205  -0.534  21.539 0.4444440007
72417  -46.914  -0.182  21.323 0.4444440007
73404  -47.575  0.258  21.000 0.5555559993
73416  -48.216  0.547  19.860 0.5555559993
73421  -48.501  0.314  18.923 0.6666669846
74421  -50.331  1.332  16.838 0.7777780294
73434  -51.553  0.627  15.732 0.7777780294
73435  -52.424  0.371  15.347 0.4444440007
73436  -53.257  0.142  15.058 0.4444440007
73444  -53.632  0.576  14.542 0.4444440007
73375  -46.489  0.275  23.825 0.3333329856
73386  -46.971  0.052  23.106 0.3333329856
73388  -48.322  0.559  22.478 0.4444440007
74430  -51.407  1.642  15.488 0.7777780294
74431  -52.021  1.744  14.955 0.5555559993
74437  -52.681  1.836  14.437 0.5555559993
75300  -50.968  2.418  15.940 0.7777780294
75309  -51.519  2.440  15.278 0.6666669846
75310  -52.071  2.560  14.712 0.6666669846
74438  -53.402  1.811  13.905 0.5555559993
75318  -52.781  2.773  14.084 0.5555559993
129191  -51.655  3.064  15.115 0.6666669846
76134  -52.197  3.473  14.744 0.5555559993
76135  -52.751  3.642  14.191 0.5555559993
132684  -53.270  3.483  13.645 0.5555559993
76143  -53.696  4.111  13.349 0.5555559993
76913  -54.182  4.706  13.206 0.4444440007
77733  -54.728  5.307  13.149 0.5555559993
78555  -56.955  6.157  11.835 0.2222220004
78544  -57.738  6.441  12.548 0.3333329856
76116  -51.269  3.205  16.295 0.7777780294
76123  -51.349  2.995  15.603 0.6666669846
76903  -52.631  4.080  14.576 0.3333329856
76142  -53.171  4.253  14.039 0.4444440007
77714  -53.597  4.954  14.378 0.3333329856
77722  -54.218  5.288  13.890 0.3333329856
77723  -55.020  5.740  13.821 0.3333329856
78527  -55.793  6.119  13.744 0.3333329856
78528  -56.626  6.373  13.606 0.2222220004
122031  -55.313  5.738  13.189 0.3333329856
78529  -57.597  6.465  13.493 0.2222220004
78530  -58.631  6.462  13.392 0.1111110002
77734  -55.337  5.384  12.498 0.3333329856
78542  -55.906  6.057  12.916 0.2222220004
78545  -58.862  6.483  12.377 0.1111110002
134281  -59.697  6.448  13.367 0.1111110002
78532  -60.644  6.557  13.380 0.1111110002
78556  -57.849  6.318  11.604 0.3333329856
78557  -58.735  6.410  11.315 0.1111110002
135724  -59.517  6.496  11.840 0.1111110002
120967  -60.429  6.574  11.835 0.1111110002
133026  -61.416  7.104  10.690 0.1111110002
79404  -61.887  7.536  10.303 0.1111110002
79412  -62.037  7.565  9.128 0.1111110002
76893  -52.428  4.228  15.278 0.6666669846
76894  -53.029  4.611  14.851 0.3333329856
77706  -54.449  5.604  15.478 0.3333329856
77716  -54.739  5.732  14.608 0.3333329856
78515  -55.597  6.093  14.551 0.3333329856
78510  -56.317  6.236  15.334 0.2222220004
78517  -57.449  6.430  14.400 0.2222220004
78518  -59.290  6.421  14.980 0.1111110002
79375  -60.248  7.305  15.611 0.1111110002
78531  -59.482  6.417  14.205 0.1111110002
124563  -60.361  6.533  14.098 0.1111110002
78520  -60.688  6.812  14.473 0.1111110002
80320  -60.492  7.300  15.100 0.1111110002
78533  -61.200  6.802  13.330 0.1111110002
80327  -60.285  8.558  13.756 0.1111110002
132714  -61.626  7.120  11.863 0.1111110002
80334  -61.260  7.982  12.888 0.1111110002
81287  -60.057  9.121  13.135 0.1111110002
78560  -61.719  7.324  11.263 0.1111110002
79405  -62.065  7.767  10.886 0.1111110002
122064  -61.164  8.608  12.212 0.1111110002
82115  -60.108  10.260  11.992 0.1111110002
132475  -62.244  7.908  9.931 0.1111110002
81306  -61.546  8.885  11.428 0.1111110002
81305  -60.857  9.502  11.681 0.1111110002
80348  -62.235  8.371  10.432 0.1111110002
124564  -59.218  6.399  15.988 0.1111110002
78513  -59.740  6.596  15.535 0.1111110002
80319  -60.052  8.055  15.310 0.1111110002
80323  -59.812  8.708  14.472 0.1111110002
81285  -59.583  9.505  13.748 0.1111110002
128513  -61.966  9.667  10.219 0.1111110002
68121  -47.223  -5.408  24.088 0.4444440007
123744  -46.338  -5.468  24.011 0.4444440007
68105  -45.895  -5.660  24.542 0.4444440007
67226  -44.999  -5.997  24.285 0.6666669846
40692  -1.500  -34.148  52.236 0.6666669846
51056  -17.353  -23.838  47.115 0.3333329856
50127  -29.304  -24.781  40.860 0.7777780294
51119  -24.461  -23.514  41.379 0.7777780294
50141  -26.261  -23.943  40.691 0.7777780294
54021  -32.482  -21.428  41.686 0.2222220004
55782  -32.486  -18.750  41.646 0.2222220004
62468  -39.497  -11.418  28.607 0.5555559993
65305  -39.578  -8.108  26.889 0.7777780294
67211  -39.277  -6.473  25.086 0.7777780294
133616  -39.895  -6.465  24.637 0.7777780294
65251  -34.971  -8.234  30.602 0.4444440007
65240  -36.840  -7.953  32.204 0.3333329856
72398  -46.204  -0.108  22.930 0.4444440007
42349  1.800  -32.745  52.436 0.1111110002
40681  0.051  -34.488  52.871 0.4444440007
58542  -29.325  -15.598  44.436 0.2222220004
63388  -40.024  -10.568  28.698 0.5555559993
127799  -35.087  -11.654  33.026 0.3333329856
122379  1.215  -31.220  51.839 0.1111110002
43245  0.353  -31.275  50.139 0.1111110002
42350  -1.693  -32.511  52.615 0.4444440007
44095  1.093  -30.843  52.406 0.1111110002
44115  0.752  -30.738  51.150 0.1111110002
122079  0.670  -30.767  53.404 0.1111110002
49092  -26.580  -25.166  43.587 0.6666669846
49112  -26.851  -24.850  41.831 0.7777780294
50125  -27.002  -24.423  40.860 0.7777780294
50122  -24.870  -24.148  41.897 0.7777780294
50114  -24.713  -24.317  42.790 0.6666669846
50140  -25.754  -24.040  41.025 0.7777780294
55766  -32.839  -18.921  42.204 0.2222220004
56690  -31.178  -17.298  44.066 0.1111110002
57583  -31.300  -17.128  44.837 0.1111110002
57561  -31.017  -16.216  46.387 0.1111110002
57649  -34.673  -16.755  39.924 0.4444440007
134393  -38.035  -14.443  30.664 0.5555559993
123025  -29.100  -13.460  44.574 0.1111110002
59554  -29.183  -14.551  44.707 0.2222220004
60723  -38.027  -13.020  28.691 0.6666669846
61615  -39.119  -12.080  28.692 0.6666669846
61477  -29.776  -12.148  44.891 0.1111110002
62296  -29.686  -11.683  44.508 0.1111110002
60578  -28.647  -12.813  43.618 0.1111110002
60601  -27.969  -12.797  42.353 0.1111110002
65307  -41.203  -7.949  26.425 0.7777780294
63345  -36.813  -9.971  32.856 0.2222220004
63366  -34.970  -9.632  31.146 0.3333329856
65238  -35.650  -8.436  31.334 0.4444440007
66242  -42.843  -7.758  27.334 0.4444440007
66258  -40.558  -7.720  25.794 0.7777780294
62400  -36.535  -11.421  33.709 0.1111110002
66285  -41.388  -7.038  24.737 0.7777780294
121665  -40.903  -7.348  25.114 0.7777780294
68122  -48.076  -5.470  23.773 0.3333329856
117726  -48.697  -5.076  24.338 0.3333329856
62398  -34.867  -11.994  33.734 0.2222220004
136439  -36.208  -11.938  34.324 0.1111110002
137958  -45.247  -6.419  25.744 0.5555559993
66275  -42.401  -7.399  25.441 0.7777780294
66286  -42.173  -6.972  24.719 0.7777780294
127571  -34.690  -11.954  34.386 0.1111110002
67223  -41.543  -6.572  24.264 0.7777780294
123039  -42.996  -5.399  23.110 0.7777780294
71560  -47.789  -1.342  18.993 0.7777780294
132673  -48.996  -2.157  18.241 0.6666669846
70746  -52.793  -2.147  16.863 0.3333329856
72456  -52.362  -0.794  16.015 0.4444440007
71595  -54.074  -1.265  15.763 0.4444440007
72411  -46.818  -0.116  22.273 0.4444440007
123143  -47.621  0.114  20.135 0.6666669846
73423  -49.111  0.342  18.159 0.6666669846
73426  -50.170  0.375  16.893 0.7777780294
74422  -50.814  1.471  16.083 0.7777780294
73395  -47.614  0.208  21.937 0.4444440007
73405  -48.187  0.684  20.720 0.5555559993
73396  -48.298  0.664  21.607 0.5555559993
73417  -48.839  1.017  19.700 0.5555559993
74416  -49.276  1.111  18.868 0.5555559993
130504  -49.891  0.976  17.331 0.7777780294
73443  -52.733  0.965  14.806 0.5555559993
73387  -47.623  0.212  22.806 0.3333329856
73376  -47.440  0.436  23.609 0.2222220004
73389  -49.024  0.980  22.135 0.4444440007
78543  -56.766  6.323  12.703 0.3333329856
78516  -56.472  6.346  14.468 0.2222220004
118287  -58.469  6.426  14.305 0.2222220004
78519  -60.115  6.573  14.835 0.1111110002
78546  -60.062  6.486  12.594 0.1111110002
136520  -60.909  6.702  13.917 0.1111110002
78547  -61.017  6.645  12.625 0.1111110002
78548  -61.526  6.972  12.458 0.1111110002
118297  -58.394  6.343  15.328 0.1111110002
138978  -59.207  6.411  15.480 0.1111110002
78514  -60.314  6.884  15.322 0.1111110002
79378  -60.836  7.031  14.609 0.1111110002
79381  -61.090  7.254  14.037 0.1111110002
141032  -61.400  7.269  13.176 0.1111110002
80324  -60.611  7.737  14.476 0.1111110002
80328  -61.010  7.845  13.624 0.1111110002
121776  -59.312  9.518  14.489 0.1111110002
139124  -61.600  7.327  12.435 0.1111110002
79397  -61.738  7.476  11.797 0.1111110002
80333  -60.685  8.539  13.008 0.1111110002
119949  -61.616  7.835  12.257 0.1111110002
134919  -61.633  8.333  11.805 0.1111110002
80341  -61.959  8.195  11.351 0.1111110002
81295  -60.396  9.308  12.464 0.1111110002
80355  -62.417  8.518  9.579 0.1111110002
82133  -61.383  9.792  10.853 0.1111110002
81312  -62.000  8.988  10.715 0.1111110002
78507  -59.716  6.745  16.269 0.1111110002
81283  -59.319  9.051  15.098 0.1111110002
82077  -58.973  10.069  14.964 0.1111110002
68107  -47.415  -5.222  24.871 0.3333329856
68108  -47.909  -5.212  24.442 0.3333329856
67214  -45.489  -6.060  25.112 0.3333329856
121027  -3.067  -35.546  56.351 0.1111110002
38860  -1.741  -36.722  55.553 0.2222220004
38850  -1.525  -36.217  56.478 0.1111110002
36695  1.218  -38.860  55.062 0.1111110002
37725  0.481  -38.063  55.847 0.2222220004
39775  -3.336  -35.941  55.342 0.3333329856
36707  1.480  -38.616  54.294 0.1111110002
39764  -3.919  -35.339  55.973 0.1111110002
41493  -5.327  -34.337  56.680 0.1111110002
39776  -4.177  -35.602  55.120 0.3333329856
40674  -4.852  -35.255  54.747 0.3333329856
41501  -5.932  -34.304  55.870 0.1111110002
123901  -6.026  -33.821  56.767 0.1111110002
40666  -5.410  -34.836  55.277 0.2222220004
40675  -5.574  -34.798  54.316 0.3333329856
36719  1.831  -38.262  53.616 0.3333329856
41502  -6.703  -33.963  55.122 0.1111110002
40667  -6.010  -34.488  55.010 0.2222220004
41511  -6.873  -33.919  54.114 0.3333329856
41519  -6.903  -33.849  53.224 0.3333329856
41503  -7.385  -33.368  55.613 0.1111110002
41504  -7.593  -33.483  54.631 0.2222220004
42315  -8.121  -33.020  55.245 0.2222220004
123810  -7.544  -33.564  53.704 0.2222220004
41512  -8.083  -33.269  54.023 0.3333329856
44057  -12.367  -30.556  56.212 0.1111110002
45001  -12.881  -29.994  56.469 0.1111110002
45972  -13.640  -28.514  56.582 0.1111110002
46967  -13.626  -27.999  54.859 0.1111110002
43197  -11.321  -31.305  53.369 0.4444440007
44991  -13.400  -29.243  57.458 0.1111110002
134691  -13.487  -28.887  56.009 0.1111110002
45016  -13.176  -29.457  55.875 0.1111110002
121439  -13.366  -28.860  55.198 0.1111110002
118922  -13.633  -27.632  53.914 0.2222220004
47946  -13.851  -26.773  54.074 0.1111110002
124316  -12.735  -30.072  55.654 0.1111110002
136376  -13.353  -28.244  53.440 0.2222220004
44077  -12.130  -30.577  54.285 0.2222220004
45015  -12.634  -30.023  54.794 0.2222220004
45028  -12.987  -29.302  54.459 0.2222220004
45995  -13.368  -28.522  54.222 0.2222220004
47965  -13.661  -26.930  52.352 0.1111110002
44089  -12.197  -30.365  53.363 0.3333329856
45994  -12.968  -29.017  53.462 0.3333329856
45050  -12.518  -29.610  52.159 0.4444440007
46993  -13.408  -27.616  52.119 0.2222220004
46006  -13.150  -28.377  52.617 0.2222220004
127992  -12.849  -28.867  51.845 0.3333329856
47009  -13.375  -27.597  51.355 0.2222220004
46052  -12.919  -28.454  50.304 0.3333329856
47025  -13.321  -27.675  50.574 0.2222220004
47990  -13.609  -27.161  49.952 0.2222220004
127554  -12.578  -28.873  49.732 0.5555559993
128532  -13.216  -27.809  49.862 0.3333329856
48005  -13.930  -26.816  49.236 0.2222220004
47991  -14.044  -26.404  50.110 0.2222220004
47043  -13.300  -27.587  49.065 0.4444440007
48020  -13.643  -27.133  48.173 0.4444440007
48006  -14.421  -26.112  49.381 0.3333329856
48021  -14.269  -26.486  48.560 0.4444440007
121213  -0.761  -31.508  53.671 0.1111110002
49007  -15.036  -25.429  49.331 0.2222220004
50028  -15.616  -24.725  49.668 0.2222220004
48038  -14.124  -26.679  47.825 0.5555559993
49019  -15.166  -25.570  48.209 0.2222220004
126575  -15.700  -24.893  48.775 0.2222220004
133698  -18.018  -23.067  49.655 0.1111110002
51026  -17.732  -23.255  49.120 0.1111110002
51027  -18.481  -22.886  49.082 0.1111110002
129433  -16.294  -24.223  49.194 0.2222220004
51025  -17.017  -23.640  49.199 0.2222220004
50040  -15.796  -24.994  47.881 0.2222220004
52012  -20.550  -22.654  51.080 0.1111110002
52011  -19.688  -22.691  51.051 0.1111110002
128256  -19.504  -22.640  50.062 0.1111110002
129341  -20.463  -22.594  50.211 0.1111110002
51012  -18.655  -22.832  49.859 0.1111110002
52029  -19.323  -22.640  49.174 0.1111110002
50041  -16.283  -24.425  48.272 0.2222220004
51040  -16.851  -23.886  48.503 0.2222220004
51042  -18.138  -23.086  48.300 0.1111110002
120743  -17.426  -23.594  47.955 0.2222220004
51057  -18.055  -23.254  47.353 0.2222220004
50992  -22.312  -23.479  52.430 0.1111110002
51000  -21.669  -23.007  51.121 0.1111110002
51995  -21.084  -22.759  51.544 0.1111110002
52013  -21.137  -22.724  50.707 0.1111110002
51001  -22.237  -23.507  51.520 0.1111110002
52030  -20.172  -22.515  49.283 0.1111110002
117792  -25.196  -25.697  48.959 0.1111110002
121927  -25.755  -25.908  48.630 0.1111110002
48095  -33.172  -25.871  44.740 0.2222220004
49021  -25.391  -25.552  48.211 0.1111110002
133222  -31.351  -26.101  44.609 0.2222220004
137734  -32.584  -26.112  44.935 0.2222220004
52064  -18.892  -22.774  47.535 0.2222220004
52045  -19.103  -22.671  48.359 0.1111110002
49022  -26.045  -25.862  47.999 0.1111110002
48040  -26.794  -26.126  47.831 0.1111110002
48061  -27.080  -25.934  47.012 0.2222220004
48063  -28.364  -26.236  46.444 0.2222220004
48081  -28.635  -26.110  45.835 0.2222220004
48092  -29.783  -26.063  44.876 0.3333329856
48093  -30.648  -26.119  44.726 0.2222220004
49086  -31.016  -25.886  44.056 0.3333329856
49035  -26.350  -25.706  47.222 0.1111110002
48062  -27.763  -26.120  46.723 0.2222220004
48080  -27.895  -25.967  45.988 0.2222220004
48091  -28.938  -25.909  45.087 0.2222220004
49085  -30.133  -25.795  44.033 0.3333329856
49068  -28.123  -25.810  45.273 0.2222220004
49084  -29.216  -25.767  44.299 0.3333329856
50008  -22.790  -24.086  50.985 0.1111110002
141410  -21.178  -22.700  49.995 0.1111110002
51013  -21.645  -22.970  50.299 0.1111110002
50019  -22.804  -23.952  49.981 0.1111110002
50020  -23.399  -24.617  50.459 0.1111110002
140924  -24.018  -25.009  49.492 0.1111110002
52031  -20.919  -22.531  49.352 0.1111110002
123043  -22.150  -23.315  49.898 0.1111110002
51030  -23.116  -24.101  49.160 0.1111110002
50029  -23.553  -24.627  49.538 0.1111110002
52048  -21.317  -22.632  48.630 0.1111110002
51029  -22.468  -23.486  49.111 0.1111110002
50042  -23.627  -24.468  48.667 0.1111110002
50030  -24.110  -24.933  48.933 0.1111110002
132944  -31.793  -25.819  44.115 0.2222220004
49087  -32.530  -25.806  44.331 0.2222220004
53026  -11.997  -21.017  47.523 0.1111110002
52047  -20.697  -22.417  48.551 0.1111110002
49033  -24.970  -25.118  47.744 0.1111110002
49046  -25.150  -25.042  46.946 0.1111110002
122583  -18.695  -22.932  46.673 0.3333329856
121527  -19.545  -22.537  46.820 0.3333329856
118983  -20.322  -22.292  46.885 0.3333329856
49034  -25.636  -25.439  47.437 0.1111110002
49048  -26.618  -25.642  46.524 0.2222220004
49096  -31.472  -25.581  43.442 0.2222220004
49049  -27.207  -25.793  46.225 0.2222220004
49083  -28.395  -25.680  44.509 0.2222220004
52100  -18.984  -22.754  45.132 0.5555559993
52082  -19.289  -22.652  45.997 0.5555559993
52049  -21.943  -22.967  48.645 0.1111110002
50043  -24.255  -24.718  48.050 0.1111110002
53038  -12.509  -21.193  46.793 0.2222220004
120776  -21.132  -22.389  48.010 0.2222220004
51044  -23.105  -23.936  48.441 0.1111110002
130012  -24.590  -24.761  47.306 0.1111110002
50055  -23.634  -24.277  47.989 0.1111110002
50067  -24.586  -24.625  46.590 0.1111110002
49047  -25.884  -25.363  46.511 0.2222220004
49066  -26.517  -25.473  45.716 0.2222220004
137543  -30.740  -25.671  43.511 0.3333329856
50079  -23.954  -24.184  46.258 0.2222220004
49064  -25.211  -24.936  46.106 0.2222220004
49065  -25.771  -25.176  45.664 0.2222220004
49067  -27.353  -25.675  45.460 0.2222220004
49082  -27.605  -25.576  44.702 0.2222220004
49094  -28.635  -25.578  43.730 0.4444440007
52083  -20.062  -22.345  46.118 0.4444440007
50094  -24.574  -24.503  44.757 0.4444440007
50081  -25.236  -24.881  45.220 0.2222220004
49080  -26.013  -25.132  44.850 0.3333329856
139590  -26.487  -25.238  44.271 0.4444440007
135321  -27.854  -25.498  43.923 0.4444440007
125847  -30.155  -25.575  43.184 0.4444440007
125846  -30.926  -25.446  42.850 0.4444440007
52118  -19.429  -22.459  44.525 0.5555559993
50095  -25.280  -24.785  44.311 0.4444440007
49091  -25.939  -24.997  43.919 0.4444440007
49093  -27.304  -25.309  43.336 0.5555559993
125022  -28.075  -25.406  43.129 0.5555559993
125848  -28.868  -25.478  42.959 0.4444440007
49106  -30.150  -25.358  42.297 0.4444440007
49104  -28.326  -25.293  42.276 0.5555559993
49105  -29.214  -25.349  42.182 0.5555559993
133221  -30.437  -25.047  41.599 0.4444440007
49103  -27.483  -25.186  42.487 0.5555559993
49115  -29.658  -25.099  41.523 0.5555559993
50128  -30.160  -24.725  40.876 0.5555559993
53966  -13.656  -20.244  47.048 0.2222220004
52067  -21.310  -22.360  47.358 0.2222220004
52068  -21.766  -22.754  47.846 0.1111110002
51043  -22.491  -23.341  48.164 0.1111110002
118982  -21.007  -22.226  46.882 0.2222220004
51058  -22.513  -23.231  47.292 0.2222220004
51070  -22.586  -23.232  46.459 0.2222220004
52101  -19.788  -22.417  45.312 0.5555559993
51082  -23.303  -23.692  45.926 0.2222220004
50093  -23.915  -24.147  45.325 0.3333329856
50104  -23.828  -24.027  44.274 0.4444440007
50106  -25.316  -24.682  43.383 0.4444440007
121917  -36.533  -21.456  41.880 0.1111110002
121068  -21.869  -22.671  46.897 0.2222220004
139000  -21.407  -22.372  46.866 0.2222220004
133576  -21.492  -22.419  46.279 0.2222220004
51081  -22.639  -23.237  45.666 0.3333329856
52104  -22.002  -22.734  45.502 0.3333329856
51094  -23.263  -23.652  45.065 0.4444440007
137283  -23.162  -23.519  44.349 0.4444440007
124794  -22.021  -22.444  43.568 0.5555559993
51109  -22.827  -22.996  43.003 0.5555559993
54903  -36.303  -19.768  40.354 0.1111110002
55794  -36.146  -18.805  40.135 0.1111110002
55802  -35.725  -18.545  39.398 0.1111110002
136222  -35.548  -19.102  38.828 0.3333329856
56742  -35.580  -17.371  40.796 0.1111110002
55793  -35.846  -17.964  40.067 0.1111110002
134995  -35.294  -17.302  40.177 0.1111110002
57623  -35.031  -15.821  42.188 0.1111110002
121162  -35.128  -16.465  41.514 0.1111110002
57636  -34.854  -16.529  40.695 0.1111110002
122055  -34.183  -15.706  40.442 0.2222220004
58609  -32.739  -15.131  38.792 0.5555559993
58555  -35.405  -15.132  42.803 0.1111110002
139362  -35.176  -15.383  42.483 0.1111110002
137809  -34.733  -15.508  41.711 0.1111110002
57622  -34.493  -15.623  41.135 0.1111110002
58596  -33.283  -14.938  39.477 0.4444440007
139155  -33.753  -15.078  40.144 0.3333329856
59640  -32.911  -14.726  38.806 0.4444440007
126940  -37.478  -15.634  32.452 0.3333329856
59687  -39.919  -14.461  33.199 0.2222220004
60665  -40.209  -13.842  32.510 0.2222220004
60680  -40.440  -13.336  31.871 0.2222220004
58701  -38.274  -15.296  32.703 0.3333329856
58702  -39.079  -14.888  32.945 0.2222220004
60679  -39.790  -13.770  31.829 0.2222220004
60681  -41.011  -12.894  31.876 0.2222220004
58718  -37.943  -15.094  31.908 0.3333329856
59707  -39.130  -14.168  31.643 0.2222220004
123232  -39.441  -13.717  31.222 0.3333329856
59705  -37.618  -14.929  31.079 0.3333329856
61562  -41.555  -12.645  32.293 0.2222220004
61563  -42.287  -12.318  32.841 0.2222220004
61581  -42.021  -11.858  31.937 0.1111110002
61580  -41.400  -12.276  31.472 0.2222220004
62432  -41.760  -11.525  31.124 0.1111110002
59706  -38.376  -14.557  31.381 0.3333329856
60698  -39.997  -13.336  31.208 0.2222220004
61579  -40.662  -12.743  31.136 0.2222220004
61597  -41.178  -11.972  30.619 0.2222220004
60697  -39.452  -13.350  30.484 0.3333329856
61596  -40.482  -12.341  30.207 0.2222220004
60714  -39.113  -13.033  29.615 0.3333329856
61595  -39.796  -12.690  29.896 0.3333329856
61606  -40.104  -12.060  29.462 0.3333329856
62433  -42.411  -11.036  31.566 0.1111110002
62449  -41.976  -10.924  30.893 0.1111110002
135297  -42.611  -9.633  31.223 0.1111110002
62448  -41.509  -11.215  30.385 0.1111110002
63367  -41.781  -10.430  30.438 0.1111110002
64279  -41.507  -9.757  29.904 0.1111110002
120657  -42.114  -9.450  30.600 0.1111110002
136625  -40.822  -11.543  29.767 0.4444440007
62461  -40.657  -10.873  29.269 0.3333329856
62462  -41.239  -10.683  29.783 0.1111110002
64260  -43.047  -9.282  31.649 0.1111110002
63368  -42.313  -10.319  31.064 0.1111110002
65253  -42.921  -7.956  30.861 0.1111110002
65252  -42.331  -8.410  30.399 0.1111110002
64280  -41.766  -8.806  29.914 0.1111110002
63380  -40.828  -9.932  29.245 0.4444440007
137052  -41.292  -9.165  29.457 0.1111110002
65254  -43.634  -7.655  31.256 0.1111110002
65267  -42.758  -7.806  30.044 0.1111110002
65266  -42.077  -8.103  29.694 0.1111110002
65283  -41.981  -8.032  28.920 0.2222220004
66217  -42.620  -7.775  29.257 0.2222220004
137061  -43.677  -7.273  28.831 0.1111110002
66230  -42.677  -7.776  28.400 0.2222220004
66243  -43.510  -7.495  28.071 0.2222220004
66244  -44.206  -7.216  27.549 0.2222220004
66233  -44.939  -6.890  28.746 0.2222220004
124081  -43.637  -7.468  27.229 0.3333329856
66245  -44.879  -6.946  27.860 0.2222220004
134409  -45.383  -6.684  27.333 0.2222220004
66263  -44.808  -6.922  27.023 0.2222220004
127411  -46.046  -6.327  27.166 0.2222220004
66261  -43.413  -7.483  26.481 0.3333329856
67199  -45.485  -6.480  26.497 0.2222220004
66260  -42.617  -7.661  26.270 0.4444440007
66276  -43.158  -7.321  25.649 0.3333329856
67198  -44.733  -6.847  26.160 0.3333329856
135659  -42.877  -7.080  25.026 0.5555559993
66277  -43.978  -7.151  25.841 0.4444440007
69005  -50.628  -5.149  21.194 0.4444440007
69014  -48.795  -4.559  20.275 0.4444440007
69025  -49.517  -4.379  20.011 0.4444440007
69016  -50.938  -4.658  20.516 0.4444440007
69850  -49.735  -3.823  19.374 0.4444440007
69851  -50.601  -3.803  19.245 0.4444440007
69861  -50.030  -3.329  18.744 0.4444440007
69862  -50.885  -3.339  18.596 0.4444440007
70725  -50.303  -2.816  18.102 0.4444440007
70726  -51.184  -2.862  17.929 0.4444440007
70735  -49.712  -2.185  17.805 0.4444440007
70736  -50.623  -2.173  17.410 0.4444440007
71575  -51.400  -1.782  16.888 0.4444440007
73397  -48.986  1.129  21.206 0.4444440007
73406  -48.661  1.014  20.414 0.4444440007
74405  -49.303  1.323  20.425 0.4444440007
74413  -49.475  1.375  19.736 0.4444440007
74418  -49.554  1.070  17.949 0.5555559993
74419  -50.089  1.592  17.656 0.5555559993
75296  -50.471  2.156  17.250 0.6666669846
74414  -50.017  1.669  19.388 0.2222220004
124224  -50.571  2.161  18.997 0.3333329856
74417  -49.988  1.629  18.485 0.4444440007
75293  -50.480  2.204  18.105 0.4444440007
123318  -51.117  2.670  18.600 0.3333329856
76113  -51.405  3.309  17.270 0.4444440007
75297  -50.834  2.703  16.786 0.5555559993
76117  -51.909  3.851  16.794 0.4444440007
43186  -10.852  -31.689  54.763 0.2222220004
43187  -11.471  -31.220  54.281 0.2222220004
132920  -10.726  -31.766  53.065 0.2222220004
44069  -12.161  -30.631  55.281 0.1111110002
43152  -11.133  -31.324  56.922 0.1111110002
43161  -11.273  -31.332  56.187 0.1111110002
44056  -11.836  -30.956  55.956 0.1111110002
36682  0.679  -38.424  55.621 0.2222220004
37726  0.045  -37.521  56.464 0.2222220004
38859  -0.859  -36.762  56.215 0.1111110002
37727  -0.117  -37.285  56.070 0.1111110002
132577  2.098  -38.511  53.233 0.2222220004
40676  -6.276  -34.306  54.426 0.2222220004
42328  -8.765  -32.920  53.887 0.2222220004
42316  -9.717  -32.331  54.993 0.1111110002
119682  -8.919  -32.730  54.880 0.2222220004
46068  -12.873  -28.300  49.432 0.5555559993
49018  -14.590  -26.200  47.963 0.4444440007
51055  -16.823  -24.094  47.741 0.2222220004
51069  -18.469  -23.102  45.780 0.5555559993
51110  -23.538  -23.441  42.570 0.4444440007
52062  -11.210  -21.777  47.567 0.3333329856
54910  -35.934  -19.494  39.483 0.1111110002
57647  -33.119  -15.547  39.147 0.5555559993
58624  -31.906  -14.991  37.773 0.7777780294
58659  -34.317  -15.653  35.823 0.4444440007
69015  -49.395  -4.856  20.567 0.4444440007
69004  -49.751  -5.268  21.136 0.4444440007
42330  -10.247  -32.093  54.429 0.2222220004
43196  -10.812  -31.729  53.916 0.2222220004
45062  -12.537  -29.452  51.500 0.3333329856
46051  -12.497  -29.216  50.354 0.4444440007
52102  -20.529  -22.268  45.392 0.5555559993
52103  -21.313  -22.321  45.315 0.4444440007
56754  -35.290  -17.710  39.508 0.3333329856
60696  -38.768  -13.569  30.009 0.3333329856
58717  -37.174  -15.465  31.624 0.3333329856
65265  -41.560  -8.495  29.236 0.2222220004
67212  -43.606  -6.889  25.059 0.5555559993
69860  -49.198  -3.289  18.905 0.4444440007
70724  -49.506  -2.773  18.373 0.4444440007
70737  -51.478  -2.412  17.415 0.4444440007
75299  -50.599  2.056  16.538 0.6666669846
76124  -51.772  3.674  15.677 0.4444440007
134837  -27.113  -25.390  44.110 0.3333329856
50113  -24.030  -23.971  43.179 0.4444440007
38851  -2.427  -36.102  55.913 0.1111110002
35724  1.468  -39.611  54.926 0.1111110002
132280  0.938  -38.804  55.628 0.1111110002
120721  0.319  -37.974  56.263 0.2222220004
36718  1.950  -38.818  53.834 0.2222220004
39765  -4.704  -35.131  55.633 0.2222220004
40656  -5.207  -34.734  56.024 0.1111110002
122215  -8.296  -33.077  54.538 0.2222220004
45983  -13.660  -28.224  55.737 0.1111110002
141378  -12.976  -29.537  55.204 0.1111110002
46979  -13.492  -27.613  52.950 0.2222220004
45027  -12.618  -29.869  53.881 0.3333329856
45039  -12.559  -29.724  52.994 0.3333329856
46034  -13.062  -28.292  51.152 0.2222220004
49006  -14.702  -25.951  48.696 0.2222220004
51041  -17.420  -23.486  48.622 0.2222220004
51014  -22.194  -23.454  50.639 0.1111110002
52046  -19.976  -22.470  48.432 0.2222220004
49020  -24.736  -25.248  48.537 0.1111110002
49008  -24.512  -25.362  49.416 0.1111110002
51028  -21.657  -22.893  49.427 0.1111110002
48996  -23.965  -25.074  50.016 0.1111110002
52065  -19.768  -22.471  47.616 0.2222220004
52066  -20.621  -22.300  47.675 0.2222220004
49081  -26.839  -25.426  44.853 0.2222220004
51059  -23.175  -23.824  47.637 0.1111110002
50080  -24.590  -24.548  45.712 0.2222220004
50066  -23.943  -24.310  47.225 0.2222220004
49095  -29.422  -25.613  43.522 0.4444440007
52084  -20.793  -22.227  46.168 0.3333329856
51071  -23.268  -23.744  46.790 0.2222220004
138798  -29.560  -25.493  42.842 0.4444440007
52085  -22.110  -22.821  46.172 0.2222220004
51104  -23.356  -23.532  43.557 0.4444440007
50105  -24.610  -24.410  43.766 0.4444440007
51093  -22.610  -23.154  44.873 0.3333329856
52121  -21.955  -22.642  44.637 0.4444440007
51103  -22.647  -23.082  43.997 0.4444440007
58583  -34.134  -15.042  40.682 0.2222220004
59695  -39.502  -14.296  32.384 0.2222220004
123014  -41.217  -13.605  33.259 0.2222220004
59694  -38.740  -14.698  32.171 0.3333329856
135857  -38.774  -13.979  30.784 0.3333329856
136316  -40.099  -12.931  30.591 0.3333329856
64259  -42.668  -8.804  31.075 0.1111110002
66262  -44.147  -7.224  26.701 0.3333329856
126453  -50.089  -4.772  20.528 0.4444440007
69026  -50.338  -4.286  19.887 0.4444440007
69027  -51.191  -4.192  19.836 0.4444440007
69852  -51.470  -3.742  19.198 0.4444440007
74400  -49.742  1.336  21.849 0.2222220004
75290  -50.696  2.093  19.906 0.3333329856
75291  -51.262  2.565  19.444 0.2222220004
75294  -50.944  2.760  17.708 0.4444440007
76109  -51.596  3.248  18.212 0.3333329856
43175  -10.724  -31.672  55.608 0.1111110002
42317  -10.288  -31.969  55.113 0.1111110002
43176  -11.462  -31.237  55.265 0.2222220004
43160  -10.512  -31.651  56.536 0.1111110002
122374  2.158  -38.358  52.585 0.1111110002
38899  1.835  -37.424  51.603 0.1111110002
38893  1.640  -35.866  51.637 0.1111110002
139247  1.667  -36.632  51.486 0.1111110002
122262  -8.655  -32.669  55.755 0.1111110002
48068  -33.572  -26.368  46.042 0.1111110002
136289  -34.063  -26.322  46.502 0.1111110002
48086  -33.749  -25.981  45.292 0.1111110002
48069  -34.263  -26.053  45.898 0.1111110002
53081  -27.589  -21.870  43.746 0.1111110002
122444  -27.689  -22.019  43.029 0.1111110002
59641  -33.583  -14.559  39.227 0.3333329856
59639  -32.416  -14.875  38.296 0.4444440007
59651  -32.809  -14.608  38.188 0.4444440007
58626  -33.447  -14.493  38.400 0.3333329856
59642  -34.426  -14.360  39.431 0.3333329856
118446  -34.380  -14.759  37.665 0.2222220004
58610  -34.308  -14.403  38.629 0.3333329856
136852  -35.101  -14.439  38.776 0.3333329856
117631  -33.307  -14.664  37.456 0.3333329856
58627  -35.331  -14.860  37.978 0.2222220004
58643  -34.407  -15.288  36.705 0.3333329856
58644  -35.515  -15.523  36.952 0.2222220004
124702  -36.490  -15.515  37.555 0.2222220004
57686  -35.212  -15.902  36.042 0.2222220004
58645  -36.474  -15.951  36.762 0.2222220004
57707  -35.777  -16.248  35.517 0.2222220004
57688  -36.946  -16.249  36.210 0.2222220004
58689  -37.768  -15.797  33.276 0.2222220004
58628  -37.511  -15.810  37.636 0.2222220004
68149  -49.331  -5.656  21.890 0.3333329856
68151  -51.071  -5.414  21.911 0.3333329856
69863  -51.783  -3.304  18.546 0.3333329856
70738  -52.112  -2.291  17.163 0.3333329856
70747  -54.238  -2.388  16.820 0.2222220004
71587  -54.541  -1.927  16.241 0.3333329856
72482  -54.816  -0.333  14.617 0.2222220004
72484  -56.379  -0.850  14.128 0.2222220004
73446  -55.140  0.053  14.030 0.2222220004
72493  -55.908  -0.236  13.715 0.2222220004
73454  -55.465  0.437  13.409 0.2222220004
72481  -54.066  -0.101  14.838 0.3333329856
120803  -53.290  1.227  14.331 0.2222220004
74439  -53.948  1.013  14.014 0.2222220004
73453  -54.693  0.719  13.687 0.2222220004
119186  -56.841  -0.478  13.447 0.2222220004
74446  -55.041  1.135  13.094 0.2222220004
73455  -56.230  0.192  13.112 0.2222220004
73456  -56.889  0.046  12.842 0.2222220004
74452  -54.767  1.812  12.853 0.2222220004
74453  -55.359  1.612  12.515 0.3333329856
73464  -56.512  0.604  12.509 0.2222220004
73465  -57.274  0.327  12.338 0.2222220004
73466  -58.100  0.000  12.167 0.3333329856
120890  -56.071  1.322  12.133 0.3333329856
74454  -56.858  0.984  11.876 0.3333329856
75323  -53.619  2.585  13.449 0.3333329856
74445  -54.248  1.618  13.399 0.2222220004
75324  -54.318  2.480  12.924 0.3333329856
75329  -54.932  2.393  12.439 0.3333329856
73475  -57.669  0.642  11.677 0.3333329856
75330  -55.606  2.312  11.839 0.4444440007
74461  -56.466  1.825  11.465 0.4444440007
74462  -57.278  1.374  11.225 0.4444440007
133020  -54.524  3.240  12.517 0.4444440007
76160  -55.487  3.384  11.597 0.4444440007
75335  -56.191  2.868  11.083 0.4444440007
75336  -56.965  2.216  10.810 0.3333329856
75343  -56.862  3.076  10.477 0.3333329856
74471  -57.745  1.727  10.584 0.3333329856
136141  -57.382  3.254  10.060 0.4444440007
76153  -54.926  3.948  12.137 0.4444440007
76933  -55.551  4.297  11.593 0.4444440007
76168  -56.429  3.757  10.722 0.4444440007
76934  -56.266  4.613  11.004 0.4444440007
140989  -56.629  4.240  10.603 0.4444440007
76169  -57.027  3.910  10.248 0.4444440007
77754  -56.834  5.196  10.824 0.3333329856
76940  -56.945  4.654  10.498 0.3333329856
53080  -26.949  -21.369  44.101 0.2222220004
117815  -33.578  -15.119  36.500 0.5555559993
57722  -35.907  -16.412  34.834 0.2222220004
57708  -36.578  -16.372  35.395 0.1111110002
72469  -54.486  -0.745  15.200 0.2222220004
132928  -53.906  3.357  13.062 0.4444440007
76152  -54.260  4.043  12.752 0.4444440007
77746  -57.231  5.789  11.107 0.3333329856
70739  -53.584  -2.612  17.250 0.2222220004
123081  -33.012  -26.273  45.455 0.1111110002
124546  -38.574  -15.497  33.499 0.2222220004
70727  -52.155  -2.858  17.827 0.3333329856
57670  -37.207  -16.063  36.957 0.2222220004
57687  -36.094  -16.111  36.156 0.2222220004
73445  -54.399  0.315  14.300 0.2222220004
73463  -55.758  0.837  12.765 0.2222220004
133021  -55.042  3.058  12.051 0.4444440007
76161  -55.921  3.796  11.145 0.4444440007
75344  -57.502  2.539  10.257 0.3333329856
76175  -57.742  3.782  9.723 0.4444440007
77744  -55.738  5.105  11.707 0.3333329856
77755  -57.536  5.321  10.439 0.3333329856
37719  -0.024  -37.463  56.918 0.1111110002
43194  -1.885  -30.656  53.473 0.1111110002
48044  -29.940  -26.815  47.123 0.1111110002
48042  -28.412  -26.464  47.111 0.1111110002
56659  -18.587  -17.596  46.191 0.2222220004
48083  -30.355  -26.367  45.488 0.1111110002
56647  -18.748  -17.481  47.093 0.1111110002
56660  -19.498  -17.382  46.549 0.2222220004
56648  -19.698  -17.205  47.528 0.1111110002
55675  -18.600  -17.512  50.857 0.1111110002
140415  -19.252  -17.134  50.684 0.1111110002
56626  -20.479  -16.797  49.568 0.1111110002
56625  -19.553  -17.037  49.403 0.1111110002
55685  -18.796  -17.278  50.034 0.1111110002
135355  -20.218  -16.867  48.916 0.1111110002
56636  -19.408  -17.174  48.553 0.1111110002
56637  -20.431  -16.905  48.216 0.1111110002
56649  -20.673  -16.980  47.490 0.1111110002
118541  -21.401  -16.807  47.923 0.1111110002
118126  -21.486  -16.995  46.983 0.1111110002
56638  -21.211  -16.717  48.859 0.1111110002
56650  -22.376  -16.964  47.551 0.1111110002
132620  -29.950  -22.319  42.233 0.1111110002
54874  -33.186  -19.636  42.497 0.1111110002
126972  -32.899  -18.662  42.944 0.1111110002
129340  -30.607  -22.187  41.689 0.2222220004
54022  -33.042  -20.577  42.014 0.1111110002
59630  -34.815  -14.346  40.112 0.1111110002
59629  -33.945  -14.644  40.055 0.1111110002
59613  -35.258  -14.340  40.767 0.1111110002
59631  -35.912  -14.379  40.007 0.1111110002
59643  -35.486  -14.417  39.318 0.1111110002
58597  -36.597  -14.776  39.146 0.1111110002
59632  -37.044  -14.655  39.935 0.1111110002
58598  -37.729  -15.274  39.035 0.1111110002
58584  -38.107  -15.038  39.979 0.1111110002
58612  -37.082  -15.323  38.315 0.1111110002
58611  -36.052  -14.836  38.480 0.1111110002
58599  -38.730  -15.533  39.273 0.1111110002
58601  -40.422  -15.732  39.510 0.1111110002
58613  -38.502  -15.740  38.457 0.1111110002
131041  -37.852  -15.638  38.218 0.1111110002
66232  -44.233  -7.127  28.420 0.1111110002
67185  -45.682  -6.646  28.101 0.1111110002
58600  -39.602  -15.693  39.418 0.1111110002
58615  -40.132  -15.913  38.782 0.1111110002
58614  -39.316  -15.872  38.622 0.1111110002
58629  -38.283  -15.935  37.744 0.1111110002
67175  -46.512  -6.225  27.834 0.1111110002
127356  -49.373  -3.869  26.641 0.1111110002
68965  -49.074  -3.927  25.617 0.1111110002
68951  -48.903  -4.481  27.121 0.1111110002
68083  -47.644  -5.393  27.196 0.1111110002
68084  -48.355  -4.914  27.112 0.1111110002
68959  -49.949  -3.292  26.540 0.1111110002
118326  -49.774  -3.373  25.706 0.1111110002
68966  -50.337  -3.276  25.160 0.1111110002
67186  -46.832  -5.765  26.959 0.1111110002
68958  -48.631  -4.359  26.392 0.1111110002
68967  -50.983  -3.470  24.853 0.1111110002
68094  -47.373  -5.268  26.432 0.1111110002
68095  -47.962  -4.843  26.370 0.1111110002
69807  -52.320  -3.411  24.820 0.1111110002
69800  -52.820  -2.768  25.137 0.1111110002
119793  -50.303  -4.018  24.630 0.1111110002
69806  -51.550  -3.126  24.959 0.1111110002
68976  -53.489  -4.114  23.812 0.1111110002
69808  -53.240  -3.617  24.527 0.1111110002
68964  -48.367  -4.471  25.577 0.1111110002
68973  -48.870  -4.303  24.959 0.1111110002
68974  -51.739  -3.913  24.630 0.1111110002
134309  -51.088  -4.179  24.485 0.1111110002
69809  -54.048  -3.600  24.069 0.1111110002
67200  -46.269  -5.974  26.342 0.1111110002
69816  -54.630  -3.264  23.406 0.1111110002
68093  -46.878  -5.470  26.059 0.1111110002
69825  -54.525  -3.346  22.483 0.1111110002
135917  -46.420  -5.698  25.724 0.2222220004
68109  -49.492  -4.465  24.568 0.1111110002
68982  -50.850  -4.848  24.132 0.1111110002
68975  -52.654  -4.325  24.100 0.1111110002
69833  -54.330  -3.270  21.617 0.1111110002
68984  -53.192  -4.534  23.202 0.1111110002
68997  -53.484  -4.296  22.354 0.1111110002
70697  -54.874  -2.695  21.865 0.1111110002
70698  -55.219  -2.074  21.280 0.1111110002
68106  -46.649  -5.452  24.697 0.2222220004
68123  -49.571  -5.303  23.895 0.1111110002
68124  -50.431  -5.408  23.617 0.2222220004
68125  -51.371  -5.293  23.425 0.1111110002
118847  -54.155  -3.243  20.918 0.1111110002
70706  -54.701  -2.709  21.056 0.1111110002
70707  -55.180  -2.181  20.553 0.1111110002
71561  -55.772  -1.606  20.132 0.1111110002
68100  -46.199  -5.683  25.199 0.2222220004
129876  -52.968  -4.405  21.660 0.1111110002
69832  -53.652  -3.806  21.406 0.1111110002
70719  -55.986  -1.966  19.409 0.1111110002
72442  -58.440  0.661  18.758 0.1111110002
68142  -49.761  -5.764  22.966 0.2222220004
68143  -50.813  -5.593  22.733 0.2222220004
68126  -51.800  -5.212  22.445 0.1111110002
71563  -57.320  -0.191  19.197 0.1111110002
69006  -51.597  -4.896  21.333 0.2222220004
127160  -52.363  -4.433  21.111 0.1111110002
69841  -53.652  -3.576  20.322 0.1111110002
69842  -54.592  -3.034  20.243 0.1111110002
71562  -56.495  -0.981  19.688 0.1111110002
72437  -59.629  1.077  19.360 0.1111110002
71568  -57.598  -0.506  18.331 0.1111110002
70730  -55.423  -2.924  18.939 0.1111110002
71567  -56.758  -1.347  18.861 0.1111110002
69017  -51.766  -4.392  20.527 0.2222220004
69840  -52.817  -3.896  20.021 0.1111110002
69854  -53.241  -3.580  19.392 0.1111110002
69856  -54.790  -3.079  19.455 0.1111110002
123463  -55.750  -2.904  18.199 0.1111110002
70732  -57.202  -1.986  17.955 0.1111110002
70749  -57.576  -2.405  16.526 0.1111110002
70750  -58.230  -2.077  16.458 0.1111110002
69865  -53.637  -3.316  18.700 0.1111110002
70729  -54.094  -3.106  18.026 0.1111110002
124884  -56.380  -2.750  17.745 0.1111110002
70740  -54.582  -2.793  17.439 0.1111110002
120730  -56.062  -2.619  16.782 0.1111110002
70757  -58.026  -2.322  15.921 0.1111110002
70756  -57.157  -2.346  15.877 0.1111110002
69028  -52.010  -4.031  19.875 0.2222220004
69853  -52.347  -3.667  19.256 0.2222220004
69864  -52.710  -3.331  18.588 0.1111110002
70728  -53.146  -3.042  17.925 0.1111110002
70741  -55.486  -2.830  17.528 0.1111110002
70754  -55.406  -2.103  16.095 0.2222220004
127653  -55.049  -2.485  16.809 0.1111110002
70755  -56.280  -2.261  15.952 0.1111110002
71598  -56.589  -1.877  15.271 0.1111110002
71597  -55.721  -1.640  15.423 0.1111110002
72470  -55.243  -0.974  14.985 0.1111110002
124417  -52.753  -2.601  17.399 0.1111110002
72483  -55.572  -0.576  14.376 0.1111110002
122502  -47.060  0.820  25.305 0.1111110002
73367  -46.406  0.515  24.795 0.1111110002
122510  -47.194  0.686  24.441 0.1111110002
73368  -47.785  1.060  24.986 0.1111110002
73369  -48.004  0.912  24.137 0.1111110002
74383  -49.330  1.639  24.350 0.1111110002
74384  -50.065  1.952  23.979 0.1111110002
75265  -50.735  2.303  23.581 0.1111110002
75262  -51.217  2.886  23.983 0.1111110002
123899  -52.115  3.827  24.283 0.1111110002
74387  -48.805  1.122  23.824 0.1111110002
74396  -49.703  1.260  22.644 0.1111110002
74395  -48.991  0.923  22.984 0.1111110002
74389  -50.246  1.725  23.125 0.1111110002
76084  -52.507  3.958  23.636 0.1111110002
128807  -52.352  3.592  23.074 0.1111110002
77700  -54.626  5.530  16.414 0.2222220004
76890  -52.466  4.356  16.284 0.2222220004
77705  -53.635  5.180  15.213 0.2222220004
126748  -55.145  5.773  15.994 0.2222220004
77735  -56.131  5.827  12.109 0.2222220004
77745  -56.473  5.485  11.374 0.2222220004
76925  -55.221  4.707  12.094 0.3333329856
76941  -57.576  4.552  10.011 0.1111110002
76949  -58.252  4.429  9.479 0.1111110002
77765  -58.180  5.117  9.845 0.1111110002
78587  -58.849  5.600  9.778 0.1111110002
131361  -56.961  6.288  15.617 0.1111110002
78504  -56.815  6.158  16.085 0.1111110002
119287  -57.184  6.360  15.172 0.1111110002
78570  -58.020  6.058  10.800 0.1111110002
77756  -58.276  5.675  10.249 0.1111110002
78571  -58.930  6.182  10.433 0.1111110002
125397  -58.818  4.981  9.302 0.1111110002
141451  -59.467  6.037  9.788 0.1111110002
76951  -59.439  4.720  8.747 0.1111110002
71551  -56.327  -0.911  20.398 0.1111110002
71550  -55.695  -1.493  20.815 0.1111110002
72443  -59.746  1.075  18.433 0.1111110002
70691  -55.435  -2.071  22.149 0.1111110002
71588  -58.754  -1.346  16.534 0.1111110002
71578  -58.680  -0.423  17.155 0.1111110002
53099  -31.523  -21.992  41.613 0.2222220004
56661  -20.430  -17.179  46.766 0.1111110002
54893  -32.996  -19.574  41.719 0.1111110002
73377  -48.226  0.649  23.305 0.1111110002
76891  -53.081  4.783  15.773 0.3333329856
77699  -53.837  5.269  16.126 0.2222220004
77707  -55.353  5.954  15.340 0.2222220004
67215  -45.873  -6.058  25.754 0.2222220004
68972  -48.121  -4.782  24.965 0.1111110002
48082  -29.471  -26.265  45.680 0.1111110002
48064  -29.136  -26.461  46.560 0.1111110002
68150  -50.240  -5.592  21.938 0.2222220004
36668  -0.246  -37.680  57.471 0.1111110002
74397  -50.330  1.642  22.325 0.1111110002
71596  -54.915  -1.420  15.609 0.2222220004
69018  -52.410  -4.172  20.484 0.2222220004
57671  -37.985  -16.138  37.118 0.1111110002
48065  -30.073  -26.571  46.290 0.1111110002
56635  -18.703  -17.422  47.948 0.1111110002
56617  -19.774  -16.916  50.163 0.1111110002
56618  -20.706  -16.795  50.371 0.1111110002
54011  -33.119  -20.593  42.986 0.1111110002
54862  -33.383  -19.495  43.471 0.1111110002
120285  -49.613  -3.780  25.000 0.1111110002
127397  -47.590  -5.038  25.623 0.1111110002
68110  -50.101  -4.822  24.230 0.1111110002
118656  -51.710  -4.704  24.063 0.1111110002
69815  -54.008  -4.000  23.080 0.1111110002
68101  -46.876  -5.422  25.342 0.2222220004
140487  -54.048  -3.824  22.190 0.1111110002
68983  -52.308  -4.924  23.302 0.1111110002
68996  -52.719  -4.747  22.478 0.1111110002
70718  -55.272  -2.461  19.840 0.1111110002
69019  -53.009  -4.074  20.831 0.1111110002
69855  -54.080  -3.328  19.481 0.1111110002
70731  -56.289  -2.450  18.551 0.1111110002
71577  -57.957  -1.000  17.652 0.1111110002
69866  -54.525  -3.217  18.797 0.1111110002
118721  -55.000  -3.069  18.156 0.1111110002
70742  -57.961  -1.883  17.109 0.1111110002
131520  -57.118  -2.589  17.193 0.1111110002
70748  -56.822  -2.509  16.450 0.1111110002
71611  -56.035  -1.262  14.746 0.1111110002
74388  -49.565  1.378  23.488 0.1111110002
76083  -51.844  3.367  23.598 0.1111110002
77693  -54.126  5.212  16.993 0.2222220004
77708  -55.941  5.946  16.060 0.2222220004
76176  -58.608  3.588  9.150 0.1111110002
63275  -34.791  -11.155  37.151 0.1111110002
117554  -33.984  -10.719  36.993 0.1111110002
62347  -35.768  -11.538  37.214 0.1111110002
63273  -33.147  -10.322  36.847 0.1111110002
63288  -33.586  -10.906  36.088 0.1111110002
63289  -34.429  -11.252  36.393 0.1111110002
62358  -35.251  -11.590  36.467 0.1111110002
62370  -34.886  -11.638  35.887 0.1111110002
63318  -34.161  -11.647  34.854 0.1111110002
63259  -35.723  -11.048  38.584 0.1111110002
138373  -35.962  -10.874  39.106 0.1111110002
118914  -36.533  -11.086  38.913 0.1111110002
136048  -35.198  -11.070  37.894 0.1111110002
119539  -34.368  -10.649  37.829 0.1111110002
63241  -35.413  -10.650  39.254 0.1111110002
64208  -33.273  -9.896  38.226 0.1111110002
63257  -33.905  -10.258  38.614 0.1111110002
63258  -34.850  -10.665  38.608 0.1111110002
63240  -34.498  -10.343  39.503 0.1111110002
64186  -33.631  -9.932  39.525 0.1111110002
63303  -33.670  -11.263  35.318 0.1111110002
63304  -34.267  -11.437  35.629 0.1111110002
62328  -27.455  -11.302  39.852 0.1111110002
121936  -27.726  -10.488  39.876 0.1111110002
134152  -28.237  -8.448  40.431 0.1111110002
135870  -28.022  -9.622  39.430 0.1111110002
63239  -27.875  -10.120  38.904 0.1111110002
67023  -29.023  -6.702  42.465 0.1111110002
66100  -29.417  -7.096  41.106 0.1111110002
65154  -28.835  -7.990  39.363 0.1111110002
128358  -28.319  -8.700  39.608 0.1111110002
64184  -28.300  -9.215  38.753 0.1111110002
66116  -29.313  -7.565  39.734 0.1111110002
65155  -29.581  -7.917  38.929 0.1111110002
72516  -59.144  -0.412  11.993 0.1111110002
73476  -58.555  0.295  11.443 0.2222220004
72517  -60.224  -0.575  11.443 0.2222220004
74463  -58.096  0.968  10.984 0.2222220004
76105  -51.749  3.092  19.043 0.2222220004
76110  -52.299  3.628  18.706 0.1111110002
76885  -53.877  4.708  18.237 0.1111110002
123984  -54.872  5.447  17.208 0.1111110002
77695  -55.674  5.587  17.519 0.1111110002
76886  -52.663  4.340  17.309 0.1111110002
77701  -55.467  5.694  16.685 0.1111110002
73477  -59.559  -0.032  11.065 0.2222220004
74472  -58.565  1.308  10.305 0.2222220004
73483  -58.994  0.610  10.662 0.2222220004
77702  -56.533  5.874  16.935 0.1111110002
76114  -52.136  3.812  17.801 0.1111110002
76887  -53.329  4.798  16.834 0.1111110002
77694  -54.400  5.120  17.718 0.1111110002
76888  -53.824  4.881  17.511 0.1111110002
63222  -27.661  -11.230  40.614 0.1111110002
65146  -28.055  -9.304  40.860 0.1111110002
64173  -27.954  -9.604  40.133 0.1111110002
66106  -28.474  -7.806  40.793 0.1111110002
66107  -29.033  -7.407  40.485 0.1111110002
66090  -28.875  -7.086  41.751 0.1111110002
72504  -60.164  -0.868  12.301 0.1111110002
72505  -60.877  -1.030  11.727 0.1111110002
76884  -52.937  4.283  18.321 0.1111110002
42338  -1.615  -31.555  53.113 0.1111110002
43205  -2.317  -31.236  52.797 0.1111110002
127690  -13.601  -27.063  51.655 0.1111110002
47979  -13.713  -26.870  50.873 0.1111110002
48978  -13.846  -26.397  51.663 0.1111110002
48964  -14.384  -25.334  52.586 0.1111110002
47980  -14.097  -26.019  50.934 0.1111110002
50006  -14.657  -25.085  51.750 0.1111110002
48992  -14.550  -25.666  50.247 0.1111110002
138957  -14.779  -25.257  50.642 0.1111110002
48993  -15.097  -25.088  50.236 0.1111110002
136806  -8.258  -24.659  50.458 0.1111110002
118777  -8.800  -23.817  49.143 0.2222220004
51038  -9.300  -23.809  48.274 0.2222220004
51039  -9.718  -22.899  48.410 0.2222220004
51023  -9.225  -23.226  48.908 0.1111110002
52061  -10.448  -22.472  47.823 0.2222220004
53025  -11.347  -21.167  48.099 0.2222220004
54817  -14.679  -19.278  47.862 0.1111110002
54809  -15.976  -18.549  48.805 0.1111110002
55706  -16.689  -18.348  48.377 0.1111110002
55716  -16.605  -18.349  47.542 0.1111110002
55707  -17.321  -18.055  47.917 0.1111110002
55708  -17.977  -17.704  47.513 0.1111110002
53098  -30.864  -22.300  42.302 0.1111110002
57737  -38.069  -15.963  34.161 0.1111110002
134727  -40.514  -14.397  33.658 0.1111110002
60655  -40.641  -13.930  33.156 0.1111110002
60656  -41.075  -14.079  33.744 0.1111110002
60666  -40.972  -13.356  32.566 0.1111110002
70819  -62.169  -2.965  9.715 0.1111110002
135384  -61.274  -2.799  9.654 0.1111110002
70818  -60.129  -2.791  10.083 0.1111110002
74406  -50.065  1.646  20.273 0.1111110002
70826  -60.799  -2.219  9.390 0.1111110002
71687  -60.992  -1.179  8.164 0.1111110002
71681  -61.818  -1.600  8.579 0.1111110002
71682  -62.600  -1.742  8.918 0.1111110002
137186  -62.750  -1.885  9.279 0.1111110002
75282  -50.837  1.989  20.967 0.1111110002
74401  -49.897  1.508  21.082 0.1111110002
120703  -51.400  2.484  20.267 0.1111110002
72532  -60.682  -0.358  10.480 0.1111110002
74473  -59.466  0.898  9.882 0.1111110002
73484  -60.056  0.240  10.155 0.1111110002
73485  -61.275  -0.215  9.380 0.1111110002
72533  -61.849  -0.835  9.706 0.1111110002
72550  -62.105  -0.806  8.605 0.1111110002
72534  -62.532  -1.495  9.104 0.1111110002
71688  -61.926  -1.037  7.952 0.1111110002
71689  -62.205  -1.203  8.389 0.1111110002
72562  -61.442  -0.611  7.733 0.1111110002
75277  -51.491  2.450  21.594 0.1111110002
75283  -51.599  2.495  20.930 0.1111110002
75345  -58.246  2.075  9.937 0.1111110002
74480  -59.070  1.619  9.640 0.1111110002
74481  -59.948  1.225  9.197 0.1111110002
73497  -61.617  0.015  8.391 0.1111110002
72563  -61.790  -0.508  7.824 0.1111110002
72572  -61.553  -0.094  7.394 0.1111110002
75352  -57.983  2.935  9.666 0.1111110002
135116  -59.561  1.811  9.110 0.1111110002
140844  -60.230  1.580  8.717 0.1111110002
74482  -60.999  0.917  8.380 0.1111110002
73512  -61.621  0.261  7.609 0.1111110002
75358  -59.562  3.077  8.599 0.1111110002
50027  -8.465  -24.536  49.557 0.2222220004
51054  -10.517  -23.059  47.136 0.2222220004
123206  -11.053  -22.522  46.978 0.2222220004
117808  -13.951  -19.807  47.625 0.1111110002
54819  -15.933  -18.563  48.037 0.1111110002
139087  -37.062  -16.416  35.016 0.1111110002
136143  -50.361  1.670  21.649 0.1111110002
75353  -58.939  2.466  9.256 0.1111110002
48979  -14.176  -25.675  51.738 0.1111110002
121951  -14.515  -25.415  51.049 0.1111110002
50017  -8.589  -23.872  49.942 0.2222220004
141031  -15.318  -18.874  47.751 0.1111110002
55696  -17.391  -18.111  48.749 0.1111110002
70827  -62.143  -2.304  9.140 0.1111110002
73496  -60.587  0.527  9.252 0.1111110002
120066  -9.010  -23.188  49.554 0.1111110002
52043  -10.118  -22.137  48.695 0.1111110002
52044  -10.752  -21.654  48.315 0.1111110002
35717  0.883  -39.296  56.024 0.1111110002
35723  1.712  -39.166  54.427 0.1111110002
42373  1.288  -32.497  50.748 0.1111110002
44099  -11.754  -30.802  52.913 0.6666669846
45002  -13.356  -29.292  56.674 0.1111110002
46005  -12.803  -29.124  52.618 0.2222220004
46018  -6.116  -28.411  52.057 0.1111110002
46033  -12.769  -29.015  51.017 0.4444440007
47955  -13.741  -26.857  53.216 0.1111110002
48094  -31.970  -26.162  44.784 0.2222220004
50018  -15.024  -24.870  51.022 0.1111110002
51101  -16.149  -23.337  43.389 0.8888890147
54837  -15.639  -19.460  45.654 0.5555559993
54887  -19.618  -19.376  41.603 0.8888890147
57775  -34.704  -15.994  30.712 0.8888890147
58716  -36.034  -16.085  31.981 0.6666669846
58731  -32.333  -15.703  30.227 1.0000000000
59563  -28.450  -13.678  43.557 0.2222220004
59627  -26.476  -14.163  39.292 0.5555559993
59704  -30.292  -14.841  31.045 1.0000000000
61482  -29.398  -12.182  44.357 0.1111110002
62395  -27.701  -11.596  33.927 0.5555559993
63238  -27.278  -11.389  39.134 0.2222220004
63332  -38.058  -9.785  33.981 0.1111110002
65166  -28.794  -8.440  38.770 0.2222220004
66115  -28.614  -7.883  40.026 0.1111110002
66231  -43.145  -7.514  28.789 0.1111110002
68104  -39.945  -5.335  24.155 0.7777780294
68915  -40.167  -3.772  31.031 0.1111110002
68992  -41.855  -3.342  22.863 0.8888890147
69007  -52.337  -4.800  21.793 0.1111110002
69717  -42.113  -3.618  33.461 0.1111110002
70638  -43.935  -1.949  29.016 0.1111110002
70688  -42.697  -2.350  22.545 0.7777780294
71521  -42.439  -1.430  23.557 0.6666669846
72381  -44.442  -0.339  25.853 0.2222220004
75267  -51.925  3.090  22.790 0.1111110002
76912  -53.728  4.677  13.730 0.5555559993
76924  -54.720  4.707  12.598 0.5555559993
77715  -54.072  5.416  14.688 0.3333329856
78521  -61.122  6.907  13.986 0.1111110002
81294  -59.747  9.909  12.865 0.1111110002
122879  -53.324  4.610  17.662 0.1111110002
126921  -29.522  -11.107  44.140 0.1111110002
128679  -55.027  5.373  17.869 0.1111110002
130915  -28.350  -12.765  32.276 0.8888890147
131817  -45.587  -1.991  31.814 0.1111110002
132740  -19.329  -17.507  45.790 0.4444440007
133271  -13.148  -28.144  51.819 0.2222220004
135558  -30.244  -9.734  35.830 0.2222220004
136323  -18.639  -18.276  43.397 0.6666669846
136485  -29.318  -8.831  37.560 0.2222220004
137001  -28.794  -7.399  41.136 0.1111110002
137561  -52.012  1.071  15.254 0.5555559993
138363  -35.866  -11.367  37.942 0.1111110002
138614  -28.076  -8.992  40.236 0.1111110002
139086  -15.882  -20.092  44.381 0.7777780294
139947  -11.791  -30.914  54.776 0.2222220004
140133  -2.708  -35.113  51.706 0.7777780294
140775  -31.463  -15.469  34.213 1.0000000000
141191  -34.184  -15.959  30.410 0.8888890147
