#!ascii label  , from subject sub-v2s16x51315_ses-1 vox2ras=TkReg
2822
91296  -52.868  22.461  19.068 0.6999999881
91997  -53.989  22.617  19.535 0.6999999881
126183  -53.812  21.950  19.103 0.8000000119
90545  -54.498  21.525  18.598 0.6999999881
92637  -53.007  23.411  19.726 0.6999999881
91996  -53.451  23.196  19.599 0.6999999881
91277  -52.442  23.014  19.375 0.6000000238
92001  -54.169  23.210  18.835 0.6999999881
90546  -54.798  22.242  19.083 0.8000000119
91305  -55.314  22.141  18.083 0.8000000119
89200  -55.623  20.353  10.721 0.8999999762
89208  -54.326  19.645  10.215 0.8999999762
89963  -54.381  21.331  1.649 0.8000000119
92000  -53.306  23.987  17.953 0.6999999881
92007  -53.872  23.787  17.146 0.6999999881
90558  -55.220  21.837  18.402 0.6999999881
91304  -54.722  22.895  17.682 0.8000000119
91308  -54.532  23.229  16.342 0.8000000119
139250  -55.946  22.105  16.506 0.6999999881
91309  -55.521  22.506  16.739 0.8000000119
90564  -56.378  21.780  15.041 0.6999999881
91323  -56.095  22.807  14.435 0.8000000119
90566  -56.493  21.877  13.845 0.6999999881
91333  -56.174  22.679  13.284 0.8000000119
90568  -56.646  21.939  12.708 0.8000000119
89911  -56.757  21.346  11.066 0.8999999762
90577  -56.903  22.058  11.109 0.8999999762
89921  -56.663  21.078  10.329 0.8999999762
89912  -56.945  21.772  10.654 0.8999999762
89209  -55.505  20.228  9.838 0.8999999762
140675  -53.113  19.152  8.739 0.8999999762
89215  -54.302  19.603  9.310 0.8999999762
88469  -52.181  18.435  8.675 0.8000000119
88470  -52.544  18.545  7.900 0.8000000119
87052  -51.314  16.690  6.621 0.8000000119
87059  -51.337  16.291  5.705 0.8000000119
87776  -51.700  17.072  5.819 0.8999999762
87784  -52.036  17.289  5.087 0.8000000119
87785  -52.412  17.897  4.971 0.8000000119
88504  -53.373  19.103  4.780 0.8000000119
90711  -54.465  21.902  2.170 0.8000000119
91417  -54.476  22.134  2.518 0.8000000119
92653  -53.048  24.019  18.555 0.6000000238
92645  -52.978  24.272  18.762 0.5000000000
91313  -53.727  23.100  15.069 0.6999999881
91314  -55.432  23.035  15.463 0.8000000119
91322  -55.424  22.976  13.603 0.8999999762
91343  -56.092  22.660  12.346 1.0000000000
135997  -55.914  22.644  11.664 1.0000000000
130373  -56.496  22.266  11.715 0.8999999762
90610  -56.952  21.802  9.961 0.8999999762
90594  -56.718  22.268  10.511 0.8999999762
89220  -54.369  19.630  8.428 0.8999999762
89927  -56.575  21.007  9.476 0.8999999762
87746  -51.874  17.870  7.958 0.8000000119
89221  -55.581  20.242  8.092 1.0000000000
87755  -51.586  17.362  7.304 0.8000000119
88480  -52.842  18.687  7.035 0.8000000119
88471  -53.409  19.207  7.821 0.8000000119
87766  -51.831  17.530  6.533 0.8000000119
87756  -52.111  18.017  7.199 0.8000000119
87767  -52.308  18.122  6.525 0.8999999762
88491  -52.778  18.562  6.136 0.8000000119
88492  -53.384  19.130  5.683 0.8999999762
89240  -54.156  19.764  5.221 0.8000000119
89249  -55.074  20.575  4.732 0.8000000119
89956  -55.725  21.446  4.388 0.8000000119
89957  -56.131  21.733  5.214 0.8999999762
89248  -54.121  19.880  4.246 0.8000000119
139865  -55.357  21.535  3.700 0.8000000119
89259  -55.014  20.862  3.640 0.8000000119
91408  -54.193  22.349  3.070 0.8000000119
136562  -54.870  21.992  2.958 0.8000000119
88510  -43.775  18.918  4.173 0.1000000015
91415  -52.765  22.483  1.941 0.6999999881
88511  -44.574  18.752  4.077 0.2000000030
88512  -45.327  18.517  4.385 0.2000000030
88525  -45.908  18.817  3.528 0.2000000030
91405  -51.234  22.307  2.482 0.6999999881
91416  -53.805  22.349  2.144 0.8000000119
89269  -47.226  20.003  1.751 0.4000000060
89975  -48.138  21.090  1.235 0.5000000000
91421  -51.275  22.125  1.011 0.6999999881
92006  -52.613  24.027  16.303 0.6999999881
91312  -52.318  22.987  14.719 0.6999999881
91307  -53.085  23.408  15.728 0.6999999881
127432  -54.601  23.069  14.295 0.6999999881
91311  -51.222  22.995  14.379 0.6999999881
137060  -51.816  22.712  13.975 0.6999999881
91332  -55.025  22.726  12.787 1.0000000000
91320  -50.873  22.575  13.463 0.6999999881
91342  -54.742  22.563  11.933 1.0000000000
91355  -54.644  22.414  11.007 1.0000000000
91356  -56.311  22.436  11.058 0.8999999762
90593  -55.696  22.469  10.264 1.0000000000
90624  -56.908  21.867  9.064 1.0000000000
89934  -56.543  20.999  8.572 1.0000000000
89938  -56.555  21.004  7.641 1.0000000000
139551  -53.626  19.316  7.170 0.8999999762
89226  -54.437  19.698  7.617 0.8999999762
89227  -55.498  20.284  7.258 1.0000000000
136176  -56.145  20.880  6.072 1.0000000000
124033  -54.378  19.734  6.866 0.8999999762
89233  -55.308  20.307  6.469 1.0000000000
89241  -55.158  20.388  5.664 0.8000000119
91397  -55.512  22.182  4.399 0.8000000119
87760  -42.821  17.775  6.893 0.1000000015
91394  -52.247  22.268  3.677 0.8000000119
91396  -54.596  22.352  4.042 0.8000000119
88498  -42.606  18.706  5.474 0.1000000015
88499  -43.467  18.513  5.213 0.1000000015
88509  -42.909  19.072  4.536 0.1000000015
122990  -43.143  19.381  3.758 0.1000000015
90697  -50.540  22.070  2.666 0.6999999881
89246  -43.652  19.488  3.249 0.2000000030
88524  -45.022  18.950  3.444 0.2000000030
123664  -45.364  19.463  2.592 0.3000000119
89268  -46.516  20.581  1.539 0.4000000060
134327  -50.044  22.005  1.792 0.6999999881
89276  -47.364  20.891  1.204 0.4000000060
89976  -48.902  21.212  1.191 0.6000000238
118618  -49.757  21.508  1.133 0.6000000238
90709  -50.251  21.957  1.102 0.6000000238
93307  -52.611  24.932  18.927 0.5000000000
92652  -52.304  24.868  17.118 0.6000000238
91999  -52.352  24.392  16.810 0.6999999881
129156  -52.930  22.851  14.058 0.6999999881
92019  -50.225  23.151  14.037 0.6999999881
136970  -53.628  22.631  13.274 0.8000000119
91319  -49.776  22.878  13.251 0.6999999881
91321  -52.091  22.409  13.344 0.6999999881
91331  -52.428  22.260  12.698 0.6999999881
124235  -53.428  22.393  12.335 0.8999999762
91327  -48.494  22.700  12.671 0.6999999881
91318  -48.885  23.090  13.143 0.6999999881
91329  -50.198  22.326  12.649 0.6999999881
91330  -51.307  22.160  12.555 0.8000000119
91326  -47.733  22.545  12.501 0.8000000119
91317  -48.011  23.132  13.069 0.6999999881
91328  -49.263  22.524  12.633 0.8000000119
91339  -49.639  22.072  11.998 0.8000000119
91340  -50.531  22.037  11.942 0.8000000119
125096  -51.267  22.005  11.786 0.8000000119
90592  -53.955  22.252  10.002 1.0000000000
91325  -46.673  22.401  12.361 0.8000000119
91338  -48.587  22.103  12.076 0.8000000119
90573  -50.132  21.720  11.389 0.8000000119
90574  -50.869  21.867  11.398 0.8000000119
90608  -55.156  22.393  9.335 1.0000000000
91336  -45.244  22.264  11.733 0.8000000119
133310  -45.989  22.050  11.946 0.8000000119
90570  -46.691  21.741  11.615 0.8000000119
91337  -47.549  21.902  11.895 0.8000000119
90572  -48.212  21.519  11.348 0.8000000119
119757  -49.189  21.642  11.370 0.8000000119
90589  -49.780  21.289  10.755 0.8000000119
90609  -56.403  22.313  9.685 1.0000000000
92027  -44.804  23.055  12.087 0.8000000119
91354  -45.875  21.723  11.270 0.8000000119
90571  -47.388  21.465  11.284 0.8000000119
90588  -48.760  21.078  10.628 0.8000000119
90641  -56.830  21.862  8.135 1.0000000000
90623  -56.149  22.346  8.705 1.0000000000
91335  -44.470  22.654  11.369 0.8000000119
91353  -44.991  21.939  10.964 0.8000000119
90586  -46.732  21.259  10.763 0.8000000119
90587  -47.750  21.056  10.739 0.8000000119
127252  -48.087  20.819  10.146 0.6999999881
90640  -56.056  22.414  7.716 1.0000000000
92034  -43.724  23.749  10.249 0.6000000238
92035  -43.914  23.180  10.855 0.6999999881
90585  -45.722  21.464  10.417 0.6999999881
90602  -47.874  20.748  9.577 0.6999999881
117980  -55.944  22.367  6.818 1.0000000000
90654  -54.841  22.397  6.504 1.0000000000
92040  -43.374  23.552  9.443 0.6000000238
91352  -44.230  22.448  10.560 0.6999999881
124636  -47.318  20.820  10.055 0.6999999881
90617  -48.133  20.802  8.891 0.6000000238
89944  -56.438  20.972  6.761 1.0000000000
89945  -56.885  21.877  7.076 1.0000000000
91363  -44.849  21.833  10.080 0.6999999881
90600  -45.550  21.328  9.542 0.6999999881
90601  -46.404  20.956  9.844 0.6999999881
121480  -47.108  20.791  9.123 0.6999999881
118542  -47.520  20.945  8.165 0.6000000238
118088  -48.487  20.988  8.074 0.6000000238
118087  -49.425  21.076  7.987 0.6000000238
89950  -56.518  21.519  6.114 1.0000000000
127382  -56.463  22.173  6.332 1.0000000000
90655  -55.631  22.374  5.915 0.8999999762
91351  -43.674  22.978  10.071 0.6000000238
91362  -44.076  22.320  9.700 0.6999999881
90599  -44.783  21.781  9.182 0.6999999881
129157  -46.174  20.947  9.081 0.6999999881
90634  -48.866  21.208  7.328 0.6000000238
118083  -49.220  21.351  6.605 0.6999999881
90651  -49.520  21.429  5.895 0.6999999881
89949  -56.008  21.110  5.372 0.8999999762
91388  -55.783  22.256  5.190 0.8999999762
91387  -54.994  22.394  5.015 0.8999999762
91361  -43.451  22.798  9.228 0.5000000000
91369  -43.974  22.205  8.808 0.6000000238
90615  -45.525  21.304  8.668 0.6000000238
90616  -46.443  21.045  8.214 0.6000000238
118085  -47.485  21.299  6.643 0.5000000000
118084  -48.367  21.319  6.662 0.6000000238
118080  -49.060  21.456  5.420 0.6999999881
91376  -43.941  22.128  7.900 0.5000000000
90614  -44.759  21.746  8.281 0.6000000238
90631  -45.563  21.392  7.777 0.6000000238
134361  -46.249  21.258  7.369 0.5000000000
90632  -47.035  21.147  7.409 0.5000000000
140613  -47.702  21.434  5.197 0.6000000238
91409  -54.975  22.152  3.382 0.8000000119
90630  -44.746  21.737  7.364 0.6000000238
90648  -45.600  21.454  6.774 0.5000000000
119748  -46.574  21.321  6.645 0.5000000000
90682  -51.393  21.875  4.323 0.8000000119
91395  -53.404  22.369  3.871 0.8000000119
91386  -53.757  22.307  4.837 0.8000000119
90680  -49.593  21.601  4.102 0.6999999881
90681  -50.415  21.772  3.847 0.6999999881
90665  -48.940  21.503  4.660 0.6999999881
90679  -48.803  21.583  3.523 0.6000000238
90696  -49.601  21.783  2.752 0.6000000238
89969  -43.712  20.752  2.239 0.3000000119
125448  -44.137  19.735  2.606 0.3000000119
89254  -44.699  19.438  2.792 0.3000000119
89267  -45.633  20.401  1.866 0.3000000119
90705  -46.499  21.050  1.417 0.4000000060
120584  -47.838  21.490  1.832 0.6000000238
90707  -48.422  21.452  1.500 0.6000000238
90703  -43.876  21.105  2.284 0.3000000119
89265  -44.073  20.333  2.202 0.3000000119
90717  -47.767  21.160  1.332 0.5000000000
90708  -49.274  21.701  1.458 0.6000000238
93304  -52.591  24.995  20.076 0.5000000000
92657  -51.164  24.637  15.972 0.6000000238
92005  -51.415  24.032  15.656 0.6999999881
92013  -51.793  23.378  15.250 0.6999999881
92011  -49.785  23.812  14.457 0.6000000238
92004  -50.343  24.215  15.186 0.6000000238
92010  -48.887  24.101  14.166 0.6000000238
90576  -53.182  22.238  11.490 0.8000000119
92017  -48.428  23.644  13.584 0.6999999881
92018  -49.318  23.449  13.765 0.6999999881
91341  -52.169  22.125  11.985 0.8000000119
119546  -52.857  22.082  10.616 1.0000000000
90575  -51.784  22.016  11.165 0.8000000119
90590  -50.813  21.548  10.742 0.8000000119
90607  -53.428  22.038  9.087 1.0000000000
90604  -50.257  21.116  10.080 0.8000000119
90622  -54.654  22.306  8.285 1.0000000000
130845  -49.454  20.962  10.135 0.6999999881
90638  -53.487  22.011  7.569 0.8999999762
90639  -54.795  22.360  7.269 1.0000000000
90603  -48.732  20.808  9.662 0.6999999881
90619  -50.008  21.006  8.685 0.6999999881
90620  -50.921  21.209  8.624 0.8000000119
137968  -51.717  21.445  8.612 0.8999999762
90618  -49.078  20.870  8.788 0.6000000238
118086  -50.402  21.209  7.911 0.6999999881
90635  -49.805  21.272  7.226 0.6999999881
90653  -53.436  22.050  6.648 0.8999999762
90669  -54.249  22.334  5.770 1.0000000000
92693  -43.213  24.214  8.638 0.5000000000
92687  -43.752  24.622  9.449 0.6000000238
118082  -50.104  21.401  6.463 0.8000000119
90667  -50.357  21.499  5.674 0.8000000119
92046  -43.022  23.336  8.636 0.5000000000
92701  -43.355  24.668  7.534 0.5000000000
92045  -42.823  23.885  7.922 0.5000000000
91368  -43.243  22.627  8.374 0.6000000238
91367  -42.789  23.124  7.841 0.5000000000
91375  -43.153  22.486  7.492 0.5000000000
122851  -45.281  21.557  5.904 0.5000000000
118543  -46.038  21.418  5.868 0.5000000000
90664  -47.019  21.409  5.728 0.6000000238
90683  -52.481  22.083  4.653 0.8000000119
91380  -43.162  22.428  6.559 0.4000000060
90629  -43.893  22.086  6.976 0.4000000060
90647  -44.678  21.753  6.420 0.5000000000
90663  -46.318  21.440  5.058 0.6000000238
90678  -47.039  21.477  4.478 0.6000000238
90646  -43.864  22.055  5.973 0.4000000060
90661  -44.568  21.705  5.400 0.4000000060
89970  -44.353  20.779  2.043 0.3000000119
119909  -45.702  21.085  1.857 0.3000000119
89972  -46.072  20.962  1.566 0.3000000119
90693  -46.468  21.358  2.025 0.5000000000
90704  -44.721  21.012  2.113 0.3000000119
89971  -45.187  20.835  1.877 0.3000000119
90660  -43.734  21.920  4.774 0.4000000060
90674  -43.531  21.847  3.321 0.4000000060
90691  -44.244  21.381  2.712 0.3000000119
90692  -45.101  21.242  2.406 0.3000000119
118250  -45.833  21.395  2.700 0.3000000119
93314  -51.935  25.361  17.392 0.6000000238
92024  -47.092  23.110  12.980 0.6999999881
90591  -51.743  21.769  10.414 0.8000000119
90605  -51.190  21.371  9.931 0.8000000119
90606  -52.342  21.776  9.734 0.8000000119
90621  -52.264  21.643  8.977 0.8999999762
118089  -51.472  21.374  9.209 0.8000000119
118610  -50.587  21.083  9.342 0.8000000119
118023  -52.690  21.748  8.251 0.8999999762
119502  -52.262  21.659  7.313 0.8999999762
90637  -51.453  21.409  7.950 0.8000000119
90636  -50.945  21.409  7.066 0.8000000119
90652  -51.920  21.661  6.392 0.8000000119
118456  -52.846  21.980  5.636 0.8000000119
91374  -42.683  22.956  6.994 0.4000000060
93356  -44.176  25.506  6.855 0.5000000000
141583  -42.886  24.361  7.083 0.5000000000
92051  -42.658  23.709  7.188 0.5000000000
92700  -42.762  24.382  6.264 0.5000000000
91379  -42.679  22.875  6.007 0.4000000060
90662  -45.415  21.499  4.888 0.5000000000
118079  -46.074  21.475  4.015 0.5000000000
90677  -46.668  21.494  3.188 0.5000000000
136900  -47.394  21.513  3.496 0.6000000238
91385  -43.155  22.368  5.444 0.4000000060
90675  -44.436  21.655  4.110 0.5000000000
90676  -45.170  21.467  3.436 0.4000000060
90694  -47.225  21.502  2.457 0.6000000238
93342  -43.849  25.043  8.239 0.5000000000
120893  -50.553  21.613  4.836 0.6999999881
90668  -51.457  21.679  5.415 0.8000000119
118078  -48.049  21.487  4.284 0.6000000238
89964  -54.909  21.573  2.924 0.8000000119
91315  -55.988  22.396  15.707 0.8000000119
118831  -56.761  21.630  11.796 0.8000000119
89216  -55.536  20.197  8.955 0.8999999762
87777  -52.220  17.851  5.766 0.8000000119
88503  -52.779  18.473  5.301 0.8000000119
88481  -53.460  19.197  6.502 0.8999999762
89232  -54.249  19.725  6.087 0.8999999762
91407  -53.099  22.464  2.901 0.8000000119
91406  -52.022  22.416  2.725 0.8000000119
91414  -51.704  22.396  1.791 0.6999999881
89247  -44.313  19.177  3.404 0.1000000015
89255  -46.367  19.529  2.376 0.3000000119
90698  -51.284  22.143  3.336 0.6999999881
133052  -47.298  19.287  2.713 0.3000000119
90716  -46.991  21.020  1.246 0.4000000060
90718  -48.657  21.310  1.315 0.6000000238
92012  -50.729  23.543  14.829 0.6999999881
89253  -43.579  20.105  2.512 0.2000000030
89962  -43.113  20.619  2.505 0.3000000119
90633  -47.955  21.156  7.387 0.6000000238
90650  -48.751  21.399  5.998 0.6000000238
90666  -49.717  21.516  5.050 0.6999999881
90649  -47.957  21.391  5.950 0.5000000000
118081  -48.410  21.439  5.297 0.6999999881
118077  -47.978  21.564  2.957 0.6000000238
90695  -48.618  21.677  2.176 0.6000000238
90706  -47.098  21.276  1.557 0.5000000000
119205  -49.686  20.910  9.452 0.6999999881
133554  -50.922  21.491  6.218 0.8000000119
125324  -54.081  10.453  2.414 0.2000000030
83091  -54.047  11.435  1.033 0.2000000030
82240  -53.373  10.779  1.708 0.2000000030
83090  -53.004  11.484  0.947 0.2000000030
83099  -53.683  12.071  0.395 0.2000000030
141033  -52.811  12.091  0.429 0.2000000030
83089  -51.977  11.695  0.696 0.2000000030
82219  -55.546  10.586  2.993 0.2000000030
82218  -54.621  10.287  3.065 0.2000000030
82230  -54.981  10.710  2.384 0.2000000030
82241  -54.469  10.963  1.732 0.2000000030
83942  -54.397  12.794  -0.222 0.2000000030
127530  -53.287  12.700  -0.074 0.2000000030
83098  -51.500  12.404  0.543 0.3000000119
83941  -51.908  13.132  0.191 0.3000000119
132736  -52.320  12.566  0.240 0.3000000119
82220  -56.545  11.109  2.864 0.2000000030
82231  -55.895  11.140  2.224 0.2000000030
83101  -55.815  12.363  0.336 0.2000000030
82242  -55.089  11.534  1.041 0.2000000030
83100  -54.736  12.157  0.355 0.2000000030
85619  -50.757  14.120  0.934 0.3000000119
83940  -51.178  12.969  0.557 0.3000000119
84845  -51.574  13.677  0.310 0.3000000119
83069  -58.501  12.024  4.168 0.3000000119
119191  -58.107  11.899  3.377 0.3000000119
83068  -57.525  11.388  4.117 0.3000000119
83077  -57.314  11.428  3.242 0.2000000030
117687  -57.390  11.687  2.436 0.2000000030
83887  -46.475  12.578  5.405 0.1000000015
84786  -47.405  13.656  5.293 0.1000000015
82232  -56.902  11.616  1.888 0.2000000030
83092  -56.864  12.725  0.288 0.2000000030
84798  -48.344  13.668  4.084 0.1000000015
84811  -49.169  13.814  2.816 0.3000000119
84823  -49.630  13.444  2.009 0.3000000119
83943  -55.488  12.921  -0.277 0.2000000030
86363  -51.345  14.819  0.517 0.3000000119
84856  -54.077  14.529  -0.569 0.3000000119
85628  -52.001  14.508  0.016 0.4000000060
85629  -52.858  14.729  -0.489 0.4000000060
84855  -53.289  14.212  -0.527 0.3000000119
83951  -53.973  13.630  -0.481 0.3000000119
84846  -52.352  13.906  -0.187 0.3000000119
128013  -52.789  13.336  -0.249 0.3000000119
85578  -60.629  14.329  6.392 0.3000000119
83880  -60.618  13.281  5.671 0.3000000119
84780  -60.797  13.835  5.962 0.3000000119
83894  -60.023  12.976  5.179 0.3000000119
84792  -60.364  13.817  4.772 0.3000000119
83893  -59.299  12.525  4.721 0.3000000119
83904  -59.918  13.443  4.259 0.3000000119
83057  -58.538  11.797  5.395 0.3000000119
83903  -59.411  12.959  3.695 0.3000000119
83916  -59.243  13.586  3.055 0.3000000119
83925  -58.426  13.003  1.744 0.3000000119
83079  -58.854  12.628  3.059 0.3000000119
83078  -58.182  12.320  2.509 0.2000000030
83083  -57.789  12.362  1.741 0.2000000030
83934  -58.022  12.989  1.027 0.2000000030
83933  -57.551  13.072  0.460 0.2000000030
83946  -57.408  13.167  0.445 0.2000000030
84849  -56.764  13.345  0.083 0.2000000030
85596  -48.053  14.018  4.867 0.1000000015
84797  -47.689  13.200  4.530 0.1000000015
83093  -57.316  12.430  1.018 0.2000000030
83954  -56.466  13.329  -0.128 0.2000000030
85597  -48.594  14.472  4.392 0.2000000030
86351  -49.786  15.105  2.727 0.3000000119
86352  -50.345  14.996  1.862 0.3000000119
83944  -56.413  13.137  -0.224 0.2000000030
87064  -49.344  15.918  4.108 0.3000000119
123698  -50.679  15.783  1.694 0.3000000119
86358  -50.990  15.358  1.061 0.3000000119
84848  -55.987  13.583  -0.152 0.2000000030
128368  -49.668  16.567  3.693 0.3000000119
87078  -50.647  16.636  2.179 0.3000000119
87803  -51.126  17.158  1.524 0.3000000119
86364  -51.752  15.722  0.224 0.3000000119
86365  -52.719  16.094  -0.614 0.4000000060
85639  -54.345  15.002  -0.413 0.4000000060
84857  -54.788  14.232  -0.363 0.3000000119
83952  -55.109  13.579  -0.379 0.3000000119
131754  -53.244  15.564  -0.699 0.4000000060
85638  -53.752  15.079  -0.650 0.3000000119
84793  -60.585  13.915  5.295 0.3000000119
84804  -60.306  14.229  4.638 0.3000000119
86332  -51.074  15.579  5.549 0.8000000119
129818  -51.457  14.980  4.492 0.8000000119
85608  -52.173  14.590  3.363 0.4000000060
84824  -53.146  14.009  2.310 0.3000000119
83923  -54.201  13.039  2.341 0.3000000119
83924  -55.327  13.140  2.241 0.2000000030
84840  -57.773  13.347  1.099 0.3000000119
83926  -58.608  13.434  2.368 0.3000000119
86339  -51.529  15.842  4.800 0.6999999881
86345  -51.851  15.257  3.975 0.6000000238
84813  -52.515  13.854  2.956 0.4000000060
84825  -54.004  13.851  1.659 0.3000000119
84826  -54.952  13.628  1.341 0.3000000119
84827  -56.414  13.474  1.861 0.2000000030
83935  -58.131  13.205  1.422 0.3000000119
137071  -51.697  16.652  5.191 0.6999999881
87072  -52.063  16.076  3.929 0.6999999881
86346  -52.332  15.467  3.214 0.5000000000
85613  -52.798  14.740  2.457 0.4000000060
117646  -56.023  13.630  1.048 0.2000000030
84839  -57.032  13.498  0.775 0.2000000030
137589  -57.804  13.109  0.821 0.2000000030
87065  -52.015  16.685  4.529 0.6999999881
87073  -52.504  16.347  3.170 0.6999999881
85614  -53.624  14.604  1.594 0.4000000060
84838  -56.393  13.600  0.229 0.2000000030
137928  -52.332  16.757  3.841 0.6999999881
86353  -52.895  15.804  2.375 0.6000000238
86354  -53.479  15.402  1.535 0.4000000060
84836  -54.844  14.121  0.612 0.2000000030
84837  -55.639  13.965  0.149 0.2000000030
88517  -52.830  18.358  4.414 0.6999999881
122452  -52.698  17.199  3.230 0.6999999881
87079  -53.063  16.724  2.351 0.6999999881
87080  -53.527  16.287  1.375 0.6000000238
124341  -54.065  15.204  0.717 0.4000000060
85621  -55.017  14.396  -0.088 0.3000000119
87791  -52.917  18.118  3.403 0.6999999881
87087  -51.235  16.324  0.978 0.3000000119
87804  -51.685  17.286  0.567 0.4000000060
86359  -54.112  15.934  0.359 0.4000000060
85631  -54.535  14.879  -0.349 0.4000000060
84847  -55.050  14.180  -0.273 0.2000000030
88530  -50.212  18.057  3.013 0.4000000060
87795  -50.720  17.652  2.316 0.3000000119
87811  -53.390  17.610  -1.042 0.6000000238
87102  -53.839  17.196  -1.177 0.5000000000
86366  -54.214  16.241  -0.633 0.4000000060
120046  -55.457  13.836  -0.302 0.3000000119
88536  -49.930  18.731  2.819 0.3000000119
88542  -51.015  19.279  1.601 0.5000000000
121885  -52.066  18.258  0.169 0.5000000000
125551  -52.906  18.300  -0.798 0.5000000000
89292  -53.794  18.895  -0.727 0.6000000238
86375  -54.012  15.946  -0.770 0.4000000060
136634  -52.343  20.293  -0.010 0.6000000238
89286  -53.065  20.045  -0.456 0.6000000238
89287  -53.578  19.706  -0.425 0.6000000238
89987  -53.790  20.576  -0.005 0.6000000238
89984  -51.784  21.483  0.357 0.6000000238
90725  -52.762  21.494  0.052 0.6000000238
89986  -53.280  20.768  -0.227 0.6000000238
85591  -60.457  14.284  5.404 0.3000000119
85589  -59.788  14.562  4.335 0.3000000119
84818  -59.729  14.193  3.665 0.3000000119
84803  -60.145  14.129  4.058 0.3000000119
84817  -59.170  14.061  3.057 0.3000000119
85607  -51.679  14.430  3.997 0.4000000060
84814  -53.183  13.215  2.755 0.3000000119
84812  -51.991  13.873  3.560 0.3000000119
84816  -58.465  13.844  2.703 0.3000000119
84828  -57.388  13.569  1.773 0.3000000119
84829  -58.128  13.491  1.909 0.3000000119
87797  -53.284  17.709  2.190 0.6999999881
88538  -53.456  18.734  2.489 0.6999999881
135494  -53.536  17.057  1.370 0.6000000238
88531  -53.835  19.715  2.523 0.6999999881
88539  -53.845  19.390  1.354 0.6000000238
88544  -54.049  18.802  0.056 0.6000000238
89258  -54.473  20.685  2.555 0.6999999881
89272  -54.117  20.374  1.487 0.6999999881
89980  -54.120  21.807  1.367 0.6999999881
122434  -54.045  20.837  0.745 0.6999999881
89281  -53.988  19.965  0.376 0.6000000238
90710  -54.093  22.082  1.654 0.6999999881
90726  -53.502  21.416  0.198 0.6000000238
91422  -52.391  22.250  1.044 0.6000000238
85576  -59.713  14.626  5.228 0.3000000119
85590  -60.109  14.470  4.804 0.3000000119
139580  -59.843  14.460  3.938 0.3000000119
84802  -59.346  14.419  3.807 0.3000000119
125907  -50.650  16.101  8.008 0.6999999881
87051  -50.783  16.025  7.109 0.6999999881
86325  -50.894  15.805  6.267 0.6999999881
119651  -51.088  14.977  5.085 0.8000000119
84800  -52.266  13.150  3.594 0.3000000119
127309  -57.705  13.698  2.512 0.3000000119
87034  -50.651  16.528  8.700 0.6999999881
87035  -51.049  16.918  8.345 0.6999999881
87044  -51.133  16.727  7.569 0.6999999881
87737  -51.289  17.847  9.554 0.8000000119
87744  -50.955  17.154  9.072 0.8000000119
121383  -51.423  17.307  7.977 0.6999999881
87745  -51.493  17.713  8.707 0.8000000119
88454  -52.424  18.834  10.035 0.8000000119
84791  -58.922  14.488  4.819 0.3000000119
139112  -55.973  13.199  2.569 0.3000000119
84801  -58.293  14.197  4.179 0.3000000119
86324  -50.519  15.221  6.777 0.6999999881
86331  -50.663  14.875  5.882 0.6999999881
85599  -51.262  14.272  4.600 0.4000000060
83912  -54.528  12.602  3.118 0.3000000119
84815  -56.715  13.425  2.774 0.3000000119
84799  -51.628  13.604  4.106 0.3000000119
87729  -51.068  17.933  10.279 0.6999999881
88453  -51.719  18.369  10.181 0.6999999881
88445  -52.281  18.854  10.965 0.6999999881
89190  -55.941  20.603  11.626 0.6999999881
89198  -53.283  19.371  11.540 0.6999999881
84789  -57.270  13.512  5.620 0.3000000119
133917  -56.015  12.404  6.988 0.3000000119
83012  -54.897  11.408  8.190 0.3000000119
124901  -58.681  14.175  3.369 0.3000000119
83911  -53.702  12.621  3.086 0.3000000119
83910  -52.977  12.528  3.588 0.3000000119
87736  -50.742  17.328  9.789 0.8000000119
87026  -50.422  16.626  9.334 0.8000000119
87728  -50.478  17.480  10.518 0.8000000119
87721  -50.240  17.722  11.229 0.6999999881
136146  -50.821  17.971  10.896 0.6999999881
88452  -51.428  18.331  10.928 0.6999999881
88444  -51.694  18.669  11.727 0.6999999881
89905  -55.392  20.337  12.995 0.6999999881
89185  -54.023  19.823  13.132 0.6999999881
89906  -56.363  20.886  12.531 0.6999999881
83892  -56.586  13.063  5.391 0.3000000119
132631  -57.325  13.666  4.730 0.3000000119
134169  -55.634  12.235  6.386 0.3000000119
83042  -55.261  11.858  6.748 0.3000000119
83025  -55.382  11.774  7.670 0.3000000119
83913  -55.611  12.822  3.234 0.3000000119
135460  -57.528  13.757  3.551 0.3000000119
128307  -50.451  15.499  7.451 0.6999999881
87727  -49.838  17.068  10.840 0.8000000119
87018  -50.127  16.824  10.095 0.8000000119
88443  -50.845  18.256  11.647 0.6999999881
88433  -51.229  18.607  12.314 0.6999999881
89187  -52.006  18.957  12.638 0.6999999881
89184  -52.787  19.419  13.367 0.6999999881
89180  -53.686  19.848  14.060 0.6999999881
92662  -49.386  24.504  14.811 0.5000000000
92656  -49.990  24.882  15.504 0.5000000000
83902  -56.547  13.183  4.514 0.3000000119
84788  -51.192  13.423  4.797 0.5000000000
85588  -50.852  14.149  5.251 0.5000000000
88442  -49.989  18.000  11.966 0.8000000119
88431  -49.720  18.213  12.755 0.6999999881
88422  -49.208  18.456  14.474 0.6999999881
88427  -50.280  18.554  13.346 0.6999999881
88423  -50.028  18.628  14.255 0.6999999881
88428  -51.112  18.740  13.071 0.6999999881
89182  -50.877  18.859  13.995 0.6999999881
89177  -50.588  18.887  15.076 0.6999999881
89179  -52.530  19.482  14.350 0.6000000238
89158  -51.247  19.599  16.608 0.6000000238
89866  -51.731  20.702  17.704 0.6000000238
141748  -51.795  21.966  18.348 0.6000000238
91295  -51.216  22.263  18.389 0.5000000000
89899  -53.447  19.888  15.085 0.6999999881
141488  -53.185  20.058  17.049 0.6000000238
89880  -52.333  20.129  17.343 0.6000000238
90544  -52.376  21.578  18.353 0.6000000238
89903  -55.094  20.334  13.785 0.6999999881
89900  -54.812  20.369  14.790 0.6000000238
135618  -54.295  20.452  17.050 0.6000000238
89881  -53.820  20.617  17.809 0.6000000238
89901  -56.289  20.902  14.458 0.6000000238
89897  -55.973  20.955  15.610 0.6000000238
90559  -55.626  21.782  17.295 0.6000000238
92015  -46.652  23.889  13.276 0.5000000000
92016  -47.528  23.752  13.443 0.6000000238
92661  -48.470  24.792  14.518 0.5000000000
92651  -50.833  25.236  16.307 0.4000000060
92655  -49.005  25.203  15.124 0.5000000000
93318  -49.626  25.553  15.796 0.5000000000
93313  -50.409  25.832  16.544 0.5000000000
93306  -51.298  25.981  17.373 0.4000000060
93973  -50.645  26.697  17.363 0.5000000000
94650  -50.488  27.353  17.312 0.5000000000
140583  -52.317  12.488  4.130 0.3000000119
87719  -48.741  17.103  11.785 0.8000000119
85587  -50.555  13.961  5.843 0.5000000000
84787  -50.778  13.301  5.457 0.5000000000
85566  -50.201  14.823  7.330 0.6999999881
85575  -50.297  14.217  6.585 0.6999999881
87025  -49.809  16.140  9.626 0.8000000119
86307  -50.157  15.837  8.765 0.8000000119
88421  -48.389  18.359  14.653 0.8000000119
88425  -48.657  18.236  13.792 0.8000000119
87710  -49.204  17.752  12.232 0.8000000119
87720  -49.514  17.410  11.526 0.8000000119
89167  -47.644  19.079  16.029 0.6999999881
89174  -48.062  18.596  15.452 0.6999999881
89168  -48.568  18.947  16.108 0.6999999881
89169  -49.584  18.935  16.040 0.6999999881
89893  -50.176  19.610  16.759 0.6999999881
90557  -50.402  20.565  17.352 0.6999999881
91294  -49.818  22.317  18.043 0.6999999881
89879  -51.138  20.010  17.196 0.6000000238
90543  -51.174  21.439  17.920 0.6000000238
91980  -52.165  23.454  19.630 0.5000000000
130194  -52.759  23.635  19.908 0.5000000000
94622  -52.012  26.997  19.012 0.3000000119
94638  -51.286  26.876  18.080 0.4000000060
95315  -51.216  27.622  18.052 0.4000000060
93962  -52.423  25.991  18.958 0.4000000060
93974  -51.836  26.127  17.988 0.4000000060
92022  -45.329  23.570  12.557 0.6000000238
92665  -46.387  24.722  13.410 0.5000000000
95316  -51.712  28.447  18.224 0.3000000119
92660  -47.644  25.030  14.215 0.5000000000
93312  -49.367  26.222  15.995 0.4000000060
93982  -50.026  26.482  16.694 0.5000000000
83914  -56.423  13.193  3.714 0.3000000119
83900  -54.781  12.344  4.023 0.3000000119
83901  -55.727  12.688  4.286 0.3000000119
83066  -52.974  11.885  4.462 0.3000000119
86313  -49.656  14.839  8.494 0.6000000238
87009  -49.075  16.739  11.103 0.8000000119
86298  -49.160  15.737  10.010 0.8000000119
83897  -51.717  12.848  4.386 0.5000000000
87702  -47.340  17.670  13.420 0.6000000238
87708  -47.636  17.311  12.699 0.8000000119
87017  -49.426  16.426  10.401 0.6999999881
87709  -48.419  17.520  12.469 0.8000000119
85558  -50.155  15.295  7.973 0.6999999881
88430  -48.917  18.048  12.982 0.8000000119
89890  -47.145  19.926  16.242 0.6999999881
89876  -47.532  20.672  16.692 0.6999999881
89877  -48.578  20.473  16.899 0.6999999881
90556  -49.333  20.929  17.272 0.6999999881
90542  -50.100  21.555  17.699 0.6999999881
118724  -48.044  21.098  17.024 0.6999999881
91303  -48.084  21.811  17.261 0.6000000238
91293  -48.694  22.469  17.712 0.6999999881
91979  -50.493  23.419  19.095 0.5000000000
92626  -50.613  24.325  20.400 0.5000000000
92627  -51.969  24.138  20.656 0.4000000060
93293  -52.474  25.397  20.833 0.4000000060
128778  -52.543  23.923  20.424 0.4000000060
95304  -52.028  27.743  19.005 0.3000000119
96019  -50.783  29.229  15.939 0.2000000030
120557  -50.649  28.118  17.242 0.4000000060
93990  -47.511  26.258  14.294 0.3000000119
94661  -47.945  26.844  14.595 0.3000000119
123022  -48.543  27.379  15.094 0.3000000119
95347  -49.077  27.841  15.414 0.3000000119
95348  -49.620  28.222  15.842 0.3000000119
95331  -50.301  28.519  16.333 0.4000000060
95332  -51.062  28.867  16.983 0.2000000030
93316  -48.024  26.157  14.802 0.4000000060
93988  -48.640  26.646  15.419 0.4000000060
94658  -48.922  27.213  15.689 0.4000000060
94659  -49.394  27.495  16.106 0.4000000060
95330  -49.962  27.790  16.624 0.3000000119
93317  -48.711  25.902  15.352 0.5000000000
93981  -49.289  26.837  16.153 0.4000000060
94649  -49.840  27.069  16.771 0.4000000060
87697  -47.051  17.946  14.157 0.6999999881
87703  -48.127  17.865  13.203 0.8000000119
89165  -45.851  19.422  15.688 0.6999999881
88414  -47.185  18.660  15.446 0.6999999881
88424  -47.851  18.116  13.975 0.8000000119
89166  -46.741  19.272  15.845 0.6999999881
88420  -47.563  18.286  14.774 0.6999999881
89889  -46.224  20.042  16.046 0.6000000238
91300  -45.361  21.938  16.892 0.4000000060
90552  -45.949  21.371  16.618 0.5000000000
91301  -46.245  21.985  17.009 0.5000000000
90553  -46.814  21.354  16.818 0.6000000238
91302  -47.144  21.985  17.136 0.6000000238
91292  -47.644  22.677  17.516 0.5000000000
137557  -47.678  23.243  17.857 0.5000000000
91978  -49.005  23.640  18.633 0.4000000060
92635  -49.856  23.976  19.527 0.3000000119
93275  -51.659  25.288  21.352 0.4000000060
93947  -52.485  26.394  20.759 0.3000000119
92625  -49.099  24.626  20.105 0.3000000119
92611  -49.692  24.869  20.944 0.3000000119
93963  -52.712  26.077  20.047 0.3000000119
94623  -52.615  27.226  20.186 0.3000000119
91290  -45.659  22.608  17.262 0.4000000060
91991  -46.116  23.323  17.697 0.4000000060
91291  -46.629  22.652  17.342 0.5000000000
91992  -47.068  23.291  17.768 0.4000000060
92633  -47.279  24.458  19.107 0.3000000119
93291  -48.381  25.108  20.788 0.3000000119
93274  -50.301  25.319  21.375 0.4000000060
93937  -51.541  26.141  21.536 0.3000000119
94605  -52.383  27.734  21.239 0.3000000119
94606  -52.774  28.417  21.038 0.3000000119
91975  -45.600  23.984  18.437 0.4000000060
92622  -45.474  24.890  19.853 0.1000000015
92632  -46.196  24.600  19.213 0.3000000119
92623  -46.776  25.039  20.065 0.1000000015
93289  -46.768  25.464  20.549 0.2000000030
91976  -46.660  23.918  18.352 0.3000000119
93290  -47.454  25.251  20.595 0.3000000119
93936  -49.622  26.098  21.510 0.3000000119
93929  -51.411  26.897  21.564 0.3000000119
94593  -51.750  27.585  21.457 0.3000000119
92609  -45.020  25.194  20.487 0.1000000015
93270  -45.412  25.461  20.500 0.2000000030
93933  -45.911  25.961  20.594 0.1000000015
93946  -46.665  26.408  20.486 0.2000000030
94610  -47.347  27.088  20.347 0.2000000030
92610  -45.925  25.290  20.359 0.1000000015
121615  -46.740  25.767  20.776 0.2000000030
94603  -48.019  26.678  20.876 0.2000000030
93272  -47.655  25.570  20.865 0.3000000119
121105  -48.821  26.858  21.098 0.3000000119
94604  -49.791  27.152  21.347 0.3000000119
93932  -45.047  25.783  20.564 0.2000000030
139568  -46.059  26.675  20.181 0.2000000030
89867  -53.131  21.000  18.241 0.6999999881
89882  -55.022  21.176  17.857 0.6000000238
91995  -50.877  22.916  18.793 0.3000000119
89199  -54.455  19.753  11.159 0.8000000119
89214  -53.231  19.243  9.701 0.8000000119
89979  -53.931  21.424  0.706 0.6999999881
89904  -56.474  20.931  13.410 0.6000000238
88461  -52.506  18.826  9.329 0.8000000119
87066  -52.437  17.473  4.236 0.6999999881
88518  -53.442  19.114  3.653 0.6999999881
129121  -54.098  20.039  3.336 0.6999999881
91423  -53.428  22.204  1.255 0.6000000238
90719  -50.944  21.729  0.804 0.6000000238
92023  -46.149  23.233  12.853 0.6000000238
91324  -45.639  22.699  12.343 0.6000000238
92021  -44.735  24.002  12.061 0.6000000238
92026  -44.291  23.537  11.513 0.6999999881
92009  -47.986  24.322  13.943 0.5000000000
141321  -55.302  11.184  1.742 0.2000000030
138994  -56.653  10.993  3.451 0.2000000030
123883  -56.202  11.736  1.171 0.2000000030
85612  -50.710  14.676  1.181 0.3000000119
84785  -46.762  13.322  5.737 0.1000000015
84796  -47.085  12.964  5.038 0.1000000015
83945  -56.985  13.198  0.057 0.2000000030
125032  -49.720  14.331  2.328 0.3000000119
85606  -49.346  14.556  3.122 0.3000000119
85618  -50.240  14.159  1.589 0.3000000119
83953  -55.938  13.489  -0.281 0.2000000030
136693  -52.254  15.289  -0.177 0.4000000060
140881  -52.572  15.030  -0.379 0.4000000060
83917  -59.776  13.799  3.648 0.3000000119
83915  -58.803  13.072  2.400 0.3000000119
85605  -48.864  14.112  3.595 0.3000000119
85598  -49.117  14.899  3.906 0.3000000119
87077  -50.228  15.807  2.482 0.3000000119
86344  -49.476  15.256  3.437 0.3000000119
87071  -50.087  16.586  3.051 0.3000000119
87790  -50.311  17.297  2.888 0.3000000119
87095  -53.120  16.916  -0.972 0.6000000238
87094  -52.169  16.596  -0.101 0.3000000119
86367  -54.212  15.593  -0.482 0.4000000060
119971  -54.008  16.671  -1.031 0.4000000060
86374  -53.657  16.513  -0.992 0.4000000060
85577  -60.182  14.544  5.803 0.3000000119
85620  -54.486  14.687  0.496 0.4000000060
85630  -54.421  15.466  -0.222 0.4000000060
87810  -52.492  17.481  -0.507 0.4000000060
87088  -54.125  16.879  0.082 0.4000000060
88537  -50.562  18.622  2.352 0.3000000119
87796  -51.262  18.179  1.448 0.4000000060
88543  -51.701  18.987  0.890 0.5000000000
87817  -53.808  17.756  -1.091 0.6000000238
126654  -53.610  18.153  -0.987 0.6000000238
87096  -54.093  17.057  -0.922 0.6000000238
87805  -54.039  17.792  -0.493 0.6000000238
89280  -51.626  19.836  0.668 0.6000000238
88549  -52.498  19.293  -0.223 0.5000000000
88550  -53.456  18.940  -0.776 0.6000000238
88551  -53.953  18.478  -0.747 0.6000000238
89978  -51.580  20.808  0.331 0.6000000238
89279  -50.630  20.460  1.089 0.6000000238
89985  -52.543  20.955  -0.117 0.6000000238
90720  -52.038  21.861  0.509 0.6000000238
90722  -53.757  21.858  0.861 0.6999999881
87798  -53.779  17.785  0.684 0.6000000238
141138  -53.667  18.478  1.375 0.6000000238
88460  -51.892  18.362  9.411 0.8000000119
89207  -53.242  19.302  10.593 0.8000000119
89189  -54.647  19.904  12.206 0.6999999881
89188  -53.125  19.386  12.455 0.6999999881
89197  -52.437  19.037  11.865 0.6999999881
121466  -55.990  12.564  6.004 0.3000000119
83879  -56.626  12.968  6.229 0.3000000119
88432  -50.521  18.402  12.509 0.6999999881
89183  -51.790  19.074  13.672 0.6999999881
83899  -53.833  12.230  3.822 0.3000000119
88426  -49.464  18.380  13.582 0.6999999881
89176  -49.745  18.662  15.172 0.6999999881
89178  -51.557  19.144  14.692 0.6000000238
89170  -50.491  19.118  16.012 0.6999999881
136575  -50.101  18.838  15.609 0.6999999881
89171  -51.374  19.281  15.716 0.6999999881
89172  -52.336  19.536  15.400 0.6999999881
89894  -52.241  19.701  16.415 0.6000000238
89895  -53.281  19.917  16.185 0.6999999881
89896  -54.559  20.386  15.918 0.6000000238
89883  -55.510  21.062  16.763 0.6000000238
92666  -47.132  24.500  13.729 0.5000000000
92659  -46.954  25.245  13.850 0.5000000000
93322  -48.182  25.500  14.726 0.5000000000
86999  -47.949  16.889  11.991 0.8000000119
135679  -49.878  14.612  7.807 0.6000000238
89175  -48.927  18.606  15.390 0.8000000119
89891  -48.101  19.749  16.433 0.6999999881
89892  -49.087  19.609  16.539 0.6999999881
89878  -49.486  20.181  17.015 0.8000000119
91994  -49.458  23.024  18.304 0.6999999881
92636  -51.792  23.788  20.134 0.5000000000
92670  -45.865  24.136  12.974 0.6000000238
93324  -46.403  25.505  13.344 0.6000000238
93321  -47.506  25.712  14.302 0.4000000060
122001  -49.915  14.035  7.319 0.5000000000
89875  -46.553  20.704  16.425 0.6000000238
90554  -47.511  21.379  17.005 0.6999999881
90555  -48.593  21.193  17.203 0.6999999881
90541  -49.062  21.717  17.502 0.6999999881
92612  -51.136  24.674  20.993 0.5000000000
93292  -52.226  24.485  20.870 0.4000000060
93276  -52.155  25.932  21.203 0.4000000060
88419  -46.710  18.245  14.859 0.6000000238
127825  -45.099  21.354  16.506 0.4000000060
91977  -47.763  23.741  18.335 0.4000000060
91993  -48.331  23.159  18.009 0.4000000060
92634  -48.446  24.239  19.199 0.3000000119
132400  -50.786  25.820  21.611 0.4000000060
93938  -52.166  26.845  21.298 0.3000000119
93273  -48.940  25.476  21.174 0.4000000060
91990  -45.102  23.235  17.676 0.3000000119
92624  -47.875  24.826  19.986 0.3000000119
93935  -48.364  26.066  21.228 0.3000000119
93928  -50.652  26.550  21.624 0.3000000119
95285  -52.162  28.284  21.291 0.2000000030
92631  -44.984  24.409  19.163 0.2000000030
137115  -45.563  24.486  19.122 0.2000000030
140027  -46.089  25.006  19.951 0.2000000030
93271  -46.163  25.593  20.514 0.1000000015
95283  -50.118  28.014  21.012 0.3000000119
93934  -47.423  26.159  20.915 0.3000000119
82161  -62.061  10.817  9.238 0.2000000030
81327  -62.492  9.438  8.380 0.2000000030
82162  -62.381  10.180  8.834 0.2000000030
82174  -62.274  10.321  8.079 0.2000000030
82185  -61.980  10.378  7.599 0.2000000030
81339  -61.914  9.565  7.316 0.2000000030
83014  -61.777  11.700  8.973 0.2000000030
83030  -62.042  11.165  7.708 0.2000000030
129482  -61.587  10.490  7.373 0.2000000030
83842  -60.692  12.461  10.358 0.2000000030
134006  -61.627  11.356  9.600 0.2000000030
83863  -61.867  11.967  7.727 0.2000000030
81338  -61.390  9.721  7.184 0.2000000030
82184  -60.979  10.628  7.157 0.2000000030
82183  -59.871  10.670  7.440 0.2000000030
120048  -59.202  9.915  7.846 0.2000000030
122257  -58.260  10.040  7.876 0.1000000015
132786  -58.790  10.712  7.424 0.2000000030
81335  -57.564  9.509  8.046 0.2000000030
81334  -56.636  9.537  7.677 0.2000000030
82182  -57.446  10.249  7.389 0.2000000030
84733  -59.717  14.488  11.226 0.2000000030
84720  -60.036  13.781  11.191 0.2000000030
83854  -60.717  13.320  9.924 0.2000000030
123768  -60.386  13.328  10.584 0.2000000030
83843  -61.273  12.310  9.591 0.2000000030
83855  -61.491  12.641  8.763 0.2000000030
83003  -62.123  11.176  8.389 0.2000000030
83028  -61.357  11.562  7.021 0.2000000030
83026  -59.482  11.399  7.017 0.2000000030
81333  -55.790  9.145  7.539 0.1000000015
80374  -55.532  8.407  7.903 0.1000000015
141618  -54.921  8.213  7.691 0.1000000015
81349  -56.064  9.694  6.988 0.1000000015
82193  -56.628  10.172  6.794 0.2000000030
79453  -53.219  7.850  6.563 0.1000000015
79438  -53.821  7.812  7.209 0.1000000015
79465  -52.054  7.432  5.619 0.1000000015
85530  -59.392  14.703  11.891 0.2000000030
84734  -60.216  14.258  10.403 0.2000000030
85543  -59.843  14.678  10.548 0.2000000030
141809  -61.084  13.239  9.258 0.2000000030
84747  -60.541  14.154  9.351 0.2000000030
84748  -61.106  13.608  8.543 0.2000000030
127198  -61.550  12.930  7.843 0.2000000030
83029  -61.723  11.852  7.271 0.2000000030
83046  -60.907  12.481  6.425 0.2000000030
83047  -61.355  12.537  6.746 0.2000000030
83027  -60.499  11.558  6.878 0.2000000030
83045  -59.889  12.259  6.284 0.2000000030
82195  -58.013  10.816  6.928 0.2000000030
83043  -57.868  11.238  6.079 0.2000000030
82194  -57.276  10.665  6.476 0.2000000030
80373  -54.435  8.360  7.186 0.1000000015
80390  -55.090  8.785  7.288 0.1000000015
81348  -55.431  9.391  6.712 0.1000000015
80400  -52.534  8.112  5.184 0.1000000015
79466  -52.701  7.850  5.969 0.1000000015
80402  -54.042  8.845  5.821 0.1000000015
80389  -53.888  8.404  6.518 0.1000000015
81347  -54.630  9.003  6.406 0.1000000015
124214  -59.270  14.741  11.366 0.2000000030
85542  -59.441  14.713  10.619 0.2000000030
85544  -60.083  14.702  9.891 0.2000000030
122926  -60.129  14.722  9.102 0.2000000030
84760  -60.579  14.388  8.329 0.2000000030
84761  -61.103  13.932  7.656 0.2000000030
132913  -60.977  13.214  6.153 0.2000000030
85579  -61.030  14.125  6.961 0.2000000030
84770  -61.337  13.526  7.064 0.2000000030
140894  -60.735  13.616  5.750 0.2000000030
83044  -58.800  11.502  6.483 0.2000000030
81357  -55.970  9.993  6.083 0.1000000015
80413  -53.137  8.712  4.757 0.1000000015
81356  -55.238  9.583  5.757 0.1000000015
82201  -56.253  10.371  5.322 0.1000000015
80412  -52.344  8.458  4.345 0.1000000015
133100  -50.844  7.306  4.572 0.1000000015
80411  -51.634  8.310  3.901 0.1000000015
79484  -50.517  8.170  3.621 0.1000000015
80419  -49.890  8.546  3.142 0.1000000015
82977  -55.248  11.387  11.471 0.2000000030
82976  -54.739  10.948  10.789 0.2000000030
122845  -57.008  13.725  13.827 0.2000000030
82125  -47.834  10.218  10.525 0.2000000030
82990  -55.312  11.473  10.437 0.2000000030
82139  -48.235  10.474  9.936 0.2000000030
123249  -49.038  9.881  9.861 0.2000000030
134878  -50.934  9.564  9.406 0.2000000030
82158  -52.678  9.826  9.390 0.2000000030
82159  -53.475  10.258  9.332 0.2000000030
82144  -54.097  10.464  10.222 0.2000000030
82989  -54.738  11.043  9.848 0.2000000030
120198  -58.435  14.749  12.333 0.2000000030
82153  -48.040  10.996  9.665 0.2000000030
82154  -48.703  10.853  9.323 0.2000000030
82155  -49.534  10.378  9.061 0.2000000030
81318  -51.181  9.791  8.707 0.2000000030
82160  -54.198  10.694  9.193 0.2000000030
83001  -54.817  11.215  8.942 0.2000000030
84718  -58.082  14.416  11.639 0.2000000030
83000  -48.283  11.564  9.391 0.2000000030
83011  -49.276  11.150  8.700 0.2000000030
81319  -52.041  9.815  8.617 0.2000000030
82171  -52.855  10.129  8.578 0.2000000030
82172  -53.613  10.523  8.482 0.2000000030
83020  -49.646  11.476  8.154 0.2000000030
82179  -50.736  10.645  7.729 0.2000000030
82170  -51.400  10.156  8.061 0.2000000030
119128  -52.209  10.183  7.913 0.2000000030
125090  -52.990  10.428  7.792 0.2000000030
82173  -54.331  10.977  8.311 0.2000000030
83021  -50.222  11.405  7.531 0.2000000030
82180  -51.515  10.592  7.298 0.2000000030
82181  -52.352  10.508  7.288 0.2000000030
135851  -53.778  10.796  7.619 0.2000000030
83056  -57.725  11.329  5.060 0.2000000030
128107  -57.252  10.887  5.666 0.2000000030
117944  -56.668  10.507  5.877 0.1000000015
79477  -51.673  7.756  4.658 0.1000000015
81354  -53.855  9.024  5.094 0.1000000015
81368  -55.124  9.749  5.001 0.1000000015
82200  -55.681  10.068  5.186 0.1000000015
82202  -56.897  10.789  4.929 0.1000000015
79485  -51.090  8.293  3.552 0.1000000015
80427  -50.287  8.944  2.605 0.1000000015
81385  -48.104  9.948  2.967 0.1000000015
135465  -56.947  13.318  12.171 0.2000000030
84708  -57.618  14.166  12.417 0.2000000030
83840  -55.891  12.007  10.992 0.2000000030
82138  -47.557  10.850  10.111 0.2000000030
83852  -55.909  12.011  10.018 0.2000000030
85541  -58.686  14.598  11.068 0.2000000030
82974  -45.036  11.674  11.335 0.3000000119
83828  -45.248  12.488  10.992 0.3000000119
82987  -46.346  11.126  10.712 0.2000000030
82137  -47.019  10.720  10.586 0.2000000030
82988  -46.946  11.531  10.237 0.2000000030
82999  -47.647  11.542  9.776 0.2000000030
83002  -55.355  11.565  9.497 0.2000000030
84732  -58.632  14.431  10.194 0.2000000030
131832  -46.286  11.831  10.513 0.2000000030
83837  -45.919  12.479  10.603 0.2000000030
83850  -47.968  12.289  9.517 0.2000000030
83010  -48.800  11.578  9.013 0.2000000030
124374  -59.376  14.731  9.800 0.2000000030
83851  -48.581  12.284  9.096 0.3000000119
131922  -49.152  12.108  8.519 0.2000000030
84746  -58.713  14.382  9.273 0.2000000030
85552  -59.858  14.834  9.859 0.2000000030
83038  -51.254  11.188  6.564 0.2000000030
82192  -53.060  10.741  6.867 0.2000000030
83023  -53.926  11.087  6.875 0.2000000030
83037  -50.645  11.670  6.741 0.2000000030
82191  -52.063  10.798  6.590 0.2000000030
83040  -53.588  11.187  6.165 0.2000000030
83041  -54.483  11.533  6.313 0.2000000030
117904  -51.771  11.374  5.924 0.2000000030
83039  -52.672  11.106  5.996 0.2000000030
135176  -54.026  11.503  5.616 0.2000000030
136334  -52.358  11.586  5.293 0.2000000030
83054  -53.299  11.454  5.375 0.2000000030
83067  -54.096  11.820  4.786 0.2000000030
83053  -51.605  11.871  5.376 0.2000000030
83898  -51.954  12.136  4.743 0.3000000119
80422  -52.179  8.823  3.601 0.1000000015
81366  -53.784  9.344  4.324 0.1000000015
140712  -54.221  9.360  4.772 0.1000000015
120078  -56.020  10.600  3.723 0.1000000015
124770  -56.156  10.478  4.598 0.1000000015
81377  -52.696  9.365  3.304 0.1000000015
81365  -52.909  9.065  3.999 0.1000000015
81379  -54.249  9.832  3.690 0.1000000015
82210  -55.080  10.200  3.733 0.1000000015
80420  -50.722  8.601  3.079 0.1000000015
80421  -51.451  8.711  3.237 0.1000000015
83074  -47.110  11.035  4.002 0.1000000015
80426  -49.612  9.160  2.527 0.1000000015
81373  -47.760  9.505  3.669 0.1000000015
81374  -48.435  9.352  3.150 0.1000000015
81386  -49.533  9.753  2.099 0.1000000015
82948  -55.255  11.658  13.596 0.2000000030
83819  -55.914  12.131  13.030 0.2000000030
83820  -56.436  12.746  12.503 0.2000000030
83829  -55.900  12.062  12.000 0.2000000030
83830  -56.536  12.748  11.504 0.2000000030
84717  -57.295  13.586  11.542 0.2000000030
83841  -56.454  12.575  10.498 0.2000000030
84731  -57.754  13.887  10.707 0.2000000030
84715  -44.157  13.231  11.703 0.3000000119
84716  -44.901  13.396  11.265 0.3000000119
83853  -56.498  12.571  9.589 0.2000000030
83827  -44.565  12.485  11.426 0.3000000119
83861  -55.948  12.084  9.077 0.2000000030
83862  -56.561  12.626  8.661 0.2000000030
84745  -57.853  13.753  9.689 0.2000000030
84728  -46.296  13.259  10.455 0.4000000060
84729  -47.130  13.291  10.106 0.4000000060
125590  -47.724  12.972  9.697 0.3000000119
84742  -48.322  13.071  9.323 0.3000000119
83013  -55.407  11.675  8.585 0.2000000030
83870  -55.994  12.182  8.118 0.2000000030
84755  -48.890  13.085  8.802 0.5000000000
84756  -49.370  13.104  8.195 0.2000000030
83868  -49.663  12.231  7.780 0.2000000030
85551  -59.650  14.757  8.906 0.2000000030
83024  -54.581  11.361  7.403 0.2000000030
84765  -49.744  13.169  7.507 0.3000000119
83869  -50.105  12.320  7.089 0.3000000119
84766  -50.103  13.245  6.818 0.3000000119
83877  -50.476  12.442  6.378 0.2000000030
84776  -50.433  13.271  6.116 0.3000000119
83052  -51.024  11.886  5.916 0.2000000030
83888  -50.746  12.629  5.766 0.3000000119
83889  -51.257  12.551  5.188 0.4000000060
82212  -56.743  10.919  4.008 0.1000000015
81378  -53.449  9.563  3.559 0.1000000015
118693  -51.771  9.837  2.234 0.1000000015
81376  -51.963  9.248  2.908 0.1000000015
81388  -52.574  9.780  2.663 0.1000000015
82217  -53.815  10.010  3.050 0.1000000015
81395  -49.933  10.249  1.653 0.1000000015
81396  -50.878  10.126  1.660 0.1000000015
80428  -51.041  9.224  2.492 0.1000000015
82226  -49.143  10.397  2.010 0.1000000015
82237  -50.366  11.040  1.212 0.1000000015
83086  -49.600  11.739  1.581 0.1000000015
83088  -51.020  11.725  0.836 0.1000000015
83799  -55.648  12.585  14.781 0.2000000030
83800  -56.375  13.227  14.432 0.2000000030
83807  -55.831  12.380  13.959 0.2000000030
83808  -56.386  12.938  13.444 0.2000000030
84730  -56.965  13.171  10.849 0.2000000030
135585  -45.447  13.927  11.068 0.4000000060
85527  -45.774  14.578  11.242 0.4000000060
84744  -57.067  13.156  10.078 0.2000000030
85537  -45.986  13.994  10.723 0.4000000060
85538  -46.710  14.038  10.452 0.5000000000
84757  -57.151  13.155  9.170 0.2000000030
136246  -57.935  13.713  8.752 0.2000000030
126062  -47.347  14.118  10.196 0.5000000000
84741  -47.942  13.813  9.753 0.5000000000
126266  -48.706  13.877  9.206 0.5000000000
135944  -57.228  13.178  8.259 0.2000000030
84758  -57.959  13.741  7.808 0.2000000030
84743  -49.218  13.959  8.610 0.5000000000
85550  -49.147  14.634  9.164 0.5000000000
85557  -49.579  13.984  7.964 0.4000000060
84779  -59.018  14.484  5.716 0.2000000030
82229  -53.258  10.183  2.488 0.1000000015
82227  -51.731  10.427  1.646 0.1000000015
82228  -52.491  10.327  2.027 0.1000000015
82238  -51.330  10.960  1.139 0.1000000015
82239  -52.292  10.935  1.347 0.1000000015
83087  -50.361  12.046  1.070 0.1000000015
86998  -47.192  16.646  12.260 0.6999999881
87006  -46.758  15.940  11.881 0.6000000238
86291  -47.101  15.431  11.129 0.6000000238
87015  -47.931  15.804  10.931 0.6000000238
87008  -48.302  16.462  11.337 0.6999999881
85528  -46.475  14.704  10.909 0.6000000238
123913  -47.674  15.222  10.623 0.6000000238
127071  -47.173  14.714  10.571 0.6000000238
85539  -47.831  14.651  10.171 0.5000000000
85540  -48.507  14.590  9.688 0.6000000238
86305  -48.978  15.131  9.694 0.6000000238
86306  -49.516  15.386  9.278 0.6000000238
84777  -57.290  13.407  6.469 0.2000000030
83909  -48.118  12.403  3.404 0.1000000015
140906  -48.481  12.867  3.164 0.2000000030
84822  -48.922  13.096  2.643 0.2000000030
83097  -50.890  12.381  0.774 0.1000000015
83931  -49.934  12.683  1.470 0.2000000030
83932  -50.574  12.820  0.939 0.2000000030
86338  -48.814  15.387  4.690 0.1000000015
87764  -46.251  17.178  6.575 0.1000000015
87773  -46.690  17.625  5.844 0.1000000015
87057  -47.560  16.472  6.249 0.1000000015
87765  -47.054  17.089  6.312 0.1000000015
87058  -48.196  16.481  5.696 0.2000000030
87063  -48.827  16.460  4.991 0.1000000015
87783  -49.354  16.998  4.334 0.2000000030
129447  -46.113  18.192  5.073 0.1000000015
88502  -47.120  18.033  5.154 0.1000000015
87781  -48.008  17.817  5.055 0.1000000015
87782  -48.740  17.450  4.778 0.2000000030
88516  -49.222  17.905  4.139 0.2000000030
89960  -42.020  21.622  2.712 0.1000000015
89244  -41.673  20.141  4.240 0.1000000015
89955  -42.040  20.672  3.219 0.1000000015
89252  -43.040  19.889  3.063 0.1000000015
88513  -46.571  18.474  4.335 0.1000000015
88514  -47.505  18.393  4.388 0.1000000015
87775  -48.350  17.163  5.360 0.1000000015
88515  -48.416  18.229  4.351 0.1000000015
88528  -48.838  18.653  3.579 0.2000000030
88529  -49.593  18.328  3.417 0.2000000030
90673  -40.810  22.123  3.758 0.1000000015
90688  -41.520  22.263  3.010 0.1000000015
89961  -42.583  21.116  2.568 0.1000000015
89245  -42.454  19.775  3.774 0.1000000015
139348  -45.963  18.501  4.329 0.1000000015
88526  -46.900  18.833  3.477 0.1000000015
89257  -49.335  19.115  2.819 0.2000000030
89271  -50.052  19.563  2.072 0.4000000060
92075  -41.261  23.510  3.240 0.2000000030
90687  -40.994  22.990  3.222 0.2000000030
91402  -41.664  22.877  2.935 0.2000000030
91403  -42.018  22.745  2.825 0.2000000030
130908  -42.098  22.297  2.715 0.2000000030
90689  -42.592  21.696  2.565 0.1000000015
89968  -43.187  21.206  2.384 0.2000000030
90690  -43.264  21.508  2.575 0.2000000030
128921  -47.916  20.279  1.486 0.3000000119
89270  -48.842  19.983  1.741 0.2000000030
92672  -44.459  24.553  11.283 0.6000000238
130603  -44.033  23.917  10.903 0.6000000238
92680  -44.110  24.601  10.406 0.6000000238
92069  -41.403  24.089  3.432 0.2000000030
92070  -41.716  23.356  3.195 0.2000000030
91392  -42.310  22.907  3.377 0.2000000030
91404  -42.581  22.198  2.827 0.2000000030
91393  -43.022  22.356  4.040 0.2000000030
89277  -48.296  20.812  1.236 0.4000000060
89977  -50.715  21.400  0.719 0.5000000000
89278  -49.343  20.707  1.282 0.5000000000
92668  -44.880  24.789  11.920 0.5000000000
93334  -44.634  25.323  10.542 0.5000000000
93327  -44.965  25.385  11.385 0.4000000060
93335  -45.281  25.868  10.622 0.5000000000
92707  -43.640  25.353  5.909 0.4000000060
127276  -44.344  25.217  9.805 0.6000000238
135727  -42.280  24.241  4.509 0.2000000030
123720  -42.558  24.316  5.364 0.4000000060
91384  -42.602  22.867  4.764 0.2000000030
131324  -42.426  23.587  5.280 0.3000000119
119690  -49.774  21.251  1.014 0.5000000000
93992  -46.634  26.197  13.227 0.3000000119
92664  -45.764  25.016  12.937 0.5000000000
93996  -47.015  26.814  12.883 0.2000000030
93325  -45.982  25.856  12.603 0.3000000119
93995  -46.478  26.436  12.552 0.2000000030
92669  -45.251  24.484  12.489 0.4000000060
94667  -48.353  27.837  12.455 0.2000000030
128046  -45.352  25.297  12.179 0.3000000119
134276  -46.161  26.386  12.000 0.2000000030
93999  -46.831  26.857  11.891 0.2000000030
94666  -47.570  27.302  12.272 0.2000000030
93998  -45.635  26.014  11.551 0.4000000060
94006  -45.867  26.284  10.676 0.4000000060
133436  -46.315  26.519  11.204 0.2000000030
94000  -47.131  26.860  10.783 0.2000000030
85560  -60.169  14.755  8.053 0.2000000030
84769  -58.749  14.293  7.230 0.2000000030
85568  -60.200  14.674  6.936 0.2000000030
83055  -54.613  11.798  5.487 0.2000000030
132005  -56.734  12.957  6.944 0.2000000030
83890  -55.070  12.211  4.941 0.2000000030
84759  -58.772  14.351  8.276 0.2000000030
85559  -59.624  14.683  7.639 0.2000000030
83871  -56.629  12.730  7.730 0.2000000030
84778  -58.142  13.966  5.837 0.2000000030
85567  -59.533  14.613  6.398 0.2000000030
130066  -58.649  14.255  6.416 0.2000000030
84790  -57.947  14.018  5.032 0.2000000030
83075  -47.580  11.293  3.545 0.1000000015
82216  -47.459  10.422  3.563 0.1000000015
83076  -48.210  11.687  2.975 0.1000000015
83922  -49.238  12.546  2.082 0.2000000030
84835  -50.329  13.450  1.268 0.2000000030
88501  -45.319  18.159  5.281 0.1000000015
92057  -42.541  23.629  6.331 0.4000000060
84844  -50.911  13.510  0.722 0.2000000030
85627  -51.277  14.125  0.497 0.2000000030
85569  -60.620  14.453  7.354 0.2000000030
83881  -61.213  13.303  6.559 0.2000000030
83058  -59.294  12.238  5.677 0.2000000030
84810  -48.643  13.414  3.330 0.2000000030
87789  -49.788  17.433  3.566 0.3000000119
83891  -55.866  12.628  5.180 0.2000000030
87016  -48.691  16.090  10.675 0.6000000238
141057  -61.747  11.130  7.431 0.2000000030
83832  -60.204  12.678  11.053 0.2000000030
134586  -59.563  14.654  11.180 0.2000000030
80401  -53.326  8.418  5.714 0.1000000015
81355  -54.537  9.351  5.317 0.1000000015
82140  -50.207  9.520  9.815 0.2000000030
82157  -51.751  9.570  9.476 0.2000000030
82156  -50.366  9.969  8.829 0.2000000030
82168  -50.031  10.720  8.304 0.2000000030
82169  -50.706  10.228  8.305 0.2000000030
83022  -50.815  11.034  7.118 0.2000000030
81367  -54.647  9.701  4.448 0.1000000015
82211  -55.439  10.147  4.443 0.1000000015
81387  -50.200  9.529  2.104 0.1000000015
137055  -48.527  10.327  2.519 0.1000000015
82986  -45.716  11.721  10.858 0.2000000030
83838  -46.621  12.440  10.279 0.2000000030
83839  -47.303  12.333  9.898 0.2000000030
83878  -55.291  12.101  5.857 0.2000000030
81389  -53.181  9.757  3.003 0.1000000015
129810  -47.687  11.943  3.639 0.1000000015
82224  -48.042  10.786  2.949 0.1000000015
120164  -48.872  9.629  2.540 0.1000000015
84727  -45.593  13.265  10.792 0.3000000119
82236  -49.628  10.896  1.594 0.1000000015
130375  -49.143  11.177  1.901 0.2000000030
82225  -48.616  11.042  2.381 0.1000000015
84767  -57.266  13.283  7.362 0.2000000030
87007  -47.533  16.193  11.579 0.6999999881
86297  -48.387  15.342  10.263 0.6000000238
84768  -57.983  13.790  6.853 0.2000000030
83921  -48.629  12.413  2.733 0.1000000015
87774  -47.636  17.306  5.766 0.1000000015
86329  -47.976  15.521  5.969 0.2000000030
88527  -47.864  18.819  3.546 0.1000000015
89256  -48.211  19.431  2.503 0.2000000030
140150  -41.701  23.906  3.567 0.2000000030
92063  -42.142  23.644  3.961 0.2000000030
94669  -47.672  27.165  11.310 0.3000000119
83082  -48.871  11.789  2.232 0.1000000015
82106  -46.370  10.008  12.126 0.2000000030
82961  -44.927  10.802  11.962 0.2000000030
81267  -44.816  9.187  16.288 0.2000000030
81277  -44.402  9.503  15.847 0.2000000030
81278  -45.338  9.462  15.628 0.2000000030
82082  -45.356  9.892  14.366 0.2000000030
82092  -45.662  10.019  13.667 0.2000000030
82944  -45.045  10.293  12.869 0.2000000030
82943  -44.217  10.826  12.568 0.2000000030
137380  -43.338  9.083  17.888 0.2000000030
81255  -42.721  9.637  17.548 0.2000000030
81256  -43.409  9.366  16.983 0.2000000030
133493  -44.191  8.915  17.046 0.2000000030
81265  -42.780  9.708  16.752 0.2000000030
128561  -44.068  9.305  16.465 0.2000000030
82070  -42.817  9.866  15.918 0.2000000030
81266  -43.534  9.570  16.212 0.2000000030
82071  -43.724  9.820  15.260 0.2000000030
82072  -44.864  9.712  15.098 0.2000000030
82081  -44.389  10.006  14.390 0.2000000030
82080  -43.344  10.320  14.258 0.2000000030
141252  -43.126  10.666  13.679 0.2000000030
126003  -42.932  11.188  13.221 0.2000000030
117527  -43.511  11.184  12.762 0.2000000030
82960  -43.690  11.766  12.213 0.2000000030
80283  -43.248  8.725  19.734 0.1000000015
82046  -42.630  10.103  18.432 0.1000000015
82053  -42.261  10.080  17.916 0.1000000015
122303  -42.171  9.995  17.262 0.2000000030
82062  -42.202  10.027  16.502 0.2000000030
82913  -41.662  10.408  16.121 0.2000000030
82069  -42.108  10.271  15.726 0.2000000030
82079  -42.501  10.380  14.907 0.2000000030
82931  -41.776  11.137  14.267 0.2000000030
82932  -42.550  10.802  13.881 0.2000000030
82942  -42.121  11.703  13.503 0.2000000030
82958  -42.597  11.953  12.986 0.3000000119
82959  -43.128  11.848  12.648 0.3000000119
83817  -43.356  12.472  12.321 0.4000000060
83818  -43.896  12.461  11.843 0.2000000030
84707  -43.838  13.870  12.178 0.3000000119
134548  -44.456  14.035  11.791 0.3000000119
85526  -45.119  14.328  11.534 0.4000000060
86290  -46.249  15.278  11.515 0.5000000000
86900  -42.852  16.040  28.058 0.1000000015
123678  -41.994  10.133  21.620 0.1000000015
82875  -42.364  11.013  21.844 0.1000000015
82026  -43.511  9.609  20.665 0.1000000015
81229  -43.257  9.108  20.178 0.1000000015
82037  -43.311  9.830  19.254 0.1000000015
82045  -41.982  10.624  18.152 0.1000000015
82052  -41.721  10.497  17.588 0.1000000015
82905  -40.886  10.984  17.174 0.2000000030
82912  -41.050  10.807  16.235 0.2000000030
82922  -41.451  10.807  15.300 0.2000000030
84692  -42.010  13.339  13.497 0.3000000119
84705  -42.629  13.197  12.931 0.3000000119
83805  -42.284  12.559  13.173 0.3000000119
130739  -43.088  13.031  12.528 0.4000000060
85515  -43.662  14.522  12.722 0.4000000060
84706  -43.167  13.746  12.675 0.4000000060
141398  -44.194  14.473  12.294 0.4000000060
85517  -45.480  15.069  11.861 0.5000000000
86282  -45.951  15.758  12.209 0.5000000000
86893  -43.518  16.087  28.637 0.1000000015
132100  -44.209  16.019  29.226 0.1000000015
86168  -44.830  15.423  30.481 0.1000000015
86159  -44.775  14.847  31.170 0.1000000015
119942  -43.398  16.270  26.457 0.1000000015
86908  -43.586  16.352  27.821 0.1000000015
86901  -44.400  16.440  28.388 0.1000000015
86216  -42.299  14.791  24.104 0.1000000015
127914  -41.992  15.208  24.707 0.1000000015
85447  -43.364  13.896  23.244 0.1000000015
85438  -42.786  14.354  23.596 0.1000000015
83739  -44.113  12.199  22.320 0.1000000015
84630  -43.647  13.138  22.819 0.1000000015
82876  -43.496  11.105  21.698 0.1000000015
83745  -44.563  11.230  21.640 0.1000000015
135110  -43.549  11.808  22.119 0.1000000015
82027  -43.983  10.237  20.574 0.1000000015
82877  -44.290  10.611  21.054 0.1000000015
82038  -43.781  10.268  19.771 0.1000000015
129538  -43.211  10.622  18.985 0.1000000015
82036  -42.540  10.667  18.569 0.1000000015
82890  -41.805  11.191  18.484 0.1000000015
82898  -41.249  11.050  17.966 0.1000000015
82897  -40.333  11.548  17.877 0.1000000015
125838  -40.450  11.323  16.429 0.2000000030
82921  -40.636  11.480  15.563 0.2000000030
82920  -40.670  11.973  15.021 0.2000000030
82930  -41.107  11.715  14.662 0.3000000119
82941  -41.553  11.906  13.947 0.3000000119
83804  -41.737  12.504  13.645 0.3000000119
84684  -40.449  13.225  15.034 0.2000000030
83795  -40.799  12.539  14.686 0.3000000119
84691  -41.478  13.047  13.925 0.3000000119
84686  -41.507  13.722  14.133 0.3000000119
85499  -42.201  14.333  13.829 0.3000000119
85505  -42.992  14.504  13.266 0.4000000060
86270  -43.663  15.274  13.433 0.4000000060
86280  -44.290  15.076  12.731 0.5000000000
86281  -45.106  15.528  12.646 0.5000000000
86271  -44.486  15.718  13.340 0.5000000000
86272  -45.108  16.072  13.330 0.5000000000
86996  -45.695  16.207  12.941 0.5000000000
86997  -46.428  16.427  12.559 0.5000000000
86988  -46.118  16.873  13.234 0.5000000000
87707  -46.865  17.094  12.947 0.6000000238
86894  -44.977  16.318  29.141 0.1000000015
86169  -45.541  15.792  30.242 0.1000000015
86161  -46.789  15.389  31.444 0.1000000015
86203  -42.610  15.556  25.097 0.1000000015
86928  -43.390  15.917  25.503 0.1000000015
86919  -44.196  16.542  26.753 0.1000000015
120903  -45.300  16.647  28.543 0.1000000015
86887  -46.113  16.215  29.880 0.1000000015
86217  -43.472  15.142  24.229 0.1000000015
86204  -43.212  15.519  24.771 0.1000000015
86935  -44.422  16.052  25.244 0.1000000015
86920  -44.842  16.611  26.329 0.1000000015
86910  -44.910  16.794  27.030 0.1000000015
85448  -44.245  13.662  23.100 0.1000000015
85439  -43.691  14.502  23.622 0.1000000015
86210  -43.957  15.596  24.651 0.1000000015
124421  -44.722  12.697  22.595 0.1000000015
83740  -45.184  11.734  22.004 0.1000000015
84631  -45.704  12.285  22.217 0.1000000015
82878  -44.919  10.977  20.724 0.1000000015
83746  -45.419  11.359  21.084 0.1000000015
82883  -44.420  10.820  20.055 0.1000000015
83753  -45.019  11.635  20.091 0.1000000015
82892  -43.599  11.129  19.198 0.1000000015
83766  -44.054  11.819  19.397 0.1000000015
82891  -42.598  11.335  18.829 0.1000000015
83765  -42.772  12.210  19.091 0.1000000015
82889  -40.874  11.670  18.464 0.1000000015
83776  -40.037  11.606  17.086 0.2000000030
84667  -39.497  12.242  17.072 0.2000000030
83782  -39.950  11.984  16.150 0.2000000030
83789  -40.365  12.303  15.312 0.2000000030
129789  -40.348  13.976  15.270 0.2000000030
85497  -40.898  13.912  14.729 0.2000000030
85498  -41.488  14.518  14.527 0.3000000119
86266  -42.133  15.131  14.434 0.3000000119
86269  -42.858  15.148  13.961 0.4000000060
119977  -43.397  15.824  14.172 0.5000000000
86985  -44.027  15.962  13.880 0.5000000000
86987  -45.439  16.646  13.569 0.5000000000
86211  -45.042  15.582  24.451 0.1000000015
86930  -45.476  16.595  25.823 0.1000000015
85440  -44.785  14.267  23.405 0.1000000015
86219  -45.373  14.799  23.773 0.1000000015
128005  -45.308  16.182  25.150 0.1000000015
84632  -46.313  12.676  22.301 0.1000000015
85449  -45.427  13.243  22.863 0.1000000015
86213  -46.778  15.485  24.237 0.1000000015
84637  -45.855  11.792  21.512 0.1000000015
84643  -46.523  12.324  21.389 0.1000000015
85442  -46.811  13.787  22.988 0.1000000015
86220  -46.449  14.455  23.522 0.1000000015
122280  -47.139  14.896  23.698 0.1000000015
84642  -45.826  12.206  20.510 0.1000000015
84633  -47.053  12.849  21.857 0.1000000015
85451  -47.362  13.486  22.208 0.1000000015
84655  -45.078  12.733  19.743 0.1000000015
134631  -46.410  13.087  20.486 0.1000000015
84644  -47.021  12.976  21.148 0.1000000015
84654  -44.225  12.766  19.443 0.1000000015
85458  -45.472  13.577  19.783 0.1000000015
84653  -43.316  12.826  19.302 0.1000000015
85472  -43.198  13.816  19.435 0.1000000015
85473  -44.348  13.755  19.498 0.1000000015
125536  -41.643  12.762  19.175 0.1000000015
83764  -41.738  11.910  18.914 0.1000000015
83762  -39.846  12.906  19.148 0.1000000015
83771  -39.803  12.204  18.501 0.1000000015
118382  -39.197  12.518  17.981 0.2000000030
84673  -39.540  12.893  16.293 0.2000000030
85487  -40.034  15.055  15.845 0.2000000030
86261  -40.454  15.668  15.722 0.3000000119
86976  -40.888  16.391  15.665 0.3000000119
83781  -39.993  12.775  15.647 0.2000000030
84679  -39.886  13.576  15.694 0.2000000030
86262  -41.199  15.722  15.284 0.3000000119
117593  -41.988  17.161  15.369 0.5000000000
132425  -42.626  17.251  15.145 0.5000000000
87690  -43.186  17.743  15.155 0.5000000000
86263  -41.945  15.810  14.876 0.3000000119
86978  -42.462  16.535  14.946 0.5000000000
135348  -43.770  17.278  14.796 0.6000000238
86267  -42.682  15.784  14.509 0.4000000060
137494  -43.128  16.323  14.575 0.5000000000
86981  -43.837  16.565  14.399 0.5000000000
86986  -44.692  16.434  13.917 0.5000000000
87700  -45.827  17.249  13.862 0.5000000000
86214  -47.754  15.390  23.973 0.1000000015
85452  -47.922  14.114  21.740 0.1000000015
86221  -48.284  14.787  23.218 0.1000000015
85454  -47.412  13.501  21.419 0.1000000015
85455  -47.637  14.354  20.892 0.1000000015
86227  -48.512  14.708  22.174 0.1000000015
86222  -49.104  15.260  22.651 0.1000000015
85460  -46.904  13.907  20.577 0.1000000015
86239  -47.508  15.343  20.376 0.1000000015
86942  -49.051  15.542  21.546 0.1000000015
139571  -49.352  16.231  21.088 0.1000000015
86251  -44.559  14.663  19.636 0.1000000015
86238  -45.429  14.802  19.790 0.1000000015
130941  -46.291  14.868  20.017 0.1000000015
131987  -46.598  15.682  20.098 0.1000000015
135600  -41.373  13.530  19.433 0.1000000015
85471  -42.043  14.126  19.574 0.1000000015
84651  -40.312  13.563  19.477 0.2000000030
84650  -39.348  13.585  19.292 0.2000000030
84661  -39.089  13.058  18.742 0.2000000030
127730  -38.747  13.785  17.483 0.2000000030
84672  -39.248  13.912  16.466 0.2000000030
85486  -39.436  14.832  16.342 0.2000000030
86259  -39.729  15.638  16.235 0.2000000030
86974  -40.159  16.415  16.106 0.3000000119
87687  -41.267  17.078  15.669 0.3000000119
88409  -42.775  18.473  15.500 0.5000000000
129811  -43.882  19.076  15.451 0.5000000000
89164  -44.519  19.302  15.516 0.6000000238
89888  -45.355  20.105  15.894 0.5000000000
87689  -42.357  17.822  15.430 0.5000000000
87691  -44.064  17.901  15.007 0.5000000000
88411  -44.370  18.607  15.248 0.6000000238
132145  -45.124  19.545  15.639 0.6000000238
88417  -44.937  18.039  14.954 0.6000000238
88412  -45.288  18.839  15.328 0.6000000238
87694  -44.567  17.258  14.522 0.5000000000
88418  -45.826  18.196  14.897 0.5000000000
87695  -45.438  17.590  14.441 0.5000000000
87696  -46.242  17.786  14.298 0.5000000000
87701  -46.567  17.461  13.637 0.5000000000
86957  -47.992  15.980  20.359 0.1000000015
86946  -48.794  16.284  20.604 0.1000000015
86955  -46.178  16.642  20.129 0.1000000015
86249  -42.650  14.803  19.723 0.1000000015
86236  -43.207  15.476  19.907 0.1000000015
86953  -43.855  16.039  20.038 0.1000000015
85470  -40.963  14.220  19.675 0.1000000015
130465  -39.845  14.211  19.703 0.1000000015
85477  -38.839  13.742  19.034 0.2000000030
85481  -38.575  14.451  17.915 0.2000000030
87688  -41.610  17.783  15.696 0.4000000060
89874  -45.645  20.745  16.242 0.5000000000
88408  -42.002  18.489  15.703 0.4000000060
85469  -38.988  14.269  19.455 0.2000000030
88413  -46.287  18.754  15.371 0.6000000238
82973  -44.321  11.685  11.771 0.2000000030
82975  -45.735  10.759  11.435 0.2000000030
82091  -44.819  10.167  13.653 0.2000000030
126671  -44.028  8.545  17.788 0.2000000030
82090  -43.749  10.537  13.465 0.2000000030
81239  -43.165  9.371  19.080 0.1000000015
82061  -41.652  10.368  16.892 0.2000000030
84714  -43.551  13.140  12.150 0.2000000030
85516  -44.767  14.774  12.131 0.4000000060
139526  -42.731  15.708  28.871 0.1000000015
86907  -42.924  16.185  27.210 0.1000000015
84693  -42.577  13.837  13.207 0.3000000119
86176  -44.845  15.888  29.775 0.1000000015
86160  -45.705  15.258  31.108 0.1000000015
85390  -45.422  14.557  31.729 0.1000000015
86929  -44.151  16.375  26.008 0.1000000015
86209  -42.742  15.204  24.478 0.1000000015
138307  -42.987  14.807  24.011 0.1000000015
83738  -43.026  12.630  22.523 0.1000000015
83796  -41.280  12.503  14.169 0.3000000119
86895  -45.777  16.553  29.162 0.1000000015
125714  -45.052  16.769  27.795 0.1000000015
86218  -44.357  15.029  23.986 0.1000000015
82896  -39.694  11.980  17.790 0.2000000030
84666  -39.055  13.021  17.179 0.2000000030
84678  -39.902  14.362  15.774 0.2000000030
85492  -40.711  14.797  15.232 0.3000000119
86265  -41.498  15.202  14.857 0.3000000119
86982  -45.195  17.036  14.068 0.5000000000
86936  -46.045  15.829  24.640 0.1000000015
85441  -45.855  13.976  23.251 0.1000000015
86212  -46.083  15.185  24.080 0.1000000015
85450  -46.496  13.275  22.666 0.1000000015
86226  -47.648  14.161  22.847 0.1000000015
85459  -46.148  14.032  20.015 0.1000000015
84652  -42.391  13.269  19.332 0.1000000015
83763  -40.685  12.358  18.995 0.1000000015
141388  -40.744  13.036  19.287 0.1000000015
84660  -38.693  13.702  18.444 0.2000000030
134516  -38.813  13.148  18.055 0.2000000030
126916  -40.624  16.988  15.957 0.2000000030
86977  -41.631  16.454  15.306 0.3000000119
86979  -43.169  16.952  14.831 0.5000000000
86939  -48.735  15.342  23.487 0.1000000015
86230  -48.362  15.070  21.046 0.1000000015
85461  -47.007  14.818  20.339 0.1000000015
86947  -49.703  16.236  21.777 0.1000000015
86956  -47.151  16.353  20.150 0.1000000015
87650  -49.948  17.635  21.144 0.1000000015
86250  -43.633  14.681  19.631 0.1000000015
88410  -43.566  18.503  15.336 0.5000000000
87668  -47.845  16.950  20.203 0.1000000015
136805  -43.973  15.308  19.798 0.1000000015
82065  -51.256  10.908  16.471 0.1000000015
81273  -49.959  9.953  16.510 0.1000000015
82064  -50.505  10.706  16.187 0.1000000015
82914  -51.013  11.148  15.770 0.1000000015
82063  -49.101  10.142  15.947 0.1000000015
119031  -49.867  10.509  15.910 0.1000000015
82075  -50.330  10.808  15.496 0.1000000015
82915  -51.719  11.375  16.054 0.1000000015
117845  -47.839  9.973  14.978 0.1000000015
130219  -48.716  10.225  15.170 0.1000000015
82074  -49.561  10.510  15.327 0.1000000015
82923  -50.108  10.693  14.878 0.1000000015
82924  -50.864  11.027  15.125 0.1000000015
81280  -47.277  9.636  15.444 0.1000000015
82073  -46.872  9.815  14.793 0.1000000015
82085  -48.366  10.028  14.547 0.1000000015
135141  -49.257  10.325  14.606 0.1000000015
82086  -49.955  10.401  14.349 0.1000000015
82933  -50.746  10.652  14.435 0.1000000015
82934  -51.531  10.993  14.771 0.1000000015
82945  -51.518  10.590  14.172 0.1000000015
135995  -46.919  9.850  14.230 0.1000000015
82084  -47.563  9.877  14.399 0.1000000015
82095  -48.002  9.803  13.956 0.1000000015
120054  -48.712  9.956  14.115 0.1000000015
82096  -49.394  9.992  13.849 0.1000000015
82098  -51.075  10.306  13.757 0.1000000015
82093  -46.461  9.864  13.716 0.1000000015
82094  -47.254  9.797  13.848 0.1000000015
118198  -47.598  9.575  13.250 0.1000000015
128703  -48.481  9.626  13.409 0.1000000015
82108  -49.931  9.693  13.144 0.1000000015
82109  -50.656  9.948  13.316 0.1000000015
82110  -51.258  9.939  13.144 0.1000000015
82962  -45.781  10.115  12.641 0.1000000015
124611  -46.783  9.679  13.049 0.1000000015
82107  -47.136  9.629  12.345 0.1000000015
81293  -48.615  9.316  12.454 0.1000000015
137304  -49.155  9.567  13.074 0.1000000015
135858  -51.830  9.684  12.447 0.1000000015
82111  -52.806  10.023  12.743 0.1000000015
82123  -46.635  10.336  11.358 0.1000000015
81292  -47.878  9.405  12.493 0.1000000015
82126  -49.471  9.132  12.065 0.1000000015
82127  -50.714  9.374  12.232 0.1000000015
82129  -52.538  9.658  11.664 0.1000000015
137188  -47.434  10.501  10.514 0.1000000015
81311  -48.494  9.734  10.607 0.1000000015
81304  -49.125  9.294  10.907 0.1000000015
119173  -49.887  9.168  10.899 0.1000000015
118300  -50.747  9.202  10.900 0.1000000015
82128  -51.593  9.350  11.337 0.1000000015
82141  -51.275  9.351  10.260 0.1000000015
82142  -52.338  9.545  10.473 0.1000000015
82055  -51.609  10.462  17.175 0.1000000015
82054  -50.836  10.221  16.867 0.1000000015
82066  -52.007  11.134  16.744 0.1000000015
81272  -49.215  9.515  16.519 0.1000000015
82906  -52.692  11.363  17.057 0.1000000015
81270  -47.636  9.264  16.085 0.1000000015
81271  -48.494  9.433  16.280 0.1000000015
123317  -52.189  11.495  15.674 0.1000000015
81281  -48.183  9.854  15.617 0.1000000015
82946  -52.251  10.739  14.278 0.1000000015
82083  -46.218  9.865  14.283 0.1000000015
82100  -52.940  10.486  13.615 0.1000000015
122094  -53.106  9.818  11.034 0.1000000015
82130  -53.526  10.107  11.882 0.1000000015
82143  -53.287  9.996  10.186 0.1000000015
81260  -52.031  9.932  17.842 0.1000000015
82047  -52.746  10.234  18.173 0.1000000015
82057  -53.024  10.994  17.765 0.1000000015
81258  -50.458  9.434  17.263 0.1000000015
81259  -51.261  9.696  17.550 0.1000000015
82907  -53.353  11.612  17.312 0.1000000015
80313  -48.016  8.682  16.654 0.1000000015
80303  -49.280  8.363  17.476 0.1000000015
81257  -49.661  9.101  17.025 0.1000000015
82917  -53.106  11.714  16.715 0.1000000015
82916  -52.516  11.582  16.298 0.1000000015
80312  -47.106  8.603  16.543 0.1000000015
80314  -48.856  8.841  16.847 0.1000000015
81279  -46.321  9.516  15.450 0.1000000015
82935  -52.379  11.306  15.019 0.1000000015
133209  -45.845  9.728  14.926 0.1000000015
117531  -53.111  10.974  14.373 0.1000000015
82112  -53.627  10.351  12.897 0.1000000015
133825  -53.720  10.160  10.930 0.1000000015
77812  -61.338  5.479  5.718 0.1000000015
83754  -56.347  13.182  21.097 0.1000000015
81249  -52.433  9.452  18.579 0.1000000015
81250  -53.203  9.803  18.898 0.1000000015
82039  -53.882  10.288  19.176 0.1000000015
82040  -54.511  10.773  19.453 0.1000000015
80295  -51.993  8.673  19.003 0.1000000015
81248  -51.660  9.199  18.246 0.1000000015
82049  -54.172  11.027  18.709 0.1000000015
80294  -51.264  8.548  18.591 0.1000000015
82899  -53.722  11.356  18.012 0.1000000015
123416  -48.849  7.637  18.019 0.1000000015
80292  -49.736  7.980  18.118 0.1000000015
80293  -50.517  8.290  18.356 0.1000000015
80305  -50.908  8.936  17.914 0.1000000015
80302  -48.413  8.143  17.284 0.1000000015
83784  -53.746  12.100  16.827 0.1000000015
83783  -53.269  11.872  16.218 0.1000000015
82926  -52.863  11.656  15.632 0.1000000015
81268  -45.751  9.138  16.090 0.1000000015
82927  -53.341  11.486  15.041 0.1000000015
82936  -53.949  11.258  14.410 0.1000000015
82963  -54.335  10.693  12.984 0.1000000015
82131  -54.277  10.536  11.370 0.1000000015
78621  -61.965  6.839  6.389 0.1000000015
77811  -60.647  5.568  5.462 0.1000000015
76994  -60.052  4.922  5.409 0.1000000015
77799  -59.450  6.226  5.611 0.1000000015
134594  -48.677  0.206  30.315 0.1000000015
73329  -49.230  0.575  30.462 0.1000000015
74340  -49.497  1.243  30.006 0.1000000015
74341  -50.134  1.622  30.339 0.1000000015
75222  -50.336  2.226  29.863 0.1000000015
76027  -50.495  2.795  29.297 0.1000000015
76813  -53.175  4.822  28.806 0.1000000015
77590  -53.854  5.150  28.374 0.1000000015
77592  -55.898  5.968  28.863 0.1000000015
78398  -56.650  6.844  28.196 0.1000000015
79263  -56.801  7.438  27.808 0.1000000015
76028  -51.169  3.345  29.391 0.1000000015
131221  -52.476  4.672  28.054 0.1000000015
134218  -56.986  7.991  27.221 0.1000000015
81182  -56.896  10.123  26.017 0.1000000015
81991  -56.741  10.972  26.381 0.1000000015
79251  -47.455  7.721  28.330 0.1000000015
81998  -56.810  11.909  26.345 0.1000000015
80267  -52.882  8.294  21.771 0.1000000015
123245  -53.234  8.643  21.030 0.1000000015
81224  -53.592  8.997  21.630 0.1000000015
81230  -53.734  9.230  20.775 0.1000000015
82020  -54.786  10.517  21.009 0.1000000015
79262  -46.840  8.692  27.950 0.1000000015
81231  -54.279  9.920  20.504 0.1000000015
82884  -55.662  12.136  21.241 0.1000000015
80275  -52.607  8.208  20.797 0.1000000015
80276  -53.110  8.785  20.251 0.1000000015
81242  -53.640  9.549  19.801 0.1000000015
81243  -54.237  10.158  19.807 0.1000000015
82029  -55.232  11.264  20.698 0.1000000015
84656  -56.303  13.676  18.871 0.1000000015
80286  -51.621  8.091  19.559 0.1000000015
82893  -54.826  11.510  19.074 0.1000000015
79350  -50.383  7.398  19.513 0.1000000015
79351  -51.086  7.568  19.873 0.1000000015
82900  -54.515  11.865  18.229 0.1000000015
79360  -49.436  7.502  18.577 0.1000000015
80285  -50.949  7.938  19.063 0.1000000015
82908  -53.959  11.881  17.528 0.1000000015
79369  -47.907  7.521  17.736 0.1000000015
79348  -48.893  7.122  18.741 0.1000000015
83785  -54.475  12.488  16.600 0.1000000015
84670  -58.458  14.531  17.669 0.1000000015
79367  -46.061  7.505  17.609 0.1000000015
80300  -46.573  8.022  17.057 0.1000000015
80301  -47.511  8.040  17.118 0.1000000015
83791  -54.486  12.324  15.779 0.1000000015
80299  -45.638  8.121  17.154 0.1000000015
80311  -46.157  8.599  16.542 0.1000000015
83790  -53.655  11.882  15.669 0.1000000015
82928  -58.602  11.729  15.502 0.1000000015
82088  -59.074  10.372  14.215 0.1000000015
83797  -54.200  11.735  15.080 0.1000000015
82101  -59.281  10.579  13.414 0.1000000015
81287  -60.057  9.121  13.135 0.1000000015
124678  -54.515  11.144  13.709 0.1000000015
81294  -59.747  9.909  12.865 0.1000000015
81295  -60.396  9.308  12.464 0.1000000015
82965  -55.344  11.527  12.547 0.1000000015
81305  -60.857  9.502  11.681 0.1000000015
80367  -62.523  8.614  8.677 0.1000000015
79457  -61.960  7.582  6.090 0.1000000015
78630  -61.586  6.961  5.780 0.1000000015
78639  -60.296  6.283  5.500 0.1000000015
75120  -50.971  2.081  37.815 0.1000000015
75107  -50.400  1.901  38.391 0.1000000015
135419  -51.154  1.075  37.867 0.1000000015
73228  -50.874  0.662  37.790 0.1000000015
72303  -49.989  -0.019  36.583 0.1000000015
72315  -49.277  -0.456  35.219 0.1000000015
75132  -50.720  2.589  37.212 0.1000000015
75148  -50.483  2.892  36.418 0.1000000015
71442  -48.497  -0.801  33.521 0.1000000015
75967  -50.298  3.216  35.513 0.1000000015
72338  -48.605  -0.473  31.458 0.1000000015
75968  -50.957  3.720  35.149 0.1000000015
72339  -49.209  -0.173  31.599 0.1000000015
73321  -49.894  0.953  30.765 0.1000000015
76778  -50.654  4.782  32.611 0.1000000015
137900  -50.579  5.179  31.978 0.1000000015
76777  -49.936  4.593  31.912 0.1000000015
76785  -50.283  5.388  31.216 0.1000000015
76018  -51.794  3.371  30.240 0.1000000015
77572  -49.739  5.553  30.451 0.1000000015
76029  -51.879  3.962  29.445 0.1000000015
77593  -56.325  6.424  28.527 0.1000000015
80218  -56.743  8.798  27.076 0.1000000015
77580  -49.304  5.805  29.854 0.1000000015
78379  -48.481  6.410  29.010 0.1000000015
133081  -56.909  9.264  26.399 0.1000000015
81181  -56.528  10.115  26.975 0.1000000015
137203  -56.506  11.331  26.854 0.1000000015
78389  -48.022  6.912  28.640 0.1000000015
83719  -57.258  13.057  24.981 0.1000000015
82850  -57.116  12.521  25.729 0.1000000015
83718  -56.809  13.102  25.644 0.1000000015
80201  -47.380  9.370  27.522 0.1000000015
119127  -46.701  9.628  27.256 0.1000000015
80215  -47.213  9.877  26.512 0.1000000015
79328  -52.141  7.686  21.433 0.1000000015
79337  -51.125  7.298  20.562 0.1000000015
79338  -51.797  7.732  20.461 0.1000000015
79327  -51.416  7.255  21.218 0.1000000015
79361  -50.120  7.668  18.785 0.1000000015
78475  -50.723  6.895  21.003 0.1000000015
79359  -48.206  7.091  18.392 0.1000000015
78487  -49.381  6.665  19.964 0.1000000015
79336  -50.552  7.110  20.265 0.1000000015
79368  -46.992  7.467  17.604 0.1000000015
79358  -47.387  7.000  18.207 0.1000000015
78495  -48.385  6.742  18.921 0.1000000015
129227  -58.680  12.644  15.905 0.1000000015
83792  -55.362  12.731  15.558 0.1000000015
82938  -58.873  12.586  15.041 0.1000000015
82939  -58.994  11.340  13.948 0.1000000015
83806  -55.308  12.022  14.376 0.1000000015
130706  -59.260  11.582  13.205 0.1000000015
82114  -59.529  10.893  12.606 0.1000000015
82115  -60.108  10.260  11.992 0.1000000015
135835  -59.770  11.180  11.940 0.1000000015
82133  -61.383  9.792  10.853 0.1000000015
82979  -59.939  11.888  11.551 0.1000000015
82145  -60.958  10.774  10.718 0.1000000015
128513  -61.966  9.667  10.219 0.1000000015
82146  -61.699  10.555  10.059 0.1000000015
82147  -62.231  9.943  9.595 0.1000000015
80380  -62.482  8.710  7.800 0.1000000015
80379  -62.208  8.772  7.151 0.1000000015
135029  -62.365  8.171  7.230 0.1000000015
80378  -61.820  8.867  6.798 0.1000000015
79456  -61.305  7.621  5.793 0.1000000015
81325  -56.977  8.963  8.262 0.1000000015
78629  -60.817  6.963  5.596 0.1000000015
80376  -59.505  9.184  7.625 0.1000000015
79443  -59.723  8.259  6.974 0.1000000015
80391  -60.859  8.200  6.156 0.1000000015
78628  -59.841  6.831  5.716 0.1000000015
79455  -60.344  7.561  5.966 0.1000000015
74234  -51.414  1.616  37.443 0.1000000015
73229  -51.372  0.952  37.301 0.1000000015
72316  -50.518  0.199  36.085 0.1000000015
135807  -49.788  -0.195  35.811 0.1000000015
122153  -50.085  -0.102  35.273 0.1000000015
75121  -51.448  2.316  37.186 0.1000000015
74251  -52.006  2.148  36.732 0.1000000015
71443  -48.942  -0.594  34.022 0.1000000015
72323  -49.540  -0.382  34.579 0.1000000015
75941  -51.791  2.757  36.609 0.1000000015
75951  -51.220  3.311  36.115 0.1000000015
75952  -52.068  3.310  36.096 0.1000000015
72335  -48.940  -0.538  32.299 0.1000000015
72340  -49.844  -0.011  32.121 0.1000000015
75969  -51.675  3.727  35.615 0.1000000015
73322  -50.283  0.690  31.545 0.1000000015
74326  -50.569  1.388  31.072 0.1000000015
76749  -50.881  4.128  34.280 0.1000000015
76767  -51.483  4.730  34.036 0.1000000015
74342  -50.799  2.069  30.580 0.1000000015
75223  -50.996  2.728  30.026 0.1000000015
77565  -50.949  5.748  31.768 0.1000000015
139765  -50.296  5.938  30.612 0.1000000015
123064  -52.412  3.966  30.073 0.1000000015
76814  -54.350  5.143  29.204 0.1000000015
77581  -55.270  5.521  29.062 0.1000000015
77583  -56.178  6.313  29.316 0.1000000015
79255  -56.594  7.222  28.609 0.1000000015
80203  -56.704  8.229  27.813 0.1000000015
78380  -49.216  6.486  29.348 0.1000000015
128251  -49.471  7.274  29.034 0.1000000015
76812  -52.191  4.404  28.759 0.1000000015
81161  -56.052  9.504  28.358 0.1000000015
81168  -56.417  9.182  27.750 0.1000000015
78390  -48.808  7.113  28.785 0.1000000015
79253  -49.220  8.057  28.609 0.1000000015
140312  -56.168  10.134  27.802 0.1000000015
82830  -56.364  12.076  26.824 0.1000000015
80190  -47.721  8.615  28.079 0.1000000015
79252  -48.299  7.856  28.449 0.1000000015
80261  -53.344  8.850  22.445 0.1000000015
81218  -53.882  9.514  22.308 0.1000000015
81219  -54.430  10.278  22.307 0.1000000015
82015  -55.034  11.248  22.356 0.1000000015
83717  -56.130  13.028  25.830 0.1000000015
119857  -48.026  9.180  27.718 0.1000000015
80191  -48.517  8.712  28.144 0.1000000015
81209  -53.990  10.097  23.084 0.1000000015
82009  -54.376  10.945  23.600 0.1000000015
81165  -47.995  9.678  27.085 0.1000000015
80251  -53.113  8.919  23.241 0.1000000015
79292  -47.229  8.565  25.327 0.1000000015
80230  -46.673  9.539  25.877 0.1000000015
80216  -48.123  9.720  26.308 0.1000000015
80260  -52.751  8.330  22.755 0.1000000015
81207  -52.796  9.200  23.988 0.1000000015
78451  -48.401  5.862  22.684 0.1000000015
78439  -48.722  6.249  23.412 0.1000000015
131430  -48.260  6.647  24.184 0.1000000015
79303  -47.858  7.467  24.851 0.1000000015
80232  -48.468  9.198  25.651 0.1000000015
79321  -52.266  7.772  22.350 0.1000000015
80250  -52.476  8.498  23.558 0.1000000015
127395  -51.631  7.286  22.081 0.1000000015
79310  -51.710  7.511  22.954 0.1000000015
120157  -49.189  6.416  20.624 0.1000000015
78474  -49.936  6.669  20.659 0.1000000015
79326  -50.924  6.878  21.830 0.1000000015
79320  -51.068  7.024  22.718 0.1000000015
78492  -45.987  6.527  18.721 0.1000000015
77682  -46.835  5.734  20.047 0.1000000015
78472  -47.805  5.921  20.262 0.1000000015
125385  -48.141  6.396  19.455 0.1000000015
122870  -48.659  6.348  20.104 0.1000000015
83787  -58.779  13.672  16.394 0.1000000015
79365  -44.347  7.946  18.167 0.1000000015
79356  -45.586  7.102  18.234 0.1000000015
78485  -47.330  6.167  19.411 0.1000000015
78494  -47.751  6.605  18.812 0.1000000015
84674  -55.964  13.362  16.107 0.1000000015
82949  -59.175  12.989  14.317 0.1000000015
133563  -58.950  12.082  14.375 0.1000000015
79366  -45.169  7.675  17.786 0.1000000015
82950  -59.178  12.293  13.768 0.1000000015
123330  -59.381  12.484  13.131 0.1000000015
82978  -59.557  11.998  12.399 0.1000000015
82991  -60.484  11.697  10.842 0.1000000015
80377  -60.854  9.034  6.795 0.1000000015
81337  -60.309  9.882  7.476 0.1000000015
73246  -51.448  0.730  36.404 0.1000000015
73267  -50.953  0.369  35.447 0.1000000015
73247  -51.864  1.376  36.789 0.1000000015
126066  -52.065  1.161  36.176 0.1000000015
72324  -50.425  0.046  34.599 0.1000000015
72333  -50.833  0.232  33.867 0.1000000015
75942  -52.242  2.755  36.290 0.1000000015
72331  -49.837  -0.283  33.772 0.1000000015
73299  -51.716  0.752  34.016 0.1000000015
75953  -52.652  3.203  35.748 0.1000000015
71448  -49.114  -0.562  33.466 0.1000000015
72332  -50.376  0.006  33.018 0.1000000015
73311  -51.465  1.026  32.564 0.1000000015
74317  -51.613  1.514  32.086 0.1000000015
76751  -52.538  4.449  34.965 0.1000000015
77532  -52.115  4.842  34.492 0.1000000015
73310  -50.708  0.531  32.366 0.1000000015
73323  -51.000  1.151  31.826 0.1000000015
74328  -52.107  2.031  32.012 0.1000000015
76738  -52.337  3.843  35.516 0.1000000015
77547  -52.174  5.483  33.827 0.1000000015
74327  -51.333  1.898  31.406 0.1000000015
75202  -51.938  2.454  31.432 0.1000000015
75213  -52.247  3.033  31.105 0.1000000015
76750  -51.688  4.281  34.926 0.1000000015
76779  -51.318  5.060  33.194 0.1000000015
75212  -51.490  2.601  30.798 0.1000000015
76019  -52.709  3.659  30.747 0.1000000015
77559  -51.649  5.620  32.967 0.1000000015
76792  -53.165  4.242  30.363 0.1000000015
76803  -54.654  4.999  30.216 0.1000000015
77582  -55.786  5.818  29.779 0.1000000015
77558  -51.116  5.398  32.458 0.1000000015
78364  -50.795  6.103  31.072 0.1000000015
78374  -51.203  6.756  30.877 0.1000000015
78373  -50.612  6.493  30.438 0.1000000015
76802  -53.687  4.677  29.807 0.1000000015
137789  -55.164  5.375  29.794 0.1000000015
79248  -56.361  7.172  29.245 0.1000000015
80195  -55.959  8.767  28.903 0.1000000015
78372  -49.947  6.284  29.993 0.1000000015
78381  -49.977  6.999  29.475 0.1000000015
79246  -50.605  7.432  29.641 0.1000000015
79254  -50.092  7.816  29.062 0.1000000015
125903  -50.039  8.613  28.562 0.1000000015
81970  -55.819  10.595  28.299 0.1000000015
80192  -49.301  9.008  28.121 0.1000000015
120442  -53.505  10.769  24.821 0.1000000015
82841  -56.190  12.702  26.522 0.1000000015
80202  -48.659  9.371  27.555 0.1000000015
81208  -53.379  9.647  23.599 0.1000000015
82005  -54.196  11.248  24.443 0.1000000015
82861  -54.880  11.810  24.054 0.1000000015
81166  -49.512  9.597  27.376 0.1000000015
79293  -48.880  8.410  25.093 0.1000000015
81177  -48.737  9.743  26.837 0.1000000015
81202  -53.088  10.001  24.398 0.1000000015
78430  -49.077  6.780  24.026 0.1000000015
141409  -48.533  7.768  24.881 0.1000000015
80244  -52.084  8.831  24.286 0.1000000015
126168  -49.053  6.153  22.681 0.1000000015
79309  -50.455  6.903  23.334 0.1000000015
122836  -51.089  7.410  23.513 0.1000000015
80249  -51.729  8.023  23.789 0.1000000015
79311  -52.235  7.947  23.113 0.1000000015
77673  -47.812  5.698  21.135 0.1000000015
78461  -48.873  6.040  21.948 0.1000000015
78462  -49.387  6.355  21.331 0.1000000015
78463  -50.155  6.613  21.565 0.1000000015
78441  -50.322  6.645  22.472 0.1000000015
84682  -58.814  14.499  15.978 0.1000000015
85490  -58.342  14.926  16.383 0.1000000015
85494  -57.983  15.097  15.890 0.1000000015
78484  -46.433  6.091  19.342 0.1000000015
78473  -48.570  6.036  21.030 0.1000000015
125234  -56.683  13.816  15.118 0.1000000015
83801  -59.240  13.734  14.830 0.1000000015
84689  -59.074  14.485  15.159 0.1000000015
85495  -58.488  15.005  15.441 0.1000000015
78493  -46.903  6.518  18.732 0.1000000015
84687  -57.135  14.164  14.626 0.1000000015
83802  -59.429  13.852  14.239 0.1000000015
84690  -59.298  14.454  14.428 0.1000000015
83809  -59.436  13.385  13.584 0.1000000015
84696  -59.459  14.371  13.796 0.1000000015
85508  -59.303  14.770  13.310 0.1000000015
83821  -59.582  13.255  12.674 0.1000000015
84709  -59.574  14.254  13.058 0.1000000015
84719  -59.659  14.173  12.085 0.1000000015
73268  -51.824  0.841  35.592 0.1000000015
73248  -52.352  1.722  36.241 0.1000000015
75149  -52.536  2.410  36.075 0.1000000015
72325  -51.351  0.523  34.732 0.1000000015
75150  -53.047  2.608  35.487 0.1000000015
73300  -52.502  1.314  34.141 0.1000000015
73312  -51.986  1.122  33.344 0.1000000015
76739  -52.970  3.991  35.245 0.1000000015
74318  -52.150  1.574  32.684 0.1000000015
75203  -52.637  2.675  31.858 0.1000000015
75204  -53.459  3.052  32.411 0.1000000015
77533  -52.753  5.076  34.526 0.1000000015
76009  -53.974  3.725  32.029 0.1000000015
76010  -54.386  4.376  31.572 0.1000000015
78343  -52.168  6.114  33.067 0.1000000015
136301  -52.093  6.417  32.628 0.1000000015
76020  -53.597  3.995  31.204 0.1000000015
76794  -54.886  4.894  31.056 0.1000000015
76787  -55.202  5.345  31.185 0.1000000015
78365  -51.386  6.401  31.597 0.1000000015
79234  -51.818  7.105  31.437 0.1000000015
77574  -55.671  5.860  30.567 0.1000000015
79244  -56.072  7.098  29.869 0.1000000015
80186  -55.884  8.040  29.526 0.1000000015
79242  -51.564  7.476  30.678 0.1000000015
81160  -55.584  9.877  28.957 0.1000000015
81979  -55.549  11.438  28.030 0.1000000015
136154  -50.426  8.333  28.951 0.1000000015
82840  -54.767  12.271  26.876 0.1000000015
82828  -55.069  11.989  27.712 0.1000000015
82829  -55.854  12.090  27.313 0.1000000015
81158  -50.046  9.300  28.065 0.1000000015
81997  -54.040  11.504  25.337 0.1000000015
83701  -55.550  12.406  27.005 0.1000000015
81996  -53.381  11.050  25.563 0.1000000015
82856  -54.863  12.190  25.008 0.1000000015
82849  -54.681  12.289  25.995 0.1000000015
81190  -49.687  9.575  25.998 0.1000000015
81178  -49.382  9.728  26.612 0.1000000015
81194  -52.769  10.418  25.311 0.1000000015
137089  -49.258  7.596  24.571 0.1000000015
80233  -49.272  9.108  25.491 0.1000000015
80217  -48.924  9.622  26.149 0.1000000015
81193  -51.981  9.928  25.519 0.1000000015
81201  -52.390  9.610  24.733 0.1000000015
139374  -48.600  7.202  24.528 0.1000000015
80243  -51.274  8.599  24.528 0.1000000015
134964  -50.507  7.375  23.911 0.1000000015
79304  -50.887  7.909  24.182 0.1000000015
78452  -49.576  6.353  22.188 0.1000000015
85500  -57.323  14.560  15.442 0.1000000015
85501  -57.938  14.979  14.835 0.1000000015
85502  -58.752  15.056  14.470 0.1000000015
84688  -57.579  14.538  14.101 0.1000000015
85507  -58.894  15.088  13.570 0.1000000015
85518  -58.350  14.857  13.058 0.1000000015
85519  -59.074  14.969  12.690 0.1000000015
85520  -59.374  14.638  12.630 0.1000000015
73269  -52.405  1.359  35.606 0.1000000015
74272  -52.796  1.943  35.624 0.1000000015
73282  -52.174  1.030  34.856 0.1000000015
74273  -53.144  2.157  35.124 0.1000000015
74287  -52.856  1.654  34.912 0.1000000015
75167  -53.417  2.656  34.821 0.1000000015
121694  -52.725  1.687  33.457 0.1000000015
75954  -53.279  3.365  35.144 0.1000000015
75180  -53.610  2.581  34.081 0.1000000015
76752  -53.552  4.158  34.638 0.1000000015
75971  -54.138  3.984  33.900 0.1000000015
75999  -54.077  3.554  32.841 0.1000000015
76000  -54.443  4.251  32.334 0.1000000015
76780  -54.647  4.784  32.526 0.1000000015
131880  -53.062  4.574  34.826 0.1000000015
77534  -53.366  5.007  34.420 0.1000000015
76768  -53.921  4.660  34.091 0.1000000015
77567  -55.019  5.241  31.831 0.1000000015
77568  -55.309  5.665  31.294 0.1000000015
77548  -53.039  5.754  34.171 0.1000000015
78344  -52.767  6.285  33.596 0.1000000015
78345  -53.388  6.282  33.641 0.1000000015
78346  -54.129  6.155  33.301 0.1000000015
78368  -55.464  6.373  31.117 0.1000000015
79236  -55.115  7.346  31.378 0.1000000015
78357  -52.595  6.790  32.919 0.1000000015
79227  -53.184  7.317  32.886 0.1000000015
79228  -53.856  7.498  32.686 0.1000000015
79237  -55.660  7.099  30.578 0.1000000015
80180  -55.432  8.413  30.179 0.1000000015
121019  -55.577  9.068  29.457 0.1000000015
80169  -52.866  8.194  31.757 0.1000000015
79247  -51.253  7.824  29.953 0.1000000015
80176  -51.928  8.250  30.444 0.1000000015
80185  -52.323  8.932  30.204 0.1000000015
81969  -55.328  10.889  28.738 0.1000000015
80184  -51.562  8.705  29.587 0.1000000015
81152  -52.392  9.615  29.565 0.1000000015
80194  -51.480  9.422  28.821 0.1000000015
82848  -53.829  11.584  26.299 0.1000000015
82824  -55.027  11.459  28.422 0.1000000015
81179  -50.173  9.788  26.704 0.1000000015
81159  -51.317  9.881  28.114 0.1000000015
117551  -52.925  10.931  26.120 0.1000000015
81990  -53.200  11.144  26.872 0.1000000015
80234  -50.052  9.067  25.338 0.1000000015
81975  -50.996  10.044  27.002 0.1000000015
81976  -51.731  10.352  27.161 0.1000000015
81995  -52.274  10.513  26.018 0.1000000015
79308  -49.870  7.070  23.958 0.1000000015
80241  -49.668  8.415  24.911 0.1000000015
81191  -50.464  9.543  25.851 0.1000000015
81192  -51.235  9.640  25.697 0.1000000015
119944  -50.119  7.789  24.396 0.1000000015
80242  -50.463  8.491  24.744 0.1000000015
80235  -50.840  9.114  25.172 0.1000000015
81200  -51.630  9.292  24.972 0.1000000015
85468  -38.775  15.111  19.432 0.1000000015
85482  -38.818  14.613  16.988 0.1000000015
86253  -38.516  15.598  18.906 0.1000000015
86256  -38.667  15.267  17.469 0.1000000015
86973  -39.333  16.436  16.731 0.1000000015
86971  -38.803  15.987  17.215 0.1000000015
87684  -39.995  17.360  16.434 0.1000000015
88403  -39.566  18.223  16.886 0.2000000030
88404  -40.382  18.325  16.419 0.2000000030
88405  -41.223  18.460  16.035 0.2000000030
89161  -42.417  19.052  15.738 0.3000000119
89151  -40.304  19.924  16.820 0.2000000030
131666  -40.773  19.207  16.421 0.2000000030
89155  -41.714  19.308  16.056 0.2000000030
89156  -42.494  19.748  15.957 0.2000000030
89157  -43.213  20.088  15.929 0.3000000119
89887  -44.582  19.984  15.783 0.3000000119
86322  -46.608  15.750  7.100 0.1000000015
75986  -54.351  4.074  33.107 0.1000000015
77561  -55.005  5.925  31.979 0.1000000015
76769  -54.309  4.690  33.424 0.1000000015
77550  -54.454  5.395  33.083 0.1000000015
127060  -54.607  5.892  32.719 0.1000000015
78367  -54.933  6.761  31.870 0.1000000015
78359  -54.431  6.699  32.651 0.1000000015
79229  -54.462  7.521  32.136 0.1000000015
80171  -54.506  8.293  31.513 0.1000000015
80179  -54.823  8.802  30.695 0.1000000015
80163  -53.991  8.089  32.216 0.1000000015
80178  -54.140  9.110  31.076 0.1000000015
81146  -54.470  9.585  30.444 0.1000000015
81154  -54.770  10.021  29.893 0.1000000015
81155  -55.253  9.758  29.549 0.1000000015
80170  -53.588  8.574  31.649 0.1000000015
81144  -53.018  9.426  30.453 0.1000000015
81153  -53.389  10.077  29.977 0.1000000015
81960  -54.488  10.494  29.602 0.1000000015
81961  -55.051  10.413  29.348 0.1000000015
81958  -52.972  10.405  29.162 0.1000000015
81959  -53.862  10.621  29.512 0.1000000015
81968  -54.572  11.017  29.021 0.1000000015
118322  -52.111  10.069  28.628 0.1000000015
81966  -52.698  10.586  28.263 0.1000000015
81978  -53.279  11.079  27.731 0.1000000015
82823  -54.287  11.468  28.224 0.1000000015
139599  -51.291  10.057  27.537 0.1000000015
81965  -51.895  10.307  27.867 0.1000000015
138814  -52.820  10.865  27.175 0.1000000015
82839  -54.051  11.706  27.347 0.1000000015
81988  -51.609  10.177  26.380 0.1000000015
81989  -52.392  10.673  26.715 0.1000000015
125710  -38.765  16.747  17.486 0.1000000015
89871  -42.572  20.534  16.254 0.3000000119
89872  -43.330  20.812  16.210 0.3000000119
89873  -44.696  20.739  16.118 0.3000000119
90551  -44.320  21.403  16.472 0.3000000119
138201  -44.661  21.836  16.773 0.3000000119
93343  -44.448  25.389  8.849 0.4000000060
93349  -44.728  25.702  7.489 0.5000000000
93350  -45.342  25.922  8.068 0.5000000000
93344  -45.045  25.730  9.534 0.5000000000
135881  -55.630  12.137  20.433 0.1000000015
137582  -55.459  12.123  19.576 0.1000000015
82901  -55.199  12.181  18.816 0.1000000015
125206  -54.766  10.579  21.719 0.1000000015
82021  -55.211  11.270  21.498 0.1000000015
83723  -56.233  13.168  24.334 0.1000000015
83772  -55.359  12.772  18.204 0.1000000015
82857  -55.427  12.563  24.438 0.1000000015
82871  -54.990  11.578  23.233 0.1000000015
84645  -57.017  14.525  20.258 0.1000000015
83778  -55.238  12.917  17.195 0.1000000015
85485  -58.271  14.927  17.298 0.1000000015
83711  -55.496  12.648  26.387 0.1000000015
85484  -58.058  15.122  17.788 0.1000000015
84676  -58.593  14.503  16.834 0.1000000015
85493  -57.404  14.737  16.338 0.1000000015
85479  -58.028  14.949  18.711 0.1000000015
85488  -57.448  14.871  17.286 0.1000000015
85489  -58.032  15.130  16.867 0.1000000015
84681  -56.653  13.965  15.825 0.1000000015
82992  -61.153  11.520  10.183 0.1000000015
81336  -58.449  9.195  8.049 0.1000000015
80364  -56.653  8.376  8.249 0.1000000015
83831  -59.798  12.956  11.809 0.1000000015
85529  -58.898  14.832  11.856 0.1000000015
140970  -54.752  10.938  11.430 0.1000000015
84694  -56.964  13.521  12.937 0.1000000015
84695  -57.582  14.374  13.357 0.1000000015
81303  -48.121  9.485  11.428 0.1000000015
138199  -48.770  9.250  11.484 0.1000000015
83798  -54.958  12.134  15.020 0.1000000015
84680  -56.112  13.216  15.303 0.1000000015
80310  -45.194  8.694  16.699 0.1000000015
124758  -44.750  8.313  17.411 0.1000000015
87685  -40.846  17.668  16.011 0.2000000030
86258  -39.054  15.452  16.777 0.1000000015
89162  -43.162  19.234  15.637 0.4000000060
89163  -43.863  19.682  15.686 0.4000000060
86246  -39.377  14.941  19.879 0.1000000015
138033  -38.544  15.024  18.954 0.1000000015
86255  -38.518  15.108  18.354 0.1000000015
82925  -51.594  11.282  15.406 0.1000000015
82097  -50.287  10.205  13.849 0.1000000015
82099  -51.971  10.259  13.501 0.1000000015
82124  -47.395  9.963  11.267 0.1000000015
82056  -52.341  10.702  17.464 0.1000000015
82048  -53.452  10.598  18.461 0.1000000015
80304  -50.115  8.645  17.661 0.1000000015
81269  -46.715  9.141  15.999 0.1000000015
82947  -53.767  10.758  13.695 0.1000000015
82113  -54.132  10.482  12.263 0.1000000015
78640  -61.162  6.267  5.576 0.1000000015
131114  -56.166  13.014  20.156 0.1000000015
83747  -56.203  12.880  21.730 0.1000000015
81241  -52.820  9.065  19.379 0.1000000015
82041  -55.115  11.324  19.879 0.1000000015
123132  -54.902  11.108  13.022 0.1000000015
82964  -54.731  10.937  12.154 0.1000000015
79444  -62.253  7.511  7.000 0.1000000015
126355  -49.581  0.324  31.230 0.1000000015
80196  -56.358  8.492  28.349 0.1000000015
82842  -56.666  12.570  26.212 0.1000000015
80287  -52.362  8.384  19.882 0.1000000015
81225  -54.246  9.798  21.470 0.1000000015
82028  -54.726  10.605  20.211 0.1000000015
82879  -55.616  12.177  22.011 0.1000000015
83741  -56.351  13.085  22.421 0.1000000015
83767  -55.885  12.884  19.219 0.1000000015
84662  -56.034  13.601  17.884 0.1000000015
79335  -50.003  6.926  19.921 0.1000000015
79349  -49.579  7.142  19.260 0.1000000015
83777  -54.516  12.366  17.402 0.1000000015
124521  -53.888  12.183  16.196 0.1000000015
83774  -58.466  13.945  18.025 0.1000000015
85480  -58.242  14.935  18.019 0.1000000015
83780  -58.584  13.733  17.243 0.1000000015
79357  -46.483  6.977  18.144 0.1000000015
82087  -58.771  11.248  14.796 0.1000000015
82937  -54.718  11.619  14.392 0.1000000015
129129  -60.271  10.989  11.363 0.1000000015
80393  -62.124  8.154  6.590 0.1000000015
118775  -50.779  0.901  38.340 0.1000000015
72304  -50.266  0.198  37.520 0.1000000015
132557  -50.820  0.452  37.004 0.1000000015
72302  -49.068  -0.464  36.003 0.1000000015
72314  -48.481  -0.725  35.168 0.1000000015
71447  -48.307  -0.927  32.868 0.1000000015
75984  -50.103  3.535  34.423 0.1000000015
136715  -50.338  3.952  33.669 0.1000000015
76766  -50.791  4.469  33.430 0.1000000015
78391  -56.471  6.746  28.966 0.1000000015
76801  -52.707  4.396  29.547 0.1000000015
129707  -55.783  12.976  25.120 0.1000000015
80231  -47.601  9.356  25.784 0.1000000015
78486  -48.848  6.715  19.383 0.1000000015
83793  -59.008  13.669  15.580 0.1000000015
81313  -62.330  9.128  9.988 0.1000000015
80392  -61.597  8.175  6.239 0.1000000015
72336  -49.518  -0.397  32.939 0.1000000015
78383  -56.224  6.612  29.580 0.1000000015
80187  -56.306  7.829  28.823 0.1000000015
81980  -56.155  11.239  27.549 0.1000000015
125798  -53.557  9.369  22.936 0.1000000015
122721  -54.565  10.770  22.909 0.1000000015
82872  -55.629  12.340  22.843 0.1000000015
82004  -53.730  10.437  23.976 0.1000000015
140484  -48.086  8.444  25.240 0.1000000015
77654  -48.124  5.711  21.838 0.1000000015
78491  -45.118  6.738  18.856 0.1000000015
84675  -56.620  14.182  16.678 0.1000000015
73298  -51.221  0.535  33.173 0.1000000015
75193  -52.891  2.263  32.732 0.1000000015
76008  -53.108  3.354  31.566 0.1000000015
76793  -54.103  4.510  30.719 0.1000000015
77573  -55.326  5.439  30.501 0.1000000015
78382  -56.040  6.178  29.900 0.1000000015
79241  -50.973  7.103  30.209 0.1000000015
81167  -50.547  9.728  27.591 0.1000000015
78440  -49.615  6.482  23.185 0.1000000015
85503  -59.212  14.829  13.925 0.1000000015
76786  -54.844  4.825  31.781 0.1000000015
78366  -52.009  6.697  32.165 0.1000000015
79235  -52.581  7.464  32.147 0.1000000015
78375  -55.930  6.451  30.217 0.1000000015
127235  -55.719  7.678  30.162 0.1000000015
79243  -52.257  7.855  31.233 0.1000000015
80183  -50.787  8.146  29.345 0.1000000015
80193  -50.793  8.781  28.817 0.1000000015
140063  -50.395  9.046  28.422 0.1000000015
118891  -50.735  9.410  28.305 0.1000000015
85506  -58.206  14.952  13.900 0.1000000015
74304  -53.160  1.876  34.160 0.1000000015
75970  -53.760  3.318  34.383 0.1000000015
75194  -53.658  2.821  33.248 0.1000000015
77549  -53.839  5.473  33.828 0.1000000015
79214  -53.096  6.813  33.365 0.1000000015
80177  -52.746  8.678  31.007 0.1000000015
81180  -50.890  9.824  26.336 0.1000000015
81977  -52.451  10.639  27.467 0.1000000015
86970  -38.529  15.999  18.028 0.1000000015
89886  -43.933  20.404  15.957 0.4000000060
136947  -53.488  9.129  30.990 0.1000000015
81145  -53.817  9.684  30.592 0.1000000015
81954  -54.175  10.206  30.128 0.1000000015
81967  -53.593  10.926  28.695 0.1000000015
134280  -43.964  20.984  16.212 0.3000000119
90550  -43.577  21.418  16.516 0.3000000119
82862  -55.561  12.508  23.703 0.1000000015
83729  -56.488  13.253  23.343 0.1000000015
83724  -56.978  13.527  24.041 0.1000000015
83768  -56.524  13.944  19.861 0.1000000015
84668  -55.926  13.529  16.947 0.1000000015
83786  -55.207  12.875  16.334 0.1000000015
84669  -56.669  14.370  17.615 0.1000000015
85483  -57.497  14.977  18.268 0.1000000015
84663  -56.778  14.505  18.599 0.1000000015
93375  -43.053  26.190  3.982 0.2000000030
135593  -43.733  26.164  4.607 0.2000000030
92713  -42.488  25.106  4.191 0.2000000030
122826  -43.081  25.341  4.884 0.2000000030
93365  -43.614  26.480  4.548 0.2000000030
127344  -48.311  27.608  14.353 0.2000000030
94016  -45.830  26.175  9.732 0.4000000060
93366  -44.273  26.493  5.123 0.2000000030
94044  -44.640  26.821  5.751 0.2000000030
93367  -44.587  26.234  5.683 0.2000000030
93357  -44.933  26.390  6.245 0.3000000119
93993  -47.304  26.657  13.790 0.2000000030
94664  -48.269  27.783  13.519 0.2000000030
94007  -46.666  26.538  9.957 0.3000000119
94018  -47.542  26.956  8.627 0.3000000119
127002  -45.834  26.118  8.632 0.4000000060
94663  -47.787  27.274  13.986 0.2000000030
93320  -46.977  25.948  13.858 0.2000000030
137797  -49.277  28.492  14.307 0.2000000030
92719  -41.870  24.603  3.715 0.2000000030
93380  -42.197  25.786  3.638 0.2000000030
95359  -48.800  28.210  13.922 0.2000000030
94036  -44.157  26.755  5.324 0.1000000015
92620  -43.732  24.846  20.559 0.1000000015
93268  -44.416  25.616  20.635 0.1000000015
93288  -44.353  25.134  20.697 0.1000000015
93287  -43.918  25.131  20.863 0.1000000015
93269  -44.666  25.245  20.634 0.1000000015
119390  -43.013  24.951  21.010 0.1000000015
93358  -45.399  26.546  6.857 0.3000000119
93944  -44.567  26.355  20.187 0.1000000015
93285  -41.613  25.615  20.277 0.1000000015
93286  -42.326  25.098  20.960 0.1000000015
133956  -43.148  25.391  20.786 0.1000000015
94713  -44.761  26.955  6.028 0.1000000015
94026  -46.131  26.733  7.494 0.1000000015
133305  -45.594  27.089  6.917 0.2000000030
94027  -47.058  27.250  7.714 0.1000000015
94037  -45.059  26.993  6.336 0.2000000030
94709  -46.384  27.383  7.282 0.1000000015
94043  -43.247  26.804  4.827 0.1000000015
94035  -43.264  26.994  6.087 0.1000000015
93374  -42.061  26.375  3.894 0.1000000015
94048  -42.872  26.473  4.088 0.1000000015
92718  -41.435  25.028  3.559 0.1000000015
93379  -41.830  25.938  3.606 0.1000000015
94052  -42.457  26.251  3.756 0.1000000015
92722  -41.051  24.212  3.338 0.1000000015
93942  -42.383  25.983  20.105 0.1000000015
119012  -43.180  26.351  19.838 0.1000000015
93945  -45.370  26.628  20.088 0.1000000015
94611  -48.242  27.461  20.462 0.1000000015
121534  -43.972  26.746  19.522 0.1000000015
94609  -45.860  27.168  19.641 0.1000000015
119473  -46.526  27.184  19.915 0.1000000015
94612  -49.149  27.732  20.689 0.2000000030
94017  -46.605  26.537  8.559 0.2000000030
94693  -48.365  27.317  9.026 0.1000000015
94680  -48.752  27.427  9.988 0.2000000030
94681  -49.144  27.960  10.191 0.2000000030
95388  -50.383  28.903  11.005 0.2000000030
94702  -47.220  27.767  7.473 0.1000000015
94028  -47.896  27.627  7.961 0.1000000015
94694  -48.905  27.875  9.310 0.1000000015
95401  -49.315  28.417  9.770 0.1000000015
95387  -49.643  28.458  10.618 0.1000000015
95375  -52.244  29.017  11.654 0.1000000015
95389  -51.301  29.131  11.192 0.1000000015
95412  -45.445  27.646  7.149 0.1000000015
94707  -45.336  27.105  6.640 0.2000000030
95402  -49.860  28.918  10.272 0.1000000015
121240  -52.019  29.217  11.079 0.1000000015
94706  -43.971  27.166  6.474 0.1000000015
96067  -51.447  29.556  10.689 0.1000000015
95292  -47.752  27.854  19.610 0.1000000015
140050  -45.399  27.119  19.520 0.1000000015
94008  -47.589  26.850  9.739 0.2000000030
94671  -49.337  28.168  10.992 0.2000000030
95409  -48.549  27.967  8.395 0.1000000015
95400  -48.985  28.451  8.952 0.1000000015
95374  -51.129  29.039  11.616 0.1000000015
95408  -47.944  28.039  7.823 0.1000000015
96068  -52.827  29.162  11.204 0.1000000015
95406  -46.425  28.287  7.659 0.1000000015
95407  -47.276  28.093  7.512 0.1000000015
95284  -51.170  28.176  21.270 0.2000000030
94619  -45.541  27.387  18.938 0.1000000015
94621  -47.033  27.591  19.515 0.1000000015
95293  -48.638  28.176  19.811 0.1000000015
95349  -50.094  28.874  15.372 0.1000000015
95356  -49.413  28.469  15.015 0.1000000015
96033  -50.757  29.424  14.913 0.1000000015
95357  -50.000  28.994  14.290 0.1000000015
95364  -48.940  28.321  12.985 0.1000000015
96034  -51.624  29.726  14.546 0.1000000015
95360  -49.497  28.654  13.524 0.1000000015
95361  -50.397  29.024  13.140 0.1000000015
96042  -50.972  29.423  13.849 0.1000000015
96043  -51.950  29.586  13.534 0.1000000015
96044  -52.931  29.712  13.245 0.1000000015
94679  -48.018  27.076  10.294 0.2000000030
120096  -53.723  29.687  12.988 0.1000000015
94670  -48.816  27.738  10.768 0.2000000030
95373  -50.055  28.641  11.468 0.1000000015
95368  -52.987  28.963  12.037 0.1000000015
95369  -54.223  28.847  11.978 0.1000000015
96086  -49.463  29.027  9.506 0.1000000015
95376  -53.483  28.854  11.740 0.1000000015
96050  -54.164  29.309  12.512 0.1000000015
96052  -55.733  28.513  12.064 0.1000000015
96095  -47.761  28.627  8.181 0.1000000015
96096  -48.477  28.526  8.420 0.1000000015
95377  -54.679  28.594  11.709 0.1000000015
95370  -55.442  28.401  11.831 0.1000000015
96066  -50.617  29.302  10.662 0.1000000015
96711  -53.239  29.722  10.565 0.1000000015
96069  -53.878  28.994  11.252 0.1000000015
95378  -55.749  28.149  11.550 0.1000000015
95302  -48.134  28.506  18.733 0.1000000015
95301  -47.223  28.036  18.717 0.1000000015
96005  -51.628  29.517  16.526 0.1000000015
96657  -52.139  29.956  16.096 0.1000000015
96020  -51.472  29.673  15.519 0.1000000015
96021  -52.271  30.042  15.288 0.1000000015
130128  -47.639  27.311  13.222 0.1000000015
96035  -52.549  29.981  14.289 0.1000000015
96036  -53.592  30.150  13.944 0.1000000015
96695  -54.290  30.389  13.944 0.1000000015
96696  -54.795  30.220  13.422 0.1000000015
117464  -48.243  27.580  11.542 0.1000000015
136922  -48.816  27.979  11.497 0.1000000015
95366  -50.816  28.941  12.168 0.1000000015
95367  -51.892  29.016  12.100 0.1000000015
96084  -48.135  29.496  8.899 0.1000000015
96085  -48.941  29.162  9.009 0.1000000015
96728  -49.421  29.988  9.680 0.1000000015
131655  -50.055  29.554  10.107 0.1000000015
128372  -50.844  29.991  10.322 0.1000000015
95305  -52.851  28.318  19.914 0.2000000030
95295  -50.633  28.680  20.634 0.1000000015
95296  -52.784  28.098  20.688 0.1000000015
95995  -52.064  29.302  17.755 0.1000000015
96670  -53.002  30.376  16.211 0.1000000015
96685  -53.208  30.417  15.176 0.1000000015
96686  -54.071  30.754  14.976 0.1000000015
97389  -55.212  31.827  14.767 0.1000000015
96687  -54.574  30.976  14.694 0.1000000015
95365  -49.823  28.668  12.486 0.1000000015
96688  -55.077  31.014  14.133 0.1000000015
95372  -49.252  28.286  11.927 0.1000000015
95294  -49.586  28.464  20.189 0.1000000015
95303  -49.144  28.786  19.193 0.1000000015
96006  -52.838  29.958  17.187 0.1000000015
96658  -54.219  30.546  17.452 0.1000000015
96659  -54.823  31.051  17.320 0.1000000015
96671  -54.109  30.796  16.225 0.1000000015
96672  -54.593  31.226  16.111 0.1000000015
97373  -54.926  31.551  15.884 0.1000000015
99580  -54.220  34.419  14.473 0.1000000015
98138  -55.296  32.551  14.370 0.1000000015
95976  -52.726  29.559  20.722 0.1000000015
95963  -53.150  29.066  20.930 0.1000000015
95297  -53.257  28.876  20.714 0.1000000015
95306  -53.462  29.140  20.160 0.1000000015
95984  -52.907  29.065  19.101 0.2000000030
95961  -51.597  28.731  21.037 0.2000000030
95975  -51.454  29.360  20.514 0.1000000015
95981  -48.744  29.142  18.244 0.1000000015
95974  -50.133  29.127  19.778 0.1000000015
95983  -50.693  29.752  19.387 0.1000000015
96619  -51.950  30.079  20.132 0.1000000015
96620  -52.973  30.125  20.390 0.1000000015
95977  -53.518  29.598  20.361 0.1000000015
95978  -54.179  30.033  19.988 0.1000000015
95996  -53.460  29.685  18.617 0.1000000015
95982  -49.639  29.432  18.751 0.1000000015
96635  -51.171  30.335  18.928 0.1000000015
95985  -53.863  29.683  19.801 0.1000000015
95994  -49.222  29.696  17.793 0.1000000015
96634  -50.100  30.005  18.304 0.1000000015
96643  -50.464  30.614  17.705 0.1000000015
96645  -54.042  30.207  18.282 0.1000000015
96642  -49.618  30.211  17.469 0.1000000015
96646  -54.619  30.660  18.660 0.1000000015
96641  -48.905  30.049  16.940 0.1000000015
97353  -54.967  31.478  18.088 0.1000000015
98105  -55.059  32.118  17.615 0.1000000015
97361  -55.220  32.163  16.357 0.1000000015
101374  -51.469  38.052  12.618 0.1000000015
100220  -51.512  36.511  13.045 0.1000000015
100790  -52.823  36.887  12.980 0.1000000015
98125  -55.227  32.592  15.530 0.1000000015
100789  -52.060  37.231  12.879 0.1000000015
100210  -53.480  35.652  13.583 0.1000000015
99579  -53.639  34.565  14.555 0.1000000015
98867  -55.102  33.228  14.994 0.1000000015
96636  -52.459  30.553  19.672 0.1000000015
96622  -54.209  30.513  19.459 0.1000000015
95986  -54.306  30.243  19.301 0.1000000015
96655  -49.501  30.681  16.693 0.1000000015
96656  -50.298  31.057  16.878 0.1000000015
97342  -54.497  31.041  19.189 0.1000000015
96637  -54.600  30.728  19.146 0.1000000015
96654  -48.438  30.560  16.137 0.1000000015
98103  -54.110  31.977  18.253 0.1000000015
97352  -54.546  31.474  18.620 0.1000000015
98111  -53.960  32.455  17.546 0.1000000015
98857  -54.268  33.147  16.505 0.1000000015
98112  -54.643  32.601  17.174 0.1000000015
98858  -54.770  33.028  16.528 0.1000000015
101373  -50.357  37.688  12.501 0.1000000015
100788  -51.002  37.065  12.749 0.1000000015
100195  -53.087  35.235  14.099 0.1000000015
99578  -52.984  34.580  14.577 0.1000000015
98878  -53.437  33.959  15.188 0.1000000015
99567  -54.187  33.964  15.146 0.1000000015
98866  -54.817  33.375  15.720 0.1000000015
97340  -53.086  31.070  19.290 0.1000000015
97341  -53.976  30.946  19.474 0.1000000015
96644  -51.721  30.874  18.500 0.1000000015
97350  -52.344  31.472  18.140 0.1000000015
97351  -53.790  31.503  18.827 0.1000000015
97349  -51.130  31.237  17.453 0.1000000015
97359  -53.021  32.073  17.660 0.1000000015
96653  -47.625  30.191  16.034 0.1000000015
97357  -50.692  31.540  16.539 0.1000000015
97358  -51.715  31.757  17.037 0.1000000015
97368  -47.058  31.115  15.136 0.1000000015
96669  -48.259  31.131  15.545 0.1000000015
97356  -49.826  31.340  16.162 0.1000000015
98110  -52.143  32.341  16.554 0.1000000015
137936  -53.065  32.533  16.878 0.1000000015
98123  -52.668  32.932  16.040 0.1000000015
98856  -53.747  32.892  16.711 0.1000000015
100208  -51.381  35.704  13.325 0.1000000015
120203  -52.281  34.786  14.177 0.1000000015
98877  -52.315  34.015  14.742 0.1000000015
96668  -47.655  30.822  15.554 0.1000000015
97355  -48.989  31.147  15.812 0.1000000015
98109  -51.159  32.074  16.134 0.1000000015
138521  -50.949  35.131  13.449 0.1000000015
99577  -51.438  34.298  14.179 0.1000000015
130866  -52.774  33.552  15.445 0.1000000015
97383  -44.798  31.404  14.539 0.1000000015
96684  -46.280  31.109  14.911 0.1000000015
97385  -46.894  31.637  14.693 0.1000000015
97370  -48.560  31.613  15.191 0.1000000015
97371  -49.383  31.756  15.390 0.1000000015
97372  -50.262  31.884  15.715 0.1000000015
98122  -51.536  32.664  15.668 0.1000000015
98891  -50.624  33.769  14.181 0.1000000015
121571  -51.403  33.679  14.615 0.1000000015
98863  -51.903  33.331  15.229 0.1000000015
124419  -46.240  31.737  14.496 0.1000000015
135107  -48.184  31.966  14.730 0.1000000015
98132  -43.359  31.825  14.227 0.1000000015
98134  -45.032  32.116  14.189 0.1000000015
98133  -44.198  31.969  14.182 0.1000000015
97384  -45.603  31.561  14.524 0.1000000015
98121  -50.703  32.415  15.437 0.1000000015
98119  -48.866  32.237  14.714 0.1000000015
98120  -49.869  32.453  14.936 0.1000000015
98135  -45.825  32.202  14.165 0.1000000015
98862  -50.842  33.021  14.839 0.1000000015
97386  -47.505  32.203  14.440 0.1000000015
98136  -46.597  32.239  14.253 0.1000000015
97387  -48.207  32.414  14.411 0.1000000015
98144  -45.328  32.814  13.789 0.1000000015
100199  -42.862  35.216  13.707 0.1000000015
98885  -44.783  33.645  13.527 0.1000000015
138331  -44.135  34.196  13.476 0.1000000015
98143  -44.438  32.738  13.820 0.1000000015
98145  -46.173  32.810  13.803 0.1000000015
140595  -44.064  34.819  13.437 0.1000000015
99586  -45.434  34.297  13.329 0.1000000015
98147  -47.855  32.834  13.975 0.1000000015
98146  -47.009  32.818  13.879 0.1000000015
99587  -46.290  34.155  13.289 0.1000000015
98889  -48.317  33.416  13.688 0.1000000015
99589  -48.062  34.254  13.252 0.1000000015
99588  -47.079  34.289  13.220 0.1000000015
96045  -54.339  29.817  13.040 0.1000000015
96048  -52.435  29.263  12.623 0.1000000015
100777  -53.159  36.260  13.265 0.1000000015
95362  -51.406  29.202  12.843 0.1000000015
128137  -54.677  34.102  14.202 0.1000000015
97396  -55.445  31.528  13.775 0.1000000015
96049  -53.425  29.264  12.480 0.1000000015
138449  -54.840  29.624  12.783 0.1000000015
94613  -52.597  27.449  20.974 0.2000000030
93943  -43.860  25.965  20.428 0.1000000015
95413  -46.600  27.713  7.285 0.1000000015
94620  -46.366  27.623  18.930 0.1000000015
94708  -45.915  27.335  7.121 0.2000000030
96046  -55.293  29.458  12.607 0.1000000015
96697  -55.376  30.481  13.262 0.1000000015
97360  -55.148  31.679  17.083 0.1000000015
98879  -54.675  33.826  14.874 0.1000000015
99593  -52.273  35.500  13.722 0.1000000015
100209  -52.892  35.831  13.617 0.1000000015
98865  -54.232  33.516  15.907 0.1000000015
99585  -44.681  34.575  13.372 0.1000000015
91298  -43.152  21.932  16.909 0.2000000030
91288  -43.629  22.476  17.298 0.2000000030
91973  -43.685  23.579  18.604 0.2000000030
92630  -44.135  24.259  19.416 0.2000000030
91974  -44.602  23.754  18.433 0.2000000030
126057  -42.810  23.465  18.799 0.2000000030
91989  -44.131  23.084  17.773 0.2000000030
91287  -42.742  22.409  17.429 0.2000000030
91988  -43.218  22.957  17.951 0.2000000030
91299  -43.978  21.964  16.815 0.2000000030
91289  -44.629  22.465  17.174 0.2000000030
89153  -39.876  19.083  16.786 0.1000000015
89154  -41.191  20.070  16.513 0.1000000015
89863  -38.851  20.048  17.863 0.1000000015
128912  -39.160  18.861  17.303 0.1000000015
89864  -39.410  20.663  17.669 0.1000000015
89150  -39.448  19.790  17.322 0.1000000015
89869  -40.729  20.728  16.946 0.1000000015
90539  -41.591  21.731  17.217 0.1000000015
90540  -42.303  21.816  17.036 0.1000000015
89870  -41.752  20.993  16.718 0.1000000015
91271  -39.415  22.846  19.582 0.1000000015
91967  -39.940  23.602  20.422 0.1000000015
90532  -39.384  21.527  18.165 0.1000000015
91275  -40.628  22.572  18.427 0.1000000015
121522  -41.094  23.149  19.185 0.1000000015
91972  -41.951  23.322  19.021 0.1000000015
91969  -42.436  23.910  19.999 0.1000000015
90538  -40.227  21.299  17.490 0.1000000015
137885  -41.045  21.384  17.178 0.1000000015
122915  -41.892  22.308  17.554 0.1000000015
91987  -42.346  22.849  18.111 0.1000000015
91968  -40.694  23.566  20.219 0.1000000015
119972  -41.933  20.154  16.263 0.1000000015
92629  -43.277  24.061  19.692 0.1000000015
90549  -42.768  21.282  16.582 0.1000000015
89149  -38.748  19.315  17.826 0.1000000015
88401  -38.968  18.151  17.366 0.1000000015
88400  -38.663  18.513  17.831 0.1000000015
89865  -39.997  20.511  17.200 0.1000000015
91286  -40.987  22.051  17.660 0.1000000015
91274  -39.796  22.372  18.645 0.1000000015
91971  -40.255  23.038  19.327 0.1000000015
141814  -40.461  23.859  20.758 0.1000000015
90531  -38.612  21.356  18.774 0.1000000015
91285  -40.189  21.997  18.004 0.1000000015
91276  -41.477  22.726  18.242 0.1000000015
72345  -48.949  0.017  30.954 0.1000000015
74233  -50.899  1.437  38.117 0.1000000015
74288  -53.276  2.158  34.628 0.1000000015
75179  -53.278  2.219  33.561 0.1000000015
75940  -51.171  2.838  36.784 0.1000000015
75985  -54.002  3.386  33.624 0.1000000015
77560  -54.790  5.369  32.395 0.1000000015
77566  -51.604  6.060  32.370 0.1000000015
78358  -53.666  6.861  33.185 0.1000000015
79476  -51.052  7.844  4.014 0.1000000015
80162  -53.358  7.927  32.304 0.1000000015
80172  -55.280  7.960  30.784 0.1000000015
81147  -55.154  9.246  30.041 0.1000000015
81340  -62.257  9.508  7.676 0.2000000030
82132  -60.704  10.247  11.301 0.1000000015
83716  -55.382  12.728  25.725 0.1000000015
83816  -42.829  12.528  12.739 0.3000000119
83872  -61.584  12.682  7.147 0.2000000030
84685  -41.057  13.181  14.408 0.3000000119
84781  -61.033  13.872  6.561 0.2000000030
85391  -46.322  14.801  31.924 0.1000000015
85476  -38.624  14.419  18.896 0.1000000015
85600  -60.058  14.429  4.131 0.3000000119
86903  -46.322  16.913  28.729 0.1000000015
86909  -44.289  16.583  27.483 0.1000000015
87070  -49.756  15.866  3.262 0.3000000119
87657  -49.430  17.014  20.767 0.1000000015
87812  -53.886  17.743  -1.036 0.6000000238
88556  -53.824  18.281  -0.931 0.6000000238
89266  -44.711  20.195  2.107 0.3000000119
89275  -46.676  21.008  1.285 0.4000000060
89288  -53.865  19.375  -0.370 0.6000000238
90562  -56.076  21.673  16.210 0.6999999881
90670  -56.288  22.115  5.618 0.8999999762
90684  -55.828  21.901  4.580 0.8000000119
90699  -55.382  21.882  3.762 0.8000000119
90721  -53.064  21.915  0.493 0.6000000238
91398  -56.007  22.091  5.018 0.8999999762
91413  -50.788  22.215  1.737 0.6999999881
94592  -50.785  27.433  21.482 0.3000000119
95962  -52.512  28.925  21.120 0.1000000015
96051  -54.892  29.071  12.327 0.1000000015
96621  -53.668  30.383  19.958 0.1000000015
96638  -54.833  31.035  18.803 0.1000000015
96647  -54.817  30.959  18.201 0.1000000015
97369  -47.731  31.492  15.033 0.1000000015
97374  -55.164  31.906  15.559 0.1000000015
97388  -54.920  31.427  15.015 0.1000000015
98104  -54.653  32.057  17.988 0.1000000015
98113  -55.126  32.446  16.991 0.1000000015
98124  -55.130  32.801  16.368 0.1000000015
98148  -48.604  32.821  14.164 0.1000000015
98864  -53.573  33.400  15.997 0.1000000015
98880  -55.033  33.473  14.275 0.1000000015
98886  -45.756  33.522  13.524 0.1000000015
98887  -46.565  33.445  13.553 0.1000000015
98888  -47.382  33.542  13.532 0.1000000015
99584  -43.421  34.482  13.540 0.1000000015
99592  -51.493  34.983  13.730 0.1000000015
99594  -53.845  35.068  14.029 0.1000000015
99595  -54.414  34.624  13.757 0.1000000015
100200  -43.640  35.386  13.493 0.1000000015
100202  -45.234  35.104  13.215 0.1000000015
100776  -52.356  36.310  13.289 0.1000000015
101375  -52.218  38.044  12.587 0.1000000015
119703  -43.664  16.430  27.153 0.1000000015
122274  -50.445  6.835  29.916 0.1000000015
122489  -50.701  3.275  28.739 0.1000000015
124500  -48.342  27.351  10.774 0.3000000119
128587  -48.868  -0.682  33.026 0.1000000015
129260  -61.811  12.061  8.306 0.2000000030
130770  -56.585  7.765  28.321 0.1000000015
133569  -45.435  16.166  29.642 0.1000000015
134206  -45.798  16.787  28.639 0.1000000015
135937  -50.062  21.593  4.504 0.6999999881
136491  -48.843  28.051  14.709 0.2000000030
138059  -42.625  20.398  2.989 0.1000000015
138531  -58.085  10.471  7.449 0.2000000030
139110  -46.821  33.850  13.370 0.1000000015
139375  -55.531  8.691  29.784 0.1000000015
140003  -51.460  8.319  19.043 0.1000000015
140534  -44.818  16.408  25.720 0.1000000015
