global_signal	global_signal_derivative1	global_signal_power2	global_signal_derivative1_power2	csf	csf_derivative1	csf_power2	csf_derivative1_power2	white_matter	white_matter_derivative1	white_matter_power2	white_matter_derivative1_power2	csf_wm	tcompcor	std_dvars	dvars	framewise_displacement	rmsd	t_comp_cor_00	t_comp_cor_01	t_comp_cor_02	t_comp_cor_03	c_comp_cor_00	c_comp_cor_01	c_comp_cor_02	c_comp_cor_03	c_comp_cor_04	c_comp_cor_05	w_comp_cor_00	w_comp_cor_01	w_comp_cor_02	w_comp_cor_03	w_comp_cor_04	w_comp_cor_05	w_comp_cor_06	w_comp_cor_07	w_comp_cor_08	w_comp_cor_09	w_comp_cor_10	w_comp_cor_11	w_comp_cor_12	w_comp_cor_13	w_comp_cor_14	w_comp_cor_15	w_comp_cor_16	w_comp_cor_17	w_comp_cor_18	w_comp_cor_19	w_comp_cor_20	w_comp_cor_21	w_comp_cor_22	w_comp_cor_23	w_comp_cor_24	w_comp_cor_25	w_comp_cor_26	w_comp_cor_27	w_comp_cor_28	w_comp_cor_29	w_comp_cor_30	w_comp_cor_31	w_comp_cor_32	w_comp_cor_33	w_comp_cor_34	a_comp_cor_00	a_comp_cor_01	a_comp_cor_02	a_comp_cor_03	a_comp_cor_04	a_comp_cor_05	a_comp_cor_06	a_comp_cor_07	a_comp_cor_08	a_comp_cor_09	a_comp_cor_10	a_comp_cor_11	a_comp_cor_12	a_comp_cor_13	a_comp_cor_14	a_comp_cor_15	a_comp_cor_16	a_comp_cor_17	a_comp_cor_18	a_comp_cor_19	a_comp_cor_20	a_comp_cor_21	a_comp_cor_22	a_comp_cor_23	a_comp_cor_24	a_comp_cor_25	a_comp_cor_26	a_comp_cor_27	a_comp_cor_28	a_comp_cor_29	edge_comp_00	edge_comp_01	edge_comp_02	edge_comp_03	edge_comp_04	edge_comp_05	edge_comp_06	edge_comp_07	edge_comp_08	edge_comp_09	edge_comp_10	edge_comp_11	edge_comp_12	edge_comp_13	edge_comp_14	edge_comp_15	edge_comp_16	edge_comp_17	edge_comp_18	edge_comp_19	edge_comp_20	edge_comp_21	edge_comp_22	edge_comp_23	cosine00	cosine01	cosine02	cosine03	trans_x	trans_x_derivative1	trans_x_power2	trans_x_derivative1_power2	trans_y	trans_y_derivative1	trans_y_power2	trans_y_derivative1_power2	trans_z	trans_z_derivative1	trans_z_power2	trans_z_derivative1_power2	rot_x	rot_x_derivative1	rot_x_power2	rot_x_derivative1_power2	rot_y	rot_y_derivative1	rot_y_power2	rot_y_derivative1_power2	rot_z	rot_z_derivative1	rot_z_derivative1_power2	rot_z_power2	motion_outlier00
912.9385560245364	n/a	833456.8070761656	n/a	1119.2914358602989	n/a	1252813.3183902097	n/a	837.5102815652195	n/a	701423.4717274533	n/a	874.7339504510409	792.757723618689	n/a	n/a	n/a	n/a	-0.0785307255	-0.076052952	0.1248150784	-0.0598394152	-0.0396948205	0.0941733575	-0.005131931	0.0907322933	-0.0339212159	0.0645701636	0.0246843366	-0.095521065	-0.0173296494	0.0437878919	-0.142280005	0.1787364049	-0.051718318	0.1743176188	0.1894371413	-0.0097561364	0.1782099981	-0.1356646214	0.165747161	-0.1155028222	0.1200278532	-0.1255665954	0.0478397754	-0.1132212931	0.0267465161	-0.108813718	0.0240266357	-0.017029068	-0.027081537	0.0375256132	0.1219194005	-0.0522915059	0.0541072662	0.149846054	-0.0620772556	-0.11050532	0.0765052465	-0.1921146524	-0.0284081594	-0.0203989028	-0.0324874641	0.0547663832	-0.0698091616	0.0987620369	-0.036497556	-0.040303845	0.0801740831	-0.0042969866	0.0139440805	-0.1215393864	0.3486940086	-0.0937692574	0.0619525567	-0.0785012409	0.1205187187	-0.0617789479	0.2029268538	-0.2283067784	0.032230682	-0.0670300309	0.0136158702	-0.1676690908	0.1053646433	-0.0458269348	-0.0049514481	0.1421973907	-0.1360840727	0.0734080938	0.1854637565	-0.2427626021	0.1440324982	-0.0858496573	0.1042000657	-0.0404037485	0.0381741567	-0.1292744157	-0.0076456488	0.0564851454	-0.3334580365	0.0397745508	-0.336539324	0.0793876724	-0.1679431641	0.2412281858	-0.1737326955	0.2088173838	-0.000297772	0.0425824422	-0.0485034808	0.1900324907	-0.1979471475	0.1602935742	-0.1214008467	0.0922221834	-0.2919394974	0.1290883846	0.1290552057	0.1289999139	0.1289225186	0.017227839978247	n/a	0.000296798470316	n/a	-0.0140473199521551	n/a	0.0001973271978382	n/a	-0.0879344175229306	n/a	0.007732461785097	n/a	0.0027420190911016	n/a	7.518668695965644e-06	n/a	0.0010226225174163	n/a	1.045756813126851e-06	n/a	-0.0010044030406982	n/a	n/a	1.0088254681637902e-06	0.0
911.4134071415758	-1.5251488829605933	830674.3987174159	2.326079115195945	1107.8079861084927	-11.48344975180612	1227238.5340857543	131.86961820225602	836.6649793407585	-0.8453022244610793	700008.2876552718	0.7145358506788488	871.7810844259059	788.5485038575672	1.314722	25.133026	0.229609702230116	0.1133925430603601	-0.1194134246	-0.0170932763	0.1254651762	-0.1862428596	0.0516359615	0.1079037912	-0.0632468864	0.1220514825	0.0027294937	0.1332723328	-0.0608918926	-0.1917050417	-0.0257223839	-0.1630435864	-0.2969929553	0.0320509007	0.1290179094	-0.1830156944	-0.1148079491	0.0161735415	-0.1036236479	0.0197960379	0.0834073913	-0.1083305827	0.172612454	0.0812150911	-0.110023652	0.0893647679	0.0443151298	0.108083222	0.0353818548	0.1099502031	-0.1528987816	0.0886777763	-0.0211337221	0.0909198926	0.0828117017	-0.0016650062	0.0120819112	-0.0720097094	0.0269488816	-0.0461242466	-0.1167130654	0.0470144393	-0.1023904016	-0.0301766346	-0.0722343318	0.0336792104	-0.0790878889	0.0930889101	0.2515208651	-0.2244501403	0.1026688463	-0.3113413008	0.0906821665	0.0322336339	0.1072620633	0.0911336352	-0.1408963364	0.0418951098	-0.1357772834	-0.0489638473	-0.0899678052	0.0152061542	0.1776616574	0.051877266	-0.0577716561	-0.0245476806	-0.0139207056	-0.0527823405	0.2302205537	0.1193865268	0.053771692	-0.0377000683	0.0268170813	-0.0764228105	0.0916905087	-0.1701683023	0.1226840897	-0.3068733756	6.14144e-05	0.0191603437	0.0499967654	-0.2213290512	-0.1128296017	-0.1412279296	-0.1561386059	-0.2464769316	-0.0002458805	-0.0840475271	-0.0996089606	-0.0382177364	0.3239674763	-0.056468301	-0.131940292	0.1439865366	-0.1664762003	-0.4083790655	-0.0692374615	0.1289999139	0.1287014744	0.1282045865	0.1275100165	0.0671322326589916	0.0499043926807446	0.0045067366617809	0.0024904484088339	-0.0895829612373972	-0.0755356412852421	0.008025106944061	0.0057056331043727	-0.0641820344996162	0.0237523830233144	0.0041193335525099	0.0005641756992862	0.0015807672706006	-0.001161251820501	2.4988251638020703e-06	1.3485057906168866e-06	0.0013090824535948	0.0002864599361784	1.7136968703097816e-06	8.205929503539027e-08	-0.001165036988835	-0.0001606339481367	2.5803265294016106e-08	1.357311185353724e-06	0.0
912.4546444126106	1.041237271034788	832573.4781101437	1.0841750545919728	1112.5689987712844	4.7610126627917	1237809.7770269385	22.66724157526291	838.8585217825974	2.1935424418389857	703683.6195672845	4.81162844414894	876.2531173131665	810.6600135417211	1.419424	27.134562	0.2968405020518727	0.1308732016149728	0.029037031	0.0117407008	0.1155078637	0.0136495	0.0244897455	0.0144261406	-0.1027318191	0.082012698	0.0308062341	0.0106390472	-0.0016066438	0.0377203492	-0.0355770675	-0.076141218	0.0429281224	0.104817563	-0.1857019552	-0.101708232	-0.2924334131	-0.0176707743	-0.1535592091	0.017041923	-0.1213930161	0.1017753053	-0.0032822407	-0.0603127059	-0.1174876886	-0.1306060352	-0.094362619	0.055213632	-0.0006689896	-0.1406165021	-0.0263520163	0.0642432089	-0.1013959434	-0.0589003178	-0.0549190172	0.0689932943	0.0556936307	0.0617629822	-0.0067675845	0.1857063649	-0.0063846083	0.0999738072	0.1403080766	-0.0198513971	0.0049276398	-0.0971095897	0.0621630545	0.0088944861	0.0193197469	0.1465384408	0.1125156152	-0.130687652	0.0299622409	-0.0843907711	-0.1190057366	0.0605401541	-0.3128092863	0.0457476166	-0.1876808002	0.0757462265	0.0143791844	-0.115231615	-0.0933089356	-0.1957363559	0.0611505916	-0.1433817833	-0.110527895	0.0742676328	0.0296254488	-0.0929972032	-0.179797565	-0.0128711225	-0.0713151912	-0.0648835829	-0.0260612988	0.0505204507	0.1379080059	-0.3171263122	0.0911609179	-0.223999581	0.3481473594	-0.0211754355	0.205538728	0.1607711388	-0.0941564565	0.0484031478	0.2016105212	-0.0535437737	-0.0711210372	0.1199579316	0.0185933947	-0.1097970413	0.0654979516	0.008325533	0.2958797204	0.0458323681	-0.0092050256	0.1288230331	0.1279949812	0.1266188352	0.124700488	0.1285022993295399	0.0613700666705483	0.0165128409329786	0.0037662850831475	-0.0247356317066049	0.0648473295307923	0.0006118514759247	0.0042051761472751	-0.1170659390205983	-0.0528839045209821	0.0137044340787744	0.0027967073573843	0.0014563755330971	-0.0001243917375034	2.1210296934038625e-06	1.547330435913961e-08	0.002262584399634	0.0009535019460392	5.119288165467149e-06	9.091659611005416e-07	0.0001118533542133	0.0012768903430483	1.6304489481700052e-06	1.2511172848765956e-08	0.0
911.2691328971564	-1.185511515454209	830411.4325711352	1.4054375532745351	1113.6124143269071	1.043415555622687	1240132.609343003	1.0887160217154006	840.1819982601118	1.3234764775143049	705905.7902003544	1.7515899865336724	876.2149287097387	806.2648671150207	1.293693	24.731009	0.264267581399573	0.1422482825048451	0.1275664143	0.0233222638	0.0482102147	-0.0123180546	-0.0103518109	-0.0411945657	-0.0193086304	0.0244020186	0.1330490739	0.2034771473	0.0438382023	0.1770110547	-0.0579861668	0.0387468518	0.1568034739	0.0121294671	-0.1150515765	0.0355612382	0.0109320203	0.0683623752	0.0128909236	0.0669682814	-0.0370048436	-0.0844229064	-0.1797583315	-0.1404533878	-0.0540516049	-0.074521764	0.0075545477	-0.0980897257	0.0822885224	0.1883342959	0.0333917375	0.119534762	-0.1180960742	-0.1206775348	0.0429281977	0.0260902505	-0.0285954484	-0.0022291301	-0.1347828747	-0.0338816402	-0.0343833145	-0.0469148102	-0.0006128153	0.0036035698	0.0648672421	0.0549281476	0.1415899855	0.0835978613	-0.0991162494	0.1770743046	-0.1453646182	0.0777005976	0.0702010287	-0.1712474154	-0.2284448158	0.0384603099	0.1343376529	-0.2317634443	-0.1242398349	0.2239001345	-0.0180329613	0.0066576601	0.0770574528	-0.0585745933	-0.1486613302	-0.0715047694	0.1579670405	0.0585116559	0.0718964457	-0.0316831037	-0.023396699	-0.0892152245	-0.0012751442	-0.0413022722	-0.0224835159	0.2404865522	-0.0099169264	-0.044392121	0.2413294313	-0.1581454434	-0.0634430713	0.0137883442	0.145102872	0.045409353	-0.1182764803	0.1853180711	-0.0180061403	0.1668367429	-0.0785187859	-0.1257110058	0.010651669	0.0929547688	0.0191617724	0.0836745139	-0.1908225078	0.032855566	0.1775105595	0.1285578634	0.1269376627	0.1242524367	0.1205247148	0.0698869859417072	-0.0586153133878327	0.0048841908040163	0.0034357549635538	0.0023414427183325	0.0270770744249374	5.4823540032322864e-06	0.0007331679594135	0.0054893270098546	0.1225552660304529	3.013271102111925e-05	0.015019793231795	0.0013183632979122	-0.0001380122351849	1.7380817852819322e-06	1.904737706073217e-08	0.0017972374247563	-0.0004653469748777	3.230062360944657e-06	2.1654780702782694e-07	-0.0004051859868511	-0.0005170393410644	2.673296802083089e-07	1.6417568394049977e-07	0.0
910.0927504558294	-1.1763824413269504	828268.8144322566	1.3838756482623558	1107.9646882753111	-5.64772605159601	1227585.7504650073	31.896809553876253	838.6628914362268	-1.519106823884954	703355.4454721723	2.3076855423738323	875.5745152599878	796.0755095163981	1.216279	23.251114	0.2320308985921831	0.1097387352498529	0.1075064352	-0.006966459	-0.0326816306	0.0446280807	0.0222377611	-0.0834680547	-0.0527894116	-0.0278518575	-0.104793696	-0.0359963881	0.052424149	0.0361612101	0.037699904	0.1360004188	-0.0244282862	-0.0236656944	-0.1453693298	-0.0729427762	-0.0708953125	0.0617842173	-0.073656916	0.0391838221	0.0593484163	-0.04757497	-0.0936568882	0.0740534095	0.1593133033	0.0649722164	-0.0019034759	-0.0580240678	0.1570936454	0.1632513684	-0.0462912023	0.02318621	-0.0165259683	0.0156410328	-0.0160674703	-0.2078156057	0.1375503612	-0.1115504507	-0.0842432963	-0.093865513	0.067153419	-0.0562786182	0.0398649361	0.0727911944	0.0721581387	-0.0322852592	-0.0537327989	0.0650491909	-0.1286496892	-0.004092491	-0.1177290364	0.0756478283	0.2110502928	0.1113551162	-0.1144415254	0.1042780816	-0.0012020041	0.0119535886	-0.0154655523	-0.0302543809	0.0400104623	0.0899865959	0.0390135707	0.270381475	-0.1071874309	-0.0900538301	-0.0589148808	-0.0170066882	0.1700054198	-0.0783512979	0.0013893064	0.1763795857	0.05014687	-0.1154052604	-0.067893725	-0.0261577066	0.0086693228	0.002709359	0.0601106987	0.0247444941	0.1266445956	0.0997989111	-0.0052376725	0.0061767116	0.0977191875	0.0286835923	0.0009254087	0.1169996887	-0.0331250677	-0.1274290498	-0.0345635573	0.0384390732	-0.0327922182	-0.3145917139	0.1278494313	0.0072485587	-0.083782521	0.1282045865	0.1255324169	0.1211199807	0.1150284477	0.0453007443050808	-0.0245862416366264	0.0020521574345943	0.0006044832778145	-0.0632726201244651	-0.0656140628427976	0.0040034244574148	0.0043052052427385	-0.0675266181081895	-0.0730159451180441	0.0045598441531292	0.0053313282414812	0.0008519858141614	-0.0004663774837508	7.258798275322635e-07	2.175079573497278e-07	0.0012551714943651	-0.0005420659303911	1.5754554802667185e-06	2.938354728908771e-07	-0.0007730355526034	-0.0003678495657523	1.3531330302415574e-07	5.97583965588844e-07	0.0
913.7446541599328	3.651903704103347	834929.2930058552	13.336400664043747	1115.7729539908037	7.808265715492553	1244949.284857364	60.969013483736425	839.4695105830325	0.8066191468057013	704709.0591985161	0.6506344479935576	875.528775204223	793.6954491569883	1.208558	23.103521	0.0483379354189879	0.0322678084927851	0.1129960495	0.017733971	0.0447658523	0.0465361374	-0.0387866371	-0.1469584862	0.0736788791	0.0239518412	0.0047764557	0.1120251218	0.0880779079	0.1642894378	0.0303605831	0.1668983944	-0.1590120542	-0.1586640684	-0.0420689249	0.0598664809	0.0074179499	-0.0295177776	-0.0450272524	-0.2360763763	-0.0803554002	-0.0798386096	0.0979853353	-0.0679541674	0.0567950075	0.0278496531	-0.1312264131	-0.0179476917	-0.0224268935	0.1361355391	0.1349342288	-0.1140568182	0.163008625	-0.2040420644	0.061763365	0.0839939411	0.1526104521	0.1089481055	-0.0806431745	0.1565947381	0.0251360141	0.0281608308	-0.1051377842	0.0516467213	0.0883527477	0.0735794421	-0.0051009709	0.2715863868	-0.2751344445	-0.0120067377	0.0935674451	0.0212211411	0.0011241163	-0.0865552791	0.053328918	0.1593360275	0.0265880352	-0.0328432658	0.2603116722	-0.0245237883	-0.0455314263	0.0550709091	0.0504380881	0.152970356	-0.1206606016	-0.0233448383	-0.0343880719	0.0209131204	-0.2211961133	-0.0056806595	-0.1350041923	0.0245278867	-0.1191717382	-0.195523242	-0.003736307	-0.0932959064	-0.0648827374	0.1036409205	0.17116059	-0.1759705421	0.0832650524	0.0342863039	0.0242814776	0.0232144577	-0.0930805558	-0.0978136433	0.02356661	0.1314140044	0.1888813625	-0.1296706088	-0.0790192616	0.1814683901	-0.0394918061	0.0064566765	0.1044519603	-0.0529803588	0.0859826306	0.1277634447	0.1237830955	0.1172407796	0.1082719048	0.0452188275552174	-8.191674986339492e-05	0.0020447423654684	6.710353908182012e-09	-0.0343771789223694	0.0288954412020957	0.0011817904306605	0.0008349465222637	-0.0804304802907083	-0.0129038621825188	0.006469062159794	0.0001665096592254	0.0008339164054418	-1.8069408719599943e-05	6.954165712649726e-07	3.2650353147595457e-10	0.0012552250613662	5.356700110000986e-08	1.5755899546817808e-06	2.8694236068484586e-15	-0.0006620242226339	0.0001110113299695	1.2323515381597213e-08	4.382760713540196e-07	0.0
912.2387278423704	-1.5059263175623985	832179.4965754664	2.2678140739270454	1104.533547243096	-11.239406747707562	1219994.3569854167	126.32426404041428	837.8089104374753	-1.6606001455571686	701923.7704084296	2.7575928434244896	873.4159891031768	792.9304669607253	1.303597	24.920343	0.1078313864951371	0.0511726809575368	0.0985930004	-0.0679973438	0.1361672894	0.0839206396	-0.1745817117	-0.0722405639	-0.0359288006	0.09583092	0.2315671183	-0.1175620757	0.1008240441	-0.0298147918	-0.0019663641	-0.1770393192	-0.130514849	0.01055751	-0.1090491748	0.076279476	-0.0039451114	-0.0591504777	0.0585317647	0.1624234462	-0.0666363296	0.0218578582	0.1143077206	0.35023768	-0.0840548679	0.1337857869	0.0338890066	-0.0581044626	0.1807506363	0.0114712129	0.1090908949	-0.093385469	-0.0401636824	-0.1138036797	-0.026558063	0.0142465359	-0.1361936945	0.0791258888	0.0585979824	0.1148439427	0.0590745196	0.0086805484	0.0023498194	0.1584301564	-0.013125765	-0.0422298685	-0.031674366	0.2253425201	0.1111043241	0.0847891395	0.1059250921	0.0355630715	-0.1543179833	-0.0348856025	0.0014962837	-0.132770753	0.0496284117	0.1680475438	-0.0834418413	0.0391760298	0.236478723	0.2470105255	-0.0400636774	0.1434368186	0.1837268179	0.0538814819	0.0710619877	-0.0182613124	-0.0200529716	-0.10266875	0.0973401983	0.0767929571	-0.1618898607	-0.1831829221	-0.0296411563	-0.0782227713	0.0286931995	-0.0294324004	-0.1538098189	-0.0493353101	-0.0193759804	0.0485737374	-0.0386129317	0.1417089677	0.0986833309	-0.0340662917	-0.0995526164	-0.2141044366	0.192528034	-0.0314897644	0.1385459726	-0.1649471603	0.0859341396	-0.2332267789	0.2242220944	0.1081317329	-0.082868043	0.1272347401	0.1216944932	0.1126387502	0.1003291122	0.0128062978817382	-0.0324125296734792	0.0001640012654358	0.0010505720798341	-0.06227783684065	-0.0279006579182806	0.0038785289615506	0.0007784467122729	-0.069025032591881	0.0114054476988273	0.0047644551243102	0.0001300842372106	0.0004227426811293	-0.0004111737243125	1.78711374448389e-07	1.6906383156501177e-07	0.0012029139626557	-5.231109871050004e-05	1.447002001552039e-06	2.736451048299679e-09	-0.0004032540215659	0.000258770201068	6.696201696077316e-08	1.6261380590907137e-07	0.0
911.3309601996804	-0.9077676426900324	830524.1190184713	0.8240420931150185	1108.1125405212167	3.578993278120606	1227913.402460385	12.809192884832482	838.396171125581	0.5872606881056299	702908.1397580345	0.3448751157942979	874.4591058209758	801.6757501352402	1.294682	24.749918	0.1572514730355705	0.0972508883701664	-0.0236557794	-0.1026278404	0.1285830654	-0.166861354	-0.167725744	0.0367905048	0.0275226328	-0.0002713038	0.0735297968	0.1372611587	0.0390902354	-0.1050090653	-0.1888773217	-0.1436458717	0.1470116206	0.2316167278	-0.0943519601	0.1466790759	0.0013305662	-0.032031127	-0.139473408	-0.0289995447	-0.1466112369	-0.1097489581	-0.0378053771	0.0282819843	-0.024738083	-0.0853841655	0.0565260408	-0.0924560685	-0.0605658877	-0.1473676907	0.0261635686	-0.1108629909	0.1902013255	0.1195609259	0.0580384946	-0.0630437533	-0.0131776562	0.0777479948	0.0475261373	-0.1577800134	0.184634057	-0.0566027405	-0.1004605766	0.1287281982	-0.0998694281	-0.0671942606	0.126003906	-0.1470620057	0.1864817024	0.181967655	0.1927609822	0.2113113216	0.0399976953	-0.2158127555	0.0156610087	-0.0094292193	0.0397151865	0.1549007469	0.0362328545	0.0247722583	0.1764239369	-0.1103061265	0.0282616104	0.0724133813	0.1386797864	0.0832024136	-0.0527523445	0.0031813108	-0.070151738	0.1751332967	-0.004549674	0.2038592515	0.0966647394	0.0197590412	-0.0015996605	-0.0108501362	0.1164007895	-0.0676667152	-0.1185391565	0.1119643801	-0.2258796628	0.1864657722	-0.1141454323	0.1654398393	0.1549542023	0.2465451755	0.019374922	0.1054164653	-0.0335054819	-0.1156014689	-0.0060356725	-0.0865513729	0.0373351487	-0.0011487091	0.1788415358	-0.0043978501	0.1976141504	0.1266188352	0.1192723348	0.1073422654	0.0912870929	0.008859275360237	-0.0039470225215011	7.848675990850242e-05	1.557898678523769e-05	-0.034392047676846	0.027885789163804	0.0011828129434064	0.0007776172372881	-0.0772925226543463	-0.0082674900624653	0.0059741340582726	6.835139193296248e-05	0.0021041104920988	0.0016813678109695	4.427280962960253e-06	2.826997715764368e-06	0.0005420752083129	-0.0006608387543428	2.938455314674739e-07	4.367078592413437e-07	-0.0004040708820096	-8.168604436999604e-07	6.672609844816962e-13	1.632732776880161e-07	0.0
906.3534707716136	-4.977489428066747	821476.6139797503	24.77540100651623	1107.1764637125966	-0.9360768086201006	1225839.7217991308	0.8762397916363924	836.9883033849017	-1.4078677406793076	700549.4200031362	1.9820915752454584	873.633796529567	784.1478940963746	1.559676	29.815701	0.0605471469633493	0.0326039549140154	-0.1254162987	0.0137150212	-0.1059605516	-0.1141878692	0.0396288201	0.127594793	-0.1446780593	-0.1469743327	-0.0112546216	0.0264424232	-0.1791704266	-0.1013325243	-0.0184472776	-0.249027891	-0.1147002355	-0.33578924	0.1978465447	-0.1455488529	-0.052147398	-0.0414405488	0.0196957641	-0.0425696564	0.0415621554	0.150463846	-0.0651095341	-0.1103083616	-0.1463332977	-0.050977045	0.0258246241	0.0358066272	-0.0031141108	0.0661574592	-0.0341264253	0.0380063878	0.0473845349	0.012439118	-0.0648606477	-0.1114821949	0.001076867	-0.0906556067	0.0475100269	-0.0924786868	0.0438628627	-0.0044173325	0.0338897368	-0.1039481446	-0.1197629413	-0.1363676866	-0.0225472727	0.132171109	0.1364706973	-0.2643676734	-0.0056535949	-0.1577671058	-0.2468654281	0.1763650368	-0.1048290716	0.1731619846	0.0920719181	-0.1556525353	0.0183260428	0.0969202784	-0.1977474535	-0.0882998208	0.0778943595	0.0410648452	-0.0053430385	0.009162118	0.1116150243	0.0194342035	0.0807769788	0.045477031	0.0682371679	0.0767645835	0.0190714188	-0.0199191328	0.1128462842	-0.1084033266	-0.0239057934	-0.1138400169	-0.0938598404	0.091639542	0.0737782712	-0.2506045696	0.0560652019	-0.3799893922	-0.0423291745	-0.1684045117	-0.055839669	0.118366147	-0.1115575461	0.3074588396	-0.1165675005	-0.0695482149	0.0986348146	-0.073558654	-0.1729407556	0.2518550844	-0.0143591319	0.1259161521	0.1165232592	0.1013839798	0.0812449131	0.0087729055822478	-8.636977798920017e-05	7.69638723550346e-05	7.459738549903727e-09	-0.0476179277223991	-0.0132258800455531	0.0022674670405756	0.0001749239029793	-0.0519179352325593	0.025374587421787	0.0026954719988122	0.0006438696868259	0.0019481670274154	-0.0001559434646833	3.795354766708556e-06	2.4318364177462763e-08	0.0008231067919619	0.000281031583649	6.775047909738106e-07	7.897875100826493e-08	-0.0004043020280376	-2.31146028000027e-07	5.342848626018927e-14	1.634601298753163e-07	1.0
909.3499011684368	2.9964303968231434	826917.2427550456	8.9785951230057	1111.9642994413043	4.787835728707705	1236464.6032319907	22.92337096509004	837.4525548621069	0.4642514772052664	701326.7816450702	0.2155294340872719	874.0403239847985	792.8908094042823	1.466157	28.027943	0.1143031241288096	0.0551194536831604	0.0268360688	0.0152405654	-0.0683527197	0.1220856163	0.0646178966	-0.0508142078	0.092692918	-0.0782293365	0.0966228612	-0.0962244925	0.0495507565	-0.0173764872	0.0348863142	-0.0683963015	-0.123127203	0.154992504	0.0519723702	-0.2193212724	0.1780996335	-0.0199945615	0.0706443896	-0.0306073546	-0.0206596839	0.0613728728	-0.0897924604	0.0762001442	-0.0625462547	0.2121381393	0.0959811965	0.008107865	0.0158280918	-0.2129768793	0.0776147922	-0.0662692368	0.0386689061	0.0857327398	-0.0103408392	0.0125370779	0.0553990169	0.1480995076	0.1444407551	0.0931217949	-0.0840571168	-0.0581137381	-0.0505803245	-0.0284803937	0.0558853976	0.0172841572	-0.0816714415	-0.0706758959	0.1832877926	0.1127141141	0.1430874924	-0.0745499342	-0.0038115157	0.273200042	0.1716503803	-0.0620342537	-0.0343623728	-0.0620892908	-0.0451396932	0.0359239019	0.1201019425	0.0411278863	-0.0189506076	0.064800576	0.0617789402	0.0497900062	-0.1079254463	-0.0785891652	-0.0914675761	-0.0260385039	0.039266038	-0.0509891379	-0.1496951633	-0.066734631	-0.0366580305	-0.0598631483	0.0893921858	-0.1166228966	-0.1565744963	-0.03013222	0.0804130278	-0.0597623761	-0.0187839988	-0.0867678938	0.1124635726	0.2318003704	0.0154735294	-0.1714805999	0.0934242077	0.1284601667	-0.2940962147	-0.0104947769	0.0634510151	-0.2346625946	-0.3090049434	0.1012093874	-0.0026031325	0.1251271724	0.1134548014	0.0948006283	0.0703125971	0.0305932554874743	0.0218203499052265	0.0009359472813218	0.0004761276699865	-0.0240389847974711	0.023578942924928	0.000577872790093	0.000555966549457	-0.0911377848505594	-0.0392198496180001	0.0083060958274668	0.0015381966040585	0.0017132402375353	-0.0002349267898801	2.9351921115100114e-06	5.5190596603368665e-08	0.0011811506587486	0.0003580438667867	1.395116878662252e-06	1.2819541054357225e-07	-0.0004050110049839	-7.089769462999881e-07	5.026483103848562e-13	1.640339141580687e-07	0.0
911.6577875757996	2.307886407362844	831119.9216476018	5.326339669290174	1114.3331774266069	2.3688779853025608	1241738.4303136778	5.611582909251119	838.9066332853293	1.4540784232224269	703764.339370126	2.11434406088102	874.3786773431906	800.0427634102957	1.34413	25.695198	0.2121848852976402	0.0938388026122419	0.0408852065	-0.1022293181	0.06464494	0.090546575	-0.1120079266	-0.029545568	0.0929493149	0.0934634307	0.064555858	0.08930751	0.0700837423	0.0607395638	-0.0518589171	0.1433999045	0.0937854424	-0.1263462188	-0.0776419429	-0.096435088	-0.0533248778	0.0910225017	0.1276214909	-0.0168403388	-0.0021624346	-0.0523805021	0.0843697905	0.0163703606	0.0002942973	-0.034200023	0.0354196109	-0.0989412845	-0.0882667106	-0.0299436362	0.1256463834	0.1434130565	-0.0225491217	-0.0279126948	-0.0252355842	0.1452248917	-0.0584833968	0.0763720841	-0.0070059696	-0.162335083	0.0742785888	0.0827553491	0.0175642924	0.0795738319	-0.0087394469	0.1090629253	0.059957917	0.018850133	-0.1606129178	0.1274275149	-0.1538716765	-0.117225761	-0.0701256135	-0.0554689536	-0.078679872	0.0964223629	0.0211695699	0.0416164672	0.0430721247	0.0960981778	0.0186266845	-0.0107933565	-0.1842961018	-0.1052615467	-0.0759006111	0.1301950529	0.1129236641	-0.0104897706	-0.0343675632	0.053363157	0.1148461674	0.0074688492	0.0163122209	0.0186051283	-0.0013645213	0.0422325623	0.0644443665	0.1498343715	0.1286388003	0.0652441439	0.0015413083	0.2092770617	0.2087999525	-0.0054767558	0.0207745807	-0.0063580411	-0.0235198883	0.0559789109	-0.0234851969	-0.0111920387	0.0676292257	0.135775904	0.0612762349	0.0358258249	-0.0537036257	0.050824193	0.1519048943	0.1242524367	0.1100753719	0.0876327994	0.0586099215	0.0173423696680004	-0.0132508858194738	0.0003007577857015	0.0001755859750007	0.0120923763099654	0.0361313611074365	0.0001462255648218	0.0013054752554759	-0.0477525645059913	0.0433852203445681	0.0022803074168988	0.0018822773443467	0.0006370063119029	-0.0010762339256324	4.0577704140413465e-07	1.1582794626821262e-06	0.0002109799913707	-0.0009701706673779	4.451255675878064e-08	9.4123112384048e-07	-6.306723747096562e-05	0.0003419437675129	1.1692554014093973e-07	3.9774764422191706e-09	0.0
909.0299340706448	-2.6278535051548038	826335.4210364808	6.905614044554386	1110.633431394128	-3.69974603247897	1233506.618930295	13.68812070484388	837.3729380547246	-1.5336952306047351	701193.4373864017	2.352221060379712	874.955564433346	786.3522506032672	1.271088	24.298883	0.1639625083824224	0.0771543188243595	-0.1034761899	-0.0446061009	-0.0822885213	-4.87467e-05	-0.0655044406	0.1114861401	-0.01607402	-0.0460262252	-0.1073885549	0.0363774571	-0.0166111193	-0.0786940101	0.013169778	0.139305409	0.0386787439	0.0526030017	0.0271025006	0.0872284411	-0.0809988172	-0.0783316301	0.0546600268	-0.014816548	-0.0221416236	0.0834613408	-0.1223541089	-0.0306988823	0.0379665592	0.0713090526	-0.1293703958	0.0655954791	-0.0858475013	-0.0167555322	-0.1001215647	-0.0957300889	0.072565004	0.0197579074	-0.1328263526	0.0545472392	-0.042829403	0.0001597261	-0.0115296905	0.0200788532	-0.0731011679	-0.0957299152	-0.0888709116	0.023032965	-0.094820422	-0.0086818119	-0.0394355014	-0.1358914493	-0.1031590602	0.0212560556	0.0322934292	0.041821147	-0.0791521697	-0.0607945724	-0.0123375574	0.0480794414	-0.0059134572	-0.0525367941	-0.0050481693	-0.100339694	-0.0152773116	-0.0603026199	0.093008249	0.0133623446	0.0294647759	0.0213998124	-0.0677691506	0.0001300439	-0.0550604571	-0.039256206	-0.0636937731	-0.1691007502	-0.042772984	0.1390702966	0.0658451433	0.0279618726	0.031887319	0.0897231721	0.0471309567	0.0346721996	-0.0959344256	0.0175507157	0.0772139064	-0.1314475118	0.0488140087	-0.031738496	0.002674019	-0.0636707997	0.0075140985	0.0085798238	-0.0565951959	-0.1563450445	-0.0049849454	0.0298036274	-0.007465789	0.0701244022	0.1005458949	0.1232925447	0.1063942335	0.0799246852	0.0462651033	-0.0026588441748316	-0.020001213842832	7.069452346035933e-06	0.0004000485551866	-0.0088787011528523	-0.0209710774628177	7.883133416166075e-05	0.0004397860899515	0.0122693970476035	0.0600219615535948	0.0001505381039117	0.0036026358687412	-7.407558206224969e-06	-0.0006444138701091	5.4871918578610876e-11	4.1526923598902004e-07	0.0005570009220585	0.0003460209306878	3.102500271740192e-07	1.197304844740513e-07	-0.0003319975471376	-0.0002689303096666	7.232351145739185e-08	1.1022237130538293e-07	0.0
912.5342422699796	3.504308199334787	832718.7433152458	12.280175955925015	1117.5601362427228	6.926704848594909	1248940.658118853	47.97924005954822	838.9022980895223	1.529360034797719	703757.0657398818	2.3389421160364803	873.5684954804016	790.5756339300247	1.078677	20.620632	0.0870176018452425	0.0382200626258094	-0.1199866065	0.0589118288	0.0005108966	0.1302061882	0.0570022165	0.084185964	0.2125049083	-0.0041806107	-0.0146692496	-0.0405591728	-0.1041795687	0.0228836891	-0.0840278577	0.2099838186	-0.0186815588	0.0743084067	0.0847596047	0.1184392249	-0.0583741544	-0.0132303673	0.0217577028	0.1393747437	-0.0863151475	0.1271733505	0.0630839478	-0.0711479922	0.1818197939	0.0115498822	-0.1141859013	-0.0922570554	0.2207763963	0.0103809365	-0.0233928301	-0.0102363281	0.011069751	-0.0015460501	-0.0503051793	-0.1686392421	-0.1041848941	-0.0699485139	0.029040772	0.0902117952	-0.1516391827	-0.107577754	0.0304673826	-0.1158460951	-0.0590444048	0.2285102495	-0.0453451265	-0.0796814195	-0.0887813861	-0.0067404836	-0.0456215014	0.0507944816	-0.1118201176	0.0728909564	0.096820841	-0.1740801673	-0.1124095912	0.0294430621	-0.0470618092	-0.1310638134	0.0203696064	-0.0675698228	0.0477853867	0.0099397281	-0.0295348736	-0.190252655	0.0010417536	0.2545519438	-0.030671706	-0.0402050181	-0.0076305588	0.0459172266	0.1406433651	0.1510344196	0.0504116775	-0.0200027754	-0.053552975	0.093919547	0.1006328098	0.0475043986	-0.0854872072	0.0553406827	0.0838464358	-0.0753584789	0.0096287306	-0.1833016731	-0.1449409669	-0.0111262487	0.0578710917	0.028213135	-0.0376410727	-0.022680965	-0.0742808146	0.0205860634	0.0099511793	0.0049328418	0.2465908967	0.1222481541	0.1024214758	0.0717238087	0.033413395	-0.0108747082954892	-0.0082158641206575	0.0001182592805119	6.750042324910886e-05	-0.0246662626567939	-0.0157875615039416	0.0006084245134539	0.0002492470982407	-0.0102896144086486	-0.0225590114562521	0.0001058761646786	0.0005089089978833	0.0004290515073563	0.0004364590655625	1.840851959647132e-07	1.904965159117125e-07	0.0002554135562902	-0.0003015873657682	6.523608473680716e-08	9.095493919106235e-08	-0.0004030544110946	-7.105686395700002e-05	5.049077915403609e-09	1.6245285830281485e-07	0.0
913.6438730120736	1.1096307420940548	834745.1266925022	1.2312803838002029	1113.635028146869	-3.9251080958538296	1240182.9759156776	15.406473564137276	839.8008941264092	0.8985960368868291	705265.5417755162	0.8074748375087155	874.8847958928435	802.0222549029759	0.973979	18.619177	0.0849576242734383	0.0401410195139034	-0.0869880643	0.0292138983	0.0991434106	-0.0474259813	0.0963408599	0.0528485578	0.1472807321	0.186615907	0.0094538034	-0.0353450362	-0.0940023798	0.0843230603	-0.1327825724	-0.0667080974	0.0475395493	-0.0732677856	0.0195007039	0.0388086539	-0.0231530229	0.037704031	0.1632447447	0.0733299871	0.1302023789	0.1392433243	0.0251199028	0.1047891153	0.0716856714	0.0074226557	0.0025324303	0.1384563569	-0.1016694106	0.0261719181	-0.0806605502	-0.054659782	0.0258807567	0.0217414041	0.1805060863	0.0743331582	-0.1237510958	0.1609530079	-0.1614286282	-0.0534536818	-0.0660235961	-0.1063463655	0.0759252536	-0.109527757	-0.018452285	0.1316426545	0.1589114589	0.0222012974	0.0776305192	-0.0309879851	-0.1356118726	0.0545789444	-0.149482847	0.0949248975	0.087367076	0.0228834943	0.0719347555	0.0002081506	-0.0283224885	-0.1863994485	-0.0290034812	-0.0017150523	-0.084399383	-0.0084788646	0.107453256	0.0660460513	0.0346550876	-0.0777251485	0.0386358144	0.0326658628	-0.1260477082	-0.0843051586	0.0636949553	0.1392484191	0.0374390805	-0.0301800925	-0.0358332747	0.0651504255	0.0616315625	0.021568178	-0.0739115403	0.0542038362	0.049188372	0.0108782926	-0.0158235178	-0.1151281657	-0.0932483497	-0.0435608983	0.1031222023	0.0234060814	-0.0155206714	-0.1487810294	0.0137136016	0.0218708865	0.0104520565	0.0525901529	0.0527282817	0.1211199807	0.098167988	0.063080731	0.0201956026	-0.0027715723354191	0.00810313596007	7.681613210460484e-06	6.566081238738117e-05	-0.0105808171495311	0.0140854455072627	0.0001119536915518	0.000198399775138	-0.0331550437979117	-0.022865429389263	0.0010992569292414	0.0005228278611553	-7.375692932046543e-06	-0.0004364272002883	5.440084622784133e-11	1.9046870115152454e-07	0.0006170020157096	0.0003615884594194	3.8069148738970953e-07	1.307462139852951e-07	-0.0004029978024655	5.6608629099986606e-08	3.2045368885798504e-15	1.6240722879202217e-07	0.0
909.8083736890916	-3.8354993229820593	827751.2768347897	14.711055056595836	1102.5565572024311	-11.078470944437868	1215630.9618300777	122.73251846675406	839.6393482835987	-0.161545842810483	704994.2351861063	0.0260970593293492	875.3145371856939	797.015374038333	1.114088	21.297573	0.0952720924812662	0.0439292105014974	-0.0695325841	0.1158100048	0.0050943835	0.0188286217	0.1746721886	0.0691770693	-0.1059678646	0.133291016	-0.041772307	-0.2416580399	-0.1199809146	0.1688854314	-0.0908561132	-0.0629281911	0.1055041485	-0.0291600206	0.0378063774	-0.0299783093	0.1850108671	0.0879866011	0.1217317952	-0.1062258417	-0.0410602611	-0.200224171	-0.031620133	-0.0765825559	0.174502869	0.016153128	0.0114368826	0.0868429998	-0.0201126748	0.0589936555	-0.0277237275	0.0810828818	0.0429408164	0.1965531999	-0.0816832395	0.020867091	0.2039386742	0.0583072619	0.0778451242	0.0546577579	-0.0877189618	0.1826886111	0.1191317929	-0.1752882626	0.0127218859	-0.0624749064	0.2170989602	-0.0055375729	0.0385287683	-0.0057290223	-0.0948617237	-0.004867674	0.0397252657	0.123879652	0.0756722346	-0.0914899779	0.1369948694	-0.0481683548	0.0921695026	-0.0728758003	0.0146778819	-0.0950260414	-0.0959350523	0.0364916994	-0.2324361404	0.1267218097	-0.2727303491	-0.0489866481	0.0538481665	0.0205009344	0.0328678116	-0.0311375543	0.0189137672	0.1342919453	-0.003780202	0.0159369667	-0.1606103889	0.0802978816	-0.0006425387	0.0228102978	-0.0796117349	0.08186356	0.0578055399	-0.0383100529	0.0283556346	-0.0734748945	-0.093013911	-0.0142734058	0.0747360272	0.0364918258	0.0998913253	-0.0528672238	0.0101868063	0.0381251615	0.0299784387	-0.0114563398	-0.0043575448	0.1199087977	0.0936454286	0.0540487397	0.0067565429	-0.0363101112438926	-0.0335385389084735	0.0013184241785438	0.0011248335921151	-0.0288216217941794	-0.0182408046446483	0.0008306858828467	0.0003327269540842	-0.0244823855553946	0.008672658242517	0.0005993872024829	7.521500099149973e-05	0.000170031051101	0.000177406744033	2.8910558338510872e-08	3.1473152828406893e-08	0.0002809812478683	-0.0003360207678413	7.895046165362706e-08	1.1290995642065685e-07	-0.0002200235006273	0.0001829743018382	3.3479595133176726e-08	4.841034082829149e-08	0.0
907.457578336888	-2.3507953522035905	823479.2564810492	5.526238787942003	1108.943623369725	6.387066167293824	1229755.9598123743	40.79461422538942	837.3980412350426	-2.2413070485561093	701235.479464286	5.0234572859072975	875.0871269862897	794.7145275933402	1.276045	24.393646	0.0572242566304909	0.030935312137612	0.1252237701	0.075592714	-0.1189776412	-0.0389026137	0.1195973655	-0.1293246848	-0.1855388751	0.0298297984	-0.06029197	-0.1216671732	0.0208855112	0.0813319453	0.0956830973	-0.0449276978	0.1045838587	-0.096781668	0.0668759055	0.1395075497	0.0458343373	0.1169655712	-0.0694144259	0.0107287323	-0.0307225085	-0.003183131	0.0929413998	-0.1251728955	0.0433848416	-0.1016966165	0.281097356	0.0843549492	-0.0438848818	0.0591378577	0.1319822828	0.0570240634	-0.0693226493	0.0487271877	-0.0889101813	-0.0407933966	-0.0958923823	-0.1154536216	0.1068701137	-0.0425549161	0.0200685214	0.0105766721	0.0639637086	-0.0215845677	0.1387663429	-0.1859383773	0.074653758	-0.0308628653	-0.0335106243	-0.1113450743	-0.0803943963	0.060924262	0.1203929042	-0.0167011876	-0.0439059448	-0.1771819816	-0.0204318445	0.0296330596	0.097789413	0.1722950139	-0.1121425778	-0.0172768163	-0.2045213619	0.0863390413	0.0082556867	-0.0240708277	-0.0375899882	0.0206378107	0.0109041655	0.1413593515	0.0732117209	-0.1071680538	0.0840550996	-0.0103509003	-0.0757537449	0.1038759674	-0.1271965728	0.1433062111	-0.031737621	0.0736318568	-0.0690289761	0.0470419954	0.0123014444	-0.0795437502	0.0571914877	-0.0548320381	-0.0496978529	-0.0481326199	-0.1090950736	-0.0967721247	0.0820528959	-0.0658364355	0.0094890118	0.0547138652	0.0343111962	0.041644106	-0.1665580739	0.1186154352	0.0888661936	0.0446835199	-0.0067565429	-0.0363002773668625	9.833877030102078e-06	0.0013177101369111	9.670513744316928e-11	-0.0193608817571089	0.0094607400370705	0.0003748437424127	8.950560204902876e-05	0.0012230332832672	0.0257054188386618	1.495810411979347e-06	0.000660768557671	0.0003480058892512	0.0001779748381502	1.211080989535185e-07	3.1675043014589886e-08	0.0001599864474646	-0.0001209948004037	2.559566337234321e-08	1.4639741724731208e-08	-7.802786162662833e-05	0.0001419956390006	2.016276149520907e-08	6.088347190024257e-09	0.0
905.5890735929648	-1.868504743923154	820091.5702109643	3.491309978063331	1105.905493658942	-3.0381297107828686	1223026.9609050285	9.230232139541595	835.9570246829262	-1.4410165521163665	698824.1471167305	2.07652870347334	872.9410491793518	784.9127929346902	1.239418	23.693459	0.0642321182201444	0.0437497450917598	-0.0335789701	-0.0615618707	-0.196555826	-0.1112866719	-0.0865103672	-0.0092924961	-0.1466206234	-0.1923231071	-0.1013514707	0.0305474929	-0.0067965969	-0.1416320974	0.1293076387	0.1014229478	0.1300996682	-0.0965534067	-0.0063060761	0.0332523311	0.1065220441	-0.119997093	-0.1575038668	0.1129538072	0.1356192187	-0.0270815607	0.0957610386	0.0700868841	-0.1342888848	0.0251549729	-0.1104928748	-0.0291528078	0.0205799035	0.0468999292	0.1059062339	-0.0351701859	-0.1170401646	-0.2318140387	-0.109440649	0.0587279509	0.0394660549	0.0888237428	-0.0907107373	-0.0169362025	-0.1015452371	0.111063661	0.0152053271	0.0504954599	-0.0394680529	-0.1804017244	-0.0933094579	-0.1321308004	-0.1385501911	-0.0747330831	-0.0117568828	0.066310024	0.000384569	-0.0831705408	0.039207682	-0.050186988	0.0674270948	0.0495131396	-0.0655783449	-0.0201119357	-0.1063288371	0.1320600683	0.1641888507	0.0104172293	0.0218223571	-0.0784424391	0.164559651	-0.1319777736	-0.1112445962	-0.1672542651	0.0333364809	-0.042668149	-0.0454659527	0.0893250075	0.045306302	0.0270024019	-0.0366968425	0.2184316065	-0.0864000832	0.0735422043	-0.0224958129	-0.0138195744	0.0112788697	-0.0443005397	0.0303941549	0.0055397614	0.1610575658	-0.0674501298	-0.0297327939	-0.0605480925	-0.0064798142	-0.0705682448	0.0489000321	0.0425491622	-0.0023494909	-0.0401979083	-0.0831708132	0.1172407796	0.0838433825	0.0350428114	-0.0201956026	-0.0323172917535714	0.0039829856132911	0.0010444073462854	1.5864174395683878e-05	-0.0164656079914351	0.0028952737656737	0.0002711162465276	8.38261017819894e-06	-0.0014240049097224	-0.0026470381929896	2.0277899829135006e-06	7.006811195145647e-06	-0.0004829957680113	-0.0008310016572625	2.3328491191682559e-07	6.905637543730216e-07	0.0003670050685966	0.000207018621132	1.346927203755951e-07	4.285670949539457e-08	-2.191172705732844e-05	5.6116134569299886e-05	3.149020558999773e-09	4.801237826348591e-10	0.0
905.769643952409	0.1805703594441183	820418.6479056737	0.0326056547097781	1105.3103138102529	-0.595179848689213	1221710.8898153196	0.3542390522857145	834.9722662817073	-0.984758401218869	697178.6854596104	0.9697491087711432	871.6422169836766	785.9804500398182	1.157661	22.130554	0.1275146852523491	0.0620022601456077	-0.0106574562	0.1300507317	-0.2062470757	0.0254505283	0.081599946	-0.0063685045	0.0480044584	-0.242869078	0.037243218	-0.0755711538	-0.0367778823	-0.0648409191	0.2487445617	0.0798204972	0.0399990509	0.1082385865	0.0148331388	0.0001931187	0.0114900545	-0.1217104155	0.0296324765	-0.1122420146	-0.0783674514	0.0623546093	-0.1020688104	-0.1252025259	0.000590057	0.0381579714	-0.0096549782	0.0710329544	-0.0869943693	-0.0204918373	-0.0757770714	0.0147578893	-0.221945872	0.0800591662	0.1817057554	-0.0371495491	-0.024458815	0.0050939295	0.1910175057	-0.0379725802	-0.0033773263	-0.0322625834	0.0433963225	-0.1050243807	0.0410358315	-0.0578308341	-0.2328467571	-0.1229513694	-0.0354320375	0.1221743273	0.0864359255	0.0311800434	-0.0799454353	0.0100296783	0.0134953862	-0.1113593448	-0.0750691459	-0.1002635183	0.0922559359	0.0357998653	-0.0480659969	-0.0183194486	0.011406727	-0.1198758653	0.0108957837	-0.0306718873	0.0549620182	-0.0206419765	0.099294679	-0.0095801381	-0.0612339505	0.0514004052	-0.010535244	0.0959324444	-0.0537817801	0.0400195025	-0.1730142063	0.0788935467	-0.1788998292	0.0050631656	0.0174980374	0.0097520872	-0.0233720381	-0.005478436	0.0500426073	0.0588630608	0.1413543933	-0.0712192497	0.1198983635	0.0829923833	0.0286100239	0.0303220663	-0.0838280078	0.0470457334	0.048547001	0.0152122564	-0.1889282935	0.1157857731	0.0785907625	0.0251860523	-0.033413395	-0.0363622446502489	-0.0040449528966775	0.0013222128360045	1.6361643936339704e-05	-0.043633106610855	-0.0271674986194199	0.0019038479925142	0.0007380729812361	-0.0498725364624306	-0.0484485315527082	0.0024872698931964	0.0023472602096137	-0.0001560096410668	0.0003269861269445	2.4339008105791764e-08	1.0691992721416469e-07	-0.0001059860981251	-0.0004729911667217	1.1233052995783328e-08	2.23720643796755e-07	-0.000179008477062	-0.0001570967500046	2.467938886203027e-08	3.2044034860056585e-08	0.0
906.4119838042028	0.6423398517938494	821582.6843838705	0.4126004852025445	1108.596196237218	3.285882426965145	1228985.5263116283	10.797023323838353	836.4405874904198	1.4683212087124955	699632.8564013187	2.1559671719549245	872.7238125465506	782.6558336848304	1.308189	25.008127	0.0907561967284219	0.0449926941246996	0.1375757074	-0.0566577701	-0.1436418569	0.2146999828	-0.0575997454	-0.1692222465	0.0188885407	-0.0991052418	-0.0394349578	-0.1448219404	0.1586295296	-0.0544834571	0.0371013737	-0.0846270563	0.1492330133	-0.0486759436	0.0207683912	-0.0466106182	-0.0868865509	0.0623677793	-0.006615192	-0.1017675114	0.0326044722	0.1820544549	0.0498259058	-0.12205269	0.0456602856	-0.0576957984	-0.0022991269	0.0534340436	-0.1398003358	-0.1336040318	-0.0389057003	-0.1079012888	-0.2329229129	0.100680872	0.0568832509	-0.0156231233	-0.0290262326	0.0448362876	-0.0761599934	0.0092000531	0.0486757373	0.0069411398	0.0329762015	0.1088888882	0.1123024376	-0.0233806566	-0.0460348827	-0.1113005729	0.0584134887	0.0190545383	-0.0866183428	0.002103745	-0.1291305405	0.0335575892	-0.0726737356	0.0093083008	-0.1005136775	0.024780309	0.0718803974	0.0327261892	-0.202727291	-0.0379580102	-0.1429854323	-0.1532381147	0.1077698459	-0.0115252306	-0.0602957379	-0.0667894132	0.0032014245	-0.0454684896	-0.0987919769	0.0854131959	0.0786117863	0.0054637327	-0.0724545894	0.1505266233	0.0244714544	0.1267816225	-0.103740083	0.0360601802	0.0689615432	-0.0124193051	-0.0193763263	0.0377648676	0.0599007001	-0.0318094373	0.0348962197	-0.0988954625	-0.0835989367	0.0639241638	0.0737401979	0.1763008702	0.0608753064	0.1339279858	-0.0189269953	0.0356329078	-0.0530212903	0.1142514127	0.0731227308	0.0151740128	-0.0462651033	-0.0066173786121339	0.029744866038115	4.378969969632718e-05	0.0008847570556254	-0.0426192009043262	0.0010139057065288	0.0018163962857233	1.0280047817316715e-06	-0.0400776506632425	0.0097948857991881	0.0016062180826849	9.593978781913671e-05	0.0002990464266659	0.0004550560677327	8.942876530164351e-08	2.0707602478034769e-07	0.0003669620885891	0.0004729481867142	1.346611744616745e-07	2.2367998731624987e-07	-0.0002550550063069	-7.604652924490002e-05	5.783074610195434e-09	6.50530562422128e-08	0.0
907.1597182172144	0.7477344130115853	822938.7543559358	0.55910675240178	1103.509282704946	-5.086913532272092	1217732.7370159845	25.876689284812933	836.7389105688168	0.2983230783969475	700132.0044598903	0.0889966591042312	872.4032938156503	781.2163028626214	1.350108	25.809481	0.0970142322435013	0.0557442116021936	-0.1048201462	-0.0729078988	-0.1866738045	0.0212786729	-0.0880740713	0.0967506708	0.0312480452	-0.1304896633	-0.0300908579	-0.062314023	-0.0574727106	-0.1061873673	-0.0445597451	0.0212037295	0.1365753186	-0.0326057772	-0.0456092471	0.0851293229	0.0666174725	-0.0858860208	0.1289361816	0.0641738293	-0.0838168878	-0.0957376925	-0.1662337943	-0.0315594284	0.0028593893	-0.0652545438	0.0571021061	0.1668804827	-0.1720327557	0.0461757048	0.0780758672	0.0686228883	0.0789414771	0.0739024083	0.0003513347	-0.0119286839	-0.0431175211	-0.1306743039	-0.0695246869	0.0434719824	0.0808529695	-0.0379580686	0.0672696326	0.0337778725	-0.1274892426	-0.030836428	-0.0215096405	-0.1041823976	-0.0096105062	-0.0140053266	-0.0727452686	0.1309944191	-0.0938755489	0.0037001529	-0.0873853608	-0.0569900579	0.2077527555	0.0084737256	0.0732238541	0.0653085883	0.0203864233	-0.1810985972	0.0047894206	-0.0372975604	-0.0539889997	0.1433866371	-0.060125095	-0.0727220494	-0.0602042751	0.0636858377	-0.0822523027	0.0262657968	0.0151676746	0.1316338813	0.0610711687	0.048679965	0.0178119981	0.1049961829	-0.0678964947	0.0661972742	0.0108076305	-0.1018020976	-0.0534827268	-0.0389230231	0.0293525685	0.0037750462	0.115432972	-0.0304450242	-0.0792397895	-0.0390931342	-0.1105960783	0.0128458837	0.0651051011	0.0567804552	0.000729004	-0.0646746919	0.0508348987	0.1126387502	0.0674542747	0.0050684204	-0.0586099215	-0.0051490504597069	0.001468328152427	2.6512720636607834e-05	2.1559875632096886e-06	-0.0141787188927082	0.028440482011618	0.0002010360694384	0.0008088610170531	0.0028961200767838	0.0429737707400263	8.387511499150204e-06	0.0018467449716163	0.0003366032337052	3.7556807039299976e-05	1.133017369407975e-07	1.410513754987212e-09	0.0008119566147735	0.0004449945261843	6.592735442744418e-07	1.9802012833407865e-07	-0.0002551366998718	-8.169356489998473e-08	6.6738385460680166e-15	6.509473562147295e-08	0.0
908.3404658608116	1.1807476435972148	825082.4019202363	1.3941649978603754	1101.892918089642	-1.6163646153038371	1214168.0029361066	2.6126345696063216	836.6376295258727	-0.1012810429440378	699962.5231386715	0.010257849659832	871.8500701604615	785.090003385998	1.230963	23.531836	0.122927468397399	0.061721293972539	-0.0385822151	0.1624000987	-0.1322045565	0.034218079	0.1568638367	0.0210752132	0.0890568905	-0.1291284278	-0.049338226	-0.0428361411	-0.0870992558	0.0902844131	0.1562900262	-0.0144030944	0.0550764028	0.0026809989	0.0500126552	0.0910706104	-0.0675268034	0.0253634003	0.0798702993	-0.0976773539	-0.0918241151	0.0464579942	0.0121706807	0.1233228128	0.0241081877	0.1370598846	-0.0452009052	0.0084690246	-0.115730725	-0.1277035765	0.0068933177	-0.0089103239	-0.0339986976	-0.0987256391	-0.0488942177	-0.1081837079	0.0436994658	-0.0704210627	0.0661183565	-0.0151582578	0.1297688741	-0.0156933995	0.0539801139	-0.1642802743	0.0645120205	0.0111740865	-0.0564389388	-0.0557112789	-0.004842852	-0.030603372	-0.0435964487	0.0419327197	-0.1382493577	-0.0647094618	-0.0014081249	-0.056355631	-0.1032109268	-0.0342355562	0.0609691767	-0.0839485231	0.150707224	0.0660467966	-0.0899343851	0.0052914627	-0.0464714604	0.0245545565	0.0102848396	-0.0911962662	-0.0476128315	0.0296809111	0.0468593803	0.0726364127	-0.019315104	0.1220601266	-0.0306219991	0.037057448	-0.1480053173	0.0507244121	0.0648666398	0.0283323585	0.0353137535	-0.0738652274	0.0068338419	-0.0225795509	0.1077870394	-0.0046840217	0.1283058254	-0.0618521534	0.065597566	0.032555461	0.0052529563	0.043752088	-0.1222341064	0.0246021876	0.0077964329	-0.0561675207	-0.1235224388	0.1109488906	0.0616009311	-0.0050684204	-0.0703125971	0.0105464283372924	0.0156954787969993	0.0001112271506736	0.000246348054667	-0.0001551244426281	0.0140235944500801	2.4063592700678692e-08	0.0001966612013003	-0.0069292914352274	-0.0098254115120112	4.80150797943158e-05	9.65387113803622e-05	-0.0004829960920332	-0.0008195993257384	2.332852249193434e-07	6.717430547508398e-07	4.104304871233033e-05	-0.0007709135660611	1.6845318476027203e-09	5.943077263371493e-07	-0.0001779899189052	7.714678096659998e-05	5.9516258135085525e-09	3.1680411231879675e-08	0.0
908.9196395106032	0.5791736497916418	826134.9110880849	0.3354421166129713	1108.4972821975766	6.604364107934543	1228766.224639414	43.61762527017404	836.4146477807926	-0.2229817450801192	699589.4630222673	0.0497208586389752	872.4505680914597	791.7435378324418	1.23912	23.687763	0.0918152631987523	0.0440347426346787	0.1404297201	0.0403771523	-0.0483039998	0.0423605901	0.060727375	-0.1370609217	0.0168970393	-0.0654243329	-0.1892944271	-0.0258401081	0.0995096242	0.0036771378	0.1151582578	0.0030813236	0.1225074805	-0.0355064317	0.1095006853	0.0053125021	0.0331932772	-0.004417625	-0.1301777334	-0.0792799158	0.1087246172	-0.0550754457	-0.0541594456	-0.0338170391	-0.1073441196	-0.1328763573	0.1659511254	-0.1073376294	0.1817910603	-0.0531914405	-0.0245648023	-0.0298604123	-0.0667472049	0.1428240474	-0.0072895256	-0.0577080191	-0.0216164442	-0.0021822646	-0.0615073992	0.2944518183	0.0693905833	0.1352369061	-0.0921546883	0.0199825259	0.1458573359	-0.015190362	-0.0504029381	-0.1170021299	-0.024469817	-0.1653306205	-0.0360461352	0.0529833879	0.0524784634	-0.0093858807	-0.0301629007	-0.047821272	-0.0279659782	0.0026873917	0.0538731405	0.0904520663	-0.0461908434	0.0347047136	0.0354708658	-0.1158928252	0.1746185754	0.011991602	0.0027998484	0.0161852854	0.1343123821	-0.1227555426	0.0754981665	0.147885523	-0.0474214219	-0.0308541685	-0.108364816	0.107602931	-0.0263801803	0.0874805647	-0.0193388909	0.0545475258	0.0246544235	-0.0097453873	-0.0987282106	0.0381463436	0.0622999734	-0.0668428742	-0.0647505042	-0.0565475541	-0.1189427696	-0.0720343015	0.0612561753	0.0313219431	0.0094388703	-0.0024055238	0.0481940252	-0.0509206667	-0.1963318877	0.1091829923	0.0555787436	-0.0151740128	-0.0812449131	-0.0050161223919218	-0.0155625507292142	2.516148385073928e-05	0.0002421929851993	-0.0144705048975737	-0.0143153804549456	0.0002093955119907	0.0002049301175698	-0.0376684728551097	-0.0307391814198823	0.0014189138472361	0.0009448972743644	-2.298396610636477e-05	0.0004600121259268	5.282626979785245e-10	2.1161115599972653e-07	0.0001930017804501	0.0001519587317377	3.72496872569086e-08	2.3091456151351445e-08	-0.0001659977646756	1.1992154229600014e-05	1.4381176306651352e-10	2.7555257877295876e-08	0.0
907.4711572222004	-1.448482288402829	823503.9011901995	2.098100939816696	1107.5019945417132	-0.9952876558634216	1226560.667913873	0.9905975179141048	835.820843621749	-0.5938041590436569	698596.4826325722	0.3526033792975446	871.6645730825571	790.1266089598338	1.269123	24.26133	0.1331114195511571	0.0645413311187703	-0.0549533328	-0.0839489873	-0.1334137611	-0.1454526975	-0.1068785407	0.0095134708	-0.0490963744	-0.0714826009	-0.1346132899	0.0741345163	0.0198234266	-0.1217961386	0.0403526859	0.0502383579	0.1192392521	-0.0582143059	0.1897164037	0.2371419119	-0.0924992373	0.0429764426	-0.1814196393	0.0633539617	-0.055290281	0.091922131	-0.0287373193	-0.012773696	-0.0190505	0.0918256994	-0.0521118812	0.0987282969	-0.1095393634	-0.0077451673	-0.195754663	-0.067793434	0.1029706454	0.006915476	0.0413371913	0.0380137891	-0.0386594754	0.0262040866	-0.0819758287	0.0864288512	-0.0761497037	-0.0330674155	0.0434402082	0.086790311	-0.035027514	-0.0693366815	-0.0498850293	-0.1125382161	-0.0578339763	-0.1820366261	-0.0864043225	0.1531772758	-0.1785487544	-0.1864705425	0.0671213687	-0.0006177988	-0.0839760329	-0.0375161874	-0.1365524445	-0.0667235401	-0.0628664923	-0.0274915132	0.055727681	0.103092434	0.0151303536	-0.0024589609	0.0930222337	0.0517581231	0.0228027761	0.0749055258	-0.1464969951	-0.1254526872	0.0166817823	0.074435429	0.0690544046	0.0229475214	0.0325779407	0.112934212	-0.0087214989	0.0721796838	0.0337669511	-0.0810857829	-0.0402906223	-0.0538026712	0.037547558	0.0209790868	0.1722408476	0.0309049861	-0.0330033722	-0.1269538803	-0.0374733102	-0.0342911367	0.0359820769	0.0127156017	-0.0988760172	-0.1291552596	0.0821511995	0.1073422654	0.0494042187	-0.0251860523	-0.0912870929	0.0013525787520194	0.0063687011439412	1.8294692804143573e-06	4.056035426083796e-05	0.020710983228156	0.0351814881257297	0.0004289448262769	0.0012377371067408	-0.0031261529190445	0.0345423199360652	9.772832073250449e-06	0.0011931718665654	0.0005989898210598	0.0006219737871661	3.587888057332512e-07	3.8685139192182163e-07	7.957167120964392e-05	-0.0001134301092404	6.331650859095676e-09	1.2866389682301797e-08	0.0002389765458262	0.0004049743105018	1.6400419216640833e-07	5.710978945502187e-08	0.0
909.0323327795004	1.5611755572999757	826339.7820385403	2.437269120710889	1107.4766459225689	-0.0253486191443244	1226504.521263903	0.000642552492524	835.7042156750642	-0.1166279466847299	698401.5360970743	0.0136020779478962	871.2839138699046	782.6179760796683	1.264695	24.176666	0.1249299147293464	0.0601457274910016	-0.0351692668	0.1429052201	-0.1098296584	0.0687765757	0.0732093218	0.0394201934	0.0892384537	-0.1617854451	0.0327004372	-0.0668319074	-0.0803918911	0.0092110998	0.1550514879	0.0134484287	0.025914211	0.0761685919	0.0133224794	0.0084235219	-0.059079158	-0.0270401017	0.0972470759	0.1948813201	0.0561667265	0.074724217	-0.0707285796	-0.0028014827	-0.0119945884	0.0780859551	-0.0354827792	-0.0458641687	-0.0808203125	-0.1052987968	-0.0329052406	0.0785856661	-0.0045294403	-0.0504872996	-0.0567916924	-0.2483987319	-0.0239962319	-0.0879412406	0.0616581793	0.0205804914	-0.1219810319	0.0711868813	0.0268253707	-0.133256047	0.0061187059	0.0465200415	-0.1450776265	-0.0461539809	-0.0091421246	0.0474079372	0.018690921	0.0045052161	-0.1114845996	-0.0034429608	-0.1329824856	-0.1606232308	-0.065330268	-0.0197702199	-0.0865358755	-0.0218009692	-0.0119104114	0.0970527829	0.0179946658	-0.1428760519	-0.0782246495	-0.0030860746	0.0736625836	-0.0498468966	-0.0656019217	-0.0005816914	0.0239437109	0.0056441454	-0.097317229	0.0660361318	-0.0362094337	-0.0140049162	-0.1387907564	0.0115655932	0.0532627497	0.0246966555	0.0297843268	-0.0358904371	0.0124436558	0.0247167304	0.0909484951	0.0308964824	0.1211519318	-0.0382925692	0.0413973931	0.095551365	0.0509533913	0.0332544959	-0.1358492096	-0.0439931193	-0.0128303921	-0.0684347	-0.0717916857	0.1054279714	0.0430942802	-0.0350428114	-0.1003291122	0.0034117308237853	0.0020591520717659	1.1639907213966722e-05	4.240107254657798e-06	0.0464065043208563	0.0256955210927003	0.0021535636432816	0.0006602598042254	-0.041272887853907	-0.0381467349348625	0.0017034512718011	0.0014551733861906	-2.984408039296779e-06	-0.000601974229099	8.906691345019244e-12	3.623729724994519e-07	-4.5001243590414575e-05	-0.0001245729148	2.025111924683829e-09	1.5518411101782638e-08	0.0006929995345274	0.0004540229887012	2.0613687426917e-07	4.802483548551931e-07	0.0
910.0690017527248	1.0366689732244367	828225.587951201	1.074682560046208	1111.1554204874517	3.678774564882815	1234666.3684786456	13.533382299228744	836.5754722112342	0.8712565361699944	699858.5207054495	0.7590879518189368	871.9946569764282	793.6210096268427	1.309962	25.042017	0.0473517139492715	0.0243536939305131	0.1477479573	-0.013571683	0.0409448457	0.1069070101	0.0158577306	-0.1488536492	0.1233885092	0.0121802857	-0.0894020239	0.0554859998	0.1110713464	0.0721501627	0.1453132898	0.0204577853	-0.0457482675	-0.0296805365	0.2049040667	-0.1456380726	-0.0315501342	0.1055350967	0.0252361856	0.0571033566	0.0978472184	-0.0671286358	-0.1262172306	-0.0163653049	-0.0407651117	0.040923727	-0.0806411451	-0.1507480508	0.0846498074	0.0221419596	0.0091577496	0.0115633352	0.0220803933	0.2607449592	0.0982747134	0.1387243013	0.0477983871	-0.1547908404	-0.1945947115	-0.0306393999	0.0651111666	0.0083575725	-0.047977436	0.0558410158	0.1475636435	0.0768148838	-0.0456727235	-0.0294027881	-0.029650332	-0.1130211096	-0.0651277702	0.038244491	0.0278486617	0.1035951309	-0.0175982802	0.1398325468	-0.0192351248	0.0215377663	-0.0015272822	0.0553195065	0.0831447663	0.1702239728	0.0930223874	-0.0365242515	-0.033875213	0.1441331438	-0.0497067436	0.0069507331	0.0472623089	-0.0978056175	0.09329291	-0.0430333399	-0.0515052573	-0.0335190051	-0.0926294165	0.086529469	0.0103977479	0.0887187252	0.0245922241	0.0735121396	0.0713837063	0.0242300205	0.0363271456	0.0708576595	0.0109683882	0.0043015569	-0.0518962966	-0.1156560574	-0.1569545749	0.053187156	0.0270717897	0.0042394014	-0.0130212028	-0.0677929468	-0.0094053923	-0.1473262223	-0.0721909528	0.1034414224	0.0366662233	-0.0446835199	-0.1082719048	0.0002881159740866	-0.0031236148496987	8.301081452387037e-08	9.756969729258232e-06	0.0291108279446348	-0.0172956763762215	0.0008474403036221	0.0002991404213109	-0.0286684045185197	0.0126044833353873	0.0008218774176374	0.000158873000152	-2.4247809152024057e-06	5.596271240943733e-07	5.8795624867298155e-12	3.1318251802213904e-13	-0.0002470004696417	-0.0002019992260512	6.100923200322036e-08	4.08036873253183e-08	0.0006089995999435	-8.399993458390004e-05	7.055989010099485e-09	3.70880512731343e-07	0.0
911.7184217572468	1.6494200045219714	831230.4805715249	2.72058635131726	1109.722707799963	-1.4327126874886744	1231484.488206882	2.05266564489102	837.4516628603392	0.8761906491049558	701325.2876275472	0.7677100535789638	872.9906430907804	789.3501533871605	1.320862	25.250401	0.0410050067208018	0.0305768197658394	-0.0934434093	-0.0904554017	0.0476120906	0.0127102768	-0.0957387955	0.0624692407	0.1089182226	0.0521179066	-0.1093031516	-0.1315325838	0.0306492665	-0.0909615786	-0.1192887345	0.1261793282	0.0310452931	0.0449672148	0.1486316886	-0.0789343749	0.1155226047	-0.0466281437	-0.080629533	0.0030121498	0.0710915521	-0.0830317296	-0.0324852928	-0.0185536984	-0.0456224796	0.0107942215	-0.2217738945	-0.0082677551	0.1522182084	-0.0709364765	0.0982046938	-0.0148785008	0.1012528389	0.0673160922	-0.0559156488	0.0536250299	0.0201307346	-0.009099463	0.1756237601	0.1273131462	0.1614087523	0.0225293296	0.0059760085	0.067179701	-0.0860458121	0.08561708	0.0278446734	-0.17468952	-0.0635213706	-0.0664133841	0.0561896493	0.0724355443	0.0407255299	0.12267744	0.1443292036	0.0450724652	-0.0643436168	0.0537957547	-0.007892211	0.0288338426	-0.04343453	-0.0218321901	0.1851223769	-0.0739939958	-0.0432349597	0.1625238038	-0.1200732543	0.2000211856	-0.1539132644	-0.1915836277	0.0642331102	0.0712264628	-0.0583029409	0.1036135632	0.0349248967	-0.018612794	0.1155514398	0.0302533233	-0.0290039479	0.0207038931	0.0492155429	-0.020535497	-0.028085138	0.1199353876	-0.0604697683	0.0278260018	0.0934375716	-0.0203356178	-0.0271946057	0.0089566464	-0.0285438286	-0.0451415185	0.0674969044	0.0576410357	-0.0020165816	-0.1306977182	0.0045965418	0.1013839798	0.0301376669	-0.0540487397	-0.1150284477	0.0107381120002116	0.010449996026125	0.000115307049329	0.000109202416946	0.0272298734737432	-0.0018809544708916	0.000741466009396	3.5379897215671014e-06	-0.0573424607423049	-0.0286740562237852	0.0032881578039827	0.0008222015003247	-2.4247809152024057e-06	0.0	5.8795624867298155e-12	0.0	-0.0002470004696417	0.0	6.100923200322036e-08	0.0	0.0006089995999435	0.0	0.0	3.70880512731343e-07	0.0
913.75179756778	2.033375810533244	834942.3475583493	4.134617186861726	1111.5987835151348	1.876075715171737	1235651.8555123275	3.519660089057145	837.3909064184261	-0.0607564419130994	701223.5301522732	0.0036913452339398	870.417110287031	794.1013372285025	1.161946	22.212465	0.0367876766169833	0.0208260116969791	-0.0879347784	0.0857727992	0.1827119062	0.1087017464	0.0728225388	0.0859439414	0.1842991431	0.1093033832	0.0320649534	-0.1331669759	-0.1294555453	0.0432902598	-0.0666303863	0.0483289326	-0.0323332624	0.0792158312	0.0481601727	-0.1149213668	0.1323821839	-0.0999596678	0.1521550145	0.0072968923	0.1505466904	0.0936330151	0.007639469	0.045418834	0.0312688102	0.0334964748	-0.0323364755	0.1800645107	0.0419193836	0.0456720497	-0.0428550221	0.08167715	0.0006685847	-0.0932817449	-0.0310259823	-0.0128729174	0.0087725654	0.1181797831	-0.0739189017	0.0446396029	0.0171652422	-0.0376090158	-0.0877001816	-0.1288693253	-0.0669206987	0.2347811984	0.0198210964	-0.0072970188	0.0583814833	0.0696307766	-0.0360993635	-0.0026054567	0.0450542487	0.0967800597	0.0506308581	0.030283306	0.2054429137	0.049354851	-0.0298761766	-0.0420343469	-0.0557708863	0.0803410719	0.0497804305	-0.0463937188	-0.0489108929	0.0144401729	0.1488618271	-0.0972480872	0.0530052714	0.0164218625	0.0106348199	-0.1341500634	-0.1735819162	0.1123128377	-0.0138215626	0.0195937402	-0.0490516568	-0.1067613704	-0.0089335662	-0.0531028056	0.0218843751	0.0132105091	0.0212630136	0.1350722276	-0.0813520993	0.0315483986	-0.1405822348	-0.0507498842	-0.0406047605	0.0909462291	0.0335936048	0.0811320135	0.0677270456	0.1648625079	-0.0301209091	-0.1438268979	0.1142108915	0.0992570537	0.0235265052	-0.063080731	-0.1205247148	0.0002773333218044	-0.0104607786784071	7.69137713830629e-08	0.0001094278905586	0.0178388146624257	-0.0093910588113175	0.0003182233085603	8.819198559762406e-05	-0.0559882351250564	0.0013542256172485	0.0031346824724185	1.8339270224120888e-06	0.0003090747614225	0.0003114995423377	9.552720814837528e-08	9.703196487659804e-08	-0.000246905934665	9.453497670000024e-08	6.096254057279723e-08	8.936861819669588e-15	0.0006090377928293	3.8192885800053366e-08	1.4586965257359177e-15	3.709270330943854e-07	0.0
912.4278853238258	-1.3239122439542823	832524.6459165085	1.7527436296920638	1104.368659590202	-7.230123924932741	1219630.1362850594	52.27469196988482	838.298092689997	0.9071862715709358	702743.6922076868	0.8229869313267757	871.846894009804	801.9779694511777	1.219491	23.312523	0.0328916165772204	0.0224624022113818	0.0982091374	0.0659959215	0.204272957	-0.0737988977	0.1032494867	-0.0649266667	0.0236511436	0.1691676141	-0.0122126772	0.0493974251	0.0385880439	0.1238425876	-0.0361688383	-0.0322576339	-0.0165041272	0.0262258473	-0.0346396894	-0.0112843616	0.0736373172	0.1359194876	0.022678282	0.0753008809	-0.088537142	0.0783541645	0.1584752618	0.1535063517	-0.1548426717	-0.341628803	0.0375465474	-0.0058256994	-0.0913801557	-0.0938664508	-0.1698537609	0.1197155516	0.029469036	-0.1044114925	0.0708662828	0.0242562368	0.2124492349	-0.1433229524	0.0413757459	-0.0297755964	-0.0398543349	0.0397745579	0.0168409643	-0.0311321944	0.1125467722	0.0953146205	0.098752161	0.0731982115	0.0424359829	-0.004914721	-0.0513046576	-0.0189289054	0.0564304077	-0.0984953042	0.1220407183	0.0899763322	0.1312318983	0.1189980345	-0.1407273967	0.0175832287	0.0017225571	-0.0966709694	-0.1790623347	-0.1483084979	0.0693626981	-0.1730771672	0.0918144743	-0.0367608068	0.0884620845	0.1182849241	0.0271432727	0.1966296071	-0.0339244076	-0.0407279365	-0.1086429133	0.07665887	-0.0219154636	-0.067387059	-0.036360473	-0.0768311915	-0.0077733438	-0.0148187518	-0.0357055558	0.1181243374	-0.0875632081	-0.0580747393	-0.1070437891	0.005362386	0.006544852	-0.0239747949	-0.0649140282	-0.0375270452	0.1638789321	0.132239465	0.0303046321	-0.0087761534	-0.0433616141	0.0970621018	0.016850859	-0.0717238087	-0.124700488	0.0002856850614136	8.351739609199977e-06	8.16159543148924e-08	6.975155449987978e-11	0.0123612096294607	-0.0054776050329649	0.0001527995035034	3.0004156897163484e-05	-0.0770911816271677	-0.0211029465021113	0.0059430502846729	0.0004453343510709	0.0004350749489277	0.0001260001875052	1.892902111844408e-07	1.5876047251345567e-08	-0.0002468672699897	3.866467529999029e-08	6.094344899216744e-08	1.4949571160536794e-15	0.0006090532066995	1.541387019995781e-08	2.3758739454114743e-16	3.709458085909439e-07	0.0
912.0121865156368	-0.4156988081889494	831766.2283530327	0.172805499129713	1107.0043802150888	2.635720624886744	1225458.6978153929	6.947023212453369	837.2397024806542	-1.0583902093428603	700970.3194098943	1.120189835232824	872.3762267217309	798.8201225757599	1.261523	24.116043	0.0312222110222607	0.0183482996215289	0.0097797748	-0.1397809075	0.0767296561	-0.1366530678	-0.0809597721	-0.0326694056	-0.1430171186	0.0859451381	0.0177330842	0.0367345464	0.0774521037	-0.0368721163	-0.0767619929	0.0702719269	-0.0084516088	0.0250538509	-0.0949849157	0.0349916598	-0.0035707213	0.0356369755	-0.1332559844	-0.0268780284	0.0970356081	-0.0869680211	0.1393056708	0.1100811806	-0.0119462471	-0.0907825319	0.0031986629	-0.048541165	-0.0924615659	-0.0159760057	-0.0995394168	0.0325925025	-0.0603733707	-0.0341315074	0.041156177	0.0518072983	-0.0522816052	-0.1179701029	0.0625222934	-0.1421197457	-0.0005001341	-0.0396508911	-0.1551575234	0.1200452182	-0.0093345525	-0.0312705887	0.0592958623	0.0360196248	-0.0404275659	0.0062859811	-0.0083504648	-0.0368363865	0.1943152097	-0.1155906765	0.1171371745	0.0675925653	-0.0940641991	0.0372005481	0.0005142582	-0.1181039613	-0.0321848958	0.037977033	-0.0140478934	-0.0455348967	-0.0068503015	-0.0102749847	0.0503148399	-0.0333985508	0.0719011263	0.0372892435	-0.0152363649	0.0336384328	0.0136719922	-0.0327738705	0.0499334469	-0.0347788224	0.1070168783	0.0395069507	-0.0696934809	-0.0804757156	-0.0530514976	-0.0693136888	-0.0054953071	0.1214309094	-0.0773653264	-0.0722712117	0.0304755926	0.1187618918	0.1246948741	0.0329828201	-0.0638288413	0.0664153048	-0.0361442247	0.1578307914	0.0873371159	0.0587282698	0.0642073699	0.0948006283	0.0101290257	-0.0799246852	-0.1275100165	9.357575513035954e-05	-0.0001921093062832	8.756421948217011e-09	3.690598556062789e-08	0.0189687099482398	0.006607500318779	0.0003598119571004	4.36590604626659e-05	-0.0621217635946393	0.0149694180325284	0.0038591135121082	0.0002240834762325	0.0004921154597224	5.70405107947e-05	2.421776256977891e-07	3.2536198717202877e-09	-0.0003788506370077	-0.000131983367018	1.435278051611401e-07	1.7419609169408102e-08	0.0006090929961802	3.978948069996175e-08	1.5832027743726286e-15	3.7099427799577306e-07	0.0
911.6174343080216	-0.3947522076151699	831046.3465343402	0.1558293054170502	1105.5099744759932	-1.494405739095555	1222152.303665911	2.233248513041732	837.2354903595357	-0.0042121211184849	700963.2663175721	1.77419643167865e-05	872.4141678131153	794.330089986892	1.321472	25.262062	0.0431106749818735	0.0261241907236729	-0.1221487854	0.050871871	0.0481817773	0.0801265472	0.0430874567	0.1369948679	-0.0691133616	-0.0026454358	0.0880274062	0.0410612056	-0.1671019081	0.0299637125	-0.0178830154	0.0519396947	-0.075310711	0.0113921687	-0.1762229063	-0.1439820508	-0.0020471207	0.0426625965	0.0491940986	-0.0573820488	-0.002506577	0.1367334716	-0.0277422663	0.2284284142	0.0354329618	0.0318968897	0.1360067476	-0.0636003916	0.0105393481	-0.1300798108	-0.0109787717	-0.0676320796	0.0154793977	0.0361275492	0.0045361895	-0.0538165181	-0.115249209	-0.1128720868	-0.1775171462	-0.0698001417	0.1788786597	-0.0855555986	-0.1100837346	-0.0996748175	-0.1305079484	-0.0323758484	-0.0300164683	0.1108104737	-0.053029386	0.1205249227	-0.0344729919	-0.0327719724	0.0958197254	0.1333499501	-0.0434028752	0.1079011253	0.0202188182	-0.0030825179	-0.1004492093	-0.0520840765	0.127126299	0.0459006337	-0.154217722	0.0907620877	0.063268863	-0.0709312483	0.0324084467	-0.1342907508	0.0503934036	-0.0057696915	0.1025939652	0.1406452555	0.0311244032	0.0262066223	0.0354298671	-0.1381907503	-0.0682801543	-0.0475143992	-0.0191861241	-0.06669528	0.0149823147	-0.0429450517	-0.0375719352	0.0713882603	-0.0334886672	-0.0210240876	-0.0870909317	-0.0377123057	0.0194178144	0.0188111049	-0.0815604167	0.1439604637	-0.0257374863	-0.0255008473	0.0409513145	-0.0100527914	0.1463624263	0.0924741833	0.0033794295	-0.0876327994	-0.1289225186	-0.0031477504510633	-0.0032413262061936	9.908332902169207e-06	1.050619557495778e-05	0.0170617087586322	-0.0019070011896075	0.0002911019057643	3.636653537164797e-06	-0.060151815503282	0.0019699480913573	0.0036182409083408	3.88069548264228e-06	0.0002281848790037	-0.0002639305807187	5.2068339005933213e-08	6.965935143851023e-08	-0.000354880951614	2.3969685393700007e-05	1.259404898184582e-07	5.745458178729553e-10	0.0010410407199621	0.0004319477237819	1.865788360803646e-07	1.0837657806192074e-06	0.0
910.270309092474	-1.347125215547635	828592.0356153082	1.814746346364262	1108.904383478938	3.3944090029447125	1229668.931698803	11.522012479272115	837.0523172885556	-0.1831730709800467	700656.5818781408	0.0335523739322612	872.0896699596349	790.5394607543946	1.341026	25.635855	0.036178837677913	0.016806378975371	0.1353870226	0.0395171092	0.0678697785	-0.0543030982	0.079305198	-0.1105292855	-0.1394883868	0.0655503067	0.0481045768	-0.0450038019	0.0855576067	0.06405863	0.0222105352	-0.043641096	-0.067110179	-0.1293480771	0.012601821	-0.0900896687	0.1830584279	-0.0172647703	0.0067256629	0.0562238182	0.0614814413	-0.0327750863	-0.0783163741	-0.0439148896	0.0809564075	-0.0834707622	-0.0054126403	-0.190053433	-0.1273538698	-0.0567303639	0.0637308962	-0.1175714164	-0.0484385399	-0.0979616633	0.004751925	0.0544643632	-0.1171130794	0.0755834978	-0.0479096005	0.0032729083	-0.0964851514	0.0503417947	-0.0321671938	0.0118849538	0.1181354417	-0.0917878663	0.0248257021	0.0947070586	-0.027674071	-0.0719249346	-0.0110488847	-0.1092857753	0.1242601	0.1120855923	0.0235944286	-0.0387042939	0.1189098878	0.0414448496	-0.022070185	0.0954906255	0.0349425053	0.0503698757	-0.10093075	-0.09836513	0.048447754	0.0713625578	0.0450274863	0.0581540091	-0.1517070269	-0.025113309	-0.2428098586	-0.0341011114	0.0687248891	-0.121758037	-0.1044480811	-0.0067455099	-0.0296155562	0.0043046377	0.0115079786	-0.0457757534	0.0133596018	-0.036557063	-0.0174185122	0.0851745808	-0.0186899863	-0.1313004321	-0.0561875861	0.0175928139	-0.0549479948	-0.0847327333	-0.0753729722	0.0382676332	0.0636228848	-0.0025396907	0.0109605171	0.0115217331	-0.0465099474	0.090084361	-0.0033794295	-0.0948006283	-0.1289225186	0.0073517916750773	0.0104995421261406	5.40488408337359e-05	0.0001102403848586	0.0179116143123962	0.0008499055537639	0.000320825927276	7.22339450318888e-07	-0.0647551986528114	-0.0046033831495294	0.004193235752565	2.1191136421371267e-05	7.56107626712193e-05	-0.0001525741163324	5.7169874317234495e-09	2.3278860974637357e-08	-0.0002469661920316	0.0001079147595824	6.099230000658912e-08	1.1645595335727202e-08	0.0008970094589074	-0.0001440312610546	2.074500416100713e-08	8.046259693693465e-07	0.0
909.67670630838	-0.5936027840940596	827511.7100000626	0.3523642652842187	1104.6916737795796	-4.212709699358356	1220343.694117929	17.746923011067974	836.8585506777221	-0.1937666108335634	700332.2338424175	0.0375454994739256	871.9473088540734	793.3189306951705	1.325934	25.347359	0.0300469286098357	0.0173435542560493	-0.064704534	-0.1148041319	-0.0527458077	-0.1531291106	-0.1511939447	0.0121159543	-0.0687744715	-0.086674642	0.0380522141	0.1519715539	0.0005652844	-0.1079980654	-0.0683412888	-0.0530393427	-0.0989549131	0.0317447534	-0.0031397376	0.0250853963	0.1156484233	0.0726338274	-0.1281160327	-0.0405156675	0.1206324154	-0.0762329536	0.1021022456	-0.07284878	0.19985029	0.1286085008	0.0008479606	0.0728172384	-0.0742607686	0.0256785929	0.0945429575	-0.0367351681	-0.0098584573	-0.0319899368	-0.1711016448	-0.0327389715	0.0877037992	-0.0195293513	-0.0392781656	-0.0083247025	0.0855488049	0.0924909041	0.0626471636	0.1107640493	-0.1022291801	-0.0775863908	-0.0209796434	0.0660727242	0.048840546	-0.0596185868	0.133490489	0.0706104481	0.1017295851	-0.0340474575	0.1279247904	-0.0331522304	-0.0759807423	0.0239472963	0.0058184243	-0.0564614509	-0.1126042846	-0.015252955	-0.0634606254	0.06631427	-0.1995631888	0.1161440669	-0.0046903893	-0.1012263499	-0.0630979062	-0.074237498	0.1038834378	-0.0484279992	0.0690817474	-0.0259131925	0.0766626551	-0.1327177258	0.0788635418	0.0538803014	-0.0456711395	-0.0432797263	0.0082143786	-0.0680063656	-0.0513746407	0.0442136237	-0.0161996655	-0.0819350634	0.1074926766	0.0683014191	0.0399241804	-0.1023381871	-0.1509167108	-0.0024110728	0.0666125519	-0.0435592844	-0.0281801292	-0.0547959941	0.0856565876	0.0876327994	-0.0101290257	-0.1013839798	-0.1275100165	0.0054295591701816	-0.0019222325048957	2.9480112782503103e-05	3.694977802877598e-06	0.0252965319602083	0.0073849176478121	0.0006399145292138	5.453700866496661e-05	-0.0640999932326025	0.0006552054202089	0.0041088091324196	4.292941426711231e-07	0.0003391275684526	0.0002635168057813	1.1500750768457289e-07	6.944110692922191e-08	-0.0002468243556583	1.418363732999875e-07	6.092226254613498e-08	2.0117556790893404e-14	0.0010350422774911	0.0001380328185837	1.905305900616067e-08	1.0713125161939634e-06	0.0
911.1191662100128	1.4424599016329012	830138.135035229	2.080690567818799	1113.3879340919289	8.696260312349295	1239632.6917814934	75.62494342014146	837.8685800286788	1.0100293509567564	702023.7573992746	1.0201592897941263	873.9047504930761	792.6062104157039	1.351926	25.844229	0.0268120808045465	0.0131481204641174	-0.0740896676	0.1217291591	0.0488826688	0.1323736546	0.103509947	0.0800452317	0.0263231091	-0.0197468803	0.1213500261	-0.0270853108	-0.1131948548	0.1871601083	0.0419033862	-0.0193143635	-0.1153280576	-0.0616320203	-0.0327099297	-0.1905624356	0.0609799896	-0.1783229178	-0.0824569508	0.1927474692	0.024466021	-0.1538784142	-0.0521615275	-0.0883105865	0.1898433324	0.0267342054	-0.1122569034	0.0760125903	-0.1149745246	0.0355319561	0.0421118558	-0.1386999739	0.0873498597	-0.1041158234	0.0752679075	-0.017522631	-0.1290696312	0.0794945991	0.0939568155	0.0222391668	0.0034304928	-0.0232399166	0.0852057738	-0.138514408	-0.016706455	-0.0389201351	0.0320996133	0.0814681657	-0.0729272014	0.0607266864	0.0918032742	0.0420414343	0.0343798582	0.2836978658	-0.0977982925	-0.0472209245	-0.044721041	0.1485857045	0.0212874658	-0.0085944912	0.0818917604	0.0922133958	0.1740311742	-0.018717901	-0.081470746	-0.0209349291	0.1093075712	-0.0628974314	-0.2106950771	0.1247563957	-0.1220341408	-0.1118493154	0.1933895197	0.0132964132	-0.0082480094	-0.1422978141	-0.115586429	-0.0431035688	0.0491558219	-0.0326911938	0.054076442	-0.0219391829	-0.0352358021	-0.0107214057	0.0259284172	0.0311165088	-0.0383685192	-0.0022071235	0.0412197482	0.0018477233	-0.0379904634	0.1072329083	-0.0708115626	-0.0665940894	-0.0379858872	0.0132652492	0.0698282597	0.0851211787	-0.016850859	-0.1073422654	-0.124700488	0.0003505655410833	-0.0050789936290983	1.228961985950269e-07	2.579617628442112e-05	0.0267510800187125	0.0014545480585042	0.0007156202821675	2.115710054498342e-06	-0.0599969325381835	0.004103060694419	0.0035996319139913	1.6835107062086126e-05	0.0001742099716518	-0.0001649175968008	3.0349114222920966e-08	2.7197813734551237e-08	-0.0004054100705854	-0.000158585714927	1.64357325332059e-07	2.5149428978939426e-08	0.0010350360207685	-6.256722600087028e-09	3.914657769443978e-17	1.0712995642882908e-06	0.0
909.9930412610772	-1.126124948935626	828087.3351435846	1.2681574006152665	1105.9981234635163	-7.389810628412533	1223231.8491048196	54.60930112379884	837.6525742929193	-0.2160057357594951	701661.8352195547	0.0466584778810008	872.5596420363006	793.829231366657	1.345365	25.718805	0.0498498293959824	0.0303361970968152	0.1268023196	-0.0218065649	0.0342424378	0.0007022001	0.0082947156	-0.1289529756	-0.0625797375	0.0894331746	-0.0036802525	-0.0080968167	0.092948423	0.0959712842	-0.0699513942	-0.0538829498	-0.1202050473	-0.0572316922	-0.0212042895	0.0231699266	-0.1259705269	-0.1221988539	-0.1148897804	-0.0700078044	-0.0277622899	-0.0435092747	-0.0117967819	0.032236148	-0.0169730689	0.0906889026	0.1246813665	-0.0475762294	-0.0604485576	0.1250279841	0.1196367753	-0.0882031472	0.1275765492	0.1258747001	-0.0228452886	-0.1220666363	0.0356571032	-0.1217092849	-0.0471747906	-0.0832763881	-0.2715037472	-0.1093281168	0.1115906148	0.0417549503	0.1096608221	-0.043317199	0.1175024761	0.072244483	-0.0242597949	-0.0587093456	0.1177235063	-0.0498437808	-0.0611368861	0.0304196144	-0.0265192702	0.0047710087	-0.0420171585	0.042548528	0.0052549994	-0.0013078218	0.0120907166	-0.0511483941	-0.009663117	0.2157914468	0.0884370015	0.0368747081	-0.0727245192	-0.0181884848	-0.0564970078	-0.0173588134	0.0267561907	0.0048654684	0.0790941038	-0.128993324	-0.0955629925	-0.0601039016	0.0298544779	0.0583888561	0.0006841309	0.0329033546	0.0798112011	0.0105003764	-0.0670289034	0.0182499953	0.0440934603	-0.029431944	-0.0845233982	0.0571610325	-0.0480868318	-0.0600613371	-0.053402673	0.0435238646	0.0192467986	-0.1413216337	-0.0645554832	-0.0966047251	-0.0420683469	0.0825512202	-0.0235265052	-0.1126387502	-0.1205247148	0.0003643453939048	1.3779852821500002e-05	1.3274756605964388e-07	1.8988434378220158e-10	0.0310420735342091	0.0042909935154966	0.0009636103293032	1.841262535003387e-05	-0.0866397927948128	-0.0266428602566293	0.007506453695528	0.0007098420026542	0.0003936277783584	0.0002194178067066	1.549428278953697e-07	4.814417389993488e-08	-0.0002467970346857	0.0001586130358996	6.090877632965461e-08	2.5158095157319515e-08	0.0010350490935829	1.3072814400005156e-08	1.7089847633698215e-16	1.0713266261267829e-06	0.0
909.2620695755172	-0.7309716855600072	826757.5111687527	0.5343196050904381	1110.956889679073	4.95876621555658	1234225.2107253997	24.58936238054532	836.7058321409587	-0.9467421519606204	700076.6495386942	0.8963207022990266	872.0960540771484	793.2952233768644	1.151207	22.007174	0.056968368104039	0.034148740294326	-0.0587596846	-0.0424502963	-0.0686024975	-0.0809201504	-0.0847323807	0.0662713741	-0.0719374439	-0.0499547179	-0.0133291921	0.1312430438	-0.0485236988	-0.0195393773	-0.0317117484	-0.027733907	-0.0018556303	-0.125404293	0.0539948921	0.097087242	-0.0100398868	-0.0416676007	-0.0799265875	-0.081079977	-0.124062545	0.1090984198	-0.0562319063	0.0582599462	0.0139013322	0.0304176532	-0.0289045711	-0.1624868736	-0.0168673861	-0.1056137242	-0.0894732722	-0.0532949827	0.005459962	0.0351574892	-0.0783412177	0.031779856	0.0412937976	0.108683639	0.0363526577	-0.1293433663	-0.0123396648	-0.0488367164	-0.0945085466	0.0225055605	-0.0892759453	-0.1050827082	0.0207657009	0.0464452052	-0.0648138995	-0.0754402261	0.0717149592	0.0714278218	-0.1220239063	-0.0535350032	0.0791922638	0.0369817915	-0.045508954	-0.0552757681	0.0119814491	-0.0157801367	0.0342713694	-0.0616745422	-0.0518189667	0.0290980875	-0.044142689	0.0169514147	-0.0276201606	0.1092773327	-0.0009827699	0.0247531037	-0.0825681185	0.0687076354	0.0150384354	-0.0016699983	0.04384968	-0.1073770661	0.0397082832	0.0002270961	-0.0297526153	-0.0094156835	0.0692523043	-0.0278134276	-0.0761263309	-0.0399478403	0.0071595702	0.0131626607	0.0676414358	0.0722271299	-0.0621346977	-0.1055499351	-0.0843673433	0.0418141038	0.0613105775	-0.0669881494	-0.0185374886	0.0302954532	0.1009789883	0.0799246852	-0.0301376669	-0.1172407796	-0.1150284477	0.0075977991863709	0.0072334537924661	5.772655247641832e-05	5.232285376774221e-05	0.0056329854533885	-0.0254090880808206	3.173052511808645e-05	0.0006456217570988	-0.0649906979342205	0.0216490948605923	0.004223790817977	0.0004686833082829	0.0004471273680116	5.34995896532e-05	1.9992288322498083e-07	2.862206093060785e-09	-0.0002467686006519	2.8434033800010458e-08	6.08947422676969e-08	8.084942781401371e-16	0.0010350556972991	6.603716199956103e-09	4.360906764956267e-17	1.071340296511326e-06	0.0
909.0106645202884	-0.2514050552288154	826300.3882116163	0.0632045017946037	1110.365953187685	-0.5909364913879926	1232912.549998396	0.3492059368539511	836.8326736643345	0.1268415233757878	700288.9237121985	0.0160887720522905	872.9732321881233	783.5651887076242	1.075642	20.562626	0.0660838514207613	0.0375623912807799	0.0526849965	0.0877103941	-0.0630983043	-0.062264487	0.0446287485	0.0020428732	-0.0214637317	-0.0563004143	0.0981738726	0.0367561333	0.0198224303	0.1026902313	0.0762206279	0.0108373015	-0.119225678	-0.0214621687	-0.1504723548	-0.0136338514	0.1068043528	0.1673817196	-0.0780353056	0.046824467	-0.146382785	0.1352766091	0.0036461177	0.0067543156	-0.0533409858	0.0058563517	-0.0335174375	0.0905020214	0.0436140985	-0.0102422951	0.009085828	-0.0720669118	-0.0024102745	0.0091573736	0.0068556076	0.1993312872	0.0502391028	-0.0049312188	0.1742444297	-0.0369688549	-0.105115384	-0.1041498959	0.0734164034	-0.058832575	0.0466169521	-0.0426887454	-0.0666576962	0.1457202951	-0.0652066934	0.1150365175	0.1125188807	-0.0437188811	-0.039566747	-0.0227598881	0.1489862261	-0.0366392727	-0.000596503	-0.0134228661	-0.1196622911	0.1158448371	0.0084771639	-0.061089896	-0.1160259896	-0.0848313663	0.0673874997	-0.0553487084	-0.1798190111	0.0478796026	0.0466923465	-0.0157933156	-0.0574632407	-0.1472574019	0.1117419916	-0.1176503423	-0.0799473095	-0.0900832933	-0.0963512564	-0.016745811	-0.026026392	-0.0553450102	0.0497543674	-0.0017847026	-0.0809280297	-0.0381196429	-0.0054590681	-0.0095788738	0.0074993254	0.0851529684	0.0485067211	-0.0430755691	-0.0922419895	0.0200283493	-0.0286823407	-0.0113820193	-0.0134904077	0.028095079	0.0153112574	0.0772433738	-0.0366662233	-0.1211199807	-0.1082719048	0.000368847353215	-0.0072289518331559	1.36048369973711e-07	5.225774460608805e-05	0.0205147828128531	0.0148817973594646	0.0004208563138585	0.0002214678926481	-0.0972300863972464	-0.0322393884630258	0.0094536897008159	0.0010393781684698	0.0004472492451782	1.2187716659999668e-07	2.0003188731246965e-07	1.4854043738443343e-14	-0.0004812685886539	-0.000234499988002	2.3161945442491681e-07	5.499024437293817e-08	0.0010351081074328	5.2410133699956625e-08	2.7468221144473283e-15	1.071448794073113e-06	0.0
909.9032415100188	0.8925769897304008	827923.9089104396	0.796693682596184	1104.546383773038	-5.819569414646821	1220022.7139060956	33.86738817189275	835.6583645591253	-1.174309105209204	698324.902257632	1.3790018745772414	869.9303732964099	787.6440701757159	1.271565	24.30801	0.0501430302468862	0.0334441366846981	0.0299153023	-0.1671346452	-0.0854586707	-0.0385478017	-0.1387422111	-0.0545692959	0.0116735904	-0.0278582461	0.0668117094	-0.1240008208	0.1345136474	-0.1436408845	0.0123017495	0.0026049227	-0.0653624748	-0.001149671	-0.1183804222	-0.0022207333	0.0043228811	0.0040915878	-0.0175345744	0.0459205773	-0.1233901798	-0.0792070173	-0.0122204598	0.0585833621	0.1353779823	-0.0899705266	0.098301465	0.0738618346	0.0945061533	0.10049394	-0.1381971112	0.0364022974	0.0108772042	0.0104590252	-0.1245571307	0.0542807277	0.0152416524	0.0620195412	0.0650795982	0.1890264493	0.125578004	-0.0149965549	0.0808897246	0.1582170069	-0.0023863775	0.0031289709	-0.1036241658	0.0318320804	0.0515817309	0.0427745639	0.0273477221	-0.019121383	0.0380418771	0.0050959752	0.045340748	-0.0695534633	-0.0374913374	0.0898787854	0.1414659833	0.0052698088	0.0507489505	-0.051624343	-0.0711090638	0.0064812002	-0.0231107714	-0.0220907534	-0.0099689103	0.0045775892	0.1996706407	-0.0309007887	-0.1335420548	-0.0122153383	-0.1287050354	-0.075843627	0.0471029707	-0.0553105483	0.1041044428	0.0690674848	-0.0642177901	-0.0307935539	-0.0062597641	-0.0478792793	-0.0195250039	0.0092053814	-0.0574586737	-0.0240477733	0.111633962	0.040691464	0.1206787214	0.0035713758	0.1219870479	0.0090254254	-0.0366990922	0.0012245783	0.0326427675	0.1140695238	0.0205344543	0.0745091236	-0.0430942802	-0.1242524367	-0.1003291122	0.0004230119768919	5.416462367689999e-05	1.7893913259399333e-07	2.9338064580601955e-09	0.0213316210184757	0.0008168382056225	0.0004550380552758	6.672246541647475e-07	-0.0662598621113446	0.0309702242859017	0.0043903693270144	0.000959154792319	0.0002538385373374	-0.0001934107078408	6.443400303759061e-08	3.74077019074793e-08	-0.0006538693612716	-0.0001726007726177	4.275451416097302e-07	2.979102670822699e-08	0.0010350835252576	-2.4582175199919232e-08	6.042833375595241e-16	1.0713979042597008e-06	0.0
910.5925310628922	0.6892895528734471	829178.7576275244	0.4751200877004766	1102.3778620539483	-2.1685217190897674	1215236.9507466338	4.70248644616404	836.8812120268617	1.2228474677364147	700370.163043549	1.495355929349362	870.666790776479	785.0737627710615	1.440407	27.535692	0.0571745039731726	0.0266451321645969	-0.1304983394	0.0689430423	0.0465347283	0.1917648397	0.0081009485	0.1300185366	0.1082454982	-0.0007450494	0.0583572801	-0.0972329018	-0.20509215	-0.0272017473	-0.0775230502	-0.0605539528	-0.1136833275	0.0527572217	-0.0845814594	0.0853923311	-0.0831874587	0.0394333011	0.0374163742	0.1792239731	0.0054718066	0.0938253451	-0.0054231948	-0.0951789638	0.0073631648	-0.0992421944	-0.0203902683	-0.0431444062	-0.1079790047	0.1151264555	0.0829551902	-0.0006755059	-0.0318464998	-0.0401726565	-0.0163364409	0.1026268115	0.1856029814	-0.0666100815	-0.0032668985	0.0526295112	0.1109086871	0.1204184139	-0.1761198389	-0.095394428	-0.160950847	0.1155711954	-0.0219492226	0.1446234449	0.0664798833	-0.0052567508	-0.0354357637	0.0460325958	0.0339433724	-0.0212620821	-0.209403699	-0.0913535488	0.0291318826	0.0829763635	-0.1029181248	-0.013234071	-0.1370799672	0.0168651874	-0.1007430382	0.0539630743	0.0069204758	0.0454641171	-0.0261690978	0.0484564763	-0.0190372394	-0.00831353	-0.1085714513	0.0772754984	0.0495012008	0.0553584421	0.0546205495	-0.0907978052	-0.1045420155	-0.0840300797	-0.0628164071	-0.1067761674	-0.0281900264	0.0032114441	-0.013734211	0.0523945907	-0.0232307157	0.0501395691	-0.1082163418	-0.0874457525	0.0140113376	0.0616542399	0.0939289568	0.0501784322	-0.0412997858	-0.0530229514	0.0342136712	0.0730471058	0.0447252908	0.0717238087	-0.0494042187	-0.1266188352	-0.0912870929	-0.016092791678389	-0.0165158036552809	0.000258977944004	0.0002727717703797	0.0340537600548742	0.0127221390363985	0.0011596585738749	0.0001618528216614	-0.0750090174563027	-0.008749155344958	0.0056263526997599	7.654771925020885e-05	5.882043607897914e-06	-0.0002479564937295	3.459843700521271e-11	6.14824227826286e-08	-0.0006529963810653	8.72980206300094e-07	4.264042736843784e-07	7.620944405917546e-13	0.0011700021700525	0.0001349186447948	1.820304071329237e-08	1.368905077927559e-06	0.0
910.1731898339796	-0.4193412289126854	828415.2354925614	0.1758470662660012	1107.2887511971371	4.910889143188797	1226088.378527715	24.116832176689595	837.2070699184756	0.3258578916138503	700915.6779214792	0.1061833655270238	871.9288852273345	792.5028506278992	1.418253	27.112173	0.0603188531442193	0.0338737398683917	0.1352392697	0.0501734872	0.0267331736	-0.0511826349	0.0979967839	-0.0979804664	0.027185424	0.0711476132	0.0843477765	0.0578355272	0.0471375312	0.0466885902	0.0275678078	-0.0481649088	0.0292146621	-0.0859900524	-0.0307543995	0.1532754491	0.0678088036	0.0820928412	-0.0396976293	-0.0190909381	0.113781113	0.0176425782	-0.0119174806	-0.1598221874	-0.1407771521	0.0367762674	0.0211283215	0.0504286493	0.2171920699	-0.0729914898	-0.0146082046	-0.0338307834	-0.0728147528	-0.0063411184	0.0043887312	0.0291448024	0.0414021727	0.0612334118	-0.0766383242	-0.0550882219	0.1812236952	-0.0089684499	-0.0382651751	-0.0076237689	0.1378648648	-0.0035205439	0.0452807733	0.0644557322	0.0654232553	-0.0140055083	-0.1220272693	0.1316304289	0.0384893308	-0.0762573952	0.050759573	-0.024297433	-0.013522862	-0.0360236105	0.0215113037	0.0254162244	-0.1338746349	-0.0897818038	0.1655743989	-0.0055237524	0.1119122079	0.049365678	-0.0021143263	0.0011965859	0.0601965853	-0.0665442509	0.1220587502	0.0760428571	-0.0525383614	-0.0845771779	-0.0892937608	0.112829832	-0.0283772061	-0.0755617045	-0.0652746239	-0.0566045756	-0.0362444084	0.0067357131	-0.0015850887	-0.0163775931	-0.0650989251	0.0229250789	-0.0800804742	0.0253734722	-0.0903407387	-0.0607352509	0.0384678255	-0.0739429348	0.0537020459	-0.0449822748	-0.0257456304	0.1045561652	-0.0608023002	0.0688893378	-0.0555787436	-0.1282045865	-0.0812449131	0.0003695357371071	0.0164623274154961	1.3655666099928776e-07	0.0002710082239349	0.0309330550926176	-0.0031207049622565	0.0009568538973629	9.738799461452965e-06	-0.0725004772494912	0.0025085402068115	0.0052563192014039	6.292773969189893e-06	0.0005668024461904	0.0005609204025825	3.212650130074213e-07	3.146316980333162e-07	-0.0005842073758002	6.878900526509997e-05	3.412982579393561e-07	4.731927245361951e-09	0.001035165966707	-0.0001348362033454	1.8180801732628997e-08	1.071568578628438e-06	0.0
909.486422091876	-0.6867677421035978	827165.551969482	0.4716499315940738	1101.101186509298	-6.187564687839085	1212423.822932184	38.2859567661932	836.2867578047741	-0.9203121137014704	699375.5412796208	0.8469743866256684	871.8462469722167	788.2097336349033	1.298281	24.818729	0.0574950641300925	0.0318347196657256	-0.0641100191	-0.1179477593	-0.0591137672	-0.188994878	-0.0792160282	0.0351393464	-0.1128277165	-0.0129864193	-0.0284097215	0.0656852455	0.016415948	-0.1523794525	-0.1061123194	0.0691804981	0.0932764397	0.0621954543	0.0564494078	-0.0954399895	0.0601217947	0.0722515606	-0.0934302715	0.0972692901	-0.0302590326	-0.0467590125	0.0092940969	0.1568039229	-0.1186329602	0.0976977478	0.1081070374	-0.0621696136	0.0815008998	0.0667293828	-0.0670051195	0.0062418797	-0.015420847	-0.0889269354	-0.0186274553	0.0845155668	0.1386748473	-0.0296186545	-0.0734659795	-0.1161790527	-0.0845669644	-0.0585660389	0.026925297	0.0994136009	-0.0672161266	-0.0567986761	0.036418061	-0.1266601092	0.0340207218	-0.0381193371	-0.0639219001	-0.036157122	0.133989667	-0.0511862943	0.1352963478	0.0534312255	0.0139557136	-0.0533583487	-0.1951712277	0.0662579465	0.0812403857	0.0287386688	0.0209120863	0.1085669057	-0.045937491	-0.1532677345	0.0648905558	-0.0542116415	0.0806381454	0.0486260233	-0.0039908532	-0.0477673545	-0.0593028269	0.0632889201	0.0831049424	0.0611703218	0.1193378821	-0.018409017	-0.0021933369	-0.0281311686	-0.0527369176	-0.0682939789	-0.0266086534	-0.0504875572	-0.1005312379	0.0727660615	0.1335643148	0.1182973784	0.0320049662	-0.0176753459	0.1192862634	-0.0989908729	-0.0385450609	0.0129900253	-0.0213428936	0.0222042597	0.1146892254	0.0660076536	-0.0616009311	-0.1289999139	-0.0703125971	0.016675216056285	0.0163056803191779	0.0002780628305237	0.0002658752106712	0.0463180425951321	0.0153849875025145	0.0021453610698444	0.0002366978404525	-0.0498958735467311	0.0226046037027601	0.0024895981969913	0.0005109681085588	0.0005862797574195	1.9477311229100055e-05	3.437239539598678e-07	3.7936565271522715e-10	-0.0005396964796482	4.451089615200004e-05	2.912722901446599e-07	1.9812198762541322e-09	0.0010351583219753	-7.644731700104379e-09	5.844192276658081e-17	1.0715527515547188e-06	0.0
909.4086012629704	-0.077820828905601	827024.0040510722	0.0060560814115548	1102.8641514428334	1.762964933535386	1216309.336537721	3.108045356875428	835.4581191050855	-0.828638699688554	697990.2687786072	0.6866420946215376	870.8366603070898	786.802392905099	1.207303	23.07954	0.0729704193623516	0.0369803910280204	-0.0478060888	0.1103641589	-0.0963862122	0.0497768343	0.0983627022	0.0628571903	-0.0365150302	-0.1035064074	-0.0268981422	-0.0127708734	-0.0482435565	-0.0343097832	0.1255425837	0.0747897647	0.1218300279	0.0981437164	0.0874738667	-0.0594564347	-0.042748539	-0.0497602982	0.0684574049	-0.0798417824	0.0098782919	-0.0687857208	0.1036763805	0.0376017657	0.0714440644	-0.0501983132	0.0400671654	0.0985716095	0.0107390257	0.0619747765	0.0586649259	0.0373301632	-0.098210385	-0.070871637	0.1283185711	-0.1414290705	-0.1084664879	-0.0007970598	-0.0051991502	0.0937782091	0.0974308624	0.0242604475	-0.1271857226	-0.0958957358	-0.015022404	-0.0317205601	-0.0784436326	-0.174399916	-0.0039773121	0.0678646032	0.0080649243	-0.0445040936	0.063602935	-0.0517880671	0.0247199427	0.0158744368	-0.0452750547	0.0335891795	0.1538641775	-0.0120358528	0.0629631402	0.1563024039	0.0791528267	-0.0444815836	-0.0869773304	-0.0518212835	0.0611656806	-0.0795719378	0.0138056615	0.0670288624	0.0361331057	0.016578508	0.0393372243	0.1201452281	-0.0392885689	0.0869381826	-0.0253245516	-0.106964237	0.014595349	0.016949565	0.0061371947	0.0027482391	-0.0277344125	-0.0197473501	0.01323054	0.0561353197	0.0197850891	0.032195721	-0.0019900949	0.1045831875	0.1427741626	-0.0126714314	-0.1094510223	-0.1199340732	0.0550110324	0.1270879934	-0.0006323723	0.063080731	-0.0674542747	-0.1289999139	-0.0586099215	0.0003852358446039	-0.0162899802116811	1.484066559676802e-07	0.0002653634552969	0.0311092144886657	-0.0152088281064663	0.0009677832261018	0.000231308452372	-0.0661464399535702	-0.016250566406839	0.0043753515185312	0.000264080908543	0.0001367509059733	-0.0004495288514462	1.8700810284518343e-08	2.020761882825398e-07	-0.0004849291954007	5.476728424749994e-05	2.351563245519703e-07	2.999455423846455e-09	0.0010350335649217	-1.2475705359993146e-07	1.5564322422936162e-14	1.071294480514523e-06	0.0
910.3250619372714	0.9164606743009928	828691.7183910969	0.8399001675402301	1108.1263242154507	5.262172772617305	1227943.9504192462	27.69046228887489	835.9699082386644	0.5117891335788727	698845.687480561	0.2619281172494132	870.3891313618411	788.5483428864252	1.206602	23.06613	0.0293128929614159	0.0196716395578056	0.1425824013	0.0281895476	0.0013465951	0.0140216372	0.046577417	-0.1488436303	0.0489917445	-0.0138800038	-0.0629058701	0.0417079907	0.124368798	0.0163860911	0.1426343696	0.0093415459	0.0444308056	0.114223712	-0.0498145113	-0.0167740227	-0.0570716466	0.0028123514	0.0925582477	-0.0696710136	0.1513578646	0.0010983206	-0.0010432393	-0.0690663656	0.0411916375	-0.0845552482	0.0284612798	-0.0326709104	0.1282858086	-0.0091666543	-0.0958030729	-0.0159743117	-0.1104842133	0.032314258	0.0094496392	-0.0390896296	-0.0548258155	0.1531001748	-0.0274821459	-0.1357741365	-0.1592572831	-0.0302530816	-0.115011445	0.0257232184	0.157706059	0.068012435	-0.0899630175	-0.085357404	0.0181253675	0.016672212	-0.0756668476	-0.0231913792	0.073793916	0.0026253481	-0.1035000212	0.0713502947	0.0099898913	-0.0404761999	0.0794032872	-0.0377710632	0.0369316349	0.0317527303	0.0637773048	-0.0341672831	0.1258485321	-0.1174829289	-0.055986868	0.0554557034	0.1150533962	-0.0683249993	0.0334808766	-0.0694629953	0.0971489225	-0.0208741664	-0.1055396303	0.1733805923	0.0277518212	-0.0312555612	0.0324580474	0.0258758941	-0.0676544946	-0.0107985316	0.0048976858	-0.0333907072	-0.1515758449	0.0046304842	-0.090379425	0.0145158814	-0.0459166195	0.0609407016	0.0463122751	-0.0895122402	-0.0600398992	-0.0709499641	-0.0330725053	0.0825753616	0.0509679656	0.0601105761	-0.0731227308	-0.1282045865	-0.0462651033	0.0003652774529427	-1.9958391661199987e-05	1.3342761762830644e-07	3.9833739770185717e-10	0.0305478269386014	-0.0005613875500642	0.0009331697306707	3.1515598136719657e-07	-0.0732301754101456	-0.0070837354565754	0.0053626585906006	5.017930801874364e-05	0.0004977882877521	0.0003610373817788	2.477931794231675e-07	1.30347991041691e-07	-0.0005567429474577	-7.181375205700001e-05	3.099627095438873e-07	5.157214984504273e-09	0.0010351386623482	1.050974265000542e-07	1.1045469056934295e-14	1.071512050288021e-06	0.0
912.0644667225348	1.7394047852634458	831861.5914578618	3.025529006997374	1107.6825091976916	-0.4438150177591069	1226960.5411824945	0.1969717699885164	837.724577080449	1.7546688417845644	701782.467044617	3.0788627443295846	872.9166053984247	790.5002505211603	1.12939	21.590105	0.0137070176530288	0.0094311264867385	0.0433238703	-0.1355094744	0.0521035971	0.0755636724	-0.1516058913	-0.0418752399	0.0347312465	0.1007093911	-0.0555643619	0.0869528071	0.0947400887	0.0124405602	-0.1105664298	-0.0653497527	0.1683922017	0.1483821973	-0.0898105613	0.0054309295	-0.2057163485	-0.0357909203	0.1216265258	-0.0276168402	0.0516805627	-0.0395954235	0.0417905742	0.0880064525	0.0107102726	-0.0294955999	-0.0572902492	0.1447152468	0.0740798099	0.1044948232	0.1366531793	-0.0386020783	0.0130905623	-0.0245440442	-0.1594566131	0.0627774338	-0.1504583113	-0.0031189532	0.0442722097	0.0567307419	-0.0840669749	0.0046185943	0.0704440924	0.126384467	-0.0061222971	0.0512391774	0.1021323872	-0.0722389171	0.0481042124	0.1298554946	0.0302756727	-0.0017692898	-0.1645417961	-0.1232578229	-0.2344766457	0.1418976392	0.0159754827	0.0094184139	0.002303065	-0.0291683899	0.0253301568	0.0475576603	-0.0141887665	0.0403243538	0.037467448	-0.0321127524	-0.0408034839	-0.1048166134	-0.0117160643	-0.1084837911	0.1357357435	-0.1483561993	0.0330664756	0.0281572023	-0.0003574837	0.1340419198	0.1607988576	-0.0227149245	-0.0130630502	0.0310450199	-0.0595458086	0.0088699826	0.0174148636	0.0276024117	-0.099200663	0.0283472099	-0.0328968733	0.0312633741	0.0046046049	0.0553459554	0.1493203539	-0.0563773477	0.0091741667	-0.0524261072	-0.0220283589	0.1887005938	0.0810093815	0.0570992244	-0.0785907625	-0.1266188352	-0.033413395	0.0067369805127555	0.0063717030598128	4.538690642924736e-05	4.05985998824278e-05	0.0235384531550408	-0.0070093737835606	0.000554058776932	4.9131320837666657e-05	-0.0732294472981252	7.281120204122304e-07	0.0053625519515888	5.301471142687803e-13	0.000491288420011	-6.499867741099983e-06	2.413643116369048e-07	4.2248280651792194e-11	-0.00055674574576	-2.798302299947264e-09	3.099658254218585e-07	7.830495761890148e-18	0.0010351370744389	-1.5879093001429367e-09	2.521455945480431e-18	1.0715087628779247e-06	0.0
910.693366549204	-1.371100173330774	829362.4078767229	1.8799156853076784	1101.0657476476722	-6.616761550019419	1212345.7806429274	43.78153340981538	838.0143580569496	0.2897809765006514	702268.0643096013	0.083973014341671	873.5283432131703	794.5237315336864	1.246175	23.822636	0.0107746460409411	0.0074594651544597	-0.1385079833	-0.0382588733	0.0313581956	-0.0644735421	-0.0130139676	0.1823003165	-0.0914730569	0.0743819209	-0.0740165835	0.0641083279	-0.101567872	0.0085143957	-0.1041452171	-0.0569262866	0.1597281769	-0.1042405409	-0.0021571477	-0.1507579413	-0.0074385088	0.0111189027	0.0749399719	-0.1942066807	-0.0486362263	-0.1312851686	0.0057796584	0.0813380941	-0.0568502776	-0.0211036505	-0.0120625424	0.1859030598	-0.011161601	-0.0475068507	0.090866799	0.1086918751	0.0668904935	0.070668001	0.0076696192	0.0359564798	0.0428877464	0.0080068573	-0.1064168448	0.1280611839	-0.0638728645	-0.1365522604	-0.1055050076	-0.0336831613	-0.1235006365	-0.0886461422	0.1386694054	-0.0493575428	0.0039017794	-0.0235947441	-0.104571484	-0.0457785353	-0.0243079884	0.01294355	-0.023750628	0.2093710812	0.0770037044	-0.0146712598	0.1055085705	0.0485028815	-0.018889949	-0.0623800672	-0.0224536322	-0.0980825039	-0.048959581	0.0305880467	-0.1721130256	-0.1779624043	-0.0389926012	-0.0078519193	0.024833904	-0.0296259685	-0.194875384	0.1174674773	0.0814067151	0.0505491361	0.0564703137	-0.0493235936	0.0033770472	-0.0015212995	-0.0073588723	0.0087197976	-0.007260637	-0.0551730555	-0.1220158923	0.0367531384	-0.070985247	0.0732907688	-0.0746499713	-0.0300658462	0.0290854234	-0.0903810811	0.0331276148	-0.0175887058	0.0257425152	0.1120519559	0.0607511198	0.0540487397	-0.0838433825	-0.1242524367	-0.0201956026	0.0076034804335876	0.0008664999208321	5.781291470394948e-05	7.508221128020363e-07	0.0270890189750616	0.0035505658200208	0.0007338149490312	1.2606517642299976e-05	-0.0732251891546269	4.258143498289679e-06	0.0053619283267308	1.813178605202667e-11	0.00049132343895	3.501893900000833e-08	2.4139872166165444e-07	1.2263260886863049e-15	-0.0005567147721381	3.0973621899937915e-08	3.099313375167766e-07	9.593652536003132e-16	0.0011621375250098	0.0001270004505708	1.6129114445211613e-08	1.350563627035903e-06	0.0
910.2783905338786	-0.4149760153254647	828606.7482729483	0.1722050932954003	1104.862101669017	3.7963540213447686	1220720.263704477	14.412303855380596	836.2535833431195	-1.7607747138300738	699320.0556542078	3.100327592863378	871.823773198354	792.4242583842505	1.25072	23.909519	0.0284385947515022	0.0143860430295496	-0.0034350183	0.1665286365	0.0102001148	-0.0626770845	0.1675735495	0.0330257962	-0.0116430085	-0.0309947114	-0.0932201603	-0.0102865013	-0.0570743879	0.0119639682	0.1007776404	-0.145586644	0.1423919718	0.1760227134	0.1379573041	0.053838945	0.0043339908	-0.0664851878	0.0620256257	0.0707511588	-0.0698880191	-0.0714437932	-0.0234224583	0.0224237035	-0.0549388476	0.1239970945	0.0355604944	-0.0419198	0.0509904924	-0.0061790207	-0.0504819599	0.0234535043	0.1135600098	-0.0508293077	0.1544582816	0.1795897923	0.0865935027	0.0976966929	0.0020376047	-0.1834246526	-0.0246851034	-0.0079972608	0.1504365389	-0.1486741124	0.0625148191	-0.0486880854	-0.0120360917	-0.163885489	0.1487455271	-0.0115815422	0.0415622729	-0.0028093321	-0.0146467486	-0.082534323	-0.0471707995	-0.0536886672	0.0777299538	-0.0696610617	-0.0779541327	0.0136509396	0.1445680522	0.0017908138	0.0353337302	0.0825524458	-0.0066129158	0.0085920122	-0.0193499436	0.1106749932	0.0133039779	0.115585478	-0.0213562885	-0.0576434142	-0.0095447357	0.1045536741	-0.0735610069	0.1005737089	-0.0434562803	-0.1842109132	0.0282823444	0.0315245445	-0.0661771631	0.0098868358	0.013211646	-0.0192241502	0.0062505533	0.1227136462	0.0915829108	-0.0327812533	-0.0412140962	0.0497770223	0.1317284406	-0.1533026847	-0.0379120359	-0.0948396863	0.0182849979	0.0591775158	-0.028147911	0.0509612127	-0.0888661936	-0.1211199807	-0.0067565429	0.0148852456397605	0.0072817652061729	0.000221570537756	5.3024104517830255e-05	0.0334753337020146	0.006386314726953	0.0011205979664612	4.07850157916968e-05	-0.0832702786290582	-0.0100450894744312	0.0069339393029609	0.0001009038225493	0.0004228307372932	-6.849270165680007e-05	1.787858323999111e-07	4.691250180247422e-09	-0.0005567493259517	-3.4553813600007345e-08	3.099698119476724e-07	1.1939660343040526e-15	0.0011881187764183	2.5981251408500146e-05	6.750254247516907e-10	1.4116262268777184e-06	0.0
911.223197168698	0.9448066348194288	830327.7150583438	0.8926595771988135	1108.9246625863448	4.062560917327801	1229713.907292239	16.5044012069993	836.2468693600425	-0.0067139830770202	699308.826514472	4.507756875851366e-05	871.716759964214	788.2364118803115	1.284993	24.564703	0.1835235765287955	0.091039219943705	0.1290112448	0.007880469	0.0506996153	0.0038553907	0.0286938543	-0.113022396	0.0340500491	0.0344993649	-0.1066153034	0.0287096961	0.1132451447	-0.0202293671	0.0027699643	-0.1776106494	-0.1252128102	0.1673849162	0.1210527971	-0.0051539993	0.0917874202	-0.1803248081	-0.1548041775	-0.1029241854	-0.1596862311	0.0650789153	-0.1283696098	-0.1162557709	-0.0025800645	0.0544032401	-0.0434661703	-0.080936198	0.0704768992	0.1097427517	0.1232711084	0.1709736118	-0.0131777103	-0.0291915396	0.0337687371	0.0019638984	-0.0432259083	0.0166156028	-0.0459352655	-0.0168759305	0.1221986717	-0.0178693463	0.0374962204	0.0304715649	0.1122081881	0.0033695003	-0.0094016991	-0.0482892321	0.1335503273	-0.0644843198	0.3072756067	0.0400655079	0.0576578168	0.0635011771	-0.0888245132	0.0250118634	0.0867204473	-0.1967238875	0.091845582	0.0375774213	-0.0437910154	-0.0009288904	0.0548372575	0.1589444179	-0.0868732447	-0.0296623661	0.0917114913	0.198249333	-0.0418615281	-0.0372779163	-0.0753616082	0.1269664813	-0.0832838227	-0.1497556233	-0.1413573448	-0.0973353717	0.1034586963	-0.1578716969	0.0728452768	0.1053748504	-0.0094962161	0.0623624213	0.037699014	0.0329243147	0.1631763227	0.1119378095	0.1091569952	0.0059209729	-0.1995804221	0.0483345738	-0.0726897005	-0.1446633373	-0.1660884966	-0.0354543271	-0.0768813949	0.0088757374	-0.0474296663	0.0478387595	-0.0936454286	-0.1172407796	0.0067565429	0.0476375851613823	0.0327523395216218	0.0022693395200079	0.0010727157441395	0.0282620095557462	-0.0052133241462684	0.000798741184129	2.7178748654065163e-05	-0.1517857867761236	-0.0685155081470653	0.0230389250672468	0.0046943748566505	0.000968208759258	0.0005453780219648	9.374282015039158e-07	2.9743718684223785e-07	-0.0006900046332851	-0.0001332553073333	4.761063939549053e-07	1.7756976932518868e-08	0.0020503335413969	0.0008622147649786	7.434143009471025e-07	4.2038676309771535e-06	0.0
913.6386877664812	2.4154905977832186	834735.6517836577	5.834594827979131	1113.4121107889418	4.487448202597079	1239686.528451487	20.13719137099176	838.807099624827	2.5602302647844226	703597.3503810144	6.554779008718115	874.4268042631509	803.4605376589866	1.209719	23.125725	0.1990675574018384	0.0903589466026382	0.0750511358	-0.1082647935	0.107331826	0.1015255008	-0.1254058555	-0.057813804	0.0712536894	0.1119667573	-0.0569730008	-0.0322070598	0.1163990389	0.0431913062	-0.1240052532	0.1688818536	-0.1188207057	-0.02406653	0.0444134705	0.0100648018	-0.0544022762	-0.155578137	0.1255809086	0.0741101554	-0.2046868356	0.0393598916	0.1374481446	-0.1293170826	-0.1329077425	0.0560386579	-0.0676829089	0.0306158705	0.1230387923	0.0185835049	-0.0471656919	0.1646963008	0.0132897768	0.0541195732	0.1278882619	-0.1679585136	0.1038439972	0.1089796509	-0.1491722159	-0.0353005865	0.0505292501	0.2676042165	-0.1053174716	0.1140658159	0.01751473	0.1177131271	0.0799289543	0.0446550833	-0.1657531746	0.0969375158	0.102369359	-0.1305661574	-0.1716915644	0.0057020705	0.0179019154	-0.0854697052	0.1439830041	0.0241091247	0.0685419221	0.060774378	-0.0299533038	-0.1045304541	0.1916891972	0.1012568677	-0.0818871121	-0.1796211791	-0.0451991668	0.0666932579	0.1219084893	0.0695604404	0.2115718148	0.056983672	-0.0908726085	-0.1044353729	-0.0099464828	-0.0617524745	0.1298244058	0.084584822	0.1857128971	0.0834783764	0.0953574175	0.1075605299	0.1377640901	-0.0673810363	-0.0177994956	0.1277680872	-0.003504335	-0.1573965481	0.111235776	0.0510655858	0.0236939673	0.0424713043	0.0440349961	0.0592988426	-0.0946181298	-0.1358494237	-0.1037125563	0.0446835199	-0.098167988	-0.1126387502	0.0201956026	0.0389208206732973	-0.0087167644880849	0.0015148302818829	7.598198314073972e-05	0.0858094263388693	0.0575474167831231	0.0073632576486058	0.0033117051784104	-0.1017104039107437	0.0500753828653798	0.0103450062636866	0.0025075439691143	9.88504408215912e-05	-0.0008693583184364	9.771409650622904e-09	7.557838858345804e-07	-0.001047924891586	-0.0003579202583008	1.0981465784055296e-06	1.2810691130218294e-07	0.0016230522528292	-0.0004272812885677	1.825692995600743e-07	2.634298615413941e-06	0.0
913.353999207696	-0.2846885587852057	834215.527868692	0.0810475755031975	1113.8595796680818	0.447468879139933	1240683.1632183555	0.200228397798748	838.6583739848077	-0.1487256400192791	703347.8682548415	0.0221193159991442	873.4973417491258	795.0979170157796	1.131763	21.635464	0.1081009195508512	0.070978701060325	-0.072517986	-0.1177663326	0.1613816871	-0.0192729012	-0.1495327033	0.0838510863	0.0888489872	0.1313122998	0.0041850729	-0.0389947377	0.0619929903	0.0076564547	-0.1862422536	0.0379336021	-0.0996102516	0.0152769205	0.0686617768	0.0302820672	-0.160637932	0.0409484861	0.0451598153	-0.0936046073	0.0009760524	-0.0857136954	-0.0411531437	-0.0968533607	-0.0179038748	0.0331479635	0.0791883241	-0.074197272	-0.0663914026	-0.0624405713	0.0206976056	-0.019544844	-0.1023877416	-0.1115757638	0.0281509382	-0.1992902987	-0.0646559998	0.0490908845	0.1021458539	-0.0555133169	-0.0321218385	0.1005080089	0.1128308718	0.1122719638	-0.1003620054	0.1294427594	0.1176729869	-0.0113452508	-0.0087405542	0.046973733	0.0669499239	-0.1271244041	-0.0154707865	0.0369984791	-0.0897707519	-0.1109946737	-0.2262274776	-0.1245862245	0.0674356809	0.0960801792	0.0354719816	-0.0387319156	0.0185645279	-0.0445747391	0.0770446785	0.0768961974	0.1526950561	0.0245550588	-0.0327138687	0.1593878027	0.1115355359	0.0231170813	0.1123206815	0.0104885593	0.0514331644	-0.1149264438	0.1447624496	-0.0255113479	0.0529887332	0.1125201961	0.0147217506	0.1399355589	0.0615796986	-0.0908508023	0.0943465976	0.0481644445	-0.0268568449	-0.0399518853	0.1318276613	0.0144984935	0.0411955077	-0.0254120949	0.0372752104	0.1588036052	0.0280724486	-0.0089898472	-0.1899180771	0.0414976565	-0.1024214758	-0.1073422654	0.033413395	0.0304837905283932	-0.0084370301449041	0.0009292614849789	7.11834776660205e-05	0.0199361595782932	-0.0658732667605761	0.0003974504587311	0.00433928727371	-0.1184174914037825	-0.0167070874930388	0.0140227022703649	0.0002791267725	9.8692522108546e-05	-1.579187130452064e-07	9.74021392014584e-09	2.4938319929854234e-14	-0.0010659405593562	-1.801566777020016e-05	1.1362292760806089e-06	3.2456428520622887e-10	0.0012995551362658	-0.0003234971165633	1.046503844248339e-07	1.688843552194822e-06	0.0
912.8959891037688	-0.4580101039272222	833379.0869217484	0.2097732552994248	1109.8410133155617	-4.018566352520111	1231747.0748373128	16.148875529606787	838.3023672369462	-0.3560067478614428	702750.8589150679	0.1267408045228809	873.5882377062609	797.3807421303931	1.163591	22.24391	0.0591979990813852	0.0348093316692505	-0.1295698291	0.0768957445	0.0985865844	0.0529578644	0.0407261961	0.1353274362	0.0450400767	0.0902959404	-0.0409471743	0.0032343854	-0.1392901352	0.0250470955	-0.0856473093	0.0467740875	-0.0325646888	-0.068430459	0.0930585409	0.1172912703	-0.1027868257	-0.0900159201	0.0005478847	-0.034521764	0.0210119172	0.0431960324	0.0582432127	-0.094256284	0.1051398293	-0.1264691426	0.0723611114	-0.0705543833	0.0475858942	-0.0350675941	0.0131433824	0.0503999024	0.1519699965	-0.0170622977	0.1718777272	-0.1428108054	0.1436290278	0.0362303107	0.032190047	-0.0241120765	-0.1587687136	-0.0071481771	-0.0522391195	-0.0963048715	-0.1083414483	0.0566214673	0.061008913	0.0585079148	-0.0536993766	-0.0902078727	-0.0075683815	-0.0356683132	-0.0610346915	-0.0210116465	-0.0927598826	-0.0288952387	-0.0377148282	-0.014268484	0.0966563547	-0.1752582445	-0.0850087305	-0.0327650563	-0.0085143204	-0.0037892278	-0.0437563153	-0.2387081804	-0.0174431342	0.124563963	-0.0870099067	0.1637406057	0.0134187144	0.0782182722	0.004786387	0.0283084748	0.0714687095	-0.121439282	-0.0409488594	-0.0749960306	0.1253616722	0.0290179346	0.0388490006	0.1206189178	0.0389935468	-0.1542497193	0.0628037737	0.0043773874	-0.0932540247	0.0044313197	0.0847369967	-0.008543978	0.0263146039	0.0643659748	-0.0355714297	0.0249930606	0.0078818352	0.0184588682	0.0884452	0.0382833527	-0.1063942335	-0.1013839798	0.0462651033	0.0295662682515285	-0.0009175222768647	0.0008741642183213	8.418471285429864e-07	0.0334387583915116	0.0135025988132184	0.0011181505627658	0.0001823201747107	-0.105867390405578	0.0125501009982045	0.011207904351287	0.0001575050350651	0.0006461309581865	0.0005474384360779	4.174852151270046e-07	2.9968884129547605e-07	-0.0009690835276328	9.685703172340004e-05	9.391228835292318e-07	9.381284594267724e-09	0.0012998152083264	2.600720605998655e-07	6.76374767046601e-14	1.6895195757966024e-06	0.0
912.1751120417724	-0.7208770619963616	832063.4350284201	0.5196637385125061	1109.3504048351156	-0.4906084804460988	1230658.3207078348	0.2406966810856301	836.9849601262732	-1.3174071106730023	700543.8234775792	1.7355614952517888	871.7759531523709	793.9960366385324	1.238006	23.666466	0.0365138160279789	0.023809873984527	0.0982266001	0.0648026291	0.1152649057	-0.0346565586	0.0654165714	-0.0615065771	0.0124145285	0.0692223282	-0.0198990161	0.1045964181	0.0200697307	0.076631001	0.1008564356	-0.0726051103	-0.0868210414	-0.0686658504	0.0212682558	-0.0014951137	-0.0549453056	0.0816433446	0.0495827923	0.1048029934	-0.1133607789	-0.0102016444	0.1337677441	0.0569480398	-0.0478543856	-0.165231343	0.0184075021	-0.1648735993	-0.0014698844	0.1067942683	0.1610802649	0.0323241478	-0.0168955891	0.0793902757	-0.0702663371	0.0740202867	-0.1494116159	-0.0361336694	0.0232399341	0.0292013525	-0.0190643115	-0.1061338071	0.2155732576	-0.0373265803	0.1041525274	0.0625646169	0.0153841243	0.0921109487	0.0243182252	-0.1278215884	-0.0446404292	-0.085113661	-0.063934884	-0.0715704482	-0.0493591672	-0.059989946	0.0384288075	0.0627422576	-0.0606752967	0.1643213249	0.0668655963	0.1473717783	-0.0659286732	-0.0076364876	0.0863319258	-0.0162190639	-0.0600386528	0.0834185614	-0.0896385767	0.0674607494	0.0886259901	-0.1010493448	0.0043913627	-0.1272433989	-0.0460918033	0.002649514	-0.0102935397	-0.0297154749	0.1693407289	0.0573781236	-0.0171592305	0.0991990747	0.0357368411	-0.1720824844	0.034504929	0.0063511718	-0.1323355852	-0.0361183802	-0.0210055109	-0.0580569319	-0.0279870193	-0.1567485031	0.0518697934	0.0627759874	0.0472359079	-0.0366694914	-0.0517412913	0.0350428114	-0.1100753719	-0.0948006283	0.0586099215	0.0474426398895531	0.0178763716380246	0.0022508040796898	0.0003195646629407	0.0492702550789374	0.0158314966874257	0.0024275580355435	0.0002506362873639	-0.1058951185523966	-2.7728146818603583e-05	0.0112137761332261	7.68850125994036e-10	0.0005911304297523	-5.500052843419997e-05	3.494351849791389e-07	3.0250581280412397e-09	-0.0009696206121474	-5.370845145999609e-07	9.401641315010988e-07	2.8845977582307564e-13	0.001299788430161	-2.6778165399931473e-08	7.170701421860869e-16	1.6894499631803968e-06	0.0
911.5772679464056	-0.5978440953667814	830973.115436633	0.3574175623649252	1107.2912299550178	-2.059174880097771	1226093.867935296	4.24020118682567	837.3043140652813	0.3193539390081241	701078.5143523313	0.1019869383600046	871.8992461159264	798.524748036975	1.237413	23.655132	0.0304498238021659	0.017759138465579	-0.0020056906	-0.1629593554	0.0648988376	-0.1094849258	-0.1424648245	-0.0540295698	-0.03241296	0.0511108796	-0.0774972304	0.0615479571	0.0964234857	-0.0436855302	-0.082902153	0.0515740705	-0.0429647966	-0.033022056	0.0910024829	0.1566954305	-0.0377730429	0.0391420139	0.1800195742	-0.1381717442	0.0332595223	0.0500330157	-0.0589623062	0.0388137487	0.0276196154	0.1193675476	-0.0311042955	-0.1769143174	-0.0838687208	0.184978514	-0.0419046697	0.0462929647	-0.088990957	-0.0472449724	-0.3418683642	0.1015972955	-0.1039522087	-0.0587649542	0.0055008513	0.0285045406	0.0111485944	-0.0567677892	-0.0105657541	0.1376239788	-0.0234839979	0.088708474	0.0251268005	0.0214127052	-0.0320441168	-0.0797822665	-0.0518852992	-0.1108296959	-0.0465147371	-0.1409362974	0.0410858978	0.0036360114	0.0012177598	-0.2378857086	0.0707999626	-0.0814666454	0.080101134	0.0442766804	-0.1078395526	0.1175220091	3.99341e-05	0.1759818807	0.127227353	-0.0051267093	0.0529917899	-0.0576554468	-0.0733782199	-0.1484934942	-0.0821076553	-0.0552524631	0.1057155873	-0.0619922693	0.1397250331	0.0558006152	0.1677978133	0.0764336957	0.0034539019	0.0825638848	0.0538529494	-0.1251692964	0.0328496428	0.0317834272	0.0528273664	0.0517249178	0.1526765115	0.0037232133	0.0478061811	-0.1418488288	-0.0891415992	0.1068902528	0.0637861885	-0.0425918996	-0.0343906821	0.0317782535	-0.1134548014	-0.0876327994	0.0703125971	0.0476440728292715	0.0002014329397184	0.0022699576757609	4.057522920359725e-08	0.0648774546757238	0.0156071995967864	0.0042090841252005	0.0002435846792539	-0.1110806578419527	-0.0051855392895561	0.0123389125466009	2.6889817723530025e-05	0.0006067367288785	1.5606299126199978e-05	3.681294581701824e-07	2.4355657241643017e-10	-0.0010780874047355	-0.0001084667925881	1.162272452249326e-06	1.176504509434992e-08	0.0013648283779688	6.503994780779994e-05	4.230194810841341e-09	1.8627565013089452e-06	0.0
911.275524133104	-0.3017438133016412	830423.0808840634	0.0910493288658157	1108.1096841230355	0.8184541680177517	1227907.0720472536	0.6698672251456301	838.3342365892628	1.0299225239814405	702804.2922377021	1.0607404054043008	873.6576159737895	794.6486069403943	1.352869	25.862255	0.0692011085884149	0.0343094798845676	-0.1268154105	0.0286343405	0.0523287696	0.1230966565	0.0138876922	0.1669391986	-0.0419538412	0.0036805971	0.0372715197	0.0658354518	-0.1299580865	0.0561535208	-0.0117663778	0.0623514503	-0.1307063265	-0.0215163183	-0.0737979582	0.0278667691	-0.2397729854	-0.1067131122	0.0536272101	-0.0359163194	0.0179939732	-0.0770701467	-0.0514639842	-0.0101702901	-0.219559493	-0.0341285328	0.0357477656	0.1005398613	0.0881587862	-0.085148308	0.1037172537	-0.1100019106	-0.0116917125	-0.0714409719	0.0572807847	0.1309147314	-0.1486489713	-0.0007001353	0.0453385048	-0.0271635939	-0.0208309036	0.0736215981	-0.0050043689	-0.0972950405	-0.1282864175	-0.0143153245	0.0200660494	0.1238632258	-0.1341304666	0.0471831075	0.1132215	-0.1371538953	-0.0456536552	-0.0553181635	-0.1933434477	0.0287628332	-0.0637098625	0.0112819486	0.0157421737	0.0152090544	0.1135848068	-0.0590665761	0.1557400782	-0.028924559	0.2036707409	-0.0287511914	0.0038078917	-0.0916215742	-0.0402209293	-0.0921868534	0.0742240591	-0.0744257929	-0.0003364974	-0.0103483571	0.0918500158	-0.1569657706	-0.069569451	-0.0254912571	0.1381367341	0.0650018216	0.0090046052	0.1013389725	0.0303766555	-0.0708655057	0.066833181	0.0224542914	-0.0877712555	-0.0644927741	-0.097224694	0.0312969967	-0.003938393	0.1496091426	-0.0031365358	-0.0225162247	0.0591741415	-0.0038525691	0.0403559032	0.0284919163	-0.1165232592	-0.0799246852	0.0812449131	0.0223191727394294	-0.0253249000898421	0.0004981454717724	0.0006413505645604	0.04926599668579	-0.0156114579899337	0.0024271384294442	0.0002437176205714	-0.1215510999210067	-0.0104704420790539	0.0147746698920065	0.0001096301573308	0.0006705536936969	6.381696481840005e-05	4.49642256130556e-07	4.0726049986329105e-09	-0.0008510616988348	0.0002270257059007	7.243060152235758e-07	5.1540671139711145e-08	0.0012997848800962	-6.50434978726e-05	4.230656615502922e-09	1.6894407345266927e-06	0.0
910.914391400318	-0.3611327327860181	829765.0284602117	0.1304168506894975	1108.231293608323	0.1216094852875357	1228176.6001327771	0.0147888669118993	837.7288680064528	-0.6053685828100015	701789.6562913728	0.3664711210533896	873.4104622249322	783.4494189353217	1.289899	24.658484	0.0677689782574187	0.0411871419157195	0.0890422695	0.0688653156	0.0214550023	-0.1143716168	0.0713925714	-0.0689687348	-0.0675952436	0.0629498696	0.0614313057	0.0984271187	0.0458831214	0.0909775686	0.0347259006	-0.0040178901	-0.1278000956	-0.1071697205	-0.1428156605	-0.0096814443	-0.0618260922	-0.0359481821	-0.0382132791	-0.0552496487	-0.0403775848	0.0086490934	0.0140587257	-0.0618083201	-0.1830876585	0.1090658183	-0.1020460655	-0.0205042766	-0.1479821401	-0.064977427	-0.0566995574	0.0010749124	0.0495629967	0.0156055374	0.0715996219	-0.0831663362	0.0163305506	-0.0127038916	-0.01117231	0.0303297501	0.0523456338	-0.1134745409	0.0730666208	-0.04257278	0.1061276799	-0.0572054521	0.0055726159	0.1704320209	-0.0640865535	0.015555144	0.0771982969	-0.16460053	-0.0361042004	-0.0224116882	0.099416295	-0.0052879368	-0.0503605484	-0.0199979197	-0.1055383458	-0.0102076082	-0.0109038985	-0.1260405442	0.094551393	-0.032402727	0.0541663513	0.1226607622	-0.0500340147	0.0298327109	-0.0777202903	0.0184654706	-0.1362198667	0.0440691222	-0.0143051297	-0.1715829001	-0.0376069958	-0.0573916779	-0.0809279464	0.0055037898	0.0573290546	-0.0068868938	0.0580988251	0.0740712302	0.0334267952	-0.1008252709	-0.0179757051	-0.0343519601	0.0091447361	0.0454848394	0.0629996166	-0.1014272106	-0.0555304971	-0.0369644316	0.0532532694	0.0393434634	0.0162247323	-0.0416723166	0.0136455138	0.0251860523	-0.1192723348	-0.0717238087	0.0912870929	0.0265478881010352	0.0042287153616057	0.000704790362625	1.788203360948086e-05	0.0302110963342272	-0.0190549003515628	0.0009127103417159	0.0003630892274079	-0.1577553154952369	-0.0362042155742301	0.0248867395670017	0.0013107452253453	0.0008110375026538	0.0001404838089569	6.577818307109127e-07	1.9735700579038783e-08	-0.0008259731405713	2.508855826350003e-05	6.822316289452164e-07	6.294357557410356e-10	0.0012998354522762	5.0572180000131584e-08	2.557545389965709e-15	1.6895722029940737e-06	0.0
911.7470809176384	0.8326895173204321	831282.7395618347	0.6933718322553342	1102.7069987293376	-5.524294878985529	1215962.7250466633	30.51783390998574	836.9935621044303	-0.7353059020224464	700558.2230042629	0.5406747695490435	871.7971953596499	795.7963418773243	1.212434	23.17762	0.0683631101455573	0.039242794465868	0.0431110442	-0.1405331211	0.0201968853	0.057760763	-0.1286926051	-0.0736034637	-0.0425513174	-0.0304017672	0.0938153305	-0.0932095868	0.0893430424	-0.0956574856	-0.0233748135	-0.0296389322	-0.061767698	-0.1281948623	-0.1045469267	-0.0319753711	-0.0413845835	-0.0585962741	-0.0309789429	-0.064785555	0.0958041584	0.0189152492	0.098077753	0.1704770039	0.117608997	0.0059784917	-0.1480816452	-0.0704110984	-0.0429696026	0.0242255345	-0.1811579631	0.1740947867	-0.1023462525	0.1238425305	0.0004544663	-0.1083692754	-0.0750185777	0.0626311854	0.1470054205	0.0360800391	0.0277262516	0.0450706566	-0.0629216343	0.1358723061	-0.0113350305	-0.039176249	-0.044484068	0.1137610686	0.0278774111	0.0253482118	-0.0105191668	-0.106046823	-0.0145560058	0.046365775	0.0594035704	0.0274202495	-0.0227994424	0.1200912218	0.037305463	-0.2031807068	0.0179565064	0.0778021503	-0.0573818109	-0.1696083429	-0.1047712799	0.0709116115	0.0654214715	0.0506959997	0.1899867123	0.0483170735	-0.025831451	0.0941107802	-0.0963305591	-0.1333992193	0.0699913254	-0.0539589102	0.0819373767	0.0683852664	-0.0257225781	-0.0770337787	-0.0005254839	-0.0204181988	0.02195734	0.0961301649	0.064809607	-0.1402985254	-0.0281482991	-0.0624710737	0.0773827651	0.1188880138	-0.0351581332	0.1183203346	-0.02339533	0.0906369369	0.0593188836	0.082159751	-0.06193418	0.0218629269	-0.1216944932	-0.063080731	0.1003291122	0.025178443974724	-0.0013694441263111	0.0006339540409883	1.8753772150882417e-06	0.0293407898526538	-0.0008703064815734	0.0008608819491775	7.574333718686716e-07	-0.1844475958347047	-0.0266922803394678	0.0340209156092025	0.0007124778297207	0.0008152102950138	4.172792359999973e-06	6.645678250964868e-07	1.7412196079674142e-11	-0.0004981562150792	0.000327816925492	2.481596146220342e-07	1.07463936639093e-07	0.0008432035861642	-0.000456631866112	2.0851266114892758e-07	7.109922877201674e-07	0.0
911.4583547214772	-0.2887261961611784	830756.3323915822	0.0833628163497033	1102.7567470948209	0.0497483654833104	1216072.4432631508	0.002474899868261	837.9533494394037	0.9597873349733844	702165.8158367154	0.9211917283753118	871.5042427425103	796.7943335510436	1.216424	23.253887	0.0577742910216738	0.0324387713397268	-0.1340458236	-0.0584053816	0.0308934632	-0.0086250412	-0.0924488041	0.0963607616	0.0425870379	-0.0684881781	0.1025735036	0.0395189447	-0.091097235	-0.1177865134	-0.1505255741	0.1325210648	-0.0760530898	0.0413244877	-0.0435534751	0.0374168444	0.047040761	0.2499950935	-0.0311622772	-0.0334880581	0.0508169873	-0.0545646642	0.0657971433	-0.0691502669	0.0187780353	0.0758830653	0.0274540881	0.0329137934	-0.1532980637	-0.1602680084	0.0992013893	-0.1219457575	-0.0142161148	0.0018606791	0.041216707	0.0671072134	-0.0216824274	-0.0594665411	-0.0326516774	0.089500171	0.0443682432	0.0751626347	-0.0139253029	0.037596233	-0.1782992465	0.0872230682	-0.0543004243	0.0745452282	0.0035681355	0.061443958	-0.0761674596	-0.0005645219	0.1197324895	-0.0721568419	0.0768561326	-0.0675868354	-0.097847298	0.0002130946	-0.099192403	0.0448521542	-0.1295468503	-0.106417962	-0.1174158939	0.0963559669	-0.0722993081	0.1594839647	-0.0092989287	-0.0646289965	-0.0971398094	-0.0733935806	-0.0084678857	0.0747614133	0.1624165772	0.0447288965	0.1558064887	-0.0116356134	-0.0134003387	-0.0217167728	-0.0965368093	-0.1392323119	-0.0840421237	-0.0157760173	0.0538269281	0.0189923469	0.0441162374	-0.0994717206	-0.1434618019	0.0168208415	0.0155060711	-0.0216904902	-0.1267788269	0.0069800325	0.0192175338	0.0965265063	0.0928708497	-0.0226669743	-0.0955974789	0.0185248178	-0.1237830955	-0.0540487397	0.1082719048	0.0038693972264809	-0.0213090467482431	1.4972234896298084e-05	0.0004540754733188	0.0290591849288262	-0.0002816049238276	0.0008444362287277	7.93013331239498e-08	-0.1628487972835515	0.0215987985511531	0.0265197307766992	0.0004665080988532	0.000866811423072	5.160112805819997e-05	7.513620431681057e-07	2.6626764168787526e-09	-0.0007381348525974	-0.0002399786375181	5.448430606189854e-07	5.7589746465091623e-08	0.0008433206365568	1.170503926000311e-07	1.3700794407821415e-14	7.111896960425664e-07	0.0
910.3133270306226	-1.1450276908545902	828670.3533695614	1.311088412823795	1104.7116807620955	1.954933667274645	1220387.897612214	3.821765643443892	838.3155097671702	0.3621603277664462	702772.8939161904	0.1311601030078997	874.8914093417154	796.5083363578433	1.196699	22.876822	0.1106142033228125	0.0497753652398028	-0.0086231745	0.1175837995	-0.0785532818	-0.0218628244	0.0904346484	0.0530128494	-0.0778076107	-0.0160991794	0.2241427926	-0.0535105006	-0.0847787313	0.0494965092	-0.0103061452	-0.0887336259	0.0922458757	0.0116584611	-0.1673444947	-0.0207954844	0.0780445047	0.1193964668	0.0176041971	-0.1543153407	0.0294563119	-0.0509905792	-0.1737871567	-0.0423592914	-0.1126175535	0.0467958898	-0.1662025539	0.0030480262	0.110211479	-0.0198956738	-0.0889666232	-0.004451675	-0.0952685927	-0.0567473218	0.020765611	-0.0287163307	-0.1485906088	-0.0313312039	0.0745599246	-0.0645716142	-0.0130135669	0.0980724838	0.0523383835	-0.0912398187	-0.0115879992	-0.1333430368	0.0597505609	0.0548520285	0.0927141283	0.1878435034	-0.0447204802	0.0731906016	0.0883276022	-0.0010613728	0.0822416662	0.0330756074	-0.0890779487	-0.2371733425	0.0393070227	0.0470692627	0.0431779569	-0.0188398326	0.0873915238	-0.2029469236	-0.0040573375	0.0706221084	0.0273932808	0.0444386434	-0.0052641669	-0.1224651408	0.0436609302	0.0089899524	0.0485778791	-0.0070159784	0.0313227316	0.0197210776	-0.1729327105	-0.0579791737	-0.2086987407	-0.1226923083	-0.1042267236	-0.0035006152	0.0703723072	0.028483871	0.0215037397	-0.0464628161	0.0268746991	0.1406992563	0.0884506393	0.1070295164	-0.1026817168	0.0518166536	-0.0336155127	0.0153732269	-0.0428221427	-0.1082141122	-0.0948593022	0.0151740128	-0.1255324169	-0.0446835199	0.1150284477	-0.0258285253897412	-0.0296979226162221	0.0006671127238085	0.0008819666077191	0.0085966113430799	-0.0204625735857462	7.390172658397e-05	0.000418716917752	-0.1813991140630406	-0.018550316779489	0.032905638582856	0.0003441142526193	0.0014459222250783	0.0005791108020063	2.090691080975382e-06	3.3536932100038015e-07	-0.000855791927681	-0.0001176570750836	7.32379823483962e-07	1.3843187317227888e-08	0.000984620566294	0.0001412999297372	1.9965670143737652e-08	9.694776595691174e-07	0.0
909.7362087625866	-0.577118268036088	827619.9695337245	0.3330654953009739	1104.839085759343	0.127404997247595	1220669.405421541	0.0162320333236596	837.6332792644259	-0.6822305027442326	701629.5105312758	0.4654384588746483	874.1013512993795	792.154012298584	1.161489	22.203716	0.0420808936960972	0.0286004718047512	0.142871311	-0.021220194	-0.0874724814	0.0345506426	0.0436394609	-0.1437015083	-0.121587449	0.0077243977	0.11725822	-0.0596838373	0.0749094616	0.0277929815	0.065487336	-0.063741573	0.1257971681	-0.008873943	-0.1384898769	-0.0089587801	0.0134230053	-0.0278151987	-0.0670167701	0.1210947598	0.136913874	0.0882980112	-0.0559086503	-0.1035584224	0.0067287889	-0.0314109537	0.090263961	0.1870082582	0.1308327124	0.1538825035	-0.0794455426	0.0172786977	0.115922816	-0.0603354115	0.0394998513	-0.0287165317	0.070148063	-0.0081065894	0.178048811	-0.103922224	0.0509437092	-0.0225274488	-0.1408475661	0.0445494263	0.1072030076	-0.1496802738	0.0175235057	-0.0131599653	0.0631641948	0.1368383916	-0.0940159326	0.1198143483	0.0966528141	0.1171213154	-0.090980851	0.046152406	0.0515292173	0.0564845196	-0.0424032176	-0.051665592	-0.1150658698	-0.0884262698	0.1090948946	0.0402480439	0.0305065395	-0.0981875228	0.0407765644	0.0531108425	0.1239399223	0.1127494379	-0.0368973947	-0.1251635788	0.0060719476	-0.1148317608	-0.024326761	0.1093032825	-0.0411467955	0.0498820176	-0.1581995803	-0.0505117983	-0.072249563	0.0564639045	0.0839196393	0.0562879657	0.0012004272	-0.0582846946	-0.0724175405	0.0016192296	-0.0928169223	0.0680299486	-0.1248715974	0.0588523648	0.022800237	0.0130259948	-0.0504270421	-0.101200731	-0.0338978229	0.0118128082	-0.1269376627	-0.0350428114	0.1205247148	-0.0258566977639276	-2.817237418640053e-05	0.000668568819255	7.936826672985671e-10	0.0344620189145814	0.0258654075715015	0.0011876307476689	0.0006690193088398	-0.1918350146565899	-0.0104359005935492	0.036800672848294	0.0001089080211984	0.0014409702058995	-4.952019178800166e-06	2.076395134290047e-06	2.452249394720467e-11	-0.0008552131224526	5.788052284000107e-07	7.313894848151258e-07	3.350154924231885e-13	0.001094118005024	0.0001094974387299	1.1989689088430078e-08	1.1970942089176976e-06	0.0
909.3590880902286	-0.3771206723579325	826933.9510922922	0.1422200015196991	1103.5622182720876	-1.2768674872554584	1217849.5695976107	1.6303905800100682	836.3729026311561	-1.260376633269857	699519.6322556653	1.5885492576926594	872.5066044334499	792.2724537622361	1.332965	25.48177	0.08017993497718	0.0394268039833438	-0.1077372016	-0.091252834	-0.1101975496	-0.1107877629	-0.1090003032	0.0615433109	-0.0196359913	-0.1211358927	0.0031858902	0.1210531518	-0.0613748501	-0.1475326109	0.0574768402	0.0884236025	0.0017976107	0.0146012061	-0.151726511	0.014115699	0.0069181263	0.0071416759	-0.1763658957	-0.1098017907	0.0312242674	0.070336718	-0.0614808397	-0.0071397576	0.1606832492	0.0341600338	-0.1016439056	0.0290669396	0.1550759891	-0.0796681112	-0.0025267669	-0.1148868374	0.0857985913	0.0655687978	-0.023898911	-0.0055116268	0.1398433506	-0.0899065542	-0.0364690644	-0.1243628285	-0.0355702044	-0.0454229523	0.2317574453	0.0705569001	-0.1281577839	-0.0985569134	-0.1259073242	0.010916729	-0.0463923616	-0.0079873603	-0.0034401757	0.1218850589	0.0623578136	0.0300931253	0.034387999	0.1071856373	-0.0717006636	-0.0023115155	-0.02307419	-0.0827438612	-0.02441608	-0.0432639919	-0.0558599843	0.096506898	-0.0487972357	-0.1066615633	-0.0732834368	-0.0141698257	-0.0070938331	-0.1964993289	0.065189083	0.0648700816	0.0805111691	0.0083034412	0.149121407	-0.0306080981	-0.001598327	0.042850918	-0.1372915249	-0.054225075	-0.0650376387	-0.011762158	0.0580217986	-0.0040021955	-0.0530503453	0.0346714101	0.1155780937	-0.0014520177	-0.03015489	-0.1262620333	-0.0251263197	0.0168964439	0.1280876867	-0.0887809467	-0.0160306655	-0.1287431888	-0.0713584448	0.0084435077	-0.1279949812	-0.0251860523	0.124700488	-0.0143434201290943	0.0115132776348333	0.0002057337009997	0.0001325555618967	0.0190131065367609	-0.0154489123778205	0.0003614982201782	0.0002386688936575	-0.1642730645142336	0.0275619501423562	0.0269856397248975	0.0007596610956497	0.001037001505115	-0.0004039687007844	1.0753721216107754e-06	1.631907112135168e-07	-0.0008408843676166	1.4328754835999996e-05	7.070865197019693e-07	2.0531321515019327e-10	0.0011889364458469	9.481844082290007e-05	8.990536720085805e-09	1.4135698722630589e-06	0.0
909.2387518401129	-0.1203362501157698	826715.1078477664	0.0144808130919251	1107.965715562975	4.403497290887344	1227588.0268629752	19.39078839085218	837.2883059731013	0.9154033419451936	701051.7073193056	0.8379632784444287	873.0950086128497	791.8820362846056	1.3143	25.124949	0.0702335508229856	0.03239252114014	-0.0037302018	0.1572349127	-0.1079982316	-0.0135089041	0.1227584391	0.0085480609	0.0263666991	-0.0837220592	0.1935333512	-0.0587763081	-0.0635845677	-0.0119258643	0.062421877	-0.0286356461	0.0227105562	0.0512500774	-0.1949754625	0.0140921112	0.097196764	0.005064646	-0.0371495771	-0.1103422127	-0.1072899454	0.0180888686	0.0525508049	-0.0753954465	-0.0604068388	0.0497418343	0.0632517103	-0.012069309	-0.1264774152	0.0406359797	0.0191717078	0.0603671826	0.0977921331	0.1121251821	0.0613140251	-0.0237408098	-0.1240184989	-0.0910289745	0.0366390959	0.1023823422	-0.0490741484	0.1096975906	0.073139601	-0.1193911311	0.0233429675	-0.0291629461	-0.0738908202	0.0651186045	0.0490152598	0.1691048002	-0.0255145148	0.0856418492	0.0595488526	-0.0477640961	0.0735145081	-0.0302222244	0.0052700392	-0.0309973917	0.0792698501	0.0004439304	-0.0871282191	-0.0308363765	-0.0457802229	0.0326504704	0.006654539	0.0870336862	-0.0303643273	0.0605508473	-0.0086432404	0.014223504	-0.0156234155	0.0980615767	0.01015742	-0.012130586	0.0379804747	0.0690505987	-0.1979443552	-0.0413567573	-0.0313683004	-0.0903948556	-0.0933226103	-0.0137892093	0.1051346167	-0.0199199938	0.0595730018	0.0435617946	0.1305277001	0.0092807573	0.0254770596	-0.0129659178	0.0229042348	0.0425346949	-0.0419645141	-0.0417177321	0.012532363	-0.1137265721	-0.0647149899	0.0050684204	-0.1287014744	-0.0151740128	0.1275100165	0.0008642204531099	0.0152076405822042	7.46876991573481e-07	0.0002312723320775	0.0420148935399566	0.0230017870031956	0.0017652512791738	0.0005290822053403	-0.1517456890669279	0.0125273754473057	0.0230267541503967	0.0001569351355977	0.0008381026524323	-0.0001988988526827	7.024160560140567e-07	3.956075359849441e-08	-0.0009399627423445	-9.907837472790004e-05	8.835299569957929e-07	9.81652433872218e-09	0.0012808941742419	9.195772839500006e-05	8.4562238115686e-09	1.640689885606839e-06	0.0
908.5155590551178	-0.7231927849950353	825400.5210452332	0.5230078042688753	1105.2872917734978	-2.678423789477165	1221659.9973559934	7.173953996037216	837.2029503544675	-0.0853556186337982	700908.780082225	0.0072855816323584	873.0228610374338	787.8611600467137	1.334677	25.514482	0.0463355828247448	0.0251740793638257	0.0867250401	-0.1058542009	-0.1081582837	0.0949773814	-0.0432902048	-0.1212749039	-0.0404304305	-0.0396272212	0.0534375607	-0.0624762305	0.1003384304	-0.1285782316	-0.0156035118	-0.1152676166	0.0559219402	-0.0820908574	-0.1545688518	0.0395796808	-0.0011957151	0.0003806585	0.0840178038	0.0936997633	0.1833977393	-0.0657934451	-0.0029294798	-0.0192579352	0.0772430591	0.0087346073	-0.1283825053	0.0227132788	-0.0271395294	-0.1145745853	-0.0995898789	0.0475271157	-0.0028336039	0.0226429329	0.0342247836	-0.0257421103	0.238895717	0.0365962645	-0.1955823508	0.026023143	-0.0337991941	-0.0474448125	0.051841702	0.1081832349	0.0628605964	-0.0730331013	-0.0412058646	0.0027841756	0.1536734511	0.0032076567	-0.1704892439	0.0433949219	-0.0126446978	0.0553081369	-0.0430984512	-0.0377893475	0.0752402207	0.033510105	-0.0606672361	-0.2633042064	0.0193731044	-0.0812917035	0.1102297124	-0.0301179591	-0.0178029403	-0.0357751122	-0.077381542	-0.0928733924	0.0086602272	-0.044592938	-0.0856634057	0.0317056048	-0.0098012763	-0.0625863998	0.0850041649	0.1490525019	0.0753797434	0.0432413992	-0.0206382347	-0.0421909696	-0.0918831264	-0.0487568324	0.1300469014	0.0071668513	0.1082429776	-0.053639289	0.0593604507	-0.0035006591	-0.1031203776	0.0245484162	0.0304057141	0.091428033	-0.0211866286	-0.0566681504	-0.0507770513	-0.0094207516	0.0105977273	0.0016898595	-0.1290552057	-0.0050684204	0.1289225186	0.0127491036905524	0.0118848832374424	0.0001625396449124	0.0001412504495676	0.0363149023355617	-0.0056999912043948	0.0013187721316413	3.24898997301792e-05	-0.1455227475396654	0.0062229415272624	0.0211768700514931	3.872500125172805e-05	0.0012425981466805	0.0004044954942481	1.5440501541338132e-06	1.6361660486709553e-07	-0.00095522304197	-1.526029962549999e-05	9.124510599104204e-07	2.328767446600351e-10	0.0012500946310027	-3.0799543239200125e-05	9.486118637433582e-10	1.5627365864617766e-06	0.0
908.3442929841348	-0.1712660709830515	825089.3545968477	0.0293320670699716	1101.921106522608	-3.3661852508898846	1214230.1250000086	11.331203143308596	837.0792293113998	-0.1237210430676896	700701.636144567	0.0153068964977571	873.0114748341363	785.8443921435447	1.32513	25.331976	0.0489006561697587	0.0251157630509237	-0.1257154497	0.0196784825	-0.0960374738	0.1182201417	-0.0224532599	0.1032589281	0.0260200134	-0.1882701578	-0.0154494099	-0.0220335888	-0.1671697365	-0.056736149	0.0359399891	-0.0348193995	0.0164593237	-0.0006511013	0.0581329367	0.0376937106	0.1191414624	0.0409975543	0.0516065105	0.0886238649	0.0764396959	-0.022291348	-0.0726756265	0.0236615851	-0.039589911	-9.00397e-05	0.0328761867	-0.0579422204	-0.0090716034	0.0843380435	0.0855618305	0.096296579	0.1798260053	0.0740057819	-0.1608409118	-0.0873244938	-0.0272285851	-0.0495402667	-0.0237405116	0.12956494	-0.0372247688	-0.0278991224	-0.1414230077	-0.0493551877	-0.1449475545	-0.0358983975	-0.078823051	0.012610501	0.0226419769	-0.0793673704	-0.0635509577	0.1072996597	0.0793818661	0.036345298	-0.142428572	-0.0059040279	0.1591090014	0.0355640653	-0.0835707126	0.0193594875	-0.0697765055	0.0189687065	-0.0887092014	0.072112191	-0.0370744897	0.1223112423	0.0018896867	0.0028142325	-0.0998324774	0.0253297548	0.100992529	-0.0142972766	-0.132084266	0.0659886503	0.1343531827	0.068736961	-0.0630218348	-0.0432813644	-0.0106444035	-0.1054458715	-0.0297356062	-0.0629433446	0.0526021923	-0.0226059288	0.0823385276	0.0219491773	-0.0078657199	-0.1020758678	-0.165120407	-0.0962468436	-0.0252401433	0.0854398708	0.0502590963	-0.0293432042	0.0541996406	-0.026447956	-0.0032414487	-0.0016898595	-0.1290552057	0.0050684204	0.1289225186	0.0110287310559726	-0.0017203726345797	0.0001216329087049	2.959682001811041e-06	0.0380129050470969	0.0016980027115352	0.0014449809501196	2.883213208380901e-06	-0.1498424003170342	-0.0043196527773687	0.0224527449327703	1.865940011702988e-05	0.0009248430044162	-0.0003177551422642	8.553345828175834e-07	1.009683304354055e-07	-0.0006530172448302	0.0003022057971397	4.264315220456255e-07	9.132834382490193e-08	0.0010468030094813	-0.0002032916215213	4.1327483380800094e-08	1.095796540659107e-06	0.0
908.9929329555032	0.648639971368425	826268.1521630479	0.4207338124568312	1108.2226657351932	6.301559212585289	1228157.476849218	39.70964850971853	837.8891158864468	0.8098865750470168	702058.1705209715	0.6559162644413872	873.0646937193925	785.6703272456215	1.252796	23.9492	0.0617988014467688	0.0283982420168306	0.0892374734	0.0730759736	-0.0577901218	-0.0777661128	0.1095213244	-0.0817033464	0.1281105271	-0.0691293286	0.0711784118	0.0647147332	0.00576838	0.0318476795	0.0930392566	-0.0128135424	0.0396337549	0.0600884203	0.1021214694	-0.0083674096	0.108820105	0.2982385191	-0.1189686856	0.1320121646	0.0447598387	0.0400081028	-0.0102793267	-0.0153301933	0.0232877295	0.0514453877	-0.1320101386	0.055909434	0.0387675839	-0.0714338272	0.0326537792	0.1440814453	0.1527470233	-0.154479757	0.0102497036	-0.1759017316	-0.089879581	-0.0642608407	0.0587017202	0.0659238775	-0.0157833622	0.0531705008	0.1561270852	-0.0508084404	0.1231558124	0.0620590458	-0.1156948094	0.0067264308	0.0707361955	0.0042939308	-0.1246626929	0.2008565757	0.0160625578	0.0698279578	0.1422373004	0.0660535137	-0.0903172602	-0.0159967018	-0.1880168812	0.1435467123	-0.0608836738	-0.0044290024	-0.0134082642	-0.0136446557	-0.040592539	0.0005451337	0.0385300588	0.1251500625	-0.1819892437	0.1172113409	0.1623056232	-0.0068301702	-0.0917641517	-0.0153392855	-0.035264282	0.1678396507	-0.0993223367	-0.0324194828	-0.0233244489	-0.0595145683	-0.0781588259	-0.107305557	0.0504274381	0.0057561283	-0.0430622542	-0.022146365	0.0490662181	-0.042978716	0.0134518777	-0.085853394	-0.0334880155	0.0232086409	0.0435229689	-0.06872684	-0.0209353165	-0.0693954082	-0.0374070441	-0.0050684204	-0.1287014744	0.0151740128	0.1275100165	0.002797434129576	-0.0082312969263966	7.825637709316631e-06	6.775424909050613e-05	0.0325534047736795	-0.0054595002734174	0.001059724162359	2.980614323544473e-05	-0.169385422966954	-0.0195430226499198	0.0286914215136939	0.0003819297342952	0.0010241793671694	9.933636275319998e-05	1.0489433761355126e-06	9.867712965035336e-09	-0.0004731139535465	0.0001799032912837	2.2383681304039977e-07	3.2365194214707825e-08	0.0007547430315775	-0.0002920599779038	8.529903069316817e-08	5.696370437147953e-07	0.0
910.9714330586424	1.978500103139254	829868.9518489167	3.9144626581220394	1108.486670004355	0.26400426916166	1228742.6975773436	0.0696982541355822	838.0467442379722	0.1576283515254317	702322.3455278652	0.024846697204625	873.8930218286093	786.7426378311501	1.143435	21.858597	0.0422701491462622	0.0215146975984133	0.0479005	-0.1140191415	-0.0073049594	0.1130000172	-0.0793939294	-0.0611827633	0.0815700778	0.0313855649	0.0536034587	-0.1519395678	0.1204706622	-0.0659660815	-0.0304807724	0.087213717	0.0379924284	-0.0247407438	0.0046864047	-0.0901737138	-0.0157887182	0.0781421533	0.1277574004	0.0864383722	-0.0330015518	0.1276193513	-0.0637646598	-0.0001936547	0.0822403005	0.0037825668	0.175151329	-0.0544390282	0.0556442854	-0.0146914887	-0.0713166033	-0.0899198658	-0.0151561178	-6.9175e-06	-0.0648681169	0.065821185	0.2024945195	0.1722729667	0.3151113029	0.0951726701	0.0692696526	-0.0654053099	-0.0290110284	0.1220532893	0.0147458829	0.0716208021	-0.0414988355	-0.0859054058	0.0108579415	0.0946179293	-0.1257174124	0.0221969622	-0.0505111404	0.1788956884	0.0114084548	-0.054889998	-0.0796060038	-0.003805119	0.0800101817	0.0209817036	0.0407841912	-0.0227061382	-0.1029547197	0.1010567389	0.072246402	-0.0590744362	-0.0863434206	0.0659586134	0.0385929741	0.0970853029	-0.0583818558	0.002447287	-0.090709811	0.021578167	0.0361784175	0.2027080651	0.101111123	0.0390854091	-0.0312616092	-0.0327466388	-0.0799861643	-0.0993266136	0.0391180646	0.0288931276	-0.0145314026	-0.0328007772	0.0265108035	-0.034375115	0.0292063899	-0.0005780499	0.0217165398	0.1087394801	0.1145803209	-0.0579771257	0.0012071591	-0.0256877788	0.0273198871	-0.0084435077	-0.1279949812	0.0251860523	0.124700488	-0.006726433500134	-0.00952386762971	4.524490763172493e-05	9.070405462823796e-05	0.0369991748977156	0.0044457701240361	0.0013689389431117	1.9764871995771985e-05	-0.1650082013309628	0.0043772216359911	0.0272277065064795	1.91600692505894e-05	0.0013612183031422	0.0003370389359727	1.85291526880933e-06	1.1359524436167713e-07	-0.0005254262038205	-5.2312250274000034e-05	2.7607269566122165e-07	2.7365715287296166e-09	0.0008438576404612	8.911460888369992e-05	7.941413516494808e-09	7.120957173647439e-07	0.0
912.3363789945204	1.3649459358779268	832357.6684368331	1.8630774078696692	1110.530231844044	2.043561839689118	1233277.3958395862	4.176144992633575	837.9367840730691	-0.1099601649031001	702138.0541027173	0.0120912378655169	873.8597800446805	789.4828766854037	1.160072	22.176626	0.057928089798435	0.0286057385832582	-0.1302387683	-0.0727456889	-0.0035821488	-0.0223003718	-0.0548541264	0.1478863789	0.1073271771	0.0467584838	-0.075163185	-0.1135689199	-0.0625185746	-0.1010359196	-0.0616181867	0.0395736105	0.0766883174	0.0046878168	0.1030157061	-0.0796960862	0.0460685892	0.0869793384	-0.0014960676	-0.0519966439	-0.1512206221	0.1919399424	0.0024002718	-0.0238966545	0.0527397412	-0.0919791342	0.2252303934	0.0229966916	0.0651112303	0.0854275234	-0.0873417734	-0.162737521	0.0988451588	-0.0300176379	-0.1054100848	0.0521382802	-0.0559459818	0.0724229165	-0.1417022398	0.1105799629	-0.0842434987	-0.0365889644	-0.1145358081	0.0186449263	-0.1283888319	0.0691666676	0.0127572824	-0.1513590824	0.0501767965	-0.0630848766	-0.0705581708	0.0790229136	-0.0097778307	0.0699200522	0.0669831759	0.0522195514	0.0402183449	0.0660665399	0.1462962319	0.1739853631	-0.0920443482	0.0188720263	-0.1492935215	0.1135085852	0.1441368282	-0.2156410915	-0.0796277142	-0.0045636986	0.0074993527	-0.0700110567	-0.1176974607	-0.1199638344	-0.0102290104	0.1597304195	0.0961293008	0.0860963198	0.0698628781	0.00956617	0.0114483467	0.0285804194	-0.0549702477	-0.1076807933	-0.0323918841	0.0271871235	-0.0650357919	-0.0557107836	0.0153089426	0.0423527744	0.022723024	-0.0432727734	-0.0410058832	-0.072212806	0.098939348	-0.174204597	0.040572245	-0.107671963	-0.0058044016	-0.0118128082	-0.1269376627	0.0350428114	0.1205247148	-0.0116996379712759	-0.0049732044711419	0.0001368815286589	2.4732762711785795e-05	0.019516095499469	-0.0174830793982465	0.0003808779835443	0.0003056580652453	-0.1645492199711213	0.0004589813598415	0.0270764457931044	2.106638886819662e-07	0.0010472121356567	-0.0003140061674855	1.0966532570666663e-06	9.859987321893189e-08	-0.0006846775234969	-0.0001592513196763	4.68783311181848e-07	2.5360982818674928e-08	0.000616858636239	-0.0002269990042221	5.152854791787034e-08	3.80514577102639e-07	0.0
911.69879993531	-0.6375790592103385	831194.7018034845	0.4065070567435404	1106.381157716729	-4.149074127315089	1224079.2661506094	17.214816113955465	838.8506879202927	0.913903847223537	703670.4766243482	0.8352202419699821	874.9999600923978	797.4676200753166	1.208993	23.111835	0.095076320375989	0.0482620955711025	-0.0550753876	0.1462117847	-0.0250848349	-0.058986497	0.156419812	0.073248857	-0.0077760825	0.013952178	-0.0200803783	-0.0603773329	-0.1239932348	0.1230102983	0.0552520307	-0.1158570141	0.1719102773	0.1284653455	0.0209875844	-0.1612262189	-0.0672031286	0.094431447	0.0125349496	-0.0238579439	-0.1050535958	-0.0342746704	0.0199337179	0.1181983978	0.0911086793	0.1039048252	-0.0346118836	-0.0393874605	-0.045820249	0.0433190323	0.1821156151	-0.0765029926	-0.1166367823	0.07742471	0.0386922546	-0.0285916595	-0.0178359701	0.0844284402	-0.1902961206	-0.0996591896	-0.0663194829	0.1234687746	-0.0798767896	-0.1718920924	0.0284128611	-0.0236107173	0.1044703051	-0.1058967464	0.1106030077	0.0597635717	-0.0256164554	-0.0248470122	-0.0602335106	-0.0247088745	0.0155292764	0.051670766	-0.1196214305	-0.0802956856	0.0146250352	0.036275913	0.1331018805	0.2555147942	-0.0439593168	-0.0134005817	-0.0982372331	-0.0750977881	-0.1243233419	-0.1463172754	-0.0739624087	-0.0982309331	0.0271643283	0.0072222353	0.049357511	0.1450994883	-0.0404017987	0.0768255914	-0.0911670771	-0.0554254736	0.0218483578	0.0510195203	0.0260974707	-0.0496447516	-0.098476855	0.0617748709	0.0042568966	-0.047737437	0.0238072918	0.0874815914	0.1625795983	0.0129968268	0.0305530297	-0.0091231047	-0.0489479446	-0.0910204573	0.0024822154	-0.0273134665	-0.0148602614	-0.0151740128	-0.1255324169	0.0446835199	0.1150284477	-0.0126798061798609	-0.000980168208585	0.0001607774847588	9.60729717120728e-07	0.0053814293910505	-0.0141346661084185	2.895978229086216e-05	0.0001997887859964	-0.2049993247496218	-0.0404501047785005	0.0420247231478008	0.0016362109765916	0.0013992002539686	0.0003519881183119	1.9577613507057948e-06	1.238956354327522e-07	-0.0004729101854552	0.0002117673380416	2.236440435072717e-07	4.484540546126762e-08	0.0008433308054951	0.000226472169256	5.128964344756357e-08	7.112068474970142e-07	0.0
910.233176048312	-1.4656238869980598	828524.4347789973	2.1480533781393016	1105.188541603825	-1.1926161129040338	1221441.7124923894	1.4223331927583271	837.5887539634222	-1.2619339568705072	701554.9207659982	1.5924773115028552	872.639601712141	788.3079358600435	1.337072	25.56028	0.0552781130620924	0.0302640696593243	0.0912170969	-0.064003293	-0.0108551323	0.1567023029	-0.0016305685	-0.1258821078	-0.104871908	-0.0006576277	-0.0829548603	-0.0899631807	0.1339770189	-0.032273414	0.079301805	0.0068811843	0.0172834392	-0.0069978078	0.0438890289	-0.0318811927	-0.0154235792	-0.2241888538	0.0856641161	0.1280659953	0.0542239522	-0.0996198146	0.0708045727	-0.0625078989	-0.0541460827	-0.0987163095	0.0495601664	-0.1337976321	-0.1081322354	0.0559384413	-0.0737118047	-0.0039845324	0.1303616393	0.0678698508	0.0971771822	0.0474505542	-0.0154782582	0.0501728687	-0.005126992	0.0737480113	0.0582333406	-0.0360129547	0.1589156773	0.0595054557	0.1062859855	-0.0183169189	-0.0305761515	-0.0927106262	-0.023350383	-0.0504339197	-0.0084462362	-0.1844104227	0.0793676965	-0.0034496942	-0.1065263202	-0.0876878704	0.1671427863	0.0997107493	0.0005175672	-0.112741926	-0.0212282333	-0.036030264	0.0904904077	0.024646584	0.0468881887	0.0745255652	0.0165397073	0.1201711718	-0.0125235554	0.0290066841	-0.1553305896	0.073149977	-0.0393303214	-0.0144645071	-0.0539096332	0.062694438	0.0695631854	0.0784260713	0.0011655645	0.1152670982	0.1061748466	-0.0105468975	-0.1430409587	0.106337046	0.0425270903	-0.0506458486	-0.0490397334	-0.0460830008	-0.0359389781	0.0538305528	0.0714565254	0.1547723776	-0.0219102578	0.0022168333	-0.1088054762	0.1165795691	0.0106796686	-0.0185248178	-0.1237830955	0.0540487397	0.1082719048	-0.0006189439996262	0.0120608621802347	3.830916746732775e-07	0.0001454643965306	0.0113144594174912	0.0059330300264407	0.00012801699191	3.5200845294646936e-05	-0.2287534171801439	-0.023754092430522	0.0523281258715929	0.0005642569071977	0.0014201405391805	2.0940285211899995e-05	2.016799151023881e-06	4.384955447557176e-10	-0.0004730782363149	-1.6805085969995824e-07	2.2380301767481637e-07	2.8241091445895048e-14	0.0005938365730688	-0.0002494942324262	6.224737201398859e-08	3.5264187551409626e-07	0.0
910.9674447722632	0.7342687239512316	829861.6854349064	0.5391505589729699	1105.6147671850492	0.4262255812243438	1222384.0134176507	0.1816682460900297	837.2787875018543	-0.3099664615679103	701035.7680005752	0.0960792072969308	872.610547754066	793.3522546960485	1.341795	25.650566	0.0244870317964055	0.0120979427990081	-0.1386894528	0.0113250314	-0.0140138461	0.0733086559	-0.0401438035	0.1171041699	0.0428527862	-0.0893782467	-0.1197989311	0.0500480691	-0.0923163946	-0.0921994741	0.0722908874	0.1620612333	0.0178606614	0.0663188827	0.1429130262	0.053570648	-0.078162502	-0.0453587039	0.0525996485	0.1379595579	0.0386634757	0.030965921	0.0520546689	-0.1533501304	-0.0007493174	-0.0876887314	0.0143248653	0.03891916	-0.0092892331	-0.104744309	0.0897872948	0.0117333479	-0.0228642903	-0.0148478152	0.049168801	0.2197681607	-0.0173833216	0.0752934341	0.00066157	-0.0578702475	-0.0102338945	-0.1929393657	-0.0823484913	-0.0392755607	-0.1178350686	0.0596136361	-0.1319004147	-0.1279182339	-0.1244350074	-0.0754071897	0.0051015955	-0.0111983659	-0.0608027797	-0.079721104	-0.0405722032	0.0206792047	0.0468489928	0.1924516768	-0.0700943936	0.002244321	-0.0061791901	-0.0436719378	-0.0491540816	-0.0024447394	0.0333323186	-0.00685913	-0.0371793003	0.1328689785	-0.0581872133	0.0076616565	-0.0280053069	-0.1668217729	-0.0100295374	0.1561305687	0.0298174374	-0.0357376663	0.0014839907	-0.0115439418	0.0084087119	0.0514993242	0.192540143	-0.0073316085	-0.1872566105	0.0750198262	0.0732391424	0.0020780286	-0.0608079126	-0.0401494634	-0.0520924557	-0.0558480128	-0.0667199276	0.0357920387	-0.0154992814	0.0964756174	0.006960831	0.0404932728	0.0853108729	-0.0218629269	-0.1216944932	0.063080731	0.1003291122	0.0075579046453952	0.0081768486450214	5.712192262888634e-05	6.68608537635883e-05	0.0148996827210652	0.0035852233035739	0.0002220005451884	1.2853826136490062e-05	-0.234649290988429	-0.0058958738082851	0.0550602897613724	3.476132796322226e-05	0.0013116355721288	-0.0001085049670516	1.7203878740736448e-06	1.1773327874890492e-08	-0.0004731295670552	-5.1330740300046137e-08	2.2385158722184105e-07	2.6348448997507802e-15	0.0005658111500703	-2.802542299850004e-05	7.85424334244855e-10	3.201422575438756e-07	0.0
911.8250540659832	0.8576092937199746	831424.9292224331	0.7354937006748737	1108.5935333723266	2.978766187277415	1228979.6222349398	8.873047998467229	837.4923255630687	0.2135380612144217	701393.395377037	0.0455985035872141	871.0027745023687	790.8563792592004	1.310558	25.053415	0.033580985818075	0.0185086677522766	0.0723734631	0.1416560373	0.02320378	-0.0689257591	0.1351001704	-0.0800923089	0.1447972581	-0.0492656799	-0.0289018047	0.1174554162	0.0198276084	0.0933699869	0.1710885926	0.052959222	-0.1140826606	-0.0156757583	0.0733726717	0.1045661123	0.0099176408	0.0170507593	0.0788449416	-0.1480912814	-0.0493671712	-0.1661001034	0.0721172273	0.018267252	0.0913119378	0.0723955833	0.0593515693	-0.0307918681	-0.16655586	-0.0527118417	-0.13567055	-0.0822494193	-0.0945724811	-0.0628799801	0.0417121338	-0.0068143823	0.0387337466	-0.0445633246	-0.1146533562	0.1692785422	0.1195464201	-0.1111878285	-0.0896728448	-0.1154734237	0.1278651999	0.1762794421	-0.1552435038	0.0238191485	-0.0344416178	-0.0750285976	-0.008442109	-0.0353377794	-0.0235426163	-0.1722671376	0.1250427116	-0.0024161754	-0.0096511419	-0.0077537948	0.1505265306	-0.0308446512	0.0690091698	-0.0678634082	-0.0706810541	0.0287108967	-0.0418053634	0.1215401659	0.0823983725	-0.1826952587	-0.0294212049	-0.0669458533	-0.1520656161	0.0313251449	-0.0126131811	-0.005552069	-0.1203779246	0.0177428294	-0.0748482243	7.77736e-05	0.1332000269	0.0830010334	0.0860399128	-0.0755725605	-0.1865165609	0.0604646802	-0.0056737068	-0.017244222	0.0779674091	0.0276942961	0.1217426575	-0.0932710093	0.007839093	-0.0270258408	0.0303057614	0.0656304815	-0.0344903711	0.0696589671	0.0839573318	-0.0251860523	-0.1192723348	0.0717238087	0.0912870929	0.0077687557120924	0.0002108510666972	6.0353565314168296e-05	4.4458172327347286e-08	0.0273371362783052	0.01243745355724	0.0007473190198986	0.0001546902509885	-0.2411599329541118	-0.0065106419656828	0.0581581132624317	4.238845880531029e-05	0.0015301183404223	0.0002184827682934	2.3412621356966934e-06	4.773472004119115e-08	-0.0004731208277968	8.739258400009952e-09	2.238433176951293e-07	7.63746373821445e-17	0.0004958618730531	-6.994927701720001e-05	4.892901355228985e-09	2.458789971477286e-07	0.0
912.1057347751836	0.2806807092003964	831936.8714097776	0.0787816605172375	1102.503034024625	-6.090499347701552	1215512.9400335036	37.09418230435303	839.1115989202185	1.6192733571498366	704108.2754424457	2.622046205175302	873.4858898406333	795.4858614353907	1.279662	24.46279	0.042335662175885	0.0222631190476368	0.0804150497	-0.1095578536	0.0447142489	0.1036497157	-0.100758277	-0.118055323	0.0533804125	0.0135248038	-0.1401379036	-0.0533192986	0.1508611043	0.0031685295	-0.0751274653	-0.0512567023	0.1192588088	-0.0688760066	0.146314088	-0.0189891615	-0.0558975547	-0.0040057216	0.0389983873	0.195714834	-0.0756146465	-0.0563654902	0.0652400692	0.0969436191	0.0870113633	0.0718459755	-0.205309798	0.0498361482	-0.1257982172	-0.0555293976	0.1130115276	-0.2255676275	-0.0732328302	0.0823982865	0.0436675935	-0.0215961213	0.169873529	-0.1856632955	0.1197350548	-0.1038876921	0.0306223349	0.1188935108	-0.0490941315	0.122431932	0.0845208107	0.0870090265	0.0667491007	-0.0921267619	0.0421996773	-0.0790938306	-0.0826679179	-0.0707614462	-0.1669264322	-0.0419425746	-0.0167834259	-0.0240568302	-0.0191243209	0.1319483144	-0.1108807008	-0.0263032182	0.0380744523	0.1316625324	0.0995783703	-0.0312874295	-0.2060646819	0.1035758686	-0.0641582828	-0.1476551816	-0.0648478036	-0.0321317507	-0.0551880689	0.1264434191	0.3268143047	0.0250384611	-0.0550055775	0.0670483171	0.128600477	0.0847834525	0.0384817829	0.0865025229	0.1781430476	-0.0454472361	-0.1605606142	0.0822593182	0.0768445245	-0.0093225435	-0.1014975048	-0.0761833276	0.0610937376	0.0114675618	0.032623762	0.0682466396	-0.06325151	0.0258238325	-0.0668634505	0.0652744892	0.0694428577	-0.0284919163	-0.1165232592	0.0799246852	0.0812449131	0.0077456301815317	-2.312553056070012e-05	5.99947869090548e-05	5.347901637138751e-10	0.0250902781405528	-0.0022468581377524	0.0006295220571703	5.0483714911841855e-06	-0.2266226964752249	0.0145372364788869	0.0513578465577019	0.000211331244443	0.0012240737857714	-0.0003060445546508	1.4983566330127271e-06	9.36632694314677e-08	-0.0003477455199139	0.0001253753078829	1.2092694662018865e-07	1.5718967826731966e-08	0.0004167128950132	-7.914897803989996e-05	6.264560724760565e-09	1.7364963687028225e-07	0.0
911.8872681678638	-0.2184666073197831	831538.3898466495	0.0477276585138163	1106.2667512046785	3.763717180053391	1223826.124820954	14.165567011429047	838.7005899550039	-0.4110089652145916	703418.6795908717	0.1689283694867694	873.6787771171907	797.2644116004308	1.220945	23.340311	0.0331931166561459	0.0182828677401437	-0.1048086976	-0.0649990683	-0.0195955028	-0.0720149091	-0.0956540442	0.1162184569	-0.0574138184	0.0070811983	-0.0724210477	0.1275216943	-0.0485700091	-0.0690566525	-0.0851196493	-0.0745862307	0.0643343385	-0.0868909454	0.0915516559	0.0090988096	0.1013274683	-0.0874483897	0.00985389	-0.0468458339	0.104643494	-0.0632437999	0.091844745	0.1253712669	0.0153821053	-0.0625881878	-0.0857296651	0.0478381282	0.0198231696	0.0384106344	-0.0101490755	-0.0474078397	-0.1401836689	-0.1445547482	0.0617322618	-0.0135268174	-0.1340873397	-0.1393463072	0.0351559638	-0.03068603	0.0214887421	-0.1990316074	0.0468957412	0.033037128	-0.1358728277	-0.0407137606	0.0773191173	-0.0176683293	-0.0216786147	-0.1190000681	0.0293885609	-0.0375599624	-0.0585433123	-0.1004024223	0.0233866811	0.0355477334	0.0894879391	0.0416805222	0.0110155575	-0.0190731059	-0.0199527516	0.1252164645	0.0936940326	-0.2438069683	0.040507497	-0.0089629767	0.1426722119	-0.0286081623	-0.0779588496	-0.040236502	-0.020193185	0.0263905423	0.0188742458	0.1126179435	0.0235752171	-0.0648303189	0.0592047667	0.0525252419	0.0939429018	0.0962810472	0.1251373231	-0.1107721494	-0.2049005998	0.1070526371	-0.0125716578	-0.0745284227	0.0410750569	0.0182086644	-0.0266640327	-0.0576061133	-0.0961776111	-0.0473078579	0.0538544769	-0.0519241151	0.0253503107	0.0889185048	0.0132873887	-0.0317782535	-0.1134548014	0.0876327994	0.0703125971	0.0119480891358563	0.0042024589543246	0.0001427568339983	1.7660661262783012e-05	0.0105749633492848	-0.0145153147912679	0.0001118298498387	0.0002106943634896	-0.2337670727938032	-0.0071443763185783	0.0546470443225832	5.1042112981462575e-05	0.0012251041589917	1.0303732203001056e-06	1.5008802003787608e-06	1.06166897311161e-12	-0.0004932449129266	-0.0001454993930126	2.432905441279692e-07	2.1170073367064124e-08	0.0004168024606197	8.956560649999584e-08	8.021997867712097e-15	1.7372429117863657e-07	0.0
911.802152648764	-0.0851155190997587	831383.16557492	0.0072446515916214	1107.015967173926	0.7492159692474161	1225484.3515780226	0.5613245685753451	838.1659340387658	-0.53465591623808	702522.1329830767	0.2858569487683807	874.2175895828273	794.2480145091102	1.189049	22.730577	0.0366719173527962	0.016562984472021	-0.08746422	0.1510123279	0.0060848247	-0.0187803804	0.1396251065	0.0983049249	-0.0094861541	-0.0887390765	-0.0559308471	-0.0236502271	-0.1198885147	-0.0047031107	0.0763873648	0.0627040886	0.0433132721	0.1147356269	-0.0134952939	-0.0885375847	0.0815765952	-0.0813722419	0.078807701	0.0447753301	-0.0710841714	0.081617017	0.0917711134	0.0298611118	-0.1089132024	0.02431331	0.0188282423	-0.102228708	-0.0445289951	0.1453393576	-0.0144045716	-0.0747902197	-0.1063895019	0.0382454102	0.0685803749	0.0452062306	0.1554941026	-0.1463232707	-0.0034976545	0.1669011201	-0.0785837258	0.0820841775	-0.0421099915	-0.1743345897	-0.0113084138	0.0203004616	-0.0455489816	-0.1112167839	0.0176371716	0.0613009572	0.0560203082	-0.1040082571	-0.0624422193	-0.0445602692	0.1077586061	-0.0487882392	0.1237023436	-0.0117318837	-0.038177767	0.0166905238	0.0004077174	0.1072306303	0.0246831339	0.0669436045	-0.013649379	-0.0766988417	-0.0643959248	-0.0312825418	0.0998436185	-0.0956451128	-0.0562316421	0.0453682022	-0.0477680928	0.190490275	-0.0513800899	0.0292937891	-0.0560710976	-0.0704124797	0.0505440286	-0.0150053974	0.1699215822	-0.0826648198	-0.1438050613	0.0481009227	0.0892126433	-0.0024010898	-0.0147525796	-0.0254380085	0.2213705571	-0.0158079749	0.0006287581	-0.0427373595	-0.0616528587	0.0193707732	-0.0494117504	0.0386536172	-0.0193476224	-0.0350428114	-0.1100753719	0.0948006283	0.0586099215	0.0173978104062939	0.0054497212704376	0.0003026838069333	2.969946192546001e-05	0.02241963837794	0.0118446750286552	0.0005026401849976	0.0001402963265344	-0.2246383239544798	0.0091287488393234	0.0504623765890778	8.333405537144847e-05	0.0011416136008747	-8.349055811700018e-05	1.3032816137020986e-06	6.9706732946881845e-09	-0.0004527160571781	4.052885574849997e-05	2.0495182842688479e-07	1.6425881482827183e-09	0.0004977584910418	8.095603042210004e-05	6.5538788617039875e-09	2.477635154042097e-07	0.0
912.3715247222192	0.5693720734551562	832421.799123947	0.3241845580306237	1106.5705524577138	-0.4454147162120989	1224498.38756657	0.1983942694183046	837.2932363003115	-0.8726977384543488	701059.9635542493	0.761601342703335	872.2369878740826	796.360230870474	1.412972	27.011229	0.0569939665170973	0.0261811460207681	0.1279271487	0.0888612378	0.005258165	-0.0275949816	0.1110697277	-0.1217369868	-0.034177872	-0.0180850098	-0.1153086684	-0.0007381544	0.0609481233	0.050895494	0.2078204211	0.0846704553	-0.0305276557	-0.0239742411	0.1433153938	0.0957059632	-0.0830147661	0.0863271511	-0.0425666233	0.0061740351	-0.0048398195	-0.2678940908	-0.0651936467	0.1907307273	-0.0738261986	0.0176260093	0.0259341322	0.1129115179	0.063534062	-0.0039667462	-0.0330240101	-0.0037860308	-0.1076534017	-0.0162774883	-0.0354345526	0.0041109651	0.0593754248	-0.0045247851	0.0063192059	0.0096154911	-0.08079565	-0.0127545019	-0.0483759766	-0.0276386499	0.157119173	0.0336783441	-0.0754080252	-0.0560897046	-0.1146176812	-0.2242902531	-0.0786833286	0.0224798718	0.1499133631	-0.1114942489	-0.0426062367	-0.0694521106	-0.1103078032	0.004591558	0.039735688	0.0779339725	0.150731905	-0.0043293446	0.0735350671	-0.0284007389	-0.0253168514	0.0620370902	-0.0403541827	-0.1277013335	0.1106278852	0.0470029972	0.0336130787	0.0665219888	-0.0521532717	-0.054545334	-0.1418545726	0.0145704407	-0.03912643	0.0927885705	0.272277272	0.1104164057	-0.0937776326	-0.1670907913	-0.1614137292	0.0535409679	-0.1386416213	-0.0893115951	-0.0033979367	-0.0188968889	-0.1621378112	-0.0232105338	-0.0268181109	-0.0392620323	0.0315382549	-0.053356636	0.1109217558	0.0777349719	-0.0777777289	-0.0382833527	-0.1063942335	0.1013839798	0.0462651033	0.0077287514292407	-0.0096690589770532	5.973359865499016e-05	9.349070150173307e-05	0.037283691823049	0.0148640534451089	0.001390073675956	0.000220940084819	-0.229523386333895	-0.0048850623794151	0.0526809848741784	2.3863834450777592e-05	0.0014405583448463	0.0002989447439716	2.075208344906311e-06	8.93679599482455e-08	-0.0002812004338454	0.0001715156233327	7.907368399484117e-08	2.941760904720464e-08	0.0004167030240357	-8.105546700610004e-05	6.569988731576972e-09	1.7364141024049718e-07	0.0
915.6259642833736	3.254439561154413	838370.9064698578	10.59137685720693	1112.418881920774	5.848329463060281	1237475.768853865	34.20295750849896	840.8759477832649	3.582711482953414	707072.3595604041	12.83582157008625	878.0469102875105	793.3167702765692	1.37101	26.209061	0.309838270066565	0.1293572955375933	-0.0080933666	0.0413017833	0.1050888858	0.0266532244	-0.0152257404	-0.0168294475	0.0418741821	-0.0443379225	-0.1377891729	0.0934217184	-0.0757303488	0.2285515774	-0.0670268288	0.004935152	-0.1569364902	-0.0362665343	0.0451556103	0.2170843135	0.1633067448	0.0021593369	-0.0623579639	0.0128684238	0.0236060605	0.0806429606	-0.2870432976	0.2679926426	-0.0094549443	-0.1439587613	-0.0174992602	0.0596822329	0.0980409115	-0.0867119657	0.046415023	0.0634684965	-0.0487231693	0.153835834	0.1093262511	0.0210626396	-0.0018782045	0.2020298522	-0.0378076167	-0.032111842	0.0305309909	-0.0526665129	0.0240649924	-0.0267104682	0.0209746661	0.012939316	0.0816849121	0.1585493518	-0.1979300711	-0.1997757202	0.2032694581	0.293124122	0.0159805105	0.1291682148	0.0365786871	0.0105736109	0.0964807996	-0.2618359857	-0.1623192516	-0.0897875345	0.2104047291	0.0920531782	-0.0078311371	-0.1890790939	0.0533127618	-0.0462576597	-0.2079829081	0.0284855016	0.1141628975	0.1090610462	0.0895910985	-0.0190862391	0.0748248983	-0.0318445157	-0.0396560153	-0.2613035193	-0.186210467	0.167666636	0.0800768336	0.0511541234	-0.1591559189	-0.0167389265	0.10624138	0.2790161924	-0.3142331445	0.0303006232	0.106065946	-0.1653281413	-0.1642260771	0.2912562286	-0.1240411754	-0.2021929149	-0.1366178074	-0.0012183469	0.0204308789	0.0738590154	0.0756659178	-0.0414976565	-0.1024214758	0.1073422654	0.033413395	-0.0395522378777144	-0.047280989306955	0.0015643795211353	0.0022354919498444	0.0869896322129761	0.0497059403899271	0.0075671961125488	0.0024706805100469	-0.2624828346390728	-0.0329594483051778	0.0688972384801628	0.0010863252325816	0.0004408557239545	-0.0009997026208917	1.9435376934344635e-07	9.994053302179335e-07	-0.0017271561191067	-0.0014459556852613	2.9830682597677177e-06	2.090787843739476e-06	0.0015688825591727	0.001152179535137	1.3275176811885134e-06	2.461392484476281e-06	0.0
915.0507306462656	-0.5752336371079991	837317.8396562645	0.3308937372604972	1109.7362752200092	-2.682606700764836	1231514.6005391802	7.1963787109884	840.9666115290001	0.0906637457352417	707224.8417065683	0.0082199147907445	876.5528873125191	804.3338315872919	1.458844	27.88814	0.3584381164624869	0.202760867234717	0.0855067111	0.0481862723	0.1444991092	-0.0297078733	0.0127301844	-0.0190071745	0.0399024891	0.1480321404	0.1508041686	0.0350194077	0.0131669207	0.1677353318	-0.1020777075	0.0253273842	0.0557427647	-0.004111515	-0.0200035253	-0.2093099964	0.0661564707	-0.039056094	-0.1336873649	0.0455873111	-0.0480901846	0.2287923954	0.1421836354	-0.0585869952	0.1589295241	-0.0299472384	-0.0887382875	-0.0544144011	0.0460243065	0.0622467359	-0.2063021059	0.0425922059	0.0601259052	0.0841088756	-0.0399052867	0.0853839471	-0.2118907143	-0.1466044198	-0.0055914539	-0.0495429998	0.1181914878	0.0749073273	-0.0739063429	-0.0212820495	0.0344289787	-0.0122452026	0.1796875808	0.0083477464	-0.0250112718	0.1739588408	0.1201667417	0.0318318726	-0.1028404127	0.0712475371	0.1155093118	0.1125246078	0.0519777551	0.23671843	-0.0166494698	0.0734232043	-0.1655412467	0.1016193546	-0.1194302778	0.0114042763	-0.1705355935	0.1033094355	0.1765159385	0.2236352469	0.1645921922	-0.1839979377	0.0751208054	0.0216739377	0.1110532896	-0.0419559751	-0.1455225761	-0.0425893507	-0.0459682379	-0.0566720249	-0.3650142138	0.0272343922	0.1273227102	0.2639545979	-0.0376910005	-0.0536142947	-0.0379247822	-0.0512443806	-0.1997808964	0.1094781032	0.0462810979	-0.1370736962	0.1364300574	-0.185600361	0.0739470563	0.0818468181	-0.1087227277	-0.0080386047	0.1079363436	-0.0446835199	-0.098167988	0.1126387502	0.0201956026	-0.0393204385911616	0.0002317992865528	0.0015460968910013	5.3730909246387155e-08	-0.0799420499376708	-0.1669316821506469	0.006390731348237	0.0278661865056446	-0.317309257700245	-0.0548264230611721	0.1006851650222804	0.0030059366656826	0.0026071568082335	0.002166301084279	6.79726662271829e-06	4.6928603877483705e-06	-0.0019199431371523	-0.0001927870180456	3.686181649898216e-06	3.7166834326914495e-08	0.001199006422215	-0.0003698761369577	1.368083566907513e-07	1.437616400512815e-06	0.0
910.4298073119096	-4.620923334356007	828882.4340420008	21.35293246199584	1104.8610521706837	-4.875223049325541	1220717.9446037102	23.767799780675027	838.269036208527	-2.6975753204731063	702694.9770659729	7.276912609625582	874.795210343531	802.1672414121174	1.394942	26.666559	0.1159117820263657	0.0743018880090825	-0.0407061003	-0.0532596272	-0.0496338934	-0.2802391595	0.0062016511	0.0462664857	-0.281858398	0.1643411502	0.0289785945	0.0831201239	-0.0595230433	-0.0474845258	-0.0004781271	-0.1484609594	0.0828319923	-0.232174851	0.005231909	0.0221101604	0.1996744166	-0.1663235007	-0.1780309767	-0.1123376167	-0.044722774	-0.0269259191	-0.0101753274	0.0314796597	-0.0092885599	-0.1905002184	0.0430602611	0.0646546184	-0.0237839942	-0.0260825012	0.0567329633	-0.0109590187	0.0022522059	-0.2018877531	-0.0406360358	-0.0369632718	0.027223314	0.0450224639	0.0362081783	0.0148900399	-0.0218988687	0.0576223865	0.0288615422	0.0098223015	-0.0466387745	-0.3172863821	0.1291930446	0.0608810378	0.0003074292	-0.1588150812	0.0150590092	0.064072001	0.0119595695	0.0180354562	0.1359309868	0.0213048266	0.0747933616	0.0132114209	0.1193729839	0.0441587495	-0.0141773539	0.0293079039	-0.0436270187	-0.1707470475	0.0698223031	-0.1465519076	0.1672740681	-0.1068282001	-0.141877494	0.063296424	0.0011019618	0.0798362362	-0.0092578411	-0.0461940255	0.0131315144	-0.1923840731	-0.0116229748	0.0922101416	-0.1670755127	0.0209236643	0.0412161066	0.1113137576	-0.0560896211	-0.0133986376	-0.1333163748	0.0209963819	0.1353652607	0.1446904748	-0.1064233667	-0.0102981884	0.0155479558	-0.0855513833	0.0591636033	0.08867882	0.0385220947	0.0301728319	0.0729297253	-0.0478387595	-0.0936454286	0.1172407796	0.0067565429	-0.0222018159806651	0.0171186226104964	0.0004929206328393	0.0002930472400806	-0.0093682912260675	0.0705737587116033	8.776488049641331e-05	0.0049806554186836	-0.3127062764926691	0.0046029812075759	0.0977852153579096	2.1187435997296957e-05	0.0022612480443909	-0.0003459087638426	5.1132427182616686e-06	1.196528729031157e-07	-0.0020021016254745	-8.215848832219988e-05	4.008410918727635e-06	6.750017203389054e-09	0.001243267559984	4.426113776900007e-05	1.9590483166064044e-09	1.5457142257085692e-06	0.0
906.9055268397162	-3.524280472193368	822477.6346124233	12.42055284668351	1110.9672741392865	6.106221968602768	1234248.2842084763	37.285946729847055	837.8067801946327	-0.4622560138943754	701920.2009400976	0.213680622381517	875.4761905701383	787.6840719313849	1.329814	25.42153	0.114750104443982	0.0604862654835642	0.0441956358	0.133522998	-0.1475475843	-0.0990863206	0.0935557188	-0.0162026164	-0.2143040806	-0.1187116785	-0.0514954206	-0.0666714613	-0.0178850197	0.0452015577	0.1370545358	-0.0605136395	0.027106594	-0.0069064351	0.0141252196	0.0867016879	0.1655385255	-0.1417551514	0.0041400473	0.037139441	-0.1497619783	0.0863814043	0.0764336894	-0.0376437771	0.0066603768	0.067262253	0.0874151892	0.0746637285	-0.0617924414	0.0509255742	-0.0889447873	-0.0634805848	-0.063789425	0.0546239627	-0.1320984378	-0.0055104312	-0.0544063915	-0.0243656987	-0.0439033707	-0.1680870103	-0.0320655704	0.1062266498	-0.1075052343	-0.0804116867	0.0607678249	-0.2248017428	-0.0183619857	-0.0093501782	-0.035436114	0.0263039444	0.1300217726	0.0027804632	-0.1014897588	-0.0406522794	0.0805835948	-0.1809812647	0.1753490694	0.0270739324	0.0239455234	0.0921306155	-0.0309841321	-0.020044066	-0.0075082094	0.0310377515	-0.0315580629	-0.0458770612	0.0521644674	-0.040884472	0.1453284482	0.0469745624	0.0265224105	-0.2052621151	0.1802366304	-0.0292872608	-0.1069787135	-0.0829005679	-0.1538149442	0.0300770138	-0.1334214853	-0.0267295832	0.1188856284	0.0877483186	0.0193988868	-0.0796886597	0.0109331792	0.1742942742	0.1595284023	-0.0055030341	-0.106731134	-0.034996152	0.0302974321	-0.0288678382	-0.0068711917	0.2052083988	-0.0501482235	0.0563706689	0.0590771159	-0.0509612127	-0.0888661936	0.1211199807	-0.0067565429	-0.0067990108005346	0.0154028051801305	4.622654786578614e-05	0.000237246407417	0.0414510381246913	0.0508193293507588	0.0017181885616146	0.0025826042356608	-0.3038598301223913	0.0088464463702777	0.0923307963620085	7.825961338220057e-05	0.001667641739888	-0.0005936063045028	2.781028972616676e-06	3.523684447455895e-07	-0.0020640819977644	-6.198037228989997e-05	4.260434493495076e-06	3.8415665491946e-09	0.0011052237659205	-0.0001380437940635	1.9056089079446023e-08	1.221519572755492e-06	0.0
907.3464141951606	0.4408873554443744	823277.515352816	0.1943816601907341	1103.7214496862937	-7.245824452992792	1218201.0384976135	52.5019720035883	837.4678011350994	-0.3389790595332442	701352.3179380584	0.1149068028020427	874.1462760213549	783.115913143612	1.38017	26.384157	0.1400094086181935	0.0705902339410617	0.0708838723	-0.1256655467	-0.2265047423	0.0080948584	-0.1213853733	-0.1272803739	-0.0587276314	-0.1821209825	0.019034404	-0.1369938201	0.1786674342	-0.1352929818	0.0561072291	-0.0217574163	-0.079939196	-0.0378785573	-0.0526168975	-0.0402499742	0.0273783734	-0.2447536116	-0.0118715689	-0.0396285967	0.0893928587	0.1138577172	-0.1209587541	0.0186992601	0.0408129904	0.0123577054	0.1173615317	0.0621752664	-0.0951563874	-0.1218679787	0.1314062965	0.1311223443	-0.0545694281	0.1274340463	0.0417541429	0.0605085061	0.034034795	-0.1355586095	-0.0864968441	0.0269775	-0.0038204176	-0.0866535877	0.0706275276	0.1500269712	0.0597177915	-0.1167671169	-0.1229936924	-0.0457221655	-0.0116677399	0.0504282643	0.1300006033	-0.0489992321	-0.0826186509	0.1598159636	-0.0086034065	-0.1383340338	-0.0118596972	-0.0792095625	-0.0584655851	-0.1439380477	-0.0573429012	-0.1018921166	-0.1101304356	-0.0649800437	0.0270218582	0.0980123365	0.1129162859	-0.0982459499	0.0690816371	-0.0298144841	0.0027506831	-0.0126594548	-0.0598558863	-0.079292712	0.0176512538	-0.0291563775	0.0739830129	0.1162330212	-0.1632646803	-0.0099931218	0.0244592548	-0.0147441286	0.0567251864	-0.1059550997	0.0541736194	0.0879451265	0.1650073983	-0.0063866901	0.0081535721	-0.0120125263	0.1516640709	0.0641954041	-0.0833092774	-0.0083144709	-0.1245620281	0.0815650282	0.1317583381	-0.0540487397	-0.0838433825	0.1242524367	-0.0201956026	-0.0069009058577336	-0.000101895057199	4.762250165730192e-05	1.0382602681587514e-08	0.0051805221220746	-0.0362705160026167	2.683780945730432e-05	0.001315550331096	-0.2513387767266835	0.0525210533957078	0.0631711806864656	0.0027584610497947	0.0021442257884879	0.0004765840485999	4.597704232016556e-06	2.2713235537987198e-07	-0.0017810342379076	0.0002830477598567	3.1720829565991057e-06	8.011603435995266e-08	0.0013679108407172	0.0002626870747967	6.900449926524708e-08	1.871180068151637e-06	0.0
909.961109225252	2.614695030091412	828029.220302451	6.836630100384727	1105.2380802346013	1.516630548307603	1221551.214000667	2.300168220059821	837.9656519250025	0.4978507899030546	702186.4338060945	0.2478554090070954	873.9227666277347	783.1875670594828	1.467189	28.047668	0.0600885917464534	0.032314927753951	-0.1070886166	0.0708284355	-0.1060481373	0.2342481116	0.0108474933	0.0887731894	0.1153369705	-0.1333413587	-0.0053695938	-0.1832950272	-0.1369907083	-0.0643837806	0.0770055916	0.1003020342	-0.0874516788	0.0716562319	-0.0150400226	0.0363908693	-0.0839081569	-0.0622368701	-0.0226954084	0.00613507	0.1061544035	0.0745338693	0.0214437695	0.0535694935	0.0507000221	-0.0971766266	0.0154198889	-0.0764069401	0.0323633078	-0.2007453635	0.0669925103	0.1412549939	0.1084639848	0.0767766281	-0.111195606	0.0619906236	-0.1207662049	0.1203608712	-0.1201232731	-0.0590677357	0.0818296545	0.2953436112	0.1158873754	-0.0863997399	-0.1318940231	0.0082324369	-0.1396603037	0.0105201916	-0.0888305524	0.0134862283	0.0639725627	0.1466490227	0.0160178608	0.0536725246	-0.1673392101	-0.0061577856	-0.0663325894	0.1709306661	0.0803673632	-0.0739961915	0.0010494356	-0.0534664501	-0.1180620982	-0.0586000857	0.0988408529	0.101957844	0.0437151476	0.0858514172	0.0877313315	0.0156116639	0.1481593228	0.0238812952	-0.1796335861	0.0227861474	0.0287824909	-0.1158710368	-0.0883120461	0.0056798232	-0.0643636862	-0.0274642202	0.0055816172	0.023162546	0.0251527734	-0.0692618642	0.0613546663	0.1477637544	-0.0535090889	-0.0964845917	-0.1550183811	-0.0317954288	0.0813871772	0.1479711875	-0.0029051729	-0.0262991115	0.0378118148	-0.0194407554	0.1116133009	-0.0570992244	-0.0785907625	0.1266188352	-0.033413395	-0.013377284616979	-0.0064763787592454	0.0001789517437236	4.1943481833205e-05	0.0337014143774041	0.0285208922553295	0.0011357853310374	0.0008134412950401	-0.257528043912302	-0.0061892671856185	0.0663206934012965	3.830702829497418e-05	0.0019893770019049	-0.000154848786583	3.957620855708128e-06	2.3978146706227512e-08	-0.0020041415061118	-0.0002231072682042	4.016583176520075e-06	4.977685312554088e-08	0.0013679958568552	8.50161379999364e-08	7.227743720424228e-15	1.8714126643729928e-06	0.0
912.6095892722752	2.648480047023213	832856.2624317108	7.01444655948008	1111.7416355324528	6.5035552978515625	1235969.464176373	42.296231512213126	840.0026878646657	2.0370359396632693	705604.515619863	4.149515419479819	875.3843469198324	787.8773815881639	1.354013	25.884127	0.0349438782460101	0.0181419146677572	0.0987765964	0.0684039629	-0.0251336394	-0.111937149	0.0638019523	-0.1111379365	0.175355478	0.0106690476	0.0526650058	0.2189160932	0.0598222752	0.1050362009	-0.0344025129	0.0102234002	-0.0966216318	-0.0213074641	-0.0367282953	0.1052966038	-0.0939551862	0.0818219792	-0.0636086817	0.030270322	0.0273891978	-0.0219294275	-0.1514271714	-0.097930997	-0.0736818215	0.0582256846	0.0210039854	0.0927687667	0.040289678	-0.0464614773	0.0024938354	-0.1245259166	0.0122193462	0.0078342374	-0.1048368185	-0.1745749602	-0.069967086	-0.0705208511	-0.025741598	-0.0581814849	0.1034716495	-0.0901114268	-0.1285451151	-0.0272308124	0.1306409225	0.12937733	0.008111284	0.1355438529	-0.0082300835	-0.0035687047	0.0282671142	0.1748543776	-0.0558887738	0.0075250689	-0.0372166212	-0.0104642657	-0.1729477734	-0.130662152	0.0165974086	0.0180225735	-0.093724745	-0.2122608566	0.128593266	0.0200196168	0.0627041751	0.0154552857	0.0921711902	-0.1647137926	-0.0439032779	0.0090371575	-0.0019576572	0.0651329365	-0.0488385943	-0.1164777533	-0.073848635	-0.0262488319	-0.0926090212	0.0584350056	0.0099073424	-0.0276208953	-0.0984542777	-0.042050136	0.0600499041	-0.1010097709	-0.0434103292	-0.0126715765	0.0716423859	0.0182817189	0.0033971877	-0.050873737	0.0380810833	-0.001078681	-0.0078108916	0.0326920413	-0.0187610098	-0.0215954306	0.0613035427	-0.0601105761	-0.0731227308	0.1282045865	-0.0462651033	-0.0068181435549377	0.0065591410620413	4.6487081535738506e-05	4.302233147175628e-05	0.0478050829871392	0.0141036686097351	0.0022853259594072	0.0001989134682532	-0.2552059148641632	0.0023221290481387	0.0651300589816545	5.392283316209902e-06	0.0019892711266593	-1.0587524559976456e-07	3.957199615360362e-06	1.1209567630810462e-14	-0.0020872972973784	-8.315579126659967e-05	4.356810007643172e-06	6.914885621174294e-09	0.0012120787328455	-0.0001559171240097	2.431014955945619e-08	1.469134854616353e-06	0.0
913.9170357976856	1.3074465254103416	835244.348321228	1.709416416807575	1109.3480050812357	-2.3936304512171773	1230652.9963777172	5.729466736994148	840.3280026206487	0.3253147559829585	706151.151988409	0.1058296904602518	875.0388206069871	789.9320602348872	1.158045	22.13789	0.044698858223819	0.02239310997118	0.0636765638	-0.0965824999	0.041759825	0.1324945244	-0.1042573223	-0.0430468786	0.0920561983	0.1350154423	0.0458241906	-0.2268021101	0.0728299668	0.0634752929	-0.1409498277	-0.0443418694	-0.0778253724	-0.0877599208	0.0160596417	-0.026548767	0.0458861719	0.0377427981	0.0068274931	0.1236789864	-0.0998281304	0.0178848148	-0.0058749962	-0.0304449025	0.1700703797	-0.0345054927	-0.0184432822	0.0244606228	0.0044230366	-0.1518892959	-0.0274912214	0.0037229084	-0.143933975	-0.1122231567	0.0513999189	0.0191033953	0.0062248599	-0.0811336241	-0.0445092628	-0.0167378825	0.0110583946	0.0603629191	-0.145343856	0.1163167139	0.0139530471	0.1000639956	0.1004139116	0.116746871	0.0319130051	-0.0118718222	-0.0509191983	0.1048779637	-0.0713837969	0.181574567	0.0126408508	-0.1160579198	-0.0553334838	0.0942131589	0.0856082575	0.0634623944	0.1165085971	-0.0438243662	-0.0240414741	-0.1044159489	-0.0721569981	-0.178292426	0.0944193617	-0.0471766452	-0.0045903235	-0.0113234507	-0.0362388653	-0.0133914876	0.0488948232	-0.0982706046	-0.0156401484	-0.0443370606	0.077422931	0.095372092	-0.0563990485	-0.0507956423	-0.0581327946	-0.0132783302	0.0942432195	-0.0006551285	0.0464658784	-0.0607865978	-0.0764404584	-0.0993782009	0.0212287494	0.1020667418	-0.0226885705	-0.0110811795	-0.0603041484	0.0111171623	0.0122190555	0.0054785169	0.0219216888	-0.063080731	-0.0674542747	0.1289999139	-0.0586099215	-0.0068664109380733	-4.826738313559991e-05	4.714759917049266e-05	2.329740274758794e-09	0.0391867252382525	-0.0086183577488867	0.0015355994348982	7.427609028779547e-05	-0.2717978906336	-0.0165919757694367	0.0738740933528743	0.0002752936599335	0.0019043299636699	-8.494116298940024e-05	3.6264726105310014e-06	7.2150011699918585e-09	-0.0019392055092535	0.0001480917881248	3.760518007119127e-06	2.1931177710030185e-08	0.0013678509281784	0.0001557721953329	2.4264976838831155e-08	1.87101616171851e-06	0.0
915.66423949621	1.7472036985244586	838440.9994921727	3.052720764137547	1105.5068225639668	-3.8411825172688623	1222145.334735478	14.754683130971951	839.667530301251	-0.6604723193977406	705041.5614422022	0.4362236846906311	872.9995055253299	799.4482243174598	1.032039	19.729088	0.043863190950897	0.0244285075271536	-0.0648450952	-0.1225168228	0.067585056	0.0067442733	-0.106698511	0.0513244915	0.1021471838	0.082749469	0.0402166947	-0.2021903368	0.0327464476	-0.0121525732	-0.124268705	0.0182458831	-0.1120838773	-0.0918282874	0.0303055931	-0.0441868124	0.009522653	0.0877861845	0.010312665	0.1581472577	-0.0290049949	-0.0704737319	-0.1210889458	-0.1209249386	-0.0763267213	0.0185955557	0.0464706636	-0.0037573518	0.0092987231	0.043050134	-0.0561766605	-0.0142378996	-0.1416703748	-0.0841831135	-0.0450742642	0.033084281	-0.019266794	0.0916829113	-0.0438630305	-0.1182433678	0.012841632	0.0461259981	0.0214705389	0.092302371	-0.1029420693	0.1656386358	0.0393343082	0.1025750451	0.033314474	-0.0319594348	-0.0494264515	-0.0172479516	0.1033059623	0.1003996979	-0.0187906481	-0.153770652	-0.0487577567	-0.0016111267	0.0984408853	0.2460999123	-0.0126889231	0.0642071168	0.1229369282	0.0063563514	-6.01551e-05	0.019401233	0.0529496603	-0.0256248074	0.0801884026	-0.0317738308	-0.1892821942	-0.0583871973	-0.0451632144	-0.0119500863	0.0550202789	-0.1071478716	0.0874427532	0.0516781312	-0.0126955093	-0.0720960062	-0.0513031926	-0.0031558152	0.070198777	0.0360750855	0.019424071	-0.0207165596	-0.004893707	-0.0411884706	0.035528161	0.0589594124	0.0330053919	-0.0658144799	-0.0672876203	-0.0248735721	0.0837401928	0.0077386972	-0.0893964684	-0.0660076536	-0.0616009311	0.1289999139	-0.0703125971	-0.0046706976269916	0.0021957133110817	2.181541632278496e-05	4.821156944461365e-06	0.0414774559020685	0.002290730663816	0.001720379348108	5.247446974146892e-06	-0.2800493330108793	-0.0082514423772793	0.0784276289198383	6.808630130556094e-05	0.0015146204603378	-0.0003897095033321	2.294075138873889e-06	1.5187349698735205e-07	-0.0019531324944614	-1.3926985207899896e-05	3.8147265409210105e-06	1.939609169810625e-10	0.001148981324744	-0.0002188696034343	4.7903903307531473e-08	1.3201580846104773e-06	0.0
914.6271331631932	-1.0371063330168226	836542.7927183216	1.075589545983601	1107.677704858964	2.1708822949972277	1226949.897841622	4.712729938732428	839.5783587491965	-0.0891715520544949	704891.8204799944	0.0079515656958074	874.2329272630757	801.5270435378665	1.166318	22.296038	0.0400158069694839	0.0219316811318619	-0.0622489854	0.072891924	0.0969590268	0.046608784	0.0458047513	0.1027315236	-0.0107665339	0.1196175908	0.1282454286	0.0718268974	-0.1048999322	0.0450518576	-0.0269342512	0.0490809689	0.0205029915	0.0761076869	-0.1265117609	-0.1187640843	0.0237146851	0.0527674318	-0.1200831491	0.0040295794	0.1077620176	-0.1263009068	0.0601742912	-0.000777292	-0.0888719832	0.0749990685	0.1576954936	-0.0514794021	-0.0480982058	0.0994993754	-0.0564130727	-0.0685305377	-0.0022680742	-0.0290124276	0.0500762676	-0.1262229136	0.0777094843	0.222074059	-0.0412780959	0.0217020856	0.04512237	-0.1290110411	-0.0028301524	-0.0859135886	-0.0659490139	-0.0013376681	0.0761458255	0.0393410347	-0.0017597663	0.1155844558	-0.0032834908	-0.0412215183	0.1504617303	-0.0917710713	0.0734721654	0.0530360726	-0.0284760616	0.0701619375	-0.0624741357	0.0331328548	-0.0285236918	0.0709830261	0.1188734525	0.1330903037	0.0771141938	-0.0096991496	0.0277768837	-0.1854800955	-0.0095010197	0.1391050739	-0.1390925543	0.0238427012	-0.0208992391	0.1273513691	-0.051214986	-0.0423564828	-0.0279913708	-0.0894785094	-0.0215503189	-0.0840975361	0.0022565907	0.0311605591	0.0777606311	0.0425730888	0.0179293797	0.0078140262	-0.0990927499	0.0022199865	0.069963925	0.0974511978	0.0806165273	0.038165396	-0.0443483466	-0.0073321656	-0.0043018039	-0.0656817182	0.0189067552	-0.0688893378	-0.0555787436	0.1282045865	-0.0812449131	-0.0089581966056471	-0.0042874989786555	8.024928642542722e-05	1.838264749197196e-05	0.0213941538200543	-0.0200833020820142	0.0004577098176761	0.0004033390225174	-0.2819576135490536	-0.0019082805381742	0.0795000958382774	3.641534612374672e-06	0.0016402168262834	0.0001255963659456	2.6903112372231897e-06	1.5774447138741118e-08	-0.0020800435957684	-0.000126911101307	4.326581360297135e-06	1.6106427634955633e-08	0.0011712083649042	2.222704016019992e-05	4.940413142831399e-10	1.3717290340215697e-06	0.0
913.8688552508328	-0.7582779123604269	835156.2845974675	0.5749853923736872	1110.8239723706338	3.1462675116697483	1233929.8975932745	9.89899925498855	839.0774527247949	-0.5009060244016155	704050.9716711304	0.2509068452818317	875.4987501528376	796.6912758373079	1.170622	22.378323	0.0892778258321011	0.0449164513280647	0.1315838704	0.0291947825	0.0454837469	-0.0126198074	0.0573092085	-0.0932507509	-0.0645018916	0.0729028546	0.0156058736	0.0555317028	0.1024453072	0.0781241578	0.0770275872	-0.0034906835	0.0707726237	0.062944801	-0.0137651629	-0.0603217703	-0.0298160715	0.1182515414	-0.0660200689	-0.0682813117	0.1896220673	-0.0211085155	-0.0237163766	-0.05394862	-0.2055999198	0.029575038	0.0038511495	0.0021032713	-0.0774849071	-0.0958397109	-0.071681249	0.0076348305	0.2113777703	-0.1035453415	-0.1009542605	-0.0740072032	-0.0034123769	-0.0837170482	-0.0595798535	-0.037053107	-0.1795900562	0.0763431332	-0.0894061811	0.0154556223	0.1366350667	-0.056009736	0.0331565177	-0.0469214859	-0.0277316334	0.0485747534	-0.0425330955	-0.0382178128	0.1135157774	-0.0197618359	-0.0280759358	0.120977223	-0.0308207467	0.004934832	-0.1228049692	0.0207867374	-0.0135014015	-0.0587502917	0.0579365967	0.0303253909	0.1420717932	0.1070330432	0.028224703	0.0234150978	-0.1505832346	-0.0138064955	0.1178143678	-0.07724917	-0.01401832	-0.0180743626	-0.1672602232	0.0812902369	0.0336300912	-0.0323424777	0.0012309211	0.0015604539	-0.0408548442	0.0257078266	0.0371655566	-0.0177905795	-0.0875161212	-0.0071919424	-0.0552290774	0.0497065661	-0.0355097359	0.1153730187	-0.065421637	-0.0826583457	-0.0172090602	-0.031277078	-0.0502953815	-0.1812781413	0.0779415246	-0.0717238087	-0.0494042187	0.1266188352	-0.0912870929	-0.0068039484802682	0.0021542481253789	4.6293714922143945e-05	4.6407849856985055e-06	0.0383589999226785	0.0169648461026242	0.001471412875068	0.0002878060032857	-0.2953848884625216	-0.013427274913468	0.0872522323320163	0.0001802917116018	0.0023372623322484	0.0006970455059649	5.46279520974723e-06	4.858724373860026e-07	-0.001839405684012	0.0002406379117564	3.3834132703756533e-06	5.7906604574481015e-08	0.0013681540809954	0.0001969457160912	3.8787615086675574e-08	1.8718455893443675e-06	0.0
914.3070895380812	0.4382342872484059	835957.4539795968	0.1920492905201183	1111.6153852543775	0.7914128837437602	1235688.7647342382	0.6263343525556144	840.0572707550435	0.97981803024868	705696.2181484125	0.9600433724004028	876.3983358080376	796.115038966565	1.196765	22.87809	0.0190696220410272	0.0133413625412601	-0.0003838329	-0.1405785928	0.0308308212	-0.0630589721	-0.1140183403	-0.0360164702	-0.0458142594	0.058994995	-0.0942258211	0.0952559084	0.1396172786	-0.0186223359	-0.1419970725	0.0519462227	0.0812001467	0.0645597887	0.0812110632	-0.0579705011	-0.0640393117	-0.0063424292	-0.0418610396	-0.2347989142	-0.0347626033	0.0640514274	-0.0834044014	0.0623490501	0.1022430903	-0.0070161799	-0.1141919175	0.0212414205	0.0229074782	-0.0065958241	0.0832490853	0.1982200584	0.0161425296	-0.1043492268	0.1514134399	0.1578702896	0.0413176941	-0.1541520349	0.068138638	-0.0033083894	0.0300577069	-0.0923130175	-0.006290612	0.1398753892	0.0054755493	0.0138911736	0.0616275334	-0.1429253377	-0.0454390807	0.039160181	0.0713879122	-0.0760792098	-0.0128988247	-0.020731428	0.0049198387	0.2278398876	-0.0738175556	-0.1649892702	-0.0503625546	-0.1378714389	0.0057938514	0.0248263595	-0.1398442154	-0.0352104551	-0.188114353	-0.0287020485	0.0318296738	0.1130625156	-0.0041374775	0.0325073939	0.0841797434	0.0076415303	0.0868823004	0.0690704529	-0.0228733037	0.032834778	0.1982354141	0.0127128379	-0.0384855528	0.0399654949	-0.0027716607	0.061559332	0.0663025054	-0.0459589584	0.0037660645	0.0200250862	0.0251420407	0.1383467394	0.0062844862	0.0506047618	-0.0011240951	0.0367308172	-0.0595997036	0.1004184147	0.0838423716	0.0078486551	-0.1038593656	-0.0745091236	-0.0430942802	0.1242524367	-0.1003291122	-0.00663234156994	0.0001716069103282	4.398795470035418e-05	2.9448931672390992e-08	0.0368050348327528	-0.0015539650899257	0.0013546105890401	2.4148075007077988e-06	-0.2943448646779032	0.0010400237846183	0.0866388993622531	1.0816494725719205e-06	0.0022594381022166	-7.782423003179981e-05	5.105060537748151e-06	6.056610780042491e-09	-0.0020869560440608	-0.0002475503600488	4.355385529841904e-06	6.128118076029064e-08	0.0013688600160379	7.05935042499958e-07	4.983442842294174e-13	1.87377774350728e-06	0.0
913.9710403616378	-0.3360491764433391	835343.0626197347	0.1129290489882464	1108.615290284617	-3.0000949697605392	1229027.8618528456	9.00056982758249	839.3445839024797	-0.7126868525638201	704499.3305264268	0.5079225498173243	876.3381534707527	790.9080527725674	1.218003	23.284077	0.0489390106236268	0.0299733057180738	-0.122834007	0.0448948449	0.0023073015	0.0125627088	0.0585762637	0.1497875853	-0.0679168877	0.0145786555	-0.1413146721	-0.0169083736	-0.1285949694	-0.0025799366	-0.0224815541	0.0155351285	0.0766499264	0.0621684405	-0.0109525136	-0.0675719227	-0.1202549856	-0.0128482671	-0.0748184724	-0.0853890312	0.0996641051	0.0641178276	0.0187890846	-0.0086572437	-0.0629094036	-0.0620819391	-0.0542437664	-0.1950015167	-0.1361618084	0.0927686863	0.0628595475	-0.0054117063	-0.0661353811	0.1135674546	-0.2405593604	-0.0507921121	0.1632854125	0.181177923	0.0700015626	-0.150470512	0.0274344898	-0.0669478965	0.0766868257	-0.103894257	-0.0910397167	-0.0993691392	0.0420785692	-0.0900121688	-0.0547665312	-0.0016522573	0.0678289763	-0.0683455126	0.0592908898	-0.0118953153	-0.1061167306	0.1375040057	-0.0248487821	-0.008215597	0.0132394032	-0.0077189442	-0.1036970844	0.0909583117	-0.0813346752	0.0350245235	0.1045987819	0.0381822613	-0.191151674	-0.0358853516	-0.0052112672	0.108378681	-0.0651543068	0.0705611161	-0.1332018315	0.1429325334	-0.0169653732	-0.0391833767	0.0352095266	-0.0797083199	0.0069165948	-0.0194572528	0.0357242671	0.0517507892	0.0052514762	-0.0320778436	0.047106944	0.0150246589	-0.1013000056	0.0292581657	-0.1578485925	0.070302279	-0.0632193034	0.0369518232	-0.0009535794	0.0658000615	0.1349840845	-0.0304553862	-0.0717113274	-0.0772433738	-0.0366662233	0.1211199807	-0.1082719048	-0.0068698159797406	-0.0002374744098006	4.71943715954993e-05	5.6394095310143426e-08	0.0157761342949811	-0.0210289005377717	0.0002488864132932	0.0004422146578274	-0.2954225050304728	-0.0010776403525695	0.0872744564784797	1.1613087294862789e-06	0.0018973187221543	-0.0003621193800623	3.599818333437226e-06	1.311304454167046e-07	-0.0019182110406299	0.0001687450034309	3.679533596394444e-06	2.847487618289452e-08	0.0013678244930614	-1.0355229764999214e-06	1.0723078348592569e-12	1.870943843818676e-06	0.0
912.904620315587	-1.0664200460508937	833394.845793546	1.1372517146191905	1111.8744065568253	3.2591162722083027	1236264.6959560926	10.621838875772944	839.0493575856656	-0.2952263168141371	704003.8244649181	0.0871585781396412	874.9236762363665	803.3357923326038	1.273045	24.3363	0.0292475769459326	0.0162602289021552	0.0837146839	0.0825678889	-0.003033437	-0.0905505546	0.12279659	-0.0711939701	-0.0341456865	0.044088636	-0.1533991184	0.1066246652	0.0149745563	0.071087653	0.0071981056	-0.0610181144	-0.0376577406	0.041797083	0.0674949509	-0.0062005664	-0.0296318379	-0.0604126595	0.0501240863	0.1189204237	-0.0384308556	-0.1216440179	0.0017269558	-0.1143376566	-0.0738303187	-0.0492883894	-0.057312002	0.0343709018	0.0390860419	-0.0809791509	0.0544813482	0.0444757844	-0.032795333	0.0827687667	-0.2689294227	0.0583868591	-0.0376687155	0.0262993557	0.1480810389	-0.0284762484	-0.0429615562	-0.0454305694	-0.0994616947	-0.0679793826	0.1183677188	0.0132164798	0.0698807071	-0.0594692115	0.0265668734	-0.0940864298	0.0589298001	-0.1075191525	0.0350243862	-0.0044182948	-0.0727917997	-0.0773412561	0.0285227433	0.1315287286	-0.111378931	0.1049977752	-0.0043786568	-0.2204909144	-0.0339745974	-0.0131977754	-0.0977812964	0.1717192497	-0.0395701376	0.0615401801	-0.0304029541	-0.0872308177	0.1067321169	-0.0210807518	-0.0238089589	0.0173740291	-0.1346449008	0.0574064073	0.0078480957	-0.0244893748	0.0584903359	0.0449918474	0.0075374796	0.0178994944	0.005750222	-0.1194006188	0.0661352014	-0.0282915275	-0.0686614115	0.0615922797	-0.0147600868	-0.0964362381	-0.0751706422	-0.1243525884	0.0256442554	0.0243696277	-0.0092249479	-0.0738074524	-0.1078200772	-0.0799246852	-0.0301376669	0.1172407796	-0.1150284477	-0.0067300985604674	0.0001397174192731	4.529422663360537e-05	1.9520957248363056e-08	0.0252904602677972	0.009514325972816	0.000639607380557	9.052239871700302e-05	-0.2861882137088045	0.0092342913216683	0.0819036936658363	8.527213621343863e-05	0.0020582857098634	0.000160966987709	4.23654006342788e-06	2.5910371132141505e-08	-0.0018720998956334	4.611114499649999e-05	3.504758019230587e-06	2.126237692888246e-09	0.0013679312049993	1.0671193790006037e-07	1.1387437690386335e-14	1.871235781610837e-06	0.0
913.7294642002912	0.8248438847042507	834901.5337477513	0.6803674341339992	1114.446644020817	2.572237463991769	1241991.322369262	6.616405571162806	839.7611827608905	0.7118251752249307	705198.8440719697	0.5066950800840033	876.7174956576133	789.8673802171435	1.237538	23.657524	0.0354767926767546	0.0215784446664198	0.0057167722	-0.1290254409	-0.0362831825	-0.0614681261	-0.0774069677	-0.0518891909	-0.0294046653	0.0410868842	-0.1167603862	-0.0316099979	0.1082963289	-0.0211000217	-0.1067121593	0.0683225984	0.0805629036	0.0140579914	0.1324558294	-0.0242170334	-0.0766871077	0.0202736651	-0.1134017752	0.0109919376	0.1803371024	0.08832526	-0.1276303947	0.1470191242	0.0424246795	0.0895897798	0.0825281868	-0.0779990825	-0.0843300162	0.158048527	0.0580335703	0.0034643742	0.1106556432	-0.0595178403	0.1399864291	0.0431130747	-0.0719787929	0.0618386215	0.0219305461	0.068388683	0.0783344811	0.1105292332	0.0740601789	0.1022577104	0.021610648	-0.0120138389	0.0615241734	-0.1737322496	-0.0558658992	-0.0183209553	0.00843256	0.0017135977	0.0130992741	0.1444224522	-0.0116072729	0.0280190291	-0.1222655086	-0.1341193409	-0.1138298694	-0.0828020916	-0.0559940276	0.1657754488	-0.0250066915	0.0793982453	0.0552748474	0.0957597582	0.0783908889	0.0449646365	-0.0105854114	0.148877733	-0.0111736122	0.0009454539	0.0091130958	0.0407296946	-0.0013145428	0.0058758501	0.1679349965	0.0586291765	-0.0002454854	0.0494423444	-0.0233652652	0.0126883651	0.0394162816	-0.0519023989	-0.0294595378	-0.0015546669	0.0724460864	0.1310838897	0.0210417808	0.0413552837	-0.0331497386	0.0286151403	-0.1083242588	0.0227265046	0.0673280511	-0.0209221187	-0.1388555999	-0.0825512202	-0.0235265052	0.1126387502	-0.1205247148	-0.0068175981128604	-8.749955239299983e-05	4.647964402847769e-05	7.656171668975322e-09	0.0443776059841098	0.0190871457163126	0.0019693719128808	0.0003643191315957	-0.2916023380929786	-0.0054141243841741	0.0850319235812917	2.9312742847308595e-05	0.002135878117655	7.759240779159999e-05	4.561975333477466e-06	6.020581746897947e-09	-0.0020120461278845	-0.000139946232251	4.048329620735009e-06	1.9584947921278773e-08	0.0013681530254341	2.218204347998604e-07	4.9204305294799096e-14	1.8718427010044808e-06	0.0
914.7458456206182	1.0163814203269794	836759.9620801798	1.033031191585888	1112.0360434395927	-2.410600581224344	1236624.1619087835	5.810995162199144	839.2554233985611	-0.5057593623293997	704349.6657038981	0.255792532583841	874.9330062741344	793.3668394338517	1.319869	25.231409	0.050668973478577	0.0275603879739407	-0.1238832799	0.0721280182	0.0360713045	0.1601457424	0.0393684851	0.1169420901	0.1143194658	-0.0109852297	-0.0699437595	-0.1042894595	-0.1184610729	0.0047445198	0.0631556871	0.1319206461	-0.0385915725	0.0711918174	0.0466327409	-0.0858853299	-0.107065235	-0.0081023055	-0.048386905	-0.0302092004	0.0502205075	-0.0139263343	0.0513616444	-0.0090285321	0.0280457366	-0.0195353648	-0.0659081672	0.1238096932	-0.0339843824	0.1520844889	0.030688451	0.1223042817	-0.0181311939	-0.0180589341	0.0316365502	0.0465654667	-0.0385130518	0.062480834	-0.0243323086	-0.0456744723	0.1693332481	0.0019917479	0.1537490976	-0.1032766506	-0.1001365865	0.0717617703	-0.0725503556	-0.0961088413	-0.0665082703	0.0310229648	0.0608973449	-0.0469423634	0.0186044819	0.0624372709	-0.0979471579	0.0780440369	-0.0684999492	0.1190346183	0.0598140841	0.0272738137	-0.0521528606	0.1212032087	0.0315249723	0.0392754015	-0.0149996776	0.005697681	-0.0140571228	0.0063899693	0.0325170735	0.1295364849	0.0121620795	-0.0859345339	-0.0344826976	0.1597245102	-0.0162712895	-0.0112712172	0.0241590946	-0.1197699433	0.0202061	-0.0366214073	0.0651055783	0.0602146925	0.0408983667	0.0222385848	0.0349130088	0.0392349789	-0.1175768626	-0.0300443639	-0.0543289422	0.0426634716	-0.0644722237	0.0783484134	0.04251686	0.0273340525	0.0474250719	-0.0282172332	-0.0529239891	-0.0851211787	-0.016850859	0.1073422654	-0.124700488	-0.001869904552322	0.0049476935605384	3.496543034794539e-06	2.447967156899315e-05	0.0371702350814757	-0.0072073709026341	0.0013816263760121	5.194619532813674e-05	-0.3072049099070781	-0.0156025718140995	0.0943748566710159	0.0002434402472141	0.0017383356913783	-0.0003975424262766	3.0218109759196725e-06	1.5803998068996528e-07	-0.0019523150851403	5.973104274419982e-05	3.811534191666377e-06	3.567797467309426e-09	0.0013671997504289	-9.532750051999706e-07	9.08733235539004e-13	1.8692351575728465e-06	0.0
914.633866428662	-0.1119791919561521	836555.1096182435	0.0125393394311527	1112.6551890133892	0.6191455737964588	1238001.5696384208	0.3833412415517462	839.9428732183915	0.6874498198303627	705504.0302703668	0.4725872547847981	875.2349621012636	799.7427072888329	1.305065	24.948404	0.0701930200916873	0.0423742387916698	0.0901281188	0.1058137479	0.055258396	-0.118913116	0.1147162692	-0.0948748858	0.1107431975	0.0452080869	-0.0429551972	0.1792542102	0.0423944514	0.0966062588	0.0306595122	-0.0012501576	-0.0816304181	0.1382073253	0.1174683616	-0.0131575953	-0.0903691347	0.0404663236	0.0836674686	-0.2044330938	-0.1152060833	0.0411555104	0.1063713624	0.0233045057	-0.0055498569	0.0048073236	0.0727149972	0.1752622632	0.0683733772	0.0172005574	-0.0926277446	0.047101754	0.1159369333	-0.1759719642	-0.0966825143	-0.0508552032	0.1200432707	0.0434132596	0.0091623733	-0.07908592	0.0448030506	-0.0534707552	0.0936722775	-0.0834966216	0.1356944955	0.1097310982	0.009930854	-0.0201795942	0.0464099809	-0.0291267703	0.0888140559	-0.0226132961	-0.0871424066	-0.1197268501	0.0627511468	0.1480616299	-0.0390966222	-0.016615266	0.1039174396	-0.0182203514	0.0464335481	-0.212367073	-0.099624222	0.1757493739	0.0360609708	-0.1252872288	0.0099107064	-0.1018184706	-0.033058311	0.0649766574	0.0654014956	-0.0367022008	-0.1017984026	-0.0017014251	-0.1372258441	0.0608580198	0.0008339151	-0.11643327	0.0326633468	-0.0546405465	0.0438922838	-0.0025966204	0.0046032272	-0.0393507612	-0.0558672503	-0.0142805629	0.0710168351	0.0292127674	0.1078951013	-0.0102623696	-0.0858911219	0.0089036332	0.0651947834	0.0635808015	-0.0228059023	-0.060930704	0.0357920794	-0.0876327994	-0.0101290257	0.1013839798	-0.1275100165	0.0360479265613236	0.0379178311136456	0.0012994530093705	0.0014377619163629	0.0252421311662374	-0.0119281039152382	0.0006371651858135	0.0001422796630127	-0.3122537183453815	-0.0050488084383034	0.0975023846205168	2.5490466646683712e-05	0.0020308285798222	0.0002924928884438	4.1242647206226535e-06	8.555208979025568e-08	-0.0019396155572048	1.2699527935499916e-05	3.7621085097508873e-06	1.6127800978454278e-10	0.0013679728665395	7.731161106000039e-07	5.977085204692776e-13	1.8713497635882963e-06	0.0
914.9878482298436	0.3539818011815896	837202.7624082793	0.1253031155677624	1110.9327138068593	-1.7224752065299072	1234171.494606273	2.9669208371102465	840.4747624264488	0.5318892080573505	706397.8262757956	0.2829061296478755	876.0641455018189	793.6425282773517	1.185557	22.663818	0.0426774207041581	0.0263161898075268	0.0624177405	-0.1124216506	0.0993153001	0.1354172851	-0.0909989965	-0.0628723626	0.0202904288	0.1134732825	-0.0674170018	-0.1201331873	0.1188915346	0.0232597764	-0.1542021025	-0.0707780009	-0.007447132	0.0002019648	-0.0117497824	-0.0396636141	0.0160369199	-0.0086401568	0.2356492679	0.0193533723	0.0259386077	0.056709027	0.0848428316	-0.0738249739	-0.0856097864	0.0343574845	0.053411714	0.0945249096	0.1718053343	-0.001332774	0.1333136756	-0.119796445	-0.0547202903	0.0727167308	0.0091059925	-0.1175743125	0.0980001781	-0.0816620705	-0.0324762471	0.050476755	0.1357541812	-0.0446164303	0.1988342265	0.1161303863	0.039797441	0.0994153855	0.0990620398	-0.0235479987	0.0829640778	0.0478574184	-0.0547161211	-0.1163686189	-0.0627082566	0.1049199501	-0.0481561784	-0.0693920242	0.0787179301	-0.0745292433	-0.0070556772	-0.0319190766	-0.0793712226	-0.0803268094	0.0313116832	0.0214403724	0.0833262051	-0.0912048947	-0.0919124757	-0.140875008	-0.0520609376	-0.0756533324	0.2196873818	0.0587042573	0.0550600797	-0.0192881389	-0.0401014323	0.0613823306	0.1728861318	-0.0313534318	-0.0083240547	-0.0463232445	-0.0072536511	-0.0119736352	0.0545456732	0.0255231465	-0.0209172577	0.0218703508	-0.0106650763	-0.0677615111	0.0732364529	0.0873849776	0.0158111027	0.1831751213	0.1528027096	-0.0100765955	-0.046414988	0.0247600655	0.0262511859	-0.090084361	-0.0033794295	0.0948006283	-0.1289225186	0.0230530631504706	-0.012994863410853	0.0005314437206195	0.0001688664750667	0.0279006997468087	0.0026585685805712	0.0007784490463615	7.067986897600894e-06	-0.3142457922386654	-0.0019920738932838	0.0987504179397064	3.968358396303173e-06	0.0021050396395861	7.421105976390023e-05	4.431191884228778e-06	5.507281391281172e-09	-0.0015140646533804	0.0004255509038244	2.292391774615911e-06	1.8109357174576386e-07	0.0013670965337388	-8.763328006998906e-07	7.679591775825141e-13	1.8689529325606424e-06	0.0
915.8994740518536	0.9116258220100236	838871.8465684621	0.8310616393554511	1109.101730405594	-1.8309834012652573	1230106.6483886829	3.3525002157088903	839.7770879431616	-0.6976744832871873	705225.5574342966	0.4867496846300437	875.4182851638419	796.9606932367598	1.113998	21.295853	0.0439590533912517	0.027585913346035	-0.1082295488	-0.0768128877	0.1076568492	-0.0295684823	-0.0577038386	0.1116201522	0.0465849832	0.0409788052	-0.0391406335	-0.0735662401	-0.0374226744	-0.1225331753	-0.1374396067	0.0427978181	-0.0546987954	0.0701509152	-0.053252738	-0.0956885407	0.1235099553	0.0241984178	-0.0062328642	-0.0376207757	-0.0641052091	-0.2078886631	0.0935122049	-0.1423660643	-0.0008972398	-0.0442963881	-0.0343391976	-0.0844144266	0.0665641255	-0.1198215052	0.0180260176	-0.0633123458	-0.1354283217	0.1142563081	0.0384423263	-0.0533996063	-0.1060785583	-0.0058111321	0.0497530312	-0.0044552388	-0.2114294669	-0.055238501	-0.0458907156	0.0481759948	-0.1478528084	0.0921590388	0.0345037977	0.0002148252	0.0394845155	0.009648952	0.0197033578	-0.0897603226	0.1976316896	3.68932e-05	0.0562358297	-0.0802851861	0.0114168585	0.0186727302	0.1527338692	0.1310624942	-0.0139582138	-0.0348836714	0.0908709862	-0.0890058716	-0.0262909242	-0.0853614935	-0.1208611213	0.0057038519	-0.0785691735	-0.1276799687	-0.0134810657	0.070307947	0.0153909239	0.0333688174	0.0692460625	-0.0588151711	0.1002134654	-0.044982794	0.0087029189	-0.0630983343	-0.0249866174	-0.0079121916	0.0252115249	0.003252862	-0.1221810546	0.0488524856	0.0152524144	0.0059025369	0.0606504372	-0.05477577	0.0219943239	0.0807807865	0.1700417621	-0.0644241147	-0.0073262325	-0.0510142094	-0.1452416104	-0.0924741833	0.0033794295	0.0876327994	-0.1289225186	0.0211531084812008	-0.0018999546692698	0.0004474539984174	3.609827745280121e-06	0.0279662600374024	6.556029059370111e-05	0.0007821117004796	4.298151702730534e-09	-0.3085567386020571	0.0056890536366082	0.0952072609367382	3.2365331280205734e-05	0.0018438586290124	-0.0002611810105737	3.399814643783487e-06	6.82155202842993e-08	-0.0019782428329291	-0.0004641781795487	3.913444706035352e-06	2.154613823691453e-07	0.001367827039512	7.305057732000155e-07	5.336386846785525e-13	1.8709508100201624e-06	0.0
916.8624928124078	0.9630187605541778	840636.8307261826	0.9274051331793048	1113.4531156915496	4.35138528595553	1239777.8408432193	18.93455390683029	840.1656819790225	0.3885940358608195	705878.3731752759	0.1510053247065998	874.7764045727819	807.6065747811681	1.034384	19.773912	0.0738414258055567	0.0459640108094096	-0.1255079474	0.069944203	0.1380075755	0.0441587338	0.040112388	0.1051287346	0.0705036378	0.0432611291	-0.0140950195	0.0738272462	-0.1158434928	0.00012432	-0.0630622595	0.0271149002	-0.0316191378	0.0115741746	0.0304693743	0.0708942938	0.0142710851	0.1565485059	0.0040484309	0.0372697457	0.0138849217	0.0545716603	0.0865310463	-0.0556184545	-0.0856110162	-0.046467595	-0.0363392278	-0.0931865057	-0.0116239292	0.0476183141	0.0839264876	-0.056307581	-0.0401061718	0.0537461996	0.1849128589	-0.0074729274	0.0768442489	0.0005392198	0.0499341374	0.0786107325	-0.1077688904	-0.1570560625	0.1586615525	-0.0809284465	-0.0732899256	0.1404185959	-0.0042618404	0.0746030018	0.0325590085	-0.0633860744	-0.1091690519	-0.0200733576	0.0617377111	-0.0801794401	0.0478806086	-0.021148301	0.005027361	-0.0953492589	-0.126197803	0.0302260228	-0.0886070789	0.0875777312	-0.002748258	0.0798156442	0.087415918	-0.0618799224	-0.0896485037	0.0653323195	-0.066978329	-0.0343002887	-0.0945786386	0.0876445088	0.0540148239	0.0509245275	0.0802980705	-0.0834345232	-0.0458055039	-0.074469631	0.114020293	-0.0634864864	-0.0526569144	-0.0397154081	0.0415815498	-0.0153207363	-0.0419944287	0.0861423422	-0.042914888	-0.0851672591	0.091327998	-0.1035320074	0.0794335334	0.0798561965	0.0923822793	-0.0952749899	-0.0241392107	0.0197122909	0.0082099322	-0.0948006283	0.0101290257	0.0799246852	-0.1275100165	0.0207531404468852	-0.0003999680343155	0.0004306928384081	1.599744284742846e-07	0.0612829944808481	0.0333167344434457	0.0037556054125396	0.001110004793975	-0.2770650897709217	0.0314916488311354	0.0767650639697689	0.0009917239461035	0.0017597992690934	-8.405935991900003e-05	3.0968934675016646e-06	7.065975989991989e-09	-0.0018903007849704	8.794204795870009e-05	3.5732370576597103e-06	7.733803799170307e-09	0.0013671669574565	-6.600820554999651e-07	4.35708319993059e-13	1.8691454895608637e-06	0.0
915.6733620486996	-1.189130763708249	838457.7059655689	1.4140319731973638	1111.68285431733	-1.7702613742194444	1235838.768583126	3.133825333053316	839.854818223398	-0.3108637556244957	705356.1156930568	0.0966362745609662	875.21145480042	803.6422916162581	1.130866	21.61832	0.0302809143925416	0.0157885798659671	0.0496110392	0.1312215266	0.1350786034	-0.0631787908	0.1054973444	0.0120492045	-0.0450179586	0.0986096807	0.1452343676	0.0350273556	-0.0058702333	0.1066843036	0.0434665127	-0.0594252206	0.0329204738	-0.0413121501	0.0192771947	0.0942749844	-0.0504210203	0.0334324697	-0.0192631309	-0.0789897756	0.0263008518	-0.021472488	0.2026555752	0.0168945712	-0.0008116896	0.0487816275	0.0564375012	-0.0887169746	0.1464911516	-0.202184903	-0.0424683086	0.1124712237	0.0741243418	0.0269194643	-0.0061678915	0.0378520131	-0.1169744649	-0.0667161108	0.0231522871	0.2141857495	-0.0738153149	-0.0238044091	0.0316488258	-0.071945446	0.0776679437	-0.0243676452	0.06659588	0.0985536492	0.0247988077	-0.0175281026	-0.102538222	-0.0177947006	0.0291241048	-0.1478533771	0.0979254861	0.0149745817	-0.0991791853	0.1067423305	0.0038576299	-0.0762541587	0.011457959	0.0461792917	-0.0193684092	-0.0296309184	0.079467206	-0.018879691	0.0630653916	0.1915590845	0.0100755993	-0.0790544203	0.1077775004	-0.0612476648	-0.1183242618	-0.0521904684	-0.047366248	0.0059562472	-0.0872520584	-0.0435934566	0.1168503244	-0.0040919724	-0.0982221141	-0.0271679275	0.0014023476	-0.0307865345	-0.0347824726	0.0269203921	0.0312453512	0.0023089983	0.1068682052	-0.0698081852	0.0827509801	0.0004394947	0.1185863984	-0.0646694114	-0.0568463631	0.0382464157	-0.0240126277	-0.0970621018	0.016850859	0.0717238087	-0.124700488	0.0158550918473849	-0.0048980485995002	0.000251383937489	2.399088008306684e-05	0.0523664296485577	-0.0089165648322903	0.0027422429541373	7.95051284084379e-05	-0.2885038910568127	-0.0114388012858909	0.0832344951549212	0.0001308461748581	0.001697818568409	-6.198070068439993e-05	2.8825878912343863e-06	3.8416072573291746e-09	-0.0019288432715267	-3.854248655629994e-05	3.720436366113823e-06	1.4855232699425618e-09	0.0013671401512	-2.6806256500123974e-08	7.185753875504388e-16	1.8690721930231588e-06	0.0
914.1485759956552	-1.5247860530444086	835667.6189948841	2.324972507558746	1104.7633777750966	-6.919476542233497	1220502.1208730408	47.879155618519626	839.1568536299693	-0.6979645934286509	704184.2249941498	0.4871545736800219	874.6030755924905	800.661908399491	1.229718	23.508032	0.0379344757235695	0.0191419574971786	0.1156563587	-0.0943587583	0.0127095754	0.0366452067	-0.0578068688	-0.1182912426	-0.1906281259	0.069259424	0.053044031	-0.0869474289	0.1309931773	-0.0067573195	0.0236012902	-0.0709539491	-0.0191496387	0.0315379279	-0.0853640044	0.1231383759	0.0009377124	-0.0411790029	0.1174462495	0.0442220204	0.0183417356	0.0891432073	-0.0672021214	-0.0461087662	0.025722052	0.1027583017	-0.0004681453	-0.2194180727	-0.0769814192	0.03895794	0.0484350107	-0.0474603952	0.1318611275	-0.0323272117	0.0853801898	-0.0141696069	0.0047436612	0.0169616889	-0.0115325952	0.0184515272	-0.0594464122	0.127604465	-0.0292926006	0.1004136449	0.0664596103	-0.075309079	0.0160354678	0.056867696	0.0275931377	0.0439100405	-0.0346947987	-0.1243827538	0.0067222042	-0.0543388493	-0.1097070811	-0.1404821854	0.0825715568	-0.1093528401	-0.0374805434	-0.1370003665	0.0686748547	0.1509914847	-0.0338101655	0.1045649191	0.0579038806	0.0493105281	-0.0209396023	0.1881224661	-0.1110041414	0.0651293387	-0.105223631	0.0301702678	0.0722130165	-0.1227829184	-0.0064333385	0.0275953814	0.053925902	0.0812328679	0.0141386005	0.0273550264	-0.0631678209	-0.0243695285	0.0282360484	-0.0286834823	0.0013868302	-0.0210780465	-0.0421943103	-0.0581785543	0.0446687797	0.0233001329	0.1222624339	0.0885660798	-0.008281573	-0.1546793442	-0.066663645	0.0269623858	0.0270657104	-0.0992570537	0.0235265052	0.063080731	-0.1205247148	0.0071284470427741	-0.0087266448046108	5.0814757241634806e-05	7.615432954584068e-05	0.0446139007260768	-0.0077525289224808	0.0019904001379962	6.0101704693902847e-05	-0.2958296115727705	-0.0073257205159578	0.0875151590832962	5.36661810779252e-05	0.0019743268525338	0.0002765082841247	3.89796652063602e-06	7.645683118964103e-08	-0.0019341541533011	-5.310881774400148e-06	3.7409522887318953e-06	2.8205465221655664e-11	0.0013679126149112	7.724637112000929e-07	5.967001851210206e-13	1.8711849220331973e-06	0.0
914.0856967449014	-0.0628792507537809	835552.6609936118	0.0039538001753568	1108.208586350371	3.445208575274364	1228126.2708606876	11.869462127144017	838.6562460211259	-0.5006076088434384	703344.2989902472	0.2506079780319449	875.3364768519924	798.9543185869853	1.299885	24.849388	0.0599341478685649	0.030290982362586	-0.1068729177	-0.0901073343	-0.0626359643	-0.0676993046	-0.1375544524	0.0968313055	-0.0691331351	-0.1186573341	-0.0268427415	0.1078696363	-0.0425538417	-0.1429230186	-0.0098350252	0.0051596825	-0.0700522741	-0.0357039138	-0.063437814	0.0763545184	-0.00158639	-0.0241058009	-0.0429480518	0.0812808328	-0.2985945118	-0.1549836694	-0.1010597328	-0.0261834186	-0.0032598725	0.102176542	-0.0214476801	0.0927510011	0.0822916472	-0.0156952564	-0.1078301167	0.0567756798	0.0516318176	-0.0341414414	-0.0208034371	0.133376561	-0.0613501099	-0.0570971698	-0.2193875495	-0.0291268154	-0.0137087547	0.0264979087	0.0025584638	0.0810230169	-0.1453332862	-0.0697125162	-0.0459891034	0.0441300461	-0.0152766867	-0.0589491063	0.07136982	0.0505040615	-0.0303288801	-0.0896344124	-0.016402351	-0.063071318	0.0413338031	-0.0113006282	-0.0672667829	0.1282442691	0.2279621662	-0.1723026068	0.0929059619	0.0681150097	-0.1568136812	-0.0310731522	-0.0702456253	0.0159869684	0.0490166297	-0.1308587017	0.0237544926	-0.0621408711	-0.0025277004	0.0024078357	0.1447364896	-0.046607431	0.0245711091	0.0529063914	0.0209259438	0.0247364016	-0.1033629378	-0.0267228953	-0.0273562723	-0.0862144976	-0.0934071816	0.0605512478	-0.0012905508	-0.048145395	-0.052253759	-0.1544980368	0.0513457034	-0.0575561124	0.1122607152	-0.2138963366	0.0286120247	0.0048327237	-0.0729566266	-0.1013839798	0.0301376669	0.0540487397	-0.1150284477	-0.0080367117612496	-0.0151651588040237	6.458873593340765e-05	0.0002299820415512	0.0551301776890369	0.01051627696296	0.0030393364920247	0.0001105920811616	-0.2728776224178943	0.0229519891548761	0.0744621968164429	0.0005267938061655	0.0018949270418261	-7.939981070769994e-05	3.5907484938438136e-06	6.304329940418581e-09	-0.0020807073819839	-0.0001465532286827	4.329343209442295e-06	2.1477848837353048e-08	0.0013679740344548	6.14195435999325e-08	3.772360336024007e-15	1.8713529589425425e-06	0.0
914.208114870064	0.1224181251626532	835776.4772942762	0.014986197368339	1111.7831153427771	3.574528992406158	1236061.695561291	12.777257517552185	839.7455630531794	1.0893170320534864	705172.6106675012	1.1866115963218162	876.387375801948	795.7325615042732	1.218536	23.294264	0.0728814326241362	0.0404891335675216	-0.0276249619	0.1248416226	-0.0263568255	0.013255087	0.1063774484	0.0273717735	0.0106059457	-0.11725643	0.0873543386	-0.0015384772	-0.0930873777	0.0564959058	0.0900272901	-0.0062602354	-0.0771899122	0.0543732289	-0.1732329264	0.0306853999	0.0590707146	-0.039669724	-0.0087346716	-0.0852287306	-0.0395936277	0.0134031592	-0.0238804941	-0.0096599277	0.0435926896	0.0956164064	-0.101436984	-0.0009004699	-0.0012248705	0.1439042804	-0.0102595407	0.0950803564	-0.1368078337	0.088535317	-0.0629153773	0.0556746942	0.0789305036	0.0214220189	0.1085645184	0.0394346577	-0.0798736096	-0.0512301757	-0.1053931503	-0.1403390351	-0.0030209996	-0.027334279	-0.059694447	0.0669735466	-0.0091285924	0.1595064423	0.0867705678	4.04327e-05	0.047545537	-0.0244587951	-0.0287469859	0.0059889783	0.0310295216	-0.1160836874	0.0657239702	-0.1106756505	-0.0488188706	-0.0006447755	0.0102019157	-0.004781813	-0.1144285856	0.0472216002	-0.0692818203	0.0122687743	0.0746705155	-0.1105119611	-0.0941062291	-0.0439015986	-0.0570388706	-0.0185389459	0.0289175599	-0.0416226243	-0.1460244121	-0.039391011	0.0599928618	0.0192633264	-0.076696352	-0.0280233446	0.0050945504	-0.0403727989	0.0240269433	0.0197780287	0.0367569351	-0.0133668887	0.1532995394	-0.0036745774	0.1179621134	0.0515360736	-0.0840502122	-0.1440396212	-0.0385904421	0.0041981802	0.0046464527	-0.1034414224	0.0366662233	0.0446835199	-0.1082719048	0.01572118768307	0.0237578994443196	0.0002471557421663	0.0005644377860064	0.0476173656088434	-0.0075128120801934	0.0022674135075262	5.644234535230136e-05	-0.3038523717697075	-0.0309747493518131	0.0923262638300765	0.0009594350974076	0.0018947607541044	-1.662877216999925e-07	3.5901183152942743e-06	2.7651606388174163e-14	-0.0019442823155924	0.0001364250663915	3.7802337227253448e-06	1.86117987399252e-08	0.0012918459536118	-7.6128080843e-05	5.7954846928383445e-09	1.668865967863181e-06	0.0
915.4252172184044	1.2171023483404042	838003.328319363	1.4813381263357266	1111.2927808724776	-0.4903344702995582	1234971.6448192846	0.2404278927639483	839.7362152485908	-0.0093478045885149	705156.9112000277	8.738145062506056e-05	875.1200272830146	796.1058223588126	1.204595	23.027765	0.0481823322654543	0.0228420748525159	0.1348443775	-0.0034222188	0.0281358794	-0.0100802723	-0.0090737537	-0.140041576	0.0591092972	-0.020762215	0.1042715043	0.0880844689	0.0666320014	0.044123724	0.0502427362	-0.0683694949	0.0312835364	-0.0961457722	-0.0190701385	0.0246298201	-0.0723822229	-0.0493393883	0.0526127828	0.0092139736	0.0448388251	-0.0437969274	0.0525144625	0.0263340508	0.0205027811	-0.1415424523	-0.2335852587	0.0502023389	-0.0280563986	-0.0170483479	-0.0826123357	0.0654792858	0.1415613364	0.057422782	-0.0097350833	-0.0430971294	0.0182828058	0.1548207592	0.0861190919	0.0566941156	-0.0644019711	-0.0983778622	-0.1256099315	0.0494040755	0.1101883412	-0.023658919	-0.0199038234	0.0998910045	0.0126109331	-0.0270061545	-0.0178500185	0.0589984603	-0.0641270603	-0.0150683384	-0.0752672222	0.1508554748	0.0483773299	0.1794442785	0.0490097565	-0.1413551748	0.0010912291	-0.0575661423	0.0986610029	-0.1579011805	-0.0911384392	0.0122273847	-0.132630099	0.0915081692	-0.0043775429	0.0942738482	-0.0793494287	-0.0066142715	-0.1037859396	-0.1536696153	-0.0239152715	0.0521714628	-0.0283223757	0.0166717151	0.0173554326	-0.0169504903	-0.0536841568	-0.01553921	-0.0415139866	-0.0339130928	0.0231660269	-0.1319253497	-0.0688642708	0.0209563633	0.016925017	-0.038785805	-0.1139266292	-0.1010067326	-0.0472855382	-0.0508424536	0.024788372	0.005958121	0.0297456867	-0.1054279714	0.0430942802	0.0350428114	-0.1003291122	0.0234303628440812	0.0077091751610112	0.0005489819030053	5.943138166315205e-05	0.0355442511392709	-0.0120731144695725	0.0012633937890515	0.0001457600929954	-0.3160557279547831	-0.0122033561850756	0.0998912231730278	0.0001489219021798	0.0018946653135184	-9.54405859998446e-08	3.5897566502497773e-06	9.108905455993732e-15	-0.0016957074331258	0.0002485748824665	2.8754236987580896e-06	6.178947219328396e-08	0.0013671093595551	7.526340594329992e-05	5.664580274185954e-09	1.8689880009831557e-06	0.0
915.2019574871148	-0.2232597312896587	837594.6229882466	0.0498449076155306	1107.7756847249034	-3.5170961475741933	1227166.9676677284	12.369965311281232	840.3000310970258	0.563815848434956	706104.1422616625	0.3178883109464293	875.8402576352883	796.6139109588805	1.201593	22.970377	0.0698146969050241	0.0324481604083336	-0.0161642083	-0.1663438921	-0.0182386689	-0.0797872934	-0.1545634706	-0.0051746933	-0.0181337636	-0.0214940323	0.0441146605	-0.0161786146	0.0798053626	-0.0703094785	-0.0687832202	-0.0104917019	0.0151845129	-0.0383567405	-0.0338334422	0.0635197475	-0.0784067426	-0.0238326401	0.0700666078	-0.0270829577	-0.0515319439	-0.0226161899	-0.1098146241	0.0777257057	0.1265316433	0.0141692072	0.1840132128	0.0923822803	-0.0200522756	0.1138896142	-0.0388641633	0.0285627047	-0.0730707278	-0.0922473349	0.1006983668	-0.0657985761	-0.0766821633	0.0144399477	0.1115446127	-0.095609922	-0.1903321595	0.1371870133	-0.0015918072	0.142624405	-0.0521254397	-0.001427583	-0.0054933379	0.0217730966	0.0210151124	-0.0120052643	-0.0062861571	0.0019834491	-0.0309334289	-0.0025685907	-0.0385455402	-0.06190857	-0.0619787912	-0.0981786361	0.1119566859	-0.0210190379	0.073480378	-0.0216302561	-0.104977048	-0.0345653769	-0.0586549968	-0.0888309821	0.065562583	-0.0729849444	0.1300122436	0.0660403622	-0.0582798449	-0.116860886	0.0322377816	-0.035931113	0.1301029699	0.0258371717	0.0939805323	0.0338050941	0.0267770393	0.0024965841	-0.0548368098	-0.019529272	0.0211165415	0.006600594	0.0579304517	-0.0562645164	0.0367214364	0.0870065437	0.0703478335	0.0213120093	-0.0068444589	-0.0482790259	-0.1523460682	0.0443283725	0.1416250508	0.0484756059	-0.115589662	-0.1073422654	0.0494042187	0.0251860523	-0.0912870929	0.0402891102116313	0.0168587473675501	0.0016232124016449	0.0002842173628028	0.0528676276239536	0.0173233764846826	0.002794986050585	0.00030009937283	-0.3053247603645417	0.0107309675902413	0.0932232092916648	0.0001151536654228	0.0017198835207213	-0.0001747817927971	2.9579993248486944e-06	3.054867509336841e-08	-0.0020183282305434	-0.0003226207974176	4.073648846208453e-06	1.0408417892636818e-07	0.0013677388785914	6.295190363000882e-07	3.962942170641918e-13	1.8707096400104604e-06	0.0
915.4403075902655	0.2383501031507648	838030.95676096	0.0568107716719802	1110.7570027237234	2.981317998820032	1233781.1190997898	8.88825701008828	839.5129691981062	-0.7870618989195464	704782.0254518205	0.6194664327308422	875.2262975814494	798.0155349400782	1.189939	22.747593	0.0390063223160994	0.0266423441142085	-0.1353763836	0.0029081712	0.0016318644	0.1223372988	-0.005034661	0.1307484333	0.0227417697	-0.0685643799	0.0024823217	-0.025016435	-0.1407219107	-0.0914146924	-0.0110407191	-0.0057413964	-0.0071106784	0.0100122203	-0.1659710721	0.122006526	-0.027403643	-0.0547349847	0.0805215055	0.0084557098	0.1461935331	0.0024058283	-0.1539590682	-0.0275461205	-0.049026783	-0.0560184915	-0.029671552	0.0622327263	0.1231688356	0.1227595626	-0.0588896432	-0.1484480876	-0.1306956725	0.0737310641	0.1219407261	0.065036032	0.0233553624	-0.2016576788	0.0193155747	0.1434524573	0.0076632055	0.1106158281	0.0117114024	-0.0650525622	-0.1352067733	0.0105086388	-0.0585724364	0.050109559	0.0361067903	0.0423873453	-0.0834727724	0.0457629149	0.0264749083	-0.0093682945	-0.1332717658	-0.0730021647	0.0889453209	-0.1292267315	-0.0302731389	-0.0676475309	-0.0359780026	-0.0050030408	0.0757998016	-0.0402549595	0.1435050085	0.0823470727	0.0122235781	0.0006866083	0.1965492727	-0.2386507884	-0.0113109184	0.0439171451	0.1575652989	0.0185772852	0.1679200782	-0.0156258127	-0.0379234872	-0.0525763411	0.0529179838	-0.055401939	-0.0230566964	0.0022729233	-0.0234610481	-0.0203565318	0.1200548201	-0.0292510911	-0.1387449186	-0.0540634268	-0.1322178175	-0.0876070161	-0.1098100837	-0.0231154026	-0.0568428453	0.0113955143	0.0644176426	0.0660045617	-0.0150533838	-0.1091829923	0.0555787436	0.0151740128	-0.0812449131	0.0401840973886464	-0.0001050128229848	0.0016147616829402	1.1027692991257324e-08	0.0481229064656361	-0.0047447211583174	0.0023158141267003	2.2512378870185744e-05	-0.2990823074007096	0.006242452963832	0.0894502266001325	3.896821900565591e-05	0.001666039979685	-5.38435410363e-05	2.7756892139087957e-06	2.899126911327721e-09	-0.0015148642152262	0.0005034640153172	2.2948135905728907e-06	2.534760147193179e-07	0.0013667637275256	-9.751510657999077e-07	9.509196011306958e-13	1.868043086879673e-06	0.0
914.7101685720824	-0.7301390181831948	836694.6924891673	0.5331029858735197	1113.0919595961404	2.334956872417024	1238973.710517576	5.45202359604749	839.7306013276306	0.2176321295243042	705147.482806064	0.0473637438012835	875.8463653714294	795.8176999886831	1.251206	23.91881	0.0372044920984285	0.0219201493809124	0.0713820832	0.1072707844	-0.0352849223	-0.1087822805	0.1120519985	-0.0234296822	-0.0216988231	-0.019419575	0.1333853787	0.0838884817	-0.0302598636	0.0515155122	0.1035953489	-0.0194550958	0.1034941441	0.0249959665	-0.0960636405	0.0624751633	-0.0147166011	0.0150700265	-0.0190933944	0.1378037955	-0.1010936044	-0.1058834322	0.0704860711	0.0550423377	0.0382557801	0.0631630005	-0.0324345323	-0.0053648967	-0.088500128	-0.0206216557	-0.1621687037	-0.036280929	0.0392907269	0.0428273147	-0.0461567194	0.0755788313	0.0084167404	0.0117771107	-0.0083052489	0.0510586843	0.1303994866	0.0688714454	0.0697142975	-0.0846314078	0.0714210631	-0.0380610556	-0.0324742087	0.0008325532	0.0447937683	0.0937860012	-0.1187505691	0.024701578	-0.045058547	-0.1509936366	0.0332090131	-0.0081081051	0.046849397	0.0583705139	-0.0679027664	-0.0273551904	0.1063694213	-0.0576269694	0.0550035043	0.0535430655	-0.1314901265	0.0028513741	0.0126013227	0.0017871062	0.08510826	-0.0149225245	-0.1019393745	-0.0613089321	0.0223365561	-0.0603228884	0.0087757013	0.1207315373	-0.1285835459	-0.0971111841	0.0514610089	-0.0278152879	-0.0513622964	-0.0372553771	0.0328896296	-0.0316835496	0.0303173833	0.0268231315	0.0393617189	0.053044823	0.0523628884	-0.0443332957	-0.0705945807	-0.1076071315	-0.0406929467	0.0336251733	0.0073610485	0.0313988299	0.0354276501	-0.1109488906	0.0616009311	0.0050684204	-0.0703125971	0.0401801703748674	-3.927013778999566e-06	0.0016144460913533	1.5421437220452454e-11	0.064879389996534	0.0167564835308979	0.0042093352463223	0.0002807797403212	-0.3088242655816913	-0.0097419581809816	0.0953724270120709	9.490574919999568e-05	0.0018580515135516	0.0001920115338665	3.452355427011392e-06	3.6868429137804476e-08	-0.0015367298005011	-2.1865585274899978e-05	2.3615384797481504e-06	4.781038194139228e-10	0.0013669290758395	1.653483138999625e-07	2.734006490956053e-14	1.8684950983754296e-06	0.0
914.5131724080964	-0.1969961639860002	836334.3425079206	0.0388074886251991	1113.4630836280617	0.3711240319212265	1239800.038602512	0.1377330470694676	839.8020516311066	0.0714503034760127	705267.4859238158	0.0051051458668143	876.9657102793992	799.7109201317742	1.217589	23.276165	0.0652590558993488	0.0287502847369646	0.0901469501	-0.1227092758	-0.0683143869	0.1199273895	-0.0858732921	-0.0899679529	-0.0796667307	-0.0301414178	0.1041721599	0.0170928909	0.0922503931	-0.0615609835	0.0067481356	-0.0265430709	0.0631160728	-0.0039083978	-0.1663542733	-0.1323655091	-0.0101089188	0.0082017718	0.1623979387	-0.0341398669	-0.0515039227	0.0828922795	-0.1578005332	-0.0010614319	-0.1146386572	-0.0104478146	0.0033799613	-0.0675157893	-0.1070969144	0.0169317889	0.0716819949	0.0589634153	0.2089677249	-0.1454052408	-0.0338639505	-0.0273387282	0.0304621358	-0.0977912634	-0.0249507926	0.0807543394	-0.0410025434	0.0022492726	-0.1546204259	0.1118313134	0.0230925401	-0.0783049638	-0.0289852021	-0.0377377505	0.0298787296	0.1597376004	-0.0682922009	-0.0727944664	-0.0043932452	0.0723952422	-0.0994748622	0.091439855	0.0987105616	-0.1395555274	-0.0384816669	-0.030200219	0.0291768254	-0.006991581	-0.0627734239	0.0195016063	-0.0124322101	0.0009406173	-0.0093560411	0.0328503959	-0.1751711001	0.0064298305	-0.0606228622	0.0113256651	-0.0833048722	-0.0875009714	0.0869871331	0.1648389874	0.0946482829	-0.0057306106	0.017413623	-0.0136693443	0.0134464523	0.0337116301	-0.0012705538	-0.0057621116	0.1286315563	-0.0626174538	-0.0352382705	0.02118889	-0.0353251742	0.1194316385	-0.0280500008	0.0359733681	-0.0692139195	-0.0172706535	-0.0904745508	-0.010374952	0.0327265956	-0.1126387502	0.0674542747	-0.0050684204	-0.0586099215	0.047837501147697	0.0076573307728295	0.0022884265160559	5.863471456452309e-05	0.0466263076066013	-0.0182530823899327	0.0021740125610254	0.0003331750167336	-0.3189560993668578	-0.0101318337851665	0.1017329933233208	0.0001026540558502	0.0021922393117914	0.0003341877982397	4.80591320016363e-06	1.116814844923652e-07	-0.0017129260855393	-0.0001761962850382	2.934115774520989e-06	3.1045130861262644e-08	0.0014408811715899	7.395209575039997e-05	5.468912465876326e-09	2.076138550642283e-06	0.0
913.0875890356492	-1.4255833724471358	833728.9452509347	2.032287951797749	1106.6351343103356	-6.827949317726052	1224641.3204900546	46.62089188543566	838.6239282149303	-1.1781234161762768	703290.0929746405	1.3879747837428609	875.3456748300605	797.4378819569235	1.326204	25.352516	0.0457425713136623	0.0225201580588867	-0.1327792889	-0.0489973561	-0.1190599624	0.0258410056	-0.0576593515	0.1298120505	-0.1193050111	-0.1169642659	-0.0372586524	0.0938723268	-0.122503217	-0.2139874837	0.039233434	0.041806217	5.8867e-05	-0.0491034802	-0.0442291825	-0.0680886715	-0.0545250115	-0.0416815049	-0.1224560162	-0.0611291209	-0.116831754	-0.0142251759	0.0664711072	-0.0313066121	0.1075383433	-0.0776032943	0.0890362453	-0.1135777121	0.0707482151	-0.00383591	0.0245017905	-0.0611180152	-0.0500822658	-0.0594172849	0.0163436847	-0.0828781381	0.0173510839	0.1126634262	-0.0794742639	0.020286326	-0.0396083951	0.0421180159	0.0632710129	0.0145451105	-0.1535186223	-0.1155104716	-0.1166126668	-0.0053554379	-0.018925381	-0.0490040817	-0.0265019568	-0.0608384255	0.006286678	-0.0346265103	0.0355256514	0.0485044244	-0.010654594	0.0113744693	0.0198798161	0.0488751779	0.0237445733	-0.0382634953	-0.033054202	0.0232935809	-0.0452612616	-0.1888936907	0.0681226688	0.0304561538	-0.0146946738	-0.0449904444	0.0294948244	0.1015280067	0.1063169679	0.0094154877	0.2030130632	0.0436670507	-0.0137809409	-0.0596050169	-0.0005662397	-0.0468603546	0.0588803434	0.0081286045	-0.0306890473	-0.0123207383	0.1567998403	0.010702427	0.0046293063	0.0162724289	-0.1815175768	-0.1059372531	-0.1306924878	-0.026178039	-0.0350223339	0.0536689912	0.0820721348	0.0688973085	-0.0169884059	-0.1142514127	0.0731227308	-0.0151740128	-0.0462651033	0.0627087092609457	0.0148712081132486	0.0039323822171738	0.0002211528307475	0.0484019344453372	0.0017756268387358	0.0023427472580507	3.15285067043923e-06	-0.3169056079336201	0.0020504914332377	0.1004291643397773	4.204515117781243e-06	0.0019500202976665	-0.0002422190141248	3.802579161311345e-06	5.867005080363848e-08	-0.001488168414675	0.0002247576708643	2.2146452304363028e-06	5.0516010612345016e-08	0.0013669529580103	-7.392821357959998e-05	5.465380763070951e-09	1.8685603894131087e-06	0.0
913.8941312390835	0.8065422034343328	835202.4831132393	0.6505103259207087	1116.6410854737271	10.0059511633915	1246887.3137679435	100.11905868417573	840.0953726852996	1.471444470369306	705760.2352072524	2.165148829380408	876.7661359072122	796.0569484233856	1.260281	24.0923	0.0764047939084228	0.0376961800646649	0.047001287	0.1124605448	-0.0993578087	-0.0660334507	0.0936328808	-0.014473624	0.0183337706	-0.1093647595	0.1397699494	0.0582037104	0.0022265895	0.0077096825	0.1136221948	-0.0227600264	0.0058427689	-0.0213892838	-0.0271546795	-0.0313546129	-0.0038173055	0.0549876941	0.0030688787	0.0247316625	0.0271007978	0.0028487618	0.2150179505	-0.0730679276	-0.0096470035	0.1241903032	0.0751421328	0.0684396086	0.0764781375	0.0943442383	0.0085635533	-0.0643909911	0.1813652686	0.0717304615	0.0919020352	0.0672271306	-0.1019944205	-0.0866385521	0.0439889795	-0.164886366	0.1537815482	-0.0419874114	-0.0338829226	-0.0709271906	0.0551886645	-0.0277312447	-0.0823309799	0.0327738819	0.0754243361	0.1344635924	-0.0307913787	0.0090595618	-0.0476255019	-0.0223312728	0.1119472257	0.0357263628	-0.019565078	0.0707043571	0.0465290058	0.00686011	-0.103891454	-0.0251267008	0.1422105397	0.157425162	-0.023607765	0.0208979728	0.1003050525	0.0496788989	0.0068062136	0.1184053312	0.1728643011	-0.1217857803	0.1072973508	-0.0668153143	0.0461508068	0.1114645123	-0.1195172114	-0.1108356601	0.0534272439	-0.0631585592	0.0483621262	0.0243917363	-0.0464199227	0.0139996769	0.1492103143	-0.0060697824	0.1391974351	0.0373754964	-0.0033524698	-0.0274066079	-0.0829834381	-0.1269638005	-0.0731434151	0.1600753244	-0.0180218932	-0.0452820488	-0.0010850727	-0.1157857731	0.0785907625	-0.0251860523	-0.033413395	0.0688676829809793	0.0061589737200336	0.0047427577591686	3.793295728406453e-05	0.0523674465832613	0.0039655121379241	0.0027423494616507	1.5725286516023366e-05	-0.3456474775626503	-0.0287418696290301	0.1194721787454228	0.0008260950697721	0.0016178355485782	-0.0003321847490883	2.617391862243325e-06	1.1034670752685681e-07	-0.0017577797861461	-0.000269611371471	3.0897897765838287e-06	7.269029162652742e-08	0.0015159256058796	0.0001489726478692	2.2192849813190428e-08	2.298030442561432e-06	0.0
914.3214053763731	0.4272741372896007	835983.6323294261	0.1825631883965725	1110.0204335805531	-6.620651893173999	1232145.3629663591	43.83303149058846	840.0981783709949	0.0028056856953071	705764.949302264	7.87187222085115e-06	876.2411132412924	796.7673500333514	1.241671	23.736534	0.0333716209256088	0.0148925293601626	0.0835709656	-0.1286747321	-0.0810351516	0.0908439883	-0.0705616386	-0.0988314911	-0.0226486025	-0.053682186	0.0561053004	-0.0771383711	0.0854687181	-0.0993651879	-0.0204636002	-0.0493659683	0.0698675726	-0.0138262838	-0.0282114636	0.0766685079	0.0877192619	-0.0132885531	0.0698774159	0.031387191	0.0196902805	0.0447019725	0.1633784479	-0.069177219	-0.0725151402	0.0463091008	0.0078389793	0.0289066652	0.0097167823	0.0350041038	0.045137966	-0.1412550037	0.0026841242	-0.0349868281	0.0569186686	-0.1780919234	-0.0426741134	0.1381332336	-0.0379553642	0.0594190224	0.1452903508	-0.0633114803	0.0363533216	0.115502364	0.0370705353	-0.0366037202	-0.0475499811	0.0195495551	0.0785949327	0.0506253836	-0.0753845283	-0.0307562107	-0.064574884	-0.002273845	-0.003795637	-0.131993949	0.0537679865	-0.0582814573	0.050200259	0.0055933749	-0.135069542	0.0524631611	0.0627379284	0.0739871921	0.0697817932	-0.0712995868	-0.052191319	-0.047669934	-0.1547915727	0.0485768065	0.0176108677	0.1812884979	0.0056621955	-0.136147287	0.1188465166	0.1201129968	0.048994498	0.02160515	0.039874153	0.008743897	0.0556733211	-0.0070950067	0.005729015	0.0647875792	0.1410480113	-0.0780093819	-0.0097923484	-0.0047975594	-0.0355993406	0.1104191772	0.0395017456	0.007597697	-0.1387892261	0.0446400314	-0.0823596395	0.0429833238	0.0647960445	-0.1172407796	0.0838433825	-0.0350428114	-0.0201956026	0.064773524026819	-0.0040941589541602	0.0041956094148528	1.6762137541930905e-05	0.0449543258679909	-0.0074131207152704	0.0020208914142455	5.495435873917114e-05	-0.3367455870372922	0.0089018905253581	0.1133975903890905	7.924365492546056e-05	0.0016631572637575	4.532171517929997e-05	2.7660920839893343e-06	2.054057866793589e-09	-0.001692867849167	6.491193697909996e-05	2.8658015547433045e-06	4.2135595623786445e-09	0.0013669102434216	-0.0001490153624579	2.220557824848911e-08	1.8684436135708976e-06	0.0
914.0043618223312	-0.3170435540419021	835403.973430247	0.1005166151595205	1111.164275180419	1.1438415998659366	1234686.046437226	1.3083736055838653	839.3325610583341	-0.7656173126607655	704479.1480527422	0.5861698694458923	875.3910286961133	799.3294170970008	1.331076	25.445654	0.0550711886681549	0.0251753839673345	-0.1330686192	-0.0281292069	-0.1000834113	0.1024337632	-0.1019725236	0.1290976866	0.04823518	-0.1187837711	0.0285115069	0.0306799604	-0.1278991764	-0.164036037	-0.0019705856	0.0028812903	-0.0234876409	-0.0745929895	0.0254553392	0.0907277073	-0.1110193355	0.1145231465	-0.0183877212	0.0666865586	-0.0634811415	-0.0387960365	-0.0949613616	0.1382542382	0.0285964665	-0.055511668	0.0256180011	-0.095126311	-0.0155019298	0.0189191463	0.095726835	0.1498466945	-0.0311146232	0.0232327727	0.0874595645	-0.0359206351	0.0731791195	-0.0820436101	0.0862410279	0.0471082669	-0.0030202158	-0.0369239522	-0.0679967413	0.0251540381	-0.1673491832	0.0061226142	-0.1179144475	0.054703882	0.0280414612	-0.0882238602	-0.0655354022	0.0385208033	-0.0150107776	-0.0721900142	-0.0691470865	-0.0286176443	-0.0377656334	-0.0214503719	-0.1226619462	0.0851754388	0.0852336473	0.0641619631	-0.076739234	-0.0033397063	-0.0313518212	0.0195356363	-0.0764255695	0.1121288586	0.0740505587	0.1395738553	0.0375714187	0.1165851585	-0.0139485073	-0.0181516072	0.2319861137	0.0208738537	-0.0612390824	-0.0177275669	0.0428241019	-0.0297070057	0.0394636989	0.053209596	-0.0660998105	0.0578375141	0.0722373396	-0.0024461361	-0.0343532431	-0.0543746014	-0.1599985791	-0.015684326	-0.0528201057	-0.0883737235	0.0273907763	0.0019353973	-0.0115682439	0.0283750391	0.0461066868	-0.1186154352	0.0888661936	-0.0446835199	-0.0067565429	0.051653261329605	-0.013120262697214	0.0026680594059844	0.0001721412932439	0.0623649193920954	0.0174105935241045	0.0038893831707825	0.0003031287668615	-0.3339914800496757	0.0027541069876164	0.1115503087457729	7.58510529923785e-06	0.001495875310309	-0.0001672819534484	2.2376429439920475e-06	2.798325194954608e-08	-0.0018058663971058	-0.0001129985479388	3.261153444195883e-06	1.2768671836277288e-08	0.0015223542512187	0.0001554440077971	2.4162839560024893e-08	2.317562466203649e-06	0.0
914.3634366298598	0.3590748075286001	836060.4942455677	0.1289347174017012	1115.4720393000423	4.307764119623244	1244277.870460195	18.556831710313418	840.4667556955844	1.134194637250289	706384.3674294612	1.2863974751673144	876.6719465739599	793.4423882473083	1.229775	23.509111	0.0530500531147196	0.0279225449367108	0.0308555496	0.1041337686	-0.0881610846	-0.0514285518	0.0956726317	-0.0175279922	0.0940947158	-0.0601224915	0.1842283255	0.0572820518	-0.0644987581	0.0223532576	0.0948217106	-0.0409422399	0.0050349589	0.039611463	0.0186268371	0.0951755471	0.0823812948	0.061436867	-0.0257014702	-0.0515503021	0.0322716065	0.2251684383	0.0415512446	0.0194450554	-0.0208334643	0.0264495199	-0.1297781836	-0.0463207545	0.0419504276	0.023451677	0.2256799657	-0.0256976148	-0.0358729443	-0.1074927186	0.136397697	-0.0825597464	0.0248237773	-0.0093538967	0.0834343231	-0.0062344496	0.0339400342	-0.005819559	-0.1676635722	-0.0852193236	0.026666494	0.0342661307	-0.0994506691	0.0650322817	0.0702652434	0.0913972622	0.0012476471	0.1100436734	-0.0916235712	-0.0589006318	0.1102464589	0.0315103896	-0.0145773718	-0.1153347852	0.0810325341	-0.0562540506	-0.141934231	0.1603109803	-0.042072114	-0.0357400423	0.0132532485	-0.0583484023	0.0741258322	0.0265620799	-0.1144774833	0.0212830608	0.0383327239	0.0717519367	0.0386270112	-0.0886972756	0.0692066255	0.0825576557	-0.175011169	-0.075494638	0.0174783769	0.0144278873	0.0214078659	-0.0111666744	-0.0394093464	0.0860493091	0.0325427128	-0.0358479806	0.1288606871	0.0463811427	0.1281806694	0.0275289244	0.0194755276	-0.0686913682	-0.0360192644	0.0781113329	-0.0632771279	0.0538534151	0.0639406285	-0.1199087977	0.0936454286	-0.0540487397	0.0067565429	0.0546442011121257	0.0029909397825206	0.0029859887151824	8.945720782664967e-06	0.0545981455707931	-0.0077667738213023	0.0029809574997695	6.032277559126676e-05	-0.3580460541238324	-0.0240545740741566	0.1281969768736463	0.000578622533889	0.0015471293742736	5.125406396459982e-05	2.393609300740221e-06	2.6269790728872902e-09	-0.0016479434405591	0.0001579229565466	2.7157175832817643e-06	2.4939660204450875e-08	0.0013667759629952	-0.0001555782882234	2.4204603766554418e-08	1.8680765330214565e-06	0.0
915.2312721506012	0.8678355207413233	837648.2815224078	0.7531384910603638	1110.9301627612022	-4.541876538840143	1234165.8265326312	20.62864249406651	840.0201939063736	-0.4465617892108184	705633.9261705015	0.1994174315831674	875.8659405247864	798.5658169065204	1.152493	22.031754	0.0510065214712096	0.0251110724130669	0.1139798097	-0.0721287454	-0.0378066878	0.0177974782	-0.0770859774	-0.0987457774	0.015029245	0.0031679187	0.1764119399	-0.0335280126	0.1080645208	-0.0355836196	0.0604861418	-0.0756212943	0.0792804815	-0.0691794273	-0.0901821218	-0.077265681	0.0295233067	0.0423268242	-0.0142849686	0.0454041384	-0.0601616853	-0.0027710693	0.0265722999	-0.0215439615	0.1004208565	-0.0002584382	-0.1308481872	-0.0526469141	0.1001305991	0.0153675892	-0.0114466051	-0.0102272352	0.0735868002	0.0585996392	0.0761551352	0.0203223113	-0.1231751536	0.0799681613	-0.1098184164	0.0429604015	-0.2178501717	-0.1322452019	0.007087055	0.1081997511	0.0549116024	-0.0300731632	-0.0418882132	0.0883795618	0.0956151324	0.0657570345	-0.0917353095	0.0654086581	-0.090936232	0.0203169598	0.0478753438	0.0823017201	0.0313084004	0.1082748282	0.0141056105	0.0166383254	0.0461751344	0.1122085108	0.1548777418	-0.0994035995	-0.02918162	-0.1425882649	-0.1624076073	0.0886936266	-0.0590120305	-0.0244198761	-0.0858562227	-0.0704484194	-0.0981529641	-0.191717038	0.0790753066	0.0895662308	-0.0351108333	0.0757669561	-0.0386732847	0.022566027	0.0621944998	0.0675837259	-0.1286451497	0.1123380141	-0.0185646679	-0.1312140935	-0.0179532152	-0.0276202943	-0.0218883241	0.097364321	0.0151306223	-0.105824	-0.0040656715	-0.0114826127	-0.1439432794	-0.0771393652	0.109721812	-0.1211199807	0.098167988	-0.063080731	0.0201956026	0.0480022427899058	-0.0066419583222199	0.002304215312861	4.411561035410619e-05	0.0394335384957571	-0.015164607075036	0.0015550039582963	0.0002299653077402	-0.3739208287477211	-0.0158747746238887	0.1398167861713825	0.0002520084693592	0.0016279974274868	8.086805321320012e-05	2.6503756239036387e-06	6.539642030492966e-09	-0.0014628904456579	0.0001850529949012	2.140048455997169e-06	3.4244610921903574e-08	0.0013661933821083	-5.825808869000526e-07	3.394004897812519e-13	1.8664843573165156e-06	0.0
914.9578754453936	-0.2733967052075741	837147.9138395484	0.0747457584183571	1104.670929426392	-6.259233334810233	1220297.8623197686	39.17800193959963	839.6475795697562	-0.3726143366174028	705008.0578773501	0.1388414438528272	875.9711788945424	801.346073961258	1.122228	21.45319	0.0389896689732889	0.024436827029192	-0.0515656379	-0.1754472439	-0.0375350402	-0.0720897147	-0.1845659262	0.0376437498	-0.0204158921	-0.0477223848	0.0742396753	-0.0398701047	0.0321562723	-0.2088177315	-0.0013874532	-0.0383859491	-0.0021364886	-0.1224251564	0.048422515	0.0246334031	0.1144704123	0.199213743	0.1304464627	-0.0720105336	-0.0533315975	0.0601924833	0.0062383203	-0.0129343697	-0.0410527307	0.18315147	-0.0627060044	0.0661648077	0.0085872559	-0.032297816	0.0133823428	0.1709317744	-0.0198609462	-0.0021457515	0.0635767398	0.0496221585	-0.0637467162	0.1517755047	0.0399568754	-0.0717163339	-0.0702070695	0.2120932853	0.0346687794	0.1607340548	-0.126717731	-0.032444861	-0.0702555464	0.0705707225	0.0884448004	-0.0133590982	-0.0893432975	0.002770184	-0.0664853908	-0.0034841896	0.1516937989	-0.0827939833	-0.0032910177	-0.0861827628	0.0875479268	0.1393643823	0.0230708905	0.0942248745	-0.048050324	-0.0542110363	-0.0491687981	0.1004629204	-0.0445624709	0.025534904	0.0044618692	0.0417025039	0.1132394559	-0.169690964	-0.1463037227	-0.0993424535	0.2066038503	0.0269796052	0.0322155532	0.0359432546	-0.0786519119	0.0585122484	0.0561270469	0.0260768391	-0.0310065391	0.1304988367	-0.0593922411	0.0304550827	0.0871950653	-0.0278511153	0.063223928	-0.0295524585	0.1114866149	-0.0682248186	0.0613839509	0.0608564262	0.0166645298	0.0878153911	-0.0555921988	-0.1222481541	0.1024214758	-0.0717238087	0.033413395	0.0545119290099762	0.0065096862200704	0.0029715504043886	4.2376014683774455e-05	0.0621170040776632	0.0226834655819061	0.0038585221955844	0.0005145396108055	-0.3739423827081936	-2.155396047248681e-05	0.1398329055854811	4.645732120495239e-10	0.0015450806782686	-8.29167492182e-05	2.387274302358957e-06	6.8751873009138705e-09	-0.0015749470105972	-0.0001120565649392	2.4804580861890565e-06	1.2556673745995537e-08	0.0013667193321676	5.259500593000292e-07	2.7662346487770423e-13	1.8679217329206507e-06	0.0
915.1516188802548	0.1937434348611759	837502.4855391511	0.0375365185518067	1112.2374076695976	7.566478243205665	1237072.0510195866	57.25159300490469	841.237946445127	1.5903668753708189	707681.2825392144	2.529266798276742	877.0897159108164	805.5238483565195	1.202802	22.993492	0.0423084264696579	0.0257399178899001	-0.1156291277	0.023976595	-0.0189034914	0.1016330986	0.0105333579	0.1202095924	-0.0591258306	-0.0221531576	0.1402725043	0.0292251511	-0.132985688	-0.0419748886	-0.0230021646	0.0125745447	0.0313884372	-0.1388514299	-0.0835413362	0.0934733792	-0.0321942552	-0.0214801978	0.0647789601	0.0213066224	0.0564314978	-0.1088760877	0.0582472277	0.0536236085	-0.1063885758	0.0557740211	-0.0640023497	-0.0119154231	-0.0563938939	0.0190362245	-0.0309490963	0.0718864213	0.0695807629	0.1314077049	-0.0753463611	-0.0344339314	-0.0184693081	0.1130733157	0.0563460959	-0.0756827223	0.166076797	-0.0641710191	-0.055944052	-0.0643279155	-0.1241156514	-0.0752137002	-0.0220492139	0.091216063	-0.0235425943	0.0666595462	-0.1206640816	-0.0028570543	-0.0305151748	-0.0363864718	0.0527841918	-0.0191211292	-0.021701844	0.0337681569	0.01348394	-0.0879739117	0.0614382912	-0.0515526648	0.1507954053	-0.0463309952	0.0769449946	0.2031733791	-0.0194003594	-0.0411775208	0.063877349	0.2297921176	0.1062895288	0.0492708429	-0.0075661954	-0.0371190595	0.2221340617	0.0006727421	-0.151121313	0.0145171448	0.0540691184	0.0034910234	0.0780337912	0.183709817	-0.1639458014	0.0500160315	-0.1279416025	0.1169948583	0.0018109017	-0.1850700565	-0.0630263448	0.026004977	0.2378948672	0.0502267259	0.0803862979	-0.0312984201	-0.1063064252	-0.0619693001	0.0054777161	-0.1232925447	0.1063942335	-0.0799246852	0.0462651033	0.0472232427719205	-0.0072886862380557	0.0022300346578957	5.3124947076822594e-05	0.0643161749458158	0.0021991708681526	0.0041365703596607	4.836352507331085e-06	-0.3505490062804739	0.0233933764277196	0.1228846058042277	0.0005472500606889	0.0013730683165875	-0.0001720123616811	1.885316602016431e-06	2.9588252571109573e-08	-0.0015590631708259	1.588383977129998e-05	2.4306779706257094e-06	2.5229636588033104e-10	0.0013660716749054	-6.476572622000649e-07	4.1945992928048364e-13	1.8661518209788448e-06	0.0
913.8758885573088	-1.275730322945947	835169.1396864108	1.6274878568837694	1107.981197283535	-4.256210386062548	1227622.333533856	18.115326850426708	839.6033961428872	-1.6345503022398589	704933.86281467	2.671754690552414	875.7673511411476	787.9262211572557	1.348115	25.771376	0.0968419834089855	0.0442107997816969	0.0599783749	0.0783357779	-0.0480183348	-0.1052156115	0.1102108006	-0.061174091	-0.034678038	-0.1005593388	0.0651615437	0.03182189	-0.0442938278	-0.0398107332	0.1783673955	-0.1765709254	-0.0911461369	-0.1353154233	0.0465094108	-0.1114859653	-0.2127439284	0.1367507752	0.1425829055	-0.0730474952	0.040152658	-0.0046440401	-0.0569107156	-0.0961082218	0.2264690424	-0.101990611	-0.0053952657	-0.0051802892	0.1435280875	-0.0860006062	0.0280660733	-0.1564792624	0.0682305009	-0.0480716306	-0.0752440972	0.1348767313	0.0680152875	-0.0149080066	-0.0578104227	-0.0353687698	0.0239771071	0.0209154118	0.0181778929	-0.0675878229	0.0718790665	-0.0805262352	-0.1487253809	0.1253219633	0.1419058116	-0.1534765932	-0.1331824025	-0.0724820745	-0.0666992086	0.0816888553	-0.1039867256	0.1852190504	-0.1335662999	0.069303176	0.1193078057	0.0150143871	0.1507369913	-0.0999716608	-0.0801710787	0.0318413129	0.0157936066	0.0107744092	-0.0319176398	0.0546704898	-0.0917610096	-0.1576164374	0.0388877981	-0.1477200475	0.2133893713	-0.1323568213	0.0257277632	0.0347160611	-0.18218541	-0.0743864241	-0.0997309648	0.4612005449	0.0747091378	-0.2549745658	0.1263213971	-0.0593369296	-0.0521563639	0.0679847671	-0.1049883379	0.1290106164	0.0506596246	0.1403849525	0.0769851458	0.1202786362	0.3316711241	0.1229061388	0.3168861043	0.0056185744	0.0579739611	-0.1242524367	0.1100753719	-0.0876327994	0.0586099215	0.0321238116313367	-0.0150994311405837	0.0010319392737256	0.0002279928207692	0.0463079428172648	-0.018008232128551	0.002144425567967	0.0003242964243957	-0.3583239216152947	-0.0077749153348207	0.1283960328017638	6.0449308463631255e-05	0.0019531742475582	0.0005801059309706	3.81488964132454e-06	3.365228911473824e-07	-0.0014741115653795	8.495160544640004e-05	2.1730049071856e-06	7.2167752679208255e-09	0.0009119411152219	-0.0004541305596834	2.062345652384489e-07	8.316365976321628e-07	0.0
918.905592341188	5.029703783879199	844387.4876359096	25.297920153568736	1123.438083604496	15.456886320960848	1262113.1276929425	238.91533473910656	842.0657445207427	2.462348377855505	709074.7180952727	6.06315953392764	877.912699697841	804.6936977113996	1.31126	25.066835	0.1495635475453914	0.068186843660682	0.0230392204	-0.0204029938	0.0966911134	0.00723107	-0.0349303441	-0.0667578711	0.2319532839	-0.0219318868	-0.053522227	0.1336825674	0.0102533614	0.0634236546	-0.0245605321	0.1519912705	-0.1187711961	0.0808270092	0.0571240899	-0.0989708758	0.052631597	0.0230877514	0.0620218936	0.0276180623	0.0611198089	-0.0874289227	-0.2005463803	0.1050473834	0.0553482712	-0.1538059654	0.1008625841	0.0288136805	-0.0998474368	-0.0471257426	-0.2013707771	-0.1374780681	0.1003175105	-0.008666554	0.0441657562	-0.0747083113	-0.1037848791	0.0036828901	0.114309771	0.0436124233	0.0337302589	0.1542365869	0.1179166602	0.0277413829	0.0081406222	0.1925839729	-0.0461778652	-0.0582125793	-0.0448184999	-0.0183853582	0.0447554816	0.1528864867	0.1291395132	0.1880237922	0.0210238734	0.1574005454	0.06564541	0.0196232686	-0.0516544723	0.0115566474	0.2155289252	-0.1405358122	-0.0595523923	0.022591074	0.0408035905	0.0461314106	0.2022848086	-0.0643822095	0.0220907333	0.0753987735	-0.1200940628	-0.039216016	0.0863174311	0.0132984083	-0.082051536	-0.0943100988	0.0402394271	-0.0780015634	-0.1178472657	0.3997733382	0.0136616836	-0.2203006806	0.3560061629	0.2531136229	-0.0006807496	0.1377571378	-0.1005288071	0.0139420455	0.0266307652	-0.2318565361	-0.105054121	0.0699677076	-0.2811247856	-0.0418570415	-0.0536928732	-0.130353946	0.0715971382	-0.1251271724	0.1134548014	-0.0948006283	0.0703125971	0.0594013508408721	0.0272775392095354	0.0035285204817203	0.0007440641453277	0.0678228515750163	0.0215149087577515	0.0045999391957666	0.0004628912988543	-0.3979028927969992	-0.0395789711817045	0.1583267120962202	0.0015664949598021	0.0014547073208608	-0.0004984669266974	2.1161733893660064e-06	2.484692770111511e-07	-0.0015008336079018	-2.6722042522300208e-05	2.252501518607534e-06	7.140675565636204e-10	0.0016105947139302	0.0006986535987083	4.881168509880583e-07	2.594015332539903e-06	0.0
920.3792413407529	1.47364899956483	847097.9478909798	2.171641373918424	1118.340123710485	-5.097959894010955	1250684.6323007827	25.989195080944192	843.8726183541213	1.8068738333786316	712120.9960078405	3.2647930497483904	879.2955085017677	812.3378116970971	1.30575	24.961512	0.0635435959159143	0.0325345087021969	-0.1307298141	-0.0112032035	0.1644130934	-0.0814031235	0.0071257757	0.1565838352	0.0365220726	0.2761913105	0.0008419372	0.0043490906	-0.0632011875	0.1438079011	-0.2018688446	0.1251190594	0.1110736085	-0.0574085992	0.114376208	0.0154574046	0.0790195489	-0.198646427	0.0173811409	-0.1547045994	0.044364499	0.0751255442	0.0464680623	0.0691843454	-0.213868016	0.0354433166	-0.0834687593	-0.0206162921	0.0595329411	0.008483204	-0.1766502992	-0.2489627085	-0.0166547285	0.0537218421	-0.0956178228	0.0844882125	0.016790648	-0.1256520477	-0.0042716343	-0.0109065291	-0.081137163	0.1374478949	0.1370242114	-0.0630346009	-0.0860548516	0.0497953612	0.263581244	-0.1141098812	-0.1353727456	-0.0326591755	-0.0189541848	-0.0118196037	-0.1111386989	0.0678358634	0.2332367564	0.0913082379	0.0804143979	-0.0163470639	0.0087173425	-0.0339795024	0.054792413	-0.0382658186	0.0442687142	0.0676606894	0.3440681254	0.100469264	0.0434290706	0.0786548231	0.1106604556	-0.1632200448	-0.0973589492	0.030931422	0.0398568539	0.1850661909	0.0396138937	-0.0429626582	0.0316781029	-0.0108788214	0.0076652432	0.1014992205	0.0984173513	0.2798279854	0.0914547654	0.0877166747	-0.3047061619	-0.104171876	0.0469322759	0.0022779971	0.0154053281	-0.0650901254	-0.1788550014	-0.0168750385	0.0371281489	-0.1384942658	-0.1840003678	-0.0455261981	-0.207089169	-0.1259161521	0.1165232592	-0.1013839798	0.0812449131	0.0535679003107958	-0.0058334505300762	0.0028695199437073	3.402914508684746e-05	0.0529524305561892	-0.0148704210188271	0.002803959901808	0.0002211294212771	-0.4070123634302902	-0.0091094706332909	0.1656590639851106	8.298245521879083e-05	0.0009650709310579	-0.0004896363898028	9.31361901972962e-07	2.3974379421921737e-07	-0.001414274474518	8.655913338380004e-05	2.0001722892731653e-06	7.492483572154487e-09	0.0015121851624425	-9.840955148769996e-05	9.684439824010268e-09	2.2867039655112504e-06	0.0
915.7474743807747	-4.631766959978108	838593.4368347677	21.45326517154485	1103.716069048436	-14.62405466204882	1218189.1610757322	213.86297475859183	841.419475159464	-2.4531431946572866	707986.7331776279	6.017911533493358	877.0791281342701	804.0228955904643	1.249185	23.88018	0.0619636190201606	0.0265276085777489	-0.0585913121	0.1012951663	-0.0387360838	-0.0457819865	0.1411265548	0.061267367	-0.0908238299	0.0518240843	-0.1842787318	-0.1278834998	-0.0790883249	0.0266466147	0.0514329301	0.0029506646	0.1083568927	-0.0558992808	0.0928871263	-0.0967320826	0.0796166066	-0.0263330668	0.0876007888	-0.0408051728	-0.122521554	-0.1038237718	-0.0896273875	-0.0090889333	-0.0405633695	-0.0113222678	-0.0098210177	-0.2912265314	0.0763209477	-0.0054483015	-0.1630395551	0.0593711875	-0.0654469098	-0.129204554	0.0325927689	-0.0770339006	0.0249466959	-0.0583512498	0.0150137662	-0.0712191076	0.1831201208	-0.1353463396	0.104444908	-0.1542705473	0.0185986341	-0.0504778042	0.0590155632	-0.1626467532	-0.0094093435	-0.0587354746	-0.0601013817	-0.1705838655	0.0160902421	0.0222985571	0.0059036638	-0.0683478858	0.070682396	-0.0866500471	0.0693708901	0.1142966685	0.1564294438	-0.044150114	-0.0570601114	-0.0382413717	-0.1175818253	0.0001474289	0.1351995468	0.1718203415	-0.0069689789	-0.0184850421	-0.0250755648	0.256827069	-0.1218429554	0.1504217193	-0.0222091313	0.0534870006	-0.0521800761	-0.0111514344	-0.0064817058	0.0678851701	0.0871552865	0.2031902141	0.0436173424	0.0084705751	-0.0209452788	-0.0646629463	0.0251817976	0.1822752338	0.1536738256	0.1220202746	-0.1082070225	0.0517761438	0.0858057693	-0.1090364396	-0.1030727883	0.0637762381	-0.1046657702	-0.1266188352	0.1192723348	-0.1073422654	0.0912870929	0.0649540181628083	0.0113861178520124	0.0042190244754944	0.0001296436797399	0.0370854290291191	-0.0158670015270701	0.0013753290462738	0.00025176173746	-0.3974185443983771	0.009593819031913	0.1579414994317248	9.204136361709776e-05	0.0012309058110202	0.0002658348799623	1.5151291156032964e-06	7.066818340457046e-08	-0.0013086529035311	0.0001056215709869	1.7125724219203783e-06	1.1155916257740776e-08	0.0013813080012084	-0.0001308771612341	1.712883133269661e-08	1.908011794202345e-06	0.0
916.5850605961464	0.8375862153716298	840128.1733080413	0.7015506681805702	1116.123711840066	12.407642791629996	1245732.140131647	153.9495996446878	840.8398653054539	-0.5796098540100729	707011.6790868939	0.335947582865578	877.5825738735168	797.6259418828147	1.191291	22.773445	0.0682296458563562	0.0359877329665195	0.0729687658	0.0783060279	0.0243725312	-0.0273926753	0.0810009375	-0.0893976005	0.0290559078	-0.0773634873	-0.1619889211	0.0256870862	0.0618060199	0.0195926791	0.0797271456	0.0834860925	0.0088268554	0.1014309784	0.0054797926	-0.0086485458	0.0981944038	-0.1936052565	0.0643309517	0.0519219013	-0.02009955	-0.0353075342	0.0560708524	0.1422846943	0.0922197102	-0.1799020562	0.0052524077	0.0868195125	0.0861579509	-0.1773542891	0.1634065397	-0.007280147	0.0051984585	-0.0448491911	-0.1532854828	-0.159855455	0.1221570794	-0.1209851712	-0.1249857892	-0.1636119306	-0.0468814603	0.0214623964	0.0079626972	-0.02508666	0.1152963908	0.0373181524	-0.1034299591	-0.0760384066	-0.0992901763	-0.0323036921	0.1195599423	-0.0309438703	0.0766601674	-0.0070017387	-0.0345641485	-0.0292211974	0.1782611642	0.1145511399	-0.0163058352	-0.0883053947	0.0782074073	-0.0563564248	-0.0732390521	-0.0264724937	-0.0224490461	-0.0981805668	0.0680712804	-0.1446126229	-0.0774959526	-0.0922242264	0.1680857775	0.1482523053	0.0964357482	0.0609118654	-0.1877591206	0.0597059163	0.0404056488	-0.0919695462	-0.0880526925	-0.0086426502	0.0027713984	0.1817808756	0.0054098478	-0.2071249081	-0.2706898751	-0.2243668476	0.1904207264	-0.2847593889	-0.0921404396	-0.1616169703	-0.0736695655	0.2401290344	-0.1766880428	0.0915676114	0.114661156	0.245726394	-0.0112829785	-0.1272347401	0.1216944932	-0.1126387502	0.1003291122	0.0816470243198068	0.0166930061569985	0.0066662365802791	0.0002786564545575	0.011620073044213	-0.0254653559849061	0.0001350260975528	0.0006484843554379	-0.4165816486319187	-0.0191631042335416	0.1735402699768873	0.0003672245638655	0.0013089347035719	7.802889255170004e-05	1.7133100582148578e-06	6.088508072844749e-09	-0.0013010638496862	7.589053844900013e-06	1.6927671409602748e-06	5.7593738260791666e-11	0.00143385364443	5.254564322159988e-05	2.761044621571665e-09	2.055936273645193e-06	0.0
918.8954841622236	2.3104235660772474	844368.9108137274	5.3380570546851045	1116.7965320012745	0.6728201612083922	1247234.4938900738	0.4526869693284868	840.1215705968157	-0.7182947086382683	705804.2533820603	0.5159472884577347	876.4713658708988	793.4789908817836	1.091751	20.870565	0.1148347539059918	0.0643405809519348	0.0511046924	0.0071240605	0.1566928684	-0.038823186	-0.0330899719	-0.0767371698	0.1946832822	-0.0197085233	-0.0800502671	0.0582485693	0.0712210107	-0.0665470383	0.0306200858	-0.2247036398	-0.201255671	0.3323611412	0.129376756	-0.0205075783	0.0199969118	0.077102598	-0.0769364521	-0.0408015628	0.0275812989	0.0191620327	-0.0701320869	-0.0221796652	-0.0534893381	-0.2469684851	-0.1766409216	0.0522169049	-0.1732898497	0.146916857	-0.0687864875	-0.1234300637	-0.0597935992	-0.0938580508	-0.0645390405	0.0122546336	-0.0057728946	0.0191279653	-0.1307955079	0.0390460799	0.0340773038	-0.0059680242	-0.0037946908	0.0489095569	0.0475920719	0.162960087	-0.1040541546	-0.018914487	0.2592819565	-0.0833168482	0.3482826422	0.1050743367	0.0589116434	-0.0809336788	-0.1046197862	0.1949008185	0.1211295139	-0.0105317298	-0.0600548635	0.1270979348	-0.1437742229	0.0361558143	-0.0492484471	-0.1284916254	0.0075714576	0.0302134959	0.0504797497	-0.0736973494	-0.0004540486	0.0124800537	-0.1226166492	-0.0479648019	0.061977761	0.0434145383	-0.2155412144	-0.0671368048	0.1566889878	-0.2047197783	-0.0724399571	0.0655741952	-0.3468783289	0.0651432511	-0.2079328662	-0.1313681508	0.1078595681	-0.149943554	0.1725802748	-0.171849302	0.0476916963	0.0187457152	-0.064234282	0.1280633497	0.0032633019	-0.0559976369	0.1652812326	-0.130280724	0.2450391191	-0.1277634447	0.1237830955	-0.1172407796	0.1082719048	0.0763506713833095	-0.0052963529364973	0.0058294250206821	2.8051354427943577e-05	0.0303864835489946	0.0187664105047816	0.0009233383824733	0.0003521781632339	-0.4350746268721366	-0.0184929782402178	0.1892899309479289	0.0003419902441931	0.0024152211829814	0.0011062864794094	5.833293362722073e-06	1.2238697745242658e-06	-0.0012466158881334	5.444796155280006e-05	1.5540511725466255e-06	2.964580517255193e-09	0.0011490078409024	-0.0002848458035275	8.113713178728403e-08	1.3202190184551951e-06	0.0
920.9485623922492	2.0530782300255623	848146.2545723505	4.215130218604896	1108.8494764055524	-7.947055595722077	1229547.1613248675	63.15569264149757	844.5543616572513	4.432791060435648	713272.0697942872	19.64963658547819	880.5828905620668	810.4477060772124	1.30813	25.007008	0.1757678941942042	0.1107951452116834	0.0042525205	0.1049649183	0.1844642471	0.0435233442	0.0438103371	0.0113128144	0.0686809418	0.102343761	-0.0704695339	-0.0731612487	0.003319501	0.2189751893	-0.1666227569	-0.2193207639	0.0301039086	0.1308855487	0.0880930082	0.2065220578	-0.0624582101	-0.0104482018	-0.1482041514	0.0072117469	0.0926449596	-0.0208491394	0.0695150595	0.0062061192	0.1326655057	0.0443518025	0.0640237093	-0.0027353129	0.0110825209	0.0566633129	-0.0158671922	0.0657940303	-0.0721441263	0.1521514307	0.0145490433	0.0187735587	0.0374365138	0.040154018	-0.0471035781	0.0813248084	-0.0121418863	0.0605627947	-0.0953880287	-0.0436414279	0.0506589849	0.0781174355	0.3290206831	-0.0134026481	0.1158121345	-0.1116135413	0.1528530605	0.1890090571	0.0334786831	-0.1273408905	-0.1525856168	-0.1576148936	-0.1395114506	0.0674754805	0.1376157054	-0.1044674051	-0.1286185059	0.1816465193	-0.0240024753	0.007068231	-0.0489857234	0.0473541971	-0.1255973843	-0.0151379375	0.140342729	-0.0023894505	0.0240140063	-0.0263552658	-0.0143100374	0.0624673491	-0.2248231895	-0.2291891687	0.0484704369	0.0262043633	0.1837683993	-0.1043351569	-0.2253752574	-0.0236705475	-0.029708361	0.1184488349	0.2621446941	0.0139861033	0.1298469223	0.0228999331	-0.0464603839	0.1708456078	0.0397964203	-0.0281169828	0.4173118584	0.1666714632	-0.1762168911	0.0008550849	-0.0751608866	-0.1282045865	0.1255324169	-0.1211199807	0.1150284477	0.0754909979718689	-0.0008596734114406	0.0056988907747887	7.390383743379347e-07	0.0654944892915949	0.0351080057426003	0.0042895281275668	0.0012325720672224	-0.4391901833119149	-0.0041155564397782	0.1928880171175534	1.693780480900055e-05	0.0004427914558988	-0.0019724297270826	1.9606427341697893e-07	3.890479028279139e-06	-0.0005082466254362	0.0007383692626971	2.5831463226728496e-07	5.451891680960066e-07	0.0011461136586745	-2.894182227900117e-06	8.376290768292888e-12	1.3135765186002482e-06	0.0
919.56858539824	-1.379976994009212	845606.3832513202	1.9043365039947004	1113.6968961148648	4.847419709312362	1240320.776415884	23.497477838229944	843.4759667505192	-1.0783949067321146	711451.706485723	1.1629355748657662	879.6035859502864	814.4358814829872	1.243121	23.764259	0.1013230699404469	0.052462517462666	-0.0498503483	0.0242461592	0.0867606578	0.0038940923	0.0386127583	0.00309825	-0.0570732432	0.1507727379	-0.2238553234	0.0719282029	-0.0312325244	0.1297574235	-0.1160380984	-0.0182970977	-0.0341320039	0.0624310068	-0.0389069072	0.0060374858	0.0519312446	-0.1065842104	-0.0580403225	0.1315140954	0.1741431075	0.0758154262	0.0417522449	-0.1248754137	0.0429484881	0.229678782	0.1885842034	0.0059809575	-0.0931739151	-0.1903262995	-0.0647151589	0.253277705	-0.1629560906	-0.1488325326	-0.1077011864	0.1018498387	0.0783907224	-0.0531891376	-0.1029867486	0.111068643	-0.043574049	-0.1769048995	0.1221278027	-0.0219812745	0.0138311727	0.0047624457	0.1751058565	0.0152905582	-0.0365650747	-0.0840884621	0.0302502843	-0.0121325976	0.0891159336	0.0349437637	-0.0253052283	-0.2520446756	-0.0747108142	0.0158542941	-0.2578324676	-0.2002937942	-0.1070298495	-0.0867573827	-0.1260403646	0.0244439437	-0.091641541	-0.16679988	0.093449549	-0.1180792219	-0.1484556041	-0.1790617242	0.0179527322	-0.1519815992	-0.2773299653	0.1460409729	-0.1518381705	-0.1751362436	0.0783030483	0.0574578117	-0.0593000006	-0.2116867446	-0.0281145712	-0.2647626182	0.2084540639	0.1173608054	0.0906188171	-0.0681488158	-0.1697966156	-0.0375675019	-0.0018276741	-0.3097992231	0.1572670852	-0.139184905	-0.0453059657	0.1269672713	-0.1880271063	0.2449749074	-0.0841834701	-0.1285578634	0.1269376627	-0.1242524367	0.1205247148	0.0764734375149771	0.0009824395431081	0.0058481866453571	9.651874558626467e-07	0.0499055369902663	-0.0155889523013286	0.0024905626222868	0.000243015433853	-0.401391640957371	0.0377985423545438	0.161115249430451	0.0014287298041282	-7.295127852973511e-05	-0.0005157427344285	5.321889039122991e-09	2.6599056811582255e-07	-8.504095743711027e-05	0.000423205667999	7.2319644418204e-09	1.7910303742655577e-07	0.0011459993462728	-1.1431240170005527e-07	1.3067325182434796e-14	1.3133145016576848e-06	0.0
918.2770409348898	-1.291544463350192	843232.7239081373	1.6680871008105356	1114.3656516056724	0.6687554908075981	1241810.805478535	0.4472339064853114	842.7249577389488	-0.7510090115704315	710185.354396113	0.5640145354599966	879.3766315666236	809.0274465197608	1.215407	23.234457	0.1469921449467511	0.0719803121741685	-0.0413994448	0.020101157	-0.0387276523	-0.0647082182	0.0349340379	0.0900064202	-0.1567923115	0.1365202776	0.0539886899	-0.1110192532	-0.0643562325	0.0787311946	-0.068808199	0.0127263568	0.1278954283	-0.0480708906	0.0506805808	-0.1440679201	-0.1708767778	-0.1196675021	-0.188623351	0.0656529649	-0.015785131	-0.1084970821	-0.0740962217	-0.0900652131	0.0285242051	0.1325631917	0.1118963837	-0.0187193485	-0.0003223557	-0.1266735489	0.0606198859	0.0088310768	0.0068080659	-0.0999350176	0.0348934466	0.1165820676	-0.0303112383	-0.0547562338	0.1735587728	0.029042731	0.0332545342	-0.0214905529	-0.1953086669	-0.0628727242	-0.0241211936	-0.1573369082	0.187224187	-0.1109821674	-0.0384026531	0.0151864965	-0.0486324672	0.0160381217	0.0268589428	0.1068784939	-0.0690817534	0.0106068202	-0.2667204364	0.0805859961	0.0323197865	0.0590280877	0.0629312613	-0.0837999373	0.137296947	0.056449964	-0.0812826809	0.0249310373	0.1476999079	-0.0109770125	0.0060454856	0.0210092336	-0.0900013789	0.0050026058	-0.0771149653	0.125263988	-0.1355128482	-0.143965093	-0.002780994	0.1517169878	-0.015948647	-0.175560266	0.096332677	0.0262206798	-0.0258083868	0.0106797507	0.0770478324	-0.1077120158	0.0088256479	0.4270656095	-0.2349359311	0.1491602266	0.2672178933	0.0736179475	-0.0910686836	-0.2466264984	0.098236837	-0.1176249178	0.0136921329	-0.1288230331	0.1279949812	-0.1266188352	0.124700488	0.0669093901074546	-0.0095640474075224	0.0044768664845515	9.147100281333774e-05	0.0359326770208952	-0.0139728599693711	0.0012911572778879	0.0001952408157236	-0.4405325422502173	-0.0391409012928463	0.1940689207814395	0.0015320101540163	0.0008369940515572	0.0009099453300869	7.005590423421368e-07	8.280005037470213e-07	-0.0008605210551333	-0.0007754800976961	7.40496486327728e-07	6.013693819228919e-07	0.0011468606440299	8.612977571000133e-07	7.418338263855137e-13	1.3152893368246768e-06	0.0
915.5353750772922	-2.7416658575975816	838205.0230179181	7.516731674716283	1113.0215230227436	-1.3441285829287608	1238816.9107118675	1.8066816474460785	841.6546442732026	-1.0703134657461533	708382.5402266512	1.145570914957542	878.6995995204694	792.2380062318983	1.388105	26.535849	0.1620385806307742	0.0792545356977831	0.0792698856	0.0160988957	-0.1497463851	0.0012081762	0.0624959615	-0.0892656323	-0.1621650219	-0.0717208112	-0.0853224873	-0.1269869564	0.1091062473	0.0771721609	0.1474651595	0.2009628059	-0.0611316045	-0.1071136227	-0.0571589676	0.0214923475	0.0378001839	-0.0151031298	-0.1246571225	-0.0374712775	0.0807454319	0.1010406267	0.0296898508	0.0836920574	-0.0234320165	-0.0008099274	0.1317397154	0.0995812978	-0.0433820575	0.074768595	0.1278374031	-0.0109213195	-0.0090773534	0.116404089	0.0094473889	0.1370044199	0.0706629828	0.0054676239	0.0618521956	-0.073477787	-0.0538188249	0.1157344806	0.0149445602	-0.0117804349	0.1119415517	-0.0961315989	-0.0775823397	0.0219809536	-0.3170369782	0.0212055302	0.0305175106	-0.0686600752	0.0733849327	0.0487027733	0.0137842928	-0.0406971014	-0.0067522679	0.0304563697	0.0708143336	0.0349526737	-0.1543701703	0.1403243019	-0.0844534779	0.0757612582	0.1303843859	0.0816956586	-0.0561783225	-0.0553682254	0.0999078312	-0.002363611	0.0279986217	-0.0729923169	0.0917542329	-0.0185761789	-0.1273377833	-0.0298953123	0.0060665011	0.2189930536	0.02513095	-0.1878089336	0.1065028838	-0.2121911358	-0.0983877399	-0.2602548833	-0.1330085923	0.365431548	-0.0758610299	0.0013910218	-0.0029706195	0.0009186632	-0.064192133	0.0598883465	-0.0539408789	0.0687486416	0.1350768473	0.0314569693	-0.0644462457	-0.1289999139	0.1287014744	-0.1282045865	0.1275100165	0.0652050016399954	-0.0017043884674591	0.0042516922388718	2.904940048007912e-06	0.0735677197807973	0.0376350427599021	0.0054122093937459	0.0014163964435396	-0.4010587852760068	0.0394737569742105	0.1608481492470661	0.001558177489659	0.0008660085247232	2.901447316600004e-05	7.499707648932534e-07	8.418396531005361e-10	-5.686372531155115e-05	0.0008036573298217	3.233483256307543e-09	6.458651037762232e-07	0.0003150245984336	-0.0008318360455962	6.919512067532896e-07	9.924049761825093e-08	0.0
918.1278583130965	2.592483235804252	842958.7642105933	6.720969327926086	1117.5212108361677	4.499687813424089	1248853.6566687345	20.247190418277256	841.8408600626112	0.1862157894086067	708696.033670957	0.0346763202250705	878.4748102865516	798.2529726073856	1.241071	23.725067	0.0657400866833243	0.0325135805075072	0.0750162286	-0.1187535779	-0.0973377314	0.1508660998	-0.1234704351	-0.0740985279	0.0682439987	-0.0409666315	-0.0879077373	-0.0668174415	0.1488137474	-0.0309651904	-0.0505929285	0.270538968	-0.0232866307	-0.0100589964	0.0445026773	-0.083861522	0.0839573186	0.129483329	-0.0728464005	0.0744718258	-0.1343193155	0.052441186	-0.0144606518	-0.0251570369	-0.142362464	-0.0995557835	-0.0651041038	0.1772718198	-0.1489795312	0.0496827981	0.1036006421	0.0646669227	-0.0512300544	0.1780451153	-0.0587576822	-0.1449840828	-0.105924175	0.0774171317	-0.0722817065	-0.031159339	-0.0025632726	-0.1547037602	-0.0317888368	0.1231565753	0.0252755899	0.1004585557	-0.0792442271	-0.0814387703	-0.2407596793	0.0816969151	0.041903564	-0.0711994591	-0.0627028518	0.0153601729	0.1082771759	-0.0195367754	0.0300041993	-0.0239003201	-0.1742487243	0.1316041122	-0.1655354903	-0.0141561452	0.0448649689	-0.1379667943	-0.06195243	0.0043287981	-0.2395150564	-0.1523832658	0.019269132	0.1952510576	-0.0124121372	0.0399776374	0.0212125279	0.0460618774	-0.0550009693	0.1195615157	0.1091012413	0.2220513856	-0.0675371139	-0.1781123491	0.0605770331	-0.0549042337	-0.1282849492	-0.1223215997	-0.1052080326	0.2102774789	-0.2198358542	-0.1378313426	0.1391186657	0.1479285286	-0.1096291629	-0.2075781982	-0.0908254215	-0.0105465459	0.1156753713	-0.2815224684	0.1212979173	-0.1290883846	0.1290552057	-0.1289999139	0.1289225186	0.0493336605975116	-0.0158713410424838	0.0024338100679504	0.0002518994664868	0.064189641025365	-0.0093780787554323	0.0041203100149652	8.794836114309086e-05	-0.4013053224120142	-0.0002465371360074	0.1610459617962107	6.078055943074047e-08	0.0012990028177225	0.0004329942929993	1.687408320450995e-06	1.8748405776996362e-07	-7.922551503725117e-12	5.6863717388999646e-05	6.276682232917711e-23	3.2334823552960204e-09	1.3833884125041827e-11	-0.0003150245845997	9.924048890222355e-08	1.9137634998508428e-22	0.0
