global_signal	global_signal_derivative1	global_signal_derivative1_power2	global_signal_power2	csf	csf_derivative1	csf_derivative1_power2	csf_power2	white_matter	white_matter_derivative1	white_matter_derivative1_power2	white_matter_power2	csf_wm	tcompcor	std_dvars	dvars	framewise_displacement	rmsd	t_comp_cor_00	t_comp_cor_01	t_comp_cor_02	t_comp_cor_03	t_comp_cor_04	c_comp_cor_00	c_comp_cor_01	c_comp_cor_02	c_comp_cor_03	c_comp_cor_04	c_comp_cor_05	c_comp_cor_06	c_comp_cor_07	c_comp_cor_08	w_comp_cor_00	w_comp_cor_01	w_comp_cor_02	w_comp_cor_03	w_comp_cor_04	w_comp_cor_05	w_comp_cor_06	w_comp_cor_07	w_comp_cor_08	w_comp_cor_09	w_comp_cor_10	w_comp_cor_11	w_comp_cor_12	w_comp_cor_13	w_comp_cor_14	w_comp_cor_15	w_comp_cor_16	w_comp_cor_17	w_comp_cor_18	w_comp_cor_19	w_comp_cor_20	w_comp_cor_21	w_comp_cor_22	w_comp_cor_23	w_comp_cor_24	w_comp_cor_25	w_comp_cor_26	w_comp_cor_27	w_comp_cor_28	w_comp_cor_29	w_comp_cor_30	w_comp_cor_31	w_comp_cor_32	w_comp_cor_33	w_comp_cor_34	w_comp_cor_35	w_comp_cor_36	w_comp_cor_37	a_comp_cor_00	a_comp_cor_01	a_comp_cor_02	a_comp_cor_03	a_comp_cor_04	a_comp_cor_05	a_comp_cor_06	a_comp_cor_07	a_comp_cor_08	a_comp_cor_09	a_comp_cor_10	a_comp_cor_11	a_comp_cor_12	a_comp_cor_13	a_comp_cor_14	a_comp_cor_15	a_comp_cor_16	a_comp_cor_17	a_comp_cor_18	a_comp_cor_19	a_comp_cor_20	a_comp_cor_21	a_comp_cor_22	a_comp_cor_23	a_comp_cor_24	a_comp_cor_25	a_comp_cor_26	a_comp_cor_27	a_comp_cor_28	a_comp_cor_29	a_comp_cor_30	a_comp_cor_31	a_comp_cor_32	a_comp_cor_33	a_comp_cor_34	a_comp_cor_35	edge_comp_00	edge_comp_01	edge_comp_02	edge_comp_03	edge_comp_04	edge_comp_05	edge_comp_06	edge_comp_07	edge_comp_08	edge_comp_09	edge_comp_10	edge_comp_11	edge_comp_12	edge_comp_13	edge_comp_14	edge_comp_15	edge_comp_16	edge_comp_17	edge_comp_18	edge_comp_19	edge_comp_20	edge_comp_21	edge_comp_22	edge_comp_23	cosine00	cosine01	cosine02	cosine03	trans_x	trans_x_derivative1	trans_x_power2	trans_x_derivative1_power2	trans_y	trans_y_derivative1	trans_y_derivative1_power2	trans_y_power2	trans_z	trans_z_derivative1	trans_z_derivative1_power2	trans_z_power2	rot_x	rot_x_derivative1	rot_x_derivative1_power2	rot_x_power2	rot_y	rot_y_derivative1	rot_y_derivative1_power2	rot_y_power2	rot_z	rot_z_derivative1	rot_z_power2	rot_z_derivative1_power2	motion_outlier00	motion_outlier01	motion_outlier02	motion_outlier03	motion_outlier04	motion_outlier05	motion_outlier06	motion_outlier07	motion_outlier08
925.2633139957708	n/a	n/a	856112.2002264363	1080.7803241790286	n/a	n/a	1168086.1091325262	821.4537602675293	n/a	n/a	674786.2802576636	839.377109309478	729.3841993977378	n/a	n/a	n/a	n/a	-0.1202696175	0.1287788353	-0.0586547816	0.0366935452	-0.2557317028	-0.2233785618	0.08622959	-0.0340288796	0.0788073628	-0.0277038739	0.0534282689	-0.0900153546	0.1086101745	-0.0824141842	-0.1046939617	-0.0144550427	0.1790542752	-0.1018937694	0.0345061578	-0.0384036261	0.1827403011	-0.0592303146	0.1093172882	-0.2327140768	0.1343910906	-0.1209536878	0.0416374566	-0.0066504885	0.0946547558	-0.0080855529	0.0099919132	-0.0177438463	0.1493325178	-0.0820466749	0.0304321695	-0.0542740619	0.0833900323	0.0346248959	-0.0600989682	0.1497334543	-0.1613755806	-0.1512792367	0.0113613974	0.0415010767	0.1288837525	-0.0279425951	-0.1092293801	-0.2387439739	0.0130763654	0.0933957802	-0.1313414498	-0.0006717586	-0.1068656576	0.0032697653	0.0975251995	-0.0937351897	0.1573015342	-0.0697888676	0.0095703503	-0.0254247044	0.1195288363	-0.0394656761	0.2233219619	-0.0602554446	-0.2353715768	0.0972931881	-0.0996198435	0.089268258	-0.0295459016	0.0027914296	-0.0327633306	0.2125618371	-0.049512484	0.0508534015	-0.1214725822	0.0858515707	-0.1834669003	-0.1360255305	0.0934224571	-0.143645967	-0.2066015296	0.0044473227	0.0517113322	-0.1736837171	-0.0013918767	-0.025364216	0.00186585	0.0200023897	-0.1194505636	0.1853367513	-0.1163247578	0.1180919648	-0.1265464995	-0.0563153938	0.1535075842	-0.0398423737	0.257555537	-0.0746610219	0.1265734413	-0.2111872822	0.1142228031	-0.0498152448	0.1958629309	-0.0578512365	0.1381068858	-0.18765925	-0.1265668934	0.1443828747	-0.2141312912	0.0302639228	-0.1449852337	0.0050967385	0.1290883846	0.1290552057	0.1289999139	0.1289225186	-0.0623549929184434	n/a	0.0038881451418591	n/a	0.0017719287297097	n/a	n/a	3.1397314231706318e-06	-0.0241531196421647	n/a	n/a	0.0005833731884487	0.0050800277011038	n/a	n/a	2.580668144398196e-05	0.0014129913253713	n/a	n/a	1.996544485574542e-06	-7.084168737758224e-06	n/a	5.0185446705030947e-11	n/a	0.0	0.0	0.0	0.0	0.0	0.0	0.0	0.0	0.0
924.490971728496	-0.7723422672747802	0.596512577819148	854683.5568074988	1073.3142381698367	-7.46608600919194	55.74244029665164	1152003.4538580969	822.8381028140344	1.3843425465050814	1.9164042860641732	677062.5434425995	839.6496443865319	725.226604561292	1.56829	25.942934	0.4141432154104963	0.2042601323927473	-0.0988846876	-0.0029623181	-0.0073244333	-0.0780566049	-0.1974291901	-0.1023171418	-0.0210867169	-0.0770038945	0.0116057443	0.0363266644	0.0772987052	-0.1415293466	-0.0576041515	-0.1607603902	-0.039978342	0.0060786946	-0.026812709	0.0263801909	-0.1484098519	-0.057357583	0.2086590299	-0.075314321	0.1603732357	0.014498651	-0.0158418872	-0.1341249436	-0.0787118984	0.0986676416	0.1481714236	-0.151422507	-0.1245049744	0.2372005019	0.1397370294	0.0485541923	0.086153456	-0.0337222633	0.0248351688	-0.0491412684	-0.0889489712	-0.1458027558	-0.1202972591	-0.1091529472	0.1162782865	0.101544468	-0.0327935562	-0.1055940479	0.0686830234	0.1708880661	0.0551259138	-0.043132651	0.074865822	-0.0169205547	-0.0616281229	0.0654814107	-0.0607301145	-0.0783521732	-0.1336343108	-0.0925572065	0.114741524	0.0206596572	0.237692176	-0.1602776772	0.0898477906	0.0662352923	0.0225041587	0.0302112338	-0.0716865856	0.0732329729	-0.0351108681	-0.3646483076	-0.0619659241	-0.0971063546	-0.2522751258	0.0273407885	0.0190560798	-0.0553194973	-0.0012703141	-0.0795707708	0.0706332702	0.0312063747	0.0798059551	-0.0955014385	0.0117378106	-0.161620792	-0.1268797452	-0.1848315484	-0.0158453333	0.0787387311	-0.0393634438	0.1116516935	-0.3586006296	-0.0581305057	-0.3459265924	-0.0617159984	-0.3300646393	-0.2785152471	-0.4058684247	0.0769111504	0.2487251895	0.2014340902	0.0222006967	-0.1709455216	0.1752867673	0.1317594851	-0.03187949	-0.1597309367	0.1274839503	0.1109745808	0.0092619795	0.0069787012	0.0379444304	0.1249214944	0.1289999139	0.1287014744	0.1282045865	0.1275100165	0.0377246923008272	0.1000796852192706	0.001423152409192	0.0100159433935882	0.0714436122572976	0.0696716835275879	0.0048541434855683	0.005104189732371	0.0095031468949002	0.0336562665370649	0.0011327442772139	9.030980090605132e-05	0.0038821814647122	-0.0011978462363916	1.4348356060375212e-06	1.5071332924954962e-05	0.0017616762852206	0.0003486849598493	1.21581201225108e-07	3.1035033339086526e-06	0.0026610962375528	0.0026681804062905	7.081433185517668e-06	7.119186680512848e-06	1.0	0.0	0.0	0.0	0.0	0.0	0.0	0.0	0.0
924.1714467862824	-0.3195249422135475	0.1020961886965709	854092.8630550505	1064.029402354407	-9.284835815429688	86.20817611948587	1132158.5690746766	823.9432079970574	1.1051051830229426	1.2212574655441717	678882.4100044821	840.7085463480465	724.8733594228186	1.519967	25.143559	0.2598630522519469	0.143831228330622	-0.0722305382	0.1507486912	0.0175289531	0.0919426437	-0.1915452808	-0.045021499	0.0544596516	0.0591341281	-0.0224570365	0.1620343793	0.0861657404	0.0392013877	0.0491282536	-0.1954378501	-0.0606135002	0.0137688568	0.0649970978	0.0184498726	-0.0323694906	0.0062485311	-0.1619117528	-0.2123248171	0.1823678523	0.0059583102	-0.0722551088	0.1349664148	0.0963703596	0.0512473682	-0.0474677878	-0.0732751814	0.0087666938	0.1552643886	0.0215533463	-0.1348907977	-0.0616767516	-0.0120376239	-0.0305467373	0.0376819833	0.1943068788	-0.120842496	0.1744574011	0.1459944744	-0.1644186851	0.0337238794	0.0266146067	-0.1462572745	0.0563197154	0.158007134	0.0321400714	-0.1107337538	-0.0887065498	-0.0119705193	-0.0710670014	0.0717184583	-0.0108966909	-0.0941764102	-0.0529954064	0.0178691574	-0.051116285	0.0870986075	0.2223305682	-0.0009753041	-0.2392874111	-0.092478694	-0.0653209109	-0.0603013767	0.1258375987	0.0684100984	0.0599350613	-0.2079453956	0.1460894215	-0.1007966612	0.1064716346	0.1453110943	0.0598826212	0.0481087115	0.0380104221	-0.0206964695	-0.1888583731	0.2428233895	-0.0534670114	0.180971084	-0.0657855691	0.186003669	0.157870407	-0.0210712513	-0.0355714881	-0.0160278492	-0.0790416018	0.2685701124	-0.2026129019	-0.1001088074	0.0149289411	0.0055265861	-0.0538735603	-0.0213207986	-0.1238474974	0.0528397141	-0.1326627845	-0.0105504916	-0.0720989165	0.2688348641	-0.2433156147	-0.0922395167	-0.144448079	0.0923761487	-0.1256064135	-0.2841694404	0.1006619474	-0.0244304624	0.26725392	-0.2440840116	0.1288230331	0.1279949812	0.1266188352	0.124700488	0.0446664140008579	0.0069417217000306	0.001995088539696	4.818750016067709e-05	0.0455930426021495	-0.0258505696551481	0.0006682519514956	0.0020787255337214	-0.0994936198836029	-0.1089967667785031	0.0118802951681673	0.0098989803975428	0.0049947711734944	0.0011125897087821	1.23785586008806e-06	2.494773907557062e-05	0.0017141561435685	-4.7520141652099886e-05	2.2581638626356384e-09	2.9383312845336323e-06	0.0014597262056218	-0.001201370031931	2.1308005953790173e-06	1.443289953621892e-06	0.0	1.0	0.0	0.0	0.0	0.0	0.0	0.0	0.0
927.2471990064272	3.07575222014475	9.460251719725358	859787.3680652648	1070.3541686042906	6.324766249883624	40.00266811566696	1145658.0462485822	824.5713656477291	0.6281576506717101	0.3945820340974022	679917.9370461609	841.7079532138108	732.869738029837	1.492512	24.689394	0.284744873872771	0.1398537250463238	-0.1853890173	0.0971687201	-0.0678256532	0.0651320775	-0.4231096432	-0.172013667	-0.0416553645	0.0675976136	-0.0782193852	0.0234126448	0.146212538	0.028453524	0.2592605441	-0.0998494296	-0.2325013829	-0.0573560089	0.0816009803	-0.1245785902	0.2519768404	0.0692847172	-0.0256134806	-0.1749245501	0.3258018778	-0.1058029104	0.0614031167	0.1799224906	0.0999330437	-0.1045861851	0.0627255235	0.0104983024	-0.0551287691	-0.034349788	-0.0867164264	0.1661428245	-0.0583067861	0.1319500459	-0.0777054697	-0.0185920328	0.0912907925	0.1088085006	-0.059405225	-0.0002450716	0.0222628048	-0.0470484996	-0.0052221961	0.1211393953	-0.0692134935	-0.066805716	0.1236092399	-0.0540328554	0.111462467	-0.0211005853	-0.219187468	-0.0960967658	0.0862419607	0.0535613359	0.1347091592	-0.0132492234	-0.1157162383	0.2296053264	0.2939331464	-0.0051791206	-0.0147103265	-0.2542115565	-0.1565885518	0.1718169981	0.0099154417	0.1185704899	0.0370066142	0.0948180534	-0.0192128175	0.032853715	0.1142420717	-0.2257046802	0.0724239482	0.0407812273	0.1210338733	0.193577215	-0.0549538111	-0.049119517	-0.0222556786	-0.0021987113	0.0161990897	0.0276335476	-0.0154932326	0.0224574477	0.019554218	-0.0640434667	-0.188957486	0.2775297906	-0.2907497289	0.0654355165	-0.0195476611	0.0184523332	0.1194713657	0.1664925013	0.1708683124	-0.3709113446	0.0457944728	-0.1833516914	-0.0632329399	0.0240511071	-0.0598321347	-0.2673483813	0.053582558	0.046820392	-0.0358158241	-0.1259000448	0.0503375463	0.0669710669	-0.0159923431	0.1685793501	0.1285578634	0.1269376627	0.1242524367	0.1205247148	-0.0068130920708284	-0.0514795060716863	4.6418223565584816e-05	0.0026501395453847	0.0213562477508162	-0.0242367948513332	0.0005874222246656	0.0004560893179942	-0.1260295744928043	-0.0265359546092013	0.0007041568870215	0.0158834536468373	0.0070729764758454	0.002078205302351	4.318937278719814e-06	5.0026996227862416e-05	0.0023348285776481	0.0006206724340796	3.852342704262954e-07	5.45142448700225e-06	0.0005087515752414	-0.0009509746303803	2.588281653106059e-07	9.043527476271384e-07	0.0	0.0	0.0	0.0	0.0	0.0	0.0	0.0	0.0
917.7340863549545	-9.513112651472738	90.49931231961068	842235.853257763	1053.4810610574389	-16.87310754685177	284.7017582876261	1109822.3460067073	821.3272278907541	-3.2441377569749648	10.524429786230556	674578.4152747107	838.6887977537781	724.2553306513175	2.258528	37.36097	0.3017003429965441	0.1653795039776567	0.1085987464	0.4061845859	0.1096540021	0.2328551517	-0.0809193189	0.1483073859	0.2288499286	0.1972613798	0.0418762968	0.3061400244	-0.1431094267	-0.0892725273	0.0200296726	-0.1388393241	-0.0117027701	0.2394103399	0.216920791	-0.176514183	0.0327319403	0.058783807	0.3105168132	-0.0876539425	0.0603372458	0.1237674599	0.0074091493	-0.0819009824	-0.0405229511	0.0182831121	0.0813595621	0.0514407148	0.0092595843	-0.1088545039	-0.157964191	0.0267914911	-0.0623544437	0.0263386375	0.0562117587	-0.0343034766	-0.0346299689	0.1111372197	0.2539898284	0.041791807	0.0001033098	-0.0618001206	0.002400061	0.0856758151	0.1098843025	0.0398857949	-0.1474207597	-0.0303480103	-0.0826101713	-0.1230724844	-0.0344220572	0.0856613374	-0.0751450852	-0.1185805696	0.3728996743	-0.0486481766	0.2558458794	0.0281264819	0.1380217922	-0.0305311561	0.0736985695	0.1327035764	0.0149259307	0.0608758716	-0.0440542818	-0.2156885811	-0.057512375	0.0591256502	0.0649449088	0.0687010463	0.0427590859	-0.0694731919	-0.0664795783	-0.0974046595	0.0963443659	-0.0376697676	0.1081657859	0.0832707663	-0.0198899215	-0.0717261562	-0.1223683565	0.3163028086	-0.022319904	0.152941618	0.0649779562	0.002061074	-0.0262253587	0.4756619325	0.0631941572	-0.0434382034	0.0378509662	0.1586988011	0.0596506298	0.0883120603	0.2395430249	0.4625262076	-0.1416677848	0.0734041448	-0.134292927	0.0512897705	-0.039922689	0.1736996395	-0.1198937249	0.131139919	0.1730173531	0.1998509325	-0.0002726558	-0.0274493097	-0.0904593906	0.0391354973	0.1282045865	0.1255324169	0.1211199807	0.1150284477	-0.0133767407260023	-0.0065636486551738	0.0001789371924506	4.308148366856614e-05	-0.0285467240103685	-0.0499029717611847	0.0024903065905975	0.0008149154517241	-0.0290744321902138	0.0969551423025905	0.0094002996189155	0.0008453226071833	0.0050706645369885	-0.0020023119388569	4.009253100488881e-06	2.57116388466728e-05	0.0013808235017767	-0.0009540050758714	9.101256847883958e-07	1.9066735430588683e-06	0.000518006166065	9.254590823599996e-06	2.683303880813603e-07	8.564745131226123e-11	0.0	0.0	1.0	0.0	0.0	0.0	0.0	0.0	0.0
917.8539594653292	0.1198731103747832	0.0143695625909249	842455.8909061822	1050.7078574649872	-2.7732035924516367	7.690658165186663	1103987.001738664	821.6474398306287	0.320211939874639	0.1025356864382794	675104.5153802267	837.5552942994873	717.067026729812	2.626261	43.444077	1.3862102650459778	0.8342095418490695	0.5006879332	0.1000299769	0.0745764108	0.0009835174	0.1498461049	0.5444897571	0.2489174342	-0.0907300453	0.1147710955	-0.2461142424	0.0804794912	0.0719733237	-0.1560018799	0.1004684671	0.4781003345	0.1892847701	0.1370547714	0.0471064358	-0.0691907777	-0.0490429468	-0.0435204105	0.1257102491	-0.1505529891	0.0473918417	0.1523707833	-0.0168583588	-0.254681909	-0.0435848095	0.015433318	0.0691938812	0.1258221469	0.1152277956	0.065905905	-0.099992233	0.028500646	0.0719718355	-0.1940074166	-0.166411282	-0.0079362467	0.1380936019	0.0204108334	0.0686987179	0.0353119901	-0.0976638472	0.1154708382	-0.114244886	-0.0418175466	-0.0791516068	0.0112076485	-0.1142311035	-0.0523348797	-0.1160794806	0.481721716	0.2288415353	-0.0437105274	-0.1053821814	0.0661186246	0.0649518374	0.0531892444	-0.0060502342	-0.1482969306	-0.1617157576	0.0409339689	-0.0446804856	0.2802021505	0.0337232605	-0.2267295773	0.1135331144	0.0918026962	-0.0212023758	-0.0584649486	-0.0034870111	0.242560794	0.146989832	-0.1576970172	-0.0016844558	0.0460348975	0.0293249179	0.0925602973	-0.0057400737	-0.0597416547	-0.0361268248	-0.0547268145	-0.0522381049	0.1098564007	0.0261779081	0.0598299234	0.0060523969	0.4836667849	0.0789545404	0.2706837635	0.0880388168	-0.0185334931	-0.059491762	0.049849503	-0.0095088492	0.1424457475	-0.074047964	0.1339113953	0.1237572996	0.1130000132	0.396800141	-0.0136988819	0.259912433	0.0005149153	-0.289966866	0.0428551968	-0.0084215549	0.132716889	-0.0670183928	0.0360460032	0.1079734267	0.1277634447	0.1237830955	0.1172407796	0.1082719048	0.0008892461587493	0.0142659868847516	7.907587308503852e-07	0.0002035183817959	0.0989695365861251	0.1275162605964936	0.0162603967165128	0.0097949691720723	0.2300655249627539	0.2591399571529676	0.0671535173932419	0.0529301457763875	-0.0093824424417863	-0.0144531069787748	0.0002088923013399	8.803022617343287e-05	-0.0028099794264482	-0.0041908029282249	1.7562829183218397e-05	7.895984377062154e-06	0.0015798574673006	0.0010618513012356	2.495949616985466e-06	1.1275281859357369e-06	0.0	0.0	0.0	1.0	0.0	0.0	0.0	0.0	0.0
925.6892564523466	7.835296987017386	61.39187887476373	856900.5995112984	1064.3548998151507	13.647042350163474	186.24176490715536	1132851.3527605196	824.2733817975777	2.625941966948972	6.895571213783834	679426.6079400153	840.6978352567835	730.1062262242456	2.260524	37.393986	0.5226729095938846	0.282607415386623	0.2069089198	-0.3456798167	-0.0555549117	-0.1241731422	0.0227856416	0.106471328	-0.2488108375	-0.1440229012	0.0794891271	-0.2107161628	0.0421049363	0.0256820257	-0.0764847712	-0.0518197389	0.2432439061	-0.2312790314	-0.1771849614	0.2001879442	-0.0694351556	-0.0983152156	-0.1537345593	0.0540981596	0.098313758	-0.069328493	0.1069365321	-0.1470232772	0.117559629	-0.0152639832	0.077498754	-0.0783451105	-0.044372968	-0.0284130906	-0.0592339409	-0.0085426537	-0.0707410376	-0.0344092283	-0.037076307	-0.0329356482	0.0704590876	-0.0040494389	-0.0899626562	-0.005825159	0.0683639393	-0.0465086287	0.0004998128	0.0421483621	0.0371263221	-0.0017271483	0.0002258171	0.0601278382	0.1127078068	0.095445772	0.2543456575	-0.0850713332	0.0579305096	0.0749179631	-0.3239752484	-0.0611707996	-0.1681800369	0.0336530644	-0.0696160667	-0.0886841098	-0.0281166368	-0.0713380666	-0.1969270016	-0.0010333378	-0.1532135654	-0.0846927101	-0.0215005958	0.052913053	-0.0994501613	0.0668590254	-0.0608771478	-0.0216077524	-0.0455675995	-0.0319290609	0.0202701794	0.159592579	-0.0691907687	-0.0530522825	0.0993201405	-0.0096902359	0.0597579759	-0.0620714178	-0.0311840015	0.0915751312	-0.0087278321	0.076767687	0.2759616992	-0.2993765473	-0.0680202553	0.0454901984	-0.1403662738	0.0792269154	0.0078196621	-0.060078061	0.0276695167	-0.0987022215	0.0389924111	-0.1945957375	-0.0700424846	0.0228626684	0.129681775	-0.0147950976	-0.0150502568	0.2844411449	-0.1119013445	0.0652779674	-0.0156807326	-0.0150375857	0.0652387913	0.0160044096	0.1272347401	0.1216944932	0.1126387502	0.1003291122	0.0187030260036351	0.0178137798448858	0.0003498031816926	0.000317330752362	0.0301851292373669	-0.0687844073487582	0.0047312946943199	0.0009111420270765	0.1403181330041434	-0.0897473919586105	0.0080545943633724	0.0196891784497684	-0.0047529833256039	0.0046294591161823	2.143189170840432e-05	2.259085049346871e-05	-0.0008908600251977	0.0019191194012504	3.683019276256077e-06	7.936315844952466e-07	0.0012018893759009	-0.0003779680913996	1.4445380719034551e-06	1.4285987811633188e-07	0.0	0.0	0.0	0.0	1.0	0.0	0.0	0.0	0.0
921.2834292659676	-4.405827186379042	19.41131319623667	848763.1570400611	1056.4824856954908	-7.872414119659879	61.97490407142024	1116155.242581323	822.8721830617313	-1.4011987358463784	1.963357897337489	677118.6296567795	839.6333851319072	719.9500539362496	1.450877	24.000669	0.2412721652036913	0.1393072781939143	0.2125092976	-0.0812293897	-0.146437625	0.1202623525	0.2133183748	0.1159917462	-0.0808337551	0.079709048	0.0455468166	-0.0776093669	-0.0134506249	-0.0458156098	0.0158372353	-0.0696811824	0.220338193	-0.1416700064	-0.0430301768	-0.0513669199	-0.1137104203	-0.0655654884	0.0185621458	0.0443155792	-0.0223893803	0.1579782662	0.0578516629	0.0249667308	-0.0204615811	0.1351908868	-0.1687465163	0.0913449457	0.0130015279	-0.1083622813	0.0561414069	0.0477765177	-0.038847017	-0.0387414737	-0.0297032072	0.1088631455	0.0133332732	-0.0231677169	-0.0291901294	-0.0607336661	-0.0725179182	0.079795778	-0.0968393776	0.1647008484	-0.0477933363	-0.0451602169	-0.0707566853	0.0234050061	-0.0530502776	0.084084424	0.2001894011	-0.120922757	0.0431552423	-0.1061741208	-0.1258305668	-0.026424702	0.0675994347	-0.0789903804	-0.0250603302	-0.1103336594	-0.0502446322	0.080330364	0.123198485	0.0183631543	0.209373301	-0.0336020943	0.0360462851	0.1179041466	0.0535581	0.0251386512	-0.0918807019	0.0217744449	0.0401569611	0.0143538318	-0.098542767	0.044336446	-0.0089153595	0.0270390086	0.0507150251	0.0807480238	0.1267427525	0.0352175284	0.0292617816	-0.0035963383	-0.0323086402	-0.0145204395	0.1936281562	-0.1255956825	0.1682699039	-0.1556186128	-0.0662682572	0.0489023688	0.1532445709	-0.059428209	-0.0019020371	0.14446114	0.0211887508	-0.0515180385	-0.1501119076	-0.043102744	0.1050087328	-0.2088879641	0.0342855698	-0.0331339229	0.0589574947	0.0608373616	-0.0149491192	0.1364013102	0.030629912	-0.1247681588	0.1266188352	0.1192723348	0.1073422654	0.0912870929	0.0207066708972689	0.0020036448936338	0.0004287662196478	4.014592859784807e-06	0.0180980692058057	-0.0120870600315611	0.0001460970202065	0.0003275401089781	0.0700965757938121	-0.0702215572103313	0.0049310670970438	0.0049135299380176	-0.0025983821526732	0.0021546011729307	4.64230621439435e-06	6.751589811330612e-06	-0.0003040456705729	0.0005868143546248	3.443510867937205e-07	9.244376979412445e-08	0.0008041068420931	-0.0003977825338078	6.465878135009376e-07	1.5823094420255365e-07	0.0	0.0	0.0	0.0	0.0	0.0	0.0	0.0	0.0
923.4758338879612	2.19240462199366	4.806638026539163	852807.6157750654	1067.947033352322	11.4645476568312	131.43585297575376	1140510.8660460257	823.3399944557492	0.4678113940178718	0.2188475003729445	677888.7464703931	840.5251552799897	720.0093974631292	1.264657	20.920185	0.1509849460954124	0.078878228038872	0.0468711481	-0.0664325966	-0.1692302104	-0.1093736646	0.1455643662	-0.0654720517	-0.1201617927	0.0744074894	0.1032485048	-0.1294516822	0.0327173774	0.0513401761	-0.0137992845	0.1687708702	0.0371096404	-0.1469315005	-0.0637854397	0.133086683	0.1240345863	-0.0365817365	0.0474441074	0.0914934359	-0.0193502913	0.0380471892	-0.112676724	-0.0050073105	-0.0086292483	-0.0789394216	-0.2196292454	-0.0315166496	-0.0624678581	-0.0331281107	0.0419414652	0.0680488858	-0.2182316297	0.178913607	0.0624497164	-0.0138327018	-0.1298920627	0.0596308212	-0.1111548523	0.0535073922	-0.1542124144	-0.0125302389	0.0089797248	-0.0374896193	-0.1926882782	0.0809330494	-0.0355245705	-0.0910636285	0.0125917854	-0.0594308255	0.0432106841	-0.06657002	0.1234460148	0.0908603794	-0.1048160805	-0.1070382012	-0.0697135533	0.1064965113	-0.1117012195	-0.0108422038	-0.0334802371	0.0780969863	0.0907672266	-0.0252211723	0.0102241791	0.1350099587	-0.1695578236	0.0392681116	-0.0010480359	0.0388177404	0.0799052634	-0.155041036	0.0746342541	-0.1295912859	-0.0860945915	0.0055895099	0.015971151	0.0381223503	0.0693649793	0.0624931724	-0.1287725357	0.0097782938	0.0516745157	-0.1003314031	-0.0777038578	-0.022893954	0.0759916798	-0.178546404	0.0922984399	-0.1417500747	-0.0133395748	-0.0168305713	-0.0579188401	0.13384003	-0.0352863098	-0.0577787708	0.056257597	-0.1641617004	-0.1166082674	-0.0794378389	0.0291080704	-0.0928599768	-0.1198076599	0.0505448222	0.0365945284	0.0018836698	-0.1169666681	-0.0006508166	0.0366028123	0.0108969959	0.1259161521	0.1165232592	0.1013839798	0.0812449131	0.0208391462835351	0.0001324753862661	0.0004342700178265	1.7549727966378772e-08	0.0324574985978642	0.0143594293920584	0.0002061932124655	0.0010534892152303	0.0336160479714493	-0.0364805278223627	0.0013308289101981	0.0011300386812187	-0.0015425991251822	0.0010557830274909	1.114677801138061e-06	2.379612061012889e-06	0.0003620947553792	0.000666140425952	4.437430670876452e-07	1.3111261187312268e-07	0.0005257800256417	-0.0002783268164513	2.764446353637867e-07	7.746581675597129e-08	0.0	0.0	0.0	0.0	0.0	0.0	0.0	0.0	0.0
923.3102764258392	-0.1655574621220239	0.0274092732642853	852501.8665535597	1063.2752411857484	-4.671792166573596	21.825642047658413	1130554.2385186115	823.7343620042619	0.3943675485127187	0.1555257633199315	678538.2991465684	840.2884773779639	722.2732655314549	1.017805	16.836702	0.0537972138867052	0.0323798526636857	0.0654148794	-0.0253484533	-0.0424277971	-0.1283756477	0.0808440314	0.003694351	-0.0439210884	-0.0082813506	0.1398715485	0.0124167773	-0.1167801897	0.0035448974	-0.0959578225	0.1286190497	0.0441529703	0.0127675076	-0.0521335445	0.1615621503	0.0648246956	0.0042411725	0.0305401252	-0.0214590988	-0.0239869937	0.0415152663	-0.0391694363	0.0467816296	0.0005300574	-0.0094976083	-0.1557009337	-0.0026802827	0.0579074485	0.0448734073	-0.1795399046	-0.0544613946	-0.0235700163	-0.0417148135	0.0186896085	0.089068228	0.1262584736	0.0374818708	-0.1019407987	-0.0887580819	-0.0376801891	0.0282606762	0.0018298757	-0.0270934817	0.0593856821	0.0204025412	-0.1175959515	0.0898187306	0.0259673594	0.0428236984	0.0512017758	0.0868991505	0.0399339066	0.1154001393	-0.0349041912	-0.1012926845	0.0304846997	-0.0605900162	-0.0172977613	-0.0306174057	-0.0257541944	0.0728463383	0.0265164672	-0.0845813262	0.072907043	-0.0109966065	-0.1103982111	0.0662733712	0.0664175126	-0.010284759	0.0171723104	-0.0647918945	0.0411535909	0.1092395922	0.1162121847	-0.0787605495	-0.0829605731	-0.033451236	-0.0687165277	0.1645669619	-0.0485939026	-0.0510012072	-0.1030820917	-0.0164115553	-0.0348559371	-0.0176883043	0.073060643	-0.1338456657	0.0950237347	-0.0125753299	0.0349928375	-0.0049987191	-0.0913632599	0.1248155195	0.0155590295	0.1337108945	0.0729310764	-0.0449783089	0.0466624154	-0.0259769307	0.0436489148	-0.0523388445	-0.0204576163	0.1351994337	0.0984176246	0.0134227933	-0.035852608	-0.0092694077	-0.0248028979	-0.0023613075	0.1251271724	0.1134548014	0.0948006283	0.0703125971	0.0208381242699715	-1.0220135636014591e-06	0.0004342274230907	1.0445117241853545e-12	0.015667259921031	-0.0167902386768331	0.000281912114825	0.0002454630334331	0.0103913806303808	-0.0232246673410684	0.0005393851731032	0.0001079807914054	-0.0012670964709078	0.0002755026542744	7.590171251223959e-08	1.6055334665870014e-06	0.000362167412385	7.265700580002003e-08	5.2790404918241444e-15	1.3116523459364664e-07	0.0005257296198171	-5.0405824599973274e-08	2.7639163315303254e-07	2.5407471536032703e-15	0.0	0.0	0.0	0.0	0.0	0.0	0.0	0.0	0.0
923.36649212364	0.0562156978007806	0.0031602046792286	852605.6787767161	1067.0988911220006	3.8236499362521954	14.620298835001416	1138700.0434338034	823.3776320402843	-0.3567299639776138	0.1272562671994696	677950.7249442658	840.4931485544425	731.5016170175861	1.110755	18.374298	0.0840832283502519	0.0427174071085631	0.0008819778	-0.1565670287	0.0007824577	-0.0263451555	0.0500461263	0.0104779719	-0.0957233501	-0.0403619559	-0.0994748343	-0.0067097287	-0.0920273118	-0.1124703971	-0.0172685296	0.1799189201	0.0198413974	0.0290534825	-0.1747805046	0.0210352836	0.0512768337	0.0654877623	0.0555050188	-0.0430442427	-0.1325917187	0.0125905372	0.0860483019	0.0112310551	0.0336195116	-0.075145203	-0.0073099545	0.0148657329	0.002035579	0.0733471243	-0.0453668034	0.0654573109	0.1355871706	0.0009774954	0.1227247313	-0.0315740037	0.0399348048	-0.0497590733	-0.132041385	0.0506021306	0.0482925711	-0.1171800033	-0.0810566559	-0.0862140761	-0.0222081866	-0.1148424219	-0.0051631703	-0.037344101	0.0132124742	-0.0295051197	0.0118832211	-0.0677960096	-0.0682875278	0.1806944395	-0.0189417339	-0.0427229502	0.1125897526	-0.0649912518	-0.043895452	0.0822140164	-0.0141431343	-0.0521076016	0.0292580941	-0.0017399387	-0.0221443745	0.0637285972	-0.0549183189	0.0585362712	-0.1140270478	-0.1111837284	-0.0870175628	0.043020417	0.0449520167	0.0801693126	0.0393637279	-0.0957453427	-0.0181037071	-0.172180036	0.0361083426	0.0099026246	-0.0323448944	-0.028274682	0.0948971852	0.0263011916	0.0133541358	0.0185631967	0.0274527914	-0.19169943	-0.0041579354	0.0530608246	0.0549551525	0.037431045	-0.0248212609	0.0502571046	-0.106088619	0.0370312583	0.0203907586	0.0382786042	-0.1008023992	-0.0493629072	-0.08853002	-0.0670106293	0.0910567533	0.1307707487	-0.0108236776	-0.0622442493	0.0944465085	-0.007206257	0.0184058615	0.1025529444	0.1242524367	0.1100753719	0.0876327994	0.0586099215	0.0336752732258816	0.01283714895591	0.0011340240268377	0.0001647923933162	-0.0093928561882989	-0.0250601161093299	0.000628009419413	8.822574737406496e-05	-0.0035593855398161	-0.0139507661701969	0.0001946238767355	1.2669225421051947e-05	-0.0007006160617252	0.0005664804091826	3.20900053987686e-07	4.908628659473292e-07	0.0004403160762207	7.81486638357e-05	6.107213659305246e-09	1.938782469783933e-07	0.0005256547505391	-7.486927800003184e-08	2.763129167643235e-07	5.6054087882460505e-15	0.0	0.0	0.0	0.0	0.0	0.0	0.0	0.0	0.0
921.2546554981568	-2.1118366254831926	4.459853932732238	848710.1402770276	1061.399326748318	-5.699564373682733	32.485034049753445	1126568.5308217823	822.461077719533	-0.9165543207512884	0.8400718228878554	676442.2243635757	839.2424114409795	718.3221422865809	1.133407	18.749012	0.1359601399752526	0.0677464977495893	-0.0054431372	-0.0598084161	-0.1099881505	0.024486163	0.0588475448	-0.0031473276	-0.0273997571	0.1309782907	0.0626056872	0.0301481985	-0.1108955429	-0.0129261878	-4.26573e-05	0.0115700563	-0.0054474736	-0.1193897102	0.0174219778	-0.0298908981	0.0206234454	0.0526885241	0.0401560682	0.0047781632	-0.1559892776	-0.0159060214	-0.0706783089	0.0171307275	0.0149628391	-0.249438321	0.0382233254	0.0190504475	-0.0293035733	-0.0425980509	0.0479026436	0.0602162449	0.0293072613	-0.2763689126	0.0719007661	0.0100508062	0.0205328643	0.0083774498	0.1102883501	-0.0048674792	-0.0063466766	0.0953937705	0.2041076076	0.0626363293	0.0431601084	-0.0430542971	-0.0530037391	0.1235778419	-0.0191661406	0.0623161969	-0.0058065268	-0.0704814179	0.1058102856	0.0049343777	0.0081038889	0.0358693651	0.0553282376	-0.1048752166	-0.1109801033	0.1789628507	0.0212399264	0.0934806816	-0.0442226508	0.0916480986	-0.0307695263	-0.0453935207	-0.1072016178	0.0528127294	0.0815381718	-0.1529099161	-0.0114487671	0.0251742227	0.0274101578	0.0504603836	-0.1493747276	0.0221745716	0.0598732873	0.0088154184	-0.2644669414	-0.0501602185	0.0910169425	-0.0273439978	-0.0538908854	0.0205043582	0.1087347701	-0.0180945924	0.0021479718	-0.1239561061	0.0138467442	0.0301377032	0.0947649703	-0.1144030666	0.0863051291	0.0716170488	-0.084049595	0.0948382469	-0.0956566676	-0.0520676254	0.0066839638	-0.1148688091	-0.1478195639	0.0744544876	0.0470301317	-0.1064577211	-0.054567494	-0.0583710771	-0.0668647318	-0.0519233242	-0.0509713515	0.054231771	0.1232925447	0.1063942335	0.0799246852	0.0462651033	0.0412272012831351	0.0075519280572535	0.0016996821256401	5.703161738193262e-05	-0.0180264993065861	-0.0086336431182872	7.453979349394794e-05	0.0003249546772503	-0.0490550365550319	-0.0454956510152158	0.0020698542612983	0.0024063966114155	9.699045278632289e-05	0.0007976065145115	6.361761519912201e-07	9.407147931695929e-09	0.0001530061551426	-0.0002873099210781	8.254699074990404e-08	2.3410883511521383e-08	0.0001249928304388	-0.0004006619201003	1.562320766110261e-08	1.6052997421845917e-07	0.0	0.0	0.0	0.0	0.0	0.0	0.0	0.0	0.0
923.9243011912088	2.6696456930519616	7.127008126430889	853636.1143316635	1068.8207743811229	7.421447632804984	55.07788496646671	1142377.8477486633	823.4955703354442	1.0344926159111765	1.070174972374749	678144.9543620985	839.8494095774487	719.1212828556264	1.110967	18.377811	0.0335829895646536	0.0211204797915374	-0.0348308115	-0.0301545477	0.0116324791	-0.1441704552	0.0927237257	-0.0878517985	0.0372983757	-0.0583816911	0.0555757186	0.0724415746	-0.0033428281	0.0139361693	-0.189852522	-0.0337114535	-0.0483647918	0.0141590503	0.0055378264	0.1205363143	-0.196777961	0.080853341	-0.0470685827	-0.0140047267	-0.0828143147	-0.0908804293	-0.1126750758	-0.0295107574	0.029479121	0.07242755	-0.0509887994	-0.0093547323	0.0593049951	0.0314672566	0.0529501837	0.0054782528	0.088176567	-0.0544109189	0.1108628092	0.0497930098	0.0189152092	-0.0519104734	0.1108850766	-0.0562235353	0.0342311321	0.0843958376	-0.0960913874	0.0616279417	0.1158425918	-0.0227735327	0.1122303105	-0.0475688363	0.0962301481	0.0287931296	-0.0589661528	0.1136274234	-0.0132465774	-0.0483968979	-0.1538499636	0.0553569527	0.0505859809	-0.0801075149	-0.0386174367	0.147704412	-0.0260919497	0.0658839355	-0.0395578739	-0.1189162161	0.0669405213	0.0037205971	-0.0045293756	0.0214683405	-0.0260638655	-0.0280619215	-0.091451169	-0.0412279789	0.001994993	0.0306848688	0.0196327053	-0.10599992	-0.1051141263	-0.0088761317	0.090402382	-0.0782393467	0.1550896937	0.0753543467	-0.0917993658	-0.06267706	0.1091598365	-0.0788025902	-0.0269452906	-0.1298532223	0.0001115001	-0.0334235146	0.1157666939	-0.1295743242	-0.0182914725	-0.0779958634	-0.0579767961	0.05449555	-0.0593076369	0.051393203	0.1327375501	0.0022421446	-0.0962914912	-0.0335113443	0.0167237302	0.1101082923	-0.0097104548	-0.10842039	-0.0601985824	0.0667499411	-0.0364104347	0.0044733939	0.1222481541	0.1024214758	0.0717238087	0.033413395	0.0412560380727029	2.8836789567804333e-05	0.0017020606774563	8.315604325778287e-10	-0.0106853473399155	0.0073411519666706	5.3892512197751645e-05	0.0001141766477746	-0.0651418985906531	-0.0160868620356212	0.0002587871301531	0.0042434669519949	9.647780449004304e-05	-5.126482962798434e-07	2.6280827567862615e-13	9.307966759218967e-09	0.0003550062470656	0.000202000091923	4.080403713690045e-08	1.2602943545560186e-07	0.0001249827952022	-1.0035236600009585e-08	1.5620699096555067e-08	1.0070597361817194e-16	0.0	0.0	0.0	0.0	0.0	0.0	0.0	0.0	0.0
924.1982648725334	0.2739636813246306	0.0750560986849437	854142.4327934014	1064.6434888082838	-4.177285572839082	17.44971475704954	1133465.7582618743	823.104897744155	-0.390672591289217	0.1526250735846316	677501.6726904159	839.1008897512073	724.7403161585396	1.009521	16.699665	0.0512312537762607	0.0241240348077517	-0.0071816544	-0.0144807359	0.0923381063	-0.0228680945	0.1703468219	0.0618175803	0.0091530179	-0.0816026	-0.1399220679	-0.0495851867	0.0665575154	0.0402279042	-0.0557923684	-0.0460036903	-0.0053585272	0.0554138446	-0.017518005	-0.0498688086	-0.1434019131	-0.0388405001	-0.1077960702	0.0920056148	-0.0724421963	-0.1141052614	-0.0300189962	0.1069787519	-0.0694282831	-0.0180951212	-0.0745434827	-0.0745538835	-0.0682420614	-0.0633021008	0.073712896	0.0481932251	0.0176198406	-0.0743603666	-0.0457362418	0.0355975133	-0.0439955103	0.0547893941	0.1117243864	0.0393593716	0.0281436272	-0.0272216714	0.015974808	0.0265246975	-0.0879648104	0.0960861863	0.0869411659	-0.0690145497	0.0423702187	0.1801056488	0.0044723742	0.0158703956	-0.1473338329	-0.1035135594	-0.0575507095	0.1185835628	-0.1179807017	-0.0299184512	-0.1033367241	0.1533350082	0.0769057257	-0.0550755275	0.0403899766	-0.0043561244	0.0966118373	0.0098372142	-0.0736438092	0.0419336792	0.0171131231	-0.0122508931	-0.0547565135	0.0325077443	-0.0044792175	0.0394739148	-0.0189874618	0.089045806	0.0090609004	0.0892928415	0.0346711098	-0.0817834539	0.0041294522	0.0871010141	-0.1090845504	0.039990045	-0.0405932996	-0.1094572636	-0.0237110151	-0.0631106168	0.1047544515	-0.0584440779	0.1028047131	-0.0162758535	-0.0007393986	-0.152142955	0.0123453685	-0.0620234376	-0.0950804283	0.1298702267	0.0227842048	-0.0014104181	-0.0272579958	-0.0713585179	0.0198674781	-0.060381122	-0.0193187172	-0.0180598051	0.0232257723	-0.0262994742	0.0319372468	0.0233230265	0.1211199807	0.098167988	0.063080731	0.0201956026	0.0264797141561246	-0.0147763239165783	0.00070117526179	0.0002183397484876	-0.0045884348522946	0.0060969124876209	3.717234188170767e-05	2.1053734393751767e-05	-0.0526630625103337	0.0124788360803193	0.0001557213499194	0.0027733981529673	-0.0001050494046908	-0.0002015272091808	4.061321604021927e-08	1.1035377425891472e-08	0.0003549854183519	-2.0828713700028846e-08	4.338353143977692e-16	1.2601464724247345e-07	0.0002810183831425	0.0001560355879403	7.897133166402492e-08	2.434710470387509e-08	0.0	0.0	0.0	0.0	0.0	0.0	0.0	0.0	0.0
925.166741932556	0.9684770600225648	0.9379478157899503	855933.5003781006	1065.5794143676758	0.9359255593919896	0.8759566527232089	1135459.4883241588	823.7720395618949	0.6671418177398891	0.4450782049772834	678600.3731639641	840.6505473792345	731.6430480425713	1.028113	17.007221	0.0684410583109809	0.0379342485385815	-0.0483879382	-0.1081612487	0.1451780811	0.0164851203	0.0614957597	-0.0213988575	-0.0692530362	-0.0168427345	-0.1144516137	-0.0598122832	0.0227399451	0.0761820516	-0.027952793	0.0482603615	-0.033551688	-0.0174578574	-0.0741438619	0.008148184	-0.010328535	-0.0569414335	-0.0513916233	0.1996475507	0.046390858	0.1454681408	-0.1618798151	-0.1185499964	0.0160745738	0.0002212071	-0.0252971952	-0.1091745119	-0.0849418615	-0.0490780254	0.0219174492	-0.0976074307	0.0337419635	0.0541113136	-0.0662741704	0.096951766	-0.105697682	-0.0524906447	0.0503991119	0.0915090581	-0.0406171338	0.0985013302	0.1324501388	0.0757437107	-0.0997152216	-0.0814171785	0.0489436854	0.1527032078	0.0957490293	-0.0210987725	-0.0221682307	-0.0955137971	-0.036525856	0.0121734461	-0.049246166	0.0545597301	-0.1106366172	0.1096367996	-0.1413242558	-0.0566454978	-0.0371421068	0.1725319645	-0.0007742636	-0.0048264684	-0.033203786	-0.1185679354	-0.0484591734	-0.0913963301	0.0296268147	0.1913061139	0.0570048463	0.0238619049	0.1710800909	-0.0796824944	-0.0604658629	-0.0240127203	0.0518401264	0.0377335426	0.0878090871	-0.0211674325	-0.0326060115	-0.1036026528	-0.1707325985	0.097713138	0.1002337313	-0.0286313551	-0.0588424537	-0.0683162591	0.0483575204	-0.0509539871	0.1632622225	0.1402624639	-0.1004405426	-0.0764473736	-0.0605081237	-0.0749517401	-0.0554289069	-0.1063582571	0.0183210148	0.0008102625	-0.0113182739	-0.0081538251	-0.0059502749	-0.0204586564	0.0877509837	-0.0311890291	-0.0531922164	-0.1173611242	-0.0517410926	0.0484479978	0.1199087977	0.0936454286	0.0540487397	0.0067565429	0.0412534274377094	0.0147737132815847	0.0017018452753583	0.0002182626041264	0.0059223662659633	0.0105108011182579	0.0001104769401475	3.507442218822008e-05	-0.056510323471187	-0.0038472609608532	1.480141690090584e-05	0.0031934166588181	0.0005249774747211	0.0006300268794119	3.969338687814969e-07	2.756013489645433e-07	0.0003550327523731	4.7334021200003136e-08	2.2405095629623457e-15	1.2604825525761897e-07	0.0001249069375699	-0.0001561114455725	1.56017430530909e-08	2.4370783438766852e-08	0.0	0.0	0.0	0.0	0.0	0.0	0.0	0.0	0.0
925.86450041511	0.6977584825540362	0.4868668999761112	857225.0731289212	1064.6725262838695	-0.9068880838062796	0.8224459965498256	1133527.588223677	824.2993691510216	0.5273295891266798	0.2780764955685129	679469.4499827721	840.2712986611151	730.9361343674353	1.123796	18.590033	0.0290493329642729	0.0154448328897258	-0.0406150653	-0.1303734329	0.0279986261	0.116925488	-0.0074979219	0.0103092807	-0.0787087804	-0.0685006612	-0.0639273123	0.0164618551	-0.0264590341	0.1054558584	0.0605077281	0.097829367	-0.0134049227	-0.0525014123	-0.127477246	-0.0855657005	0.0593497031	0.0847871503	-0.1608462519	-0.0782523535	-0.0807372668	0.108326472	-0.0801115334	-0.0271710765	0.0044636128	-0.0092815586	-0.1110952045	-0.046373856	0.0414626613	-0.1317189358	0.00543277	0.0908420059	0.131617472	-0.0410597964	0.1209798844	0.0711080132	-0.099903419	-0.075342228	-0.1043764341	-0.0229143013	0.0262536259	-0.0883796325	0.1221409058	-0.0101229114	-0.042784361	0.1201485852	0.0487937848	-0.145173521	-0.0080815335	-0.2453048415	-0.003271741	-0.0999693147	0.01905933	0.1198217427	-0.0050971735	0.1407357992	-0.0427911556	-0.0047823766	0.0157718956	0.1147202242	-0.1885527701	0.0535054249	0.0677237641	0.0047791142	0.1208505669	-0.0331781027	-0.0471831613	0.1200768583	-0.1555977266	-0.077095826	-0.1338813504	0.0958765095	0.0364983199	0.0021170348	0.043257798	0.008605959	-0.0319882701	0.0127687514	0.0645232817	-0.0382425637	-0.1998683327	-0.1085707889	0.0515476739	-0.0201423954	0.0650535208	-0.0455472151	-0.0475877754	-0.0856417157	0.0108607923	0.0719183831	0.1199092584	0.0865411061	0.0655242013	0.1319075806	-0.1376786591	0.0485186929	-0.0710243033	0.088644548	-0.0292148966	-0.0503146561	0.0355285478	-0.0907360838	-0.0027457443	-0.1727323679	-0.0618359567	-0.043072005	0.1179958529	-0.0386912709	-0.0599002533	-0.1181099733	0.1186154352	0.0888661936	0.0446835199	-0.0067565429	0.0341236600637842	-0.0071297673739251	0.0011644241761487	5.083358280628822e-05	-0.0057675248443445	-0.0116898911103078	0.0001366535541708	3.326434283013105e-05	-0.05876226426426	-0.0022519407930729	5.071237335506239e-06	0.0034530037014627	0.0005809960419698	5.601856724869996e-05	3.1380798765971203e-09	3.375564007845736e-07	0.0003550065409581	-2.621141500001129e-08	6.870382763028171e-16	1.260296441230351e-07	2.1397042494261943e-05	-0.0001035098950756	4.5783342750125135e-10	1.0714298378569602e-08	0.0	0.0	0.0	0.0	0.0	0.0	0.0	0.0	0.0
925.084030960478	-0.7804694546319979	0.6091325696135682	855780.4643380867	1069.3525636461045	4.680037362234998	21.90274971191552	1143514.905376496	824.3124053551762	0.0130362041546732	0.0001699426187623	679490.9416224364	841.618255205722	726.1954014200121	1.088187	18.000977	0.1296903156739232	0.0761316959860335	-0.1004841722	-0.036407845	-0.075868752	-0.0465541597	-0.0197226818	-0.0746561819	0.012383098	-0.0057867216	0.0540282979	-0.0113994631	-0.0457777761	-0.1047877868	0.0966884485	0.1151580717	-0.0785888037	-0.0557125756	-0.0531682423	0.0010838945	0.0476041399	0.068752448	-0.0945578603	-0.1574539642	-0.2765481624	0.0093813862	0.0676970965	-0.0307010729	0.0603192427	-0.0113082689	0.0081855934	-0.0209106692	-0.0281347266	-0.0385055804	-0.0459298067	-0.0540505957	-0.0283086506	-0.1121415155	0.0498695839	0.0097466603	-0.069242587	-0.0338390542	0.124677786	-0.0940433991	0.1099379519	-0.1486323865	-0.0223933731	-0.1340351272	0.0125896284	-0.0542647364	-0.0655022959	-0.0675111854	-0.1473045013	0.027546587	-0.0758108556	-0.0515693151	0.0677799664	0.1057489975	0.0504634551	-0.0265513533	0.0294058778	-0.2166256752	-0.0616319568	0.1527828049	-0.13826957	-0.0569621218	-0.0342506368	-0.0582190109	-0.0864310089	-0.0699864365	-0.0512553507	0.0498052189	0.0269288628	-0.0522386607	-0.0261811536	0.1001039346	-0.1309743063	-0.0667861536	-0.0678436002	0.0433584357	-0.0264841141	-0.0085611798	-0.1334964754	-0.0867917967	-0.0135797782	-0.066943054	0.0531106343	0.0833893711	-0.2215413728	0.0236825201	-0.0612736321	-0.1160078567	-0.0263661423	0.0664871194	0.0820701517	-0.1586709849	0.0194538446	0.0820854778	-0.0701545099	0.001742879	-0.0752117389	-0.0367581065	0.033181573	-0.0548065892	-0.1418844198	0.0062118624	0.0423370669	-0.1050945483	0.0099830714	0.036397736	0.0596602588	-0.100576627	-0.1042507645	0.0145112296	0.1172407796	0.0838433825	0.0350428114	-0.0201956026	0.0398847029962752	0.005761042932491	0.001590789533101	3.3189615670004524e-05	-0.0444290949303223	-0.0386615700859778	0.0014947170015129	0.0019739444763275	-0.0392595325564286	0.0195027317078314	0.0003803565440676	0.0015413108965492	-0.0005749749490068	-0.0011559709909766	1.3362689319794224e-06	3.305961919853723e-07	0.0003550398464053	3.3305447200008334e-08	1.1092528131925425e-15	1.2605329253549902e-07	-0.0001378980800344	-0.0001592951225286	1.9015880477173785e-08	2.5374936061421423e-08	0.0	0.0	0.0	0.0	0.0	0.0	0.0	0.0	0.0
924.308285945982	-0.7757450144960103	0.6017803275154152	854345.8074683992	1069.3616010877822	0.0090374416777194	8.167535207818093e-05	1143534.233881025	823.7835350540767	-0.5288703010995732	0.2797037953851532	678619.3126261912	840.5466945118498	722.8982613327972	1.150937	19.038996	0.1410788200968407	0.0834589957559318	-0.0552699695	0.0417274496	0.0575516267	-0.0588569582	0.0679143752	-0.0554171778	0.0663034625	-0.0412530657	-0.0491313486	0.157983775	0.0693891984	-0.0834368457	-0.1547407124	-0.0135516977	-0.0815505141	0.1253908366	0.0313498717	0.0409966045	-0.1949517439	0.0034038297	-0.0581522094	-0.0339470352	0.0623923229	0.0472416743	-0.0698808701	0.0859943175	-0.0351443757	-0.015410539	0.0454024402	0.1838293142	0.0610158785	-0.0326809184	-0.0679583571	-0.0028786157	0.0005334249	-0.0354800042	-0.0808806245	-0.1549828992	-0.1121007891	-0.1971869457	-0.0222007412	-0.0777031704	0.0111737142	0.0125556299	-0.1080191144	0.0550877492	0.1037738027	0.010748263	-0.0266665556	0.1663860997	-0.0317690424	-0.0800762501	-0.0902741922	0.1416086892	-0.1271308437	-0.0890321566	-0.0546645748	0.0332468781	0.0377919938	-0.0527683669	0.0336490575	0.0419002526	-0.0462560465	0.0002473836	0.031006428	0.003460512	0.0843089792	-0.1070852305	0.1570223162	0.072328612	0.0496501172	-0.1388718384	0.0604416702	-0.0908255721	0.0011791687	-0.0472199569	0.0300304722	-0.0731119471	0.2022501734	-0.0186946244	0.0804879012	-0.029305052	0.1337269328	-0.0350951868	0.1030732594	-0.0599745772	-0.0239274075	-0.0882473667	-0.078997868	-0.0224491726	0.0327658319	-0.0605445478	0.1215542989	-0.0779550487	0.050654477	-0.148908858	-0.032974171	0.0283001812	-0.1035338549	0.0816389496	0.1434830029	-0.0485630368	-0.0063272099	0.0163664357	0.0624981465	0.0998410655	0.0442334958	-0.0582774029	-0.0647603135	0.1628862651	-0.1374737435	0.0963440083	0.1157857731	0.0785907625	0.0251860523	-0.033413395	0.0476634544593537	0.0077787514630785	0.0022718048909988	6.05089743243459e-05	-0.0102086277343431	0.0342204671959792	0.001171040375111	0.0001042160802183	-0.0441201499414916	-0.004860617385063	2.362560136397668e-05	0.0019465876308597	0.0007930674856753	0.0013680424346821	1.871540103090928e-06	6.289560368353421e-07	0.0008519376178861	0.0004968977714808	2.469073953025854e-07	7.257977047694425e-07	-0.0001573375549259	-1.9439474891500013e-05	2.47551061900606e-08	3.778931840572594e-10	0.0	0.0	0.0	0.0	0.0	0.0	0.0	0.0	0.0
925.3918995628773	1.0836136168952637	1.1742184707208347	856350.1677765903	1069.0659831213572	-0.2956179664249703	0.0873899820732348	1142902.076267234	823.9389107994047	0.1553757453280013	0.0241416222362319	678875.3287293093	840.7428482482982	727.5824817723885	1.033606	17.098097	0.1774619265613924	0.0830445422446385	-0.0593129633	-0.0140841943	0.1436521485	-0.0887316354	0.1436342121	-0.0015333833	0.0387369901	-0.0709230293	-0.1595560005	-0.0257463574	0.0859833705	0.0185316421	-0.0922551559	0.0957224241	-0.059095561	0.1071929269	-0.0264801843	-0.026355372	-0.0594298596	-0.0164939055	-0.0785065931	0.1836466669	0.0197537745	-0.0256058279	-0.0043935194	0.1062406284	0.0807766196	-0.0367493786	-0.0240456873	-0.0025451345	-0.0987354171	-0.0519498336	-0.0252029362	-0.1067971938	0.0773513814	0.2036378115	0.1325430727	0.0278452512	0.1045489395	0.081506457	-0.0101253278	0.0525471258	0.0845781018	0.0437264524	-0.2025114181	-0.0312982835	0.0574068624	0.0104699991	0.034354113	0.1721087648	-0.0773513761	0.1008166687	-0.0505045154	0.0038445721	-0.1505123865	-0.0267655091	-0.0150415027	0.0625067221	-0.0757754525	0.1335835438	-0.1680735486	0.0087879997	0.0599520317	-0.0857715332	0.0130249343	0.0235213162	0.0397368633	0.0102053418	-0.0008994497	0.0851487004	0.1257221067	0.1667502364	-0.0133231049	-0.0102391004	0.0458262815	0.0067884491	0.0145619621	-0.0647798683	-0.1015788846	-0.1363135159	0.08042509	-0.000461318	0.0719408785	0.0736974932	0.0070980883	-0.0128866603	-0.1255609271	0.1975848604	-0.0625035178	-0.0515008897	0.0868313191	-0.0320561126	0.0878681241	0.0012388273	-0.0666555586	-0.0850431623	0.0667216053	-0.1517105503	-0.0355356826	0.1829025688	-0.0126108536	-0.0053206068	-0.0273784193	0.005034626	-0.1124864465	0.0288413299	-0.0312266425	-0.0833041781	-0.0577818838	0.022224952	0.0373383876	0.0781499549	0.1142514127	0.0731227308	0.0151740128	-0.0462651033	0.0179391867015539	-0.0297242677577998	0.0003218144195132	0.0008835320937373	0.0218738723023506	0.0320825000366937	0.0010292868086044	0.0004784662894995	-0.0191325371841202	0.0249876127573713	0.0006243807913123	0.0003660539791017	-0.000303990766464	-0.0010970582521393	1.203536808586936e-06	9.241038609537018e-08	0.0002030134426864	-0.0006489241751997	4.211025851586109e-07	4.121445791138422e-08	-8.996906207434973e-05	6.736849285155027e-05	8.094432130538196e-09	4.53851382908938e-09	0.0	0.0	0.0	0.0	0.0	0.0	0.0	0.0	0.0
924.9250969818124	-0.4668025810648259	0.2179046496887834	855486.4350268152	1061.808668954032	-7.2573141673251484	52.66860892325831	1127437.6494659334	824.2419733391985	0.3030625397938138	0.0918469030262769	679374.8306140959	840.6001757395866	733.536933458928	1.157317	19.144547	0.0592583747165593	0.0349394470890589	-0.0597080561	-0.0960812494	0.1551048115	0.0523430308	-0.0013668201	0.0091812697	-0.1106405882	-0.0440480004	-0.1094778776	0.0315307926	-0.116889124	0.0833698624	0.0328486607	0.0976771251	-0.0365016417	0.0443560078	-0.1157035604	-0.0052615196	0.1076588643	0.0572808609	-0.1326619157	0.1318888282	-0.052171563	0.1132580796	-0.0126921513	-0.1370280732	0.0312548423	0.1524509907	0.0075233027	0.0683066068	0.0600946886	-0.0564207409	0.0657158564	-0.0740126909	0.1465712921	0.0834635959	0.1005614577	-0.1182565551	-0.0382056053	-0.0089576551	0.0806518441	-0.0481944358	-0.0270490899	0.0320098388	-0.3322046505	0.0320994984	0.0343328777	-0.0922333903	-0.0084271709	-0.0410662107	0.1604124638	0.0185775695	-0.0240699101	-0.0649736169	-0.0201577904	0.1628188838	0.0458533954	0.1167867106	-0.0583663907	0.0224696907	-0.1248747203	-0.0667453873	-0.0929239526	0.0863058686	0.0107866038	-0.0654634211	0.0214269225	-0.0292276313	0.1064650471	0.0012124241	-0.0657411902	0.0310940314	-0.0821184274	0.0945663028	-0.0534625237	-0.1257631881	-0.0011789399	-0.1387906115	-0.0775792467	-0.1250495435	0.1327945648	0.0705617403	0.170332432	0.1496540601	-0.0529754872	-0.0577655872	0.0318530186	0.0872130801	-0.0786650133	-0.0323084624	0.0711220455	0.0988996728	0.0795169621	0.2106916827	-0.0608619024	0.0494193937	0.0244360944	-0.0405888068	0.0154452362	-0.0318263112	-0.0164403234	-0.0906386079	0.099451131	0.0780016041	0.0516704367	0.034269872	0.0452991084	-0.0350469058	0.0461799664	-0.0404667594	-0.0194325142	-0.015951238	0.1126387502	0.0674542747	0.0050684204	-0.0586099215	-0.0013180709998863	-0.0192572577014402	1.7373111607412706e-06	0.0003708419741796	0.021912238742729	3.8366440378401895e-05	1.4719837473094671e-09	0.0004801462067183	-0.0191500929663135	-1.7555782193298675e-05	3.0820548841854284e-10	0.0003667260606184	0.00024199611481	0.000545986881274	2.9810167452330896e-07	5.856211958313472e-08	0.0003430029195503	0.0001399894768639	1.95970536326284e-08	1.176510028200296e-07	2.2958475638698654e-05	0.000112927537713	5.270916036527194e-10	1.2752628773931966e-08	0.0	0.0	0.0	0.0	0.0	0.0	0.0	0.0	0.0
923.6600658744742	-1.2650311073382454	1.6003037025334277	853147.917291238	1064.0350177098835	2.2263487558514043	4.956628782681096	1132170.518912872	823.4383721036533	-0.8036012355452158	0.6457749457697974	678050.7526527145	840.8304131061639	724.8971049575474	1.094753	18.109592	0.0908272400987195	0.0530912525854274	-0.0931416822	-0.0807968488	-0.0400299192	0.0604544218	-0.0022765241	-0.0162236763	-0.0048693687	0.0072469089	-0.0286051241	-0.0232073468	-0.1103416139	0.0243717996	0.0551049959	0.1414258473	-0.0789369699	-0.0272389623	-0.0636077961	-0.0645407291	0.1827003708	0.0060333441	0.0702758953	0.099663924	-0.1168249718	0.0816776198	0.0031827366	0.0980134261	-0.1137791892	0.0510237607	0.0499269965	0.0701195933	0.0591168426	0.0094639491	0.0593869399	-0.059522582	-0.0804985071	0.0417062376	-0.0493285619	-0.0126064908	-0.0247742533	0.0823890713	-0.0798657557	-0.0729161227	-0.0428524429	0.0853372231	0.030786047	0.1150295725	0.2328483135	0.0603474055	0.2105237966	-0.0996718357	0.1283350958	0.0865716703	-0.0625138679	-0.1232717275	0.0332136572	0.132438535	0.1263810342	-0.038345399	0.0289809594	-0.0435107401	-0.0868760461	-0.0136394741	0.0526499578	-0.0031863928	0.1576297294	-0.0197526498	0.0763460353	-0.0189559556	0.1227950004	-0.0274288645	0.0531162344	0.0390002431	-0.0475538119	-0.0987326429	-0.0496301381	0.1564380043	0.0009248398	-0.0036568518	0.0465394202	0.0866470379	0.1028884638	-0.0513881557	0.097141307	-0.0254548902	0.1541282162	-0.1648341159	0.1491994693	-0.0280484893	-0.0760927569	-0.0725259299	0.017071152	0.082880263	0.0144503497	0.0007364072	0.0811816338	0.1232545146	-0.0407568344	-0.0791900721	0.0221786215	0.0840162503	-0.0715955073	-0.0704847483	-0.0056757065	0.1378320437	-0.0416625864	-0.1430133411	0.0619212309	0.0635818805	0.0090611762	0.2270336258	0.0637759273	-0.172082078	0.1109488906	0.0616009311	-0.0050684204	-0.0703125971	-0.0087278277400741	-0.0074097567401878	7.617497706040697e-05	5.490449494875853e-05	-0.0055514077826046	-0.0274636465253336	0.0007542518804684	3.0818128368762914e-05	-0.0190990530118284	5.103995448509785e-05	2.6050769538408603e-09	0.0003647738259486	-0.0005649998692083	-0.0008069959840183	6.512425182216644e-07	3.192248522053961e-07	3.199347534432739e-05	-0.0003110094442059	9.6726874385308e-08	1.0235824646080847e-09	2.3008984988685973e-05	5.0509349987319094e-08	5.294133902095764e-10	2.5511944361414907e-15	0.0	0.0	0.0	0.0	0.0	0.0	0.0	0.0	0.0
922.3929574220576	-1.2671084524165508	1.6055638301854664	850808.7679018098	1062.4793931264726	-1.5556245834109177	2.4199678445123918	1128862.4608183976	823.6419820687494	0.2036099650961205	0.0414570178864434	678386.114626138	840.6628844306795	717.305572281465	1.022502	16.9144	0.1061245870687278	0.0565826921245616	-0.083881279	0.0400659016	-0.0476554885	-0.0372652583	0.0052256824	-0.0565256404	0.0151910464	0.1367004499	0.0445287092	-0.0066406885	-0.0867316142	0.010605063	0.0008809498	-0.0100332215	-0.0832575202	-0.0285511306	0.0286547556	-0.0139318882	0.036658811	0.014883928	0.096537653	-0.033622215	-0.2168247188	0.011946017	-0.0780305338	-0.0877096878	0.0354507107	0.0702726574	0.1271264855	0.0354079182	-0.2006955817	-0.0403076589	-0.0377680453	0.0048512466	0.0882238409	0.0332272107	-0.0958630845	0.0987089735	0.0399438874	-0.0620747842	-0.0305595967	0.1013272395	-0.0808956969	-0.0668564877	-0.0582870234	0.0412597505	-0.0236172485	-0.0619134749	-0.0095654772	0.1114181464	-0.1093622404	-0.040635316	-0.0882241767	-0.0303207004	0.0562137435	0.0116765161	0.0626502845	-0.0302499926	0.0763496062	-0.1570503897	-0.1042006242	0.1432776296	0.0509435497	0.0813350291	-0.0365837898	-0.0199277874	-0.0764043979	-0.0416995543	0.1086271241	-0.1168035358	0.0840743275	0.1752484731	-0.051421986	-0.0155352053	0.1647813995	0.0213320235	0.0130882947	0.0948212482	-1.15864e-05	-0.0716400538	0.0321169804	-0.0023635569	-0.0486900232	-0.0210675816	0.0508820902	0.1129522835	-0.033634935	-0.0357405387	-0.0900436621	-0.0475487333	0.0099874005	0.0908994438	0.033530593	-0.1243433344	0.0320036748	0.0467498763	0.0206275786	0.0738408848	-0.0403142597	-0.0370224208	0.1125019024	-0.1165612034	-0.0402321033	0.1282482515	-0.0174619155	-0.1290409179	-0.0367904782	-0.0559051566	-0.0364396	-0.0649942557	-0.0255366616	-0.0838333875	0.1091829923	0.0555787436	-0.0151740128	-0.0812449131	0.0064925929713268	0.0152204207114009	4.215376349132217e-05	0.000231661206632	-0.0003038595797306	0.0052475482028739	2.7536762141486137e-05	9.233064419405689e-08	-0.0364511351044427	-0.0173520820926143	0.0003010947529488	0.0013286852504023	0.0003150075324523	0.0008800074016606	7.744130269774405e-07	9.922974550168685e-08	0.0004619948783686	0.0004300014030242	1.849012066028429e-07	2.134392676388175e-07	-3.307293156321463e-05	-5.60819165519006e-05	1.0938188021850783e-09	3.145181364134342e-09	0.0	0.0	0.0	0.0	0.0	0.0	0.0	0.0	0.0
926.5953806757544	4.202423253696793	17.66036120321154	858578.9994896463	1070.322617424859	7.843224298386303	61.51616739479732	1145590.5053712009	824.313399125826	0.67141705707661	0.4508008645334158	679492.5799783733	840.3550060543741	722.6140835734005	1.085949	17.963959	0.0946801256201043	0.0386817807178926	-0.1125704925	0.0565033768	0.083242797	-0.0851338411	0.040002366	-0.1016747984	0.1563760751	-0.0790909477	-0.0279261027	0.0255592108	-0.0007328873	0.078743808	-0.0948280128	-0.0612251146	-0.121372959	0.0732936311	0.0281159838	0.022922401	-0.1609336205	0.0488700813	-0.1176385944	-0.0796016798	0.0004635809	-0.0869755386	-0.0708283267	-0.0390852833	-0.0377036725	0.1839991267	0.0247398084	0.1534507709	0.1031694324	0.1195888738	-0.0529474081	0.3096337716	-0.0028262694	-0.0515528422	-0.0138012751	-0.139338453	0.0285826971	0.130998723	0.0685130724	-0.0168799602	-0.0627846988	-0.0635772573	-0.0048912205	0.0301037751	-0.0464895785	0.0749544469	-0.1285618209	0.1243420623	0.0402753145	0.1126038945	-0.1177559959	0.164587233	-0.0421503793	-0.0999445123	-0.0725593392	0.1312699556	-0.0373795727	-0.1129950821	0.0880939354	0.052373003	0.011925338	0.0379504862	0.0359294978	-0.1985795636	-0.046819916	0.0505938068	0.1709729494	0.0375465408	-0.1480325605	-0.1058508679	-0.0529432476	-0.0702820012	-0.0397101794	-0.0183455493	0.0569617714	0.1245570156	0.163089021	-0.1345817423	-0.1068739799	0.0821029277	-0.0668382303	0.1922042764	-0.0794701405	0.0653019792	-0.0230587075	0.0573052628	-0.1147651144	-0.0111017205	0.0398117594	-0.0307102598	0.0647208178	-0.0959526527	-0.0100659158	-0.101086567	0.0142087685	-0.0129425567	0.0447598279	0.0164559048	0.1811414893	0.0741410744	0.0618701291	0.0199749917	-0.0513991608	0.1042841747	-0.0097144824	0.0376572431	-0.0884663141	0.0050514628	0.0844945514	-0.1661419917	0.1073422654	0.0494042187	-0.0251860523	-0.0912870929	-0.0086891839966369	-0.0151817769679637	7.55019185274108e-05	0.0002304863519049	-0.0201333914867376	-0.0198295319070069	0.000393210335651	0.0004053534527582	-0.0444399826505019	-0.0079888475460591	6.382168511417607e-05	0.0019749120579769	-5.301405440617457e-05	-0.0003680215868584	1.354398883938297e-07	2.810489964580837e-09	0.0001024927745443	-0.0003595021038243	1.292417626540978e-07	1.0504768833788713e-08	0.0002730027617355	0.0003060756932987	7.453050791521017e-08	9.368233002828881e-08	0.0	0.0	0.0	0.0	0.0	0.0	0.0	0.0	0.0
925.730341330242	-0.8650393455124004	0.748293069284522	856976.6648594064	1066.0546241639152	-4.26799326094374	18.21576647546118	1136472.4617012665	823.9835225243926	-0.3298766014333978	0.1088185721732487	678948.8453917062	840.8446562153873	735.3625317906659	1.161424	19.212479	0.0728905494876231	0.0391586752307104	-0.0995093531	0.0312335772	0.099065164	0.0188863135	0.0349834345	0.0057636454	-0.0375346355	-0.0467573546	-0.201330235	0.1037284713	0.0479390748	0.0084860149	0.099155181	0.0773115037	-0.1239662203	0.1563727863	-0.0590244485	-0.0629993115	-0.0180138246	-0.0385354752	-0.0565033393	0.084624014	0.0236007259	-0.0223962862	0.0633679172	0.2902250047	-0.0322898039	-0.0273313184	-0.0356932236	0.0124586869	0.1823824578	-0.0029668552	0.150359052	0.0863035061	-0.1746429378	0.0899395195	-0.0432889902	-0.0914368892	0.0282433627	-0.1494861546	-0.0473741604	0.0361993753	-0.0955410366	0.0411906259	0.0248803849	-0.004669627	-0.0364050678	-0.1606039065	-0.1184964563	0.1002197318	-0.0404905553	0.0038661723	-0.1206209974	-0.0295235944	-0.1741415061	0.0267122941	0.0292828272	0.0296103252	-0.0579126877	0.1044299773	-0.0145783177	-0.0631500367	0.0092665264	-0.1120851138	0.0988591356	-0.0039350162	0.1575351944	0.2047508887	0.0599899291	0.0527902256	-0.1049871547	-0.0983154672	0.2097720856	-0.1225856735	-0.0823046448	-0.002955067	-0.1570152851	-0.0372154238	0.0607058466	0.0093099966	-0.0351715772	0.0426827543	0.046374467	-0.0615862466	0.0219592323	0.1942974276	0.0728632389	0.1394014498	-0.1134441634	0.0344505067	0.0916282153	-0.018499054	0.0689961316	0.117396806	-0.0134782653	-0.0006328431	0.0727990701	-0.1021144101	0.0478398238	0.1519819237	-0.0333142645	-0.0377064745	0.089281251	0.0438544601	0.1310758692	0.1511296642	-0.0161936942	0.0831133138	0.2409237496	0.0064357927	0.0653104806	0.1437926238	0.1054279714	0.0430942802	-0.0350428114	-0.1003291122	-0.0087264885693656	-3.730457272870143e-05	7.615160275126849e-05	1.3916311464709742e-09	0.004471546493761	0.0246049379804986	0.0006054029730241	1.999472804586629e-05	-0.0170657747007538	0.027374207949748	0.000749347260876	0.0002912406661368	-0.0001340000330562	-8.098597865002544e-05	6.558728737902376e-09	1.7956008859062696e-08	1.5998449324872155e-05	-8.649432521942785e-05	7.481268295164152e-09	2.559503808005023e-10	2.300108591199896e-05	-0.0002500016758235	5.29049953131157e-10	6.250083791455889e-08	0.0	0.0	0.0	0.0	0.0	0.0	0.0	0.0	0.0
922.9383441435186	-2.7919971867233926	7.795248290671338	851815.18709038	1065.098230634417	-0.9563935294982002	0.9146885832660248	1134434.2409005656	823.7540945985769	-0.2294279258156848	0.0526371731440873	678570.8083679212	841.1897278900325	724.7366379767948	1.216993	20.131704	0.0602671654524214	0.0381232501685325	-0.1308230933	-0.0267503857	-0.035928394	0.0479461366	-0.0069797092	-0.0576044477	-0.0005733091	0.1614523371	-0.0516826451	0.0248367889	-0.1276756558	-0.0469156302	0.1164272365	0.1066237021	-0.1057835952	-0.0611448244	0.0069776726	-0.0584256751	0.1727968687	0.1003799259	0.0690898012	0.0593440426	-0.1578252578	0.1288203035	-0.065549845	-0.0155393774	0.1111384496	-0.1615601411	0.1279023328	-0.1220642945	0.0173074574	0.0035241039	-0.1597241354	-0.1558959494	-0.0905602481	-0.1728077543	-0.1797354144	-0.0069882166	0.0072734293	-0.0031708293	0.1548864468	0.0933517556	0.1884754603	0.0670553142	0.0567636016	0.0700115216	0.0580965431	0.0984923136	0.0382344007	0.0240710319	-0.0123960848	0.0278144071	-0.1149523748	-0.1340931639	0.0544536328	0.1006127114	0.1224146828	-0.0504973424	0.1089395483	0.0421669448	-0.1703588564	0.1272637679	-0.0740874506	0.0349229921	-0.0927815991	-0.0035027688	-0.1029607807	-0.1777833298	-0.1044437749	-0.1228324489	0.0909882693	-0.0943592851	0.2113301472	0.0874463365	-0.1132717523	0.0215976215	0.0860470307	0.2204936243	-0.0306175216	0.1580658551	-0.0814366318	-0.1537529033	0.0617171462	-0.0480488757	0.0004972166	-0.1358045678	0.0224533144	-0.0057498731	-0.1312015662	-0.0296742055	0.0156717799	0.0850845236	0.0350653907	0.0071622752	0.0393109978	0.1597658107	0.0061523475	-0.0503649399	0.0436636695	0.0045371669	-0.0689615811	-0.1513030716	-0.0157982344	0.1812982361	0.0221932851	-0.0791277604	0.0534768189	0.0137963011	0.020197292	-0.0283599569	-0.0517090789	-0.0134552375	0.1034414224	0.0366662233	-0.0446835199	-0.1082719048	-0.0086977834255606	2.870514380500129e-05	7.565143651795668e-05	8.23985280865804e-10	0.0079239338152916	0.0034523873215305	1.1918978217865226e-05	6.278872710912167e-05	-0.0183472749201456	-0.0012815002193917	1.642242812301226e-06	0.0003366224969954	0.0005050159599067	0.0006390159929629	4.08341439262361e-07	2.550411197604856e-07	0.000376977738457	0.0003609792891321	1.3030604718233638e-07	1.421122152921543e-07	-8.709508734685342e-05	-0.0001100961732588	7.585554239956026e-09	1.2121167366243241e-08	0.0	0.0	0.0	0.0	0.0	0.0	0.0	0.0	0.0
924.1169739863988	1.1786298428801274	1.389168306527634	853992.1816097784	1066.4971513294038	1.3989206949868276	1.9569791108624288	1137416.1737937331	823.4879226124409	-0.266171986135987	0.070847526203576	678132.3586885534	839.9026116423456	718.6578889292654	1.131469	18.716965	0.0487169371309216	0.0221798156552004	-0.110524474	0.0583099609	0.0436197877	-0.0684549001	-0.0142119181	-0.0979216931	0.071667121	-0.0108570843	0.0376975758	0.1485424202	-0.1168737992	0.1100617154	-0.0628161412	-0.0446724312	-0.1127614495	0.0362249449	0.085062178	0.0399516833	0.0350780007	0.2371831997	-0.0313161121	-0.0308792902	-0.1075591928	-0.0669460153	0.0225449568	-0.101362321	-0.0380645332	-0.1214738744	0.023648326	0.0524677121	0.1502627974	0.0899075978	-0.0997093347	0.0020197936	-0.0300945914	0.1659840347	-0.0772106312	-0.0383067123	0.1474478963	-0.1568594734	-0.0784762886	0.1579236051	0.092006421	0.0884462517	-0.0223718616	0.04364469	-0.0827139352	-0.1449086541	0.0149257251	-0.0499654282	0.0431888625	-0.1146836841	-0.1112765425	0.1148893467	0.0958294409	0.0705903262	0.0729890813	0.1163668988	0.0766794609	-0.0162723584	-0.0229405882	0.0976683813	0.004778862	-0.0394791619	-0.0052117556	-0.0075224688	-0.2111435314	0.1080428973	0.0567410124	0.0006051817	-0.0864500214	-0.0360819111	0.2195783272	-0.0805981496	0.069088616	-0.0405885254	0.0936442977	0.0171353147	-0.1621340388	-0.0941899541	0.1087174722	-0.0064523309	-0.0172454238	-0.1128304473	-0.0609117958	0.0688855119	0.1375406776	0.1180620205	-0.1205945706	-0.0075887452	0.0034538597	0.1382126632	0.0314606289	-0.0985380731	-0.0206843204	0.1020243994	0.0692333141	0.0889055943	0.0328739711	0.0533754049	0.1904819806	-0.0658253179	0.0581954818	0.1016449744	-0.0048003201	0.0372545478	-0.0864500419	-0.0176186432	-0.0491363914	0.016453719	0.1073312193	-0.0531158439	0.1013839798	0.0301376669	-0.0540487397	-0.1150284477	-0.0139496593176033	-0.0052518758920427	0.0001945929950771	2.75822003854193e-05	-0.0069514594950987	-0.0148753933103903	0.0002212773261388	4.832278911199788e-05	-0.0275827801698653	-0.0092355052497197	8.529455721760016e-05	0.0007608097618991	0.0002729953086675	-0.0002320206512391	5.383358260146248e-08	7.45264385544636e-08	0.0004220027827652	4.502504430819998e-05	2.0272546149553715e-09	1.7808634866157258e-07	2.2942470681126207e-05	0.0001100375580279	5.263569609543356e-10	1.2108264176760984e-08	0.0	0.0	0.0	0.0	0.0	0.0	0.0	0.0	0.0
926.2012017009836	2.084227714584813	4.3440051662434325	857848.6660323461	1071.3022292606415	4.805077931237747	23.08877392526803	1147688.4664188202	824.1729605026358	0.6850378901948488	0.4692769110026097	679261.0688236792	840.4005104073843	727.6649996910054	1.135315	18.780584	0.0343552624446981	0.0202209977436241	-0.1497633901	0.0208392621	0.1404613805	-0.0613374808	0.036611729	-0.0915376436	0.098303273	-0.1526315414	-0.1634049573	0.0623940385	-0.0090569947	-0.0450115201	0.0707874487	-0.1347200959	-0.113571923	0.1758959064	0.0086905039	-0.0690667291	-0.0933470304	0.0362518865	-0.1205973251	-0.0132442212	0.0101095263	-0.195777123	0.0538672635	0.0553175782	0.0531447965	0.0857287284	-0.0391776122	0.0866311828	-0.1211103093	-0.1208608471	0.0637239507	-0.0108951897	-0.000821822	0.0477744722	-0.0767416445	0.1030031766	-0.1411824086	0.0029648373	-0.0703065106	0.0411263579	-0.0292066214	0.049539241	0.133261712	-0.2397905228	0.0893667946	0.064318822	0.0003031375	-0.000764427	0.0919642527	0.0322531925	-0.1076168639	0.1065226436	-0.1531997898	-0.0239888179	0.0546159335	0.1573710017	-0.0601209905	-0.0878395902	0.0294387058	0.0182472318	0.0678700481	-0.1349825578	-0.0956408159	-0.0233421179	0.0718283198	0.0700015613	0.0814591757	0.0748719892	0.1042347112	0.0864371991	-0.0895510603	0.0644394577	0.0674880892	-0.177704162	-0.0097032704	-0.0463798366	0.062144758	0.1381885495	-0.0396952898	0.0290166831	-0.1227997504	-0.1626031101	0.0715761979	-0.1038494548	-0.0147882403	0.0470567494	-0.1506346393	-0.0065853886	-0.0001822834	0.1083839657	0.0396486771	-0.0839411712	0.0217018002	-0.1367122391	0.0850784963	-0.0897365007	0.0123871524	0.1359982048	0.0297208755	0.0798748916	0.0664664666	0.1046833243	-0.0239782158	0.0151913978	-0.0806077719	0.0508878901	-0.0828684309	0.0499326888	-0.0399227075	-0.0432805133	0.0992570537	0.0235265052	-0.063080731	-0.1205247148	-0.0216215613349817	-0.0076719020173784	0.0004674919145623	5.885808056425477e-05	-0.0134170438656013	-0.0064655843705026	4.180378125208751e-05	0.0001800170660914	-0.0301979950564543	-0.002615214886589	6.839348903036723e-06	0.0009119189054296	0.0002729988353694	3.5267019000235693e-09	1.2437626291629856e-17	7.452836411304876e-08	7.000310184879233e-05	-0.0003519996809164	1.239037753652528e-07	4.900434268452391e-09	2.299048646738092e-05	4.801578625471264e-08	5.285624680068251e-10	2.305515729658252e-15	0.0	0.0	0.0	0.0	0.0	0.0	0.0	0.0	0.0
924.4319735650269	-1.7692281359567232	3.1301681970609017	854574.4737493305	1059.9949377150765	-11.307291545565022	127.85484209640622	1123589.2679815888	824.1236374192652	-0.0493230833706093	0.002432766553184	679179.7697531604	840.5726590418064	730.5794943600926	1.156831	19.136497	0.0718783663220317	0.0428761986846999	-0.0958523124	0.0117272859	0.1521813897	0.139975174	0.0498911535	0.0028577781	0.0010647513	0.0463690766	-0.1593023316	-0.0253393168	0.0445544578	0.1154559426	0.0447549288	-0.0922497898	-0.0899410831	0.0382676042	0.0201951183	-0.1778284264	-0.050612306	-0.1721197227	-0.017088304	0.1575430038	0.0152179528	-0.1455949358	-0.0695734888	-0.0188206306	0.0161838389	0.0465607213	-0.0344781196	-0.0042030003	-0.0307003012	0.0174341341	0.0632240048	-0.0460842347	0.2850724264	0.0411443257	-0.032662796	0.2121915709	-0.0686457503	-0.0130666638	0.1063764868	0.0497824716	0.1247579162	-0.119080753	-0.0022570245	-0.0024193052	-0.0061475225	-0.019532406	-0.1238288688	-0.11751682	-0.0379315873	-0.0702584225	-0.0735856075	-0.0910323959	-0.1120455151	-0.1350517269	0.0554138419	0.0971351988	-0.1630822943	0.0187596971	-0.0394017843	0.0159720446	0.1640646142	0.0881796813	-0.0485113839	-0.0115250019	0.0502480075	-0.0303478795	0.0615082283	-0.000875036	0.0455717218	0.0580699136	-0.0537204036	0.2455432354	0.1068097751	0.0991292157	0.1220634119	-0.1083546539	-0.0424863202	-0.0089151576	-0.0272483111	-0.2111287952	-0.0412329803	0.0396857859	-0.0446051588	0.1011260279	-0.1217528808	-0.0623873962	-0.1313588883	0.0652586825	0.0851197989	0.0109227353	0.0691274379	0.1188993936	0.0437304927	-0.1531260856	0.0520435817	-0.109874645	-0.0955103074	0.0215179417	0.1095874655	-0.0610388679	0.1661960135	0.093962262	-0.0126828079	-0.0153931175	-0.018978526	0.0261929315	0.1176494969	-0.0941164481	0.1614682314	-0.0573115347	0.0970621018	0.016850859	-0.0717238087	-0.124700488	-0.021597406013825	2.415532115669985e-05	0.000466447946526	5.834795401833117e-10	0.0203328967288882	0.0337499405944895	0.0011390584901315	0.0004134266893876	-0.0301956626128259	2.3324436284020977e-06	5.440293279673543e-12	0.0009117780406276	-0.0001480048342658	-0.0004210036696352	1.7724408984630466e-07	2.1905430966046924e-08	0.0004109982090709	0.0003409951072221	1.1627766314941673e-07	1.6891952785948725e-07	2.3030468865215954e-05	3.998239783503476e-08	5.304024961516815e-10	1.598592136638992e-15	0.0	0.0	0.0	0.0	0.0	0.0	0.0	0.0	0.0
926.7011480406647	2.2691744756378966	5.149152800886523	858775.017779886	1071.813694908505	11.81875719342861	139.68302159722052	1148784.596593422	825.0470775094501	0.923440090184954	0.8527416001607959	680702.6801068846	841.435547418049	725.1393463666084	1.271114	21.026993	0.1762729399490414	0.0840679087527621	-0.1680811275	-0.0377226149	-0.0061156176	0.1645356177	0.0520783252	-0.0774395308	0.1390200746	0.0106008437	-0.1700632584	-0.1065112642	0.0583540968	0.0726728203	0.1083789546	-0.0261044149	-0.0829120428	-0.0219723442	0.0084152309	-0.171013208	0.0546929702	-0.0562352815	-0.0966358386	-0.0499299317	0.0451129515	0.1184509006	-0.0323345639	-0.037545461	-0.135876811	0.1355809848	-0.0341315331	-0.1361381164	0.1009024835	0.0310544885	-0.012461798	-0.1093971177	0.0867722246	0.167621203	-0.1836549665	-0.0374691816	0.0877003891	0.2668391821	-0.0912818716	-0.1331796615	0.0463122277	-0.0684116031	0.0423743241	-0.0824073388	-0.0094679225	0.1954607484	0.044923293	-0.0058518137	-0.141279442	0.1488898509	-0.0844940809	-0.1107561797	-0.0112527282	-0.0503600096	0.0527366619	0.1124066123	-0.0513052022	0.0675485696	0.0768030094	-0.1071596014	-0.0989349525	0.0561872494	0.2040565127	0.0092682204	-0.0804856932	-0.001056261	0.0464418851	-0.0558703922	-0.1209854017	0.2059434096	0.0035667469	0.0543299572	-0.1692491492	0.086036189	0.2165054653	-0.0523333381	-0.0070807995	0.0151589186	-0.0117722737	0.0662875812	-0.0146610057	-0.049252705	0.0456096725	-0.260291529	-0.2146161993	-0.1559648914	-0.1416030027	0.0201300796	0.0118664294	-0.1203464476	0.046322306	0.05265172	0.061604184	0.0242206385	-0.1609098694	-0.105606356	0.156719472	0.0756391503	-0.1595755502	0.2050000716	0.0027445646	0.0247453068	-0.0318472174	0.1342326716	0.0823492248	0.2209845406	-0.0007670907	-0.2441233195	-0.0586609269	-0.2813838	0.0948006283	0.0101290257	-0.0799246852	-0.1275100165	0.0156145780038059	0.0372119840176309	0.0002438150462369	0.0013847317545284	0.0146193868463768	-0.0057135098825113	3.264419517755543e-05	0.000213726471764	-0.010212709613711	0.0199829529991149	0.0003993184105648	0.0001042994376539	-0.000728290060402	-0.0005802852261362	3.367309436719408e-07	5.304064120803487e-07	-0.0005992552224172	-0.0010102534314881	1.0206119958334813e-06	3.591068215942879e-07	0.0006997816722366	0.0006767512033713	4.896943887982522e-07	4.579921912646164e-07	0.0	0.0	0.0	0.0	0.0	0.0	0.0	0.0	0.0
922.3002529085204	-4.400895132144342	19.367877964131765	850637.7565151207	1057.21654183524	-14.59715307326519	213.07687784433537	1117706.8163300636	823.2114300832875	-1.835647426162609	3.369601473177411	677677.0586197714	839.3746147378323	718.2005920555439	2.300135	38.049236	0.7200021545866333	0.3461735299553458	0.1542159319	0.0407919568	-0.1610350529	-0.0692667442	-0.1007168524	0.0911824177	-0.3877555693	-0.0109357099	0.3207732115	0.2341917599	0.1703474869	0.2458322379	0.1408829359	-0.0764682226	0.1499230384	-0.1780133235	0.0950188266	0.0663916401	0.2203335591	0.0754810411	0.2020767629	0.0654432467	0.1126380775	-0.1744917651	-0.199793971	0.1697164047	-0.0891215082	0.0429138614	0.1198405475	0.084421568	0.1422823195	-0.1305821337	-0.0381403952	-0.0933310997	0.0982411513	-0.061213369	0.0772061252	-0.1631083664	-0.0441323011	-0.1887249798	-0.1029534702	0.1054259424	-0.195408423	-0.0256972082	-0.0429039407	-0.1028704691	-0.0057343444	0.2679439286	-0.0992898854	0.0116604015	-0.0449691541	0.1448739254	0.1627789189	-0.0082467747	0.2168891098	0.0814734716	0.0468736021	-0.1010036405	-0.1276715288	0.2525286863	0.1523031236	0.2767259867	0.3242635879	0.0075159241	0.0925944944	-0.0094113627	0.1869403938	-0.1893680822	0.0794285909	-0.1202732267	0.0411218753	-0.2440914081	0.0920033507	0.0886357451	-0.0505216831	-0.1749163313	-0.0962840304	-0.0155001155	0.0065112682	-0.0983548398	0.1620853095	0.2128929847	-0.0779256771	0.0407493514	0.1170484331	-0.0709655837	-0.0363490527	0.0590340408	0.181457959	0.0956807978	-0.0462480617	-0.1248475604	-0.2173049306	0.0597169936	-0.1950425999	0.3036726061	-0.1117685195	-0.0858902255	-0.4796802459	0.1699847291	0.1095749682	0.0567819388	0.0496692042	-0.0812629637	0.3110101158	0.1150208985	-0.0054310968	0.2175680353	-0.275406406	0.0558405411	0.0092955344	-0.0359640371	0.0924741833	0.0033794295	-0.0876327994	-0.1289225186	0.0612427034573386	0.0456281254535327	0.0037506687267635	0.0020819258324033	0.0982509464485872	0.0836315596022104	0.006994237761498	0.0096532484780431	0.1833556992894642	0.1935684089031752	0.0374687289253068	0.0336193124619284	-0.0050810491928395	-0.0043527591324375	1.894651206501806e-05	2.5817060900054937e-05	-0.0025000901958009	-0.0019008349733837	3.613173596038612e-06	6.250450987139783e-06	0.0023896687789697	0.0016898871067331	5.710516873182538e-06	2.855718433502768e-06	0.0	0.0	0.0	0.0	0.0	1.0	0.0	0.0	0.0
923.8796365096396	1.5793836011191615	2.494452559484131	853553.5827571837	1063.0261679755315	5.809626140291584	33.75175588995929	1130024.633800743	824.2418617102893	1.0304316270018037	1.0617893379255838	679374.6465956437	840.1131243355215	723.1161151305895	1.467525	24.276062	0.1236469803370304	0.0517612573064987	0.1973851934	0.1084746329	-0.1551879581	-0.0406353364	-0.0467925753	0.0617884698	0.0233806699	-0.0705172551	0.3524417585	-0.1410115013	-0.1351756103	-0.2047863667	0.1953267626	-0.142100887	0.1551010862	-0.1196658569	0.1288605272	0.1632904803	0.1182919267	-0.132885075	-0.0526548417	0.0011531271	0.1145260086	-0.0135154151	-0.0270057295	0.0661684796	-0.0375927234	0.0406521765	0.1718842146	0.0574629763	0.0038831532	0.010877211	-0.1213212691	-0.1840885124	-0.0679513156	0.0412213705	0.0638709733	-0.0573410914	0.0016125614	-0.1272544138	-0.0361108981	-0.1791662557	0.0515063673	-0.0165252411	-0.0971748682	0.1090960561	0.038350044	-0.0552087412	-0.1079704802	-0.1314414207	-0.0931034061	-0.0129116459	0.1810105224	0.1253342258	0.1975624357	0.0028835813	0.0714191151	-0.1545897706	-0.1344132079	-0.1694835138	0.0274569647	-0.1454479987	0.0329929504	-0.0091010526	-0.070263414	-0.0195244928	0.0844066707	-0.1896786671	0.1038468784	-0.161084316	0.1285518655	-0.1211210394	0.0698249122	-0.339473456	-0.1154383466	0.0984834348	0.0946225321	-0.1989194308	-0.0685251086	-0.0745322802	0.0367887837	-0.098063079	0.0693546353	-0.0285480343	-0.0515411501	0.0581050294	-0.1098665475	0.0037210225	0.2096538832	0.1058609108	0.013970003	-0.0542370227	-0.220080207	-0.0234135831	-0.0849151118	0.0825021278	0.0046645235	-0.0475893709	-0.2510187249	-0.045936542	0.1456979426	-0.030612402	0.0935566818	0.0149347765	0.095751758	-0.0978787042	-0.114056751	-0.2685095455	0.1794201439	-0.017315537	0.0117731845	-0.0060930548	0.090084361	-0.0033794295	-0.0948006283	-0.1289225186	0.0407188764887536	-0.020523826968585	0.0016580269025063	0.0004212274734364	0.1242317986333603	0.0259808521847731	0.000675004680247	0.0154335397916797	0.1633217163934119	-0.0200339828960523	0.0004013604706793	0.02667398304569	-0.0055083586646837	-0.0004273094718441	1.8259338472776906e-07	3.0342015178796e-05	-0.0020219503659715	0.0004781398298294	2.2861769686928794e-07	4.088283282452282e-06	0.0021529517148909	-0.0002367170640788	4.635201086651667e-06	5.6034968426086704e-08	0.0	0.0	0.0	0.0	0.0	0.0	0.0	0.0	0.0
926.7492076847116	2.8695711750719965	8.23443872880408	858864.0939442406	1071.6005245390393	8.574356563507763	73.51959047816865	1148327.684192344	825.2138472905768	0.9719855802875372	0.9447559682869004	680977.8937601155	842.1131538382211	726.685681095061	1.408121	23.293381	0.2773242949021044	0.1406838295350333	0.0312501538	-0.0153277846	-0.1327350663	-0.0527365105	-0.0087864261	0.0023020371	0.1032931457	-0.0641764545	0.0824424508	-0.2459048956	0.0046946675	-0.1235527705	0.0937436505	0.1576886922	0.0449640072	-0.0537863135	0.0281174685	0.1485991849	0.14652218	-0.1092239579	-0.1645271029	-0.0687813694	-0.0142260567	0.0607877292	0.3568900976	0.0464111002	0.0248300988	-0.0142395206	0.1351816892	0.0969026249	-0.0977550369	0.0636987421	0.002180849	0.1155043526	-0.1845004391	-0.1035968629	0.1298290782	0.1131974053	-0.049982228	0.1373681097	-0.0393492027	0.1457934008	0.0210555052	-0.0629328615	0.0125374729	-0.1493303694	0.0540398719	0.1241040601	0.0283368537	0.1806081592	0.1106761953	-0.1717190045	0.0522625804	0.0225378224	0.0979388682	0.0718613109	0.0338362357	-0.171867291	-0.0435839249	-0.135487301	-0.0911723897	-0.2346407746	-0.168878459	-0.2948764391	-0.0547424746	0.0274431579	-0.0690381089	0.0521164535	0.0906962891	0.0730618826	0.0386714719	-0.0649873594	-0.1612540828	-0.0446713487	-0.0178334303	0.0803710641	-0.1447182028	0.060603986	0.0688744359	0.0487305225	-0.0269323642	0.037940475	-0.2632868264	0.1013411789	0.0421826818	-0.0851510476	0.0834594052	-0.0705605758	0.080499888	-0.0597993713	-0.0845877078	0.040693855	-0.1809367423	-0.124411692	0.024707048	0.0102717009	0.0094506113	-0.0262568014	0.0344748833	-0.0734890821	-0.2494799275	0.0792806625	-0.0584374902	0.0794328559	-0.2644949976	0.0502223565	-0.1413703398	0.044208936	0.2421394127	0.0507043461	-0.0934583991	-0.0792791381	0.0876327994	-0.0101290257	-0.1013839798	-0.1275100165	0.0206571505245278	-0.0200617259642258	0.0004267178677929	0.0004024728486636	0.0387771272873891	-0.0854546713459712	0.0073025008548479	0.0015036656006623	0.1186221662203195	-0.0446995501730923	0.0019980497856768	0.0140712183188011	-0.0035799276214706	0.0019284310432131	3.718846288427966e-06	1.2815881774968148e-05	-0.0017387703435256	0.0002831800224458	8.019092511246031e-08	3.023322307524133e-06	0.0018223958321736	-0.0003305558827173	3.3211265691237083e-06	1.0926719159901341e-07	0.0	0.0	0.0	0.0	0.0	0.0	0.0	0.0	0.0
922.504101190208	-4.245106494503602	18.020929149676665	851013.8167127535	1061.6588267977274	-9.941697741311827	98.83735397960469	1127119.464517527	823.8581161611056	-1.3557311294712235	1.8380068954173197	678742.1955645258	840.4954419130484	721.6827759862076	1.281895	21.205334	0.0743688708476616	0.0347391634758687	0.088559792	0.0719053919	-0.1335831533	-0.0325597192	-0.0178209803	0.020950478	-0.0499235921	0.1954882048	0.1518867094	-0.0447348446	0.0197620471	-0.11694891	0.0212863094	0.0065483361	0.0670088913	-0.0360860397	0.0498041962	0.0655772882	0.0237400551	-0.1710013805	0.2103579493	-0.0419706645	-0.0204370488	-0.0628820198	0.0767412417	-0.0433425749	0.1367585265	-0.0764225954	-0.0033425851	0.1570635998	-0.0404968104	-0.0118945076	0.1188714081	0.0493254876	-0.0292554215	-0.0625331954	-0.1501896996	0.1299177479	-0.0059465035	0.0846623748	0.1351178437	0.1050640175	-0.0309788183	-0.0167487414	-0.1907228366	-0.0306065564	0.0226071668	0.0448217594	0.0325016628	-0.1003635395	0.0717892699	0.1137673827	0.0574686858	-0.0134249951	0.0197445314	-0.0678053556	0.0089573203	-0.2738235549	0.0500994741	-0.0416877105	0.0047915405	-0.0413877953	0.0935786286	0.0752483209	-0.1096916268	0.0747590196	0.016261283	0.1034989912	0.065478139	0.1296911225	0.0112844643	-0.0100442907	0.0037957429	0.1188918914	-0.0018543267	-0.015274485	-0.0208194382	0.2137786719	0.0181666324	0.1200368708	0.0914215467	-0.0198625738	0.1085821798	0.1268854746	-0.0748526875	-0.025605174	-0.0978587913	0.0305957473	0.0906292526	0.0222993755	0.0061779018	-0.0242562509	-0.1925458876	-0.0444804495	0.0153910293	-0.0662435416	0.1074641181	0.067812473	-0.019399669	-0.1150311037	0.0389795302	-0.1737261454	-0.0367608256	-0.0012849039	0.0544610339	-0.0500379919	-0.0061433769	-0.0443802819	0.1635360245	-0.0152863725	-0.0385092909	-0.0695161811	0.0851211787	-0.016850859	-0.1073422654	-0.124700488	0.0124010856425655	-0.0082560648819622	0.0001537869251142	6.816260733517114e-05	0.0589386669804241	0.0201615396930349	0.0004064876827938	0.0034737664654293	0.1188298538125138	0.0002076875921943	4.3134135951468167e-08	0.0141205341571034	-0.0032899405448932	0.0002899870765774	8.409250458190688e-08	1.0823708788932163e-05	-0.0013860553003597	0.0003527150431659	1.2440790167552277e-07	1.921149295655218e-06	0.0015502263783075	-0.0002721694538661	2.403201824000388e-06	7.407621161777123e-08	0.0	0.0	0.0	0.0	0.0	0.0	0.0	0.0	0.0
922.748812470407	0.2447112801989988	0.0598836106566329	851465.3709155463	1069.005063011533	7.346236213805469	53.96718650902691	1142771.8247442914	823.567196928632	-0.2909192324735841	0.0846339998230192	678262.9278568842	840.5623346103948	721.4619106110084	1.095979	18.129877	0.0626051003817554	0.031339400658237	0.0382902388	0.0603379007	-0.0146119624	-0.0822023769	0.0529150203	0.0024682247	0.0638341963	0.113195474	0.0318580071	0.0019552157	-0.0373010673	-0.080026814	-0.1640671638	0.0105136574	0.0035600478	0.0309512672	0.0102531963	0.0945824203	-0.1114782595	-0.092945107	0.1917238086	-0.0389281959	0.0064650229	-0.1177906786	0.062393799	0.0031979134	-0.0559677888	-0.0111318827	-0.1076305617	-0.0586242575	-0.0897871404	0.0581625045	-0.1155761183	0.0616258466	-0.0741361251	-0.1540584104	-0.0770730338	0.0026581837	0.0055783425	-0.0461075641	0.0162029747	-0.0555428568	0.0490565426	0.0604557072	-0.1090873253	0.028565927	-0.2440675007	-0.0624580101	0.0571182167	-0.0805723211	0.043952188	-0.0228543971	-0.0233278201	0.0826212576	-0.0663993098	-0.0831463034	-0.099176425	-0.1556900698	0.1247709427	-0.0147184452	0.0516881916	-0.0820532224	0.1391631633	-0.0044924093	0.0091452856	-0.0811070011	-0.0769444914	0.0526465251	-0.1701603661	0.0073545294	0.0337497639	-0.0733981471	-0.0004325192	0.0303549632	0.0497002221	-0.0140874914	-0.0158888502	0.1815589183	0.0059808718	0.0670720421	-0.0198692008	0.0761994155	0.00972925	-0.0594737926	-0.1459075594	0.040986032	-0.1142855069	-0.0861380013	0.0431388217	-0.0079090267	0.0158893783	-0.0095184257	-0.1347175893	-0.0713376198	-0.0212687199	-0.1051684252	0.0990633218	0.1105986983	0.1867125992	-0.0372808779	0.06744993	0.0132767329	-0.2808736964	-0.1385541312	0.0010884081	0.0604137589	0.161227694	-0.0818851637	-0.0548079776	-0.043021518	0.0023720027	-0.0997895128	0.0825512202	-0.0235265052	-0.1126387502	-0.1205247148	0.0125634159277723	0.0001623302852067	0.0001578394197742	2.6351121495320904e-08	0.0599131054699881	0.000974438489564	9.495303699437728e-07	0.0035895802070579	0.1015473676501841	-0.0172824861623297	0.0002986843279511	0.0103118678766816	-0.0029513753860143	0.0003385651588788	1.1462636680669476e-07	8.710616669171058e-06	-0.001708962372737	-0.0003229070723773	1.0426897739127886e-07	2.920552391430877e-06	0.0013279817006706	-0.0002222446776368	1.7635353973159794e-06	4.939269673792953e-08	0.0	0.0	0.0	0.0	0.0	0.0	0.0	0.0	0.0
922.7790791012636	0.0302666308566585	0.0009160689434132	851521.2288269761	1061.3534538632348	-7.651609148298121	58.54712255831949	1126471.1540274178	823.730899177809	0.1637022491769357	0.0267984263855875	678532.5942602817	839.6456936955312	720.7490717106467	1.067926	17.665827	0.0714178395063858	0.0392688517060289	0.0632824614	0.0352919903	0.0655549693	-0.0235553503	0.114085906	0.0629954593	-0.1184454868	0.0945147279	-0.1278087584	0.0032042958	0.0823846116	0.0039643577	-0.1286371639	-0.0031615357	0.0195150294	0.0514649683	-0.0392916053	-0.0035363616	-0.1625120051	-0.1213957474	0.1335595133	0.0566144573	0.0324252416	0.0041333675	0.09022918	0.0901223404	0.01834439	-0.0029006636	0.0671937021	-0.1977391816	0.0047341406	0.0074639824	-0.0498054438	0.0983557518	-0.0410108517	0.0147958374	0.0076473246	0.1353164982	-0.057180072	-0.1121905069	-0.0406097784	-0.0035424627	-0.1491991086	-0.0534079133	-0.0608717206	0.084492862	-0.0675011111	0.0166152926	0.1343856719	0.0863988569	0.0303401984	-0.0880452075	0.0139393541	-0.0221362352	-0.1655206905	-0.1039818111	-0.109705459	-0.0557800794	0.0418167736	0.0403865713	-0.0385058535	-0.0713113141	0.1259291238	-0.0965239397	-0.033831127	0.0653915968	0.1115367403	0.0252962508	-0.0594992986	-0.1696772785	-0.1523092623	-0.0260940522	0.0038005229	-0.0409783862	0.1654363202	0.0412942106	-0.1010941725	0.034448982	-0.064357677	0.071541666	0.0408873114	0.0601459021	-0.0540170781	-0.0964888891	-0.034861769	0.1112427261	0.035605102	-0.1184527976	0.0375646433	0.0140173534	0.0412044385	-0.0323321892	-0.099330647	0.01358716	-0.0553433381	-0.2132810819	0.1269596318	0.0267688406	-0.0097520473	0.0423896809	-0.029087292	-0.0884443779	-0.1874829141	-0.1183565133	0.0541241962	0.0018841935	-0.0455362182	-0.0016192031	0.0108052796	-0.0175882129	0.0694599522	0.1415254263	0.0799246852	-0.0301376669	-0.1172407796	-0.1150284477	0.0123361793362306	-0.0002272365915416	0.0001521813206156	5.1636468535489296e-08	0.0472860913762502	-0.0126270140937378	0.0001594414849234	0.002235974437643	0.0809947087417128	-0.0205526589084713	0.0004224117882079	0.0065601428441548	-0.0027242249559615	0.0002271504300527	5.159731787317197e-08	7.4214016106834365e-06	-0.0011773121694882	0.0005316502032488	2.826519386144904e-07	1.386063944425012e-06	0.0013293996656217	1.417964951100012e-06	1.767303470955088e-06	2.0106246025480588e-12	0.0	0.0	0.0	0.0	0.0	0.0	0.0	0.0	0.0
924.137291174468	1.3582120732044132	1.8447400357982304	854029.7329392835	1067.244490487235	5.891036624000208	34.70431250531176	1139010.802475358	824.31015597216	0.5792567943510676	0.335538433801875	679487.2332388468	841.1516089333676	723.0710690615616	1.001874	16.573174	0.0460709329802742	0.0275326760432607	0.0268027832	-0.0289555818	0.1272603896	0.048304711	0.1108516334	0.0138559581	-0.0040219547	0.0998924845	-0.1398202212	-0.1090282924	0.0431777139	0.1010635596	-0.2046432686	0.0203056944	0.0331890024	0.0363034073	-0.0398233943	-0.0092346035	-0.0962883291	-0.0736485033	-0.0012711259	0.1641530912	0.1440483733	0.035795529	-0.0438360252	-0.0904318598	0.1625884563	-0.111101229	0.0115572112	-0.0939584124	-0.0084852699	0.0465986035	-0.1084464813	-0.0030778446	-0.1422367167	0.0118849302	0.1197850543	0.0326888416	0.0420847072	0.0529596178	0.0276505061	-0.1069774187	-0.0559295681	0.0110003914	0.0564934359	-0.1142248257	-0.0069440596	-0.0445250082	0.0961622201	0.1404673571	-0.2008703085	-0.0156514692	0.0226695223	-0.0704868993	-0.1051056322	-0.0791409008	-0.0998215494	0.0132552629	0.0252846631	0.1761560178	-0.1156837872	-0.1170504724	-0.0297034603	0.0219337111	-0.1509423962	-0.0495640739	-0.1632109126	-0.0626258314	-0.1117971027	0.0321609863	0.0005409926	-0.0090115869	0.0035543497	-0.0434880431	0.0063337474	0.0170870898	-0.0586863417	-0.0488681561	-0.0491319123	0.0315361516	-0.1730755099	0.1290329954	0.0024384688	-0.030466691	0.0590431799	-0.0188142461	-0.0796495972	-0.0297482904	0.0233017389	0.0303932071	0.0728828206	-0.0503999827	-0.0287102479	0.1560409586	-0.0736841427	-0.1208177584	0.018791808	-0.0567075753	0.1149619461	-0.1047234774	-0.0714763741	0.0374704067	-0.1211066137	0.0434075485	-0.038871886	-0.0064767167	-0.0639541036	-0.0297204202	-0.2458000908	0.0043868518	0.051398896	0.078642949	0.0772433738	-0.0366662233	-0.1211199807	-0.1082719048	0.0163190596479694	0.0039828803117388	0.0002663117077939	1.5863335577636568e-05	0.0442337777142114	-0.0030523136620387	9.316618691468708e-06	0.0019566270908702	0.0889436342402945	0.0079489254985817	6.318541658200232e-05	0.0079109700718712	-0.0031961311664561	-0.0004719062104945	2.226954715033736e-07	1.0215254433192029e-05	-0.0013261282710292	-0.0001488161015409	2.2146232077861214e-08	1.7586161912228952e-06	0.001328385707499	-1.0139581227001143e-06	1.7646085878876189e-06	1.0281110745895405e-12	0.0	0.0	0.0	0.0	0.0	0.0	0.0	0.0	0.0
925.568549745027	1.431258570558953	2.0485010957984566	856677.1402771125	1067.120248098222	-0.1242423890130339	0.015436171227666	1138745.6239012107	824.4947047296599	0.1845487574998969	0.0340582438947557	679791.5181272491	840.3060604082106	725.2667743902861	1.043609	17.263557	0.0786580382799979	0.0430153661119874	0.0329604445	-0.080861254	0.0271953465	0.1108655211	0.0002966346	0.0011369793	-0.0560053104	-0.0651833755	-0.0255175076	-0.0557655849	-0.055554117	0.1718305569	-0.0085564464	0.0311625574	0.0350990389	0.003371323	-0.0880067278	-0.0527861396	0.0555862048	0.0605562312	0.0174815369	0.0921445155	0.1628410446	0.0038569452	0.0129934114	-0.0662798691	-0.0701894108	0.0087394226	0.0349986297	-0.0600532936	0.0804942406	-0.2169042685	0.1362871784	0.0058683555	-0.0202369398	0.032867768	0.0711359417	0.0141219483	0.1478258271	-0.027651113	-0.0882842766	-0.0155605856	0.0911328188	-0.1626799728	0.1058380949	-0.0279855428	-0.0503153638	-0.0109161289	-0.073729368	-0.1411808061	-0.0970770678	0.1269676732	0.0384257	-0.0285104299	0.0264242935	0.0819046342	0.0036901057	0.14898291	-0.0210205397	0.1107685673	0.0592901754	-0.0942577296	0.0777890252	0.1380637122	0.008622124	0.1306423158	0.0476535751	-0.0441220362	0.0278029633	0.0811003877	-0.1322670154	0.0588358359	-0.0840390845	-0.0199732025	-0.1428993551	-0.0482999899	-0.0535621662	-0.0253892186	-0.1923637721	0.0381487748	0.0020102315	-0.0679818569	-0.1231844368	-0.0378742014	0.0536735391	0.1082013352	-0.0932325618	-0.0086905295	0.0132676279	0.0097496092	0.0149538415	-0.0092381319	0.0020458906	0.1956926483	-0.0162434218	-0.0170964622	-0.0375567686	0.0729931433	0.1093312901	-0.0593482477	0.0489795984	0.082799821	-0.0374649155	-0.1711704495	0.0203839147	-0.1784120534	-0.1711510702	0.1966298703	-0.0301699394	0.097221034	0.0214831126	-0.0137983506	0.0745091236	-0.0430942802	-0.1242524367	-0.1003291122	0.0123987305136239	-0.0039203291343455	0.0001537285183494	1.536898052159814e-05	0.0286008545514278	-0.0156329231627836	0.0002443882866134	0.0008180088810719	0.0543592082053407	-0.0345844260349538	0.0011960825241671	0.0029549235167115	-0.0028350396324744	0.0003610915339817	1.3038709591325725e-07	8.03744971770058e-06	-0.0014548879603875	-0.0001287596893583	1.6579057603645922e-08	2.1166989772805e-06	0.0013289416831173	5.559756183000798e-07	1.7660859971266425e-06	3.09108888144156e-13	0.0	0.0	0.0	0.0	0.0	0.0	0.0	0.0	0.0
925.9176148817276	0.3490651367005739	0.1218464696597903	857323.4295482672	1067.0842039320205	-0.0360441662014636	0.0012991819171587	1138668.698281234	824.4211436088215	-0.0735611208384625	0.0054112384990108	679670.222029277	841.0223501821938	726.3613337411974	0.88871	14.701188	0.0450114754577141	0.028301286127482	0.0018512808	-0.083574198	-0.0203640999	0.105784414	-0.0147781582	0.0197023831	0.0401914325	-0.0425927169	-0.0193367132	-0.0565856631	-0.0762663778	0.0322467743	0.0734082655	-0.0691379761	0.0598182417	-0.0286307675	-0.0674743111	-0.1185368276	-0.0201260611	-0.0008028866	-0.0571861876	-0.0503187629	-0.0384787301	0.0850929993	0.0417548995	-0.0542821289	-0.1315406864	-0.0235844887	-0.0299012357	-0.0051459302	0.1266066783	0.0337721654	-0.0247078279	-0.0054527007	-0.122866375	-0.0278343579	0.1062796995	0.0852433335	-0.0278842271	0.0071000364	0.0610230042	0.0682621155	-0.0014941804	0.0849715817	0.1315887144	-0.0225029627	-0.1635162341	-0.1024239592	-0.070183585	-0.1113074802	-0.1006831583	-0.0045815005	0.0500376215	-0.0867674983	0.0212911749	-0.0151354391	0.0179768273	0.0957942402	0.0262262565	-0.0958715184	0.0496397557	-0.1139500808	-0.0853879205	0.036296371	0.0744248751	-0.0331582824	-0.0395043145	-0.0480130586	-0.1095187054	0.0006900062	-0.0609724013	-0.0462233114	0.1371155171	0.024801872	0.0103825085	0.0489479224	-0.1673287118	-0.0778494233	0.0376142915	0.1635708193	-0.1097629116	0.0343844153	-0.1592001546	0.0778300265	-0.0248695368	0.1004154899	0.0162873075	0.0481464003	0.0117522876	-0.0273577423	-0.0528852408	0.0243737305	-0.0556959698	0.0264771655	0.1371806919	-0.0459179956	-0.0664877174	0.0507482545	0.0902300639	-0.0070679031	-0.1051747977	0.1393190712	0.0248195266	-0.0444414539	0.0234788376	0.0466763714	-0.1779017895	0.0421581023	0.0088660269	-0.0683577919	-0.1480785766	0.119174385	0.0717238087	-0.0494042187	-0.1266188352	-0.0912870929	0.0168606308461249	0.004461900332501	0.0002842808725292	1.990855457717253e-05	0.0239420787249997	-0.0046587758264281	2.1704192200910827e-05	0.000573223133674	0.0809441315253707	0.0265849233200299	0.0007067581479318	0.0065519524283965	-0.0029110427211385	-7.60030886641002e-05	5.776469486483076e-09	8.474169724293443e-06	-0.0015128639861305	-5.797602574300013e-05	3.361219560953013e-09	2.288757440530666e-06	0.0012768032779493	-5.213840516800003e-05	1.6302266105820777e-06	2.718413293462532e-09	0.0	0.0	0.0	0.0	0.0	0.0	0.0	0.0	0.0
925.9991081279854	0.0814932462578781	0.0066411491856471	857474.3482538245	1067.4334042261517	0.3492002941311511	0.1219408454212824	1139414.072457831	824.8614334801046	0.4402898712830847	0.1938551707544753	680396.3844428529	841.2643562859944	722.2840470032801	0.960465	15.888176	0.0537622543692296	0.0271064092509185	0.0142651716	0.0393531091	-0.1088725073	0.1084137587	0.0759432473	-0.0128273903	0.0261043817	0.0199246631	0.0065341131	-0.1091404046	0.101088293	0.0880935502	0.0473373655	-0.0713389233	0.0478479444	-0.0906886471	0.0187886468	-0.0906185133	0.005537328	-0.0826455174	-0.0776031763	0.022837459	0.0715504953	0.1544574674	0.047960263	0.1109457073	-0.0399231528	0.1763818833	-0.0993248242	0.0780896777	0.0658681777	0.1185647456	-0.0527836273	0.0717416459	0.0276833493	-0.0349621114	-0.0085110153	0.099807729	0.1592548166	-0.0823438887	0.1108625494	-0.0384411799	0.027326842	0.0849254301	0.1730129909	0.0822730601	-0.0363358911	0.0093251509	-0.0469515014	0.0314034461	0.0904939512	-0.1219656396	0.045280899	-0.0767368378	0.0427773126	-0.0929385374	0.0107078015	0.0062260179	-0.0672143152	0.0220271419	0.0523156771	-0.1499696236	-0.0662446789	-0.057327833	0.1742679626	-0.0761386046	0.110688404	-0.0046159705	0.0466543488	0.0493728436	0.0558852742	-0.044510702	-0.044498793	0.0196462934	0.0550158729	0.037414662	0.1487608782	0.0228421321	-0.0996222705	0.0340629807	-0.1079953336	-0.0639912506	0.0124352577	-0.0295839512	-0.2217002634	0.109741625	0.2287241133	0.0596997743	0.0079960243	0.0353407793	0.0497352092	-0.1252942573	-0.0725367238	-0.0027923727	0.0889884279	-0.0290833543	-0.0281613556	-0.0023106808	0.0220683311	0.0424467445	-0.0490932757	-0.0250381742	-0.0314859355	-0.2609600266	-0.0260217314	-0.1792824661	-9.97683e-05	0.101436574	0.0445928742	-0.0032763312	0.0668032548	-0.0071602734	0.0688893378	-0.0555787436	-0.1282045865	-0.0812449131	0.0192327585774734	0.0023721277313485	0.0003698990024993	5.626989973832585e-06	0.0362768859688316	0.0123348072438318	0.0001521474697424	0.0013160124555956	0.0653371392679815	-0.0156069922573891	0.0002435782073222	0.0042689417677236	-0.0029997190472	-8.867632606150005e-05	7.863490803765473e-09	8.998314362134476e-06	-0.0011849966222552	0.0003278673638753	1.074970082945384e-07	1.4042169947562334e-06	0.0013292261307457	5.2422852796400006e-05	1.766842106657185e-06	2.7481554953130242e-09	0.0	0.0	0.0	0.0	0.0	0.0	0.0	0.0	0.0
925.935705765865	-0.0634023621204278	0.0040198595224498	857356.9312121306	1070.7958937145415	3.3624894883898837	11.306335559532458	1146603.8459959235	824.6441278443638	-0.2173056357407858	0.0472217393247071	680037.9375881914	841.4407606180519	724.8120228411453	1.000283	16.546856	0.0380521925410848	0.0173003783169363	0.0012015808	0.0933233604	-0.0583285819	-0.081722212	0.0067216246	-0.0712512687	0.0399656252	0.0434393142	0.0928324878	-0.0515547508	0.0984085894	0.0618969211	0.0461221077	0.1470111566	-0.0127920813	-0.0823999506	0.0815572804	0.1075151919	0.0242804931	0.0130968057	0.050529278	0.0068640542	0.0271053697	0.110402502	0.131065092	-0.1388337689	0.135704427	0.03510956	-0.1051476977	0.0540220714	-0.1054315598	-0.0486501692	-0.0427367564	0.0267371209	0.091266794	0.0047621041	-0.1521622359	-0.2729345967	-0.005499179	-0.037421317	0.0106625515	-0.0708353549	-0.1539029935	-0.0887609847	0.1719823662	0.020274228	-0.0273639957	-0.0941399891	0.1179323971	-0.1315359348	-0.0517313854	-0.0724305677	-0.0128365369	0.0407798744	0.1383835028	0.0026828823	-0.0244943908	-0.0653094827	0.0045614234	0.0653928332	-0.0482387256	-0.1090398949	-0.0747924231	-0.0012723458	-0.0599976267	0.026305578	0.0113121884	0.0030807841	-0.0259677839	-0.0057904502	-0.0104002879	0.0615277241	0.0434120313	0.1233779894	0.0338662574	-0.2025881364	0.1283243524	0.151580031	0.1204858405	-0.1357835292	-0.0400414407	0.0462528181	0.1120391418	0.014393517	0.1569638697	0.0159637104	0.0246454605	-0.1254986796	0.002779611	0.030137192	0.0309836177	-0.0662818101	0.003842028	-0.0608286878	-0.0854265888	0.0967142622	0.014959108	-0.0332808849	0.068622631	-0.1190580385	-0.0720188836	0.0480887283	-0.0086199736	-0.0068587241	-0.0894758265	-0.0191133976	-0.040593629	0.0744865161	-0.0775690534	-0.0939292843	-0.0795186064	0.1408612676	0.0660076536	-0.0616009311	-0.1289999139	-0.0703125971	0.0198516789837128	0.0006189204062393	0.0003940891584723	3.830624692595418e-07	0.0442737451839434	0.0079968592151117	6.394975730631849e-05	0.0019601645126127	0.0560687518352978	-0.0092683874326836	8.59030056023291e-05	0.0031437049323682	-0.0032291750625466	-0.0002294560153466	5.26500629787392e-08	1.042757158457284e-05	-0.0013070706964106	-0.0001220740741553	1.4902079580898082e-08	1.7084338054152909e-06	0.0012773957105067	-5.1830420238999954e-05	1.6317398012209172e-06	2.686392462151336e-09	0.0	0.0	0.0	0.0	0.0	0.0	0.0	0.0	0.0
926.489795991682	0.5540902258169353	0.3070159783458624	858383.3420767084	1069.869994269477	-0.9258994450644876	0.8572897823707264	1144621.8046381709	824.8378075419018	0.193679697538073	0.0375118252384394	680357.4087505315	840.6812333470882	723.7148501922309	0.946851	15.662969	0.0432986240940163	0.0221410435033831	0.0111670074	0.0303946556	0.0017863002	-0.0903240346	-0.07932577	-0.0780444384	0.0728723957	-0.1081092051	0.1599404367	0.0898257909	-0.0146237444	0.0781182934	-0.0467558747	-0.0341077859	-0.0058492116	0.0066814892	0.058169994	0.1437015605	-0.0451363602	0.1172776556	-0.0390351792	-0.1173714604	0.0663858913	-0.0917716414	-0.0179540678	-0.1347789813	-0.016684474	0.1377465605	-0.0175596306	-0.0711607013	0.0039667883	-0.1294921037	-0.0480932408	-0.0908823934	-0.1591709124	0.0240063594	-0.0747359508	0.0831226232	-0.020120593	0.0135690735	-0.0034008164	0.0397147929	-0.0459138813	0.1429394131	0.1226431907	0.1593609569	0.0653860882	-0.0608853988	-0.1166636099	-0.0986390449	-0.045905707	0.018088689	0.0015579744	0.1810335928	0.1042489143	0.0544968033	-0.0605928818	0.0563350926	0.0270756938	-0.0073217722	0.1023093395	0.0043775032	-0.0329740876	0.0363213878	-0.0792802671	-0.0922315245	0.0432383879	-0.0850770391	-0.0012002166	0.0174903431	-0.0377572444	0.2370882794	0.0926040523	-0.0811044702	0.0205869243	0.0081920438	-0.0800857571	0.0543946227	-0.0332307232	0.1126815562	0.0057973351	0.0458707454	0.0996369905	-0.0588874418	0.0590245823	0.0186480526	0.0515235868	0.0547222339	0.0097097645	0.0133366088	-0.0012479477	0.0024401827	0.0188940547	-0.0077625051	-0.1037959442	0.0990496918	0.0287514144	0.1109527848	0.1421950173	-0.0493369217	0.1172102884	0.0552781569	0.0221536721	-0.1898676926	-0.0217928786	0.0591340292	0.0392434754	0.0540245888	0.0312278792	-0.0336712727	-0.0607819851	0.0411962664	0.063080731	-0.0674542747	-0.1289999139	-0.0586099215	0.0155660693487931	-0.0042856096349196	0.0002423025149714	1.836644994291656e-05	0.0262523698836929	-0.0180213753002504	0.0003247699677124	0.0006891869245102	0.058964768340914	0.0028960165056161	8.386911600801443e-06	0.0034768439054976	-0.0031369966566164	9.21784059302001e-05	8.496858519832748e-09	9.840748023622472e-06	-0.0015260888577697	-0.0002190181613591	4.7968955005120764e-08	2.328947201808828e-06	0.001328111596282	5.07158857752999e-05	1.763880412178722e-06	2.572101069973267e-09	0.0	0.0	0.0	0.0	0.0	0.0	0.0	0.0	0.0
927.2320927069236	0.7422967152416504	0.5510044134585439	859759.353745661	1073.1065642341734	3.2365699646964003	10.475385136374856	1151557.6982024722	824.6724530862816	-0.1653544556202177	0.0273420959934585	680084.6548793453	840.736020047022	727.5662472824018	1.014556	16.782969	0.0271757913307156	0.0147317567074536	0.003479523	0.0235803079	0.0821976575	-0.1594770616	-0.0453639309	-0.0367409435	0.0854107145	-0.2625231752	-0.0140793567	0.1655425916	0.0650707109	-0.1033249808	-0.0242968566	-0.0009650814	-0.0117638947	0.1132356988	-0.0543090449	0.0876471102	0.0182732933	0.1149828139	-0.0646401413	-0.0218001322	0.0250476604	-0.0666967879	0.1044537293	0.0179644227	-0.1377395645	0.0879202562	0.061654274	-0.2774258567	-0.0907957084	-0.1070574521	0.0335278974	0.0387134375	0.1108086688	-0.0997260948	0.138479199	-0.1219491638	0.0153332673	0.1173419592	0.1016385649	0.012409343	0.0132409142	0.0130446088	0.0041046594	0.0627787616	-0.0803316969	-0.0587644068	0.0753897619	0.0977731716	0.0356034784	0.0685015418	0.0011811187	0.1766049776	-0.0510167435	0.1307723396	-0.0168313087	0.0772436278	0.0017270258	-0.0057065586	0.0454766842	0.0405727267	0.0052215523	-0.2289751615	0.0591923022	0.0497350902	-0.008621447	-0.0785489965	-0.2035380308	-0.1410691627	-0.0553069984	0.1349144166	-0.2222326594	0.0129633758	-0.0996742192	-0.0440329531	-0.0718668681	0.005323964	0.0613638638	-0.0348330733	-0.0689420004	0.0217234154	0.097867099	0.1182895203	0.0178469922	0.0203289685	0.0888344856	-0.0753243426	0.0056429971	-0.0243718774	-0.0621376283	0.1160783668	0.0064462313	-0.0863434586	-0.0571567676	0.0371170374	0.0065016067	0.0316260873	0.0184616875	0.1391292794	-0.089744518	0.1738139346	0.0515602466	-0.1145361881	-0.0718184252	0.0157758258	0.0027317817	-0.0522861479	-0.0211341647	0.0735499778	-0.2352647359	0.0574741097	0.0601105761	-0.0731227308	-0.1282045865	-0.0462651033	0.0218462574628262	0.006280188114033	0.000477258965132	3.94407627476426e-05	0.0178400315272284	-0.0084123383564645	7.076743662364388e-05	0.0003182667248925	0.0610500279901771	0.0020852596492631	4.34830780484487e-06	0.0037271059176014	-0.0031371318843764	-1.35227759999728e-07	1.828654707454404e-14	9.841596459971022e-06	-0.001319086145902	0.0002070027118676	4.2850122720582015e-08	1.7399882603105924e-06	0.0013289337608734	8.221645913999032e-07	1.7660649407891188e-06	6.759546153517699e-13	0.0	0.0	0.0	0.0	0.0	0.0	0.0	0.0	0.0
925.819934871644	-1.4121578352795725	1.9941897517414875	857142.5518057352	1062.7749347989522	-10.331629435221204	106.74256678672918	1129490.562036917	824.7524810656577	0.080027979376041	0.006404477483012	680216.655023958	840.5472342492262	732.560498017611	1.148011	18.990595	0.0764866748968685	0.0379974358403669	0.0012423639	-0.0265662931	0.0831028802	0.0172121157	-0.0548117191	0.0608959779	0.0043563598	-0.0459899798	-0.0578283712	-0.0088824651	0.033920024	-0.1086239823	0.041066605	-0.0921231444	-0.0063841703	0.0371261651	-0.0442759167	-0.0944396207	-0.0973156591	-0.1442368641	-0.0464380339	-0.1202834999	0.0145962363	0.029582176	0.0154856979	-0.0802809647	-0.0305669275	-0.1497518635	0.0570170911	-0.151826938	0.0570432826	-0.0155234159	0.1008001803	0.001849226	0.0007580047	-0.0364764997	-0.1059233781	-0.1758855967	-0.0004173251	-0.0808339859	-0.1646481596	0.0168907254	0.0484547083	-0.0312704275	-0.0392768916	0.0300094312	0.0650998366	-0.0317469284	-0.1002757476	0.0722922285	0.1023435058	-0.0164811322	0.0183337601	-0.0404674022	-0.0775987777	-0.0728687042	0.0055914447	0.0152935195	-0.1191503251	-0.1719536182	0.0627322332	-0.0084119348	-0.0411188741	0.0479192379	-0.0387756041	0.2141648884	0.0222407657	0.0473263816	-0.0794446941	-0.1536510376	-0.1245715251	-0.0748826059	-0.0010538023	-2.94069e-05	-0.039680917	0.0218862629	-0.024249129	0.0342678029	0.0952792206	-0.0655297144	0.0575974801	-0.0387102801	-0.0174420695	-0.0587006961	0.064497234	0.056731522	0.0773693837	0.1467405821	-0.004545889	0.0084450815	-0.0494805283	0.0112157554	0.0352535529	-0.0105321103	0.0388704765	-0.1760176022	-0.0307461204	0.005885559	-0.1535255842	-0.1150073293	-0.0527839666	0.0430915088	-0.0256816753	0.0515712425	-0.0309595632	0.0504207354	0.0020712427	0.0695701894	0.0284319588	0.0616196781	-0.1348654642	0.2222165685	0.0570992244	-0.0785907625	-0.1266188352	-0.033413395	0.0433240990574148	0.0214778415945886	0.0018769775591366	0.0004612976795622	0.0096067035281777	-0.0082333279990506	6.778768993995218e-05	9.228875267830188e-05	0.0446102382276478	-0.0164397897625293	0.0002702666874361	0.0019900733547274	-0.0026702192352288	0.0004669126491475	2.1800742193402958e-07	7.130070764185878e-06	-0.0011802783525602	0.0001388077933417	1.926760349241984e-08	1.39305698952222e-06	0.001329927629198	9.93868324600071e-07	1.768707498904213e-06	9.87774246643352e-13	0.0	0.0	0.0	0.0	0.0	0.0	0.0	0.0	0.0
926.666415704258	0.8464808326140201	0.7165297999829247	858710.6459941767	1067.0321298024012	4.257195003448942	18.12370929739064	1138557.5660306483	825.9466559904438	1.1941749247861253	1.426053750987948	682187.8785417965	842.9018674870495	733.6209103373631	1.044039	17.27067	0.2329885153069937	0.1249388629751592	0.0313776799	-0.0584189752	0.0629901066	0.098294172	-0.076410262	0.0463573948	-0.0226775922	0.0123098494	-0.0591148881	-0.0285978432	0.1147942672	-0.1251717028	0.0230835345	-0.0565872674	0.0727207749	-0.0354884692	-0.107059447	-0.0730174604	-0.0029129368	-0.0624931598	-0.0661444108	-0.0171844181	0.0675888537	-0.0947565381	-0.1697659873	-0.0979516737	0.0718173928	-0.0048315949	-0.0049886502	0.1589957323	-0.0330496684	0.1464186299	-0.0743354397	-0.1139419585	-0.0653429789	-0.1144069637	0.1210757631	-0.0824674492	-0.2351694875	0.0679002177	0.1279679222	-0.0538699235	-0.0289334301	0.026825218	0.0302774655	-0.1528243074	0.1856886542	-0.0225217376	0.0202378341	-0.0009007879	0.08443984	0.095825249	0.0578109444	-0.0975943516	-0.0850796505	-0.0198052552	-0.0481556228	-0.0231534749	-0.0764458933	0.023096213	0.127394907	0.0326922266	-0.0355059944	0.0719820535	-0.1110400895	-0.3204355981	-0.1551497656	-0.0886218962	-0.0473400545	0.0647414488	0.1999895473	-0.0713612945	-0.0148904387	0.0554674326	-0.0191325653	-0.0407015142	-0.0875701906	-0.0938736036	0.1801829543	0.0297319398	0.003670261	-0.0065665153	0.0326579801	0.0298873388	0.066105531	-0.0791965023	0.0281293153	0.0903710227	0.0301783929	0.0160811292	-0.0242952669	0.0837497418	-0.0557193161	0.1014820881	0.0309505731	-0.0722785363	-0.0476331261	-0.0478894537	-0.0370713363	-0.1321631415	0.0488112251	0.0803495364	0.10740164	0.0368310315	-0.0524021392	0.0821598777	0.4349476812	-0.2771327655	-0.0049721466	0.0459829537	-0.1949679428	-0.0472896568	0.0540487397	-0.0838433825	-0.1242524367	-0.0201956026	0.0211898553395712	-0.0221342437178436	0.0004490099693119	0.0004899247449608	0.1120895682326619	0.1024828647044842	0.0105027375580376	0.0125640713065845	0.1012824244699288	0.056672186242281	0.0032117366934797	0.0102581295065068	-0.0034051874869823	-0.0007349682517534	5.40178331085596e-07	1.1595301821500831e-05	-0.0013570607554103	-0.00017678240285	3.125201795745503e-08	1.8416138938747743e-06	0.0012076938709539	-0.000122233758244	1.4585244859396154e-06	1.494109165447706e-08	0.0	0.0	0.0	0.0	0.0	0.0	0.0	0.0	0.0
925.6834664668712	-0.9829492373868334	0.9661892032793572	856889.880090123	1070.0901445661273	3.058014763726078	9.35145429516666	1145092.9174975553	825.0008346400772	-0.9458213503666002	0.8945780268092991	680626.377156824	841.8536316149432	720.9100324944131	1.148784	19.003393	0.1222452272765677	0.0821070358875595	0.060147585	-0.011367152	-0.0543837828	0.0419040219	-0.0611997589	0.0371770158	-0.1105725236	-0.0150703055	0.0044938774	0.0032762967	0.2289381685	-0.0410210464	0.084429034	0.0701151531	0.0483969809	-0.0763339647	-0.0027612011	0.0324376331	0.1777109877	-0.0821447485	0.0142736342	-0.0079336991	0.0128326014	-0.0327428172	-0.0519757537	0.1222817235	0.0324690378	0.0431878543	-0.0986015402	-0.0721517698	0.1714118524	0.0805724854	0.0175735676	0.1243882555	0.0535647391	0.1374867475	0.0381896396	0.0154229468	-0.1533179827	0.0774727809	0.0436428047	-0.1366830318	0.0794363979	0.1062314091	0.0018403838	-0.0143906281	0.10105339	-0.066706177	0.2359349871	-0.0433314568	-0.0605599354	-0.1748201801	0.0458165238	-0.0886199718	0.0314911995	0.0500878258	0.0263681806	-0.1539896004	-0.0872203489	0.1410552342	0.0655088177	0.0606594897	-0.0214670679	-0.0734201658	0.0358800178	-0.1632865866	0.0079048321	0.1007234591	-0.0282666221	0.0826561485	-0.1362906727	0.1101997541	0.028670331	-0.0584273709	0.0182841783	0.1023250774	0.0754274271	-0.2017840351	0.1010525135	0.162118572	-0.030328666	-0.1253791514	0.0777189737	-0.014020486	0.0069482216	-0.1423288212	0.1751322171	-0.0854720755	0.0575036651	0.039024333	-0.0276814825	0.0274985972	-0.0776827017	0.0533996639	-0.0161151358	0.1216833111	0.0401830763	-0.0698874995	-0.0230245907	0.0146943607	-0.1023440671	-0.1281707421	0.1300778078	0.0609101707	-0.1486556625	-0.049562003	0.0142304673	-0.0374683793	-0.0362321582	0.028744004	-0.0224674186	-0.2484811932	0.0509612127	-0.0888661936	-0.1211199807	-0.0067565429	0.0211848248905255	-5.030449045703017e-06	0.0004487968056422	2.53054176014144e-11	0.0335679404127517	-0.0785216278199102	0.0061656460354884	0.001126806623554	0.1161480531513206	0.0148656286813917	0.000220986916093	0.0134903702508419	-0.0036309616805171	-0.0002257741935347	5.0973986466289294e-08	1.3183882725383564e-05	-0.0015889171593446	-0.0002318564039342	5.3757392045345276e-08	2.5246577392597133e-06	0.0013271220800092	0.0001194282090552	1.7612530152479455e-06	1.4263097118156432e-08	0.0	0.0	0.0	0.0	0.0	0.0	0.0	0.0	0.0
924.1111975272568	-1.572268939614446	2.472029618476334	853981.5053952605	1068.8060081118629	-1.2841364542643987	1.649006433170742	1142346.2829760157	824.2045619253195	-0.7962727147577198	0.6340502362676289	679313.1598985078	841.5733120004661	721.8540318959167	1.234039	20.413683	0.0436326581116727	0.0244052176820283	0.0322354846	0.0698460312	-0.1083360222	-0.0408423502	-0.0409213173	0.0329353333	0.071672881	0.0898267682	0.0881004954	-0.0356123078	-0.0592147641	-0.170709866	-0.0252052574	0.1504307863	0.0017507238	0.0130963011	0.1133128194	0.0879118042	0.0016057974	0.0293444133	0.1706299882	-0.0185968901	-0.0177908168	0.0633254356	0.0967154906	0.054963818	0.0096138879	0.0322506138	-0.1121616043	0.1509006452	-0.0818712326	0.0238328451	-0.0074361829	-0.0749453258	0.1265053991	0.0430141253	0.076533164	0.0598811078	0.0386007362	0.1360735603	0.0099392336	-0.0163421855	-0.1120964613	-0.0896869409	0.0634789114	0.0057356411	0.0708501637	0.0689125752	0.0683846294	0.1340748325	0.0844513069	0.0136267323	-0.0174378602	0.0514683639	0.0816107822	-0.0061988457	0.0612320402	-0.1745072727	0.1705241654	-0.0215268391	-0.0296320793	-0.0404897332	0.0500271402	-0.0151348341	0.0532986928	0.068648315	0.0421118121	0.0180163955	0.0564727253	0.2134537545	0.1084539372	0.1178748979	-0.1057151272	0.0737085501	0.0478304983	0.0657370508	0.093264219	-0.0987530195	0.0287208022	-0.1561577147	0.0330419359	0.1322545466	-0.016194134	-0.0042770761	-0.0548986149	0.0505381707	0.0039485808	-0.0674452181	0.043356924	0.0308227421	-0.0459128364	0.0068733855	-0.0695226942	-0.0877435423	0.0360254024	0.0613326126	0.0482828256	0.0447486611	0.0428536559	0.02650686	0.0016939185	-0.096217121	-0.0538743441	0.0820836113	-0.0677314578	0.1559779031	0.0077308788	-0.0367686266	0.1373893439	0.113606008	0.1087423984	-0.0236436439	0.0478387595	-0.0936454286	-0.1172407796	0.0067565429	0.0212848785479593	0.0001000536574338	0.0004530460548013	1.0010734365880422e-08	0.0489531459723764	0.0153852055596247	0.0002367045501119	0.0023964105005927	0.1004184395637963	-0.0157296135875242	0.0002474207436128	0.0100838630044278	-0.0035123510457666	0.0001186106347504	1.4068482675916492e-08	1.2336609868697729e-05	-0.0015890676558307	-1.5049648610003868e-07	2.2649192328459133e-14	2.5251360148072764e-06	0.0014567166549144	0.0001295945749052	2.1220234127049995e-06	1.6794753844859514e-08	0.0	0.0	0.0	0.0	0.0	0.0	0.0	0.0	0.0
922.3253308879412	-1.7858666393156	3.189319653420396	850684.0159975501	1060.3227803063771	-8.48322780548574	71.9651539997664	1124284.3984366455	823.786610921224	-0.417951004095471	0.1746830418244124	678624.3803330761	840.5547606157728	728.4003195695182	1.21209	20.050606	0.0831553447557742	0.0447798489111525	0.0313166423	-0.0357458339	0.0678865507	0.0041263561	-0.0650748097	0.0906586917	-0.0830354415	0.1456832311	-0.1122417713	0.1134842485	-0.1405811833	-0.1466298333	-0.0900844866	0.1216789678	0.0286287038	0.0993004459	-0.0655658307	0.0054078994	-0.0356869583	0.1371024326	0.1564550896	0.1393641336	0.0068381053	-0.0412327783	0.0862904782	-0.0389767586	0.0861448502	-0.2043499146	-0.0281627019	0.1302074826	-0.0210908752	0.0380645137	0.0806018338	0.1614538275	0.0357850537	0.0961367703	0.1832832009	0.0028229799	0.0076256514	-0.1230270443	0.006477181	-0.143565926	0.0155798845	0.0031823692	0.0238192466	0.1548212138	0.1246247106	0.1177519402	-0.1801715991	-0.0380680788	0.013328056	-0.0053763116	0.0092572823	-0.0187106597	-0.1260201538	0.0789999817	0.0043173558	-0.0392508657	0.2353113467	0.0859787638	-0.0784274656	0.0032697563	0.1222054831	-0.0177868475	-0.1234777465	0.0926470051	-0.0615242804	0.0607393284	0.0426644187	0.1386720622	-0.0473493396	-0.2169134683	-0.1123550845	-0.0777699958	0.105847707	-0.0522967981	0.0247998606	-0.1606363593	-0.0025993074	0.052485551	0.044676757	0.0248710099	0.1488503699	0.0603649478	0.1352446613	-0.0398975452	-0.0229053977	0.074117022	0.0232133498	-0.005183298	-0.0493573058	0.1115579074	-0.0106607035	0.1077431464	-0.0305150976	-0.0138228288	0.05631724	0.0641946315	0.0303852304	-0.0289910816	-0.0312481628	-0.1135210073	-0.1953182822	0.0450024622	0.0823405888	0.0562763849	0.2590130501	-0.163210171	0.0199656415	0.0509407131	0.0573932784	0.1420515079	0.0446835199	-0.098167988	-0.1126387502	0.0201956026	0.0212907837569673	5.905209007998902e-06	0.0004532974729859	3.4871493428151374e-11	0.055757205162962	0.0068040591905856	4.629522146899243e-05	0.0031088659275846	0.0790578160656707	-0.0213606234981256	0.0004562762362286	0.0062501382810734	-0.0031588621723255	0.0003534888734411	1.2495438364665813e-07	9.978410223748976e-06	-0.0009696044835338	0.0006194631722969	3.837346218321389e-07	9.40132854488847e-07	0.0013299735634913	-0.0001267430914231	1.7688296795857469e-06	1.6063811223484316e-08	0.0	0.0	0.0	0.0	0.0	0.0	0.0	0.0	0.0
922.2487067593676	-0.0766241285735986	0.0058712570796633	850542.677119326	1062.9313228546628	2.608542548285641	6.804494226216545	1129822.9971055633	824.0201763763652	0.2335654551411607	0.0545528218352975	679009.2510753359	841.0597325595423	717.4112291408701	1.253848	20.741375	0.0747618209869823	0.043306502982507	0.0267170889	-0.0626291464	-0.0806994747	0.1677731552	-0.002467124	0.0476684272	-0.005373179	0.1466219563	-0.0386061066	-0.0485711974	-0.1311951271	0.0514828227	-0.1485996673	-0.1588908856	0.0664560292	-0.0618607549	0.0034736281	-0.1458041879	-0.0789212761	0.0664314119	0.0614909343	-0.0036014565	-0.0444788518	0.0647909498	0.1115000621	-0.0766057324	-0.0329282188	0.0197792928	0.0689407037	-0.0394219503	-0.135522513	0.0607236264	0.1123999126	0.0572976507	-0.1189429175	0.1317626639	-0.0641349117	-0.0060050887	-0.1200251824	-0.0984567687	-0.0335203131	0.0620046863	0.12630145	0.079648981	-0.0944642624	0.0979847349	-0.0707212926	0.1235982061	0.0443625208	-0.0097667763	0.0175433019	0.025235916	0.0480903708	-0.1429541416	0.0040171498	-0.0769210094	0.0263493224	0.0588123625	0.1674388109	-0.0629428091	-0.0002157465	-0.0115635847	0.0146925351	-0.0680070723	0.0656112438	0.0787724135	-0.1227195338	0.0564231486	0.0081220507	-0.0729901263	-0.0332390874	0.0740440527	0.0013692063	-0.0715540047	0.122854982	-0.0792057244	-0.0616459094	0.0551542416	-0.0432662591	0.0244304063	0.2062123639	-0.233525991	-0.0040743198	0.074569363	-0.0713122479	-0.1593371554	-0.0548827223	-0.0359482291	0.0223392644	0.0023284259	-0.046112933	0.0261325114	-0.0197443229	-0.0185322847	0.206838304	0.0135930571	-0.0456434158	0.0645428992	0.0738120523	0.0313582759	-0.078634263	0.0034877794	-0.0795737336	0.0452208584	0.0438536569	-0.1094731376	0.0779321762	-0.0292608181	-0.2637425004	0.0939641567	0.0629115051	-0.0726871188	0.0414976565	-0.1024214758	-0.1073422654	0.033413395	0.0108080906570933	-0.010482693099874	0.0001168148236519	0.0001098868546261	0.0278384211574405	-0.0279187840055215	0.0007794585003469	0.000774977692539	0.0817109838597076	0.0026531677940369	7.039299343314649e-06	0.0066766848833213	-0.003211952941179	-5.309076885349996e-05	2.818629737455761e-09	1.0316641696348428e-05	-0.0015886374936067	-0.0006190330100728	3.83201867559915e-07	2.5237690860929777e-06	0.0013279538206667	-2.0197428246000303e-06	1.763461349823286e-06	4.079361077523309e-12	0.0	0.0	0.0	0.0	0.0	0.0	0.0	0.0	0.0
924.135789763702	1.8870830043343856	3.561082265247692	854026.9579221811	1063.8150760711185	0.883753216455716	0.7810197475958237	1131702.5160761997	823.7441114069957	-0.2760649693694859	0.0762118673129751	678554.3610777009	840.144414262983	713.4015076131893	1.118009	18.494307	0.0560844230625319	0.0320156544963985	0.0178754325	0.0962003131	-0.1116206912	-0.0291640194	0.0450013566	0.0027263509	0.0170470853	0.1235510607	0.119188783	-0.1257967729	-0.0359526977	0.0926574865	0.0127892279	-0.0310882104	0.0083855413	-0.0827548643	0.1553226562	0.0078922031	-0.0706801524	-0.0183378572	0.0656685091	-0.043197153	-0.1764224947	0.017505441	-0.0324446824	-0.0244470084	0.1431300504	-0.0312307559	-0.0969208303	-0.0260858702	0.0258830125	0.0600940553	0.0653186489	0.0369127706	0.0746815563	0.0443823102	0.1198865236	-0.0842130625	0.2236921191	0.0632549643	0.0304075033	0.2666740115	0.1123875069	-0.0415937492	-0.1203109669	-0.0186880391	-0.0880376152	0.0516079108	-0.0429680314	-0.0290723119	0.0086522318	-0.0500237991	-0.0038383502	0.0156148776	0.1082478591	-0.1552725008	-0.0031515285	-0.0405644992	0.0370577179	-0.0436763139	-0.1284802672	0.0737310515	-0.015514998	0.0804610247	-0.0322790624	0.0462303218	-0.003162366	0.1807453921	-0.0200096643	-0.0340830489	-0.0371231892	-0.0642969983	0.1054826623	0.0491461231	-0.0039724749	-0.0971709214	0.0534483543	0.0092835364	-0.2969920343	-0.2232694286	-0.1039068652	-0.1430765	-0.1127684549	0.2016291834	-0.0510094583	-0.1109518095	-0.021343808	-0.0865600458	0.0135237044	0.0376530488	-0.0023953073	-0.1087941587	0.0110768037	-0.1227970821	0.0800732704	-0.0216385481	0.0231681898	-0.0010027992	0.0194453799	-0.1196877685	-0.0248946564	-0.078790728	-0.034577234	0.1164278237	0.0155564156	0.0213526142	-0.1025518172	0.0815914927	-0.1324271223	-0.2197756366	0.2250359727	0.1685624554	0.0382833527	-0.1063942335	-0.1013839798	0.0462651033	0.0245253173806219	0.0137172267235286	0.0006014911926202	0.0001881623089846	0.0268330029952323	-0.0010054181622081	1.0108656808981128e-06	0.0007200100497421	0.0626455809930774	-0.0190654028666301	0.0003634895864669	0.0039244688179602	-0.0031682218353453	4.3731105833699855e-05	1.9124096174382576e-09	1.003762959795874e-05	-0.001187612982217	0.0004010245113896	1.608206587353476e-07	1.4104245955303564e-06	0.0013291257096466	1.1718889799000078e-06	1.766575152043578e-06	1.373323781211081e-12	0.0	0.0	0.0	0.0	0.0	0.0	0.0	0.0	0.0
925.134634747565	0.9988449838630232	0.9976913017883228	855874.0924095104	1068.6340088617235	4.818932790605004	23.22211324036813	1141978.6448958782	823.9196523254664	0.1755409184706877	0.0308146140575326	678843.5934881173	840.2446298677139	718.8642941631612	0.972287	16.083746	0.0679088418588112	0.0347351426715959	0.0229697446	0.0769034855	-0.0116310416	-0.0414770353	-0.0092418554	-0.0195078483	0.1226612377	0.0649067362	0.0550279131	0.0237816802	0.0365927694	0.0970616983	-0.1972960706	-0.0013610272	-0.0356074142	0.0192375052	0.1340479442	0.0676971275	-0.1380372794	0.1437235281	0.0167271835	-0.0006775823	-0.001570493	0.0022049596	-0.1022719924	0.0432432279	0.0170985122	0.0072741641	-0.0127618407	-0.064087707	-0.0479547234	0.1564975439	-0.0222060545	-0.1700514759	-0.1241030251	-0.1220461222	-0.1595648479	0.0683662131	-0.0151803679	0.1244639414	-0.109794554	-0.0136798529	0.0946791515	-0.0755775284	-0.0300363181	-0.0557470662	-0.0129054916	-0.0701882966	-0.0030603203	-0.0755752185	0.0490941407	-0.0784950255	-0.0541861755	0.1340869579	0.0395552883	-0.1122833673	-0.0977493976	0.043642019	0.1260088865	0.1187052642	0.0001812091	0.0705883254	-0.0641790458	0.058265281	-0.0094117379	-0.0787793035	-0.0524320493	0.0547487247	-0.0666224453	-0.0632688805	0.1433793313	0.0243822492	0.0101151165	-0.0118547913	-0.1184441331	0.2269767774	-0.0073780718	0.1428350872	0.0024295395	-0.0012201276	0.0907492817	-0.0593203083	-0.068637414	-0.1694973143	-0.0424148363	-0.0219678612	-0.0077151989	0.0072142021	0.0199298383	0.0587691139	0.0188816378	-0.1146544394	0.1017665874	-0.0213247497	-0.0523694434	0.0587274805	-0.0262881652	0.0548904603	0.1616190944	-0.0397601554	0.1317184972	0.0538868443	0.0147186142	0.0270546825	-0.019678512	0.0962124622	-0.0234516567	-0.0151304376	-0.0541709532	0.0610884341	0.1423180164	0.0103732348	0.0350428114	-0.1100753719	-0.0948006283	0.0586099215	0.0239768625605591	-0.0005484548200627	0.0005748899382479	3.008026896501175e-07	0.0369661299869505	0.0101331269917182	0.0001026802626302	0.0013664947662121	0.0503730876354922	-0.0122724933575852	0.0001506140932119	0.0025374479579329	-0.0036639609821434	-0.0004957391467981	2.457573016681081e-07	1.3424610078669228e-05	-0.0015889395007597	-0.0004013265185426	1.6106297448560404e-07	2.5247287370744844e-06	0.0013270960411985	-2.029668448100004e-06	1.7611839025647306e-06	4.119554009212676e-12	0.0	0.0	0.0	0.0	0.0	0.0	0.0	0.0	0.0
926.2931066063668	1.1584718588018177	1.3420570476357383	858018.919346474	1069.9275473942832	1.2935385325597508	1.6732419352168335	1144744.9566731462	824.9307499688102	1.0110976433438736	1.022318444375535	680510.7422441037	840.8465495426708	723.6746350642258	1.050989	17.385649	0.0493059780097395	0.0280203866206777	0.0300231224	-0.0074207387	0.0923037757	-0.1182524044	-0.001816346	0.0214234053	-0.0217538237	-0.1505620173	-0.0336347932	0.1119992418	-0.0600798629	0.0640922956	-0.0654923983	0.0591202427	0.0078504264	0.0586921946	-0.0463236001	0.0576404488	0.017986328	0.1686815057	-0.0750184307	0.0700215701	0.0879150699	-0.0441813792	-0.0587531399	0.0842767784	-0.0935481667	-0.2125884474	-0.1375944989	0.0573099444	-0.209072823	0.1436801039	-0.0587328929	-0.0979088549	0.0283536775	-0.0586603604	-0.0055834407	-0.0105392325	0.055567888	-0.0195136435	-0.1533773378	0.1151996203	0.0029931796	0.2372375226	-0.0132278474	-0.1101038809	0.0214705816	-0.0745847622	0.074706681	-0.0231416571	0.0097157246	-0.0330038854	0.0178131153	0.0989550766	-0.0024254977	0.1323913971	-0.0525600644	0.1479176813	0.0053417039	0.1031474884	0.0260997549	-0.0165848952	-0.0112589163	-0.0327513003	0.042844967	0.0769696466	-0.0677475937	0.1093703013	-0.1041149327	-0.0306246938	0.3111137081	-0.0857118894	0.0929786955	-0.0718757671	0.2200074462	0.1155469032	-0.0731794695	-0.0158490919	-0.005477429	-0.0745814344	-0.0690442115	0.0511569994	0.0047135273	-0.067734942	-0.01752175	-0.1192761224	0.0285119405	0.0916482386	0.0220721575	0.0029988647	-0.0380133765	0.0119521657	0.1082826069	0.0002385014	-0.1189811089	0.0927919823	0.013745786	-0.0322060226	0.0267726822	0.1907643112	-0.1102403799	0.0576639223	0.0893970965	0.037323127	0.0039919769	0.0709383441	-0.1356496223	-0.0911687025	0.0289802643	0.002840606	0.0324566135	0.2732522825	0.0317782535	-0.1134548014	-0.0876327994	0.0703125971	0.041626060724127	0.0176491981635679	0.0017327289314087	0.0003114941958168	0.0239835409274462	-0.0129825890595043	0.0001685476186879	0.0005752102354184	0.0329507539561149	-0.0174223336793772	0.0003035377108355	0.0010857521862764	-0.0036889607523492	-2.499977020580012e-05	6.249885103428115e-10	1.3608431432372775e-05	-0.0015889571439353	-1.7643175600177974e-08	3.112816452587154e-16	2.524784805263026e-06	0.0013270763124341	-1.972876439992888e-08	1.761131539023689e-06	3.8922414474790094e-16	0.0	0.0	0.0	0.0	0.0	0.0	0.0	0.0	0.0
926.4970177468264	0.2039111404595814	0.0415797532035271	858396.7238937631	1062.5455765497118	-7.38197084457147	54.49349355010322	1129003.1022453594	825.0415578609696	0.1108078921594142	0.0122783889648123	680693.5721976557	840.6477763956041	726.1834769762639	1.063746	17.596672	0.0871811643582575	0.0408911475604234	0.0395569354	-0.0828641977	0.0964011873	0.0241694633	-0.1010711063	0.057135303	-0.0855587525	-0.0742578864	-0.0047146264	0.084238568	-0.1553172014	0.082370948	0.0783433233	-0.0812770067	0.0938832032	-0.0137332192	-0.0392982475	-0.0879440299	0.063721506	0.1211882298	-0.0847313263	0.0186657382	0.0729491432	-0.0104688883	-0.0596063317	-0.2397228202	-0.0411042231	-0.1065918784	0.0805111436	-0.034554796	-0.0847405109	0.0544963438	0.033353837	0.0448245747	0.2161498775	0.0248890661	-0.0230858253	0.0111755415	0.2160796103	0.0425653533	0.0748280092	0.0251069156	-0.0754787451	-0.1031787899	0.1217714117	0.2161271916	0.0983070813	0.0282210627	0.0015426878	0.031497052	0.0103802486	-0.0441478476	0.1031141512	-0.0289682902	0.0466643398	0.0755847119	0.0275513466	0.1754079919	-0.0463530935	0.0060931499	0.0333646211	0.0212228945	-0.026815873	0.1246208298	-0.1210720077	0.2122908885	-0.1559110505	0.0212730122	0.0184020009	-0.1341661939	0.0399074134	-0.0463074527	-0.1225056149	0.0489882208	0.0497426157	0.0072997922	0.2241284175	-0.0303413918	-0.0640489141	-0.02525088	-0.023540133	0.0033787289	0.0794134632	0.125504701	0.1052370704	0.0597130981	0.2093339095	-0.0828167835	0.0373556745	-0.0073027482	-0.0735647553	0.1319882613	0.0542416875	0.0629860904	-0.0384056216	0.0049587651	-0.0414035538	0.0055405923	-0.0715609176	-0.1136227861	-0.0466482525	0.0662620773	0.0529509962	0.080628146	-0.0450068159	-0.1026625046	0.0500465208	-0.1728126258	-0.1410715383	-0.0533535983	0.0705113035	-0.0161499985	0.0284919163	-0.1165232592	-0.0799246852	0.0812449131	0.018570059033891	-0.023056001690236	0.0003448470925221	0.0005315792139401	0.0468176025023012	0.022834061574855	0.0005213943680042	0.0021918879040634	0.0503559938795064	0.0174052399233914	0.0003029423767908	0.0025357261195928	-0.003482240432205	0.0002067203201442	4.273329076052066e-08	1.2125998427683264e-05	-0.0015897903562485	-8.33212313200004e-07	6.942427588681015e-13	2.5274333768207327e-06	0.0015972400033722	0.0002701636909381	2.551175628372426e-06	7.298841990129724e-08	0.0	0.0	0.0	0.0	0.0	0.0	0.0	0.0	0.0
928.4317222537402	1.9347045069138176	3.743081529072638	861985.4628870462	1069.1958306933209	6.650254143609118	44.225880174590245	1143179.7243719804	825.8532371128883	0.8116792519186902	0.6588232079952845	682033.5692498366	841.3812409426534	727.6385928881441	0.908564	15.029617	0.1085801880250529	0.0555564138771239	0.0180405871	-0.107964647	0.0572555846	0.0387581804	-0.145779916	0.0419086797	-0.0276524116	-0.1961197194	-0.0208973966	-0.0043205763	-0.0281115599	0.0327016532	-0.0129907335	-0.0528966998	0.0453551861	0.0302541666	-0.0964309704	-0.0077412312	0.0354221404	0.0797732109	-0.1836982348	-0.125567305	-0.0661348793	-0.1009014449	-0.1505199814	0.0196931985	-0.0256394403	-0.0507308795	0.0037195402	0.1902998225	-0.1674128486	0.0421095484	0.1540426648	-0.1005358746	-0.0127977585	0.0637888968	0.0513884221	0.0227560314	-0.0069322092	0.0419702572	0.0914645505	-0.2580521484	-0.0184010158	-0.0791301167	0.0231368576	-0.0242463269	-0.1747227678	-0.0724096021	-0.0798870339	0.1555248439	0.024397694	-0.090092034	0.0696637692	0.0274313008	-0.0185371268	0.0868121828	-0.042891446	0.1368987166	-0.1271655229	-0.0911777501	0.0938859883	0.1272053644	-0.1182069711	0.0347342675	-0.0141908568	0.0288213837	-0.1288877321	0.2340375686	0.0735497252	0.0566327058	0.269603171	0.016124634	-0.131335391	-0.0015772426	-0.1767983707	-0.0746001897	0.0463877213	-0.1751431135	0.1144314128	0.0300201999	0.046543185	0.070097234	0.0017863733	-0.038506696	-0.1600731011	0.1561317018	-0.0468781119	-0.0056272501	0.0216806111	-0.0329989973	-0.1008645873	0.1060337616	0.1187362213	0.0452553371	0.0162787087	0.0198048264	-0.1103834477	0.0798650697	-0.0906779942	-0.1208251067	-0.0022497078	0.1456690062	0.1264893465	-0.0293433041	-0.0138506279	-0.1753365029	-0.0167381694	-0.0947706468	-0.0325663726	0.0508981244	0.128264391	-0.0063586243	0.0251860523	-0.1192723348	-0.0717238087	0.0912870929	0.0267707686219154	0.0082007095880244	0.0007166740526081	6.725163774711533e-05	0.0148758948698883	-0.0319417076324129	0.0010202726864745	0.0002212922481799	0.0126040373303908	-0.0377519565491156	0.0014252102232863	0.0001588617570258	-0.0031389524160891	0.0003432880161158	1.1784666200879015e-07	9.8530222704716e-06	-0.0015885898926506	1.2004635979001154e-06	1.44111284988329e-12	2.5236178470316446e-06	0.001328012197976	-0.0002692278053962	1.7636163979730465e-06	7.248361119845424e-08	0.0	0.0	0.0	0.0	0.0	0.0	0.0	0.0	0.0
927.8251374785552	-0.606584775184956	0.3679450894861836	860859.4857370999	1068.6369136023145	-0.5589170910063785	0.3123883146190324	1141984.8531134806	825.6767536897141	-0.1764834231742043	0.0311463986552852	681742.1015835849	842.2140137751434	732.3842209130039	1.014724	16.785746	0.0662105320254489	0.0359345806700636	0.0006506732	-0.0836774706	0.0132189294	0.0952949178	-0.1644790611	0.0408520971	0.0119878914	-0.0630563344	-0.0597114795	-0.0430407481	0.0539398156	-0.1781374541	0.136125749	-0.0910079255	0.0303726928	0.0395068241	-0.0987309167	-0.0748572215	0.0521320029	-0.0752618679	-0.0335539571	-0.234478806	0.0533606756	-0.043293275	-0.1340968804	-0.0455154179	-0.0295338095	-0.1588980351	0.0826032768	-0.0503609456	-0.0520771213	-0.0817578517	0.1622345763	-0.1330996327	0.005173859	0.0692906387	-0.038514512	-0.079353784	-0.028014077	-0.0283142882	0.0784172308	-0.0940450025	-0.0938926255	-0.0455308766	-0.1039310808	-0.0479212789	-0.0700904428	0.0757900289	-0.1002010607	-0.0610685878	0.0256656295	-0.1735479544	0.0379089655	-0.1007346176	-0.1032852914	0.0052082098	0.025892334	-0.0296091432	-0.1239856634	-0.0966518356	0.1712284018	0.1190717236	-0.1236642586	0.1205045343	-0.0721002586	0.1935359445	-0.0353282336	0.051844497	-0.0251509894	-0.0974560155	0.020538037	0.0760187489	0.0982873762	-0.0235377715	-0.1449059243	-0.0505061699	-0.0069641102	-0.0379922377	0.0558664155	0.0696218959	0.1018598362	0.0902796213	-0.0075931921	0.0134008729	0.028211961	0.1093000114	-0.0857174331	-0.0058024	0.0055465234	-0.0125872505	-0.0941281685	0.0194660644	0.1491302407	0.0246116261	0.0749621106	-0.0651644171	-0.1564331452	0.0585758933	-0.1215365002	-0.1749190581	-0.0127557411	0.1114606595	0.1286853612	0.0198497334	0.0289868023	-0.0428261797	-0.0151237169	0.0767067564	0.1501517927	0.0719301976	-0.0613253836	0.0552883814	0.0218629269	-0.1216944932	-0.063080731	0.1003291122	0.0459792824513698	0.0192085138294543	0.0021140944147428	0.0003689670035363	0.004146502779406	-0.0107293920904823	0.0001151198546313	1.719348529962168e-05	0.0084128547150186	-0.0041911826153721	1.756601171539815e-05	7.07761244560107e-05	-0.0032268202941696	-8.786787808049996e-05	7.720763998369605e-09	1.0412369210864784e-05	-0.0010361478567586	0.000552442035892	3.051922030204979e-07	1.07360238106544e-06	0.0013293311538063	1.318955830300044e-06	1.7671213164799886e-06	1.739644482282479e-12	0.0	0.0	0.0	0.0	0.0	0.0	0.0	0.0	0.0
925.939473697639	-1.8856637809162748	3.555727894659461	857363.9089514606	1067.2895736694336	-1.3473399328809137	1.815324894735545	1139107.0340634813	825.6736599422236	-0.0030937474905385	9.57127353521382e-06	681736.9927223867	842.4911016510971	729.677936461597	0.962819	15.927127	0.0799140732034237	0.035876415637214	0.009866443	-0.0535806676	-0.0747784412	0.1458609094	-0.0848540073	0.0284530428	-0.0409279205	0.0707261423	-0.0253205772	0.0088894424	0.0309491164	-0.1920987568	0.1188174142	-0.085867745	0.0019061077	-0.0169815274	-0.0625465416	-0.1621500487	-0.0219874344	-0.0783660193	0.0006016337	-0.1780638678	0.0193497334	0.1191844657	-0.1059815	-0.0066502658	-0.0530112456	-0.0716510754	0.105308616	-0.0029578304	0.0411337842	-0.0913670235	-0.055069413	0.0800695656	-0.0943523865	-0.1380900049	-0.0367571305	0.0423496569	0.0157125009	0.0591348804	-0.1709030186	0.0391737832	-0.0446042544	-0.0733484833	-0.1559797076	0.0370883068	0.0321853504	-0.1782761428	-0.0113820799	0.0235731749	-0.0234377381	0.13940172	-0.007681515	-0.1549067187	-0.0736886818	-0.0556129437	0.0455514853	-0.0667585519	0.0010474274	-0.0505236743	0.1387069893	0.1172666909	-0.1124190831	0.1061252855	0.0563496706	0.0826106427	-0.0015819319	-0.1404988579	0.033025534	0.0723278955	-0.120039896	0.0124879373	-0.0232668197	-0.1644501666	-0.0458764558	0.1327235592	-0.1124379489	0.1541475006	0.0396276801	-0.1304313141	0.0107626662	0.0779642854	0.0111422591	-0.0825028969	0.0067880589	0.1282975537	-0.0484829858	0.1039199256	-0.0016219652	0.0078230144	-0.0329052217	-0.0695265975	0.0831134393	0.0381513958	0.1542740018	-0.0433679607	-0.094016468	0.0707366137	-0.0129936766	-0.0410458994	0.0456780684	-0.0129166106	0.0968875306	-0.0525254339	0.1815225906	-0.0805613118	0.0912480751	0.0203300008	0.1905703858	-0.0592582628	-0.0684130979	-0.0391474716	0.0185248178	-0.1237830955	-0.0540487397	0.1082719048	0.0247275018849819	-0.0212517805663879	0.0006114493494717	0.0004516381772419	0.0119642581825303	0.0078177554031243	6.111729954307919e-05	0.0001431434738582	0.0270551099749951	0.0186422552599765	0.0003475336811781	0.000731978975759	-0.0028686343270144	0.0003581859671552	1.282971870669061e-07	8.22906290212536e-06	-0.0012100707599802	-0.0001739229032216	3.024917626503008e-08	1.4642712441590588e-06	0.0014412679229082	0.0001119367691018	2.077253225604117e-06	1.2529840276972072e-08	0.0	0.0	0.0	0.0	0.0	0.0	0.0	0.0	0.0
924.7255607098978	-1.213912987741196	1.4735847418067571	855117.3626302348	1065.2226072038925	-2.0669664655411	4.272350369671466	1134699.2028982583	824.6154470569762	-1.0582128852473716	1.1198145105035668	679990.6355249768	841.6324310391759	723.8098209825253	0.996346	16.48173	0.0694023566832341	0.0334628669809087	-0.0021059726	0.0130576196	-0.1380924972	0.1778384404	0.0481734073	0.0114071841	-0.0333158347	0.1752564878	-0.0489675849	0.0500805022	-0.0412561334	-0.0553969386	0.118599696	-0.155748358	-0.0061073068	-0.0978831606	0.0152565815	-0.1920204129	-0.0777114163	-0.048953285	0.1041516296	-0.0979004497	-0.026283296	0.2233448304	-0.0423733475	0.0363378002	-0.0495355538	-0.059585713	-0.1060153338	0.0551535125	0.0829601903	-0.0260266304	0.0094060439	0.1191643373	0.0269356801	-0.0162794338	0.1572037454	0.0332890651	0.0325148718	0.0772800747	-0.1880348093	0.0119246269	0.0938452196	0.1811136654	-0.0001934148	-0.1012219654	-0.000964661	0.0422044941	-0.0574827727	0.0223324098	-0.0492586961	0.2230732562	-0.0136487291	-0.1743130117	0.0240575153	-0.1250979308	0.0256222076	-0.0156055195	0.1070774445	-0.0266433493	0.0620426278	0.0194066988	-0.0678807022	0.1118894389	0.177282318	0.13284758	0.0978238628	-0.0297111153	-0.0346964943	0.12148005	-0.1065950305	-0.079547746	-0.0005707957	-0.0346007001	0.0383304662	-0.0333811103	-0.0907680109	-0.0785046244	-0.015490195	-0.1257157462	-0.229523267	0.020720446	0.0049342011	-0.0161851599	0.0160859431	-0.1936405479	-0.1212768573	0.1949215514	-0.0019673734	0.0510642215	0.0217700549	-0.1918021505	0.084219009	-0.0217352736	0.1721514211	0.0195504738	-0.1419937564	-0.0587517052	0.0257871052	0.0473333578	-0.0532294754	-0.024634693	0.0695279452	0.0345862073	0.0677810652	-0.0788792559	0.1195287228	-0.0072585526	-0.02346776	-0.0664370364	0.0770053045	0.0712280058	0.0151740128	-0.1255324169	-0.0446835199	0.1150284477	0.0344767400644485	0.0097492381794666	0.0011886456054715	9.504764507996926e-05	0.034351770510824	0.0223875123282936	0.0005012007082495	0.0011800441372283	0.0359468301236489	0.0088917201486538	7.906268720197601e-05	0.0012921745959384	-0.0032896840449695	-0.0004210497179551	1.772828649900693e-07	1.0822021115726893e-05	-0.0012441879990705	-3.4117239090300034e-05	1.1639860031446967e-09	1.5480037770310546e-06	0.0013289571594172	-0.000112310763491	1.7661271315662328e-06	1.2613707595931347e-08	0.0	0.0	0.0	0.0	0.0	0.0	0.0	0.0	0.0
924.9822758244396	0.256715114541862	0.0659026500342413	855592.2105893597	1068.4431769961402	3.220569792247716	10.372069786738496	1141570.8224696054	824.2428768118748	-0.3725702451014285	0.1388085875349385	679376.3199751154	841.3602248184044	721.8680257143471	0.9167050000000002	15.164299	0.0477533472891999	0.0255523532572955	-0.0023623756	0.0559873631	-0.161307433	0.040696811	0.0426976773	-0.0119993783	-0.0164925809	0.1467171729	0.0158259696	0.0502427706	0.0558481364	0.0431257637	0.0059853458	-0.032261803	-0.0222269985	-0.1079202095	0.1870495443	-0.0269505816	0.007054914	0.0327128845	0.0990920723	0.0784252296	-0.1044034493	0.1249809128	-0.0718171375	0.0460650042	-0.0484459614	0.1883606712	0.0002108116	-0.1556047621	-0.067030895	-0.0018174488	0.0534039252	0.0492689413	0.0633138469	-0.1115689475	0.1256827872	-0.1026899392	0.0873812722	-0.051455428	0.0107484411	0.0327096576	-0.1499301269	0.0752230042	0.0078526756	-0.2640266347	0.0171059737	-0.1372129126	0.1014649562	-0.0155237188	0.143122327	0.0191543175	-0.0374268007	-0.0403774696	0.1486420078	-0.1206213	0.0278902246	-0.0209191775	0.0930854949	0.1289176737	-0.1035268989	0.0910949629	-0.025025195	-0.0144765118	0.1455062147	-0.0698741767	0.0714481359	-0.0163449857	-0.0434199593	-0.1718246666	-0.0296803139	0.0520778441	-0.1715476268	0.1050946336	-0.0102796904	-0.0896837862	-0.096807497	0.0204301538	-0.0469282231	-0.0689731856	-0.1371938158	0.1457419839	0.0273195702	-0.0020888282	0.0088881914	0.0328742225	0.1864337295	0.0124080482	0.000105618	0.0321516317	0.0358019177	-0.1179096043	0.0427014878	-0.0351476976	0.0549524759	0.1237998343	-0.014638072	-0.0489028383	0.0060241475	0.0317705118	-0.0178438527	-0.1563716678	-0.019795049	-0.011692952	-0.044969769	-0.0907061348	0.0661545115	-0.001638433	0.0054150341	0.04446592	0.1618757346	0.0093348147	0.0118128082	-0.1269376627	-0.0350428114	0.1205247148	0.0146191414578709	-0.0198575986065776	0.0002137192969652	0.0003943242224199	0.0406049270645496	0.0062531565537256	3.910196688540146e-05	0.0016487601019173	0.0457525659736006	0.0098057358499516	9.615245555902788e-05	0.0020932972931686	-0.0032738257386585	1.5858306311000107e-05	2.514858790535058e-10	1.0717934967102874e-05	-0.0010236813142123	0.0002205066848581	4.862319806715352e-08	1.047923433067422e-06	0.0013293292938269	3.721344097001693e-07	1.7671163714263248e-06	1.3848401888289348e-13	0.0	0.0	0.0	0.0	0.0	0.0	0.0	0.0	0.0
925.1760927138038	0.1938168893641432	0.0375649866027925	855950.8025291808	1070.8335734776088	2.3903964814685423	5.713995338617187	1146684.5420868252	825.2327773308439	0.9899005189690796	0.9799030374552532	681009.1367811782	841.5375620464739	721.341829602944	0.964198	15.949929	0.0521602745737985	0.0248563190693009	-0.0045357817	0.0580927984	-0.0993957198	-0.078343153	-0.0518512449	-0.0624209084	0.0062392361	0.0639858416	0.1758826264	0.0567627332	-0.0708975478	0.0618854697	-0.0324139773	0.071466483	-0.0268900243	-0.1048666891	0.1775822973	0.1479923064	0.0243168215	0.1351203622	-0.0928894891	0.0153093226	-0.0098573624	0.087133976	0.0270336908	0.0057889172	0.0744989771	0.1103460929	0.0379080136	0.0191396828	-0.0136080944	0.051367723	0.2082252958	0.0623447277	-0.0255286806	-0.0193802979	-0.0737213161	0.1160140647	-0.0861278112	0.1113218937	-0.0232735014	-0.0479051819	0.1154632067	0.0223415612	-0.1794707588	0.0116984056	0.061689552	0.0344470506	-0.0701818651	0.0628643368	-0.3279622858	0.0769964971	-0.0361808726	0.1119990067	0.2374284355	-0.0074107623	-0.0152044077	0.0125029772	0.0533557326	0.0487873867	-0.0856637469	0.019697453	-0.1216056155	0.0160948929	-0.0817593662	-0.0032587239	0.0664792742	0.0669290801	0.1843245637	-0.0141074809	-0.0702456629	0.1222012696	-0.0892011694	0.0371668155	0.0153783326	0.1311371525	-0.1175248273	-0.0046162499	0.1300058303	0.0407640459	0.0167265671	-0.0758264941	-0.0084385138	0.1157568773	-0.0806137878	-0.0345173084	-0.2585155652	0.104979134	0.0063102861	0.0148480147	-0.0052211171	-0.055536413	0.1024354327	-0.0743489806	-0.0550872454	0.1473835149	-0.0192064789	0.0342115802	0.0723429425	-0.112357122	0.0895500105	-0.0754537737	0.0089555591	0.0442274135	0.0495074143	0.0277501963	0.0219648998	0.0761534008	0.0035972943	-0.1880781234	0.0658034665	0.0490300837	0.0084435077	-0.1279949812	-0.0251860523	0.124700488	0.0273823596150037	0.0127632181571328	0.0007497936180853	0.0001628997377265	0.0249470673635983	-0.0156578597009513	0.0002451685704146	0.0006223561700439	0.0394082234743962	-0.0063443424992043	4.025068174721108e-05	0.0015530080774079	-0.0034572228618917	-0.0001833971232332	3.363450481021362e-08	1.1952389916786638e-05	-0.0011878061130208	-0.0001641247988084	2.6936949583930573e-08	1.4108833621295815e-06	0.0013289541315384	-3.751622885000711e-07	1.766119083732983e-06	1.407467427126106e-13	0.0	0.0	0.0	0.0	0.0	0.0	0.0	0.0	0.0
926.9842144827908	1.8081217689870075	3.269304331484705	859299.7339002766	1075.9931530422634	5.159579564654678	26.621261284002152	1157761.2653938318	825.0864750306162	-0.1463023002277168	0.0214043630519209	680767.6912784476	841.5647940084842	724.845832482256	0.911018	15.070217	0.0399201009205607	0.0213260330928263	-0.0132828598	-0.0089265102	-0.0526679886	-0.1100805098	-0.0915715813	-0.1101357086	0.083655327	-0.1505595378	0.1567495727	0.0630430079	-0.0833920536	0.0606697086	-0.0813038549	0.0185753861	-0.0356054131	-0.0130578755	0.0191745406	0.1577417552	-0.0386880826	0.1755182553	-0.070737698	-0.07536279	0.0020668073	-0.0236379595	0.0835775172	-0.0848619849	0.0700418635	-0.0433416658	-0.1559959272	0.000772308	0.3151911873	-0.119530633	0.0151045306	0.0588178803	0.0325724758	-0.0217447264	-0.152429823	0.1023593015	0.0564097099	-0.0876023993	-0.0599638332	-0.0714305004	-0.0854713929	-0.0906374039	0.0439283472	-0.028495489	0.0292060204	-0.024642071	0.106535513	0.0767449776	0.0091384022	0.0407494677	-0.030219967	0.1700426368	0.1276150503	0.107157904	-0.0678180227	0.1027745854	0.0796834717	-0.0615905661	0.0363368428	-0.0073633393	-0.0688187321	0.0404485735	-0.0907028623	0.0092853771	0.0939088388	0.0119269417	0.0055195279	0.2016307083	-0.2346530268	-0.0164021685	0.1614882969	0.1316714218	0.0387809509	0.0787136057	0.0343605871	0.0049349417	-0.0666453108	0.0322777414	-0.005091013	0.155691145	0.1329560916	-0.1155413828	0.0251937798	0.0163786757	0.0089475427	-0.093890742	0.0083512081	-0.046665697	-0.0787244816	0.0693563436	0.0703764949	-0.1009728924	-0.00417497	0.1122326984	-0.018910172	0.1002515376	0.0429656502	0.0209351337	0.1219593225	0.0594357042	0.0856451188	0.016332649	-0.0174886304	0.1291991457	-0.0536275835	-0.0183309719	-0.0503363181	0.0962239662	0.0284528535	0.0155388323	0.0050684204	-0.1287014744	-0.0151740128	0.1275100165	0.0168965619906487	-0.010485797624355	0.0002854938071038	0.0001099519518189	0.0087973631585498	-0.0161497042050485	0.0002608129459105	7.739359854340933e-05	0.0404290475442934	0.0010208240698971	1.0420817816814749e-06	0.0016345078853387	-0.0033763305362933	8.089232559840018e-05	6.543568340717589e-09	1.1399607890306604e-05	-0.0010237445332081	0.0001640615798127	2.6916201970638962e-08	1.0480528692734703e-06	0.0013292757265525	3.215950141000155e-07	1.7669739572016767e-06	1.0342335309398917e-13	0.0	0.0	0.0	0.0	0.0	0.0	0.0	0.0	0.0
927.0864192377888	0.1022047549980698	0.0104458119442154	859489.2287351452	1072.7380828857422	-3.255070156521242	10.595481723875224	1150766.9944733777	825.2186523975255	0.1321773669093318	0.0174708563230841	680985.824264788	841.6985463662076	728.2891299690853	0.886698	14.667912	0.0645509660528128	0.0343790560526609	0.001968129	0.0415146734	-0.0499639266	-0.0754474227	-0.0395468777	-0.0431856795	0.0885809712	-0.0964831156	0.097498287	0.0930054511	0.0284512327	-0.0541211889	-0.1154235384	-0.0434096766	-0.0336805281	0.068011613	-0.0232771082	0.057410662	-0.0069958253	-0.0092100599	0.0975833113	-0.1181273753	-0.0303387586	-0.0521864814	0.1148230939	0.1125744177	0.0121145816	0.0846240012	-0.1019687287	-0.1052022745	0.1185139107	-0.1280139824	-0.0073703127	-0.1908436708	0.0030719796	-0.1017409136	0.0836204955	-0.0158848817	-0.2355372126	-0.0707427394	0.0784522179	0.0422279332	0.1740104624	-0.1354242409	-0.0213284051	0.1194232499	-0.0453166614	0.0164043744	0.0844718646	-0.0243077048	0.0879014919	0.0853471516	-0.0355544272	0.1204456088	-0.0283773789	0.0407967606	0.0015306142	-0.0529327872	0.0429723989	-0.0766601393	0.0962037649	0.027002612	0.0135846864	-0.0983249111	0.0601223285	-0.1137773746	0.1792501444	-0.0489808857	-0.199304831	0.0483635497	-0.0355109393	-0.0266236786	0.066199662	0.0723099329	-0.1334975872	-0.083559583	-0.137911414	-0.0078819348	-0.0720720459	-0.0189829755	0.1812384483	-0.2596021217	0.056794416	-0.0882710448	-0.0317286948	0.0762554593	-0.0519053503	-0.2289568362	-0.001098913	-0.017805133	-0.0440099697	0.0163135975	0.0547801345	-0.1287010112	0.0186239158	-0.0154743565	-0.0064854963	0.1061852303	0.0387790232	0.008157757	0.1091011493	-0.0203011734	0.0293840827	-0.0771446199	0.0849236973	0.1040610907	-0.0439222178	0.044763706	0.1140625295	0.0626332517	-0.0597915835	-0.1088722769	0.0016898595	-0.1290552057	-0.0050684204	0.1289225186	0.0104673911102963	-0.0064291708803524	0.0001095662766559	4.133423820877125e-05	0.0184110989573866	0.0096137357988368	9.242391600983624e-05	0.0003389685648186	0.0195795383875747	-0.0208495091567187	0.000434702032076	0.0003833583234705	-0.0029303768261344	0.0004459537101588	1.9887471160448802e-07	8.58710834314552e-06	-0.0010227974012837	9.47131924399847e-07	8.970588822173574e-13	1.0461145240726902e-06	0.0012230055642977	-0.0001062701622547	1.4957426103031356e-06	1.1293347385661514e-08	0.0	0.0	0.0	0.0	0.0	0.0	0.0	0.0	0.0
927.4089183777304	0.3224991399415557	0.1040056952630431	860087.3018865518	1072.0777486165364	-0.660334269205805	0.4360413470875645	1149350.6990787014	826.0329167258196	0.8142643282941435	0.6630263963323128	682330.3795145649	842.4435118827686	728.893102249461	0.8759749999999998	14.490535	0.0647398520468758	0.0340386465554805	-0.0021836828	0.0716423229	-0.0322566285	-0.0765888333	0.0070106509	-0.0271890062	0.0462985722	-0.0206878675	0.0238891949	0.0855060902	0.1438768705	-0.0564147504	-0.1017918512	-0.0339011564	-0.0525201142	0.100161893	-0.0544101068	0.038581343	-0.072753598	-0.1212105493	0.0419822072	-0.1363130506	0.0617873972	0.0739309456	-0.0468417181	0.0159882533	-0.0002481955	0.1126678197	-0.1221393117	0.1758177611	-0.0547069942	0.0251505421	-0.0209851359	-0.0471324878	0.037544377	0.0306350444	-0.0141816687	0.0282510651	0.0263049296	-0.0467039987	-0.0440839618	0.0605647205	-0.0411683667	-0.0182178712	0.0775073146	0.1412937018	-0.0764127296	-0.0135558696	0.1456506862	-0.1605096556	0.136544593	0.0399462869	-0.0542049471	0.1025462894	-0.1336830579	-0.0372240148	-0.060468324	-0.1018788035	-0.0137821186	-0.0517262043	0.1614232355	-0.0281165741	-0.0518943381	0.0613210747	0.1271687786	-0.0602724583	0.1077150691	0.0222351846	0.0441910413	0.0241197796	0.0894481673	-0.0199877519	0.0141663599	0.0986289442	0.109947183	-0.0356208728	0.0194470998	0.104439487	-0.1210002317	-0.0965408774	0.1046553347	-0.0840563557	0.0026338005	-0.0505607221	0.0020018077	-0.0195902313	0.0906974453	0.0184991247	-0.0016736671	0.0133466626	0.006145366	-0.0979507761	0.0590115403	-0.0798643757	0.0174494068	-0.0775433773	0.0032491089	-0.0046990739	0.0194817542	0.0880505294	0.0985113187	0.0095301819	0.0204098661	-0.0172751596	0.0800453994	0.1367442075	0.0009841427	0.0644604435	0.1475833829	0.17833437	-0.06204833	-0.0783511576	-0.0016898595	-0.1290552057	0.0050684204	0.1289225186	0.0252845934620467	0.0148172023517504	0.0006393106665409	0.0002195494855327	0.0238682665660405	0.0054571676086538	2.978067830894129e-05	0.0005696941488675	0.0232301270698513	0.0036505886822766	1.3326797727166024e-05	0.0005396388036814	-0.0034772198541988	-0.0005468430280643	2.990372973426419e-07	1.2091057914434324e-05	-0.0011863152743307	-0.0001635178730469	2.6738094805814773e-08	1.407343930110324e-06	0.0013289425312702	0.0001059369669724	1.7660882514188463e-06	1.1222640971332546e-08	0.0	0.0	0.0	0.0	0.0	0.0	0.0	0.0	0.0
926.5702955086408	-0.8386228690895905	0.7032883165600564	858532.51251897	1073.3373405819848	1.2595919654484078	1.586571919422183	1152053.0466876077	825.9020347651231	-0.1308819606965698	0.0171300876357784	682114.1710291705	843.0802661446179	729.809048686894	0.927974	15.35071	0.1045127480732257	0.0503611561552798	0.0260966691	0.0583853679	0.0537442574	-0.0545896723	0.0876753878	0.0309893193	-0.0278477426	0.0165865814	-0.0806992828	0.0293573699	0.0894051165	-0.0485842582	-0.0601201458	0.0779663628	-0.0246450801	0.1124355373	-0.0545295554	0.0258466497	0.0094732546	-0.0905054314	0.0401884764	-0.0287188285	0.0041384435	0.0029187716	-0.0689752741	0.0636136995	0.080294517	0.0366979578	-0.0109079612	0.014234783	-0.0058570115	-0.0174506811	-0.1253619398	0.0161701678	-0.0541170664	0.1769106747	-0.026872803	-0.0284982236	-0.0216843139	0.0857110021	0.1469605133	0.0883514445	-0.0036002249	-0.0354386466	0.0865860769	-0.0974697137	-0.0320447025	-0.0440807035	-0.0846518639	-0.072715448	0.1176699755	-0.0011869925	-0.0311033816	0.0176427508	-0.1591918481	0.0018340598	-0.0073985829	-0.0996140846	-0.0048458254	0.0875935668	-0.0028696426	0.0127914426	-0.0147699248	-0.061194399	0.0398554121	-0.1066881593	-0.0290378664	-0.0344332445	-0.0324302261	0.0653346158	0.0352717684	0.0909444877	0.0983079029	0.0099424364	-0.0186043545	-0.1507480146	0.1685449728	0.1015717328	-0.0261410642	0.0261000134	-0.0230376463	-0.0777794738	-0.1117608086	0.0692964124	-0.0570504957	0.0233834325	0.0751188947	0.1426161754	0.0092749036	0.0307667009	0.0613283143	-0.0586524035	0.0542804068	0.023775374	-0.0608247485	-0.0178530989	0.0916326539	-0.0384612428	0.0469610233	0.1282582378	-0.0347348986	-0.085577072	-0.0793232385	-0.0993931657	0.0030552376	-0.0688815003	-0.0574598344	0.056775646	0.0466170746	0.0518275729	0.066441619	-0.0327723526	-0.0050684204	-0.1287014744	0.0151740128	0.1275100165	-0.0074478631267282	-0.0327324565887749	5.547066515447756e-05	0.001071413714336	0.0470576044193222	0.0231893378532817	0.0005377453900736	0.0022144181336854	0.0488199647460305	0.0255898376761792	0.0006548397922932	0.0023833889578036	-0.0031803303267962	0.0002968895274026	8.814339148133928e-08	1.0114500987539622e-05	-0.0010236157011607	0.0001626995731699	2.6471151109700128e-08	1.0477891036627115e-06	0.0013293757497974	4.332185272000119e-07	1.7672398841493995e-06	1.876782923093475e-13	0.0	0.0	0.0	0.0	0.0	0.0	0.0	0.0	0.0
926.9659990938236	0.3957035851827868	0.156581327326511	859265.9634760106	1072.6763008965386	-0.6610396854462124	0.4369734657348274	1150634.4465050814	825.009898495219	-0.8921362699040856	0.7959071240783754	680641.3326150915	841.7224944035676	728.0195281762423	0.891193	14.742273	0.0389713202467444	0.0200696595969981	0.0100006903	-0.0287653251	0.0602144955	-0.0969943959	0.0310367421	0.0221973816	-0.0444813044	-0.0913710321	-0.0523232815	0.0095543376	-0.0505079257	0.0439836414	-0.0029797598	0.1131187633	0.021322616	0.0229907844	-0.0350126002	0.095018371	0.0469756385	0.1003431769	-0.0159039464	0.0447202938	-0.0603790937	0.0033995202	0.003641852	0.0846244136	-0.0604443373	0.0210793795	0.1485571344	-0.0604221694	0.0002367286	0.0673034229	-0.1860253262	0.1180819802	0.0317793632	-0.0475800691	0.0458302652	0.0444542651	-0.0735279241	-0.0681709582	-0.0146556189	-0.1303196202	-0.0945096837	-0.0667445334	-0.0170426762	0.000105429	0.1565701287	-0.0727520111	-0.0726432679	-0.0838889458	-0.025921053	-0.0796928179	0.0195481919	0.0489997408	-0.0148148121	0.1193834644	-0.0002101631	0.0385722548	0.0343057098	0.0479573656	-0.1125623349	0.0770661809	0.0306698028	-0.1360285487	0.0231569686	-0.0542131962	-0.0140974936	-0.1476833572	-0.022803233	-0.0828549581	-0.0740731205	-0.038048148	-0.0211683329	-0.0991759511	0.0545613891	0.1145013268	0.0939118807	-0.0255821176	0.0749133979	0.0022313534	-0.0508344411	0.0464238488	0.0005055789	0.0499899075	-0.0243123815	0.1152541875	-0.0211774702	0.0298059211	0.0085361929	-0.0402579097	-0.024469925	0.0929838956	0.0038149083	-0.0274742144	-0.0880799394	0.0451795977	0.1161877608	-0.0172562567	0.0231102404	0.1602577104	0.0037356545	-0.0403536963	-0.0436898138	-0.0877670249	0.0037874826	-0.0943679153	-0.0487999606	0.0319785365	-0.0136110391	0.002934846	0.0607100699	-0.038199666	-0.0084435077	-0.1279949812	0.0251860523	0.124700488	-0.0134384605722317	-0.0059905974455035	0.0001805922225514	3.588725775407307e-05	0.034919243758523	-0.0121383606607992	0.0001473397995316	0.0012193535846671	0.0383647303621188	-0.0104552343839117	0.0001093119260225	0.001471852535758	-0.0033878317100802	-0.000207501383284	4.3056824064773546e-08	1.1477403695824931e-05	-0.0010237505132262	-1.3481206549985532e-07	1.817429300433728e-14	1.0480651133309078e-06	0.0013292693900163	-1.0635978110002874e-07	1.7669571112343062e-06	1.1312403035646028e-14	0.0	0.0	0.0	0.0	0.0	0.0	0.0	0.0	0.0
927.7681739270308	0.802174833207232	0.6434844630310506	860753.7845518973	1072.2358235555982	-0.4404773409403333	0.1940202878818666	1149689.661315952	824.3790829024126	-0.630815592806357	0.3979283121276356	679600.872327023	840.8192652877042	730.1343564706996	0.8380959999999998	13.863925	0.0890392014811188	0.0467342014484321	0.0109198385	-0.0030041939	0.0683892104	-0.0740675739	0.0342360048	0.0190637549	0.0349059484	-0.1237838085	-0.035471007	-0.0310754273	-0.0033782495	-0.0305385728	0.0165748223	-0.035648457	0.0315575406	0.0244350909	0.0593585117	0.035215599	-0.0914869167	0.0470009109	-0.0671554816	0.0063251451	-0.0501513569	-0.0941751832	0.0754671375	0.0764973423	0.0426616087	-0.044908894	0.0165923473	-0.0972390561	0.1293294481	-0.1075002509	-0.1295859957	-0.0054573971	0.1244936707	0.0881725946	-0.0425538424	-0.0548105902	-0.2403023868	0.1568965891	-0.0354073643	0.0559591985	-0.0396575281	0.0608660315	0.0260072889	0.0535105763	-0.0312892878	0.2136859902	-0.0461569099	0.2450928524	0.0444410284	-0.0898491202	0.0363562185	0.0781541445	-0.0227212127	-0.0579816996	-0.0121623937	0.0773245965	-0.0077270099	-0.0901686432	-0.1042447771	0.0583356983	0.0753387469	-0.1736157485	-0.0781871693	0.0381223363	0.112979684	-0.0854711164	-0.0676673653	-0.0003033485	-0.1411665195	0.0916150371	0.161795801	-0.022567708	-0.0257853069	-0.0707500829	0.1048552045	-0.1097222848	0.2036551381	-0.0107325749	0.0485277329	0.005960887	-0.1774242762	0.0163682565	-0.0619602127	-0.1364432313	0.0239442929	-0.0741538178	0.0170375089	-0.0247809875	-0.0314435974	0.051621646	0.0111138138	-0.1033785653	0.042193152	-0.101157127	0.0653057769	-0.0308611483	-0.0737238602	0.1227300936	-0.0042236442	0.0297403291	0.0628974684	0.0504169095	-0.0484188356	0.0236325685	-0.1982051853	0.0366390179	0.0049461873	0.1352137963	0.0173325865	0.006203618	-0.0118128082	-0.1269376627	0.0350428114	0.1205247148	0.0056460979470216	0.0190845585192533	3.1878422027361525e-05	0.0003642203738748	0.0029773347720976	-0.0319419089864254	0.001020285549697	8.864522345141469e-06	0.0491232911728189	0.0107585608107	0.0001157466307175	0.0024130977356495	-0.0033340062673808	5.382544269940011e-05	2.897178281786404e-09	1.1115597790934454e-05	-0.0015137227706905	-0.0004899722574643	2.400728130846624e-07	2.291356626506924e-06	0.0013279836268852	-1.285763131099937e-06	1.76354051327517e-06	1.6531868292959138e-12	0.0	0.0	0.0	0.0	0.0	0.0	0.0	0.0	0.0
927.644747893267	-0.1234260337638488	0.0152339858106747	860524.7782939628	1072.8260442340186	0.5902206784203372	0.3483604492349631	1150955.7211868125	825.1848868259424	0.8058039235297656	0.6493199631759643	680930.0974459434	841.5019718290349	731.7737449774675	0.8922879999999999	14.760381	0.0915999724166916	0.0518817596076797	0.0274708626	0.0344576778	0.1144712102	-0.0574716199	0.0961941661	0.0266945487	0.0492927631	-0.0813823264	-0.0757588886	-0.0462733789	0.1357534473	-0.0067420073	-0.025183247	-0.0410701433	0.0070922018	-0.0091106226	0.0311950789	0.0321689701	-0.1281023364	-0.0858900971	-0.0741850924	0.0554118265	0.0487898463	-0.0653410841	0.0607410035	0.1260330091	0.0524423333	-0.0021693341	0.0533275417	0.0224071803	0.0073280892	-0.1025800587	-0.1435501648	-0.0367643805	0.1855375395	-0.0753098027	-0.0719226099	-0.0694707556	0.0411425939	-0.1647122706	-0.0646439511	-0.0568325727	0.0470491967	-0.1014864217	0.0344222213	0.0296958536	-0.0469071226	0.0192755175	0.0323397517	0.0139588444	-0.0156656459	0.1778336989	0.012609191	0.0307720527	-0.0519819367	-0.0961893802	-0.0740496647	0.0180509408	-0.1358884488	-0.014571846	-0.072748602	0.0158860442	0.0780886157	-0.1015428694	-0.0941761121	0.0544540683	0.0954997186	-0.1587840761	0.0293109016	0.0030335058	0.0216500953	-0.0952811265	0.0092668596	0.0374249525	-0.0269480952	-0.0484934482	0.1329720976	0.0114787988	0.0407968599	-0.1117634691	-0.0288405957	-0.0158000151	0.0120144061	-0.1173143564	0.016922573	0.0923434761	-0.1185560103	-0.070154858	0.0087821089	0.0117973124	0.0542329836	-0.0734846431	0.0181733378	-0.0005099199	-0.0676490087	-0.1507976377	0.0911367476	-0.1145287134	-0.0714839842	0.0727071645	0.0241571621	-0.043652344	-0.0023344034	-0.1074999518	-0.054073628	-0.0267689297	0.0266780782	-0.001065509	-0.0117873025	-0.1285610866	-0.0500621895	-0.0677270646	-0.0151740128	-0.1255324169	0.0446835199	0.1150284477	-0.0051528801419209	-0.0107989780889425	2.6552173757002756e-05	0.0001166179277654	0.0461729070638483	0.0431955722917507	0.0018658574656118	0.0021319373467267	0.0487945529457505	-0.0003287382270684	1.0806882193607548e-07	0.0023809083971756	-0.0032158985497118	0.0001181077176689	1.394943297298018e-08	1.0342003482038458e-05	-0.0010229213566643	0.0004908014140262	2.4088602801011736e-07	1.0463681019199325e-06	0.0011913590824018	-0.0001366245444834	1.4193364632212587e-06	1.866626615529657e-08	0.0	0.0	0.0	0.0	0.0	0.0	0.0	0.0	0.0
927.5316246968124	-0.1131231964545804	0.0127968575761016	860314.9148127085	1072.2265861147926	-0.5994581192260284	0.3593500367060073	1149669.8519713827	825.4119052970987	0.2270184711562706	0.0515373862461304	681304.8134061865	842.0876320713181	733.1732304731831	0.81749	13.523056	0.0282877905747155	0.0163357520900565	0.0234226286	0.0104230977	0.1054265522	-0.0344214619	0.0634073154	0.0421002163	0.0162280997	-0.0358947979	-0.0555586922	-0.0328415284	0.107300508	0.0396655054	-0.0013535336	0.0628230037	-0.0046253221	0.051778905	-0.0350931837	0.0033923288	0.0595693338	-0.1213348254	0.0008292358	0.0999748734	0.0251493002	-0.0007369359	-0.1600579954	0.1177262235	-0.0308358152	0.0032338412	0.0161275608	-0.0133981842	-0.075979989	-0.0163460128	0.0091739563	0.0485278513	0.0134034419	0.0327618758	-0.0005116258	-0.0626554446	0.108866137	0.1005047526	-0.1287959343	0.0829965131	0.0194222822	0.1264410043	0.0538832763	-0.0492402899	0.1405089773	-0.0639521974	-0.1589981674	-0.0073018859	-0.0250521417	-0.1236393126	0.0100674655	0.002859706	-0.0907248384	-0.0038175061	-0.0028550321	-0.0364783291	-0.1649649894	0.096437821	-0.0783232039	0.0076701698	0.0467375991	0.0907412764	0.0648363704	0.013291789	0.0639956784	0.0095740291	-0.0078255668	-0.0600748528	0.0789179257	0.0478023264	-0.0367205907	-0.1396101759	-0.0034416887	0.0680412508	0.0810888678	0.0584008969	0.0047435023	-0.0336117982	-0.1484379148	-0.0522625261	-0.0991654086	0.0174131933	0.0613284798	-0.095560153	0.0995838723	0.1331152435	0.0127489835	0.031960544	0.0698882961	-0.0596775196	0.0372898531	0.0565599198	-0.0950291702	-0.0644008528	0.051735034	-0.111649429	-0.0046540006	0.0484867649	-0.0171928815	-0.0654836777	0.1102125414	-0.0012141808	-0.1140199292	-0.0474737393	-0.0601405983	-0.0772152407	-0.0023897863	-0.0950572186	-0.0535795805	-0.0728763163	-0.0185248178	-0.1237830955	0.0540487397	0.1082719048	-0.0129515140422142	-0.0077986339002933	0.0001677417159856	6.081869071080389e-05	0.045397880869217	-0.0007750261946313	6.006656023646772e-07	0.0020609675874156	0.0490246091789714	0.0002300562332209	5.2925870443789246e-08	0.0024034123051508	-0.003466825983144	-0.0002509274334322	6.296457684887117e-08	1.2018882397402362e-05	-0.0010238059901657	-8.846335013998168e-07	7.825764317988996e-13	1.0481787054991691e-06	0.0013292285003996	0.0001378694179978	1.7668484062745696e-06	1.900797641905213e-08	0.0	0.0	0.0	0.0	0.0	0.0	0.0	0.0	0.0
928.2913354154174	0.7597107186049925	0.5771603759633142	861724.8034073389	1070.4313471960645	-1.795238918728046	3.222882775315844	1145823.2690599817	825.7022265463673	0.2903212492686862	0.0842864277769306	681784.1669236285	842.176290060286	736.9272578948211	0.903928	14.952939	0.0345613669165951	0.0206966399235678	0.0065225042	-0.0523430787	0.1174325393	-0.066786645	0.0130740657	0.0134344114	-0.0984280646	-0.0960709775	0.0088377755	-0.0397313772	-0.0584022345	0.0950310946	0.0803197531	0.0880322033	-0.0004405894	0.0411840987	-0.062085499	0.0259174011	0.1123437044	-0.0515499961	0.0627700624	0.1136774551	0.011022078	-0.0997912048	-0.0177550842	0.0229699453	-0.0820802563	0.057570942	-0.0982343682	-0.0746478887	-0.0210382923	-0.0067540681	-0.0067901564	-0.0304718973	0.0734114026	-0.0326133281	-0.079592273	-0.0422503288	0.0205081884	0.0033828148	0.1348368737	-0.0239360705	-0.0100165198	0.0948022707	-0.0941244163	-0.1130351303	-0.0927078702	-0.1221905156	0.0942409677	-0.0215726899	-0.1232953185	-0.0849608547	0.0311755649	0.0013979121	-0.0130996356	0.1314571739	0.0495869299	-0.0035010378	-0.1047640486	0.0481083966	-0.0151617534	-0.0708872956	0.1323669399	0.0786362183	0.0560066581	-0.0330990154	0.0317736221	0.0362796993	-0.067673443	-0.0698592087	0.0349188259	0.0722528811	0.0470992409	0.0642601748	0.0078986865	0.0002263452	-0.0193118766	-0.0061562622	0.0084637707	-0.0216370268	-0.1652035107	0.0602524829	0.0969433059	0.0327430685	-0.1050782724	-0.0731335904	-0.1022244994	-0.1220319432	0.0076363026	-0.0145432185	0.0205096676	0.0519194135	-0.0064672398	0.0970925344	-0.1316287915	0.0406902608	0.102907824	-0.0990390355	-0.0057511482	0.0466312136	-0.0636357643	-0.0672577946	0.1025910542	-0.068754631	-0.0239399213	0.015496773	0.0393393585	-0.0262397602	-0.0239025969	-0.195524579	-0.069571408	-0.0906219576	-0.0218629269	-0.1216944932	0.063080731	0.1003291122	-0.0298870218735061	-0.0169355078312919	0.0008932340764674	0.0002868114255037	0.043673744592553	-0.0017241362766639	2.9726459005087955e-06	0.0019073959667355	0.0487575204034271	-0.0002670887755442	7.133641402175031e-08	0.0023772957958906	-0.003303905215472	0.000162920767672	2.6543176538833863e-08	1.091578967282308e-05	-0.0010229501526657	8.558374999998158e-07	7.324578264059348e-13	1.046427014838779e-06	0.0011803124249097	-0.0001489160754898	1.3931374203962164e-06	2.2175997539313582e-08	0.0	0.0	0.0	0.0	0.0	0.0	0.0	0.0	0.0
928.0434578458554	-0.2478775695619788	0.0614432894919536	861264.659650492	1070.9305434454054	0.4991962493409119	0.2491968953560338	1146892.228884271	826.5013196051733	0.7990930588059655	0.6385497166318742	683104.4313090928	843.3498335118333	738.5555155549656	0.8789519999999998	14.539781	0.0411282300210602	0.0247375318375699	0.0040656724	-0.0439999695	0.0953500115	-0.0597083058	-0.0051681449	0.0286047246	-0.0303112897	-0.0975310542	-0.0350524516	-0.0277230708	-0.0778148278	-0.0988178035	0.1018878114	0.0428859856	0.0021431509	0.0538812542	-0.1302678899	0.0424798766	0.1485265513	-0.0504197652	-0.1061256412	-0.0439361417	-0.0959684739	-0.0326530888	-0.0018899827	0.0194421682	-0.0561073941	0.0654835572	0.0146718908	0.0132277568	-0.08373058	-0.0796870239	-0.0455219333	0.1959797182	0.0697038157	-0.099547943	-0.1333127892	0.0225244502	0.0865756069	0.0192873187	-0.0095490972	-0.0460775317	0.0621474788	0.1246753784	-0.076709459	0.0732576185	0.1161246563	0.0919441648	0.0466602279	-0.0470972947	-0.1583994531	0.0304808572	0.024314898	-0.0057825666	-0.068811759	0.1835103571	0.0638185469	-0.0434633502	-0.0970832321	-0.1282531557	-0.0485331982	0.0282687995	-0.0288055522	-0.0294586755	0.0364982731	-0.0083608135	0.0348268735	-0.0243839303	0.0775085558	-0.0253267072	-0.0232888491	-0.0167672424	-0.101271432	-0.0053120282	0.0762609059	0.0458196086	0.0987419425	0.1533971734	0.0243723422	0.1111784298	-0.1108260553	0.03698354	0.0810827355	-0.0097202022	0.0155036569	-0.0925835654	0.0033286667	-0.053812072	0.0082088051	-0.0473119934	-0.0061922238	0.1383210817	-0.0325539148	-0.0174808944	-0.0661791105	-0.0098950004	0.0762566558	-0.0079445371	-0.077018087	0.0750274367	-0.0694503241	-0.025512472	-0.0294002423	-0.113264309	-0.0276620476	-0.0869503104	0.0078276695	0.0184433255	0.0706287634	-0.0580185102	-0.0715332625	-0.1416760518	-0.0251860523	-0.1192723348	0.0717238087	0.0912870929	-0.0298689290743396	1.809279916650114e-05	0.0008921529240479	3.273493816793443e-10	0.0383501768855012	-0.0053235677070518	2.834037313156476e-05	0.0014707360671492	0.0289011802888552	-0.0198563401145719	0.0003942742427455	0.0008352782220889	-0.0030659424146817	0.0002379628007902	5.662629455996397e-08	9.400002890144251e-06	-0.0010226866163698	2.6353629590017934e-07	6.945137925678689e-14	1.0458879153019102e-06	0.0010999341739905	-8.03782509192e-05	1.2098551871121637e-06	6.460663220829876e-09	0.0	0.0	0.0	0.0	0.0	0.0	0.0	0.0	0.0
927.3155506124808	-0.7279072333745944	0.5298489403990563	859914.1304077285	1070.359109424409	-0.5714340209963211	0.3265368403520239	1145668.623127814	825.808887632933	-0.6924319722403425	0.4794620361806504	681960.318893542	842.5843617317975	735.4882458218813	0.89795	14.854038	0.0500838448708728	0.0249519956580137	-0.0226666491	-0.0273842419	0.1048257132	-0.090013554	0.0370950617	0.0092985377	-0.0376364374	-0.0179546815	-0.0401206017	-0.0836857262	-0.0620632893	-0.1256525037	0.026021059	0.0232230097	-0.0335917429	0.1294427435	-0.109125485	0.0472234685	0.0268154118	-0.1099701602	0.0865915348	0.0449768721	-0.0983439118	-0.0353475994	0.1346998847	0.0361408158	-0.0727847283	-0.1305550964	0.0883545156	-0.0930691845	0.0316304386	-0.0205526619	-0.0973236815	0.0907945463	-0.0667621125	0.0341458502	-0.0682124101	0.2367639125	0.0682863014	-0.0977694692	0.0906410348	-0.1114823313	-0.1141283473	0.1505221429	-0.0327243762	-0.0613148277	-0.1194171361	0.2278218334	-0.1604626017	-0.0261112711	-0.0725788296	-0.0681929594	-0.0211774807	-0.0098370271	-0.1600197682	0.0792519272	0.0614419614	-0.0998372697	-0.0321385351	-0.1339629517	-0.1248618407	-0.0320264956	0.1453296954	-0.036848624	0.0268441018	0.1286566317	0.0129387313	-0.0492767622	-0.0181012447	0.0063553021	-0.0734811915	-0.0671395244	0.0409169881	-0.0169277942	0.0891847956	0.0744013081	0.0569004604	0.031430489	-0.0486818058	0.2597998561	0.0239192747	0.1992130917	-0.0916434844	0.0760241532	-0.1486128982	-0.0313247747	-0.1377939266	0.0819901372	-0.0221186983	-0.0531569315	-0.0104474678	0.0827860442	-0.0468298566	-0.0358850664	-0.041159097	-0.1265973445	0.1200610691	-0.0310948182	-0.1294630587	0.0668672068	-0.038653021	-0.0292780688	-0.0622186917	-0.002956483	-0.0103753619	-0.0024030642	0.0297626469	0.048444986	-0.0246858731	-0.0999380413	-0.1793875754	-0.0352781239	-0.0284919163	-0.1165232592	0.0799246852	0.0812449131	-0.0162747059905967	0.0135942230837429	0.0002648660550803	0.0001848029012505	0.0239636219004211	-0.0143865549850801	0.0002069729643387	0.0005742551745863	0.0252270592588104	-0.0036741210300447	1.3499165343417454e-05	0.0006364045188475	-0.0027789834625128	0.0002869589521689	8.234544022987309e-08	7.722749084919629e-06	-0.0010219183386457	7.6827772409996e-07	5.902506613482143e-13	1.0443170908603875e-06	0.0010190824884434	-8.085168554710005e-05	1.0385291182519926e-06	6.536995055807146e-09	0.0	0.0	0.0	0.0	0.0	0.0	0.0	0.0	0.0
926.3941276869136	-0.9214229255671852	0.8490202077607907	858206.0798127976	1067.4820267208038	-2.8770827036053106	8.277604883384843	1139517.877371955	825.2585490894738	-0.5503385434591337	0.3028725124167208	681051.6728452635	842.3343200327496	734.4893688115254	0.984628	16.287893	0.0427285273175693	0.0201147271087319	-0.0030068606	-0.0305343307	0.076457807	0.0630486524	0.042965962	0.0325159852	-0.0341030223	0.1419139643	-0.0482637395	-0.0552117598	0.0185182725	-0.0698967933	-0.011104574	-0.0716693685	0.0087417689	-0.0032627593	0.0154764832	-0.0929695568	-0.0840562157	-0.064287121	-0.0021819409	0.0427659126	-0.1579051189	-0.0927630925	-0.0962138218	-0.0068377135	0.0790650354	0.0612671048	0.1285774993	-0.0516258995	0.0312209748	-0.0922907638	0.0357903829	-0.0885496615	-0.23277218	0.0551100881	-0.0965177953	0.0096836077	-0.0375316332	-0.0086241	0.0229217925	-0.0066371055	-0.1620413208	-0.0377474431	0.0356246726	0.1238863091	0.1079358858	-0.0468093923	-0.0202874592	-0.1132647707	0.1452127979	-0.0287293339	0.00205122	-0.122983556	-0.0713099243	-0.1248478079	0.0060918729	-0.0132784318	0.0253884801	-0.0526437537	-0.1185106477	0.1011284811	0.0379619481	0.0292776722	-0.0781589931	-0.1300950891	0.0128057545	-0.00769248	0.1065005384	-0.0676745987	-0.0329634925	0.126344572	0.057453285	-0.1464561952	-0.0957284784	0.0543226816	-0.0917407495	0.0853222163	0.0118723768	0.125286442	0.1363840369	0.0665763431	0.10834801	-0.0418497896	0.1774502654	0.004006117	0.0359718444	-0.0404082146	-0.0138611429	-0.0102788929	0.0299072505	0.0033012186	-0.0088148179	0.0343161337	0.0173219226	-0.1899986915	-0.0183425992	-0.0423946619	-0.1334120422	-0.0488208511	-0.0057144926	-0.0159154399	-0.0883977636	0.1333909097	-0.0366274739	0.0088708118	0.0025250041	0.057045743	-0.0869712743	0.0610846911	-0.0367945974	-0.108983882	-0.0317782535	-0.1134548014	0.0876327994	0.0703125971	-0.007070442846512	0.0092042631440847	4.999116204579272e-05	8.471846002555596e-05	0.0306815790138443	0.0067179571134232	4.513094777779339e-05	0.0009413592907827	0.0319996143626468	0.0067725551038363	4.5867502634500434e-05	0.0010239753193581	-0.0030058976039675	-0.0002269141414547	5.1490027592123754e-08	9.03542040553756e-06	-0.0010227954430619	-8.771044162001179e-07	7.693121569177495e-13	1.0461105183481884e-06	0.001191966281697	0.0001728837932535	1.4207836167025718e-06	2.9888805969753494e-08	0.0	0.0	0.0	0.0	0.0	0.0	0.0	0.0	0.0
927.008350866238	0.6142231793243127	0.3772701140192668	859344.4825757422	1072.7026392618816	5.220612541077799	27.25479530405879	1150690.9522794064	825.1593630618461	-0.099186027627752	0.0098378680765731	680887.9744486315	842.2627559114364	730.7432444658581	0.882082	14.591558	0.036489681135116	0.016895945295102	-0.0191460054	-0.0318776236	0.0799212366	0.0235823256	0.0756078749	-0.0149614106	-0.0622115878	0.026156603	-0.0764051261	-0.0022615002	0.0760964639	0.0127650866	-0.0391226484	0.042275894	0.0169127292	0.030690949	-0.0321487536	-0.0157970932	-0.0425476482	0.0080905317	-0.0102871461	0.162983799	0.0377677127	-0.0145513163	-0.0372191708	-0.0378826954	0.0945499797	0.0044802243	0.1023252883	-0.0263553212	-0.0289079019	0.0856051853	-0.0037469069	-0.0790107721	-0.0865310228	0.1752851544	0.1928762707	0.0294751572	-0.0407028655	0.0152278763	0.021819016	0.0839023399	0.1449793243	0.0482751869	-0.0206899933	0.0826380234	-0.054853947	0.0415184026	-0.0223395998	-0.0395581913	-0.0350091756	0.049659661	-0.0053712372	-0.0510165131	-0.0777841756	-0.0443792794	-0.0374610917	0.0128091488	0.0201055713	0.1083237761	-0.1089977458	-0.028916659	0.0325940848	0.0149061082	-0.1105200009	-0.0834131277	-0.0753805237	0.0255383045	0.0436064325	-0.0169151471	0.0281423436	-0.0241001704	-0.0064796614	-0.0619987629	0.0122887654	-0.0719300379	-0.0626464044	-0.1858774887	-0.0454620791	0.01821308	0.0645015297	-0.0886575975	-0.0554483308	0.0892903571	0.0257168829	-0.030817955	-0.1171689684	0.1422814218	-0.0252620231	-0.0065170355	0.0610941139	-0.0664677596	0.0111402733	0.1329507448	-0.098368201	-0.065697505	-0.0149354937	-0.0883313899	-0.0353292643	-0.0158980909	-0.0344496415	-0.0242319223	-0.1592414493	0.0737650609	-0.0310173232	0.0515421671	0.0010119234	0.1043440912	-0.1080893786	-0.0911645457	-0.0806995254	-0.0525943037	-0.0350428114	-0.1100753719	0.0948006283	0.0586099215	-0.0086876707105432	-0.0016172278640312	7.54756223748302e-05	2.615425964198919e-06	0.0406554601432276	0.0099738811293833	9.947830478306828e-05	0.0016528664394575	0.0340969364261383	0.0020973220634915	4.398759838008254e-06	0.0011626010736481	-0.003219023102611	-0.0002131254986434	4.5422478172040506e-08	1.0362109735143347e-05	-0.0008757676921529	0.000147027750909	2.161715953735895e-08	7.669690506188167e-07	0.0010960945296853	-9.587175201170008e-05	1.2014232180060387e-06	9.191392833792916e-09	0.0	0.0	0.0	0.0	0.0	0.0	0.0	0.0	0.0
926.493455692483	-0.5148951737548941	0.2651170399560826	858390.1234409991	1069.9684918116009	-2.734147450280716	7.47556227987654	1144832.5734695918	825.1107499939054	-0.0486130679406642	0.0023632303746036	680807.7497555051	841.9316845496588	733.1655620776271	0.891289	14.743858	0.0463056509544613	0.0205716510582609	-0.0050821519	-0.07113815	0.0606737559	0.0655980554	0.0128763935	-0.0069512767	-0.0807641936	0.0305982634	-0.0206459936	-0.0053712085	-0.0461082686	0.0835920178	-0.0258960301	0.0969554635	0.0219149225	0.0296662772	-0.0705928914	-0.0400972114	0.0546406887	0.1047110349	0.0505312954	0.0948488328	0.0093805116	0.0620999493	-0.0389393668	-0.0488515094	0.0745205923	0.0083961168	0.136327146	0.0025937212	0.1078430845	0.0270460184	0.1639223779	0.0912786491	-0.1346176915	0.0652660794	-0.0268872473	-0.008554357	0.005307391	-0.0278698957	0.0498831998	-0.0372401159	-0.0760076265	-0.2311477755	0.0566610811	-0.2120371279	0.0121531882	-0.0054253051	0.0964039758	0.0528063758	0.1171206031	0.088680527	0.0087976545	-0.0678440574	-0.0188930628	0.0767457011	0.030721168	0.0484732816	0.0779217335	0.0979574959	-0.0457944549	-0.0166860778	-0.0008809702	0.0842463252	-0.0643157986	-0.0441752878	-0.0257400699	0.0872781995	0.1075167566	-0.0475531178	-0.0845378286	-0.0725616319	-0.0871934828	-0.0096934618	-0.1054340264	-0.0972793123	-0.0295513514	-0.0031608023	0.048660104	0.1460535373	0.0798404753	0.0111473259	-0.0679351371	0.0290616014	0.0553709433	0.1648366959	0.0582137236	-0.0233943581	-0.0108960743	-0.0283104811	0.0218263718	0.046381103	-0.0006197388	0.1701069321	-0.0688863084	0.0388989467	-0.0349480556	0.0013440532	0.00812724	-0.0449845808	-0.0366310427	-0.0137772734	-0.0079435615	0.1066421766	-0.0136899663	0.0284321968	-0.0639306024	-0.0597972761	-0.0468403712	0.0226298403	0.0333024619	-0.0114128025	-0.0382833527	-0.1063942335	0.1013839798	0.0462651033	-0.0184880817040209	-0.0098004109934777	0.0003418091650945	9.604805564107856e-05	0.0320032998863126	-0.008652160256915	7.485987711133947e-05	0.0010242112036132	0.0298575126125797	-0.0042394238135585	1.7972714270967727e-05	0.0008914710594103	-0.0034859201323279	-0.0002668970297168	7.123402447170371e-08	1.2151639168968964e-05	-0.0010230167789424	-0.0001472490867894	2.1682293560341692e-08	1.0465633299976834e-06	0.0011542215309891	5.8127001303800215e-05	1.3322273425988222e-06	3.378748280571992e-09	0.0	0.0	0.0	0.0	0.0	0.0	0.0	0.0	0.0
927.9119866536448	1.418530961161764	2.012230087774518	861020.6549755139	1068.3901288471525	-1.578362964448388	2.4912296475423035	1141457.467418035	825.7459588183881	0.6352088244826746	0.4034902507006612	681856.3885048991	842.1812266791576	729.1701823126634	0.888725	14.701441	0.0479951481064285	0.0268570030162881	-0.0356165203	-0.1085581828	0.0855793155	0.002320777	-0.0032728667	-0.008643768	-0.0568033186	-0.0473384861	-0.0149000052	-0.0484225571	-0.1128593573	0.1175411169	-0.0370128861	-0.0138556993	-0.0066127445	-0.0099950322	-0.1215479762	-0.0669235515	0.001527588	0.0196705545	-0.0238804576	0.1552483503	0.0066306034	-0.0906346543	0.0230379151	0.0068791978	-0.032614032	-0.0902421163	0.0570967839	0.0190161776	0.1418565287	0.2011168601	-0.0716968323	0.0329929064	-0.0619874991	-0.0586156522	-0.1240287692	-0.1286202123	0.0341323761	0.010580463	0.0350778775	0.2245451568	0.0973758892	-0.1231259843	-0.1015537292	-0.0015415717	-0.0272409832	0.0177064263	0.0133107767	-0.008624223	-0.0620181242	0.1054659652	0.0116764734	-0.0659340949	-0.0252482595	0.0748669565	-0.0322459399	0.1080994292	-0.0135218672	0.001637941	-0.0325409797	-0.032730756	0.12827375	-0.0067975488	0.0067377126	-0.0925433817	-0.1256674402	0.0576960135	0.0395078232	-0.0446545899	-0.0387626647	-0.1947740195	0.1120560111	0.0018008882	-0.0740513185	0.1332250766	0.0026965625	0.1147227124	0.0143859169	-0.0608420248	0.0327665668	-0.0917252955	-0.0809426062	0.0771248714	0.0213391371	-0.0098471522	-0.0517501027	-0.0397678759	-0.0242306394	-0.0745284017	-0.0260421002	0.1233117717	-0.0677202023	0.0926278009	-0.0760117391	0.0457066839	0.0018880336	-0.0028477906	-0.0402598064	0.0273570275	-0.0332456817	0.0281869456	-0.1062356853	0.055323231	-0.0229107819	-0.0054482258	-0.0982383689	0.0169695984	-0.0843176623	0.0485245985	-0.0222847671	-0.0641760741	-0.0414976565	-0.1024214758	0.1073422654	0.033413395	-0.0301235376499846	-0.0116354559459637	0.00090742752055	0.0001353838350704	0.0288638494549502	-0.0031394504313623	9.856149010981556e-06	0.000833121805358	0.0211672947100822	-0.0086902179024975	7.551988719288805e-05	0.0004480543653434	-0.0030599519006788	0.000425968231649	1.8144893437426108e-07	9.363305634467802e-06	-0.001022667718934	3.490600084001244e-07	1.218428894642949e-13	1.0458492633496703e-06	0.0010899383461145	-6.428318487460005e-05	1.1879655983308115e-06	4.132327857622009e-09	0.0	0.0	0.0	0.0	0.0	0.0	0.0	0.0	0.0
927.0755013794842	-0.8364852741606228	0.6997076138875723	859468.985258022	1070.3307525392563	1.9406236921038271	3.7660203143546895	1145607.9198312508	825.7432921377398	-0.0026666806483035	7.111185680036665e-06	681851.9845104726	842.8010585611314	736.5680068102184	0.994314	16.44812	0.0808918480147717	0.0426503419960117	-0.0121957284	-0.0287642767	0.0440192808	0.0532659904	0.0003978744	-0.0052039092	-0.0431603084	-0.0577751739	-0.0242154285	-0.0566338665	-0.0496242713	-0.03186175	0.1216210352	0.0621155794	0.0070243528	0.0400109196	-0.1225190009	-0.0105489035	0.1272707273	-0.1285211007	0.1256823516	0.0875191447	0.0129605332	-0.0682619933	0.1257394225	-0.1330701266	0.1642444455	0.0530649094	-0.0834854659	0.0089920456	0.0334654365	-0.1218769233	-0.1540782819	-0.0316647555	0.0155675118	0.0115538557	0.0493592594	-0.0523404308	0.0649562922	-0.0624880535	0.1222548811	-0.0196895928	0.0541295982	0.0479523742	0.2074470486	-0.0595358323	0.040314666	-0.0496330239	0.0286135998	0.0640184651	-0.0649207703	0.1142060623	0.01047541	-0.0590579261	-0.0614473528	0.1301459447	0.0979742163	-0.0921479059	-0.0259367915	-0.117720045	0.0085458032	-0.199548259	0.1327506237	0.0445021635	-0.1593957151	-0.1242897148	0.0412640481	-0.0463525468	-0.0729970925	0.0373309247	0.0182721942	-0.0244701663	0.0041343792	-0.0073286523	0.0594014468	-0.2197401337	0.0283455722	-0.1034939564	-0.0854874784	-0.0069715972	-0.1563860406	-0.0079044081	0.0837732804	-0.0760238271	0.077457536	0.0597877364	0.0720865414	-0.0546522439	-0.0092449813	-0.0198492394	0.0304049102	0.0921981735	-0.1282043431	0.1114492672	-0.0198566107	-0.04143965	0.0528939704	0.0395480556	-5.68532e-05	-0.063840576	-0.0716253133	-0.101190082	-0.0396787005	0.0597232372	0.1066009366	0.1633692277	-0.0277735946	0.054744063	0.1171444994	-0.0545362326	-0.0453863742	0.0162315923	-0.0446835199	-0.098167988	0.1126387502	0.0201956026	-0.0489827579415589	-0.0188592202915743	0.0023993105755613	0.0003556701900061	0.0335106978099446	0.0046468483549944	2.15931996343142e-05	0.0011229668677094	0.0532271185450952	0.032059823835013	0.001027832304332	0.0028331261486136	-0.0034220237522114	-0.0003620718515325	1.3109602567224506e-07	1.171024656069899e-05	-0.000940263462551	8.24042563829999e-05	6.79046147003518e-09	8.840953790083958e-07	0.0010278953433663	-6.204300274820001e-05	1.056568836914124e-06	3.849334190013154e-09	0.0	0.0	0.0	0.0	0.0	0.0	0.0	0.0	0.0
925.099285034926	-1.9762163445582248	3.9054310404990713	855808.6871721311	1067.4868162851485	-2.8439362541078026	8.08797341742872	1139528.1029426025	825.6302289024499	-0.1130632352899283	0.0127832951742256	681665.2748775118	842.8114622688071	724.191707230237	1.151695	19.05154	0.1126855058834528	0.0585348827172282	0.0037374214	-0.0813145758	-0.1480566996	0.1644068559	0.0710197074	0.0111375985	-0.0417658098	0.196595269	-0.0303340989	-0.1137085746	-0.0426177538	-0.015240079	-0.0682931417	-0.103870045	0.055126087	-0.0928625346	-0.0395075695	-0.1549364617	0.0196701024	-0.0419455108	0.0507430225	0.0057510788	-0.0384408246	-0.0456004891	0.04726425	-0.0835262853	0.1117710664	0.156532395	0.0789675045	0.2587660144	-0.0726624451	0.0416550531	-0.0500344187	-0.0686437304	-0.0368820571	0.0672513554	-0.1546596108	-0.0487090464	0.2363546534	-0.0633982583	-0.0043799567	-0.1094668627	0.0116043285	0.0414666478	-0.0797685714	-0.0177909822	-0.0492565618	0.0455135035	0.0595093273	0.1951429331	0.0597189117	-0.1229872443	0.0484379791	-0.1736805673	0.0008944593	-0.0697443508	0.0100428392	-0.0290660914	0.073280236	-0.0960298449	0.0823995871	-0.0938739105	0.0672097899	-0.0105549883	-0.0266087922	-0.1250677425	-0.0919775972	0.0529413384	0.2417954695	-0.003811563	0.1322791458	0.0184306919	-0.0265209066	0.0561958037	-0.0650085831	-0.0390157941	0.1653191648	0.1577845587	-0.0738822111	-0.0473792506	0.0371451336	0.1462337492	0.0803144097	-0.1175184482	0.0621808784	0.0067218691	0.0976371898	-0.0118911876	0.0206838872	-0.0296256331	0.0254096982	-0.0028874219	-0.1801238637	0.0667825446	0.2567651946	-0.022938386	0.0524329214	-0.0044804686	0.0962983305	0.0667071494	-0.0028147279	-0.047562014	0.0531762533	0.0830951217	0.1432434608	0.0705827542	-0.0010689823	-0.0605285084	-0.0484783429	0.1397758182	0.0248044877	-0.0510581721	-0.0478387595	-0.0936454286	0.1172407796	0.0067565429	-0.0486538966554803	0.0003288612860786	0.0023672016597621	1.0814974548127409e-07	0.0475497902594383	0.0140390924494936	0.0001970961168054	0.0022609825537165	0.0902604333862058	0.0370333148411106	0.0013714664081208	0.0081469458350656	-0.0040348737726457	-0.0006128500204342	3.7558514754632134e-07	1.628020636118414e-05	-0.0014273277345269	-0.0004870642719758	2.3723160503541345e-07	2.0372644617496925e-06	0.0009021248896411	-0.0001257704537252	8.138293165099668e-07	1.5818207030242696e-08	0.0	0.0	0.0	0.0	0.0	0.0	0.0	0.0	0.0
925.93053486057	0.8312498256440222	0.6909762726332173	857347.3553871813	1070.289137219626	2.802320934477393	7.85300261981025	1145518.8372503312	825.4303451739744	-0.1998837284754699	0.0399535049092554	681335.2547340265	842.5203017743354	717.8619991640791	1.12349	18.584961	0.1262475153009887	0.0666701658757118	-0.0557810627	0.0781835019	-0.142692915	0.0020520425	0.1279342472	-0.0569156567	0.0389905593	0.1324503571	0.0173650528	-0.0741311233	0.0795260534	0.1411327227	-0.0372566552	0.0632014298	-0.0560296343	-0.1064415287	0.1883808241	0.0003628418	-0.0603925842	-0.085033699	-0.0672418232	0.0209621692	-0.0501980796	0.0130934161	0.1380826239	0.1773502562	0.083116597	0.0148359386	0.0463600533	0.0803746979	-0.1210820458	-0.0566857535	-0.0205645399	-0.1200813349	0.0404199928	0.1086127135	0.099674103	0.0606905155	-0.0304687243	-0.0885273088	-0.1562877099	0.0652455458	0.1536167427	-0.0867724687	0.0920427586	-0.0430498272	0.1026944843	-0.1284440541	0.0001102477	-0.1038599089	-0.1193356255	0.0305573038	-0.0577923615	-0.0097763712	0.1215795709	-0.173136072	-0.0096965575	-0.0406328286	-0.0273123158	0.0419584779	-0.102363446	-0.000489377	-0.0291405675	-0.2363839497	0.0036186681	0.028302022	0.0240093179	-0.0266497853	0.0567549858	0.0357712335	0.1348421233	0.0651326189	0.0002079983	0.1183189672	0.0137548297	0.0231734322	-0.0520738563	-0.0466692589	-0.1128768402	-0.0554682142	0.0095140656	-0.1435010383	-0.0684241464	-0.1705013994	0.2353665462	0.0238247998	-0.0258568567	0.1262980009	-0.0449451704	-0.0145571594	0.0717105205	-0.070155983	-0.1319893549	-0.0971220399	0.1021515923	0.0297789201	0.0154763938	-0.0578640603	-0.0083294948	-0.0525855647	-0.0080209154	-0.0028076415	-0.0691706523	0.1221448678	-0.0451128665	0.0872388477	-0.0837414667	-0.035949563	-0.1420157173	0.0826240969	0.0498422367	0.0418559927	-0.0509612127	-0.0888661936	0.1211199807	-0.0067565429	-0.0411918084793256	0.0074620881761546	0.0016967650857974	5.568275994870768e-05	0.0406481463816419	-0.0069016438777963	4.763268821592449e-05	0.0016522718042633	0.0452958447080931	-0.0449645886781127	0.0020218142349918	0.0020517135478196	-0.0032381263684244	0.0007967474042212	6.348064261333791e-07	1.0485462377885392e-05	-0.00110610593962	0.0003212217949068	1.0318344152321045e-07	1.2234703496626431e-06	0.0006817101973908	-0.0002204146922503	4.6472879322660346e-07	4.8582636559794455e-08	0.0	0.0	0.0	0.0	0.0	0.0	0.0	0.0	0.0
926.3964481605484	0.4659132999784106	0.2170752030967724	858210.3791644797	1074.6211444915286	4.332007271902739	18.766287003818213	1154810.604188283	825.24809944052	-0.1822457334543514	0.0332135073623145	681034.4256301904	842.4196864498678	725.4564785505924	1.033967	17.104057	0.0716355855367621	0.0403356810470704	-0.0902220464	0.0626626436	-0.0550081369	-0.0823537395	0.0555348267	-0.1312009136	0.0854545706	0.0864192245	0.0601045823	0.018000011	0.0219164588	0.0572446117	-0.1008576205	0.0584894133	-0.1022309917	0.0063677745	0.1303041206	0.1234482099	-0.065758115	0.0775610426	-0.0060267319	0.1252218404	0.0660925199	0.019550367	-0.0550094207	-0.0273849485	-0.165386889	-0.0054213227	0.0018691845	0.0708401457	0.0422410577	-0.163200854	-0.0376625233	-0.1853247784	-0.0769559651	-0.1139762751	0.2180171156	-0.0269123872	0.0412485982	0.1955885682	-0.0275895723	0.0603991542	0.0174787829	-0.0830627602	-0.1234977005	0.1102309746	-0.0388418821	0.1143232652	0.0492920869	0.0339002483	0.0341272011	-0.2447537435	-0.1214628942	0.1321737108	0.0696812679	-0.0449326402	-0.0440602806	-0.02253628	0.0561934543	0.1097595098	-0.0718600848	-0.0144467716	0.0326311394	0.0195441745	-0.0174614267	0.0264250786	-0.0504269662	-0.1163822882	-0.0310672083	0.1688248294	0.1587854275	0.042000393	-0.0634839302	-0.1096493866	-0.2508438261	0.0182933555	-0.103441301	-0.082519474	-0.0917761047	-0.0256082269	0.1824267416	0.0719186679	-0.2040709664	0.0669873947	-0.055615867	-0.0908064324	0.1536100786	-0.179536629	-0.0794114877	-0.0122489147	0.0817239892	-0.094736656	-0.0747851482	-0.0036980177	-0.0538499992	0.0733556699	0.0714193513	0.0263935424	0.1410441771	-0.0764873643	0.1689641389	0.0227068787	-0.0403273543	0.0670954985	0.0032965678	0.0666176081	-0.013545633	0.0033436935	0.000366114	0.1302885816	0.0654488466	-0.0599477987	-0.0540487397	-0.0838433825	0.1242524367	-0.0201956026	-0.0412873711491812	-9.556266985559504e-05	0.0017046470164102	9.13222386992945e-09	0.027321878402887	-0.0133262679787549	0.0001775894182415	0.0007464850394621	0.0133072143211165	-0.0319886303869766	0.0010232724740346	0.0001770819529881	-0.002991227444657	0.0002468989237674	6.09590785575004e-08	8.947441625669246e-06	-0.000852985999096	0.000253119940524	6.406970429087338e-08	7.275851146538013e-07	0.0006572265716587	-2.448362573209998e-05	4.319467664942483e-07	5.994479289895482e-10	0.0	0.0	0.0	0.0	0.0	0.0	0.0	0.0	0.0
927.7666856971308	1.3702375365824082	1.8775509066594265	860751.0230894387	1071.332431127155	-3.2887133643737343	10.815635593010406	1147753.1779848202	826.2112449164257	0.9631454759056624	0.9276492077575448	682625.02122635	841.8166025043786	724.0090209433771	0.933027	15.434296	0.1049036126293092	0.0585646077529628	-0.0889354838	0.0842657165	-0.0068851579	-0.0571433248	0.0569084118	-0.1176911215	0.110714715	0.0091488761	0.0837307992	0.0820038905	-0.0946176615	0.1809945266	-0.0265372801	-0.0131195636	-0.0993829411	-0.0097089153	0.0735823249	0.1295326723	-0.0350753853	0.0279857853	-0.0432550943	0.1092058122	0.0945077307	0.0234181445	-0.075873598	-0.1696333464	-0.1191091829	0.0874697441	-0.0591995186	0.160511305	-0.1011243043	-0.0268639146	0.1297846349	0.056484822	-0.1908351391	-0.0519946631	-0.0206243748	0.0863948264	0.0124242575	-0.0193685144	0.0736068783	0.0422306251	-0.1221626844	-0.0119875171	0.0852425349	0.0935183541	-0.025125837	0.1247204928	0.0781552742	-0.0219343043	-0.1318374205	0.1119090159	-0.0916428985	0.1779033785	0.1075140054	0.0111252054	-0.0570869231	0.0823475749	-0.0366758476	0.0057077413	0.0218424869	-0.1009469383	0.0252806504	0.2247544578	0.0352453686	-0.0193855937	-0.0476684163	-0.0168934597	0.1702833374	0.0406179337	0.0561380669	0.0288307105	-0.0608993859	-0.0538590216	0.1817929535	0.0129285936	-0.2134209117	0.0894237866	-0.012854509	0.1418647769	-0.0473421815	0.0391009792	0.0201682697	0.0854152015	0.1272789331	0.0173503852	-0.0246027739	-0.0986654062	-0.0922388432	-0.0053074027	0.0677547203	-0.0761727257	-0.0076073802	-0.0724352838	-0.1230417541	0.0527196829	-0.066477884	0.0648514053	0.0569510573	-0.0761636297	0.1496576395	0.160008659	-0.1075748224	-0.0425113771	0.0071137799	-0.0386559414	-0.0262711006	0.0419002893	-0.0037041304	-0.1592219571	-0.101664749	-0.0217531269	-0.0570992244	-0.0785907625	0.1266188352	-0.033413395	-0.0217790009533018	0.0195083701958794	0.0004743248825239	0.0003805765076994	0.0324973676289062	0.0051754892260191	2.67856887286408e-05	0.0010560789028082	-0.0377935602209191	-0.0511007745420356	0.0026112891587959	0.0014283531941722	-0.0027570716028574	0.0002341558417995	5.4828958248879245e-08	7.6014438232826735e-06	-0.0009532493476147	-0.0001002633485187	1.0052739056182318e-08	9.086843187278512e-07	0.0009051869546479	0.0002479603829892	8.193634228647393e-07	6.148435153215075e-08	0.0	0.0	0.0	0.0	0.0	0.0	0.0	0.0	0.0
929.65899600331	1.8923103061791835	3.5808382948719557	864265.8488498824	1075.3482142857142	4.015783158559316	16.126514376568636	1156373.7819674744	826.0859303747504	-0.1253145416752659	0.0157037343552819	682417.964363117	843.0090997934063	734.2921540049656	1.025511	16.96418	0.0556614043149438	0.0280443515951761	-0.1268634352	0.0094058551	-0.0602822558	-0.1209445473	-0.057834277	-0.1422134127	0.0509935261	-0.0761807473	0.1178183543	0.0027373827	0.0054978738	0.0816175991	0.0804071975	0.0665450475	-0.1361537705	-0.0873528021	-0.0041195703	0.1035262422	0.0623462555	0.0019332466	-0.0190593854	-0.0409664059	-0.0213124607	-0.0650714986	0.0338031702	-0.1752926039	-0.1154589918	-0.0868671601	-0.0327212887	0.1023571775	0.1416829997	0.1621104197	0.0482414081	0.0206891633	0.1521221045	0.0651163418	-0.0179266162	0.0254665812	-0.2628990838	-0.0590705611	-0.0236286748	0.1209979431	-0.0437935002	0.0829990227	0.083773034	0.1071252931	-0.074078065	-0.0229795109	0.0128493649	-0.0052242659	-0.1524923556	0.0717392478	-0.1098350837	0.0513350704	0.1431156391	0.1128452709	-0.03392686	0.0009099736	-0.1198549012	-0.0651590394	0.0338873247	-0.0056751421	0.039390263	0.0471200324	0.0635434662	0.0516207638	-0.1335148456	-0.009447717	0.0110444121	0.0066646174	-0.0618042847	-0.0674100344	0.1883590302	0.1833078914	0.2513716719	0.0131453369	-0.0942046322	-0.1255646863	0.1713097494	-0.0758083652	0.106963383	-0.1380713215	0.0015878966	0.0058448626	-0.0485280888	-0.0305413562	0.0057152281	-0.0170366037	-0.0976970111	-0.0909939431	-0.0251233228	0.0527094594	-0.0575004989	-0.1253539346	-0.0882278549	0.1063130307	-0.0128209026	0.0752033997	-0.0552851745	-0.1294634839	0.0819808728	0.1243598429	-0.0380583847	0.0379190981	0.0027389636	-0.0231172037	0.0630389691	0.1397934561	0.1251302499	-0.109579618	-0.0274982514	0.1223005377	-0.0601105761	-0.0731227308	0.1282045865	-0.0462651033	-0.0324596705172268	-0.010680669563925	0.0010536302100869	0.0001140767023337	0.0130982826303096	-0.0193990849985965	0.0003763244987827	0.0001715650078634	-0.0251167374734819	0.0126768227474372	0.0001607018349699	0.0006308505013118	-0.0026841585547905	7.291304806690026e-05	5.3163125784061075e-09	7.204707147255025e-06	-0.0009539658892243	-7.165416095999402e-07	5.134318782880732e-13	9.100509178035092e-07	0.0007207200042247	-0.0001844669504231	5.194373244896516e-07	3.4028055798435325e-08	0.0	0.0	0.0	0.0	0.0	0.0	0.0	0.0	0.0
927.9060109983268	-1.752985004983202	3.072956427695957	861009.565246827	1069.1687279353066	-6.179486350407615	38.18605155487402	1143121.7687948018	827.2513257893522	1.1653954146017895	1.3581464723748768	684344.756020241	843.9330306080982	729.940691432185	1.010614	16.717752	0.0511582370401413	0.026226674145447	-0.1013544927	0.1063259768	-0.0790781629	-0.06426154	0.0262774272	-0.0640695802	0.1110851064	0.0730228681	0.1042923796	-0.0546102713	0.0338010576	-0.0274665077	0.0774522186	0.1132355103	-0.1515135692	-0.0389014531	0.0353341331	0.102041824	0.1032272783	-0.2238741229	-0.0824627268	-0.1250860009	0.0536519612	0.0370675792	0.1299352512	-0.093279064	-0.0341885032	-0.0441139454	0.0039476686	-0.0101607502	0.0876245816	0.104718057	0.2556392558	-0.1748988394	0.0095580999	-0.0291559269	0.0621655445	-0.0672893492	0.0599407901	0.0185837831	0.0483207157	0.0599430827	0.0454512467	0.1816028335	0.0234007486	0.1081765509	-0.0143779077	-0.0463101455	-0.2155637424	0.0300616073	0.0986061044	0.0912879734	-0.1345860157	0.0491687502	0.0652687545	-0.0146301583	0.0366941908	-0.1622248328	-0.1829273487	-0.1143440887	0.0583986391	-0.1414858127	-0.0744626911	0.00201258	0.0422643663	0.0492642129	-0.0536900717	0.0295361172	-0.0383661651	-0.0520722558	-0.0317029033	0.0164411744	0.0903245629	0.1398085164	-0.1049304324	0.0756499933	-0.148302961	-0.0527367316	-0.0827961934	0.0100056611	0.0742714251	-0.0697007912	0.0763350623	0.1735876692	0.0419889682	-0.0564186013	0.0580397696	0.2621224343	-0.1020510387	-0.029069758	0.0448288064	0.0147410035	-0.0976802434	-0.1637771474	-0.0243271989	-0.0087545462	0.0038513502	0.057655454	-0.1198900888	-0.121015348	0.0119390945	0.0391933147	-0.082938035	-0.0930962902	0.0346615237	-0.0947659233	0.0241571383	0.0569315578	0.1021113055	-0.0636462983	-0.0683406808	0.0237649765	-0.063080731	-0.0674542747	0.1289999139	-0.0586099215	-0.039702895536962	-0.0072432250197351	0.0015763199140189	5.246430868651797e-05	0.0129430386655258	-0.0001552439647838	2.4100688601793988e-08	0.0001675222498972	-0.0436275327237893	-0.0185107952503074	0.0003426495407988	0.0019033616115653	-0.0024482677163483	0.0002358908384421	5.5644487660963954e-08	5.994014810913321e-06	-0.0008686591104405	8.530677878379998e-05	7.277246506468186e-09	7.545686501512808e-07	0.0005369381653444	-0.0001837818388803	2.883025934034103e-07	3.3775764302224553e-08	0.0	0.0	0.0	0.0	0.0	0.0	0.0	0.0	0.0
928.6304977901154	0.7244867917886495	0.52488111147621	862354.6014259176	1077.4239979093038	8.255269973997201	68.14948234357975	1160842.4712708674	827.156909914619	-0.0944158747332721	0.0089143574016489	684188.5536195011	844.1145833481708	730.4506752223782	1.017857	16.83757	0.0648362443593787	0.0272172321019025	-0.1475231296	0.0400797753	-0.1276288783	0.0334354252	0.0939972531	-0.1353826246	0.0379240638	0.0316683094	-0.0482533618	-0.0576397526	0.1442193793	-0.0383548145	0.0629713827	0.0056728691	-0.1342348319	-0.1072024432	-0.0416718805	-0.0226648217	0.0377574366	-0.1384630479	-0.0640529046	-0.0251902529	0.0082435144	0.1138372003	0.069268758	0.0240927903	-0.1485984293	0.1350421101	-0.0213707637	-0.0342720489	-0.1429263829	0.012844671	0.0372831479	0.167640766	0.0056200784	-0.0577718077	0.0140083313	-0.2398918791	-0.1239492245	-0.1167472946	0.0458411399	0.194217145	-0.0270665863	-0.1364817215	-0.0145394574	-0.0127974848	0.0479183142	0.0275071804	-0.038850906	0.0720874546	-0.0967624879	-0.2018394006	-0.1304637755	-0.1084279887	0.0372928396	-0.0174324093	-0.0305404955	-0.0646748873	-0.1037949495	-0.0221634412	0.0358288086	-0.1157198626	-0.0766844997	-0.0936332129	0.1776765132	-0.0331179555	-0.0442915073	0.0098444763	0.0590644209	-0.0560671017	-0.0873541338	-0.0480652089	-0.0795691217	-0.0559832328	0.100232566	-0.1888401339	-0.0631221261	0.030625557	0.1266598437	-0.111424454	-0.0839055223	-0.0804670262	-0.0582881386	0.0798006393	0.0677161669	0.1006258275	0.0183134561	-0.2314281609	-0.1323080543	-0.043906481	0.0602273993	-0.1397028886	-0.0598660641	-0.0428879736	0.0741309023	0.0476671874	-0.0513855732	-0.0861451752	-0.0738281133	0.0153839487	-0.0223961349	0.1613292355	-0.0192757006	0.0088766462	-0.0122851696	-0.0725068732	0.0987250452	0.0358402955	0.0963651392	0.0889637999	0.0264218565	0.1579687894	-0.0660076536	-0.0616009311	0.1289999139	-0.0703125971	-0.0311078092919956	0.0085950862449663	0.0009676957989471	7.387550755841055e-05	0.0267403056196258	0.0137972669541	0.0001903645754026	0.0007150439446309	-0.0260436428596619	0.0175838898641274	0.0003091931827537	0.0006782713334016	-0.0026198746611338	-0.0001716069447854	2.9448943498613564e-08	6.863743240050943e-06	-0.0007299602493133	0.0001386988611271	1.9237374077982306e-08	5.328419655775351e-07	0.0003500439453334	-0.0001868942200109	1.2253076366457238e-07	3.4929449473520067e-08	0.0	0.0	0.0	0.0	0.0	0.0	0.0	0.0	0.0
926.6133273146372	-2.017170475478224	4.068976727141044	858612.258357103	1070.0435599675254	-7.380437941778382	54.47086421244192	1144993.2202279752	825.5970515000488	-1.559858414570158	2.4331582735053265	681610.4914455742	842.8725829152271	731.1144022064707	1.017042	16.824087	0.1081842710585651	0.0562314124535371	-0.1127034472	0.0476877059	-0.0710794428	0.1326743416	0.1027584741	-0.0162400771	0.0503453616	0.1024016975	-0.1239142335	0.0318427072	-0.0214582884	-0.0712604734	0.1137452775	0.0355261224	-0.0562219753	-0.0009411542	0.0308852679	-0.10705649	-0.0073224396	0.0675099774	0.0011111826	0.0166240985	0.0012711651	0.2054692252	0.0382838327	0.0627293698	-0.0387486528	0.0143911987	-0.0872439909	0.0855462338	0.1067140607	-0.1082842557	-0.0170090225	-0.1357989515	-0.0019532502	-0.0471887804	-0.055095714	0.0921969827	0.0194377947	-0.1558719302	0.0495571144	0.0065317305	0.0749265769	-0.0411322962	-0.0245149365	-0.1170784227	-0.0943573458	0.0128784425	-0.0228125723	0.0275337703	0.1382578734	0.0270471258	-0.0750120073	-0.0775780058	0.0129803011	-0.0290689661	0.0650290483	0.0489259128	0.1090421152	0.0562802713	0.0078767748	-0.0722248599	-0.1107225253	-0.0273213912	0.123655007	0.0315228113	0.0314468269	-0.1281748874	0.03472936	0.0928991794	0.0771477748	-0.0864161466	0.040566393	0.1132703269	-0.0861343491	-0.0946805477	0.0053122037	-0.0411532049	-0.0766062373	0.0876751712	0.0450053035	0.030825949	0.022475889	-0.2014601895	-0.1052829514	0.1433207267	-0.0053199218	0.0272549682	-0.1214543954	0.0186797905	0.1404834466	-0.0270040165	-0.1303702274	0.0686566148	0.0757101973	0.0841338737	-0.0657296059	0.0174976042	0.098566089	0.1155342145	-0.0542879291	0.0174272639	0.0278558756	-0.0804076308	0.0446394362	-0.0256341268	0.0575855327	-0.1026400065	0.0780918094	-0.0452989506	0.0521388879	0.0769145261	-0.0688893378	-0.0555787436	0.1282045865	-0.0812449131	-0.0683588948578375	-0.0372510855658419	0.0046729385061848	0.0013876433758336	0.0475330054449045	0.0207926998252786	0.0004323363660241	0.0022593866066253	0.0081291283217126	0.0341727711813745	0.0011677782902145	6.608272727086992e-05	-0.0026849228560911	-6.504819495730015e-05	4.231267667202928e-09	7.20881074316039e-06	-0.0004759717684421	0.0002539884808712	6.451014841525996e-08	2.2654912435390005e-07	0.0003503615592263	3.176138929000057e-07	1.2275322218348414e-07	1.0087858496309628e-13	0.0	0.0	0.0	0.0	0.0	0.0	0.0	0.0	0.0
926.7148563029632	0.1015289883259811	0.0103081354704972	858800.4248926217	1070.107179187593	0.0636192200674941	0.0040474051619962	1145129.374948827	824.7135078777476	-0.8835436223012039	0.7806493325091324	680152.3700760197	841.8357427946466	726.5782620219334	0.970258	16.050171	0.0426502227603561	0.0238003516624989	-0.1520740817	-0.0898342771	-0.1096466035	0.0467070692	0.0572558583	-0.0930573779	-0.0293577349	0.0569227865	-0.0823283648	-0.0305463737	-0.1683987036	0.0853211448	0.055981483	0.0231381071	-0.0602718488	-0.147686894	-0.0273526486	-0.1444470924	0.0320264624	0.2173267661	0.1054205588	0.1197822417	-0.021077318	-0.0920932365	0.1762157625	0.100286215	-0.0849367148	-0.0312101956	-0.0852889906	-0.1658238322	-0.0309374475	0.2141146676	0.1399458107	-0.0594854461	-0.0366095436	-0.0021425626	-0.0119777412	0.0020169631	-0.0229881034	-0.0074388287	0.0597086314	-0.163879832	-0.1271529961	-0.0583220784	0.0264945321	0.0440296013	0.1137436233	0.0287463667	-0.0012591156	-0.0743822583	0.0727304977	0.0295972247	-0.068827306	-0.1162591747	0.1378815292	0.0799013213	0.033544448	0.1218204128	0.1652852483	0.0542154316	-0.003503044	-0.0564133901	0.168663116	-0.1274695018	0.0699611249	-0.023241406	0.023003543	0.1504433319	-0.1272515061	-0.0834444486	-0.0207262267	-0.089849164	-0.1186820369	0.0811356331	-0.0914879337	0.1590744024	0.0788613499	0.0033438897	0.068100858	0.1310872398	0.0967967942	0.0249573478	0.1784290498	0.0253600798	-0.0051398718	0.0921324343	-0.0569925899	0.0502920084	-0.1249639699	-0.0974039499	0.0111865475	0.0361067651	-0.1704741064	0.067429427	0.0708800651	0.1857391405	-0.0101108175	-0.0106882969	0.0748445971	0.1241831811	-0.0269730474	0.0861412883	0.0252264452	0.0741904913	0.0600411416	-0.0318919957	0.1050673101	-0.0787967462	0.0221970835	0.0102091501	0.0978778862	0.1048962263	-0.0717238087	-0.0494042187	0.1266188352	-0.0912870929	-0.0569322732181376	0.0114266216396999	0.0032412837337846	0.0001305676820968	0.0474603886503075	-7.261679459699688e-05	5.2731988575424355e-09	0.0022524884908382	0.0149314499084169	0.0068023215867043	4.62715789689433e-05	0.0002229481963675	-0.0028388620755778	-0.0001539392194866	2.3697283296174316e-08	8.059137884153893e-06	-0.0008079981255255	-0.0003320263570834	1.102415017980735e-07	6.528609708527217e-07	0.0003493538810093	-1.0076782170000023e-06	1.2204813417626016e-07	1.0154153890163037e-12	0.0	0.0	0.0	0.0	0.0	0.0	0.0	0.0	0.0
925.7394650589248	-0.9753912440384056	0.9513880789467886	856993.5571675842	1063.5622972760882	-6.544881911504717	42.83547923554164	1131164.7601871905	825.1007214068666	0.3872135291189806	0.1499343171327757	680791.2004661317	841.4878049514397	724.2451635117889	1.061156	17.553823	0.0794820211590356	0.0447821831147166	-0.1015344952	0.0559524766	-0.0583604041	0.1266740493	0.1557696348	0.0121032489	0.1465982334	0.0703854396	-0.0611042712	-0.0083722047	-0.1563029672	0.0661747734	0.1104235258	-0.0979990905	-0.0312308844	-0.1127142102	0.1931532357	-0.1479782927	-0.0727650353	0.0863585211	-0.1183314077	0.029817242	-0.1106801251	-0.0938683894	0.0783759276	-0.0620854225	-0.0779696791	0.0190349569	-0.0382482122	-0.0513917468	-0.0829973402	0.0573179572	-0.1810700551	-0.0128563046	-0.0485036924	0.0618052356	0.0024296089	0.1112504977	0.003208828	-0.090171291	-0.1202237121	-0.172803928	-0.0229543618	-0.0015067471	-0.003139493	-0.0185696927	0.0298515829	0.1121989874	0.0376186992	0.0026606269	-0.0060993683	-0.0599828583	-0.0349029363	-0.009075696	0.1684838194	-0.159051757	0.1076980188	0.2055791272	0.0356078539	-0.1544974839	-0.0500096534	-0.012905589	0.0467116205	-0.0927358395	0.0518374996	-0.0701459874	-0.0123562354	-0.0081743201	-0.0622603479	-0.0395640038	-0.0131747016	-0.0104655238	-0.0078687178	-0.1140817341	0.1286468975	0.0113546922	0.0944117435	-0.0562516096	-0.0545929061	0.046813637	0.0339147754	0.1375058514	-0.0465652377	-0.1623697789	-0.0057651774	-0.0290858285	-0.0978195454	0.0212154394	-0.1148444203	-0.0098582772	0.1116384941	0.0600513182	-0.1521775506	-0.1021247033	0.1548491239	-0.0422780091	-0.0971562595	0.0939473918	-0.0429214694	0.0661308594	-0.0072950968	0.07510478	0.0138354114	-0.1065667581	-0.007565586	-0.0437479091	-0.0017260492	-0.1407360588	-0.0647657201	-0.032807814	0.057720989	0.0401595928	-0.0745091236	-0.0430942802	0.1242524367	-0.1003291122	-0.056783565028752	0.0001487081893855	0.0032243732573745	2.2114125590341957e-08	0.0156426084927687	-0.0318177801575388	0.0010123711341534	0.000244691200458	-0.0093825481743294	-0.0243139980827463	0.0005911705027677	8.803221024361198e-05	-0.002764936212879	7.392586269879984e-05	5.465033175761806e-09	7.644872261289666e-06	-0.0004754043467087	0.0003325937788168	1.1061862170763849e-07	2.2600929286952585e-07	0.0002918428279376	-5.751105307170003e-05	8.51722362186156e-08	3.307521225415897e-09	0.0	0.0	0.0	0.0	0.0	0.0	0.0	0.0	0.0
929.5185940255164	3.779128966591657	14.28181574613212	864004.8166391728	1075.8934040372335	12.331106761145293	152.05619395476316	1157546.6168508255	826.7083748300695	1.607653423202919	2.5845495291360634	683446.7370141747	843.0265850748176	729.6219335219805	1.228563	20.323099	0.0493673430431573	0.0430288873716161	-0.1695716539	-0.1032607205	0.0194777738	0.0265349918	0.0427185832	-0.1393408859	0.0052186034	-0.0816828655	-0.1090874373	-0.1322529853	0.0375852928	0.1467515901	0.0279211582	-0.0379163773	-0.1319662392	-0.1083576545	-0.0238872616	-0.0716064842	-0.0991863253	-0.0308402633	-0.0584010936	0.2253583539	0.1378526661	0.0102418153	0.0334254032	-0.0627776385	-0.024563147	-0.0023076422	0.2485066645	0.1193381917	0.0946399843	-0.0856299164	-0.0921188476	0.0592221926	0.1079044533	-0.2589472046	-0.05094271	0.0392271578	-0.0069168854	0.1567609714	-0.0041923511	-0.112064645	-0.0269602536	0.0862767815	-0.0124116485	-0.1581994688	-0.1773540554	-0.1371523503	-0.0573150197	-0.1294855752	0.1245718874	-0.1075044649	-0.112269961	-0.0425164392	0.0465273263	-0.0677058467	-0.1145987737	0.171874717	-0.1127998708	0.0709757038	0.0110293505	-0.1074757926	0.1472248947	0.0205326463	-0.0317589846	0.0832614952	-0.0771598456	-0.2346662468	0.1140881689	0.0538950197	-0.0328442795	-0.0782575076	-0.0250929954	0.0627039216	-0.1791967375	0.0261815176	-0.062697179	0.1315124186	0.0726646234	-0.0415601063	-0.0896982722	0.0720629901	0.0350308634	-0.0165232846	-0.2399495203	-0.1074472019	0.0997700273	0.0112043051	-0.1572953559	-0.088354231	0.0327913547	-0.0601389415	-0.1399671155	0.2001731092	-0.0401264049	-0.0282957328	0.0316787808	-0.0737989035	0.0095345196	-0.1088754945	0.1443805435	0.2262415139	0.0524830916	-0.0105758773	0.0141307566	-0.0253362688	0.0493305982	-0.0380050871	0.0538568415	0.0613515337	0.0696389942	-0.015979302	-0.0772433738	-0.0366662233	0.1211199807	-0.1082719048	-0.056767934874415	1.56301543370041e-05	0.0032225984299058	2.44301724598568e-10	0.0579160462288257	0.042273437736057	0.0017870435380242	0.0033542684107794	-0.0095058478365928	-0.0001232996622633	1.520280671426825e-08	9.0361143092456e-05	-0.0026849228560911	8.001335678789988e-05	6.4021372644677636e-09	7.20881074316039e-06	-0.0004759717684421	-5.674217333999755e-07	3.219674235346329e-13	2.2654912435390005e-07	0.0003503615592263	5.851873128870003e-05	1.2275322218348414e-07	3.4244419116390797e-09	0.0	0.0	0.0	0.0	0.0	0.0	0.0	0.0	0.0
926.2187802652412	-3.299813760275242	10.888770852501834	857881.2289160312	1062.6332590012323	-13.260145036001177	175.83144637578664	1129189.44313558	826.245818643668	-0.4625561864014571	0.2139582255782595	682682.1528261452	842.9170438305778	738.8788132070847	1.918728	31.739935	0.147438257303845	0.0727283911228487	0.0265691317	0.2474619353	0.2503758445	0.2259278196	0.1135039111	0.1999997672	0.2567262227	-0.0086226361	-0.0988590539	0.0919287721	-0.0536505678	0.0707710147	0.2298879525	0.0958064606	0.0035139187	0.2679424363	0.0993901375	-0.1185555967	0.1891776211	-0.0395959195	-0.1291296249	0.0077355887	0.0608389229	0.0622790292	0.0817747671	-0.2677702272	0.128134771	-0.0486575662	-0.2665532611	-0.1571064888	-0.036810572	0.0490731238	-0.1110148653	-0.0316990895	-0.1033218634	-0.09687833	0.1667972926	-0.0520393321	-0.0362390787	-0.0929386553	-0.1328027948	-0.0126486006	-0.1558800111	-0.0133792942	-0.2341547651	-0.0035956705	0.0056952826	0.0024757645	0.0043425349	-0.0204011464	0.0266952121	0.0354581741	0.0093935697	0.0580150121	-0.0990726448	-0.0267937621	0.3206431113	0.0815696047	-0.0927569313	0.0331992832	-0.0389588913	-0.1884264222	-0.1941589356	0.0853264285	-0.1271742134	-0.0923314792	-0.0405686065	0.0175466363	-0.3615659328	2.57432e-05	-0.0389953904	-0.0717670652	-0.0791077396	-0.0710740291	0.0614113354	0.0149424128	-0.0584495984	0.0399946379	-0.0981798215	-0.1625367781	0.2037850912	0.1445050972	0.0443113833	0.0554970914	-0.029426703	-0.0185868545	-0.0350747238	-0.0272599676	-0.0633928454	0.2065736641	0.3417311282	0.2358365965	-0.0405404244	0.0045514022	-0.1027910236	-0.0599946632	-0.2261345371	0.2012528023	-0.0639169087	-0.1152232193	-0.1687230058	-0.1200642863	0.1986130864	-0.0753878616	-0.0764608792	0.0447607815	-0.1880744749	-0.0896880502	-0.1065731297	0.0733288261	-0.0170448428	0.0941339043	-0.0799246852	-0.0301376669	0.1172407796	-0.1150284477	-0.0747906966744693	-0.0180227618000543	0.0055936483090524	0.0003248199429014	0.0074765935140845	-0.0504394527147412	0.0025441383901626	5.5899450574850415e-05	0.0126894249882667	0.0221952728248595	0.0004926301357699	0.0001610215065328	-0.0031673082349203	-0.0004823853788291	2.326956537081907e-07	1.0031841454993946e-05	-0.0011270566236973	-0.0006510848552551	4.239114887426846e-07	1.2702566330199572e-06	0.0003482163940269	-2.1451651994000044e-06	1.2125465706909728e-07	4.601733732716861e-12	0.0	0.0	0.0	0.0	0.0	0.0	1.0	0.0	0.0
921.6285604204026	-4.590219844838657	21.070118223950622	849399.2033825836	1048.1849950154622	-14.448263985770154	208.75233220250288	1098691.7837755645	825.4989179031439	-0.7469007405240973	0.5578607161954449	681448.4634592616	841.4379578972085	740.2766836745435	1.946234	32.194942	0.8946614411166288	0.5317598255683044	0.246685574	0.221444584	0.2095178813	0.1259249247	-0.2325161699	0.3959923071	-0.0266720521	0.0473721354	0.0448816208	0.3573708168	0.2533822714	0.114276546	0.2286298494	0.0716825863	0.3445628928	0.3391634961	0.3039556826	-0.0795008014	0.2729290405	-0.0032878767	-0.1260695891	-0.0920858564	-0.0101604624	-0.0599968206	-0.1207025454	0.0571941625	0.0298470912	0.0429208003	0.1080811791	-0.0091323173	0.0032548817	0.0673972199	0.0878868403	0.1628619493	0.0282604936	-0.1314616304	0.0445472146	0.1073920536	-0.0403462201	-0.1009794395	0.0016250741	-0.0496999121	0.0813918141	0.1059115732	0.0374384285	0.0288446431	-0.1400072164	-0.0006570527	0.1069462226	0.0508279601	0.0712333327	0.1471689195	0.3460887543	0.160886807	-0.1119500339	-0.0769667659	0.4001064083	-0.0657352687	-0.0894812981	0.2331177966	0.0724243126	0.2757119728	-0.135796959	-0.0756017168	-0.0492316756	-0.048931475	-0.0904826428	0.0581734153	0.1487257735	0.0464094764	-0.1174050433	-0.0474776289	-0.150451865	0.0760764559	0.1084537883	0.0303985176	-0.1836221471	0.0674907418	-0.0620045265	0.0393053277	-0.054012862	-0.03511286	0.1003730589	-0.1486897458	-0.2074603461	-0.1010341437	-0.0549321658	-0.0746098559	0.2629952319	0.3397255348	0.1503004987	0.3616196772	0.1670024001	-0.1808732871	0.000502979	-0.0189113777	-0.3227083198	-0.3375492481	0.1393425464	-0.0679060154	0.0419877949	-0.0781057697	-0.1466523784	-0.0611789038	0.118742616	0.1610945548	0.1106157804	0.1505337473	0.0385925559	0.0648550534	0.0393929614	-0.0916257946	-0.0825512202	-0.0235265052	0.1126387502	-0.1205247148	-0.0432714036176236	0.0315192930568457	0.0018724143710392	0.0009934658348033	0.0696969227421533	0.0622203292280688	0.0038713693692492	0.0048576610397256	0.1604157361899609	0.1477263112016942	0.0218230630212598	0.0257332084173671	-0.0124053697791267	-0.0092380615442064	8.534178109454516e-05	0.0001538931993568	-0.0043913254617518	-0.0032642688380545	1.0655451047093674e-05	1.9283739311029654e-05	0.0009097961643664	0.0005615797703395	8.277290606958135e-07	3.153718384545655e-07	0.0	0.0	0.0	0.0	0.0	0.0	0.0	1.0	0.0
927.2477470241008	5.619186603698267	31.575258087182068	859788.3843612708	1074.071778070359	25.8867830548968	670.1255369312919	1153630.1844472224	826.5294507176516	1.0305328145076371	1.0619978817770324	683150.9329036229	844.180255618368	736.9574788978751	2.427008	40.147999	0.5354646626190551	0.2921072241421005	0.0805515168	-0.2228891451	-0.1245122217	-0.050196775	-0.1905958419	-0.1076962858	-0.3717229481	0.0134316992	0.0101614159	0.0524905391	0.108869959	-0.191031644	-0.143677634	-0.0926910366	0.0861460674	-0.140435537	-0.1921509106	0.015688313	-0.0803311756	-0.0133312676	0.1090031973	-0.2418538463	0.0767375064	0.0035991884	-0.079534032	0.0475016091	-0.1689791165	-0.0314454211	0.1412020034	0.0210903157	0.1015372849	0.050564857	-0.1361058328	-0.0398567353	0.083044884	0.1649752413	0.1867940918	0.180173904	-0.0069488752	0.0602590984	0.0824874126	0.0737931224	-0.0038493865	-0.1023063693	0.0134720233	0.0076628146	-0.0879464732	-0.0286834446	0.1567684333	0.0950174882	-0.0101782195	0.0096773805	0.0538708347	-0.1726154108	-0.0689484223	0.0636428692	-0.2519862474	-0.1621363983	0.1188635054	0.0589761156	0.2235817532	0.1855723915	-0.0028701576	-0.1257543226	0.0880558432	0.0361556069	-0.2393633362	-0.1621744567	0.0589304845	0.071306363	-0.0459868764	0.1055033272	0.0204671928	-0.0190238632	0.0604221193	0.043918744	0.0290046991	-0.1988445259	-0.1291511436	-0.0021469557	-0.0587328357	0.026249493	-0.1402346155	0.043302578	-0.067627738	0.0154163287	0.004522639	-0.1210612995	0.1297614813	-0.0673009211	-0.2970189044	-0.1062928663	0.0393805435	0.0652470961	0.1490096252	0.0203964429	0.0515718453	-0.076503427	-0.0450045184	0.1023968832	0.0230106204	-0.0178657222	-0.1084549179	0.1507219421	0.0455110317	0.0505475094	0.0597004037	0.0733183353	-0.005668866	-0.0093337965	-0.1286824566	0.0302171705	-0.0851211787	-0.016850859	0.1073422654	-0.124700488	0.0124551407027553	0.0557265443203789	0.0001551305299254	0.0031054477418911	0.0105159406521408	-0.0591809820900125	0.0035023886411383	0.0001105850077993	0.0915694093188221	-0.0688463268711388	0.0047398167236476	0.0083849567229979	-0.0072073842482408	0.0051979855308859	2.701905357929917e-05	5.1946387701789605e-05	-0.0032889738809791	0.0011023515807726	1.2151790076320695e-06	1.0817349189762724e-05	0.0016436752394583	0.0007338790750919	2.7016682928083e-06	5.385784968577427e-07	0.0	0.0	0.0	0.0	0.0	0.0	0.0	0.0	1.0
923.8667188579428	-3.3810281661579893	11.431351460353657	853529.7142133411	1058.7641548883348	-15.307623182024145	234.323327482843	1120981.5356764095	826.1344954480859	-0.3949552695656848	0.1559896649577027	682498.2045692634	842.6941766727764	724.5680404306106	1.4999	24.811605	0.0488399534254286	0.0260088438186242	0.1863171457	0.0357645022	-0.0626492029	0.1079889259	-0.0164472107	0.1965795232	-0.023865988	0.1057510248	0.0276396057	0.028616193	0.0276229308	0.0362332561	-0.1637190234	-0.0439600889	0.173319551	-0.0755343003	0.0577690857	-0.0240102778	-0.0304694214	0.0633774404	-0.0800168126	-0.1081746889	0.0825939292	0.1451383313	-0.0069437018	0.0466083012	0.043616927	-0.016668006	0.0234307959	-0.1342314979	-0.084234751	-0.0085004818	-0.0125763622	0.0451352464	0.0882673425	0.1694223126	-0.0216939584	0.1450775905	-0.1250653969	-0.063971415	0.1167226541	0.0720007403	-0.1179017898	-0.0975449236	-0.0700250854	0.0485119691	0.2069146269	-0.2509642957	-0.0768033394	0.0394302401	0.0015833605	0.0718246372	0.1572468605	-0.0226488266	0.0424709431	-0.0977392422	-0.0330397571	0.0098561385	0.064018805	0.0564452833	0.0408790706	0.0443930687	-0.1874655628	-0.0963825876	-0.0342901435	0.0023417471	0.054964455	-0.1481059063	-0.035198206	-0.0706527442	-0.0421298757	0.112704774	-0.0105782935	0.0124251233	0.1926650383	0.0885051075	0.0414504603	-0.0980988645	0.0459936006	-0.0105157027	0.0229641647	-0.1088019575	0.1083506083	0.1359363214	0.1444917833	0.1898617564	-0.0553639766	0.0781058418	0.1520987308	0.10758387	-0.0532291009	-0.0757179104	0.0824026825	0.0299469304	0.1236346991	0.0188694665	-0.0567437727	0.040624192	0.0623060316	0.0733009299	-0.0213019331	-0.1723340761	-0.0458655468	-0.0580066528	0.0360459064	0.0628342287	-0.1291464316	-0.1508131632	-0.039299677	-0.1226234038	-0.1662425116	0.0135153068	-0.0876327994	-0.0101290257	0.1013839798	-0.1275100165	6.130376604573939e-06	-0.0124490103261507	3.758151731390751e-11	0.0001549778581006	0.0199522596661836	0.0094363190140428	8.904411653478572e-05	0.0003980926657868	0.087886827613147	-0.003682581705675	1.356140801897287e-05	0.007724094467903	-0.0071957909336627	1.1593314578100394e-05	1.3440494290679514e-10	5.177940716098231e-05	-0.0029012169027671	0.000387756978212	1.503554741521015e-07	8.417059516901525e-06	0.0015775846846572	-6.609055480110001e-05	2.4887734372649573e-06	4.367961433917204e-09	0.0	0.0	0.0	0.0	0.0	0.0	0.0	0.0	0.0
926.0660697466624	2.1993508887195503	4.837144331711476	857598.3655360301	1067.2888542659698	8.524699377634988	72.67049947905035	1139105.4984403665	825.808301525144	-0.3261939229419113	0.1064024753642335	681959.3508678431	842.5132825355129	726.9615327069238	1.074898	17.781147	0.1051100635454175	0.0542889792519808	0.1019398237	-0.0955055261	-0.0773241741	0.0113191134	-0.0715724555	-0.0128605428	-0.1447388148	-0.0152158643	0.0111706134	-0.0342463558	-0.0469514228	-0.0330463006	-0.1292534202	-0.0767994927	0.0629716301	-0.1260316931	-0.0486204454	0.0187936512	-0.1106257554	0.1299363228	0.0114937065	-0.0542448961	0.0556393475	0.1642136324	-0.0403131314	0.218598992	0.1875823611	-0.1147379664	-0.0317565623	-0.0905914753	-0.066130131	-0.0884326804	0.1813838346	0.0230795977	-0.0840098165	-0.0814948713	-0.0836352116	-0.05902913	0.0005487303	0.077899718	0.1825752345	-0.1054311209	0.0645825137	0.0632234635	-0.0351881309	-0.067692495	0.0010508105	0.0328701722	-0.1091883598	-0.0482671496	-0.0167173501	-0.058742717	0.0534202982	-0.0621548178	0.0655503491	0.0155279459	-0.1507545106	0.024352543	0.1233639633	0.0624638445	-0.0303080117	0.0258855735	-0.1531707128	-0.0506266047	-0.0707708832	0.1244470471	0.2217719031	0.0905009992	-0.0299784483	-0.0349449468	0.1034673668	-0.029738975	-0.0137431078	-0.0586013019	-0.167338878	-0.0766566326	0.0429353306	0.039984911	0.074151876	0.144550625	-0.1193441044	-0.1632059613	0.0193131857	0.0622782941	-0.1748166782	0.0407767685	-0.0391804908	0.0954251447	0.1047711048	0.0022538606	-0.1519940576	-0.1588468093	0.1282590233	0.1133596978	0.0469814321	0.0604937168	0.0167121684	-0.001443079	0.076116992	0.0792772053	-0.0001816433	-0.0689664471	-0.0302955189	0.0436706335	-0.0076727157	-0.0443192224	-0.0410495156	-0.0498248759	-0.0049721977	0.0241703314	-0.1729993393	-0.001492434	-0.090084361	-0.0033794295	0.0948006283	-0.1289225186	0.0172234035263301	0.0172172731497255	0.0002966456290308	0.0002964344947122	-0.0101731779465126	-0.0301254376126962	0.0009075419913564	0.0001034935495314	0.0492466172857462	-0.0386402103274008	0.0014930658541457	0.0024252293140887	-0.0069229409327795	0.0002728500008831	7.444712298196202e-08	4.79271111587539e-05	-0.0029001261712433	1.0907315237999003e-06	1.1896952570108524e-12	8.410731809130324e-06	0.0014689825679523	-0.0001086021167049	2.1579097849477338e-06	1.1794419752784729e-08	0.0	0.0	0.0	0.0	0.0	0.0	0.0	0.0	0.0
924.3907723752548	-1.6752973714076234	2.8066212826452923	854498.30005252	1061.3828183734229	-5.9060358925469245	34.881259964052546	1126533.4871383104	825.6495835000372	-0.1587180251067366	0.0251914114937826	681697.2347337849	841.8649837712006	723.1198228788325	1.036728	17.149744	0.0615358993285236	0.0308455208949522	0.1396268357	0.017281236	-0.0284606219	0.0809243442	-0.0044213971	0.0957968501	-0.0287162103	0.01647531	0.0377063205	0.0398311293	-0.1309767946	-0.0062706568	-0.0285939146	-0.1287080261	0.1275306206	0.0291040018	0.0893832571	-0.0198614138	-0.0784938478	0.0707890734	-0.0030138199	0.0040224088	0.1001600728	0.1658772134	-0.0611920468	0.0333955421	0.1433497884	-0.066845326	-0.0420150873	0.0026183148	0.0104634586	-0.1477770907	0.0451239788	0.0319911337	0.0707190294	0.0445493398	0.0045520556	-0.1190777523	0.0303768715	0.047442054	-0.0339018054	-0.1433214433	0.1649638951	0.0678607643	0.011471633	0.0982186473	-0.1502950135	0.1261246794	0.1326179741	0.0027302889	0.0321158204	-0.1245092939	0.1164849069	0.0366157016	0.0181529623	-0.0646943823	0.0271764618	0.0634159735	0.1165822015	0.0439428118	-0.0234805835	-0.0971263943	-0.1200297819	0.1234349138	-0.0904219282	0.1404420729	0.2074222902	0.0415943147	0.0273371345	0.0256940559	0.0036241479	-0.001679886	0.0274290296	-0.1695616407	-0.0261184448	-0.114900372	0.1116040741	-0.0755094485	0.0408930629	-0.0179799728	-0.0754083554	-0.0337892071	0.0288675141	-0.0800278693	-0.0487810198	-0.1035074011	0.0190845794	-0.0620186943	0.1176445607	0.0848021634	-0.0315051257	-0.1168030844	0.1283448172	0.0637677652	0.0527173951	-0.013427389	-0.0319969672	0.0234096158	0.1061377016	0.0354449002	0.0437571944	-0.0869181899	-0.0125110235	-0.04305097	-0.0304391269	-0.1341573628	-0.0788012094	-0.0893989939	-0.0473299204	-0.0455502894	-0.1105737366	0.1552628512	-0.0924741833	0.0033794295	0.0876327994	-0.1289225186	0.0025742707863827	-0.0146491327399473	6.626870081623404e-06	0.0002145970900325	0.0056840573082723	0.0158572352547849	0.0002514519099255	3.230850748372375e-05	0.0661449010272576	0.0168982837415114	0.0002855519934086	0.0043751479319057	-0.0072039507893036	-0.000281009856524	7.8966539463695e-08	5.189690697470796e-05	-0.0029008344579866	-7.08286743299983e-07	5.016701107344962e-13	8.414840552642412e-06	0.0014680757593741	-9.06808578200009e-07	2.15524643526184e-06	8.223017974971219e-13	0.0	0.0	0.0	0.0	0.0	0.0	0.0	0.0	0.0
926.9302552022688	2.5394828270140124	6.44897302869908	859199.6980093431	1070.2119186038062	8.829100230383347	77.95301087815527	1145353.55072164	826.6358883223345	0.9863048222972566	0.9727972024868228	683326.891862455	843.3215434854478	731.55676125898	1.073606	17.759781	0.0163497314115754	0.0127774749058664	0.0857408809	-0.1316262432	0.0291814286	-0.0258894227	-0.1227409369	-0.014806036	-0.1169868454	-0.1412050501	0.0355454508	0.016586735	-0.0973846371	0.041535012	-0.0213835612	-0.0433181914	0.0817548781	0.0081569411	-0.1494893848	0.0764085512	3.73279e-05	0.1339745664	0.067768534	-0.0134504887	0.138136183	-0.0939192405	-0.0150740135	0.0843563727	0.152356122	0.0102948498	-0.0726790675	0.0190674674	-0.0027206469	0.0476863368	0.0360631849	0.0602683658	0.0496817138	0.0889979427	-0.1720700876	-0.0630025964	-0.0537299956	0.0194812952	0.0364352566	0.0133545907	0.186376341	0.044438161	0.002844942	-0.0148264223	0.0027983253	0.0005094173	0.0084127676	-0.0212337616	-0.0885071266	-0.0392349085	0.0884142435	-0.0063883972	-0.0141358376	0.1743986258	-0.0810892669	0.0357922731	0.0648217358	0.087429444	0.0834091202	-0.0392553861	0.0413847456	0.0432926731	-0.1168456653	-0.0288815712	0.1134485334	0.1287048404	0.0459685663	0.0561667919	-0.0066252727	0.0723776451	0.1358557615	0.0136234107	0.0318258756	-0.0244725509	0.1541117383	0.0030883132	0.1034540021	-0.0058397255	-0.0895509925	-0.1547225682	0.030049175	0.0075404102	-0.0028782566	-0.074221226	-0.1557342269	-0.0201633771	0.0943739378	-0.024668623	-0.1576823359	0.0047111644	0.1218949018	0.161443398	-0.0556140705	0.0433842709	0.0042860054	0.0117475582	0.0343023578	-0.0412761208	0.1020225646	0.0403478604	-0.0691686202	0.0115464349	-0.1072744715	-0.1395262794	0.0033598289	0.0857043254	-0.0742387173	0.1523387134	-0.0054875472	0.0306231581	-0.0948006283	0.0101290257	0.0799246852	-0.1275100165	0.0054779899441257	0.002903719157743	3.0008373827942293e-05	8.43158494704372e-06	-0.0068029286224629	-0.0124869859307352	0.0001559248176343	4.6279837842324974e-05	0.0660377397850453	-0.0001071612422123	1.1483531832483288e-08	0.0043609830759173	-0.0071869510141873	1.699977511629945e-05	2.88992354004754e-10	5.165226488032786e-05	-0.0029008206815424	1.3776444200263444e-08	1.8979041480297227e-16	8.414760626464114e-06	0.0014680995094313	2.3750057199980332e-08	2.1553161695924238e-06	5.640652170023374e-16	0.0	0.0	0.0	0.0	0.0	0.0	0.0	0.0	0.0
926.1652472582472	-0.7650079440215904	0.5852371544161409	857782.0652289301	1064.394676026844	-5.817242576962144	33.84031119922117	1132936.0263542903	826.1053512506023	-0.5305370717321694	0.281469584482145	682450.0513648811	842.2331971087283	730.7588653201248	0.905978	14.986845	0.0770654826946533	0.0433456183454626	0.1115029253	-0.0871619861	0.0518864988	0.0285756183	-0.0960783569	0.0765892141	-0.0472455334	-0.0897589649	0.0232886529	-0.0392839519	-0.1451021116	-0.0597415656	-0.0168805094	-0.048415619	0.1105405043	0.0277707707	-0.1045026274	-0.0718207198	0.0126762675	0.0549808814	0.0965900817	-0.0107356387	0.0358481608	-0.0805947029	-0.2108207111	0.0760818442	0.0507524669	0.0924093307	-0.1041093466	0.0061186484	-0.1931397667	0.0947962235	-0.0337947053	0.0354572931	-0.0888973933	-0.1903521087	-0.0278505186	0.0062311532	-0.0664520577	0.0081430033	-0.2178735833	0.1709286918	0.1320458452	-0.2064875939	0.1724181103	0.1695484331	-0.0149289476	-0.0582865513	-0.0361855788	0.0619953028	0.0016861766	-0.0226623307	0.116854873	-0.0443825023	-0.0350594506	0.0735808161	0.0131236149	0.0436816614	0.0576281155	-0.0065317784	0.0724878054	0.0336465084	0.0485182521	0.1395705859	-0.0423811848	-0.0845114232	0.1234436173	0.1098414931	-0.0768043723	-0.0917979341	0.1541105303	-0.0326544978	-0.0762290534	-0.1614265727	0.0551182365	0.1244758911	-0.0553644003	0.1301797042	0.0909338051	-0.1881280859	-0.0589324716	-0.1771680865	-0.2342611471	-0.0931433642	0.1574335991	0.0977477483	0.0148942995	-0.0862518879	0.0979845588	-0.0103655466	-0.1127937505	0.0884555399	0.0960709958	0.0682065072	-0.0081560043	-0.0051531307	-0.0149121091	0.0849497147	-0.0584332813	-0.0024919079	0.0222493766	-0.0772349864	-0.0886742122	-0.1058640472	-0.1381744196	-0.1041179386	0.0480898234	0.0977279544	-0.0421147449	0.0644719003	0.1323049225	-0.0074271571	-0.0970621018	0.016850859	0.0717238087	-0.124700488	0.005542008684884	6.401874075830007e-05	3.071386026332969e-05	4.098399168278431e-09	-0.0086161485248084	-0.0018132199023455	3.2877664142618247e-06	7.423801540155798e-05	0.0450793844892558	-0.0209583552957895	0.0004392526567045	0.0020321509059301	-0.0065288675314569	0.0006580834827304	4.3307387024257293e-07	4.262611124331212e-05	-0.002682646094285	0.0002181745872574	4.760015052493688e-08	7.196590067182564e-06	0.0012597598043039	-0.0002083397051273	1.5869947645398004e-06	4.340543273257195e-08	0.0	0.0	0.0	0.0	0.0	0.0	0.0	0.0	0.0
926.5567182211882	0.3914709629410708	0.1532495148260093	858507.3520808184	1066.7050045558385	2.3103285289944324	5.3376179118855775	1137859.5667444714	825.9774280609713	-0.1279231896310193	0.0163643424453737	682238.7116662171	842.4487123522764	730.140594550912	0.866118	14.327472	0.0569330507095172	0.0319950726009978	0.0625299979	-0.1464211175	-0.0164410547	0.0182130312	-0.1256505768	0.0116366209	-0.0769166055	-0.08604811	0.0436360698	-0.0530005022	-0.098281757	-0.0521334185	-0.0592149655	-0.1504902828	0.0737836307	-0.0334970992	-0.111000054	-0.0279737748	-0.0233849683	0.0834831518	0.0247661086	-0.1096196043	-0.063293683	-0.134245273	0.0052889973	-0.1138532826	-0.0007774835	0.0860635124	0.0276180742	0.0363909935	0.1373256535	-0.0584403225	0.0729834502	-0.0164129183	-0.0121254326	0.0130894529	0.0214958379	0.0186119466	0.0430965222	0.0311453848	-0.0953318149	0.0923425112	0.0220033525	0.1182457246	0.0403368321	-0.178051016	0.1428748782	-0.0172173407	0.019306328	0.0182304332	0.0299983099	-0.0777304376	0.0841104388	-0.0388398531	0.0069649188	0.0934723137	-0.0507600852	0.0457607822	0.0628157521	-0.1457737159	0.1119975888	0.0752320137	0.0703090241	0.0061157049	-0.0578718268	-0.0321885094	-0.0156214846	0.0736777953	0.0213199409	-0.0174498905	-0.0759634739	0.0888437597	0.0313131609	0.0445663955	-0.0281590044	0.0048895337	-0.0328368426	-0.0425490669	-0.0642990853	-0.0006015008	0.0058032761	-0.0004429772	-0.0920041011	-0.0150853227	-0.0029351521	-0.043049315	0.156776799	0.1318563435	0.0735881954	-0.0462686227	-0.1735029074	0.0655035339	0.0247866192	0.0723048223	0.0655801813	-0.0303980468	0.0329333151	0.0631733702	-0.0157150529	-0.0103998812	0.0669829172	-0.0427464746	0.016405778	0.0318499708	-0.1427845454	-0.0023210658	-0.0546012194	0.0937814939	0.0853599752	-0.0051353208	0.0536418398	-0.1152134222	-0.0992570537	0.0235265052	0.063080731	-0.1205247148	-0.0116017919463473	-0.0171438006312313	0.0001346015763663	0.0002939099000834	-0.0080831192983055	0.0005330292265029	2.841201563062805e-07	6.53368175906388e-05	0.0625315135427939	0.0174521290535381	0.0003045768085013	0.0039101901859526	-0.0065291182107612	-2.506793042996933e-07	6.284011360417823e-14	4.262938461009353e-05	-0.0022611896122379	0.000421456482047	1.7762556625951747e-07	5.112978462492584e-06	0.0012741344789174	1.4374674613499986e-05	1.6234186703661145e-06	2.0663127024400095e-10	0.0	0.0	0.0	0.0	0.0	0.0	0.0	0.0	0.0
926.3876682937772	-0.1690499274110379	0.0285778779576772	858194.1119667814	1064.6168930417016	-2.0881115141369264	4.360209695471207	1133409.1289497658	825.6175369957296	-0.3598910652417544	0.1295215788408447	681644.3173948949	841.4684307850645	723.9577271043281	0.963711	15.941877	0.0520736796000954	0.0240681976865452	0.0712206171	-0.033127652	-0.0701953803	0.0636635878	-0.0027965364	0.0775917315	0.0645587036	-0.0315252376	0.0045321273	-0.1492483416	0.0333523122	-0.0089009966	-0.0461050275	-0.2235607396	0.0867145784	-0.097708874	0.055250679	-0.0994767587	-0.1368369705	0.0128636838	-0.0309874101	-0.1252584987	-0.0675348122	-0.1419954525	-0.0320840673	-0.0967115647	-0.0080764368	-0.0795681423	-0.021249824	-0.0036235665	-0.0811996969	-0.1119096065	-0.1026965212	0.0128917586	0.0105648142	0.0889846927	0.0425136004	-0.1334100837	0.0935249322	-0.0225819527	0.0202504107	0.1103539181	-0.0838172962	0.1432510823	0.0101756982	-0.0688910422	0.0052511219	0.1266777229	0.0412889324	-0.0299326004	-0.0154385584	0.0708985006	0.0873470135	-0.0334107742	0.042228655	-0.1678155238	-0.0560970178	0.1016994334	-0.0239744136	-0.1552246832	0.0726941869	0.1307141097	0.0300221857	-0.0073154229	-0.0342449884	0.0213911984	-0.0194151761	0.0455003635	-0.1066419992	0.0096199443	0.029276578	0.0044462414	0.0135854043	-0.0567871839	0.0724380391	-0.1663064047	0.0330729883	0.0800028033	-0.0777407193	0.0011078074	0.0246436775	0.1497308384	-0.0086891123	0.1023581812	0.0156037611	-0.1299708209	0.0104087566	0.0065501404	0.0646507795	0.0032164829	-0.0851939561	-0.0308502687	0.0259839497	-0.0859874287	0.1725774993	-0.0449798377	-0.0371070636	0.0444429524	-0.0520025919	0.0682818411	-0.0628753717	0.0306951153	0.1527538352	-0.0415623439	-0.1319037134	0.1034390191	-0.0021613976	-0.0332954017	-0.0658572346	-0.1175755391	0.0608549102	-0.0028805596	-0.1013839798	0.0301376669	0.0540487397	-0.1150284477	0.001882483930558	0.0134842758769052	3.5437457488090964e-06	0.0001818256959244	-0.0205042367676639	-0.0124211174693584	0.0001542841591876	0.0004204237254244	0.0542067701376822	-0.0083247434051117	6.93013527609508e-05	0.0029383739287595	-0.0065291217621625	-3.5514013006429646e-09	1.261245119820854e-17	4.262943098514396e-05	-0.0024957906459019	-0.000234601033664	5.503764499621729e-08	6.228970948171424e-06	0.0011518682070083	-0.0001222662719091	1.3268003663165157e-06	1.494904124654999e-08	0.0	0.0	0.0	0.0	0.0	0.0	0.0	0.0	0.0
928.3050999008552	1.917431607078015	3.67654396782178	861750.3585019368	1072.5098755851625	7.892982543460903	62.29917343137854	1150277.4332277006	826.235657634539	0.6181206388095006	0.3820731241222651	682665.3619467792	842.5197191093739	726.7568141970463	0.965769	15.975915	0.0905002103584454	0.0401255803326262	0.0371932522	0.0450201041	-0.1276755288	-0.0809568613	-0.0045745709	-0.031291306	0.0653255686	-0.0470117623	0.1029037861	-0.1495269989	0.1878189166	0.0353990714	-0.0161791189	-0.0476568077	-0.0144702158	-0.0883092492	0.1010398716	0.093115973	-0.0542209002	-0.041040294	-0.0480012742	-0.035556663	-0.0579250818	-0.119353219	-0.065325405	0.0094150316	-0.1628414348	-0.2217959129	-0.0589883951	-0.0017000797	-0.0671871022	-0.1588225027	-0.0621978686	0.1510649284	-0.0568940559	0.0733184594	0.0128189897	-0.0549496238	0.0392687026	0.165849834	-0.0035251389	-0.1273348285	-0.0148724033	-0.0598503778	-0.1501347419	0.0094844746	-0.0132394858	-0.0887638049	-0.0223100569	-0.212246729	0.1373578803	0.0962665459	-0.0009758717	0.0631887683	0.1092321298	-0.1090293729	-0.0981186494	-0.0089255522	-0.1506514561	-0.0280013312	-0.0426580785	0.1813684876	0.0269149039	-0.0170014313	0.0687200958	0.1676523041	-0.0834929004	0.077660512	-0.1689124812	0.1708240214	0.0131305655	-0.0031870524	-0.0648887852	-0.1640273217	-0.0458680582	-0.0800229806	0.0719854826	0.0885820988	0.0421180653	0.0594506907	0.0585120597	0.0403761529	0.0766860872	0.0562277757	-0.0111217079	-0.0605699989	0.0104996352	0.0705047861	0.0386860545	0.0042142548	-0.0523899581	-0.1521182518	0.0497633264	-0.1218292321	0.0082697325	-0.0102832305	0.046027887	-0.055947217	-0.1003202655	-0.0686557201	-0.0327966039	-0.0410802441	0.1184516091	-0.0573514204	-0.1472751837	-0.0341358833	0.1351960323	0.0027762314	-0.0546539798	0.0281731658	0.0528265847	-0.0096892979	-0.1034414224	0.0366662233	0.0446835199	-0.1082719048	0.0130051340981225	0.0111226501675645	0.0001691335129101	0.00012371334675	-0.0018502560209867	0.0186539807466772	0.0003479709976974	3.423447343197536e-06	0.0324441363974585	-0.0217626337402237	0.0004736122273111	0.0010526219865768	-0.0063650590236273	0.0001640627385352	2.6916582175669536e-08	4.051397637425932e-05	-0.0020710829556451	0.0004247076902567	1.803766221632659e-07	4.289384609163644e-06	0.0009614197217207	-0.0001904484852875	9.243278813135084e-07	3.6270625548341155e-08	0.0	0.0	0.0	0.0	0.0	0.0	0.0	0.0	0.0
927.6574534655052	-0.6476464353499978	0.4194459052215588	860548.350970106	1070.2554562281048	-2.2544193570577136	5.082406637476515	1145446.7415860286	826.5528373102085	0.317179675669422	0.1006029466577597	683189.592865556	843.0592856657547	730.9719206443679	0.918913	15.200821	0.0761510113918892	0.0389977977225674	0.0470137798	0.1493167685	-0.0741452635	-0.1334184355	-0.0277816063	-0.0450508023	0.0932539876	0.0316957701	0.1565275634	-0.0354376946	0.1750291289	-0.0927688263	0.0129768535	0.063616207	-0.035010801	-0.0439580059	0.1122067735	0.1089550145	0.0517248181	-0.2051601246	0.0470034315	0.0161974956	-0.0231641597	-0.0400354763	-0.1521294341	-0.0057042122	-0.0231144793	-0.1333635491	-0.1033642092	-0.1685572183	0.1350832583	0.0812010236	0.0465561311	-0.0394532084	0.1457440492	-0.0239273826	-0.1622789821	0.0947933066	0.0363118784	0.0894004939	-0.0141418541	0.0318863987	-0.0756745779	-0.0150946653	-0.0384984848	0.0292936099	0.1663637937	0.0229191328	0.0266129077	0.1315595323	0.104482901	-0.0400963675	-0.0445298327	0.0686248944	0.0512206865	-0.0892812286	-0.0088577907	-0.1804685181	-0.1624698243	0.0268495606	-0.0629625773	0.092444132	0.0234710484	0.1642713806	0.0206841777	0.0406053281	0.0387717219	0.0311717802	-0.1773309008	-0.0489883866	-0.0618685511	0.0222308243	-0.0017087432	0.1150525607	-0.0415505695	0.2275028825	0.169874614	-0.0729563573	0.1115602488	0.106531811	0.0657020516	0.0350993662	0.0065482783	0.01300917	0.1029184744	-0.0140653636	0.1272385336	-0.0387375274	0.0487540419	0.0619279132	0.0157893599	-0.1564554246	0.0756374587	-0.1189378668	-0.0664355673	0.0067884644	0.0460370596	-0.0455151964	-0.0722533806	-0.125441222	-0.0155161207	-0.1051685755	0.1665247094	0.0458762819	-0.1631486127	0.0027482527	0.1133065255	-0.0353417373	0.0396116216	0.0261445959	0.0156463457	0.0707135847	-0.1054279714	0.0430942802	0.0350428114	-0.1003291122	0.013058471007298	5.333690917549983e-05	0.0001705236650484	2.844825880395517e-09	-0.0113952921959565	-0.0095450361749698	9.110771558148212e-05	0.0001298526842312	0.0544376652096474	0.0219935288121888	0.0004837153096125	0.0029634593934776	-0.0068727349349408	-0.0005076759113135	2.5773483092799306e-07	4.7234485485955726e-05	-0.0022221305114329	-0.0001510475557877	2.2815364109468546e-08	4.937864009841042e-06	0.0011938784445305	0.0002324587228098	1.4253457403145665e-06	5.4037057810363446e-08	0.0	0.0	0.0	0.0	0.0	0.0	0.0	0.0	0.0
928.1442809505318	0.4868274850265379	0.237001000177264	861451.8062611796	1072.6940871344673	2.438630906362505	5.946920697466412	1150672.6045732482	826.5663578968916	0.0135205866831711	0.0001828062642571	683211.9440069323	843.3240620135705	734.0170210671243	0.930109	15.386028	0.0284579174621931	0.0200844844521028	0.0055426967	0.0601793274	-0.0617968005	-0.1675592767	-0.0974899225	-0.0871153978	0.042868404	-0.0005680183	0.1554695661	0.0487917975	0.1199956655	-0.0925061316	-0.0208661178	0.0975977849	-0.0551870188	-0.0090319717	0.0141801086	0.1648259908	0.0464842667	-0.0638003179	0.1628903609	-0.0505525689	-0.0238557168	-0.0295835216	-0.0952172442	-0.071323148	0.0644069959	0.0449090448	-0.1485430018	-0.0755372434	0.0700794526	0.0186301027	0.070796981	0.0728770402	-0.0099359319	-0.0145235055	0.0214964155	-0.0958098801	0.0388462036	0.0146713543	0.0130953698	-0.1354930959	0.1630470452	-0.0649584446	0.0632696847	-0.0799781369	-0.0274800275	0.0135857647	-0.1481757323	0.1527355761	0.0486361637	-0.0904903753	-0.0582424061	0.0911056645	0.0547854102	0.0308019227	-0.0549402119	-0.1905570969	-0.0216169143	0.060209959	0.0421194699	0.0241957501	0.0146320334	0.166542588	-0.0289431487	-0.0744422818	-0.0235010399	0.1421402877	-0.1326598863	0.0644205894	-0.1047218237	0.0279486837	-0.049131018	0.0659110571	-0.1215913924	-0.0794874958	0.0841109262	-0.0598126777	0.0747870572	0.0092009748	-0.0859205459	0.0015976084	-0.0634975603	-0.0730702981	0.0179039245	0.099048108	0.039797834	0.0950340816	0.0337298868	0.0080061163	-0.0416780255	-0.0837549713	0.0809318263	-0.0743851033	-0.1137606874	0.0988374536	0.0853170751	-0.0238338328	0.0597332638	-0.1011803898	0.0549739536	-0.0150089712	0.1497383153	0.0718586416	-0.1413128326	0.0262864684	-0.0278790872	0.0280938646	0.0601962499	0.0019320548	0.0182294808	-0.0429958901	-0.1073422654	0.0494042187	0.0251860523	-0.0912870929	-0.0061705723457521	-0.01922904335305	3.807596307416057e-05	0.0003697561082734	-0.010854474288692	0.0005408179072645	2.9248400881795374e-07	0.0001178196120838	0.0539403368703688	-0.0004973283392785	2.4733547704960685e-07	0.0029095599416888	-0.0068721311644614	6.037704793999607e-07	3.645387917948584e-13	4.72261867415616e-05	-0.0021830589049769	3.90716064559999e-05	1.526590431052533e-09	4.765746182598942e-06	0.0013180176248471	0.0001241391803165	1.7371704594075907e-06	1.5410536089677296e-08	0.0	0.0	0.0	0.0	0.0	0.0	0.0	0.0	0.0
926.888356155226	-1.2559247953057593	1.5773470914638137	859122.0247761371	1070.3343258206808	-2.359761313786521	5.568473458043488	1145615.5690300113	826.7384261300735	0.1720682331819034	0.0296074768703419	683496.4252400311	843.2771074346233	733.0514563995295	0.927466	15.342309	0.0886422059703873	0.0463721661983808	0.0288036889	0.0794300032	-0.0070042346	-0.1484084951	-0.0453763133	-0.0217534629	0.0963710078	-0.0492102655	0.0853793035	0.133407626	0.0240632438	-0.1876006894	-0.0985743123	0.0740444341	-0.0656084771	0.1281782192	-0.0456737683	0.1140720175	0.0098124258	-0.0125338261	0.1056584857	-0.0055334318	-0.0979241993	0.0828569967	-0.0484510659	-0.0537147385	-0.0214651458	0.0472173859	-0.0772082413	0.101410683	-0.0395285141	0.0802492358	-0.1301302916	0.1190266729	0.0038971489	0.1246256761	-0.0405134529	0.0695006814	-0.0265139402	0.1110455756	-0.0733552796	-0.0999693452	0.1388463886	-0.0634358108	0.0034475451	-0.0705152617	0.1151349917	-0.0304690088	-0.1356953699	-0.1219992832	0.1513519017	0.1313421579	-0.0701342888	0.1243605849	-0.0842299441	0.0842964868	0.0074175015	-0.1444603637	0.0765853551	-0.0484840308	0.0037094294	0.0377096519	-0.0099900111	0.0898110424	0.1329079665	-0.0945601526	-0.0517521836	-0.0061285265	0.0216206153	0.1205278399	-0.0270260149	0.0193808294	-0.0877592074	-0.0243039001	0.1019489285	-0.0008677149	0.152524347	0.1122922069	0.0557945705	-0.0273653255	0.0673857673	-0.0338215627	-0.0307204433	-0.0355803569	0.0034577564	0.0154973686	-0.0368124212	0.2544642553	0.0206056506	0.012379863	-0.0169503794	-0.0159842795	0.0756245042	-0.0820714777	-0.109457176	0.0543213385	0.1234271903	0.1034028484	0.0868764284	0.0077640594	-0.0190382143	-0.051191193	0.1048631242	-0.1342999071	0.0410797895	0.0375854224	0.1064008014	-0.0382210863	0.0640048869	0.1062625802	0.0007096031	-0.0209076279	-0.1091829923	0.0555787436	0.0151740128	-0.0812449131	-0.0061751919978689	-4.6196521168006405e-06	3.8132996210544105e-05	2.134118568026064e-11	-0.0207917619499227	-0.0099372876612306	9.874968606204788e-05	0.0004322973649822	0.026402970960234	-0.0275373659101348	0.0007583065212686	0.0006971168755269	-0.0062328297138955	0.0006393014505659	4.087063446956648e-07	3.884816624241865e-05	-0.0023068219608288	-0.0001237630558518	1.5317293993800462e-08	5.321427558962029e-06	0.0010578234763268	-0.0002601941485202	1.1189905070681162e-06	6.770099492420385e-08	0.0	0.0	0.0	0.0	0.0	0.0	0.0	0.0	0.0
928.202788062084	1.3144319068579762	1.7277312377662954	861560.415766226	1070.0311231461783	-0.3032026745024723	0.0919318618254521	1144966.604501472	826.6107248986871	-0.1277012313864816	0.0163076044976237	683285.290517533	842.8778982796774	733.469601113337	0.973191	16.098696	0.0310878760396001	0.0221383810835095	0.0200038488	-0.0086985558	0.0868690146	-0.1897444905	-0.0030584478	0.0033081458	-0.0302766702	-0.170489344	0.0051508803	0.1162535235	-0.0426914802	-0.1342397332	-0.0498177905	0.1153830208	-0.0141222815	0.0879314258	-0.1045685536	0.1375156292	-0.0185349766	0.1265716732	-0.0040439819	0.0040423404	-0.0578752212	-0.0285054006	0.0894367352	0.1339517551	0.0377234888	0.2350554315	0.1234014707	-0.1690080583	-0.0954594583	0.0838942707	0.013145771	0.0103848647	0.0745825351	-0.0018122905	0.1116187289	-0.0837229534	0.1880476089	0.1152836853	0.0103319748	0.0418825536	-0.1389676324	0.0162850429	0.0833728227	0.1026631632	-0.1194860505	0.0211093397	-0.1730035936	-0.1282438654	-0.0143835952	0.1044933016	-0.0161642231	0.1350393267	-0.0694859751	0.1474944344	-0.0455236032	0.0231985761	0.0756288607	-0.0058071141	-0.0338149877	0.0457653683	0.0335259394	-0.1588589234	0.0524344137	-0.1103313711	0.0920394659	-0.01269807	0.0067247586	-0.1932563122	-0.0432216842	0.0723356989	-0.0822181735	0.0141421919	-0.130428952	0.0208697781	0.0070755956	0.053737657	-0.0904353269	-0.1504238471	-0.161668075	0.0578521273	0.0114396408	0.1990682848	0.0052732042	0.0042232848	-0.074368309	0.093602936	0.0157951945	-0.055093805	-0.0782810676	0.0868552155	0.0711390411	-0.0960220886	-0.1272191488	0.024955468	0.1448102698	0.0646606278	0.0158164478	0.1516371633	-0.0943335259	0.030877796	0.0014518563	-0.157694288	-0.0222937304	0.0041497858	0.101451618	0.0532891782	-0.0022867625	0.0951431919	0.122728011	0.0517898629	-0.1109488906	0.0616009311	0.0050684204	-0.0703125971	-0.0061903056618888	-1.5113664019899588e-05	3.831988418761253e-05	2.2842284010640736e-10	-0.0206477460656344	0.0001440158842882	2.0740574927340912e-08	0.0004263294175909	0.0087753864555821	-0.0176275845046519	0.0003107317354686	7.700740744481376e-05	-0.0062329884671365	-1.587532410000578e-07	2.5202591528022425e-14	3.885014523145661e-05	-0.0020717245575934	0.0002350974032354	5.527078900802827e-08	4.292042642535569e-06	0.0010270563930704	-3.076708325640016e-05	1.05484483454678e-06	9.46613412106259e-10	0.0	0.0	0.0	0.0	0.0	0.0	0.0	0.0	0.0
927.904245263724	-0.2985427983600175	0.08912780245263	861006.2883784412	1067.4941651480538	-2.536957998124535	6.436155884248049	1139543.7926251402	826.6454909180404	0.0347660193533556	0.0012086761016779	683342.767655128	843.112809108881	736.8854457286549	1.018559	16.849176	0.0064865820137779	0.00458209404839	0.0261396454	-0.0127204034	0.1367437434	-0.1186902574	-0.016050751	0.0721862485	-0.0028643928	-0.1028323144	-0.0407486665	-0.0213230658	-0.0310659217	-0.1276636193	0.0032972877	0.0631372181	-0.0014831555	0.1326523883	-0.0939744482	0.0345319599	0.0169670145	-0.0923527347	0.028909798	-0.0251564837	-0.1762161552	-0.0350099984	0.095343327	0.082452094	0.0093786802	-0.0902390545	0.0645271036	0.108201562	-0.078421898	-0.2219980314	0.2179588403	-0.1063226922	0.0505907568	-0.0004389788	-0.0205375518	0.0234835007	0.0177503333	0.0233068597	-0.1495939745	0.0584735124	-0.1148715821	0.0969520761	0.0879514677	0.0833954574	0.0956407605	0.0117749923	0.0436783973	-0.0221481929	0.0123823704	-0.080160417	0.0163487326	0.0103180541	-0.1537627005	0.0769093147	0.0330432915	-0.0554527273	-0.06090559	-0.1601625929	-0.1313436839	0.0569134011	0.0605378808	-0.0294115595	-0.0189511143	0.2385786792	0.1252749222	0.1187166991	0.0879017005	-0.0030563876	0.1082567627	0.1396757798	0.0580583381	0.091324038	-0.0046132555	-0.0615608495	-0.1550381689	-0.0207571679	-0.0088771353	0.0106199871	0.0337773092	0.0449425758	-0.0374897064	-0.0083559874	-0.0135350882	-0.0293453219	0.1821979413	-0.0258127054	0.0149086747	-0.0381811841	-0.0553134167	0.1149653195	0.0530732641	-0.1084578387	-0.039912007	-0.1472530157	0.1420362093	0.0041739765	-0.1222519094	0.0096039251	-0.1302189586	0.016923392	0.0034678664	0.0068594057	-0.0216975128	-0.0286968982	0.0019454887	0.0929311271	0.0032517938	-0.0430086823	0.1132049124	0.0864466099	-0.1126387502	0.0674542747	-0.0050684204	-0.0586099215	-0.0062703722614827	-8.006659959389987e-05	3.931756829757167e-05	6.410660370529887e-09	-0.0207117308190163	-6.398475338190157e-05	4.094048665342764e-09	0.0004289757935193	0.0120805034688942	0.0033051170133121	1.0923798471685104e-05	0.0001459385640619	-0.006233050447209	-6.198007250057119e-08	3.841529387176061e-15	3.885091787745232e-05	-0.0020710379208943	6.866366990998692e-07	4.714699565507642e-13	4.289198069782185e-06	0.0009670567368922	-5.999965617819992e-05	9.351987323685898e-07	3.5999587415022036e-09	0.0	0.0	0.0	0.0	0.0	0.0	0.0	0.0	0.0
927.6137718760284	-0.2904733876955561	0.0843747889593328	860467.3097740725	1065.2282800825817	-2.265885065472048	5.134235129929268	1134711.288687695	826.8341450740237	0.1886541559832721	0.0355903905697607	683654.7034602916	843.6781241507068	737.7253833123208	1.071762	17.729277	0.0392583827478078	0.0244784703385884	-0.0220232876	-0.0960190412	0.0848333444	0.0235431669	-0.0649122129	0.0210505916	-0.0479380561	0.0872013968	-0.0946189309	-0.0535224697	0.0032276649	-0.1114381857	-0.0450724442	-0.047354631	-0.0353832377	0.0487390793	-0.081731857	-0.0564099033	-0.1288445857	-0.1159200359	0.0042149049	-0.0287131206	-0.1634686936	-0.0553034587	-0.1110511254	0.0990657175	0.1598134272	0.0619805146	0.0679349339	0.073704929	0.2196507136	0.1686970756	0.0419994067	-0.0405373156	-0.0971268541	-0.0897753117	0.2028661967	-0.0670247132	0.0903901347	0.0272930146	-0.0369006675	-0.0828383632	-0.0771407498	0.055684062	-0.0044935143	0.1608053312	0.0200329928	-0.0279860287	0.198478267	-0.1397232015	-0.2398699361	-0.136208538	-0.04038471	-0.0926733167	-0.1669670491	-0.0865175219	-0.066774748	-0.037852482	0.021387958	-0.084974157	-0.0333475126	0.0645497003	-0.0011242365	0.082329668	-0.061278644	-0.1373757918	0.0484842115	0.1225253431	0.1272213809	-0.03496934	-0.0403755825	-0.062195257	0.1736338074	-0.0627386733	-0.103492881	0.172090345	-0.1213656618	-0.1339397905	-0.1671027289	-0.103420371	-0.1480176924	0.0460214136	0.1006542097	0.0700282781	-0.0694173985	-0.0776985314	0.0785467378	-0.1498861049	-0.0170653502	-0.0504507106	-0.0598834483	0.0002786246	0.094772467	0.0475084592	0.0210997415	-0.1639881471	0.0076920258	0.0335650942	-0.0610087955	-0.1171235116	-0.0670614775	0.0799738733	0.0498377789	0.0813539136	0.1686964873	0.0885110549	0.0379337412	0.0429349311	0.0011467688	0.0857561859	0.2119968361	0.0752734372	-0.1142514127	0.0731227308	-0.0151740128	-0.0462651033	0.0151947093342812	0.0214650815957639	0.0002308791917532	0.0004607497279128	-0.0206559765481841	5.575427083220202e-05	3.108538716030533e-09	0.0004266693671591	0.0026390539664475	-0.0094414495024467	8.914096870725104e-05	6.964605837822282e-06	-0.0061589500448015	7.410040240750024e-05	5.4908696369534675e-09	3.79326656543604e-05	-0.0020717831038958	-7.451830015001507e-07	5.552977057247735e-13	4.292285229588116e-06	0.0010581330990585	9.107636216630004e-05	1.1196456553231456e-06	8.294903745447048e-09	0.0	0.0	0.0	0.0	0.0	0.0	0.0	0.0	0.0
926.8795880985544	-0.7341837774739588	0.5390258191059315	859105.770833746	1066.8278567601765	1.5995766775947686	2.5586455475051184	1138121.6759595117	826.5102186385055	-0.3239264355181603	0.1049283356275009	683119.1415138702	843.6863129926256	732.9535438612314	1.057933	17.500509	0.0324937696777013	0.0170474615273815	0.0099589424	-0.02004432	-0.0209501449	0.0939309171	0.0139294733	0.0373591125	-0.0204457186	0.0860817472	-0.1095483717	-0.0134830404	0.0518141647	-0.0315971692	-0.0438249738	-0.0489761705	0.0047861256	-0.0119401905	-0.0109232535	-0.1257580174	-0.0350170312	-0.0090914023	0.0392209241	-0.0610252573	-0.1087339784	0.0444210035	0.0525212505	0.1209588983	-0.0384486807	-0.0937621047	-0.15945117	0.0250656453	-0.1180925971	0.1363990549	-0.1105079579	-0.1680452702	0.0829737058	0.0083721737	-0.0649041457	-0.1438640691	-0.0770530522	0.0788191935	0.0052231953	-0.1373475279	-0.2361725137	-0.0209934051	0.0150701455	0.046520753	-0.1140445455	-0.0696172849	-0.1012031568	0.1884344433	-0.1462092329	0.1318918467	-0.005524145	-0.1303129683	-0.0610110482	-0.0952440129	-0.0032129861	-0.0063617299	0.0671053776	0.0163354949	-0.0103422952	0.0332074417	-0.067053463	-0.0854847977	0.1248022821	-0.0045012969	-0.0166880659	0.0792770046	-0.1392991219	-0.0176579283	0.1967832372	0.0754894428	0.1612278511	0.1112924697	0.0207269827	0.045463701	0.0215893591	-0.0506005601	0.2448890007	-0.1563270529	0.0256151149	0.2323552137	0.1154821859	0.0124172467	0.0286948297	0.0914302734	-0.1189296945	-0.0683653171	0.0002749727	0.0073528589	0.0011577377	-0.0684564991	0.069860562	-0.0071896362	0.098821798	-0.0397011494	-0.0226246072	0.0281234588	-0.0074135527	0.0076673176	-0.1932188953	0.0219242613	0.049309982	-0.0106502563	0.1934086438	0.0267458079	-0.125829594	0.0034071654	0.0537247012	-0.0786335033	0.1289663919	-0.0968490131	-0.1157857731	0.0785907625	-0.0251860523	-0.033413395	0.0068934341472584	-0.0083012751870228	4.751943434258815e-05	6.891116973068043e-05	-0.0107899106103275	0.0098660659378565	9.73392570901342e-05	0.0001164221709788	-0.0004694524036494	-0.0031085063700968	9.662811852933005e-06	2.203855592921992e-07	-0.0063829590819904	-0.0002240090371889	5.0180048742298096e-08	4.074216664236373e-05	-0.0020718997861128	-1.1668221699999773e-07	1.3614739764034561e-14	4.292768723694267e-06	0.0010579003748099	-2.3272424860007815e-07	1.1191532030229268e-06	5.4160575886470985e-14	0.0	0.0	0.0	0.0	0.0	0.0	0.0	0.0	0.0
926.2926880463684	-0.5869000521860244	0.3444516712559581	858018.1439281668	1069.0927359565856	2.2648791964090838	5.129677774326655	1142959.2780751376	826.4648746708941	-0.0453439676114157	0.0020560753987451	683044.1890647768	842.9756496166822	725.0432595366103	1.112832	18.408665	0.2022518960751026	0.103495063216792	-0.0092990725	0.0596710373	-0.0939098113	-0.0927950453	-0.0456683737	-0.0623265797	-0.0013537976	0.1230241002	0.0767014959	0.0139139367	0.0158755218	-0.0288676768	-0.0396617647	0.0863148637	-0.036138652	-0.0504479502	0.0801279148	0.1471639282	-0.0136643236	-0.0123795899	0.0930591187	-0.0817732121	-0.001214746	0.0627735321	-0.0184529986	-0.0202681316	-0.0454241274	-0.0240767507	0.1364803035	0.0243198375	-0.0657121873	0.0530134072	0.0399712115	0.035970392	0.0988861402	0.1352123174	-0.0066022621	0.0732752835	0.0069793458	-0.1376547245	0.0568170603	-0.0037382709	-0.0436417787	0.0376392786	-0.0255403474	-0.1000336217	-0.131578781	-0.1007576601	0.0230817059	-0.0158730334	-0.0020703955	0.0029023213	-0.0569372789	0.0759042238	0.0802944896	-0.013358142	-0.057546631	-0.1392232799	0.0605565702	0.0283066783	-0.0244751339	0.0103223938	-0.0422013794	0.0354069289	0.0021640407	0.1780909757	-0.067077322	0.0380966946	0.1284886149	-0.2006329498	-0.0159479951	-0.0277521131	0.0156420773	0.0191233369	0.1210854964	-0.097333079	0.0060570336	-0.0864406173	-0.0468376904	0.0367607056	-0.001798909	0.0706289619	0.0072942825	-0.0337443457	-0.1477575427	0.1490383137	-0.0684638381	-0.0799101538	0.0074446163	0.0181572422	-0.0797782487	-0.102505624	-0.0351286107	-0.1242139241	-0.0935586606	-0.0237171443	-0.0038593771	0.0408546182	0.0192209545	-0.113927357	-0.0878485305	0.0114719456	-0.0339133582	0.1930584588	0.2595086281	-0.0303229291	-0.0971831425	-0.0590669327	0.0489948944	-0.2008860155	0.0376797359	-0.1496349758	-0.1172407796	0.0838433825	-0.0350428114	-0.0201956026	0.0367712144756353	0.0298777803283768	0.0013521222140131	0.0008926817573507	0.0236168555205296	0.0344067661308571	0.0011838255555834	0.0005577558646775	0.0250726877367242	0.0255421401403736	0.0006524009229504	0.0006286396703432	-0.0061562479954629	0.0002267110865275	5.139791675447984e-08	3.789938938164097e-05	-0.0024902244165645	-0.0004183246304516	1.7499549644255122e-07	6.201217644854004e-06	0.0026613688473406	0.0016034684725307	7.082884141595033e-06	2.571111142399936e-06	0.0	0.0	0.0	0.0	0.0	0.0	0.0	0.0	0.0
925.7794215254764	-0.5132665208919889	0.2634425214685664	857067.5373200458	1073.01661367265	3.923877716064453	15.396816330627187	1151364.653217521	826.0516211331853	-0.4132535377087833	0.1707784864288248	682361.2807767636	842.9863275730485	725.8851022848756	1.07731	17.821054	0.1060320858303755	0.0512155769388697	0.0198848212	0.0984282822	0.0463303382	-0.1152553256	0.0319997201	-0.0297698547	0.0681490352	0.0134670842	-0.0836644807	0.130456542	0.1185991618	-0.0891642807	-0.1631737685	0.0057467897	-0.0435490767	0.1487783639	0.0507760279	0.0995199874	-0.1869558922	-0.0001998088	0.0053845712	-0.0324241494	0.0146657426	0.1625678975	0.0216828162	-0.068779776	-0.040800656	-0.2022144997	0.1185854904	-0.0168372072	-0.032795624	0.0031252785	0.0641007341	-0.0300214193	0.0010223038	0.0201566265	0.0692351907	-0.0368092369	0.1021390677	-0.1076342464	-0.0349577971	-0.0532451147	0.0041624764	-0.0908705437	0.1558408156	-0.1374666094	0.1023311491	0.1076546886	0.1670713619	-0.0514547737	-0.0533694132	0.0781663775	-0.0768129953	0.1527912844	-0.1557084886	-0.0999130956	-0.0824020444	-0.041814153	0.1001693983	0.0209411507	-0.0551485231	0.0203499905	-0.1016782813	-0.0356073389	-0.037495319	0.1832335265	-0.1299026895	-0.0745308952	-0.0131032449	-0.0107039287	-0.039585261	-0.1836628317	-0.0761784705	0.0216213917	-0.0856252308	-0.0387465589	0.0591982785	-0.0726461899	-0.0674084891	0.0690246651	-0.0309245186	-0.0141409094	0.0231337205	-0.1096485327	0.2938293089	-0.0872898074	0.0362953328	-0.0354891574	0.012377737	0.0380279728	-0.0012056297	-0.0842444058	0.0277786909	-0.1110225321	-0.0712816956	-0.103459825	0.0494448061	0.0261513013	0.0503065819	0.0063619318	-0.0775475317	0.0343743403	-0.0134367411	0.1015609304	0.1938021134	0.000888942	0.0036422539	-0.1934583674	-0.0850336443	0.0361379963	-0.1500279353	-0.1345520872	-0.1186154352	0.0888661936	-0.0446835199	-0.0067565429	0.0192233298158441	-0.0175478846597911	0.0003695364092087	0.0003079282560333	0.0099745890933746	-0.013642266427155	0.0001861114332694	9.949242758166752e-05	0.0443109869943185	0.0192382992575943	0.0003701121583247	0.0019634635684106	-0.0064170029977238	-0.0002607550022609	6.799317120408215e-08	4.117792747279624e-05	-0.002625272573838	-0.0001350481572734	1.8238004782967937e-08	6.892056086945996e-06	0.0019450992971583	-0.0007162695501823	3.783411275805713e-06	5.130420685183543e-07	0.0	0.0	0.0	0.0	0.0	0.0	0.0	0.0	0.0
927.2180853480842	1.4386638226077366	2.069753594480305	859733.3777965672	1068.47880293831	-4.537810734339928	20.591726260690677	1141646.952328484	826.9376291507491	0.8860080175637677	0.7850102071872777	683825.8425054619	842.8746531785856	725.4154397980822	0.99398	16.442596	0.0522000863587833	0.0299071830262619	-4.9985e-06	0.0285183383	0.1009712785	-0.1127575954	0.0375291974	-0.0103874136	0.0426992172	-0.0191336053	-0.0813462822	0.0869767842	0.0205981105	0.0860149639	-0.1444858982	0.053977057	-0.0428452425	0.1137070638	-0.0264182166	0.0716999508	-0.0598919727	0.0096494497	0.0740346862	0.0968148207	0.120154861	0.0946102379	-0.0403219107	-0.0236353982	-0.2038360011	0.0006381271	0.0344014307	-0.0330078811	0.0105663281	-0.0685403418	0.0361887777	0.0588077791	-0.1392257243	0.0551193074	-0.0473042155	-0.0321958862	0.0064092798	0.0356123469	0.0186687345	0.0349510205	0.0187061736	-0.0360235459	-0.0437650908	0.0195695624	0.1595036576	-0.1670286336	0.0915441637	0.1581747064	-0.1303017247	0.0047383303	-0.0394628749	0.1255692001	-0.1184627172	0.0199021956	-0.0790831001	0.0376074331	0.0072034105	0.1739376527	-0.0254720448	-0.0484515904	0.0662317474	0.0938813754	0.1653558376	0.1298555365	-0.1000130361	-0.0541431077	0.051341092	0.0319067417	-0.0537841593	0.142574412	0.0444384678	-0.1439284221	-0.0046045186	0.0612779412	-0.1077747039	0.0841444805	-0.023848569	-0.0495932568	-0.0444083314	-0.0748127107	0.1561469901	0.0414787997	0.1168585762	0.1113266275	-0.0091272164	-0.0491595332	-0.0121369375	0.0093236185	0.0160062002	-0.0848843753	0.0725061884	-0.0442994165	-0.1408941458	-0.0109127407	0.0908811673	0.0003819152	0.1161829532	0.0454929443	-0.0620440199	0.0949339965	0.0366230704	-0.0205044709	0.1776289818	-0.0625980828	-0.0484619268	-0.1513599526	-0.1538187926	0.0658185748	-0.0578687571	-0.0618172882	-0.1199087977	0.0936454286	-0.0540487397	0.0067565429	0.0168582946908344	-0.0023650351250097	0.000284202099883	5.593391142529656e-06	0.0097173973080657	-0.0002571917853088	6.614761443037926e-08	9.442781044280252e-05	0.0282554152165488	-0.0160555717777697	0.0002577813851111	0.0007983684890595	-0.006407189955023	9.81304270080037e-06	9.629580704773142e-11	4.105208311974763e-05	-0.0022373866004608	0.0003878859733771	1.504555283427777e-07	5.005898799921536e-06	0.0016723525598224	-0.0002727467373358	2.796763084344534e-06	7.43907827273784e-08	0.0	0.0	0.0	0.0	0.0	0.0	0.0	0.0	0.0
929.6161636384228	2.398078290338617	5.750779486593385	864186.2116978188	1068.8887696644615	0.4099667261514241	0.1680727165513168	1142523.2019148062	828.0926530700773	1.1550239193281868	1.334080254220246	685737.4420686394	843.8598053708516	732.506738240104	1.036079	17.138996	0.0441355693737417	0.023036933997398	-0.0047776439	0.0591544951	0.0695642248	-0.1319142794	-0.0274664329	-0.0171989478	0.0466736472	-0.1411260617	0.063758254	0.0646732461	0.035430754	0.0852961142	0.0379410581	-0.0233545563	-0.0451439751	0.1067559891	-0.0850165612	0.1148861786	0.0478211608	-0.0368863487	-0.0056165904	-0.0728163357	0.1162674684	0.0586006125	-0.019797254	-0.0465515094	-0.1382263805	0.0356027478	-0.0772060251	0.0118121872	-0.073236016	-0.1175838801	-0.0921416849	-0.0765473566	-0.0068057718	-0.0689849377	-0.0465939134	0.0232513917	0.0089572387	-0.1322778295	0.0634629514	-0.0303333348	0.1422130643	0.0467817622	0.0210842252	-0.1293234835	0.0881183611	0.0152390779	-0.0695460614	-0.0400294549	-0.1258156122	-0.0294391892	-0.0138330352	0.1542121604	-0.0769690514	0.1449514591	-0.0152580532	0.0287759769	-0.1082448363	-0.0486826537	0.0954009009	-0.0462451033	-0.0100449725	0.0665868847	0.0808012693	0.0667499327	-0.0044006775	-0.2122954683	-0.0399989386	0.0266395057	0.0732970206	0.0234848819	-0.0101582488	0.0411568118	0.0238458038	-0.0203829212	-0.0147629425	0.0429542805	-0.1301766816	0.0955737629	-0.1495861172	-0.0845540394	0.012468571	-0.1060736574	0.0982644289	-0.094283722	-0.1267029446	0.0591502774	-0.0079072717	0.0141954846	0.0172140301	0.0034596445	0.0236085257	-0.0323225671	-0.1285896245	0.0089228725	0.0805076716	0.0052355994	0.1018963299	0.0430539823	-0.0268341327	0.0913058095	0.1914750817	-0.0198396299	0.0851211532	0.0275117497	-0.0474136446	-0.1137519396	0.0103025418	-0.0546690783	-0.1068089544	-0.0551940502	-0.1211199807	0.098167988	-0.063080731	0.0201956026	0.0061132763147213	-0.0107450183761131	3.737214730013244e-05	0.000115455419903	0.0093859562119433	-0.0003314410961224	1.09853200198818e-07	8.809617401251703e-05	0.045723146981075	0.0174677317645262	0.0003051216529974	0.0020906061698529	-0.0065358717303388	-0.0001286817753158	1.6558999298426177e-08	4.271761927544191e-05	-0.0021626389763909	7.474762406989993e-05	5.587207304095084e-09	4.67700734220508e-06	0.0015639543964685	-0.0001083981633539	2.44595335423315e-06	1.1750161818498804e-08	0.0	0.0	0.0	0.0	0.0	0.0	0.0	0.0	0.0
928.438269716855	-1.1778939215678292	1.3874340904664395	861997.6206748275	1071.118463183206	2.229693518744398	4.971533187530774	1147294.7621719528	828.0272564544902	-0.065396615587133	0.0042767173302512	685629.13743155	845.1491036876914	743.2630427228743	1.159726	19.184391	0.0621147849360488	0.0394987909755631	-0.0207209823	-0.0916277846	0.1717701949	-0.1094773788	-0.0653818234	0.0347765139	-0.0793151501	-0.1093161983	-0.0673326352	0.0062548454	-0.0626974097	-0.1375321187	0.0693676408	0.2021447466	-0.0304795634	0.0903245309	-0.2061313158	0.0387143586	0.1250460738	0.0251323115	-0.0054125169	-0.0335837652	0.0194067149	0.1220649052	0.1415371909	0.0608311137	-0.0560473397	-0.017826835	0.0985731929	0.0570928717	-0.0884201479	0.0512937345	-0.0243106401	-0.1706501733	0.0456971023	-0.071328818	-0.0392382027	0.0788854731	0.0257987367	0.1122637659	-0.0240190887	-0.0151629654	-0.015196577	-0.0443503654	-0.0822118567	0.0246170925	-0.0893347264	0.0977541853	0.1383858064	-0.0449067927	0.0034691454	0.0763490074	-0.0200237492	-0.0680533341	-0.1297451205	0.222571944	0.0318007425	-0.0616926781	-0.0053734181	-0.0037071963	-0.0212313039	-0.0515965584	-0.098198381	-0.0807908156	0.0639135992	0.1013867114	-0.0476323985	-0.0726027329	0.0550674489	-0.0358280532	0.1475138315	-0.0168143128	-0.0131660294	0.0530888396	-0.0765558559	0.0440635043	-0.0441280014	0.0403415438	-0.025595594	-0.116047016	0.1048673184	0.0126616282	-0.0117888198	0.0076102699	-0.110438764	-0.0753991024	-0.1064386407	-0.0891399111	-0.0131384817	-0.0714190669	-0.0564861919	0.1890388593	0.0405174802	0.0156465229	-0.1353637322	-0.0248473057	0.0833709048	-0.0295522664	-0.0249940893	-0.0081052284	-0.1790432106	0.0783798862	-0.0556710421	-0.0052131804	0.1539495287	-0.1007259295	0.20319822	0.040953099	-0.0450338227	-0.0553901703	0.129007008	-0.010717118	-0.1222481541	0.1024214758	-0.0717238087	0.033413395	0.0001053105918202	-0.0060079657229011	1.1090320749520775e-08	3.609565212755455e-05	0.0118452036322764	0.002459247420333	6.0478978744150045e-06	0.00014030884909	0.0102092739900854	-0.0355138729909896	0.0012612351748201	0.0001042292754046	-0.0064871998088591	4.867192147969997e-05	2.368955940526079e-09	4.208376136006155e-05	-0.0021605842177701	2.0547586208003246e-06	4.222032989753253e-12	4.668124162077234e-06	0.0012520071005325	-0.000311947295936	1.5675217797837974e-06	9.731111544178237e-08	0.0	0.0	0.0	0.0	0.0	0.0	0.0	0.0	0.0
927.2490687526134	-1.189200964241536	1.414198933352999	859790.8355025888	1069.4134853302487	-1.7049778529571995	2.906949479074542	1143645.20260619	827.66618107419	-0.3610753803001216	0.1303754302588775	685031.3072939339	844.2154302964271	735.9470387335311	1.123449	18.584297	0.1102219888317799	0.0582487504336515	-0.0061902406	-0.0917684208	0.0589708638	0.0733874271	-0.0659591951	0.0154565448	0.0223773109	-0.0289527911	-0.021527856	-0.0059462009	-0.1335403735	-0.0811371024	0.001716714	0.0427461067	0.0076242215	0.0463771467	-0.0857135644	0.0194317067	0.0328701787	0.0667520551	0.0398863403	-0.119388788	-0.0540415774	0.0437560632	-0.0037078364	-0.0497249025	0.1228570256	0.1016097895	0.0681237266	-0.0015502279	0.0804344482	-0.0013829851	0.0175629781	-0.0504527853	-0.0701671662	-0.0420180659	-0.043867667	-0.0515868385	-0.0027478037	0.0324027363	-0.0499593812	0.0156410272	-0.0462950907	0.03817537	-0.0487169086	0.0645719107	-0.04873189	-0.0111879475	0.1227945412	0.0965039189	0.0078103436	-0.0015384158	0.0048798366	-0.0189460425	-0.0509769355	0.0935053079	0.0274887916	-0.0255886127	0.0897564393	-0.0687288855	0.0384834426	-0.0002988737	-0.1157462514	0.0300846465	-0.0628754664	-0.0531327616	0.0299367378	-0.0267794278	0.0437417653	-0.1060987836	-0.0301526857	0.0709279729	0.1221806477	-0.0010120684	-0.0485557548	-0.0282330891	-0.0487534447	0.0550040607	-0.0069407523	-0.0705679945	0.0824624691	0.0328879881	0.050979617	0.0010263059	-0.0741907122	-0.0193932017	0.0434928216	-0.119254656	-0.025865406	-0.0323944747	-0.0279605868	0.0898835156	0.0333266556	0.0940609271	0.022405649	-0.0387511353	0.0256660411	0.1518966986	0.0316168164	-0.0667055712	-0.0314870766	0.0133177729	0.027661282	-0.0596958675	0.2091266614	-0.0422537113	-0.0109964501	0.1160227312	0.0142718066	0.0160600636	0.0533913503	-0.0716566689	-0.1232925447	0.1063942335	-0.0799246852	0.0462651033	0.0072227770197201	0.0071174664278999	5.2168507876596775e-05	5.0658328352282174e-05	-0.0211574704858463	-0.0330026741181227	0.001089176498947	0.0004476385573594	0.0250703390387627	0.0148610650486772	0.000220851254381	0.0006285218995185	-0.005555993152447	0.0009312066564121	8.671458369462036e-07	3.086905991003795e-05	-0.0021599810451005	6.031726695996005e-07	3.6381726935190884e-13	4.665518115193449e-06	0.0014250129361924	0.0001730058356599	2.030661868315685e-06	2.9931019172380384e-08	0.0	0.0	0.0	0.0	0.0	0.0	0.0	0.0	0.0
927.1290855597066	-0.1199831929068295	0.0143959665801174	859568.3412907778	1071.3855029514857	1.9720176212370009	3.8888534984692384	1147866.895934608	827.2557060252902	-0.4104750488997979	0.1684897657692914	684352.0031514014	843.9005881702329	729.700902876579	1.027289	16.993587	0.2011854104892565	0.1061268038241277	0.0230624536	-0.0480643628	0.0418354837	0.1171910353	0.0333939633	0.0117442682	-0.0250312842	-0.0130989946	-0.029651165	-0.0332116698	0.0406794353	-0.0469747733	-0.0321972419	-0.1368857003	0.0570033765	-0.0189388712	0.0164818685	-0.0516734045	-0.0982894188	-0.0182288281	-0.0591167726	-0.0399744769	0.0498855879	0.0267533656	0.0379136515	-0.0816276885	0.1571774151	0.058900868	0.0961929739	-0.1121640781	0.0707004545	0.0241601052	-0.1579219934	0.0215669016	0.0745344845	0.0344649503	-0.0611281902	0.0462273853	-0.1246519507	0.1184818485	-0.0623306453	0.0756022269	-0.1108438604	0.1725794805	-0.0383751685	-0.0195608982	0.004062276	0.0302066997	-0.0772779813	-0.1270546722	-0.0234795972	-0.0419248286	0.0528043857	-0.0292293252	-0.0202848544	-0.0991219129	-0.0081035475	0.0263356355	0.0378529667	-0.0954718443	0.0463113195	-0.0443810177	-0.0360204817	-0.0572947885	-0.1900737111	-0.0682497043	0.0389629343	-0.2053562035	0.0180030298	-0.0620411421	-0.1296155609	0.07556556	0.0426937628	-0.0006581004	0.0953768103	0.0760599731	0.0474415857	0.0057170557	0.1086348129	-0.0631522629	0.0351210499	0.0675117116	-0.0728149007	-0.0099686967	-0.066133668	-0.1460002913	0.0440241592	0.1304885239	0.0028026975	0.0092823093	0.0332269758	-0.0165866522	-0.0388233085	0.1595281454	0.0538509774	-0.138196322	-0.0177342747	0.0053096116	-0.060570231	-0.0113054163	0.2495746648	-0.0510470551	-0.0565879892	-0.0875570357	-0.0777049741	0.00037138	-0.0379888409	-0.0516417179	0.0475063434	-0.0183718428	0.0063977928	-0.0019175821	-0.1242524367	0.1100753719	-0.0876327994	0.0586099215	0.0361513338446428	0.0289285568249227	0.0013069189387468	0.0008368613999727	0.0436359481163179	0.0647934186021642	0.0041981870941552	0.0019040959680099	0.1007128702587323	0.0756425312199696	0.005721792529364	0.0101430822357522	-0.0060101996849038	-0.0004542065324568	2.063035741264305e-07	3.612250025241774e-05	-0.0021597582890797	2.2275602080002599e-07	4.962024480266159e-14	4.664555867248474e-06	0.001243024147826	-0.0001819887883664	1.5451090320785536e-06	3.3119919091070354e-08	0.0	0.0	0.0	0.0	0.0	0.0	0.0	0.0	0.0
927.1481341860732	0.0190486263666116	0.0003628501664547	859603.6627247168	1071.3542891608345	-0.0312137906512361	0.0009743007268192	1147800.0129033169	826.9526671915153	-0.3030388337749627	0.0918325347756895	683850.7137751611	843.6239354101334	730.7475658059768	0.87448	14.465796	0.0547484409631033	0.0318903071825085	0.0131542963	-0.0390277819	0.0779909971	0.1142894138	0.0143204889	0.0051865593	-0.0142981635	0.0025136473	-0.0480435818	0.0330764976	0.0431830188	0.0958129885	-0.0495730119	-0.0064699698	0.0350053922	0.0190291665	0.0319774164	-0.0115151974	-0.0352965371	0.0858298302	-0.041385087	0.0689283437	0.1552768475	0.0972932595	0.0791481072	0.0377481686	0.2120966043	-0.0670695277	0.003992194	0.1093981294	0.0763850682	-0.0118791516	0.0056121684	0.0576982019	0.1361113114	-0.102097911	0.0365178882	0.0376977587	-0.1143063836	0.1029150916	0.0280452168	0.1681620981	-0.1434047845	0.059317304	0.0407676981	-0.0058617594	0.0476224943	-0.0521522419	-0.0604511566	-0.0999965967	0.0063389833	-0.0216368423	0.0214720456	-0.0123313427	-0.00753126	-0.0263414567	-0.0316134667	0.0544239699	0.0724320391	0.1407816858	-0.0149596025	-0.0819825901	-0.0696143033	-0.0335887374	-0.2181377614	-0.0086430746	0.0807033638	-0.0888158214	0.0368596162	0.119164558	0.0105041304	-0.0672118967	0.0248691055	0.1963035263	0.0650966206	0.0761559464	-0.0505220403	0.0601146022	0.1397382016	-0.0701782278	0.0200851395	-0.0163893715	-0.1116291493	0.0790609281	-0.0473146818	-0.03662378	0.2073114745	0.0560618076	0.0020271535	0.0303242917	0.0577817125	0.0160864738	-0.006790741	0.212322608	-0.0225779345	-0.0244503072	-0.0528746959	-0.0121775407	0.0303774486	-0.0556043104	0.1819098794	-0.0195487513	-0.0617686612	-0.0048998627	-0.0718636566	0.0042358594	-0.0673942666	0.0286734105	0.0568355436	0.0330096699	-0.0078443347	-0.0152592699	-0.1251271724	0.1134548014	-0.0948006283	0.0703125971	0.0313169842959837	-0.004834349548659	0.0009807535053948	2.3370935558620437e-05	0.033896026539594	-0.0097399215767239	9.486607232073184e-05	0.0011489406151728	0.1036422008050976	0.0029293305463653	8.580977449868873e-06	0.0107417057877241	-0.0065493400937979	-0.000539140408894	2.906723805024969e-07	4.2893855664228685e-05	-0.0019540928328192	0.0002056654562605	4.22982798988397e-08	3.818478799275366e-06	0.0012431150684985	9.092067249994244e-08	1.5453350735280303e-06	8.266568687841787e-15	0.0	0.0	0.0	0.0	0.0	0.0	0.0	0.0	0.0
926.7229357873084	-0.4251983987647918	0.1807936783121429	858815.3997142478	1066.7044216337658	-4.649867527068636	21.621268019287395	1137858.323133027	826.623042393711	-0.3296247978042856	0.1086525073275162	683305.6542162349	843.2806865910248	730.8728910509468	0.924126	15.287055	0.0656079599776686	0.0355306344162384	0.0005141285	-0.0961106979	0.0629254223	0.0823923595	-0.0444269668	0.0352573876	-0.0902693482	-0.0037772272	-0.0452921503	0.0280597897	-0.1280514031	0.0621876574	0.0171189724	-0.028924282	0.0422622783	0.0109962828	-0.0570892006	-0.1162370065	0.0328891793	0.1352420996	0.0954509143	0.0689779255	0.1356090668	-0.0643079813	0.0850770824	-0.0354225529	0.0780520527	0.061551394	-0.0816033578	0.0577131903	0.0547512266	0.0281312255	0.1091613439	-0.0869927923	0.0693355144	-0.1283082637	-0.0807611838	0.095876702	-0.0139195778	-0.0608386827	-0.10702012	0.0488876892	-0.0999596633	-0.1105404293	-0.2103757242	-0.0384776831	-0.053822989	0.0357765185	-0.132870784	-0.0463795356	-0.0518191733	-0.0778868754	0.0426576171	-0.0561039392	0.0112796378	0.0598662884	0.036468186	0.1006042082	0.0907288464	0.0588742383	0.0695908164	-0.1066527667	0.1072352315	0.0503861192	-0.1146353964	0.0457165012	0.1323993702	0.0471074537	-0.0026308703	0.023955738	-0.0047318309	-0.0402674277	-0.0258732051	0.1513695274	-0.0482103764	0.1096532624	-0.0178611077	0.0932533085	-0.0168157768	-0.0750951583	0.1454500143	0.0257237101	-0.1155432623	0.0405468888	0.0753663313	-0.0041943965	-0.0937301903	0.0264190148	0.0073208891	-0.013552822	-0.0203036821	0.061569927	-0.0118135578	0.1870647799	-5.88531e-05	0.0358070593	-0.0719873356	-0.0100975575	0.0116328357	0.058705738	0.1756164283	0.0002409562	-0.0727600238	0.0250898817	-0.0725466836	0.0413806861	-0.1298660374	0.0241078028	0.0891306392	-0.0029326406	-0.0496921017	0.0548604966	-0.1259161521	0.1165232592	-0.1013839798	0.0812449131	0.0559080154425117	0.0245910311465279	0.0031257061907201	0.0006047188128495	0.0219630973440274	-0.0119329291955665	0.0001423947991864	0.0004823776449432	0.1056990729665017	0.002056872161404	4.230723088359172e-06	0.0111722940259778	-0.006954773493157	-0.000405433399359	1.643762413158753e-07	4.8368874341119215e-05	-0.0020878445868961	-0.0001337517540768	1.788953171864753e-08	4.359095019031346e-06	0.0012417576724511	-1.357396047399961e-06	1.5419621170911737e-06	1.8425240294970373e-12	0.0	0.0	0.0	0.0	0.0	0.0	0.0	0.0	0.0
926.6579294204504	-0.0650063668580287	0.0042258277320806	858694.9181577964	1064.8457968575617	-1.858624776204124	3.4544860587198296	1133896.5710852155	826.6964869114096	0.07344451769859	0.0053940971799785	683427.0814716663	843.2554285145139	728.1813751631645	0.86129	14.247615	0.0436129137707454	0.0223557305360448	-0.0038322466	-0.096769628	-7.28974e-05	0.1008283708	-0.0494422039	0.0420692255	-0.021212724	-0.0039529212	0.0150676148	0.004672364	-0.2040853714	0.0768093158	0.0482778	-0.0752236104	0.064090845	-0.0490345782	-0.0538574456	-0.0885787902	0.0267294289	0.1376514442	0.061711162	-0.007132169	-0.06278237	-0.0857158634	-0.0447649024	-0.0734692798	-0.1229450613	0.1966471521	-0.0121592439	-0.0315137671	-0.0236041788	-0.1237205868	-0.0196649012	0.0029037525	-0.0891195689	0.0470511043	-0.0204048856	0.0626725197	-0.0582759339	0.0192748964	-0.0768077538	0.0464365861	0.0768254005	0.1127282408	0.0022085574	-0.0866178433	-0.0165778072	0.0271091308	-0.063578638	0.0859195546	0.0168436319	-0.0758214623	0.0679826219	-0.0575161998	0.0775125948	0.0923149589	0.036308796	0.1265569154	0.1020716608	-0.0495183808	0.0578598132	0.0197068069	0.1016899105	0.0380470885	0.0772135649	-0.08125403	0.0270958549	0.0262824373	-0.0084230327	-0.0341662168	-0.0077231961	0.1663481405	-0.0223644268	-0.0523622732	-0.0031340465	-0.1314369086	-0.0449553927	0.026730833	-0.0103808891	0.120811938	-0.0078982253	0.0333251288	-0.1577636843	-0.0470497812	0.0183766105	-0.1013240236	-0.0052577788	0.0275779694	0.0074704857	-0.0286715674	-0.0371011255	0.1241127653	-0.0550498779	0.0881158225	0.126203412	0.0838905529	-0.0873512362	0.0513670431	0.0469603504	0.1004192245	0.0805010965	0.0139756919	-0.0120886895	0.0219223138	-0.0180073236	0.1073067814	-0.0920420383	-0.0913195876	-0.052405688	-0.1389659462	-0.0715358371	-0.0039633479	-0.1266188352	0.1192723348	-0.1073422654	0.0912870929	0.038593446273893	-0.0173145691686186	0.0014894540952958	0.0002997943054948	0.021873003609528	-9.00937344994017e-05	8.116880996048683e-09	0.0004784282869024	0.1029000739777643	-0.0027989989887374	7.834395338953035e-06	0.0105884252246293	-0.0067380295968411	0.0002167438963158	4.697791659019728e-08	4.540104284790664e-05	-0.0021618080855516	-7.396349865549995e-05	5.470599133362142e-09	4.6734141987562734e-06	0.0014192353150575	0.0001774776426064	2.0142288795063613e-06	3.1498313625125064e-08	0.0	0.0	0.0	0.0	0.0	0.0	0.0	0.0	0.0
926.996826768028	0.3388973475775856	0.1148514121951228	859323.1168379933	1068.4481462751116	3.602349417549931	12.976921326122326	1141581.4412787224	826.6133281690959	-0.0831587423136852	0.0069153764231939	683289.5943067895	843.3216382786718	724.9965798987139	0.840843	13.909365	0.0424061013859808	0.0204735776841338	-0.0140279576	-0.0584403554	-0.0653781998	0.0593151832	0.0305191493	0.0247394744	0.0157909208	-0.0474108706	0.0035014304	-0.0242812399	-0.0825691176	0.0161965649	0.0830870698	-0.1953637309	0.0534149925	-0.1233904415	0.0162510651	-0.0991678455	0.0066206111	0.0808643882	0.0011806148	0.0047853003	0.0638579395	-0.1294343893	0.1045519212	0.0348601028	-0.1805709829	-0.0458336939	-0.0915149204	0.0807951046	-0.0515254406	-0.1097331599	-0.0059889139	0.0652756134	-0.040598229	0.006904312	0.0268698896	-0.0352273439	0.0388988177	-0.0866264894	0.2537827087	0.0554137716	0.0834964242	0.1566015417	-0.1031007196	0.0009826788	0.0640991866	-0.1423008332	0.1610387441	0.0721119612	0.0206981345	0.0189604704	0.0671791129	-0.0489108621	0.1098236157	-0.0092876819	0.0124802717	0.1155997898	0.0034745932	-0.0875179697	0.0970144482	-0.0002935258	0.1388327925	-0.1118949307	0.058630584	0.0216898304	-0.0357885533	-0.0283478568	-0.0635632253	0.100310629	0.1299794818	-0.0115679636	0.0272310494	-0.0346959613	0.1050394937	-0.0360093409	-0.071688607	0.006135061	-0.025460293	0.1348220236	-0.0563764237	-0.1051184961	0.1910297416	0.1432243983	-0.0049173078	0.0462039406	0.0990224699	-0.022320677	-0.0021887675	-0.0348149074	-0.0145729462	0.111786666	-0.1170652693	-0.0053997502	0.1295040842	0.0572775908	-0.0198615895	0.0067555039	-0.0030917429	0.1496414796	0.087082254	-0.0524737816	-0.0238804532	-0.0650469162	-0.1355244117	0.0481999418	0.036111592	0.008063138	-0.0476774978	-0.2461037017	0.0980412218	0.0963849606	-0.1272347401	0.1216944932	-0.1126387502	0.1003291122	0.0253479121613509	-0.0132455341125421	0.0006425166509395	0.0001754441739265	0.0218331457523532	-3.985785717480067e-05	1.5886487785668091e-09	0.0004766862534434	0.1093118296633832	0.0064117556856189	4.111061097206629e-05	0.0119490761043565	-0.0066353210257896	0.0001027085710515	1.0549050567441091e-08	4.402748511528555e-05	-0.00198664743201	0.0001751606535415	3.068125454912039e-08	3.946768019111928e-06	0.0012429254650377	-0.0001763098500198	1.5448637116391827e-06	3.1085163214004415e-08	0.0	0.0	0.0	0.0	0.0	0.0	0.0	0.0	0.0
928.1386721577942	1.1418453897662175	1.3038108941303652	861441.3947548333	1070.736813499814	2.2886672247022943	5.237997665426502	1146477.3237837353	827.0755897107454	0.4622615416494682	0.213685732888143	684054.0310953772	843.841716236662	726.704135064591	0.863112	14.277757	0.0160849952898896	0.011965133182017	-0.0245369099	0.0004278306	-0.076392244	0.0445182669	0.0399427002	-0.0147504894	0.0623816746	-0.0312951276	0.0141091847	-0.0648838715	0.0141913494	0.0927149682	0.0475551478	-0.1156538328	0.0446848947	-0.0716367984	0.0534647336	-0.0796741922	-0.0230176094	-0.0113078891	-0.0354058501	-0.0048600204	0.0459420024	-0.0973513975	0.128976967	0.0346021106	-0.0744190667	0.0801522328	-0.0699960922	-0.0938470125	0.0880447384	0.0704725339	-0.0160469601	-0.1042994181	-0.0851299669	0.016598211	0.0873024204	0.0610261672	0.1475251737	-0.065019578	0.0381014333	-0.051523321	0.1144653994	-0.0439720277	0.0745323438	0.0825384224	0.1145144268	-0.0217105906	-0.1633115454	0.0946689181	0.2130813029	-0.0445448619	0.0542531567	-0.0212108733	0.07343535	-0.068089128	0.023741254	0.0738775882	-0.0307064297	-0.0451909887	0.0847785691	-0.0584918502	0.0966574011	-0.0946958252	0.0639698364	-0.0852673649	-0.0438974118	-0.0137646709	-0.087559607	0.0436779562	-0.0046222294	0.0166506828	-0.0203483332	-0.0067772062	-0.0520917532	0.0566692208	-0.0001174478	-0.0722251983	-0.1853017355	0.0342950194	0.0591492853	-0.055172519	0.0775241672	-0.0412894653	-0.050893581	0.1149390697	0.033680997	0.1314628139	-0.0152069624	-0.0183883016	0.0189242907	0.0744459878	-0.0958681469	-0.0612046664	0.1439082355	0.0370650403	-0.0199805812	-0.0130842755	-0.0511830931	0.0644125649	0.0761996744	0.027996081	0.0501222202	-0.0387903659	-0.0901447405	0.0855120344	0.0589431653	0.0135172402	-0.1254236597	-0.121171015	0.0121862023	0.0517390304	-0.1277634447	0.1237830955	-0.1172407796	0.1082719048	0.0253184704521629	-2.944170918800157e-05	0.000641024946037	8.66814239910856e-10	0.0219046935721536	7.154781980040284e-05	5.119090518190917e-09	0.0004798156004899	0.102990744204817	-0.0063210854585661	3.995612137449693e-05	0.010607093391862	-0.0066354435607447	-1.225349551001523e-07	1.5014815221396336e-14	4.402911124782831e-05	-0.001794647931723	0.0001919995002869	3.68638081104577e-08	3.220761198837642e-06	0.0012440618358423	1.1363708046000214e-06	1.5476898513993135e-06	1.2913386055472998e-12	0.0	0.0	0.0	0.0	0.0	0.0	0.0	0.0	0.0
927.959408088624	-0.1792640691702445	0.0321356064954742	861108.6630601893	1068.2633713010755	-2.4734421987384394	6.117916310500045	1141186.6304635394	827.2842104291426	0.2086207183972419	0.0435226041445813	684399.16482537	844.2019170540773	727.0998862217767	0.8745429999999998	14.466838	0.0270360382359516	0.0191086632345335	-0.0112703473	0.063504327	-0.0698661111	0.0028849069	0.0670252337	-0.0154104849	-0.0104468132	0.0628437431	0.0849612769	-0.0952429215	0.0701146645	0.0814342192	0.0412246213	-0.0204893693	-0.0105120015	-0.0338526663	0.0727896515	-0.0211364407	0.0440448328	-0.1754454941	-0.0788449579	0.0919514854	-0.0226465021	-0.1334610579	-0.1078185485	-0.0178790008	-0.0214544165	-0.0364581599	-0.0910751106	-0.0325144671	0.0249528467	-0.0316541977	0.069395813	0.0942515682	0.0273620567	-0.0878090852	0.001953683	0.2025423694	0.1618025695	-0.0373652385	0.0206615716	0.0254319748	-0.0022558099	-0.2452658022	-0.051650962	0.012975947	0.040632032	0.0405259603	0.0595879699	0.0047850711	-0.0937056963	-0.1036632591	-0.0024392977	-0.0212032857	0.0548646478	-0.0803276627	0.0565556404	-0.0635583422	-0.1627166895	-0.020167514	-0.0622354236	0.0229747461	0.1013029989	0.0440758085	-0.0105526146	-0.0207638224	0.0213269876	0.060094488	0.0300884166	0.1125471078	-0.0322327332	-0.0342342196	-0.1211603174	0.0334218271	0.0194314696	0.1889569068	0.1127829985	-0.0259095991	-0.1178785851	0.0907849855	-0.0333286617	0.0135164206	-0.1507106574	0.0172638886	0.0648682459	0.1575577333	-0.0413048804	-0.1061278456	-0.0106765033	0.002794274	0.063000062	0.0132559289	-0.0954739777	-0.05903725	0.0723707931	-0.0145603972	0.0514880261	-0.076346997	-0.0618750689	-0.0189059595	0.1158268568	-0.1026042778	0.0276744152	-0.0290979745	-0.0939436328	0.0032974125	0.0982139506	0.0413251196	0.0503685896	-0.0696512378	0.055752124	-0.0032918357	-0.1282045865	0.1255324169	-0.1211199807	0.1150284477	0.0252561458854785	-6.232456668439981e-05	0.0006378729049885	3.884351612398199e-09	0.0251768136430285	0.0032721200708748	1.0706769758222358e-05	0.0006338719452157	0.1018704574314597	-0.0011202867733573	1.2550424545593258e-06	0.0103775900972948	-0.0066147847978298	2.0658762914900312e-05	4.267844851740604e-10	4.375537792160023e-05	-0.0021599238440346	-0.0003652759123115	1.334264921150715e-07	4.665271012029203e-06	0.0011783703745681	-6.569146127419993e-05	1.3885567396597644e-06	4.315368084339708e-09	0.0	0.0	0.0	0.0	0.0	0.0	0.0	0.0	0.0
928.651624653732	0.6922165651080832	0.4791637730100331	862393.839972016	1068.730966477167	0.4675951760914358	0.2186452487039809	1142185.8787072194	827.2805449588009	-0.0036654703417298	1.3435672826100889e-05	684393.1000673305	843.8630698614666	726.5507814108482	0.9372990000000002	15.504964	0.0464298317298625	0.0239472401861896	-0.0482218947	0.0511431259	-0.0662368012	0.0578511419	0.0790965334	-0.0057245625	0.0777692262	0.0435773311	-0.0071475541	-0.1347342789	0.118438257	0.1058655712	0.0703874015	-0.0211497969	-0.0154978035	-0.0801913045	0.0383710194	-0.1337211069	-0.0098703254	-0.1003400296	-0.0905823619	0.0218600945	0.0627493156	-0.0787951897	0.0985296058	-0.0346174068	-0.0797061621	-0.0777426451	-0.092170561	0.1003451679	-0.0070772056	0.0798996021	-0.0429652854	0.051783307	-0.0702581952	-0.0138223493	0.0620124892	-0.1489232719	-0.1146832217	0.0287423135	0.096046738	-0.0131785192	0.0529253997	-0.0871606857	0.0385504861	0.0284422469	0.0518360471	0.1558198933	0.0301690799	-0.094874211	-0.0142987257	0.0286367935	-0.0113220678	-0.0742512937	0.0475501708	-0.104591858	0.0043364485	0.0753203116	-0.1262953941	-0.0199466971	0.0730734908	-0.0658407157	0.0206474957	-0.0446897813	0.0511291452	-0.0822157558	-0.1123040093	0.0394759609	-0.038968165	0.1574720744	-0.0469958936	-0.1500342084	-0.0464889592	-0.056092328	-0.0040681976	-0.0423889514	-0.0052552894	0.0062241968	0.0766634138	0.0012453655	0.045771197	-0.0914896501	0.0611680648	0.0617327868	0.0812684377	-0.0838500236	-0.1059229795	-0.145061413	-0.0349775107	0.0092629645	0.0742891515	-0.0312496597	-0.0563207418	-0.0851631431	0.0935524589	0.0023818994	-0.0883921571	-0.090086778	-0.049525255	0.0133219139	0.0066647428	0.1433295747	0.0115599681	-0.0388921989	-0.1109262363	0.0284679528	0.0861153075	0.1183193383	-0.1010960091	0.0909410496	-0.1542295048	0.0028786717	-0.1285578634	0.1269376627	-0.1242524367	0.1205247148	0.0434911941400599	0.0182350482545813	0.0018914839677283	0.0003325169848469	0.0220827437456847	-0.0030940698973438	9.57326852964908e-06	0.0004876475713375	0.0959544167633623	-0.0059160406680973	3.499953718658226e-05	0.009207250096397	-0.0066668866535361	-5.21018557062998e-05	2.714603368040085e-09	4.4447377651097775e-05	-0.0018931657348071	0.0002667581092274	7.115988883863075e-08	3.5840764994477066e-06	0.0012432038678311	6.483349326299992e-05	1.5455558569902072e-06	4.2033818486834575e-09	0.0	0.0	0.0	0.0	0.0	0.0	0.0	0.0	0.0
928.0734424032514	-0.5781822504806087	0.3342947147708213	861320.3144942212	1070.9122120085217	2.1812455313547616	4.757832068055117	1146852.965828985	827.2632426123262	-0.0173023464747075	0.0002993711935308	684364.4725774605	844.3419554898452	729.238797415587	0.967963	16.012218	0.1144570890964379	0.0623135049428836	-0.0702280855	0.0594803007	-0.0734293234	0.0384650321	0.0921008249	-0.0812046366	-0.0154621098	0.0643427025	-0.0311579232	-0.0014838504	0.078560738	-0.0228848839	0.1497126686	0.0963818234	-0.0635721	-0.0537103613	0.0691995601	-0.029095865	0.0713971373	-0.1252530591	-0.036753289	0.085879414	-0.1205616707	0.0042836073	-0.012573997	0.018926836	0.1044739932	0.0485293662	0.0659255849	-0.0630026822	-0.0742269743	-0.0749675863	-0.0239814743	0.0741535741	0.0126081434	0.0402819062	-0.048325327	-0.1841440067	-0.0235840021	-0.0581213354	-0.0462995088	-0.0712473273	0.0575214261	0.07230776	0.0525091564	0.0653612508	0.0159929198	0.0190389851	0.0098400142	-0.0441584288	0.0109756664	0.0126501101	-0.0707960286	-0.0700731148	0.0413977918	-0.0607601528	0.0736874739	-0.0858266473	-0.0953626375	0.0396838793	-0.1112322499	0.0059894262	-0.018126255	-0.0339101628	0.0337288947	-0.0735124846	0.0509706469	0.0417185023	0.0131717276	-0.0693800175	-0.0413180512	-0.0106214432	-0.0769651518	-0.08242382	-0.0291699965	-0.1915297547	0.0678647305	0.0742515536	0.0195215066	-0.0259313125	-0.0022681486	-0.044603723	0.1144589998	-0.0878425563	-0.0446342941	-0.0662731483	0.0466979939	0.0787619775	-0.0666623369	0.0120005188	0.1087911464	-0.095470234	-0.0620972838	-0.0206671691	-0.0048240589	0.0306056008	-0.0156443539	-0.1021309573	-0.0319261233	-0.0188898617	-0.0655892717	-0.0966287685	-0.032904588	-0.0026418625	0.0092854952	-0.0452350071	0.0477261603	0.0587668585	0.1029480732	0.1013754996	-0.031487553	-0.0035054671	-0.1288230331	0.1279949812	-0.1266188352	0.124700488	0.0327086516382166	-0.0107825425018432	0.0010698558919902	0.000116263222804	0.0156531131310941	-0.0064296306145905	4.1340149840080685e-05	0.0002450199506948	0.0652796986881583	-0.030674718075204	0.0009409383289932	0.0042614390608167	-0.0057751296835183	0.0008917569700178	7.952304935753276e-07	3.335212286145417e-05	-0.0014581159916033	0.0004350497432038	1.8926827906169238e-07	2.1261022449692746e-06	0.0012478011127055	4.597244874400119e-06	1.5570076168690842e-06	2.1134660435198158e-11	0.0	0.0	0.0	0.0	0.0	0.0	0.0	0.0	0.0
926.3449243640322	-1.7285180392192387	2.987774611906322	858114.9188950045	1071.0029548160614	0.0907428075397547	0.0082342571201969	1147047.3292247346	827.1311587699184	-0.1320838424077237	0.0174461414251884	684145.9538080681	844.1681576776672	725.1228226206638	0.952323	15.753489	0.0442057940596314	0.0209051611418181	-0.0654409218	0.0870975013	-0.0687153689	-0.0225673277	0.0676236918	-0.045974109	-0.0281432284	0.1526309836	0.0172478661	0.0439691106	0.0048808479	0.0331526947	-0.0213692733	0.1941233693	-0.0918880519	-0.0339250135	0.0866449336	0.0659622489	0.0665431331	-0.0169334245	-0.0848648198	0.0797160186	-0.1349390362	-0.0336845513	-0.093612163	-0.0165604666	0.1362469143	0.0325772972	0.0753715035	-0.0292061422	0.0327632	-0.0295040205	-0.0040809318	0.005806958	-0.1387465691	0.1605092078	0.0305002192	-0.0203677989	-0.0553983052	-0.0703972771	0.0428544511	0.0142812008	0.0078707664	-0.1023041929	0.0217063384	-0.099328784	-0.2127776155	-0.0164408096	0.0270177053	0.0775632592	-0.0059007236	0.1303429177	-0.093617648	0.0109403844	0.0797490101	-0.0094846557	0.0449007228	-0.0509950307	-0.0488421457	0.0483394203	-0.1501514586	0.0488611356	-0.0354793548	-0.0070088088	-0.0583539507	-0.1746367761	-0.0590760363	0.0602190131	0.0764154609	-0.0762691205	-0.0614373217	-0.0007845263	0.0577248183	-0.038039661	-0.0241304247	-0.1811434148	-0.0486702166	-0.049229922	-0.0231386284	0.0925470648	-0.0435507984	0.0420181506	-0.058602843	-0.0326832176	0.02674246	0.1276144215	-0.1292376551	-0.0087787968	-0.0614887139	0.0141421166	0.0857179133	-0.0803194275	-0.0322385516	-0.0304315526	-0.0868817529	0.1013019487	-0.0222236419	-0.0281488843	-0.0265872515	-0.0896715858	-0.0794059121	-0.0736993489	-0.1945441302	0.1452071166	-0.0145245156	-0.0595737806	-0.1198684566	0.0045680888	0.0700663188	0.1537554706	-0.0147870034	0.0228507484	-0.1289999139	0.1287014744	-0.1282045865	0.1275100165	0.0408043496391599	0.0080956980009433	0.0016649949494748	6.554032612247733e-05	0.013075274381336	-0.0025778387497581	6.645252619754405e-06	0.0001709628001472	0.0610352358332733	-0.004244462854885	1.801546492649859e-05	0.0037253000132232	-0.0059988642516186	-0.0002237345681003	5.00571569630278e-08	3.598637230934758e-05	-0.001549070510894	-9.095451929069992e-05	8.272724579402305e-09	2.399619447721398e-06	0.0015188679143954	0.0002710668016898	2.306959741379832e-06	7.347721097839154e-08	0.0	0.0	0.0	0.0	0.0	0.0	0.0	0.0	0.0
928.0392540347402	1.6943296707080435	2.8707530330416278	861256.8570293571	1069.3815890720912	-1.6213657439702729	2.6288268757202764	1143576.9830463508	827.497930316673	0.3667715467545349	0.134521367508714	684752.8246783774	844.2770134515217	726.6096935370801	0.855064	14.144621	0.0917125468698791	0.0396859640434143	-0.0852873291	0.0565545109	-0.0307038118	0.0141205543	0.1065728894	-0.0611726434	-0.0087248686	0.0532698339	-0.0166002223	0.0006307019	-0.07525164	0.0961564309	0.0200412049	0.0934898944	-0.0927362876	-0.0208931394	0.0679900749	0.0710064255	0.08361212	0.0229237021	-0.0730408712	0.1273154682	-0.0032736522	0.1757519375	-0.1212926857	0.0316463868	-0.0590110247	-0.0818998951	0.1203646782	0.0595677553	0.0224111437	0.1273922925	-0.0314046916	0.0069739232	0.0633266805	-0.0070329289	-0.0202334128	0.0588742033	-0.1118048307	-0.0864613166	-0.0249631746	-0.036511295	0.0437833283	0.0287547339	0.0815811933	0.0780061603	-0.1471246731	0.0443476525	-0.0769107278	0.028500372	0.1620831311	0.0422692956	-0.090491446	0.0106417642	0.0706397269	0.0328138984	0.0379686711	-0.0050552039	-0.0210097405	0.087524434	-0.1336508268	-0.0273591607	-0.0903953413	0.0486622677	0.0550745312	0.0278125877	-0.0171548745	-0.0563631472	0.1096630178	-0.07148784	0.0293260145	-0.1671738562	0.0017706537	-0.0804728294	0.0649873664	0.0409254888	0.0207887864	-0.1084615117	0.1359587408	0.0326093024	0.0423731514	0.0051121782	-0.0536160771	-0.1011165653	-0.1522983409	0.0240262783	0.0411135681	0.008229176	-0.0880051869	-0.0068226404	0.1133281628	-0.0891653469	-0.0317203917	-0.0104757797	-0.0793175844	0.0713643592	-0.1061127186	-0.0367873587	0.0184318515	-0.0164374506	-0.120541438	0.0036065551	-0.0941113581	0.0829316927	-0.0518737721	-0.0589916953	-0.0553249194	0.0061672277	0.0344245948	0.2032189734	-0.1779181214	0.0329375686	-0.1290883846	0.1290552057	-0.1289999139	0.1289225186	0.0569424380329053	0.0161380883937454	0.0032424412491312	0.0002604378970043	0.0230888668919959	0.0100135925106599	0.0001002720349695	0.0005330957743563	0.0387059654815544	-0.0223292703517188	0.0004985963144401	0.0014981517638592	-0.0057387766204134	0.0002600876312052	6.764557590593218e-08	3.293355709900344e-05	-0.0011662308532158	0.0003828396576781	1.465662034911613e-07	1.3600944029924528e-06	0.0012971632910037	-0.0002217046233917	1.6826326035275497e-06	4.9152940033255576e-08	0.0	0.0	0.0	0.0	0.0	0.0	0.0	0.0	0.0
