global_signal	global_signal_derivative1	global_signal_derivative1_power2	global_signal_power2	csf	csf_derivative1	csf_derivative1_power2	csf_power2	white_matter	white_matter_derivative1	white_matter_derivative1_power2	white_matter_power2	csf_wm	tcompcor	std_dvars	dvars	framewise_displacement	rmsd	t_comp_cor_00	t_comp_cor_01	t_comp_cor_02	t_comp_cor_03	t_comp_cor_04	t_comp_cor_05	t_comp_cor_06	c_comp_cor_00	c_comp_cor_01	c_comp_cor_02	c_comp_cor_03	c_comp_cor_04	c_comp_cor_05	c_comp_cor_06	c_comp_cor_07	c_comp_cor_08	c_comp_cor_09	c_comp_cor_10	w_comp_cor_00	w_comp_cor_01	w_comp_cor_02	w_comp_cor_03	w_comp_cor_04	w_comp_cor_05	w_comp_cor_06	w_comp_cor_07	w_comp_cor_08	w_comp_cor_09	w_comp_cor_10	w_comp_cor_11	w_comp_cor_12	w_comp_cor_13	w_comp_cor_14	w_comp_cor_15	w_comp_cor_16	w_comp_cor_17	w_comp_cor_18	w_comp_cor_19	w_comp_cor_20	w_comp_cor_21	w_comp_cor_22	w_comp_cor_23	w_comp_cor_24	w_comp_cor_25	w_comp_cor_26	w_comp_cor_27	w_comp_cor_28	w_comp_cor_29	w_comp_cor_30	w_comp_cor_31	w_comp_cor_32	w_comp_cor_33	w_comp_cor_34	w_comp_cor_35	a_comp_cor_00	a_comp_cor_01	a_comp_cor_02	a_comp_cor_03	a_comp_cor_04	a_comp_cor_05	a_comp_cor_06	a_comp_cor_07	a_comp_cor_08	a_comp_cor_09	a_comp_cor_10	a_comp_cor_11	a_comp_cor_12	a_comp_cor_13	a_comp_cor_14	a_comp_cor_15	a_comp_cor_16	a_comp_cor_17	a_comp_cor_18	a_comp_cor_19	a_comp_cor_20	a_comp_cor_21	a_comp_cor_22	a_comp_cor_23	a_comp_cor_24	a_comp_cor_25	a_comp_cor_26	a_comp_cor_27	a_comp_cor_28	a_comp_cor_29	a_comp_cor_30	a_comp_cor_31	a_comp_cor_32	edge_comp_00	edge_comp_01	edge_comp_02	edge_comp_03	edge_comp_04	edge_comp_05	edge_comp_06	edge_comp_07	edge_comp_08	edge_comp_09	edge_comp_10	edge_comp_11	edge_comp_12	edge_comp_13	edge_comp_14	edge_comp_15	edge_comp_16	edge_comp_17	edge_comp_18	edge_comp_19	edge_comp_20	edge_comp_21	edge_comp_22	edge_comp_23	cosine00	cosine01	cosine02	cosine03	trans_x	trans_x_derivative1	trans_x_power2	trans_x_derivative1_power2	trans_y	trans_y_derivative1	trans_y_power2	trans_y_derivative1_power2	trans_z	trans_z_derivative1	trans_z_derivative1_power2	trans_z_power2	rot_x	rot_x_derivative1	rot_x_power2	rot_x_derivative1_power2	rot_y	rot_y_derivative1	rot_y_derivative1_power2	rot_y_power2	rot_z	rot_z_derivative1	rot_z_derivative1_power2	rot_z_power2	motion_outlier00	motion_outlier01	motion_outlier02	motion_outlier03	motion_outlier04	motion_outlier05	motion_outlier06
939.9437785478382	n/a	n/a	883494.3068307874	1210.4115358988445	n/a	n/a	1465096.0862369996	862.1126330429248	n/a	n/a	743238.1920522047	953.2180817227214	796.4773231340691	n/a	n/a	n/a	n/a	-0.0129266328	0.0762125602	-0.0052817957	0.0334051724	-0.0648387758	0.1451379113	-0.1060869179	0.2384676809	-0.0487273015	0.0018294419	-0.0197786468	0.2564310014	-0.2077721999	-0.3268239785	0.4949235655	-0.2495054289	0.0551637777	-0.1271848818	0.0379671235	-0.1488536731	0.0247114771	-0.0061191693	0.0869517547	-0.0977807363	0.1400778746	-0.0175821306	0.0412427012	-0.1141421364	0.0385799625	-0.0093728388	0.094391945	-0.0816770862	0.0804557113	-0.0386618129	0.1463812687	-0.0707012111	0.0891359538	-0.2051375742	0.1162954537	-0.0663028096	0.0902304558	0.037940906	-0.1168029945	-0.016198162	0.0853109806	0.0161214548	-0.1060867584	0.1040972552	0.0288223158	0.0164046493	-0.0060187039	-0.0639844925	-0.1115076694	0.1127974256	-0.1282856185	0.1392189843	-0.1570195085	0.0207286535	-0.0213530591	0.0773489016	-0.0263357381	0.1005053974	-0.061862759	0.361401331	-0.2248519124	0.0988097024	-0.0988924057	0.1939388098	-0.3262392581	0.2494414018	-0.0893995301	0.1593295432	-0.1621795273	0.0676456603	-0.2154970557	0.0225193369	-0.0661302255	0.0780272094	-0.1741660166	0.0408962493	-0.0034480298	-0.2239964349	0.0357572329	0.0004381541	-0.0003724108	-0.0037324037	-0.0783166671	-0.0811476044	0.0251733614	-0.0220110906	0.0462767042	-0.0546544049	0.0913242552	-0.050410786	0.1271899311	-0.1024242432	0.0244563911	-0.0053638622	0.06391757	-0.0987507266	0.0783126406	-0.0767910283	-0.0444269757	-0.0803844452	0.1155264127	-0.0457830471	0.1504783594	-0.1340779259	0.01916475	-0.0753191524	0.0490195905	0.1290883846	0.1290552057	0.1289999139	0.1289225186	0.0425165498070754	n/a	0.0018076570074975	n/a	-0.0389374551238717	n/a	0.0015161254115235	n/a	0.0725201163301392	n/a	n/a	0.0052591672725369	0.0007472855175435	n/a	5.584356447302567e-07	n/a	-0.0004019701037589	n/a	n/a	1.6157996431594082e-07	0.0014181507935722	n/a	n/a	2.0111516733094608e-06	0.0	0.0	0.0	0.0	0.0	0.0	0.0
938.1436761232756	-1.800102424562624	3.2403687389162377	880113.5570500933	1197.668897090814	-12.742638808030506	162.37484379192512	1434410.787058727	861.8173602500658	-0.2952727928590093	0.0871860222027594	742729.1624283917	950.2617251851892	779.9374003462107	1.239414	21.060755	0.0985228097503763	0.0453107490786449	-0.0211593668	-0.1090389638	-0.1169052222	0.0181605983	-0.0755453043	0.0118967122	-0.053503182	0.2104646014	0.0106654384	0.0209125683	0.0301979599	-0.0751939573	0.0990555337	0.0114809672	-0.2228453796	0.065912696	0.0497537388	-0.0752242863	-0.0915029863	-0.1322890636	-0.0431395105	0.0398556456	0.0076524123	-0.128256982	0.0913526266	0.0816460634	0.063958654	-0.0083220615	-0.0234376124	-0.0197856316	-0.0556717932	-0.0332426073	0.0133355466	0.1852696413	-0.068588874	0.0422830057	-0.051350866	-0.0072047653	0.1132260839	0.0587931534	-0.0479520216	0.0765352175	-0.123984228	0.1261552613	0.1531171551	-0.1259318418	-0.0470786771	0.1043789985	0.0191300818	0.1246268458	0.0509171314	-0.0052571062	-0.0995160317	0.2377962893	-0.1755661175	0.019137008	-0.0950368893	-0.015774089	-0.0288002886	-0.1087380247	-0.0040593059	0.0362474821	0.0061264327	-0.1037729306	-0.0103171312	-0.1227654307	0.0938188894	-0.1484793961	-0.0534812481	-0.043267977	-0.018663199	0.01763376	-0.1254263463	-0.0504183648	0.0471662241	0.1571537275	0.0274420824	0.1034478591	-0.1366532047	0.1823343626	-0.0532362584	0.1054297196	0.1227031541	-0.0183805326	0.0152047917	-0.137648812	0.1147316245	-0.0626625744	0.0254298129	0.0024745912	0.0474860845	-0.0651090134	0.0960608412	0.0586608582	-0.029367952	-0.0849436697	0.0222527774	-0.004813885	0.0370353135	-0.0374041054	-0.0170398751	-0.0480165565	-0.0005771291	0.0014446826	0.1035559385	-0.040198304	0.0919976986	-0.0590704478	-0.021920639	-0.031772048	-0.0141512459	0.1289999139	0.1287014744	0.1282045865	0.1275100165	0.0568190001117727	0.0143024503046972	0.0032283987737016	0.0002045600847183	-0.018563910926872	0.0203735441969997	0.0003446187889008	0.0004150813031471	0.0593217495807749	-0.0131983667493643	0.0001741968848507	0.0035190699733241	0.0010160810781132	0.0002687955605697	1.0324207572996829e-06	7.225105338197927e-08	-0.0005859958222391	-0.0001840257184802	3.3865465062153834e-08	3.433911036816789e-07	0.0019782984845086	0.0005601476909364	3.137654356613808e-07	3.913664893809024e-06	0.0	0.0	0.0	0.0	0.0	0.0	0.0
938.747595457258	0.6039193339823896	0.364718561957733	881247.0479767836	1199.9177996317546	2.248902540940662	5.057562638649367	1439802.7258731115	862.2124030295382	0.3950427794724191	0.1560587976132944	743410.2279379709	949.169094060908	786.8281663082477	1.171444	19.905783	0.0778949525906007	0.0399876024756603	0.1078925726	-0.0872618511	0.033706938	0.0785732159	-0.0298538373	0.0171191017	-0.1217281568	0.0741322305	0.1108688505	0.0999888699	-0.0184027785	-0.0819834043	-0.0730325873	0.1311655826	-0.05427126	-0.115801983	-0.0447168116	0.1098184449	-0.1383135655	0.0375161916	-0.0834822769	-0.0918102765	0.0095630256	-0.0825872526	0.0115113517	0.1475398467	-0.0226595064	-0.178334805	0.0941014906	0.0371714445	-0.2011771489	0.0045210154	-0.1186871377	-0.0357061297	0.0705797569	-0.1850414332	0.0419507514	0.1955923945	-0.0470365042	-0.0289925293	-0.1231941634	0.1360401818	-0.1000486137	-0.0813364083	-0.0047776	0.0788018846	-0.0169653195	-0.0204630048	-0.0248616323	0.0202963696	-0.0467465801	-0.082100758	0.056441964	-0.0724956412	-0.1115740597	-0.1447434456	-0.0067305526	0.035773144	-0.1052739707	-0.0530036431	0.08061457	0.0564102791	0.0588145962	-0.0879109328	-0.0313400343	-0.2120220555	0.0226785991	0.0545578724	0.115468084	0.093258469	-0.00361925	-0.0486585288	0.0966011132	-0.0744203972	0.0191731471	0.0644820544	0.1985055198	0.078744162	0.0336252099	-0.0216004992	0.2114649086	-0.1392200476	-0.1194877872	-0.0215781598	-0.1070643155	-0.044067555	0.0377486111	-0.0810106092	0.0079024829	-0.0383830883	0.054974298	-0.1270030435	-0.0078006925	0.0255012683	-0.0520495188	0.0048006212	-0.0033406733	0.0524505277	-0.0586908988	-0.044555477	-0.0358671615	0.009118555	-0.0563481628	-0.0370274148	0.0430421167	-0.0854088711	0.0592659271	-0.019776983	-0.0160869471	-0.0621501325	-0.0069322454	0.1288230331	0.1279949812	0.1266188352	0.124700488	0.054056352406576	-0.0027626477051966	0.0029220892355039	7.63222234302859e-06	-0.0225705916051026	-0.0040066806782306	0.0005094316054043	1.6053490057306438e-05	0.0306408474884065	-0.0286809020923684	0.000822594144832	0.0009388615348077	0.001331796556313	0.0003157154781997	1.7736820674071657e-06	9.967626317492833e-08	-0.0003518827581829	0.0002341130640562	5.4808926761782404e-08	1.238214755064053e-07	0.0016792325844685	-0.0002990659000401	8.944041256679523e-08	2.819822072740758e-06	0.0	0.0	0.0	0.0	0.0	0.0	0.0
937.4016199174812	-1.3459755397767594	1.8116501536773388	878721.7970239179	1195.3031590779622	-4.614640553792469	21.29490744070607	1428749.642101756	862.4325281036034	0.2201250740652085	0.0484550482322135	743789.8655311727	949.282658720608	781.0760052845475	1.146984	19.490145	0.0480076886277438	0.0268267741189434	0.101717588	0.0915240044	0.0298299557	0.013849645	-0.0290613689	0.0557936067	-0.1573224964	0.0659317295	0.1350742197	-0.1520209994	-0.0236795534	-0.0707276072	0.0163972768	0.0477222694	-0.0443909851	-0.0136768779	-0.0008105319	0.0669786824	0.0198196028	-0.0728576017	0.0341161689	-0.080207384	0.0910799488	0.0407301488	0.2071043981	-0.0976287086	-0.009999452	-0.0853394413	0.0184509966	-0.0484840068	0.0201985199	0.120316641	-0.0911725623	-0.0204966335	-0.043757645	0.0570857449	0.1695413615	0.0195807895	0.1493223736	0.2010573094	0.0534692129	0.0060168864	0.0593940044	0.0252109789	0.0263895282	-0.0250845487	0.0436017637	-0.1500952708	-0.1763136521	-0.0408222536	0.1138576146	-0.1773307065	0.0327146784	-0.0756065624	-0.0007211828	-0.0250124484	-0.1716506059	0.0996264699	0.0043501127	-0.0064182258	0.0681085026	-0.1103899051	0.0033730862	-0.0194465754	-0.0012369785	-0.078340253	0.1222157406	0.0270861534	0.0317484226	-0.1131678025	0.1331765293	-0.1413917508	0.0237570909	-0.0209396828	-0.0429429584	-0.0148439062	-0.0193303162	-0.1402067066	-0.0014063444	-0.0042642707	0.024007375	0.0164984308	0.076842234	-0.0060578131	-0.2176981336	-0.0648187959	-0.1187732819	-0.0743170001	-0.0060848717	-0.0067131241	0.0431881408	-0.0758516787	-0.0327158814	-0.0854163504	0.107080179	-0.013603914	-0.0180930903	0.0903953102	0.0614808361	-0.0306072001	-0.0265432935	-0.0122885227	-0.0382209293	0.0214712805	0.1002536307	0.0643925554	0.1389573741	-0.0715657635	-0.0430332186	0.0304781896	-0.0560378187	0.1285578634	0.1269376627	0.1242524367	0.1205247148	0.0541596233300367	0.0001032709234607	0.0029332647992514	1.0664883632427052e-08	-0.0165590954660075	0.0060114961390951	0.0002742036426523	3.6138085830355314e-05	0.0529272098650395	0.022286362376633	0.0004966819479826	0.0028012895440979	0.0013779781185454	4.618156223240013e-05	1.8988236951899205e-06	2.1327366902250462e-09	-0.0005082133902833	-0.0001563306321004	2.4439266532910617e-08	2.582808500632458e-07	0.0018688515739068	0.0001896189894383	3.5955361155602155e-08	3.492606205293924e-06	0.0	0.0	0.0	0.0	0.0	0.0	0.0
940.0006388048308	2.599018887349644	6.754899176800179	883601.20095349	1197.9931297302246	2.6899706522624456	7.235942110033247	1435187.5388808188	864.0018724077204	1.569344304116953	2.4628415448643235	746499.2355240467	950.7077132448668	787.3618237434451	1.239165	21.056522	0.0671169993437115	0.0352752035740249	-0.1032407965	0.0604643012	-0.103826636	-0.0097689794	-0.0753745858	0.0379587863	-0.0154798247	0.0812746805	-0.0718618319	-0.0918877523	0.0569053272	0.0239437912	-0.0474774708	0.1101897578	-0.0890258751	-0.0814926708	-0.0156486106	0.0198268721	0.0874670623	-0.0548482918	-0.064877373	0.0645738716	-0.0325106935	-0.0533032432	0.0758812386	0.043486851	-0.1420958155	0.0097130171	-0.0772712528	0.094703089	-0.0300817902	-0.1055869878	0.0097073542	0.0337367123	0.0331955837	-0.0552488639	-0.1274336248	0.0952952029	-0.0199296139	0.1090194012	-0.0894802465	-0.0593567054	0.2433038546	0.0030138859	0.0390055559	-0.0826608032	-0.0534536294	-0.2573975234	0.0248994632	-0.1516942614	0.0428577346	-0.0678685238	-0.0167068824	0.0124714613	-0.0177504299	0.0704570877	-0.1350581187	-0.0570537862	-0.0195015865	0.0110251939	-0.0460081753	0.0036470566	0.0729276601	-0.0517280359	0.0502497126	-0.0853064593	-0.0195590725	-0.1225803251	0.1878801352	0.0591138942	-0.0335290299	-0.1081176856	0.0278148932	-0.0002252697	0.0857088479	-0.0801701637	0.1602333411	-0.0674979963	0.0583887002	-0.0116398406	-0.070247559	0.0214563913	-0.0190708987	-0.0728047977	0.1360758164	-0.0744574255	-0.2180486564	-0.0497910529	-0.0178604833	0.0243803908	0.049794928	0.0468179794	0.0711394229	0.0087511051	0.0507348353	-0.0943631789	0.019977071	-0.0242770889	0.0246935527	-0.0471424477	-0.0222505807	-0.0240253375	0.0627298884	0.0129725395	-0.0012237352	-0.0617570143	0.0559553833	0.0736342405	-0.0807763719	-0.0342715537	-0.034050496	0.1282045865	0.1255324169	0.1211199807	0.1150284477	0.056902004598669	0.0027423812686322	0.0032378381273469	7.520655022545298e-06	-0.0135529887766807	0.0030061066893267	0.0001836835047808	9.036677427615323e-06	0.066223626989327	0.0132964171242875	0.000176794708343	0.0043855687716215	0.0009321935206837	-0.0004457845978617	8.689847600046719e-07	1.9872390769071763e-07	-0.0006039347396298	-9.572134934649996e-05	9.16257672071469e-09	3.647371697317143e-07	0.0022887875119279	0.000419935938021	1.7634619204166096e-07	5.238548274757106e-06	0.0	0.0	0.0	0.0	0.0	0.0	0.0
939.3944310725468	-0.6062077322840196	0.3674878146809335	882461.8971301139	1202.0202680734487	4.027138343224124	16.21784323546594	1444852.7248593655	862.621098481939	-1.380773925781341	1.906536634117616	744115.1595461871	951.6224086736688	788.8359685881721	1.274873	21.663298	0.0731744442808811	0.0351956607919371	-0.0152148711	-0.116894475	-0.0548798626	0.0511319865	0.0867744913	-0.0009992565	-0.0092125667	0.069819374	-0.0072491455	0.061605202	-0.1132894276	-0.0602429062	0.048175159	-0.0555090488	-0.1062345876	0.0586684312	0.0103117939	-0.0051094807	-0.1744993474	-0.0556563907	-0.0868660202	0.0158136827	-0.0795045712	-0.0190658953	0.0151668493	-0.02073915	0.0434568263	-0.1002488753	0.0636541398	0.1982580502	0.1429946343	0.0141598787	0.0232724508	0.0619819644	-0.0840542122	0.037360826	0.0387209316	-0.0720079587	0.0348510937	-0.2037450368	-0.0470404383	-0.0347951818	-0.0580483201	0.0592979471	-0.178656122	0.1535247657	0.1071448803	-0.0499149119	0.1087447952	-0.1475080293	-0.076159728	-0.0046149692	-0.0381691913	-0.1881081954	-0.1110535971	0.025166711	0.095275779	0.0795681598	-0.0865367072	-0.1317110557	-0.0409617404	-0.0282620038	0.0500852911	0.0448118439	0.0970843734	-0.0149895283	0.0881744219	-0.0536380274	0.0097736855	-0.039233853	0.0207460524	0.0742046393	0.0486179141	0.0173903589	-0.0358663566	0.1050864157	-0.1135723281	-0.0854037241	-0.0766543441	-0.1617944316	-0.0799517048	0.0068544765	-0.12893019	-0.0874958666	-0.0160815275	0.133884931	-0.05924937	-0.0423367039	-0.0089215234	0.0515011576	0.0663905894	-0.0665575608	0.0467968568	0.0657558938	-0.0893700157	0.0173953808	-0.0474239095	0.0332160966	0.0213753606	-0.0084163555	0.0924824063	-0.0037104939	0.062079583	-0.0038279385	0.0277864899	-0.019840998	0.0420205308	0.018322314	0.0465463934	-0.0111107876	-0.0214546794	0.1277634447	0.1237830955	0.1172407796	0.1082719048	0.0724539042228968	0.0155518996242277	0.0052495682371407	0.000241861581922	0.0087449395817031	0.0222979283583838	7.647396828763761e-05	0.0004971976090756	0.0566247771178325	-0.0095988498714945	9.213791885549e-05	0.0032063653836442	0.0010451319560612	0.0001129384353774	1.09230080558031e-06	1.2755090185517728e-08	-0.0009732866911844	-0.0003693519515546	1.3642086411719162e-07	9.472869832366777e-07	0.0023210124535313	3.222494160340025e-05	1.0384468613425563e-09	5.387098809447386e-06	0.0	0.0	0.0	0.0	0.0	0.0	0.0
938.186508157606	-1.2079229149408093	1.4590777684391016	880193.9240889617	1198.696057833158	-3.324210240290768	11.050373721654005	1436872.2390647535	862.3746547741837	-0.2464437077553611	0.0607345010922098	743690.0451968925	950.0701972434172	776.8386994052422	1.207261	20.514391	0.0759407486569339	0.0381707088446017	0.1373651299	0.0608537467	0.0097089562	0.0254378414	0.0271627471	-0.0306982488	-0.0061125706	-0.0370898283	0.1140416831	0.0481146426	0.0727646697	-0.0677238565	-0.0062080413	0.0061946747	-0.0236450114	-0.0285418569	-0.1209242004	-0.0177873453	-0.0987574418	0.0705442612	0.07449884	-0.1291335945	0.0385107585	0.100870769	0.0115078418	-0.0243291784	-0.0384815849	0.0895615779	-0.1074756398	0.0771151453	0.0246396627	-0.1503457091	-0.0525223022	-0.040968277	-0.077080877	0.1451068611	0.0366017248	-0.0480753019	0.0089503942	0.0159288325	-0.0397957042	0.0361904051	0.0102748772	-0.0180279223	-0.0996382951	-0.0288609758	0.0674747604	-0.0175252248	0.0718392014	0.0057622695	-0.1726714517	0.1978248533	0.0350453961	0.0771639391	-0.0088065016	-0.1380996558	0.0188689356	0.040051798	0.0512818881	-0.0360078009	0.0898317683	-0.0010977159	0.0326633538	-0.0218406466	-0.0531724534	0.1424755914	-0.065309621	0.0658629438	-0.0288763245	-0.0175350464	-0.0359401484	-0.1162652129	0.0479921877	0.0514929772	-0.0411297149	0.1417422726	-0.1249869678	-0.0600219912	-0.0009112293	-0.0275961139	-0.0360730052	0.2542020324	-0.0390693188	-0.0245530758	0.0462661198	0.0465903038	-0.0163210723	-0.0349573491	0.0236237897	0.0315252735	0.0527784023	-0.082883925	-0.1018202722	-0.0565032237	0.0340956642	0.0459495206	-0.0196037456	0.0043698925	0.0298686928	-0.060865027	0.0314329592	0.0393901675	0.0548284423	-0.044578742	-0.0841994867	0.0374831876	-0.0626069973	0.0664483294	-0.0622802668	-0.007723074	-0.0704024248	0.1272347401	0.1216944932	0.1126387502	0.1003291122	0.0543425791694289	-0.0181113250534678	0.0029531159107856	0.0003280200951923	0.0040792275095498	-0.0046657120721533	1.6640097074667867e-05	2.1768869140237044e-05	0.0862712950596602	0.0296465179418277	0.0008789160260751	0.0074427363512709	0.0009197942351431	-0.000125337720918	8.460214350024804e-07	1.570954428494351e-08	-0.0007069657882508	0.0002663209029336	7.092682333936804e-08	4.99800625757075e-07	0.0022423272055933	-7.86852479380002e-05	6.191368243064566e-09	5.028031296943857e-06	0.0	0.0	0.0	0.0	0.0	0.0	0.0
938.1932953330872	0.0067871754812358	4.606575101308927e-05	880206.6594079575	1195.1384391784668	-3.557618654691169	12.6566504922066	1428355.888801942	861.6187853866749	-0.7558693875088238	0.5713385309729645	742386.9313312089	948.7983953269784	779.8537745711599	1.07354	18.242147	0.0167948037567292	0.0100323295252256	0.0759918257	0.1303644453	0.0465191514	0.0113143662	-0.0073190011	-0.0223820416	0.0016849206	-0.0783304745	0.0396503375	-0.1207158781	0.0076127983	-0.0865216962	0.07217654	0.0003091549	-0.0292105888	0.0929739242	-0.1018261477	-0.054911989	0.0109026193	-0.0460370741	0.1412208371	-0.0938372291	0.0830262558	0.051371203	0.0301575017	-0.0394090477	-0.0803102337	-0.0153349231	-0.0800571947	-0.196864696	-0.0756428871	0.0381522211	-0.0752107051	-0.030481845	0.0721091322	-0.0398344944	-0.1028463516	-0.0313822227	0.0003469797	-0.1618800761	-0.0823568367	-0.0451105838	-0.0641599943	-0.1841478508	-0.0280432965	-0.030502786	-0.1248705076	0.0339030576	-0.0254334306	-0.0734338432	0.0093758513	-0.0306682726	0.1062652672	0.0115481856	0.0867645318	-0.0766997089	-0.0920127693	-0.0016901026	0.0402401003	-0.0492891584	0.0267586298	-0.078288033	-0.0393754062	-0.0444150808	-0.0459386311	0.0063312601	-0.0750847693	-0.0016994586	-0.034014063	0.0373941441	0.1081976808	-0.019765933	0.0519766151	-0.0800063772	-0.024373651	-0.1715576116	0.0144055378	0.0137508085	-0.0384720159	-0.0016352999	0.0634159532	0.0234091385	0.1011291421	0.1047059339	0.021340895	-0.0553946967	0.1422764419	-0.0123029359	-0.0017009128	0.072134844	0.0621105776	-0.0059104881	-0.1240085268	-0.0655462322	0.0741567555	0.0204147257	0.0180780318	0.0150797066	0.0428489275	-0.0087364196	0.1052168758	-0.0286542681	0.0941780832	0.0669159473	0.0092886589	0.0397274374	-0.0536142779	0.016951243	-0.0802144398	0.0623006516	0.059941815	0.1266188352	0.1192723348	0.1073422654	0.0912870929	0.0565126452139708	0.0021700660445418	0.0031936790690801	4.709186637673711e-06	0.0055571040088295	0.0014778764992796	3.0881404964948895e-05	2.18411894712322e-06	0.0863478983888228	7.660332916259449e-05	5.8680700387927995e-09	0.0074559595561664	0.000862005870326	-5.7788364817100055e-05	7.430541204764847e-07	3.3394951082342476e-09	-0.0008860249338284	-0.0001790591455776	3.2062177614980185e-08	7.850401833656207e-07	0.0022668848528735	2.4557647280200063e-05	6.030780399387174e-10	5.13876693618731e-06	0.0	0.0	0.0	0.0	0.0	0.0	0.0
938.2295381234018	0.0362427903145317	0.0013135398497831	880274.6662072518	1196.585973103841	1.4475339253742732	2.095354465109452	1431817.9910288665	862.8638820005267	1.2450966138518424	1.550265577825324	744534.0788610189	949.5429032985376	778.9058967194597	1.141997	19.405401	0.0686213968500003	0.0353121765010049	-0.0761687349	0.0834886489	0.0063261254	-0.0384908372	-0.0249264675	0.0084642376	0.0437287429	-0.1264829822	0.0136953516	-0.0468300146	0.0765863887	0.0022574756	0.0507926193	-0.0051724786	-0.007541572	0.0911162914	-0.0151562028	-0.058889128	0.0916839789	-0.0626719561	0.0409724494	0.0247073936	-0.0047388354	-0.0702173406	-0.0340073407	-0.0816524983	-0.0148570005	-0.0229755949	-0.0188686977	-0.0387945694	0.098166524	0.0970591167	-0.0023345697	0.0317883373	0.1475896646	-0.0281426953	-0.0219845079	0.082093964	0.0410030593	0.0340992642	0.0205282253	-0.011729483	0.0977707352	-0.0142965522	-0.1326085234	0.0524031879	0.0910786329	0.1713474518	-0.1773446013	0.0969910073	-0.0679760761	-0.0689860315	-0.1687933873	-0.0040270744	0.114494071	-0.0322681052	-0.0522489378	-0.0690186461	0.027805196	-0.039165863	-0.0706472291	-0.0172942974	0.0064644713	0.0135987848	-0.0016236707	-0.0458615681	0.0381677057	-0.0651240175	0.0368118215	0.0164017288	0.0307692398	-0.1625524537	0.0407309263	0.0402091389	-0.0210521846	-0.1033774271	0.0436321932	0.071422227	0.0582408427	0.0679628131	0.0021969869	-0.078800486	-0.0349684244	-0.0344685467	0.1151742488	0.08677264	0.0874268892	-0.0295046721	0.0027552007	0.0633451328	0.0456074603	0.1158877699	-0.0361077185	-0.0355126136	0.0289086869	-0.0479960069	0.0580890774	-0.0133942343	0.0085655107	-0.0227966298	-0.0229864146	0.0069776793	-0.0338573545	-0.0012987483	-0.0568414831	-0.0817445034	-0.0214743525	0.0951687825	-0.0659664457	-0.0174470675	-0.0562551412	0.1259161521	0.1165232592	0.1013839798	0.0812449131	0.0521689972712522	-0.0043436479427185	0.0027216042762879	1.88672774502835e-05	0.0164212543396473	0.0108641503308178	0.0002696575940873	0.0001180297624106	0.0613328218575688	-0.0250150765312539	0.0006257540538644	0.0037617150370122	0.0012264570023247	0.0003644511319986	1.504196778551289e-06	1.3282462761513385e-07	-0.0009137219273174	-2.769699348899996e-05	7.67123448329706e-10	8.34887760460624e-07	0.002091062537457	-0.0001758223154164	3.0913486598419125e-08	4.372542535556108e-06	0.0	0.0	0.0	0.0	0.0	0.0	0.0
940.9730764533896	2.743538329987814	7.527002568112323	885430.3306101565	1198.7797195238943	2.1937464200532304	4.8125233554963645	1437072.8159417866	863.8055630458874	0.941681045360724	0.886763191191666	746160.0507490226	951.6324576002144	789.3994493012837	1.28366	21.812599	0.0533751691348476	0.0284610786224962	-0.1403970275	-0.1289833416	-0.0354296712	-0.0384460642	-0.0123890441	-0.1248166121	-0.0099217408	-0.0451739928	-0.16830213	-0.0245687461	0.0324190439	-0.0304936173	-0.0424899843	-0.0904193441	-0.0520043248	-0.0550932321	0.0156884673	0.0057154528	-0.055571243	-0.0194655959	-0.0950997283	0.0596322868	-0.0604387083	0.0674018766	-0.1272218893	-0.0663355138	-0.1338957859	0.1506511538	-0.0273480669	0.1011353469	0.0063549766	0.0227398202	0.0229652332	0.0152079649	0.0286308602	-0.0672812942	-0.0972515793	0.0637599013	-0.0649598883	0.0816419012	-0.0012753222	0.0010851401	-0.1116821313	-0.1764538519	0.1031174958	-0.1706500095	-0.0957559922	0.0268899238	0.0887806599	0.0272237445	-0.0159764414	0.0073817112	0.0540889363	-0.0732585105	0.0157952622	0.0718069694	0.1092119445	-0.0855106587	-0.0822226487	-0.0716332015	-0.0786906553	-0.0581190974	0.0890023855	0.0376950688	0.1238492054	0.1521549335	-0.2040569508	-0.0835402572	0.0272204559	0.0877819828	0.1833431395	0.0628134521	-0.0300298264	-0.0585260451	-0.0096082588	-0.0866481564	0.1988022695	-0.019331325	0.0045476014	-0.0186882354	0.0252993427	-0.0189722072	0.1103841305	0.0402829117	0.1110798631	-0.0821363483	0.0266586215	-0.0094943617	-0.025218529	0.0758305281	0.0824542862	0.0497721931	0.0532116519	0.0851289509	-0.0790726338	-0.0908394834	-0.0171792239	-0.0360010302	-0.0603070241	0.0140721378	0.1314140224	0.0059390711	0.1012663287	0.0910016784	0.038232806	0.034912877	0.0156291527	0.0938460647	0.0751472096	-0.0378931446	0.071571809	0.1251271724	0.1134548014	0.0948006283	0.0703125971	0.0500573167501841	-0.0021116805210681	0.0025057349602282	4.459194623058456e-06	0.0015541975186721	-0.0148670568209752	2.415529927046513e-06	0.0002210293785181	0.0566573633595695	-0.0046754584979993	2.1859912166513887e-05	0.0032100568228582	0.0012240377125142	-2.4192898104998493e-06	1.4982683216569957e-06	5.852963187188397e-12	-0.0005999160801195	0.0003138058471978	9.847410973559173e-08	3.598993031859464e-07	0.0017728682085693	-0.0003181943288877	1.0124763093629393e-07	3.143061684955719e-06	0.0	0.0	0.0	0.0	0.0	0.0	0.0
938.4281938797031	-2.5448825736864364	6.4764273138529	880647.4750683217	1202.6732592460437	3.893539722149399	15.159651567955216	1446422.9685055015	862.9099719786911	-0.8955910671962783	0.8020833596417688	744613.6197402655	952.044366159456	786.2302707032502	1.202275	20.42967	0.0575442635702	0.0295616657439389	0.0033409208	-0.1394613011	0.0128225231	-0.027103326	0.0840638657	-0.0599778946	-0.1173587247	-0.0444183683	-0.0344635197	0.1440124145	-0.1374304265	0.0185254557	0.016645563	-0.1505285159	-0.0552074549	0.1658009091	-0.0442596554	0.0264884806	-0.1325827779	-0.0461012653	-0.087692325	0.0272031958	-0.1129552594	0.0690682827	-0.0388882836	-0.0427968321	-0.0364791906	-0.0693682351	0.0480924384	-0.0964208768	-0.2653342595	-0.0050508659	0.1320031342	-0.0587709437	-0.095297595	0.1070663924	0.1290751288	-0.1630128786	-0.0549170824	0.0463031194	0.0017752724	0.0223838667	0.1329569405	0.0192625655	0.0378243137	-0.0245396993	0.0905276492	-0.0377793959	0.087960105	-0.0916687624	-0.1039638483	0.1731889947	-0.0368631426	0.0051653109	-0.0050594663	0.0091924438	0.1654746636	0.0839336217	-0.14056092	-0.1182948362	-0.0865814804	-0.059224882	-0.0754191021	0.0084402517	-0.0646194563	-0.0278643364	0.0531033091	0.0845948566	-0.0485226899	-0.0869540948	-0.0841266431	0.1323814117	0.1093997606	-0.0031846016	0.0100613689	0.108267134	0.0180046035	-0.0022920516	0.0719442138	-0.0381309442	0.0083797678	0.1993185568	0.1752349012	0.000618316	0.045786699	0.0502909534	-0.0685208739	0.006458076	-0.0570778809	0.0627518446	0.0675877353	-0.0323987884	0.0455897905	0.0480552913	-0.0910776361	0.0089210671	-0.0008497033	0.0386377599	-0.0116864625	0.0333459335	-0.0338355967	-0.0528314577	0.0590804014	0.0142745409	0.0196813436	-0.0141671685	-0.1046141558	0.044888038	0.1367658742	0.0587937456	-0.0207998603	0.1242524367	0.1100753719	0.0876327994	0.0586099215	0.0604930460894621	0.010435729339278	0.0036594086251817	0.0001089044468426	0.020309885116319	0.0187556875976469	0.000412491433438	0.0003517758172605	0.0537324221190544	-0.0029249412405151	8.55528126046602e-06	0.0028871731867802	0.0014876062073934	0.0002635684948791	2.212972228275376e-06	6.946835149288687e-08	-0.0005990040708012	9.12009318300086e-07	8.317609966661876e-13	3.58805876836409e-07	0.002016945812227	0.0002440776036577	5.9573876607285335e-08	4.0680704094600335e-06	0.0	0.0	0.0	0.0	0.0	0.0	0.0
937.702117660053	-0.7260762196501673	0.527186676741478	879285.2614641478	1197.5688004126916	-5.104458833352055	26.05549998138582	1434171.0317218932	862.2095369146111	-0.7004350640800112	0.4906092789927694	743405.2855465082	950.3917871645338	782.4182972373088	1.181537	20.077286	0.0605514370758829	0.0289509353029616	0.1007748212	0.0184969268	0.0080928644	-0.042624265	0.0471537254	-0.0209078892	-0.0540284604	-0.043656768	0.0765404066	0.0328053909	0.0127238971	0.0185457854	-0.0148618618	0.0306919718	-0.023339306	-0.0591487575	-0.0308513027	0.0665330036	-0.0366350686	0.0019867531	0.0431454497	-0.1294425719	-0.0359256646	0.0051587969	-0.0412840914	0.0445541547	-0.0725535914	0.04498713	-0.0271060285	0.0430295236	-0.0898128283	-0.0193735203	0.0341504616	-0.2160602815	-0.0635103801	-0.1816503381	-0.0681024564	-0.0411892635	-0.1428358466	-0.0228568788	-0.1067266135	-0.0555406238	0.0727217559	0.0177953016	-0.0632534178	-0.0564666847	0.0876717535	0.0613593375	-0.0637619472	0.077928924	0.0417406123	0.0723510104	-0.0336093306	0.0303119715	0.0197753192	-0.0623193115	-0.0222401161	0.06435136	0.009228983	-0.0528837271	0.0614572335	0.067208307	-0.0126111121	0.0277771892	0.0290758854	0.0602180474	-0.0944844272	0.1389678279	0.0602916417	0.0093798343	-0.2018455883	-0.1171225675	0.0703642034	0.1542374646	-0.0182160988	0.0304882813	0.0213099912	0.0554689183	0.139661446	-0.0049734894	-0.0556922787	0.0590824977	-0.0640897432	0.115095762	0.0562506188	-0.1561560107	0.1424229876	0.0078220389	-0.0340427015	0.0503554747	0.0649411282	-0.0501576159	-0.0417504511	6.7231e-05	-0.0062125744	0.0708530199	-0.0903700452	0.0010204107	0.031193134	-0.0027887537	-0.0130795194	0.0783158431	0.0019268029	-0.0074410964	-0.0508878044	0.0340311623	0.0127291716	0.0640546212	-0.052261445	-0.0400259523	0.027654163	0.1232925447	0.1063942335	0.0799246852	0.0462651033	0.0693590963439874	0.0088660502545253	0.0048106842456545	7.860684711576821e-05	0.0057558747792114	-0.0145540103371076	3.313009447396188e-05	0.0002118192168926	0.0386243612863594	-0.015108060832695	0.0002282535021244	0.0014918412847792	0.0013780060966061	-0.0001096001107872	1.8989008022835804e-06	1.2012184284588429e-08	-0.0005998385709795	-8.345001783000494e-07	6.963905475828142e-13	3.5980631123472866e-07	0.0016869141101615	-0.0003300317020655	1.0892092436825103e-07	2.8456792150619653e-06	0.0	0.0	0.0	0.0	0.0	0.0	0.0
938.1727514133568	0.4706337533037867	0.2214961297488096	880168.1114945081	1196.2513448275054	-1.3174555851862806	1.7356892189385251	1431017.2800016152	862.8564193211245	0.6468824065133276	0.4184568478564741	744521.2003636722	950.0405721287016	785.3189941516688	1.132716	19.247686	0.0247653789398642	0.0135327177523326	-0.006306532	0.1495885288	0.0897698923	-0.0762967792	0.0763501907	0.0273560457	-0.0541778855	-0.0170163818	0.005396879	-0.1101419291	-0.0025746202	0.0357328817	-0.0154208022	0.0643541549	0.0100425618	0.0863774929	0.0164674119	-0.0194180243	0.0984418333	-0.092665446	0.0763289636	-0.0454790898	-0.0377401175	0.0389687138	0.0135273344	0.0026730127	-0.0284971881	0.0095270971	0.0948003733	0.0241267901	0.0742330037	-0.0502041287	-0.0028958225	0.114842155	0.0334599012	0.0650117383	0.1066055243	-0.0859413764	-0.0477820415	0.0470574707	0.0839227804	-0.0269628416	0.1695286546	0.0393799601	-0.0077203069	-0.1301985769	0.0239729192	0.1837030038	-0.0132753751	0.0469133133	0.0240902019	0.1582938946	0.2375250581	-0.08520912	0.072800463	0.0173573258	-0.1205267607	-0.0025471753	0.0083501918	-0.0294260256	-0.0282618994	0.0080471831	-0.0140354961	-0.0597973387	-0.0346333069	-0.0014216253	0.0574732128	0.0205959419	0.1080806477	0.1673544693	-0.135068788	0.0697562815	-0.0274911673	0.046527086	-0.0424188293	-0.0748895842	-0.1215602986	0.0497836482	0.1057280059	0.0876714435	-0.0525973968	0.072019163	0.0263444714	-0.0426393397	-0.1099255569	0.0673946177	0.0907448639	0.0027077065	-0.0511823882	0.074661004	0.0504257611	0.0703989501	-0.0610132955	-0.114113328	0.095812409	0.0517403319	-0.0137205904	0.0492632985	0.0954888935	-0.0102478171	-0.036498563	0.0028191177	-0.0083777205	-0.0157103851	-0.0292011069	-0.0771028503	-0.0775121287	-0.067047292	0.1266761641	-0.025246818	-0.0502558414	0.1222481541	0.1024214758	0.0717238087	0.033413395	0.0634391077464471	-0.0059199885975403	0.0040245203916653	3.5046264995007284e-05	0.0078518398098168	0.0020959650306054	6.165138839902392e-05	4.393069409520696e-06	0.0323104932794109	-0.0063138680069484	3.986492920916779e-05	0.0010439679759588	0.0013780715799936	6.548338749999724e-08	1.8990812795860567e-06	4.288074038474793e-15	-0.0005991945373355	6.440336439999693e-07	4.147793346038791e-13	3.59034093572704e-07	0.0018949157392254	0.0002080016290638	4.326467769323621e-08	3.590705658764144e-06	0.0	0.0	0.0	0.0	0.0	0.0	0.0
937.2725148667628	-0.9002365465939874	0.8104258398234685	878479.767124666	1197.8641404371997	1.6127956096943308	2.601109678649308	1434878.4989453512	862.6285110302185	-0.2279082909059298	0.0519421890636619	744127.9480422118	951.09752407626	791.2096870834204	1.225085	20.817263	0.084809020482086	0.0407681576250075	-0.1821619217	-0.022327493	0.0673071216	-0.1784762123	0.02935335	0.0869838055	-0.0520739977	-0.0076360628	-0.0478079108	-0.1264189247	-0.0016985394	0.1206773329	0.03634167	-0.055591167	0.0323953144	0.1645253265	0.1065939861	0.0838298262	-0.0106833892	-0.1251277913	0.0577359545	0.1903020329	-0.0028687465	-0.048056597	-0.023080045	0.0111760551	-0.1663521405	0.0747964956	-0.0418360165	-0.1963077418	0.0932057328	0.1224021141	-0.033250283	0.0304272979	-0.0450674069	0.1090338733	0.0767028265	0.0058741353	0.040392197	0.0126175995	-0.0288257842	0.0188772998	-0.0201309112	0.0338110439	0.0425097033	0.0348317793	-0.1748664548	-0.1223197383	0.0200897407	0.1609477004	0.034715352	0.0988044102	0.0567997167	-0.0274435301	0.0425204431	0.0825426249	-0.0685104013	-0.0030512504	0.0444737893	-0.0779506933	-0.2154295678	-0.0972522847	-0.0165021364	0.0300910566	-0.0058205889	-0.1028128249	-0.0430677294	0.1245129176	0.0339135348	-0.1694508335	-0.0413382866	0.1095572736	-0.1924942317	-0.0307382184	0.0232965088	-0.1509825693	-0.0632544174	-0.1432628964	0.0858946298	0.0662232369	0.0440956386	0.0404188718	0.0108130064	0.0711795028	-0.0711847733	0.0878165875	-0.0915292508	0.0509747318	-0.0162349854	0.1210934693	0.0739458496	0.1241140777	0.0389668579	-0.0116736268	-0.0211928159	-0.0441851899	0.0338318843	-0.0535864963	0.0301657446	0.0733852547	0.0278229108	0.0391391683	-0.0254806096	0.0032718617	-0.1724473823	0.0672621672	-0.0013814172	-0.0096305758	0.0214202712	-0.031726773	0.0463439728	0.1211199807	0.098167988	0.063080731	0.0201956026	0.0467763700185344	-0.0166627377279126	0.0021880287921108	0.0002776468285892	0.0331253540873461	0.0252735142775293	0.001097289083412	0.0006387505239364	0.05598248376549	0.023671990486079	0.000560363133573	0.0031340384885533	0.001628031407317	0.0002499598273234	2.650486263210572e-06	6.247991527554394e-08	-0.0005990681001142	1.2643722129999577e-07	1.5986370930064105e-14	3.588825885744372e-07	0.0017609864439588	-0.0001339292952665	1.793705613060809e-08	3.10107325580666e-06	0.0	0.0	0.0	0.0	0.0	0.0	0.0
936.6648220208136	-0.6076928459491455	0.3692905950177719	877340.9888112824	1196.4926555340107	-1.371484903188957	1.880970839675223	1431594.6747468289	862.9636943688554	0.3351833386368525	0.1123478704997469	744706.3377987433	950.43845172303	776.470525214698	1.220285	20.735708	0.0729789300887329	0.0369644179688	-0.0558734324	-0.1420443685	0.0914676514	-0.1607975906	-0.0143348607	-0.1438070579	0.0513654657	-0.0453168565	0.0061133241	0.0478640664	0.0660648453	0.0735043626	0.0192906708	0.0107292806	-0.0757111528	0.2271894761	0.0322539874	-0.0643993221	-0.034798675	-0.0034855645	-0.0123634445	0.0798247102	-0.049598291	-0.0551806506	-0.177449121	-0.1069435929	-0.0546534873	0.0377612747	0.128621531	0.0499538245	0.1624953225	0.1105178637	0.0959987481	0.01364361	0.0514888935	-0.1179318445	-0.0836898253	0.1414944854	-0.1707424025	0.093731662	0.122652502	-0.20305736	-0.1718839473	-0.0298599337	-0.0812221975	0.1185624344	-0.0046837313	-0.0822093589	0.0309989726	-0.1489813965	0.0918890121	0.0147912743	0.0359295016	0.0887640947	0.0119953854	-0.0599709339	0.074253011	-0.0772432805	-0.0402241646	-0.0690663935	-0.176235727	0.0024740358	0.0456844631	-0.0839936309	0.0892267577	0.006250445	0.0511286683	-0.0796936133	0.0279937771	-0.0507476011	0.2105137325	0.1631614905	0.0697085948	0.1570841809	-0.001379469	-0.1023224683	-0.0536946005	-0.0286296596	-0.056420444	-0.0521164551	-0.0516524535	-0.1715170253	-0.0737037607	-0.0638879519	0.0844500629	0.1389019805	-0.0283983798	0.0778647821	0.0282473864	0.1211690006	0.0388832198	0.0354593242	-0.0054044726	0.0563617787	-0.094131025	-0.008804578	0.0141091504	-0.0516064761	-0.0454939727	0.0534971039	-0.0335902171	0.0258269569	0.0537395729	0.1240596265	-0.1965129587	0.021286288	-0.2100104632	-0.0028362986	0.0531317989	0.0713481546	-0.0002669014	0.1199087977	0.0936454286	0.0540487397	0.0067565429	0.0447952277689296	-0.0019811422496048	0.0020066124308702	3.924924613169169e-06	0.0434415618234851	0.010316207736139	0.0018871692936636	0.0001064241420551	0.0694377375758392	0.0134552538103491	0.0001810438551009	0.0048215993996511	0.0010772232827643	-0.0005508081245527	1.160410000929495e-06	3.033895900732627e-07	-0.0007038954280198	-0.0001048273279055	1.0988768675828177e-08	4.954687735871774e-07	0.0020498775173533	0.0002888910733944	8.345805228702625e-08	4.201997836150528e-06	0.0	0.0	0.0	0.0	0.0	0.0	0.0
937.903711508692	1.2388894878783958	1.5348471631755938	879663.3720617798	1198.0277962317834	1.5351406977727038	2.356656961958064	1435270.6005439835	863.3866227396419	0.4229283707865079	0.1788684068161299	745436.4603257647	951.120635373453	789.9033857145413	1.143436	19.42984	0.0605714897371529	0.0353689089198265	0.0458956774	-0.1305643106	0.2371113699	-0.1211994049	0.0746988832	-0.0258183843	-0.0066590928	-0.1041631423	0.0961192731	0.1340315019	0.0280401343	-0.039336997	-0.0160930906	-0.0844363527	0.0327314953	0.1902556018	-0.1267386891	0.0596693701	-0.1065719304	0.1139591356	-0.0339658936	-0.0237513455	0.0331686839	0.0638390251	-0.1078617092	-0.1263261749	-0.1034269741	0.0337748318	0.1204553383	0.0092330698	0.1441310789	-0.090694816	0.0825763517	-0.183655902	-0.0802274138	0.0498897912	-0.1388109118	-0.0748291696	-0.0649308697	-0.0924224882	0.1098323172	-0.0453998606	0.053826442	0.0422767092	0.0112856694	0.2286812859	-0.0312197808	-0.1108778762	0.0929915883	0.1530011592	-0.0310387737	-0.1242814998	0.1101188702	-0.0264278786	0.0379517392	-0.1419752261	0.1437323943	-0.0370537182	-0.0278170865	-0.0182437158	-0.0721151411	-0.1390458365	0.0702810955	0.0845270169	0.0591292674	0.0416568091	-0.0458775629	0.1022339743	0.0527428794	-0.0954212436	0.1499680167	0.0314609393	0.1597530942	0.0800881111	0.0614372357	0.0377826419	-0.1566798349	0.0225763771	-0.0551928134	-0.157206166	-0.0510366249	-0.0284954411	-0.0361313581	0.0354977957	0.0223497956	0.0980325342	-0.0855139416	0.0938144441	0.0931996259	0.1306856735	0.0462004021	-0.0196227484	-0.1089869364	0.0139450972	-0.1049156612	0.0587434096	0.0033814398	-0.0012126487	-0.0634596624	-0.0045817937	-0.049698657	0.0376288394	-0.1208887903	0.0022748587	-0.2222483275	0.0953741281	-0.0114527562	-0.0857064603	0.1191611903	-0.0019523225	0.0168068147	0.1186154352	0.0888661936	0.0446835199	-0.0067565429	0.0464451306535949	0.0016499028846653	0.0021571501614295	2.722179528826882e-06	0.047163562071617	0.0037220002481319	0.0022244015872832	1.3853285847093926e-05	0.0581119314031184	-0.0113258061727207	0.000128273885462	0.0033769965714007	0.0012199267790878	0.0001427034963234	1.488221346335534e-06	2.0364287862951173e-08	-0.0006001349247863	0.0001037605032334	1.0766242031269154e-08	3.60161927948258e-07	0.0014188659082776	-0.0006310116090756	3.981756507883037e-07	2.013180465672419e-06	0.0	0.0	0.0	0.0	0.0	0.0	0.0
937.3854518820542	-0.5182596266378141	0.2685930406027664	878691.4854001229	1198.233572446383	0.2057762145996093	0.0423438504949444	1435763.6941376214	864.1026103159015	0.7159875762596357	0.5126382093581476	746673.3211547547	951.8689299581744	784.4433821711523	1.169744	19.876881	0.1121914887896056	0.0598783108927252	0.0437991419	0.055606195	0.2561963515	-0.1318845254	0.0016768925	-0.0997575774	0.0316530079	-0.129300514	0.0156344373	-0.029572812	0.039973009	-0.0331601166	0.1083847951	-0.1081103902	0.2079351183	0.1327473353	0.0630546294	0.1031206344	0.1125583753	0.1549584267	0.1468783061	-0.0013421932	0.0566973759	0.0176068462	-0.0465145475	0.0903759037	-0.0022163603	0.1802813405	-0.0878284514	-0.0390928725	-0.0623043082	0.2656292757	-0.013265058	0.0344429805	-0.0499349198	0.060222851	-0.0417533171	-0.1075607728	-0.0287948898	-0.0197346619	-0.0703204328	-0.0078168351	-0.2317614379	-0.1186156287	-0.0473344568	0.0623322429	0.1354464012	0.0825129392	0.1093386894	0.1287960826	-0.0072060294	0.079154546	-0.1405348088	0.0364897632	0.1159272208	-0.0695313643	0.0228204362	-0.0438075636	0.0823550631	0.0896089113	-0.025976518	-0.1760491063	-0.094639408	-0.0857775743	0.1534910115	0.0074681079	-0.1507674088	-0.0427519488	-0.1891570345	-0.1054572757	0.0223802057	0.067264838	-0.1821301506	0.0185222994	0.1150190003	-0.0600323262	-0.0466422855	0.1686002827	0.118961338	-0.0452879342	0.1697869976	-0.0836251189	-0.0171243371	0.1133192489	-0.0409991862	0.0887948469	0.2405415232	0.0955406487	0.0448305506	0.0754888431	-0.0621453687	0.0389684588	-0.178791062	-0.0309377501	0.0582576164	-0.0257194873	-0.0069086448	0.0280818501	-0.1519153965	0.0852172325	-0.0448280811	-0.0335802111	-0.0820277534	0.0557681394	-0.141149337	0.1259999314	-0.1698437155	-0.1007466033	0.1607529782	0.2590685241	0.0878534515	0.1172407796	0.0838433825	0.0350428114	-0.0201956026	0.0398701135945458	-0.0065750170590491	0.0015896259580419	4.323084932678669e-05	0.0545764193485354	0.0074128572769184	0.0029785855489071	5.495045300796208e-05	0.0274489081914452	-0.0306630232116731	0.0009402209924796	0.0007534425609023	0.0021261660103367	0.0009062392312488	4.52058190351108e-06	8.212695442545971e-07	-0.0007942256734201	-0.0001940907486337	3.7671218705228935e-08	6.307944203196114e-07	0.0016693477532342	0.0002504818449565	6.27411546528621e-08	2.786721921228071e-06	0.0	0.0	0.0	0.0	0.0	0.0	0.0
943.9622589397608	6.57680705770656	43.254391074298816	891064.746302656	1203.310089111328	5.076516664944847	25.77102144946276	1447955.170557112	867.8706990788492	3.7680887629476274	14.19849292545218	753199.5503196104	956.5832583702884	806.1185898245891	1.654243	28.109743	0.1536128502443913	0.1074405651105016	-0.1544011351	-0.0141644998	0.0788357944	0.0267987905	-0.0111267378	0.0207750531	0.1958530244	-0.1017440177	-0.1099437298	-0.007633904	-0.0580204383	0.0741996386	0.0436895567	0.1046283197	0.1224335505	-0.0783594287	0.1382103322	0.0192912627	0.3415921733	0.3236202119	-0.01459285	0.1994466727	-0.1123067667	-0.0921951521	-0.0878509666	-0.0001903437	0.1414053245	-0.2365135128	-0.1139003631	0.1177725254	0.0721895561	0.038530557	0.2056260325	-0.0052932088	-0.0634828705	0.1953828396	-0.0690215624	0.0262309657	0.1731928775	0.0210668715	-0.0840656032	-0.0122791779	0.0411896788	-0.2160297369	0.0597729461	-0.1241984946	0.030183796	0.074578137	0.0068600772	-0.0685985317	-0.0305194695	-0.0038808359	-0.1007912703	-0.1418729548	0.1401319438	0.1262897392	0.1224110244	-0.0406652403	0.1349590629	0.4261122008	-0.0574824063	0.1240476907	0.0735274005	0.0569326191	0.1884598751	-0.0863003484	0.1193527626	-0.2596955	-0.2066646506	-0.0352654548	-0.0625427154	-0.1223194756	0.0852117365	-0.0506861423	-0.2787949248	0.0770812115	0.0523368547	0.0667577389	0.0902835775	0.0038372195	0.0438167219	-0.0376123607	0.1246544941	-0.0298505674	0.0494573158	0.1090147501	0.0320460106	0.2219442577	0.0434238968	-0.1033819604	-0.2402338317	0.1302797578	0.0317866662	0.2110167347	0.171290116	-0.1129174239	0.1247997239	-0.0767147458	-0.2821313822	-0.108923923	-0.3360540352	-0.1620497074	-0.144802426	-0.0632968821	0.1783815634	0.3535257414	0.1198131333	0.0705068524	0.1669699819	0.0861399367	-0.0668871803	0.1157857731	0.0785907625	0.0251860523	-0.033413395	0.0210862973869865	-0.0187838162075593	0.0004446319374924	0.0003528317513193	0.0578684407867342	0.0032920214381987	0.0033487564390877	1.0837405149560468e-05	0.0170505775586846	-0.0103983306327606	0.0001081252799482	0.0002907221950847	5.898890113984682e-05	-0.0020671771091968	3.479690457686622e-09	4.2732212007874576e-06	-0.0006899591932298	0.0001042664801903	1.0871498891274234e-08	4.760436883223165e-07	0.0014180177033039	-0.0002513300499302	6.316679399796702e-08	2.0107742068832674e-06	1.0	0.0	0.0	0.0	0.0	0.0	0.0
944.440949179552	0.4786902397912627	0.2291443456714165	891968.7064871732	1205.8218042422563	2.511715130928451	6.3087128989349255	1454006.2235860503	865.8766818271594	-1.9940172516897972	3.976104800036533	749742.4281320118	955.8193899426176	805.0205289539583	1.583609	26.909487	0.2530484659670423	0.1385284319961009	-0.0113819157	-0.116664989	0.0218879424	0.2396703612	0.0526325449	0.0703621417	0.242892047	-0.0723213016	-0.0654783556	0.2225793574	-0.0966528288	-0.0120964727	-0.0317104618	0.1940972064	0.1302181591	0.0745082995	-0.0551787422	-0.0731272139	0.0172450737	0.20445342	-0.1682075463	0.0713946685	0.0518847303	0.0589325381	-0.0278775374	0.0731809595	-0.0288809772	-0.082294678	-0.1661789759	-0.258651373	-0.0225787981	-0.1135633357	-0.0781182729	0.1309786194	-0.0353920123	0.0488648597	-0.0506668661	0.1604344071	0.0853395898	-0.1665717676	0.1327603005	-0.1030277921	0.1750712782	0.197313544	0.0845005615	0.1663943342	0.0714540431	0.065941667	0.0183234173	-0.0393052323	-0.033297319	-0.1145110727	-0.2257683881	0.0309454322	-0.0170517821	0.0304848637	0.2989480623	-0.0453005341	0.0093596473	0.2150118939	0.0739496993	-0.0972674631	-0.0628398702	-0.0573438613	-0.1578223546	-0.0584946542	-0.0134360747	-0.0504095373	0.0167541013	-0.0129465437	-0.2100407156	-0.1452179014	0.0352697038	-0.1517561422	0.0031105939	-0.2987798698	-0.1475758675	-0.1135283837	-0.1724660213	0.0243851672	0.0272286654	-0.0129896874	-0.0237089472	-0.2922499113	-0.0523045981	-0.0591557687	-0.1229258482	0.1566381615	0.1029973996	-0.1503630977	-0.1772171354	0.0641399092	0.0483616939	0.2423970741	0.0102478805	0.3078710703	0.2626691532	0.1846047167	0.0188343215	-0.1614385319	-0.0239780904	-0.1872253857	0.0256407812	0.0769882202	0.0724871072	0.0271705962	-0.0937777025	-0.0844471365	-0.3036934044	-0.3227682342	0.2333126684	0.1142514127	0.0731227308	0.0151740128	-0.0462651033	0.0211193152076987	3.301782071220283e-05	0.0004460254748421	1.09017648458317e-09	-0.0192762456900652	-0.0771446864767994	0.0003715736479037	0.0059513026516036	-0.0155630300372635	-0.0326136075959481	0.0010636474004224	0.0002422079039407	0.0007621671804927	0.0007031782793528	5.808988110201919e-07	4.944596925536393e-07	0.0013179835203334	0.0020079427135632	4.031833940951548e-06	1.737080559870422e-06	0.0012639956147483	-0.0001540220885556	2.3722803763029123e-08	1.5976849141029328e-06	0.0	1.0	0.0	0.0	0.0	0.0	0.0
935.4938758267218	-8.947073352830216	80.05012158092453	875148.791709302	1203.2378439291929	-2.5839603130634714	6.676850899487073	1447781.309063373	863.8895249956109	-1.9871568315484185	3.948792273169549	746305.1113971423	954.39216630894	772.1826388623084	1.674456	28.453205	0.1681214593907653	0.073167829963947	0.0731502491	-0.0557003975	-0.1663437654	-0.0099770493	0.1678556988	0.0935695895	0.1188428632	-0.0254354618	-0.0152478046	0.1006548362	-0.2264169493	0.0968491125	0.0850145355	0.0426897479	0.0947739325	-0.0043561257	0.2327252407	0.0236554237	0.0261396125	0.1802854981	0.0829810957	0.2275377135	-0.1662654815	0.2052185702	0.0474906048	-0.1222039996	0.3138972368	-0.001983851	-0.0399456818	-0.0022113857	-0.0804508242	0.0500004749	-0.03510492	0.0732725251	0.1703270749	0.0015132993	0.2315744359	0.0735943542	-0.2812952236	-0.1243567872	0.0758978752	0.0585652945	-0.0296848499	0.0074499165	0.038274086	-0.0693083195	-0.0940922309	-0.1751630235	-0.0241668607	0.0478729603	-0.0267281639	-0.0603336433	0.0196050064	-0.0421345809	0.0110283124	0.085988142	0.196452821	0.1880703442	0.1938249148	0.1997825645	-0.0284984665	-0.013281982	-0.1754307789	0.025389878	-0.0423087152	0.0028784129	0.2724580511	0.0073021009	0.1334191798	0.1446668964	0.1549675076	0.0359582752	-0.1909734102	-0.086085772	0.2136817764	0.064279063	0.0776954497	-0.0663430153	0.1280775025	0.0109630475	-0.0521073644	-0.0600758126	-0.1196813712	0.1903481977	-0.0903331644	0.0334133875	-0.0522419174	0.2129249366	-0.1011472425	-0.1573687382	-0.2379407193	-0.0815885355	0.0567284428	-0.1011538183	-0.2792459777	0.0914002778	0.4289664391	0.1476222559	0.2729490752	0.1504970447	0.1465755818	0.1305743747	-0.1262167284	-0.0273260622	-0.1429503518	-0.0441833157	0.1722943145	0.1377590373	-0.1885427424	0.2804104199	-0.1395957307	0.1126387502	0.0674542747	0.0050684204	-0.0586099215	0.0083810734566043	-0.0127382417510944	7.024239228499715e-05	0.0001622628029093	0.0003451081317251	0.0196213538217903	1.19099622582789e-07	0.0003849975257998	0.0088397476122921	0.0244027776495555	0.0005954955570136	7.814113784902387e-05	0.0015183498532413	0.0007561826727486	2.305386276837877e-06	5.718122345652164e-07	0.0005689117101481	-0.0007490718101853	5.611085768142822e-07	3.2366053394363573e-07	0.0005420683743157	-0.0007219272404326	5.21178940478629e-07	2.938381224332659e-07	0.0	0.0	1.0	0.0	0.0	0.0	0.0
935.2673643005865	-0.2265115261353685	0.0513074714721737	874725.0427257658	1194.682937719883	-8.55490620930982	73.18642025008772	1427267.32167901	863.3874456855688	-0.502079310042177	0.2520836335724284	745437.8813674509	951.8230714116376	754.6728395984313	1.462392	24.849707	0.195019762791974	0.1509291800975921	0.1630299494	0.1148311808	-0.2162124886	-0.1052786729	0.0515123036	-0.0804260587	0.2309911769	-0.1335018473	0.0778909197	-0.0792886114	0.0706194454	0.1014758555	-0.0389203435	-0.0052983559	-0.1242167737	-0.2759955391	0.0211213799	-0.0065896412	0.0646294709	0.1981770786	0.1452501131	-0.0628055878	-0.1411074006	0.0414475581	0.0579652881	0.0416481022	0.1078755793	0.1786145314	0.091251714	0.0135718581	0.0425397281	0.0431845991	-0.0202157492	-0.0830224583	0.089681639	0.0141501624	-0.2104017795	-0.0121878023	0.1226763318	0.1382736659	0.1147380292	0.0783718634	0.0790953642	0.1443996739	-0.0373249562	0.0518216905	-0.0014972624	0.0607202373	0.121138346	0.020017493	0.0249892826	-0.1354147594	0.0929262022	-0.0158384451	0.1107774109	-0.0403472765	0.0155154217	0.1315763926	0.1153607988	0.2072690883	0.0932633942	0.221031033	-0.0002001369	-0.0134516839	0.1402408121	0.1972803228	-0.1223092388	-0.0252530525	0.0160769623	-0.1735284683	0.0864930443	0.0418995443	0.0143175547	0.1184808049	0.137965874	0.1186958294	-0.0302787587	0.1041677485	-0.2978179221	0.1863165947	0.1104985402	0.1670316288	0.0789591863	-0.0158009799	-0.0301031539	0.0130344987	-0.0292303839	0.2287372278	-0.1284229029	-0.239627331	-0.1646641965	-0.1241127135	0.016907932	-0.1199024569	0.0918284848	-0.0259661414	-0.1643269436	-0.1779311376	-0.1064705294	-0.2205663223	0.0999692832	0.3582499885	0.1197029741	0.1172020743	0.0632103035	-0.0402059083	-0.2159938721	0.1574804809	-0.0311172632	-0.0687366227	-0.0369588973	0.1109488906	0.0616009311	-0.0050684204	-0.0703125971	-0.002616500772973	-0.0109975742295773	6.846076294968307e-06	0.000120946638935	0.0009115499387917	0.0005664418070666	8.30923290911152e-07	3.208563207928753e-07	0.0060624315528698	-0.0027773160594222	7.713484493925006e-06	3.675307633323134e-05	-0.0013930014404581	-0.0029113512936994	1.940453013118341e-06	8.475966355325172e-06	0.0003929891727156	-0.0001759225374325	3.094873917668936e-08	1.544404898716917e-07	1.5773591529442683e-05	-0.0005262947827862	2.7698619838803375e-07	2.4880618973770597e-10	0.0	0.0	0.0	0.0	0.0	0.0	0.0
938.8138073137392	3.546443013152725	12.57725804553978	881371.3648029186	1198.5609029134114	3.8779651935283255	15.038614042217183	1436548.237992612	865.5826950930477	2.1952494074789684	4.819119961036762	749233.402044544	953.9319720102076	785.2768037149501	1.461308	24.831297	0.2804469921458394	0.1675520268767671	-0.0001279039	0.2121219698	-0.0982218845	-0.0190083944	0.1356856149	0.1091780544	0.132617472	-0.0142012727	-0.0493985107	-0.2044045834	-0.0648639815	-0.040294473	0.0234230851	-0.1114304293	-0.0265845528	-0.1728349292	-0.0108072769	-0.0307051569	0.1794193503	0.1205272934	0.0017312579	0.036774511	-0.1273296149	0.1869071268	0.1833610653	0.0565783685	-0.0146027162	0.0991097215	-0.0583938881	0.0690320436	0.055078755	-0.11548962	-0.1420344966	0.0807466321	0.0571047123	-0.1855155575	0.1422485266	-0.1045024613	-0.1216096864	0.0384258426	-0.0125373839	0.0175825868	0.0568570455	0.1431017514	0.0353208023	0.0453860241	0.0526998486	0.1272695917	-0.1315128618	0.0700226043	0.1747467698	0.1534040464	0.023409753	0.0547659791	0.080725307	0.1482580788	-0.0571305653	0.1112990166	0.0742056332	0.2046511276	0.0966627638	-0.0367244284	0.0285229459	0.0616584552	-0.1071152744	0.1135919074	-0.1844598225	-0.0604851877	0.2165407805	0.1940257451	-0.0589419691	0.0728984956	-0.0814772149	0.0424829647	0.0671440518	-0.0112969523	0.0611935151	-0.0073198246	0.1105843098	0.0941900912	-0.126081436	0.1589918191	-0.1909147437	-0.0533461942	-0.1683970869	-0.0633091895	0.1477081944	0.20985934	-0.1601961107	-0.2502645276	-0.161066296	0.0677713698	0.0408760537	-0.1410430079	0.105860623	-0.0517953476	-0.1416707459	0.0483687089	0.1069546819	0.0779512921	0.0502815734	0.0870967097	0.0593566418	0.0601684712	0.2466223392	-0.3060595336	0.0350083499	-0.0029887273	0.4089249224	0.0125022628	0.2622601109	0.1091829923	0.0555787436	-0.0151740128	-0.0812449131	0.0074726532940587	0.0100891540670317	5.584054725320634e-05	0.0001017910297883	0.0292045608384086	0.0282930108996169	0.0008529063737643	0.0008004944657658	-0.0445427524535233	-0.0506051840063931	0.0025608846483209	0.0019840567961358	0.0015610079574384	0.0029540093978965	2.4367458431860053e-06	8.726171522860843e-06	3.660769287838761e-05	-0.0003563814798372	1.2700775917096144e-07	1.340123177878351e-09	-0.0005030283941928	-0.0005188019857222	2.691555003893421e-07	2.53037565364187e-07	0.0	0.0	0.0	0.0	0.0	0.0	0.0
936.7391516577244	-2.074655656014784	4.304196091034132	877480.2382484332	1201.082159775954	2.521256862542714	6.356736166918729	1442598.3545320705	862.8252432491003	-2.7574518439474787	7.60354067168935	744467.400387869	953.9480521331084	777.8556291858595	1.463007	24.860165	0.1197776425132728	0.0640367010303955	-0.0617705204	-0.0038289841	-0.2567756858	-0.0539352384	0.0834537148	0.09055031	0.2169080486	1.78828e-05	-0.0423785798	-0.1215703926	-0.1195073974	0.1066478579	-0.018162052	0.0947862603	-0.1187151921	-0.0067059576	0.0018365459	-0.1606228787	0.0298514015	-0.0111729847	0.0582833703	0.1305821569	-0.0825800167	0.1009347305	0.0877231313	0.0649639438	0.319269698	0.1346113447	0.2151989707	0.0448567141	0.1220092628	-0.0539751956	-0.174981332	-0.0312983284	-0.1166161625	0.0179260165	-0.0206872977	0.0578511517	-0.0304971156	-0.1374781229	0.0004593838	-0.0971350311	-0.139283768	0.0854900839	0.1304253127	0.0082236393	0.1260271023	-0.0541719652	-0.0900878671	-0.1620303672	-0.035968164	-0.0841977723	0.0490708757	0.1632021396	-0.0135449188	0.1955419626	0.0204552824	0.1451749433	0.1515191195	0.0723778676	-0.010433479	0.1068641777	0.0851185491	-0.2088223443	-0.1479375445	0.233817736	0.2058609021	-0.0179852479	-0.0111684466	-0.1199944099	0.0486153353	0.0264885994	0.0572846289	-0.0279155811	0.0590286924	0.1385189699	-0.0477373079	-0.10165653	-0.0851602492	-0.1948870481	0.0349753874	-0.0858142785	-0.1937977342	0.0774220563	-0.0117099831	-0.1773930735	0.0317716859	0.1977320125	-0.0779778939	-0.2317326684	-0.137692153	0.0286757818	0.1225064845	-0.0562314515	-0.1265910261	-0.129305674	-0.1989337163	-0.168861538	-0.0052062518	0.0261853656	-0.0182720597	0.0144906539	-0.0959847844	-0.2789323564	-0.1168002258	0.1143292884	-0.0159820186	-0.1196858535	-0.0750357879	0.0099942664	-0.2741324162	0.1073422654	0.0494042187	-0.0251860523	-0.0912870929	0.0119729095315932	0.0045002562375345	0.0001433505626517	2.0252306203468172e-05	0.0474048690834507	0.0182003082450421	0.0022472216128191	0.0003312512202145	-0.0278056609354564	0.0167370915180669	0.0002801302324841	0.0007731547800575	0.0007438114696967	-0.0008171964877417	5.532555024523648e-07	6.678100995773704e-07	-0.0007521873126881	-0.0007887950055664	6.221975608066352e-07	5.657857533689456e-07	-0.0005022201572484	8.0823694440001e-07	6.532469582930649e-13	2.522250863466076e-07	0.0	0.0	0.0	0.0	0.0	0.0	0.0
938.906427627622	2.16727596989756	4.697085129695408	881545.2798404628	1198.990439097087	-2.0917206788672047	4.37529539840068	1437578.0730462251	863.0235802125395	0.1983369634392602	0.0393375510663064	744809.7000028696	949.7396361817993	771.3186377915313	1.572585	26.722176	0.1851326604369722	0.0977470643302772	0.1051413157	0.0214048377	-0.0622108346	-0.0764052627	0.0333067084	0.0122541669	0.3468773634	-0.0952842228	0.149294387	0.0553866502	0.1280005754	0.0911702534	-0.0926089438	0.0662355745	0.099817079	0.1126529022	-0.2798228743	-0.1537015889	0.0292202256	0.238664302	0.1944379229	0.0465885993	-0.0281813224	-0.2181853295	-0.1209290184	0.0923970521	-0.0726292238	0.1030158647	0.0953203913	-0.1511519661	-0.2779837333	-0.2367093876	-0.1110992835	-0.1690863629	-0.1638433139	0.0450506384	0.0244918711	0.1021019367	0.1095067306	0.1378076463	0.0859673419	-0.0502001553	-0.0464506365	0.1205267638	-0.0726273565	0.0279893129	-0.1144752292	0.0100326076	-0.015880116	-0.1130360812	0.0580797423	0.0995987941	0.0728135237	-0.023123842	0.0763235648	-0.2208680077	0.0399707839	-0.0952220421	0.1152196639	0.1391387926	-0.1350678499	0.0705920061	0.1341275827	-0.2045243065	-0.1458557667	0.0147592314	-0.0924912111	0.2501954303	-0.0849883382	-0.1132110629	-0.1862217099	0.1312190169	0.155090229	-0.1166464337	0.2634418209	0.0160194785	0.113293206	-0.0191390114	0.0107576453	0.0300965174	-0.1667671447	-0.1379553153	0.1644764623	-0.0765804897	0.062236531	-0.0109035817	0.0095565534	0.2589276274	-0.0079579872	-0.0261856144	-0.0085300738	0.0852275591	-0.1260246644	0.1317238228	0.0619123457	0.1038109061	-0.4457556456	0.0169172115	-0.0123280482	0.3641079321	-0.0273815428	-0.1632886029	0.0318400449	-0.150920519	-0.1169328752	-0.1818432016	0.0594562796	-0.1869588286	-0.2830858334	-0.1933703235	0.0017431858	0.1054279714	0.0430942802	-0.0350428114	-0.1003291122	0.0625752339927601	0.0506023244611669	0.0039156599092486	0.0025605952408732	0.0582701684856488	0.0108652994021981	0.0033954125353458	0.0001180547310994	-0.0248439278257492	0.0029617331097071	8.771863013135877e-06	0.000617220749811	0.0020521746753602	0.0013083632056635	4.211420898189742e-06	1.71181427793407e-06	-0.0010056385784358	-0.0002534512657477	6.423754410911126e-08	1.0113089504383766e-06	0.0003500314406184	0.0008522515978668	7.263327860665138e-07	1.2252200942139248e-07	0.0	0.0	0.0	1.0	0.0	0.0	0.0
938.0552798796782	-0.8511477479437417	0.7244524888297033	879947.7081101415	1198.3180493085813	-0.6723897885055976	0.4521080276866023	1435966.1472987237	862.5277725734068	-0.4958076391327495	0.2458252150223907	743954.1584604426	949.839696263394	780.7428516530588	2.504293	42.554226	0.5044338397048912	0.2935658044461464	-0.0440344666	0.105637955	0.0672330279	0.1498623414	-0.0811416623	-0.3803113777	-0.0364505914	-0.00258744	-0.0085038086	-0.0680418142	0.1822163816	-0.2200827801	-0.1337194553	0.037275449	-0.0427432383	0.1166108261	0.2646218276	0.0539539096	0.1644283941	-0.1974137103	-0.0493220544	-0.4407948801	0.1026394159	0.0298349221	-0.133998314	-0.3655963327	0.2176443105	0.1281835688	-0.0627075624	-0.0198075205	-0.0861181939	0.108385918	0.0943908853	0.1332041409	-0.0676528795	0.1196431302	0.0016429315	0.3188607457	-0.0331588834	-0.0249242649	-0.0988699	-0.051262617	0.1148009291	0.0288973421	0.1033263061	0.0576669605	0.0238848258	0.1331328124	0.0375601496	0.039941527	-0.0341382737	0.0304284286	-0.0524466668	0.1244995278	0.0961265783	-0.0688315935	-0.1397636114	-0.1369742563	-0.2848991607	-0.0917952491	0.1930707613	-0.0332222843	-0.3370827169	-0.0576565553	0.1258509569	0.4043608914	0.3443974087	-0.1267034761	-0.0784590877	0.0228503229	-0.1909683754	-0.0319933936	0.042460079	0.0080243919	0.0391990823	-0.0380868795	0.0699201077	-0.1933649281	0.0322297009	0.1673799547	0.0876083606	-0.1451986631	-0.0037780118	0.0543585734	0.0903279415	-0.0680077451	-0.0027238826	-0.3923751244	-0.1610580678	0.3342601892	-0.6756759442	-0.0405392011	-0.0331179134	-0.1576621198	-0.1633489409	0.113837299	-0.1067109809	-0.1816452122	-0.0703199867	0.017769276	0.0470871492	-0.2084046592	0.0251294758	0.0979480554	0.0205324978	-0.0248300171	0.0973439049	-0.0432224279	-0.0037435443	-0.0483746652	0.0436472985	0.1034414224	0.0366662233	-0.0446835199	-0.1082719048	0.0971308965980028	0.0345556626052426	0.0094344110739319	0.0011940938180873	0.0423108196365547	-0.0159593488490941	0.001790205458317	0.000254700815687	-0.1667504958540036	-0.1419065680282543	0.0201374740495575	0.027805727867556	0.0067014486032746	0.0046492739279144	4.4909413382331085e-05	2.16157480567846e-05	-0.0003599995357788	0.000645639042657	4.168497734030475e-07	1.2959966576095153e-07	-0.0005953007932562	-0.0009453322338745	8.936530324023413e-07	3.54383034451461e-07	0.0	0.0	0.0	0.0	1.0	0.0	0.0
943.579192815914	5.523912936235774	30.51361412711293	890341.6931151318	1199.8782048347668	1.5601555261855538	2.434085265887322	1439707.7064375028	865.1509486509173	2.623176077510493	6.881052733623337	748486.163951582	954.4055589562116	812.3149309883072	2.069486	35.165768	0.2370629350847364	0.1241603943322504	-0.1240969858	-0.0228198208	0.1120206576	0.2524627522	-0.1710571512	0.0027038311	-0.0825403656	0.0999157347	-0.1386899292	0.1113911843	0.1118403739	-0.1647738358	-0.0483959669	0.1416940389	-0.1105503434	-0.0961855977	-0.1345206119	0.2972456328	0.0093586845	-0.0282584098	-0.2523284224	-0.1765375819	0.277640827	0.073335381	-0.1352425732	-0.077633942	0.0841354403	0.0346382809	0.1081475947	0.0790878264	-0.0179527534	-0.0530940324	-0.0085050132	0.0202229445	-0.0711089168	0.0735598153	0.0389802634	-0.1350465085	0.0658146661	0.0100869686	0.1657819888	0.1890307418	-0.0706196701	0.0552335471	-0.0423316235	0.1039334541	-0.1047614512	-0.128250329	-0.0788270345	0.0195707066	-0.0341250611	-0.0595295586	0.0745873708	-0.2250982434	-0.1041188486	0.0799819177	0.0414250114	-0.2269991628	-0.1257964718	-0.0633447426	0.3008157962	-0.0239522217	0.0311161674	0.0300368559	0.0891640821	0.1376283251	0.0123911266	0.1805285804	0.0510327467	-0.1081810971	0.0099527642	-0.114537602	-0.0004166388	-0.1156254066	-0.1445835173	0.1546451772	-0.1789272704	0.0742847722	0.0722911811	-0.1230266884	-0.0906262614	-0.1306207909	0.0792204463	-0.0403042125	-0.1658606664	0.1764695711	-0.0818315158	-0.3507187053	0.1788299406	-0.0478738714	-0.0908011192	0.0389300611	0.0741447997	-0.0212763536	-0.0215316636	-0.0120933617	0.041516329	-0.0168282602	-0.0745119242	-0.0551787117	-0.0422752787	0.3283958803	-0.1856446323	-0.2176898032	-0.0077439779	-0.0105117466	-0.3594564807	0.0121391035	0.0007518616	-0.0618894658	-0.013413115	0.1013839798	0.0301376669	-0.0540487397	-0.1150284477	0.0034985646690302	-0.0936323319289725	1.2239954743386396e-05	0.0087670135824573	0.0396824310120251	-0.0026283886245295	0.0015746953310241	6.908426761556587e-06	-0.1922506867151128	-0.0255001908611092	0.0006502597339529	0.0369603265424324	0.0060719785238202	-0.0006294700794543	3.686892319373374e-05	3.962325809283282e-07	0.00076703197766	0.0011270315134388	1.2702000322841525e-06	5.883380547530107e-07	-0.0011448396737655	-0.0005495388805092	3.0199298119141466e-07	1.3106578786274965e-06	0.0	0.0	0.0	0.0	0.0	1.0	0.0
942.1727565459096	-1.4064362700044055	1.9780629815839057	887689.5031773178	1204.789610642653	4.91140580788624	24.12190700973869	1451518.0059124755	863.8857376612974	-1.2652109896198451	1.6007588482548285	746298.567734604	952.9991128541842	793.9599587287489	1.499926	25.487516	0.1502823481847802	0.080119347192503	0.0490519575	0.0471198988	0.1152873507	0.131892771	-0.1980120036	0.0153924032	0.0346388918	0.0407637612	-0.0304350094	0.0672104013	0.0831615078	-0.1257741542	0.1390381956	0.1391952632	0.2445465231	-0.1653132143	-0.1538263263	0.0222848719	-0.0222843758	0.0157774177	0.0034114364	-0.0205371264	0.2469343751	-0.0388889921	-0.0040726342	0.2304179086	-0.0547808382	0.0181623088	-0.1627013832	0.0770908776	0.0090412866	0.0579062771	-0.0014114346	-0.0809472522	-0.1385771684	0.0399838991	-0.0680128424	-0.0120329614	-0.1465482584	0.0606686541	0.0931026835	0.1019596413	-0.1309763487	0.064384753	0.0273549421	-0.1192095053	0.1047881603	-0.0425101406	-0.0948699757	0.0658979804	-0.1166946732	-0.010914038	-0.1118323187	-0.1083229395	-0.0737637089	-0.0443919886	0.0019039072	-0.1398787876	0.1015141208	-0.0459389959	0.1360053943	-0.0449755674	0.0017416539	-0.0465391629	0.0289103058	-0.1613589841	-0.1799209265	0.0348373309	-0.2207542519	-0.1520530657	-0.0412665265	-0.1287654549	-0.1299695857	-0.0460424073	-0.1213017194	0.0888442142	-0.0254596526	-0.0446075092	0.0592119665	-0.021875454	-0.1090337772	-0.0746652406	-0.1561057902	-0.034174432	0.1099502191	-0.1493960881	-0.0001944791	-0.1650234417	0.1770097729	-0.0594096155	0.0789345481	0.0441951742	-0.0972188328	0.0385684308	0.1057564153	0.0366553427	-0.0362648242	0.0473284358	-0.0790723373	0.2365399932	0.0091788613	0.0380125477	-0.0945127542	-0.0231837694	0.1030744104	-0.0335797325	0.043232237	0.0734403087	-0.0552076582	0.1240831387	0.0804879522	0.0992570537	0.0235265052	-0.063080731	-0.1205247148	0.0082718830553858	0.0047733183863556	6.842404928197873e-05	2.2784568417520437e-05	0.0250217106269161	-0.0146607203851089	0.0006260860026971	0.0002149367222103	-0.1522413357525422	0.0400093509625706	0.0016007481644461	0.0231774243117182	0.0049471532494731	-0.0011248252743471	2.4474325273772252e-05	1.2652318978100288e-06	0.000288198222021	-0.000478833755639	2.2928176553934963e-07	8.305821517606559e-08	-0.0009317195347367	0.0002131201390287	4.5420193659654996e-08	8.681012914099728e-07	0.0	0.0	0.0	0.0	0.0	0.0	0.0
942.3701310884936	0.1973745425840434	0.0389567100602603	888061.4639677446	1202.6067910805727	-2.18281956208034	4.764701240600607	1446263.0939531124	863.1767372388518	-0.7090004224455697	0.5026815990279964	745074.0797103099	951.9588871531704	795.8688047291718	1.208975	20.543516	0.0554984513516089	0.026821817816479	-0.1179289044	0.1007081824	0.0895057992	0.1275895196	-0.2613918251	-0.0013707814	-0.0206332228	0.0074335324	-0.0944577416	0.0096467174	0.1266600961	-0.1312566695	0.0544847445	0.0428130703	0.1084960689	-0.1885207543	0.0789394899	0.0744910636	0.0649395446	-0.154458411	-0.0237226339	-0.0526477366	0.196405506	-0.1091984657	0.006674666	0.0459895928	0.0736623299	-0.0855572389	-0.0385573301	-0.0144426732	0.0145183757	0.0278146006	0.0382565756	0.0556235515	-0.0374099954	-0.1733780898	-0.0611153873	-0.0378427931	-0.0068342453	0.0591122531	0.1877409074	0.0760987935	0.06477759	0.1236520158	-0.0176581712	-0.1716848904	0.0786816216	-0.1054577119	0.1034850653	-0.1120367983	0.1049010693	-0.02171837	0.0818421374	0.0491469162	0.0229891743	0.0435311871	-0.1218122818	-0.1597392817	-0.0191036811	-0.0911427739	0.1390655103	0.0316871393	-0.0819596528	0.2302488911	0.0901274862	-0.1166540484	0.0079925354	-0.0238889873	-0.0091948861	-0.0685411308	-0.0719462535	0.0390626193	-0.0832864673	0.0282313533	0.0189264719	0.02406509	0.0311294197	0.1067666394	0.0014881849	-0.0336600566	-0.0384052456	0.0285721273	-0.0730596255	-0.0870690238	-0.0527800997	-0.007047123	-0.102814369	-0.2166985225	0.1322175761	-0.0466989517	0.0489961821	0.0886982743	0.0506532344	-0.0050253092	0.1245185509	-0.0950853626	-0.0115406267	-0.0527125517	-0.110162707	0.0269943563	0.0407727895	0.1139947242	-0.134553455	-0.0430583409	0.0408401076	-0.1202601984	0.0383940546	0.0393547237	-0.1345704394	0.1038376632	0.0647037222	0.0970621018	0.016850859	-0.0717238087	-0.124700488	-0.0013631169784531	-0.0096350000338389	1.858087896947109e-06	9.283322565207564e-05	0.0211334546118848	-0.0038882560150313	0.0004466229038325	1.5118534838427103e-05	-0.1499215027886435	0.0023198329638987	5.3816249803910495e-06	0.0224764569984052	0.0046180833052621	-0.000329069944211	2.132669341434052e-05	1.0828702818303105e-07	0.0001071961860161	-0.0001810020360048	3.2761737037919115e-08	1.1491022296398314e-08	-0.0012147548012976	-0.0002830352665609	8.010896211719974e-08	1.4756292272755715e-06	0.0	0.0	0.0	0.0	0.0	0.0	0.0
943.2610634910184	0.8909324025247543	0.7937605458685307	889741.433898207	1201.8632215842222	-0.7435694963505739	0.5528955959030462	1444475.203396805	864.9764025055961	1.7996652667442277	3.2387950723255723	748184.176891523	954.5019742331416	802.0021258263306	1.288006	21.88645	0.0718484109447298	0.0417149911744525	-0.142354567	-0.1259516302	-0.033677623	0.1670149644	-0.1759499679	0.0334974175	-0.0255903028	0.0820370736	-0.2361596973	0.0147910098	0.0132880376	-0.0433258769	0.0712868337	0.0535700816	-0.0387461559	-0.0967051436	0.0505579578	0.0429273431	-0.0113539814	0.0140039464	-0.1763329309	0.1222905259	0.1200589119	-0.0917108996	-0.1214200982	0.0566743766	0.0010452231	-0.0438520987	0.0942413266	0.1680060124	0.0712855809	0.1497169451	-0.1251799763	-0.0789977041	0.1551613178	0.1079116506	1.93761e-05	-0.0206352582	0.0923982684	-0.0849367543	-0.0412612458	0.0063242302	0.0336215284	0.0391722637	-0.1048433824	-0.1236475061	-0.0354986867	0.0418794141	-0.1288493091	0.1216372364	0.1240867498	0.0355580293	0.072445786	0.0748707568	-0.1249082426	0.1600818661	0.0322437296	-0.1666791513	0.0415022317	-0.0329636142	0.0580801809	0.1002385625	0.1348242343	0.0113420416	0.2006520272	-0.1859806838	0.0003349438	-0.0118031364	-0.0199024234	0.168222426	0.1572125786	0.0053878725	0.0005209528	-0.053776968	0.0077770895	0.014715743	-0.0514352515	-0.0952923907	-0.0233899602	0.1270395421	-0.1308872718	0.0879111742	-0.0142880172	0.2748294913	-0.0492426464	0.0158640982	0.0350113789	-0.1315592862	0.1690906901	-0.1044192064	0.047925399	0.0891460031	0.126266834	0.1532821353	0.0047666592	-0.0044144401	0.0213527211	-0.012658828	-0.0717205333	0.1170046069	0.0707869305	0.0187060059	0.0551050954	0.0450565063	0.098662773	0.0195486478	0.0213312581	-0.0723332588	-0.0296503006	0.115794784	0.1069742397	0.0948006283	0.0101290257	-0.0799246852	-0.1275100165	0.0047379817908108	0.0061010987692639	2.244847145005472e-05	3.7223406192313474e-05	0.0190985070991303	-0.0020349475127545	0.0003647529734155	4.1410113796657295e-06	-0.160174898068135	-0.0102533952794915	0.0001051321147574	0.0256559979711374	0.0043150382496375	-0.0003030450556245	1.861955509583466e-05	9.183630573851668e-08	0.0008297890247559	0.0007225928387397	5.221404105980425e-07	6.885498256053475e-07	-0.0012582962945976	-4.354149329999983e-05	1.89586163879393e-09	1.58330956499805e-06	0.0	0.0	0.0	0.0	0.0	0.0	0.0
941.1489547459076	-2.1121087451107314	4.461003351173229	885761.3550193146	1206.1540504846816	4.2908289004594735	18.411212653018254	1454807.593500604	863.7229264505794	-1.2534760550166766	1.5712022205001703	746017.293676353	954.6213430820382	790.884101748035	1.148783	19.520702	0.0653043529359732	0.0371823068308245	0.026659737	-0.0598048301	-0.0763980172	0.1352182251	-0.0795398714	0.0977659155	-0.0647333189	0.0567101615	-0.1136324229	0.1863559606	-0.044794273	0.0334569166	0.0737702637	-0.0384273978	-0.0722603038	-0.1021985983	-0.0147915414	-0.1027241152	-0.1059849047	-0.0406841556	-0.0893340795	0.0966968514	0.1097666068	0.1064882959	0.0434935319	0.0388867493	0.0866187865	-0.0390931102	-0.1500748965	-0.0653065643	0.0118760518	0.0593463927	0.0954322657	-0.1409497692	0.1361769129	0.1175120709	-0.02295116	-0.0518799945	-0.0744639993	-0.1038460781	-0.1301122429	-0.019660434	0.1676426845	-0.2221037249	-0.1422288003	-0.0368871962	-0.082058469	0.0291837046	0.0482932959	-0.0160399012	0.1590583143	-0.019094684	0.045807561	-0.0441683866	-0.1145986541	0.0822867907	0.1160367829	-0.0107191598	0.0275420932	-0.0413948072	0.1071836998	0.0564307515	-0.2075080104	0.1057551962	-0.100203146	-0.093495892	-0.0572133329	-0.0719835198	-0.0329450806	0.060596811	0.0718109973	-0.1174064255	0.1340810315	0.0032678235	-0.0446533077	-0.1134338185	-0.0952040811	0.0127164147	0.0114633895	-0.0298326261	0.120058369	0.2414587096	0.0164177746	0.2480614191	0.1816089181	0.0714126999	-0.0427378014	-0.0963697692	0.1469473428	-0.1210699434	0.0411731154	-0.005862747	0.1005748521	0.0725177918	0.0275971718	0.1432600563	0.0604526146	-0.0097357205	0.0781089349	-0.0092945723	0.0122274572	-0.0316153718	0.0619264927	0.0211660458	0.1912816624	-0.0612277645	-0.0503569187	0.0183186314	0.0061608887	0.1623183666	-0.0265493719	0.0924741833	0.0033794295	-0.0876327994	-0.1289225186	0.0098385639710727	0.0051005821802618	9.67973410128898e-05	2.601593857760523e-05	0.0154284632488668	-0.0036700438502634	0.0002380374782216	1.346922186285692e-05	-0.1412450816362422	0.0189298164318928	0.0003583379501451	0.0199501730864287	0.0041917764704907	-0.0001232617791468	1.757098997855947e-05	1.51934661984346e-08	0.0007921055223507	-3.768350240519996e-05	1.4200463535227111e-09	6.274311585384753e-07	-0.0006671633666785	0.000591132927919	3.494381384702078e-07	4.451069578377906e-07	0.0	0.0	0.0	0.0	0.0	0.0	0.0
939.293601130829	-1.855353615078684	3.442337036985541	882272.4691253208	1199.406261346279	-6.747789138402595	45.53265825634404	1438575.3797566586	862.1367761504785	-1.5861503001009396	2.5158727745103007	743279.8207911402	951.71411175173	779.8935477437386	1.045429	17.764462	0.0768658094635131	0.0409858827608224	0.0490317876	-0.0913806542	-0.1207222328	0.0590696714	-0.0529873802	0.1019568802	-0.1072659383	0.0304973263	0.0044305251	0.0996053304	0.0042358632	0.0696422408	0.0791332146	0.0914157451	-0.1204427196	-0.0239707716	0.0464311494	-0.1237277855	-0.1395772606	-0.0725900598	-0.0136134639	0.0145063233	-0.0177426228	-0.0059088098	-0.1785343823	0.1551292582	0.0389144469	0.0788000592	0.0993549017	-0.0789608129	-0.1410830398	0.0597250851	0.0988258763	0.1688135334	0.1646832894	0.0670463687	-0.0600947524	-0.2317266151	-0.0070007167	-0.0721748504	0.0068587031	0.0626292692	0.0027831618	-0.0246618953	-0.0289310647	0.1168401797	-0.002218473	0.0412794275	-0.1601691865	-0.0550901347	0.1570549463	0.0548125965	-0.1822345605	0.0160029754	-0.078681317	-0.020202705	0.0673853522	-0.0311107957	0.0394658942	-0.1534532922	0.0194379064	0.1110134692	0.009605064	-0.1356975655	-0.0954632116	-0.102463128	0.0938955951	-0.0446024021	0.0673648901	0.0240088401	-0.1784223964	0.1137622319	-0.1347297446	-0.0047638419	0.03934385	0.0164711263	-0.0668904621	0.101637828	-0.021697975	-0.0718013851	-0.0200482694	0.081607897	0.0511615908	0.1128326472	0.046842968	0.0541805058	-0.0506590008	-0.058732106	0.0586175507	-0.0811424875	0.1084844995	0.0327710448	-0.0550980981	0.0604572066	-0.1501242624	0.0891309646	0.0520848405	0.0056808011	0.0660736892	0.0554341374	-0.0716482308	-0.1132869834	0.190682328	-0.0620355746	0.1275190338	-0.0170616183	-0.0685173015	-0.0544766698	-0.0344567313	0.1452604228	-0.0403772899	0.090084361	-0.0033794295	-0.0948006283	-0.1289225186	0.0082663183817004	-0.0015722455893722	6.833201958763793e-05	2.471956193300648e-06	0.0306175699522981	0.0151891067034312	0.0009374355897838	0.0002307089624482	-0.1296235810989827	0.0116215005372594	0.0001350592747375	0.0168022727769245	0.0045510759760991	0.0003592995056084	2.071229254022637e-05	1.290961347304408e-07	0.0001839877791622	-0.0006081177431885	3.698071895806745e-07	3.385150288103847e-08	-0.0006649214828064	2.2418838721000164e-06	5.026043295982163e-12	4.4212057829746164e-07	0.0	0.0	0.0	0.0	0.0	0.0	0.0
937.5977356198152	-1.6958655110137215	2.875959831445831	879089.5138394049	1201.6311749189329	2.2249135726538043	4.950240405779115	1443917.480537055	862.5461650719803	0.4093889215018862	0.1675992890484775	743985.88688038	951.1811114343328	765.3643704542061	1.077206	18.304434	0.0628772699904293	0.0291344894666725	0.0510997662	-0.0384689616	-0.1596813191	-0.03029914	-0.0170476185	-0.1009061467	-0.1390496961	-0.1185405001	-0.0227730886	0.1378460709	-0.0288319842	0.0981978185	-0.0066737144	0.0286914823	-0.1371728716	-0.0314235628	0.2023465573	-0.128881851	-0.0418853754	-0.0656832049	0.0296632162	-0.0147122115	0.0075782674	-0.0533805384	-0.1291830432	-0.012057051	0.1810290496	0.0199566228	0.0317220302	-0.0872352103	-0.0871987254	-0.2356427269	0.0948853271	0.0548593561	0.0614251604	-0.1905393932	0.0102648119	-0.0701766271	0.0236081465	-0.1349901078	-0.1314684497	-0.1021616674	-0.094412219	-0.0730467989	-0.1218863957	-0.1043199204	0.03498638	0.0452099512	-0.1010057298	0.0678290345	-0.2039169671	0.0613860073	0.1363234709	-0.0404142808	0.0489394286	-0.0673701205	0.1103058508	-0.0572843725	-0.0461298243	-0.1125714684	-0.0318314568	0.2215357825	-0.1773963701	-0.0221372064	-0.1313310441	0.0258726461	0.0901564946	-0.0185388165	0.0319452185	0.1492953164	0.0717882641	0.0616911732	-0.0404430321	0.0383914392	-0.0351889819	-0.062311131	0.0268230071	0.2369845659	0.0625875101	-0.1625740567	-0.0936178654	-0.004530697	0.0415748755	-0.077699819	0.008979999	-0.1161900598	0.0628087792	-0.0775597113	-0.0362606954	-0.0585237668	0.1154313362	0.01160746	-0.0235594258	-0.0475819887	-0.1508652926	0.0309734498	0.0076425861	-0.0467254352	0.0731286031	0.0671180655	-0.1407571299	-0.136921657	0.1722645239	0.0504885903	0.0416223442	-0.0318178662	-0.1278376069	0.0850372848	-0.0102098982	0.123030239	-0.0329719326	0.0876327994	-0.0101290257	-0.1013839798	-0.1275100165	-0.0043198824635197	-0.0125862008452201	1.866138449862503e-05	0.0001584124517162	0.0296152765437938	-0.0010022934085042	0.0008770646047653	1.004592076731163e-06	-0.1215287434992262	0.0080948375997565	6.552639576643161e-05	0.0147692354965007	0.0048009989702677	0.0002499229941686	2.304959111251152e-05	6.246150301419826e-08	-3.095798654206838e-05	-0.0002149457657042	4.6201682194194245e-08	9.58396930738887e-10	-0.0010239314856725	-0.0003590100028661	1.2888818215791726e-07	1.0484356873514932e-06	0.0	0.0	0.0	0.0	0.0	0.0	0.0
941.374512180986	3.776776561170777	14.264041193008962	886185.9721839894	1201.499814253587	-0.1313606653459373	0.0172556244001273	1443601.803651404	864.3661154071937	1.8199503352133208	3.312219222643078	747128.781464122	952.287609174698	780.5236644951943	1.188083	20.188519	0.0690108256357654	0.0353702751311625	0.0653256086	-0.0315230406	-0.0489551164	0.019090876	0.0271060393	-0.0763321836	-0.1305024755	-0.0890855175	0.1035937129	0.1135966178	0.0079334897	-0.0406263169	-0.2174119475	-0.1087536858	-0.1064341586	-0.1887395245	-0.0747521317	0.0767200355	-0.0288921782	0.0225885514	-0.1170747896	-0.0993745781	-0.1025516237	-0.0285923262	0.0416090418	-0.0354707283	-0.0328816246	-0.1543673035	-0.0780690784	-0.0883002637	0.1318211373	-0.1862869397	0.113540123	0.0142438363	-0.0212522802	-0.2004974018	-0.0677448383	0.0238222985	0.06881385	0.0373716651	-0.0724984743	0.0917319933	-0.0717795965	0.0057375552	-0.0802723939	-0.1315328734	-0.0305044059	0.1194872346	-0.0499136158	-0.1703672868	0.0418667943	0.0899046898	0.0823276642	0.0796993808	0.0452242363	-0.0992426135	0.0457073658	0.0189666733	-0.161656937	0.0162355584	0.0334115479	0.1030376422	0.1272676697	0.246953495	-0.0762446253	-0.0237791108	0.008274409	-0.0090568091	0.1500163193	-0.0580401807	0.0681418354	-0.0465420841	-0.0146310769	-0.0184399426	0.0509941596	0.0061980453	0.0290301028	0.1032462956	-0.039062086	0.0407221379	0.0388172621	0.0320052683	0.0306729266	-0.1563311723	0.1916535556	-0.1856325004	0.0044172961	-0.0882668264	-0.088513683	-0.021244091	0.1364632097	-0.0673662074	-0.0054571424	0.0563499365	-0.067384393	0.0090570325	-0.0132390023	0.0256499682	-0.0293912576	0.0310259862	-0.1870278171	0.0259224879	-0.001424817	0.0301701324	0.1117951835	-0.033695502	0.1661060008	0.1044176967	0.0082375634	-0.0443181777	-0.1441588232	0.0851211787	-0.016850859	-0.1073422654	-0.124700488	-0.0046340157606437	-0.000314133297124	2.1474102069894208e-05	9.867972836199537e-08	0.0303155942074511	0.0007003176636572	0.0009190352521508	4.904448300304166e-07	-0.1423221809295469	-0.0207934374303207	0.0004323670401686	0.0202556031845426	0.0044516672293276	-0.0003493317409401	1.981734112066927e-05	1.2203266522824152e-07	0.000367659427152	0.000398617413694	1.588958425001481e-07	1.3517345437373682e-07	-0.0008278218954134	0.0001961095902591	3.8458971391592154e-08	6.852890905258341e-07	0.0	0.0	0.0	0.0	0.0	0.0	0.0
939.9076433402128	-1.4668688407732589	2.1517041960314844	883426.3780093526	1201.2220860016653	-0.2777282519216442	0.0771329819154522	1442934.4998981922	863.1183617066802	-1.247753700513499	1.5568892971451307	744973.3063152236	952.4399826040792	791.64074221106	1.086118	18.455875	0.0435850974688169	0.032784088301153	0.0575724858	-0.0209107031	-0.0131758692	0.1191170404	0.1054932481	0.0218187914	-0.1662103591	0.047598738	0.069307998	-0.0771759545	-0.2368857391	-0.1713209838	-0.0138631958	0.0391461789	-0.0742119346	-0.0288464227	0.0596509691	0.0762748701	-0.0669715111	-0.0652261177	-0.101826073	-0.1096361875	-0.1107376359	-0.1348598217	0.0801938798	0.2196647683	-0.0083566017	-0.0915300165	0.1021018297	-0.096534511	0.128731954	0.0411916127	-0.0360859884	-0.0351064981	0.0024259417	-0.008098169	0.0930619464	0.0855251622	-0.1610303885	0.0117470884	0.0060646098	-0.0226118599	-0.0048826852	0.0342488157	0.0676581848	-0.0064367582	-0.0258866814	-0.0183961538	0.0453063089	0.0590641067	-0.0161844324	-0.137234477	-0.023787305	-0.0279799796	-0.0336204161	0.0079160631	-0.0296511233	0.1901852393	-0.1372273348	-0.0608704688	0.1095461664	0.0573436557	0.0426581816	-0.0204511225	0.044312517	-0.1591627809	-0.0545525222	-0.0091297923	0.0210014931	-0.0753206865	0.0349265954	0.1097059495	0.0070617763	-0.0721302264	-0.0954397921	-0.1267601883	0.0472363682	-0.1150704696	-0.0577242887	0.038048397	-0.0679006474	-0.1215687759	-0.199535191	-0.0273415074	-0.04028454	-0.0074248528	0.1165702607	-0.1288053482	-0.1147919209	-0.0827737429	0.108709735	-0.1581671952	0.0206268217	-0.0216737757	-0.0334219299	-0.0058433278	0.0201037816	0.0488878241	-0.0363047628	0.0009533208	-0.0900984474	0.0119344157	-0.0434871752	-0.0611406051	0.0016269333	0.0441636652	0.1104284639	-0.0120074485	0.0340222329	-0.1275974339	-0.1041834071	0.0825512202	-0.0235265052	-0.1126387502	-0.1205247148	-0.0041974497372052	0.0004365660234384	1.7618584296364005e-05	1.905898928209046e-07	0.0324289333309906	0.0021133391235395	0.0010516357169858	4.466202251082718e-06	-0.1392705553242379	0.0030516256053089	9.31241883497752e-06	0.0193962875803216	0.0043522661803671	-9.940104896049956e-05	1.894222090476723e-05	9.880568534447628e-09	0.0003418190162367	-2.584041091530001e-05	6.677268362715557e-10	1.1684023986102541e-07	-0.0014622517698682	-0.0006344298744548	4.0250126560073323e-07	2.1381802384826832e-06	0.0	0.0	0.0	0.0	0.0	0.0	0.0
939.2537794438256	-0.653863896387179	0.4275379949986235	882197.6621995105	1199.640519166604	-1.5815668350612668	2.5013536537657126	1439137.3752263193	863.3136697490563	0.1953080423761548	0.0381452314168059	745310.4923755827	951.5739097167104	781.6885212068822	1.037913	17.636753	0.0773109812063636	0.0367707894881004	0.1071799568	0.018366996	-0.1061688652	0.0345206668	0.064069495	-0.0159788681	-0.1395020209	0.0800480624	0.1576646727	-0.1149181989	-0.0217678256	0.0201403232	-0.0415298069	-0.0075281887	-0.0261935874	-0.1261013389	-0.0821784187	0.115536583	-0.0458805257	-0.0301691651	0.0173266997	-0.1137945362	-0.0765686287	-0.0243850098	0.075292991	0.1751766607	-0.0429581451	0.1160329125	0.0071749215	-0.0112427899	0.1366932492	0.1109650909	0.0823261271	0.0492768012	0.0129697934	-0.1587849771	-0.0061251913	-0.1036848041	0.1510459076	-4.1324e-06	-0.126019286	0.0543055872	0.0232023563	0.0183914111	0.0643497267	-0.1551655366	-0.0827898159	-0.0452030899	0.0192580418	-0.0719867991	-0.0673873349	-0.0441869514	-0.0628598419	-0.0672696731	-0.0520251207	-0.0559417471	-0.1291815137	0.1120441299	-0.0143813291	-0.0503662068	0.0781201017	0.0961290842	0.1833501117	-0.022550979	-0.0151713287	-0.0273963488	-0.0388842433	-0.0697985263	0.0560718114	-0.1407454332	-0.0628279906	-0.0190172563	-0.1914055154	0.047967645	-0.0550387658	-0.0286772162	0.0276095236	0.0316399429	0.0416103352	0.0283645414	0.0560708868	-0.0017337442	0.0448377602	0.1289152674	0.1151353785	-0.0136153352	-0.055640363	-0.0840292881	-0.1191747883	-0.0938138481	0.142694718	-0.0959737976	-0.0450179209	-0.0914085012	-0.0512363338	0.004517714	-0.076985484	-0.0099628445	-0.0513706329	-0.0535196838	-0.0107123526	0.0241633693	-0.0194356237	0.0205527153	-0.0316357849	0.1724009726	0.1459914845	-0.0746820224	-0.054007825	-0.1143464308	-0.066395226	0.0799246852	-0.0301376669	-0.1172407796	-0.1150284477	-0.0230022415454556	-0.0188047918082504	0.0005291031161154	0.0003536201949516	0.052825045337272	0.0203961120062814	0.0027904854148848	0.0004160013849727	-0.1261963130313361	0.0130742422929018	0.0001709358115335	0.0159255094227029	0.0043204093086307	-3.1856871736400325e-05	1.8665936594102803e-05	1.0148602768294615e-09	0.000423005855092	8.118683885529997e-05	6.591302803316444e-09	1.7893395344211408e-07	-0.0018499247612551	-0.0003876729913869	1.5029034825086746e-07	3.4222216223047382e-06	0.0	0.0	0.0	0.0	0.0	0.0	0.0
939.2035517213732	-0.050227722452405	0.0025228241027558	882103.3115660421	1199.3342471978603	-0.3062719687436583	0.0938025188381164	1438402.6365016585	862.5102501344145	-0.8034196146418253	0.6454830771912191	743923.9315869303	950.116808346581	776.7649242414927	1.03129	17.524206	0.0551040614257767	0.0314294516710425	0.1085393998	0.1223769846	-0.0638990301	0.0388510527	0.0482514673	-0.1272166264	-0.17019819	-0.00847206	0.0664416249	-0.1173207586	0.000876946	-0.0188573013	-0.0518860007	0.067479356	-0.063957212	0.0102519089	-0.0378750086	-0.11031364	0.017579687	-0.0613546832	0.134786992	-0.1040397444	-0.0931152796	0.0326663898	-0.0094432375	0.0820720506	-0.0604403211	0.0985336231	0.0298848594	0.1227745509	-0.0255841992	-0.0584865835	0.1694028362	-0.0441862614	-0.093926685	-0.1160380245	0.1397105563	0.0830956299	0.2350684587	-0.0022734363	0.0228804388	0.0623609816	-0.0565373358	-0.1624676171	-0.0818998038	0.1297760377	0.0889132217	0.0020261761	-0.0313554815	0.004706031	0.0646724012	-0.1438890091	-0.0309394017	0.0121466849	0.0400157222	-0.0944576184	-0.134570872	0.0230459847	0.00016924	-0.0901456098	0.0508281716	0.0938396864	0.0825017385	-0.1465251198	-0.0276189935	0.0036849047	-0.0947224507	-0.0840943934	0.036312409	0.1605042131	0.1199432976	0.063821323	0.0036724107	0.127618206	-0.056644243	0.1096488987	-0.0465967161	0.0162746994	-0.0248526023	-0.0707913413	0.1147839288	-0.1526196609	0.1957764447	-0.1347539762	-0.097200844	0.0380119718	0.1416502106	-0.0773712664	-0.1222744049	-0.0508047618	0.1083373503	-0.0405343012	-0.1245543415	-0.0957452751	0.0057792775	0.0428850039	-0.0255781802	0.0124731177	-0.0037694551	-0.0495657581	0.007162102	-0.0096909384	0.1728964755	0.005149808	-0.0445350119	0.1168746454	-0.0043079024	0.0491596838	-0.0816117584	-0.0933507647	0.0100018474	0.0772433738	-0.0366662233	-0.1211199807	-0.1082719048	-0.0114749291670079	0.0115273123784477	0.0001316739993878	0.0001328789306703	0.0434181835902762	-0.0094068617469958	0.0018851386662789	8.848904792709289e-05	-0.1291936672600044	-0.0029973542286682	8.984132372115658e-06	0.0166910036600887	0.0042307934112209	-8.96158974097996e-05	1.789961288843018e-05	8.031009068563728e-09	0.0004172057651172	-5.800089974799996e-06	3.364104371577541e-11	1.7406065044702824e-07	-0.0013218900872064	0.0005280346740487	2.788206169977169e-07	1.7473934026545436e-06	0.0	0.0	0.0	0.0	0.0	0.0	0.0
940.252766082958	1.049214361584859	1.1008507765559232	884075.2641266538	1198.6231455680652	-0.7111016297951664	0.505665527897342	1436697.4450914832	863.7272690676572	1.2170189332426844	1.4811350838711614	746024.7953310731	951.7250206773266	785.9117387557634	1.156615	19.653793	0.0350727494944262	0.0189253364650629	-0.0117567286	0.1819824905	-0.0802470187	0.006830007	0.0391688285	0.0230368567	-0.0857954305	-0.0384792748	0.0106005244	-0.1216997071	0.0095596464	0.0843955914	-0.0336942594	-0.075986069	0.0035189595	-0.0247804794	-0.0630240241	-0.1221458634	0.0730462296	-0.1241013887	0.0711157685	0.0535112357	4.87199e-05	0.0663961377	-0.0272820612	0.0124090625	-0.0821519538	-0.1002200724	0.0815864534	0.2334725211	0.0525710753	-0.025872496	-0.0758636182	-0.0927572962	-0.0165342256	-0.0932654144	0.1238064481	0.0478939807	0.0393688383	-0.031303346	-0.1620086874	-0.0100878926	0.0435090433	0.0511111009	0.0948374445	0.0090417171	-0.2164581529	-0.0910293092	-0.0225176356	0.0980574427	0.0541668603	0.0035378271	-0.1529256571	-0.0246858274	0.092993251	0.0438651449	-0.127430834	0.0013354263	0.0498147121	-0.0555298524	-0.0050287375	0.0320134737	0.0984227135	0.0453144332	-0.1338145472	-0.0565983713	0.0339236567	0.0794219727	0.0887295266	0.0944608699	0.0529085799	-0.045844254	0.0731439284	0.1019415022	-0.0443534997	0.0927077064	0.0897414248	-0.0916295235	0.0790993465	0.0523875889	0.0061428514	-0.1853778684	0.0190534779	0.107387763	0.0081653169	0.0872232847	-0.1184355687	-0.0335747642	-0.0716536143	-0.0699466745	0.1110899254	0.0811252904	-0.070655613	-0.1308377809	0.0723245483	-0.0497321177	0.034337953	-0.0070007734	-0.0083660208	-0.1232683839	0.0926472939	-0.1098782706	0.0656759729	0.0539038802	0.0074977679	-0.0146554601	0.0031164027	-0.10511969	0.0282867903	-0.0603573228	-0.1068581027	0.0745091236	-0.0430942802	-0.1242524367	-0.1003291122	-0.0197611358547931	-0.0082862066877852	0.0003905024902715	6.866122127269617e-05	0.0445537295441198	0.0011355459538435	0.0019850348162905	1.2894646132905623e-06	-0.1176118371227019	0.0115818301373024	0.0001341387893293	0.0138325442313769	0.0040127709508465	-0.0002180224603744	1.6102330703957524e-05	4.7533793227706846e-08	0.0003959344372508	-2.12713278664e-05	4.52469389199885e-10	1.5676407860110768e-07	-0.0012798005411373	4.208954606910002e-05	1.771529888302893e-09	1.6378894250953256e-06	0.0	0.0	0.0	0.0	0.0	0.0	0.0
940.4011656559052	0.1483995729471416	0.022022433250894	884354.3523669852	1196.438178331424	-2.184967236641114	4.774081825195107	1431464.3145690165	863.9369851787438	0.2097161110866636	0.0439808472493138	746387.114359737	953.2554650619336	794.2070440331472	1.130797	19.215086	0.0325167124829097	0.0144831500299708	-0.0870499384	0.1350987353	-0.0734684475	0.0101126106	0.182075464	0.0952249217	-0.1738704548	-0.0421141372	-0.0842105216	-0.1654902806	-0.069513222	-0.0183649617	-0.0535698314	-0.0243127104	-0.0392397838	0.0051640371	-0.0382815481	0.0210665113	0.0481337278	-0.1553657375	0.0154447618	0.0451724631	-0.0500839247	0.0698587238	-0.0016901392	0.0337848252	-0.0250729687	-0.1721196607	0.057113866	0.0742058254	-0.0647383555	-0.1226422615	0.0055123157	0.145930326	-0.0441017659	0.2020491103	0.0214783799	0.0462020586	-0.060250431	0.0852701647	-0.0808174353	0.0805124717	-0.0847517094	-0.2499159642	-0.0040187777	0.1943500404	-0.0155712712	-0.1438614315	0.0478380301	0.0366990954	0.006697188	0.0690344117	0.1071703158	0.1049956388	0.1166958401	0.1495456907	-0.0636320833	0.0723417089	-0.0740997709	-0.0649853568	0.0134035986	-0.0225446826	-0.0580722551	0.028728495	-0.0676001935	-0.1085846818	-0.0166915558	0.01655882	0.0695970451	0.0320681039	0.1137029449	0.1353930638	0.0944220162	-0.2294987133	-0.0118940131	0.1525586044	0.0882810542	-0.0465588009	-0.1360701559	-0.060182307	0.0969621592	0.0003724864	0.0390243537	-0.1691963663	-0.0122623048	0.0430654368	0.0843956256	-0.0625989991	-0.1428934028	-0.0443455991	0.0961652617	0.044629989	0.0429907494	-0.1585644049	0.0608423009	-0.0568428891	0.0976275676	0.0189042334	0.082476866	-0.0763028443	-0.0321639313	-0.1419225293	0.0356514198	-0.1024200171	-0.0627997783	0.1019455073	0.0043123791	-0.1617920887	0.0748466598	-0.1218348666	-0.0563635123	0.0717238087	-0.0494042187	-0.1266188352	-0.0912870929	-0.023364648681877	-0.0036035128270839	0.0005459068080275	1.2985304694958207e-05	0.0364675310434989	-0.0080861985006208	0.0013298808204085	6.53866061914436e-05	-0.1214566913270118	-0.0038448542043098	1.4782903852399492e-05	0.014751727868105	0.0041148821847681	0.0001021112339216	1.6932255394521896e-05	1.0426704092991752e-08	0.0005331630208873	0.0001372285836365	1.883168416687989e-08	2.842628068416716e-07	-0.0013801036625971	-0.0001003031214598	1.0060716174579402e-08	1.90468611951393e-06	0.0	0.0	0.0	0.0	0.0	0.0	0.0
938.3231834758536	-2.077982180051549	4.318009940611789	880450.3966482604	1198.3146285032617	1.8764501718376323	3.52106524738948	1435957.9488849102	862.6256589053722	-1.3113262733716056	1.7195765952346629	744123.0274019276	952.8481110574504	786.4837340779413	1.287437	21.876781	0.2080916617453601	0.0981209955576844	-0.1221398444	0.0296658923	-0.1101836688	-0.1490582259	-0.0161025878	0.091616732	-0.0343777637	0.1009062917	-0.0125481668	-0.1517873367	-0.0249054456	0.1592036608	-0.0139358055	-0.0454810492	-0.0550432385	0.0924054814	0.0193579643	0.0718122081	-0.0307952996	-0.1459742899	0.1034119789	0.070229737	0.0317553692	-0.0899000874	0.0854374845	0.0960167912	0.0600437632	-0.0490298041	-0.1416383684	-0.0300471259	0.0068862569	-0.1412265214	-0.1515040866	0.0412210658	0.0091189239	0.0245990034	0.0614281018	0.0476950131	-0.1383363157	0.2357254705	-0.0042148051	-0.0590049877	-0.0720623475	-0.1350424776	-0.0304989624	0.0623392833	0.0976653421	0.0379198243	0.2432653978	-0.0692540835	-0.1531553237	-0.0546457713	-0.0209931456	0.0061635861	-0.0587423372	0.1083968413	-0.1450620883	0.0834680799	0.0071469299	-0.0476815291	-0.1324485403	-0.0191156862	-0.0698676229	0.0036211328	-0.0547018303	0.022670576	-0.0941148781	0.0370320853	-0.1593547557	-0.0832983485	0.0011435466	0.0676830199	-0.02690659	-0.2179128141	0.0878959912	0.0346596698	0.1559832568	0.0497305715	0.1616431299	-0.0451994621	-0.0072915896	0.0474252513	-0.1289218237	-0.1664051685	0.0474897367	0.0746987794	-0.0223326414	0.0367035724	-0.0079420162	0.0954770828	0.0852408067	-0.0092889098	0.1601950151	-0.0151609256	0.0606158749	-0.0918797367	-0.0031574014	-0.1246972881	0.1603003979	0.0289757016	0.0459298905	-0.0647479479	-0.0047363122	0.0293871898	-0.1076202617	0.0760335156	0.1523772749	0.1160012559	0.0282628076	-0.0243958848	0.1052191083	0.0688893378	-0.0555787436	-0.1282045865	-0.0812449131	0.004311029359485	0.027675678041362	1.858497413834165e-05	0.0007659431550491	0.0824310112747213	0.0459634802312223	0.0067948716197732	0.0021126415149659	-0.0632690736426511	0.0581876176843607	0.0033857988517813	0.0040029756795992	0.0038470478754086	-0.0002678343093595	1.4799777355685822e-05	7.17352172700806e-08	0.0001460203604468	-0.0003871426604405	1.4987943953294833e-07	2.1321945665013395e-08	-0.0005097829166288	0.0008703207459683	7.574582008628182e-07	2.59878622086566e-07	0.0	0.0	0.0	0.0	0.0	0.0	0.0
940.0794548727168	1.7562713968632124	3.084489219439859	883749.3814737845	1198.4141324361165	0.0995039328547591	0.0099010326535644	1436196.4328226098	863.1955194023218	0.5698604969495591	0.3247409859835984	745106.5047162441	951.5445138803968	781.8875634776668	1.223386	20.788403	0.0475662215849021	0.0252848043829044	-0.0552409383	-0.0920730063	-0.0832551292	-0.103588832	-0.0902738872	-0.0532795921	0.1882715965	0.1334856098	-0.0596651074	-0.0050663614	0.14568036	0.1613615913	-0.0677951573	-0.0192630534	-0.0347138925	0.1498580287	-0.0019222103	-0.0336173337	-0.0724848355	-0.0130349658	-0.00621619	0.0889753995	0.0312099238	-0.1314241452	0.0222019978	-0.1674793987	-0.0330726765	0.141628043	-0.0612291202	-0.0373462991	-0.0196676393	-0.0492660449	-0.1085125377	-0.0764837219	0.1244507334	0.1750573521	0.0040727564	0.0051553475	0.0197505116	0.0812650763	0.1320944198	-0.0584686346	-0.0785346	0.0838583755	0.1359635178	0.0364887918	0.0052141996	0.0278592562	-0.0620531894	-0.0819293624	-0.0715352229	-0.0213130841	0.2467370222	-0.0534066644	-0.1298829745	-0.0119863956	-0.0501105253	-0.1084005634	-0.017636967	-0.0082403659	-0.2192550661	0.0158077793	0.0439317587	-0.1536407449	-0.0128576813	0.1553039675	-0.0287128249	-0.0124898104	-0.1313418266	0.0459293811	0.084155237	0.0147182557	0.0308224262	-0.0384742057	0.0829370533	-0.0524686556	0.075311698	0.0189067412	0.0022985927	-0.0687725039	0.0389147227	0.000976598	-0.045701956	0.0002630764	-0.0825815816	0.010346056	-0.1818158934	0.0441731569	0.1142964074	0.0807449432	0.0240612282	-0.0075610044	0.0702513791	0.0835263308	0.0504351885	-0.088029858	0.0002805358	-0.1504314363	0.1150824152	0.0627553251	0.0167048576	-0.0692697931	0.0243490745	0.1789343976	-0.0859528789	0.0174132452	0.010270341	0.1177995606	0.0753243968	-0.0544399283	0.1055047632	0.0660076536	-0.0616009311	-0.1289999139	-0.0703125971	0.0182817457615129	0.0139707164020279	0.0003342222280885	0.0001951809167858	0.0826157587377451	0.0001847474630237	0.0068253635918133	3.4131625093729933e-08	-0.0805518263979223	-0.0172827527552712	0.0002986935427998	0.006488596736041	0.0040570376503519	0.0002099897749433	1.645955449637287e-05	4.4095705580737933e-08	8.985143855011479e-05	-5.6168921896685206e-05	3.1549477870359232e-09	8.073281009525055e-09	-0.0005661843190804	-5.640140245160002e-05	3.1811181985073523e-09	3.2056468317253616e-07	0.0	0.0	0.0	0.0	0.0	0.0	0.0
941.6617969692784	1.582342096561547	2.503806510550792	886726.9398714105	1205.2722907433142	6.858158307197755	47.03433536658557	1452681.294833636	864.3252761669373	1.1297567646155358	1.276350347194563	747058.1830210525	953.5501783430682	789.8882432553391	1.141233	19.392406	0.046358398336619	0.0262130178216031	0.0329451624	-0.1260420884	0.0716337684	0.001926547	-0.0222498976	0.0383964808	0.157094865	0.0852610336	0.00564982	0.1759858401	0.0066374261	0.0278710651	0.0094702684	-0.048817337	0.0287957861	0.0977886563	0.0358919278	0.0203073005	-0.0697760692	0.020370263	-0.0902996479	0.0225017502	-0.0233094623	-0.1023532072	0.2024961881	-0.1480980636	0.0319651159	-0.0529206733	-0.1997823856	0.0577976394	-0.0645048551	-0.0550710623	-0.0592898623	-0.1577451033	0.0939731989	-0.062063946	-0.1356573867	0.0856372588	0.100946798	0.0077997869	0.0211120947	-0.0620533224	-0.017846585	-0.0873178962	-0.0004932371	0.2071666006	-0.0414856466	-0.0714968888	0.0659469484	0.1716459877	0.0961855029	0.1975546966	0.0040106548	0.1004511294	-0.1450048402	-0.0559288853	0.0455797611	0.0148996023	-0.1043667192	0.0601819008	-0.1091391232	-0.0433961791	-0.1354099514	0.1105777757	-0.017306974	-0.0302115303	-0.1321257385	0.0258464866	-0.0387995871	0.031087539	0.0510954406	-0.2460613994	0.1538241235	0.1324861132	0.1559814774	-0.0941240734	0.1138181302	0.0688015278	-0.0572726769	-0.0094232667	0.0505285083	0.0257807219	-0.1103973077	0.0215306542	-0.1424126817	0.1411033163	0.0178661036	0.0551678721	0.0633942794	0.0755273709	0.0315606474	-0.0967928385	0.0774864897	0.0575474166	0.0398044159	0.0388908688	-0.0217885932	-0.0164076432	0.095542347	0.034440792	-0.0543957213	-0.0580803027	-0.1094041696	0.1039005729	-0.0963370034	-0.0944619059	-0.0106010912	0.1627622885	0.1358042541	-0.0946607189	0.0409375601	0.063080731	-0.0674542747	-0.1289999139	-0.0586099215	0.0113974236801084	-0.0068843220814044	0.0001299012665438	4.739389052051358e-05	0.085417055754732	0.0028012970169869	0.0072960734138069	7.847264977379739e-06	-0.0981183737489317	-0.0175665473510094	0.0003085835858352	0.009627215267135	0.0036750378671952	-0.0003819997831567	1.3505903325318643e-05	1.4592383433176593e-07	8.995968841007951e-05	1.0824985996471527e-07	1.1718032182380462e-14	8.092745538838593e-09	-0.0005661677143527	1.6604727700025166e-08	2.757169819919829e-16	3.205458807753605e-07	0.0	0.0	0.0	0.0	0.0	0.0	0.0
941.429493036204	-0.2323039330743768	0.0539651173218245	886289.4903584041	1202.7633546682505	-2.5089360750637297	6.294760228756194	1446639.6873328236	864.0346600136061	-0.290616153331257	0.0844577485770566	746555.8937048279	952.950082651624	791.7909019893559	1.026829	17.448402	0.0375395808916486	0.0245847574814177	0.0880664091	-0.0967757461	0.1491721935	0.014179384	-0.0212949002	0.1286704507	0.1435991222	0.1224507255	0.1463997441	0.0603771967	-0.0117355801	-0.017806569	0.0626108563	-0.1425895393	0.0968762356	-0.017521883	-0.0150213787	-0.002436382	-0.1454845392	0.0970381506	-0.0004536653	-0.0578712974	0.0523931604	0.031412264	0.0661985481	-0.0616525225	-0.1076743514	0.0155994048	-0.1190589129	0.0502339241	0.072189249	0.1484727687	-0.0672508708	0.0255431241	-0.023750666	-0.1193509291	-0.0219372842	-0.1142308939	0.0084534963	-0.0537649469	0.0288012742	0.0030296494	0.0697830534	0.0210950442	0.266066091	0.0827848638	0.0085198787	0.0012223418	0.2161538668	-0.1085659699	0.0593375698	0.147779641	-0.0236354248	0.0020026037	-0.1568161564	-0.0900609817	-0.0137240053	0.0835578917	0.0059705583	0.0247650613	0.0035336344	-0.1427767491	0.0886583325	0.1421683079	0.0626343458	0.1104606562	-0.0464774988	0.0143552882	-0.0384283023	0.0172879464	-0.0756134562	-0.0756305959	-0.1166182353	0.0932687163	0.1163845909	-0.0689157452	0.0554682397	-0.1603162488	-0.0324960285	-0.1319975359	0.0794542612	0.0913576148	0.0865466865	-0.0279904635	-0.0452847895	0.0946394397	0.0535580841	0.0623599862	0.1095778598	0.0920321026	0.0170135705	-0.0995234501	-0.0246216961	0.0570746581	0.0262284581	0.061941172	0.0032374334	0.0160412874	0.0335840827	-0.0132295081	0.0405662821	0.0799679777	-0.1797325919	0.0849354933	-0.0332490294	-0.0434556647	0.1193871119	0.1072054691	0.1432498917	-0.0935912428	0.0260948436	0.0601105761	-0.0731227308	-0.1282045865	-0.0462651033	0.0125747241142448	0.0011773004341363	0.0001581236865493	1.386036312217755e-06	0.0901057354836609	0.0046886797289288	0.0081190435670514	2.198371760046869e-05	-0.0981317981076586	-1.3424358726893404e-05	1.802134072283191e-10	0.0096298497998422	0.0038990202056181	0.0002239823384228	1.5202358563818208e-05	5.016808792539037e-08	9.16917394178096e-05	1.732051007730093e-06	3.000000693378831e-12	8.407375077463498e-09	-0.0001586785763862	0.0004074891379664	1.6604739756068125e-07	2.5178890603951106e-08	0.0	0.0	0.0	0.0	0.0	0.0	0.0
940.2283757516605	-1.2011172845435567	1.4426827312292874	884029.3985686055	1204.1377099844126	1.3743553161621094	1.888852535063052	1449947.6246065053	863.416002526444	-0.6186574871620678	0.3827370864216841	745487.1934187444	953.3039231545392	792.4454327849054	0.903419	15.351349	0.0596751753579431	0.0291427940556567	0.0935355396	-0.0964734213	0.0910660754	-0.0354589705	-0.0206463526	0.1584265198	0.0548249127	0.064513432	0.1113522911	0.0493281243	-0.0815137002	-0.030670193	0.173263323	-0.0151821214	0.0082545228	-0.0581517955	-0.0207057315	0.0349971919	-0.1508282191	0.0609908241	0.0200315581	0.055481663	0.0028675145	0.0095922743	0.0784312363	-0.0421325339	0.0841096701	-0.055149066	0.0486291095	0.0266153226	0.0819027426	0.1684465126	0.0745698847	-0.1227713121	-0.1435097398	-0.0513347206	-0.1499199126	0.0517391509	0.0745737532	-0.0469069757	-0.042483802	0.0034361866	0.1419544358	0.0130648097	0.036436676	-0.0365081188	0.173728569	-0.0230494011	-0.0431044395	0.0191105203	0.1441861319	0.1578260039	0.0070397363	-0.0962264698	-0.1128847677	-0.0592176893	0.0333773355	0.112523675	0.105810519	-0.0437008359	-0.0096731461	-0.0933969503	0.0440265606	0.1104488573	0.1051218914	-0.0299136819	0.0833451381	-0.0494887023	0.0128344233	-0.1074717743	-0.0402768436	-0.1516537887	0.0224089045	0.1390937876	-0.0638179911	-0.0353827948	0.0836055342	0.0443787129	-0.0556134522	-0.0504337391	0.0297857548	-0.045241762	0.0242756135	0.0199787753	0.052049419	-0.0272520141	0.1625243941	0.078814549	0.11360144	0.0861944286	0.0310170708	-0.103027211	-0.0208689438	0.0442614809	0.0008235879	0.0554406634	0.0065498981	-0.0173909158	0.0581868241	-0.0181678447	0.0754930601	0.03213606	-0.1233107201	0.0770573822	-0.0447390441	-0.0282360845	0.0956716191	0.0480482794	0.1042828039	-0.0519068409	-0.0245038011	0.0570992244	-0.0785907625	-0.1266188352	-0.033413395	0.0171105942555129	0.004535870141268	0.0002927724357767	2.0574117938447484e-05	0.0949577609739549	0.004852025490294	0.0090169763691867	2.3542151358462824e-05	-0.076943678599278	0.0211881195083805	0.0004489364083014	0.0059203296763889	0.0037819811253278	-0.0001170390802902	1.4303381232335732e-05	1.3698146315199242e-08	-0.0001522177475499	-0.0002439094869677	5.94918378328513e-08	2.3170242669165087e-08	-0.0003797132134882	-0.000221034637102	4.885631079881284e-08	1.4418212449753533e-07	0.0	0.0	0.0	0.0	0.0	0.0	0.0
939.2239195429582	-1.0044562087022086	1.0089322752004148	882141.5710416373	1202.6252192961863	-1.5124906882263076	2.287628081971289	1446307.4180872005	863.3476117423411	-0.0683907841029167	0.0046772993502117	745369.0987012042	951.8191196015792	779.4492183197536	0.917746	15.594811	0.0509670377250077	0.0280004696933621	0.1214949873	-0.0615158378	0.060434098	-0.103106387	-0.0532352916	0.0554484581	0.0655674824	0.0143704089	0.1349038463	0.0180125633	0.0485656708	0.0019057291	0.1380443118	-0.0471095712	0.0553920873	-0.0563673558	0.0339434971	-0.1099626367	-0.1150591401	0.1122386782	0.0961933865	-0.0537349529	0.0744765795	-0.037034938	-0.045719406	-0.0543275305	-0.1726989086	-0.1059297405	0.0144825187	-0.0047285235	0.0483938277	0.1398558276	-0.1852559389	0.1379701781	0.1210783093	0.0572146236	0.0844973706	-0.0055438047	-0.0148271197	0.0609015622	-0.0988920754	-0.1151435546	0.087893607	0.0239382123	-0.0376903978	0.0226699017	0.0573123638	0.1345445231	-0.0067614198	-0.094481584	0.080739715	-0.1127315196	0.0485443234	0.021518707	-0.0612403953	-0.1574883274	-0.0103908574	-0.0158283914	0.1458993032	-0.0465527573	-0.0093135607	-0.0767368475	0.1203590328	0.0203650065	0.1373906508	0.0014918263	0.0568078821	-0.0315758278	-0.0543795631	0.1370060681	-0.0398259503	0.0717347974	0.023078475	0.0462691654	-0.0343805285	-0.1237818397	0.0111347256	-0.1177136033	-0.101281854	0.0236996616	0.0977043487	0.1412875246	-0.0438722194	-0.0814619161	-0.1176841854	-0.1011816829	0.0037237237	0.0935522076	0.1296637443	0.0955946631	0.0017598718	-0.0532677764	-0.0912671977	0.0605252739	0.0067437619	0.0748779592	0.0262434752	-0.0737201906	0.018434745	-0.0750323207	0.1045034339	0.1310131869	-0.0288638054	0.0452404781	-0.0236662988	-0.0181469228	0.0964617521	0.0237820746	0.0096084195	-0.0205560063	-0.0845897719	0.0540487397	-0.0838433825	-0.1242524367	-0.0201956026	0.0192764433656265	0.0021658491101135	0.0003715812688282	4.690902367779872e-06	0.1173701978490271	0.0224124368750721	0.0137757633431197	0.000502317326679	-0.0784017335796747	-0.0014580549803966	2.1259243258596058e-06	0.0061468318282982	0.0035530226141007	-0.0002289585112271	1.2623969696310973e-05	5.2421999863330166e-08	8.687970982590443e-05	0.0002390974573758	5.7167594123574625e-08	7.548083979433355e-09	-0.0003491552469026	3.0557966585599984e-05	9.337893218466452e-10	1.219093864396156e-07	0.0	0.0	0.0	0.0	0.0	0.0	0.0
941.9031971515376	2.679277608579355	7.178528503834706	887181.6328042883	1203.0928026835124	0.4675833873261581	0.218634224103404	1447432.291868869	865.1032103806399	1.7555986382988067	3.082126578796624	748403.5646108896	952.270482143846	790.9119543574832	1.12912	19.186579	0.0669013771441779	0.0339417986565477	0.0343494855	0.0817118265	0.1794120104	-0.0694411152	-0.0869569391	-0.0892738872	0.0934757875	-0.0966919609	0.0188304696	-0.0610506558	0.159056681	-0.0972243226	0.0052148766	-0.0487389215	0.1499084359	0.1676376264	0.0395363794	-0.0842498629	0.0941130784	0.0468794057	0.0272188038	0.042076092	0.0990188976	0.1618986242	0.0237359224	-0.0696208027	-0.2161559577	-0.1094370675	0.0260277325	0.0523762814	-0.0834938329	-0.05720804	0.0720304572	0.0066675203	0.1005860911	-0.0367115991	-0.0854523727	0.0246812632	-0.0686927081	0.2129549362	0.0402336355	-0.1714869041	-0.0171839771	0.0195291306	0.0005141751	-0.0433048567	-0.168421219	0.1061590971	-0.1381868328	-0.0165045161	-0.1776182461	-0.0564560229	-0.1802282962	-0.0927526211	0.1066119327	-0.0553900347	-0.0227006345	-0.1360314181	0.0668603675	0.0461858923	-0.0247097102	-0.2077362704	0.0181638236	-0.0357831425	-0.0066686259	-0.0320829447	-0.0130305442	0.0051272088	0.0081158707	0.0966911104	0.0481438306	0.0044677533	0.2074977337	0.0989636996	-0.0681390886	-0.0013531653	-0.011521837	0.0770183472	0.0015724215	0.1434472042	-0.0237443646	0.0616022441	-0.0990052952	0.0014369564	-0.0410415299	-0.1223821066	-0.3103795561	0.0737995197	0.0957531891	0.0865971454	-0.0258157782	0.0873257782	-0.1368617303	0.0171465011	0.1142356636	0.0319653907	-0.0102172845	0.0631368774	-0.0314801464	-0.0934866593	0.0226398204	0.0516997723	0.0397774806	0.0947983038	-0.0217666068	-0.0034711139	-0.0300781214	-0.0691928277	-0.0141951959	0.1052241159	-0.0481790745	0.0509612127	-0.0888661936	-0.1211199807	-0.0067565429	0.0225241695630984	0.0032477261974719	0.0005073382145072	1.0547725453745303e-05	0.1112389978102186	-0.0061312000388084	0.0123741146338218	3.75916139158852e-05	-0.106464091774427	-0.0280623581947523	0.0007874959474505	0.0113346028373536	0.0037719896145218	0.0002189670004211	1.4227905652060318e-05	4.7946547273414126e-08	-0.0001529123082812	-0.0002397920181071	5.750021194787789e-08	2.3382174023884744e-08	-0.0002187124111679	0.0001304428357347	1.701533339450993e-08	4.783511879887655e-08	0.0	0.0	0.0	0.0	0.0	0.0	0.0
943.4494456551032	1.5462485035656073	2.39088443477888	890096.8565069216	1199.5332781473796	-3.5595245361328125	12.670214923331514	1438880.085382999	865.4813842087649	0.378173828125	0.143015444278717	749058.0264119197	953.99083206348	808.761529312778	1.110989	18.8785	0.0800507363578873	0.0410521144348787	-0.0984205276	0.0915856136	0.2146138612	-0.0117375105	0.0653020464	0.0711487434	-0.0356171473	-0.0979662434	-0.130625553	-0.0433095713	0.0372632191	-0.1613230855	0.1132017487	-0.0569822739	0.0466469707	0.1459027198	-0.0768062386	-0.0549571004	0.0978641632	-0.0107129078	-0.0117324743	0.1216442148	0.0936245573	0.1354637742	0.0283992353	-0.0811295854	-0.0858066146	-0.1466488562	-0.0053216421	0.0685950532	-0.2010364871	-0.0433268243	0.0918809906	-0.0222101527	-0.0864136072	-0.0861393602	0.1146232372	-0.1151195929	-0.0693125774	0.0365120382	0.1230058807	0.0133679192	-0.0078291797	0.080212963	-0.064489623	0.0811131726	0.144046774	0.1553512902	0.093948921	-0.0166893187	-0.0941319648	-0.068819877	0.0092785251	0.0636168447	0.126973391	0.070058484	0.0381027413	-0.0860934491	0.0432756496	0.0189006932	-0.0384181346	-0.2680317764	-0.0836164161	-0.0288655039	-0.0692514002	-0.0758882173	0.0140851886	-0.0065697531	-0.0324970233	0.0428675758	-0.0824608984	-0.0718204401	0.0991229134	-0.034559671	-0.0063523818	0.2128243959	-0.0065318339	-0.015989927	0.0142615706	-0.0554548487	-0.0200986879	0.0779124298	0.0586017346	-0.1421733326	-0.0400354868	-0.0049065044	0.1065360646	0.0335046202	0.0551751699	0.0729184607	-0.0307385842	0.1796793544	-0.1020674165	-0.0347302008	0.0235584893	0.0051202133	0.1350236833	0.1227019627	-0.0280465883	-0.0452695547	-0.0040044316	-0.0024294569	-0.0095829685	-0.055200208	-0.0293851551	-0.0541480832	-0.1031612919	-0.2074933613	0.1365631252	-0.032916125	0.0205094105	0.0478387595	-0.0936454286	-0.1172407796	0.0067565429	0.0135793804202677	-0.0089447891428307	0.0001843995725983	8.0009252809702e-05	0.1108454021047578	-0.0003935957054608	0.0122867031677654	1.5491757935719376e-07	-0.1288587532229215	-0.0223946614484945	0.0005015208613926	0.0166045782821657	0.0042870268367694	0.0005150372222475	1.8378599099181044e-05	2.6526334030052324e-07	5.200295646212716e-05	0.0002049152647433	4.1990265724827854e-08	2.704307480801893e-09	-0.000465113725399	-0.0002464013142311	6.07136076548133e-08	2.1633077755453642e-07	0.0	0.0	0.0	0.0	0.0	0.0	0.0
939.5112727326016	-3.9381729225016215	15.509205967524965	882681.4315916329	1200.488817752936	0.955539605556396	0.913055937786873	1441173.401549842	862.609544526861	-2.871839681903907	8.247463158557935	744095.2263088386	953.250887208906	797.3930287412912	1.077047	18.301727	0.0939252119873495	0.0435029690351133	-0.124625701	0.0299494586	0.0784531415	-0.1287154522	0.0833865889	0.0628360025	-0.1016553458	-0.1234544134	-0.121569295	-0.0330623478	-0.0833985449	0.1175586427	0.1054638281	-0.022679153	0.0417252867	0.036121111	-0.0534450936	0.1287292846	-0.0297570535	-0.1448117146	0.1046521006	0.0647799297	-0.0172007717	0.1050774118	-0.0857570006	0.0241220557	-0.0626845004	0.0847972301	0.013201754	-0.07323153	-0.1393609555	0.0352818146	0.0691926618	-0.0921271138	-0.0655619706	-0.0114477769	-0.1015362454	0.0146280226	-0.0449128165	-0.1040942806	0.0599552434	-0.008911613	0.0133098944	0.0430367547	0.0591730146	-0.1285340397	-0.1081698893	0.1168695278	-0.0137183262	-0.0867697359	-0.0672601801	-0.0394966224	-0.0203334507	-0.0277870916	0.1318422045	0.1129205806	0.0659054673	0.0511535441	0.0892590047	-0.147825812	-0.048026757	-0.0468598046	-0.1541420784	0.012649707	-0.0124353711	0.0194916793	-0.1230896914	0.0699438718	0.0262793593	-0.0549531183	-0.1396121661	0.0146729924	0.0197340835	-0.0164995234	-0.0649002544	-0.1185849982	-0.029857956	-0.0149356016	-0.0649350659	0.049999311	0.0106340938	-0.0325363713	0.114309112	0.0825375748	0.04721394	-0.0807030988	0.0267138048	0.0527342799	-0.0627061595	0.1114278738	0.0223133462	0.13980754	-0.0099357457	-0.0681835046	-0.0468332782	-0.0118069049	0.1004483702	0.0596730173	0.0517758165	-0.0127214457	0.0236867543	0.0415407101	0.0447960055	-0.1210552119	-0.042178443	0.0512383844	-0.1087935404	-0.0978839542	0.0060039512	-0.0026174015	0.0666205509	0.0446835199	-0.098167988	-0.1126387502	0.0201956026	0.0178041460751643	0.0042247656548966	0.0003169876174657	1.7848644838793916e-05	0.0993222923249135	-0.0115231097798442	0.0098649177526755	0.0001327820589983	-0.1064895205441942	0.0223692326787273	0.000500382570635	0.0113400179857323	0.0039309850304098	-0.0003560418063595	1.545264330930594e-05	1.2676576787580648e-07	-0.0003767637748384	-0.0004287667313005	1.8384090987013844e-07	1.4195094203048056e-07	-0.0001337601855815	0.0003313535398175	1.0979516834958757e-07	1.789178724679732e-08	0.0	0.0	0.0	0.0	0.0	0.0	0.0
938.7926945169988	-0.7185782156027472	0.5163546519388281	881331.7232784871	1198.7716627854568	-1.717154967479246	2.94862118233865	1437053.499497409	864.1139317201764	1.5043871933154378	2.2631808274115004	746692.8869929017	952.7456753545448	783.5646130707928	0.891665	15.151621	0.0528847537690026	0.0282650247128882	-0.0742404242	0.0516928501	0.0167369602	-0.2056644837	0.0683929722	0.0360198879	-0.1078128031	-0.1058683987	-0.0231006251	-0.0560903881	0.0387907177	0.1802483492	-0.0133096154	0.0220154298	-0.009856089	0.0741071901	0.0833600481	0.0717924165	0.1092794407	-0.0801833536	0.1072793436	0.0293335784	-0.0683608075	-0.04588644	-0.0095726644	0.0148558153	-0.0485627234	-0.1087916288	0.0624189612	0.0009387966	0.0258285888	0.0787651415	0.0035768057	0.153760649	-0.0709734147	0.0499817208	0.0036418924	-0.0257251038	-0.0144956065	-0.0780533762	0.0538150226	0.0907431604	0.1379018244	0.0488105214	-0.0689400726	-0.0741792182	0.0172651401	-0.0686632978	0.0907596511	0.0206829106	-0.2193417904	0.0318590465	0.0343392491	-0.0274432415	0.1497948391	0.0494833837	-0.0516888772	0.0289146266	0.0618069512	-0.015887129	-0.1276101535	0.0522602271	-0.0253588684	0.0440567806	0.0517388384	-0.0566754492	0.0861130313	0.0368928555	0.0809612512	-0.0002667724	-0.1958477126	-0.005092631	0.0166813825	0.0116024927	-0.0709850352	0.011412075	-0.1873523314	-0.0397247297	-0.0821939659	-0.0101053518	-0.0051519858	0.0386147562	0.0279112363	-0.007155773	-0.012346938	0.0382925981	0.0091817302	0.0642650679	-0.0794731431	0.1304375706	0.016313921	0.0936525319	0.0032583529	-0.0868228188	0.0102878387	-0.0413314797	0.1057582742	0.0193836753	0.0452740133	-0.023387141	-0.0184096773	0.0764236418	0.0168032647	-0.0641736745	-0.0207773507	0.0162750288	-0.0779079003	-0.0462008222	0.0128726336	-0.0578436471	-0.0161586507	0.0414976565	-0.1024214758	-0.1073422654	0.033413395	0.0156792870848931	-0.0021248589902712	0.0002458400434904	4.515025728536352e-06	0.1190203523280359	0.0196980600031223	0.0141658442682898	0.0003880135678866	-0.0901838708366113	0.0163056497075829	0.0002658742123863	0.0081331305590745	0.0039310050434862	2.001307640008693e-08	1.5452800651913943e-05	4.0052322699571634e-16	-0.0001281722178709	0.0002485915569675	6.17977621955258e-08	1.6428117433945455e-08	-8.724805426487672e-05	4.651213131662328e-05	2.163378359614808e-09	7.612222973006872e-09	0.0	0.0	0.0	0.0	0.0	0.0	0.0
940.2541543651392	1.4614598481404073	2.1358648877265822	884077.8748009031	1199.701911339393	0.9302485539362806	0.8653623721005411	1439284.6760713928	864.2503912422094	0.1364595220329647	0.0186212011534651	746928.738762312	952.5481433812078	782.8913831365699	1.021521	17.358213	0.0418590459207763	0.0195372639233662	-0.1459899115	0.0237359211	-0.0494201197	-0.189914748	-0.045891168	-0.0484030338	-0.0378016007	-0.056095925	-0.0688306839	-0.0542521432	0.0510475901	0.1584858978	-0.0632478799	0.0073268983	-0.0227338249	-0.0130493516	-0.0192570646	0.081143388	0.1016714527	-0.0954325917	0.0467332782	0.0613923779	-0.0646069931	-0.1173418333	-0.0938074338	-0.0243272079	-0.0593266895	0.0929397687	-0.0726507519	0.012940523	-0.0324637022	0.061320287	0.0018771701	0.0543729099	-0.1165309774	0.0225213002	0.0425898005	0.0523826166	0.0769171266	-0.098285375	-0.0691215898	0.0412475512	0.0190328798	-0.092768958	0.11647363	0.1009916289	0.0085249892	-0.0148279618	-0.0049169369	-0.0505589387	0.0065713527	-0.1469144506	0.1420951325	-0.1248649403	0.1121093837	0.0639251868	-0.0655852821	-0.0435564308	-0.0163488445	-0.0210015966	-0.1370253729	0.1155011928	-0.0118650796	0.0419466856	0.0833099287	-0.0323843603	-0.0516358104	-0.0470207242	0.0615391601	-0.0507269592	-0.019240552	-0.0213057545	-0.0173301724	0.0128780528	-0.0167284122	-0.0098240743	-0.0624179023	-0.1602680621	0.1086387899	-0.0200684975	0.1529238677	-0.0506257498	0.132295127	0.0257637483	-0.0924203264	0.0167013769	-0.097590746	0.0543065521	-0.0720415841	0.1178680811	0.0293956119	0.111939516	0.080044161	0.0018432813	-0.0329183684	-0.0738767895	0.0127317338	-0.0186115465	-0.0228224227	-0.0009667698	0.005513535	0.1190047423	0.0878551881	-0.0426055735	-0.0242936942	0.0208693899	-0.0031653342	0.0057940692	-0.1270892797	0.0083349374	0.0230652066	0.0382833527	-0.1063942335	-0.1013839798	0.0462651033	0.0243580119582418	0.0086787248733487	0.0005933127465578	7.532026542728144e-05	0.1082942432518194	-0.0107261090762165	0.0117276431214842	0.0001150494159148	-0.0941202806241605	-0.0039364097875492	1.5495322015513202e-05	0.0088586272247707	0.0037639974426946	-0.0001670076007916	1.4167676748611487e-05	2.7891538722166544e-08	-0.0003271568602873	-0.0001989846424164	3.959488791758257e-08	1.0703161123304393e-07	-8.288425379963916e-05	4.363800465237563e-06	1.904275450040757e-11	6.869799527922998e-09	0.0	0.0	0.0	0.0	0.0	0.0	0.0
943.3395977411526	3.085443376013359	9.519960826584713	889889.5966664396	1205.9288236177886	6.226912278395503	38.77443652283267	1454264.3276321834	865.0264476990432	0.7760564568337713	0.6022636241933872	748270.7552188254	952.7356053108446	785.7737123422658	1.229333	20.88946	0.0870333513292178	0.0404689424813254	-0.0169578819	-0.1217599194	0.0088057444	-0.0581069507	0.0503808183	-0.1922391403	-0.0257438322	0.0633071843	0.0109366606	0.1147573378	0.0327486876	-0.0243202131	-0.156884168	-0.1504663185	-0.0144468049	0.0732598493	0.0752275473	-0.0256489345	-0.0187990928	0.0477264018	-0.0901507173	0.0093994785	-0.0815060513	-0.0204913165	-0.0023859604	-0.1010398484	-0.0473806629	0.0029703519	0.0526758354	-0.1023810728	0.1189704046	-0.0337113855	0.0569245719	-0.0448203427	-0.1542882002	0.0785464921	0.0523115768	-0.0754289605	-0.1699348246	0.0229839947	0.0186253701	0.0342837743	-0.0391809697	-0.1490220354	-0.0009846109	-0.0519531706	0.1260623852	-0.0823738023	-0.1244055278	0.0319859247	0.0458536676	-0.0386996748	-0.0982411191	0.1993262363	-0.0261768196	-0.0450172509	0.0613418642	-0.0090201739	-0.1536107991	0.0560971379	-0.089919431	-0.0176392523	0.0093450823	0.1578452733	-0.0012762397	-0.0360748155	0.0123040839	-0.0505642055	-0.0250323006	-0.0238285707	0.1666807733	0.2176869348	0.0407224172	-0.0724158042	0.0072296298	-0.006138571	-0.2208667444	-0.0265485124	0.2430017686	0.033820477	0.0512366196	0.0930017626	-0.0194930707	-0.0183998315	0.0926538532	-0.1796013838	-0.0172085964	0.0293258201	-0.0589859815	0.0956055704	0.0004798755	-0.0540345413	0.0724440311	0.070843011	-0.0359147585	-0.028730219	-0.0565374725	0.0837041527	-0.1060456897	-0.0843906736	0.0287305548	0.0722849545	0.0474120385	0.0771688251	0.0544840235	-0.0796302807	0.0521015202	-0.0196778231	-0.010745583	0.0521330449	-0.0917982285	0.0350428114	-0.1100753719	-0.0948006283	0.0586099215	0.0206978703102151	-0.0036601416480267	0.0004284018353784	1.339663688361961e-05	0.1204410337614234	0.012146790509604	0.0145060426135203	0.0001475445196842	-0.1134850302093752	-0.0193647495852146	0.000374993526498	0.0128788520816228	0.0041810220917514	0.0004170246490568	1.7480945731713254e-05	1.7390955792094746e-07	5.2824592114086855e-05	0.0003799814524013	1.4438590416906746e-07	2.790437532019647e-09	-0.0003231115440689	-0.0002402272902692	5.7709150990111714e-08	1.0440106991058872e-07	0.0	0.0	0.0	0.0	0.0	0.0	0.0
944.1927399895592	0.8531422484065843	0.7278516960162419	891499.9302489914	1204.243757394644	-1.6850662231445312	2.839448176382575	1450203.0272239705	865.2608174870523	0.2343697880091895	0.0549291975314724	748676.2822783621	953.1376030928132	796.2235279704463	1.234156	20.971415	0.0594618479799344	0.0343135117775999	0.0803856268	0.047781252	0.1074960809	0.0533693435	0.0537521722	-0.0757893059	-0.0980679265	0.0498298358	0.1028141999	0.0045877467	-0.0088790233	-0.1127169957	-0.0897585477	-0.0789578546	0.076327759	0.0019637169	-0.2153281458	-0.0287122099	0.0284328338	0.0579389588	-0.069084066	-0.0764367735	-0.0502240347	0.1862180218	0.1851929101	0.0081474193	-0.0225386744	0.03546219	0.0509023698	-0.1464335743	-0.0131299407	-0.041540626	-0.0993125568	0.0075755128	-0.092059785	0.0321689482	0.0736409834	0.0664279683	0.1396590385	-0.0142058598	-0.0318697656	0.0984555188	-0.08440151	0.0400456615	-0.0474234899	-0.0861804129	-0.0651970511	0.0267330985	0.027163507	0.1405883645	0.0932821991	-0.1325346785	-0.075837983	0.0953458218	-0.0071507696	-0.049973699	-0.0359000472	0.0728656604	-0.0773115438	0.1041928382	0.0778499933	-0.1320956301	0.109956171	-0.0148942377	-0.1491970541	0.0306561277	0.0190594634	0.0867805213	0.0430199281	-0.0914352872	0.1572676678	-0.0529124949	-0.0071452922	-0.030751482	-0.0154967308	0.0639161314	-0.0571333879	0.0110868935	-0.055301797	0.1861259647	0.0639710413	0.0240141983	0.2448874989	0.0502597019	-0.0415290015	-0.019339752	0.072051209	-0.0002099315	-0.0359162364	0.0255238779	-0.0060215304	-0.0441538414	-0.0490446564	-0.0469518768	0.0623293177	0.0239149533	-0.0547620066	0.189834824	-0.0602056337	-0.1032578156	-0.0241820634	-0.0103162589	0.0047622289	-0.0443616855	0.0348463242	0.066682248	0.0214944125	-0.0019823449	-0.0641972723	0.1348741362	-0.0086632441	0.0317782535	-0.1134548014	-0.0876327994	0.0703125971	0.0162480600475447	-0.0044498102626704	0.0002639994553086	1.9800811373766826e-05	0.0947776130940099	-0.0256634206674135	0.0089827959437978	0.0006586111603526	-0.1338335228858795	-0.0203484926765042	0.0004140611542057	0.0179114118480452	0.0043470258199078	0.0001660037281563	1.889663347894508e-05	2.7557237761823748e-08	5.282810426621154e-05	3.5121521246850307e-09	1.2335212546929577e-17	2.790808600361718e-09	-0.0003091162969105	1.399524715840002e-05	1.9586694302470384e-10	9.555288501566038e-08	0.0	0.0	0.0	0.0	0.0	0.0	0.0
944.2201878467364	0.0274478571772078	0.0007533848636204	891551.7631373261	1202.286246079665	-1.957511314979001	3.8318505482708183	1445492.2175123328	865.0806868992495	-0.1801305878028642	0.0324470286622054	748364.5948460773	954.292280860716	804.989061332583	1.212686	20.606575	0.0702662656973372	0.0378920483574866	-0.1140634467	0.1251078381	0.0443566611	-0.0212342544	0.0577426851	0.0276910682	-0.1055883876	0.0355578503	-0.0889292524	-0.1413466484	-0.0731360418	-0.0675126185	0.0238360055	0.0487921133	0.0554249025	0.0946373585	-0.076670741	-0.1172735579	0.1193195392	-0.0672967701	-0.0438782347	0.071734243	-0.1006777095	0.0938179967	0.0552830705	0.0725597743	-0.1948000919	0.0546707242	-0.0759687881	0.0013362401	-0.0553959012	0.1111341582	0.0556873678	-0.0055000944	0.1335301819	-0.0491087553	0.0781760101	0.1691002171	0.1374038723	-0.1583154424	0.1158004353	0.0710801438	-0.0842267876	0.0243647878	0.0077401788	-0.0837904234	-0.0020285205	-0.0667446576	0.0622794084	-0.0041793716	0.0087933393	0.1754971076	-0.0401723641	-0.04909303	0.045366014	0.1387518638	-0.0475269748	0.0304915544	-0.0001597172	0.0325782586	-0.0364917159	-0.1165065865	0.0040985235	-0.2111430982	-0.0620896751	-0.0589128008	-0.0433082155	-0.0410650406	0.0089353824	0.1066556825	-0.0360403476	-0.0635440423	-0.1354403219	0.1364864105	-0.0802564968	0.0133242785	0.0609050478	-0.1786771115	-0.0673968459	0.0762368346	0.0202782321	-0.0570002053	0.1235814152	-0.0220717568	0.156273306	0.0768528689	0.0009934482	0.0319697562	-0.1238267699	0.0561662774	0.002886901	0.1200722022	-0.022496314	-0.0766537571	0.021601649	-0.0778995335	0.08489414	0.1072400686	-0.0547510962	-0.0831902584	0.0895835339	-0.0398886084	0.0440348641	-0.0201052991	0.0133074068	-0.0064984626	-0.0420530774	0.0015739812	-0.1145680998	-0.0372752752	0.0863685612	0.0284919163	-0.1165232592	-0.0799246852	0.0812449131	0.0099943854204695	-0.0062536746270752	9.988773993289328e-05	3.9108446341324136e-05	0.0994258311946936	0.0046482181006837	0.0098854959087557	2.1605931511523648e-05	-0.1067575317675917	0.0270759911182877	0.0007331092950375	0.0113971705891083	0.0039309933994284	-0.0004160324204793	1.545270910634965e-05	1.7308297488994808e-07	-0.0001350263912052	-0.0001878544954714	3.5289311468818584e-08	1.8232126321899712e-08	-0.0002672355758355	4.1880721075e-05	1.753994797761949e-09	7.141485299213128e-08	0.0	0.0	0.0	0.0	0.0	0.0	0.0
942.3398147583	-1.8803730884363856	3.5358029517157923	888004.3264787071	1203.6230077499	1.336761670234864	1.7869317630091035	1448708.3447849157	864.9456539539808	-0.1350329452686764	0.0182338963079333	748130.9842938795	953.8570355383235	793.3564860869662	1.24259	21.114719	0.150755441025362	0.0701033172349859	-0.0969308127	-0.1071590974	-0.030381377	-0.1019011659	0.0673742352	-0.0871147989	0.021579595	-0.0176826042	-0.0289345702	0.0020979717	-0.0907133085	0.1457579509	-0.0723064623	0.0370579486	0.0431400341	0.2177185082	-0.047302092	-0.0063766958	0.0194794285	0.0053846249	-0.0984744145	0.0589879755	-0.1407618672	-0.0317715247	-0.0848203225	-0.2131758118	-0.0876617046	0.0783764393	0.0576497697	0.0438228784	0.0080292286	-0.0487821159	-0.1205480024	0.1217522247	0.1291218628	-0.0637179174	-0.0253460889	-0.1943200963	0.0910673867	0.1358320025	-0.1405980183	0.0193317744	-0.0098907689	-0.009583498	0.0869724233	-0.0690410705	0.2065575855	-0.0582515224	-0.0803504629	0.1043645498	-0.0690980352	-0.0601441658	0.0746341522	-0.0984890776	0.0165464417	0.0374542882	0.0829555377	0.0261297099	-0.0820905913	0.0160945671	-0.2300445364	0.0171698581	0.1138290561	-0.1576027487	0.0713320917	0.1588186203	0.0933199839	0.0881339231	0.0234265368	0.1110881823	-0.0917086953	-0.0945034741	-0.1262479389	0.1049536279	-0.3375522426	-0.0198726063	0.1401956957	0.1596118813	-0.0102291705	-0.0571930913	-0.0399736911	0.0874879565	-0.0408054815	-0.0494594139	-0.0475644719	-0.0077242565	-0.05489968	0.1128757097	-0.1037262789	0.1078851359	0.0017526414	0.0067400594	0.0743398949	0.0321178544	-0.0643334408	-0.0602092744	-0.0022826936	0.0390308317	-0.0906827206	0.0045569694	0.0764292086	-0.0596074506	0.0925897617	0.033808375	0.0849729832	0.0400730819	-0.1450354841	0.1799049699	-0.0508504528	-0.0934027823	0.1449393011	0.0251860523	-0.1192723348	-0.0717238087	0.0912870929	0.0175392875242579	0.0075449021037884	0.0003076266068585	5.692554775575066e-05	0.1311886422432593	0.0317628110485656	0.0172104598536298	0.0010088761657068	-0.0773939364001137	0.029363595367478	0.0008622207329049	0.0059898213915048	0.0030800434617287	-0.0008509499376996	9.486667726137717e-06	7.241157964711228e-07	-0.0004987553979927	-0.0003637290067875	1.3229879037862128e-07	2.487569470268566e-07	0.0001597681297879	0.0004270037056234	1.8233216461611528e-07	2.5525855295923265e-08	0.0	0.0	0.0	0.0	0.0	0.0	0.0
942.6994522609068	0.3596375026068017	0.1293391332812573	888682.2572930137	1201.773909348708	-1.8490984011918956	3.419164897290424	1444260.5291912763	864.1615857070751	-0.7840682469056901	0.6147630158057622	746775.2462117665	952.2408544424364	795.8970574538872	1.151033	19.558943	0.1140534855912145	0.0538254808855557	0.0568388984	-0.1033546054	0.1061683404	-0.0031558627	0.0885807707	-0.1110779134	0.0092668056	-0.028840027	0.0658323697	0.1408926822	0.0230194745	0.0175358795	-0.1208818857	0.0585178365	0.0337244467	0.0685528442	0.0069250476	0.1241494071	-0.0445308868	0.0898753659	-0.0305600048	-0.0689281316	-0.092553558	-0.1089092686	0.0180054787	-0.0572444899	-0.0477610236	0.079397515	-0.0383691389	0.0580697842	-0.1184571698	0.0176616774	-0.0391326738	-0.0072411485	0.0671686771	-0.0500062834	-0.0209903214	-0.1720699513	-0.0018364642	-0.2036022394	-0.0749019109	-0.1076818009	0.1479338898	0.0108478633	-0.1226119279	-0.0011413964	-0.1646470158	-0.0917056597	0.0107096321	0.1138184962	-0.1842528944	-0.1075978974	-0.0041665939	0.277650536	-0.0117003817	-0.1205517209	0.0526699348	0.0054859263	-0.0902081614	0.0259242431	-0.0748383394	0.041635822	-0.0172811054	0.003996925	0.111102894	-0.0486188251	-0.0716556244	0.1542293246	0.0935885332	0.1317188103	-0.0557924568	-0.090039796	-0.0749027112	0.1027768999	0.1606882042	0.0262319441	-0.1304136497	0.0258264994	-0.0302939557	-0.0102285419	-0.1075440201	-0.0481293	-0.0274668789	0.1957605715	0.0846024815	-0.0629319155	-0.0396392981	0.0412142807	-0.0431576964	0.0719521372	-0.00227735	-0.1051057778	-0.0021818553	0.035723026	-0.0286739416	-0.0048365141	-0.0303349819	0.1144236082	-0.0990107838	-0.0782662265	-0.0412978576	0.0025844217	-0.0323301675	-0.0216214291	0.0412141915	-0.0896096624	-0.0354621364	0.0096871386	-0.0273799563	0.0204043936	-0.0601049458	0.0218629269	-0.1216944932	-0.063080731	0.1003291122	0.0263097249792849	0.0087704374550269	0.0006922016284856	7.692057315254045e-05	0.1144216956122932	-0.016766946630966	0.0130923244267922	0.0002811304993256	-0.1142487197890602	-0.0368547833889465	0.0013582750586461	0.0130527699734391	0.0035749909546554	0.0004949474929266	1.2780560325867928e-05	2.449730207544256e-07	-0.0002682654940764	0.0002304899039163	5.3125595807345214e-08	7.196637531205503e-08	-0.0001480208356946	-0.0003077889654825	9.473404727278761e-08	2.191016779972777e-08	0.0	0.0	0.0	0.0	0.0	0.0	0.0
940.6387066940018	-2.060745566904984	4.246672291518545	884801.1765309644	1201.6056613433054	-0.1682480054025745	0.0283073913219447	1443856.1653722825	863.4679871977045	-0.6935985093706449	0.4810788922011806	745576.9649152551	952.242358032515	798.884500335583	1.065521	18.105881	0.0715673407741218	0.0339507466329903	0.0851780606	-0.1358169849	0.1339235067	-0.0407867192	0.0921578992	0.0931334006	-0.0664288435	0.0276597773	0.177228105	-0.0167969855	-0.2159162161	-0.0675742662	0.0070431318	-0.0192043488	0.0045033413	0.0935205491	0.0391081281	0.1062313273	-0.1342648381	0.05090809	0.0331870378	-0.0657359273	-0.1143110022	-0.0306811356	0.0774401191	-0.0126024098	0.0126586681	-0.0488407896	0.0427935427	-0.0180366439	0.1076927571	-0.0223613617	-0.079097751	0.0756367759	-0.0891626117	0.0746892552	-0.0859826841	0.0632274312	-0.2149654755	-0.0235202907	-0.1596102022	0.0954834101	0.0636684946	0.1056291991	-0.0526809553	-0.06898849	0.028113278	-0.0243774539	0.013410104	-0.0491971669	-0.0386765445	-0.1101922286	-0.1282758474	-0.1152701996	-0.0501700572	-0.0690659093	0.0429436593	0.2214572182	-0.0192149641	-0.013387956	-0.0155439525	-0.0842454032	0.0267653499	0.0379756777	0.0986811936	0.029134494	0.0253088443	-0.0186229814	0.0581722624	-0.0960643019	-0.0275057013	0.0764889554	0.0085058644	-0.091313543	-0.159506505	-0.0530981235	-0.0053259085	0.0245263797	0.0042781306	-0.0185038648	-0.2378036574	0.0006391727	-0.1947186813	-0.0655185777	0.0278604213	-0.0885059876	0.1347731669	0.0639111754	-0.0042778455	0.0842428181	-0.0008332141	-0.1617392967	0.0170856329	0.0229190404	-0.0795275824	-0.000110948	-0.0767098752	0.0780331011	-0.0071279779	-0.0363105137	0.0764954663	0.028304076	-0.1002816823	-0.101822323	0.0439728447	0.0501920688	0.0749394821	0.0062314852	0.0101667422	-0.0285562657	0.0201107493	0.0185248178	-0.1237830955	-0.0540487397	0.1082719048	0.0337419572212667	0.0074322322419818	0.0011385196771217	5.523807609875386e-05	0.1198171283385107	0.0053954327262174	0.0143561442432871	2.9110694303138746e-05	-0.0930802126265177	0.0211685071625425	0.0004481056954906	0.0086639259825977	0.0037429025041885	0.0001679115495331	1.4009319155860546e-05	2.8194288466606764e-08	-0.0006880851277653	-0.0004198196336889	1.762485248306822e-07	4.734611430517893e-07	-0.0003117130253402	-0.0001636921896456	2.679513295097108e-08	9.716501016674019e-08	0.0	0.0	0.0	0.0	0.0	0.0	0.0
939.195547442512	-1.443159251489874	2.082708625160813	882088.2763358398	1202.112226241674	0.5065648983686515	0.2566079962592422	1445073.8044797138	863.4313756364115	-0.0366115612929434	0.0013404064203069	745513.740433386	951.1761885235736	774.4721508463272	1.197136	20.34234	0.0704067239326033	0.0339929427286554	0.117058008	0.0391365224	0.053072718	-0.1619250155	-0.0410146112	-0.1072174945	-0.0171297875	0.0291676988	0.1536564306	-0.0477306565	0.0432977649	-0.0299486287	0.0126058415	0.0307914558	0.0682879572	0.0775402819	-0.02732281	0.0784079157	0.0482664407	0.0522866987	0.1360455203	-0.0531393221	0.0248852904	0.0196539228	0.0857534645	-0.1828816348	0.0001627129	-0.0104535851	0.0338535082	-0.1365202083	0.111317525	-0.0140577656	0.0739940646	-0.1319405062	-0.0066537939	-0.0471002851	0.0028083479	0.024933221	-0.1846768694	0.1199815493	-0.1918473158	0.0748688363	-0.1445212178	0.1052117617	-0.1519868864	-0.0334900096	-0.0496647086	-0.0941813848	-0.0926756113	0.0220289985	0.0130508301	0.0047231091	-0.1276162679	-0.1373290206	-0.0066958203	-0.1492813545	-0.1092507775	0.0671122546	0.0022698023	0.0890506004	-0.0669769348	-0.1176056405	-0.0836250856	-0.0460097275	-0.0606538967	0.0416322668	0.1112787024	0.1105464004	-0.0355109982	-0.1168819274	0.1892030465	-0.0571530449	-0.0267058907	0.0744547774	-0.1535257646	0.0053851046	-0.0121970565	0.1225507274	0.1875132019	0.1157665423	-0.0837548195	-0.0517980327	-0.1361772788	0.0068898385	0.0597912577	-0.0094692946	0.086076862	0.0591482161	-0.0409082087	0.1085633122	-0.0207549852	-0.0925812888	-0.0086211553	-0.0372772189	0.1253865175	-0.0515648535	-0.0622769039	0.0686817704	-0.009239868	-0.0046105213	-0.0909346279	0.0313449288	-0.0162808106	0.0941048254	0.0252835938	0.0768311612	0.0012084568	0.0319319217	-0.08937042	0.1498091989	-0.064848129	0.0151740128	-0.1255324169	-0.0446835199	0.1150284477	0.0339519654858833	0.0002100082646165	0.0011527359603546	4.410347120727468e-08	0.1278548557027079	0.0080377273641972	0.0163468641267602	6.460506118116461e-05	-0.0849182004294135	0.0081620121971041	6.661844310567758e-05	0.00721110076417	0.0033890221300052	-0.0003538803741833	1.1485470997664982e-05	1.2523131923211258e-07	-0.0003618518866936	0.0003262332410717	1.0642812758014594e-07	1.3093678790371793e-07	8.811288153850604e-05	0.0003998259068787	1.5986075581137973e-07	7.763879893018798e-09	0.0	0.0	0.0	0.0	0.0	0.0	0.0
945.9046930193742	6.709145576862284	45.01263437153074	894735.6882760766	1202.431615095872	0.3193888541979959	0.1020092401859086	1445841.7889820675	865.6832564793276	2.25188084291608	5.070967330692435	749407.5005486533	952.1612720973944	801.6640749012173	1.360078	23.111137	0.1067021530414621	0.0640598606527905	-0.1137769231	0.027528925	0.0940824808	-0.0111143441	-0.07806906	-0.1323682387	0.0739904544	0.0865459718	-0.046212408	-0.0475409791	0.1427136941	-0.1702985332	-0.1945790861	0.0733148242	0.0817442331	0.0126625225	0.1966719814	0.1481691484	0.150713504	0.0972978383	-0.0387540228	-0.0187094042	-0.0265709868	-0.1539360105	0.0502110514	-0.1114436674	0.0038701321	-0.0720559195	0.2408591425	0.0743730142	0.0360696619	0.0738482266	0.0852021701	0.1257143323	-0.0010559262	0.0518015081	-0.0733350323	-0.0768012043	0.014600008	-0.068047288	0.1655232886	0.0077883186	-0.0052355003	-0.0248447492	0.0886711851	0.1159196032	-0.0979200999	0.123572525	0.0324753868	0.0429894725	-0.1134410701	-0.0212381382	-0.0253288309	0.1349641312	-0.0113862551	-0.0255806402	-0.1177688509	-0.0937980079	-0.1423117755	0.2096231073	-0.0628537114	-0.0589146223	0.0493279569	0.0256980344	0.1881262499	0.0280560325	0.1179235528	-0.0154554975	0.085518059	0.0096428945	-0.0158051426	0.1139558833	0.018982291	-0.1217312264	0.0648544403	0.1354335083	-0.1158193693	0.1771562701	-0.1057203051	-0.0422529888	0.1486184393	-0.0863300789	-0.0970743168	0.0597161715	-0.0032188699	0.1134269841	0.0078113245	0.0065908392	-0.0041065793	0.0409451446	-0.0665366974	0.0133992352	0.1482632855	0.0292518898	0.0988003402	-0.1114789677	-0.1008722748	0.0973839636	-0.0825910723	-0.0647862153	-0.084000664	-0.0287384048	-0.0589945408	0.0243967896	-0.0369833453	-0.0656252005	0.0915588704	-0.0270065128	-0.1066384422	0.1045526427	-0.0255574151	0.0118128082	-0.1269376627	-0.0350428114	0.1205247148	0.0306714185971799	-0.0032805468887033	0.0009407359187634	1.0761987888981543e-05	0.116274254432497	-0.0115806012702109	0.013519702243833	0.0001341103257796	-0.1428238601964011	-0.0579056597669875	0.0033530654330501	0.0203986550414011	0.0035649879836116	0.0001759658536064	1.2709139323295102e-05	3.0963981635429045e-08	-0.0001764094110865	0.0001854424756071	3.4388911759289875e-08	3.112028031988575e-08	-0.0002291856915592	-0.0003172985730977	1.006783844898403e-07	5.252608121546876e-08	0.0	0.0	0.0	0.0	0.0	0.0	0.0
946.6317493166996	0.7270562973253618	0.5286108594804649	896111.6688143947	1204.5574773152669	2.125862219394776	4.519290175850082	1450958.7161561197	865.1194659629565	-0.5637905163711139	0.3178597463500072	748431.6903880311	954.5467122636176	825.659064040972	1.230176	20.90377	0.0387646161703043	0.0209124243921944	-0.1601015225	-0.1384461733	0.0709473145	0.1471952619	0.0484255539	0.0092894329	0.1179658821	0.2115016535	-0.1971871374	-0.019201971	-0.0446128205	-0.0764195744	0.0141677851	-0.0623935939	-0.0018898128	0.0033577935	-0.0660864241	0.0250841886	-0.0608826541	-0.0335561075	-0.1928355352	0.0027198326	-0.031890249	-0.0032262614	0.0970095435	0.0253481994	-0.0203231998	0.0010051725	-0.0061025612	-0.083927795	-0.0226942965	-0.0480057451	-0.0683253474	0.075447202	-0.0870500006	0.2776161543	-0.1786295213	-0.1317236612	0.0733922289	-0.0215053715	0.0278324381	-0.1280826441	-0.1263906905	0.0848472095	-0.0388485474	-0.1075031696	-0.0827117198	0.1187623586	-0.0572324405	-0.0080383161	0.0523403027	0.0428208372	0.0010586923	-0.0498444462	-0.1870582095	0.183433963	0.0238337521	-0.0313348687	-0.0870579436	0.0005793503	0.0047566278	-0.0918012473	0.170929822	-0.0965115152	0.0178408096	0.1105507457	-0.0101967824	-0.0869716192	-0.0798493544	0.0760288784	-0.0752622779	0.0167420321	-0.004968044	-0.1601170936	0.1646401242	0.0031446069	-0.1276867576	0.1400889771	-0.0079825967	0.2113697535	-0.1267887259	-0.0303266485	0.1051761853	0.0359096135	-0.0090674262	-0.1082271775	-0.0242259206	-0.0028004775	-0.026350797	0.0189475601	-0.0323217844	-0.0118992007	0.1592958189	0.1155569018	-0.0175831798	-0.0730847435	-0.0295666705	0.0664924027	-0.114724325	0.0261335962	0.1460075315	0.0050461693	0.0271598622	-0.0470494972	0.0605203503	0.0204553511	0.0311248222	-0.1042092009	-0.0400128375	0.0610043161	0.062283464	0.0084435077	-0.1279949812	-0.0251860523	0.124700488	0.0300478471587695	-0.0006235714384104	0.0009028731188767	3.888413388012173e-07	0.1217233647374484	0.0054491103049513	0.0148165775230058	2.969280311552744e-05	-0.1444404081511265	-0.0016165479547254	2.6132272899268925e-06	0.020863031506864	0.0037539829975009	0.0001889950138892	1.4092388345525842e-05	3.571911527501663e-08	-8.006201739285679e-05	9.63473936936432e-05	9.28282027155788e-09	6.4099266290141025e-09	-0.0005653510134206	-0.0003361653218614	1.1300712362217865e-07	3.196217683756994e-07	0.0	0.0	0.0	0.0	0.0	0.0	0.0
942.350387661574	-4.281361655125579	18.33005762197964	888024.2531259188	1201.5510481809958	-3.006429134271002	9.038616139393488	1443724.9213848498	863.0041820740432	-2.115283888913268	4.474425930696039	744776.2182772884	952.793084952934	799.8008120574767	1.166955	19.829493	0.076177596021927	0.0356804955234879	-0.0634672566	-0.1196846269	-0.0832469539	0.0612096049	0.0279037515	0.0164225437	0.0819511542	0.1271610375	-0.0502926507	0.04381991	-0.003574978	0.0952394515	0.0830502691	-0.0580005652	-0.1593821767	0.0232938962	-0.1279873015	0.0168347941	-0.0745247845	-0.0899817645	0.0017011565	0.0787663793	-0.0097436308	-0.1175169231	0.013291533	0.0028225878	0.049644647	0.0653346151	0.1900639584	-0.1161326987	0.025044216	0.043174336	-0.0087911706	-0.1031202687	0.1469221497	0.1450642679	0.1003381814	0.1159511893	0.091282957	-0.0109295187	0.0938488123	-0.0182602727	-0.0993453998	0.0202233389	-0.0427536232	-0.0933183227	0.1205466655	-0.0630077681	0.1587789657	0.1325854888	-0.0579006989	0.1783768702	-0.1237488983	-0.0768120324	-0.1211275055	0.0642509618	0.012164351	-0.0013117456	0.0146736667	-0.0810955348	-0.0786481858	0.0626153101	-0.0169326341	-0.0719994699	-0.0268468208	0.0418829158	0.0764566292	0.0785545912	-0.1644359039	-0.1263746328	-0.0677648966	0.0506683805	0.0033725403	0.0030302129	0.0092454321	-0.0205912875	0.00614182	0.000925346	-0.0678541894	0.0996413531	-0.0272949295	0.1717215858	0.0043493604	0.0942626367	-0.0483146153	0.2231885244	0.0900806299	0.0148439889	0.0219834726	0.0318949914	-0.0335114236	-0.067424127	0.1708318236	0.0928979871	-0.0450847331	-0.0410173071	-0.0626664368	-0.0266282672	0.0545066758	-0.0053282006	0.0370657676	-0.0594288646	-0.0042301236	-0.0939558181	0.0859260951	0.0620847857	-0.1298064934	-0.11859666	-0.0479993194	0.1387267184	0.0626012402	0.0050684204	-0.1287014744	-0.0151740128	0.1275100165	0.0227541353750098	-0.0072937117837597	0.0005177506766642	5.319823158455512e-05	0.1385095076759626	0.0167861429385142	0.0191848837166375	0.0002817745947522	-0.1295929024936555	0.014847505657471	0.0002204484242486	0.0167943203767301	0.0037229650596466	-3.10179378542998e-05	1.3860468835349411e-05	9.621124687332043e-10	-0.0004358874369134	-0.0003558254195205	1.2661172917697056e-07	1.8999785765893326e-07	-0.0002071896579518	0.0003581613554687	1.282795565512481e-07	4.2927554362183886e-08	0.0	0.0	0.0	0.0	0.0	0.0	0.0
943.99654250151	1.6461548399360026	2.7098257570447264	891129.4722548053	1203.970396286402	2.419348105406243	5.853245255132778	1449544.715134036	864.3556504153133	1.351468341270106	1.826466677455372	747110.6904048794	951.8583084349792	794.3060083423794	1.184284	20.123964	0.0586748399018585	0.0268526286915948	0.1007365537	-0.1048963549	-0.0677903069	0.1084457439	-0.0281353756	0.0595294717	0.0792184208	0.0845518501	0.1150621041	0.1701684949	0.0598205319	0.1035032299	-0.0767695455	0.1151912657	-0.0218316144	-0.0301204288	0.1135913696	-0.0218882703	-0.0652615627	0.1298105226	-0.0636429505	-0.0260730788	0.038613349	-0.2100290377	0.0202130975	-0.0824974542	0.1518938944	0.0326791058	-0.0322087245	-0.0225654572	-0.048523947	0.0515068232	-0.0632469903	0.0362515251	0.0397084672	-0.0741302721	0.1411163482	0.0683501018	0.0358921959	-0.0777608715	0.0077183937	-0.0620953346	0.0659107059	-0.0120244985	-0.1871238651	-0.0421860132	-0.0839857108	-0.010558668	0.0584459111	-0.1041903711	0.0692001199	0.0050820402	0.0580569682	-0.0701513559	-0.1552380151	-0.1550077141	0.0283014966	-0.0541796757	-0.0553115706	0.1099194405	-0.0328054991	0.1404917011	-0.0865786838	-0.0081256141	-0.0160134553	-0.0324116378	0.0879726402	0.084346564	-0.0205440659	0.0917250261	-0.0415118517	-0.0777845179	-0.0792771776	0.0212706332	0.1520521457	-0.0625804835	0.067099045	-0.0706384621	0.0020980089	-0.0217901307	-0.0127125506	-0.1350834221	0.0001833995	-0.0584715087	0.0165740055	0.0294023039	0.0120301015	-0.0163852479	0.120394202	-0.0466786015	-0.0674978127	-0.1511959705	0.0336018887	0.0995543709	-0.0171586786	-0.0369463563	-0.0162380891	-0.0121144354	0.0202972693	-0.0207578649	0.018861718	-0.0855784005	-0.0369573639	-0.0747378353	-0.0253391669	-0.1610436909	-0.0816633165	0.0052833155	0.0593415697	0.0441980522	-0.1159035831	0.0016898595	-0.1290552057	-0.0050684204	0.1289225186	0.0175584166795914	-0.0051957186954183	0.0003082979962941	2.6995492761920265e-05	0.1231260750157332	-0.0153834326602294	0.0151600303487799	0.0002366500004118	-0.1371845419550013	-0.0075916394613458	5.763298971106284e-05	0.0188195985514035	0.0039564372002633	0.0002334721406166	1.56533953196273e-05	5.4509240444144094e-08	-0.000327942518868	0.0001079449180453	1.1652105331828116e-08	1.0754629568148855e-07	-0.000475853580987	-0.0002686639230351	7.218030354066386e-08	2.2643663053815138e-07	0.0	0.0	0.0	0.0	0.0	0.0	0.0
943.549088886047	-0.4474536154630186	0.2002147379909269	890284.8831376894	1205.22507418119	1.2546778947878463	1.5742166196692624	1452567.4794350548	863.8704143395585	-0.4852360757548695	0.2354540492139854	746272.0927712005	953.3137144121416	799.508137453307	1.056923	17.959774	0.0651260695131714	0.0374283876817011	0.1053417363	-0.0787947924	-0.0637882812	0.1606148708	-0.0211295456	0.2253297364	-0.0138801961	0.0791378799	0.1077218397	0.0812606351	-0.1757585453	-0.0356242913	0.1405812439	-0.0262038109	-0.0057325242	-0.114678077	0.1788235174	-0.169839192	-0.1234346273	0.0891235904	-0.038408378	-0.0097443493	0.0922020008	0.0777199731	0.0130748146	-0.087258662	0.1396606427	-0.0418826536	0.069221009	-0.0005975195	-0.0758590835	-0.0893379683	0.1436274979	-0.0022851142	-0.0165727209	0.0226022686	-0.0121618937	0.038288461	0.0318877788	0.1005060048	0.0245087231	-0.0384472086	0.1152289279	0.0352311309	-0.0184346014	-0.1695643425	0.080917339	-0.1765440658	-0.0855912927	0.0023020075	0.1936472134	0.1428650306	0.0758571544	0.0947713442	-0.1347240416	-0.0237398337	0.0957461581	0.0907794771	0.0619562322	0.0325422667	0.1289296204	-0.0086603565	-0.0478156954	0.1083763293	-0.0373244536	-0.0434581768	0.1836964405	-0.0863461319	0.0290065074	0.0465786221	0.0780947279	0.0567121255	0.089471287	-0.013454413	-0.0296283009	-0.088725479	0.1121574253	-0.0071534509	0.0530677261	-0.0470625847	-0.2080169563	-0.0209143241	0.2412646384	0.0013981815	0.1121607738	0.0059809816	0.0291200129	-0.0121858464	0.1822918115	-0.0955545589	-0.0577241771	-0.0928746387	-0.005824813	0.0248693351	-0.0664504908	-0.0068111277	-0.033539419	-0.0360274559	0.0751289704	-0.0524019713	0.1400199368	-0.1293185018	-0.0897008074	-0.0824087521	0.0053555886	-0.1457064852	0.0108306517	0.0190487692	0.062483239	0.0031883716	-0.0022369543	-0.0016898595	-0.1290552057	0.0050684204	0.1289225186	0.0172466863245972	-0.0003117303549942	0.000297448189179	9.717581422481016e-08	0.1098158065685197	-0.0133102684472134	0.0120595113722945	0.0001771632461368	-0.160627752375575	-0.0234432104205737	0.0005495841148232	0.025801274833229	0.0044289237326913	0.000472486532428	1.961536542999624e-05	2.232435233258359e-07	-0.0003282513574491	-3.088385810999842e-07	9.538126917585153e-14	1.0774895366717681e-07	-0.0005642754157857	-8.842183479869999e-05	7.818420869168592e-09	3.184067448601246e-07	0.0	0.0	0.0	0.0	0.0	0.0	0.0
941.4095783490976	-2.139510536949388	4.577505337717457	886251.9942074257	1202.691791436611	-2.5332827445788557	6.417521463980978	1446467.5451890049	862.7519684866573	-1.118445852901118	1.2509211258717094	744340.9591276022	952.196756875522	791.9075937857817	1.108733	18.840151	0.0390718735436998	0.0198429545189815	0.1363483892	-0.0334922392	-0.1238164775	0.0912155871	-0.0038823771	0.0690269456	-0.0481402925	-0.0433823756	0.0941533852	0.0485011699	-0.0023765534	0.019745608	0.1946367482	-0.043878623	-0.0317730579	-0.1626007061	-0.0266628882	-0.0797931593	-0.1401380909	0.0220284615	0.087892057	0.0067062783	0.0211916929	0.0611048055	-0.1998271783	0.0919202851	0.0448819019	-0.0523701347	-0.1082090511	-0.0769682287	0.0645273669	0.0681234601	-0.0496857202	-0.0366169142	0.0230789102	-0.0700210365	0.0405939335	0.0042357507	-0.0580346344	0.1695266475	0.1319513721	0.0121469616	0.0598685693	-0.1149815846	0.1023288707	0.115848999	-0.1077795001	-0.0200197466	0.0154326113	-0.0341115275	-0.0403765785	0.0433117912	-0.1329999789	0.0707203285	-0.0248151854	-0.0572820454	0.0934408241	0.0364721559	0.1576393034	-0.128496321	0.1298424497	0.0588956385	0.0171398598	0.0614174382	-0.0755895224	0.0295148912	0.0238942875	0.0454789353	-0.1324351531	-0.0499604868	0.0290080992	0.0433309171	-0.0875774057	-0.0817740437	0.0581976696	-0.1109664915	0.043440571	-0.1133847307	-0.0034051959	0.1468346642	0.0927437032	-0.0163517433	-0.0092926676	-0.1141055854	0.0886859648	0.1258821893	-0.1069012345	-0.0489682742	0.0046271213	-0.1079061898	-0.0386076722	-0.0898963244	-0.2118440176	0.1181838034	-0.087543951	-0.0378870763	0.1172975144	-0.0534202352	0.0246111514	0.0350903956	-0.039602394	0.0066901963	0.2190124787	-0.0894487855	-0.0634938831	-0.0333806688	0.0427220504	-0.104632188	0.1332436737	-0.0241437086	-0.0349177866	-0.0050684204	-0.1287014744	0.0151740128	0.1275100165	0.0099287286888198	-0.0073179576357774	9.857965337619334e-05	5.355250395903277e-05	0.1029885914410044	-0.0068272151275153	0.0106066499670021	4.6610866397373776e-05	-0.1503826643467078	0.0102450880288672	0.0001049618287192	0.0226149457360145	0.0047219246015434	0.000293000868852	2.2296571942660795e-05	8.58495091480852e-08	-0.0003288343517384	-5.829942892999844e-07	3.39882341356394e-13	1.0813203088321377e-07	-0.0005642270238963	4.839188939994264e-08	2.341774959696281e-15	3.18352134494876e-07	0.0	0.0	0.0	0.0	0.0	0.0	0.0
942.6716780129098	1.262099663812137	1.592895561394709	888629.892527675	1200.783929286859	-1.9078621497521908	3.639937982457051	1441882.0448335882	864.2665977220856	1.5146292354282878	2.2941017208140795	746956.7519381094	951.8558465244498	784.7110519777304	1.168983	19.863951	0.0505442874556438	0.0260931489135654	0.1227363982	0.1181887478	-0.1298595043	0.0355762194	-0.0210329532	-0.0804985045	-0.0039759165	-0.1371195552	0.0338335477	-0.0242799346	0.0501294577	-0.086376297	0.0054416298	-0.0102128581	-0.0393752922	-0.0899813608	0.108923184	0.0232212964	0.0610843094	0.0496715535	0.0836361322	-0.0875269137	0.0467713361	0.0471612921	-0.0023700657	0.0439126999	0.0241437209	0.0559603163	-0.054157356	0.0701311351	0.0358265089	-0.0171043658	-0.08039904	-0.106098194	0.0070361127	0.1277269235	0.1319606631	0.0055680991	0.0315861203	0.0032033584	0.0349146415	0.0364491962	-0.0767915264	-0.0382791201	-0.1219966342	0.0661224382	0.016525372	-0.0255612483	-0.018129566	-0.0793276674	0.0658819342	-0.0905541866	-0.0399748378	-0.0922201015	0.1221001409	-0.0587138138	-0.0097870587	-0.0076196103	0.0087806513	0.0394370315	0.1185119643	0.0530249805	-0.1252482818	-0.0426494834	0.0391529797	-0.0020222562	-0.1123650481	-0.0194494603	-0.0324678933	0.0003091919	0.1477994231	0.0605556961	-0.0608452986	-0.0823036061	0.0056514082	0.0835747814	-0.0234412628	-0.1391815447	0.0555276293	0.0855486781	-0.074402393	0.0911908712	0.0497012949	0.014265421	-0.1570760033	0.0664218363	0.0326828772	-0.0493351849	-0.1026237262	-0.1259004631	-0.0699950994	-0.1527186524	-0.1569170096	0.048093933	0.1150845228	-0.1313435343	0.1637717208	-0.037208596	-0.0201552613	0.1901625277	-0.0633800787	-0.0226946851	0.2597314189	-0.0628626906	0.0134162729	-0.0013482491	0.0496783818	0.0588639138	0.0524963472	0.0306927618	0.0532939795	-0.0084435077	-0.1279949812	0.0251860523	0.124700488	0.0015686338929441	-0.0083600947958756	2.4606122900929624e-06	6.989118499602795e-05	0.113198073314038	0.0102094818730335	0.0128138038020103	0.0001042335201158	-0.1524654175677824	-0.0020827532210745	4.337860979896604e-06	0.0232457035541182	0.0046639162026055	-5.8008398937900094e-05	2.1752114344926107e-05	3.3649743473385687e-09	-0.0002087959699097	0.0001200383818286	1.4409213112052768e-08	4.359575705053235e-08	-0.0009840193944429	-0.0004197923705466	1.7622563436913394e-07	9.682941686397715e-07	0.0	0.0	0.0	0.0	0.0	0.0	0.0
942.6508531862024	-0.0208248267073258	0.0004336734073901	888590.6310126754	1202.4901043818547	1.7061750949958423	2.9110334547840715	1445982.4511362838	863.9936931481523	-0.2729045739333742	0.0744769064737565	746485.1017997835	952.7310496384902	787.77030382513	1.092497	18.564266	0.0463031541821748	0.0215683692139777	0.1291191375	0.1268111943	-0.0840162912	0.0775882173	-0.0636532163	-0.0177822638	-0.0320041102	-0.0008998748	0.008819827	-0.0364832933	-0.0748052261	-0.1471533865	-0.0181669821	0.0608734888	-0.1057178862	-0.1004803294	-0.0759852721	-0.0513343928	0.0307003019	0.0041701246	0.0219926401	-0.0952971539	0.0718416613	0.0713932242	0.1211642693	0.1275704236	0.0184363906	0.1999844767	0.0131205107	0.0848449676	0.0036767549	-0.1277532902	0.0637222244	-0.0274212696	0.1127293165	0.0610421972	0.0827996343	-0.014153367	-0.0672818672	-0.0023122265	0.0367087826	-0.014945931	0.1077537131	-0.0812507378	-0.0137277418	0.0412340651	0.0716428971	0.0674073293	-0.0586098082	-0.0200384927	0.0815530754	0.0841644156	-0.1109620521	0.0128929651	0.005010694	0.0484277526	-0.0480058933	0.0600426237	0.0156559345	0.0356929882	0.1791519959	0.0506831052	-0.0962347377	-0.0893199532	-0.0318985486	0.0793876299	-0.1733626483	-0.0897931588	0.082932622	-0.0646191297	0.0511181645	0.0810086779	0.1086448348	0.0100581614	-0.1038504627	0.0555483392	-0.0265983758	-0.0347381373	0.1191416077	0.0335725448	-0.1020464466	0.061950985	-0.0776898912	-0.0157135402	-0.0089545115	0.1344178824	-0.0731616647	-0.0682766215	0.0342031557	-0.1679027923	-0.0319507986	-0.1095380798	-0.0015266828	-0.1766341622	0.0230546879	-0.0466544599	-0.1093455911	-0.0401269358	0.0803611386	-0.0371644869	-0.0473994131	-0.1000994858	-0.1193607346	0.0679332415	-0.0596523302	0.0535944029	-0.04537157	0.0085224543	-0.1836702407	0.1393729442	0.1583868276	-0.0118128082	-0.1269376627	0.0350428114	0.1205247148	0.0017155029905637	0.0001468690976195	2.9429505106329977e-06	2.1570531835595565e-08	0.1021529565508529	-0.0110451167631851	0.0104352265320804	0.0001219946043123	-0.1597452170629125	-0.0072797994951301	5.299548068929656e-05	0.025518534374477	0.0044123247345605	-0.000251591468045	1.9468609563214385e-05	6.329826679303833e-08	-0.0003310758013539	-0.0001222798314442	1.4952357178021965e-08	1.096111862421271e-07	-0.0011667754714785	-0.0001827560770355	3.339978369344215e-08	1.361365000843876e-06	0.0	0.0	0.0	0.0	0.0	0.0	0.0
940.7311990792726	-1.919654106929784	3.685071890252386	884975.1889211261	1202.5771855085325	0.0870811266777309	0.007583122623463	1446191.8871056233	862.580553307694	-1.413139840458257	1.996964208690388	744045.2109446075	951.6472378509396	781.3926893632288	1.143132	19.424688	0.0597256297446569	0.0340560685527494	0.1592190689	0.0583948099	-0.1079449481	-0.007993545	-0.1831048967	0.0814904882	-0.0188652569	0.057321654	0.0344669558	-0.0552398734	-0.0266879051	0.0030727636	0.1229731197	0.1552377094	0.0480360738	-0.0638492749	-0.1445720949	-0.0946165286	-0.1183524041	0.0624614983	0.1281599873	-0.0387598467	0.1979874298	0.0976795514	-0.0146779545	0.1897765783	0.0880888591	0.0142873173	0.0626332869	-0.0102341039	0.014859517	0.0902656142	0.0752150354	-0.0116368003	0.0058140787	0.0852424411	-0.0470363712	-0.0085424419	0.0534404886	0.090905891	-0.0986034859	-0.1580890481	0.0373153621	-0.0854483901	0.0892815567	0.017496782	-0.0784232829	-0.0756806093	0.007484795	-0.0731468872	-0.1143215144	-0.0587974986	0.114149367	0.1982578943	-0.0927652146	-0.0233749348	-0.0337037543	0.0068534324	0.1977721613	-0.051154758	0.1816882239	0.014451232	-0.0625443535	-0.12418827	0.0205413929	-0.0315142844	-0.0920688495	-0.013280244	-0.0424494549	-0.0614188238	0.0312426012	0.1064443076	0.0767243323	-0.0398657774	-0.0152511112	-0.1109077905	0.0929096261	0.0025644538	-0.0378536916	-0.1854057453	0.048370247	-0.024935622	0.0798842513	0.1294370016	0.006923383	-0.0623161904	-0.2036441004	-0.0434477797	0.1865482716	-0.1834360909	-0.0525986346	-0.1172012076	-0.0851233794	-0.0308569576	0.0959161414	-0.0405221596	-0.0062134815	-0.1868539341	0.0819478094	0.0726791376	0.1083313299	-0.0181327655	0.0119880701	-0.0503608025	-0.107554081	0.0694065286	-0.024556909	0.0303033149	-0.0747599785	-0.014138046	0.1545679232	-0.0151740128	-0.1255324169	0.0446835199	0.1150284477	0.0017015240890145	-1.3978901549199872e-05	2.8951842254966244e-06	1.9540968852222254e-10	0.0827513671033699	-0.0194015894474829	0.0068477887574766	0.0003764216730886	-0.1429295636149277	0.0168156534479848	0.0002827662008827	0.0204288601551536	0.0040108585818244	-0.000401466152736	1.608698656339444e-05	1.6117507179272514e-07	-0.0002668493975659	6.422640378800002e-05	4.125030943539223e-09	7.120860098128377e-08	-0.0011709710739072	-4.195602428700047e-06	1.7603079739713736e-11	1.3711732559273814e-06	0.0	0.0	0.0	0.0	0.0	0.0	0.0
942.0436835369542	1.3124844576815349	1.7226154516555927	887446.3016918731	1203.1824982471956	0.6053127386630877	0.3664035115878074	1447648.1240883628	863.8367856829354	1.2562323752414386	1.578119780604747	746213.9922990258	951.8443874262242	776.0024742706262	1.134113	19.271423	0.0449941529657938	0.0277649922440383	0.139220651	0.1402284484	-0.117848812	0.0069748123	-0.2158817103	-0.0826866255	0.0515438588	-0.0592514961	0.0419935976	0.0192387202	0.1556740014	-0.0250754176	0.1022324903	0.1078600791	0.0070396571	-0.0784463932	0.0770919392	-0.1706006942	0.0590117032	0.0134402018	0.0962559254	-0.0690300672	0.1587474947	0.0313038714	-0.0666806875	0.3099586569	0.080818363	-0.0033247788	0.0636369831	0.0255420511	0.1483931016	-0.0800055915	0.1207641921	-0.0042525936	0.08020735	0.0670163145	-0.0622199404	0.1914634698	0.0145593066	0.0483635051	-0.0581391114	-0.0086441609	0.046905228	0.0302548109	0.1156853865	0.0359877211	-0.0303255825	0.0638061349	-0.073415622	0.1483814101	-0.0215006549	0.0436584635	0.149144326	-0.0321045375	0.0122685166	-0.0549360221	-0.0411109606	-0.1192809441	0.1730406844	0.002812409	0.1844617409	0.1322682862	0.0209872662	-0.0988631581	-0.1153592927	-0.0432668331	-0.0167104158	-0.1429389308	-0.005285131	-0.1354445257	-0.0029783971	0.1105702578	0.0856245677	0.1157405264	-0.0366626424	-0.0555041962	0.0708629702	0.1085833875	0.0116137963	0.0900830531	0.0505524127	-0.1203689822	-0.160880041	0.0105446093	-0.0104250365	0.0389771759	-0.0153000261	-0.0540719322	0.066764973	-0.2212763587	-0.0114704519	0.0285222194	-0.2089620624	-0.0524100216	-0.0087527795	-0.0508557495	-0.0713594303	-0.1319753951	-0.0032299778	-0.091533459	-0.0592237371	-0.0807935973	-0.0225495774	0.206120759	-0.0699936643	0.0470580995	-0.029400122	-0.0649691723	-0.0422256713	0.1162001348	0.0014042733	-0.0185248178	-0.1237830955	0.0540487397	0.1082719048	0.0017816160871859	8.009199817139994e-05	3.1741558821195963e-06	6.41472817108753e-09	0.0798266519378501	-0.0029247151655198	0.0063722943596066	8.553958799421515e-06	-0.1657133350946154	-0.0227837714796876	0.0005191002428386	0.0274609094281802	0.0042863204477566	0.0002754618659321	1.837254298085634e-05	7.587923958284904e-08	-0.0003156393958312	-4.87899982653e-05	2.3804639307279766e-09	9.962822820068497e-08	-0.001230830696158	-5.985962225079993e-05	3.583174376008462e-09	1.514944202604787e-06	0.0	0.0	0.0	0.0	0.0	0.0	0.0
945.9022245954154	3.858541058461242	14.8883390998312	894731.0184945557	1202.3116584190957	-0.8708398280998608	0.7583620062049952	1445553.3239704762	866.3030352303151	2.4662495473796757	6.082386829950453	750480.9488492566	953.4322557083192	795.7909726647905	1.196132	20.325289	0.0895770826948969	0.0488328827465623	-0.0536851762	0.1312223139	-0.0995876919	0.0450152179	-0.0656440248	-0.014286251	0.0690935421	-0.1407502212	-0.0909891395	0.039780735	0.1268016202	-0.0901777614	-0.0321152203	-0.0362729263	-0.0143456234	-0.0480982949	0.0076841067	-0.0750921318	0.1735941131	0.0600196527	-0.0899659373	0.0647479417	0.0507554438	0.0135382004	-0.1074914397	0.123067538	-0.0346882808	0.0422194534	-0.2098842411	0.1219531685	0.0739658303	-0.0239009422	0.0591203949	0.1120727213	-0.0549934548	-0.0149919946	-0.1673553546	0.0339970394	-0.1120436899	-0.1053765394	-0.0532873256	-0.0126910497	-0.0315104404	0.1470059832	-0.1090292456	0.1221675444	-0.1214357856	-0.1240836473	-0.1757597115	0.0137083725	0.0197721441	0.0906908008	0.0936530447	0.1370100922	0.1422727607	0.0146347064	0.0830543104	-0.195887265	-0.022843192	0.0698263097	0.078092282	-0.0067667196	0.0838933445	0.0561689581	-0.0790760133	-0.0392742435	-0.1010398557	-0.1310229107	0.0461216127	-0.0080243734	-0.048595398	-0.0741013098	-0.1028278102	0.0502327902	0.0307396011	0.0447162185	-0.0741912428	-0.0852095027	-0.1464380665	-0.0302566747	-0.2156978382	-0.1099828742	-0.1320084093	0.0367172378	0.1053446649	-0.0581445657	0.0151611773	-0.0306953135	0.013237438	-0.0943375878	-0.0066920577	0.2019010049	-0.1020811465	0.0043932333	-0.0037181915	-0.0531453368	0.0913204457	-0.1269283638	0.011011501	-0.0048026735	-0.093901053	-0.0118226941	-0.0768030682	0.0980185668	-0.0860534883	-0.0610715035	0.064370147	0.0792276752	-0.0420126812	-0.0869466349	-0.0188720074	-0.0218629269	-0.1216944932	0.063080731	0.1003291122	0.0087534983906323	0.0069718823034463	7.662373407480225e-05	4.860714285310907e-05	0.1197583701079594	0.0399317181701092	0.0143420672109149	0.001594542116017	-0.1589707966226541	0.0067425384719612	4.5461825045878165e-05	0.0252717141788412	0.0040158485130006	-0.0002704719347559	1.612703927936913e-05	7.31550674906537e-08	-0.0003781988156257	-6.25594197945e-05	3.913681005024479e-09	1.4303434414068226e-07	-0.0008452431757209	0.000385587520437	1.4867773591683097e-07	7.144360261027523e-07	0.0	0.0	0.0	0.0	0.0	0.0	0.0
945.6095112747544	-0.2927133206610506	0.085681088092419	894177.3478132798	1202.947805257944	0.63614683884839	0.4046828005767994	1447083.4221749045	863.6021764862403	-2.700858744074821	7.294637955445422	745808.7192317713	952.9192425389298	808.9606716445904	1.023547	17.392632	0.1321081870464232	0.0624804979660395	-0.1095435547	0.1026481455	-0.0687763848	0.1016207578	0.0732163356	0.0321384193	0.0681762342	-0.1219570009	-0.1821752561	-0.0415836152	-0.0494443758	-0.0424663691	-0.0351431184	-0.0363172337	-0.0089486109	0.0206957024	-0.0354053091	-0.0976988881	0.0454350063	-0.121413634	0.0160656568	0.0185038206	0.0107313075	0.0095073342	-0.0994119037	-0.0151899863	0.1321851054	-0.0359644203	-0.1065696435	0.1383891564	-0.1039658952	-0.0786932572	0.0255022127	-0.1139541926	0.1790039508	-0.0504010517	-0.1368687653	0.0410023887	-0.0878368619	-0.0205959328	0.1569340476	-0.0106391651	-0.0920053715	0.0433642702	-0.0375136419	-0.1013573025	0.082280149	-0.036846013	0.0968198342	0.026892497	0.0608436613	-0.0504836086	-0.0913463474	-0.0097434336	0.1446169671	0.1250818463	0.0580921253	-0.0407923652	0.0100862245	-0.0948579625	0.0527094684	0.0077850144	-0.0760157219	0.1140341307	-0.0154725064	0.0151150198	-0.0175622308	-0.0408013449	-0.094246958	0.0625163118	0.0481758575	-0.0145868911	0.0947912831	0.0536469493	0.1770791392	0.0149557474	0.1389268078	0.0939202282	-0.1964574583	-0.1241388986	-0.1313821829	0.0085204068	-0.0887882522	0.018883394	0.0629544885	0.0119953961	0.0317769752	-0.0562483734	-0.0289275001	-0.0877285968	-0.0011388126	0.1939470363	-0.0421808371	-0.0069045084	-0.0367662525	0.0617508474	0.0229921639	-0.0547863339	0.0936522171	0.0511385021	-0.0210454208	-0.0002536914	-0.0370190201	-0.0187738667	-0.0278294471	-0.0510846285	0.0671222174	0.019405084	0.0846573171	-0.0957476784	0.0763860319	-0.0251860523	-0.1192723348	0.0717238087	0.0912870929	0.037038864136889	0.0282853657462567	0.0013718774565509	0.0008000619153995	0.109043190442378	-0.0107151796655814	0.0118904173818527	0.0001148150752656	-0.1950201197298042	-0.0360493231071501	0.0012995536964837	0.0380328470994271	0.0046949630967633	0.0006791145837627	2.204267847996924e-05	4.611966178791856e-07	-0.0001918371210405	0.0001863616945852	3.473068120866736e-08	3.6801481009107455e-08	-0.0005695530835201	0.0002756900922008	7.600502693768564e-08	3.24390714947254e-07	0.0	0.0	0.0	0.0	0.0	0.0	0.0
943.2669902861696	-2.342520988584738	5.487404581960019	889752.6149635288	1200.2847010294597	-2.663104228484372	7.09212413177134	1440683.3635253794	864.0456240536122	0.4434475673718907	0.1966457450080475	746574.8404461961	951.662543191476	797.4326267495518	1.013873	17.228243	0.0842867841531148	0.0386205008573197	-0.0510357262	0.1335625257	-0.0678065276	0.0293190317	0.1052886155	0.0278158674	0.039635792	-0.1333155201	-0.0760966905	-0.0171289674	-0.0405186389	0.0397531926	-0.0055379313	0.0550686275	-0.0064045968	-0.065840238	-0.0253425122	0.0939106961	0.160271621	-0.113343177	0.076764505	-0.0054194821	0.002732985	0.0113347082	-0.0258680938	0.0982634303	0.207848341	-0.1778440711	-0.0491717379	-0.1406643571	-0.0662294162	0.0406060464	-0.1255064769	-0.0127216699	-0.0485901562	-0.1414148933	0.0104690097	0.0493066129	0.0288979244	-0.1454604927	0.0555334601	-0.0752619472	0.0681075281	0.0004106614	-0.0692062414	0.0356300629	-0.0514278725	0.0540876777	0.1906478344	0.1288186832	0.0380097921	0.0718103667	0.1025330203	-0.1239033586	0.1742410277	0.0397035705	-0.0344490594	-0.0111704649	-0.0137268246	-0.033053913	0.0246765971	0.0959432329	-0.0929611443	0.0762931596	-0.0767272729	-0.158157094	0.1350653256	0.0695014352	-0.084563006	-0.0763498984	-0.0262692929	-0.1436035878	-0.0053846974	-0.0392789976	0.1450474434	-0.0452817562	-0.0478851883	0.0463396334	-0.1091578244	-0.0945461498	-0.007798479	-0.038407354	-0.0038560347	0.1023709374	-0.1839012372	0.0797608663	0.1422908922	-0.044591814	-0.0996792383	-0.051528018	0.0312460735	0.110318592	-0.0496808586	-0.1074357176	0.0432503465	0.0705336982	0.0616874806	-0.0342567285	0.036506533	0.0931287418	-0.0650045893	-0.087390528	-0.0808610283	-0.0101538588	0.0530411355	-0.0538330025	-0.0505551289	-0.0218189011	0.105643231	-0.0339505966	-0.101687411	-0.0284919163	-0.1165232592	0.0799246852	0.0812449131	0.0223813918550348	-0.0146574722818541	0.0005009267013686	0.0002148414936933	0.1363269596407548	0.0272837691983768	0.0185850399248919	0.0007444040616702	-0.1787159543351606	0.0163041653946436	0.0002658258092158	0.0319393923339272	0.0045650211745472	-0.0001299419222161	2.08394183240643e-05	1.6884903149215012e-08	3.457540490270361e-05	0.0002264125259432	5.1262631903981856e-08	1.195458624185901e-09	-0.0004050799861146	0.0001644730974055	2.705139977015909e-08	1.6408979515060453e-07	0.0	0.0	0.0	0.0	0.0	0.0	0.0
944.7226067034268	1.455616417257147	2.118819154188533	892500.8036165176	1200.4504544184758	0.1657533890161175	0.0274741859703284	1441081.293513525	865.290925512421	1.2453014588088536	1.5507757233114587	748728.3857741422	952.0705095664046	798.9606261075046	1.086581	18.463736	0.0834509628730708	0.0417421997370244	-0.1392729327	0.0794252986	-0.099677086	0.0372314863	0.0108279574	-0.005242416	-0.0227437598	-0.1035433051	-0.0501954095	-0.0561279235	0.0610606899	0.0307178269	-0.1527937213	0.0051696928	-0.0596673496	-0.1810066571	0.0821589677	-0.0275431325	0.1268483671	-0.0448992243	-0.0775084603	-0.0026622186	-0.0100995758	-0.1007239836	-0.174411002	-0.0333549865	0.006266993	0.0909978045	-0.0772192435	-0.0700918749	-0.0827670636	-0.0376968109	-0.0153616749	0.031401134	-0.0869251579	-0.1252802534	-0.0078261999	-0.0328073736	0.118378618	0.002231584	-0.1069944037	0.1009464016	-0.1036701822	0.1259569524	0.0059447094	0.0416629073	0.0951746192	-0.1199972169	0.0193053498	-0.192764107	0.1223524669	0.0035792524	-0.1643286495	-0.0281407378	0.1474611865	0.0166349181	-0.042367993	-0.0956047769	-0.0920634194	-0.0102140205	-0.0023512646	0.138589585	0.0887470891	0.0852636202	0.0367745822	-0.0128589274	0.03093792	-0.0047821982	0.0179751021	-0.0712543058	0.0596971491	-0.0575609177	-0.1194586767	0.0250341987	0.0657437818	0.0173835612	0.0662584553	-0.0457360217	-0.0834588273	-0.1647192395	-0.0283866236	0.0699413222	0.1766295157	-0.1519967086	-0.003303159	-0.022895377	0.1221422534	-0.075274544	-0.0956839641	-0.1043103635	0.0223741388	0.1540790851	0.0139224011	-0.0599233152	-0.0558869725	-0.0673970497	0.0616408259	-0.0836414945	-0.01436028	0.0031196314	-0.0878853577	0.0990773619	-0.1684590798	0.0238753232	-0.0228094655	0.0148352038	0.0617454922	0.0668049713	-0.0632687906	-0.1756782512	0.0435096643	-0.0317782535	-0.1134548014	0.0876327994	0.0703125971	0.0014209084531415	-0.0209604834018933	2.0189808322089702e-06	0.000439341864441	0.1300038990896723	-0.0063230605510825	0.0169010137785176	3.998109473265578e-05	-0.1956148264754205	-0.0168988721402598	0.0002855718796128	0.0382651603370088	0.0046294534855013	6.443231095409983e-05	2.1431839574420137e-05	4.1515226948858125e-09	-0.0001272333070985	-0.0001618087120012	2.6182059279488452e-08	1.618831443522121e-08	-0.000964209898756	-0.0005591299126414	3.126262592103796e-07	9.297007288590558e-07	0.0	0.0	0.0	0.0	0.0	0.0	0.0
945.4248927385177	0.7022860350908786	0.4932056750836668	893828.2278096377	1202.517225901286	2.0667714828102817	4.27154436215781	1446047.6785893247	864.7272553518917	-0.563670160529341	0.3177240498711731	747753.2261484157	953.264582949986	803.3747918528153	1.112877	18.910572	0.0907618603211813	0.0412819464004239	-0.1433232447	-0.0480745021	-0.1471537422	0.0568814264	0.0167634313	-0.0542454709	-0.057730864	-0.054027052	-0.1676088281	-0.0172330794	0.0013500173	0.0379093781	-0.0713913824	-0.1207554838	-0.0926274879	-0.1174069168	-0.0701296247	-0.1374148173	-0.0066543891	-0.1106979138	-0.1134643734	0.061958055	-0.1141148227	0.0916797123	-0.090116622	0.0474638233	0.0208081881	0.1164657495	-0.1568168429	-0.1209574994	0.0893941466	-0.0400422331	-0.0546005127	-0.0379750286	-0.1029814942	-0.0402423041	-0.0649384674	-0.0156787793	-0.0090370434	0.0283975179	0.052849453	-0.0999977094	-0.0064638753	-0.0108427225	-0.0481584185	0.0320025299	0.1717669753	-0.0586431466	0.0067267253	0.1028525791	0.0424784997	-0.1030794317	0.0695610083	-0.0359795433	0.0284039359	0.1370818932	0.0972452582	-0.0793320909	-0.0619736017	-0.0929266163	-0.0260336392	0.0483127314	0.1254509515	-0.0375888891	-0.1526529179	0.1282514487	-0.0643140863	-0.1022121113	0.0154558457	-0.0358498809	0.0210827824	-0.0340731918	-0.1301912748	0.0275266584	-0.0005909812	-0.0864416566	0.022351892	-0.046084308	0.0113281602	-0.0964615822	0.034006743	0.0206791134	-0.0045050194	-0.052910661	-0.1114195361	-0.0838868857	0.0289256059	-0.0374907145	-0.0766768968	-0.0670133718	0.0271420609	0.123232076	0.0680758249	0.0647456881	-0.0997640779	0.0309616223	0.0348249579	-0.1198265317	-0.0198945604	0.0302655681	-0.0489629962	-0.0176113044	0.0366152903	0.0197147632	0.0325505017	0.0709914332	0.0127193984	0.113131342	0.0293538906	-0.1251511913	0.0128746473	-0.0350428114	-0.1100753719	0.0948006283	0.0586099215	0.0168886289352059	0.0154677204820644	0.000285225787311	0.0002392503769112	0.1412444685837215	0.0112405694940491	0.0199499999054978	0.0001263504025505	-0.1846773070558072	0.0109375194196132	0.0001196293310544	0.0341057077413849	0.0042270188634928	-0.0004024346220085	1.786768847232396e-05	1.619536249911246e-07	3.4017071796288434e-05	0.0001612503788947	2.600168469371284e-08	1.157161173593842e-09	-0.0004655738811502	0.0004986360176058	2.4863787805377173e-07	2.1675903880926057e-07	0.0	0.0	0.0	0.0	0.0	0.0	0.0
945.3121744916048	-0.1127182469128911	0.0127054031871154	893615.1072420462	1205.3938227922488	2.8765968909626736	8.27480967309612	1452974.2680257112	864.3872892572639	-0.3399660946278118	0.1155769454964862	747165.3858295208	953.4430350378568	797.851845523848	1.241851	21.102169	0.0454491803410007	0.0206163237602264	0.0077439606	-0.133137864	-0.0038529449	0.0601040788	0.0984037425	-0.1141044122	-0.0076612248	-0.0702046019	-0.0551334778	0.1341026769	-0.1125244348	0.0110282826	-0.0552537317	-0.0687047925	-0.0570401084	0.0205254199	-0.0088752528	-0.0008500498	-0.0690841258	0.0293025087	-0.0696406613	-0.0133380793	-0.0713104517	0.0758358857	-0.0603282474	-0.0059385984	0.029021148	-0.1211762909	-0.063630721	-0.1252726779	-0.0927226134	0.2516572415	0.019267749	-0.05831964	0.0074277813	-0.0739378318	0.1177866109	0.0128774224	-0.0187904996	0.0652220962	-0.0861151508	0.0205560008	-0.0748961912	0.0284339781	0.1364041377	0.0788353192	0.0588641574	0.1589618437	-0.1044278376	-0.0531139745	0.0378524434	-0.0278739691	0.165668948	0.092570115	0.0223261096	0.0008976608	0.179305762	0.0282952651	-0.096106182	-0.040987354	-0.0071044122	-0.0319156948	-0.0099119449	-0.0229202267	-0.0744792351	-0.0841307657	0.0539853156	-0.0404607597	-0.1089937714	0.0140646609	-0.0226515386	0.00100815	-0.0496214919	0.0269323493	-0.0215410852	0.0101548158	0.0021098679	-0.0075319793	0.0331937133	-0.0071444738	0.2748100235	-0.0219490048	-0.0633197401	0.1260828495	-0.1009965056	-0.2330336194	-0.0384515261	-0.0187424662	-0.0500698816	-0.0372146818	0.0361357765	0.025064497	-0.0148436471	0.0838495364	-0.1286890026	0.1538937279	-0.013291463	-0.0383472477	-0.0412748074	0.0084115748	-0.0389654652	-0.0416525914	-0.0465705972	0.0737271971	0.0713177055	-0.0564992005	-0.079346427	0.0938497022	0.04561744	-0.0631817605	-0.1267661984	-0.0382833527	-0.1063942335	0.1013839798	0.0462651033	0.024215310296654	0.007326681361448	0.0005863812527632	5.368025977219096e-05	0.1342279096182324	-0.0070165589654891	0.0180171317204803	4.923209971618563e-05	-0.1893307134769202	-0.004653406421113	2.165419132005574e-05	0.0358461190656796	0.0044285732027997	0.0002015543393068	1.961226061255559e-05	4.0624151693440945e-08	0.0003001060470426	0.0002660889752463	7.08033427476322e-08	9.006363947153524e-08	-0.0004041665238444	6.14073573058e-05	3.770863531282188e-09	1.6335057899646597e-07	0.0	0.0	0.0	0.0	0.0	0.0	0.0
944.055962838946	-1.2562116526587488	1.578067716275625	891241.6609717694	1202.8012288411458	-2.5925939511030265	6.721543395296002	1446730.7961017704	863.838409080934	-0.5488801763299307	0.3012694479679758	746216.797003479	951.76785952483	807.2620367641472	1.156491	19.65168	0.0564975007619631	0.0271205086943251	0.0565968032	-0.0529629702	0.1390376886	0.0585047617	0.1669147474	-0.0098096031	0.0107200259	-0.0886500793	0.0780924699	0.0167976175	-0.1642927705	-0.0372927386	-0.0496433674	-0.0120242654	0.0750898742	0.037306341	0.0236008543	0.1076093563	-0.0677990194	0.0924404904	0.0101373701	-0.0636992972	-0.1004440979	0.0953391156	-0.0612072229	0.0513674035	-0.0005630898	-0.0873356833	-0.0170083198	0.1007886232	-0.0757675239	-0.1176204771	0.0427244576	0.1578721587	0.1389317508	-0.0889641908	0.0090067118	-0.0564408241	0.0997740535	0.089949435	0.1146041543	-0.0445953507	-0.0580579125	-0.0301319506	0.0993547545	-0.04205267	0.0945954223	0.060874235	0.0441097569	0.068793395	-0.0561501198	-0.093030866	0.1560392599	-0.0571640884	0.068407582	-0.044332615	0.0812187442	0.1430867755	0.0054137198	-0.0140074814	0.0831094964	-0.0227174821	0.0778618308	0.0379745396	0.090551755	0.0396295116	-0.0339257651	0.008902739	-0.0285978017	0.1461141674	-0.1557207785	0.0935399172	-0.0083420628	-0.0586137903	0.026873463	0.0877257166	0.1436674118	0.1566072874	0.0685869144	-0.1452059084	0.1044648336	0.0894857659	-0.0342483694	-0.10540194	0.0250043726	0.0306834246	-0.1579393824	-0.0121607382	-0.0755294133	0.0093021802	0.0248127043	-0.0359498879	-0.0729773994	0.031693074	-0.0706489976	0.2626188407	-0.0494225725	0.017877764	0.0367097488	0.0539488371	-0.0053216761	0.1153876741	-0.1660486116	0.0253136008	0.1821207939	0.2294855965	-0.079036759	0.0429519501	0.1123222758	-0.113851934	0.0378012912	-0.0414976565	-0.1024214758	0.1073422654	0.033413395	0.0278501266773361	0.003634816380682	0.0007756295559436	1.3211890121274915e-05	0.1479754323086268	0.0137475226903944	0.0218967285669249	0.0001889943801229	-0.1981766346783544	-0.0088459212014341	7.825032190198275e-05	0.0392739785324379	0.0046050217867772	0.0001764485839775	2.1206225656692672e-05	3.11341027876649e-08	0.0002103512504401	-8.975479660249997e-05	8.05592351315614e-09	4.424764856171367e-08	-6.498509463535125e-05	0.000339181429209	1.1504404192029297e-07	4.2230625247655585e-09	0.0	0.0	0.0	0.0	0.0	0.0	0.0
941.7622815950766	-2.2936812438694005	5.260973648478281	886916.1950351644	1202.4679131141077	-0.333315727038098	0.1110993738909358	1445929.0820689972	863.542518598578	-0.2958904823559578	0.0875511775488414	745705.6814275754	952.336084995619	799.7867614598844	0.955702	16.239773	0.0615161386587552	0.0397944045473176	0.0700086876	-0.0694831776	0.0671605697	-3.89219e-05	0.0901043556	0.0057196716	0.0632502039	-0.1230549569	0.0666490366	-0.0756375497	-0.0796059494	0.0769197998	0.0312782465	0.1288252796	0.0660829495	-0.0843560435	0.0819004562	0.1489338711	-0.0826497679	0.0406245911	0.0547465616	-0.1138437404	-0.1792313811	0.0353150338	-0.0309328601	0.0010600598	0.1158336169	0.0374736169	0.0030572678	0.0601467806	0.0465075181	0.0775760955	-0.0514134835	-0.0324559	-0.0685174898	-0.0696577072	-0.0516074208	-0.0649072807	0.0521155235	-0.0133532253	0.1274046123	0.0581453826	0.055919985	-0.1497677683	0.1447798067	-0.1009606432	-0.0430099076	0.0419219956	-0.0993427753	-0.2253312104	-0.1781620918	0.0655668018	-0.0259140881	-0.0662337008	0.0626506867	-0.0381413887	0.0527607974	0.1646246671	0.0235856277	-0.044380778	0.0499304203	0.1276039521	0.0142944904	0.0147573151	0.1968569359	0.0907722261	-0.0270357295	0.0137915696	0.0428224872	0.017362525	-0.1168150907	-0.086552946	-0.0204893667	-0.0740285645	0.0349313382	-0.0416695911	-0.1203708502	0.0183097297	0.0904102655	-0.017659774	0.1368881839	-0.0337695874	-0.0185051832	-0.0106644431	-0.0249171793	-0.0493385877	-0.1138300247	-0.0017432581	-0.0507003533	0.0097361248	0.0332172139	-0.0654895193	0.0005068708	-0.0132197006	-0.0170182805	0.2421258833	-0.0655220211	-0.070712424	-0.0777531849	0.1294248254	0.0149679935	0.1073037962	-0.0149054348	-0.1015718133	0.0581707534	0.1272862343	-0.0334235421	-0.0056009928	0.0272404573	-0.0677334862	0.0087859475	-0.0446835199	-0.098167988	0.1126387502	0.0201956026	0.0307354811734086	0.0028853544960724	0.0009446698029609	8.325270568005782e-06	0.1470736377331434	-0.0009017945754834	0.0216306549160598	8.132334563713257e-07	-0.1872151477812025	0.0109614868971519	0.0001201541949964	0.0350495115587374	0.0039090421334293	-0.0006959796533478	1.5280610400925496e-05	4.843876778742623e-07	0.0002099069871381	-4.442633020000197e-07	1.973698815039607e-13	4.4060943249394477e-08	-0.0003039112317864	-0.000238926137151	5.708569901392175e-08	9.236203680592694e-08	0.0	0.0	0.0	0.0	0.0	0.0	0.0
942.349152741758	0.5868711466813465	0.3444177428070786	888021.9256731091	1198.9325531201484	-3.535359993959218	12.498770286887328	1437439.2669311976	863.9721805186754	0.4296619200973737	0.1846093655817619	746447.9287101945	951.4743646665642	795.4264011544111	1.045448	17.764793	0.0675135790410886	0.0376880562927637	0.0706814325	0.0365996042	0.1157782884	-0.0355633834	0.0553708079	-0.0487698414	0.0979619055	-0.043436338	0.1142302261	-0.0525874666	0.0772596391	0.0701191641	-0.0566582493	-0.0342007288	-0.0470750923	0.0150275028	0.0307162364	0.0677578815	0.0274781113	0.0076158637	0.1111604756	-0.0724455822	-0.0335130358	-0.1070219189	0.0287218558	-0.034293468	-0.0141703387	0.078319923	-0.0422449314	0.0553045583	0.0807314154	-0.1158137642	0.1395784117	0.1238051122	-0.0225415744	0.0496196504	0.0421469819	-0.1391659203	-0.0195431683	-0.0810891183	-0.0568594363	-0.1331617416	-0.1742213149	-0.0134923687	0.0365303984	0.029459661	-0.1374788345	-0.0634022887	-0.0099808901	-0.0771781049	0.2026167246	-0.1298032546	-0.0431321835	-0.1020220769	0.0385918923	-0.1118717372	-0.0931583859	0.0253186794	-0.0170343525	0.0140197993	-0.0601906843	0.0574859536	0.0107446388	-0.0063912399	0.0256520716	0.0814313147	-0.0583902182	-0.1201556742	-0.0043943842	0.0365691209	0.0433438447	-0.0028351119	-0.0261177528	-0.0413909384	0.0073762386	0.0048489296	-0.1829366472	0.0622475794	0.1274955939	-0.1125597276	-0.0926411024	-0.0152137017	0.0598184487	0.0510761948	-0.0114195886	-0.0193584929	-0.0723140078	0.0282001855	-0.0796005966	0.0643112964	0.0323265016	-0.0321889622	-0.0149813064	-0.0310983457	0.0656169333	0.1755896923	-0.0320267768	-0.0103442715	-0.0134501613	0.139927585	-0.071058053	0.1218771201	-0.055322615	0.0848682668	0.1070300156	0.0490337697	-0.0676812814	0.0507112764	-0.1128430376	0.0445634415	-0.0023817497	-0.0478387595	-0.0936454286	0.1172407796	0.0067565429	0.0313986677356439	0.0006631865622352	0.0009858763355733	4.39816416329475e-07	0.1693921010431154	0.022318463309972	0.028693683895801	0.0004981138045185	-0.183494969470253	0.0037201783109494	1.3839726665258918e-05	0.033670403820889	0.0044310273621196	0.0005219852286902	1.963400348385258e-05	2.724685789708641e-07	0.0001247911263981	-8.511586073999997e-05	7.244709749511069e-09	1.5572825227706574e-08	-9.477730405806116e-05	0.0002091339277283	4.373699972708206e-08	8.982737364514177e-09	0.0	0.0	0.0	0.0	0.0	0.0	0.0
943.331172141907	0.9820194001490564	0.9643621022691125	889873.7003346242	1199.4032810895872	0.4707279694387125	0.2215848212118935	1438568.2306884672	864.2091790702906	0.2369985516152155	0.0561683134677099	746857.5051893456	952.1085706554215	800.1714268996143	1.091006	18.538929	0.0592148629348817	0.0295327423974287	-0.0373585341	0.1096832299	0.0940588084	-0.0447697709	0.0794823271	0.0316039145	0.0849550671	0.0263679869	0.0095842816	-0.1162087716	0.031565008	0.0482293127	-0.0208009807	-0.0234272867	0.0610771508	0.0585824695	-0.0152001747	0.0696427533	0.0946618166	-0.1029915944	0.0665626365	0.017841076	-0.0358672002	0.1244900737	0.033638445	-0.0559580143	-0.1381648428	-0.0479577709	-0.0278902078	-0.0020804765	0.074045564	0.0152062244	0.0386375251	-0.0382070124	-0.1119939969	-0.0550719624	0.0990670852	-0.0156755797	0.0471948059	-0.0530992943	0.0524898845	-0.0265252225	0.0207749515	0.039155025	0.0561048206	0.1835724777	-0.0107681598	0.0741882349	-0.0018687829	-0.1198359343	0.1036804964	0.0900191438	0.0863178367	-0.0404112891	0.0511014617	0.0595513992	-0.1083983359	0.0274768766	0.0152091744	0.0182417847	-0.0359984329	-0.0729780884	0.0332946029	0.088619476	-0.151056257	0.0048269687	0.0169291213	-0.0355551241	0.0941073808	0.0756659405	-0.0028962669	-0.079338449	0.0570463049	0.0677238017	0.0544500812	0.0299091668	-0.1179969583	-0.0719175771	0.0983114903	-0.0134519735	0.14411079	-0.0832036843	-0.0471273942	-0.0077678682	-0.0078908578	0.0540969511	-0.0947908193	0.0284852093	-0.0553347225	0.101815076	0.0305045838	0.0694012681	0.0562161924	-0.0822525671	0.1356924665	0.1627804788	-0.0122135385	-0.0172424893	0.027381879	0.1023438265	0.0394463097	-0.0181553263	-0.0460631069	-0.0115462562	0.1736938404	-0.1129686453	-0.0960960644	-0.0422894544	0.0013411388	0.0653504576	-0.1736793981	-0.0509612127	-0.0888661936	0.1211199807	-0.0067565429	0.03983903723649	0.0084403695008461	0.0015871488879304	7.12398373108131e-05	0.1787679008937601	0.0093757998506447	0.0319579623899612	8.79056228393494e-05	-0.1634011565900266	0.0200938128802264	0.0004037613160655	0.0266999379749583	0.0042900025188389	-0.0001410248432806	1.8404121611644107e-05	1.9888006422345892e-08	-0.00015018179225	-0.0002749729186481	7.561010598985465e-08	2.255457072342216e-08	-8.467745192357063e-05	1.0099852134490533e-05	1.0200701313857296e-10	7.170270864268615e-09	0.0	0.0	0.0	0.0	0.0	0.0	0.0
942.3798094071694	-0.951362734737586	0.9050910530473782	888079.7051782929	1195.4348691304524	-3.9684119591347553	15.748293477403749	1429064.5263329418	863.3999409536298	-0.809238116660822	0.6548663294567542	745459.4580387314	951.5250049642888	805.2059085418002	1.028082	17.469696	0.0273865876330166	0.0132216394574122	-0.0935617092	0.0860907923	0.0747125129	-0.094257667	0.1337588506	0.1589029424	-0.0170556584	0.0603593165	0.0341875028	-0.1663585772	0.0142038638	0.0431740174	0.0144918793	-0.0086555602	-0.0723489538	0.0801722324	-0.0722430477	0.0806682761	0.0206219303	-0.1215434647	0.0333681723	0.0998149003	0.024949359	-0.0191339509	0.1064594589	0.0064235999	-0.074650683	-0.1208632354	0.0253590364	-0.0023999284	-0.1547001882	0.1284592516	-0.0786258485	-0.102956386	-0.0702138949	0.0667468956	-0.1215899974	-0.0121823506	-0.0502813538	-0.1170210542	-0.0523340719	0.2162705911	-0.0649056644	0.0298419611	-0.0637920269	0.076188165	0.1632327778	0.1285685336	-0.193384775	-0.0485807028	-0.0436493957	-0.0334694092	0.1158021157	-0.0558433264	0.0143804399	0.0338808035	-0.1522875308	0.0335709711	-0.0200749404	-0.0538848923	-0.1151801908	-0.1048388672	-0.0161323627	0.0155591629	-0.0916700739	-0.1108792202	-0.0157371438	-0.0104065817	0.0438871943	-0.058675025	-0.05934187	-0.0838879982	0.0721299165	-0.1553346703	-0.0163220763	0.1523723814	-0.0077900213	-0.0331449688	-0.0575120611	-0.1119580115	0.183693949	0.046705984	-0.0985231116	0.0454387602	0.032359978	-0.1606331159	0.1452937489	0.0367661536	-0.0011911415	0.124672248	0.0074700227	0.081470807	0.1004382243	-0.0870846998	0.1319251663	0.0858894966	0.0810122053	-0.0235104362	0.130339609	0.1011783361	-0.0331296161	-0.0215796636	-0.12718833	-0.1143805678	0.1237896548	-0.0517113078	-0.0581252221	-0.0907048487	0.0190173444	0.0067772712	-0.1493649645	-0.0540487397	-0.0838433825	0.1242524367	-0.0201956026	0.0431528683794795	0.0033138311429894	0.0018621700493766	1.0981476844247086e-05	0.1695405497103905	-0.0092273511833695	0.0287439979961013	8.514400986123222e-05	-0.1554146592950758	0.0079864972949507	6.378413904225637e-05	0.0241537163238044	0.0043270161684359	3.7013649597000126e-05	1.87230689219057e-05	1.3700102564895075e-09	-0.0001379928489768	1.21889432732e-05	1.485703381172875e-10	1.904202636873393e-08	3.2981154403652693e-06	8.79755673639359e-05	7.739700453006424e-09	1.0877565457975794e-11	0.0	0.0	0.0	0.0	0.0	0.0	0.0
942.3453120179148	-0.0344973892546249	0.0011900698653851	888014.6870821412	1197.8374958527395	2.402626722287096	5.772615166648032	1434814.6664707616	863.6289668736833	0.2290259200535729	0.0524528720563855	745854.9924233056	951.7821804075924	796.6495148275673	1.217309	20.685131	0.0977793406744889	0.0471373424202234	-0.1699633864	-0.0185599497	0.0189919482	-0.1614962494	-0.1040508014	0.0546539604	0.0099136319	0.1005857331	-0.0521940453	-0.0966058726	0.1714839016	0.1010403519	0.0715772572	-0.0381192328	-0.0022318987	0.005334674	0.0796920941	0.1535611828	0.0184750578	-0.1023262811	0.05601592	0.0598691135	0.0053856293	-0.1138415656	0.0598730717	0.0112439806	0.0239592581	-0.0702231609	0.0205920859	0.2338757747	-0.0284255139	-0.0307195596	-0.0022470745	-0.0327546626	0.003006136	0.0612207895	-0.093427766	-0.0205394713	-0.1120973771	0.080168673	-0.0928702446	0.0431587596	-0.0084483602	0.2164885758	0.0356013227	0.0196574122	-0.0468229766	0.04993255	0.1047084585	0.0449523817	-0.0177174908	-0.0004177305	0.0771885605	0.110438903	-0.0526209691	0.0646953512	-0.1608367347	-0.0664050266	0.0687266858	-0.0530428535	-0.0984253119	0.0325350913	-0.0362239113	0.0790781255	0.1305096677	-0.0400549006	-0.0465291043	-0.0431748948	-0.0248966842	-0.0072707581	-0.1044658925	0.0404501416	0.0988717041	0.087938583	0.1177027943	0.1882617085	0.1179041535	0.0076179783	-0.0461974659	0.130383825	-0.0482053165	-0.0035926496	-0.1299837083	0.0071375781	-0.0683853335	-0.0808339557	-0.1177561584	0.018333799	0.0605302526	0.0791172448	0.0082356492	0.1132065638	0.1012652457	0.0396523337	0.0138046053	-0.0724455527	-0.0204383544	-0.1297082517	0.0078132083	0.1076164911	0.0812806812	0.0248776311	-0.0034697528	-0.1590228887	-0.0520634369	-0.0448092424	0.0170379842	0.0178997877	-0.0105739742	0.0275484137	-0.0651680455	-0.0570992244	-0.0785907625	0.1266188352	-0.033413395	0.0282962963369755	-0.0148565720425039	0.0008006803863899	0.0002207177328541	0.1670307773625694	-0.002509772347821	0.0278992805863442	6.2989572378874304e-06	-0.1815272580694014	-0.0261125987743255	0.0006818678147489	0.032952145422195	0.004848961024355	0.0005219448559191	2.3512423015713896e-05	2.724264326204104e-07	-0.0002969753186019	-0.0001589824696251	2.5275425648095847e-08	8.819433985870003e-08	-0.0004017825092122	-0.0004050806246525	1.640903124689125e-07	1.6142918470885158e-07	0.0	0.0	0.0	0.0	0.0	0.0	0.0
944.2251247512692	1.879812733354356	3.533695912481176	891561.0862115498	1202.631497211945	4.794001359205595	22.98244903206509	1446322.5180862446	864.9258099845287	1.296843110845316	1.6818020541469565	748096.656777393	953.4433746608275	791.579289370768	1.227147	20.85231	0.0929797637847254	0.0412632423208164	-0.0751466539	-0.1357745473	-0.0187630491	-0.0433157599	-0.116230646	-0.1014718646	0.0004099043	0.1171926475	-0.0881535105	0.1088813562	0.0917275161	-0.0270794232	0.0549072975	0.0260352048	-0.0775451687	0.0878409875	0.1525388301	0.0896377517	-0.0143919031	0.013543608	-0.1422849179	0.1087913797	0.0813626925	-0.1598076221	0.1050134509	-0.0654731783	0.0350757101	0.1148706367	-0.0761135047	0.0629424573	-0.1337039478	-0.0490169442	0.0522157514	-0.0211094731	-0.0844071433	0.0024057314	0.0528875743	-0.0220226956	-0.1111335113	0.1256407126	0.0077671203	0.1065346571	0.0944357808	-0.0703258217	0.1217976902	0.0214326109	-0.0360756927	0.0068534303	0.047925688	0.0239837909	0.0289311385	-0.1282094697	-0.0188493121	-0.0139017405	-0.1504087534	0.020513929	0.0306689532	-0.1197391276	-0.0860075523	0.0473930703	-0.0796368266	0.0415473802	-0.212862448	-0.0226438633	0.0909567212	-0.0294039671	-0.0918986653	-0.0900067656	0.0230184854	-0.1006156453	0.0034228627	-0.0497724895	0.0826826831	-0.0577185214	-0.0068209711	0.0819474415	0.0561448179	-0.0347485883	0.0822596541	0.0645192514	-0.0889552138	0.0879795899	0.0429006716	-0.098393205	-0.0722900267	-0.0149726103	-0.0188742414	-0.0277991421	0.053888234	0.014470975	-0.0098704619	-0.0015172962	0.1830267272	0.0926971658	-0.0261123765	-0.0075034771	-0.0580205058	-0.028393103	0.045736582	0.0140283836	-0.066097267	0.0366796495	0.0923607463	0.1007152296	-0.1445357962	0.0003211036	-0.0154769583	-0.1578702966	0.0025899687	0.0389390644	-0.0438310542	-0.0601105761	-0.0731227308	0.1282045865	-0.0462651033	0.040225889087921	0.0119295927509454	0.0016181221529137	0.0001423151832034	0.1447355603606155	-0.0222952170019539	0.0209483824329013	0.0004970767011642	-0.1908665746107942	-0.0093393165413928	8.722283346033329e-05	0.0364300493036578	0.0046680475179551	-0.0001809135063999	2.1790667629886765e-05	3.2729696797906934e-08	7.103644862316294e-05	0.000368011767225	1.3543266081611392e-07	5.046177032991268e-09	-0.0008411699853959	-0.0004393874761836	1.930613542270815e-07	7.075669443309386e-07	0.0	0.0	0.0	0.0	0.0	0.0	0.0
945.3983408213272	1.1732160700580607	1.3764359470424803	893778.0228277184	1207.6000857230945	4.968588511149392	24.68687179312573	1458297.9670384252	865.2145135429469	0.2887035584182058	0.0833497446433343	748596.1544453582	954.0132382477942	792.5136974320912	1.138017	19.337763	0.0780632967802132	0.0472092492640133	0.0454578612	-0.0987983542	-0.0102325059	0.0912768168	-0.1040575319	0.0447198064	-0.0279521596	0.1347152082	-0.0202042989	0.1927617021	-0.0492384688	-0.0224084709	-0.0179122772	0.0257162496	-0.1229324341	0.0023113377	-0.0040772001	-0.1619031826	-0.078218027	0.1271852013	-0.2028849086	-0.0105213808	0.08001476	-0.0613645114	-0.0126589741	0.0087271966	0.0952903933	0.027046102	0.0347962083	-0.0037343081	-0.0193890563	-0.0595904708	0.1069556365	-0.0105255374	0.1609515254	-0.0980949726	0.0858367079	0.0055915424	-0.0014662135	0.0201167992	-0.0766699794	0.0303595739	-0.0404362818	0.0364301877	0.0481315709	0.1647650392	0.0558476662	0.0625922298	-0.0330072883	0.0725635668	-0.0597645787	0.0612417677	-0.1371363493	-0.2009270411	-0.1884841371	-0.0121638835	0.1082944785	-0.0394498863	-0.0585092243	0.083783248	0.0669738897	0.0368291472	0.0059608672	-0.0466280435	-0.0519954671	-0.0221160841	0.0305439126	0.0058436043	0.0263240866	-0.0059779326	-0.0270223931	0.0184738348	0.0608190079	0.1237891746	-0.0411525111	-0.0157063061	0.1438021377	0.0246850779	0.07299136	-0.0277150479	0.0089496107	0.0060784444	0.0192426175	-0.0871537242	-0.1333912853	0.177802363	0.1847612441	-0.0392947417	0.1223648405	-0.0773302274	-0.0409628047	-0.0398139265	0.0599568661	0.0426660119	-0.0688133123	0.0383930515	-0.0392416126	0.0638002846	0.0229132918	-0.1050817785	-0.0640355096	-0.0262254861	0.0992552547	-0.0128031164	-0.1999926574	-0.0460346337	-0.058800843	0.0127387316	0.1314509119	-0.0704561027	-0.084206228	-0.063080731	-0.0674542747	0.1289999139	-0.0586099215	0.0224093083449474	-0.0178165807429735	0.0005021771004989	0.0003174305493708	0.1415562097540714	-0.003179350606544	0.0200381605199386	1.0108270279332276e-05	-0.2325335630074079	-0.0416669883966137	0.0017361379220435	0.0540718579249201	0.004633629427341	-3.4418090614100026e-05	2.147052166992048e-05	1.1846049615204004e-09	0.0002237724995637	0.0001527360509405	2.3328301256910333e-08	5.007413156098612e-08	-0.0009620233845229	-0.0001208533991269	1.4605544080549962e-08	9.254889923688954e-07	0.0	0.0	0.0	0.0	0.0	0.0	0.0
944.9411595630432	-0.4571812582839811	0.2090147029261242	892913.7950363487	1201.341838054168	-6.258247668926515	39.16566388562416	1443222.2118593666	864.3826802800211	-0.8318332629257839	0.6919465773097563	747157.4179680732	953.1688980219708	805.0224720088651	1.033901	17.568579	0.0831639235520034	0.0491026287746028	0.0576558493	-0.0767455392	0.0552139178	0.0887934044	-0.0721827746	0.081568393	-0.0365435352	0.0064344046	0.0692054685	0.0527024712	0.0242329863	-0.0798496247	0.1055543	-0.0129129139	0.0428917283	-0.0947945842	-0.0781707765	0.048363644	-0.0686795374	0.1481613291	0.0052492064	-0.07007243	0.0938336357	-0.0349067	-0.1003102917	-0.0538859237	-0.0297451101	-0.1153845846	-0.0233992584	0.1076134938	0.0964914145	0.0285597089	-0.1061447692	-0.0342662283	-0.1291004615	-0.0897389645	0.0814538199	0.0299453511	0.0847349945	-0.0059432868	0.0142050401	0.094942248	0.1282464378	0.0019828884	-0.0681650139	-0.0692994455	-0.1141801926	-0.0050085636	0.0924328795	0.059415137	-0.1239396727	0.0734007409	0.0133558914	-0.0440888343	-0.0543221062	-0.0584113462	0.0288106182	-0.0121256405	0.1137951375	-0.0080376027	0.1246152963	-0.015733492	0.1682744535	0.1055712679	0.1750151039	-0.027944735	0.1015347707	0.1210161532	0.0335709867	0.0484767393	-0.0082854648	-0.0219068916	-0.0409405509	-0.0070195903	0.0369606765	0.0724657551	0.0203445299	-0.1925828467	0.0516299815	0.0284594837	0.046573591	-0.0743101794	0.0172916244	-0.0357707383	0.0927969518	0.0212933161	0.0354919428	-0.033733948	0.1020977407	-0.0534184756	-0.0255749902	0.0072074103	-0.0686758575	0.0587902804	-0.0922552745	0.0501211751	-0.0794767057	0.0974527379	-0.0376348138	-0.1191336057	0.0250151445	0.1348465924	0.0627546982	0.0054901253	-0.1305024232	0.0441648463	0.2642664567	-0.1319290044	0.1180700226	-0.0427638901	0.0308254926	-0.0660076536	-0.0616009311	0.1289999139	-0.0703125971	0.0225384747201502	0.0001291663752027	0.0005079828427108	1.6683952483030352e-08	0.1451246341868142	0.0035684244327428	0.0210611594478566	1.2733652932195778e-05	-0.2669728393009549	-0.0344392762935469	0.0011860637516232	0.0712744969244134	0.0052460229544201	0.0006123935270791	2.752075683830259e-05	3.750258320083806e-07	-3.554228931168524e-07	-0.0002241279224568	5.02333256248089e-08	1.263254329515535e-13	-0.0008980037050486	6.401967947429997e-05	4.098519359992105e-09	8.064106542810129e-07	0.0	0.0	0.0	0.0	0.0	0.0	0.0
944.2773205777364	-0.6638389853068247	0.4406821984131946	891659.6581574692	1202.9615000211274	1.6196619669594838	2.623304887215064	1447116.370533081	863.6195101277212	-0.7631701522998355	0.5824286813613542	745838.6582732452	951.7625205709747	791.7238891656781	1.064437	18.087456	0.0507013971629238	0.0249198523707769	0.0668914177	0.0706646353	0.0691636544	0.0473366851	-0.1441784681	-0.1194402792	0.0118092962	-0.0780434025	-0.0134851762	0.003074405	0.0744952305	-0.0826975685	0.0932532936	0.109860672	0.0797356813	0.0361974592	-0.0193044323	-0.0996545435	0.0039973604	0.0493092401	0.0702183587	-0.1067453153	0.0730313361	0.0471578619	-0.1408917923	0.0608748682	-0.1541812317	0.0673682963	0.0917642099	0.0313477959	0.0830935226	-0.0399780102	-0.2102099001	0.1763146084	0.0260847752	0.0538173612	0.0994654698	0.0305229685	0.0162532796	-0.0892137857	0.1430002891	0.0186664343	0.0804061776	-0.1495670439	-0.1063296627	-0.1180405001	0.0798205396	-0.0457587085	-0.0075216452	0.1059132149	0.1042768526	0.0554947431	-0.02505611	-0.0046507799	0.0551159927	-0.0906852686	0.0085822627	-0.0961532536	0.0886810388	-0.066678841	0.1269751333	-0.0134523273	-0.0074468799	-0.1719044629	0.078907691	0.0177877789	-0.0471888042	0.1149781553	0.0536796639	0.2110204373	0.0122384774	0.0522326139	-0.0514265617	-0.1094880273	-0.055578133	-0.1568980844	-0.1465308724	-0.0425700436	0.0703861912	-0.0138313495	0.0838249749	0.0360607256	-0.0705251669	-0.0960125723	0.0749561581	0.072908892	0.0994942884	-0.0119038744	0.0728727293	-0.032252405	-0.0367057345	0.0675382512	-0.1296401265	-0.0117863481	-0.0018551787	0.0905222993	-0.0620360185	0.1099080817	-0.114862634	-0.0190940863	0.0050515783	0.1045120715	0.1605535068	0.0441375957	-0.0760209363	0.0236969069	0.0888274805	0.0696358466	-0.0620573871	0.0863409532	0.1071317197	-0.0688893378	-0.0555787436	0.1282045865	-0.0812449131	0.0245891103832178	0.0020506356630675	0.000604624349438	4.205106622644693e-06	0.1603966109813654	0.0152719767945511	0.0257270728143074	0.0002332332752133	-0.2686735730339791	-0.0017007337330242	2.892495230646453e-06	0.0721854888468449	0.0050830904587146	-0.0001629324957054	2.583780861147541e-05	2.6546998156822584e-08	0.0002248436217791	0.0002251990446722	5.0714609721279126e-08	5.0554654254742976e-08	-0.0006525742259807	0.0002454294790678	6.023562919554076e-08	4.258531204143098e-07	0.0	0.0	0.0	0.0	0.0	0.0	0.0
944.9576943647196	0.6803737869831821	0.4629084900138364	892945.0441390869	1203.1199268438877	0.1584268227602479	0.025099058169907	1447497.5583688417	864.7335621351606	1.1140520074393407	1.2411118752796249	747764.1334829637	953.481202424664	802.8446067929699	1.085324	18.442387	0.0846425391965302	0.0446241110941437	-0.0360328287	0.1290575512	0.067810805	0.0196604615	-0.0227636356	0.0481151588	0.0264786361	-0.1178779764	-0.0911520816	-0.0127708949	0.0148015165	-0.043592913	0.0455090284	0.0395844796	0.1013615834	0.0358977502	-0.0584610956	-0.0477570188	0.1232460137	-0.0243601028	0.0534323094	0.0515761157	0.0272777308	0.0936150008	-0.0343978162	-0.0756509617	-0.0938469979	-0.0736847561	0.183844226	-0.1030565776	0.0331698738	-0.0400543383	0.0283333627	-0.0386680397	0.0159733531	-0.0301621483	-0.0927252893	-0.0553588334	-0.040614562	0.0050186359	0.029100242	-0.0334227645	0.0524309186	0.032137678	-0.1401100039	-0.0814338451	0.0223127572	0.0493234124	0.0466615177	-0.0041557561	0.0371535856	0.0265240936	0.0778596364	0.0208212277	0.140594514	0.0634732936	0.0001790481	-0.0652120182	0.0958155926	0.0309390605	0.0105825277	-0.0699729182	0.0397910325	0.0314368612	-0.0267791966	-0.0408317964	0.0822568097	0.1223953454	0.0430164651	0.0300949049	0.0166231211	0.106709566	0.0397891783	0.0926238054	-0.044196997	-0.0661762326	-0.0531798486	0.1166408906	-0.0630176439	0.0756508325	-0.077308521	0.0446977291	0.0072749821	0.0015468653	0.0831997057	0.0047781199	0.0364290031	0.0140132889	0.0348086019	0.0144321034	-0.0193907417	0.1788944742	-0.0748885188	-0.061010406	0.0096775852	0.0410657139	-0.0068807782	0.083468256	-0.0330471601	-0.0162740917	0.0393934724	0.0730942723	0.0789910476	0.0331432798	0.0361687573	-0.0504285773	0.13685359	-0.0814474276	0.0621741767	0.0984867141	-0.0405447533	-0.0717238087	-0.0494042187	0.1266188352	-0.0912870929	0.0266852556541152	0.0020961452708974	0.0007121028693254	4.393824996705544e-06	0.1894150621773747	0.0290184511960092	0.0358780657796587	0.0008420705098151	-0.2409854446113755	0.0276881284226035	0.0007666324555465	0.0580739845145423	0.0054305851180591	0.0003474946593444	2.9491254724484967e-05	1.2075253827294968e-07	0.0002256867391952	8.431174161000008e-07	7.108469773311419e-13	5.0934504248562235e-08	-0.0004841157166009	0.0001684585093798	2.837826938246417e-08	2.3436802706000293e-07	0.0	0.0	0.0	0.0	0.0	0.0	0.0
944.3838494188622	-0.573844945857445	0.329298021886134	891860.8550431881	1205.9505466558994	2.8306198120117188	8.012408520153258	1454316.7209796626	864.2824321618241	-0.4511299733364922	0.2035182528425841	746984.122543558	954.7879547732016	802.8614751058839	1.133258	19.256899	0.0371133323741915	0.0248454088134824	-0.1682841023	0.042684695	-0.050279586	-0.0622744465	-0.016562168	0.0535190492	-0.0331366571	-0.0624599835	-0.1671587257	-0.0210895054	-0.0557291258	0.0414081326	-0.0298045121	0.0796705686	0.0874847179	-0.0101309923	0.0127903184	-0.0206846469	0.0158377921	-0.0588258793	-0.0331167076	0.1088588938	0.0114610441	0.0964102347	-0.0883887921	-0.0439811723	0.038251469	0.0058237128	0.0806890077	0.0002093113	0.0403202325	0.0341284914	-0.0151658012	-0.1968149635	-0.0137157201	0.0304810828	0.0102076808	-0.1023150979	0.0238950874	-0.0087616133	-0.034419384	0.2045344518	0.093211025	-0.0539765093	0.1368412774	-0.0407239076	-0.1704744013	0.038346538	0.1007551861	-0.0558534585	0.1303994709	-0.1066759052	-0.0196687317	0.1361039926	0.0748177647	0.1684149529	0.0644414833	-0.0203524756	0.0575758442	-0.0355631401	-0.0172849383	0.0106780975	-0.0010554894	0.0366027275	0.0491242385	-0.0069489994	-0.0123026553	0.2235058455	-0.0405934059	-0.0192717613	0.1015331728	0.0186706929	0.0137397104	0.0163306354	-0.0254872408	-0.0311462558	0.0428461913	0.013350413	0.0688127736	0.0265416915	0.0748257432	-0.0366976884	0.0046344656	0.0489093777	0.1366521131	-0.0121745883	0.0490351992	0.0088319042	-0.0188506375	0.0340553339	0.010190417	0.1854725385	0.0191078441	-0.00592616	-0.0830239158	-0.0610591715	0.0292062876	-0.0070762781	-0.0353914346	0.0318352374	0.0054250381	0.0887666584	0.0725708951	-0.0661759752	-0.0192277343	0.0205300924	0.1262777659	0.0934038154	-0.0170778451	0.0342292737	0.1407461192	-0.0745091236	-0.0430942802	0.1242524367	-0.1003291122	0.0217042365043198	-0.0049810191497954	0.0004710738822354	2.4810551770628504e-05	0.1660580299609932	-0.0233570322163814	0.0275752693145261	0.000545550953957	-0.2380168299810208	0.0029686146303546	8.812672823555933e-06	0.0566520113542141	0.0053740897090496	-5.649540900950004e-05	2.888084020091281e-05	3.191731239150698e-09	0.000225042197	-6.445421952000084e-07	4.154346413932458e-13	5.064399043058681e-08	-0.0005431090929494	-5.899337634849997e-05	3.4802184529957555e-09	2.9496748684432e-07	0.0	0.0	0.0	0.0	0.0	0.0	0.0
943.5258573682348	-0.8579920506273311	0.7361503589396927	890241.0435224626	1204.0168237930689	-1.933722862830564	3.739284110233632	1449656.51197675	864.6395819846164	0.3571498227922802	0.1275559959205572	747601.6067345322	954.5213323368944	786.0815662112541	1.17908	20.035534	0.028085020066495	0.0164553398572869	-0.1058836439	-0.0907128667	-0.1149934057	-0.0869102076	-0.0162040317	-0.1682465409	-0.0370292549	-0.0834110243	-0.1222313951	0.0297337053	-0.0461330497	0.14948723	-0.08989286	0.087842389	0.008760993	-0.0070255709	-0.0421537452	0.033760485	0.0278106791	-0.0555566558	-0.0575474679	0.078764487	-0.0362787399	-0.0364019356	-0.0888807489	-0.1377909956	-0.0062391804	0.060223206	0.1013047154	-0.0026452314	0.0985681242	-0.0709255317	-0.1177128896	-0.119722077	-0.1692410977	-0.1247473717	0.0283596597	0.1215592713	0.0320084455	0.1041998628	0.0525881163	-0.0131848344	-0.0309062205	-0.1530653842	0.0813338876	-0.024539066	-0.067193451	0.1035853419	-0.0830344781	0.176166153	-0.0160818853	0.0388488873	-0.1274044679	0.0156768369	0.0530804797	0.1336566559	0.0912534788	0.0002644104	-0.0187600266	-0.0083909206	-0.0715537646	0.1391736921	-0.0110422952	-0.0054809099	0.121245153	0.1059328571	-0.0027288135	0.2639730578	0.0102501101	-0.050271825	0.1052535468	-0.0378975388	0.1156273247	-0.0250274472	-0.0890083247	-0.1133180803	0.018296966	-0.06535195	0.0503722772	0.1229349502	0.0502437075	-0.071194628	-0.0062960684	-0.1160345311	0.0434452028	-0.087990377	0.0707515704	0.0027357196	-0.0876661669	0.0639340047	0.0589115666	0.0609503065	0.136461228	0.0066309368	-0.1186652827	-0.0230937725	-0.0746062689	0.0077096741	-0.0762699077	0.037554618	0.0457764586	0.116644177	0.1136533786	0.1082417997	0.1126413884	0.0725548708	0.1329440826	0.0053180307	-0.0650570471	0.1230382994	0.0404168267	-0.0772433738	-0.0366662233	0.1211199807	-0.1082719048	0.0332578937845795	0.0115536572802597	0.0011060874989863	0.0001334869965496	0.1693788214181069	0.0033207914571136	0.0286891851449869	1.1027655901639316e-05	-0.2391448825054425	-0.0011280525244216	1.27250249785415e-06	0.0571902748285418	0.0051560826088734	-0.0002180071001761	2.658518786952673e-05	4.7527095727235655e-08	0.0002256609027755	6.187057755000001e-07	3.8279683663705664e-13	5.092284304145367e-08	-0.0005200845228071	2.3024570142299978e-05	5.301308302376916e-10	2.704879108634889e-07	0.0	0.0	0.0	0.0	0.0	0.0	0.0
945.7777407983197	2.251883430084831	5.070978982690625	894495.5349895735	1204.2943879151956	0.2775641221267051	0.0770418418919684	1450324.9727640357	866.089111328125	1.4495293435086296	2.1011353176925587	750110.3487611413	954.8898573017516	799.8463670709883	1.122038	19.066244	0.102032665287615	0.0492291671053352	-0.0847649757	-0.0932651725	-0.0370111807	-0.0265229669	-0.0393332915	-0.1488737848	-0.0896936166	0.0609279358	-0.0575611979	0.1208966265	0.0002951073	0.1172045438	-0.1966308911	0.0498654747	-0.0204942563	0.0605770273	-0.0461576285	0.0905579096	0.082408557	-0.0041549168	-0.2138083033	0.0337095041	-0.037803903	-0.1820739331	0.0766322631	0.0823079815	-0.0448260019	0.1607255801	0.1128008796	-0.0177700506	-0.0315326234	0.0277862847	0.0054703691	-0.0130599123	0.076773336	0.0427631886	0.0452981556	0.1089715574	-0.2067466144	-0.0482059264	-0.0061810343	0.0283191861	0.0312413155	-0.1131314303	0.0653295164	-0.1321284972	-0.0413325005	0.1393266223	0.0030538465	-0.1094753335	-0.0395881353	0.0454826728	0.007253942	-0.0092143016	-0.0686838559	0.0362718808	0.0447042096	-0.0639521266	-0.2296563615	0.1561960633	-0.13097551	0.1400820027	-0.0874485623	-0.1031167738	-0.0425334858	-0.0149746028	-0.1250029488	0.0080796612	0.071703635	-0.0385765648	-0.0232134683	0.0293422901	0.0723928125	-0.0823398557	-0.1579981234	-0.0035745687	0.0258019202	-0.1320866398	-0.1151318589	0.0174467868	0.0507776067	-0.0099683463	-0.0756202903	0.1963280434	0.1248964543	0.0246990625	0.0600261339	-0.0136468455	-0.0211243814	0.0154101856	-0.0298697776	-0.0565872224	0.2284199094	0.0645371787	0.0439607901	-0.0652149779	0.011121164	0.0790456913	-0.0415321433	-0.0241881063	-0.124649151	-0.0215089802	0.1573384729	0.1034631075	-0.0858595248	-0.0608096266	-0.1215928445	-0.0481679204	-0.0431160944	-0.0158950943	-0.0399680189	-0.0799246852	-0.0301376669	0.1172407796	-0.1150284477	0.0201633111880568	-0.0130945825965227	0.0004065591180664	0.0001714680933771	0.1456784113832299	-0.0237004100348769	0.0212221995431415	0.0005617094358212	-0.2390756921943122	6.919031113028495e-05	4.787299154305634e-09	0.0571571865981895	0.0046087872540194	-0.000547295354854	2.124091995281168e-05	2.995322054447659e-07	0.0006014280872947	0.0003757671845192	1.412009769614865e-07	3.617157441869613e-07	-0.0009003916303356	-0.0003803071075284	1.4463349603669404e-07	8.107050879783997e-07	0.0	0.0	0.0	0.0	0.0	0.0	0.0
945.5439444275704	-0.2337963707492463	0.054660742975519	894053.3508436483	1204.702746464656	0.4083585494604449	0.1667567049174386	1451308.7073394852	865.0719014714273	-1.0172098566977184	1.034715892562993	748349.3947153908	954.2656873510352	800.5574971234698	1.067034	18.131588	0.1034411393866205	0.0675640449531005	0.01989486	-0.1068211914	0.0361869905	0.0511912512	0.008852825	0.0075411436	-0.1360955691	0.2051368166	0.0207667914	0.143628772	-0.048336759	0.0176559344	-0.0628276876	-0.1542056571	-0.0701370126	0.0842925311	-0.0010319936	-0.0388909998	-0.0826331157	0.0603491232	-0.1258145932	0.0262927944	0.0175889218	-0.0326107287	0.0961238054	0.0047332411	0.0004782056	-0.0625913497	-0.0233927211	-0.0904678517	0.12335159	-0.0538440219	0.0171259517	0.0077728238	-0.0999149638	0.0382641659	0.1206204179	0.0545892875	0.0430553408	0.0268635505	-0.0776000595	-0.0903247114	-0.0541603668	0.0116882359	-0.0229764357	-0.025142779	-0.0402955461	0.1112759433	-0.0520737757	-0.0009071104	-0.0286529313	0.1495534072	0.0624645842	0.0922744582	-0.2089185587	0.0141562389	0.0280543025	0.0623560358	-0.0743759543	0.0941910379	-0.0067801496	0.0031015322	0.0222219639	0.0802864353	-0.1314846543	0.0163702198	0.0308024686	0.0197478454	0.0161965182	0.0396280751	-0.0026301941	-0.007444478	0.012503877	0.0690289848	0.0800009446	0.0335557553	-0.0365546818	-0.0007278131	0.1343243497	0.1000798946	0.0650155213	0.0353982341	0.0984699468	-0.0265309934	0.092051118	0.0015481834	0.0812986239	-0.0184791689	-6.534e-07	-0.014590171	-0.0500272237	-0.1197541788	0.1153854319	0.0286491226	-0.0136911799	-0.0071061234	0.0040019551	0.2237939968	0.0039029672	0.0218007298	-0.0644818644	-0.0593796102	0.0679407261	-0.0228393316	-0.0982727289	-0.0550205135	-0.0689620749	0.0158141807	0.139875944	-0.0256190875	-0.0160524622	-0.0825512202	-0.0235265052	0.1126387502	-0.1205247148	0.0186517672402715	-0.0015115439477852	0.0003478884211852	2.284765106086366e-06	0.1467767297372546	0.0010983183540247	0.021543408392363	1.2063032067875551e-06	-0.2862527835595827	-0.0471770913652705	0.002225677949687	0.0819406560956093	0.005489212663052	0.0008804254090326	3.0131455660210427e-05	7.751489008702213e-07	0.0004090319805931	-0.0001923961067015	3.701626187393344e-08	1.6730716114791417e-07	-0.000900129431679	2.6219865659996445e-07	6.874813552282608e-14	8.102329937747596e-07	0.0	0.0	0.0	0.0	0.0	0.0	0.0
944.496915861589	-1.0470285659814635	1.0962688179812	892074.4240720534	1201.2946315667568	-3.408114897899168	11.615247157282257	1443108.79183111	865.4756076769883	0.4037062055609794	0.1629787004084438	749048.0274838521	953.292138096854	796.5052823939858	1.073256	18.237318	0.0437906374018516	0.0229473965316227	0.0623035604	0.0375084918	0.0549739414	0.0203636428	-0.1160800515	-0.0128514877	-0.0521767576	0.1190001304	0.1308118972	-0.0730702519	0.0809209838	0.0585393257	-0.0616496972	0.0213576696	0.0786647526	-0.0816832583	-0.1004360301	-0.0072173487	0.065316282	0.0740842635	0.0220812064	-0.0007020583	0.123920469	0.0237096495	0.1703133515	0.0103307046	0.0674593878	0.1063561496	0.045013919	-0.0011365861	-0.0135414426	-0.0583667389	-0.0304125124	0.0287729859	0.0329803523	-0.0418189631	-0.0071149599	-0.1146047161	0.0374598967	0.0028478988	-0.2358418119	0.0727206689	0.0824365256	-0.0544073311	0.0835367325	0.0343941671	0.1328486661	-0.1083348066	0.1701935907	0.0356910127	-0.0842955687	-0.0424845343	0.0463594936	0.0168448162	-0.0811607943	-0.0281772764	-0.1364395982	0.0209514334	0.0250073663	0.1484211226	0.0416508197	0.017987978	-0.0361322054	0.0385030712	-0.0664870513	0.1045045503	-0.0284229908	0.0608757469	0.0770001428	-0.1029203025	0.0147685965	0.0171079268	-0.0973864971	-0.051363553	-0.1294560407	0.048654397	0.1374071912	0.0103476044	0.0994160743	-0.204990261	-0.0195668284	0.163367447	0.0879617678	0.0599981393	0.0341260054	-0.0050459378	-0.143319351	-0.0250624181	0.0663594848	-0.037122641	-0.031393956	-0.0961092975	0.0916576091	-0.1486144539	0.0812690589	-0.0398711362	-0.0622386188	0.1872724363	-0.0125619343	-0.0309822948	0.0157935572	-0.02022212	0.0191958158	0.0618193625	-0.1197266061	0.0667732556	-0.0513213438	0.0528964192	-0.0384448821	-0.0400452593	-0.0044586493	-0.0851211787	-0.016850859	0.1073422654	-0.124700488	0.0014319865449863	-0.0172197806952852	2.0505854650218005e-06	0.0002965208471937	0.1427688736501835	-0.0040078560870711	0.020382951283342	1.6062910414672903e-05	-0.2762766022631524	0.0099761812964302	9.952419325924567e-05	0.0763287609580721	0.0053247494088758	-0.0001644632541762	2.835295626732318e-05	2.7048161974225423e-08	0.0004961063751394	8.707439454629996e-05	7.581950185604712e-09	2.461215354539551e-07	-0.0009003281694178	-1.9873773880003598e-07	3.9496688823351316e-14	8.105908126472068e-07	0.0	0.0	0.0	0.0	0.0	0.0	0.0
944.803811999042	0.306896137453009	0.0941852391835762	892654.243167921	1201.4128381778032	0.1182066110463893	0.0139728028950723	1443392.8077384443	864.8477851781952	-0.6278224987930798	0.3941610899907867	747961.6915276296	953.9180416370804	799.0748286322029	1.043266	17.727703	0.0589447888148929	0.0304503114748359	-0.0008610475	0.154982395	0.053981853	0.0364279921	-0.0843752748	0.073742878	-0.0233394312	0.1821227804	-0.0265048268	-0.0966292198	0.0791941617	-0.0903916219	0.0925632788	0.0727707078	0.0512393113	0.0162030879	0.0279730548	-0.136916933	0.1222489951	-0.0839232415	-0.0134102214	0.0201384742	0.1048962084	0.1163256555	0.1242672158	-0.0015856289	-0.0387148721	0.0989370798	0.1837743491	-0.1188796818	-0.0270025455	-0.0728641131	0.0479984687	-0.1403788929	0.1121240869	0.0585251505	0.0156139	-0.0539361596	0.0401698974	-0.0829282307	-0.0578703189	-0.0937097469	0.0792520305	-0.006908844	-0.0593572176	0.0937767473	-0.0505457879	-0.0391785054	-0.0009294331	-0.2881649424	-0.1104667336	0.0835128706	-0.1590532801	0.0059593129	-0.0883084848	0.0978878001	-0.1936307188	-0.0651618958	0.033837288	0.043158616	0.0676140798	-0.0938701281	-0.0485491665	-0.0895074537	-0.089054169	-0.0037041453	0.0982004998	0.0603386346	0.1424925974	-0.0415661908	0.0893602823	0.0819719966	0.0600391027	0.2318219024	0.1106744057	-0.1049677358	-0.0934967726	0.0686400255	-0.0571382207	-0.0573578205	-0.0068396946	0.0624142784	0.0826297178	-0.0909546912	0.1353687495	0.0260516874	-0.0240052979	-0.0196724879	0.0653231064	-0.0395149079	-0.0371450269	-0.0050240785	0.0157355467	-0.1759381233	0.1388659086	-0.0354675129	0.0215879191	0.1853115535	0.1055421113	-0.0579418706	0.0353661896	-0.0571589215	0.0628122167	0.0777608442	-0.0498343734	0.0258359198	0.0627840698	-0.0098415874	0.0361027216	0.0274199137	-0.0397228369	-0.0876327994	-0.0101290257	0.1013839798	-0.1275100165	0.0048769511942907	0.0034449646493044	2.3784652951493484e-05	1.1867781434956988e-05	0.1200233478619168	-0.0227455257882667	0.0144056040319826	0.0005173589433847	-0.2599085597974806	0.0163680424656718	0.000267912814158	0.0675524594560005	0.0055802220991819	0.0002554726903061	3.113887867619805e-05	6.526629549223654e-08	0.0004239918105211	-7.211456461829994e-05	5.2005104300869585e-09	1.797690553889604e-07	-0.0009001903061092	1.3786330860005198e-07	1.9006291858153167e-14	8.103425872129752e-07	0.0	0.0	0.0	0.0	0.0	0.0	0.0
943.597444447793	-1.2063675512489451	1.4553226687063767	890376.1371684058	1199.4769153105906	-1.9359228672126392	3.747797347796806	1438744.8703630096	863.629134480337	-1.218650697858152	1.4851095233901608	745855.2819232561	953.3766811796708	792.909080137246	1.210428	20.568211	0.1088107307421532	0.0572694049177958	-0.0993109561	0.0368968539	-0.0429509687	-0.0887162498	-0.1623886635	0.0456056235	-0.0603049002	0.1066932168	-0.0500734131	-0.0387970543	0.092630895	0.0597144691	0.0663705262	0.0849332807	-0.0830783096	0.1236314503	-0.1557993396	0.0134993811	0.0065725896	-0.1571952157	-0.003545337	0.1351952647	0.0098081136	-0.0504132301	0.0871361275	-0.0324103999	-0.0954671084	0.1469365151	-0.0497687526	-0.0066883568	0.0111039364	0.0323341629	-0.0624552915	0.1024773136	-0.013321632	0.0090596504	-0.1369679614	0.0793177847	-0.0242252508	0.0075262154	-0.0983816563	-0.0254875235	0.1464625917	-0.0075290336	-0.1821989989	0.0898680436	0.0953806555	0.0282589625	-0.0244890859	0.0194591006	-0.0559905169	-0.0970976715	0.053954298	-0.066330011	-0.0896993964	0.0435573472	-0.0885789074	-0.0803854109	-0.0176588737	-0.0523263653	-0.1572183055	-0.0346474974	-0.0592803998	-0.1488024289	-0.0230990207	0.0110505305	0.0071505212	-0.0259503524	0.1304541374	-0.0830716772	0.0182619361	-0.1376698448	-0.0964165969	-0.0475154407	-0.0689903377	0.0102690097	-0.0632363834	0.0013726465	-0.1468633077	0.035105875	-0.097232043	0.0759112046	-0.0421934189	0.0065141961	0.0324198941	0.0129230509	0.0738985071	0.0219791451	0.0581801782	0.0440905472	-0.0051181769	0.0333108752	0.1449832408	-0.0949527958	0.0678621416	-0.1140633311	0.0487059933	0.03647465	-0.0219530291	0.0063156476	-0.0474617354	-0.0699204091	0.0023671369	0.0496041574	-0.0413993231	-0.0001535618	-0.0207806906	0.0747452744	-0.1330486821	-0.0396031863	-0.0658367142	-0.090084361	-0.0033794295	0.0948006283	-0.1289225186	0.006821620035609	0.0019446688413182	4.653449991022213e-05	3.7817369023942582e-06	0.1608222304560485	0.0407988825941316	0.0258637898088583	0.0016645488209297	-0.2408893214710374	0.0190192383264432	0.000361731426518	0.0580276651987768	0.0050816185929531	-0.0004986035062287	2.582284752424665e-05	2.4860545642365256e-07	0.0004057931368979	-1.8198673623200004e-05	3.3119172164375556e-10	1.6466806995343782e-07	-0.000476033666356	0.0004241566397532	1.799088550467259e-07	2.2660805150433558e-07	0.0	0.0	0.0	0.0	0.0	0.0	0.0
946.8923183313452	3.2948738835522136	10.856193908514443	896605.0625149097	1208.7904279659956	9.31351265540502	86.74151798238947	1461174.298742215	865.3532880804512	1.724153600114164	2.972705636786632	748836.3131916483	954.3971305437084	800.6253163575839	1.336908	22.717417	0.0237524423238308	0.0124626763848667	0.0252461927	-0.1106039289	0.0674186272	0.0584389678	-0.0672094347	0.0349252321	0.0571393042	0.121361995	0.0108741392	0.2022025206	0.0588884746	-0.0498942376	-0.0949862328	0.0390540128	0.1147174785	0.047618564	0.0645616917	0.0584908747	-0.0446686689	0.1180774726	-0.0893985721	0.0526009782	0.0537201084	-0.0158753165	-0.0219977753	0.1038098621	-0.0161122068	-0.0495780376	0.0072586846	-0.0496689163	-0.0660206022	0.0512787297	-0.0153145396	0.1145754081	0.0679845399	-0.0809133495	0.0206818219	0.0183975242	0.0271650029	0.0846045143	0.0716206115	-0.0280025855	0.0152608397	0.028868505	-0.07679077	0.0531067887	-0.0690044969	-0.0661272093	-0.0621889861	-0.0470925	-0.0471160401	-0.1401967101	0.0115604307	0.0678390667	-0.147872558	-0.070808171	0.0625645015	-0.1009822526	-0.0175409197	0.1085302687	-0.0242541241	-0.0150759683	0.0392531884	0.0169639562	0.0139283638	-0.1321055806	0.0089927116	0.0349109018	0.0575040501	0.0138489721	-0.0035931864	0.0815659468	-0.076104157	0.0616983937	0.0017625571	-0.0252049665	-0.0022228829	0.071425465	-0.0843898687	0.1130098118	0.0439622008	-0.0554303045	-0.0159240496	0.0067232084	-0.256462618	-0.0064173597	-0.0094319764	0.0281178998	0.1144018357	0.008644538	-0.0057797952	-0.0435296055	0.0356506534	0.0181675769	-0.0097033315	-0.0407001168	0.0181985466	0.0867490802	-0.0706870936	-0.1028646022	-0.011200213	-0.0176288603	0.0241309178	-0.0117936986	-0.0192898399	-0.0324228663	-0.0247166614	0.085086921	0.067416304	-0.1273319167	-0.1230905501	-0.0924741833	0.0033794295	0.0876327994	-0.1289225186	0.007726766694958	0.000905146659349	5.970292355831218e-05	8.192904749306558e-07	0.1634371496869988	0.0026149192309503	0.0267117018978104	6.837802584393749e-06	-0.2464349065042839	-0.0055455850332465	3.075351336096768e-05	0.0607301631437751	0.0050891938880454	7.575295092299671e-06	2.589989443011865e-05	5.738509573541948e-11	0.0005800076194877	0.0001742144825897	3.0350685944031707e-08	3.3640883866378854e-07	-0.0005879797166796	-0.0001119460503235	1.2531918183053976e-08	3.4572014722662266e-07	0.0	0.0	0.0	0.0	0.0	0.0	0.0
944.9220085494934	-1.9703097818518245	3.882120636460984	892877.6022412089	1205.8465827550644	-2.9438452109311584	8.666224625922316	1454065.9811420664	864.1099068288053	-1.2433812516459284	1.5459969369445954	746685.9310796865	954.7808349663452	807.8441428171855	1.173274	19.936874	0.0592338347334531	0.0288531089016108	0.0434398766	-0.0208960904	0.0700366737	0.0339247115	0.090923391	0.1842600049	0.0476525482	0.0531543698	0.0443014372	-0.0158544296	-0.1701023634	-0.08263125	0.1243108262	-0.0679839103	0.1471106839	0.0074172247	-0.0540118106	0.0411889744	-0.0939427362	0.0391077121	0.0287561648	0.0419006566	-0.0081688965	0.1041569629	0.1058213715	-0.0277369522	-0.0269065576	-0.1226460582	0.0625956635	0.1154995804	-0.0674298717	0.1380854617	-0.0206403468	0.0878968071	-0.1382735	-0.0161685557	-0.0510757074	0.1440720753	-1.68243e-05	-0.0745615326	0.0564049344	-0.0039361741	-0.1662990865	-0.0235653494	-0.0076180074	0.044520805	-0.0035575475	-0.1016131739	-0.1000037835	-0.0330219464	-0.0750472015	0.1275039034	-0.0495372786	0.088880939	-0.0758268098	0.0354604036	0.0446276994	0.1234672571	0.0696012726	0.0114660087	0.0243895573	-0.2051253029	0.0515385614	0.026016876	0.0471331175	-0.0336198628	0.0068028876	0.0141284886	-0.0551117822	0.0299847118	-0.056295951	0.0195674348	-0.0018958202	-0.0724171589	-0.0370586756	0.0854895324	0.0285294908	-0.1007144021	-0.0827964836	-0.0426267163	-0.0183763965	-0.1983996452	0.0431976199	0.0051211262	0.0574540172	-0.0140002618	-0.0102362049	0.0500593212	0.0836768118	0.0240745329	0.0225083666	-0.0711924372	-0.0330106553	-0.0682436973	0.014805956	0.0329814572	-0.017779296	0.0322765496	-0.0671658518	-0.0778847514	0.2084048053	-0.0886040301	0.0255234385	-0.144211577	0.0461565259	0.0998753623	0.0684173515	-0.0537563463	0.0722429331	-0.0671194663	-0.0092248296	-0.0948006283	0.0101290257	0.0799246852	-0.1275100165	0.0261860473057424	0.0184592806107844	0.0006857090734985	0.0003407450406676	0.1470854530221572	-0.0163516966648415	0.0216341304907332	0.0002673779838189	-0.2328062671626867	0.0136286393415971	0.0001857398103033	0.0541987580302242	0.0050297074234284	-5.948646461699948e-05	2.529795676529076e-05	3.5386394726295307e-09	0.0006856528204666	0.0001056452009789	1.1160908489872171e-08	4.701197902138036e-07	-0.0005372270199509	5.075269672869995e-05	2.575836225235391e-09	2.886128709653247e-07	0.0	0.0	0.0	0.0	0.0	0.0	0.0
942.2509198823036	-2.6710886671897924	7.1347146679897415	887836.7960190474	1201.1914264972393	-4.655156257825183	21.670479784768965	1442860.8430904725	863.0719430301966	-1.0379637986086436	1.0773688472220848	744893.178845919	952.3083633179504	793.41946764533	1.031645	17.530243	0.1012478004573675	0.0458914232582162	0.0881062796	0.0123184487	0.0323198729	-0.0754802112	0.0260134806	0.1178516903	0.0558074458	0.0172089168	0.0400235678	-0.0293440531	0.0154941752	0.0598670106	0.1840776925	0.0655461091	0.0701009574	0.0257084995	-0.0552872121	0.0142499295	-0.1410077375	0.0167258481	0.099576047	0.0726121115	0.0359006655	0.0483580204	0.1445075765	-0.060008026	-0.0497770976	-0.0440858535	0.0698786184	0.0041920668	-0.1489377543	0.0460928135	0.1271291671	0.1420181835	-0.0248694076	-0.0638899561	-0.0549592386	0.0335074199	0.1343505073	0.0003130738	0.1686330787	-0.0059008772	-0.0692089879	-0.1138856342	-0.1434073185	-0.0844492305	0.0869154678	-0.0926090032	-0.0477715941	0.1599705233	0.0761727463	-0.1213578521	-0.0611456974	0.0983911186	-0.0660510369	-0.0582526031	0.0001129919	0.0509974162	0.1462398208	-0.0745399037	-0.0498011901	-0.109170971	-0.1275996772	-0.0596177674	0.0715138956	-0.025718783	-0.0420366638	0.0016648577	0.0667165222	0.154005358	0.005544157	0.0144571643	0.0300958189	-0.0602685045	-0.0938007324	0.0065392637	-0.1046930871	0.1801601333	-0.1358325909	-0.0582182517	0.0573563863	-0.0509626361	0.1131645902	0.0126431377	-0.0525231725	-0.084487739	-0.0021529448	0.0741222909	0.0709777056	0.0403870137	0.0392037176	-0.0983865462	-0.044545344	-0.1195373114	0.062861319	-0.0373242627	0.0689388736	-0.0414521634	-0.074421663	-0.0051826308	0.1903415443	-0.0418005419	-0.0018479268	-0.0766168407	0.0993634903	0.0857003891	-0.0792226679	-0.0101763154	-0.0980318959	-0.0238249326	0.095632114	-0.0970621018	0.016850859	0.0717238087	-0.124700488	0.0013851995313132	-0.0248008477744292	1.918777741550309e-06	0.0006150820503304	0.1648974280740702	0.017811975051913	0.0271911617854431	0.0003172664552499	-0.2095995926472014	0.0232066745154853	0.0005385497420676	0.0439319892378727	0.0046461190111276	-0.0003835884123008	2.158642186556131e-05	1.471400700514486e-07	0.0004269080890377	-0.0002587447314288	6.694883604221358e-08	1.822505164858208e-07	-0.0004709941013698	6.623291858110002e-05	4.386799503770624e-09	2.2183544352514547e-07	0.0	0.0	0.0	0.0	0.0	0.0	0.0
940.5663639514968	-1.6845559308068232	2.8377286840164424	884665.0849969395	1203.2497525337417	2.0583260365024216	4.236706072543768	1447809.9669725106	862.3854847425825	-0.686458287614073	0.4712249806340454	743708.724294699	952.4641605113572	791.7828146033753	1.02138	17.355814	0.0320928881458223	0.0177024320993018	0.0973984455	-0.0553240751	0.035690678	-0.1175734741	0.0175263315	0.153802823	-0.0558706445	-0.0154475292	0.0943477026	0.0192212587	-0.0009339239	0.1076913169	0.181568579	-0.0561400198	0.0092260217	-0.0065290354	0.0351917165	0.0820516343	-0.1292309615	-0.0037384369	0.1745472154	0.0436739458	-0.030865623	-0.002877807	-0.062960314	-0.0793494703	0.0088852405	-0.047855486	-0.0622467102	-0.045051528	0.1173846016	-0.0146107161	-0.0143191937	0.1881327705	0.191810713	0.0599338001	-0.1516198371	0.0252067535	0.0671055605	0.1527185729	-0.0675847055	0.1470012464	0.0236533623	0.0028357968	-0.041761297	0.0876070787	0.1291073079	0.0253681765	0.0455478024	-0.1439082443	0.0438307421	0.0927773038	-0.0806064511	0.0782224806	-0.0152027309	-0.1052724836	-0.009046345	0.0472782444	0.1655966437	-0.1317225834	-0.09162539	-0.018396611	0.0232692977	0.0383897728	0.0618712938	-0.0026675789	0.1178545325	-0.1495481552	0.0299846587	0.0115334128	-0.0423247375	-0.0231950893	-0.0799640928	-0.1200057516	-0.0892522325	0.0018719101	0.0023038223	0.1228026156	-0.093614264	0.1144431345	0.0860299999	0.0791624366	-0.041807851	-0.0789645446	0.0884845308	0.1658504578	-0.0683847461	0.0965367002	0.0952778071	0.0588507347	0.0559450882	-0.0861913457	-0.1109914647	-0.1099163247	-0.0851480971	-0.0355302877	0.0852451116	-0.1110665094	-0.0862229635	-0.0203541962	0.130021618	-0.0721823993	-0.0610904085	-0.0358978049	0.0797169102	0.0350551817	0.0267566193	-0.0762726767	-0.0399931665	-0.007766393	0.0587181873	-0.0992570537	0.0235265052	0.063080731	-0.1205247148	0.0014046559868177	1.9456455504499948e-05	1.9730584413028064e-06	3.785536607985864e-10	0.1651959041221857	0.0002984760481155	0.0272896867387463	8.90879512986484e-08	-0.1996143841136941	0.0099852085335073	9.970438945762734e-05	0.0398459023450894	0.0046990779885753	5.295897744769969e-05	2.208133394271289e-05	2.8046532923059643e-09	0.0001950399281298	-0.0002318681609079	5.376284404281181e-08	3.8040573564877547e-08	-0.0006219619051881	-0.0001509678038183	2.279127778972072e-08	3.8683661150521124e-07	0.0	0.0	0.0	0.0	0.0	0.0	0.0
939.5242763838886	-1.0420875676081778	1.0859464985635283	882705.8659146695	1200.180164434971	-3.069588098770737	9.422371096114947	1440432.427103154	862.4101766179117	0.0246918753291538	0.0006096887072704	743751.3127341376	951.282722748037	779.5239090562874	0.970111	16.484613	0.1065517799651234	0.0558047039802026	0.1287377189	-0.074598491	-0.0605547861	-0.1713827617	0.0018275465	0.0697395917	-0.0216657233	-0.1044411545	0.1147978007	0.0199748143	0.0839077755	0.1069225522	0.1283071029	-0.0640256167	-0.0247785157	-0.030209869	0.1109057248	0.0866016665	-0.1231069128	0.0144170481	0.2291731094	0.0460958447	-0.0554992941	-0.1335613453	-0.0323452723	-0.0726714355	0.0549693823	-0.0122612731	0.0192975227	-0.0767314122	-0.0615335541	-0.0697260956	0.0513900548	0.1387898977	-0.1134315035	0.0301739414	0.0226599596	-0.0885834386	-0.0800313289	0.0338150405	-0.0720418411	0.0016079859	0.0985550342	0.0361946167	-0.0279232963	0.0412202675	-0.1688737669	0.0730418317	0.1013936002	0.1935110919	0.1730283368	0.0375959918	-0.1207672743	-0.1839440734	0.0430761122	-0.1472949068	0.0179251018	0.0188504136	0.1090659003	-0.0763488362	-0.1612975327	0.0447619201	-0.0953743988	0.1160016505	-0.062747022	0.0174932925	0.0260704223	-0.133411313	0.0149874756	-0.0323067094	-0.0742457671	0.0029299918	-0.0221685022	-0.1398071372	0.0465028744	0.0312821193	-0.0870849165	0.1111814094	0.0943511723	0.1101237018	-0.1163945484	-0.1055245158	0.0753870199	0.0085727636	-0.0828493516	-0.0328232997	-0.0927486663	0.143734167	0.0419410846	0.0982236429	0.065063652	-0.1267515312	-0.0377777595	-0.0548103036	-0.0515158037	-0.0126442687	0.1029555345	-0.1715468114	-0.0431067194	-9.82748e-05	0.0089483358	-0.0988869793	-0.0638918308	0.0380175466	0.1347225068	-0.0783733951	0.0122855164	0.0253324615	-0.0213888312	0.0403169071	-0.0584856616	-0.1013839798	0.0301376669	0.0540487397	-0.1150284477	0.0013322216981634	-7.243428865430003e-05	1.774814653057373e-06	5.246726172854457e-09	0.1937259754698885	0.0285300713477028	0.0375297535717598	0.000813964971105	-0.1718659675031872	0.0277484166105068	0.0007699746243902	0.0295379107858065	0.0044330074252684	-0.0002660705633069	1.9651554832484764e-05	7.079354465845132e-08	0.0002631074784051	6.806755027529999e-05	4.633191400480492e-09	6.922554519269015e-08	4.791713559488837e-05	0.0006698790407829	4.487379292803366e-07	2.296051883618918e-09	0.0	0.0	0.0	0.0	0.0	0.0	0.0
941.8105531155384	2.286276731649764	5.227061293683127	887007.1179597963	1201.1981709798176	1.0180065448466848	1.0363373253506851	1442877.0459652592	863.6946725223842	1.2844959044724646	1.649929728606535	745968.4873435484	951.81701678182	777.9757050812173	0.999031	16.976044	0.076731134621711	0.0377278586609351	0.1013772988	-0.0368220565	-0.0528757983	-0.1618186493	0.0043995864	-0.024431761	-0.0028998784	-0.1260798496	0.1450406667	-0.0271434528	0.0558803096	-0.0008064642	0.0410949114	-0.2373570183	-0.0550613324	-0.0181640298	0.07637823	-0.0752258426	-0.0767362282	0.0143481959	0.1301952259	0.0080474206	-0.0302330502	0.0357569323	-0.1013331296	-0.1189330115	-0.0074264136	-0.060744243	-0.2556329035	-0.0752854855	0.1535258321	-0.1210088813	0.0169790318	-0.1146855567	0.0290372389	0.0624843155	-0.0601372251	-0.0586074685	0.0890882572	-0.1699530617	0.036458883	0.1439384338	-0.1525551837	0.0529354576	-0.0036271457	-0.1548131148	-0.0135038364	0.0082761358	0.0274615277	0.0477515909	-0.0290455807	-0.107817182	0.0672519314	0.0978036183	0.0754739614	-0.1712065893	0.0369254426	0.0044068199	0.0363376527	-0.0675087113	-0.111602638	-0.0391185973	0.1451569209	0.1333311394	-0.2028185302	0.1378520737	-0.0301842376	-0.1974406933	-0.1414700307	-0.0126353365	0.1593800599	-0.1794667977	-0.0881213839	-0.0594773005	-0.0123055834	0.0699736557	-0.0677780293	-0.0543123205	0.0198470203	0.0001239334	-0.0780238132	-0.0604028306	-0.0241078615	0.0749476109	0.0356970731	0.0225751098	-4.15706e-05	0.1189855543	0.0691483573	0.10766084	0.0636082229	-0.0325337573	-0.1567984064	-0.0340474472	-0.1033991166	-0.0960406135	0.0233400009	-0.1951291113	-0.104251357	-0.0394892988	-0.0084689702	-0.130833675	-0.0731589758	-0.0246727808	0.089772305	-0.1399301906	0.0554219458	0.0368732989	-0.0233810449	0.0737741291	-0.0465459468	-0.1034414224	0.0366662233	0.0446835199	-0.1082719048	0.0201903264954097	0.0188581047972463	0.0004076492839912	0.0003556281165439	0.1942016156333892	0.0004756401635006	0.0377142675146186	2.26233565134958e-07	-0.1776134977274139	-0.0057475302242266	3.3034103678399344e-05	0.031546554574966	0.0049390328497269	0.0005060254244585	2.4394045490681423e-05	2.560617301984058e-07	8.326105406464279e-05	-0.0001798464243404	3.2344736348047795e-08	6.9324031239553705e-09	-0.0002992082043409	-0.0003471253399357	1.2049600162553666e-07	8.952554954490579e-08	0.0	0.0	0.0	0.0	0.0	0.0	0.0
944.880525354336	3.069972238797618	9.42472954698806	892799.2071938859	1203.4981315808418	2.299960601024168	5.289818766263451	1448407.7527185772	863.9240054698473	0.2293329474631491	0.0525936007921355	746364.6872270647	952.4687688909758	793.5420958561547	1.169414	19.871284	0.2102389454387128	0.1093772544285639	0.0653089258	-0.0322292375	0.0201370552	-0.0023539201	0.1104584457	-0.1137227065	-0.0881032164	-0.195143798	0.0375710313	0.0257248142	0.0588847518	-0.2214013355	0.0184276148	-0.3393122908	-0.0495523973	-0.0211396268	0.014364094	0.07878368	-0.0581539157	-0.0154980162	0.004451099	-0.0939292356	-0.0587440551	0.1394366799	-0.0203059787	0.0108471893	-0.0454692368	0.0699968682	-0.0459322648	-0.0400332092	-0.0823516804	0.0178102103	0.1340315555	0.0925813856	0.1674990226	0.0736653165	-0.0451696544	0.1383061296	-0.0546879502	-0.0508094877	0.0072224306	0.0797793209	-0.1074335414	0.1546597734	0.1788124276	-0.0467567979	-0.0265584644	-0.1074972633	0.0573035284	0.004045245	0.0685226886	-0.0219757946	0.0773791756	-0.1292119779	0.1406454287	-0.0993760129	0.1188770077	-0.0219911233	-0.0971930164	-0.1167318585	0.0437565074	-0.1633390098	-0.0156968603	0.0729961415	-0.0563147737	0.1252452703	-0.1025148446	-0.2092804891	0.0351650355	-0.0620439165	0.0203245033	0.1551072692	-0.0742428409	-0.0118372012	-0.0265097899	-0.0196971774	0.2340628207	0.02338006	-0.0794133536	0.1036279707	0.0275027128	-0.0529290637	0.0048689752	0.1259984003	-0.1334139717	0.0655016156	-0.0110927078	0.0144805826	-0.0935578297	0.0062196609	0.0850529592	-0.0420543352	-0.1375194215	-0.0140568368	-0.1311956478	-0.1426675003	0.0284008396	0.0094346938	-0.0840201114	-0.0532156815	-0.0993693481	-0.0570861914	-0.1124845669	0.0025035019	0.0692769421	-0.046920856	0.0014189542	0.0702009437	-0.0438926748	0.0434934679	0.1528989036	-0.1054279714	0.0430942802	0.0350428114	-0.1003291122	0.0015743920799167	-0.018615934415493	2.4787104213044326e-06	0.0003465530141619	0.1367600904214612	-0.0574415252119279	0.0187033223320862	0.0032995288186725	-0.2560177710924591	-0.0784042733650452	0.0061472300819007	0.0655450991151507	0.0055440599513411	0.0006050271016141	3.073660074406428e-05	3.660577936876794e-07	8.02650794982096e-05	-2.9959745664331905e-06	8.975863602714544e-12	6.442482986853907e-09	-0.0008067293770852	-0.0005075211727443	2.575777407837496e-07	6.508122878522749e-07	0.0	0.0	0.0	0.0	0.0	0.0	0.0
943.734441516074	-1.1460838382620295	1.3135081643254258	890634.696103656	1209.047237494053	5.549105913211179	30.79257643603527	1461795.222492001	863.9434473616353	0.0194418917880057	0.0003779871562965	746398.2802391067	955.432315743047	798.2686693400899	1.151519	19.567192	0.102996371097768	0.0491010653035696	0.0064618296	-0.0915152503	-0.0345253276	-0.0311806737	0.1444581023	0.0035317125	-0.1497819182	-0.0716933773	-0.0405451586	0.0193720941	-0.295775851	-0.0988090133	0.0351543597	-0.0941558104	-0.0402966706	0.0718176837	0.1257491604	0.1156465949	-0.1056627545	-0.0624997458	-0.0361402309	-0.0070326198	-0.1759879728	0.1082914351	0.0441029679	0.0632028618	-0.0565305258	0.0875291282	-0.0307894495	0.0339135329	-0.0214767721	0.1321698795	0.2555754336	-0.0186311102	-0.0301934665	-0.0144284496	0.083059379	0.0793521412	0.060265709	0.0331178674	0.0077922448	-0.1879777975	0.1379221924	0.1544810527	-0.1039252019	-0.0106691839	0.0037871055	-0.0694473154	-0.0017728709	0.1392222866	-0.1690296478	-0.1033347711	0.0159904222	-0.0104791634	0.0544178494	0.0729962117	0.1568907779	0.2237240048	-0.1124889301	-0.1023739319	-0.0079822414	-0.1110934952	-0.0823933293	-0.0348313346	0.0316683604	-0.0711630932	-0.0585052378	-0.1082911659	0.0192609763	-0.1256568287	-0.1440421308	0.0649028118	0.0180153692	0.3457238277	0.0027651391	0.0391142162	-0.0171455484	-0.0210712492	0.0412798621	0.0274821973	-0.1220418384	-0.1064276739	0.0594349249	-0.0108596628	-0.0632477374	0.0431799779	-0.0159551549	0.029719408	-0.1194037074	-0.0149893445	0.1104788656	-0.1150863847	0.043644937	-0.065489375	-0.1823787468	-0.1179378764	-0.0272042179	-0.0440491511	0.0260717826	-0.0788837648	-0.0780295636	-0.2199308939	-0.1123829527	-0.0673359425	0.0062330841	-0.0556402518	-0.1952638273	-0.001045444	0.0219768661	0.0139646675	0.195729685	-0.1073422654	0.0494042187	0.0251860523	-0.0912870929	0.001402156901392	-0.0001722351785246	1.966043976121215e-06	2.9664956721435276e-08	0.1682222395226063	0.031462149101145	0.0282987218700011	0.0009898668260626	-0.2430519007182354	0.0129658703742236	0.0001681137945611	0.0590742264427469	0.0050771396650235	-0.0004669202863175	2.5777347178154946e-05	2.1801455377490945e-07	0.0004722402545842	0.0003919751750859	1.536445378836928e-07	2.2301085804975e-07	-0.0004977025096113	0.0003090268674739	9.549760482073136e-08	2.477077880733862e-07	0.0	0.0	0.0	0.0	0.0	0.0	0.0
943.1874140092189	-0.5470275068551018	0.2992390932561085	889602.4979453976	1199.6106346325996	-9.436602861453366	89.04947356478986	1439065.6747236284	863.9353940127941	-0.0080533488412584	6.48564275589982e-05	746384.3650280418	952.740481778284	794.2755308899	1.135729	19.298893	0.0843745861300152	0.0389649192485073	0.0713842429	-0.067197548	-0.0002368161	-0.0641530152	0.0493079764	-0.0354709446	-0.0483546803	-0.009407289	0.162579062	-0.0610491026	-0.0592978563	0.0327014716	-0.0872083105	0.0737029125	-0.1623064424	-0.0612293655	-0.0087548711	0.0718176843	-0.0369504768	0.0277108103	0.0470196904	-0.0626776596	-0.1257942095	-0.1039578075	0.0380799083	-0.0467149134	-0.0850877972	0.0343422008	-0.0592536314	0.047882737	-0.0707517619	0.0116387088	-0.0684476043	-0.0181938425	0.0137226877	0.0830146633	0.0547279138	0.0699711882	0.0350834314	-0.1231457283	0.0601781312	0.0129203422	-0.0252440058	0.1098196435	0.0345766846	-0.0864510698	-0.1209660315	-0.0435299193	-0.0138693654	-0.0550564087	-0.1535429623	0.0285699921	-0.0282188281	-0.0105150574	0.0324636318	-0.0974260371	-0.0521399556	0.163145095	-0.0488772142	0.0218158226	-0.0316831411	0.0363022922	0.0234214139	0.0071182146	0.0853502632	0.0057107317	-0.0336802003	0.0246964088	0.039261952	0.0160471422	-0.0426317626	-0.0769742085	-0.0405319833	-0.0580367007	0.0724458256	0.0327701264	0.0255056398	-0.1424676611	-0.0967842481	0.050574832	-0.1218956887	0.0013751229	0.0779979568	0.0527923917	0.0571417117	0.0509981853	-0.0622907476	0.0122366489	-0.1395315432	0.0596624961	0.0258900491	-0.1717921215	-0.0542659725	0.0990061594	-0.0646262581	-0.117277993	0.0865887978	-0.0247110828	0.1107650885	-0.0305615917	-0.2825869792	0.2627234367	-0.1895618553	0.1149666242	-0.0027714727	-0.1853086644	0.0119811519	-0.4108760238	-0.091416519	0.0058692491	0.3096800301	-0.1091829923	0.0555787436	0.0151740128	-0.0812449131	0.0130952966478332	0.0116931397464411	0.0001714867942947	0.0001367295171298	0.1736647132594697	0.0054424737368634	0.0301594326314938	2.9620520376447937e-05	-0.264108675836546	-0.0210567751183106	0.0004433877783831	0.0697533926521337	0.0054540836406034	0.0003769439755799	2.974702835869764e-05	1.4208676072598034e-07	0.0006760833579535	0.0002038431033693	4.1552010791227145e-08	4.5708870690168043e-07	-0.0001548456379925	0.0003428568716188	1.1755083441623033e-07	2.397717160530436e-08	0.0	0.0	0.0	0.0	0.0	0.0	0.0
944.259632628009	1.0722186187900888	1.149652766480126	891626.2538107825	1200.5286204020183	0.917985769418692	0.8426978728552282	1441268.9684043734	864.6493791558769	0.713985143082823	0.5097747845429993	747618.5488746434	952.6108576441684	796.8954082530428	1.141078	19.389786	0.1138974629606579	0.0548844565057235	0.092350609	0.0612979587	0.0654118308	0.0087000182	0.0547813067	-0.0429656931	0.0169347448	0.0842076433	0.1338451884	-0.1032309225	-0.012310434	-0.0104802027	-0.0877776127	-0.0366692999	-0.0398326852	0.0158005544	-0.0468398673	-0.0382701026	0.0114100257	-0.0126175035	0.0288977955	-0.2046279404	-0.0402044419	-0.1326343439	0.1862759487	0.0060057187	-0.0514282676	-0.0360142177	-0.1494933135	0.1365979963	0.0493220935	-0.0450697674	-0.0460682056	-0.012331728	-0.0107248579	0.0730110466	-0.0394962241	0.0226876774	-0.1379188863	-0.1215780226	0.2239845754	-0.1420370745	-0.0115395364	-0.1282739744	0.0154778719	-0.0884171939	0.0958838647	0.0261857602	-0.1166719889	-0.0330390413	0.0640040665	-0.0057912548	-0.0319687626	-0.0359011536	-0.0217357493	-0.0892453554	-0.1559047737	0.1170399409	-0.1132124756	0.0319365685	0.0141032826	0.016640734	-0.031845875	-0.0257889046	0.0671373049	0.0345108987	-0.1170298619	-0.0663337146	-0.1777523175	0.1734791333	0.0187364097	-0.0337441251	0.1465248353	-0.0625078157	0.0859454791	-0.0380940723	-0.0905811389	-0.0861843776	-0.069483031	-0.0042570082	-0.11126368	0.0224515682	-0.0245098374	-0.0656842089	0.0412509913	-0.0263162722	0.0616393302	-0.0328580118	-0.1095131122	0.153678271	-0.111450412	-0.2244266914	-0.1337020212	0.1939108932	0.3006356588	-0.1107043773	0.1923664775	-0.068866957	0.0424743557	0.1509758656	-0.1077974995	0.1745522439	0.2011582152	-0.2982785612	0.0044490723	-0.0181117507	0.0232725823	0.0961930579	-0.0315930377	-0.0888543457	0.0117611347	-0.1109488906	0.0616009311	0.0050684204	-0.0703125971	0.034145249750324	0.0210499531024908	0.001165898080512	0.000443100525617	0.1915459982295715	0.0178812849701018	0.036689869437763	0.0003197403521819	-0.2351708551538607	0.0289378206826853	0.0008373974658632	0.0553053311137981	0.0047910468858705	-0.0006630367547329	2.295413026260942e-05	4.3961773812673573e-07	0.0004732626568781	-0.0002028207010754	4.113623678471677e-08	2.239775423953182e-07	-0.0001001350096932	5.471062829930001e-05	2.9932528489041667e-09	1.0027020166257256e-08	0.0	0.0	0.0	0.0	0.0	0.0	0.0
943.2016653947312	-1.0579672332777363	1.1192946666893482	889629.3816033945	1202.378151820256	1.8495314182378024	3.420766467048737	1445713.2199746948	864.063117278024	-0.5862618778528486	0.3437029894235483	746605.0706402163	953.4456432452936	789.932487349746	1.223917	20.797422	0.0631099661453891	0.0369134762590343	0.0544534057	0.0960170218	-0.0218033193	-0.0551268025	-0.0468557273	0.0518278228	0.1228133999	0.079915435	0.0368684593	-0.1347201058	0.0290529774	0.0201435554	0.0554139197	0.0343626018	-0.0161492145	0.0077845436	0.0380114863	-0.1325247051	0.0379598033	-0.030330513	0.1018320915	-0.0162433806	0.1646568548	-0.023018733	0.0782254531	-0.0753202027	0.0580435694	-0.0822573291	-0.1432569245	-0.0449931245	-0.0352648942	-0.0289260834	-0.0651871697	-0.0441357953	-0.0107272153	0.0247461988	0.0384968283	-0.1491985369	0.0600180294	-0.051851467	-0.0296235792	-0.2595275457	-0.0119502078	-0.104246801	0.1884806326	-0.0604690381	0.0189084491	-0.1298462692	-0.1893431254	0.0583296741	-0.096944272	-0.0621906898	-0.0467263912	-0.0781137917	-0.0292699983	0.0056303649	-0.1426863538	-0.0238205117	0.1015441102	0.0236106986	-0.0047452975	-0.0209646279	-0.0367096906	0.0207940891	0.014054784	0.0453343723	0.0490247126	0.003224022	-0.1652357415	0.0244652308	0.1143324757	-0.1177691918	0.0832950282	0.0309276535	-0.0432241714	-0.1632577816	0.0060003415	-0.0355479403	0.0434785688	-0.1117458733	-0.1332246804	0.0412069284	0.1118830713	-0.0601104934	-0.2942537464	-0.2021459399	0.0038590678	0.010778362	0.0845160709	0.0916355898	-0.0666897381	0.0408414956	-0.1110703293	0.0892285236	0.115473029	-0.0920723333	-0.0945153017	-0.0855844154	0.4570804187	-0.1435292343	0.0051237223	0.0107840181	0.0176691806	0.0384297341	0.186667088	0.2061686671	-0.1105472055	-0.0027996447	-0.0743325144	-0.0494702581	-0.0587904657	-0.1126387502	0.0674542747	-0.0050684204	-0.0586099215	0.0357980372377824	0.0016527874874584	0.0012814994700776	2.73170647869906e-06	0.164178380365243	-0.0273676178643285	0.0269545405793544	0.0007489865075679	-0.2550065512397879	-0.0198356960859271	0.0003934548392132	0.0650283411752105	0.0050760425935421	0.0002849957076715	2.576620841145361e-05	8.1222553391236e-08	0.0004732481582241	-1.449865399998562e-08	2.1021096781129895e-16	2.239638192625028e-07	-0.0001002020975211	-6.708782790000699e-08	4.5007766523409545e-15	1.0040460347628034e-08	0.0	0.0	0.0	0.0	0.0	0.0	0.0
947.3231148395726	4.121449444841346	16.98634552638304	897421.08390935	1205.69703126565	3.3188794453938044	11.014960773057489	1453705.3312028015	865.9005757192548	1.8374584412307515	3.3762535232501425	749783.8070309369	953.8874326864784	791.5061051859931	1.312872	22.308989	0.1084589084081668	0.0621553262820727	-0.0276118018	0.0204405576	-0.0757398816	0.0121280174	0.0099695784	-0.1605137724	0.1374540155	0.021139971	0.0077157942	-0.0164452017	0.1329718509	-0.0779224754	-0.0885700236	0.0129690941	-0.0199068287	0.0957164528	0.2172546718	-0.2810351815	0.101367818	0.0804625975	0.0291942137	-0.0009704139	0.1013148054	-0.0997534321	-0.1390390744	-0.0070685569	-0.0927705569	-0.1243075234	0.0655054973	-0.0613679428	0.047916947	0.1079520709	0.1607231839	-0.1143697813	0.0276329255	0.0459416956	0.1958718175	0.0117519802	-0.0042366504	0.0213773656	-0.2015639364	-0.2235778732	-0.1367210312	0.1728859464	0.0591967209	-0.1532747923	0.2045492531	-0.0622689254	0.0922024457	-0.0213272753	0.0147657406	-0.0402817096	0.0687688444	0.0610800393	0.0136519995	-0.073376152	-0.0303575987	-0.1810261566	0.012914883	0.0690852684	-0.0393429365	-0.0079582143	0.0952446321	0.0306147871	-0.0293186849	-0.0995171533	0.2157122767	-0.0279312477	-0.1857840236	-0.0705243533	-0.053317372	0.2424291236	0.0256630966	0.2171554243	-0.0360564797	0.0256007812	0.0731827145	-0.1857592697	0.0890963365	-0.0157102878	-0.0028988222	0.1688274096	-0.021977471	-0.0069256832	0.0317806456	-0.1478440179	0.0290851196	-0.0384107211	-0.0231371	0.0438658215	-0.0692440683	0.1381881407	-0.1469239059	0.2482529211	-0.0038366787	-0.112456519	-0.0706735967	-0.0513153581	0.2001366153	-0.155325122	0.0562566164	0.0758029683	0.0009797658	0.212423025	0.1105964205	-0.0589102009	0.0433296337	-0.0836861703	-0.089091622	-0.0531258329	-0.2478302668	-0.1142514127	0.0731227308	-0.0151740128	-0.0462651033	0.0481393443162829	0.0123413070785005	0.0023173964712016	0.0001523078604058	0.1592528717482224	-0.0049255086170205	0.0253614771600557	2.4260635136344148e-05	-0.3035513662650686	-0.0485448150252807	0.0023565990658387	0.0921434319613898	0.0056360660164361	0.000560023422894	3.176524014162589e-05	3.136262341899119e-07	0.0007642176380653	0.0002909694798412	8.46632381990585e-08	5.840285983301059e-07	-0.0001021547485332	-1.952651012099993e-06	3.812845975055126e-12	1.0435592647881326e-08	0.0	0.0	0.0	0.0	0.0	0.0	0.0
949.2418404564136	1.918725616841016	3.681507992721937	901060.0716730792	1204.9297268207256	-0.7673044449243207	0.5887561112006199	1451855.6465762684	866.0843616271287	0.1837859078739256	0.0337772599330431	750102.121455071	953.8344921871396	814.3870651097867	1.466269	24.915598	0.0906590065527246	0.0473777548878943	-0.0607753042	0.0830685844	0.0496785917	0.161179353	0.0764005122	-0.084876961	0.1040657719	-0.0709709888	-0.0488798544	0.0286524871	0.04828714	-0.2053839087	-0.1105054259	-0.1869180975	-0.043511523	0.0271338134	-0.1934098075	-0.0907553477	0.0630938165	0.0293032117	-0.0458302849	-0.151860277	0.0203496262	0.0884125921	-0.1706561011	0.0207625016	-0.0968613131	-0.1417702186	0.0276766895	0.0045858419	0.0231997596	-0.0287631828	-0.2023427832	0.0118409218	0.0347985422	0.0108987198	0.0270990781	-0.1469800751	-0.1733255846	-0.0708208361	-0.0229358336	-0.0568472861	-0.0667507936	0.1058258035	0.135178646	-0.0165700509	0.0773509201	-0.0604779201	0.0978389075	0.0630915474	0.014563914	0.0966828702	-0.1191381847	0.0303726211	0.1186555417	-0.0685354943	0.0148528911	-0.1149666559	-0.0855028492	-0.0530703698	0.1085538219	-0.1308540869	0.2449288389	0.0023162069	-0.1214737957	0.0639188016	0.0789438271	0.0944375053	-0.0819148727	0.0948907324	-0.1425045559	0.0108878714	0.0559240004	-0.147357894	0.0099982637	0.0101049742	0.0719979233	0.0083882478	0.0960623054	0.0021809275	-0.0792930352	0.1267274256	-0.1271926644	0.1769099956	-0.0335579453	0.1893935998	0.129089787	-0.059941863	-0.0504019714	0.0399573417	-0.0395071485	0.1581074855	-0.1659996371	0.1353091179	-0.0490217929	-0.015064844	-0.184778803	0.16885749	0.1251550976	-0.2109415611	-0.0468079812	-0.066155754	-0.0448460443	-0.352803996	-0.1034582509	-0.078170504	0.0089643445	0.3559660817	0.0174326599	0.1115480904	0.142742194	-0.1157857731	0.0785907625	-0.0251860523	-0.033413395	0.0442019671818201	-0.0039373771344628	0.0019538139027427	1.5502938698990498e-05	0.1532129513838214	-0.0060399203644009	0.0234742084717412	3.6480638008305736e-05	-0.3293745805180563	-0.0258232142529876	0.0006668383943557	0.1084876142914455	0.0061240481503509	0.0004879821339147	3.750396574781628e-05	2.381265630200417e-07	0.0001581984157661	-0.0006060192222992	3.6725929779612723e-07	2.5026738750903842e-08	-9.898620872973676e-05	3.1685398034632346e-06	1.0039644486130834e-11	9.798269518687014e-09	0.0	0.0	0.0	0.0	0.0	0.0	0.0
947.8132869730304	-1.4285534833832116	2.040765054886308	898350.02696262	1204.6557100736177	-0.2740167471079076	0.0750851776955989	1451195.379812972	867.070189469584	0.9858278424552508	0.971856534959975	751810.7134668202	956.3235805036046	813.2085170308701	1.543938	26.235388	0.2385097598375759	0.1171079440007248	-0.1067664197	-0.0004040975	-0.0330740881	0.146569835	0.1491863469	-0.0792076484	0.0837097952	-0.1072420763	-0.1699522366	0.0160630278	-0.1262604668	-0.0831098375	-0.0901888186	0.1607548734	0.1230143099	-0.0093572751	-0.111553928	0.0564402624	0.0842725039	-0.0598556855	-0.206040942	-0.0405030033	-0.0944964705	0.2215576176	-0.0574337279	0.0030418292	0.150152177	0.041441437	-0.1355186339	0.0278577646	0.0227669333	0.1262811905	-0.1722505508	-0.0283789924	0.0308218933	0.0639379319	0.007877178	-0.075962669	0.0959275679	0.2748317971	-0.1085610074	0.0150452486	-0.1296857841	0.0587082981	-0.2623600866	-0.0250905014	-0.184846545	0.0521874538	0.07810261	-0.0264478443	-0.1087071677	-0.0278511809	-0.0177156927	0.0156349841	0.1331238871	0.1359808478	0.106842216	0.0008702832	-0.1342126858	-0.0379974349	0.1147814391	-0.1067108438	-0.0262129058	-0.1411307882	0.0773632263	-0.0672115789	0.072504921	0.2066691601	-0.1039315396	-0.0380515475	0.2110431884	-0.1837969336	-0.3203833334	0.0819829221	0.1241663637	0.0661446237	0.0896562434	0.1715884725	0.0068099264	0.1136092924	0.0152298494	0.0947304943	-0.0568992549	-0.1570968003	0.0294820887	-0.0753024088	-0.1851355992	-0.1110110581	-0.1604676311	-0.1050772218	-0.0580930251	0.0423634407	-0.0986272734	0.2199353728	-0.0628584799	-0.3091655389	-0.1058454684	0.334514643	0.1064660854	0.2980755199	0.2444544583	-0.0387572562	-0.2276171632	0.1677345508	0.0398390617	0.2292954847	-0.1227875563	0.0366116843	0.0615706877	-0.0379605897	-0.0878725266	-0.1172407796	0.0838433825	-0.0350428114	-0.0201956026	0.0199916271437103	-0.0242103400381098	0.0003996651558531	0.0005861405647609	0.1663306977171998	0.0131177463333783	0.0276659010030904	0.0001720752688668	-0.3950644245155459	-0.0656898439974896	0.0043151556044145	0.1560758995177994	0.0075028705174886	0.0013788223671376	5.629306600219965e-05	1.9011511201192091e-06	0.0006178674575165	0.0004596690417503	2.1129562794373093e-07	3.817601950579039e-07	-0.0009703313892136	-0.0008713451804838	7.592424235524562e-07	9.415430048931948e-07	0.0	0.0	0.0	0.0	0.0	0.0	1.0
948.212602691154	0.3993157181236029	0.1594530427405686	899107.1399023322	1207.7285291231597	3.0728190495419767	9.442216911228057	1458608.2000579906	865.9534565786297	-1.1167328909542675	1.247092349739076	749875.3889604767	954.9756130482132	808.8157865756671	1.4	23.789522	0.3360183008307094	0.182634490935407	0.0035153931	0.1016791715	0.0111638093	0.1557378631	0.1735741498	-0.164900373	0.0917355144	-0.0593374726	0.0272593509	-0.0249096005	-0.1373372204	-0.0497401915	-0.1287620921	0.1023404017	0.0421131304	0.0166189903	0.0292540944	-0.2761321497	0.1095902492	0.0469424133	-0.0101044972	-0.1680102565	-0.1026527394	-0.0745083408	0.0323569934	0.088056879	0.0352848403	-0.0436724811	-0.0495234202	0.0916731972	-0.1061216987	0.1338631857	-0.0408257053	-0.0891747644	0.0029032768	0.0855991183	0.0670630097	-0.1123697792	-0.0011765514	0.0406599807	0.0307162626	0.0053756296	-0.0245514939	-0.0169719331	-0.1550825104	0.0696833789	-0.0280492252	-0.0212146993	-0.0025824234	-0.0938758282	0.0951494145	0.012132575	0.1034360875	0.0454014532	0.1152431609	-0.0488936333	-0.0045739997	0.1024953592	-0.1253469656	0.0697385275	0.0720104566	0.0652917558	-0.0050244687	-0.2242141604	-0.0343943952	-0.1517161259	0.0220096519	-0.0945918544	-0.2599741391	0.1994435424	0.0432819055	-0.0154428662	-0.0480431366	0.1054926227	0.0588882804	0.1020640925	-0.1254041717	-0.0626570625	-0.0299512751	-0.1972344971	0.0327590337	0.1180077143	-0.0391790402	0.0169346893	0.0978610599	0.0482634433	-0.068665843	-0.079211563	-0.200000081	-0.1099753969	0.0073206825	-0.0627222518	-0.1108045671	0.1532623776	0.1952501987	-0.0040795735	0.1995099886	-0.051082273	-0.2723379413	0.0955813831	0.2821083311	-0.0970396414	-0.0760504145	0.1290049312	-0.1733455548	-0.157124841	-0.130151832	-0.0371017732	-0.0075923225	-0.046353555	-0.1460932143	-0.1186154352	0.0888661936	-0.0446835199	-0.0067565429	-0.0100525580805026	-0.0300441852242129	0.0001010539239618	0.0009026530657868	0.1516555879866672	-0.0146751097305325	0.0229994173675817	0.0002153588456031	-0.300369614200477	0.0946948103150689	0.0089671071006068	0.0902219051349433	0.0048959676643033	-0.0026069028531852	2.397049936990351e-05	6.795942485945656e-06	0.0019381277959185	0.001320260338402	1.7430873611573636e-06	3.7563393533119024e-06	-0.0009752521088442	-4.920719630599956e-06	2.4213481682971773e-11	9.511166758050592e-07	0.0	0.0	0.0	0.0	0.0	0.0	0.0
947.0298351231922	-1.182767567961719	1.3989391198220789	896865.5086134607	1203.971745515481	-3.756783607678699	14.11342307492338	1449547.963999594	865.6390293764265	-0.3144272022032055	0.0988644654853354	749330.9291797618	954.9540313342162	819.6599271012733	1.271352	21.603464	0.0865101373195607	0.0426839519324009	-0.1424699502	0.0921140189	0.0014266962	0.1284977923	0.1406064277	0.0523045878	0.0225466003	-0.0395951325	-0.081463579	-0.092520263	-0.1131824738	0.0468711327	-0.121642972	-0.037181073	0.0792957854	-0.0130230923	-0.0409209272	0.0410846707	0.1210566631	-0.0673399371	-0.0422960249	-0.0584270765	-0.150089096	-0.074128617	-0.1119112788	0.0558546301	-0.002551288	-0.0079871017	0.0760442302	0.0928288407	-0.1712057909	-0.0068185419	-0.1320090969	-0.007056389	0.0233603678	0.0156470616	-0.0045900724	-0.0219818515	0.111511011	0.0575020731	-0.0504822519	-0.1370765058	0.0329130221	-0.0445529338	0.0251662741	-0.0116633435	0.0547010829	-0.2339993704	0.0111790797	-0.0109564048	0.0891121594	0.114682748	-0.0742319156	0.1052406086	0.138332644	0.1301443924	-0.0434823607	0.071518699	-0.094074559	-0.0006757205	-0.0145867427	0.0654866252	0.0952456187	0.0060357356	0.1414436841	-0.050497722	-0.0034628875	0.0605201323	0.0085090938	0.0355483001	-0.0592618291	0.0170892932	0.0628139406	-0.0510902322	0.0027580208	-0.1158724158	0.1614571757	-0.0179103713	0.0292958259	-0.0817838813	-0.1579651793	-0.0128088528	0.132040072	0.1042097976	-0.1118505575	0.090931068	-0.0722737738	-0.0366555159	-0.1709423348	-0.0632449462	0.0787113484	0.1247598828	0.0984851515	0.0300432511	0.0849984314	0.1501854474	0.0315215168	-0.0833906797	-0.0730383513	-0.122599501	0.180011988	-0.0556741642	-0.1328330928	0.0191353782	-0.0972523379	-0.0470394138	0.0203950889	0.0653058758	-0.0084372886	0.0553324985	0.0749675848	-0.1199087977	0.0936454286	-0.0540487397	0.0067565429	0.0179390157672685	0.0279915738477711	0.0003218082866983	0.0007835282064752	0.1665243025752261	0.0148687145885589	0.0277303433481654	0.000221078673516	-0.3004716284135327	-0.0001020142130557	1.0406899665378514e-08	0.09028319948148	0.0047702147072253	-0.000125752957078	2.275494835302856e-05	1.581380621386131e-08	0.0023070860974425	0.000368958301524	1.3613022826347502e-07	5.3226462610124654e-06	-0.0005990066740427	0.0003762454348014	1.4156062720896973e-07	3.588089955476975e-07	0.0	0.0	0.0	0.0	0.0	0.0	0.0
944.1291453548926	-2.900689768299685	8.41400113191848	891379.8431085598	1204.3372872181428	0.3655417026618579	0.1336207363849301	1450428.3013839554	864.3695549096954	-1.2694744667311395	1.6115654216823116	747134.7274547848	955.2781701400586	799.0248406735778	1.309898	22.258451	0.0961691970384049	0.0447823054924775	-0.0381081161	-0.0499679764	-0.1299599207	0.0320147282	0.1730168421	-0.1025984219	-0.0203498826	-0.011793865	0.0107608743	-0.0762490899	-0.1235471271	0.080717399	-0.1158297367	-0.0060381289	-0.1276794961	-0.0548750421	0.0870046761	-0.0167695335	-0.0535993834	-0.0941920536	-0.0226530269	-0.1117071346	-0.1566279474	-0.0337344736	-0.050503503	0.0055089898	0.0441023123	-0.127401914	0.0407550731	-0.0587208426	0.0777097209	-0.0066414396	0.0019844019	-0.1190442141	0.0856020572	0.0229162453	-0.0089274945	0.0088766963	-0.0898011507	0.0686212205	0.1660712617	-0.0430246187	0.0357887978	-0.0443954856	-0.1080571776	-0.0102746488	-0.0726945017	0.0715597268	0.0521703888	-0.0859902207	0.1210039371	-0.1147343576	-0.059229205	0.0377051741	0.0217951369	0.0690665199	0.0014000646	0.1531958718	-0.0468360519	-0.0972404438	-0.0067680663	0.1412198017	0.0898041005	0.0380856404	0.0979492761	0.0059091339	0.0581119441	0.0564293563	-0.1476282833	0.0142803817	0.0890296059	0.1013846961	0.1233048183	0.0464612261	-0.006130101	-0.1123881564	-0.1264473127	-0.0342872481	-0.0656852516	0.1146043178	0.0215960753	0.0654533231	-0.1313031563	-0.0783794503	-0.0894971358	-0.0828282775	0.0557336945	-0.0393852825	-0.1403253097	-0.036536523	0.0574766668	-0.0358659362	0.0802077516	0.1797080947	0.0356528396	0.1306791706	-0.0285424911	-0.1761956883	0.049178773	-0.1379795153	0.1653978294	0.0299837248	0.0421950272	-0.0681533858	-0.0914479529	0.1026531171	-0.0055929029	-0.1799137725	0.1319303228	0.2067495391	0.0018330411	-0.1211199807	0.098167988	-0.063080731	0.0201956026	0.0453744336531514	0.0274354178858829	0.0020588392293442	0.000752702154573	0.1512116944434183	-0.0153126081318077	0.0228649765364497	0.0002344759677983	-0.2830464526717335	0.0174251757417991	0.0003036367496325	0.0801152943700518	0.004588205821244	-0.0001820088859813	2.1051632658097326e-05	3.3127234576154045e-08	0.0022021288486573	-0.0001049572487852	1.1016024072558376e-08	4.849371466088726e-06	-0.0001660529032309	0.0004329537708118	1.8744896766015669e-07	2.7573566671410638e-08	0.0	0.0	0.0	0.0	0.0	0.0	0.0
947.2635036484352	3.1343582935426184	9.824201912299396	897308.1453443089	1202.965052286784	-1.3722349313588893	1.883028706841536	1447124.917023345	866.4415953218268	2.0720404121314004	4.293351469505664	750721.0381038322	954.9441105166062	802.8329093758246	1.290173	21.923279	0.0445885701642811	0.0242192836085881	-0.0215810498	0.0797846661	-0.0479232138	0.0129167165	0.0459447475	-0.0976058924	-0.015677748	-0.033159738	-0.0081665207	-0.0110171242	0.0601540428	0.0038764739	-0.242080835	-0.0327858049	-0.0774386908	-0.0310757249	-0.0744707862	-0.0014293474	0.1139479132	-0.0137986589	-0.0643091011	-0.0965754108	-0.1302148768	-0.020147543	0.0119726697	0.1071567452	0.0153383962	-0.1101528486	0.1290594377	-0.1698021101	0.0499950486	-0.0790657855	-0.0324290362	-0.1449577828	0.0479428888	-0.0383122338	-0.1997247779	-0.0447366406	0.038648467	-0.0591772589	-0.0409699545	-0.0137632266	0.0248924005	-0.0364770756	0.1009766839	0.144068954	0.1133748385	-0.0274051967	0.0636516109	0.1390165951	-0.0166942366	-0.1038232219	-0.0056373381	-0.0147641885	0.0829037329	0.0323764057	-0.0411374038	0.0001878312	-0.1265943684	0.0587289069	0.0661934673	0.0815281701	0.1978602501	0.0467492482	-0.1382751133	-0.0095851551	0.0118421307	0.0238149385	0.0087835276	-0.1892368425	-0.1215452414	-0.0466568845	0.1834955975	-0.0079835425	0.0034595231	-0.1360701272	-0.0252513163	0.141110835	-0.0020918672	0.0244206041	0.145787636	0.0353372064	-0.0301021211	0.11649872	-0.0602833786	-0.0204340524	-0.0943410721	-0.0287076598	-0.1668084456	-0.0198128011	0.0244699733	0.0768689749	0.0468557851	0.1229595867	0.1193239917	0.1785134949	-0.0683982657	-0.0942442173	0.0819791005	-0.2048344141	-0.0629249529	-0.0120676494	-0.0139213792	-0.0608923784	-0.0963278287	-0.1213208458	-0.001334476	0.0710466451	-0.0554078578	0.1530901935	-0.0102101245	-0.1222481541	0.1024214758	-0.0717238087	0.033413395	0.0620675530647787	0.0166931194116273	0.0038523811434491	0.0002786602356908	0.1442356165195661	-0.0069760779238522	0.0208039130727793	4.866566319965822e-05	-0.2832626854546802	-0.0002162327829466	4.67566164208705e-08	0.080237748970997	0.0044439062098624	-0.0001442996113815	1.97483024020536e-05	2.082237784488064e-08	0.0022047361805737	2.6073319164001373e-06	6.798179722278813e-12	4.860861625930708e-06	0.0001011029543882	0.0002671558576191	7.137225226019683e-08	1.0221807386022451e-08	0.0	0.0	0.0	0.0	0.0	0.0	0.0
948.9261533857192	1.6626497372840277	2.7644041488906463	900460.8445794175	1209.517057272104	6.552004985320082	42.9287693276592	1462931.5118321702	866.5563545141327	0.1147591923059963	0.0131696722187246	750919.9155488233	956.5081321143992	812.1584398755118	1.263138	21.463888	0.0976609588559396	0.0425074017777983	-0.0073299221	-0.0761782941	0.0398129487	0.1446269843	0.1222845728	-0.0319219443	-0.0417107711	0.052074371	-0.0374283421	0.050164943	-0.191900462	-0.1164169845	-0.0894884641	0.1434379504	0.070314783	-0.0242776782	0.0038377022	-0.0953291375	-0.0228545764	0.0592785651	-0.0901825054	-0.1148404808	-0.2047518022	0.0127257824	0.0074654869	0.1073706195	-0.0829756933	-0.0323804251	-0.0619798999	0.021463936	-0.0626766685	-0.0473860769	0.1674372157	-0.0983806389	-0.0328272078	0.2091473465	0.0149722647	-0.0055159243	-0.0508068802	0.0729219306	-0.0194063685	0.1206728899	0.0393812142	-0.0667828257	0.0720536092	0.0735708326	0.0234980665	0.0621320087	-0.0507786572	0.1023667843	0.035498152	0.025037814	0.0788921823	-0.0563044904	-0.0211381134	0.0289990942	0.0674713182	0.136635035	-0.1527581475	0.0479902626	0.0746724265	-0.0003405235	0.0220436845	-0.1374683138	-0.0059131763	-0.1575796104	-0.1166629951	-0.0554623736	-0.0517428222	0.0585344845	-0.0262618439	-0.0021959618	0.0614861333	-0.0276762504	-0.0081553286	0.0364348109	-0.0563227655	0.092246456	0.190857681	0.1486276169	0.0363847242	-0.1254553295	0.0871212979	-0.0308151108	0.0486000996	0.0082589509	-0.0513209367	-0.0342078145	-0.1085487627	-0.047431258	0.0607930313	-0.0444462299	0.1033072286	0.0775566775	0.0543000384	0.1968564274	-0.0091940274	-0.0062185186	-0.1374235613	-0.0143446538	0.0374618602	-0.0411543789	-0.0663708164	0.0023018262	-0.0672897977	-0.0167086706	0.0957611555	-0.0076797478	0.0090095377	0.0081380972	0.0535974196	-0.1232925447	0.1063942335	-0.0799246852	0.0462651033	0.0364605535214792	-0.0256069995432995	0.0013293719630926	0.0006557184256105	0.1585916007031755	0.0143559841836093	0.0251512958135954	0.00020609428188	-0.3020861932263159	-0.0188235077716357	0.0003543244448288	0.091256068137967	0.0047472335478304	0.0003033273379679	2.2536226357646405e-05	9.200747395875322e-08	0.0020395176170164	-0.0001652185635573	2.729717374393764e-08	4.159632110120255e-06	-0.0002078404912344	-0.0003089434456226	9.544605259316441e-08	4.3197669796556697e-08	0.0	0.0	0.0	0.0	0.0	0.0	0.0
944.1995696215462	-4.726583764173029	22.34059407974408	891512.8272735131	1202.273735828889	-7.243321443215109	52.46570552973981	1445462.135863953	864.1797101310129	-2.3766443831198103	5.648438523814944	746806.5714021216	953.3331833020936	800.8335127974304	1.262613	21.454964	0.0573258110575824	0.0319873928340984	0.0746801495	0.1053898755	0.0766124944	0.0341488766	0.0904185672	0.0372165699	-0.0860704768	0.0636704819	0.1493023378	-0.152658441	-0.1460784137	0.0019907176	-0.0370023987	0.1280562019	-0.001824327	0.0977940997	-0.0274542341	0.0141188459	0.0457791019	-0.0223636688	0.1317990502	-0.0708658632	-0.0143555685	-0.0130214481	0.1198676379	-0.0346291053	0.1432616745	-0.1152548304	0.1005131751	-0.0549413593	-0.0537716084	0.0795477277	-0.0001411709	0.1054955016	-0.0155491728	-0.0401001994	-0.2435072757	-0.0399097817	-0.0289226359	0.1064782408	0.009328778	0.0524236709	-0.0270214478	0.0729651043	0.0306203437	0.0704928848	-0.1624988864	-0.0997779015	-0.1576790385	0.0228301882	-0.0242938298	0.189868711	0.0035109495	-0.1480472441	0.0224838235	-0.0274906332	-0.1635163808	0.1874874801	0.0065494306	0.0470899359	0.0475647886	-0.0199486033	-0.075663856	-0.0456720055	0.0040298854	-0.0575077554	0.110319756	0.0437997269	-0.0310169568	-0.0701664104	0.0446535077	-0.0707249976	0.0362508882	-0.1187827255	-0.0291553915	-0.1376494994	0.0340018079	0.1720623515	-0.1097251592	-0.0208938083	-0.1524463073	-0.0996360669	-0.0039734265	0.0512570077	0.0933208268	0.0490324246	-0.0723446801	-0.0274653053	-0.0611976907	-0.0341806966	0.0046477617	-0.0561418935	0.0369786542	-0.0657013916	0.135293019	0.2040635139	-0.0337674551	0.0755030026	0.0759183047	0.0251644505	-0.0727903744	-0.0445636025	-0.0323346769	-0.039981807	-0.0258164642	0.1810659555	0.0732551282	-0.024516449	0.0542551333	0.145592142	0.086910585	-0.1242524367	0.1100753719	-0.0876327994	0.0586099215	0.0439624337973612	0.007501880275882	0.0019326955853873	5.62782076736674e-05	0.1689858993965458	0.0103942986933703	0.0285562341948594	0.0001080414453269	-0.3005246964540546	0.0015614967722613	2.438272169782477e-06	0.0903150931788016	0.0052439777112722	0.0004967441634418	2.7499302236319622e-05	2.467547639134941e-07	0.002041147164121	1.6295471045998586e-06	2.6554237661097824e-12	4.1662817455992e-06	5.114850454057554e-05	0.0002589889957749	6.707529993253029e-08	2.616169516737276e-09	0.0	0.0	0.0	0.0	0.0	0.0	0.0
944.3621812668954	0.1626116453492159	0.0264425472031791	891819.9294071686	1203.1472333272295	0.8734974983406119	0.7629978796073073	1447563.2650629668	865.5626007422973	1.3828906112843242	1.912386442778332	749198.6158037696	955.68284638028	809.2496272962545	1.224511	20.807508	0.0517500300630737	0.0303930707574724	-0.1128700962	0.0441144462	-0.0363873201	-0.0726673425	-0.1027559584	0.1174065657	-0.0282136518	0.1123383374	-0.0429725959	-0.0834301754	0.0437074907	0.0819509238	0.0249821156	0.0172677802	-0.0041514317	-0.0135996809	0.0113088784	0.0049055567	0.0629055168	-0.1185856404	0.0119819169	0.1308613795	0.0196011907	-0.1579427121	0.0203869561	0.0512714803	0.0919555224	0.0709146226	-0.1674322443	-0.0865724478	0.191169598	0.0646912991	0.1522403482	-0.0265106456	0.0450235882	-0.0797147294	0.1760800091	-0.1580414435	-0.0088005838	0.0817483732	0.1870211918	0.0503175221	0.0747623111	0.0765166208	-0.01346206	0.1197264347	0.0135446253	-0.0971545703	-0.0868507801	0.0270094579	-0.1239872322	0.1382635414	0.031914507	0.0135950858	-0.0546057266	0.1184867183	-0.1275872835	-0.0216634642	0.0221639396	0.0022600692	-0.0763584669	0.10406859	-0.0009176277	0.0583330926	-0.0353343202	-0.0385474057	-0.055100655	-0.1357906165	-0.004513009	-0.0545914772	-0.018903474	-0.0715676272	-0.0876667849	0.0463576939	0.1287358385	-0.1296764756	-0.0917508452	-0.0140405352	0.1682155354	-0.0559227628	0.0718986326	-0.0149315507	-0.0905863129	-0.1865128564	0.0746392598	0.2263521941	0.0411501165	-0.0037453037	0.0225145631	-0.0011435267	-0.0056233378	0.0425777108	0.167499447	-0.0545916242	0.0875705919	0.0265602797	0.0778457669	-0.1104876528	0.0155117484	0.1089541839	-0.0603441379	-0.0413591259	0.0346593125	0.0239103094	-0.0891694119	0.0336517076	0.0834795314	-0.0092426069	0.0249531873	0.0067484459	-0.0045141472	-0.1251271724	0.1134548014	-0.0948006283	0.0703125971	0.0363410511732809	-0.0076213826240802	0.001320672000379	5.808547310263308e-05	0.168566991487026	-0.0004189079095197	0.028414830618987	1.754838366582397e-07	-0.2741091656633472	0.0264155307907074	0.0006977802669548	0.0751358347006563	0.0051004125656757	-0.0001435651455965	2.6014208340102577e-05	2.0610951030144284e-08	0.0019068188410367	-0.0001343283230842	1.804409838264007e-08	3.635958092532544e-06	0.0001191392106351	6.799070609452446e-05	4.622736115232005e-09	1.4194151510754726e-08	0.0	0.0	0.0	0.0	0.0	0.0	0.0
941.3654211051972	-2.9967601616981483	8.980571466741113	886168.8560525654	1200.7340628795134	-2.413170447716084	5.823391609730244	1441762.2897591433	864.7437179051088	-0.8188828371884256	0.6705691010417655	747781.6976563504	955.6871131856416	789.9405452926139	1.169558	19.873724	0.0557847953261448	0.0276662773361488	0.0013056752	-0.1140574865	-0.1021001705	-0.1078486355	-0.1273273062	0.017934581	-0.0221745039	0.060730255	-0.0433534724	0.0684541956	0.0587413102	0.1210985054	0.078898936	-0.0840035882	-0.0788337533	-0.0193164697	-0.1290401606	0.0775788165	-0.1260910229	-0.0555310503	-0.0465402653	0.0697173231	0.0296994404	0.07521724	-0.001986406	0.0171921416	0.0616758078	0.0946765338	0.0268309786	0.0604615503	0.1109836713	-0.0428513821	-0.0733900976	-0.0290762341	-0.0534050947	-0.0274195317	-0.0224599872	0.0930355076	0.1650828532	0.0559122202	-0.0071570018	-0.0439975576	0.0133776123	-0.0269384995	-0.0153990085	0.0281362463	0.0333633678	0.0679701662	-0.0469583641	-0.0406700825	-0.1538226051	0.109226533	-0.0718205821	-0.0014751932	-0.1488539261	0.0943888099	0.0566063977	-0.0133028695	0.0778019273	-0.0857128993	0.0074852338	0.0467667511	0.0744088451	-0.0154986141	-0.0642693554	0.1995534331	-0.0336272348	-0.0411685715	0.0799174743	-0.0108603202	0.009190441	-0.0816812918	-0.0298322233	0.0383705833	-0.0019748505	0.0040624047	-0.0643538252	0.0202867978	-0.060498169	0.0472948009	0.0572164169	-0.0325751673	-0.0788141315	-0.0389206087	-0.0334797759	0.0561597955	0.0192474876	-0.0038082633	0.0618670507	-0.0268813977	-0.0095317904	-0.0360531332	0.0806670639	-0.0160885954	-0.0767588469	0.0617058426	-0.030907035	-0.0994838043	0.1184840007	0.1212522062	-0.0595056783	0.005876183	0.1313690583	0.0572385626	-0.0362536109	0.1358010563	-0.0550461918	-0.0083493435	0.0930236407	-0.0195821663	0.0676786246	-0.1259161521	0.1165232592	-0.1013839798	0.0812449131	0.0402580541041004	0.0039170029308195	0.0016207109202486	1.5342911960048557e-05	0.1512399503267687	-0.0173270411602572	0.0228735225748434	0.0003002263553692	-0.2905983163551653	-0.0164891506918181	0.0002718920905374	0.0844473814684567	0.0053227831838818	0.000222370618206	2.833202082261487e-05	4.9448691841362895e-08	0.0019076957289865	8.768879497999746e-07	7.689324765044028e-13	3.639302994393333e-06	0.0002569237153442	0.0001377845047091	1.8984569737932e-08	6.600979550626752e-08	0.0	0.0	0.0	0.0	0.0	0.0	0.0
942.3916230812148	1.0262019760175465	1.0530904955823166	888101.9712536464	1205.9176343282063	5.183571448692874	26.869412963703937	1454237.3407837376	865.4968055982268	0.7530876931180046	0.5671410735257979	749084.7205007349	955.2656035223306	780.1553299769274	1.245435	21.163065	0.0478021628404881	0.0264730379632581	0.1401092303	0.0488383921	-0.0061950374	-0.1307611939	-0.145713067	-0.0477647158	0.0008678639	-0.0152283259	0.0842071485	0.0859821724	0.0973480961	0.0534789609	0.0047103731	0.1490063264	0.1012847208	0.0242739735	0.0293303603	0.0478948349	0.0016150712	0.0971065965	0.0434788087	0.0210230144	0.0962442745	-0.0964792864	0.0128260194	0.013450806	0.0148292415	0.1657521051	0.0372494236	0.0529043803	0.0206234958	0.0590112641	0.1174857701	0.096935355	-0.1791666292	-0.119950191	0.0869285598	-0.0259765739	-0.1290306543	-0.0062915533	-2.94358e-05	0.1061519731	-0.0739184368	0.0002670283	-0.1290853268	0.0122540327	-0.0416392308	0.1222376282	0.0802612335	0.0007865533	-0.0081589124	-0.0274910735	0.0378538773	0.154811978	-0.0173528954	-0.0866748356	0.019263005	-0.0403030954	0.0634511586	0.0857941365	-0.0015456957	0.0706851303	-0.2163836582	0.0086842569	0.0433970086	-0.015302131	-0.101849999	0.1194484588	0.0591633565	-0.097432596	-0.0555422815	0.1366144701	-0.1282020612	0.0657816335	-0.0020086753	0.1557266018	-0.0474616601	-0.0986302068	-0.0109592407	-0.0693026355	0.0205718771	-0.0732012946	-0.0436773503	-0.0799519515	0.0334965327	-0.0914449285	0.0225488079	0.0186413392	0.0887395554	-0.0181481289	-0.0237486638	-0.0241111261	-0.000199415	-0.1325808037	0.0509691801	0.0659509532	-0.0292857493	0.0198202418	0.0090500208	0.12854403	-0.1959421847	0.017501151	-0.0007225945	0.1294277013	-0.0586655779	0.0332302307	-0.0222440311	0.0621745205	-0.0468766562	-0.0523352561	-0.0813880022	-0.1266188352	0.1192723348	-0.1073422654	0.0912870929	0.0362479225039464	-0.004010131600154	0.0013139118858521	1.6081155450553706e-05	0.1688591085122937	0.0176191581855249	0.0285133985275665	0.0003104347351665	-0.2904294295492562	0.000168886805909	2.8522753210176814e-08	0.0843492535483063	0.0056788993575041	0.0003561161736223	3.224989791266049e-05	1.2681872911538856e-07	0.0018569273367272	-5.076839225929999e-05	2.5774296525941515e-09	3.4481791338847715e-06	0.0001437285562478	-0.0001131951590964	1.2813144042859308e-08	2.0657897881077007e-08	0.0	0.0	0.0	0.0	0.0	0.0	0.0
945.7945516480048	3.402928566790024	11.579922830675606	894527.3339270505	1205.3023719787598	-0.6152623494465388	0.3785477586464748	1452753.8078976246	867.2507693858629	1.753963787636053	3.076388968338609	752123.8970003711	956.3542850897712	806.0761914224476	1.236689	21.014448	0.042504126940195	0.0256962460599134	-0.0627404908	0.0567225206	0.0627590792	-0.0326256645	-0.1446943448	-0.0111522642	0.0575175724	0.0793231726	-0.0640092761	-0.0619778878	0.0567528276	-0.1072850813	0.0317927866	0.0065935854	0.0537947329	-0.0141728689	0.1543356291	0.0706854171	0.1097238347	0.0858149892	-0.0839351479	0.0321240262	0.0996516532	0.0101957981	0.028362976	-0.0116618886	0.0337024248	0.1197935903	0.0636319942	-0.1129111633	-0.0912560155	0.1784030357	-0.0818528314	0.0321173741	-0.124032108	-0.1477796562	-0.1529816602	-0.0905800947	-0.0841797433	0.0565164066	0.0834185211	-0.0188995923	0.068865013	-0.1337233222	0.0283019848	-0.1227076577	0.0390351128	-0.0293833171	0.0448568462	0.0467221318	0.0386904702	-0.0514111217	0.0302267042	-0.0646679497	-0.0500998666	0.0555471442	-0.0633098048	-0.1029500737	0.0078002564	0.1248500375	0.0409184748	-0.0576960727	0.0152803291	0.024780698	0.1556894914	0.0210232998	-0.0153739656	-0.0316131674	0.0886233755	-0.0809804858	-0.0814762985	0.051503967	-0.0972692368	-0.0522391488	0.0926235689	-0.1799893797	0.0048098849	0.0626952506	0.0528867646	-0.2029484962	0.0204209907	0.0267476928	0.0523449071	0.11309078	0.0309295381	-0.1793167561	0.1316013715	-0.0081369522	0.0815876132	-0.0167947185	-0.0313909019	0.0673459115	0.0533711616	-0.1132842604	0.0338828773	-0.0124549311	0.0152737521	-0.0152170965	-0.0882024027	0.0645687646	-0.0706158787	0.0877640193	0.0139884147	0.0791301468	-0.0788427544	-0.022740051	0.0991542117	0.001654008	0.0031283676	-0.0329589511	0.0047540785	-0.1272347401	0.1216944932	-0.1126387502	0.1003291122	0.0363392432321347	9.132072818830024e-05	0.0013205405986842	8.339475396841411e-09	0.1686262533909825	-0.0002328551213111	0.0284348133326798	5.4221507520847785e-08	-0.3106255236893318	-0.0201960941400755	0.0004078822185147	0.0964882159672716	0.0053547910697932	-0.0003241082877109	2.8673787401137004e-05	1.0504618216289173e-07	0.0018592019243885	2.274587661300073e-06	5.173749028938538e-12	3.4566317956499016e-06	0.000257022819888	0.0001132942636401	1.283559017377514e-08	6.606072994317928e-08	0.0	0.0	0.0	0.0	0.0	0.0	0.0
945.5170297439332	-0.277521904071591	0.0770184072395213	894002.4535357899	1206.962051978478	1.6596799997182643	2.754537701464818	1456757.3949160983	865.6376439469584	-1.6131254389044898	2.602173681640803	749328.5306180412	956.8039466420786	808.3072677354617	1.193617	20.282543	0.0452561952215502	0.0266491909385039	-0.0445828664	-0.1389130195	0.0023867204	0.007239027	-0.083334813	0.0263152848	0.0233893827	0.0298653783	-0.1275828114	0.0845880197	0.0248354312	0.0229908331	0.0898309417	-0.0804132403	-0.0537562791	-0.0604804616	-0.1175616394	0.0797135688	-0.0889623479	-0.0317365027	-0.0475234102	0.1200982387	0.0542074193	0.0500960454	-0.0277604871	0.0065052879	0.0082442351	0.0405467421	0.0557069377	0.0393595352	0.0005093409	-0.0358281752	-0.1065183561	0.0679911395	-0.0420470661	-0.1289032964	-0.0224967802	-0.0089161409	-0.0020969158	-0.0746186263	-0.0807081822	-0.1711550018	-0.068058847	-0.0861285365	0.0737905675	0.0803377977	-0.0573798607	0.1275318804	-0.0437113489	-0.038074203	0.0688555026	0.046739096	0.1126736012	-0.1455334426	-0.0917699358	0.101333839	0.1197464207	-0.0673393843	0.049223258	-0.0462876879	-0.0251039282	0.0254611572	0.0167199794	-0.0572876698	-0.051774716	0.0727148821	-0.0344842685	-0.0020826816	0.066703319	-0.0289309911	0.0394619651	-0.0035670617	0.0088967074	-0.0205471292	-0.0438717963	0.064170294	-0.0198392669	-0.0185128811	0.0041636456	-0.1090633965	0.0034006364	-0.1119174049	0.0241450977	0.0881153297	-0.0739956049	-0.0674924722	-0.0255822102	-0.0036695019	0.1031253476	-0.0357715865	-0.000198212	-0.0007473351	0.0817946587	-0.0564242596	-0.1206502423	-0.067414948	0.0006580766	0.0334356606	-0.0588490485	0.0518802483	-0.0281838776	0.0650672252	0.0113460358	0.0356535806	0.05842329	0.0305781294	-0.0742869738	-0.0459227318	0.0125398354	-0.1082764505	-0.0368688748	-0.1277634447	0.1237830955	-0.1172407796	0.1082719048	0.0334957786050296	-0.0028434646271051	0.0011219671843571	8.08529108559795e-06	0.1688947123911788	0.0002684590001962	0.028525423873699	7.207023478638954e-08	-0.3142306274417379	-0.0036051037524061	1.29967730656128e-05	0.0987408872224282	0.0053010434654418	-5.374760435140034e-05	2.810106182250321e-05	2.888804973514669e-09	0.00141995257414	-0.0004392493502484	1.929399916937294e-07	2.016265312806812e-06	-2.0763582348953813e-05	-0.0002777864022369	7.716528526775069e-08	4.311263519617863e-10	0.0	0.0	0.0	0.0	0.0	0.0	0.0
945.0401118890612	-0.4769178548719992	0.2274506402957093	893100.8130792894	1206.7783983670747	-0.1836536114033151	0.0337286489814798	1456314.102765402	865.6679518796085	0.0303079326500892	0.0009185707815223	749381.0029114361	954.2246290230568	794.0430024058453	1.17906	20.035194	0.1222332172338549	0.0655986845188903	0.1239443228	0.0231364284	0.0606991891	-0.0290405513	-0.0818551918	-0.0699363718	0.0461021512	-0.0579541954	0.148388302	0.1116779925	0.0489819173	0.0535962394	-0.0430591588	0.095829041	0.1104410705	-0.0055412815	-0.0310240872	0.0323060564	0.0040714442	0.1290432061	0.0421389693	-0.036642172	0.0977437535	-0.0629642233	0.1262820862	-0.1234853476	-0.1223021705	0.0780745477	0.0024098862	0.0037523874	0.0031416387	0.0264095684	0.0620402945	-0.0663929259	0.2142951081	-0.0530860908	0.0409525472	0.104353915	0.0316781562	-0.0607755525	-0.040832013	0.1145934732	-0.089411573	0.031389787	0.0461217228	0.0870633567	0.005164525	0.0304010069	0.0104096605	0.0106537018	-0.0054664507	0.0184189015	0.089602686	0.0244750486	-0.0045440147	-0.2036739019	0.0088372834	-0.0306305082	-0.0227619696	0.1071417031	-0.0440777288	0.0047561188	-0.1325376628	0.0241374279	-0.0430903692	-0.0134310954	-0.1026198764	0.0933827817	0.0532734674	0.0653172121	0.0103780506	-0.0107903637	-0.0649573651	0.0471010078	-0.2028595202	0.077943117	0.1401066742	-0.1151626686	-0.1314542624	0.0208014526	0.0521953571	0.0610309927	-0.0400814608	0.0668438126	-0.0276925906	0.0286400707	-0.068387914	0.0461235394	0.0945947866	0.0411967621	-0.0053197756	-0.0843015543	-0.0060800421	-0.1154044035	0.024062988	0.0500375684	-0.0447620747	0.0592069601	-0.044065201	0.0444333988	-0.1024864406	-0.0383025418	0.025521501	0.0235038656	0.0283272867	-0.0576022929	-0.0050663898	0.1033204377	-0.0367824477	-0.0278833312	-0.0358055806	-0.1282045865	0.1255324169	-0.1211199807	0.1150284477	0.0319301198528165	-0.0015656587522131	0.0010195325538152	2.451287328381487e-06	0.1773357891901668	0.008441076798988	0.0314479821276992	7.125177752641361e-05	-0.2632345573116268	0.050996070130111	0.0026005991687152	0.0692924321630481	0.0047981137344507	-0.0005029297309911	2.302189540872444e-05	2.529383143147804e-07	0.0016127280547819	0.0001927754806419	3.7162385936715584e-08	2.6008917786806117e-06	0.0005081394370689	0.0005289030194178	2.797384039493226e-07	2.5820568750469855e-07	0.0	0.0	0.0	0.0	0.0	0.0	0.0
947.6112306955614	2.5711188065001807	6.610651917138913	897967.0445403565	1203.8855099800303	-2.8928883870444224	8.36880321989648	1449340.3211398777	867.5101410940791	1.842189214470636	3.39366110191194	752573.8449010691	955.6116472977684	815.9445222732672	1.135388	19.293095	0.1237276650682375	0.0770179724970548	-0.0275675436	0.09118978	0.1468329777	0.0455459372	-0.0388546765	0.0779835885	0.0154057761	0.0761607545	-0.0189389647	-0.0688811352	0.0871653602	-0.1367415883	-0.0005073308	-0.0029504536	0.0616236916	0.0152510294	0.1519856703	0.0251156742	0.1029822996	0.085803693	-0.0952362367	0.0417228395	0.1439947192	0.0836978079	0.0342644321	-0.0163609496	-0.1171287516	-0.0260677385	0.075489703	-0.1544757268	0.0965778961	-0.153895138	0.02607658	0.1105868578	0.0477716125	-0.0014082875	-0.0361967091	0.1292231413	-0.0252388738	-0.0821662675	0.0065962627	0.2354553567	-0.0052757711	-0.1647103112	-0.0459322386	-0.0592549652	0.0076113946	-0.1050346282	0.1350082793	-0.1030020732	-0.0561671766	0.0272197121	0.0514995134	0.0318591157	-0.0090675934	0.0004163575	-0.053448573	-0.1126769248	-0.0336722833	0.137889491	0.0623888723	-0.1536694929	-0.0532671573	0.0797447225	-0.0333762486	0.0307708958	0.0675158338	0.0018078651	0.1357905356	0.0289751207	0.0415422834	0.1750402367	-0.0513461012	-0.1123066708	-0.0279641256	-0.0748523433	0.0231840152	0.0025204086	-0.1554530089	-0.0236363497	0.0684102651	0.0592520066	-0.0473249338	-0.0393116668	0.1437610186	0.0833528541	-0.0152331853	0.0053254969	0.1062738732	0.006675017	-0.0578061462	0.0573316376	0.0116785017	-0.1529040517	0.0351244075	-0.0278265973	-0.0199880124	0.1311283939	-0.0361909892	0.0387170728	-0.0149097313	-0.0049275284	-0.0155796979	-0.03101199	0.0607324469	-0.1328254197	0.0038147158	0.0055837746	0.0538098006	-0.0998843089	-0.011258485	-0.1285578634	0.1269376627	-0.1242524367	0.1205247148	0.045035539634938	0.0131054197821215	0.00202819983021	0.0001717520276656	0.1782496075939974	0.0009138184038306	0.031772922607414	8.350640751795394e-07	-0.3179805524224122	-0.0547459951107853	0.0029971239806701	0.1011116317188624	0.0057556389276631	0.0009575251932124	3.312737946563084e-05	9.168544956364456e-07	0.0014995550342553	-0.0001131730205266	1.2808132575114224e-08	2.248665300760414e-06	0.0005366898587599	2.855042169100006e-05	8.151265787339267e-10	2.880360044957214e-07	0.0	0.0	0.0	0.0	0.0	0.0	0.0
945.2154314103124	-2.3957992852490406	5.739854215199814	893432.2117761829	1205.6983492924617	1.8128393124313789	3.2863863726966747	1453708.509486567	865.505945510007	-2.004195584072136	4.016799939214249	749100.5417131712	956.9543325713732	818.9519580707619	1.225481	20.824001	0.0710093730080275	0.0410864276651896	-0.1423231	-0.0199724657	0.0335470776	0.0275661122	-0.0344583928	0.2028654131	-0.0525959421	0.0837984131	-0.1631192042	-0.0197557581	-0.0217646561	0.0071197042	0.1931834724	-0.1570088325	-0.0106478184	-0.0031490441	-0.0183964578	0.0441231921	-0.074801581	-0.0304336876	-0.0501871664	0.1199494075	0.106192233	0.1453235727	0.065912176	0.0149174052	0.0407138286	0.0158925063	0.0124622073	0.18144158	-0.0447153679	-0.0610216608	0.0689970962	0.0729877098	-0.1226608518	0.0399795152	0.0122716863	0.0447971888	0.0569135925	-0.0323479277	-0.0176515922	-0.1887725335	-0.0542254932	0.0729331182	-0.0002826329	-0.0700004733	-0.0353648974	0.1875883284	0.2429042908	-0.0346858924	0.174520834	-0.0803935676	-0.0566939677	-0.1195183828	-0.0955704086	0.1658046412	0.0375853522	-0.0281895498	0.1310544109	-0.0586081058	0.0451005642	-0.1571193325	-0.0126962886	0.0562735051	0.050437683	0.0724845716	-0.0477339054	-0.0423452399	0.0155597821	0.0064243694	-0.0642879948	0.0289816652	0.1365804677	0.1182958404	0.0962481632	0.149712441	-0.0406200978	0.0370842698	0.0887112704	-0.0005195938	0.0700680621	-0.1256148539	0.080106057	-0.0214193925	0.0481912104	-0.046788683	0.0950958659	0.0143444457	0.1215973646	-0.0164359599	-0.0276498697	0.0993945783	0.0389517709	-0.083787739	-0.1050199144	-0.0517538264	0.0291660634	0.0040718673	-0.0245879193	0.0273156118	0.1014593508	0.1039234573	0.0458011266	-0.1262537383	0.0597208866	0.0714783398	0.0629892296	-0.0486953498	0.0185610917	-0.1318430031	0.0590423877	-0.1288230331	0.1279949812	-0.1266188352	0.124700488	0.0411988409413481	-0.0038366986935899	0.0016973444949105	1.4720256865394448e-05	0.1642522951827771	-0.0139973124112203	0.0269788164728101	0.0001959247547373	-0.3170128682558299	0.0009676841665822	9.364126462540268e-07	0.1004971586397881	0.0050788207382334	-0.0006768181894297	2.579442009110966e-05	4.580828615428977e-07	0.0015891665285108	8.961149425549988e-05	8.030219902703488e-09	2.525450255339067e-06	0.0002589659877124	-0.0002777238710475	7.713054854960842e-08	6.70633827918589e-08	0.0	0.0	0.0	0.0	0.0	0.0	0.0
942.7032105236764	-2.512220886635987	6.3112537832501046	888689.3431316469	1200.6366245563213	-5.061724736140377	25.62105730445537	1441528.3042259968	863.5507575903046	-1.955187919702439	3.822759801350352	745719.910934789	954.1586083887036	793.4259748700445	1.194771	20.30216	0.0638285191433924	0.0290179448509589	-0.0194933347	-0.0967434997	-0.1208286181	-0.0720653262	-0.110990049	0.0117687302	-0.0134805605	-0.0938106093	-0.0865548436	0.0494329098	0.1241013136	0.1524042219	0.179852732	0.0495737476	-0.0902959465	-0.0486984889	-0.0709562403	0.0044921918	-0.0880843435	-0.0538282924	0.1629522674	0.1367644033	0.0657937362	-0.0252871152	-0.1400357992	-0.0515882867	0.0397510664	0.0174681916	-0.0027858966	0.195719849	-0.0728630761	-0.0664297936	-0.108153538	-0.1529243598	0.1021003991	0.0493201547	-0.0089881164	0.0656107758	0.0379527084	-0.0782639651	-0.0417134973	0.1752908383	0.1519609606	0.0985025601	0.0345606895	-0.0444882774	0.1062149826	0.1117581921	-0.1032877367	-0.0428163382	0.0053046576	-0.0824838673	-0.1140827211	0.0708938475	-0.0132512868	0.0058838469	0.0598631667	-0.1071696061	0.2221638257	-0.1407237408	-0.0853361182	0.1370401311	-0.0386795932	0.01054716	0.048187324	0.0569827873	0.000722881	0.0639384772	0.0427739884	0.0989508899	0.0409635914	-0.1642029277	0.1473258422	-0.0784447506	0.0208864776	0.1463307226	0.1102103019	-0.0155925419	0.0517997902	0.1005074245	0.078439122	0.0574361573	-0.020590729	-0.0268022917	0.1094003655	0.020854532	0.0946883523	0.0401441852	0.1217092156	-0.0068978509	-0.0131194078	0.0600724843	-0.0038787443	-0.0402688627	-0.1529323681	-0.0041877163	0.0100915153	-0.0652764306	-0.0672325676	0.0153639592	0.0463492228	0.0427377562	0.1701320196	0.009286181	0.1386977738	0.0313074532	0.0055676658	-0.0444856674	-0.0119970496	0.0004910494	-0.0481804189	-0.1289999139	0.1287014744	-0.1282045865	0.1275100165	0.0362551913894151	-0.0049436495519329	0.0013144389026831	2.443967089232729e-05	0.1768922383171798	0.0126399431344026	0.0312908639768619	0.0001597681624409	-0.2968604762682432	0.0201523919875867	0.0004061189028213	0.0881261423702081	0.0049251245512058	-0.0001536961870276	2.425685184489013e-05	2.362251790682301e-08	0.0017641284290181	0.0001749619005072	3.061166662912633e-08	3.112149114069869e-06	0.0004521585895669	0.0001931926018545	3.7323381411311366e-08	2.0444739011912834e-07	0.0	0.0	0.0	0.0	0.0	0.0	0.0
944.6752273135672	1.9720167898908585	3.8888502196114474	892411.2850999399	1202.957389831543	2.3207652752216745	5.385951462674735	1447106.4817503188	864.6980628538668	1.1473052635622023	1.316309367797535	747702.7399032298	953.7574625302544	794.4089873650969	1.088912	18.503349	0.0870710783649796	0.0460267025736054	0.0863680082	-0.0610671298	-0.0496871018	0.0296071461	0.0012258838	0.0251952967	-0.050438906	-0.1926859735	0.0634105252	0.1708279553	0.0631332467	0.0651759438	0.0707529876	0.0342987994	-0.0447933704	-0.0378882518	0.050825857	0.0043647269	-0.0578765518	-0.0323790697	0.0314729871	0.0569558713	-0.0200963684	0.0064307996	-0.1755065255	0.0265926796	0.0363454506	-0.0301025115	-0.0539764108	-0.0704007338	0.0100815298	-0.1358038582	0.0220886605	0.1139878723	-0.1081118426	0.0098147671	0.1558286892	0.0671122016	-0.0253503627	-0.0583560368	-0.0294420118	0.0810254908	0.1438093228	0.0033236076	0.0348201988	0.0099511538	-0.0287839613	-0.005166906	-0.2129576003	-0.0103017442	0.0300334261	-0.0915262677	0.0344338432	0.063937932	0.0705809605	-0.1321823041	0.1220433164	-0.0890110291	0.0414751146	-0.0979833372	-0.0189584377	0.1531721649	-0.0329149835	0.0605631642	-0.0803668513	-0.0709295341	0.086382287	-0.0218989453	0.1583681191	-0.0077623795	0.0319638635	0.0117660807	-0.0441946908	-0.088010298	-0.0481186787	0.0649411585	-0.0422832098	-0.0840968861	0.0297457576	0.0657976917	-0.0548683671	0.0229480013	0.0559430115	-0.0500715158	-0.1428976813	-0.0414081934	0.023379462	0.0167414747	0.0313779532	-0.0278478864	-0.0013185454	0.0392852953	-0.1174513476	-0.0189357892	-0.2181279795	0.0092758992	-0.012747161	0.074911541	-0.0653918022	-0.0339604778	-0.0864085164	0.0186224629	0.0431329729	-0.0353825111	0.0761099242	-0.0957346425	-0.021645767	-0.0133476304	-0.0450875347	0.0633431048	-0.1130412837	-0.1290883846	0.1290552057	-0.1289999139	0.1289225186	0.0532614590425311	0.0170062676531159	0.0028367830193392	0.0002892131394894	0.1853205959725983	0.0084283576554185	0.034343723291639	7.103721276765201e-05	-0.3224550276411833	-0.02559455137294	0.000655081059982	0.1039772448510762	0.0055190289318352	0.0005939043806293	3.0459680350433988e-05	3.527224133307909e-07	0.0017700980313799	5.969602361800179e-06	3.563615235801028e-11	3.1332470406949976e-06	0.0005731226402458	0.0001209640506788	1.4632301556647482e-08	3.2846956076231665e-07	0.0	0.0	0.0	0.0	0.0	0.0	0.0
