global_signal	global_signal_derivative1	global_signal_power2	global_signal_derivative1_power2	csf	csf_derivative1	csf_derivative1_power2	csf_power2	white_matter	white_matter_derivative1	white_matter_power2	white_matter_derivative1_power2	csf_wm	tcompcor	std_dvars	dvars	framewise_displacement	rmsd	t_comp_cor_00	t_comp_cor_01	t_comp_cor_02	t_comp_cor_03	t_comp_cor_04	c_comp_cor_00	c_comp_cor_01	c_comp_cor_02	c_comp_cor_03	c_comp_cor_04	c_comp_cor_05	c_comp_cor_06	c_comp_cor_07	c_comp_cor_08	c_comp_cor_09	c_comp_cor_10	w_comp_cor_00	w_comp_cor_01	w_comp_cor_02	w_comp_cor_03	w_comp_cor_04	w_comp_cor_05	w_comp_cor_06	w_comp_cor_07	w_comp_cor_08	w_comp_cor_09	w_comp_cor_10	w_comp_cor_11	w_comp_cor_12	w_comp_cor_13	w_comp_cor_14	w_comp_cor_15	w_comp_cor_16	w_comp_cor_17	w_comp_cor_18	w_comp_cor_19	w_comp_cor_20	w_comp_cor_21	w_comp_cor_22	w_comp_cor_23	w_comp_cor_24	w_comp_cor_25	w_comp_cor_26	w_comp_cor_27	w_comp_cor_28	w_comp_cor_29	w_comp_cor_30	w_comp_cor_31	w_comp_cor_32	w_comp_cor_33	w_comp_cor_34	w_comp_cor_35	a_comp_cor_00	a_comp_cor_01	a_comp_cor_02	a_comp_cor_03	a_comp_cor_04	a_comp_cor_05	a_comp_cor_06	a_comp_cor_07	a_comp_cor_08	a_comp_cor_09	a_comp_cor_10	a_comp_cor_11	a_comp_cor_12	a_comp_cor_13	a_comp_cor_14	a_comp_cor_15	a_comp_cor_16	a_comp_cor_17	a_comp_cor_18	a_comp_cor_19	a_comp_cor_20	a_comp_cor_21	a_comp_cor_22	a_comp_cor_23	a_comp_cor_24	a_comp_cor_25	a_comp_cor_26	a_comp_cor_27	a_comp_cor_28	a_comp_cor_29	a_comp_cor_30	a_comp_cor_31	edge_comp_00	edge_comp_01	edge_comp_02	edge_comp_03	edge_comp_04	edge_comp_05	edge_comp_06	edge_comp_07	edge_comp_08	edge_comp_09	edge_comp_10	edge_comp_11	edge_comp_12	edge_comp_13	edge_comp_14	edge_comp_15	edge_comp_16	edge_comp_17	edge_comp_18	edge_comp_19	edge_comp_20	edge_comp_21	edge_comp_22	edge_comp_23	cosine00	cosine01	cosine02	cosine03	trans_x	trans_x_derivative1	trans_x_derivative1_power2	trans_x_power2	trans_y	trans_y_derivative1	trans_y_derivative1_power2	trans_y_power2	trans_z	trans_z_derivative1	trans_z_power2	trans_z_derivative1_power2	rot_x	rot_x_derivative1	rot_x_derivative1_power2	rot_x_power2	rot_y	rot_y_derivative1	rot_y_derivative1_power2	rot_y_power2	rot_z	rot_z_derivative1	rot_z_power2	rot_z_derivative1_power2	motion_outlier00	motion_outlier01	motion_outlier02	motion_outlier03	motion_outlier04	motion_outlier05	motion_outlier06	motion_outlier07	motion_outlier08	motion_outlier09
984.4504535438672	n/a	969142.6954827256	n/a	1216.6214175289624	n/a	n/a	1480167.673590182	895.2458412375756	n/a	801465.1162531745	n/a	953.0921809984292	790.7440837399872	n/a	n/a	n/a	n/a	-0.0843334042	0.1390802463	-0.0704538328	0.1038615981	-0.1640348707	0.0342471931	-0.1614495868	0.1793520802	0.0337796149	-0.0748073347	0.1407687843	-0.2399499352	0.0711441275	-0.3670219987	0.1873746456	-0.2220840294	0.1727780131	-0.0883319667	-0.1586742576	0.0964949061	-0.0511202948	0.0138173403	-0.0927560272	0.0776079607	-0.045140477	0.0477872578	-0.1915786643	0.0030283613	-0.1455661561	0.1443856652	-0.0814873511	0.0860289192	-0.2014739283	0.1424408388	-0.177526916	0.0722018135	-0.0273859932	0.0518963891	-0.0648264037	0.0183968889	0.0467645625	-0.0496090347	0.2347086613	0.0474648614	-0.1391728742	-0.0518671799	0.0620940033	0.0467651669	-0.0020710107	-0.0636092852	-0.0429851183	0.0803407173	-0.1088817698	0.0685000555	0.1861473918	-0.1279357192	0.1242320342	-0.0199465084	0.2121999993	-0.0565216165	0.0558732523	-0.0033997087	0.3279294437	-0.2381421974	0.0508197984	-0.0878065807	0.0991316763	-0.1908147698	0.3113499013	-0.1720943937	0.0433901769	-0.0559769004	0.0658504318	-0.0082149646	0.0127794915	-0.0225490487	0.1003563977	-0.0139796935	0.0026578363	0.0762028433	-0.1146032748	-0.1029154599	0.13439956	-0.0270904154	-0.0915843068	0.1381658476	-0.1864494283	0.0574273322	-0.184702671	0.093989533	-0.0408261447	0.2589409361	-0.0094313293	0.128072896	-0.0187499933	0.0341087587	-0.0082402981	0.0801475061	-0.0415488894	0.2261805803	0.0950890142	-0.2251083909	0.0912958057	-0.080426712	-0.1107032264	0.0074110445	-0.1461924577	0.06585875	0.1290883846	0.1290552057	0.1289999139	0.1289225186	0.0004425772759475	n/a	n/a	1.958746451851096e-07	0.0763892932269385	n/a	n/a	0.0058353241197111	-0.0381325332149344	n/a	0.001454090089388	n/a	0.005104022971716	n/a	n/a	2.6051050495804625e-05	-5.080336415996811e-06	n/a	n/a	2.5809818099703324e-11	-0.0010104943283349	n/a	1.0210987875970009e-06	n/a	0.0	0.0	0.0	0.0	0.0	0.0	0.0	0.0	0.0	0.0
983.4318383072674	-1.0186152365997714	967138.1805964112	1.0375770002332083	1202.1537774490982	-14.467640079864168	209.31260948049209	1445173.704635136	895.2662802433622	0.0204390057865566	801501.7125407864	0.0004177529575428	950.0671797457252	780.132186301767	1.284474	24.796017	0.2378973825510499	0.1453356729170226	-0.0752510591	0.0432926702	0.0674545492	-0.1626953325	-0.1521409072	-0.047759314	0.0009521404	0.0785576245	0.0576025139	0.0858352281	0.0847070153	-0.0044199082	-0.0228346085	-0.0809639779	0.0839619383	-0.0521615748	0.0350420779	-0.0626022367	-0.0006263296	0.0598406615	-0.0978646985	0.0022473414	0.2030215644	-0.0353924163	-0.063191297	0.0990667236	-0.0547399931	-0.0525623853	-0.1531067953	0.025384629	0.0487203029	-0.0057045274	-0.1472067956	0.0791663751	-0.068222664	0.2588337451	-0.093027898	-0.0726840762	0.0765517942	0.0799881283	-0.1055436948	0.0841183593	-0.0415526018	-0.0487888219	0.1146247122	0.0029000967	0.0935197698	0.0160152038	0.0217621461	0.0464919655	-0.0198631637	-0.125772131	-0.0582784994	-0.0508549481	0.0680043791	-0.1454972742	0.0003098225	0.0573820761	-0.0351426183	-0.0462970714	-0.0515605423	0.067415005	0.2349708416	-0.0235398103	0.0082209982	-0.014882607	-0.0360203235	-0.036510323	-0.0916048318	-0.1060491049	0.0324506275	-0.3010872552	-0.0108453804	-0.03333964	0.0530025291	-0.2004556842	-0.0196959175	0.0986252633	-0.0071722538	-0.1051478242	-0.0585787905	0.0445860442	-0.1577676587	-0.1043420751	-0.0660668922	0.066709128	-0.1683453724	-0.0959885439	-0.0655291826	0.0104696984	-0.1836311543	0.0882006307	-0.0844405108	0.0322100853	-0.022407258	0.0051622996	-0.0691952849	0.0790270511	0.0155708465	0.0393882587	0.0551819314	-0.0848918406	0.0303646064	-0.0566993824	0.123691867	0.1240980237	-0.0036962572	0.012846638	0.1289999139	0.1287014744	0.1282045865	0.1275100165	0.0058833446356771	0.0054407673597296	2.9601949462699004e-05	3.461374410215051e-05	0.1161878266462537	0.0397985334193151	0.0015839232623283	0.0134996110607799	0.0686924925533531	0.1068250257682875	0.0047186585331924	0.0114115861303952	0.003605005442824	-0.001499017528892	2.2470535519254786e-06	1.2996064242790663e-05	-2.9331331723447818e-06	2.147203243652029e-06	4.610481769549797e-12	8.603270206709363e-12	-0.0007949979403962	0.0002154963879387	6.320217252342e-07	4.643869321462672e-08	0.0	0.0	0.0	0.0	0.0	0.0	0.0	0.0	0.0	0.0
981.8476720948564	-1.5841662124109916	964024.8511980888	2.5095825885445877	1198.3121400597977	-3.8416373893005584	14.758177830872013	1435951.9850146922	893.5830798731581	-1.6832003702040763	798490.7206355989	2.8331634862551405	948.9669272576452	797.571525242775	1.190234	22.976772	0.1732007669710936	0.1118029169277458	-0.0357048623	0.088497874	-0.122684402	-0.0711411734	-0.0822373991	-0.0960217543	0.0113333958	-0.0729490891	-0.0947039371	-0.0839275262	0.1930887118	0.045008519	-0.0219300526	-0.0193034123	-0.0294023554	-0.0438595139	0.0050369693	-0.0570851289	-0.0716487161	-0.0378551571	0.0882314134	-0.0660247801	0.0375595871	0.080616298	-0.1562798253	-0.0553277819	0.0112708891	-0.1169916641	0.0702744449	-0.062759305	-0.1149765101	-0.0630779641	0.0359634525	-0.0669234399	0.0703680054	0.0427183301	-0.0371519531	-0.0859291407	-0.1154662182	-0.0792672281	0.0740101567	-0.0555567223	-0.1055969061	0.0162263784	0.0479334073	0.0605767381	-0.0333090999	-0.091577062	0.1034038602	-0.0857920288	0.0299940985	0.1298743639	-0.0137325157	0.0318767966	-0.0077843565	-0.0318309529	0.0538409664	-0.1486292618	-0.001554557	0.1027931951	-0.1025277023	-0.0826189516	0.0559603582	0.0126057584	0.0333176954	-0.0400620176	0.1140113175	0.0784145633	-0.0788686987	0.0402350789	-0.1565462186	0.1121705516	-0.0709447528	-0.0561843374	0.0663916229	-0.031800004	0.1868144849	-0.0387411783	-0.0073163557	-0.1125466271	0.0959127709	0.0452471125	-0.0362151407	0.0052588594	-0.0265277373	0.0162717599	-0.1057891228	-0.0279388302	0.0674485117	-0.033939829	-0.0557168216	0.2218549433	0.1181247075	-0.0097516453	-0.0127244827	-0.0265414286	0.0801417688	0.1155728699	0.0191449125	-0.0237331322	0.0309289948	-0.0388794953	-0.0130543807	0.0941508039	0.0186992936	0.1805516	-0.0258042852	0.0772614896	0.1288230331	0.1279949812	0.1266188352	0.124700488	0.0001840795211762	-0.0056992651145009	3.248162284536696e-05	3.388527011645907e-08	0.1387230062776439	0.0225351796313901	0.000507834321019	0.0192440724707072	0.1064042291871558	0.0377117366338027	0.0113218599889127	0.0014221750799372	0.0016770015629709	-0.001928003879853	3.717198960728606e-06	2.8123342422068413e-06	-1.847536523547077e-06	1.0855966487977049e-06	1.1785200838808073e-12	3.413391205840419e-12	-0.0010110001757223	-0.000216002235326	1.0221213553105214e-06	4.6656965665871854e-08	0.0	0.0	0.0	0.0	0.0	0.0	0.0	0.0	0.0	0.0
980.5700897153066	-1.277582379549813	961517.7008442844	1.6322167365361615	1200.8786170645935	2.5664770047958427	6.58680421614584	1442109.4529229708	893.4920634710023	-0.0910164021557875	798328.0674856696	0.008283985461384	948.489691468456	777.0052382586754	1.15387	22.274782	0.0656101523143207	0.0488607849833514	-0.0078774635	0.0347908039	0.1160341486	0.0612251783	-0.0521381083	0.0950764849	-0.0422812906	-0.0112685589	-0.0316369349	-0.0443788178	-0.12948538	0.1150037912	0.107490127	0.029318696	-0.0785162697	0.0779316249	-0.0687992358	-0.0276146649	0.0962597315	0.0537677594	-0.0641393762	-0.1880572937	-0.0959763001	0.135770579	-0.0675670331	-0.0753443988	-0.0011176773	0.0632221074	-0.0523828507	-0.0454326195	0.0250157507	-0.011399908	-0.1335058832	0.0593189779	-0.008620096	-0.0485918138	-0.0945674186	-0.0353661133	-0.0054362206	-0.0245675328	-0.0003894636	0.026188768	-0.0607427172	-0.0886288375	0.1175491389	-0.0891290567	-0.1945857123	-0.089043904	-0.0595922372	-0.0137285402	-0.0243719959	0.0149936302	0.0679826544	0.014354567	0.051689732	0.0389454666	0.0024309354	0.1962821361	0.0056418588	0.1105909413	-0.0552717153	-0.1155586949	-0.0375630415	0.0325354191	0.0881358617	0.0047001178	0.0079605388	0.1056897586	0.10859353	-0.1088779045	-0.0940696847	0.1120817258	0.0099869297	0.0904060331	0.0272357052	0.0763133154	0.0024644535	-0.0095210695	0.0121144581	-0.0489993875	0.0495366755	0.0181240001	-0.1605972772	0.0460630715	-0.0022005968	-0.0032649881	-0.0559264074	-0.0309614093	0.1435185143	-0.0095864197	-0.0157309111	0.113464804	0.0362667031	0.0632583922	0.0390610153	-0.0694402638	-0.0264173341	0.0602608948	0.0092529347	-0.0278926426	0.1368182123	0.0878445774	-0.19125421	-0.1200486815	0.0801874966	0.0216417388	-0.0483921423	0.0893150112	0.1285578634	0.1269376627	0.1242524367	0.1205247148	0.0059456719120163	0.0057615923908401	3.319594687818654e-05	3.5351014485339564e-05	0.1397300336117695	0.0010070273341256	1.0141040516761323e-06	0.0195244822931462	0.1163393367104674	0.0099351075233116	0.0135348412662315	9.870636149976275e-05	0.0007849564230464	-0.0008920451399245	7.957445316629207e-07	6.161565860817988e-07	-8.739694757231575e-05	-8.554941104876868e-05	7.318701730791184e-09	7.638226444958108e-09	-0.0010104662253747	5.339503475999211e-07	1.021041992622994e-06	2.851029737020766e-13	0.0	0.0	0.0	0.0	0.0	0.0	0.0	0.0	0.0	0.0
982.7834462770668	2.213356561760179	965863.3022762282	4.898947269486841	1199.092604963747	-1.7860121008466194	3.189839224370555	1437823.0752787443	894.5536495548351	1.0615860838328215	800226.2319318748	1.1269650133875069	949.2435558445924	778.9173446289481	1.087727	20.997942	0.1163786745853021	0.0533613528273781	-0.0556096665	0.0205890195	0.0856731729	-0.1068876912	-0.0090207339	-0.0006610859	0.1338385794	0.0184264906	-0.1100403706	0.0303208952	-0.0997959595	0.0182583173	0.08949898	-0.0231851863	0.1426596056	-0.0975974692	-0.0621719919	-0.0743112223	0.0935687151	-0.013262764	0.0091381698	-0.0386247068	0.092795419	-0.0318466306	0.0045203451	-0.030993617	-0.0971977503	-0.0724580517	-0.0361885847	0.0355264253	-0.0561581027	-0.1186555693	0.1268081041	-0.1731926708	0.019256087	0.0142249924	-0.0092850287	0.0260221289	0.0210160216	-0.1372735965	0.104532805	-0.0536607215	0.1073074122	-0.0995751956	-0.0303436915	-0.1309297602	-0.1570803073	-0.0053096379	0.0058679875	0.0187139842	-0.0980732105	0.0607566627	0.070744579	-0.0112885755	0.0362155309	-0.0417763487	-0.1005638825	-0.0116479187	-0.0784786132	0.091916476	-0.0520885177	0.0096810206	0.0336359109	-0.1986173127	0.0406124399	0.0791669286	-0.0176555626	0.0062921866	-0.0662351105	0.0445487588	-0.0477421542	0.1281658801	-0.1728144088	0.0230648325	0.1040518736	0.0134014069	0.034166506	0.0063310129	0.0038893198	0.0069905933	0.1453670768	-0.0874467339	0.1393286689	-0.0108186296	-0.0338195131	0.0217759976	-0.0712090089	-0.0423932642	0.0483389722	0.0570135496	-0.0474965829	0.1267708901	-0.1215114596	-0.0805919837	-0.0003952325	-0.0531717922	0.0095754076	0.0679228006	-0.0356154107	-0.1153989208	0.1018688405	0.026282168	-0.0944495915	-0.0021761385	-0.0049625859	0.0466631343	0.0248497301	-0.0524390865	0.1282045865	0.1255324169	0.1211199807	0.1150284477	-0.0032771891262228	-0.0092228610382391	8.50611657306688e-05	1.0739968569032958e-05	0.1293764313518437	-0.0103536022599257	0.0001071970797567	0.0167382609893383	0.1013256588721844	-0.015013677838283	0.0102668891458822	0.0002254105222317	0.0015608736493305	0.0007759172262841	6.020475420444112e-07	2.4363265491743125e-06	-0.0004709170933134	-0.000383520145741	1.470877021892625e-07	2.217629087747415e-07	-0.0005341329284228	0.0004763332969519	2.85297985225516e-07	2.2689340978506698e-07	0.0	0.0	0.0	0.0	0.0	0.0	0.0	0.0	0.0	0.0
982.863835885314	0.0803896082471737	966021.3198911934	0.006462489114134	1198.977464545263	-0.1151404184838611	0.0132573159686386	1437546.9604873876	895.0755659778666	0.5219164230314846	801160.2688105983	0.2723967526299795	950.2468489820084	791.2799250393698	1.188003	22.933704	0.0877217914384487	0.0392326818396845	0.0011051953	0.0546353209	-0.0801618495	0.0058759997	-0.0137052298	0.1032946523	-0.0024858745	-0.1288132686	-0.0079063884	-0.0538101599	-0.0263663855	-0.047667885	-0.1564870733	0.0141869504	0.0231593852	0.0205878597	0.0248130426	-0.0356303514	-0.0224796482	-0.1934238512	0.14227018	0.0126932511	0.0089436344	0.0667584333	-0.1031347397	0.0159473331	0.0120254743	0.1222916572	0.054527285	-0.0258535202	-0.0450328078	-0.0610177726	-0.0311517012	-0.1866859718	0.1831332027	0.1749749142	0.0953741912	0.0587417385	0.0618310183	-0.0809821009	-0.2259288337	-0.0061047297	0.067503087	0.0722816919	0.1175754733	0.0664455796	-0.0002076645	-0.0848483293	0.1165551394	0.1262707031	0.0176410554	-0.0318136401	0.0271826988	0.1269827987	-0.049230461	0.0437832039	-0.0643567577	-0.170067651	0.0644490923	-0.0494269631	-0.0662452466	-0.0072145801	0.0671649876	0.10633914	0.1679467385	-0.0370967206	0.1132355164	-0.0088314738	-0.0767494904	0.1245669481	-0.0047820032	-0.0401643822	-0.2115888418	0.0164021621	-0.2109140737	-0.1692297569	-0.034349668	-0.1069957015	-0.1656994252	-0.0206609667	0.0843663659	-0.0365450744	-0.1093013672	-0.06380159	0.0063328069	0.0200570987	-0.0493869806	0.006293481	0.0623036426	0.0294913801	0.0335076329	0.0711779428	0.109094649	-0.0874398611	0.0068089332	0.0651667242	-0.011270557	0.0436727527	-0.0399921402	0.0373109674	-0.0676068897	0.1019370816	0.0267450206	-0.0062353987	0.0809367972	0.0113352213	-0.0404264153	-0.0279240445	0.1277634447	0.1237830955	0.1172407796	0.1082719048	-0.0090878151049764	-0.0058106259787536	3.376337426496624e-05	8.258838338223721e-05	0.1102925453304237	-0.01908388602142	0.0003641947056785	0.0121644455554635	0.0844849107865073	-0.016840748085677	0.007137700150604	0.0002836107960852	0.0013619996837709	-0.0001988739655595	3.9550854177400954e-08	1.8550431385920316e-06	-1.934750606391589e-07	0.0004707236182527	2.215807247809709e-07	3.743259908932621e-14	-0.0002839998851832	0.0002501330432396	8.06559347840708e-08	6.256653932030359e-08	0.0	0.0	0.0	0.0	0.0	0.0	0.0	0.0	0.0	0.0
979.5581585251524	-3.305677360161553	959534.1859331876	10.927502809484656	1204.221949329115	5.244484783851931	27.504620648054438	1450150.5032460135	894.8996042445086	-0.1759617333580081	800845.3016769781	0.0309625316063547	950.8575442087316	778.9604483216865	1.096031	21.158243	0.0546074722939591	0.027294685508387	-0.0172113263	0.0456533528	0.1014947621	0.1419091047	-0.0004784795	0.1499468261	-0.1152365538	-0.1239403763	-0.0085173889	-0.0232695883	-0.1389465183	0.1116411855	0.1028356235	-0.0410220086	-0.0662787103	0.081857618	-0.024363517	-0.0174551272	0.0195364333	-0.0956463817	-0.0860224745	-0.1090434325	-0.1173215422	0.0177219459	-0.0180759654	-0.1013330536	-0.0366274698	0.1773820969	-0.0265381314	-0.0501889263	0.1246681897	-0.0828075682	-0.0602001788	-0.1037146647	0.0492676559	-0.2088290447	-0.0086055984	0.0259885959	0.0172455192	0.0986731326	-0.0169994212	-0.0098079859	-0.1300519612	0.1253649821	0.1013961588	-0.0858522135	0.0973653022	0.0725170971	-0.2245446361	-0.0001081513	0.0253665948	0.0762393761	0.0296677342	0.1332542126	-0.0269218019	0.0018373118	-0.0436362057	0.1864656476	0.0192604087	-0.046630927	-0.0264136359	-0.1344131392	-0.0677802949	0.0146507145	0.110653509	-0.0437013035	0.0386536735	0.0695031583	0.1416360607	-0.0138900706	0.0328000459	0.088414264	0.0059044699	0.1121612609	-0.1172006861	0.0061943708	-0.0631683722	0.0736094786	0.0460028123	0.0801537532	-0.0141358187	0.1692569057	0.0087067021	0.159408928	-0.0093722568	0.0252763788	-0.0465143535	0.0125758876	0.0559562434	0.1040723692	0.1040783127	-0.0106661229	-0.0086917906	0.0908931426	0.0778664541	0.0214492497	-0.0697430117	-0.0690481362	-0.0657070015	-0.0692549649	0.0440370364	0.1883117774	-0.0855707959	0.0221985563	0.10762646	-0.075049214	0.0102138876	0.0493022817	0.1272347401	0.1216944932	0.1126387502	0.1003291122	0.0001114597647386	0.009199274869715	8.462665812856992e-05	1.2423279155584062e-08	0.1016438702154687	-0.0086486751149549	7.479958124404186e-05	0.010331476352379	0.0908953087246118	0.0064103979381044	0.0082619571481424	4.1093201724854365e-05	0.001362007912718	8.228947100119566e-09	6.771557037656621e-17	1.8550655543064432e-06	-0.0002849738960992	-0.0002847804210385	8.109988820689998e-08	8.121012145795765e-08	3.8193952254831904e-05	0.000322193837438	1.458777988844379e-09	1.0380886888304493e-07	0.0	0.0	0.0	0.0	0.0	0.0	0.0	0.0	0.0	0.0
981.2327697218132	1.6746111966607486	962817.7483759408	2.8043226599815445	1199.4385501391266	-4.783399189988359	22.880907810781284	1438652.83555985	893.6633332688863	-1.236270975622347	798634.1532292565	1.528365925166229	946.9809346894168	773.2658418803454	1.215196	23.458651	0.0627543342110966	0.0295436168552391	-0.0113998357	0.0266690237	0.0888820923	-0.1274016021	0.0004821307	-0.0066358184	0.1323201376	0.0596608158	0.0051700408	0.138964179	-0.1346950852	-0.0263187593	0.0199013844	0.1634595976	0.1718869919	-0.0864045048	-0.051844367	-0.0116109445	0.0372660405	0.1469074471	0.1081918795	-0.1141172885	0.1292648094	0.0164466165	0.0395007997	-0.0314415618	-0.0265509176	0.0267187726	-0.1308375533	-0.0249985081	-0.0263843187	-0.0555918271	0.0837091573	-0.0754599865	0.0429327519	-0.0149811497	0.0092212205	0.1427288608	0.1144069724	0.0265936057	-0.0843993248	-0.0607855808	0.1002491304	-0.0010362941	-0.050017024	0.0775280464	-0.0654649823	0.1462087352	-0.1393875945	-0.0955976485	-0.0572822725	0.0728456322	0.0865741189	-0.1323685331	0.0895989156	0.0427916794	-0.0147990932	-0.0138349192	-0.0957150762	0.150737329	0.0211304655	0.0112187775	-0.0048710789	-0.065519704	0.1997195049	-0.0163665059	-0.0806847709	0.0538400865	-0.0164180799	0.09208546	0.0041385157	-0.0521157821	-0.1246431849	0.0126097	-0.0154368114	-0.0123715613	-0.1049130937	0.0292707693	0.0645929983	0.0238874926	-0.0762007001	-0.1302084415	0.1968583707	0.1222312497	-0.0072226051	0.0141386128	-0.0307905441	0.0068182798	0.0561489139	0.0383609766	-0.0537318605	-0.0223414811	-0.1354920582	-0.104803717	0.0140909697	-0.0043164674	-0.0368644641	0.0275560807	-0.035053951	-0.119267288	-0.079466681	0.1117666581	-0.021763315	0.0642919939	0.0829201993	-0.0621844811	-0.066906699	-0.0363389424	0.1266188352	0.1192723348	0.1073422654	0.0912870929	0.0002431339249113	0.0001316741601727	1.7338084457185854e-08	5.9114105442773675e-08	0.117378862283445	0.0157349920679763	0.0002475899753792	0.0137777973109559	0.0719854965139958	-0.0189098122106159	0.0051819117083665	0.0003575809978407	0.0013619384960395	-6.941667849997418e-08	4.818675253968778e-15	1.8548764669943356e-06	-0.0005741583432441	-0.0002891844471449	8.362764447050146e-08	3.2965780311680973e-07	-0.0002321092993684	-0.0002703032516232	5.387472685328953e-08	7.306384783809222e-08	0.0	0.0	0.0	0.0	0.0	0.0	0.0	0.0	0.0	0.0
982.1846128853102	0.951843163497074	964686.6137886668	0.9060054078961172	1199.134224669574	-0.3043254695526229	0.0926139914184244	1437922.8887739005	894.0647652193626	0.401431950476308	799351.804406754	0.1611476108632129	948.5596844997552	782.8129704336053	1.106364	21.35771	0.0575064930694058	0.0298918356163724	-0.0286703763	0.0080842945	-0.0002475287	0.0850947848	-0.06632742	0.0357083154	-0.0229534422	0.0009612991	-0.0125371639	-0.0821072851	-0.0164168586	-0.0003412688	-0.0715864676	-0.0877590184	0.0625537321	0.1077200985	0.0222080317	-0.0237710146	-0.0201251453	-0.0137750137	0.0790681913	-0.0688375578	0.0008033321	0.1036829433	-0.0215414137	-0.1241380243	-0.0529453837	0.1509121344	0.0379143474	-0.0838059319	-0.0666907629	0.0305360423	0.2098444792	0.0367295071	0.0456658845	-0.1083281156	0.1300095917	-0.0466952422	-0.0454256887	0.1095233399	0.0627006855	0.1532943622	-0.0001994916	0.1223252273	-0.0684732696	-0.0337951607	0.0173706557	-0.0181404067	-0.0201085904	-0.00715658	-0.0215028088	0.011639427	0.02497395	0.0023729471	0.0398690024	0.0766863528	0.0411327186	-0.0900022753	0.0534661891	0.1153312679	-0.0896078649	-0.01659269	-0.2119736087	-0.0365215653	0.1351100486	0.0699773492	0.039264808	-0.0036585656	-0.1572345056	-0.0477061682	0.0477277426	0.1534105948	0.103734812	-0.0954532695	-0.0431723921	0.0893631291	-0.0256340626	-0.125103649	0.0094588224	0.0539102406	-0.1569403208	0.0958920811	0.0588155389	0.0428786872	-0.0284714465	0.0462224366	-0.0380696433	0.0656505737	-0.0513943989	0.1248389471	0.1710882032	0.0085731644	-0.0152645851	-0.0668208564	0.0589071244	0.0364855888	-0.0680336522	-0.0582502913	0.032399521	-0.0367572409	-0.0741559576	-0.0532406642	-0.062225582	0.0691499299	0.0251333022	-0.1453575382	0.0687089705	-0.0464948036	0.1259161521	0.1165232592	0.1013839798	0.0812449131	0.0001548796353461	-8.825428956520001e-05	7.788819626658172e-09	2.3987701444940908e-08	0.1141439578622964	-0.0032349044211485	1.046460661396675e-05	0.0130288431164696	0.0588167555891487	-0.0131687409248471	0.0034594107380336	0.0001734157375457	0.0016670222981787	0.0003050838021391	9.30761263277105e-08	2.778963342624995e-06	-0.0004099012857852	0.0001642570574589	2.6980380925056377e-08	1.680190640883602e-07	0.0001188417097104	0.0003509510090788	1.412335196689098e-08	1.2316661077342798e-07	0.0	0.0	0.0	0.0	0.0	0.0	0.0	0.0	0.0	0.0
982.4779070396032	0.2932941542929939	965262.8378209192	0.0860214609424425	1200.284858912638	1.1506342430639052	1.323959161311246	1440683.742534931	897.0273883890661	2.9626231697035337	804658.1355201085	8.777136045664212	951.2229755333318	782.4400797499914	1.116112	21.545895	0.2193877879982819	0.1293611885245721	0.0589018065	0.0304403818	0.0429090604	-0.0398019295	0.0186806378	-0.0298509999	-0.010471614	0.0677578714	0.0195016335	0.0981976565	-0.0708580672	-0.0172799079	-0.1627326604	0.041145593	-0.0029352153	-0.0041817734	0.0969344981	-0.0117890051	0.0815689137	0.0053500532	-0.0647588378	0.1343212464	0.0586744966	-0.0693775459	0.0536754359	-0.2106509178	-0.0237160307	-0.0808527225	-0.0253576528	0.1444546256	-0.1709293742	-0.0694690942	0.1961291553	0.1536407371	-0.1440537291	-0.0537372447	-0.0621574965	-0.1453764082	-0.0206424479	0.0321334111	-0.0832129047	-0.0420309378	-0.031853652	-0.006961354	-0.0124599522	-0.0597277289	0.1067139922	0.0839910083	0.0444627216	0.0557598522	0.10752357	0.0627227753	-0.0555744435	-0.0533659626	0.0349711723	0.0181422066	-0.0896116671	-0.0199876428	0.0144654567	-0.1400127016	0.037458028	0.0813041353	-0.0402481127	-0.1167181781	-0.0403511522	0.0488597577	-0.0338249702	0.0978046788	-0.2063093135	-0.1087189429	0.0424798643	0.065855153	0.1355667921	-0.2509395799	0.0998248621	-0.0967866574	0.0947819364	0.1508438663	0.0372376293	0.0811295811	-0.0222705887	0.0706156359	-0.0005087044	0.1176991347	0.0411939972	0.0458707693	0.0079210958	0.1042868902	-0.0468217247	0.0334447272	-0.1205887851	-0.042996915	-0.1341141545	0.0231051418	0.005454241	0.0465809396	-0.0101131053	-0.0097128666	0.0031279171	0.0021969873	-0.020371256	-0.0481442215	0.0336860219	0.0170319295	-0.1529150475	-0.0548843657	-0.0660235869	-0.1622933421	0.1251271724	0.1134548014	0.0948006283	0.0703125971	-0.0173233870020794	-0.0174782666374254	0.0003054898046489	0.0003000997372238	0.0668055093814246	-0.0473384484808718	0.0022409287045761	0.0044629760837116	-0.0531594486237594	-0.1119762042129081	0.0028259269779821	0.0125386703099308	0.00141799553275	-0.0002490267654287	6.201432989988082e-08	2.0107113308989564e-06	0.0001270374782178	0.000536938764003	2.8830323628906936e-07	1.613852087193801e-08	5.290986580056781e-05	-6.593184390983218e-05	2.799453899034095e-09	4.347008041350475e-09	0.0	0.0	0.0	0.0	0.0	0.0	0.0	0.0	0.0	0.0
982.7237841247425	0.2458770851392273	965746.0358844534	0.0604555409965628	1203.0131657221546	2.7283068095166527	7.443658046854937	1447240.67690084	896.7267011875444	-0.3006872015216686	804118.7766226956	0.0904127931589325	953.0291428626956	794.9598886716311	1.11555	21.535044	0.2047863664430629	0.1217199444383053	0.0965705636	0.0451681545	-0.1424101911	0.0933206719	-0.0132592875	-0.0405134654	-0.1243058954	-0.0847568915	0.0510102854	-0.0123480726	-0.0442959818	-0.0550873281	-0.1278152348	-0.0362178997	0.0191185506	0.0009383088	0.1363868009	0.1211507728	-0.0929366505	-0.0782634554	0.0159501203	0.1686945265	-0.1292306985	-0.0440604917	0.0599523787	-0.0635633876	-0.0913637739	-0.0445570552	0.0847049801	0.0084717237	0.0828893184	0.0717869292	-0.2382258965	-0.0386191638	0.0235389149	-0.0434388586	-0.1472975685	0.0513210276	0.0076473618	-0.1595660986	0.0086924562	-0.1236912825	0.0796220558	0.0327342901	0.096959734	0.0993740038	0.0751026753	0.0304564272	0.1004972278	0.2470363517	0.0074991174	-0.0924068487	-0.1420568512	0.100819043	-0.0961005253	0.0614888391	0.0026908063	-0.0900454793	0.1013281998	-0.136781998	0.0296561435	0.0438426533	-0.0027110371	-0.0664312588	-0.0441970205	-0.0870352307	-0.0105476493	-0.0203899883	0.1379324085	0.1506194123	0.0545859634	-0.0031699664	0.1027201635	0.1122866298	-0.0566077144	0.1243350394	-0.0614682028	-0.1217067049	0.0818492162	0.0869088163	0.074684085	-0.0984928036	-0.2254736296	-0.0503429978	0.076277255	0.0043637115	0.0506915014	0.1728960507	0.0532841271	-0.0224359193	0.0185152246	0.032467109	0.0996107639	-0.0105088352	-0.0169151958	0.1319041658	0.0269467642	0.0574239655	0.0249045578	-0.0145768964	-0.1046314839	0.0073762623	0.0179211293	0.0175119677	-0.0997850329	-0.0633937343	0.0879047343	-0.1463028465	0.1242524367	0.1100753719	0.0876327994	0.0586099215	-0.0173317686142695	-8.381612190102444e-06	7.025142290527389e-11	0.0003003902032985	0.0680331751054694	0.0012276657240447	1.507163129994441e-06	0.0046285129149314	0.0112329050940402	0.0643923537177996	0.0001261781568517	0.0041463752173182	-0.0003549011164858	-0.0017728966492358	3.1431625288715277e-06	1.2595480248286737e-07	0.0008515413027048	0.000724503824487	5.249057916962897e-07	7.251225902121877e-07	-0.0002328489682572	-0.0002857588340577	5.421864201844254e-08	8.165811124205488e-08	0.0	0.0	0.0	0.0	0.0	0.0	0.0	0.0	0.0	0.0
982.3919876250008	-0.3317964997416993	965094.0173497996	0.1100889172408434	1207.8948587914035	4.881693069248968	23.83092722235341	1459009.989894705	895.511342208578	-1.215358978966492	801940.5640242088	1.477097447754474	950.7579593512104	783.5151689041695	1.16591	22.507223	0.1230932173532253	0.0628119966368924	0.084296547	-0.0702922195	0.1223139858	0.1045096222	-0.0761971838	-0.0499995333	-0.0665196029	0.0558424897	0.0550011558	0.1743931139	-0.065186839	0.0068716657	0.0236421389	0.040731822	-0.0861447955	0.1842497564	0.0524347999	0.112334966	0.0768877721	0.1160056016	-0.2456274979	0.0411329654	-0.1361880524	-0.11990153	-0.0031183731	0.0718561558	0.1184197527	-0.0409269606	-0.0064748502	0.0740950803	0.0677663891	0.0700158625	0.0523267948	0.1325367629	0.0177222528	0.0012141079	0.0272496422	0.1159452221	-0.0770828832	-0.0909107053	0.0731183302	0.0083989191	-0.061298228	0.0470720588	-0.1100483822	-0.0499438823	-0.0180989267	0.0079927796	0.0115642397	-0.0730763996	-0.0178985114	-0.1637839563	-0.0839237848	-0.0953110173	-0.0121528108	-0.0348050455	0.0090638115	0.2299614342	0.040991989	-0.1614619659	0.1019086132	-0.0003233766	-0.1052984648	0.0377668017	-0.1601404546	-0.0183730765	-0.0257362265	0.084408454	0.0593927952	0.0405829213	0.0240626283	-0.048611339	0.0489000436	-0.0714894056	-0.037243873	0.089267621	0.0865494416	-0.0987986709	-0.0789172149	0.0935434857	0.0540653619	0.0227723341	0.0694855984	0.0199487972	0.0605394119	-0.0130209591	0.021138266	0.1133192157	-0.0043404456	-0.0666804757	-0.0186708452	-0.1248024742	0.0219414045	0.1757366809	0.0773392881	-0.0738751686	-0.0256716764	-0.0408017084	0.0009564514	-0.0972657998	-0.0173671913	0.091672002	0.031278199	-0.1064215397	-0.0345208336	-0.1252879454	0.1080500085	-0.0002712763	0.1232925447	0.1063942335	0.0799246852	0.0462651033	-0.0139994537265408	0.0033323148877287	1.1104322510978344e-05	0.0001959847046415	0.0819711354475742	0.0139379603421048	0.000194266738498	0.0067192670465645	0.0392410812737011	0.0280081761796609	0.0015398624595292	0.0007844579329109	0.0001669997149029	0.0005219008313887	2.723804778042163e-07	2.788890477764989e-08	-4.1927221694493255e-09	-0.0008515454954269	7.251297307819628e-07	1.757891919019186e-17	-4.999997619825129e-05	0.0001828489920589	2.4999976198256955e-09	3.343375389697349e-08	0.0	0.0	0.0	0.0	0.0	0.0	0.0	0.0	0.0	0.0
983.4408068965388	1.0488192715380364	967155.8206693152	1.1000218643495774	1197.739341004254	-10.15551778714962	103.13454152511233	1434579.5289893043	895.6316365938997	0.1202943853216993	802156.0284678672	0.0144707391399254	949.7198623306	792.268989715402	1.195068	23.070091	0.1261797832808029	0.0651224446557809	0.035034903	-0.0241344324	-0.114398151	-0.140910205	-0.0170709704	-0.2091356164	0.0873547977	-0.0362273664	-0.0907108623	-0.0229126778	0.0501801844	0.0107489428	0.0467200175	0.0273315481	-0.0223337989	-0.0043695498	0.0585015822	0.0553114426	-0.0257741382	0.0136342225	0.0693237612	0.0576085745	0.0996145365	-0.0218842627	0.0274973788	0.0791886094	0.0351086802	-0.023094629	-0.0502041151	-0.0051989103	0.0657379114	-0.1037175969	0.0775256846	0.0353133383	-0.0127178195	-0.1165744876	0.0263254701	0.1460130931	-0.0011180457	-0.1338468344	0.0695270941	-0.0563213279	-0.3146233833	-0.028941774	-0.039642283	-0.0699191735	0.0125713224	-0.0082726482	0.0593301655	-0.0882665429	-0.0207357185	-0.1191155292	-0.1019579277	-0.0938584548	-0.0394882623	-0.0288319315	-0.0054434864	-0.092032174	-0.1191489318	0.1088272384	0.039065008	0.0176194764	-0.1195823047	0.0555121466	-0.0959588805	0.091374289	-0.1092883423	-0.0118630714	0.0750043837	0.0347621631	0.052185737	0.0224888998	-0.0341992301	-0.0949584068	0.0117671412	0.0543417497	0.0120971839	-0.0199440559	-0.0861689718	0.0036886569	0.1791295116	0.1942949123	0.0846801043	0.064726131	0.0192190748	-0.0159295081	0.0491034174	0.0607883364	-0.0582196884	-0.0604627755	-0.0804474212	-0.0875062534	-0.0118608363	-0.1236842023	-0.0133327234	-0.0749605117	0.0723924134	0.0147835925	-0.0536463626	-0.0782863984	-0.0506232521	0.0926043249	0.0082463005	-0.0711601308	-0.103397372	-0.1042420698	0.0164542238	0.0357427093	0.1222481541	0.1024214758	0.0717238087	0.033413395	-0.0076789710795708	0.00632048264697	3.9948500890648895e-05	5.896659684088474e-05	0.0972581953711682	0.0152870599235939	0.0002336942011075	0.0094591565668563	0.0315616035372912	-0.0076794777364099	0.0009961348178451	5.897437830401536e-05	0.0009901110560785	0.0008231113411756	6.77512279971895e-07	9.80319903368883e-07	-0.0007828607242701	-0.0007828565315479	6.128643489872559e-07	6.128709136047055e-07	0.0002818874105548	0.000331887386753	7.946051222929038e-08	1.1014923748576945e-07	0.0	0.0	0.0	0.0	0.0	0.0	0.0	0.0	0.0	0.0
982.3985382821317	-1.042268614407135	965106.8880188687	1.086323864578169	1206.2136284815122	8.474287477258258	71.81354824721613	1454951.3175345354	894.7465816837414	-0.8850549101582601	800571.4454347402	0.7833221939952458	950.4290123961466	786.9499471133158	1.066468	20.587553	0.1094023141328894	0.0559692879182221	0.0407855424	-0.0199756358	-0.0409086342	0.1195075739	0.0432051782	-0.0585940781	-0.0917473661	0.0651736328	0.0839096222	-0.0164172249	0.0789836358	0.0984843816	0.0638577084	-0.0598367543	0.0173325086	0.0492785815	0.0458704476	0.0533480475	-0.1039432974	0.1135173212	0.0127764443	-0.0060455578	-0.0500691063	0.0295803202	-0.0671981721	0.1340623638	0.1534745606	0.0374097797	-0.0030497622	-0.0358375152	0.1705089905	0.0124430511	0.0718927307	-0.027957299	-0.0895271112	-0.0008617663	0.1183744759	-0.0427046852	-0.0574315964	0.0119998892	0.0630626822	-0.1011583886	0.0296823873	0.0450229706	-0.1540954698	0.0326358991	0.0028325139	-0.0270862431	-0.0612332196	-0.0243832268	-0.0094555284	-0.1170146949	-0.0662475411	-0.0472708724	0.0168648831	0.0657887395	0.1995094724	0.0362011309	0.0353478704	0.0137038289	0.0162918519	-0.101487471	-0.1182303357	0.1276050083	-0.069793827	0.0364229201	-0.0525378433	-0.0707989418	-0.0534910313	-0.1324532585	0.1478362551	-0.042060823	-0.0102669695	0.1307045541	0.0490522073	0.0817295231	0.1162265596	0.0344914719	-0.0819759272	0.0309625731	-0.0198133037	0.0657970706	0.096667933	-0.1615155043	0.0268092736	-0.0184367599	0.097413332	0.0329042481	-0.105177276	-0.003140425	0.0956782559	-0.1262632142	0.1041655262	-0.0274782865	0.0725180666	-0.000498423	0.0348599176	-0.0886891401	-0.1830750637	-0.0448587782	-0.0580155007	0.053546253	-0.0065948954	-0.0204577368	0.0865909869	-0.2203286565	0.0918801242	-0.0435356619	0.1211199807	0.098167988	0.063080731	0.0201956026	0.0108116031408656	0.0184905742204364	0.0003419013350014	0.0001168907624755	0.0853868160393744	-0.0118713793317938	0.0001409296472393	0.0072909083533419	0.0510663504057404	0.0195047468684492	0.0026077721437618	0.0003804351504022	0.0005909198150891	-0.0003991912409894	1.5935364688265725e-07	3.4918622786493614e-07	-0.0007821855993059	6.75124964200015e-07	4.557937172860715e-13	6.118143117615299e-07	0.0010727333188454	0.0007908459082905	1.1507567733610665e-06	6.25437250659984e-07	0.0	0.0	0.0	0.0	0.0	0.0	0.0	0.0	0.0	0.0
985.7112534685374	3.31271518640574	971626.6752145152	10.974081906243214	1196.2555644414197	-9.958064040092497	99.16303942658328	1431027.3754570596	896.0698837690966	1.323302085355181	802941.2365979622	1.7511284091053698	949.1155672780692	779.6459121573462	1.14934	22.187332	0.1445707445746515	0.0653115867615553	0.0008203828	-0.1240880717	0.1141886878	-0.0136476761	0.0335217176	-0.0022056308	0.1689525742	0.0579366722	0.0855836203	0.107216919	-0.0535977438	0.0484184878	-0.0655938915	-0.0453540526	-0.0708979592	0.0057195831	0.0150715395	-0.007002845	0.0316836222	0.0672023283	-0.1257007469	0.1044671281	0.0478629021	-0.0103588965	0.0737706294	0.061148505	0.0819027251	0.127397482	-0.0369790383	-0.0430743452	0.0938378932	0.1890903757	0.1299933314	-0.1411024135	0.1125256323	0.097546784	0.0842793796	-0.0223581204	0.1820261521	0.0665742088	-0.0451609514	0.0120387755	0.1793017219	-0.0145376971	0.0150557092	0.0194336469	0.0922748913	-0.0441420038	0.0079699166	-0.065621758	-0.0118693783	0.0046187233	0.0068797089	-0.155634868	0.0194451213	-0.0894893541	-0.0035147686	0.0340063425	-0.0190602786	-0.087378528	-0.0623754337	0.0542972803	-0.0967204743	0.0490283599	-0.0621588865	0.1173417301	0.0493809697	-0.0653294325	-0.0923550092	0.1351031467	0.1438235329	-0.1918440045	-0.0253310278	0.1592263245	-0.0740988472	-0.1300762629	-0.1036813138	0.0077240094	0.0554711067	0.0066065066	-0.2004376834	-0.1577676392	0.0251569372	0.0132113057	0.0001466168	-0.0128458021	0.1046514964	-0.0347932137	-0.09083442	-0.038539446	0.0358559566	-0.2694296883	-0.0035240592	0.0249336559	0.0505713439	-0.1592578987	0.0014201025	-0.0759955563	-0.1208948107	-0.0408962855	0.0497435641	0.037973946	0.0901508283	0.0411143774	-0.013530738	-0.0794694955	0.1350958316	0.0791966355	0.1199087977	0.0936454286	0.0540487397	0.0067565429	0.0243768572599378	0.0135652541190721	0.000184016119315	0.0005942311698713	0.0734502870515001	-0.0119365289878742	0.0001424807242783	0.0053949446679477	0.0152941177741254	-0.035772232631615	0.0002339100384888	0.0012796526274503	0.0010586590035228	0.0004677391884337	2.1877994839661643e-07	1.120758885739888e-06	-0.0016287492706845	-0.0008465636713786	7.166700496980145e-07	2.652824186755291e-06	0.0014243650357549	0.0003516317169095	2.0288157550810577e-06	1.2364486433672286e-07	0.0	0.0	0.0	0.0	0.0	0.0	0.0	0.0	0.0	0.0
985.5088364582016	-0.2024170103358074	971227.6667371984	0.0409726460732863	1197.3033443085135	1.0477798670938228	1.097842649887149	1433535.2982923507	896.8395247686477	0.7696409995511431	804321.1331872538	0.5923472681900827	950.0040807309358	802.9935976827526	1.27607	24.633793	0.1606810192715617	0.0788358184829413	0.0168584951	-0.0780202337	-0.1835194413	-0.1146045286	0.0379176005	-0.0904466923	0.1035206594	-0.1272649003	-0.0069153087	-0.0217088894	0.1488679652	-0.0436324538	-0.08400453	0.0274513323	-0.0953552016	0.0256541895	0.0792668482	0.0494734322	-0.0057116584	-0.0463720674	0.0252470745	0.1241995042	0.1137494986	-0.0700631211	0.1118800621	0.0507901111	0.0322504899	-0.0806491712	0.1529646133	-0.1654927527	0.0259662604	-0.1046093183	-0.0530896357	0.085106295	0.242809953	-0.0495675935	-0.027721924	-0.0888649855	0.0535773555	0.1121451859	0.1073877223	-0.0871724054	0.0510395369	-0.2569867077	-0.0801559472	-0.0314667238	0.1222215162	-0.1562319361	-0.0103069514	-0.0572181578	-0.0155992725	0.1842885949	-0.0353080737	-0.0699686444	-0.0742126788	-0.0450774846	-0.0230296594	-0.1496312933	-0.0172275291	-0.1198573223	0.0020723913	0.1152012471	-0.0268941851	0.2008266271	-0.0506697801	-0.081138795	-0.2318657799	-0.009154682	0.0159991232	0.1009740899	-0.1241627951	0.0701681114	0.0655778783	0.0743462244	0.1587079829	-0.1344667016	-0.0576257983	0.090543181	0.0469016885	-0.0216427929	-0.1187424415	-0.1074553616	-0.0403208325	0.1298509447	0.0030947404	-0.0291990064	0.0609640459	-0.0764950253	-0.1029105486	-0.1049070336	-0.0443589134	-0.2269770521	0.0626663785	-0.1468511911	-0.0839759007	-0.0544216408	0.0930672688	-0.0588140051	-0.1127608704	0.0266650094	-0.0194578819	0.0011734618	0.2086278579	0.0376293784	0.0288263614	0.0652026172	-0.0919462671	0.0678337289	0.1186154352	0.0888661936	0.0446835199	-0.0067565429	0.0184943384755769	-0.0058825187843608	3.4604027248358825e-05	0.0003420405556492	0.1005551899150987	0.0271049028635985	0.0007346757592451	0.0101113462188615	-0.0235460043379518	-0.0388401221120772	0.0005544143202828	0.001508555085681	0.0018435316529081	0.0007848726493852	6.160250757531e-07	3.3986089552740714e-06	-0.0009870081772194	0.0006417410934651	4.1183163104178243e-07	9.741851418979624e-07	0.0010739092683748	-0.00035045576738	1.1532811167012983e-06	1.2281924488997473e-07	0.0	0.0	0.0	0.0	0.0	0.0	0.0	0.0	0.0	0.0
982.3940485650256	-3.114787893175958	965098.066655982	9.70190361947552	1203.736525757672	6.43318144915861	41.38582355779848	1448981.623443151	894.7178475516183	-2.1216772170294007	800520.026727401	4.501514213261623	951.6802264162342	802.2461867419552	1.256465	24.255323	0.1013581058643188	0.0603469949004131	-0.0694554525	0.0158551991	-0.0980664331	0.1020716894	0.0404905428	0.0151793788	-0.1375613092	-0.083496964	-0.0259590614	-0.0641191629	0.0954741836	0.1987531516	0.0298948558	-0.0268663669	-0.0575077414	-0.0490148682	-0.0332686913	-0.0048469549	-0.1766849392	-0.065916566	0.0028500076	-0.0256383115	-0.0903314526	-0.1048079901	-0.0765110366	-0.0721745025	0.1431878848	0.1370569727	0.0651514157	-0.0311428062	0.0984291622	0.1325858997	0.0534596546	0.0147596848	0.0246759162	0.0004386341	0.066552505	-0.1132155216	-0.0824659239	-0.04083454	-0.0899155278	0.1450283578	0.005455582	-0.0060757997	-0.0856330361	0.0766819651	-0.0958658913	0.0279646496	0.1462242978	0.1881628561	-0.0278807032	-0.0407552528	-0.0420616157	0.1464787896	-0.0236431363	0.0108122535	0.1582563316	0.0176358646	-0.0897042236	-0.0121130391	0.0687255229	-0.1183540431	-0.1402131959	0.1130308413	0.0091721122	-0.0489075303	0.0471962259	-0.0880347015	-0.1256344264	-0.03098789	0.0040005469	-0.0104450848	0.1243922899	0.0202212471	-0.0937230013	-0.0323615595	0.0567176728	-0.1177331391	-0.0254832946	-0.0526017704	0.0349273831	-0.0809318469	-0.0896510575	-0.1609235371	-0.0560728768	0.0219135149	0.0095209289	-0.1078410747	-0.126197946	0.1254823523	0.1724715881	-0.1997855999	0.098091831	-0.0177653343	-0.0276529855	0.0603995779	0.0666853908	-0.1911924993	-0.0174824943	0.0646360586	-0.02577709	-0.0668896691	-0.0122177724	0.0310143835	0.0239720525	-0.0424155621	0.0049108856	-0.0376852276	0.1172407796	0.0838433825	0.0350428114	-0.0201956026	0.0038497871856861	-0.0146445512898908	0.0002144628824822	1.4820861375072903e-05	0.0993801714071622	-0.0011750185079364	1.3806684939933148e-06	0.0098764184689169	-0.0539175356374883	-0.0303715312995365	0.0029071006492198	0.0009224299134787	0.0026718851631678	0.0008283535102597	6.861695379595671e-07	7.138970325156222e-06	-0.0007120647540961	0.0002749434231232	7.559388591875791e-08	5.070362140259394e-07	0.0010739524303309	4.3161956099924826e-08	1.1533738226136467e-06	1.8629544543718368e-15	0.0	0.0	0.0	0.0	0.0	0.0	0.0	0.0	0.0	0.0
982.517593338897	0.1235447738713446	965340.821220458	0.0152633111509216	1201.700457220208	-2.036068537464189	4.145575089251562	1444083.988883257	894.3245879937404	-0.3932595578779683	799816.4686901735	0.1546530798623751	948.8368157584345	787.0046085255331	1.240419	23.945576	0.1194394094563797	0.0712747563562752	-0.1014770459	-0.0261526574	0.1283157261	-0.0659794611	0.0317719015	0.0093817795	0.0407563346	0.0110852343	-0.0070686403	0.1958193278	0.0439036694	0.0019303626	0.0836876489	0.1124758617	-0.0521718516	0.0942267015	-0.0749456574	-0.0635171403	-0.0534052362	0.0983843897	-0.120305888	-0.0491583406	0.0886785372	-0.033627846	0.0198380376	-0.1419828893	0.1250206254	-0.1010429863	0.1112757058	0.026178144	0.1437859734	0.1944127185	-0.0299143947	0.0429404695	0.1463667299	0.0179213777	0.1181291185	-0.0958731472	-0.1130496573	0.0341172395	-0.0291291202	0.0887376406	-0.1252778714	-0.0141755611	0.0837533569	0.1349587334	0.087768655	0.0850806044	-0.0170834286	0.0038215239	-0.0883442463	-0.0850072719	0.0633490339	-0.0838687592	0.0620497285	-0.1668742508	0.0311544499	0.0996217093	-0.0713795611	0.0582688189	0.1480195182	-0.0038039916	-0.0152775884	0.0909984508	-0.0868796119	-0.0473888892	0.0045192696	0.1518339878	-0.164002765	0.1583086465	0.050142543	-0.0761520663	0.1100777397	0.0327510716	-0.1202428269	-0.0306360679	0.0536358692	-0.1178184218	0.107179396	-0.1314993584	-0.1057202721	0.0444513834	-0.0813012509	-0.082645621	-0.0887564175	-0.02280538	-0.039071717	-0.1459670717	-0.1574594402	0.0087396242	0.0055251306	-0.2057571424	-0.0486843208	0.1077490958	0.0830641356	-0.0817953231	0.0335604818	-0.086441869	0.0916460731	0.0384562196	-0.0768321678	-0.0875496641	0.2240861622	0.146375889	-0.1080497574	0.1303915332	0.0372798346	0.0645003488	0.1157857731	0.0785907625	0.0251860523	-0.033413395	-0.0071310301204476	-0.0109808173061337	0.0001205783487106	5.085159057873091e-05	0.1345867955537443	0.0352066241465821	0.0012395063837986	0.0181136055374253	-0.0688390502544322	-0.0149215146169438	0.0047388148399322	0.0002226515984636	0.00373585256996	0.0010639674067922	1.132026642716119e-06	1.3956594424476738e-05	-0.0006731140758688	3.89506782273e-05	1.5171553343666623e-09	4.530825591327088e-07	0.001010261447616	-6.369098271490005e-05	1.020628192539176e-06	4.056541279189697e-09	0.0	0.0	0.0	0.0	0.0	0.0	0.0	0.0	0.0	0.0
983.7503311754848	1.2327378365878303	967764.714087876	1.519642573755244	1199.8782800125748	-1.8221772076331035	3.3203297760175747	1439707.886845935	896.2597885921629	1.935200598422512	803281.6086472685	3.745001356134847	951.4815214698576	793.0263572283532	1.335294	25.777081	0.233772860988726	0.1277175838922291	-0.0655814838	0.0548488084	-0.1098061943	-0.0867504991	0.0241510366	-0.0964639016	0.0477481283	0.0645341371	-0.2158837127	-0.1154589402	0.0603359057	0.0695175719	0.0444339806	0.0658261355	-0.0275320294	0.0179088786	0.0092707681	-0.139033484	0.0754965846	0.0508973397	0.0345427232	0.0455406615	-0.000233952	-0.1157412401	-0.1501593731	0.3321862791	0.2040838435	-0.2406092133	-0.0347172079	-0.0071916161	-0.0310170843	-0.0921198037	0.0465932001	-0.0086405347	-0.0993000541	-0.2346410453	-0.0358786427	-0.1165520423	-0.010644561	0.1170804233	0.1178511368	-0.0068333608	0.0036297319	0.0028760842	0.0266760304	0.0372278521	-0.1208271342	-0.0023003766	-0.0871368705	0.0592687079	0.0412347364	-0.0210886384	-0.0343963863	0.0337225833	0.1051214777	0.0065167817	-0.0183107376	-0.0083472102	-0.2222678775	0.0190078304	-0.1881127257	-0.0150120331	-0.013361592	0.1028467636	-0.2560180126	0.1053114595	-0.170106544	-0.0454218292	0.031570706	-0.1149179344	-0.123370515	-0.094187245	-0.1288547918	-0.120889752	0.1312084802	0.3314759881	0.1415806842	0.0936824438	-0.0707969814	-0.0304749494	-0.0757752218	-0.0675472942	-0.1289711019	0.0106662461	-0.0638090786	0.0662910521	0.0171888033	-0.1931819784	-0.0359375007	0.0591829959	-0.0453824921	-0.0593270583	0.0230562453	-0.1495442667	-0.1289976305	0.0407066022	0.0381685465	-0.0821364245	0.1642674434	0.1067777126	0.0886618389	-0.08484429	0.0176991353	-0.0374514344	-0.005190868	0.179886305	0.0166665529	0.0775898825	0.1142514127	0.0731227308	0.0151740128	-0.0462651033	-0.0011999826140964	0.0059310475063512	3.517732452259478e-05	1.4399582741336298e-06	0.0405290002359493	-0.094057795317795	0.0088468688600442	0.0016425998601255	-0.139848409981802	-0.0710093597273698	0.0195575777744381	0.005042329168891	0.0029931787362491	-0.0007426738337109	5.51564423278846e-07	8.959118947133759e-06	-0.0006031519375064	6.996213836240001e-05	4.894700804239602e-09	3.6379225971772425e-07	0.0005674042509451	-0.0004428571966709	3.2194758399057e-07	1.961224966432082e-07	0.0	0.0	0.0	0.0	0.0	0.0	0.0	0.0	0.0	0.0
984.1985209208128	0.4481897453280226	968646.7285827156	0.2008740478171977	1203.8752442451373	3.996964232562505	15.975723076383971	1449315.603706289	895.9944301628918	-0.265358429271032	802806.0188829253	0.0704150959851893	952.581592052489	787.6808371086643	1.226082	23.668808	0.1325211353043484	0.0787609714917971	-0.0232363234	0.0620814866	0.0404185048	-0.0538744717	0.1504425477	0.0432430496	0.0103700206	-0.0985252562	-0.1160839183	-0.009232536	0.0168365093	-0.1404564633	0.11807568	0.0613648518	-0.159912235	-0.103103513	-0.0656085784	-0.0870762642	0.0568805941	-0.0848875341	0.0430703717	0.0174327289	-0.0880867346	0.0440010334	0.177978924	0.1461818711	0.0574634544	0.1238188668	0.1053633046	0.201714148	0.0304780249	0.0705097931	-0.0891787234	0.095427313	-0.2635347694	0.0688016282	-0.1793705521	0.1266419141	-0.0289661425	0.2030317858	0.084848587	0.0415058059	-0.0100439422	0.0207875459	0.071579149	0.1693709767	-0.1491748971	0.0522285567	0.0942027378	0.0042739513	-0.0215236676	0.0770554689	0.0670269729	0.0964920197	-0.0005583117	-0.0204190352	-0.1654222798	-0.0404593952	0.039999482	0.026897775	0.0803570757	-0.0278710896	0.1019442913	0.1327648281	-0.1330348847	0.0498028431	0.1740607109	-0.1214676409	0.1560603793	-0.1744324611	0.1341962421	-0.0880947554	-0.0295421874	-0.0468067854	-0.0079857364	0.1431417771	-0.2147538089	0.1560562614	0.0664392088	-0.2278111632	0.0887128612	0.000554357	-0.0745435591	0.1028970272	-0.0060474631	0.0139018651	0.0720273333	-0.0869705105	0.0401386656	-0.0167073052	0.0286741034	0.0344407797	-0.0970559386	-0.0267182767	-0.0640141051	-0.0363982596	-0.0225638401	-0.1209679441	0.14936661	0.1714624753	-0.0482879713	-0.0195420382	-0.1312398702	0.1432622088	-0.1311690578	0.0162513851	0.1387217659	0.0314626933	0.1126387502	0.0674542747	0.0050684204	-0.0586099215	-0.0064941639259785	-0.0052941813118821	2.802835576308168e-05	4.2174165097480486e-05	0.0399133016177444	-0.0006156986182048	3.790847884594169e-07	0.001593071646029	-0.0997903284484706	0.0400580815333314	0.0099581096518536	0.001604649896131	0.0018260303026089	-0.0011671484336402	1.3622354661487722e-06	3.3343866660459506e-06	-0.0001009252859462	0.0005022266515602	2.5223160953737056e-07	1.0185913343322234e-08	0.0006290926425633	6.168839161820006e-05	3.95757552927276e-07	3.805457660440416e-09	0.0	0.0	0.0	0.0	0.0	0.0	0.0	0.0	0.0	0.0
981.8743541979997	-2.3241667228131746	964077.2474317388	5.401750955432132	1203.631311076961	-0.2439331681762269	0.0595033905364913	1448728.3330048444	894.7035180006956	-1.290912162196264	800494.385122821	1.6664542105062334	951.2958761639608	781.8166768344025	1.24373	24.009487	0.3635168560438473	0.2089912771351798	0.0841575109	-0.0092425748	0.0233089321	0.0446049587	0.176794418	0.0699924051	-0.0572199239	0.0295174242	0.0480138543	-0.1517723871	-0.0316670733	-0.0643766036	0.0463623696	0.1868463027	-0.0510349352	0.0968565039	-0.1137201438	0.1597265122	0.0134658485	-0.1667495857	0.0539044287	-0.1054902983	-0.1007040713	-0.0394604431	0.0273817164	0.0881880062	-0.0330338786	-0.1236891399	0.082213027	0.0050656959	-0.0582362257	-0.0487565962	0.0504294646	-0.0260577409	-0.1637552153	0.0343945372	0.0494609813	0.1724675462	0.047487841	0.0801485653	0.0921064563	0.0361776575	-0.1318504318	-0.02660489	0.0031263845	0.0592717086	0.1326503356	-0.0434083513	-0.1358428614	-0.0395506596	0.1154458224	0.0726360846	0.0433387327	0.1051039071	-0.1666880577	0.1553098463	-0.0184971221	0.0503507249	0.0479551611	0.109739812	-0.0032508159	0.1155829858	0.0342615093	0.0125957494	-0.0769817454	-0.0597635631	0.0543093732	0.0361226378	-0.0215306577	0.0142855419	-0.0326372056	0.0233064453	-0.0127349584	0.0032913662	0.0081151672	0.0658239558	-0.0611896366	0.1899642637	0.0149156268	0.0001087888	-0.001400195	0.036749313	0.0673333226	0.104070467	0.0829768695	-0.1034940535	0.1346517493	0.0243875523	0.1698559696	-0.1479039326	0.0450079014	0.0769731223	0.1593531755	0.0700263015	0.0121300286	0.043552541	-0.0309905314	0.0827716846	-0.0060325347	-0.0538594498	0.0509606426	0.0198728524	-0.0165005285	0.2091162164	-0.0500785759	-0.0608938144	0.1100469874	0.0335176387	0.1109488906	0.0616009311	-0.0050684204	-0.0703125971	0.0029507265284109	0.0094448904543894	8.920595569541602e-05	8.706787045467841e-06	0.0018651578388215	-0.0380481437789229	0.0014476612450215	3.4788137637172884e-06	0.0240890335309416	0.1238793619794122	0.0005802815364548	0.0153460963244262	-0.0009379986364387	-0.0027640289390476	7.639855975892601e-06	8.798414419608605e-07	0.0003430029079549	0.0004439281939011	1.9707224134029266e-07	1.176509948655176e-07	-5.839421110457482e-06	-0.0006349320636737	3.409883890525649e-11	4.0313872548101643e-07	0.0	0.0	0.0	0.0	0.0	0.0	0.0	0.0	0.0	0.0
981.4742679371016	-0.4000862608980924	963291.7386226694	0.1600690161594164	1200.6802957613174	-2.9510153156436445	8.708491393163358	1441633.172629485	894.9365876318258	0.2330696311302063	800911.4958820966	0.0543214529551704	948.9348187751476	774.8568653363616	1.046364	20.19945	0.1397970180139751	0.0761678006797217	0.0787568666	-0.1123078257	0.1333604339	0.0311943499	0.117830586	0.0740735872	0.0752484646	0.0525227641	0.0950098058	0.0096652441	-0.0562361385	-0.0398853027	-0.0215360711	0.0495979824	-0.1467798293	-0.0136259809	-0.1714334284	0.0708520747	0.1000288958	0.0066184183	-0.0064550953	-0.0219751043	-0.0029026222	0.0164192918	0.1421524192	-0.141074313	0.0515968603	-0.0703202759	0.1049584232	-0.0819532913	0.0313217233	0.0197736289	-0.145634225	-0.1155475328	-0.062863477	-0.1748425001	-0.0569671458	0.0442789964	0.0097140694	0.0007876257	0.1087793666	0.1455667135	0.0074295989	0.0161568203	-0.1596886643	-0.1287460326	0.1052068177	-0.0642763355	-0.0350355965	-0.0671296089	0.0130329508	-0.0730500888	0.1480145616	-0.0621242849	-0.0675804982	0.0903738461	-0.0624790489	0.0755142013	0.0085580249	-0.002520174	0.0487716862	0.0477625859	0.0079001784	0.0043640173	-0.0146932811	-0.0718283196	0.0724963651	0.0491373975	0.0204076046	0.1136767134	0.0072485155	0.0803317673	0.0853898718	0.131079003	0.0333074577	0.1454908717	-0.0865127245	0.0518513545	0.0232284276	0.2289033001	-0.0045682887	0.0465678816	0.1108330635	-0.046269552	0.0832392692	-0.1057619824	0.1411851571	0.023794254	0.2118932958	-0.1304121925	-0.025068837	-0.0362063032	-0.0204103632	0.1007523866	-0.0101590258	-0.0180673363	0.0277879405	0.0330544568	0.0537892118	-0.0993656314	-0.0349667052	0.0661887324	-0.078186561	-0.0220336318	-0.0258869253	0.1157476221	-0.061993876	0.1095283732	0.1091829923	0.0555787436	-0.0151740128	-0.0812449131	-0.0019329281121969	-0.0048836546406078	2.3850082648730094e-05	3.736211086921072e-06	0.0121923200572666	0.0103271622184451	0.000106650279486	0.0001486526683788	-0.0474894159221435	-0.0715784494530851	0.0022552446246263	0.0051234744261078	-0.0013289563846128	-0.0003909577481741	1.5284796085736297e-07	1.7661250722031244e-06	0.000184843686638	-0.0001581592213168	2.5014339287568146e-08	3.4167188489927143e-08	-0.0005168774856562	-0.0005110380645457	2.671623351782753e-07	2.6115990341465853e-07	0.0	0.0	0.0	0.0	0.0	0.0	0.0	0.0	0.0	0.0
982.9980743883052	1.5238064512036544	966285.214251116	2.3219861007298754	1201.180989304634	0.5006935433166291	0.2506940243189611	1442835.7690668595	894.799885372691	-0.1367022591347222	800666.834862981	0.0186875076525367	948.4089877721294	785.8629273551784	0.974567	18.813452	0.0558754207437477	0.0279371255615437	0.1122600734	-0.127652946	-0.0400104671	0.003266914	0.0747413131	-0.0141350808	0.1269420458	0.0427563574	0.0511203038	-0.1162280262	-0.0619222411	-0.0487622797	-0.0508236948	0.090523697	-0.027500688	0.1229368772	-0.1096821301	0.1091363601	0.0849732631	0.0365205482	0.1107492824	-0.077942017	-0.0066107311	0.058782892	0.1056784991	0.027123008	-0.1531238052	-0.2564584755	0.020084788	0.0218403885	-0.0768237071	0.1067223164	0.0600384232	-0.1232197404	-0.0415937326	-0.0986247697	-0.1641346415	0.1429163879	-0.0714818183	0.0807998835	-0.0961336841	0.0719375373	-0.0150471097	-0.1691277568	-0.0694345518	0.0735574833	0.0065048612	0.0437365727	0.2352828046	-0.0504537199	0.0893690938	-0.0611056299	0.0963077411	-0.0969038521	-0.100772893	0.1586355677	-0.0185452039	-0.0212257031	-0.036332578	0.0999235133	-0.0804462755	0.1458398556	-0.0481182163	-0.0036703071	0.0018756132	-0.0023166906	-0.0195151552	0.225970045	0.1462043681	0.0209550567	-0.1033437581	0.0624919746	-0.0190363821	0.0243714461	0.0554976614	-0.0077557174	-0.0253014101	0.0945903506	-0.0247153083	0.0177749925	-0.0685535775	-0.0910056423	0.0491211975	-0.2123114128	0.0985473108	-0.1333751745	0.1441739021	0.1106962847	0.1756543463	-0.1735855955	0.0273758714	-0.0070860807	0.1094556299	0.0022594029	-0.0385325208	0.0150064219	-0.0604245382	0.1239456847	0.0293061531	-0.1126137933	0.0735387117	-0.0385450275	0.0570651846	-0.0140028046	-0.0923545367	0.1057169822	-0.0414066599	0.0604637113	0.1073422654	0.0494042187	-0.0251860523	-0.0912870929	-0.0035815203595745	-0.0016485922473776	2.7178563981135256e-06	1.2827288086046656e-05	0.0253167674541572	0.0131244473968905	0.0001722511194737	0.0006409387143278	-0.0529813776393481	-0.0054919617172045	0.0028070263765632	3.0161643503240875e-05	-0.0017280347019684	-0.0003990783173555	1.592635033833769e-07	2.9861039312070166e-06	-0.0001280530322087	-0.0003128967188467	9.790435666503085e-08	1.6397579057842362e-08	-0.0005171108370994	-2.333514431999365e-07	2.674036178456422e-07	5.4452896043493196e-14	0.0	0.0	0.0	0.0	0.0	0.0	0.0	0.0	0.0	0.0
985.072345246004	2.0742708576988207	970367.5253684624	4.302599591098601	1197.8306237312213	-3.3503655734127733	11.2249494755095	1434798.2031483266	897.2534900925915	2.4536047199004543	805063.8254833362	6.020176121517786	950.0303208041374	792.0385466220716	1.039918	20.075018	0.0810910398882453	0.0440473015637465	0.1100183825	-0.2152197072	0.0010563701	0.0912047968	0.0454169274	0.0270968217	0.1575097487	0.0979755081	0.12390859	-0.0393435267	-0.0274974456	0.0079656927	-0.1720289487	0.015080041	-0.0893853984	-0.0503478922	-0.0277199211	0.1020179979	0.1100411261	0.1022807254	0.1604768431	0.1968264897	-0.1411630111	0.0681720052	0.0911181885	-0.1141901942	0.0823323352	0.0057292145	0.0314346236	0.0121919393	-0.0944115566	-0.10989969	-0.0196761233	-0.0147994133	-0.040585655	0.1105873747	-0.0972442511	-0.1323458028	0.090790952	-0.0007225877	0.045221885	-0.0445867087	0.1160569739	0.0980903965	0.1298190412	0.0162788712	-0.1326266236	-0.0014744642	-0.1640263151	-0.0698695624	0.1203065064	0.0426167205	0.0800046555	-0.1496081031	-0.0381103582	0.1524805377	-0.006281423	-0.1356326603	0.0885923253	-0.1967257412	0.0687494591	-0.0351151977	0.0322292744	-0.0624745553	-0.0106417549	-0.0467382972	0.0418142542	0.0582150543	0.0304617547	0.0369303628	-0.0606293097	0.0910427215	-0.0227143859	0.0552783157	0.2123674554	-0.0089565216	-0.119034205	0.0544665095	0.0633437075	-0.0791669094	0.0492271925	-0.0446043344	-0.0476382269	0.041586477	0.1080995681	-0.1332495205	0.1429680728	0.2070731231	0.1463601351	-0.1543201729	0.0339829617	0.0149562536	-0.0335674585	0.0361249642	-0.0025575536	0.064008866	0.130979228	0.009901747	0.0261136649	-0.020612212	-0.0958594148	-0.0790519814	-0.1060909538	-0.0916240755	-0.0283080231	0.1416334683	-0.1197532087	0.0458626941	0.1054279714	0.0430942802	-0.0350428114	-0.1003291122	-0.0099197328460434	-0.0063382124864689	4.017293752363029e-05	9.840109973687232e-05	0.0156123858893124	-0.0097043815648448	9.41750215560996e-05	0.0002437465931568	-0.0861621932280698	-0.0331808155887217	0.0074239235418712	0.0011009665231327	-0.0014489565296725	0.0002790781722958	7.788462625201998e-08	2.0994750248805746e-06	0.0001444369402945	0.0002724899725032	7.425078511479469e-08	2.0862029721636957e-08	-0.0006028952972645	-8.578446016510003e-05	3.6348273946364985e-07	7.358973605817633e-09	0.0	0.0	0.0	0.0	0.0	0.0	0.0	0.0	0.0	0.0
985.5870627250632	0.5147174790591862	971381.8582110176	0.2649340832490438	1201.2049054707566	3.374281739535263	11.385777257761122	1442893.224927009	897.5575182107171	0.3040281181256432	805609.4984965818	0.09243309661102	952.834985991573	797.3373987794466	1.115913	21.542051	0.1237409084985545	0.0752712212100647	0.1110407262	-0.170980766	-0.1092832703	0.0208788838	-0.0055083337	-0.0032325465	-0.0398444264	-0.0972745004	0.1692328148	-0.0465039294	-0.0140546488	-0.1486478409	-0.1139391571	-0.0213684132	-0.0033660348	0.0730858942	0.0103566653	0.118122697	-0.0036465219	-0.1091264257	-0.0606190713	0.1688897709	0.1037387261	0.0322703331	0.0579557933	0.0679863352	-0.2147428828	-0.1625124761	0.0693413378	0.0122520693	-0.0786786866	-0.034086844	0.0452224851	-0.0507030695	-0.0958897866	0.1373276593	0.0211751158	0.0614278269	0.0392882719	-0.1467775677	-0.1011675499	0.2141282419	0.0109134703	-0.0408563704	0.0227455188	0.0311305536	-0.0003897529	-0.0274827752	-0.1852198294	-0.0430023978	-0.0049930944	-0.0096848376	-0.0271627934	0.035895977	-0.1909325642	0.0025629623	-0.0534142566	-0.0700706788	0.168846252	-0.0774941695	-0.0555027544	0.1776380558	0.0256945531	-0.0979032223	0.0068245549	0.0828260558	-0.0505804457	0.0357573222	-0.1024758644	0.0860044538	0.0062543327	-0.0526534358	-0.0012027074	-0.1004317109	0.0611357814	-0.0719610467	-0.0525984408	0.0487876434	0.0072697691	0.1775111377	0.203420024	0.0333670708	-0.006349619	-0.1334807793	0.1049433055	-0.112396743	0.0778148511	0.1671181198	0.0732584164	-0.1140908699	-0.0253901714	0.0023903127	0.0371796683	0.0022152815	0.0038873469	0.0229710457	-0.119186144	0.1085101698	0.0699664982	0.0433595886	-0.0207675507	-0.1816538923	0.1030931437	-0.0773149822	-0.001425901	-0.0181269569	-0.1274087257	-0.1047157493	0.1034414224	0.0366662233	-0.0446835199	-0.1082719048	-0.01718207117176	-0.0072623383257165	5.274155795717216e-05	0.0002952235697514	-0.0038672457807535	-0.0194796316700659	0.0003794560500014	1.495558992875575e-05	-0.1128492416069519	-0.026687048378882	0.0127349513312642	0.0007121985511767	-0.0001819234530471	0.0012670330766254	1.6053728172628266e-06	3.3096142768580405e-08	0.0002355590193492	9.11220790547e-05	8.303233291250997e-09	5.548805159675677e-08	-0.0006509779440622	-4.80826467977e-05	4.237722836554488e-07	2.3119409230723702e-09	0.0	0.0	0.0	0.0	0.0	0.0	0.0	0.0	0.0	0.0
985.54132098736	-0.0457417377032243	971291.6953735106	0.0020923065681105	1203.1234149671582	1.918509496401612	3.680678687783165	1447505.951642237	896.8575928492576	-0.6999253614595773	804353.5418513647	0.4898955116143199	951.4125194891028	799.7636199041044	1.115658	21.537125	0.1132032779396054	0.0579211394286588	0.104728899	-0.1601924653	-0.0448410375	0.1024799389	0.0185117282	0.0091983532	-0.030526761	0.0909235093	0.0635527932	0.0261021434	0.0137615538	0.1000704779	-0.1302078913	0.0763465795	-0.0028390723	-0.0914132091	0.0046865215	0.1485326252	0.0734560212	0.0860429241	0.0850766695	0.1411311316	-0.0924778222	-0.176224221	0.0224135643	0.011649498	-0.0280849035	0.1493947757	-0.0158964009	-0.058938163	-0.0142378715	0.043241795	-0.1348050668	-0.0253326399	0.0227052047	-0.0382869832	0.0896423391	-0.0881368323	0.0536311387	-0.0147785237	-0.0963986391	0.108095851	0.0523671093	-0.0541601409	0.0031944046	-0.0702899427	-0.1313129307	-0.0646183059	-0.0709707205	0.0555115974	0.0300988923	0.1156139385	-0.0052161975	-0.0354738952	-0.0439364215	0.1917598135	0.0370094397	-0.0091967015	-0.0790774793	-0.224850587	0.100816056	-0.0223591948	0.0109945744	-0.0283977416	0.0368399284	-0.0031789311	-0.1232492455	-0.0114498583	0.0406768991	-0.052902625	-0.0838057354	-0.0171586376	0.0630219289	0.0018920776	-0.0660760227	-0.008988163	-0.07594846	-0.0317685942	0.0984403491	0.0760501763	0.1048346094	-0.0230988406	-0.0002407044	-0.0743026592	0.0930709393	-0.0793766527	0.0852014783	0.1138342117	0.0834234732	-0.0125702523	-0.002548527	-0.0302863566	-0.0876675078	0.0008540695	-0.0811293607	0.1524899879	0.1057235978	-0.1206420073	0.0001715651	-0.000838749	0.0603153101	-0.0965342757	-0.0564715834	-0.0771756403	0.0461484057	0.0453778627	-0.0104055357	-0.1656744458	0.1013839798	0.0301376669	-0.0540487397	-0.1150284477	-0.0265307936812604	-0.0093487225095004	8.739861255963947e-05	0.0007038830133576	-0.0040019047808215	-0.0001346590000679	1.813304629931361e-08	1.6015241874761978e-05	-0.1415820105291274	-0.0287327689221754	0.0200454657054699	0.0008255720099351	0.0003640064158338	0.0005459298688809	2.980394217363168e-07	1.3250067076816933e-07	0.0005609957915755	0.0003254367722263	1.0590909271707272e-07	3.147162781654219e-07	-2.260203501216896e-05	0.00062837590905	5.108519866913115e-10	3.948562830744529e-07	0.0	0.0	0.0	0.0	0.0	0.0	0.0	0.0	0.0	0.0
986.7945279892406	1.2532070018805823	973763.440469508	1.5705277895625185	1207.0880823004736	3.964667333315447	15.718587063858616	1457061.638431835	896.7846873028678	-0.0729055463897339	804222.7753809025	0.0053152186943856	951.9639865065476	794.3846020284853	1.199282	23.151436	0.1336856390805721	0.0870378150876935	0.0301784798	-0.1231286168	-0.0631683892	-0.010388949	-0.0329823588	0.0127059642	-0.0565922538	-0.192026468	0.1119403126	0.0344150178	-0.0652453587	-0.0412644877	0.1364691655	-0.0523082981	0.0357580679	0.0181546706	0.0034403102	-0.0170111011	0.0639385062	-0.0731055632	0.0188423059	0.0125966942	-0.0408128367	0.1965350808	0.0908573613	0.0716323429	-0.0703623147	0.2050385882	-0.0001422979	-0.0612272072	0.0113315256	-0.0833028258	-0.0738339963	0.0130145152	-0.0032002394	-0.0855314488	0.0974624856	0.0045451616	0.13533508	-0.0285562239	-0.1319506981	0.0208594979	-0.0671213619	0.0685619008	-0.0031551547	0.0039529348	0.1078770249	-0.0610833169	0.1862820853	0.026432081	-0.0453479821	-0.2256890806	0.0414898341	-0.0310527772	-0.0434412933	-0.0209278239	-0.1037964206	-0.0119691182	0.1394511555	0.0167650258	0.0640279907	-0.1147531498	-0.1585240545	0.0964334305	0.10106913	0.1269134121	-0.0186954781	-0.1526789988	0.0744778697	-0.054608288	0.0384618148	0.0260898677	-0.0329175135	-0.0265750197	-0.1626450027	-0.0746239949	-0.1101028678	0.0151829184	-0.0528507911	0.0617808444	2.3764e-05	0.169532999	-0.0500078439	-0.158633582	0.043638378	-0.0342134709	0.0113414183	0.0326426509	-0.0071806944	-0.0036022469	0.0485609929	-0.0872050178	-0.0424622036	-0.108984312	-0.0863551921	-0.0250730933	-0.1258980168	-0.0805528731	0.1317934907	0.2357865448	0.0056481834	-0.049870261	-0.0674530714	-0.1474229843	0.0101464931	-0.0383865266	-0.1293353251	0.022201373	0.0992570537	0.0235265052	-0.063080731	-0.1205247148	-0.0226738658916758	0.0038569277895845	1.487589197406994e-05	0.0005141041944736	0.0038285206636032	0.0078304254444247	6.131556264069377e-05	1.4657570471636686e-05	-0.1793157304166968	-0.0377337198875694	0.0321541311748734	0.0014238336165535	0.0017319227383472	0.0013679163225134	1.871195065398584e-06	2.9995563716040635e-06	0.0005617548321628	7.590405872999299e-07	5.761426131686225e-13	3.155684914582556e-07	0.000294013921067	0.0003166159560791	8.64441857811921e-08	1.0024566364392627e-07	0.0	0.0	0.0	0.0	0.0	0.0	0.0	0.0	0.0	0.0
985.030429168913	-1.7640988203276038	970284.9463886928	3.112044647881244	1200.2934006991452	-6.794681601328421	46.16769806343095	1440704.2477619187	896.003164066291	-0.7815232365768452	802821.6700168048	0.6107785693095475	951.1241583080244	807.6773287956029	1.144242	22.088932	0.1527447403684443	0.0692799248135427	0.0233707955	-0.0481026375	-0.0825273336	0.0094580365	0.048833761	-0.0282402226	-0.0407259996	0.0139415224	-0.0512157293	-0.0012963154	-0.0614073522	0.1711232516	-0.0094113161	0.1028457166	0.0395935319	-0.0716644696	-0.0752654752	-0.0109397471	0.0557361537	-0.000898427	0.0419697116	-0.0219072556	0.0615931477	-0.1375988422	-0.0489485896	0.0214873041	-0.0128419607	0.1686578654	-0.1416387013	-0.033856203	-0.0909025594	0.0675482135	0.2027911522	0.1844687154	0.0464494393	-0.0559927172	0.0093461995	-0.0805341631	-0.0700343177	0.1296282836	-0.008393869	-0.0748412334	-0.0484463359	-0.0178353872	-0.1627994581	-0.0192389281	0.0513325012	0.102257023	0.1309868814	0.0199879492	0.0136229417	0.0641363603	-0.0031281486	0.004068042	-0.0171607493	0.0664814818	-0.0122358578	0.066954348	-0.2163375567	0.0068336536	0.0155283872	-0.044866977	-0.1337354474	-0.0376018076	0.0480945591	0.0477016132	-0.0973579992	-0.1120521975	-0.0961626313	-0.148757032	-0.0885480459	0.0622543468	0.1268115681	-0.0810839267	0.0166725607	-0.0850660606	0.0641117249	-0.101845664	0.0075070006	-0.0761537276	-0.0798812645	0.0419726216	0.1505260262	-0.0056302303	0.0230911532	0.0152188244	0.027470223	-0.0739414632	0.0243247151	0.064366701	-0.0145259038	-0.0496080245	-0.1482693577	-0.0266824748	-0.1660879537	0.1279057038	-0.0169189228	-0.1570392222	0.0686501717	0.0728956778	0.1530477245	-0.0622496297	0.0039420054	-0.0288418278	0.0745504176	0.0033272673	-0.0331405079	-0.0912809654	0.0970621018	0.016850859	-0.0717238087	-0.124700488	-0.0134226154653873	0.0092512504262885	8.558563444990315e-05	0.0001801666059316	-0.0246974047128247	-0.0285259253764279	0.0008137284185815	0.000609961799549	-0.2076442800423947	-0.0283285496256979	0.0431161470343244	0.0008025067238956	0.0026894661120851	0.0009575433737379	9.1688931258936e-07	7.233227968054144e-06	0.0001198441936807	-0.0004419106384821	1.952850124036573e-07	1.4362630758977136e-08	0.0006273402076476	0.0003333262865805	3.935557361313338e-07	1.1110641332561225e-07	0.0	0.0	0.0	0.0	0.0	0.0	0.0	0.0	0.0	0.0
984.72238296077	-0.3080462081429687	969678.1715039372	0.0948924663512611	1205.7453672853237	5.451966586178514	29.723939656807	1453821.89073002	896.214192013316	0.2110279470250589	803199.8779660809	0.044532794425611	952.8772369540866	790.3240147946087	1.152319	22.244848	0.0264497243266467	0.0135842449200974	0.005570593	-0.0004377198	-0.0331220953	-0.0740249948	0.0485041208	-0.0158924415	-0.071350898	-0.1030471511	-0.0010147464	0.0597212734	-0.0226869269	-0.1064257519	0.1559459078	0.0875466856	0.0395721416	-0.0268371269	-0.0086072824	-0.0599109068	0.0206934407	-0.1986632749	0.0454831683	-0.0972599227	0.0592480664	0.1084915932	0.0193738504	0.0180790006	0.1445191818	0.1159136263	-0.0452529845	-0.0095334762	-0.0699574881	-0.018858557	-0.0698358623	0.135753838	-0.0571678943	0.0760631533	0.1363742077	-0.0743716231	-0.0941282906	-0.0976794849	-0.1058225047	-0.1648873324	0.1333680609	-0.132137465	-0.0645535735	0.1485654947	-0.0021199322	-0.1936085656	-0.0524053953	-0.1054666508	0.1637296761	0.0547237781	0.022830901	0.0712057625	-0.0337705251	-0.0501531837	-0.1478809177	-0.0708397222	0.0835673833	0.175369008	0.1528414615	-0.1393990476	-0.0121949986	0.0978061643	-0.0283890167	-0.0796203846	-0.0360422894	-0.1375519428	-0.040410229	-0.0365063369	-0.0578586951	-0.015281364	-0.0204675878	-0.0366255064	-0.1052457756	-0.1094252386	0.0547776495	0.0692034884	-0.0780007267	-0.0978413377	0.0369853845	-0.041050303	0.0894368115	-0.1300810104	0.0150213806	0.0028502677	0.013959522	-0.1148995062	0.0277709549	0.0127271195	-0.0255369091	-0.0187422196	0.0399671967	-0.1161220963	-0.1332918128	-0.0200707334	-0.0555225738	-0.0349692136	0.1354445889	0.266223717	-0.0126591138	0.0512262033	-0.11643656	0.0354086412	0.0697605334	-0.0469404462	-0.0278665588	0.0312823741	0.0948006283	0.0101290257	-0.0799246852	-0.1275100165	-0.0238069933423332	-0.0103843778769458	0.0001078353038912	0.0005667729320018	-0.0234378886471375	0.0012595160656872	1.5863807197241655e-06	0.0005493346242356	-0.202437232265531	0.0052070477768637	0.0409808330073285	2.711334655054125e-05	0.0026384544746133	-5.101163747179985e-05	2.602187157554335e-09	6.961442014606946e-06	0.0001837265287389	6.388233505819999e-05	4.0809527324881275e-09	3.3755437362445845e-08	0.0005502585280346	-7.7081679613e-05	3.027844476748047e-07	5.941585331961179e-09	0.0	0.0	0.0	0.0	0.0	0.0	0.0	0.0	0.0	0.0
984.8697743128636	0.1473913520935639	969968.4723550708	0.0217242106719689	1202.84390812704	-2.9014591582836147	8.418465247187862	1446833.4673183314	896.4409238763972	0.2267318630811132	803606.3300003685	0.0514073377362326	952.5576988864128	801.1671387093252	1.240705	23.95109	0.1004374248520751	0.0540912537010463	-0.0220949001	0.0100208496	-0.0157214471	0.1222153797	0.0279096598	0.0859313287	-0.0604203532	0.0861219541	-0.0753073143	-0.0976647164	-0.0764172353	0.1304627348	0.0975949951	0.0712426293	0.0537104289	0.0161787077	-0.1013264355	-0.0164025863	-0.0016837935	-0.1838817403	-0.0762882552	-0.0120352392	-0.089136298	-0.1137716095	0.0569060318	-0.0281156746	-0.0673636329	-0.0501400092	0.0812054317	-0.1176271363	0.0053060278	0.1460938358	0.0301614545	0.0547630342	0.1289587755	-0.121592039	-0.0910646002	-0.0246859343	-0.0997169257	-0.1159292685	-0.0209464044	-0.0967116535	-0.030933913	0.1245619145	0.0831432204	-0.0232261897	0.0591087981	0.0839195489	-0.0631631967	0.1429675762	0.0224155505	0.0840478405	0.0309793917	0.1276123077	-0.066905361	0.0198566991	-0.0333992224	0.1337446159	-0.0940146128	0.0015070942	-0.0710516102	0.0803850696	-0.0625125442	-0.0992713749	-0.0975818477	-0.1308732451	-0.0138791432	-0.0928731464	0.0931310162	0.0684925456	-0.128586374	0.10251671	0.1497104924	0.0665681996	-0.1217821376	-0.0594024036	0.0585607698	-0.1398743483	0.0350263817	-0.0443358659	0.0134856721	-0.0563551184	-0.0044298592	0.0947323498	-0.0143612916	0.0065134879	-0.001636445	-0.1129029106	-0.0109808907	0.1064511949	0.1130076101	0.0145258177	0.0290832372	0.0988587373	-0.017545122	0.0199901887	-0.0784007782	-0.0327962883	0.1622628665	0.0051821935	0.1359547331	0.021481928	0.0984167817	-0.1430775582	-0.0038944225	0.07027941	0.0985309072	-0.0741931201	0.0924741833	0.0033794295	-0.0876327994	-0.1289225186	-0.0348834352265043	-0.0110764418841711	0.0001226875648134	0.0012168540532017	0.0037324562044176	0.0271703448515551	0.0007382276393524	1.3931229317895437e-05	-0.1995004926451571	0.0029367396203739	0.0398004465656603	8.624439597873913e-06	0.0033900770494784	0.000751622574865	5.649364950468427e-07	1.1492622401400177e-05	-0.0002480649017715	-0.0004317914305104	1.864438394622176e-07	6.153619549090396e-08	0.0005519224925786	1.6639645440000642e-06	3.046184378141748e-07	2.7687780036893413e-12	0.0	0.0	0.0	0.0	0.0	0.0	0.0	0.0	0.0	0.0
983.4761385635696	-1.393635749293935	967225.3151239096	1.942220601710068	1202.4967268852338	-0.3471812418063109	0.1205348146621721	1445998.3781697005	897.0569160729955	0.6159921965983131	804711.1106743932	0.3794463862700147	953.0688658224044	799.1114215502456	1.222251	23.594845	0.0546757603569608	0.0396656816308344	-0.0551547411	0.0270632819	-0.0172468576	-0.0293154708	0.0697074551	0.0449555043	-0.008364941	-0.0686651581	-0.1151973491	0.1115383273	0.0626925661	-0.0721163758	0.025074437	0.1124261901	-0.0067392918	-0.1163936114	0.002252348	-0.0278566513	-0.0391650518	-0.1469956226	0.1398276584	0.0221309065	0.0360584778	-0.0745485258	0.0383544723	-0.0378663011	0.1604287287	-0.0334042715	-0.0717457306	0.0475742502	-0.1198933724	0.0405299651	-0.1441001135	0.0486522902	0.0577895062	0.1905740965	0.10161088	0.1492820872	-0.0297926685	0.0048084446	0.1076223441	-0.0141091339	0.0524335563	0.0612601297	0.1010645087	-0.0713776271	-0.0021495413	0.2227905753	-0.0750724495	-0.1073330067	-0.252775432	-0.124353078	0.0095550857	0.096614958	-0.0186498336	-0.0501905348	-0.1030736434	-0.1258112912	-0.06345872	0.0252760811	0.1726824261	-0.0508905806	0.1051549056	-0.0111099349	0.0013959055	-0.0814071482	0.0809440331	-0.1054904101	-0.0046696656	0.0507950649	-0.0568096842	-0.1376205046	-0.0485053675	0.001471604	-0.0194569974	0.1241769883	-0.097941956	-0.0998002411	-0.0519374641	-0.0733283282	-0.1153266128	-0.0845825652	0.1434795378	0.1034439353	-0.0370547192	0.016647656	0.0194700468	-0.1181627756	-0.0390844524	0.0627581669	-0.0002207325	0.0555679441	-0.078983035	0.0061563151	0.0088370986	0.0399226229	0.066966681	-0.0116340391	0.0934377509	0.0647756377	-0.237539907	0.1402722288	-0.0250134677	0.0585050784	-0.0463678973	0.0871763693	-0.01309765	0.0934210731	0.090084361	-0.0033794295	-0.0948006283	-0.1289225186	-0.0350940340351968	-0.0002105988086925	4.4351858222700725e-08	0.0012315912248635	0.0009489906858561	-0.0027834655185615	7.747680293020839e-06	9.005833218416312e-07	-0.200193053137454	-0.0006925604922969	0.0400772585244954	4.796400354905334e-07	0.0041361551006653	0.0007460780511868	5.56632458462842e-07	1.7107779016759575e-05	-0.000461234670964	-0.0002131697691924	4.5441350497583723e-08	2.1273742169926935e-07	0.0006124573829474	6.053489036879996e-05	3.751040459267782e-07	3.664472951962629e-09	0.0	0.0	0.0	0.0	0.0	0.0	0.0	0.0	0.0	0.0
981.7908341176792	-1.6853044458904378	963913.2419574882	2.840251075338076	1205.6125613695954	3.115834484361585	9.708424533936824	1453501.6481321563	896.0570658492252	-0.9998502237702952	802918.2652583227	0.9997004699735093	953.0971521928792	785.9174084750484	1.05629	20.39106	0.0851906376059658	0.0413422275862719	-0.0149401105	0.0543908736	0.0286814112	0.0718352538	0.0818974097	0.0627432682	-0.1244403897	0.0362970512	0.0278022936	-0.0459469001	-0.0021969533	-0.0219602506	0.0704304765	0.0744556597	0.084451025	0.1459183385	-0.0802134598	-0.0327002181	-0.0756676677	-0.0947527798	-0.0873093897	-0.058539344	-0.0427085307	-0.0217871599	-0.0758599979	-0.028127593	-0.1776830201	-0.0178526148	-0.0447628664	0.0509194693	-0.0122684429	-0.0868365897	0.0730281966	0.0867838391	0.1127361557	0.0686004618	0.0488814448	-0.1244503277	0.0573182061	0.2311268248	0.0058420866	-0.0139416199	0.0596857023	-0.0325128351	-0.0918050569	0.0284163315	-0.0931742577	-0.0296373177	0.1426742864	-0.0216219117	0.1591507238	-0.1553702712	0.0112781212	0.1542631134	-0.0598179483	-0.001958539	0.0705464173	0.1162914618	0.0333572921	0.0797862179	-0.0340161232	0.0791882196	0.0131228977	-0.1355585376	-0.0327202057	-0.022450193	-0.0672921263	-0.0668582623	-0.0050869318	-0.0005358864	0.0592714448	0.0055875168	-0.0395745281	-0.1269718506	0.1195785027	-0.0935178754	-0.0929843369	-0.0976428478	0.0438364818	-0.1447825148	-0.232523677	0.0886759882	-0.0175735795	-0.0846929308	-0.0103992444	-0.0233246114	0.0181906231	-0.0948735863	-0.0523738819	0.0666497567	0.1234891531	0.1030883974	-0.0148902703	0.0422229769	0.0840205667	0.0620106576	-0.1131004801	0.0595980327	0.1024604223	-0.0270843633	0.0056721906	-0.0486533403	0.0359137371	0.1193369552	0.0368903698	0.0099153559	-0.0150692895	-0.0265218751	0.0876327994	-0.0101290257	-0.1013839798	-0.1275100165	-0.0194178090673204	0.0156762249678764	0.0002457440292434	0.0003770513089749	0.0050657777164104	0.0041167870305543	1.6947935454940095e-05	2.566210387208017e-05	-0.1833040278984938	0.0168890252389602	0.0336003666438117	0.0002852391735222	0.0036071597071943	-0.0005289953934709	2.798361263135378e-07	1.3011601153206068e-05	-0.0007122404622994	-0.0002510057913354	6.300390728391036e-08	5.07286476136463e-07	0.0004222865603823	-0.0001901708225651	1.783259390795139e-07	3.616494175508674e-08	0.0	0.0	0.0	0.0	0.0	0.0	0.0	0.0	0.0	0.0
980.2986904807292	-1.4921436369500043	960985.5225582324	2.2264926332903863	1199.771517714409	-5.841043655186468	34.117790981794094	1439451.6947187362	895.4275646012269	-0.6295012479982915	801790.5234476844	0.3962718212314065	951.170576129728	780.3551330871234	0.987869	19.070234	0.1039689735038526	0.060259394321298	-0.0324818635	0.0988890363	0.0742394132	-0.066783734	0.072737137	-0.0254429436	0.0429410644	0.0529014751	-0.0314477661	0.0848429443	0.0685634282	0.0047486924	0.020369349	0.0503311547	0.0588354919	-0.1107023151	-0.017157924	0.0372089921	-0.0425648368	0.0684910978	0.0677420103	-0.0830403494	0.0548394316	-0.0523476225	0.077085412	-0.0886089449	-0.0332562448	-0.0528906723	-0.0521165454	0.0063803737	-0.0201149252	0.0275462786	0.0518872117	0.1861414882	-0.0194433258	0.1967902402	0.1894902752	-0.0156938955	-0.0683514283	0.0198839931	0.0271957494	0.0599759598	-0.0748995738	0.0740753312	0.0644046967	-0.135663923	0.0376168128	0.0717141766	0.1417200768	-0.0088039163	0.052239504	0.0254014594	0.0045516665	-0.0239517159	0.0183857459	-0.0271079953	0.0403855122	-0.008007219	-0.0506790945	0.0913721697	0.1669084972	0.0620618119	0.1070729018	-0.1328801479	0.0103085425	0.0355185015	0.0886413706	-0.031092778	-0.0789442508	-0.0303589406	0.0048901861	8.3411e-06	0.0812388544	-0.0521744513	0.0342528006	0.0176493757	-0.0182277803	-0.1014247927	-0.1379804267	-0.0748293949	-0.0292808627	0.0639430668	-0.0224452645	0.1243733278	-0.0352435568	-0.0122194023	-0.0065193813	-0.0452858058	-0.1186221942	0.026353165	0.0113923262	0.1067416634	-0.1921759578	0.045609306	0.0872645047	0.0071907973	0.0762807876	0.0405395966	0.0089236371	-0.0629249267	-0.2073375987	0.077344543	0.0314788999	0.055940516	-0.0235960782	0.0510527162	-0.0223416669	0.0092006811	0.0851211787	-0.016850859	-0.1073422654	-0.124700488	-0.0185867849316849	0.0008310241356354	6.906011140087283e-07	0.0003454685740967	0.0191771672889302	0.0141113895725198	0.0001991313156674	0.0003677637452276	-0.1824556490033515	0.0008483788951422	0.0332900638532342	7.1974674972283e-07	0.0046200810178262	0.0010129213106319	1.0260095815322468e-06	2.134514861127798e-05	-0.0011497503023001	-0.0004375098400007	1.914148600974382e-07	1.3219257576391714e-06	0.0001091540930038	-0.0003131324673785	1.1914616019482222e-08	9.805194212654737e-08	0.0	0.0	0.0	0.0	0.0	0.0	0.0	0.0	0.0	0.0
981.6277825463136	1.3290920655844047	963593.1034667928	1.7664857187994196	1205.7276629095209	5.956145195111958	35.475665585255264	1453779.1971052552	894.9612820706259	-0.4662825306010063	800955.6964054984	0.2174193983436784	951.5806935595734	781.0275271646508	0.957433	18.482683	0.0610214436404967	0.0327290742497324	-0.0050534979	0.1074315767	-0.0140840747	0.019779665	0.0513831245	-0.0087476246	-0.0518109255	0.072770554	0.0671349693	-0.0174354681	0.1192644006	-0.1011230578	-0.0308717435	-0.0591591758	0.084899817	0.0153194762	-0.0044802636	0.1036837701	-0.1534469441	0.0497727288	0.0262736214	-0.0951256344	0.0065979999	0.0324577578	-0.0374647593	0.0613043982	-0.0533077344	-0.0756774053	0.0118350225	0.1634611854	-0.1148047112	0.1221978401	0.0145134953	0.0857945163	0.0896224843	0.0239666597	0.0569006478	0.0380718223	0.1523932067	-0.2565713772	-0.0161129265	-0.1897940681	-0.0051701207	0.0730818667	-0.1023105663	0.0255648084	-0.0950502561	0.0590389321	-0.0315072178	0.0175332693	-0.0415894647	-0.0594982668	-0.0422702005	0.0204059772	-0.0359412316	-0.0079031406	0.1608662619	0.0106595208	0.0671070258	0.148764076	0.0321022625	0.0782912301	0.1376622806	-0.1105130384	-0.0327059129	0.1269537283	0.0974278171	0.0095734061	-0.0005249843	0.0775071214	0.0292818664	-0.0281890218	0.0552319144	-0.0611040239	-0.0390572868	0.0486332128	0.0148954172	-0.1710678701	-0.0857419641	0.1156184529	0.0783829799	-0.0866834004	-0.051893518	-0.0428965865	-0.011961128	-0.0230197437	0.0097788968	-0.0490633897	-0.1906594549	-0.0341008577	0.1069079728	0.1639505047	0.0125809583	0.0105258459	0.1280096665	0.062470653	-0.0169419681	0.1237559926	0.037979957	-0.0844645276	-0.0688532766	-0.0467224384	0.0669828656	0.0607666577	0.0765143151	-0.0062816082	0.0452587469	-0.0806435129	0.0825512202	-0.0235265052	-0.1126387502	-0.1205247148	-0.0006775964135528	0.0179091885181321	0.0003207390333779	4.591368996596172e-07	0.0069012925140157	-0.0122758747749145	0.0001506971014893	4.762783836400914e-05	-0.1637271476157664	0.0187285013875851	0.0268065788663949	0.0003507567642247	0.0043780768418814	-0.0002420041759448	5.856602117472175e-08	1.9167556833418216e-05	-0.0011497668217295	-1.6519429399917962e-08	2.728915476988739e-16	1.3219637443499557e-06	0.0001090172091807	-1.3688382310000644e-07	1.18847518975485e-08	1.873718102647385e-14	0.0	0.0	0.0	0.0	0.0	0.0	0.0	0.0	0.0	0.0
981.172533645652	-0.4552489006615587	962699.5407806282	0.2072515615535578	1199.0698566175488	-6.657806291972065	44.32638462142282	1437768.521048829	896.0186391636945	1.0573570930686174	802849.4017287589	1.1180040222625167	951.7583098057896	772.4415776370323	1.094835	21.135159	0.0742187428776096	0.0347707935560665	-0.0013476749	0.0480128684	0.2009057615	0.0118559467	-0.0052884607	-0.0513400734	0.0277039838	0.1009234358	0.0589077935	0.0191405783	0.0749513992	0.0618812505	0.0244075555	-0.0959811153	-0.1546404545	0.0438794637	-0.0434150733	0.0794106097	-0.0171177224	0.0994002711	-0.208145968	-0.0226945485	-0.0803415041	-0.0079922263	0.0170610047	-0.0775147948	0.1189824018	-0.069625495	0.0412645459	-0.0164426778	0.0243245999	0.0468116506	0.0356357007	-0.1385437235	-0.1398157385	0.1139313064	0.1297170318	-0.0422577647	0.0253637216	0.0386275775	-0.0856088091	-0.1111627921	0.0368101084	0.1096913055	0.1257238689	-0.1726447881	-0.0220293579	-0.2554156314	-0.0263212352	-0.0618354283	-0.0683513594	0.1094745941	-0.0357473825	-0.0564571712	-0.0200088332	-0.0853156398	0.0810525344	0.1236055889	0.0086126936	-0.082177419	0.0237544057	0.0381687915	0.1204182766	-0.0454433707	-0.2068281413	0.0380368824	0.2307190055	0.0319643862	-0.0417561848	-0.0268887151	-0.0134632979	0.0862084824	-0.0229363286	0.1121978097	-0.0958269793	0.0165401398	0.0848332105	0.128284767	-0.1713558106	-0.048892733	0.0325344771	-0.0269630979	-0.0072441523	0.035019689	-0.0036563022	-0.0172817149	-0.0254412537	-0.0712025812	-0.1353252711	-0.0424298592	-0.0065348967	0.094981293	-0.0721181927	0.2197137491	0.0967733724	-0.1115434435	0.1073930221	0.0449823905	-0.0363579883	-0.0766632096	-0.0006727738	0.0458307927	0.039191095	-0.0535775599	0.0636177723	-0.0257993727	-0.0054119772	0.0061973678	0.0799246852	-0.0301376669	-0.1172407796	-0.1150284477	-0.0099503576926593	-0.0092727612791065	8.59841017392968e-05	9.90096182118641e-05	-0.0144377209588668	-0.0213390134728825	0.0004553534959958	0.0002084477864861	-0.1720111654962721	-0.0082840178805057	0.0295878410553859	6.862495224453816e-05	0.0045494612910919	0.0001713844492104	2.937262943118633e-08	2.069759803914358e-05	-0.0008467845802979	0.0003029822414316	9.179823862291637e-08	7.170441254302906e-07	-0.0001230751050795	-0.0002320923142602	1.5147481490329967e-08	5.3866842338655437e-08	0.0	0.0	0.0	0.0	0.0	0.0	0.0	0.0	0.0	0.0
982.0212069269782	0.8486732813261142	964365.6508543188	0.7202463384368337	1199.814125374572	0.744268757023292	0.5539359826809961	1439553.9354483497	895.4678062296803	-0.5508329340142382	801862.5919937962	0.303416921194734	951.6114156874244	772.3869532319509	1.081647	20.880569	0.0816491100175037	0.0399293155574717	0.0216380087	0.1151569505	0.0506511692	-0.2662020136	0.0539366139	-0.1770555121	0.0899192171	-0.0419835626	-0.0143223969	-0.045799935	0.0367245154	-0.0680184561	0.0188906199	0.0120222444	-0.0003021559	-0.0464766659	0.003240683	0.1048563286	-0.1245217926	0.0539051608	-0.0497089926	-0.0721532195	0.1595195285	-0.0732430202	0.0473652078	0.1205322443	-0.0689994509	0.0583728184	0.0097609983	0.0355525619	0.0592628412	0.0254112056	-0.1023599215	0.0321058606	0.0414612792	-0.1248059881	0.0225665242	0.0610792266	-0.0602189671	0.0125035575	-0.0575609909	-0.0483072476	-0.2200434798	0.0761433945	0.2520378086	-0.0918307332	-0.1581864395	0.0786590908	0.0195143793	-0.1033370191	0.0967151795	0.1259699235	-0.10709242	-0.0620738141	-0.0948939211	-0.1374906036	0.0295197895	0.025455726	-0.1169634688	0.1123290967	0.0109780772	0.1219790075	0.156622511	0.0504105991	0.0084453567	0.0649329873	-0.0577732502	0.0628830688	0.1449058539	-0.1014513021	-0.0473839336	-0.0093491421	-0.0122565039	-0.0372186036	-0.1255138284	-0.0200325023	-0.0346123305	-0.0371673215	0.0189671194	-0.0291156974	0.1658984883	0.2346961783	0.0407303716	0.1939131374	0.0168312408	-0.0268201882	-0.0419936882	-0.1149158496	-0.133937493	-0.0653291021	-0.1789382375	0.0784804836	-0.0645064012	-0.0455639779	0.0384566061	-0.0593371136	-0.003252636	0.2014599156	0.011957762	-0.0895466026	-0.0197949861	0.0243073609	-0.0180573406	-0.0999842249	0.1138281102	-0.0727760365	-0.038480658	-0.0788495146	0.0772433738	-0.0366662233	-0.1211199807	-0.1082719048	-0.0347002869027477	-0.0247499292100884	0.0006125589959043	0.001204109911133	-0.0107694678778926	0.0036682530809741	1.3456080666076706e-05	0.0001159814383729	-0.1791401071372433	-0.0071289416409711	0.032091177985143	5.082180892037304e-05	0.0041459320398095	-0.0004035292512823	1.628358566405343e-07	1.7188752478718962e-05	-0.0005121383626336	0.0003346462176642	1.1198809099702205e-07	2.622857024810248e-07	-0.0003069393578422	-0.0001838642527626	9.42117693925821e-08	3.3806063443986026e-08	0.0	0.0	0.0	0.0	0.0	0.0	0.0	0.0	0.0	0.0
982.3089539119308	0.2877469849526051	964930.8809355516	0.0827983273493147	1201.0952484966958	1.281123122123745	1.6412764540400917	1442629.7959613395	894.972148445082	-0.4956577845982792	800975.1464924059	0.2456766394328741	950.7708183347112	783.7297317426498	1.130463	21.822924	0.0785911609292828	0.0387893598224759	0.0008928584	0.0931947651	-0.0281419934	0.0720556687	0.0446819764	0.0046150819	-0.0034752623	0.1447049498	0.0319122329	-0.2015842362	0.1217122904	0.023408431	-0.063268132	-0.0881202365	-0.033534461	-0.1055091746	0.0175731618	0.0105821765	-0.1504040795	0.1043760925	0.0698150385	-0.0499608965	-0.0390065089	-0.0302219921	-0.2157975739	0.0388369811	0.0760845901	-0.0304030648	0.0153096284	0.026249985	-0.1447069079	-0.0134818044	0.0065702832	-0.0607846854	0.0653995575	-0.0077817558	-0.0458018074	-0.016317845	0.0054308583	-0.2233634334	0.1049810287	0.0037156342	-0.0774758886	0.0180547189	-0.135294988	0.1120999371	0.0242888882	0.0798365256	-0.0476338596	0.0584998165	0.0136949001	0.1111112395	-0.0471047638	-0.0126381909	0.0555527862	0.0952175247	0.2286155239	-0.0892005614	-0.0342997555	0.0255287646	-0.0737623129	-0.0812352456	0.1348041173	0.0211339915	-0.0493000161	-0.0149974766	0.1470507497	-0.0690890315	-0.0217116327	0.1313880547	-0.0015277241	-0.0217790297	-0.0219406325	-0.0894269192	0.1055302652	0.0046157168	0.0878450728	-0.0763546092	0.0445668121	0.0578197524	0.0971620868	-0.0075107341	0.1223933205	-0.0083725079	0.0064642576	-0.0149242763	-0.0275915176	-0.0653522133	-0.0760723189	0.0677744119	0.0573913311	0.1880461068	0.15778241	0.045854123	0.0268811153	-0.0196710277	0.2332839501	0.0999744216	-0.0766979102	0.0031275965	-0.1058054817	0.0154044086	0.0574316142	-0.0717071655	0.0948764452	0.0080694097	-0.0678999232	-0.117995547	0.0745091236	-0.0430942802	-0.1242524367	-0.1003291122	-0.0318173029864397	0.002882983916308	8.311596261690615e-06	0.0010123407693309	-0.0088056875430737	0.0019637803348189	3.856433203421431e-06	7.754013310624333e-05	-0.2022991730641834	-0.0231590659269401	0.0409249554224524	0.0005363423346083	0.0044819711045228	0.0003360390647132	1.1292225301338917e-07	2.0088064981777325e-05	-0.0009676988242133	-0.0004555604615796	2.075353341547093e-07	9.364410143838032e-07	-8.683226911088268e-05	0.0002201070887313	7.539842958944751e-09	4.844713050977599e-08	0.0	0.0	0.0	0.0	0.0	0.0	0.0	0.0	0.0	0.0
985.1333638969556	2.824409985024886	970487.7446629317	7.977291763508275	1203.7619441829315	2.6666956862356983	7.111265882988082	1449042.8182630711	896.3133449199037	1.341196474821686	803377.6122815062	1.7988079840741176	950.892578954282	771.8030815080965	1.336301	25.796515	0.0813872121804183	0.0456915954308945	0.0278802134	0.0080392058	0.2477664149	-0.0188864122	-0.0094017118	0.0669515979	0.0579146621	0.0907595497	0.1278066922	0.0634296227	-0.0135183953	-0.0772873632	0.059709676	-0.0875986909	-0.1560176688	-0.0660106677	-0.1113463734	-0.0136291798	0.1753757986	0.0408444462	-0.1401855505	-0.0570039047	-0.0038756399	0.0086257765	-0.0344576309	0.116086432	0.0973531721	-0.1185976683	0.1168334595	-0.0545847338	0.0653977792	-0.1130360794	0.0279374571	-0.0546801546	0.038139169	0.141120417	-0.1666115237	-0.0518324699	-0.0026070795	0.0542637809	-0.042716781	0.0126320985	0.1628034941	-0.029246675	0.0927815155	0.0198620923	-0.0866621391	0.1042329797	-0.1108713336	0.1601303082	0.0376376077	-0.027047315	0.1193723435	-0.0948435213	0.0230091327	0.0095003808	-0.0508722858	0.1560519807	0.1036428095	-0.001092542	-0.0789819651	0.0609942219	0.0812616369	0.094410635	-0.1047504142	-0.0032510226	-0.0299715315	-0.0348393208	-0.1641689024	0.005093772	-0.027659584	-0.0626517231	-0.1377495322	0.1206184076	0.1140009515	-0.0356327477	0.0654498688	-0.0672147204	0.0359465161	0.0673734394	0.0205041834	-0.0581481226	-0.1513584625	0.1227841094	0.0299231199	-0.018051463	-0.0239473335	-0.2128188498	-0.004488828	-0.0284071179	-0.078491599	-0.0640864447	0.0642329309	0.1578477788	0.1035956851	-0.0358796775	-0.0468813551	0.0431686693	0.0960441876	-0.004762196	0.1440531623	0.0464152723	-0.0223121163	-0.0699302658	0.1360789693	-0.0175147831	0.1033800988	-0.0327793357	0.0717238087	-0.0494042187	-0.1266188352	-0.0912870929	-0.0413553300743672	-0.0095380270879275	9.09739607300388e-05	0.0017102633255598	-0.0083648310163084	0.0004408565267652	1.943544771915634e-07	6.997039793139503e-05	-0.2052774455179999	-0.0029782724538164	0.0421388296383954	8.870106809162087e-06	0.004225236377706	-0.0002567347268167	6.591271995369654e-08	1.7852622447490124e-05	-0.000642024587701	0.0003256742365122	1.0606370832786949e-07	4.12195571212639e-07	0.0006993598897982	0.000786192158909	4.891042554585504e-07	6.180981107301243e-07	0.0	0.0	0.0	0.0	0.0	0.0	0.0	0.0	0.0	0.0
985.1112824983728	-0.0220813985828272	970444.2389055887	0.0004875881633736	1195.584326861656	-8.17761732127542	66.87342505322378	1429421.8826372393	897.932908778852	1.619563858948368	806283.5086680502	2.6229870932117287	951.354921365333	796.7688719823481	1.525182	29.44276	0.0468738655681151	0.0219289922688451	-0.0360749334	0.0228486472	-0.0677842579	-0.0532257855	0.013265505	0.0030479586	0.2050798174	-0.0538714837	-0.156962785	-0.1888640065	-0.0082456748	0.042779232	-0.1244306189	-0.0192909941	-0.0072472259	-0.0477042083	0.0458390252	-0.1070622624	0.0274998774	-0.0297950332	0.0781133561	0.0546600237	-0.0131402002	0.045407098	-0.0631745337	0.0413264897	-0.0337279107	0.0554432654	0.0433790814	-0.1342325795	-0.1085127088	-0.1198427748	0.1395040772	-0.0046902343	0.0677121242	0.0089429985	-0.1710938995	0.0534947828	-0.1342776254	-0.105714746	-0.0196432238	0.097576503	0.0239293373	0.1769931765	0.1446389174	0.0156055484	-0.0101335719	0.1202191914	0.1924354617	-0.0873434543	-0.0661796466	-0.0593920476	0.0311520873	-0.0306454657	0.0630769728	0.0460212347	-0.0718847793	-0.1976128804	-0.0698103267	-0.0237897784	-0.1835869242	0.002988011	-0.0729241605	0.0207741582	-0.0310593866	0.0155125525	0.1488263803	-0.0587879707	0.0868785028	0.0982894965	-0.0530223001	0.0020889813	-0.216863569	-0.1607392775	-0.0697568049	-0.0927110988	0.1149314697	-0.1758764922	0.1822981831	-0.0378564323	0.0283130863	0.0345852224	-0.0180598982	0.0945178663	-0.0166464066	0.0124485622	-0.0022106343	-0.0686266989	0.0455960907	0.1378553743	0.0097863004	0.1134623939	0.1486530409	-0.1264225562	-0.1738231535	-0.3448464292	0.1424085916	0.0746942921	-0.1315999742	-0.0443974259	0.0070230994	0.1383734276	0.1223937757	-0.1016989106	-0.0916125185	-0.0902514833	0.1581207814	-0.0676651437	0.0688893378	-0.0555787436	-0.1282045865	-0.0812449131	-0.0394438381674717	0.0019114919068955	3.653801310127012e-06	0.0015558163693816	0.005587246029151	0.0139520770454594	0.0001946604538824	3.1217318190263616e-05	-0.2100021744092401	-0.0047247288912402	0.0441009132566089	2.232306309571989e-05	0.0040653754853165	-0.0001598608923895	2.5555504915567413e-08	1.652727783661237e-05	-0.0007871313126357	-0.0001451067249347	2.10559616212747e-08	6.195757033316002e-07	0.0009201036269644	0.0002207437371662	8.465906843530438e-07	4.8727797498100414e-08	1.0	0.0	0.0	0.0	0.0	0.0	0.0	0.0	0.0	0.0
982.797369696478	-2.313912801894844	965890.6698823156	5.354192454772848	1199.4161846213144	3.8318577596583054	14.683133890253568	1438599.183931551	896.22013529586	-1.71277348299202	803210.5309097297	2.9335930040406155	951.930052110911	807.0377229496701	1.83026	35.3321	0.7447782155195145	0.5191787260469637	-0.3230614906	-0.0530690712	0.0305361007	0.1218160136	-0.0214984556	0.3483930485	0.0159248449	-0.3253663358	-0.1595901402	0.0337494205	-0.0591484052	0.1251257081	-0.0855456739	-0.2195190025	0.0321095892	0.1995823109	-0.1027849741	-0.3198512741	-0.0455865732	0.0695598505	-0.1380400894	-0.0029356387	-0.0341500725	0.079080358	-0.0073274867	0.1279211007	-0.1873856897	0.1395224232	-0.0234690323	0.0872795481	-0.0974963584	0.0677242065	-0.1050641733	-0.2090384713	0.0281684989	-0.0446641655	-0.0563620489	0.0690305885	-0.075400642	-0.0335064278	0.2164026492	0.0246365126	-0.0104469076	-0.0853515082	-0.0280001836	0.0364599874	-0.0471885024	-0.1008185919	0.0389988215	0.0611445309	-0.1039284914	0.0432569031	0.2421318219	0.1997465401	0.1306073237	-0.1907978698	0.0511060651	0.0740026519	0.0234563975	-0.158810439	-0.205363396	0.0603324365	-0.0704803747	0.1963132346	0.3071303786	0.1999741218	0.0450601406	0.089999937	0.198251169	0.0111733112	-0.021016308	-0.0600769871	0.1039436039	-0.0314608357	0.1157799809	0.0839151278	0.1054417899	-0.0319582756	0.0424877325	-0.057037094	0.0512358348	-0.0936937597	-0.0100433832	-0.0796980084	-0.3121402764	0.0053346606	-0.010331288	0.1371650433	0.200211155	0.0552469921	0.0160697621	0.0319020428	0.0273772757	0.1648373841	-0.1006766584	-0.2584952114	-0.1225144684	-0.0758126411	-0.4209416074	0.1786019894	0.0897247846	-0.0151524222	0.0977350894	0.1674648982	-0.2185392135	0.0996715695	-0.2810668994	-0.1882965176	0.0660076536	-0.0616009311	-0.1289999139	-0.0703125971	-0.0184264404859391	0.0210173976815325	0.0004417310053036	0.0003395337089818	0.0991414262483232	0.0935541802191722	0.0087523846364813	0.0098290223985517	-0.2785443790364397	-0.0685422046271996	0.0775869710927957	0.0046980338151569	0.0135472510719926	0.0094818755866761	8.990596464120425e-05	0.0001835280116076	-0.0022816380764472	-0.0014945067638115	2.2335504670783227e-06	5.205872311893679e-06	0.001177009936309	0.0002569063093446	1.3853523901701164e-06	6.600085178106336e-08	0.0	1.0	0.0	0.0	0.0	0.0	0.0	0.0	0.0	0.0
985.9285685512732	3.1311988547952296	972055.1422855626	9.804406268270958	1203.33102500602	3.914840384705485	15.325975237720993	1448005.5557420384	896.6000293550037	0.3798940591436803	803891.6126393935	0.1443194961726621	952.1802942612592	807.1006903991307	1.619444	31.262426	0.3258960855536947	0.2126975994393233	-0.2117368566	0.0547005993	-0.0090717854	-0.1035728549	-0.0078005935	0.0866782084	-0.0063800157	0.0690380724	-0.0341774874	0.1053470816	0.0968765219	0.0258767547	0.1323638066	0.1349921036	0.1467278485	-0.120141823	-0.0640651641	-0.1927883111	-0.0524120922	0.0552012005	0.1066349965	-0.039037281	0.1518285018	-0.0733943025	-0.1176214587	-0.0412702549	0.0427310733	0.0497197032	0.0242223749	0.0109389765	0.1744078937	-0.1583357116	-0.0500721078	0.0969275901	-0.1695695981	-0.0024723208	0.0763661565	0.0032869936	0.0551305749	0.0071827814	-0.1077625588	0.0526500009	0.0359179631	-0.0634484665	-0.0440993499	-0.1437110751	0.0320737193	-0.0371515917	0.0659867469	0.165029284	-0.0536782665	0.1487351555	0.1106375864	0.0759352884	0.1444186487	-0.0531206385	0.0380173306	-0.0160844491	-0.1138837795	0.0844774968	0.0637072062	-0.052971204	0.0964210831	-0.0215810865	0.1051941718	-0.1545416264	-0.236392063	-0.0308765157	-0.2509220024	-0.1931649613	0.090242728	0.0538108785	-0.0842526909	0.0944430777	-0.0530537182	0.0566494152	-0.0281665677	0.1026700717	0.0467975804	0.022747766	0.0473075348	-0.0792103676	0.0070004385	-0.0545075021	-0.2039988798	0.047016907	-0.1086101265	-0.0470621922	0.097399948	-0.0700862331	-0.0797674077	-0.1131319339	-0.0424832611	-0.0721332764	-0.081463056	0.2692727684	-0.0111665914	-0.0379963158	-0.1709098917	-0.1322353202	0.0701764354	-0.0997895513	-0.147324638	0.1318539131	0.1070333916	-0.03295577	0.0935242627	-0.0771464748	0.063080731	-0.0674542747	-0.1289999139	-0.0586099215	-0.0255425255719927	-0.0071160850860535	5.063866695195447e-05	0.0006524206125959	0.0668975829480302	-0.032243843300293	0.0010396654307738	0.0044752866042885	-0.2616065979816966	0.016937781054743	0.068438012107557	0.0002868884270584	0.0098450238507681	-0.0037022272212245	1.3706486397575692e-05	9.692449462219274e-05	-0.0006168437160649	0.0016647943603823	2.7715402623607117e-06	3.804961700487551e-07	0.0011520639956637	-2.4945940645300108e-05	1.3272514501046097e-06	6.22299954678836e-10	0.0	0.0	1.0	0.0	0.0	0.0	0.0	0.0	0.0	0.0
985.2833148724342	-0.6452536788390262	970783.2105660124	0.4163523100552971	1203.8328971340231	0.5018721280032423	0.2518756328665028	1449213.6442220956	896.9941453321627	0.3941159771590037	804598.4967601771	0.1553274034519963	952.5011786731612	800.387201595252	1.209615	23.350912	0.0631135460433651	0.0350284571493802	-0.2178104455	0.014061881	0.0297306834	-0.0018065775	-0.1130808016	0.1040056636	0.0635578228	-0.0352098501	-0.0815312236	0.0500317086	0.0431055294	0.0131494521	0.1363158297	-0.0580778797	0.070554781	0.1024571336	-0.055500022	-0.1768206812	-0.0304119858	0.03606474	-0.1098051564	0.0838574369	0.0587430854	0.126552603	-0.1077816081	-0.0916677571	0.0101729404	-0.0048872952	-0.0496060111	-0.0028441068	0.2393221793	-0.1107855482	-0.0062582849	-0.0986962716	-0.1687725192	0.0057331855	0.021352329	-0.0996980297	0.0528878953	-0.2179159929	0.1191575621	0.0883193565	0.1192237449	-0.0246645605	-0.0447819545	0.0388635726	0.0817508274	0.093855328	0.0518275778	-0.1816633389	-0.0803386353	-0.0105663261	0.1280936102	0.0045980862	0.0962861508	-0.1640287178	-0.0016177979	-0.0027238323	0.0561658288	-0.0010996862	-0.1013638791	-0.1602207273	-0.0856725622	-0.0626273895	-0.0146892014	-0.151688306	-0.0162515729	0.02535872	-0.0261097531	0.051182832	0.2484844284	-0.0598591868	-0.1301310225	0.0624331504	0.0838999929	0.0627280499	0.1029237094	0.0420237497	0.1481821819	0.0698393955	0.0607556208	0.0073261099	0.0848793482	-0.156871547	-0.2027581415	0.0369711652	-0.1238950282	0.0264401466	0.0858925102	0.0013229006	-0.0164331648	-0.0637494517	0.0509924799	0.0139087253	-0.0093237594	0.0056535373	-0.1461262778	-0.0535614309	-0.1879408004	0.0297621517	-0.0841769609	0.1461266748	-0.0497996148	-0.0609565861	0.0125450226	0.0275585814	0.0584653234	0.0656747412	0.0601105761	-0.0731227308	-0.1282045865	-0.0462651033	-0.0252415878130563	0.0003009377589364	9.056353475366337e-08	0.0006371377553242	0.0894539980718605	0.0225564151238303	0.0005087918632385	0.0080020177710404	-0.2569369340935381	0.0046696638881584	0.0660165881013871	2.180576082837139e-05	0.0097923788770231	-5.264497374499882e-05	2.7714932606116156e-09	9.58906840711682e-05	-0.0010030472885635	-0.0003862035724986	1.4915319941068146e-07	1.0061038630945894e-06	0.0014249460348689	0.0002728820392051	2.0304712022886e-06	7.44646073207883e-08	0.0	0.0	0.0	0.0	0.0	0.0	0.0	0.0	0.0	0.0
986.3284575814114	1.0451427089772096	972843.826234926	1.0923232821282205	1206.9635785246548	3.1306813906317075	9.801165969647682	1456761.0798850406	898.2197690849225	1.225623752759816	806798.7535749716	1.5021535833290545	953.6594436333309	808.489627659593	1.089804	21.038033	0.0905254838372227	0.0468799911087192	-0.193521716	0.0031771299	-0.0424856469	-0.0731991888	-0.0958569736	0.0008041463	0.0656470896	-0.0525569801	-0.0922868091	0.0028191618	-0.0162308752	0.0706169115	0.0870044372	-0.0682252528	0.1959346935	-0.0696494637	0.039423959	-0.1754769296	-0.0228375001	0.0725533157	0.0504563	0.1531200783	0.1823457109	-0.0194746963	0.0807458401	-0.1819024338	-0.0632106342	0.1359535565	-0.0265887004	-0.0333267745	0.0629512092	0.0052681496	-0.0201051078	-0.0033726641	0.0831830706	0.0839216433	-0.1292822044	0.0525715764	0.0513459778	0.0451002935	0.0244553007	-0.0419763989	-0.0574355625	-0.0298346588	-0.0973563902	-0.0061895708	-0.0354685862	0.0073866317	-0.1146029915	-0.0700228999	-0.0317238659	-0.0652209474	0.026711558	-0.0054808637	0.1094195588	-0.1714665451	-0.0248246097	-0.1091370514	-0.0665082497	-0.0601329289	-0.0303093357	-0.0552391239	-0.0342656189	-0.0882081516	0.1596347423	-0.0654660882	-0.0879222988	-0.0248326258	-0.0255774399	-0.0030632233	0.104601172	0.0892019492	0.1051342239	0.1533874255	0.1365041577	-0.064036266	-0.1323673573	-0.0263583692	0.0149744412	-0.0493148796	0.0158800713	0.0166389047	0.0042667732	0.0662905024	-0.2009444377	0.0382557441	-0.0938989193	0.0999453972	0.0385151741	0.0242138218	-0.0514651251	-0.1128070652	-0.0732476344	-0.0904345572	-0.0683350405	0.1283461198	-0.033102444	0.0797441164	-0.0803952856	-0.1611784782	-0.0154632614	-0.1608246987	-0.2365743147	-0.0457326614	0.0682173142	0.062804579	0.0690990047	0.0943900688	0.0570992244	-0.0785907625	-0.1266188352	-0.033413395	-0.025167291421198	7.429639185829728e-05	5.519953843161663e-09	0.0006333925574795	0.1096788055908177	0.0202248075189572	0.0004090428391788	0.0120294403958283	-0.2958106136761955	-0.0388736795826573	0.0875039191634873	0.0015111629642951	0.009924389394491	0.0001320105174678	1.7426776722142336e-08	9.849350485348544e-05	-0.0012312861340588	-0.0002282388454952	5.209297059302735e-08	1.516065543925465e-06	0.0011581413909571	-0.0002668046439118	1.3412914814480462e-06	7.11847180129024e-08	0.0	0.0	0.0	0.0	0.0	0.0	0.0	0.0	0.0	0.0
986.9886562715212	0.6601986901098371	974146.607608663	0.4358623104227447	1201.239331493639	-5.724247031015921	32.76700407209458	1442975.9315272844	897.9651751468888	-0.2545939380337358	806341.4557765827	0.0648180732835257	954.3370596844215	804.9315216399764	1.058	20.424067	0.2012728739544168	0.1121102531744655	-0.2012688932	0.0408215283	-0.0539827107	0.0346113067	-0.113138979	0.0863061988	-0.0090635018	-0.0458346908	-0.0975329395	0.1224136152	0.134470333	-0.1849105836	-0.0704495073	-0.1944525039	0.0780206682	-0.0253539199	0.1478465578	-0.205676069	-0.0725837801	0.0451971044	0.043147983	0.0645126281	0.0675346114	0.1373534222	0.0241802837	-0.0003962111	-0.0125973203	-0.0658869092	-0.0090184419	0.0420016305	0.09645587	-0.0732884775	0.0185838773	-0.0491015429	-0.0113444127	-0.136471413	0.0020604925	0.0936748919	0.0765037949	-0.0600151895	0.0224781222	0.0481821589	-0.001724524	-0.0085834932	0.0145016366	0.0768217807	-0.0137397168	-0.0727883152	-0.1553214352	0.132214084	0.0317964488	0.1073465678	-0.0138403821	0.0713851044	0.1847396623	-0.1498066254	0.0173124604	-0.1457052246	0.130035316	-0.0322512145	-0.0163185675	-0.0407940875	0.0103242597	0.0131771535	0.0400381859	0.0883941425	-0.0729566256	0.0898430936	-0.0115626914	0.0921273337	0.1233193277	-0.0014671541	-0.050835954	-0.0061108604	0.0052197891	0.0569102272	-0.0162162585	0.2078597051	-0.0424305034	0.1008828071	0.1512837834	-0.0524628585	-0.0185125174	0.0442118447	-0.2167190347	0.1195694089	-0.0030005565	0.2132180063	0.0311972154	-0.0153208335	-0.0677031102	0.011073304	0.0965846429	-0.0725567698	-0.0326043414	-0.0931132792	-0.09904035	0.0418271367	-0.0662253243	0.0038593096	-0.1675098986	-0.0715521916	-0.1195005711	0.0514961058	0.1904421273	0.001765213	0.1631383726	0.167085793	0.0540487397	-0.0838433825	-0.1242524367	-0.0201956026	-0.0251636922488955	3.5991723025020905e-06	1.29540412630982e-11	0.0006332114075971	0.0118328033943981	-0.0978460021964196	0.0095738401458217	0.0001400152361704	-0.3144742021886202	-0.0186635885124247	0.0988940238421691	0.0003483295361611	0.0109684005303658	0.0010440111358748	1.0899592518305906e-06	0.0001203058101945	-0.0013849643990637	-0.0001536782650049	2.3617009134916323e-08	1.918126386673876e-06	0.0016556456715428	0.0004975042805857	2.741162589698409e-06	2.4751050920109496e-07	0.0	0.0	0.0	0.0	0.0	0.0	0.0	0.0	0.0	0.0
987.0180970593636	0.0294407878424181	974204.7239226872	0.0008667599887822	1204.1647057729224	2.92537427928346	8.557814673893223	1450012.6386291888	897.3974519654583	-0.5677231814304378	805322.1867940971	0.3223096107334977	953.9582898366788	814.1616974639022	1.240197	23.941288	0.1573181856383021	0.106845399619738	-0.0960106357	0.0542641215	-0.1374284625	0.0741161684	-0.1612691538	0.0293052997	-0.1151877686	0.0716763469	-0.005506074	0.0125436869	0.1539791711	-0.0920922601	-0.080663477	-0.0802785073	0.0255156717	0.1487446181	0.0962938493	-0.0891507408	-0.0763566046	0.0815014356	-0.0302261482	0.0102989272	-0.0310409614	0.0003813905	-0.0925689208	-0.1021491284	-0.0698840403	-0.0619270705	0.0912273976	0.020934883	0.1307726256	-0.101136167	-0.0856997064	-0.0368319306	-0.0156660428	0.0597281075	-0.1003868026	0.0308359518	-0.0120263319	0.2162825584	0.0092450999	-0.0342442467	-0.0999167465	0.0647763882	0.0963322428	-0.0391390373	0.1825338982	-0.0260327197	0.0067148775	0.1799402904	0.0404970653	-0.0464439844	-0.0596980492	0.0928455902	0.1178578645	0.0040537571	0.1467168032	-0.0009284395	0.0774291145	-0.0701984275	-0.0801614695	0.0939349206	0.0334671812	0.0091390674	0.0356374605	-0.1417543798	-0.1472492002	0.1350850689	-0.0519113878	-0.0588091212	0.057415164	0.126774175	0.0170222148	0.0819596851	0.0434106025	0.1174651782	-0.071342578	0.0144550829	-0.0747547326	0.0058839662	-0.113071774	0.158598668	-0.1812516892	0.0709142487	-0.1188242957	0.0814267329	-0.0583367794	0.0658989917	-0.0167137331	-0.0660082868	-0.1084678495	0.0474920322	0.1202330992	0.0008793553	0.0580021613	0.1954997726	-0.0834033786	-0.0772667248	-0.0543306861	-0.0413741018	0.0666852866	-0.0669820949	0.0887831077	-0.0493542888	-0.1343485572	0.0340984349	0.1942367592	0.2391280232	0.0509612127	-0.0888661936	-0.1211199807	-0.0067565429	-0.028056777661007	-0.0028930854121115	8.369943201772376e-06	0.0007871827727191	0.0163423685883827	0.0045095651939845	2.033617823879736e-05	0.0002670730110785	-0.2711125264785892	0.043361675710031	0.0735020020136037	0.0018802349203818	0.009186012239776	-0.0017823882905897	3.1769080184316286e-06	8.438282086931448e-05	-0.0011137733471957	0.000271191051868	7.354458661327236e-08	1.240491068923513e-06	0.0015781478275571	-7.749784398570006e-05	2.490550565623194e-06	6.005915822431907e-09	0.0	0.0	0.0	0.0	0.0	0.0	0.0	0.0	0.0	0.0
983.3149540092376	-3.703143050126073	966908.298778189	13.713268449697036	1206.1106885100064	1.945982737084023	3.786848813029026	1454702.9929380815	896.4994435438705	-0.8980084215878605	803711.2522744695	0.8064191252427206	952.9200872631023	789.0593035623907	1.332034	25.714134	0.2515415978676983	0.1878469555302419	0.0323645101	0.091693805	0.128428155	0.0349257266	-0.0758325999	-0.0845257589	-0.0250209972	-0.0081090971	-0.0799816758	0.1297581215	-0.0763122878	0.0188110052	0.0397438449	-0.0505015853	-0.134607827	-0.0161057428	0.0158600374	-0.0317603331	0.0486695043	0.0615895312	-0.0632525775	-0.0782087877	-0.0656020177	0.0549131845	0.036039145	-0.1323796467	-0.0064452629	-0.062454386	0.0373370851	0.154123459	0.0057320096	-0.1461492036	0.0631404612	-0.0034355344	0.1438319691	-0.101563365	-0.0311765144	-0.1118440812	0.0458841956	-0.0620123406	-0.0847147232	0.0152816755	-0.0446122533	-0.113490283	-0.1223742068	0.0296958859	0.0364507226	-0.0643918362	0.0554607433	-0.0130743082	0.0985527336	-0.0470278272	-0.0650671751	-0.0109393148	0.0691951054	-0.0228674058	-0.0162262789	0.103205718	-0.0216348236	0.0024846371	0.0483500061	-0.0701897013	0.0106760909	0.0576111207	-0.0011736358	0.0584892	0.0272646529	0.155524921	0.0500960694	0.1131882826	0.081150554	0.1722502139	-0.0434837856	-0.1246196057	0.0468601629	-0.044753679	0.0167136486	0.0817516329	-0.0065014244	-0.0218961565	-0.0090615443	-0.0695603956	-0.122837854	-0.019243635	0.0249679866	0.0424214783	-0.0605651852	0.0137701391	-0.0024155821	0.0122402274	-0.0083925754	0.0781866117	-0.037813121	0.1004658785	0.1311970178	-0.0256215292	-0.0013532087	-0.0450705676	0.0438081344	-0.0068908608	-0.0327053466	0.0520412448	-0.1294008878	0.0496585491	-0.1589908188	-0.0932708918	0.1235485337	0.1607536562	0.0478387595	-0.0936454286	-0.1172407796	0.0067565429	-0.0253677596189874	0.0026890180420196	7.230818030306928e-06	0.0006435232280867	-0.006719779268451	-0.0230621478568337	0.0005318626637704	4.515543341670385e-05	-0.2299566704924842	0.0411558559861049	0.0528800703039889	0.001693804481949	0.0058072489239414	-0.0033787633158345	1.141604154442962e-05	3.372414006461855e-05	-0.0011208190863432	-7.045739147500162e-06	4.964244013461631e-11	1.2562354243112055e-06	0.0012712653628844	-0.0003068824646726	1.616115622869605e-06	9.41768471235909e-08	0.0	0.0	0.0	0.0	0.0	0.0	0.0	0.0	0.0	0.0
984.2457189424576	0.9307649332200754	968739.6352565552	0.8663233609121713	1199.4299104768936	-6.6807780331128015	44.63279512772255	1438632.1101466091	896.8405989178959	0.3411553740254476	804323.0598674102	0.116386989226443	951.0748784194516	777.8504089024514	1.134613	21.903053	0.1358269634298538	0.0960382149796813	0.1057973298	0.0611002346	0.0086262848	-0.1110646775	0.0565641524	-0.0957777124	0.0886737312	0.0508527605	0.0190564061	-0.1340141819	-0.0267981598	-0.1163870419	-0.0795480488	0.1068176908	-0.0259807828	0.0203101201	0.0257174604	0.0450680746	0.0648215429	-0.0026822856	0.1607440612	-0.0997712227	-0.0140552625	0.0678780973	0.0191003574	0.0090277397	-0.1283705954	-0.1229979386	-0.0829495653	0.0388039321	0.0886523356	0.1744908964	-0.0015537469	-0.0409980053	0.0600302926	-0.1100185721	-0.043505054	-0.0814589577	0.0092184735	0.1139547749	-0.0189827356	-0.0483421757	0.0484315213	-0.0915661837	0.0835813455	-0.0856068929	0.1634664502	-0.0366679351	-0.1180624784	-0.119452314	-0.0260056545	-0.0627782318	-0.0303781218	-0.074008461	-0.0008804718	0.1297433799	-0.0293694779	-0.0669088929	-0.0450501811	0.1103739413	-0.0421857666	0.0677992872	0.0461466144	0.0237910892	0.0215544538	0.016985959	-0.01952776	0.17212308	0.2100956929	-0.0320820328	0.0600085565	-0.0420336496	0.082019886	0.0172579322	-0.0236333634	-0.1647942165	0.0694643592	0.1631786373	-0.1310090671	0.0008867768	-0.2022761241	0.057035734	-0.0206909374	-0.0302140359	0.1067977768	-0.008664083	-0.002620671	-0.0509028691	-0.0139082567	-0.0166334206	-0.05113897	0.1073349843	0.0274523191	-0.1626562994	0.0734343334	0.0081591927	-0.0362048342	0.0380675452	-0.0074027187	-0.061736569	0.1061171222	0.0307779014	0.0796655392	0.0310233949	-0.1683793572	-0.0749126451	0.0398097582	0.0983922618	0.0446835199	-0.098167988	-0.1126387502	0.0201956026	-0.0252032228981136	0.0001645367208737	2.7072332515902118e-08	0.0006352024444519	0.0039723384021641	0.0106921176706151	0.0001143213802822	1.5779472381307636e-05	-0.1939243100203143	0.0360323604721699	0.0376066380168549	0.0012983310011963	0.0041733107113706	-0.0016339382125708	2.669754082499061e-06	1.7416522293640582e-05	-0.0011220556726696	-1.2365863263999206e-06	1.5291457426392509e-12	1.2590089325700283e-06	0.0014148495353111	0.0001435841724267	2.001799207570036e-06	2.0616414571460337e-08	0.0	0.0	0.0	0.0	0.0	0.0	0.0	0.0	0.0	0.0
985.672747763804	1.4270288213463118	971550.7656842476	2.036411256953044	1202.929880952182	3.4999704752883645	12.24979332789026	1447040.298487631	897.5531167292941	0.7125178113981292	805601.5973504698	0.50768163155958	951.3702227209536	789.957693687857	1.057942	20.42296	0.0688231901011482	0.0434422333595033	0.1349601983	-0.0432213536	0.0791467971	0.1075597859	-0.0425160885	0.0266197535	0.0411451399	0.0669987634	0.1001969107	-0.0925877731	-0.1555885826	0.0540530865	-0.0359502051	-0.0432546514	-0.155942597	0.0759209602	-0.0075197001	0.1082379892	0.1194601718	0.0087007995	0.0125481133	0.0562154551	-0.1536915021	0.0596353966	-0.0494896251	-0.1031379407	-0.0131196409	0.151857976	0.1188451603	0.0455197912	0.0284488618	0.0891470612	0.0421612417	-0.0750465709	0.0167354268	0.0520101652	0.0039926397	0.0112500865	-0.1024853406	0.0617177077	0.063119152	-0.2119487875	0.0071886181	-0.1661607873	-0.0181597242	-0.0637936579	-0.0326040079	-0.1093353803	0.1348421949	-0.1460898265	-0.1088225322	0.016827813	0.0425811853	-0.1105965669	-0.0402341692	0.1461885095	-0.0310398615	0.0284753946	0.1184644773	-0.1171524629	-0.0764952356	-0.0652374444	-0.0795240483	0.0422320885	0.0090497215	-0.0251179148	0.0735164743	0.0684635987	0.0394132588	-0.0732677744	-0.0059791859	0.132459483	0.0456622586	0.0032358068	-0.1027210134	0.002155092	-0.0103808946	-0.0098746585	-0.0785924251	-0.2771014456	-0.0655693057	-0.0314400044	0.1218293742	-0.0713303447	0.1316620457	-0.0222581383	-0.0012669767	0.0364978712	0.0066363572	0.0467119956	0.0703479063	0.0302632085	-0.0124113354	-0.0088966842	0.1347041464	-0.0621012362	0.0284161518	-0.0887369817	0.0006822787	0.0619493704	0.1183353966	0.0402364098	-0.0914658481	-0.1388602591	-0.1103324878	-0.0683442121	-0.074439334	0.0694992703	0.0414976565	-0.1024214758	-0.1073422654	0.033413395	-0.0252425487946652	-3.932589655159663e-05	1.5465261395868795e-09	0.000637186269651	0.0102412094272779	0.0062688710251138	3.929874392951134e-05	0.0001048823705333	-0.2106848646431771	-0.0167605546228628	0.0443881121897138	0.0002809161912659	0.0033512408975907	-0.0008220698137799	6.757987787281198e-07	1.123081555368452e-05	-0.0010361450445426	8.591062812700009e-05	7.380636025175698e-09	1.0735965533301862e-06	0.0014077412060856	-7.108329225499971e-06	1.98173530331134e-06	5.052834437809702e-11	0.0	0.0	0.0	0.0	0.0	0.0	0.0	0.0	0.0	0.0
986.1064928527152	0.4337450889112233	972406.015246282	0.188134802154605	1196.2463486553872	-6.683532296794738	44.66960396229834	1431005.3266713463	897.7048092480773	0.151692518783193	805873.9245471267	0.0230106202547893	952.118355421764	797.9299557481182	1.11001	21.428106	0.106875523799734	0.0493539879281277	0.1353364773	-0.039292835	-0.055322488	-0.1772436065	-0.0034352982	-0.1717285376	0.0738340895	-0.104413156	0.0843685308	0.0250154281	-0.0842361042	-0.0219157233	-0.0931801765	0.028349183	0.1135480346	-0.0110847588	0.0716679419	0.1357831511	0.0113117791	-0.014562921	-0.0198207384	0.0859199653	0.0806078763	-0.0301183543	0.0360625938	0.0360897887	-0.0633990642	0.0255531868	-0.0957275728	-0.0110218639	0.0853913025	0.0853588946	-0.0662590457	-0.0018310437	-0.1321034177	-0.0633998582	0.0590392628	-0.1529388474	-0.025507496	0.1236257615	0.0481191954	0.0263116648	-0.0075926043	0.0754080859	-0.0421150213	-0.0469841668	-0.0326208612	0.0008220454	-0.0164567576	-0.0065513601	0.0844618282	-0.0803177883	-0.1046774888	-0.1349250065	-0.1082986735	-0.0639164519	-0.0854641871	-0.0451692494	-0.0003405256	-0.0101304388	0.0226419378	0.0795505475	0.0094801192	-0.0204242202	0.0238478384	0.0499971608	-0.065651819	-0.0335903509	0.0415478944	-0.0969193563	0.0524594639	-0.0277939316	0.1284880541	0.0781522361	-0.0519943889	-0.0082657639	0.0870349489	0.0421479778	0.0793174276	0.0737396166	-0.1163093893	0.140825788	-0.0326656538	-0.0561164266	0.1350064582	-0.0041963665	0.0060842047	0.018633016	-0.0943836227	-0.0295150787	-0.1081018825	-0.0651896373	-0.1231414184	-0.1613474174	0.0419821513	-0.1079928773	0.008831666	0.0459317349	-0.0261917404	-0.0272236251	0.0324052345	-0.0671271217	0.0318830836	-0.0284923925	-0.022983359	-0.152311304	-0.0927546837	-0.0628417177	0.0382833527	-0.1063942335	-0.1013839798	0.0462651033	-0.0005933913597289	0.0246491574349362	0.0006075809622522	3.521133058009128e-07	-0.0044714370390295	-0.0147126464663074	0.0002164619660425	1.9993749194004903e-05	-0.2252995279939824	-0.0146146633508053	0.0507598773143112	0.0002135883848573	0.0038530642047456	0.0005018233071549	2.5182663160388135e-07	1.4846103765891844e-05	-0.0011208815220682	-8.47364775256002e-05	7.180270623446547e-09	1.256375386513925e-06	0.0018791625523588	0.0004714213462731	3.53125189818764e-06	2.2223808572203621e-07	0.0	0.0	0.0	0.0	0.0	0.0	0.0	0.0	0.0	0.0
985.9965859335254	-0.1099069191898252	972189.267472568	0.0120795308857987	1206.6377304286173	10.391381773230025	107.98081515701712	1455974.6124939243	898.3544893126557	0.6496800645784333	807040.7884682023	0.4220841863106372	954.4468483010216	798.2755076177589	1.074756	20.747541	0.0994406202705921	0.0473024179639437	0.1044156971	0.0314362264	-0.0538149384	0.1048193925	-0.0381659042	-0.0609635815	-0.167319923	0.0106750858	0.0904410853	-0.0060306984	0.0065737872	0.1311029482	0.0413069066	-0.0883645504	0.0186404748	-0.0368583741	0.11514814	0.0514798371	0.0030897748	-0.05854078	-0.0314657258	0.014062644	-0.2027169916	0.0588942948	-0.0050964568	0.089146606	-0.0472840623	0.1085466427	-0.1333873387	-0.010087165	0.0391761189	-0.0959469395	0.0070805224	0.1272680129	0.1132003642	-0.0412816289	0.0620460311	0.1180152032	-0.0174031695	0.0069222661	0.0277820601	-0.0310070102	0.0916680735	0.054705556	-0.0721315144	-0.0766728953	0.0869406086	0.0532120086	-0.1961741701	0.1070863801	0.0395041522	0.02684627	-0.1140377014	0.0338863015	-0.016222799	0.0911991061	0.0725584473	0.0338417638	0.1231631673	-0.047507331	0.0167709121	-0.1461589078	-0.106173115	-0.0402623894	0.0312909183	0.0825739774	-0.0988050993	-0.1436983294	0.0517409934	-0.0332325674	0.0099275608	-0.0552552344	-0.0396255318	-0.0547863974	0.0109455107	-0.1586469219	-0.0792969714	-0.0117290251	-0.0054534991	0.0808842351	-0.0744163059	0.0188826021	0.0954571708	0.0911558237	0.1010150797	0.0378309463	0.0125507858	0.0798319731	-0.0529827584	0.0950381838	0.1116664647	0.0255930169	-0.0125818546	-0.0766774189	0.0819405511	0.0242249055	0.011023785	-0.0187699952	-0.0459182331	0.0606574594	0.0333327158	-0.0431064934	-0.0737110654	-0.0681099466	0.0748012137	-0.0917146258	-0.0822816278	-0.0373300352	0.0350428114	-0.1100753719	-0.0948006283	0.0586099215	-0.0116575958842446	-0.0110642045245157	0.0001224166217603	0.0001358995418003	-0.0160809634105021	-0.0116095263714726	0.0001347811025699	0.0002585973842099	-0.2367400309449863	-0.0114405029510039	0.056045842251833	0.0001308851077719	0.0045404290048067	0.000687364800061	4.724703683630354e-07	2.061549554768996e-05	-0.0016085442786879	-0.0004876627566196	2.3781496419392466e-07	2.587414696499577e-06	0.0017476623805676	-0.0001315001717911	3.054323796451211e-06	1.7292295181115078e-08	0.0	0.0	0.0	0.0	0.0	0.0	0.0	0.0	0.0	0.0
987.8264175985266	1.8298316650012796	975801.0313055388	3.3482839222413543	1201.8842342847015	-4.753496143915754	22.595725590221942	1444525.7126221233	897.8468568221382	-0.5076324905174943	806128.9783053931	0.2576907454289939	952.094383990978	801.0037243812595	0.9881	19.074692	0.0789772480147198	0.0401340082414834	0.1073359574	-0.0317822808	-0.0365481739	-0.1007146029	-0.0520109927	-0.0263110278	-0.000702845	0.0662872829	0.0532280562	0.1086951509	-0.1097342782	0.0691009036	-0.0187726373	-0.0402283057	0.1071989099	-0.0781080193	0.1346261528	0.1026773151	0.0445523482	0.0788764568	0.0353957806	-0.0004856359	0.0941612589	-0.0333162554	0.0970109751	0.1339448624	-0.0378386823	0.0664276422	-0.1500013001	0.0570476282	-0.1006906939	-0.0508589659	-0.0100159458	-0.0659048131	0.0221746923	-0.0341456991	0.1086776442	-0.1073823577	-0.2114128668	0.0629936055	-0.1045667449	-0.1112960889	-0.0907202193	-0.1150633842	0.0151358027	0.1001962497	0.0953840246	0.1040800433	-0.0812031663	-0.0194915129	-0.1984161622	-0.0231476377	-0.0584919944	-0.1513120735	0.0271085293	0.0041196796	-0.0514629117	0.037971537	0.0182618561	-0.0119800588	0.1196716977	0.0471920885	0.0190388056	-0.0342463448	0.1240941216	0.1548248769	-0.0914106855	-0.0608422568	0.0803156074	-0.0149744727	-0.0594518939	-0.0636728589	-0.0379379701	0.0928456553	-0.0815288924	-0.0934705544	0.1969582078	0.0577086479	-0.0090063242	0.112761233	-0.0736843092	0.0355641224	0.0933585438	0.0438434684	0.1019262641	0.0414624904	-0.022158414	0.0550057125	-0.068862958	-0.0015069927	-0.087034333	-0.0381442174	-0.127901042	-0.1423899666	0.0451882922	-0.0522242848	-0.0320705322	0.0666244916	-0.0603438852	-0.0284543649	0.137395861	-0.0574271055	0.0159559286	-0.0654633521	0.008024415	-0.1008057502	-0.1445232986	0.0530625798	0.0317782535	-0.1134548014	-0.0876327994	0.0703125971	0.0044469970802083	0.0161045929644529	0.0002593579145507	1.977578303138115e-05	-0.0191127646920108	-0.0030318012815086	9.191819010557787e-06	0.0003652977741721	-0.2397113184209445	-0.0029712874759582	0.0574615161791074	8.828549264786088e-06	0.0050724437689399	0.0005320147641332	2.8303970925570466e-07	2.5729685789057216e-05	-0.0011409254744705	0.0004676188042173	2.1866734605771094e-07	1.3017109382957357e-06	0.0016099046230622	-0.0001377577575054	2.5917928953570444e-06	1.8977199752916604e-08	0.0	0.0	0.0	0.0	0.0	0.0	0.0	0.0	0.0	0.0
986.8383109849094	-0.9881066136172194	973849.8520275488	0.976354679874089	1205.1720539249786	3.287819640277121	10.809757986991976	1452439.6795617517	897.7992891110248	-0.0475677111134018	806043.5635282615	0.002262687140568	953.6288812251956	807.3242594597002	1.065861	20.575819	0.051954893103976	0.0336908144853367	0.13207231	-0.0266149679	-0.1121175797	0.1750415569	-0.0636459917	-0.0033560057	-0.1681641654	-0.0765369379	0.1185205247	-0.0339874956	-0.0378514624	0.1004423833	-0.0489472749	-0.0781499048	-0.0051705094	-0.1129031159	0.113409561	0.0598005804	0.0345592218	0.0089134281	0.0389861422	-0.0217750503	-0.1454105502	0.0243884749	0.0288425223	-0.0532503308	-0.0545899364	0.1081119769	-0.0173039454	-0.2044340961	-0.1883791458	0.1331470665	0.0060882219	-0.0258722416	-0.0456717419	0.0515667737	0.016334483	0.0530858905	0.0205727457	-0.0694908759	0.0990784736	0.0523985464	0.005888984	0.037561665	0.0476143766	-0.0220418239	0.1391456913	0.0106550596	-0.0558241814	0.178504871	0.1522336212	-0.0511168911	-0.0796625013	0.0036372846	0.0125304482	0.1500604093	0.0631369876	-0.0298107249	0.0724178902	-0.0657215257	-0.0016129109	-0.1477243736	-0.0773630978	0.0307630349	0.1115372502	0.0947238516	0.0644575644	-0.1018612154	-0.0502589141	0.0520938217	-0.1676390098	-0.115742105	0.1540666406	-0.0213758575	0.0077891731	0.025208739	-0.0867186185	0.0237869774	-0.0386349035	-0.0197418463	0.0030553904	-0.013300044	-0.0285466154	0.0780427605	0.132475334	0.0349712757	-0.0118939004	0.0745261919	-0.0078791487	0.0826466363	0.1494438767	0.0516442966	0.0118497206	-0.0549413594	0.0553135921	0.0690359752	0.1196965619	-0.0709083319	-0.0542675405	0.0797883192	0.039991516	-0.0289538789	-0.0063114746	0.0154767921	0.0520736782	-0.0228908873	-0.1244644521	-0.0255153346	0.0284919163	-0.1165232592	-0.0799246852	0.0812449131	0.0070963714005785	0.0026493743203701	7.019184289437056e-06	5.035848705494846e-05	-0.0143097991235521	0.0048029655684587	2.30684782517998e-05	0.0002047703509564	-0.2335181562716073	0.0061931621493372	0.0545307293084908	3.835525740798311e-05	0.0044690299281499	-0.0006034138407899	3.6410826325693923e-07	1.9972228498699502e-05	-0.0011410458607306	-1.203862600997977e-07	1.4492851620816144e-14	1.3019856562904356e-06	0.0017725582173283	0.000162653594266	3.1419626338180805e-06	2.6456191727681042e-08	0.0	0.0	0.0	0.0	0.0	0.0	0.0	0.0	0.0	0.0
986.8884791817136	0.0501681968041793	973948.8703415956	0.0025168479705828	1204.7334279099557	-0.4386260150229191	0.192392781054886	1451382.6323236723	897.6617852442013	-0.137503866823522	805796.6806878066	0.0189073133914208	953.358661378436	804.0187602413299	1.16028	22.398525	0.1296825548931054	0.0802585281656599	0.0942571549	0.0272867329	0.0360137952	-0.0681466497	-0.0532084679	-0.0660987783	-0.1085405584	-0.054114522	0.0356454701	0.2356673727	-0.111165369	0.0052478619	0.0480776208	0.0365969758	0.0974488811	-0.0971372222	0.0885339828	0.0654785985	0.1101074223	0.0050141723	-0.0164891513	-0.0470478668	0.1144511163	-0.0243204435	0.0568423144	0.0118967942	0.1070625496	0.0977862472	-0.0931311666	0.0161988469	-0.0755941733	-0.057389777	0.0052558585	0.0782891136	0.0107799159	-0.0586160102	-0.0434847179	0.0362226866	0.1211795375	0.1108087252	-0.0475904956	0.1930320783	0.0162025393	-0.0250523043	-0.0133441639	0.121663974	-0.1067933201	-0.1471924074	-0.0854139638	0.0602530785	-0.1409974748	0.0183608235	-0.0771019295	-0.0630350944	-0.008220004	-0.0377207246	-0.1571959163	0.0739534782	-0.0115570097	0.0334034666	0.1348921056	-0.0388499345	-0.0808314819	-0.0815860751	0.1444753327	0.1161823866	-0.0179169528	-0.0360522404	-0.1246903541	-0.0966630982	-0.0864424856	-0.0310707598	-0.1056053943	-0.0013782843	-0.0227698197	0.0606137773	-0.0902910005	-0.0007228564	0.095047428	0.1457817803	0.0735864446	-0.1619935029	-0.1478670489	0.0412724078	0.0949347358	0.0879457496	-0.0583305818	0.058064868	-0.0050566724	-0.0011740515	-0.0476378802	-0.1015640328	-0.1626086705	0.0054602452	0.016334422	0.0088628788	-0.0831402565	-0.0062990484	0.0623354837	-0.0302487501	-0.0128232934	-0.0650828129	0.0343125765	0.1056416815	0.0242441037	-0.0550353292	-0.0275708456	-0.1245797636	0.0251860523	-0.1192723348	-0.0717238087	0.0912870929	-0.0015789039776876	-0.0086752753782661	7.526040288875003e-05	2.492937770757725e-06	-0.0177321148130999	-0.0034223156895477	1.171224467892503e-05	0.0003144278957449	-0.2782949144295088	-0.0447767581579015	0.0774480593973276	0.0020049580711312	0.0056079970696986	0.0011389671415487	1.2972461495276169e-06	3.1449631133748084e-05	-0.0009885788401506	0.0001524670205799	2.3246192364542093e-08	9.772881231935057e-07	0.0019372881685474	0.000164729951219	3.753085447993739e-06	2.7135956828647056e-08	0.0	0.0	0.0	0.0	0.0	0.0	0.0	0.0	0.0	0.0
985.7840338415562	-1.10444534015744	971770.1613769304	1.2197995093954836	1200.9652759081696	-3.76815200178612	14.198969508564746	1442317.5939371858	897.7498014146004	0.0880161703991007	805954.7059399544	0.0077468462517235	954.9414172257914	811.3649767087475	1.180357	22.78611	0.0652989942889122	0.0343898071443102	0.1280109754	0.1135157521	-0.1738566576	0.0908296105	-0.0711505889	-0.061865499	-0.1293661343	0.0219802201	-0.0246003974	0.0262772292	0.0095181622	-0.028562558	-0.1450260595	0.0895617288	0.042989106	0.0384706683	0.2001940125	0.0742136372	-0.0426652783	-0.1177648193	0.0886877261	0.0128269479	-0.1332070558	0.0264559049	-0.2259300295	-0.1368565562	0.0629901563	-0.1788661322	-0.0302277509	0.023266361	-0.0487341505	0.1090295946	0.1093188097	0.0855741386	-0.1438663381	0.115980415	-0.0088136531	-0.0145589678	0.1058338641	0.0810489642	0.07917694	0.0366245163	0.0294311323	-0.0738327088	0.0470159113	-0.0536700215	0.0546427159	-0.0815191989	-0.0082256341	0.0053404632	-0.1704813501	0.0749234458	-0.1825067338	0.11117882	-0.0092420733	0.1239490368	-0.0036106	-0.1122508955	0.0320004259	-0.0261006068	0.0093316617	-0.0779296567	-0.0009964745	-0.1493188827	-0.0411661466	-0.0616198934	0.0950338386	0.13632035	-0.1099522947	-0.0732407982	-0.0706839307	-0.0072753448	0.0592628027	-0.0999481294	-0.0268390861	0.0545700492	0.0605943011	0.0458416196	0.0322775762	-0.0693283501	-0.1426084942	-0.2627722545	-0.0591578642	-0.0614564563	0.1216321844	0.090188357	-0.0522177863	0.1285347213	-0.0234190379	0.0196232871	0.0692375616	0.095749494	0.0782209625	-0.0435473062	-0.0337001931	0.0823816056	0.1249251391	-0.0501544896	0.0090924393	0.0131765091	-0.0172911015	0.0500796594	0.0655629057	0.1208250008	-0.0276588041	-0.006557864	0.0865210981	-0.0566615188	0.0218629269	-0.1216944932	-0.063080731	0.1003291122	0.0053130661889326	0.0068919701666201	4.7499252777582856e-05	2.8228672327978777e-05	-0.0291557283349561	-0.0114236135218562	0.0001304989458967	0.0008500564947417	-0.248495556158808	0.0297993582707008	0.0617500414306753	0.0008880017533455	0.0054628783049755	-0.0001451187647231	2.1059455874758585e-08	2.9843039374971988e-05	-0.000847557291389	0.0001410215487616	1.9887077215120332e-08	7.183533621866583e-07	0.0019948289016574	5.754073311000003e-05	3.979342346887669e-06	3.3109359668362527e-09	0.0	0.0	0.0	0.0	0.0	0.0	0.0	0.0	0.0	0.0
985.4540928647592	-0.3299409767969337	971119.7691439056	0.1088610481697147	1206.4977271720154	5.532451263845815	30.60801698682915	1455636.765671239	897.9152631423982	0.1654617277978332	806251.8197840822	0.0273775833658442	954.2351294319952	797.2455856636778	1.201554	23.195297	0.0792066962323154	0.0414780953614956	0.1323133736	0.036518873	0.0931855789	0.0436965768	-0.1510366303	-0.079739437	-0.1522043338	0.0148067233	0.0697190353	0.1863267842	-0.1078446035	0.0055836273	0.0732078943	-0.0116028372	-0.0588508796	0.129649473	0.113470818	0.1432284743	0.0269314415	0.0058205932	-0.2290593792	-0.0063586807	-0.0770064506	-0.0305095095	-0.0180899661	0.0051138064	0.0960921858	-0.0756663098	-0.0809588623	0.0464169119	0.0142861237	-0.0400523218	-0.0537201987	-0.0163205442	0.0752414519	-0.069966482	-0.1109984458	-0.1105697784	-0.0151828396	-0.1685772706	-0.0411722013	0.0556400387	0.0302968448	0.01238924	0.0274911617	-0.0044431649	-0.100614108	0.0394201739	0.006957328	-0.0288233269	-0.005539806	-0.0720685046	-0.1477414499	-0.02749917	-0.037517126	-0.056925997	-0.0650135671	0.1950942967	0.0854624944	-0.0690924798	0.1075019171	-0.0331796933	-0.026605792	-0.0415099859	-0.1031737054	-0.0691992236	0.0267437191	0.076106934	0.0448887812	0.0461573869	-0.0927811374	-9.7674e-06	-0.0984516024	0.0360989543	-0.02602715	0.0421978458	0.1256063904	-0.0888161659	0.0708363849	0.042360467	0.0528571452	-0.0439546483	-0.0700482483	-0.0598800326	0.1216902162	0.0987123234	-0.0727592352	0.0790643858	-0.0270846754	-0.0600456759	-0.0052396133	-0.1047504891	-0.016425778	0.1559955714	0.0362031644	-0.0592201201	-0.0447465659	-0.0396916763	0.0956859543	0.0312410239	0.0348912776	0.0221928789	0.0579105324	0.080133897	0.0285468665	-0.0686792146	-0.0123992437	0.0463137087	0.0185248178	-0.1237830955	-0.0540487397	0.1082719048	0.0145569648466903	0.0092438986577577	8.544966239489459e-05	0.0002119052255477	-0.0310365713588254	-0.0018808430238692	3.5375704804378083e-06	0.0009632687617114	-0.2838919120915264	-0.0353963559327184	0.0805946177509829	0.0012529020133156	0.0053607507607089	-0.0001021275442666	1.043003529792637e-08	2.873764871844105e-05	-0.0010326812433103	-0.0001851239519212	3.4270877574959784e-08	1.066430550284907e-06	0.0023612893778289	0.0003664604761715	5.575687525847594e-06	1.342932805958426e-07	0.0	0.0	0.0	0.0	0.0	0.0	0.0	0.0	0.0	0.0
984.6681635679367	-0.7859292968224736	969571.392344253	0.6176848596038678	1203.237309704088	-3.260417467927482	10.630322065166654	1447780.0234639312	896.8788304299301	-1.0364327124681267	804391.6364733593	1.0741927674740386	953.4913416713704	808.0832357667897	1.069849	20.652821	0.0696548417396962	0.0289631900663979	0.1066974404	0.0447446521	-0.1249215019	-0.0022742809	-0.1169539947	-0.1952765881	-0.0591499386	0.0621599206	-0.115666961	-0.0268408435	-0.0176183251	0.0565415586	-0.0668158297	0.0554539682	0.014541289	0.0140639816	0.1898521011	0.0669669213	-0.0796575424	-0.0402845356	0.0591290183	-0.1153117105	-0.0175303791	0.0106842442	-0.0972745015	-0.0618601489	0.0044772844	-0.1152834591	-0.0570045385	0.031276089	0.0520373454	0.0154303762	0.0844126014	-0.0205681492	0.1166580125	-0.04632656	-0.0469978677	0.0056102753	-0.0613604216	0.0156535719	-0.0639247016	0.073526927	0.0557466772	-0.0316764108	0.0746323261	0.0389639132	-0.0728812337	-0.01065626	0.0117832721	-0.1649322755	-0.0607538574	-0.0717096763	-0.2242285463	-0.0028965886	0.0390654309	0.0717252943	0.0354804919	-0.0544187359	-0.075314809	0.1084724807	-0.0212382839	-0.0711459538	-0.0485244364	-0.0280623747	0.0060051886	-0.054233518	0.0507985196	0.1652196154	0.0372015003	0.0655712986	-0.0211521448	-0.0338081293	-0.0651682056	0.0267283202	-0.0381213519	-0.1257022534	0.0461095943	-0.0392353965	0.0220493562	0.0516294282	-0.0752781605	-0.0033089163	0.0261101567	0.0119940533	0.1023732652	0.1086936455	-0.0660729736	0.0847094165	-0.0148980014	0.01356684	0.0044877709	-0.0060417764	0.0802411748	-0.0588871972	-0.0900535332	0.029180934	0.1267237911	-0.0362551612	0.0389872645	-0.0674128592	0.022742127	0.0949210971	0.0960087721	0.0463409002	-0.0362826503	0.0686701329	0.0354880513	0.0476953363	0.0151740128	-0.1255324169	-0.0446835199	0.1150284477	0.0090221553657698	-0.0055348094809204	3.063411599008745e-05	8.139928744408879e-05	-0.0138949322288084	0.0171416391300169	0.0002938357920637	0.0001930691416431	-0.2705681271286977	0.0133237849628287	0.0732071114179311	0.0001775232457357	0.0055799224565153	0.0002191716958064	4.8036232242653196e-08	3.1135534620723735e-05	-0.0008466714149679	0.0001860098283424	3.4599656239969114e-08	7.168524849237459e-07	0.0020933787386591	-0.0002679106391698	4.382234543469964e-06	7.177611058037082e-08	0.0	0.0	0.0	0.0	0.0	0.0	0.0	0.0	0.0	0.0
986.100694892966	1.432531325029231	972394.5804683904	2.0521459971900047	1200.1343496662296	-3.102960037858338	9.62836099654582	1440322.457248784	897.1742276335849	0.2953972036548293	804921.5947299196	0.0872595079270927	952.1177054597898	789.4310435835085	1.084323	20.93223	0.053779905406472	0.028618820231568	0.1206649393	0.0042157241	0.1252200919	0.0056381504	-0.1791415109	-0.0689129067	-0.0032027014	0.0851466215	0.0181618879	0.0624706221	-0.0791586982	-0.0385987989	-0.0399410834	-0.1108276693	-0.0974326632	0.1227256051	0.1331260911	0.0546397274	0.0991733614	0.1073413478	-0.1341784833	-0.1142935024	0.0647510097	0.026476015	0.0992920948	0.0197117361	0.0285996223	0.0279377565	-0.0377228038	-0.0938354988	-0.0143555446	-0.0285570696	-0.0488554941	-0.092552483	0.0317349009	0.0235158243	0.0050930225	0.1695499976	-0.0854946954	0.0680032971	-0.0380596225	-0.0695946245	-0.0369514091	-0.0317734824	-0.1983927161	0.0684992832	-0.069448312	0.0566166629	0.0816072589	0.1412626139	0.0543010902	-0.1196886267	-0.1019602685	-0.1226388211	0.1014725097	-0.0228093154	-0.0410627882	0.1332920698	0.0890475325	0.0033446236	-0.0143619264	0.0388818062	-0.0317860712	0.0621768891	0.0651151576	-0.0134440493	0.0194894865	0.0620457537	0.0123590922	0.0246083795	-0.0713879058	-0.0645413659	0.0147419987	0.0563358862	0.0065420186	-0.007023539	-0.0339872686	-0.0111610778	-0.1158546384	-0.0760801682	-0.0048311286	0.0702771916	0.0323543087	0.01422047	0.1051056142	0.1155750656	-0.1035703035	0.0708257878	-0.0135945962	-0.0617980428	-0.043592292	-0.0895273191	-0.0133441531	0.1687347738	0.0149216702	-0.0368023563	0.0312140676	-0.0035145764	0.0777572144	-0.0066846585	0.0118374071	0.023561359	0.0064695422	0.0593624588	0.0715198543	0.0229318459	-0.0556613206	0.0346375891	0.0118128082	-0.1269376627	-0.0350428114	0.1205247148	0.0138711031001435	0.0048489477343737	2.351229413068784e-05	0.0001924075012148	-0.0168695008364494	-0.0029745686076409	8.848058401563308e-06	0.0002845800584709	-0.2901247904653701	-0.0195566633366723	0.0841723940425749	0.0003824630808639	0.0059021322172659	0.0003222097607506	1.0381912992295893e-07	3.4835164710088085e-05	-0.0010317701039199	-0.000185098688952	3.4261524651749256e-08	1.0645495473428813e-06	0.0021140648035122	2.0686064853100115e-05	4.469269993449077e-06	4.2791327910666387e-10	0.0	0.0	0.0	0.0	0.0	0.0	0.0	0.0	0.0	0.0
986.346764609842	0.2460697168760361	972879.940056303	0.0605503055634526	1204.8686193178778	4.734269651648219	22.413309134517352	1451708.3898169692	897.6734214766919	0.4991938431070366	805817.5716256707	0.2491944929959727	953.9682109081532	808.7661748041301	1.095336	21.144817	0.0595304912953652	0.0296142410428118	0.0831790439	0.0720849063	-0.1223379577	-0.0489582711	-0.1200200418	-0.1577245593	-0.0233830471	0.0433838578	-0.1035912875	-0.1383507947	-0.0224985168	-0.0621436117	-0.0908949833	-0.0842656768	-0.004715171	-0.0316883286	0.1279753193	0.0073017047	-0.0151163802	-0.0401165795	0.060845366	-0.0306583978	0.0701751215	0.0093607523	-0.0712885298	0.0327492842	0.0902164517	0.0008705205	-0.0427783825	-0.1035881389	-0.0230978077	0.0255120221	-0.0624613529	0.0017244106	0.0162895317	-0.0399145599	0.0080311864	0.1332365438	0.1407839861	0.0927578404	0.0328661661	0.0447841579	0.0788435408	0.1070268686	-0.0669714667	0.0291549574	-0.030680428	0.0339072745	0.0552379642	-0.0719849263	0.268440628	0.0967416612	-0.168643174	-0.0217321318	0.0364516833	0.0464165795	0.0026159868	-0.1078750029	-0.0488451344	0.0761262616	-0.1517505236	-0.0189998672	0.01511995	0.0319298135	0.0002441837	-0.0729089476	0.014560678	-0.0283528332	0.0026390013	0.0341933295	0.023403395	-0.0799108493	-0.0620153835	-0.0283987852	0.0520070313	0.0354245223	-0.1212269571	-0.0390370996	-0.0653212571	0.047335822	-0.0640952052	0.018048537	-0.0360749833	0.1010324716	0.0769275333	0.1217498198	-0.0784394168	0.027608839	0.042256535	-0.0158325973	2.96115e-05	-0.0229367223	0.1462224898	-0.0247513602	-0.1307004556	0.0208931482	0.0532840993	-0.0025565819	0.0876134829	-0.0342847763	-0.0468918743	0.0038989619	0.0769302771	0.0798002699	0.0201196671	0.0684099888	-0.0591504707	-0.0139403299	0.0084435077	-0.1279949812	-0.0251860523	0.124700488	0.0192526905259029	0.0053815874257594	2.8961483221091687e-05	0.0003706660924861	0.0003076190605781	0.0171771198970275	0.0002950534479568	9.462948643095277e-08	-0.2857846467326368	0.0043401437327332	0.081672864308098	1.8836847620783983e-05	0.0061484261855845	0.0002462939683186	6.06607188301238e-08	3.780314455958117e-05	-0.0011471205222537	-0.0001153504183338	1.3305719009782678e-08	1.3158854925756015e-06	0.0024050532216567	0.0002909884181444	5.784280999001271e-06	8.467425949423825e-08	0.0	0.0	0.0	0.0	0.0	0.0	0.0	0.0	0.0	0.0
986.363805626137	0.0170410162950247	972913.5570492758	0.0002903962363672	1204.3388661423774	-0.5297531755004456	0.2806384269528059	1450432.104501107	898.3323443552969	0.6589228786049262	807001.0009148837	0.4341793599490022	953.7300157961638	790.6940835904858	1.143504	22.074682	0.0691089100314098	0.044093525398004	0.0789180982	0.0402503999	0.1743446398	0.0588141343	-0.1313650631	-0.0211496772	-0.0424969755	0.0624617994	-0.0350167253	0.0103068569	-0.1057809073	-0.0471413615	0.0201971513	-0.0810681636	-0.130008523	0.0665342978	0.0973582723	-0.0327833554	0.1772705112	-0.0112214566	-0.1714963771	-0.0583763737	0.0353023004	-0.0874938682	-0.0950320756	0.0965093702	-0.0419939544	-0.0050607533	0.2042369706	-0.0909954655	-0.058916828	0.078060943	-0.0077704409	0.0065494529	-0.0861435703	0.0350291885	0.0019405504	-0.0930321629	-0.0219597496	-0.2026288834	-0.173892591	0.1467040916	-0.0229454729	0.049141651	0.0534110292	0.0074037675	0.0256343493	-0.1473180602	0.1295147961	-0.1288145668	-0.0433396911	0.1076020722	-0.0547522892	-0.0403445672	0.0927638818	-0.0090760199	-0.1162060974	0.1455377501	0.0834497245	-0.0625138777	-0.1099319738	0.0642093225	0.0363311121	0.0737726987	-0.0448586974	-0.1002126004	0.0053247575	-0.0498837899	-0.0859071475	-0.0317017513	-0.1193899641	0.0308898697	0.0227419198	-0.0203948489	-0.1050920342	-0.0412386664	0.1293659318	0.0224401072	0.0878309903	-0.0136031085	0.250044383	-0.0501716004	-0.0133065632	-0.0698379252	0.0679405785	0.1269526837	-0.0616032865	-0.0035999188	0.0670294209	-0.0582666278	-0.022082336	-0.1316479202	0.0410212163	0.1978839676	-0.0555434435	-0.0086325798	0.033548068	-0.0690128142	0.0838975304	-0.0279396513	0.1118596835	-0.0133014837	-0.029358015	0.0866154724	0.0491858401	-0.0439817416	-0.0083760535	-0.0278652938	0.0050684204	-0.1287014744	-0.0151740128	0.1275100165	0.0202728128563336	0.0010201223304306	1.0406495690433592e-06	0.0004109869411079	-0.0025986453015462	-0.0029062643621243	8.446372542553765e-06	6.752957403248141e-06	-0.284023251286392	0.0017613954462448	0.0806692072712929	3.102513918051981e-06	0.0065141014045349	0.0003656752189503	1.3371836575442274e-07	4.243351710856356e-05	-0.0012851941303755	-0.0001380736081217	1.9064321259772376e-08	1.6517239527516378e-06	0.0031697269524367	0.00076467373078	1.004716895300365e-05	5.847259145450044e-07	0.0	0.0	0.0	0.0	0.0	0.0	0.0	0.0	0.0	0.0
986.3321021141796	-0.0317035119574029	972851.0156609764	0.0010051126704331	1202.4708848718094	-1.8679812705679524	3.489354027192661	1445936.2289643923	897.9656113650241	-0.3667329902727942	806342.2391941615	0.1344930861544254	954.5447249546684	804.2572485213955	1.131141	21.836029	0.0747810422090198	0.0392313726167547	0.0680042607	0.0965982411	-0.0627145441	-0.0898105999	0.0030469957	-0.1568515278	-0.0035307924	-0.0298971358	-0.1674517897	-0.1765108508	-0.1067298414	-0.0797340842	-0.0143049626	0.029562804	-0.0694794915	-0.0587763425	0.0152056307	-0.0122980774	0.0370616319	-0.2084500588	0.0432778316	0.0309339131	0.1342034704	-0.0629320084	-0.1440159128	0.0170529593	0.0595922926	0.0286713462	0.0548405105	0.0197215812	0.0394023897	0.1191566724	-0.0540645224	-0.028218083	-0.074464989	0.0475890651	-0.0871184316	0.0783875917	0.1667596553	-0.0088162602	0.0295145027	-0.0470851202	-0.0476561561	0.0355699097	-0.2188463104	0.0777460268	-0.0636145232	-0.0257908169	0.0271490938	-0.0339220655	0.0320345931	-0.0537859947	-0.1090748993	0.0676245732	-0.0631725354	0.0545226831	-0.1616622978	-0.0610552036	-0.1141964047	0.0772703899	-0.1835626145	-0.0401206267	0.0596327397	0.0290943998	-0.0471631293	-0.0908804828	0.044657443	-0.0459906154	-0.0333868901	-0.0299102719	0.0928969267	0.0086232504	0.0517949899	0.0347882708	0.0525745897	0.0236685955	-0.1104523921	-0.0773639921	0.0128110456	0.1094261167	0.0657269795	0.0367771512	-0.0001227708	-0.2049187315	0.0758624961	0.1034240026	-0.031710366	-0.0755088517	0.1343832603	-0.0178681756	0.0027262593	-0.0166297783	0.1329427283	-0.0368210563	-0.1208952429	0.0294788813	-0.0043708518	0.0432495756	0.0833144837	0.0198989618	0.0144264578	0.0459178569	0.0329471986	0.1443987808	-0.0102921632	0.0398519026	-0.068481511	-0.0775965647	0.0016898595	-0.1290552057	-0.0050684204	0.1289225186	0.0286665130608838	0.0083937002045502	7.045420312386608e-05	0.0008217689710698	-0.0029764222792749	-0.0003777769777286	1.4271544490183062e-07	8.859089584563991e-06	-0.2705476076935511	0.0134756435928409	0.0731960080287036	0.0001815929702412	0.0059567577984571	-0.0005573436060778	3.106318952358059e-07	3.5482963469479474e-05	-0.0015178536262818	-0.0002326594959063	5.413044103537365e-08	2.3038796308168105e-06	0.0029090516257428	-0.0002606753266938	8.462581361236828e-06	6.795162594697148e-08	0.0	0.0	0.0	0.0	0.0	0.0	0.0	0.0	0.0	0.0
986.6970046324412	0.3649025182616014	973570.9789506318	0.1331538478336583	1202.9822669878397	0.5113821160302905	0.2615116685956175	1447166.334687202	897.2630172950634	-0.7025940699606963	805080.9222054412	0.4936384271439358	952.547533664557	794.1411880292849	1.245813	24.049694	0.3072165282036446	0.1677147186837504	0.0032392322	-0.0046806933	0.1784863064	0.1010319599	0.0279150301	0.1171534806	-0.0085571681	0.05112074	-0.0438953919	-0.0749627472	-0.1087849597	0.0232445338	0.0562946787	-0.0200016568	-0.0750597181	-0.0108211696	-0.1443329227	0.0135809416	0.1239020214	-0.1116310765	-0.1123662916	0.0093727636	-0.0379370801	-0.1818310326	-0.034477705	-0.1184666273	0.1019018391	-0.0269523753	0.0926828875	-0.053373667	-0.0028667602	0.0134414035	-0.084968387	-0.037440692	-0.0816196293	-0.0806535122	-0.0188559866	0.217564759	0.1098408427	-0.0019040231	-0.046721414	-0.0016428779	0.0109634543	0.0730387677	-0.1399964021	-0.1247136054	0.0128165627	0.1650571074	0.0508864145	-0.0611358602	-0.065436031	0.086264627	0.1100961847	0.0230300044	-0.04514194	0.0340242087	-0.0969070045	0.1688772147	-0.008962252	-0.0934009475	-0.0671905184	0.0361308231	-0.0081596819	0.0206220844	-0.065077174	-0.2385389882	0.0614922874	-0.1191501283	0.0081196865	0.0380202422	0.0410671297	-0.0018264981	-0.0371843041	-0.0443378403	-0.0110519512	0.1331078986	-0.0976262444	-0.0494652718	-0.0747814967	0.2071744855	-0.0439341137	0.03764428	0.228936997	-0.0260422843	0.0224788917	-0.014043912	-0.0084773856	-0.105847976	0.0680981388	0.0290344048	0.0655866855	-0.061855903	-0.054902526	0.1400533099	0.1100578639	0.0011099314	-0.0394222156	-0.0438599606	-0.0066911803	-0.0598833905	0.0359640414	0.1115558968	-0.0434361502	-0.1216815103	-0.1039533549	0.1645018116	-0.0575272806	0.0517973432	-0.0016898595	-0.1290552057	0.0050684204	0.1289225186	0.0228950647957617	-0.0057714482651221	3.330961507698089e-05	0.0005241839920021	0.1120426701005925	0.1150190923798674	0.0132293916118884	0.0125535599232702	-0.189236586701881	0.08131102099167	0.0358104857465785	0.0066114821347078	0.0063492806786108	0.0003925228801537	1.5407421144415602e-07	4.031336513578042e-05	-0.0030838504182084	-0.0015659967919266	2.452345952324403e-06	9.510133401884124e-06	0.0030528312850022	0.0001437796592593	9.319778854688184e-06	2.067259041674911e-08	0.0	0.0	0.0	0.0	0.0	0.0	0.0	0.0	0.0	0.0
985.7011060803264	-0.9958985521147952	971606.6705279788	0.9918139261043454	1203.0810141367456	0.0987471489058862	0.0097509994170412	1447403.9265763003	896.652965158656	-0.6100521364073757	803986.53992781	0.3721636091352033	952.7536263819544	807.0522288143907	1.222254	23.594906	0.0747865482815836	0.0359811981211464	0.0213432087	0.0553177908	-0.0830112693	-0.2224511883	0.0936874192	-0.1262908238	0.0591789289	-0.1371442088	-0.108107633	-0.0703719454	-0.0728400016	-0.0865963206	0.0874998887	0.1229594494	0.1355316848	0.0083642073	-0.0408268342	0.007962995	-0.0009230795	-0.0867519958	0.0981626052	-0.1217373888	0.1917481131	-0.0346138813	0.137662092	0.03179041	0.1589085358	-0.0643976982	-0.1749969426	-0.118237582	0.0062974054	0.0032339864	-0.0370265021	-0.0087925951	-0.0347582241	-0.0364313578	-0.0235049868	0.0433167266	-0.0032815627	-0.1143800246	0.0453059983	-0.2115221794	-0.0428773732	0.067973382	0.221026832	-0.0320529759	-0.0453349743	-0.1409028074	0.1319812605	-0.0146268586	0.0866572548	0.0184816972	-0.0143633503	-0.0220636391	-0.0737617916	-0.0573516332	-0.1403613389	-0.0869362946	-0.1617251298	0.1892566065	0.0752102834	-0.0039411128	-0.0876236116	0.0288474834	0.0312374743	-0.0870692773	0.0580282501	-0.0583915624	0.0683792667	0.0300041025	-0.0252537018	-0.0281827722	0.0159273232	0.0465047283	0.0707501679	0.081274303	0.120003376	0.0975295249	-0.2209394252	0.0073067292	0.1165961729	0.0819288878	-0.1101668423	0.0555230486	0.0279843727	0.00740951	0.0108708899	-0.0797436973	0.0108394128	0.0607172703	-0.0844520392	-0.0819885063	-0.0606984418	-0.2066094659	-0.0202212227	0.0095405152	-0.0731335781	0.1445464851	0.0044728443	-0.0641536381	-0.0739397838	0.1060281275	-0.0177313297	-0.076348856	-0.1097462795	0.1032359514	-0.0816465207	0.022628035	-0.0050684204	-0.1287014744	0.0151740128	0.1275100165	0.0126720452392419	-0.0102230195565197	0.0001045101288529	0.0001605807305453	0.1034040294976392	-0.0086386406029533	7.462611146699338e-05	0.0106923933163486	-0.2212949182877466	-0.0320583315858656	0.0489714408599804	0.0010277366240693	0.0061131439526552	-0.0002361367259555	5.576055334503012e-08	3.737052898588484e-05	-0.0033171934814497	-0.0002333430632412	5.444898516283324e-08	1.1003772593372382e-05	0.0030606826265302	7.851341528000017e-06	9.367778140343803e-06	6.164356378929763e-11	0.0	0.0	0.0	0.0	0.0	0.0	0.0	0.0	0.0	0.0
986.0286451262303	0.3275390459039045	972252.4890094696	0.10728182659164	1203.085806964195	0.0047928274493642	2.297119495937959e-05	1447415.458918688	896.7170456280126	0.0640804693565542	804101.4599198311	0.0041063065529562	953.0338321890672	797.9430436260624	1.156699	22.329397	0.1129224086406366	0.0549051869181048	0.0230545283	0.0408704199	0.0045055303	0.154380887	0.106237309	0.0792926982	-0.0878001831	0.1280686438	-0.0571359094	-0.1292291072	0.0273884877	0.0829332889	-0.0062324489	0.015113292	0.0280167692	-0.0199004651	-0.0293213125	0.0080322215	-0.0258325407	-0.0516558316	0.0738360997	-0.1148834289	-0.1049320334	0.0111520783	-0.0043919523	-0.0837162525	-0.0627420721	0.0324525785	0.0630017254	-0.080091593	-0.0686292062	-0.0499134606	0.0263084643	-0.026042205	-0.0406461577	-0.0809689895	-0.0026560664	-0.0931937873	0.0597815967	0.1569071631	-0.0291894285	-0.0121736105	-0.0075966483	-0.1024911236	0.0317602348	0.0945261697	-0.2535687192	0.1546113208	-0.0693868624	0.1102203023	0.0903277423	-0.0359909881	0.0160142921	0.0947533162	0.0178477759	0.1327000113	0.0727492162	0.0044818682	0.0165107395	0.0568873625	-0.0169978995	0.0292384969	-0.0011934834	-0.064153657	0.0343818838	-0.0335814802	0.0397787329	-0.0881225858	-0.0901775338	0.0166986207	-0.097198955	0.0616032304	5.56607e-05	0.0501912136	-0.0565738816	0.0490170742	-0.0703441937	0.0737558317	0.0544392327	-0.0742707662	-0.0872818541	0.1463119811	-0.1091594045	0.0234602645	0.0218873039	0.0254764194	0.0814636223	-0.0280625328	-0.0039802762	0.1199228069	0.121036098	-0.0355634717	0.0736321104	0.0353056802	0.0566200588	0.1296228581	0.0151568029	0.0812398154	-0.0319011881	-0.021753029	-0.0628250273	0.0069795813	0.0114752391	-0.1143913588	-0.0004959	0.1616155855	-0.0476488339	-0.0326437768	-0.0084435077	-0.1279949812	0.0251860523	0.124700488	0.010212902997182	-0.0024591422420599	6.047380566683396e-06	0.0001043033876298	0.0711155121194764	-0.0322885173781627	0.0010425483544799	0.0050574160640153	-0.2325599232089956	-0.0112650049212489	0.0540841178829739	0.0001269003358757	0.0062008546890666	8.771073641140013e-05	7.693173281830113e-09	3.8450598874919246e-05	-0.0037721033768531	-0.0004549098954034	2.069430129359325e-07	1.422876388566656e-05	0.0038562568766987	0.0007955742501684	1.4870717099086012e-05	6.329383875311709e-07	0.0	0.0	0.0	0.0	0.0	0.0	0.0	0.0	0.0	0.0
985.6486921080364	-0.3799530181939872	971503.3442542828	0.1443642960347203	1203.077096547166	-0.0087104170288512	7.587136481650141e-05	1447394.5002363592	897.6440213284384	0.926975700425828	805764.78902669	0.8592839491799547	953.011745384587	802.9333494526066	1.049077	20.251822	0.0443250096737491	0.0269486528470534	-0.0091116489	0.0242273834	0.0455174577	0.0138099742	0.0962715137	0.0866921706	-0.0124484229	-0.0109277208	-0.0045463397	0.0469220235	-0.0634858256	-0.1499988677	0.0040569277	0.0146805591	-0.0983424785	-0.0914465765	-0.0499225248	-0.0698784566	0.0844879458	-0.0670097254	-0.00720118	0.0153251014	0.0028253823	0.0881096157	0.047900052	-0.1288223448	0.0848494225	-0.0194623452	0.1178589293	0.1200930195	0.0429803767	-0.1200612502	0.1698035925	-0.0447192996	-0.0556396867	0.046731328	0.2065722987	0.2292548426	-0.1126161074	0.0503103091	0.0105384653	-0.0868524555	-0.078600207	-0.0091151986	0.1568195722	0.1542970147	0.0627750922	0.0696116325	0.0178898194	0.0016974102	-0.0820140438	-0.0148552052	0.0711740986	0.032209204	0.0299656538	0.025882902	-0.1325679526	0.00857044	0.0285369905	0.0004587535	0.0205460038	-0.0097581014	-0.0304927173	0.0490038091	-0.0610289495	-0.0225541138	0.1108631047	0.0986695813	-0.1256242576	0.1122219292	0.1880446495	0.0611068233	-0.0359108406	-0.1005155699	-0.0975480467	0.0785394674	-0.0612683848	0.0627339148	-0.0590279188	-0.1474921424	0.0160208539	-0.0511077394	0.1646437132	0.1167073083	-0.0048325129	0.0348045125	0.0746075451	-0.0114548472	0.0874833126	0.1523724711	0.0682895836	-0.0816649939	-0.0667544556	-0.0011782218	0.0030290264	-0.0435087181	-0.0758936432	0.0521651659	0.1126872381	0.0274562701	-0.2245230265	0.1941764887	-0.0547350161	-0.0584488218	-0.0436539534	0.2212041459	-0.0258351956	0.0230200307	-0.0118128082	-0.1269376627	0.0350428114	0.1205247148	0.0107819895389695	0.0005690865417875	3.238594920436562e-07	0.0001162512984184	0.0715494784949442	0.0004339663754677	1.8832681503665065e-07	0.0051193278728984	-0.2512603563541944	-0.0187004331451988	0.0631317666752367	0.000349706199818	0.0065132156829463	0.0003123609938797	9.756939049751408e-08	4.242197853257764e-05	-0.0039500005583616	-0.0001778971815085	3.16474071886683e-08	1.5602504411056954e-05	0.0038584291735364	2.172296837700191e-06	1.4887475687196788e-05	4.71887355108225e-12	0.0	0.0	0.0	0.0	0.0	0.0	0.0	0.0	0.0	0.0
986.9599374986994	1.311245390663089	974089.9182274368	1.7193644745351968	1204.1113451604974	1.034248613331329	1.0696701941777762	1449884.1315442226	897.1686877138126	-0.4753336146258107	804911.6542141245	0.2259420451932387	951.3434867956448	816.7010750248007	1.54107	29.749456	1.0104008565035674	0.49365182182864	-0.1573063066	-0.1638281356	-0.0163101199	0.0849296519	0.0642902136	0.1075373499	0.1294451088	-0.0292832841	0.0943065505	-0.0236334924	0.0458716555	0.0091041077	2.26227e-05	0.1505450709	0.2396333011	0.2903082559	-0.1564069107	0.0203869626	-0.1931354339	-0.0096156179	-0.1171891886	0.099993566	-0.0381327877	0.0237698027	0.1945106917	-0.0370782981	0.0374153734	0.0590262119	-0.1066792203	-0.1555243788	-0.0265252637	0.0110803055	0.2125865315	0.1230925609	0.0016103087	-0.0128539512	-0.1898423492	-0.0732107788	-0.0530178507	-0.0166884087	0.0144301604	0.0270765692	0.0919409204	0.0195440984	0.0288550356	-0.0465549179	-0.0269109619	-0.0683544013	0.0594089312	0.0265789722	-0.0536845261	0.0654543085	0.1659245725	-0.0184788832	-0.1129968152	-0.1213986219	0.100391891	0.0054494072	0.0306026894	0.0349147879	0.0250177442	0.2144021003	-0.3405256036	-0.1157152145	-0.0327020104	-0.1052604298	0.1068167654	0.0160142594	0.0815848274	-0.1505424622	0.0631937274	-0.1218816117	0.101029289	-0.1201693998	0.1122875198	-0.0921732648	0.0235804313	-0.106747666	0.0352012316	-0.0282069406	0.0566190919	-0.135344448	-0.1044736841	0.1022391047	-0.1820978525	-0.2348461602	0.1208005994	0.1838777811	-0.1066509128	0.1046110121	0.0290134972	-0.0264613071	-0.0444429224	0.0514571278	-0.1055036887	0.0986625844	-0.3024133234	0.0323324381	0.0885244216	0.0333737221	-0.0284202938	0.2812795158	0.2160524702	-0.102195944	0.1153911158	0.0933041687	0.1746179555	-0.258552078	-0.0151740128	-0.1255324169	0.0446835199	0.1150284477	0.0188940241720416	0.008112034633072	6.580510588816118e-05	0.0003569841494136	0.3749856763609642	0.30343619786602	0.0920735261753864	0.1406142574758898	-0.0409048913931542	0.2103554649610402	0.0016732101398857	0.0442494216389754	0.0121114260115993	0.0055982103286529	3.133995888383712e-05	0.0001466866400344	-0.006324074691743	-0.0023740741333814	5.6362279907906456e-06	3.9993920706744326e-05	0.0056560878923707	0.0017976587188342	3.1991330246222424e-05	3.231576869400975e-06	0.0	0.0	0.0	1.0	0.0	0.0	0.0	0.0	0.0	0.0
987.9383238696238	0.9783863709243406	976022.1317703216	0.9572398908105012	1193.5395410616104	-10.571804098887014	111.76304190524428	1424536.6360775596	896.2330805934488	-0.935607120363784	803233.7347500232	0.875360683675412	949.2721035462206	832.7356802442847	1.418678	27.386761	0.1506607302342854	0.0979018411933087	-0.1714939956	-0.289319971	-0.1459720717	-0.0688481757	0.0283381209	0.019255463	0.2490046498	-0.0494593624	0.1460900172	0.0158038203	0.2379971308	0.2263824812	-0.0581529774	-0.014282346	0.1628646444	0.1348225048	-0.1840725115	0.0878316818	-0.316179358	0.0880600912	-0.030010958	0.2384947634	-0.0340019944	-0.1091293198	0.1079991595	0.0577942696	0.1026131358	-0.0037795871	-0.0602581	-0.1764233839	-0.1316292964	-0.1804567117	-0.0879823157	-0.1163751646	-0.093199381	-0.0034661265	-0.081642272	-0.1278638235	-0.0504982629	0.0751647404	-0.0204839544	0.044587528	-0.0278462801	0.0444813576	-0.0173492989	0.0359259566	0.0588555912	-0.0003472151	0.0755555741	-0.1024349111	-0.0111937689	-0.1023254136	0.1275597692	-0.1332233532	-0.1645372088	-0.1677300425	0.2495891822	-0.1402521225	-0.0851095981	-0.1658155764	0.063864352	0.0764948984	-0.1336314971	-0.035961214	-0.0648092148	-0.2074191123	0.0808927772	-0.1137875687	0.0422397144	-0.0786828857	-0.1927249068	-0.1028666528	-0.2217885096	-0.0399065956	0.0484811813	0.1077608295	-0.0401722781	0.1079776359	0.2062260439	-0.0070282883	-0.0021899204	0.1633420603	0.0161843544	0.0035240948	-0.1989040357	-0.3379458752	0.0935646363	0.1722456614	-0.2738553681	0.0503534366	-0.2081786915	0.0172860047	0.0311395189	0.0517006477	-0.1917268421	-0.0623873243	0.2055555004	0.1316465398	0.2176222473	0.1192279754	0.2308756742	0.1209437931	-0.2529170476	0.1122218497	-0.0829906465	-0.0080998277	0.0544592255	-0.1000299904	-0.0185248178	-0.1237830955	0.0540487397	0.1082719048	0.0260553393212461	0.0071613151492045	5.128443466622588e-05	0.0006788807071452	0.4691883178822138	0.0942026415212496	0.008874137669581	0.2201376776371413	-0.0385114745592929	0.0023934168338613	0.001483133672731	5.728444140610659e-06	0.0124246288555877	0.0003132028439884	9.80960214824222e-08	0.0001543714021991	-0.0067807735027669	-0.0004566988110238	2.0857380399064325e-07	4.597888929582569e-05	0.0054879224127836	-0.000168165479587	3.011729240873257e-05	2.8279628524759248e-08	0.0	0.0	0.0	0.0	0.0	0.0	0.0	0.0	0.0	0.0
984.445115739204	-3.4932081304198164	969132.1859027748	12.20250304243111	1199.5627755988137	6.02323453720328	36.27935429015841	1438950.8526023298	895.0691878040385	-1.1638927894102835	801148.8509561812	1.354646425241251	951.8312451296756	817.7650155237276	1.489447	28.752909	0.5206130685086048	0.3001260336026508	-0.13093818	-0.2112335655	-0.0344620324	0.0708497671	0.2691102316	0.0528585638	-0.0188010364	-0.1316478226	0.1363663103	-0.0909366804	0.2444993137	0.2587139579	0.0918436275	0.0439681149	-0.1416721199	-0.1457991636	-0.2706941036	0.076559692	-0.2103787309	-0.0384322904	0.0072076742	-0.0425155769	-0.062597366	0.0677325065	0.0995287995	0.0514745373	-0.0055307579	-0.0509883261	0.0553135206	0.0191992	-0.0881629141	0.0588085724	0.0418708383	0.0121844698	0.0215189202	0.0301539742	0.0978720897	-0.0355161405	0.2176108386	-0.0333824741	0.2087611324	0.0680097112	-0.0608355522	0.0351688057	-0.0753760751	0.0449382816	0.0550451665	-0.0825656484	-0.0456832857	0.0365978509	-0.1522642969	0.1431062933	0.1218956301	0.1166187996	-0.2399906257	-0.0005549666	0.2561471951	0.0139990863	-0.0821809567	0.0405447953	0.0670614434	-0.0847075621	0.0877795981	0.0838380617	-0.0984841788	0.2066311102	0.1198045646	-0.0290354719	-0.0978499347	0.1463170345	-0.0198473804	-0.0186392125	0.141183899	0.0365231738	0.068974753	-0.0706729677	-0.0486817294	0.2290040225	0.095142796	0.0727666623	0.0209828804	0.0350732776	0.0553204697	0.0433316681	-0.1224636888	-0.283741371	0.1799251965	-0.0642939854	-0.0807182272	0.0757898445	0.1281507375	0.0799724654	-0.0090319912	0.0822287564	-0.041190664	0.0322734402	0.0466123831	0.0818476224	-0.0060070875	0.0111117361	0.064215891	-0.0636226486	0.1126734887	0.175571795	0.0671101669	-0.1631295614	-0.20024283	0.2642507479	-0.0218629269	-0.1216944932	0.063080731	0.1003291122	0.0842991804906319	0.0582438411693858	0.0033923450341646	0.0071063518313921	0.2864121866502245	-0.1827761312319893	0.0334071141481333	0.082031940661763	-0.0043100663809383	0.0342014081783546	1.857667220809458e-05	0.0011697363213824	0.0082831042838131	-0.0041415245717746	1.7152225778612787e-05	6.860981657652292e-05	-0.0071750494065656	-0.0003942759037987	1.55453488316282e-07	5.1481333986657365e-05	0.0051158891297794	-0.0003720332830041	2.6172321588195028e-05	1.3840876366288305e-07	0.0	0.0	0.0	0.0	1.0	0.0	0.0	0.0	0.0	0.0
984.1912618969758	-0.2538538422281817	968632.4399943616	0.0644417732140106	1199.911403290213	0.3486276913993151	0.1215412672104161	1439787.375745888	894.6438675400633	-0.4253202639752089	800387.6497270423	0.1808973269479414	950.0731619422698	805.6583951031237	1.297895	25.055105	0.2537962393176627	0.1320223378552587	-0.1290572036	-0.1918075538	0.0359356488	-0.0362133714	0.1940283011	0.1699792695	0.1208006518	0.1394440099	0.0722652201	0.0645306644	0.1435529213	0.1383895041	0.0756267877	0.1894450041	0.0325282873	-0.0376831119	-0.3104362659	0.0409661076	-0.1139638102	0.137034004	0.0883938712	-0.1123182878	0.0183409444	-0.0068708254	0.0369617495	0.0433421066	0.0835775304	-0.0506918169	-0.0677910698	-0.0341328415	0.059338844	0.0309647374	-0.1184092086	-0.0818199072	0.0705535948	0.0787352852	0.0436205195	0.0630969916	-0.0232324791	0.0444484231	-0.2034675126	-0.080809382	0.1506139111	-0.1937630222	-0.0151889801	-0.0218765381	0.1408668448	0.0929829704	0.0406752672	0.0920979072	-0.0282724248	0.078667518	0.2403684476	-0.0131825047	-0.0680193357	0.0296882816	0.2007672921	0.0880788085	-0.142510366	0.0950011394	0.1219687103	0.0236415936	0.1092928571	-0.036197454	0.019041063	-0.0155296062	-0.0820161888	0.0565600537	-0.0025980548	0.0073233578	-0.1353139854	-0.1120882514	-0.0866533697	0.2147324144	-0.0587262052	-0.0309612747	-0.1109766088	-0.000529995	-0.209132928	0.0392845106	0.0180427986	-0.1407291532	0.0285688142	-0.0600906144	-0.1285187579	-0.2577052214	0.0679791214	-0.163324811	-0.0075629303	-0.0516982947	-0.0795690673	-0.0165585013	-0.0381342421	0.022939224	0.0079949282	0.3199000814	0.0698587701	-0.1330707829	-0.1410816903	-0.085930972	0.0793477197	0.1034441486	0.1236444007	0.0045808113	0.1341099614	-0.1665993229	-0.2124941575	0.1523862047	-0.0251860523	-0.1192723348	0.0717238087	0.0912870929	0.060994471021246	-0.0233047094693858	0.0005431094834524	0.0037203254951616	0.3594686571481844	0.0730564704979598	0.0053372478816192	0.1292177154719189	-0.0194278032036052	-0.0151177368226669	0.000377439537318	0.0002285459666394	0.0089645082856168	0.0006814040018037	4.643114136740986e-07	8.036240880289227e-05	-0.0053628138456367	0.0018122355609289	3.284197728295286e-06	2.875977234295269e-05	0.004763182241959	-0.0003527068878204	2.268790507011357e-05	1.2440214871595225e-07	0.0	0.0	0.0	0.0	0.0	0.0	0.0	0.0	0.0	0.0
986.859323790056	2.668061893080221	973891.3249513666	7.1185542653068135	1201.8813621834531	1.9699588932401184	3.880738041055832	1444518.808763953	896.4454988910051	1.8016313509417612	803614.5324819429	3.245875524696236	950.169326196851	806.6436075238877	1.497612	28.910522	0.3766362956987679	0.18110425000326	-0.1498615371	-0.2385957266	0.0439301208	-0.1042657863	-0.0663895785	0.093737715	0.2618398961	-0.1033511188	0.2016194507	0.0406310265	0.130172482	-0.0353451754	0.1565620948	-0.0301775481	-0.0334054888	-0.0653159211	-0.2664410611	0.078085643	-0.088104385	0.1827626182	0.0810326795	0.0971960903	0.0211139273	0.2688256202	-0.1237319838	-0.0324961475	-0.0568144885	0.0469824043	0.0517782624	0.1713723228	-0.0723255496	0.0387588288	-0.0290098131	0.0662506234	-0.1210205251	-0.067312218	-0.0784558636	-0.0747677783	-0.0391656385	0.0002902834	-0.1535981978	-0.1110362424	-0.0534283964	0.0689797204	0.0590200091	-0.0131257183	0.0422447761	-0.035170255	-0.0464215306	0.0582873016	0.0643001487	-0.1608908032	0.2680096094	-0.154012832	-0.1172906635	-0.1082814802	0.1584246034	-0.1181546142	0.0536062816	0.0649070626	0.0448620317	-0.1745107758	0.1000708211	0.0043224567	0.0214815365	0.093377236	0.0476413631	0.0865361691	0.0422083087	-0.1157377681	0.0082432874	0.1461731228	0.0807424376	-0.0799243955	-0.0875251021	-0.0231327807	0.0283140204	0.0015657756	0.0149065478	-0.0677440014	-0.0121549354	0.0040419428	-0.1755692443	-0.0812037259	-0.1136445083	-0.3205067693	-0.1727461979	-0.0314780024	0.0250368518	-0.1566076324	0.0009006675	0.1194944851	0.064950954	-0.1028461838	0.0892204131	-0.1966197925	0.0878210944	-0.2733270792	0.1060842452	-0.0377807512	-0.0364072594	-0.0947657657	-0.1934710445	0.0852091468	-0.022650614	-0.0446664444	0.1142424712	-0.116535643	-0.0284919163	-0.1165232592	0.0799246852	0.0812449131	0.0148692861253323	-0.0461251848959137	0.0021275326816822	0.0002210956698769	0.3990516075909909	0.0395829504428065	0.0015668099657576	0.1592421855209541	0.0003921039184575	0.0198199071220626	1.537454828697258e-07	0.0003928287183271	0.0078103906510327	-0.0011541176345841	1.3319875144579987e-06	6.1002202121739006e-05	-0.0027800315472725	0.0025827822983641	6.670764400743458e-06	7.728575403830331e-06	0.0030779171101476	-0.0016852651318114	9.473573736939352e-06	2.840118564499295e-06	0.0	0.0	0.0	0.0	0.0	0.0	0.0	0.0	0.0	0.0
989.1851139872388	2.325790197182755	978487.1897339466	5.409300041311399	1204.5048812448165	2.623519061363368	6.8828522653369255	1450832.0089425894	899.4079819199461	2.962483028941051	808934.7179413101	8.776305696763744	954.070291406968	798.604664981093	1.332679	25.726603	0.3232953403367066	0.1535884168130278	-0.0303474768	-0.208388269	0.0712908347	-0.1824181789	-0.1639334995	0.0447601603	0.1665716086	-0.0556178509	0.2380879511	-0.0901845676	0.1113573798	-0.1666080785	0.1320266412	0.0141318913	-0.0431874235	-0.0678909986	-0.1928481896	0.064454625	0.1643189506	-0.0371459263	0.0474419838	0.2717993904	0.0874072092	0.2214204736	-0.2445689758	0.1158352308	-0.1589539913	-0.1504522912	0.0390545893	0.0470039068	0.08628037	0.0331727825	-0.0342671193	0.1866410365	0.2778185022	-0.0154418331	0.0902321162	-0.0047585088	0.0238283257	0.0638650303	0.0016196227	0.0581982278	-0.0038204298	0.2090342327	-0.0462274378	-0.0332734508	-0.0011366079	0.1004490772	-0.0918200285	0.0273867166	-0.0651280968	0.0392152211	0.1914609169	-0.0534187422	-0.2070240799	-0.0327712411	-0.0562619251	-0.0842080196	0.1439174	-0.0447016255	-0.177778754	-0.1414600861	0.2785438077	-0.0733098547	-0.161880557	0.1322766419	-0.2955272858	0.0544259486	-0.0214362174	0.015252211	0.0582679695	0.0651288638	-0.0025924052	-0.0514180003	-0.0592718355	-0.0889306889	0.0036271009	-0.193799043	-0.0451449427	0.0783991535	-0.1070014852	0.085719907	-0.0109196204	0.0940928467	0.006854994	-0.2396710453	-0.2863920813	-0.1127021889	0.1722583291	-0.2684079182	0.0324348717	0.0888072743	0.0296667106	-0.2071026187	0.2443102004	-0.1484194331	-0.0635653657	-0.2594069512	0.0453235614	0.0466729617	-0.0484037254	-0.1099691263	0.2175302947	-0.0488662663	0.1188979428	0.1097133297	0.0362140075	-0.1296375679	-0.0317782535	-0.1134548014	0.0876327994	0.0703125971	0.0215307708776038	0.0066614847522714	4.437537910474568e-05	0.0004635740945838	0.3228792966083631	-0.0761723109826277	0.0058022209604341	0.1042510401783113	-0.0437879594186298	-0.0441800633370873	0.0019173853900475	0.001951877996469	0.0060471345155431	-0.0017632561354896	3.1090721993417186e-06	3.6567835849072685e-05	-0.0013574424141953	0.0014225891330772	2.0237598415493397e-06	1.8426499078563643e-06	0.00233813275342	-0.0007397843567276	5.466864772615391e-06	5.47280894458869e-07	0.0	0.0	0.0	0.0	0.0	0.0	0.0	0.0	0.0	0.0
988.580651462217	-0.604462525021745	977291.7044454614	0.3653749441556637	1198.080395110666	-6.424486134150584	41.27402208789312	1435396.633148529	899.0926199966336	-0.31536192331248	808367.539332411	0.0994531426753465	953.8594426303872	830.2935945737307	1.707119	32.954948	0.444196903016656	0.2047680768913997	-0.1634630492	-0.1750201711	-0.130782136	0.0691942831	-0.030223792	0.1008258074	0.1023933702	-0.1519066443	0.0357526727	-0.0915766092	0.0800597243	0.108004206	-0.0310446612	-0.0521633744	0.0348652338	0.0257532261	-0.0999948156	-0.0559184591	-0.1202594301	-0.0161836674	0.003376139	0.2706115574	-0.0169341558	-0.0793328271	-0.0273514519	0.1186401595	-0.0903892303	0.0543900146	0.0766249991	0.0775538642	0.0311582583	-0.1079282087	0.1621904116	0.0045948231	0.0490027729	-0.0977909526	0.1111611889	0.084076188	-0.1602275535	-0.0627217173	-0.0354916835	-0.035343433	0.0411219555	-0.1115491207	0.0712574753	-0.0431436677	-0.1023547371	0.0082545437	-0.0179764734	-0.0519867107	0.1122220946	0.0073314721	0.1192393457	0.0773701149	-0.1165437661	-0.1338660627	0.0708406613	-0.130589465	-0.0690509036	-0.2001043662	-0.0408118654	0.1111235684	-0.043367216	0.0128342244	-0.0346427925	0.119971046	-0.1040503775	-0.0664034657	0.0432933961	0.0110924009	0.1501128519	0.2328259406	-0.0981100509	-0.0225524763	-0.1676541625	0.0116878446	0.206787282	-0.0498134208	-0.0750172104	-0.0515811122	-0.0654930855	-0.1378024955	0.0578946251	0.0848429997	-0.1412728065	-0.1649525865	-0.0126779154	0.0336756635	-0.0175817682	0.106767674	0.2023823255	-0.040310014	0.0088496878	-0.0368133039	-0.0927563689	-0.0946134721	-0.0809225321	-0.0318501371	0.071408125	-0.2185643919	-0.1625649582	-0.2850714234	-0.0041013017	-0.2431492121	-0.0797970703	0.0595896197	-0.065929378	0.1954535962	-0.0350428114	-0.1100753719	0.0948006283	0.0586099215	0.0374152702404018	0.015884499362798	0.0002523173200067	0.0013999024471622	0.2858875505853575	-0.0369917460230056	0.0013683892738305	0.0817316915796953	-0.1334213386501872	-0.0896333792315574	0.0178012536072079	0.0080341426724681	0.0075141723772995	0.0014670378617563	2.1522000878267896e-06	5.646278651577082e-05	-0.0041451206144078	-0.0027876782002125	7.771149747940004e-06	1.71820249079885e-05	0.004117162259437	0.001779029506017	1.6951025070532385e-05	3.1649459832790914e-06	0.0	0.0	0.0	0.0	0.0	1.0	0.0	0.0	0.0	0.0
986.1392747809872	-2.4413766812298263	972470.6692655714	5.960320099652761	1201.4190187846143	3.3386236739484048	11.146408036248744	1443407.658697385	898.575048474298	-0.5175715223356292	807437.117740587	0.2678802807328207	955.8987883740984	824.5250646599895	1.587574	30.647202	0.6270405205674665	0.3360489317054535	-0.1093806494	0.0302723866	-0.0413526652	0.0522847303	0.1095719403	0.1225327562	-0.0871153869	-0.0633535416	-0.1389961283	0.1298351493	0.0453625231	0.019305148	-0.1748607356	0.0829063462	-0.0911244839	-0.168243218	-0.0063811853	-0.1780814669	0.0214129047	0.0059354531	0.0161055826	0.0359749795	-0.0826046694	-0.1938692137	0.0099917178	-0.0061460769	-0.0468358354	0.0015796275	-0.1041584537	0.2112854994	-0.1312873083	0.2487878873	-0.0739102629	-0.114479379	0.0495064276	-0.0407309452	0.0308850688	-0.0450045447	-0.1841225172	-0.0230240573	-0.1170655325	0.2482366631	-0.0863926906	-0.0811573255	-0.0618447022	0.0775991591	-0.03707541	-0.1525825697	-0.1734064315	-0.078985496	0.0705453676	0.013865748	0.0062284635	0.2068755783	0.099365686	-0.020960341	-0.0526425688	0.0149343856	-0.1994874539	-0.1550220478	0.0731255948	-0.0308707595	0.1133791357	0.0274934831	0.03738488	0.2060272108	-0.0550001541	0.2269208969	0.0135335422	0.0134671971	-0.1760147587	-0.2000730257	0.0969863462	-0.0888529326	-0.0748853475	0.0631832014	-0.1198268416	-0.0703427575	0.1540516527	-0.0087042583	0.0347986505	0.0459348369	0.2286754975	-0.1573199198	-0.1035207871	0.0821012043	0.1244080851	0.0549242443	0.1586135401	0.0587135195	-0.1993995192	0.0845264807	-0.0421251419	0.1670918162	-0.0281933642	0.0620372096	0.1030767386	-0.084961143	0.0958416311	0.1373267854	-0.285136869	-0.2877926044	0.1199203388	-0.1522024944	-0.1253502377	-0.2984681676	0.0825789033	-0.0553277101	-0.0382833527	-0.1063942335	0.1013839798	0.0462651033	-0.015103364184867	-0.0525186344252688	0.002758206961895	0.0002281116097007	0.0168649568659162	-0.2690225937194412	0.0723731559315355	0.0002844267700892	-0.3113798000116787	-0.1779584613614915	0.096957379855313	0.0316692139701494	0.0089532030043263	0.0014390306270267	2.070809145521144e-06	8.015984403667748e-05	-0.0038480349262619	0.0002970856881459	8.825990610112317e-08	1.4807372793731424e-05	0.0049318625654896	0.0008147003060525	2.432326836487766e-05	6.637365886821996e-07	0.0	0.0	0.0	0.0	0.0	0.0	1.0	0.0	0.0	0.0
987.3043168884176	1.165042107430395	974769.8141465049	1.357323112085856	1204.9245997389703	3.505580954355992	12.289097827543465	1451843.2910561175	899.1037651993967	0.5287167250986613	808387.5805957319	0.2795413753990534	954.9392059501783	798.7746415747899	1.49638	28.88674	0.362455846669463	0.2357274210308475	0.0528132381	0.0683341878	0.0125966087	0.0150775234	0.1874787862	0.0848980122	-0.0682736968	0.1814187458	-0.0943406931	-0.0197117093	0.0484715198	0.00599659	-0.0053259732	0.2357654351	-0.2117033218	0.0070377155	-0.0057405473	-0.0254473395	0.1758732206	0.0897352616	0.1581347857	2.62695e-05	-0.2142462717	-0.0274635037	-0.0374146493	0.1029612618	0.1260401151	0.0854240371	0.1177481547	0.201679524	0.1335231272	0.0158108302	0.0288351333	0.1426025987	0.0438756228	0.0134682215	-0.1323181129	-0.0359862417	0.0137023588	0.0078352846	-0.024960362	-0.09621835	-0.0924055482	0.1333642414	0.0727934264	0.0396681581	0.0481205476	-0.0429180113	0.0353377403	-0.090292467	-0.1117717333	0.0409060677	0.0801817396	0.0730998282	0.1232045327	0.272717588	-0.0800723897	0.0183049324	-0.0098786327	-0.0157585563	0.1187093402	-0.0374072238	0.0639924285	0.067741903	-0.2281792519	0.0637257633	-0.0698795238	0.1514352297	0.0189338726	-0.251549034	0.0967742287	-0.0041316791	-0.0790036537	0.0273212612	-0.0354487494	-0.053061835	-0.0877418636	-0.2110221264	0.2430651005	-0.0415656579	0.1538659037	0.0342206072	-0.0488918785	0.0323985414	0.060568661	0.046061053	0.1496697432	-0.152099575	0.141047019	0.0395864018	-0.115935436	0.1021799691	-0.0717790839	-0.0746636438	0.0363137258	0.0551331646	0.0265115294	-0.0642339846	-0.0564832896	0.1111366958	0.0520973743	0.0126429405	-0.0479893721	-0.0844498298	-0.0929596623	-0.0306155692	0.1941216733	-0.1099405801	-0.0414976565	-0.1024214758	0.1073422654	0.033413395	-0.0042308472336713	0.0108725169511957	0.000118211624854	1.7900068314664087e-05	0.0341510822043176	0.0172861253384013	0.0002988101292149	0.001166296415726	-0.2429132562518177	0.068466543759861	0.0590068500628612	0.0046876676144209	0.0047742774702311	-0.0041789255340951	1.746341861951285e-05	2.2793725362756276e-05	-0.0034269795462154	0.0004210553800464	1.7728763306610254e-07	1.1744188810178709e-05	0.0042152302672312	-0.0007166322982583	1.7768166205782017e-05	5.135618509071161e-07	0.0	0.0	0.0	0.0	0.0	0.0	0.0	0.0	0.0	0.0
986.9899212515488	-0.3143956368687668	974149.1046521384	0.0988446164821174	1202.5939025878906	-2.330697151079676	5.432149210050916	1446232.094541573	898.3762697966202	-0.7274954027764124	807079.9221336899	0.5292495610608146	953.7642468406112	799.6771819754823	1.156508	22.32571	0.0658836126622739	0.0355113912078513	0.0075222652	0.029531814	0.0397916651	0.0347462178	0.1847953315	0.10651682	-0.0083667222	-0.0537006675	0.0245401412	0.0765727867	-0.0401011558	-0.1197422373	-0.059453756	0.0460788228	-0.0562635374	-0.0854619213	-0.0191042636	-0.0675644462	0.0758724849	-0.0280614023	0.1306131994	-0.0024840865	-0.0072164683	-0.0961334169	0.1384554318	0.0166380116	0.1146164405	-0.054398426	0.0125852091	0.1127547437	-0.0173026188	-0.0315902041	-0.0885255618	0.0091726903	-0.0110030902	0.1453657381	-0.0011264406	-0.0952619697	-0.1119916464	-0.077246702	0.1820893598	0.0027074529	0.1529485216	0.0947443074	-0.0246543527	0.0369634402	0.0775659831	-0.0509418689	0.0677357724	0.0200002295	0.221567171	-0.11721353	0.0898330087	0.0100273771	0.0441220198	0.0506529308	-0.1106841614	-0.0674798603	0.0215350088	-0.0105160191	0.219229487	0.0930886624	0.0042818543	0.1132009307	-0.0037317315	-0.0321030495	0.0484918739	-0.1394511019	-0.0105003353	0.0577378419	0.0531499171	-0.0381755757	-0.0066264628	-0.0410923232	0.2167658209	0.0847725616	0.091540741	-0.1514828768	-0.0203522257	-0.0784521191	-0.1888206241	0.0740621769	-0.0705182648	-0.1801655948	0.0186184926	0.0283401668	0.1881450083	-0.154551339	0.0324074983	0.016219496	-0.0576851995	0.0143536953	-0.0321113276	0.0860231264	0.0498487372	0.0097901606	0.0920957308	0.0425019146	-0.0825389314	0.069764102	-0.1258116957	-0.0881240585	-0.0564316077	-0.0328853675	-0.0324504376	0.0996990633	0.1275661564	0.0824394879	-0.0446835199	-0.098167988	0.1126387502	0.0201956026	0.0037835853336503	0.0080144325673216	6.423112937614508e-05	1.4315517977013652e-05	0.0355967609903871	0.0014456787860695	2.089987152491383e-06	0.0012671293930067	-0.2290956258552299	0.0138176303965877	0.0524848057859994	0.0001909269097767	0.0048149144114577	4.063694122660028e-05	1.651360992254165e-09	2.318340078966305e-05	-0.0038279168313812	-0.0004009372851658	1.607507066361223e-07	1.4652947267971489e-05	0.0046257734590847	0.0004105431918534	2.139778009477243e-05	1.6854571237725926e-07	0.0	0.0	0.0	0.0	0.0	0.0	0.0	0.0	0.0	0.0
985.0813128735504	-1.908608377998462	970385.1929726776	3.64278594056592	1210.9428041013953	8.348901513504643	69.70415648220012	1466382.4748049502	898.5362487540235	0.1599789574032684	807367.3903249524	0.0255932668118367	956.4776627133264	795.0731883332065	1.099809	21.231173	0.0732004279022961	0.0358104409659987	0.0292860202	0.0778338129	0.0026810615	-0.0057572941	0.1714169636	0.0071076661	-0.1564887412	-0.0623825867	0.00906001	-0.0772485631	-0.054933018	-0.117883262	0.0893399954	0.066632739	0.0721194255	0.0470348844	-0.0263243991	-0.0181274739	0.0086110769	-0.1197320564	-0.0451354012	-0.1359409252	-0.0119659939	0.0006131311	0.154725712	0.0659892209	-0.1081462011	0.0101507228	-0.1482711798	0.0465619217	0.2498356523	-0.0605320515	0.0858664917	0.0064954151	-0.0349616343	0.0907549966	0.0702764631	-0.0902755169	0.0022145914	-0.1083569946	0.0759305116	0.0910400485	0.0151796707	0.1037068367	-0.029592062	-0.1290362707	-0.0443971794	0.0734884689	-0.0526798851	0.0735364101	0.0390470705	0.0376533256	-0.0374430665	0.1629320743	-0.0546404545	0.0312302572	-0.0355924724	0.1064120247	0.0481580008	0.1257254811	0.0207797926	0.0498603114	-0.0749305736	-0.0245633956	0.0344404085	0.0910104136	-0.0900525615	-0.072314477	0.0558068386	0.0483184445	0.2024663246	-0.1353749913	-0.0597697846	0.0440264596	0.1796148068	-0.0049027383	0.021575585	0.0134147004	-0.0832241082	-0.0710850861	0.0715546106	0.028895044	0.0308094443	-0.0187401617	0.0459464939	0.0432334292	0.1475632751	-0.1072765622	0.0355474631	0.0595675534	-0.0389784296	0.0435423866	0.0300261484	-0.0457283893	0.0769939037	-0.0253173739	-0.18536315	0.1239733065	-0.0602013539	0.106771271	-0.0456041506	-0.1112885046	-0.0987157576	-0.0153343313	0.1289543491	-0.1358317649	0.1238621448	-0.1160421985	-0.0478387595	-0.0936454286	0.1172407796	0.0067565429	-0.0019078660760527	-0.005691451409703	3.2392619149010264e-05	3.639952964152727e-06	0.0101606759898515	-0.0254360850005355	0.0006469944201544	0.0001032393365707	-0.2373280821856624	-0.0082324563304324	0.0563246185939245	6.777333723247791e-05	0.0046049575356002	-0.0002099568758575	4.408188971984171e-08	2.120563390468107e-05	-0.0036119705761874	0.0002159462551938	4.663278513222597e-08	1.3046331443243538e-05	0.0043748678869035	-0.0002509055721812	1.913946902785949e-05	6.295360615157539e-08	0.0	0.0	0.0	0.0	0.0	0.0	0.0	0.0	0.0	0.0
985.89566070047	0.8143478269196294	971990.2537880164	0.6631623832087227	1201.231996614639	-9.710807486756266	94.29978204484156	1442958.309690792	898.5430408106581	0.0067920566345947	807379.596189264	4.6132033327541896e-05	953.0353168185104	789.765639287696	1.055293	20.371813	0.0751893068882438	0.0345037745484359	0.0465785162	0.0322193923	0.0564698282	0.0646462152	0.167816643	0.0612615548	0.0378857928	0.1240826873	-0.068809456	-0.0792045292	-0.1012556166	0.0045047742	-0.0325121019	0.0085387849	0.0346529794	-0.0512356208	0.0172060242	-0.1020199137	0.1063025853	0.0494564977	0.0852297026	-0.1113986244	-0.0417931544	-0.1591499653	0.0867162769	0.0394328199	-0.1282374103	-0.0722979942	-0.0477632359	-0.0985924586	0.1894552857	0.0641934265	0.1189468207	0.0533039299	-0.0823131164	0.1396524749	0.0080744511	0.0127132706	-0.0619728541	-0.0877916152	0.0620693627	-0.0009310524	0.0359289443	-0.1158373536	0.1354232047	-0.0054108308	0.0731842207	0.0064586284	-0.1059586114	0.0112543857	-0.054594797	-0.0657825829	0.0292516907	-0.0032948832	0.1539585368	0.13910845	-0.0410509773	0.0339457551	-0.1142941531	0.0466979305	0.0377069275	0.1797546793	-0.0136904732	-0.1082043551	-0.0227273864	0.0255610489	0.0113475949	-0.1400616111	0.000847177	0.0421027699	0.1143019156	0.0015601127	0.0470212483	0.1917706891	-0.0610249326	-0.1132218815	0.0971981925	0.0715397069	-0.0707532556	-0.1184386004	0.034242157	-0.0817662858	-0.0472467895	0.0944858345	0.0352500263	0.0531378398	0.1853405172	-0.1147149649	0.0101983989	0.032787218	-0.010232121	0.0319294961	0.0160957937	0.0319098828	0.0187505379	-0.0234263738	-0.0333492737	0.0847416369	-0.1604662786	-0.0585094454	0.1766406976	-0.1427282064	0.0878981766	-0.1106472815	-0.0159722815	0.0502264404	0.1735084211	-0.00700707	-0.0509612127	-0.0888661936	0.1211199807	-0.0067565429	0.0145616081617134	0.0164694742377661	0.0002712435816684	0.0002120404322552	0.0016943136834441	-0.0084663623064074	7.167929070335604e-05	2.870698857905914e-06	-0.2612857169110327	-0.0239576347253702	0.0682702258617123	0.0005739682616342	0.0048001537897825	0.0001951962541823	3.810157764680112e-08	2.3041476405563303e-05	-0.0038367970558543	-0.0002248264796669	5.0546945959411186e-08	1.4721011647812226e-05	0.0044807618654283	0.0001058939785248	2.00772268946765e-05	1.1213534687810884e-08	0.0	0.0	0.0	0.0	0.0	0.0	0.0	0.0	0.0	0.0
986.1187565732198	0.2230958727498091	972430.2020655132	0.049771768437999	1204.8780540570822	3.64605744244318	13.293734873595302	1451731.125148381	899.1109666528168	0.5679258421587292	808400.5303553627	0.3225397621917018	953.9863453252846	796.1141466484767	0.92867	17.927441	0.0754325699048287	0.0395268332473371	0.0472558055	0.0366182749	0.0229800483	0.0230664497	0.1333210854	0.0600262724	0.0330236926	0.0473975037	-0.0873420463	-0.0011205427	-0.0606829207	-0.0628772808	-0.1411401245	-0.0241799598	-0.0616529304	-0.082632864	-0.0178822637	-0.0491775512	0.1547743336	0.1200963548	0.1696366787	0.0142350593	-0.0197052116	-0.195084355	0.0157949228	-0.0296810726	-0.0709572111	0.0834031127	0.042131592	0.0200142127	0.0356715439	-0.154446494	-0.0065101856	0.0326810277	0.0972349504	0.186058872	-0.025253546	0.0151539677	0.033002124	-0.0118760488	0.051537093	-0.0063468503	-0.0932517899	-0.0079034648	-0.1155896237	-0.1059342817	-0.0208297901	-0.0656543903	-0.0094744743	-0.0817808442	0.1382285128	-0.1486736598	0.0511378241	-0.0565659545	0.1039409966	0.1586278863	-0.05466243	-0.0254142735	-0.0649370741	-0.1270696613	0.0333236253	0.0647262419	0.0706024922	0.0430154899	0.0626944698	-0.0402901864	-0.0413177885	-0.0781696938	0.0248513401	-0.0003053547	0.0997620429	0.1043029757	-0.017267204	-0.0448214077	0.2106838085	-0.0191820278	-0.0884369991	-0.0979840993	-0.201374027	-0.0040159332	0.04414742	0.058918029	0.0043358934	-0.0798403749	0.0413990086	0.0612572978	0.1530565407	-0.1142386437	0.025081536	-0.0203232897	-0.0288936928	0.0180964263	-0.0712774899	0.012770091	-0.0361790041	0.0284110195	0.1229522413	0.0177972484	-0.1702309173	-0.0234909885	0.0282862161	-0.0647397635	-0.0383438796	0.0153911492	0.0914163705	0.0873686624	0.0312947122	-0.0182316923	-0.0540487397	-0.0838433825	0.1242524367	-0.0201956026	0.0383565837429813	0.0237949755812679	0.0005662008629131	0.0014712275164323	0.0009994661739085	-0.0006948475095355	4.828130615078256e-07	9.98932632787296e-07	-0.2623505716164729	-0.0010648547054402	0.06882782242749	1.133915543698157e-06	0.0046359214020769	-0.0001642323877056	2.6972277171482688e-08	2.149176724623465e-05	-0.0032351876618279	0.0006016093940264	3.619338629808127e-07	1.0466439207243474e-05	0.0042490458049886	-0.0002317160604396	1.805439025289122e-05	5.3692332665694696e-08	0.0	0.0	0.0	0.0	0.0	0.0	0.0	0.0	0.0	0.0
985.516744305686	-0.6020122675338371	971243.2533068788	0.3624187702612322	1204.4607055350525	-0.4173485220296697	0.1741797888403497	1450725.5911779965	899.8461134695365	0.7351468167196344	809723.0279262299	0.5404408421330118	955.7885328034306	789.8032891064474	0.901057	17.394384	0.0484768792338276	0.034701191033902	0.0474797843	0.0618135783	0.0531774782	-0.0035692731	0.1355930622	0.0086655171	-0.02923105	-0.090588361	0.0470488831	0.0924432686	0.006957609	-0.0700295624	0.0020362208	0.0593951415	-0.1559528589	-0.082481018	0.0527854712	-0.0173110136	0.1530402555	-0.0309691166	0.0202064305	0.0033485692	0.0722225018	0.0100881566	0.1031503741	0.0070199154	0.0254907428	0.0854821657	0.0675865342	0.1304416302	-0.0192984712	0.0856195324	-0.0708045257	-0.1167885247	-0.0111604941	-0.0193284111	0.1989514123	-0.0730005809	-0.1036860146	-0.0719477103	0.2197293506	0.062809483	-0.021785279	0.0580156242	-0.0443455426	-0.0225964356	0.057509652	0.0302686571	0.0859434588	0.1539226948	0.0914051627	0.1099216562	-0.0036220099	0.004258301	0.0088937077	0.0221150916	-0.1279017822	0.0211789026	0.0425822321	-0.0561522216	0.1297491249	0.0055912949	0.0603629114	0.1461942665	0.0658064406	0.0913827841	-0.0085735108	-0.027765574	0.0365909087	0.1031440068	0.0507122277	-0.0170725247	0.1772785575	0.0065426896	0.1270700345	0.0859991382	0.1869519963	-0.0394199975	-0.0546260098	-0.0403637369	-0.0050033067	-0.0144592462	0.0454396391	0.1022825639	0.0495908373	0.0537024133	0.1024074696	-0.1271413248	0.0235154785	-0.0882510667	-0.0096092089	-0.0268168155	-0.0304763372	0.0698607257	0.0019771848	-0.0439495004	0.0353764961	0.0221488594	-0.1038653419	0.0896046429	-0.0625497287	-0.0306924724	-0.0688530167	0.0840008927	0.0092656435	0.0334430871	-0.0634868695	0.0247539283	-0.0570992244	-0.0785907625	0.1266188352	-0.033413395	0.0378130186143153	-0.000543565128666	2.9546304910168977e-07	0.0014298243767265	0.0004084284968826	-0.0005910376770259	3.493255356641722e-07	1.6681383706578001e-07	-0.2655104258743037	-0.0031598542578307	0.0704957862479541	9.984678930731272e-06	0.0045528489510531	-8.307245102379991e-05	6.901032119101635e-09	2.0728433571105317e-05	-0.0025927146892921	0.0006424729725358	4.127715204389868e-07	6.72216946007103e-06	0.0040909427851421	-0.0001581030198465	1.67358128713062e-05	2.4996564884582783e-08	0.0	0.0	0.0	0.0	0.0	0.0	0.0	0.0	0.0	0.0
985.2534336755124	-0.2633106301735779	970724.3285693872	0.0693324879624067	1209.5150956454345	5.0543901103819735	25.5468593879271	1462926.7665941846	898.7159506598368	-1.130162809699641	807690.3599704143	1.277267976428187	955.2829004663336	782.4719761016706	0.946432	18.270323	0.0406856536760959	0.0211695811495634	0.0429411933	0.0924692783	0.0755913743	-0.0641296571	0.1004802975	-0.0527445617	-0.0589114333	-0.0097048103	0.0128384605	-0.0248205261	0.0189923176	-0.2329838703	0.1578128624	0.0911631054	-0.0047256496	0.0824759791	0.0333558932	0.0329999737	-0.008322362	-0.091751208	-0.0406357301	-0.0862172142	0.0645793349	0.0945419342	0.0689848573	0.108219877	-0.0665181445	-0.067855241	0.0342916808	-0.0283568268	-0.0401633552	-0.0193137174	-0.1890829777	0.0403345568	0.1327455687	0.1427645778	0.0209457759	-0.2612940372	0.083415996	0.0053321178	0.0182467046	0.1060057563	-0.1917969306	0.0274290639	-0.0980923454	0.0745213248	-0.1180756573	0.0724811306	0.0361285146	-0.0155310209	-0.0092573251	0.087510029	-0.0355447813	0.0183217938	-0.0448132204	-0.0494975057	-0.0536271056	0.0052880392	0.1637901925	0.1997802463	0.0297069719	0.0121782737	0.0415966754	0.0485775819	-0.0322101962	0.012305871	-0.1132264932	-0.0875348728	0.104473825	0.1554914272	-0.1249736114	0.0060201847	0.0561832572	-0.0156475275	0.1692955678	-0.0679648611	0.0208850997	-0.0671285936	0.1856862383	-0.0204979275	0.0108957083	0.0689120239	-0.0708111413	-0.1706052774	0.044787583	0.0529506778	0.0713753389	-0.0816397818	-0.0205533193	-0.0843439315	0.0480878206	-0.018924973	0.0125398502	-0.0160388935	-0.006108996	-0.0975289725	-0.1113945163	0.128358431	-0.0773499	0.065507618	-0.0731000993	-0.0445561803	-0.0986737813	0.1876369589	0.1640197287	-0.0062438697	-0.0487857291	-0.0319553227	-0.0601105761	-0.0731227308	0.1282045865	-0.0462651033	0.0375933912420975	-0.0002196273722177	4.82361826272953e-08	0.0014132630650814	-4.3253879752569446e-05	-0.0004516823766351	2.040169693627951e-07	1.870898113649737e-09	-0.2568223216673857	0.0086881042069179	0.0659577049066261	7.548315471026551e-05	0.0042802418500443	-0.0002726071010087	7.43146315204219e-08	1.832047029487065e-05	-0.002389588882153	0.000203125807139	4.126009352591071e-08	5.710135025709225e-06	0.0039401508988835	-0.0001507918862586	1.552478910597245e-05	2.273819296142665e-08	0.0	0.0	0.0	0.0	0.0	0.0	0.0	0.0	0.0	0.0
987.5559358703651	2.302502194852764	975266.7264727928	5.301516357301795	1205.4325969121228	-4.082498733311695	16.666795907491593	1453067.7456983044	898.6521528413824	-0.0637978184544181	807575.6918064513	0.0040701616395428	954.4868391285772	792.4729293492287	0.977651	18.872976	0.0588536649434486	0.0305618419963172	0.0723745382	0.0722517312	-0.0011826955	0.0480001784	0.06523815	0.0207281149	-0.0292598561	0.1440289822	0.0132711809	-0.0747411403	-0.0693003844	-0.0419737536	0.0231025209	-0.0411778721	0.1473483534	0.0977537965	0.113837206	0.0422340243	-0.0168164833	-0.0080872849	-0.0596799242	-0.1021904812	-0.0005766052	0.0500550626	0.0940231668	-0.1215266966	-0.2283019534	-0.0986273553	0.0695591364	-0.1326151043	-0.0988102119	-0.1137721781	-0.0136048543	-0.0361349697	-0.2198719417	-0.0737847641	0.1608754678	-0.1160042222	-0.0403166119	-0.0169405667	-0.0263415947	-0.1561300975	0.0458081041	0.0814996536	-0.1027727229	0.1547726854	-0.0155933323	0.095944172	0.0099862993	-0.0629218015	-0.1686946579	0.0164796702	-0.0621557521	-0.0309533214	0.0647843713	0.0295218604	0.0481617556	0.0077818597	0.1688129526	0.0991017551	-0.0531102765	0.1606257786	-0.0335392764	-0.1118941439	0.0590589827	-0.0234763041	-0.0430689747	-0.1335852856	-0.026653752	0.1425511462	-0.1271151882	0.1032744102	0.020050883	-0.0866831307	-0.1070997218	0.1532579061	0.0998502972	0.2349244589	0.1612389794	-0.1313035282	-0.0324953902	0.0319518332	0.1614608329	-0.1552376334	0.0613502223	0.0516396857	0.0794462364	0.0480854445	-0.116914188	-0.0682188085	0.1329714254	-0.0182051616	-0.0110146239	-0.0393964259	0.0212657552	-0.0771026482	-0.0440568871	0.0858896165	-0.1202287053	0.1174081222	-0.0428475466	-0.0124230876	0.0137044284	0.0813788678	0.0730494495	0.0735860222	0.0110100653	0.0243819946	-0.063080731	-0.0674542747	0.1289999139	-0.0586099215	0.0372773285277787	-0.0003160627143187	9.989563938256579e-08	0.0013895992221679	-0.0144840780985617	-0.0144408242188091	0.0002085374041185	0.0002097885183652	-0.2719311490442564	-0.0151088273768706	0.0739465498205296	0.000228276664704	0.0042118747124185	-6.836713762580025e-05	4.674065507145112e-09	1.7739888593110423e-05	-0.0020300419803733	0.0003595469017797	1.2927397457938126e-07	4.12107044207795e-06	0.00378830592562	-0.0001518449732634	1.4351261786087605e-05	2.305689590539293e-08	0.0	0.0	0.0	0.0	0.0	0.0	0.0	0.0	0.0	0.0
986.9917610550024	-0.5641748153627759	974152.7363904548	0.3182932222896223	1205.7112514548105	0.2786545426877183	0.0776483541605014	1453739.6218847253	899.6385031121612	0.9863502707787576	809349.43628189	0.972886856665328	957.6218465429438	803.7565860399917	0.997716	19.26033	0.1342246932173815	0.0620833248075012	0.0330435809	0.1101802804	-0.0702516308	-0.0009719978	-0.0150873513	-0.1080116003	-0.1538423734	-0.0859290346	-0.0371875722	0.01755361	-0.0171689238	0.0058580878	0.0034386689	-0.0615033737	0.1559288424	0.0008667656	0.0820646498	0.0397204265	-0.0517126741	-0.0476478587	-0.1154545806	-0.008718771	0.0441073467	0.0943910854	0.091290295	0.0551821857	0.0521321671	0.0395468233	0.0716816868	0.1112373373	-0.1521996032	-0.0223465533	0.0451824698	0.0821669818	0.1696745837	0.0050046229	0.0217236481	0.0844784926	0.0344327458	0.0391264987	0.1164602189	0.0641157846	0.0689783064	-0.1970643501	0.0994863412	-0.3971855351	-0.1170287986	-0.0383096114	0.0174988283	0.0786439626	-0.0518887347	0.0150851955	-0.1576176244	0.1030384522	-0.0731561459	-0.1167278593	-0.0106945549	0.0741295713	0.0690592399	0.0246671453	0.0057218087	0.0634504294	-0.0015741546	-0.0515012137	0.0308307833	0.2477206209	0.003697241	-0.017035217	-0.043552336	-0.0961197827	-0.0836186557	0.1499957029	-0.0512451425	-0.0080686931	0.0881437425	0.1221938187	-0.1782627309	-0.0746631378	-0.0906800382	0.0292341761	-0.0119167226	-0.2437200579	0.0755261255	0.0854155937	0.0229710348	0.0471797552	0.005509041	0.0576485761	-0.1025787241	-0.0861033978	0.1161976764	-0.0507409112	-0.0126912627	-0.0546007629	-0.0044781207	-0.0105806682	-0.1993413476	0.1117002678	0.0495178398	0.0362684715	-0.0168901081	-0.0691582302	-0.0296559841	0.0159585492	0.00403862	0.0333070346	-0.0332958761	-0.0228561706	-0.0660076536	-0.0616009311	0.1289999139	-0.0703125971	0.0194916609755892	-0.0177856675521895	0.000316329970277	0.0003799248475873	0.0049068640714153	0.019390942169977	0.0003760086382393	2.4077315015346335e-05	-0.2914142837980265	-0.01948313475377	0.0849222848015167	0.0003795925398335	0.0048580682818706	0.000646193569452	4.175661292012458e-07	2.3600827431317163e-05	-0.0014691456280055	0.0005608963523678	3.1460471809950333e-07	2.158388876287675e-06	0.003444096872611	-0.0003442090530089	1.1861803267928871e-05	1.1847987217335245e-07	0.0	0.0	0.0	0.0	0.0	0.0	0.0	0.0	0.0	0.0
986.283086531536	-0.7086745234663567	972754.3267781732	0.5022195802102678	1204.1350902400604	-1.5761612147500728	2.484284174882425	1449941.3155474386	899.3038207186429	-0.3346823935182783	808747.361959149	0.1120123045311237	955.8382558310428	801.174794514974	1.000764	19.319164	0.1258401426584057	0.0633519743197905	0.01801738	0.1045485776	-0.0617651086	0.0817197239	-0.0903683651	-0.041835441	-0.0561134877	0.1094651623	-0.1081194962	0.0699777222	-0.090873344	0.0814064889	-0.0881521229	-5.18935e-05	0.1337840466	0.0506069404	0.1040401195	-0.0609138052	-0.118127521	0.0019369249	-0.0182799413	0.0219224388	-0.0522476511	-0.1321995109	-0.0340448802	0.0067050115	-0.2437424726	-0.0169418334	0.1043228785	-0.0371294368	0.0605988708	-0.0002417807	-0.0299603045	-0.0258463802	-0.0196677468	-0.026569112	0.0487364172	0.0115119904	0.1038740433	0.0956065063	-0.0850523667	0.0592465893	0.0231347499	-0.0677381995	0.1461367349	-0.0570888037	0.1008865898	-0.0188217657	0.1638197959	-0.0217902909	-0.0281510363	0.0872838934	-0.126225222	0.0531238434	0.0836054491	-0.0118183641	0.0794533382	0.0304505543	-0.1113057043	-0.0819784873	-0.0444990631	0.1005042924	-0.0180513327	-0.103100803	0.0516998301	-0.0317175571	-0.0743058953	0.016620665	0.0508323214	0.0449893291	0.0269294853	0.0280757275	-0.0489254759	0.0040695728	-0.1746200314	-0.0467312771	-0.1208125839	0.0802751449	0.075125471	-0.0949314908	0.0348754915	0.1246012874	-0.0585444047	-0.1118778146	-0.0006485338	0.0952922727	-0.0186598007	0.0698347656	-0.0896233101	-0.0675414157	0.0805540034	0.0054824083	0.0146336079	-0.0169587072	-0.1096238994	0.0597740518	-0.0230300564	-0.0279603113	0.017032911	-0.0817544107	0.1349797481	-0.029547124	0.0292842746	-0.09114395	-0.136408285	0.0703160274	0.1562217372	0.0372961489	-0.0688893378	-0.0555787436	0.1282045865	-0.0812449131	0.0068297971980797	-0.0126618637775095	0.0001603227943202	4.664612976689732e-05	-0.0064100646854967	-0.011316928756912	0.000128072876489	4.108892927225191e-05	-0.3274294409798557	-0.0360151571818292	0.1072100388203808	0.0012970915468318	0.0054641573306763	0.0006060890488056	3.673439350821978e-07	2.9857015334383546e-05	-0.0009012097974758	0.0005679358305297	3.225511075994603e-07	8.121790990663724e-07	0.0035869958521187	0.0001428989795077	1.286653924311676e-05	2.0420118344342072e-08	0.0	0.0	0.0	0.0	0.0	0.0	0.0	0.0	0.0	0.0
985.9951469454038	-0.2879395861322109	972186.4297998884	0.0829092052619889	1201.695632307497	-2.439457932563528	5.950955004747121	1444072.3927069148	898.5409904464185	-0.7628302722243916	807375.9115124308	0.5819100242219394	953.5636764682469	790.6959907518674	1.123767	21.69367	0.038529881560961	0.0243298918451125	0.0123788972	0.0734770908	0.1006755575	-0.0413125378	-0.0826402197	-0.1209990802	0.0474875237	-0.0081589754	-0.0285816702	0.1747712125	0.0180337843	0.0551311456	-0.0496862509	-0.1522039798	-0.1196928625	0.0801366195	0.0586196921	-0.008972126	-0.0314253165	0.0832879903	-0.0824957759	-0.0327587	0.0568175576	-0.0457251045	0.0278199735	0.0103400151	0.0314300982	0.0505874409	0.0858131085	0.0022384184	-0.0180416994	0.0106398037	0.029579987	0.2000802864	-0.0830894449	-0.0860660586	-0.0940528069	0.0286500395	0.1265744403	-0.1226677446	0.0206062442	-0.0525512615	-0.0238204338	-0.1246764221	0.023934917	0.1457788243	0.1052601445	0.0590399766	-0.0048375209	0.1819195352	0.0158914179	-0.0098783635	-0.0797124689	-0.114766299	0.0701431855	-0.0516182728	0.036160153	0.0383444301	-0.0414662932	-0.0077789945	0.0512348774	-0.0060233429	-0.0185443318	0.1171778266	-0.0037096793	-0.0223582357	0.0879920317	-0.0593632919	-0.0149649734	-0.0015931191	0.0885937032	0.0041538736	0.1194618388	-0.1692671042	0.0015932299	-0.0582804617	-0.0389449777	0.0623185775	0.0624351382	0.0135942091	0.0883056619	-0.1113858426	-0.0724748947	0.0175173598	0.0026902636	0.0610792184	-0.044423972	0.0405895539	-0.0538256661	-0.0882995917	0.0273490625	0.0095750017	-0.0861966823	0.083594472	-0.0059453179	-0.0081096135	0.0957768083	-0.0620663823	0.0156979194	0.0241907522	-0.0473002254	0.0181663177	-0.0970208479	0.0912944055	-0.0565878401	0.0550651337	0.0418984642	-0.0440084344	-0.0717238087	-0.0494042187	0.1266188352	-0.0912870929	0.0106963387815142	0.0038665415834345	1.4950143816428177e-05	0.0001144116633289	-0.0059907950748225	0.0004192696106742	1.7578700643489555e-07	3.588962562851752e-05	-0.3096369543857733	0.0177924865940823	0.0958750435212974	0.0003165725792006	0.0054630155099207	-1.1418207555994112e-06	1.3037546379176101e-12	2.9844538461634128e-05	-0.0009031018475798	-1.8920501040000249e-06	3.579853596046505e-12	8.155929471020483e-07	0.0032609980475229	-0.0003259978045958	1.0634108265948165e-05	1.0627456860128161e-07	0.0	0.0	0.0	0.0	0.0	0.0	0.0	0.0	0.0	0.0
987.364851271162	1.3697043257582209	974889.349525724	1.8760899400007824	1209.3072654515097	7.611633144012785	57.93695911903396	1462424.062273808	899.6291224319742	1.0881319855557194	809332.5579277241	1.1840312179894323	955.1558091634374	787.3246745889045	0.983627	18.988338	0.0469706830221357	0.0243177180399476	-0.0343585448	0.0826783947	0.0547694405	-0.0918960394	-0.0654433057	-0.074439187	0.03698695	-0.0529783514	0.0041020268	0.0517650883	0.0568235241	-0.1506954854	0.17523715	-0.0977819119	-0.1389218934	-0.0061554363	0.0710779835	-0.0211552483	-0.022501512	-0.0613083052	-0.063001313	0.0634621583	0.0841029741	0.1639983845	-0.0286472167	0.0781441906	0.1467546877	0.0883466239	0.1284652766	-0.0697605957	-0.009900426	-0.0269502503	-0.0681830576	0.1639416439	-0.116084916	-0.2125411767	0.1429908184	0.0264626875	-0.0152452145	-0.0381298666	-0.0035923539	0.1317017439	0.0994586495	-0.1560884487	0.1507045199	0.0652219441	-0.0310260114	0.1770851241	0.0332290242	-0.1781878069	0.0413149882	0.0342690285	-0.0281193024	-0.0676328509	0.0033642307	-0.1359772699	-0.0248544494	-0.0515331103	0.152465242	0.1050650967	-0.0257602486	-0.125971783	0.0005523073	0.1809029076	-0.1071843279	-0.028894514	-0.0875558581	-0.1337067962	-0.011895489	-0.0388882304	0.0152274994	0.0409671542	0.0390883076	-0.0360546191	-0.1897978544	0.11974487	-0.0120948471	0.0418901993	0.0870953784	0.1348624233	-0.0651171349	-0.0869975154	0.0506870901	0.1339829013	-0.0350460888	0.0477992076	-0.0756422631	0.0065461769	-0.0594061479	-0.1243268802	0.0430997669	-0.011361521	0.0163646557	-0.0371603651	-0.0109702697	-0.0569376312	-0.0046483855	0.0036924221	-0.0113665971	0.1171233166	-0.0868202554	0.0756062645	-0.1152721082	0.0357349287	-0.080688241	-0.1215660748	-0.0890041711	0.1077434867	-0.0745091236	-0.0430942802	0.1242524367	-0.1003291122	0.0105810303954854	-0.0001153083860288	1.3296023888566913e-08	0.0001119582042301	-0.0026265541691117	0.0033642409057108	1.1318116871657824e-05	6.8987868032780525e-06	-0.2885856243752371	0.0210513300105362	0.0832816625960454	0.0004431584952125	0.0055720377794821	0.0001090222695613	1.1885855260318462e-08	3.104760501597581e-05	-0.0006180717090646	0.0002850301385152	8.12421798619941e-08	3.820126375460356e-07	0.0032062543812023	-5.474366632059972e-05	1.0280067156978944e-05	2.996869002221164e-09	0.0	0.0	0.0	0.0	0.0	0.0	0.0	0.0	0.0	0.0
987.121909449684	-0.2429418214779843	974409.6641155902	0.0590207286230408	1204.3368410084345	-4.970424443075217	24.705119144319585	1450427.226610175	899.8905722102763	0.2614497783021079	809803.0419529385	0.0683559865742213	956.269776219907	800.9807089409327	1.202056	23.204992	0.1564385387670955	0.0768307787781251	0.0405487883	0.0853792781	-0.0945183018	0.0170381689	-0.1257245042	-0.0737377506	-0.0369389444	0.0133072625	0.0228400709	-0.0323108737	-0.0377058941	0.0111397676	-0.0512040108	-0.0541161339	0.0504840429	0.0885326441	0.1052681276	0.0038684335	-0.0390812129	-0.0079464092	-0.0756931318	0.0585121696	0.0898513347	0.0028218453	-0.0025612574	-0.0442298418	-0.1315569887	0.0292547208	0.0982559925	-0.1270139749	0.2148292248	0.1987560863	0.1252991528	-0.0822257469	0.0510120081	-0.0510372742	-0.0630604298	0.0242703734	0.060145733	0.0918842417	0.1309953888	-0.1619394857	0.136365353	0.0953087853	0.0280659203	0.118936094	-0.2515081871	-0.0759091358	0.0391545623	-0.0798714069	0.0381398961	-0.1476403115	-0.1336708136	0.0185047292	-0.0115461617	-0.0541576	0.0592523481	-0.0058691559	0.0002372923	0.0015078739	-0.2155299637	0.0638990907	-0.0245063996	-0.0478965232	0.0049336563	0.023112565	-0.0505200697	0.0409671698	-0.0737027226	0.1084143482	0.1639751359	-0.0114468694	0.1430746112	0.2121418595	-0.0826950519	0.1183906697	-0.0474670823	-0.1022416939	0.0570477707	-0.0972103061	0.0307118031	0.0913752071	-0.0573893035	0.1190888311	0.0279210222	0.0597508311	-0.0730076399	0.042720707	-0.0530199139	-0.0662561057	0.0529265284	-0.0171976732	0.0734993471	-0.0204523927	-0.0714478269	-0.0199224209	-0.0377038605	0.0248433794	0.046983095	-0.0730963548	0.1102816628	-0.0101825865	0.0931785764	0.0702806428	-0.0227955619	0.0650486326	0.0708001032	0.0188141877	-0.0772433738	-0.0366662233	0.1211199807	-0.1082719048	-0.0061236884986044	-0.0167047188940898	0.0002790476333305	3.7499560827939815e-05	-0.025277986127449	-0.0226514319583373	0.0005130873697631	0.0006389765826595	-0.3094977993068255	-0.0209121749315884	0.095788887775768	0.0004373190603693	0.0043769377208084	-0.0011951000586736	1.4282641502418806e-06	1.915758381183543e-05	-0.0002918668653699	0.0003262048436947	1.0640960004988369e-07	8.518626710085132e-08	0.0028041550239091	-0.0004020993572932	7.863285398114645e-06	1.6168389313560464e-07	0.0	0.0	0.0	0.0	0.0	0.0	0.0	0.0	0.0	0.0
986.5090548213632	-0.6128546283208607	973200.1152445392	0.3755907954543003	1205.2819868113895	0.9451458029550396	0.8933005888435263	1452704.6677320106	898.7277444085225	-1.1628278017537923	807711.5585696306	1.3521684965315568	954.3091787743142	788.5990597820718	1.259559	24.31506	0.080184275338137	0.0423537201512116	0.0379262081	0.0324857359	0.0752636363	0.0754623529	-0.0950905513	-0.0262302899	0.0363360072	0.0709706033	-0.0372615033	0.0834581365	0.0510110995	0.0891071848	-0.1408227572	-0.0835536583	-0.1004028293	-0.0687165116	0.0822992552	-0.035770016	-0.063733428	0.1613006	0.102566693	-0.0286642694	-0.0481727756	-0.1042166083	-0.1331315312	-0.1628359944	0.0385419717	0.1206702756	0.1218921154	-0.1612594238	-0.1269662601	-0.0483778374	-0.0396642678	0.0182554101	0.0017349618	0.0449149336	-0.1290941541	0.0628490719	-0.0053820747	0.0003745775	0.034456124	0.1838896156	-0.1064297885	-0.0750424115	-0.0258333455	-0.0191602856	0.1124379064	0.1072742441	-0.1002020776	-0.1866706142	-0.0046553634	-0.0462459916	-0.0400209287	-0.1065346272	0.1503168789	0.0586155021	0.1114407167	-0.0482759532	-0.0602538648	-0.1058343394	-0.0236082609	-0.0935604535	0.0728516221	0.0760426136	0.0601166516	-0.1739602549	0.0845167619	-0.0579357933	0.0292925872	0.0297124916	0.0113296691	0.0419910081	0.0876390973	-0.0921951711	0.0809075705	-0.1181026045	-0.0854144144	0.0270684297	-0.0075542669	0.0635675178	0.108941769	0.0396536084	0.0482737543	0.1975627793	0.0290171234	0.074552302	-0.0451414976	0.0837392781	-0.059608878	-0.0438497817	0.0639611583	0.0242420664	-0.0675868336	0.0475967903	-0.0830970934	0.0120253551	0.2537486366	-0.0874701602	-0.1006282861	-0.0448544899	0.0460550996	0.0560760678	-0.0783088115	0.0281034791	0.0839593583	0.063019185	-0.0175131413	0.0076398746	-0.0799246852	-0.0301376669	0.1172407796	-0.1150284477	0.0062128873408653	0.0123365758394697	0.0001521911034429	3.85999691102843e-05	-0.0561683162166417	-0.0308903300891927	0.0009542124930192	0.0031548797466126	-0.3292500182087252	-0.0197522189018996	0.1084055744904458	0.0003901501515485	0.0047129428792344	0.000336005158426	1.1289946648888143e-07	2.221183058292624e-05	-0.000299894719081	-8.027853711100046e-06	6.444643520682277e-11	8.993684253267193e-08	0.0028042250219235	6.999801439996553e-08	7.863677973581854e-06	4.899722019937782e-15	0.0	0.0	0.0	0.0	0.0	0.0	0.0	0.0	0.0	0.0
989.861717476847	3.3526626554838685	979826.2197262134	11.240346881476144	1201.9698319108518	-3.312154900537734	10.97037008515613	1444731.4768238012	900.2383940639456	1.5106496554230944	810429.1661468318	2.2820623814299137	954.9821390995894	797.0246217566538	1.223076	23.610769	0.088860810246422	0.0386912346064694	0.0349310071	-0.0321519292	0.0362363673	-0.0286507945	-0.1358001709	-0.069989406	0.0247791451	0.0742381897	0.0210293902	-0.0412399803	-0.0130090119	0.0609720324	0.0125765497	-0.0677620185	-0.0282468323	0.2262990673	0.0828617314	-0.0316700704	0.0882962121	0.0415077498	-0.1577579969	0.026457679	0.0775478179	0.1347756203	0.0569441215	0.0183551723	0.0378163269	0.0165449937	0.1569536808	-0.0868540682	-0.1568796469	-0.0357110308	0.051269129	0.0973353071	5.34516e-05	0.0936956111	-0.0661147593	0.0955536928	-0.063663288	0.002914862	-0.1180658877	-0.1596744245	0.0465859092	-0.0765502045	-0.1128263819	0.0242573036	0.0998676309	-0.0129504834	-0.1528810812	0.1501193063	-0.0239024379	-0.0133058254	-0.0451506676	-0.1222527857	0.0647315453	-0.086010166	-0.0522789431	0.0370631607	0.1185279874	-0.0360634515	-0.1192934398	0.0211197166	-0.0652166427	0.0498801373	-0.0669644837	0.0174731875	-0.0453929117	-0.0161546996	-0.1242602473	-0.0962157063	-0.2252909062	0.0548408883	0.0183263535	-0.0202888301	0.0301343562	-0.1685797064	-0.1984788246	0.05334148	-0.0894049374	-0.1584200425	0.0239842807	-0.1823452329	0.0538968622	-0.0627919557	0.0282628995	0.0516293387	-0.087447642	0.0669468287	-0.0431598652	-0.1030959748	0.0335462823	-0.1024119635	0.0037018086	0.0173792715	-0.0583355006	-0.0925084794	-0.0904624065	0.0152548715	0.0617678221	0.0899806651	0.0984380582	0.0471173056	-0.0611039086	-0.0453468774	0.0644536681	-0.0231649122	-0.0563998943	0.062604846	-0.0825512202	-0.0235265052	0.1126387502	-0.1205247148	0.0107060433174552	0.0044931559765899	2.0188450629965533e-05	0.0001146193635152	-0.0309563823733469	0.0252119338432948	0.0006356416081186	0.0009582976096448	-0.3474614699071807	-0.0182114516984555	0.1207294730700586	0.0003316569729651	0.004335998677037	-0.0003769442021974	1.420869315702344e-07	1.8800884527266613e-05	1.3804260376337751e-05	0.0003136989794573	9.840704971257522e-08	1.9055760453772848e-10	0.0026759828290166	-0.0001282421929068	7.160884101191686e-06	1.6446060041570514e-08	0.0	0.0	0.0	0.0	0.0	0.0	0.0	0.0	0.0	0.0
986.7254955888046	-3.136221888042428	973627.203644972	9.835887731036411	1206.8359963403989	4.866164429547098	23.679556255389432	1456453.1220629232	900.1633003503392	-0.0750937136064067	810293.967297615	0.005639065823201	957.4933365726716	812.8183748798283	1.23501	23.841143	0.0674486751204362	0.0341694237002033	0.0109663569	0.0884217813	-0.1567392796	-0.0075472184	-0.0494779015	-0.1831153097	-0.0693745733	-0.0766644703	-0.1076061233	-0.0344156291	0.1340635896	0.1894242601	0.0401555631	-0.0475995528	0.0086500736	-0.1445434896	0.1052570805	0.0063149102	-0.0838258053	-0.0066889419	0.0064882285	0.0711173587	-0.0374660998	-0.051798862	-0.0341757011	0.0781415361	-0.0481965443	0.0417402726	-0.0752344691	0.151634597	-0.0358668031	0.0550603995	0.0463932813	-0.1852033538	-0.0821692085	0.0285561865	-0.0305266462	-0.0706071386	0.203729394	-0.0236886729	-0.0956454095	-0.2373066117	-0.1464530598	-0.0172638041	0.0691198009	-0.1639835262	0.0150065928	0.0401701743	0.0004946942	-0.0901028282	0.1150928288	0.0689366543	-0.1720764645	0.0462921295	-0.0340606241	-0.1083072824	0.0049394536	-0.0669551762	-0.1491819775	-0.07715961	0.0482624744	-0.0720861851	-0.0261765899	-0.0887424664	-0.074314118	0.1299825749	0.1529759009	-0.0123577362	0.0801508499	-0.0890014222	0.0176432956	0.1946525785	-0.1530581198	0.1596688235	0.0627343871	-0.1562249614	0.0096427376	0.0722931523	-0.0031033772	0.0204485304	0.0067944613	0.1349227686	0.0793478697	-0.1566132136	0.002350081	0.0698702583	-0.0326128297	0.0363477237	-0.095196484	-0.0389148398	0.0014016236	-0.0090457213	0.0093746213	-0.0359120128	-0.1535573408	-0.0629632202	0.0897578685	-0.0552815513	0.0068345518	-0.095235986	0.0652462077	0.0267302244	0.001349565	-0.0520446218	-0.0545558137	0.0017917847	0.0696187496	0.0190559759	-0.0851211787	-0.016850859	0.1073422654	-0.124700488	0.0033444481276205	-0.0073615951898346	5.4193083738997386e-05	1.1185333278344267e-05	-0.0393302997268278	-0.0083739173534808	7.012249184292854e-05	0.0015468724766021	-0.3339966634971745	0.0134648064100061	0.1115537712272448	0.0001813010116589	0.0049540383696751	0.000618039692638	3.819730616761966e-07	2.454249616821312e-05	-8.065065998152932e-06	-2.1869326374490683e-05	4.782674360739937e-10	6.504528955456255e-11	0.0028010409333463	0.0001250581043296	7.84583031028151e-06	1.5639529458538072e-08	0.0	0.0	0.0	0.0	0.0	0.0	0.0	0.0	0.0	0.0
986.8956793411228	0.1701837523181666	973963.0819021764	0.028962509553091	1209.571418344158	2.7354220037591404	7.482533538649671	1463063.0160750982	899.6938807643472	-0.469419585992	809449.0790848115	0.2203547477129007	956.7771844400468	790.9470920127277	1.359859	26.251291	0.2678692664662407	0.1673145414722822	-0.1105293103	0.1142864783	0.1240382611	-0.0010894835	-0.0930239793	0.0047716361	-0.0549618681	0.0204234345	-0.121109797	0.207752201	0.089480398	0.0275717793	0.1090161491	-0.0599965615	-0.1010365694	0.1261992699	0.0768380748	-0.0872481649	0.0082624818	0.0607082563	-0.1469228529	-0.0530566729	-0.0363974348	0.0360204337	0.032315918	-0.1223850213	0.1705010576	-0.1646660629	-0.0454728689	0.1266359166	-0.1101685179	-0.0567719493	-0.1382672554	-0.1104969213	0.0881330732	-0.0985690072	0.1694820863	-0.0037578286	0.0079253301	0.1062740333	-0.061685113	-0.0750538614	0.0119955024	0.0766812996	0.0110375243	-0.0553962111	0.0215313416	0.0357196748	0.0392561212	0.0841860586	0.0214536442	0.0252830751	-0.0259191219	0.0192440083	0.1306815919	-0.1298081355	-0.0015349554	0.0850280679	0.1049483795	0.0080099373	0.1101798746	-0.1127211024	-0.0169193299	0.07209089	-0.0741358654	-0.0537411507	-0.0595432889	0.1734610274	-0.0467283979	0.0943376063	-0.1882440946	0.0539526188	-0.0677434847	-0.0858717908	0.0122489702	0.010920597	0.0096221055	0.07751889	-0.108835271	0.0695026219	-0.1067185822	0.1231762573	0.0321085338	-0.0359225989	-0.1222391894	0.1196820776	-0.0333243779	0.0346649974	-0.0002469224	-0.105943033	-0.0529098479	-0.0665035203	0.0580399592	0.1136229142	0.0425042068	0.0027453365	0.0108867861	0.0307012866	0.0853680803	-0.0085592862	-0.0938873188	0.1157749199	0.0358911516	-0.1064211553	0.0492834509	-0.107715098	-0.1539347424	-0.0507184533	-0.0876327994	-0.0101290257	0.1013839798	-0.1275100165	-0.0067308207555356	-0.010075268883156	0.0001015110430678	4.530394804314882e-05	-0.0425818575219949	-0.0032515577951671	1.057262809531194e-05	0.0018132145900234	-0.3873668393405296	-0.0533701758433551	0.1500530682206717	0.0028483756695506	0.0078402054756678	0.0028861671059927	8.329960563714278e-06	6.146882190069135e-05	-0.0006741855378975	-0.0006661204718993	4.437164830834088e-07	4.5452613951014137e-07	0.0032721986343455	0.0004711577009992	1.0707283902612556e-05	2.219895792108519e-07	0.0	0.0	0.0	0.0	0.0	0.0	0.0	0.0	0.0	0.0
986.9015982475922	0.0059189064694464	973974.764623652	3.5033453794055435e-05	1204.5514348696356	-5.019983474522405	25.20023408447804	1450944.159246498	898.4033197438495	-1.290561020497762	807128.5249267694	1.6655477476282248	955.3179924225868	804.1229660717864	1.112146	21.469339	0.0757583958968836	0.0344526687700384	-0.130878201	0.1105025809	-0.0599459937	0.0069947418	-0.0895179656	-0.0793311684	0.0618834629	0.0184294994	-0.2285480133	-0.1064511431	0.0353356006	0.0136726827	0.0481443679	-0.1247675774	0.0531790668	0.0844154913	0.0328768081	-0.0893645226	-0.1102821398	-0.00601661	-0.04852859	-0.1583670815	0.0420806619	0.0473005696	-0.0977882099	0.0557880633	0.0618441047	-7.33218e-05	-0.0327239755	-0.0208515503	-0.0256867306	0.0664474031	0.0200835674	-0.0876182839	0.1240080335	0.0230040175	-0.1295927015	0.0486455064	0.059692065	0.0512370141	0.080150755	-0.0576330229	-0.2049069189	0.027019995	0.0043500929	-0.0003339972	0.0983912435	-0.1083310113	-0.0273154883	-0.016791461	0.0026877308	-0.0726982833	-0.0700481594	0.027840608	0.1031424322	-0.1042254155	0.0621406698	-0.0078303162	-0.1068144277	0.1848356644	-0.174452729	-0.0263862053	-0.0483694504	0.0578603603	-0.0268645608	0.0034885116	0.13207529	0.0528556031	0.0700315237	-0.0062047476	-0.058549886	0.056139134	-0.0152990033	0.1005569103	-0.0170455638	-0.078088071	-0.0620616037	-0.0700492533	-0.0216190267	0.05361202	-0.006942526	0.0183345308	-0.0254106479	-0.042727254	-0.1397884147	0.1044520319	-0.0382421463	-0.0168916898	-0.0059255145	-0.0362739654	0.0727993117	-0.0073316609	0.1733826303	0.0263711258	-0.033576513	-0.0086599841	0.0237257614	0.1403206631	0.088435777	-0.1784237394	0.0886685643	-0.0488494407	0.0568300996	-0.0253783689	-0.0190987104	-0.0888066895	-0.0228177407	-0.1271907781	-0.090084361	-0.0033794295	0.0948006283	-0.1289225186	-0.0140051417730404	-0.0072743210175048	5.291574626571207e-05	0.0001961439960829	-0.0321722637799553	0.0104095937420395	0.0001083596418743	0.001035054556727	-0.3719295166634353	0.0154373226770943	0.1383315653654966	0.0002383109314367	0.0073828242440033	-0.0004573812316644	2.0919759107893488e-07	5.4506093817842895e-05	-0.0004841888406921	0.0001899966972053	3.609874494896044e-08	2.344388334507598e-07	0.0030668333940105	-0.000205365240335	9.405467066617964e-06	4.217488193785233e-08	0.0	0.0	0.0	0.0	0.0	0.0	0.0	0.0	0.0	0.0
986.7943049290416	-0.1072933185506599	973763.0002403904	0.0115118562056133	1205.1169406420563	0.5655057724206927	0.3197967786411242	1452306.8406224695	899.3975623784352	0.994242634585703	808915.9752122712	0.9885184164279196	955.61575121282	794.8399885560824	1.1464	22.130589	0.1370291546413461	0.0651813786124834	-0.1117942505	0.0435529507	0.1140634009	-0.0428611019	-0.093017936	0.0516310157	0.025041093	0.0416639948	-0.0524500954	0.0846067607	0.0124149877	-0.0304829923	-0.0524525599	-0.0427756472	-0.0263480979	-0.0523165058	-0.0868337244	-0.125706049	0.0030654494	-0.0346522898	-0.0635448208	0.0138337989	0.0429575418	-0.0952858951	-0.2051210411	-0.0149061927	0.0152330449	-0.0279926257	-0.0201534939	-0.1147953535	-0.0528046043	0.004772971	-0.0247241309	0.0438978729	-0.004113434	-0.0337131565	0.1072955867	-0.0056284369	0.028674428	0.1030464335	0.0326287359	-0.0679257364	0.1499481251	0.0833925715	0.0651334131	0.0767005157	0.1215065887	-0.0965793548	-0.1225120923	-0.0807761816	0.1316516743	-0.1139886487	0.0656179524	0.0276337479	0.0724606607	-0.0395341923	-0.0053026949	0.0467196981	-0.0714580768	-0.0464143627	-0.1007999889	-0.0240583656	0.0888321632	-0.0055151533	0.0463798994	-0.1639396763	-0.0104817068	-0.0174468078	-0.2025478316	0.0357276339	-0.0436206302	-0.1118678508	0.0270013298	-0.1028416502	-0.0567316132	0.0068547374	0.0007630508	-0.0445833192	0.0060750959	0.1209698427	-0.1273984168	0.1250896538	-0.0332205295	0.0270584803	-0.1152043755	0.0695901345	-0.1129811017	-0.0414773384	0.0733049128	-0.0646268485	-0.0975917067	-0.0329690199	-0.0463352607	0.1101481158	0.0286285801	0.0813733214	0.0647081627	-0.0081475608	0.0933679791	-0.1161027637	-0.0616861711	0.0824322651	0.0944859311	0.011977522	0.0494816194	0.0318331152	-0.085072076	-0.1463450222	-0.0924741833	0.0033794295	0.0876327994	-0.1289225186	-0.0282518248435508	-0.0142466830705104	0.0002029679785115	0.0007981656069906	-0.004716109062457	0.0274561547174983	0.0007538404318712	2.2241684688989044e-05	-0.3773471621439128	-0.0054176454804774	0.1423908807780644	2.9350882552137872e-05	0.0077662948679955	0.0003834706239922	1.4704971946496746e-07	6.031533597665325e-05	0.0002472584404626	0.0007314472811547	5.350151251086028e-07	6.113673637999712e-08	0.0023835778717002	-0.0006832555223103	5.681443470458855e-06	4.668381087675213e-07	0.0	0.0	0.0	0.0	0.0	0.0	0.0	0.0	0.0	0.0
987.378050645473	0.5837457164313946	974915.4148964542	0.3407590614520022	1204.4250826900952	-0.691857951961083	0.4786674256917843	1450639.7798130426	900.6972586748269	1.299696296391744	811255.5517843481	1.689210462854416	957.8861719116836	800.8156350192414	1.256381	24.253698	0.1121206840825621	0.0726897990295228	-0.1078332821	0.133555057	-0.115938772	-0.1015021407	-0.0365740095	0.0019391738	0.0366325774	-0.0367686435	-0.091322923	-0.1236775978	0.1107608715	-0.149498699	0.0012516186	0.0117184238	0.004701302	0.0571773362	0.0502911399	-0.0718849435	-0.0440452864	-0.1807204023	0.050696702	0.0535132868	0.086311191	0.0467331271	-0.1056951334	-0.0677200672	0.1475317668	-0.1206388064	-0.052957083	-0.014066447	-0.0498375555	0.1248833131	0.0307201601	-0.0859308668	-0.0895973589	-0.1018326682	-0.1379933625	-0.0513100517	-0.165541887	0.0579991908	-0.0518183292	-0.0545341997	0.045860314	-0.0192742561	-0.0619106741	-0.248114347	-0.06056777	0.0581281749	-0.0421282588	0.1329433597	-0.0290453829	-0.1248942255	-0.026533912	0.1310733436	-0.0174430923	-0.0172707631	-0.0809560808	-0.1347594055	-0.0316894617	0.0398144051	-0.1090596036	-0.012720627	0.0159107965	-0.0054402087	-0.1245520861	-0.1341484083	0.0462408719	0.132679793	0.0211349316	-0.09824721	-0.0570928973	-0.0505101053	0.150863351	0.1072195692	0.0622569361	0.0156522408	0.1422134188	0.0637162378	-0.0508345314	0.1987246421	-0.0862866903	-0.1482775644	0.0165202506	0.0327597229	-0.1098002344	0.0868170806	-0.0751049736	-0.0707903888	0.1054477631	-0.0162775788	-0.0182087942	0.0365666703	0.1367730753	-0.1084974605	-0.0392936324	0.1176532542	0.0005450839	0.0765149638	0.1762705875	-0.1042903778	-0.0537407628	0.1190049226	0.0139603638	-0.0289110444	-0.0811400684	-0.2356894435	-0.1610743029	0.0083052058	-0.0948006283	0.0101290257	0.0799246852	-0.1275100165	-0.0224416034863139	0.0058102213572369	3.375867222009181e-05	0.0005036255670369	-0.0403113490633586	-0.0355952400009016	0.0012670211107217	0.0016250048633079	-0.3731699244428341	0.0041772377010786	0.1392557925086705	1.7449314811313223e-05	0.0066040676561366	-0.0011622272118589	1.3507720919853131e-06	4.3613709606829565e-05	0.000414870732279	0.0001676122918163	2.8093880367946015e-08	1.721177245017137e-07	0.0023826576749086	-9.201967915996832e-07	5.677057595800857e-06	8.46762135270351e-13	0.0	0.0	0.0	0.0	0.0	0.0	0.0	0.0	0.0	0.0
986.8126678719224	-0.5653827735505956	973799.241472501	0.3196576806277641	1209.1140086552869	4.688925965191629	21.98602670704825	1461956.6859264572	898.2088515951026	-2.488407079724311	806779.141083793	6.192169794422075	954.7103381730102	783.9914833048027	1.357385	26.203524	0.1070164945023846	0.0639396269593651	-0.055200635	0.0336139679	0.1439829053	0.0927248945	-0.050286953	0.1484704698	-0.0163621412	0.0469461628	-0.0438621279	-0.0759142714	-0.0560661622	-0.029910792	0.0992980133	-0.033245115	-0.1076322869	0.0688034281	-0.1099049182	-0.0447417014	0.0819833114	-0.0053675177	-0.1230983294	-0.146146528	-0.0954202451	0.0210142129	-0.0705729248	-0.0681721382	0.0021003508	0.0824563066	-0.1555590214	-0.0056250692	0.0578601472	0.0403011054	0.0507762265	0.0554653929	-0.0077952667	0.1003373898	-0.2137827989	0.0125117797	0.0164927029	-0.0728871213	-0.2002109282	-0.0394835792	-0.0140209158	0.0731377108	-0.0748867423	0.0403430804	-0.0191476433	0.1448658915	0.0042518872	-0.0879838937	0.1150683515	0.2988914594	0.1270656367	0.0340884879	0.0464011309	0.0613103848	-0.0274811653	0.1696600993	0.0479830708	0.0281775699	-0.0661462426	-0.0392090516	-0.0130472401	-0.0282497079	-0.023070269	-0.147615957	0.1219399686	0.0889197668	0.0837875581	-0.1397218824	0.0563062639	-0.0355086103	-0.0004742654	-0.0681449916	0.0402576329	-0.2918088673	0.0506712641	0.0111428494	-0.0103314007	0.0620380376	0.0930501122	0.024888512	0.0595831921	0.059292205	-0.0573590504	0.0300699222	-0.0677587855	-0.0478894043	0.1389658687	0.0634990475	0.0289189818	0.0539326886	-0.0304476689	0.0815970475	0.092213793	0.0530372633	-0.0590190846	-0.1004779366	0.0237772678	0.066154088	0.0616059764	0.1992342559	-0.0350137213	-0.1663441362	-0.1702629471	-0.1966081137	-0.0818819045	0.0444153777	-0.0970621018	0.016850859	0.0717238087	-0.124700488	-0.040097156828537	-0.017655553342223	0.00031171856382	0.0016077819857322	-0.0320887173780732	0.0082226316852853	6.76116718318594e-05	0.0010296857829698	-0.3570214525148429	0.0161484719279911	0.1274643175558082	0.0002607731456091	0.0055111352526602	-0.0010929324034763	1.1945012385686992e-06	3.037261177311401e-05	0.0003626429686529	-5.2227763626099975e-05	2.7277392933837716e-09	1.3150992271338822e-07	0.0022280210910734	-0.0001546365838352	4.964077982267903e-06	2.3912473060220943e-08	0.0	0.0	0.0	0.0	0.0	0.0	0.0	0.0	0.0	0.0
988.3494122467496	1.536744374827208	976834.5606884954	2.3615832735630664	1201.6946499968228	-7.419358658464034	55.04688290292523	1444070.0318309865	898.7521168331675	0.5432652380649188	807755.3675120996	0.2951371188897329	952.90683607799	786.2874974268212	1.249091	24.11297	0.2172214444688984	0.1353011820449844	0.0347611253	-0.0581972017	0.0071605532	-0.165542088	0.0744613079	0.0232220976	0.1803646379	0.015759763	-0.0176020118	-0.0103159887	-0.1877631077	-0.0328161666	-0.016540758	-0.013240439	0.1133088454	-0.1438101536	-0.0412014797	0.0115908635	0.0791367534	0.0578505864	0.2263305228	-0.1104015135	0.0212236738	0.0826525472	0.0358724457	0.0363135509	-0.0289146658	-0.0489727239	0.0442033769	-0.0986286608	0.0478428614	0.1924338979	-0.119849481	0.0842135107	-0.0541354257	-0.1900285494	-0.0229590422	-0.0013509595	0.0460794033	-0.0799178554	-0.1216894344	0.0352372638	0.1611559106	-0.0236466004	-0.0896881573	-0.1441141166	-0.0560475183	-0.0064245735	0.0314217512	-0.054006348	-0.1824978527	-0.1168586329	0.129543943	-0.1211051739	0.0634325812	0.1348940958	-0.0856149464	-0.1248944749	0.0014980082	0.1504631012	0.0168840071	0.0868653027	0.0375986991	0.020795099	0.0743639595	-0.0534455372	-0.0209503573	-0.0314686214	0.1282734952	-0.0329366219	-0.0217019924	-0.0104659004	0.0662112777	0.049985204	-0.2501812692	0.1067666178	0.0528805227	-0.0191047891	0.0951309683	0.145694829	-0.0324323045	-0.0995556937	-0.0702342676	-0.0806677237	0.0432640157	-0.0373055508	-0.0100483862	-0.0702335481	0.0466837774	0.0320987067	-0.0738695174	0.006588252	-0.0839354363	-0.1983207701	0.0130255217	0.0190517747	-0.060972352	0.019968024	-0.1036170885	-0.0096347915	0.1153997409	0.0791897557	0.0185399824	0.0129533938	-0.1406402095	-0.038662695	-0.0079746572	0.0416092294	-0.0992570537	0.0235265052	0.063080731	-0.1205247148	-0.0215242543615943	0.0185729024669427	0.0003449527060465	0.0004632935258226	-0.0462794600274492	-0.0141907426493759	0.0002013771769408	0.0021417884204322	-0.3118186689584732	0.0452027835563697	0.0972308823110339	0.002043291641244	0.0032149530577504	-0.0022961821949098	5.272452672220789e-06	1.0335923163538648e-05	0.0005696292676529	0.000206986299	4.2843327973717415e-08	3.244775025667793e-07	0.001946089269059	-0.0002819318220143	3.787263443146593e-06	7.948555226435929e-08	0.0	0.0	0.0	0.0	0.0	0.0	0.0	0.0	0.0	0.0
988.0071204578602	-0.3422917888893835	976158.0700754328	0.1171636687410942	1207.6550368217572	5.960386824934403	35.52621110285162	1458430.6879609595	898.7486204854204	-0.0034963477471592	807749.0828244461	1.2224447569065451e-05	955.6736725321816	794.3013910506959	1.169114	22.569061	0.1123995696170268	0.0542284164600963	0.0304982848	-0.0528358412	0.0069220785	0.1325618209	-0.0341128824	0.1256127639	-0.055954293	-0.0992614394	0.079251562	-0.1617118652	-0.132504396	-0.002853216	-0.0858982406	-0.0775559747	0.0257791903	-0.0369527722	-0.0691389049	0.0348560339	-0.0096891916	-0.0702976649	-0.0192086645	-0.0179144167	-0.0981838096	0.0211409532	-0.0862671963	0.0074451356	0.0547782178	0.0926390563	-0.1145891766	0.0097142627	-0.0827795648	-0.0372315872	0.0252052653	-0.1248010943	-0.0954001196	0.0834728209	0.0357472154	-0.0054214982	0.1493492197	0.0894768761	0.0615716932	0.0316134863	-0.0754294745	-0.0414323648	-0.0734878067	0.0053114582	-0.124487136	-0.0073859948	0.0730997061	0.0601883271	-0.1392502638	-0.1356228795	0.0736327926	0.0623857834	-0.0643464973	0.1152053942	0.0240479018	0.0402099217	0.0264084125	-0.0784596039	-0.1135946105	-0.057314165	-0.021706495	-0.0181502264	0.0854165431	0.0806491289	0.1673058359	-0.0199474168	-0.0513211858	-0.0946113428	-0.0054991122	-0.1105748951	-0.0069621191	-0.0235679159	0.0373293475	0.0530523398	-0.018397595	0.0952268413	-0.1087017205	0.1206289737	-0.1148373941	0.0644863172	-0.1120404623	-0.0418260164	0.0456493705	-0.0297585269	-0.0516897734	0.0299515411	0.0598360833	0.1129517594	0.0846891446	0.0963165788	-0.0324078388	-0.0189567431	0.0696012249	0.0486692993	-0.0228628224	-0.0405451145	-0.0661617459	0.0627033068	0.1063538309	0.0969059993	-0.0423507768	-0.032088419	0.1032943504	0.081679951	0.0027547406	-0.1185866045	-0.1013839798	0.0301376669	0.0540487397	-0.1150284477	-0.03742305243982	-0.0158987980782257	0.0002527717803321	0.0014004848539135	-0.0532686042000278	-0.0069891441725786	4.8848136265089406e-05	0.0028375441934192	-0.3344516742000607	-0.0226330052415875	0.1118579223752235	0.0005122529262657	0.003804268707042	0.0005893156492916	3.472929344999802e-07	1.4472460395379011e-05	0.0009469993335227	0.0003773700658698	1.424081666145772e-07	8.96807737692438e-07	0.0015752025417277	-0.0003708867273312	2.4812630474654062e-06	1.3755696451052205e-07	0.0	0.0	0.0	0.0	0.0	0.0	0.0	0.0	0.0	0.0
987.710738156246	-0.2963823016142441	975572.5022691564	0.0878424687101568	1205.7745179476804	-1.88051887407687	3.5363512357593385	1453892.188131961	899.159023087464	0.4104026020436322	808486.9487996026	0.1684302957641839	955.7227415001912	800.9656121894105	1.127401	21.76383	0.0987673643242512	0.044457577676195	0.0433101502	-0.0329947564	0.0084755185	-0.114822597	0.0185227542	-0.0111346539	0.0162632737	-0.0517613765	0.1190853642	0.1011313986	-0.0929323792	-0.0488120426	-0.0602441044	0.041101897	0.1793519725	-0.171966614	-0.0217590714	0.0936161746	0.0156812756	-0.0175870061	0.0217812817	-0.0388519662	0.0881762733	-0.0765118495	0.0412365433	-0.1914142495	-0.0748449728	0.0189303171	0.0329504293	0.0834467892	-0.0425251225	-0.1291737404	-0.0566956505	0.0773670284	0.0113175079	0.0597762078	-0.0698795853	-0.0003462342	-0.1323239669	0.0496233157	-0.0128676538	0.0141279201	-0.0239916595	0.0896092977	0.0737356143	0.1582644915	-0.2250073747	-0.2207598488	-0.1385015573	0.0859170361	-0.2396356506	-0.0332948226	0.0328664387	-0.0504742886	-0.0812715372	-0.0459301813	-0.1046502645	0.0078240195	0.0322067205	-0.007269987	0.1333368342	0.0577023968	0.0836311587	-0.1524556855	0.2415312959	-0.0645566629	0.0508120835	-0.0382581622	-0.0947071528	-0.0369251104	-0.0034208133	0.1431068247	-0.0267908617	-0.0474106691	-0.0488386683	0.0412844958	0.0667759526	-0.0427251039	-0.0089321886	-0.0045232033	0.0845862527	0.0116798366	-0.1466448974	0.0080699111	0.0555319226	-0.0416433242	-0.0722758589	0.0609111509	-0.0117181702	0.0170170561	-0.0234750225	0.0575453035	-0.222858386	-0.045866364	0.0438106129	0.0525030031	-0.0662223733	0.0472228375	-0.0513828853	-0.0322537254	-0.0037929914	0.0391071584	-0.0144268015	0.1077955391	-0.0647359626	0.0408636481	-0.1008472672	-0.0328745503	-0.1034414224	0.0366662233	0.0446835199	-0.1082719048	-0.0103845025367945	0.0270385499030254	0.0007310831808584	0.0001078378929366	-0.0657852515830228	-0.012516647382995	0.0001566664617102	0.0043276993258416	-0.326579111074075	0.0078725631259857	0.106653915789933	6.197725017263007e-05	0.0035119383466106	-0.0002923303604313	8.54570396299522e-08	1.2333710950393997e-05	0.001123289795434	0.0001762904619113	3.107832696089954e-08	1.261779964526158e-06	0.0010170312858255	-0.0005581712559021	1.03435263634787e-06	3.115551509154392e-07	0.0	0.0	0.0	0.0	0.0	0.0	0.0	0.0	0.0	0.0
986.982325131372	-0.7284130248739302	974134.1101217292	0.5305855348059889	1206.0728531928912	0.2983352452108647	0.0890039185350267	1454611.7272088414	899.6848886620184	0.5258655745543592	809432.8988867884	0.2765346025013863	956.6649066017716	806.0759471409941	1.167844	22.544554	0.0717181975704335	0.0344676142794396	0.0717093149	-0.019587676	-0.1478998733	0.1224849473	-0.0509131911	8.36197e-05	-0.1015283992	0.0366097392	0.1354939257	0.0560824104	0.0431080613	-0.0112263463	-0.1317717747	0.1000835725	0.118365131	0.0458692065	0.0463921585	0.0820998829	-0.0877363295	-0.0104491609	0.0680371701	-0.0107989731	-0.1336416683	-0.0098022002	-0.0106065758	0.0646959342	-0.0473139279	-0.1288948741	-0.02434753	-0.018001363	0.1301854084	-0.1861396157	-0.0223753547	0.0452823933	0.0604402813	0.0487376679	-0.0087588142	0.2624286841	-0.1479270524	0.0117816094	-0.0416082009	0.1454571061	0.0547872552	-4.19335e-05	-0.1232309956	-0.0500776152	-0.0242536086	-0.1413693711	0.1542168834	0.0738236766	0.0347810145	0.0358646814	-0.064094058	0.0441759933	-0.0702790255	0.0874304565	0.1099320957	-0.027175903	0.0636562485	-0.0187499475	0.0632157244	0.0508276684	-0.0675069236	-0.0463392367	0.0416146959	-0.0592296689	-0.1633953513	0.1160959954	0.0855272048	0.0346637292	0.0173526058	-0.1217476907	-0.2182359407	-0.1211061492	0.011159243	0.0816534479	-0.0502085325	-0.1100849176	-0.192236091	-0.0979828083	0.0817380284	0.0108527351	0.0013402736	0.0096980199	0.069700298	-0.052179971	-0.0416914015	0.1066038219	-0.0577967049	0.059440156	0.0875608221	0.087175924	0.0339420171	-0.0695262591	0.092433576	0.0774476878	-0.0163935598	0.0203716731	-0.0330430371	-0.0162082225	-0.0147064056	0.0064010585	0.1138905984	0.0286777765	-0.1004089315	0.1009982642	0.042524897	0.0125346979	-0.1054279714	0.0430942802	0.0350428114	-0.1003291122	-0.0198972623503124	-0.0095127598135179	9.04925992696811e-05	0.0003959010490371	-0.0593016432306825	0.0064836083523402	4.203717726653687e-05	0.0035166848898591	-0.3291135001475354	-0.0025343890734603	0.1083156959793617	6.423127975675337e-06	0.0030051024959704	-0.0005068358506402	2.5688257949417506e-07	9.030641011287527e-06	0.0014408936064067	0.0003176038109726	1.0087218074438249e-07	2.076174384983706e-06	0.0012563404308349	0.0002393091450093	1.5783912781504222e-06	5.7268866885130006e-08	0.0	0.0	0.0	0.0	0.0	0.0	0.0	0.0	0.0	0.0
989.7450766581368	2.7627515267647595	979595.3167690212	7.63279599864101	1204.0425864441754	-2.0302667487158037	4.121983070941039	1449718.5499711796	899.9372800270223	0.2523913650039731	809887.1079824351	0.0637014011285687	954.4962334401164	792.1871261781754	1.244429	24.02298	0.0513853920063194	0.0285915708881576	0.0772652201	-0.1366620149	0.0475732792	-0.0325966257	-0.1139055142	-0.0232333844	0.0694390636	0.1136581925	0.0989938587	0.0406655759	-0.0536772498	0.0691746133	-0.1139732096	0.017811629	0.0689410408	0.0379017602	0.0186066259	0.0909628261	0.0825690351	0.1872535906	0.1123223978	0.068177279	0.0875419461	0.0551201593	-0.0563624208	-0.0158798769	-0.0073727932	-0.0500255773	-0.1882746903	-0.1193200841	0.0276944712	-0.0181639866	0.074531868	-0.0034586884	-0.123222918	-0.0618954347	0.0891351175	0.1180863441	-0.0745025326	-0.0926286258	-0.1411901661	0.0787932635	-0.0481444752	0.2447247706	-0.0627361076	-0.0255902843	-0.0514984846	-0.2642547368	0.0218673205	0.1357788254	0.0225337273	0.0537081594	0.027141225	-0.2039781339	0.0396237361	0.1074981025	0.0294719656	-0.0673722588	-0.0034892047	-0.0103528583	-0.0267823899	0.0064573595	-0.039302205	-0.0898350752	0.1109196171	-0.0012702647	-0.0791831358	0.087654065	0.0030545367	-0.0899886062	0.068060239	-0.2148607294	0.0147135057	-0.1705240592	-0.1037454067	0.0888049467	0.1528767679	0.0428987526	-0.0984986244	0.0330069936	0.1275352058	4.40787e-05	0.0105155074	0.0271664219	0.0841641772	-0.0695746484	-0.0782905176	0.1350409764	-0.0363911386	0.0840620954	-0.0330318408	-0.0148604804	-0.1267817587	-0.0370527047	0.039860833	0.0102832909	0.0447873156	-0.0637427551	-0.0674847897	-0.0150147681	0.0576836808	-0.0280132726	-0.0136959993	-0.0062909471	0.0173706516	0.0528389844	0.0386199878	0.0109997306	-0.1073422654	0.0494042187	0.0251860523	-0.0912870929	-0.0429102937438869	-0.0230130313935745	0.0005295996139216	0.0018412933091866	-0.0700442988115241	-0.0107426555808416	0.0001154046489285	0.004906203795998	-0.3404095007501837	-0.0112960006026483	0.1158786282009893	0.000127599629615	0.0028795989699731	-0.0001255035259973	1.5751135037755034e-08	8.292090227870137e-06	0.0014403153139666	-5.782924400999073e-07	3.344221462767048e-13	2.074508203646706e-06	0.0012569327009826	5.92270147699997e-07	1.5798798147994142e-06	3.5078392785657625e-13	0.0	0.0	0.0	0.0	0.0	0.0	0.0	0.0	0.0	0.0
990.5003738947912	0.7552972366544282	981090.9906857212	0.5704739156978152	1209.8832754892846	5.8406890451092295	34.113648521658966	1463817.5403086802	900.5600272547878	0.6227472277654442	811008.3626891441	0.387814109689546	957.1362162733932	817.73373507528	1.123276	21.684181	0.1188345316755221	0.0754413474837472	0.0694598122	-0.1373409025	-0.1603243895	0.1176400472	-0.1376193944	0.0169311685	-0.0678136486	-0.1319577771	0.1670241794	-0.059100572	-0.0697758096	-0.0071038442	-0.0480460032	-0.1468371142	0.0361594736	-0.0713706407	0.1016696783	0.1017859434	-0.0319733553	0.0262011829	0.0649578794	0.0692686506	-0.0376535369	0.0873635452	-0.0559050258	0.0200139457	0.1153147659	0.1455549779	-0.0495068496	-0.0544810366	0.0140909958	-0.0328098142	0.013965857	-0.1570566522	-0.0436276656	0.0423144075	0.0148547372	-0.0598603094	0.0028522507	0.0023909678	0.0367249802	0.0387730429	-0.1069398827	-0.0578758145	0.0637134317	-0.055430472	-0.005723257	0.0543003558	-0.0395126908	0.0591104291	-0.0658286235	0.0412458936	-0.0574633853	-0.0298177258	-0.0468818562	0.0765397287	0.0643287133	-0.0880137901	0.0741781342	-0.0929621304	-0.0283361509	-0.1614204153	-0.0605425638	0.0225368747	0.1195705952	0.0749438237	0.0650158026	-0.0206138862	-0.0809930442	-0.0507664118	-0.0541846229	-0.0529499308	-0.0116307901	0.1574523046	0.0408932612	0.1120631704	0.0527099183	0.0120753914	-0.058019501	0.0659722047	0.0232409619	0.0395401849	-0.0723803617	0.0622023366	0.0760746356	-0.0471626159	-0.072648135	0.1505820764	-0.0277389789	0.1236330134	0.035947702	0.0065784622	0.0641471074	-0.0217414287	-0.0198182414	0.0346014156	0.058041513	-0.0430552185	-0.0200000136	0.1034042324	-0.0271670887	-0.0344588545	0.0551830322	-0.0440862294	0.1194309408	0.037928838	0.0204440537	0.0606965394	-0.1091829923	0.0555787436	0.0151740128	-0.0812449131	-0.0404995756232295	0.0024107181206574	5.811561857265946e-06	0.0016402156256616	-0.0913885311613142	-0.02134423234979	0.0004555762546018	0.0083518636278224	-0.3921754745301484	-0.0517659737799646	0.153801602822947	0.0026797160413879	0.0028785668373253	-1.0321326477996317e-06	1.0652978026538782e-12	8.286147036948982e-06	0.0023028102169599	0.0008624949029932	7.438974576894217e-07	5.302934895334901e-06	0.0012541875881215	-2.745112861099984e-06	1.5729865061980253e-06	7.53564462017654e-12	0.0	0.0	0.0	0.0	0.0	0.0	0.0	0.0	0.0	0.0
988.5022386018942	-1.9981352928970184	977136.6757209562	3.992544648720653	1211.3528327419333	1.4695572526486558	2.159598518812265	1467375.6853919062	899.7904943304279	-0.7695329243598508	809622.9336873959	0.5921809216738239	957.0092529238336	807.0271882216135	1.069901	20.653818	0.0846631937819382	0.0362798931427517	0.0609831607	-0.1423401078	0.0126459565	0.0340371557	-0.1094545486	-0.0239521681	-0.0784979976	0.0048525408	0.0708108612	0.0740438466	-0.0221177297	0.1587685784	-0.0005346134	0.0678373689	-0.0270653017	-0.057361455	0.0067795558	0.1216052485	0.0035415726	0.0789925954	-0.0189485056	0.028522531	-0.0212985857	-0.1095163178	-0.0614278446	-0.0867201026	0.0023881607	-0.136301719	-0.1003740268	-0.0379486302	0.1129162096	-0.0624018311	-0.0479429235	-0.0423667747	0.0581094752	0.0124415034	0.0304623321	0.0743639121	0.1163605002	0.0454328025	0.0617836245	0.005608031	-0.0148309209	-0.0173524341	0.0327193301	0.1990907906	-0.0201952479	-0.0079440303	0.0281938285	0.0061172702	-0.0124717907	0.1467139742	-0.051230775	-0.0403355869	-0.0758978291	0.0009486315	0.0388212328	0.07235261	-0.0725726318	-0.1000424493	0.1114498341	-0.0504211053	0.0170398182	-0.104672784	0.0652103657	-0.0653306812	-0.0562458491	0.083428114	-0.0218518729	0.1033423066	-0.0253264488	-0.00080907	-0.0534326923	0.0845427999	0.0143221144	0.0670859815	0.0706752936	0.0418451629	-0.0364530065	-0.0828898143	0.0467911905	-0.0381390558	-0.1451335096	0.001091873	0.0708116878	-0.0642391624	-0.1049333625	0.0868973369	-0.0023633036	0.1327228919	-0.0624201528	-0.0245866936	-0.0845110292	0.0690519531	-0.0017352137	0.0686584397	0.1015356495	-0.0564646059	-0.0426498611	-0.0702029053	0.011312124	-0.0269050295	0.0717426805	0.01717607	0.040094318	0.0781122222	0.1022884045	0.0640573703	-0.1109488906	0.0616009311	0.0050684204	-0.0703125971	-0.0484506249412106	-0.0079510493179811	6.321918525696774e-05	0.0023474630571938	-0.0719943764178481	0.019394154743466	0.0003761332382135	0.0051831902357948	-0.3688753617276674	0.023300112802481	0.1360690324897174	0.0005428952566083	0.003049877973696	0.0001713111363706	2.9347505444620518e-08	9.30175565443602e-06	0.0024719059386735	0.0001690957217136	2.8593363101843284e-08	6.110318969649317e-06	0.0009142369078456	-0.0003399506802758	8.358291236670842e-07	1.1556646502004718e-07	0.0	0.0	0.0	0.0	0.0	0.0	0.0	0.0	0.0	0.0
990.519908135632	2.0176695337378305	981129.6884130208	4.070990347373835	1208.5650493674082	-2.7877833745251337	7.771736143278741	1460629.4785524458	901.3820288679862	1.591534537558232	812489.5619661671	2.532982184240695	957.2447152979232	805.0081192414068	1.046906	20.209911	0.0324349269944082	0.0180882625178363	0.0607231777	-0.1378374883	-0.0476307721	0.0430806868	-0.1268496721	-0.0426068055	0.0374406278	-0.0058881761	0.0751897032	-0.0012117083	-0.0874667515	0.0453864731	0.0844313118	-0.0393238574	0.001607502	0.1505661494	0.0467573473	0.0825935111	-0.0102123531	0.0192624974	-0.0611640415	0.1817113684	-0.0955205925	0.1166584593	0.0262570668	-0.0017043461	0.0558357831	0.059876141	-0.0948720094	0.0443434803	0.0965990262	-0.0065510511	-0.1223491977	-0.0803701911	0.0623206332	0.0511208871	0.0052636871	0.1581287809	-0.1373769496	0.0047877074	-0.0871737359	0.0110423037	-0.0133539444	-0.0884845346	-0.0542668197	0.0719453435	-0.0143506147	0.0583815598	-0.0080329525	-0.1874585198	0.0638984547	0.120706856	-0.0449715656	-0.084694551	-0.0523943556	-0.0726716176	0.0226067006	-0.0240226326	0.1007141967	-0.1461220662	-6.40782e-05	-0.1523026957	-0.0581198682	-0.0074930214	-0.0082029972	-0.099243777	0.0032548416	0.072860342	0.1461400231	-0.0085188492	0.0232886196	-0.0710988862	-0.1395257926	0.1373618592	-0.0371311966	0.0315190549	-0.0513847345	-0.0405543279	-0.0497333142	-0.1787781792	-0.0485427389	-0.0473234839	0.147671603	0.0081185565	0.0691113839	-0.0684986484	-0.0927873668	0.0909434075	-0.0340341466	0.1293670479	-0.061061087	-0.0482789873	0.0938921076	-0.0207096001	0.0362542744	-0.0536804605	0.048010938	-0.0083043203	-0.0599590304	0.1221281048	-0.0195371108	0.0705851628	-0.0502890663	-0.1906466016	0.0930378559	0.0248817173	0.0118911204	0.2124312229	-0.1126387502	0.0674542747	-0.0050684204	-0.0586099215	-0.0607101975192136	-0.012259572578003	0.0001502971197953	0.0036857280828219	-0.0664536982773995	0.0055406781404486	3.0699114256045006e-05	0.0044160940147436	-0.3676468176654808	0.0012285440621865	0.1351641825395552	1.5093205127339212e-06	0.003090153262464	4.027528876800017e-05	1.6220988853458007e-09	9.549047185516903e-06	0.002459088827363	-1.2817111310499917e-05	1.642783423457449e-10	6.047117860861535e-06	0.0006992066636487	-0.0002150302441969	4.888899584907462e-07	4.623800591937847e-08	0.0	0.0	0.0	0.0	0.0	0.0	0.0	0.0	0.0	0.0
986.6265640397056	-3.893344095926409	973431.9768687952	15.158128249285026	1206.2496564682217	-2.315392899186463	5.361044277603095	1455038.233729703	899.2873629931337	-2.094665874852467	808717.7612391441	4.38762512727145	956.4151164296338	809.5982258570249	1.201213	23.188725	0.1095178845609386	0.0523114986366863	0.0849107795	-0.1264463539	-0.0581616501	-0.1572096558	-0.0570663761	-0.2031063844	-0.07299176	-0.1652163816	0.0974072756	0.0533325961	0.0138728553	0.182310286	0.0784478226	0.0339724006	-0.0173723171	-0.0987705648	-0.0429676803	0.1462929521	0.0175321576	-0.01750324	-0.015665046	-0.0065739848	0.2234071228	-0.0965633243	-0.017129085	-0.0803222441	-0.01725568	0.1377761706	-0.1729006126	0.1009959822	-8.20181e-05	-0.0199405752	0.0334331086	-0.0236264723	0.0561576944	-0.0728083633	-0.2167410249	-0.0207919304	-0.0694451557	-0.0717092505	0.2030077197	0.0497856153	0.1579563192	0.1046058304	0.0845953968	0.0318965616	0.1299552598	0.0432474829	0.060469221	0.0634982522	-0.1489562655	0.0622650616	-0.1024741069	-0.0576390994	-0.1926048794	-0.0890134529	-0.0572490261	0.0974840856	-0.1873347697	0.006402342	0.0595751836	-0.1427885201	-0.0011269281	-0.0421625465	0.1666724594	0.0272775488	0.0626689876	-0.0037543032	-0.0579126269	-0.0897363529	0.0298365599	-0.0024131078	-0.0192418773	0.076256467	0.1366793196	0.0371333703	0.0914039025	-0.1197078778	0.2032369018	0.0328394373	-0.0192758494	-0.0176347255	0.0350055704	0.0899294878	0.0901938713	-0.1208849908	-0.1185369785	0.0264589465	0.0403395113	0.1386741052	-0.2268606192	-0.0537362132	-0.0232208314	0.0663813148	0.0245232865	-0.0030250481	-0.0256133683	0.0896671792	-0.0034756349	-0.0332766566	-0.040770396	-0.0964731644	0.0888480933	0.0872520148	-0.0178083945	-0.0544136522	0.0506467797	0.0949713656	-0.1142514127	0.0731227308	-0.0151740128	-0.0462651033	-0.0742663704680239	-0.0135561729488102	0.000183769825018	0.0055154937824937	-0.0713321592460971	-0.0048784609686975	2.379938142310588e-05	0.0050882769427105	-0.3498868820353351	0.0177599356301457	0.1224208302204084	0.0003154153135869	0.0026008932511719	-0.0004892600112921	2.393753586495459e-07	6.764645703991537e-06	0.0031290197437938	0.0006699309164307	4.488074327898112e-07	9.790764557051415e-06	0.0003919312911059	-0.0003072753725427	1.5361013694793773e-07	9.44181545713165e-08	0.0	0.0	0.0	0.0	0.0	0.0	0.0	0.0	0.0	0.0
986.363693572971	-0.2628704667346255	972913.335998914	0.0691008822812798	1213.1215708484388	6.871914380217049	47.22320724903387	1471663.9456577837	899.2841903023098	-0.0031726908239306	808712.0549276809	1.0065967064253934e-05	956.376721296774	788.1915132438755	1.220884	23.568457	0.0632276358401921	0.0305509656316937	0.101383035	-0.0810215972	0.0147288234	-0.0724476332	-0.0299587111	-0.0901925153	-0.0360272118	0.0790561154	0.074885023	-0.051692251	0.0808162342	-0.0598757628	0.1439283803	0.1272645483	0.0142286458	-0.0147616553	0.0583260575	0.1412684324	0.0141190087	0.0159120075	0.0902168175	-0.0785434803	-0.049668779	0.2718779026	-0.0021868354	-0.0024665076	0.1001851429	-0.0257077748	-0.0973839421	-0.0651824218	0.0903481307	0.0501761549	0.0130332459	0.0068894641	0.1064256011	0.063151795	-0.0674806046	-0.1263134533	-0.1039609157	-0.0101810492	0.1243512676	0.1065979207	0.0642094451	-0.1214601585	0.0903717699	0.0968722189	0.1223751111	0.0480876927	0.0636181135	-0.0376005553	0.1183971526	0.0647853996	-0.0248613237	-0.0881414557	-0.0410349109	0.1002738158	0.0528153844	-0.0536382395	0.1509636277	0.1947090921	0.0470478414	-0.1789920975	-0.0367047628	0.0267212512	-0.0176267094	0.0099711269	-0.0687824766	0.1091848069	0.0474467415	0.1011988657	0.0184106731	-0.1721591552	-0.0005761103	0.0879360532	0.0830300988	-0.0426582922	0.0535950247	-0.0591809651	0.1678189562	-0.1327384468	-0.0348519283	-0.0709424359	0.0059103715	0.1472691863	0.1100776223	-0.1160079131	-0.0810476504	0.0537578527	0.0483219631	0.1668579023	-0.1235361742	-0.0425289699	0.1716179401	-0.0387282888	0.0051778494	-0.0366234907	0.0128085225	0.0579373593	-0.0134978236	0.1055641186	-0.1730036585	0.0269222365	-0.0357052816	0.0772625713	0.1447662842	-0.0188406467	0.0449033107	0.1171757555	-0.1157857731	0.0785907625	-0.0251860523	-0.033413395	-0.0811161951899066	-0.0068498247218827	4.692009872051556e-05	0.006579837122087	-0.0628443170015344	0.0084878422445626	7.204346596858315e-05	0.0039494081793893	-0.3446148017618284	0.0052720802735066	0.1187593615933442	2.779483041029821e-05	0.0021553759722555	-0.0004455172789164	1.984856458130736e-07	4.645645581776341e-06	0.0032277629489103	9.874320511650028e-05	9.750220556679245e-09	1.0418453654358115e-05	0.0007000285790778	0.0003080972879719	4.900400115256837e-07	9.49239388556399e-08	0.0	0.0	0.0	0.0	0.0	0.0	0.0	0.0	0.0	0.0
989.716762248959	3.35306867598797	979539.2694765624	11.243069545891718	1205.559263987084	-7.562306861354727	57.18848506529279	1453373.1389850797	900.8493189525408	1.565128650231031	811529.4954572566	2.44962769177401	956.6213686813784	792.7954307397207	1.181428	22.806776	0.0807302745054571	0.0427701038062826	0.0799286168	-0.1836946737	0.0578632957	0.0347283743	-0.0816302707	0.0359053228	0.0003671097	0.0889256686	0.0917971293	-0.1950501396	-0.1731474484	0.1110211913	0.0534566517	-0.0461314699	0.0977000016	-0.0790287312	-0.0574195256	0.1080937549	0.1255938978	-0.020623187	-0.1197162347	0.0223215734	-0.0916424856	0.0148042618	-0.124244887	0.2033415733	-0.1229072436	0.0237639207	-0.1366138135	-0.1235062273	0.0375057929	-0.0468224537	0.1253217431	-0.0565972293	-0.0834695691	0.0782184886	-0.0052438528	-0.030709435	-0.0280346615	0.0330072459	0.1129115679	-0.0383810794	-0.102926637	-0.1388809639	0.0045002331	0.0911626307	0.0578981043	0.0518295842	0.0197747198	0.078122558	-0.0797512401	-0.0001779387	0.0172551023	-0.0392406804	-0.0772745187	0.1268416301	0.0099731737	0.1380415472	0.0302246966	0.0111415423	-0.2617164747	0.0379947158	-0.039061409	-0.1744801697	-0.0269419306	0.1549341887	-0.0467516548	-0.1404143401	-0.0217360238	-0.049988693	0.0473752709	-0.1327513495	-0.1183328502	0.070150707	-0.0106553252	0.0546937681	0.0587178546	0.0763720415	0.0925099997	-0.1334645648	0.02486063	-0.0120590725	0.0109128466	-0.0408508695	0.0919176583	-0.1039815146	-0.0798889496	-0.0129323105	0.0938037792	0.2081595353	-0.0727682206	-0.1214420674	0.1314159753	0.0967319332	0.0253290519	0.0042011612	-0.0967798359	0.0494968941	-0.001380389	0.0012744945	0.1285223803	-0.1434258478	0.0493928136	0.0320947707	0.0392471859	-0.0448355033	0.0191654453	0.0136945967	-0.1172407796	0.0838433825	-0.0350428114	-0.0201956026	-0.0669286324934006	0.014187562696506	0.0002012869352672	0.0044794418474366	-0.0929382509338268	-0.0300939339322924	0.0009056448595211	0.0086375184866389	-0.3708235145738072	-0.0262087128119787	0.1375100789608705	0.0006868966272607	0.0022782449075428	0.0001228689352873	1.509677525863477e-08	5.190399858744702e-06	0.0032278991057905	1.3615688019977606e-07	1.8538696025736165e-14	1.0419332637163107e-05	0.0007818247882039	8.179620912609998e-05	6.112499994500731e-07	6.690619827400682e-09	0.0	0.0	0.0	0.0	0.0	0.0	0.0	0.0	0.0	0.0
987.9252296450056	-1.7915326039533284	975996.2593691372	3.209589071027793	1204.9344111403375	-0.6248528467465349	0.3904410800872486	1451866.9351501118	902.421915690104	1.5725967375632308	814365.3139177972	2.473060498994517	959.687015338322	811.1299369569919	1.260913	24.341185	0.0340413353447267	0.0180292193228556	0.1004607714	-0.079468376	-0.0197398477	-0.1136557885	0.0753748214	-0.0060964347	0.0233161474	-0.1658571739	0.0409188524	-0.0522189301	-0.0722394922	-0.0755478374	-0.085333573	0.1102291027	-0.0140929415	-0.1785904908	-0.0421993868	0.0425201618	0.1828915223	-0.1985561468	0.021453313	0.1585702242	0.0432994793	0.0101741874	0.0041420911	-0.1724699786	0.0269856709	-0.0339361463	-0.1069368065	0.1582307412	0.0702311109	-0.0267201122	-0.005513546	-0.1482046863	-0.0219411967	-0.0852411572	0.0832667939	-0.1371924934	0.0538511394	0.0229938869	-0.0280125148	0.0660478739	-0.0874042294	-0.0464249936	-0.0343535004	0.0711780844	0.0728686169	0.0950303328	0.0819549186	0.0646095236	0.0046325566	-0.0218767079	0.0034225864	0.0560611925	-0.1549425255	0.0056673618	-0.2633773542	-0.042551969	-0.0482324709	-0.131011841	0.0317034312	-0.1148660458	0.0569533926	-0.0882727729	0.0178996144	-0.0022690256	0.0950322513	0.1357204507	-0.0893431258	0.0658809919	0.1412870478	-0.0691752052	-0.0202699767	-0.0200292376	0.0086670841	0.0160652174	0.0970242932	0.1420586121	0.0142482388	-0.0926495457	-0.1218536773	0.1109813101	-0.0328887179	-0.082380018	0.1071870311	-0.1012024675	-0.0452203641	-0.0336339216	0.14505579	0.1748784171	-0.2063764412	-0.0697275251	0.0065310092	0.0646453447	-0.0178344598	0.0324227588	0.0415933429	-0.0163814446	-0.0309440662	0.034769489	-0.1263037841	0.0142207436	0.0575399632	0.1530971332	0.060270672	0.0823761296	0.0255828218	-0.0586920303	-0.1186154352	0.0888661936	-0.0446835199	-0.0067565429	-0.0643043826879505	0.0026242498054501	6.886687041404912e-06	0.0041350536328783	-0.0815397558100414	0.0113984951237853	0.0001299256910869	0.0066487317775611	-0.3671568061457009	0.0036667084281062	0.1348041202991118	1.3444750696745708e-05	0.0025218828976159	0.0002436379900731	5.9359470206859984e-08	6.359893349287568e-06	0.0032278917097041	-7.396086400008467e-09	5.470209403639021e-17	1.0419284889576456e-05	0.0006984325346157	-8.339225358819998e-05	4.87808005409711e-07	6.9542679585186525e-09	0.0	0.0	0.0	0.0	0.0	0.0	0.0	0.0	0.0	0.0
985.7590190252212	-2.166210619784465	971720.8435895664	4.692468449266996	1209.3336042639328	4.399193123595296	19.35290013868814	1462487.7664019945	900.0073385613799	-2.4145771287240905	810013.2094643384	5.830182710557473	959.0066892423898	794.1215551716008	1.279407	24.698214	0.2287995216779739	0.1093088329036512	-0.0055707103	0.0429540649	0.031072933	-0.0243874353	0.0890034594	0.0080248572	-0.1137421728	-0.0886890043	0.0485459725	-0.1257513949	0.0760660663	-0.0521769615	0.1197934138	0.1605682057	0.0466311965	0.0710987081	-0.1249273695	0.0361813151	-0.0602326376	-0.2969573672	-0.136593165	-0.0326835117	0.0014963122	-0.0267895336	-0.0233071494	-0.0626017835	-0.0213578861	0.046435878	-0.1021036207	0.1005481513	0.0230902398	-0.0344004923	0.087214377	0.1159071482	-0.0556031769	-0.0350300305	-0.0334075612	0.0788483677	0.054069737	-0.1158206019	-0.0629568889	0.0031711199	-0.0046789411	-0.1186287246	0.0256617764	0.0229784086	0.0929891868	-0.1423933615	-0.1220567576	-0.1223695131	0.0929771359	-0.1898263914	-0.0072288881	0.2067933034	-0.2142895831	-0.0653862136	-0.0395796916	0.1098773261	-0.0017118743	0.0892948674	-0.0247776463	-0.022734811	-0.0872763042	-0.0318844967	-0.0279758121	-0.1000601547	-0.0319236991	0.0024966728	-0.0407558959	0.0302244537	0.1104735104	-0.0231523557	0.0024290153	-0.1502723287	-0.0545412969	-0.1530367997	-0.0203186267	0.1182821735	-0.0059104837	0.0441382737	0.0133211731	-0.099893869	0.0125263645	0.0830042194	0.0167953724	-0.0685706062	-0.0406110857	-0.1027093177	0.0188642479	0.2055215318	0.0796052616	-0.1361680725	0.1013378907	-0.017105545	0.1282974282	-0.0066107488	-0.1040963629	0.1195009904	0.0710636527	-0.0914494167	0.0376879435	-0.0880613014	-0.1060681946	0.2794673156	-0.2721940227	-0.0690152936	-0.0158703558	-0.0580051457	-0.1199087977	0.0936454286	-0.0540487397	0.0067565429	-0.0367477839655663	0.0275565987223841	0.0007593661331465	0.0013503996263799	-0.0405289558172796	0.0410107999927618	0.0016818857160463	0.001642596259639	-0.350205023683678	0.0169517824620228	0.1226435586132854	0.0002873629286397	0.0038790222464496	0.0013571393488337	1.8418272121527596e-06	1.5046813588450902e-05	0.0023120135270378	-0.0009158781826662	8.388328454841241e-07	5.3454065492057685e-06	0.0012910218131318	0.0005925892785161	1.6667373219821203e-06	3.511620530122319e-07	0.0	0.0	0.0	0.0	0.0	0.0	0.0	0.0	0.0	0.0
989.039436142982	3.2804171177608623	978199.0062460278	10.761136466498485	1208.2074765767136	-1.1261276872191956	1.2681635679216543	1459765.30645587	901.2559431877688	1.2486046263888966	812262.2751312748	1.559013513039756	957.4621640959056	809.2364638581123	1.725861	33.316746	0.6365885568468235	0.3427041884670247	-0.1920731909	0.02110455	0.028878361	0.1578282256	0.0798865278	0.1248962138	0.0982690829	0.15120738	-0.2336874788	0.0580234733	0.0313957759	0.0763174802	0.0841157599	0.0064784651	-0.0014301887	-0.0317749913	-0.0401843204	-0.2084842237	0.0298159346	0.0773464106	0.0452870792	0.1280750193	-0.1721273002	-0.1295875867	0.1002774624	-0.0809790684	0.0363887049	-0.0917163917	-0.1652211401	-0.0205821856	-0.0920649164	0.0632211864	0.0489992133	0.0529057885	0.1701484655	-0.1275782094	0.0937806527	0.0635018575	0.1360278559	-0.1273055493	-0.0393672574	-0.0497891604	0.0457061329	-0.0614470305	0.0767713151	0.1673321796	0.0019864579	-0.0591992345	0.0101063874	0.0398087521	-0.0414790782	-0.05024654	0.1372319306	0.0264997389	0.2028152383	-0.0039682703	-0.011448931	-0.0330256589	-0.1769801574	-0.0719139132	0.0906947327	-0.0817013168	-0.195144459	-0.149348917	-0.1645922033	0.077712959	-0.0540732064	-0.0687724307	0.1409168209	0.1876603877	0.012540295	0.0183823046	0.0349360968	-0.0961248783	-0.0268680983	-0.1063112448	-0.0121466639	0.0048571322	-0.1200893907	0.1712578666	-0.0404642649	-0.085455425	-0.0950736183	-0.0495148088	-0.2082564719	0.1383082404	0.1953500605	0.051668584	0.1200745015	0.235472211	0.0799883387	-0.0850175503	-0.0989010843	-0.1562475567	0.2103675313	-0.2144088436	0.2121597036	-0.0531812142	0.1608154782	-0.228750679	0.0849325921	-0.0960002337	-0.0537391244	0.014454798	0.0189833828	0.0781308872	-0.1139734188	-0.1192959482	-0.1211199807	0.098167988	-0.063080731	0.0201956026	-0.0322312669530333	0.004516517012533	2.0398925924500016e-05	0.0010388545693976	-0.0800050828287197	-0.0394761270114401	0.0015583646038233	0.0064008132784302	-0.5413004612947034	-0.1910954376110254	0.2930061893978587	0.0365174662757493	0.0086201057365077	0.0047410834900581	2.247787265970149e-05	7.430622290857295e-05	0.0003869516823431	-0.0019250618446947	3.7058631058993616e-06	1.4973160446815537e-07	0.0026548859826155	0.0013638641694836	7.048419580688268e-06	1.8601254728014624e-06	0.0	0.0	0.0	0.0	0.0	0.0	0.0	1.0	0.0	0.0
992.4208938265572	3.381457683575149	984899.2305035028	11.434256065809416	1201.1537166229666	-7.053759953746976	49.75552948508454	1442770.250957166	901.9018522148052	0.6459090270363959	813426.9510284964	0.4171984712071035	958.321040326677	817.4055122392907	1.29662	25.030502	0.2619527313468689	0.1664307940743112	-0.1015100428	0.0287906518	-0.0806177535	0.0888214143	0.0699607551	0.1392524135	-0.0079474864	0.029610918	-0.1252201803	0.0869020172	-0.0053628161	0.0334428879	-0.0478821826	-0.0750301121	0.025007702	-0.01902765	0.0867872588	-0.2355343548	0.0677659589	0.0245509463	0.0440938764	0.0488151053	-0.2124045142	-0.0086316635	0.2078212683	0.1671038422	0.0305820447	-0.1335093341	0.0047590345	-0.0587545248	-0.0862187642	0.0024342021	0.1227400006	-0.010135469	0.0432301203	0.0002053054	0.0460080199	-0.0750994774	0.1480133817	0.0980705755	-0.1229200734	-0.014013831	0.0220571724	0.1861951831	-0.0230311457	-0.007123137	-0.0066581767	0.1007357724	0.1337321564	-0.0745567491	-0.1530481138	0.0329025472	0.0602976314	0.1087664972	0.2273841908	0.0121630678	-0.1001538234	-0.1095164512	0.0426202734	-0.0928506026	0.1104170685	0.127716383	-0.0817224669	-0.0669404835	-0.1984252916	0.1873477495	0.1117506486	-0.0696160854	-0.0531037465	0.02534668	-0.1365286297	0.0412239108	-0.1543268898	0.1453686629	-0.1012484421	-0.0370662075	0.0154978116	-0.0437409834	0.0240430162	0.0730031889	-0.1467099389	0.1430253134	-0.094830065	0.1012570634	-0.1505794611	0.1972977663	0.3277126879	0.1494555301	0.0643397396	-0.0027324451	-0.205305816	0.0933142543	0.0627901894	-0.0653828271	0.158363002	-0.181397077	-0.0004551257	-0.1487185673	0.2105435653	-0.0057660999	0.1412097668	0.0178402522	0.1550922912	0.0353408747	0.2790930759	0.0182151776	-0.0696322088	0.1133148816	-0.1222481541	0.1024214758	-0.0717238087	0.033413395	-0.0113627654171892	0.0208685015358441	0.0004354943563515	0.000129112437926	-0.2374134121926232	-0.1574083293639035	0.0247773821531351	0.0563651282889444	-0.5907000343203848	-0.0493995730256813	0.3489265305461037	0.0024403178151196	0.0090535074262964	0.0004334016897887	1.8783702471170058e-07	8.196599671800406e-05	0.0004439130610396	5.6961378696500007e-05	3.2445986630060843e-09	1.9705880576154765e-07	0.0028500494625591	0.0001951634799436	8.122781939033415e-06	3.808878390369596e-08	0.0	0.0	0.0	0.0	0.0	0.0	0.0	0.0	0.0	0.0
987.351526298412	-5.0693675281452215	974863.0364838036	25.698487135413192	1200.1251961695004	-1.0285204534661716	1.0578543231982591	1440300.486480882	899.6694601307745	-2.232392084030721	809405.1374919992	4.983574416843026	958.686154046022	815.2748616275178	1.369163	26.430899	0.5141537138873495	0.2412502227392904	-0.0170675195	0.1184499134	-0.1892395177	0.0536538736	0.1650524413	0.185836022	-0.1181758966	-0.151375424	-0.1086885282	0.0257307661	0.0751234168	-0.080407185	-0.3282617042	0.2413245524	-0.0450641333	0.0124957834	0.0563228471	-0.0878659244	-0.1170487205	-0.2078732936	0.1083291121	-0.0998542219	0.0237080271	-0.0527734067	0.1651166211	0.1486466547	-0.0487395747	0.0355672956	0.0967688052	0.0060562233	0.0284671927	-0.0682287229	-0.0080894253	-0.1332637485	0.0030677723	-0.0358969539	-0.1191920679	-0.0862695198	-0.1802861782	0.0603346979	-0.0946997686	-0.03989103	0.0514468377	0.1918173097	-0.1101686558	-0.0065743628	0.1274863322	-0.0255903309	-0.1801453681	-0.0991115692	-0.034622851	0.0628014697	0.003069595	0.2696483122	-0.0053915108	0.0304968618	-0.0165088522	-0.0896560876	0.0634423288	-0.0320430655	0.083527678	0.2914910289	0.0120277324	0.2724080981	0.1713599753	-0.0336376449	0.0034930457	0.0802487039	-0.0113233479	-0.0645914496	-0.0946772195	-0.0582706161	-0.0586687564	0.0875788199	0.0111956985	-0.1090555234	0.1347348447	0.0619967616	0.1270516567	0.0330555557	-0.0121055671	0.032166179	0.1052021319	0.1492275742	-0.0257566935	0.1008647594	0.191186594	-0.0129962872	-0.0658828253	-0.0631544337	-0.0580882899	0.197969559	0.0366389947	-0.120500581	-0.0329107301	0.1512718627	-0.1411818381	-0.2112175711	0.0340556543	0.0097603967	0.0301877224	0.1088708389	0.0870285921	0.1434976881	-0.0951806389	0.0492114325	-0.069318205	0.1628306592	-0.1232925447	0.1063942335	-0.0799246852	0.0462651033	0.0258677307924415	0.0372304962096307	0.0013861098480153	0.0006691394963502	-0.1947397654121658	0.0426736467804574	0.0018210401295432	0.0379235762327853	-0.4644423659249383	0.1262576683954464	0.2157067112659543	0.0159409988286545	0.0058052840789128	-0.0032482233473836	1.055095491448792e-05	3.3701323236878434e-05	0.0021432738563391	0.0016993607952995	2.8878271126009493e-06	4.593622823266678e-06	0.0016377955552059	-0.0012122539073532	2.682374280652202e-06	1.4695595358931005e-06	0.0	0.0	0.0	0.0	0.0	0.0	0.0	0.0	1.0	0.0
985.3549464866333	-1.9965798117787017	970924.370565676	3.986330944802276	1210.0325043560708	9.90730818657039	98.15475550368468	1464178.661598225	899.3045116606213	-0.3649484701531946	808748.6046931485	0.1331873858671572	957.7164211419536	783.8079988338632	1.306011	25.211786	0.2196818049044266	0.0950568757235843	0.0275449363	0.1168083557	0.0499933714	0.1568928375	0.0433861919	0.0427699471	-0.134374237	0.1593975177	0.0451863565	0.0124333724	0.0391037717	-0.0549304663	0.0531975764	0.101937831	0.1012461201	0.0860924171	0.0501692942	0.0066723814	-0.1144917618	0.0670412429	-0.0220251857	-0.1560594443	-0.0737711194	0.0431723089	0.0735566844	-0.0541108367	0.0238525076	-0.0144447346	0.0958322476	0.2101057406	0.084838419	-0.2629982202	-0.0447533673	0.0759176489	0.0573431879	-0.0749068191	-0.0522675341	-0.0797651371	0.0463609121	-0.009439071	0.0613964383	0.0029119602	0.0887104678	0.0715772694	-0.1066358967	-0.0775399211	0.0166977831	-0.0788930443	0.0716774281	-0.1056992547	-0.0170191276	-0.0252239537	-0.0159593662	0.0597557546	0.1038973923	0.0204807799	0.1479153345	0.083310663	0.1230171357	0.1293632514	0.1824167218	0.0502668361	-0.0224245691	0.0167658859	-5.6864e-06	-0.0324984831	-0.0305799869	0.063225463	0.0497371032	-0.0928597164	0.0996783621	0.2272396829	-0.1580844533	-0.083674636	0.1182046603	0.0436098036	-0.0309424801	-0.0190876075	0.1268384409	0.0640526051	-0.1478018499	-0.0136564887	-0.0260219858	0.0002751844	0.0166651265	0.041869341	0.1134805541	0.070809581	-0.149927208	-0.0668283451	0.0517172461	0.2073809312	0.0119578969	0.0462870388	0.0587019545	0.0227647482	-0.2026003326	-0.1723270062	-0.0281252783	-0.0549614109	0.0261596137	-0.0257200076	-0.1438839335	0.0493426902	0.0931376703	0.0124664929	0.0216217652	-0.0046147113	-0.1242524367	0.1100753719	-0.0876327994	0.0586099215	0.0144623660528395	-0.011405364739602	0.0001300823448433	0.0002091600318463	-0.1559542021358737	0.0387855632762921	0.0015043199186592	0.0243217131638369	-0.4246453247631407	0.0397970411617976	0.1803236518431932	0.0015838044852338	0.0046897564318516	-0.0011155276470611	1.2444019313578962e-06	2.199381539009345e-05	0.0028711001816923	0.0007278263253531	5.297311598771416e-07	8.243216253313556e-06	0.0008872728130856	-0.0007505227421203	7.87253044840834e-07	5.632843864397743e-07	0.0	0.0	0.0	0.0	0.0	0.0	0.0	0.0	0.0	0.0
988.0597200321016	2.704773545468356	976262.010349915	7.315799932265461	1199.1668952001285	-10.865609155942366	118.06146232969856	1438001.242543916	898.8619018301954	-0.4426098304259085	807952.7185617958	0.1959034619896515	954.0459994050244	781.5915220752698	1.140095	22.008863	0.0710383489051533	0.0438087727074049	0.0537423929	-0.0033110859	0.173301818	-0.0177902896	0.0191399975	-0.0350034864	0.1351458812	0.0792269442	0.0656252606	0.1091065832	-0.150954483	0.056571557	-0.049696869	-0.0979906355	-0.0347670981	-0.0242977756	-0.0441922731	0.0551957323	-0.0240712138	0.2099382406	-0.0929866758	-0.1069108593	0.0732482839	-0.0130976608	0.0906730843	0.0188939992	-0.0397643428	0.0342469011	0.1554937799	-0.0144101619	-0.0517705742	0.0751407418	0.0140940584	0.0709190934	-0.004416374	-0.006435671	0.1109490585	0.0230336634	0.060715021	0.0344518594	0.0975917816	0.0147052465	0.0071198918	0.1417819366	0.0735306901	0.1213521454	0.0448776212	-0.0331764206	-0.0755922167	-0.0699770766	0.0832336023	-0.0824380424	-0.0016141178	-0.201284368	0.0616109785	-0.01798437	0.0407622287	0.1111393811	-0.034883232	0.0429515801	-0.0223023342	0.160233484	0.0575983902	0.0779441902	0.0358928013	0.0702439972	0.1466769068	-0.0662704001	0.0181276999	0.1439456458	0.0829012245	0.0025118006	0.0473125482	-0.1231013411	-0.0646554567	0.0984077778	-0.2011042316	0.0354378815	0.0315204218	-0.0284303331	-0.0185738369	0.0407310417	-0.0923266645	-0.0254130025	0.0461019794	0.0053214866	0.0609642287	-0.0103808005	-0.1313196236	-0.0740348147	-0.0363824645	0.0535456633	-0.0869120106	0.1454584416	0.0181420404	-0.0487050527	-0.1313147984	-0.1046580477	-0.0589380982	-0.0897519448	-0.0140459606	-0.0152161728	-0.1022186877	-0.0069295751	-0.0627532648	0.0428741571	0.0200139295	-0.0525132448	-0.1251271724	0.1134548014	-0.0948006283	0.0703125971	0.0146566884740479	0.0001943224212084	3.7761203384294836e-08	0.0002148185170252	-0.1174885409171366	0.038465661218737	0.0014796070929946	0.0138035572468376	-0.4148591622243529	0.0097861625387878	0.1721081244814919	9.576897723557436e-05	0.0042807304880343	-0.0004090259438172	1.6730222271563292e-07	1.8324653511186375e-05	0.0029129201868043	4.182000511200037e-05	1.7489128275677371e-09	8.485104014691999e-06	0.0008882709186847	9.981055990999866e-07	7.890252249809608e-07	9.962147869547432e-13	0.0	0.0	0.0	0.0	0.0	0.0	0.0	0.0	0.0	0.0
987.6512271861576	-0.4084928459440107	975454.9465623233	0.1668664051874372	1201.812139328212	2.6452441280835046	6.99731649716026	1444352.4182366536	899.4751734447282	0.6132716145327777	809055.5876434238	0.3761020731916398	955.6579721260558	793.0860858869879	1.071497	20.68462	0.118150926863356	0.0601046433080214	0.0311984302	0.0485112947	0.0184931394	-0.2111617052	0.0077070839	-0.2141230833	0.1600507839	-0.1129678921	-0.040948084	0.0253210194	-0.0471206042	-0.0688697317	-0.0627627666	0.0018012451	-0.1205297015	0.1527443123	0.0273306435	0.1185078468	-0.0591464435	0.0257975215	-0.0627484148	-0.0490940579	0.1915521019	-0.0566983169	-0.017211428	0.0729526433	0.0324725024	0.0777235573	0.0666522529	0.2458650167	-0.1555687872	0.0483840996	0.0953269951	-0.0652337754	0.0260546965	-0.0435963539	-0.0741804479	0.1245421522	0.145047893	0.130814157	-0.064820051	0.1549875556	0.1685662744	0.0911161312	0.1013968435	0.0059635812	0.0820995494	0.0255271526	0.0846949954	-0.0056146833	0.067983843	0.001664098	-0.0987558012	-0.1416599915	-0.1015118909	-0.1090022047	-0.0382818797	-0.0021832468	-0.1039442057	0.0341961445	-0.0664979514	0.1261458499	0.050741618	0.1663902324	0.0509311246	0.0395346567	0.1292556691	0.1122798217	0.0420465792	-0.1334139113	0.0601991138	0.0279538177	-0.1004027066	-0.117326493	-0.0196330584	0.031211546	-0.1822993745	-0.0907129534	0.0127638426	0.1431902604	-0.1593029581	-0.1272625697	-0.0248054146	-0.1152977066	0.0337171807	-0.017337981	-0.0071466793	-0.0458871827	-0.1299669891	-0.134051108	-0.0964865953	0.0235039385	-0.0616501739	0.0197171359	-0.0898151447	-0.1061253218	-0.1299229219	0.0045079417	-0.0115004381	-0.098764096	-0.1471799659	-0.0264495979	-0.0140833654	-0.060705926	-0.0510779473	0.0442681186	-0.0540193761	-0.0033834958	-0.1259161521	0.1165232592	-0.1013839798	0.0812449131	0.0232952077916905	0.0086385193176426	7.462401600128439e-05	0.000542666706058	-0.0887729898371532	0.0287155510799834	0.0008245828738271	0.0078806437246273	-0.4140837658209477	0.0007753964034051	0.1714653651164574	6.012395824136916e-07	0.0042219284155124	-5.88020725219001e-05	3.457683732870799e-09	1.7824679545711047e-05	0.0036201358435004	0.0007072156566961	5.00153985076096e-07	1.3105383525396351e-05	5.38594466562032e-05	-0.0008344114720284	2.900839994112398e-09	6.962425046527628e-07	0.0	0.0	0.0	0.0	0.0	0.0	0.0	0.0	0.0	0.0
985.877570488366	-1.77365669779158	971954.5839920432	3.145858081620932	1199.2524357625882	-2.559703565623749	6.552082343866936	1438206.4046825008	899.5164642333984	0.0412907886702669	809129.8694269548	0.0017049292290126	957.3626443126318	795.1608712945355	1.024976	19.786566	0.0825331160657096	0.0387943728520966	0.0310276205	0.1047512863	-0.1070710922	-0.0621733449	0.0765438592	-0.12246034	-0.0607705486	-0.0701374868	0.0474474512	0.0379431607	0.1376146844	0.0377049204	-0.1480033872	0.0644393134	-0.0095105444	0.0733866064	0.0137974787	0.0840175968	-0.1367611777	0.0211125298	0.0713647481	0.0251739167	0.0593558178	-0.1593831741	-0.0823874534	-0.1166830266	-0.0692329889	-0.0068721183	0.1360226664	0.047275225	0.1219700207	0.0776814614	-0.0038120871	0.0190690645	-0.0403272959	0.0268285571	0.1031373709	0.0175503602	-0.120053444	0.0304048273	0.0442343028	-0.1114442879	0.0701783201	-0.0515371266	-0.0718196306	0.0566682065	-0.1953351996	0.1196506246	-0.01096946	0.0437287791	0.0660092015	0.1575552642	-0.1198065668	0.023834093	-0.0954615147	-0.0139715342	0.1123273121	-0.0479291502	-0.094238814	-0.064373859	0.0545262399	0.082164669	0.0990634856	0.0793609119	0.0202992102	-0.1115453767	-0.1103587951	0.0388803464	-0.0117113946	0.0590187275	0.1217828531	0.072780522	0.0906998213	-0.0639493848	-0.1036147719	0.0740050385	0.0266230792	-0.0536090894	0.0029900232	-0.1460162873	0.0233197216	-0.0623087501	0.1344469953	-0.0595017153	0.0238407391	0.0129477943	0.0347393719	-0.0475574141	-0.1408104229	-0.0955281395	-0.0451254482	0.051087598	-0.0114602436	-0.0441114069	-0.1299022362	0.0260430011	-0.0063509904	-0.1084042237	-0.0627025236	-0.1081222144	-0.1905334036	0.0322633788	0.0163085339	-0.043519309	-0.0722791335	-0.0010463888	-0.0279861618	-0.1062229278	-0.1266188352	0.1192723348	-0.1073422654	0.0912870929	0.0148983190321985	-0.008396888759492	7.05077408392831e-05	0.0002219599099851	-0.0989782528024676	-0.0102052629653143	0.0001041473921912	0.0097966945278291	-0.4353107737925512	-0.0212270079716034	0.1894954697798696	0.0004505858674265	0.0046371863158701	0.0004152579003576	1.7243912380948508e-07	2.150349692809291e-05	0.0035986166512367	-2.1519192263699975e-05	4.6307563568208503e-10	1.2950041802558044e-05	0.0004711614814208	0.0004173020347645	2.2199314157464285e-07	1.7414098821867273e-07	0.0	0.0	0.0	0.0	0.0	0.0	0.0	0.0	0.0	0.0
987.467736729811	1.5901662414449902	975092.5310822952	2.5286286754312868	1205.823476922022	6.571041159433889	43.178581918974274	1454010.2574963144	900.0183506051452	0.5018863717467639	810033.0314260061	0.2518899301451308	957.5100975817122	794.1578780016671	0.972401	18.771643	0.0646930935388712	0.0328448895644229	0.0202713623	0.1042128073	-0.074055717	0.0275100279	0.0502890844	-0.0345321109	-0.0952023892	0.1076322578	-0.0016229714	0.0137921658	0.2297854404	-0.0256037892	-0.0492135837	0.0131329684	-0.0438190382	0.0546228749	0.0430192488	0.0209115643	-0.0524707509	0.0316706787	0.1293583891	-0.0626028004	0.0131336177	-0.0450195561	0.0938005619	0.0499523399	0.0335337796	0.0453650623	0.1991401432	0.0111041399	0.1014674673	-0.0414479354	0.0816568883	-0.0724176732	-0.0430183913	0.0654394779	0.0028948275	-0.1192488579	0.1645504837	-0.1928943831	-0.1048383869	0.0403465548	-0.0361420219	-0.1210318404	-0.0022957689	-0.1021366811	-0.0726506843	0.2005295416	-0.1372996955	0.0666159243	0.0622106409	-0.1678027483	-0.0600397691	0.003557848	0.0388532221	0.0667219223	0.132497162	-0.060038379	0.0242783014	0.0391430143	0.0837260336	0.0524290975	-0.0180538394	0.140118178	-0.0673009389	0.028947977	-0.0643320397	-0.0667943662	-0.107732629	0.082429807	0.0987567487	0.0855591433	-0.0334118442	0.0879793549	0.0686333821	-0.1297094957	-0.0242519579	0.0315427921	0.02317048	0.0953466349	0.1958454755	-0.0365066382	0.023385541	-0.1248713341	0.016545513	0.0225539183	0.0467203342	-0.0734545621	-0.0883910321	-0.0550776978	-0.005295987	0.0115399176	0.1778833874	-0.0273114761	-0.1021613968	0.0098635247	-0.0126567171	-0.066348443	-0.0093162673	-0.0611101769	-0.072630461	-0.0134565802	-0.0767744072	-0.0644974484	-0.0225396297	-0.035191345	-0.0646394312	-0.093595386	-0.1272347401	0.1216944932	-0.1126387502	0.1003291122	0.0149201118276067	2.1792795408200755e-05	4.749259317036958e-10	0.0002226097369482	-0.1096448641890219	-0.0106666113865543	0.0001137765984717	0.012021996243029	-0.4522077079976299	-0.0168969342050787	0.2044918111724697	0.0002855063855307	0.0045252697161731	-0.0001119165996969	1.2525325287738456e-08	2.047806600411337e-05	0.0035022990564319	-9.631759480480032e-05	9.277079068981696e-09	1.2266098680683776e-05	0.0010050823899556	0.0005339209085347	1.0101906105988609e-06	2.850715365706262e-07	0.0	0.0	0.0	0.0	0.0	0.0	0.0	0.0	0.0	0.0
989.7418801332108	2.274143403399762	979588.989289623	5.171728219226653	1209.3643411087662	3.540864186744102	12.537719188966973	1462562.1095454402	899.4229464007707	-0.5954042043745176	808961.6365122437	0.3545061665868523	956.4006460341042	792.4838085362356	1.041891	20.11311	0.0953634403285083	0.0441223687499691	0.0480649437	0.0058680089	0.0258498447	0.1199893385	0.0725550669	0.0843177313	-0.0306547969	0.1951107792	0.1184901583	-0.1544331838	0.0510492294	-0.0255137733	-0.0315330123	-0.0476294532	-0.1187688543	-0.100400158	-0.0382253576	0.0077412994	0.0259540804	0.1250859406	0.0994884379	-0.093320606	-0.0307935361	-0.0070767249	-0.111884613	0.1126006933	-0.0235108027	0.0787918678	0.116564085	0.0712764142	-0.020274304	0.0661786954	0.1127307992	-0.0423106121	-0.0946336706	-0.0631457865	0.0544345861	-0.0193969639	-0.0559951789	-0.0148900261	0.0538085676	0.0608793814	0.0643200034	-0.0895477779	0.0900129179	-0.0286859409	0.0599416237	-0.0870856149	0.0133959227	0.1201916085	0.0288678718	0.0117553718	0.0468035803	-0.034257958	0.0769191993	0.1962457848	0.1426140705	0.0326372974	-0.0210517758	-0.0129018805	-0.0219649694	0.0091446412	0.1285577916	0.0787035196	-0.0671951814	0.1108859191	0.0677165887	-0.0601873512	-0.0890278366	-0.0969937861	0.0705572375	0.0419744554	0.0443144185	0.0035207494	-0.0353053797	0.0120844496	0.1102910052	0.0080999077	0.0492524851	-0.0214922855	0.0327938104	-0.0225683338	0.0891122141	0.0048947462	0.0529515647	-0.0083357786	0.0423554894	-0.1009615553	-0.0141917546	-0.0117628267	0.0541910947	0.0590506963	0.1441667273	0.1091028466	-0.0912365601	0.0183813913	0.0396307822	-0.1105506355	-0.089929005	0.0376524744	-0.0167497337	0.0141694606	-0.0510934577	-0.0696066103	-0.0173852746	0.0111326399	-0.0151937144	-0.1109303178	-0.1277634447	0.1237830955	-0.1172407796	0.1082719048	0.0151565730703424	0.0002364612427356	5.5913919316111595e-08	0.0002297217072366	-0.0969604405906778	0.0126844235983441	0.0001608946020222	0.0094013270395383	-0.4350929075760064	0.0171148004216235	0.1893058382229432	0.000292916393472	0.0040381267963417	-0.0004871429198314	2.3730822434186243e-07	1.6306468023332877e-05	0.003788983340824	0.0002866842843921	8.218787891741064e-08	1.43563947570418e-05	0.000472354492863	-0.0005327278970926	2.231187669278619e-07	2.8379901234070376e-07	0.0	0.0	0.0	0.0	0.0	0.0	0.0	0.0	0.0	0.0
990.5849263360648	0.8430462028539978	981258.4962842268	0.7107269001465439	1210.7418309041898	1.3774897954235712	1.897478136496072	1465895.7811012296	900.5533838686736	1.1304374679028797	810996.3971973185	1.2778888688386745	956.8537674925822	791.3787459020746	1.063769	20.535437	0.1087058045898014	0.0475604231147002	0.0262478145	-0.0395245845	0.191686187	0.0118475604	-0.0022457811	0.0025131057	0.0353005297	-0.021634152	0.0571910494	0.011210353	-0.1101745255	-0.0054569314	0.1172173942	-0.1162261573	-0.1693584261	-0.0066584917	-0.0779961092	-0.002210535	0.1324003847	0.0569231242	-0.1248650249	-0.012572909	0.0932098063	0.0265464423	-0.1428668115	0.0216508538	-0.0407311872	-0.0085605117	0.119231705	-0.0797304417	-0.1557117658	-0.0094277251	-0.0352933658	-0.1372195208	0.0472847949	0.1461407283	0.0476990993	-0.0129827901	-0.1754843195	-0.021881483	0.0532347784	-0.0647263844	0.0657223669	0.077049838	-0.0466823511	-0.166630568	-0.0163279505	0.0768014486	-0.0173196082	-0.0605713588	0.067756779	-0.04225367	0.0680196444	-0.1022365279	-0.0128721456	-0.0488072083	-0.0747113865	0.1369521585	0.0426712748	-0.0092916885	-0.1193813158	-0.0043132493	0.124657793	0.0328410759	0.0518670523	0.0059714686	0.0730836766	-0.0783663192	-0.0731160246	0.1053424011	-0.1473087714	0.0768999682	-0.0142647658	0.0486880167	0.1334765702	-0.00231307	0.0908479769	-0.1940520539	-0.0972401087	-0.0391945585	-7.26875e-05	0.0900875192	0.1193712363	-0.0047846006	0.0372901216	-0.0454577068	-0.0289821263	-0.1107775636	0.026980151	-0.0938566683	0.0508591177	-0.0496375202	-0.0053528603	0.1888392584	-0.0892995583	-0.0842813848	-0.0346749115	0.0673885726	0.0082688919	0.0181662478	0.0678849568	-0.0458936831	-0.0912198233	-0.1024866421	-0.0156429013	0.0436995334	0.0006385916	0.0281055253	-0.1282045865	0.1255324169	-0.1211199807	0.1150284477	0.0423231471176137	0.0271665740472713	0.0007380227454658	0.0017912487819391	-0.0932601228281413	0.0037003177625364	1.3692351543743031e-05	0.00869745050992	-0.4210880336739677	0.0140048739020386	0.1773151321034085	0.000196136493012	0.0038519869299039	-0.0001861398664377	3.4648049877481895e-08	1.4837803308150471e-05	0.0041861052507108	0.0003971219098867	1.5770581131213958e-07	1.752347717002853e-05	-0.0002210645083715	-0.0006934190012344	4.886951686153299e-08	4.808299112730514e-07	0.0	0.0	0.0	0.0	0.0	0.0	0.0	0.0	0.0	0.0
991.4653540562572	0.8804277201924151	983003.5482938994	0.7751529704832136	1205.5777274353864	-5.164103468803432	26.667964636507644	1453417.6568882708	901.8016132173084	1.2482293486348226	813246.1496013398	1.5580765067933136	958.3293977917916	809.8596670222065	1.134126	21.893642	0.0518109589967222	0.0308361904437724	0.0481076543	-0.0203512689	-0.0670020142	-0.1555502925	0.0904944648	-0.110019872	0.1224157521	-0.0811322719	-0.0689611176	-0.1004040013	-0.0847280235	0.0586871437	0.0873667092	0.0351190314	0.0195728848	0.0242865277	0.0004156404	0.0156717316	0.1005800103	-0.0494458362	0.0268425429	0.1450277227	0.120911973	-0.0136797511	0.0076591854	0.0496228068	0.0269875875	0.039513205	0.1168270268	-0.0501990949	0.024180546	0.0612792184	-0.0900364416	0.1059966599	-0.0049462874	0.0031668569	-0.099485789	-0.0824027621	0.0455520485	-0.002653362	-0.0076833488	-0.1715813588	-0.1467291315	-0.0454174325	-0.1346511724	-0.0215420503	0.0996069361	-0.1288818292	0.0527645881	0.0305599652	-0.1341133381	0.1467406245	-0.0301161462	-0.0719645918	-0.0723132964	-0.0351781867	-0.1364172269	-0.0792472243	-0.0849554324	-0.0336176142	-0.0786155137	-0.025339212	0.0329597567	0.0620922301	-0.0608230187	-0.0650964667	-0.0833024639	-0.1303189237	0.081758365	-0.1534140865	-0.0304739224	0.1220223442	0.1713299106	0.1163044319	0.0815697841	-0.0097436982	-0.040319623	0.0328604191	-0.0131863722	-0.0596897888	0.0620980971	-0.0563198539	0.0204256135	-0.0887031688	0.0592453675	-0.0425450402	-0.0142828762	-0.0968548098	0.033351259	-0.0788429351	-0.0063960218	-0.0316464979	-0.0712159595	-0.0493090184	-0.269412946	-0.0412697644	0.0003446632	0.0728690168	-0.0626882367	0.0533625581	0.0070051236	0.0248873793	0.0604209665	-0.0962223708	0.0100264041	-0.0510111831	0.0468574795	-0.0345184732	-0.1285578634	0.1269376627	-0.1242524367	0.1205247148	0.0430769684135867	0.0007538212959729	5.682465462624101e-07	0.0018556252077051	-0.0789386828545701	0.0143214399735712	0.0002051036429166	0.0062313156508144	-0.4295140940778807	-0.008426060403913	0.1844823570115425	7.099849393039096e-05	0.0037720442615183	-7.994266838559985e-05	6.390830228609986e-09	1.4228317910853138e-05	0.0046711105935257	0.0004850053428148	2.3523018255899857e-07	2.1819274176948017e-05	-0.0002223092436363	-1.2447352648000168e-06	4.94213998061438e-08	1.549365879436768e-12	0.0	0.0	0.0	0.0	0.0	0.0	0.0	0.0	0.0	0.0
989.6863747513923	-1.7789793048648337	979479.1203685534	3.164767367137366	1209.758199926925	4.180472491538694	17.476350252511736	1463514.902290434	899.9707945513676	-1.8308186659407968	809947.4310454199	3.351896987557238	958.8674977002546	806.4153663992338	1.284954	24.805283	0.2001852414820376	0.1249234886246638	-0.0906784628	0.0391179091	-0.0118515257	0.0323553367	0.0081832485	0.0614130698	-0.1066417378	-0.1196728418	-0.0322170572	-0.0741920032	0.0069310675	0.0472476277	0.0976379059	-0.0573481775	-0.0434153915	-0.0211332629	-0.0623178318	-0.025042679	-0.0430922676	-0.1332977346	-0.0541689181	-0.0574421534	-0.1205150256	-0.1422579884	-0.1279644361	0.0749775131	-0.0129039433	0.0105537463	-0.0257310035	-0.1117066622	-0.033093693	-0.0841727731	-0.1953710195	0.153171337	0.0143825066	-0.0188671641	0.0961184558	-0.0017105156	-0.0854638151	0.0476486882	-0.0650015686	-0.0253267694	0.0042476649	-0.0377591919	0.0505665647	-0.0280137388	-0.0459971688	-0.0187082887	-0.0248053335	0.0059649037	-0.1085761942	-0.1268168526	0.0210594717	0.1452656756	-0.0663771849	0.0108416125	0.0714701096	0.104388954	-0.0018176718	-0.0322640128	-0.0295854339	-0.0968135718	0.0335262664	0.1038705127	0.0311723394	-0.0872368366	-0.1764306658	-0.1774496261	0.0693612038	0.0064540017	-0.1368687019	-0.0273169268	-0.026674903	-0.147874855	-0.0985278409	-0.038119392	0.0096391602	0.043976459	-0.1552647262	0.0004123863	-0.0110885713	0.0172347022	-0.1548304789	0.0447653371	-0.0590639294	-0.0132770844	-0.0664604217	-0.1206412531	0.025444397	-0.0794420952	0.2100311353	-0.0738669393	0.0787170522	0.0138376289	-0.0502659911	0.1243410834	0.0915952123	0.0997433915	0.0255017456	0.0111842102	-0.0109561521	-0.1215843961	-0.1209056744	-0.072071235	0.048687896	-0.0407061642	-0.0724859591	-0.0346332861	-0.1288230331	0.1279949812	-0.1266188352	0.124700488	0.0578548189545102	0.0147778505409235	0.0002183848666098	0.0033471800762591	-0.0496401318063703	0.0292985510481998	0.0008584050935239	0.0024641426857538	-0.4384594404503801	-0.0089453463724993	0.1922466809200604	8.001922172398792e-05	0.0059502081015053	0.002178163839987	4.744397713826913e-06	3.540497645121931e-05	0.0042940418090235	-0.0003770687845021	1.421808682459663e-07	1.8438795057641812e-05	0.0001657280022828	0.0003880372459191	2.7465770740647762e-08	1.5057290422048009e-07	0.0	0.0	0.0	0.0	0.0	0.0	0.0	0.0	0.0	0.0
990.7695786602494	1.0832039088570582	981624.357998608	1.17333070816321	1209.4044820707138	-0.3537178562112331	0.1251163218026705	1462659.2012527315	900.9325281305096	0.961733579141992	811679.4202436315	0.924931477249266	958.3140034785356	802.9237361177462	1.497328	28.905054	0.2179598995567147	0.1044149094932075	-0.101515029	-0.0200861006	0.1052472764	0.0235294898	-0.0516793695	0.0862309452	0.0815194435	0.0552636529	-0.1270754147	0.0905437375	-0.0691283766	-0.0437950636	0.1812624076	0.0105190941	0.0345726004	-0.1088687886	-0.0663255866	-0.1369581496	0.1252613398	0.0525113937	-0.0027223928	0.0452213302	-0.0315099981	0.0392372129	0.0067419006	-0.111215921	-0.1412502701	-0.0263503822	-0.1492406999	-0.1064771231	-0.1185608142	0.0045495797	-0.2084594957	0.1299004294	-0.0375171104	-0.0538725746	0.0592538346	0.0182868269	0.0909978438	-0.060428163	0.1765341796	-0.0652161691	-0.0723646114	-0.0836090752	0.1628617866	-0.0532632522	-0.092146569	0.0422935459	0.1044582316	-0.0235659429	0.1233560736	-0.0077639931	0.1074388283	0.0255988008	0.1086008691	-0.0393958143	-0.0869428142	0.0228090838	-0.0884766762	0.0401224936	-0.0369999124	-0.1869243064	0.0475844986	-0.2342719333	-0.0468034186	0.0352957843	-0.082577102	-0.0378639922	0.1584591201	0.1962838425	-0.0752779761	0.0201584717	0.1453838404	-0.0763736704	0.0470197894	0.0470108319	-0.1135299253	0.1174483934	0.0987893809	-0.0735566863	0.0529206966	-0.0029147817	-0.0556735744	0.0444210395	-0.1007582768	0.0018930266	-0.0619260316	0.0299981875	0.2497588884	-0.1111058129	0.3527541553	0.078761886	-0.4242646364	-0.010450821	-0.180553861	-0.0649469811	0.1122248636	0.1924339176	0.0748846642	0.1061297608	0.0299801066	0.038373414	0.2241211192	0.0656835122	0.1019892196	-0.1885583818	0.2290440684	0.1443016896	-0.1289999139	0.1287014744	-0.1282045865	0.1275100165	0.0887562350194031	0.0309014160648929	0.0009548975148156	0.0078776692548195	-0.0606576853391374	-0.0110175535327671	0.0001213864858473	0.0036793547907018	-0.4590710574896448	-0.0206116170392646	0.2107462358246607	0.0004248387569733	0.0072044544324195	0.0012542463309142	1.5731338586117334e-06	5.190416366880898e-05	0.0054958481460585	0.0012018063370349	1.4443384717374828e-06	3.0204346844534648e-05	-0.0004868055881638	-0.0006525335904466	2.3697968066750325e-07	4.258000866611311e-07	0.0	0.0	0.0	0.0	0.0	0.0	0.0	0.0	0.0	0.0
992.6623022586386	1.8927235983892388	985378.4463254208	3.5824026198995083	1203.1631170821518	-6.241364988562054	38.954636920448216	1447601.4863068396	901.3860387071566	0.4535105766469769	812496.7907761795	0.2056718431306735	957.9802142677404	802.5640503761431	1.784912	34.456684	0.569813896355023	0.2960689732288692	-0.196158477	-0.015581502	-0.0057461325	-0.0228583597	-0.073622261	0.0586889551	0.1082967464	0.0070796053	-0.0841901207	0.1291833365	0.1939233445	-0.1540999224	-0.0505743239	-0.1357274693	0.1262709731	0.1101726376	0.0297963469	-0.1849632973	-0.1409793393	-0.0088998593	-0.0318861337	0.1297380851	-0.0003821972	0.2323967104	0.1841998728	-0.0695477066	0.1054640775	-0.139668736	-0.0096048031	-0.1007585718	0.0664513765	0.2019923901	0.0895622423	0.0841929963	-0.0356390159	0.1677820054	-0.034815432	0.077530633	-0.0557072918	0.0609644086	-0.0563256742	0.0962682768	-0.2247178139	-0.0076239329	-0.075669669	-0.0777698636	-0.1357616128	-0.0038602018	-0.073758158	0.0324640761	0.0870736168	0.0353436569	0.0965892482	0.0346427144	0.0926151099	-0.1701183272	-0.0114270023	-0.2134953228	0.2046310662	0.085458255	0.0297478612	0.0967251783	-0.156223069	-0.1597410859	-0.1583802412	0.0066087217	0.028895079	0.1472478658	-0.116421523	-0.1534955394	-0.1037387918	-0.1467679139	0.2296847211	0.1060816375	-0.0039804698	0.0539627116	-0.1148221576	-0.115891894	-0.1341808851	-0.03066034	0.1499346915	0.1561730059	0.1334500986	-0.0440012443	-0.2221289139	0.0174320601	0.0111798636	0.0691165694	-0.0491056961	-0.248445993	-0.0042404303	-0.2160380195	0.0444052594	-0.1177944702	0.4207187641	0.1829322047	0.1964847734	0.2498106293	-0.0370951833	0.3400976633	0.0680609767	0.0529501582	0.0104061164	-0.0745537303	-0.1308504696	0.1054921299	0.0917833925	-0.0826616169	-0.1290883846	0.1290552057	-0.1289999139	0.1289225186	0.0277091183237132	-0.0610471166956899	0.0037267504568571	0.0007677952382775	0.0113712151141953	0.0720289004533327	0.0051881625005161	0.0001293045331733	-0.4769979442784802	-0.0179268867888354	0.2275270388458961	0.0003213732699397	0.0118667682863676	0.004662313853948	2.173717047271638e-05	0.0001408201895623	0.0029607126180326	-0.0025351355280259	6.426912145459159e-06	8.765819206577452e-06	0.0006919648782055	0.0011787704663693	4.788153926699524e-07	1.3894998123844968e-06	0.0	0.0	0.0	0.0	0.0	0.0	0.0	0.0	0.0	1.0
