#!ascii label  , from subject sub-v2s16x51258_ses-1 vox2ras=TkReg
6162
41954  -18.795  -28.784  43.841 0.1000000015
41017  -18.241  -29.644  41.100 0.1000000015
41959  -19.032  -28.029  43.206 0.1000000015
42814  -19.291  -27.331  42.583 0.1000000015
42813  -18.873  -27.962  42.110 0.1000000015
41962  -18.570  -28.733  41.607 0.1000000015
41966  -18.548  -28.819  40.527 0.1000000015
42819  -18.840  -27.969  41.058 0.1000000015
39999  -18.979  -30.485  38.389 0.1000000015
126350  -18.952  -29.771  38.296 0.1000000015
40000  -19.473  -30.234  37.784 0.1000000015
118040  -19.726  -31.042  37.984 0.1000000015
40001  -20.818  -31.360  38.119 0.1000000015
38996  -21.678  -31.560  39.206 0.1000000015
38990  -23.117  -31.342  40.771 0.1000000015
40146  -23.392  -30.118  27.429 0.2000000030
41111  -22.693  -29.780  28.355 0.2000000030
40113  -22.204  -29.906  29.947 0.2000000030
107516  -22.347  -29.826  29.069 0.2000000030
48262  -16.492  -21.438  41.597 0.2000000030
47355  -16.442  -21.929  40.911 0.3000000119
46472  -18.410  -23.750  42.283 0.1000000015
46471  -17.480  -23.156  41.702 0.1000000015
47343  -16.658  -22.490  41.154 0.2000000030
48278  -16.646  -21.331  41.004 0.3000000119
46481  -18.124  -23.888  41.223 0.1000000015
47368  -16.764  -21.910  40.263 0.3000000119
45555  -18.921  -24.640  41.978 0.1000000015
44605  -18.735  -24.684  40.985 0.1000000015
46485  -17.629  -23.679  40.390 0.1000000015
46480  -17.168  -23.151  40.738 0.2000000030
43691  -19.459  -26.708  42.105 0.1000000015
44606  -19.236  -25.375  41.445 0.1000000015
115677  -19.063  -25.307  40.566 0.1000000015
42820  -19.187  -27.260  41.602 0.2000000030
43715  -19.407  -25.920  40.923 0.2000000030
43701  -19.394  -26.587  41.250 0.2000000030
41025  -18.636  -29.764  38.959 0.1000000015
42828  -18.796  -28.046  40.027 0.1000000015
41037  -19.921  -29.873  37.192 0.3000000119
41026  -19.267  -29.407  37.844 0.1000000015
40010  -20.334  -30.625  37.482 0.1000000015
40011  -21.256  -30.678  37.528 0.1000000015
38997  -22.608  -31.091  39.769 0.1000000015
108034  -22.795  -30.540  39.061 0.1000000015
38991  -23.884  -31.823  40.065 0.1000000015
38992  -24.786  -31.812  38.928 0.1000000015
40171  -24.537  -29.980  26.663 0.2000000030
41120  -24.210  -28.943  27.181 0.2000000030
41131  -24.774  -29.246  26.659 0.2000000030
40170  -24.010  -29.685  26.992 0.2000000030
41112  -23.207  -29.197  28.137 0.2000000030
41119  -23.579  -29.384  27.527 0.2000000030
41118  -23.073  -29.768  27.823 0.2000000030
41105  -22.630  -29.201  29.590 0.1000000015
48280  -17.949  -20.651  41.070 0.3000000119
47369  -17.042  -22.484  39.627 0.3000000119
48293  -17.257  -21.895  39.551 0.3000000119
48294  -17.790  -21.358  39.770 0.3000000119
46484  -17.094  -23.158  39.913 0.2000000030
48307  -18.338  -21.709  39.097 0.3000000119
44618  -18.552  -24.657  40.127 0.2000000030
46489  -17.277  -23.177  39.129 0.3000000119
47387  -17.959  -22.208  38.449 0.3000000119
112096  -18.821  -22.285  38.315 0.3000000119
45570  -17.705  -23.800  38.732 0.2000000030
47404  -17.766  -22.758  38.283 0.3000000119
47405  -18.157  -22.732  37.881 0.3000000119
123150  -19.373  -26.396  40.508 0.2000000030
43725  -19.307  -26.608  39.794 0.2000000030
44629  -18.921  -25.422  39.134 0.2000000030
45577  -18.249  -24.205  37.643 0.2000000030
46504  -18.410  -23.403  37.363 0.3000000119
42840  -19.083  -27.368  39.497 0.2000000030
111406  -19.252  -26.822  39.041 0.2000000030
44641  -18.958  -25.659  38.300 0.2000000030
45585  -18.557  -24.216  36.849 0.3000000119
44692  -19.719  -25.245  35.349 0.3000000119
42839  -18.817  -28.204  39.036 0.2000000030
43735  -19.252  -26.550  38.220 0.3000000119
125532  -19.660  -26.598  36.513 0.3000000119
44673  -19.227  -25.158  36.043 0.3000000119
41983  -19.128  -28.515  38.103 0.3000000119
42001  -19.947  -28.515  36.592 0.3000000119
42002  -20.695  -28.802  36.168 0.3000000119
41049  -20.325  -29.365  36.666 0.3000000119
41050  -21.106  -29.482  36.503 0.3000000119
42013  -21.016  -28.173  35.675 0.3000000119
40012  -22.084  -30.342  37.940 0.1000000015
40003  -23.595  -30.448  39.212 0.2000000030
39996  -24.359  -31.079  39.275 0.3000000119
38004  -25.009  -32.386  38.192 0.2000000030
39002  -25.515  -31.928  37.931 0.3000000119
39015  -25.206  -31.759  37.251 0.2000000030
40049  -23.376  -30.367  33.968 0.1000000015
41074  -22.931  -30.220  33.302 0.1000000015
42041  -22.938  -28.785  31.113 0.1000000015
42059  -23.471  -28.549  28.570 0.2000000030
124863  -22.829  -28.808  29.947 0.1000000015
42067  -23.798  -28.681  27.811 0.2000000030
41099  -22.586  -29.186  30.435 0.1000000015
42058  -22.861  -29.146  28.832 0.2000000030
124929  -19.850  -21.969  40.669 0.3000000119
47370  -19.298  -21.953  39.342 0.3000000119
47406  -18.794  -22.771  37.537 0.3000000119
47407  -19.597  -22.809  37.531 0.3000000119
47388  -19.867  -22.504  38.507 0.3000000119
124550  -34.004  -15.679  41.110 0.6000000238
54268  -34.534  -14.367  41.311 0.5000000000
55378  -35.485  -14.454  40.655 0.4000000060
109595  -36.042  -14.984  40.631 0.4000000060
46505  -19.060  -23.189  36.888 0.3000000119
54279  -34.715  -15.208  41.168 0.8000000119
54280  -35.209  -14.846  41.086 0.4000000060
54281  -36.555  -15.201  40.218 0.4000000060
46519  -19.680  -23.903  35.737 0.3000000119
52422  -32.234  -17.181  40.629 0.8999999762
53332  -33.553  -16.354  40.719 0.8000000119
53333  -34.460  -16.190  40.577 0.8000000119
53334  -35.506  -15.615  40.615 0.6000000238
114726  -19.724  -26.006  35.952 0.3000000119
43760  -20.221  -26.194  35.138 0.4000000060
44693  -20.336  -25.260  34.707 0.3000000119
52414  -31.674  -17.806  40.949 0.8999999762
53344  -32.942  -16.918  40.244 0.8000000119
119683  -35.178  -16.472  40.220 0.6999999881
53347  -35.996  -16.489  40.062 0.5000000000
53335  -36.352  -15.719  40.231 0.4000000060
42885  -20.699  -27.456  35.407 0.4000000060
42886  -21.351  -27.503  35.187 0.4000000060
43776  -21.488  -26.091  34.272 0.4000000060
51473  -31.645  -18.514  40.577 0.8999999762
118554  -32.352  -17.526  39.855 0.8999999762
52430  -33.736  -17.431  39.402 0.8000000119
53346  -34.477  -16.947  39.872 0.8000000119
42003  -21.390  -28.808  36.107 0.3000000119
41051  -21.871  -29.321  36.689 0.3000000119
42004  -22.136  -28.571  36.395 0.4000000060
108353  -31.489  -19.210  40.088 0.8999999762
51483  -31.546  -18.599  39.676 0.8999999762
52439  -33.077  -17.917  38.964 0.8999999762
52431  -34.576  -17.611  39.245 0.8999999762
41027  -22.917  -29.845  38.575 0.3000000119
41028  -23.526  -29.471  38.685 0.4000000060
49340  -31.259  -19.915  39.609 0.8999999762
51494  -31.436  -18.673  38.892 0.8999999762
51495  -32.196  -18.338  38.738 0.8999999762
39997  -25.292  -31.378  38.573 0.3000000119
118394  -25.901  -31.374  38.064 0.3000000119
50405  -30.761  -19.905  38.870 0.8999999762
50424  -30.973  -19.278  38.365 0.8999999762
50442  -32.057  -19.207  37.610 0.8999999762
112631  -30.291  -21.113  37.767 0.8999999762
50441  -31.230  -19.386  37.653 0.8999999762
50459  -31.636  -19.803  36.925 1.0000000000
40034  -23.877  -30.587  34.696 0.1000000015
49370  -30.467  -20.339  37.604 1.0000000000
49390  -30.467  -20.517  36.797 1.0000000000
49391  -31.478  -20.398  36.196 1.0000000000
41066  -23.990  -29.922  34.281 0.2000000030
41075  -23.486  -29.674  33.372 0.1000000015
116086  -30.109  -21.014  36.982 1.0000000000
49413  -30.722  -20.624  36.087 1.0000000000
48346  -31.271  -20.848  35.486 1.0000000000
41084  -22.820  -29.814  32.652 0.1000000015
40198  -26.852  -29.899  25.467 0.2000000030
48344  -29.906  -21.699  35.555 1.0000000000
48345  -30.465  -21.160  35.461 1.0000000000
48370  -31.038  -21.377  34.669 1.0000000000
42054  -23.171  -28.528  29.464 0.1000000015
42068  -24.526  -28.345  27.560 0.2000000030
41155  -26.695  -29.274  25.719 0.2000000030
40197  -26.109  -29.528  25.810 0.2000000030
47430  -29.702  -22.284  35.324 1.0000000000
48387  -30.306  -22.050  34.094 1.0000000000
42076  -24.886  -28.593  26.942 0.2000000030
121843  -25.160  -28.823  26.594 0.2000000030
46548  -29.631  -23.285  34.191 1.0000000000
46556  -29.765  -23.243  33.472 1.0000000000
47371  -20.688  -22.574  40.505 0.4000000060
115466  -20.144  -22.406  39.623 0.4000000060
53308  -30.447  -15.763  42.987 0.4000000060
47389  -20.841  -22.828  39.281 0.5000000000
53312  -31.222  -16.018  42.478 0.5000000000
47420  -20.037  -23.136  36.884 0.4000000060
121275  -20.723  -22.972  37.987 0.5000000000
54253  -32.015  -15.105  42.470 0.5000000000
54255  -33.304  -14.267  42.067 0.5000000000
55362  -34.321  -13.958  41.258 0.3000000119
53322  -32.356  -16.122  41.702 0.6999999881
53323  -33.297  -15.766  41.373 0.6999999881
56454  -35.023  -13.999  40.808 0.3000000119
55392  -35.544  -14.227  40.340 0.3000000119
55393  -36.634  -14.779  39.755 0.3000000119
53357  -38.922  -16.729  38.408 0.4000000060
52441  -38.824  -17.567  38.678 0.5000000000
46532  -20.554  -23.932  35.196 0.3000000119
46520  -20.509  -23.518  36.061 0.4000000060
52415  -31.929  -17.036  41.311 0.6999999881
53331  -32.783  -16.516  40.996 0.8000000119
54292  -36.923  -15.138  39.871 0.4000000060
46545  -21.237  -24.088  34.792 0.4000000060
46533  -21.358  -23.714  35.363 0.4000000060
49329  -32.512  -20.293  41.304 0.8000000119
50379  -31.862  -19.103  41.280 0.8000000119
113678  -35.402  -17.157  39.729 0.8000000119
53348  -36.743  -16.546  39.749 0.5000000000
53349  -37.380  -16.579  39.473 0.5000000000
43777  -22.415  -26.056  34.201 0.4000000060
50390  -32.003  -19.439  41.093 0.8000000119
52433  -37.116  -17.292  39.400 0.6000000238
52434  -37.625  -17.479  39.143 0.5000000000
41993  -22.551  -28.877  37.242 0.4000000060
43751  -22.878  -26.998  35.806 0.4000000060
42877  -23.104  -27.294  36.771 0.4000000060
114880  -31.736  -20.604  39.984 0.8999999762
52440  -33.884  -17.891  38.922 0.8999999762
51498  -35.758  -18.840  38.746 0.8999999762
51485  -36.521  -18.518  38.996 0.8999999762
41994  -23.108  -28.329  37.897 0.4000000060
47380  -31.317  -21.630  39.281 0.8999999762
51509  -32.316  -18.760  38.142 0.8999999762
51511  -33.841  -18.939  38.109 1.0000000000
50425  -34.939  -19.250  38.280 0.8999999762
38999  -25.871  -31.415  37.816 0.3000000119
47395  -31.100  -22.251  38.868 0.8999999762
50443  -32.844  -19.765  37.120 1.0000000000
50444  -34.360  -19.715  37.732 1.0000000000
40024  -24.905  -30.667  35.797 0.4000000060
109651  -30.453  -22.028  38.034 0.8999999762
49393  -33.426  -20.540  36.578 1.0000000000
40035  -24.514  -30.275  34.978 0.3000000119
46512  -30.821  -23.576  37.709 0.8999999762
48347  -32.053  -21.195  35.047 1.0000000000
110466  -32.168  -20.765  35.716 1.0000000000
42026  -23.834  -28.993  33.081 0.2000000030
45588  -30.622  -24.157  36.434 1.0000000000
42933  -23.724  -27.924  30.014 0.1000000015
43768  -31.883  -26.169  34.920 1.0000000000
44698  -31.426  -25.499  35.494 1.0000000000
45604  -30.401  -24.241  35.597 1.0000000000
42949  -25.578  -27.866  27.729 0.2000000030
42089  -26.909  -28.793  26.030 0.2000000030
41134  -28.440  -29.318  26.296 0.2000000030
112505  -31.478  -26.111  34.158 1.0000000000
44711  -31.136  -25.553  34.605 1.0000000000
46539  -29.819  -23.569  35.054 1.0000000000
48388  -31.374  -21.923  33.866 1.0000000000
42079  -27.160  -28.501  26.674 0.2000000030
41133  -27.667  -28.961  26.061 0.2000000030
42022  -33.051  -27.900  33.593 1.0000000000
42906  -32.055  -27.004  33.555 1.0000000000
43795  -31.471  -26.455  33.418 1.0000000000
45619  -29.702  -23.701  33.647 1.0000000000
45646  -29.767  -23.830  33.000 1.0000000000
127018  -28.907  -29.289  28.098 0.2000000030
41121  -28.692  -29.255  27.280 0.2000000030
42907  -32.440  -27.481  33.201 1.0000000000
42915  -32.318  -27.541  32.361 1.0000000000
43809  -31.259  -26.510  32.529 1.0000000000
115763  -29.959  -24.475  32.713 1.0000000000
42045  -32.814  -28.025  31.817 1.0000000000
42923  -31.702  -27.058  32.042 1.0000000000
42924  -32.203  -27.520  31.500 0.8999999762
42930  -31.562  -26.972  31.216 1.0000000000
41101  -33.834  -29.112  30.734 0.8999999762
42051  -32.712  -28.000  30.948 1.0000000000
111829  -33.659  -29.287  29.898 0.8999999762
42052  -33.155  -28.561  30.310 0.8999999762
118227  -32.563  -27.973  30.244 1.0000000000
42056  -33.109  -28.871  29.440 0.8999999762
41108  -33.496  -29.520  29.041 0.8000000119
42065  -32.998  -29.124  28.732 0.8000000119
37236  -38.474  -33.707  29.733 0.3000000119
47372  -21.488  -23.013  40.235 0.5000000000
119139  -30.720  -16.690  42.561 0.5000000000
106437  -21.714  -23.190  38.939 0.5000000000
51443  -30.646  -18.267  42.306 0.5000000000
46507  -21.992  -23.293  37.198 0.5000000000
47408  -21.574  -23.216  37.875 0.5000000000
123675  -31.064  -18.877  42.308 0.5000000000
52407  -31.314  -17.477  41.847 0.6000000238
54254  -32.724  -14.306  42.322 0.6000000238
55361  -33.745  -13.939  41.727 0.4000000060
46506  -21.069  -23.202  37.021 0.5000000000
50359  -31.859  -19.687  42.173 0.6000000238
52408  -31.551  -17.223  41.645 0.6999999881
113193  -33.314  -13.536  41.441 0.3000000119
56460  -34.430  -13.769  40.928 0.3000000119
46534  -22.327  -23.658  35.547 0.6999999881
109003  -23.270  -23.618  35.715 0.4000000060
113651  -32.253  -20.072  41.758 0.6999999881
50391  -32.234  -19.806  41.572 0.8000000119
56459  -33.918  -13.584  41.102 0.3000000119
55405  -34.449  -14.564  39.187 0.3000000119
55406  -35.563  -14.425  39.392 0.3000000119
55407  -36.491  -14.724  39.290 0.3000000119
54310  -37.660  -15.561  38.755 0.2000000030
52442  -39.426  -17.445  38.217 0.4000000060
45617  -22.317  -24.739  34.175 0.4000000060
45618  -23.679  -24.722  34.538 0.4000000060
49314  -32.623  -20.548  41.616 0.8000000119
54306  -33.968  -15.280  38.462 0.3000000119
54307  -34.977  -15.156  38.602 0.3000000119
54326  -35.473  -15.704  38.038 0.3000000119
119713  -36.308  -15.515  38.149 0.2000000030
53350  -38.029  -16.666  39.113 0.4000000060
52435  -38.198  -17.584  38.877 0.5000000000
51501  -39.042  -18.294  38.499 0.6000000238
117982  -23.570  -26.245  35.218 0.4000000060
44695  -24.343  -25.497  35.094 0.5000000000
48299  -32.778  -21.887  40.545 0.8000000119
50407  -37.012  -19.120  38.717 0.8000000119
51487  -37.648  -18.436  38.763 0.8000000119
50429  -38.217  -19.442  38.430 0.8000000119
50446  -38.597  -19.625  38.279 0.8000000119
42862  -23.337  -27.523  37.660 0.4000000060
43744  -23.646  -26.826  37.292 0.4000000060
47362  -33.026  -22.845  40.453 0.8000000119
50427  -37.154  -19.768  38.462 0.8000000119
50428  -37.471  -19.901  38.393 0.8000000119
118758  -25.836  -30.841  38.628 0.4000000060
41029  -24.565  -29.709  38.927 0.4000000060
47396  -31.657  -23.056  39.135 0.8999999762
49353  -36.191  -20.236  38.292 0.8000000119
107928  -36.840  -20.031  38.472 0.8000000119
39016  -25.353  -31.183  36.824 0.4000000060
40013  -26.191  -31.149  38.085 0.4000000060
45574  -32.072  -24.422  38.747 0.8999999762
49371  -33.881  -20.138  37.174 1.0000000000
49372  -34.778  -20.457  37.406 1.0000000000
49373  -35.825  -20.802  37.811 1.0000000000
40020  -25.850  -30.980  37.406 0.5000000000
45580  -31.439  -24.455  37.876 0.8999999762
49394  -34.317  -20.849  36.758 1.0000000000
42027  -24.413  -28.453  33.193 0.4000000060
44678  -32.222  -25.953  36.873 0.8999999762
45589  -31.191  -24.711  36.894 0.8999999762
109806  -32.946  -21.550  34.856 1.0000000000
42042  -24.024  -27.955  31.858 0.1000000015
43756  -32.622  -26.600  36.418 0.8999999762
44677  -31.599  -25.404  36.424 0.8999999762
42935  -25.204  -27.399  29.395 0.1000000015
42892  -33.504  -27.849  35.535 1.0000000000
43755  -32.052  -26.035  35.910 0.8999999762
44676  -31.036  -24.819  35.987 0.8999999762
48371  -32.140  -21.639  34.346 1.0000000000
42936  -26.064  -27.426  29.274 0.1000000015
40201  -29.054  -30.541  25.349 0.2000000030
111518  -32.846  -27.266  35.048 1.0000000000
47450  -31.833  -22.380  33.285 1.0000000000
42070  -26.748  -28.196  27.211 0.2000000030
41122  -29.156  -29.751  26.670 0.2000000030
40174  -29.509  -30.352  26.157 0.2000000030
40175  -30.190  -30.864  26.630 0.2000000030
109052  -33.610  -28.527  34.047 1.0000000000
42898  -32.555  -27.276  34.110 1.0000000000
46557  -30.050  -23.398  32.698 1.0000000000
42062  -28.225  -28.767  28.025 0.2000000030
114281  -29.332  -29.707  27.660 0.2000000030
40148  -29.764  -30.266  27.150 0.2000000030
42031  -33.493  -28.539  33.085 1.0000000000
43808  -30.615  -25.803  32.149 1.0000000000
45647  -30.058  -24.110  32.239 1.0000000000
40126  -29.869  -30.176  28.149 0.2000000030
41079  -34.060  -29.118  32.553 0.8999999762
42038  -32.910  -27.998  32.697 0.8999999762
43820  -30.581  -25.607  31.291 1.0000000000
44730  -30.200  -24.888  31.847 1.0000000000
42039  -33.409  -28.544  32.156 0.8999999762
44738  -30.429  -24.979  30.876 1.0000000000
40068  -35.291  -30.298  32.446 0.8999999762
40085  -35.043  -30.256  31.551 0.8999999762
42046  -33.329  -28.541  31.252 0.8999999762
123977  -31.405  -26.802  30.528 0.8999999762
43831  -30.639  -25.544  30.447 1.0000000000
107231  -36.700  -31.776  32.619 0.8000000119
40086  -35.702  -30.783  32.092 0.8000000119
40103  -34.812  -30.295  30.677 0.8000000119
42938  -32.096  -27.610  29.749 1.0000000000
35516  -39.226  -35.986  33.354 0.3000000119
38069  -36.838  -32.511  32.041 0.6000000238
39081  -36.338  -31.912  31.702 0.8000000119
40119  -35.077  -30.959  30.213 0.8000000119
40117  -34.035  -29.955  29.483 0.8000000119
42055  -32.637  -28.241  29.628 0.8999999762
110966  -39.197  -34.991  32.623 0.3000000119
115886  -37.163  -33.906  30.588 0.5000000000
37216  -36.713  -33.419  30.965 0.6000000238
38080  -35.712  -32.376  30.110 0.6999999881
39093  -34.755  -30.993  29.312 0.8000000119
40128  -33.834  -30.272  28.565 0.8000000119
123408  -38.791  -34.430  31.401 0.3000000119
37235  -37.573  -33.859  29.922 0.3000000119
37234  -36.712  -33.660  29.923 0.6000000238
37233  -36.187  -33.299  29.142 0.6000000238
38115  -35.205  -32.246  27.795 0.6000000238
111792  -33.981  -30.884  27.900 0.6999999881
41116  -33.157  -29.671  28.087 0.8999999762
37255  -37.968  -33.451  29.070 0.4000000060
38134  -35.988  -32.596  27.648 0.5000000000
39136  -34.554  -31.457  26.713 0.5000000000
40176  -33.509  -30.564  26.678 0.6000000238
41124  -33.020  -30.029  27.110 0.8999999762
39122  -37.529  -31.683  27.139 0.4000000060
39139  -37.164  -31.201  26.484 0.4000000060
39138  -36.194  -31.445  26.409 0.4000000060
39151  -34.875  -31.195  25.922 0.4000000060
40179  -36.804  -30.662  25.772 0.4000000060
113857  -36.164  -30.495  25.361 0.5000000000
40204  -35.386  -30.619  25.353 0.5000000000
52402  -29.181  -16.469  43.367 0.3000000119
116958  -30.012  -16.372  43.044 0.3000000119
54241  -30.097  -14.819  43.298 0.3000000119
47390  -22.675  -23.215  38.988 0.6000000238
52403  -30.128  -17.332  42.672 0.4000000060
50357  -30.409  -19.045  42.650 0.5000000000
54242  -30.994  -15.010  42.953 0.4000000060
46508  -22.846  -23.212  37.256 0.6999999881
47410  -23.155  -23.067  38.057 0.6999999881
47327  -30.673  -21.962  42.900 0.6000000238
48248  -31.120  -21.168  42.899 0.5000000000
56445  -31.929  -13.714  42.341 0.2000000030
46523  -24.208  -23.500  36.023 0.6000000238
47335  -31.226  -22.624  42.645 0.6999999881
114453  -32.066  -20.955  42.450 0.6999999881
56458  -32.574  -13.458  41.336 0.2000000030
52447  -39.970  -17.362  37.421 0.4000000060
51513  -40.249  -18.077  37.391 0.4000000060
46535  -24.073  -24.129  35.094 0.5000000000
46536  -24.839  -24.114  35.571 0.6999999881
46476  -31.904  -23.356  42.226 0.8000000119
111822  -33.073  -21.958  41.700 0.8000000119
55404  -33.430  -14.765  39.030 0.3000000119
53369  -36.131  -16.259  37.582 0.2000000030
54327  -36.902  -15.643  37.962 0.2000000030
112317  -38.196  -16.138  37.682 0.2000000030
53372  -39.372  -16.788  37.667 0.3000000119
51512  -39.718  -18.085  38.023 0.4000000060
116239  -39.775  -18.559  37.796 0.6999999881
50460  -39.709  -19.469  36.773 0.6000000238
44674  -24.659  -25.609  36.241 0.4000000060
46477  -32.877  -23.215  41.727 0.8000000119
47349  -33.096  -22.626  41.605 0.8000000119
54325  -34.492  -15.824  37.941 0.2000000030
50430  -39.181  -18.845  38.270 0.8000000119
50447  -39.269  -19.281  37.782 0.8000000119
49375  -38.867  -20.158  37.275 0.8000000119
43753  -23.989  -26.290  36.761 0.4000000060
43745  -24.282  -26.250  37.585 0.5000000000
45558  -32.864  -24.574  41.184 0.8000000119
46487  -33.253  -23.642  40.639 0.8000000119
42850  -23.773  -27.909  38.431 0.4000000060
42863  -23.850  -27.028  38.148 0.4000000060
44622  -33.279  -26.010  40.322 0.8999999762
45569  -33.327  -24.188  40.089 0.8000000119
49355  -37.371  -20.545  38.513 0.8000000119
114659  -37.753  -21.116  38.920 0.8999999762
117254  -38.092  -21.057  39.008 0.8999999762
49374  -38.424  -20.291  38.242 0.8000000119
41021  -25.739  -30.146  39.115 0.4000000060
42837  -33.351  -26.804  40.072 0.8999999762
45575  -32.948  -24.738  39.386 0.8999999762
49354  -36.776  -20.722  38.409 0.8999999762
48310  -37.349  -21.250  38.659 0.8999999762
48311  -37.657  -21.688  38.835 0.8999999762
41042  -26.497  -31.096  38.440 0.5000000000
44646  -33.266  -25.569  39.303 0.8999999762
49395  -35.172  -21.186  37.050 1.0000000000
42019  -24.777  -28.810  34.119 0.4000000060
41052  -25.952  -30.192  36.889 0.5000000000
119768  -33.041  -25.886  38.586 0.8999999762
48348  -33.550  -21.437  35.452 1.0000000000
49415  -33.920  -21.226  36.133 1.0000000000
42028  -25.055  -27.972  33.652 0.4000000060
41068  -25.158  -29.180  34.905 0.5000000000
42870  -33.929  -27.661  37.590 0.8999999762
44662  -32.523  -25.899  37.824 0.8999999762
48373  -34.440  -22.155  34.815 1.0000000000
48372  -33.810  -21.844  34.818 1.0000000000
42035  -24.376  -27.978  32.460 0.1000000015
42009  -34.354  -28.310  37.309 0.8999999762
42869  -33.312  -27.113  36.959 0.8999999762
47442  -34.042  -22.286  34.235 1.0000000000
42927  -25.069  -27.307  30.257 0.1000000015
42882  -33.048  -27.236  36.000 0.8999999762
47451  -32.773  -22.426  33.406 1.0000000000
47441  -33.127  -22.027  34.141 1.0000000000
39117  -30.820  -31.561  27.246 0.2000000030
42017  -34.348  -29.195  35.452 0.8999999762
42016  -34.176  -28.590  36.078 0.8999999762
47460  -32.332  -22.761  32.740 1.0000000000
48389  -32.270  -22.066  33.779 1.0000000000
42061  -27.467  -28.242  28.463 0.2000000030
40149  -30.377  -30.765  27.667 0.2000000030
42024  -34.197  -29.193  34.563 1.0000000000
42899  -33.242  -27.848  34.537 1.0000000000
46563  -31.746  -23.122  32.111 1.0000000000
41113  -28.780  -29.118  28.835 0.2000000030
39102  -30.876  -31.269  28.286 0.2000000030
46574  -32.138  -23.439  31.432 1.0000000000
46572  -30.446  -23.800  31.843 1.0000000000
41114  -29.358  -29.632  28.588 0.2000000030
113802  -34.743  -29.868  34.171 0.8999999762
46588  -30.787  -24.088  31.042 1.0000000000
114299  -35.376  -30.478  33.854 0.8999999762
43838  -30.740  -25.503  29.540 1.0000000000
45677  -30.687  -24.681  30.436 1.0000000000
39072  -36.335  -31.270  32.722 0.8999999762
125957  -35.539  -30.467  33.171 0.8999999762
113454  -30.934  -26.219  30.077 1.0000000000
35514  -37.117  -36.255  33.730 0.3000000119
117456  -37.061  -32.192  32.879 0.8000000119
40070  -36.403  -31.339  33.352 0.8999999762
43839  -30.953  -26.288  29.232 1.0000000000
36313  -39.199  -35.563  33.070 0.3000000119
38070  -37.268  -32.884  32.671 0.6000000238
107874  -32.091  -28.216  28.316 1.0000000000
43842  -30.915  -26.498  28.281 1.0000000000
37217  -37.381  -33.917  31.378 0.4000000060
37208  -37.651  -33.761  32.316 0.6000000238
42074  -32.001  -28.589  27.417 0.8999999762
41115  -32.594  -28.929  28.143 0.8999999762
36324  -38.251  -34.384  31.923 0.3000000119
36335  -37.852  -34.148  30.887 0.3000000119
41123  -32.600  -29.358  27.341 0.8999999762
40177  -34.099  -31.007  26.229 0.6000000238
41137  -33.009  -30.129  26.240 0.8999999762
40203  -34.403  -30.608  25.428 0.5000000000
40214  -34.999  -30.211  24.813 0.5000000000
114004  -24.241  -22.239  41.323 0.6000000238
51440  -28.478  -17.969  43.150 0.4000000060
52401  -28.414  -16.917  43.560 0.2000000030
51441  -29.255  -17.583  42.950 0.3000000119
50356  -29.271  -18.965  42.456 0.5000000000
107068  -29.561  -18.555  42.590 0.3000000119
53307  -29.592  -15.555  43.398 0.3000000119
47375  -24.021  -22.677  39.496 0.6999999881
47422  -25.357  -23.145  36.871 0.6999999881
110750  -23.901  -22.823  37.979 0.6999999881
123200  -29.829  -20.777  42.861 0.6000000238
111812  -30.441  -20.612  42.994 0.6000000238
55343  -30.282  -13.971  42.878 0.2000000030
55344  -31.240  -13.878  42.650 0.3000000119
122582  -24.667  -23.160  36.688 0.6999999881
45549  -30.071  -24.217  42.474 0.6999999881
47326  -29.990  -22.060  43.066 0.6000000238
109983  -31.105  -13.724  41.419 0.2000000030
46537  -25.399  -24.050  35.994 0.6999999881
45550  -31.199  -24.166  42.149 0.6999999881
110141  -31.611  -14.416  39.991 0.2000000030
55389  -32.943  -14.287  39.696 0.2000000030
50448  -40.097  -18.705  37.172 0.5000000000
50461  -40.585  -18.931  36.449 0.5000000000
44658  -25.131  -25.408  37.163 0.6000000238
45578  -25.746  -24.268  36.405 0.6000000238
44595  -29.835  -25.549  42.233 0.8000000119
53365  -32.173  -16.217  36.990 0.2000000030
110779  -32.301  -15.437  38.148 0.2000000030
54323  -32.658  -15.792  37.663 0.2000000030
53386  -36.662  -16.995  36.891 0.2000000030
53387  -37.857  -16.639  37.066 0.2000000030
53389  -39.628  -16.835  37.033 0.4000000060
49396  -39.511  -20.239  36.426 0.6000000238
43736  -24.380  -26.646  38.635 0.5000000000
44608  -30.894  -25.810  41.700 0.8000000119
44609  -31.904  -25.705  41.260 0.8000000119
53366  -33.135  -16.313  37.233 0.2000000030
53383  -33.636  -16.810  36.776 0.2000000030
53384  -34.542  -16.913  36.846 0.2000000030
53385  -35.518  -16.972  36.904 0.2000000030
119715  -37.432  -17.313  36.538 0.2000000030
42851  -24.299  -27.335  38.835 0.4000000060
124418  -31.580  -26.524  41.139 0.8000000119
52456  -34.080  -17.393  36.332 0.2000000030
52457  -34.971  -17.512  36.364 0.2000000030
52471  -35.347  -18.080  35.844 0.1000000015
52472  -36.149  -18.210  35.817 0.2000000030
48325  -38.595  -21.242  38.072 0.8000000119
48336  -38.991  -21.036  36.669 0.8000000119
108586  -24.441  -28.105  39.039 0.4000000060
118022  -31.632  -27.774  40.463 0.8000000119
42835  -32.222  -27.230  40.627 0.8000000119
52470  -34.520  -17.948  35.830 0.2000000030
51526  -34.922  -18.520  35.375 0.1000000015
48312  -38.163  -21.653  38.964 0.8999999762
48324  -38.315  -21.170  38.824 0.8999999762
118725  -39.190  -22.239  37.749 0.8999999762
123728  -39.545  -21.880  36.251 0.8999999762
41030  -26.551  -30.537  38.661 0.5000000000
41022  -26.853  -30.337  39.802 0.5000000000
41970  -31.445  -28.229  40.120 0.8000000119
42836  -32.929  -27.488  40.238 0.8999999762
48322  -35.921  -21.477  37.380 1.0000000000
48323  -36.624  -21.419  38.072 1.0000000000
47397  -37.220  -22.113  38.340 0.8999999762
47399  -38.374  -22.519  38.577 0.8999999762
47400  -39.001  -22.654  38.341 0.8999999762
47417  -39.446  -23.170  37.850 0.8999999762
41981  -33.143  -29.142  39.382 0.8999999762
43728  -33.538  -26.760  39.531 0.8999999762
48334  -35.562  -21.822  36.698 1.0000000000
47416  -37.525  -23.014  38.143 1.0000000000
46500  -38.107  -23.239  38.313 1.0000000000
42857  -33.870  -28.012  39.054 0.8999999762
44647  -33.478  -26.319  39.114 0.8999999762
48349  -34.413  -21.811  35.519 1.0000000000
48350  -35.207  -22.134  35.929 1.0000000000
47425  -35.963  -22.441  36.338 1.0000000000
42902  -24.875  -27.664  32.816 0.3000000119
41997  -34.212  -28.346  38.263 0.8999999762
43738  -33.226  -26.442  38.257 0.8999999762
47443  -34.771  -22.531  34.379 1.0000000000
47431  -35.015  -22.362  35.128 1.0000000000
109933  -25.333  -27.255  32.446 0.2000000030
41998  -34.544  -28.894  37.607 0.8999999762
43805  -25.871  -27.010  31.623 0.2000000030
113996  -34.730  -29.336  37.103 0.8999999762
41046  -34.537  -29.703  37.818 0.8999999762
47452  -33.563  -22.455  33.652 1.0000000000
43818  -25.739  -27.183  30.757 0.1000000015
119519  -34.552  -29.373  36.110 1.0000000000
111717  -34.713  -29.648  36.476 0.8999999762
46564  -32.775  -23.139  32.118 1.0000000000
47461  -33.404  -22.815  32.899 1.0000000000
106953  -26.791  -27.771  28.844 0.2000000030
110873  -28.216  -28.447  29.894 0.1000000015
40114  -29.853  -30.090  29.106 0.2000000030
41070  -34.669  -29.770  35.087 1.0000000000
41063  -34.833  -30.028  35.685 1.0000000000
46590  -32.542  -23.763  30.726 1.0000000000
46589  -31.515  -23.838  30.823 1.0000000000
40115  -30.390  -30.535  29.545 0.2000000030
39090  -30.884  -31.078  29.161 0.2000000030
118286  -35.440  -30.976  34.608 1.0000000000
41064  -35.134  -30.586  35.164 1.0000000000
45678  -31.846  -24.128  29.981 1.0000000000
114274  -36.010  -33.797  35.561 0.8000000119
40053  -36.219  -31.429  33.825 0.8999999762
109614  -31.051  -24.582  29.734 1.0000000000
44747  -30.577  -25.045  30.143 1.0000000000
36304  -35.624  -34.706  33.709 0.3000000119
116400  -34.678  -34.598  32.434 0.3000000119
39054  -36.348  -31.611  33.901 0.8999999762
44759  -30.915  -25.342  28.786 1.0000000000
38050  -37.010  -32.674  33.940 0.6999999881
38049  -36.719  -31.935  33.613 0.8999999762
42952  -31.050  -27.210  27.626 0.8999999762
43841  -30.802  -25.798  28.696 1.0000000000
35506  -38.083  -35.468  33.584 0.3000000119
36306  -38.397  -35.361  33.321 0.3000000119
37191  -37.409  -33.550  33.690 0.6000000238
42951  -30.784  -27.124  26.835 0.8999999762
122814  -31.577  -27.895  27.807 0.8999999762
36312  -38.193  -34.586  32.828 0.4000000060
37200  -37.619  -33.576  33.109 0.5000000000
42091  -31.789  -28.953  25.714 0.8999999762
42080  -31.533  -28.480  26.478 0.8999999762
40202  -33.748  -30.237  25.213 0.5000000000
51439  -27.392  -18.109  43.514 0.4000000060
124654  -25.153  -21.853  40.666 0.6000000238
50355  -28.217  -18.691  42.792 0.4000000060
52400  -27.627  -17.248  43.691 0.2000000030
47376  -24.879  -22.331  39.026 0.6999999881
48295  -25.562  -21.929  39.490 0.6000000238
49296  -29.216  -20.657  42.028 0.5000000000
126328  -28.482  -16.234  43.618 0.2000000030
48308  -26.320  -22.068  38.876 0.6000000238
106527  -29.163  -22.671  42.470 0.6000000238
49297  -29.540  -20.745  42.543 0.6000000238
53306  -28.721  -15.559  43.518 0.2000000030
107643  -25.128  -22.434  38.159 0.6999999881
46497  -26.909  -23.540  38.030 0.8000000119
46473  -28.972  -23.454  42.630 0.6999999881
111928  -29.336  -21.987  42.489 0.6000000238
55359  -29.870  -14.081  42.440 0.2000000030
54252  -29.137  -14.495  42.954 0.2000000030
45587  -26.106  -23.867  36.823 0.6999999881
45579  -26.240  -24.190  37.108 0.6999999881
123184  -26.624  -24.093  37.679 0.8000000119
45548  -29.268  -24.710  42.605 0.6999999881
46474  -29.424  -23.042  42.674 0.6999999881
54277  -29.766  -14.754  41.074 0.2000000030
55375  -30.463  -14.165  41.341 0.2000000030
51519  -40.667  -18.259  36.686 0.3000000119
50462  -41.120  -18.578  36.035 0.3000000119
44659  -25.808  -24.721  37.003 0.6999999881
44660  -26.238  -24.562  37.799 0.6999999881
43704  -28.734  -26.790  42.192 0.8000000119
43693  -29.316  -26.160  42.261 0.8000000119
54303  -30.745  -15.158  38.596 0.2000000030
55388  -30.988  -14.247  40.531 0.2000000030
52474  -38.751  -17.528  35.892 0.1000000015
52461  -39.303  -17.002  36.522 0.3000000119
52462  -40.031  -17.148  36.629 0.4000000060
52448  -40.455  -17.692  36.756 0.3000000119
49397  -40.270  -19.731  36.036 0.5000000000
44642  -24.799  -25.927  38.318 0.5000000000
43737  -24.904  -26.403  39.318 0.6999999881
44643  -25.261  -25.687  38.833 0.6999999881
42825  -30.065  -27.294  41.229 0.8000000119
43694  -30.064  -26.248  41.907 0.8000000119
54321  -30.994  -15.447  37.751 0.2000000030
54291  -31.560  -14.847  39.096 0.2000000030
52473  -37.651  -17.808  35.909 0.1000000015
52460  -38.332  -17.131  36.521 0.2000000030
49416  -41.078  -20.064  35.507 0.5000000000
43726  -24.624  -26.994  39.324 0.5000000000
42842  -25.220  -27.823  40.650 0.6999999881
42833  -29.949  -27.486  40.834 0.8000000119
52454  -32.232  -16.926  36.207 0.2000000030
53382  -32.859  -16.692  36.695 0.2000000030
51527  -35.703  -18.646  35.358 0.1000000015
126352  -36.847  -18.239  35.726 0.1000000015
48351  -40.933  -21.130  35.356 0.6999999881
42841  -24.826  -27.775  39.695 0.5000000000
41967  -25.540  -28.811  40.487 0.6999999881
110474  -30.334  -27.774  39.465 0.8000000119
42834  -30.893  -27.689  40.541 0.8000000119
52467  -31.866  -17.451  35.453 0.2000000030
52468  -32.776  -17.641  35.645 0.2000000030
52469  -33.667  -17.814  35.769 0.2000000030
51542  -35.281  -18.976  34.940 0.1000000015
126065  -40.262  -21.732  35.596 0.8999999762
48337  -39.972  -20.790  35.811 0.8000000119
41975  -26.522  -29.889  40.491 0.5000000000
51539  -32.391  -18.181  34.933 0.1000000015
51524  -33.282  -18.289  35.189 0.1000000015
51525  -34.123  -18.410  35.313 0.1000000015
122694  -39.775  -22.956  36.978 0.8999999762
108095  -40.175  -22.577  35.860 0.8999999762
41053  -26.371  -29.911  37.640 0.5000000000
41043  -26.638  -30.399  38.810 0.5000000000
120714  -30.871  -28.593  38.849 0.6999999881
41979  -31.909  -28.794  39.706 0.8000000119
41980  -32.698  -28.711  39.663 0.8999999762
51540  -33.775  -18.786  34.678 0.1000000015
46501  -38.804  -23.306  38.221 0.8999999762
46515  -39.284  -23.897  37.610 0.8999999762
46516  -40.019  -23.811  37.126 0.8999999762
41060  -25.592  -29.509  35.819 0.6000000238
42005  -25.986  -28.555  35.831 0.6000000238
42006  -26.450  -28.449  36.772 0.6000000238
41032  -31.106  -29.144  38.160 0.6999999881
41033  -31.822  -29.799  38.612 0.8999999762
41023  -32.389  -29.455  39.263 0.8999999762
47426  -36.712  -22.812  36.763 1.0000000000
47427  -37.327  -23.312  37.258 1.0000000000
45581  -38.405  -24.267  37.141 1.0000000000
45590  -38.823  -24.731  36.749 1.0000000000
123942  -25.598  -28.660  35.182 0.4000000060
119268  -26.147  -27.712  34.941 0.4000000060
42014  -26.482  -27.834  35.841 0.5000000000
41034  -33.154  -29.832  38.979 0.8999999762
47432  -35.680  -22.666  35.489 1.0000000000
46528  -37.070  -23.431  36.271 1.0000000000
46541  -37.438  -23.926  35.803 1.0000000000
119378  -38.363  -24.645  36.426 1.0000000000
45591  -39.320  -24.924  36.649 1.0000000000
42903  -25.522  -27.324  33.119 0.3000000119
42894  -25.764  -27.541  33.956 0.4000000060
42895  -26.383  -27.209  34.131 0.3000000119
40006  -32.819  -30.493  38.444 0.8999999762
41989  -33.772  -28.986  38.987 0.8999999762
47445  -36.128  -23.110  35.103 1.0000000000
46540  -36.864  -23.579  35.217 1.0000000000
45621  -37.682  -24.287  35.026 1.0000000000
42911  -25.434  -27.117  31.930 0.3000000119
43790  -25.958  -26.927  32.485 0.3000000119
40007  -33.371  -31.048  38.094 0.8999999762
41990  -34.273  -29.128  38.331 0.8999999762
47453  -34.341  -22.717  33.565 1.0000000000
47444  -35.530  -22.884  34.595 1.0000000000
47454  -35.118  -22.870  33.876 1.0000000000
46549  -35.716  -23.294  33.759 1.0000000000
46551  -37.003  -23.980  34.249 1.0000000000
42921  -26.434  -27.179  31.237 0.1000000015
39000  -34.149  -31.176  37.951 0.8999999762
46558  -35.062  -23.177  33.096 1.0000000000
46567  -35.862  -23.645  32.962 1.0000000000
111940  -27.035  -27.432  30.764 0.1000000015
39053  -33.185  -32.108  34.947 0.8000000119
38006  -34.304  -32.203  37.170 0.8999999762
39006  -34.694  -31.545  37.402 0.8999999762
106130  -33.742  -23.267  32.153 1.0000000000
46566  -35.346  -23.563  32.462 1.0000000000
121726  -27.649  -27.871  30.295 0.1000000015
42049  -28.323  -28.335  30.726 0.1000000015
121737  -33.297  -32.100  34.039 0.6999999881
40017  -35.099  -30.769  36.751 0.8999999762
46575  -33.177  -23.505  31.428 1.0000000000
46576  -34.258  -23.663  31.418 1.0000000000
42050  -28.792  -28.966  30.268 0.1000000015
41107  -29.252  -29.469  29.579 0.1000000015
38031  -33.880  -32.564  35.629 0.6999999881
40022  -35.372  -30.992  35.865 0.8999999762
41057  -35.037  -30.296  36.017 1.0000000000
46591  -33.568  -23.841  30.717 1.0000000000
40101  -30.433  -30.487  30.409 0.2000000030
109508  -31.704  -31.622  30.488 0.3000000119
39092  -32.074  -32.141  29.990 0.2000000030
38048  -34.487  -33.134  34.117 0.4000000060
38041  -34.574  -33.102  35.197 0.8000000119
38032  -34.730  -32.946  36.118 0.8000000119
39036  -35.693  -31.248  35.126 1.0000000000
123883  -35.260  -30.758  35.274 1.0000000000
45679  -33.034  -24.050  30.001 1.0000000000
38067  -32.773  -32.400  31.304 0.3000000119
38078  -32.675  -32.693  30.430 0.2000000030
37170  -35.521  -33.267  36.125 0.8000000119
39037  -36.116  -31.558  34.526 1.0000000000
116090  -31.659  -24.555  29.160 1.0000000000
38068  -33.379  -32.768  31.719 0.3000000119
37198  -33.951  -33.270  32.172 0.3000000119
37171  -36.128  -33.396  35.904 0.8000000119
38042  -36.603  -32.053  34.190 0.8999999762
44791  -30.997  -25.642  27.227 0.8999999762
122979  -31.594  -24.837  28.518 1.0000000000
35504  -36.933  -35.237  34.128 0.3000000119
36296  -36.584  -34.327  34.832 0.5000000000
36290  -36.990  -33.989  34.929 0.6000000238
37173  -36.822  -32.972  34.635 0.8999999762
44777  -30.851  -25.762  27.829 0.8999999762
35505  -37.520  -35.650  33.801 0.3000000119
36297  -37.090  -34.806  34.391 0.5000000000
36298  -37.441  -34.728  34.157 0.5000000000
37182  -37.276  -33.723  34.286 0.5000000000
43844  -30.737  -26.398  27.301 0.8999999762
36305  -37.725  -34.584  33.779 0.5000000000
42955  -30.952  -27.724  26.300 0.8999999762
48268  -23.702  -21.779  42.353 0.6000000238
107244  -24.739  -21.548  42.015 0.5000000000
48284  -25.777  -21.377  41.043 0.6000000238
49310  -26.449  -20.442  42.037 0.6000000238
121627  -26.961  -19.368  42.812 0.5000000000
50354  -27.126  -18.802  43.260 0.4000000060
47377  -27.076  -22.215  38.973 0.6000000238
49326  -27.560  -20.994  40.590 0.6000000238
49327  -28.310  -20.968  40.841 0.6000000238
50378  -28.485  -20.046  41.759 0.5000000000
46491  -28.189  -23.131  40.160 0.6999999881
48285  -28.211  -21.575  40.437 0.6999999881
49313  -28.699  -20.790  41.387 0.5000000000
53305  -27.952  -16.274  43.703 0.2000000030
45568  -27.451  -24.203  39.510 0.8000000119
47378  -27.701  -22.603  39.438 0.6999999881
113016  -28.777  -23.496  42.463 0.6999999881
118382  -28.389  -15.150  43.153 0.2000000030
54239  -28.850  -14.856  43.398 0.2000000030
45567  -26.849  -24.771  39.581 0.8000000119
44593  -27.640  -25.777  42.606 0.8000000119
45547  -27.868  -25.071  42.472 0.8000000119
54265  -29.166  -14.856  41.843 0.2000000030
52476  -40.442  -17.532  36.125 0.3000000119
51531  -41.002  -17.902  36.185 0.3000000119
43716  -25.675  -26.628  41.434 0.8000000119
44632  -25.973  -25.693  40.359 0.8000000119
42824  -28.200  -27.453  42.044 0.8000000119
114366  -28.442  -25.982  42.556 0.8000000119
127605  -29.620  -15.300  39.145 0.2000000030
51529  -38.295  -18.210  35.346 0.2000000030
52475  -39.673  -17.375  35.960 0.3000000119
50468  -41.131  -19.304  35.786 0.4000000060
44631  -25.335  -26.505  40.324 0.6999999881
123341  -30.311  -15.396  37.888 0.2000000030
41963  -26.507  -29.394  41.278 0.6999999881
112665  -25.358  -27.380  41.118 0.6999999881
42832  -28.704  -27.455  40.846 0.8000000119
54341  -31.211  -15.831  37.071 0.2000000030
119716  -36.494  -18.693  35.312 0.1000000015
41018  -26.989  -30.114  40.505 0.6000000238
41968  -26.959  -29.644  41.076 0.8000000119
42845  -29.687  -27.494  40.107 0.8000000119
53399  -31.425  -16.854  35.847 0.2000000030
41031  -26.800  -30.569  39.801 0.5000000000
41986  -27.053  -29.654  39.320 0.8000000119
42852  -27.173  -28.086  38.394 0.6000000238
42855  -29.498  -27.371  39.060 0.6999999881
42856  -30.243  -27.749  38.637 0.6999999881
51541  -34.587  -18.911  34.811 0.1000000015
50480  -35.162  -19.442  34.294 0.1000000015
47428  -40.404  -23.446  36.362 0.8999999762
125389  -40.651  -22.917  35.643 0.8000000119
41995  -26.667  -28.880  38.065 0.5000000000
42864  -27.055  -27.833  37.269 0.6000000238
42865  -27.750  -27.424  37.580 0.6999999881
42881  -29.636  -27.604  37.241 0.6999999881
41996  -30.586  -28.306  38.180 0.6999999881
110536  -31.940  -18.451  34.259 0.1000000015
50478  -33.383  -19.172  34.032 0.1000000015
50479  -34.233  -19.303  34.165 0.1000000015
45583  -39.677  -24.398  37.033 0.8999999762
46530  -40.762  -24.217  36.397 0.8000000119
42878  -26.995  -27.575  36.279 0.6000000238
42879  -27.737  -27.274  36.575 0.6999999881
114378  -30.405  -28.357  37.358 0.6999999881
41045  -31.568  -29.994  37.808 0.6999999881
124496  -32.460  -18.566  34.402 0.1000000015
50477  -32.499  -18.939  33.900 0.1000000015
127819  -39.471  -24.622  36.799 1.0000000000
45593  -41.221  -25.152  36.320 0.8999999762
42888  -26.924  -27.320  35.436 0.6000000238
43780  -27.424  -27.005  34.214 0.5000000000
43754  -27.947  -27.179  35.820 0.6000000238
41044  -30.968  -29.398  37.133 0.6999999881
40014  -32.203  -30.382  38.232 0.8999999762
45605  -37.888  -24.398  35.922 1.0000000000
44679  -38.985  -25.280  36.152 1.0000000000
44680  -39.787  -25.445  36.259 1.0000000000
120754  -41.691  -26.238  35.541 0.8999999762
43779  -26.841  -26.924  33.765 0.4000000060
43792  -27.349  -27.031  33.315 0.4000000060
43793  -27.823  -27.120  33.885 0.6000000238
41055  -31.480  -30.222  36.862 0.6999999881
40021  -32.045  -30.866  36.999 0.8000000119
45622  -38.328  -24.972  34.616 1.0000000000
44713  -39.612  -26.063  34.741 1.0000000000
43770  -40.279  -26.366  35.119 1.0000000000
116274  -41.523  -26.608  34.826 1.0000000000
43806  -26.532  -26.993  32.107 0.3000000119
42912  -27.659  -27.322  32.532 0.4000000060
42905  -28.070  -27.380  33.245 0.4000000060
39017  -32.553  -31.386  36.971 0.8000000119
46559  -36.433  -23.802  33.570 1.0000000000
122031  -37.721  -24.815  33.300 1.0000000000
45636  -38.277  -25.116  33.706 1.0000000000
44724  -39.572  -26.043  33.837 1.0000000000
43796  -40.109  -26.352  33.585 1.0000000000
43819  -27.190  -27.269  31.757 0.1000000015
42913  -27.912  -27.626  31.876 0.2000000030
119625  -32.080  -31.347  34.642 0.6999999881
39051  -31.975  -31.278  35.408 0.6999999881
39005  -33.811  -31.677  37.607 0.8999999762
45650  -37.403  -24.816  32.550 1.0000000000
45651  -38.163  -25.251  32.838 1.0000000000
44723  -38.889  -25.597  33.281 1.0000000000
124611  -40.355  -26.358  33.075 1.0000000000
43811  -41.020  -26.541  32.855 1.0000000000
42922  -27.771  -27.722  31.155 0.1000000015
42044  -28.951  -28.955  31.216 0.3000000119
116142  -29.546  -29.552  31.333 0.1000000015
39052  -32.556  -31.674  35.235 0.8000000119
39035  -33.153  -32.096  35.992 0.8000000119
114195  -34.646  -23.393  32.283 1.0000000000
45648  -35.938  -23.956  32.190 1.0000000000
45664  -35.904  -24.304  31.411 1.0000000000
124297  -37.256  -25.030  31.602 1.0000000000
44731  -38.005  -25.420  31.932 1.0000000000
112820  -39.421  -25.984  31.814 1.0000000000
41100  -29.962  -29.973  30.938 0.1000000015
121110  -32.625  -31.645  34.152 0.6000000238
38019  -33.939  -32.404  36.623 0.8000000119
46592  -34.400  -24.029  30.658 1.0000000000
45665  -36.626  -24.814  31.071 1.0000000000
110926  -29.388  -29.500  30.570 0.1000000015
40084  -31.085  -30.850  31.759 0.3000000119
39078  -31.684  -31.284  32.174 0.3000000119
38046  -33.011  -31.950  33.153 0.5000000000
115596  -32.309  -31.507  33.326 0.6000000238
38020  -35.000  -32.737  36.688 0.8000000119
45689  -32.645  -24.397  29.282 1.0000000000
45680  -34.015  -24.207  30.054 1.0000000000
45681  -34.971  -24.508  30.089 1.0000000000
45682  -35.933  -24.727  30.502 1.0000000000
40102  -31.098  -31.018  30.691 0.4000000060
39079  -32.276  -31.802  31.712 0.4000000060
39071  -32.320  -31.635  32.568 0.3000000119
38047  -33.763  -32.537  33.539 0.4000000060
38007  -35.524  -32.475  36.515 0.8000000119
45690  -33.660  -24.470  29.389 1.0000000000
38057  -33.572  -32.603  32.586 0.3000000119
38058  -34.265  -33.140  33.065 0.3000000119
39020  -36.140  -31.825  35.222 0.8999999762
45704  -32.366  -24.704  28.538 1.0000000000
119056  -35.298  -33.704  34.798 0.5000000000
44780  -33.161  -25.093  27.836 0.8999999762
44779  -31.996  -25.006  27.853 1.0000000000
37199  -34.528  -33.839  32.684 0.3000000119
36303  -35.002  -33.869  33.675 0.4000000060
125329  -35.645  -34.286  34.344 0.4000000060
122627  -36.005  -34.232  34.904 0.5000000000
44792  -31.639  -25.411  27.027 0.8999999762
42965  -30.686  -26.860  25.249 0.8000000119
44790  -30.789  -25.942  26.869 0.8999999762
48254  -23.933  -21.069  42.942 0.2000000030
48255  -24.704  -20.788  42.986 0.4000000060
48269  -25.610  -20.983  42.094 0.5000000000
49293  -25.503  -20.388  42.921 0.5000000000
115802  -26.078  -19.162  43.590 0.4000000060
112000  -26.841  -17.646  43.709 0.3000000119
46486  -27.908  -24.029  40.259 0.8000000119
45563  -28.287  -23.675  41.267 0.6999999881
47361  -28.622  -22.568  40.957 0.6999999881
45561  -26.835  -25.136  40.860 0.8000000119
45556  -28.183  -24.283  42.256 0.8000000119
53304  -27.531  -16.145  43.499 0.2000000030
109262  -26.326  -25.899  41.677 0.8000000119
43717  -26.164  -26.727  42.314 0.8000000119
45546  -27.451  -25.232  42.326 0.8000000119
54251  -27.962  -15.713  42.453 0.2000000030
123037  -40.066  -17.652  35.503 0.2000000030
118533  -40.813  -17.771  35.499 0.3000000119
51532  -41.368  -18.216  35.522 0.3000000119
43702  -26.294  -27.448  42.540 0.8000000119
43692  -26.829  -27.143  42.615 0.8000000119
105644  -29.179  -15.272  40.806 0.2000000030
51530  -39.291  -17.869  35.353 0.2000000030
50469  -41.708  -19.206  35.460 0.3000000119
123857  -41.736  -19.841  35.354 0.3000000119
120502  -26.053  -28.765  42.021 0.8000000119
42822  -26.287  -28.400  42.341 0.8000000119
42823  -27.479  -28.238  41.939 0.8000000119
54302  -29.781  -15.355  38.481 0.2000000030
49417  -41.995  -20.552  35.320 0.5000000000
42831  -27.617  -28.017  41.376 0.8000000119
123270  -28.178  -27.599  41.616 0.8000000119
125556  -30.111  -15.819  36.675 0.2000000030
50482  -37.492  -19.494  34.273 0.1000000015
51543  -36.985  -19.093  34.817 0.1000000015
41964  -26.645  -29.081  41.764 0.8000000119
41977  -27.301  -28.765  40.748 0.8000000119
127505  -27.958  -27.614  40.474 0.8000000119
42844  -28.682  -27.339  39.747 0.8000000119
105592  -30.705  -16.476  35.929 0.2000000030
50499  -36.040  -19.818  33.936 0.1000000015
47435  -42.148  -22.281  35.376 0.6999999881
41987  -27.334  -28.344  39.517 0.8000000119
42866  -28.475  -27.272  37.813 0.6999999881
42867  -29.368  -27.376  38.034 0.6999999881
47434  -41.208  -23.437  35.630 0.8000000119
123045  -28.342  -27.176  37.049 0.6999999881
107450  -28.938  -27.226  37.133 0.6999999881
42880  -29.233  -27.476  36.467 0.6999999881
51538  -30.596  -17.671  34.417 0.2000000030
52466  -30.876  -17.180  35.249 0.2000000030
52485  -31.469  -17.889  34.735 0.1000000015
45607  -41.655  -24.419  36.040 0.8000000119
118540  -42.258  -24.560  35.710 0.8000000119
120778  -28.476  -27.250  36.302 0.6999999881
42008  -30.398  -28.706  36.409 0.6999999881
44682  -41.764  -25.800  36.026 0.8999999762
44702  -43.084  -25.707  35.241 0.8999999762
43781  -28.005  -27.096  34.566 0.6000000238
42890  -28.910  -27.465  35.613 0.6000000238
42891  -29.268  -27.972  34.927 0.6000000238
110284  -29.785  -28.645  35.005 0.6999999881
42015  -30.351  -29.058  35.502 0.6999999881
122195  -31.130  -18.308  34.023 0.1000000015
43772  -42.225  -26.470  34.896 1.0000000000
108759  -28.354  -27.427  33.993 0.5000000000
42021  -29.560  -28.668  34.287 0.5000000000
41061  -30.838  -29.907  35.310 0.6999999881
41062  -31.264  -30.237  36.010 0.6999999881
110490  -41.451  -26.844  34.149 1.0000000000
43786  -41.978  -26.796  34.309 1.0000000000
42036  -28.412  -27.930  32.441 0.4000000060
42029  -28.731  -27.973  33.316 0.4000000060
42030  -29.337  -28.711  33.480 0.5000000000
41077  -29.838  -29.314  33.672 0.5000000000
41069  -30.232  -29.404  34.515 0.6000000238
40026  -31.454  -30.657  35.449 0.6999999881
39033  -32.009  -31.165  36.287 0.6999999881
125342  -42.269  -26.652  32.525 1.0000000000
42037  -28.835  -28.663  31.982 0.4000000060
41093  -29.409  -29.340  32.056 0.4000000060
41086  -29.668  -29.391  32.922 0.4000000060
41078  -30.328  -29.802  33.637 0.6000000238
40036  -30.903  -30.282  34.312 0.6000000238
43810  -40.214  -26.222  32.277 1.0000000000
43824  -41.601  -26.466  32.303 1.0000000000
119790  -29.964  -29.757  32.394 0.3000000119
40066  -30.481  -30.288  32.307 0.4000000060
40067  -31.164  -30.762  32.677 0.5000000000
40037  -31.572  -30.939  34.539 0.6999999881
39065  -31.909  -31.228  33.866 0.6000000238
45684  -37.246  -25.313  30.679 1.0000000000
44739  -37.900  -25.588  31.035 1.0000000000
44740  -38.641  -25.776  31.392 1.0000000000
43822  -40.079  -26.008  31.355 1.0000000000
44741  -41.469  -26.093  31.548 1.0000000000
40051  -31.321  -30.774  33.595 0.6000000238
119451  -38.550  -25.720  30.529 1.0000000000
113738  -39.297  -25.870  30.919 1.0000000000
44752  -40.902  -25.760  30.939 1.0000000000
39085  -31.670  -31.427  31.289 0.3000000119
39070  -31.758  -31.194  33.020 0.4000000060
118928  -34.433  -24.600  29.525 1.0000000000
45692  -35.783  -25.028  29.671 1.0000000000
44748  -37.035  -25.483  29.876 1.0000000000
44749  -37.801  -25.604  30.183 1.0000000000
44764  -37.623  -25.472  29.380 1.0000000000
44750  -39.236  -25.637  30.135 1.0000000000
44751  -40.003  -25.707  30.511 1.0000000000
45706  -34.388  -24.934  28.823 1.0000000000
45691  -35.098  -24.948  29.276 1.0000000000
44763  -36.432  -25.386  29.339 1.0000000000
113794  -36.983  -25.483  29.152 1.0000000000
37162  -35.746  -33.031  36.373 0.8000000119
114614  -34.025  -25.133  28.170 1.0000000000
44761  -35.163  -25.259  28.643 1.0000000000
44762  -35.784  -25.358  28.926 1.0000000000
44781  -35.664  -25.494  28.087 1.0000000000
44782  -36.529  -25.450  28.516 1.0000000000
126086  -32.587  -25.274  27.210 1.0000000000
44802  -31.713  -25.579  26.127 0.8999999762
51438  -26.474  -18.386  43.667 0.4000000060
51546  -40.110  -18.037  34.818 0.2000000030
51545  -38.922  -18.506  34.763 0.1000000015
50470  -42.304  -20.062  35.410 0.3000000119
50484  -39.514  -18.893  34.170 0.1000000015
49418  -42.898  -20.342  35.904 0.6000000238
50481  -36.698  -19.548  34.333 0.1000000015
50501  -37.969  -20.000  33.569 0.1000000015
113837  -42.997  -21.676  35.713 0.6999999881
47436  -42.901  -22.756  35.304 0.6999999881
50497  -33.850  -19.600  33.440 0.1000000015
50498  -34.666  -19.724  33.574 0.1000000015
45608  -42.685  -25.169  35.517 0.8000000119
50496  -32.999  -19.457  33.301 0.1000000015
44714  -43.005  -26.251  34.870 0.8999999762
44715  -43.748  -25.800  34.863 0.8999999762
43798  -42.738  -26.782  34.066 1.0000000000
43813  -42.746  -26.873  33.087 1.0000000000
43825  -42.946  -26.546  32.145 1.0000000000
44742  -42.173  -26.252  31.770 1.0000000000
44753  -41.950  -25.656  30.905 1.0000000000
44766  -39.942  -25.269  29.775 1.0000000000
44765  -38.497  -25.469  29.626 1.0000000000
45696  -40.733  -24.702  29.303 1.0000000000
44784  -38.159  -25.150  28.800 1.0000000000
45694  -38.986  -24.898  28.946 1.0000000000
44794  -34.230  -25.420  27.431 1.0000000000
118432  -34.793  -25.371  28.099 1.0000000000
44783  -37.363  -25.336  28.624 1.0000000000
45707  -37.892  -24.881  28.034 1.0000000000
45709  -39.551  -24.404  28.413 0.8999999762
44793  -33.414  -25.404  27.056 1.0000000000
44795  -35.135  -25.482  27.417 1.0000000000
119063  -35.785  -25.423  27.328 0.8999999762
45718  -36.982  -24.871  27.095 0.8999999762
45719  -37.625  -24.669  27.385 0.8999999762
44803  -32.786  -25.438  26.273 0.8000000119
44804  -34.011  -25.453  26.601 0.8000000119
112985  -34.745  -25.471  26.871 0.8999999762
44805  -35.445  -25.286  26.676 0.8000000119
45734  -36.803  -24.578  26.328 0.8999999762
45732  -34.717  -25.262  26.209 0.8000000119
51548  -41.869  -18.678  34.957 0.2000000030
51547  -41.179  -18.049  34.802 0.1000000015
50485  -42.260  -19.563  35.118 0.2000000030
50471  -43.019  -19.953  35.816 0.2000000030
51560  -40.579  -18.609  34.136 0.1000000015
51561  -41.576  -18.644  34.179 0.1000000015
51562  -42.461  -19.235  34.514 0.1000000015
49419  -43.627  -20.205  36.261 0.3000000119
48354  -43.438  -21.060  36.099 0.5000000000
114241  -44.151  -20.981  36.130 0.4000000060
47437  -43.735  -21.821  35.607 0.6999999881
47438  -44.617  -21.422  35.535 0.4000000060
116360  -43.804  -23.153  35.043 0.6999999881
46553  -44.268  -23.880  34.625 0.6999999881
43787  -43.686  -26.423  34.195 1.0000000000
44716  -44.491  -25.916  34.316 0.8999999762
43799  -43.571  -26.746  33.355 1.0000000000
43800  -44.434  -26.479  33.448 1.0000000000
43814  -43.797  -26.690  32.521 1.0000000000
43815  -44.708  -26.595  32.507 0.8999999762
43826  -43.741  -26.408  31.582 1.0000000000
43827  -44.602  -26.549  31.677 0.8999999762
44769  -42.765  -25.503  30.474 1.0000000000
107350  -42.852  -26.049  31.267 1.0000000000
121036  -41.342  -24.956  29.776 1.0000000000
45695  -39.794  -24.740  29.100 1.0000000000
45710  -40.362  -24.296  28.525 0.8999999762
45708  -38.725  -24.578  28.220 0.8999999762
116632  -40.047  -24.062  27.948 0.8999999762
45722  -40.749  -23.955  27.834 0.8999999762
45720  -38.464  -24.308  27.363 0.8999999762
46612  -39.273  -23.972  27.035 0.8999999762
46613  -40.111  -23.806  27.212 0.8999999762
126343  -35.347  -24.952  25.940 0.8999999762
45735  -37.720  -24.321  26.608 0.8999999762
46623  -38.711  -23.987  26.487 0.8999999762
45733  -36.023  -24.808  26.120 0.8999999762
45747  -37.353  -24.183  25.732 0.8999999762
45756  -36.230  -24.217  24.812 0.8000000119
46649  -37.056  -24.034  24.956 0.8000000119
50486  -42.589  -19.660  35.371 0.2000000030
50472  -43.711  -19.704  35.874 0.1000000015
115143  -44.590  -20.276  35.944 0.3000000119
108366  -45.102  -22.109  34.783 0.4000000060
116802  -44.720  -23.095  34.479 0.8000000119
46554  -45.464  -23.507  33.922 0.6000000238
45638  -45.607  -24.509  33.754 0.6999999881
46560  -46.199  -23.916  33.360 0.6000000238
44725  -45.165  -25.974  33.692 0.8999999762
45639  -46.251  -25.009  33.088 0.8000000119
43816  -45.608  -26.314  32.383 0.8000000119
122888  -46.309  -25.736  32.384 0.8000000119
43828  -45.378  -26.491  31.601 0.8999999762
43833  -44.470  -26.350  30.885 0.8999999762
44768  -42.090  -25.100  29.954 1.0000000000
114908  -43.367  -25.483  30.137 1.0000000000
45698  -42.625  -24.793  29.244 1.0000000000
45711  -41.246  -24.231  28.504 0.8999999762
45712  -42.281  -24.299  28.385 0.8999999762
45723  -41.606  -23.930  27.701 0.8999999762
46624  -39.612  -23.722  26.373 0.8999999762
46614  -41.054  -23.656  27.076 0.8999999762
46634  -38.185  -23.971  25.817 0.8999999762
46625  -40.531  -23.579  26.340 0.8999999762
125079  -38.500  -23.749  25.250 0.8999999762
108577  -39.008  -23.737  25.712 0.8999999762
121223  -35.146  -24.189  23.941 0.6999999881
46651  -38.418  -23.652  24.600 0.8999999762
112806  -36.748  -23.890  24.205 0.8999999762
46650  -37.633  -23.717  24.247 0.8000000119
106632  -44.514  -19.492  35.504 0.1000000015
48374  -45.526  -20.970  35.119 0.3000000119
49438  -46.178  -20.147  34.695 0.2000000030
47447  -45.876  -22.014  34.323 0.5000000000
49454  -47.014  -20.431  34.067 0.2000000030
47455  -46.180  -22.884  33.679 0.5000000000
47457  -47.545  -22.121  33.099 0.5000000000
46568  -46.872  -24.300  32.661 0.6999999881
123074  -46.979  -22.693  33.279 0.5000000000
121411  -47.313  -24.459  31.996 0.8000000119
46569  -47.560  -23.814  32.218 0.6999999881
43835  -46.015  -26.405  30.841 0.8999999762
44734  -46.737  -25.602  31.528 0.8999999762
43834  -45.302  -26.499  30.857 0.8999999762
44756  -45.950  -26.397  30.153 0.8999999762
44770  -43.597  -25.271  29.436 1.0000000000
44771  -44.724  -25.709  29.477 1.0000000000
45713  -43.322  -24.729  28.597 0.8999999762
44785  -44.335  -25.294  28.703 1.0000000000
105691  -43.139  -24.291  27.785 0.8999999762
45724  -42.382  -23.979  27.536 0.8999999762
46635  -39.085  -23.605  24.957 0.8999999762
108503  -39.973  -23.537  25.333 0.8999999762
127554  -40.106  -23.441  24.451 0.8999999762
46653  -39.587  -23.504  24.575 0.8999999762
105776  -37.183  -23.695  23.653 0.6999999881
46665  -38.419  -23.524  23.780 0.8999999762
46673  -37.727  -23.385  22.508 0.8000000119
46674  -38.460  -23.360  22.964 0.8000000119
123577  -43.082  -19.572  35.386 0.1000000015
47462  -48.313  -22.354  32.202 0.4000000060
46578  -47.712  -24.061  31.417 0.6000000238
44744  -46.907  -25.384  30.729 0.8999999762
109677  -47.505  -24.051  30.792 0.8000000119
44772  -45.707  -26.084  29.522 0.8999999762
115939  -45.327  -25.650  28.872 1.0000000000
45714  -44.092  -24.792  27.971 0.8999999762
46616  -43.049  -23.832  26.943 0.8999999762
46615  -41.997  -23.621  26.826 0.8999999762
46637  -41.916  -23.449  25.816 0.8999999762
46626  -42.746  -23.512  26.135 0.8999999762
108502  -41.312  -23.530  26.339 0.8999999762
46636  -41.051  -23.471  25.545 0.8999999762
110604  -40.781  -23.415  24.636 0.8999999762
109570  -39.124  -23.361  23.413 0.8999999762
46666  -39.715  -23.404  23.912 0.8999999762
47537  -39.918  -23.118  23.111 0.8999999762
47548  -38.461  -23.069  22.275 0.8999999762
46675  -39.110  -23.093  22.681 0.8999999762
46680  -37.200  -23.332  21.722 0.6999999881
127789  -37.927  -23.045  21.873 0.6999999881
47558  -37.036  -22.961  20.987 0.6000000238
47572  -36.439  -23.101  20.552 0.5000000000
46579  -48.100  -23.213  31.144 0.6000000238
45685  -46.765  -25.559  29.981 0.8999999762
46593  -47.185  -23.620  30.364 0.8999999762
122255  -46.054  -25.874  29.030 0.8999999762
45699  -46.514  -25.520  29.315 0.8999999762
44786  -45.072  -25.353  28.121 0.8999999762
45725  -43.922  -24.333  27.239 0.8999999762
45737  -44.662  -24.365  26.710 0.8999999762
45736  -43.852  -23.940  26.632 0.8999999762
46638  -42.622  -23.334  25.261 0.8999999762
46654  -41.762  -23.331  24.808 0.8999999762
46668  -41.282  -23.232  23.970 0.8999999762
46667  -40.452  -23.311  23.859 0.8999999762
47559  -37.708  -22.749  21.294 0.8000000119
47560  -38.492  -22.577  21.584 0.8000000119
120923  -38.997  -22.734  22.117 0.6999999881
47573  -37.435  -22.397  20.655 0.6999999881
110131  -36.840  -22.584  20.431 0.5000000000
127545  -48.010  -23.243  30.888 0.6999999881
45715  -46.551  -25.327  28.389 0.8999999762
46609  -46.361  -24.457  29.042 0.8999999762
44798  -45.897  -25.367  27.675 0.8999999762
120164  -45.729  -24.931  26.908 0.8999999762
46628  -44.299  -23.686  26.029 0.8999999762
46639  -43.447  -23.399  25.601 0.8999999762
46655  -42.529  -23.144  24.596 0.8999999762
47524  -42.109  -23.037  24.061 0.8999999762
47525  -42.867  -22.778  24.179 0.8999999762
47539  -41.686  -22.730  23.423 0.8999999762
47549  -40.452  -22.534  22.547 0.8999999762
47550  -41.295  -22.343  22.737 0.8000000119
118301  -39.645  -22.653  22.326 0.8999999762
47562  -40.105  -22.086  21.820 0.8000000119
48582  -39.737  -21.635  21.055 0.8000000119
47574  -38.137  -22.175  20.857 0.6999999881
48581  -38.896  -21.923  20.988 0.6999999881
48594  -38.480  -21.571  20.243 0.6999999881
122603  -39.222  -21.492  20.479 0.6999999881
110788  -37.069  -21.491  19.332 0.5000000000
49670  -38.414  -21.086  19.414 0.5000000000
48619  -36.609  -21.284  18.695 0.5000000000
49679  -35.953  -21.080  17.872 0.3000000119
47467  -46.501  -22.838  29.765 0.8000000119
46617  -46.920  -24.757  27.977 0.8000000119
47483  -46.400  -23.734  28.422 0.8999999762
44799  -46.508  -25.383  28.031 0.8999999762
45728  -47.220  -25.078  27.378 0.8999999762
45738  -46.422  -24.730  26.419 0.8999999762
46629  -45.392  -24.242  26.174 0.8999999762
46657  -44.189  -23.177  25.219 0.8999999762
46640  -45.132  -23.484  25.519 0.8999999762
45748  -46.050  -24.093  25.672 0.8999999762
47531  -48.868  -23.153  25.252 0.8999999762
48536  -49.421  -22.266  25.105 0.8999999762
46656  -43.311  -23.068  24.793 0.8999999762
47530  -47.985  -22.982  24.761 0.8000000119
48535  -48.481  -22.082  24.695 0.8000000119
48534  -47.507  -21.874  24.488 0.8000000119
47540  -42.502  -22.517  23.574 0.8999999762
48554  -46.150  -21.124  23.764 0.8000000119
48555  -47.097  -20.841  23.898 0.8000000119
49595  -48.106  -20.854  24.283 0.8000000119
49596  -49.053  -21.033  24.491 0.8000000119
47551  -42.126  -22.138  22.926 0.8000000119
49616  -47.916  -19.974  23.584 0.8000000119
48567  -40.927  -21.916  22.023 0.8000000119
49615  -46.505  -20.268  23.252 0.8000000119
127511  -47.219  -19.926  23.277 0.8000000119
50639  -47.740  -19.533  22.807 0.6999999881
48596  -40.341  -21.284  20.688 0.6999999881
48583  -40.582  -21.548  21.307 0.8000000119
49636  -46.127  -19.884  22.629 0.8000000119
50655  -46.569  -19.496  22.020 0.6999999881
50656  -47.365  -19.448  22.070 0.6999999881
48595  -39.812  -21.208  20.290 0.6999999881
107714  -46.920  -19.388  21.524 0.6999999881
48610  -39.169  -21.142  19.848 0.5000000000
50670  -46.183  -19.353  21.265 0.6999999881
105782  -46.840  -19.317  20.900 0.6999999881
48620  -37.538  -21.022  18.891 0.5000000000
48634  -35.023  -21.176  16.396 0.3000000119
46730  -35.258  -22.631  12.789 0.3000000119
46733  -35.649  -22.506  12.068 0.3000000119
108963  -36.381  -23.146  10.613 0.3000000119
46750  -37.227  -23.743  9.591 0.3000000119
115665  -46.296  -22.941  28.262 0.6999999881
50591  -51.868  -19.965  28.032 0.3000000119
46618  -47.343  -24.613  27.359 0.8999999762
49559  -52.078  -20.810  28.140 0.5000000000
45739  -47.176  -24.949  26.703 0.8999999762
47497  -50.400  -22.133  26.952 0.6999999881
48486  -50.899  -21.854  27.427 0.6999999881
47498  -51.103  -21.923  27.229 0.6999999881
45749  -46.935  -24.491  25.857 0.8999999762
45750  -47.716  -24.555  25.971 0.8999999762
47514  -49.047  -23.777  25.887 0.8999999762
46645  -49.856  -23.016  26.313 0.8000000119
47505  -50.213  -22.495  26.667 0.8999999762
116918  -52.172  -21.433  27.978 0.5000000000
49560  -52.658  -20.939  28.094 0.4000000060
46658  -45.896  -23.266  25.204 0.8999999762
46641  -46.569  -23.912  25.353 0.8999999762
107934  -47.912  -24.177  25.478 0.8999999762
47513  -48.347  -23.777  25.351 0.8999999762
47515  -49.712  -23.193  25.858 0.8999999762
47516  -50.480  -22.565  26.291 0.8999999762
48517  -51.606  -22.013  26.386 0.8999999762
48504  -51.818  -22.042  27.112 0.8000000119
119764  -44.020  -22.769  24.626 0.8999999762
47527  -44.951  -22.721  24.828 0.8999999762
47528  -46.009  -22.472  24.690 0.8999999762
47529  -47.057  -22.707  24.695 0.8999999762
48515  -50.281  -22.227  25.477 0.8999999762
48516  -51.049  -21.923  25.716 0.8000000119
47542  -44.163  -22.278  24.057 0.8999999762
118907  -49.975  -21.179  24.714 0.8000000119
48551  -42.929  -21.940  23.130 0.8000000119
47541  -43.285  -22.335  23.748 0.8000000119
48552  -43.728  -21.784  23.345 0.8000000119
118441  -44.547  -21.590  23.531 0.8000000119
48553  -45.345  -21.335  23.640 0.8000000119
48532  -45.819  -21.751  24.163 0.8000000119
49617  -48.786  -20.058  23.882 0.8000000119
127334  -49.661  -20.225  24.077 0.8000000119
48570  -43.383  -21.405  22.657 0.8000000119
48571  -44.151  -21.179  22.879 0.8000000119
50641  -49.459  -19.702  23.307 0.6999999881
48568  -41.761  -21.733  22.221 0.8000000119
48569  -42.590  -21.579  22.427 0.8000000119
49613  -44.908  -20.876  23.076 0.8000000119
49614  -45.698  -20.588  23.173 0.8000000119
50640  -48.613  -19.539  23.043 0.6999999881
48597  -41.041  -21.123  20.722 0.8000000119
49651  -44.302  -20.189  21.715 0.6999999881
49635  -45.351  -20.230  22.535 0.6999999881
50654  -45.791  -19.635  21.977 0.6999999881
50657  -48.303  -19.513  22.086 0.6999999881
50668  -44.790  -19.618  21.219 0.6999999881
50669  -45.457  -19.508  21.402 0.6999999881
49671  -39.168  -20.670  19.077 0.5000000000
49672  -39.890  -20.760  19.592 0.5000000000
50685  -45.375  -19.286  20.661 0.6999999881
50686  -46.135  -19.222  20.413 0.6999999881
111029  -37.682  -20.567  18.195 0.4000000060
111327  -38.355  -20.650  18.649 0.5000000000
51711  -44.906  -19.135  19.993 0.6999999881
51712  -45.504  -19.098  19.831 0.6999999881
49680  -36.903  -20.743  18.108 0.4000000060
49689  -36.460  -20.545  17.399 0.3000000119
49702  -35.751  -20.669  16.843 0.3000000119
49713  -35.544  -20.613  15.896 0.3000000119
48644  -34.994  -21.162  15.464 0.3000000119
48657  -35.088  -21.335  14.624 0.3000000119
49743  -35.574  -20.991  14.137 0.3000000119
112396  -41.042  -20.311  7.546 0.3000000119
48667  -35.194  -21.634  13.842 0.3000000119
47634  -35.616  -21.794  12.870 0.3000000119
47638  -36.408  -22.204  11.281 0.3000000119
48685  -37.105  -21.714  10.827 0.3000000119
46744  -37.442  -22.935  9.356 0.3000000119
48692  -38.388  -21.587  8.917 0.3000000119
50592  -52.534  -20.054  28.108 0.3000000119
45740  -47.848  -24.535  26.526 0.8999999762
50605  -52.927  -19.558  27.793 0.3000000119
46643  -48.432  -24.279  26.006 0.8999999762
113135  -48.933  -23.798  26.202 0.8999999762
46631  -49.680  -23.027  26.425 0.8999999762
48505  -52.649  -21.859  27.207 0.6000000238
49574  -53.779  -20.732  27.151 0.6000000238
50606  -53.618  -19.664  27.199 0.4000000060
116714  -52.374  -21.968  26.676 0.8000000119
108854  -53.477  -21.506  26.776 0.6999999881
48538  -51.783  -21.247  25.230 0.8000000119
48537  -50.845  -21.224  24.917 0.8000000119
49597  -50.590  -20.383  24.135 0.8000000119
119704  -51.334  -20.689  24.433 0.8000000119
125767  -50.126  -19.925  23.527 0.8000000119
49632  -43.073  -21.071  21.928 0.8000000119
49633  -43.831  -20.816  22.193 0.8000000119
49634  -44.591  -20.540  22.396 0.8000000119
112949  -49.267  -19.634  22.506 0.6999999881
50642  -50.080  -19.785  22.885 0.6999999881
49648  -41.938  -20.790  20.858 0.6999999881
49649  -42.768  -20.674  21.237 0.6999999881
49650  -43.535  -20.462  21.481 0.6999999881
49637  -49.867  -20.137  22.157 0.6999999881
49659  -40.534  -20.869  20.106 0.6999999881
49673  -41.393  -20.570  20.040 0.6999999881
49660  -42.243  -20.254  20.042 0.6999999881
123441  -42.636  -20.379  20.622 0.6999999881
49661  -43.277  -20.145  20.807 0.6999999881
50667  -44.004  -19.826  21.037 0.6999999881
50671  -47.519  -19.471  21.397 0.6999999881
105494  -48.238  -19.748  21.102 0.6999999881
50672  -49.049  -19.869  21.717 0.6999999881
50696  -40.776  -20.377  19.236 0.6999999881
125672  -41.754  -19.866  19.277 0.6000000238
50697  -42.626  -19.580  19.464 0.6999999881
50683  -43.737  -19.564  20.333 0.6999999881
50684  -44.521  -19.387  20.506 0.6999999881
50701  -46.143  -19.148  19.636 0.6999999881
50687  -47.441  -19.531  20.618 0.6999999881
50688  -47.938  -19.946  20.342 0.6999999881
125935  -39.462  -20.402  18.610 0.5000000000
49682  -39.928  -20.402  18.845 0.5000000000
50709  -39.695  -20.036  18.162 0.5000000000
50711  -41.244  -19.659  18.650 0.5000000000
50725  -41.747  -19.078  18.114 0.6999999881
50712  -43.125  -19.114  18.876 0.6999999881
51720  -43.937  -18.959  19.034 0.6999999881
51721  -44.824  -18.938  19.206 0.6999999881
121962  -45.619  -18.977  19.087 0.6999999881
113529  -46.727  -19.405  19.291 0.6999999881
50702  -47.438  -19.817  19.701 0.6999999881
50722  -38.015  -19.880  17.097 0.4000000060
50723  -38.739  -19.725  17.207 0.4000000060
50724  -39.505  -19.575  17.413 0.5000000000
116017  -40.356  -19.395  17.669 0.5000000000
126047  -41.641  -18.820  17.556 0.6999999881
51742  -42.143  -18.664  17.429 0.6999999881
107288  -42.976  -18.564  17.151 0.6999999881
51743  -44.660  -18.810  17.479 0.6999999881
50727  -45.551  -19.170  17.634 0.6999999881
50736  -37.429  -19.822  16.574 0.4000000060
50737  -38.292  -19.568  16.522 0.5000000000
51767  -42.413  -18.797  15.682 0.6000000238
120209  -43.888  -19.053  15.980 0.6999999881
50740  -44.608  -19.141  16.504 0.6999999881
50726  -45.245  -19.269  16.933 0.6999999881
50735  -36.777  -19.854  15.988 0.4000000060
50752  -37.702  -19.553  15.763 0.4000000060
50757  -42.579  -19.361  14.912 0.6000000238
50775  -43.368  -19.845  14.669 0.6999999881
50758  -43.830  -19.609  15.301 0.6999999881
49727  -35.654  -20.626  14.896 0.3000000119
49728  -37.013  -19.899  14.423 0.4000000060
49744  -37.265  -20.195  13.567 0.4000000060
50774  -42.671  -19.999  14.211 0.6000000238
50794  -42.749  -20.229  13.427 0.6000000238
117737  -43.250  -20.302  13.975 0.6000000238
118052  -36.380  -20.134  14.804 0.3000000119
112333  -36.296  -20.461  14.045 0.3000000119
127597  -37.887  -19.949  13.558 0.3000000119
50815  -39.040  -20.079  13.032 0.4000000060
49768  -39.407  -20.306  11.595 0.3000000119
49777  -39.244  -20.293  10.747 0.3000000119
49811  -42.361  -20.679  6.692 0.3000000119
48721  -42.834  -21.271  6.329 0.3000000119
48668  -35.921  -21.087  13.432 0.3000000119
49757  -36.630  -20.675  13.242 0.3000000119
48676  -37.368  -21.040  11.973 0.3000000119
49767  -38.581  -20.606  11.356 0.3000000119
49776  -38.613  -20.663  10.425 0.3000000119
49782  -39.161  -20.292  9.876 0.3000000119
50871  -39.710  -19.837  9.359 0.3000000119
50893  -42.338  -19.218  7.455 0.3000000119
50909  -43.597  -20.102  6.447 0.3000000119
47637  -36.221  -21.780  12.083 0.3000000119
48679  -36.867  -21.508  11.648 0.3000000119
48680  -37.504  -21.263  11.206 0.3000000119
123562  -38.149  -21.055  10.172 0.3000000119
113160  -38.921  -21.070  8.648 0.3000000119
48730  -44.200  -21.589  5.721 0.3000000119
118997  -44.786  -22.185  5.451 0.3000000119
51658  -52.777  -18.909  27.089 0.4000000060
51659  -53.363  -18.832  26.669 0.4000000060
49583  -54.250  -21.176  26.339 0.6999999881
50615  -54.074  -19.228  26.192 0.4000000060
111594  -52.559  -21.740  25.983 0.6999999881
48539  -53.495  -21.524  25.442 0.6999999881
49601  -55.096  -21.047  24.979 0.6999999881
49602  -55.602  -20.703  24.327 0.5000000000
121400  -55.787  -21.075  23.339 0.6000000238
49598  -52.069  -20.714  24.390 0.8000000119
49599  -52.978  -21.016  24.390 0.6999999881
49600  -53.942  -21.449  24.265 0.5000000000
48559  -55.006  -21.630  23.211 0.4000000060
49640  -56.015  -20.954  22.418 0.6999999881
106329  -51.670  -20.753  23.054 0.6999999881
116870  -51.447  -20.410  23.835 0.6999999881
49639  -52.714  -21.400  23.054 0.6999999881
49638  -50.679  -20.481  22.597 0.6999999881
49618  -50.752  -20.182  23.310 0.6999999881
49662  -48.501  -20.586  20.461 0.6999999881
49652  -49.553  -20.840  21.389 0.6999999881
124886  -48.882  -20.425  21.064 0.6999999881
49675  -48.078  -20.645  19.786 0.6999999881
105633  -40.997  -19.384  18.094 0.6000000238
49694  -46.899  -20.271  17.932 0.6999999881
50714  -47.202  -19.994  18.749 0.6999999881
50738  -39.239  -19.347  16.611 0.5000000000
105680  -39.964  -19.206  16.992 0.5000000000
51740  -41.168  -19.037  17.565 0.5000000000
51753  -41.361  -18.671  16.476 0.6999999881
51754  -42.163  -18.598  16.565 0.6999999881
49693  -45.923  -19.976  16.903 0.6999999881
50739  -40.034  -19.033  16.299 0.5000000000
51765  -40.794  -18.752  15.993 0.6000000238
115431  -41.023  -18.872  15.202 0.5000000000
50756  -41.823  -18.979  15.078 0.5000000000
50759  -44.557  -19.852  15.592 0.6999999881
50741  -45.265  -19.914  16.235 0.6999999881
50753  -38.349  -19.403  15.264 0.4000000060
117602  -39.432  -19.169  15.895 0.4000000060
50755  -40.070  -19.004  15.368 0.4000000060
122160  -41.359  -19.286  14.592 0.5000000000
117678  -42.158  -20.067  13.820 0.6000000238
50776  -44.149  -20.171  14.809 0.6999999881
49715  -44.826  -20.604  14.856 0.6999999881
50769  -37.690  -19.561  14.874 0.4000000060
50754  -39.119  -19.260  15.257 0.4000000060
123288  -39.988  -19.624  13.894 0.4000000060
107653  -41.229  -20.150  13.135 0.4000000060
50817  -41.555  -19.985  12.421 0.4000000060
120065  -43.085  -19.979  12.810 0.5000000000
50795  -43.756  -20.098  13.298 0.6000000238
50789  -37.792  -19.743  14.081 0.4000000060
111580  -39.259  -19.684  13.792 0.4000000060
105622  -40.176  -20.100  11.785 0.3000000119
51815  -42.263  -18.812  11.244 0.3000000119
112010  -42.782  -18.956  11.620 0.4000000060
50819  -43.646  -19.457  12.420 0.5000000000
50841  -39.910  -19.983  11.010 0.3000000119
50872  -40.336  -19.412  9.682 0.3000000119
51844  -40.833  -18.994  9.156 0.3000000119
52776  -42.646  -17.892  9.243 0.3000000119
51867  -42.826  -18.473  7.783 0.3000000119
51857  -43.358  -17.888  8.169 0.3000000119
50910  -44.179  -19.547  6.532 0.3000000119
49821  -44.471  -20.887  5.822 0.3000000119
47682  -45.207  -22.846  5.170 0.3000000119
51869  -45.218  -18.343  7.166 0.3000000119
123355  -45.668  -19.722  6.024 0.3000000119
111557  -45.708  -22.034  5.198 0.3000000119
50912  -46.402  -19.476  6.021 0.3000000119
48732  -46.389  -21.582  5.177 0.3000000119
122611  -47.305  -20.911  5.322 0.3000000119
48556  -53.326  -21.290  23.574 0.6000000238
48557  -54.138  -21.818  23.167 0.6000000238
48576  -54.609  -22.020  22.499 0.6999999881
49641  -56.381  -20.156  22.313 0.6000000238
51685  -56.412  -18.977  22.675 0.4000000060
48574  -53.499  -22.402  22.567 0.6000000238
48588  -54.718  -22.031  21.833 0.6999999881
48589  -55.411  -21.359  22.124 0.6999999881
48572  -51.304  -21.772  22.258 0.6000000238
48573  -52.253  -22.183  22.461 0.6000000238
50692  -55.376  -19.873  21.384 0.6000000238
49653  -50.392  -21.328  21.823 0.6999999881
122198  -51.818  -23.191  21.833 0.6999999881
49663  -49.094  -21.517  20.719 0.6999999881
48586  -50.879  -22.947  21.576 0.6999999881
48598  -48.599  -21.838  19.921 0.6999999881
47563  -49.890  -22.599  21.103 0.6000000238
48611  -48.153  -21.491  19.273 0.6999999881
124681  -46.559  -20.460  17.268 0.6999999881
49674  -47.705  -20.767  19.047 0.6999999881
49717  -46.026  -21.168  15.304 0.6999999881
49731  -45.537  -20.989  14.765 0.6999999881
49716  -45.336  -20.632  15.456 0.6999999881
122642  -44.652  -19.902  13.162 0.6999999881
49746  -44.521  -20.390  13.755 0.6999999881
50820  -44.425  -19.426  12.593 0.6000000238
52753  -43.533  -17.874  10.362 0.3000000119
121766  -43.021  -18.359  10.986 0.4000000060
51816  -43.442  -18.812  11.726 0.5000000000
52754  -44.287  -17.585  10.150 0.5000000000
52765  -43.534  -17.613  9.500 0.3000000119
52790  -44.161  -17.820  7.902 0.3000000119
52791  -44.843  -17.876  7.660 0.3000000119
51870  -46.081  -18.255  7.146 0.3000000119
51888  -46.652  -18.764  6.560 0.3000000119
50913  -47.258  -19.295  6.080 0.3000000119
50924  -47.746  -19.755  5.722 0.4000000060
48575  -54.129  -22.445  22.408 0.6999999881
47553  -53.579  -23.063  21.976 0.6999999881
47552  -52.761  -23.165  21.982 0.6999999881
47567  -53.618  -23.034  21.662 0.8000000119
48603  -54.345  -21.643  21.258 0.6999999881
47565  -51.451  -23.664  21.147 0.6999999881
47566  -52.774  -23.282  21.428 0.8000000119
47578  -53.287  -23.057  21.113 0.6999999881
49666  -53.617  -20.820  20.757 0.6999999881
50691  -53.632  -19.566  20.664 0.6000000238
47564  -50.685  -23.668  20.833 0.6000000238
46690  -51.506  -23.749  20.277 0.8999999762
48600  -51.936  -23.185  20.071 0.8999999762
49664  -51.867  -21.055  20.175 0.8000000119
50690  -52.751  -19.978  20.486 0.6000000238
48599  -49.327  -22.808  20.337 0.6000000238
122754  -49.709  -23.495  19.919 0.8000000119
47587  -51.176  -23.646  19.719 0.8999999762
48615  -51.311  -22.569  19.519 0.8999999762
49677  -51.292  -21.173  19.711 0.8999999762
48612  -48.486  -22.536  19.014 0.6999999881
48613  -49.112  -23.019  19.548 0.6999999881
47590  -49.794  -23.254  18.522 0.8999999762
49695  -47.171  -21.308  17.263 0.6999999881
48629  -48.488  -22.713  17.270 0.6999999881
47594  -49.135  -23.244  17.870 0.8000000119
48645  -46.612  -21.397  15.851 0.6999999881
48635  -47.261  -21.713  16.440 0.6999999881
115371  -47.736  -22.150  16.981 0.6999999881
119348  -46.265  -21.136  14.640 0.6999999881
50796  -45.379  -20.068  13.403 0.6999999881
122439  -45.840  -20.936  14.232 0.6999999881
49747  -45.824  -20.562  13.812 0.6999999881
50821  -45.217  -19.391  12.715 0.5000000000
50797  -46.310  -19.905  13.421 0.6999999881
51817  -44.938  -18.264  11.466 0.5000000000
51818  -45.521  -18.394  11.762 0.5000000000
52739  -44.985  -17.718  10.729 0.5000000000
52767  -45.476  -17.291  9.102 0.4000000060
52779  -45.874  -17.388  8.379 0.3000000119
51871  -46.975  -18.191  7.222 0.4000000060
51890  -48.373  -18.656  6.848 0.4000000060
50704  -51.466  -20.175  19.992 0.8999999762
51713  -51.966  -19.480  20.210 0.6999999881
48614  -50.729  -23.090  19.136 1.0000000000
49676  -50.735  -21.622  19.123 0.8999999762
118180  -51.155  -19.244  19.710 0.6999999881
120717  -50.251  -23.156  18.747 0.8999999762
48623  -50.499  -22.598  18.544 1.0000000000
50703  -50.764  -20.271  19.462 0.8999999762
50716  -50.204  -20.306  18.772 0.8999999762
124429  -50.419  -19.488  19.238 0.8999999762
122901  -48.917  -22.659  16.721 0.8000000119
47591  -50.148  -22.887  17.988 0.8999999762
121399  -50.395  -22.308  17.969 1.0000000000
49685  -50.441  -21.589  18.386 1.0000000000
48636  -48.126  -22.281  16.397 0.6999999881
47602  -49.319  -22.938  17.232 0.8999999762
47596  -50.060  -22.556  17.248 0.8999999762
48630  -50.427  -22.162  17.429 1.0000000000
49748  -46.544  -20.600  14.014 0.6999999881
48646  -47.416  -21.770  15.755 0.6999999881
48647  -48.292  -21.886  15.645 0.6999999881
49732  -47.063  -21.042  14.587 0.6999999881
49733  -47.942  -20.793  14.634 0.6999999881
48660  -48.407  -21.284  15.143 0.6999999881
51800  -46.618  -18.641  12.246 0.6000000238
50823  -46.880  -19.245  12.900 0.6999999881
50798  -47.163  -19.775  13.512 0.6999999881
49749  -47.494  -20.317  14.091 0.6999999881
51819  -46.072  -18.336  11.783 0.6000000238
122816  -45.714  -17.511  10.479 0.5000000000
52742  -47.336  -17.821  11.019 0.4000000060
121351  -46.170  -17.326  9.792 0.4000000060
52756  -47.218  -17.442  10.114 0.4000000060
52780  -46.723  -17.402  8.483 0.4000000060
52781  -47.658  -17.477  8.682 0.4000000060
52794  -47.299  -17.687  7.880 0.4000000060
52795  -48.149  -17.808  8.000 0.4000000060
51858  -48.902  -18.115  8.195 0.4000000060
110239  -49.936  -19.137  18.744 0.8000000119
109982  -50.574  -20.929  17.599 0.8999999762
50729  -49.770  -19.969  17.737 0.6999999881
107275  -49.064  -22.236  16.161 0.8999999762
48648  -50.022  -21.931  16.260 0.8999999762
48638  -50.691  -21.799  16.905 1.0000000000
49706  -51.043  -21.413  17.008 1.0000000000
50743  -50.421  -20.156  17.264 0.8999999762
50742  -49.420  -19.365  17.280 0.8000000119
49718  -49.367  -21.480  15.531 0.8999999762
48649  -50.784  -21.557  16.462 0.8999999762
48639  -51.291  -21.165  16.524 1.0000000000
49707  -51.594  -20.806  16.529 1.0000000000
50744  -52.069  -20.166  16.320 0.8999999762
49750  -48.277  -20.119  14.161 0.6999999881
49734  -48.965  -20.517  14.658 0.6999999881
49735  -50.138  -20.595  15.072 0.8000000119
49720  -51.435  -21.057  16.160 1.0000000000
49737  -51.955  -20.618  15.884 1.0000000000
49721  -52.068  -20.474  16.101 1.0000000000
115228  -47.685  -19.177  12.960 0.6999999881
50799  -48.035  -19.634  13.570 0.6999999881
50778  -49.760  -19.860  14.320 0.8000000119
50780  -51.879  -20.126  15.164 1.0000000000
50745  -52.760  -19.741  15.958 0.8000000119
51759  -52.690  -19.323  16.097 0.8000000119
123621  -47.359  -18.772  12.484 0.6000000238
51801  -48.025  -18.702  12.411 0.6000000238
118499  -48.768  -18.653  12.270 0.6999999881
50800  -50.043  -19.365  13.609 0.8000000119
50801  -50.836  -19.334  13.569 0.8000000119
105729  -52.454  -19.689  14.657 1.0000000000
50781  -53.135  -19.699  15.288 1.0000000000
122883  -48.243  -18.438  11.892 0.5000000000
51802  -49.460  -18.573  11.931 0.5000000000
50825  -50.507  -19.000  12.882 0.8000000119
51804  -51.045  -18.771  12.233 0.8999999762
50802  -52.138  -19.391  13.718 1.0000000000
50803  -52.999  -19.495  14.082 1.0000000000
52757  -48.018  -17.724  10.573 0.4000000060
51833  -48.742  -18.117  10.836 0.5000000000
123710  -50.015  -18.523  11.529 0.5000000000
51823  -50.694  -18.605  11.534 0.6999999881
50826  -51.918  -18.921  12.213 0.8000000119
52758  -48.625  -17.768  10.091 0.4000000060
51834  -49.439  -18.174  10.255 0.5000000000
121508  -50.181  -18.375  9.949 0.6000000238
118294  -51.142  -18.610  10.883 0.6000000238
50846  -52.288  -18.842  11.401 0.6000000238
52769  -48.369  -17.599  9.311 0.4000000060
51847  -49.688  -18.216  9.384 0.4000000060
51848  -50.575  -18.526  9.199 0.6000000238
51849  -51.487  -18.732  9.504 0.6000000238
51859  -49.773  -18.383  8.484 0.4000000060
51757  -50.175  -19.389  16.656 0.6999999881
124047  -51.351  -20.071  16.792 0.8999999762
50761  -53.384  -19.444  15.838 0.8000000119
106599  -53.950  -19.581  15.118 0.8999999762
50827  -52.900  -19.131  12.144 0.6999999881
105929  -53.123  -19.316  13.116 0.8000000119
50804  -53.784  -19.443  13.827 0.8999999762
51836  -51.680  -18.689  10.308 0.6000000238
106052  -53.723  -19.343  12.756 0.8000000119
51861  -51.299  -18.851  8.683 0.5000000000
51850  -52.268  -18.869  9.778 0.6000000238
106186  -53.213  -19.078  11.001 0.6000000238
51862  -52.086  -18.992  8.979 0.5000000000
50862  -53.038  -19.055  10.026 0.5000000000
51771  -50.798  -18.642  15.974 0.6000000238
51770  -49.421  -18.590  16.022 0.6000000238
51758  -51.666  -19.382  16.385 0.6999999881
51772  -52.059  -18.455  15.808 0.6999999881
50746  -53.482  -19.119  15.973 0.8000000119
123630  -54.216  -18.973  16.005 0.8999999762
50762  -54.524  -19.085  15.880 0.8999999762
51775  -55.015  -18.776  15.866 0.8000000119
50805  -54.481  -19.447  13.505 0.8000000119
120800  -54.499  -19.491  14.482 0.8000000119
50847  -53.827  -19.250  11.806 0.8000000119
106199  -54.252  -19.286  10.963 0.6000000238
50885  -52.638  -19.275  8.436 0.5000000000
50863  -53.870  -19.231  10.146 0.5000000000
127618  -55.003  -19.450  9.272 0.5000000000
50876  -55.660  -19.489  9.569 0.5000000000
50889  -56.306  -19.692  9.015 0.4000000060
52692  -50.986  -17.856  15.303 0.6000000238
120191  -50.017  -18.162  15.454 0.6000000238
118855  -50.983  -17.210  14.572 0.6000000238
51773  -53.249  -18.613  15.912 0.6999999881
52693  -52.655  -17.779  15.380 0.6999999881
52705  -53.003  -17.280  14.784 0.6999999881
51774  -54.126  -18.666  15.963 0.6999999881
52694  -53.649  -17.971  15.620 0.6999999881
52695  -54.573  -18.191  15.690 0.6999999881
52707  -54.866  -17.545  15.210 0.8000000119
125685  -53.523  -17.193  14.493 0.6999999881
50782  -54.943  -19.344  15.426 0.8999999762
50763  -55.514  -18.911  15.905 0.8999999762
52697  -56.522  -18.641  15.662 0.6999999881
107885  -55.346  -19.479  14.530 0.8000000119
51777  -56.833  -18.841  15.700 0.6999999881
52708  -56.572  -17.907  15.287 0.6999999881
106051  -55.259  -19.503  13.240 0.8000000119
50806  -56.218  -19.503  14.107 0.6999999881
50785  -57.990  -18.983  15.269 0.6000000238
106049  -55.219  -19.460  12.234 0.6000000238
123719  -55.922  -19.492  12.076 0.6000000238
106048  -56.861  -19.553  12.647 0.6000000238
106047  -55.271  -19.415  11.246 0.6000000238
50849  -56.411  -19.511  11.536 0.6000000238
50850  -57.800  -19.590  12.185 0.5000000000
50875  -54.326  -19.350  9.387 0.5000000000
50877  -56.547  -19.574  9.839 0.5000000000
50866  -57.003  -19.572  10.842 0.5000000000
50879  -58.840  -20.071  10.431 0.4000000060
50890  -57.127  -19.853  9.286 0.4000000060
49783  -58.237  -20.297  9.446 0.4000000060
116380  -50.004  -17.561  14.900 0.6000000238
126918  -50.655  -16.900  14.057 0.6000000238
122922  -49.708  -16.515  12.980 0.6000000238
53675  -50.296  -16.767  13.435 0.6999999881
53676  -51.174  -16.867  12.981 0.6999999881
52718  -52.085  -17.019  13.895 0.6999999881
108684  -51.701  -16.841  12.100 0.6999999881
52729  -52.679  -17.055  12.453 0.6999999881
52730  -53.605  -17.120  12.849 0.6999999881
108499  -55.732  -17.696  15.178 0.6999999881
52720  -55.171  -17.244  14.315 0.6999999881
52746  -54.080  -17.237  11.949 0.6999999881
52721  -56.400  -17.533  14.610 0.6999999881
52732  -55.533  -17.236  13.320 0.6000000238
113409  -54.982  -17.263  12.192 0.6000000238
108142  -57.229  -17.939  15.058 0.6000000238
123537  -57.738  -17.805  14.531 0.6000000238
122727  -57.488  -17.538  13.284 0.6000000238
52747  -55.534  -17.369  11.420 0.6000000238
52722  -58.748  -18.287  14.561 0.6000000238
52734  -58.678  -17.805  13.844 0.6999999881
114033  -57.119  -17.601  11.403 0.6999999881
52762  -56.232  -17.476  10.677 0.6999999881
50831  -59.373  -19.327  13.361 0.6000000238
51805  -59.971  -18.725  13.463 0.6000000238
111605  -60.084  -18.522  13.069 0.6000000238
52763  -57.217  -17.695  10.532 0.6000000238
52774  -57.592  -17.770  9.591 0.6000000238
52786  -57.877  -17.504  8.668 0.6000000238
50867  -58.181  -19.678  11.147 0.4000000060
50851  -59.905  -19.615  12.440 0.6000000238
51839  -59.500  -18.293  11.584 0.6000000238
51825  -60.518  -18.796  12.445 0.6000000238
50878  -57.588  -19.705  10.093 0.4000000060
49779  -60.679  -20.129  11.126 0.5000000000
50853  -60.667  -19.164  12.129 0.6999999881
51840  -60.560  -18.902  11.297 0.6000000238
49778  -60.054  -20.393  10.908 0.4000000060
49784  -59.592  -20.612  9.944 0.4000000060
53682  -49.143  -16.211  12.536 0.6999999881
54692  -49.152  -15.177  11.467 0.6000000238
53691  -49.468  -15.990  11.593 0.6999999881
109365  -50.628  -16.513  11.841 0.6000000238
54697  -50.188  -15.152  10.236 0.6999999881
54698  -50.716  -15.449  9.887 0.6999999881
54702  -50.667  -14.973  9.826 0.6999999881
56760  -51.633  -13.581  10.511 0.6999999881
56761  -52.455  -13.463  10.184 0.6999999881
56730  -54.297  -13.132  12.271 0.6000000238
53697  -51.326  -16.033  9.889 0.6999999881
53698  -52.329  -16.323  9.842 0.6999999881
55716  -52.045  -14.348  9.331 0.6999999881
56769  -52.661  -13.819  9.306 0.6999999881
56762  -53.313  -13.401  9.880 0.6000000238
56770  -54.119  -13.408  9.503 0.6000000238
52759  -53.683  -17.119  10.871 0.6999999881
54705  -52.570  -15.276  8.832 0.6999999881
55720  -52.720  -14.482  8.826 0.6000000238
56776  -53.348  -13.913  8.746 0.6000000238
52760  -54.261  -17.079  9.928 0.6999999881
110475  -53.731  -16.361  9.127 0.6000000238
118795  -53.955  -13.912  8.457 0.6000000238
105550  -54.006  -13.630  8.788 0.6000000238
52761  -55.202  -17.353  10.305 0.6999999881
52771  -55.082  -17.100  9.386 0.6000000238
53705  -55.082  -16.551  8.644 0.6000000238
55708  -49.193  -14.606  11.677 0.4000000060
54696  -49.637  -14.861  10.830 0.6999999881
106024  -54.832  -13.140  11.778 0.6000000238
55722  -54.362  -14.188  8.125 0.6000000238
53710  -55.685  -16.359  8.196 0.6000000238
106023  -54.939  -13.185  11.002 0.6000000238
54714  -55.628  -14.863  7.562 0.6000000238
55330  -30.591  -14.235  43.001 0.3000000119
51841  -60.697  -19.505  11.402 0.5000000000
49785  -60.639  -20.436  10.418 0.4000000060
51853  -60.461  -19.151  9.916 0.6000000238
51851  -58.398  -18.067  9.293 0.6000000238
51838  -58.557  -18.184  10.152 0.6000000238
52787  -58.918  -17.944  8.544 0.6000000238
52784  -55.882  -17.061  8.847 0.6000000238
53711  -57.485  -16.734  8.014 0.6000000238
54713  -54.908  -14.598  7.776 0.6000000238
53715  -56.922  -15.848  7.573 0.6000000238
56771  -54.827  -13.454  8.940 0.6000000238
54715  -56.477  -14.921  7.416 0.6000000238
106022  -55.121  -13.267  9.979 0.5000000000
41955  -19.176  -28.147  44.260 0.1000000015
41958  -18.670  -28.704  42.716 0.1000000015
41015  -18.345  -29.422  42.275 0.1000000015
42811  -19.406  -27.424  43.615 0.1000000015
114064  -19.629  -26.745  42.981 0.1000000015
41973  -18.616  -28.916  39.514 0.1000000015
41020  -18.382  -29.703  39.912 0.1000000015
39994  -18.539  -30.688  39.208 0.1000000015
38995  -19.991  -31.758  38.450 0.1000000015
38994  -19.153  -31.343  38.558 0.1000000015
41982  -18.811  -29.065  38.622 0.1000000015
125274  -20.776  -31.939  38.784 0.1000000015
37986  -22.225  -31.981  41.221 0.1000000015
38989  -22.444  -31.501  40.576 0.1000000015
48279  -17.134  -21.220  40.368 0.3000000119
47356  -16.745  -22.469  40.366 0.3000000119
106340  -19.507  -26.075  41.767 0.2000000030
44619  -19.278  -25.854  39.995 0.2000000030
42829  -19.192  -27.165  40.542 0.1000000015
41992  -19.611  -29.008  37.214 0.3000000119
41038  -20.772  -30.100  36.948 0.1000000015
39995  -23.401  -31.045  39.850 0.1000000015
109581  -18.762  -21.327  40.596 0.3000000119
48306  -17.703  -21.850  39.008 0.3000000119
45560  -17.740  -23.934  39.681 0.2000000030
47386  -17.465  -22.481  38.855 0.3000000119
124577  -18.883  -25.195  39.815 0.2000000030
46495  -17.592  -23.150  38.442 0.2000000030
120422  -19.279  -22.566  37.918 0.3000000119
45566  -18.374  -24.597  39.160 0.2000000030
45571  -18.092  -24.215  38.321 0.2000000030
46503  -17.891  -23.116  37.951 0.3000000119
44630  -19.246  -26.156  39.104 0.2000000030
44656  -18.638  -24.986  37.516 0.2000000030
42849  -19.169  -27.514  38.459 0.3000000119
44657  -19.115  -25.796  37.488 0.3000000119
43743  -19.422  -26.587  37.261 0.3000000119
111064  -19.360  -25.879  36.709 0.2000000030
45586  -18.961  -24.371  36.198 0.3000000119
126647  -19.399  -27.208  37.661 0.3000000119
42860  -19.426  -28.040  37.443 0.3000000119
42873  -19.709  -27.448  36.732 0.3000000119
43750  -20.053  -27.016  35.805 0.3000000119
41039  -21.578  -30.029  37.052 0.3000000119
41040  -22.286  -29.653  37.510 0.3000000119
38998  -25.403  -31.944  37.991 0.2000000030
39031  -23.695  -31.759  35.798 0.1000000015
39032  -24.575  -31.342  36.088 0.3000000119
110497  -23.779  -31.174  35.198 0.1000000015
39050  -23.144  -30.974  34.448 0.1000000015
42918  -23.663  -28.053  31.015 0.1000000015
42048  -23.112  -28.500  30.361 0.1000000015
42940  -23.897  -27.972  29.093 0.1000000015
42060  -24.181  -28.114  28.263 0.2000000030
54267  -33.863  -14.809  41.614 0.5000000000
46518  -18.994  -23.770  36.385 0.3000000119
126169  -19.546  -23.529  36.332 0.3000000119
53336  -36.948  -15.770  39.853 0.4000000060
52421  -31.804  -17.910  40.173 0.8999999762
53345  -33.674  -16.870  40.031 0.8000000119
118118  -20.764  -25.949  34.545 0.4000000060
45615  -20.751  -24.538  34.630 0.4000000060
42875  -21.697  -28.078  35.732 0.4000000060
42887  -22.147  -27.420  35.270 0.4000000060
45616  -21.567  -24.635  34.323 0.4000000060
49328  -31.921  -20.054  40.500 0.8000000119
52429  -33.009  -17.401  39.590 0.8000000119
52428  -31.908  -18.120  39.417 0.8999999762
42876  -22.431  -27.770  36.134 0.4000000060
50406  -31.069  -19.243  39.129 0.8999999762
51484  -35.579  -17.975  39.141 0.8999999762
41041  -22.935  -29.157  38.082 0.3000000119
40004  -24.369  -30.281  39.035 0.3000000119
49339  -31.056  -20.749  39.254 0.8999999762
51508  -31.637  -18.891  38.217 0.8999999762
49352  -30.550  -20.518  38.388 0.8999999762
50440  -30.723  -19.696  37.817 0.8999999762
51510  -32.919  -19.079  37.805 1.0000000000
39003  -25.788  -31.565  37.814 0.3000000119
48309  -30.719  -21.388  38.607 0.8999999762
48321  -30.069  -21.741  37.182 0.8999999762
122580  -30.958  -20.193  36.615 1.0000000000
113168  -24.345  -30.798  35.336 0.3000000119
48332  -30.171  -21.097  36.229 1.0000000000
46511  -30.377  -23.490  36.870 1.0000000000
47424  -29.880  -22.822  36.430 1.0000000000
41091  -22.744  -29.350  31.810 0.1000000015
41085  -23.332  -29.141  32.529 0.1000000015
41092  -23.374  -28.576  31.811 0.1000000015
41157  -28.094  -29.620  25.540 0.2000000030
41156  -27.333  -29.450  25.588 0.2000000030
46527  -30.050  -23.527  36.018 1.0000000000
48368  -29.827  -22.149  34.785 1.0000000000
42948  -24.893  -27.856  27.965 0.2000000030
42069  -25.200  -28.177  27.305 0.2000000030
41154  -26.181  -28.821  26.088 0.2000000030
42077  -25.565  -28.518  26.673 0.2000000030
45620  -29.812  -24.000  34.227 1.0000000000
47449  -30.832  -22.401  33.315 1.0000000000
52404  -30.980  -17.527  42.203 0.5000000000
53313  -31.688  -16.483  42.046 0.6999999881
54266  -32.974  -15.025  41.989 0.6999999881
55346  -32.989  -13.855  42.187 0.4000000060
56465  -34.316  -13.725  40.619 0.3000000119
124298  -35.476  -14.065  39.821 0.3000000119
117568  -36.083  -14.345  39.877 0.3000000119
124419  -38.791  -16.375  37.823 0.2000000030
53371  -38.302  -16.008  38.362 0.3000000119
119447  -38.537  -16.964  38.833 0.4000000060
51462  -31.441  -18.114  41.465 0.6999999881
127831  -37.627  -15.628  39.139 0.4000000060
55394  -37.190  -15.170  39.288 0.2000000030
114750  -22.864  -24.556  34.423 0.4000000060
46521  -21.629  -23.435  36.282 0.4000000060
48286  -32.499  -20.950  40.729 0.8000000119
48287  -33.047  -21.544  41.254 0.8000000119
52432  -36.438  -17.487  39.489 0.8000000119
43763  -22.708  -26.660  34.837 0.4000000060
51486  -37.113  -18.292  39.041 0.8000000119
42861  -22.784  -28.046  37.052 0.4000000060
48298  -31.930  -21.357  39.905 0.8000000119
47381  -32.066  -22.310  39.686 0.8999999762
109193  -33.640  -18.306  38.586 0.8999999762
51497  -34.579  -18.380  38.675 0.8999999762
114192  -33.565  -19.518  37.574 1.0000000000
50426  -35.991  -19.626  38.491 0.8999999762
40005  -26.275  -31.078  38.154 0.4000000060
46498  -30.854  -22.922  38.325 0.8999999762
50445  -35.301  -20.022  38.008 1.0000000000
41059  -25.073  -29.977  35.355 0.5000000000
41067  -24.634  -29.590  34.572 0.4000000060
44661  -31.813  -25.297  37.416 0.8999999762
49414  -33.082  -20.923  35.950 1.0000000000
42034  -23.862  -28.492  32.490 0.2000000030
41076  -24.202  -29.259  33.790 0.2000000030
42926  -24.360  -27.512  30.564 0.1000000015
42934  -24.455  -27.556  29.666 0.1000000015
114231  -30.221  -24.324  34.855 1.0000000000
43769  -32.447  -26.691  35.491 1.0000000000
43782  -31.962  -26.658  34.155 1.0000000000
42950  -26.193  -27.990  27.443 0.2000000030
42942  -25.401  -27.576  28.526 0.1000000015
42943  -26.117  -27.685  28.252 0.2000000030
42078  -26.346  -28.367  26.693 0.2000000030
41135  -28.840  -29.889  25.750 0.2000000030
44722  -30.803  -25.633  33.641 1.0000000000
42072  -27.950  -28.760  26.909 0.2000000030
42071  -27.377  -28.369  27.516 0.2000000030
41080  -34.122  -29.205  33.567 1.0000000000
42914  -31.862  -27.051  32.866 1.0000000000
124292  -30.160  -24.920  33.341 1.0000000000
44721  -30.332  -25.285  32.737 1.0000000000
43832  -30.982  -26.294  30.881 1.0000000000
41095  -33.960  -29.068  31.610 0.8999999762
41096  -34.443  -29.647  31.119 0.8999999762
41102  -34.254  -29.774  30.284 0.8000000119
126241  -34.330  -30.488  29.167 0.8000000119
42946  -32.130  -27.860  29.034 0.8999999762
47409  -22.319  -23.254  38.081 0.6000000238
51442  -29.990  -18.195  42.559 0.5000000000
46522  -22.551  -23.387  36.446 0.6999999881
49287  -31.402  -20.277  42.679 0.5000000000
51450  -30.997  -18.156  42.105 0.6000000238
51451  -31.298  -18.334  41.655 0.6999999881
55345  -32.181  -13.955  42.557 0.3000000119
49288  -32.167  -20.301  42.229 0.6999999881
50366  -31.734  -19.244  41.647 0.6999999881
56451  -32.609  -13.541  41.901 0.2000000030
122862  -23.325  -23.308  36.508 0.6999999881
49298  -32.638  -20.733  41.967 0.8000000119
55390  -33.915  -14.025  39.831 0.3000000119
56464  -33.415  -13.580  40.722 0.2000000030
54308  -36.017  -15.022  38.654 0.3000000119
54309  -36.978  -15.191  38.586 0.2000000030
53356  -38.395  -16.445  38.763 0.3000000119
54328  -37.610  -15.661  38.125 0.2000000030
43778  -23.279  -25.885  34.487 0.4000000060
126461  -23.804  -25.708  34.742 0.5000000000
54305  -33.042  -15.358  38.305 0.3000000119
51500  -38.256  -18.442  38.631 0.8000000119
43752  -23.517  -26.632  36.363 0.5000000000
44696  -24.984  -25.044  35.446 0.6000000238
123819  -33.207  -22.335  41.184 0.8000000119
53368  -35.022  -16.397  37.461 0.2000000030
50408  -37.253  -19.229  38.572 0.8000000119
50409  -37.639  -19.178  38.510 0.8000000119
123573  -38.148  -20.485  38.591 0.8999999762
111227  -32.520  -23.110  39.725 0.8999999762
49356  -37.794  -20.542  38.551 0.8999999762
41985  -24.461  -28.892  39.003 0.4000000060
44645  -32.373  -25.211  38.463 0.8999999762
40025  -25.463  -30.433  36.324 0.6000000238
43746  -32.876  -26.499  37.353 0.8999999762
42919  -24.360  -27.564  31.326 0.1000000015
42883  -33.852  -27.825  36.602 0.8999999762
42941  -24.644  -27.658  28.774 0.1000000015
42023  -33.864  -28.510  35.033 1.0000000000
42929  -26.886  -27.582  29.806 0.1000000015
46562  -30.759  -23.218  32.239 1.0000000000
41106  -28.656  -28.931  29.545 0.1000000015
109556  -28.176  -28.578  29.044 0.2000000030
41081  -34.841  -29.854  33.087 0.8999999762
41088  -34.594  -29.679  32.024 0.8999999762
45662  -30.447  -24.444  31.384 1.0000000000
40104  -35.408  -30.850  31.172 0.8999999762
42937  -31.508  -26.927  29.872 1.0000000000
39080  -36.059  -31.354  31.877 0.8000000119
39073  -36.678  -31.594  33.202 0.8000000119
38081  -36.210  -32.504  30.960 0.6000000238
37207  -37.165  -33.315  31.873 0.6000000238
39087  -35.693  -31.638  30.796 0.6999999881
40118  -34.550  -30.403  29.862 0.8000000119
39094  -35.229  -31.802  29.553 0.8000000119
38094  -36.087  -33.143  30.050 0.6000000238
38093  -35.640  -32.716  29.289 0.6000000238
39105  -35.265  -32.315  28.684 0.6000000238
40129  -34.360  -30.958  28.536 0.6999999881
37254  -36.980  -33.552  29.077 0.6000000238
38116  -35.729  -32.800  28.432 0.6000000238
38117  -36.466  -33.041  28.356 0.6000000238
39119  -34.497  -31.526  27.630 0.5000000000
40151  -33.972  -31.043  27.111 0.6000000238
40150  -33.537  -30.434  27.597 0.8000000119
38118  -37.417  -32.980  28.352 0.4000000060
38119  -38.481  -32.649  28.452 0.3000000119
38135  -36.907  -32.492  27.682 0.4000000060
39121  -36.548  -31.933  27.045 0.4000000060
39120  -35.642  -32.024  27.039 0.5000000000
39137  -35.289  -31.583  26.464 0.4000000060
42081  -32.164  -29.151  26.590 0.8999999762
38136  -37.948  -32.170  27.779 0.4000000060
40178  -35.797  -31.053  25.821 0.4000000060
114488  -33.601  -30.502  25.831 0.5000000000
113555  -37.612  -29.972  25.348 0.4000000060
54240  -29.384  -14.759  43.371 0.2000000030
47373  -22.266  -23.202  39.974 0.5000000000
47391  -23.523  -22.950  38.840 0.6999999881
49286  -30.525  -19.862  42.876 0.5000000000
118690  -31.422  -14.305  42.793 0.3000000119
47421  -23.831  -23.052  37.103 0.6999999881
46475  -30.389  -23.416  42.607 0.6999999881
47328  -31.791  -21.787  42.571 0.6999999881
56450  -31.703  -13.518  41.931 0.2000000030
48258  -32.692  -21.512  42.123 0.8000000119
55377  -32.384  -13.937  40.348 0.2000000030
45603  -25.175  -24.561  35.724 0.6000000238
45551  -32.411  -24.003  41.701 0.8000000119
47336  -32.572  -22.465  42.146 0.8000000119
55403  -32.421  -14.942  38.847 0.2000000030
53370  -37.243  -16.187  37.553 0.2000000030
53388  -38.911  -16.577  37.196 0.2000000030
44610  -32.587  -25.273  41.106 0.8000000119
45564  -33.295  -24.397  40.662 0.8000000119
54324  -33.546  -15.832  37.809 0.2000000030
53367  -34.054  -16.382  37.354 0.3000000119
43707  -32.610  -26.096  40.794 0.8000000119
44621  -33.163  -25.198  40.664 0.8000000119
43718  -32.971  -26.781  40.458 0.8000000119
44633  -33.452  -25.148  40.113 0.8999999762
44634  -33.492  -26.096  39.792 0.8999999762
42847  -33.451  -27.538  39.644 0.8999999762
121219  -32.953  -28.103  39.887 0.8999999762
112800  -26.188  -30.803  37.818 0.5000000000
48333  -34.749  -21.547  36.351 1.0000000000
43747  -33.537  -27.051  37.905 0.8999999762
126810  -34.325  -28.406  36.760 0.8999999762
42920  -25.081  -27.203  31.201 0.1000000015
42928  -26.301  -27.331  30.297 0.1000000015
121006  -27.544  -28.061  29.409 0.2000000030
46573  -31.113  -23.533  31.523 1.0000000000
41071  -35.170  -30.454  34.748 1.0000000000
40127  -30.403  -30.636  28.655 0.2000000030
40038  -35.680  -31.067  34.185 0.8999999762
38060  -37.134  -32.531  33.317 0.6999999881
42945  -31.540  -27.112  29.103 1.0000000000
37192  -37.953  -34.630  33.375 0.4000000060
41158  -32.473  -29.590  25.888 0.8000000119
49285  -29.746  -20.003  42.699 0.6000000238
124967  -30.014  -20.174  42.976 0.5000000000
47392  -24.348  -22.633  38.494 0.6999999881
46509  -26.026  -23.347  37.064 0.6999999881
47411  -24.752  -22.757  37.483 0.6999999881
48246  -29.566  -21.562  42.683 0.6000000238
47333  -29.420  -22.331  42.657 0.6000000238
126057  -29.685  -14.117  42.971 0.2000000030
55360  -30.776  -13.713  42.242 0.2000000030
47334  -30.030  -22.624  42.894 0.6999999881
55376  -31.686  -13.705  40.930 0.2000000030
44596  -30.490  -24.905  42.156 0.8000000119
126722  -32.171  -14.514  39.556 0.2000000030
43706  -30.574  -26.762  41.456 0.8000000119
53381  -31.388  -16.365  36.433 0.2000000030
54322  -31.813  -15.657  37.644 0.2000000030
54304  -31.624  -15.271  38.331 0.2000000030
52458  -35.879  -17.629  36.356 0.1000000015
52459  -36.736  -17.743  36.214 0.2000000030
41974  -25.412  -29.197  39.515 0.5000000000
42826  -31.172  -27.305  40.890 0.8000000119
48313  -38.643  -21.915  38.520 0.8999999762
41971  -32.296  -28.123  40.160 0.8000000119
41988  -31.487  -29.175  39.095 0.8000000119
48335  -36.443  -22.107  37.320 1.0000000000
47398  -37.796  -22.403  38.688 1.0000000000
126165  -26.008  -29.302  36.564 0.5000000000
124864  -32.484  -30.028  38.733 0.8999999762
109895  -33.333  -28.446  39.483 0.8999999762
119179  -37.031  -22.715  37.637 1.0000000000
46513  -37.906  -23.752  37.707 1.0000000000
46514  -38.570  -23.914  37.781 1.0000000000
123763  -33.933  -27.642  38.407 0.8999999762
40016  -34.662  -30.606  37.580 0.8999999762
41056  -34.829  -29.951  36.901 0.8999999762
40008  -34.076  -30.514  38.264 0.8999999762
46565  -34.252  -23.054  32.795 1.0000000000
40100  -29.857  -30.032  30.037 0.1000000015
118862  -31.086  -24.267  30.384 1.0000000000
40116  -30.853  -30.918  29.897 0.2000000030
39091  -31.415  -31.511  29.719 0.2000000030
40039  -35.882  -31.358  34.234 0.8999999762
36289  -36.407  -33.776  35.341 0.6000000238
37172  -36.518  -33.255  35.358 0.8999999762
35513  -36.277  -35.648  33.696 0.3000000119
36310  -35.069  -34.435  33.090 0.3000000119
44778  -31.084  -24.906  28.978 1.0000000000
42957  -30.629  -26.909  26.063 0.8999999762
48283  -24.593  -22.296  40.087 0.6000000238
50365  -29.097  -19.612  42.140 0.5000000000
50364  -27.978  -19.331  42.371 0.5000000000
47393  -25.727  -22.238  38.508 0.6999999881
120811  -25.917  -21.546  40.120 0.6000000238
48256  -29.106  -21.624  41.909 0.5000000000
48257  -29.396  -21.422  42.481 0.6000000238
47412  -25.777  -22.700  37.615 0.8000000119
106141  -26.626  -22.637  38.224 0.8000000119
48296  -26.500  -21.704  39.503 0.6000000238
47348  -28.904  -22.573  42.038 0.6000000238
111529  -28.216  -15.564  43.410 0.2000000030
45573  -27.315  -23.829  38.797 0.8000000119
45572  -26.822  -24.354  38.478 0.8000000119
47413  -26.422  -23.140  37.585 0.8000000119
44594  -28.351  -25.128  42.614 0.8000000119
44644  -25.986  -25.138  38.925 0.6999999881
123795  -29.013  -25.472  42.552 0.8000000119
54278  -30.286  -14.717  40.229 0.2000000030
117793  -29.518  -15.186  39.904 0.2000000030
110954  -29.007  -27.300  41.411 0.8000000119
54289  -30.115  -15.031  39.268 0.2000000030
54290  -30.880  -14.757  39.569 0.2000000030
43727  -25.062  -27.107  40.069 0.6999999881
54340  -30.357  -15.623  37.172 0.2000000030
51528  -37.342  -18.530  35.335 0.1000000015
52455  -33.193  -17.234  36.271 0.2000000030
121122  -36.045  -19.229  34.754 0.1000000015
42846  -30.707  -27.901  40.160 0.8000000119
126839  -30.657  -28.156  39.160 0.6999999881
109146  -40.924  -22.224  35.348 0.8000000119
45582  -39.072  -24.436  37.156 1.0000000000
47433  -36.382  -23.005  35.852 1.0000000000
46529  -37.738  -24.016  36.722 1.0000000000
44681  -40.473  -25.385  36.340 1.0000000000
40015  -32.561  -30.951  37.735 0.8999999762
41035  -33.907  -29.794  38.617 0.8999999762
46550  -36.271  -23.432  34.408 1.0000000000
45635  -37.683  -24.576  34.034 1.0000000000
45606  -38.375  -24.900  35.603 1.0000000000
43791  -26.679  -26.923  32.924 0.4000000060
39018  -33.117  -31.865  36.803 0.8999999762
46577  -35.217  -23.768  31.777 1.0000000000
38040  -33.857  -32.554  34.555 0.5000000000
124480  -35.023  -32.263  37.099 0.8999999762
39019  -35.767  -31.773  35.857 1.0000000000
39086  -32.220  -32.003  30.839 0.3000000119
37181  -35.257  -33.420  35.652 0.8000000119
38056  -32.892  -32.183  32.152 0.4000000060
38079  -33.165  -32.909  31.008 0.3000000119
38033  -36.465  -32.318  34.958 0.8999999762
48270  -26.568  -20.887  41.146 0.5000000000
108266  -26.633  -21.280  40.268 0.6000000238
49311  -27.268  -20.506  41.293 0.6000000238
49295  -27.394  -19.976  42.004 0.5000000000
49312  -28.009  -20.496  41.199 0.5000000000
48297  -27.449  -21.678  39.746 0.6000000238
47379  -28.132  -22.268  40.045 0.6000000238
48271  -28.748  -21.614  41.212 0.6000000238
46482  -28.588  -23.330  42.042 0.6999999881
54238  -27.849  -15.676  43.240 0.2000000030
115274  -28.620  -15.133  42.423 0.2000000030
44592  -27.040  -26.312  42.647 0.8000000119
42816  -27.265  -27.808  42.365 0.8000000119
51544  -37.910  -18.862  34.788 0.1000000015
41976  -27.202  -29.976  40.341 0.6999999881
108943  -30.604  -15.997  36.568 0.2000000030
48352  -41.743  -21.413  35.350 0.6999999881
42868  -30.087  -27.747  37.869 0.6999999881
118857  -35.338  -19.846  33.635 0.1000000015
42889  -27.483  -27.279  35.822 0.6000000238
42853  -27.787  -27.544  38.565 0.6999999881
122089  -29.888  -27.980  36.633 0.6999999881
45592  -40.350  -24.643  36.680 0.8000000119
42007  -29.687  -28.136  35.785 0.6999999881
43757  -41.122  -25.961  36.037 0.8999999762
43765  -26.891  -27.064  34.610 0.5000000000
43767  -28.233  -27.219  35.376 0.6999999881
41054  -30.879  -29.624  36.187 0.6999999881
44699  -38.984  -25.499  35.191 1.0000000000
44700  -39.676  -25.844  35.578 1.0000000000
44701  -40.385  -26.002  35.847 1.0000000000
44683  -42.399  -25.934  35.579 0.8999999762
43771  -40.973  -26.407  35.399 1.0000000000
42896  -28.593  -27.452  34.783 0.6000000238
107820  -31.641  -30.670  36.325 0.8000000119
43785  -40.858  -26.679  34.626 1.0000000000
39004  -33.105  -31.539  37.428 0.8999999762
45634  -37.127  -24.358  33.389 1.0000000000
44733  -39.636  -26.005  32.870 1.0000000000
42043  -28.380  -28.190  31.555 0.4000000060
39034  -32.540  -31.608  36.189 0.8000000119
45649  -36.613  -24.232  32.677 1.0000000000
125006  -36.960  -24.642  32.177 1.0000000000
44732  -38.775  -25.711  32.327 1.0000000000
125292  -41.464  -26.810  33.560 1.0000000000
41094  -29.996  -29.882  31.748 0.3000000119
45663  -35.133  -24.098  30.966 1.0000000000
40083  -30.486  -30.425  31.336 0.2000000030
45683  -36.681  -25.151  30.407 1.0000000000
45705  -33.391  -24.750  28.663 1.0000000000
44801  -31.082  -25.732  26.460 0.8999999762
44620  -26.962  -25.385  41.926 0.8000000119
44607  -26.816  -26.000  42.479 0.8000000119
41960  -26.909  -28.611  42.144 0.8000000119
41969  -27.058  -28.962  41.600 0.8000000119
42843  -27.866  -27.585  39.576 0.8000000119
48353  -42.722  -21.090  35.690 0.6999999881
42854  -28.580  -27.273  38.741 0.6999999881
46542  -42.108  -23.630  35.353 0.6999999881
45594  -42.075  -25.246  36.064 0.8999999762
46543  -42.940  -24.063  35.172 0.6999999881
51559  -31.641  -18.800  33.601 0.1000000015
45623  -43.484  -25.026  35.163 0.6999999881
42897  -28.999  -27.962  34.120 0.5000000000
121189  -29.092  -28.709  32.687 0.4000000060
125458  -30.011  -29.610  33.271 0.5000000000
41087  -30.199  -29.864  32.944 0.5000000000
40050  -30.693  -30.326  33.239 0.6000000238
43823  -40.850  -26.237  31.848 1.0000000000
126056  -41.397  -25.343  30.323 1.0000000000
112040  -39.271  -25.252  29.514 1.0000000000
50483  -38.464  -19.280  34.220 0.1000000015
53398  -30.001  -16.619  35.392 0.2000000030
46552  -43.754  -24.235  34.943 0.6999999881
45624  -44.312  -24.937  34.711 0.8000000119
44797  -37.133  -25.167  27.855 0.8999999762
44796  -36.394  -25.351  27.612 0.8999999762
45721  -39.372  -24.136  27.711 0.8999999762
44806  -36.244  -25.111  26.848 0.8999999762
47446  -44.391  -22.304  35.081 0.5000000000
45625  -44.886  -24.146  34.230 0.8999999762
45637  -45.083  -25.209  34.141 0.8000000119
123653  -44.118  -26.736  32.942 1.0000000000
43801  -45.181  -26.363  33.072 0.8999999762
45697  -41.727  -24.589  29.211 1.0000000000
45746  -36.531  -24.381  25.562 0.8000000119
121952  -37.849  -23.867  25.111 0.8999999762
125442  -45.425  -22.724  34.190 0.5000000000
110290  -45.601  -25.364  33.588 0.6999999881
46561  -46.927  -23.454  32.970 0.6000000238
44726  -45.769  -25.896  33.118 0.8000000119
45652  -46.875  -25.056  32.250 0.8000000119
43829  -46.152  -26.196  31.596 0.8999999762
106093  -44.150  -25.794  30.160 1.0000000000
48375  -46.436  -21.176  34.316 0.2000000030
47456  -46.711  -22.050  33.789 0.5000000000
114398  -47.284  -21.312  33.636 0.2000000030
115280  -47.625  -22.969  32.582 0.6000000238
46570  -48.115  -23.203  31.751 0.6000000238
44743  -46.583  -26.018  30.954 0.8999999762
44757  -46.546  -26.093  30.292 0.8999999762
46652  -39.058  -23.510  24.204 0.8999999762
120540  -37.232  -23.617  23.057 0.8000000119
46664  -37.790  -23.546  23.348 0.8000000119
47463  -48.442  -22.413  31.307 0.6000000238
45686  -46.973  -24.858  30.465 0.8999999762
44773  -46.404  -26.042  29.545 0.8999999762
46627  -43.466  -23.643  26.271 0.8999999762
47465  -48.389  -22.436  31.048 0.6000000238
45700  -46.810  -24.652  29.918 0.8999999762
44788  -46.333  -25.603  28.869 1.0000000000
44787  -45.793  -25.591  28.493 0.8999999762
45726  -44.893  -24.913  27.405 0.8999999762
47538  -40.845  -22.944  23.266 0.8999999762
47561  -39.311  -22.266  21.651 0.8000000119
46603  -46.432  -23.696  29.581 0.8999999762
48437  -48.644  -21.948  30.942 0.5000000000
47474  -46.185  -23.238  28.978 0.8000000119
45727  -46.689  -25.226  27.227 0.8999999762
47526  -43.524  -22.643  24.273 0.8999999762
48593  -37.763  -21.874  20.323 0.5000000000
48609  -37.736  -21.495  19.701 0.6000000238
48533  -46.571  -21.800  24.336 0.8000000119
50638  -46.923  -19.648  22.687 0.6999999881
48584  -41.414  -21.390  21.464 0.8000000119
117842  -35.374  -23.481  12.380 0.3000000119
46743  -36.887  -22.995  9.941 0.3000000119
47517  -50.972  -22.120  26.788 0.8999999762
46642  -47.256  -24.101  25.349 0.8999999762
46659  -46.722  -23.339  25.025 0.8999999762
46660  -47.562  -23.585  25.011 0.8999999762
47543  -45.133  -22.036  24.160 0.8000000119
48585  -42.262  -21.211  21.674 0.8000000119
50653  -45.052  -19.914  21.886 0.6999999881
49691  -38.335  -20.253  17.800 0.5000000000
49690  -37.340  -20.271  17.411 0.4000000060
50699  -44.238  -19.176  19.777 0.6999999881
49704  -36.622  -20.208  16.714 0.4000000060
49801  -41.896  -20.030  7.172 0.3000000119
47648  -37.391  -22.043  9.979 0.3000000119
47654  -37.893  -22.146  9.162 0.3000000119
48686  -37.687  -21.398  10.444 0.3000000119
48689  -37.981  -21.475  9.670 0.3000000119
49781  -38.567  -20.879  9.506 0.3000000119
49575  -54.421  -20.243  26.554 0.6999999881
48519  -53.933  -21.665  25.970 0.6999999881
119786  -52.616  -21.217  25.071 0.6999999881
50682  -42.982  -19.860  20.164 0.6999999881
124989  -41.752  -19.427  18.705 0.6999999881
111849  -42.294  -19.264  18.761 0.6999999881
50698  -43.441  -19.347  19.607 0.6999999881
105866  -46.776  -19.328  20.114 0.6999999881
125161  -46.189  -19.128  19.001 0.6999999881
49692  -39.072  -20.032  17.776 0.5000000000
51730  -42.801  -18.760  18.077 0.6999999881
51731  -43.596  -18.795  18.402 0.6999999881
51733  -45.147  -18.882  18.375 0.6999999881
51732  -44.324  -18.776  18.364 0.6999999881
50700  -45.901  -19.110  18.401 0.6999999881
50713  -46.558  -19.507  18.517 0.6999999881
51741  -41.526  -18.694  17.089 0.5000000000
112412  -43.096  -18.683  16.281 0.6999999881
51755  -43.848  -18.685  16.848 0.6999999881
107075  -43.720  -18.646  17.713 0.6999999881
50728  -46.278  -19.640  17.753 0.6999999881
107929  -38.685  -19.354  15.890 0.5000000000
50773  -42.003  -19.577  14.396 0.6000000238
51768  -43.194  -19.171  15.475 0.6999999881
50768  -36.913  -19.770  15.226 0.4000000060
50793  -41.927  -20.223  13.225 0.6000000238
50818  -42.416  -20.044  12.691 0.6000000238
49729  -43.889  -20.363  14.150 0.6000000238
49758  -37.293  -20.620  12.724 0.3000000119
50790  -38.438  -19.816  13.642 0.4000000060
49745  -38.100  -20.249  12.984 0.3000000119
106390  -37.998  -20.634  12.138 0.3000000119
49759  -38.798  -20.384  12.253 0.4000000060
49760  -39.677  -20.204  12.399 0.3000000119
50908  -42.827  -19.859  6.812 0.3000000119
111292  -43.052  -20.560  6.449 0.3000000119
48675  -36.548  -21.194  12.563 0.3000000119
49775  -38.064  -20.965  10.857 0.3000000119
50859  -39.749  -19.823  10.189 0.3000000119
50882  -40.295  -19.482  8.886 0.3000000119
51866  -42.022  -18.601  8.128 0.3000000119
50894  -43.171  -19.056  7.171 0.3000000119
127275  -43.536  -19.498  6.752 0.3000000119
49812  -43.679  -20.920  6.097 0.3000000119
49813  -44.344  -20.250  6.161 0.3000000119
48731  -45.035  -21.362  5.562 0.3000000119
46775  -44.686  -23.581  5.281 0.3000000119
48520  -54.516  -21.277  25.476 0.8000000119
48540  -54.273  -21.410  24.981 0.6999999881
48542  -55.175  -21.330  24.092 0.5000000000
50644  -56.457  -19.722  22.873 0.6000000238
49619  -52.331  -20.728  23.755 0.6999999881
49683  -47.433  -21.066  18.190 0.6999999881
51766  -41.592  -18.697  15.832 0.6999999881
50772  -40.576  -19.363  14.419 0.4000000060
50771  -39.597  -19.353  14.544 0.4000000060
115173  -41.426  -19.841  13.836 0.5000000000
50792  -40.622  -19.875  13.510 0.4000000060
49730  -44.489  -20.510  14.347 0.6999999881
50770  -38.597  -19.492  14.495 0.4000000060
50791  -39.879  -19.969  13.204 0.3000000119
50816  -40.594  -20.120  12.602 0.3000000119
50843  -41.607  -19.362  11.506 0.3000000119
50844  -42.254  -19.470  11.941 0.5000000000
50845  -42.931  -19.481  12.213 0.5000000000
122467  -40.475  -19.744  11.219 0.3000000119
50842  -40.907  -19.809  11.756 0.3000000119
50861  -41.019  -19.334  10.964 0.3000000119
51831  -41.687  -18.787  10.729 0.3000000119
110438  -42.352  -18.431  10.595 0.3000000119
51797  -44.247  -18.757  11.933 0.5000000000
51830  -41.071  -18.946  10.031 0.3000000119
51846  -41.982  -18.392  9.834 0.3000000119
51856  -42.620  -18.033  8.489 0.3000000119
106355  -41.953  -18.280  8.903 0.3000000119
52752  -42.838  -18.047  10.087 0.3000000119
51868  -43.643  -18.414  7.542 0.3000000119
52777  -43.920  -17.542  8.644 0.3000000119
51886  -44.720  -18.918  6.722 0.3000000119
51885  -43.941  -18.956  6.966 0.3000000119
49822  -45.200  -20.436  5.810 0.3000000119
50911  -44.960  -19.623  6.275 0.3000000119
105511  -45.858  -21.102  5.458 0.3000000119
46776  -45.470  -23.546  4.886 0.3000000119
52792  -45.550  -17.742  7.712 0.3000000119
51887  -45.662  -18.960  6.497 0.3000000119
50922  -46.137  -20.273  5.681 0.3000000119
47683  -45.958  -22.877  4.815 0.3000000119
49823  -46.642  -20.931  5.389 0.3000000119
48587  -54.060  -22.655  21.439 0.6999999881
49654  -55.071  -20.976  21.689 0.6999999881
49705  -46.551  -21.020  16.594 0.6999999881
107160  -45.911  -20.779  16.041 0.6999999881
119448  -45.167  -20.709  14.156 0.6999999881
51832  -44.057  -18.142  11.062 0.5000000000
52778  -44.899  -17.483  8.347 0.3000000119
52766  -44.540  -17.402  9.269 0.3000000119
51889  -47.546  -18.685  6.670 0.4000000060
48602  -53.637  -22.245  20.828 0.6999999881
46682  -51.866  -23.690  20.863 0.8000000119
47577  -52.332  -23.402  20.732 0.8000000119
48601  -52.792  -22.777  20.579 0.8000000119
49665  -52.742  -21.302  20.450 0.6000000238
47575  -50.065  -23.593  20.423 0.8000000119
46689  -50.989  -24.033  19.965 0.8999999762
47576  -50.728  -23.997  20.232 0.8999999762
113278  -52.227  -22.069  20.260 0.8999999762
47585  -49.825  -23.456  19.306 0.8000000119
47586  -50.463  -23.534  19.433 0.8999999762
48621  -47.998  -21.868  18.532 0.6999999881
48622  -48.484  -22.847  18.129 0.6999999881
47584  -49.144  -23.248  18.662 0.6999999881
47595  -49.660  -23.094  17.750 0.8999999762
48628  -47.871  -22.093  17.690 0.6999999881
48658  -46.785  -21.416  15.181 0.6999999881
51798  -45.018  -18.777  12.147 0.5000000000
50822  -46.038  -19.346  12.804 0.6999999881
51799  -45.757  -18.775  12.253 0.5000000000
52740  -45.767  -17.910  11.211 0.5000000000
52755  -45.190  -17.413  9.921 0.5000000000
108498  -46.223  -17.247  8.993 0.3000000119
51872  -47.833  -18.212  7.357 0.4000000060
51873  -48.615  -18.321  7.521 0.4000000060
51722  -50.540  -18.591  19.250 0.6999999881
49696  -50.505  -21.697  17.746 1.0000000000
49684  -50.122  -20.713  18.122 0.8999999762
50715  -49.611  -19.699  18.152 0.8000000119
48637  -49.660  -22.483  16.711 0.8999999762
116965  -50.293  -22.087  16.725 0.8999999762
48659  -47.602  -21.442  15.142 0.6999999881
122994  -46.635  -18.075  11.470 0.5000000000
52741  -46.476  -17.585  10.696 0.4000000060
52743  -48.110  -18.128  11.308 0.4000000060
51820  -47.485  -18.350  11.842 0.6000000238
52768  -47.618  -17.427  9.448 0.4000000060
107975  -46.924  -17.320  9.250 0.4000000060
52783  -49.052  -17.940  8.909 0.4000000060
51874  -49.386  -18.503  7.647 0.4000000060
113516  -51.384  -20.741  16.867 0.8999999762
49719  -50.616  -21.342  15.873 0.8999999762
49736  -51.258  -20.675  15.543 1.0000000000
50760  -52.554  -20.055  15.752 1.0000000000
50777  -49.009  -19.576  13.727 0.6999999881
50824  -48.522  -19.074  12.950 0.6999999881
50779  -50.763  -19.802  14.472 1.0000000000
115571  -49.507  -18.919  12.799 0.6999999881
117590  -51.567  -19.525  14.056 1.0000000000
105533  -51.460  -19.145  13.048 0.8999999762
51821  -48.792  -18.394  11.573 0.5000000000
51803  -50.209  -18.672  12.165 0.6999999881
106255  -52.384  -19.224  13.009 0.8000000119
117160  -49.449  -18.376  11.159 0.5000000000
51822  -50.263  -18.457  10.785 0.6000000238
51824  -51.486  -18.699  11.545 0.6000000238
52770  -49.055  -17.908  9.582 0.5000000000
51835  -50.896  -18.572  10.102 0.6000000238
126612  -51.808  -18.691  10.953 0.6000000238
51837  -52.393  -18.828  10.582 0.6000000238
51875  -50.195  -18.752  7.742 0.4000000060
50873  -52.835  -19.140  9.225 0.5000000000
50874  -53.569  -19.245  9.388 0.5000000000
121647  -51.761  -17.580  15.159 0.6000000238
50828  -54.474  -19.392  12.489 0.8000000119
123087  -55.755  -19.224  15.656 0.8000000119
50848  -54.571  -19.354  11.711 0.6000000238
50887  -54.698  -19.573  8.554 0.5000000000
50864  -54.877  -19.362  10.132 0.5000000000
50865  -55.906  -19.466  10.491 0.5000000000
52704  -51.971  -17.200  14.632 0.6000000238
52717  -51.226  -16.889  13.977 0.6999999881
52706  -53.948  -17.438  15.133 0.8000000119
53684  -52.136  -17.035  13.022 0.6000000238
52696  -55.669  -18.341  15.653 0.6999999881
107324  -54.089  -17.146  14.164 0.6999999881
51776  -56.064  -18.870  15.822 0.6999999881
50784  -57.090  -19.096  15.564 0.6999999881
108144  -57.274  -19.308  14.979 0.6999999881
52710  -57.891  -18.383  15.172 0.6000000238
106050  -58.028  -19.238  14.669 0.6000000238
50830  -57.093  -19.501  13.835 0.6999999881
50829  -56.050  -19.526  12.956 0.6000000238
50807  -58.892  -18.972  14.499 0.6000000238
106248  -58.110  -19.405  13.660 0.5000000000
51789  -59.300  -18.627  14.153 0.4000000060
108772  -58.929  -19.652  12.167 0.5000000000
50868  -59.446  -19.961  11.477 0.4000000060
126510  -57.541  -20.346  8.880 0.4000000060
53683  -50.073  -16.521  12.545 0.6999999881
53693  -51.196  -16.424  10.933 0.6999999881
52744  -52.287  -16.821  11.400 0.6999999881
52745  -53.187  -17.099  11.701 0.6999999881
52731  -54.554  -17.152  13.125 0.6999999881
53694  -52.801  -16.796  10.708 0.6999999881
121200  -55.786  -17.308  12.436 0.6000000238
53699  -53.279  -16.670  9.940 0.6000000238
119465  -54.601  -17.301  11.073 0.6000000238
52748  -56.590  -17.456  12.094 0.6000000238
52750  -59.187  -17.929  12.914 0.6999999881
52723  -59.532  -18.320  13.851 0.6999999881
113963  -58.122  -17.816  11.550 0.6000000238
50832  -60.350  -19.020  13.075 0.5000000000
51806  -60.458  -18.924  12.885 0.6999999881
124602  -58.155  -17.958  10.638 0.6000000238
52785  -56.919  -17.254  8.730 0.6000000238
53714  -56.017  -15.731  7.708 0.6000000238
50833  -60.624  -19.002  12.613 0.6000000238
50869  -60.288  -19.965  11.663 0.4000000060
51852  -59.502  -18.561  9.901 0.6999999881
54680  -48.761  -15.496  12.253 0.6000000238
54693  -49.734  -15.512  10.792 0.6999999881
55713  -51.268  -14.566  9.689 0.6999999881
54704  -51.889  -14.881  9.136 0.6999999881
106025  -53.564  -13.127  11.883 0.6000000238
105802  -52.822  -16.032  9.247 0.6999999881
53709  -54.354  -16.080  8.512 0.6000000238
54710  -55.068  -15.674  7.921 0.6000000238
55727  -56.057  -14.161  7.558 0.6000000238
56778  -55.486  -13.596  8.209 0.6000000238
35532  -20.717  -35.854  30.858 0.1000000015
34738  -20.643  -36.565  31.284 0.1000000015
35545  -21.457  -35.627  30.496 0.1000000015
32227  -22.932  -39.722  33.877 0.1000000015
33040  -22.072  -38.175  32.512 0.1000000015
30566  -23.543  -41.455  35.132 0.1000000015
33930  -21.285  -37.744  31.942 0.1000000015
30565  -22.963  -41.843  34.903 0.1000000015
33943  -21.455  -37.075  31.544 0.1000000015
33942  -20.600  -37.225  31.618 0.1000000015
29671  -22.197  -42.090  34.661 0.1000000015
32237  -22.380  -39.265  33.387 0.1000000015
31466  -23.414  -40.149  34.455 0.1000000015
30580  -23.174  -41.042  34.639 0.1000000015
31465  -22.535  -40.659  34.126 0.1000000015
33027  -21.741  -38.881  32.844 0.1000000015
33039  -20.955  -38.452  32.336 0.1000000015
124724  -22.534  -41.416  34.485 0.1000000015
29670  -21.454  -42.147  34.495 0.1000000015
36328  -22.188  -35.349  30.148 0.1000000015
36342  -22.134  -34.660  29.661 0.1000000015
31475  -22.050  -40.072  33.595 0.1000000015
125593  -21.740  -40.746  33.782 0.1000000015
30579  -21.774  -41.437  34.174 0.1000000015
30578  -20.868  -41.727  34.186 0.1000000015
122233  -22.953  -34.453  29.509 0.1000000015
31474  -21.200  -40.353  33.459 0.1000000015
32236  -21.444  -39.612  33.163 0.1000000015
33026  -20.684  -39.180  32.742 0.1000000015
31463  -20.234  -41.201  33.932 0.1000000015
31464  -21.050  -41.052  33.757 0.1000000015
31462  -19.312  -41.110  34.341 0.1000000015
32235  -20.420  -39.930  33.188 0.1000000015
31473  -20.454  -40.586  33.566 0.1000000015
31472  -19.768  -40.630  33.766 0.1000000015
30564  -18.538  -41.633  35.542 0.1000000015
30576  -19.144  -41.770  34.853 0.1000000015
36327  -21.374  -34.931  30.006 0.1000000015
119105  -23.755  -33.360  28.672 0.1000000015
113401  -18.570  -39.046  34.703 0.1000000015
33024  -18.847  -39.114  33.764 0.1000000015
32234  -19.462  -39.972  33.575 0.1000000015
33025  -19.697  -39.303  33.003 0.1000000015
33037  -19.126  -38.596  32.989 0.1000000015
126153  -20.021  -40.316  33.452 0.1000000015
33038  -19.970  -38.619  32.506 0.1000000015
32226  -19.140  -40.436  34.109 0.1000000015
33929  -20.092  -37.826  31.981 0.1000000015
118317  -19.411  -38.084  32.520 0.1000000015
31461  -18.705  -40.483  34.802 0.1000000015
121138  -18.454  -40.685  35.770 0.1000000015
30575  -18.728  -41.139  35.019 0.1000000015
29659  -19.079  -42.513  35.333 0.1000000015
37248  -22.837  -33.305  28.639 0.1000000015
118647  -23.445  -32.777  28.273 0.1000000015
38129  -24.792  -31.998  27.529 0.1000000015
39132  -26.008  -31.327  26.223 0.1000000015
40173  -26.217  -30.425  25.751 0.1000000015
40200  -28.416  -30.223  25.296 0.1000000015
39133  -29.781  -30.980  25.708 0.1000000015
39135  -30.937  -32.224  26.564 0.1000000015
109505  -18.644  -38.186  33.817 0.1000000015
32225  -18.745  -39.809  34.353 0.1000000015
127342  -18.850  -37.925  32.977 0.1000000015
32218  -18.532  -39.681  35.392 0.1000000015
33941  -19.800  -36.753  31.733 0.1000000015
117538  -20.042  -35.953  31.315 0.1000000015
37225  -22.266  -33.878  29.147 0.1000000015
118045  -18.209  -41.492  36.425 0.1000000015
37247  -22.023  -33.052  28.804 0.1000000015
38128  -23.935  -31.514  27.461 0.1000000015
38110  -24.138  -32.355  27.903 0.1000000015
39114  -24.562  -31.296  27.084 0.1000000015
40199  -27.698  -30.250  25.252 0.1000000015
122773  -30.910  -32.862  26.099 0.1000000015
39118  -31.402  -32.376  27.368 0.1000000015
38151  -31.402  -32.934  26.757 0.1000000015
38113  -31.820  -32.658  28.138 0.1000000015
38133  -32.119  -33.276  28.099 0.1000000015
37265  -32.086  -33.805  27.692 0.1000000015
37264  -31.683  -33.700  26.981 0.1000000015
37253  -32.499  -33.878  28.502 0.1000000015
126433  -18.604  -38.641  34.302 0.1000000015
116145  -18.529  -38.812  35.464 0.1000000015
118706  -18.544  -38.201  35.602 0.1000000015
33008  -18.557  -38.518  36.060 0.1000000015
33015  -18.547  -38.278  34.815 0.1000000015
32212  -18.557  -39.151  36.202 0.1000000015
33911  -18.554  -37.484  34.426 0.1000000015
115520  -18.497  -39.908  36.405 0.1000000015
33928  -19.123  -37.283  32.474 0.1000000015
33927  -18.651  -37.320  33.494 0.1000000015
31446  -18.366  -40.633  36.975 0.1000000015
36341  -21.388  -34.101  29.664 0.1000000015
38109  -22.454  -32.510  28.465 0.1000000015
39101  -23.029  -31.869  27.927 0.1000000015
39131  -24.835  -30.670  26.654 0.1000000015
116902  -32.106  -35.242  27.542 0.1000000015
39103  -31.389  -31.937  28.134 0.1000000015
36368  -32.340  -34.595  27.932 0.1000000015
38091  -31.823  -32.255  29.024 0.1000000015
38114  -32.275  -33.046  28.764 0.1000000015
106308  -31.308  -31.603  28.859 0.1000000015
38092  -32.423  -32.805  29.568 0.1000000015
37232  -33.113  -33.901  29.914 0.1000000015
36347  -32.922  -34.336  29.231 0.1000000015
37214  -32.806  -33.254  29.945 0.1000000015
36348  -33.383  -34.972  29.936 0.1000000015
36333  -33.569  -34.162  30.647 0.1000000015
33899  -18.672  -37.836  36.269 0.1000000015
32999  -18.716  -38.619  36.752 0.1000000015
33898  -19.571  -37.914  37.816 0.1000000015
33905  -18.572  -37.600  35.317 0.1000000015
32992  -20.120  -38.803  38.903 0.1000000015
32206  -18.724  -39.419  37.231 0.1000000015
32994  -19.233  -38.725  37.754 0.1000000015
34700  -18.729  -36.913  35.746 0.1000000015
120442  -18.523  -39.991  37.074 0.1000000015
123544  -18.600  -36.599  34.164 0.1000000015
34726  -19.146  -36.291  32.326 0.1000000015
34714  -18.742  -36.508  33.153 0.1000000015
116558  -20.202  -35.243  30.983 0.1000000015
127538  -19.547  -35.947  31.789 0.1000000015
36326  -20.769  -34.378  30.217 0.1000000015
35544  -20.767  -35.142  30.494 0.1000000015
36357  -32.713  -34.844  28.597 0.1000000015
109978  -32.453  -35.567  28.083 0.1000000015
34769  -32.889  -37.315  28.958 0.1000000015
35564  -32.823  -35.878  28.737 0.1000000015
33982  -33.351  -38.982  29.045 0.1000000015
36358  -33.048  -35.151  29.165 0.1000000015
34761  -33.338  -37.522  29.681 0.1000000015
33958  -33.873  -39.026  30.400 0.1000000015
37215  -33.163  -33.372  30.519 0.1000000015
34753  -34.025  -37.379  31.146 0.1000000015
33959  -34.178  -38.620  31.156 0.1000000015
36323  -34.359  -34.827  31.741 0.1000000015
35550  -34.114  -36.316  31.219 0.1000000015
125891  -34.302  -37.978  31.609 0.1000000015
35525  -35.075  -36.423  32.589 0.1000000015
34733  -35.111  -37.624  32.521 0.1000000015
33892  -21.994  -38.007  41.536 0.1000000015
34685  -21.795  -37.954  40.643 0.1000000015
33891  -21.589  -38.589  41.156 0.1000000015
33895  -20.451  -38.060  38.938 0.1000000015
116905  -18.934  -37.177  36.522 0.1000000015
32993  -20.919  -38.880  39.897 0.1000000015
34701  -19.160  -36.509  36.463 0.1000000015
31437  -19.374  -40.617  39.270 0.1000000015
31440  -18.673  -40.154  37.893 0.1000000015
32204  -19.602  -39.657  38.838 0.1000000015
35509  -18.759  -35.832  33.681 0.1000000015
35519  -19.316  -35.345  32.337 0.1000000015
114506  -18.901  -35.795  32.917 0.1000000015
30556  -18.104  -41.458  37.353 0.1000000015
35531  -19.718  -35.239  31.581 0.1000000015
39113  -23.194  -30.919  27.588 0.1000000015
40147  -24.012  -30.569  27.063 0.1000000015
33065  -34.396  -39.326  30.485 0.1000000015
33080  -33.995  -39.561  29.252 0.1000000015
33055  -34.740  -39.104  31.382 0.1000000015
33066  -35.021  -39.299  31.057 0.1000000015
33081  -34.368  -39.544  29.655 0.1000000015
37205  -33.647  -33.498  31.304 0.1000000015
33067  -35.684  -39.048  31.666 0.1000000015
127601  -34.755  -35.361  32.297 0.1000000015
33937  -36.376  -38.462  32.733 0.1000000015
33056  -36.368  -38.723  32.182 0.1000000015
34734  -35.733  -37.301  33.091 0.1000000015
33936  -35.646  -38.294  32.672 0.1000000015
33938  -37.118  -38.133  32.989 0.1000000015
33883  -22.030  -37.643  41.959 0.1000000015
34680  -21.365  -37.640  41.984 0.1000000015
107830  -21.505  -38.271  41.497 0.1000000015
34690  -19.943  -37.085  38.050 0.1000000015
125644  -21.113  -39.804  41.107 0.1000000015
32201  -20.844  -39.683  40.444 0.1000000015
32989  -21.311  -39.190  40.886 0.1000000015
34697  -20.297  -36.233  38.021 0.1000000015
109138  -19.366  -37.082  37.157 0.1000000015
31438  -20.549  -40.549  40.488 0.1000000015
35495  -19.499  -35.648  36.441 0.1000000015
34704  -18.663  -36.318  34.992 0.1000000015
35499  -19.342  -35.203  35.670 0.1000000015
36318  -19.970  -34.518  31.264 0.1000000015
37212  -20.307  -33.938  30.766 0.1000000015
37224  -20.796  -33.430  30.051 0.1000000015
37246  -21.461  -33.226  29.332 0.1000000015
39100  -22.243  -31.794  28.445 0.1000000015
33971  -35.224  -39.146  29.750 0.1000000015
33099  -34.757  -39.495  29.421 0.1000000015
33962  -36.995  -38.001  31.717 0.1000000015
33949  -37.300  -38.120  32.684 0.2000000030
34755  -37.746  -37.189  30.944 0.2000000030
33923  -37.015  -37.943  33.190 0.1000000015
124727  -38.040  -37.741  32.843 0.2000000030
127089  -38.392  -37.675  32.705 0.2000000030
34747  -40.217  -37.160  32.321 0.2000000030
34722  -38.027  -36.798  33.400 0.1000000015
33925  -38.688  -37.322  33.024 0.1000000015
34735  -41.093  -36.566  33.277 0.2000000030
34748  -41.691  -36.719  32.930 0.2000000030
36253  -16.447  -34.999  41.279 0.1000000015
106769  -17.130  -35.049  40.520 0.1000000015
35472  -17.546  -35.831  40.275 0.1000000015
35473  -18.683  -36.112  40.393 0.1000000015
34678  -18.844  -37.041  40.523 0.1000000015
34679  -19.978  -37.168  41.288 0.1000000015
124627  -20.896  -36.816  41.969 0.1000000015
107861  -19.614  -37.999  40.924 0.1000000015
108936  -20.947  -38.868  41.374 0.1000000015
33886  -20.918  -38.160  41.655 0.1000000015
32985  -21.183  -39.103  41.102 0.1000000015
34686  -22.243  -37.483  41.098 0.1000000015
34691  -20.895  -36.158  38.731 0.1000000015
113039  -20.862  -37.218  39.161 0.1000000015
35490  -20.070  -35.451  37.186 0.1000000015
106364  -19.243  -34.964  34.998 0.1000000015
35510  -19.084  -35.067  33.253 0.1000000015
36317  -19.656  -34.562  31.990 0.1000000015
122506  -20.364  -34.630  30.723 0.1000000015
38089  -21.130  -32.690  29.684 0.1000000015
39112  -22.497  -31.122  28.136 0.1000000015
127263  -36.430  -37.384  29.821 0.2000000030
34764  -37.323  -36.665  29.786 0.2000000030
35567  -37.751  -35.342  28.392 0.2000000030
37206  -34.230  -33.999  31.890 0.2000000030
36311  -35.326  -35.329  33.018 0.1000000015
34756  -39.638  -36.717  31.077 0.2000000030
124700  -39.693  -35.580  29.376 0.2000000030
127152  -38.882  -35.842  29.554 0.2000000030
34720  -36.541  -36.852  33.531 0.2000000030
34757  -41.034  -36.489  31.487 0.2000000030
35551  -39.716  -36.176  30.241 0.2000000030
34723  -39.153  -36.693  33.293 0.2000000030
34736  -41.925  -36.028  33.196 0.2000000030
34749  -42.526  -36.046  32.782 0.2000000030
34758  -42.614  -36.181  32.291 0.2000000030
36247  -16.963  -34.179  40.930 0.1000000015
125255  -17.470  -34.633  40.408 0.1000000015
36254  -18.015  -35.080  40.124 0.1000000015
114911  -18.692  -34.547  40.193 0.1000000015
107720  -18.925  -35.275  40.378 0.1000000015
36255  -19.591  -34.902  40.654 0.1000000015
34673  -21.805  -36.862  42.343 0.1000000015
35474  -19.871  -35.920  41.113 0.1000000015
35475  -21.087  -35.975  42.035 0.1000000015
34674  -22.438  -36.997  42.119 0.1000000015
35479  -22.491  -36.396  40.859 0.1000000015
35485  -21.410  -35.483  38.882 0.1000000015
36281  -19.945  -34.749  36.358 0.1000000015
126607  -19.292  -34.587  33.867 0.1000000015
36302  -19.492  -34.316  33.258 0.1000000015
37204  -20.034  -33.716  31.643 0.1000000015
112433  -20.446  -33.104  30.908 0.1000000015
38076  -20.835  -32.571  30.348 0.1000000015
38090  -21.595  -32.263  28.955 0.1000000015
38077  -21.199  -32.018  29.830 0.1000000015
39099  -21.895  -31.297  28.749 0.1000000015
39089  -21.526  -31.502  29.362 0.1000000015
40145  -22.776  -30.368  27.904 0.1000000015
35569  -40.781  -35.315  29.262 0.2000000030
36361  -39.565  -34.954  28.402 0.2000000030
35515  -38.292  -36.246  33.471 0.2000000030
35527  -40.460  -35.924  33.275 0.2000000030
35561  -42.580  -35.135  31.303 0.2000000030
35528  -41.278  -35.951  33.484 0.2000000030
36337  -42.376  -35.196  32.013 0.2000000030
34750  -42.884  -35.869  32.458 0.2000000030
36338  -42.753  -35.505  32.018 0.2000000030
113177  -41.927  -35.371  32.692 0.2000000030
37112  -16.982  -33.274  41.398 0.1000000015
118610  -17.810  -34.260  40.242 0.1000000015
37122  -17.615  -33.432  40.432 0.1000000015
37123  -18.463  -33.846  39.983 0.1000000015
36256  -20.441  -35.231  41.374 0.1000000015
105586  -20.310  -34.563  40.990 0.1000000015
35467  -21.833  -35.842  42.442 0.1000000015
36248  -21.391  -34.804  41.977 0.1000000015
35468  -22.581  -36.230  42.448 0.1000000015
126320  -22.925  -36.602  42.034 0.1000000015
36249  -22.441  -35.216  42.564 0.1000000015
35476  -23.180  -36.318  41.949 0.1000000015
35480  -23.037  -35.552  41.203 0.1000000015
36275  -21.115  -34.731  37.933 0.1000000015
36268  -21.767  -34.579  38.550 0.1000000015
36274  -20.568  -34.743  37.207 0.1000000015
36287  -19.698  -34.513  35.409 0.1000000015
37160  -20.681  -34.142  36.583 0.1000000015
37167  -20.049  -33.837  34.923 0.1000000015
108543  -19.704  -34.016  34.019 0.1000000015
37180  -20.231  -33.387  34.150 0.1000000015
37189  -19.912  -33.630  33.300 0.1000000015
37190  -20.441  -32.879  33.390 0.1000000015
38066  -20.458  -32.707  31.741 0.1000000015
38055  -20.500  -32.624  32.583 0.1000000015
39077  -21.317  -31.255  30.920 0.1000000015
39084  -21.392  -31.311  30.071 0.1000000015
40098  -21.730  -30.589  30.399 0.1000000015
40112  -21.822  -30.681  29.406 0.1000000015
40125  -22.280  -30.495  28.577 0.1000000015
106793  -54.614  -19.196  20.866 0.3000000119
36351  -41.787  -34.893  29.233 0.2000000030
36362  -40.648  -34.660  28.347 0.2000000030
36352  -42.732  -34.754  30.178 0.2000000030
36363  -42.542  -34.442  29.065 0.2000000030
37257  -42.317  -34.079  28.096 0.2000000030
111006  -40.181  -34.925  32.339 0.2000000030
37239  -42.304  -33.527  30.467 0.2000000030
36353  -42.655  -34.434  30.580 0.2000000030
36354  -43.184  -33.581  29.914 0.2000000030
37218  -40.519  -34.061  30.820 0.2000000030
38097  -42.479  -32.633  29.921 0.2000000030
39096  -43.796  -31.688  29.492 0.2000000030
38154  -45.994  -32.076  27.309 0.2000000030
115913  -41.720  -31.435  28.684 0.2000000030
39107  -42.622  -31.485  29.242 0.2000000030
115000  -44.740  -29.870  26.311 0.2000000030
40208  -47.133  -29.651  25.345 0.2000000030
40207  -45.510  -29.819  25.318 0.2000000030
41214  -41.243  -29.410  21.256 0.2000000030
121981  -36.405  -27.403  19.686 0.2000000030
43893  -35.446  -26.355  19.453 0.3000000119
44841  -35.114  -25.732  19.150 0.3000000119
37258  -43.192  -34.028  28.842 0.2000000030
37270  -44.183  -33.310  28.272 0.2000000030
38099  -44.199  -32.236  29.415 0.2000000030
37242  -44.456  -32.645  29.217 0.2000000030
38140  -45.662  -31.683  28.363 0.2000000030
38096  -41.499  -32.605  29.746 0.2000000030
38121  -41.044  -31.932  28.998 0.2000000030
39108  -43.388  -31.208  29.295 0.2000000030
40132  -44.870  -30.486  28.752 0.2000000030
39128  -45.834  -30.418  28.047 0.2000000030
39142  -46.696  -30.308  27.061 0.2000000030
40153  -42.021  -30.367  27.683 0.2000000030
40185  -44.396  -29.914  27.274 0.2000000030
40186  -45.882  -29.860  27.064 0.2000000030
46687  -36.101  -23.633  20.678 0.4000000060
41141  -42.219  -29.587  26.616 0.2000000030
41142  -43.291  -29.724  26.528 0.2000000030
41187  -43.774  -29.712  24.375 0.2000000030
41201  -42.283  -29.536  23.502 0.2000000030
45771  -35.261  -24.660  20.114 0.4000000060
41200  -40.946  -29.340  23.433 0.2000000030
41208  -41.123  -29.529  22.352 0.2000000030
106272  -40.048  -29.272  21.422 0.2000000030
44832  -35.200  -25.733  19.776 0.4000000060
121383  -40.234  -29.189  22.974 0.2000000030
42150  -39.349  -28.879  22.057 0.2000000030
106824  -39.355  -28.982  21.109 0.2000000030
42159  -37.827  -28.242  20.166 0.2000000030
42160  -38.615  -28.582  20.689 0.2000000030
48400  -48.228  -21.326  32.765 0.2000000030
37237  -39.436  -33.768  30.207 0.2000000030
37256  -39.228  -33.091  29.297 0.2000000030
113089  -40.230  -31.882  28.585 0.2000000030
38095  -40.329  -32.491  29.191 0.2000000030
39106  -40.730  -31.361  28.246 0.2000000030
40152  -41.209  -30.030  27.102 0.2000000030
109450  -35.972  -24.054  21.121 0.4000000060
46679  -36.545  -23.518  21.153 0.4000000060
41140  -41.433  -29.603  26.540 0.2000000030
41164  -41.620  -29.358  25.824 0.2000000030
45772  -35.354  -24.570  20.949 0.4000000060
116962  -41.606  -29.274  25.004 0.2000000030
109080  -41.293  -29.290  24.330 0.2000000030
44831  -35.067  -25.378  20.408 0.4000000060
42151  -40.146  -29.264  22.208 0.2000000030
43021  -37.105  -27.830  20.771 0.2000000030
107102  -37.050  -27.815  19.876 0.2000000030
43880  -35.796  -26.900  19.913 0.2000000030
43020  -36.398  -27.405  20.382 0.2000000030
50539  -49.143  -20.079  31.161 0.2000000030
49475  -48.859  -20.701  31.930 0.3000000119
50550  -49.031  -20.236  30.904 0.2000000030
48472  -46.206  -22.136  28.712 0.5000000000
38120  -39.475  -32.226  28.545 0.2000000030
38137  -38.914  -31.794  27.924 0.2000000030
39124  -39.364  -31.060  27.413 0.2000000030
40182  -40.292  -30.049  26.710 0.2000000030
39125  -40.349  -30.671  27.473 0.2000000030
41163  -40.799  -29.437  25.945 0.2000000030
41185  -40.804  -29.289  25.109 0.2000000030
124506  -34.956  -24.982  20.807 0.5000000000
42127  -40.378  -29.167  24.254 0.2000000030
123752  -39.947  -29.044  23.578 0.2000000030
42149  -38.570  -28.506  21.780 0.2000000030
106170  -37.832  -28.176  21.216 0.2000000030
121555  -49.151  -19.494  30.990 0.2000000030
50563  -47.795  -19.033  29.774 0.1000000015
51613  -46.821  -18.735  28.652 0.1000000015
50549  -47.994  -19.865  30.344 0.1000000015
50562  -46.511  -19.709  28.463 0.2000000030
50576  -46.362  -19.340  27.635 0.3000000119
49543  -46.250  -20.376  27.881 0.4000000060
49572  -46.780  -19.927  26.971 0.3000000119
49556  -48.518  -20.972  27.283 0.3000000119
50590  -50.895  -20.177  27.658 0.3000000119
106924  -51.586  -21.570  27.821 0.4000000060
125895  -51.538  -20.828  28.022 0.3000000119
47495  -47.941  -23.121  27.176 0.5000000000
45729  -47.661  -24.658  26.752 0.8000000119
47496  -49.711  -22.781  26.677 0.6000000238
49585  -55.330  -20.349  25.121 0.5000000000
46620  -48.825  -23.476  26.668 0.8000000119
49667  -54.437  -20.319  21.095 0.4000000060
46630  -49.199  -23.417  26.383 0.8000000119
44810  -32.095  -25.560  25.393 0.6999999881
44812  -33.875  -25.274  25.701 0.6999999881
111192  -31.488  -28.425  24.861 0.6000000238
44814  -31.528  -25.941  24.711 0.6999999881
44811  -32.986  -25.306  25.132 0.5000000000
45744  -34.759  -24.758  25.287 0.6000000238
41177  -32.365  -29.266  24.871 0.5000000000
42102  -31.222  -27.752  24.177 0.6000000238
43853  -31.216  -26.511  24.099 0.5000000000
41178  -33.508  -29.715  24.618 0.4000000060
39123  -38.481  -31.373  27.287 0.3000000119
46663  -36.497  -23.810  23.360 0.6000000238
39140  -38.104  -30.911  26.674 0.3000000119
45769  -35.449  -24.275  21.828 0.5000000000
46671  -35.994  -23.921  22.591 0.6000000238
39141  -38.959  -30.632  26.856 0.2000000030
110975  -39.502  -30.088  26.421 0.2000000030
41162  -39.612  -29.438  25.364 0.2000000030
45768  -34.708  -24.807  21.465 0.5000000000
46678  -36.366  -23.780  21.799 0.6000000238
41139  -40.066  -29.590  26.062 0.2000000030
41183  -39.116  -29.239  24.658 0.2000000030
43878  -34.815  -25.844  20.917 0.4000000060
44826  -34.532  -25.443  21.270 0.4000000060
119737  -40.244  -29.387  25.474 0.2000000030
42107  -39.600  -29.051  24.106 0.2000000030
42126  -39.345  -28.906  23.525 0.2000000030
42140  -38.821  -28.644  22.563 0.2000000030
42148  -37.084  -27.943  21.571 0.2000000030
43005  -36.394  -27.485  21.137 0.2000000030
43019  -35.669  -26.964  20.706 0.2000000030
42141  -39.489  -28.900  22.916 0.2000000030
121547  -46.444  -18.659  27.145 0.2000000030
51653  -46.655  -18.475  26.777 0.3000000119
51656  -49.165  -19.019  26.956 0.3000000119
50588  -48.881  -20.025  27.102 0.3000000119
50589  -49.840  -19.827  27.319 0.1000000015
45743  -33.782  -24.860  24.722 0.6000000238
45745  -35.716  -24.560  25.399 0.6999999881
42103  -31.924  -28.474  24.057 0.4000000060
42974  -31.929  -27.330  22.964 0.5000000000
127738  -32.357  -25.492  23.767 0.5000000000
45755  -35.373  -24.346  24.643 0.6000000238
41179  -34.541  -29.709  24.365 0.4000000060
42104  -32.861  -28.980  23.936 0.4000000060
42119  -32.332  -28.218  23.313 0.4000000060
43858  -32.213  -26.481  22.728 0.5000000000
44819  -32.821  -25.221  23.161 0.5000000000
45753  -33.647  -24.673  23.700 0.6000000238
40215  -35.915  -30.124  24.858 0.4000000060
41196  -33.948  -29.225  23.815 0.4000000060
42120  -33.341  -28.541  23.239 0.4000000060
43859  -32.858  -26.275  22.269 0.5000000000
45759  -34.544  -24.356  23.271 0.5000000000
41197  -35.009  -29.203  23.777 0.4000000060
42122  -35.523  -28.602  23.208 0.4000000060
44822  -33.227  -25.552  22.275 0.5000000000
45758  -33.683  -24.810  22.707 0.5000000000
41160  -37.474  -29.457  24.544 0.3000000119
41198  -35.998  -29.121  23.814 0.3000000119
119084  -36.388  -28.687  23.377 0.4000000060
43860  -33.486  -26.727  21.967 0.5000000000
45764  -34.517  -24.570  22.287 0.5000000000
40206  -38.448  -29.869  25.630 0.3000000119
41182  -38.311  -29.162  24.263 0.3000000119
41199  -36.991  -28.988  23.819 0.3000000119
42123  -37.029  -28.503  23.140 0.2000000030
43868  -34.090  -26.113  21.440 0.4000000060
41138  -39.221  -29.727  25.847 0.2000000030
114330  -38.880  -28.728  23.179 0.2000000030
43004  -35.516  -27.295  21.505 0.2000000030
43869  -34.934  -26.482  21.089 0.4000000060
42106  -38.853  -28.929  23.813 0.2000000030
106841  -38.291  -28.444  22.443 0.2000000030
124329  -36.397  -27.754  21.777 0.2000000030
118447  -37.769  -28.212  22.053 0.2000000030
52556  -46.777  -17.403  28.522 0.1000000015
118552  -46.680  -17.674  26.764 0.1000000015
51655  -48.313  -18.574  26.608 0.3000000119
51639  -50.302  -19.090  27.334 0.2000000030
50626  -55.323  -19.615  24.946 0.4000000060
42975  -32.814  -27.805  22.724 0.4000000060
42121  -34.419  -28.661  23.225 0.4000000060
42985  -32.676  -27.022  22.424 0.4000000060
126882  -33.339  -27.426  22.353 0.4000000060
42137  -35.566  -28.142  22.604 0.3000000119
42986  -34.129  -27.511  22.189 0.4000000060
43867  -33.395  -26.068  21.860 0.4000000060
42124  -37.691  -28.720  23.473 0.2000000030
42988  -35.995  -27.886  22.216 0.2000000030
43003  -34.460  -26.944  21.645 0.3000000119
42139  -37.799  -28.435  22.832 0.2000000030
42138  -36.932  -28.151  22.366 0.2000000030
42105  -38.201  -28.900  23.740 0.2000000030
42125  -38.320  -28.693  23.315 0.2000000030
126996  -38.432  -28.556  22.879 0.2000000030
52591  -46.633  -17.029  26.894 0.1000000015
52593  -47.981  -17.781  26.397 0.1000000015
51640  -50.703  -18.365  27.309 0.2000000030
119229  -52.131  -19.028  27.482 0.2000000030
51641  -51.369  -18.040  27.214 0.2000000030
53473  -47.722  -15.317  29.663 0.1000000015
53486  -46.714  -15.634  28.112 0.1000000015
52592  -47.224  -17.071  26.561 0.1000000015
52594  -48.955  -17.272  26.766 0.1000000015
119536  -52.868  -18.059  26.472 0.2000000030
51666  -54.548  -19.004  25.238 0.3000000119
51674  -55.760  -19.376  24.126 0.5000000000
49655  -56.035  -20.459  21.874 0.4000000060
53519  -47.024  -16.162  26.880 0.1000000015
53521  -48.590  -16.207  26.678 0.1000000015
53523  -50.450  -16.585  27.317 0.1000000015
53507  -52.025  -16.072  26.770 0.1000000015
52595  -49.886  -17.205  27.196 0.1000000015
52574  -51.698  -17.146  26.958 0.2000000030
52597  -52.650  -17.085  26.432 0.2000000030
52613  -53.766  -17.325  25.223 0.2000000030
119535  -53.451  -18.186  25.945 0.2000000030
52626  -54.315  -18.050  24.770 0.3000000119
51684  -56.206  -19.173  23.324 0.5000000000
119359  -53.937  -18.380  25.414 0.2000000030
50674  -56.410  -18.908  21.887 0.3000000119
53524  -52.545  -16.132  26.394 0.2000000030
51673  -54.968  -18.683  24.411 0.4000000060
52639  -55.586  -17.041  23.349 0.3000000119
50693  -55.528  -18.819  21.164 0.3000000119
54442  -51.809  -15.276  26.887 0.1000000015
53525  -52.975  -16.342  26.042 0.2000000030
52627  -54.850  -17.655  24.083 0.1000000015
54457  -53.002  -15.460  25.998 0.1000000015
123968  -54.377  -17.134  24.594 0.1000000015
56728  -52.326  -13.127  12.003 0.6000000238
106470  -52.909  -13.142  11.658 0.5000000000
56708  -53.329  -13.172  13.325 0.5000000000
51714  -52.710  -18.832  20.359 0.5000000000
56747  -50.799  -13.801  10.763 0.6000000238
106200  -50.634  -13.574  11.516 0.5000000000
113305  -51.743  -13.154  12.384 0.5000000000
124931  -51.138  -14.051  10.146 0.6000000238
56748  -51.489  -13.342  11.468 0.5000000000
56707  -52.391  -13.115  13.077 0.5000000000
51717  -55.722  -17.843  21.000 0.3000000119
55709  -49.918  -14.142  11.231 0.5000000000
56727  -51.002  -13.300  12.285 0.5000000000
56726  -50.143  -13.586  12.186 0.4000000060
54691  -48.636  -14.915  12.290 0.4000000060
56725  -49.416  -13.983  12.222 0.3000000119
123208  -49.766  -13.493  13.227 0.3000000119
56705  -50.589  -13.212  13.259 0.3000000119
57645  -51.056  -12.782  14.235 0.3000000119
56706  -51.472  -13.113  13.201 0.5000000000
56685  -52.805  -13.140  14.095 0.5000000000
56709  -54.305  -13.206  13.333 0.5000000000
56683  -50.173  -12.908  14.680 0.3000000119
57629  -50.267  -12.471  16.394 0.3000000119
57630  -51.466  -12.373  15.016 0.3000000119
56684  -51.939  -12.886  14.051 0.5000000000
48483  -46.880  -22.143  27.488 0.4000000060
116966  -50.250  -22.249  27.010 0.5000000000
49555  -47.045  -20.921  27.238 0.5000000000
125067  -46.171  -21.690  27.997 0.4000000060
49509  -48.110  -20.610  30.706 0.2000000030
49494  -49.111  -21.036  30.990 0.3000000119
48436  -47.606  -21.406  30.514 0.3000000119
48418  -48.921  -21.802  30.973 0.3000000119
49528  -46.476  -20.478  28.772 0.3000000119
49554  -46.505  -20.127  27.409 0.3000000119
108677  -46.352  -21.221  27.808 0.4000000060
47493  -46.618  -23.580  27.895 0.5000000000
40172  -25.315  -29.914  26.231 0.1000000015
36349  -38.519  -34.058  30.482 0.2000000030
39134  -30.414  -31.539  26.182 0.1000000015
36314  -40.634  -35.709  33.245 0.2000000030
36350  -39.631  -34.347  31.090 0.2000000030
40180  -37.798  -30.438  26.040 0.3000000119
116038  -37.660  -36.524  33.545 0.1000000015
40213  -34.240  -30.140  24.864 0.4000000060
35526  -35.760  -36.338  33.293 0.1000000015
122099  -30.768  -27.428  25.614 0.6999999881
43851  -30.967  -26.431  24.966 0.6999999881
42958  -30.881  -27.580  24.932 0.6999999881
45761  -35.915  -24.060  24.069 0.6999999881
46672  -36.868  -23.640  22.495 0.6999999881
48401  -48.755  -21.659  31.639 0.3000000119
47468  -47.725  -22.574  30.674 0.6999999881
48435  -46.658  -21.980  29.937 0.6000000238
48482  -46.354  -22.345  27.921 0.5000000000
106383  -51.299  -19.113  27.513 0.2000000030
47494  -47.023  -23.370  27.529 0.6999999881
49558  -50.997  -21.371  27.805 0.5000000000
45730  -48.396  -24.055  26.437 0.8000000119
125138  -51.817  -18.089  27.039 0.2000000030
117495  -51.861  -18.713  20.009 0.5000000000
40205  -36.765  -30.045  25.041 0.3000000119
49510  -48.932  -21.261  30.920 0.4000000060
108491  -53.714  -13.124  12.656 0.5000000000
39115  -25.292  -31.559  26.889 0.1000000015
121246  -25.507  -30.777  26.314 0.1000000015
38132  -31.790  -33.097  27.479 0.1000000015
37231  -32.689  -33.521  29.319 0.1000000015
36334  -33.960  -35.200  30.972 0.1000000015
36322  -33.975  -34.294  31.288 0.1000000015
33900  -19.052  -37.611  36.973 0.1000000015
33000  -18.976  -38.124  37.121 0.1000000015
34705  -18.995  -36.028  35.715 0.1000000015
35557  -33.199  -36.095  29.454 0.1000000015
33970  -33.622  -38.903  29.800 0.1000000015
35549  -33.645  -36.409  30.392 0.1000000015
118036  -33.698  -37.969  30.444 0.1000000015
33045  -35.504  -38.982  32.031 0.1000000015
33948  -34.768  -38.463  32.006 0.1000000015
35539  -34.446  -35.818  31.772 0.1000000015
33896  -21.316  -38.452  40.216 0.1000000015
34696  -19.662  -36.266  37.223 0.1000000015
35503  -18.943  -35.180  34.255 0.1000000015
35502  -18.718  -35.901  34.415 0.1000000015
36309  -19.427  -34.650  32.655 0.1000000015
33960  -35.382  -39.174  30.656 0.1000000015
121542  -36.069  -38.848  32.335 0.1000000015
34746  -38.062  -37.635  32.180 0.2000000030
33924  -37.669  -37.610  33.136 0.1000000015
33972  -35.918  -38.391  30.258 0.1000000015
34754  -36.733  -37.631  30.617 0.2000000030
119600  -38.881  -37.134  31.537 0.2000000030
34765  -38.558  -36.458  30.267 0.2000000030
34721  -37.264  -37.226  33.451 0.1000000015
33950  -39.162  -37.437  32.794 0.2000000030
33951  -40.355  -37.302  33.143 0.2000000030
33939  -39.963  -37.096  33.201 0.1000000015
37111  -16.609  -33.708  41.928 0.1000000015
34677  -17.989  -36.688  40.223 0.1000000015
34692  -21.652  -36.663  39.831 0.1000000015
36267  -20.671  -35.405  37.949 0.1000000015
37196  -19.705  -34.011  32.526 0.1000000015
34762  -35.643  -37.918  29.502 0.2000000030
34763  -36.377  -36.618  29.066 0.2000000030
35558  -38.054  -35.884  29.269 0.2000000030
34772  -37.268  -35.996  28.930 0.2000000030
35568  -38.708  -35.387  28.817 0.2000000030
35559  -40.905  -35.881  30.299 0.2000000030
35552  -42.314  -36.051  31.387 0.2000000030
35540  -41.658  -35.671  33.223 0.2000000030
125536  -21.912  -35.897  39.773 0.1000000015
36295  -19.472  -34.496  34.587 0.1000000015
37197  -20.137  -33.263  32.505 0.1000000015
123098  -20.684  -32.421  30.993 0.1000000015
39083  -21.028  -31.899  30.604 0.1000000015
35560  -42.098  -35.401  30.533 0.2000000030
36339  -42.483  -34.890  31.270 0.2000000030
36336  -41.092  -34.722  31.695 0.2000000030
37219  -41.894  -34.232  31.102 0.2000000030
37220  -42.473  -34.754  31.217 0.2000000030
35469  -23.217  -35.908  42.211 0.1000000015
36261  -22.323  -35.223  39.812 0.1000000015
126718  -21.496  -34.306  37.883 0.1000000015
36288  -20.295  -34.041  35.812 0.1000000015
107932  -20.564  -33.265  34.820 0.1000000015
39062  -20.839  -31.967  32.311 0.1000000015
39076  -20.886  -31.915  31.378 0.1000000015
36374  -41.558  -34.405  28.252 0.2000000030
36373  -39.800  -34.292  27.632 0.2000000030
36364  -43.075  -34.130  29.745 0.2000000030
115487  -43.618  -33.574  29.382 0.2000000030
37240  -42.646  -34.148  30.558 0.2000000030
37238  -40.789  -33.334  30.126 0.2000000030
106442  -42.909  -33.148  29.999 0.2000000030
38098  -43.539  -32.623  29.645 0.2000000030
37259  -44.227  -33.197  29.083 0.2000000030
38122  -42.102  -31.970  29.503 0.2000000030
39095  -43.044  -32.038  29.684 0.2000000030
124117  -44.367  -31.483  29.341 0.2000000030
38141  -46.308  -31.085  27.593 0.2000000030
38155  -46.778  -31.270  26.833 0.2000000030
40130  -42.574  -30.885  28.519 0.2000000030
40187  -47.003  -29.859  26.382 0.2000000030
41166  -43.730  -29.771  25.450 0.2000000030
41188  -45.027  -29.792  24.559 0.2000000030
43894  -36.013  -27.134  19.031 0.2000000030
37271  -44.782  -32.619  28.694 0.2000000030
39127  -45.219  -30.928  28.779 0.2000000030
40131  -43.758  -30.605  28.819 0.2000000030
40155  -44.142  -30.200  28.125 0.2000000030
40156  -45.416  -30.001  27.953 0.2000000030
39126  -41.414  -30.737  27.932 0.2000000030
40183  -42.108  -29.908  27.139 0.2000000030
40184  -43.092  -29.964  27.269 0.2000000030
41165  -42.529  -29.459  25.997 0.2000000030
109776  -42.460  -29.435  25.200 0.2000000030
41186  -42.403  -29.472  24.347 0.2000000030
44840  -35.061  -25.142  19.613 0.3000000119
41209  -42.064  -29.582  22.704 0.2000000030
42161  -40.433  -29.156  20.516 0.2000000030
50529  -48.739  -19.758  32.145 0.2000000030
38138  -39.833  -31.511  27.989 0.2000000030
119621  -40.787  -29.684  26.467 0.2000000030
50564  -48.763  -19.291  30.715 0.2000000030
121947  -39.694  -30.458  26.968 0.2000000030
41184  -39.960  -29.241  24.828 0.2000000030
43879  -35.237  -26.204  20.300 0.2000000030
51614  -47.851  -17.956  29.616 0.1000000015
110384  -47.076  -19.799  29.400 0.2000000030
49529  -47.230  -20.517  29.890 0.2000000030
108625  -46.207  -21.221  28.191 0.4000000060
49573  -47.661  -20.087  26.931 0.3000000119
50587  -46.548  -19.303  27.032 0.3000000119
50603  -47.044  -19.291  26.704 0.3000000119
48484  -48.111  -22.024  27.267 0.4000000060
49557  -49.905  -20.904  27.431 0.5000000000
46619  -48.048  -23.876  26.882 0.6999999881
48485  -49.477  -21.873  27.216 0.5000000000
107416  -49.206  -22.762  26.951 0.6000000238
42966  -30.810  -27.012  24.401 0.6000000238
44815  -32.273  -25.520  24.521 0.5000000000
123431  -31.650  -27.801  23.556 0.5000000000
43854  -31.650  -26.537  23.334 0.5000000000
45765  -35.163  -24.203  22.675 0.5000000000
40181  -38.672  -30.246  26.249 0.3000000119
41161  -38.959  -29.508  25.313 0.3000000119
51625  -46.420  -18.263  27.704 0.1000000015
51638  -46.402  -17.822  27.086 0.1000000015
51654  -47.501  -18.575  26.543 0.2000000030
117681  -47.145  -17.946  26.523 0.2000000030
50604  -48.080  -19.286  26.729 0.3000000119
107909  -32.935  -25.070  24.165 0.5000000000
44818  -32.127  -25.856  23.184 0.5000000000
45754  -34.517  -24.453  24.283 0.6000000238
41180  -35.508  -29.644  24.340 0.4000000060
41181  -36.468  -29.550  24.409 0.4000000060
45760  -35.523  -24.045  23.340 0.6000000238
45763  -33.983  -25.157  21.895 0.5000000000
44825  -33.777  -25.713  21.729 0.4000000060
107765  -38.327  -29.491  24.980 0.3000000119
106928  -36.278  -28.319  22.844 0.3000000119
42987  -35.057  -27.658  22.112 0.3000000119
52555  -46.492  -16.702  27.982 0.1000000015
52571  -46.452  -17.115  27.358 0.1000000015
119066  -48.840  -18.166  26.710 0.2000000030
51657  -49.788  -18.099  27.108 0.2000000030
42135  -33.774  -28.061  22.661 0.4000000060
42136  -34.746  -28.139  22.632 0.4000000060
53503  -46.606  -16.355  27.353 0.1000000015
118445  -48.030  -16.872  26.433 0.1000000015
52573  -51.119  -16.823  27.247 0.2000000030
54424  -47.253  -14.722  28.955 0.1000000015
53487  -46.852  -16.060  28.673 0.1000000015
53520  -47.679  -16.069  26.612 0.1000000015
53522  -49.591  -16.424  27.109 0.1000000015
119244  -52.200  -16.889  26.698 0.2000000030
53505  -50.946  -15.795  27.313 0.1000000015
53506  -51.443  -15.995  27.050 0.1000000015
126705  -50.510  -12.154  16.340 0.3000000119
48457  -46.540  -21.237  29.345 0.4000000060
126168  -24.779  -20.174  43.444 0.3000000119
47347  -23.321  -22.396  41.749 0.5000000000
47360  -23.713  -22.672  40.612 0.6000000238
49284  -25.337  -19.718  43.491 0.3000000119
50353  -25.254  -19.174  43.718 0.3000000119
49294  -26.257  -19.858  42.900 0.4000000060
47359  -22.890  -22.921  41.073 0.4000000060
47583  -37.059  -21.982  19.980 0.4000000060
48608  -36.409  -21.820  19.296 0.4000000060
41449  -46.245  -29.257  2.615 0.2000000030
41448  -46.066  -28.566  2.971 0.2000000030
43198  -46.292  -27.821  2.628 0.2000000030
43209  -46.646  -28.056  1.687 0.2000000030
122591  -47.008  -29.363  0.631 0.2000000030
124359  -47.161  -29.979  0.338 0.2000000030
46788  -46.895  -23.592  4.382 0.3000000119
45004  -47.357  -25.452  3.278 0.2000000030
44082  -47.315  -26.510  2.378 0.2000000030
42334  -47.144  -28.087  0.960 0.2000000030
46789  -47.625  -23.488  4.232 0.3000000119
45018  -47.737  -25.850  2.675 0.2000000030
44094  -47.726  -26.780  1.586 0.2000000030
44083  -47.992  -26.199  2.114 0.2000000030
48733  -47.794  -21.370  5.058 0.3000000119
48749  -49.249  -21.848  4.908 0.2000000030
46791  -49.249  -23.522  4.168 0.2000000030
105883  -49.930  -23.374  4.366 0.2000000030
44095  -48.617  -26.315  1.671 0.2000000030
45906  -49.550  -24.911  3.417 0.2000000030
51715  -53.797  -18.489  20.520 0.4000000060
52664  -52.594  -17.202  19.764 0.4000000060
51723  -51.362  -18.199  19.627 0.5000000000
51735  -49.975  -18.096  18.723 0.5000000000
120316  -49.355  -19.278  17.668 0.5000000000
49827  -50.487  -20.165  6.016 0.3000000119
48736  -50.420  -21.055  5.491 0.3000000119
118163  -50.328  -26.110  1.858 0.2000000030
50914  -48.167  -19.252  6.167 0.3000000119
118895  -48.319  -19.873  5.671 0.3000000119
48734  -48.586  -21.207  5.163 0.3000000119
47685  -50.747  -22.030  5.200 0.2000000030
46811  -49.949  -24.293  3.873 0.2000000030
52663  -51.807  -17.296  19.428 0.4000000060
53617  -51.558  -16.339  18.922 0.4000000060
117740  -50.834  -17.402  19.030 0.4000000060
52673  -50.141  -16.972  18.389 0.3000000119
111512  -49.033  -17.851  17.651 0.4000000060
112269  -49.552  -17.715  18.206 0.4000000060
51734  -49.368  -18.674  18.120 0.4000000060
52691  -49.093  -17.981  15.368 0.4000000060
51756  -48.946  -18.757  16.713 0.5000000000
51745  -48.952  -18.722  17.360 0.4000000060
50896  -51.069  -19.064  7.845 0.4000000060
49814  -51.258  -19.931  6.453 0.3000000119
45907  -50.931  -25.116  3.801 0.2000000030
49815  -51.925  -20.497  6.307 0.2000000030
47686  -51.617  -22.495  5.349 0.2000000030
46793  -51.300  -23.896  4.689 0.2000000030
46794  -52.071  -24.596  4.771 0.2000000030
49802  -52.892  -19.920  7.106 0.3000000119
49816  -52.531  -20.382  6.610 0.2000000030
48738  -52.164  -21.931  5.709 0.2000000030
47687  -52.519  -23.103  5.626 0.2000000030
48723  -52.587  -21.233  6.198 0.2000000030
119242  -52.303  -16.404  19.289 0.4000000060
53629  -50.840  -15.999  18.448 0.2000000030
52672  -49.569  -16.738  17.815 0.2000000030
53641  -49.518  -15.169  17.485 0.2000000030
52679  -49.029  -16.821  17.293 0.2000000030
51769  -48.576  -18.081  16.069 0.4000000060
51744  -48.566  -17.815  16.850 0.3000000119
52703  -48.962  -17.416  14.680 0.4000000060
48704  -54.618  -21.176  7.133 0.2000000030
48705  -55.486  -21.592  7.336 0.2000000030
50898  -53.202  -19.547  7.843 0.3000000119
49789  -54.646  -20.106  7.687 0.2000000030
48725  -54.191  -22.010  6.676 0.2000000030
46779  -53.325  -24.088  5.639 0.2000000030
49817  -53.193  -20.726  6.685 0.2000000030
48724  -53.414  -21.692  6.430 0.2000000030
126137  -51.955  -15.549  19.039 0.2000000030
53628  -50.174  -15.466  17.999 0.2000000030
53651  -48.546  -15.239  16.413 0.2000000030
52684  -48.235  -17.033  16.174 0.3000000119
109307  -47.982  -16.398  15.641 0.3000000119
52702  -48.039  -16.776  14.744 0.4000000060
53667  -48.786  -16.907  14.116 0.4000000060
110011  -53.982  -19.386  8.824 0.4000000060
49790  -55.396  -20.087  7.996 0.2000000030
48726  -54.992  -22.317  6.957 0.2000000030
46768  -55.029  -24.025  6.239 0.2000000030
45879  -54.531  -25.195  4.550 0.2000000030
109721  -56.893  -20.259  8.599 0.2000000030
48694  -56.837  -21.016  7.984 0.2000000030
47660  -55.835  -22.507  7.127 0.2000000030
117443  -56.235  -23.266  6.713 0.2000000030
119662  -56.625  -23.812  6.030 0.2000000030
48706  -56.336  -21.783  7.529 0.2000000030
47663  -58.840  -22.744  6.780 0.2000000030
47679  -59.390  -23.079  5.392 0.2000000030
124121  -57.434  -20.777  8.430 0.2000000030
48707  -57.255  -22.019  7.666 0.2000000030
46771  -57.912  -23.710  5.468 0.2000000030
49794  -60.352  -20.923  9.436 0.3000000119
48710  -60.456  -21.989  7.457 0.3000000119
124531  -60.430  -22.293  5.511 0.2000000030
49792  -58.168  -20.876  8.693 0.3000000119
48696  -58.806  -21.646  8.329 0.3000000119
48697  -59.910  -21.621  8.499 0.3000000119
57632  -53.195  -12.933  14.854 0.4000000060
59465  -60.706  -11.245  11.416 0.4000000060
121263  -59.945  -11.785  11.642 0.4000000060
57685  -58.187  -12.204  10.747 0.4000000060
58551  -58.988  -11.896  11.355 0.4000000060
121419  -57.098  -13.427  7.890 0.4000000060
57690  -57.606  -12.490  10.097 0.4000000060
52788  -59.792  -17.888  8.152 0.5000000000
53717  -58.729  -16.153  7.411 0.5000000000
55729  -58.074  -14.392  7.291 0.4000000060
57697  -57.542  -12.489  9.137 0.4000000060
105505  -60.756  -19.381  9.094 0.6000000238
51864  -61.224  -19.267  8.238 0.5000000000
52797  -60.274  -17.269  7.713 0.5000000000
55730  -58.915  -14.666  7.116 0.5000000000
50891  -61.204  -19.947  9.343 0.4000000060
49805  -61.380  -20.505  7.231 0.4000000060
50900  -61.780  -19.811  6.808 0.3000000119
56686  -53.694  -13.269  14.224 0.4000000060
56764  -55.836  -13.197  10.817 0.5000000000
56785  -55.653  -13.862  7.774 0.5000000000
56773  -56.721  -13.137  9.365 0.5000000000
56780  -57.800  -12.806  8.131 0.4000000060
53718  -60.364  -16.243  7.353 0.5000000000
51854  -60.894  -19.680  10.419 0.5000000000
57616  -54.516  -12.896  15.739 0.4000000060
57633  -54.067  -13.197  15.045 0.4000000060
56688  -55.522  -13.467  14.751 0.4000000060
121878  -56.125  -13.321  13.247 0.4000000060
122048  -56.263  -13.224  12.307 0.4000000060
56731  -57.175  -13.242  12.045 0.4000000060
56754  -57.246  -13.070  11.212 0.4000000060
57684  -57.802  -12.718  10.970 0.4000000060
114108  -57.876  -11.974  8.679 0.4000000060
57691  -57.931  -11.967  9.803 0.4000000060
124933  -58.470  -12.964  7.686 0.5000000000
55731  -59.900  -14.336  7.088 0.5000000000
114075  -58.960  -13.704  7.329 0.4000000060
116914  -61.339  -15.980  7.366 0.5000000000
57617  -55.425  -13.192  16.096 0.4000000060
119735  -56.705  -13.644  15.989 0.4000000060
58552  -60.645  -12.020  12.201 0.4000000060
112390  -57.656  -13.687  15.909 0.4000000060
57676  -59.604  -12.310  11.978 0.4000000060
108187  -57.049  -13.362  12.925 0.4000000060
121655  -57.820  -13.323  12.641 0.4000000060
106706  -59.120  -12.781  12.421 0.4000000060
57675  -58.586  -12.497  11.607 0.4000000060
58571  -58.510  -11.450  10.535 0.4000000060
59481  -58.966  -10.549  10.339 0.4000000060
117658  -59.938  -10.506  10.746 0.4000000060
57704  -58.217  -12.291  7.776 0.4000000060
125483  -57.970  -11.758  8.121 0.4000000060
57705  -59.134  -12.790  7.320 0.5000000000
58605  -58.139  -11.510  7.604 0.4000000060
58591  -58.052  -11.177  8.385 0.4000000060
57661  -60.073  -12.652  12.686 0.4000000060
121252  -59.591  -10.020  10.099 0.4000000060
107663  -58.227  -10.992  9.441 0.4000000060
59503  -58.414  -10.329  8.544 0.4000000060
59496  -58.908  -9.910  9.417 0.4000000060
42353  -48.782  -28.963  -1.424 0.2000000030
111784  -47.573  -28.062  0.411 0.2000000030
43225  -48.450  -27.904  -0.469 0.2000000030
45019  -48.714  -25.822  2.376 0.2000000030
43217  -47.820  -27.377  0.767 0.2000000030
45005  -49.203  -25.359  2.918 0.2000000030
43226  -49.166  -27.344  -0.785 0.2000000030
110314  -22.582  -23.089  40.541 0.5000000000
47374  -23.107  -23.051  39.934 0.6000000238
49824  -47.944  -20.517  5.420 0.3000000119
50915  -49.002  -19.088  6.495 0.3000000119
51860  -50.589  -18.698  8.379 0.4000000060
50884  -51.878  -19.192  8.207 0.4000000060
50897  -52.410  -19.483  7.662 0.3000000119
50886  -53.366  -19.343  8.648 0.3000000119
50899  -53.971  -19.560  8.096 0.3000000119
50888  -55.533  -19.647  8.757 0.2000000030
49791  -56.157  -20.196  8.286 0.2000000030
53668  -49.871  -17.016  14.146 0.5000000000
53674  -49.142  -16.577  13.397 0.4000000060
49793  -59.220  -21.049  9.067 0.3000000119
107698  -55.235  -13.167  12.609 0.4000000060
56752  -55.591  -13.165  11.654 0.4000000060
50880  -61.052  -19.939  10.519 0.4000000060
124089  -58.296  -17.169  8.140 0.5000000000
53716  -57.834  -15.965  7.455 0.5000000000
54716  -57.408  -15.049  7.289 0.5000000000
55728  -57.005  -14.100  7.469 0.5000000000
56786  -56.265  -13.729  7.789 0.5000000000
51892  -49.778  -18.979  6.978 0.3000000119
106295  -56.226  -13.169  10.057 0.5000000000
51863  -60.033  -18.616  8.848 0.6000000238
53681  -48.456  -15.890  13.097 0.4000000060
56687  -54.605  -13.332  14.451 0.4000000060
51724  -52.191  -18.005  19.973 0.4000000060
44072  -46.436  -26.443  3.400 0.3000000119
44081  -46.602  -26.889  2.820 0.2000000030
44073  -46.981  -26.129  3.000 0.2000000030
43199  -46.911  -27.244  2.058 0.2000000030
42333  -46.688  -28.903  1.210 0.2000000030
41470  -47.385  -29.275  0.053 0.2000000030
45003  -46.618  -25.752  3.595 0.2000000030
45903  -46.900  -24.938  3.784 0.3000000119
45904  -47.745  -24.737  3.533 0.2000000030
45887  -47.281  -24.171  4.008 0.3000000119
43210  -47.222  -27.496  1.398 0.2000000030
47696  -48.056  -22.647  4.495 0.2000000030
47695  -47.304  -22.875  4.507 0.3000000119
48748  -48.358  -21.956  4.760 0.3000000119
46809  -48.111  -24.026  3.812 0.2000000030
45905  -48.633  -24.719  3.421 0.2000000030
46790  -48.390  -23.332  4.221 0.2000000030
47697  -49.023  -22.704  4.504 0.2000000030
48735  -49.430  -21.082  5.302 0.3000000119
46810  -48.976  -24.075  3.784 0.2000000030
47698  -50.088  -22.520  4.761 0.2000000030
117496  -50.609  -23.336  4.611 0.2000000030
123829  -50.392  -25.268  3.439 0.2000000030
52655  -53.053  -17.837  20.237 0.4000000060
50926  -49.728  -19.596  6.250 0.3000000119
50895  -50.548  -19.152  7.258 0.4000000060
50916  -50.511  -19.516  6.650 0.3000000119
49826  -49.633  -20.305  5.679 0.3000000119
48750  -49.986  -21.699  5.123 0.3000000119
49828  -51.239  -20.682  5.891 0.3000000119
45020  -49.825  -25.888  2.369 0.2000000030
45034  -49.508  -26.148  1.811 0.2000000030
44102  -49.183  -26.563  0.467 0.2000000030
50925  -48.944  -19.686  5.872 0.3000000119
49825  -48.805  -20.422  5.480 0.3000000119
48737  -51.349  -21.536  5.549 0.2000000030
46792  -50.696  -24.148  4.300 0.2000000030
47699  -51.039  -22.945  4.954 0.2000000030
107574  -51.206  -19.441  7.093 0.3000000119
45007  -51.304  -25.877  3.045 0.2000000030
110329  -51.727  -19.388  7.550 0.3000000119
50917  -52.024  -19.759  6.921 0.2000000030
48722  -51.866  -21.152  5.876 0.2000000030
46777  -51.848  -23.546  5.133 0.2000000030
46778  -52.660  -24.386  5.234 0.2000000030
49803  -53.792  -20.238  7.281 0.3000000119
47674  -52.954  -22.305  6.040 0.2000000030
48703  -53.872  -21.144  6.758 0.2000000030
52678  -48.747  -16.107  16.790 0.2000000030
52690  -48.360  -17.403  15.408 0.4000000060
126853  -55.220  -20.750  7.546 0.2000000030
47675  -53.711  -22.696  6.359 0.2000000030
47676  -54.521  -23.064  6.613 0.2000000030
46767  -54.058  -23.848  6.099 0.2000000030
47688  -53.297  -23.187  5.986 0.2000000030
53630  -51.279  -14.975  18.730 0.2000000030
53673  -48.184  -16.349  13.930 0.4000000060
46780  -54.801  -24.695  5.442 0.2000000030
47677  -55.375  -23.226  6.733 0.2000000030
46769  -55.895  -23.917  6.124 0.2000000030
47661  -56.736  -22.683  7.213 0.2000000030
47678  -57.247  -23.425  6.391 0.2000000030
118789  -56.562  -24.353  5.267 0.2000000030
46770  -57.314  -24.071  5.324 0.2000000030
48695  -57.780  -21.443  8.137 0.2000000030
47664  -59.908  -22.505  6.507 0.2000000030
48709  -59.372  -22.207  7.631 0.2000000030
46772  -58.340  -23.327  6.040 0.2000000030
46784  -58.606  -23.622  4.946 0.2000000030
120838  -60.558  -22.251  6.443 0.2000000030
48708  -58.251  -22.182  7.696 0.2000000030
47662  -57.733  -22.771  7.090 0.2000000030
49795  -61.020  -20.286  9.796 0.4000000060
48698  -60.671  -21.063  8.575 0.4000000060
48711  -60.990  -21.215  7.473 0.2000000030
126550  -61.130  -21.704  5.777 0.2000000030
48744  -60.728  -21.637  5.348 0.2000000030
105645  -57.213  -13.046  8.717 0.4000000060
54717  -58.371  -15.286  7.206 0.5000000000
56774  -57.257  -12.806  9.516 0.4000000060
52796  -59.094  -17.076  7.838 0.5000000000
110095  -60.741  -18.419  8.167 0.5000000000
114211  -59.558  -16.453  7.447 0.5000000000
51876  -61.611  -18.442  7.687 0.5000000000
52798  -61.227  -17.741  7.756 0.6000000238
123352  -61.393  -19.798  7.987 0.5000000000
111683  -59.451  -15.507  7.143 0.5000000000
114762  -61.128  -20.389  8.498 0.4000000060
109870  -61.230  -21.259  6.336 0.3000000119
48727  -60.893  -21.912  6.436 0.2000000030
51865  -61.823  -19.141  7.429 0.5000000000
50918  -61.986  -19.734  5.755 0.4000000060
49819  -61.590  -20.515  6.046 0.3000000119
56766  -57.142  -12.976  10.265 0.4000000060
53719  -61.225  -16.913  7.594 0.5000000000
56667  -54.963  -13.364  15.318 0.4000000060
56668  -55.877  -13.523  15.635 0.4000000060
56710  -55.295  -13.308  13.748 0.4000000060
56689  -56.596  -13.592  15.014 0.4000000060
56711  -56.909  -13.494  13.907 0.4000000060
56755  -58.090  -13.055  11.937 0.4000000060
54718  -60.623  -15.222  7.143 0.5000000000
56690  -57.721  -13.605  14.724 0.4000000060
42348  -48.295  -28.701  -0.806 0.2000000030
43233  -48.909  -28.174  -1.162 0.2000000030
51437  -25.613  -18.598  43.730 0.2000000030
51460  -24.872  -18.349  42.127 0.2000000030
51461  -25.631  -17.860  41.531 0.2000000030
52446  -27.779  -17.182  37.256 0.1000000015
116391  -27.640  -17.756  36.637 0.1000000015
119432  -27.853  -16.898  36.403 0.1000000015
47358  -22.074  -22.964  41.190 0.3000000119
49283  -24.189  -20.283  43.339 0.2000000030
50363  -23.982  -19.730  43.272 0.1000000015
50352  -24.681  -19.540  43.528 0.2000000030
51449  -25.156  -18.505  43.546 0.2000000030
122762  -26.172  -17.977  43.757 0.2000000030
51459  -24.167  -18.977  42.791 0.1000000015
51448  -24.613  -19.054  43.472 0.2000000030
52398  -25.762  -17.887  43.593 0.2000000030
52399  -26.482  -17.381  43.580 0.2000000030
119456  -27.161  -16.836  43.663 0.2000000030
49324  -22.142  -20.193  41.672 0.1000000015
49338  -22.850  -19.907  40.513 0.1000000015
107950  -23.268  -19.761  40.903 0.1000000015
50388  -23.862  -19.316  40.743 0.1000000015
51470  -24.395  -18.776  41.410 0.1000000015
123746  -24.782  -18.535  43.109 0.2000000030
52405  -25.393  -17.857  42.915 0.2000000030
52412  -26.172  -17.338  42.132 0.2000000030
53303  -26.880  -16.705  43.399 0.2000000030
49337  -22.302  -19.967  39.891 0.1000000015
50402  -23.494  -19.666  39.881 0.1000000015
53311  -27.344  -16.163  43.048 0.2000000030
49348  -21.626  -19.914  39.064 0.1000000015
49350  -23.011  -19.885  39.322 0.1000000015
50403  -24.304  -19.265  39.376 0.1000000015
51481  -25.564  -18.519  39.808 0.1000000015
54264  -28.574  -15.635  41.314 0.1000000015
123498  -21.821  -19.920  38.095 0.1000000015
49349  -22.496  -19.934  38.541 0.1000000015
123607  -23.218  -19.831  38.478 0.1000000015
50421  -25.080  -19.142  38.443 0.1000000015
53343  -28.318  -16.239  39.441 0.1000000015
54276  -28.773  -15.669  40.098 0.1000000015
49351  -23.803  -19.712  38.079 0.1000000015
50420  -24.281  -19.462  38.495 0.1000000015
53355  -28.443  -16.131  38.442 0.1000000015
49367  -23.137  -19.933  37.628 0.1000000015
53377  -28.171  -16.494  36.994 0.1000000015
53364  -28.516  -16.032  37.515 0.1000000015
54339  -29.650  -15.757  36.813 0.1000000015
50456  -26.606  -19.544  36.443 0.1000000015
50466  -26.917  -19.507  35.680 0.1000000015
51518  -27.519  -18.392  36.061 0.1000000015
52453  -27.671  -17.349  35.651 0.1000000015
53395  -27.996  -16.723  35.763 0.1000000015
53379  -28.972  -15.927  36.242 0.1000000015
53380  -29.866  -16.089  36.155 0.1000000015
49388  -25.229  -20.072  36.046 0.1000000015
50455  -25.817  -19.761  36.662 0.1000000015
50457  -27.218  -19.137  36.288 0.1000000015
52465  -27.591  -17.372  34.704 0.1000000015
53396  -28.503  -16.445  35.569 0.1000000015
53408  -29.327  -16.767  34.767 0.1000000015
53409  -30.083  -17.123  34.791 0.1000000015
48267  -22.886  -21.745  42.525 0.2000000030
47345  -21.639  -22.199  42.415 0.1000000015
47346  -22.473  -22.392  42.096 0.1000000015
48253  -23.306  -21.230  42.707 0.2000000030
49307  -21.615  -20.778  42.885 0.1000000015
48266  -22.077  -21.484  42.795 0.1000000015
48252  -22.772  -21.087  42.645 0.1000000015
49292  -23.524  -20.544  42.923 0.1000000015
49323  -21.271  -20.088  42.075 0.1000000015
49308  -22.479  -20.716  42.692 0.1000000015
49325  -22.799  -19.995  41.805 0.1000000015
50376  -23.457  -20.057  42.924 0.1000000015
49335  -20.907  -19.702  40.652 0.1000000015
113643  -23.337  -19.759  42.001 0.1000000015
50377  -23.713  -19.586  42.683 0.1000000015
53319  -26.752  -16.742  42.663 0.2000000030
127310  -21.257  -19.831  39.722 0.1000000015
49336  -21.597  -19.895  40.467 0.1000000015
52413  -26.871  -16.965  41.417 0.1000000015
50418  -20.130  -19.624  38.402 0.1000000015
105482  -21.066  -19.851  38.036 0.1000000015
52419  -26.724  -17.819  39.874 0.1000000015
53329  -27.524  -16.660  40.831 0.1000000015
53321  -27.927  -16.175  41.342 0.1000000015
50417  -19.227  -19.354  38.338 0.1000000015
49347  -20.886  -19.756  39.174 0.1000000015
51482  -26.322  -18.319  39.401 0.1000000015
52427  -27.303  -17.465  39.455 0.1000000015
53330  -28.150  -16.243  40.439 0.1000000015
49365  -21.620  -20.008  37.462 0.1000000015
49366  -22.296  -20.019  37.527 0.1000000015
50436  -24.578  -19.560  37.767 0.1000000015
50422  -26.142  -19.156  38.062 0.1000000015
121548  -26.960  -18.039  39.052 0.1000000015
52438  -27.663  -17.518  38.143 0.1000000015
50435  -19.542  -19.630  37.507 0.1000000015
49364  -20.367  -19.851  37.344 0.1000000015
105840  -21.111  -20.051  37.058 0.1000000015
49368  -23.985  -19.815  37.237 0.1000000015
49369  -24.872  -19.774  36.900 0.1000000015
50437  -25.501  -19.491  37.498 0.1000000015
51506  -26.989  -18.907  37.681 0.1000000015
53363  -28.050  -16.674  37.874 0.1000000015
49363  -19.800  -19.955  36.682 0.1000000015
121573  -21.239  -20.263  36.355 0.1000000015
108154  -22.752  -20.153  36.786 0.1000000015
108773  -23.450  -20.041  36.781 0.1000000015
126796  -26.983  -19.219  36.922 0.1000000015
50439  -27.390  -18.667  36.879 0.1000000015
49384  -21.892  -20.207  36.713 0.1000000015
49385  -22.474  -20.337  36.145 0.1000000015
49408  -21.793  -20.440  35.751 0.1000000015
48282  -19.996  -21.343  42.451 0.3000000119
122440  -20.521  -22.133  41.693 0.2000000030
47344  -20.895  -21.755  42.600 0.2000000030
48265  -21.201  -21.319  43.010 0.1000000015
49322  -20.591  -19.871  42.354 0.1000000015
49306  -20.602  -20.630  43.050 0.1000000015
50399  -18.875  -18.818  40.539 0.1000000015
50386  -19.413  -19.132  41.843 0.1000000015
50387  -20.177  -19.397  41.434 0.1000000015
50400  -19.584  -19.186  40.225 0.1000000015
50401  -20.242  -19.487  39.729 0.1000000015
122818  -19.627  -19.371  39.109 0.1000000015
50416  -18.398  -19.079  38.441 0.1000000015
50434  -18.698  -19.414  37.610 0.1000000015
50454  -18.988  -19.752  36.821 0.1000000015
49383  -20.568  -20.146  36.512 0.1000000015
106916  -19.252  -20.139  36.049 0.1000000015
48281  -19.105  -20.533  42.588 0.1000000015
48263  -19.931  -20.497  43.115 0.2000000030
48264  -20.547  -21.091  43.097 0.2000000030
50375  -19.806  -19.820  43.038 0.2000000030
50385  -18.686  -18.816  41.945 0.1000000015
115188  -42.998  -19.389  34.711 0.1000000015
49320  -17.203  -20.471  41.517 0.2000000030
49304  -18.577  -19.427  42.713 0.1000000015
50374  -19.022  -19.396  42.846 0.1000000015
46686  -35.638  -24.026  20.400 0.3000000119
46685  -35.195  -23.760  19.563 0.3000000119
47571  -35.818  -23.315  20.089 0.3000000119
44850  -34.791  -25.076  18.906 0.2000000030
47582  -36.250  -22.536  19.858 0.3000000119
47581  -35.455  -22.864  19.351 0.3000000119
46692  -34.861  -23.150  18.787 0.2000000030
46694  -34.478  -23.613  18.157 0.2000000030
45859  -39.131  -23.967  8.362 0.2000000030
44959  -37.566  -25.198  9.834 0.2000000030
45854  -38.039  -24.601  9.245 0.2000000030
47589  -35.175  -22.324  18.489 0.3000000119
115105  -35.306  -21.666  17.980 0.2000000030
117882  -34.608  -22.770  17.979 0.2000000030
48633  -34.653  -21.851  16.836 0.2000000030
45863  -40.829  -23.984  7.655 0.2000000030
118652  -41.562  -22.970  6.708 0.2000000030
47593  -34.486  -22.551  17.207 0.2000000030
47601  -34.428  -22.461  16.422 0.2000000030
48643  -34.585  -21.760  15.980 0.2000000030
47659  -40.134  -22.423  7.487 0.2000000030
46756  -40.416  -23.232  7.505 0.2000000030
45788  -34.655  -24.620  16.949 0.2000000030
46698  -34.339  -23.153  16.826 0.2000000030
46705  -34.392  -23.156  16.002 0.2000000030
47609  -34.447  -22.449  15.560 0.2000000030
46753  -38.541  -23.269  8.423 0.2000000030
46722  -35.055  -23.832  13.902 0.2000000030
45836  -35.732  -24.314  11.702 0.2000000030
45845  -36.868  -24.865  10.271 0.2000000030
45857  -37.801  -23.767  9.056 0.2000000030
40474  -45.919  -29.884  4.662 0.2000000030
43171  -44.280  -26.674  5.560 0.2000000030
45875  -43.668  -24.524  5.719 0.2000000030
48627  -35.174  -21.380  17.266 0.2000000030
118763  -42.206  -22.936  6.369 0.2000000030
118697  -40.638  -21.895  7.249 0.2000000030
121551  -40.995  -22.556  7.081 0.2000000030
48656  -34.633  -21.799  15.109 0.2000000030
49798  -39.434  -21.323  8.049 0.2000000030
47618  -34.553  -22.439  14.748 0.2000000030
47627  -35.080  -22.241  13.398 0.2000000030
48693  -38.879  -21.843  8.295 0.2000000030
48700  -39.415  -22.158  7.807 0.2000000030
46729  -34.931  -23.086  13.376 0.2000000030
41421  -45.679  -29.138  4.362 0.2000000030
123593  -44.550  -25.223  5.312 0.2000000030
44056  -45.151  -26.671  4.761 0.2000000030
116871  -45.598  -27.101  4.196 0.2000000030
45876  -44.478  -24.494  5.345 0.2000000030
47673  -43.079  -22.859  5.909 0.2000000030
47671  -41.747  -22.310  6.607 0.2000000030
49799  -40.125  -20.678  7.888 0.2000000030
48702  -40.796  -21.188  7.363 0.2000000030
125479  -39.480  -20.683  8.418 0.2000000030
45885  -45.683  -24.264  4.679 0.2000000030
44071  -45.934  -26.309  4.057 0.2000000030
121238  -44.524  -22.856  5.422 0.2000000030
126615  -40.862  -19.254  8.517 0.2000000030
47694  -46.589  -23.038  4.600 0.2000000030
50883  -41.370  -18.793  8.609 0.2000000030
51877  -62.348  -18.513  7.026 0.3000000119
52799  -62.114  -17.611  7.475 0.4000000060
125452  -62.734  -17.123  7.092 0.5000000000
110118  -58.668  -10.229  2.518 0.1000000015
60404  -58.236  -9.420  2.359 0.1000000015
61298  -57.968  -8.591  2.457 0.1000000015
59550  -59.499  -10.869  2.297 0.1000000015
59549  -58.879  -10.090  2.070 0.1000000015
59484  -61.354  -10.246  10.969 0.3000000119
59466  -61.346  -10.742  11.429 0.3000000119
53720  -62.123  -16.608  7.414 0.5000000000
125381  -62.144  -15.794  7.301 0.5000000000
54719  -61.667  -15.021  7.189 0.5000000000
62190  -57.710  -7.953  2.708 0.2000000030
62191  -58.419  -7.742  2.280 0.1000000015
58638  -60.297  -11.235  1.873 0.1000000015
60415  -58.445  -9.339  1.682 0.1000000015
61309  -58.340  -8.543  1.966 0.1000000015
58651  -60.168  -11.250  1.258 0.1000000015
59561  -58.907  -10.108  1.428 0.1000000015
58666  -60.607  -11.914  0.776 0.1000000015
59571  -59.313  -10.646  0.920 0.1000000015
123787  -56.430  -15.746  21.808 0.2000000030
124747  -56.333  -16.355  21.471 0.2000000030
56691  -59.199  -13.373  15.471 0.3000000119
56654  -58.192  -13.419  16.913 0.3000000119
107588  -58.786  -13.529  14.611 0.3000000119
56712  -58.020  -13.481  13.605 0.3000000119
56713  -59.195  -13.398  13.810 0.3000000119
56714  -59.720  -13.285  14.609 0.3000000119
57660  -59.694  -13.120  13.267 0.3000000119
124999  -60.236  -12.855  13.276 0.3000000119
58532  -61.151  -11.643  12.903 0.3000000119
58519  -60.918  -11.320  13.837 0.2000000030
59467  -61.493  -10.026  11.620 0.2000000030
58553  -61.365  -11.280  12.181 0.3000000119
60336  -61.256  -9.773  10.368 0.2000000030
61244  -59.694  -8.772  8.389 0.1000000015
56787  -60.122  -13.359  7.133 0.4000000060
111326  -59.129  -8.404  7.069 0.2000000030
63054  -59.228  -6.775  6.328 0.2000000030
114448  -61.117  -14.020  7.181 0.4000000060
57711  -58.828  -12.289  7.152 0.3000000119
59513  -58.171  -10.642  7.738 0.3000000119
63065  -58.452  -5.473  4.817 0.1000000015
63064  -57.932  -6.250  4.739 0.3000000119
64052  -58.521  -4.865  4.154 0.2000000030
108850  -57.538  -6.395  3.924 0.2000000030
63078  -58.052  -5.630  4.039 0.2000000030
64059  -58.601  -5.227  3.497 0.2000000030
63083  -57.613  -6.784  3.315 0.2000000030
64071  -59.067  -5.801  2.809 0.2000000030
122713  -59.586  -6.373  2.305 0.2000000030
62192  -59.147  -7.032  2.183 0.1000000015
62206  -59.719  -6.768  1.659 0.2000000030
59570  -58.469  -10.047  0.496 0.1000000015
58665  -59.589  -11.372  0.473 0.1000000015
52658  -55.902  -16.834  20.892 0.2000000030
51716  -54.850  -18.182  20.673 0.3000000119
56653  -57.297  -13.477  16.762 0.3000000119
57600  -58.427  -12.721  17.435 0.3000000119
57601  -59.027  -12.696  16.829 0.3000000119
123147  -58.474  -13.598  15.424 0.3000000119
56671  -59.705  -12.943  15.543 0.2000000030
124667  -59.930  -12.294  15.680 0.2000000030
58507  -60.167  -11.656  15.327 0.3000000119
115234  -61.195  -10.662  13.303 0.1000000015
60314  -61.007  -8.968  13.057 0.2000000030
62093  -60.647  -7.675  12.754 0.1000000015
61220  -61.362  -8.452  11.879 0.1000000015
115623  -61.359  -7.619  11.492 0.1000000015
60348  -61.275  -8.922  10.002 0.1000000015
63006  -61.089  -5.771  11.001 0.1000000015
61245  -61.007  -8.220  8.460 0.1000000015
62138  -60.533  -7.821  7.787 0.1000000015
115001  -59.727  -7.135  6.894 0.1000000015
63023  -61.410  -5.335  10.157 0.1000000015
62140  -61.529  -6.547  9.027 0.1000000015
63039  -61.415  -6.467  8.030 0.1000000015
64028  -60.550  -5.461  6.604 0.1000000015
127552  -59.018  -5.472  5.537 0.1000000015
115252  -58.961  -4.684  5.010 0.1000000015
64996  -59.034  -4.462  3.612 0.1000000015
122212  -60.245  -6.145  1.722 0.2000000030
118005  -58.454  -8.539  1.272 0.1000000015
58664  -58.713  -10.795  0.065 0.1000000015
60425  -58.404  -9.332  0.918 0.1000000015
57768  -59.811  -12.341  0.027 0.1000000015
53605  -55.970  -15.638  20.979 0.2000000030
53604  -54.993  -16.312  20.395 0.2000000030
52657  -55.160  -17.321  20.598 0.2000000030
52656  -54.096  -17.395  20.327 0.3000000119
57598  -56.021  -12.709  17.004 0.3000000119
57599  -57.042  -12.958  17.421 0.3000000119
57590  -57.598  -12.247  18.018 0.3000000119
58480  -58.757  -12.288  17.201 0.2000000030
57602  -59.155  -12.213  16.656 0.2000000030
59394  -56.596  -10.208  14.546 0.2000000030
107621  -56.356  -10.453  13.673 0.2000000030
59375  -59.880  -10.903  15.270 0.2000000030
59417  -56.858  -10.467  13.411 0.1000000015
59418  -57.942  -10.423  14.124 0.1000000015
59420  -60.142  -10.141  14.793 0.2000000030
59463  -56.840  -10.241  11.940 0.1000000015
60312  -57.765  -9.779  12.491 0.1000000015
59442  -58.331  -9.899  13.536 0.1000000015
60301  -59.594  -9.248  14.074 0.1000000015
60302  -60.176  -9.472  14.349 0.1000000015
60326  -58.136  -9.179  12.119 0.1000000015
61218  -58.784  -8.505  12.394 0.1000000015
61198  -59.643  -8.436  13.355 0.1000000015
61209  -60.274  -7.972  13.219 0.1000000015
62106  -58.667  -7.236  10.698 0.1000000015
61219  -59.618  -7.699  12.572 0.1000000015
62092  -60.482  -7.298  12.581 0.1000000015
63004  -59.014  -6.487  10.426 0.1000000015
62107  -59.542  -6.626  11.328 0.1000000015
62992  -60.982  -6.248  11.783 0.1000000015
63022  -59.267  -5.833  10.163 0.1000000015
63982  -60.743  -4.864  10.907 0.1000000015
63040  -61.581  -5.523  8.885 0.1000000015
64019  -61.575  -5.444  7.926 0.1000000015
64039  -59.602  -5.034  5.884 0.1000000015
122181  -59.669  -4.340  5.531 0.1000000015
63994  -59.022  -5.495  9.454 0.1000000015
63995  -59.875  -5.024  10.392 0.1000000015
64926  -61.018  -4.356  10.542 0.1000000015
64955  -61.620  -4.169  8.204 0.1000000015
112131  -61.084  -4.610  6.751 0.1000000015
64986  -58.923  -4.249  4.273 0.1000000015
64060  -59.498  -4.958  2.857 0.2000000030
64072  -60.086  -5.658  2.274 0.2000000030
63106  -60.373  -6.363  1.032 0.1000000015
60434  -58.145  -9.399  0.049 0.1000000015
111282  -59.540  -7.112  0.938 0.1000000015
55835  -59.836  -15.235  -0.177 0.1000000015
125570  -59.087  -12.381  -0.659 0.1000000015
62221  -59.119  -7.463  -0.000 0.1000000015
106860  -60.196  -14.242  -0.110 0.1000000015
59579  -58.185  -10.179  -0.366 0.1000000015
54557  -55.184  -14.984  20.597 0.2000000030
55599  -55.863  -14.211  21.398 0.2000000030
54556  -54.260  -15.424  20.063 0.2000000030
53603  -53.842  -16.416  19.990 0.3000000119
53618  -53.033  -16.393  19.631 0.3000000119
57614  -52.640  -11.985  15.588 0.3000000119
57631  -52.303  -12.600  14.826 0.3000000119
58494  -54.001  -11.928  16.265 0.3000000119
57597  -54.980  -12.387  16.576 0.3000000119
58478  -55.513  -11.690  17.582 0.3000000119
57589  -56.679  -12.095  18.048 0.3000000119
58453  -56.797  -10.587  19.006 0.3000000119
61176  -55.214  -8.554  16.398 0.2000000030
60272  -56.399  -9.302  15.971 0.2000000030
58479  -58.174  -11.838  17.809 0.3000000119
60270  -55.117  -8.762  15.344 0.2000000030
60288  -55.957  -9.436  15.032 0.2000000030
112305  -56.994  -10.005  15.659 0.2000000030
105431  -57.588  -10.465  15.402 0.2000000030
58495  -58.883  -11.773  16.830 0.2000000030
59393  -55.587  -10.105  14.009 0.2000000030
59373  -58.449  -11.057  16.150 0.2000000030
110615  -57.214  -10.414  14.266 0.2000000030
59396  -59.102  -10.648  15.135 0.2000000030
59419  -59.012  -9.967  14.524 0.1000000015
60289  -59.866  -9.958  14.779 0.2000000030
60325  -57.480  -9.516  11.591 0.1000000015
61226  -58.369  -7.949  10.997 0.1000000015
64971  -59.443  -3.781  4.837 0.1000000015
64945  -59.917  -4.070  9.564 0.1000000015
65824  -61.096  -2.521  8.973 0.1000000015
116968  -61.423  -2.983  7.490 0.1000000015
64972  -60.332  -3.707  5.730 0.1000000015
64987  -59.323  -3.720  3.902 0.1000000015
63095  -60.597  -5.375  1.548 0.2000000030
62222  -60.256  -6.560  0.226 0.1000000015
115673  -58.614  -11.963  -1.063 0.1000000015
114425  -58.454  -8.511  -0.469 0.1000000015
122451  -59.439  -13.856  -0.942 0.1000000015
58676  -58.964  -11.619  -0.342 0.1000000015
55598  -55.010  -13.783  20.849 0.1000000015
117204  -54.422  -14.453  20.322 0.1000000015
55614  -53.493  -14.416  19.913 0.1000000015
54573  -53.472  -15.654  19.717 0.3000000119
54679  -48.197  -15.200  13.048 0.2000000030
55695  -48.866  -14.353  12.643 0.2000000030
106564  -50.735  -10.843  16.349 0.2000000030
58493  -53.197  -11.664  16.098 0.3000000119
58476  -53.091  -10.905  17.250 0.3000000119
60252  -52.113  -9.491  17.125 0.2000000030
60235  -52.881  -9.525  18.827 0.2000000030
60236  -53.698  -9.411  19.345 0.2000000030
59318  -55.304  -10.037  19.405 0.3000000119
61174  -53.463  -8.534  15.702 0.2000000030
61148  -53.369  -8.890  18.392 0.2000000030
61142  -55.814  -8.971  19.246 0.3000000119
58452  -56.343  -10.545  19.085 0.3000000119
61187  -54.231  -8.744  14.827 0.2000000030
61163  -56.094  -8.738  18.320 0.2000000030
59320  -56.723  -9.909  19.170 0.2000000030
60255  -56.838  -9.262  17.903 0.2000000030
113739  -57.894  -10.787  16.917 0.2000000030
112696  -57.584  -10.761  18.198 0.2000000030
60335  -57.245  -9.116  10.688 0.1000000015
61225  -57.754  -8.404  10.589 0.1000000015
62105  -57.940  -7.791  10.189 0.1000000015
63021  -58.559  -6.332  9.591 0.1000000015
64008  -58.042  -5.660  8.202 0.1000000015
64009  -59.205  -4.784  9.030 0.1000000015
65823  -60.558  -2.549  8.927 0.1000000015
66683  -61.155  -2.001  8.098 0.1000000015
65850  -60.893  -2.814  6.093 0.1000000015
64997  -59.996  -3.963  2.930 0.1000000015
61326  -58.175  -9.458  -0.830 0.1000000015
58675  -58.377  -11.046  -0.847 0.1000000015
54663  -47.914  -15.624  13.858 0.2000000030
55694  -48.369  -14.633  13.350 0.2000000030
56704  -49.521  -13.406  14.490 0.2000000030
112955  -51.893  -11.271  16.218 0.2000000030
58492  -52.358  -11.106  16.610 0.3000000119
58491  -51.147  -11.208  16.534 0.2000000030
59349  -52.619  -10.208  18.451 0.3000000119
59330  -53.862  -9.880  19.471 0.3000000119
59371  -51.673  -10.614  16.841 0.2000000030
58475  -52.222  -10.411  17.606 0.3000000119
60324  -56.861  -9.825  11.127 0.1000000015
59462  -56.283  -10.449  10.965 0.1000000015
63020  -57.839  -6.805  9.062 0.1000000015
63038  -58.246  -6.077  8.829 0.1000000015
64017  -58.574  -4.834  8.358 0.1000000015
64944  -59.511  -3.745  8.822 0.1000000015
127543  -59.618  -1.600  7.809 0.1000000015
66702  -60.854  -1.267  5.877 0.1000000015
66707  -60.496  -1.862  4.886 0.1000000015
65868  -59.841  -3.056  3.610 0.1000000015
65007  -60.450  -4.911  2.146 0.1000000015
118536  -58.312  -10.859  -1.590 0.1000000015
57793  -58.575  -12.252  -1.639 0.1000000015
61335  -58.664  -8.576  -1.422 0.1000000015
56904  -58.783  -12.846  -2.097 0.1000000015
58684  -58.431  -11.552  -1.590 0.1000000015
53793  -59.818  -17.656  -1.546 0.1000000015
54829  -59.881  -16.739  -1.443 0.1000000015
53802  -58.883  -17.788  -2.148 0.1000000015
56682  -49.923  -12.919  15.976 0.2000000030
60345  -56.745  -9.125  10.007 0.1000000015
61231  -56.554  -8.870  9.353 0.1000000015
62118  -57.497  -7.559  9.395 0.1000000015
64953  -58.482  -4.011  7.950 0.1000000015
115467  -58.379  -1.504  7.179 0.1000000015
67543  -60.030  -0.546  6.489 0.1000000015
107858  -60.718  -0.936  5.146 0.1000000015
67560  -60.554  -0.571  4.717 0.1000000015
66715  -60.305  -2.026  3.838 0.1000000015
122507  -60.715  -3.579  2.163 0.1000000015
63120  -60.730  -5.745  0.360 0.1000000015
59593  -58.412  -10.270  -2.036 0.1000000015
60450  -58.450  -9.500  -1.727 0.1000000015
56905  -59.319  -13.531  -2.573 0.1000000015
57803  -58.635  -12.011  -2.236 0.1000000015
52890  -60.065  -18.174  -2.168 0.1000000015
121435  -59.787  -14.769  -2.892 0.1000000015
52903  -60.148  -18.304  -3.048 0.1000000015
56922  -60.007  -13.690  -3.457 0.1000000015
61232  -57.200  -8.404  9.857 0.1000000015
61243  -56.757  -8.030  8.912 0.1000000015
62137  -57.185  -7.229  8.614 0.1000000015
63037  -57.515  -6.428  8.246 0.1000000015
66689  -57.473  -1.542  6.484 0.1000000015
67534  -59.289  -0.821  7.136 0.1000000015
67554  -58.541  -0.493  5.537 0.1000000015
68426  -59.509  -0.167  5.697 0.1000000015
66708  -60.606  -0.987  4.294 0.1000000015
64998  -60.728  -4.320  1.841 0.1000000015
68451  -59.310  -0.104  4.885 0.1000000015
68459  -59.303  -0.248  4.184 0.1000000015
67566  -60.451  -0.525  3.813 0.1000000015
65877  -60.839  -2.725  1.902 0.1000000015
64079  -60.847  -5.010  1.004 0.1000000015
62240  -60.188  -6.828  -0.685 0.1000000015
67564  -59.800  -0.165  3.470 0.1000000015
68461  -60.347  -0.261  4.340 0.1000000015
114729  -60.624  -1.518  2.234 0.1000000015
59594  -58.942  -10.272  -2.616 0.1000000015
58692  -59.157  -11.622  -2.854 0.1000000015
58698  -59.991  -11.716  -3.508 0.1000000015
66700  -56.841  -1.636  5.809 0.1000000015
67541  -57.828  -0.962  6.109 0.1000000015
67553  -57.652  -1.050  5.266 0.1000000015
65008  -60.913  -3.765  1.521 0.1000000015
67571  -60.154  -0.367  2.649 0.1000000015
65878  -61.017  -2.981  1.233 0.1000000015
64091  -60.834  -5.126  0.493 0.1000000015
62239  -59.246  -7.634  -1.042 0.1000000015
119727  -60.480  -1.124  1.828 0.1000000015
64103  -60.819  -5.254  -0.091 0.1000000015
121697  -60.178  -7.100  -1.475 0.1000000015
61343  -59.138  -8.710  -2.281 0.1000000015
60460  -60.336  -9.885  -3.664 0.1000000015
59602  -59.574  -10.725  -3.186 0.1000000015
114118  -58.828  -0.685  3.761 0.1000000015
65016  -61.050  -3.908  0.962 0.1000000015
64092  -60.904  -4.687  0.140 0.1000000015
62223  -60.721  -5.900  -0.458 0.1000000015
115444  -61.013  -4.114  -0.237 0.1000000015
62241  -60.616  -6.280  -1.400 0.1000000015
62266  -60.422  -7.064  -2.220 0.1000000015
122643  -59.629  -8.983  -2.849 0.1000000015
61351  -60.178  -8.817  -3.402 0.1000000015
60459  -59.644  -9.713  -3.048 0.1000000015
67559  -58.522  -0.594  4.649 0.1000000015
64104  -60.910  -4.830  -0.555 0.1000000015
63138  -60.762  -5.671  -1.011 0.1000000015
127145  -60.799  -5.370  -0.608 0.1000000015
61345  -60.541  -7.298  -3.019 0.1000000015
65900  -60.994  -3.360  -0.684 0.1000000015
65033  -61.005  -3.963  -1.038 0.1000000015
64131  -60.873  -4.990  -2.053 0.1000000015
63154  -60.756  -5.783  -1.636 0.1000000015
63172  -60.749  -5.853  -2.433 0.1000000015
51471  -25.197  -18.364  40.856 0.1000000015
50389  -24.731  -18.810  40.198 0.1000000015
50404  -25.074  -18.823  39.299 0.1000000015
51492  -26.629  -18.605  38.571 0.1000000015
51472  -26.002  -18.063  40.334 0.1000000015
51493  -27.261  -18.219  38.321 0.1000000015
51507  -27.529  -18.109  37.516 0.1000000015
60367  -58.471  -9.787  7.777 0.2000000030
61260  -59.152  -8.845  7.732 0.2000000030
109158  -58.488  -9.250  7.101 0.2000000030
60355  -59.495  -9.230  8.978 0.3000000119
61268  -57.791  -8.949  5.915 0.2000000030
60346  -59.932  -9.436  9.591 0.2000000030
60392  -57.111  -10.304  4.727 0.2000000030
60403  -57.698  -9.136  2.820 0.1000000015
60378  -58.170  -10.165  7.048 0.2000000030
108800  -59.897  -8.355  7.936 0.1000000015
61269  -58.430  -8.692  6.540 0.2000000030
62172  -57.582  -8.032  5.347 0.2000000030
61186  -53.328  -8.602  14.878 0.2000000030
61175  -54.336  -8.524  15.968 0.2000000030
59440  -56.367  -10.634  12.664 0.1000000015
61173  -52.726  -8.621  15.559 0.2000000030
59370  -51.105  -10.360  16.363 0.2000000030
58490  -50.508  -11.549  16.538 0.2000000030
60268  -51.196  -9.389  15.757 0.2000000030
54320  -29.681  -15.553  37.573 0.1000000015
48618  -35.826  -21.678  18.609 0.3000000119
46736  -35.789  -23.323  11.403 0.2000000030
45844  -36.237  -24.330  10.849 0.2000000030
45852  -36.746  -24.021  10.066 0.2000000030
45853  -37.347  -24.422  9.655 0.2000000030
47626  -34.742  -22.384  14.015 0.2000000030
50892  -41.395  -19.377  7.880 0.2000000030
112921  -40.555  -19.818  8.169 0.2000000030
49800  -41.578  -20.906  7.035 0.2000000030
48719  -41.286  -21.722  6.936 0.2000000030
46751  -37.919  -22.908  8.792 0.2000000030
47656  -38.406  -22.371  8.551 0.2000000030
48720  -42.050  -21.502  6.610 0.2000000030
47672  -42.541  -22.124  6.283 0.2000000030
123995  -39.212  -20.397  9.038 0.2000000030
49788  -39.846  -20.087  8.591 0.2000000030
48729  -43.359  -21.855  5.958 0.2000000030
116303  -43.964  -22.425  5.650 0.2000000030
47684  -46.639  -22.274  4.807 0.2000000030
109359  -47.053  -21.528  5.054 0.2000000030
52646  -56.469  -17.291  21.870 0.2000000030
51693  -56.100  -18.216  22.859 0.1000000015
123866  -29.051  -15.611  39.043 0.1000000015
54301  -29.034  -15.650  38.005 0.1000000015
53397  -29.170  -16.335  35.476 0.1000000015
45877  -45.106  -24.162  5.010 0.2000000030
46787  -46.169  -23.613  4.599 0.2000000030
44851  -35.036  -25.658  18.417 0.2000000030
52649  -56.208  -17.483  21.408 0.2000000030
126789  -49.224  -13.858  13.171 0.2000000030
124209  -50.689  -12.323  15.486 0.2000000030
57613  -51.770  -11.826  15.626 0.3000000119
45774  -34.912  -24.470  19.279 0.2000000030
57612  -50.901  -11.748  16.002 0.2000000030
51436  -24.993  -18.966  43.743 0.2000000030
44988  -46.201  -25.341  4.179 0.2000000030
45886  -46.421  -24.408  4.326 0.2000000030
48747  -47.530  -22.089  4.726 0.2000000030
52665  -53.278  -17.077  20.031 0.3000000119
57615  -53.613  -12.556  15.518 0.3000000119
56732  -58.677  -13.219  12.924 0.3000000119
59482  -60.656  -9.965  10.183 0.3000000119
60354  -58.913  -9.439  8.488 0.2000000030
50919  -62.271  -19.111  5.561 0.4000000060
47357  -21.209  -22.584  41.517 0.2000000030
52406  -26.204  -17.284  43.181 0.2000000030
110906  -23.808  -19.235  41.945 0.1000000015
53320  -27.399  -16.421  41.941 0.2000000030
109907  -26.408  -17.523  40.875 0.1000000015
50419  -23.674  -19.640  38.905 0.1000000015
51491  -25.826  -18.757  38.913 0.1000000015
119346  -28.335  -16.384  36.264 0.1000000015
54319  -29.038  -15.746  37.123 0.1000000015
53378  -28.591  -16.042  36.784 0.1000000015
50438  -26.377  -19.414  37.219 0.1000000015
49412  -26.634  -19.971  35.012 0.1000000015
51523  -27.429  -18.128  35.173 0.1000000015
123648  -27.784  -17.072  34.427 0.1000000015
52483  -28.051  -16.855  34.248 0.1000000015
49309  -23.051  -20.487  42.547 0.1000000015
53342  -27.685  -16.794  39.863 0.1000000015
52420  -27.098  -17.234  40.335 0.1000000015
113868  -27.413  -17.673  38.778 0.1000000015
53354  -27.824  -16.927  38.868 0.1000000015
114709  -18.966  -19.109  39.277 0.1000000015
108374  -17.843  -19.254  37.707 0.1000000015
49382  -18.419  -19.977  36.165 0.1000000015
49406  -20.055  -20.283  35.867 0.1000000015
49321  -18.316  -19.995  42.602 0.1000000015
49305  -19.240  -19.899  43.075 0.2000000030
115066  -34.767  -23.826  18.907 0.2000000030
45779  -34.631  -24.394  18.575 0.2000000030
45787  -34.495  -24.490  17.804 0.2000000030
45858  -38.420  -24.065  8.741 0.2000000030
48607  -35.790  -22.214  19.137 0.3000000119
48626  -34.810  -22.060  17.627 0.2000000030
124613  -34.402  -23.154  17.493 0.2000000030
46757  -41.184  -23.402  7.139 0.2000000030
45871  -41.481  -24.154  7.148 0.2000000030
46764  -41.816  -23.604  6.642 0.2000000030
116705  -34.341  -23.815  17.284 0.2000000030
46755  -39.436  -23.093  7.849 0.2000000030
45799  -34.458  -23.893  16.452 0.2000000030
45813  -34.657  -23.863  15.603 0.2000000030
47657  -38.913  -22.572  8.119 0.2000000030
46721  -34.641  -23.095  14.305 0.2000000030
117761  -35.252  -23.933  13.128 0.2000000030
43175  -45.242  -27.601  4.619 0.2000000030
44984  -44.121  -25.739  5.594 0.2000000030
44985  -44.802  -25.826  5.103 0.2000000030
125502  -44.054  -25.072  5.583 0.2000000030
46765  -42.559  -23.682  6.228 0.2000000030
48701  -40.054  -21.605  7.581 0.2000000030
43188  -45.656  -27.780  4.004 0.2000000030
42293  -45.395  -28.364  4.499 0.2000000030
42292  -44.998  -28.174  5.046 0.2000000030
45884  -45.150  -24.947  4.936 0.2000000030
44987  -45.503  -25.676  4.584 0.2000000030
111111  -45.795  -24.938  4.535 0.2000000030
47681  -43.914  -23.237  5.591 0.2000000030
52800  -62.822  -17.923  6.560 0.5000000000
53721  -62.898  -16.226  6.982 0.5000000000
63093  -57.906  -7.303  2.772 0.2000000030
59562  -59.658  -10.776  1.553 0.1000000015
61227  -61.490  -8.753  10.826 0.1000000015
59443  -61.369  -10.038  12.570 0.2000000030
127715  -57.199  -7.038  3.766 0.2000000030
63094  -58.514  -6.649  2.753 0.2000000030
58652  -61.059  -11.788  1.458 0.1000000015
62205  -58.852  -7.568  1.640 0.1000000015
53578  -56.438  -16.234  22.111 0.1000000015
57646  -60.265  -13.027  13.931 0.3000000119
57634  -60.200  -12.633  14.966 0.3000000119
58518  -60.620  -12.018  14.387 0.3000000119
59421  -60.617  -10.226  14.230 0.2000000030
60315  -61.333  -9.197  12.241 0.2000000030
60347  -60.876  -9.289  9.656 0.1000000015
119235  -60.415  -8.380  8.264 0.1000000015
61261  -59.706  -8.181  7.541 0.1000000015
61270  -59.003  -7.728  6.549 0.2000000030
63046  -60.420  -7.083  7.289 0.1000000015
121329  -58.224  -7.137  5.660 0.2000000030
63055  -60.155  -6.468  6.780 0.1000000015
57706  -60.141  -12.871  6.900 0.3000000119
59525  -58.101  -10.975  6.963 0.3000000119
119151  -58.678  -6.164  5.607 0.2000000030
63066  -59.530  -5.919  6.159 0.1000000015
113862  -58.748  -7.832  0.864 0.1000000015
58496  -59.587  -11.823  16.003 0.2000000030
60303  -60.708  -9.369  13.691 0.1000000015
61210  -60.543  -8.388  13.338 0.1000000015
62099  -60.874  -6.944  12.314 0.1000000015
62100  -61.019  -7.417  12.432 0.1000000015
62982  -60.714  -6.703  12.196 0.1000000015
62993  -60.999  -6.084  11.661 0.1000000015
62108  -61.257  -6.731  11.160 0.1000000015
113918  -61.512  -7.892  10.239 0.2000000030
61234  -61.215  -8.576  9.279 0.1000000015
62120  -61.502  -6.644  10.130 0.1000000015
63984  -61.064  -4.930  10.885 0.1000000015
63969  -60.836  -5.588  11.283 0.1000000015
61246  -61.419  -7.622  9.137 0.2000000030
62139  -61.228  -7.395  8.223 0.1000000015
61233  -60.469  -8.840  8.888 0.1000000015
62157  -61.007  -7.067  7.661 0.1000000015
107956  -61.131  -4.427  10.444 0.1000000015
64010  -61.605  -4.711  8.739 0.1000000015
63047  -61.031  -6.220  7.295 0.1000000015
64018  -61.341  -5.064  7.243 0.1000000015
56875  -60.503  -13.310  0.097 0.1000000015
57782  -59.625  -13.189  -0.537 0.1000000015
59441  -57.299  -10.329  12.995 0.1000000015
60313  -58.650  -9.175  13.008 0.1000000015
61199  -60.179  -8.704  13.808 0.1000000015
61217  -58.058  -8.694  11.406 0.1000000015
126314  -58.737  -8.026  11.789 0.1000000015
62119  -58.241  -7.078  9.840 0.1000000015
62098  -59.992  -6.845  12.227 0.1000000015
63005  -59.981  -5.660  11.093 0.1000000015
62991  -60.510  -6.236  11.750 0.1000000015
63968  -60.859  -5.588  11.301 0.1000000015
64933  -60.602  -4.158  10.236 0.1000000015
64946  -61.416  -3.837  9.263 0.1000000015
64954  -61.451  -3.959  7.357 0.1000000015
64027  -60.445  -4.505  6.182 0.1000000015
123805  -59.677  -4.675  9.769 0.1000000015
123956  -58.576  -5.426  8.727 0.1000000015
65814  -60.603  -3.372  9.610 0.1000000015
64934  -61.124  -3.802  10.068 0.1000000015
65830  -61.409  -2.941  8.334 0.1000000015
65831  -61.326  -3.121  9.036 0.1000000015
64962  -61.110  -3.637  6.616 0.1000000015
55822  -59.892  -14.996  0.372 0.1000000015
58462  -54.761  -10.595  18.447 0.3000000119
61162  -55.275  -8.523  17.674 0.2000000030
60287  -55.096  -9.260  14.586 0.2000000030
59395  -58.255  -10.664  15.210 0.2000000030
59374  -59.188  -11.293  15.900 0.2000000030
65849  -60.152  -2.882  5.198 0.1000000015
65829  -60.692  -1.862  8.204 0.1000000015
124486  -61.088  -2.981  9.459 0.1000000015
66690  -61.038  -1.595  7.408 0.1000000015
65861  -59.767  -2.914  4.348 0.1000000015
126548  -60.748  -4.827  1.463 0.1000000015
59587  -58.170  -10.261  -1.211 0.1000000015
59347  -51.638  -9.903  16.602 0.2000000030
60253  -52.673  -9.245  17.814 0.2000000030
59329  -52.438  -9.930  18.272 0.2000000030
64016  -57.841  -5.022  7.628 0.1000000015
65822  -59.274  -2.745  8.171 0.1000000015
67544  -60.824  -1.513  7.622 0.1000000015
105736  -61.049  -1.803  6.558 0.1000000015
66701  -60.741  -2.143  5.689 0.1000000015
65869  -60.478  -2.518  2.859 0.1000000015
60334  -56.586  -9.751  10.439 0.1000000015
64952  -58.151  -3.308  7.402 0.1000000015
67535  -60.377  -1.169  7.376 0.1000000015
106976  -60.765  -1.036  6.888 0.1000000015
67555  -60.529  -0.674  5.709 0.1000000015
55844  -59.663  -15.413  -1.725 0.1000000015
58691  -58.610  -11.054  -2.344 0.1000000015
54845  -60.153  -16.336  -2.549 0.1000000015
125778  -57.818  -4.206  7.318 0.1000000015
111675  -58.549  -2.335  7.517 0.1000000015
67542  -58.846  -0.500  6.375 0.1000000015
68452  -60.031  0.014  4.981 0.1000000015
66716  -60.511  -1.141  3.248 0.1000000015
53814  -60.518  -17.304  -3.471 0.1000000015
57804  -59.341  -12.599  -2.922 0.1000000015
116752  -60.339  -18.007  -3.695 0.1000000015
55859  -60.612  -15.976  -3.895 0.1000000015
64080  -60.912  -4.567  0.690 0.1000000015
60451  -58.927  -9.582  -2.465 0.1000000015
65024  -61.029  -4.020  0.395 0.1000000015
61344  -60.040  -8.052  -2.826 0.1000000015
65885  -61.070  -3.144  0.606 0.1000000015
112804  -60.607  -6.424  -2.245 0.1000000015
64117  -60.848  -5.289  -1.118 0.1000000015
109219  -60.769  -20.581  5.361 0.2000000030
120054  -61.403  -20.123  5.450 0.2000000030
118328  -63.251  -17.236  6.204 0.4000000060
57713  -60.714  -12.789  6.307 0.3000000119
56789  -61.631  -13.654  6.819 0.3000000119
57712  -59.528  -12.400  6.566 0.3000000119
56794  -61.954  -13.431  6.348 0.3000000119
53672  -47.760  -15.986  14.636 0.2000000030
56666  -50.031  -12.830  17.323 0.1000000015
113893  -49.938  -11.458  16.455 0.1000000015
56703  -48.915  -13.987  14.048 0.1000000015
49835  -61.351  -20.242  5.497 0.2000000030
56788  -60.928  -13.397  6.926 0.3000000119
60267  -50.557  -9.794  15.528 0.1000000015
59369  -50.127  -10.666  15.789 0.1000000015
60285  -52.587  -8.637  14.781 0.1000000015
56681  -49.689  -13.243  16.715 0.1000000015
60286  -53.431  -9.067  14.087 0.1000000015
52807  -62.993  -18.050  5.391 0.3000000119
58616  -58.555  -11.687  6.811 0.2000000030
49834  -61.053  -20.976  5.322 0.2000000030
50932  -60.868  -19.688  5.420 0.2000000030
51893  -62.420  -18.581  5.259 0.2000000030
53728  -63.491  -16.422  5.903 0.4000000060
58617  -59.005  -11.989  6.014 0.2000000030
57714  -61.633  -13.045  5.974 0.3000000119
56793  -61.237  -13.227  6.591 0.3000000119
55738  -62.285  -13.860  6.592 0.4000000060
57611  -50.236  -12.291  16.819 0.1000000015
45538  -19.293  -24.145  43.758 0.1000000015
113033  -19.725  -24.698  44.349 0.1000000015
44575  -20.029  -25.287  44.934 0.1000000015
107960  -16.445  -20.785  42.313 0.1000000015
119406  -16.432  -21.436  42.073 0.1000000015
126865  -19.279  -24.861  42.621 0.1000000015
45545  -19.468  -25.476  42.408 0.1000000015
120513  -19.626  -26.232  42.497 0.1000000015
44583  -19.866  -25.409  44.036 0.1000000015
49291  -16.323  -19.955  42.972 0.1000000015
51435  -16.006  -18.590  43.245 0.1000000015
49303  -17.440  -19.650  42.503 0.1000000015
51457  -17.268  -18.219  42.034 0.1000000015
50372  -17.678  -18.895  42.569 0.1000000015
49302  -16.699  -20.587  41.944 0.1000000015
51447  -16.243  -18.288  42.644 0.1000000015
49437  -45.359  -19.860  35.311 0.1000000015
121446  -47.656  -20.660  33.398 0.1000000015
50528  -48.120  -19.400  33.033 0.1000000015
50511  -47.405  -19.080  33.596 0.1000000015
51566  -47.912  -18.385  33.156 0.1000000015
118054  -48.642  -18.196  32.193 0.1000000015
51589  -49.036  -18.112  31.326 0.1000000015
52518  -48.636  -17.380  31.811 0.1000000015
47342  -16.415  -21.922  41.619 0.1000000015
50361  -16.441  -18.693  42.992 0.1000000015
105721  -16.204  -19.092  43.530 0.1000000015
50371  -16.761  -19.593  42.790 0.1000000015
49474  -48.230  -20.295  32.850 0.1000000015
111444  -49.048  -19.064  31.522 0.1000000015
109849  -49.149  -18.736  30.989 0.1000000015
48251  -16.305  -20.989  42.704 0.1000000015
49455  -47.489  -19.888  33.525 0.1000000015
113229  -48.535  -18.971  32.427 0.1000000015
53640  -49.280  -14.147  17.161 0.1000000015
52819  -62.790  -17.922  4.991 0.2000000030
52808  -63.277  -17.304  4.931 0.2000000030
53734  -62.925  -16.997  4.593 0.2000000030
53666  -48.246  -15.252  15.732 0.1000000015
53729  -63.540  -16.375  4.797 0.2000000030
53735  -63.288  -16.775  4.587 0.2000000030
54746  -63.473  -15.654  4.314 0.2000000030
54740  -63.694  -15.587  4.867 0.2000000030
54662  -47.993  -15.196  15.017 0.1000000015
55732  -62.033  -14.253  6.998 0.2000000030
54726  -63.198  -15.425  6.510 0.3000000119
55739  -62.725  -14.504  6.651 0.3000000119
55740  -63.426  -14.846  5.798 0.3000000119
127025  -62.872  -14.077  6.236 0.3000000119
55751  -63.314  -14.102  5.382 0.3000000119
56800  -63.666  -14.119  4.275 0.2000000030
54586  -50.823  -12.882  18.799 0.1000000015
54571  -51.754  -14.252  19.208 0.1000000015
54585  -50.595  -14.301  18.341 0.1000000015
53659  -48.445  -15.133  16.135 0.1000000015
125781  -47.815  -16.047  15.261 0.1000000015
54647  -48.935  -14.415  16.647 0.1000000015
54572  -52.675  -15.258  19.392 0.1000000015
54615  -48.983  -14.127  17.237 0.1000000015
56798  -62.346  -13.289  5.554 0.3000000119
108933  -63.032  -17.381  4.760 0.2000000030
57720  -62.075  -12.988  4.944 0.2000000030
56799  -63.082  -13.557  5.022 0.2000000030
57725  -60.464  -12.553  4.588 0.2000000030
60401  -57.926  -9.886  3.063 0.1000000015
57726  -61.719  -12.642  4.055 0.2000000030
57736  -60.906  -12.339  3.535 0.2000000030
57719  -61.142  -12.766  5.329 0.2000000030
59545  -57.571  -10.658  3.655 0.2000000030
123997  -57.230  -9.909  3.615 0.2000000030
58625  -58.088  -11.517  3.836 0.2000000030
60391  -56.894  -9.414  3.821 0.2000000030
62183  -56.986  -7.802  3.939 0.2000000030
57718  -60.087  -12.498  5.731 0.1000000015
57717  -59.359  -12.358  4.930 0.2000000030
59537  -56.992  -10.255  3.986 0.2000000030
62184  -57.341  -7.120  4.539 0.2000000030
59532  -57.675  -11.021  5.284 0.1000000015
61290  -57.135  -8.097  4.579 0.2000000030
58621  -58.428  -11.757  5.264 0.1000000015
122805  -57.970  -11.544  4.597 0.2000000030
61277  -58.238  -8.115  6.042 0.1000000015
60384  -57.503  -10.032  5.653 0.1000000015
59533  -58.248  -11.298  6.133 0.1000000015
59524  -57.954  -10.568  6.247 0.1000000015
60377  -58.015  -9.649  6.440 0.1000000015
60400  -57.273  -9.226  3.328 0.1000000015
118335  -58.685  -12.087  4.271 0.2000000030
58626  -59.781  -12.335  3.904 0.2000000030
58635  -59.106  -11.871  3.411 0.2000000030
109692  -32.934  -39.195  24.432 0.1000000015
34034  -33.395  -39.049  24.576 0.1000000015
33149  -33.351  -39.437  25.195 0.1000000015
34017  -33.735  -38.937  25.173 0.1000000015
34813  -33.582  -38.083  24.393 0.1000000015
34801  -33.980  -37.754  25.427 0.1000000015
114149  -33.712  -39.461  25.772 0.1000000015
34006  -34.095  -39.073  25.908 0.1000000015
34788  -34.234  -38.166  26.179 0.1000000015
34007  -34.226  -39.166  26.647 0.1000000015
35581  -34.121  -36.652  26.212 0.1000000015
33994  -34.426  -38.898  27.456 0.1000000015
35592  -33.782  -36.014  25.572 0.1000000015
35582  -34.533  -35.820  26.689 0.1000000015
34770  -34.806  -38.331  28.208 0.1000000015
35593  -34.228  -35.302  26.056 0.1000000015
36379  -35.530  -34.622  26.443 0.1000000015
34789  -34.380  -37.448  26.953 0.1000000015
34777  -34.704  -37.465  27.644 0.1000000015
35574  -34.842  -36.264  27.334 0.1000000015
35583  -35.192  -35.277  26.882 0.1000000015
34771  -35.434  -37.370  28.748 0.1000000015
34778  -35.171  -36.746  27.996 0.1000000015
36392  -35.413  -34.010  25.713 0.1000000015
38452  -52.568  -32.459  3.640 0.1000000015
35565  -35.863  -36.098  28.263 0.1000000015
35576  -36.335  -35.306  27.610 0.1000000015
37291  -34.524  -33.901  25.286 0.1000000015
112857  -52.879  -32.404  4.179 0.1000000015
38453  -53.568  -32.316  3.812 0.1000000015
35566  -36.761  -35.652  28.342 0.1000000015
35577  -37.167  -35.033  27.683 0.1000000015
116319  -36.045  -33.329  24.947 0.1000000015
38431  -52.828  -32.301  4.785 0.1000000015
36360  -38.535  -34.886  28.023 0.1000000015
38184  -35.739  -32.873  24.281 0.1000000015
39376  -52.519  -31.796  6.976 0.1000000015
39388  -52.852  -31.919  6.143 0.1000000015
39411  -53.700  -31.997  4.766 0.1000000015
38185  -36.588  -32.815  24.365 0.1000000015
39377  -53.105  -31.271  7.561 0.1000000015
123401  -53.461  -31.630  6.033 0.1000000015
39412  -54.579  -31.793  4.182 0.1000000015
112731  -54.604  -31.476  5.016 0.1000000015
39389  -54.035  -31.232  6.327 0.1000000015
38451  -51.715  -32.480  3.669 0.1000000015
38443  -52.223  -32.451  4.259 0.1000000015
38442  -51.331  -32.482  4.467 0.1000000015
36370  -36.735  -34.669  27.045 0.1000000015
118010  -36.331  -34.254  26.322 0.1000000015
108362  -52.075  -32.427  4.884 0.1000000015
36371  -37.539  -34.475  27.131 0.1000000015
38430  -52.440  -32.253  5.499 0.1000000015
117409  -53.028  -32.431  2.973 0.1000000015
38467  -51.630  -32.468  2.367 0.1000000015
38469  -53.944  -32.382  2.952 0.1000000015
112613  -53.657  -32.384  2.169 0.1000000015
36372  -38.368  -34.347  27.253 0.1000000015
36381  -37.970  -34.020  26.588 0.1000000015
36380  -37.201  -34.146  26.516 0.1000000015
37306  -36.894  -33.184  24.957 0.1000000015
39375  -51.121  -31.896  7.916 0.1000000015
38404  -51.635  -32.101  7.158 0.1000000015
38454  -54.717  -32.043  3.313 0.1000000015
38470  -54.899  -32.174  2.432 0.1000000015
112425  -39.055  -34.463  27.676 0.1000000015
38199  -36.310  -32.458  23.691 0.1000000015
38200  -37.153  -32.436  23.799 0.1000000015
39170  -37.444  -31.748  22.473 0.1000000015
42227  -44.700  -28.564  13.149 0.1000000015
114109  -44.855  -28.640  14.031 0.1000000015
111747  -51.286  -32.479  3.029 0.1000000015
38450  -50.824  -32.489  3.681 0.1000000015
113122  -52.108  -32.472  2.995 0.1000000015
37292  -36.482  -33.638  25.585 0.1000000015
115372  -51.518  -32.416  5.467 0.1000000015
37293  -37.288  -33.410  25.493 0.1000000015
110307  -50.789  -32.450  5.819 0.1000000015
38466  -50.945  -32.459  2.462 0.1000000015
36383  -39.151  -34.061  27.040 0.1000000015
36382  -38.602  -33.877  26.675 0.1000000015
37278  -37.670  -33.661  26.017 0.1000000015
124386  -50.619  -31.649  8.421 0.1000000015
39374  -50.273  -31.950  7.908 0.1000000015
107303  -50.270  -32.418  2.217 0.1000000015
38489  -51.007  -32.446  1.719 0.1000000015
38468  -52.508  -32.455  2.296 0.1000000015
38491  -52.802  -32.463  1.592 0.1000000015
37266  -39.920  -33.694  26.902 0.1000000015
37307  -37.575  -33.082  24.978 0.1000000015
39355  -49.839  -31.512  8.587 0.1000000015
39476  -48.322  -31.440  0.529 0.1000000015
39457  -49.095  -32.034  1.163 0.1000000015
38488  -50.055  -32.372  1.395 0.1000000015
37267  -40.670  -34.068  27.547 0.1000000015
37281  -40.897  -33.446  26.804 0.1000000015
111867  -37.752  -32.166  23.179 0.1000000015
39419  -55.868  -31.439  3.625 0.1000000015
37268  -41.941  -33.531  27.237 0.1000000015
38201  -38.611  -32.213  23.368 0.1000000015
42272  -48.477  -28.348  9.458 0.1000000015
37269  -43.105  -33.646  27.856 0.1000000015
38220  -39.225  -31.995  22.785 0.1000000015
107591  -48.381  -27.341  9.456 0.1000000015
39172  -39.813  -31.787  22.178 0.1000000015
43995  -47.154  -25.079  10.385 0.1000000015
44949  -47.398  -24.716  9.776 0.1000000015
43994  -46.124  -25.950  10.689 0.1000000015
43119  -44.958  -27.341  11.379 0.1000000015
43120  -45.647  -27.035  11.259 0.1000000015
109077  -44.128  -27.708  11.505 0.1000000015
42246  -43.660  -28.288  11.989 0.1000000015
42209  -43.755  -28.037  14.616 0.1000000015
42218  -43.576  -28.407  13.891 0.1000000015
43068  -44.474  -27.917  15.640 0.1000000015
42210  -44.782  -28.394  15.175 0.1000000015
115557  -44.906  -28.573  14.742 0.1000000015
42201  -44.990  -28.732  15.416 0.1000000015
41289  -45.193  -28.949  15.095 0.1000000015
113924  -44.769  -29.120  15.411 0.1000000015
38429  -50.657  -32.482  5.107 0.1000000015
110688  -50.142  -32.468  5.725 0.1000000015
38416  -49.647  -32.413  6.390 0.1000000015
37294  -38.130  -33.203  25.400 0.1000000015
39372  -48.582  -31.811  7.601 0.1000000015
39436  -49.564  -32.267  1.940 0.1000000015
38490  -51.934  -32.464  1.695 0.1000000015
38492  -53.668  -32.431  1.379 0.1000000015
37280  -39.174  -33.517  26.398 0.1000000015
37295  -39.027  -33.166  25.612 0.1000000015
38167  -38.761  -32.843  24.980 0.1000000015
37308  -38.127  -32.762  24.681 0.1000000015
40406  -49.162  -30.915  9.053 0.1000000015
38517  -51.489  -32.456  0.998 0.1000000015
38455  -55.780  -31.691  2.765 0.1000000015
37296  -40.018  -33.172  25.950 0.1000000015
38187  -38.885  -32.480  24.263 0.1000000015
40405  -48.346  -30.351  9.063 0.1000000015
39477  -49.003  -31.793  0.227 0.1000000015
37282  -41.624  -33.175  26.483 0.1000000015
38203  -40.215  -32.249  23.708 0.1000000015
125014  -47.978  -29.000  9.350 0.1000000015
39413  -56.437  -30.941  4.405 0.1000000015
37284  -43.740  -33.294  27.348 0.1000000015
108363  -40.869  -32.140  23.106 0.1000000015
44038  -48.154  -25.172  9.594 0.1000000015
43154  -47.740  -26.729  9.443 0.1000000015
38139  -44.896  -32.792  27.632 0.1000000015
38232  -41.692  -31.998  21.741 0.1000000015
44948  -46.315  -24.751  9.865 0.1000000015
44037  -46.384  -25.252  9.662 0.1000000015
39205  -42.020  -31.775  20.281 0.1000000015
39188  -43.334  -31.752  21.210 0.1000000015
43993  -45.201  -26.105  10.707 0.1000000015
44018  -45.512  -25.028  10.208 0.1000000015
44947  -45.527  -24.814  10.020 0.1000000015
126126  -43.727  -26.863  11.028 0.1000000015
42226  -43.301  -28.411  12.739 0.1000000015
43079  -43.839  -27.788  15.117 0.1000000015
43078  -42.366  -27.715  14.758 0.1000000015
110452  -44.696  -28.489  15.885 0.1000000015
38465  -50.450  -32.468  2.969 0.1000000015
38440  -49.425  -32.419  4.376 0.1000000015
38449  -49.808  -32.441  3.623 0.1000000015
39401  -48.155  -32.131  5.866 0.1000000015
38427  -48.912  -32.360  5.160 0.1000000015
39400  -47.452  -31.614  5.632 0.1000000015
39385  -46.847  -31.299  6.290 0.1000000015
39371  -47.775  -31.640  7.347 0.1000000015
39353  -48.112  -31.344  8.055 0.1000000015
122163  -52.217  -32.470  1.112 0.1000000015
38493  -55.022  -32.246  1.438 0.1000000015
107069  -37.986  -32.427  23.977 0.1000000015
40427  -47.736  -30.721  8.493 0.1000000015
38515  -49.730  -32.219  0.470 0.1000000015
38516  -50.626  -32.410  0.780 0.1000000015
107245  -51.138  -32.428  0.148 0.1000000015
38518  -52.950  -32.499  0.758 0.1000000015
120103  -56.680  -31.555  1.798 0.1000000015
39420  -57.265  -31.158  2.629 0.1000000015
38170  -41.305  -32.596  25.374 0.1000000015
38168  -39.608  -32.665  24.978 0.1000000015
38202  -39.434  -32.235  23.544 0.1000000015
106562  -47.446  -29.696  9.027 0.1000000015
39494  -48.519  -31.185  -0.403 0.1000000015
39495  -49.438  -31.783  -0.526 0.1000000015
38541  -50.277  -32.296  -0.170 0.1000000015
106667  -57.569  -30.789  3.519 0.1000000015
106709  -42.912  -32.669  25.800 0.1000000015
38221  -40.043  -32.065  22.916 0.1000000015
120677  -47.003  -27.811  9.373 0.1000000015
41384  -46.693  -28.825  9.134 0.1000000015
41479  -47.807  -29.196  -0.483 0.1000000015
38153  -43.860  -32.925  26.559 0.1000000015
37283  -42.648  -33.162  26.697 0.1000000015
43153  -46.748  -26.712  9.449 0.1000000015
119719  -45.727  -24.795  9.894 0.1000000015
44036  -45.350  -25.449  9.614 0.1000000015
39206  -42.827  -31.594  20.537 0.1000000015
44016  -44.094  -25.421  10.173 0.1000000015
44946  -44.743  -25.081  9.973 0.1000000015
39223  -43.085  -31.181  20.197 0.1000000015
127651  -43.904  -30.489  20.516 0.1000000015
43140  -43.531  -26.261  10.616 0.1000000015
40259  -43.318  -30.368  19.917 0.1000000015
42245  -42.610  -28.076  11.669 0.1000000015
43117  -42.377  -27.297  11.053 0.1000000015
42217  -41.945  -28.256  13.954 0.1000000015
42225  -42.069  -28.415  13.023 0.1000000015
43955  -43.206  -27.014  16.132 0.1000000015
43067  -42.812  -27.343  15.412 0.1000000015
42193  -44.768  -28.336  16.352 0.1000000015
38448  -49.068  -32.263  3.368 0.1000000015
38464  -49.496  -32.311  2.746 0.1000000015
39418  -48.507  -32.004  3.687 0.1000000015
38439  -49.076  -32.336  3.872 0.1000000015
39399  -46.827  -31.088  5.380 0.1000000015
39410  -48.079  -31.893  4.965 0.1000000015
41418  -44.737  -29.106  6.124 0.1000000015
40453  -46.239  -30.718  5.919 0.1000000015
42285  -44.277  -28.538  6.521 0.1000000015
122612  -46.245  -30.820  6.885 0.1000000015
39370  -47.014  -31.353  7.101 0.1000000015
39475  -47.697  -31.130  0.844 0.1000000015
112865  -44.177  -28.611  7.192 0.1000000015
41403  -45.058  -29.556  7.394 0.1000000015
121576  -46.704  -30.880  7.548 0.1000000015
41402  -44.542  -28.872  7.742 0.1000000015
41398  -45.291  -29.311  8.138 0.1000000015
106623  -51.992  -32.475  0.391 0.1000000015
38543  -52.608  -32.539  -0.317 0.1000000015
38519  -54.117  -32.439  0.760 0.1000000015
38171  -42.120  -32.508  25.033 0.1000000015
106965  -41.169  -32.413  24.726 0.1000000015
107485  -39.691  -32.388  24.207 0.1000000015
42276  -45.755  -28.789  8.783 0.1000000015
40530  -48.102  -30.411  -0.566 0.1000000015
40537  -48.653  -30.506  -1.082 0.1000000015
39496  -50.112  -32.055  -1.106 0.1000000015
106303  -50.831  -32.383  -0.757 0.1000000015
38542  -51.633  -32.497  -0.500 0.1000000015
38172  -44.198  -32.551  25.719 0.1000000015
106238  -41.867  -32.332  24.172 0.1000000015
38204  -41.004  -32.261  23.949 0.1000000015
107374  -46.196  -27.927  9.263 0.1000000015
42270  -45.308  -27.904  9.049 0.1000000015
106955  -48.280  -29.615  -0.936 0.1000000015
38173  -45.613  -32.314  25.739 0.1000000015
106198  -43.371  -32.463  24.954 0.1000000015
38189  -42.718  -32.357  24.361 0.1000000015
38205  -42.775  -32.235  23.537 0.1000000015
126683  -42.360  -32.151  22.821 0.1000000015
38222  -41.637  -32.100  22.528 0.1000000015
44035  -44.456  -25.713  9.479 0.1000000015
43151  -44.880  -26.826  9.215 0.1000000015
117515  -46.369  -31.794  25.167 0.1000000015
106823  -45.153  -32.010  23.751 0.1000000015
38224  -44.495  -31.755  22.547 0.1000000015
38223  -43.321  -32.111  22.648 0.1000000015
44945  -43.847  -25.400  9.937 0.1000000015
44965  -44.184  -25.331  9.851 0.1000000015
40209  -47.613  -29.889  25.334 0.1000000015
39161  -46.585  -30.747  23.506 0.1000000015
119485  -47.667  -29.526  23.908 0.1000000015
39174  -45.942  -30.669  22.673 0.1000000015
39207  -43.961  -31.118  20.876 0.1000000015
44015  -43.321  -25.642  10.129 0.1000000015
44944  -42.906  -25.676  9.779 0.1000000015
40216  -46.787  -29.404  24.452 0.1000000015
40226  -46.790  -29.268  22.788 0.1000000015
111369  -44.880  -29.299  20.510 0.1000000015
43139  -42.732  -26.408  10.529 0.1000000015
44014  -42.149  -26.064  10.020 0.1000000015
41229  -43.832  -29.353  19.537 0.1000000015
42176  -45.733  -27.219  19.334 0.1000000015
41245  -44.677  -28.540  19.003 0.1000000015
43939  -45.202  -26.895  18.458 0.1000000015
43937  -43.552  -25.769  17.863 0.1000000015
42244  -41.897  -28.271  12.115 0.1000000015
108603  -40.940  -28.066  11.752 0.1000000015
42186  -45.384  -27.606  18.364 0.1000000015
43948  -44.474  -26.966  17.344 0.1000000015
43088  -40.625  -27.937  13.554 0.1000000015
42185  -45.228  -27.965  17.581 0.1000000015
42194  -45.039  -27.948  16.971 0.1000000015
43060  -44.553  -27.753  16.455 0.1000000015
107838  -48.504  -31.847  2.909 0.1000000015
40476  -47.198  -30.947  3.972 0.1000000015
39417  -47.832  -31.464  3.443 0.1000000015
40475  -46.480  -30.321  4.265 0.1000000015
106216  -48.828  -31.947  2.078 0.1000000015
42290  -45.142  -28.923  5.228 0.1000000015
39456  -48.218  -31.539  1.393 0.1000000015
118847  -43.043  -25.879  6.466 0.1000000015
44982  -43.395  -25.325  6.014 0.1000000015
40518  -47.214  -30.554  0.887 0.1000000015
45872  -42.155  -24.362  6.623 0.1000000015
44051  -43.142  -26.545  6.671 0.1000000015
38520  -55.467  -32.214  0.517 0.1000000015
44044  -42.622  -25.984  7.006 0.1000000015
42278  -43.570  -27.733  7.601 0.1000000015
120469  -44.271  -28.256  8.223 0.1000000015
106696  -52.014  -32.597  -1.123 0.1000000015
38544  -53.549  -32.633  -0.578 0.1000000015
108361  -54.411  -32.496  0.005 0.1000000015
44041  -42.371  -25.814  7.919 0.1000000015
42274  -43.722  -27.431  8.310 0.1000000015
106209  -44.908  -28.572  8.473 0.1000000015
41484  -48.968  -29.744  -1.513 0.1000000015
40538  -49.311  -30.548  -1.548 0.1000000015
38560  -51.364  -32.439  -1.318 0.1000000015
38494  -57.126  -31.602  0.700 0.1000000015
44042  -42.951  -26.378  8.437 0.1000000015
44964  -43.167  -25.691  9.479 0.1000000015
124625  -44.158  -26.870  8.932 0.1000000015
39189  -44.449  -31.265  21.560 0.1000000015
38234  -43.818  -31.831  21.929 0.1000000015
44962  -40.976  -25.622  9.149 0.1000000015
44963  -42.485  -25.665  9.264 0.1000000015
40221  -47.352  -29.292  23.733 0.1000000015
39190  -45.632  -30.389  22.140 0.1000000015
40230  -45.311  -30.196  21.677 0.1000000015
44033  -41.381  -26.066  9.633 0.1000000015
41203  -46.072  -29.346  23.615 0.1000000015
41204  -47.006  -28.918  23.102 0.1000000015
41218  -46.487  -28.674  22.464 0.1000000015
43137  -40.794  -27.447  10.921 0.1000000015
44013  -41.139  -26.666  10.181 0.1000000015
41210  -43.907  -29.295  22.552 0.1000000015
41211  -46.070  -28.843  22.760 0.1000000015
109578  -45.607  -26.415  19.548 0.1000000015
44853  -43.741  -25.496  18.650 0.1000000015
43115  -39.998  -27.720  11.543 0.1000000015
43938  -44.574  -26.226  18.341 0.1000000015
44894  -42.478  -25.526  17.453 0.1000000015
44910  -41.218  -25.841  16.070 0.1000000015
43100  -40.362  -28.052  12.553 0.1000000015
43954  -41.879  -26.561  15.763 0.1000000015
43963  -40.433  -26.805  14.761 0.1000000015
43087  -39.692  -27.629  13.179 0.1000000015
40483  -47.214  -30.800  3.071 0.1000000015
117310  -47.746  -31.324  2.787 0.1000000015
41429  -46.032  -29.119  3.429 0.1000000015
39455  -47.498  -31.057  1.524 0.1000000015
39435  -47.983  -31.477  2.169 0.1000000015
45873  -42.903  -24.499  6.144 0.1000000015
40517  -46.710  -29.860  1.105 0.1000000015
38545  -55.771  -32.368  -0.274 0.1000000015
38563  -54.587  -32.762  -0.821 0.1000000015
112069  -56.831  -31.836  0.093 0.1000000015
45864  -41.284  -24.651  7.806 0.1000000015
39514  -50.335  -31.466  -1.851 0.1000000015
38561  -52.787  -32.704  -1.383 0.1000000015
43224  -48.046  -27.769  0.117 0.1000000015
41485  -49.636  -29.773  -1.940 0.1000000015
40539  -50.003  -30.588  -1.997 0.1000000015
44969  -41.301  -25.196  8.542 0.1000000015
44970  -42.034  -25.440  8.695 0.1000000015
44101  -48.519  -26.717  0.936 0.1000000015
43218  -48.660  -27.116  0.079 0.1000000015
112752  -40.547  -25.158  8.721 0.1000000015
40231  -46.356  -29.322  22.366 0.1000000015
40243  -46.458  -28.818  22.106 0.1000000015
41224  -46.446  -28.344  21.647 0.1000000015
42154  -46.611  -28.085  22.090 0.1000000015
42172  -46.261  -27.317  20.480 0.1000000015
44012  -40.090  -26.944  10.374 0.1000000015
123586  -39.616  -26.318  9.771 0.1000000015
42153  -46.185  -27.651  21.897 0.1000000015
43895  -43.190  -25.745  19.409 0.1000000015
44852  -42.776  -25.433  18.324 0.1000000015
44874  -41.757  -25.451  17.697 0.1000000015
41216  -44.346  -28.573  21.877 0.1000000015
41223  -42.852  -28.754  21.135 0.1000000015
122686  -41.643  -25.427  17.128 0.1000000015
44909  -40.404  -25.550  16.040 0.1000000015
43952  -39.875  -25.957  15.271 0.1000000015
43970  -39.218  -27.014  13.716 0.1000000015
43086  -38.816  -27.305  12.820 0.1000000015
43953  -40.831  -26.250  15.483 0.1000000015
43962  -39.582  -26.562  14.483 0.1000000015
43076  -40.044  -27.316  14.018 0.1000000015
110636  -46.331  -29.632  3.146 0.1000000015
40497  -46.601  -30.094  2.439 0.1000000015
124795  -46.587  -29.971  1.728 0.1000000015
42324  -46.329  -28.685  2.099 0.1000000015
37569  -54.546  -33.163  -1.880 0.1000000015
38546  -57.796  -31.890  -0.560 0.1000000015
38562  -53.709  -32.848  -1.328 0.1000000015
38521  -58.148  -31.477  -0.030 0.1000000015
40551  -50.903  -30.645  -2.426 0.1000000015
39531  -51.015  -31.701  -2.184 0.1000000015
107564  -51.960  -32.564  -1.911 0.1000000015
45860  -40.018  -23.939  8.003 0.1000000015
41490  -50.387  -29.686  -2.351 0.1000000015
44968  -39.759  -24.759  8.596 0.1000000015
44961  -39.241  -25.256  9.080 0.1000000015
44942  -37.943  -25.977  10.155 0.1000000015
42163  -46.000  -27.095  21.435 0.1000000015
41231  -46.391  -28.037  20.939 0.1000000015
43978  -37.479  -26.567  12.238 0.1000000015
43113  -38.609  -27.207  11.466 0.1000000015
111733  -39.232  -26.761  10.314 0.1000000015
42162  -43.194  -27.916  20.708 0.1000000015
43022  -44.600  -26.714  20.740 0.1000000015
114406  -44.210  -25.927  20.040 0.1000000015
43936  -41.913  -25.528  18.240 0.1000000015
44918  -38.571  -25.785  14.885 0.1000000015
43960  -38.074  -26.139  14.123 0.1000000015
41222  -41.764  -28.617  20.301 0.1000000015
42170  -42.632  -27.460  20.119 0.1000000015
43036  -41.998  -26.810  19.419 0.1000000015
109415  -41.242  -25.986  18.265 0.1000000015
44873  -40.235  -25.509  17.095 0.1000000015
127600  -39.627  -25.467  15.878 0.1000000015
43961  -38.845  -26.371  14.283 0.1000000015
43969  -38.457  -26.710  13.496 0.1000000015
43197  -45.921  -27.968  3.367 0.1000000015
40498  -47.294  -30.880  2.276 0.1000000015
37585  -55.040  -33.318  -2.885 0.1000000015
113320  -55.852  -33.328  -2.302 0.1000000015
37584  -54.044  -33.074  -2.672 0.1000000015
37557  -58.353  -32.427  -1.314 0.1000000015
39533  -52.430  -31.418  -2.839 0.1000000015
38571  -52.491  -32.344  -2.473 0.1000000015
38547  -58.984  -31.928  -0.902 0.1000000015
118133  -51.567  -31.243  -2.527 0.1000000015
39532  -51.709  -32.033  -2.376 0.1000000015
38495  -58.747  -31.419  0.246 0.1000000015
114151  -50.107  -26.139  1.292 0.1000000015
43234  -49.617  -27.733  -1.484 0.1000000015
45837  -36.152  -24.865  11.422 0.1000000015
44932  -36.518  -25.186  10.962 0.1000000015
43977  -36.745  -25.973  11.962 0.1000000015
43990  -37.200  -26.239  11.336 0.1000000015
107122  -39.574  -28.880  20.004 0.1000000015
42167  -39.775  -28.229  19.048 0.1000000015
43047  -39.471  -27.429  18.418 0.1000000015
43913  -39.227  -26.713  17.805 0.1000000015
114666  -38.989  -26.040  17.222 0.1000000015
118173  -38.945  -25.583  16.681 0.1000000015
44907  -38.412  -25.524  15.552 0.1000000015
44924  -37.234  -25.885  13.843 0.1000000015
43035  -40.874  -27.699  19.105 0.1000000015
43048  -41.081  -26.722  18.707 0.1000000015
43914  -40.279  -26.515  18.131 0.1000000015
110724  -39.041  -25.395  16.060 0.1000000015
38581  -55.266  -32.718  -3.885 0.1000000015
38580  -54.042  -32.734  -3.182 0.1000000015
37600  -54.718  -33.097  -3.221 0.1000000015
108173  -57.234  -33.374  -2.690 0.1000000015
38579  -53.250  -32.181  -3.098 0.1000000015
37570  -57.140  -33.068  -1.914 0.1000000015
40563  -51.877  -30.450  -2.816 0.1000000015
37558  -59.099  -32.887  -1.563 0.1000000015
43235  -50.389  -27.428  -1.779 0.1000000015
41491  -51.358  -29.489  -2.699 0.1000000015
37531  -58.884  -32.975  -0.278 0.1000000015
38548  -59.049  -32.010  -0.922 0.1000000015
45041  -49.852  -26.230  0.539 0.1000000015
44108  -49.663  -26.526  -0.357 0.1000000015
44116  -49.909  -26.853  -1.226 0.1000000015
38523  -59.009  -31.883  -0.509 0.1000000015
44868  -35.007  -25.386  17.536 0.1000000015
43910  -35.490  -26.381  18.675 0.1000000015
45824  -34.847  -23.815  14.750 0.1000000015
43034  -37.783  -28.068  18.952 0.1000000015
44905  -36.651  -25.415  15.615 0.1000000015
111339  -36.102  -25.130  14.928 0.1000000015
44915  -35.928  -25.090  13.942 0.1000000015
44922  -35.808  -25.119  13.068 0.1000000015
42174  -38.715  -28.478  19.544 0.1000000015
43046  -38.510  -27.513  18.196 0.1000000015
43933  -38.270  -26.755  17.567 0.1000000015
44871  -38.064  -25.960  16.893 0.1000000015
44906  -37.547  -25.489  15.661 0.1000000015
122638  -36.976  -25.427  15.092 0.1000000015
44923  -36.424  -25.543  13.437 0.1000000015
43189  -46.052  -27.193  3.519 0.1000000015
122143  -54.314  -29.677  -3.621 0.1000000015
40566  -54.925  -30.960  -4.103 0.1000000015
124446  -57.107  -33.410  -4.167 0.1000000015
37587  -57.870  -33.582  -3.560 0.1000000015
42371  -52.978  -28.794  -3.088 0.1000000015
115857  -53.551  -31.238  -3.420 0.1000000015
37572  -59.151  -33.615  -2.488 0.1000000015
36748  -59.214  -34.161  -2.665 0.1000000015
43244  -51.858  -27.584  -2.310 0.1000000015
127551  -52.063  -28.883  -2.876 0.1000000015
40564  -52.813  -30.441  -3.248 0.1000000015
44117  -50.474  -26.308  -1.230 0.1000000015
43236  -51.188  -27.099  -1.994 0.1000000015
42363  -51.535  -28.473  -2.543 0.1000000015
37542  -59.169  -32.848  -0.979 0.1000000015
45022  -51.830  -25.878  2.389 0.1000000015
45042  -50.442  -25.784  0.675 0.1000000015
45047  -50.295  -25.789  -0.122 0.1000000015
127383  -50.048  -26.389  -0.922 0.1000000015
36719  -58.886  -33.808  -0.727 0.1000000015
126110  -52.250  -25.210  4.407 0.1000000015
44989  -52.428  -25.571  3.839 0.1000000015
45008  -52.241  -25.806  3.074 0.1000000015
43033  -36.816  -27.736  19.072 0.1000000015
43044  -36.720  -27.450  18.412 0.1000000015
43911  -36.106  -26.924  18.168 0.1000000015
44888  -35.409  -25.291  16.580 0.1000000015
45800  -34.952  -24.594  16.097 0.1000000015
46714  -34.491  -23.145  15.143 0.1000000015
111079  -37.214  -27.744  18.590 0.1000000015
43931  -36.414  -26.582  17.454 0.1000000015
44904  -35.741  -25.164  15.777 0.1000000015
43045  -37.509  -27.472  18.051 0.1000000015
43932  -37.351  -26.695  17.390 0.1000000015
44870  -36.969  -26.132  16.799 0.1000000015
37602  -57.396  -33.202  -5.470 0.1000000015
38592  -57.564  -33.408  -6.043 0.1000000015
115757  -55.605  -29.685  -4.226 0.1000000015
39548  -56.185  -31.557  -4.724 0.1000000015
106649  -54.978  -28.947  -3.553 0.1000000015
37603  -58.325  -33.775  -4.637 0.1000000015
43245  -52.992  -27.090  -2.371 0.1000000015
42364  -53.519  -27.847  -2.722 0.1000000015
37588  -59.047  -33.856  -3.284 0.1000000015
37589  -59.246  -34.023  -3.150 0.1000000015
45955  -51.262  -24.882  -1.095 0.1000000015
44128  -52.115  -26.689  -2.085 0.1000000015
45934  -50.776  -25.139  0.821 0.1000000015
45054  -50.901  -25.627  -1.189 0.1000000015
44118  -51.350  -26.260  -1.619 0.1000000015
109729  -59.124  -33.944  -1.586 0.1000000015
44990  -53.194  -25.480  3.666 0.1000000015
45009  -52.756  -25.577  3.227 0.1000000015
45036  -51.416  -25.602  1.736 0.1000000015
45878  -53.577  -25.078  4.961 0.1000000015
36702  -58.185  -34.275  0.050 0.1000000015
39556  -56.617  -31.172  -5.573 0.1000000015
38591  -57.017  -32.564  -5.788 0.1000000015
39555  -56.628  -30.991  -5.484 0.1000000015
38590  -56.869  -31.928  -5.536 0.1000000015
37615  -58.116  -33.736  -5.847 0.1000000015
43259  -54.707  -27.593  -2.857 0.1000000015
42373  -56.175  -28.235  -3.672 0.1000000015
36786  -58.509  -34.248  -5.244 0.1000000015
45056  -53.166  -24.787  -1.447 0.1000000015
44130  -54.062  -26.088  -2.139 0.1000000015
115992  -55.086  -28.143  -3.241 0.1000000015
36775  -58.680  -34.191  -3.832 0.1000000015
107957  -58.659  -34.217  -3.834 0.1000000015
45949  -51.271  -24.328  -0.504 0.1000000015
44119  -52.527  -25.839  -1.712 0.1000000015
45891  -55.097  -25.043  4.055 0.1000000015
45910  -53.875  -25.192  3.562 0.1000000015
45919  -52.000  -25.286  2.177 0.1000000015
45944  -51.098  -24.271  1.095 0.1000000015
108384  -54.516  -25.234  3.916 0.1000000015
45909  -53.098  -25.335  3.135 0.1000000015
36718  -58.178  -34.576  -0.412 0.1000000015
36747  -58.642  -34.602  -2.110 0.1000000015
118386  -54.067  -24.739  5.417 0.1000000015
36701  -57.431  -34.977  1.055 0.1000000015
37519  -57.788  -33.839  1.611 0.1000000015
40579  -56.972  -29.276  -5.162 0.1000000015
40578  -56.649  -30.178  -5.383 0.1000000015
42374  -56.970  -28.254  -4.531 0.1000000015
42388  -57.247  -28.956  -4.957 0.1000000015
37626  -57.957  -33.737  -6.077 0.1000000015
47749  -52.368  -22.305  0.669 0.1000000015
46851  -52.884  -22.670  -0.437 0.1000000015
45058  -55.986  -23.878  -1.868 0.1000000015
44131  -55.384  -25.821  -2.293 0.1000000015
36785  -58.264  -33.996  -5.832 0.1000000015
47714  -53.788  -23.033  3.707 0.1000000015
120793  -52.254  -22.786  2.295 0.1000000015
47760  -52.300  -22.705  0.100 0.1000000015
46858  -52.229  -23.507  -0.616 0.1000000015
45069  -55.192  -24.962  -1.818 0.1000000015
36774  -58.737  -34.252  -5.125 0.1000000015
36760  -58.007  -34.524  -3.467 0.1000000015
46814  -54.658  -23.998  3.810 0.1000000015
114675  -51.516  -23.248  1.169 0.1000000015
46846  -51.521  -23.342  0.510 0.1000000015
45956  -52.359  -24.185  -1.129 0.1000000015
109257  -58.813  -34.462  -3.001 0.1000000015
46782  -57.218  -24.190  4.656 0.1000000015
46795  -55.374  -24.566  4.073 0.1000000015
46812  -53.257  -24.680  3.135 0.1000000015
46836  -51.452  -23.973  1.717 0.1000000015
46781  -55.670  -24.534  5.380 0.1000000015
45880  -55.244  -25.000  4.583 0.1000000015
36731  -57.060  -34.787  -0.628 0.1000000015
107752  -57.598  -34.912  0.522 0.1000000015
121849  -57.219  -28.872  -5.084 0.1000000015
40585  -56.619  -30.091  -5.432 0.1000000015
39561  -56.253  -31.237  -5.891 0.1000000015
38600  -56.950  -32.945  -6.137 0.1000000015
108856  -53.234  -22.087  3.334 0.1000000015
119148  -52.577  -21.689  1.887 0.1000000015
118288  -53.394  -21.834  -0.248 0.1000000015
45958  -55.398  -23.204  -1.691 0.1000000015
44133  -56.763  -25.629  -2.982 0.1000000015
43276  -57.123  -28.246  -4.990 0.1000000015
40584  -56.351  -30.644  -5.756 0.1000000015
37625  -57.333  -33.605  -6.095 0.1000000015
47700  -54.398  -22.581  4.134 0.1000000015
47726  -52.719  -22.202  2.701 0.1000000015
47771  -54.446  -22.044  -1.143 0.1000000015
46861  -55.146  -22.890  -1.772 0.1000000015
45978  -56.632  -24.693  -2.643 0.1000000015
43270  -56.839  -27.509  -4.498 0.1000000015
41521  -56.771  -29.277  -5.417 0.1000000015
36784  -57.917  -34.295  -5.583 0.1000000015
36773  -57.748  -34.471  -4.415 0.1000000015
47703  -57.002  -23.884  4.414 0.1000000015
47701  -55.199  -23.593  4.183 0.1000000015
47770  -54.153  -21.781  -1.257 0.1000000015
45977  -56.311  -24.384  -2.534 0.1000000015
40583  -55.038  -30.728  -5.686 0.1000000015
46783  -57.950  -23.881  4.747 0.1000000015
47769  -53.249  -21.604  -1.639 0.1000000015
45968  -53.984  -23.182  -2.502 0.1000000015
45081  -54.291  -25.038  -3.454 0.1000000015
106612  -56.437  -34.716  -3.482 0.1000000015
105933  -57.618  -34.724  -2.611 0.1000000015
106413  -57.261  -34.777  -1.574 0.1000000015
36717  -56.878  -34.933  0.254 0.1000000015
106240  -55.608  -34.731  -0.179 0.1000000015
108855  -56.538  -32.038  -5.999 0.1000000015
48751  -53.948  -21.275  4.033 0.1000000015
48772  -52.950  -20.998  2.046 0.1000000015
111933  -53.220  -21.374  0.276 0.1000000015
48740  -57.203  -22.173  4.981 0.1000000015
48752  -54.746  -21.710  4.450 0.1000000015
49846  -53.100  -20.521  2.844 0.1000000015
48785  -53.053  -20.921  1.146 0.1000000015
38599  -55.639  -32.789  -5.846 0.1000000015
115242  -56.448  -34.601  -4.772 0.1000000015
47692  -59.558  -22.754  4.907 0.1000000015
48754  -56.602  -22.837  4.618 0.1000000015
48753  -55.581  -22.181  4.629 0.1000000015
49876  -52.690  -20.631  0.701 0.1000000015
48811  -53.431  -21.268  -0.420 0.1000000015
41520  -55.857  -29.843  -5.725 0.1000000015
39560  -55.005  -31.822  -5.669 0.1000000015
47690  -58.578  -23.466  4.706 0.1000000015
118470  -53.110  -20.965  -0.750 0.1000000015
38589  -54.184  -32.839  -5.413 0.1000000015
106077  -55.939  -34.723  -2.177 0.1000000015
106078  -55.707  -34.711  -1.119 0.1000000015
50927  -55.372  -19.827  5.240 0.1000000015
50939  -54.725  -19.475  5.021 0.1000000015
116932  -57.125  -20.164  5.666 0.1000000015
50940  -54.938  -20.292  4.856 0.1000000015
49837  -53.841  -20.332  4.091 0.1000000015
36794  -56.409  -34.076  -5.802 0.1000000015
119614  -56.763  -34.288  -5.544 0.1000000015
111515  -58.206  -20.392  5.720 0.1000000015
49829  -55.699  -20.600  5.178 0.1000000015
50958  -52.768  -19.989  2.661 0.1000000015
48742  -59.515  -22.586  4.886 0.1000000015
49855  -52.135  -20.011  1.885 0.1000000015
36793  -55.241  -34.139  -5.505 0.1000000015
36783  -55.299  -34.501  -5.098 0.1000000015
36782  -54.184  -34.361  -5.029 0.1000000015
37613  -53.547  -33.818  -5.042 0.1000000015
36759  -54.781  -34.833  -2.895 0.1000000015
36771  -53.929  -34.740  -4.362 0.1000000015
36758  -53.732  -34.990  -3.517 0.1000000015
127494  -52.861  -34.981  -2.113 0.1000000015
36746  -54.592  -34.686  -1.757 0.1000000015
116718  -56.462  -18.870  5.868 0.1000000015
115496  -55.454  -18.946  5.507 0.1000000015
51900  -60.214  -18.588  5.668 0.1000000015
51897  -55.879  -18.264  5.868 0.1000000015
50931  -59.713  -19.559  5.721 0.1000000015
122158  -53.898  -18.329  4.995 0.1000000015
50938  -53.697  -19.677  4.219 0.1000000015
49818  -61.115  -21.125  5.531 0.1000000015
110225  -59.547  -20.724  5.561 0.1000000015
50951  -52.547  -19.251  3.533 0.1000000015
57727  -62.654  -12.930  3.944 0.1000000015
57728  -63.255  -13.421  3.329 0.1000000015
54739  -63.303  -16.325  4.482 0.1000000015
54738  -62.339  -16.015  4.633 0.1000000015
55764  -63.164  -14.774  3.549 0.1000000015
53733  -61.765  -16.804  5.016 0.1000000015
124002  -58.589  -16.930  5.813 0.1000000015
127722  -61.133  -15.286  4.878 0.1000000015
114121  -61.672  -19.262  5.318 0.1000000015
51895  -54.271  -17.798  5.373 0.1000000015
52813  -55.958  -17.592  5.989 0.1000000015
52811  -53.479  -17.589  5.143 0.1000000015
120046  -55.419  -17.147  5.842 0.1000000015
51918  -51.683  -18.528  3.722 0.1000000015
57738  -62.728  -12.843  2.973 0.1000000015
54736  -59.634  -15.915  5.474 0.1000000015
55750  -62.114  -15.079  4.301 0.1000000015
54735  -58.493  -16.107  5.655 0.1000000015
55749  -60.779  -14.744  4.598 0.1000000015
52812  -54.576  -17.074  5.636 0.1000000015
125083  -53.992  -17.299  5.431 0.1000000015
51917  -50.815  -18.593  3.346 0.1000000015
111139  -50.032  -18.799  2.960 0.1000000015
52823  -51.077  -16.921  4.420 0.1000000015
51916  -49.873  -17.914  3.507 0.1000000015
50956  -49.244  -19.046  2.404 0.1000000015
113316  -48.047  -19.537  1.204 0.1000000015
49886  -47.489  -20.802  0.510 0.1000000015
57737  -61.853  -12.437  3.034 0.1000000015
55776  -62.959  -14.131  2.984 0.1000000015
55747  -58.960  -15.177  5.298 0.1000000015
54733  -56.666  -16.060  5.770 0.1000000015
55774  -60.591  -14.297  3.968 0.1000000015
53731  -53.660  -16.719  5.440 0.1000000015
118247  -54.888  -15.482  5.538 0.1000000015
55745  -56.911  -14.924  5.292 0.1000000015
52810  -52.772  -16.851  5.144 0.1000000015
119545  -53.646  -15.964  5.484 0.1000000015
55744  -55.651  -15.067  5.414 0.1000000015
51905  -51.746  -17.717  4.334 0.1000000015
53730  -52.906  -15.970  5.335 0.1000000015
122614  -54.249  -14.943  5.364 0.1000000015
52824  -51.953  -16.910  4.776 0.1000000015
55742  -53.555  -14.937  5.303 0.1000000015
53740  -51.503  -16.085  4.691 0.1000000015
55756  -52.296  -14.973  4.794 0.1000000015
52836  -50.203  -16.997  3.969 0.1000000015
54743  -51.108  -15.522  4.228 0.1000000015
55755  -51.764  -14.892  4.187 0.1000000015
51915  -48.879  -17.717  3.214 0.1000000015
53751  -49.771  -16.327  3.723 0.1000000015
55771  -51.020  -15.047  3.596 0.1000000015
49872  -47.102  -19.935  1.142 0.1000000015
51921  -47.641  -18.223  2.194 0.1000000015
53750  -49.026  -16.380  3.303 0.1000000015
55770  -50.377  -15.063  3.043 0.1000000015
58636  -61.228  -12.092  2.674 0.1000000015
58627  -60.199  -12.026  3.037 0.1000000015
56841  -62.753  -13.196  2.351 0.1000000015
56824  -60.568  -13.953  3.199 0.1000000015
55760  -57.467  -14.527  4.895 0.1000000015
55759  -55.648  -14.496  5.030 0.1000000015
122088  -53.630  -14.176  4.441 0.1000000015
116276  -52.466  -14.609  4.396 0.1000000015
56817  -52.969  -14.025  3.258 0.1000000015
55784  -52.279  -14.262  2.880 0.1000000015
40217  -47.639  -29.616  24.425 0.1000000015
41215  -42.487  -29.386  21.864 0.1000000015
39152  -47.422  -30.394  26.190 0.1000000015
41202  -43.986  -29.588  23.448 0.1000000015
40519  -47.686  -30.720  0.105 0.1000000015
40529  -47.631  -29.890  -0.328 0.1000000015
48743  -60.189  -22.138  5.147 0.1000000015
105614  -49.309  -29.179  -1.805 0.1000000015
42347  -47.780  -28.503  -0.135 0.1000000015
45908  -51.761  -25.614  3.605 0.1000000015
46799  -58.419  -23.598  4.720 0.1000000015
44867  -34.673  -25.007  18.277 0.1000000015
45855  -38.814  -24.679  8.872 0.1000000015
44960  -38.479  -25.404  9.471 0.1000000015
45829  -35.510  -24.530  13.513 0.1000000015
45832  -35.575  -24.545  12.592 0.1000000015
45833  -35.917  -24.980  12.034 0.1000000015
40466  -46.303  -30.490  5.047 0.1000000015
109639  -45.525  -29.538  5.102 0.1000000015
42289  -44.606  -28.366  5.707 0.1000000015
43174  -44.704  -27.540  5.284 0.1000000015
46766  -43.312  -23.786  5.810 0.1000000015
43166  -44.027  -27.699  6.155 0.1000000015
41430  -46.179  -29.667  3.884 0.1000000015
44974  -42.224  -25.447  7.294 0.1000000015
45814  -35.283  -24.522  15.242 0.1000000015
49833  -60.615  -21.510  5.277 0.1000000015
56811  -63.426  -13.591  4.076 0.1000000015
55766  -63.677  -14.688  3.722 0.1000000015
51901  -61.499  -18.240  5.295 0.1000000015
59546  -58.634  -10.950  3.023 0.1000000015
34033  -33.112  -38.802  23.850 0.1000000015
35575  -35.539  -35.686  27.508 0.1000000015
39402  -53.210  -31.972  5.472 0.1000000015
105463  -53.321  -31.439  6.686 0.1000000015
38419  -52.047  -32.206  6.278 0.1000000015
111308  -53.932  -31.577  5.573 0.1000000015
38403  -50.760  -32.241  7.208 0.1000000015
38418  -51.204  -32.348  6.402 0.1000000015
37279  -38.425  -33.530  26.120 0.1000000015
38417  -50.407  -32.406  6.469 0.1000000015
39356  -50.604  -31.326  8.969 0.1000000015
39373  -49.416  -31.905  7.816 0.1000000015
38402  -49.913  -32.271  7.184 0.1000000015
38401  -49.087  -32.271  7.053 0.1000000015
39354  -48.915  -31.467  8.352 0.1000000015
42271  -47.664  -28.336  9.356 0.1000000015
42273  -49.201  -27.065  9.565 0.1000000015
38231  -40.788  -31.918  22.157 0.1000000015
44020  -47.873  -24.408  10.001 0.1000000015
113382  -47.318  -25.620  9.537 0.1000000015
44019  -46.139  -24.728  10.079 0.1000000015
119439  -46.912  -24.620  9.830 0.1000000015
43992  -44.301  -26.343  10.761 0.1000000015
41306  -45.314  -28.994  14.674 0.1000000015
38441  -50.314  -32.485  4.358 0.1000000015
38428  -49.825  -32.466  5.022 0.1000000015
38415  -48.903  -32.366  6.178 0.1000000015
39387  -48.292  -32.120  6.813 0.1000000015
40428  -48.437  -31.015  8.619 0.1000000015
37297  -41.009  -32.940  25.943 0.1000000015
107290  -49.837  -30.427  9.528 0.1000000015
109942  -46.215  -29.698  8.455 0.1000000015
38233  -42.621  -32.068  21.950 0.1000000015
43152  -45.795  -26.711  9.382 0.1000000015
44017  -44.865  -25.158  10.180 0.1000000015
43118  -43.194  -27.269  11.190 0.1000000015
43077  -41.047  -27.622  14.367 0.1000000015
123067  -48.638  -32.185  4.351 0.1000000015
39386  -47.549  -31.748  6.544 0.1000000015
40452  -45.626  -30.239  6.340 0.1000000015
40443  -47.346  -31.117  7.799 0.1000000015
108935  -46.874  -30.478  8.240 0.1000000015
120871  -53.486  -32.515  0.150 0.1000000015
38169  -40.552  -32.620  25.257 0.1000000015
39512  -49.034  -31.178  -1.083 0.1000000015
44966  -45.078  -24.960  9.909 0.1000000015
40242  -45.068  -29.744  21.190 0.1000000015
43116  -41.693  -27.738  11.332 0.1000000015
42216  -41.149  -28.300  13.119 0.1000000015
42243  -41.217  -28.281  12.470 0.1000000015
43964  -41.457  -27.137  15.097 0.1000000015
112204  -47.923  -31.665  4.188 0.1000000015
39408  -46.842  -30.848  4.669 0.1000000015
41419  -45.260  -29.634  5.815 0.1000000015
41411  -45.075  -29.684  6.628 0.1000000015
41410  -44.551  -29.131  6.925 0.1000000015
42284  -43.780  -28.116  7.040 0.1000000015
43170  -43.635  -26.939  6.247 0.1000000015
40442  -45.554  -30.165  7.137 0.1000000015
43165  -43.347  -27.366  6.982 0.1000000015
40425  -45.621  -29.860  7.765 0.1000000015
39513  -49.644  -31.352  -1.421 0.1000000015
108512  -44.959  -32.314  24.769 0.1000000015
38190  -43.779  -32.309  24.084 0.1000000015
38206  -44.088  -32.136  23.228 0.1000000015
44034  -43.615  -26.117  9.054 0.1000000015
39156  -46.471  -31.425  24.381 0.1000000015
38207  -45.206  -31.615  23.074 0.1000000015
39173  -44.841  -31.333  22.091 0.1000000015
40222  -47.232  -29.372  23.351 0.1000000015
127631  -42.815  -25.799  10.107 0.1000000015
44943  -41.943  -25.630  9.280 0.1000000015
41230  -45.568  -28.284  20.016 0.1000000015
44032  -40.523  -26.253  9.678 0.1000000015
43049  -45.459  -26.862  18.948 0.1000000015
43039  -45.900  -26.545  20.155 0.1000000015
42171  -45.705  -27.779  19.428 0.1000000015
42175  -45.361  -27.876  18.456 0.1000000015
43138  -41.805  -26.953  10.660 0.1000000015
43918  -45.184  -26.170  19.112 0.1000000015
43055  -45.117  -27.514  17.794 0.1000000015
43947  -43.406  -26.432  16.949 0.1000000015
41260  -44.471  -28.492  17.971 0.1000000015
43946  -42.091  -25.901  16.573 0.1000000015
40482  -46.623  -30.219  3.447 0.1000000015
44981  -42.552  -25.224  6.631 0.1000000015
43159  -43.244  -27.195  7.803 0.1000000015
44973  -41.813  -25.234  7.871 0.1000000015
38559  -50.745  -32.153  -1.555 0.1000000015
44971  -42.509  -25.651  8.847 0.1000000015
126076  -40.037  -27.445  10.907 0.1000000015
41217  -46.144  -28.232  22.292 0.1000000015
43896  -44.379  -25.729  19.634 0.1000000015
43038  -45.260  -26.146  20.216 0.1000000015
111810  -42.733  -25.553  18.735 0.1000000015
43916  -43.565  -25.476  19.032 0.1000000015
109149  -41.109  -25.470  16.606 0.1000000015
43099  -39.452  -27.673  12.313 0.1000000015
38570  -51.290  -32.262  -1.924 0.1000000015
45861  -40.626  -24.592  8.223 0.1000000015
42354  -49.413  -28.534  -1.719 0.1000000015
118139  -39.984  -25.619  9.170 0.1000000015
43023  -46.149  -26.758  20.895 0.1000000015
43136  -39.351  -27.291  10.948 0.1000000015
43915  -42.007  -25.952  18.781 0.1000000015
43935  -40.899  -25.653  17.701 0.1000000015
107461  -40.998  -25.395  17.184 0.1000000015
43114  -39.231  -27.517  11.657 0.1000000015
42152  -44.639  -27.694  21.395 0.1000000015
44893  -40.466  -25.439  16.724 0.1000000015
44919  -39.191  -25.992  14.891 0.1000000015
44908  -39.123  -25.597  15.447 0.1000000015
37556  -56.159  -32.879  -1.228 0.1000000015
37568  -53.403  -32.980  -2.037 0.1000000015
38522  -58.854  -31.660  -0.419 0.1000000015
120182  -52.702  -32.713  -2.117 0.1000000015
42361  -49.864  -29.000  -2.191 0.1000000015
125353  -39.204  -25.788  9.444 0.1000000015
42164  -46.353  -27.584  21.505 0.1000000015
44941  -37.141  -25.693  10.602 0.1000000015
44031  -38.766  -26.242  9.889 0.1000000015
44928  -36.237  -25.472  12.500 0.1000000015
44929  -36.895  -26.056  12.871 0.1000000015
118735  -38.131  -26.867  12.777 0.1000000015
43979  -38.253  -27.112  12.136 0.1000000015
43991  -37.874  -26.765  11.407 0.1000000015
43135  -38.424  -26.721  10.663 0.1000000015
43037  -43.297  -26.428  19.967 0.1000000015
44917  -37.682  -25.619  14.818 0.1000000015
43968  -37.667  -26.437  13.235 0.1000000015
124816  -38.817  -27.448  12.076 0.1000000015
42169  -41.542  -27.948  19.626 0.1000000015
43934  -39.862  -25.959  17.452 0.1000000015
44892  -39.737  -25.465  16.513 0.1000000015
37586  -56.281  -33.414  -3.216 0.1000000015
37583  -53.261  -32.680  -2.574 0.1000000015
42362  -50.661  -28.784  -2.433 0.1000000015
42355  -50.118  -28.218  -2.049 0.1000000015
45021  -50.954  -26.077  2.248 0.1000000015
116684  -36.357  -25.380  11.672 0.1000000015
44011  -37.647  -26.337  10.787 0.1000000015
44927  -35.831  -25.056  12.531 0.1000000015
42168  -40.663  -28.569  19.639 0.1000000015
124324  -40.280  -27.360  18.650 0.1000000015
125191  -38.837  -28.074  18.766 0.1000000015
44872  -39.530  -25.609  17.028 0.1000000015
44890  -37.444  -25.644  16.313 0.1000000015
44891  -38.282  -25.510  16.204 0.1000000015
44916  -36.707  -25.477  14.376 0.1000000015
37601  -56.003  -33.232  -3.824 0.1000000015
39547  -54.472  -31.969  -3.703 0.1000000015
109572  -58.595  -33.519  -2.814 0.1000000015
37571  -58.668  -33.030  -2.094 0.1000000015
41501  -52.319  -29.597  -3.092 0.1000000015
43243  -50.954  -27.929  -2.205 0.1000000015
111004  -50.618  -26.773  -1.596 0.1000000015
45035  -50.863  -25.973  1.520 0.1000000015
43930  -35.554  -26.251  17.844 0.1000000015
45825  -35.438  -24.497  14.392 0.1000000015
44889  -36.471  -25.617  16.271 0.1000000015
110143  -37.080  -25.502  15.980 0.1000000015
37614  -56.670  -32.351  -4.904 0.1000000015
41503  -53.812  -29.111  -3.333 0.1000000015
40565  -53.896  -30.361  -3.593 0.1000000015
41502  -53.258  -29.655  -3.369 0.1000000015
108333  -52.460  -28.138  -2.599 0.1000000015
44109  -50.375  -26.012  -0.719 0.1000000015
45048  -50.711  -25.187  -0.646 0.1000000015
125704  -51.405  -26.025  1.965 0.1000000015
45920  -52.538  -25.576  2.773 0.1000000015
45889  -52.886  -25.310  4.478 0.1000000015
44869  -35.879  -26.042  16.963 0.1000000015
43912  -36.809  -27.136  17.821 0.1000000015
127163  -54.953  -30.219  -4.097 0.1000000015
40577  -56.358  -30.468  -4.799 0.1000000015
42372  -54.072  -28.410  -3.136 0.1000000015
44129  -53.061  -26.258  -2.008 0.1000000015
45055  -51.816  -25.269  -1.435 0.1000000015
118523  -50.565  -24.920  -0.022 0.1000000015
126817  -51.513  -25.035  1.662 0.1000000015
36732  -58.298  -34.622  -1.215 0.1000000015
45890  -53.833  -25.410  4.132 0.1000000015
41515  -56.898  -29.613  -4.988 0.1000000015
43247  -55.685  -26.658  -2.693 0.1000000015
43246  -54.317  -26.896  -2.472 0.1000000015
41504  -56.398  -29.006  -4.323 0.1000000015
45068  -53.787  -25.406  -1.713 0.1000000015
46850  -51.705  -23.457  -0.150 0.1000000015
45943  -50.970  -24.169  0.224 0.1000000015
45911  -54.719  -24.924  3.760 0.1000000015
45892  -55.541  -24.654  4.298 0.1000000015
46823  -52.716  -25.002  2.629 0.1000000015
43249  -56.880  -26.735  -3.808 0.1000000015
43248  -56.620  -26.444  -3.318 0.1000000015
42389  -57.178  -28.482  -4.930 0.1000000015
47739  -51.977  -22.611  1.677 0.1000000015
47750  -52.826  -21.452  0.989 0.1000000015
46859  -53.584  -23.042  -0.885 0.1000000015
47761  -54.186  -22.165  -0.859 0.1000000015
45957  -54.171  -23.580  -1.258 0.1000000015
45057  -54.797  -24.239  -1.481 0.1000000015
45070  -56.209  -24.666  -2.372 0.1000000015
44132  -56.501  -25.586  -2.731 0.1000000015
47713  -53.085  -23.285  3.301 0.1000000015
124051  -55.767  -23.971  4.177 0.1000000015
46813  -53.968  -24.363  3.532 0.1000000015
110927  -52.513  -23.624  2.773 0.1000000015
47725  -51.927  -23.868  2.316 0.1000000015
46797  -56.952  -24.144  4.467 0.1000000015
46796  -56.078  -24.308  4.371 0.1000000015
42396  -57.189  -28.835  -5.138 0.1000000015
37624  -56.100  -33.582  -5.920 0.1000000015
117767  -53.709  -21.990  3.779 0.1000000015
48763  -53.437  -21.224  3.373 0.1000000015
48762  -53.129  -21.216  2.801 0.1000000015
45959  -55.873  -23.474  -2.027 0.1000000015
46860  -54.652  -22.563  -1.420 0.1000000015
45970  -56.298  -24.156  -2.345 0.1000000015
45071  -56.630  -24.862  -2.781 0.1000000015
44148  -56.753  -25.971  -3.346 0.1000000015
43271  -56.939  -27.684  -4.441 0.1000000015
43275  -56.595  -27.907  -5.122 0.1000000015
108461  -55.123  -22.640  4.405 0.1000000015
48812  -54.101  -21.724  -0.878 0.1000000015
118546  -56.060  -23.750  -2.224 0.1000000015
45083  -56.643  -25.031  -3.093 0.1000000015
45088  -56.717  -25.878  -3.404 0.1000000015
47689  -57.776  -23.391  4.598 0.1000000015
47702  -55.891  -23.405  4.398 0.1000000015
46798  -57.816  -23.851  4.627 0.1000000015
46870  -54.612  -22.455  -1.993 0.1000000015
47778  -53.889  -21.987  -1.830 0.1000000015
47779  -54.485  -22.324  -1.429 0.1000000015
48820  -53.644  -21.340  -1.036 0.1000000015
45976  -55.482  -23.990  -2.782 0.1000000015
45969  -55.336  -23.149  -2.207 0.1000000015
45082  -55.768  -24.872  -3.331 0.1000000015
44147  -55.817  -25.912  -3.886 0.1000000015
46869  -53.036  -22.829  -2.422 0.1000000015
49839  -55.219  -21.157  4.775 0.1000000015
49838  -54.467  -20.763  4.442 0.1000000015
127540  -53.054  -20.765  2.469 0.1000000015
48739  -56.104  -21.629  5.010 0.1000000015
49831  -57.726  -21.329  5.368 0.1000000015
49856  -52.770  -20.367  2.248 0.1000000015
49847  -53.444  -20.476  3.526 0.1000000015
48798  -53.190  -20.959  0.340 0.1000000015
37623  -54.715  -33.681  -5.528 0.1000000015
118145  -59.121  -23.093  4.665 0.1000000015
48741  -58.562  -22.712  4.718 0.1000000015
48797  -52.936  -20.773  -0.168 0.1000000015
108596  -52.726  -20.587  1.525 0.1000000015
106079  -54.483  -34.638  -0.747 0.1000000015
107915  -54.290  -19.935  4.476 0.1000000015
50928  -56.184  -19.818  5.526 0.1000000015
50929  -57.519  -19.257  5.956 0.1000000015
125939  -56.780  -19.501  5.782 0.1000000015
50930  -58.629  -19.600  5.873 0.1000000015
50952  -53.319  -19.781  3.736 0.1000000015
49830  -56.631  -20.925  5.345 0.1000000015
113347  -52.976  -19.905  3.131 0.1000000015
122494  -52.242  -19.764  2.490 0.1000000015
49832  -58.959  -21.683  5.203 0.1000000015
127683  -52.088  -20.265  1.297 0.1000000015
36772  -54.981  -34.835  -4.092 0.1000000015
105934  -53.645  -34.903  -2.456 0.1000000015
51898  -57.182  -18.236  6.057 0.1000000015
125867  -56.437  -18.067  6.037 0.1000000015
51899  -58.478  -18.426  5.951 0.1000000015
52818  -61.291  -17.382  5.308 0.1000000015
52817  -60.269  -17.507  5.605 0.1000000015
52814  -56.729  -17.478  6.038 0.1000000015
50937  -53.184  -19.128  4.146 0.1000000015
118909  -53.945  -19.099  4.642 0.1000000015
51896  -54.554  -18.597  5.238 0.1000000015
112014  -55.155  -17.907  5.664 0.1000000015
51907  -53.263  -18.387  4.609 0.1000000015
127536  -52.447  -19.635  2.968 0.1000000015
51906  -52.483  -18.471  4.181 0.1000000015
50950  -51.678  -19.256  3.057 0.1000000015
56812  -63.610  -14.015  3.446 0.1000000015
55777  -63.473  -14.221  3.306 0.1000000015
56827  -63.223  -13.662  2.812 0.1000000015
54737  -60.844  -15.898  5.224 0.1000000015
53732  -60.466  -16.675  5.463 0.1000000015
52815  -57.580  -17.515  6.008 0.1000000015
125860  -58.287  -17.438  5.924 0.1000000015
117085  -59.368  -16.764  5.668 0.1000000015
117086  -57.890  -16.812  5.899 0.1000000015
55748  -60.078  -15.162  5.148 0.1000000015
117088  -56.141  -16.756  5.912 0.1000000015
55763  -61.840  -14.479  3.774 0.1000000015
117087  -57.075  -16.787  5.957 0.1000000015
54734  -57.483  -16.085  5.764 0.1000000015
55762  -59.548  -14.598  4.694 0.1000000015
119714  -55.216  -16.413  5.745 0.1000000015
118397  -54.340  -16.190  5.594 0.1000000015
52825  -52.608  -17.663  4.704 0.1000000015
50957  -50.832  -19.150  2.805 0.1000000015
52837  -50.878  -17.765  3.909 0.1000000015
51923  -49.266  -18.393  3.055 0.1000000015
51922  -48.535  -18.320  2.665 0.1000000015
119455  -48.633  -20.008  0.845 0.1000000015
49873  -47.930  -20.141  0.746 0.1000000015
50955  -48.299  -18.878  1.858 0.1000000015
55775  -61.729  -13.983  3.067 0.1000000015
55746  -57.811  -15.225  5.397 0.1000000015
55761  -58.418  -14.618  4.903 0.1000000015
54732  -55.838  -15.842  5.673 0.1000000015
118084  -57.051  -15.518  5.573 0.1000000015
56810  -59.583  -14.179  3.888 0.1000000015
118085  -56.396  -15.352  5.510 0.1000000015
122239  -56.226  -14.803  5.241 0.1000000015
54731  -54.003  -15.464  5.478 0.1000000015
55743  -54.888  -14.724  5.237 0.1000000015
121888  -52.228  -16.255  5.039 0.1000000015
54730  -53.362  -15.470  5.390 0.1000000015
112207  -54.067  -14.452  4.992 0.1000000015
54744  -52.209  -15.585  4.995 0.1000000015
55757  -53.068  -14.584  4.853 0.1000000015
54729  -52.833  -15.170  5.208 0.1000000015
125769  -51.752  -15.380  4.611 0.1000000015
53739  -50.591  -16.224  4.220 0.1000000015
52835  -49.343  -17.045  3.552 0.1000000015
54758  -50.250  -15.629  3.653 0.1000000015
112212  -51.658  -14.578  3.357 0.1000000015
55772  -52.329  -14.394  3.741 0.1000000015
50954  -47.351  -18.935  1.565 0.1000000015
54757  -49.419  -15.853  3.299 0.1000000015
52834  -48.552  -16.978  3.133 0.1000000015
53754  -48.454  -16.388  2.877 0.1000000015
54756  -48.767  -15.938  2.867 0.1000000015
56807  -56.501  -14.359  4.794 0.1000000015
56806  -55.696  -14.027  4.473 0.1000000015
56804  -54.361  -13.969  4.335 0.1000000015
52816  -59.137  -17.582  5.805 0.1000000015
33046  -36.526  -38.460  32.655 0.1000000015
33064  -33.998  -39.462  29.934 0.1000000015
33082  -34.802  -39.494  30.108 0.1000000015
33961  -36.148  -38.690  31.218 0.1000000015
34681  -22.495  -37.198  41.811 0.1000000015
34724  -40.401  -36.364  33.425 0.1000000015
34745  -34.502  -37.122  31.869 0.1000000015
35498  -18.886  -35.586  35.010 0.1000000015
35541  -42.468  -35.669  32.763 0.2000000030
35553  -42.856  -35.795  31.888 0.2000000030
36359  -37.859  -34.794  27.703 0.1000000015
36369  -35.933  -34.920  26.973 0.1000000015
36733  -59.220  -33.746  -2.422 0.1000000015
36749  -59.275  -33.944  -2.931 0.1000000015
36761  -59.169  -34.140  -3.206 0.1000000015
36795  -57.684  -34.008  -6.052 0.1000000015
37163  -36.174  -32.651  35.881 0.8999999762
37241  -43.964  -33.031  29.497 0.2000000030
37277  -36.993  -33.829  25.992 0.1000000015
38005  -33.590  -31.985  37.162 0.8999999762
38059  -36.838  -31.876  33.239 0.8000000119
38100  -44.822  -31.778  29.070 0.2000000030
38152  -41.878  -32.805  25.878 0.1000000015
38174  -46.843  -31.472  25.950 0.1000000015
38186  -37.390  -32.748  24.468 0.1000000015
38188  -40.355  -32.401  24.484 0.1000000015
38444  -53.237  -32.290  4.392 0.1000000015
39007  -35.371  -31.647  36.692 0.8999999762
39066  -36.555  -31.646  33.523 0.8999999762
39104  -34.824  -31.696  28.552 0.6999999881
39109  -44.205  -30.954  29.289 0.2000000030
39110  -44.764  -31.001  29.167 0.2000000030
39157  -47.564  -30.649  25.319 0.1000000015
39162  -47.924  -29.999  24.533 0.1000000015
39187  -42.302  -31.922  21.069 0.1000000015
39409  -47.396  -31.345  4.782 0.1000000015
40002  -21.915  -30.986  38.542 0.1000000015
40027  -35.507  -31.080  34.708 1.0000000000
40052  -35.917  -31.011  33.582 0.8999999762
40069  -35.949  -30.825  32.908 0.8999999762
40154  -42.930  -30.331  27.914 0.2000000030
40157  -46.287  -29.952  27.348 0.2000000030
40426  -46.149  -30.372  7.700 0.1000000015
40465  -45.743  -30.120  5.479 0.1000000015
40508  -46.925  -30.417  1.631 0.1000000015
41132  -25.490  -29.080  26.267 0.2000000030
41136  -32.644  -29.676  26.632 0.8999999762
41159  -33.076  -29.986  25.411 0.5000000000
41385  -48.408  -29.390  9.375 0.1000000015
41978  -31.081  -28.498  39.585 0.6999999881
41984  -23.598  -28.822  38.528 0.4000000060
42010  -34.613  -28.909  36.835 0.8999999762
42020  -25.381  -28.327  34.464 0.4000000060
42063  -31.526  -27.473  28.391 1.0000000000
42064  -32.615  -28.530  28.902 0.8999999762
42073  -31.282  -27.893  27.095 0.8999999762
42090  -31.161  -28.168  25.646 0.6999999881
42118  -31.261  -27.157  23.662 0.5000000000
42275  -44.504  -27.768  8.711 0.1000000015
42279  -43.944  -28.240  7.724 0.1000000015
42308  -45.795  -28.497  3.781 0.1000000015
42341  -47.238  -28.703  0.507 0.2000000030
42375  -57.191  -27.895  -4.335 0.1000000015
42395  -56.696  -28.570  -5.356 0.1000000015
42815  -26.660  -27.955  42.511 0.8000000119
42817  -27.659  -26.761  42.545 0.8000000119
42821  -25.684  -27.755  42.159 0.8000000119
42830  -25.570  -28.424  41.516 0.6999999881
42874  -20.333  -27.970  36.003 0.3000000119
42904  -26.206  -27.052  33.388 0.3000000119
42910  -24.760  -27.450  32.002 0.2000000030
42931  -32.027  -27.425  30.582 0.8999999762
42944  -26.759  -28.010  27.935 0.2000000030
42954  -25.762  -28.140  27.127 0.2000000030
43260  -55.944  -27.400  -3.232 0.1000000015
43261  -56.840  -27.414  -3.851 0.1000000015
43703  -26.610  -26.698  42.553 0.8000000119
43705  -29.633  -26.830  41.774 0.8000000119
43739  -33.768  -27.076  38.897 0.8999999762
43761  -20.924  -26.816  34.780 0.4000000060
43762  -21.826  -26.841  34.649 0.4000000060
43764  -24.060  -26.096  35.906 0.5000000000
43766  -27.598  -27.099  35.105 0.5000000000
43783  -32.347  -26.800  34.731 1.0000000000
43784  -40.195  -26.474  34.308 1.0000000000
43794  -30.847  -25.981  32.905 1.0000000000
43797  -42.045  -26.905  33.732 1.0000000000
43807  -27.068  -27.029  32.539 0.4000000060
43812  -41.883  -26.809  33.069 1.0000000000
43821  -31.084  -26.427  31.693 1.0000000000
43846  -30.685  -26.443  26.583 0.8999999762
43847  -30.793  -26.242  25.954 0.8000000119
43897  -45.254  -25.968  19.701 0.1000000015
43917  -44.469  -25.644  19.203 0.1000000015
43989  -36.739  -25.725  11.274 0.1000000015
44045  -42.859  -26.623  7.449 0.1000000015
44054  -43.587  -26.209  6.070 0.1000000015
44096  -49.315  -26.358  1.139 0.2000000030
44156  -56.658  -26.602  -4.138 0.1000000015
44157  -56.873  -26.676  -3.957 0.1000000015
44640  -18.533  -24.868  38.328 0.2000000030
44663  -39.860  -24.928  36.687 1.0000000000
44672  -18.864  -25.070  36.760 0.2000000030
44675  -25.418  -24.935  36.151 0.6000000238
44694  -23.842  -25.258  34.531 0.5000000000
44697  -30.758  -24.913  35.138 1.0000000000
44707  -21.095  -25.296  34.226 0.4000000060
44708  -22.006  -25.345  33.960 0.4000000060
44709  -22.983  -25.223  34.154 0.4000000060
44710  -30.333  -24.842  34.202 1.0000000000
44712  -38.960  -25.543  34.225 1.0000000000
44735  -47.161  -24.875  31.426 0.8999999762
44754  -43.558  -25.921  30.757 1.0000000000
44755  -45.126  -26.270  30.169 0.8999999762
44760  -30.774  -24.959  29.591 1.0000000000
44767  -40.706  -25.297  30.101 1.0000000000
44809  -31.259  -25.876  25.589 0.8000000119
44817  -31.775  -25.927  23.885 0.5000000000
44821  -32.546  -25.828  22.657 0.5000000000
45006  -50.248  -25.649  2.903 0.2000000030
45072  -56.757  -25.250  -3.012 0.1000000015
45557  -31.806  -24.930  41.629 0.8000000119
45562  -27.574  -24.634  41.408 0.8000000119
45600  -19.414  -24.480  35.685 0.3000000119
45601  -20.018  -24.480  35.132 0.3000000119
45602  -24.538  -24.790  34.993 0.5000000000
45633  -29.835  -24.277  33.484 1.0000000000
45666  -47.252  -24.611  30.903 0.8999999762
45693  -36.408  -25.212  29.956 1.0000000000
45865  -41.856  -24.884  7.189 0.1000000015
45881  -56.222  -24.455  4.535 0.1000000015
45888  -51.602  -25.001  4.305 0.2000000030
46483  -33.085  -23.798  41.218 0.8000000119
46490  -27.705  -23.491  39.433 0.8000000119
46492  -32.463  -23.835  39.398 0.8999999762
46493  -33.098  -23.526  40.058 0.8000000119
46496  -17.907  -23.612  38.013 0.3000000119
46499  -31.487  -23.725  38.549 0.8999999762
46510  -26.422  -23.726  37.356 0.6999999881
46524  -25.080  -23.569  36.197 0.6999999881
46525  -25.685  -23.708  36.499 0.6999999881
46526  -29.664  -22.832  35.605 1.0000000000
46538  -29.619  -22.744  34.815 1.0000000000
46546  -22.098  -24.123  34.731 0.4000000060
46547  -23.096  -24.086  34.908 0.4000000060
46644  -49.418  -23.409  26.199 0.8999999762
46681  -51.224  -23.897  20.443 0.8999999762
46688  -50.385  -23.847  19.866 0.8999999762
46774  -43.999  -23.924  5.540 0.2000000030
47394  -27.323  -23.016  38.715 0.6999999881
47414  -29.921  -21.613  36.395 1.0000000000
47415  -30.274  -22.693  37.334 0.8999999762
47423  -29.712  -22.186  35.971 1.0000000000
47440  -29.767  -22.666  34.091 1.0000000000
47459  -31.321  -22.753  32.717 1.0000000000
47554  -54.250  -22.675  22.001 0.6999999881
47647  -36.838  -22.282  10.527 0.3000000119
47691  -58.965  -23.316  4.726 0.1000000015
48247  -30.143  -21.368  43.045 0.6000000238
48272  -32.933  -21.211  41.703 0.8000000119
48369  -30.183  -21.627  34.888 1.0000000000
48487  -52.004  -21.833  27.613 0.5000000000
48488  -52.496  -21.563  27.728 0.5000000000
48489  -53.110  -21.251  27.572 0.6000000238
48518  -53.082  -21.758  26.406 0.6999999881
48541  -54.736  -21.340  24.681 0.6999999881
48558  -54.484  -21.857  22.943 0.6999999881
48577  -55.266  -21.501  22.581 0.6999999881
48666  -34.747  -21.885  14.442 0.2000000030
49392  -32.429  -20.328  36.392 1.0000000000
49584  -54.804  -20.687  25.767 0.8000000119
49620  -56.278  -20.460  22.922 0.6999999881
49656  -56.384  -19.694  21.961 0.3000000119
49681  -39.023  -20.377  18.347 0.5000000000
49703  -36.132  -20.280  16.193 0.4000000060
49714  -36.208  -20.177  15.493 0.4000000060
49766  -37.900  -20.887  11.506 0.3000000119
49769  -60.638  -19.596  11.556 0.6999999881
49786  -60.978  -19.996  10.896 0.5000000000
49804  -55.923  -20.876  7.719 0.2000000030
50358  -31.184  -19.464  42.528 0.5000000000
50423  -30.641  -19.832  38.269 0.8999999762
50458  -30.824  -19.912  37.204 0.8999999762
50467  -27.353  -18.951  35.621 0.1000000015
50593  -53.203  -20.326  27.880 0.3000000119
50616  -54.922  -19.880  25.789 0.3000000119
50627  -55.770  -20.063  24.516 0.5000000000
50643  -56.217  -20.129  23.712 0.6000000238
50658  -56.490  -19.318  22.274 0.4000000060
50673  -56.082  -19.391  21.652 0.3000000119
50689  -52.101  -20.301  20.312 0.8000000119
50710  -40.495  -19.889  18.447 0.5000000000
50764  -56.300  -19.109  15.868 0.6999999881
50783  -56.417  -19.308  15.321 0.6999999881
50808  -59.713  -18.816  13.735 0.6999999881
50852  -60.559  -19.294  12.290 0.6000000238
50860  -40.412  -19.517  10.518 0.3000000119
50901  -62.253  -19.196  6.394 0.3000000119
50923  -47.059  -20.122  5.598 0.3000000119
50933  -61.950  -19.352  5.391 0.2000000030
51444  -31.476  -19.042  42.013 0.6000000238
51496  -32.961  -18.499  38.366 0.8999999762
51499  -36.698  -19.324  38.684 0.8000000119
51694  -56.449  -18.303  22.219 0.2000000030
51702  -56.106  -18.429  21.518 0.2000000030
51703  -56.370  -18.103  21.786 0.2000000030
51752  -40.725  -18.895  16.889 0.5000000000
51783  -57.558  -18.755  15.458 0.6000000238
51788  -58.383  -18.667  14.915 0.6000000238
51826  -60.684  -18.974  12.266 0.6999999881
51845  -41.409  -18.620  9.291 0.3000000119
51878  -62.628  -18.636  5.897 0.5000000000
51891  -49.036  -18.655  7.062 0.3000000119
51902  -62.353  -18.583  5.206 0.1000000015
52572  -50.585  -17.519  27.275 0.2000000030
52596  -52.235  -17.936  26.849 0.2000000030
52612  -53.159  -17.161  25.930 0.2000000030
52645  -56.241  -17.131  22.489 0.1000000015
52709  -57.159  -18.527  15.489 0.6999999881
52719  -53.030  -17.107  13.685 0.6999999881
52733  -56.565  -17.380  13.381 0.6000000238
52749  -57.828  -17.646  12.476 0.6999999881
52772  -55.743  -17.346  9.700 0.6000000238
52773  -56.544  -17.478  9.608 0.6000000238
52782  -48.441  -17.727  8.601 0.4000000060
52793  -46.415  -17.675  7.772 0.3000000119
52875  -59.988  -18.116  -1.808 0.1000000015
52889  -59.770  -18.235  -2.393 0.1000000015
53406  -27.943  -16.829  35.009 0.1000000015
53538  -54.213  -16.199  24.769 0.1000000015
53692  -50.156  -16.142  10.960 0.6000000238
53696  -50.468  -15.841  10.338 0.6999999881
53702  -51.989  -15.648  9.344 0.6999999881
53703  -53.194  -15.697  8.789 0.6999999881
53704  -54.500  -16.691  9.117 0.6000000238
53708  -53.714  -15.682  8.550 0.6000000238
53712  -58.267  -16.612  7.749 0.5000000000
53803  -60.250  -17.639  -2.187 0.1000000015
54293  -37.489  -15.799  39.399 0.4000000060
54294  -38.047  -15.946  39.015 0.2000000030
54533  -56.306  -15.200  22.226 0.2000000030
54544  -56.275  -15.186  21.602 0.2000000030
54703  -51.233  -15.240  9.520 0.6999999881
54708  -53.251  -15.048  8.465 0.6000000238
54709  -54.131  -15.058  8.144 0.6000000238
54720  -62.500  -15.137  7.036 0.2000000030
54727  -63.575  -15.742  5.612 0.2000000030
54745  -63.270  -15.508  4.100 0.1000000015
55329  -29.574  -14.363  43.159 0.2000000030
55363  -34.946  -14.138  41.044 0.3000000119
55379  -36.228  -14.706  40.241 0.3000000119
55391  -34.881  -13.933  39.941 0.3000000119
55597  -54.023  -13.430  20.594 0.1000000015
55712  -50.446  -14.544  10.320 0.6000000238
55721  -53.605  -14.351  8.446 0.6000000238
55725  -55.044  -13.933  7.859 0.6000000238
55726  -55.445  -14.205  7.672 0.6000000238
55752  -63.715  -14.893  4.559 0.2000000030
55765  -63.560  -14.920  3.745 0.1000000015
55773  -53.003  -14.210  4.115 0.1000000015
56444  -31.183  -13.750  42.514 0.2000000030
56446  -32.602  -13.722  42.157 0.2000000030
56452  -33.875  -13.719  41.274 0.3000000119
56453  -34.521  -13.877  41.042 0.3000000119
56466  -34.999  -13.904  40.508 0.3000000119
56631  -54.490  -12.881  21.226 0.1000000015
56655  -58.762  -13.162  16.809 0.3000000119
56669  -58.666  -13.489  16.198 0.3000000119
56670  -59.229  -13.134  16.220 0.3000000119
56729  -53.049  -13.114  12.438 0.5000000000
56749  -52.332  -13.268  11.091 0.5000000000
56750  -53.258  -13.224  10.915 0.6999999881
56751  -54.161  -13.172  11.377 0.6000000238
56753  -56.470  -13.184  11.453 0.4000000060
56763  -54.140  -13.270  10.437 0.6000000238
56765  -56.618  -13.140  10.756 0.4000000060
56768  -51.808  -13.925  9.777 0.6999999881
56772  -55.807  -13.340  9.154 0.5000000000
56777  -54.590  -13.746  8.343 0.6000000238
56779  -56.436  -13.371  8.446 0.5000000000
56795  -62.620  -13.628  5.988 0.3000000119
56826  -62.697  -13.493  2.451 0.1000000015
57618  -56.378  -13.363  16.460 0.4000000060
57619  -59.492  -12.521  16.168 0.2000000030
57647  -60.721  -12.351  13.270 0.3000000119
57721  -62.862  -13.219  4.500 0.1000000015
57739  -63.085  -13.308  2.750 0.1000000015
58463  -56.029  -11.042  18.626 0.3000000119
58464  -56.918  -11.330  18.670 0.3000000119
58465  -57.327  -11.272  18.492 0.3000000119
58477  -54.320  -11.247  17.300 0.3000000119
58508  -60.422  -10.934  14.758 0.2000000030
59317  -54.573  -9.553  19.482 0.3000000119
59319  -56.195  -9.971  19.411 0.3000000119
59331  -57.147  -10.499  18.771 0.3000000119
59348  -52.020  -10.125  17.389 0.2000000030
59350  -53.231  -10.317  18.741 0.3000000119
59351  -57.430  -10.000  17.739 0.2000000030
59372  -57.067  -9.600  16.807 0.2000000030
59464  -59.427  -11.135  11.114 0.4000000060
59483  -61.037  -10.534  10.760 0.3000000119
59538  -57.447  -10.987  4.328 0.2000000030
60221  -55.474  -9.460  19.413 0.3000000119
60222  -56.185  -9.451  19.312 0.3000000119
60237  -56.532  -9.252  18.930 0.2000000030
60238  -57.152  -9.880  18.565 0.2000000030
60254  -56.193  -8.759  16.931 0.2000000030
60269  -51.888  -8.923  15.987 0.2000000030
60271  -55.765  -8.884  15.860 0.2000000030
60300  -54.535  -9.593  13.994 0.2000000030
60327  -61.504  -9.491  11.250 0.2000000030
61141  -54.852  -9.117  19.349 0.3000000119
61149  -54.351  -8.726  18.761 0.2000000030
61150  -55.297  -8.722  18.763 0.3000000119
61159  -52.593  -8.797  16.543 0.2000000030
61160  -53.399  -8.609  16.933 0.2000000030
61161  -54.318  -8.518  17.293 0.2000000030
61211  -60.965  -8.244  12.770 0.1000000015
61289  -56.794  -8.760  4.110 0.2000000030
61295  -57.000  -8.569  3.608 0.2000000030
61297  -57.392  -8.516  3.013 0.1000000015
61316  -58.421  -8.529  0.448 0.1000000015
62097  -59.136  -7.379  11.619 0.1000000015
62163  -59.761  -7.692  7.219 0.1000000015
62186  -57.295  -7.654  3.268 0.2000000030
63084  -58.158  -6.067  3.428 0.2000000030
63107  -60.727  -5.621  1.003 0.1000000015
63983  -61.014  -5.040  11.022 0.1000000015
63996  -61.404  -4.487  9.703 0.1000000015
64118  -60.948  -4.688  -1.293 0.1000000015
65015  -60.892  -4.442  1.186 0.1000000015
65825  -61.124  -3.162  9.571 0.1000000015
65837  -61.252  -2.417  7.088 0.1000000015
67558  -57.872  -1.265  4.256 0.1000000015
67565  -60.239  -0.304  3.514 0.1000000015
67572  -60.358  -0.709  2.700 0.1000000015
68442  -60.154  -0.306  5.605 0.1000000015
68453  -60.379  -0.364  5.052 0.1000000015
68460  -59.936  0.030  4.196 0.1000000015
105562  -25.670  -27.321  29.991 0.1000000015
105703  -29.950  -19.516  42.797 0.5000000000
105818  -46.447  -29.477  1.838 0.1000000015
106098  -32.866  -20.914  41.404 0.8000000119
107097  -41.227  -31.786  21.078 0.1000000015
107844  -25.524  -25.204  37.996 0.6999999881
108013  -51.693  -21.981  19.988 0.8999999762
108349  -47.976  -17.523  9.915 0.4000000060
108358  -36.560  -24.488  31.863 1.0000000000
108661  -32.973  -18.665  34.529 0.1000000015
108703  -41.706  -32.207  23.368 0.1000000015
108845  -59.820  -21.957  4.894 0.1000000015
108964  -33.425  -30.368  38.528 0.8999999762
109012  -28.594  -24.248  42.554 0.8000000119
109647  -18.173  -24.198  40.496 0.2000000030
109700  -56.461  -16.546  8.127 0.6000000238
109701  -44.426  -18.391  7.324 0.3000000119
109751  -25.407  -25.895  39.566 0.6999999881
110081  -54.830  -21.955  22.196 0.6999999881
110109  -45.123  -32.574  26.576 0.2000000030
110365  -48.221  -25.300  3.037 0.2000000030
110489  -56.068  -13.430  14.120 0.4000000060
110569  -55.528  -18.372  23.638 0.4000000060
110574  -27.385  -24.547  40.253 0.8000000119
110689  -40.768  -26.709  33.765 1.0000000000
110813  -18.569  -36.961  34.935 0.1000000015
111568  -31.230  -25.307  28.061 1.0000000000
112898  -59.498  -10.617  1.895 0.1000000015
112920  -54.593  -21.527  23.871 0.6000000238
113262  -24.747  -32.553  38.385 0.2000000030
113576  -36.448  -37.800  33.216 0.1000000015
113816  -29.102  -27.120  41.707 0.8000000119
114040  -36.305  -34.718  34.325 0.4000000060
114237  -57.907  -13.577  7.590 0.4000000060
114424  -31.961  -30.561  37.595 0.8999999762
115760  -58.536  -7.217  2.477 0.2000000030
115940  -62.530  -17.748  4.887 0.2000000030
116123  -33.189  -13.681  41.805 0.3000000119
116566  -51.979  -16.493  10.490 0.6999999881
116894  -57.081  -9.122  4.977 0.1000000015
118287  -29.295  -23.822  42.695 0.6999999881
118794  -61.068  -6.647  12.060 0.1000000015
118873  -57.827  -13.080  17.480 0.3000000119
119290  -46.155  -32.089  26.489 0.2000000030
119497  -31.273  -16.876  42.174 0.6000000238
120101  -46.440  -17.486  27.733 0.1000000015
120533  -52.882  -9.910  19.162 0.2000000030
120746  -53.447  -13.602  9.182 0.6000000238
121049  -59.598  -7.806  -1.938 0.1000000015
121169  -32.485  -17.857  39.303 0.8999999762
122281  -43.179  -17.682  8.799 0.3000000119
122735  -29.891  -22.190  36.662 1.0000000000
122966  -39.235  -37.544  32.780 0.2000000030
123076  -30.026  -22.728  33.364 1.0000000000
123134  -29.889  -14.278  43.221 0.2000000030
123243  -22.935  -35.597  42.524 0.1000000015
123263  -32.816  -21.194  35.404 1.0000000000
123309  -46.234  -29.812  26.160 0.2000000030
123356  -27.149  -24.299  39.049 0.8000000119
123794  -56.834  -9.602  4.281 0.2000000030
124085  -52.105  -23.503  21.429 0.8000000119
124211  -42.856  -25.193  29.836 1.0000000000
124504  -34.592  -29.661  35.663 0.8999999762
124521  -61.087  -3.586  9.938 0.1000000015
124612  -33.254  -23.085  41.223 0.8000000119
124757  -37.750  -29.044  23.945 0.3000000119
124788  -60.168  -2.037  8.375 0.1000000015
124834  -52.708  -19.942  15.940 1.0000000000
124996  -20.459  -26.927  35.262 0.4000000060
125042  -47.560  -24.842  26.834 0.8999999762
125432  -50.525  -21.789  27.388 0.5000000000
125490  -58.272  -0.944  6.715 0.1000000015
125519  -30.860  -24.076  37.167 0.8999999762
125549  -52.906  -22.457  22.487 0.6000000238
125586  -39.005  -34.703  31.983 0.3000000119
125630  -30.494  -22.870  32.825 1.0000000000
125721  -34.964  -31.900  27.064 0.5000000000
125745  -47.829  -23.068  4.370 0.2000000030
125779  -60.299  -7.995  -3.322 0.1000000015
125893  -60.693  -13.740  0.342 0.1000000015
125962  -49.488  -32.449  5.648 0.1000000015
126050  -41.432  -33.895  27.567 0.1000000015
126408  -19.206  -24.035  35.935 0.3000000119
126621  -63.468  -13.876  3.082 0.1000000015
126698  -27.306  -25.711  42.520 0.8000000119
126803  -60.350  -18.072  -2.827 0.1000000015
127465  -59.762  -6.598  2.006 0.2000000030
127497  -59.831  -13.324  13.925 0.3000000119
127625  -43.736  -33.606  28.742 0.2000000030
127701  -46.972  -19.324  29.057 0.1000000015
127823  -30.827  -19.566  38.642 0.8999999762
