
Wed Mar 11 12:11:28 CET 2026
cd /out/sourcedata/freesurfer/sub-v2s16x51231_ses-1
setenv SUBJECTS_DIR /out/sourcedata/freesurfer
/opt/freesurfer/bin/recon-all -autorecon-hemi rh -noparcstats -noparcstats2 -noparcstats3 -nohyporelabel -nobalabels -rh-only -openmp 16 -subjid sub-v2s16x51231_ses-1 -sd /out/sourcedata/freesurfer

subjid sub-v2s16x51231_ses-1
setenv SUBJECTS_DIR /out/sourcedata/freesurfer
FREESURFER_HOME /opt/freesurfer
Actual FREESURFER_HOME /opt/freesurfer
build-stamp.txt: freesurfer-linux-ubuntu22_x86_64-7.3.2-20220804-6354275
Linux dna013 5.14.0-427.37.1.el9_4.x86_64 #1 SMP PREEMPT_DYNAMIC Fri Sep 13 12:41:50 EDT 2024 x86_64 x86_64 x86_64 GNU/Linux
cputime      unlimited
filesize     unlimited
datasize     unlimited
stacksize    8192 kbytes
coredumpsize 0 kbytes
memoryuse    67108864 kbytes
vmemoryuse   unlimited
descriptors  1024 
memorylocked unlimited
maxproc      2061970 
maxlocks     unlimited
maxsignal    2061970 
maxmessage   819200 
maxnice      0 
maxrtprio    0 
maxrttime    unlimited

               total        used        free      shared  buff/cache   available
Mem:           503Gi       120Gi       358Gi       7.6Gi        25Gi       372Gi
Swap:             0B          0B          0B

########################################
program versions used
7.3.2 (freesurfer-linux-ubuntu22_x86_64-7.3.2-20220804-6354275)
7.3.2

ProgramName: lta_convert  ProgramArguments: lta_convert -all-info  ProgramVersion: 7.3.2  TimeStamp: 2026/03/11-11:11:28-GMT  BuildTime: Aug  4 2022 06:17:15  BuildStamp: freesurfer-linux-ubuntu22_x86_64-7.3.2-20220804-6354275  User: oesteban  Machine: dna013  Platform: Linux  PlatformVersion: 5.14.0-427.37.1.el9_4.x86_64  CompilerName: GCC  CompilerVersion: 8.4.0
ProgramName: mri_and  ProgramArguments: mri_and -all-info  ProgramVersion: 7.3.2  TimeStamp: 2026/03/11-11:11:28-GMT  BuildTime: Aug  4 2022 06:17:15  BuildStamp: freesurfer-linux-ubuntu22_x86_64-7.3.2-20220804-6354275  User: oesteban  Machine: dna013  Platform: Linux  PlatformVersion: 5.14.0-427.37.1.el9_4.x86_64  CompilerName: GCC  CompilerVersion: 8.4.0
ProgramName: mri_annotation2label  ProgramArguments: mri_annotation2label -all-info  ProgramVersion: 7.3.2  TimeStamp: 2026/03/11-11:11:28-GMT  BuildTime: Aug  4 2022 06:17:15  BuildStamp: freesurfer-linux-ubuntu22_x86_64-7.3.2-20220804-6354275  User: oesteban  Machine: dna013  Platform: Linux  PlatformVersion: 5.14.0-427.37.1.el9_4.x86_64  CompilerName: GCC  CompilerVersion: 8.4.0
ProgramName: mri_aparc2aseg  ProgramArguments: mri_aparc2aseg -all-info  ProgramVersion: 7.3.2  TimeStamp: 2026/03/11-11:11:28-GMT  BuildTime: Aug  4 2022 06:17:15  BuildStamp: freesurfer-linux-ubuntu22_x86_64-7.3.2-20220804-6354275  User: oesteban  Machine: dna013  Platform: Linux  PlatformVersion: 5.14.0-427.37.1.el9_4.x86_64  CompilerName: GCC  CompilerVersion: 8.4.0
ProgramName: mri_surf2volseg  ProgramArguments: mri_surf2volseg -all-info  ProgramVersion: 7.3.2  TimeStamp: 2026/03/11-11:11:28-GMT  BuildTime: Aug  4 2022 06:17:15  BuildStamp: freesurfer-linux-ubuntu22_x86_64-7.3.2-20220804-6354275  User: oesteban  Machine: dna013  Platform: Linux  PlatformVersion: 5.14.0-427.37.1.el9_4.x86_64  CompilerName: GCC  CompilerVersion: 8.4.0
ProgramName: mri_binarize  ProgramArguments: mri_binarize -all-info  ProgramVersion: 7.3.2  TimeStamp: 2026/03/11-11:11:28-GMT  BuildTime: Aug  4 2022 06:17:15  BuildStamp: freesurfer-linux-ubuntu22_x86_64-7.3.2-20220804-6354275  User: oesteban  Machine: dna013  Platform: Linux  PlatformVersion: 5.14.0-427.37.1.el9_4.x86_64  CompilerName: GCC  CompilerVersion: 8.4.0
ProgramName: mri_ca_label  ProgramArguments: mri_ca_label -all-info  ProgramVersion: 7.3.2  TimeStamp: 2026/03/11-11:11:28-GMT  BuildTime: Aug  4 2022 06:17:15  BuildStamp: freesurfer-linux-ubuntu22_x86_64-7.3.2-20220804-6354275  User: oesteban  Machine: dna013  Platform: Linux  PlatformVersion: 5.14.0-427.37.1.el9_4.x86_64  CompilerName: GCC  CompilerVersion: 8.4.0
ProgramName: mri_ca_normalize  ProgramArguments: mri_ca_normalize -all-info  ProgramVersion: 7.3.2  TimeStamp: 2026/03/11-11:11:28-GMT  BuildTime: Aug  4 2022 06:17:15  BuildStamp: freesurfer-linux-ubuntu22_x86_64-7.3.2-20220804-6354275  User: oesteban  Machine: dna013  Platform: Linux  PlatformVersion: 5.14.0-427.37.1.el9_4.x86_64  CompilerName: GCC  CompilerVersion: 8.4.0
ProgramName: mri_ca_register  ProgramArguments: mri_ca_register -all-info  ProgramVersion: 7.3.2  TimeStamp: 2026/03/11-11:11:28-GMT  BuildTime: Aug  4 2022 06:17:15  BuildStamp: freesurfer-linux-ubuntu22_x86_64-7.3.2-20220804-6354275  User: oesteban  Machine: dna013  Platform: Linux  PlatformVersion: 5.14.0-427.37.1.el9_4.x86_64  CompilerName: GCC  CompilerVersion: 8.4.0
ProgramName: mri_cc  ProgramArguments: mri_cc -all-info  ProgramVersion: 7.3.2  TimeStamp: 2026/03/11-11:11:28-GMT  BuildTime: Aug  4 2022 06:17:15  BuildStamp: freesurfer-linux-ubuntu22_x86_64-7.3.2-20220804-6354275  User: oesteban  Machine: dna013  Platform: Linux  PlatformVersion: 5.14.0-427.37.1.el9_4.x86_64  CompilerName: GCC  CompilerVersion: 8.4.0
ProgramName: mri_compute_overlap  ProgramArguments: mri_compute_overlap -all-info  ProgramVersion: 7.3.2  TimeStamp: 2026/03/11-11:11:28-GMT  BuildTime: Aug  4 2022 06:17:15  BuildStamp: freesurfer-linux-ubuntu22_x86_64-7.3.2-20220804-6354275  User: oesteban  Machine: dna013  Platform: Linux  PlatformVersion: 5.14.0-427.37.1.el9_4.x86_64  CompilerName: GCC  CompilerVersion: 8.4.0
ProgramName: mri_compute_seg_overlap  ProgramArguments: mri_compute_seg_overlap -all-info  ProgramVersion: 7.3.2  TimeStamp: 2026/03/11-11:11:28-GMT  BuildTime: Aug  4 2022 06:17:15  BuildStamp: freesurfer-linux-ubuntu22_x86_64-7.3.2-20220804-6354275  User: oesteban  Machine: dna013  Platform: Linux  PlatformVersion: 5.14.0-427.37.1.el9_4.x86_64  CompilerName: GCC  CompilerVersion: 8.4.0
ProgramName: mri_concat  ProgramArguments: mri_concat -all-info  ProgramVersion: 7.3.2  TimeStamp: 2026/03/11-11:11:28-GMT  BuildTime: Aug  4 2022 06:17:15  BuildStamp: freesurfer-linux-ubuntu22_x86_64-7.3.2-20220804-6354275  User: oesteban  Machine: dna013  Platform: Linux  PlatformVersion: 5.14.0-427.37.1.el9_4.x86_64  CompilerName: GCC  CompilerVersion: 8.4.0
ProgramName: mri_concatenate_lta  ProgramArguments: mri_concatenate_lta -all-info  ProgramVersion: 7.3.2  TimeStamp: 2026/03/11-11:11:28-GMT  BuildTime: Aug  4 2022 06:17:15  BuildStamp: freesurfer-linux-ubuntu22_x86_64-7.3.2-20220804-6354275  User: oesteban  Machine: dna013  Platform: Linux  PlatformVersion: 5.14.0-427.37.1.el9_4.x86_64  CompilerName: GCC  CompilerVersion: 8.4.0
mri_convert -all-info 
ProgramName: mri_convert  ProgramArguments: mri_convert -all-info  ProgramVersion: 7.3.2  TimeStamp: 2026/03/11-11:11:28-GMT  BuildTime: Aug  4 2022 06:17:15  BuildStamp: freesurfer-linux-ubuntu22_x86_64-7.3.2-20220804-6354275  User: oesteban  Machine: dna013  Platform: Linux  PlatformVersion: 5.14.0-427.37.1.el9_4.x86_64  CompilerName: GCC  CompilerVersion: 8.4.0
ProgramName: mri_diff  ProgramArguments: mri_diff -all-info  ProgramVersion: 7.3.2  TimeStamp: 2026/03/11-11:11:28-GMT  BuildTime: Aug  4 2022 06:17:15  BuildStamp: freesurfer-linux-ubuntu22_x86_64-7.3.2-20220804-6354275  User: oesteban  Machine: dna013  Platform: Linux  PlatformVersion: 5.14.0-427.37.1.el9_4.x86_64  CompilerName: GCC  CompilerVersion: 8.4.0
ProgramName: mri_edit_wm_with_aseg  ProgramArguments: mri_edit_wm_with_aseg -all-info  ProgramVersion: 7.3.2  TimeStamp: 2026/03/11-11:11:28-GMT  BuildTime: Aug  4 2022 06:17:15  BuildStamp: freesurfer-linux-ubuntu22_x86_64-7.3.2-20220804-6354275  User: oesteban  Machine: dna013  Platform: Linux  PlatformVersion: 5.14.0-427.37.1.el9_4.x86_64  CompilerName: GCC  CompilerVersion: 8.4.0
ProgramName: mri_em_register  ProgramArguments: mri_em_register -all-info  ProgramVersion: 7.3.2  TimeStamp: 2026/03/11-11:11:28-GMT  BuildTime: Aug  4 2022 06:17:15  BuildStamp: freesurfer-linux-ubuntu22_x86_64-7.3.2-20220804-6354275  User: oesteban  Machine: dna013  Platform: Linux  PlatformVersion: 5.14.0-427.37.1.el9_4.x86_64  CompilerName: GCC  CompilerVersion: 8.4.0
ProgramName: mri_fill  ProgramArguments: mri_fill -all-info  ProgramVersion: 7.3.2  TimeStamp: 2026/03/11-11:11:28-GMT  BuildTime: Aug  4 2022 06:17:15  BuildStamp: freesurfer-linux-ubuntu22_x86_64-7.3.2-20220804-6354275  User: oesteban  Machine: dna013  Platform: Linux  PlatformVersion: 5.14.0-427.37.1.el9_4.x86_64  CompilerName: GCC  CompilerVersion: 8.4.0
ProgramName: mri_fuse_segmentations  ProgramArguments: mri_fuse_segmentations -all-info  ProgramVersion: 7.3.2  TimeStamp: 2026/03/11-11:11:28-GMT  BuildTime: Aug  4 2022 06:17:15  BuildStamp: freesurfer-linux-ubuntu22_x86_64-7.3.2-20220804-6354275  User: oesteban  Machine: dna013  Platform: Linux  PlatformVersion: 5.14.0-427.37.1.el9_4.x86_64  CompilerName: GCC  CompilerVersion: 8.4.0
ProgramName: mri_fwhm  ProgramArguments: mri_fwhm -all-info  ProgramVersion: 7.3.2  TimeStamp: 2026/03/11-11:11:28-GMT  BuildTime: Aug  4 2022 06:17:15  BuildStamp: freesurfer-linux-ubuntu22_x86_64-7.3.2-20220804-6354275  User: oesteban  Machine: dna013  Platform: Linux  PlatformVersion: 5.14.0-427.37.1.el9_4.x86_64  CompilerName: GCC  CompilerVersion: 8.4.0
ProgramName: mri_gcut  ProgramArguments: mri_gcut -all-info  ProgramVersion: 7.3.2  TimeStamp: 2026/03/11-11:11:28-GMT  BuildTime: Aug  4 2022 06:17:15  BuildStamp: freesurfer-linux-ubuntu22_x86_64-7.3.2-20220804-6354275  User: oesteban  Machine: dna013  Platform: Linux  PlatformVersion: 5.14.0-427.37.1.el9_4.x86_64  CompilerName: GCC  CompilerVersion: 8.4.0
ProgramName: mri_info  ProgramArguments: mri_info -all-info  ProgramVersion: 7.3.2  TimeStamp: 2026/03/11-11:11:28-GMT  BuildTime: Aug  4 2022 06:17:15  BuildStamp: freesurfer-linux-ubuntu22_x86_64-7.3.2-20220804-6354275  User: oesteban  Machine: dna013  Platform: Linux  PlatformVersion: 5.14.0-427.37.1.el9_4.x86_64  CompilerName: GCC  CompilerVersion: 8.4.0
ProgramName: mri_label2label  ProgramArguments: mri_label2label -all-info  ProgramVersion: 7.3.2  TimeStamp: 2026/03/11-11:11:28-GMT  BuildTime: Aug  4 2022 06:17:15  BuildStamp: freesurfer-linux-ubuntu22_x86_64-7.3.2-20220804-6354275  User: oesteban  Machine: dna013  Platform: Linux  PlatformVersion: 5.14.0-427.37.1.el9_4.x86_64  CompilerName: GCC  CompilerVersion: 8.4.0
ProgramName: mri_label2vol  ProgramArguments: mri_label2vol -all-info  ProgramVersion: 7.3.2  TimeStamp: 2026/03/11-11:11:28-GMT  BuildTime: Aug  4 2022 06:17:15  BuildStamp: freesurfer-linux-ubuntu22_x86_64-7.3.2-20220804-6354275  User: oesteban  Machine: dna013  Platform: Linux  PlatformVersion: 5.14.0-427.37.1.el9_4.x86_64  CompilerName: GCC  CompilerVersion: 8.4.0
ProgramName: mri_log_likelihood  ProgramArguments: mri_log_likelihood -all-info  ProgramVersion: 7.3.2  TimeStamp: 2026/03/11-11:11:28-GMT  BuildTime: Aug  4 2022 06:17:15  BuildStamp: freesurfer-linux-ubuntu22_x86_64-7.3.2-20220804-6354275  User: oesteban  Machine: dna013  Platform: Linux  PlatformVersion: 5.14.0-427.37.1.el9_4.x86_64  CompilerName: GCC  CompilerVersion: 8.4.0
ProgramName: mri_mask  ProgramArguments: mri_mask -all-info  ProgramVersion: 7.3.2  TimeStamp: 2026/03/11-11:11:28-GMT  BuildTime: Aug  4 2022 06:17:15  BuildStamp: freesurfer-linux-ubuntu22_x86_64-7.3.2-20220804-6354275  User: oesteban  Machine: dna013  Platform: Linux  PlatformVersion: 5.14.0-427.37.1.el9_4.x86_64  CompilerName: GCC  CompilerVersion: 8.4.0
ProgramName: mri_matrix_multiply  ProgramArguments: mri_matrix_multiply -all-info  ProgramVersion: 7.3.2  TimeStamp: 2026/03/11-11:11:28-GMT  BuildTime: Aug  4 2022 06:17:15  BuildStamp: freesurfer-linux-ubuntu22_x86_64-7.3.2-20220804-6354275  User: oesteban  Machine: dna013  Platform: Linux  PlatformVersion: 5.14.0-427.37.1.el9_4.x86_64  CompilerName: GCC  CompilerVersion: 8.4.0
ProgramName: mri_normalize  ProgramArguments: mri_normalize -all-info  ProgramVersion: 7.3.2  TimeStamp: 2026/03/11-11:11:28-GMT  BuildTime: Aug  4 2022 06:17:15  BuildStamp: freesurfer-linux-ubuntu22_x86_64-7.3.2-20220804-6354275  User: oesteban  Machine: dna013  Platform: Linux  PlatformVersion: 5.14.0-427.37.1.el9_4.x86_64  CompilerName: GCC  CompilerVersion: 8.4.0
ProgramName: mri_normalize_tp2  ProgramArguments: mri_normalize_tp2 -all-info  ProgramVersion: 7.3.2  TimeStamp: 2026/03/11-11:11:28-GMT  BuildTime: Aug  4 2022 06:17:15  BuildStamp: freesurfer-linux-ubuntu22_x86_64-7.3.2-20220804-6354275  User: oesteban  Machine: dna013  Platform: Linux  PlatformVersion: 5.14.0-427.37.1.el9_4.x86_64  CompilerName: GCC  CompilerVersion: 8.4.0
ProgramName: mri_or  ProgramArguments: mri_or -all-info  ProgramVersion: 7.3.2  TimeStamp: 2026/03/11-11:11:28-GMT  BuildTime: Aug  4 2022 06:17:15  BuildStamp: freesurfer-linux-ubuntu22_x86_64-7.3.2-20220804-6354275  User: oesteban  Machine: dna013  Platform: Linux  PlatformVersion: 5.14.0-427.37.1.el9_4.x86_64  CompilerName: GCC  CompilerVersion: 8.4.0
ProgramName: mri_relabel_hypointensities  ProgramArguments: mri_relabel_hypointensities -all-info  ProgramVersion: 7.3.2  TimeStamp: 2026/03/11-11:11:28-GMT  BuildTime: Aug  4 2022 06:17:15  BuildStamp: freesurfer-linux-ubuntu22_x86_64-7.3.2-20220804-6354275  User: oesteban  Machine: dna013  Platform: Linux  PlatformVersion: 5.14.0-427.37.1.el9_4.x86_64  CompilerName: GCC  CompilerVersion: 8.4.0
ProgramName: mri_relabel_nonwm_hypos  ProgramArguments: mri_relabel_nonwm_hypos -all-info  ProgramVersion: 7.3.2  TimeStamp: 2026/03/11-11:11:28-GMT  BuildTime: Aug  4 2022 06:17:15  BuildStamp: freesurfer-linux-ubuntu22_x86_64-7.3.2-20220804-6354275  User: oesteban  Machine: dna013  Platform: Linux  PlatformVersion: 5.14.0-427.37.1.el9_4.x86_64  CompilerName: GCC  CompilerVersion: 8.4.0
ProgramName: mri_remove_neck  ProgramArguments: mri_remove_neck -all-info  ProgramVersion: 7.3.2  TimeStamp: 2026/03/11-11:11:28-GMT  BuildTime: Aug  4 2022 06:17:15  BuildStamp: freesurfer-linux-ubuntu22_x86_64-7.3.2-20220804-6354275  User: oesteban  Machine: dna013  Platform: Linux  PlatformVersion: 5.14.0-427.37.1.el9_4.x86_64  CompilerName: GCC  CompilerVersion: 8.4.0
7.3.2

ProgramName: mri_robust_register  ProgramArguments: mri_robust_register -all-info  ProgramVersion: 7.3.2  TimeStamp: 2026/03/11-11:11:28-GMT  BuildTime: Aug  4 2022 06:17:15  BuildStamp: freesurfer-linux-ubuntu22_x86_64-7.3.2-20220804-6354275  User: oesteban  Machine: dna013  Platform: Linux  PlatformVersion: 5.14.0-427.37.1.el9_4.x86_64  CompilerName: GCC  CompilerVersion: 8.4.0
7.3.2

ProgramName: mri_robust_template  ProgramArguments: mri_robust_template -all-info  ProgramVersion: 7.3.2  TimeStamp: 2026/03/11-11:11:28-GMT  BuildTime: Aug  4 2022 06:17:15  BuildStamp: freesurfer-linux-ubuntu22_x86_64-7.3.2-20220804-6354275  User: oesteban  Machine: dna013  Platform: Linux  PlatformVersion: 5.14.0-427.37.1.el9_4.x86_64  CompilerName: GCC  CompilerVersion: 8.4.0
ProgramName: mris_anatomical_stats  ProgramArguments: mris_anatomical_stats -all-info  ProgramVersion: 7.3.2  TimeStamp: 2026/03/11-11:11:28-GMT  BuildTime: Aug  4 2022 06:17:15  BuildStamp: freesurfer-linux-ubuntu22_x86_64-7.3.2-20220804-6354275  User: oesteban  Machine: dna013  Platform: Linux  PlatformVersion: 5.14.0-427.37.1.el9_4.x86_64  CompilerName: GCC  CompilerVersion: 8.4.0
ProgramName: mris_ca_label  ProgramArguments: mris_ca_label -all-info  ProgramVersion: 7.3.2  TimeStamp: 2026/03/11-11:11:28-GMT  BuildTime: Aug  4 2022 06:17:15  BuildStamp: freesurfer-linux-ubuntu22_x86_64-7.3.2-20220804-6354275  User: oesteban  Machine: dna013  Platform: Linux  PlatformVersion: 5.14.0-427.37.1.el9_4.x86_64  CompilerName: GCC  CompilerVersion: 8.4.0
ProgramName: mris_calc  ProgramArguments: mris_calc -all-info  ProgramVersion: 7.3.2  TimeStamp: 2026/03/11-11:11:28-GMT  BuildTime: Aug  4 2022 06:17:15  BuildStamp: freesurfer-linux-ubuntu22_x86_64-7.3.2-20220804-6354275  User: oesteban  Machine: dna013  Platform: Linux  PlatformVersion: 5.14.0-427.37.1.el9_4.x86_64  CompilerName: GCC  CompilerVersion: 8.4.0
ProgramName: mris_convert  ProgramArguments: mris_convert -all-info  ProgramVersion: 7.3.2  TimeStamp: 2026/03/11-11:11:28-GMT  BuildTime: Aug  4 2022 06:17:15  BuildStamp: freesurfer-linux-ubuntu22_x86_64-7.3.2-20220804-6354275  User: oesteban  Machine: dna013  Platform: Linux  PlatformVersion: 5.14.0-427.37.1.el9_4.x86_64  CompilerName: GCC  CompilerVersion: 8.4.0
ProgramName: mris_curvature  ProgramArguments: mris_curvature -all-info  ProgramVersion: 7.3.2  TimeStamp: 2026/03/11-11:11:28-GMT  BuildTime: Aug  4 2022 06:17:15  BuildStamp: freesurfer-linux-ubuntu22_x86_64-7.3.2-20220804-6354275  User: oesteban  Machine: dna013  Platform: Linux  PlatformVersion: 5.14.0-427.37.1.el9_4.x86_64  CompilerName: GCC  CompilerVersion: 8.4.0
ProgramName: mris_curvature_stats  ProgramArguments: mris_curvature_stats -all-info  ProgramVersion: 7.3.2  TimeStamp: 2026/03/11-11:11:28-GMT  BuildTime: Aug  4 2022 06:17:15  BuildStamp: freesurfer-linux-ubuntu22_x86_64-7.3.2-20220804-6354275  User: oesteban  Machine: dna013  Platform: Linux  PlatformVersion: 5.14.0-427.37.1.el9_4.x86_64  CompilerName: GCC  CompilerVersion: 8.4.0
ProgramName: mris_diff  ProgramArguments: mris_diff -all-info  ProgramVersion: 7.3.2  TimeStamp: 2026/03/11-11:11:28-GMT  BuildTime: Aug  4 2022 06:17:15  BuildStamp: freesurfer-linux-ubuntu22_x86_64-7.3.2-20220804-6354275  User: oesteban  Machine: dna013  Platform: Linux  PlatformVersion: 5.14.0-427.37.1.el9_4.x86_64  CompilerName: GCC  CompilerVersion: 8.4.0
ProgramName: mris_divide_parcellation  ProgramArguments: mris_divide_parcellation -all-info  ProgramVersion: 7.3.2  TimeStamp: 2026/03/11-11:11:28-GMT  BuildTime: Aug  4 2022 06:17:15  BuildStamp: freesurfer-linux-ubuntu22_x86_64-7.3.2-20220804-6354275  User: oesteban  Machine: dna013  Platform: Linux  PlatformVersion: 5.14.0-427.37.1.el9_4.x86_64  CompilerName: GCC  CompilerVersion: 8.4.0
ProgramName: mri_segment  ProgramArguments: mri_segment -all-info  ProgramVersion: 7.3.2  TimeStamp: 2026/03/11-11:11:28-GMT  BuildTime: Aug  4 2022 06:17:15  BuildStamp: freesurfer-linux-ubuntu22_x86_64-7.3.2-20220804-6354275  User: oesteban  Machine: dna013  Platform: Linux  PlatformVersion: 5.14.0-427.37.1.el9_4.x86_64  CompilerName: GCC  CompilerVersion: 8.4.0
ProgramName: mri_segstats  ProgramArguments: mri_segstats -all-info  ProgramVersion: 7.3.2  TimeStamp: 2026/03/11-11:11:28-GMT  BuildTime: Aug  4 2022 06:17:15  BuildStamp: freesurfer-linux-ubuntu22_x86_64-7.3.2-20220804-6354275  User: oesteban  Machine: dna013  Platform: Linux  PlatformVersion: 5.14.0-427.37.1.el9_4.x86_64  CompilerName: GCC  CompilerVersion: 8.4.0
ProgramName: mris_euler_number  ProgramArguments: mris_euler_number -all-info  ProgramVersion: 7.3.2  TimeStamp: 2026/03/11-11:11:28-GMT  BuildTime: Aug  4 2022 06:17:15  BuildStamp: freesurfer-linux-ubuntu22_x86_64-7.3.2-20220804-6354275  User: oesteban  Machine: dna013  Platform: Linux  PlatformVersion: 5.14.0-427.37.1.el9_4.x86_64  CompilerName: GCC  CompilerVersion: 8.4.0
ProgramName: mris_fix_topology  ProgramArguments: mris_fix_topology -all-info  ProgramVersion: 7.3.2  TimeStamp: 2026/03/11-11:11:28-GMT  BuildTime: Aug  4 2022 06:17:15  BuildStamp: freesurfer-linux-ubuntu22_x86_64-7.3.2-20220804-6354275  User: oesteban  Machine: dna013  Platform: Linux  PlatformVersion: 5.14.0-427.37.1.el9_4.x86_64  CompilerName: GCC  CompilerVersion: 8.4.0
ProgramName: mris_topo_fixer  ProgramArguments: mris_topo_fixer -all-info  ProgramVersion: 7.3.2  TimeStamp: 2026/03/11-11:11:28-GMT  BuildTime: Aug  4 2022 06:17:15  BuildStamp: freesurfer-linux-ubuntu22_x86_64-7.3.2-20220804-6354275  User: oesteban  Machine: dna013  Platform: Linux  PlatformVersion: 5.14.0-427.37.1.el9_4.x86_64  CompilerName: GCC  CompilerVersion: 8.4.0
ProgramName: mris_jacobian  ProgramArguments: mris_jacobian -all-info  ProgramVersion: 7.3.2  TimeStamp: 2026/03/11-11:11:28-GMT  BuildTime: Aug  4 2022 06:17:15  BuildStamp: freesurfer-linux-ubuntu22_x86_64-7.3.2-20220804-6354275  User: oesteban  Machine: dna013  Platform: Linux  PlatformVersion: 5.14.0-427.37.1.el9_4.x86_64  CompilerName: GCC  CompilerVersion: 8.4.0
ProgramName: mris_label2annot  ProgramArguments: mris_label2annot -all-info  ProgramVersion: 7.3.2  TimeStamp: 2026/03/11-11:11:28-GMT  BuildTime: Aug  4 2022 06:17:15  BuildStamp: freesurfer-linux-ubuntu22_x86_64-7.3.2-20220804-6354275  User: oesteban  Machine: dna013  Platform: Linux  PlatformVersion: 5.14.0-427.37.1.el9_4.x86_64  CompilerName: GCC  CompilerVersion: 8.4.0
ProgramName: mris_left_right_register  ProgramArguments: mris_left_right_register -all-info  ProgramVersion: 7.3.2  TimeStamp: 2026/03/11-11:11:28-GMT  BuildTime: Aug  4 2022 06:17:15  BuildStamp: freesurfer-linux-ubuntu22_x86_64-7.3.2-20220804-6354275  User: oesteban  Machine: dna013  Platform: Linux  PlatformVersion: 5.14.0-427.37.1.el9_4.x86_64  CompilerName: GCC  CompilerVersion: 8.4.0
ProgramName: mris_place_surface  ProgramArguments: mris_place_surface -all-info  ProgramVersion: 7.3.2  TimeStamp: 2026/03/11-11:11:28-GMT  BuildTime: Aug  4 2022 06:17:15  BuildStamp: freesurfer-linux-ubuntu22_x86_64-7.3.2-20220804-6354275  User: oesteban  Machine: dna013  Platform: Linux  PlatformVersion: 5.14.0-427.37.1.el9_4.x86_64  CompilerName: GCC  CompilerVersion: 8.4.0
ProgramName: mrisp_paint  ProgramArguments: mrisp_paint -all-info  ProgramVersion: 7.3.2  TimeStamp: 2026/03/11-11:11:28-GMT  BuildTime: Aug  4 2022 06:17:15  BuildStamp: freesurfer-linux-ubuntu22_x86_64-7.3.2-20220804-6354275  User: oesteban  Machine: dna013  Platform: Linux  PlatformVersion: 5.14.0-427.37.1.el9_4.x86_64  CompilerName: GCC  CompilerVersion: 8.4.0
ProgramName: mris_register  ProgramArguments: mris_register -all-info  ProgramVersion: 7.3.2  TimeStamp: 2026/03/11-11:11:28-GMT  BuildTime: Aug  4 2022 06:17:15  BuildStamp: freesurfer-linux-ubuntu22_x86_64-7.3.2-20220804-6354275  User: oesteban  Machine: dna013  Platform: Linux  PlatformVersion: 5.14.0-427.37.1.el9_4.x86_64  CompilerName: GCC  CompilerVersion: 8.4.0
ProgramName: mris_smooth  ProgramArguments: mris_smooth -all-info  ProgramVersion: 7.3.2  TimeStamp: 2026/03/11-11:11:28-GMT  BuildTime: Aug  4 2022 06:17:15  BuildStamp: freesurfer-linux-ubuntu22_x86_64-7.3.2-20220804-6354275  User: oesteban  Machine: dna013  Platform: Linux  PlatformVersion: 5.14.0-427.37.1.el9_4.x86_64  CompilerName: GCC  CompilerVersion: 8.4.0
ProgramName: mris_sphere  ProgramArguments: mris_sphere -all-info  ProgramVersion: 7.3.2  TimeStamp: 2026/03/11-11:11:28-GMT  BuildTime: Aug  4 2022 06:17:15  BuildStamp: freesurfer-linux-ubuntu22_x86_64-7.3.2-20220804-6354275  User: oesteban  Machine: dna013  Platform: Linux  PlatformVersion: 5.14.0-427.37.1.el9_4.x86_64  CompilerName: GCC  CompilerVersion: 8.4.0
ProgramName: mris_surface_stats  ProgramArguments: mris_surface_stats -all-info  ProgramVersion: 7.3.2  TimeStamp: 2026/03/11-11:11:28-GMT  BuildTime: Aug  4 2022 06:17:15  BuildStamp: freesurfer-linux-ubuntu22_x86_64-7.3.2-20220804-6354275  User: oesteban  Machine: dna013  Platform: Linux  PlatformVersion: 5.14.0-427.37.1.el9_4.x86_64  CompilerName: GCC  CompilerVersion: 8.4.0
ProgramName: mri_stats2seg  ProgramArguments: mri_stats2seg -all-info  ProgramVersion: 7.3.2  TimeStamp: 2026/03/11-11:11:28-GMT  BuildTime: Aug  4 2022 06:17:15  BuildStamp: freesurfer-linux-ubuntu22_x86_64-7.3.2-20220804-6354275  User: oesteban  Machine: dna013  Platform: Linux  PlatformVersion: 5.14.0-427.37.1.el9_4.x86_64  CompilerName: GCC  CompilerVersion: 8.4.0
ProgramName: mris_thickness  ProgramArguments: mris_thickness -all-info  ProgramVersion: 7.3.2  TimeStamp: 2026/03/11-11:11:28-GMT  BuildTime: Aug  4 2022 06:17:15  BuildStamp: freesurfer-linux-ubuntu22_x86_64-7.3.2-20220804-6354275  User: oesteban  Machine: dna013  Platform: Linux  PlatformVersion: 5.14.0-427.37.1.el9_4.x86_64  CompilerName: GCC  CompilerVersion: 8.4.0
ProgramName: mris_thickness_diff  ProgramArguments: mris_thickness_diff -all-info  ProgramVersion: 7.3.2  TimeStamp: 2026/03/11-11:11:28-GMT  BuildTime: Aug  4 2022 06:17:15  BuildStamp: freesurfer-linux-ubuntu22_x86_64-7.3.2-20220804-6354275  User: oesteban  Machine: dna013  Platform: Linux  PlatformVersion: 5.14.0-427.37.1.el9_4.x86_64  CompilerName: GCC  CompilerVersion: 8.4.0
ProgramName: mris_topo_fixer  ProgramArguments: mris_topo_fixer -all-info  ProgramVersion: 7.3.2  TimeStamp: 2026/03/11-11:11:28-GMT  BuildTime: Aug  4 2022 06:17:15  BuildStamp: freesurfer-linux-ubuntu22_x86_64-7.3.2-20220804-6354275  User: oesteban  Machine: dna013  Platform: Linux  PlatformVersion: 5.14.0-427.37.1.el9_4.x86_64  CompilerName: GCC  CompilerVersion: 8.4.0
ProgramName: mri_surf2surf  ProgramArguments: mri_surf2surf -all-info  ProgramVersion: 7.3.2  TimeStamp: 2026/03/11-11:11:28-GMT  BuildTime: Aug  4 2022 06:17:15  BuildStamp: freesurfer-linux-ubuntu22_x86_64-7.3.2-20220804-6354275  User: oesteban  Machine: dna013  Platform: Linux  PlatformVersion: 5.14.0-427.37.1.el9_4.x86_64  CompilerName: GCC  CompilerVersion: 8.4.0
ProgramName: mri_surf2vol  ProgramArguments: mri_surf2vol -all-info  ProgramVersion: 7.3.2  TimeStamp: 2026/03/11-11:11:28-GMT  BuildTime: Aug  4 2022 06:17:15  BuildStamp: freesurfer-linux-ubuntu22_x86_64-7.3.2-20220804-6354275  User: oesteban  Machine: dna013  Platform: Linux  PlatformVersion: 5.14.0-427.37.1.el9_4.x86_64  CompilerName: GCC  CompilerVersion: 8.4.0
ProgramName: mri_surfcluster  ProgramArguments: mri_surfcluster -all-info  ProgramVersion: 7.3.2  TimeStamp: 2026/03/11-11:11:28-GMT  BuildTime: Aug  4 2022 06:17:15  BuildStamp: freesurfer-linux-ubuntu22_x86_64-7.3.2-20220804-6354275  User: oesteban  Machine: dna013  Platform: Linux  PlatformVersion: 5.14.0-427.37.1.el9_4.x86_64  CompilerName: GCC  CompilerVersion: 8.4.0
ProgramName: mris_volmask  ProgramArguments: mris_volmask -all-info  ProgramVersion: 7.3.2  TimeStamp: 2026/03/11-11:11:28-GMT  BuildTime: Aug  4 2022 06:17:15  BuildStamp: freesurfer-linux-ubuntu22_x86_64-7.3.2-20220804-6354275  User: oesteban  Machine: dna013  Platform: Linux  PlatformVersion: 5.14.0-427.37.1.el9_4.x86_64  CompilerName: GCC  CompilerVersion: 8.4.0
ProgramName: mri_tessellate  ProgramArguments: mri_tessellate -all-info  ProgramVersion: 7.3.2  TimeStamp: 2026/03/11-11:11:28-GMT  BuildTime: Aug  4 2022 06:17:15  BuildStamp: freesurfer-linux-ubuntu22_x86_64-7.3.2-20220804-6354275  User: oesteban  Machine: dna013  Platform: Linux  PlatformVersion: 5.14.0-427.37.1.el9_4.x86_64  CompilerName: GCC  CompilerVersion: 8.4.0
ProgramName: mri_vol2surf  ProgramArguments: mri_vol2surf -all-info  ProgramVersion: 7.3.2  TimeStamp: 2026/03/11-11:11:28-GMT  BuildTime: Aug  4 2022 06:17:15  BuildStamp: freesurfer-linux-ubuntu22_x86_64-7.3.2-20220804-6354275  User: oesteban  Machine: dna013  Platform: Linux  PlatformVersion: 5.14.0-427.37.1.el9_4.x86_64  CompilerName: GCC  CompilerVersion: 8.4.0
ProgramName: mri_vol2vol  ProgramArguments: mri_vol2vol -all-info  ProgramVersion: 7.3.2  TimeStamp: 2026/03/11-11:11:28-GMT  BuildTime: Aug  4 2022 06:17:15  BuildStamp: freesurfer-linux-ubuntu22_x86_64-7.3.2-20220804-6354275  User: oesteban  Machine: dna013  Platform: Linux  PlatformVersion: 5.14.0-427.37.1.el9_4.x86_64  CompilerName: GCC  CompilerVersion: 8.4.0
ProgramName: mri_voldiff  ProgramArguments: mri_voldiff -all-info  ProgramVersion: 7.3.2  TimeStamp: 2026/03/11-11:11:28-GMT  BuildTime: Aug  4 2022 06:17:15  BuildStamp: freesurfer-linux-ubuntu22_x86_64-7.3.2-20220804-6354275  User: oesteban  Machine: dna013  Platform: Linux  PlatformVersion: 5.14.0-427.37.1.el9_4.x86_64  CompilerName: GCC  CompilerVersion: 8.4.0
ProgramName: mri_watershed  ProgramArguments: mri_watershed -all-info  ProgramVersion: 7.3.2  TimeStamp: 2026/03/11-11:11:28-GMT  BuildTime: Aug  4 2022 06:17:15  BuildStamp: freesurfer-linux-ubuntu22_x86_64-7.3.2-20220804-6354275  User: oesteban  Machine: dna013  Platform: Linux  PlatformVersion: 5.14.0-427.37.1.el9_4.x86_64  CompilerName: GCC  CompilerVersion: 8.4.0
ProgramName: tkregister2  ProgramArguments: tkregister2_cmdl -all-info  ProgramVersion: 7.3.2  TimeStamp: 2026/03/11-11:11:28-GMT  BuildTime: Aug  4 2022 06:17:15  BuildStamp: freesurfer-linux-ubuntu22_x86_64-7.3.2-20220804-6354275  User: oesteban  Machine: dna013  Platform: Linux  PlatformVersion: 5.14.0-427.37.1.el9_4.x86_64  CompilerName: GCC  CompilerVersion: 8.4.0
mri_motion_correct.fsl 7.3.2
mri_convert -all-info 
ProgramName: mri_convert  ProgramArguments: mri_convert -all-info  ProgramVersion: 7.3.2  TimeStamp: 2026/03/11-11:11:28-GMT  BuildTime: Aug  4 2022 06:17:15  BuildStamp: freesurfer-linux-ubuntu22_x86_64-7.3.2-20220804-6354275  User: oesteban  Machine: dna013  Platform: Linux  PlatformVersion: 5.14.0-427.37.1.el9_4.x86_64  CompilerName: GCC  CompilerVersion: 8.4.0
Program nu_correct, built from:
Package MNI N3, version 1.12.0, compiled by nicks@terrier (x86_64-unknown-linux-gnu) on 2015-06-19 at 01:25:34
#######################################
GCADIR /opt/freesurfer/average
GCA RB_all_2020-01-02.gca
GCASkull RB_all_withskull_2020_01_02.gca
AvgCurvTif folding.atlas.acfb40.noaparc.i12.2016-08-02.tif
GCSDIR /opt/freesurfer/average
GCS DKaparc.atlas.acfb40.noaparc.i12.2016-08-02.gcs
#######################################
#--------------------------------------------
#@# Tessellate rh Wed Mar 11 12:11:28 CET 2026
/out/sourcedata/freesurfer/sub-v2s16x51231_ses-1/scripts

 mri_pretess ../mri/filled.mgz 127 ../mri/norm.mgz ../mri/filled-pretess127.mgz 


Iteration Number : 1
pass   1 (xy+):   0 found -   0 modified     |    TOTAL:   0
pass   1 (xy-):   0 found -   0 modified     |    TOTAL:   0
pass   1 (yz+):   6 found -   6 modified     |    TOTAL:   6
pass   2 (yz+):   0 found -   6 modified     |    TOTAL:   6
pass   1 (yz-):   7 found -   7 modified     |    TOTAL:  13
pass   2 (yz-):   0 found -   7 modified     |    TOTAL:  13
pass   1 (xz+):   0 found -   0 modified     |    TOTAL:  13
pass   1 (xz-):   1 found -   1 modified     |    TOTAL:  14
pass   2 (xz-):   0 found -   1 modified     |    TOTAL:  14
Iteration Number : 1
pass   1 (+++):   0 found -   0 modified     |    TOTAL:   0
pass   1 (+++):   0 found -   0 modified     |    TOTAL:   0
pass   1 (+++):   0 found -   0 modified     |    TOTAL:   0
pass   1 (+++):   0 found -   0 modified     |    TOTAL:   0
Iteration Number : 1
pass   1 (++):   0 found -   0 modified     |    TOTAL:   0
pass   1 (+-):   0 found -   0 modified     |    TOTAL:   0
pass   1 (--):   0 found -   0 modified     |    TOTAL:   0
pass   1 (-+):   1 found -   1 modified     |    TOTAL:   1
pass   2 (-+):   0 found -   1 modified     |    TOTAL:   1
Iteration Number : 2
pass   1 (xy+):   0 found -   0 modified     |    TOTAL:   0
pass   1 (xy-):   0 found -   0 modified     |    TOTAL:   0
pass   1 (yz+):   0 found -   0 modified     |    TOTAL:   0
pass   1 (yz-):   0 found -   0 modified     |    TOTAL:   0
pass   1 (xz+):   0 found -   0 modified     |    TOTAL:   0
pass   1 (xz-):   0 found -   0 modified     |    TOTAL:   0
Iteration Number : 2
pass   1 (+++):   0 found -   0 modified     |    TOTAL:   0
pass   1 (+++):   0 found -   0 modified     |    TOTAL:   0
pass   1 (+++):   0 found -   0 modified     |    TOTAL:   0
pass   1 (+++):   0 found -   0 modified     |    TOTAL:   0
Iteration Number : 2
pass   1 (++):   0 found -   0 modified     |    TOTAL:   0
pass   1 (+-):   0 found -   0 modified     |    TOTAL:   0
pass   1 (--):   0 found -   0 modified     |    TOTAL:   0
pass   1 (-+):   0 found -   0 modified     |    TOTAL:   0

Total Number of Modified Voxels = 15 (out of 253747: 0.005911)
Ambiguous edge configurations... 

mri_pretess done


 mri_tessellate ../mri/filled-pretess127.mgz 127 ../surf/rh.orig.nofix 

7.3.2
  7.3.2
slice 50: 218 vertices, 258 faces
slice 60: 3878 vertices, 4051 faces
slice 70: 10291 vertices, 10542 faces
slice 80: 19055 vertices, 19385 faces
slice 90: 29692 vertices, 30053 faces
slice 100: 41112 vertices, 41490 faces
slice 110: 53635 vertices, 54004 faces
slice 120: 66865 vertices, 67267 faces
slice 130: 79413 vertices, 79832 faces
slice 140: 90988 vertices, 91354 faces
slice 150: 102250 vertices, 102617 faces
slice 160: 110966 vertices, 111232 faces
slice 170: 117954 vertices, 118215 faces
slice 180: 125115 vertices, 125340 faces
slice 190: 130755 vertices, 130965 faces
slice 200: 134471 vertices, 134589 faces
slice 210: 135610 vertices, 135618 faces
slice 220: 135610 vertices, 135618 faces
slice 230: 135610 vertices, 135618 faces
slice 240: 135610 vertices, 135618 faces
slice 250: 135610 vertices, 135618 faces
using the conformed surface RAS to save vertex points...
writing ../surf/rh.orig.nofix
using vox2ras matrix:
-1.00000   0.00000   0.00000   128.00000;
 0.00000   0.00000   1.00000  -128.00000;
 0.00000  -1.00000   0.00000   128.00000;
 0.00000   0.00000   0.00000   1.00000;

 rm -f ../mri/filled-pretess127.mgz 


 mris_extract_main_component ../surf/rh.orig.nofix ../surf/rh.orig.nofix 


counting number of connected components...
   135610 voxel in cpt #1: X=-8 [v=135610,e=406854,f=271236] located at (27.669582, -6.344967, 44.383511)
For the whole surface: X=-8 [v=135610,e=406854,f=271236]
One single component has been found
nothing to do
done

#--------------------------------------------
#@# Smooth1 rh Wed Mar 11 12:11:32 CET 2026
/out/sourcedata/freesurfer/sub-v2s16x51231_ses-1/scripts

 mris_smooth -nw -seed 1234 ../surf/rh.orig.nofix ../surf/rh.smoothwm.nofix 

setting seed for random number generator to 1234
smoothing surface tessellation for 10 iterations...
smoothing complete - recomputing first and second fundamental forms...
#--------------------------------------------
#@# Inflation1 rh Wed Mar 11 12:11:35 CET 2026
/out/sourcedata/freesurfer/sub-v2s16x51231_ses-1/scripts

 mris_inflate -no-save-sulc ../surf/rh.smoothwm.nofix ../surf/rh.inflated.nofix 

Not saving sulc
Reading ../surf/rh.smoothwm.nofix
avg radius = 45.3 mm, total surface area = 74647 mm^2
step 000: RMS=0.142 (target=0.015)   step 005: RMS=0.109 (target=0.015)   step 010: RMS=0.079 (target=0.015)   step 015: RMS=0.064 (target=0.015)   step 020: RMS=0.054 (target=0.015)   step 025: RMS=0.047 (target=0.015)   step 030: RMS=0.040 (target=0.015)   step 035: RMS=0.035 (target=0.015)   step 040: RMS=0.031 (target=0.015)   step 045: RMS=0.028 (target=0.015)   step 050: RMS=0.026 (target=0.015)   step 055: RMS=0.024 (target=0.015)   step 060: RMS=0.023 (target=0.015)   writing inflated surface to ../surf/rh.inflated.nofix
inflation took 0.2 minutes

inflation complete.
Not saving sulc
mris_inflate utimesec    72.042994
mris_inflate stimesec    1.708889
mris_inflate ru_maxrss   214864
mris_inflate ru_ixrss    0
mris_inflate ru_idrss    0
mris_inflate ru_isrss    0
mris_inflate ru_minflt   523547
mris_inflate ru_majflt   4
mris_inflate ru_nswap    0
mris_inflate ru_inblock  0
mris_inflate ru_oublock  9544
mris_inflate ru_msgsnd   0
mris_inflate ru_msgrcv   0
mris_inflate ru_nsignals 0
mris_inflate ru_nvcsw    8281
mris_inflate ru_nivcsw   927
#--------------------------------------------
#@# QSphere rh Wed Mar 11 12:11:49 CET 2026
/out/sourcedata/freesurfer/sub-v2s16x51231_ses-1/scripts

 mris_sphere -q -p 6 -a 128 -seed 1234 ../surf/rh.inflated.nofix ../surf/rh.qsphere.nofix 

doing quick spherical unfolding.
limitting unfolding to 6 passes
using n_averages = 128
setting seed for random number genererator to 1234
version: 7.3.2
available threads: 16
scaling brain by 0.311...
inflating...
projecting onto sphere...
surface projected - minimizing metric distortion...
vertex spacing 1.01 +- 0.55 (0.00-->6.99) (max @ vno 49409 --> 49410)
face area 0.03 +- 0.03 (-0.13-->0.80)
Entering MRISinflateToSphere()
inflating to sphere (rms error < 2.00)
000: dt: 0.0000, rms radial error=176.780, avgs=0
005/300: dt: 0.9000, rms radial error=176.521, avgs=0
010/300: dt: 0.9000, rms radial error=175.964, avgs=0
015/300: dt: 0.9000, rms radial error=175.233, avgs=0
020/300: dt: 0.9000, rms radial error=174.402, avgs=0
025/300: dt: 0.9000, rms radial error=173.517, avgs=0
030/300: dt: 0.9000, rms radial error=172.601, avgs=0
035/300: dt: 0.9000, rms radial error=171.668, avgs=0
040/300: dt: 0.9000, rms radial error=170.727, avgs=0
045/300: dt: 0.9000, rms radial error=169.784, avgs=0
050/300: dt: 0.9000, rms radial error=168.841, avgs=0
055/300: dt: 0.9000, rms radial error=167.900, avgs=0
060/300: dt: 0.9000, rms radial error=166.963, avgs=0
065/300: dt: 0.9000, rms radial error=166.030, avgs=0
070/300: dt: 0.9000, rms radial error=165.101, avgs=0
075/300: dt: 0.9000, rms radial error=164.176, avgs=0
080/300: dt: 0.9000, rms radial error=163.257, avgs=0
085/300: dt: 0.9000, rms radial error=162.342, avgs=0
090/300: dt: 0.9000, rms radial error=161.432, avgs=0
095/300: dt: 0.9000, rms radial error=160.526, avgs=0
100/300: dt: 0.9000, rms radial error=159.626, avgs=0
105/300: dt: 0.9000, rms radial error=158.730, avgs=0
110/300: dt: 0.9000, rms radial error=157.839, avgs=0
115/300: dt: 0.9000, rms radial error=156.953, avgs=0
120/300: dt: 0.9000, rms radial error=156.071, avgs=0
125/300: dt: 0.9000, rms radial error=155.195, avgs=0
130/300: dt: 0.9000, rms radial error=154.323, avgs=0
135/300: dt: 0.9000, rms radial error=153.456, avgs=0
140/300: dt: 0.9000, rms radial error=152.593, avgs=0
145/300: dt: 0.9000, rms radial error=151.735, avgs=0
150/300: dt: 0.9000, rms radial error=150.882, avgs=0
155/300: dt: 0.9000, rms radial error=150.033, avgs=0
160/300: dt: 0.9000, rms radial error=149.189, avgs=0
165/300: dt: 0.9000, rms radial error=148.349, avgs=0
170/300: dt: 0.9000, rms radial error=147.514, avgs=0
175/300: dt: 0.9000, rms radial error=146.684, avgs=0
180/300: dt: 0.9000, rms radial error=145.858, avgs=0
185/300: dt: 0.9000, rms radial error=145.037, avgs=0
190/300: dt: 0.9000, rms radial error=144.220, avgs=0
195/300: dt: 0.9000, rms radial error=143.408, avgs=0
200/300: dt: 0.9000, rms radial error=142.600, avgs=0
205/300: dt: 0.9000, rms radial error=141.797, avgs=0
210/300: dt: 0.9000, rms radial error=140.998, avgs=0
215/300: dt: 0.9000, rms radial error=140.204, avgs=0
220/300: dt: 0.9000, rms radial error=139.414, avgs=0
225/300: dt: 0.9000, rms radial error=138.629, avgs=0
230/300: dt: 0.9000, rms radial error=137.848, avgs=0
235/300: dt: 0.9000, rms radial error=137.070, avgs=0
240/300: dt: 0.9000, rms radial error=136.298, avgs=0
245/300: dt: 0.9000, rms radial error=135.529, avgs=0
250/300: dt: 0.9000, rms radial error=134.764, avgs=0
255/300: dt: 0.9000, rms radial error=134.004, avgs=0
260/300: dt: 0.9000, rms radial error=133.248, avgs=0
265/300: dt: 0.9000, rms radial error=132.497, avgs=0
270/300: dt: 0.9000, rms radial error=131.749, avgs=0
275/300: dt: 0.9000, rms radial error=131.006, avgs=0
280/300: dt: 0.9000, rms radial error=130.267, avgs=0
285/300: dt: 0.9000, rms radial error=129.532, avgs=0
290/300: dt: 0.9000, rms radial error=128.801, avgs=0
295/300: dt: 0.9000, rms radial error=128.075, avgs=0
300/300: dt: 0.9000, rms radial error=127.352, avgs=0

spherical inflation complete.
epoch 1 (K=10.0), pass 1, starting sse = 15696.79
taking momentum steps...
taking momentum steps...
taking momentum steps...
taking momentum steps...
pass 1 complete, delta sse/iter = 0.00/13 = 0.00027
epoch 2 (K=40.0), pass 1, starting sse = 2479.76
taking momentum steps...
taking momentum steps...
taking momentum steps...
taking momentum steps...
pass 1 complete, delta sse/iter = 0.00/13 = 0.00020
epoch 3 (K=160.0), pass 1, starting sse = 211.61
taking momentum steps...
taking momentum steps...
taking momentum steps...
taking momentum steps...
pass 1 complete, delta sse/iter = 0.15/18 = 0.00813
epoch 4 (K=640.0), pass 1, starting sse = 6.79
taking momentum steps...
taking momentum steps...
taking momentum steps...
taking momentum steps...
pass 1 complete, delta sse/iter = 0.14/22 = 0.00621
final distance error %100000.00
writing spherical brain to ../surf/rh.qsphere.nofix
spherical transformation took 0.0216 hours
FSRUNTIME@ mris_sphere  0.0216 hours 16 threads
#VMPC# mris_sphere VmPeak  1554216
mris_sphere done
#@# Fix Topology rh Wed Mar 11 12:13:07 CET 2026

 mris_fix_topology -mgz -sphere qsphere.nofix -inflated inflated.nofix -orig orig.nofix -out orig.premesh -ga -seed 1234 sub-v2s16x51231_ses-1 rh 

reading spherical homeomorphism from 'qsphere.nofix'
reading inflated coordinates from 'inflated.nofix'
reading original coordinates from 'orig.nofix'
using genetic algorithm with optimized parameters
setting seed for random number genererator to 1234

*************************************************************
Topology Correction Parameters
retessellation mode:           genetic search
number of patches/generation : 10
number of generations :        10
surface mri loglikelihood coefficient :         1.0
volume mri loglikelihood coefficient :          10.0
normal dot loglikelihood coefficient :          1.0
quadratic curvature loglikelihood coefficient : 1.0
volume resolution :                             2
eliminate vertices during search :              1
initial patch selection :                       1
select all defect vertices :                    0
ordering dependant retessellation:              0
use precomputed edge table :                    0
smooth retessellated patch :                    2
match retessellated patch :                     1
verbose mode :                                  0

*************************************************************
INFO: assuming .mgz format
writing corrected surface to 'orig.premesh'
7.3.2
  7.3.2
before topology correction, eno=-8 (nv=135610, nf=271236, ne=406854, g=5)
using quasi-homeomorphic spherical map to tessellate cortical surface...

Correction of the Topology
Finding true center and radius of Spherical Surface...done
Surface centered at (0,0,0) with radius 100.0 in 7 iterations
marking ambiguous vertices...
563 ambiguous faces found in tessellation
segmenting defects...
6 defects found, arbitrating ambiguous regions...
analyzing neighboring defects...
6 defects to be corrected 
0 vertices coincident
reading input surface /out/sourcedata/freesurfer/sub-v2s16x51231_ses-1/surf/rh.qsphere.nofix...
reading brain volume from brain...
reading wm segmentation from wm...
Reading original properties of orig.nofix
Reading vertex positions of inflated.nofix
Computing Initial Surface Statistics
      -face       loglikelihood: -9.5115  (-4.7557)
      -vertex     loglikelihood: -6.1465  (-3.0732)
      -normal dot loglikelihood: -3.6632  (-3.6632)
      -quad curv  loglikelihood: -6.2605  (-3.1303)
      Total Loglikelihood : -25.5817
CORRECTING DEFECT 0 (vertices=18, convex hull=39, v0=27649)
After retessellation of defect 0 (v0=27649), euler #=-3 (135237,405474,270234) : difference with theory (-3) = 0 
CORRECTING DEFECT 1 (vertices=241, convex hull=303, v0=53328)
After retessellation of defect 1 (v0=53328), euler #=-2 (135327,405885,270556) : difference with theory (-2) = 0 
CORRECTING DEFECT 2 (vertices=21, convex hull=24, v0=91792)
After retessellation of defect 2 (v0=91792), euler #=-1 (135332,405906,270573) : difference with theory (-1) = 0 
CORRECTING DEFECT 3 (vertices=35, convex hull=41, v0=94111)
After retessellation of defect 3 (v0=94111), euler #=0 (135346,405966,270620) : difference with theory (0) = 0 
CORRECTING DEFECT 4 (vertices=38, convex hull=73, v0=116569)
After retessellation of defect 4 (v0=116569), euler #=1 (135363,406045,270683) : difference with theory (1) = 0 
CORRECTING DEFECT 5 (vertices=29, convex hull=79, v0=122421)
After retessellation of defect 5 (v0=122421), euler #=2 (135377,406125,270750) : difference with theory (2) = 0 
computing original vertex metric properties...
storing new metric properties...
computing tessellation statistics...
vertex spacing 0.89 +- 0.21 (0.12-->7.13) (max @ vno 54427 --> 56970)
face area -nan +- -nan (1000.00-->-1.00)
performing soap bubble on retessellated vertices for 0 iterations...
vertex spacing 0.89 +- 0.21 (0.12-->7.13) (max @ vno 54427 --> 56970)
face area -nan +- -nan (1000.00-->-1.00)
tessellation finished, orienting corrected surface...
27 mutations (32.9%), 55 crossovers (67.1%), 15 vertices were eliminated
building final representation...
233 vertices and 0 faces have been removed from triangulation
after topology correction, eno=2 (nv=135377, nf=270750, ne=406125, g=0)
writing corrected surface to /out/sourcedata/freesurfer/sub-v2s16x51231_ses-1/surf/rh.orig.premesh...

0.000 % of the vertices (0 vertices) exhibit an orientation change
removing intersecting faces
000: 63 intersecting
001: 4 intersecting
terminating search with 0 intersecting
topology fixing took 0.7 minutes
FSRUNTIME@ mris_fix_topology rh  0.0116 hours 16 threads
#VMPC# mris_fix_topology VmPeak  2018560

 mris_euler_number ../surf/rh.orig.premesh 

euler # = v-e+f = 2g-2: 135377 - 406125 + 270750 = 2 --> 0 holes
      F =2V-4:          270750 = 270754-4 (0)
      2E=3F:            812250 = 812250 (0)

total defect index = 0
Wed Mar 11 12:13:49 CET 2026

setenv SUBJECTS_DIR /out/sourcedata/freesurfer
cd /out/sourcedata/freesurfer/sub-v2s16x51231_ses-1/scripts
/opt/freesurfer/bin/defect2seg --s sub-v2s16x51231_ses-1 --rh-only --cortex

freesurfer-linux-ubuntu22_x86_64-7.3.2-20220804-6354275
defect2seg 7.3.2
Linux dna013 5.14.0-427.37.1.el9_4.x86_64 #1 SMP PREEMPT_DYNAMIC Fri Sep 13 12:41:50 EDT 2024 x86_64 x86_64 x86_64 GNU/Linux
pid 289157
mri_label2label --label-cortex /out/sourcedata/freesurfer/sub-v2s16x51231_ses-1/surf/rh.orig.nofix /out/sourcedata/freesurfer/sub-v2s16x51231_ses-1/mri/aseg.presurf.mgz 0 /out/sourcedata/freesurfer/sub-v2s16x51231_ses-1/label/rh.nofix.cortex.label

 Generating cortex label... RemoveHipAmgy=0
 NucAccIsMedialWall=0
 mris->useRealRAS=0
16 non-cortical segments detected
only using segment with 7000 vertices
erasing segment 0 (vno[0] = 38575)
erasing segment 1 (vno[0] = 40817)
erasing segment 3 (vno[0] = 55614)
erasing segment 4 (vno[0] = 66209)
erasing segment 5 (vno[0] = 90570)
erasing segment 6 (vno[0] = 92953)
erasing segment 7 (vno[0] = 95110)
erasing segment 8 (vno[0] = 95149)
erasing segment 9 (vno[0] = 95225)
erasing segment 10 (vno[0] = 98534)
erasing segment 11 (vno[0] = 100802)
erasing segment 12 (vno[0] = 105737)
erasing segment 13 (vno[0] = 108957)
erasing segment 14 (vno[0] = 111320)
erasing segment 15 (vno[0] = 115539)
mri_label2vol --defects /out/sourcedata/freesurfer/sub-v2s16x51231_ses-1/surf/rh.orig.nofix /out/sourcedata/freesurfer/sub-v2s16x51231_ses-1/surf/rh.defect_labels /out/sourcedata/freesurfer/sub-v2s16x51231_ses-1/mri/orig.mgz 2000 0 /out/sourcedata/freesurfer/sub-v2s16x51231_ses-1/mri/rh.surface.defects.mgz /out/sourcedata/freesurfer/sub-v2s16x51231_ses-1/label/rh.nofix.cortex.label
mri_label2vol supposed to be reproducible but seed not set
Contraining to label /out/sourcedata/freesurfer/sub-v2s16x51231_ses-1/label/rh.nofix.cortex.label
Changing input type 0 to MRI_INT
Converting defects to volume: offset=2000, merge=0
Writing to /out/sourcedata/freesurfer/sub-v2s16x51231_ses-1/mri/rh.surface.defects.mgz
mris_defects_pointset -s /out/sourcedata/freesurfer/sub-v2s16x51231_ses-1/surf/rh.orig.nofix -d /out/sourcedata/freesurfer/sub-v2s16x51231_ses-1/surf/rh.defect_labels -o /out/sourcedata/freesurfer/sub-v2s16x51231_ses-1/surf/rh.defects.pointset --label /out/sourcedata/freesurfer/sub-v2s16x51231_ses-1/label/rh.nofix.cortex.label
Reading in surface /out/sourcedata/freesurfer/sub-v2s16x51231_ses-1/surf/rh.orig.nofix
Reading in defect segmentation /out/sourcedata/freesurfer/sub-v2s16x51231_ses-1/surf/rh.defect_labels
Reading in label /out/sourcedata/freesurfer/sub-v2s16x51231_ses-1/label/rh.nofix.cortex.label
#VMPC# mris_defects_pointset 1365608
mris_defects_pointset done
 
Started at Wed Mar 11 12:13:49 CET 2026 
Ended   at Wed Mar 11 12:14:04 CET 2026
Defect2seg-Run-Time-Sec 15
Defect2seg-Run-Time-Min 0.30
Defect2seg-Run-Time-Hours 0.00
 
tkmeditfv sub-v2s16x51231_ses-1 brain.finalsurfs.mgz -defect
defect2seg Done

 mris_remesh --remesh --iters 3 --input /out/sourcedata/freesurfer/sub-v2s16x51231_ses-1/surf/rh.orig.premesh --output /out/sourcedata/freesurfer/sub-v2s16x51231_ses-1/surf/rh.orig 

iters = 3
standard remeshing without target
   adjusted l: 0.711111
remeshing to edge length 0.711111 with 3 iterations

avg qual before   : 0.89362  after: 0.971592

Removing intersections
Remeshed surface quality stats nv0 = 135377  nv = 141554  1.04563
Area    283104  0.30339  0.03346 0.078098   0.4499
Corner  849312 60.00000  8.73850 18.650887 141.3185
Edge    424656  0.84492  0.08183 0.482062   1.2733
Hinge   424656  9.00089  9.70900 0.000002 124.6279
mris_remesh done
/out/sourcedata/freesurfer/sub-v2s16x51231_ses-1/scripts

 mris_remove_intersection ../surf/rh.orig ../surf/rh.orig 

intersection removal took 0.00 hours
writing corrected surface to ../surf/rh.orig

 rm -f ../surf/rh.inflated 

#--------------------------------------------
#@# AutoDetGWStats rh Wed Mar 11 12:14:37 CET 2026
cd /out/sourcedata/freesurfer/sub-v2s16x51231_ses-1/mri
mris_autodet_gwstats --o ../surf/autodet.gw.stats.rh.dat --i brain.finalsurfs.mgz --wm wm.mgz --surf ../surf/rh.orig.premesh
7.3.2

cd /out/sourcedata/freesurfer/sub-v2s16x51231_ses-1/mri
setenv SUBJECTS_DIR /out/sourcedata/freesurfer
mris_autodet_gwstats --o ../surf/autodet.gw.stats.rh.dat --i brain.finalsurfs.mgz --wm wm.mgz --surf ../surf/rh.orig.premesh 

border white:    252856 voxels (1.51%)
border gray      282644 voxels (1.68%)
Reading in intensity volume brain.finalsurfs.mgz
Reading in wm volume wm.mgz
Reading in surf ../surf/rh.orig.premesh
Auto detecting stats
MRIclipBrightWM(): nthresh=11565, wmmin=5, clip=110 
Binarizing thresholding at 5
computing class statistics... low=30, hi=110.000000
CCS WM (97.0): 97.5 +- 8.5 [70.0 --> 110.0]
CCS GM (72.0) : 71.1 +- 9.5 [30.0 --> 110.0]
white_mean = 97.5101 +/- 8.48877, gray_mean = 71.102 +/- 9.48141
using class modes intead of means, discounting robust sigmas....
MRIScomputeClassModes(): min=0 max=129 nbins=130
intensity peaks found at WM=102+-6.1,    GM=66+-7.8
white_mode = 102, gray_mode = 66
std_scale = 1
Applying sanity checks, max_scale_down = 0.2
setting MIN_GRAY_AT_WHITE_BORDER to 56.5 (was 70.000000)
setting MAX_BORDER_WHITE to 110.5 (was 105.000000)
setting MIN_BORDER_WHITE to 66.0 (was 85.000000)
setting MAX_CSF to 47.0 (was 40.000000)
setting MAX_GRAY to 93.5 (was 95.000000)
setting MAX_GRAY_AT_CSF_BORDER to 56.5 (was 75.000000)
setting MIN_GRAY_AT_CSF_BORDER to 37.6 (was 40.000000)
When placing the white surface
  white_border_hi   = 110.489;
  white_border_low  = 66;
  white_outside_low = 56.5186;
  white_inside_hi   = 120;
  white_outside_hi  = 110.489;
When placing the pial surface
  pial_border_hi   = 56.5186;
  pial_border_low  = 37.5558;
  pial_outside_low = 10;
  pial_inside_hi   = 93.5112;
  pial_outside_hi  = 51.7779;
#VMPC# mris_autodet_gwstats VmPeak  1395936
mris_autodet_gwstats done
#--------------------------------------------
#@# WhitePreAparc rh Wed Mar 11 12:14:40 CET 2026
cd /out/sourcedata/freesurfer/sub-v2s16x51231_ses-1/mri
mris_place_surface --adgws-in ../surf/autodet.gw.stats.rh.dat --wm wm.mgz --threads 16 --invol brain.finalsurfs.mgz --rh --i ../surf/rh.orig --o ../surf/rh.white.preaparc --white --seg aseg.presurf.mgz --nsmooth 5
7.3.2
7.3.2

cd /out/sourcedata/freesurfer/sub-v2s16x51231_ses-1/mri
setenv SUBJECTS_DIR /out/sourcedata/freesurfer
mris_place_surface --adgws-in ../surf/autodet.gw.stats.rh.dat --wm wm.mgz --threads 16 --invol brain.finalsurfs.mgz --rh --i ../surf/rh.orig --o ../surf/rh.white.preaparc --white --seg aseg.presurf.mgz --nsmooth 5 

Reading in input surface ../surf/rh.orig
Smoothing surface before ripping with 5 iterations
Area    283104  0.27073  0.06268 0.011373   0.5775
Corner  849312 60.00000  9.35345 14.309159 134.8512
Edge    424656  0.79443  0.11276 0.151901   1.3380
Hinge   424656  6.12195  6.29236 0.000004 129.7687
Not reading in aparc
Reading in input volume brain.finalsurfs.mgz
Reading in wm volume wm.mgz
MRIclipBrightWM(): nthresh=11565, wmmin=5, clip=110 
MRIfindBrightNonWM(): 3 bright non-wm voxels segmented.
Masking bright non-wm for white surface
MRImask(): AllowDiffGeom = 1
MRImask(): AllowDiffGeom = 1
Reading in seg volume aseg.presurf.mgz
Ripping frozen voxels
INFO: rip surface needed but not specified, so using input surface
Freezing midline and others
Entering: MRISripMidline(): inhibiting deformation at non-cortical midline structures...
  which=1, fix_mtl=0, using annot = 0
#FML0# MRISripMidline(): nripped=0
removing 3 vertices from ripped group in thread:0
removing 4 vertices from ripped group in thread:0
removing 2 vertices from ripped group in thread:0
#FML# MRISripMidline(): nmarked=5868, nmarked2=51, nripped=5868
Ripping segs (eg, WMSA, BG, frozen)
Starting MRISripSegs() d = (-2 2 0.5) segnos: 247 
MRISripSegs(): -2 2 0.5 ripped 0
vertex 70777: xyz = (16.9763,3.16722,78.0386) oxyz = (16.9763,3.16722,78.0386) wxzy = (16.9763,3.16722,78.0386) pxyz = (0,0,0) 
CBVO Creating mask 141554
n_averages 4
Iteration 0 =========================================
n_averages=4, current_sigma=2
Freezing midline and others
Ripping frozen voxels
INFO: rip surface needed but not specified, so using input surface
Freezing midline and others
Entering: MRISripMidline(): inhibiting deformation at non-cortical midline structures...
  which=1, fix_mtl=0, using annot = 0
#FML0# MRISripMidline(): nripped=5868
removing 3 vertices from ripped group in thread:0
removing 4 vertices from ripped group in thread:0
removing 2 vertices from ripped group in thread:0
#FML# MRISripMidline(): nmarked=5868, nmarked2=51, nripped=5868
Ripping segs (eg, WMSA, BG, frozen)
Starting MRISripSegs() d = (-2 2 0.5) segnos: 247 247 
MRISripSegs(): -2 2 0.5 ripped 0
Computing target border values 
Entering MRIScomputeBorderValues_new(): 
  inside_hi   = 120.0000000;
  border_hi   = 110.4887700;
  border_low  =  66.0000000;
  outside_low =  56.5185930;
  outside_hi  = 110.4887700;
  sigma = 2;
  max_thickness = 10;
  step_size=0.5;
  STEP_SIZE=0.1;
  which = 1
  thresh = 0
  flags = 0
  CBVfindFirstPeakD1=0
  CBVfindFirstPeakD2=0
  nvertices=141554
  Gdiag_no=-1
  vno start=0, stop=141554
Replacing 255s with 0s
#SI# sigma=2 had to be increased for 30 vertices, nripped=5868
mean border=79.2, 6 (6) missing vertices, mean dist 0.3 [0.5 (%36.3)->0.7 (%63.7))]
%76 local maxima, %19 large gradients and % 0 min vals, 0 gradients ignored
nFirstPeakD1 0
MRIScomputeBorderValues_new() finished in 0.0147 min


Finding expansion regions
mean absolute distance = 0.64 +- 0.79
5203 vertices more than 2 sigmas from mean.
Averaging target values for 5 iterations...
Positioning Surface: tspring = 0.3, nspring = 0.3, spring = 0, niters = 100 l_repulse = 5, l_surf_repulse = 0, checktol = 0
Positioning pial surface
Entering MRISpositionSurface()
  max_mm = 0.3
  MAX_REDUCTIONS = 2, REDUCTION_PCT = 0.5
  parms->check_tol = 0, niterations = 100
tol=1.0e-04, sigma=2.0, host=dna01, nav=4, nbrs=2, l_repulse=5.000, l_tspring=0.300, l_nspring=0.300, l_intensity=0.200, l_curv=1.000
mom=0.00, dt=0.50
complete_dist_mat 0
rms 0
smooth_averages 0
remove_neg 0
ico_order 0
which_surface 0
target_radius 0.000000
nfields 0
scale 0.000000
desired_rms_height 0.000000
momentum 0.000000
nbhd_size 0
max_nbrs 0
niterations 100
nsurfaces 0
SURFACES 3
flags 0 (0)
use curv 0
no sulc 0
no rigid align 0
mris->nsize 2
mris->hemisphere 1
randomSeed 0

000: dt: 0.0000, sse=2827835.0, rms=9.919
001: dt: 0.5000, sse=1505874.1, rms=7.057 (28.852%)
002: dt: 0.5000, sse=945836.1, rms=5.405 (23.412%)
003: dt: 0.5000, sse=677773.2, rms=4.395 (18.682%)
004: dt: 0.5000, sse=534067.1, rms=3.741 (14.893%)
005: dt: 0.5000, sse=464780.2, rms=3.376 (9.743%)
006: dt: 0.5000, sse=425932.2, rms=3.152 (6.651%)
007: dt: 0.5000, sse=412351.8, rms=3.064 (2.775%)
008: dt: 0.5000, sse=400318.2, rms=2.985 (2.596%)
rms = 2.9765/2.9847, sse=400304.7/400318.2, time step reduction 1 of 3 to 0.250  0 0 1
009: dt: 0.5000, sse=400304.7, rms=2.976 (0.275%)
010: dt: 0.2500, sse=221794.6, rms=1.478 (50.336%)
011: dt: 0.2500, sse=212236.6, rms=1.170 (20.884%)
012: dt: 0.2500, sse=194302.2, rms=1.082 (7.503%)
rms = 1.0376/1.0818, sse=191951.8/194302.2, time step reduction 2 of 3 to 0.125  0 0 1
013: dt: 0.2500, sse=191951.8, rms=1.038 (4.086%)
rms = 0.9982/1.0376, sse=189920.2/191951.8, time step reduction 3 of 3 to 0.062  0 0 1
014: dt: 0.1250, sse=189920.2, rms=0.998 (3.794%)
  maximum number of reductions reached, breaking from loop
positioning took 1.3 minutes
Iteration 1 =========================================
n_averages=2, current_sigma=1
Freezing midline and others
Ripping frozen voxels
INFO: rip surface needed but not specified, so using input surface
Freezing midline and others
Entering: MRISripMidline(): inhibiting deformation at non-cortical midline structures...
  which=1, fix_mtl=0, using annot = 0
#FML0# MRISripMidline(): nripped=5868
removing 4 vertices from ripped group in thread:0
removing 4 vertices from ripped group in thread:0
removing 3 vertices from ripped group in thread:0
removing 2 vertices from ripped group in thread:0
removing 2 vertices from ripped group in thread:0
#FML# MRISripMidline(): nmarked=6019, nmarked2=53, nripped=6019
Ripping segs (eg, WMSA, BG, frozen)
Starting MRISripSegs() d = (-2 2 0.5) segnos: 247 247 247 
MRISripSegs(): -2 2 0.5 ripped 0
Computing target border values 
Entering MRIScomputeBorderValues_new(): 
  inside_hi   = 120.0000000;
  border_hi   = 110.4887700;
  border_low  =  66.0000000;
  outside_low =  56.5185930;
  outside_hi  = 110.4887700;
  sigma = 1;
  max_thickness = 10;
  step_size=0.5;
  STEP_SIZE=0.1;
  which = 1
  thresh = 0
  flags = 0
  CBVfindFirstPeakD1=0
  CBVfindFirstPeakD2=0
  nvertices=141554
  Gdiag_no=-1
  vno start=0, stop=141554
Replacing 255s with 0s
#SI# sigma=1 had to be increased for 21 vertices, nripped=6019
mean border=81.8, 20 (0) missing vertices, mean dist -0.2 [0.3 (%74.2)->0.3 (%25.8))]
%82 local maxima, %14 large gradients and % 0 min vals, 0 gradients ignored
nFirstPeakD1 0
MRIScomputeBorderValues_new() finished in 0.0106 min


Finding expansion regions
mean absolute distance = 0.30 +- 0.52
2795 vertices more than 2 sigmas from mean.
Averaging target values for 5 iterations...
Positioning Surface: tspring = 0.3, nspring = 0.3, spring = 0, niters = 100 l_repulse = 5, l_surf_repulse = 0, checktol = 0
Positioning pial surface
Entering MRISpositionSurface()
  max_mm = 0.3
  MAX_REDUCTIONS = 2, REDUCTION_PCT = 0.5
  parms->check_tol = 0, niterations = 100
tol=1.0e-04, sigma=1.0, host=dna01, nav=2, nbrs=2, l_repulse=5.000, l_tspring=0.300, l_nspring=0.300, l_intensity=0.200, l_curv=1.000
mom=0.00, dt=0.50
000: dt: 0.0000, sse=677596.7, rms=4.151
015: dt: 0.5000, sse=389646.5, rms=2.577 (37.930%)
rms = 2.5723/2.5765, sse=388467.1/389646.5, time step reduction 1 of 3 to 0.250  0 0 1
016: dt: 0.5000, sse=388467.1, rms=2.572 (0.163%)
017: dt: 0.2500, sse=254031.6, rms=1.276 (50.413%)
018: dt: 0.2500, sse=239591.6, rms=1.043 (18.223%)
019: dt: 0.2500, sse=235411.1, rms=0.956 (8.397%)
rms = 0.9148/0.9555, sse=233359.4/235411.1, time step reduction 2 of 3 to 0.125  0 0 1
020: dt: 0.2500, sse=233359.4, rms=0.915 (4.263%)
rms = 0.8745/0.9148, sse=231262.3/233359.4, time step reduction 3 of 3 to 0.062  0 0 1
021: dt: 0.1250, sse=231262.3, rms=0.874 (4.407%)
  maximum number of reductions reached, breaking from loop
positioning took 0.6 minutes
Iteration 2 =========================================
n_averages=1, current_sigma=0.5
Freezing midline and others
Ripping frozen voxels
INFO: rip surface needed but not specified, so using input surface
Freezing midline and others
Entering: MRISripMidline(): inhibiting deformation at non-cortical midline structures...
  which=1, fix_mtl=0, using annot = 0
#FML0# MRISripMidline(): nripped=6019
removing 2 vertices from ripped group in thread:0
removing 3 vertices from ripped group in thread:0
removing 3 vertices from ripped group in thread:0
removing 3 vertices from ripped group in thread:0
removing 4 vertices from ripped group in thread:0
removing 4 vertices from ripped group in thread:0
removing 2 vertices from ripped group in thread:0
removing 3 vertices from ripped group in thread:0
removing 2 vertices from ripped group in thread:0
removing 3 vertices from ripped group in thread:0
removing 3 vertices from ripped group in thread:0
#FML# MRISripMidline(): nmarked=6078, nmarked2=53, nripped=6078
Ripping segs (eg, WMSA, BG, frozen)
Starting MRISripSegs() d = (-2 2 0.5) segnos: 247 247 247 247 
MRISripSegs(): -2 2 0.5 ripped 0
Computing target border values 
Entering MRIScomputeBorderValues_new(): 
  inside_hi   = 120.0000000;
  border_hi   = 110.4887700;
  border_low  =  66.0000000;
  outside_low =  56.5185930;
  outside_hi  = 110.4887700;
  sigma = 0.5;
  max_thickness = 10;
  step_size=0.5;
  STEP_SIZE=0.1;
  which = 1
  thresh = 0
  flags = 0
  CBVfindFirstPeakD1=0
  CBVfindFirstPeakD2=0
  nvertices=141554
  Gdiag_no=-1
  vno start=0, stop=141554
Replacing 255s with 0s
#SI# sigma=0.5 had to be increased for 27 vertices, nripped=6078
mean border=83.6, 27 (0) missing vertices, mean dist -0.1 [0.3 (%68.4)->0.2 (%31.6))]
%86 local maxima, % 9 large gradients and % 0 min vals, 0 gradients ignored
nFirstPeakD1 0
MRIScomputeBorderValues_new() finished in 0.0062 min


Finding expansion regions
mean absolute distance = 0.25 +- 0.41
2956 vertices more than 2 sigmas from mean.
Averaging target values for 5 iterations...
Positioning Surface: tspring = 0.3, nspring = 0.3, spring = 0, niters = 100 l_repulse = 5, l_surf_repulse = 0, checktol = 0
Positioning pial surface
Entering MRISpositionSurface()
  max_mm = 0.3
  MAX_REDUCTIONS = 2, REDUCTION_PCT = 0.5
  parms->check_tol = 0, niterations = 100
tol=1.0e-04, sigma=0.5, host=dna01, nav=1, nbrs=2, l_repulse=5.000, l_tspring=0.300, l_nspring=0.300, l_intensity=0.200, l_curv=1.000
mom=0.00, dt=0.50
000: dt: 0.0000, sse=400566.7, rms=2.661
022: dt: 0.5000, sse=337744.2, rms=2.174 (18.316%)
rms = 2.4130/2.1736, sse=366930.7/337744.2, time step reduction 1 of 3 to 0.250  0 1 1
   RMS increased, rejecting step
023: dt: 0.2500, sse=261649.9, rms=1.388 (36.124%)
024: dt: 0.2500, sse=234875.6, rms=0.974 (29.817%)
025: dt: 0.2500, sse=229109.2, rms=0.858 (11.954%)
rms = 0.8329/0.8579, sse=228164.0/229109.2, time step reduction 2 of 3 to 0.125  0 0 1
026: dt: 0.2500, sse=228164.0, rms=0.833 (2.919%)
rms = 0.8023/0.8329, sse=226858.4/228164.0, time step reduction 3 of 3 to 0.062  0 0 1
027: dt: 0.1250, sse=226858.4, rms=0.802 (3.671%)
  maximum number of reductions reached, breaking from loop
positioning took 0.6 minutes
Iteration 3 =========================================
n_averages=0, current_sigma=0.25
Freezing midline and others
Ripping frozen voxels
INFO: rip surface needed but not specified, so using input surface
Freezing midline and others
Entering: MRISripMidline(): inhibiting deformation at non-cortical midline structures...
  which=1, fix_mtl=0, using annot = 0
#FML0# MRISripMidline(): nripped=6078
removing 2 vertices from ripped group in thread:0
removing 4 vertices from ripped group in thread:0
removing 3 vertices from ripped group in thread:0
removing 2 vertices from ripped group in thread:0
removing 4 vertices from ripped group in thread:0
removing 2 vertices from ripped group in thread:0
removing 4 vertices from ripped group in thread:0
removing 2 vertices from ripped group in thread:0
removing 2 vertices from ripped group in thread:0
removing 3 vertices from ripped group in thread:0
removing 4 vertices from ripped group in thread:0
removing 3 vertices from ripped group in thread:0
#FML# MRISripMidline(): nmarked=6142, nmarked2=52, nripped=6142
Ripping segs (eg, WMSA, BG, frozen)
Starting MRISripSegs() d = (-2 2 0.5) segnos: 247 247 247 247 247 
MRISripSegs(): -2 2 0.5 ripped 0
Computing target border values 
Entering MRIScomputeBorderValues_new(): 
  inside_hi   = 120.0000000;
  border_hi   = 110.4887700;
  border_low  =  66.0000000;
  outside_low =  56.5185930;
  outside_hi  = 110.4887700;
  sigma = 0.25;
  max_thickness = 10;
  step_size=0.5;
  STEP_SIZE=0.1;
  which = 1
  thresh = 0
  flags = 0
  CBVfindFirstPeakD1=0
  CBVfindFirstPeakD2=0
  nvertices=141554
  Gdiag_no=-1
  vno start=0, stop=141554
Replacing 255s with 0s
#SI# sigma=0.25 had to be increased for 42 vertices, nripped=6142
mean border=84.4, 32 (0) missing vertices, mean dist -0.0 [0.2 (%57.2)->0.2 (%42.8))]
%88 local maxima, % 7 large gradients and % 0 min vals, 0 gradients ignored
nFirstPeakD1 0
MRIScomputeBorderValues_new() finished in 0.0039 min


Finding expansion regions
mean absolute distance = 0.23 +- 0.35
3711 vertices more than 2 sigmas from mean.
Averaging target values for 5 iterations...
Positioning Surface: tspring = 0.3, nspring = 0.3, spring = 0, niters = 100 l_repulse = 5, l_surf_repulse = 0, checktol = 0
Positioning pial surface
Entering MRISpositionSurface()
  max_mm = 0.3
  MAX_REDUCTIONS = 2, REDUCTION_PCT = 0.5
  parms->check_tol = 0, niterations = 100
tol=1.0e-04, sigma=0.2, host=dna01, nav=0, nbrs=2, l_repulse=5.000, l_tspring=0.300, l_nspring=0.300, l_intensity=0.200, l_curv=1.000
mom=0.00, dt=0.50
000: dt: 0.0000, sse=261153.6, rms=1.410
rms = 1.3890/1.4098, sse=261127.8/261153.6, time step reduction 1 of 3 to 0.250  0 0 1
028: dt: 0.5000, sse=261127.8, rms=1.389 (1.473%)
029: dt: 0.2500, sse=227126.3, rms=0.807 (41.902%)
030: dt: 0.2500, sse=219499.5, rms=0.688 (14.755%)
rms = 0.7048/0.6879, sse=219514.9/219499.5, time step reduction 2 of 3 to 0.125  0 1 1
   RMS increased, rejecting step
rms = 0.6599/0.6879, sse=218331.1/219499.5, time step reduction 3 of 3 to 0.062  0 0 1
031: dt: 0.1250, sse=218331.1, rms=0.660 (4.082%)
  maximum number of reductions reached, breaking from loop
positioning took 0.4 minutes


Writing output to ../surf/rh.white.preaparc
#ET# mris_place_surface  3.02 minutes
#VMPC# mris_place_surfaces VmPeak  3132440
mris_place_surface done
#--------------------------------------------
#@# CortexLabel rh Wed Mar 11 12:17:47 CET 2026
cd /out/sourcedata/freesurfer/sub-v2s16x51231_ses-1/mri
mri_label2label --label-cortex ../surf/rh.white.preaparc aseg.presurf.mgz 0 ../label/rh.cortex.label

 Generating cortex label... RemoveHipAmgy=0
 NucAccIsMedialWall=0
 mris->useRealRAS=0
3 non-cortical segments detected
only using segment with 7628 vertices
erasing segment 0 (vno[0] = 32959)
erasing segment 2 (vno[0] = 87785)
#--------------------------------------------
#@# CortexLabel+HipAmyg rh Wed Mar 11 12:18:01 CET 2026
cd /out/sourcedata/freesurfer/sub-v2s16x51231_ses-1/mri
mri_label2label --label-cortex ../surf/rh.white.preaparc aseg.presurf.mgz 1 ../label/rh.cortex+hipamyg.label

 Generating cortex label... RemoveHipAmgy=1
 NucAccIsMedialWall=0
 mris->useRealRAS=0
7 non-cortical segments detected
only using segment with 4872 vertices
erasing segment 0 (vno[0] = 32959)
erasing segment 2 (vno[0] = 46799)
erasing segment 3 (vno[0] = 50159)
erasing segment 4 (vno[0] = 52601)
erasing segment 5 (vno[0] = 81210)
erasing segment 6 (vno[0] = 87785)
#--------------------------------------------
#@# Smooth2 rh Wed Mar 11 12:18:15 CET 2026
/out/sourcedata/freesurfer/sub-v2s16x51231_ses-1/scripts

 mris_smooth -n 3 -nw -seed 1234 ../surf/rh.white.preaparc ../surf/rh.smoothwm 

smoothing for 3 iterations
setting seed for random number generator to 1234
smoothing surface tessellation for 3 iterations...
smoothing complete - recomputing first and second fundamental forms...
#--------------------------------------------
#@# Inflation2 rh Wed Mar 11 12:18:18 CET 2026
/out/sourcedata/freesurfer/sub-v2s16x51231_ses-1/scripts

 mris_inflate ../surf/rh.smoothwm ../surf/rh.inflated 

Reading ../surf/rh.smoothwm
avg radius = 45.3 mm, total surface area = 88736 mm^2
step 000: RMS=0.164 (target=0.015)   step 005: RMS=0.112 (target=0.015)   step 010: RMS=0.083 (target=0.015)   step 015: RMS=0.070 (target=0.015)   step 020: RMS=0.058 (target=0.015)   step 025: RMS=0.049 (target=0.015)   step 030: RMS=0.041 (target=0.015)   step 035: RMS=0.034 (target=0.015)   step 040: RMS=0.029 (target=0.015)   step 045: RMS=0.025 (target=0.015)   step 050: RMS=0.023 (target=0.015)   step 055: RMS=0.021 (target=0.015)   step 060: RMS=0.019 (target=0.015)   writing inflated surface to ../surf/rh.inflated
writing sulcal depths to ../surf/rh.sulc

inflation complete.
inflation took 0.2 minutes
mris_inflate utimesec    64.209155
mris_inflate stimesec    2.449311
mris_inflate ru_maxrss   216908
mris_inflate ru_ixrss    0
mris_inflate ru_idrss    0
mris_inflate ru_isrss    0
mris_inflate ru_minflt   601517
mris_inflate ru_majflt   5
mris_inflate ru_nswap    0
mris_inflate ru_inblock  0
mris_inflate ru_oublock  11072
mris_inflate ru_msgsnd   0
mris_inflate ru_msgrcv   0
mris_inflate ru_nsignals 0
mris_inflate ru_nvcsw    21819
mris_inflate ru_nivcsw   4630
#--------------------------------------------
#@# Curv .H and .K rh Wed Mar 11 12:18:33 CET 2026
/out/sourcedata/freesurfer/sub-v2s16x51231_ses-1/surf

 mris_curvature -w -seed 1234 rh.white.preaparc 

setting seed for random number generator to 1234
total integrated curvature = 23.419*4pi (294.296) --> -22 handles
ICI = 132.2, FI = 1393.9, variation=21545.255
writing Gaussian curvature to ./rh.white.preaparc.K...done.
writing mean curvature to ./rh.white.preaparc.H...done.
rm -f rh.white.H
ln -s rh.white.preaparc.H rh.white.H
rm -f rh.white.K
ln -s rh.white.preaparc.K rh.white.K

 mris_curvature -seed 1234 -thresh .999 -n -a 5 -w -distances 10 10 rh.inflated 

setting seed for random number generator to 1234
normalizing curvature values.
averaging curvature patterns 5 times.
sampling 10 neighbors out to a distance of 10 mm
251 vertices thresholded to be in k1 ~ [-0.20 0.56], k2 ~ [-0.10 0.06]
total integrated curvature = 0.582*4pi (7.309) --> 0 handles
ICI = 1.7, FI = 12.0, variation=202.297
135 vertices thresholded to be in [-0.01 0.02]
writing Gaussian curvature to ./rh.inflated.K...thresholding curvature at 99.90% level
curvature mean = 0.000, std = 0.001
161 vertices thresholded to be in [-0.13 0.26]
done.
writing mean curvature to ./rh.inflated.H...curvature mean = -0.015, std = 0.027
done.
#--------------------------------------------
#@# Sphere rh Wed Mar 11 12:19:20 CET 2026
/out/sourcedata/freesurfer/sub-v2s16x51231_ses-1/scripts

 mris_sphere -seed 1234 ../surf/rh.inflated ../surf/rh.sphere 

setting seed for random number genererator to 1234
version: 7.3.2
available threads: 16
reading original vertex positions...
projecting onto sphere...
surface projected - minimizing metric distortion...
scaling brain by 0.284...
MRISunfold() max_passes = 1 -------
tol=5.0e-01, sigma=0.0, host=dna01, nav=1024, nbrs=2, l_area=1.000, l_dist=1.000
using quadratic fit line minimization
complete_dist_mat 0
rms 0
smooth_averages 0
remove_neg 0
ico_order 0
which_surface 0
target_radius 0.000000
nfields 0
scale 1.000000
desired_rms_height -1.000000
momentum 0.900000
nbhd_size 7
max_nbrs 8
niterations 25
nsurfaces 0
SURFACES 3
flags 0 (0)
use curv 0
no sulc 0
no rigid align 0
mris->nsize 2
mris->hemisphere 1
randomSeed 1234

singular matrix in quadratic form
singular matrix in quadratic form
singular matrix in quadratic form
singular matrix in quadratic form
singular matrix in quadratic form
singular matrix in quadratic form
singular matrix in quadratic form
singular matrix in quadratic form
--------------------
  mrisRemoveNegativeArea()
pass 1: epoch 1 of 3 starting distance error %20.34
pass 1: epoch 2 of 3 starting distance error %20.31
unfolding complete - removing small folds...
starting distance error %20.26
removing remaining folds...
final distance error %20.29
MRISunfold() return, current seed 1234
-01: dt=0.0000,   2 negative triangles  VmPeak 1605316
159: dt=0.9900,   2 negative triangles
writing spherical brain to ../surf/rh.sphere
spherical transformation took 0.0519 hours
FSRUNTIME@ mris_sphere  0.0519 hours 16 threads
#VMPC# mris_sphere VmPeak  1605316
mris_sphere done
#--------------------------------------------
#@# Surf Reg rh Wed Mar 11 12:22:27 CET 2026
/out/sourcedata/freesurfer/sub-v2s16x51231_ses-1/scripts

 mris_register -curv ../surf/rh.sphere /opt/freesurfer/average/rh.folding.atlas.acfb40.noaparc.i12.2016-08-02.tif ../surf/rh.sphere.reg 

using smoothwm curvature for final alignment

cwd /out/sourcedata/freesurfer/sub-v2s16x51231_ses-1/scripts
cmdline mris_register -curv ../surf/rh.sphere /opt/freesurfer/average/rh.folding.atlas.acfb40.noaparc.i12.2016-08-02.tif ../surf/rh.sphere.reg 

0 inflated.H
1 sulc
2 smoothwm (computed)
7.3.2
  7.3.2
reading surface from ../surf/rh.sphere...
reading template parameterization from /opt/freesurfer/average/rh.folding.atlas.acfb40.noaparc.i12.2016-08-02.tif...
MRISregister() -------
max_passes = 4 
min_degrees = 0.500000 
max_degrees = 64.000000 
nangles = 8 
tol=5.0e-01, sigma=0.0, host=dna01, nav=1024, nbrs=1, l_extern=10000.000, l_parea=0.200, l_nlarea=1.000, l_corr=1.000, l_dist=5.000
using quadratic fit line minimization
complete_dist_mat 0
rms 0
smooth_averages 0
remove_neg 0
ico_order 0
which_surface 0
target_radius 0.000000
nfields 0
scale 0.000000
desired_rms_height -1.000000
momentum 0.950000
nbhd_size -10
max_nbrs 10
niterations 25
nsurfaces 0
SURFACES 3
flags 16 (10)
use curv 16
no sulc 0
no rigid align 0
mris->nsize 1
mris->hemisphere 1
randomSeed 0

tol=5.0e-01, sigma=0.0, host=dna01, nav=1024, nbrs=1, l_extern=10000.000, l_parea=0.200, l_nlarea=1.000, l_corr=1.000, l_dist=5.000
using quadratic fit line minimization
--------------------
1 Reading rh.sulc
tol=1.0e+00, sigma=0.5, host=dna01, nav=1024, nbrs=1, l_extern=10000.000, l_parea=0.200, l_nlarea=1.000, l_corr=0.050, l_spring=0.500, l_dist=5.000
using quadratic fit line minimization
curvature mean = 0.000, std = 5.913
curvature mean = 0.040, std = 0.806
curvature mean = 0.005, std = 0.873
Starting MRISrigidBodyAlignGlobal()
Starting new MRISrigidBodyAlignGlobal_findMinSSE()
  new MRISrigidBodyAlignGlobal_findMinSSE min @ (13.00, -8.00, 8.50) sse = 353595.4, elapsed since starting=0.1036 min
MRISrigidBodyAlignGlobal() done   0.10 min
curvature mean = 0.031, std = 0.819
curvature mean = 0.003, std = 0.951
curvature mean = 0.029, std = 0.830
curvature mean = 0.001, std = 0.981
curvature mean = 0.029, std = 0.833
curvature mean = 0.000, std = 0.993
2 Reading smoothwm
curvature mean = -0.019, std = 0.255
curvature mean = 0.041, std = 0.239
curvature mean = 0.046, std = 0.389
curvature mean = 0.038, std = 0.297
curvature mean = 0.029, std = 0.579
curvature mean = 0.037, std = 0.322
curvature mean = 0.016, std = 0.717
curvature mean = 0.037, std = 0.334
curvature mean = 0.005, std = 0.818
MRISregister() return, current seed 0
writing registered surface to ../surf/rh.sphere.reg...
-01: dt=0.0000,   0 negative triangles  VmPeak 1607604
registration took 0.07 hours
#VMPC# mris_register VmPeak  1607604
FSRUNTIME@ mris_register  0.0704 hours 16 threads

 ln -sf rh.sphere.reg rh.fsaverage.sphere.reg 

#--------------------------------------------
#@# Jacobian white rh Wed Mar 11 12:26:40 CET 2026
/out/sourcedata/freesurfer/sub-v2s16x51231_ses-1/scripts

 mris_jacobian ../surf/rh.white.preaparc ../surf/rh.sphere.reg ../surf/rh.jacobian_white 

reading surface from ../surf/rh.white.preaparc...
writing curvature file ../surf/rh.jacobian_white
#--------------------------------------------
#@# AvgCurv rh Wed Mar 11 12:26:41 CET 2026
/out/sourcedata/freesurfer/sub-v2s16x51231_ses-1/scripts

 mrisp_paint -a 5 /opt/freesurfer/average/rh.folding.atlas.acfb40.noaparc.i12.2016-08-02.tif#6 ../surf/rh.sphere.reg ../surf/rh.avg_curv 

averaging curvature patterns 5 times...
reading surface from ../surf/rh.sphere.reg...
reading template parameterization from /opt/freesurfer/average/rh.folding.atlas.acfb40.noaparc.i12.2016-08-02.tif...
writing curvature file to ../surf/rh.avg_curv...
#-----------------------------------------
#@# Cortical Parc rh Wed Mar 11 12:26:42 CET 2026
/out/sourcedata/freesurfer/sub-v2s16x51231_ses-1/scripts

 mris_ca_label -l ../label/rh.cortex.label -aseg ../mri/aseg.presurf.mgz -seed 1234 sub-v2s16x51231_ses-1 rh ../surf/rh.sphere.reg /opt/freesurfer/average/rh.DKaparc.atlas.acfb40.noaparc.i12.2016-08-02.gcs ../label/rh.aparc.annot 

setting seed for random number generator to 1234
using ../mri/aseg.presurf.mgz aseg volume to correct midline
7.3.2
  7.3.2
reading atlas from /opt/freesurfer/average/rh.DKaparc.atlas.acfb40.noaparc.i12.2016-08-02.gcs...
reading color table from GCSA file....
average std = 0.7   using min determinant for regularization = 0.004
0 singular and 309 ill-conditioned covariance matrices regularized
input 0: MEAN CURVATURE, flags 0, avgs 5, name mean_curvature
labeling surface...
1172 labels changed using aseg
relabeling using gibbs priors...
000:   2880 changed, 141554 examined...
001:    632 changed, 12460 examined...
002:    127 changed, 3643 examined...
003:     30 changed, 804 examined...
004:      7 changed, 198 examined...
005:      3 changed, 49 examined...
006:      0 changed, 21 examined...
120 labels changed using aseg
000: 80 total segments, 43 labels (145 vertices) changed
001: 38 total segments, 1 labels (1 vertices) changed
002: 37 total segments, 0 labels (0 vertices) changed
10 filter iterations complete (10 requested, 6 changed)
rationalizing unknown annotations with cortex label
relabeling unknown label...
relabeling corpuscallosum label...
1593 vertices marked for relabeling...
1593 labels changed in reclassification.
writing output to ../label/rh.aparc.annot...
classification took 0 minutes and 10 seconds.
#--------------------------------------------
#@# WhiteSurfs rh Wed Mar 11 12:26:52 CET 2026
cd /out/sourcedata/freesurfer/sub-v2s16x51231_ses-1/mri
mris_place_surface --adgws-in ../surf/autodet.gw.stats.rh.dat --seg aseg.presurf.mgz --threads 16 --wm wm.mgz --invol brain.finalsurfs.mgz --rh --i ../surf/rh.white.preaparc --o ../surf/rh.white --white --nsmooth 0 --rip-label ../label/rh.cortex.label --rip-bg --rip-surf ../surf/rh.white.preaparc --aparc ../label/rh.aparc.annot
7.3.2
7.3.2

cd /out/sourcedata/freesurfer/sub-v2s16x51231_ses-1/mri
setenv SUBJECTS_DIR /out/sourcedata/freesurfer
mris_place_surface --adgws-in ../surf/autodet.gw.stats.rh.dat --seg aseg.presurf.mgz --threads 16 --wm wm.mgz --invol brain.finalsurfs.mgz --rh --i ../surf/rh.white.preaparc --o ../surf/rh.white --white --nsmooth 0 --rip-label ../label/rh.cortex.label --rip-bg --rip-surf ../surf/rh.white.preaparc --aparc ../label/rh.aparc.annot 

Reading in input surface ../surf/rh.white.preaparc
Not smoothing input surface
Area    283104  0.34133  0.11310 0.000066   1.7609
Corner  849312 60.00000 12.73131 0.035761 179.5469
Edge    424656  0.89723  0.18774 0.037681   3.1754
Hinge   424656  8.89047  9.94338 0.000010 179.9243
Reading in aparc ../label/rh.aparc.annot
Reading in input volume brain.finalsurfs.mgz
Reading in wm volume wm.mgz
MRIclipBrightWM(): nthresh=11565, wmmin=5, clip=110 
MRIfindBrightNonWM(): 3 bright non-wm voxels segmented.
Masking bright non-wm for white surface
MRImask(): AllowDiffGeom = 1
MRImask(): AllowDiffGeom = 1
Reading in seg volume aseg.presurf.mgz
Ripping frozen voxels
Ripping vertices not in label ../label/rh.cortex.label
MRISripNotLabel() ripped 7859/141554 vertices (133695 unripped)
Reading in ripping surface ../surf/rh.white.preaparc
Reading in aparc ../label/rh.aparc.annot for ripsurf
Ripping BG
MRISripBasalGanglia(): 1 -2 2 0.5 ripped 446
Ripping segs (eg, WMSA, BG, frozen)
Starting MRISripSegs() d = (-2 2 0.5) segnos: 247 
MRISripSegs(): -2 2 0.5 ripped 0
vertex 70777: xyz = (17.1008,2.98708,78.1417) oxyz = (17.1008,2.98708,78.1417) wxzy = (17.1008,2.98708,78.1417) pxyz = (0,0,0) 
CBVO Creating mask 141554
n_averages 4
Iteration 0 =========================================
n_averages=4, current_sigma=2
Computing target border values 
Entering MRIScomputeBorderValues_new(): 
  inside_hi   = 120.0000000;
  border_hi   = 110.4887700;
  border_low  =  66.0000000;
  outside_low =  56.5185930;
  outside_hi  = 110.4887700;
  sigma = 2;
  max_thickness = 10;
  step_size=0.5;
  STEP_SIZE=0.1;
  which = 1
  thresh = 0
  flags = 0
  CBVfindFirstPeakD1=0
  CBVfindFirstPeakD2=0
  nvertices=141554
  Gdiag_no=-1
  vno start=0, stop=141554
Replacing 255s with 0s
#SI# sigma=2 had to be increased for 110 vertices, nripped=8305
mean border=78.4, 25 (25) missing vertices, mean dist 0.3 [0.8 (%12.9)->0.5 (%87.1))]
%71 local maxima, %23 large gradients and % 0 min vals, 0 gradients ignored
nFirstPeakD1 0
MRIScomputeBorderValues_new() finished in 0.0140 min


Finding expansion regions
mean absolute distance = 0.53 +- 0.78
2500 vertices more than 2 sigmas from mean.
Averaging target values for 5 iterations...
Positioning Surface: tspring = 0.3, nspring = 0.3, spring = 0, niters = 100 l_repulse = 5, l_surf_repulse = 0, checktol = 0
Positioning pial surface
Entering MRISpositionSurface()
  max_mm = 0.3
  MAX_REDUCTIONS = 2, REDUCTION_PCT = 0.5
  parms->check_tol = 0, niterations = 100
tol=1.0e-04, sigma=2.0, host=dna01, nav=4, nbrs=2, l_repulse=5.000, l_tspring=0.300, l_nspring=0.300, l_intensity=0.200, l_curv=1.000
mom=0.00, dt=0.50
complete_dist_mat 0
rms 0
smooth_averages 0
remove_neg 0
ico_order 0
which_surface 0
target_radius 0.000000
nfields 0
scale 0.000000
desired_rms_height 0.000000
momentum 0.000000
nbhd_size 0
max_nbrs 0
niterations 100
nsurfaces 0
SURFACES 3
flags 0 (0)
use curv 0
no sulc 0
no rigid align 0
mris->nsize 2
mris->hemisphere 1
randomSeed 0

000: dt: 0.0000, sse=1726914.9, rms=7.566
001: dt: 0.5000, sse=716881.9, rms=4.403 (41.808%)
002: dt: 0.5000, sse=466053.8, rms=3.157 (28.293%)
003: dt: 0.5000, sse=417070.1, rms=2.846 (9.874%)
004: dt: 0.5000, sse=393392.2, rms=2.675 (5.988%)
rms = 2.7304/2.6752, sse=403762.7/393392.2, time step reduction 1 of 3 to 0.250  0 1 1
   RMS increased, rejecting step
005: dt: 0.2500, sse=285998.4, rms=1.744 (34.799%)
006: dt: 0.2500, sse=245974.9, rms=1.245 (28.618%)
007: dt: 0.2500, sse=238015.1, rms=1.108 (11.027%)
rms = 1.0661/1.1078, sse=236331.5/238015.1, time step reduction 2 of 3 to 0.125  0 0 1
008: dt: 0.2500, sse=236331.5, rms=1.066 (3.766%)
rms = 1.0277/1.0661, sse=233668.7/236331.5, time step reduction 3 of 3 to 0.062  0 0 1
009: dt: 0.1250, sse=233668.7, rms=1.028 (3.599%)
  maximum number of reductions reached, breaking from loop
positioning took 0.9 minutes
Iteration 1 =========================================
n_averages=2, current_sigma=1
Computing target border values 
Entering MRIScomputeBorderValues_new(): 
  inside_hi   = 120.0000000;
  border_hi   = 110.4887700;
  border_low  =  66.0000000;
  outside_low =  56.5185930;
  outside_hi  = 110.4887700;
  sigma = 1;
  max_thickness = 10;
  step_size=0.5;
  STEP_SIZE=0.1;
  which = 1
  thresh = 0
  flags = 0
  CBVfindFirstPeakD1=0
  CBVfindFirstPeakD2=0
  nvertices=141554
  Gdiag_no=-1
  vno start=0, stop=141554
Replacing 255s with 0s
#SI# sigma=1 had to be increased for 80 vertices, nripped=8305
mean border=81.4, 51 (4) missing vertices, mean dist -0.2 [0.3 (%76.1)->0.2 (%23.9))]
%80 local maxima, %14 large gradients and % 0 min vals, 0 gradients ignored
nFirstPeakD1 0
MRIScomputeBorderValues_new() finished in 0.0106 min


Finding expansion regions
mean absolute distance = 0.32 +- 0.57
2192 vertices more than 2 sigmas from mean.
Averaging target values for 5 iterations...
Positioning Surface: tspring = 0.3, nspring = 0.3, spring = 0, niters = 100 l_repulse = 5, l_surf_repulse = 0, checktol = 0
Positioning pial surface
Entering MRISpositionSurface()
  max_mm = 0.3
  MAX_REDUCTIONS = 2, REDUCTION_PCT = 0.5
  parms->check_tol = 0, niterations = 100
tol=1.0e-04, sigma=1.0, host=dna01, nav=2, nbrs=2, l_repulse=5.000, l_tspring=0.300, l_nspring=0.300, l_intensity=0.200, l_curv=1.000
mom=0.00, dt=0.50
000: dt: 0.0000, sse=706216.1, rms=4.279
010: dt: 0.5000, sse=399433.7, rms=2.610 (38.996%)
011: dt: 0.5000, sse=387299.0, rms=2.530 (3.075%)
rms = 2.5560/2.5302, sse=393420.9/387299.0, time step reduction 1 of 3 to 0.250  0 1 1
   RMS increased, rejecting step
012: dt: 0.2500, sse=292853.9, rms=1.682 (33.538%)
013: dt: 0.2500, sse=253966.1, rms=1.145 (31.923%)
014: dt: 0.2500, sse=245297.7, rms=1.000 (12.619%)
015: dt: 0.2500, sse=241357.8, rms=0.946 (5.427%)
rms = 0.9258/0.9460, sse=240335.9/241357.8, time step reduction 2 of 3 to 0.125  0 0 1
016: dt: 0.2500, sse=240335.9, rms=0.926 (2.137%)
rms = 0.8995/0.9258, sse=239494.3/240335.9, time step reduction 3 of 3 to 0.062  0 0 1
017: dt: 0.1250, sse=239494.3, rms=0.899 (2.849%)
  maximum number of reductions reached, breaking from loop
positioning took 0.8 minutes
Iteration 2 =========================================
n_averages=1, current_sigma=0.5
Computing target border values 
Entering MRIScomputeBorderValues_new(): 
  inside_hi   = 120.0000000;
  border_hi   = 110.4887700;
  border_low  =  66.0000000;
  outside_low =  56.5185930;
  outside_hi  = 110.4887700;
  sigma = 0.5;
  max_thickness = 10;
  step_size=0.5;
  STEP_SIZE=0.1;
  which = 1
  thresh = 0
  flags = 0
  CBVfindFirstPeakD1=0
  CBVfindFirstPeakD2=0
  nvertices=141554
  Gdiag_no=-1
  vno start=0, stop=141554
Replacing 255s with 0s
#SI# sigma=0.5 had to be increased for 50 vertices, nripped=8305
mean border=83.4, 81 (3) missing vertices, mean dist -0.1 [0.3 (%68.9)->0.2 (%31.1))]
%85 local maxima, %10 large gradients and % 0 min vals, 0 gradients ignored
nFirstPeakD1 0
MRIScomputeBorderValues_new() finished in 0.0063 min


Finding expansion regions
mean absolute distance = 0.26 +- 0.44
3176 vertices more than 2 sigmas from mean.
Averaging target values for 5 iterations...
Positioning Surface: tspring = 0.3, nspring = 0.3, spring = 0, niters = 100 l_repulse = 5, l_surf_repulse = 0, checktol = 0
Positioning pial surface
Entering MRISpositionSurface()
  max_mm = 0.3
  MAX_REDUCTIONS = 2, REDUCTION_PCT = 0.5
  parms->check_tol = 0, niterations = 100
tol=1.0e-04, sigma=0.5, host=dna01, nav=1, nbrs=2, l_repulse=5.000, l_tspring=0.300, l_nspring=0.300, l_intensity=0.200, l_curv=1.000
mom=0.00, dt=0.50
000: dt: 0.0000, sse=411545.8, rms=2.736
018: dt: 0.5000, sse=344580.6, rms=2.195 (19.746%)
rms = 2.4021/2.1954, sse=366023.9/344580.6, time step reduction 1 of 3 to 0.250  0 1 1
   RMS increased, rejecting step
019: dt: 0.2500, sse=268240.1, rms=1.416 (35.496%)
020: dt: 0.2500, sse=239740.5, rms=0.994 (29.811%)
021: dt: 0.2500, sse=233122.0, rms=0.873 (12.171%)
rms = 0.8434/0.8730, sse=231561.9/233122.0, time step reduction 2 of 3 to 0.125  0 0 1
022: dt: 0.2500, sse=231561.9, rms=0.843 (3.386%)
rms = 0.8148/0.8434, sse=230124.8/231561.9, time step reduction 3 of 3 to 0.062  0 0 1
023: dt: 0.1250, sse=230124.8, rms=0.815 (3.391%)
  maximum number of reductions reached, breaking from loop
positioning took 0.6 minutes
Iteration 3 =========================================
n_averages=0, current_sigma=0.25
Computing target border values 
Entering MRIScomputeBorderValues_new(): 
  inside_hi   = 120.0000000;
  border_hi   = 110.4887700;
  border_low  =  66.0000000;
  outside_low =  56.5185930;
  outside_hi  = 110.4887700;
  sigma = 0.25;
  max_thickness = 10;
  step_size=0.5;
  STEP_SIZE=0.1;
  which = 1
  thresh = 0
  flags = 0
  CBVfindFirstPeakD1=0
  CBVfindFirstPeakD2=0
  nvertices=141554
  Gdiag_no=-1
  vno start=0, stop=141554
Replacing 255s with 0s
#SI# sigma=0.25 had to be increased for 33 vertices, nripped=8305
mean border=84.2, 96 (1) missing vertices, mean dist -0.0 [0.2 (%57.2)->0.2 (%42.8))]
%87 local maxima, % 7 large gradients and % 0 min vals, 0 gradients ignored
nFirstPeakD1 0
MRIScomputeBorderValues_new() finished in 0.0045 min


Finding expansion regions
mean absolute distance = 0.24 +- 0.37
3033 vertices more than 2 sigmas from mean.
Averaging target values for 5 iterations...
Positioning Surface: tspring = 0.3, nspring = 0.3, spring = 0, niters = 100 l_repulse = 5, l_surf_repulse = 0, checktol = 0
Positioning pial surface
Entering MRISpositionSurface()
  max_mm = 0.3
  MAX_REDUCTIONS = 2, REDUCTION_PCT = 0.5
  parms->check_tol = 0, niterations = 100
tol=1.0e-04, sigma=0.2, host=dna01, nav=0, nbrs=2, l_repulse=5.000, l_tspring=0.300, l_nspring=0.300, l_intensity=0.200, l_curv=1.000
mom=0.00, dt=0.50
000: dt: 0.0000, sse=266383.9, rms=1.460
rms = 1.4203/1.4596, sse=273157.0/266383.9, time step reduction 1 of 3 to 0.250  0 1 1
024: dt: 0.5000, sse=273157.0, rms=1.420 (2.691%)
025: dt: 0.2500, sse=229849.4, rms=0.832 (41.433%)
026: dt: 0.2500, sse=223531.8, rms=0.713 (14.279%)
rms = 0.7208/0.7130, sse=222985.6/223531.8, time step reduction 2 of 3 to 0.125  0 0 1
   RMS increased, rejecting step
rms = 0.6887/0.7130, sse=222414.0/223531.8, time step reduction 3 of 3 to 0.062  0 0 1
027: dt: 0.1250, sse=222414.0, rms=0.689 (3.419%)
  maximum number of reductions reached, breaking from loop
positioning took 0.4 minutes


Writing output to ../surf/rh.white
#ET# mris_place_surface  2.75 minutes
#VMPC# mris_place_surfaces VmPeak  3078480
mris_place_surface done
#--------------------------------------------
#@# T1PialSurf rh Wed Mar 11 12:29:43 CET 2026
cd /out/sourcedata/freesurfer/sub-v2s16x51231_ses-1/mri
mris_place_surface --adgws-in ../surf/autodet.gw.stats.rh.dat --seg aseg.presurf.mgz --threads 16 --wm wm.mgz --invol brain.finalsurfs.mgz --rh --i ../surf/rh.white --o ../surf/rh.pial.T1 --pial --nsmooth 0 --rip-label ../label/rh.cortex+hipamyg.label --pin-medial-wall ../label/rh.cortex.label --aparc ../label/rh.aparc.annot --repulse-surf ../surf/rh.white --white-surf ../surf/rh.white
7.3.2
7.3.2

cd /out/sourcedata/freesurfer/sub-v2s16x51231_ses-1/mri
setenv SUBJECTS_DIR /out/sourcedata/freesurfer
mris_place_surface --adgws-in ../surf/autodet.gw.stats.rh.dat --seg aseg.presurf.mgz --threads 16 --wm wm.mgz --invol brain.finalsurfs.mgz --rh --i ../surf/rh.white --o ../surf/rh.pial.T1 --pial --nsmooth 0 --rip-label ../label/rh.cortex+hipamyg.label --pin-medial-wall ../label/rh.cortex.label --aparc ../label/rh.aparc.annot --repulse-surf ../surf/rh.white --white-surf ../surf/rh.white 

Reading in input surface ../surf/rh.white
Not smoothing input surface
Area    283104  0.34466  0.12737 0.000860   2.6849
Corner  849312 60.00000 14.15173 0.617932 177.6982
Edge    424656  0.90297  0.20758 0.031647   4.1178
Hinge   424656  8.98693 10.19694 0.000016 179.9243
Reading white surface coordinates from ../surf/rh.white
Reading repulsion surface coordinates from ../surf/rh.white
Reading in aparc ../label/rh.aparc.annot
Reading in input volume brain.finalsurfs.mgz
Reading in wm volume wm.mgz
MRIclipBrightWM(): nthresh=11565, wmmin=5, clip=110 
MRIfindBrightNonWM(): 3 bright non-wm voxels segmented.
Masking bright non-wm for pial surface mid_gray = 65.5335
MRImask(): AllowDiffGeom = 1
MRImask(): AllowDiffGeom = 1
MRImask(): AllowDiffGeom = 1
Reading in seg volume aseg.presurf.mgz
Ripping frozen voxels
Ripping vertices not in label ../label/rh.cortex+hipamyg.label
MRISripNotLabel() ripped 5228/141554 vertices (136326 unripped)
INFO: rip surface needed but not specified, so using input surface
Ripping segs (eg, WMSA, BG, frozen)
Starting MRISripSegs() d = (-2 2 0.5) segnos: 247 
MRISripSegs(): -2 2 0.5 ripped 0
vertex 70777: xyz = (17.1513,2.98864,78.1327) oxyz = (17.1513,2.98864,78.1327) wxzy = (17.1513,2.98864,78.1327) pxyz = (17.1513,2.98864,78.1327) 
CBVO Creating mask 141554
n_averages 16
Iteration 0 =========================================
n_averages=16, current_sigma=2
Computing target border values 
Entering MRIScomputeBorderValues_new(): 
  inside_hi   =  93.5112300;
  border_hi   =  56.5185930;
  border_low  =  37.5557710;
  outside_low =  10.0000000;
  outside_hi  =  51.7778850;
  sigma = 2;
  max_thickness = 10;
  step_size=0.5;
  STEP_SIZE=0.1;
  which = 2
  thresh = 0
  flags = 0
  CBVfindFirstPeakD1=0
  CBVfindFirstPeakD2=0
  nvertices=141554
  Gdiag_no=-1
  vno start=0, stop=141554
Replacing 255s with 0s
#SI# sigma=2 had to be increased for 175 vertices, nripped=5228
mean border=55.1, 57 (57) missing vertices, mean dist 1.6 [3.1 (%0.0)->2.9 (%100.0))]
%11 local maxima, %43 large gradients and %42 min vals, 0 gradients ignored
nFirstPeakD1 0
MRIScomputeBorderValues_new() finished in 0.0141 min


Averaging target values for 5 iterations...
Positioning Surface: tspring = 0.3, nspring = 0.3, spring = 0, niters = 100 l_repulse = 0, l_surf_repulse = 5, checktol = 0
Positioning pial surface
Entering MRISpositionSurface()
  max_mm = 0.3
  MAX_REDUCTIONS = 2, REDUCTION_PCT = 0.5
  parms->check_tol = 0, niterations = 100
tol=1.0e-04, sigma=2.0, host=dna01, nav=16, nbrs=2, l_surf_repulse=5.000, l_tspring=0.300, l_nspring=0.300, l_intensity=0.200, l_curv=1.000
mom=0.00, dt=0.50
complete_dist_mat 0
rms 0
smooth_averages 0
remove_neg 0
ico_order 0
which_surface 0
target_radius 0.000000
nfields 0
scale 0.000000
desired_rms_height 0.000000
momentum 0.000000
nbhd_size 0
max_nbrs 0
niterations 100
nsurfaces 0
SURFACES 3
flags 0 (0)
use curv 0
no sulc 0
no rigid align 0
mris->nsize 2
mris->hemisphere 1
randomSeed 0

000: dt: 0.0000, sse=24417908.0, rms=29.804
001: dt: 0.5000, sse=16799550.0, rms=24.673 (17.218%)
002: dt: 0.5000, sse=11326944.0, rms=20.196 (18.144%)
003: dt: 0.5000, sse=7705540.5, rms=16.581 (17.902%)
004: dt: 0.5000, sse=5424822.0, rms=13.825 (16.621%)
005: dt: 0.5000, sse=3955194.2, rms=11.708 (15.310%)
006: dt: 0.5000, sse=2965422.8, rms=10.032 (14.318%)
007: dt: 0.5000, sse=2271481.2, rms=8.663 (13.649%)
008: dt: 0.5000, sse=1775014.2, rms=7.529 (13.083%)
009: dt: 0.5000, sse=1414240.1, rms=6.582 (12.578%)
010: dt: 0.5000, sse=1149646.5, rms=5.788 (12.070%)
011: dt: 0.5000, sse=959418.7, rms=5.139 (11.205%)
012: dt: 0.5000, sse=824689.2, rms=4.623 (10.040%)
013: dt: 0.5000, sse=732629.3, rms=4.233 (8.434%)
014: dt: 0.5000, sse=670025.6, rms=3.945 (6.816%)
015: dt: 0.5000, sse=628003.3, rms=3.737 (5.270%)
016: dt: 0.5000, sse=598281.9, rms=3.581 (4.165%)
017: dt: 0.5000, sse=578939.4, rms=3.474 (2.988%)
018: dt: 0.5000, sse=564260.3, rms=3.390 (2.415%)
019: dt: 0.5000, sse=552701.9, rms=3.322 (2.026%)
020: dt: 0.5000, sse=542063.8, rms=3.258 (1.927%)
rms = 3.2134/3.2576, sse=535067.6/542063.8, time step reduction 1 of 3 to 0.250  0 0 1
021: dt: 0.5000, sse=535067.6, rms=3.213 (1.357%)
022: dt: 0.2500, sse=485697.5, rms=2.900 (9.767%)
023: dt: 0.2500, sse=472021.7, rms=2.808 (3.150%)
rms = 2.7945/2.8082, sse=470342.0/472021.7, time step reduction 2 of 3 to 0.125  0 0 1
024: dt: 0.2500, sse=470342.0, rms=2.795 (0.488%)
025: dt: 0.1250, sse=462141.1, rms=2.737 (2.075%)
rms = 2.7182/2.7365, sse=459599.7/462141.1, time step reduction 3 of 3 to 0.062  0 0 1
026: dt: 0.1250, sse=459599.7, rms=2.718 (0.672%)
  maximum number of reductions reached, breaking from loop
positioning took 2.0 minutes
Iteration 1 =========================================
n_averages=8, current_sigma=1
Computing target border values 
Entering MRIScomputeBorderValues_new(): 
  inside_hi   =  93.5112300;
  border_hi   =  56.5185930;
  border_low  =  37.5557710;
  outside_low =  10.0000000;
  outside_hi  =  51.7778850;
  sigma = 1;
  max_thickness = 10;
  step_size=0.5;
  STEP_SIZE=0.1;
  which = 2
  thresh = 0
  flags = 0
  CBVfindFirstPeakD1=0
  CBVfindFirstPeakD2=0
  nvertices=141554
  Gdiag_no=-1
  vno start=0, stop=141554
Replacing 255s with 0s
#SI# sigma=1 had to be increased for 13185 vertices, nripped=5228
mean border=54.4, 1987 (4) missing vertices, mean dist 0.2 [0.2 (%54.2)->0.8 (%45.8))]
%18 local maxima, %38 large gradients and %39 min vals, 0 gradients ignored
nFirstPeakD1 0
MRIScomputeBorderValues_new() finished in 0.0065 min


Averaging target values for 5 iterations...
Positioning Surface: tspring = 0.3, nspring = 0.3, spring = 0, niters = 100 l_repulse = 0, l_surf_repulse = 5, checktol = 0
Positioning pial surface
Entering MRISpositionSurface()
  max_mm = 0.3
  MAX_REDUCTIONS = 2, REDUCTION_PCT = 0.5
  parms->check_tol = 0, niterations = 100
tol=1.0e-04, sigma=1.0, host=dna01, nav=8, nbrs=2, l_surf_repulse=5.000, l_tspring=0.300, l_nspring=0.300, l_intensity=0.200, l_curv=1.000
mom=0.00, dt=0.50
000: dt: 0.0000, sse=592404.4, rms=3.171
027: dt: 0.5000, sse=566953.1, rms=3.019 (4.795%)
028: dt: 0.5000, sse=539898.4, rms=2.859 (5.308%)
rms = 2.9216/2.8589, sse=550038.5/539898.4, time step reduction 1 of 3 to 0.250  0 1 1
   RMS increased, rejecting step
029: dt: 0.2500, sse=506042.3, rms=2.623 (8.268%)
030: dt: 0.2500, sse=494428.9, rms=2.533 (3.398%)
rms = 2.5177/2.5334, sse=492513.4/494428.9, time step reduction 2 of 3 to 0.125  0 0 1
031: dt: 0.2500, sse=492513.4, rms=2.518 (0.623%)
032: dt: 0.1250, sse=482440.6, rms=2.439 (3.120%)
rms = 2.4186/2.4391, sse=479874.3/482440.6, time step reduction 3 of 3 to 0.062  0 0 1
033: dt: 0.1250, sse=479874.3, rms=2.419 (0.841%)
  maximum number of reductions reached, breaking from loop
positioning took 0.6 minutes
Iteration 2 =========================================
n_averages=4, current_sigma=0.5
Computing target border values 
Entering MRIScomputeBorderValues_new(): 
  inside_hi   =  93.5112300;
  border_hi   =  56.5185930;
  border_low  =  37.5557710;
  outside_low =  10.0000000;
  outside_hi  =  51.7778850;
  sigma = 0.5;
  max_thickness = 10;
  step_size=0.5;
  STEP_SIZE=0.1;
  which = 2
  thresh = 0
  flags = 0
  CBVfindFirstPeakD1=0
  CBVfindFirstPeakD2=0
  nvertices=141554
  Gdiag_no=-1
  vno start=0, stop=141554
Replacing 255s with 0s
#SI# sigma=0.5 had to be increased for 14650 vertices, nripped=5228
mean border=53.9, 2427 (4) missing vertices, mean dist 0.1 [0.2 (%49.0)->0.7 (%51.0))]
%28 local maxima, %27 large gradients and %39 min vals, 0 gradients ignored
nFirstPeakD1 0
MRIScomputeBorderValues_new() finished in 0.0041 min


Averaging target values for 5 iterations...
Positioning Surface: tspring = 0.3, nspring = 0.3, spring = 0, niters = 100 l_repulse = 0, l_surf_repulse = 5, checktol = 0
Positioning pial surface
Entering MRISpositionSurface()
  max_mm = 0.3
  MAX_REDUCTIONS = 2, REDUCTION_PCT = 0.5
  parms->check_tol = 0, niterations = 100
tol=1.0e-04, sigma=0.5, host=dna01, nav=4, nbrs=2, l_surf_repulse=5.000, l_tspring=0.300, l_nspring=0.300, l_intensity=0.200, l_curv=1.000
mom=0.00, dt=0.50
000: dt: 0.0000, sse=528121.7, rms=2.729
rms = 2.7297/2.7291, sse=527787.6/528121.7, time step reduction 1 of 3 to 0.250  0 0 1
   RMS increased, rejecting step
034: dt: 0.2500, sse=508504.7, rms=2.592 (5.040%)
035: dt: 0.2500, sse=494879.9, rms=2.492 (3.836%)
rms = 2.4731/2.4921, sse=492212.4/494879.9, time step reduction 2 of 3 to 0.125  0 0 1
036: dt: 0.2500, sse=492212.4, rms=2.473 (0.764%)
037: dt: 0.1250, sse=481416.8, rms=2.389 (3.401%)
rms = 2.3634/2.3890, sse=478107.1/481416.8, time step reduction 3 of 3 to 0.062  0 0 1
038: dt: 0.1250, sse=478107.1, rms=2.363 (1.072%)
  maximum number of reductions reached, breaking from loop
positioning took 0.4 minutes
Iteration 3 =========================================
n_averages=2, current_sigma=0.25
Computing target border values 
Entering MRIScomputeBorderValues_new(): 
  inside_hi   =  93.5112300;
  border_hi   =  56.5185930;
  border_low  =  37.5557710;
  outside_low =  10.0000000;
  outside_hi  =  51.7778850;
  sigma = 0.25;
  max_thickness = 10;
  step_size=0.5;
  STEP_SIZE=0.1;
  which = 2
  thresh = 0
  flags = 0
  CBVfindFirstPeakD1=0
  CBVfindFirstPeakD2=0
  nvertices=141554
  Gdiag_no=-1
  vno start=0, stop=141554
Replacing 255s with 0s
#SI# sigma=0.25 had to be increased for 12945 vertices, nripped=5228
mean border=53.3, 5426 (3) missing vertices, mean dist 0.1 [0.2 (%46.9)->0.6 (%53.1))]
%35 local maxima, %21 large gradients and %37 min vals, 0 gradients ignored
nFirstPeakD1 0
MRIScomputeBorderValues_new() finished in 0.0026 min


Averaging target values for 5 iterations...
Positioning Surface: tspring = 0.3, nspring = 0.3, spring = 0, niters = 100 l_repulse = 0, l_surf_repulse = 5, checktol = 0
Positioning pial surface
Entering MRISpositionSurface()
  max_mm = 0.3
  MAX_REDUCTIONS = 2, REDUCTION_PCT = 0.5
  parms->check_tol = 0, niterations = 100
tol=1.0e-04, sigma=0.2, host=dna01, nav=2, nbrs=2, l_surf_repulse=5.000, l_tspring=0.300, l_nspring=0.300, l_intensity=0.200, l_curv=1.000
mom=0.00, dt=0.50
000: dt: 0.0000, sse=504295.2, rms=2.559
rms = 2.6249/2.5593, sse=512455.5/504295.2, time step reduction 1 of 3 to 0.250  0 1 1
   RMS increased, rejecting step
039: dt: 0.2500, sse=490279.8, rms=2.455 (4.063%)
040: dt: 0.2500, sse=480670.5, rms=2.385 (2.849%)
rms = 2.3882/2.3853, sse=480702.6/480670.5, time step reduction 2 of 3 to 0.125  0 1 1
   RMS increased, rejecting step
rms = 2.3604/2.3853, sse=477526.9/480670.5, time step reduction 3 of 3 to 0.062  0 0 1
041: dt: 0.1250, sse=477526.9, rms=2.360 (1.045%)
  maximum number of reductions reached, breaking from loop
positioning took 0.3 minutes
Pinning medial wall to white surface
removing intersecting faces
000: 17 intersecting
001: 2 intersecting
terminating search with 0 intersecting


Writing output to ../surf/rh.pial.T1
#ET# mris_place_surface  3.55 minutes
#VMPC# mris_place_surfaces VmPeak  2437900
mris_place_surface done
#@# white curv rh Wed Mar 11 12:33:22 CET 2026
cd /out/sourcedata/freesurfer/sub-v2s16x51231_ses-1/mri
mris_place_surface --curv-map ../surf/rh.white 2 10 ../surf/rh.curv
insurf  ../surf/rh.white, nbrs 2, curvature_avgs 10
writing curvature file ../surf/rh.curv
#@# white area rh Wed Mar 11 12:33:24 CET 2026
cd /out/sourcedata/freesurfer/sub-v2s16x51231_ses-1/mri
mris_place_surface --area-map ../surf/rh.white ../surf/rh.area
writing curvature file ../surf/rh.area
#@# pial curv rh Wed Mar 11 12:33:24 CET 2026
cd /out/sourcedata/freesurfer/sub-v2s16x51231_ses-1/mri
mris_place_surface --curv-map ../surf/rh.pial 2 10 ../surf/rh.curv.pial
insurf  ../surf/rh.pial, nbrs 2, curvature_avgs 10
writing curvature file ../surf/rh.curv.pial
#@# pial area rh Wed Mar 11 12:33:26 CET 2026
cd /out/sourcedata/freesurfer/sub-v2s16x51231_ses-1/mri
mris_place_surface --area-map ../surf/rh.pial ../surf/rh.area.pial
writing curvature file ../surf/rh.area.pial
#@# thickness rh Wed Mar 11 12:33:27 CET 2026
cd /out/sourcedata/freesurfer/sub-v2s16x51231_ses-1/mri
mris_place_surface --thickness ../surf/rh.white ../surf/rh.pial 20 5 ../surf/rh.thickness
0 of 141554 vertices processed
25000 of 141554 vertices processed
50000 of 141554 vertices processed
75000 of 141554 vertices processed
100000 of 141554 vertices processed
125000 of 141554 vertices processed
0 of 141554 vertices processed
25000 of 141554 vertices processed
50000 of 141554 vertices processed
75000 of 141554 vertices processed
100000 of 141554 vertices processed
125000 of 141554 vertices processed
thickness calculation complete, 671:2541 truncations.
66403 vertices at 0 distance
113846 vertices at 1 distance
63040 vertices at 2 distance
24046 vertices at 3 distance
8933 vertices at 4 distance
3641 vertices at 5 distance
1503 vertices at 6 distance
714 vertices at 7 distance
365 vertices at 8 distance
196 vertices at 9 distance
123 vertices at 10 distance
74 vertices at 11 distance
47 vertices at 12 distance
44 vertices at 13 distance
42 vertices at 14 distance
20 vertices at 15 distance
13 vertices at 16 distance
17 vertices at 17 distance
13 vertices at 18 distance
8 vertices at 19 distance
20 vertices at 20 distance
writing curvature file ../surf/rh.thickness
#@# area and vertex vol rh Wed Mar 11 12:33:56 CET 2026
cd /out/sourcedata/freesurfer/sub-v2s16x51231_ses-1/mri
mris_place_surface --thickness ../surf/rh.white ../surf/rh.pial 20 5 ../surf/rh.thickness
/out/sourcedata/freesurfer/sub-v2s16x51231_ses-1/surf
mris_calc -o rh.area.mid rh.area add rh.area.pial
Saving result to 'rh.area.mid' (type = MRI_CURV_FILE)                       [ ok ]
mris_calc -o rh.area.mid rh.area.mid div 2
Saving result to 'rh.area.mid' (type = MRI_CURV_FILE)                       [ ok ]
mris_convert --volume sub-v2s16x51231_ses-1 rh /out/sourcedata/freesurfer/sub-v2s16x51231_ses-1/surf/rh.volume
masking with /out/sourcedata/freesurfer/sub-v2s16x51231_ses-1/label/rh.cortex.label
Total face volume 278176
Total vertex volume 277948 (mask=0)
#@# sub-v2s16x51231_ses-1 rh 277948
 
vertexvol Done

#-----------------------------------------
#@# Curvature Stats rh Wed Mar 11 12:33:58 CET 2026
/out/sourcedata/freesurfer/sub-v2s16x51231_ses-1/surf

 mris_curvature_stats -m --writeCurvatureFiles -G -o ../stats/rh.curv.stats -F smoothwm sub-v2s16x51231_ses-1 rh curv sulc 

             Toggling save flag on curvature files                       [ ok ]
                 Outputting results using filestem   [ ../stats/rh.curv.stats ]
             Toggling save flag on curvature files                       [ ok ]
                                   Setting surface [ sub-v2s16x51231_ses-1/rh.smoothwm ]
                                Reading surface...                       [ ok ]
                                   Setting texture                     [ curv ]
                                Reading texture...                       [ ok ]
                                   Setting texture                     [ sulc ]
                                Reading texture...Gb_filter = 0
                       [ ok ]
      Calculating Discrete Principal Curvatures...
      Determining geometric order for vno faces... [####################] [ ok ]
                      Determining KH curvatures... [####################] [ ok ]
                    Determining k1k2 curvatures... [####################] [ ok ]
                                   deltaViolations                      [ 278 ]
Gb_filter = 0

WARN:    S lookup   min:                          -0.203896
WARN:    S explicit min:                          0.000000	vertex = 238
#-----------------------------------------
#@# Cortical Parc 2 rh Wed Mar 11 12:34:00 CET 2026
/out/sourcedata/freesurfer/sub-v2s16x51231_ses-1/scripts

 mris_ca_label -l ../label/rh.cortex.label -aseg ../mri/aseg.presurf.mgz -seed 1234 sub-v2s16x51231_ses-1 rh ../surf/rh.sphere.reg /opt/freesurfer/average/rh.CDaparc.atlas.acfb40.noaparc.i12.2016-08-02.gcs ../label/rh.aparc.a2009s.annot 

setting seed for random number generator to 1234
using ../mri/aseg.presurf.mgz aseg volume to correct midline
7.3.2
  7.3.2
reading atlas from /opt/freesurfer/average/rh.CDaparc.atlas.acfb40.noaparc.i12.2016-08-02.gcs...
reading color table from GCSA file....
average std = 1.4   using min determinant for regularization = 0.021
0 singular and 0 ill-conditioned covariance matrices regularized
input 0: MEAN CURVATURE, flags 0, avgs 5, name mean_curvature
labeling surface...
9 labels changed using aseg
relabeling using gibbs priors...
000:   9467 changed, 141554 examined...
001:   2085 changed, 36875 examined...
002:    634 changed, 11122 examined...
003:    258 changed, 3669 examined...
004:    137 changed, 1524 examined...
005:     86 changed, 782 examined...
006:     36 changed, 480 examined...
007:     22 changed, 202 examined...
008:     19 changed, 132 examined...
009:     12 changed, 100 examined...
010:      6 changed, 75 examined...
011:      2 changed, 32 examined...
012:      0 changed, 10 examined...
4 labels changed using aseg
000: 268 total segments, 178 labels (2396 vertices) changed
001: 104 total segments, 15 labels (89 vertices) changed
002: 90 total segments, 1 labels (22 vertices) changed
003: 89 total segments, 0 labels (0 vertices) changed
10 filter iterations complete (10 requested, 29 changed)
rationalizing unknown annotations with cortex label
relabeling Medial_wall label...
1093 vertices marked for relabeling...
1093 labels changed in reclassification.
writing output to ../label/rh.aparc.a2009s.annot...
classification took 0 minutes and 13 seconds.
#-----------------------------------------
#@# Cortical Parc 3 rh Wed Mar 11 12:34:13 CET 2026
/out/sourcedata/freesurfer/sub-v2s16x51231_ses-1/scripts

 mris_ca_label -l ../label/rh.cortex.label -aseg ../mri/aseg.presurf.mgz -seed 1234 sub-v2s16x51231_ses-1 rh ../surf/rh.sphere.reg /opt/freesurfer/average/rh.DKTaparc.atlas.acfb40.noaparc.i12.2016-08-02.gcs ../label/rh.aparc.DKTatlas.annot 

setting seed for random number generator to 1234
using ../mri/aseg.presurf.mgz aseg volume to correct midline
7.3.2
  7.3.2
reading atlas from /opt/freesurfer/average/rh.DKTaparc.atlas.acfb40.noaparc.i12.2016-08-02.gcs...
reading color table from GCSA file....
average std = 0.9   using min determinant for regularization = 0.009
0 singular and 325 ill-conditioned covariance matrices regularized
input 0: MEAN CURVATURE, flags 0, avgs 5, name mean_curvature
labeling surface...
1526 labels changed using aseg
relabeling using gibbs priors...
000:   2007 changed, 141554 examined...
001:    423 changed, 9500 examined...
002:    107 changed, 2521 examined...
003:     50 changed, 666 examined...
004:     31 changed, 304 examined...
005:     15 changed, 190 examined...
006:     11 changed, 80 examined...
007:      7 changed, 62 examined...
008:      5 changed, 43 examined...
009:      6 changed, 28 examined...
010:      4 changed, 34 examined...
011:      3 changed, 15 examined...
012:      3 changed, 17 examined...
013:      4 changed, 15 examined...
014:      1 changed, 17 examined...
015:      0 changed, 7 examined...
159 labels changed using aseg
000: 48 total segments, 15 labels (76 vertices) changed
001: 33 total segments, 0 labels (0 vertices) changed
10 filter iterations complete (10 requested, 4 changed)
rationalizing unknown annotations with cortex label
relabeling unknown label...
relabeling corpuscallosum label...
828 vertices marked for relabeling...
828 labels changed in reclassification.
writing output to ../label/rh.aparc.DKTatlas.annot...
classification took 0 minutes and 10 seconds.
#-----------------------------------------
#@# WM/GM Contrast rh Wed Mar 11 12:34:23 CET 2026
/out/sourcedata/freesurfer/sub-v2s16x51231_ses-1/scripts

 pctsurfcon --s sub-v2s16x51231_ses-1 --rh-only 

Log file is /out/sourcedata/freesurfer/sub-v2s16x51231_ses-1/scripts/pctsurfcon.log
Wed Mar 11 12:34:23 CET 2026
setenv SUBJECTS_DIR /out/sourcedata/freesurfer
cd /out/sourcedata/freesurfer/sub-v2s16x51231_ses-1/scripts
/opt/freesurfer/bin/pctsurfcon
pctsurfcon 7.3.2
Linux dna013 5.14.0-427.37.1.el9_4.x86_64 #1 SMP PREEMPT_DYNAMIC Fri Sep 13 12:41:50 EDT 2024 x86_64 x86_64 x86_64 GNU/Linux
FREESURFER_HOME /opt/freesurfer
mri_vol2surf --mov /out/sourcedata/freesurfer/sub-v2s16x51231_ses-1/mri/rawavg.mgz --hemi rh --noreshape --interp trilinear --projdist -1 --o /out/sourcedata/freesurfer/sub-v2s16x51231_ses-1/surf/tmp.pctsurfcon.1154282/rh.wm.mgh --regheader sub-v2s16x51231_ses-1 --cortex
srcvol = /out/sourcedata/freesurfer/sub-v2s16x51231_ses-1/mri/rawavg.mgz
srcreg unspecified
srcregold = 0
srcwarp unspecified
surf = white
hemi = rh
ProjDist = -1
reshape = 0
interp = trilinear
float2int = round
GetProjMax = 0
INFO: float2int code = 0
Done loading volume
Computing registration from header.
  Using /out/sourcedata/freesurfer/sub-v2s16x51231_ses-1/mri/orig.mgz as target reference.
-------- original matrix -----------
-1.00000   0.00000   0.00000   0.00000;
 0.00000   0.00000   1.00000   0.00000;
 0.00000  -1.00000   0.00000   0.00000;
 0.00000   0.00000   0.00000   1.00000;
-------- original matrix -----------
Loading label /out/sourcedata/freesurfer/sub-v2s16x51231_ses-1/label/rh.cortex.label
Reading surface /out/sourcedata/freesurfer/sub-v2s16x51231_ses-1/surf/rh.white
Done reading source surface
Mapping Source Volume onto Source Subject Surface
Projecting -1 -1 1
 1 -1 -1 -1
using old
Done mapping volume to surface
Number of source voxels hit = 78224
Masking with /out/sourcedata/freesurfer/sub-v2s16x51231_ses-1/label/rh.cortex.label
Writing to /out/sourcedata/freesurfer/sub-v2s16x51231_ses-1/surf/tmp.pctsurfcon.1154282/rh.wm.mgh
Dim: 141554 1 1
mri_vol2surf --mov /out/sourcedata/freesurfer/sub-v2s16x51231_ses-1/mri/rawavg.mgz --hemi rh --noreshape --interp trilinear --o /out/sourcedata/freesurfer/sub-v2s16x51231_ses-1/surf/tmp.pctsurfcon.1154282/rh.gm.mgh --projfrac 0.3 --regheader sub-v2s16x51231_ses-1 --cortex
srcvol = /out/sourcedata/freesurfer/sub-v2s16x51231_ses-1/mri/rawavg.mgz
srcreg unspecified
srcregold = 0
srcwarp unspecified
surf = white
hemi = rh
ProjFrac = 0.3
thickness = thickness
reshape = 0
interp = trilinear
float2int = round
GetProjMax = 0
INFO: float2int code = 0
Done loading volume
Computing registration from header.
  Using /out/sourcedata/freesurfer/sub-v2s16x51231_ses-1/mri/orig.mgz as target reference.
-------- original matrix -----------
-1.00000   0.00000   0.00000   0.00000;
 0.00000   0.00000   1.00000   0.00000;
 0.00000  -1.00000   0.00000   0.00000;
 0.00000   0.00000   0.00000   1.00000;
-------- original matrix -----------
Loading label /out/sourcedata/freesurfer/sub-v2s16x51231_ses-1/label/rh.cortex.label
Reading surface /out/sourcedata/freesurfer/sub-v2s16x51231_ses-1/surf/rh.white
Done reading source surface
Reading thickness /out/sourcedata/freesurfer/sub-v2s16x51231_ses-1/surf/rh.thickness
Done
Mapping Source Volume onto Source Subject Surface
Projecting 0.3 0.3 1
 1 0.3 0.3 0.3
using old
Done mapping volume to surface
Number of source voxels hit = 90285
Masking with /out/sourcedata/freesurfer/sub-v2s16x51231_ses-1/label/rh.cortex.label
Writing to /out/sourcedata/freesurfer/sub-v2s16x51231_ses-1/surf/tmp.pctsurfcon.1154282/rh.gm.mgh
Dim: 141554 1 1
mri_concat /out/sourcedata/freesurfer/sub-v2s16x51231_ses-1/surf/tmp.pctsurfcon.1154282/rh.wm.mgh /out/sourcedata/freesurfer/sub-v2s16x51231_ses-1/surf/tmp.pctsurfcon.1154282/rh.gm.mgh --paired-diff-norm --mul 100 --o /out/sourcedata/freesurfer/sub-v2s16x51231_ses-1/surf/rh.w-g.pct.mgh
ninputs = 2
Checking inputs
nframestot = 2
Allocing output
Done allocing
Combining pairs
nframes = 1
Multiplying by 100.000000
Writing to /out/sourcedata/freesurfer/sub-v2s16x51231_ses-1/surf/rh.w-g.pct.mgh
mri_segstats --in /out/sourcedata/freesurfer/sub-v2s16x51231_ses-1/surf/rh.w-g.pct.mgh --annot sub-v2s16x51231_ses-1 rh aparc --sum /out/sourcedata/freesurfer/sub-v2s16x51231_ses-1/stats/rh.w-g.pct.stats --snr

7.3.2
cwd 
cmdline mri_segstats --in /out/sourcedata/freesurfer/sub-v2s16x51231_ses-1/surf/rh.w-g.pct.mgh --annot sub-v2s16x51231_ses-1 rh aparc --sum /out/sourcedata/freesurfer/sub-v2s16x51231_ses-1/stats/rh.w-g.pct.stats --snr 
sysname  Linux
hostname dna013
machine  x86_64
user     oesteban
whitesurfname  white
UseRobust  0
Constructing seg from annotation

Reading annotation /out/sourcedata/freesurfer/sub-v2s16x51231_ses-1/label/rh.aparc.annot
Seg base 2000
Loading /out/sourcedata/freesurfer/sub-v2s16x51231_ses-1/surf/rh.w-g.pct.mgh
Vertex Area is 0.689318 mm^3
Generating list of segmentation ids
Found  36 segmentations
Computing statistics for each segmentation

Reporting on  35 segmentations
Using PrintSegStat
mri_segstats done
Cleaning up

Started at Wed Mar 11 12:11:28 CET 2026 
Ended   at Wed Mar 11 12:34:26 CET 2026
#@#%# recon-all-run-time-hours 0.383
recon-all -s sub-v2s16x51231_ses-1 finished without error at Wed Mar 11 12:34:26 CET 2026



#New# invocation of recon-all 




Wed Mar 11 12:43:24 CET 2026
cd /out/sourcedata/freesurfer/sub-v2s16x51231_ses-1
setenv SUBJECTS_DIR /out/sourcedata/freesurfer
/opt/freesurfer/bin/recon-all -autorecon-hemi rh -nohyporelabel -rh-only -openmp 16 -subjid sub-v2s16x51231_ses-1 -sd /out/sourcedata/freesurfer -notessellate -nosmooth1 -noinflate1 -noqsphere -nofix -nowhite -nosmooth2 -noinflate2 -nocurvHK -nocurvstats -nosphere -nosurfreg -nojacobian_white -noavgcurv -nocortparc -nopial -nocortparc2 -nocortparc3 -nopctsurfcon

subjid sub-v2s16x51231_ses-1
setenv SUBJECTS_DIR /out/sourcedata/freesurfer
FREESURFER_HOME /opt/freesurfer
Actual FREESURFER_HOME /opt/freesurfer
build-stamp.txt: freesurfer-linux-ubuntu22_x86_64-7.3.2-20220804-6354275
Linux dna013 5.14.0-427.37.1.el9_4.x86_64 #1 SMP PREEMPT_DYNAMIC Fri Sep 13 12:41:50 EDT 2024 x86_64 x86_64 x86_64 GNU/Linux
cputime      unlimited
filesize     unlimited
datasize     unlimited
stacksize    8192 kbytes
coredumpsize 0 kbytes
memoryuse    67108864 kbytes
vmemoryuse   unlimited
descriptors  1024 
memorylocked unlimited
maxproc      2061970 
maxlocks     unlimited
maxsignal    2061970 
maxmessage   819200 
maxnice      0 
maxrtprio    0 
maxrttime    unlimited

               total        used        free      shared  buff/cache   available
Mem:           503Gi       120Gi       350Gi       7.6Gi        32Gi       372Gi
Swap:             0B          0B          0B

########################################
program versions used
7.3.2 (freesurfer-linux-ubuntu22_x86_64-7.3.2-20220804-6354275)
7.3.2

ProgramName: lta_convert  ProgramArguments: lta_convert -all-info  ProgramVersion: 7.3.2  TimeStamp: 2026/03/11-11:43:24-GMT  BuildTime: Aug  4 2022 06:17:15  BuildStamp: freesurfer-linux-ubuntu22_x86_64-7.3.2-20220804-6354275  User: oesteban  Machine: dna013  Platform: Linux  PlatformVersion: 5.14.0-427.37.1.el9_4.x86_64  CompilerName: GCC  CompilerVersion: 8.4.0
ProgramName: mri_and  ProgramArguments: mri_and -all-info  ProgramVersion: 7.3.2  TimeStamp: 2026/03/11-11:43:24-GMT  BuildTime: Aug  4 2022 06:17:15  BuildStamp: freesurfer-linux-ubuntu22_x86_64-7.3.2-20220804-6354275  User: oesteban  Machine: dna013  Platform: Linux  PlatformVersion: 5.14.0-427.37.1.el9_4.x86_64  CompilerName: GCC  CompilerVersion: 8.4.0
ProgramName: mri_annotation2label  ProgramArguments: mri_annotation2label -all-info  ProgramVersion: 7.3.2  TimeStamp: 2026/03/11-11:43:24-GMT  BuildTime: Aug  4 2022 06:17:15  BuildStamp: freesurfer-linux-ubuntu22_x86_64-7.3.2-20220804-6354275  User: oesteban  Machine: dna013  Platform: Linux  PlatformVersion: 5.14.0-427.37.1.el9_4.x86_64  CompilerName: GCC  CompilerVersion: 8.4.0
ProgramName: mri_aparc2aseg  ProgramArguments: mri_aparc2aseg -all-info  ProgramVersion: 7.3.2  TimeStamp: 2026/03/11-11:43:24-GMT  BuildTime: Aug  4 2022 06:17:15  BuildStamp: freesurfer-linux-ubuntu22_x86_64-7.3.2-20220804-6354275  User: oesteban  Machine: dna013  Platform: Linux  PlatformVersion: 5.14.0-427.37.1.el9_4.x86_64  CompilerName: GCC  CompilerVersion: 8.4.0
ProgramName: mri_surf2volseg  ProgramArguments: mri_surf2volseg -all-info  ProgramVersion: 7.3.2  TimeStamp: 2026/03/11-11:43:24-GMT  BuildTime: Aug  4 2022 06:17:15  BuildStamp: freesurfer-linux-ubuntu22_x86_64-7.3.2-20220804-6354275  User: oesteban  Machine: dna013  Platform: Linux  PlatformVersion: 5.14.0-427.37.1.el9_4.x86_64  CompilerName: GCC  CompilerVersion: 8.4.0
ProgramName: mri_binarize  ProgramArguments: mri_binarize -all-info  ProgramVersion: 7.3.2  TimeStamp: 2026/03/11-11:43:24-GMT  BuildTime: Aug  4 2022 06:17:15  BuildStamp: freesurfer-linux-ubuntu22_x86_64-7.3.2-20220804-6354275  User: oesteban  Machine: dna013  Platform: Linux  PlatformVersion: 5.14.0-427.37.1.el9_4.x86_64  CompilerName: GCC  CompilerVersion: 8.4.0
ProgramName: mri_ca_label  ProgramArguments: mri_ca_label -all-info  ProgramVersion: 7.3.2  TimeStamp: 2026/03/11-11:43:24-GMT  BuildTime: Aug  4 2022 06:17:15  BuildStamp: freesurfer-linux-ubuntu22_x86_64-7.3.2-20220804-6354275  User: oesteban  Machine: dna013  Platform: Linux  PlatformVersion: 5.14.0-427.37.1.el9_4.x86_64  CompilerName: GCC  CompilerVersion: 8.4.0
ProgramName: mri_ca_normalize  ProgramArguments: mri_ca_normalize -all-info  ProgramVersion: 7.3.2  TimeStamp: 2026/03/11-11:43:24-GMT  BuildTime: Aug  4 2022 06:17:15  BuildStamp: freesurfer-linux-ubuntu22_x86_64-7.3.2-20220804-6354275  User: oesteban  Machine: dna013  Platform: Linux  PlatformVersion: 5.14.0-427.37.1.el9_4.x86_64  CompilerName: GCC  CompilerVersion: 8.4.0
ProgramName: mri_ca_register  ProgramArguments: mri_ca_register -all-info  ProgramVersion: 7.3.2  TimeStamp: 2026/03/11-11:43:24-GMT  BuildTime: Aug  4 2022 06:17:15  BuildStamp: freesurfer-linux-ubuntu22_x86_64-7.3.2-20220804-6354275  User: oesteban  Machine: dna013  Platform: Linux  PlatformVersion: 5.14.0-427.37.1.el9_4.x86_64  CompilerName: GCC  CompilerVersion: 8.4.0
ProgramName: mri_cc  ProgramArguments: mri_cc -all-info  ProgramVersion: 7.3.2  TimeStamp: 2026/03/11-11:43:24-GMT  BuildTime: Aug  4 2022 06:17:15  BuildStamp: freesurfer-linux-ubuntu22_x86_64-7.3.2-20220804-6354275  User: oesteban  Machine: dna013  Platform: Linux  PlatformVersion: 5.14.0-427.37.1.el9_4.x86_64  CompilerName: GCC  CompilerVersion: 8.4.0
ProgramName: mri_compute_overlap  ProgramArguments: mri_compute_overlap -all-info  ProgramVersion: 7.3.2  TimeStamp: 2026/03/11-11:43:24-GMT  BuildTime: Aug  4 2022 06:17:15  BuildStamp: freesurfer-linux-ubuntu22_x86_64-7.3.2-20220804-6354275  User: oesteban  Machine: dna013  Platform: Linux  PlatformVersion: 5.14.0-427.37.1.el9_4.x86_64  CompilerName: GCC  CompilerVersion: 8.4.0
ProgramName: mri_compute_seg_overlap  ProgramArguments: mri_compute_seg_overlap -all-info  ProgramVersion: 7.3.2  TimeStamp: 2026/03/11-11:43:24-GMT  BuildTime: Aug  4 2022 06:17:15  BuildStamp: freesurfer-linux-ubuntu22_x86_64-7.3.2-20220804-6354275  User: oesteban  Machine: dna013  Platform: Linux  PlatformVersion: 5.14.0-427.37.1.el9_4.x86_64  CompilerName: GCC  CompilerVersion: 8.4.0
ProgramName: mri_concat  ProgramArguments: mri_concat -all-info  ProgramVersion: 7.3.2  TimeStamp: 2026/03/11-11:43:24-GMT  BuildTime: Aug  4 2022 06:17:15  BuildStamp: freesurfer-linux-ubuntu22_x86_64-7.3.2-20220804-6354275  User: oesteban  Machine: dna013  Platform: Linux  PlatformVersion: 5.14.0-427.37.1.el9_4.x86_64  CompilerName: GCC  CompilerVersion: 8.4.0
ProgramName: mri_concatenate_lta  ProgramArguments: mri_concatenate_lta -all-info  ProgramVersion: 7.3.2  TimeStamp: 2026/03/11-11:43:24-GMT  BuildTime: Aug  4 2022 06:17:15  BuildStamp: freesurfer-linux-ubuntu22_x86_64-7.3.2-20220804-6354275  User: oesteban  Machine: dna013  Platform: Linux  PlatformVersion: 5.14.0-427.37.1.el9_4.x86_64  CompilerName: GCC  CompilerVersion: 8.4.0
mri_convert -all-info 
ProgramName: mri_convert  ProgramArguments: mri_convert -all-info  ProgramVersion: 7.3.2  TimeStamp: 2026/03/11-11:43:24-GMT  BuildTime: Aug  4 2022 06:17:15  BuildStamp: freesurfer-linux-ubuntu22_x86_64-7.3.2-20220804-6354275  User: oesteban  Machine: dna013  Platform: Linux  PlatformVersion: 5.14.0-427.37.1.el9_4.x86_64  CompilerName: GCC  CompilerVersion: 8.4.0
ProgramName: mri_diff  ProgramArguments: mri_diff -all-info  ProgramVersion: 7.3.2  TimeStamp: 2026/03/11-11:43:24-GMT  BuildTime: Aug  4 2022 06:17:15  BuildStamp: freesurfer-linux-ubuntu22_x86_64-7.3.2-20220804-6354275  User: oesteban  Machine: dna013  Platform: Linux  PlatformVersion: 5.14.0-427.37.1.el9_4.x86_64  CompilerName: GCC  CompilerVersion: 8.4.0
ProgramName: mri_edit_wm_with_aseg  ProgramArguments: mri_edit_wm_with_aseg -all-info  ProgramVersion: 7.3.2  TimeStamp: 2026/03/11-11:43:24-GMT  BuildTime: Aug  4 2022 06:17:15  BuildStamp: freesurfer-linux-ubuntu22_x86_64-7.3.2-20220804-6354275  User: oesteban  Machine: dna013  Platform: Linux  PlatformVersion: 5.14.0-427.37.1.el9_4.x86_64  CompilerName: GCC  CompilerVersion: 8.4.0
ProgramName: mri_em_register  ProgramArguments: mri_em_register -all-info  ProgramVersion: 7.3.2  TimeStamp: 2026/03/11-11:43:24-GMT  BuildTime: Aug  4 2022 06:17:15  BuildStamp: freesurfer-linux-ubuntu22_x86_64-7.3.2-20220804-6354275  User: oesteban  Machine: dna013  Platform: Linux  PlatformVersion: 5.14.0-427.37.1.el9_4.x86_64  CompilerName: GCC  CompilerVersion: 8.4.0
ProgramName: mri_fill  ProgramArguments: mri_fill -all-info  ProgramVersion: 7.3.2  TimeStamp: 2026/03/11-11:43:24-GMT  BuildTime: Aug  4 2022 06:17:15  BuildStamp: freesurfer-linux-ubuntu22_x86_64-7.3.2-20220804-6354275  User: oesteban  Machine: dna013  Platform: Linux  PlatformVersion: 5.14.0-427.37.1.el9_4.x86_64  CompilerName: GCC  CompilerVersion: 8.4.0
ProgramName: mri_fuse_segmentations  ProgramArguments: mri_fuse_segmentations -all-info  ProgramVersion: 7.3.2  TimeStamp: 2026/03/11-11:43:24-GMT  BuildTime: Aug  4 2022 06:17:15  BuildStamp: freesurfer-linux-ubuntu22_x86_64-7.3.2-20220804-6354275  User: oesteban  Machine: dna013  Platform: Linux  PlatformVersion: 5.14.0-427.37.1.el9_4.x86_64  CompilerName: GCC  CompilerVersion: 8.4.0
ProgramName: mri_fwhm  ProgramArguments: mri_fwhm -all-info  ProgramVersion: 7.3.2  TimeStamp: 2026/03/11-11:43:24-GMT  BuildTime: Aug  4 2022 06:17:15  BuildStamp: freesurfer-linux-ubuntu22_x86_64-7.3.2-20220804-6354275  User: oesteban  Machine: dna013  Platform: Linux  PlatformVersion: 5.14.0-427.37.1.el9_4.x86_64  CompilerName: GCC  CompilerVersion: 8.4.0
ProgramName: mri_gcut  ProgramArguments: mri_gcut -all-info  ProgramVersion: 7.3.2  TimeStamp: 2026/03/11-11:43:24-GMT  BuildTime: Aug  4 2022 06:17:15  BuildStamp: freesurfer-linux-ubuntu22_x86_64-7.3.2-20220804-6354275  User: oesteban  Machine: dna013  Platform: Linux  PlatformVersion: 5.14.0-427.37.1.el9_4.x86_64  CompilerName: GCC  CompilerVersion: 8.4.0
ProgramName: mri_info  ProgramArguments: mri_info -all-info  ProgramVersion: 7.3.2  TimeStamp: 2026/03/11-11:43:24-GMT  BuildTime: Aug  4 2022 06:17:15  BuildStamp: freesurfer-linux-ubuntu22_x86_64-7.3.2-20220804-6354275  User: oesteban  Machine: dna013  Platform: Linux  PlatformVersion: 5.14.0-427.37.1.el9_4.x86_64  CompilerName: GCC  CompilerVersion: 8.4.0
ProgramName: mri_label2label  ProgramArguments: mri_label2label -all-info  ProgramVersion: 7.3.2  TimeStamp: 2026/03/11-11:43:24-GMT  BuildTime: Aug  4 2022 06:17:15  BuildStamp: freesurfer-linux-ubuntu22_x86_64-7.3.2-20220804-6354275  User: oesteban  Machine: dna013  Platform: Linux  PlatformVersion: 5.14.0-427.37.1.el9_4.x86_64  CompilerName: GCC  CompilerVersion: 8.4.0
ProgramName: mri_label2vol  ProgramArguments: mri_label2vol -all-info  ProgramVersion: 7.3.2  TimeStamp: 2026/03/11-11:43:24-GMT  BuildTime: Aug  4 2022 06:17:15  BuildStamp: freesurfer-linux-ubuntu22_x86_64-7.3.2-20220804-6354275  User: oesteban  Machine: dna013  Platform: Linux  PlatformVersion: 5.14.0-427.37.1.el9_4.x86_64  CompilerName: GCC  CompilerVersion: 8.4.0
ProgramName: mri_log_likelihood  ProgramArguments: mri_log_likelihood -all-info  ProgramVersion: 7.3.2  TimeStamp: 2026/03/11-11:43:24-GMT  BuildTime: Aug  4 2022 06:17:15  BuildStamp: freesurfer-linux-ubuntu22_x86_64-7.3.2-20220804-6354275  User: oesteban  Machine: dna013  Platform: Linux  PlatformVersion: 5.14.0-427.37.1.el9_4.x86_64  CompilerName: GCC  CompilerVersion: 8.4.0
ProgramName: mri_mask  ProgramArguments: mri_mask -all-info  ProgramVersion: 7.3.2  TimeStamp: 2026/03/11-11:43:24-GMT  BuildTime: Aug  4 2022 06:17:15  BuildStamp: freesurfer-linux-ubuntu22_x86_64-7.3.2-20220804-6354275  User: oesteban  Machine: dna013  Platform: Linux  PlatformVersion: 5.14.0-427.37.1.el9_4.x86_64  CompilerName: GCC  CompilerVersion: 8.4.0
ProgramName: mri_matrix_multiply  ProgramArguments: mri_matrix_multiply -all-info  ProgramVersion: 7.3.2  TimeStamp: 2026/03/11-11:43:25-GMT  BuildTime: Aug  4 2022 06:17:15  BuildStamp: freesurfer-linux-ubuntu22_x86_64-7.3.2-20220804-6354275  User: oesteban  Machine: dna013  Platform: Linux  PlatformVersion: 5.14.0-427.37.1.el9_4.x86_64  CompilerName: GCC  CompilerVersion: 8.4.0
ProgramName: mri_normalize  ProgramArguments: mri_normalize -all-info  ProgramVersion: 7.3.2  TimeStamp: 2026/03/11-11:43:25-GMT  BuildTime: Aug  4 2022 06:17:15  BuildStamp: freesurfer-linux-ubuntu22_x86_64-7.3.2-20220804-6354275  User: oesteban  Machine: dna013  Platform: Linux  PlatformVersion: 5.14.0-427.37.1.el9_4.x86_64  CompilerName: GCC  CompilerVersion: 8.4.0
ProgramName: mri_normalize_tp2  ProgramArguments: mri_normalize_tp2 -all-info  ProgramVersion: 7.3.2  TimeStamp: 2026/03/11-11:43:25-GMT  BuildTime: Aug  4 2022 06:17:15  BuildStamp: freesurfer-linux-ubuntu22_x86_64-7.3.2-20220804-6354275  User: oesteban  Machine: dna013  Platform: Linux  PlatformVersion: 5.14.0-427.37.1.el9_4.x86_64  CompilerName: GCC  CompilerVersion: 8.4.0
ProgramName: mri_or  ProgramArguments: mri_or -all-info  ProgramVersion: 7.3.2  TimeStamp: 2026/03/11-11:43:25-GMT  BuildTime: Aug  4 2022 06:17:15  BuildStamp: freesurfer-linux-ubuntu22_x86_64-7.3.2-20220804-6354275  User: oesteban  Machine: dna013  Platform: Linux  PlatformVersion: 5.14.0-427.37.1.el9_4.x86_64  CompilerName: GCC  CompilerVersion: 8.4.0
ProgramName: mri_relabel_hypointensities  ProgramArguments: mri_relabel_hypointensities -all-info  ProgramVersion: 7.3.2  TimeStamp: 2026/03/11-11:43:25-GMT  BuildTime: Aug  4 2022 06:17:15  BuildStamp: freesurfer-linux-ubuntu22_x86_64-7.3.2-20220804-6354275  User: oesteban  Machine: dna013  Platform: Linux  PlatformVersion: 5.14.0-427.37.1.el9_4.x86_64  CompilerName: GCC  CompilerVersion: 8.4.0
ProgramName: mri_relabel_nonwm_hypos  ProgramArguments: mri_relabel_nonwm_hypos -all-info  ProgramVersion: 7.3.2  TimeStamp: 2026/03/11-11:43:25-GMT  BuildTime: Aug  4 2022 06:17:15  BuildStamp: freesurfer-linux-ubuntu22_x86_64-7.3.2-20220804-6354275  User: oesteban  Machine: dna013  Platform: Linux  PlatformVersion: 5.14.0-427.37.1.el9_4.x86_64  CompilerName: GCC  CompilerVersion: 8.4.0
ProgramName: mri_remove_neck  ProgramArguments: mri_remove_neck -all-info  ProgramVersion: 7.3.2  TimeStamp: 2026/03/11-11:43:25-GMT  BuildTime: Aug  4 2022 06:17:15  BuildStamp: freesurfer-linux-ubuntu22_x86_64-7.3.2-20220804-6354275  User: oesteban  Machine: dna013  Platform: Linux  PlatformVersion: 5.14.0-427.37.1.el9_4.x86_64  CompilerName: GCC  CompilerVersion: 8.4.0
7.3.2

ProgramName: mri_robust_register  ProgramArguments: mri_robust_register -all-info  ProgramVersion: 7.3.2  TimeStamp: 2026/03/11-11:43:25-GMT  BuildTime: Aug  4 2022 06:17:15  BuildStamp: freesurfer-linux-ubuntu22_x86_64-7.3.2-20220804-6354275  User: oesteban  Machine: dna013  Platform: Linux  PlatformVersion: 5.14.0-427.37.1.el9_4.x86_64  CompilerName: GCC  CompilerVersion: 8.4.0
7.3.2

ProgramName: mri_robust_template  ProgramArguments: mri_robust_template -all-info  ProgramVersion: 7.3.2  TimeStamp: 2026/03/11-11:43:25-GMT  BuildTime: Aug  4 2022 06:17:15  BuildStamp: freesurfer-linux-ubuntu22_x86_64-7.3.2-20220804-6354275  User: oesteban  Machine: dna013  Platform: Linux  PlatformVersion: 5.14.0-427.37.1.el9_4.x86_64  CompilerName: GCC  CompilerVersion: 8.4.0
ProgramName: mris_anatomical_stats  ProgramArguments: mris_anatomical_stats -all-info  ProgramVersion: 7.3.2  TimeStamp: 2026/03/11-11:43:25-GMT  BuildTime: Aug  4 2022 06:17:15  BuildStamp: freesurfer-linux-ubuntu22_x86_64-7.3.2-20220804-6354275  User: oesteban  Machine: dna013  Platform: Linux  PlatformVersion: 5.14.0-427.37.1.el9_4.x86_64  CompilerName: GCC  CompilerVersion: 8.4.0
ProgramName: mris_ca_label  ProgramArguments: mris_ca_label -all-info  ProgramVersion: 7.3.2  TimeStamp: 2026/03/11-11:43:25-GMT  BuildTime: Aug  4 2022 06:17:15  BuildStamp: freesurfer-linux-ubuntu22_x86_64-7.3.2-20220804-6354275  User: oesteban  Machine: dna013  Platform: Linux  PlatformVersion: 5.14.0-427.37.1.el9_4.x86_64  CompilerName: GCC  CompilerVersion: 8.4.0
ProgramName: mris_calc  ProgramArguments: mris_calc -all-info  ProgramVersion: 7.3.2  TimeStamp: 2026/03/11-11:43:25-GMT  BuildTime: Aug  4 2022 06:17:15  BuildStamp: freesurfer-linux-ubuntu22_x86_64-7.3.2-20220804-6354275  User: oesteban  Machine: dna013  Platform: Linux  PlatformVersion: 5.14.0-427.37.1.el9_4.x86_64  CompilerName: GCC  CompilerVersion: 8.4.0
ProgramName: mris_convert  ProgramArguments: mris_convert -all-info  ProgramVersion: 7.3.2  TimeStamp: 2026/03/11-11:43:25-GMT  BuildTime: Aug  4 2022 06:17:15  BuildStamp: freesurfer-linux-ubuntu22_x86_64-7.3.2-20220804-6354275  User: oesteban  Machine: dna013  Platform: Linux  PlatformVersion: 5.14.0-427.37.1.el9_4.x86_64  CompilerName: GCC  CompilerVersion: 8.4.0
ProgramName: mris_curvature  ProgramArguments: mris_curvature -all-info  ProgramVersion: 7.3.2  TimeStamp: 2026/03/11-11:43:25-GMT  BuildTime: Aug  4 2022 06:17:15  BuildStamp: freesurfer-linux-ubuntu22_x86_64-7.3.2-20220804-6354275  User: oesteban  Machine: dna013  Platform: Linux  PlatformVersion: 5.14.0-427.37.1.el9_4.x86_64  CompilerName: GCC  CompilerVersion: 8.4.0
ProgramName: mris_curvature_stats  ProgramArguments: mris_curvature_stats -all-info  ProgramVersion: 7.3.2  TimeStamp: 2026/03/11-11:43:25-GMT  BuildTime: Aug  4 2022 06:17:15  BuildStamp: freesurfer-linux-ubuntu22_x86_64-7.3.2-20220804-6354275  User: oesteban  Machine: dna013  Platform: Linux  PlatformVersion: 5.14.0-427.37.1.el9_4.x86_64  CompilerName: GCC  CompilerVersion: 8.4.0
ProgramName: mris_diff  ProgramArguments: mris_diff -all-info  ProgramVersion: 7.3.2  TimeStamp: 2026/03/11-11:43:25-GMT  BuildTime: Aug  4 2022 06:17:15  BuildStamp: freesurfer-linux-ubuntu22_x86_64-7.3.2-20220804-6354275  User: oesteban  Machine: dna013  Platform: Linux  PlatformVersion: 5.14.0-427.37.1.el9_4.x86_64  CompilerName: GCC  CompilerVersion: 8.4.0
ProgramName: mris_divide_parcellation  ProgramArguments: mris_divide_parcellation -all-info  ProgramVersion: 7.3.2  TimeStamp: 2026/03/11-11:43:25-GMT  BuildTime: Aug  4 2022 06:17:15  BuildStamp: freesurfer-linux-ubuntu22_x86_64-7.3.2-20220804-6354275  User: oesteban  Machine: dna013  Platform: Linux  PlatformVersion: 5.14.0-427.37.1.el9_4.x86_64  CompilerName: GCC  CompilerVersion: 8.4.0
ProgramName: mri_segment  ProgramArguments: mri_segment -all-info  ProgramVersion: 7.3.2  TimeStamp: 2026/03/11-11:43:25-GMT  BuildTime: Aug  4 2022 06:17:15  BuildStamp: freesurfer-linux-ubuntu22_x86_64-7.3.2-20220804-6354275  User: oesteban  Machine: dna013  Platform: Linux  PlatformVersion: 5.14.0-427.37.1.el9_4.x86_64  CompilerName: GCC  CompilerVersion: 8.4.0
ProgramName: mri_segstats  ProgramArguments: mri_segstats -all-info  ProgramVersion: 7.3.2  TimeStamp: 2026/03/11-11:43:25-GMT  BuildTime: Aug  4 2022 06:17:15  BuildStamp: freesurfer-linux-ubuntu22_x86_64-7.3.2-20220804-6354275  User: oesteban  Machine: dna013  Platform: Linux  PlatformVersion: 5.14.0-427.37.1.el9_4.x86_64  CompilerName: GCC  CompilerVersion: 8.4.0
ProgramName: mris_euler_number  ProgramArguments: mris_euler_number -all-info  ProgramVersion: 7.3.2  TimeStamp: 2026/03/11-11:43:25-GMT  BuildTime: Aug  4 2022 06:17:15  BuildStamp: freesurfer-linux-ubuntu22_x86_64-7.3.2-20220804-6354275  User: oesteban  Machine: dna013  Platform: Linux  PlatformVersion: 5.14.0-427.37.1.el9_4.x86_64  CompilerName: GCC  CompilerVersion: 8.4.0
ProgramName: mris_fix_topology  ProgramArguments: mris_fix_topology -all-info  ProgramVersion: 7.3.2  TimeStamp: 2026/03/11-11:43:25-GMT  BuildTime: Aug  4 2022 06:17:15  BuildStamp: freesurfer-linux-ubuntu22_x86_64-7.3.2-20220804-6354275  User: oesteban  Machine: dna013  Platform: Linux  PlatformVersion: 5.14.0-427.37.1.el9_4.x86_64  CompilerName: GCC  CompilerVersion: 8.4.0
ProgramName: mris_topo_fixer  ProgramArguments: mris_topo_fixer -all-info  ProgramVersion: 7.3.2  TimeStamp: 2026/03/11-11:43:25-GMT  BuildTime: Aug  4 2022 06:17:15  BuildStamp: freesurfer-linux-ubuntu22_x86_64-7.3.2-20220804-6354275  User: oesteban  Machine: dna013  Platform: Linux  PlatformVersion: 5.14.0-427.37.1.el9_4.x86_64  CompilerName: GCC  CompilerVersion: 8.4.0
ProgramName: mris_jacobian  ProgramArguments: mris_jacobian -all-info  ProgramVersion: 7.3.2  TimeStamp: 2026/03/11-11:43:25-GMT  BuildTime: Aug  4 2022 06:17:15  BuildStamp: freesurfer-linux-ubuntu22_x86_64-7.3.2-20220804-6354275  User: oesteban  Machine: dna013  Platform: Linux  PlatformVersion: 5.14.0-427.37.1.el9_4.x86_64  CompilerName: GCC  CompilerVersion: 8.4.0
ProgramName: mris_label2annot  ProgramArguments: mris_label2annot -all-info  ProgramVersion: 7.3.2  TimeStamp: 2026/03/11-11:43:25-GMT  BuildTime: Aug  4 2022 06:17:15  BuildStamp: freesurfer-linux-ubuntu22_x86_64-7.3.2-20220804-6354275  User: oesteban  Machine: dna013  Platform: Linux  PlatformVersion: 5.14.0-427.37.1.el9_4.x86_64  CompilerName: GCC  CompilerVersion: 8.4.0
ProgramName: mris_left_right_register  ProgramArguments: mris_left_right_register -all-info  ProgramVersion: 7.3.2  TimeStamp: 2026/03/11-11:43:25-GMT  BuildTime: Aug  4 2022 06:17:15  BuildStamp: freesurfer-linux-ubuntu22_x86_64-7.3.2-20220804-6354275  User: oesteban  Machine: dna013  Platform: Linux  PlatformVersion: 5.14.0-427.37.1.el9_4.x86_64  CompilerName: GCC  CompilerVersion: 8.4.0
ProgramName: mris_place_surface  ProgramArguments: mris_place_surface -all-info  ProgramVersion: 7.3.2  TimeStamp: 2026/03/11-11:43:25-GMT  BuildTime: Aug  4 2022 06:17:15  BuildStamp: freesurfer-linux-ubuntu22_x86_64-7.3.2-20220804-6354275  User: oesteban  Machine: dna013  Platform: Linux  PlatformVersion: 5.14.0-427.37.1.el9_4.x86_64  CompilerName: GCC  CompilerVersion: 8.4.0
ProgramName: mrisp_paint  ProgramArguments: mrisp_paint -all-info  ProgramVersion: 7.3.2  TimeStamp: 2026/03/11-11:43:25-GMT  BuildTime: Aug  4 2022 06:17:15  BuildStamp: freesurfer-linux-ubuntu22_x86_64-7.3.2-20220804-6354275  User: oesteban  Machine: dna013  Platform: Linux  PlatformVersion: 5.14.0-427.37.1.el9_4.x86_64  CompilerName: GCC  CompilerVersion: 8.4.0
ProgramName: mris_register  ProgramArguments: mris_register -all-info  ProgramVersion: 7.3.2  TimeStamp: 2026/03/11-11:43:25-GMT  BuildTime: Aug  4 2022 06:17:15  BuildStamp: freesurfer-linux-ubuntu22_x86_64-7.3.2-20220804-6354275  User: oesteban  Machine: dna013  Platform: Linux  PlatformVersion: 5.14.0-427.37.1.el9_4.x86_64  CompilerName: GCC  CompilerVersion: 8.4.0
ProgramName: mris_smooth  ProgramArguments: mris_smooth -all-info  ProgramVersion: 7.3.2  TimeStamp: 2026/03/11-11:43:25-GMT  BuildTime: Aug  4 2022 06:17:15  BuildStamp: freesurfer-linux-ubuntu22_x86_64-7.3.2-20220804-6354275  User: oesteban  Machine: dna013  Platform: Linux  PlatformVersion: 5.14.0-427.37.1.el9_4.x86_64  CompilerName: GCC  CompilerVersion: 8.4.0
ProgramName: mris_sphere  ProgramArguments: mris_sphere -all-info  ProgramVersion: 7.3.2  TimeStamp: 2026/03/11-11:43:25-GMT  BuildTime: Aug  4 2022 06:17:15  BuildStamp: freesurfer-linux-ubuntu22_x86_64-7.3.2-20220804-6354275  User: oesteban  Machine: dna013  Platform: Linux  PlatformVersion: 5.14.0-427.37.1.el9_4.x86_64  CompilerName: GCC  CompilerVersion: 8.4.0
ProgramName: mris_surface_stats  ProgramArguments: mris_surface_stats -all-info  ProgramVersion: 7.3.2  TimeStamp: 2026/03/11-11:43:25-GMT  BuildTime: Aug  4 2022 06:17:15  BuildStamp: freesurfer-linux-ubuntu22_x86_64-7.3.2-20220804-6354275  User: oesteban  Machine: dna013  Platform: Linux  PlatformVersion: 5.14.0-427.37.1.el9_4.x86_64  CompilerName: GCC  CompilerVersion: 8.4.0
ProgramName: mri_stats2seg  ProgramArguments: mri_stats2seg -all-info  ProgramVersion: 7.3.2  TimeStamp: 2026/03/11-11:43:25-GMT  BuildTime: Aug  4 2022 06:17:15  BuildStamp: freesurfer-linux-ubuntu22_x86_64-7.3.2-20220804-6354275  User: oesteban  Machine: dna013  Platform: Linux  PlatformVersion: 5.14.0-427.37.1.el9_4.x86_64  CompilerName: GCC  CompilerVersion: 8.4.0
ProgramName: mris_thickness  ProgramArguments: mris_thickness -all-info  ProgramVersion: 7.3.2  TimeStamp: 2026/03/11-11:43:25-GMT  BuildTime: Aug  4 2022 06:17:15  BuildStamp: freesurfer-linux-ubuntu22_x86_64-7.3.2-20220804-6354275  User: oesteban  Machine: dna013  Platform: Linux  PlatformVersion: 5.14.0-427.37.1.el9_4.x86_64  CompilerName: GCC  CompilerVersion: 8.4.0
ProgramName: mris_thickness_diff  ProgramArguments: mris_thickness_diff -all-info  ProgramVersion: 7.3.2  TimeStamp: 2026/03/11-11:43:25-GMT  BuildTime: Aug  4 2022 06:17:15  BuildStamp: freesurfer-linux-ubuntu22_x86_64-7.3.2-20220804-6354275  User: oesteban  Machine: dna013  Platform: Linux  PlatformVersion: 5.14.0-427.37.1.el9_4.x86_64  CompilerName: GCC  CompilerVersion: 8.4.0
ProgramName: mris_topo_fixer  ProgramArguments: mris_topo_fixer -all-info  ProgramVersion: 7.3.2  TimeStamp: 2026/03/11-11:43:25-GMT  BuildTime: Aug  4 2022 06:17:15  BuildStamp: freesurfer-linux-ubuntu22_x86_64-7.3.2-20220804-6354275  User: oesteban  Machine: dna013  Platform: Linux  PlatformVersion: 5.14.0-427.37.1.el9_4.x86_64  CompilerName: GCC  CompilerVersion: 8.4.0
ProgramName: mri_surf2surf  ProgramArguments: mri_surf2surf -all-info  ProgramVersion: 7.3.2  TimeStamp: 2026/03/11-11:43:25-GMT  BuildTime: Aug  4 2022 06:17:15  BuildStamp: freesurfer-linux-ubuntu22_x86_64-7.3.2-20220804-6354275  User: oesteban  Machine: dna013  Platform: Linux  PlatformVersion: 5.14.0-427.37.1.el9_4.x86_64  CompilerName: GCC  CompilerVersion: 8.4.0
ProgramName: mri_surf2vol  ProgramArguments: mri_surf2vol -all-info  ProgramVersion: 7.3.2  TimeStamp: 2026/03/11-11:43:25-GMT  BuildTime: Aug  4 2022 06:17:15  BuildStamp: freesurfer-linux-ubuntu22_x86_64-7.3.2-20220804-6354275  User: oesteban  Machine: dna013  Platform: Linux  PlatformVersion: 5.14.0-427.37.1.el9_4.x86_64  CompilerName: GCC  CompilerVersion: 8.4.0
ProgramName: mri_surfcluster  ProgramArguments: mri_surfcluster -all-info  ProgramVersion: 7.3.2  TimeStamp: 2026/03/11-11:43:25-GMT  BuildTime: Aug  4 2022 06:17:15  BuildStamp: freesurfer-linux-ubuntu22_x86_64-7.3.2-20220804-6354275  User: oesteban  Machine: dna013  Platform: Linux  PlatformVersion: 5.14.0-427.37.1.el9_4.x86_64  CompilerName: GCC  CompilerVersion: 8.4.0
ProgramName: mris_volmask  ProgramArguments: mris_volmask -all-info  ProgramVersion: 7.3.2  TimeStamp: 2026/03/11-11:43:25-GMT  BuildTime: Aug  4 2022 06:17:15  BuildStamp: freesurfer-linux-ubuntu22_x86_64-7.3.2-20220804-6354275  User: oesteban  Machine: dna013  Platform: Linux  PlatformVersion: 5.14.0-427.37.1.el9_4.x86_64  CompilerName: GCC  CompilerVersion: 8.4.0
ProgramName: mri_tessellate  ProgramArguments: mri_tessellate -all-info  ProgramVersion: 7.3.2  TimeStamp: 2026/03/11-11:43:25-GMT  BuildTime: Aug  4 2022 06:17:15  BuildStamp: freesurfer-linux-ubuntu22_x86_64-7.3.2-20220804-6354275  User: oesteban  Machine: dna013  Platform: Linux  PlatformVersion: 5.14.0-427.37.1.el9_4.x86_64  CompilerName: GCC  CompilerVersion: 8.4.0
ProgramName: mri_vol2surf  ProgramArguments: mri_vol2surf -all-info  ProgramVersion: 7.3.2  TimeStamp: 2026/03/11-11:43:25-GMT  BuildTime: Aug  4 2022 06:17:15  BuildStamp: freesurfer-linux-ubuntu22_x86_64-7.3.2-20220804-6354275  User: oesteban  Machine: dna013  Platform: Linux  PlatformVersion: 5.14.0-427.37.1.el9_4.x86_64  CompilerName: GCC  CompilerVersion: 8.4.0
ProgramName: mri_vol2vol  ProgramArguments: mri_vol2vol -all-info  ProgramVersion: 7.3.2  TimeStamp: 2026/03/11-11:43:25-GMT  BuildTime: Aug  4 2022 06:17:15  BuildStamp: freesurfer-linux-ubuntu22_x86_64-7.3.2-20220804-6354275  User: oesteban  Machine: dna013  Platform: Linux  PlatformVersion: 5.14.0-427.37.1.el9_4.x86_64  CompilerName: GCC  CompilerVersion: 8.4.0
ProgramName: mri_voldiff  ProgramArguments: mri_voldiff -all-info  ProgramVersion: 7.3.2  TimeStamp: 2026/03/11-11:43:25-GMT  BuildTime: Aug  4 2022 06:17:15  BuildStamp: freesurfer-linux-ubuntu22_x86_64-7.3.2-20220804-6354275  User: oesteban  Machine: dna013  Platform: Linux  PlatformVersion: 5.14.0-427.37.1.el9_4.x86_64  CompilerName: GCC  CompilerVersion: 8.4.0
ProgramName: mri_watershed  ProgramArguments: mri_watershed -all-info  ProgramVersion: 7.3.2  TimeStamp: 2026/03/11-11:43:25-GMT  BuildTime: Aug  4 2022 06:17:15  BuildStamp: freesurfer-linux-ubuntu22_x86_64-7.3.2-20220804-6354275  User: oesteban  Machine: dna013  Platform: Linux  PlatformVersion: 5.14.0-427.37.1.el9_4.x86_64  CompilerName: GCC  CompilerVersion: 8.4.0
ProgramName: tkregister2  ProgramArguments: tkregister2_cmdl -all-info  ProgramVersion: 7.3.2  TimeStamp: 2026/03/11-11:43:25-GMT  BuildTime: Aug  4 2022 06:17:15  BuildStamp: freesurfer-linux-ubuntu22_x86_64-7.3.2-20220804-6354275  User: oesteban  Machine: dna013  Platform: Linux  PlatformVersion: 5.14.0-427.37.1.el9_4.x86_64  CompilerName: GCC  CompilerVersion: 8.4.0
mri_motion_correct.fsl 7.3.2
mri_convert -all-info 
ProgramName: mri_convert  ProgramArguments: mri_convert -all-info  ProgramVersion: 7.3.2  TimeStamp: 2026/03/11-11:43:25-GMT  BuildTime: Aug  4 2022 06:17:15  BuildStamp: freesurfer-linux-ubuntu22_x86_64-7.3.2-20220804-6354275  User: oesteban  Machine: dna013  Platform: Linux  PlatformVersion: 5.14.0-427.37.1.el9_4.x86_64  CompilerName: GCC  CompilerVersion: 8.4.0
Program nu_correct, built from:
Package MNI N3, version 1.12.0, compiled by nicks@terrier (x86_64-unknown-linux-gnu) on 2015-06-19 at 01:25:34
#######################################
GCADIR /opt/freesurfer/average
GCA RB_all_2020-01-02.gca
GCASkull RB_all_withskull_2020_01_02.gca
AvgCurvTif folding.atlas.acfb40.noaparc.i12.2016-08-02.tif
GCSDIR /opt/freesurfer/average
GCS DKaparc.atlas.acfb40.noaparc.i12.2016-08-02.gcs
#######################################
#--------------------------------------------
#@# AutoDetGWStats rh Wed Mar 11 12:43:25 CET 2026
cd /out/sourcedata/freesurfer/sub-v2s16x51231_ses-1/mri
mris_autodet_gwstats --o ../surf/autodet.gw.stats.rh.dat --i brain.finalsurfs.mgz --wm wm.mgz --surf ../surf/rh.orig.premesh
  Update not needed
#--------------------------------------------
#@# WhitePreAparc rh Wed Mar 11 12:43:25 CET 2026
cd /out/sourcedata/freesurfer/sub-v2s16x51231_ses-1/mri
mris_place_surface --adgws-in ../surf/autodet.gw.stats.rh.dat --wm wm.mgz --threads 16 --invol brain.finalsurfs.mgz --rh --i ../surf/rh.orig --o ../surf/rh.white.preaparc --white --seg aseg.presurf.mgz --nsmooth 5
   Update not needed
#--------------------------------------------
#@# CortexLabel rh Wed Mar 11 12:43:25 CET 2026
cd /out/sourcedata/freesurfer/sub-v2s16x51231_ses-1/mri
mri_label2label --label-cortex ../surf/rh.white.preaparc aseg.presurf.mgz 0 ../label/rh.cortex.label
   Update not needed
#--------------------------------------------
#@# CortexLabel+HipAmyg rh Wed Mar 11 12:43:25 CET 2026
cd /out/sourcedata/freesurfer/sub-v2s16x51231_ses-1/mri
mri_label2label --label-cortex ../surf/rh.white.preaparc aseg.presurf.mgz 1 ../label/rh.cortex+hipamyg.label
   Update not needed
#@# white curv rh Wed Mar 11 12:43:25 CET 2026
cd /out/sourcedata/freesurfer/sub-v2s16x51231_ses-1/mri
mris_place_surface --curv-map ../surf/rh.white 2 10 ../surf/rh.curv
   Update not needed
#@# white area rh Wed Mar 11 12:43:25 CET 2026
cd /out/sourcedata/freesurfer/sub-v2s16x51231_ses-1/mri
mris_place_surface --area-map ../surf/rh.white ../surf/rh.area
   Update not needed
#@# pial curv rh Wed Mar 11 12:43:25 CET 2026
cd /out/sourcedata/freesurfer/sub-v2s16x51231_ses-1/mri
mris_place_surface --curv-map ../surf/rh.pial 2 10 ../surf/rh.curv.pial
   Update not needed
#@# pial area rh Wed Mar 11 12:43:25 CET 2026
cd /out/sourcedata/freesurfer/sub-v2s16x51231_ses-1/mri
mris_place_surface --area-map ../surf/rh.pial ../surf/rh.area.pial
   Update not needed
#@# thickness rh Wed Mar 11 12:43:25 CET 2026
cd /out/sourcedata/freesurfer/sub-v2s16x51231_ses-1/mri
mris_place_surface --thickness ../surf/rh.white ../surf/rh.pial 20 5 ../surf/rh.thickness
   Update not needed
#@# area and vertex vol rh Wed Mar 11 12:43:25 CET 2026
cd /out/sourcedata/freesurfer/sub-v2s16x51231_ses-1/mri
mris_place_surface --thickness ../surf/rh.white ../surf/rh.pial 20 5 ../surf/rh.thickness
   Update not needed
#-----------------------------------------
#@# Parcellation Stats rh Wed Mar 11 12:43:25 CET 2026
/out/sourcedata/freesurfer/sub-v2s16x51231_ses-1/scripts

 mris_anatomical_stats -th3 -mgz -noglobal -cortex ../label/rh.cortex.label -f ../stats/rh.aparc.stats -b -a ../label/rh.aparc.annot -c ../label/aparc.annot.ctab sub-v2s16x51231_ses-1 rh white 

computing statistics for each annotation in ../label/rh.aparc.annot.
reading volume /out/sourcedata/freesurfer/sub-v2s16x51231_ses-1/mri/wm.mgz...
reading input surface /out/sourcedata/freesurfer/sub-v2s16x51231_ses-1/surf/rh.white...
reading input pial surface /out/sourcedata/freesurfer/sub-v2s16x51231_ses-1/surf/rh.pial...
reading input white surface /out/sourcedata/freesurfer/sub-v2s16x51231_ses-1/surf/rh.white...
INFO: using TH3 volume calc
INFO: assuming MGZ format for volumes.
INFO: not computing global stats
INFO: using ../label/rh.cortex.label as mask to calc cortex NumVert, SurfArea and MeanThickness.
Using TH3 vertex volume calc
Total face volume 278176
Total vertex volume 277948 (mask=0)
Saving annotation colortable ../label/aparc.annot.ctab

table columns are:
    number of vertices
    total surface area (mm^2)
    total gray matter volume (mm^3)
    average cortical thickness +- standard deviation (mm)
    integrated rectified mean curvature
    integrated rectified Gaussian curvature
    folding index
    intrinsic curvature index
    structure name

 1329    883   2225  2.621 0.529     0.091     0.017        7     0.9  bankssts
  876    550   1412  2.332 0.603     0.094     0.009        7     0.4  caudalanteriorcingulate
 3250   2337   6572  2.683 0.533     0.116     0.019       32     3.1  caudalmiddlefrontal
 2617   1796   4192  2.061 0.489     0.135     0.027       32     3.2  cuneus
  844    616   3597  3.655 0.890     0.140     0.031       10     1.2  entorhinal
 4538   3100  10698  3.053 0.691     0.113     0.021       43     3.9  fusiform
10975   7599  23981  2.731 0.651     0.114     0.023      102    10.5  inferiorparietal
 4868   3645  13098  2.994 0.732     0.122     0.028       59     5.8  inferiortemporal
 1658   1128   3683  2.585 0.854     0.112     0.022       18     1.6  isthmuscingulate
 8811   6104  15714  2.366 0.596     0.129     0.024      101     9.1  lateraloccipital
 3295   2289   7035  2.692 0.892     0.121     0.027       35     3.8  lateralorbitofrontal
 5566   4104  10426  2.390 0.653     0.139     0.026       69     6.5  lingual
 2859   2065   5786  2.409 0.736     0.129     0.036       56     4.4  medialorbitofrontal
 5305   3930  13561  2.750 0.706     0.124     0.025       58     6.0  middletemporal
 1152    730   2734  2.947 1.096     0.087     0.014        8     0.6  parahippocampal
 2433   1518   4871  2.899 0.751     0.085     0.011       12     1.3  paracentral
 1668   1224   4006  2.903 0.615     0.112     0.021       18     1.5  parsopercularis
 1283    968   3420  2.717 0.875     0.128     0.029       18     1.6  parsorbitalis
 1860   1329   3911  2.388 0.699     0.101     0.019       17     1.4  parstriangularis
 2878   2055   3712  1.954 0.499     0.126     0.026       29     3.2  pericalcarine
 6269   4121   9360  2.061 0.733     0.094     0.016       44     4.0  postcentral
 1717   1163   3602  2.740 0.764     0.100     0.015       15     1.2  posteriorcingulate
 7553   4962  14980  2.781 0.552     0.096     0.016       52     5.0  precentral
 6667   4534  12875  2.690 0.665     0.107     0.021       56     5.5  precuneus
  756    561   2018  3.016 0.794     0.123     0.024        9     1.0  rostralanteriorcingulate
 7931   5872  15922  2.278 0.710     0.126     0.028      118     9.3  rostralmiddlefrontal
10946   7589  25093  2.837 0.729     0.108     0.019       97     8.4  superiorfrontal
 8553   5662  13660  2.171 0.628     0.103     0.016       69     5.9  superiorparietal
 5509   3667  13095  3.067 0.744     0.085     0.014       37     3.4  superiortemporal
 5023   3303  10591  2.787 0.894     0.094     0.015       35     3.3  supramarginal
  459    348   1024  2.315 0.489     0.143     0.029       10     0.6  frontalpole
  612    514   2603  3.538 0.694     0.134     0.030       10     0.8  temporalpole
  524    366    899  2.328 0.520     0.133     0.019        7     0.4  transversetemporal
 3111   2091   7592  3.532 0.710     0.099     0.020       23     2.3  insula

 mris_anatomical_stats -th3 -mgz -noglobal -cortex ../label/rh.cortex.label -f ../stats/rh.aparc.pial.stats -b -a ../label/rh.aparc.annot -c ../label/aparc.annot.ctab sub-v2s16x51231_ses-1 rh pial 

computing statistics for each annotation in ../label/rh.aparc.annot.
reading volume /out/sourcedata/freesurfer/sub-v2s16x51231_ses-1/mri/wm.mgz...
reading input surface /out/sourcedata/freesurfer/sub-v2s16x51231_ses-1/surf/rh.pial...
reading input pial surface /out/sourcedata/freesurfer/sub-v2s16x51231_ses-1/surf/rh.pial...
reading input white surface /out/sourcedata/freesurfer/sub-v2s16x51231_ses-1/surf/rh.white...
INFO: using TH3 volume calc
INFO: assuming MGZ format for volumes.
INFO: not computing global stats
INFO: using ../label/rh.cortex.label as mask to calc cortex NumVert, SurfArea and MeanThickness.
Using TH3 vertex volume calc
Total face volume 278176
Total vertex volume 277948 (mask=0)
Saving annotation colortable ../label/aparc.annot.ctab

table columns are:
    number of vertices
    total surface area (mm^2)
    total gray matter volume (mm^3)
    average cortical thickness +- standard deviation (mm)
    integrated rectified mean curvature
    integrated rectified Gaussian curvature
    folding index
    intrinsic curvature index
    structure name

 1329    827   2225  2.621 0.529     0.116     0.034       50     1.6  bankssts
  876    631   1412  2.332 0.603     0.118     0.026        8     1.0  caudalanteriorcingulate
 3250   2647   6572  2.683 0.533     0.131     0.062       44     4.1  caudalmiddlefrontal
 2617   2373   4192  2.061 0.489     0.148     0.037       46     4.0  cuneus
  844   1279   3597  3.655 0.890     0.299     0.085       28     2.9  entorhinal
 4538   3776  10698  3.053 0.691     0.127     0.033       76     5.8  fusiform
10975   9899  23981  2.731 0.651     0.142     0.032      243    15.0  inferiorparietal
 4868   5100  13098  2.994 0.732     0.168     0.037       98     8.1  inferiortemporal
 1658   1633   3683  2.585 0.854     0.171     0.041       72     3.1  isthmuscingulate
 8811   7323  15714  2.366 0.596     0.128     0.030      358    10.7  lateraloccipital
 3295   2916   7035  2.692 0.892     0.160     0.038       60     5.4  lateralorbitofrontal
 5566   5011  10426  2.390 0.653     0.153     0.042      129     9.5  lingual
 2859   2773   5786  2.409 0.736     0.158     0.035       43     4.6  medialorbitofrontal
 5305   5710  13561  2.750 0.706     0.166     0.032      101     7.8  middletemporal
 1152   1044   2734  2.947 1.096     0.143     0.038       16     1.9  parahippocampal
 2433   1781   4871  2.899 0.751     0.099     0.020       45     2.1  paracentral
 1668   1558   4006  2.903 0.615     0.152     0.031       23     2.3  parsopercularis
 1283   1481   3420  2.717 0.875     0.182     0.040       18     2.3  parsorbitalis
 1860   1870   3911  2.388 0.699     0.150     0.027       16     2.4  parstriangularis
 2878   1910   3712  1.954 0.499     0.119     0.031       76     3.4  pericalcarine
 6269   5033   9360  2.061 0.733     0.118     0.025      132     6.3  postcentral
 1717   1447   3602  2.740 0.764     0.143     0.037       71     2.6  posteriorcingulate
 7553   5614  14980  2.781 0.552     0.104     0.020      306     6.2  precentral
 6667   5081  12875  2.690 0.665     0.132     0.033      116     8.9  precuneus
  756    754   2018  3.016 0.794     0.156     0.034       12     1.1  rostralanteriorcingulate
 7931   8008  15922  2.278 0.710     0.170     0.035      124    12.9  rostralmiddlefrontal
10946   9693  25093  2.837 0.729     0.137     0.029      156    13.5  superiorfrontal
 8553   6706  13660  2.171 0.628     0.116     0.022       94     8.1  superiorparietal
 5509   4806  13095  3.067 0.744     0.125     0.024       52     6.0  superiortemporal
 5023   4094  10591  2.787 0.894     0.126     0.027       82     6.0  supramarginal
  459    544   1024  2.315 0.489     0.187     0.032        6     0.7  frontalpole
  612    965   2603  3.538 0.694     0.231     0.036       16     1.2  temporalpole
  524    432    899  2.328 0.520     0.127     0.028        7     0.7  transversetemporal
 3111   2014   7592  3.532 0.710     0.141     0.040      204     4.7  insula
#-----------------------------------------
#@# Parcellation Stats 2 rh Wed Mar 11 12:43:44 CET 2026
/out/sourcedata/freesurfer/sub-v2s16x51231_ses-1/scripts

 mris_anatomical_stats -th3 -mgz -noglobal -cortex ../label/rh.cortex.label -f ../stats/rh.aparc.a2009s.stats -b -a ../label/rh.aparc.a2009s.annot -c ../label/aparc.annot.a2009s.ctab sub-v2s16x51231_ses-1 rh white 

computing statistics for each annotation in ../label/rh.aparc.a2009s.annot.
reading volume /out/sourcedata/freesurfer/sub-v2s16x51231_ses-1/mri/wm.mgz...
reading input surface /out/sourcedata/freesurfer/sub-v2s16x51231_ses-1/surf/rh.white...
reading input pial surface /out/sourcedata/freesurfer/sub-v2s16x51231_ses-1/surf/rh.pial...
reading input white surface /out/sourcedata/freesurfer/sub-v2s16x51231_ses-1/surf/rh.white...
INFO: using TH3 volume calc
INFO: assuming MGZ format for volumes.
INFO: not computing global stats
INFO: using ../label/rh.cortex.label as mask to calc cortex NumVert, SurfArea and MeanThickness.
Using TH3 vertex volume calc
Total face volume 278176
Total vertex volume 277948 (mask=0)
Saving annotation colortable ../label/aparc.annot.a2009s.ctab

table columns are:
    number of vertices
    total surface area (mm^2)
    total gray matter volume (mm^3)
    average cortical thickness +- standard deviation (mm)
    integrated rectified mean curvature
    integrated rectified Gaussian curvature
    folding index
    intrinsic curvature index
    structure name

  954    699   1870  2.312 0.757     0.128     0.031       14     1.3  G_and_S_frontomargin
 1391   1026   2925  2.649 0.577     0.131     0.026       17     1.6  G_and_S_occipital_inf
 1466    902   2722  2.507 0.813     0.098     0.016       10     1.1  G_and_S_paracentral
 1312    925   3195  3.021 0.624     0.111     0.020       13     1.0  G_and_S_subcentral
 1001    727   2147  2.330 0.677     0.134     0.031       17     1.2  G_and_S_transv_frontopol
 3186   2219   6341  2.580 0.720     0.108     0.021       35     3.0  G_and_S_cingul-Ant
 1626   1059   3192  2.762 0.707     0.094     0.011       10     0.7  G_and_S_cingul-Mid-Ant
 1382    927   2815  2.859 0.638     0.080     0.013        7     0.7  G_and_S_cingul-Mid-Post
  681    460   2266  3.470 0.527     0.133     0.025        8     0.8  G_cingul-Post-dorsal
  364    274   1206  3.025 0.804     0.137     0.035        6     0.6  G_cingul-Post-ventral
 2392   1660   3671  1.970 0.493     0.136     0.027       30     2.9  G_cuneus
 1127    856   3442  2.977 0.508     0.135     0.027       20     1.4  G_front_inf-Opercular
  472    367   1534  2.889 0.539     0.143     0.038        8     0.8  G_front_inf-Orbital
  688    521   1966  2.735 0.738     0.111     0.023        9     0.5  G_front_inf-Triangul
 3838   2984  10003  2.619 0.683     0.143     0.033       74     5.5  G_front_middle
 6493   4641  18126  3.088 0.697     0.120     0.023       78     6.3  G_front_sup
  553    362   1672  3.813 0.705     0.096     0.019        5     0.3  G_Ins_lg_and_S_cent_ins
  539    392   2173  4.006 0.739     0.130     0.043        8     0.9  G_insular_short
 3470   2427   8492  2.778 0.675     0.133     0.027       45     3.9  G_occipital_middle
 1424    958   3044  2.520 0.438     0.130     0.025       17     1.5  G_occipital_sup
 1870   1280   5551  3.313 0.637     0.133     0.028       28     2.2  G_oc-temp_lat-fusifor
 3466   2669   7379  2.344 0.696     0.150     0.030       50     4.7  G_oc-temp_med-Lingual
 1581   1059   6092  3.694 0.929     0.116     0.024       17     1.5  G_oc-temp_med-Parahip
 2500   1881   7687  2.935 0.940     0.139     0.033       48     3.8  G_orbital
 3696   2570   9664  2.762 0.745     0.121     0.026       47     3.9  G_pariet_inf-Angular
 2670   1774   7609  3.174 0.867     0.105     0.020       27     2.2  G_pariet_inf-Supramar
 2692   1813   5294  2.265 0.694     0.107     0.019       27     2.1  G_parietal_sup
 2300   1495   3627  1.975 0.645     0.106     0.019       22     1.9  G_postcentral
 2791   1848   7637  3.055 0.511     0.109     0.020       27     2.4  G_precentral
 2898   2025   7135  2.725 0.722     0.122     0.024       36     2.8  G_precuneus
  707    548   1713  2.403 0.605     0.138     0.029       19     0.9  G_rectus
  622    450   1180  2.684 0.812     0.179     0.077       12     1.9  G_subcallosal
  379    258    763  2.431 0.575     0.119     0.019        5     0.3  G_temp_sup-G_T_transv
 1822   1268   5979  3.278 0.709     0.112     0.022       21     1.9  G_temp_sup-Lateral
  787    535   2080  3.574 0.648     0.075     0.012        3     0.3  G_temp_sup-Plan_polar
  948    629   1821  2.691 0.706     0.066     0.008        3     0.4  G_temp_sup-Plan_tempo
 2638   2134   8896  3.112 0.756     0.149     0.036       43     4.5  G_temporal_inf
 3149   2468  10049  2.844 0.767     0.143     0.032       45     4.6  G_temporal_middle
  318    210    347  1.883 0.519     0.078     0.009        1     0.1  Lat_Fis-ant-Horizont
  213    148    347  2.665 0.358     0.109     0.011        1     0.1  Lat_Fis-ant-Vertical
 1445    959   2113  2.909 0.710     0.093     0.013        7     0.9  Lat_Fis-post
 3842   2731   6345  2.107 0.544     0.143     0.027       51     4.8  Pole_occipital
 1453   1210   5390  3.229 0.666     0.149     0.034       25     2.0  Pole_temporal
 3193   2208   4377  2.259 0.657     0.116     0.023       28     3.2  S_calcarine
 3349   2180   3742  2.014 0.642     0.085     0.014       15     1.8  S_central
 1484    959   2211  2.479 0.591     0.082     0.012        7     0.7  S_cingul-Marginalis
  679    459   1007  2.663 0.584     0.104     0.019        3     0.6  S_circular_insula_ant
 1198    776   1808  3.019 0.789     0.072     0.007        4     0.4  S_circular_insula_inf
 1309    882   2257  3.016 0.633     0.096     0.016        6     0.9  S_circular_insula_sup
 1440    921   2399  2.929 0.522     0.072     0.008        5     0.5  S_collat_transv_ant
  642    431    762  2.319 0.424     0.128     0.026        5     0.8  S_collat_transv_post
 1699   1166   2572  2.287 0.530     0.101     0.018       14     1.1  S_front_inf
 2127   1534   3301  2.040 0.641     0.109     0.021       19     1.8  S_front_middle
 2979   1990   4496  2.377 0.658     0.091     0.014       15     1.9  S_front_sup
  367    243    468  2.165 0.606     0.073     0.008        1     0.1  S_interm_prim-Jensen
 4045   2650   5018  2.047 0.531     0.087     0.012       20     2.1  S_intrapariet_and_P_trans
 1076    727   1398  2.229 0.439     0.100     0.016        6     0.8  S_oc_middle_and_Lunatus
 1639   1089   2428  2.375 0.449     0.105     0.018       10     1.3  S_oc_sup_and_transversal
  795    553   1599  2.632 0.656     0.106     0.017        6     0.5  S_occipital_ant
 1058    753   2225  2.922 0.608     0.118     0.024       11     1.0  S_oc-temp_lat
 2164   1416   3273  2.597 0.665     0.090     0.014       11     1.1  S_oc-temp_med_and_Lingual
  470    319    555  1.945 0.588     0.103     0.019        3     0.2  S_orbital_lateral
  633    401    864  2.403 1.028     0.082     0.013        3     0.3  S_orbital_med-olfact
 1157    810   1884  2.378 0.730     0.114     0.022        9     1.0  S_orbital-H_Shaped
 2617   1741   3952  2.540 0.607     0.101     0.018       17     1.9  S_parieto_occipital
 1243    803   1546  1.968 0.650     0.108     0.014       14     0.8  S_pericallosal
 2493   1592   2921  2.032 0.486     0.083     0.011       12     1.2  S_postcentral
 1596   1099   2646  2.713 0.511     0.095     0.014        9     0.9  S_precentral-inf-part
 1623   1047   2328  2.694 0.407     0.071     0.007        5     0.5  S_precentral-sup-part
  435    280    487  2.080 0.686     0.095     0.014        2     0.2  S_suborbital
 1526   1038   2535  2.579 0.493     0.104     0.018        9     1.1  S_subparietal
 1396    945   2127  2.534 0.577     0.100     0.016        9     1.0  S_temporal_inf
 7784   5136  12774  2.708 0.601     0.094     0.015       41     5.1  S_temporal_sup
  333    230    489  2.477 0.470     0.100     0.008        2     0.1  S_temporal_transverse
#-----------------------------------------
#@# Parcellation Stats 3 rh Wed Mar 11 12:43:54 CET 2026
/out/sourcedata/freesurfer/sub-v2s16x51231_ses-1/scripts

 mris_anatomical_stats -th3 -mgz -noglobal -cortex ../label/rh.cortex.label -f ../stats/rh.aparc.DKTatlas.stats -b -a ../label/rh.aparc.DKTatlas.annot -c ../label/aparc.annot.DKTatlas.ctab sub-v2s16x51231_ses-1 rh white 

computing statistics for each annotation in ../label/rh.aparc.DKTatlas.annot.
reading volume /out/sourcedata/freesurfer/sub-v2s16x51231_ses-1/mri/wm.mgz...
reading input surface /out/sourcedata/freesurfer/sub-v2s16x51231_ses-1/surf/rh.white...
reading input pial surface /out/sourcedata/freesurfer/sub-v2s16x51231_ses-1/surf/rh.pial...
reading input white surface /out/sourcedata/freesurfer/sub-v2s16x51231_ses-1/surf/rh.white...
INFO: using TH3 volume calc
INFO: assuming MGZ format for volumes.
INFO: not computing global stats
INFO: using ../label/rh.cortex.label as mask to calc cortex NumVert, SurfArea and MeanThickness.
Using TH3 vertex volume calc
Total face volume 278176
Total vertex volume 277948 (mask=0)
Saving annotation colortable ../label/aparc.annot.DKTatlas.ctab

table columns are:
    number of vertices
    total surface area (mm^2)
    total gray matter volume (mm^3)
    average cortical thickness +- standard deviation (mm)
    integrated rectified mean curvature
    integrated rectified Gaussian curvature
    folding index
    intrinsic curvature index
    structure name

 1006    634   1698  2.399 0.646     0.095     0.009        8     0.5  caudalanteriorcingulate
 3380   2419   6724  2.675 0.531     0.116     0.019       33     3.1  caudalmiddlefrontal
 3157   2168   4981  2.085 0.494     0.130     0.025       36     3.6  cuneus
  762    554   3362  3.704 0.911     0.128     0.030        8     0.9  entorhinal
 4218   2842  10026  3.064 0.696     0.109     0.020       39     3.6  fusiform
10575   7317  23128  2.732 0.650     0.115     0.023      100    10.1  inferiorparietal
 5182   3908  13844  2.999 0.718     0.127     0.028       64     6.3  inferiortemporal
 1649   1118   3603  2.592 0.843     0.111     0.022       17     1.5  isthmuscingulate
 8755   6068  15373  2.338 0.582     0.129     0.024      101     9.0  lateraloccipital
 3605   2554   8105  2.674 0.920     0.125     0.028       50     4.3  lateralorbitofrontal
 5468   4044  10213  2.381 0.648     0.139     0.026       67     6.5  lingual
 1896   1396   3782  2.382 0.769     0.131     0.033       31     2.7  medialorbitofrontal
 6727   4903  16354  2.743 0.687     0.121     0.024       69     7.4  middletemporal
 1227    777   2831  2.961 1.087     0.088     0.014        8     0.6  parahippocampal
 2564   1607   5151  2.913 0.742     0.083     0.011       11     1.3  paracentral
 1973   1440   4904  2.923 0.613     0.113     0.021       22     1.8  parsopercularis
 1150    842   2915  2.693 0.817     0.112     0.022       13     1.3  parsorbitalis
 1764   1249   3185  2.249 0.620     0.105     0.019       17     1.2  parstriangularis
 2841   2016   3709  1.976 0.513     0.127     0.026       29     3.2  pericalcarine
 7036   4621  10448  2.064 0.742     0.096     0.016       50     4.7  postcentral
 1829   1233   3754  2.742 0.758     0.100     0.015       15     1.3  posteriorcingulate
 7190   4736  14569  2.789 0.548     0.096     0.016       50     4.9  precentral
 6834   4680  13702  2.708 0.675     0.110     0.021       63     5.8  precuneus
 1156    827   2732  2.877 0.823     0.126     0.033       17     1.5  rostralanteriorcingulate
 5691   4252  12267  2.364 0.752     0.128     0.029       80     7.0  rostralmiddlefrontal
13761   9643  30109  2.692 0.746     0.112     0.021      150    12.3  superiorfrontal
 7048   4624  10978  2.155 0.613     0.098     0.015       53     4.5  superiorparietal
 6992   4736  17425  3.092 0.752     0.090     0.016       51     4.7  superiortemporal
 4882   3219  10281  2.783 0.892     0.093     0.015       33     3.2  supramarginal
  514    359    897  2.339 0.528     0.130     0.019        6     0.4  transversetemporal
 2863   1937   6897  3.486 0.720     0.100     0.020       21     2.2  insula
/out/sourcedata/freesurfer/sub-v2s16x51231_ses-1/label
#--------------------------------------------
#@# BA_exvivo Labels rh Wed Mar 11 12:44:03 CET 2026

 mri_label2label --srcsubject fsaverage --srclabel /out/sourcedata/freesurfer/fsaverage/label/rh.BA1_exvivo.label --trgsubject sub-v2s16x51231_ses-1 --trglabel ./rh.BA1_exvivo.label --hemi rh --regmethod surface 


srclabel = /out/sourcedata/freesurfer/fsaverage/label/rh.BA1_exvivo.label
srcsubject = fsaverage
trgsubject = sub-v2s16x51231_ses-1
trglabel = ./rh.BA1_exvivo.label
regmethod = surface

srchemi = rh
trghemi = rh
trgsurface = white
srcsurfreg = sphere.reg
trgsurfreg = sphere.reg
usehash = 1
Use ProjAbs  = 0, 0
Use ProjFrac = 0, 0
DoPaint 0

SUBJECTS_DIR    /out/sourcedata/freesurfer
FREESURFER_HOME /opt/freesurfer
Loading source label.
Found 3962 points in source label.
Starting surface-based mapping
Reading source registration 
 /out/sourcedata/freesurfer/fsaverage/surf/rh.sphere.reg
Rescaling ...  original radius = 100
Reading target surface 
 /out/sourcedata/freesurfer/sub-v2s16x51231_ses-1/surf/rh.white
Reading target registration 
 /out/sourcedata/freesurfer/sub-v2s16x51231_ses-1/surf/rh.sphere.reg
Rescaling ...  original radius = 100
Building target registration hash (res=16).
Building source registration hash (res=16).
INFO: found  3962 nlabel points
Performing mapping from target back to the source label 141554
Number of reverse mapping hits = 131
Checking for and removing duplicates
Writing label file ./rh.BA1_exvivo.label 4093
mri_label2label: Done


 mri_label2label --srcsubject fsaverage --srclabel /out/sourcedata/freesurfer/fsaverage/label/rh.BA2_exvivo.label --trgsubject sub-v2s16x51231_ses-1 --trglabel ./rh.BA2_exvivo.label --hemi rh --regmethod surface 


srclabel = /out/sourcedata/freesurfer/fsaverage/label/rh.BA2_exvivo.label
srcsubject = fsaverage
trgsubject = sub-v2s16x51231_ses-1
trglabel = ./rh.BA2_exvivo.label
regmethod = surface

srchemi = rh
trghemi = rh
trgsurface = white
srcsurfreg = sphere.reg
trgsurfreg = sphere.reg
usehash = 1
Use ProjAbs  = 0, 0
Use ProjFrac = 0, 0
DoPaint 0

SUBJECTS_DIR    /out/sourcedata/freesurfer
FREESURFER_HOME /opt/freesurfer
Loading source label.
Found 6687 points in source label.
Starting surface-based mapping
Reading source registration 
 /out/sourcedata/freesurfer/fsaverage/surf/rh.sphere.reg
Rescaling ...  original radius = 100
Reading target surface 
 /out/sourcedata/freesurfer/sub-v2s16x51231_ses-1/surf/rh.white
Reading target registration 
 /out/sourcedata/freesurfer/sub-v2s16x51231_ses-1/surf/rh.sphere.reg
Rescaling ...  original radius = 100
Building target registration hash (res=16).
Building source registration hash (res=16).
INFO: found  6687 nlabel points
Performing mapping from target back to the source label 141554
Number of reverse mapping hits = 159
Checking for and removing duplicates
Writing label file ./rh.BA2_exvivo.label 6846
mri_label2label: Done


 mri_label2label --srcsubject fsaverage --srclabel /out/sourcedata/freesurfer/fsaverage/label/rh.BA3a_exvivo.label --trgsubject sub-v2s16x51231_ses-1 --trglabel ./rh.BA3a_exvivo.label --hemi rh --regmethod surface 


srclabel = /out/sourcedata/freesurfer/fsaverage/label/rh.BA3a_exvivo.label
srcsubject = fsaverage
trgsubject = sub-v2s16x51231_ses-1
trglabel = ./rh.BA3a_exvivo.label
regmethod = surface

srchemi = rh
trghemi = rh
trgsurface = white
srcsurfreg = sphere.reg
trgsurfreg = sphere.reg
usehash = 1
Use ProjAbs  = 0, 0
Use ProjFrac = 0, 0
DoPaint 0

SUBJECTS_DIR    /out/sourcedata/freesurfer
FREESURFER_HOME /opt/freesurfer
Loading source label.
Found 3980 points in source label.
Starting surface-based mapping
Reading source registration 
 /out/sourcedata/freesurfer/fsaverage/surf/rh.sphere.reg
Rescaling ...  original radius = 100
Reading target surface 
 /out/sourcedata/freesurfer/sub-v2s16x51231_ses-1/surf/rh.white
Reading target registration 
 /out/sourcedata/freesurfer/sub-v2s16x51231_ses-1/surf/rh.sphere.reg
Rescaling ...  original radius = 100
Building target registration hash (res=16).
Building source registration hash (res=16).
INFO: found  3980 nlabel points
Performing mapping from target back to the source label 141554
Number of reverse mapping hits = 55
Checking for and removing duplicates
Writing label file ./rh.BA3a_exvivo.label 4035
mri_label2label: Done


 mri_label2label --srcsubject fsaverage --srclabel /out/sourcedata/freesurfer/fsaverage/label/rh.BA3b_exvivo.label --trgsubject sub-v2s16x51231_ses-1 --trglabel ./rh.BA3b_exvivo.label --hemi rh --regmethod surface 


srclabel = /out/sourcedata/freesurfer/fsaverage/label/rh.BA3b_exvivo.label
srcsubject = fsaverage
trgsubject = sub-v2s16x51231_ses-1
trglabel = ./rh.BA3b_exvivo.label
regmethod = surface

srchemi = rh
trghemi = rh
trgsurface = white
srcsurfreg = sphere.reg
trgsurfreg = sphere.reg
usehash = 1
Use ProjAbs  = 0, 0
Use ProjFrac = 0, 0
DoPaint 0

SUBJECTS_DIR    /out/sourcedata/freesurfer
FREESURFER_HOME /opt/freesurfer
Loading source label.
Found 4522 points in source label.
Starting surface-based mapping
Reading source registration 
 /out/sourcedata/freesurfer/fsaverage/surf/rh.sphere.reg
Rescaling ...  original radius = 100
Reading target surface 
 /out/sourcedata/freesurfer/sub-v2s16x51231_ses-1/surf/rh.white
Reading target registration 
 /out/sourcedata/freesurfer/sub-v2s16x51231_ses-1/surf/rh.sphere.reg
Rescaling ...  original radius = 100
Building target registration hash (res=16).
Building source registration hash (res=16).
INFO: found  4522 nlabel points
Performing mapping from target back to the source label 141554
Number of reverse mapping hits = 104
Checking for and removing duplicates
Writing label file ./rh.BA3b_exvivo.label 4626
mri_label2label: Done


 mri_label2label --srcsubject fsaverage --srclabel /out/sourcedata/freesurfer/fsaverage/label/rh.BA4a_exvivo.label --trgsubject sub-v2s16x51231_ses-1 --trglabel ./rh.BA4a_exvivo.label --hemi rh --regmethod surface 


srclabel = /out/sourcedata/freesurfer/fsaverage/label/rh.BA4a_exvivo.label
srcsubject = fsaverage
trgsubject = sub-v2s16x51231_ses-1
trglabel = ./rh.BA4a_exvivo.label
regmethod = surface

srchemi = rh
trghemi = rh
trgsurface = white
srcsurfreg = sphere.reg
trgsurfreg = sphere.reg
usehash = 1
Use ProjAbs  = 0, 0
Use ProjFrac = 0, 0
DoPaint 0

SUBJECTS_DIR    /out/sourcedata/freesurfer
FREESURFER_HOME /opt/freesurfer
Loading source label.
Found 5747 points in source label.
Starting surface-based mapping
Reading source registration 
 /out/sourcedata/freesurfer/fsaverage/surf/rh.sphere.reg
Rescaling ...  original radius = 100
Reading target surface 
 /out/sourcedata/freesurfer/sub-v2s16x51231_ses-1/surf/rh.white
Reading target registration 
 /out/sourcedata/freesurfer/sub-v2s16x51231_ses-1/surf/rh.sphere.reg
Rescaling ...  original radius = 100
Building target registration hash (res=16).
Building source registration hash (res=16).
INFO: found  5747 nlabel points
Performing mapping from target back to the source label 141554
Number of reverse mapping hits = 107
Checking for and removing duplicates
Writing label file ./rh.BA4a_exvivo.label 5854
mri_label2label: Done


 mri_label2label --srcsubject fsaverage --srclabel /out/sourcedata/freesurfer/fsaverage/label/rh.BA4p_exvivo.label --trgsubject sub-v2s16x51231_ses-1 --trglabel ./rh.BA4p_exvivo.label --hemi rh --regmethod surface 


srclabel = /out/sourcedata/freesurfer/fsaverage/label/rh.BA4p_exvivo.label
srcsubject = fsaverage
trgsubject = sub-v2s16x51231_ses-1
trglabel = ./rh.BA4p_exvivo.label
regmethod = surface

srchemi = rh
trghemi = rh
trgsurface = white
srcsurfreg = sphere.reg
trgsurfreg = sphere.reg
usehash = 1
Use ProjAbs  = 0, 0
Use ProjFrac = 0, 0
DoPaint 0

SUBJECTS_DIR    /out/sourcedata/freesurfer
FREESURFER_HOME /opt/freesurfer
Loading source label.
Found 4473 points in source label.
Starting surface-based mapping
Reading source registration 
 /out/sourcedata/freesurfer/fsaverage/surf/rh.sphere.reg
Rescaling ...  original radius = 100
Reading target surface 
 /out/sourcedata/freesurfer/sub-v2s16x51231_ses-1/surf/rh.white
Reading target registration 
 /out/sourcedata/freesurfer/sub-v2s16x51231_ses-1/surf/rh.sphere.reg
Rescaling ...  original radius = 100
Building target registration hash (res=16).
Building source registration hash (res=16).
INFO: found  4473 nlabel points
Performing mapping from target back to the source label 141554
Number of reverse mapping hits = 78
Checking for and removing duplicates
Writing label file ./rh.BA4p_exvivo.label 4551
mri_label2label: Done


 mri_label2label --srcsubject fsaverage --srclabel /out/sourcedata/freesurfer/fsaverage/label/rh.BA6_exvivo.label --trgsubject sub-v2s16x51231_ses-1 --trglabel ./rh.BA6_exvivo.label --hemi rh --regmethod surface 


srclabel = /out/sourcedata/freesurfer/fsaverage/label/rh.BA6_exvivo.label
srcsubject = fsaverage
trgsubject = sub-v2s16x51231_ses-1
trglabel = ./rh.BA6_exvivo.label
regmethod = surface

srchemi = rh
trghemi = rh
trgsurface = white
srcsurfreg = sphere.reg
trgsurfreg = sphere.reg
usehash = 1
Use ProjAbs  = 0, 0
Use ProjFrac = 0, 0
DoPaint 0

SUBJECTS_DIR    /out/sourcedata/freesurfer
FREESURFER_HOME /opt/freesurfer
Loading source label.
Found 12256 points in source label.
Starting surface-based mapping
Reading source registration 
 /out/sourcedata/freesurfer/fsaverage/surf/rh.sphere.reg
Rescaling ...  original radius = 100
Reading target surface 
 /out/sourcedata/freesurfer/sub-v2s16x51231_ses-1/surf/rh.white
Reading target registration 
 /out/sourcedata/freesurfer/sub-v2s16x51231_ses-1/surf/rh.sphere.reg
Rescaling ...  original radius = 100
Building target registration hash (res=16).
Building source registration hash (res=16).
INFO: found  12256 nlabel points
Performing mapping from target back to the source label 141554
Number of reverse mapping hits = 613
Checking for and removing duplicates
Writing label file ./rh.BA6_exvivo.label 12869
mri_label2label: Done


 mri_label2label --srcsubject fsaverage --srclabel /out/sourcedata/freesurfer/fsaverage/label/rh.BA44_exvivo.label --trgsubject sub-v2s16x51231_ses-1 --trglabel ./rh.BA44_exvivo.label --hemi rh --regmethod surface 


srclabel = /out/sourcedata/freesurfer/fsaverage/label/rh.BA44_exvivo.label
srcsubject = fsaverage
trgsubject = sub-v2s16x51231_ses-1
trglabel = ./rh.BA44_exvivo.label
regmethod = surface

srchemi = rh
trghemi = rh
trgsurface = white
srcsurfreg = sphere.reg
trgsurfreg = sphere.reg
usehash = 1
Use ProjAbs  = 0, 0
Use ProjFrac = 0, 0
DoPaint 0

SUBJECTS_DIR    /out/sourcedata/freesurfer
FREESURFER_HOME /opt/freesurfer
Loading source label.
Found 6912 points in source label.
Starting surface-based mapping
Reading source registration 
 /out/sourcedata/freesurfer/fsaverage/surf/rh.sphere.reg
Rescaling ...  original radius = 100
Reading target surface 
 /out/sourcedata/freesurfer/sub-v2s16x51231_ses-1/surf/rh.white
Reading target registration 
 /out/sourcedata/freesurfer/sub-v2s16x51231_ses-1/surf/rh.sphere.reg
Rescaling ...  original radius = 100
Building target registration hash (res=16).
Building source registration hash (res=16).
INFO: found  6912 nlabel points
Performing mapping from target back to the source label 141554
Number of reverse mapping hits = 158
Checking for and removing duplicates
Writing label file ./rh.BA44_exvivo.label 7070
mri_label2label: Done


 mri_label2label --srcsubject fsaverage --srclabel /out/sourcedata/freesurfer/fsaverage/label/rh.BA45_exvivo.label --trgsubject sub-v2s16x51231_ses-1 --trglabel ./rh.BA45_exvivo.label --hemi rh --regmethod surface 


srclabel = /out/sourcedata/freesurfer/fsaverage/label/rh.BA45_exvivo.label
srcsubject = fsaverage
trgsubject = sub-v2s16x51231_ses-1
trglabel = ./rh.BA45_exvivo.label
regmethod = surface

srchemi = rh
trghemi = rh
trgsurface = white
srcsurfreg = sphere.reg
trgsurfreg = sphere.reg
usehash = 1
Use ProjAbs  = 0, 0
Use ProjFrac = 0, 0
DoPaint 0

SUBJECTS_DIR    /out/sourcedata/freesurfer
FREESURFER_HOME /opt/freesurfer
Loading source label.
Found 5355 points in source label.
Starting surface-based mapping
Reading source registration 
 /out/sourcedata/freesurfer/fsaverage/surf/rh.sphere.reg
Rescaling ...  original radius = 100
Reading target surface 
 /out/sourcedata/freesurfer/sub-v2s16x51231_ses-1/surf/rh.white
Reading target registration 
 /out/sourcedata/freesurfer/sub-v2s16x51231_ses-1/surf/rh.sphere.reg
Rescaling ...  original radius = 100
Building target registration hash (res=16).
Building source registration hash (res=16).
INFO: found  5355 nlabel points
Performing mapping from target back to the source label 141554
Number of reverse mapping hits = 378
Checking for and removing duplicates
Writing label file ./rh.BA45_exvivo.label 5733
mri_label2label: Done


 mri_label2label --srcsubject fsaverage --srclabel /out/sourcedata/freesurfer/fsaverage/label/rh.V1_exvivo.label --trgsubject sub-v2s16x51231_ses-1 --trglabel ./rh.V1_exvivo.label --hemi rh --regmethod surface 


srclabel = /out/sourcedata/freesurfer/fsaverage/label/rh.V1_exvivo.label
srcsubject = fsaverage
trgsubject = sub-v2s16x51231_ses-1
trglabel = ./rh.V1_exvivo.label
regmethod = surface

srchemi = rh
trghemi = rh
trgsurface = white
srcsurfreg = sphere.reg
trgsurfreg = sphere.reg
usehash = 1
Use ProjAbs  = 0, 0
Use ProjFrac = 0, 0
DoPaint 0

SUBJECTS_DIR    /out/sourcedata/freesurfer
FREESURFER_HOME /opt/freesurfer
Loading source label.
Found 4727 points in source label.
Starting surface-based mapping
Reading source registration 
 /out/sourcedata/freesurfer/fsaverage/surf/rh.sphere.reg
Rescaling ...  original radius = 100
Reading target surface 
 /out/sourcedata/freesurfer/sub-v2s16x51231_ses-1/surf/rh.white
Reading target registration 
 /out/sourcedata/freesurfer/sub-v2s16x51231_ses-1/surf/rh.sphere.reg
Rescaling ...  original radius = 100
Building target registration hash (res=16).
Building source registration hash (res=16).
INFO: found  4727 nlabel points
Performing mapping from target back to the source label 141554
Number of reverse mapping hits = 2189
Checking for and removing duplicates
Writing label file ./rh.V1_exvivo.label 6916
mri_label2label: Done


 mri_label2label --srcsubject fsaverage --srclabel /out/sourcedata/freesurfer/fsaverage/label/rh.V2_exvivo.label --trgsubject sub-v2s16x51231_ses-1 --trglabel ./rh.V2_exvivo.label --hemi rh --regmethod surface 


srclabel = /out/sourcedata/freesurfer/fsaverage/label/rh.V2_exvivo.label
srcsubject = fsaverage
trgsubject = sub-v2s16x51231_ses-1
trglabel = ./rh.V2_exvivo.label
regmethod = surface

srchemi = rh
trghemi = rh
trgsurface = white
srcsurfreg = sphere.reg
trgsurfreg = sphere.reg
usehash = 1
Use ProjAbs  = 0, 0
Use ProjFrac = 0, 0
DoPaint 0

SUBJECTS_DIR    /out/sourcedata/freesurfer
FREESURFER_HOME /opt/freesurfer
Loading source label.
Found 8016 points in source label.
Starting surface-based mapping
Reading source registration 
 /out/sourcedata/freesurfer/fsaverage/surf/rh.sphere.reg
Rescaling ...  original radius = 100
Reading target surface 
 /out/sourcedata/freesurfer/sub-v2s16x51231_ses-1/surf/rh.white
Reading target registration 
 /out/sourcedata/freesurfer/sub-v2s16x51231_ses-1/surf/rh.sphere.reg
Rescaling ...  original radius = 100
Building target registration hash (res=16).
Building source registration hash (res=16).
INFO: found  8016 nlabel points
Performing mapping from target back to the source label 141554
Number of reverse mapping hits = 3323
Checking for and removing duplicates
Writing label file ./rh.V2_exvivo.label 11339
mri_label2label: Done


 mri_label2label --srcsubject fsaverage --srclabel /out/sourcedata/freesurfer/fsaverage/label/rh.MT_exvivo.label --trgsubject sub-v2s16x51231_ses-1 --trglabel ./rh.MT_exvivo.label --hemi rh --regmethod surface 


srclabel = /out/sourcedata/freesurfer/fsaverage/label/rh.MT_exvivo.label
srcsubject = fsaverage
trgsubject = sub-v2s16x51231_ses-1
trglabel = ./rh.MT_exvivo.label
regmethod = surface

srchemi = rh
trghemi = rh
trgsurface = white
srcsurfreg = sphere.reg
trgsurfreg = sphere.reg
usehash = 1
Use ProjAbs  = 0, 0
Use ProjFrac = 0, 0
DoPaint 0

SUBJECTS_DIR    /out/sourcedata/freesurfer
FREESURFER_HOME /opt/freesurfer
Loading source label.
Found 1932 points in source label.
Starting surface-based mapping
Reading source registration 
 /out/sourcedata/freesurfer/fsaverage/surf/rh.sphere.reg
Rescaling ...  original radius = 100
Reading target surface 
 /out/sourcedata/freesurfer/sub-v2s16x51231_ses-1/surf/rh.white
Reading target registration 
 /out/sourcedata/freesurfer/sub-v2s16x51231_ses-1/surf/rh.sphere.reg
Rescaling ...  original radius = 100
Building target registration hash (res=16).
Building source registration hash (res=16).
INFO: found  1932 nlabel points
Performing mapping from target back to the source label 141554
Number of reverse mapping hits = 1080
Checking for and removing duplicates
Writing label file ./rh.MT_exvivo.label 3012
mri_label2label: Done


 mri_label2label --srcsubject fsaverage --srclabel /out/sourcedata/freesurfer/fsaverage/label/rh.entorhinal_exvivo.label --trgsubject sub-v2s16x51231_ses-1 --trglabel ./rh.entorhinal_exvivo.label --hemi rh --regmethod surface 


srclabel = /out/sourcedata/freesurfer/fsaverage/label/rh.entorhinal_exvivo.label
srcsubject = fsaverage
trgsubject = sub-v2s16x51231_ses-1
trglabel = ./rh.entorhinal_exvivo.label
regmethod = surface

srchemi = rh
trghemi = rh
trgsurface = white
srcsurfreg = sphere.reg
trgsurfreg = sphere.reg
usehash = 1
Use ProjAbs  = 0, 0
Use ProjFrac = 0, 0
DoPaint 0

SUBJECTS_DIR    /out/sourcedata/freesurfer
FREESURFER_HOME /opt/freesurfer
Loading source label.
Found 1038 points in source label.
Starting surface-based mapping
Reading source registration 
 /out/sourcedata/freesurfer/fsaverage/surf/rh.sphere.reg
Rescaling ...  original radius = 100
Reading target surface 
 /out/sourcedata/freesurfer/sub-v2s16x51231_ses-1/surf/rh.white
Reading target registration 
 /out/sourcedata/freesurfer/sub-v2s16x51231_ses-1/surf/rh.sphere.reg
Rescaling ...  original radius = 100
Building target registration hash (res=16).
Building source registration hash (res=16).
INFO: found  1038 nlabel points
Performing mapping from target back to the source label 141554
Number of reverse mapping hits = 166
Checking for and removing duplicates
Writing label file ./rh.entorhinal_exvivo.label 1204
mri_label2label: Done


 mri_label2label --srcsubject fsaverage --srclabel /out/sourcedata/freesurfer/fsaverage/label/rh.perirhinal_exvivo.label --trgsubject sub-v2s16x51231_ses-1 --trglabel ./rh.perirhinal_exvivo.label --hemi rh --regmethod surface 


srclabel = /out/sourcedata/freesurfer/fsaverage/label/rh.perirhinal_exvivo.label
srcsubject = fsaverage
trgsubject = sub-v2s16x51231_ses-1
trglabel = ./rh.perirhinal_exvivo.label
regmethod = surface

srchemi = rh
trghemi = rh
trgsurface = white
srcsurfreg = sphere.reg
trgsurfreg = sphere.reg
usehash = 1
Use ProjAbs  = 0, 0
Use ProjFrac = 0, 0
DoPaint 0

SUBJECTS_DIR    /out/sourcedata/freesurfer
FREESURFER_HOME /opt/freesurfer
Loading source label.
Found 752 points in source label.
Starting surface-based mapping
Reading source registration 
 /out/sourcedata/freesurfer/fsaverage/surf/rh.sphere.reg
Rescaling ...  original radius = 100
Reading target surface 
 /out/sourcedata/freesurfer/sub-v2s16x51231_ses-1/surf/rh.white
Reading target registration 
 /out/sourcedata/freesurfer/sub-v2s16x51231_ses-1/surf/rh.sphere.reg
Rescaling ...  original radius = 100
Building target registration hash (res=16).
Building source registration hash (res=16).
INFO: found  752 nlabel points
Performing mapping from target back to the source label 141554
Number of reverse mapping hits = 116
Checking for and removing duplicates
Writing label file ./rh.perirhinal_exvivo.label 868
mri_label2label: Done


 mri_label2label --srcsubject fsaverage --srclabel /out/sourcedata/freesurfer/fsaverage/label/rh.FG1.mpm.vpnl.label --trgsubject sub-v2s16x51231_ses-1 --trglabel ./rh.FG1.mpm.vpnl.label --hemi rh --regmethod surface 


srclabel = /out/sourcedata/freesurfer/fsaverage/label/rh.FG1.mpm.vpnl.label
srcsubject = fsaverage
trgsubject = sub-v2s16x51231_ses-1
trglabel = ./rh.FG1.mpm.vpnl.label
regmethod = surface

srchemi = rh
trghemi = rh
trgsurface = white
srcsurfreg = sphere.reg
trgsurfreg = sphere.reg
usehash = 1
Use ProjAbs  = 0, 0
Use ProjFrac = 0, 0
DoPaint 0

SUBJECTS_DIR    /out/sourcedata/freesurfer
FREESURFER_HOME /opt/freesurfer
Loading source label.
Found 541 points in source label.
Starting surface-based mapping
Reading source registration 
 /out/sourcedata/freesurfer/fsaverage/surf/rh.sphere.reg
Rescaling ...  original radius = 100
Reading target surface 
 /out/sourcedata/freesurfer/sub-v2s16x51231_ses-1/surf/rh.white
Reading target registration 
 /out/sourcedata/freesurfer/sub-v2s16x51231_ses-1/surf/rh.sphere.reg
Rescaling ...  original radius = 100
Building target registration hash (res=16).
Building source registration hash (res=16).
INFO: found  541 nlabel points
Performing mapping from target back to the source label 141554
Number of reverse mapping hits = 188
Checking for and removing duplicates
Writing label file ./rh.FG1.mpm.vpnl.label 729
mri_label2label: Done


 mri_label2label --srcsubject fsaverage --srclabel /out/sourcedata/freesurfer/fsaverage/label/rh.FG2.mpm.vpnl.label --trgsubject sub-v2s16x51231_ses-1 --trglabel ./rh.FG2.mpm.vpnl.label --hemi rh --regmethod surface 


srclabel = /out/sourcedata/freesurfer/fsaverage/label/rh.FG2.mpm.vpnl.label
srcsubject = fsaverage
trgsubject = sub-v2s16x51231_ses-1
trglabel = ./rh.FG2.mpm.vpnl.label
regmethod = surface

srchemi = rh
trghemi = rh
trgsurface = white
srcsurfreg = sphere.reg
trgsurfreg = sphere.reg
usehash = 1
Use ProjAbs  = 0, 0
Use ProjFrac = 0, 0
DoPaint 0

SUBJECTS_DIR    /out/sourcedata/freesurfer
FREESURFER_HOME /opt/freesurfer
Loading source label.
Found 721 points in source label.
Starting surface-based mapping
Reading source registration 
 /out/sourcedata/freesurfer/fsaverage/surf/rh.sphere.reg
Rescaling ...  original radius = 100
Reading target surface 
 /out/sourcedata/freesurfer/sub-v2s16x51231_ses-1/surf/rh.white
Reading target registration 
 /out/sourcedata/freesurfer/sub-v2s16x51231_ses-1/surf/rh.sphere.reg
Rescaling ...  original radius = 100
Building target registration hash (res=16).
Building source registration hash (res=16).
INFO: found  721 nlabel points
Performing mapping from target back to the source label 141554
Number of reverse mapping hits = 221
Checking for and removing duplicates
Writing label file ./rh.FG2.mpm.vpnl.label 942
mri_label2label: Done


 mri_label2label --srcsubject fsaverage --srclabel /out/sourcedata/freesurfer/fsaverage/label/rh.FG3.mpm.vpnl.label --trgsubject sub-v2s16x51231_ses-1 --trglabel ./rh.FG3.mpm.vpnl.label --hemi rh --regmethod surface 


srclabel = /out/sourcedata/freesurfer/fsaverage/label/rh.FG3.mpm.vpnl.label
srcsubject = fsaverage
trgsubject = sub-v2s16x51231_ses-1
trglabel = ./rh.FG3.mpm.vpnl.label
regmethod = surface

srchemi = rh
trghemi = rh
trgsurface = white
srcsurfreg = sphere.reg
trgsurfreg = sphere.reg
usehash = 1
Use ProjAbs  = 0, 0
Use ProjFrac = 0, 0
DoPaint 0

SUBJECTS_DIR    /out/sourcedata/freesurfer
FREESURFER_HOME /opt/freesurfer
Loading source label.
Found 1523 points in source label.
Starting surface-based mapping
Reading source registration 
 /out/sourcedata/freesurfer/fsaverage/surf/rh.sphere.reg
Rescaling ...  original radius = 100
Reading target surface 
 /out/sourcedata/freesurfer/sub-v2s16x51231_ses-1/surf/rh.white
Reading target registration 
 /out/sourcedata/freesurfer/sub-v2s16x51231_ses-1/surf/rh.sphere.reg
Rescaling ...  original radius = 100
Building target registration hash (res=16).
Building source registration hash (res=16).
INFO: found  1523 nlabel points
Performing mapping from target back to the source label 141554
Number of reverse mapping hits = 255
Checking for and removing duplicates
Writing label file ./rh.FG3.mpm.vpnl.label 1778
mri_label2label: Done


 mri_label2label --srcsubject fsaverage --srclabel /out/sourcedata/freesurfer/fsaverage/label/rh.FG4.mpm.vpnl.label --trgsubject sub-v2s16x51231_ses-1 --trglabel ./rh.FG4.mpm.vpnl.label --hemi rh --regmethod surface 


srclabel = /out/sourcedata/freesurfer/fsaverage/label/rh.FG4.mpm.vpnl.label
srcsubject = fsaverage
trgsubject = sub-v2s16x51231_ses-1
trglabel = ./rh.FG4.mpm.vpnl.label
regmethod = surface

srchemi = rh
trghemi = rh
trgsurface = white
srcsurfreg = sphere.reg
trgsurfreg = sphere.reg
usehash = 1
Use ProjAbs  = 0, 0
Use ProjFrac = 0, 0
DoPaint 0

SUBJECTS_DIR    /out/sourcedata/freesurfer
FREESURFER_HOME /opt/freesurfer
Loading source label.
Found 1586 points in source label.
Starting surface-based mapping
Reading source registration 
 /out/sourcedata/freesurfer/fsaverage/surf/rh.sphere.reg
Rescaling ...  original radius = 100
Reading target surface 
 /out/sourcedata/freesurfer/sub-v2s16x51231_ses-1/surf/rh.white
Reading target registration 
 /out/sourcedata/freesurfer/sub-v2s16x51231_ses-1/surf/rh.sphere.reg
Rescaling ...  original radius = 100
Building target registration hash (res=16).
Building source registration hash (res=16).
INFO: found  1586 nlabel points
Performing mapping from target back to the source label 141554
Number of reverse mapping hits = 300
Checking for and removing duplicates
Writing label file ./rh.FG4.mpm.vpnl.label 1886
mri_label2label: Done


 mri_label2label --srcsubject fsaverage --srclabel /out/sourcedata/freesurfer/fsaverage/label/rh.hOc1.mpm.vpnl.label --trgsubject sub-v2s16x51231_ses-1 --trglabel ./rh.hOc1.mpm.vpnl.label --hemi rh --regmethod surface 


srclabel = /out/sourcedata/freesurfer/fsaverage/label/rh.hOc1.mpm.vpnl.label
srcsubject = fsaverage
trgsubject = sub-v2s16x51231_ses-1
trglabel = ./rh.hOc1.mpm.vpnl.label
regmethod = surface

srchemi = rh
trghemi = rh
trgsurface = white
srcsurfreg = sphere.reg
trgsurfreg = sphere.reg
usehash = 1
Use ProjAbs  = 0, 0
Use ProjFrac = 0, 0
DoPaint 0

SUBJECTS_DIR    /out/sourcedata/freesurfer
FREESURFER_HOME /opt/freesurfer
Loading source label.
Found 3667 points in source label.
Starting surface-based mapping
Reading source registration 
 /out/sourcedata/freesurfer/fsaverage/surf/rh.sphere.reg
Rescaling ...  original radius = 100
Reading target surface 
 /out/sourcedata/freesurfer/sub-v2s16x51231_ses-1/surf/rh.white
Reading target registration 
 /out/sourcedata/freesurfer/sub-v2s16x51231_ses-1/surf/rh.sphere.reg
Rescaling ...  original radius = 100
Building target registration hash (res=16).
Building source registration hash (res=16).
INFO: found  3667 nlabel points
Performing mapping from target back to the source label 141554
Number of reverse mapping hits = 1769
Checking for and removing duplicates
Writing label file ./rh.hOc1.mpm.vpnl.label 5436
mri_label2label: Done


 mri_label2label --srcsubject fsaverage --srclabel /out/sourcedata/freesurfer/fsaverage/label/rh.hOc2.mpm.vpnl.label --trgsubject sub-v2s16x51231_ses-1 --trglabel ./rh.hOc2.mpm.vpnl.label --hemi rh --regmethod surface 


srclabel = /out/sourcedata/freesurfer/fsaverage/label/rh.hOc2.mpm.vpnl.label
srcsubject = fsaverage
trgsubject = sub-v2s16x51231_ses-1
trglabel = ./rh.hOc2.mpm.vpnl.label
regmethod = surface

srchemi = rh
trghemi = rh
trgsurface = white
srcsurfreg = sphere.reg
trgsurfreg = sphere.reg
usehash = 1
Use ProjAbs  = 0, 0
Use ProjFrac = 0, 0
DoPaint 0

SUBJECTS_DIR    /out/sourcedata/freesurfer
FREESURFER_HOME /opt/freesurfer
Loading source label.
Found 2719 points in source label.
Starting surface-based mapping
Reading source registration 
 /out/sourcedata/freesurfer/fsaverage/surf/rh.sphere.reg
Rescaling ...  original radius = 100
Reading target surface 
 /out/sourcedata/freesurfer/sub-v2s16x51231_ses-1/surf/rh.white
Reading target registration 
 /out/sourcedata/freesurfer/sub-v2s16x51231_ses-1/surf/rh.sphere.reg
Rescaling ...  original radius = 100
Building target registration hash (res=16).
Building source registration hash (res=16).
INFO: found  2719 nlabel points
Performing mapping from target back to the source label 141554
Number of reverse mapping hits = 1185
Checking for and removing duplicates
Writing label file ./rh.hOc2.mpm.vpnl.label 3904
mri_label2label: Done


 mri_label2label --srcsubject fsaverage --srclabel /out/sourcedata/freesurfer/fsaverage/label/rh.hOc3v.mpm.vpnl.label --trgsubject sub-v2s16x51231_ses-1 --trglabel ./rh.hOc3v.mpm.vpnl.label --hemi rh --regmethod surface 


srclabel = /out/sourcedata/freesurfer/fsaverage/label/rh.hOc3v.mpm.vpnl.label
srcsubject = fsaverage
trgsubject = sub-v2s16x51231_ses-1
trglabel = ./rh.hOc3v.mpm.vpnl.label
regmethod = surface

srchemi = rh
trghemi = rh
trgsurface = white
srcsurfreg = sphere.reg
trgsurfreg = sphere.reg
usehash = 1
Use ProjAbs  = 0, 0
Use ProjFrac = 0, 0
DoPaint 0

SUBJECTS_DIR    /out/sourcedata/freesurfer
FREESURFER_HOME /opt/freesurfer
Loading source label.
Found 1228 points in source label.
Starting surface-based mapping
Reading source registration 
 /out/sourcedata/freesurfer/fsaverage/surf/rh.sphere.reg
Rescaling ...  original radius = 100
Reading target surface 
 /out/sourcedata/freesurfer/sub-v2s16x51231_ses-1/surf/rh.white
Reading target registration 
 /out/sourcedata/freesurfer/sub-v2s16x51231_ses-1/surf/rh.sphere.reg
Rescaling ...  original radius = 100
Building target registration hash (res=16).
Building source registration hash (res=16).
INFO: found  1228 nlabel points
Performing mapping from target back to the source label 141554
Number of reverse mapping hits = 744
Checking for and removing duplicates
Writing label file ./rh.hOc3v.mpm.vpnl.label 1972
mri_label2label: Done


 mri_label2label --srcsubject fsaverage --srclabel /out/sourcedata/freesurfer/fsaverage/label/rh.hOc4v.mpm.vpnl.label --trgsubject sub-v2s16x51231_ses-1 --trglabel ./rh.hOc4v.mpm.vpnl.label --hemi rh --regmethod surface 


srclabel = /out/sourcedata/freesurfer/fsaverage/label/rh.hOc4v.mpm.vpnl.label
srcsubject = fsaverage
trgsubject = sub-v2s16x51231_ses-1
trglabel = ./rh.hOc4v.mpm.vpnl.label
regmethod = surface

srchemi = rh
trghemi = rh
trgsurface = white
srcsurfreg = sphere.reg
trgsurfreg = sphere.reg
usehash = 1
Use ProjAbs  = 0, 0
Use ProjFrac = 0, 0
DoPaint 0

SUBJECTS_DIR    /out/sourcedata/freesurfer
FREESURFER_HOME /opt/freesurfer
Loading source label.
Found 1025 points in source label.
Starting surface-based mapping
Reading source registration 
 /out/sourcedata/freesurfer/fsaverage/surf/rh.sphere.reg
Rescaling ...  original radius = 100
Reading target surface 
 /out/sourcedata/freesurfer/sub-v2s16x51231_ses-1/surf/rh.white
Reading target registration 
 /out/sourcedata/freesurfer/sub-v2s16x51231_ses-1/surf/rh.sphere.reg
Rescaling ...  original radius = 100
Building target registration hash (res=16).
Building source registration hash (res=16).
INFO: found  1025 nlabel points
Performing mapping from target back to the source label 141554
Number of reverse mapping hits = 530
Checking for and removing duplicates
Writing label file ./rh.hOc4v.mpm.vpnl.label 1555
mri_label2label: Done


 mris_label2annot --s sub-v2s16x51231_ses-1 --ctab /opt/freesurfer/average/colortable_vpnl.txt --hemi rh --a mpm.vpnl --maxstatwinner --noverbose --l rh.FG1.mpm.vpnl.label --l rh.FG2.mpm.vpnl.label --l rh.FG3.mpm.vpnl.label --l rh.FG4.mpm.vpnl.label --l rh.hOc1.mpm.vpnl.label --l rh.hOc2.mpm.vpnl.label --l rh.hOc3v.mpm.vpnl.label --l rh.hOc4v.mpm.vpnl.label 

Reading ctab /opt/freesurfer/average/colortable_vpnl.txt
Number of ctab entries 9

7.3.2
cwd /out/sourcedata/freesurfer/sub-v2s16x51231_ses-1/label
cmdline mris_label2annot --s sub-v2s16x51231_ses-1 --ctab /opt/freesurfer/average/colortable_vpnl.txt --hemi rh --a mpm.vpnl --maxstatwinner --noverbose --l rh.FG1.mpm.vpnl.label --l rh.FG2.mpm.vpnl.label --l rh.FG3.mpm.vpnl.label --l rh.FG4.mpm.vpnl.label --l rh.hOc1.mpm.vpnl.label --l rh.hOc2.mpm.vpnl.label --l rh.hOc3v.mpm.vpnl.label --l rh.hOc4v.mpm.vpnl.label 
sysname  Linux
hostname dna013
machine  x86_64
user     oesteban

subject sub-v2s16x51231_ses-1
hemi    rh
SUBJECTS_DIR /out/sourcedata/freesurfer
ColorTable /opt/freesurfer/average/colortable_vpnl.txt
AnnotName  mpm.vpnl
nlables 8
LabelThresh 0 0.000000
Loading /out/sourcedata/freesurfer/sub-v2s16x51231_ses-1/surf/rh.orig
 1 1376057 FG1
 2 16711935 FG2
 3 16711680 FG3
 4 1705837 FG4
 5 25600 hOc1
 6 255 hOc2
 7 16776960 hOc3v
 8 65535 hOc4v
Mapping unhit to unknown
Found 124193 unhit vertices
Writing annot to /out/sourcedata/freesurfer/sub-v2s16x51231_ses-1/label/rh.mpm.vpnl.annot

 mri_label2label --srcsubject fsaverage --srclabel /out/sourcedata/freesurfer/fsaverage/label/rh.BA1_exvivo.thresh.label --trgsubject sub-v2s16x51231_ses-1 --trglabel ./rh.BA1_exvivo.thresh.label --hemi rh --regmethod surface 


srclabel = /out/sourcedata/freesurfer/fsaverage/label/rh.BA1_exvivo.thresh.label
srcsubject = fsaverage
trgsubject = sub-v2s16x51231_ses-1
trglabel = ./rh.BA1_exvivo.thresh.label
regmethod = surface

srchemi = rh
trghemi = rh
trgsurface = white
srcsurfreg = sphere.reg
trgsurfreg = sphere.reg
usehash = 1
Use ProjAbs  = 0, 0
Use ProjFrac = 0, 0
DoPaint 0

SUBJECTS_DIR    /out/sourcedata/freesurfer
FREESURFER_HOME /opt/freesurfer
Loading source label.
Found 876 points in source label.
Starting surface-based mapping
Reading source registration 
 /out/sourcedata/freesurfer/fsaverage/surf/rh.sphere.reg
Rescaling ...  original radius = 100
Reading target surface 
 /out/sourcedata/freesurfer/sub-v2s16x51231_ses-1/surf/rh.white
Reading target registration 
 /out/sourcedata/freesurfer/sub-v2s16x51231_ses-1/surf/rh.sphere.reg
Rescaling ...  original radius = 100
Building target registration hash (res=16).
Building source registration hash (res=16).
INFO: found  876 nlabel points
Performing mapping from target back to the source label 141554
Number of reverse mapping hits = 48
Checking for and removing duplicates
Writing label file ./rh.BA1_exvivo.thresh.label 924
mri_label2label: Done


 mri_label2label --srcsubject fsaverage --srclabel /out/sourcedata/freesurfer/fsaverage/label/rh.BA2_exvivo.thresh.label --trgsubject sub-v2s16x51231_ses-1 --trglabel ./rh.BA2_exvivo.thresh.label --hemi rh --regmethod surface 


srclabel = /out/sourcedata/freesurfer/fsaverage/label/rh.BA2_exvivo.thresh.label
srcsubject = fsaverage
trgsubject = sub-v2s16x51231_ses-1
trglabel = ./rh.BA2_exvivo.thresh.label
regmethod = surface

srchemi = rh
trghemi = rh
trgsurface = white
srcsurfreg = sphere.reg
trgsurfreg = sphere.reg
usehash = 1
Use ProjAbs  = 0, 0
Use ProjFrac = 0, 0
DoPaint 0

SUBJECTS_DIR    /out/sourcedata/freesurfer
FREESURFER_HOME /opt/freesurfer
Loading source label.
Found 2688 points in source label.
Starting surface-based mapping
Reading source registration 
 /out/sourcedata/freesurfer/fsaverage/surf/rh.sphere.reg
Rescaling ...  original radius = 100
Reading target surface 
 /out/sourcedata/freesurfer/sub-v2s16x51231_ses-1/surf/rh.white
Reading target registration 
 /out/sourcedata/freesurfer/sub-v2s16x51231_ses-1/surf/rh.sphere.reg
Rescaling ...  original radius = 100
Building target registration hash (res=16).
Building source registration hash (res=16).
INFO: found  2688 nlabel points
Performing mapping from target back to the source label 141554
Number of reverse mapping hits = 62
Checking for and removing duplicates
Writing label file ./rh.BA2_exvivo.thresh.label 2750
mri_label2label: Done


 mri_label2label --srcsubject fsaverage --srclabel /out/sourcedata/freesurfer/fsaverage/label/rh.BA3a_exvivo.thresh.label --trgsubject sub-v2s16x51231_ses-1 --trglabel ./rh.BA3a_exvivo.thresh.label --hemi rh --regmethod surface 


srclabel = /out/sourcedata/freesurfer/fsaverage/label/rh.BA3a_exvivo.thresh.label
srcsubject = fsaverage
trgsubject = sub-v2s16x51231_ses-1
trglabel = ./rh.BA3a_exvivo.thresh.label
regmethod = surface

srchemi = rh
trghemi = rh
trgsurface = white
srcsurfreg = sphere.reg
trgsurfreg = sphere.reg
usehash = 1
Use ProjAbs  = 0, 0
Use ProjFrac = 0, 0
DoPaint 0

SUBJECTS_DIR    /out/sourcedata/freesurfer
FREESURFER_HOME /opt/freesurfer
Loading source label.
Found 1698 points in source label.
Starting surface-based mapping
Reading source registration 
 /out/sourcedata/freesurfer/fsaverage/surf/rh.sphere.reg
Rescaling ...  original radius = 100
Reading target surface 
 /out/sourcedata/freesurfer/sub-v2s16x51231_ses-1/surf/rh.white
Reading target registration 
 /out/sourcedata/freesurfer/sub-v2s16x51231_ses-1/surf/rh.sphere.reg
Rescaling ...  original radius = 100
Building target registration hash (res=16).
Building source registration hash (res=16).
INFO: found  1698 nlabel points
Performing mapping from target back to the source label 141554
Number of reverse mapping hits = 21
Checking for and removing duplicates
Writing label file ./rh.BA3a_exvivo.thresh.label 1719
mri_label2label: Done


 mri_label2label --srcsubject fsaverage --srclabel /out/sourcedata/freesurfer/fsaverage/label/rh.BA3b_exvivo.thresh.label --trgsubject sub-v2s16x51231_ses-1 --trglabel ./rh.BA3b_exvivo.thresh.label --hemi rh --regmethod surface 


srclabel = /out/sourcedata/freesurfer/fsaverage/label/rh.BA3b_exvivo.thresh.label
srcsubject = fsaverage
trgsubject = sub-v2s16x51231_ses-1
trglabel = ./rh.BA3b_exvivo.thresh.label
regmethod = surface

srchemi = rh
trghemi = rh
trgsurface = white
srcsurfreg = sphere.reg
trgsurfreg = sphere.reg
usehash = 1
Use ProjAbs  = 0, 0
Use ProjFrac = 0, 0
DoPaint 0

SUBJECTS_DIR    /out/sourcedata/freesurfer
FREESURFER_HOME /opt/freesurfer
Loading source label.
Found 2183 points in source label.
Starting surface-based mapping
Reading source registration 
 /out/sourcedata/freesurfer/fsaverage/surf/rh.sphere.reg
Rescaling ...  original radius = 100
Reading target surface 
 /out/sourcedata/freesurfer/sub-v2s16x51231_ses-1/surf/rh.white
Reading target registration 
 /out/sourcedata/freesurfer/sub-v2s16x51231_ses-1/surf/rh.sphere.reg
Rescaling ...  original radius = 100
Building target registration hash (res=16).
Building source registration hash (res=16).
INFO: found  2183 nlabel points
Performing mapping from target back to the source label 141554
Number of reverse mapping hits = 45
Checking for and removing duplicates
Writing label file ./rh.BA3b_exvivo.thresh.label 2228
mri_label2label: Done


 mri_label2label --srcsubject fsaverage --srclabel /out/sourcedata/freesurfer/fsaverage/label/rh.BA4a_exvivo.thresh.label --trgsubject sub-v2s16x51231_ses-1 --trglabel ./rh.BA4a_exvivo.thresh.label --hemi rh --regmethod surface 


srclabel = /out/sourcedata/freesurfer/fsaverage/label/rh.BA4a_exvivo.thresh.label
srcsubject = fsaverage
trgsubject = sub-v2s16x51231_ses-1
trglabel = ./rh.BA4a_exvivo.thresh.label
regmethod = surface

srchemi = rh
trghemi = rh
trgsurface = white
srcsurfreg = sphere.reg
trgsurfreg = sphere.reg
usehash = 1
Use ProjAbs  = 0, 0
Use ProjFrac = 0, 0
DoPaint 0

SUBJECTS_DIR    /out/sourcedata/freesurfer
FREESURFER_HOME /opt/freesurfer
Loading source label.
Found 1388 points in source label.
Starting surface-based mapping
Reading source registration 
 /out/sourcedata/freesurfer/fsaverage/surf/rh.sphere.reg
Rescaling ...  original radius = 100
Reading target surface 
 /out/sourcedata/freesurfer/sub-v2s16x51231_ses-1/surf/rh.white
Reading target registration 
 /out/sourcedata/freesurfer/sub-v2s16x51231_ses-1/surf/rh.sphere.reg
Rescaling ...  original radius = 100
Building target registration hash (res=16).
Building source registration hash (res=16).
INFO: found  1388 nlabel points
Performing mapping from target back to the source label 141554
Number of reverse mapping hits = 8
Checking for and removing duplicates
Writing label file ./rh.BA4a_exvivo.thresh.label 1396
mri_label2label: Done


 mri_label2label --srcsubject fsaverage --srclabel /out/sourcedata/freesurfer/fsaverage/label/rh.BA4p_exvivo.thresh.label --trgsubject sub-v2s16x51231_ses-1 --trglabel ./rh.BA4p_exvivo.thresh.label --hemi rh --regmethod surface 


srclabel = /out/sourcedata/freesurfer/fsaverage/label/rh.BA4p_exvivo.thresh.label
srcsubject = fsaverage
trgsubject = sub-v2s16x51231_ses-1
trglabel = ./rh.BA4p_exvivo.thresh.label
regmethod = surface

srchemi = rh
trghemi = rh
trgsurface = white
srcsurfreg = sphere.reg
trgsurfreg = sphere.reg
usehash = 1
Use ProjAbs  = 0, 0
Use ProjFrac = 0, 0
DoPaint 0

SUBJECTS_DIR    /out/sourcedata/freesurfer
FREESURFER_HOME /opt/freesurfer
Loading source label.
Found 1489 points in source label.
Starting surface-based mapping
Reading source registration 
 /out/sourcedata/freesurfer/fsaverage/surf/rh.sphere.reg
Rescaling ...  original radius = 100
Reading target surface 
 /out/sourcedata/freesurfer/sub-v2s16x51231_ses-1/surf/rh.white
Reading target registration 
 /out/sourcedata/freesurfer/sub-v2s16x51231_ses-1/surf/rh.sphere.reg
Rescaling ...  original radius = 100
Building target registration hash (res=16).
Building source registration hash (res=16).
INFO: found  1489 nlabel points
Performing mapping from target back to the source label 141554
Number of reverse mapping hits = 37
Checking for and removing duplicates
Writing label file ./rh.BA4p_exvivo.thresh.label 1526
mri_label2label: Done


 mri_label2label --srcsubject fsaverage --srclabel /out/sourcedata/freesurfer/fsaverage/label/rh.BA6_exvivo.thresh.label --trgsubject sub-v2s16x51231_ses-1 --trglabel ./rh.BA6_exvivo.thresh.label --hemi rh --regmethod surface 


srclabel = /out/sourcedata/freesurfer/fsaverage/label/rh.BA6_exvivo.thresh.label
srcsubject = fsaverage
trgsubject = sub-v2s16x51231_ses-1
trglabel = ./rh.BA6_exvivo.thresh.label
regmethod = surface

srchemi = rh
trghemi = rh
trgsurface = white
srcsurfreg = sphere.reg
trgsurfreg = sphere.reg
usehash = 1
Use ProjAbs  = 0, 0
Use ProjFrac = 0, 0
DoPaint 0

SUBJECTS_DIR    /out/sourcedata/freesurfer
FREESURFER_HOME /opt/freesurfer
Loading source label.
Found 6959 points in source label.
Starting surface-based mapping
Reading source registration 
 /out/sourcedata/freesurfer/fsaverage/surf/rh.sphere.reg
Rescaling ...  original radius = 100
Reading target surface 
 /out/sourcedata/freesurfer/sub-v2s16x51231_ses-1/surf/rh.white
Reading target registration 
 /out/sourcedata/freesurfer/sub-v2s16x51231_ses-1/surf/rh.sphere.reg
Rescaling ...  original radius = 100
Building target registration hash (res=16).
Building source registration hash (res=16).
INFO: found  6959 nlabel points
Performing mapping from target back to the source label 141554
Number of reverse mapping hits = 293
Checking for and removing duplicates
Writing label file ./rh.BA6_exvivo.thresh.label 7252
mri_label2label: Done


 mri_label2label --srcsubject fsaverage --srclabel /out/sourcedata/freesurfer/fsaverage/label/rh.BA44_exvivo.thresh.label --trgsubject sub-v2s16x51231_ses-1 --trglabel ./rh.BA44_exvivo.thresh.label --hemi rh --regmethod surface 


srclabel = /out/sourcedata/freesurfer/fsaverage/label/rh.BA44_exvivo.thresh.label
srcsubject = fsaverage
trgsubject = sub-v2s16x51231_ses-1
trglabel = ./rh.BA44_exvivo.thresh.label
regmethod = surface

srchemi = rh
trghemi = rh
trgsurface = white
srcsurfreg = sphere.reg
trgsurfreg = sphere.reg
usehash = 1
Use ProjAbs  = 0, 0
Use ProjFrac = 0, 0
DoPaint 0

SUBJECTS_DIR    /out/sourcedata/freesurfer
FREESURFER_HOME /opt/freesurfer
Loading source label.
Found 1012 points in source label.
Starting surface-based mapping
Reading source registration 
 /out/sourcedata/freesurfer/fsaverage/surf/rh.sphere.reg
Rescaling ...  original radius = 100
Reading target surface 
 /out/sourcedata/freesurfer/sub-v2s16x51231_ses-1/surf/rh.white
Reading target registration 
 /out/sourcedata/freesurfer/sub-v2s16x51231_ses-1/surf/rh.sphere.reg
Rescaling ...  original radius = 100
Building target registration hash (res=16).
Building source registration hash (res=16).
INFO: found  1012 nlabel points
Performing mapping from target back to the source label 141554
Number of reverse mapping hits = 31
Checking for and removing duplicates
Writing label file ./rh.BA44_exvivo.thresh.label 1043
mri_label2label: Done


 mri_label2label --srcsubject fsaverage --srclabel /out/sourcedata/freesurfer/fsaverage/label/rh.BA45_exvivo.thresh.label --trgsubject sub-v2s16x51231_ses-1 --trglabel ./rh.BA45_exvivo.thresh.label --hemi rh --regmethod surface 


srclabel = /out/sourcedata/freesurfer/fsaverage/label/rh.BA45_exvivo.thresh.label
srcsubject = fsaverage
trgsubject = sub-v2s16x51231_ses-1
trglabel = ./rh.BA45_exvivo.thresh.label
regmethod = surface

srchemi = rh
trghemi = rh
trgsurface = white
srcsurfreg = sphere.reg
trgsurfreg = sphere.reg
usehash = 1
Use ProjAbs  = 0, 0
Use ProjFrac = 0, 0
DoPaint 0

SUBJECTS_DIR    /out/sourcedata/freesurfer
FREESURFER_HOME /opt/freesurfer
Loading source label.
Found 1178 points in source label.
Starting surface-based mapping
Reading source registration 
 /out/sourcedata/freesurfer/fsaverage/surf/rh.sphere.reg
Rescaling ...  original radius = 100
Reading target surface 
 /out/sourcedata/freesurfer/sub-v2s16x51231_ses-1/surf/rh.white
Reading target registration 
 /out/sourcedata/freesurfer/sub-v2s16x51231_ses-1/surf/rh.sphere.reg
Rescaling ...  original radius = 100
Building target registration hash (res=16).
Building source registration hash (res=16).
INFO: found  1178 nlabel points
Performing mapping from target back to the source label 141554
Number of reverse mapping hits = 26
Checking for and removing duplicates
Writing label file ./rh.BA45_exvivo.thresh.label 1204
mri_label2label: Done


 mri_label2label --srcsubject fsaverage --srclabel /out/sourcedata/freesurfer/fsaverage/label/rh.V1_exvivo.thresh.label --trgsubject sub-v2s16x51231_ses-1 --trglabel ./rh.V1_exvivo.thresh.label --hemi rh --regmethod surface 


srclabel = /out/sourcedata/freesurfer/fsaverage/label/rh.V1_exvivo.thresh.label
srcsubject = fsaverage
trgsubject = sub-v2s16x51231_ses-1
trglabel = ./rh.V1_exvivo.thresh.label
regmethod = surface

srchemi = rh
trghemi = rh
trgsurface = white
srcsurfreg = sphere.reg
trgsurfreg = sphere.reg
usehash = 1
Use ProjAbs  = 0, 0
Use ProjFrac = 0, 0
DoPaint 0

SUBJECTS_DIR    /out/sourcedata/freesurfer
FREESURFER_HOME /opt/freesurfer
Loading source label.
Found 3232 points in source label.
Starting surface-based mapping
Reading source registration 
 /out/sourcedata/freesurfer/fsaverage/surf/rh.sphere.reg
Rescaling ...  original radius = 100
Reading target surface 
 /out/sourcedata/freesurfer/sub-v2s16x51231_ses-1/surf/rh.white
Reading target registration 
 /out/sourcedata/freesurfer/sub-v2s16x51231_ses-1/surf/rh.sphere.reg
Rescaling ...  original radius = 100
Building target registration hash (res=16).
Building source registration hash (res=16).
INFO: found  3232 nlabel points
Performing mapping from target back to the source label 141554
Number of reverse mapping hits = 1573
Checking for and removing duplicates
Writing label file ./rh.V1_exvivo.thresh.label 4805
mri_label2label: Done


 mri_label2label --srcsubject fsaverage --srclabel /out/sourcedata/freesurfer/fsaverage/label/rh.V2_exvivo.thresh.label --trgsubject sub-v2s16x51231_ses-1 --trglabel ./rh.V2_exvivo.thresh.label --hemi rh --regmethod surface 


srclabel = /out/sourcedata/freesurfer/fsaverage/label/rh.V2_exvivo.thresh.label
srcsubject = fsaverage
trgsubject = sub-v2s16x51231_ses-1
trglabel = ./rh.V2_exvivo.thresh.label
regmethod = surface

srchemi = rh
trghemi = rh
trgsurface = white
srcsurfreg = sphere.reg
trgsurfreg = sphere.reg
usehash = 1
Use ProjAbs  = 0, 0
Use ProjFrac = 0, 0
DoPaint 0

SUBJECTS_DIR    /out/sourcedata/freesurfer
FREESURFER_HOME /opt/freesurfer
Loading source label.
Found 3437 points in source label.
Starting surface-based mapping
Reading source registration 
 /out/sourcedata/freesurfer/fsaverage/surf/rh.sphere.reg
Rescaling ...  original radius = 100
Reading target surface 
 /out/sourcedata/freesurfer/sub-v2s16x51231_ses-1/surf/rh.white
Reading target registration 
 /out/sourcedata/freesurfer/sub-v2s16x51231_ses-1/surf/rh.sphere.reg
Rescaling ...  original radius = 100
Building target registration hash (res=16).
Building source registration hash (res=16).
INFO: found  3437 nlabel points
Performing mapping from target back to the source label 141554
Number of reverse mapping hits = 1658
Checking for and removing duplicates
Writing label file ./rh.V2_exvivo.thresh.label 5095
mri_label2label: Done


 mri_label2label --srcsubject fsaverage --srclabel /out/sourcedata/freesurfer/fsaverage/label/rh.MT_exvivo.thresh.label --trgsubject sub-v2s16x51231_ses-1 --trglabel ./rh.MT_exvivo.thresh.label --hemi rh --regmethod surface 


srclabel = /out/sourcedata/freesurfer/fsaverage/label/rh.MT_exvivo.thresh.label
srcsubject = fsaverage
trgsubject = sub-v2s16x51231_ses-1
trglabel = ./rh.MT_exvivo.thresh.label
regmethod = surface

srchemi = rh
trghemi = rh
trgsurface = white
srcsurfreg = sphere.reg
trgsurfreg = sphere.reg
usehash = 1
Use ProjAbs  = 0, 0
Use ProjFrac = 0, 0
DoPaint 0

SUBJECTS_DIR    /out/sourcedata/freesurfer
FREESURFER_HOME /opt/freesurfer
Loading source label.
Found 268 points in source label.
Starting surface-based mapping
Reading source registration 
 /out/sourcedata/freesurfer/fsaverage/surf/rh.sphere.reg
Rescaling ...  original radius = 100
Reading target surface 
 /out/sourcedata/freesurfer/sub-v2s16x51231_ses-1/surf/rh.white
Reading target registration 
 /out/sourcedata/freesurfer/sub-v2s16x51231_ses-1/surf/rh.sphere.reg
Rescaling ...  original radius = 100
Building target registration hash (res=16).
Building source registration hash (res=16).
INFO: found  268 nlabel points
Performing mapping from target back to the source label 141554
Number of reverse mapping hits = 122
Checking for and removing duplicates
Writing label file ./rh.MT_exvivo.thresh.label 390
mri_label2label: Done


 mri_label2label --srcsubject fsaverage --srclabel /out/sourcedata/freesurfer/fsaverage/label/rh.entorhinal_exvivo.thresh.label --trgsubject sub-v2s16x51231_ses-1 --trglabel ./rh.entorhinal_exvivo.thresh.label --hemi rh --regmethod surface 


srclabel = /out/sourcedata/freesurfer/fsaverage/label/rh.entorhinal_exvivo.thresh.label
srcsubject = fsaverage
trgsubject = sub-v2s16x51231_ses-1
trglabel = ./rh.entorhinal_exvivo.thresh.label
regmethod = surface

srchemi = rh
trghemi = rh
trgsurface = white
srcsurfreg = sphere.reg
trgsurfreg = sphere.reg
usehash = 1
Use ProjAbs  = 0, 0
Use ProjFrac = 0, 0
DoPaint 0

SUBJECTS_DIR    /out/sourcedata/freesurfer
FREESURFER_HOME /opt/freesurfer
Loading source label.
Found 694 points in source label.
Starting surface-based mapping
Reading source registration 
 /out/sourcedata/freesurfer/fsaverage/surf/rh.sphere.reg
Rescaling ...  original radius = 100
Reading target surface 
 /out/sourcedata/freesurfer/sub-v2s16x51231_ses-1/surf/rh.white
Reading target registration 
 /out/sourcedata/freesurfer/sub-v2s16x51231_ses-1/surf/rh.sphere.reg
Rescaling ...  original radius = 100
Building target registration hash (res=16).
Building source registration hash (res=16).
INFO: found  694 nlabel points
Performing mapping from target back to the source label 141554
Number of reverse mapping hits = 135
Checking for and removing duplicates
Writing label file ./rh.entorhinal_exvivo.thresh.label 829
mri_label2label: Done


 mri_label2label --srcsubject fsaverage --srclabel /out/sourcedata/freesurfer/fsaverage/label/rh.perirhinal_exvivo.thresh.label --trgsubject sub-v2s16x51231_ses-1 --trglabel ./rh.perirhinal_exvivo.thresh.label --hemi rh --regmethod surface 


srclabel = /out/sourcedata/freesurfer/fsaverage/label/rh.perirhinal_exvivo.thresh.label
srcsubject = fsaverage
trgsubject = sub-v2s16x51231_ses-1
trglabel = ./rh.perirhinal_exvivo.thresh.label
regmethod = surface

srchemi = rh
trghemi = rh
trgsurface = white
srcsurfreg = sphere.reg
trgsurfreg = sphere.reg
usehash = 1
Use ProjAbs  = 0, 0
Use ProjFrac = 0, 0
DoPaint 0

SUBJECTS_DIR    /out/sourcedata/freesurfer
FREESURFER_HOME /opt/freesurfer
Loading source label.
Found 291 points in source label.
Starting surface-based mapping
Reading source registration 
 /out/sourcedata/freesurfer/fsaverage/surf/rh.sphere.reg
Rescaling ...  original radius = 100
Reading target surface 
 /out/sourcedata/freesurfer/sub-v2s16x51231_ses-1/surf/rh.white
Reading target registration 
 /out/sourcedata/freesurfer/sub-v2s16x51231_ses-1/surf/rh.sphere.reg
Rescaling ...  original radius = 100
Building target registration hash (res=16).
Building source registration hash (res=16).
INFO: found  291 nlabel points
Performing mapping from target back to the source label 141554
Number of reverse mapping hits = 51
Checking for and removing duplicates
Writing label file ./rh.perirhinal_exvivo.thresh.label 342
mri_label2label: Done


 mris_label2annot --s sub-v2s16x51231_ses-1 --hemi rh --ctab /opt/freesurfer/average/colortable_BA.txt --l rh.BA1_exvivo.label --l rh.BA2_exvivo.label --l rh.BA3a_exvivo.label --l rh.BA3b_exvivo.label --l rh.BA4a_exvivo.label --l rh.BA4p_exvivo.label --l rh.BA6_exvivo.label --l rh.BA44_exvivo.label --l rh.BA45_exvivo.label --l rh.V1_exvivo.label --l rh.V2_exvivo.label --l rh.MT_exvivo.label --l rh.perirhinal_exvivo.label --l rh.entorhinal_exvivo.label --a BA_exvivo --maxstatwinner --noverbose 

Reading ctab /opt/freesurfer/average/colortable_BA.txt
Number of ctab entries 15

7.3.2
cwd /out/sourcedata/freesurfer/sub-v2s16x51231_ses-1/label
cmdline mris_label2annot --s sub-v2s16x51231_ses-1 --hemi rh --ctab /opt/freesurfer/average/colortable_BA.txt --l rh.BA1_exvivo.label --l rh.BA2_exvivo.label --l rh.BA3a_exvivo.label --l rh.BA3b_exvivo.label --l rh.BA4a_exvivo.label --l rh.BA4p_exvivo.label --l rh.BA6_exvivo.label --l rh.BA44_exvivo.label --l rh.BA45_exvivo.label --l rh.V1_exvivo.label --l rh.V2_exvivo.label --l rh.MT_exvivo.label --l rh.perirhinal_exvivo.label --l rh.entorhinal_exvivo.label --a BA_exvivo --maxstatwinner --noverbose 
sysname  Linux
hostname dna013
machine  x86_64
user     oesteban

subject sub-v2s16x51231_ses-1
hemi    rh
SUBJECTS_DIR /out/sourcedata/freesurfer
ColorTable /opt/freesurfer/average/colortable_BA.txt
AnnotName  BA_exvivo
nlables 14
LabelThresh 0 0.000000
Loading /out/sourcedata/freesurfer/sub-v2s16x51231_ses-1/surf/rh.orig
 1 1530880 BA1_exvivo
 2 16749699 BA2_exvivo
 3 16711680 BA3a_exvivo
 4 3368703 BA3b_exvivo
 5 1376196 BA4a_exvivo
 6 13382655 BA4p_exvivo
 7 10036737 BA6_exvivo
 8 2490521 BA44_exvivo
 9 39283 BA45_exvivo
10 3993 V1_exvivo
11 8508928 V2_exvivo
12 10027163 MT_exvivo
13 16422433 perirhinal_exvivo
14 16392598 entorhinal_exvivo
Mapping unhit to unknown
Found 97659 unhit vertices
Writing annot to /out/sourcedata/freesurfer/sub-v2s16x51231_ses-1/label/rh.BA_exvivo.annot

 mris_label2annot --s sub-v2s16x51231_ses-1 --hemi rh --ctab /opt/freesurfer/average/colortable_BA.txt --l rh.BA1_exvivo.thresh.label --l rh.BA2_exvivo.thresh.label --l rh.BA3a_exvivo.thresh.label --l rh.BA3b_exvivo.thresh.label --l rh.BA4a_exvivo.thresh.label --l rh.BA4p_exvivo.thresh.label --l rh.BA6_exvivo.thresh.label --l rh.BA44_exvivo.thresh.label --l rh.BA45_exvivo.thresh.label --l rh.V1_exvivo.thresh.label --l rh.V2_exvivo.thresh.label --l rh.MT_exvivo.thresh.label --l rh.perirhinal_exvivo.thresh.label --l rh.entorhinal_exvivo.thresh.label --a BA_exvivo.thresh --maxstatwinner --noverbose 

Reading ctab /opt/freesurfer/average/colortable_BA.txt
Number of ctab entries 15

7.3.2
cwd /out/sourcedata/freesurfer/sub-v2s16x51231_ses-1/label
cmdline mris_label2annot --s sub-v2s16x51231_ses-1 --hemi rh --ctab /opt/freesurfer/average/colortable_BA.txt --l rh.BA1_exvivo.thresh.label --l rh.BA2_exvivo.thresh.label --l rh.BA3a_exvivo.thresh.label --l rh.BA3b_exvivo.thresh.label --l rh.BA4a_exvivo.thresh.label --l rh.BA4p_exvivo.thresh.label --l rh.BA6_exvivo.thresh.label --l rh.BA44_exvivo.thresh.label --l rh.BA45_exvivo.thresh.label --l rh.V1_exvivo.thresh.label --l rh.V2_exvivo.thresh.label --l rh.MT_exvivo.thresh.label --l rh.perirhinal_exvivo.thresh.label --l rh.entorhinal_exvivo.thresh.label --a BA_exvivo.thresh --maxstatwinner --noverbose 
sysname  Linux
hostname dna013
machine  x86_64
user     oesteban

subject sub-v2s16x51231_ses-1
hemi    rh
SUBJECTS_DIR /out/sourcedata/freesurfer
ColorTable /opt/freesurfer/average/colortable_BA.txt
AnnotName  BA_exvivo.thresh
nlables 14
LabelThresh 0 0.000000
Loading /out/sourcedata/freesurfer/sub-v2s16x51231_ses-1/surf/rh.orig
 1 1530880 BA1_exvivo
 2 16749699 BA2_exvivo
 3 16711680 BA3a_exvivo
 4 3368703 BA3b_exvivo
 5 1376196 BA4a_exvivo
 6 13382655 BA4p_exvivo
 7 10036737 BA6_exvivo
 8 2490521 BA44_exvivo
 9 39283 BA45_exvivo
10 3993 V1_exvivo
11 8508928 V2_exvivo
12 10027163 MT_exvivo
13 16422433 perirhinal_exvivo
14 16392598 entorhinal_exvivo
Mapping unhit to unknown
Found 116495 unhit vertices
Writing annot to /out/sourcedata/freesurfer/sub-v2s16x51231_ses-1/label/rh.BA_exvivo.thresh.annot

 mris_anatomical_stats -th3 -mgz -noglobal -f ../stats/rh.BA_exvivo.stats -b -a ./rh.BA_exvivo.annot -c ./BA_exvivo.ctab sub-v2s16x51231_ses-1 rh white 

computing statistics for each annotation in ./rh.BA_exvivo.annot.
reading volume /out/sourcedata/freesurfer/sub-v2s16x51231_ses-1/mri/wm.mgz...
reading input surface /out/sourcedata/freesurfer/sub-v2s16x51231_ses-1/surf/rh.white...
reading input pial surface /out/sourcedata/freesurfer/sub-v2s16x51231_ses-1/surf/rh.pial...
reading input white surface /out/sourcedata/freesurfer/sub-v2s16x51231_ses-1/surf/rh.white...
INFO: using TH3 volume calc
INFO: assuming MGZ format for volumes.
INFO: not computing global stats
Using TH3 vertex volume calc
Total face volume 278176
Total vertex volume 277948 (mask=0)
Saving annotation colortable ./BA_exvivo.ctab

table columns are:
    number of vertices
    total surface area (mm^2)
    total gray matter volume (mm^3)
    average cortical thickness +- standard deviation (mm)
    integrated rectified mean curvature
    integrated rectified Gaussian curvature
    folding index
    intrinsic curvature index
    structure name

  992    604   1939  2.319 0.740     0.122     0.022       10     0.9  BA1_exvivo
 3284   2116   4359  2.023 0.539     0.084     0.013       18     1.7  BA2_exvivo
 1169    759   1051  1.891 0.495     0.118     0.024        8     1.0  BA3a_exvivo
 2038   1359   2517  1.644 0.582     0.093     0.015       15     1.4  BA3b_exvivo
 1567    974   3614  3.105 0.597     0.076     0.011        7     0.7  BA4a_exvivo
 1387    891   2227  2.598 0.420     0.080     0.014        6     0.9  BA4p_exvivo
 8600   5801  20300  2.999 0.616     0.102     0.016       69     6.1  BA6_exvivo
 3067   2162   6301  2.709 0.592     0.101     0.016       26     2.1  BA44_exvivo
 3626   2646   8186  2.474 0.764     0.115     0.022       43     3.2  BA45_exvivo
 4861   3541   7570  2.050 0.568     0.136     0.027       57     6.0  V1_exvivo
 9144   6467  15393  2.234 0.597     0.138     0.027      114    10.8  V2_exvivo
 2962   2022   5792  2.601 0.578     0.113     0.022       25     2.6  MT_exvivo
  437    353   1973  3.964 0.680     0.152     0.028        6     0.5  perirhinal_exvivo
  761    555   2844  3.574 0.873     0.120     0.021        7     0.7  entorhinal_exvivo

 mris_anatomical_stats -th3 -mgz -f ../stats/rh.BA_exvivo.thresh.stats -noglobal -b -a ./rh.BA_exvivo.thresh.annot -c ./BA_exvivo.thresh.ctab sub-v2s16x51231_ses-1 rh white 

computing statistics for each annotation in ./rh.BA_exvivo.thresh.annot.
reading volume /out/sourcedata/freesurfer/sub-v2s16x51231_ses-1/mri/wm.mgz...
reading input surface /out/sourcedata/freesurfer/sub-v2s16x51231_ses-1/surf/rh.white...
reading input pial surface /out/sourcedata/freesurfer/sub-v2s16x51231_ses-1/surf/rh.pial...
reading input white surface /out/sourcedata/freesurfer/sub-v2s16x51231_ses-1/surf/rh.white...
INFO: using TH3 volume calc
INFO: assuming MGZ format for volumes.
INFO: not computing global stats
Using TH3 vertex volume calc
Total face volume 278176
Total vertex volume 277948 (mask=0)
Saving annotation colortable ./BA_exvivo.thresh.ctab

table columns are:
    number of vertices
    total surface area (mm^2)
    total gray matter volume (mm^3)
    average cortical thickness +- standard deviation (mm)
    integrated rectified mean curvature
    integrated rectified Gaussian curvature
    folding index
    intrinsic curvature index
    structure name

  689    415   1197  2.182 0.710     0.122     0.024        8     0.6  BA1_exvivo
 1927   1239   2884  2.127 0.495     0.076     0.012        9     0.9  BA2_exvivo
 1058    690    902  1.871 0.494     0.118     0.022        7     0.9  BA3a_exvivo
 1590   1073   1585  1.448 0.366     0.076     0.010        6     0.8  BA3b_exvivo
  901    540   2285  3.404 0.543     0.083     0.012        5     0.4  BA4a_exvivo
 1154    763   1867  2.619 0.424     0.080     0.014        4     0.8  BA4p_exvivo
 5392   3596  12576  3.002 0.601     0.102     0.016       43     3.6  BA6_exvivo
  730    556   1816  2.829 0.423     0.124     0.028       11     0.8  BA44_exvivo
  830    633   2402  2.826 0.705     0.123     0.024       11     0.7  BA45_exvivo
 4668   3383   7141  2.055 0.566     0.133     0.026       53     5.4  V1_exvivo
 4965   3588   8363  2.134 0.603     0.149     0.029       69     6.6  V2_exvivo
  378    245    900  2.781 0.717     0.136     0.034        5     0.5  MT_exvivo
   39     33    208  4.435 0.402     0.137     0.027        0     0.0  perirhinal_exvivo
  738    551   2692  3.663 0.839     0.123     0.021        8     0.6  entorhinal_exvivo

Started at Wed Mar 11 12:43:24 CET 2026 
Ended   at Wed Mar 11 12:46:38 CET 2026
#@#%# recon-all-run-time-hours 0.054
recon-all -s sub-v2s16x51231_ses-1 finished without error at Wed Mar 11 12:46:38 CET 2026
