global_signal	global_signal_derivative1	global_signal_derivative1_power2	global_signal_power2	csf	csf_derivative1	csf_power2	csf_derivative1_power2	white_matter	white_matter_derivative1	white_matter_power2	white_matter_derivative1_power2	csf_wm	tcompcor	std_dvars	dvars	framewise_displacement	rmsd	t_comp_cor_00	t_comp_cor_01	t_comp_cor_02	t_comp_cor_03	c_comp_cor_00	c_comp_cor_01	c_comp_cor_02	c_comp_cor_03	c_comp_cor_04	c_comp_cor_05	c_comp_cor_06	w_comp_cor_00	w_comp_cor_01	w_comp_cor_02	w_comp_cor_03	w_comp_cor_04	w_comp_cor_05	w_comp_cor_06	w_comp_cor_07	w_comp_cor_08	w_comp_cor_09	w_comp_cor_10	w_comp_cor_11	w_comp_cor_12	w_comp_cor_13	w_comp_cor_14	w_comp_cor_15	w_comp_cor_16	w_comp_cor_17	w_comp_cor_18	w_comp_cor_19	w_comp_cor_20	w_comp_cor_21	w_comp_cor_22	w_comp_cor_23	w_comp_cor_24	w_comp_cor_25	w_comp_cor_26	w_comp_cor_27	w_comp_cor_28	a_comp_cor_00	a_comp_cor_01	a_comp_cor_02	a_comp_cor_03	a_comp_cor_04	a_comp_cor_05	a_comp_cor_06	a_comp_cor_07	a_comp_cor_08	a_comp_cor_09	a_comp_cor_10	a_comp_cor_11	a_comp_cor_12	a_comp_cor_13	a_comp_cor_14	a_comp_cor_15	a_comp_cor_16	a_comp_cor_17	a_comp_cor_18	a_comp_cor_19	a_comp_cor_20	a_comp_cor_21	a_comp_cor_22	a_comp_cor_23	a_comp_cor_24	edge_comp_00	edge_comp_01	edge_comp_02	edge_comp_03	edge_comp_04	edge_comp_05	edge_comp_06	edge_comp_07	edge_comp_08	edge_comp_09	edge_comp_10	edge_comp_11	edge_comp_12	edge_comp_13	edge_comp_14	edge_comp_15	edge_comp_16	edge_comp_17	edge_comp_18	edge_comp_19	edge_comp_20	edge_comp_21	edge_comp_22	edge_comp_23	cosine00	cosine01	cosine02	cosine03	trans_x	trans_x_derivative1	trans_x_derivative1_power2	trans_x_power2	trans_y	trans_y_derivative1	trans_y_derivative1_power2	trans_y_power2	trans_z	trans_z_derivative1	trans_z_power2	trans_z_derivative1_power2	rot_x	rot_x_derivative1	rot_x_derivative1_power2	rot_x_power2	rot_y	rot_y_derivative1	rot_y_power2	rot_y_derivative1_power2	rot_z	rot_z_derivative1	rot_z_power2	rot_z_derivative1_power2	motion_outlier00	motion_outlier01	motion_outlier02	motion_outlier03	motion_outlier04	motion_outlier05	motion_outlier06	motion_outlier07	motion_outlier08
922.3684874727362	n/a	n/a	850763.6266827431	1032.13410282135	n/a	1065300.806206833	n/a	872.6139419392758	n/a	761455.0916668018	n/a	891.9215441766793	778.5918142866815	n/a	n/a	n/a	n/a	0.0516231391	-0.0580666336	0.0125920402	-0.0400159609	-0.0522015869	0.0509488416	-0.0323565301	0.0206908388	-0.0068290825	0.013441698	0.3706508959	-0.0138825449	-0.0308081525	0.0029296189	-0.1353654896	-0.0800438695	0.0735311931	-0.0367752894	0.2310690692	-0.2916450356	0.0890236599	-0.0687624596	0.0353965483	-0.0072246497	0.0270651901	-0.0620045081	0.1352067086	-0.0059850082	0.1329607555	-0.0239574593	0.0524720298	-0.0587138615	0.2955769475	0.0071415376	-0.1675581989	0.0427032877	0.014218719	-0.1922429783	0.0550143493	0.0862433379	-0.0131553999	0.0234695983	-0.0793497734	0.071318317	-0.0685934809	0.130519183	0.2071090524	-0.1013978659	0.3746712852	-0.2755074646	0.0224438223	0.0454188723	-0.2182842227	0.0464442367	-0.1955495784	0.0064651746	-0.0334964607	0.0769400666	-0.0050783525	0.0118490954	-0.0873851402	0.0187941376	-0.008541749	0.2486213538	0.0457565646	-0.0592684219	0.0442020935	-0.0119767705	0.0011881708	-0.0327560979	0.0378311617	-0.0327898889	0.0353584317	-0.1079820978	0.0634290048	-0.0841694692	0.0144437387	-0.2495692521	0.116968519	-0.0368853381	-0.1716767916	0.2037317102	8.67926e-05	-0.2195871656	0.1737042481	-0.0819107095	0.0874800935	-0.1236068267	0.2234373835	0.1290883846	0.1290552057	0.1289999139	0.1289225186	0.0009277460901699	n/a	n/a	8.607128078255363e-07	-0.0717254860176694	n/a	n/a	0.0051445453444708	-0.2079448546944036	n/a	0.0432410625938766	n/a	-0.0011953053251404	n/a	n/a	1.4287548203089976e-06	0.0020009175993693	n/a	4.003671239465802e-06	n/a	-0.0006943055803184	n/a	4.820602388612702e-07	n/a	0.0	0.0	0.0	0.0	0.0	0.0	0.0	0.0	0.0
922.6128367874708	0.2443493147345634	0.0597065876112507	851214.4466050242	1017.9991748473224	-14.134927974027732	1036322.3199898292	199.7961888309517	874.9437637600611	2.329821820785241	765526.5897426215	5.428069716607058	891.1994778001285	787.4968331874102	1.272914	26.673601	0.0791661546883674	0.0441175257224655	0.0704515821	-0.0296537986	-0.0405097068	0.0501194082	-0.0158215235	0.1413775286	-0.0689399853	0.0196111706	-0.1211820223	-0.1198383885	0.1144543823	0.0608967666	-0.0820209294	0.0310096333	0.065262675	-0.202124205	0.0255403022	-0.1402981935	0.2462716883	0.0732515993	-0.0496253714	0.264428912	-0.1523912876	0.0063227989	-0.0762795855	-0.2011418796	0.1571422811	-0.0242295969	0.0926662829	-0.2002080273	-0.078167443	-0.0270343902	-0.0836395004	-0.0918933857	-0.0380563221	-0.0190835494	-0.0579565977	-0.0829361577	-0.0054084695	-0.0156504111	0.0593982408	-0.1153987369	0.1106532961	0.033420484	0.0505591209	0.0653292294	0.2115815522	-0.0343884366	-0.0834006228	-0.2237607652	-0.2947178355	-0.0974471548	-0.1817670777	-0.0726896385	-0.0403470158	-0.0935094654	0.0767643475	-0.1309111399	-0.2817652233	-0.0365069154	-0.0408952025	-0.2195923661	0.1198825508	-0.0132618157	-0.0448577205	-0.0585319496	0.0523072584	-0.0184905862	0.0104144359	-0.016310114	-0.0328521766	-0.0634947923	0.0103564814	-0.0909921569	0.1127898421	-0.0681643076	-0.0048103086	-0.2058529125	0.1034796423	-0.0254394762	-0.2780267988	0.1885050992	-0.1034938173	0.0257537966	0.0469997197	-0.0195022801	0.0346394599	0.0116362504	-0.2601624627	0.1289999139	0.1287014744	0.1282045865	0.1275100165	0.0006852575327229	-0.000242488557447	5.880070049272704e-08	4.695778861534763e-07	-0.0579939395692008	0.0137315464484686	0.0001885553678664	0.0033632970267561	-0.1735342867094118	0.0344105679849918	0.0301141486637443	0.0011840871890497	-0.0012710558615704	-7.575053642999989e-05	5.738143769432741e-09	1.6155830032324717e-06	0.0015973569601157	-0.0004035606392536	2.55154925803007e-06	1.628611895547743e-07	-0.0005579857220528	0.0001363198582655	3.113480660147846e-07	1.858310375755326e-08	0.0	0.0	0.0	0.0	0.0	0.0	0.0	0.0	0.0
923.069114155194	0.4562773677232599	0.2081890362964669	852056.5895072547	1014.6172151004566	-3.381959746865732	1029448.0931782062	11.437651729420129	876.538557493814	1.5947937337529083	768319.8427733362	2.5433670532175423	891.9279398746628	779.1100236563847	1.107183	23.200743	0.055103610603218	0.0334701637933706	0.0830913095	0.0007827524	0.048646658	-0.0255472078	-0.0503732638	-0.0423379658	-0.0675769547	0.0620936461	-0.115325041	-0.178724686	-0.0705695477	0.1056605135	-0.0834030578	-0.0047505915	-0.1250059192	-0.1565178493	-0.0166291693	-0.1287227653	0.0561063677	0.1612296857	0.0009090551	-0.107752618	-0.0163649572	-0.2177483554	0.0645424813	-0.1146655376	-0.1335517517	0.1864801907	-0.0683107486	0.0431031327	-0.0070747758	-0.0270923805	-0.0780200155	-0.1906058883	-0.1141103628	-0.0417870283	-0.0939347303	-0.0056594891	-0.1831660558	-0.1195667488	0.0975927916	-0.114475624	-0.0958674744	-0.0271095183	0.1096462666	-0.1159024644	0.2109350851	-0.0624173927	-0.0187822967	0.0530513178	0.0776678108	0.1245265195	-0.2231534974	0.0561915716	0.0992928105	-0.190941589	0.0010239246	-0.053775044	0.0944086788	-0.0287363708	-0.1701839584	0.02238964	-0.1145507197	0.1017758142	-0.190745008	-0.0570475419	0.0432788849	0.0199604709	-0.0379093731	-0.022011019	0.0346867343	-0.083299446	-0.0156876463	-0.0762497718	0.0938234937	-0.0070244305	0.0152527757	-0.2634589603	-0.0797923111	0.0046122384	-0.057958181	0.1165070573	-0.000455853	-0.0424988855	-0.0540139421	-0.0652204214	-0.0464183303	0.121144749	-0.0001260611	0.1288230331	0.1279949812	0.1266188352	0.124700488	-0.0030557941342976	-0.0037410516670205	1.3995467575316865e-05	9.33787779120762e-06	-0.0276633101941428	0.030330629375058	0.0009199470782871	0.0007652587308973	-0.1819700326271913	-0.0084357459177795	0.033113092774341	7.116180918933372e-05	-0.0011962005178505	7.485534371989996e-05	5.603322483424366e-09	1.4308956789058045e-06	0.0015972294416914	-1.2751842429995638e-07	2.5511418894058214e-06	1.62609485359437e-14	-0.0003810449113298	0.000176940810723	1.4519522445033517e-07	3.130805049931252e-08	0.0	0.0	0.0	0.0	0.0	0.0	0.0	0.0	0.0
924.678632954895	1.609518799700936	2.5905507665907423	855030.5742433333	1018.0990579268512	3.4818428263945407	1036525.691751542	12.123229467715124	875.8633776355892	-0.6751798582247375	767136.6562832228	0.4558678409523766	891.3956268889362	797.9680461620462	1.098727	23.02355	0.0574404684816243	0.0305174336435958	0.0934528673	0.0407389271	-0.0655200526	0.0374251181	-0.0660399925	0.085169813	0.0080628041	0.0364111818	-0.1354550526	-0.0861431773	-0.0266220464	0.0978890521	-0.0612600401	0.0447703082	0.1069156132	0.0164144843	-0.048695944	0.0997035693	-0.0499889217	0.2156740731	-0.0849069272	-0.0637073305	0.0387287586	-0.0952052722	-0.0283201807	0.0723779735	-0.0028647854	-0.0319608528	0.1775727659	-0.0446728354	0.0042910499	0.0964460877	0.0862435716	-0.0347868961	-0.0055991279	-0.0352216242	0.1596324557	-0.175040447	0.1246683715	0.0349033201	0.0917006755	-0.0967833142	0.0555168601	0.0468081745	0.1113279795	0.0088712929	-0.0270924995	-0.1365504326	-0.1772293678	0.051603134	-0.052774649	0.0160196765	-0.1872968737	-0.0432769331	0.1285468717	0.1365852071	0.0045193175	0.0993807256	-0.0073046959	0.0657179074	0.0080218529	0.108575771	0.003319838	-0.0184018189	0.0273408269	-0.0581773688	0.0436824542	0.0358109115	0.0381582562	0.0084961069	-0.0417434675	-0.0950181487	-0.0322643675	-0.0125192218	0.1715106977	-0.0219960546	-0.0095933897	-0.1415919227	0.0450342624	-0.0480014598	-0.1502508771	0.0206176374	-0.0103927511	0.0574101671	-0.0668982467	0.0681615093	0.0444729253	0.1319126998	-0.0993860382	0.1285578634	0.1269376627	0.1242524367	0.1205247148	-0.0153440894942491	-0.0122882953599515	0.0001510022028534	0.0002354410824075	-0.0238937754395038	0.0037695347546389	1.4209392266431296e-05	0.0005709125047534	-0.1621067766976125	0.0198632559295788	0.0262786070512896	0.0003945489361239	-0.0012839217687985	-8.772125094800003e-05	7.695017867881997e-09	1.648455108394669e-06	0.0015979656619993	7.362203079000571e-07	2.553494256928861e-06	5.42020341764455e-13	-0.000722975088823	-0.0003419301774932	5.226929790586248e-07	1.1691624628053126e-07	0.0	0.0	0.0	0.0	0.0	0.0	0.0	0.0	0.0
924.8506869076572	0.1720539527622122	0.0296025626611015	855348.7930735653	1020.4299302942612	2.330872367410052	1041277.2426403508	5.43296599315574	876.2837021579946	0.4203245224053944	767873.1266677211	0.1766727041353229	891.2517234348174	805.1158119640131	1.143345	23.958517	0.095675098460992	0.0451266912174261	0.0970147335	0.0608665616	0.0627455149	0.0192117134	-0.0948644449	-0.0572845868	-0.0972351299	0.0296595229	-0.1407902713	-0.0663269063	-0.1080965526	0.1062654849	-0.1041795716	0.039971169	-0.0237096132	-0.0786215317	0.0004574604	-0.0636527785	-0.0993419539	0.1612233781	-0.0012430632	-0.2488556124	0.055914714	0.1340177391	-0.0251898383	0.0185393282	-0.2090397636	0.0418101874	-0.05492156	-0.0421564854	-0.102655233	0.0770778845	-0.0453260616	-0.0385897866	-0.1765571715	-0.0724101292	0.0835075916	0.0848859333	-0.0907041002	0.088078886	0.0989360646	-0.1459011324	-0.0230471428	-0.0142120094	0.0974165937	-0.1503653799	0.0335249209	0.0550067054	-0.1745600033	0.2012297724	0.0808789658	0.2056931765	0.0234915382	-0.1152796193	-0.1032522615	-0.1422295177	0.0151329631	0.0526350537	0.0338371867	0.0399458411	-0.103069742	0.1317059497	-0.0540523917	-0.0743703232	-0.0828316145	-0.0604894329	0.0292654404	0.0301228028	-0.0291241669	-0.0841149347	0.0230549648	-0.099304783	-0.001057395	-0.0531768019	0.0567591105	-0.0684265998	0.1037993691	-0.1413210503	-0.0227128551	0.011488312	0.0687708778	-0.1160634703	0.0359438714	-0.0029674891	0.0127276088	0.0943520083	0.0698095866	-0.0009920573	0.2196145777	0.1282045865	0.1255324169	0.1211199807	0.1150284477	-0.0155736914876314	-0.0002296019933822	5.2717075365125485e-08	0.0002425398665519	-0.0055086716059662	0.0183851038335376	0.0003380120429699	3.034546286237823e-05	-0.1436889478927554	0.018417828804857	0.0206465137465269	0.000339216417885	-0.0009027392723981	0.0003811824964004	1.45300095562041e-07	8.14938193929851e-07	0.0010152308023274	-0.0005827348596719	1.0306935819943365e-06	3.3957991667682897e-07	-0.000514041168311	0.0002089339205119	2.642383227185379e-07	4.3653383140514726e-08	0.0	0.0	0.0	0.0	0.0	0.0	0.0	0.0	0.0
923.8831085834394	-0.9675783242178112	0.936207813496148	853559.9983257992	1023.144874236163	2.7149439419017654	1046825.4336757336	7.370920607669096	877.4651311691122	1.1814290111175296	769945.0564176273	1.395774508310144	894.6541419119676	806.5225008953577	1.169123	24.498684	0.0236967687944807	0.0208342605423049	0.0700514428	0.0389873633	-0.0236323754	0.002692791	-0.0319686713	0.0242303569	0.0567344582	-0.0182646102	-0.0067153262	0.1679052135	-0.1887040144	0.1399379021	-0.0037687729	0.0565992834	0.085870793	-0.0286656561	-0.1230153906	0.0815745457	-0.1397082131	-0.0846330638	-0.2925789634	-0.040873835	-0.0309765878	-0.0385363492	-0.1213454786	-0.0149489831	0.0996058231	-0.0271001638	0.0489679082	0.131208294	0.0907118943	0.0178095495	0.2120739017	-0.0897883123	0.0812222007	-0.0526041702	-0.0995068737	0.1399255715	-0.2032190895	-0.1404677083	0.142931173	-0.0079332249	0.081985555	0.0631173158	-0.0019813191	0.0706774599	-0.2004587321	0.1339736456	-0.0993374644	-0.0661984237	-0.1333977601	-0.0377053537	-0.1595291131	0.1149858251	-0.1017529552	0.2886939944	0.0059942749	-0.0777350922	0.1351441702	0.0680195448	0.0574338524	0.1548586767	0.0034757216	0.0608638506	-0.0333896466	-0.0545320375	0.024696951	0.0111078348	0.0414610159	-0.1006370407	-0.0089662287	-0.0987273269	0.0077662422	-0.0770537913	0.0450776297	-0.1398280684	0.074333402	0.0902463538	0.0254576889	-0.0645155455	-0.0699953479	-0.1009801635	0.0188736463	0.1605631872	-0.0355265674	0.0151424863	-0.0155174701	-0.1738719672	-0.0358607434	0.1277634447	0.1237830955	0.1172407796	0.1082719048	-0.0155719230155142	1.768472117198716e-06	3.1274936293093094e-12	0.0002424847864011	-0.0054050396720981	0.000103631933868	1.073957771724223e-08	2.9214453856954333e-05	-0.1233251048484049	0.0203638430443505	0.01520908148587	0.0004146861035349	-0.0009672399338364	-6.450066143829996e-05	4.160335325978195e-09	9.355530896078434e-07	0.0010152486023542	1.7800026799958193e-08	1.0307297245821566e-06	3.1684095407922993e-16	-0.0005140091228932	3.2045417800016455e-08	2.642053784174368e-07	1.026908801977611e-15	0.0	0.0	0.0	0.0	0.0	0.0	0.0	0.0	0.0
921.897390524065	-1.985718059374335	3.943076211325376	849894.7986550805	1011.8083933661966	-11.336480869966408	1023756.224886284	128.51579851511434	875.0485481452263	-2.416583023885892	765709.9616110683	5.83987351133348	891.2456190809072	800.6493520035141	1.172588	24.571283	0.0410651168716925	0.0212624166132709	0.0680269816	0.0354935143	0.119486769	0.0193206115	0.0183595047	-0.0599344001	-0.0687693346	-0.0601477696	-0.0586175501	0.0971665926	-0.2070297331	0.0799338122	-0.0107803472	0.0282425643	-0.050215944	-0.0298858593	0.0273955163	-0.1269132252	-0.0794298607	-0.0577374314	-0.1277923378	-0.0378728267	0.0031315349	-0.2759493486	-0.2623736567	0.0572150462	-0.0273057394	-0.0460615678	0.0405744063	0.0163719929	0.0730311246	-0.0698763036	-0.1256916223	0.1746935304	-0.0439803435	0.1646320087	0.1199414515	0.2291006057	0.0219432998	0.0385203119	0.0852588762	-0.0429197141	-0.0358055139	0.0156098976	-0.0287251228	-0.0774631384	0.0222020794	0.251592862	-0.1200665103	0.078992121	0.0891478952	-0.2342842433	-0.0294345201	0.09832413	-0.0657544249	0.0634844258	-0.0247351324	-0.1284185669	0.2080428567	-0.1715906861	-0.1725008149	0.0154777675	0.0876473498	-0.0850101044	0.0676504332	-0.0513217921	0.0155847091	0.0278099715	-0.0452878331	-0.1431136757	0.0405317378	-0.1241688195	0.0547223581	-0.105927457	-0.0561006134	-0.0570154894	0.1359043878	0.1046402977	-0.0889646865	0.0593882616	0.1562103983	-0.0844454992	-0.0052491492	0.0553934068	-0.0055553276	0.0437130518	-0.111936224	-0.1434797142	0.011479822	0.1272347401	0.1216944932	0.1126387502	0.1003291122	-0.0078400253981811	0.0077318976173331	5.978224076492128e-05	6.146599824412471e-05	0.0057448281044685	0.0111498677765666	0.0001243195514349	3.300304994989114e-05	-0.1079203555805321	0.0154047492678728	0.0116468031486284	0.000237306300006	-0.0010442236673722	-7.69837335358e-05	5.926495229111058e-09	1.0904030675002468e-06	0.0010737669593714	5.85183570171999e-05	1.1529754830377016e-06	3.4243981079924686e-09	-0.0005139391692478	6.995364540006347e-08	2.641334696871188e-07	4.8935125047578186e-15	0.0	0.0	0.0	0.0	0.0	0.0	0.0	0.0	0.0
921.064404260806	-0.8329862632590448	0.6938661147782667	848359.6367963135	1015.854918760412	4.04652539421545	1031961.2159697232	16.374367766030506	873.604939688143	-1.4436084570833143	763185.5906475239	2.084005377362468	890.683638877694	801.1996956485441	1.158764	24.281624	0.0334780510404842	0.0171193693116658	0.0504516026	0.0083917908	-0.0600856486	-0.0626541361	0.0363058552	0.040049417	0.0246377404	0.0266155878	-0.0616547829	0.0746761884	0.0607249243	0.0519913549	-0.0593787867	0.0517893342	0.0884602103	-0.0475431853	0.0274211614	-0.0307991802	0.0054781653	0.1714768734	-0.1302965104	0.1032946504	0.1799657537	0.0851817932	0.164314782	0.0014617628	-0.0974803707	0.0206833779	-0.1178091429	0.1428226984	-0.0245506289	0.0572210807	-0.1076279034	0.1229675345	-0.0037145649	0.0056667485	0.0030826408	0.0146176329	0.2213433936	0.1125965049	0.0572008154	-0.0357644942	0.0405760069	0.0787813608	0.002336626	0.0450414659	0.040934771	0.1064805677	-0.1428534211	-0.1165096215	-0.0263994738	-0.0506073442	0.1073882999	-0.178686047	0.2307992258	-0.0753281674	0.0585856025	0.1437778629	0.0269124292	-0.0323863091	0.1123102474	0.0303344666	-0.1658465146	-0.1975614486	0.0546408986	-0.0448759541	0.024466998	-0.0166159611	0.0517580487	-0.0295468805	-0.0180594788	-0.1152457577	-0.0281227405	-0.0210333199	-0.0202196564	0.0452414686	-0.0132822717	0.1140822256	0.104356267	0.0069369506	-0.0151347909	-0.0145781155	0.0431006294	0.1046716208	-0.0306761054	0.0327469631	-0.0119836527	-0.086410723	-0.0863184954	0.1266188352	0.1192723348	0.1073422654	0.0912870929	-0.0038788766424744	0.0039611487557067	1.5690699464836736e-05	1.5045684007533474e-05	-0.005411270014477	-0.0111560981189454	0.0001244585252395	2.9281843169577903e-05	-0.0988662334648751	0.009054122115657	0.0097745321195311	8.197712728522936e-05	-0.0011962161377972	-0.000151992470425	2.310171106589452e-08	1.4309330483264498e-06	0.0011078063488474	3.403938947600009e-05	1.2272349065466074e-06	1.1586800358988259e-09	-0.0005138373881453	1.0178110249991873e-07	2.6402886145598374e-07	1.0359392826098961e-14	0.0	0.0	0.0	0.0	0.0	0.0	0.0	0.0	0.0
920.6924003324776	-0.372003928328354	0.1383869226917271	847674.4960299793	1022.2612278882197	6.406309127807617	1045018.0180435304	41.04079664103119	874.7463612403734	1.1414215522304405	765181.1965032738	1.3028431598961476	891.5800883840158	790.0838473572128	1.171236	24.542967	0.021123766488665	0.0162963903150615	0.0359990462	-0.0239135351	0.1043200495	0.0657000835	-0.0267421945	-0.0603704608	-0.0819484608	-0.0898995958	-0.0065763746	0.0471156854	-0.0163780696	0.0848180945	-0.058446701	0.001023962	0.0035351135	0.0719949277	0.0008952102	-0.0787802028	0.0966510501	-0.1253617923	0.0905856135	-0.1068682621	-0.1517761248	0.1554882943	-0.111049128	0.1104074568	-0.016811402	-0.1275180264	0.1556150416	0.0184754293	-0.0250417292	0.0306546369	-0.152625575	0.1307912334	0.1166323465	-0.1131925489	0.1236481367	0.0263454872	0.1041292659	0.079145342	0.0906125727	-0.0384636804	-0.0188079317	0.0097517581	-0.0839464129	-0.0983363523	0.0557106477	0.0221269718	-0.0516880399	-0.0405429609	0.1505963833	-0.1066669497	0.2414830504	0.0470050691	-0.2597109406	0.1116873292	-0.0725808359	0.0860504845	-0.0481297621	-0.0687528939	0.0904894824	-0.0369752288	0.0682949199	-0.1717419308	0.0414476917	-0.0419026489	0.0226881547	0.003208366	-0.0935222379	-0.0207677999	-0.0047475312	-0.0814289114	0.038510173	-0.0745442767	-0.0431684037	0.1181217829	0.080814038	0.0952533732	-0.2423016961	-0.0154155994	0.1472681241	-0.0862461381	-0.0786032592	0.0384735229	-0.0147598302	-0.0510212553	-0.1092080796	0.2031461923	-0.1725060257	0.1259161521	0.1165232592	0.1013839798	0.0812449131	-0.0050076075680038	-0.0011287309255294	1.2740335022464565e-06	2.5076133555128933e-05	-0.0053897362750632	2.153373941379995e-05	4.637019331414414e-10	2.9049257114732136e-05	-0.0945809326076982	0.0042853008571768	0.0089455528129419	1.8363803436520994e-05	-0.0011961401148243	7.602297289995355e-08	5.779492408547072e-15	1.4307511742918895e-06	0.0014208071644574	0.00031300081561	2.0186929985734774e-06	9.796951057252524e-08	-0.0005131502073973	6.871807479999839e-07	2.6332313535189205e-07	4.722173804218174e-13	0.0	0.0	0.0	0.0	0.0	0.0	0.0	0.0	0.0
921.467862148634	0.775461816156394	0.601341028316573	849103.020972774	1021.7448901008156	-0.5163377874040407	1043962.6204471276	0.2666047107013003	876.8540558730156	2.107694632642165	768873.0353009575	4.44237666446859	894.6502756202353	783.4685456045743	1.218917	25.542095	0.0282798147519601	0.021418074456548	0.0304679655	-0.0278831801	-0.0727765701	-0.1006612785	-0.018192677	-0.0276593584	0.088192593	0.079588196	-0.0095584834	0.1279563248	0.1340835741	0.149191986	-0.012967056	0.0465559886	-0.0313760981	0.1127435195	0.1435048264	0.1440011713	-0.0635786665	-0.0265157271	0.1297369329	0.1024943142	0.3101185934	0.0543100867	-0.0094768544	-0.0153188808	0.283822815	0.1597425442	-0.0249279592	0.0864791878	0.0082049293	-0.0705119883	0.1058016061	-0.0432885447	0.2691136078	0.0731316051	-0.1000815496	-0.1422093524	0.0218996791	-0.0236697147	0.1532902177	0.058854796	-0.0754017728	0.1016645562	-0.0605637484	0.1035895081	-0.0426390101	-0.0377720972	0.1478595172	0.0315205046	0.0414098865	-0.0432707949	0.1008112887	-0.0978908996	0.2379657024	0.1092543141	-0.0213194677	0.036790679	0.121537946	0.3095119896	0.1062777641	-0.1206518077	-0.1796839959	0.1580113857	0.18076432	-0.0372709472	0.0268412745	0.0018407078	0.081944745	0.0466509394	0.0091972685	-0.1176713955	-0.0389435529	0.0655638577	0.0177491428	0.1794881567	-0.1449242432	0.1243237724	0.0719870607	0.0002881108	0.0134209881	0.0380681	0.0942587376	0.028737516	-0.1164092281	-0.0917567023	-0.0278017205	0.0214852862	0.0726840796	0.1251271724	0.1134548014	0.0948006283	0.0703125971	0.0002579137832015	0.0052655213512053	2.772571509999889e-05	6.651951956531035e-08	-0.0053414061030423	4.8330172020899335e-05	2.3358055275697208e-09	2.8530619157617534e-05	-0.0919320869605542	0.002648845647144	0.0084515086129229	7.016383262393726e-06	-0.0011962393436022	-9.922877789998556e-08	9.846350363524663e-15	1.4309885671818225e-06	0.001015305706336	-0.0004055014581213	1.030845677318444e-06	1.6443143253858148e-07	-0.0005138918721298	-7.416647324999049e-07	2.6408485624107066e-07	5.500665754341556e-13	0.0	0.0	0.0	0.0	0.0	0.0	0.0	0.0	0.0
918.8183860533462	-2.6494760952878096	7.019723579501538	844227.2265496759	1019.4494446025176	-2.2954454982980224	1039277.1701003816	5.269070035656656	874.0633719230461	-2.7906839499694343	763986.7781374853	7.787916908617004	891.7197776979056	787.43003752259	1.168888	24.493769	0.0307115054805474	0.0149309459512908	0.0098623241	-0.0757279296	0.0198404199	0.0897666486	0.0185996652	0.0160695819	-0.0410365934	-0.0597963339	-0.0113358204	0.1073553901	0.010763147	0.0876852385	-0.027021459	0.0098914332	0.044275195	0.1168154188	0.0894495287	-0.0589288619	-0.0814902583	0.0992793975	0.047161446	-0.0262713954	0.0125319095	-0.1193010637	-0.0465958012	0.0616620639	0.039954091	0.0625490059	-0.0567420199	-0.0466303213	0.0308722461	-0.0430363035	0.0307600535	0.2122107963	0.031458665	0.0216536641	-0.1004685736	0.0527465977	0.12889289	-0.1411406175	0.094013882	0.0166863405	0.0365404394	0.0692591894	-0.1175141311	-0.0161424809	-0.0036019635	0.0008604883	-0.0654371108	0.0912928014	0.0661711862	0.0486424987	0.0852022542	0.0343395244	0.0594527453	0.0520004581	-0.0355802633	-0.0388385299	0.0401646632	-0.0494146039	-0.0948129825	-0.0685162584	0.0905890667	0.100371939	0.1587186149	-0.031762915	0.0155853547	-0.0099085816	-0.0696485723	0.0310439693	-0.0499997218	-0.0606005266	0.0019492436	-0.0019950327	-0.0036896874	0.16396009	-0.0210612861	0.1439339417	-0.0564413474	0.0194661734	0.1182541106	-0.1228450315	-0.0147855365	-0.1512894938	0.1205654481	0.0514184827	-0.0519635849	0.2105506344	0.0136541772	0.1242524367	0.1100753719	0.0876327994	0.0586099215	-0.0023492666832396	-0.0026071804664411	6.797389984592032e-06	5.519053948979591e-06	-0.0054118687325228	-7.046262948049928e-05	4.964982153306126e-09	2.928832317805793e-05	-0.0812421280117234	0.0106899589488308	0.0066002833638732	0.0001142752223276	-0.0010503045962814	0.0001459347473207	2.1296950475585742e-08	1.1031397449698348e-06	0.0008962254252011	-0.0001190802811349	8.032200127768924e-07	1.4180113355166849e-08	-0.0004320288318696	8.186304026019996e-05	1.866489115666111e-07	6.701557360643119e-09	0.0	0.0	0.0	0.0	0.0	0.0	0.0	0.0	0.0
917.3712031785568	-1.447182874789405	2.0943382730837268	841569.9244212729	1017.0977750666	-2.3516695359176083	1034487.884045428	5.53034960616294	872.6304155668754	-1.4329563561707346	761483.8421724177	2.053363918690109	891.1073196041888	780.119372393071	1.102991	23.1129	0.0333669146941412	0.0176742169823086	-0.0076260812	-0.0717979677	-0.0498488536	-0.0991651458	0.0617547024	-0.0026117454	0.0373715675	0.0643264826	0.0143611951	0.1347912765	0.1259588273	0.0586980976	-0.0020736522	0.1149254113	-0.0075322496	0.1834919679	0.0413454751	0.1089401421	0.0350225044	-0.1694975196	-0.0683237981	0.1687146017	-0.0889096607	-0.0339977983	0.2213516428	0.0281990894	-0.033153537	0.0425934215	-0.1685663308	-0.0779100979	0.0250910628	-0.0798049934	-0.0993728743	0.0173376025	0.2090790152	-0.1149906434	0.156298206	-0.0523589966	-0.1614560783	0.1321358179	0.0657436685	0.0752278567	-0.0370746912	0.1325902687	-0.080522515	0.0853868772	-0.1209576415	-0.0634859836	0.0833193693	-0.0502720014	0.0576289759	-0.0265638513	0.0711522644	0.1149871342	0.2066403213	-0.0993500418	-0.0781740347	-0.1117307766	-0.0471214369	-0.043556397	0.2462359045	-0.0668834336	-0.023627612	-0.0044602311	0.0418974762	-0.0205694385	0.020082881	-0.0237081574	0.056606515	0.0865213905	0.0334673015	-0.0368972598	-0.0275221208	0.0764483816	-0.0133755416	0.1515573459	-0.137307845	0.1294474946	0.0207865407	0.0015409152	0.0801340269	0.0386224975	0.1030233998	0.0184106692	-0.1422762498	-0.0519951954	-0.0271195024	0.0372312182	0.0547209454	0.1232925447	0.1063942335	0.0799246852	0.0462651033	-0.0009271753259412	0.0014220913572984	2.0223438285028054e-06	8.596540850341704e-07	-0.0137014772439982	-0.0082896085114754	6.87176092735254e-05	0.0001877304786678	-0.0826208347678658	-0.0013787067561424	0.0068262023377389	1.900832319432716e-06	-0.0009686984282052	8.160616807620011e-05	6.659566668081022e-09	9.383766448072248e-07	0.0011782489945193	0.0002820235693182	1.3882706930857415e-06	7.95372936509776e-08	-0.0005139292558597	-8.190042399009996e-05	2.6412328002850493e-07	6.7076794497581415e-09	0.0	0.0	0.0	0.0	0.0	0.0	0.0	0.0	0.0
910.7444798063974	-6.626723372159404	43.9134626511237	829455.5074978254	1007.2070191327264	-9.890755933873606	1014465.9793902322	97.82705294345595	863.7418568567025	-8.888558710172902	746049.9952862643	79.00647594419056	881.4111530910214	774.2639891854648	1.130948	23.698744	0.0256051488559557	0.0158998372149236	-0.0205513127	-0.110088216	-0.0122347714	0.0729848726	0.0691479577	0.0425162087	-0.066722963	-0.0039551293	0.0486236037	0.0136889762	-0.1141481175	-0.1746808984	-0.0316829432	0.0244438333	0.0143892078	0.0671622738	0.0196787714	-0.1586714899	-0.0142933356	-0.0750961423	0.0766473977	-0.1584793446	-0.1149941756	0.0827903663	0.1700376044	0.1321082728	-0.0055598458	0.0362268368	-0.3734406484	-0.1182689212	0.0802472105	-0.2709370739	0.0009609695	-0.1154261574	0.1932007612	0.1436107347	-0.0977614137	-4.3122e-06	0.0142712141	-0.0086782979	-0.1723404021	-0.0148915084	0.0240825389	0.0266883638	-0.0393198855	-0.0944570022	-0.0209823988	-0.0199554661	5.03807e-05	0.0335743062	0.089519605	0.2148198428	0.2192674595	0.0958481916	-0.0724764828	-0.1580797507	-0.0677744064	-0.0468433825	0.0613477615	-0.0617246041	0.0461256391	-0.1546461921	0.186976524	0.2304603553	-0.0055845888	-0.0141106425	0.0209446664	-0.0199557124	-0.0364256656	0.074528303	-0.0740111037	0.0377629952	-0.0365987885	0.0745123291	0.0031276854	0.0767624341	-0.0889538373	0.1385283353	-0.0318297182	-0.0222284119	0.1193516073	-0.0846455654	-0.0485967485	-0.2547191108	0.0669570502	0.1243560709	0.0543144786	0.1034740112	0.0884352828	0.1222481541	0.1024214758	0.0717238087	0.033413395	-0.0073453263413512	-0.00641815101541	4.119266245660842e-05	5.3953819060947805e-05	-0.0132902321623191	0.0004112450816791	1.691225172052499e-07	0.0001766302709283	-0.0863119748466374	-0.0036911400787715	0.0074497570019265	1.3624515081113983e-05	-0.0009907699236741	-2.2071495468899984e-05	4.871509122336726e-10	9.81625041657182e-07	0.0008987529540325	-0.0002794960404868	8.07756872382145e-07	7.811803664779899e-08	-0.0005140539735059	-1.247176462000621e-07	2.642514876772046e-07	1.5554491273683862e-14	0.0	0.0	0.0	0.0	0.0	0.0	0.0	0.0	0.0
905.682861243241	-5.061618563156458	25.619982478890044	820261.4451497437	1009.9879218830782	2.7809027503518564	1020075.6023496988	7.73342010691452	858.1951785919081	-5.546678264794423	736498.964558397	30.76563977314287	877.0153770671318	774.5087703836375	1.141798	23.926105	0.0591281854403692	0.0283646593144574	-0.0188531366	-0.0763059832	-0.0027440159	-0.0920539521	0.0758055826	-0.0158373604	0.0219094127	0.1471534941	0.0695114803	0.0642679906	-0.0108785128	-0.3054468276	0.0110073768	0.0151017483	-0.0619835445	0.0116133239	-0.017109313	0.025385161	0.1008663186	-0.0080276977	0.0335961002	0.0253524316	-0.13826693	-0.0312462124	0.0906060221	0.0140038364	0.0766305966	-0.0281640767	0.0161693774	0.103137856	-0.2164458724	0.0335601999	-0.0603596525	-0.043160112	-0.0106019734	-0.0828311379	0.0575717134	0.0832607978	0.2196220109	-0.044278679	-0.2993279575	0.0340345275	-0.0784710558	0.0357502121	0.029922161	0.0076049112	-0.0724122884	-0.020091947	0.0980216442	-0.0649923305	0.0649147137	0.0387764502	-0.0261597215	-0.0474779664	0.0515543149	0.059128907	-0.0635322346	0.0066210536	0.0101964633	-0.0311070989	0.1145556884	-0.2044073631	0.1140981335	-0.3265511932	-0.032250877	-0.0019467438	0.0219547374	-0.0191614575	0.0396168265	0.1197311456	0.0621583277	0.0929988203	-0.0291413087	0.0914094861	-0.0428083544	0.0799000895	-0.1068449792	0.1404210134	-0.0749237769	-0.0537135389	0.1698199371	0.0219939759	0.115095053	0.0740073628	-0.19263548	0.0138307069	0.118263548	0.0003062686	0.0476666372	0.1211199807	0.098167988	0.063080731	0.0201956026	0.0026717547510344	0.0100170810923856	0.0001003419136114	7.13827344967489e-06	-0.0332174444027657	-0.0199272122404466	0.0003970937876758	0.0011033986126508	-0.0999064854663345	-0.0135945106196971	0.0099813058382349	0.000184810718989	-0.0008458295913033	0.0001449403323707	2.1007699947757948e-08	7.154276975243075e-07	0.0009211567712616	2.240381722909998e-05	8.485297972410955e-07	5.019310264349171e-10	-0.000369610493349	0.0001444434801569	1.3661191679369117e-07	2.0863918959836776e-08	0.0	0.0	0.0	0.0	0.0	0.0	0.0	0.0	0.0
906.6699196839072	0.98705844066626	0.974284365290509	822050.3432596228	1002.559466418098	-7.428455464980175	1005125.4837045416	55.18195059519383	859.8550320011017	1.6598534091936017	739350.6760576156	2.755113340011622	877.0416170747706	769.4476703534181	1.19475	25.0357	0.0387619763311628	0.0229016013537592	-0.0246345534	-0.0856098089	-0.0808523966	0.1131576141	0.0729931494	0.0957710381	-0.0792022003	-0.0134851322	0.009769264	-0.0762844368	-0.1481978953	-0.2510952563	-0.0083386554	-0.0052197964	0.1012245093	0.0453240473	-0.0652282076	0.0616595571	0.0291598976	0.1700327917	0.1450595226	-0.0830355468	0.0846204225	0.1045566175	-0.0854632899	-0.0042316748	0.0611406828	-0.23905013	-0.0807865689	0.1814111184	0.126394233	-0.0272495476	-0.0431082289	-0.0677331608	-0.0809457552	-0.135894165	0.1264350861	-0.1840189553	-0.1334564304	-0.0783568744	-0.2574800503	-0.0365095455	0.0925050878	-0.0299016904	0.0035207151	-0.1167207753	-0.072538319	-0.1334822678	-0.0538101342	0.1193384291	-0.0827392808	0.0914555727	0.1651660615	-0.0475577361	-0.0623977012	0.0152475731	0.1855146218	0.0704847812	0.145881963	0.0569819831	-0.023740864	-0.1147819268	-0.0451051864	0.1045509901	-0.1513033391	0.0075568131	0.0157407513	-0.0130309451	0.0084687846	0.0584693785	-0.0981071745	0.1470367974	-0.0458385232	0.1000625022	0.0263584251	-0.0465067818	-0.0590847008	0.2006351888	0.1005807857	-0.0808614663	0.1253605633	-0.0157738959	-0.0804457899	-0.2310377859	0.0490397107	0.1398768993	0.0850928534	-0.1046353106	-0.0715034253	0.1199087977	0.0936454286	0.0540487397	0.0067565429	0.0032334292523614	0.0005616745013269	3.154782454409338e-07	1.0455064730026402e-05	-0.0399012208407327	-0.0066837764379669	4.467286747272282e-05	0.0015921074245809	-0.1071673183473933	-0.0072608328810588	0.0114848341217715	5.27196941266647e-05	-0.0007998972613672	4.593232993610008e-05	2.109778933358756e-09	6.398356287427466e-07	0.0005121597197657	-0.0004089970514958	2.623075785504804e-07	1.672785881323398e-07	-0.0003997949621332	-3.018446878420004e-05	1.5983601174708686e-07	9.111021557843463e-10	0.0	0.0	0.0	0.0	0.0	0.0	0.0	0.0	0.0
907.9697914216224	1.2998717377151934	1.6896665345107165	824409.1421342245	1014.0288364746992	11.469370056601178	1028254.4812022324	131.5464494952597	860.6372377660351	0.7822057649334511	740696.4550295508	0.6118458586951253	878.3960480275226	782.9277653398185	1.392075	29.170578	0.0483464421553019	0.0350234287976709	-0.0379998504	-0.0279577576	0.1140490255	-0.093967467	0.0259934162	-0.1328346045	-0.0132430027	0.1145456875	0.0854642477	-0.0178958474	-0.0163417762	-0.2206314541	0.0469281639	0.0315852737	-0.1452533404	0.058465206	-0.0432685262	0.0545439244	-0.0758806774	-0.0453129227	0.1412601411	-0.0576513991	0.1692781684	-0.0527465427	0.0159068325	0.0532961107	0.2121855345	0.0092985864	0.0286134585	0.0692043723	-0.2148646401	0.1030097668	-0.101810656	0.0478122208	-0.0404842488	-0.1085739385	0.0172735616	0.1611169801	-0.128605646	0.2138307176	-0.2237031516	0.04593446	-0.1610950037	0.0039318894	0.0584252015	-0.068028283	-0.0775783039	0.0309770473	0.1665611672	0.1579301293	0.124059381	0.0109787053	-0.0351572063	-0.2418160315	0.0236378918	0.2184734104	0.0247710951	0.0295246227	0.0159822474	0.0625764862	-0.0016309425	-0.0250972936	-0.0527501636	-0.1005067851	-0.0089936919	0.0158222697	0.001069666	-0.0060023838	-0.0496447217	0.0329815101	0.1319159965	0.2064592638	0.0504024661	0.0585079291	-0.1146723286	-0.0680688743	0.1563677112	-0.0463451633	-0.1055117553	0.1730646685	0.1030367522	-0.0871950553	0.1179650076	0.0372904613	-0.0064778243	-0.0928309055	0.3156797793	-0.086292719	0.0111362167	0.1186154352	0.0888661936	0.0446835199	-0.0067565429	-0.0025533285722758	-0.0057867578246372	3.348656612099987e-05	6.519486797999976e-06	-0.0381476626873507	0.0017535581533819	3.074966197292479e-06	0.0014552441685078	-0.1064080029795206	0.0007593153678727	0.0113226630980896	5.765598278876554e-07	-0.0001289303120258	0.0006709669493413	4.501966471085047e-07	1.6623025359070148e-08	0.000506018002637	-6.141717128700045e-06	2.5605421899273894e-07	3.772068928896752e-11	-0.0002759674124151	0.0001238275497181	7.61580127150859e-08	1.5333262069188526e-08	0.0	0.0	0.0	0.0	0.0	0.0	0.0	0.0	0.0
909.2954451074664	1.325653685844031	1.7573576947918657	826818.2064931855	1013.5228320851046	-0.5060043895946365	1027228.5311578112	0.2560404422890406	860.9778593884669	0.3406216224317404	741282.8743571467	0.1160230896680311	878.9958986889856	778.542243830363	1.426565	29.893328	0.0518060462074997	0.0282932092516056	-0.0271897425	0.000305278	-0.1345760111	0.0671505583	0.0173691938	0.2210023905	0.0889460498	-0.0360968481	0.0712384987	-0.0010983336	-0.0707374824	-0.2005870819	0.0239319864	0.0391244165	0.1480325158	-0.0441866689	0.0013089831	0.0054777333	-0.234491232	0.0893238097	0.0425215497	0.1732329985	0.0369119183	0.211670777	-0.1214440217	-0.0168829433	-0.057901482	0.0393008612	0.0790524072	-0.1847844948	-0.0958266063	-0.1475843628	0.1183747045	-0.0428673203	-0.0367026162	0.0191773923	-0.2720374046	0.1593546371	-0.0574292437	-0.1181324282	-0.1996320748	0.0231518981	0.1575696325	0.0302463218	0.0742862045	0.0985110093	-0.1092112288	0.0870582428	-0.0332563864	0.0303118374	-0.2004528647	0.0942713863	0.0901517487	-0.0723512497	-0.0333317175	-0.0057962234	-0.0250481315	-0.0436097044	-0.1420767915	0.2862339785	-0.1125872693	0.0599674263	0.1944464915	0.0727020402	-0.0319077486	0.0230455204	0.0024408181	-0.0299433068	0.0592564314	0.0469012326	-0.075833449	0.2016643357	-0.0292947312	0.0131432386	-0.0544899676	-0.089739161	0.0488356868	0.1051572747	0.1256221438	-0.0684077261	-0.0983465781	-0.1900211119	0.0328593233	0.0965261202	0.0101614154	0.0521479486	0.0154149893	-0.0741105939	-0.1216252712	0.1172407796	0.0838433825	0.0350428114	-0.0201956026	0.007737772127669	0.0102911006999448	0.0001059067536164	5.987311749973124e-05	-0.0382516115675457	-0.0001039488801949	1.0805369693794412e-08	0.0014631857875143	-0.0935890720269156	0.012818930952605	0.0087589144028591	0.0001643249907676	-0.0005499290624855	-0.0004209987504596	1.772399478886287e-07	3.0242197376618094e-07	0.000418093029586	-8.792497305099998e-05	1.748017813883999e-07	7.730800886019074e-09	-0.0003388850023995	-6.291758998439999e-05	1.1484304485130913e-07	3.95862312944507e-09	0.0	0.0	0.0	0.0	0.0	0.0	0.0	0.0	0.0
907.524009140114	-1.7714359673524314	3.137985386429844	823599.8271657458	1013.8489414663876	0.326109381283004	1027889.6761125148	0.1063473285607837	860.824535709259	-0.1533236792079151	741018.8812790612	0.0235081506058516	879.3277595475112	792.4580500898691	1.394762	29.226896	0.041457037454077	0.0256595259651768	-0.0373849046	-0.0039463191	0.1722074416	0.0321027477	0.0380450466	-0.1477471211	-0.0356971871	-0.0879731101	0.052729378	0.0513426807	-0.1861437659	-0.1934627443	0.0625628006	-0.0144817917	-0.0152989584	0.0656477573	-0.1730780731	-0.0416681459	-0.0947248262	0.0248301529	-0.048233236	-0.0916192108	-0.0825212034	-0.0037856841	-0.0219972764	-0.0224475042	-0.1735625377	-0.2500523275	0.0853743866	-0.0196705907	0.0547716736	0.0176176417	0.178383662	0.0509223906	-0.0067095876	0.2162966053	-0.1129209788	0.0041224905	0.163670218	0.0092054365	-0.1902951612	0.0738567366	-0.0212474048	-0.0296127165	-0.0720964773	-0.138669437	-0.1181219957	0.1495621475	-0.0535095278	0.0431121277	0.0168698937	-0.0487299489	0.0290248179	0.1221967627	-0.1726783437	0.0648893864	0.1033276056	0.0858376171	-0.1017226417	-0.1525540485	-0.1630669489	0.1551934473	0.0252194834	-0.0490528905	0.1365513901	0.0308777075	-0.0090644114	-0.00063006	-0.1222972164	-0.0295548643	0.0391394679	0.1876945482	0.0389170814	-0.0896709372	-0.1208380039	-0.0544409986	0.1860328816	-0.0143665507	-0.1088287435	0.0505457016	0.1307772467	-0.0308082315	-0.2086434908	0.0757165327	-0.0481089395	-0.1324238299	-0.1140299449	-0.0831509598	0.0392058554	0.1157857731	0.0785907625	0.0251860523	-0.033413395	0.0063686474143338	-0.0013691247133352	1.874502480665194e-06	4.0559669888100593e-05	-0.0156678866147217	0.022583724952824	0.0005100246327448	0.0002454826709717	-0.0902853486924328	0.0033037233344827	0.0081514441885141	1.0914587870806131e-05	-0.0003169206106132	0.0002330084518722	5.4292938643925916e-08	1.0043867343144357e-07	0.0004690533821523	5.096035256630001e-05	2.200110753085116e-07	2.5969575336816e-09	-0.0003389254870296	-4.0484630099972985e-08	1.1487048575825155e-07	1.6390052743316386e-15	0.0	0.0	0.0	0.0	0.0	0.0	0.0	0.0	0.0
905.5764371640968	-1.9475719760172296	3.793036601767656	820068.6835468193	1004.419017791748	-9.429923674639554	1008857.56330174	88.92346050952754	858.0926834052143	-2.7318523040446507	736323.0533135614	7.463017011114067	876.7170082426601	772.9760920601329	1.336263	28.001053	0.0560221002613569	0.0273280326158254	-0.0541248938	-0.0382462434	-0.0974811077	-0.1172228915	0.1020929247	0.0476304197	0.0918864159	0.0804096825	0.0530581623	-0.0050010485	0.0082970049	-0.2589772618	0.0204003174	0.021930332	-0.086642241	-0.0788669895	0.0427997463	0.0449173324	-0.0893889937	0.0131174347	-0.0022228214	0.2177562362	-0.0837037304	0.0032728828	0.2437936427	-0.0518830472	-0.1373681683	-0.0823372834	-0.0725166762	-0.0424742116	0.0176974904	0.1281055177	-0.0493491129	-0.0654121082	0.1023665613	-0.0174725984	0.0415063799	-0.0197727904	-0.1158030608	-0.0169691208	-0.2562438292	0.0617083524	-0.0289397663	0.0297724598	0.0513542885	0.0864634654	-0.0397722537	0.0815026952	0.0511107601	-0.0940348768	-0.0157849899	0.0516416273	0.0900499352	0.1859299006	0.2704832372	-0.1685065593	0.1155352468	-0.0260002674	-0.2174561282	-0.0417188602	0.0605207849	0.0453135397	-0.0012804583	-0.0564443182	-0.0092016161	0.0396056894	0.0001762163	-0.0563098338	0.0963298409	0.0984653652	0.0370468853	0.1663854794	-0.0574391073	0.1026089128	-0.1092080067	0.0526997293	-0.1613988096	0.0115856647	0.2365768604	-0.0347142031	-0.0547707686	0.0670251933	-0.0021196239	0.0725472645	-0.1316907793	-0.1627369073	0.0086267915	-0.171809253	0.0936185565	0.1142514127	0.0731227308	0.0151740128	-0.0462651033	0.0035980818970671	-0.0027705655172667	7.676033285467297e-06	1.294619333800198e-05	-0.0176576948557283	-0.0019898082410065	3.959336835977777e-06	0.000311794187618	-0.0743767159370492	0.0159086327553836	0.0055318958735805	0.0002530845961456	-0.0005949824322487	-0.0002780618216355	7.731837665125263e-08	3.540040946845789e-07	0.0002240456872437	-0.0002450076949086	5.019646997250184e-08	6.002877056442566e-08	-0.0001549331286197	0.0001839923584099	2.40042743438885e-08	3.38531879532371e-08	0.0	0.0	0.0	0.0	0.0	0.0	0.0	0.0	0.0
912.156152206982	6.579715042885255	43.29265004557051	832028.846009047	1016.5494766235352	12.13045883178711	1033372.8384235832	147.14803146968188	865.656904607481	7.564221202266708	749361.8764946054	57.217442396821205	884.1704457234994	785.9766404382113	1.355774	28.409912	0.0433597947656861	0.0231096023424692	-0.0666517615	-0.0480991098	-0.0216395657	0.1161076587	0.0445237817	-0.0256777344	-0.0471998039	-0.1476018361	0.0423627667	0.0106002083	0.0045564911	-0.0498723465	0.084349001	-0.0324145734	0.1281604112	0.0998991802	-0.0669117873	0.0280559266	0.1471348966	-0.0966377302	-0.0230640836	0.3052887921	0.0018602724	0.0409903422	0.0703328686	-0.0228519975	-0.1006952045	0.0879275632	0.0621861564	0.0142165281	0.2960125971	-0.1074545797	-0.1657840969	0.2456305999	-0.224948323	0.0742033359	-0.0742524661	-0.1293749935	-0.0166895054	0.0582761446	-0.0464772913	0.0837122032	0.1076013378	-0.0628677372	-0.0877055783	-0.0548281283	-0.0899763821	-0.1164995812	0.033767327	-0.1470232471	-0.0957741766	-0.1586184135	0.1495173236	0.0312949794	-0.0098411978	-0.1022136257	-0.0422416788	-0.034960192	-0.1253354579	-0.1873949911	-0.2111363134	0.0613069139	-0.2885715266	0.0085570677	0.0159084612	0.0508350663	-0.0177896879	-0.011670967	-0.0632668908	0.0804271946	-0.0845723224	0.2049102536	-0.022294915	0.0869251754	-0.0042034667	0.0159191951	-0.0258874841	0.0276358831	0.0266108755	-0.0359122996	-0.0031484059	0.0866322939	-0.2101589342	-0.1786848682	0.0849481231	-0.0635284766	-0.1313124548	-0.0512079187	-0.0834351442	0.1126387502	0.0674542747	0.0050684204	-0.0586099215	-0.0158398800526953	-0.0194379619497624	0.0003778343647604	0.0002509018000837	-0.0086458837644443	0.009011811091284	8.121273914498931e-05	7.475130606828154e-05	-0.0765375358688089	-0.0021608199317597	0.0058579943968692	4.669142777490018e-06	-0.0007199685274993	-0.0001249860952505	1.562152400599204e-08	5.183546805895103e-07	0.000286080269586	6.203458234229999e-05	8.184192064639842e-08	3.848289406383597e-09	-0.0002228964868844	-6.796335826470001e-05	4.96828438654075e-08	4.619018066615967e-09	0.0	0.0	0.0	0.0	0.0	0.0	0.0	0.0	0.0
918.1537093318904	5.997557124908326	35.970691466538625	843006.2339599094	1020.863312777351	4.313836153815828	1042161.9033747476	18.609182361968536	873.6055458584714	7.948641250990363	763186.6497546778	63.180897736945646	891.2143121373817	771.8128411457457	1.30726	27.393309	0.0678313374597047	0.0320807686840174	-0.0819387311	-0.0049885716	0.0067053839	-0.1009053944	0.0143221406	-0.0623384854	0.0310495929	0.0153508047	0.0651948742	-0.0239414538	0.2194442754	0.1704567226	0.0852732221	-0.0333716404	-0.1388185675	0.1161256604	0.0491305897	0.130434649	0.0667405313	-0.2486902208	0.2554000065	0.0501639793	-0.053105143	-0.1270994939	0.0359313628	-0.0335616177	-0.1435824395	-0.0473286909	0.0568415398	-0.061707654	-0.105675626	-0.0042279271	0.021699908	0.0300461957	-0.1147190337	-0.0814629863	-0.0985950728	0.2057432158	-0.0889118251	-0.0669526084	0.1666741396	0.1169728777	-0.1097040361	-0.0248184325	-0.0424056428	0.0678503231	0.0330347382	-0.0881548754	0.3056005291	0.1571015305	0.1823955569	-0.1293019478	0.0554607478	-0.0048750597	-0.0996899843	-0.0293912374	0.0530734172	-0.0387280619	-0.1672166016	-0.0335613839	-0.0425035068	0.0697885279	0.050847653	-0.1631719571	0.0635795925	0.0577312715	-0.0307101635	-0.0323947732	0.0078641777	0.1098728723	0.0865708759	0.1767249561	0.0053711154	0.1081545714	-0.0799432122	0.1068292649	-0.0028891378	-0.1208643617	-0.0337806758	0.1437513677	-0.0723506662	-0.0030110424	0.1389326011	-0.0264179985	0.0243010325	-0.2225318056	0.088985406	0.042182037	-0.0761952651	0.1109488906	0.0616009311	-0.0050684204	-0.0703125971	-0.0056469418443754	0.0101929382083199	0.0001038959893186	3.188795219375785e-05	-0.0044538361118213	0.004192047652623	1.7573263521862002e-05	1.9836656110963477e-05	-0.0506946476831871	0.0258428881856218	0.0025699473037224	0.0006678548697745	-0.0004519796279497	0.0002679888995496	7.18180502818056e-08	2.0428558408154922e-07	0.0001180766159774	-0.0001680036536085	1.3942087240674393e-08	2.8225227625838448e-08	-0.000338973201989	-0.0001160767151046	1.1490283166667543e-07	1.3473803789474481e-08	0.0	0.0	0.0	0.0	0.0	0.0	0.0	0.0	0.0
918.3352332426052	0.1815239107148727	0.032950930161221	843339.6006147502	1021.9967699611888	1.133457183837777	1044477.397811103	1.284725187593464	873.350054757875	-0.2554911005963731	762740.3181455833	0.065275702483946	891.1039896953176	778.2811052695088	1.116695	23.400074	0.0792846980111878	0.0343812532318546	-0.0832299266	-0.004721319	-0.0785029601	0.104147864	-0.0150312273	0.0595387596	0.0303929229	-0.0852831953	0.0613600523	-0.0527165828	0.0956633222	0.1845785858	0.0693359438	-0.1017887332	0.0602572589	0.2114450466	0.0580001773	0.2617670977	0.1905991117	-0.0698832093	0.1226896891	0.0348767976	-0.2192833023	0.1526656907	-0.2709848722	-0.071401871	-0.1471162034	-0.0688473962	-0.0992689365	0.041669716	-0.0557452786	0.1585490475	-0.0204632155	-0.1018514953	-0.0265054343	0.2478118157	-0.09726012	-0.0270981402	0.0018065368	-0.0079895908	0.1771777363	0.0667473456	0.0912997717	-0.0679470308	-0.0855645161	0.0763226945	-0.0628380354	-0.3145004543	0.0746888074	0.1348848383	-0.0854200182	-0.1402100967	0.0945834331	0.1103512381	-0.2547539456	-0.1770377441	0.0423716791	-0.1325556173	-0.0591422149	0.0817850977	0.1523842394	0.0072682625	-0.0657267506	-0.1016187583	-0.1027680225	0.0640603755	-0.041648055	-0.0182356225	-0.0076473589	0.1051219436	-0.0874531814	0.1783648925	-0.0181298104	0.1059953352	-0.0054113924	-0.0222800232	-0.0131857711	-0.0461931467	-0.0963851694	-0.0222565742	-0.1656525203	0.0314286842	0.0339948496	-0.0501448799	0.0692380494	-0.0110240639	-0.2036352452	0.1792116205	-0.0473291961	0.1091829923	0.0555787436	-0.0151740128	-0.0812449131	-0.0159280502717109	-0.0102811084273355	0.0001057011904946	0.0002537027854581	0.0103336798169664	0.0147875159287876	0.0002186706273441	0.0001067849385595	-0.0369816185109783	0.0137130291722087	0.0013676401076915	0.0001880471690778	-0.0007860005020225	-0.0003340208740728	1.1156994431635732e-07	6.17796789179622e-07	-2.1998825570523906e-05	-0.0001400754415479	4.839483264823365e-10	1.962112932484585e-08	-3.008627952607809e-06	0.0003359645740363	9.051842157213056e-12	1.1287219500745448e-07	0.0	0.0	0.0	0.0	0.0	0.0	0.0	0.0	0.0
910.9876613072084	-7.347571935396786	53.98681334583047	829898.5190539771	1012.2114344204174	-9.78533554077137	1024571.9879714388	95.75279164548331	863.7104941805911	-9.639560577283872	745995.8177576809	92.9211281231254	881.3150507026907	778.5567090571611	1.225082	25.671299	0.0537231520558866	0.0290489422259023	-0.0767842235	0.0238398485	0.1083326895	-0.0424097452	0.0013632421	-0.0881185174	-0.0303604828	0.0095193754	0.0357644729	-0.0768419965	-0.0021889719	-0.0670933456	0.050746455	-0.0904087414	-0.0359339811	0.0393323004	-0.0950974367	0.1451263319	0.0048552789	-0.0586404148	0.114174641	-0.0492462595	0.1315861994	-0.0652033151	0.0011771183	-0.0462750486	-0.2056360624	0.0584778411	0.04948067	0.1541296184	0.0258419698	0.1933922157	0.0363825317	-0.134959377	0.1490620308	0.0809028468	0.0701441277	0.02974814	0.123324231	-0.0481220438	-0.0727204923	0.0344502248	-0.0451691824	-0.1048733688	-0.0043988904	-0.0379652823	-0.0396279587	-0.0805273124	0.1588762731	0.1368994679	-0.0243709017	-0.1444782419	-0.0612603686	0.0008982241	0.0457349551	-0.1253374301	0.0720297389	0.1374458076	0.1483923966	-0.0054780304	0.1411288569	0.1721596431	0.1255324318	-0.0751281244	-0.1013249141	0.0764047359	-0.0480034205	0.0065063827	-0.0442861289	-0.0010275218	0.0737649913	0.196194725	0.0807390709	0.1105612255	-0.006507229	-0.1082340978	0.0116279337	-0.1015480121	0.0575188011	0.1263918869	0.045301306	-0.0027958435	0.0105684341	0.0068089427	0.0204757587	0.0385915297	-0.1197145128	0.0351380501	0.1399225022	0.1073422654	0.0494042187	-0.0251860523	-0.0912870929	-0.0158501471885443	7.79030831665993e-05	6.068890366862088e-09	0.0002512271658985	-0.0014569780827997	-0.0117906578997661	0.0001390196137093	2.122785133758689e-06	-0.0313378212273818	0.0056437972835964	0.0009820590392793	3.1852447778331225e-05	-0.0010680061543613	-0.0002820056523388	7.952718795103218e-08	1.140637145753613e-06	-0.0004369840525866	-0.000414985227016	1.909550622150084e-07	1.7221273864158424e-07	-3.0233624384880665e-05	-2.7224996432272856e-05	9.140720434460507e-10	7.412004307372696e-10	0.0	0.0	0.0	0.0	0.0	0.0	0.0	0.0	0.0
907.4514980855432	-3.53616322166522	12.504450330257743	823468.2213776966	1012.4496540742762	0.2382196538587777	1025054.3020351216	0.0567486034845958	858.7783421961014	-4.932151984489678	737500.2410250843	24.326123198105478	877.1501168849189	778.444905312856	1.083368	22.701719	0.1003679450039528	0.0685392955913846	-0.1021652644	0.037541085	-0.0360162231	0.0184317202	0.0188913531	0.0354868209	0.0709273682	-0.0173367698	0.1364105631	-0.121094922	-0.0932547146	-0.1865360315	0.0854177701	-0.0434379655	0.0720484609	-0.058848312	-0.0870577375	0.0981003412	-0.1005008882	-0.1173598675	-0.0136875238	-0.0421158107	0.1181597925	0.1555238347	-0.0445111896	0.0325572968	0.0533528274	-0.0934900571	0.1152948034	-0.0977553167	0.0376768261	0.0442557548	-0.0966812656	0.1193310543	-0.0591523912	-0.0900557603	-0.1810113333	0.059549496	-0.0792643687	0.0382373977	-0.1885527076	0.0702002763	0.0799473056	-0.0874624068	0.0504566896	0.0442205081	-0.1219779504	0.0330570693	0.006535487	-0.0468088237	0.0218652673	-0.0924944668	-0.0133965192	-0.0256470366	-0.0770613896	0.1403891317	0.0027959276	0.0998363546	-0.101606282	0.1333703139	0.0421801425	0.0681223403	-0.0875204101	0.1357509997	-0.098617009	0.087859987	-0.0507195245	-0.0081300631	0.0232868626	0.0489143078	-0.0401973808	0.2024911565	0.0564040982	0.1076834222	-0.0821038993	-0.1599562812	0.0043767285	-0.0860682174	0.0328104323	-0.024638173	-0.1119499051	-0.0811610545	0.0961875629	0.0896569738	0.040830221	0.1215132561	-0.0600163082	0.0891561308	-0.0679563373	0.1054279714	0.0430942802	-0.0350428114	-0.1003291122	-0.0035547865680456	0.0122953606204987	0.0001511758927881	1.2636507544357415e-05	-0.0109205081652845	-0.0094635300824848	8.955840162209476e-05	0.000119257498588	-0.0177394507237664	0.0135983705036154	0.0003146881119809	0.0001849156803535	-0.0010679866691248	1.9485236500043152e-08	3.796744414626138e-16	1.140595525428285e-06	0.0008620163094996	0.0012990003620862	7.430721178433101e-07	1.6874019407000789e-06	-2.903979576050124e-05	1.1938286243794258e-06	8.433097378116257e-10	1.4252267843876725e-12	0.0	0.0	0.0	0.0	0.0	0.0	0.0	0.0	0.0
909.7913962415246	2.339898155981359	5.475123380364965	827720.3846751028	1007.6204421099494	-4.82921196432676	1015298.95535785	23.32128819639672	861.8804629722948	3.102120776193374	742837.9324533372	9.62315331009058	878.6925576149521	774.9813073958474	1.115191	23.368561	0.1634415522504475	0.0840816126439849	-0.0759993919	0.0828256674	0.1358920824	0.0035639708	-0.0011453829	-0.1116585308	-0.0156986005	0.0083076494	0.0807489502	-0.1842156363	-0.1495494499	-0.0891040314	0.0921511903	-0.1001984771	-0.0267820033	-0.0281733248	-0.2218589134	0.0190362671	-0.1384008973	-0.0621969039	-0.0378303717	0.1091661116	-0.0373614262	-0.1054285599	-0.0977709929	0.1040003328	-0.0908033908	0.1339033522	0.0778921871	0.0354589972	0.0741780951	0.1012851196	-0.0273350606	-0.1108950432	-0.000115681	-0.0373861699	0.0273813118	-0.1854930794	-0.0261344941	-0.0052366092	-0.0940261687	0.0110423549	-0.0370081988	-0.1679199985	0.0440567242	-0.1176223798	-0.0413983125	0.0366998524	-0.0043471764	0.0415559875	-0.1141155691	-0.2130342974	-0.1390336654	0.1592721334	0.0780729445	-0.0365506146	-0.166763768	-0.127117582	0.00233809	0.0393922787	0.0283303083	0.1983432513	-0.041750506	0.0588492241	-0.1199691636	0.0907433653	-0.0715767307	0.033851309	-0.0833860349	-0.0755053929	0.0121416146	0.094851593	0.0971619136	0.016361872	-0.0808511973	-0.1674893563	-0.0433779248	-0.0997248956	-0.1188305641	0.0075990689	0.1424085681	0.0919191355	-0.1400929708	0.0728984167	-0.0161919713	0.1064716934	-0.1500551977	0.1078709319	0.0193527276	0.1034414224	0.0366662233	-0.0446835199	-0.1082719048	0.0067694884463094	0.010324275014355	0.000106590654572	4.582597382471645e-05	0.0225939792128002	0.0335144873780847	0.0011232208642157	0.0005104878966684	0.0324092564692222	0.0501487071929886	0.0010503599048878	0.0025148928331281	-0.0014400024530344	-0.0003720157839096	1.3839574347787424e-07	2.0736070647450897e-06	-0.0001539783558273	-0.0010159946653269	2.3709334063278613e-08	1.0322451599727196e-06	-3.011099982438677e-05	-1.0712040638855306e-06	9.066723104242199e-10	1.147478146484876e-12	0.0	0.0	0.0	0.0	0.0	0.0	0.0	0.0	0.0
910.3306734511788	0.5392772096541876	0.2908199088524066	828701.9350260766	1010.465435813455	2.844993703505565	1021040.3969736756	8.093989172986314	859.5533685921774	-2.327094380117387	738831.9934581596	5.415368253973926	876.3091658997021	787.1017697301404	1.225437	25.678734	0.1668860718938693	0.0891325150619068	-0.0647507732	0.1307172255	-0.0693166332	-0.1422340246	0.0160746358	-0.0164056792	0.1542518391	0.1150475891	0.0249287353	-0.1703273486	0.0471917168	-0.136788528	0.0531251481	-0.0201080477	-0.2013586967	-0.1427978906	0.1032416367	-0.0208453917	-0.1249911504	-0.0819123308	-0.1081081615	-0.1309325325	-0.1738886752	-0.0754111415	0.0914079832	-0.0735943571	0.1119601846	0.1463704305	-0.1367222346	-0.0042337495	0.0851466836	0.2172748192	0.083375557	0.0186072372	-0.1110924823	0.0097364318	0.1436457894	-0.0775393817	0.1293916742	-0.2072837185	-0.1407843523	0.0004835629	-0.1369743444	-0.1082202467	0.1886603999	0.0620077652	0.0876249135	0.0937721849	-0.0158356566	0.0972848535	0.0961698692	0.1871541008	-0.1609724386	0.066100965	0.0327532115	-0.0333341762	-0.1456470457	-0.1283489314	-0.0051747068	-0.2650384766	0.1884302572	-0.0468517869	-0.1160135523	0.1285860313	0.0122174352	0.0890884867	-0.0783920626	0.0193067492	0.1138387152	-0.0450427888	0.0749554862	-0.051961146	0.0349232105	0.1028631725	-0.1396271762	-0.1031012955	-0.1177051968	-0.0543360749	-0.0975801372	-0.0253961345	-0.040757462	0.0268272446	0.1308562641	0.2402614939	0.0693166312	0.102017749	0.177738208	-0.0613521343	0.1679521402	0.1013839798	0.0301376669	-0.0540487397	-0.1150284477	0.0057648409407846	-0.0010046475055248	1.009316610357203e-06	3.323339107254627e-05	0.0563914520449913	0.033797472832191	0.0011422691698426	0.0031799958637425	0.1090919917902084	0.0766827353209862	0.0119010626727548	0.0058802418963084	-0.0008389980706585	0.0006010043823759	3.612062676350371e-07	7.039177625686853e-07	1.0156911131931068e-05	0.0001641352669592	1.0316284374194524e-10	2.694038585977805e-08	-0.0003729956751926	-0.0003428846753682	1.3912577371238358e-07	1.1756990060236497e-07	0.0	0.0	0.0	0.0	0.0	0.0	0.0	0.0	0.0
916.3048367293094	5.974163278130618	35.69062687376437	839614.5538135263	1021.7729510139015	11.307515200446574	1044019.9634236568	127.85990000833031	866.6307597041555	7.077391111978045	751048.8736654017	50.08946495190583	884.3075733571524	797.4974489321654	1.362933	28.559923	0.0659010772205286	0.0338420775421337	-0.0726408382	0.1397231346	-0.124551715	0.1404671872	-0.0526971421	0.0533102802	0.0649533723	-0.1684688122	0.0051215157	-0.0359760932	-0.0095058832	0.0625111038	0.0508923265	-0.1063465431	0.3103393468	-0.0680332016	-0.1083619419	0.0267251269	0.1425648318	0.1101152583	-0.107442624	-0.0068300488	-0.064358302	0.2567850083	0.019623846	0.0314785963	0.1371188916	0.1617277636	-0.0667962281	-0.1214771536	-0.0515910676	0.1505132148	0.1529016894	0.171620607	-0.0059678132	-0.0130609751	0.2674049725	-0.0772616555	-0.0798929168	-0.1229143942	0.0629703334	-0.003706395	0.2334716373	-0.1374754554	-0.0041060046	0.00806674	-0.0964706132	-0.1227987973	-0.1384806024	-0.0923912412	-0.2326969014	0.1671043168	0.0668754686	-0.1567064809	-0.0326974326	0.0303541095	-0.083641258	-0.0278353947	-0.0147741088	-0.1343783956	0.1648315429	0.0456636874	-0.1207254238	-0.0075476077	0.1617517518	0.0942422874	-0.0945603463	0.0283411063	0.0681451954	-0.1157586927	-0.1420232724	-0.0690345891	0.0395317717	0.0606933149	-0.0360168339	-0.1291106599	-0.0330871644	0.0960169294	-0.0592416165	-0.075906505	-0.108052993	0.0949766889	0.0182734869	0.0455774056	0.1395781993	0.1553383972	-0.1214697872	-0.0404116561	-0.0955143499	0.0992570537	0.0235265052	-0.063080731	-0.1205247148	0.0097624775796703	0.0039976366388857	1.598109869656136e-05	9.530596849356528e-05	0.0510150642091531	-0.0053763878358381	2.8905546161348896e-05	0.002602536776264	0.137872740852174	0.0287807490619655	0.0190088926700907	0.0008283315165678	-0.0005129898561088	0.0003260082145497	1.062813559538832e-07	2.6315859247052734e-07	8.805660989641417e-05	7.78996987644831e-05	7.753966546449267e-09	6.06836306759721e-09	-0.00022197751483	0.0001510181603626	4.9274017090102875e-08	2.2806484759303973e-08	0.0	0.0	0.0	0.0	0.0	0.0	0.0	0.0	0.0
922.3097358993482	6.004899170038812	36.058814042332806	850655.2489347254	1026.912080091589	5.1391290776873575	1054548.420238034	26.41064767713171	873.9167681656699	7.28600846151437	763730.5176811292	53.08591930125901	891.0639596543646	801.8431128666318	1.416484	29.682074	0.0551313956409813	0.0360992800427958	-0.0722694121	0.1663007647	0.1800739901	0.0016109901	-0.0811287439	-0.197250042	0.0494648347	-0.0833324824	0.0408157306	0.0258676478	0.0210862233	0.2630826617	0.1030805584	-0.1269395004	-0.1074407595	0.0896101474	-0.1349363489	-0.0648411466	-0.142028311	0.0286002449	0.0020981531	-0.1187088806	-0.0887051129	0.1057630122	0.2783918792	-0.0503061384	0.1602756337	0.0267041577	0.19907412	0.1124147335	-0.0550705095	0.0604810223	-0.1391526559	0.0703944918	0.0847738847	0.0689757192	-0.027245636	-0.0361819082	0.0264754674	-0.0285635299	0.2585259505	0.0727445867	-0.0971348012	-0.1501443852	-0.0289360106	-0.0145686896	-0.0089145194	0.0656361053	0.0243285084	0.1048685428	-0.0801400807	0.0104975253	-0.081170726	0.0350879708	0.0125839169	0.0635340935	-0.1225584342	0.3356463291	-0.0967422021	-0.0999611855	0.1176795037	-0.0335424466	-0.0434500295	-0.0296758497	-0.1056466485	0.0980207041	-0.1118003646	0.0773690891	-0.0733420115	-0.1739253202	0.0799531936	-0.1283293263	0.1150357929	0.034957732	-0.0198021253	-0.0550174461	0.0620651276	-0.0837478129	-0.0380899605	0.201951146	0.0400677034	0.0705829787	-0.0174931856	0.1383963622	0.1310266512	0.0284776482	-0.1558367727	0.0406978068	0.2120080439	0.0970621018	0.016850859	-0.0717238087	-0.124700488	0.0154938818293999	0.0057314042497296	3.2848994673818525e-05	0.0002400603741434	0.0842272757529087	0.0332122115437555	0.0011030509956271	0.0070942339807565	0.1377834750124122	-8.926583976179292e-05	0.018984285986496	7.968390148378089e-09	-0.0007409988250197	-0.0002280089689109	5.1988089903811763e-08	5.490792586805759e-07	1.0076501174127728e-05	-7.798010872228645e-05	1.0153587591219747e-10	6.080897356339614e-09	-0.0002059963123085	1.5981202521499985e-05	4.243448068470107e-08	2.553988340331975e-10	0.0	0.0	0.0	0.0	0.0	0.0	0.0	0.0	0.0
921.3274847817756	-0.9822511175725596	0.964817257972542	848844.3342143131	1018.1995538823744	-8.712526209214502	1036730.3315262664	75.90811294624962	871.2488240415091	-2.6679441241607265	759074.5133937126	7.117925849643746	887.974746694122	797.6769982041984	1.322768	27.718277	0.145771047315124	0.0857570756669076	-0.0613269451	0.1399677848	-0.1301620504	-0.120086939	-0.0378265925	0.0086958377	0.1679792835	0.044828345	0.0286494128	-0.0286343732	0.0816538644	0.1934018134	0.0184997616	-0.0942497468	-0.0799371466	-0.2035983944	0.2553934682	-0.0314674867	-0.1702881415	0.1458168052	0.162640574	-0.1103609857	0.0005082913	0.1959235437	0.0913637436	0.1151399455	-0.1560632744	-0.1782009347	0.1047881728	-0.0305618681	-0.0452714693	-0.1020019339	-0.0087622747	0.1115141373	0.1271085989	0.0329671289	-0.0781898958	-0.0960366446	-0.0573182806	-0.0086810562	0.1891037157	0.0087743668	-0.0168268654	-0.0916851252	0.1080811971	0.1884752046	0.186091168	0.0921723882	-0.0844289142	0.0048713688	0.0919405919	0.1964805858	0.1786959043	0.0545368284	0.0523733607	-0.0010697598	0.0894944942	0.2834899475	-0.1434321917	0.1712887832	0.000856485	0.044391007	0.2318684842	-0.0840002238	-0.0349468114	0.0879272355	-0.0926740303	0.0096761651	0.1790905957	-0.0864014191	-0.0095974556	-0.2642754891	-0.013552019	0.0605553247	-0.017125563	0.0489506498	-0.1663227645	0.0269753168	0.1478447322	-0.0056753138	-0.0779828423	0.0398529724	-0.0181506642	0.1419130202	-0.0074033165	-0.0136243544	-0.0280010078	-0.0291521101	0.1238273704	0.0948006283	0.0101290257	-0.0799246852	-0.1275100165	0.0194424925194454	0.0039486106900454	1.5591526381541586e-05	0.0003780105153686	0.1336186316295879	0.0493913558766792	0.0024395060353367	0.0178539387185635	0.207361686995938	0.0695782119835257	0.0429988692338013	0.0048411275828244	-0.0005229760018493	0.0002180228231704	4.753395142319151e-08	2.73503898510279e-07	0.0002410516718309	0.0002309751706567	5.810590849247191e-08	5.3349529459925076e-08	-0.0001979369308382	8.059381470300022e-06	3.9179028589646374e-08	6.495362968381534e-11	0.0	0.0	0.0	0.0	0.0	0.0	0.0	0.0	0.0
921.0496852555552	-0.2777995262204058	0.0771725767682819	848332.5227093573	1026.6525798124426	8.45302593006818	1054015.5196355437	71.45364737440501	872.2512387313028	1.0024146897936816	760822.2234682922	1.004835210314163	890.0914327198575	796.0636313076677	1.382991	28.980227	0.0743118102088365	0.0354813882578691	-0.0790251465	0.0911677262	3.15331e-05	0.1459772673	-0.0854690424	-0.0339331322	0.0500090952	-0.1716967796	0.0627539468	0.0429617842	0.0981205452	0.2340728929	0.0924822861	-0.1149106785	0.0166887624	-0.043451347	0.1315282131	-0.1843373045	0.0928017602	-0.0232459995	0.082891723	0.0028166817	0.2199843454	0.0082806533	-0.0019746581	0.0388065948	-0.0483469878	-0.1340362355	-0.2112101441	0.0050151935	0.1903500063	0.0021888062	0.2546831308	-0.1669908586	-0.0535392888	-0.0612674451	0.0533730963	0.0649110078	0.0648815305	0.1321892392	0.2343888631	0.0497208706	0.0495793888	-0.1160852672	-0.0928994462	-0.0179907753	0.1158071018	0.0090330527	0.0844880418	-0.1177902217	0.0258473162	0.0958389918	0.2008272899	-0.1093771266	0.0299469058	-0.0097417955	0.1913906128	-0.1098371755	0.2133622013	-0.0563934923	-0.120497677	-0.0015052693	0.0263000237	0.2167302226	0.0097901462	0.0865265799	-0.1072406762	0.0448433969	-0.0223296951	-0.1092359869	-0.1182733225	-0.206246529	0.053635267	0.0233213024	0.0920431279	0.0028883438	-0.0158179148	0.1110771562	6.21677e-05	0.0437758773	-0.0166228842	-0.0566665968	-0.114504149	-0.1396964814	0.2115528659	0.0494400802	0.0253308877	-0.0223020848	0.0875315018	0.0924741833	0.0033794295	-0.0876327994	-0.1289225186	0.0156145587921798	-0.0038279337272655	1.46530766203375e-05	0.0002438144462744	0.114174180946307	-0.0194444506832808	0.0003780866623745	0.01303574359476	0.2319519186305711	0.0245902316346331	0.053801692556403	0.0006046794918449	-0.0002179974358409	0.0003049785660084	9.301192572454e-08	4.752288203320732e-08	0.0001850033746138	-5.604829721709997e-05	3.4226248618494026e-08	3.1414116209363767e-09	-2.99799107905614e-05	0.0001679570200476	8.987950510100198e-10	2.8209560583282873e-08	0.0	0.0	0.0	0.0	0.0	0.0	0.0	0.0	0.0
919.5666983959236	-1.4829868596316371	2.1992500258401058	845602.9127987796	1023.601370867561	-3.051208944881637	1047759.76644195	9.309876025325712	873.1013241153595	0.8500853840566833	762305.922171994	0.7226451601867988	890.2275255102204	784.4799040301093	1.275806	26.734192	0.0515631513281635	0.032883850855187	-0.0893900987	0.0891964128	-0.0122377086	-0.1134906338	-0.0669324728	-0.0818395013	0.1012255627	-0.0061683213	0.081839699	0.0534994918	0.1684229056	0.2685626403	0.0701665685	-0.1062157795	-0.038210726	0.0176400482	0.1134147773	-0.0389017144	-0.0216131124	0.0268100653	-0.1601971751	0.164523931	-0.0514236961	-0.0781868329	-0.0185660341	0.1854313278	0.1842323939	-0.0771404148	0.0618878199	0.0566772568	0.0589377979	0.0162435297	-0.166773712	-0.1208453396	-0.0581564647	-0.1648397335	-0.0639666536	0.1169737609	0.0200026402	0.0363466706	0.2660901909	0.0461896263	-0.0704667121	-0.0981099868	-0.0342463003	0.1221696184	0.0871511291	0.0384482955	-0.0199970698	0.0062801758	-0.0675179518	-0.0250786018	-0.0066800401	-0.0470863372	0.0895633335	0.1954528495	-0.0674488918	-0.1570698823	0.0323299433	-0.0935513705	0.0238783329	-0.040098938	0.1305512313	-0.0492673902	-0.1924271554	0.0844024489	-0.1151997564	-0.0057439364	0.0889190755	-0.0952632499	0.0756669269	-0.1913121418	0.0473071907	-0.0806536158	-0.0814892767	0.0789228175	0.0101380931	0.0537124632	-0.0771528852	0.0282933472	-0.0493567462	-0.0144669888	0.1210671945	-0.0115677109	0.089552433	-0.1285501051	0.1657723779	-0.0952285071	-0.1311220249	0.090084361	-0.0033794295	-0.0948006283	-0.1289225186	0.0142319623526674	-0.0013825964395124	1.911572914552366e-06	0.0002025487524077	0.1371501544385864	0.0229759734922794	0.0005278953579179	0.0188101648625281	0.2317992925636076	-0.0001526260669635	0.0537309120329889	2.329471631674896e-08	0.0002420019837921	0.000459999419633	2.1159946606269686e-07	5.856496015931183e-08	0.0001039963633584	-8.100701125540002e-05	1.081524359177236e-08	6.562135872532505e-09	-3.0012586490325363e-05	-3.267569976396248e-08	9.007553478392603e-10	1.0677013550646177e-15	0.0	0.0	0.0	0.0	0.0	0.0	0.0	0.0	0.0
909.866864535542	-9.699833860381544	94.08677691900436	827857.7111797384	1022.5651562634636	-1.0362146040973812	1045639.4988041216	1.0737407057446924	861.2114542082111	-11.889869907148409	741685.1688594216	141.36900640891332	880.0776260405916	782.2304504147892	1.204018	25.229904	0.0384998401666577	0.0302791070677458	-0.0996248207	0.0398868038	-0.0931196759	0.0869760443	-0.0510875709	0.0162984312	0.0643763295	-0.109680219	0.1289300122	0.0021407846	0.050576129	-0.0347559064	0.0453408277	-0.1452770015	0.1596434634	0.0136695986	0.0087308689	0.0591025804	0.1063042212	0.0426173625	-0.1577751591	0.0182357713	-0.0124593115	-0.0917538309	0.0862194634	0.1684985822	0.0526891667	-0.002467473	-0.1157510362	0.0474151403	-0.0389997183	0.0247681984	0.1006600858	-0.0652663146	-0.1415156725	-0.0044405752	-0.0158962803	0.1957800529	-0.124775737	-0.011165922	-0.0336087838	0.0244176427	0.1017015359	-0.124767812	-0.0795424319	0.0715701603	-0.0747902478	-0.0597948011	-0.0362805782	-0.113721606	-0.0038895576	0.101436771	0.019144422	-0.0425894005	0.0773592231	0.1052865602	-0.0746759337	-0.1085613979	0.1436451168	-0.0643092914	-0.073489157	0.0065863967	-0.0508619578	-0.0361209267	-0.0283650291	0.0865734887	-0.1168951343	-0.0163797655	0.0121614022	-0.0336036948	-0.1119962104	-0.1505267354	0.017432005	-0.0514637504	0.0465662162	0.0341343378	-0.0050608775	0.1413090894	-0.0306137384	-0.0309079825	-0.0377238196	0.0338356324	-0.021473359	-0.1115416314	0.0592697712	0.0586951862	0.0179059278	-0.0624001031	-0.0769216095	0.0876327994	-0.0101290257	-0.1013839798	-0.1275100165	0.0163940222002594	0.002162059847592	4.6745027845695465e-06	0.0002687639639025	0.1318561783967169	-0.0052939760418695	2.8026182331888404e-05	0.0173860517813868	0.2615930219492952	0.0297937293856875	0.0684309091325644	0.0008876663107075	0.0002670016832849	2.4999699492800023e-05	6.249849747303056e-10	7.128989887697007e-08	0.0001039957099677	-6.533906999977267e-10	1.0815107691685975e-08	4.269194068435193e-19	-3.001373143699757e-05	-1.1449466722071111e-09	9.008240747722161e-10	1.3109028821981382e-18	0.0	0.0	0.0	0.0	0.0	0.0	0.0	0.0	0.0
906.3746978864532	-3.4921666490888583	12.195227905008505	821515.0929687592	1016.6758317386402	-5.889324524823337	1033629.746841456	34.684143358685624	859.2862880068742	-1.9251662013368789	738372.9247566328	3.7062649027698673	877.1194418688239	771.9777287406483	1.073414	22.493126	0.040586036576092	0.028906503640134	-0.1137239972	0.0409618989	0.0425084039	-0.0924187416	-0.0264053416	-0.112734583	0.026130892	0.0226425217	0.1578635984	-0.0090195786	0.0928812181	-0.080418802	0.060040631	-0.1405232531	-0.123835496	-0.0252208286	0.0634399339	-0.1130247225	0.0147382875	-0.0282284691	-0.0907806979	-0.0291891123	0.155981439	-0.0830253932	0.0401677338	-0.0569786032	0.1006784797	0.0805510453	0.0618097013	-0.0890772911	0.3011889244	0.0250222592	-0.0458412224	-0.0908122763	0.0661781591	-0.0166502388	0.0183163773	0.1514329901	0.1201020621	-0.0924698093	-0.0827696947	0.0322042108	-0.1218414767	-0.1200862469	-0.0456653899	0.0475895624	0.0994851676	0.1045939974	-0.0007416288	-0.0880973797	0.0684660502	-0.0111726292	-0.0183844491	-0.1198609347	0.069408849	0.0937608432	0.007834335	0.0268073948	0.053257019	-0.1622950484	0.0104408772	0.0251691045	0.0581270012	0.1752244831	0.0520988369	0.0907290469	-0.1295005051	-0.0335265199	0.0308543437	-0.0287706343	0.0945077965	-0.1057200006	0.0831224309	-0.0909874589	-0.0394340192	0.0823925985	0.0605680752	0.050171816	0.050654933	0.0524702883	0.0281649587	-0.0054790135	0.077196072	-0.0418204082	0.0067262369	-0.0955454151	0.2365889161	-0.1012308029	-0.2003693546	0.0851211787	-0.016850859	-0.1073422654	-0.124700488	0.020206474535243	0.0038124523349836	1.453479280652191e-05	0.0004083016131434	0.1214497829395355	-0.0104063954571814	0.0001082930664112	0.0147500497760602	0.2614775747048838	-0.0001154472444113	0.068370522073548	1.332806624217878e-08	0.0007920015003989	0.000524999817114	2.7562480796973345e-07	6.272663766341088e-07	0.0001039881126096	-7.597358099998685e-09	1.0813527564106852e-08	5.771985009961561e-17	-3.004114775521097e-05	-2.7416318213398143e-08	9.02470558450417e-10	7.51654504378307e-16	0.0	0.0	0.0	0.0	0.0	0.0	0.0	0.0	0.0
907.4824177343128	1.1077198478595849	1.2270432613420614	823524.3384969138	1016.7243795955884	0.0485478569481756	1033728.4640640342	0.0023568944142605	859.3803596903845	0.0940716835102648	738534.6026215745	0.0088494816384554	877.4799494721517	771.9452388226301	1.174533	24.612053	0.0329222042559524	0.0179505501413151	-0.1134327609	0.0412239823	-0.1418194787	0.0805208239	0.0063810888	0.1042918948	0.0367275313	-0.0959226519	0.1479459775	-0.0775716825	0.0815607763	-0.0666961128	0.0666348454	-0.1616124871	0.1121551028	-0.0398697758	0.1018282471	-0.0083503425	0.1153045016	0.0319349807	-0.0215351106	-0.0784475958	-0.1330728577	-0.0341881014	-0.0479580561	-0.1645417209	-0.1308105305	0.1794514292	0.0817486553	0.0007788807	0.0593601188	-0.2449474637	0.0537910653	-0.0504149502	0.1252128624	-0.0269345397	0.1908242986	0.1196846002	-0.0521392475	0.0956842203	-0.0693118671	0.0103000581	0.1244496947	-0.1453231704	-0.0301985166	0.0998324987	0.0722361465	-0.1231876585	-0.0753453791	-0.0889081496	0.0262524669	0.0589638022	-0.0763784214	0.0531930752	-0.0335503593	-0.1444970781	-0.0412759904	0.0457247238	0.164506603	-0.0627484245	-0.0015155519	-0.0440714485	0.1880082539	0.006327636	0.1261506306	0.1010949597	-0.1446895797	-0.0231066986	0.0120578449	0.1236418715	-0.144637322	-0.1029015772	-0.0581150594	-0.02261325	0.0780733441	0.1384242114	0.0003784422	0.0143667726	-0.1135496204	-0.0814157399	-0.073343914	0.1234461717	-0.0185263506	-0.0334111343	-0.0612926742	0.0237798707	-0.0624824543	0.1313243041	-0.1280240526	0.0825512202	-0.0235265052	-0.1126387502	-0.1205247148	0.0107142657430188	-0.0094922087922242	9.010202775517844e-05	0.000114795490412	0.1143856038698913	-0.0070641790696441	4.9902625927999154e-05	0.0130840663726796	0.2615915434735285	0.0001139687686446	0.0684301356168629	1.2988880226381804e-08	0.0005289983377431	-0.0002630031626558	6.917066356695319e-08	2.7983924133496293e-07	0.000104008387785	2.027517540000696e-08	1.0817744729634938e-08	4.110827375010472e-16	3.197236692237612e-05	6.201351467758709e-05	1.0222322466190506e-09	3.8456760026673095e-09	0.0	0.0	0.0	0.0	0.0	0.0	0.0	0.0	0.0
909.309284055402	1.8268663210892555	3.3374405551301907	826843.3740693479	1013.3035252515008	-3.420854344087616	1026784.0342871188	11.70224444346311	860.7952582471312	1.4148985567467207	740968.4766207453	2.0019379258839534	878.3755689761933	783.4110350773252	1.258612	26.373907	0.0852901272012904	0.0570536820757297	-0.0720215578	0.0995802841	0.1301860548	-0.0281892614	-0.0207228695	-0.1492899741	-0.0439185909	-0.0360144592	0.1280170023	-0.1138254485	-0.0733204116	-0.0206507863	0.0614617851	-0.2203853546	-0.0685304591	-0.0527824249	-0.0410831833	-0.0430656939	0.0514558116	0.2167232965	-0.0306141628	0.121938744	0.175598508	-0.1679558904	0.0363221844	0.0360655398	0.0063535814	-0.0406381925	0.0794616247	-0.028259521	-0.2883480285	-0.1611084184	0.0633200976	0.0456205929	0.0953197441	0.1509476231	0.022846015	-0.0882462626	0.1030898537	-0.0802743257	-0.0244559313	0.0184495817	-0.1043950481	-0.200680349	-0.0489359752	-0.0440844624	0.0829730887	-0.0081664354	-0.0723399674	-0.0625126387	0.0202463054	-0.1239050078	-0.108235465	-0.069296572	0.2431082834	-0.0272747115	-0.0012604609	0.0536860934	0.01898256	0.2332122467	-0.238314235	-0.0685393143	0.0260780862	-0.0825536706	0.0346593303	0.0858990992	-0.14009702	0.0323467239	-0.0976205341	0.0201134546	0.1016578578	-0.0410581499	0.0004104709	-0.0750800892	0.1423824843	0.0921540592	0.0659051442	-0.0944494961	0.0949340233	0.037940362	0.1352174644	0.0158044224	-0.0649755129	-0.0958734725	-0.2377697719	-0.0939652415	-0.0868377585	-0.0151966816	0.0202307161	0.0799246852	-0.0301376669	-0.1172407796	-0.1150284477	0.0116743837684367	0.0009601180254178	9.218266227323668e-07	0.0001362912363727	0.1347281861429223	0.020342582273031	0.000413820653535	0.0181516841413619	0.2525051107780882	-0.0090864326954402	0.0637588309690545	8.256325912876637e-05	0.0015529975333568	0.0010239991956137	1.0485743526175043e-06	2.4118013386123056e-06	0.000104082297039	7.390925399999763e-08	1.0833124556914629e-08	5.462577826836164e-15	0.0001059191462027	7.394677928032388e-05	1.1218865532308938e-08	5.4681261659329365e-09	0.0	0.0	0.0	0.0	0.0	0.0	0.0	0.0	0.0
910.0038672336952	0.6945831782932146	0.4824457915679035	828107.0383802808	1013.62670359892	0.3231783474192298	1027439.0942488128	0.1044442442406243	859.8777625467429	-0.9174957003882582	739389.7665223929	0.8417983602309405	877.5749014535708	781.3532227044818	1.228139	25.73535	0.0553327977520172	0.0284840716192966	-0.0514486753	0.1162159689	-0.0925871209	0.0015128791	-0.0208106035	0.0754301009	0.0662526015	-0.0036455699	0.1054216988	-0.1110482898	-0.0088812036	-0.0414690091	0.0405063815	-0.132583386	0.0303528818	-0.0761364791	0.1501367858	0.1769771802	0.0712023383	0.0828246647	-0.1427629151	-0.2503280137	-0.0314503846	-0.0586963852	0.0357275777	-0.1268715629	0.0446136489	-0.0602170956	-0.1529458228	0.0424366801	-0.0925374153	-0.1757755467	-0.1651248171	0.1115884252	-0.037668083	0.054822494	-0.0849093508	-0.1285259481	-0.1020618231	0.0308341674	-0.045362977	0.020261872	0.0108796778	-0.1258695785	0.0319324366	0.1573373871	0.0054550115	-0.1588081489	-0.2329067545	-0.0209092155	0.2753767257	0.0769997913	-0.1621835544	0.1290524052	-0.1015394208	-0.0248931021	0.1536640499	0.0132810713	-0.002648865	0.1077096856	-0.0337232452	-0.1657705979	-0.1817867614	-0.0650620713	0.043237901	0.0855782141	-0.162571619	-0.0028249681	0.0048659516	0.2577622603	-0.0433204759	0.0184234996	-0.1499634818	-0.0808512542	0.2697363171	0.1584417638	0.1151938724	-0.1112880874	0.084814863	-0.1067866882	-0.1090640997	-0.098580355	-0.0291448256	0.1216758173	-0.2135859314	0.0425598538	0.0587543506	0.1128929943	0.037447745	0.0772433738	-0.0366662233	-0.1211199807	-0.1082719048	0.016281276174709	0.0046068924062723	2.12234576429694e-05	0.0002650799538771	0.1285542330775086	-0.0061739530654137	3.811769645393137e-05	0.0165261908421464	0.2399144581449519	-0.0125906526331362	0.0575589472269858	0.0001585245337283	0.0019459844207097	0.0003929868873528	1.5443869363132078e-07	3.7868553656448655e-06	0.0001043422083657	2.5991132670000205e-07	1.0887296446631156e-08	6.75538977469552e-14	0.000351898340467	0.0002459791942642	1.2383244202342865e-07	6.050576401091422e-08	0.0	0.0	0.0	0.0	0.0	0.0	0.0	0.0	0.0
908.4636655502756	-1.5402016834196957	2.3722212256088646	825306.2316250429	1010.7244487650254	-2.902254833894631	1021563.9113313644	8.423083120864751	860.6880451623231	0.8102826155801495	740783.9110853411	0.6565579171114083	877.6231462118125	787.7593755524734	1.379074	28.898157	0.1591114536561588	0.0751344307248211	-0.0440087285	0.1138969486	0.1265483628	0.0154422539	-0.0335904583	-0.1139609272	-0.0961312987	-0.0846233522	0.1265109708	-0.0405395013	-0.2608996547	-0.0095054632	0.0579251471	-0.1454249034	-0.0400642437	-0.0203495809	-0.0324590574	-0.13530719	-0.2126813637	-0.0269380531	0.1396285123	0.0807901343	0.0377274215	-0.0549995996	-0.3418537824	-0.2390808756	0.0808409982	0.0216796544	-0.1376433154	-0.1196422983	-0.1185209326	0.0016810379	-0.0887015514	-0.0240803392	-0.0603228622	-0.161840118	0.0397069324	-0.1454829684	-0.016975588	0.1725285616	-0.0202266036	-0.0059259957	-0.0171494359	-0.2009400002	-0.0710433808	-0.1257130591	0.0883650713	0.2631635368	-0.0208202788	0.1989195845	-0.114340944	-0.1288070512	-0.0450042971	-0.0353376769	-0.1243294904	0.0012500748	0.1722926655	-0.1953995392	-0.0514994759	0.1951827008	-0.0390044977	-0.1741488948	-0.0152080254	0.0574924203	0.1296796695	0.0575289809	-0.1474584966	0.0080635291	-0.1124044116	-0.1057008585	0.055306424	0.1065214554	-0.0607820749	-0.4161631156	0.0410032531	-0.0136595412	0.0364760351	-0.1330336742	0.0817627148	-0.0999486433	0.1297781971	-0.0772411662	-0.1433053338	-0.1550162931	-0.2638458812	-0.0072191803	0.1320809768	-0.0429735192	-0.0384859396	0.0745091236	-0.0430942802	-0.1242524367	-0.1003291122	0.0001890102009554	-0.0160922659737536	0.00025896102417	3.5724856065200696e-08	0.1678164112190501	0.0392621781415415	0.0015415186324181	0.0281623478744413	0.2700287591924706	0.0301143010475186	0.0729155307910252	0.0009068711275805	0.0029980627053251	0.0010520782846154	1.106868716959283e-06	8.988379985061258e-06	-0.0002774145551378	-0.0003817567635035	7.695883540230349e-08	1.4573822648066725e-07	0.000390917462215	3.901912174800003e-05	1.5281646226461597e-07	1.5224918619852486e-09	0.0	0.0	0.0	0.0	0.0	0.0	0.0	0.0	0.0
911.2417887927452	2.7781232424696327	7.717968750349986	830361.597642202	1016.255978415994	5.5315296509686505	1032776.2136662492	30.59782027954536	860.2638511250452	-0.4241940372778572	740053.893552494	0.1799405812620881	878.0002817437102	775.8924856328416	1.735404	36.364971	0.8702454955769894	0.4842647542287126	0.1145709114	0.0443977601	0.0897250745	-0.1113539671	-0.0311926322	0.0255521516	-0.0089152626	0.1587972345	-0.114074475	0.0986152828	0.1437319609	-0.0169478691	-0.0760060192	0.1288587798	-0.1477584728	0.010548942	-0.1434624337	0.1108691726	-0.0401973513	-0.0195219498	-0.0697433775	-0.0535747424	-0.0393354562	0.058445875	-0.1190427265	0.1533688902	0.068506099	0.3370309988	-0.0348423726	-0.1395945259	-0.1252750437	-0.0839954052	0.1665345421	-0.0051659324	0.0390651774	-0.1427398036	0.0284575481	-0.0511285076	0.0893451862	0.2108602635	-0.0144134306	-0.0593805757	-0.1230456241	0.1335244194	0.0743978051	0.052822042	-0.0961183686	0.0370873922	0.0062288935	0.0085965841	-0.084414609	0.0590174487	-0.1440317789	-0.1457225539	-0.1312333786	-0.1883570127	-0.3780532288	-0.0979446578	0.052673333	0.2174845507	-0.0051711726	0.0770894737	0.072734507	-0.0287714597	0.3612809207	-0.0981132018	0.1205637737	0.1525577524	-0.1967627171	0.1147623849	0.2073735303	-0.1937774629	-0.5331699611	-0.0830876729	-0.173648402	-0.0504866756	-0.0696281855	-0.1572121185	0.1180075963	-0.0196335485	0.2234551597	-0.0251361262	0.19516752	-0.0258026514	0.1127231166	0.1554118373	-0.051092018	-0.0309944702	-0.0601590309	0.0717238087	-0.0494042187	-0.1266188352	-0.0912870929	0.0060111700294243	0.0058221598284689	3.389754506823702e-05	3.613416512264894e-05	0.5411876808961011	0.373371269677051	0.1394061050202531	0.2928841059537002	0.5526194983290651	0.2825907391365945	0.3053883099334676	0.0798575258457668	0.0058060346072091	0.0028079719018839	7.884706201770045e-06	3.371003786010972e-05	-0.0008545976589056	-0.0005771831037678	7.303371586069323e-07	3.33140335275031e-07	0.0011749889952607	0.0007840715330457	1.3805991389837496e-06	6.147681689326345e-07	1.0	0.0	0.0	0.0	0.0	0.0	0.0	0.0	0.0
915.8109678553096	4.569179062564444	20.877397305777293	838709.728844079	1013.5955306221456	-2.660447793848448	1027375.8996971888	7.077982463793074	862.6144796894114	2.3506285643661613	744103.7405698339	5.52545464761412	877.8701157803782	790.5365299371467	1.59542	33.431625	0.520052465276899	0.2977988949049451	0.2212335945	0.024252455	-0.0609801991	-0.0415470871	-0.0861810955	0.1651359493	0.0421186045	0.1040161101	-0.3047877336	0.009075662	0.1395912709	0.0484296389	-0.1509990037	0.2343602979	-0.0662886179	-0.2043707149	-0.1493453512	0.146145005	0.1208505712	-0.0329057098	-0.1259621784	-0.0657993873	0.1157409617	0.0342464369	-0.0410419898	-0.0821985577	-0.0667008935	0.033175434	0.0672597064	-0.0295457712	-0.130862033	0.0521755972	-0.1830250206	0.0281517271	-0.0028216017	0.2558056896	-0.0704018668	0.0002567207	0.032520207	0.0963617973	0.0440746132	-0.1798954941	-0.0137838753	0.1663581341	0.2554436336	-0.0328029076	-0.1022185667	-0.0378892548	-0.0066770073	-0.1161054259	0.055199615	-0.1275519831	-0.155385917	-0.1535031493	-0.1400192662	-0.1703824953	0.1498298445	0.0521154994	0.0610400541	-0.0095256005	0.0371395361	0.00285111	-0.1197935045	-0.1380401953	-0.0381203734	-0.145094883	0.1590941414	0.104016364	0.122274087	-0.0762874327	0.1081055645	0.2148508492	-0.2013670938	-0.0917695705	0.3805643291	-0.0477335565	-0.0344565075	0.209760189	-0.1542123713	-0.1097668391	-0.1279859542	-0.1173805643	-0.1576382028	0.1928937593	0.071702981	-0.0254096548	0.1009254822	-0.0912734577	0.2284072881	0.0688893378	-0.0555787436	-0.1282045865	-0.0812449131	-0.0282920368620835	-0.0343032068915078	0.0011767100030415	0.0008004393498054	0.2855727211526613	-0.2556149597434398	0.0653390076446403	0.0815517790665356	0.6199673358521665	0.0673478375231013	0.3843594975236329	0.004535731219038	0.0081891562485141	0.0023831216413049	5.679268757256236e-06	6.706228006257752e-05	-0.0015299045882544	-0.0006753069293487	2.340608049161865e-06	4.5603944882650506e-07	0.0013722896469839	0.0001973006517231	1.8831788752191968e-06	3.8927547170399386e-08	0.0	1.0	0.0	0.0	0.0	0.0	0.0	0.0	0.0
915.084857857142	-0.726109998167658	0.5272357294390363	837380.2970794258	1022.5103382783776	8.914807656232028	1045527.3918861622	79.4737955476132	862.6859945385481	0.0715148491367472	744227.125172964	0.0051143736470517	880.2200106214744	785.0276049975691	1.512678	31.697786	0.3242587481414747	0.2130583152134323	0.186491382	0.0690818443	-0.1360561919	0.1201155686	-0.1675616563	0.0952629299	0.0105386561	-0.1411421331	-0.1891252244	0.1055413669	-0.0665847971	0.0555399655	-0.1261094965	0.1873094219	0.1165603672	-0.1579126517	-0.031102586	-0.1299002002	-0.0727369165	-0.1934825467	0.0279418372	0.0018360692	0.0397296067	0.0484955304	0.1273299256	0.0794430524	-0.0644533346	0.0912244388	0.0524211818	0.035022693	-0.0291313883	0.0272275371	-0.0025971041	-0.0428103212	-0.1812995308	0.0886429187	-0.083155145	-0.0865252021	-0.0960414068	0.0610232484	0.0654965735	-0.0956840567	0.1690256901	0.1353706285	0.083567667	-0.1184179204	-0.0296318378	0.2440657159	0.2068926908	-0.071278593	-0.0097322269	0.1517542043	0.0044578459	0.0055449107	-0.0465962096	-0.0607224669	-0.0748103147	-0.0071966571	-0.0930191886	0.0338819081	-0.099814297	0.1544286312	-0.1763033337	-0.016719831	-0.1133201195	-0.140120265	0.1690515139	0.0363726396	0.1016998641	-0.2277832117	-0.1512346632	0.1003315034	-0.2680090227	-0.104914874	-0.1651958349	0.0332411194	0.181843097	0.026331593	0.140015415	-0.1151588056	0.0401755029	0.0560931163	0.0698462025	-0.0203802857	0.2084339154	-0.173430954	0.0045810102	0.0425516379	0.045985852	0.0660076536	-0.0616009311	-0.1289999139	-0.0703125971	-0.0159333854594194	0.0123586514026641	0.0001527362644925	0.0002538727721984	0.4874297528833153	0.201857031730654	0.0407462612591102	0.2375877639958898	0.685192015428953	0.0652246795767865	0.4694880980075906	0.0042542588258944	0.0085710709372473	0.0003819146887332	1.4585882947017798e-07	7.346325701132532e-05	-0.0018342538314262	-0.0003043492431717	3.364487118101694e-06	9.262846181924745e-08	0.0015823934237063	0.0002101037767224	2.503968947388946e-06	4.4143596993016136e-08	0.0	0.0	1.0	0.0	0.0	0.0	0.0	0.0	0.0
908.8001428515004	-6.284715005641601	39.49764270213671	825917.6996469075	1017.9636576035444	-4.546680674833169	1036250.0082015864	20.6723051589014	864.73913145235	2.0531369138018363	747773.7654649646	4.215371186815729	883.8239181648289	805.0752010444115	1.828118	38.30777	0.177521561767593	0.0906587366388247	0.1683876185	-0.0056577259	0.1273504589	0.0388989795	-0.0792763381	-0.1131926565	0.0057387015	-0.034907005	-0.3027593844	0.3048990042	-0.0765961956	0.1212290163	-0.0661851702	0.2181955927	-0.0066324532	0.2228820788	-0.1985748742	0.0867492094	0.0530439172	-0.0954686911	-0.017717892	-0.1042600078	0.0826178975	-0.0220250834	0.0618244083	-0.1346370919	-0.0073228976	-0.16951812	-0.0629031362	-0.1234322087	-0.0740796866	-0.1849469871	-0.0313210614	-0.0852928902	-0.0629524941	-0.0233540195	0.2068042624	0.0063433493	0.1334533948	-0.1832283237	0.1404657253	0.0586452508	-0.08410298	0.2445183363	-0.07795581	-0.141140933	-0.3510707573	-0.059357704	-0.0448517099	-0.0682904857	0.1627851809	-0.0692243195	-0.0759355943	-0.0457275576	-0.0676608249	-0.0617014806	0.0254682772	0.0763598089	-0.0407080265	-0.020345811	-0.1062740273	-0.2364000575	0.1142845701	0.0729306832	-0.0291455766	-0.1390003464	0.2476147376	0.191927757	-0.144475223	-0.00298785	0.1042092262	-0.0003835289	-0.1703392236	0.1119891335	0.0509679003	0.067959135	0.1712593533	0.2406188287	-0.0965085524	0.2220253986	-0.2088137959	0.1022870217	-0.0665974271	0.1132127219	-0.0374386467	-0.0102440978	-0.1218043898	0.0192738315	-0.052467926	0.063080731	-0.0674542747	-0.1289999139	-0.0586099215	-0.0210722249224915	-0.0051388394630721	2.640767102722716e-05	0.000444038663184	0.5520768008857857	0.0646470480024704	0.0041792408154337	0.3047887940762834	0.7423693662376536	0.0571773508087005	0.5511122759280954	0.0032692494455012	0.0091558154326528	0.0005847444954054	3.419261249070322e-07	8.382895623680318e-05	-0.0014481041284331	0.000386149702993	2.0970055667849883e-06	1.491115931216592e-07	0.0016226656951747	4.027227146840011e-05	2.6330439582967928e-06	1.6218558492245134e-09	0.0	0.0	0.0	1.0	0.0	0.0	0.0	0.0	0.0
902.1839272462028	-6.616215605297612	43.77430893578364	813935.8385813817	1006.5491307763492	-11.414526827195232	1013141.1526666242	130.29142268875964	862.9691853099022	-1.7699461424477931	744715.8147944363	3.132709347165824	880.9868776110592	767.1166315878945	1.680028	35.204571	0.2974607484684919	0.1679162626256335	0.0984320648	-0.22064996	-0.0823031942	-0.0580359689	0.1189292165	0.0446157463	0.0103994422	0.083005282	-0.2440630098	0.1927426059	-0.0258167413	0.0820466678	-0.0177042211	0.301437751	-0.0059299251	0.0657415651	0.0443952507	-0.1903074804	-0.1768980066	0.027712134	0.1017140941	0.1428955442	-0.0298415625	-0.1038855934	-0.0911457537	-0.0743413137	-0.0948203145	-0.0768052729	-0.1771305853	-0.0952533134	-0.0261312661	0.1244846466	0.0186379707	0.0473701678	-0.0312535287	0.1522304397	0.2263641393	-0.0982132739	-0.0375731418	-0.0570701031	0.0910073983	0.0440142444	0.0222969668	0.3085733654	0.0258043146	-0.0814184514	0.0676657391	0.214137367	-0.0090449472	0.1546010719	-0.0942018555	-0.0838707493	0.0580162824	-0.0119804451	0.1156550022	-0.1723092652	0.0661174638	-0.1491740958	-0.0438512608	-0.0456181026	0.0768985196	-0.0532825744	0.0491247027	0.0979620677	-0.0177438851	-0.1150104061	0.3126280373	-0.0536107181	0.1598559195	-0.1562324292	-0.0250619963	0.009431132	0.1420927726	-0.1153121778	-0.129039684	0.0759781216	-0.0337976698	0.0153464143	0.0876540816	0.1426058642	0.0153136309	0.0068386336	-0.1058909269	-0.0680653344	-0.1081925697	0.0871041476	0.0995004568	0.1428468361	-0.1207945836	0.0601105761	-0.0731227308	-0.1282045865	-0.0462651033	-0.0397014363363581	-0.0186292114138666	0.0003470475179025	0.0015762040471698	0.507841362074501	-0.0442354388112846	0.0019567740468269	0.2579028490336844	0.8980901153254592	0.1557207490878056	0.8065658552452967	0.0242489516964673	0.009502012201412	0.0003461967687592	1.198522026993113e-07	9.028823587578252e-05	-0.0005956039071774	0.0008525002212557	3.5474401424498497e-07	7.267566272410175e-07	0.0012438557020789	-0.0003788099930957	1.5471770075941935e-06	1.4349701086924002e-07	0.0	0.0	0.0	0.0	1.0	0.0	0.0	0.0	0.0
899.552640123803	-2.6312871223997263	6.923671920506632	809194.9523537043	1009.100762535544	2.5516317591948336	1018284.3489498164	6.510824634531722	859.3133490891644	-3.655836220737797	738419.4319228361	13.365138472858415	878.5858210382156	741.4276506160868	1.401005	29.357714	0.1645211245910787	0.0896093735025893	0.0694236072	-0.2454396722	0.0974158489	0.0728922028	0.0756424554	0.0417120333	-0.1153026012	-0.0021700324	-0.0758263734	0.1326930264	0.0472713649	-0.0192136093	-0.0593145896	0.2010065972	0.0814448782	0.1642544189	-0.0439182216	-0.0849149024	0.0921581442	-0.0008425664	-0.1242790759	-0.0297771099	-0.0470774607	0.0352760454	0.0052741354	0.0357196795	0.1102340727	-0.0091380921	0.0597821664	0.093356742	-0.0824564719	-0.0713289076	0.0551281493	-0.1170356136	0.1099881631	-0.1356594354	-0.088026537	0.084549348	-0.0300789259	0.0723473891	-0.007923671	0.0421256622	0.0432517797	0.2620651952	-0.1120263273	-0.0488338518	-0.057175033	-0.0691451869	-0.0335717081	-0.1113860103	0.0036779361	0.1109257213	-0.0571869431	-0.0088183361	-0.0255745574	0.1883111879	-0.0875326086	-0.0104947978	0.0523420555	0.0454037358	0.0449307706	-0.0164701504	0.0524408576	-0.0422510986	-0.0595997874	-0.1026535727	0.2242189331	-0.0545134185	-0.1595105663	0.1358506629	-0.0564474327	-0.1217960937	0.0939954935	0.0417835867	-0.0865058681	0.0838180033	0.0647005198	-0.0114858319	-0.0843921855	-0.0397780905	-0.0478646771	0.0754256054	-0.0562437106	0.0841221416	-0.0056765216	0.067615735	0.0209969222	-0.0333014556	-0.006559273	0.0570992244	-0.0785907625	-0.1266188352	-0.033413395	-0.0435777377846875	-0.0038763014483294	1.5025712918320604e-05	0.0018990192304309	0.483326238132534	-0.024515123941967	0.00060099130189	0.2336042524673469	0.832742940773457	-0.0653471745520022	0.6934608054080253	0.0042702532219298	0.0082678956216715	-0.0012341165797405	1.523043732390392e-06	6.835809801085476e-05	-0.0004641602918604	0.000131443615317	2.1544477653993174e-07	1.727742400760348e-08	0.001293945999997	5.009029791809994e-05	1.6742962509082363e-06	2.5090379455240074e-09	0.0	0.0	0.0	0.0	0.0	0.0	0.0	0.0	0.0
897.9381678004312	-1.6144723233718423	2.606520882933675	806292.9531927953	997.7583015105304	-11.342461025013677	995521.6282331784	128.6514221039543	858.010772542173	-1.3025765469914177	736182.4857984164	1.696705660772085	876.1971086261318	743.5940656420828	1.116717	23.400522	0.1495194352114798	0.0800270576449276	0.0483214359	-0.2649784939	-0.0384028965	-0.0601734606	0.2280654568	0.0647470317	-0.0781383621	0.104280279	-0.1004736017	0.1263090561	-0.0316510516	-0.0491249985	-0.0784517435	0.1710848785	0.0307529222	0.124730792	0.1076324279	-0.0577378705	-0.0094834141	-0.0162808873	-0.0486329377	-0.0385756088	-0.0344795343	-0.0309730455	-0.0895152491	0.088195153	-0.1477714544	0.0066678133	0.0734908518	0.1244307268	0.0182207033	0.0160291077	0.0271864899	-0.0994660066	0.1866177714	-0.0119213764	-0.0230959501	-0.1068216514	0.0036023832	-0.1320192849	-0.0419722321	0.005762427	0.002056341	0.2501994811	-0.060671859	0.0412227594	0.0856240104	-0.0322563536	-0.1028651558	0.0026600844	0.0520555251	-0.05942794	0.066285553	0.1202949489	-0.0196725438	-0.0084623253	0.00590823	-0.0211752731	0.1256383443	0.0150017337	0.0745238009	0.1507237253	0.1646242282	0.0111596352	-0.1524311112	-0.0923847498	0.1940394692	-0.1419862391	0.0795364949	-0.0015146973	0.0138759239	-0.0065718339	0.1624070968	-0.082860974	-0.006511629	-0.0057037257	-0.1100739438	0.0110260119	-0.0487449211	0.0792537196	-0.0462212416	-0.0550297797	-0.0571930944	-0.0322241783	-0.1392367828	0.0971572623	0.0391064524	0.0248949246	0.0633358891	0.0540487397	-0.0838433825	-0.1242524367	-0.0201956026	-0.0762794725815894	-0.0327017347969019	0.0010694034587269	0.0058185579373254	0.4147171251356525	-0.0686091129968815	0.0047072103862188	0.1719902938807804	0.8128668144478155	-0.0198761263256415	0.6607524580305393	0.0003950603977128	0.0078772752489912	-0.0003906203726802	1.5258427555289594e-07	6.205146534836938e-05	-0.0002899129502393	0.0001742473416211	8.404951871645482e-08	3.036213606202034e-08	0.0012921644924573	-1.781507539700116e-06	1.6696890755674316e-06	3.173769114008361e-12	0.0	0.0	0.0	0.0	0.0	0.0	0.0	0.0	0.0
897.8224838878147	-0.1156839126165323	0.0133827676382694	806085.2125744852	994.7994101468256	-2.9588913637047654	989625.866428472	8.755038102206646	857.9763933229277	-0.0343792192452383	736123.4914994192	0.0011819307159121	876.0755488992595	731.6885358525419	1.031956	21.62438	0.0995584920766429	0.0446623750087949	0.0351633579	-0.2505559947	0.1024305398	0.0600063916	0.2278244273	0.0481937584	-0.1602899028	0.0189698944	-0.0307977825	0.0408672564	-0.0884057629	-0.0500703334	-0.0717442408	0.1295601877	0.0232641205	0.0544015942	0.0933062366	-0.1702125351	0.0293031554	0.0486583913	-0.0546121699	-0.1247822167	-0.0789854513	0.0938525814	0.0336889607	0.0604346132	0.0417775388	0.0065873509	0.1450063429	0.1424254543	0.0745856484	0.06392668	0.0148266921	-0.0360842446	-0.0489078591	0.0903777076	-0.0241052236	0.0712921592	-0.0944291963	-0.0057180452	-0.0503173873	0.0042962959	0.0312560149	0.18935176	-0.1053702753	-0.0531054586	0.1816322057	0.0048195939	-0.0594523688	0.0125605251	-0.013156181	0.1545772638	-0.027965244	0.0659998795	-0.1080347254	0.1106754305	-0.099582919	0.1358876421	0.0051589117	-0.0214852794	0.0006350082	0.0542622506	-0.0862282178	-0.0243802156	-0.1232855404	-0.0822186796	0.1427365094	-0.1504591219	-0.1201838775	0.071650712	-0.0833755315	-0.0241095097	0.1551339112	-0.0110282212	-0.0675513509	0.0344642742	-0.0221165767	-0.0642085068	-0.015148638	-0.0450484927	-0.0201948625	-0.0127055637	0.0325982622	0.0331230614	0.0063241622	0.0453380859	-0.0376665957	-0.085098817	0.0703267949	0.0509612127	-0.0888661936	-0.1211199807	-0.0067565429	-0.0841833971176271	-0.0079039245360376	6.247202307137866e-05	0.0070868443502641	0.4354530022163345	0.0207358770806819	0.0004299765983051	0.189619317139219	0.7817856928519973	-0.0310811215958182	0.6111888695480774	0.000966036119654	0.007571041265303	-0.0003062339836882	9.377925276554518e-08	5.7320665840920845e-05	-0.0006486175679143	-0.000358704617675	4.207047494070616e-07	1.2866900274136792e-07	0.0014239772683762	0.0001318127759189	2.0277112608521446e-06	1.7374607895446176e-08	0.0	0.0	0.0	0.0	0.0	0.0	0.0	0.0	0.0
897.4594855115431	-0.3629983762715483	0.1317678211757805	805433.5281346437	998.2443887486178	3.4449786017921724	996491.8596681016	11.867877566805952	858.4508418561725	0.4744485332447539	736937.8478835713	0.2251014106980983	876.2912386887365	743.4599828917404	0.984922	20.638803	0.0601006448554802	0.0295120847467887	0.0286596901	-0.2665979432	-0.003498695	-0.0644301596	0.228554631	0.0676366009	-0.0799718717	0.1145378056	-0.0235619975	0.0647579495	-0.0928243229	-0.0356158249	-0.0703710419	0.1746069171	0.0301432967	0.1306205448	0.1582831415	-0.0656450814	-0.0470395409	0.0380651489	0.0144737226	0.0023714992	0.0438197594	0.0548486668	-0.0301535946	-0.0529851087	-0.0089614378	0.030867487	0.0059936155	0.0801961823	0.098940712	0.0783279219	-0.1604506216	0.0515150254	0.0085829542	-0.1365912247	-0.0208516213	-0.0268102552	0.0058815096	-0.0556669791	-0.0361313265	0.0099968214	0.0121978267	0.2048551965	-0.0612626079	0.0291354749	0.1245642629	0.0281334762	-0.0961275591	0.1785565723	-0.0347104146	-0.0496149733	0.0407252348	0.0050340842	0.0099516251	0.0118366307	0.0259918447	0.0597580789	-0.0473202332	0.0032915419	0.1022846443	-0.0129303894	-0.1167776252	0.0365596268	-0.0804734372	-0.0799290194	0.1563857448	-0.1475678728	0.0641327908	0.0225838158	0.030165223	-0.0191496852	0.1595443809	-0.0620488354	-0.0340607643	-0.0322889636	-0.1019418991	0.0006084454	0.0162388226	0.0622222686	-0.0002031519	0.024358413	-0.0068932709	-0.0185671422	-0.1075944447	0.0416426405	-0.0747845332	-0.0261467055	-0.0385726326	0.0478387595	-0.0936454286	-0.1172407796	0.0067565429	-0.0815809786189305	0.0026024184986965	6.77258204235823e-06	0.0066554560724223	0.44387015160342	0.0084171493870855	7.084840380451454e-05	0.197020711484443	0.8054290330274654	0.023643340175468	0.6487159272435579	0.0005590075346529	0.0077912340447521	0.0002201927794491	4.848486012152e-08	6.070332794010417e-05	-0.0008757233528038	-0.0002271057848894	7.668913906459287e-07	5.1577037530275846e-08	0.0014854334399222	6.145617154599994e-05	2.2065125044391e-06	3.776861021091373e-09	0.0	0.0	0.0	0.0	0.0	0.0	0.0	0.0	0.0
898.7965648075774	1.3370792960342897	1.7877810438835515	807835.2649099017	998.1501727945664	-0.0942159540513785	996303.7674498227	0.0088766459978114	857.8400892753194	-0.6107525808530454	735889.618767888	0.3730187150186557	875.7926895311255	729.0299674724711	1.000611	20.967556	0.0610874528416044	0.0389955343725285	0.0230224645	-0.2384608802	0.0930253771	0.0727895751	0.1773555125	0.0229181878	-0.1875269906	0.0116127102	-0.0246961963	-0.0438956458	-0.0472761537	-0.0464892641	-0.0606792435	0.0858659307	0.0717058166	0.1121797069	0.1420268348	-0.1495952114	0.0227987012	0.0548037642	0.0352284648	-0.0955530861	-0.0029435319	-0.0394275274	0.0217092304	-0.1072112178	-0.0047477151	0.077162088	0.0329516649	-0.0367400767	-0.0763702431	0.0460460605	0.0312669806	0.0933494437	-0.0870061448	-0.0334277	-0.1085462575	-0.1001412327	0.0288379462	0.049198739	-0.0462405211	-0.0089834928	0.0578118262	0.142090593	-0.1394102165	-0.0828383979	0.1764600227	-0.0062028672	-0.0502803822	0.1220395252	0.0544497173	0.0748707471	-0.0821093897	-0.0340188611	-0.0170884494	0.0059905296	0.0226269037	0.0235530452	-0.0769808537	0.0432787259	0.0217152207	0.0438969529	-0.1408042788	-0.0219515833	0.090470129	-0.0755868214	0.0946326205	-0.1409251553	-0.1340958668	0.0686480722	-0.0907235917	0.0186827375	0.1738410914	-0.0775599674	-0.0661672574	0.0184402873	-0.0697172925	-0.0806045075	-0.0284649489	-0.0853343683	-0.0041918166	-0.0472763251	0.0674673634	0.0399587203	0.0458291948	0.0643013626	-0.018388336	-0.0679669696	0.0418140212	0.0446835199	-0.098167988	-0.1126387502	0.0201956026	-0.090815879031453	-0.0092349004125224	8.528338562920811e-05	0.0082475238842555	0.4348907480752757	-0.0089794035281443	8.062968772125035e-05	0.1891299627614729	0.7691642532950027	-0.0362647797324626	0.591613648546859	0.001315134249044	0.007759190971928	-3.204307282409988e-05	1.0267585160105682e-09	6.020504453884898e-05	-0.0008731260936833	2.597259120499921e-06	7.623491754706589e-07	6.745754939020024e-12	0.0013879063884973	-9.752705142489996e-05	1.9262841432316185e-06	9.51152575963508e-09	0.0	0.0	0.0	0.0	0.0	0.0	0.0	0.0	0.0
900.8766645090144	2.080099701437007	4.326814767918325	811578.7646568873	1000.4391491833856	2.288976388819151	1000878.4912187764	5.239412908571561	856.8214120830929	-1.0186771922265052	734142.9322040654	1.0377032219624762	874.951087567446	743.1418015458117	1.085273	22.741625	0.0395958829410773	0.0226036043960438	0.0375906536	-0.1963572235	-0.017575831	-0.1209198302	0.1478597639	0.0316803145	-0.0590810117	0.1811614596	-0.0307242631	-0.0017452269	-0.0322756812	-0.0760026491	-0.0590066532	0.1347557387	-0.1065665909	0.0381028199	0.107979541	-0.0247804154	0.0330294866	0.0414426199	-0.0053399703	0.0952643499	-0.0694614827	0.0470219562	-0.030370434	-0.0659303434	0.061065237	0.002698078	-0.0421867402	0.0958753134	0.0908646986	-0.1330617917	-0.0524240928	0.096544056	-0.1614549455	-0.0037413862	-0.1078273017	0.0373654399	0.0874768985	-0.0120119801	-0.0706719669	-0.0108491799	-0.0757059313	0.1736042867	0.0093116817	0.0632088366	0.1079491204	-0.0353623473	0.0222989826	0.0274786552	-0.1071232032	-0.0327501384	0.0261505364	0.1389791166	-0.0102018871	-0.007367573	0.0140498052	0.0159561906	-0.0127235086	-0.0628811738	-0.070688389	-0.1459158494	-0.1961997786	0.0231108272	-0.0007656949	-0.0735763949	0.1057826134	-0.1109126982	0.0887513854	0.0968791524	0.0814389179	0.0075968421	0.124429218	0.0163752278	-0.0204211056	-0.0361393486	-0.1095610466	-0.0105162525	0.0245402101	-0.1077021695	0.0454913614	0.0918370961	-0.0216941268	-0.0704541394	-0.03983006	-0.0364820329	-0.1067414025	-0.1236140528	0.0293169554	0.0414976565	-0.1024214758	-0.1073422654	0.033413395	-0.0860535240050524	0.0047623550264006	2.2680025397483056e-05	0.0074052089936881	0.4355757805771958	0.00068503250192	4.692695286868994e-07	0.1897262606254334	0.7839051638490844	0.0147409105540816	0.6145073059092598	0.0002172944439634	0.0081002370903179	0.0003410461183899	1.1631245486881807e-07	6.561384091936181e-05	-0.0009198925420783	-4.67664483949999e-05	8.462022889712769e-07	2.1871006954821887e-09	0.0013882455188859	3.391303885998988e-07	1.9272256207067814e-06	1.1500942047191836e-13	0.0	0.0	0.0	0.0	0.0	0.0	0.0	0.0	0.0
904.1352050758848	3.2585405668703515	10.618086625939751	817460.4690576122	1000.9865034327788	0.5473542493932655	1001973.9800545804	0.299596674328865	858.3438221398621	1.5224100567692176	736754.1170056673	2.3177323809520525	875.4786294920917	746.1274915903464	1.145712	24.00812	0.0791350620056113	0.0445348013971014	0.0456520965	-0.136143112	-0.0412836575	0.1284897475	0.0817523642	0.108956225	-0.1594863451	-0.0164112158	-0.0926422634	-0.1376022855	0.0324658236	-0.0386785359	-0.0628600604	0.0372161832	0.1054804331	-0.0462961989	0.0530138841	0.0178914391	0.1070922295	0.0657176555	0.1672717155	0.0214049278	0.0416457572	-0.0653254431	-0.0102725555	-0.0307886218	0.1302106102	-0.037923346	0.0763505517	0.0285726218	-0.071990289	-0.0115618434	0.159620463	0.0676699669	0.0283568175	0.0868448806	-0.0184829046	0.0901580102	-0.0390846882	0.0472528858	-0.0422347846	-0.0899163315	0.0989153171	0.0581601717	-0.0076336225	-0.0573466912	0.1254089918	-0.1030488551	0.050681995	0.0259966969	-0.0528534772	-0.0844559532	-0.0045414431	-0.0668943862	0.0451670608	0.081718053	0.0554777567	0.0432826128	-0.0031193927	0.0298786592	-0.0537561963	-0.0478225847	0.0298501469	0.0157809784	0.1127614399	-0.0638033144	0.0560852484	-0.0680869171	-0.0536236541	0.1009571884	-0.1376867381	0.00753917	0.0788531341	0.0383114971	0.0588290276	-0.0495154096	-0.0022985704	-0.0630674752	0.0836253908	-0.0686191312	0.119100502	-0.0050816707	0.0121116658	-0.1086244099	0.1375430871	-0.0167017427	-0.0266487674	-0.1578742753	-0.0155189815	0.0382833527	-0.1063942335	-0.1013839798	0.0462651033	-0.0818826857870504	0.004170838218002	1.7395891440746112e-05	0.0067047742317008	0.424556457750441	-0.0110193228267548	0.0001214254755602	0.180248185817602	0.7435829101602849	-0.0403222536887994	0.5529155442824383	0.0016258841425439	0.007740802001103	-0.0003594350892149	1.2919358335892326e-07	5.992001562028021e-05	-0.0010321412747011	-0.0001122487326228	1.0653156109416117e-06	1.2599777975424872e-08	0.0013890146424893	7.69123603400158e-07	1.929361677049678e-06	5.915511173072435e-13	0.0	0.0	0.0	0.0	0.0	0.0	0.0	0.0	0.0
907.3728236368286	3.2376185609438157	10.4821739461679	823325.4410746712	1013.4057544259464	12.419250993167566	1026991.2231036216	154.23779523129355	858.6492639724894	0.3054418326272525	737278.5585204978	0.0932947131186945	875.4363291548934	757.8707428543047	1.228603	25.745081	0.0288805016387454	0.0151761090739276	0.0575613605	-0.0377013038	0.0404397755	-0.1372035677	0.0013858797	-0.0313918122	-0.064603979	0.1479341786	-0.0602851266	-0.0748584437	0.1503044429	-0.034450311	-0.0720085627	0.0812027454	-0.1746336695	-0.0118686589	0.0415640676	0.0897077983	0.2089604427	0.1735560916	0.0691335965	0.0698406138	-0.0869424987	0.0096656435	0.0219676824	0.0948495904	0.0558486999	-0.0203119046	0.1380758297	-0.1071086595	0.0334828913	0.0962564904	0.0890274627	-0.1105042437	-0.0416282216	-0.0922838328	-0.0541170365	0.0953736922	0.1344551618	-0.1005134646	-0.0333640317	-0.0637449456	-0.1758161224	0.0797126946	0.1016209993	0.0137164471	0.0661769034	-0.182578669	0.0659089888	-0.0431419497	-0.0773221729	-0.0123336168	0.044307549	-0.1239539475	0.0182088431	0.1317936664	-0.0152857467	-0.0593324035	-0.1363955209	-0.1333218679	-0.0798817728	0.0217715419	0.1346082048	-0.0581137499	-0.0308528554	-0.0582210078	0.0354984679	-0.0026504467	0.008838189	0.1418470465	0.1454806503	-0.0240752882	0.0874626634	0.0612415791	0.0487588353	-0.0854044395	0.0558005626	-0.0468286585	-0.1207783472	-0.1168757472	-0.0202453158	-0.0009018482	0.1712257537	-0.0667721439	0.0616012275	-0.0260235266	-0.042705527	-0.0719462098	-0.1267785694	0.0350428114	-0.1100753719	-0.0948006283	0.0586099215	-0.0746668161824715	0.0072158696045789	5.206877415028566e-05	0.0055751334388269	0.424150604713418	-0.000405853037023	1.6471668766079857e-07	0.1799037354787581	0.7321134540252814	-0.0114694561350034	0.5359901095648278	0.0001315484240327	0.007612245930007	-0.0001285560710959	1.6526663415639783e-08	5.7946288098908144e-05	-0.000965729594772	6.641167992910005e-05	9.326336502184914e-07	4.410511231005231e-09	0.0013881959362716	-8.187062177000739e-07	1.9270879574809843e-06	6.702798709007607e-13	0.0	0.0	0.0	0.0	0.0	0.0	0.0	0.0	0.0
909.6040695871212	2.231245950292646	4.978458490697332	827379.5634094524	1008.3137084736544	-5.092045952291983	1016696.5346958938	25.928931980253164	859.6109198030628	0.9616558305733632	738930.9334446676	0.9247819364757454	875.3756904676898	759.8313991250662	1.203471	25.218441	0.0537417104880073	0.0321617724408435	0.0633734217	0.005436146	-0.131596189	0.0857147902	-0.0157064523	0.1851223455	-0.0346612169	0.026226576	-0.1104372859	-0.2011343754	0.0230521951	-0.0065972737	-0.0280202071	0.0624719978	0.1124534746	-0.1346836863	0.0720024517	0.2591158599	0.054142666	0.0154464133	0.0421903504	-0.0704302962	-0.0950107137	-0.0749926294	-0.0399309133	0.0141721616	0.0149817976	-0.0435451624	-0.0054455427	0.0095614757	0.1364662024	-0.0357256908	-0.105291606	-0.0343818083	0.1235142964	0.0171521454	0.0045763728	0.0435993444	0.0522454583	0.0200127511	-0.0115995002	-0.1050388078	0.1397243577	0.0090559746	0.1944561216	0.0436542826	0.0158666657	-0.1581100149	-0.0436041015	0.0199102675	0.1123796892	-0.206463434	0.0411239767	0.0770166624	0.0126089279	0.011610575	-0.0003749511	-0.0036616391	0.0394582982	-0.0775673214	0.0432827523	-0.0519909215	0.0196388557	0.036157646	0.0347559682	-0.0508774859	0.0085110623	-0.0025277745	0.0779541562	0.1181768562	-0.1073669914	0.0086074251	-0.0075346377	0.0247048502	0.1240603386	-0.1436079239	0.0461022144	-0.1267268003	-0.0035965117	-0.0231500762	0.041520541	-0.2055718296	0.2260958206	0.0291815777	0.0137528144	0.1139769623	-0.0925994164	0.0476139987	-0.0463468523	0.0317782535	-0.1134548014	-0.0876327994	0.0703125971	-0.0741602175673818	0.0005065986150896	2.566421568108004e-07	0.0054997378696414	0.4190189187996225	-0.0051316859137954	2.633420031784696e-05	0.1755768543120046	0.7129649380705843	-0.0191485159546971	0.508319002917992	0.0003666656632672	0.0070807004634399	-0.0005315454665671	2.8254058302803656e-07	5.013631905295801e-05	-0.0009191030692026	4.662652556939998e-05	8.447504518176394e-07	2.17403288667391e-09	0.0013872697283196	-9.262079520000726e-07	1.924517299111937e-06	8.578611703481688e-13	0.0	0.0	0.0	0.0	0.0	0.0	0.0	0.0	0.0
912.4208979833188	2.816828396197593	7.934522213625105	832511.8950766858	1015.955537291134	7.641828817479563	1032165.6537525168	58.3975476756611	860.8083612027966	1.1974413997338615	740991.0347166443	1.4338659057965897	876.8515282600358	775.6516525707026	1.174179	24.604633	0.0736141676941339	0.0318338293941681	0.0736997966	0.0855436713	0.0609118635	0.0863719626	-0.0851203501	-0.1056390662	-0.1085770888	-0.0290148645	-0.1237193294	-0.234253209	-0.1468210392	0.0247706049	-0.0649856124	-0.012456992	0.0777092197	-0.1730333699	-0.1869877771	0.0447552315	0.0372198782	-0.0155246479	0.1237697672	0.0479295906	-0.0806409962	-0.1578609276	-0.0761673785	0.2516924041	-0.0289681713	-0.0666280688	-0.0628662927	0.0535044743	0.0601919078	-0.0149697679	-0.019658144	0.0125846211	0.0369857985	-0.0583967872	-0.0318108193	-0.0453742117	-0.1746515788	0.0709376048	0.0209907451	-0.124862379	0.0351372136	-0.0628821311	0.1270171789	-0.236088148	0.025514804	-0.0899905389	0.028287566	-0.0707036341	-0.0027820012	-0.0221822834	0.1008587922	0.2208472685	0.1055663138	0.1451334221	-0.0400853322	-0.072574087	0.0148538899	0.1086080149	0.0158826024	0.1047420932	0.0080567839	-0.0790722543	-0.0004288578	-0.0392624177	-0.0035139176	0.0853067976	-0.0696911958	-0.0171706234	-0.0601980127	-0.0362238288	0.0308386328	0.131133302	0.147683884	-0.121112519	-0.0360394298	-0.1046704048	-0.0278256157	-0.0641489077	0.0570517304	-0.1234156361	0.0773189266	-0.1067321053	0.005484255	-0.1242602395	0.0521088574	0.0258988353	-0.0422783488	0.0284919163	-0.1165232592	-0.0799246852	0.0812449131	-0.0680229133310916	0.0061373042362901	3.766650328878553e-05	0.0046271167380492	0.4377779183577956	0.0187589995581731	0.0003519000644235	0.1916495058016847	0.7236143013739849	0.0106493633034006	0.5236176571529602	0.0001134089387678	0.0069027672842327	-0.0001779331792072	3.1660216262781625e-08	4.764819618027328e-05	-0.0012500985789369	-0.0003309955097342	1.5627464570600567e-06	1.0955802746426905e-07	0.0011348284053357	-0.0002524413229839	1.2878355095567676e-06	6.372662154986172e-08	0.0	0.0	0.0	0.0	0.0	0.0	0.0	0.0	0.0
914.7171866378504	2.2962886545316223	5.272941584930648	836707.5315306641	1021.4606602612664	5.505122970132447	1043381.8804613824	30.306378916279897	861.7180201303069	0.909658927510236	742557.946217296	0.8274793643990729	877.0682860050738	785.3061682098213	1.038354	21.75845	0.0498047270850244	0.0281315151940718	0.0851973264	0.1542641575	0.1019712208	-0.0122183275	-0.1555533138	-0.0807554609	0.024781963	0.0543689792	-0.131216588	-0.1494716335	-0.033308824	0.0457427728	-0.0047748844	0.0165542557	-0.088697676	-0.1269431791	-0.2536150276	0.0613482863	0.0014842197	0.1145148535	0.0555814522	0.0556519079	0.0227140043	0.0006711979	-0.1393337386	0.0560851519	-0.0212226374	-0.0339572401	-0.0715391629	0.0761877984	0.0925528635	-0.1294754989	-0.0659602218	0.0812524202	0.1231856374	-0.1399789682	-0.0718544555	0.0830359443	0.1035317701	-0.1505784	0.0396513511	-0.0774089657	-0.1093315141	-0.0668098871	0.2237966999	-0.1348296538	-0.1067720942	-0.0929397367	-0.019609568	-0.0691873972	-0.1108335139	-0.0802485152	0.1384294326	0.1224458617	0.0815580231	0.0568960743	-0.0062440213	0.0453680393	0.1073761527	0.0391523116	-0.0141826201	-0.0160506995	0.0514651918	0.0368773116	0.125184804	-0.0302823791	-0.0154058166	0.1373897059	-0.0525892635	-0.0915765961	0.1025820327	-0.0528486397	0.015121719	0.2159170665	0.1581019248	-0.1083857201	-0.0012390696	-0.0477852601	-0.0621391049	-0.0109799267	0.0468104815	0.0121045796	0.1065569943	-0.0578334363	-0.1415162145	-0.0746061973	-0.0965420636	0.0733402501	-0.0365973058	0.0251860523	-0.1192723348	-0.0717238087	0.0912870929	-0.0720109099276982	-0.0039879965966065	1.5904116854545753e-05	0.005185571148615	0.4376901271840836	-8.779117371199296e-05	7.707290181729325e-09	0.1915726474344193	0.7375378321585657	0.0139235307845808	0.5439620538651566	0.0001938647095091	0.0065304177152506	-0.000372349568982	1.386442015211552e-07	4.264635553565887e-05	-0.001501269884329	-0.000251171305392	2.253811265593209e-06	6.308702465237155e-08	0.001147415701564	1.258729622830002e-05	1.3165627921956063e-06	1.584400263389759e-10	0.0	0.0	0.0	0.0	0.0	0.0	0.0	0.0	0.0
914.6334945781248	-0.0836920597256494	0.0070043608611216	836554.4294041926	1023.529161677641	2.068501416374602	1047611.9448045344	4.2786981095437335	861.4631985430192	-0.2548215872876653	742118.8424439693	0.0649340413478052	878.9069044812978	799.1164302387457	1.184439	24.819624	0.0214781199141822	0.0162954141846338	0.0715550137	0.1506213877	-0.0842057092	-0.1183573607	-0.1883370328	-0.0005378013	0.185418964	0.1194827308	-0.0109255812	0.0250518003	-0.2090344337	0.0375985169	-0.0212828879	-0.0056592934	-0.1094130166	-0.1803881091	-0.0504021687	0.0911382718	-0.0379582099	-0.0985812613	-0.0468487457	0.103584908	-0.0933351117	-0.090035731	0.1298825659	0.0176978521	-0.0185018495	-0.1849709517	0.0169295107	0.0706647476	-0.0524300718	-0.0192908616	0.159791047	-0.0463730012	0.0355817822	-0.0557296036	0.0118682086	-0.0644871647	0.0026923744	0.0205823062	0.0422963663	-0.0286711673	-0.0515262188	-0.0152612079	0.1461245499	0.0968595766	-0.115033955	0.0598475964	0.1576374767	-0.1335392286	-0.0142597553	0.0707049883	-0.0499277121	0.2343774956	0.0418429122	0.0963904463	0.1191791255	-0.046035712	-0.0075869066	-0.0169158203	-0.0722613566	-0.0098134144	0.0825320438	-0.063741376	0.0042560159	-0.0264300014	-0.0240066634	0.0648549402	0.1964873044	-0.1075310315	0.0461298034	-0.039760074	-0.0273452571	0.1484950847	0.0914443042	-0.088404463	-0.0783650225	-0.0165669421	0.0286839746	-0.0606959634	0.0541447251	-0.1639012122	-0.0352338784	-0.0162404519	-0.0657814308	-0.1817394447	-0.0453012493	0.1031101895	0.0447015017	0.0218629269	-0.1216944932	-0.063080731	0.1003291122	-0.0740528096247175	-0.0020418996970193	4.169354372687522e-06	0.0054838186133146	0.4369387601760195	-0.0007513670080641	5.64552380807209e-07	0.1909154801441571	0.7395474495386196	0.0020096173800538	0.5469304301190772	4.038562014214687e-06	0.0062183892939208	-0.0003120284213297	9.736173571756708e-08	3.866836541074883e-05	-0.0015020115593307	-7.416750017000002e-07	2.256038724363041e-06	5.500818081466953e-13	0.0011266810813146	-2.073462024939992e-05	1.2694102589922364e-06	4.2992447688682506e-10	0.0	0.0	0.0	0.0	0.0	0.0	0.0	0.0	0.0
911.9645092913717	-2.668985286753127	7.123482460904673	831679.2662070523	1021.7148753334494	-1.8142863441916008	1043901.286477646	3.291634938720123	861.2580514819597	-0.2051470610595061	741765.431242502	0.0420853166613527	878.781175003401	779.3424655585453	1.246858	26.127605	0.0580111806071633	0.0297809936335451	0.0361263163	0.0936481997	-0.0389685852	0.1689466582	-0.1724439753	0.0803703806	0.0680551089	-0.1440768668	-0.0355312105	0.1099309882	-0.0062898396	0.0338182281	-0.0164225094	-0.0110650601	0.0814311842	-0.0230884336	-0.0577104857	-0.0240200131	0.020361267	-0.0736148171	0.0292115171	-0.0252312704	0.0288398801	-0.0519652227	0.0771598047	-0.1271988825	-0.1012445664	0.046928681	0.0461845856	0.1338326544	-0.0997461962	0.0438148292	0.0022378807	0.0255763365	0.1082233535	-0.0509140113	-0.0637144958	-0.0506767271	-0.1311243761	0.0265623762	0.0345115789	-0.0429001842	0.1189336828	-0.0395898422	-0.0246936771	-0.0545614167	-0.1286894956	0.0554603808	0.1555589864	-0.0536170692	0.0450980143	0.1159580758	-0.0567413376	-0.0090771036	-0.0011908016	-0.0223064034	0.1306083734	-0.0020025981	0.0795477675	-0.0092017491	-0.0314655912	0.047613143	0.086287258	-0.1447252992	-0.0089076071	-0.0199588993	-0.0437516742	0.069790166	-0.0003598334	-0.1083120539	-0.1413672871	-0.0111267895	-0.0134743469	0.1555362673	0.1169452453	-0.056256624	0.0304027793	0.0609265361	0.0248659991	0.0036572926	0.038245944	-0.0634016302	0.026656285	-0.1322925013	0.0498868251	-0.1663277352	0.0899747861	0.0507270372	-0.0137527409	0.0185248178	-0.1237830955	-0.0540487397	0.1082719048	-0.0716862136430762	0.0023665959816412	5.6007765403207255e-06	0.0051389132264807	0.4438030681751002	0.0068643079990806	4.711872430624281e-05	0.1969611633216326	0.7307013403727183	-0.0088461091659013	0.5339244488224871	7.825364737504368e-05	0.0065311926790304	0.0003128033851096	9.784595773602473e-08	4.26564778106203e-05	-0.0019457062006897	-0.000443694641359	3.785772619402348e-06	1.9686493477069173e-07	0.0011688664040568	4.218532274219986e-05	1.3662486705326743e-06	1.7796014548635643e-09	0.0	0.0	0.0	0.0	0.0	0.0	0.0	0.0	0.0
910.4888688082264	-1.4756404831452985	2.177514835497289	828989.9802236836	1021.6155645707074	-0.0993107627419931	1043698.3617731252	0.0098626275963964	860.2315828859594	-1.0264685960003137	739998.3761944831	1.0536377785748547	877.5305627257782	792.2067649315144	1.276609	26.751034	0.0817428828882824	0.04753144116302	0.0213794849	0.0623289985	0.0569384248	-0.0932689136	-0.1140712607	-0.1179158848	0.0366251117	0.0238468975	0.0342615064	0.1105170826	0.0456854528	-0.0011636318	-0.0016525663	-0.0624193597	-0.1043192775	0.0485124714	-0.0545967908	-0.097307589	0.0929229813	-0.0653816668	-0.0579945364	-0.0971635475	0.1496997743	0.1833371249	0.0893224064	0.0197953228	-0.0204750285	-0.0207125427	-0.0610426835	-0.1739539517	0.0733892514	0.1933335661	0.01886664	0.0541095855	-0.0421492497	-0.0215136572	-0.0727378717	0.0948503557	-0.0039524852	0.0456892819	-0.0018179403	0.0109176933	-0.1216363763	-0.0441329215	-0.0560603293	0.0024041822	-0.0773589009	0.0771040396	0.0141045859	-0.1072417211	0.0206422063	0.1212976858	0.0415390026	-0.2776735835	-0.0785453346	-0.0124634977	0.0904682921	0.0269690912	-0.0676593242	-0.128908872	0.1076205109	0.1385849097	0.0294700859	0.0680365634	-0.0955664755	-0.0207477635	-0.0615027467	0.0257168357	0.0487242684	-0.0658091161	0.1464786458	0.0470394616	0.0804210025	0.0133860313	-0.0156564834	0.0089526842	0.1326333085	0.0581608246	0.0391472838	0.0835237436	-0.0805984776	-0.0372097904	0.1060700221	-0.0776316558	0.0573996058	-0.083653434	0.1009236638	0.1086503281	-0.0891244816	0.0151740128	-0.1255324169	-0.0446835199	0.1150284477	-0.0703785244518258	0.0013076891912504	1.7100510209131387e-06	0.0049531367040162	0.4206528497981736	-0.0231502183769266	0.0005359326108993	0.1769488200433247	0.7215510179474478	-0.0091503224252704	0.5206358715009981	8.372840048640773e-05	0.0072649270173638	0.0007337343383333	5.383660792495512e-07	5.277916456762247e-05	-0.0019429573425804	2.7488581093000966e-06	3.7750832350870897e-06	7.556220905064902e-12	0.0013950762655108	0.000226209861454	1.9462377865915604e-06	5.1170901419037946e-08	0.0	0.0	0.0	0.0	0.0	0.0	0.0	0.0	0.0
909.2451568717216	-1.2437119365047238	1.54681938100433	826726.7552946816	1020.1413329068351	-1.474231663872274	1040688.3391049342	2.173358998763614	859.7722730534781	-0.4593098324812672	739208.3615115446	0.2109655222139697	877.6381752607946	780.1745161955384	1.125997	23.594997	0.0434349505791149	0.0216090389549518	0.0066648213	0.0161189127	-0.1253021181	0.011313479	-0.0568192491	0.0831634898	0.0744841462	-0.0735272073	0.1124385931	0.13011935	-0.0532363183	-0.0086207746	-0.0396882947	-0.1052622545	0.1094553737	0.0472357691	0.0503976529	-0.0533892319	-0.0148345066	-0.1067154352	-0.1098361026	0.1392146148	0.1045687821	-0.0122740845	0.0469110396	-0.0322963863	-0.0370570268	-0.0476943253	0.1071958491	-0.0498021795	-0.0164227132	-0.0279003954	-0.0350842562	-0.106610443	-0.0865999572	0.1088521863	0.0951685562	-0.0339208092	-0.0263241965	-0.0104480879	-0.004094805	-0.0267663385	0.1079785859	-0.0539152982	-0.0988878416	0.1406656552	-0.1094420152	0.0948892626	0.0322931359	-0.107010248	0.0497391817	-0.046523008	0.0245938859	-0.0576488526	0.0551878491	-0.0691303183	-0.0284989524	0.017162754	0.0425515118	-0.056073307	-0.0912580819	-0.0407031592	0.053728237	0.0098175498	-0.2320193981	-0.0150074702	-0.0603189415	-0.0320774883	0.0775391563	-0.0587522154	-0.0996829353	0.0431234245	-0.0094723752	-0.0517860334	-0.0738733939	0.0027652395	0.0427516132	0.0302752122	-0.0766199689	0.0673946159	-0.0572055346	0.0435929896	0.0569577224	-0.0216993709	-0.0410493117	-0.0698238373	-0.0150448435	0.1494872533	0.0631599458	0.0118128082	-0.1269376627	-0.0350428114	0.1205247148	-0.0686695228771725	0.0017090015746532	2.920686382167455e-06	0.0047155033721785	0.4334077700664807	0.0127549202683071	0.0001626879910508	0.1878422951539994	0.7327376442341773	0.0111866262867295	0.5369044552778518	0.0001251406076789	0.0071192217015873	-0.0001457053157764	2.1230039045529544e-08	5.068331763635157e-05	-0.0019448028149129	-1.845472332500037e-06	3.78225798889314e-06	3.405768130023127e-12	0.0011869390046313	-0.0002081372608795	1.408824200715141e-06	4.3321119366421056e-08	0.0	0.0	0.0	0.0	0.0	0.0	0.0	0.0	0.0
908.4007285049928	-0.8444283667288346	0.7130592665363271	825191.8835484016	1016.452340069939	-3.688992836896091	1033175.359633655	13.608668150670669	859.4053351785789	-0.3669378748992358	738577.5301334055	0.1346434040355672	876.8703119491267	770.3500310711477	1.120906	23.488308	0.0407129652041178	0.0223665618774524	0.0054438214	0.0278779158	0.1401685381	0.003429338	-0.0413113644	-0.0927253624	-0.0779012609	-0.0393619249	0.0774622314	0.0909115006	0.0727346421	-0.0170789925	-0.0213815436	-0.0754325078	-0.0486264964	0.1098408079	-0.1224269627	-0.1034634693	-0.0574461949	-0.0487720274	-0.0638161185	0.0595842531	0.1284540979	0.0004055098	0.0217422223	-0.05352498	0.1263691934	-0.1155326374	-0.0598819107	-0.0582532348	0.0898646789	-0.0146172036	0.0809296593	0.091527459	-0.022515251	0.1373305203	0.0016296465	-0.0276478393	-0.0364610596	0.0676625622	-0.0171069649	-0.0066428217	-0.082852319	-0.0614523846	-0.1337188558	-0.0495783295	-0.0788006714	0.1057426458	0.0093021744	-0.0835633665	-0.057303013	-0.0668640032	-0.0347479913	-0.0647599219	0.0757194674	0.0165742225	0.0008805979	0.085121566	0.0413185375	-0.0445129055	0.0181266236	-0.0965056182	-0.0623665181	0.1458211013	-0.009200359	-0.0095014039	-0.0649943487	0.0210230653	-0.102763208	-0.1035914341	0.0764259022	0.0543384203	0.0737849062	0.0092148272	-0.0131174303	0.0389091813	0.0186634205	0.0719374983	0.1046832236	-0.0200642894	-0.0043490829	0.1430532191	0.0065946674	-0.0233667417	-0.0365302679	-0.1308121776	-0.0995797312	-0.0035281828	0.0621962038	0.0084435077	-0.1279949812	-0.0251860523	0.124700488	-0.0784137548643997	-0.0097442319872272	9.495005702090192e-05	0.0061487169519341	0.433814880590873	0.0004071105243922	1.6573897907096998e-07	0.1881953506220733	0.715659013397854	-0.0170786308363233	0.5121678234575897	0.0002916796312434	0.0072861329499368	0.0001669112483495	2.7859364825588573e-08	5.308773336415474e-05	-0.001919983758345	2.481905656790003e-05	3.686337632308592e-06	6.159855689206215e-10	0.0011090094724252	-7.792953220609996e-05	1.2299020099288206e-06	6.07301198986157e-09	0.0	0.0	0.0	0.0	0.0	0.0	0.0	0.0	0.0
908.5181950232233	0.1174665182304579	0.0137983829051865	825405.3106882555	1015.213661025552	-1.2386790443870268	1030658.7775329044	1.534325775003558	858.9659904941545	-0.4393446844243271	737822.572825604	0.1930237517319116	875.891155943986	772.5696446868195	1.140414	23.8971	0.1047002681078385	0.0575847343829442	0.0012125234	-0.010469603	-0.1115883857	-0.0741327302	-0.0167620947	0.1010303717	0.0531087036	0.0517301763	0.0938455864	0.0141208543	0.0117222469	-0.0334114157	-0.0235285909	-0.0431669776	0.050858126	-0.0896030984	0.1043040853	0.0174503687	-0.0896720078	-0.0247882773	-0.0202788521	0.0360456708	-0.015268994	0.0262589425	-0.0676243289	-0.1568530898	0.024694186	-0.0497707246	0.0225397918	-0.0806249199	0.0575069328	0.1029874419	0.0093783364	0.0172531366	0.0870356903	-0.0704514067	0.0274858931	0.1341404393	-0.003466916	0.0014285749	-0.0380463106	-0.0269234524	0.0620079174	-0.0226843347	0.0111463028	0.1550343857	0.0393023407	0.1030097244	-0.0602495154	0.0136634535	0.0275218084	-0.021795128	-0.0052084254	-0.006029493	-0.0156751771	0.0024037761	0.0849605333	0.0135890347	-0.047424654	-0.0025326897	0.1143871245	0.017680472	0.0484143491	0.0109137868	0.1179750744	-0.0102591259	-0.0437009092	-0.0359100169	0.1001883614	0.0537597365	-0.0386886626	-0.0018645188	-0.0548732149	0.0242934829	-0.1227369271	0.0718541381	0.0038446621	-0.0954013636	0.1311989942	0.1009658541	0.0046683562	0.0122363721	-0.1294238797	0.0680407615	0.0383846809	0.0727209867	-0.0056133784	0.1536561449	0.0820388293	0.0050684204	-0.1287014744	-0.0151740128	0.1275100165	-0.0738750860975159	0.0045386687668838	2.059951417548653e-05	0.0054575283459153	0.4510325029448268	0.0172176223539538	0.0002964465195233	0.2034303187126751	0.7681319284464649	0.0524729150486109	0.5900266594988851	0.0027534068136987	0.0074590951935414	0.0001729622436045	2.9915937712736864e-08	5.5638101106312414e-05	-0.0021770666676363	-0.0002570829092913	4.739619275333024e-06	6.609162224967883e-08	0.0009296333865533	-0.0001793760858719	8.642182333945574e-07	3.2175780182723263e-08	0.0	0.0	0.0	0.0	0.0	0.0	0.0	0.0	0.0
909.7792612172258	1.2610661940025238	1.590287945656011	827698.3041409611	1023.4062350217034	8.192573996151395	1047360.321881298	67.11826868241604	860.7675112252558	1.8015207311012773	740920.7083809209	3.2454769445876805	878.5401894748405	768.2503909670073	1.147	24.035101	0.0315709462457457	0.0185961309760325	-0.0071009528	-0.009218609	0.0770431255	0.1348080976	-0.0690963083	-0.045450057	-0.0872092384	-0.1123752964	0.0414567779	-0.0444409666	0.1316685891	0.014754235	-0.0072322768	-0.0852408808	0.0819164333	-0.0274691714	-0.0375403048	-0.0752260627	-0.0072310052	-0.0358161954	0.1578557924	-0.0162400976	-0.0479023022	0.0165240576	-0.0064348702	0.031379981	-0.1049991511	0.0832240603	-0.0614401795	-0.1226771711	0.0739198463	0.0693019975	0.0066981367	0.1466111758	0.0808219128	-0.1207451544	-0.0206663361	0.068210514	0.0030359859	-0.0437297436	0.0174534037	-0.0257083287	0.0407124309	-0.0667373402	-0.1024675073	-0.1277570468	0.0740552022	-0.0246945172	0.0254637191	-0.0027127281	0.0965766551	0.0466305192	0.1308124502	0.0176027249	0.0168212948	-0.0060933852	-0.029845857	-0.0760104575	-0.0984403524	-0.0008210863	0.0204992748	0.1241346706	-0.0029847683	0.042488248	0.1775974638	-0.0099191778	-0.0451768479	0.0207518079	-0.1354995309	0.0032131044	-0.103600879	0.0138394208	-0.0571888419	0.0642916367	-0.0899949716	0.0772157728	-0.0824096081	-0.0697112095	-0.0278924859	0.1090192088	-0.0416996849	-0.0357179848	-0.1642843863	0.0341663921	0.1250833402	0.0120792152	0.1937140556	0.0691595897	0.0431016123	0.0016898595	-0.1290552057	-0.0050684204	0.1289225186	-0.0892172840288623	-0.0153421979313463	0.0002353830373646	0.0079597237694866	0.4511282067274322	9.570378260542745e-05	9.159214004986916e-09	0.2035166589051088	0.768120755906196	-1.1172540268944433e-05	0.5900094956539059	1.248256560611849e-10	0.007440860817792	-1.823437574940013e-05	3.3249245897031146e-10	5.536640970975223e-05	-0.0022898658187111	-0.0001127991510748	5.2434854677014565e-06	1.2723648483195562e-08	0.0011210372995596	0.0001914039130063	1.2567246270038803e-06	3.6635457914123284e-08	0.0	0.0	0.0	0.0	0.0	0.0	0.0	0.0	0.0
911.0252985905934	1.2460373733675851	1.5526091358287908	829967.0946720798	1022.4741693945492	-0.932065627154202	1045453.4270790734	0.868746333322356	860.7997395797132	0.032228354457402	740976.1916605021	0.0010386668310319	878.0099557261594	770.5246111343647	1.199006	25.124882	0.1361521599637197	0.0699393672393055	-0.0139247876	0.0427410365	-0.0210659436	-0.183560641	-0.0844696065	-0.0625420945	0.0819832202	0.091428289	0.1314756788	-9.51129e-05	0.0622797369	0.0094730966	-0.0053244464	-0.0556944765	-0.1069250556	0.0576341746	0.0254625602	0.0641764494	-0.0497360386	0.0375659932	-0.0856510401	0.2132922894	0.0354489618	0.069819384	-0.0416342488	0.0192773673	-0.0232613334	0.0276054659	-0.0765187036	0.0318399591	0.0028653301	0.0081969392	0.0951095071	0.1421113419	-0.0813231096	-0.127553743	-0.0221108318	-0.1144822263	0.0021170269	-0.037640226	0.0076840551	0.0173995123	-0.1456593056	-0.0501618652	-0.0397994465	0.095404726	-0.0638723238	-0.0241276097	0.0100816734	0.0546148953	-0.0909068552	0.0470538909	0.0797968851	-0.0314447075	0.0309206541	0.0865492182	0.0515044245	-0.1542410239	-0.0442552536	0.0507656623	-0.0760819544	0.0878861691	-0.1812397738	-0.0325072077	0.0434110721	0.0104835426	-0.0875444027	0.0033826674	0.0697363476	0.108633906	0.1474551975	-0.0059568356	-0.0557013431	0.0574589012	-0.0865206242	0.0441590916	0.0931450057	0.0097030777	-0.141737205	-0.012026884	-0.072812833	0.135680121	-0.0696781124	-0.0425641482	0.0849802342	-0.0702449242	0.0839496533	0.0180968251	-0.0081406528	-0.0016898595	-0.1290552057	0.0050684204	0.1289225186	-0.0730504839546171	0.0161668000742452	0.0002613654246406	0.0053363732060037	0.4038153394777026	-0.0473128672497296	0.0022385074073905	0.1630668283974922	0.7250605215720611	-0.0430602343341348	0.5257127599423493	0.0018541837809106	0.0077361006236987	0.0002952398059067	8.716654299182638e-08	5.984725285999142e-05	-0.0021839361518007	0.0001059296669104	4.76957711514205e-06	1.1221094331748292e-08	0.0009299616062645	-0.0001910756932951	8.648285891260489e-07	3.6509920568203176e-08	0.0	0.0	0.0	0.0	0.0	0.0	0.0	0.0	0.0
910.5364187754652	-0.4888798151281435	0.2390034736397277	829076.5699164494	1019.7780674205106	-2.696101974038584	1039947.3067919116	7.2689658544147475	860.8402101238427	0.0404705441294481	741045.8673660615	0.0016378649421336	878.6372890634581	779.9017608044477	1.160196	24.311613	0.0446728431439566	0.0253751482126143	-0.0128417538	0.0487193972	-0.1350467712	0.1115621458	-0.0105005859	0.0992281468	0.0266754579	-0.1171519509	0.0638680458	0.0377587849	0.0245349339	0.0132942467	-0.0309997515	-0.1259439483	0.0949424813	0.0825803276	-0.0245199363	0.0489353987	-0.1153570167	-0.0005349699	0.0759117981	-0.0536004856	-0.0992316027	-0.0809412094	0.0928174635	0.0609607532	-0.0028049269	-0.0328514826	-0.006542459	-0.0136350416	-0.0137718303	-0.1285343032	0.0022719125	-0.0674857504	-0.1539117485	-0.0967084682	0.0412790107	-0.0402442198	0.0127686716	0.0063697732	0.0114210251	-0.0110782147	0.1043642472	-0.0724245153	-0.1038627616	0.0524316466	-0.0655868718	-0.078854458	0.0737721828	0.129934297	0.0059084889	0.0848040697	-0.0580241369	0.1065883349	0.0076639031	-0.0370411821	-0.1626849496	0.0201688849	-0.0153306007	0.0219243699	-0.1233387103	-0.0504369961	0.0920367124	0.0113951065	-0.0304917473	0.01007523	-0.0913766278	-0.0134430407	0.0004412555	0.0037560094	-0.1357739271	0.0442182896	-0.1077345979	-0.0272794071	-0.0429143156	0.0097751887	0.0609737171	0.03261412	-0.1481794239	0.095567551	-0.0609290268	0.201865695	-0.0408618489	0.0108731331	-0.0659268341	-0.0084468297	0.0231774101	-0.1005393193	0.0311725189	-0.0050684204	-0.1287014744	0.0151740128	0.1275100165	-0.073329595469417	-0.0002791115147999	7.790323769390014e-08	0.0053772295717083	0.4248657376296592	0.0210503981519565	0.0004431192623558	0.1805108950115944	0.718478495161591	-0.0065820264104701	0.5162113480096644	4.3323071668126185e-05	0.0075131503626282	-0.0002229502610705	4.9706818911404425e-08	5.644742837146025e-05	-0.0022955384780749	-0.0001116023262742	5.269496904322429e-06	1.2455079229813009e-08	0.0009306351602544	6.735539899000408e-07	8.660818015017328e-07	4.536749773102642e-13	0.0	0.0	0.0	0.0	0.0	0.0	0.0	0.0	0.0
909.8927496543369	-0.6436691211283687	0.4143099374941666	827904.8158735298	1016.5634876139025	-3.214579806608185	1033401.3243497408	10.333523333053115	860.1867618492914	-0.6534482745512378	739921.2652607696	0.4269946475139898	877.330605945375	778.9006696421525	1.161517	24.339306	0.0455956918291492	0.0231567658222129	-0.0228464032	0.06676299	0.1258764741	-0.0422125871	0.0073118347	-0.1357436594	-0.0596407729	0.0159659862	0.0592406178	0.0446415265	0.051320596	-0.006885545	-0.0031817459	-0.1114887239	-0.1554059703	0.1620095429	-0.0974910005	0.0850750778	0.0268546909	0.089461376	0.0086459423	-0.1130810802	-0.0546399439	-0.0358488344	0.0081792789	-0.013762726	0.0168471474	0.0383842707	0.1094647801	-0.0269380143	0.0945371356	-0.1278019029	-0.0544232839	0.0150334378	-0.0391998727	0.0441057832	0.135872542	-0.0562188879	-0.1599668533	0.0602230336	-0.0108921021	0.0214504091	-0.1599143439	-0.0691841881	-0.0744454557	-0.0177589636	-0.0919531891	-0.1031762504	-0.0200242772	0.114323484	-0.0847053991	-0.0140971295	-0.0863506671	0.0427828958	-0.0109171917	-0.0540993649	-0.0404490791	0.1547900054	0.0286130191	-0.0869112215	-0.0393586882	-0.018173381	0.0823437112	0.0354712615	0.0159890469	0.0122058641	-0.0842084396	0.0294198347	-0.0685983397	-0.0813190862	0.1326785131	0.0694860416	0.0024037538	0.0854805161	0.0430466345	0.0489148834	-0.0149719009	0.0735812009	0.0659301409	0.1615829067	-0.0595789561	0.1121012506	-0.0408471431	-0.0436226203	-0.0169394896	0.0411499318	-0.0009943427	-0.0291751509	0.1001746215	-0.0084435077	-0.1279949812	0.0251860523	0.124700488	-0.089228247645309	-0.0158986521758919	0.0002527671410099	0.0079616801778525	0.432775870382116	0.0079101327524568	6.257020016149032e-05	0.187294953984998	0.7231804376204565	0.0047019424588654	0.5229899453569149	2.2108262886481768e-05	0.0074102646245448	-0.0001028857380833	1.0585475100965897e-08	5.491202180578009e-05	-0.0025330867879653	-0.0002375483098903	6.416528675364362e-06	5.642919953178551e-08	0.0009319004011193	1.2652408649000422e-06	8.684383576063124e-07	1.600834446213007e-12	0.0	0.0	0.0	0.0	0.0	0.0	0.0	0.0	0.0
909.7360816241348	-0.1566680302020131	0.0245448716873789	827619.7382088345	1015.6768405577716	-0.8866470561308688	1031599.4444454168	0.786143002145536	859.230636325171	-0.9561255241204664	738277.2863997582	0.9141760178746364	876.2128188418282	777.1220864704286	1.07962	22.623161	0.05761830360039	0.0283920203441581	-0.0338398565	0.0316357421	-0.0994955731	0.004867137	0.0326815961	0.0975568487	0.0558268079	0.0017478274	0.1829508897	-0.0260472385	-0.0799281356	-0.0353432655	0.0132546277	-0.0629054399	0.0607697538	-0.1225514297	0.0565226795	0.0461277956	0.0190777581	-0.1613998187	-0.0722163009	-0.0863836235	0.0822317537	0.0189124987	-0.0297801885	-0.0403362344	0.0714207824	-0.0928753346	0.0018372707	0.030572602	-0.0374141273	-0.0148207212	-0.0893981482	0.0635247177	0.0414712856	0.1076223083	0.0956267438	0.0853944582	-0.0376256282	-0.0122241441	-0.0410942514	-0.0074243544	0.0755452458	-0.0699191161	0.0248125631	0.1426823696	0.0231737751	0.0932480502	-0.0581166914	-0.0368105119	0.0937549208	-0.1188344449	0.0021289817	-0.0174691064	-0.1338141224	0.0408468065	0.0417619573	0.0912909995	0.0347676898	-0.0237069255	0.0302731213	-0.0700950791	-0.1133674803	0.0206984555	0.056227148	0.0204399638	-0.0871572929	-0.0423878301	0.0902121834	-0.0574781899	-0.0552236546	0.0629040983	-0.0140885418	-0.0780463635	-0.0314789784	0.0116084119	0.0169531688	0.0252324483	0.0946185354	0.0863894942	-0.0517398115	-0.054611219	-0.0544662411	0.0956969286	-0.0288956765	0.0617649723	0.0415517166	0.096325663	0.0450623457	-0.0118128082	-0.1269376627	0.0350428114	0.1205247148	-0.0736602709904303	0.0155679766548787	0.0002423618971268	0.0054258355223836	0.4133434276705685	-0.0194324427115475	0.0003776198297375	0.1708527891984544	0.7317937638223952	0.0086133262019387	0.5355221127693476	7.418938826100506e-05	0.0072402053835566	-0.0001700592409882	2.8920145445482705e-08	5.242057399608198e-05	-0.0024241653803986	0.0001089214075667	5.876577791523089e-06	1.1863873026311196e-08	0.0009307898890337	-1.110512085600074e-06	8.663698175273674e-07	1.233237092263826e-12	0.0	0.0	0.0	0.0	0.0	0.0	0.0	0.0	0.0
909.8404240581916	0.1043424340567753	0.0108873435448925	827809.59725039	1016.575854245354	0.8990136875823964	1033426.4674346712	0.8082256104604987	859.414708310599	0.1840719854280905	738593.640860592	0.0338824958194391	877.0420607472652	767.3167751713731	1.031046	21.605314	0.0335605570519743	0.0199797338738798	-0.0244038297	0.0441900081	0.1227451918	0.0455994752	-6.88036e-05	-0.0927128758	-0.0752823026	-0.058291257	0.0592993733	-0.0372955865	0.0388010815	-0.0314819939	0.0685981773	-0.0941525918	-0.0372534796	-0.0489801285	-0.0291160596	-0.107572709	-0.000846607	-0.0852635381	0.0499071317	0.0699057087	-0.0375134025	0.0315656993	0.0479306453	0.0785810775	-0.0371891996	-0.0498770004	0.0111525663	0.0190256484	0.0065388236	0.0181451073	-0.0234568964	-0.0594062946	-0.0256099107	0.0296990808	0.016094489	-0.0875896618	0.1693395945	0.0430463118	-0.0316650186	0.0276546097	-0.0214058064	-0.0994262323	-0.0554747088	-0.0865625247	0.0998834908	0.0766783306	0.0582642415	-0.0380700068	-0.0242736338	-0.0218454576	0.0643143917	0.0269391968	-0.0469252538	-0.0039812138	-0.0244933443	-0.0316416944	-0.1138467316	0.0473047275	-0.0177296878	0.0105036038	-0.1101679563	-0.0527937228	-0.0152161443	0.0255881001	-0.0778246243	0.0120275944	-0.102888058	-0.0682918804	-0.0052861166	0.0349071321	0.0420094779	-0.057451141	-0.062988851	0.0543370921	-0.0367006488	0.0546024872	0.0231215326	-0.1556502951	0.0406874914	0.1030698249	-0.0592617366	0.1058132908	-0.0073962029	-0.0476938171	0.0279579504	0.0212606991	-0.0075661345	-0.0151740128	-0.1255324169	0.0446835199	0.1150284477	-0.0713749409185453	0.002285330071885	5.2227335374619e-06	0.0050943821911258	0.431022697409503	0.0176792697389345	0.000312556578502	0.1857805656821639	0.7299244738088504	-0.0018692900135448	0.5327897374651271	3.494245154738525e-06	0.0072488666544267	8.661270870099873e-06	7.501761308524059e-11	5.254606777365934e-05	-0.0025869364706003	-0.0001627710902016	6.692240302921936e-06	2.649442780544988e-08	0.0009938908725141	6.310098348039994e-05	9.878190664668388e-07	3.981734116193707e-09	0.0	0.0	0.0	0.0	0.0	0.0	0.0	0.0	0.0
909.7115417858728	-0.1288822723188332	0.0166106401180658	827575.0892584297	1016.012908374562	-0.5629458707919639	1032282.2299837362	0.3169080534417225	859.5544920680362	0.1397837574371578	738833.9248343398	0.0195394988432501	876.8835563385229	778.753992788819	1.023894	21.45545	0.0460824772371054	0.0254153842614888	-0.0258983575	0.0230089425	-0.052114449	-0.077365605	0.0123653053	0.0289516034	0.0536902473	0.0904627525	0.0500116438	-0.0299448367	0.0026075841	-0.0264636454	0.0143994784	-0.0257308851	0.0023267156	0.0272004943	0.0706061886	0.0585506526	-0.0745255282	-0.0645511612	-0.0030292859	0.0650550249	0.0657956313	0.0108232341	0.0034040087	0.197610413	-0.0775098745	0.0189400129	0.0091313343	-0.0756578627	0.0261460738	0.078148218	-0.0208111429	-0.1000170605	0.091361221	0.1136345947	0.0434591955	0.0510115709	0.0576518126	0.0171278793	-0.0270641202	0.0049264936	0.0079032847	-0.0185895589	0.0317461075	0.0956303635	0.001122384	0.0005366432	-0.0025229612	0.0352312448	0.0577968989	-0.1126189881	0.1196165176	0.0691758095	0.1006770865	-0.0658026366	-0.0468073955	-0.0013153131	-0.0025189891	0.0600846965	0.0624535996	0.111048657	0.0182314677	0.1082119133	-0.1365025595	0.0292583583	-0.0665388981	-0.0324248452	0.086282318	0.0574490489	0.014774994	-0.0115640791	-0.0366601656	0.0050305564	-0.0698107018	0.0422695684	-0.0202081117	-0.0530128921	0.1497488928	0.0061553891	0.0694429139	0.0324797493	-0.1696707078	0.1242520254	0.0167724703	0.1123708495	0.0182230268	-0.022720427	-0.0225079376	-0.0185248178	-0.1237830955	0.0540487397	0.1082719048	-0.0720193978947634	-0.0006444569762181	4.1532479419618693e-07	0.0051867936731242	0.4265864979169436	-0.0044361994925594	1.967986593778438e-05	0.1819760402050425	0.7530515048340334	0.0231270310251829	0.5670865689328022	0.0005348595640397	0.0074102216418758	0.000161354987449	2.6035431974699142e-08	5.491138478172447e-05	-0.0024530839776613	0.0001338524929389	6.017621001458585e-06	1.7916489865984992e-08	0.0009316025580393	-6.22883144747999e-05	8.678833261453673e-07	3.879834120111567e-09	0.0	0.0	0.0	0.0	0.0	0.0	0.0	0.0	0.0
910.1569344390545	0.4453926531816705	0.1983746155082078	828385.6453074972	1016.4271848341998	0.4142764596377901	1033124.2220699766	0.1716249850100215	860.024582886611	0.4700908185748176	739642.2831692892	0.2209853777083421	877.0461993819362	768.2235595944284	1.055969	22.127562	0.0354124927269152	0.0235330155213358	-0.0380313087	0.0303475937	0.0532837215	0.1102201614	0.0070216424	0.0022313131	-0.0736731849	-0.07668731	0.0005539886	-0.0928697908	0.0464142169	-0.0124703271	0.0172827273	-0.0793971659	0.0434663934	0.1134018097	0.0652653619	0.0166216294	-0.0106389882	0.107294161	0.1557843899	0.0167892306	-0.1008893477	-0.097353175	-0.0585799868	0.0301219152	0.1139266936	0.0197013791	-0.1439113611	0.0778303551	-0.1483108377	0.2352007271	0.0338996086	0.0650150251	0.0227947191	0.0394244219	-0.0886974948	-0.0826599611	-0.0527749149	-0.1649878064	-0.017656845	-0.0164656655	0.0349396359	-0.0710373451	-0.0396897648	-0.1066250225	0.0564937719	-0.1143718701	0.03822334	0.1983021577	0.0221094265	0.0625610736	0.0056359422	-0.0477000042	0.0667782989	0.0762090366	0.0465719091	-0.216444765	-0.0484321684	0.0545662127	0.0891647094	-0.0514722081	-0.0013385045	-0.0353183699	-0.0036685824	0.0330239883	-0.0767134604	0.0270650795	-0.1309251014	0.0708015092	-0.1028916008	-0.0109543133	-0.0206207287	-0.002808755	-0.0093303986	0.0763604374	-0.0228789135	-0.0303415276	-0.0181854288	-0.0130316558	0.0373032868	-0.0443510532	-0.0973483088	0.1091679613	0.1252100065	0.1005525848	0.1902222587	0.0530039742	0.0773645039	-0.0218629269	-0.1216944932	0.063080731	0.1003291122	-0.0714630098346305	0.0005563880601329	3.095676734584555e-07	0.0051069617746244	0.4136401024753979	-0.0129463954415456	0.0001676091549288	0.1710981343758576	0.7335260433909667	-0.0195254614430666	0.5380604563328064	0.0003812436445646	0.0074102035221885	-1.811968730006802e-08	3.2832306785224633e-16	5.4911116240254845e-05	-0.0024060893953443	4.699458231700003e-05	5.789266178388299e-06	2.208490767149292e-09	0.0009309303044002	-6.722536391000214e-07	8.66631231650649e-07	4.519249552832219e-13	0.0	0.0	0.0	0.0	0.0	0.0	0.0	0.0	0.0
911.922262561004	1.7653281219495511	3.116383378145929	831602.2129543808	1013.0639611973482	-3.363223636851558	1026298.5894768625	11.31127323147702	861.6575352950452	1.632952408434221	742453.7081307322	2.6665335682111238	877.9602486290443	779.742230154454	1.163899	24.389212	0.0395754363468342	0.0205607200721642	-0.0325075949	0.0739745697	-0.0267732482	-0.184510387	0.0086187681	-0.0382270164	0.0856992668	0.1615895632	0.095200307	-0.0295740423	-0.0157193789	0.0246742627	0.0375445547	-0.0391213441	-0.1251408359	0.098516751	0.0063401974	0.0799041017	-0.0596579529	0.1149580582	-0.0328140133	0.0242912063	-0.0177560025	0.0497564973	0.0127749069	0.148810882	-0.0490162144	0.1835099299	-0.0292284739	0.1070874464	-0.0736734354	0.050748125	0.0902938183	0.1059179034	-0.1451343954	0.0904688279	-0.0486180697	0.0844145803	-0.0945101045	0.0169222719	0.018340465	0.0249386334	-0.1357264924	-0.0568043773	0.0490622987	0.091895738	-0.0460069141	-0.0923495142	-0.0334925417	0.1348353399	-0.0792148941	0.1180036184	0.059225297	-0.0928276358	-0.0217284646	0.0405305517	-0.1209689383	-0.0806967864	0.057567617	-0.0248743147	-0.0809818788	0.1346108751	-0.0652538542	-0.1348849092	-0.0499522268	0.0393197831	-0.0650138714	0.033575789	0.0800422535	0.1383726995	0.1292987986	-0.0527192643	-0.0599336757	0.0286401981	-0.0610720645	-0.0135411607	0.0226705499	-0.0056696244	-0.125017491	-0.1051641902	0.0421154752	0.0876538082	-0.0870840261	0.0591044697	0.0352376209	0.0833324423	0.0678388816	0.0144684932	-0.0006989339	-0.0251860523	-0.1192723348	0.0717238087	0.0912870929	-0.0753387162190222	-0.0038757063843917	1.5021099978014627e-05	0.0056759221615303	0.411248413780001	-0.0023916886953969	5.720174815689372e-06	0.1691252578365669	0.7419680285708523	0.0084419851798855	0.5505165554213172	7.126711377740797e-05	0.0077431269600141	0.0003329234378256	1.1083801545361627e-07	5.99560151188972e-05	-0.002241929307776	0.0001641600875682	5.026247021064976e-06	2.6948534350431873e-08	0.0009306927080509	-2.3759634929995666e-07	8.661889168191178e-07	5.645202520066701e-14	0.0	0.0	0.0	0.0	0.0	0.0	0.0	0.0	0.0
911.3943172265776	-0.5279453344263629	0.2787262761425642	830639.6014728997	1014.7128527585198	1.648891561171581	1029642.1735533336	2.718843380502854	861.4312306468597	-0.2263046481855326	742063.7651337632	0.0512137937903777	877.9026229688745	779.7975778908565	1.214268	25.444695	0.0384811977289793	0.0188832643458899	-0.0379959017	0.0603928645	-0.1306552725	0.1354452886	0.0033708279	0.1200330088	0.0161423118	-0.112565356	-0.0095391603	-0.03200517	0.0221748297	0.0222401986	0.0261021017	-0.0170392184	0.0948172545	0.0309811867	-0.0920843848	0.0532239036	-0.1105074857	0.1221222209	0.1736368991	-0.0679613375	-0.0397138097	-0.0441951555	0.0967783798	-0.0191123334	0.0340343663	0.0790310457	0.0344463602	-0.0019585481	0.131114325	-0.0989604773	0.0722418124	-0.0434681524	-0.0291397582	0.0656803979	-0.0096519845	0.0313862849	0.0575686487	0.2825943249	0.0147638623	-0.007503878	0.1240103109	-0.0607286723	0.0351152953	-0.0229872806	-0.0557002813	-0.0973056741	0.0277999398	0.1467896242	-0.075292051	0.0454086627	-0.0231783293	-0.0066515515	0.0330944501	-0.0448264264	-0.0254236042	0.145534656	-0.0252335916	-0.0991834515	-0.0725574836	-0.0192656474	0.062301352	0.0894580975	0.1227905732	0.039776399	-0.0730618489	0.0336990023	0.0146978787	0.0333315203	-0.1481419167	0.0215379683	-0.0611419728	-0.020692703	0.0584248554	-0.0708558555	0.0493185145	0.0753110517	-0.0584314228	0.0058945336	0.0797648943	0.1655525922	0.044867319	0.0020244303	-0.0709437988	0.0939918557	0.0203874465	-0.1421172375	-0.0762057242	-0.0284919163	-0.1165232592	0.0799246852	0.0812449131	-0.0715154890542493	0.0038232271647729	1.4617065953457443e-05	0.0051144651746684	0.4220674036249079	0.0108189898449069	0.0001170505412641	0.1781408932026709	0.7291290587634478	-0.0128389698074045	0.5316291843332713	0.0001648391457154	0.0076842040277006	-5.892293231350016e-05	3.4719119524213207e-09	5.904699153933012e-05	-0.0024019566789115	-0.0001600273711355	5.769395887367563e-06	2.5608759512539064e-08	0.0009317426228398	1.049914788899941e-06	8.681443152163897e-07	1.1023210639508074e-12	0.0	0.0	0.0	0.0	0.0	0.0	0.0	0.0	0.0
911.5158918201464	0.1215745935687664	0.0147803818014107	830861.2210406768	1019.9249182869406	5.212065528420794	1040246.8389426224	27.165627072552333	860.8978807714062	-0.5333498754534958	741145.1611166984	0.2844620896462594	878.3897708271593	784.0728368211066	1.210752	25.371	0.0379584387284041	0.024742622028491	-0.0428291055	0.0663711713	0.140993691	-0.0387294034	-0.0127825708	-0.1371703525	-0.0466458499	0.0417266695	0.0573035158	0.0340198595	-0.0242955587	0.0003196525	0.0340627514	-0.0434953152	-0.1578728115	0.0062265339	-0.1069726547	0.0732241122	0.0101961848	0.137763988	0.0050471661	-0.0909557024	0.0056771644	0.0040978674	-0.0215472043	-0.243958606	0.0818131549	0.0768972456	0.0161231832	-0.0232696679	0.1888619397	0.0403866731	-0.0332656498	0.0314649684	0.0545366016	0.0983001685	-0.1061090023	-0.0839843653	-0.0027813395	-0.0373870321	0.0022137333	0.0345460795	-0.1430029668	-0.0578389368	-0.0007119049	-0.0158581361	-0.0518504457	-0.0310738955	0.0020928742	0.0554571877	-0.1227555099	0.0086391133	-0.1357330456	0.0183111519	-0.0004509079	-0.014705012	0.1220874189	0.1317634383	-0.0414113412	-0.1187755683	0.063267381	-0.0184519504	-0.0588815341	0.1333587868	0.1037053706	0.0413212375	-0.0638467233	0.0510701339	-0.0414117384	-0.0710611912	0.1623819292	0.0928041947	0.0807423415	0.0191763076	0.1150556163	-0.0149151623	-0.0114191752	0.0689607099	0.1780414835	0.0673473145	0.0412434793	0.0341847067	0.0815792936	-0.0382653732	0.0116307966	0.2244373752	0.0082747382	-0.0816559276	-0.0219379273	-0.0317782535	-0.1134548014	0.0876327994	0.0703125971	-0.0715874162416838	-7.192718743449789e-05	5.17352029223739e-09	0.00512475816416	0.4206996755621901	-0.0013677280627177	1.8706800535457528e-06	0.176988217018132	0.7293534243745796	0.0002243656111318	0.5319564176469256	5.033992745855326e-08	0.0079160186220322	0.0002318145943316	5.373800614512463e-08	6.266335082436058e-05	-0.002824076763932	-0.0004221200850205	7.975409568580638e-06	1.7818536617771416e-07	0.0010036963008301	7.195367799030011e-05	1.0074062643000268e-06	5.177331776331799e-09	0.0	0.0	0.0	0.0	0.0	0.0	0.0	0.0	0.0
911.9519440494116	0.4360522292652149	0.1901415466471635	831656.3482555011	1018.6648917478674	-1.2600265390732377	1037678.1616796944	1.5876668791688808	859.4344890227945	-1.4633917486116843	738627.640921872	2.141515409904763	876.6655309862994	783.1265096160187	1.136379	23.812534	0.0519421634118347	0.0304825456528923	-0.0478552106	0.0465657435	-0.119015733	0.0100451785	0.0167397251	0.1119129577	0.0739387011	-0.0339449011	0.1286129578	-0.002879582	-0.097435256	-0.0347233196	0.0573045547	0.0099081622	0.1145155866	-0.024713027	0.1065359888	0.0803249501	-0.0022187415	-0.0430360637	-0.1044398622	-0.0131226132	0.1110535185	0.0274039887	0.0056302881	-0.0510535991	0.1480896383	-0.04523702	-0.0869318539	-0.0537967223	-0.0907170219	-0.0108977433	-0.0771154654	0.0647777792	0.0571877549	0.0399695912	0.1192724587	0.1821004199	0.049220657	-0.1151759721	-0.035653646	0.0225426007	0.1055075784	-0.0321145117	0.0406030088	0.1373525351	-0.0450655705	0.0943266933	-0.0487525306	-0.009647737	0.082497856	-0.0807910153	-0.0021672136	-0.1710669037	-0.0180659514	0.0561636702	0.006073404	-0.0273009032	0.0703683519	-0.0471942309	0.0688171357	-0.1539935915	-0.008232598	0.0031523948	0.0604262492	0.0479958302	-0.0446155618	0.0089168314	0.1233404458	-0.0396580705	-0.0615851326	0.0603003267	0.0140589343	-0.09594916	0.008566411	-0.0564048675	0.0143792652	0.0481088401	0.1060260696	0.0270049854	0.0707550458	-0.0696747533	0.113037096	0.0821828712	0.0072849013	0.1362149338	-0.0252472501	0.0994968211	-0.0604017101	-0.0350428114	-0.1100753719	0.0948006283	0.0586099215	-0.0704236404017137	0.00116377583997	1.35437420569811e-06	0.0049594891274298	0.4326068880935025	0.0119072125313123	0.0001417817102658	0.1871487196259442	0.7532592301830618	0.0239058058084822	0.567399467855979	0.0005714875513528	0.0076864095969958	-0.0002296090250364	5.272030437816637e-08	5.9080892492789136e-05	-0.0028249492750447	-8.725111126997587e-07	7.980338406575575e-06	7.61275641784571e-13	0.0009348704523378	-6.882584849230008e-05	8.739827626542828e-07	4.7369974206850455e-09	0.0	0.0	0.0	0.0	0.0	0.0	0.0	0.0	0.0
911.3137194928862	-0.6382245565254152	0.4073305845520629	830492.6953359589	1020.7968817879172	2.1319900400498	1042026.273867935	4.545381530871548	859.3717030969804	-0.0627859258141825	738519.7240838045	0.003942072480344	877.2761442934165	776.0221960930988	1.115708	23.379391	0.0237803124453123	0.0153891862963907	-0.0437107065	0.044546568	0.1496207829	0.0790337226	0.003432978	-0.1152126703	-0.064310973	-0.0857125055	0.0155328124	-0.0225192473	0.00254278	-0.0443360152	0.0292738617	-0.0682489198	0.0222435159	-0.0337304657	-0.0412676811	-0.0600140882	0.0329114005	-0.1393816262	-0.0407433254	-0.0679204918	0.0737643455	0.0238843631	-0.070469175	0.1062425874	-0.008833846	-0.0017889464	-0.1041585247	0.0689784092	-0.173387305	-0.0909095484	-0.0567927541	-0.0188003741	-0.0883880919	0.1181184589	0.0744723091	-0.0500745768	-0.0117413942	-0.140210715	-0.0395281555	0.0321660732	-0.0082578925	-0.0730105536	-0.0598661998	-0.0938506083	0.015883052	0.0874225912	0.0188525117	-0.087010736	0.0648643401	-0.0590175747	-0.0048395409	0.0034117933	-0.0648434831	-0.0942345833	-0.0626908018	-0.0363343812	0.1293579956	0.0677368198	0.0498503517	-0.0896331825	0.0033431067	-0.0830534737	-0.0831611038	0.049842241	-0.0297772922	0.0411335261	-0.1321182138	-0.1049983748	-0.0080206084	0.0478005105	0.0620712593	-0.0614215056	-0.016690913	0.0067751586	-0.1253903154	0.0730861876	-0.0159946542	-0.1944392005	0.0682794118	-0.0338414106	0.0458807781	0.093662854	0.0094218782	0.0288087244	0.0238853042	0.0640819039	-0.0225558538	-0.0382833527	-0.1063942335	0.1013839798	0.0462651033	-0.0759442401614478	-0.005520599759734	3.047702170717616e-05	0.0057675276136996	0.4319883566606819	-0.0006185314328205	3.825811333870926e-07	0.1866139402903965	0.7531464473877492	-0.0001127827953126	0.5672295712127876	1.2719958918542444e-08	0.0074108700234242	-0.0002755395735715	7.592205660401914e-08	5.49209945040874e-05	-0.0027510822935616	7.386698148309978e-05	7.568453785948154e-06	5.456330953424605e-09	0.0009337090382436	-1.1614140941999676e-06	8.718125680977886e-07	1.3488826982063313e-12	0.0	0.0	0.0	0.0	0.0	0.0	0.0	0.0	0.0
912.0304731251928	0.7167536323065633	0.5137357694246522	831799.583908963	1013.296005529516	-7.500876258401149	1026768.794822073	56.263144643846026	860.454671649322	1.08296855234164	740382.2419631425	1.1728208853609476	877.1913163039792	778.0999507893091	1.188391	24.902431	0.1185919839403749	0.053217072185142	-0.0427166678	0.03732157	-0.0483318828	-0.1838863926	0.0415876031	-0.0304808714	0.1188986746	0.124287838	0.0343066936	-0.0117792017	-0.0192758008	-0.0179150675	0.0276399603	-0.0001576497	-0.1079268805	-0.1034614335	0.1492945871	0.0272748218	0.0395350785	-0.0485879607	-0.0281430592	0.0353173084	0.0976655996	0.1728824828	-0.0371230334	0.0876957963	-0.0493275977	-0.0198075541	-0.0803933857	0.1457099002	0.0446700639	0.0223876209	-0.0882756893	-0.1344953686	-0.030009897	0.0031463255	0.0482081891	-0.0912964651	0.0128744651	-0.0650430632	-0.0155686004	0.0203650798	-0.0794709623	-0.0071965861	0.093043232	0.1138303127	0.0415674698	0.0941615501	0.0178879792	-0.0599897395	-0.0060178075	0.0188403657	0.1779836387	-0.0223718484	-0.0433988826	-0.1142363114	-0.0540354773	-0.0402139763	0.1451402526	0.0033242608	-0.0057241105	-0.0214342468	-0.0838418608	0.0017950521	-0.1322117189	0.0554695923	-0.0028531215	0.0103211259	0.1342793065	-0.0043883203	0.1307674032	0.0046444415	-0.0364457892	0.0030321341	-0.1134174967	-0.0231144842	-0.0543515112	0.0129812164	-0.0488736157	-0.1402796299	0.1006128665	0.0299832547	0.0108487138	-0.0136538333	0.0578451885	0.07496365	-0.0441919574	0.0198124859	-0.067560568	-0.0414976565	-0.1024214758	0.1073422654	0.033413395	-0.0761111459219989	-0.0001669057605511	2.7857532905142193e-08	0.0057929065335598	0.4594824868374445	0.0274941301767626	0.0007559271941767	0.2111241557103224	0.7768126942458053	0.0236662468580561	0.6034379619414271	0.0005600912403464	0.0080450533213676	0.0006341832979434	4.021884553903683e-07	6.472288294364786e-05	-0.0031701269148203	-0.0004190446212586	1.0049704656068072e-05	1.7559839460584718e-07	0.0012257751419416	0.000292066103698	1.50252469860195e-06	8.530260892933093e-08	0.0	0.0	0.0	0.0	0.0	0.0	0.0	0.0	0.0
912.7651973845706	0.7347242593777992	0.5398197373182555	833140.305556494	1018.5329027736888	5.236897244172724	1037409.2740325964	27.425092746023868	861.6316347495517	1.1769631002297274	742409.0740011849	1.3852421393023713	878.7200655890415	786.9422566501573	1.153572	24.172821	0.0218717307292372	0.01180181711323	-0.0461475226	0.0414063624	-0.122534246	0.1134681857	0.0254686169	0.0757318294	0.0520106308	-0.1431130941	-0.0272456537	-0.0031521061	0.008621945	0.0169315531	0.0486321412	-0.0223474733	0.1473986306	-0.0210653615	-0.0399416508	0.038098436	-0.0132944645	-0.0175216065	0.1039301734	0.0324750675	0.1322841644	-0.0186107514	0.1245158119	-0.0825305799	-0.0966582631	0.2022074856	-0.0119279808	0.0417306793	-0.1191218713	-0.139593324	-0.1185121539	-0.1389304952	-0.0954629238	-0.0416627235	0.0883096946	0.1720842336	0.152807113	-0.1227514988	0.0151298329	0.0176950672	0.1597739705	-0.0493446534	0.0159074461	-0.0146399192	-0.0490779647	0.0273963215	0.0830234073	0.0168215944	0.0899895677	-0.0688581097	-0.0509195979	-0.1140744433	0.1048952041	-0.1886981575	-0.1125086417	0.0914563563	0.0528785387	0.0755866596	-0.1265404726	-0.0954111785	0.0620221781	-0.0759341632	-0.0346073744	0.0546397721	-0.0135685528	0.0128267187	0.0069625799	0.000879066	-0.1417292738	0.0160843426	-0.0982984477	2.22243e-05	-0.0413516965	-0.0672199427	-0.0055649523	0.046483521	-0.0850213727	0.00297421	0.0735107471	0.1037224933	0.0578059057	0.0241007882	-0.0648766782	-1.11867e-05	-0.0889571792	-0.0716549209	-0.0849100017	-0.0446835199	-0.098167988	0.1126387502	0.0201956026	-0.0845287025992007	-0.0084175566772018	7.085526041390463e-05	0.0071451015631041	0.4520213429384085	-0.007461143899036	5.566866828212236e-05	0.2043232944718423	0.7766340544911259	-0.0001786397546794	0.6031604545953251	3.19121619519398e-08	0.0080891133848688	4.406006350119937e-05	1.9412891957297212e-09	6.543375535326357e-05	-0.0032280483630611	-5.792144824080022e-05	1.0420296234261447e-05	3.3548941663116984e-09	0.001240081438166	1.4306296224399998e-05	1.5378019732838551e-06	2.0467011166028164e-10	0.0	0.0	0.0	0.0	0.0	0.0	0.0	0.0	0.0
913.0469475029366	0.2817501183660624	0.0793831291992902	833654.7283444303	1025.1662562314202	6.63335345773146	1050965.852915546	44.00137809519791	862.3077969805626	0.6761622310108351	743574.736733471	0.4571953626455499	879.6053726964717	791.7074250314428	1.082264	22.678581	0.0442640312318645	0.0232556139411132	-0.0406248884	0.0657159963	0.1316007525	0.0100427553	-0.0407765753	-0.1466626935	-0.0181805206	-0.0673673353	-0.0276336887	0.0208295956	0.0243310057	0.0346972783	0.0771830884	-0.0310949811	-0.0596537155	0.0035510644	-0.1441631494	-0.1592847717	0.0393991713	0.0568824027	0.0484688684	0.1293481257	-0.0244359064	0.1898692324	0.122974379	-0.0721960742	-0.0613194995	0.0636487963	0.1177873707	0.058122088	0.0218322641	0.0179586228	-0.010475777	-0.1247791723	0.0615586715	0.0784361156	0.0801304324	0.136906552	-0.1918290967	-0.0200173716	0.0364197109	0.0712664291	-0.0796481246	-0.0514866991	-0.0176977857	-0.1126831491	-0.0002490558	0.0399595175	-0.0298052254	-0.1089968356	-0.1264675219	0.0134974081	0.04110744	0.0070148612	0.0600400313	-0.1306180822	-0.0641829815	0.2292401865	-0.060513459	0.0177872399	0.0202761972	0.0082221571	0.0148125127	-0.0338051068	-0.08873045	0.056458555	0.0080517301	0.0545894849	-0.0944169098	-0.1035913638	0.0809971511	0.0050527755	0.0198543806	0.025720683	0.0052931865	0.030765133	-0.0262145108	0.0543494838	0.1035634471	-0.043613417	0.0472920308	0.0379615366	0.0142400729	0.0149449216	-0.0923699618	-0.0186055859	-0.1692782294	-0.09379834	-0.0504039063	-0.0478387595	-0.0936454286	0.1172407796	0.0067565429	-0.0831484430666478	0.0013802595325528	1.905116377203148e-06	0.0069136635844075	0.467865391324338	0.0158440483859295	0.0002510338692556	0.2188980243990759	0.776908398306503	0.0002743438153771	0.603586659359176	7.526452903569994e-08	0.0082691097777573	0.0001799963928884	3.2398701452871074e-08	6.837817651660137e-05	-0.0031731787092006	5.486965386049996e-05	1.0069063120523986e-05	3.0106789147710774e-09	0.0009396398949549	-0.0003004415432111	8.829231321908556e-07	9.02651208870673e-08	0.0	0.0	0.0	0.0	0.0	0.0	0.0	0.0	0.0
910.2555782985344	-2.791369204402258	7.791742035285296	828565.2178235992	1016.8684253131642	-8.297830918256068	1034021.394398874	68.85399794796633	861.7587464356337	-0.5490505449288321	742628.1370583149	0.3014565008866475	879.0907277318681	781.528760507737	1.110809	23.27672	0.1070373082340592	0.0621014020438994	-0.057291517	0.0020149347	-0.0582972161	-0.0694845943	0.041994562	-0.0024655666	0.1215195643	0.0267487539	-0.0428462104	0.0503868149	-0.0521111561	0.0252659288	0.072538488	0.0076961495	-0.0108784567	0.0241700721	0.045952925	0.0465663319	-0.1422234758	0.0606635917	-0.1401221556	-0.0351512732	-0.2475880893	0.0386002586	0.0560390269	-0.0531538298	-0.0079883797	-0.0461981994	-0.0077808011	-0.1611669769	0.0081014261	-0.0316847397	-0.045925349	0.0151118401	-0.019945141	-0.0891193668	0.0624861898	-0.0332785633	0.0231896448	0.0709991689	0.0278989935	0.088774437	-0.0155399891	0.0136462194	0.0067145751	0.0872957251	-0.0402281845	0.0294100752	-0.2149713278	0.0435850356	0.0321254585	0.0763146737	-0.0773692853	0.1692129618	0.0103536773	-0.0378702124	0.0270845575	-0.0208051597	-0.1807439237	0.0093523115	0.0630817382	-0.0468442776	0.0538190232	-0.0507440632	0.0895677855	0.0672801621	0.0199596878	-0.042205025	0.0540793852	0.0372415606	-0.0080888629	-0.1112511197	-0.0675678706	0.0442934808	-0.0642188218	0.0155933238	-0.0660613464	-0.0748248522	0.1172046197	0.213825295	-0.0626232566	-0.2766713073	-0.1424164084	-0.0415107084	-0.0732528876	-0.039600556	-0.1921670907	-0.1725165927	-0.0651349755	-0.0509612127	-0.0888661936	0.1211199807	-0.0067565429	-0.0991271715572281	-0.0159787284905802	0.0002553197641756	0.0098261961409361	0.5176975326535285	0.0498321413291904	0.0024832423094524	0.2680107353155512	0.7874639391927616	0.0105555408862585	0.6200994555289813	0.0001114194434014	0.0077151109947127	-0.0005539987830445	3.069146516148974e-07	5.952293766073679e-05	-0.0032309385660815	-5.775985688089968e-05	1.043896401779278e-05	3.336201066902014e-09	0.0009379805843198	-1.6593106350999917e-06	8.798075765609136e-07	2.753311783755937e-12	0.0	0.0	0.0	0.0	0.0	0.0	0.0	0.0	0.0
909.3828089607592	-0.8727693377751393	0.7617263169604552	826977.0932333607	1022.4271641338572	5.5587388206930655	1045357.3059588014	30.899577276680134	860.5214321367257	-1.237314298908018	740497.1351666414	1.53094667428224	878.5234443958949	774.7818238773565	1.039597	21.784508	0.0741040524507685	0.0551932988813794	-0.0830613964	-0.0577239541	0.0529823303	0.1069662855	0.0566543282	-0.0311646239	-0.0284597816	-0.1361878811	-0.0214874096	-0.0242520422	0.0831767948	-0.0121980362	0.0437598686	-0.0285856626	0.071990631	-0.0278093263	0.0518860061	-0.0315184756	0.0205734045	-0.0171822429	-0.1179614879	-0.0489368351	-0.0938849801	-0.0762964376	-0.0785040278	-0.1823702849	-0.1033803253	0.0732941751	-0.0436650465	0.0288698643	-0.0204543117	0.0285774688	0.1599060203	0.0404748308	0.1735144083	-0.0411193777	-0.1001359077	-0.0199977009	0.0054078888	0.2546507136	-0.0068086688	0.0576098104	0.0720546692	0.0028640529	-0.0755976285	-0.0641346626	0.0644954569	-0.0104566261	-0.0596500921	-0.0474775112	0.0588263466	0.0505428464	-0.1432709989	0.0722840672	0.0092074826	-0.1106071499	0.1290469699	-0.0829463203	0.1139331097	0.0081680596	0.1595264155	0.1125221454	0.0382306623	-0.0590660421	0.1911341456	0.0717430462	0.0151917753	-0.0250434581	-0.1201225635	0.0485155705	-0.0859820157	-0.0979269181	0.0019220378	-0.0011188828	-0.0196170537	0.0890965081	-0.1361453902	-0.0734986928	-0.0415966317	0.1442519579	-0.1110118313	-0.3189806042	-0.082252963	-0.0580998169	0.0382796449	-0.0997891385	-0.004206828	-0.1299263987	0.1062166132	-0.0540487397	-0.0838433825	0.1242524367	-0.0201956026	-0.0879546554679961	0.0111725160892319	0.0001248251157641	0.0077360214184938	0.4642595908626106	-0.0534379417909178	0.0028556136228495	0.2155369677079185	0.7911969720919103	0.0037330328991487	0.6259926486474071	1.3935534626126736e-05	0.0078091313305636	9.402033585090026e-05	8.839823553516081e-09	6.098253213799002e-05	-0.0032513952906398	-2.0456724558299937e-05	1.0571571335994668e-05	4.1847757965415166e-10	0.00093871475734	7.341730201999028e-07	8.81185395647895e-07	5.390100235894469e-13	0.0	0.0	0.0	0.0	0.0	0.0	0.0	0.0	0.0
909.6867542366036	0.3039452758443985	0.0923827307081275	827529.990833527	1018.83918874404	-3.5879753898171884	1038033.2925206136	12.873567397933805	860.9357645163757	0.4143323796499771	741210.3906233963	0.1716713208264128	878.398589568952	765.6627937594707	1.096236	22.971359	0.0574605722466379	0.0307020268823104	-0.0742495378	-0.0425984616	0.0109307486	-0.1594580387	0.0445553495	-0.0625005256	0.0923814308	0.0598460849	0.0591594495	0.0480523887	0.056188006	-0.0053361613	0.0735812276	-0.0257789106	-0.1316587175	-0.0001755856	0.0871668529	-0.0650176232	0.1234213632	-0.0536553222	-0.2047504649	0.0423306455	-0.0680332723	-0.0143518119	-0.0310008892	0.0760663604	-0.1241199355	0.0550337225	-0.0547058101	0.0593528968	-0.2232943578	-0.0397907488	0.1447222648	0.1192166701	0.0221211881	-0.0028112111	-0.0660350466	-0.0524537685	0.0956492948	0.047495128	-0.0082606676	0.0933808708	-0.1228045627	-0.0057292723	-0.0251060695	0.0827797907	0.0627291528	-0.0226665477	-0.0413242628	-0.1366475965	-0.0290203519	0.1033968112	-0.0484093969	-0.0194499316	-0.0605396225	-0.0278482653	-0.0401754793	-0.1913327047	0.1009792259	0.0665514962	-0.0233479358	0.079328499	-0.0152854838	-0.1936596467	0.0113044838	0.0692313277	0.0267929054	-0.0355395169	0.0303878348	0.1041083341	0.1641370536	-0.1240074648	-0.0262748345	0.0146603074	-0.0850923941	0.001854556	-0.0013652331	0.0077348527	-0.1819685809	-0.0251051323	-0.1159998486	-0.0819160128	-0.0215869493	-0.1201573235	-0.0270617891	-0.0983376192	-0.1056932301	-0.1176340174	-0.0157410815	-0.0570992244	-0.0785907625	0.1266188352	-0.033413395	-0.0811278267775748	0.0068268286904213	4.660558996835954e-05	0.0065817242776521	0.4645827070158077	0.0003231161531971	1.0440404845691367e-07	0.2158370916581358	0.7929202135859299	0.0017232414940195	0.6287224651131567	2.969561246710867e-06	0.0082540179567746	0.0004448866262109	1.9792411018140526e-07	6.812881243075754e-05	-0.0030388849849867	0.0002125103056531	9.234821951977616e-06	4.5160630008773995e-08	0.0012530655436559	0.0003143507863159	1.5701732566976563e-06	9.88164168574247e-08	0.0	0.0	0.0	0.0	0.0	0.0	0.0	0.0	0.0
910.7310315064522	1.0442772698485214	1.0905150163222816	829431.0117488063	1016.6499681472778	-2.1892205967621976	1033577.157733861	4.792686821287832	860.7180158404693	-0.217748675906364	740835.5027923544	0.0474144858589747	877.433066558339	768.9814261030876	1.153027	24.1614	0.0740792707796744	0.03725464069138	-0.0690665195	-0.0368027709	-0.1655832502	0.0772325501	0.0567862692	0.1452295595	0.0494093357	-0.1090430672	-0.010254687	-0.1093362799	0.0414543955	-0.0107657178	0.0511329192	0.0079003359	0.1590842295	-0.086105204	0.0706694951	0.069448492	0.0201445497	-0.0739148008	-0.0456414529	-0.1487388525	-0.0294614841	-0.0175727061	-0.0469508069	0.0084927927	-0.0776223169	-0.0037486592	0.0895646952	0.0781148668	0.1323430983	0.0119997563	0.0641551179	0.0839010368	-0.05695548	-0.087605072	-0.0785569102	-0.0905682697	0.0900468489	-0.057660981	-0.0136015307	0.0110475807	0.1694970229	-0.0244608382	0.0671023599	0.069259149	0.0873713647	-0.0574878759	-0.0078027933	-0.0147767256	0.0691406872	-0.0345820523	-0.020062211	0.0565592012	-0.1057242	0.0848798397	-0.0515652074	0.0602516952	0.0556521195	-0.0599979611	0.0621252514	0.1323736051	-0.0374504404	0.0442627657	0.011663488	0.0599049036	0.0266702022	-0.0277000867	0.0449921876	0.0830960631	-0.1182915054	-0.0391085294	-0.0839602559	-0.061620442	0.0051735681	-0.0308136766	0.0369431069	-0.0304754428	-0.1453484361	0.1492786406	-0.1184866841	-0.0864196583	0.0999439752	-0.017204064	-0.0851604767	-0.02953748	-0.1107969518	-0.1200378451	0.0447671929	-0.0601105761	-0.0731227308	0.1282045865	-0.0462651033	-0.0771126398744854	0.0040151869030893	1.6121725866740636e-05	0.005946359228412	0.4856940930498155	0.0211113860340077	0.0004456906202768	0.2358987520234828	0.7844177767267126	-0.0085024368592172	0.6153112484448788	7.229143254497619e-05	0.0087962496219107	0.0005422316651361	2.940151786762692e-07	7.737400741096414e-05	-0.0032603559322741	-0.0002214709472874	1.0629920805114916e-05	4.9049380492378346e-08	0.0012983681508996	4.530260724369987e-05	1.6857598552704464e-06	2.052326223076928e-09	0.0	0.0	0.0	0.0	0.0	0.0	0.0	0.0	0.0
911.060045762421	0.3290142559689002	0.1082503806307689	830030.4069846248	1022.2049350738524	5.554966926574593	1044902.9292893388	30.857657555337585	861.6676100055519	0.9495941650825444	742471.0701326798	0.9017290783588144	879.2376966457729	769.6158919808508	1.206583	25.283651	0.0406885373759652	0.0202494273262564	-0.0555110613	-0.0084945287	0.1554257249	0.0834022895	-0.0063018589	-0.1364768306	-0.0579621803	-0.042667947	-0.0550771478	-0.0816451033	-0.0262008866	0.0184837059	0.0562651294	-0.0145803043	0.0135198486	-0.0089367533	-0.0373552647	-0.1292123273	0.025012506	-0.0011051579	0.033257452	-0.1039845378	-0.0540618058	0.029149317	0.0632110339	-0.026056795	0.1833149567	-0.2557958968	0.0244606505	0.0234988817	-0.1243800064	-0.0995362186	-0.042327782	-0.1631507659	-0.0541530258	-0.0481529835	-0.1495539498	-0.1060501687	0.0219256845	0.077002761	0.018447494	0.0686008064	-0.0288430076	-0.0411142723	-0.0445257163	-0.1661211245	0.0734565517	-0.0233128391	-0.0218784015	-0.0736770161	0.0133168604	0.1063236738	-0.0774982026	0.0459175508	-0.1178768873	0.1834772601	0.0424932751	0.0356979819	-0.1068484136	0.1997143802	0.0197323166	-0.2268343515	0.0266698317	-0.0444821954	-0.1532149292	0.0515992756	0.029124652	0.0061287456	-0.1664123475	-0.0216144868	0.0064933074	0.0048184812	0.0437961672	-0.0490770306	0.068815213	0.0223047338	-0.0815943589	0.0131927893	-0.0846337163	-0.0936479536	-0.1227477916	-0.1642380321	0.0380167507	0.0335022455	0.0063583772	-0.0495734193	-0.0100626443	-0.0797051162	0.0235148757	-0.063080731	-0.0674542747	0.1289999139	-0.0586099215	-0.0799919487285905	-0.0028793088541051	8.290419477328043e-06	0.0063987118613974	0.4836426981736679	-0.0020513948761475	4.208220937884558e-06	0.2339102594967056	0.7768651251301151	-0.0075526515965975	0.6035194226434294	5.704254613958783e-05	0.0088784178162652	8.216819435450003e-05	6.75161216347889e-09	7.882630292017533e-05	-0.0034269116267928	-0.0001665556945187	1.1743723297847674e-05	2.7740799376606524e-08	0.0016137479030087	0.0003153797521091	2.6041822944649765e-06	9.946438804039737e-08	0.0	0.0	0.0	0.0	0.0	0.0	0.0	0.0	0.0
911.355739143426	0.2956933810049804	0.0874345755701565	830569.2832696604	1023.8937430101282	1.6888079362757935	1048358.3969752904	2.8520722456281047	862.2277186655065	0.5601086599546079	743436.6388351237	0.3137217109561466	879.3157904096645	777.3732432307868	1.179199	24.70982	0.0811632115435567	0.0345043406660195	-0.0587133875	-0.0318875478	-0.0237949149	-0.1628008854	-0.0150859343	-0.0246010604	0.117571674	0.1416772543	0.032937946	0.0566739774	-0.0294226581	0.0285307684	0.0198663267	0.0178070017	-0.1021705788	0.0470010197	0.0481081843	0.1188681817	0.0317271222	0.075194211	-0.0143580204	-0.0117920916	0.0210172993	0.1787759998	-0.0888870723	-0.0800660409	-0.0441765848	-0.0620827702	-0.038594802	-0.0194214395	0.0165775048	0.1157231333	-0.0324517522	-0.2211671764	-0.1130108711	-0.0798664299	0.0998927176	0.0112530477	0.0785007719	0.1210971001	0.0282883626	0.0470300597	-0.0836480185	0.012798127	0.0460626508	0.0779571311	-0.0359059307	-0.0388444276	0.0322405801	0.1008609135	-0.124925922	0.0372749056	0.0657973186	-0.1304109933	-0.1682591811	-0.0517321529	0.1667701564	-0.0743759193	0.0641613325	-0.0177310597	0.0576881457	-0.013847059	0.0222114407	-0.0436083617	-0.1123652814	0.0496421169	0.0348194267	-0.0387832019	0.1185826847	-0.0201996427	0.1386303997	0.0159242294	0.0058790164	-0.0766546793	-0.0069128748	-0.0090676185	-0.0781580263	0.0031846055	-0.1539979848	-0.0212615617	-0.0717778956	-0.0695349496	0.0060525243	-0.1277903319	0.0489308016	-0.0077295188	0.0249321588	0.0096384	0.0047451916	-0.0660076536	-0.0616009311	0.1289999139	-0.0703125971	-0.0732565186725651	0.0067354300560254	4.536601803961042e-05	0.0053665175280238	0.4690721892373233	-0.0145705089363445	0.000212299730664	0.2200287187158952	0.7973413412504868	0.0204762161203717	0.6357532144671253	0.0004192754266081	0.009117141295303	0.0002387234790377	5.6988899443910326e-08	8.312226539851925e-05	-0.0037029741059229	-0.0002760624791301	1.3712017229135502e-05	7.621049238345706e-08	0.0013409127325603	-0.0002728351704483	1.7980469563423308e-06	7.443903023360742e-08	0.0	0.0	0.0	0.0	0.0	0.0	0.0	0.0	0.0
911.8031128932716	0.4473737498456103	0.2001432720509227	831384.9166818602	1024.994800679824	1.1010576696958196	1050614.341420672	1.2123279919959886	861.7386090424561	-0.4891096230503535	742593.430314427	0.2392282233604589	879.61995273388	776.2403202920125	1.149918	24.096251	0.0535548191453021	0.0260329123535844	-0.045969388	-0.0366340674	-0.1122541881	0.1001843157	-0.0297109719	0.1195055395	0.0722379815	-0.0836259647	0.0321528114	0.0066235844	0.0139173457	0.0193014262	0.0474457282	0.0302825047	0.0991333465	0.0453136524	-0.002736998	-0.0584006456	-0.1186856866	-0.0903289661	-0.0780359341	-0.0112296806	-0.0314659284	-0.0108561851	-0.0935771718	-0.1182822306	0.0311289715	-0.0036112949	0.0899272082	-0.1034621261	-0.0417336015	0.0016461385	-0.0247806968	-0.2085362327	0.0026971898	0.0167295941	-0.1742909281	-0.038135185	0.0669247197	-0.1420232429	0.0179545084	0.042492968	0.158697386	-0.0034106787	-0.0049742748	0.058364979	-0.0559320646	0.1012620403	0.0446012821	0.0546146035	-0.0351373411	-0.0343468171	-0.1286784765	-0.0282697832	-0.0778008678	0.0290538145	-0.0122150337	-0.0536796845	-0.0776040701	0.0328441122	0.050450197	-0.0255136236	0.0202177894	0.1112938607	-0.1247644511	0.039576943	0.0298841397	-0.0480390662	0.0558106146	-0.0852194981	-0.0817578737	0.0809505553	-0.0398618526	-0.1481894081	-0.0020558574	-0.0449764279	0.0030693769	0.0365199654	-0.0431804899	0.0205121649	-0.0596665939	-0.0193986529	0.1639363878	-0.0168488911	-0.0357437787	-0.0728221157	-0.1227439523	-0.0264091695	-0.0512564609	-0.0688893378	-0.0555787436	0.1282045865	-0.0812449131	-0.0712446759406191	0.0020118427319459	4.047511178083903e-06	0.0050758038498838	0.4854805829775444	0.016408393740221	0.0002692353851341	0.2356913964482163	0.7937854238002018	-0.003555917450285	0.6300952990376659	1.264454891324174e-05	0.0088386096890824	-0.0002785316062206	7.75798556638274e-08	7.812102123594128e-05	-0.0039551114759317	-0.0002521373700088	1.564290678704663e-05	6.357325335495453e-08	0.0012400084043327	-0.0001009043282276	1.5376208428157288e-06	1.0181683455063238e-08	0.0	0.0	0.0	0.0	0.0	0.0	0.0	0.0	0.0
911.8743980794964	0.0712851862247134	0.005081577775092	831514.9178728438	1024.2898939918068	-0.7049066880172177	1049169.786933747	0.4968934388114031	860.9787390766619	-0.7598699657942234	741284.3891420386	0.5774023649161142	879.1117185863347	775.3120274229982	1.054443	22.095583	0.0515732822144815	0.0262400453195184	-0.0374139638	-0.0142279563	0.1290300396	0.085601167	-0.0151363605	-0.0843391269	-0.0557897532	-0.0870178976	-0.0274590305	-0.0036698656	0.0009589509	-0.0081386673	0.0363691478	-0.0177441017	0.0301506773	-0.0283936924	-0.0553984322	-0.151671549	0.0326105221	-0.0870170493	-0.0069665483	0.0527146103	-0.039250431	0.0012635522	-0.0699999265	0.0860308249	0.0155008096	0.0498343811	0.0386458149	-0.0524497337	-0.0937973433	0.1408856117	-0.1835765366	-0.024747652	0.2073496348	-0.006459025	-0.0266741075	-0.0291037225	0.0253514648	0.0535368937	-0.0017857084	0.0288596208	0.0111274595	-0.0233801969	-0.0596510719	-0.0949866187	0.0678936857	0.1080134112	-0.0114660777	-0.1321929783	-0.0169366361	-0.0834901385	-0.0206260123	0.001930597	0.0180728569	-0.0247371892	-0.0457059564	-0.0749966734	-0.0734057018	0.0360779713	0.1784274377	0.0168691269	0.0393420913	-0.0476024943	-0.0366010175	0.0358572933	0.028980342	-0.0061050326	-0.1310094162	-0.0860713952	-0.0251741002	0.0922096951	0.0352450951	-0.1271561632	0.0131708406	0.0750033635	-0.0589256957	0.0017585053	0.0507816639	-0.1327984066	-0.0697367946	-0.0773000144	0.0720320551	0.0362359845	0.1108422007	-0.0899943267	-0.0214381249	0.0322416323	0.0714671211	-0.0717238087	-0.0494042187	0.1266188352	-0.0912870929	-0.0669512808921979	0.0042933950484212	1.8433241041807704e-05	0.0044824740131059	0.4833471357583079	-0.0021334472192364	4.551597037267839e-06	0.2336244536457601	0.7805214233832629	-0.0132640004169388	0.6092136923602347	0.0001759337070605	0.0091222336225597	0.0002836239334773	8.04425356411364e-08	8.321514626455867e-05	-0.0042691303098569	-0.0003140188339251	1.8225473602538872e-05	9.860782805974224e-08	0.0012000023811375	-4.000602319520008e-05	1.4400057147356697e-06	1.6004818918948871e-09	0.0	0.0	0.0	0.0	0.0	0.0	0.0	0.0	0.0
911.9520971515526	0.077699072056248	0.006037145798402	831656.6274991148	1021.1915292739868	-3.0983647178200044	1042832.139460944	9.599863924631835	861.18030026799	0.2015611913280963	741631.5095696654	0.0406269138496014	878.8713869402968	778.3496944707016	1.062231	22.258785	0.0725953688930533	0.0363231246395251	-0.0310794276	-0.0114045714	0.0159401209	-0.1387442075	0.0359338505	-0.0764735649	0.0787592612	0.1215466239	0.0164058321	0.0300974909	0.0572652255	-0.0036535101	0.0257425576	0.0365589553	-0.1689040454	-0.0066869462	0.1688007147	0.0107240086	0.004097744	0.0054158684	0.0369983212	0.0272226908	-0.0134779507	0.0614146499	-0.0667904774	0.0634023582	-0.0178074798	0.1328795868	0.0769411158	-0.0278785677	-0.0078773279	-0.112290699	-0.1341707124	-0.025039784	-0.030703958	0.0270540435	-0.0104096871	0.0091798678	-0.1261457381	-0.0397625589	-0.0007426395	0.056894344	-0.1205542847	0.0368561798	0.0472058294	0.0841896745	0.0543681024	0.0399122565	-0.0110388006	0.02217696	0.0293639073	0.0050019079	0.095406459	-0.0174448298	-0.0584202415	-0.1155169161	-0.1055338947	-0.0268852916	-0.0569035773	0.05299026	-0.0866388331	-0.0559047816	0.0052410038	0.0432079606	-0.0304019722	0.0338104219	0.0287500202	-0.0529643237	0.0514806684	0.016191662	0.158840318	0.0361099147	-0.0167661448	-0.0901064186	-0.0838833405	0.0387559315	0.063060054	-0.0323776752	0.0211605601	-0.1196207637	-0.0643796223	0.0152805887	0.0650277412	-0.097124925	0.1484732627	-0.0342580425	-0.0401029951	0.0137317263	-0.0404152921	-0.0745091236	-0.0430942802	0.1242524367	-0.1003291122	-0.0502899002290462	0.0166613806631517	0.0002776016056024	0.0025290740650474	0.4882182138312032	0.0048710780728952	2.3727401592241136e-05	0.2383570243165304	0.7948454828805893	0.0143240594973264	0.6317793416556772	0.0002051786804829	0.0097096670052892	0.0005874333827294	3.4507797914502225e-07	9.427763335360172e-05	-0.0043496182516531	-8.04879417961998e-05	1.891917893511377e-05	6.478308774588447e-09	0.0011331466924696	-6.685568866790005e-05	1.284021426654794e-06	4.4696831072591794e-09	0.0	0.0	0.0	0.0	0.0	0.0	0.0	0.0	0.0
912.0099660627266	0.0578689111739549	0.003348810880459	831762.1781977357	1020.4008969699636	-0.7906323040232337	1041217.9905371064	0.625099440165087	861.0682222088036	-0.1120780591863876	741438.4832978296	0.0125614913509874	878.3801223026373	779.575162120249	1.083058	22.69521	0.1250805874359287	0.0637758648099325	-0.0306000738	-0.0182229026	-0.1424147269	0.0312848874	0.0398575801	0.148731696	0.0690674126	-0.0952348655	-0.0168666586	-0.0203036279	0.016904078	-0.0025964041	0.0414648565	0.0627186495	0.0952226987	-0.0323939994	0.1115573614	0.0666618835	-0.0688162765	-0.124726116	0.0613050406	-0.1093735234	0.0623444883	-0.1126152033	0.0186706876	0.1924773642	-0.0702494569	0.0234322707	0.1209554211	-0.2445796055	0.0012673921	0.0055036404	0.0048678388	0.1012254449	0.0172624398	-0.0761717531	-0.0261033036	-0.0805619708	0.0939738842	-0.0642104977	-2.49127e-05	0.0283125118	0.1433381224	0.0275382971	0.0726604968	0.0778577434	0.0097261556	0.0522329667	0.0235414094	0.0515925882	0.1960898221	-0.1159147218	0.0314860198	-0.0619705903	0.0214733218	0.0320834092	-0.1135390744	0.0055170801	-0.1397811249	0.00086604	-0.0659853986	0.1941657401	0.0501270425	0.0799029627	0.108553283	0.032311978	0.0569278421	-0.0320396276	0.0502808472	0.0695059143	-0.1162200676	0.0234963266	-0.0574996323	-0.0995948707	-0.0294155088	0.0085490342	0.1643859178	-0.0306142978	0.074941905	0.0468208276	0.0122280461	0.0426165959	0.1134155288	0.0617118959	0.0191547992	0.0159294468	-0.0738680744	0.0568985186	0.0105405573	-0.0772433738	-0.0366662233	0.1211199807	-0.1082719048	-0.0454486967678207	0.0048412034612254	2.343725095298174e-05	0.0020655840378933	0.5255955622701123	0.0373773484389091	0.0013970661763236	0.2762506950780354	0.8424682848356184	0.0476228019550291	0.7097528109538687	0.0022679312660479	0.0102284297172131	0.0005187627119239	2.6911475128264005e-07	0.0001046207744799	-0.0042698753127825	7.974293887060002e-05	1.823183518670945e-05	6.358936299720252e-09	0.0010268676716488	-0.0001062790208207	1.054457215077428e-06	1.1295230266628012e-08	0.0	0.0	0.0	0.0	0.0	0.0	0.0	0.0	0.0
911.583072378588	-0.4268936841385766	0.1822382175574068	830983.697847186	1022.3533266852884	1.9524297153247967	1045206.324584476	3.811981793283268	862.552369738813	1.484147530009409	743996.590542042	2.202693890833029	880.7798545742596	784.5631220680543	1.120177	23.473024	0.0616662013976119	0.0297656872983756	-0.0206543175	-0.0227922713	0.1356647877	0.0757516233	0.0530756482	-0.1400097417	-0.090664992	-0.0602316462	-0.0705242727	0.0375367777	0.0091884571	0.0389873763	0.0682480554	0.0396777893	0.0196060847	0.116632299	-0.0755722929	-0.1156536999	0.0775910018	0.0219351394	-0.0238462782	-0.0530482717	-0.01488759	-0.0125479375	0.0018791845	0.0101060818	0.079391222	-0.0347549096	-0.0717161883	-0.1303647792	0.0423269525	0.0058361571	-0.0013167779	-0.0020675501	0.0767602569	0.0192210619	-0.055126696	-0.0504539573	-0.0880794951	-0.1623424477	0.0440449478	0.0796413204	-0.0438721651	0.0263997341	-0.0722752971	-0.1397505972	-0.0331955281	-0.050995281	-0.1223870449	-0.1040090977	0.0940637569	0.0176249564	-0.0059788436	0.0170872447	-0.0050431161	0.0626634972	-0.0313702188	-0.0691984679	-0.1546283938	0.0396470903	0.0212582102	-0.0258912266	-0.0120177839	0.1333271834	-0.0118356275	0.0252554809	0.0729675869	0.0328120959	-0.177690253	0.0717036388	-0.0028127424	-0.0035540868	0.031660087	0.0076167395	0.0074981223	0.0592046044	0.054381247	0.0179408224	0.0464993909	-0.1246008963	-0.0217420788	0.0843134133	-0.0257370378	0.151205074	0.0031281527	-0.0429099362	0.043319315	0.0259669412	0.0018189769	-0.0799246852	-0.0301376669	0.1172407796	-0.1150284477	-0.036016099179946	0.0094325975878747	8.897389725477963e-05	0.0012971594001397	0.5483080718087052	0.0227125095385929	0.0005158580895406	0.3006417416105802	0.8428216865118827	0.0003534016762642	0.7103483952547343	1.2489274478641554e-07	0.0105084097415587	0.0002799800243455	7.838881403256238e-08	0.0001104266752964	-0.0045070949504277	-0.0002372196376451	2.031390489217087e-05	5.6273156484519985e-08	0.000960713481742	-6.615418990680005e-05	9.229703940008362e-07	4.376376842224965e-09	0.0	0.0	0.0	0.0	0.0	0.0	0.0	0.0	0.0
910.48320687378	-1.0998655048080082	1.2097041286665746	828979.6699991624	1015.8083906173706	-6.544936067917774	1031866.6864486524	42.836188133130975	861.6945628644733	-0.857806874339758	742517.5196701956	0.7358326336645453	879.65716150557	769.7301507072888	1.108503	23.228405	0.0429125455534945	0.0220657269739684	-0.0246816295	-0.042993913	-0.0537597502	-0.1501093264	0.0821279711	-0.0065669742	0.075260571	0.1086240564	-0.0419786379	0.0780243133	0.0021836845	0.0161574096	0.0255432694	0.1134752315	-0.0080059027	0.0283859964	0.027718939	0.1499408599	-0.0954510938	-0.0595075923	-0.1417240685	-0.0271234135	0.156528327	-0.0319487397	0.0154327869	-0.0076641485	-0.0235165051	-0.0175947418	-0.0273238876	-0.010560197	-0.0275264991	-0.0145780257	0.0492730152	-0.0602521783	-0.006162397	-0.0251282783	0.0015656582	-0.1371684125	-0.1329687566	-0.0362688146	0.018255846	0.0670898259	-0.035540334	0.1037902012	0.0383489297	0.0844670231	-0.1076251148	-0.0471739707	-0.0283627463	0.0094178875	0.0775991508	-0.0059706144	-0.041780331	0.0532819938	0.048463575	-0.0100199191	0.0523742933	-0.0129769478	0.0867554847	0.1456800246	0.0024954723	0.0878720405	-0.0565796466	0.1288274754	-0.0512618799	0.0245683472	0.0675131928	-0.0167013954	0.1085787632	0.1377759757	0.0768729243	-0.0409836972	-0.024406229	0.0341830243	0.0562522239	0.0009810659	0.0645261811	-0.0157936915	-0.0356986798	0.0216246037	0.0428618031	0.0661377643	-0.1282629114	0.0107649098	0.0166566867	0.0531048444	0.0157752658	0.0062112198	0.1029938956	-0.0825512202	-0.0235265052	0.1126387502	-0.1205247148	-0.0379486031963551	-0.0019325040164091	3.7345717734373216e-06	0.0014400964845544	0.5344058296281418	-0.0139022421805634	0.000193272337647	0.2855895907405424	0.8525999970874096	0.0097783105755269	0.7269267550334509	9.561535771146152e-05	0.0107644760602404	0.0002560663186817	6.556995956319797e-08	0.0001158739448514	-0.0045949689930908	-8.787404266310042e-05	2.1113740047465883e-05	7.721847373956393e-09	0.0009627628960171	2.049414275099963e-06	9.269123939472332e-07	4.200098870983507e-12	0.0	0.0	0.0	0.0	0.0	0.0	0.0	0.0	0.0
910.2748594702044	-0.2083474035755443	0.0434086405766707	828600.3197835004	1015.0624700995052	-0.7459205178654429	1030351.8182045087	0.5563974189726505	861.5904095198337	-0.1041533446395988	742338.0337765546	0.010847919199615	879.1859731131555	780.8560377318283	1.124361	23.560711	0.0841360328305106	0.0497813000339784	-0.0210826902	-0.0606412556	-0.0459743799	0.1391838222	0.1019129363	0.0386618896	-0.024293801	-0.1280430475	-0.0827503995	0.0783038028	-0.0250590883	0.0158289954	0.0346868414	0.0797685584	0.1281300984	0.0103456459	-0.0315990051	0.0277493139	0.0436321091	0.1510601657	0.0628415264	0.0681213754	0.0902049309	-0.0603456089	0.0539828425	0.0134533881	0.0033453425	-0.1048278821	0.075431537	-0.1062668873	-0.0376992966	0.0306952317	0.048394251	0.0048397077	-0.0330296613	-0.1134070608	0.1271814068	0.0130601592	-0.034297867	0.0429156295	0.0161536195	0.0246499398	0.123096515	0.0483515781	-0.0140435329	-0.1115201299	0.0037540824	-0.0830681121	0.0128606441	0.0226738983	-0.0189258107	0.0319242058	-0.0423071217	-0.1055516863	0.1317560106	0.0553372104	0.1455047846	-0.0025627941	-0.0493902181	-0.0165658284	-0.0766982657	0.08018713	0.1411417803	0.0068363748	0.0469773324	0.0163943358	0.0816873951	0.0028924297	-0.0304836681	0.0412319408	-0.1297952786	-0.0273038843	0.0032254281	0.0554023039	0.0910145631	-0.015493123	0.1127255316	0.0557653097	0.0755767924	0.0681216123	0.0734251832	0.1426890998	-0.0178162484	-0.0343153453	-0.0052584182	-0.006170846	0.1186491655	-0.1166187398	0.0165433696	-0.0851211787	-0.016850859	0.1073422654	-0.124700488	-0.0189270570919717	0.0190215461043834	0.0003618192162011	0.0003582334901627	0.5698080339007703	0.0354022042726285	0.0012533160673609	0.3246811954978614	0.8818594256024284	0.0292594285150187	0.7776760465238449	0.0008561141570254	0.0107644806194996	4.559259201078469e-09	2.0786844462618684e-17	0.0001158740430075	-0.0046039721954667	-9.003202375899508e-06	2.1196559976630463e-05	8.105765302140255e-11	0.0009628122131516	4.9317134499988514e-08	9.27007357793882e-07	2.4321797552899573e-15	0.0	0.0	0.0	0.0	0.0	0.0	0.0	0.0	0.0
909.0347690680164	-1.2400904021880024	1.5378242055988014	826344.211374542	1017.9444366903866	2.8819665908814613	1036210.8761889086	8.305731430956913	860.559101905687	-1.0313076141466129	740561.9678727227	1.0635953949967785	878.3428761074947	770.6432153241387	1.099206	23.033587	0.0491138725563672	0.0285371577019288	-0.0335147946	-0.0609200403	0.0646131178	-0.0684096115	0.1110372664	-0.0625309331	-0.021271272	0.039353874	-0.0392900944	0.0734070306	0.0966456029	-0.0149515957	0.0028901894	0.0815295501	-0.084005495	0.065191617	-0.0216316541	-0.0377191751	0.0664000294	0.1301039582	-0.0216639153	0.01240587	0.0308689001	-0.0655316213	0.0940083959	0.0039152935	-0.0688195798	0.0128930782	0.1822301331	-0.0686633319	0.0411303294	-0.0360265725	0.0416484176	0.0679183016	-0.0034298881	-0.090553055	0.0222044558	-0.0306070685	-0.0838200358	-0.1183454791	-0.0129286353	0.0408041255	-0.0962040713	0.0908540586	-0.0272166172	-0.0119860623	0.0136003575	-0.0517145033	-0.0474912926	-0.0006430394	-0.0757730994	-0.0043786854	-0.0524601641	-0.0285997645	0.0640100341	-0.0198373748	0.0164327982	0.066480513	-0.0688631521	-0.0963422721	-0.1132661309	0.1538669281	0.0918449102	0.0162325304	0.041323252	0.016999241	0.0785036287	0.0027780537	-0.0149194186	0.1015232393	0.1060604813	-0.0351259922	0.1201344909	0.0119934301	0.0614755788	0.0412718045	0.2282384534	0.0477736862	0.1277310377	0.0952756355	-0.0398346497	0.0549399687	0.0513901969	-0.026442491	0.0887733509	0.1486363701	0.1466115086	0.0830042261	-0.1105651771	-0.0876327994	-0.0101290257	0.1013839798	-0.1275100165	-0.0139211043221081	0.0050059527698636	2.505956313410506e-05	0.000193797145547	0.5719982184409815	0.0021901845402112	4.796908320180358e-06	0.3271819618996568	0.9009438311209408	0.0190844055185124	0.8116997868348783	0.000364214533995	0.0112035074410379	0.0004390268215382	1.9274455003002192e-07	0.0001255185789813	-0.0045882586532743	1.5713542192400017e-05	2.105211746934649e-05	2.4691540823233554e-10	0.0009647384439765	1.9262308249000685e-06	9.307202652861984e-07	3.710365190795198e-12	0.0	0.0	0.0	0.0	0.0	0.0	0.0	0.0	0.0
909.2167525575074	0.1819834894910172	0.0331179904473271	826675.1031312197	1013.9222925410552	-4.022144149331439	1028038.415311709	16.177643558001122	859.7895364455906	-0.7695654600964872	739238.0469813235	0.592230997373518	877.1435221041473	767.5527034912986	1.071207	22.446888	0.0628355673568226	0.0339738920842633	-0.0128395332	-0.0758989272	-0.1108414575	0.0270306898	0.1090652088	0.1197032952	0.0075271767	-0.0333364295	-0.0073434862	-0.0626426772	-0.0331443445	-0.0368706456	0.0084718474	0.1075539396	0.0928932106	-0.003157949	0.081094258	0.0741158441	0.017645199	0.0829381496	0.0561925497	-0.0323768204	0.0809938452	-0.0986901668	-0.0099709301	0.0201499654	0.0560208793	0.0779690909	0.0733028441	0.0002191665	0.1655319823	0.0278512554	-0.081884871	-0.000526409	-0.0459764589	0.0826929543	0.0274551581	0.0071433628	0.0481365329	0.0649872272	-0.0365963316	0.0064329664	0.1129280755	0.0865189542	0.0602077118	0.0531987889	0.0405766107	-0.0482494643	-0.0217742112	0.0890268222	0.0707412125	-0.1174941194	-0.0205220413	-0.1016959121	0.0584193078	0.0611724578	-0.0514270636	0.0956329065	0.0441063185	-0.1033299537	-0.0708698744	0.0177563857	-0.0338429226	0.0523779913	-0.0379815583	0.0036221656	0.0732660201	-0.0291809835	0.0540327201	0.0623207893	-0.0989176422	-0.0297748469	0.0203829721	-0.0500777275	0.0250455013	-0.0466854603	0.1156250283	-0.0294244448	-0.0194762892	0.1020287853	0.052434617	0.0620829605	0.1019409234	0.0065216981	-0.0910069059	0.0550063294	0.0454453678	0.1260432975	0.120880155	-0.090084361	-0.0033794295	0.0948006283	-0.1289225186	-0.0254179512233605	-0.0114968469012524	0.0001321774886708	0.0006460722443931	0.5708310342577079	-0.0011671841832736	1.362318917684205e-06	0.3258480696717244	0.9067742218403224	0.0058303907193816	0.8222394893941223	3.399345594065142e-05	0.0107347447298773	-0.0004687627111606	2.197384793746363e-07	0.0001152347444156	-0.0041769878595021	0.0004112707937721	1.7447227578427932e-05	1.6914366581001538e-07	0.000957949037851	-6.789406125499976e-06	9.176663591196568e-07	4.6096035536976586e-11	0.0	0.0	0.0	0.0	0.0	0.0	0.0	0.0	0.0
910.3397268049932	1.1229742474857858	1.2610711605162668	828718.4181993897	1016.233058200163	2.310765659107801	1032729.628578856	5.339637931311911	860.9424109136506	1.1528744680600769	741221.8349098093	1.3291195391048047	878.5465364225399	764.2493406580783	1.054865	22.104446	0.0568961567738984	0.0269756981430145	0.0080163639	-0.0386562134	0.1367021196	0.0743364947	0.048579942	-0.1071071401	-0.1208276137	-0.0021147919	-0.0796616002	-0.1123839776	-0.0488869214	-0.0103974711	0.0451756495	0.038011112	-0.0200927373	-0.01503047	-0.1324313452	-0.1111589194	0.1476514117	-0.0997343497	0.12316436	-0.1057253689	0.0346103929	-0.1751111413	0.0176845593	0.0280059943	0.0871043421	-0.0404938701	-0.0505801097	0.0303436371	0.0356871436	0.1183793235	-0.0244207308	0.1978779032	0.0265711734	-0.0650570334	-0.0314609408	-0.0121100719	-0.1396379286	-0.0733491363	-0.0068321965	0.0299277593	-0.0403210616	0.0183399632	0.0121503721	-0.2068847935	0.093065146	-0.057930235	0.0341804119	-0.0690378565	0.1062474129	-0.031739031	-0.021994802	0.0441641977	0.0327806223	0.1221662587	-0.0498980003	0.0117546153	-0.0183280509	-0.0096636748	0.0816579175	-0.011912305	-0.0985330817	0.0404260129	0.0571782402	-0.0039787275	0.0794110076	0.0314759358	-0.1270470617	-0.0425863139	-0.0316647993	0.0096368931	0.126453723	-0.0164939238	0.0746891572	0.0293176436	-0.0606720408	-0.0015689069	-0.048675283	-0.0801174877	0.0091359441	0.0120006374	0.0322890139	0.1117280334	-0.0573643156	-0.0076272135	0.1202948791	0.1085340833	0.0352436701	-0.0924741833	0.0033794295	0.0876327994	-0.1289225186	-0.0328525769588594	-0.0074346257354989	5.5273659826942586e-05	0.0010792918128377	0.5812660341683511	0.0104349999106432	0.0001088892231351	0.3378702024778027	0.9159421449481188	0.0091679231077963	0.8389500128921606	8.405081411046628e-05	0.0109389636589118	0.0002042189290344	4.170537097599792e-08	0.0001196609259309	-0.0045648880024935	-0.0003879001429914	2.083820247530909e-05	1.504665209327486e-07	0.0009630021262243	5.053088373299978e-06	9.273730951125226e-07	2.5533702108379413e-11	0.0	0.0	0.0	0.0	0.0	0.0	0.0	0.0	0.0
911.845568181022	1.5058413760287976	2.267558249760303	831462.3402113708	1018.739187857684	2.506129657521001	1037829.5328769336	6.2806858603063285	861.5114098817004	0.5689989680497547	742201.9093563552	0.3237598256416857	878.4671945016785	775.0589636572477	1.103293	23.119234	0.0615986822687099	0.0397294325214222	0.0244875062	-0.0280641083	-0.0171793149	-0.1448917102	0.0233924334	-0.0163614784	0.0794903681	0.1701416654	-0.0511378605	-0.0570443382	-0.0670510723	0.0034064166	-0.0107345281	0.0978419234	-0.1221010856	-0.0935494433	-0.00478193	-0.0139656507	-0.0597281587	0.0409369074	0.0933041012	0.0515442462	-0.0719981073	0.0373102647	0.0264970871	0.0538322992	0.0011260932	-0.0766187618	0.1003698646	-0.0518442473	0.0153967946	-0.1062430231	0.1434917818	0.1171558086	-0.0118238638	0.1133087442	0.1980753263	0.0823319088	-0.0542745959	0.0404617919	0.0028609049	7.27434e-05	-0.0722855809	0.0860207798	0.1446191411	0.0363770082	0.0324546647	0.0323926158	0.0193815657	0.0263640852	-0.1008367084	0.0179525024	0.0896481049	0.0466005577	-0.0128208979	0.0630895743	-0.0442203556	0.0680502935	-0.0172962954	-0.0426460453	-0.1511397497	-0.0416889205	0.0177901383	0.0161234196	0.075638579	-0.0073232798	0.0808788903	-0.0190335768	0.1590511067	-0.0398565047	0.0924179936	-0.0269964613	0.0682713194	0.0173647771	0.0018297445	-0.0254240025	0.0074495759	-0.0368430267	-0.0360858373	-0.1286162988	0.1095792877	0.037862579	-0.1139403145	-0.0246493819	0.0011284069	-0.0050672653	0.00181653	0.0958819267	0.0170111869	-0.0948006283	0.0101290257	0.0799246852	-0.1275100165	-0.0351797874160126	-0.0023272104571532	5.415908511883208e-06	0.0012376174426358	0.5955167342749235	0.0142507001065723	0.0002030824535274	0.3546401808014698	0.9531473565560732	0.0372052116079544	0.9084898833098302	0.0013842277707926	0.0110894829616826	0.0001505193027707	2.265606050660769e-08	0.0001229766323574	-0.0045698114050547	-4.92340256120008e-06	2.088317627776801e-05	2.4239892779631503e-11	0.0009638706228329	8.684966085999515e-07	9.290465775602824e-07	7.542863591496174e-13	0.0	0.0	0.0	0.0	0.0	0.0	0.0	0.0	0.0
911.1752714465736	-0.6702967344484705	0.4492977122122834	830240.3752957371	1017.8820007548612	-0.8571871028227633	1036083.7674607192	0.7347697292456826	861.9369278768628	0.4255179951624086	742935.2676378042	0.1810655642070356	879.5857955902678	772.3110634617422	1.137263	23.831059	0.1021771856257003	0.0525102949633601	0.024603529	-0.0378475911	-0.0962916278	0.1277132503	0.0239640966	0.0922173558	0.0015454413	-0.1212327689	-0.1350358609	-0.076993979	0.0180637803	0.0225497253	0.0286124543	0.1011508051	0.0807880467	-0.001864963	-0.0311324589	0.0040251304	-0.0165476343	0.0775444736	0.1230499354	0.0463241555	-0.0544185433	-0.0792343567	0.0895694933	-0.1342534057	0.0434894771	0.0088097747	-0.0966671421	0.1384009209	0.0092751157	0.0756584871	0.0563351385	0.0751068376	0.039645805	0.1061617624	-0.0087015955	0.1623932585	0.1307362442	0.1524017084	0.0229394171	0.0046990722	0.1379311098	0.0640988384	0.0485137837	-0.0546968093	0.0357817496	-0.0206714939	0.1236826921	0.0937577271	-0.0570459846	0.023753452	-0.0405706611	-0.0035379396	0.1083900038	0.0292519374	0.0356263898	0.0515957417	0.0503787477	-0.1445341618	-0.012873117	-0.1240443823	-0.0777847961	-0.0950840425	0.1024007265	-0.0122588065	0.082835237	-6.46927e-05	0.0569782197	-0.0849572911	-0.170694431	-0.0410710892	-0.001289052	0.0680239243	0.029397243	-0.0692432898	0.011567696	-0.0237826905	0.0014800387	0.0649709701	0.124178099	0.1617574582	0.0515348752	-0.0582767881	-0.0965803241	-0.1054681759	0.0473417564	0.0162934575	0.0283696371	-0.0970621018	0.016850859	0.0717238087	-0.124700488	-0.0296427061479676	0.005537081268045	3.065926896893485e-05	0.0008786900277747	0.6275736401577348	0.0320569058828112	0.0010276452147794	0.3938486738208299	0.9839627947295072	0.030815438173434	0.9681827814119024	0.0009495912298207	0.0108762306611553	-0.0002132523005272	4.5476543680185794e-08	0.0001182923933946	-0.0050279088944518	-0.0004580974893971	2.5279867850907525e-05	2.0985330979192642e-07	0.0009678760389367	4.00541610380003e-06	9.367840267477964e-07	1.6043358164580608e-11	0.0	0.0	0.0	0.0	0.0	0.0	0.0	0.0	0.0
911.8449070058116	0.6696355592380314	0.448411782196031	831461.1344324372	1023.8381393657012	5.956138610839957	1048244.5356198208	35.47558715153854	861.5244675497144	-0.4124603271484375	742224.4081868188	0.1701235214713961	879.1210858062485	776.6290092621726	1.124355	23.560572	0.0381853454762269	0.0212371405953505	0.0398876354	-0.011405548	0.1708687183	0.0085577983	0.0088009178	-0.1342975307	-0.0804667788	-0.0138487325	-0.0933456855	-0.0066381348	0.0449731728	0.0065486313	0.0101923067	0.0597698912	-0.0581029016	0.0407763003	-0.1480189802	-0.0829778473	0.0285829305	0.0878216323	-0.0055878349	0.0611039969	-0.0286866538	0.0276838698	-0.1115699091	-0.0428862894	-0.0642483839	-0.1131422692	-0.0580230095	0.1115536978	0.0270440948	-0.0905424081	0.0442935218	-0.021621917	0.0618383997	0.0454412189	-0.0297977089	0.1414494372	0.0036727215	0.0007592051	0.0050951007	0.0152423738	-0.0958902751	0.0611870954	0.0038279054	-0.1241294275	-0.0309188937	-0.023626159	-0.0389646018	-0.0305025465	-0.171863612	-0.0607836903	0.0354795813	0.0664758291	0.0359851902	0.0125476038	0.0851056316	0.0846055593	0.0941466865	-0.0285288187	0.0657333139	-0.0172110275	0.0797727495	-0.0084762669	0.0008804407	-0.0238615296	0.0698459291	0.0523171622	-0.1033653379	-0.144640695	0.0733003734	-0.0478792159	0.0997233006	0.1213277457	0.0689201397	0.0096352611	-0.0253840153	-0.0048273749	0.1119065286	-0.0545480887	0.0083375264	0.0784615984	0.0337588593	0.0105521736	-0.1030864752	-0.0178094477	-0.0206201351	0.0968159316	-0.0199017283	-0.0992570537	0.0235265052	0.063080731	-0.1205247148	-0.0314354429771839	-0.0017927368292162	3.2139053388284985e-06	0.0009881870751717	0.6221432715598496	-0.0054303685978851	2.948890310889712e-05	0.3870622503471927	0.9760576287622768	-0.0079051659672304	0.9526884946650384	6.24916489694586e-05	0.0109711277803952	9.489711923990098e-05	9.005463240031984e-09	0.0001203656447737	-0.0050223903961406	5.518498311199958e-06	2.5224405291245336e-05	3.045382361071679e-11	0.0013286019030235	0.0003607258640867	1.7651830167176657e-06	1.3012314902116848e-07	0.0	0.0	0.0	0.0	0.0	0.0	0.0	0.0	0.0
911.9586521890024	0.1137451831907583	0.0129379666990991	831668.5833023818	1016.1604252983542	-7.677714067346983	1032582.009942532	58.94729329993776	860.4006549115707	-1.123812638143704	740289.2869722596	1.262954845651512	878.0849300207384	774.4802374741126	1.144596	23.98472	0.0504734387961283	0.0293315300506607	0.0522537944	-0.01501945	-0.076568361	-0.1022245118	-0.0296006928	0.0733929378	0.0856239195	0.1136664105	-0.0659964543	-0.0544618463	-0.1102778296	-0.028919373	-0.0332441018	0.0878389935	-0.0153658545	-0.1866313708	0.068835448	0.043861141	-0.0444747348	0.0046659854	0.0119269598	0.12117543	0.0236606789	-0.030939873	-0.0002375156	-0.0449641295	0.0029846631	-0.0525764195	-0.0702753737	0.1060752963	-0.0070334626	-0.0886998145	0.0884959049	0.0170021657	-0.0433185023	0.0123299388	0.038090235	0.0035230925	-0.0852159133	0.0503742193	-0.0223990722	-0.0332862174	0.0157141012	0.062670434	0.1226373536	0.0919730632	0.030756122	0.1086129213	0.0290288049	-0.0311887867	-0.016832764	-0.0224069164	0.0511579593	0.1093675266	0.0192073925	0.0103267291	0.1194819317	-0.0140841814	0.0856623807	0.0293902907	-0.1426266957	-0.0498848422	-0.0700047684	-0.0415042121	0.007081233	-0.0372199922	0.0513914667	-0.0213139844	0.1501822871	-0.002536411	-0.0080898038	-0.0568066587	0.0136355417	0.0786453918	0.0313840104	-0.0134112554	0.0435466714	-0.0642710339	0.1700925353	-0.047432601	0.1589092944	-0.0111378358	-0.1218748544	0.035552792	0.0195867612	-0.145548879	-0.0779507864	0.0884460805	-0.0145312617	-0.1013839798	0.0301376669	0.0540487397	-0.1150284477	-0.0282085516316925	0.0032268913454913	1.0412827755607288e-05	0.0007957223851578	0.6221532249290647	9.953369215054408e-06	9.90695587311928e-11	0.3870746352896353	0.9743055753955048	-0.0017520533667719	0.9492713542467656	3.0696910000170207e-06	0.011302811366824	0.0003316835864287	1.100140015062705e-07	0.000127753544794	-0.0054759955243723	-0.0004536051282316	2.998652698294546e-05	2.057576123580968e-07	0.001453004002656	0.0001244020996324	2.111220631734357e-06	1.5475882392974452e-08	0.0	0.0	0.0	0.0	0.0	0.0	0.0	0.0	0.0
911.577927273039	-0.3807249159633556	0.1449514616353042	830974.31749141	1029.566336295184	13.405910996829904	1060006.840832288	179.7184496549249	860.9034178384259	0.5027629268552118	741154.6948458833	0.252770560620019	879.6007196839297	778.8994331359863	1.137049	23.82659	0.0552117100600444	0.0278728589113835	0.0475860088	-0.0459586137	0.0415974969	0.1283074405	-0.0731400422	0.0010956542	-0.0521823708	-0.0499835657	-0.0595278178	0.0271612843	0.0867507651	-0.0180423866	-0.0394575591	0.0108828073	0.0514832179	-0.0295872282	-0.0264277004	-0.1059475651	0.1739629556	0.0328189377	-0.0842639428	0.0032040773	0.1392835235	-0.0442295392	0.0590486482	0.0128947037	-0.0996809304	-0.0627996936	-0.0412885107	0.0935616377	0.029776055	0.1191850299	-0.0198766161	0.0758067401	0.125013156	-0.1422706855	-0.1040250237	-0.0898991168	-0.0110874469	0.0813808037	-0.0113472711	-0.0338697784	0.0361003668	0.0363461089	-0.0476390621	-0.0953111153	0.0349905847	-0.0407599813	0.012689743	-0.1641631546	0.072838811	0.1013615217	0.0404030252	-0.0392822637	0.0637947165	0.0327871097	0.1502306833	-0.0427159975	0.0426634747	-0.0258963386	-0.0303613492	0.1298607535	-0.0615358628	-0.1004878123	0.0148532224	-0.0539542065	0.0319704891	0.0097618725	-0.0812874475	0.0756470395	-0.0817143696	-0.0664483945	0.0560851173	0.168052273	0.0765951225	-0.0211580492	0.073008822	-0.0153032725	0.1254544825	-0.0221081055	0.0851468476	-0.0882983269	-0.0351577271	-0.0023542992	0.1258204108	-0.0909177209	0.1153706861	-0.0042373479	0.0006433192	-0.1034414224	0.0366662233	0.0446835199	-0.1082719048	-0.0327728892107899	-0.0045643375790974	2.083317753596072e-05	0.0010740622672227	0.608214346374595	-0.0139388785544696	0.0001942923353562	0.3699246911358759	0.9783177299209171	0.0040121545254123	0.9571055806776164	1.6097383935786963e-05	0.0116986805073093	0.0003958691404853	1.5671237638857064e-07	0.000136859125612	-0.0056678420924447	-0.0001918465680723	3.212443398488791e-05	3.680510568115791e-08	0.0015192150821196	6.621107946360003e-05	2.3080144657396627e-06	4.383907043735157e-09	0.0	0.0	0.0	0.0	0.0	0.0	0.0	0.0	0.0
910.801531878614	-0.7763953944249806	0.6027898084843212	829559.43047243	1016.6882962058572	-12.878040089326872	1033655.0916419688	165.8439165423101	860.3593641396519	-0.5440536987739506	740218.2354627862	0.2959944271496166	877.7077490118612	766.4584638485964	1.077702	22.582973	0.1113458355712125	0.0522587484254533	0.0698163856	-0.0385702301	-0.0167227813	-0.1109760789	-0.0512608345	0.0448727969	0.0235239977	0.1405520911	-0.0156554811	0.0348547177	-0.0166428903	-0.0261947998	-0.0850256247	0.0371461689	-0.0901006464	0.0516630763	0.0516484832	0.127118494	0.0716449972	0.0722974453	-0.021670491	0.0565491606	-0.0158459933	-0.1278348201	0.0026631507	0.0050183312	0.033200407	-0.0427500341	-0.0962489695	-0.0407001743	0.0273987365	0.0908954052	0.0169296341	0.0117651575	-0.1209001664	0.1403646175	-0.0934732865	0.0563440784	-0.1500341529	0.0186471439	-0.028657796	-0.0633525356	-0.0955331044	0.0625842854	0.0191910616	0.0572164026	-0.0297828195	-0.1072089569	-0.001071317	0.0292845292	0.0165161045	-0.0388721553	-0.0252670094	-0.0524773654	0.0474166363	0.0828151572	0.1043567664	-0.1994067427	-0.017996207	-0.0601465359	-0.0716152885	-0.0233823413	-0.0296567916	-0.0101714583	-0.0967537462	-0.0659862899	-0.0090836377	-0.0246597263	0.0809372752	0.0884909649	0.0775925938	-0.047511172	0.0530801409	0.0612732636	0.1017945534	-0.0479238972	0.0550717472	0.0211415494	-0.0639091232	-0.1056609336	0.0937333095	-0.0360564087	-0.076503152	0.0473319397	0.0673699281	-0.1493933397	0.0036760392	0.0655142084	0.0430807403	-0.1054279714	0.0430942802	0.0350428114	-0.1003291122	-0.042929541971759	-0.0101566527609691	0.0001031575953069	0.001842945573905	0.5736160085800606	-0.0345983377945344	0.0011970449781447	0.3290353252993201	0.9445294799169232	-0.0337882500039939	0.8921359384321333	0.0011416458383324	0.0112797418509271	-0.0004189386563821	1.7550959781132244e-07	0.0001272325762235	-0.0056464275774048	2.14145150398996e-05	3.188214438687744e-05	4.585814543940861e-10	0.0017349138109318	0.0002156987288122	3.009925931361901e-06	4.652594161119904e-08	0.0	0.0	0.0	0.0	0.0	0.0	0.0	0.0	0.0
911.601845489108	0.8003136104939585	0.6405018751418756	831017.9246991475	1012.7911350025852	-3.8971612032720486	1025745.8831398248	15.187865444288844	859.8858470984625	-0.4735170411894387	739403.6700402404	0.2242183882968006	876.5121884492584	770.6461626009009	1.148639	24.069441	0.2001458087673912	0.1101364632145191	0.0795198184	-0.013688412	-0.0894619112	0.0939639383	-0.0128939678	0.1661177678	-0.1064061643	-0.0202073915	-0.0360700689	-0.0988435498	0.0522222632	-0.0413219224	-0.1080084887	-0.0121223683	0.0580303594	-0.0520859344	0.0436192242	0.0115302505	0.0396220041	0.0330875771	0.0762675782	0.025929019	-0.0870064756	-0.0744572434	-0.053080222	0.1117190327	0.0754373203	0.0567887632	-0.0949060167	0.0238662571	0.0733683135	-0.0225519372	-0.0400507133	-0.0923892246	0.0012418705	-0.0598623156	-0.0339394316	0.053774465	0.1430193454	0.0952960194	-0.0477371717	-0.1260293241	0.0821129943	0.0227547739	0.0416315393	-0.0456931763	0.0877842851	-0.0924909571	0.091658284	0.0479896259	-0.0280227113	0.0252373264	0.0360988445	0.0222092592	0.0209598064	0.0163300858	-0.0276822494	-0.0739684458	0.1216385738	-0.0359504131	-0.0151325426	-0.0779161641	0.1372098889	-0.0331996089	-0.0248167575	-0.0807494181	-0.0013601712	0.0127500495	-0.0084883321	-0.0319805857	-0.1057950414	-0.014727859	-0.1074886708	0.1201841636	0.0195201832	-0.1701135442	-0.173495674	-0.0618229896	-0.1280115169	0.1651421266	0.0465244565	0.0987008975	0.0148167317	-0.1549958354	-0.1236250505	0.0713285937	0.2033052933	-0.0474475519	0.0253228299	-0.1073422654	0.0494042187	0.0251860523	-0.0912870929	-0.0317074393192768	0.0112221026524821	0.0001259355879428	0.0010053617081856	0.67362832158841	0.1000123130083494	0.01000246275328	0.4537751156460183	0.9790223873467028	0.0344929074297796	0.9584848349260372	0.0011897606629593	0.0115252494013614	0.0002455075504342	6.027395732025015e-08	0.0001328313737635	-0.0061392338382673	-0.0004928062608625	3.769019212092624e-05	2.4285801074527853e-07	0.0020849697131706	0.0003500559022388	4.347098704838695e-06	1.2253913469222038e-07	0.0	0.0	0.0	0.0	0.0	0.0	0.0	0.0	0.0
914.2192421579228	2.6173966688148766	6.850765321923213	835796.8227318068	1022.1180666755228	9.326931672937576	1044725.3422245084	86.99165443164613	862.6841359528783	2.798288854415773	744223.9184247642	7.83042051274754	879.4182901525903	774.9803635345108	1.188641	24.907671	0.0633082302246492	0.0349810120670037	0.1065565264	0.0616031107	0.1689754394	0.0095136776	-0.0759880263	-0.0699412458	-0.1211329763	0.0933847056	-0.030195885	-0.0876242614	-0.012638225	0.0261421769	-0.0897150367	-0.0217325733	-0.0435078261	-0.0417623762	-0.1588423588	-0.0748727033	-0.0062600539	-0.0245460018	0.0408113274	-0.0152570163	-0.0280752716	0.1561637654	-0.1618740956	0.1392422717	0.073057721	0.1254081109	-0.0675884858	0.1179084819	0.0950167187	-0.1671014757	-0.0214962967	-0.0231139491	-0.0290309575	0.0588321434	0.0728434264	-0.073736172	-0.0016501862	-0.0451450243	0.0208792385	-0.1097127635	-0.0899103508	-0.01575125	0.0504170945	-0.0910151006	0.0069542517	-0.0149643586	0.0026315406	-0.0516695122	-0.1569996025	-0.0099953512	0.0999598849	0.0727693903	-0.1129884891	-0.0053776464	-0.194523027	0.0826449274	0.1379146359	0.1004101624	0.0347733731	-0.0538569737	0.0152337326	0.0760558924	0.0117644787	-0.0915311899	-0.0066374379	0.0921965405	-0.1623844128	-0.151737967	0.0933506849	0.0629552951	-0.0821596541	0.070135656	-0.0138456759	-0.03550363	-0.2998686715	-0.0977315165	-0.0541154944	0.0682742021	-0.1218707161	0.0083372731	-0.0141075683	-0.0474898758	-0.1109381289	0.1965483792	0.0904133338	0.0064189888	-0.2219426895	-0.1091829923	0.0555787436	0.0151740128	-0.0812449131	-0.0389958060914352	-0.0072883667721583	5.312029020550261e-05	0.0015206728927208	0.6956067708028826	0.0219784492144725	0.0004830522298731	0.483868779586814	0.9776861054714344	-0.0013362818752683	0.9558701208319008	1.785649250170705e-06	0.0120635299741593	0.0005382805727978	2.8974597505163504e-07	0.0001455287554374	-0.0062139476590759	-7.47138208085996e-05	3.861314550973485e-05	5.58215501981953e-09	0.0021260779668191	4.110825364849998e-05	4.520207520993639e-06	1.6898885180294114e-09	0.0	0.0	0.0	0.0	0.0	0.0	0.0	0.0	0.0
915.5025186242176	1.2832764662947511	1.6467984889459435	838144.8616072859	1019.2024999506332	-2.9155667248895725	1038773.7359056204	8.500529327283308	863.9406605785003	1.2565246256220917	746393.4650008156	1.5788541347947376	879.8741688600469	784.8916732722315	1.180016	24.726938	0.0970741455580535	0.0589760144624932	0.1346181173	0.0867985777	-0.0653224659	-0.1379211428	-0.1269941343	0.0594860494	0.0839345773	0.2138860199	-0.0046378802	-0.0815592145	-0.1424329846	0.056805918	-0.1116517288	0.0032952277	-0.0696244967	-0.0890912545	0.01354912	0.1146104403	-0.069417841	-0.0881122646	0.0707108901	0.0819935726	-0.0808182629	0.0893704333	0.014320091	-0.0711958477	0.1170211898	-0.0011539383	0.04141859	0.0773983837	0.0276673148	-0.1314497579	0.0043200996	0.09724096	0.0500333648	-0.017752239	0.1115239817	-0.0550394344	0.0400825757	-0.1191352539	0.0492582503	-0.131550373	-0.0491451334	-0.0083252906	0.1527825104	0.1083019971	-0.0484658237	0.0310034594	0.0435268257	0.059259655	-0.0565675045	0.001956487	0.1247350675	0.0915726087	-0.0903014516	0.046352882	-0.0220341841	0.0486109857	-0.0121345444	-0.046842438	-0.0580664054	-0.1388364186	-0.0846127885	-0.021930496	0.127292101	-0.1131654506	-0.0455431559	-0.0057657159	0.1462900762	-0.0695419744	0.0793110266	0.040838163	-0.1057848343	0.0408245464	-0.0233877803	-0.0247219801	-0.0673660739	-0.083194059	-0.1258158762	-0.0732588975	0.0099695595	-0.0452917278	-0.1851762065	-0.0363244933	0.0466456958	0.0593402784	0.0159681377	0.0445541629	-0.0664419262	-0.1109488906	0.0616009311	0.0050684204	-0.0703125971	-0.0431550880870759	-0.0041592819956407	1.7299626719260904e-05	0.0018623616278032	0.644022486844392	-0.0515842839584905	0.0026609383515101	0.4147649635612351	0.9690077171261322	-0.0086783883453022	0.9389759558499984	7.531442427187728e-05	0.0124762100213526	0.0004126800471932	1.703048213514643e-07	0.0001556558164968	-0.006252269036244	-3.8321377168100586e-05	3.909086810157548e-05	1.4685279480598206e-09	0.0023281203676301	0.0002020424008109	5.420144446174112e-06	4.0821131725472686e-08	0.0	0.0	0.0	0.0	0.0	0.0	0.0	0.0	0.0
914.4976825821124	-1.0048360421052394	1.0096954715137223	836306.011448054	1026.5442755082074	7.341775557574238	1053793.1495786705	53.9016683377945	864.6683616230921	0.727701044591754	747651.3755919624	0.52954881029993	882.5792432925996	782.8832401451023	1.203765	25.224598	0.0735007934062945	0.0370710000935724	0.1353220523	0.0651061609	-0.072261199	0.1300634048	-0.1543785142	0.1203168948	-0.0141907654	-0.1076512062	-0.002018875	0.1262939845	-0.0841604296	0.0794057188	-0.1352490437	-0.0441720586	0.0946853855	0.0356668334	-0.0625648973	0.0423531678	-0.1368177967	-0.0863859713	0.023633229	0.0332393913	-0.1417323156	0.1288770108	0.1514393499	-0.118629928	0.0703853307	0.0845132102	-0.0271939796	0.1236642982	-0.0064355181	0.0721178953	0.0617435309	0.0153990831	-0.1076996161	-0.0037600048	-0.1037531338	0.0579273534	0.1531105573	0.0470742752	0.0762015866	-0.1140676564	0.1137453908	-0.0181216826	-0.0818304748	-8.1787e-05	-0.1339938944	0.0884986226	0.2148461954	0.1115893714	-0.1024238874	0.1668940755	-0.0744122323	0.0423596438	-0.031903129	-0.015899238	-0.0174198731	0.0251275019	-0.0287735882	-0.0986144123	0.0670918376	-0.0946070557	-0.091974618	-0.0846625024	0.002652818	-0.124978633	-0.0738950389	0.0051254005	0.0314149146	-0.1488292257	-0.1019337974	0.0964905743	-0.1090855939	-0.0315519013	0.0025534604	-0.0396730223	-0.0667543155	0.0004333711	-0.0343651619	0.0286256906	-0.0334848066	0.0424531535	0.0568407679	-0.0522662626	-0.0217668952	-0.0702215396	-0.0344218204	-0.0758138329	-0.0665870796	-0.1126387502	0.0674542747	-0.0050684204	-0.0586099215	-0.0407378121719688	0.0024172759151071	5.84322284975689e-06	0.0016595693405586	0.6610462984225762	0.0170238115781842	0.0002898101606495	0.4369822086581897	0.940631332103834	-0.0283763850222982	0.8847873029354332	0.0008052192269337	0.0121525254174033	-0.0003236846039492	1.0477172283381503e-07	0.0001476838740206	-0.0063402613525769	-8.799231633289939e-05	4.019891401898026e-05	7.742647733629033e-09	0.0022261308700982	-0.0001019894975319	4.955658650804168e-06	1.0401857606809444e-08	0.0	0.0	0.0	0.0	0.0	0.0	0.0	0.0	0.0
912.03802819518	-2.459654386932357	6.049899703155588	831813.364874152	1023.121735124027	-3.422540384180365	1046778.0848831998	11.713782681345483	862.1888347910816	-2.4795268320104924	743369.586838403	6.148053310659988	880.1916484845239	786.0531565479848	1.175647	24.635391	0.0411356576933539	0.0215528920468347	0.1298891631	0.049762235	0.1025013835	0.0026708558	-0.1132562365	-0.0827047232	-0.0920852691	0.0244104972	-0.0031810729	0.1165552975	-0.0445385943	0.0124972967	-0.1430206741	-0.0751270431	-0.1112370662	0.0523477553	-0.0755833826	-0.0720668067	-0.0434762437	0.0245160708	-0.0953357448	-0.0026810474	-0.0047048091	-0.0080703111	-0.0939741992	-0.0372449347	-0.0068161674	-0.0033423747	-0.0311875219	0.0531782725	0.030266602	0.0050282213	-0.0548440043	0.0360429333	-0.0066115576	-0.0428102479	0.0071157901	-0.0005621726	0.106991371	0.0390372107	0.0155575554	-0.1009441906	-0.1196254335	-0.0065111122	-0.1260948196	-0.0074261	-0.0828318886	0.0879755956	-0.0969718994	-0.0021029669	-0.0159260663	0.0097710546	-0.0467291693	0.0790353073	-0.0036005859	-0.0872962437	0.0544953099	0.012498614	0.0454538928	-0.0427600798	-0.0310832775	-0.0385209394	-0.0043659007	0.0160558878	0.0040273394	-0.1422688832	-0.0993509664	-0.0066789866	-0.0876228855	-0.0818832347	0.1103869271	0.0591831648	0.0038693552	0.0527760014	0.0170734005	0.0802114657	0.0588091511	0.0681377075	0.1846812779	0.052324197	-0.1210220472	-0.0563985315	0.0307563076	-0.0533812145	0.0547610539	0.1296690018	-0.1045409462	0.0550210661	-0.0054679716	-0.1142514127	0.0731227308	-0.0151740128	-0.0462651033	-0.0354303921335059	0.0053074200384629	2.8168707464677527e-05	0.0012553126867339	0.6621233552179007	0.0010770567953244	1.1600513403545483e-06	0.4384073375250102	0.9563003674883106	0.0156690353844766	0.914510392858278	0.0002455186698799	0.0124298525840753	0.0002773271666719	7.691035737431924e-08	0.0001545012352618	-0.0063388223245248	1.4390280520994864e-06	4.018066846189399e-05	2.070801734729242e-12	0.0023290075848759	0.0001028767147777	5.424276330409473e-06	1.0583618443452269e-08	0.0	0.0	0.0	0.0	0.0	0.0	0.0	0.0	0.0
909.0525708403414	-2.985457354838559	8.912955617559644	826376.576551434	1015.6743146110985	-7.447420512928602	1031594.3133607246	55.46407229638972	860.5004846973351	-1.6883500937465217	740461.0841643487	2.850526039053888	878.2946809877204	774.9493001039001	1.098588	23.020641	0.0632171233662654	0.0372553736769079	0.1203504139	-0.0258831679	-0.0791286291	-0.0519904041	-0.0546550316	0.0853827127	-0.0667604392	0.0417318811	0.1138313227	0.1343619966	-0.1202065272	-0.0307510612	-0.1411973609	-0.0782574191	0.0499763467	0.1165017346	0.0408699939	-0.0127514917	-0.1391425745	-0.0643016191	-0.0715914493	-0.0229515722	-0.0147935456	0.0285365327	-0.0432173116	0.0827114796	0.125780264	-0.0387697299	0.028297022	0.0097668758	-0.0197003935	0.0556761757	0.0408509292	-0.0553449538	-0.0805181217	0.1518230015	0.0906926413	0.0673582109	-0.0664997082	0.1239933802	-0.0330271069	-0.1294974898	0.0209767362	-0.0029083531	-0.1417185919	0.0962548471	-0.068492012	0.0884547988	-0.0520472161	0.0838131608	0.0332680516	-0.0572969355	-0.0368697739	-0.0171796029	-0.0097921684	0.0730640647	-0.1001333483	0.0116500608	0.0609147511	-0.0523684563	0.0427729946	-0.0118201887	0.0115474261	0.0497282558	-0.1162664661	-0.1419687143	-0.093340441	-0.0585294625	0.0738263672	-0.063290979	-0.0113500746	0.0767163842	-0.0569883222	-0.0776157441	-0.0317811482	0.0421382042	-0.0588065374	-0.0189916312	-0.042780474	0.184521224	-0.0576050079	-0.0851529445	0.0272581138	-0.0272741047	-0.0062347827	0.0783842399	-0.0013323384	0.1265286365	0.0295969472	-0.1157857731	0.0785907625	-0.0251860523	-0.033413395	-0.0369793030083798	-0.0015489108748739	2.39912489830264e-06	0.0013674688509855	0.6429869823766126	-0.0191363728412881	0.0003662007655207	0.4134322595057823	0.985833828557034	0.0295334610687234	0.9718683375274196	0.0008722253226978	0.0123805783182379	-4.9274265837400896e-05	2.427953273814853e-09	0.000153278719494	-0.0065473753944818	-0.0002085530699569	4.28681245562657e-05	4.349438298848917e-08	0.0023311478207091	2.1402358332000583e-06	5.434250161996786e-06	4.580609421713548e-12	0.0	0.0	0.0	0.0	0.0	0.0	0.0	0.0	0.0
908.3922434028548	-0.6603274374866714	0.4360323246977139	825176.4678744713	1016.9740113090066	1.299696697908189	1034236.1396779316	1.6892115065534503	860.151538943905	-0.34894575343003	739860.6699475682	0.1217631388368512	877.9274992858607	758.8254948407754	1.170947	24.536909	0.0853244907226375	0.0502475424263647	0.1225621621	-0.0375856182	0.1381522429	0.0862291544	-0.053574956	-0.000941278	-0.211658259	-0.0602520544	0.0705499328	0.1172822943	0.0369569282	-0.0494346799	-0.1569754448	-0.1369380604	0.0235101287	0.0414068435	-0.0002389165	-0.13243801	0.0910056431	-0.0924303964	-0.0013483197	-0.0019135108	0.0759158405	0.0562134297	-0.1136190418	-0.0311843159	-0.1144874548	0.0483534345	0.0295441713	0.0730458815	-0.123252034	-0.030663162	-0.0039488793	0.1124977626	-0.0320426279	-0.0599356458	0.1144684941	0.0843871767	0.0441813795	-0.0841572828	-0.0480388773	-0.1418205739	-0.0330100681	-0.0306697856	-0.2013438295	-0.046592553	0.0677469623	0.0867928086	-0.0053801051	-0.1187354112	-0.0117973723	-0.0788064921	0.0344145159	-0.0453319704	-0.0437738829	-0.1114428806	-0.0379490646	0.0457506452	0.0761130895	0.0448816632	0.0433082911	0.0039487178	-0.0310461095	-0.1493501708	0.1027865606	-0.1584291429	-0.0978650164	-0.0701082721	-0.1902728544	-0.0958136128	-0.0177241607	0.0239755576	0.0056002001	0.0007723131	-0.120417236	0.0864017613	-0.1487916908	0.018681241	-0.0107589573	-0.137395537	-0.1203345514	-0.0111279686	0.0072113336	0.0691032339	-0.0003417848	-0.0607815535	0.0153974136	0.0158535242	0.0001580588	-0.1172407796	0.0838433825	-0.0350428114	-0.0201956026	-0.041059901754096	-0.0040805987457161	1.6651286123540585e-05	0.001685915532056	0.6896299003215063	0.0466429179448937	0.002175561794414	0.4755893994174507	1.0024665454517816	0.0166327168947475	1.004939174750029	0.0002766472713008	0.0125373663248773	0.0001567880066394	2.458247902595671e-08	0.0001571855543641	-0.0067461899636143	-0.0001988145691325	4.551107902517031e-05	3.952723289934166e-08	0.0023349103876828	3.762566973699796e-06	5.451806518509042e-06	1.4156910231576443e-11	0.0	0.0	0.0	0.0	0.0	0.0	0.0	0.0	0.0
909.8406482551684	1.4484048523136153	2.097876616205625	827810.005217385	1014.679624669692	-2.2943866393146664	1029574.740719827	5.264210050665649	860.9004951015486	0.7489561576435335	741149.6624660915	0.5609353260721655	878.5919052533186	762.4362798361942	1.292002	27.073589	0.0571999802287475	0.036989458169138	0.1351356416	-0.029506498	-0.0354741762	-0.1913848707	-0.0432516888	0.0424153269	-0.0411771204	0.2106525764	0.1400818738	0.0901077837	0.0009336486	-0.0324362834	-0.1987541604	-0.0713840985	-0.1081418241	-0.012376706	0.1222934117	0.084203705	-0.0165943262	-0.0397491877	-0.0083478312	-0.0240452852	0.0561563844	0.1170174914	-0.0507713454	-0.0450007036	-0.0530402204	-0.0689580616	0.0021311286	0.0485638542	0.035260373	-0.0214650083	0.1362273197	0.0692327026	-0.0229915521	-0.1781515844	0.0273377706	0.0951840048	-0.0620829505	-0.1211548315	-0.0363972231	-0.1564686497	-0.1231904781	0.0212353333	-0.06060254	0.1886812021	0.0207943577	0.0180027802	0.0009960514	-0.0063112446	0.0241077776	0.0736195715	0.1162823201	0.0216591941	-0.0864199745	0.0119369938	0.048812121	0.0438329352	0.0566801577	0.0755230826	-0.0418579591	0.0693309439	-0.0809994545	0.0271601043	0.0721988632	-0.1576375284	-0.1178815718	-0.0654760549	0.1010147682	0.0783789818	0.1380882207	-0.0023409064	-0.0395602461	-0.0644074973	-0.0915964773	0.0228613467	-0.0514689972	-0.0230149953	-0.0341780616	-0.0338502616	-0.0157026531	0.0007300044	-0.1573899371	-0.0462899116	0.0920742066	0.0012239758	-0.0674660917	0.0092895127	0.0255135389	-0.1186154352	0.0888661936	-0.0446835199	-0.0067565429	-0.033784562944632	0.0072753388094639	5.293055479249298e-05	0.0011413966933598	0.6718350580309647	-0.0177948422905416	0.0003166564121452	0.4513623451994696	1.0024310028874197	-3.554256436189007e-05	1.004867915549878	1.2632738814190983e-09	0.0131278836361194	0.0005905173112421	3.487106948765995e-07	0.0001723413287634	-0.0066980046079139	4.818535570039976e-05	4.486326572763584e-05	2.3218285039740474e-09	0.0023380928520279	3.1824643451001423e-06	5.466678184703959e-06	1.0128079307833678e-11	0.0	0.0	0.0	0.0	0.0	0.0	0.0	0.0	0.0
910.2212773893516	0.3806291341832093	0.1448785377890595	828502.773812303	1020.5902074365056	5.910582766813604	1041604.3715152896	34.93498864335396	863.6533788497762	2.752883748227646	745897.1587986351	7.578368931255892	881.792205590996	773.120054126608	1.218962	25.543056	0.0386358119780591	0.0244841999230975	0.1536225637	-0.0261581288	-0.0911499501	0.0963792486	-0.0777423825	0.1447116081	-0.1365262356	-0.0737190921	0.1177324739	0.1346268198	0.0043559196	0.0439898933	-0.2186559147	-0.115666194	0.1190099217	0.0569631365	-0.0747889685	0.0054592215	0.023720003	-0.0008371811	0.148417426	0.005348875	0.0509013279	-0.0504214609	0.0752070202	-0.0078249626	-0.0487276361	0.0709749747	0.0285003643	-0.0003127784	-0.0320647694	-0.0161859358	0.0157045155	-0.0564808349	-0.1004876407	-0.0308741376	-0.0619951932	-0.0815577354	0.0540969495	-0.1400674447	0.0408406041	-0.1904546234	0.1064054427	-0.0251773765	-0.1836770231	0.0239001345	-0.0502595804	-0.0405364638	0.1028535256	0.0010705514	0.0116392209	-0.0199594673	-0.01013141	-0.0175732882	0.0504462683	-0.0659443435	-0.0428618699	0.0797451092	-0.0913837276	0.0841928159	-0.0818284149	-0.0025644186	-0.0729034493	-0.0135109476	-0.0071650941	-0.1807926678	-0.1387514745	-0.0939785809	-0.0520657801	0.0234528945	-0.1359955567	-0.0266238971	-0.0880849678	0.0150035493	-0.0948863346	-0.0216349274	0.0455691466	-0.0025048629	-0.057742126	0.0181205804	-0.0025776138	0.0891220876	-0.0667144897	0.0305250407	-0.0744645827	-0.083994606	0.0050367043	-0.1350718697	0.063699184	-0.1199087977	0.0936454286	-0.0540487397	0.0067565429	-0.0348680100751579	-0.0010834471305258	1.1738576846448e-06	0.0012157781266013	0.6818930434599793	0.0100579854290145	0.0001011630708902	0.4649781227191131	1.0092958630783784	0.0068648601909586	1.018678139227129	4.712630544140905e-05	0.0127427925480054	-0.0003850910881139	1.48295146144824e-07	0.0001623787619215	-0.0066734533454135	2.455126250040015e-05	4.453497955341064e-05	6.027644903635545e-10	0.0023351448180911	-2.948033936799998e-06	5.452901321457716e-06	8.690904092524494e-12	0.0	0.0	0.0	0.0	0.0	0.0	0.0	0.0	0.0
910.548885263003	0.3276078736513454	0.1073269188783559	829099.2724536973	1022.8006859947652	2.210478558259638	1046121.2432713624	4.886215456525607	862.5965542504796	-1.0568245992966467	744072.8154048006	1.116878233678518	880.8509038073164	768.1680995634232	1.108812	23.234875	0.0847376486290989	0.040431301215036	0.1575136073	-0.0042970648	0.0780229913	-0.0514020434	-0.0934494175	-0.0194322653	-0.2081632942	0.0964201807	0.1086383612	0.0743670223	0.1011111459	0.0146242575	-0.1719158389	-0.1307110049	-0.0333623375	0.1193130552	-0.0070842361	0.0528405642	-0.0296795601	-0.014382325	-0.1092117827	0.0492297696	-0.0075591105	0.0337439498	0.0701660236	-0.0652073145	-0.0977275377	-0.0347434633	-0.0485164717	0.0104757362	-0.0214213838	-0.0722516158	-0.0518261105	0.1113279733	0.0880031372	-0.0197172637	-0.0866531184	-0.0070977789	-0.0335499389	-0.0115361232	0.0110239444	-0.1553822788	-0.1223747154	-0.0221171066	-0.1699843399	0.0601269326	-0.0948833544	-0.0544673531	-0.0751687263	-0.027994316	0.0462127458	3.44923e-05	0.0208843224	0.108311542	0.0601896598	-0.0636139217	0.0482914429	0.0201933568	-0.0673964663	0.067809732	0.0774823015	0.0672377116	-0.0332791633	0.0033310239	0.0209933738	-0.1882150201	-0.154420518	0.0053258529	-0.073516106	0.1351593196	0.1097167112	-0.0208282704	0.0631783513	0.021614704	0.032980426	0.0358019767	0.0618875682	0.0930053421	0.1421042454	0.0905815194	-0.020880999	-0.0322785146	0.0400744216	-0.0328428085	0.039358511	0.0679422361	-0.1243821176	-0.0505877664	0.0437243228	-0.1211199807	0.098167988	-0.063080731	0.0201956026	-0.0397490464943786	-0.0048810364192206	2.382451652575881e-05	0.0015799866972122	0.6640982869132444	-0.0177947565467349	0.0003166533605575	0.4410265346811058	0.98380953532876	-0.0254863277496183	0.9678812018037908	0.0006495529021609	0.0129624986300357	0.0002197060820302	4.82707624811046e-08	0.0001680263707336	-0.0065139735508976	0.0001594797945158	4.243185142179349e-05	2.5433804858833633e-08	0.0019828201363668	-0.0003523246817243	3.931575693181655e-06	1.2413268135212933e-07	0.0	0.0	0.0	0.0	0.0	0.0	0.0	0.0	0.0
909.424470931018	-1.1244143319848945	1.2643075899730365	827052.8683281621	1018.7428386351642	-4.057847359601055	1037836.971270432	16.466125193821256	860.6086916668984	-1.9878625835812045	740647.3201726106	3.951597651202141	879.0592677513706	765.7852808283664	0.936098	19.615709	0.1038210812211383	0.0425499030961459	0.1718485832	-0.0163587618	-0.0415738868	0.0113061833	-0.0826944879	0.1169388831	-0.1700283891	0.0422807893	0.1477114924	0.1184963135	-0.0226679903	-0.0353711772	-0.2129009808	-0.1419663343	0.0475616026	0.1264990567	0.0375803135	0.0568365547	-0.0895272474	-0.0288836275	-0.0786939829	-0.0390290621	0.0809727336	-0.1714515302	0.058931944	-0.0185311882	-0.0826081452	-0.0254892231	0.0469544907	-0.086144265	0.0138425372	0.0080141896	-0.0916082069	-0.1048870724	-0.0727139345	-0.0454941685	-0.0707915076	-0.0802524771	0.0258419116	0.0984225268	-0.0374157495	-0.1947596501	-0.0056396922	-0.0196181675	-0.2045342181	0.0638122177	-0.0883366123	-0.0562607756	-0.0299551549	0.0654656125	0.1345291592	0.0267976572	-0.10955775	0.0630143352	0.0980693737	-0.034468083	0.0521701687	-0.0465597414	-0.0644619172	0.0509505804	-0.0573129989	0.0853949653	-0.0187902178	0.0503191567	-0.1201663972	-0.2064449781	-0.1705691568	-0.0578812779	-0.0241455708	0.1189206463	-0.0505711638	-0.0426947599	0.0334204943	0.0282734383	0.0182357824	-0.044902365	0.1398460433	0.0515989352	0.0228041411	0.022571177	-0.0056706776	-0.0190978491	0.0217879288	0.0766302174	-0.0487208537	0.0600836876	-0.0517028222	-0.1051377062	0.0661990617	-0.1222481541	0.1024214758	-0.0717238087	0.033413395	-0.0222302393220701	0.0175188071723084	0.0003069086047405	0.0004941835403165	0.687895527581631	0.0237972406683866	0.0005663086634291	0.4732002568668104	1.0008359187478533	0.0170263834190932	1.0016725362558596	0.0002898977323339	0.0133766572416347	0.000414158611599	1.715273555616115e-07	0.0001789349589601	-0.0062027991536599	0.0003111743972377	3.8474717340643976e-05	9.682950549624605e-08	0.0017985801459765	-0.0001842399903903	3.234890541500848e-06	3.394437405901785e-08	0.0	0.0	0.0	0.0	0.0	0.0	0.0	0.0	0.0
908.8019869009768	-0.622484030041278	0.3874863676564306	825921.0513951632	1016.0875537535724	-2.655284881591797	1032433.9168929188	7.050537802409963	860.0523450858228	-0.5563465810755588	739690.0362876232	0.3095215182744633	877.3991362607269	758.3428021913287	1.043155	21.859049	0.0801621432764244	0.0462829870904945	0.1731323856	-0.0053426155	0.0295089893	-0.0812451371	-0.0668719657	0.0481903788	-0.2194697546	0.1318359522	0.1014266057	0.0510985441	0.0625937606	-0.0595396385	-0.2205462444	-0.1203299508	-0.1109851263	0.0680708875	-0.0023936677	0.016942616	0.151943884	0.0634633122	-0.0110741882	-0.0376089606	0.0728357433	0.0465254658	-0.0189424089	-0.0183276908	-0.0375248903	-0.0245799513	-0.0032705338	-0.2893293693	0.0083583027	0.0746990518	0.0330416586	-0.044541267	0.1896964401	0.0249017069	-0.0243656191	0.0294303847	-0.1044671265	0.0559410883	-0.0634889537	-0.2336747028	-0.1542310296	-0.02381291	-0.0951855228	0.0277395573	0.0303862742	-0.1033837447	-0.0327386891	-0.0106287469	-0.0501725467	-0.0745874132	-0.0102034649	-0.1976157038	-0.0756670509	-0.015834427	0.0970514463	-0.0528814937	-0.1057033609	-0.0402066325	0.1278956597	0.125209716	0.1832910787	0.1144640225	0.0482464256	-0.2049110509	-0.1921657167	-0.0131410067	0.0643886125	0.0868595716	0.0786773858	0.0346262351	0.1691211742	-0.1498447648	0.1130780217	0.012138589	0.0007604573	0.1393088394	-0.0582486917	0.0381218509	-0.0129768123	0.0273267511	0.0831123021	-0.0198130957	0.0428015779	0.0148550169	0.0343260857	-0.022438054	-0.0749385968	-0.1232925447	0.1063942335	-0.0799246852	0.0462651033	-0.0220608387804901	0.0001694005415799	2.8696543487597208e-08	0.0004866806076987	0.6454531588797323	-0.0424423687018986	0.0018013546610279	0.416609780307825	0.9860030529119824	-0.0148328658358708	0.9722020203517496	0.0002200139089049	0.0131678512405697	-0.0002088060010649	4.3599946080756534e-08	0.0001733923062937	-0.0059619889319522	0.0002408102217077	3.5545312024720534e-05	5.7989562878911685e-08	0.0017938462048077	-4.733941168799834e-06	3.217884206502989e-06	2.241019898965793e-11	0.0	0.0	0.0	0.0	0.0	0.0	0.0	0.0	0.0
910.5211695894312	1.7191826884544523	2.95558911628148	829048.8002705058	1013.1963909373565	-2.8911628162159104	1026566.9266084844	8.358822429869514	859.7723388128858	-0.2800062729370438	739208.4745877796	0.0784035128840942	876.7029909142643	751.268005428095	1.172412	24.567612	0.2161600025628582	0.1147145921316298	0.1975302575	0.0171639654	-0.0884347745	0.0340900114	-0.1120268116	0.1826452314	-0.1138975157	0.0695290654	0.1629782941	-0.078895925	-0.0224542148	-0.0609996193	-0.2254153235	-0.125641843	0.0667376986	-0.0632334419	0.1081696611	-0.0711466025	-0.0762706363	0.0282895249	0.0230712544	0.0731586642	-0.1363625294	-0.0462306149	0.0098698022	0.0993952858	0.1188733433	-0.0347050254	0.087484132	0.0689679635	-0.0069997427	0.1035154614	-0.0545004224	-0.0840584897	0.1068281709	0.1884381379	0.1056940209	-0.0560734264	-0.0460139822	-0.0164185777	-0.067751387	-0.2537598903	0.0590026732	-0.0631994113	-0.0433247992	0.0976123639	0.1114889299	0.0583621918	0.0055187868	0.0553832271	-0.0719784686	-0.0348969247	0.0392438993	0.04853732	0.0983102437	0.1307008589	-0.1330580867	0.0032435059	-0.0252845938	-0.0256939197	0.0747759959	-0.1162821484	0.0185902048	-0.0813272101	-0.0904695757	-0.2113392785	-0.1827542211	-0.1081978744	0.0423417194	-0.0539406878	-0.0830649657	-0.0580594737	0.0097826789	0.024583417	-0.1220634359	-0.0313370534	0.0926118884	-0.069573965	-0.0592204564	-0.1501201121	0.0707390299	-0.0339394662	0.1306530543	0.008078561	-0.0880711052	-0.0060195473	-0.0377548836	0.0562434711	0.0983446314	-0.1242524367	0.1100753719	-0.0876327994	0.0586099215	-0.0330755336051851	-0.011014694824695	0.0001213235020811	0.0010939909232677	0.729662897835226	0.0842097389554936	0.0070912801349523	0.5324079444772994	1.047859999560842	0.0618569466488595	1.0980105786796477	0.0038262818487198	0.0125877733473514	-0.0005800778932183	3.364903622005831e-07	0.0001584520378442	-0.0063979677529439	-0.0004359788209917	4.093399136771002e-05	1.900775323533128e-07	0.0019593619332739	0.0001655157284662	3.839099185562836e-06	2.739545636969688e-08	0.0	0.0	0.0	0.0	0.0	0.0	0.0	0.0	0.0
915.9352262659831	5.4140566765519225	29.312009696916448	838937.3387149178	1019.4772714727064	6.280880535349979	1039333.9070494344	39.44946029933824	863.9500395751085	4.177700762222685	746409.6708818314	17.453183658676	880.6252057591321	771.4554450550298	1.749109	36.652145	1.048253863534448	0.5724089253195414	0.0645740368	0.1532571081	0.0334935078	0.0561737459	-0.1374972658	-0.0636544426	-0.0710099023	0.0539924285	-0.0882654007	-0.2175518768	0.0351578494	0.0410039562	0.0017809	0.0361962436	0.0100215983	-0.1790766895	-0.0825979166	0.0791428814	0.0758308945	-0.0363539066	0.0399970545	-0.0391665923	-0.0572590631	0.0042396788	0.0427767103	0.1183343183	0.0515675032	0.0608008883	-0.0707999014	-0.2220322491	0.0331161021	0.0366174528	-0.0741090089	-0.0435642364	-0.0342848174	0.0960580874	-0.100186003	0.0179792359	0.056767443	-0.0629218499	0.042023965	-0.0892610306	0.0081006804	-0.0708792412	0.2151098468	-0.1120408234	-0.0441740948	-0.0432571367	-0.0628015128	-0.1129803035	0.2564180238	-0.0674250294	0.0807342469	-0.1170430672	-0.0505354977	0.0376245672	-0.1934383671	-0.0962846216	-0.2206146022	-0.0369105592	-0.0299024837	-0.0373356795	0.0319539722	0.0717035956	-0.0653743796	-0.0077620889	0.0288095454	0.5187232724	-0.0140005373	0.2732167381	-0.1152848128	-0.0634940664	0.1548069105	-0.1607625461	-0.1964117713	-0.2495116626	-0.1796204723	0.0725221998	0.1139247499	0.0946912013	0.004599974	-0.041324687	-0.0874020037	0.144057424	-0.0052002097	-0.2535189913	0.0660942536	0.0929002965	-0.1242491595	-0.1251271724	0.1134548014	-0.0948006283	0.0703125971	0.0068555403545502	0.0399310739597353	0.0015944906675778	4.699843355286628e-05	1.1976428087767772	0.4679799109415512	0.2190051970448622	1.434348297414728	1.3041740082555435	0.2563140086947015	1.7008698438093306	0.0656968710531475	0.0181122020933634	0.005524428746012	3.0519312969763736e-05	0.0003280518646708	-0.0065038927769238	-0.0001059250239799	4.230062125372158e-05	1.1220110705142454e-08	0.0020095855620512	5.022362877730004e-05	4.038434131204639e-06	2.5224128875600406e-09	0.0	0.0	0.0	0.0	0.0	1.0	0.0	0.0	0.0
919.7599346441278	3.824708378144692	14.6283941778502	845958.3373765703	1029.7050174264348	10.227745953728345	1060292.4229131744	104.60678729400654	866.291960801094	2.341921225985516	750461.7613486041	5.484595028721501	882.6536212768954	780.0827091502047	1.3772	28.858892	0.5215220379959352	0.3066245897217243	-0.0514441183	0.2232451137	-0.0221386171	0.0054200684	-0.1759547883	-0.0649094353	0.0901301832	-0.0580506804	-0.1514027938	-0.1329578295	0.1386808537	0.1046245261	0.1308319458	0.0713904045	-0.0181912086	-0.1957475452	-0.1023958613	0.0456961964	-2.81879e-05	-0.0042899576	0.0421206139	-0.0595713989	0.0658397995	0.0922679152	0.0113141175	-0.057525743	0.0566177749	0.0037370245	-0.1669592781	-0.061459548	0.018007549	0.0922791739	-0.071290342	-0.0310128424	0.0045595949	0.0105927483	-0.0344625799	0.0328777162	0.0045520627	0.0300157067	0.0943560042	0.0339701266	0.0015112117	-0.1026199174	0.2727856135	-0.1781437027	-0.0497171465	0.0165366669	0.0115765687	-0.0578497508	0.0760952873	0.0382791309	0.0161776937	-0.0752485145	-0.0109498451	-0.0915012559	0.0802178379	-0.0018189633	-0.0120635352	0.0757676178	0.2466282245	-0.0241892302	-0.0555676568	0.1782666969	-0.0330568443	0.113045089	0.087878887	0.4997786922	0.1705873801	0.1000418303	-0.0542739804	0.128110434	0.1609138304	-0.19431552	0.0307451322	0.2571507586	-0.0799797581	-0.084425653	-0.0725444462	-0.0522229883	0.0094832927	0.0975664602	0.1099106205	-0.1448438804	0.0837930878	0.1470540235	-0.1228517181	-0.1507215732	0.1893966288	-0.1259161521	0.1165232592	-0.1013839798	0.0812449131	-0.0006783647363732	-0.0075339050909234	5.675972591904153e-05	4.601787155546812e-07	1.2170925703055389	0.0194497615287616	0.0003782932235256	1.481314324692943	1.5393471190866137	0.2351731108310701	2.369589553040257	0.0553063920579628	0.0224113203727931	0.0042991182794296	1.8482417980526577e-05	0.0005022672808519	-0.0062792496434342	0.0002246431334896	3.942897608456853e-05	5.0464537424026484e-08	0.0013460417640669	-0.0006635437979843	1.8118284306123324e-06	4.402903718434297e-07	0.0	0.0	0.0	0.0	0.0	0.0	1.0	0.0	0.0
915.4301479547036	-4.329786689424282	18.74705277591568	838012.3557843704	1024.4477933995863	-5.257224026848462	1049493.2814012817	27.63840446847276	865.7233797120879	-0.568581089006102	749476.9701801199	0.3232844547753649	883.6375814653675	768.7764134812629	1.387316	29.070873	0.5505756742142786	0.2577846326617595	-0.0251699059	0.180691652	0.0105856633	0.0006678924	-0.1600041242	-0.0991918852	0.1982203668	0.0241643323	-0.0923983267	0.0155387384	-0.1239341921	0.0869896015	0.0590844739	0.0295421772	-0.021926396	-0.1025600809	-0.0778315812	0.0417359451	-0.126101894	-0.0514301228	-0.0502396754	0.0393848256	-0.0111529612	-0.02314548	0.0772243791	-0.0470561788	-0.0415995513	-0.1199997927	-0.0613952319	0.0497197055	-0.028429817	-0.0046438244	0.0247101011	0.0549042021	0.0395653681	-0.1211554816	-0.0453861357	-0.0098613365	0.104256024	-0.0045290551	0.088089184	0.0696366842	-0.0122103539	-0.0411384629	0.1237257189	0.0064172566	-0.1344491484	0.0989138371	0.0697684816	-0.0373561833	-0.0067533379	0.1052084344	-0.0236162185	0.1347379647	-0.0320236255	0.0560547093	0.1643697478	-0.0369568939	-0.0278787468	0.0347497857	-0.0069583268	0.034141245	0.0437535352	-0.0094709315	0.0674449167	0.0812452034	0.0747798008	0.0805895298	0.1032356832	-0.16215228	-0.0272139714	0.0244649089	0.0379100435	0.2704899038	0.0098429573	0.1883339222	0.2213611546	-0.2262134104	-0.0787854987	-0.1353536836	0.051859723	-0.0977041347	-0.1790802712	0.120031621	-0.0789718552	0.1525743442	0.0532165064	-0.2742597978	-0.2067309081	-0.1266188352	0.1192723348	-0.1073422654	0.0912870929	-0.0284115340090238	-0.0277331692726506	0.0007691286779054	0.0008072152647459	1.0309830229517305	-0.1861095473538083	0.0346367636162394	1.0629259936146884	1.6069157948758033	0.0675686757891895	2.5821783718213345	0.0045655259479046	0.0195827882414821	-0.002828532131311	8.00059401785876e-06	0.0003834855953107	-0.0078197244078563	-0.001540474764422	6.114808981482355e-05	2.3730624998213228e-06	0.0023603205043064	0.0010142787402394	5.571112883049219e-06	1.028761362901827e-06	0.0	0.0	0.0	0.0	0.0	0.0	0.0	1.0	0.0
911.7295053213068	-3.700642633396797	13.694755900113975	831250.6908734348	1015.8716888427734	-8.57610455681288	1031995.2881922688	73.54956936938663	864.1795036343069	-1.5438760777809648	746806.214501637	2.383553343544336	882.801319908207	776.2805612761399	1.250062	26.194738	0.2911630882213331	0.1903465207348927	-0.0625620746	0.1616421068	-0.0670677654	0.0610793574	-0.0813200324	0.0340316283	0.2286867367	-0.1532083155	-0.0945368583	0.051876373	-0.0947568775	0.0519053858	0.1112354181	0.0595218589	0.0655911191	-0.0108792753	-0.0005382929	-0.0251750152	-0.0721352571	-0.0407422457	0.0444512559	-0.0374876665	-0.077777	-0.0704866663	0.0747969881	-0.119233049	-0.003136615	0.013305665	0.000665797	-0.0326818781	-0.0286170176	0.032458694	0.060963239	0.0155132354	-0.0128851524	-0.0609131524	0.0559853793	0.0942430185	-0.0829695025	-0.1144877287	0.0605133262	0.1030569915	0.093099507	-0.006687531	0.0413987958	-0.0386696243	-0.0732379158	0.1180003255	0.0902716634	0.0681924048	0.0717290678	0.1438860884	-0.1029165385	0.0101553305	0.0775128276	0.0030817934	0.0188337714	-0.0598128858	-0.006339789	-0.105415433	0.032929066	-0.035321008	0.1072588178	-0.057015963	0.0625022479	0.1313304021	0.0838591717	0.1108004097	0.0766009862	-0.1602157586	-0.1019715564	0.0651860379	0.0005243892	0.1214795791	-0.0880981622	0.3836630302	0.096915709	-0.1366378019	-0.0333332846	0.0141658093	-0.0074035293	-0.1173788153	0.1084084731	-0.0209174464	-0.0174748955	-0.0170165523	-0.0226197065	-0.0179695547	-0.0348870855	-0.1272347401	0.1216944932	-0.1126387502	0.1003291122	-0.0336522620127226	-0.0052407280036988	2.7465230008752823e-05	0.0011324747385729	1.2150472921488955	0.184064269197165	0.0338796551950864	1.4763399221583635	1.6179936224761775	0.0110778276003742	2.6179033623735832	0.0001227182643436	0.0200681434569574	0.0004853552154753	2.355696851890755e-07	0.000402730381809	-0.0089670164834838	-0.0011472920756275	8.040738461507016e-05	1.3162791067976575e-06	0.0025432784816055	0.0001829579772991	6.468265434997579e-06	3.3473621457378086e-08	0.0	0.0	0.0	0.0	0.0	0.0	0.0	0.0	0.0
902.018249485673	-9.71125583563378	94.30848990513113	813636.9224051978	1004.82597395953	-11.045714883243477	1009675.237943718	122.00781728190644	863.5509764104552	-0.6285272238517337	745720.2888594505	0.3950464711227673	883.3551197239119	749.9849108706945	1.753537	36.744926	0.8253054329198063	0.4108408803328685	-0.2302422828	0.0348342968	0.0369732892	-0.0214097606	0.1930249216	-0.1887190665	0.210677226	-0.0773975063	-0.0450345041	0.0397154514	0.0451191657	0.0390637217	0.2702003674	0.0504646126	-0.0127585039	0.1074568753	0.0014561108	0.0303347493	0.0448714078	0.1480845953	-0.1088310176	0.0010818664	-0.039982225	-0.0071601735	0.0025576737	0.1840310868	-0.0224855292	-0.0922258626	-0.0914079886	-0.0943172149	-0.0449978041	-0.0066920438	-0.0557603605	0.0073890807	-0.1191244418	0.0244319478	-0.0333528716	-0.0312566873	0.0564254263	0.0340202267	0.050854917	0.3098802632	-0.0227220589	0.0031261382	0.0024453724	-0.000749084	-0.0985376619	-0.0697476374	-0.2445601107	0.0135703652	-0.0105062071	0.0588921842	0.0470017505	-0.0748729178	0.0496310571	-0.0660687337	-0.1367322043	-0.0993169823	-0.0543288933	-0.0805147056	-0.1772888068	-0.0782975815	-0.0766609697	-0.0659786234	-0.055867688	0.2658164132	0.1003562463	0.037157261	-0.0624340039	0.0212132073	0.0482200794	-0.1176504575	-0.0432067817	0.037439305	-0.2685124179	-0.2909040771	0.2453515172	0.1940322341	0.0790980635	-0.2175654274	-0.2836349405	-0.1145177627	-0.0939279492	-0.2606032538	-0.2646415965	0.0886161326	0.0777716047	0.1271819478	0.1848541285	-0.1277634447	0.1237830955	-0.1172407796	0.1082719048	0.0197340028542072	0.0533862648669298	0.0028500932764419	0.0003894308686498	1.5052635882545644	0.2902162961056689	0.0842254985252932	2.265818470125007	1.8962153996914	0.2782217772152224	3.5956328420268155	0.0774073573167968	0.0230811213108785	0.0030129778539211	9.078035548219e-06	0.0005327381609674	-0.009686215444177	-0.0007191989606932	9.382276963101304e-05	5.172471450621806e-07	0.0028807235616309	0.0003374450800253	8.29856823853542e-06	1.1386918203334858e-07	0.0	0.0	0.0	0.0	0.0	0.0	0.0	0.0	1.0
899.0937542055522	-2.924495280120823	8.55267264344897	808369.5788514338	997.5493149476893	-7.276659011840707	995104.635752604	52.94976637460257	861.9530158535017	-1.597960556953467	742963.001538947	2.5534779415790343	880.5918710432932	711.99519735424	1.477359	30.957693	0.3041030764368281	0.2370529724153655	-0.2598870744	-0.1111129772	-0.0230024182	-0.0560105494	0.2475625203	-0.0159241587	0.1338468456	-0.1162852683	0.0040843722	-0.0497689244	-0.0737216098	-0.0058116519	0.2509746254	0.0689571379	0.0098098051	-0.0021872506	0.0659085132	0.0071911396	0.0364072074	-0.0018760283	0.0328981422	-0.0077917861	0.0867685533	-0.0078039998	-0.0504816356	0.013584083	-0.0183646093	0.1270774686	0.0947767848	0.0465558398	-0.0492340342	-0.0136115625	-0.0115099389	-0.0727865977	0.0336356146	0.0664014949	0.0167656232	-0.0865115413	-0.0591245985	0.024118682	-0.0106820536	0.2376060362	0.0706308293	-0.0007094879	0.0673155866	-0.0065567143	0.1102775339	-0.010832757	0.053249252	0.0566993238	-0.0019853482	-0.1103295795	-0.071783549	-0.0941068243	-0.0286420673	-0.0511260048	-0.037234427	0.0291780881	0.1097608562	0.0834019946	0.0347202995	0.0713755417	0.0527535779	-0.0163530189	-0.0542177828	0.2346057265	0.1059289964	-0.1032659401	0.0142357285	0.0019385497	0.0150170708	0.0142856754	-0.0566654697	-0.1467584702	0.1493809349	-0.0378399062	-0.0565388322	0.0433797713	-0.0782860769	0.1483883815	0.1015403139	0.0524960636	0.0527940892	0.008070838	-0.0120560146	0.0357742752	0.0027901836	-0.0001631199	0.0337528092	-0.1282045865	0.1255324169	-0.1211199807	0.1150284477	0.0239008175561963	0.0041668147019891	1.7362344760712513e-05	0.0005712490798545	1.2750575471399372	-0.2302060411146271	0.0529948213656694	1.6257717485185132	1.895578863821413	-0.0006365358699869	3.593219228966479	4.051779137799917e-07	0.0227802300966095	-0.0003008912142689	9.053552282427293e-08	0.0005189388832544	-0.0107460730727468	-0.0010598576285697	0.0001154780864848	1.123298192837599e-06	0.0029018484137966	2.1124852165699957e-05	8.420724216653845e-06	4.46259379022678e-10	0.0	0.0	0.0	0.0	0.0	0.0	0.0	0.0	0.0
898.7096806403728	-0.384073565179392	0.1475125034696087	807679.0900767208	1001.086306515862	3.536991568172766	1002173.7930935704	12.510309353325244	860.2246858861523	-1.7283299673493957	739986.5102079294	2.9871244760379634	879.4859483617829	722.7850578724652	1.200089	25.14756	0.1972150493086831	0.0875633056642906	-0.2330895053	-0.0982309638	0.0649065307	0.0434906948	0.2045656077	-0.1156376465	0.0442975494	-0.1333942418	0.0032673642	-0.0138652351	0.0297160449	-0.0568004017	0.217675952	0.0550273331	0.0038751466	0.031044793	-0.0149013733	-0.0865022125	0.0788026032	0.0056343881	-0.0748400073	-0.037097484	0.0112319132	0.0373682151	-0.0331435353	0.0383277414	-0.0404699865	0.0414177566	0.0015323037	0.0872276494	-0.0059635703	-0.0651962328	0.067691309	-0.0657662268	-0.0165410076	-0.029693488	-0.0372166509	-0.0351398039	0.0403693155	-0.0273054742	-0.0483076619	0.2508862544	0.0101700675	0.0258356745	-0.02861857	-0.0544770889	0.049635295	-0.0281614267	-0.0428252624	-0.1027774639	-0.0879709736	0.027724994	0.0070073711	0.0299577784	-0.0295647343	-0.0190092147	-0.0414039575	0.0264191067	0.1260135592	0.0344242292	-0.0067116666	0.0177322612	-0.0143733976	-0.0369417438	-0.011513468	0.2073524501	0.0929569638	-0.1689713258	-0.118960081	-0.0512165911	0.0431779529	-0.0360963629	-0.0777682995	0.0573162673	0.0205458691	-0.0048585798	-0.0544359665	0.0576644304	0.0257005663	-0.088270899	-0.0558226706	0.1099876156	0.1075783597	-0.0058927111	-0.0480744744	0.0002705228	0.021311203	0.0326715407	0.0793098405	-0.1285578634	0.1269376627	-0.1242524367	0.1205247148	0.01583515280889	-0.0080656647473063	6.50549478159396e-05	0.0002507520644808	1.3158128779798943	0.040755330839957	0.0016609969918743	1.7313635298577323	1.8604510146468984	-0.0351278491745146	3.4612779779006737	0.0012339657876274	0.021893052843826	-0.0008871772527835	7.870834778564815e-07	0.0004793057628225	-0.0112958406691729	-0.0005497675964261	0.0001275960164233	3.022444100801321e-07	0.0037302276555251	0.0008283792417284	1.3914598362044284e-05	6.862121681266843e-07	0.0	0.0	0.0	0.0	0.0	0.0	0.0	0.0	0.0
899.3848302722004	0.675149631827594	0.4558270253569357	808893.0729237547	1001.7808318418616	0.6945253259996207	1003564.8350457724	0.4823654284548794	860.3388417199837	0.1141558338314325	740182.9225720833	0.0130315543977496	879.3173445108438	712.4708768466423	1.096062	22.967709	0.1074813702357154	0.056325265301774	-0.2304730736	-0.1300860995	-0.0300970487	-0.0424756812	0.2100726785	-0.0265599215	0.139941708	-0.0167392027	-0.0159892115	-0.0225043803	0.0032728368	-0.0537591852	0.2073962179	0.0623380513	-0.0005101495	-0.0163001202	0.051367444	0.0113808605	0.0527654214	-0.0362910218	-0.0190464844	-0.0201169023	-0.0248394533	0.0256412421	-0.0416482219	-0.1143247743	-0.050839324	0.0100640311	0.1038884008	0.0636321553	0.0030810807	-0.0189514115	0.0184761008	0.0155405999	0.0263474715	-0.0503524346	0.0872907874	-0.0091142284	-0.0272135226	0.0470083943	-0.0526081164	0.2011876794	0.045927553	0.0172187763	0.0599830563	0.0600320488	0.1014979696	-0.01972746	0.0058147776	-0.0131492695	-0.0382662428	-0.0712917518	-0.0342558909	0.0272267134	-0.0933807831	-0.0296925387	0.0813074316	0.0606341949	0.06981136	-0.037305206	0.0011579618	0.0467463001	0.0159865845	-0.0433674498	0.0307830166	0.2025325731	0.0866868862	-0.1901907346	-0.0171766403	0.0183869376	0.0497839594	0.0021860993	-0.0770000992	-0.0802820808	0.1313064275	-0.0690401308	-0.0653216835	0.0279188014	0.006960262	0.1663780154	0.1053320184	-0.0105291456	-0.0640185803	0.0728570119	0.1281962495	-0.0611533393	-0.0272378596	0.038973377	-0.1003476784	-0.1288230331	0.1279949812	-0.1266188352	0.124700488	0.0121370908430264	-0.0036980619658635	1.367566230336694e-05	0.0001473089741318	1.2868104375617833	-0.029002440418111	0.000841141550206	1.655881102217948	1.835374366111268	-0.0250766485356304	3.3685990637783387	0.0006288383017795	0.022112550236313	0.000219497392487	4.8179105308592256e-08	0.0004889648779534	-0.0119954099027141	-0.0006995692335411	0.0001438898587341	4.893971125174208e-07	0.0036552098952311	-7.501776029399977e-05	1.336055937819535e-05	5.6276643595280095e-09	0.0	0.0	0.0	0.0	0.0	0.0	0.0	0.0	0.0
899.8325247691156	0.4476944969152328	0.2004303625681833	809698.572632361	1007.1897750181312	5.408943176269531	1014431.2429010737	29.256666284112725	860.5404459454411	0.2016042254573449	740529.8591079786	0.0406442637222559	879.8588595942316	709.2078009276554	0.981761	20.572569	0.043460954047154	0.0271163508810719	-0.2141513997	-0.1174458805	0.0185998225	0.0510596605	0.1823979925	-0.0467356565	0.0754637216	-0.0923697878	0.0253692123	-0.0924567703	0.1203731264	-0.0464759893	0.2093559906	0.0340099153	0.0124769494	0.0485672383	0.0870195279	-0.0864809373	-0.0134523521	0.0060666303	0.0943943513	-0.0436148512	-0.036248572	0.0054556369	-0.0187920513	0.0233247677	0.0554345629	0.0775239979	0.0592757874	0.0756353214	-0.0234516587	-0.0039903757	-0.0368328844	0.0035605202	-0.0280376104	-0.0346802922	-0.0091585459	-0.0079647246	-0.0431358242	-0.002948994	-0.0452075361	0.2099648695	0.0473079575	0.0040744129	-0.0048792835	-0.031549228	0.1597703425	-0.0071103022	0.0814739454	0.0718885479	-0.0232018627	0.0386764234	-0.0296514102	0.0005677697	0.0243004344	0.0485586302	-0.0893953106	0.0209360831	0.0052999153	0.049318732	0.0349864501	-0.0137929291	-0.032038854	-0.0347345742	0.0297107827	0.1885759352	0.072574264	-0.1974603069	-0.0942469197	-0.026033866	0.018750454	0.0025199908	-0.1002256606	0.0176204202	0.0523270991	0.0555477691	-0.053781123	-0.0141020843	0.0107699365	-0.0209798681	0.0238089418	0.0277092201	0.1179989822	0.098427819	0.1191391522	-0.062265926	0.0069837089	0.0491154247	0.0525576599	-0.1289999139	0.1287014744	-0.1282045865	0.1275100165	0.0132733919433292	0.0011363011003028	1.2911801905493542e-06	0.0001761829336812	1.285998192686861	-0.0008122448749221	6.597417368373028e-07	1.6537913515938731	1.8104133591118483	-0.0249610069994197	3.277596530850646	0.000623051870425	0.0220694834527545	-4.306678355849719e-05	1.854747846074444e-09	0.0004870620998714	-0.012078201168034	-8.279126531990019e-05	0.0001458829434554	6.854393613270108e-09	0.0038603798678029	0.0002051699725717	1.4902532723737936e-05	4.20947176451131e-08	0.0	0.0	0.0	0.0	0.0	0.0	0.0	0.0	0.0
901.9086903806694	2.076165611553847	4.31046364659876	813439.2857841742	1008.069808174582	0.8800331564508497	1016204.7381531384	0.7744583564528457	860.6985893385266	0.1581433930855382	740802.0616893297	0.025009332776607	880.0824496541793	720.0795994994284	1.020343	21.381035	0.0919341274374806	0.0507965323240515	-0.1836612614	-0.1103049842	0.0006218797	-0.0222444524	0.1605196677	-0.0377762834	0.0631264458	-0.0093696719	-0.0154689648	-0.0615940164	0.0324208619	-0.0418020209	0.1644522696	0.0562653017	-0.0105838718	0.039633906	0.0385000476	0.015825432	-0.037403679	0.0399317	-0.0142698295	0.0409003496	0.0618994709	0.0035109269	-0.0130376382	-0.0070113421	-0.0081474748	-0.0303476407	0.0888907702	-0.0572268046	0.0331709811	-0.0455882138	0.0032208555	0.0061882189	0.0375880158	0.0803819569	0.0376744012	-0.023275998	0.010933517	0.0501607921	-0.0388883415	0.1743560772	0.0145743942	0.0239272139	0.0216446005	0.0518559894	0.0440807886	-0.0182000032	-0.0557946857	0.0288828822	-0.0750551485	-0.1034013994	0.0180781217	-0.0085229596	-0.0220051961	0.0271379106	0.106090231	0.0522543521	-0.0358108982	0.0009288868	-0.1061494575	0.0312531706	0.0025378893	0.0643672116	0.005996124	0.1641898759	0.0595761807	-0.1522645492	-0.0118668239	0.0355850492	0.0618604632	0.0128701752	-0.0269534991	-0.064311273	0.1345218451	-0.1416104566	-0.0801905691	0.0381661181	0.0306054933	0.0630188566	0.0796390119	0.0278743212	-0.085461723	0.1066752085	0.1796347649	-0.0964772818	-0.0476163937	-0.0071748902	-0.1485303635	-0.1290883846	0.1290552057	-0.1289999139	0.1289225186	0.0176635936236522	0.004390201680323	1.92738707939109e-05	0.0003120025397015	1.2468731226090028	-0.0391250700778582	0.0015307711085973	1.5546925838847254	1.778879240857094	-0.0315341182547543	3.164411353552311	0.0009944006141048	0.0219183505092413	-0.0001511329435131	2.284116661496406e-08	0.0004804140890459	-0.0120868985380779	-8.697370043900254e-06	0.0001460931162697	7.564424568053351e-11	0.0036825154328691	-0.0001778644349338	1.3560919913319094e-05	3.1635757214320027e-08	0.0	0.0	0.0	0.0	0.0	0.0	0.0	0.0	0.0
