
Wed Mar 11 12:06:25 CET 2026
cd /out/sourcedata/freesurfer/sub-v2s16x51312_ses-1
setenv SUBJECTS_DIR /out/sourcedata/freesurfer
/opt/freesurfer/bin/recon-all -autorecon1 -i /work/fmriprep_25_2_wf/sub_v2s16x51312_ses_1-2_wf/anat_fit_wf/anat_template_wf/anat_merge/sub-v2s16x51312_ses-1_run-1_T1w_noise_corrected_ras_template.nii.gz -noskullstrip -noT2pial -noFLAIRpial -openmp 16 -subjid sub-v2s16x51312_ses-1 -sd /out/sourcedata/freesurfer

subjid sub-v2s16x51312_ses-1
setenv SUBJECTS_DIR /out/sourcedata/freesurfer
FREESURFER_HOME /opt/freesurfer
Actual FREESURFER_HOME /opt/freesurfer
build-stamp.txt: freesurfer-linux-ubuntu22_x86_64-7.3.2-20220804-6354275
Linux dna043 5.14.0-427.37.1.el9_4.x86_64 #1 SMP PREEMPT_DYNAMIC Fri Sep 13 12:41:50 EDT 2024 x86_64 x86_64 x86_64 GNU/Linux
cputime      unlimited
filesize     unlimited
datasize     unlimited
stacksize    8192 kbytes
coredumpsize 0 kbytes
memoryuse    67108864 kbytes
vmemoryuse   unlimited
descriptors  1024 
memorylocked unlimited
maxproc      2061970 
maxlocks     unlimited
maxsignal    4126352 
maxmessage   819200 
maxnice      0 
maxrtprio    0 
maxrttime    unlimited

               total        used        free      shared  buff/cache   available
Mem:           1.0Ti        55Gi       913Gi        12Gi        38Gi       932Gi
Swap:             0B          0B          0B

########################################
program versions used
7.3.2 (freesurfer-linux-ubuntu22_x86_64-7.3.2-20220804-6354275)
7.3.2

ProgramName: lta_convert  ProgramArguments: lta_convert -all-info  ProgramVersion: 7.3.2  TimeStamp: 2026/03/11-11:06:25-GMT  BuildTime: Aug  4 2022 06:17:15  BuildStamp: freesurfer-linux-ubuntu22_x86_64-7.3.2-20220804-6354275  User: oesteban  Machine: dna043  Platform: Linux  PlatformVersion: 5.14.0-427.37.1.el9_4.x86_64  CompilerName: GCC  CompilerVersion: 8.4.0
ProgramName: mri_and  ProgramArguments: mri_and -all-info  ProgramVersion: 7.3.2  TimeStamp: 2026/03/11-11:06:25-GMT  BuildTime: Aug  4 2022 06:17:15  BuildStamp: freesurfer-linux-ubuntu22_x86_64-7.3.2-20220804-6354275  User: oesteban  Machine: dna043  Platform: Linux  PlatformVersion: 5.14.0-427.37.1.el9_4.x86_64  CompilerName: GCC  CompilerVersion: 8.4.0
ProgramName: mri_annotation2label  ProgramArguments: mri_annotation2label -all-info  ProgramVersion: 7.3.2  TimeStamp: 2026/03/11-11:06:25-GMT  BuildTime: Aug  4 2022 06:17:15  BuildStamp: freesurfer-linux-ubuntu22_x86_64-7.3.2-20220804-6354275  User: oesteban  Machine: dna043  Platform: Linux  PlatformVersion: 5.14.0-427.37.1.el9_4.x86_64  CompilerName: GCC  CompilerVersion: 8.4.0
ProgramName: mri_aparc2aseg  ProgramArguments: mri_aparc2aseg -all-info  ProgramVersion: 7.3.2  TimeStamp: 2026/03/11-11:06:25-GMT  BuildTime: Aug  4 2022 06:17:15  BuildStamp: freesurfer-linux-ubuntu22_x86_64-7.3.2-20220804-6354275  User: oesteban  Machine: dna043  Platform: Linux  PlatformVersion: 5.14.0-427.37.1.el9_4.x86_64  CompilerName: GCC  CompilerVersion: 8.4.0
ProgramName: mri_surf2volseg  ProgramArguments: mri_surf2volseg -all-info  ProgramVersion: 7.3.2  TimeStamp: 2026/03/11-11:06:25-GMT  BuildTime: Aug  4 2022 06:17:15  BuildStamp: freesurfer-linux-ubuntu22_x86_64-7.3.2-20220804-6354275  User: oesteban  Machine: dna043  Platform: Linux  PlatformVersion: 5.14.0-427.37.1.el9_4.x86_64  CompilerName: GCC  CompilerVersion: 8.4.0
ProgramName: mri_binarize  ProgramArguments: mri_binarize -all-info  ProgramVersion: 7.3.2  TimeStamp: 2026/03/11-11:06:25-GMT  BuildTime: Aug  4 2022 06:17:15  BuildStamp: freesurfer-linux-ubuntu22_x86_64-7.3.2-20220804-6354275  User: oesteban  Machine: dna043  Platform: Linux  PlatformVersion: 5.14.0-427.37.1.el9_4.x86_64  CompilerName: GCC  CompilerVersion: 8.4.0
ProgramName: mri_ca_label  ProgramArguments: mri_ca_label -all-info  ProgramVersion: 7.3.2  TimeStamp: 2026/03/11-11:06:25-GMT  BuildTime: Aug  4 2022 06:17:15  BuildStamp: freesurfer-linux-ubuntu22_x86_64-7.3.2-20220804-6354275  User: oesteban  Machine: dna043  Platform: Linux  PlatformVersion: 5.14.0-427.37.1.el9_4.x86_64  CompilerName: GCC  CompilerVersion: 8.4.0
ProgramName: mri_ca_normalize  ProgramArguments: mri_ca_normalize -all-info  ProgramVersion: 7.3.2  TimeStamp: 2026/03/11-11:06:25-GMT  BuildTime: Aug  4 2022 06:17:15  BuildStamp: freesurfer-linux-ubuntu22_x86_64-7.3.2-20220804-6354275  User: oesteban  Machine: dna043  Platform: Linux  PlatformVersion: 5.14.0-427.37.1.el9_4.x86_64  CompilerName: GCC  CompilerVersion: 8.4.0
ProgramName: mri_ca_register  ProgramArguments: mri_ca_register -all-info  ProgramVersion: 7.3.2  TimeStamp: 2026/03/11-11:06:25-GMT  BuildTime: Aug  4 2022 06:17:15  BuildStamp: freesurfer-linux-ubuntu22_x86_64-7.3.2-20220804-6354275  User: oesteban  Machine: dna043  Platform: Linux  PlatformVersion: 5.14.0-427.37.1.el9_4.x86_64  CompilerName: GCC  CompilerVersion: 8.4.0
ProgramName: mri_cc  ProgramArguments: mri_cc -all-info  ProgramVersion: 7.3.2  TimeStamp: 2026/03/11-11:06:25-GMT  BuildTime: Aug  4 2022 06:17:15  BuildStamp: freesurfer-linux-ubuntu22_x86_64-7.3.2-20220804-6354275  User: oesteban  Machine: dna043  Platform: Linux  PlatformVersion: 5.14.0-427.37.1.el9_4.x86_64  CompilerName: GCC  CompilerVersion: 8.4.0
ProgramName: mri_compute_overlap  ProgramArguments: mri_compute_overlap -all-info  ProgramVersion: 7.3.2  TimeStamp: 2026/03/11-11:06:25-GMT  BuildTime: Aug  4 2022 06:17:15  BuildStamp: freesurfer-linux-ubuntu22_x86_64-7.3.2-20220804-6354275  User: oesteban  Machine: dna043  Platform: Linux  PlatformVersion: 5.14.0-427.37.1.el9_4.x86_64  CompilerName: GCC  CompilerVersion: 8.4.0
ProgramName: mri_compute_seg_overlap  ProgramArguments: mri_compute_seg_overlap -all-info  ProgramVersion: 7.3.2  TimeStamp: 2026/03/11-11:06:25-GMT  BuildTime: Aug  4 2022 06:17:15  BuildStamp: freesurfer-linux-ubuntu22_x86_64-7.3.2-20220804-6354275  User: oesteban  Machine: dna043  Platform: Linux  PlatformVersion: 5.14.0-427.37.1.el9_4.x86_64  CompilerName: GCC  CompilerVersion: 8.4.0
ProgramName: mri_concat  ProgramArguments: mri_concat -all-info  ProgramVersion: 7.3.2  TimeStamp: 2026/03/11-11:06:25-GMT  BuildTime: Aug  4 2022 06:17:15  BuildStamp: freesurfer-linux-ubuntu22_x86_64-7.3.2-20220804-6354275  User: oesteban  Machine: dna043  Platform: Linux  PlatformVersion: 5.14.0-427.37.1.el9_4.x86_64  CompilerName: GCC  CompilerVersion: 8.4.0
ProgramName: mri_concatenate_lta  ProgramArguments: mri_concatenate_lta -all-info  ProgramVersion: 7.3.2  TimeStamp: 2026/03/11-11:06:25-GMT  BuildTime: Aug  4 2022 06:17:15  BuildStamp: freesurfer-linux-ubuntu22_x86_64-7.3.2-20220804-6354275  User: oesteban  Machine: dna043  Platform: Linux  PlatformVersion: 5.14.0-427.37.1.el9_4.x86_64  CompilerName: GCC  CompilerVersion: 8.4.0
mri_convert -all-info 
ProgramName: mri_convert  ProgramArguments: mri_convert -all-info  ProgramVersion: 7.3.2  TimeStamp: 2026/03/11-11:06:25-GMT  BuildTime: Aug  4 2022 06:17:15  BuildStamp: freesurfer-linux-ubuntu22_x86_64-7.3.2-20220804-6354275  User: oesteban  Machine: dna043  Platform: Linux  PlatformVersion: 5.14.0-427.37.1.el9_4.x86_64  CompilerName: GCC  CompilerVersion: 8.4.0
ProgramName: mri_diff  ProgramArguments: mri_diff -all-info  ProgramVersion: 7.3.2  TimeStamp: 2026/03/11-11:06:25-GMT  BuildTime: Aug  4 2022 06:17:15  BuildStamp: freesurfer-linux-ubuntu22_x86_64-7.3.2-20220804-6354275  User: oesteban  Machine: dna043  Platform: Linux  PlatformVersion: 5.14.0-427.37.1.el9_4.x86_64  CompilerName: GCC  CompilerVersion: 8.4.0
ProgramName: mri_edit_wm_with_aseg  ProgramArguments: mri_edit_wm_with_aseg -all-info  ProgramVersion: 7.3.2  TimeStamp: 2026/03/11-11:06:25-GMT  BuildTime: Aug  4 2022 06:17:15  BuildStamp: freesurfer-linux-ubuntu22_x86_64-7.3.2-20220804-6354275  User: oesteban  Machine: dna043  Platform: Linux  PlatformVersion: 5.14.0-427.37.1.el9_4.x86_64  CompilerName: GCC  CompilerVersion: 8.4.0
ProgramName: mri_em_register  ProgramArguments: mri_em_register -all-info  ProgramVersion: 7.3.2  TimeStamp: 2026/03/11-11:06:25-GMT  BuildTime: Aug  4 2022 06:17:15  BuildStamp: freesurfer-linux-ubuntu22_x86_64-7.3.2-20220804-6354275  User: oesteban  Machine: dna043  Platform: Linux  PlatformVersion: 5.14.0-427.37.1.el9_4.x86_64  CompilerName: GCC  CompilerVersion: 8.4.0
ProgramName: mri_fill  ProgramArguments: mri_fill -all-info  ProgramVersion: 7.3.2  TimeStamp: 2026/03/11-11:06:25-GMT  BuildTime: Aug  4 2022 06:17:15  BuildStamp: freesurfer-linux-ubuntu22_x86_64-7.3.2-20220804-6354275  User: oesteban  Machine: dna043  Platform: Linux  PlatformVersion: 5.14.0-427.37.1.el9_4.x86_64  CompilerName: GCC  CompilerVersion: 8.4.0
ProgramName: mri_fuse_segmentations  ProgramArguments: mri_fuse_segmentations -all-info  ProgramVersion: 7.3.2  TimeStamp: 2026/03/11-11:06:25-GMT  BuildTime: Aug  4 2022 06:17:15  BuildStamp: freesurfer-linux-ubuntu22_x86_64-7.3.2-20220804-6354275  User: oesteban  Machine: dna043  Platform: Linux  PlatformVersion: 5.14.0-427.37.1.el9_4.x86_64  CompilerName: GCC  CompilerVersion: 8.4.0
ProgramName: mri_fwhm  ProgramArguments: mri_fwhm -all-info  ProgramVersion: 7.3.2  TimeStamp: 2026/03/11-11:06:25-GMT  BuildTime: Aug  4 2022 06:17:15  BuildStamp: freesurfer-linux-ubuntu22_x86_64-7.3.2-20220804-6354275  User: oesteban  Machine: dna043  Platform: Linux  PlatformVersion: 5.14.0-427.37.1.el9_4.x86_64  CompilerName: GCC  CompilerVersion: 8.4.0
ProgramName: mri_gcut  ProgramArguments: mri_gcut -all-info  ProgramVersion: 7.3.2  TimeStamp: 2026/03/11-11:06:25-GMT  BuildTime: Aug  4 2022 06:17:15  BuildStamp: freesurfer-linux-ubuntu22_x86_64-7.3.2-20220804-6354275  User: oesteban  Machine: dna043  Platform: Linux  PlatformVersion: 5.14.0-427.37.1.el9_4.x86_64  CompilerName: GCC  CompilerVersion: 8.4.0
ProgramName: mri_info  ProgramArguments: mri_info -all-info  ProgramVersion: 7.3.2  TimeStamp: 2026/03/11-11:06:25-GMT  BuildTime: Aug  4 2022 06:17:15  BuildStamp: freesurfer-linux-ubuntu22_x86_64-7.3.2-20220804-6354275  User: oesteban  Machine: dna043  Platform: Linux  PlatformVersion: 5.14.0-427.37.1.el9_4.x86_64  CompilerName: GCC  CompilerVersion: 8.4.0
ProgramName: mri_label2label  ProgramArguments: mri_label2label -all-info  ProgramVersion: 7.3.2  TimeStamp: 2026/03/11-11:06:25-GMT  BuildTime: Aug  4 2022 06:17:15  BuildStamp: freesurfer-linux-ubuntu22_x86_64-7.3.2-20220804-6354275  User: oesteban  Machine: dna043  Platform: Linux  PlatformVersion: 5.14.0-427.37.1.el9_4.x86_64  CompilerName: GCC  CompilerVersion: 8.4.0
ProgramName: mri_label2vol  ProgramArguments: mri_label2vol -all-info  ProgramVersion: 7.3.2  TimeStamp: 2026/03/11-11:06:25-GMT  BuildTime: Aug  4 2022 06:17:15  BuildStamp: freesurfer-linux-ubuntu22_x86_64-7.3.2-20220804-6354275  User: oesteban  Machine: dna043  Platform: Linux  PlatformVersion: 5.14.0-427.37.1.el9_4.x86_64  CompilerName: GCC  CompilerVersion: 8.4.0
ProgramName: mri_log_likelihood  ProgramArguments: mri_log_likelihood -all-info  ProgramVersion: 7.3.2  TimeStamp: 2026/03/11-11:06:25-GMT  BuildTime: Aug  4 2022 06:17:15  BuildStamp: freesurfer-linux-ubuntu22_x86_64-7.3.2-20220804-6354275  User: oesteban  Machine: dna043  Platform: Linux  PlatformVersion: 5.14.0-427.37.1.el9_4.x86_64  CompilerName: GCC  CompilerVersion: 8.4.0
ProgramName: mri_mask  ProgramArguments: mri_mask -all-info  ProgramVersion: 7.3.2  TimeStamp: 2026/03/11-11:06:25-GMT  BuildTime: Aug  4 2022 06:17:15  BuildStamp: freesurfer-linux-ubuntu22_x86_64-7.3.2-20220804-6354275  User: oesteban  Machine: dna043  Platform: Linux  PlatformVersion: 5.14.0-427.37.1.el9_4.x86_64  CompilerName: GCC  CompilerVersion: 8.4.0
ProgramName: mri_matrix_multiply  ProgramArguments: mri_matrix_multiply -all-info  ProgramVersion: 7.3.2  TimeStamp: 2026/03/11-11:06:25-GMT  BuildTime: Aug  4 2022 06:17:15  BuildStamp: freesurfer-linux-ubuntu22_x86_64-7.3.2-20220804-6354275  User: oesteban  Machine: dna043  Platform: Linux  PlatformVersion: 5.14.0-427.37.1.el9_4.x86_64  CompilerName: GCC  CompilerVersion: 8.4.0
ProgramName: mri_normalize  ProgramArguments: mri_normalize -all-info  ProgramVersion: 7.3.2  TimeStamp: 2026/03/11-11:06:25-GMT  BuildTime: Aug  4 2022 06:17:15  BuildStamp: freesurfer-linux-ubuntu22_x86_64-7.3.2-20220804-6354275  User: oesteban  Machine: dna043  Platform: Linux  PlatformVersion: 5.14.0-427.37.1.el9_4.x86_64  CompilerName: GCC  CompilerVersion: 8.4.0
ProgramName: mri_normalize_tp2  ProgramArguments: mri_normalize_tp2 -all-info  ProgramVersion: 7.3.2  TimeStamp: 2026/03/11-11:06:25-GMT  BuildTime: Aug  4 2022 06:17:15  BuildStamp: freesurfer-linux-ubuntu22_x86_64-7.3.2-20220804-6354275  User: oesteban  Machine: dna043  Platform: Linux  PlatformVersion: 5.14.0-427.37.1.el9_4.x86_64  CompilerName: GCC  CompilerVersion: 8.4.0
ProgramName: mri_or  ProgramArguments: mri_or -all-info  ProgramVersion: 7.3.2  TimeStamp: 2026/03/11-11:06:25-GMT  BuildTime: Aug  4 2022 06:17:15  BuildStamp: freesurfer-linux-ubuntu22_x86_64-7.3.2-20220804-6354275  User: oesteban  Machine: dna043  Platform: Linux  PlatformVersion: 5.14.0-427.37.1.el9_4.x86_64  CompilerName: GCC  CompilerVersion: 8.4.0
ProgramName: mri_relabel_hypointensities  ProgramArguments: mri_relabel_hypointensities -all-info  ProgramVersion: 7.3.2  TimeStamp: 2026/03/11-11:06:25-GMT  BuildTime: Aug  4 2022 06:17:15  BuildStamp: freesurfer-linux-ubuntu22_x86_64-7.3.2-20220804-6354275  User: oesteban  Machine: dna043  Platform: Linux  PlatformVersion: 5.14.0-427.37.1.el9_4.x86_64  CompilerName: GCC  CompilerVersion: 8.4.0
ProgramName: mri_relabel_nonwm_hypos  ProgramArguments: mri_relabel_nonwm_hypos -all-info  ProgramVersion: 7.3.2  TimeStamp: 2026/03/11-11:06:25-GMT  BuildTime: Aug  4 2022 06:17:15  BuildStamp: freesurfer-linux-ubuntu22_x86_64-7.3.2-20220804-6354275  User: oesteban  Machine: dna043  Platform: Linux  PlatformVersion: 5.14.0-427.37.1.el9_4.x86_64  CompilerName: GCC  CompilerVersion: 8.4.0
ProgramName: mri_remove_neck  ProgramArguments: mri_remove_neck -all-info  ProgramVersion: 7.3.2  TimeStamp: 2026/03/11-11:06:25-GMT  BuildTime: Aug  4 2022 06:17:15  BuildStamp: freesurfer-linux-ubuntu22_x86_64-7.3.2-20220804-6354275  User: oesteban  Machine: dna043  Platform: Linux  PlatformVersion: 5.14.0-427.37.1.el9_4.x86_64  CompilerName: GCC  CompilerVersion: 8.4.0
7.3.2

ProgramName: mri_robust_register  ProgramArguments: mri_robust_register -all-info  ProgramVersion: 7.3.2  TimeStamp: 2026/03/11-11:06:25-GMT  BuildTime: Aug  4 2022 06:17:15  BuildStamp: freesurfer-linux-ubuntu22_x86_64-7.3.2-20220804-6354275  User: oesteban  Machine: dna043  Platform: Linux  PlatformVersion: 5.14.0-427.37.1.el9_4.x86_64  CompilerName: GCC  CompilerVersion: 8.4.0
7.3.2

ProgramName: mri_robust_template  ProgramArguments: mri_robust_template -all-info  ProgramVersion: 7.3.2  TimeStamp: 2026/03/11-11:06:25-GMT  BuildTime: Aug  4 2022 06:17:15  BuildStamp: freesurfer-linux-ubuntu22_x86_64-7.3.2-20220804-6354275  User: oesteban  Machine: dna043  Platform: Linux  PlatformVersion: 5.14.0-427.37.1.el9_4.x86_64  CompilerName: GCC  CompilerVersion: 8.4.0
ProgramName: mris_anatomical_stats  ProgramArguments: mris_anatomical_stats -all-info  ProgramVersion: 7.3.2  TimeStamp: 2026/03/11-11:06:25-GMT  BuildTime: Aug  4 2022 06:17:15  BuildStamp: freesurfer-linux-ubuntu22_x86_64-7.3.2-20220804-6354275  User: oesteban  Machine: dna043  Platform: Linux  PlatformVersion: 5.14.0-427.37.1.el9_4.x86_64  CompilerName: GCC  CompilerVersion: 8.4.0
ProgramName: mris_ca_label  ProgramArguments: mris_ca_label -all-info  ProgramVersion: 7.3.2  TimeStamp: 2026/03/11-11:06:25-GMT  BuildTime: Aug  4 2022 06:17:15  BuildStamp: freesurfer-linux-ubuntu22_x86_64-7.3.2-20220804-6354275  User: oesteban  Machine: dna043  Platform: Linux  PlatformVersion: 5.14.0-427.37.1.el9_4.x86_64  CompilerName: GCC  CompilerVersion: 8.4.0
ProgramName: mris_calc  ProgramArguments: mris_calc -all-info  ProgramVersion: 7.3.2  TimeStamp: 2026/03/11-11:06:25-GMT  BuildTime: Aug  4 2022 06:17:15  BuildStamp: freesurfer-linux-ubuntu22_x86_64-7.3.2-20220804-6354275  User: oesteban  Machine: dna043  Platform: Linux  PlatformVersion: 5.14.0-427.37.1.el9_4.x86_64  CompilerName: GCC  CompilerVersion: 8.4.0
ProgramName: mris_convert  ProgramArguments: mris_convert -all-info  ProgramVersion: 7.3.2  TimeStamp: 2026/03/11-11:06:25-GMT  BuildTime: Aug  4 2022 06:17:15  BuildStamp: freesurfer-linux-ubuntu22_x86_64-7.3.2-20220804-6354275  User: oesteban  Machine: dna043  Platform: Linux  PlatformVersion: 5.14.0-427.37.1.el9_4.x86_64  CompilerName: GCC  CompilerVersion: 8.4.0
ProgramName: mris_curvature  ProgramArguments: mris_curvature -all-info  ProgramVersion: 7.3.2  TimeStamp: 2026/03/11-11:06:25-GMT  BuildTime: Aug  4 2022 06:17:15  BuildStamp: freesurfer-linux-ubuntu22_x86_64-7.3.2-20220804-6354275  User: oesteban  Machine: dna043  Platform: Linux  PlatformVersion: 5.14.0-427.37.1.el9_4.x86_64  CompilerName: GCC  CompilerVersion: 8.4.0
ProgramName: mris_curvature_stats  ProgramArguments: mris_curvature_stats -all-info  ProgramVersion: 7.3.2  TimeStamp: 2026/03/11-11:06:25-GMT  BuildTime: Aug  4 2022 06:17:15  BuildStamp: freesurfer-linux-ubuntu22_x86_64-7.3.2-20220804-6354275  User: oesteban  Machine: dna043  Platform: Linux  PlatformVersion: 5.14.0-427.37.1.el9_4.x86_64  CompilerName: GCC  CompilerVersion: 8.4.0
ProgramName: mris_diff  ProgramArguments: mris_diff -all-info  ProgramVersion: 7.3.2  TimeStamp: 2026/03/11-11:06:25-GMT  BuildTime: Aug  4 2022 06:17:15  BuildStamp: freesurfer-linux-ubuntu22_x86_64-7.3.2-20220804-6354275  User: oesteban  Machine: dna043  Platform: Linux  PlatformVersion: 5.14.0-427.37.1.el9_4.x86_64  CompilerName: GCC  CompilerVersion: 8.4.0
ProgramName: mris_divide_parcellation  ProgramArguments: mris_divide_parcellation -all-info  ProgramVersion: 7.3.2  TimeStamp: 2026/03/11-11:06:25-GMT  BuildTime: Aug  4 2022 06:17:15  BuildStamp: freesurfer-linux-ubuntu22_x86_64-7.3.2-20220804-6354275  User: oesteban  Machine: dna043  Platform: Linux  PlatformVersion: 5.14.0-427.37.1.el9_4.x86_64  CompilerName: GCC  CompilerVersion: 8.4.0
ProgramName: mri_segment  ProgramArguments: mri_segment -all-info  ProgramVersion: 7.3.2  TimeStamp: 2026/03/11-11:06:25-GMT  BuildTime: Aug  4 2022 06:17:15  BuildStamp: freesurfer-linux-ubuntu22_x86_64-7.3.2-20220804-6354275  User: oesteban  Machine: dna043  Platform: Linux  PlatformVersion: 5.14.0-427.37.1.el9_4.x86_64  CompilerName: GCC  CompilerVersion: 8.4.0
ProgramName: mri_segstats  ProgramArguments: mri_segstats -all-info  ProgramVersion: 7.3.2  TimeStamp: 2026/03/11-11:06:25-GMT  BuildTime: Aug  4 2022 06:17:15  BuildStamp: freesurfer-linux-ubuntu22_x86_64-7.3.2-20220804-6354275  User: oesteban  Machine: dna043  Platform: Linux  PlatformVersion: 5.14.0-427.37.1.el9_4.x86_64  CompilerName: GCC  CompilerVersion: 8.4.0
ProgramName: mris_euler_number  ProgramArguments: mris_euler_number -all-info  ProgramVersion: 7.3.2  TimeStamp: 2026/03/11-11:06:25-GMT  BuildTime: Aug  4 2022 06:17:15  BuildStamp: freesurfer-linux-ubuntu22_x86_64-7.3.2-20220804-6354275  User: oesteban  Machine: dna043  Platform: Linux  PlatformVersion: 5.14.0-427.37.1.el9_4.x86_64  CompilerName: GCC  CompilerVersion: 8.4.0
ProgramName: mris_fix_topology  ProgramArguments: mris_fix_topology -all-info  ProgramVersion: 7.3.2  TimeStamp: 2026/03/11-11:06:25-GMT  BuildTime: Aug  4 2022 06:17:15  BuildStamp: freesurfer-linux-ubuntu22_x86_64-7.3.2-20220804-6354275  User: oesteban  Machine: dna043  Platform: Linux  PlatformVersion: 5.14.0-427.37.1.el9_4.x86_64  CompilerName: GCC  CompilerVersion: 8.4.0
ProgramName: mris_topo_fixer  ProgramArguments: mris_topo_fixer -all-info  ProgramVersion: 7.3.2  TimeStamp: 2026/03/11-11:06:25-GMT  BuildTime: Aug  4 2022 06:17:15  BuildStamp: freesurfer-linux-ubuntu22_x86_64-7.3.2-20220804-6354275  User: oesteban  Machine: dna043  Platform: Linux  PlatformVersion: 5.14.0-427.37.1.el9_4.x86_64  CompilerName: GCC  CompilerVersion: 8.4.0
ProgramName: mris_jacobian  ProgramArguments: mris_jacobian -all-info  ProgramVersion: 7.3.2  TimeStamp: 2026/03/11-11:06:25-GMT  BuildTime: Aug  4 2022 06:17:15  BuildStamp: freesurfer-linux-ubuntu22_x86_64-7.3.2-20220804-6354275  User: oesteban  Machine: dna043  Platform: Linux  PlatformVersion: 5.14.0-427.37.1.el9_4.x86_64  CompilerName: GCC  CompilerVersion: 8.4.0
ProgramName: mris_label2annot  ProgramArguments: mris_label2annot -all-info  ProgramVersion: 7.3.2  TimeStamp: 2026/03/11-11:06:25-GMT  BuildTime: Aug  4 2022 06:17:15  BuildStamp: freesurfer-linux-ubuntu22_x86_64-7.3.2-20220804-6354275  User: oesteban  Machine: dna043  Platform: Linux  PlatformVersion: 5.14.0-427.37.1.el9_4.x86_64  CompilerName: GCC  CompilerVersion: 8.4.0
ProgramName: mris_left_right_register  ProgramArguments: mris_left_right_register -all-info  ProgramVersion: 7.3.2  TimeStamp: 2026/03/11-11:06:25-GMT  BuildTime: Aug  4 2022 06:17:15  BuildStamp: freesurfer-linux-ubuntu22_x86_64-7.3.2-20220804-6354275  User: oesteban  Machine: dna043  Platform: Linux  PlatformVersion: 5.14.0-427.37.1.el9_4.x86_64  CompilerName: GCC  CompilerVersion: 8.4.0
ProgramName: mris_place_surface  ProgramArguments: mris_place_surface -all-info  ProgramVersion: 7.3.2  TimeStamp: 2026/03/11-11:06:25-GMT  BuildTime: Aug  4 2022 06:17:15  BuildStamp: freesurfer-linux-ubuntu22_x86_64-7.3.2-20220804-6354275  User: oesteban  Machine: dna043  Platform: Linux  PlatformVersion: 5.14.0-427.37.1.el9_4.x86_64  CompilerName: GCC  CompilerVersion: 8.4.0
ProgramName: mrisp_paint  ProgramArguments: mrisp_paint -all-info  ProgramVersion: 7.3.2  TimeStamp: 2026/03/11-11:06:25-GMT  BuildTime: Aug  4 2022 06:17:15  BuildStamp: freesurfer-linux-ubuntu22_x86_64-7.3.2-20220804-6354275  User: oesteban  Machine: dna043  Platform: Linux  PlatformVersion: 5.14.0-427.37.1.el9_4.x86_64  CompilerName: GCC  CompilerVersion: 8.4.0
ProgramName: mris_register  ProgramArguments: mris_register -all-info  ProgramVersion: 7.3.2  TimeStamp: 2026/03/11-11:06:25-GMT  BuildTime: Aug  4 2022 06:17:15  BuildStamp: freesurfer-linux-ubuntu22_x86_64-7.3.2-20220804-6354275  User: oesteban  Machine: dna043  Platform: Linux  PlatformVersion: 5.14.0-427.37.1.el9_4.x86_64  CompilerName: GCC  CompilerVersion: 8.4.0
ProgramName: mris_smooth  ProgramArguments: mris_smooth -all-info  ProgramVersion: 7.3.2  TimeStamp: 2026/03/11-11:06:25-GMT  BuildTime: Aug  4 2022 06:17:15  BuildStamp: freesurfer-linux-ubuntu22_x86_64-7.3.2-20220804-6354275  User: oesteban  Machine: dna043  Platform: Linux  PlatformVersion: 5.14.0-427.37.1.el9_4.x86_64  CompilerName: GCC  CompilerVersion: 8.4.0
ProgramName: mris_sphere  ProgramArguments: mris_sphere -all-info  ProgramVersion: 7.3.2  TimeStamp: 2026/03/11-11:06:25-GMT  BuildTime: Aug  4 2022 06:17:15  BuildStamp: freesurfer-linux-ubuntu22_x86_64-7.3.2-20220804-6354275  User: oesteban  Machine: dna043  Platform: Linux  PlatformVersion: 5.14.0-427.37.1.el9_4.x86_64  CompilerName: GCC  CompilerVersion: 8.4.0
ProgramName: mris_surface_stats  ProgramArguments: mris_surface_stats -all-info  ProgramVersion: 7.3.2  TimeStamp: 2026/03/11-11:06:25-GMT  BuildTime: Aug  4 2022 06:17:15  BuildStamp: freesurfer-linux-ubuntu22_x86_64-7.3.2-20220804-6354275  User: oesteban  Machine: dna043  Platform: Linux  PlatformVersion: 5.14.0-427.37.1.el9_4.x86_64  CompilerName: GCC  CompilerVersion: 8.4.0
ProgramName: mri_stats2seg  ProgramArguments: mri_stats2seg -all-info  ProgramVersion: 7.3.2  TimeStamp: 2026/03/11-11:06:25-GMT  BuildTime: Aug  4 2022 06:17:15  BuildStamp: freesurfer-linux-ubuntu22_x86_64-7.3.2-20220804-6354275  User: oesteban  Machine: dna043  Platform: Linux  PlatformVersion: 5.14.0-427.37.1.el9_4.x86_64  CompilerName: GCC  CompilerVersion: 8.4.0
ProgramName: mris_thickness  ProgramArguments: mris_thickness -all-info  ProgramVersion: 7.3.2  TimeStamp: 2026/03/11-11:06:25-GMT  BuildTime: Aug  4 2022 06:17:15  BuildStamp: freesurfer-linux-ubuntu22_x86_64-7.3.2-20220804-6354275  User: oesteban  Machine: dna043  Platform: Linux  PlatformVersion: 5.14.0-427.37.1.el9_4.x86_64  CompilerName: GCC  CompilerVersion: 8.4.0
ProgramName: mris_thickness_diff  ProgramArguments: mris_thickness_diff -all-info  ProgramVersion: 7.3.2  TimeStamp: 2026/03/11-11:06:25-GMT  BuildTime: Aug  4 2022 06:17:15  BuildStamp: freesurfer-linux-ubuntu22_x86_64-7.3.2-20220804-6354275  User: oesteban  Machine: dna043  Platform: Linux  PlatformVersion: 5.14.0-427.37.1.el9_4.x86_64  CompilerName: GCC  CompilerVersion: 8.4.0
ProgramName: mris_topo_fixer  ProgramArguments: mris_topo_fixer -all-info  ProgramVersion: 7.3.2  TimeStamp: 2026/03/11-11:06:25-GMT  BuildTime: Aug  4 2022 06:17:15  BuildStamp: freesurfer-linux-ubuntu22_x86_64-7.3.2-20220804-6354275  User: oesteban  Machine: dna043  Platform: Linux  PlatformVersion: 5.14.0-427.37.1.el9_4.x86_64  CompilerName: GCC  CompilerVersion: 8.4.0
ProgramName: mri_surf2surf  ProgramArguments: mri_surf2surf -all-info  ProgramVersion: 7.3.2  TimeStamp: 2026/03/11-11:06:25-GMT  BuildTime: Aug  4 2022 06:17:15  BuildStamp: freesurfer-linux-ubuntu22_x86_64-7.3.2-20220804-6354275  User: oesteban  Machine: dna043  Platform: Linux  PlatformVersion: 5.14.0-427.37.1.el9_4.x86_64  CompilerName: GCC  CompilerVersion: 8.4.0
ProgramName: mri_surf2vol  ProgramArguments: mri_surf2vol -all-info  ProgramVersion: 7.3.2  TimeStamp: 2026/03/11-11:06:25-GMT  BuildTime: Aug  4 2022 06:17:15  BuildStamp: freesurfer-linux-ubuntu22_x86_64-7.3.2-20220804-6354275  User: oesteban  Machine: dna043  Platform: Linux  PlatformVersion: 5.14.0-427.37.1.el9_4.x86_64  CompilerName: GCC  CompilerVersion: 8.4.0
ProgramName: mri_surfcluster  ProgramArguments: mri_surfcluster -all-info  ProgramVersion: 7.3.2  TimeStamp: 2026/03/11-11:06:25-GMT  BuildTime: Aug  4 2022 06:17:15  BuildStamp: freesurfer-linux-ubuntu22_x86_64-7.3.2-20220804-6354275  User: oesteban  Machine: dna043  Platform: Linux  PlatformVersion: 5.14.0-427.37.1.el9_4.x86_64  CompilerName: GCC  CompilerVersion: 8.4.0
ProgramName: mris_volmask  ProgramArguments: mris_volmask -all-info  ProgramVersion: 7.3.2  TimeStamp: 2026/03/11-11:06:25-GMT  BuildTime: Aug  4 2022 06:17:15  BuildStamp: freesurfer-linux-ubuntu22_x86_64-7.3.2-20220804-6354275  User: oesteban  Machine: dna043  Platform: Linux  PlatformVersion: 5.14.0-427.37.1.el9_4.x86_64  CompilerName: GCC  CompilerVersion: 8.4.0
ProgramName: mri_tessellate  ProgramArguments: mri_tessellate -all-info  ProgramVersion: 7.3.2  TimeStamp: 2026/03/11-11:06:25-GMT  BuildTime: Aug  4 2022 06:17:15  BuildStamp: freesurfer-linux-ubuntu22_x86_64-7.3.2-20220804-6354275  User: oesteban  Machine: dna043  Platform: Linux  PlatformVersion: 5.14.0-427.37.1.el9_4.x86_64  CompilerName: GCC  CompilerVersion: 8.4.0
ProgramName: mri_vol2surf  ProgramArguments: mri_vol2surf -all-info  ProgramVersion: 7.3.2  TimeStamp: 2026/03/11-11:06:25-GMT  BuildTime: Aug  4 2022 06:17:15  BuildStamp: freesurfer-linux-ubuntu22_x86_64-7.3.2-20220804-6354275  User: oesteban  Machine: dna043  Platform: Linux  PlatformVersion: 5.14.0-427.37.1.el9_4.x86_64  CompilerName: GCC  CompilerVersion: 8.4.0
ProgramName: mri_vol2vol  ProgramArguments: mri_vol2vol -all-info  ProgramVersion: 7.3.2  TimeStamp: 2026/03/11-11:06:25-GMT  BuildTime: Aug  4 2022 06:17:15  BuildStamp: freesurfer-linux-ubuntu22_x86_64-7.3.2-20220804-6354275  User: oesteban  Machine: dna043  Platform: Linux  PlatformVersion: 5.14.0-427.37.1.el9_4.x86_64  CompilerName: GCC  CompilerVersion: 8.4.0
ProgramName: mri_voldiff  ProgramArguments: mri_voldiff -all-info  ProgramVersion: 7.3.2  TimeStamp: 2026/03/11-11:06:25-GMT  BuildTime: Aug  4 2022 06:17:15  BuildStamp: freesurfer-linux-ubuntu22_x86_64-7.3.2-20220804-6354275  User: oesteban  Machine: dna043  Platform: Linux  PlatformVersion: 5.14.0-427.37.1.el9_4.x86_64  CompilerName: GCC  CompilerVersion: 8.4.0
ProgramName: mri_watershed  ProgramArguments: mri_watershed -all-info  ProgramVersion: 7.3.2  TimeStamp: 2026/03/11-11:06:25-GMT  BuildTime: Aug  4 2022 06:17:15  BuildStamp: freesurfer-linux-ubuntu22_x86_64-7.3.2-20220804-6354275  User: oesteban  Machine: dna043  Platform: Linux  PlatformVersion: 5.14.0-427.37.1.el9_4.x86_64  CompilerName: GCC  CompilerVersion: 8.4.0
ProgramName: tkregister2  ProgramArguments: tkregister2_cmdl -all-info  ProgramVersion: 7.3.2  TimeStamp: 2026/03/11-11:06:25-GMT  BuildTime: Aug  4 2022 06:17:15  BuildStamp: freesurfer-linux-ubuntu22_x86_64-7.3.2-20220804-6354275  User: oesteban  Machine: dna043  Platform: Linux  PlatformVersion: 5.14.0-427.37.1.el9_4.x86_64  CompilerName: GCC  CompilerVersion: 8.4.0
mri_motion_correct.fsl 7.3.2
mri_convert -all-info 
ProgramName: mri_convert  ProgramArguments: mri_convert -all-info  ProgramVersion: 7.3.2  TimeStamp: 2026/03/11-11:06:25-GMT  BuildTime: Aug  4 2022 06:17:15  BuildStamp: freesurfer-linux-ubuntu22_x86_64-7.3.2-20220804-6354275  User: oesteban  Machine: dna043  Platform: Linux  PlatformVersion: 5.14.0-427.37.1.el9_4.x86_64  CompilerName: GCC  CompilerVersion: 8.4.0
Program nu_correct, built from:
Package MNI N3, version 1.12.0, compiled by nicks@terrier (x86_64-unknown-linux-gnu) on 2015-06-19 at 01:25:34
#######################################
GCADIR /opt/freesurfer/average
GCA RB_all_2020-01-02.gca
GCASkull RB_all_withskull_2020_01_02.gca
AvgCurvTif folding.atlas.acfb40.noaparc.i12.2016-08-02.tif
GCSDIR /opt/freesurfer/average
GCS DKaparc.atlas.acfb40.noaparc.i12.2016-08-02.gcs
#######################################
/out/sourcedata/freesurfer/sub-v2s16x51312_ses-1

 mri_convert /work/fmriprep_25_2_wf/sub_v2s16x51312_ses_1-2_wf/anat_fit_wf/anat_template_wf/anat_merge/sub-v2s16x51312_ses-1_run-1_T1w_noise_corrected_ras_template.nii.gz /out/sourcedata/freesurfer/sub-v2s16x51312_ses-1/mri/orig/001.mgz 

mri_convert /work/fmriprep_25_2_wf/sub_v2s16x51312_ses_1-2_wf/anat_fit_wf/anat_template_wf/anat_merge/sub-v2s16x51312_ses-1_run-1_T1w_noise_corrected_ras_template.nii.gz /out/sourcedata/freesurfer/sub-v2s16x51312_ses-1/mri/orig/001.mgz 
reading from /work/fmriprep_25_2_wf/sub_v2s16x51312_ses_1-2_wf/anat_fit_wf/anat_template_wf/anat_merge/sub-v2s16x51312_ses-1_run-1_T1w_noise_corrected_ras_template.nii.gz...
TR=0.00, TE=0.00, TI=0.00, flip angle=0.00
i_ras = (0.997053, 0, -0.076719)
j_ras = (0, 1, 0)
k_ras = (0.076719, 0, 0.997053)
writing to /out/sourcedata/freesurfer/sub-v2s16x51312_ses-1/mri/orig/001.mgz...
#--------------------------------------------
#@# MotionCor Wed Mar 11 12:06:28 CET 2026
Found 1 runs
/out/sourcedata/freesurfer/sub-v2s16x51312_ses-1/mri/orig/001.mgz
Checking for (invalid) multi-frame inputs...
Only one run found so motion
correction will not be performed. I'll
copy the run to rawavg and continue.

 cp /out/sourcedata/freesurfer/sub-v2s16x51312_ses-1/mri/orig/001.mgz /out/sourcedata/freesurfer/sub-v2s16x51312_ses-1/mri/rawavg.mgz 


 mri_info /out/sourcedata/freesurfer/sub-v2s16x51312_ses-1/mri/rawavg.mgz 

rawavg.mgz ========================================
Volume information for /out/sourcedata/freesurfer/sub-v2s16x51312_ses-1/mri/rawavg.mgz
          type: MGH
    dimensions: 160 x 240 x 256
   voxel sizes: 1.200000, 1.000000, 1.000000
          type: FLOAT (3)
           fov: 256.000
           dof: 1
        xstart: -96.0, xend: 96.0
        ystart: -120.0, yend: 120.0
        zstart: -128.0, zend: 128.0
            TR: 0.00 msec, TE: 0.00 msec, TI: 0.00 msec, flip angle: 0.00 degrees
       nframes: 1
       PhEncDir: UNKNOWN
       FieldStrength: 0.000000
ras xform present
    xform info: x_r =   0.9971, y_r =   0.0000, z_r =   0.0767, c_r =     3.7015
              : x_a =   0.0000, y_a =   1.0000, z_a =   0.0000, c_a =     8.2586
              : x_s =  -0.0767, y_s =   0.0000, z_s =   0.9971, c_s =   -15.9981

talairach xfm : 
Orientation   : RAS
Primary Slice Direction: axial

voxel to ras transform:
                1.1965   0.0000   0.0767  -101.8356
                0.0000   1.0000   0.0000  -111.7414
               -0.0921   0.0000   0.9971  -136.2559
                0.0000   0.0000   0.0000     1.0000

voxel-to-ras determinant 1.2

ras to voxel transform:
                0.8309   0.0000  -0.0639    75.9017
                0.0000   1.0000   0.0000   111.7414
                0.0767   0.0000   0.9971   143.6670
                0.0000   0.0000   0.0000     1.0000
/out/sourcedata/freesurfer/sub-v2s16x51312_ses-1

 mri_convert /out/sourcedata/freesurfer/sub-v2s16x51312_ses-1/mri/rawavg.mgz /out/sourcedata/freesurfer/sub-v2s16x51312_ses-1/mri/orig.mgz --conform 

mri_convert /out/sourcedata/freesurfer/sub-v2s16x51312_ses-1/mri/rawavg.mgz /out/sourcedata/freesurfer/sub-v2s16x51312_ses-1/mri/orig.mgz --conform 
reading from /out/sourcedata/freesurfer/sub-v2s16x51312_ses-1/mri/rawavg.mgz...
TR=0.00, TE=0.00, TI=0.00, flip angle=0.00
i_ras = (0.997053, 0, -0.076719)
j_ras = (0, 1, 0)
k_ras = (0.076719, 0, 0.997053)
changing data type from float to uchar (noscale = 0)...
MRIchangeType: Building histogram -50.6336 787.644 1000, flo=0, fhi=0.999, dest_type=0
Reslicing using trilinear interpolation 
writing to /out/sourcedata/freesurfer/sub-v2s16x51312_ses-1/mri/orig.mgz...

 mri_add_xform_to_header -c /out/sourcedata/freesurfer/sub-v2s16x51312_ses-1/mri/transforms/talairach.xfm /out/sourcedata/freesurfer/sub-v2s16x51312_ses-1/mri/orig.mgz /out/sourcedata/freesurfer/sub-v2s16x51312_ses-1/mri/orig.mgz 

INFO: extension is mgz

 mri_info /out/sourcedata/freesurfer/sub-v2s16x51312_ses-1/mri/orig.mgz 

orig.mgz ========================================
Volume information for /out/sourcedata/freesurfer/sub-v2s16x51312_ses-1/mri/orig.mgz
          type: MGH
    dimensions: 256 x 256 x 256
   voxel sizes: 1.000000, 1.000000, 1.000000
          type: UCHAR (0)
           fov: 256.000
           dof: 1
        xstart: -128.0, xend: 128.0
        ystart: -128.0, yend: 128.0
        zstart: -128.0, zend: 128.0
            TR: 0.00 msec, TE: 0.00 msec, TI: 0.00 msec, flip angle: 0.00 degrees
       nframes: 1
       PhEncDir: UNKNOWN
       FieldStrength: 0.000000
ras xform present
    xform info: x_r =  -1.0000, y_r =   0.0000, z_r =   0.0000, c_r =     3.7015
              : x_a =   0.0000, y_a =   0.0000, z_a =   1.0000, c_a =     8.2586
              : x_s =  -0.0000, y_s =  -1.0000, z_s =   0.0000, c_s =   -15.9981

talairach xfm : /out/sourcedata/freesurfer/sub-v2s16x51312_ses-1/mri/transforms/talairach.xfm
Orientation   : LIA
Primary Slice Direction: coronal

voxel to ras transform:
               -1.0000   0.0000   0.0000   131.7015
                0.0000   0.0000   1.0000  -119.7414
               -0.0000  -1.0000   0.0000   112.0019
                0.0000   0.0000   0.0000     1.0000

voxel-to-ras determinant -1

ras to voxel transform:
               -1.0000  -0.0000  -0.0000   131.7015
                0.0000  -0.0000  -1.0000   112.0019
               -0.0000   1.0000  -0.0000   119.7414
               -0.0000  -0.0000  -0.0000     1.0000
#--------------------------------------------
#@# Talairach Wed Mar 11 12:06:35 CET 2026
/out/sourcedata/freesurfer/sub-v2s16x51312_ses-1/mri

 mri_nu_correct.mni --no-rescale --i orig.mgz --o orig_nu.mgz --ants-n4 --n 1 --proto-iters 1000 --distance 50 

/usr/bin/bc
/out/sourcedata/freesurfer/sub-v2s16x51312_ses-1/mri
/opt/freesurfer/bin/mri_nu_correct.mni
--no-rescale --i orig.mgz --o orig_nu.mgz --ants-n4 --n 1 --proto-iters 1000 --distance 50
nIters 1
mri_nu_correct.mni 7.3.2
Linux dna043 5.14.0-427.37.1.el9_4.x86_64 #1 SMP PREEMPT_DYNAMIC Fri Sep 13 12:41:50 EDT 2024 x86_64 x86_64 x86_64 GNU/Linux
Wed Mar 11 12:06:35 CET 2026
tmpdir is ./tmp.mri_nu_correct.mni.764593
cd /out/sourcedata/freesurfer/sub-v2s16x51312_ses-1/mri
AntsN4BiasFieldCorrectionFs -i orig.mgz -o ./tmp.mri_nu_correct.mni.764593/nu0.mgz --dtype uchar
AntsN4BiasFieldCorrectionFs done
mri_convert ./tmp.mri_nu_correct.mni.764593/nu0.mgz orig_nu.mgz --like orig.mgz --conform
mri_convert ./tmp.mri_nu_correct.mni.764593/nu0.mgz orig_nu.mgz --like orig.mgz --conform 
reading from ./tmp.mri_nu_correct.mni.764593/nu0.mgz...
TR=0.00, TE=0.00, TI=0.00, flip angle=0.00
i_ras = (-1, 0, -7.45058e-09)
j_ras = (0, 0, -1)
k_ras = (0, 1, 0)
INFO: transform src into the like-volume: orig.mgz
writing to orig_nu.mgz...
 
 
Wed Mar 11 12:09:31 CET 2026
mri_nu_correct.mni done

 talairach_avi --i orig_nu.mgz --xfm transforms/talairach.auto.xfm 

talairach_avi log file is transforms/talairach_avi.log...
mv -f /out/sourcedata/freesurfer/sub-v2s16x51312_ses-1/mri/talsrcimg_to_711-2C_as_mni_average_305_t4_vox2vox.txt /out/sourcedata/freesurfer/sub-v2s16x51312_ses-1/mri/transforms/talsrcimg_to_711-2C_as_mni_average_305_t4_vox2vox.txt
Started at Wed Mar 11 12:09:31 CET 2026
Ended   at Wed Mar 11 12:11:01 CET 2026
talairach_avi done

 cp transforms/talairach.auto.xfm transforms/talairach.xfm 

lta_convert --src orig.mgz --trg /opt/freesurfer/average/mni305.cor.mgz --inxfm transforms/talairach.xfm --outlta transforms/talairach.xfm.lta --subject fsaverage --ltavox2vox
7.3.2

--src: orig.mgz src image (geometry).
--trg: /opt/freesurfer/average/mni305.cor.mgz trg image (geometry).
--inmni: transforms/talairach.xfm input MNI/XFM transform.
--outlta: transforms/talairach.xfm.lta output LTA.
--s: fsaverage subject name
--ltavox2vox: output LTA as VOX_TO_VOX transform.
 LTA read, type : 1
 1.01647   0.20652  -0.10844  -3.59963;
-0.26017   1.03320   0.22413  -14.84930;
 0.14509  -0.15864   1.04943   25.19516;
 0.00000   0.00000   0.00000   1.00000;
setting subject to fsaverage
Writing  LTA to file transforms/talairach.xfm.lta...
lta_convert successful.
#--------------------------------------------
#@# Talairach Failure Detection Wed Mar 11 12:11:03 CET 2026
/out/sourcedata/freesurfer/sub-v2s16x51312_ses-1/mri

 talairach_afd -T 0.005 -xfm transforms/talairach.xfm 

talairach_afd: Talairach Transform: transforms/talairach.xfm OK (p=0.4936, pval=0.1531 >= threshold=0.0050)

 awk -f /opt/freesurfer/bin/extract_talairach_avi_QA.awk /out/sourcedata/freesurfer/sub-v2s16x51312_ses-1/mri/transforms/talairach_avi.log 


 tal_QC_AZS /out/sourcedata/freesurfer/sub-v2s16x51312_ses-1/mri/transforms/talairach_avi.log 

TalAviQA: 0.98370
z-score: 1
#--------------------------------------------
#@# Nu Intensity Correction Wed Mar 11 12:11:03 CET 2026

 mri_nu_correct.mni --i orig.mgz --o nu.mgz --uchar transforms/talairach.xfm --n 2 --ants-n4 

/usr/bin/bc
/out/sourcedata/freesurfer/sub-v2s16x51312_ses-1/mri
/opt/freesurfer/bin/mri_nu_correct.mni
--i orig.mgz --o nu.mgz --uchar transforms/talairach.xfm --n 2 --ants-n4
nIters 2
mri_nu_correct.mni 7.3.2
Linux dna043 5.14.0-427.37.1.el9_4.x86_64 #1 SMP PREEMPT_DYNAMIC Fri Sep 13 12:41:50 EDT 2024 x86_64 x86_64 x86_64 GNU/Linux
Wed Mar 11 12:11:03 CET 2026
tmpdir is ./tmp.mri_nu_correct.mni.766880
cd /out/sourcedata/freesurfer/sub-v2s16x51312_ses-1/mri
AntsN4BiasFieldCorrectionFs -i orig.mgz -o ./tmp.mri_nu_correct.mni.766880/nu0.mgz --dtype uchar
AntsN4BiasFieldCorrectionFs done
mri_binarize --i ./tmp.mri_nu_correct.mni.766880/nu0.mgz --min -1 --o ./tmp.mri_nu_correct.mni.766880/ones.mgz

7.3.2
cwd /out/sourcedata/freesurfer/sub-v2s16x51312_ses-1/mri
cmdline mri_binarize --i ./tmp.mri_nu_correct.mni.766880/nu0.mgz --min -1 --o ./tmp.mri_nu_correct.mni.766880/ones.mgz 
sysname  Linux
hostname dna043
machine  x86_64
user     oesteban

input      ./tmp.mri_nu_correct.mni.766880/nu0.mgz
frame      0
nErode3d   0
nErode2d   0
output     ./tmp.mri_nu_correct.mni.766880/ones.mgz
Binarizing based on threshold
min        -1
max        +infinity
binval        1
binvalnot     0
fstart = 0, fend = 0, nframes = 1
Starting parallel 1
Found 16777216 values in range
Counting number of voxels in first frame
Found 16777215 voxels in final mask
Writing output to ./tmp.mri_nu_correct.mni.766880/ones.mgz
Count: 16777215 16777215.000000 16777216 99.999994
mri_binarize done
mri_segstats --id 1 --seg ./tmp.mri_nu_correct.mni.766880/ones.mgz --i orig.mgz --sum ./tmp.mri_nu_correct.mni.766880/sum.junk --avgwf ./tmp.mri_nu_correct.mni.766880/input.mean.dat

7.3.2
cwd 
cmdline mri_segstats --id 1 --seg ./tmp.mri_nu_correct.mni.766880/ones.mgz --i orig.mgz --sum ./tmp.mri_nu_correct.mni.766880/sum.junk --avgwf ./tmp.mri_nu_correct.mni.766880/input.mean.dat 
sysname  Linux
hostname dna043
machine  x86_64
user     oesteban
whitesurfname  white
UseRobust  0
Loading ./tmp.mri_nu_correct.mni.766880/ones.mgz
Loading orig.mgz
Voxel Volume is 1 mm^3
Generating list of segmentation ids
Found   1 segmentations
Computing statistics for each segmentation

Reporting on   1 segmentations
Using PrintSegStat
Computing spatial average of each frame

Writing to ./tmp.mri_nu_correct.mni.766880/input.mean.dat
mri_segstats done
mri_segstats --id 1 --seg ./tmp.mri_nu_correct.mni.766880/ones.mgz --i ./tmp.mri_nu_correct.mni.766880/nu0.mgz --sum ./tmp.mri_nu_correct.mni.766880/sum.junk --avgwf ./tmp.mri_nu_correct.mni.766880/output.mean.dat

7.3.2
cwd 
cmdline mri_segstats --id 1 --seg ./tmp.mri_nu_correct.mni.766880/ones.mgz --i ./tmp.mri_nu_correct.mni.766880/nu0.mgz --sum ./tmp.mri_nu_correct.mni.766880/sum.junk --avgwf ./tmp.mri_nu_correct.mni.766880/output.mean.dat 
sysname  Linux
hostname dna043
machine  x86_64
user     oesteban
whitesurfname  white
UseRobust  0
Loading ./tmp.mri_nu_correct.mni.766880/ones.mgz
Loading ./tmp.mri_nu_correct.mni.766880/nu0.mgz
Voxel Volume is 1 mm^3
Generating list of segmentation ids
Found   1 segmentations
Computing statistics for each segmentation

Reporting on   1 segmentations
Using PrintSegStat
Computing spatial average of each frame

Writing to ./tmp.mri_nu_correct.mni.766880/output.mean.dat
mri_segstats done
mris_calc -o ./tmp.mri_nu_correct.mni.766880/nu0.mgz ./tmp.mri_nu_correct.mni.766880/nu0.mgz mul 1.39620323469297076335
Saving result to './tmp.mri_nu_correct.mni.766880/nu0.mgz' (type = MGH )                       [ ok ]
mri_convert ./tmp.mri_nu_correct.mni.766880/nu0.mgz nu.mgz --like orig.mgz
mri_convert ./tmp.mri_nu_correct.mni.766880/nu0.mgz nu.mgz --like orig.mgz 
reading from ./tmp.mri_nu_correct.mni.766880/nu0.mgz...
TR=0.00, TE=0.00, TI=0.00, flip angle=0.00
i_ras = (-1, 0, -7.45058e-09)
j_ras = (0, 0, -1)
k_ras = (0, 1, 0)
INFO: transform src into the like-volume: orig.mgz
writing to nu.mgz...
mri_make_uchar nu.mgz transforms/talairach.xfm nu.mgz
type change took 0 minutes and 6 seconds.
FIRST_PERCENTILE 0.010000
WM_PERCENTILE    0.900000
MAX_R 50.000000
i1 = 19, i2 = 68
#mri_make_uchar# mapping 37 131 to  3 110  :  b -39.1143 m 1.13661 : thresh 34.4131 maxsat 258.764 : nzero 12041141 nsat 9
 
 
Wed Mar 11 12:14:18 CET 2026
mri_nu_correct.mni done

 mri_add_xform_to_header -c /out/sourcedata/freesurfer/sub-v2s16x51312_ses-1/mri/transforms/talairach.xfm nu.mgz nu.mgz 

INFO: extension is mgz
#--------------------------------------------
#@# Intensity Normalization Wed Mar 11 12:14:18 CET 2026
/out/sourcedata/freesurfer/sub-v2s16x51312_ses-1/mri

 mri_normalize -g 1 -seed 1234 -mprage nu.mgz T1.mgz 

using max gradient = 1.000
setting seed for random number genererator to 1234
assuming input volume is MGH (Van der Kouwe) MP-RAGE
reading mri_src from nu.mgz...
normalizing image...
NOT doing gentle normalization with control points/label
talairach transform
 1.01647   0.20652  -0.10844  -3.59963;
-0.26017   1.03320   0.22413  -14.84930;
 0.14509  -0.15864   1.04943   25.19516;
 0.00000   0.00000   0.00000   1.00000;
processing without aseg, no1d=0
MRInormInit(): 
INFO: Modifying talairach volume c_(r,a,s) based on average_305
MRInormalize(): 
MRIsplineNormalize(): npeaks = 6
Starting OpenSpline(): npoints = 6
building Voronoi diagram...
performing soap bubble smoothing, sigma = 8...

Iterating 2 times
---------------------------------
3d normalization pass 1 of 2
white matter peak found at 110
white matter peak found at 109
gm peak at 55 (55), valley at 34 (34)
csf peak at 28, setting threshold to 46
building Voronoi diagram...
performing soap bubble smoothing, sigma = 8...
---------------------------------
3d normalization pass 2 of 2
white matter peak found at 110
white matter peak found at 110
gm peak at 60 (60), valley at 35 (35)
csf peak at 30, setting threshold to 50
building Voronoi diagram...
performing soap bubble smoothing, sigma = 8...
Done iterating ---------------------------------
writing output to T1.mgz
3D bias adjustment took 1 minutes and 46 seconds.

Started at Wed Mar 11 12:06:25 CET 2026 
Ended   at Wed Mar 11 12:16:05 CET 2026
#@#%# recon-all-run-time-hours 0.161
recon-all -s sub-v2s16x51312_ses-1 finished without error at Wed Mar 11 12:16:05 CET 2026



#New# invocation of recon-all 




Wed Mar 11 12:22:15 CET 2026
cd /out/sourcedata/freesurfer/sub-v2s16x51312_ses-1
setenv SUBJECTS_DIR /out/sourcedata/freesurfer
/opt/freesurfer/bin/recon-all -openmp 16 -subjid sub-v2s16x51312_ses-1 -sd /out/sourcedata/freesurfer -gcareg

subjid sub-v2s16x51312_ses-1
setenv SUBJECTS_DIR /out/sourcedata/freesurfer
FREESURFER_HOME /opt/freesurfer
Actual FREESURFER_HOME /opt/freesurfer
build-stamp.txt: freesurfer-linux-ubuntu22_x86_64-7.3.2-20220804-6354275
Linux dna043 5.14.0-427.37.1.el9_4.x86_64 #1 SMP PREEMPT_DYNAMIC Fri Sep 13 12:41:50 EDT 2024 x86_64 x86_64 x86_64 GNU/Linux
cputime      unlimited
filesize     unlimited
datasize     unlimited
stacksize    8192 kbytes
coredumpsize 0 kbytes
memoryuse    67108864 kbytes
vmemoryuse   unlimited
descriptors  1024 
memorylocked unlimited
maxproc      2061970 
maxlocks     unlimited
maxsignal    4126352 
maxmessage   819200 
maxnice      0 
maxrtprio    0 
maxrttime    unlimited

               total        used        free      shared  buff/cache   available
Mem:           1.0Ti        55Gi       912Gi        12Gi        39Gi       932Gi
Swap:             0B          0B          0B

########################################
program versions used
7.3.2 (freesurfer-linux-ubuntu22_x86_64-7.3.2-20220804-6354275)
7.3.2

ProgramName: lta_convert  ProgramArguments: lta_convert -all-info  ProgramVersion: 7.3.2  TimeStamp: 2026/03/11-11:22:15-GMT  BuildTime: Aug  4 2022 06:17:15  BuildStamp: freesurfer-linux-ubuntu22_x86_64-7.3.2-20220804-6354275  User: oesteban  Machine: dna043  Platform: Linux  PlatformVersion: 5.14.0-427.37.1.el9_4.x86_64  CompilerName: GCC  CompilerVersion: 8.4.0
ProgramName: mri_and  ProgramArguments: mri_and -all-info  ProgramVersion: 7.3.2  TimeStamp: 2026/03/11-11:22:15-GMT  BuildTime: Aug  4 2022 06:17:15  BuildStamp: freesurfer-linux-ubuntu22_x86_64-7.3.2-20220804-6354275  User: oesteban  Machine: dna043  Platform: Linux  PlatformVersion: 5.14.0-427.37.1.el9_4.x86_64  CompilerName: GCC  CompilerVersion: 8.4.0
ProgramName: mri_annotation2label  ProgramArguments: mri_annotation2label -all-info  ProgramVersion: 7.3.2  TimeStamp: 2026/03/11-11:22:15-GMT  BuildTime: Aug  4 2022 06:17:15  BuildStamp: freesurfer-linux-ubuntu22_x86_64-7.3.2-20220804-6354275  User: oesteban  Machine: dna043  Platform: Linux  PlatformVersion: 5.14.0-427.37.1.el9_4.x86_64  CompilerName: GCC  CompilerVersion: 8.4.0
ProgramName: mri_aparc2aseg  ProgramArguments: mri_aparc2aseg -all-info  ProgramVersion: 7.3.2  TimeStamp: 2026/03/11-11:22:15-GMT  BuildTime: Aug  4 2022 06:17:15  BuildStamp: freesurfer-linux-ubuntu22_x86_64-7.3.2-20220804-6354275  User: oesteban  Machine: dna043  Platform: Linux  PlatformVersion: 5.14.0-427.37.1.el9_4.x86_64  CompilerName: GCC  CompilerVersion: 8.4.0
ProgramName: mri_surf2volseg  ProgramArguments: mri_surf2volseg -all-info  ProgramVersion: 7.3.2  TimeStamp: 2026/03/11-11:22:15-GMT  BuildTime: Aug  4 2022 06:17:15  BuildStamp: freesurfer-linux-ubuntu22_x86_64-7.3.2-20220804-6354275  User: oesteban  Machine: dna043  Platform: Linux  PlatformVersion: 5.14.0-427.37.1.el9_4.x86_64  CompilerName: GCC  CompilerVersion: 8.4.0
ProgramName: mri_binarize  ProgramArguments: mri_binarize -all-info  ProgramVersion: 7.3.2  TimeStamp: 2026/03/11-11:22:15-GMT  BuildTime: Aug  4 2022 06:17:15  BuildStamp: freesurfer-linux-ubuntu22_x86_64-7.3.2-20220804-6354275  User: oesteban  Machine: dna043  Platform: Linux  PlatformVersion: 5.14.0-427.37.1.el9_4.x86_64  CompilerName: GCC  CompilerVersion: 8.4.0
ProgramName: mri_ca_label  ProgramArguments: mri_ca_label -all-info  ProgramVersion: 7.3.2  TimeStamp: 2026/03/11-11:22:15-GMT  BuildTime: Aug  4 2022 06:17:15  BuildStamp: freesurfer-linux-ubuntu22_x86_64-7.3.2-20220804-6354275  User: oesteban  Machine: dna043  Platform: Linux  PlatformVersion: 5.14.0-427.37.1.el9_4.x86_64  CompilerName: GCC  CompilerVersion: 8.4.0
ProgramName: mri_ca_normalize  ProgramArguments: mri_ca_normalize -all-info  ProgramVersion: 7.3.2  TimeStamp: 2026/03/11-11:22:15-GMT  BuildTime: Aug  4 2022 06:17:15  BuildStamp: freesurfer-linux-ubuntu22_x86_64-7.3.2-20220804-6354275  User: oesteban  Machine: dna043  Platform: Linux  PlatformVersion: 5.14.0-427.37.1.el9_4.x86_64  CompilerName: GCC  CompilerVersion: 8.4.0
ProgramName: mri_ca_register  ProgramArguments: mri_ca_register -all-info  ProgramVersion: 7.3.2  TimeStamp: 2026/03/11-11:22:15-GMT  BuildTime: Aug  4 2022 06:17:15  BuildStamp: freesurfer-linux-ubuntu22_x86_64-7.3.2-20220804-6354275  User: oesteban  Machine: dna043  Platform: Linux  PlatformVersion: 5.14.0-427.37.1.el9_4.x86_64  CompilerName: GCC  CompilerVersion: 8.4.0
ProgramName: mri_cc  ProgramArguments: mri_cc -all-info  ProgramVersion: 7.3.2  TimeStamp: 2026/03/11-11:22:15-GMT  BuildTime: Aug  4 2022 06:17:15  BuildStamp: freesurfer-linux-ubuntu22_x86_64-7.3.2-20220804-6354275  User: oesteban  Machine: dna043  Platform: Linux  PlatformVersion: 5.14.0-427.37.1.el9_4.x86_64  CompilerName: GCC  CompilerVersion: 8.4.0
ProgramName: mri_compute_overlap  ProgramArguments: mri_compute_overlap -all-info  ProgramVersion: 7.3.2  TimeStamp: 2026/03/11-11:22:15-GMT  BuildTime: Aug  4 2022 06:17:15  BuildStamp: freesurfer-linux-ubuntu22_x86_64-7.3.2-20220804-6354275  User: oesteban  Machine: dna043  Platform: Linux  PlatformVersion: 5.14.0-427.37.1.el9_4.x86_64  CompilerName: GCC  CompilerVersion: 8.4.0
ProgramName: mri_compute_seg_overlap  ProgramArguments: mri_compute_seg_overlap -all-info  ProgramVersion: 7.3.2  TimeStamp: 2026/03/11-11:22:15-GMT  BuildTime: Aug  4 2022 06:17:15  BuildStamp: freesurfer-linux-ubuntu22_x86_64-7.3.2-20220804-6354275  User: oesteban  Machine: dna043  Platform: Linux  PlatformVersion: 5.14.0-427.37.1.el9_4.x86_64  CompilerName: GCC  CompilerVersion: 8.4.0
ProgramName: mri_concat  ProgramArguments: mri_concat -all-info  ProgramVersion: 7.3.2  TimeStamp: 2026/03/11-11:22:15-GMT  BuildTime: Aug  4 2022 06:17:15  BuildStamp: freesurfer-linux-ubuntu22_x86_64-7.3.2-20220804-6354275  User: oesteban  Machine: dna043  Platform: Linux  PlatformVersion: 5.14.0-427.37.1.el9_4.x86_64  CompilerName: GCC  CompilerVersion: 8.4.0
ProgramName: mri_concatenate_lta  ProgramArguments: mri_concatenate_lta -all-info  ProgramVersion: 7.3.2  TimeStamp: 2026/03/11-11:22:15-GMT  BuildTime: Aug  4 2022 06:17:15  BuildStamp: freesurfer-linux-ubuntu22_x86_64-7.3.2-20220804-6354275  User: oesteban  Machine: dna043  Platform: Linux  PlatformVersion: 5.14.0-427.37.1.el9_4.x86_64  CompilerName: GCC  CompilerVersion: 8.4.0
mri_convert -all-info 
ProgramName: mri_convert  ProgramArguments: mri_convert -all-info  ProgramVersion: 7.3.2  TimeStamp: 2026/03/11-11:22:15-GMT  BuildTime: Aug  4 2022 06:17:15  BuildStamp: freesurfer-linux-ubuntu22_x86_64-7.3.2-20220804-6354275  User: oesteban  Machine: dna043  Platform: Linux  PlatformVersion: 5.14.0-427.37.1.el9_4.x86_64  CompilerName: GCC  CompilerVersion: 8.4.0
ProgramName: mri_diff  ProgramArguments: mri_diff -all-info  ProgramVersion: 7.3.2  TimeStamp: 2026/03/11-11:22:15-GMT  BuildTime: Aug  4 2022 06:17:15  BuildStamp: freesurfer-linux-ubuntu22_x86_64-7.3.2-20220804-6354275  User: oesteban  Machine: dna043  Platform: Linux  PlatformVersion: 5.14.0-427.37.1.el9_4.x86_64  CompilerName: GCC  CompilerVersion: 8.4.0
ProgramName: mri_edit_wm_with_aseg  ProgramArguments: mri_edit_wm_with_aseg -all-info  ProgramVersion: 7.3.2  TimeStamp: 2026/03/11-11:22:15-GMT  BuildTime: Aug  4 2022 06:17:15  BuildStamp: freesurfer-linux-ubuntu22_x86_64-7.3.2-20220804-6354275  User: oesteban  Machine: dna043  Platform: Linux  PlatformVersion: 5.14.0-427.37.1.el9_4.x86_64  CompilerName: GCC  CompilerVersion: 8.4.0
ProgramName: mri_em_register  ProgramArguments: mri_em_register -all-info  ProgramVersion: 7.3.2  TimeStamp: 2026/03/11-11:22:15-GMT  BuildTime: Aug  4 2022 06:17:15  BuildStamp: freesurfer-linux-ubuntu22_x86_64-7.3.2-20220804-6354275  User: oesteban  Machine: dna043  Platform: Linux  PlatformVersion: 5.14.0-427.37.1.el9_4.x86_64  CompilerName: GCC  CompilerVersion: 8.4.0
ProgramName: mri_fill  ProgramArguments: mri_fill -all-info  ProgramVersion: 7.3.2  TimeStamp: 2026/03/11-11:22:15-GMT  BuildTime: Aug  4 2022 06:17:15  BuildStamp: freesurfer-linux-ubuntu22_x86_64-7.3.2-20220804-6354275  User: oesteban  Machine: dna043  Platform: Linux  PlatformVersion: 5.14.0-427.37.1.el9_4.x86_64  CompilerName: GCC  CompilerVersion: 8.4.0
ProgramName: mri_fuse_segmentations  ProgramArguments: mri_fuse_segmentations -all-info  ProgramVersion: 7.3.2  TimeStamp: 2026/03/11-11:22:15-GMT  BuildTime: Aug  4 2022 06:17:15  BuildStamp: freesurfer-linux-ubuntu22_x86_64-7.3.2-20220804-6354275  User: oesteban  Machine: dna043  Platform: Linux  PlatformVersion: 5.14.0-427.37.1.el9_4.x86_64  CompilerName: GCC  CompilerVersion: 8.4.0
ProgramName: mri_fwhm  ProgramArguments: mri_fwhm -all-info  ProgramVersion: 7.3.2  TimeStamp: 2026/03/11-11:22:15-GMT  BuildTime: Aug  4 2022 06:17:15  BuildStamp: freesurfer-linux-ubuntu22_x86_64-7.3.2-20220804-6354275  User: oesteban  Machine: dna043  Platform: Linux  PlatformVersion: 5.14.0-427.37.1.el9_4.x86_64  CompilerName: GCC  CompilerVersion: 8.4.0
ProgramName: mri_gcut  ProgramArguments: mri_gcut -all-info  ProgramVersion: 7.3.2  TimeStamp: 2026/03/11-11:22:15-GMT  BuildTime: Aug  4 2022 06:17:15  BuildStamp: freesurfer-linux-ubuntu22_x86_64-7.3.2-20220804-6354275  User: oesteban  Machine: dna043  Platform: Linux  PlatformVersion: 5.14.0-427.37.1.el9_4.x86_64  CompilerName: GCC  CompilerVersion: 8.4.0
ProgramName: mri_info  ProgramArguments: mri_info -all-info  ProgramVersion: 7.3.2  TimeStamp: 2026/03/11-11:22:15-GMT  BuildTime: Aug  4 2022 06:17:15  BuildStamp: freesurfer-linux-ubuntu22_x86_64-7.3.2-20220804-6354275  User: oesteban  Machine: dna043  Platform: Linux  PlatformVersion: 5.14.0-427.37.1.el9_4.x86_64  CompilerName: GCC  CompilerVersion: 8.4.0
ProgramName: mri_label2label  ProgramArguments: mri_label2label -all-info  ProgramVersion: 7.3.2  TimeStamp: 2026/03/11-11:22:15-GMT  BuildTime: Aug  4 2022 06:17:15  BuildStamp: freesurfer-linux-ubuntu22_x86_64-7.3.2-20220804-6354275  User: oesteban  Machine: dna043  Platform: Linux  PlatformVersion: 5.14.0-427.37.1.el9_4.x86_64  CompilerName: GCC  CompilerVersion: 8.4.0
ProgramName: mri_label2vol  ProgramArguments: mri_label2vol -all-info  ProgramVersion: 7.3.2  TimeStamp: 2026/03/11-11:22:15-GMT  BuildTime: Aug  4 2022 06:17:15  BuildStamp: freesurfer-linux-ubuntu22_x86_64-7.3.2-20220804-6354275  User: oesteban  Machine: dna043  Platform: Linux  PlatformVersion: 5.14.0-427.37.1.el9_4.x86_64  CompilerName: GCC  CompilerVersion: 8.4.0
ProgramName: mri_log_likelihood  ProgramArguments: mri_log_likelihood -all-info  ProgramVersion: 7.3.2  TimeStamp: 2026/03/11-11:22:15-GMT  BuildTime: Aug  4 2022 06:17:15  BuildStamp: freesurfer-linux-ubuntu22_x86_64-7.3.2-20220804-6354275  User: oesteban  Machine: dna043  Platform: Linux  PlatformVersion: 5.14.0-427.37.1.el9_4.x86_64  CompilerName: GCC  CompilerVersion: 8.4.0
ProgramName: mri_mask  ProgramArguments: mri_mask -all-info  ProgramVersion: 7.3.2  TimeStamp: 2026/03/11-11:22:15-GMT  BuildTime: Aug  4 2022 06:17:15  BuildStamp: freesurfer-linux-ubuntu22_x86_64-7.3.2-20220804-6354275  User: oesteban  Machine: dna043  Platform: Linux  PlatformVersion: 5.14.0-427.37.1.el9_4.x86_64  CompilerName: GCC  CompilerVersion: 8.4.0
ProgramName: mri_matrix_multiply  ProgramArguments: mri_matrix_multiply -all-info  ProgramVersion: 7.3.2  TimeStamp: 2026/03/11-11:22:15-GMT  BuildTime: Aug  4 2022 06:17:15  BuildStamp: freesurfer-linux-ubuntu22_x86_64-7.3.2-20220804-6354275  User: oesteban  Machine: dna043  Platform: Linux  PlatformVersion: 5.14.0-427.37.1.el9_4.x86_64  CompilerName: GCC  CompilerVersion: 8.4.0
ProgramName: mri_normalize  ProgramArguments: mri_normalize -all-info  ProgramVersion: 7.3.2  TimeStamp: 2026/03/11-11:22:15-GMT  BuildTime: Aug  4 2022 06:17:15  BuildStamp: freesurfer-linux-ubuntu22_x86_64-7.3.2-20220804-6354275  User: oesteban  Machine: dna043  Platform: Linux  PlatformVersion: 5.14.0-427.37.1.el9_4.x86_64  CompilerName: GCC  CompilerVersion: 8.4.0
ProgramName: mri_normalize_tp2  ProgramArguments: mri_normalize_tp2 -all-info  ProgramVersion: 7.3.2  TimeStamp: 2026/03/11-11:22:15-GMT  BuildTime: Aug  4 2022 06:17:15  BuildStamp: freesurfer-linux-ubuntu22_x86_64-7.3.2-20220804-6354275  User: oesteban  Machine: dna043  Platform: Linux  PlatformVersion: 5.14.0-427.37.1.el9_4.x86_64  CompilerName: GCC  CompilerVersion: 8.4.0
ProgramName: mri_or  ProgramArguments: mri_or -all-info  ProgramVersion: 7.3.2  TimeStamp: 2026/03/11-11:22:15-GMT  BuildTime: Aug  4 2022 06:17:15  BuildStamp: freesurfer-linux-ubuntu22_x86_64-7.3.2-20220804-6354275  User: oesteban  Machine: dna043  Platform: Linux  PlatformVersion: 5.14.0-427.37.1.el9_4.x86_64  CompilerName: GCC  CompilerVersion: 8.4.0
ProgramName: mri_relabel_hypointensities  ProgramArguments: mri_relabel_hypointensities -all-info  ProgramVersion: 7.3.2  TimeStamp: 2026/03/11-11:22:15-GMT  BuildTime: Aug  4 2022 06:17:15  BuildStamp: freesurfer-linux-ubuntu22_x86_64-7.3.2-20220804-6354275  User: oesteban  Machine: dna043  Platform: Linux  PlatformVersion: 5.14.0-427.37.1.el9_4.x86_64  CompilerName: GCC  CompilerVersion: 8.4.0
ProgramName: mri_relabel_nonwm_hypos  ProgramArguments: mri_relabel_nonwm_hypos -all-info  ProgramVersion: 7.3.2  TimeStamp: 2026/03/11-11:22:15-GMT  BuildTime: Aug  4 2022 06:17:15  BuildStamp: freesurfer-linux-ubuntu22_x86_64-7.3.2-20220804-6354275  User: oesteban  Machine: dna043  Platform: Linux  PlatformVersion: 5.14.0-427.37.1.el9_4.x86_64  CompilerName: GCC  CompilerVersion: 8.4.0
ProgramName: mri_remove_neck  ProgramArguments: mri_remove_neck -all-info  ProgramVersion: 7.3.2  TimeStamp: 2026/03/11-11:22:15-GMT  BuildTime: Aug  4 2022 06:17:15  BuildStamp: freesurfer-linux-ubuntu22_x86_64-7.3.2-20220804-6354275  User: oesteban  Machine: dna043  Platform: Linux  PlatformVersion: 5.14.0-427.37.1.el9_4.x86_64  CompilerName: GCC  CompilerVersion: 8.4.0
7.3.2

ProgramName: mri_robust_register  ProgramArguments: mri_robust_register -all-info  ProgramVersion: 7.3.2  TimeStamp: 2026/03/11-11:22:15-GMT  BuildTime: Aug  4 2022 06:17:15  BuildStamp: freesurfer-linux-ubuntu22_x86_64-7.3.2-20220804-6354275  User: oesteban  Machine: dna043  Platform: Linux  PlatformVersion: 5.14.0-427.37.1.el9_4.x86_64  CompilerName: GCC  CompilerVersion: 8.4.0
7.3.2

ProgramName: mri_robust_template  ProgramArguments: mri_robust_template -all-info  ProgramVersion: 7.3.2  TimeStamp: 2026/03/11-11:22:15-GMT  BuildTime: Aug  4 2022 06:17:15  BuildStamp: freesurfer-linux-ubuntu22_x86_64-7.3.2-20220804-6354275  User: oesteban  Machine: dna043  Platform: Linux  PlatformVersion: 5.14.0-427.37.1.el9_4.x86_64  CompilerName: GCC  CompilerVersion: 8.4.0
ProgramName: mris_anatomical_stats  ProgramArguments: mris_anatomical_stats -all-info  ProgramVersion: 7.3.2  TimeStamp: 2026/03/11-11:22:15-GMT  BuildTime: Aug  4 2022 06:17:15  BuildStamp: freesurfer-linux-ubuntu22_x86_64-7.3.2-20220804-6354275  User: oesteban  Machine: dna043  Platform: Linux  PlatformVersion: 5.14.0-427.37.1.el9_4.x86_64  CompilerName: GCC  CompilerVersion: 8.4.0
ProgramName: mris_ca_label  ProgramArguments: mris_ca_label -all-info  ProgramVersion: 7.3.2  TimeStamp: 2026/03/11-11:22:15-GMT  BuildTime: Aug  4 2022 06:17:15  BuildStamp: freesurfer-linux-ubuntu22_x86_64-7.3.2-20220804-6354275  User: oesteban  Machine: dna043  Platform: Linux  PlatformVersion: 5.14.0-427.37.1.el9_4.x86_64  CompilerName: GCC  CompilerVersion: 8.4.0
ProgramName: mris_calc  ProgramArguments: mris_calc -all-info  ProgramVersion: 7.3.2  TimeStamp: 2026/03/11-11:22:15-GMT  BuildTime: Aug  4 2022 06:17:15  BuildStamp: freesurfer-linux-ubuntu22_x86_64-7.3.2-20220804-6354275  User: oesteban  Machine: dna043  Platform: Linux  PlatformVersion: 5.14.0-427.37.1.el9_4.x86_64  CompilerName: GCC  CompilerVersion: 8.4.0
ProgramName: mris_convert  ProgramArguments: mris_convert -all-info  ProgramVersion: 7.3.2  TimeStamp: 2026/03/11-11:22:15-GMT  BuildTime: Aug  4 2022 06:17:15  BuildStamp: freesurfer-linux-ubuntu22_x86_64-7.3.2-20220804-6354275  User: oesteban  Machine: dna043  Platform: Linux  PlatformVersion: 5.14.0-427.37.1.el9_4.x86_64  CompilerName: GCC  CompilerVersion: 8.4.0
ProgramName: mris_curvature  ProgramArguments: mris_curvature -all-info  ProgramVersion: 7.3.2  TimeStamp: 2026/03/11-11:22:15-GMT  BuildTime: Aug  4 2022 06:17:15  BuildStamp: freesurfer-linux-ubuntu22_x86_64-7.3.2-20220804-6354275  User: oesteban  Machine: dna043  Platform: Linux  PlatformVersion: 5.14.0-427.37.1.el9_4.x86_64  CompilerName: GCC  CompilerVersion: 8.4.0
ProgramName: mris_curvature_stats  ProgramArguments: mris_curvature_stats -all-info  ProgramVersion: 7.3.2  TimeStamp: 2026/03/11-11:22:15-GMT  BuildTime: Aug  4 2022 06:17:15  BuildStamp: freesurfer-linux-ubuntu22_x86_64-7.3.2-20220804-6354275  User: oesteban  Machine: dna043  Platform: Linux  PlatformVersion: 5.14.0-427.37.1.el9_4.x86_64  CompilerName: GCC  CompilerVersion: 8.4.0
ProgramName: mris_diff  ProgramArguments: mris_diff -all-info  ProgramVersion: 7.3.2  TimeStamp: 2026/03/11-11:22:15-GMT  BuildTime: Aug  4 2022 06:17:15  BuildStamp: freesurfer-linux-ubuntu22_x86_64-7.3.2-20220804-6354275  User: oesteban  Machine: dna043  Platform: Linux  PlatformVersion: 5.14.0-427.37.1.el9_4.x86_64  CompilerName: GCC  CompilerVersion: 8.4.0
ProgramName: mris_divide_parcellation  ProgramArguments: mris_divide_parcellation -all-info  ProgramVersion: 7.3.2  TimeStamp: 2026/03/11-11:22:15-GMT  BuildTime: Aug  4 2022 06:17:15  BuildStamp: freesurfer-linux-ubuntu22_x86_64-7.3.2-20220804-6354275  User: oesteban  Machine: dna043  Platform: Linux  PlatformVersion: 5.14.0-427.37.1.el9_4.x86_64  CompilerName: GCC  CompilerVersion: 8.4.0
ProgramName: mri_segment  ProgramArguments: mri_segment -all-info  ProgramVersion: 7.3.2  TimeStamp: 2026/03/11-11:22:15-GMT  BuildTime: Aug  4 2022 06:17:15  BuildStamp: freesurfer-linux-ubuntu22_x86_64-7.3.2-20220804-6354275  User: oesteban  Machine: dna043  Platform: Linux  PlatformVersion: 5.14.0-427.37.1.el9_4.x86_64  CompilerName: GCC  CompilerVersion: 8.4.0
ProgramName: mri_segstats  ProgramArguments: mri_segstats -all-info  ProgramVersion: 7.3.2  TimeStamp: 2026/03/11-11:22:15-GMT  BuildTime: Aug  4 2022 06:17:15  BuildStamp: freesurfer-linux-ubuntu22_x86_64-7.3.2-20220804-6354275  User: oesteban  Machine: dna043  Platform: Linux  PlatformVersion: 5.14.0-427.37.1.el9_4.x86_64  CompilerName: GCC  CompilerVersion: 8.4.0
ProgramName: mris_euler_number  ProgramArguments: mris_euler_number -all-info  ProgramVersion: 7.3.2  TimeStamp: 2026/03/11-11:22:15-GMT  BuildTime: Aug  4 2022 06:17:15  BuildStamp: freesurfer-linux-ubuntu22_x86_64-7.3.2-20220804-6354275  User: oesteban  Machine: dna043  Platform: Linux  PlatformVersion: 5.14.0-427.37.1.el9_4.x86_64  CompilerName: GCC  CompilerVersion: 8.4.0
ProgramName: mris_fix_topology  ProgramArguments: mris_fix_topology -all-info  ProgramVersion: 7.3.2  TimeStamp: 2026/03/11-11:22:15-GMT  BuildTime: Aug  4 2022 06:17:15  BuildStamp: freesurfer-linux-ubuntu22_x86_64-7.3.2-20220804-6354275  User: oesteban  Machine: dna043  Platform: Linux  PlatformVersion: 5.14.0-427.37.1.el9_4.x86_64  CompilerName: GCC  CompilerVersion: 8.4.0
ProgramName: mris_topo_fixer  ProgramArguments: mris_topo_fixer -all-info  ProgramVersion: 7.3.2  TimeStamp: 2026/03/11-11:22:15-GMT  BuildTime: Aug  4 2022 06:17:15  BuildStamp: freesurfer-linux-ubuntu22_x86_64-7.3.2-20220804-6354275  User: oesteban  Machine: dna043  Platform: Linux  PlatformVersion: 5.14.0-427.37.1.el9_4.x86_64  CompilerName: GCC  CompilerVersion: 8.4.0
ProgramName: mris_jacobian  ProgramArguments: mris_jacobian -all-info  ProgramVersion: 7.3.2  TimeStamp: 2026/03/11-11:22:15-GMT  BuildTime: Aug  4 2022 06:17:15  BuildStamp: freesurfer-linux-ubuntu22_x86_64-7.3.2-20220804-6354275  User: oesteban  Machine: dna043  Platform: Linux  PlatformVersion: 5.14.0-427.37.1.el9_4.x86_64  CompilerName: GCC  CompilerVersion: 8.4.0
ProgramName: mris_label2annot  ProgramArguments: mris_label2annot -all-info  ProgramVersion: 7.3.2  TimeStamp: 2026/03/11-11:22:15-GMT  BuildTime: Aug  4 2022 06:17:15  BuildStamp: freesurfer-linux-ubuntu22_x86_64-7.3.2-20220804-6354275  User: oesteban  Machine: dna043  Platform: Linux  PlatformVersion: 5.14.0-427.37.1.el9_4.x86_64  CompilerName: GCC  CompilerVersion: 8.4.0
ProgramName: mris_left_right_register  ProgramArguments: mris_left_right_register -all-info  ProgramVersion: 7.3.2  TimeStamp: 2026/03/11-11:22:15-GMT  BuildTime: Aug  4 2022 06:17:15  BuildStamp: freesurfer-linux-ubuntu22_x86_64-7.3.2-20220804-6354275  User: oesteban  Machine: dna043  Platform: Linux  PlatformVersion: 5.14.0-427.37.1.el9_4.x86_64  CompilerName: GCC  CompilerVersion: 8.4.0
ProgramName: mris_place_surface  ProgramArguments: mris_place_surface -all-info  ProgramVersion: 7.3.2  TimeStamp: 2026/03/11-11:22:15-GMT  BuildTime: Aug  4 2022 06:17:15  BuildStamp: freesurfer-linux-ubuntu22_x86_64-7.3.2-20220804-6354275  User: oesteban  Machine: dna043  Platform: Linux  PlatformVersion: 5.14.0-427.37.1.el9_4.x86_64  CompilerName: GCC  CompilerVersion: 8.4.0
ProgramName: mrisp_paint  ProgramArguments: mrisp_paint -all-info  ProgramVersion: 7.3.2  TimeStamp: 2026/03/11-11:22:15-GMT  BuildTime: Aug  4 2022 06:17:15  BuildStamp: freesurfer-linux-ubuntu22_x86_64-7.3.2-20220804-6354275  User: oesteban  Machine: dna043  Platform: Linux  PlatformVersion: 5.14.0-427.37.1.el9_4.x86_64  CompilerName: GCC  CompilerVersion: 8.4.0
ProgramName: mris_register  ProgramArguments: mris_register -all-info  ProgramVersion: 7.3.2  TimeStamp: 2026/03/11-11:22:15-GMT  BuildTime: Aug  4 2022 06:17:15  BuildStamp: freesurfer-linux-ubuntu22_x86_64-7.3.2-20220804-6354275  User: oesteban  Machine: dna043  Platform: Linux  PlatformVersion: 5.14.0-427.37.1.el9_4.x86_64  CompilerName: GCC  CompilerVersion: 8.4.0
ProgramName: mris_smooth  ProgramArguments: mris_smooth -all-info  ProgramVersion: 7.3.2  TimeStamp: 2026/03/11-11:22:15-GMT  BuildTime: Aug  4 2022 06:17:15  BuildStamp: freesurfer-linux-ubuntu22_x86_64-7.3.2-20220804-6354275  User: oesteban  Machine: dna043  Platform: Linux  PlatformVersion: 5.14.0-427.37.1.el9_4.x86_64  CompilerName: GCC  CompilerVersion: 8.4.0
ProgramName: mris_sphere  ProgramArguments: mris_sphere -all-info  ProgramVersion: 7.3.2  TimeStamp: 2026/03/11-11:22:15-GMT  BuildTime: Aug  4 2022 06:17:15  BuildStamp: freesurfer-linux-ubuntu22_x86_64-7.3.2-20220804-6354275  User: oesteban  Machine: dna043  Platform: Linux  PlatformVersion: 5.14.0-427.37.1.el9_4.x86_64  CompilerName: GCC  CompilerVersion: 8.4.0
ProgramName: mris_surface_stats  ProgramArguments: mris_surface_stats -all-info  ProgramVersion: 7.3.2  TimeStamp: 2026/03/11-11:22:15-GMT  BuildTime: Aug  4 2022 06:17:15  BuildStamp: freesurfer-linux-ubuntu22_x86_64-7.3.2-20220804-6354275  User: oesteban  Machine: dna043  Platform: Linux  PlatformVersion: 5.14.0-427.37.1.el9_4.x86_64  CompilerName: GCC  CompilerVersion: 8.4.0
ProgramName: mri_stats2seg  ProgramArguments: mri_stats2seg -all-info  ProgramVersion: 7.3.2  TimeStamp: 2026/03/11-11:22:15-GMT  BuildTime: Aug  4 2022 06:17:15  BuildStamp: freesurfer-linux-ubuntu22_x86_64-7.3.2-20220804-6354275  User: oesteban  Machine: dna043  Platform: Linux  PlatformVersion: 5.14.0-427.37.1.el9_4.x86_64  CompilerName: GCC  CompilerVersion: 8.4.0
ProgramName: mris_thickness  ProgramArguments: mris_thickness -all-info  ProgramVersion: 7.3.2  TimeStamp: 2026/03/11-11:22:15-GMT  BuildTime: Aug  4 2022 06:17:15  BuildStamp: freesurfer-linux-ubuntu22_x86_64-7.3.2-20220804-6354275  User: oesteban  Machine: dna043  Platform: Linux  PlatformVersion: 5.14.0-427.37.1.el9_4.x86_64  CompilerName: GCC  CompilerVersion: 8.4.0
ProgramName: mris_thickness_diff  ProgramArguments: mris_thickness_diff -all-info  ProgramVersion: 7.3.2  TimeStamp: 2026/03/11-11:22:15-GMT  BuildTime: Aug  4 2022 06:17:15  BuildStamp: freesurfer-linux-ubuntu22_x86_64-7.3.2-20220804-6354275  User: oesteban  Machine: dna043  Platform: Linux  PlatformVersion: 5.14.0-427.37.1.el9_4.x86_64  CompilerName: GCC  CompilerVersion: 8.4.0
ProgramName: mris_topo_fixer  ProgramArguments: mris_topo_fixer -all-info  ProgramVersion: 7.3.2  TimeStamp: 2026/03/11-11:22:15-GMT  BuildTime: Aug  4 2022 06:17:15  BuildStamp: freesurfer-linux-ubuntu22_x86_64-7.3.2-20220804-6354275  User: oesteban  Machine: dna043  Platform: Linux  PlatformVersion: 5.14.0-427.37.1.el9_4.x86_64  CompilerName: GCC  CompilerVersion: 8.4.0
ProgramName: mri_surf2surf  ProgramArguments: mri_surf2surf -all-info  ProgramVersion: 7.3.2  TimeStamp: 2026/03/11-11:22:15-GMT  BuildTime: Aug  4 2022 06:17:15  BuildStamp: freesurfer-linux-ubuntu22_x86_64-7.3.2-20220804-6354275  User: oesteban  Machine: dna043  Platform: Linux  PlatformVersion: 5.14.0-427.37.1.el9_4.x86_64  CompilerName: GCC  CompilerVersion: 8.4.0
ProgramName: mri_surf2vol  ProgramArguments: mri_surf2vol -all-info  ProgramVersion: 7.3.2  TimeStamp: 2026/03/11-11:22:15-GMT  BuildTime: Aug  4 2022 06:17:15  BuildStamp: freesurfer-linux-ubuntu22_x86_64-7.3.2-20220804-6354275  User: oesteban  Machine: dna043  Platform: Linux  PlatformVersion: 5.14.0-427.37.1.el9_4.x86_64  CompilerName: GCC  CompilerVersion: 8.4.0
ProgramName: mri_surfcluster  ProgramArguments: mri_surfcluster -all-info  ProgramVersion: 7.3.2  TimeStamp: 2026/03/11-11:22:15-GMT  BuildTime: Aug  4 2022 06:17:15  BuildStamp: freesurfer-linux-ubuntu22_x86_64-7.3.2-20220804-6354275  User: oesteban  Machine: dna043  Platform: Linux  PlatformVersion: 5.14.0-427.37.1.el9_4.x86_64  CompilerName: GCC  CompilerVersion: 8.4.0
ProgramName: mris_volmask  ProgramArguments: mris_volmask -all-info  ProgramVersion: 7.3.2  TimeStamp: 2026/03/11-11:22:15-GMT  BuildTime: Aug  4 2022 06:17:15  BuildStamp: freesurfer-linux-ubuntu22_x86_64-7.3.2-20220804-6354275  User: oesteban  Machine: dna043  Platform: Linux  PlatformVersion: 5.14.0-427.37.1.el9_4.x86_64  CompilerName: GCC  CompilerVersion: 8.4.0
ProgramName: mri_tessellate  ProgramArguments: mri_tessellate -all-info  ProgramVersion: 7.3.2  TimeStamp: 2026/03/11-11:22:15-GMT  BuildTime: Aug  4 2022 06:17:15  BuildStamp: freesurfer-linux-ubuntu22_x86_64-7.3.2-20220804-6354275  User: oesteban  Machine: dna043  Platform: Linux  PlatformVersion: 5.14.0-427.37.1.el9_4.x86_64  CompilerName: GCC  CompilerVersion: 8.4.0
ProgramName: mri_vol2surf  ProgramArguments: mri_vol2surf -all-info  ProgramVersion: 7.3.2  TimeStamp: 2026/03/11-11:22:15-GMT  BuildTime: Aug  4 2022 06:17:15  BuildStamp: freesurfer-linux-ubuntu22_x86_64-7.3.2-20220804-6354275  User: oesteban  Machine: dna043  Platform: Linux  PlatformVersion: 5.14.0-427.37.1.el9_4.x86_64  CompilerName: GCC  CompilerVersion: 8.4.0
ProgramName: mri_vol2vol  ProgramArguments: mri_vol2vol -all-info  ProgramVersion: 7.3.2  TimeStamp: 2026/03/11-11:22:15-GMT  BuildTime: Aug  4 2022 06:17:15  BuildStamp: freesurfer-linux-ubuntu22_x86_64-7.3.2-20220804-6354275  User: oesteban  Machine: dna043  Platform: Linux  PlatformVersion: 5.14.0-427.37.1.el9_4.x86_64  CompilerName: GCC  CompilerVersion: 8.4.0
ProgramName: mri_voldiff  ProgramArguments: mri_voldiff -all-info  ProgramVersion: 7.3.2  TimeStamp: 2026/03/11-11:22:15-GMT  BuildTime: Aug  4 2022 06:17:15  BuildStamp: freesurfer-linux-ubuntu22_x86_64-7.3.2-20220804-6354275  User: oesteban  Machine: dna043  Platform: Linux  PlatformVersion: 5.14.0-427.37.1.el9_4.x86_64  CompilerName: GCC  CompilerVersion: 8.4.0
ProgramName: mri_watershed  ProgramArguments: mri_watershed -all-info  ProgramVersion: 7.3.2  TimeStamp: 2026/03/11-11:22:15-GMT  BuildTime: Aug  4 2022 06:17:15  BuildStamp: freesurfer-linux-ubuntu22_x86_64-7.3.2-20220804-6354275  User: oesteban  Machine: dna043  Platform: Linux  PlatformVersion: 5.14.0-427.37.1.el9_4.x86_64  CompilerName: GCC  CompilerVersion: 8.4.0
ProgramName: tkregister2  ProgramArguments: tkregister2_cmdl -all-info  ProgramVersion: 7.3.2  TimeStamp: 2026/03/11-11:22:15-GMT  BuildTime: Aug  4 2022 06:17:15  BuildStamp: freesurfer-linux-ubuntu22_x86_64-7.3.2-20220804-6354275  User: oesteban  Machine: dna043  Platform: Linux  PlatformVersion: 5.14.0-427.37.1.el9_4.x86_64  CompilerName: GCC  CompilerVersion: 8.4.0
mri_motion_correct.fsl 7.3.2
mri_convert -all-info 
ProgramName: mri_convert  ProgramArguments: mri_convert -all-info  ProgramVersion: 7.3.2  TimeStamp: 2026/03/11-11:22:15-GMT  BuildTime: Aug  4 2022 06:17:15  BuildStamp: freesurfer-linux-ubuntu22_x86_64-7.3.2-20220804-6354275  User: oesteban  Machine: dna043  Platform: Linux  PlatformVersion: 5.14.0-427.37.1.el9_4.x86_64  CompilerName: GCC  CompilerVersion: 8.4.0
Program nu_correct, built from:
Package MNI N3, version 1.12.0, compiled by nicks@terrier (x86_64-unknown-linux-gnu) on 2015-06-19 at 01:25:34
#######################################
GCADIR /opt/freesurfer/average
GCA RB_all_2020-01-02.gca
GCASkull RB_all_withskull_2020_01_02.gca
AvgCurvTif folding.atlas.acfb40.noaparc.i12.2016-08-02.tif
GCSDIR /opt/freesurfer/average
GCS DKaparc.atlas.acfb40.noaparc.i12.2016-08-02.gcs
#######################################
#-------------------------------------
#@# EM Registration Wed Mar 11 12:22:15 CET 2026
/out/sourcedata/freesurfer/sub-v2s16x51312_ses-1/mri

 mri_em_register -uns 3 -mask brainmask.mgz nu.mgz /opt/freesurfer/average/RB_all_2020-01-02.gca transforms/talairach.lta 

setting unknown_nbr_spacing = 3
using MR volume brainmask.mgz to mask input volume...

== Number of threads available to mri_em_register for OpenMP = 16 == 
reading 1 input volumes...
logging results to talairach.log
reading '/opt/freesurfer/average/RB_all_2020-01-02.gca'...
GCAread took 0 minutes and 1 seconds.
average std = 7.2   using min determinant for regularization = 5.2
0 singular and 884 ill-conditioned covariance matrices regularized
reading 'nu.mgz'...
MRImask(): AllowDiffGeom = 1
MRImask(): AllowDiffGeom = 1
MRImask(): AllowDiffGeom = 1
MRImask(): AllowDiffGeom = 1
MRImask(): AllowDiffGeom = 1
freeing gibbs priors...done.
accounting for voxel sizes in initial transform
bounding unknown intensity as < 5.9 or > 519.0 
total sample mean = 79.1 (1017 zeros)
************************************************
spacing=8, using 2841 sample points, tol=1.00e-05...
************************************************
register_mri: find_optimal_transform
find_optimal_transform: nsamples 2841, passno 0, spacing 8
resetting wm mean[0]: 98 --> 107
resetting gm mean[0]: 61 --> 61
input volume #1 is the most T1-like
using real data threshold=23.0
skull bounding box = (59, 67, 38) --> (197, 198, 202)
finding center of left hemi white matter
using (105, 111, 120) as brain centroid of Right_Cerebral_White_Matter...
MRImask(): AllowDiffGeom = 1
mean wm in atlas = 107, using box (88,95,100) --> (121, 127,140) to find MRI wm
before smoothing, mri peak at 107
robust fit to distribution - 106 +- 5.0
after smoothing, mri peak at 106, scaling input intensities by 1.009
scaling channel 0 by 1.00943
initial log_p = -4.206
************************************************
First Search limited to translation only.
************************************************
max log p =    -4.017542 @ (-10.526, -10.526, -10.526)
max log p =    -3.876787 @ (5.263, 5.263, -5.263)
max log p =    -3.824728 @ (2.632, -2.632, 2.632)
max log p =    -3.785563 @ (-1.316, -1.316, -1.316)
max log p =    -3.777188 @ (0.658, -0.658, 0.658)
max log p =    -3.777188 @ (0.000, 0.000, 0.000)
max log p =    -3.777188 @ (0.000, 0.000, 0.000)
max log p =    -3.777188 @ (0.000, 0.000, 0.000)
Found translation: (-3.3, -9.9, -13.8): log p = -3.777
****************************************
Nine parameter search.  iteration 0 nscales = 0 ...
****************************************
Result so far: scale 1.000: max_log_p=-3.459, old_max_log_p =-3.777 (thresh=-3.8)
 0.98798  -0.05006  -0.16823   24.79943;
 0.12336   1.13241   0.11240  -56.42015;
 0.18257  -0.08613   1.05883  -33.45628;
 0.00000   0.00000   0.00000   1.00000;
iteration took 0 minutes and 9 seconds.
****************************************
Nine parameter search.  iteration 1 nscales = 0 ...
****************************************
Result so far: scale 1.000: max_log_p=-3.459, old_max_log_p =-3.459 (thresh=-3.5)
 0.98798  -0.05006  -0.16823   24.79943;
 0.12336   1.13241   0.11240  -56.42015;
 0.18257  -0.08613   1.05883  -33.45628;
 0.00000   0.00000   0.00000   1.00000;
reducing scale to 0.2500
iteration took 0 minutes and 9 seconds.
****************************************
Nine parameter search.  iteration 2 nscales = 1 ...
****************************************
Result so far: scale 0.250: max_log_p=-3.344, old_max_log_p =-3.459 (thresh=-3.5)
 1.00581  -0.05097  -0.17126   22.95859;
 0.13241   1.10248   0.17788  -59.59413;
 0.17411  -0.16001   1.04921  -17.91692;
 0.00000   0.00000   0.00000   1.00000;
iteration took 0 minutes and 9 seconds.
****************************************
Nine parameter search.  iteration 3 nscales = 1 ...
****************************************
Result so far: scale 0.250: max_log_p=-3.318, old_max_log_p =-3.344 (thresh=-3.3)
 1.00581  -0.05097  -0.17126   22.95859;
 0.13480   1.12237   0.18109  -62.82243;
 0.17411  -0.16001   1.04921  -17.91692;
 0.00000   0.00000   0.00000   1.00000;
iteration took 0 minutes and 9 seconds.
****************************************
Nine parameter search.  iteration 4 nscales = 1 ...
****************************************
Result so far: scale 0.250: max_log_p=-3.318, old_max_log_p =-3.318 (thresh=-3.3)
 1.00581  -0.05097  -0.17126   22.95859;
 0.13480   1.12237   0.18109  -62.82243;
 0.17411  -0.16001   1.04921  -17.91692;
 0.00000   0.00000   0.00000   1.00000;
reducing scale to 0.0625
iteration took 0 minutes and 9 seconds.
****************************************
Nine parameter search.  iteration 5 nscales = 2 ...
****************************************
Result so far: scale 0.062: max_log_p=-3.301, old_max_log_p =-3.318 (thresh=-3.3)
 1.00547  -0.04971  -0.18032   23.41947;
 0.13494   1.12367   0.18146  -63.04858;
 0.18282  -0.16078   1.04892  -19.38119;
 0.00000   0.00000   0.00000   1.00000;
iteration took 0 minutes and 9 seconds.
****************************************
Nine parameter search.  iteration 6 nscales = 2 ...
****************************************
Result so far: scale 0.062: max_log_p=-3.298, old_max_log_p =-3.301 (thresh=-3.3)
 1.00547  -0.04971  -0.18032   23.41947;
 0.13509   1.12498   0.18167  -63.26176;
 0.18282  -0.16078   1.04892  -19.38119;
 0.00000   0.00000   0.00000   1.00000;
min search scale 0.025000 reached
***********************************************
Computing MAP estimate using 2841 samples...
***********************************************
dt = 5.00e-06, momentum=0.80, tol=1.00e-05
l_intensity = 1.0000
Aligning input volume to GCA...
Transform matrix
 1.00547  -0.04971  -0.18032   23.41947;
 0.13509   1.12498   0.18167  -63.26176;
 0.18282  -0.16078   1.04892  -19.38119;
 0.00000   0.00000   0.00000   1.00000;
nsamples 2841
Quasinewton: input matrix
 1.00547  -0.04971  -0.18032   23.41947;
 0.13509   1.12498   0.18167  -63.26176;
 0.18282  -0.16078   1.04892  -19.38119;
 0.00000   0.00000   0.00000   1.00000;
 IFLAG= -1  LINE SEARCH FAILED. SEE DOCUMENTATION OF ROUTINE MCSRCH ERROR RETURN OF LINE SEARCH: INFO= 3 POSSIBLE CAUSES: FUNCTION OR GRADIENT ARE INCORRECT OR INCORRECT TOLERANCESoutof QuasiNewtonEMA: 009: -log(p) =   -0.0  tol 0.000010
Resulting transform:
 1.00547  -0.04971  -0.18032   23.41947;
 0.13509   1.12498   0.18167  -63.26176;
 0.18282  -0.16078   1.04892  -19.38119;
 0.00000   0.00000   0.00000   1.00000;

pass 1, spacing 8: log(p) = -3.298 (old=-4.206)
transform before final EM align:
 1.00547  -0.04971  -0.18032   23.41947;
 0.13509   1.12498   0.18167  -63.26176;
 0.18282  -0.16078   1.04892  -19.38119;
 0.00000   0.00000   0.00000   1.00000;

**************************************************
 EM alignment process ...
 Computing final MAP estimate using 315638 samples. 
**************************************************
dt = 5.00e-06, momentum=0.80, tol=1.00e-07
l_intensity = 1.0000
Aligning input volume to GCA...
Transform matrix
 1.00547  -0.04971  -0.18032   23.41947;
 0.13509   1.12498   0.18167  -63.26176;
 0.18282  -0.16078   1.04892  -19.38119;
 0.00000   0.00000   0.00000   1.00000;
nsamples 315638
Quasinewton: input matrix
 1.00547  -0.04971  -0.18032   23.41947;
 0.13509   1.12498   0.18167  -63.26176;
 0.18282  -0.16078   1.04892  -19.38119;
 0.00000   0.00000   0.00000   1.00000;
dfp_em_step_func: 010: -log(p) = 3.8
after pass:transform: ( 1.01, -0.05, -0.18, 23.42)
                      ( 0.14, 1.12, 0.18, -63.26)
                      ( 0.18, -0.16, 1.05, -19.38)
dfp_em_step_func: 011: -log(p) = 3.8
after pass:transform: ( 1.01, -0.05, -0.18, 23.42)
                      ( 0.14, 1.12, 0.18, -63.26)
                      ( 0.18, -0.16, 1.05, -19.38)
dfp_em_step_func: 012: -log(p) = 3.8
after pass:transform: ( 1.01, -0.05, -0.18, 23.42)
                      ( 0.14, 1.13, 0.18, -63.26)
                      ( 0.18, -0.16, 1.05, -19.38)
 IFLAG= -1  LINE SEARCH FAILED. SEE DOCUMENTATION OF ROUTINE MCSRCH ERROR RETURN OF LINE SEARCH: INFO= 3 POSSIBLE CAUSES: FUNCTION OR GRADIENT ARE INCORRECT OR INCORRECT TOLERANCESpass 2 through quasi-newton minimization...
 IFLAG= -1  LINE SEARCH FAILED. SEE DOCUMENTATION OF ROUTINE MCSRCH ERROR RETURN OF LINE SEARCH: INFO= 6 POSSIBLE CAUSES: FUNCTION OR GRADIENT ARE INCORRECT OR INCORRECT TOLERANCESoutof QuasiNewtonEMA: 014: -log(p) =    3.8  tol 0.000000
final transform:
 1.00559  -0.04960  -0.18019   23.41947;
 0.13514   1.12502   0.18172  -63.26176;
 0.18286  -0.16076   1.04893  -19.38119;
 0.00000   0.00000   0.00000   1.00000;

writing output transformation to transforms/talairach.lta...
#VMPC# mri_em_register VmPeak  891288
FSRUNTIME@ mri_em_register  0.0306 hours 16 threads
registration took 1 minutes and 50 seconds.

Started at Wed Mar 11 12:22:15 CET 2026 
Ended   at Wed Mar 11 12:24:05 CET 2026
#@#%# recon-all-run-time-hours 0.031
recon-all -s sub-v2s16x51312_ses-1 finished without error at Wed Mar 11 12:24:05 CET 2026



#New# invocation of recon-all 




Wed Mar 11 12:24:07 CET 2026
cd /out/sourcedata/freesurfer/sub-v2s16x51312_ses-1
setenv SUBJECTS_DIR /out/sourcedata/freesurfer
/opt/freesurfer/bin/recon-all -autorecon2-volonly -openmp 16 -subjid sub-v2s16x51312_ses-1 -sd /out/sourcedata/freesurfer -nogcareg

subjid sub-v2s16x51312_ses-1
setenv SUBJECTS_DIR /out/sourcedata/freesurfer
FREESURFER_HOME /opt/freesurfer
Actual FREESURFER_HOME /opt/freesurfer
build-stamp.txt: freesurfer-linux-ubuntu22_x86_64-7.3.2-20220804-6354275
Linux dna043 5.14.0-427.37.1.el9_4.x86_64 #1 SMP PREEMPT_DYNAMIC Fri Sep 13 12:41:50 EDT 2024 x86_64 x86_64 x86_64 GNU/Linux
cputime      unlimited
filesize     unlimited
datasize     unlimited
stacksize    8192 kbytes
coredumpsize 0 kbytes
memoryuse    67108864 kbytes
vmemoryuse   unlimited
descriptors  1024 
memorylocked unlimited
maxproc      2061970 
maxlocks     unlimited
maxsignal    4126352 
maxmessage   819200 
maxnice      0 
maxrtprio    0 
maxrttime    unlimited

               total        used        free      shared  buff/cache   available
Mem:           1.0Ti        55Gi       912Gi        12Gi        39Gi       933Gi
Swap:             0B          0B          0B

########################################
program versions used
7.3.2 (freesurfer-linux-ubuntu22_x86_64-7.3.2-20220804-6354275)
7.3.2

ProgramName: lta_convert  ProgramArguments: lta_convert -all-info  ProgramVersion: 7.3.2  TimeStamp: 2026/03/11-11:24:07-GMT  BuildTime: Aug  4 2022 06:17:15  BuildStamp: freesurfer-linux-ubuntu22_x86_64-7.3.2-20220804-6354275  User: oesteban  Machine: dna043  Platform: Linux  PlatformVersion: 5.14.0-427.37.1.el9_4.x86_64  CompilerName: GCC  CompilerVersion: 8.4.0
ProgramName: mri_and  ProgramArguments: mri_and -all-info  ProgramVersion: 7.3.2  TimeStamp: 2026/03/11-11:24:07-GMT  BuildTime: Aug  4 2022 06:17:15  BuildStamp: freesurfer-linux-ubuntu22_x86_64-7.3.2-20220804-6354275  User: oesteban  Machine: dna043  Platform: Linux  PlatformVersion: 5.14.0-427.37.1.el9_4.x86_64  CompilerName: GCC  CompilerVersion: 8.4.0
ProgramName: mri_annotation2label  ProgramArguments: mri_annotation2label -all-info  ProgramVersion: 7.3.2  TimeStamp: 2026/03/11-11:24:07-GMT  BuildTime: Aug  4 2022 06:17:15  BuildStamp: freesurfer-linux-ubuntu22_x86_64-7.3.2-20220804-6354275  User: oesteban  Machine: dna043  Platform: Linux  PlatformVersion: 5.14.0-427.37.1.el9_4.x86_64  CompilerName: GCC  CompilerVersion: 8.4.0
ProgramName: mri_aparc2aseg  ProgramArguments: mri_aparc2aseg -all-info  ProgramVersion: 7.3.2  TimeStamp: 2026/03/11-11:24:07-GMT  BuildTime: Aug  4 2022 06:17:15  BuildStamp: freesurfer-linux-ubuntu22_x86_64-7.3.2-20220804-6354275  User: oesteban  Machine: dna043  Platform: Linux  PlatformVersion: 5.14.0-427.37.1.el9_4.x86_64  CompilerName: GCC  CompilerVersion: 8.4.0
ProgramName: mri_surf2volseg  ProgramArguments: mri_surf2volseg -all-info  ProgramVersion: 7.3.2  TimeStamp: 2026/03/11-11:24:07-GMT  BuildTime: Aug  4 2022 06:17:15  BuildStamp: freesurfer-linux-ubuntu22_x86_64-7.3.2-20220804-6354275  User: oesteban  Machine: dna043  Platform: Linux  PlatformVersion: 5.14.0-427.37.1.el9_4.x86_64  CompilerName: GCC  CompilerVersion: 8.4.0
ProgramName: mri_binarize  ProgramArguments: mri_binarize -all-info  ProgramVersion: 7.3.2  TimeStamp: 2026/03/11-11:24:07-GMT  BuildTime: Aug  4 2022 06:17:15  BuildStamp: freesurfer-linux-ubuntu22_x86_64-7.3.2-20220804-6354275  User: oesteban  Machine: dna043  Platform: Linux  PlatformVersion: 5.14.0-427.37.1.el9_4.x86_64  CompilerName: GCC  CompilerVersion: 8.4.0
ProgramName: mri_ca_label  ProgramArguments: mri_ca_label -all-info  ProgramVersion: 7.3.2  TimeStamp: 2026/03/11-11:24:07-GMT  BuildTime: Aug  4 2022 06:17:15  BuildStamp: freesurfer-linux-ubuntu22_x86_64-7.3.2-20220804-6354275  User: oesteban  Machine: dna043  Platform: Linux  PlatformVersion: 5.14.0-427.37.1.el9_4.x86_64  CompilerName: GCC  CompilerVersion: 8.4.0
ProgramName: mri_ca_normalize  ProgramArguments: mri_ca_normalize -all-info  ProgramVersion: 7.3.2  TimeStamp: 2026/03/11-11:24:07-GMT  BuildTime: Aug  4 2022 06:17:15  BuildStamp: freesurfer-linux-ubuntu22_x86_64-7.3.2-20220804-6354275  User: oesteban  Machine: dna043  Platform: Linux  PlatformVersion: 5.14.0-427.37.1.el9_4.x86_64  CompilerName: GCC  CompilerVersion: 8.4.0
ProgramName: mri_ca_register  ProgramArguments: mri_ca_register -all-info  ProgramVersion: 7.3.2  TimeStamp: 2026/03/11-11:24:07-GMT  BuildTime: Aug  4 2022 06:17:15  BuildStamp: freesurfer-linux-ubuntu22_x86_64-7.3.2-20220804-6354275  User: oesteban  Machine: dna043  Platform: Linux  PlatformVersion: 5.14.0-427.37.1.el9_4.x86_64  CompilerName: GCC  CompilerVersion: 8.4.0
ProgramName: mri_cc  ProgramArguments: mri_cc -all-info  ProgramVersion: 7.3.2  TimeStamp: 2026/03/11-11:24:07-GMT  BuildTime: Aug  4 2022 06:17:15  BuildStamp: freesurfer-linux-ubuntu22_x86_64-7.3.2-20220804-6354275  User: oesteban  Machine: dna043  Platform: Linux  PlatformVersion: 5.14.0-427.37.1.el9_4.x86_64  CompilerName: GCC  CompilerVersion: 8.4.0
ProgramName: mri_compute_overlap  ProgramArguments: mri_compute_overlap -all-info  ProgramVersion: 7.3.2  TimeStamp: 2026/03/11-11:24:07-GMT  BuildTime: Aug  4 2022 06:17:15  BuildStamp: freesurfer-linux-ubuntu22_x86_64-7.3.2-20220804-6354275  User: oesteban  Machine: dna043  Platform: Linux  PlatformVersion: 5.14.0-427.37.1.el9_4.x86_64  CompilerName: GCC  CompilerVersion: 8.4.0
ProgramName: mri_compute_seg_overlap  ProgramArguments: mri_compute_seg_overlap -all-info  ProgramVersion: 7.3.2  TimeStamp: 2026/03/11-11:24:07-GMT  BuildTime: Aug  4 2022 06:17:15  BuildStamp: freesurfer-linux-ubuntu22_x86_64-7.3.2-20220804-6354275  User: oesteban  Machine: dna043  Platform: Linux  PlatformVersion: 5.14.0-427.37.1.el9_4.x86_64  CompilerName: GCC  CompilerVersion: 8.4.0
ProgramName: mri_concat  ProgramArguments: mri_concat -all-info  ProgramVersion: 7.3.2  TimeStamp: 2026/03/11-11:24:07-GMT  BuildTime: Aug  4 2022 06:17:15  BuildStamp: freesurfer-linux-ubuntu22_x86_64-7.3.2-20220804-6354275  User: oesteban  Machine: dna043  Platform: Linux  PlatformVersion: 5.14.0-427.37.1.el9_4.x86_64  CompilerName: GCC  CompilerVersion: 8.4.0
ProgramName: mri_concatenate_lta  ProgramArguments: mri_concatenate_lta -all-info  ProgramVersion: 7.3.2  TimeStamp: 2026/03/11-11:24:07-GMT  BuildTime: Aug  4 2022 06:17:15  BuildStamp: freesurfer-linux-ubuntu22_x86_64-7.3.2-20220804-6354275  User: oesteban  Machine: dna043  Platform: Linux  PlatformVersion: 5.14.0-427.37.1.el9_4.x86_64  CompilerName: GCC  CompilerVersion: 8.4.0
mri_convert -all-info 
ProgramName: mri_convert  ProgramArguments: mri_convert -all-info  ProgramVersion: 7.3.2  TimeStamp: 2026/03/11-11:24:07-GMT  BuildTime: Aug  4 2022 06:17:15  BuildStamp: freesurfer-linux-ubuntu22_x86_64-7.3.2-20220804-6354275  User: oesteban  Machine: dna043  Platform: Linux  PlatformVersion: 5.14.0-427.37.1.el9_4.x86_64  CompilerName: GCC  CompilerVersion: 8.4.0
ProgramName: mri_diff  ProgramArguments: mri_diff -all-info  ProgramVersion: 7.3.2  TimeStamp: 2026/03/11-11:24:07-GMT  BuildTime: Aug  4 2022 06:17:15  BuildStamp: freesurfer-linux-ubuntu22_x86_64-7.3.2-20220804-6354275  User: oesteban  Machine: dna043  Platform: Linux  PlatformVersion: 5.14.0-427.37.1.el9_4.x86_64  CompilerName: GCC  CompilerVersion: 8.4.0
ProgramName: mri_edit_wm_with_aseg  ProgramArguments: mri_edit_wm_with_aseg -all-info  ProgramVersion: 7.3.2  TimeStamp: 2026/03/11-11:24:07-GMT  BuildTime: Aug  4 2022 06:17:15  BuildStamp: freesurfer-linux-ubuntu22_x86_64-7.3.2-20220804-6354275  User: oesteban  Machine: dna043  Platform: Linux  PlatformVersion: 5.14.0-427.37.1.el9_4.x86_64  CompilerName: GCC  CompilerVersion: 8.4.0
ProgramName: mri_em_register  ProgramArguments: mri_em_register -all-info  ProgramVersion: 7.3.2  TimeStamp: 2026/03/11-11:24:07-GMT  BuildTime: Aug  4 2022 06:17:15  BuildStamp: freesurfer-linux-ubuntu22_x86_64-7.3.2-20220804-6354275  User: oesteban  Machine: dna043  Platform: Linux  PlatformVersion: 5.14.0-427.37.1.el9_4.x86_64  CompilerName: GCC  CompilerVersion: 8.4.0
ProgramName: mri_fill  ProgramArguments: mri_fill -all-info  ProgramVersion: 7.3.2  TimeStamp: 2026/03/11-11:24:07-GMT  BuildTime: Aug  4 2022 06:17:15  BuildStamp: freesurfer-linux-ubuntu22_x86_64-7.3.2-20220804-6354275  User: oesteban  Machine: dna043  Platform: Linux  PlatformVersion: 5.14.0-427.37.1.el9_4.x86_64  CompilerName: GCC  CompilerVersion: 8.4.0
ProgramName: mri_fuse_segmentations  ProgramArguments: mri_fuse_segmentations -all-info  ProgramVersion: 7.3.2  TimeStamp: 2026/03/11-11:24:07-GMT  BuildTime: Aug  4 2022 06:17:15  BuildStamp: freesurfer-linux-ubuntu22_x86_64-7.3.2-20220804-6354275  User: oesteban  Machine: dna043  Platform: Linux  PlatformVersion: 5.14.0-427.37.1.el9_4.x86_64  CompilerName: GCC  CompilerVersion: 8.4.0
ProgramName: mri_fwhm  ProgramArguments: mri_fwhm -all-info  ProgramVersion: 7.3.2  TimeStamp: 2026/03/11-11:24:07-GMT  BuildTime: Aug  4 2022 06:17:15  BuildStamp: freesurfer-linux-ubuntu22_x86_64-7.3.2-20220804-6354275  User: oesteban  Machine: dna043  Platform: Linux  PlatformVersion: 5.14.0-427.37.1.el9_4.x86_64  CompilerName: GCC  CompilerVersion: 8.4.0
ProgramName: mri_gcut  ProgramArguments: mri_gcut -all-info  ProgramVersion: 7.3.2  TimeStamp: 2026/03/11-11:24:07-GMT  BuildTime: Aug  4 2022 06:17:15  BuildStamp: freesurfer-linux-ubuntu22_x86_64-7.3.2-20220804-6354275  User: oesteban  Machine: dna043  Platform: Linux  PlatformVersion: 5.14.0-427.37.1.el9_4.x86_64  CompilerName: GCC  CompilerVersion: 8.4.0
ProgramName: mri_info  ProgramArguments: mri_info -all-info  ProgramVersion: 7.3.2  TimeStamp: 2026/03/11-11:24:07-GMT  BuildTime: Aug  4 2022 06:17:15  BuildStamp: freesurfer-linux-ubuntu22_x86_64-7.3.2-20220804-6354275  User: oesteban  Machine: dna043  Platform: Linux  PlatformVersion: 5.14.0-427.37.1.el9_4.x86_64  CompilerName: GCC  CompilerVersion: 8.4.0
ProgramName: mri_label2label  ProgramArguments: mri_label2label -all-info  ProgramVersion: 7.3.2  TimeStamp: 2026/03/11-11:24:07-GMT  BuildTime: Aug  4 2022 06:17:15  BuildStamp: freesurfer-linux-ubuntu22_x86_64-7.3.2-20220804-6354275  User: oesteban  Machine: dna043  Platform: Linux  PlatformVersion: 5.14.0-427.37.1.el9_4.x86_64  CompilerName: GCC  CompilerVersion: 8.4.0
ProgramName: mri_label2vol  ProgramArguments: mri_label2vol -all-info  ProgramVersion: 7.3.2  TimeStamp: 2026/03/11-11:24:07-GMT  BuildTime: Aug  4 2022 06:17:15  BuildStamp: freesurfer-linux-ubuntu22_x86_64-7.3.2-20220804-6354275  User: oesteban  Machine: dna043  Platform: Linux  PlatformVersion: 5.14.0-427.37.1.el9_4.x86_64  CompilerName: GCC  CompilerVersion: 8.4.0
ProgramName: mri_log_likelihood  ProgramArguments: mri_log_likelihood -all-info  ProgramVersion: 7.3.2  TimeStamp: 2026/03/11-11:24:07-GMT  BuildTime: Aug  4 2022 06:17:15  BuildStamp: freesurfer-linux-ubuntu22_x86_64-7.3.2-20220804-6354275  User: oesteban  Machine: dna043  Platform: Linux  PlatformVersion: 5.14.0-427.37.1.el9_4.x86_64  CompilerName: GCC  CompilerVersion: 8.4.0
ProgramName: mri_mask  ProgramArguments: mri_mask -all-info  ProgramVersion: 7.3.2  TimeStamp: 2026/03/11-11:24:07-GMT  BuildTime: Aug  4 2022 06:17:15  BuildStamp: freesurfer-linux-ubuntu22_x86_64-7.3.2-20220804-6354275  User: oesteban  Machine: dna043  Platform: Linux  PlatformVersion: 5.14.0-427.37.1.el9_4.x86_64  CompilerName: GCC  CompilerVersion: 8.4.0
ProgramName: mri_matrix_multiply  ProgramArguments: mri_matrix_multiply -all-info  ProgramVersion: 7.3.2  TimeStamp: 2026/03/11-11:24:07-GMT  BuildTime: Aug  4 2022 06:17:15  BuildStamp: freesurfer-linux-ubuntu22_x86_64-7.3.2-20220804-6354275  User: oesteban  Machine: dna043  Platform: Linux  PlatformVersion: 5.14.0-427.37.1.el9_4.x86_64  CompilerName: GCC  CompilerVersion: 8.4.0
ProgramName: mri_normalize  ProgramArguments: mri_normalize -all-info  ProgramVersion: 7.3.2  TimeStamp: 2026/03/11-11:24:07-GMT  BuildTime: Aug  4 2022 06:17:15  BuildStamp: freesurfer-linux-ubuntu22_x86_64-7.3.2-20220804-6354275  User: oesteban  Machine: dna043  Platform: Linux  PlatformVersion: 5.14.0-427.37.1.el9_4.x86_64  CompilerName: GCC  CompilerVersion: 8.4.0
ProgramName: mri_normalize_tp2  ProgramArguments: mri_normalize_tp2 -all-info  ProgramVersion: 7.3.2  TimeStamp: 2026/03/11-11:24:07-GMT  BuildTime: Aug  4 2022 06:17:15  BuildStamp: freesurfer-linux-ubuntu22_x86_64-7.3.2-20220804-6354275  User: oesteban  Machine: dna043  Platform: Linux  PlatformVersion: 5.14.0-427.37.1.el9_4.x86_64  CompilerName: GCC  CompilerVersion: 8.4.0
ProgramName: mri_or  ProgramArguments: mri_or -all-info  ProgramVersion: 7.3.2  TimeStamp: 2026/03/11-11:24:07-GMT  BuildTime: Aug  4 2022 06:17:15  BuildStamp: freesurfer-linux-ubuntu22_x86_64-7.3.2-20220804-6354275  User: oesteban  Machine: dna043  Platform: Linux  PlatformVersion: 5.14.0-427.37.1.el9_4.x86_64  CompilerName: GCC  CompilerVersion: 8.4.0
ProgramName: mri_relabel_hypointensities  ProgramArguments: mri_relabel_hypointensities -all-info  ProgramVersion: 7.3.2  TimeStamp: 2026/03/11-11:24:07-GMT  BuildTime: Aug  4 2022 06:17:15  BuildStamp: freesurfer-linux-ubuntu22_x86_64-7.3.2-20220804-6354275  User: oesteban  Machine: dna043  Platform: Linux  PlatformVersion: 5.14.0-427.37.1.el9_4.x86_64  CompilerName: GCC  CompilerVersion: 8.4.0
ProgramName: mri_relabel_nonwm_hypos  ProgramArguments: mri_relabel_nonwm_hypos -all-info  ProgramVersion: 7.3.2  TimeStamp: 2026/03/11-11:24:07-GMT  BuildTime: Aug  4 2022 06:17:15  BuildStamp: freesurfer-linux-ubuntu22_x86_64-7.3.2-20220804-6354275  User: oesteban  Machine: dna043  Platform: Linux  PlatformVersion: 5.14.0-427.37.1.el9_4.x86_64  CompilerName: GCC  CompilerVersion: 8.4.0
ProgramName: mri_remove_neck  ProgramArguments: mri_remove_neck -all-info  ProgramVersion: 7.3.2  TimeStamp: 2026/03/11-11:24:07-GMT  BuildTime: Aug  4 2022 06:17:15  BuildStamp: freesurfer-linux-ubuntu22_x86_64-7.3.2-20220804-6354275  User: oesteban  Machine: dna043  Platform: Linux  PlatformVersion: 5.14.0-427.37.1.el9_4.x86_64  CompilerName: GCC  CompilerVersion: 8.4.0
7.3.2

ProgramName: mri_robust_register  ProgramArguments: mri_robust_register -all-info  ProgramVersion: 7.3.2  TimeStamp: 2026/03/11-11:24:07-GMT  BuildTime: Aug  4 2022 06:17:15  BuildStamp: freesurfer-linux-ubuntu22_x86_64-7.3.2-20220804-6354275  User: oesteban  Machine: dna043  Platform: Linux  PlatformVersion: 5.14.0-427.37.1.el9_4.x86_64  CompilerName: GCC  CompilerVersion: 8.4.0
7.3.2

ProgramName: mri_robust_template  ProgramArguments: mri_robust_template -all-info  ProgramVersion: 7.3.2  TimeStamp: 2026/03/11-11:24:07-GMT  BuildTime: Aug  4 2022 06:17:15  BuildStamp: freesurfer-linux-ubuntu22_x86_64-7.3.2-20220804-6354275  User: oesteban  Machine: dna043  Platform: Linux  PlatformVersion: 5.14.0-427.37.1.el9_4.x86_64  CompilerName: GCC  CompilerVersion: 8.4.0
ProgramName: mris_anatomical_stats  ProgramArguments: mris_anatomical_stats -all-info  ProgramVersion: 7.3.2  TimeStamp: 2026/03/11-11:24:07-GMT  BuildTime: Aug  4 2022 06:17:15  BuildStamp: freesurfer-linux-ubuntu22_x86_64-7.3.2-20220804-6354275  User: oesteban  Machine: dna043  Platform: Linux  PlatformVersion: 5.14.0-427.37.1.el9_4.x86_64  CompilerName: GCC  CompilerVersion: 8.4.0
ProgramName: mris_ca_label  ProgramArguments: mris_ca_label -all-info  ProgramVersion: 7.3.2  TimeStamp: 2026/03/11-11:24:07-GMT  BuildTime: Aug  4 2022 06:17:15  BuildStamp: freesurfer-linux-ubuntu22_x86_64-7.3.2-20220804-6354275  User: oesteban  Machine: dna043  Platform: Linux  PlatformVersion: 5.14.0-427.37.1.el9_4.x86_64  CompilerName: GCC  CompilerVersion: 8.4.0
ProgramName: mris_calc  ProgramArguments: mris_calc -all-info  ProgramVersion: 7.3.2  TimeStamp: 2026/03/11-11:24:07-GMT  BuildTime: Aug  4 2022 06:17:15  BuildStamp: freesurfer-linux-ubuntu22_x86_64-7.3.2-20220804-6354275  User: oesteban  Machine: dna043  Platform: Linux  PlatformVersion: 5.14.0-427.37.1.el9_4.x86_64  CompilerName: GCC  CompilerVersion: 8.4.0
ProgramName: mris_convert  ProgramArguments: mris_convert -all-info  ProgramVersion: 7.3.2  TimeStamp: 2026/03/11-11:24:07-GMT  BuildTime: Aug  4 2022 06:17:15  BuildStamp: freesurfer-linux-ubuntu22_x86_64-7.3.2-20220804-6354275  User: oesteban  Machine: dna043  Platform: Linux  PlatformVersion: 5.14.0-427.37.1.el9_4.x86_64  CompilerName: GCC  CompilerVersion: 8.4.0
ProgramName: mris_curvature  ProgramArguments: mris_curvature -all-info  ProgramVersion: 7.3.2  TimeStamp: 2026/03/11-11:24:07-GMT  BuildTime: Aug  4 2022 06:17:15  BuildStamp: freesurfer-linux-ubuntu22_x86_64-7.3.2-20220804-6354275  User: oesteban  Machine: dna043  Platform: Linux  PlatformVersion: 5.14.0-427.37.1.el9_4.x86_64  CompilerName: GCC  CompilerVersion: 8.4.0
ProgramName: mris_curvature_stats  ProgramArguments: mris_curvature_stats -all-info  ProgramVersion: 7.3.2  TimeStamp: 2026/03/11-11:24:07-GMT  BuildTime: Aug  4 2022 06:17:15  BuildStamp: freesurfer-linux-ubuntu22_x86_64-7.3.2-20220804-6354275  User: oesteban  Machine: dna043  Platform: Linux  PlatformVersion: 5.14.0-427.37.1.el9_4.x86_64  CompilerName: GCC  CompilerVersion: 8.4.0
ProgramName: mris_diff  ProgramArguments: mris_diff -all-info  ProgramVersion: 7.3.2  TimeStamp: 2026/03/11-11:24:07-GMT  BuildTime: Aug  4 2022 06:17:15  BuildStamp: freesurfer-linux-ubuntu22_x86_64-7.3.2-20220804-6354275  User: oesteban  Machine: dna043  Platform: Linux  PlatformVersion: 5.14.0-427.37.1.el9_4.x86_64  CompilerName: GCC  CompilerVersion: 8.4.0
ProgramName: mris_divide_parcellation  ProgramArguments: mris_divide_parcellation -all-info  ProgramVersion: 7.3.2  TimeStamp: 2026/03/11-11:24:07-GMT  BuildTime: Aug  4 2022 06:17:15  BuildStamp: freesurfer-linux-ubuntu22_x86_64-7.3.2-20220804-6354275  User: oesteban  Machine: dna043  Platform: Linux  PlatformVersion: 5.14.0-427.37.1.el9_4.x86_64  CompilerName: GCC  CompilerVersion: 8.4.0
ProgramName: mri_segment  ProgramArguments: mri_segment -all-info  ProgramVersion: 7.3.2  TimeStamp: 2026/03/11-11:24:07-GMT  BuildTime: Aug  4 2022 06:17:15  BuildStamp: freesurfer-linux-ubuntu22_x86_64-7.3.2-20220804-6354275  User: oesteban  Machine: dna043  Platform: Linux  PlatformVersion: 5.14.0-427.37.1.el9_4.x86_64  CompilerName: GCC  CompilerVersion: 8.4.0
ProgramName: mri_segstats  ProgramArguments: mri_segstats -all-info  ProgramVersion: 7.3.2  TimeStamp: 2026/03/11-11:24:07-GMT  BuildTime: Aug  4 2022 06:17:15  BuildStamp: freesurfer-linux-ubuntu22_x86_64-7.3.2-20220804-6354275  User: oesteban  Machine: dna043  Platform: Linux  PlatformVersion: 5.14.0-427.37.1.el9_4.x86_64  CompilerName: GCC  CompilerVersion: 8.4.0
ProgramName: mris_euler_number  ProgramArguments: mris_euler_number -all-info  ProgramVersion: 7.3.2  TimeStamp: 2026/03/11-11:24:07-GMT  BuildTime: Aug  4 2022 06:17:15  BuildStamp: freesurfer-linux-ubuntu22_x86_64-7.3.2-20220804-6354275  User: oesteban  Machine: dna043  Platform: Linux  PlatformVersion: 5.14.0-427.37.1.el9_4.x86_64  CompilerName: GCC  CompilerVersion: 8.4.0
ProgramName: mris_fix_topology  ProgramArguments: mris_fix_topology -all-info  ProgramVersion: 7.3.2  TimeStamp: 2026/03/11-11:24:07-GMT  BuildTime: Aug  4 2022 06:17:15  BuildStamp: freesurfer-linux-ubuntu22_x86_64-7.3.2-20220804-6354275  User: oesteban  Machine: dna043  Platform: Linux  PlatformVersion: 5.14.0-427.37.1.el9_4.x86_64  CompilerName: GCC  CompilerVersion: 8.4.0
ProgramName: mris_topo_fixer  ProgramArguments: mris_topo_fixer -all-info  ProgramVersion: 7.3.2  TimeStamp: 2026/03/11-11:24:07-GMT  BuildTime: Aug  4 2022 06:17:15  BuildStamp: freesurfer-linux-ubuntu22_x86_64-7.3.2-20220804-6354275  User: oesteban  Machine: dna043  Platform: Linux  PlatformVersion: 5.14.0-427.37.1.el9_4.x86_64  CompilerName: GCC  CompilerVersion: 8.4.0
ProgramName: mris_jacobian  ProgramArguments: mris_jacobian -all-info  ProgramVersion: 7.3.2  TimeStamp: 2026/03/11-11:24:07-GMT  BuildTime: Aug  4 2022 06:17:15  BuildStamp: freesurfer-linux-ubuntu22_x86_64-7.3.2-20220804-6354275  User: oesteban  Machine: dna043  Platform: Linux  PlatformVersion: 5.14.0-427.37.1.el9_4.x86_64  CompilerName: GCC  CompilerVersion: 8.4.0
ProgramName: mris_label2annot  ProgramArguments: mris_label2annot -all-info  ProgramVersion: 7.3.2  TimeStamp: 2026/03/11-11:24:07-GMT  BuildTime: Aug  4 2022 06:17:15  BuildStamp: freesurfer-linux-ubuntu22_x86_64-7.3.2-20220804-6354275  User: oesteban  Machine: dna043  Platform: Linux  PlatformVersion: 5.14.0-427.37.1.el9_4.x86_64  CompilerName: GCC  CompilerVersion: 8.4.0
ProgramName: mris_left_right_register  ProgramArguments: mris_left_right_register -all-info  ProgramVersion: 7.3.2  TimeStamp: 2026/03/11-11:24:07-GMT  BuildTime: Aug  4 2022 06:17:15  BuildStamp: freesurfer-linux-ubuntu22_x86_64-7.3.2-20220804-6354275  User: oesteban  Machine: dna043  Platform: Linux  PlatformVersion: 5.14.0-427.37.1.el9_4.x86_64  CompilerName: GCC  CompilerVersion: 8.4.0
ProgramName: mris_place_surface  ProgramArguments: mris_place_surface -all-info  ProgramVersion: 7.3.2  TimeStamp: 2026/03/11-11:24:07-GMT  BuildTime: Aug  4 2022 06:17:15  BuildStamp: freesurfer-linux-ubuntu22_x86_64-7.3.2-20220804-6354275  User: oesteban  Machine: dna043  Platform: Linux  PlatformVersion: 5.14.0-427.37.1.el9_4.x86_64  CompilerName: GCC  CompilerVersion: 8.4.0
ProgramName: mrisp_paint  ProgramArguments: mrisp_paint -all-info  ProgramVersion: 7.3.2  TimeStamp: 2026/03/11-11:24:07-GMT  BuildTime: Aug  4 2022 06:17:15  BuildStamp: freesurfer-linux-ubuntu22_x86_64-7.3.2-20220804-6354275  User: oesteban  Machine: dna043  Platform: Linux  PlatformVersion: 5.14.0-427.37.1.el9_4.x86_64  CompilerName: GCC  CompilerVersion: 8.4.0
ProgramName: mris_register  ProgramArguments: mris_register -all-info  ProgramVersion: 7.3.2  TimeStamp: 2026/03/11-11:24:07-GMT  BuildTime: Aug  4 2022 06:17:15  BuildStamp: freesurfer-linux-ubuntu22_x86_64-7.3.2-20220804-6354275  User: oesteban  Machine: dna043  Platform: Linux  PlatformVersion: 5.14.0-427.37.1.el9_4.x86_64  CompilerName: GCC  CompilerVersion: 8.4.0
ProgramName: mris_smooth  ProgramArguments: mris_smooth -all-info  ProgramVersion: 7.3.2  TimeStamp: 2026/03/11-11:24:07-GMT  BuildTime: Aug  4 2022 06:17:15  BuildStamp: freesurfer-linux-ubuntu22_x86_64-7.3.2-20220804-6354275  User: oesteban  Machine: dna043  Platform: Linux  PlatformVersion: 5.14.0-427.37.1.el9_4.x86_64  CompilerName: GCC  CompilerVersion: 8.4.0
ProgramName: mris_sphere  ProgramArguments: mris_sphere -all-info  ProgramVersion: 7.3.2  TimeStamp: 2026/03/11-11:24:07-GMT  BuildTime: Aug  4 2022 06:17:15  BuildStamp: freesurfer-linux-ubuntu22_x86_64-7.3.2-20220804-6354275  User: oesteban  Machine: dna043  Platform: Linux  PlatformVersion: 5.14.0-427.37.1.el9_4.x86_64  CompilerName: GCC  CompilerVersion: 8.4.0
ProgramName: mris_surface_stats  ProgramArguments: mris_surface_stats -all-info  ProgramVersion: 7.3.2  TimeStamp: 2026/03/11-11:24:07-GMT  BuildTime: Aug  4 2022 06:17:15  BuildStamp: freesurfer-linux-ubuntu22_x86_64-7.3.2-20220804-6354275  User: oesteban  Machine: dna043  Platform: Linux  PlatformVersion: 5.14.0-427.37.1.el9_4.x86_64  CompilerName: GCC  CompilerVersion: 8.4.0
ProgramName: mri_stats2seg  ProgramArguments: mri_stats2seg -all-info  ProgramVersion: 7.3.2  TimeStamp: 2026/03/11-11:24:07-GMT  BuildTime: Aug  4 2022 06:17:15  BuildStamp: freesurfer-linux-ubuntu22_x86_64-7.3.2-20220804-6354275  User: oesteban  Machine: dna043  Platform: Linux  PlatformVersion: 5.14.0-427.37.1.el9_4.x86_64  CompilerName: GCC  CompilerVersion: 8.4.0
ProgramName: mris_thickness  ProgramArguments: mris_thickness -all-info  ProgramVersion: 7.3.2  TimeStamp: 2026/03/11-11:24:07-GMT  BuildTime: Aug  4 2022 06:17:15  BuildStamp: freesurfer-linux-ubuntu22_x86_64-7.3.2-20220804-6354275  User: oesteban  Machine: dna043  Platform: Linux  PlatformVersion: 5.14.0-427.37.1.el9_4.x86_64  CompilerName: GCC  CompilerVersion: 8.4.0
ProgramName: mris_thickness_diff  ProgramArguments: mris_thickness_diff -all-info  ProgramVersion: 7.3.2  TimeStamp: 2026/03/11-11:24:07-GMT  BuildTime: Aug  4 2022 06:17:15  BuildStamp: freesurfer-linux-ubuntu22_x86_64-7.3.2-20220804-6354275  User: oesteban  Machine: dna043  Platform: Linux  PlatformVersion: 5.14.0-427.37.1.el9_4.x86_64  CompilerName: GCC  CompilerVersion: 8.4.0
ProgramName: mris_topo_fixer  ProgramArguments: mris_topo_fixer -all-info  ProgramVersion: 7.3.2  TimeStamp: 2026/03/11-11:24:07-GMT  BuildTime: Aug  4 2022 06:17:15  BuildStamp: freesurfer-linux-ubuntu22_x86_64-7.3.2-20220804-6354275  User: oesteban  Machine: dna043  Platform: Linux  PlatformVersion: 5.14.0-427.37.1.el9_4.x86_64  CompilerName: GCC  CompilerVersion: 8.4.0
ProgramName: mri_surf2surf  ProgramArguments: mri_surf2surf -all-info  ProgramVersion: 7.3.2  TimeStamp: 2026/03/11-11:24:07-GMT  BuildTime: Aug  4 2022 06:17:15  BuildStamp: freesurfer-linux-ubuntu22_x86_64-7.3.2-20220804-6354275  User: oesteban  Machine: dna043  Platform: Linux  PlatformVersion: 5.14.0-427.37.1.el9_4.x86_64  CompilerName: GCC  CompilerVersion: 8.4.0
ProgramName: mri_surf2vol  ProgramArguments: mri_surf2vol -all-info  ProgramVersion: 7.3.2  TimeStamp: 2026/03/11-11:24:07-GMT  BuildTime: Aug  4 2022 06:17:15  BuildStamp: freesurfer-linux-ubuntu22_x86_64-7.3.2-20220804-6354275  User: oesteban  Machine: dna043  Platform: Linux  PlatformVersion: 5.14.0-427.37.1.el9_4.x86_64  CompilerName: GCC  CompilerVersion: 8.4.0
ProgramName: mri_surfcluster  ProgramArguments: mri_surfcluster -all-info  ProgramVersion: 7.3.2  TimeStamp: 2026/03/11-11:24:07-GMT  BuildTime: Aug  4 2022 06:17:15  BuildStamp: freesurfer-linux-ubuntu22_x86_64-7.3.2-20220804-6354275  User: oesteban  Machine: dna043  Platform: Linux  PlatformVersion: 5.14.0-427.37.1.el9_4.x86_64  CompilerName: GCC  CompilerVersion: 8.4.0
ProgramName: mris_volmask  ProgramArguments: mris_volmask -all-info  ProgramVersion: 7.3.2  TimeStamp: 2026/03/11-11:24:07-GMT  BuildTime: Aug  4 2022 06:17:15  BuildStamp: freesurfer-linux-ubuntu22_x86_64-7.3.2-20220804-6354275  User: oesteban  Machine: dna043  Platform: Linux  PlatformVersion: 5.14.0-427.37.1.el9_4.x86_64  CompilerName: GCC  CompilerVersion: 8.4.0
ProgramName: mri_tessellate  ProgramArguments: mri_tessellate -all-info  ProgramVersion: 7.3.2  TimeStamp: 2026/03/11-11:24:07-GMT  BuildTime: Aug  4 2022 06:17:15  BuildStamp: freesurfer-linux-ubuntu22_x86_64-7.3.2-20220804-6354275  User: oesteban  Machine: dna043  Platform: Linux  PlatformVersion: 5.14.0-427.37.1.el9_4.x86_64  CompilerName: GCC  CompilerVersion: 8.4.0
ProgramName: mri_vol2surf  ProgramArguments: mri_vol2surf -all-info  ProgramVersion: 7.3.2  TimeStamp: 2026/03/11-11:24:07-GMT  BuildTime: Aug  4 2022 06:17:15  BuildStamp: freesurfer-linux-ubuntu22_x86_64-7.3.2-20220804-6354275  User: oesteban  Machine: dna043  Platform: Linux  PlatformVersion: 5.14.0-427.37.1.el9_4.x86_64  CompilerName: GCC  CompilerVersion: 8.4.0
ProgramName: mri_vol2vol  ProgramArguments: mri_vol2vol -all-info  ProgramVersion: 7.3.2  TimeStamp: 2026/03/11-11:24:07-GMT  BuildTime: Aug  4 2022 06:17:15  BuildStamp: freesurfer-linux-ubuntu22_x86_64-7.3.2-20220804-6354275  User: oesteban  Machine: dna043  Platform: Linux  PlatformVersion: 5.14.0-427.37.1.el9_4.x86_64  CompilerName: GCC  CompilerVersion: 8.4.0
ProgramName: mri_voldiff  ProgramArguments: mri_voldiff -all-info  ProgramVersion: 7.3.2  TimeStamp: 2026/03/11-11:24:07-GMT  BuildTime: Aug  4 2022 06:17:15  BuildStamp: freesurfer-linux-ubuntu22_x86_64-7.3.2-20220804-6354275  User: oesteban  Machine: dna043  Platform: Linux  PlatformVersion: 5.14.0-427.37.1.el9_4.x86_64  CompilerName: GCC  CompilerVersion: 8.4.0
ProgramName: mri_watershed  ProgramArguments: mri_watershed -all-info  ProgramVersion: 7.3.2  TimeStamp: 2026/03/11-11:24:07-GMT  BuildTime: Aug  4 2022 06:17:15  BuildStamp: freesurfer-linux-ubuntu22_x86_64-7.3.2-20220804-6354275  User: oesteban  Machine: dna043  Platform: Linux  PlatformVersion: 5.14.0-427.37.1.el9_4.x86_64  CompilerName: GCC  CompilerVersion: 8.4.0
ProgramName: tkregister2  ProgramArguments: tkregister2_cmdl -all-info  ProgramVersion: 7.3.2  TimeStamp: 2026/03/11-11:24:07-GMT  BuildTime: Aug  4 2022 06:17:15  BuildStamp: freesurfer-linux-ubuntu22_x86_64-7.3.2-20220804-6354275  User: oesteban  Machine: dna043  Platform: Linux  PlatformVersion: 5.14.0-427.37.1.el9_4.x86_64  CompilerName: GCC  CompilerVersion: 8.4.0
mri_motion_correct.fsl 7.3.2
mri_convert -all-info 
ProgramName: mri_convert  ProgramArguments: mri_convert -all-info  ProgramVersion: 7.3.2  TimeStamp: 2026/03/11-11:24:07-GMT  BuildTime: Aug  4 2022 06:17:15  BuildStamp: freesurfer-linux-ubuntu22_x86_64-7.3.2-20220804-6354275  User: oesteban  Machine: dna043  Platform: Linux  PlatformVersion: 5.14.0-427.37.1.el9_4.x86_64  CompilerName: GCC  CompilerVersion: 8.4.0
Program nu_correct, built from:
Package MNI N3, version 1.12.0, compiled by nicks@terrier (x86_64-unknown-linux-gnu) on 2015-06-19 at 01:25:34
#######################################
GCADIR /opt/freesurfer/average
GCA RB_all_2020-01-02.gca
GCASkull RB_all_withskull_2020_01_02.gca
AvgCurvTif folding.atlas.acfb40.noaparc.i12.2016-08-02.tif
GCSDIR /opt/freesurfer/average
GCS DKaparc.atlas.acfb40.noaparc.i12.2016-08-02.gcs
#######################################
#--------------------------------------
#@# CA Normalize Wed Mar 11 12:24:07 CET 2026
/out/sourcedata/freesurfer/sub-v2s16x51312_ses-1/mri

 mri_ca_normalize -c ctrl_pts.mgz -mask brainmask.mgz nu.mgz /opt/freesurfer/average/RB_all_2020-01-02.gca transforms/talairach.lta norm.mgz 

writing control point volume to ctrl_pts.mgz
using MR volume brainmask.mgz to mask input volume...
reading 1 input volume
reading atlas from '/opt/freesurfer/average/RB_all_2020-01-02.gca'...
reading transform from 'transforms/talairach.lta'...
reading input volume from nu.mgz...
resetting wm mean[0]: 98 --> 107
resetting gm mean[0]: 61 --> 61
input volume #1 is the most T1-like
using real data threshold=23.0
skull bounding box = (59, 67, 38) --> (197, 198, 202)
finding center of left hemi white matter
using (105, 111, 120) as brain centroid of Right_Cerebral_White_Matter...
mean wm in atlas = 107, using box (88,95,100) --> (121, 127,140) to find MRI wm
before smoothing, mri peak at 107
robust fit to distribution - 106 +- 5.0
after smoothing, mri peak at 106, scaling input intensities by 1.009
scaling channel 0 by 1.00943
using 246437 sample points...
INFO: compute sample coordinates transform
 1.00559  -0.04960  -0.18019   23.41947;
 0.13514   1.12502   0.18172  -63.26176;
 0.18286  -0.16076   1.04893  -19.38119;
 0.00000   0.00000   0.00000   1.00000;
INFO: transform used
finding control points in Left_Cerebral_White_Matter....
found 40230 control points for structure...
bounding box (118, 68, 42) --> (194, 168, 195)
Left_Cerebral_White_Matter: limiting intensities to 94.0 --> 132.0
2 of 4854 (0.0%) samples deleted
finding control points in Right_Cerebral_White_Matter....
found 39478 control points for structure...
bounding box (65, 71, 47) --> (140, 174, 201)
Right_Cerebral_White_Matter: limiting intensities to 95.0 --> 132.0
2 of 4982 (0.0%) samples deleted
finding control points in Left_Cerebellum_White_Matter....
found 3105 control points for structure...
bounding box (126, 145, 65) --> (177, 185, 116)
Left_Cerebellum_White_Matter: limiting intensities to 109.0 --> 132.0
0 of 271 (0.0%) samples deleted
finding control points in Right_Cerebellum_White_Matter....
found 2710 control points for structure...
bounding box (85, 146, 70) --> (128, 188, 123)
Right_Cerebellum_White_Matter: limiting intensities to 105.0 --> 132.0
0 of 296 (0.0%) samples deleted
finding control points in Brain_Stem....
found 3475 control points for structure...
bounding box (115, 137, 101) --> (149, 199, 130)
Brain_Stem: limiting intensities to 89.0 --> 132.0
0 of 392 (0.0%) samples deleted
using 10795 total control points for intensity normalization...
bias field = 0.947 +- 0.082
5 of 10791 control points discarded
finding control points in Left_Cerebral_White_Matter....
found 40230 control points for structure...
bounding box (118, 68, 42) --> (194, 168, 195)
Left_Cerebral_White_Matter: limiting intensities to 88.0 --> 132.0
12 of 5325 (0.2%) samples deleted
finding control points in Right_Cerebral_White_Matter....
found 39478 control points for structure...
bounding box (65, 71, 47) --> (140, 174, 201)
Right_Cerebral_White_Matter: limiting intensities to 88.0 --> 132.0
7 of 5381 (0.1%) samples deleted
finding control points in Left_Cerebellum_White_Matter....
found 3105 control points for structure...
bounding box (126, 145, 65) --> (177, 185, 116)
Left_Cerebellum_White_Matter: limiting intensities to 88.0 --> 132.0
14 of 323 (4.3%) samples deleted
finding control points in Right_Cerebellum_White_Matter....
found 2710 control points for structure...
bounding box (85, 146, 70) --> (128, 188, 123)
Right_Cerebellum_White_Matter: limiting intensities to 88.0 --> 132.0
1 of 368 (0.3%) samples deleted
finding control points in Brain_Stem....
found 3475 control points for structure...
bounding box (115, 137, 101) --> (149, 199, 130)
Brain_Stem: limiting intensities to 88.0 --> 132.0
184 of 582 (31.6%) samples deleted
using 11979 total control points for intensity normalization...
bias field = 1.039 +- 0.066
3 of 11636 control points discarded
finding control points in Left_Cerebral_White_Matter....
found 40230 control points for structure...
bounding box (118, 68, 42) --> (194, 168, 195)
Left_Cerebral_White_Matter: limiting intensities to 88.0 --> 132.0
6 of 5282 (0.1%) samples deleted
finding control points in Right_Cerebral_White_Matter....
found 39478 control points for structure...
bounding box (65, 71, 47) --> (140, 174, 201)
Right_Cerebral_White_Matter: limiting intensities to 88.0 --> 132.0
5 of 5353 (0.1%) samples deleted
finding control points in Left_Cerebellum_White_Matter....
found 3105 control points for structure...
bounding box (126, 145, 65) --> (177, 185, 116)
Left_Cerebellum_White_Matter: limiting intensities to 88.0 --> 132.0
46 of 360 (12.8%) samples deleted
finding control points in Right_Cerebellum_White_Matter....
found 2710 control points for structure...
bounding box (85, 146, 70) --> (128, 188, 123)
Right_Cerebellum_White_Matter: limiting intensities to 88.0 --> 132.0
111 of 401 (27.7%) samples deleted
finding control points in Brain_Stem....
found 3475 control points for structure...
bounding box (115, 137, 101) --> (149, 199, 130)
Brain_Stem: limiting intensities to 88.0 --> 132.0
330 of 646 (51.1%) samples deleted
using 12042 total control points for intensity normalization...
bias field = 1.034 +- 0.057
1 of 11341 control points discarded
writing normalized volume to norm.mgz...
writing control points to ctrl_pts.mgz
freeing GCA...done.
normalization took 1 minutes and 20 seconds.
#--------------------------------------
#@# CA Reg Wed Mar 11 12:25:28 CET 2026
/out/sourcedata/freesurfer/sub-v2s16x51312_ses-1/mri

 mri_ca_register -nobigventricles -T transforms/talairach.lta -align-after -mask brainmask.mgz norm.mgz /opt/freesurfer/average/RB_all_2020-01-02.gca transforms/talairach.m3z 

not handling expanded ventricles...
using previously computed transform transforms/talairach.lta
renormalizing sequences with structure alignment, equivalent to:
	-renormalize
	-regularize_mean 0.500
	-regularize 0.500
using MR volume brainmask.mgz to mask input volume...

== Number of threads available to mri_ca_register for OpenMP = 16 == 
reading 1 input volumes...
logging results to talairach.log
reading input volume 'norm.mgz'...
reading GCA '/opt/freesurfer/average/RB_all_2020-01-02.gca'...
label assignment complete, 0 changed (0.00%)
freeing gibbs priors...done.
average std[0] = 5.0
Starting GCAMregister()
label assignment complete, 0 changed (0.00%)
npasses = 1, nlevels = 6
#pass# 1 of 1 ************************
enabling zero nodes
setting smoothness cost coefficient to 0.156

#GCAMreg# pass 0 level1 5 level2 0 tsec 0 sigma 2
l_jacobian=1.00 l_label=1.00 l_log_likelihood=0.20 l_smoothness=0.16 
tol=2.50e-01, dt=5.00e-02, exp_k=20.0, momentum=0.90, levels=6, niter=500, lbl_dist=10.00, avgs=256, sigma=2.0,type=2, relabel=0, neg=no

blurring input image with Gaussian with sigma=2.000...
GCAMRegisterLevel(): init RMS 0.830834
#FOTS# QuadFit found better minimum quadopt=(dt=183.851,rms=0.766773) vs oldopt=(dt=92.48,rms=0.783158)
#GCMRL#    0 dt 183.851126 rms  0.767  7.711% neg 0  invalid 762 tFOTS 3.0940 tGradient 2.7470 tsec 6.0860
#FOTS# QuadFit found better minimum quadopt=(dt=234.85,rms=0.741787) vs oldopt=(dt=369.92,rms=0.746743)
#GCMRL#    1 dt 234.849898 rms  0.742  3.259% neg 0  invalid 762 tFOTS 3.2840 tGradient 2.6840 tsec 6.2090
#FOTS# QuadFit found better minimum quadopt=(dt=185.796,rms=0.728044) vs oldopt=(dt=92.48,rms=0.731937)
#GCMRL#    2 dt 185.795918 rms  0.728  1.853% neg 0  invalid 762 tFOTS 3.2360 tGradient 2.8560 tsec 6.3360
#FOTS# QuadFit found better minimum quadopt=(dt=200.258,rms=0.720176) vs oldopt=(dt=92.48,rms=0.722823)
#GCMRL#    3 dt 200.258065 rms  0.720  1.081% neg 0  invalid 762 tFOTS 3.2410 tGradient 2.8700 tsec 6.3520
#FOTS# QuadFit found better minimum quadopt=(dt=221.952,rms=0.714091) vs oldopt=(dt=369.92,rms=0.715805)
#GCMRL#    4 dt 221.952000 rms  0.714  0.845% neg 0  invalid 762 tFOTS 3.2820 tGradient 2.8240 tsec 6.3480
#FOTS# QuadFit found better minimum quadopt=(dt=145.882,rms=0.710755) vs oldopt=(dt=92.48,rms=0.711464)
#GCMRL#    5 dt 145.882353 rms  0.711  0.467% neg 0  invalid 762 tFOTS 3.4320 tGradient 2.8660 tsec 6.5420
#FOTS# QuadFit found better minimum quadopt=(dt=517.888,rms=0.705177) vs oldopt=(dt=369.92,rms=0.706036)
#GCMRL#    6 dt 517.888000 rms  0.705  0.785% neg 0  invalid 762 tFOTS 3.4930 tGradient 2.8740 tsec 6.6120
#FOTS# QuadFit found better minimum quadopt=(dt=129.472,rms=0.702772) vs oldopt=(dt=92.48,rms=0.702972)
#GCMRL#    7 dt 129.472000 rms  0.703  0.341% neg 0  invalid 762 tFOTS 3.4980 tGradient 2.8850 tsec 6.6300
#FOTS# QuadFit found better minimum quadopt=(dt=517.888,rms=0.699496) vs oldopt=(dt=369.92,rms=0.700137)
#GCMRL#    8 dt 517.888000 rms  0.699  0.466% neg 0  invalid 762 tFOTS 3.3350 tGradient 2.7450 tsec 6.3300
#FOTS# QuadFit found better minimum quadopt=(dt=129.472,rms=0.698047) vs oldopt=(dt=92.48,rms=0.698224)
#GCMRL#    9 dt 129.472000 rms  0.698  0.000% neg 0  invalid 762 tFOTS 3.3080 tGradient 2.7810 tsec 6.3560
#GCMRL#   10 dt 129.472000 rms  0.697  0.127% neg 0  invalid 762 tFOTS 0.0000 tGradient 2.7140 tsec 2.9560
#GCMRL#   11 dt 129.472000 rms  0.696  0.213% neg 0  invalid 762 tFOTS 0.0000 tGradient 2.7660 tsec 3.0050
#GCMRL#   12 dt 129.472000 rms  0.694  0.288% neg 0  invalid 762 tFOTS 0.0000 tGradient 2.7450 tsec 2.9860
#GCMRL#   13 dt 129.472000 rms  0.691  0.332% neg 0  invalid 762 tFOTS 0.0000 tGradient 2.7740 tsec 3.0130
#GCMRL#   14 dt 129.472000 rms  0.689  0.363% neg 0  invalid 762 tFOTS 0.0000 tGradient 2.7250 tsec 2.9660
#GCMRL#   15 dt 129.472000 rms  0.686  0.387% neg 0  invalid 762 tFOTS 0.0000 tGradient 2.6880 tsec 2.9310
#GCMRL#   16 dt 129.472000 rms  0.684  0.373% neg 0  invalid 762 tFOTS 0.0000 tGradient 2.7750 tsec 3.0160
#GCMRL#   17 dt 129.472000 rms  0.681  0.348% neg 0  invalid 762 tFOTS 0.0000 tGradient 2.8000 tsec 3.0410
#GCMRL#   18 dt 129.472000 rms  0.679  0.316% neg 0  invalid 762 tFOTS 0.0000 tGradient 2.7950 tsec 3.0350
#GCMRL#   19 dt 129.472000 rms  0.677  0.291% neg 0  invalid 762 tFOTS 0.0000 tGradient 2.8220 tsec 3.0630
#GCMRL#   20 dt 129.472000 rms  0.675  0.271% neg 0  invalid 762 tFOTS 0.0000 tGradient 2.8860 tsec 3.1300
#GCMRL#   21 dt 129.472000 rms  0.674  0.246% neg 0  invalid 762 tFOTS 0.0000 tGradient 2.8890 tsec 3.1310
#GCMRL#   22 dt 129.472000 rms  0.672  0.221% neg 0  invalid 762 tFOTS 0.0000 tGradient 2.8470 tsec 3.0900
#GCMRL#   23 dt 129.472000 rms  0.671  0.186% neg 0  invalid 762 tFOTS 0.0000 tGradient 2.8290 tsec 3.0710
#GCMRL#   24 dt 129.472000 rms  0.670  0.167% neg 0  invalid 762 tFOTS 0.0000 tGradient 2.8930 tsec 3.1350
#GCMRL#   25 dt 129.472000 rms  0.669  0.158% neg 0  invalid 762 tFOTS 0.0000 tGradient 2.9220 tsec 3.1620
#GCMRL#   26 dt 129.472000 rms  0.668  0.147% neg 0  invalid 762 tFOTS 0.0000 tGradient 2.8640 tsec 3.1060
#GCMRL#   27 dt 129.472000 rms  0.667  0.130% neg 0  invalid 762 tFOTS 0.0000 tGradient 2.8540 tsec 3.0970
#GCMRL#   28 dt 129.472000 rms  0.666  0.113% neg 0  invalid 762 tFOTS 0.0000 tGradient 2.8820 tsec 3.1270
#GCMRL#   29 dt 129.472000 rms  0.665  0.103% neg 0  invalid 762 tFOTS 0.0000 tGradient 2.9820 tsec 3.2430
#FOTS# QuadFit found better minimum quadopt=(dt=295.936,rms=0.665367) vs oldopt=(dt=369.92,rms=0.665367)
#GCMRL#   30 dt 295.936000 rms  0.665  0.000% neg 0  invalid 762 tFOTS 3.5250 tGradient 2.8880 tsec 6.6780
#GCMRL#   31 dt 295.936000 rms  0.665  0.002% neg 0  invalid 762 tFOTS 0.0000 tGradient 2.8140 tsec 3.0570
#GCMRL#   32 dt 295.936000 rms  0.665  0.027% neg 0  invalid 762 tFOTS 0.0000 tGradient 2.8100 tsec 3.0540
#GCMRL#   33 dt 295.936000 rms  0.665  0.024% neg 0  invalid 762 tFOTS 0.0000 tGradient 2.8490 tsec 3.0890

#GCAMreg# pass 0 level1 5 level2 1 tsec 153.442 sigma 0.5
l_jacobian=1.00 l_label=1.00 l_log_likelihood=0.20 l_smoothness=0.16 
tol=2.50e-01, dt=5.00e-02, exp_k=20.0, momentum=0.90, levels=6, niter=500, lbl_dist=10.00, avgs=256, sigma=0.5,type=2, relabel=0, neg=no

blurring input image with Gaussian with sigma=0.500...
GCAMRegisterLevel(): init RMS 0.665472
#FOTS# QuadFit found better minimum quadopt=(dt=32.368,rms=0.664834) vs oldopt=(dt=23.12,rms=0.664845)
#GCMRL#   35 dt  32.368000 rms  0.665  0.096% neg 0  invalid 762 tFOTS 3.4660 tGradient 2.8120 tsec 6.5280
#FOTS# QuadFit found better minimum quadopt=(dt=32.368,rms=0.664794) vs oldopt=(dt=23.12,rms=0.6648)
#GCMRL#   36 dt  32.368000 rms  0.665  0.000% neg 0  invalid 762 tFOTS 3.6840 tGradient 2.9360 tsec 6.8880
#GCMRL#   37 dt  32.368000 rms  0.665  0.005% neg 0  invalid 762 tFOTS 0.0000 tGradient 2.8830 tsec 3.1230
#GCMRL#   38 dt  32.368000 rms  0.665  0.001% neg 0  invalid 762 tFOTS 0.0000 tGradient 2.8860 tsec 3.1300
setting smoothness cost coefficient to 0.615

#GCAMreg# pass 0 level1 4 level2 0 tsec 0 sigma 2
l_jacobian=1.00 l_label=1.00 l_log_likelihood=0.20 l_smoothness=0.62 
tol=2.50e-01, dt=5.00e-02, exp_k=20.0, momentum=0.90, levels=6, niter=500, lbl_dist=10.00, avgs=64, sigma=2.0,type=2, relabel=0, neg=no

blurring input image with Gaussian with sigma=2.000...
GCAMRegisterLevel(): init RMS 0.678307
#FOTS# QuadFit found better minimum quadopt=(dt=77,rms=0.674518) vs oldopt=(dt=103.68,rms=0.674883)
#GCMRL#   40 dt  77.000000 rms  0.675  0.559% neg 0  invalid 762 tFOTS 3.3160 tGradient 2.2010 tsec 5.7660
#FOTS# QuadFit found better minimum quadopt=(dt=145.152,rms=0.669674) vs oldopt=(dt=103.68,rms=0.670688)
#GCMRL#   41 dt 145.152000 rms  0.670  0.718% neg 0  invalid 762 tFOTS 3.2740 tGradient 2.1590 tsec 5.6790
#FOTS# QuadFit found better minimum quadopt=(dt=580.608,rms=0.657972) vs oldopt=(dt=414.72,rms=0.658625)
#GCMRL#   42 dt 580.608000 rms  0.658  1.747% neg 0  invalid 762 tFOTS 3.2890 tGradient 2.1190 tsec 5.6570
#FOTS# QuadFit found better minimum quadopt=(dt=75.7895,rms=0.652859) vs oldopt=(dt=25.92,rms=0.654463)
#GCMRL#   43 dt  75.789474 rms  0.653  0.777% neg 0  invalid 762 tFOTS 3.2820 tGradient 2.0620 tsec 5.5920
#FOTS# QuadFit found better minimum quadopt=(dt=36.288,rms=0.652075) vs oldopt=(dt=25.92,rms=0.65218)
#GCMRL#   44 dt  36.288000 rms  0.652  0.000% neg 0  invalid 762 tFOTS 3.2880 tGradient 2.0160 tsec 5.5700
#GCMRL#   45 dt  36.288000 rms  0.652  0.038% neg 0  invalid 762 tFOTS 0.0000 tGradient 2.1930 tsec 2.4380
#GCMRL#   46 dt  36.288000 rms  0.652  0.050% neg 0  invalid 762 tFOTS 0.0000 tGradient 2.1410 tsec 2.3820
#GCMRL#   47 dt  36.288000 rms  0.651  0.069% neg 0  invalid 762 tFOTS 0.0000 tGradient 2.1010 tsec 2.3440
#GCMRL#   48 dt  36.288000 rms  0.650  0.102% neg 0  invalid 762 tFOTS 0.0000 tGradient 2.2500 tsec 2.4900
#GCMRL#   49 dt  36.288000 rms  0.650  0.126% neg 0  invalid 762 tFOTS 0.0000 tGradient 2.1460 tsec 2.3900
#GCMRL#   50 dt  36.288000 rms  0.649  0.140% neg 0  invalid 762 tFOTS 0.0000 tGradient 2.1190 tsec 2.3630
#GCMRL#   51 dt  36.288000 rms  0.648  0.153% neg 0  invalid 762 tFOTS 0.0000 tGradient 2.1800 tsec 2.4260
#GCMRL#   52 dt  36.288000 rms  0.647  0.159% neg 0  invalid 762 tFOTS 0.0000 tGradient 2.2500 tsec 2.4920
#GCMRL#   53 dt  36.288000 rms  0.646  0.157% neg 0  invalid 762 tFOTS 0.0000 tGradient 2.0400 tsec 2.2840
#GCMRL#   54 dt  36.288000 rms  0.645  0.160% neg 0  invalid 762 tFOTS 0.0000 tGradient 2.2080 tsec 2.4490
#GCMRL#   55 dt  36.288000 rms  0.644  0.168% neg 0  invalid 762 tFOTS 0.0000 tGradient 2.0800 tsec 2.3200
#GCMRL#   56 dt  36.288000 rms  0.642  0.173% neg 0  invalid 762 tFOTS 0.0000 tGradient 2.0470 tsec 2.2910
#GCMRL#   57 dt  36.288000 rms  0.641  0.167% neg 0  invalid 762 tFOTS 0.0000 tGradient 2.1180 tsec 2.3610
#GCMRL#   58 dt  36.288000 rms  0.640  0.155% neg 0  invalid 762 tFOTS 0.0000 tGradient 2.1060 tsec 2.3490
#GCMRL#   59 dt  36.288000 rms  0.639  0.142% neg 0  invalid 762 tFOTS 0.0000 tGradient 2.0610 tsec 2.3060
#GCMRL#   60 dt  36.288000 rms  0.639  0.129% neg 0  invalid 762 tFOTS 0.0000 tGradient 2.1210 tsec 2.3620
#GCMRL#   61 dt  36.288000 rms  0.638  0.116% neg 0  invalid 762 tFOTS 0.0000 tGradient 2.1520 tsec 2.3950
#GCMRL#   62 dt  36.288000 rms  0.637  0.106% neg 0  invalid 762 tFOTS 0.0000 tGradient 2.1630 tsec 2.4210

#GCAMreg# pass 0 level1 4 level2 1 tsec 86.569 sigma 0.5
l_jacobian=1.00 l_label=1.00 l_log_likelihood=0.20 l_smoothness=0.62 
tol=2.50e-01, dt=5.00e-02, exp_k=20.0, momentum=0.90, levels=6, niter=500, lbl_dist=10.00, avgs=64, sigma=0.5,type=2, relabel=0, neg=no

blurring input image with Gaussian with sigma=0.500...
GCAMRegisterLevel(): init RMS 0.637856
#GCMRL#   64 dt   0.000000 rms  0.637  0.104% neg 0  invalid 762 tFOTS 3.2700 tGradient 2.0620 tsec 5.5790
setting smoothness cost coefficient to 2.353

#GCAMreg# pass 0 level1 3 level2 0 tsec 0 sigma 2
l_jacobian=1.00 l_label=1.00 l_log_likelihood=0.20 l_smoothness=2.35 
tol=2.50e-01, dt=5.00e-02, exp_k=20.0, momentum=0.90, levels=6, niter=500, lbl_dist=10.00, avgs=16, sigma=2.0,type=2, relabel=0, neg=no

blurring input image with Gaussian with sigma=2.000...
GCAMRegisterLevel(): init RMS 0.672
#GCMRL#   66 dt   0.000000 rms  0.671  0.094% neg 0  invalid 762 tFOTS 2.8910 tGradient 1.5850 tsec 4.7220

#GCAMreg# pass 0 level1 3 level2 1 tsec 18.843 sigma 0.5
l_jacobian=1.00 l_label=1.00 l_log_likelihood=0.20 l_smoothness=2.35 
tol=2.50e-01, dt=5.00e-02, exp_k=20.0, momentum=0.90, levels=6, niter=500, lbl_dist=10.00, avgs=16, sigma=0.5,type=2, relabel=0, neg=no

blurring input image with Gaussian with sigma=0.500...
GCAMRegisterLevel(): init RMS 0.672
#GCMRL#   68 dt   0.000000 rms  0.671  0.094% neg 0  invalid 762 tFOTS 2.8760 tGradient 1.5920 tsec 4.7160
setting smoothness cost coefficient to 8.000

#GCAMreg# pass 0 level1 2 level2 0 tsec 0 sigma 2
l_jacobian=1.00 l_label=1.00 l_log_likelihood=0.20 l_smoothness=8.00 
tol=2.50e-01, dt=5.00e-02, exp_k=20.0, momentum=0.90, levels=6, niter=500, lbl_dist=10.00, avgs=4, sigma=2.0,type=2, relabel=0, neg=no

blurring input image with Gaussian with sigma=2.000...
GCAMRegisterLevel(): init RMS 0.772618
#FOTS# QuadFit found better minimum quadopt=(dt=2.61389,rms=0.742745) vs oldopt=(dt=2.88,rms=0.743063)
#GCMRL#   70 dt   2.613888 rms  0.743  3.866% neg 0  invalid 762 tFOTS 3.0860 tGradient 1.4230 tsec 4.7580
#FOTS# QuadFit found better minimum quadopt=(dt=1.93301,rms=0.738222) vs oldopt=(dt=2.88,rms=0.739314)
#GCMRL#   71 dt   1.933014 rms  0.738  0.609% neg 0  invalid 762 tFOTS 3.0790 tGradient 1.4280 tsec 4.7540
#FOTS# QuadFit found better minimum quadopt=(dt=1.23684,rms=0.737424) vs oldopt=(dt=0.72,rms=0.73757)
#GCMRL#   72 dt   1.236842 rms  0.737  0.000% neg 0  invalid 762 tFOTS 3.0840 tGradient 1.3970 tsec 4.7460

#GCAMreg# pass 0 level1 2 level2 1 tsec 25.306 sigma 0.5
l_jacobian=1.00 l_label=1.00 l_log_likelihood=0.20 l_smoothness=8.00 
tol=2.50e-01, dt=5.00e-02, exp_k=20.0, momentum=0.90, levels=6, niter=500, lbl_dist=10.00, avgs=4, sigma=0.5,type=2, relabel=0, neg=no

blurring input image with Gaussian with sigma=0.500...
GCAMRegisterLevel(): init RMS 0.737964
#FOTS# QuadFit found better minimum quadopt=(dt=0.063,rms=0.737417) vs oldopt=(dt=0.045,rms=0.737418)
#GCMRL#   74 dt   0.063000 rms  0.737  0.074% neg 0  invalid 762 tFOTS 3.0790 tGradient 1.4230 tsec 4.7480
#FOTS# QuadFit found better minimum quadopt=(dt=0.063,rms=0.737416) vs oldopt=(dt=0.045,rms=0.737417)
#GCMRL#   75 dt   0.063000 rms  0.737  0.000% neg 0  invalid 762 tFOTS 3.0810 tGradient 1.4110 tsec 4.7550
#GCMRL#   76 dt   0.063000 rms  0.737  0.000% neg 0  invalid 762 tFOTS 0.0000 tGradient 1.3970 tsec 1.6390
setting smoothness cost coefficient to 20.000

#GCAMreg# pass 0 level1 1 level2 0 tsec 0 sigma 2
l_jacobian=1.00 l_label=1.00 l_log_likelihood=0.20 l_smoothness=20.00 
tol=2.50e-01, dt=5.00e-02, exp_k=20.0, momentum=0.90, levels=6, niter=500, lbl_dist=10.00, avgs=1, sigma=2.0,type=2, relabel=0, neg=no

blurring input image with Gaussian with sigma=2.000...
GCAMRegisterLevel(): init RMS 0.811191
#FOTS# QuadFit found better minimum quadopt=(dt=0.448,rms=0.808419) vs oldopt=(dt=0.32,rms=0.808684)
#GCMRL#   78 dt   0.448000 rms  0.808  0.342% neg 0  invalid 762 tFOTS 3.1180 tGradient 1.2110 tsec 4.5740
#FOTS# QuadFit found better minimum quadopt=(dt=0.918089,rms=0.800506) vs oldopt=(dt=1.28,rms=0.801486)
#GCMRL#   79 dt   0.918089 rms  0.801  0.979% neg 0  invalid 762 tFOTS 3.0890 tGradient 1.1530 tsec 4.4900
#FOTS# QuadFit found better minimum quadopt=(dt=0.199176,rms=0.798388) vs oldopt=(dt=0.32,rms=0.798781)
#GCMRL#   80 dt   0.199176 rms  0.798  0.265% neg 0  invalid 762 tFOTS 3.1030 tGradient 1.2830 tsec 4.6360
#FOTS# QuadFit found better minimum quadopt=(dt=0.256,rms=0.797527) vs oldopt=(dt=0.32,rms=0.79753)
#GCMRL#   81 dt   0.256000 rms  0.798  0.000% neg 0  invalid 762 tFOTS 3.1000 tGradient 1.2580 tsec 4.6240
#GCMRL#   82 dt   0.256000 rms  0.796  0.209% neg 0  invalid 762 tFOTS 0.0000 tGradient 1.2870 tsec 1.5310
#GCMRL#   83 dt   0.256000 rms  0.793  0.311% neg 0  invalid 762 tFOTS 0.0000 tGradient 1.1840 tsec 1.4290
#GCMRL#   84 dt   0.256000 rms  0.791  0.342% neg 0  invalid 762 tFOTS 0.0000 tGradient 1.2620 tsec 1.4990
#GCMRL#   85 dt   0.256000 rms  0.788  0.300% neg 0  invalid 762 tFOTS 0.0000 tGradient 1.2470 tsec 1.4910
#GCMRL#   86 dt   0.256000 rms  0.786  0.231% neg 0  invalid 762 tFOTS 0.0000 tGradient 1.2440 tsec 1.4900
#GCMRL#   87 dt   0.256000 rms  0.785  0.133% neg 0  invalid 762 tFOTS 0.0000 tGradient 1.4010 tsec 1.6410
#GCMRL#   88 dt   0.256000 rms  0.785  0.025% neg 0  invalid 762 tFOTS 0.0000 tGradient 1.3710 tsec 1.6150
#GCMRL#   89 dt   0.256000 rms  0.785 -0.047% neg 0  invalid 762 tFOTS 0.0000 tGradient 1.3130 tsec 1.7500
#FOTS# QuadFit found better minimum quadopt=(dt=1.536,rms=0.782793) vs oldopt=(dt=1.28,rms=0.782886)
#GCMRL#   90 dt   1.536000 rms  0.783  0.312% neg 0  invalid 762 tFOTS 3.0820 tGradient 1.3120 tsec 4.6430
#GCMRL#   91 dt   0.320000 rms  0.781  0.000% neg 0  invalid 762 tFOTS 3.0850 tGradient 1.2460 tsec 4.5960

#GCAMreg# pass 0 level1 1 level2 1 tsec 50.953 sigma 0.5
l_jacobian=1.00 l_label=1.00 l_log_likelihood=0.20 l_smoothness=20.00 
tol=2.50e-01, dt=5.00e-02, exp_k=20.0, momentum=0.90, levels=6, niter=500, lbl_dist=10.00, avgs=1, sigma=0.5,type=2, relabel=0, neg=no

blurring input image with Gaussian with sigma=0.500...
GCAMRegisterLevel(): init RMS 0.781387
#FOTS# QuadFit found better minimum quadopt=(dt=0.112,rms=0.780725) vs oldopt=(dt=0.08,rms=0.780744)
#GCMRL#   93 dt   0.112000 rms  0.781  0.085% neg 0  invalid 762 tFOTS 3.0740 tGradient 1.3470 tsec 4.6680
#FOTS# QuadFit found better minimum quadopt=(dt=0.112,rms=0.780698) vs oldopt=(dt=0.08,rms=0.780703)
#GCMRL#   94 dt   0.112000 rms  0.781  0.000% neg 0  invalid 762 tFOTS 3.0790 tGradient 1.3060 tsec 4.6530
#GCMRL#   95 dt   0.112000 rms  0.781  0.003% neg 0  invalid 762 tFOTS 0.0000 tGradient 1.2350 tsec 1.4780
#GCMRL#   96 dt   0.112000 rms  0.781  0.001% neg 0  invalid 762 tFOTS 0.0000 tGradient 1.2460 tsec 1.4890
resetting metric properties...
setting smoothness cost coefficient to 40.000

#GCAMreg# pass 0 level1 0 level2 0 tsec 0 sigma 2
l_jacobian=1.00 l_label=1.00 l_log_likelihood=0.20 l_smoothness=40.00 
tol=2.50e-01, dt=5.00e-02, exp_k=20.0, momentum=0.90, levels=6, niter=500, lbl_dist=10.00, avgs=0, sigma=2.0,type=2, relabel=0, neg=no

blurring input image with Gaussian with sigma=2.000...
GCAMRegisterLevel(): init RMS 0.747213
#FOTS# QuadFit found better minimum quadopt=(dt=0.256,rms=0.741341) vs oldopt=(dt=0.32,rms=0.74171)
#GCMRL#   98 dt   0.256000 rms  0.741  0.786% neg 0  invalid 762 tFOTS 3.0840 tGradient 0.8770 tsec 4.2100
#FOTS# QuadFit found better minimum quadopt=(dt=0.028,rms=0.740886) vs oldopt=(dt=0.02,rms=0.740934)
#GCMRL#   99 dt   0.028000 rms  0.741  0.000% neg 0  invalid 762 tFOTS 3.0690 tGradient 0.8860 tsec 4.2210

#GCAMreg# pass 0 level1 0 level2 1 tsec 18.889 sigma 0.5
l_jacobian=1.00 l_label=1.00 l_log_likelihood=0.20 l_smoothness=40.00 
tol=2.50e-01, dt=5.00e-02, exp_k=20.0, momentum=0.90, levels=6, niter=500, lbl_dist=10.00, avgs=0, sigma=0.5,type=2, relabel=0, neg=no

blurring input image with Gaussian with sigma=0.500...
GCAMRegisterLevel(): init RMS 0.741406
#FOTS# QuadFit found better minimum quadopt=(dt=0.012,rms=0.740834) vs oldopt=(dt=0.02,rms=0.740849)
#GCMRL#  101 dt   0.012000 rms  0.741  0.077% neg 0  invalid 762 tFOTS 3.0770 tGradient 0.8530 tsec 4.1750
#FOTS# QuadFit found better minimum quadopt=(dt=0.0015,rms=0.740834) vs oldopt=(dt=0.00125,rms=0.740834)
GCAMregister done in 7.33292 min
Starting GCAmapRenormalizeWithAlignment() without scales
renormalizing by structure alignment....
renormalizing input #0
gca peak = 0.10253 (16)
mri peak = 0.18854 ( 6)
Left_Lateral_Ventricle (4): linear fit = 0.31 x + 0.0 (977 voxels, overlap=0.020)
Left_Lateral_Ventricle (4): linear fit = 0.40 x + 0.0 (977 voxels, peak =  5), gca=6.4
gca peak = 0.17690 (16)
mri peak = 0.16431 ( 6)
Right_Lateral_Ventricle (43): linear fit = 0.31 x + 0.0 (1010 voxels, overlap=0.366)
Right_Lateral_Ventricle (43): linear fit = 0.40 x + 0.0 (1010 voxels, peak =  5), gca=6.4
gca peak = 0.28275 (96)
mri peak = 0.14962 (102)
Right_Pallidum (52): linear fit = 1.08 x + 0.0 (929 voxels, overlap=1.003)
Right_Pallidum (52): linear fit = 1.08 x + 0.0 (929 voxels, peak = 103), gca=103.2
gca peak = 0.18948 (93)
mri peak = 0.09634 (95)
Left_Pallidum (13): linear fit = 1.01 x + 0.0 (779 voxels, overlap=0.915)
Left_Pallidum (13): linear fit = 1.01 x + 0.0 (779 voxels, peak = 94), gca=94.4
gca peak = 0.20755 (55)
mri peak = 0.12731 (54)
Right_Hippocampus (53): linear fit = 0.94 x + 0.0 (954 voxels, overlap=0.956)
Right_Hippocampus (53): linear fit = 0.94 x + 0.0 (954 voxels, peak = 52), gca=52.0
gca peak = 0.31831 (58)
mri peak = 0.13119 (61)
Left_Hippocampus (17): linear fit = 1.03 x + 0.0 (795 voxels, overlap=0.980)
Left_Hippocampus (17): linear fit = 1.03 x + 0.0 (795 voxels, peak = 60), gca=60.0
gca peak = 0.11957 (102)
mri peak = 0.08262 (108)
Right_Cerebral_White_Matter (41): linear fit = 1.04 x + 0.0 (53645 voxels, overlap=0.773)
Right_Cerebral_White_Matter (41): linear fit = 1.04 x + 0.0 (53645 voxels, peak = 107), gca=106.6
gca peak = 0.11429 (102)
mri peak = 0.08492 (105)
Left_Cerebral_White_Matter (2): linear fit = 1.03 x + 0.0 (56729 voxels, overlap=0.838)
Left_Cerebral_White_Matter (2): linear fit = 1.03 x + 0.0 (56729 voxels, peak = 106), gca=105.6
gca peak = 0.14521 (59)
mri peak = 0.04180 (50)
Left_Cerebral_Cortex (3): linear fit = 0.92 x + 0.0 (27517 voxels, overlap=0.704)
Left_Cerebral_Cortex (3): linear fit = 0.92 x + 0.0 (27517 voxels, peak = 54), gca=54.0
gca peak = 0.14336 (58)
mri peak = 0.03570 (54)
Right_Cerebral_Cortex (42): linear fit = 0.92 x + 0.0 (28496 voxels, overlap=0.704)
Right_Cerebral_Cortex (42): linear fit = 0.92 x + 0.0 (28496 voxels, peak = 53), gca=53.1
gca peak = 0.13305 (70)
mri peak = 0.10707 (64)
Right_Caudate (50): linear fit = 0.99 x + 0.0 (841 voxels, overlap=0.894)
Right_Caudate (50): linear fit = 0.99 x + 0.0 (841 voxels, peak = 69), gca=69.0
gca peak = 0.15761 (71)
mri peak = 0.13625 (67)
Left_Caudate (11): linear fit = 0.94 x + 0.0 (956 voxels, overlap=0.504)
Left_Caudate (11): linear fit = 0.94 x + 0.0 (956 voxels, peak = 66), gca=66.4
gca peak = 0.13537 (57)
mri peak = 0.06366 (56)
Left_Cerebellum_Cortex (8): linear fit = 0.96 x + 0.0 (32045 voxels, overlap=0.979)
Left_Cerebellum_Cortex (8): linear fit = 0.96 x + 0.0 (32045 voxels, peak = 55), gca=55.0
gca peak = 0.13487 (56)
mri peak = 0.05197 (49)
Right_Cerebellum_Cortex (47): linear fit = 0.94 x + 0.0 (32102 voxels, overlap=0.890)
Right_Cerebellum_Cortex (47): linear fit = 0.94 x + 0.0 (32102 voxels, peak = 53), gca=52.9
gca peak = 0.19040 (84)
mri peak = 0.07694 (91)
Left_Cerebellum_White_Matter (7): linear fit = 1.11 x + 0.0 (9413 voxels, overlap=0.115)
Left_Cerebellum_White_Matter (7): linear fit = 1.11 x + 0.0 (9413 voxels, peak = 93), gca=92.8
gca peak = 0.18871 (83)
mri peak = 0.12010 (88)
Right_Cerebellum_White_Matter (46): linear fit = 1.04 x + 0.0 (7912 voxels, overlap=0.495)
Right_Cerebellum_White_Matter (46): linear fit = 1.04 x + 0.0 (7912 voxels, peak = 87), gca=86.7
gca peak = 0.24248 (57)
mri peak = 0.12287 (63)
Left_Amygdala (18): linear fit = 1.10 x + 0.0 (427 voxels, overlap=0.568)
Left_Amygdala (18): linear fit = 1.10 x + 0.0 (427 voxels, peak = 62), gca=62.4
gca peak = 0.35833 (56)
mri peak = 0.18444 (58)
Right_Amygdala (54): linear fit = 0.99 x + 0.0 (503 voxels, overlap=0.996)
Right_Amygdala (54): linear fit = 0.99 x + 0.0 (503 voxels, peak = 55), gca=55.2
gca peak = 0.12897 (85)
mri peak = 0.06755 (88)
Left_Thalamus (10): linear fit = 1.02 x + 0.0 (5130 voxels, overlap=0.975)
Left_Thalamus (10): linear fit = 1.02 x + 0.0 (5130 voxels, peak = 87), gca=87.1
gca peak = 0.13127 (83)
mri peak = 0.11111 (84)
Right_Thalamus (49): linear fit = 0.99 x + 0.0 (4391 voxels, overlap=0.801)
Right_Thalamus (49): linear fit = 0.99 x + 0.0 (4391 voxels, peak = 82), gca=81.8
gca peak = 0.12974 (78)
mri peak = 0.12056 (81)
Left_Putamen (12): linear fit = 1.01 x + 0.0 (2271 voxels, overlap=0.897)
Left_Putamen (12): linear fit = 1.01 x + 0.0 (2271 voxels, peak = 79), gca=79.2
gca peak = 0.17796 (79)
mri peak = 0.08512 (78)
Right_Putamen (51): linear fit = 1.01 x + 0.0 (2337 voxels, overlap=0.960)
Right_Putamen (51): linear fit = 1.01 x + 0.0 (2337 voxels, peak = 80), gca=80.2
gca peak = 0.10999 (80)
mri peak = 0.09311 (88)
Brain_Stem (16): linear fit = 1.11 x + 0.0 (11729 voxels, overlap=0.416)
Brain_Stem (16): linear fit = 1.11 x + 0.0 (11729 voxels, peak = 88), gca=88.4
gca peak = 0.13215 (88)
mri peak = 0.08365 (95)
Right_VentralDC (60): linear fit = 1.09 x + 0.0 (1500 voxels, overlap=0.405)
Right_VentralDC (60): linear fit = 1.09 x + 0.0 (1500 voxels, peak = 95), gca=95.5
gca peak = 0.11941 (89)
mri peak = 0.10120 (91)
Left_VentralDC (28): linear fit = 1.09 x + 0.0 (1432 voxels, overlap=0.544)
Left_VentralDC (28): linear fit = 1.09 x + 0.0 (1432 voxels, peak = 97), gca=96.6
gca peak = 0.20775 (25)
mri peak = 0.09107 (10)
Third_Ventricle (14): linear fit = 0.71 x + 0.0 (65 voxels, overlap=0.144)
Third_Ventricle (14): linear fit = 0.71 x + 0.0 (65 voxels, peak = 18), gca=17.9
gca peak = 0.13297 (21)
mri peak = 0.22645 (13)
Fourth_Ventricle (15): linear fit = 0.67 x + 0.0 (552 voxels, overlap=0.360)
Fourth_Ventricle (15): linear fit = 0.67 x + 0.0 (552 voxels, peak = 14), gca=14.0
gca peak Unknown = 0.94777 ( 0)
gca peak Left_Inf_Lat_Vent = 0.19087 (28)
gca peak Fourth_Ventricle = 0.13297 (21)
gca peak CSF = 0.16821 (33)
gca peak Left_Accumbens_area = 0.32850 (63)
gca peak Left_undetermined = 0.98480 (28)
gca peak Left_vessel = 0.40887 (53)
gca peak Left_choroid_plexus = 0.10898 (46)
gca peak Right_Inf_Lat_Vent = 0.17798 (26)
gca peak Right_Accumbens_area = 0.30137 (64)
gca peak Right_vessel = 0.47828 (52)
gca peak Right_choroid_plexus = 0.11612 (45)
gca peak Fifth_Ventricle = 0.59466 (35)
gca peak WM_hypointensities = 0.10053 (78)
gca peak non_WM_hypointensities = 0.07253 (60)
gca peak Optic_Chiasm = 0.25330 (73)
not using caudate to estimate GM means
estimating mean gm scale to be 0.98 x + 0.0
estimating mean wm scale to be 1.04 x + 0.0
estimating mean csf scale to be 0.50 x + 0.0
Right_Pallidum too bright - rescaling by 0.997 (from 1.075) to 102.9 (was 103.2)
saving intensity scales to talairach.label_intensities.txt
GCAmapRenormalizeWithAlignment() took 3.39428 min
noneg pre
Starting GCAMregister()
label assignment complete, 0 changed (0.00%)
npasses = 1, nlevels = 6
#pass# 1 of 1 ************************
enabling zero nodes
setting smoothness cost coefficient to 0.008

#GCAMreg# pass 0 level1 5 level2 0 tsec 0 sigma 2
l_jacobian=1.00 l_label=1.00 l_log_likelihood=0.20 l_smoothness=0.01 
tol=5.00e-02, dt=5.00e-02, exp_k=20.0, momentum=0.90, levels=6, niter=500, lbl_dist=10.00, avgs=256, sigma=2.0,type=2, relabel=0, neg=no

blurring input image with Gaussian with sigma=2.000...
GCAMRegisterLevel(): init RMS 0.774323
#FOTS# QuadFit found better minimum quadopt=(dt=259.244,rms=0.745115) vs oldopt=(dt=369.92,rms=0.74924)
#GCMRL#  103 dt 259.243836 rms  0.745  3.772% neg 0  invalid 762 tFOTS 3.2860 tGradient 2.2680 tsec 5.8030
#FOTS# QuadFit found better minimum quadopt=(dt=295.936,rms=0.735416) vs oldopt=(dt=369.92,rms=0.73593)
#GCMRL#  104 dt 295.936000 rms  0.735  1.302% neg 0  invalid 762 tFOTS 3.3620 tGradient 2.2650 tsec 5.8700
#FOTS# QuadFit found better minimum quadopt=(dt=176.988,rms=0.729837) vs oldopt=(dt=92.48,rms=0.731472)
#GCMRL#  105 dt 176.987654 rms  0.730  0.759% neg 0  invalid 762 tFOTS 3.2350 tGradient 2.3150 tsec 5.7980
#FOTS# QuadFit found better minimum quadopt=(dt=221.952,rms=0.727711) vs oldopt=(dt=369.92,rms=0.728167)
#GCMRL#  106 dt 221.952000 rms  0.728  0.291% neg 0  invalid 762 tFOTS 3.2810 tGradient 2.2170 tsec 5.7450
#GCMRL#  107 dt 369.920000 rms  0.723  0.699% neg 0  invalid 762 tFOTS 3.2370 tGradient 2.1410 tsec 5.6340
#FOTS# QuadFit found better minimum quadopt=(dt=73.984,rms=0.721168) vs oldopt=(dt=92.48,rms=0.721171)
#GCMRL#  108 dt  73.984000 rms  0.721  0.202% neg 0  invalid 762 tFOTS 3.2830 tGradient 2.2450 tsec 5.7730
#FOTS# QuadFit found better minimum quadopt=(dt=129.472,rms=0.720425) vs oldopt=(dt=92.48,rms=0.720545)
#GCMRL#  109 dt 129.472000 rms  0.720  0.103% neg 0  invalid 762 tFOTS 3.2920 tGradient 2.2150 tsec 5.7560
#FOTS# QuadFit found better minimum quadopt=(dt=2071.55,rms=0.708154) vs oldopt=(dt=1479.68,rms=0.709429)
#GCMRL#  110 dt 2071.552000 rms  0.708  1.703% neg 0  invalid 762 tFOTS 3.3030 tGradient 2.2340 tsec 5.7840
#FOTS# QuadFit found better minimum quadopt=(dt=73.984,rms=0.705913) vs oldopt=(dt=92.48,rms=0.706041)
#GCMRL#  111 dt  73.984000 rms  0.706  0.316% neg 0  invalid 762 tFOTS 3.3240 tGradient 2.3630 tsec 5.9370
#FOTS# QuadFit found better minimum quadopt=(dt=32.368,rms=0.705733) vs oldopt=(dt=23.12,rms=0.70575)
#GCMRL#  112 dt  32.368000 rms  0.706  0.000% neg 0  invalid 762 tFOTS 3.7530 tGradient 2.2670 tsec 6.2880
#GCMRL#  113 dt  32.368000 rms  0.706  0.012% neg 0  invalid 762 tFOTS 0.0000 tGradient 2.2430 tsec 2.4910
#GCMRL#  114 dt  32.368000 rms  0.706  0.012% neg 0  invalid 762 tFOTS 0.0000 tGradient 2.2200 tsec 2.4700
#GCMRL#  115 dt  32.368000 rms  0.705  0.018% neg 0  invalid 762 tFOTS 0.0000 tGradient 2.2350 tsec 2.4780
#GCMRL#  116 dt  32.368000 rms  0.705  0.041% neg 0  invalid 762 tFOTS 0.0000 tGradient 2.2500 tsec 2.4950
#GCMRL#  117 dt  32.368000 rms  0.705  0.082% neg 0  invalid 762 tFOTS 0.0000 tGradient 2.2400 tsec 2.4870
#GCMRL#  118 dt  32.368000 rms  0.704  0.122% neg 0  invalid 762 tFOTS 0.0000 tGradient 2.1200 tsec 2.3670
#GCMRL#  119 dt  32.368000 rms  0.703  0.147% neg 0  invalid 762 tFOTS 0.0000 tGradient 2.2490 tsec 2.4930
#GCMRL#  120 dt  32.368000 rms  0.702  0.146% neg 0  invalid 762 tFOTS 0.0000 tGradient 2.2090 tsec 2.4540
#GCMRL#  121 dt  32.368000 rms  0.701  0.136% neg 0  invalid 762 tFOTS 0.0000 tGradient 2.2770 tsec 2.5230
#GCMRL#  122 dt  32.368000 rms  0.700  0.123% neg 0  invalid 762 tFOTS 0.0000 tGradient 2.2520 tsec 2.5000
#GCMRL#  123 dt  32.368000 rms  0.699  0.109% neg 0  invalid 762 tFOTS 0.0000 tGradient 2.2600 tsec 2.5050
#GCMRL#  124 dt  32.368000 rms  0.698  0.100% neg 0  invalid 762 tFOTS 0.0000 tGradient 2.2650 tsec 2.5090
#GCMRL#  125 dt  32.368000 rms  0.698  0.088% neg 0  invalid 762 tFOTS 0.0000 tGradient 2.2970 tsec 2.5430
#GCMRL#  126 dt  32.368000 rms  0.697  0.086% neg 0  invalid 762 tFOTS 0.0000 tGradient 2.2630 tsec 2.5140
#GCMRL#  127 dt  32.368000 rms  0.697  0.092% neg 0  invalid 762 tFOTS 0.0000 tGradient 2.2520 tsec 2.4980
#GCMRL#  128 dt  32.368000 rms  0.696  0.106% neg 0  invalid 762 tFOTS 0.0000 tGradient 2.2690 tsec 2.5150
#GCMRL#  129 dt  32.368000 rms  0.695  0.115% neg 0  invalid 762 tFOTS 0.0000 tGradient 2.2520 tsec 2.4960
#GCMRL#  130 dt  32.368000 rms  0.694  0.119% neg 0  invalid 762 tFOTS 0.0000 tGradient 2.2020 tsec 2.4500
#GCMRL#  131 dt  32.368000 rms  0.693  0.116% neg 0  invalid 762 tFOTS 0.0000 tGradient 2.2320 tsec 2.4750
#GCMRL#  132 dt  32.368000 rms  0.693  0.107% neg 0  invalid 762 tFOTS 0.0000 tGradient 2.2310 tsec 2.4760
#GCMRL#  133 dt  32.368000 rms  0.692  0.099% neg 0  invalid 762 tFOTS 0.0000 tGradient 2.2620 tsec 2.5040
#GCMRL#  134 dt  32.368000 rms  0.691  0.089% neg 0  invalid 762 tFOTS 0.0000 tGradient 2.2490 tsec 2.4910
#GCMRL#  135 dt  32.368000 rms  0.691  0.081% neg 0  invalid 762 tFOTS 0.0000 tGradient 2.2440 tsec 2.4840
#GCMRL#  136 dt  32.368000 rms  0.690  0.075% neg 0  invalid 762 tFOTS 0.0000 tGradient 2.2730 tsec 2.5150
#GCMRL#  137 dt  32.368000 rms  0.690  0.074% neg 0  invalid 762 tFOTS 0.0000 tGradient 2.2580 tsec 2.5030
#GCMRL#  138 dt  32.368000 rms  0.689  0.075% neg 0  invalid 762 tFOTS 0.0000 tGradient 2.1210 tsec 2.3630
#GCMRL#  139 dt  32.368000 rms  0.689  0.080% neg 0  invalid 762 tFOTS 0.0000 tGradient 2.1180 tsec 2.3610
#GCMRL#  140 dt  32.368000 rms  0.688  0.083% neg 0  invalid 762 tFOTS 0.0000 tGradient 2.1330 tsec 2.3850
#GCMRL#  141 dt  32.368000 rms  0.688  0.082% neg 0  invalid 762 tFOTS 0.0000 tGradient 2.1850 tsec 2.4280
#GCMRL#  142 dt  32.368000 rms  0.687  0.080% neg 0  invalid 762 tFOTS 0.0000 tGradient 2.1610 tsec 2.3980
#GCMRL#  143 dt  32.368000 rms  0.686  0.077% neg 0  invalid 762 tFOTS 0.0000 tGradient 2.3590 tsec 2.6010
#GCMRL#  144 dt  32.368000 rms  0.686  0.072% neg 0  invalid 762 tFOTS 0.0000 tGradient 2.3900 tsec 2.6550
#GCMRL#  145 dt  32.368000 rms  0.685  0.068% neg 0  invalid 762 tFOTS 0.0000 tGradient 2.2640 tsec 2.5050
#GCMRL#  146 dt  32.368000 rms  0.685  0.064% neg 0  invalid 762 tFOTS 0.0000 tGradient 2.0920 tsec 2.3320
#GCMRL#  147 dt  32.368000 rms  0.685  0.063% neg 0  invalid 762 tFOTS 0.0000 tGradient 2.1600 tsec 2.4000
#GCMRL#  148 dt  32.368000 rms  0.684  0.063% neg 0  invalid 762 tFOTS 0.0000 tGradient 2.3330 tsec 2.5870
#GCMRL#  149 dt  32.368000 rms  0.684  0.064% neg 0  invalid 762 tFOTS 0.0000 tGradient 2.1740 tsec 2.4170
#GCMRL#  150 dt  32.368000 rms  0.683  0.065% neg 0  invalid 762 tFOTS 0.0000 tGradient 2.2210 tsec 2.4620
#GCMRL#  151 dt  32.368000 rms  0.683  0.065% neg 0  invalid 762 tFOTS 0.0000 tGradient 2.2280 tsec 2.4700
#GCMRL#  152 dt  32.368000 rms  0.682  0.062% neg 0  invalid 762 tFOTS 0.0000 tGradient 2.2160 tsec 2.4620
#GCMRL#  153 dt  32.368000 rms  0.682  0.061% neg 0  invalid 762 tFOTS 0.0000 tGradient 2.2260 tsec 2.4680
#GCMRL#  154 dt  32.368000 rms  0.682  0.058% neg 0  invalid 762 tFOTS 0.0000 tGradient 2.2190 tsec 2.4620
#GCMRL#  155 dt  32.368000 rms  0.681  0.055% neg 0  invalid 762 tFOTS 0.0000 tGradient 2.2230 tsec 2.4650
#GCMRL#  156 dt  32.368000 rms  0.681  0.053% neg 0  invalid 762 tFOTS 0.0000 tGradient 2.0780 tsec 2.3210
#GCMRL#  157 dt  32.368000 rms  0.681  0.053% neg 0  invalid 762 tFOTS 0.0000 tGradient 2.1310 tsec 2.3710
#GCMRL#  158 dt  32.368000 rms  0.680  0.054% neg 0  invalid 762 tFOTS 0.0000 tGradient 2.2360 tsec 2.4770
#GCMRL#  159 dt  32.368000 rms  0.680  0.053% neg 0  invalid 762 tFOTS 0.0000 tGradient 2.3340 tsec 2.5900
#GCMRL#  160 dt  32.368000 rms  0.679  0.055% neg 0  invalid 762 tFOTS 0.0000 tGradient 2.1340 tsec 2.3780
#GCMRL#  161 dt  32.368000 rms  0.679  0.057% neg 0  invalid 762 tFOTS 0.0000 tGradient 2.1460 tsec 2.3910
#GCMRL#  162 dt  32.368000 rms  0.679  0.058% neg 0  invalid 762 tFOTS 0.0000 tGradient 2.1240 tsec 2.3680
#GCMRL#  163 dt  32.368000 rms  0.678  0.057% neg 0  invalid 762 tFOTS 0.0000 tGradient 2.1220 tsec 2.3650
#GCMRL#  164 dt  32.368000 rms  0.678  0.056% neg 0  invalid 762 tFOTS 0.0000 tGradient 2.0450 tsec 2.2880
#GCMRL#  165 dt  32.368000 rms  0.677  0.054% neg 0  invalid 762 tFOTS 0.0000 tGradient 2.0320 tsec 2.2730
#GCMRL#  166 dt  32.368000 rms  0.677  0.052% neg 0  invalid 762 tFOTS 0.0000 tGradient 2.0480 tsec 2.2900
#GCMRL#  167 dt  32.368000 rms  0.677  0.050% neg 0  invalid 762 tFOTS 0.0000 tGradient 2.0470 tsec 2.2890
#GCMRL#  168 dt  32.368000 rms  0.676  0.051% neg 0  invalid 762 tFOTS 0.0000 tGradient 2.1670 tsec 2.4110
#GCMRL#  169 dt  32.368000 rms  0.676  0.049% neg 0  invalid 762 tFOTS 0.0000 tGradient 2.1900 tsec 2.4310
#GCMRL#  170 dt  32.368000 rms  0.676  0.049% neg 0  invalid 762 tFOTS 0.0000 tGradient 2.2300 tsec 2.4740
#GCMRL#  171 dt  32.368000 rms  0.675  0.048% neg 0  invalid 762 tFOTS 0.0000 tGradient 2.1930 tsec 2.4340
#GCMRL#  172 dt  32.368000 rms  0.675  0.047% neg 0  invalid 762 tFOTS 0.0000 tGradient 2.1750 tsec 2.4180
#GCMRL#  173 dt  32.368000 rms  0.675  0.044% neg 0  invalid 762 tFOTS 0.0000 tGradient 2.0410 tsec 2.2850
#GCMRL#  174 dt  32.368000 rms  0.675  0.043% neg 0  invalid 762 tFOTS 0.0000 tGradient 2.0360 tsec 2.2790
#GCMRL#  175 dt  32.368000 rms  0.674  0.042% neg 0  invalid 762 tFOTS 0.0000 tGradient 2.1050 tsec 2.3480
#GCMRL#  176 dt  32.368000 rms  0.674  0.040% neg 0  invalid 762 tFOTS 0.0000 tGradient 2.0480 tsec 2.2920
#GCMRL#  177 dt  32.368000 rms  0.674  0.039% neg 0  invalid 762 tFOTS 0.0000 tGradient 2.0500 tsec 2.2940
#GCMRL#  178 dt  32.368000 rms  0.674  0.038% neg 0  invalid 762 tFOTS 0.0000 tGradient 2.0710 tsec 2.3140
#GCMRL#  179 dt  32.368000 rms  0.673  0.037% neg 0  invalid 762 tFOTS 0.0000 tGradient 2.0820 tsec 2.3250
#GCMRL#  180 dt  32.368000 rms  0.673  0.036% neg 0  invalid 762 tFOTS 0.0000 tGradient 2.0610 tsec 2.3020
#GCMRL#  181 dt  32.368000 rms  0.673  0.036% neg 0  invalid 762 tFOTS 0.0000 tGradient 2.0610 tsec 2.3040
#GCMRL#  182 dt  32.368000 rms  0.673  0.036% neg 0  invalid 762 tFOTS 0.0000 tGradient 2.0980 tsec 2.3410
#GCMRL#  183 dt  32.368000 rms  0.672  0.035% neg 0  invalid 762 tFOTS 0.0000 tGradient 2.0710 tsec 2.3180
#GCMRL#  184 dt  32.368000 rms  0.672  0.035% neg 0  invalid 762 tFOTS 0.0000 tGradient 2.0630 tsec 2.3050
#GCMRL#  185 dt  32.368000 rms  0.672  0.034% neg 0  invalid 762 tFOTS 0.0000 tGradient 2.1650 tsec 2.4070
#GCMRL#  186 dt  32.368000 rms  0.672  0.033% neg 0  invalid 762 tFOTS 0.0000 tGradient 2.0360 tsec 2.2750
#GCMRL#  187 dt  32.368000 rms  0.671  0.032% neg 0  invalid 762 tFOTS 0.0000 tGradient 2.0530 tsec 2.2880
#GCMRL#  188 dt  32.368000 rms  0.671  0.033% neg 0  invalid 762 tFOTS 0.0000 tGradient 2.0590 tsec 2.2970
#GCMRL#  189 dt  32.368000 rms  0.671  0.031% neg 0  invalid 762 tFOTS 0.0000 tGradient 2.0350 tsec 2.2890
#GCMRL#  190 dt  32.368000 rms  0.671  0.031% neg 0  invalid 762 tFOTS 0.0000 tGradient 2.0820 tsec 2.3160
#GCMRL#  191 dt  32.368000 rms  0.671  0.031% neg 0  invalid 762 tFOTS 0.0000 tGradient 2.0810 tsec 2.3220
#GCMRL#  192 dt  32.368000 rms  0.670  0.030% neg 0  invalid 762 tFOTS 0.0000 tGradient 2.0870 tsec 2.3280
#GCMRL#  193 dt  32.368000 rms  0.670  0.030% neg 0  invalid 762 tFOTS 0.0000 tGradient 2.0540 tsec 2.3270
#GCMRL#  194 dt  32.368000 rms  0.670  0.029% neg 0  invalid 762 tFOTS 0.0000 tGradient 2.1370 tsec 2.3820
#GCMRL#  195 dt  32.368000 rms  0.670  0.029% neg 0  invalid 762 tFOTS 0.0000 tGradient 2.1990 tsec 2.4440
#GCMRL#  196 dt  32.368000 rms  0.670  0.028% neg 0  invalid 762 tFOTS 0.0000 tGradient 2.0870 tsec 2.4020
#GCMRL#  197 dt  32.368000 rms  0.669  0.027% neg 0  invalid 762 tFOTS 0.0000 tGradient 2.2380 tsec 2.4780
#GCMRL#  198 dt  32.368000 rms  0.669  0.027% neg 0  invalid 762 tFOTS 0.0000 tGradient 2.0630 tsec 2.2970
#GCMRL#  199 dt  32.368000 rms  0.669  0.026% neg 0  invalid 762 tFOTS 0.0000 tGradient 2.2530 tsec 2.5610
#GCMRL#  200 dt  32.368000 rms  0.669  0.025% neg 0  invalid 762 tFOTS 0.0000 tGradient 2.1060 tsec 2.3460
#GCMRL#  201 dt  32.368000 rms  0.669  0.026% neg 0  invalid 762 tFOTS 0.0000 tGradient 2.0930 tsec 2.3900
#GCMRL#  202 dt  32.368000 rms  0.669  0.025% neg 0  invalid 762 tFOTS 0.0000 tGradient 2.3460 tsec 2.5850
#GCMRL#  203 dt  32.368000 rms  0.668  0.025% neg 0  invalid 762 tFOTS 0.0000 tGradient 2.1200 tsec 2.3570
#GCMRL#  204 dt  32.368000 rms  0.668  0.025% neg 0  invalid 762 tFOTS 0.0000 tGradient 2.1210 tsec 2.3770
#FOTS# QuadFit found better minimum quadopt=(dt=33144.8,rms=0.659344) vs oldopt=(dt=23674.9,rms=0.660231)
#GCMRL#  205 dt 33144.832000 rms  0.659  1.325% neg 0  invalid 762 tFOTS 3.4980 tGradient 2.1110 tsec 5.8510
#FOTS# QuadFit found better minimum quadopt=(dt=129.472,rms=0.657674) vs oldopt=(dt=92.48,rms=0.657827)
#GCMRL#  206 dt 129.472000 rms  0.658  0.253% neg 0  invalid 762 tFOTS 3.4150 tGradient 2.2170 tsec 5.8750
#FOTS# QuadFit found better minimum quadopt=(dt=221.952,rms=0.657295) vs oldopt=(dt=369.92,rms=0.657362)
#GCMRL#  207 dt 221.952000 rms  0.657  0.058% neg 0  invalid 762 tFOTS 3.3390 tGradient 2.1530 tsec 5.7370
#FOTS# QuadFit found better minimum quadopt=(dt=129.472,rms=0.657156) vs oldopt=(dt=92.48,rms=0.657172)
#GCMRL#  208 dt 129.472000 rms  0.657  0.000% neg 0  invalid 762 tFOTS 3.4410 tGradient 2.1500 tsec 5.8570
#GCMRL#  209 dt 129.472000 rms  0.657  0.021% neg 0  invalid 762 tFOTS 0.0000 tGradient 2.2980 tsec 2.6090
#GCMRL#  210 dt 129.472000 rms  0.657  0.025% neg 0  invalid 762 tFOTS 0.0000 tGradient 2.1240 tsec 2.3620
#GCMRL#  211 dt 129.472000 rms  0.657  0.023% neg 0  invalid 762 tFOTS 0.0000 tGradient 2.1340 tsec 2.3720
#GCMRL#  212 dt 129.472000 rms  0.657  0.015% neg 0  invalid 762 tFOTS 0.0000 tGradient 2.0980 tsec 2.3540
#GCMRL#  213 dt 369.920000 rms  0.656  0.019% neg 0  invalid 762 tFOTS 3.4600 tGradient 2.0810 tsec 5.7820
#FOTS# QuadFit found better minimum quadopt=(dt=73.984,rms=0.656448) vs oldopt=(dt=92.48,rms=0.656453)

#GCAMreg# pass 0 level1 5 level2 1 tsec 334.773 sigma 0.5
l_jacobian=1.00 l_label=1.00 l_log_likelihood=0.20 l_smoothness=0.01 
tol=5.00e-02, dt=5.00e-02, exp_k=20.0, momentum=0.90, levels=6, niter=500, lbl_dist=10.00, avgs=256, sigma=0.5,type=2, relabel=0, neg=no

blurring input image with Gaussian with sigma=0.500...
GCAMRegisterLevel(): init RMS 0.657242
#FOTS# QuadFit found better minimum quadopt=(dt=110.976,rms=0.656337) vs oldopt=(dt=92.48,rms=0.656339)
#GCMRL#  215 dt 110.976000 rms  0.656  0.138% neg 0  invalid 762 tFOTS 3.4760 tGradient 2.2430 tsec 5.9630
#FOTS# QuadFit found better minimum quadopt=(dt=517.888,rms=0.655873) vs oldopt=(dt=369.92,rms=0.655928)
#GCMRL#  216 dt 517.888000 rms  0.656  0.071% neg 0  invalid 762 tFOTS 3.5100 tGradient 2.0780 tsec 5.8350
#FOTS# QuadFit found better minimum quadopt=(dt=129.472,rms=0.65585) vs oldopt=(dt=92.48,rms=0.655852)
#GCMRL#  217 dt 129.472000 rms  0.656  0.000% neg 0  invalid 762 tFOTS 3.6390 tGradient 2.0850 tsec 5.9910
#GCMRL#  218 dt 129.472000 rms  0.656  0.012% neg 0  invalid 762 tFOTS 0.0000 tGradient 2.2260 tsec 2.4670
#GCMRL#  219 dt 129.472000 rms  0.656  0.016% neg 0  invalid 762 tFOTS 0.0000 tGradient 2.0850 tsec 2.3280
#GCMRL#  220 dt 129.472000 rms  0.656  0.016% neg 0  invalid 762 tFOTS 0.0000 tGradient 2.1480 tsec 2.3880
#GCMRL#  221 dt 129.472000 rms  0.655  0.020% neg 0  invalid 762 tFOTS 0.0000 tGradient 2.1090 tsec 2.3500
#GCMRL#  222 dt 129.472000 rms  0.655  0.027% neg 0  invalid 762 tFOTS 0.0000 tGradient 2.1200 tsec 2.3740
#GCMRL#  223 dt 129.472000 rms  0.655  0.031% neg 0  invalid 762 tFOTS 0.0000 tGradient 2.1360 tsec 2.3780
#GCMRL#  224 dt 129.472000 rms  0.655  0.030% neg 0  invalid 762 tFOTS 0.0000 tGradient 2.1130 tsec 2.3510
#GCMRL#  225 dt 129.472000 rms  0.655  0.027% neg 0  invalid 762 tFOTS 0.0000 tGradient 2.1000 tsec 2.3440
#GCMRL#  226 dt 129.472000 rms  0.655  0.026% neg 0  invalid 762 tFOTS 0.0000 tGradient 2.1390 tsec 2.3820
#GCMRL#  227 dt 129.472000 rms  0.654  0.033% neg 0  invalid 762 tFOTS 0.0000 tGradient 2.2740 tsec 2.5100
#GCMRL#  228 dt 129.472000 rms  0.654  0.032% neg 0  invalid 762 tFOTS 0.0000 tGradient 2.2730 tsec 2.5160
#GCMRL#  229 dt 129.472000 rms  0.654  0.028% neg 0  invalid 762 tFOTS 0.0000 tGradient 2.5150 tsec 2.8170
#GCMRL#  230 dt 129.472000 rms  0.654  0.025% neg 0  invalid 762 tFOTS 0.0000 tGradient 2.5360 tsec 2.7750
#GCMRL#  231 dt 129.472000 rms  0.654  0.025% neg 0  invalid 762 tFOTS 0.0000 tGradient 2.2580 tsec 2.4980
#GCMRL#  232 dt 129.472000 rms  0.653  0.026% neg 0  invalid 762 tFOTS 0.0000 tGradient 2.2560 tsec 2.4940
#GCMRL#  233 dt 129.472000 rms  0.653  0.026% neg 0  invalid 762 tFOTS 0.0000 tGradient 2.3000 tsec 2.5380
#GCMRL#  234 dt 129.472000 rms  0.653  0.024% neg 0  invalid 762 tFOTS 0.0000 tGradient 2.2150 tsec 2.4540
#GCMRL#  235 dt 129.472000 rms  0.653  0.023% neg 0  invalid 762 tFOTS 0.0000 tGradient 2.2110 tsec 2.4680
#FOTS# QuadFit found better minimum quadopt=(dt=2071.55,rms=0.652799) vs oldopt=(dt=1479.68,rms=0.652808)
#GCMRL#  236 dt 2071.552000 rms  0.653  0.000% neg 0  invalid 762 tFOTS 3.6040 tGradient 2.4080 tsec 6.2700
setting smoothness cost coefficient to 0.031

#GCAMreg# pass 0 level1 4 level2 0 tsec 0 sigma 2
l_jacobian=1.00 l_label=1.00 l_log_likelihood=0.20 l_smoothness=0.03 
tol=5.00e-02, dt=5.00e-02, exp_k=20.0, momentum=0.90, levels=6, niter=500, lbl_dist=10.00, avgs=64, sigma=2.0,type=2, relabel=0, neg=no

blurring input image with Gaussian with sigma=2.000...
GCAMRegisterLevel(): init RMS 0.655746
#FOTS# QuadFit found better minimum quadopt=(dt=331.776,rms=0.640811) vs oldopt=(dt=414.72,rms=0.641671)
#GCMRL#  238 dt 331.776000 rms  0.641  2.278% neg 0  invalid 762 tFOTS 3.0980 tGradient 1.7890 tsec 5.1270
#FOTS# QuadFit found better minimum quadopt=(dt=110.106,rms=0.63172) vs oldopt=(dt=103.68,rms=0.631749)
#GCMRL#  239 dt 110.105793 rms  0.632  1.419% neg 0  invalid 762 tFOTS 3.4880 tGradient 1.7890 tsec 5.5240
#FOTS# QuadFit found better minimum quadopt=(dt=98.2857,rms=0.627021) vs oldopt=(dt=103.68,rms=0.627039)
#GCMRL#  240 dt  98.285714 rms  0.627  0.744% neg 0  invalid 762 tFOTS 3.4230 tGradient 1.9090 tsec 5.6010
#FOTS# QuadFit found better minimum quadopt=(dt=96.932,rms=0.62406) vs oldopt=(dt=103.68,rms=0.624081)
#GCMRL#  241 dt  96.932039 rms  0.624  0.472% neg 0  invalid 762 tFOTS 3.2990 tGradient 1.9220 tsec 5.4630
#FOTS# QuadFit found better minimum quadopt=(dt=109.773,rms=0.620389) vs oldopt=(dt=103.68,rms=0.620392)
#GCMRL#  242 dt 109.773463 rms  0.620  0.588% neg 0  invalid 762 tFOTS 3.3220 tGradient 1.8720 tsec 5.4370
#FOTS# QuadFit found better minimum quadopt=(dt=71.6393,rms=0.618164) vs oldopt=(dt=103.68,rms=0.61854)
#GCMRL#  243 dt  71.639257 rms  0.618  0.359% neg 0  invalid 762 tFOTS 3.2520 tGradient 1.8950 tsec 5.3910
#FOTS# QuadFit found better minimum quadopt=(dt=145.152,rms=0.614368) vs oldopt=(dt=103.68,rms=0.615022)
#GCMRL#  244 dt 145.152000 rms  0.614  0.614% neg 0  invalid 762 tFOTS 3.0750 tGradient 1.8610 tsec 5.1790
#FOTS# QuadFit found better minimum quadopt=(dt=68.3836,rms=0.612718) vs oldopt=(dt=103.68,rms=0.613054)
#GCMRL#  245 dt  68.383562 rms  0.613  0.269% neg 0  invalid 762 tFOTS 3.2440 tGradient 1.9640 tsec 5.4510
#FOTS# QuadFit found better minimum quadopt=(dt=145.152,rms=0.609429) vs oldopt=(dt=103.68,rms=0.610067)
#GCMRL#  246 dt 145.152000 rms  0.609  0.537% neg 0  invalid 762 tFOTS 3.0650 tGradient 1.8920 tsec 5.1960
#FOTS# QuadFit found better minimum quadopt=(dt=71.2453,rms=0.608204) vs oldopt=(dt=103.68,rms=0.608426)
#GCMRL#  247 dt  71.245283 rms  0.608  0.201% neg 0  invalid 762 tFOTS 3.2990 tGradient 1.7600 tsec 5.2990
#FOTS# QuadFit found better minimum quadopt=(dt=145.152,rms=0.605415) vs oldopt=(dt=103.68,rms=0.605895)
#GCMRL#  248 dt 145.152000 rms  0.605  0.459% neg 0  invalid 762 tFOTS 3.0630 tGradient 1.8120 tsec 5.1170
#FOTS# QuadFit found better minimum quadopt=(dt=36.288,rms=0.604557) vs oldopt=(dt=25.92,rms=0.604742)
#GCMRL#  249 dt  36.288000 rms  0.605  0.142% neg 0  invalid 762 tFOTS 3.1010 tGradient 1.7630 tsec 5.1070
#FOTS# QuadFit found better minimum quadopt=(dt=497.664,rms=0.600736) vs oldopt=(dt=414.72,rms=0.600801)
#GCMRL#  250 dt 497.664000 rms  0.601  0.632% neg 0  invalid 762 tFOTS 3.1460 tGradient 1.7280 tsec 5.1160
#FOTS# QuadFit found better minimum quadopt=(dt=76.1379,rms=0.596719) vs oldopt=(dt=25.92,rms=0.597767)
#GCMRL#  251 dt  76.137931 rms  0.597  0.669% neg 0  invalid 762 tFOTS 3.3020 tGradient 1.7360 tsec 5.2800
#FOTS# QuadFit found better minimum quadopt=(dt=36.288,rms=0.595805) vs oldopt=(dt=25.92,rms=0.595965)
#GCMRL#  252 dt  36.288000 rms  0.596  0.153% neg 0  invalid 762 tFOTS 3.3340 tGradient 1.7790 tsec 5.3580
#FOTS# QuadFit found better minimum quadopt=(dt=145.152,rms=0.594737) vs oldopt=(dt=103.68,rms=0.594916)
#GCMRL#  253 dt 145.152000 rms  0.595  0.179% neg 0  invalid 762 tFOTS 3.0470 tGradient 1.6830 tsec 4.9690
#GCMRL#  254 dt 103.680000 rms  0.593  0.228% neg 0  invalid 762 tFOTS 3.0660 tGradient 1.6930 tsec 5.0030
#FOTS# QuadFit found better minimum quadopt=(dt=36.288,rms=0.592929) vs oldopt=(dt=25.92,rms=0.593023)
#GCMRL#  255 dt  36.288000 rms  0.593  0.076% neg 0  invalid 762 tFOTS 3.2610 tGradient 1.7390 tsec 5.2400
#FOTS# QuadFit found better minimum quadopt=(dt=497.664,rms=0.590683) vs oldopt=(dt=414.72,rms=0.590765)
#GCMRL#  256 dt 497.664000 rms  0.591  0.379% neg 0  invalid 762 tFOTS 3.0860 tGradient 1.7430 tsec 5.0680
#FOTS# QuadFit found better minimum quadopt=(dt=80.4848,rms=0.588443) vs oldopt=(dt=25.92,rms=0.588924)
#GCMRL#  257 dt  80.484848 rms  0.588  0.379% neg 0  invalid 762 tFOTS 3.3490 tGradient 1.6820 tsec 5.2730
#FOTS# QuadFit found better minimum quadopt=(dt=36.288,rms=0.587695) vs oldopt=(dt=25.92,rms=0.587814)
#GCMRL#  258 dt  36.288000 rms  0.588  0.127% neg 0  invalid 762 tFOTS 3.2820 tGradient 1.7440 tsec 5.2660
#FOTS# QuadFit found better minimum quadopt=(dt=145.152,rms=0.587075) vs oldopt=(dt=103.68,rms=0.587146)
#GCMRL#  259 dt 145.152000 rms  0.587  0.105% neg 0  invalid 762 tFOTS 3.3000 tGradient 1.7860 tsec 5.3300
#GCMRL#  260 dt 103.680000 rms  0.586  0.168% neg 0  invalid 762 tFOTS 3.3380 tGradient 1.7800 tsec 5.3630
#FOTS# QuadFit found better minimum quadopt=(dt=36.288,rms=0.585744) vs oldopt=(dt=25.92,rms=0.58581)
#GCMRL#  261 dt  36.288000 rms  0.586  0.058% neg 0  invalid 762 tFOTS 3.3870 tGradient 1.7510 tsec 5.3810
#GCMRL#  262 dt 414.720000 rms  0.585  0.202% neg 0  invalid 762 tFOTS 3.4190 tGradient 1.7620 tsec 5.4860
#FOTS# QuadFit found better minimum quadopt=(dt=36.288,rms=0.583055) vs oldopt=(dt=25.92,rms=0.583361)
#GCMRL#  263 dt  36.288000 rms  0.583  0.258% neg 0  invalid 762 tFOTS 3.2540 tGradient 1.7840 tsec 5.2760
#FOTS# QuadFit found better minimum quadopt=(dt=145.152,rms=0.582162) vs oldopt=(dt=103.68,rms=0.582307)
#GCMRL#  264 dt 145.152000 rms  0.582  0.153% neg 0  invalid 762 tFOTS 3.2750 tGradient 1.7890 tsec 5.3040
#FOTS# QuadFit found better minimum quadopt=(dt=36.288,rms=0.581919) vs oldopt=(dt=25.92,rms=0.581969)
#GCMRL#  265 dt  36.288000 rms  0.582  0.000% neg 0  invalid 762 tFOTS 3.5130 tGradient 1.7900 tsec 5.5750
#GCMRL#  266 dt  36.288000 rms  0.582  0.038% neg 0  invalid 762 tFOTS 0.0000 tGradient 1.8510 tsec 2.0920
#GCMRL#  267 dt  36.288000 rms  0.581  0.055% neg 0  invalid 762 tFOTS 0.0000 tGradient 1.7130 tsec 1.9490
#GCMRL#  268 dt  36.288000 rms  0.581  0.087% neg 0  invalid 762 tFOTS 0.0000 tGradient 1.7120 tsec 1.9510
#GCMRL#  269 dt  36.288000 rms  0.580  0.114% neg 0  invalid 762 tFOTS 0.0000 tGradient 1.7370 tsec 1.9800
#GCMRL#  270 dt  36.288000 rms  0.579  0.133% neg 0  invalid 762 tFOTS 0.0000 tGradient 1.7540 tsec 1.9960
#GCMRL#  271 dt  36.288000 rms  0.579  0.144% neg 0  invalid 762 tFOTS 0.0000 tGradient 1.9430 tsec 2.1920
#GCMRL#  272 dt  36.288000 rms  0.578  0.151% neg 0  invalid 762 tFOTS 0.0000 tGradient 1.9460 tsec 2.1920
#GCMRL#  273 dt  36.288000 rms  0.577  0.158% neg 0  invalid 762 tFOTS 0.0000 tGradient 1.8730 tsec 2.1160
#GCMRL#  274 dt  36.288000 rms  0.576  0.164% neg 0  invalid 762 tFOTS 0.0000 tGradient 1.7500 tsec 1.9920
#GCMRL#  275 dt  36.288000 rms  0.575  0.173% neg 0  invalid 762 tFOTS 0.0000 tGradient 1.7630 tsec 2.0020
#GCMRL#  276 dt  36.288000 rms  0.574  0.175% neg 0  invalid 762 tFOTS 0.0000 tGradient 1.7690 tsec 2.0110
#GCMRL#  277 dt  36.288000 rms  0.573  0.176% neg 0  invalid 762 tFOTS 0.0000 tGradient 1.7750 tsec 2.0140
#GCMRL#  278 dt  36.288000 rms  0.572  0.174% neg 0  invalid 762 tFOTS 0.0000 tGradient 1.7660 tsec 2.0070
#GCMRL#  279 dt  36.288000 rms  0.571  0.165% neg 0  invalid 762 tFOTS 0.0000 tGradient 1.7930 tsec 2.0360
#GCMRL#  280 dt  36.288000 rms  0.570  0.165% neg 0  invalid 762 tFOTS 0.0000 tGradient 1.8600 tsec 2.1010
#GCMRL#  281 dt  36.288000 rms  0.569  0.160% neg 0  invalid 762 tFOTS 0.0000 tGradient 1.6950 tsec 1.9360
#GCMRL#  282 dt  36.288000 rms  0.568  0.162% neg 0  invalid 762 tFOTS 0.0000 tGradient 1.7800 tsec 2.0240
#GCMRL#  283 dt  36.288000 rms  0.567  0.151% neg 0  invalid 762 tFOTS 0.0000 tGradient 1.7690 tsec 2.0070
#GCMRL#  284 dt  36.288000 rms  0.566  0.144% neg 0  invalid 762 tFOTS 0.0000 tGradient 1.6730 tsec 1.9150
#GCMRL#  285 dt  36.288000 rms  0.566  0.139% neg 0  invalid 762 tFOTS 0.0000 tGradient 1.6660 tsec 1.9140
#GCMRL#  286 dt  36.288000 rms  0.565  0.131% neg 0  invalid 762 tFOTS 0.0000 tGradient 1.6750 tsec 1.9120
#GCMRL#  287 dt  36.288000 rms  0.564  0.129% neg 0  invalid 762 tFOTS 0.0000 tGradient 1.6750 tsec 1.9110
#GCMRL#  288 dt  36.288000 rms  0.564  0.125% neg 0  invalid 762 tFOTS 0.0000 tGradient 1.7410 tsec 1.9810
#GCMRL#  289 dt  36.288000 rms  0.563  0.011% neg 0  invalid 762 tFOTS 0.0000 tGradient 1.7650 tsec 2.1340
#GCMRL#  290 dt  36.288000 rms  0.563  0.021% neg 0  invalid 762 tFOTS 0.0000 tGradient 1.7570 tsec 2.0020
#GCMRL#  291 dt  36.288000 rms  0.563  0.028% neg 0  invalid 762 tFOTS 0.0000 tGradient 1.7880 tsec 2.0320
#GCMRL#  292 dt  36.288000 rms  0.563  0.036% neg 0  invalid 762 tFOTS 0.0000 tGradient 1.7180 tsec 1.9550
#GCMRL#  293 dt  36.288000 rms  0.563  0.045% neg 0  invalid 762 tFOTS 0.0000 tGradient 1.8110 tsec 2.0590
#GCMRL#  294 dt  36.288000 rms  0.562  0.051% neg 0  invalid 762 tFOTS 0.0000 tGradient 1.8400 tsec 2.0760
#GCMRL#  295 dt  36.288000 rms  0.562  0.057% neg 0  invalid 762 tFOTS 0.0000 tGradient 1.8490 tsec 2.0830
#GCMRL#  296 dt  36.288000 rms  0.562  0.060% neg 0  invalid 762 tFOTS 0.0000 tGradient 2.0330 tsec 2.3340
#GCMRL#  297 dt  36.288000 rms  0.561  0.062% neg 0  invalid 762 tFOTS 0.0000 tGradient 1.7810 tsec 2.0310
#GCMRL#  298 dt  36.288000 rms  0.561  0.065% neg 0  invalid 762 tFOTS 0.0000 tGradient 1.8620 tsec 2.1650
#GCMRL#  299 dt  36.288000 rms  0.561  0.070% neg 0  invalid 762 tFOTS 0.0000 tGradient 1.7480 tsec 1.9890
#GCMRL#  300 dt  36.288000 rms  0.560  0.068% neg 0  invalid 762 tFOTS 0.0000 tGradient 1.7200 tsec 1.9730
#GCMRL#  301 dt  36.288000 rms  0.560  0.071% neg 0  invalid 762 tFOTS 0.0000 tGradient 1.8050 tsec 2.0400
#GCMRL#  302 dt  36.288000 rms  0.559  0.074% neg 0  invalid 762 tFOTS 0.0000 tGradient 1.8010 tsec 2.0510
#GCMRL#  303 dt  36.288000 rms  0.559  0.074% neg 0  invalid 762 tFOTS 0.0000 tGradient 1.8020 tsec 2.0630
#GCMRL#  304 dt  36.288000 rms  0.559  0.073% neg 0  invalid 762 tFOTS 0.0000 tGradient 1.9690 tsec 2.2240
#GCMRL#  305 dt  36.288000 rms  0.558  0.074% neg 0  invalid 762 tFOTS 0.0000 tGradient 1.7880 tsec 2.0260
#GCMRL#  306 dt  36.288000 rms  0.558  0.072% neg 0  invalid 762 tFOTS 0.0000 tGradient 1.8080 tsec 2.0760
#GCMRL#  307 dt  36.288000 rms  0.557  0.072% neg 0  invalid 762 tFOTS 0.0000 tGradient 1.7810 tsec 2.0410
#GCMRL#  308 dt  36.288000 rms  0.557  0.072% neg 0  invalid 762 tFOTS 0.0000 tGradient 1.8020 tsec 2.0370
#GCMRL#  309 dt  36.288000 rms  0.557  0.071% neg 0  invalid 762 tFOTS 0.0000 tGradient 1.8560 tsec 2.0910
#GCMRL#  310 dt  36.288000 rms  0.556  0.072% neg 0  invalid 762 tFOTS 0.0000 tGradient 1.8240 tsec 2.0670
#GCMRL#  311 dt  36.288000 rms  0.556  0.071% neg 0  invalid 762 tFOTS 0.0000 tGradient 1.7660 tsec 2.0110
#GCMRL#  312 dt  36.288000 rms  0.555  0.067% neg 0  invalid 762 tFOTS 0.0000 tGradient 1.7600 tsec 2.0030
#GCMRL#  313 dt  36.288000 rms  0.555  0.070% neg 0  invalid 762 tFOTS 0.0000 tGradient 1.8020 tsec 2.1160
#GCMRL#  314 dt  36.288000 rms  0.555  0.070% neg 0  invalid 762 tFOTS 0.0000 tGradient 1.9130 tsec 2.1600
#GCMRL#  315 dt  36.288000 rms  0.554  0.066% neg 0  invalid 762 tFOTS 0.0000 tGradient 1.7110 tsec 1.9600
#GCMRL#  316 dt  36.288000 rms  0.554  0.065% neg 0  invalid 762 tFOTS 0.0000 tGradient 1.7700 tsec 2.0160
#GCMRL#  317 dt  36.288000 rms  0.554  0.004% neg 0  invalid 762 tFOTS 0.0000 tGradient 1.8250 tsec 2.2110
#GCMRL#  318 dt  36.288000 rms  0.554  0.010% neg 0  invalid 762 tFOTS 0.0000 tGradient 1.7620 tsec 2.0110
#GCMRL#  319 dt  36.288000 rms  0.554  0.015% neg 0  invalid 762 tFOTS 0.0000 tGradient 1.7410 tsec 1.9920
#GCMRL#  320 dt  36.288000 rms  0.554  0.019% neg 0  invalid 762 tFOTS 0.0000 tGradient 1.7710 tsec 2.0110
#GCMRL#  321 dt  36.288000 rms  0.554  0.023% neg 0  invalid 762 tFOTS 0.0000 tGradient 1.7690 tsec 2.0030
#GCMRL#  322 dt  36.288000 rms  0.553  0.026% neg 0  invalid 762 tFOTS 0.0000 tGradient 1.7280 tsec 1.9690
#GCMRL#  323 dt  36.288000 rms  0.553  0.030% neg 0  invalid 762 tFOTS 0.0000 tGradient 1.7610 tsec 2.0000
#GCMRL#  324 dt  36.288000 rms  0.553  0.029% neg 0  invalid 762 tFOTS 0.0000 tGradient 1.7140 tsec 1.9460
#GCMRL#  325 dt  36.288000 rms  0.553  0.032% neg 0  invalid 762 tFOTS 0.0000 tGradient 1.7170 tsec 1.9490
#GCMRL#  326 dt  36.288000 rms  0.553  0.035% neg 0  invalid 762 tFOTS 0.0000 tGradient 1.9110 tsec 2.1500
#GCMRL#  327 dt  36.288000 rms  0.553  0.036% neg 0  invalid 762 tFOTS 0.0000 tGradient 1.8450 tsec 2.0860
#GCMRL#  328 dt  36.288000 rms  0.552  0.036% neg 0  invalid 762 tFOTS 0.0000 tGradient 1.7060 tsec 1.9420
#GCMRL#  329 dt  36.288000 rms  0.552  0.035% neg 0  invalid 762 tFOTS 0.0000 tGradient 1.6800 tsec 1.9210
#GCMRL#  330 dt  36.288000 rms  0.552  0.040% neg 0  invalid 762 tFOTS 0.0000 tGradient 1.7630 tsec 2.0020
#GCMRL#  331 dt  36.288000 rms  0.552  0.005% neg 0  invalid 762 tFOTS 0.0000 tGradient 1.8040 tsec 2.1720
#GCMRL#  332 dt  18.144000 rms  0.552  0.003% neg 0  invalid 762 tFOTS 0.0000 tGradient 1.7600 tsec 2.2650
#FOTS# QuadFit found better minimum quadopt=(dt=2.268,rms=0.551875) vs oldopt=(dt=1.62,rms=0.551875)
#GCMRL#  333 dt   2.268000 rms  0.552  0.000% neg 0  invalid 762 tFOTS 2.4710 tGradient 1.7600 tsec 4.4930
#GCMRL#  334 dt   2.268000 rms  0.552  0.000% neg 0  invalid 762 tFOTS 0.0000 tGradient 1.7790 tsec 2.0210
#GCMRL#  335 dt   0.283500 rms  0.552  0.000% neg 0  invalid 762 tFOTS 0.0000 tGradient 1.8250 tsec 2.5340
#GCMRL#  336 dt   0.141750 rms  0.552  0.001% neg 0  invalid 762 tFOTS 0.0000 tGradient 1.7800 tsec 2.2660

#GCAMreg# pass 0 level1 4 level2 1 tsec 307.717 sigma 0.5
l_jacobian=1.00 l_label=1.00 l_log_likelihood=0.20 l_smoothness=0.03 
tol=5.00e-02, dt=5.00e-02, exp_k=20.0, momentum=0.90, levels=6, niter=500, lbl_dist=10.00, avgs=64, sigma=0.5,type=2, relabel=0, neg=no

blurring input image with Gaussian with sigma=0.500...
GCAMRegisterLevel(): init RMS 0.552854
#FOTS# QuadFit found better minimum quadopt=(dt=9.072,rms=0.551688) vs oldopt=(dt=6.48,rms=0.551738)
#GCMRL#  338 dt   9.072000 rms  0.552  0.211% neg 0  invalid 762 tFOTS 2.6700 tGradient 1.7390 tsec 4.6530
#FOTS# QuadFit found better minimum quadopt=(dt=9.072,rms=0.551534) vs oldopt=(dt=6.48,rms=0.551578)
#GCMRL#  339 dt   9.072000 rms  0.552  0.000% neg 0  invalid 762 tFOTS 2.7160 tGradient 1.7560 tsec 4.7360
#GCMRL#  340 dt   4.536000 rms  0.551  0.011% neg 0  invalid 762 tFOTS 0.0000 tGradient 1.7040 tsec 2.1820
#GCMRL#  341 dt   0.070875 rms  0.551  0.000% neg 0  invalid 762 tFOTS 0.0000 tGradient 1.7380 tsec 2.7950
#GCMRL#  342 dt   0.035437 rms  0.551  0.000% neg 0  invalid 762 tFOTS 0.0000 tGradient 1.7370 tsec 2.2350
#FOTS# QuadFit found better minimum quadopt=(dt=0.030375,rms=0.551469) vs oldopt=(dt=0.0253125,rms=0.551469)
setting smoothness cost coefficient to 0.118

#GCAMreg# pass 0 level1 3 level2 0 tsec 0 sigma 2
l_jacobian=1.00 l_label=1.00 l_log_likelihood=0.20 l_smoothness=0.12 
tol=5.00e-02, dt=5.00e-02, exp_k=20.0, momentum=0.90, levels=6, niter=500, lbl_dist=10.00, avgs=16, sigma=2.0,type=2, relabel=0, neg=no

blurring input image with Gaussian with sigma=2.000...
GCAMRegisterLevel(): init RMS 0.565036
#FOTS# QuadFit found better minimum quadopt=(dt=91.2146,rms=0.555529) vs oldopt=(dt=128,rms=0.556854)
#GCMRL#  344 dt  91.214649 rms  0.556  1.683% neg 0  invalid 762 tFOTS 3.3720 tGradient 1.4680 tsec 5.0810
#GCMRL#  345 dt   8.000000 rms  0.553  0.372% neg 0  invalid 762 tFOTS 2.8650 tGradient 1.4640 tsec 4.5760
#GCMRL#  346 dt   2.000000 rms  0.553  0.078% neg 0  invalid 762 tFOTS 2.6970 tGradient 1.4530 tsec 4.3980
#FOTS# QuadFit found better minimum quadopt=(dt=0.04375,rms=0.553022) vs oldopt=(dt=0.03125,rms=0.553024)
#GCMRL#  347 dt   0.043750 rms  0.553  0.000% neg 0  invalid 762 tFOTS 2.1330 tGradient 1.4540 tsec 3.8560
#GCMRL#  348 dt   0.021875 rms  0.553  0.001% neg 0  invalid 762 tFOTS 0.0000 tGradient 1.4830 tsec 1.9650
#GCMRL#  349 dt   0.010937 rms  0.553  0.000% neg 0  invalid 762 tFOTS 0.0000 tGradient 1.4430 tsec 1.9240
#GCMRL#  350 dt   0.002734 rms  0.553  0.000% neg 0  invalid 762 tFOTS 0.0000 tGradient 1.4620 tsec 2.0700
#FOTS# QuadFit found better minimum quadopt=(dt=0.0015,rms=0.553014) vs oldopt=(dt=0.00125,rms=0.553014)

#GCAMreg# pass 0 level1 3 level2 1 tsec 37.215 sigma 0.5
l_jacobian=1.00 l_label=1.00 l_log_likelihood=0.20 l_smoothness=0.12 
tol=5.00e-02, dt=5.00e-02, exp_k=20.0, momentum=0.90, levels=6, niter=500, lbl_dist=10.00, avgs=16, sigma=0.5,type=2, relabel=0, neg=no

blurring input image with Gaussian with sigma=0.500...
GCAMRegisterLevel(): init RMS 0.553949
#GCMRL#  352 dt   0.000000 rms  0.553  0.169% neg 0  invalid 762 tFOTS 1.3000 tGradient 1.4550 tsec 2.9960
#GCMRL#  353 dt   0.250000 rms  0.553  0.000% neg 0  invalid 762 tFOTS 1.2920 tGradient 1.6520 tsec 3.3560
#GCMRL#  354 dt   0.000015 rms  0.553  0.000% neg 0  invalid 762 tFOTS 0.0000 tGradient 1.4250 tsec 3.4020
#GCMRL#  355 dt   0.000008 rms  0.553  0.000% neg 0  invalid 762 tFOTS 0.0000 tGradient 1.4640 tsec 1.9410
setting smoothness cost coefficient to 0.400

#GCAMreg# pass 0 level1 2 level2 0 tsec 0 sigma 2
l_jacobian=1.00 l_label=1.00 l_log_likelihood=0.20 l_smoothness=0.40 
tol=5.00e-02, dt=5.00e-02, exp_k=20.0, momentum=0.90, levels=6, niter=500, lbl_dist=10.00, avgs=4, sigma=2.0,type=2, relabel=0, neg=no

blurring input image with Gaussian with sigma=2.000...
GCAMRegisterLevel(): init RMS 0.585498
#GCMRL#  357 dt  11.520000 rms  0.570  2.713% neg 0  invalid 762 tFOTS 3.0770 tGradient 1.3100 tsec 4.6300
#FOTS# QuadFit found better minimum quadopt=(dt=13.824,rms=0.561354) vs oldopt=(dt=11.52,rms=0.562524)
#GCMRL#  358 dt  13.824000 rms  0.561  1.450% neg 0  invalid 762 tFOTS 3.1460 tGradient 1.3360 tsec 4.7230
#GCMRL#  359 dt  11.520000 rms  0.558  0.621% neg 0  invalid 762 tFOTS 3.4020 tGradient 1.3080 tsec 4.9550
#FOTS# QuadFit found better minimum quadopt=(dt=13.824,rms=0.555592) vs oldopt=(dt=11.52,rms=0.55594)
#GCMRL#  360 dt  13.824000 rms  0.556  0.408% neg 0  invalid 762 tFOTS 3.0980 tGradient 1.2710 tsec 4.6150
#FOTS# QuadFit found better minimum quadopt=(dt=13.824,rms=0.554055) vs oldopt=(dt=11.52,rms=0.554292)
#GCMRL#  361 dt  13.824000 rms  0.554  0.277% neg 0  invalid 762 tFOTS 3.0320 tGradient 1.2190 tsec 4.4960
#FOTS# QuadFit found better minimum quadopt=(dt=13.824,rms=0.553244) vs oldopt=(dt=11.52,rms=0.553365)
#GCMRL#  362 dt  13.824000 rms  0.553  0.146% neg 0  invalid 762 tFOTS 3.0810 tGradient 1.2410 tsec 4.5690
#FOTS# QuadFit found better minimum quadopt=(dt=4.032,rms=0.552939) vs oldopt=(dt=2.88,rms=0.553013)
#GCMRL#  363 dt   4.032000 rms  0.553  0.055% neg 0  invalid 762 tFOTS 2.9140 tGradient 1.2260 tsec 4.3850
#FOTS# QuadFit found better minimum quadopt=(dt=13.824,rms=0.5522) vs oldopt=(dt=11.52,rms=0.552322)
#GCMRL#  364 dt  13.824000 rms  0.552  0.134% neg 0  invalid 762 tFOTS 3.0890 tGradient 1.2450 tsec 4.5780
#FOTS# QuadFit found better minimum quadopt=(dt=16.128,rms=0.551746) vs oldopt=(dt=11.52,rms=0.551858)
#GCMRL#  365 dt  16.128000 rms  0.552  0.082% neg 0  invalid 762 tFOTS 3.0940 tGradient 1.2360 tsec 4.5750
#GCMRL#  366 dt  11.520000 rms  0.551  0.079% neg 0  invalid 762 tFOTS 3.1800 tGradient 1.2550 tsec 4.7040
#FOTS# QuadFit found better minimum quadopt=(dt=24.7273,rms=0.550939) vs oldopt=(dt=11.52,rms=0.551043)
#GCMRL#  367 dt  24.727273 rms  0.551  0.068% neg 0  invalid 762 tFOTS 3.1450 tGradient 1.2380 tsec 4.6310
#FOTS# QuadFit found better minimum quadopt=(dt=13.824,rms=0.550585) vs oldopt=(dt=11.52,rms=0.550617)
#GCMRL#  368 dt  13.824000 rms  0.551  0.064% neg 0  invalid 762 tFOTS 3.1540 tGradient 1.2030 tsec 4.5990
#FOTS# QuadFit found better minimum quadopt=(dt=13.824,rms=0.550284) vs oldopt=(dt=11.52,rms=0.550285)
#GCMRL#  369 dt  13.824000 rms  0.550  0.055% neg 0  invalid 762 tFOTS 3.1050 tGradient 1.2410 tsec 4.5860
#FOTS# QuadFit found better minimum quadopt=(dt=13.824,rms=0.550044) vs oldopt=(dt=11.52,rms=0.550068)
#GCMRL#  370 dt  13.824000 rms  0.550  0.000% neg 0  invalid 762 tFOTS 3.1370 tGradient 1.2000 tsec 4.6000
#GCMRL#  371 dt  13.824000 rms  0.550  0.010% neg 0  invalid 762 tFOTS 0.0000 tGradient 1.2620 tsec 1.5080
#GCMRL#  372 dt  13.824000 rms  0.550  0.077% neg 0  invalid 762 tFOTS 0.0000 tGradient 1.2290 tsec 1.4740
#GCMRL#  373 dt  13.824000 rms  0.549  0.091% neg 0  invalid 762 tFOTS 0.0000 tGradient 1.2150 tsec 1.4560
#GCMRL#  374 dt  13.824000 rms  0.548  0.113% neg 0  invalid 762 tFOTS 0.0000 tGradient 1.2770 tsec 1.5140
#GCMRL#  375 dt  13.824000 rms  0.548  0.083% neg 0  invalid 762 tFOTS 0.0000 tGradient 1.2060 tsec 1.4400
#GCMRL#  376 dt  13.824000 rms  0.548  0.082% neg 0  invalid 762 tFOTS 0.0000 tGradient 1.1170 tsec 1.3510
#GCMRL#  377 dt   6.912000 rms  0.548 -0.007% neg 0  invalid 762 tFOTS 0.0000 tGradient 1.2940 tsec 1.9430

#GCAMreg# pass 0 level1 2 level2 1 tsec 89.233 sigma 0.5
l_jacobian=1.00 l_label=1.00 l_log_likelihood=0.20 l_smoothness=0.40 
tol=5.00e-02, dt=5.00e-02, exp_k=20.0, momentum=0.90, levels=6, niter=500, lbl_dist=10.00, avgs=4, sigma=0.5,type=2, relabel=0, neg=no

blurring input image with Gaussian with sigma=0.500...
GCAMRegisterLevel(): init RMS 0.54827
#GCMRL#  379 dt   0.000000 rms  0.548  0.140% neg 0  invalid 762 tFOTS 3.0620 tGradient 1.2460 tsec 4.5510
#GCMRL#  380 dt   0.150000 rms  0.548  0.000% neg 0  invalid 762 tFOTS 2.8980 tGradient 1.2500 tsec 4.5560
setting smoothness cost coefficient to 1.000

#GCAMreg# pass 0 level1 1 level2 0 tsec 0 sigma 2
l_jacobian=1.00 l_label=1.00 l_log_likelihood=0.20 l_smoothness=1.00 
tol=5.00e-02, dt=5.00e-02, exp_k=20.0, momentum=0.90, levels=6, niter=500, lbl_dist=10.00, avgs=1, sigma=2.0,type=2, relabel=0, neg=no

blurring input image with Gaussian with sigma=2.000...
GCAMRegisterLevel(): init RMS 0.578642
#GCMRL#  382 dt   0.000000 rms  0.578  0.125% neg 0  invalid 762 tFOTS 2.9130 tGradient 1.1130 tsec 4.2680
#GCMRL#  383 dt   0.100000 rms  0.578  0.000% neg 0  invalid 762 tFOTS 2.9170 tGradient 1.1100 tsec 4.5000

#GCAMreg# pass 0 level1 1 level2 1 tsec 19.427 sigma 0.5
l_jacobian=1.00 l_label=1.00 l_log_likelihood=0.20 l_smoothness=1.00 
tol=5.00e-02, dt=5.00e-02, exp_k=20.0, momentum=0.90, levels=6, niter=500, lbl_dist=10.00, avgs=1, sigma=0.5,type=2, relabel=0, neg=no

blurring input image with Gaussian with sigma=0.500...
GCAMRegisterLevel(): init RMS 0.578642
#GCMRL#  385 dt   0.000000 rms  0.578  0.125% neg 0  invalid 762 tFOTS 3.0120 tGradient 1.1100 tsec 4.3640
#GCMRL#  386 dt   0.100000 rms  0.578  0.000% neg 0  invalid 762 tFOTS 2.9080 tGradient 1.1180 tsec 4.4420
resetting metric properties...
setting smoothness cost coefficient to 2.000

#GCAMreg# pass 0 level1 0 level2 0 tsec 0 sigma 2
l_jacobian=1.00 l_label=1.00 l_log_likelihood=0.20 l_smoothness=2.00 
tol=5.00e-02, dt=5.00e-02, exp_k=20.0, momentum=0.90, levels=6, niter=500, lbl_dist=10.00, avgs=0, sigma=2.0,type=2, relabel=0, neg=no

blurring input image with Gaussian with sigma=2.000...
GCAMRegisterLevel(): init RMS 0.52705
#FOTS# QuadFit found better minimum quadopt=(dt=0.448,rms=0.512799) vs oldopt=(dt=0.32,rms=0.51646)
#GCMRL#  388 dt   0.448000 rms  0.513  2.704% neg 0  invalid 762 tFOTS 2.9670 tGradient 0.7080 tsec 3.9180
#FOTS# QuadFit found better minimum quadopt=(dt=0.384,rms=0.509457) vs oldopt=(dt=0.32,rms=0.509995)
#GCMRL#  389 dt   0.384000 rms  0.509  0.652% neg 0  invalid 762 tFOTS 2.8740 tGradient 0.7020 tsec 3.8200
#FOTS# QuadFit found better minimum quadopt=(dt=0.384,rms=0.507223) vs oldopt=(dt=0.32,rms=0.507587)
#GCMRL#  390 dt   0.384000 rms  0.507  0.439% neg 0  invalid 762 tFOTS 3.0130 tGradient 0.7100 tsec 3.9670
#FOTS# QuadFit found better minimum quadopt=(dt=0.384,rms=0.50569) vs oldopt=(dt=0.32,rms=0.505935)
#GCMRL#  391 dt   0.384000 rms  0.506  0.302% neg 0  invalid 762 tFOTS 3.1800 tGradient 0.7000 tsec 4.1230
#FOTS# QuadFit found better minimum quadopt=(dt=0.384,rms=0.504486) vs oldopt=(dt=0.32,rms=0.504679)
#GCMRL#  392 dt   0.384000 rms  0.504  0.238% neg 0  invalid 762 tFOTS 2.9910 tGradient 0.6840 tsec 3.9180
#FOTS# QuadFit found better minimum quadopt=(dt=0.384,rms=0.503576) vs oldopt=(dt=0.32,rms=0.503719)
#GCMRL#  393 dt   0.384000 rms  0.504  0.180% neg 0  invalid 762 tFOTS 2.8530 tGradient 0.6540 tsec 3.7490
#FOTS# QuadFit found better minimum quadopt=(dt=0.384,rms=0.502779) vs oldopt=(dt=0.32,rms=0.502902)
#GCMRL#  394 dt   0.384000 rms  0.503  0.158% neg 0  invalid 762 tFOTS 2.8560 tGradient 0.6510 tsec 3.7480
#FOTS# QuadFit found better minimum quadopt=(dt=0.384,rms=0.502172) vs oldopt=(dt=0.32,rms=0.502264)
#GCMRL#  395 dt   0.384000 rms  0.502  0.121% neg 0  invalid 762 tFOTS 3.0020 tGradient 0.6540 tsec 3.9030
#FOTS# QuadFit found better minimum quadopt=(dt=0.384,rms=0.501595) vs oldopt=(dt=0.32,rms=0.501681)
#GCMRL#  396 dt   0.384000 rms  0.502  0.115% neg 0  invalid 762 tFOTS 3.0560 tGradient 0.6530 tsec 4.0130
#FOTS# QuadFit found better minimum quadopt=(dt=0.384,rms=0.501152) vs oldopt=(dt=0.32,rms=0.501216)
#GCMRL#  397 dt   0.384000 rms  0.501  0.088% neg 0  invalid 762 tFOTS 2.9100 tGradient 0.7730 tsec 3.9720
#FOTS# QuadFit found better minimum quadopt=(dt=0.384,rms=0.50072) vs oldopt=(dt=0.32,rms=0.500783)
#GCMRL#  398 dt   0.384000 rms  0.501  0.086% neg 0  invalid 762 tFOTS 2.8840 tGradient 0.7870 tsec 3.9130
#FOTS# QuadFit found better minimum quadopt=(dt=0.384,rms=0.500378) vs oldopt=(dt=0.32,rms=0.500425)
#GCMRL#  399 dt   0.384000 rms  0.500  0.068% neg 0  invalid 762 tFOTS 2.9080 tGradient 0.6470 tsec 3.7960
#FOTS# QuadFit found better minimum quadopt=(dt=0.384,rms=0.500039) vs oldopt=(dt=0.32,rms=0.500086)
#GCMRL#  400 dt   0.384000 rms  0.500  0.068% neg 0  invalid 762 tFOTS 2.9260 tGradient 0.6530 tsec 3.8200
#FOTS# QuadFit found better minimum quadopt=(dt=0.384,rms=0.499775) vs oldopt=(dt=0.32,rms=0.499808)
#GCMRL#  401 dt   0.384000 rms  0.500  0.053% neg 0  invalid 762 tFOTS 2.8360 tGradient 0.6490 tsec 3.7560
#FOTS# QuadFit found better minimum quadopt=(dt=0.384,rms=0.499498) vs oldopt=(dt=0.32,rms=0.499535)
#GCMRL#  402 dt   0.384000 rms  0.499  0.055% neg 0  invalid 762 tFOTS 2.9330 tGradient 0.6940 tsec 3.8730
#FOTS# QuadFit found better minimum quadopt=(dt=0.384,rms=0.499286) vs oldopt=(dt=0.32,rms=0.499311)
#GCMRL#  403 dt   0.384000 rms  0.499  0.000% neg 0  invalid 762 tFOTS 2.9820 tGradient 0.6670 tsec 3.9110
#GCMRL#  404 dt   0.384000 rms  0.499  0.046% neg 0  invalid 762 tFOTS 0.0000 tGradient 0.6410 tsec 0.8730
#GCMRL#  405 dt   0.384000 rms  0.499  0.076% neg 0  invalid 762 tFOTS 0.0000 tGradient 0.6480 tsec 0.9740
#GCMRL#  406 dt   0.384000 rms  0.499  0.035% neg 0  invalid 762 tFOTS 0.0000 tGradient 0.6940 tsec 1.0660
#GCMRL#  407 dt   0.384000 rms  0.498  0.066% neg 0  invalid 762 tFOTS 0.0000 tGradient 0.6530 tsec 0.8960
#GCMRL#  408 dt   0.384000 rms  0.498  0.025% neg 0  invalid 762 tFOTS 0.0000 tGradient 0.6170 tsec 0.9910
#GCMRL#  409 dt   0.384000 rms  0.498  0.021% neg 0  invalid 762 tFOTS 0.0000 tGradient 0.6180 tsec 1.0040
#FOTS# QuadFit found better minimum quadopt=(dt=0.384,rms=0.497822) vs oldopt=(dt=0.32,rms=0.49783)
#GCMRL#  410 dt   0.384000 rms  0.498  0.025% neg 0  invalid 762 tFOTS 3.1130 tGradient 0.6230 tsec 3.9750
#FOTS# QuadFit found better minimum quadopt=(dt=0.384,rms=0.497736) vs oldopt=(dt=0.32,rms=0.497739)
#GCMRL#  411 dt   0.384000 rms  0.498  0.000% neg 0  invalid 762 tFOTS 3.1100 tGradient 0.6070 tsec 3.9750
#GCMRL#  412 dt   0.384000 rms  0.498  0.023% neg 0  invalid 762 tFOTS 0.0000 tGradient 0.6050 tsec 0.8400
#GCMRL#  413 dt   0.384000 rms  0.497  0.034% neg 0  invalid 762 tFOTS 0.0000 tGradient 0.6180 tsec 0.8760
#GCMRL#  414 dt   0.384000 rms  0.497  0.014% neg 0  invalid 762 tFOTS 0.0000 tGradient 0.6250 tsec 1.0170
#GCMRL#  415 dt   0.384000 rms  0.497  0.035% neg 0  invalid 762 tFOTS 0.0000 tGradient 0.6100 tsec 0.8500
#GCMRL#  416 dt   0.384000 rms  0.497  0.015% neg 0  invalid 762 tFOTS 0.0000 tGradient 0.6160 tsec 0.9820
#GCMRL#  417 dt   0.384000 rms  0.497  0.024% neg 0  invalid 762 tFOTS 0.0000 tGradient 0.6080 tsec 0.8420
#GCMRL#  418 dt   0.384000 rms  0.497  0.014% neg 0  invalid 762 tFOTS 0.0000 tGradient 0.6100 tsec 0.9930
#GCMRL#  419 dt   0.320000 rms  0.497  0.000% neg 0  invalid 762 tFOTS 2.8990 tGradient 0.6200 tsec 3.7770
#GCMRL#  420 dt   0.320000 rms  0.497  0.010% neg 0  invalid 762 tFOTS 0.0000 tGradient 0.6180 tsec 0.8680
#GCMRL#  421 dt   0.320000 rms  0.497  0.024% neg 0  invalid 762 tFOTS 0.0000 tGradient 0.6110 tsec 0.8450
#GCMRL#  422 dt   0.320000 rms  0.497  0.007% neg 0  invalid 762 tFOTS 0.0000 tGradient 0.6130 tsec 0.9900
#GCMRL#  423 dt   0.320000 rms  0.497  0.012% neg 0  invalid 762 tFOTS 0.0000 tGradient 0.6080 tsec 0.8470

#GCAMreg# pass 0 level1 0 level2 1 tsec 99.838 sigma 0.5
l_jacobian=1.00 l_label=1.00 l_log_likelihood=0.20 l_smoothness=2.00 
tol=5.00e-02, dt=5.00e-02, exp_k=20.0, momentum=0.90, levels=6, niter=500, lbl_dist=10.00, avgs=0, sigma=0.5,type=2, relabel=0, neg=no

blurring input image with Gaussian with sigma=0.500...
GCAMRegisterLevel(): init RMS 0.497443
#FOTS# QuadFit found better minimum quadopt=(dt=0.112,rms=0.495945) vs oldopt=(dt=0.08,rms=0.496116)
#GCMRL#  425 dt   0.112000 rms  0.496  0.301% neg 0  invalid 762 tFOTS 2.6460 tGradient 0.6110 tsec 3.5140
#GCMRL#  426 dt   0.320000 rms  0.495  0.258% neg 0  invalid 762 tFOTS 2.8440 tGradient 0.6170 tsec 3.7030
#GCMRL#  427 dt   0.320000 rms  0.494  0.087% neg 0  invalid 762 tFOTS 3.0780 tGradient 0.6110 tsec 3.9260
#GCMRL#  428 dt   0.320000 rms  0.494  0.000% neg 0  invalid 762 tFOTS 2.8830 tGradient 0.6080 tsec 3.7470
#GCMRL#  429 dt   0.320000 rms  0.494  0.015% neg 0  invalid 762 tFOTS 0.0000 tGradient 0.6050 tsec 0.8390
#GCMRL#  430 dt   0.320000 rms  0.494  0.018% neg 0  invalid 762 tFOTS 0.0000 tGradient 0.6110 tsec 0.8460
#GCMRL#  431 dt   0.320000 rms  0.494  0.001% neg 0  invalid 762 tFOTS 0.0000 tGradient 0.6050 tsec 0.9660
#GCMRL#  432 dt   0.320000 rms  0.494  0.003% neg 0  invalid 762 tFOTS 0.0000 tGradient 0.6050 tsec 0.9110
#GCMRL#  433 dt   0.320000 rms  0.494  0.001% neg 0  invalid 762 tFOTS 0.0000 tGradient 0.6970 tsec 0.9560
#GCMRL#  434 dt   0.320000 rms  0.494  0.008% neg 0  invalid 762 tFOTS 2.7820 tGradient 0.6100 tsec 3.6480
#FOTS# QuadFit found better minimum quadopt=(dt=0.256,rms=0.493857) vs oldopt=(dt=0.32,rms=0.493861)
GCAMregister done in 17.469 min
********************* ALLOWING NEGATIVE NODES IN DEFORMATION********************************
noneg post
Starting GCAMregister()
label assignment complete, 0 changed (0.00%)
npasses = 1, nlevels = 6
#pass# 1 of 1 ************************
enabling zero nodes
setting smoothness cost coefficient to 0.008

#GCAMreg# pass 0 level1 5 level2 0 tsec 0 sigma 2
l_jacobian=1.00 l_label=1.00 l_log_likelihood=0.20 l_smoothness=0.01 
tol=2.50e-01, dt=5.00e-02, exp_k=20.0, momentum=0.90, levels=6, niter=500, lbl_dist=10.00, avgs=256, sigma=2.0,type=2, relabel=0, neg=yes

blurring input image with Gaussian with sigma=2.000...
GCAMRegisterLevel(): init RMS 0.492008
#FOTS# QuadFit found better minimum quadopt=(dt=129.472,rms=0.490804) vs oldopt=(dt=92.48,rms=0.490835)
#GCMRL#  436 dt 129.472000 rms  0.491  0.245% neg 0  invalid 762 tFOTS 3.6360 tGradient 1.9530 tsec 5.8300
#FOTS# QuadFit found better minimum quadopt=(dt=295.936,rms=0.490519) vs oldopt=(dt=369.92,rms=0.490559)
#GCMRL#  437 dt 295.936000 rms  0.491  0.000% neg 0  invalid 762 tFOTS 3.4310 tGradient 1.9190 tsec 5.6090

#GCAMreg# pass 0 level1 5 level2 1 tsec 23.001 sigma 0.5
l_jacobian=1.00 l_label=1.00 l_log_likelihood=0.20 l_smoothness=0.01 
tol=2.50e-01, dt=5.00e-02, exp_k=20.0, momentum=0.90, levels=6, niter=500, lbl_dist=10.00, avgs=256, sigma=0.5,type=2, relabel=0, neg=yes

blurring input image with Gaussian with sigma=0.500...
GCAMRegisterLevel(): init RMS 0.49146
#FOTS# QuadFit found better minimum quadopt=(dt=295.936,rms=0.489647) vs oldopt=(dt=369.92,rms=0.4897)
#GCMRL#  439 dt 295.936000 rms  0.490  0.369% neg 0  invalid 762 tFOTS 3.4900 tGradient 2.0500 tsec 5.7820
#FOTS# QuadFit found better minimum quadopt=(dt=73.984,rms=0.489432) vs oldopt=(dt=92.48,rms=0.489442)
#GCMRL#  440 dt  73.984000 rms  0.489  0.000% neg 0  invalid 762 tFOTS 3.5280 tGradient 1.9410 tsec 5.7310
#GCMRL#  441 dt  73.984000 rms  0.489  0.016% neg 0  invalid 762 tFOTS 0.0000 tGradient 1.9970 tsec 2.2340
#GCMRL#  442 dt  73.984000 rms  0.489  0.026% neg 0  invalid 762 tFOTS 0.0000 tGradient 1.9550 tsec 2.1940
#GCMRL#  443 dt  73.984000 rms  0.489  0.032% neg 0  invalid 762 tFOTS 0.0000 tGradient 1.9380 tsec 2.1770
#GCMRL#  444 dt  73.984000 rms  0.489  0.039% neg 0  invalid 762 tFOTS 0.0000 tGradient 1.9950 tsec 2.2310
#GCMRL#  445 dt  73.984000 rms  0.489  0.044% neg 0  invalid 762 tFOTS 0.0000 tGradient 1.9910 tsec 2.2310
#GCMRL#  446 dt  73.984000 rms  0.488  0.043% neg 0  invalid 762 tFOTS 0.0000 tGradient 1.9750 tsec 2.2550
#GCMRL#  447 dt  73.984000 rms  0.488  0.036% neg 0  invalid 762 tFOTS 0.0000 tGradient 1.9400 tsec 2.1940
#FOTS# QuadFit found better minimum quadopt=(dt=129.472,rms=0.488272) vs oldopt=(dt=92.48,rms=0.488274)
setting smoothness cost coefficient to 0.031

#GCAMreg# pass 0 level1 4 level2 0 tsec 0 sigma 2
l_jacobian=1.00 l_label=1.00 l_log_likelihood=0.20 l_smoothness=0.03 
tol=2.50e-01, dt=5.00e-02, exp_k=20.0, momentum=0.90, levels=6, niter=500, lbl_dist=10.00, avgs=64, sigma=2.0,type=2, relabel=0, neg=yes

blurring input image with Gaussian with sigma=2.000...
GCAMRegisterLevel(): init RMS 0.489219
#FOTS# QuadFit found better minimum quadopt=(dt=100.94,rms=0.486774) vs oldopt=(dt=103.68,rms=0.486776)
iter 0, gcam->neg = 2
after 0 iterations, nbhd size=0, neg = 0
#GCMRL#  449 dt 100.939597 rms  0.487  0.500% neg 0  invalid 762 tFOTS 3.6450 tGradient 1.5640 tsec 6.1290
#FOTS# QuadFit found better minimum quadopt=(dt=124.416,rms=0.485012) vs oldopt=(dt=103.68,rms=0.485081)
#GCMRL#  450 dt 124.416000 rms  0.485  0.362% neg 0  invalid 762 tFOTS 3.4450 tGradient 1.2040 tsec 4.8890
#FOTS# QuadFit found better minimum quadopt=(dt=36.288,rms=0.484129) vs oldopt=(dt=25.92,rms=0.484221)
#GCMRL#  451 dt  36.288000 rms  0.484  0.000% neg 0  invalid 762 tFOTS 3.8500 tGradient 1.1950 tsec 5.3070
#GCMRL#  452 dt  36.288000 rms  0.484  0.045% neg 0  invalid 762 tFOTS 0.0000 tGradient 1.2240 tsec 1.4570
iter 0, gcam->neg = 2
after 0 iterations, nbhd size=0, neg = 0
#GCMRL#  453 dt  36.288000 rms  0.483  0.091% neg 0  invalid 762 tFOTS 0.0000 tGradient 1.3590 tsec 2.2730
#GCMRL#  454 dt  36.288000 rms  0.483  0.146% neg 0  invalid 762 tFOTS 0.0000 tGradient 1.2250 tsec 1.4640
iter 0, gcam->neg = 2
after 10 iterations, nbhd size=1, neg = 0
#GCMRL#  455 dt  36.288000 rms  0.482  0.130% neg 0  invalid 762 tFOTS 0.0000 tGradient 1.2120 tsec 5.2360
iter 0, gcam->neg = 3
after 2 iterations, nbhd size=0, neg = 0
#GCMRL#  456 dt  36.288000 rms  0.482  0.125% neg 0  invalid 762 tFOTS 0.0000 tGradient 1.2380 tsec 2.8900
iter 0, gcam->neg = 6
after 10 iterations, nbhd size=1, neg = 0
#GCMRL#  457 dt  36.288000 rms  0.481  0.092% neg 0  invalid 762 tFOTS 0.0000 tGradient 1.2020 tsec 5.2480
iter 0, gcam->neg = 1
after 0 iterations, nbhd size=0, neg = 0
#GCMRL#  458 dt 414.720000 rms  0.480  0.183% neg 0  invalid 762 tFOTS 3.5700 tGradient 1.2070 tsec 5.6850
#FOTS# QuadFit found better minimum quadopt=(dt=36.288,rms=0.479678) vs oldopt=(dt=25.92,rms=0.479785)
#GCMRL#  459 dt  36.288000 rms  0.480  0.000% neg 0  invalid 762 tFOTS 3.5670 tGradient 1.3820 tsec 5.2130
#GCMRL#  460 dt  36.288000 rms  0.479  0.038% neg 0  invalid 762 tFOTS 0.0000 tGradient 1.2350 tsec 1.4710
iter 0, gcam->neg = 1
after 1 iterations, nbhd size=0, neg = 0
#GCMRL#  461 dt  36.288000 rms  0.479  0.045% neg 0  invalid 762 tFOTS 0.0000 tGradient 1.2380 tsec 2.4600
iter 0, gcam->neg = 1
after 0 iterations, nbhd size=0, neg = 0
#GCMRL#  462 dt  36.288000 rms  0.479  0.043% neg 0  invalid 762 tFOTS 0.0000 tGradient 1.5580 tsec 2.5120

#GCAMreg# pass 0 level1 4 level2 1 tsec 62.904 sigma 0.5
l_jacobian=1.00 l_label=1.00 l_log_likelihood=0.20 l_smoothness=0.03 
tol=2.50e-01, dt=5.00e-02, exp_k=20.0, momentum=0.90, levels=6, niter=500, lbl_dist=10.00, avgs=64, sigma=0.5,type=2, relabel=0, neg=yes

blurring input image with Gaussian with sigma=0.500...
GCAMRegisterLevel(): init RMS 0.479801
#FOTS# QuadFit found better minimum quadopt=(dt=145.152,rms=0.476958) vs oldopt=(dt=103.68,rms=0.477226)
iter 0, gcam->neg = 1
after 1 iterations, nbhd size=0, neg = 0
#GCMRL#  464 dt 145.152000 rms  0.477  0.592% neg 0  invalid 762 tFOTS 3.5510 tGradient 1.2010 tsec 5.9710
#FOTS# QuadFit found better minimum quadopt=(dt=36.288,rms=0.476641) vs oldopt=(dt=25.92,rms=0.476699)
#GCMRL#  465 dt  36.288000 rms  0.477  0.000% neg 0  invalid 762 tFOTS 3.5610 tGradient 1.1980 tsec 5.0210
iter 0, gcam->neg = 1
after 2 iterations, nbhd size=0, neg = 0
#GCMRL#  466 dt  36.288000 rms  0.476  0.033% neg 0  invalid 762 tFOTS 0.0000 tGradient 1.1970 tsec 2.7270
#GCMRL#  467 dt  36.288000 rms  0.476  0.055% neg 0  invalid 762 tFOTS 0.0000 tGradient 1.2190 tsec 1.4600
#GCMRL#  468 dt  36.288000 rms  0.476  0.068% neg 0  invalid 762 tFOTS 0.0000 tGradient 1.2280 tsec 1.4700
#GCMRL#  469 dt  36.288000 rms  0.475  0.086% neg 0  invalid 762 tFOTS 0.0000 tGradient 1.3480 tsec 1.5850
#GCMRL#  470 dt  36.288000 rms  0.475  0.096% neg 0  invalid 762 tFOTS 0.0000 tGradient 1.2020 tsec 1.4430
#GCMRL#  471 dt  36.288000 rms  0.475  0.095% neg 0  invalid 762 tFOTS 0.0000 tGradient 1.2020 tsec 1.4390
iter 0, gcam->neg = 1
after 4 iterations, nbhd size=0, neg = 0
#GCMRL#  472 dt  36.288000 rms  0.474  0.084% neg 0  invalid 762 tFOTS 0.0000 tGradient 1.2050 tsec 3.3830
#FOTS# QuadFit found better minimum quadopt=(dt=145.152,rms=0.474059) vs oldopt=(dt=103.68,rms=0.474069)
setting smoothness cost coefficient to 0.118

#GCAMreg# pass 0 level1 3 level2 0 tsec 0 sigma 2
l_jacobian=1.00 l_label=1.00 l_log_likelihood=0.20 l_smoothness=0.12 
tol=2.50e-01, dt=5.00e-02, exp_k=20.0, momentum=0.90, levels=6, niter=500, lbl_dist=10.00, avgs=16, sigma=2.0,type=2, relabel=0, neg=yes

blurring input image with Gaussian with sigma=2.000...
GCAMRegisterLevel(): init RMS 0.475944
#FOTS# QuadFit found better minimum quadopt=(dt=76.0342,rms=0.470558) vs oldopt=(dt=32,rms=0.471792)
iter 0, gcam->neg = 25
after 13 iterations, nbhd size=1, neg = 0
#GCMRL#  474 dt  76.034188 rms  0.471  1.114% neg 0  invalid 762 tFOTS 3.7850 tGradient 1.2260 tsec 9.9850
#FOTS# QuadFit found better minimum quadopt=(dt=44.8,rms=0.466772) vs oldopt=(dt=32,rms=0.467139)
iter 0, gcam->neg = 2
after 10 iterations, nbhd size=1, neg = 0
#GCMRL#  475 dt  44.800000 rms  0.467  0.822% neg 0  invalid 762 tFOTS 3.7290 tGradient 1.2090 tsec 8.9810
#FOTS# QuadFit found better minimum quadopt=(dt=22.9859,rms=0.465455) vs oldopt=(dt=32,rms=0.465735)
iter 0, gcam->neg = 4
after 2 iterations, nbhd size=0, neg = 0
#GCMRL#  476 dt  22.985915 rms  0.465  0.281% neg 0  invalid 762 tFOTS 3.6430 tGradient 1.1270 tsec 6.3080
#FOTS# QuadFit found better minimum quadopt=(dt=44.8,rms=0.463909) vs oldopt=(dt=32,rms=0.464128)
iter 0, gcam->neg = 6
after 10 iterations, nbhd size=1, neg = 0
#GCMRL#  477 dt  44.800000 rms  0.464  0.330% neg 0  invalid 762 tFOTS 3.6950 tGradient 1.2310 tsec 8.9530
#FOTS# QuadFit found better minimum quadopt=(dt=25.6,rms=0.463156) vs oldopt=(dt=32,rms=0.463238)
iter 0, gcam->neg = 5
after 4 iterations, nbhd size=0, neg = 0
#GCMRL#  478 dt  25.600000 rms  0.463  0.000% neg 0  invalid 762 tFOTS 3.6090 tGradient 1.1200 tsec 6.9030
iter 0, gcam->neg = 3
after 9 iterations, nbhd size=1, neg = 0
#GCMRL#  479 dt  25.600000 rms  0.462  0.173% neg 0  invalid 762 tFOTS 0.0000 tGradient 1.1190 tsec 4.8220
iter 0, gcam->neg = 11
after 10 iterations, nbhd size=1, neg = 0
#GCMRL#  480 dt  25.600000 rms  0.461  0.257% neg 0  invalid 762 tFOTS 0.0000 tGradient 1.1170 tsec 5.1600
iter 0, gcam->neg = 12
after 9 iterations, nbhd size=1, neg = 0
#GCMRL#  481 dt  25.600000 rms  0.460  0.285% neg 0  invalid 762 tFOTS 0.0000 tGradient 1.1180 tsec 4.8440
iter 0, gcam->neg = 13
after 11 iterations, nbhd size=1, neg = 0
#GCMRL#  482 dt  25.600000 rms  0.458  0.322% neg 0  invalid 762 tFOTS 0.0000 tGradient 1.1450 tsec 5.5230
iter 0, gcam->neg = 15
after 16 iterations, nbhd size=1, neg = 0
#GCMRL#  483 dt  25.600000 rms  0.457  0.286% neg 0  invalid 762 tFOTS 0.0000 tGradient 1.1430 tsec 7.0650
iter 0, gcam->neg = 23
after 13 iterations, nbhd size=1, neg = 0
#GCMRL#  484 dt  25.600000 rms  0.456  0.292% neg 0  invalid 762 tFOTS 0.0000 tGradient 1.1490 tsec 6.1300
iter 0, gcam->neg = 18
after 13 iterations, nbhd size=1, neg = 0
#GCMRL#  485 dt  25.600000 rms  0.455  0.232% neg 0  invalid 762 tFOTS 0.0000 tGradient 1.1450 tsec 6.1280
iter 0, gcam->neg = 28
after 19 iterations, nbhd size=1, neg = 0
#GCMRL#  486 dt  25.600000 rms  0.454  0.168% neg 0  invalid 762 tFOTS 0.0000 tGradient 1.1450 tsec 8.0610
iter 0, gcam->neg = 34
after 13 iterations, nbhd size=1, neg = 0
#GCMRL#  487 dt  25.600000 rms  0.453  0.155% neg 0  invalid 762 tFOTS 0.0000 tGradient 1.1240 tsec 6.1390
iter 0, gcam->neg = 36
after 16 iterations, nbhd size=1, neg = 0
#GCMRL#  488 dt  25.600000 rms  0.453  0.147% neg 0  invalid 762 tFOTS 0.0000 tGradient 1.1510 tsec 7.2040
iter 0, gcam->neg = 31
after 14 iterations, nbhd size=1, neg = 0
#GCMRL#  489 dt  25.600000 rms  0.452  0.129% neg 0  invalid 762 tFOTS 0.0000 tGradient 1.1910 tsec 6.5730
iter 0, gcam->neg = 31
after 15 iterations, nbhd size=1, neg = 0
#GCMRL#  490 dt  25.600000 rms  0.451  0.126% neg 0  invalid 762 tFOTS 0.0000 tGradient 1.1300 tsec 6.9010
iter 0, gcam->neg = 20
after 7 iterations, nbhd size=0, neg = 0
#GCMRL#  491 dt  25.600000 rms  0.451  0.038% neg 0  invalid 762 tFOTS 0.0000 tGradient 1.1920 tsec 4.3490
iter 0, gcam->neg = 39
after 20 iterations, nbhd size=1, neg = 0
#GCMRL#  492 dt  25.600000 rms  0.451  0.049% neg 0  invalid 762 tFOTS 0.0000 tGradient 1.1560 tsec 8.4680
iter 0, gcam->neg = 38
after 14 iterations, nbhd size=1, neg = 0
#GCMRL#  493 dt  25.600000 rms  0.451  0.079% neg 0  invalid 762 tFOTS 0.0000 tGradient 1.1600 tsec 6.5550
iter 0, gcam->neg = 32
after 10 iterations, nbhd size=0, neg = 0
#GCMRL#  494 dt  25.600000 rms  0.450  0.064% neg 0  invalid 762 tFOTS 0.0000 tGradient 1.1600 tsec 5.3810
#FOTS# QuadFit found better minimum quadopt=(dt=11.2,rms=0.450281) vs oldopt=(dt=8,rms=0.450296)
iter 0, gcam->neg = 2
after 0 iterations, nbhd size=0, neg = 0
#GCMRL#  495 dt  11.200000 rms  0.450  0.000% neg 0  invalid 762 tFOTS 3.7060 tGradient 1.2300 tsec 5.8940
iter 0, gcam->neg = 2
after 9 iterations, nbhd size=1, neg = 0
#GCMRL#  496 dt  11.200000 rms  0.450  0.011% neg 0  invalid 762 tFOTS 0.0000 tGradient 1.1680 tsec 5.0010
iter 0, gcam->neg = 4
after 2 iterations, nbhd size=0, neg = 0
#GCMRL#  497 dt  11.200000 rms  0.450  0.024% neg 0  invalid 762 tFOTS 0.0000 tGradient 1.1740 tsec 2.7430
iter 0, gcam->neg = 2
after 1 iterations, nbhd size=0, neg = 0
#GCMRL#  498 dt  11.200000 rms  0.450  0.035% neg 0  invalid 762 tFOTS 0.0000 tGradient 1.1790 tsec 2.4380
iter 0, gcam->neg = 10
after 4 iterations, nbhd size=0, neg = 0
#GCMRL#  499 dt  11.200000 rms  0.450  0.026% neg 0  invalid 762 tFOTS 0.0000 tGradient 1.1770 tsec 3.4860
iter 0, gcam->neg = 3
after 1 iterations, nbhd size=0, neg = 0

#GCAMreg# pass 0 level1 3 level2 1 tsec 171.638 sigma 0.5
l_jacobian=1.00 l_label=1.00 l_log_likelihood=0.20 l_smoothness=0.12 
tol=2.50e-01, dt=5.00e-02, exp_k=20.0, momentum=0.90, levels=6, niter=500, lbl_dist=10.00, avgs=16, sigma=0.5,type=2, relabel=0, neg=yes

blurring input image with Gaussian with sigma=0.500...
GCAMRegisterLevel(): init RMS 0.45072
#FOTS# QuadFit found better minimum quadopt=(dt=70.3099,rms=0.447682) vs oldopt=(dt=32,rms=0.448034)
iter 0, gcam->neg = 5
after 1 iterations, nbhd size=0, neg = 0
#GCMRL#  501 dt  70.309859 rms  0.448  0.672% neg 0  invalid 762 tFOTS 3.6230 tGradient 1.1780 tsec 6.0590
#FOTS# QuadFit found better minimum quadopt=(dt=22.696,rms=0.446887) vs oldopt=(dt=32,rms=0.447094)
#GCMRL#  502 dt  22.696035 rms  0.447  0.000% neg 0  invalid 762 tFOTS 3.6610 tGradient 1.1510 tsec 5.0780
#GCMRL#  503 dt  22.696035 rms  0.447  0.031% neg 0  invalid 762 tFOTS 0.0000 tGradient 1.1570 tsec 1.4060
iter 0, gcam->neg = 3
after 1 iterations, nbhd size=0, neg = 0
#GCMRL#  504 dt  22.696035 rms  0.446  0.099% neg 0  invalid 762 tFOTS 0.0000 tGradient 1.1540 tsec 2.3790
iter 0, gcam->neg = 3
after 3 iterations, nbhd size=0, neg = 0
#GCMRL#  505 dt  22.696035 rms  0.446  0.093% neg 0  invalid 762 tFOTS 0.0000 tGradient 1.1560 tsec 3.0270
iter 0, gcam->neg = 4
after 2 iterations, nbhd size=0, neg = 0
#GCMRL#  506 dt  22.696035 rms  0.446  0.042% neg 0  invalid 762 tFOTS 0.0000 tGradient 1.1470 tsec 2.7490
#FOTS# QuadFit found better minimum quadopt=(dt=11.2,rms=0.445586) vs oldopt=(dt=8,rms=0.4456)
setting smoothness cost coefficient to 0.400

#GCAMreg# pass 0 level1 2 level2 0 tsec 0 sigma 2
l_jacobian=1.00 l_label=1.00 l_log_likelihood=0.20 l_smoothness=0.40 
tol=2.50e-01, dt=5.00e-02, exp_k=20.0, momentum=0.90, levels=6, niter=500, lbl_dist=10.00, avgs=4, sigma=2.0,type=2, relabel=0, neg=yes

blurring input image with Gaussian with sigma=2.000...
GCAMRegisterLevel(): init RMS 0.457041
#FOTS# QuadFit found better minimum quadopt=(dt=1.008,rms=0.45602) vs oldopt=(dt=0.72,rms=0.456025)
#GCMRL#  508 dt   1.008000 rms  0.456  0.223% neg 0  invalid 762 tFOTS 3.7960 tGradient 1.1220 tsec 5.1610
#FOTS# QuadFit found better minimum quadopt=(dt=0.252,rms=0.456018) vs oldopt=(dt=0.18,rms=0.456019)
#GCMRL#  509 dt   0.252000 rms  0.456  0.000% neg 0  invalid 762 tFOTS 3.9210 tGradient 1.1110 tsec 5.2920

#GCAMreg# pass 0 level1 2 level2 1 tsec 21.195 sigma 0.5
l_jacobian=1.00 l_label=1.00 l_log_likelihood=0.20 l_smoothness=0.40 
tol=2.50e-01, dt=5.00e-02, exp_k=20.0, momentum=0.90, levels=6, niter=500, lbl_dist=10.00, avgs=4, sigma=0.5,type=2, relabel=0, neg=yes

blurring input image with Gaussian with sigma=0.500...
GCAMRegisterLevel(): init RMS 0.457001
#FOTS# QuadFit found better minimum quadopt=(dt=2.304,rms=0.455887) vs oldopt=(dt=2.88,rms=0.455892)
#GCMRL#  511 dt   2.304000 rms  0.456  0.244% neg 0  invalid 762 tFOTS 3.7420 tGradient 1.1080 tsec 5.0980
#FOTS# QuadFit found better minimum quadopt=(dt=1.008,rms=0.455869) vs oldopt=(dt=0.72,rms=0.455871)
iter 0, gcam->neg = 1
after 1 iterations, nbhd size=0, neg = 0
#GCMRL#  512 dt   1.008000 rms  0.456  0.000% neg 0  invalid 762 tFOTS 3.7860 tGradient 1.1050 tsec 6.1400
setting smoothness cost coefficient to 1.000

#GCAMreg# pass 0 level1 1 level2 0 tsec 0 sigma 2
l_jacobian=1.00 l_label=1.00 l_log_likelihood=0.20 l_smoothness=1.00 
tol=2.50e-01, dt=5.00e-02, exp_k=20.0, momentum=0.90, levels=6, niter=500, lbl_dist=10.00, avgs=1, sigma=2.0,type=2, relabel=0, neg=yes

blurring input image with Gaussian with sigma=2.000...
GCAMRegisterLevel(): init RMS 0.474862
#FOTS# QuadFit found better minimum quadopt=(dt=1.792,rms=0.471095) vs oldopt=(dt=1.28,rms=0.471343)
iter 0, gcam->neg = 2
after 3 iterations, nbhd size=0, neg = 0
#GCMRL#  514 dt   1.792000 rms  0.471  0.793% neg 0  invalid 762 tFOTS 4.0650 tGradient 1.0440 tsec 6.9790
#FOTS# QuadFit found better minimum quadopt=(dt=1.024,rms=0.47083) vs oldopt=(dt=1.28,rms=0.470874)
iter 0, gcam->neg = 1
after 1 iterations, nbhd size=0, neg = 0
#GCMRL#  515 dt   1.024000 rms  0.471  0.000% neg 0  invalid 762 tFOTS 3.8210 tGradient 1.0540 tsec 6.1450
iter 0, gcam->neg = 2
after 1 iterations, nbhd size=0, neg = 0

#GCAMreg# pass 0 level1 1 level2 1 tsec 24.704 sigma 0.5
l_jacobian=1.00 l_label=1.00 l_log_likelihood=0.20 l_smoothness=1.00 
tol=2.50e-01, dt=5.00e-02, exp_k=20.0, momentum=0.90, levels=6, niter=500, lbl_dist=10.00, avgs=1, sigma=0.5,type=2, relabel=0, neg=yes

blurring input image with Gaussian with sigma=0.500...
GCAMRegisterLevel(): init RMS 0.471761
#FOTS# QuadFit found better minimum quadopt=(dt=1.536,rms=0.470187) vs oldopt=(dt=1.28,rms=0.470213)
iter 0, gcam->neg = 3
after 2 iterations, nbhd size=0, neg = 0
#GCMRL#  517 dt   1.536000 rms  0.470  0.333% neg 0  invalid 762 tFOTS 3.6740 tGradient 1.0310 tsec 6.3220
#FOTS# QuadFit found better minimum quadopt=(dt=0.768,rms=0.470134) vs oldopt=(dt=1.28,rms=0.470159)
#GCMRL#  518 dt   0.768000 rms  0.470  0.000% neg 0  invalid 762 tFOTS 3.8130 tGradient 1.0330 tsec 5.1110
resetting metric properties...
setting smoothness cost coefficient to 2.000

#GCAMreg# pass 0 level1 0 level2 0 tsec 0 sigma 2
l_jacobian=1.00 l_label=1.00 l_log_likelihood=0.20 l_smoothness=2.00 
tol=2.50e-01, dt=5.00e-02, exp_k=20.0, momentum=0.90, levels=6, niter=500, lbl_dist=10.00, avgs=0, sigma=2.0,type=2, relabel=0, neg=yes

blurring input image with Gaussian with sigma=2.000...
GCAMRegisterLevel(): init RMS 0.45825
#FOTS# QuadFit found better minimum quadopt=(dt=1.91458,rms=0.431745) vs oldopt=(dt=1.28,rms=0.434787)
iter 0, gcam->neg = 1180
after 19 iterations, nbhd size=1, neg = 0
#GCMRL#  520 dt   1.914576 rms  0.434  5.316% neg 0  invalid 762 tFOTS 3.6710 tGradient 0.6100 tsec 11.1870
#FOTS# QuadFit found better minimum quadopt=(dt=0.016,rms=0.433869) vs oldopt=(dt=0.02,rms=0.433869)
#GCMRL#  521 dt   0.016000 rms  0.434  0.000% neg 0  invalid 762 tFOTS 3.6740 tGradient 0.5790 tsec 4.5150

#GCAMreg# pass 0 level1 0 level2 1 tsec 25.888 sigma 0.5
l_jacobian=1.00 l_label=1.00 l_log_likelihood=0.20 l_smoothness=2.00 
tol=2.50e-01, dt=5.00e-02, exp_k=20.0, momentum=0.90, levels=6, niter=500, lbl_dist=10.00, avgs=0, sigma=0.5,type=2, relabel=0, neg=yes

blurring input image with Gaussian with sigma=0.500...
GCAMRegisterLevel(): init RMS 0.434917
#FOTS# QuadFit found better minimum quadopt=(dt=0.028,rms=0.43381) vs oldopt=(dt=0.02,rms=0.433822)
#GCMRL#  523 dt   0.028000 rms  0.434  0.255% neg 0  invalid 762 tFOTS 3.5980 tGradient 0.5900 tsec 4.4290
#GCMRL#  524 dt   0.020000 rms  0.434  0.000% neg 0  invalid 762 tFOTS 3.6260 tGradient 0.5710 tsec 4.4580
label assignment complete, 0 changed (0.00%)
GCAMregister done in 7.66218 min
Starting GCAMcomputeMaxPriorLabels()
Morphing with label term set to 0 *******************************
Starting GCAMregister()
label assignment complete, 0 changed (0.00%)
npasses = 1, nlevels = 6
#pass# 1 of 1 ************************
enabling zero nodes
setting smoothness cost coefficient to 0.008

#GCAMreg# pass 0 level1 5 level2 0 tsec 0 sigma 2
l_jacobian=1.00 l_log_likelihood=0.20 l_smoothness=0.01 
tol=2.50e-01, dt=5.00e-02, exp_k=20.0, momentum=0.90, levels=6, niter=500, lbl_dist=10.00, avgs=256, sigma=2.0,type=2, relabel=0, neg=yes

blurring input image with Gaussian with sigma=2.000...
GCAMRegisterLevel(): init RMS 0.421088
#FOTS# QuadFit found better minimum quadopt=(dt=-0.00721154,rms=0.421088) vs oldopt=(dt=0.0225781,rms=0.421088)
#GCMRL#  526 dt  -0.007212 rms  0.421  0.000% neg 0  invalid 762 tFOTS 3.3600 tGradient 1.2160 tsec 4.8040

#GCAMreg# pass 0 level1 5 level2 1 tsec 18.58 sigma 0.5
l_jacobian=1.00 l_log_likelihood=0.20 l_smoothness=0.01 
tol=2.50e-01, dt=5.00e-02, exp_k=20.0, momentum=0.90, levels=6, niter=500, lbl_dist=10.00, avgs=256, sigma=0.5,type=2, relabel=0, neg=yes

blurring input image with Gaussian with sigma=0.500...
GCAMRegisterLevel(): init RMS 0.421088
#FOTS# QuadFit found better minimum quadopt=(dt=129.472,rms=0.420924) vs oldopt=(dt=92.48,rms=0.420954)
#GCMRL#  528 dt 129.472000 rms  0.421  0.039% neg 0  invalid 762 tFOTS 3.1740 tGradient 1.1150 tsec 4.5160
#FOTS# QuadFit found better minimum quadopt=(dt=443.904,rms=0.420768) vs oldopt=(dt=369.92,rms=0.420772)
#GCMRL#  529 dt 443.904000 rms  0.421  0.000% neg 0  invalid 762 tFOTS 3.2030 tGradient 1.1170 tsec 4.5680
setting smoothness cost coefficient to 0.031

#GCAMreg# pass 0 level1 4 level2 0 tsec 0 sigma 2
l_jacobian=1.00 l_log_likelihood=0.20 l_smoothness=0.03 
tol=2.50e-01, dt=5.00e-02, exp_k=20.0, momentum=0.90, levels=6, niter=500, lbl_dist=10.00, avgs=64, sigma=2.0,type=2, relabel=0, neg=yes

blurring input image with Gaussian with sigma=2.000...
GCAMRegisterLevel(): init RMS 0.42093
#GCMRL#  531 dt  25.920000 rms  0.421  0.019% neg 0  invalid 762 tFOTS 3.2020 tGradient 1.1050 tsec 4.6020
#FOTS# QuadFit found better minimum quadopt=(dt=20.736,rms=0.420831) vs oldopt=(dt=25.92,rms=0.420833)
#GCMRL#  532 dt  20.736000 rms  0.421  0.000% neg 0  invalid 762 tFOTS 3.3850 tGradient 0.8740 tsec 4.5030
#GCMRL#  533 dt  20.736000 rms  0.421  0.002% neg 0  invalid 762 tFOTS 0.0000 tGradient 0.8710 tsec 1.0900

#GCAMreg# pass 0 level1 4 level2 1 tsec 20.592 sigma 0.5
l_jacobian=1.00 l_log_likelihood=0.20 l_smoothness=0.03 
tol=2.50e-01, dt=5.00e-02, exp_k=20.0, momentum=0.90, levels=6, niter=500, lbl_dist=10.00, avgs=64, sigma=0.5,type=2, relabel=0, neg=yes

blurring input image with Gaussian with sigma=0.500...
GCAMRegisterLevel(): init RMS 0.42082
#FOTS# QuadFit found better minimum quadopt=(dt=124.416,rms=0.419916) vs oldopt=(dt=103.68,rms=0.419951)
#GCMRL#  535 dt 124.416000 rms  0.420  0.215% neg 0  invalid 762 tFOTS 3.2070 tGradient 0.8650 tsec 4.2970
#FOTS# QuadFit found better minimum quadopt=(dt=36.288,rms=0.419662) vs oldopt=(dt=25.92,rms=0.419705)
#GCMRL#  536 dt  36.288000 rms  0.420  0.000% neg 0  invalid 762 tFOTS 3.1560 tGradient 0.8680 tsec 4.2660
#GCMRL#  537 dt  36.288000 rms  0.420  0.027% neg 0  invalid 762 tFOTS 0.0000 tGradient 0.8720 tsec 1.0920
#GCMRL#  538 dt  36.288000 rms  0.419  0.043% neg 0  invalid 762 tFOTS 0.0000 tGradient 0.8770 tsec 1.0960
iter 0, gcam->neg = 2
after 1 iterations, nbhd size=0, neg = 0
#GCMRL#  539 dt  36.288000 rms  0.419  0.053% neg 0  invalid 762 tFOTS 0.0000 tGradient 0.8710 tsec 2.0700
#GCMRL#  540 dt  36.288000 rms  0.419  0.062% neg 0  invalid 762 tFOTS 0.0000 tGradient 0.8720 tsec 1.0930
iter 0, gcam->neg = 1
after 0 iterations, nbhd size=0, neg = 0
#GCMRL#  541 dt  36.288000 rms  0.419  0.061% neg 0  invalid 762 tFOTS 0.0000 tGradient 1.0870 tsec 2.0670
iter 0, gcam->neg = 4
after 1 iterations, nbhd size=0, neg = 0
setting smoothness cost coefficient to 0.118

#GCAMreg# pass 0 level1 3 level2 0 tsec 0 sigma 2
l_jacobian=1.00 l_log_likelihood=0.20 l_smoothness=0.12 
tol=2.50e-01, dt=5.00e-02, exp_k=20.0, momentum=0.90, levels=6, niter=500, lbl_dist=10.00, avgs=16, sigma=2.0,type=2, relabel=0, neg=yes

blurring input image with Gaussian with sigma=2.000...
GCAMRegisterLevel(): init RMS 0.419101
#FOTS# QuadFit found better minimum quadopt=(dt=38.4,rms=0.417569) vs oldopt=(dt=32,rms=0.417616)
iter 0, gcam->neg = 22
after 11 iterations, nbhd size=1, neg = 0
#GCMRL#  543 dt  38.400000 rms  0.418  0.322% neg 0  invalid 762 tFOTS 3.4180 tGradient 0.7780 tsec 8.5190
#FOTS# QuadFit found better minimum quadopt=(dt=81.7371,rms=0.415539) vs oldopt=(dt=128,rms=0.416289)
iter 0, gcam->neg = 59
after 13 iterations, nbhd size=1, neg = 0
#GCMRL#  544 dt  81.737143 rms  0.416  0.438% neg 0  invalid 762 tFOTS 3.2960 tGradient 0.7750 tsec 9.0520
#FOTS# QuadFit found better minimum quadopt=(dt=11.2,rms=0.415464) vs oldopt=(dt=8,rms=0.415548)
iter 0, gcam->neg = 4
after 3 iterations, nbhd size=0, neg = 0
#GCMRL#  545 dt  11.200000 rms  0.415  0.000% neg 0  invalid 762 tFOTS 3.2430 tGradient 0.8660 tsec 5.9730
iter 0, gcam->neg = 4
after 1 iterations, nbhd size=0, neg = 0
#GCMRL#  546 dt  11.200000 rms  0.415  0.040% neg 0  invalid 762 tFOTS 0.0000 tGradient 0.7710 tsec 1.9610
iter 0, gcam->neg = 8
after 8 iterations, nbhd size=1, neg = 0
#GCMRL#  547 dt  11.200000 rms  0.415  0.038% neg 0  invalid 762 tFOTS 0.0000 tGradient 0.7690 tsec 4.1320
iter 0, gcam->neg = 19
after 13 iterations, nbhd size=1, neg = 0
#GCMRL#  548 dt  11.200000 rms  0.415  0.021% neg 0  invalid 762 tFOTS 0.0000 tGradient 0.7660 tsec 5.7440
#FOTS# QuadFit found better minimum quadopt=(dt=44.8,rms=0.414125) vs oldopt=(dt=32,rms=0.414271)
iter 0, gcam->neg = 30
after 19 iterations, nbhd size=1, neg = 0
#GCMRL#  549 dt  44.800000 rms  0.415  0.132% neg 0  invalid 762 tFOTS 3.3890 tGradient 0.7670 tsec 10.9760
#FOTS# QuadFit found better minimum quadopt=(dt=11.2,rms=0.414381) vs oldopt=(dt=8,rms=0.414402)
iter 0, gcam->neg = 8
after 4 iterations, nbhd size=0, neg = 0

#GCAMreg# pass 0 level1 3 level2 1 tsec 62.067 sigma 0.5
l_jacobian=1.00 l_log_likelihood=0.20 l_smoothness=0.12 
tol=2.50e-01, dt=5.00e-02, exp_k=20.0, momentum=0.90, levels=6, niter=500, lbl_dist=10.00, avgs=16, sigma=0.5,type=2, relabel=0, neg=yes

blurring input image with Gaussian with sigma=0.500...
GCAMRegisterLevel(): init RMS 0.414405
#FOTS# QuadFit found better minimum quadopt=(dt=96,rms=0.411868) vs oldopt=(dt=32,rms=0.412501)
iter 0, gcam->neg = 51
after 15 iterations, nbhd size=1, neg = 0
#GCMRL#  551 dt  96.000000 rms  0.412  0.575% neg 0  invalid 762 tFOTS 3.4310 tGradient 0.8520 tsec 9.8780
#FOTS# QuadFit found better minimum quadopt=(dt=38.4,rms=0.410385) vs oldopt=(dt=32,rms=0.410407)
iter 0, gcam->neg = 10
after 4 iterations, nbhd size=0, neg = 0
#GCMRL#  552 dt  38.400000 rms  0.410  0.397% neg 0  invalid 762 tFOTS 3.4120 tGradient 0.8150 tsec 6.4890
#FOTS# QuadFit found better minimum quadopt=(dt=44.8,rms=0.409888) vs oldopt=(dt=32,rms=0.409958)
iter 0, gcam->neg = 14
after 5 iterations, nbhd size=0, neg = 0
#GCMRL#  553 dt  44.800000 rms  0.410  0.000% neg 0  invalid 762 tFOTS 3.2250 tGradient 0.8730 tsec 6.5730
iter 0, gcam->neg = 13
after 12 iterations, nbhd size=1, neg = 0
#GCMRL#  554 dt  44.800000 rms  0.410  0.052% neg 0  invalid 762 tFOTS 0.0000 tGradient 0.7760 tsec 5.4220
iter 0, gcam->neg = 15
after 12 iterations, nbhd size=1, neg = 0
#GCMRL#  555 dt  44.800000 rms  0.409  0.160% neg 0  invalid 762 tFOTS 0.0000 tGradient 0.7720 tsec 5.4090
iter 0, gcam->neg = 24
after 15 iterations, nbhd size=1, neg = 0
#GCMRL#  556 dt  44.800000 rms  0.408  0.186% neg 0  invalid 762 tFOTS 0.0000 tGradient 0.9470 tsec 6.5690
iter 0, gcam->neg = 32
after 20 iterations, nbhd size=1, neg = 0
#GCMRL#  557 dt  44.800000 rms  0.408  0.157% neg 0  invalid 762 tFOTS 0.0000 tGradient 0.7740 tsec 7.9280
iter 0, gcam->neg = 40
after 17 iterations, nbhd size=1, neg = 0
#GCMRL#  558 dt  44.800000 rms  0.407  0.171% neg 0  invalid 762 tFOTS 0.0000 tGradient 0.8320 tsec 7.0740
iter 0, gcam->neg = 49
after 20 iterations, nbhd size=1, neg = 0
#GCMRL#  559 dt  44.800000 rms  0.406  0.164% neg 0  invalid 762 tFOTS 0.0000 tGradient 0.7760 tsec 7.9110
iter 0, gcam->neg = 64
after 16 iterations, nbhd size=1, neg = 0
#GCMRL#  560 dt  44.800000 rms  0.406  0.132% neg 0  invalid 762 tFOTS 0.0000 tGradient 0.7840 tsec 6.6960
iter 0, gcam->neg = 72
after 11 iterations, nbhd size=0, neg = 0
#GCMRL#  561 dt  44.800000 rms  0.405  0.095% neg 0  invalid 762 tFOTS 0.0000 tGradient 0.7720 tsec 5.0940
iter 0, gcam->neg = 81
after 23 iterations, nbhd size=1, neg = 0
#GCMRL#  562 dt  44.800000 rms  0.405  0.022% neg 0  invalid 762 tFOTS 0.0000 tGradient 0.7700 tsec 8.8810
#FOTS# QuadFit found better minimum quadopt=(dt=25.6,rms=0.405164) vs oldopt=(dt=32,rms=0.405166)
iter 0, gcam->neg = 5
after 2 iterations, nbhd size=0, neg = 0
#GCMRL#  563 dt  25.600000 rms  0.405  0.000% neg 0  invalid 762 tFOTS 3.1320 tGradient 0.7720 tsec 5.4510
iter 0, gcam->neg = 4
after 5 iterations, nbhd size=0, neg = 0
#GCMRL#  564 dt  25.600000 rms  0.405  0.016% neg 0  invalid 762 tFOTS 0.0000 tGradient 0.7780 tsec 3.2650
iter 0, gcam->neg = 6
after 4 iterations, nbhd size=0, neg = 0
#GCMRL#  565 dt  25.600000 rms  0.405  0.023% neg 0  invalid 762 tFOTS 0.0000 tGradient 0.7790 tsec 2.9520
iter 0, gcam->neg = 8
after 5 iterations, nbhd size=0, neg = 0
#GCMRL#  566 dt  25.600000 rms  0.405  0.025% neg 0  invalid 762 tFOTS 0.0000 tGradient 0.9020 tsec 3.3960
iter 0, gcam->neg = 28
after 15 iterations, nbhd size=1, neg = 0
setting smoothness cost coefficient to 0.400

#GCAMreg# pass 0 level1 2 level2 0 tsec 0 sigma 2
l_jacobian=1.00 l_log_likelihood=0.20 l_smoothness=0.40 
tol=2.50e-01, dt=5.00e-02, exp_k=20.0, momentum=0.90, levels=6, niter=500, lbl_dist=10.00, avgs=4, sigma=2.0,type=2, relabel=0, neg=yes

blurring input image with Gaussian with sigma=2.000...
GCAMRegisterLevel(): init RMS 0.411113
#FOTS# QuadFit found better minimum quadopt=(dt=2.26667,rms=0.411048) vs oldopt=(dt=2.88,rms=0.411054)
iter 0, gcam->neg = 4
after 8 iterations, nbhd size=1, neg = 0
#GCMRL#  568 dt   2.266667 rms  0.411  0.014% neg 0  invalid 762 tFOTS 3.3190 tGradient 0.7470 tsec 7.4580
#FOTS# QuadFit found better minimum quadopt=(dt=0.864,rms=0.41105) vs oldopt=(dt=0.72,rms=0.41105)
#GCMRL#  569 dt   0.864000 rms  0.411  0.000% neg 0  invalid 762 tFOTS 3.3570 tGradient 0.7350 tsec 4.3380
iter 0, gcam->neg = 1
after 0 iterations, nbhd size=0, neg = 0

#GCAMreg# pass 0 level1 2 level2 1 tsec 22.665 sigma 0.5
l_jacobian=1.00 l_log_likelihood=0.20 l_smoothness=0.40 
tol=2.50e-01, dt=5.00e-02, exp_k=20.0, momentum=0.90, levels=6, niter=500, lbl_dist=10.00, avgs=4, sigma=0.5,type=2, relabel=0, neg=yes

blurring input image with Gaussian with sigma=0.500...
GCAMRegisterLevel(): init RMS 0.41105
#FOTS# QuadFit found better minimum quadopt=(dt=3.6,rms=0.410935) vs oldopt=(dt=2.88,rms=0.410942)
iter 0, gcam->neg = 3
after 3 iterations, nbhd size=0, neg = 0
#GCMRL#  571 dt   3.600000 rms  0.411  0.027% neg 0  invalid 762 tFOTS 3.3190 tGradient 0.7330 tsec 5.8790
#FOTS# QuadFit found better minimum quadopt=(dt=2.57143,rms=0.410905) vs oldopt=(dt=2.88,rms=0.410905)
#GCMRL#  572 dt   2.571429 rms  0.411  0.000% neg 0  invalid 762 tFOTS 3.3070 tGradient 0.7340 tsec 4.3080
iter 0, gcam->neg = 1
after 0 iterations, nbhd size=0, neg = 0
#GCMRL#  573 dt   2.571429 rms  0.411  0.003% neg 0  invalid 762 tFOTS 0.0000 tGradient 0.7880 tsec 1.6810
iter 0, gcam->neg = 4
after 3 iterations, nbhd size=0, neg = 0
setting smoothness cost coefficient to 1.000

#GCAMreg# pass 0 level1 1 level2 0 tsec 0 sigma 2
l_jacobian=1.00 l_log_likelihood=0.20 l_smoothness=1.00 
tol=2.50e-01, dt=5.00e-02, exp_k=20.0, momentum=0.90, levels=6, niter=500, lbl_dist=10.00, avgs=1, sigma=2.0,type=2, relabel=0, neg=yes

blurring input image with Gaussian with sigma=2.000...
GCAMRegisterLevel(): init RMS 0.420767
#FOTS# QuadFit found better minimum quadopt=(dt=6e-05,rms=0.420767) vs oldopt=(dt=5e-05,rms=0.420767)
#GCMRL#  575 dt   0.000060 rms  0.421  0.000% neg 0  invalid 762 tFOTS 4.2150 tGradient 0.6750 tsec 5.1190

#GCAMreg# pass 0 level1 1 level2 1 tsec 18.417 sigma 0.5
l_jacobian=1.00 l_log_likelihood=0.20 l_smoothness=1.00 
tol=2.50e-01, dt=5.00e-02, exp_k=20.0, momentum=0.90, levels=6, niter=500, lbl_dist=10.00, avgs=1, sigma=0.5,type=2, relabel=0, neg=yes

blurring input image with Gaussian with sigma=0.500...
GCAMRegisterLevel(): init RMS 0.420767
resetting metric properties...
setting smoothness cost coefficient to 2.000

#GCAMreg# pass 0 level1 0 level2 0 tsec 0 sigma 2
l_jacobian=1.00 l_log_likelihood=0.20 l_smoothness=2.00 
tol=2.50e-01, dt=5.00e-02, exp_k=20.0, momentum=0.90, levels=6, niter=500, lbl_dist=10.00, avgs=0, sigma=2.0,type=2, relabel=0, neg=yes

blurring input image with Gaussian with sigma=2.000...
GCAMRegisterLevel(): init RMS 0.404176
#FOTS# QuadFit found better minimum quadopt=(dt=0.989683,rms=0.395467) vs oldopt=(dt=1.28,rms=0.396264)
iter 0, gcam->neg = 753
after 18 iterations, nbhd size=1, neg = 0
#GCMRL#  578 dt   0.989683 rms  0.397  1.851% neg 0  invalid 762 tFOTS 3.5880 tGradient 0.3960 tsec 10.9390
#FOTS# QuadFit found better minimum quadopt=(dt=2.73438e-05,rms=0.396696) vs oldopt=(dt=1.95313e-05,rms=0.396696)
#GCMRL#  579 dt   0.000027 rms  0.397  0.000% neg 0  invalid 762 tFOTS 4.2710 tGradient 0.2590 tsec 4.7750

#GCAMreg# pass 0 level1 0 level2 1 tsec 25.503 sigma 0.5
l_jacobian=1.00 l_log_likelihood=0.20 l_smoothness=2.00 
tol=2.50e-01, dt=5.00e-02, exp_k=20.0, momentum=0.90, levels=6, niter=500, lbl_dist=10.00, avgs=0, sigma=0.5,type=2, relabel=0, neg=yes

blurring input image with Gaussian with sigma=0.500...
GCAMRegisterLevel(): init RMS 0.396696
#GCMRL#  581 dt   0.080000 rms  0.397  0.025% neg 0  invalid 762 tFOTS 3.4150 tGradient 0.3140 tsec 3.9550
#FOTS# QuadFit found better minimum quadopt=(dt=0.048,rms=0.39657) vs oldopt=(dt=0.08,rms=0.396577)
#GCMRL#  582 dt   0.048000 rms  0.397  0.000% neg 0  invalid 762 tFOTS 3.6170 tGradient 0.2650 tsec 4.1320
#GCMRL#  583 dt   0.048000 rms  0.397  0.004% neg 0  invalid 762 tFOTS 0.0000 tGradient 0.2650 tsec 0.5010
GCAMregister done in 5.60745 min
writing output transformation to transforms/talairach.m3z...
GCAMwrite
Calls to gcamLogLikelihoodEnergy 4283 tmin = 1.3513
Calls to gcamLabelEnergy         3646 tmin = 0.927117
Calls to gcamJacobianEnergy      4283 tmin = 0.695933
Calls to gcamSmoothnessEnergy    4283 tmin = 3.56112
Calls to gcamLogLikelihoodTerm 585 tmin = 0.556833
Calls to gcamLabelTerm         526 tmin = 4.42657
Calls to gcamJacobianTerm      585 tmin = 0.7539
Calls to gcamSmoothnessTerm    585 tmin = 0.313717
Calls to gcamComputeGradient    585 tmin = 15.7682
Calls to gcamComputeMetricProperties    6636 tmin = 1.62147
mri_ca_register took 0 hours, 41 minutes and 41 seconds.
#VMPC# mri_ca_register VmPeak  3450360
FSRUNTIME@ mri_ca_register  0.6946 hours 16 threads
#--------------------------------------
#@# SubCort Seg Wed Mar 11 13:07:08 CET 2026

 mri_ca_label -relabel_unlikely 9 .3 -prior 0.5 -align norm.mgz transforms/talairach.m3z /opt/freesurfer/average/RB_all_2020-01-02.gca aseg.auto_noCCseg.mgz 

sysname  Linux
hostname dna043
machine  x86_64

setenv SUBJECTS_DIR /out/sourcedata/freesurfer
cd /out/sourcedata/freesurfer/sub-v2s16x51312_ses-1/mri
mri_ca_label -relabel_unlikely 9 .3 -prior 0.5 -align norm.mgz transforms/talairach.m3z /opt/freesurfer/average/RB_all_2020-01-02.gca aseg.auto_noCCseg.mgz 

relabeling unlikely voxels with window_size = 9 and prior threshold 0.30
using Gibbs prior factor = 0.500
renormalizing sequences with structure alignment, equivalent to:
	-renormalize
	-renormalize_mean 0.500
	-regularize 0.500

== Number of threads available to for OpenMP = 16 == 
reading 1 input volumes
reading classifier array from /opt/freesurfer/average/RB_all_2020-01-02.gca
reading input volume from norm.mgz
average std[0] = 7.2
reading transform from transforms/talairach.m3z
setting orig areas to linear transform determinant scaled 6.34
Atlas used for the 3D morph was /opt/freesurfer/average/RB_all_2020-01-02.gca
average std = 7.2   using min determinant for regularization = 5.2
0 singular and 0 ill-conditioned covariance matrices regularized
labeling volume...
renormalizing by structure alignment....
renormalizing input #0
gca peak = 0.15521 (20)
mri peak = 0.17130 ( 5)
Left_Lateral_Ventricle (4): linear fit = 0.23 x + 0.0 (3624 voxels, overlap=0.006)
Left_Lateral_Ventricle (4): linear fit = 0.40 x + 0.0 (3624 voxels, peak =  5), gca=8.0
gca peak = 0.20380 (13)
mri peak = 0.12331 ( 6)
Right_Lateral_Ventricle (43): linear fit = 0.31 x + 0.0 (3257 voxels, overlap=0.207)
Right_Lateral_Ventricle (43): linear fit = 0.40 x + 0.0 (3257 voxels, peak =  4), gca=5.2
gca peak = 0.26283 (96)
mri peak = 0.22368 (102)
Right_Pallidum (52): linear fit = 1.08 x + 0.0 (380 voxels, overlap=0.316)
Right_Pallidum (52): linear fit = 1.08 x + 0.0 (380 voxels, peak = 103), gca=103.2
gca peak = 0.15814 (97)
mri peak = 0.14907 (101)
Left_Pallidum (13): linear fit = 1.08 x + 0.0 (622 voxels, overlap=0.597)
Left_Pallidum (13): linear fit = 1.08 x + 0.0 (622 voxels, peak = 104), gca=104.3
gca peak = 0.27624 (56)
mri peak = 0.12563 (58)
Right_Hippocampus (53): linear fit = 0.94 x + 0.0 (1008 voxels, overlap=0.949)
Right_Hippocampus (53): linear fit = 0.94 x + 0.0 (1008 voxels, peak = 53), gca=52.9
gca peak = 0.28723 (59)
mri peak = 0.14249 (61)
Left_Hippocampus (17): linear fit = 1.04 x + 0.0 (1198 voxels, overlap=1.006)
Left_Hippocampus (17): linear fit = 1.04 x + 0.0 (1198 voxels, peak = 62), gca=61.7
gca peak = 0.07623 (103)
mri peak = 0.09763 (108)
Right_Cerebral_White_Matter (41): linear fit = 1.03 x + 0.0 (34227 voxels, overlap=0.713)
Right_Cerebral_White_Matter (41): linear fit = 1.03 x + 0.0 (34227 voxels, peak = 107), gca=106.6
gca peak = 0.07837 (105)
mri peak = 0.10318 (106)
Left_Cerebral_White_Matter (2): linear fit = 1.02 x + 0.0 (35970 voxels, overlap=0.666)
Left_Cerebral_White_Matter (2): linear fit = 1.02 x + 0.0 (35970 voxels, peak = 108), gca=107.6
gca peak = 0.10165 (58)
mri peak = 0.04534 (50)
Left_Cerebral_Cortex (3): linear fit = 0.94 x + 0.0 (37624 voxels, overlap=0.946)
Left_Cerebral_Cortex (3): linear fit = 0.94 x + 0.0 (37624 voxels, peak = 55), gca=54.8
gca peak = 0.11113 (58)
mri peak = 0.04438 (54)
Right_Cerebral_Cortex (42): linear fit = 0.92 x + 0.0 (36090 voxels, overlap=0.984)
Right_Cerebral_Cortex (42): linear fit = 0.92 x + 0.0 (36090 voxels, peak = 53), gca=53.1
gca peak = 0.27796 (67)
mri peak = 0.11578 (67)
Right_Caudate (50): linear fit = 1.00 x + 0.0 (1326 voxels, overlap=1.006)
Right_Caudate (50): linear fit = 1.00 x + 0.0 (1326 voxels, peak = 67), gca=67.0
gca peak = 0.14473 (69)
mri peak = 0.16973 (70)
Left_Caudate (11): linear fit = 0.93 x + 0.0 (1361 voxels, overlap=0.352)
Left_Caudate (11): linear fit = 0.93 x + 0.0 (1361 voxels, peak = 64), gca=63.8
gca peak = 0.14301 (56)
mri peak = 0.08280 (56)
Left_Cerebellum_Cortex (8): linear fit = 0.99 x + 0.0 (28638 voxels, overlap=0.994)
Left_Cerebellum_Cortex (8): linear fit = 0.99 x + 0.0 (28638 voxels, peak = 55), gca=55.2
gca peak = 0.14610 (55)
mri peak = 0.06708 (56)
Right_Cerebellum_Cortex (47): linear fit = 0.94 x + 0.0 (27171 voxels, overlap=0.961)
Right_Cerebellum_Cortex (47): linear fit = 0.94 x + 0.0 (27171 voxels, peak = 52), gca=52.0
gca peak = 0.16309 (85)
mri peak = 0.12721 (91)
Left_Cerebellum_White_Matter (7): linear fit = 1.09 x + 0.0 (4693 voxels, overlap=0.284)
Left_Cerebellum_White_Matter (7): linear fit = 1.09 x + 0.0 (4693 voxels, peak = 92), gca=92.2
gca peak = 0.15172 (84)
mri peak = 0.17444 (88)
Right_Cerebellum_White_Matter (46): linear fit = 1.04 x + 0.0 (5260 voxels, overlap=0.588)
Right_Cerebellum_White_Matter (46): linear fit = 1.04 x + 0.0 (5260 voxels, peak = 88), gca=87.8
gca peak = 0.30461 (58)
mri peak = 0.14159 (63)
Left_Amygdala (18): linear fit = 1.10 x + 0.0 (547 voxels, overlap=0.684)
Left_Amygdala (18): linear fit = 1.10 x + 0.0 (547 voxels, peak = 64), gca=63.5
gca peak = 0.32293 (57)
mri peak = 0.16146 (58)
Right_Amygdala (54): linear fit = 0.98 x + 0.0 (389 voxels, overlap=1.014)
Right_Amygdala (54): linear fit = 0.98 x + 0.0 (389 voxels, peak = 56), gca=55.6
gca peak = 0.11083 (90)
mri peak = 0.08342 (88)
Left_Thalamus (10): linear fit = 1.00 x + 0.0 (4368 voxels, overlap=0.973)
Left_Thalamus (10): linear fit = 1.00 x + 0.0 (4368 voxels, peak = 90), gca=89.6
gca peak = 0.11393 (83)
mri peak = 0.11742 (84)
Right_Thalamus (49): linear fit = 1.00 x + 0.0 (4251 voxels, overlap=0.963)
Right_Thalamus (49): linear fit = 1.00 x + 0.0 (4251 voxels, peak = 83), gca=83.0
gca peak = 0.08575 (81)
mri peak = 0.13617 (81)
Left_Putamen (12): linear fit = 0.99 x + 0.0 (2067 voxels, overlap=0.811)
Left_Putamen (12): linear fit = 0.99 x + 0.0 (2067 voxels, peak = 80), gca=79.8
gca peak = 0.08618 (78)
mri peak = 0.09494 (81)
Right_Putamen (51): linear fit = 1.00 x + 0.0 (2374 voxels, overlap=0.848)
Right_Putamen (51): linear fit = 1.00 x + 0.0 (2374 voxels, peak = 78), gca=78.0
gca peak = 0.08005 (78)
mri peak = 0.09297 (88)
Brain_Stem (16): linear fit = 1.11 x + 0.0 (10396 voxels, overlap=0.492)
Brain_Stem (16): linear fit = 1.11 x + 0.0 (10396 voxels, peak = 86), gca=86.2
gca peak = 0.12854 (88)
mri peak = 0.08633 (97)
Right_VentralDC (60): linear fit = 1.11 x + 0.0 (1331 voxels, overlap=0.425)
Right_VentralDC (60): linear fit = 1.11 x + 0.0 (1331 voxels, peak = 97), gca=97.2
gca peak = 0.15703 (87)
mri peak = 0.10559 (91)
Left_VentralDC (28): linear fit = 1.07 x + 0.0 (1337 voxels, overlap=0.485)
Left_VentralDC (28): linear fit = 1.07 x + 0.0 (1337 voxels, peak = 93), gca=92.7
gca peak = 0.17522 (25)
mri peak = 0.16234 (13)
Third_Ventricle (14): linear fit = 0.56 x + 0.0 (107 voxels, overlap=0.050)
Third_Ventricle (14): linear fit = 0.56 x + 0.0 (107 voxels, peak = 14), gca=14.1
gca peak = 0.17113 (14)
mri peak = 0.26370 (12)
Fourth_Ventricle (15): linear fit = 0.76 x + 0.0 (533 voxels, overlap=0.556)
Fourth_Ventricle (15): linear fit = 0.76 x + 0.0 (533 voxels, peak = 11), gca=10.7
gca peak Unknown = 0.94777 ( 0)
gca peak Left_Inf_Lat_Vent = 0.16627 (28)
gca peak Third_Ventricle = 0.17522 (25)
gca peak CSF = 0.20346 (36)
gca peak Left_Accumbens_area = 0.70646 (62)
gca peak Left_undetermined = 1.00000 (28)
gca peak Left_vessel = 0.89917 (53)
gca peak Left_choroid_plexus = 0.11689 (35)
gca peak Right_Inf_Lat_Vent = 0.25504 (23)
gca peak Right_Accumbens_area = 0.31650 (65)
gca peak Right_vessel = 0.77268 (52)
gca peak Right_choroid_plexus = 0.13275 (38)
gca peak Fifth_Ventricle = 0.60973 (33)
gca peak WM_hypointensities = 0.11013 (77)
gca peak non_WM_hypointensities = 0.11354 (41)
gca peak Optic_Chiasm = 0.51646 (76)
not using caudate to estimate GM means
estimating mean gm scale to be 0.99 x + 0.0
estimating mean wm scale to be 1.03 x + 0.0
estimating mean csf scale to be 0.52 x + 0.0
Left_Pallidum too bright - rescaling by 0.996 (from 1.075) to 103.9 (was 104.3)
saving intensity scales to aseg.auto_noCCseg.label_intensities.txt
renormalizing by structure alignment....
renormalizing input #0
gca peak = 0.31706 ( 7)
mri peak = 0.17130 ( 5)
Left_Lateral_Ventricle (4): linear fit = 0.60 x + 0.0 (3624 voxels, overlap=0.965)
Left_Lateral_Ventricle (4): linear fit = 0.60 x + 0.0 (3624 voxels, peak =  4), gca=4.2
gca peak = 0.29334 ( 5)
mri peak = 0.12331 ( 6)
Right_Lateral_Ventricle (43): linear fit = 1.10 x + 0.0 (3257 voxels, overlap=0.984)
Right_Lateral_Ventricle (43): linear fit = 1.10 x + 0.0 (3257 voxels, peak =  5), gca=5.5
gca peak = 0.24945 (103)
mri peak = 0.22368 (102)
Right_Pallidum (52): linear fit = 1.00 x + 0.0 (380 voxels, overlap=1.002)
Right_Pallidum (52): linear fit = 1.00 x + 0.0 (380 voxels, peak = 103), gca=103.0
gca peak = 0.15937 (101)
mri peak = 0.14907 (101)
Left_Pallidum (13): linear fit = 1.00 x + 0.0 (622 voxels, overlap=0.982)
Left_Pallidum (13): linear fit = 1.00 x + 0.0 (622 voxels, peak = 100), gca=100.5
gca peak = 0.25918 (53)
mri peak = 0.12563 (58)
Right_Hippocampus (53): linear fit = 1.00 x + 0.0 (1008 voxels, overlap=0.965)
Right_Hippocampus (53): linear fit = 1.00 x + 0.0 (1008 voxels, peak = 53), gca=53.0
gca peak = 0.33915 (59)
mri peak = 0.14249 (61)
Left_Hippocampus (17): linear fit = 1.00 x + 0.0 (1198 voxels, overlap=1.001)
Left_Hippocampus (17): linear fit = 1.00 x + 0.0 (1198 voxels, peak = 59), gca=59.0
gca peak = 0.07636 (107)
mri peak = 0.09763 (108)
Right_Cerebral_White_Matter (41): linear fit = 1.00 x + 0.0 (34227 voxels, overlap=0.811)
Right_Cerebral_White_Matter (41): linear fit = 1.00 x + 0.0 (34227 voxels, peak = 107), gca=107.0
gca peak = 0.07733 (107)
mri peak = 0.10318 (106)
Left_Cerebral_White_Matter (2): linear fit = 1.00 x + 0.0 (35970 voxels, overlap=0.761)
Left_Cerebral_White_Matter (2): linear fit = 1.00 x + 0.0 (35970 voxels, peak = 106), gca=106.5
gca peak = 0.10443 (55)
mri peak = 0.04534 (50)
Left_Cerebral_Cortex (3): linear fit = 0.96 x + 0.0 (37624 voxels, overlap=0.993)
Left_Cerebral_Cortex (3): linear fit = 0.96 x + 0.0 (37624 voxels, peak = 53), gca=53.1
gca peak = 0.12330 (53)
mri peak = 0.04438 (54)
Right_Cerebral_Cortex (42): linear fit = 1.04 x + 0.0 (36090 voxels, overlap=0.978)
Right_Cerebral_Cortex (42): linear fit = 1.04 x + 0.0 (36090 voxels, peak = 55), gca=55.4
gca peak = 0.27770 (67)
mri peak = 0.11578 (67)
Right_Caudate (50): linear fit = 1.00 x + 0.0 (1326 voxels, overlap=1.005)
Right_Caudate (50): linear fit = 1.00 x + 0.0 (1326 voxels, peak = 67), gca=67.0
gca peak = 0.13816 (64)
mri peak = 0.16973 (70)
Left_Caudate (11): linear fit = 1.00 x + 0.0 (1361 voxels, overlap=0.723)
Left_Caudate (11): linear fit = 1.00 x + 0.0 (1361 voxels, peak = 64), gca=64.0
gca peak = 0.14378 (55)
mri peak = 0.08280 (56)
Left_Cerebellum_Cortex (8): linear fit = 1.02 x + 0.0 (28638 voxels, overlap=0.987)
Left_Cerebellum_Cortex (8): linear fit = 1.02 x + 0.0 (28638 voxels, peak = 56), gca=56.4
gca peak = 0.15405 (52)
mri peak = 0.06708 (56)
Right_Cerebellum_Cortex (47): linear fit = 1.00 x + 0.0 (27171 voxels, overlap=0.996)
Right_Cerebellum_Cortex (47): linear fit = 1.00 x + 0.0 (27171 voxels, peak = 52), gca=52.0
gca peak = 0.14916 (92)
mri peak = 0.12721 (91)
Left_Cerebellum_White_Matter (7): linear fit = 1.00 x + 0.0 (4693 voxels, overlap=0.897)
Left_Cerebellum_White_Matter (7): linear fit = 1.00 x + 0.0 (4693 voxels, peak = 92), gca=91.5
gca peak = 0.15054 (88)
mri peak = 0.17444 (88)
Right_Cerebellum_White_Matter (46): linear fit = 1.00 x + 0.0 (5260 voxels, overlap=0.857)
Right_Cerebellum_White_Matter (46): linear fit = 1.00 x + 0.0 (5260 voxels, peak = 88), gca=88.0
gca peak = 0.26285 (63)
mri peak = 0.14159 (63)
Left_Amygdala (18): linear fit = 1.01 x + 0.0 (547 voxels, overlap=0.918)
Left_Amygdala (18): linear fit = 1.01 x + 0.0 (547 voxels, peak = 64), gca=63.9
gca peak = 0.35935 (56)
mri peak = 0.16146 (58)
Right_Amygdala (54): linear fit = 1.01 x + 0.0 (389 voxels, overlap=1.018)
Right_Amygdala (54): linear fit = 1.01 x + 0.0 (389 voxels, peak = 57), gca=56.8
gca peak = 0.10797 (88)
mri peak = 0.08342 (88)
Left_Thalamus (10): linear fit = 0.99 x + 0.0 (4368 voxels, overlap=0.971)
Left_Thalamus (10): linear fit = 0.99 x + 0.0 (4368 voxels, peak = 87), gca=86.7
gca peak = 0.12021 (83)
mri peak = 0.11742 (84)
Right_Thalamus (49): linear fit = 1.00 x + 0.0 (4251 voxels, overlap=0.960)
Right_Thalamus (49): linear fit = 1.00 x + 0.0 (4251 voxels, peak = 83), gca=83.0
gca peak = 0.08332 (80)
mri peak = 0.13617 (81)
Left_Putamen (12): linear fit = 1.00 x + 0.0 (2067 voxels, overlap=0.826)
Left_Putamen (12): linear fit = 1.00 x + 0.0 (2067 voxels, peak = 80), gca=80.0
gca peak = 0.08618 (78)
mri peak = 0.09494 (81)
Right_Putamen (51): linear fit = 1.00 x + 0.0 (2374 voxels, overlap=0.848)
Right_Putamen (51): linear fit = 1.00 x + 0.0 (2374 voxels, peak = 78), gca=78.0
gca peak = 0.07604 (90)
mri peak = 0.09297 (88)
Brain_Stem (16): linear fit = 1.00 x + 0.0 (10396 voxels, overlap=0.768)
Brain_Stem (16): linear fit = 1.00 x + 0.0 (10396 voxels, peak = 90), gca=89.6
gca peak = 0.11003 (97)
mri peak = 0.08633 (97)
Right_VentralDC (60): linear fit = 1.00 x + 0.0 (1331 voxels, overlap=0.816)
Right_VentralDC (60): linear fit = 1.00 x + 0.0 (1331 voxels, peak = 97), gca=97.0
gca peak = 0.16081 (91)
mri peak = 0.10559 (91)
Left_VentralDC (28): linear fit = 0.99 x + 0.0 (1337 voxels, overlap=0.862)
Left_VentralDC (28): linear fit = 0.99 x + 0.0 (1337 voxels, peak = 90), gca=89.6
gca peak = 0.33669 (14)
mri peak = 0.16234 (13)
Third_Ventricle (14): linear fit = 1.03 x + 0.0 (107 voxels, overlap=1.005)
Third_Ventricle (14): linear fit = 1.03 x + 0.0 (107 voxels, peak = 14), gca=14.5
gca peak = 0.27050 (11)
mri peak = 0.26370 (12)
Fourth_Ventricle (15): linear fit = 1.04 x + 0.0 (533 voxels, overlap=0.792)
Fourth_Ventricle (15): linear fit = 1.04 x + 0.0 (533 voxels, peak = 11), gca=11.5
gca peak Unknown = 0.94777 ( 0)
gca peak Left_Inf_Lat_Vent = 0.17817 (29)
gca peak CSF = 0.29856 (19)
gca peak Left_Accumbens_area = 0.55352 (57)
gca peak Left_undetermined = 1.00000 (28)
gca peak Left_vessel = 0.88946 (53)
gca peak Left_choroid_plexus = 0.11689 (35)
gca peak Right_Inf_Lat_Vent = 0.29528 (22)
gca peak Right_Accumbens_area = 0.31650 (65)
gca peak Right_vessel = 0.77367 (52)
gca peak Right_choroid_plexus = 0.13275 (38)
gca peak Fifth_Ventricle = 0.91795 (17)
gca peak WM_hypointensities = 0.10047 (79)
gca peak non_WM_hypointensities = 0.14635 (42)
gca peak Optic_Chiasm = 0.51827 (76)
not using caudate to estimate GM means
estimating mean gm scale to be 1.01 x + 0.0
estimating mean wm scale to be 1.00 x + 0.0
estimating mean csf scale to be 0.94 x + 0.0
saving intensity scales to aseg.auto_noCCseg.label_intensities.txt
saving sequentially combined intensity scales to aseg.auto_noCCseg.label_intensities.txt
37008 voxels changed in iteration 0 of unlikely voxel relabeling
208 voxels changed in iteration 1 of unlikely voxel relabeling
2 voxels changed in iteration 2 of unlikely voxel relabeling
0 voxels changed in iteration 3 of unlikely voxel relabeling
25985 gm and wm labels changed (%31 to gray, %69 to white out of all changed labels)
351 hippocampal voxels changed.
0 amygdala voxels changed.
Reclassifying using Gibbs Priors
pass 1: 61164 changed. image ll: -2.095, PF=0.500
pass 2: 15340 changed. image ll: -2.094, PF=0.500
pass 3: 5367 changed.
pass 4: 2156 changed.
20915 voxels changed in iteration 0 of unlikely voxel relabeling
175 voxels changed in iteration 1 of unlikely voxel relabeling
3 voxels changed in iteration 2 of unlikely voxel relabeling
0 voxels changed in iteration 3 of unlikely voxel relabeling
6303 voxels changed in iteration 0 of unlikely voxel relabeling
82 voxels changed in iteration 1 of unlikely voxel relabeling
4 voxels changed in iteration 2 of unlikely voxel relabeling
0 voxels changed in iteration 3 of unlikely voxel relabeling
5759 voxels changed in iteration 0 of unlikely voxel relabeling
68 voxels changed in iteration 1 of unlikely voxel relabeling
0 voxels changed in iteration 2 of unlikely voxel relabeling
5862 voxels changed in iteration 0 of unlikely voxel relabeling
21 voxels changed in iteration 1 of unlikely voxel relabeling
1 voxels changed in iteration 2 of unlikely voxel relabeling
0 voxels changed in iteration 3 of unlikely voxel relabeling
 !!!!!!!!! ventricle segment 1 with volume 12146 above threshold 100 - not erasing !!!!!!!!!!
 !!!!!!!!! ventricle segment 0 with volume 385 above threshold 100 - not erasing !!!!!!!!!!
 !!!!!!!!! ventricle segment 2 with volume 205 above threshold 100 - not erasing !!!!!!!!!!
 !!!!!!!!! ventricle segment 3 with volume 11105 above threshold 100 - not erasing !!!!!!!!!!
 !!!!!!!!! ventricle segment 0 with volume 114 above threshold 100 - not erasing !!!!!!!!!!
 !!!!!!!!! ventricle segment 8 with volume 165 above threshold 100 - not erasing !!!!!!!!!!
writing labeled volume to aseg.auto_noCCseg.mgz
mri_ca_label utimesec    1643.672619
mri_ca_label stimesec    2.898766
mri_ca_label ru_maxrss   2107636
mri_ca_label ru_ixrss    0
mri_ca_label ru_idrss    0
mri_ca_label ru_isrss    0
mri_ca_label ru_minflt   4020474
mri_ca_label ru_majflt   22
mri_ca_label ru_nswap    0
mri_ca_label ru_inblock  1142
mri_ca_label ru_oublock  648
mri_ca_label ru_msgsnd   0
mri_ca_label ru_msgrcv   0
mri_ca_label ru_nsignals 0
mri_ca_label ru_nvcsw    1967
mri_ca_label ru_nivcsw   1497
auto-labeling took 26 minutes and 20 seconds.
#--------------------------------------
#@# CC Seg Wed Mar 11 13:33:29 CET 2026

 mri_cc -aseg aseg.auto_noCCseg.mgz -o aseg.auto.mgz -lta /out/sourcedata/freesurfer/sub-v2s16x51312_ses-1/mri/transforms/cc_up.lta sub-v2s16x51312_ses-1 

will read input aseg from aseg.auto_noCCseg.mgz
writing aseg with cc labels to aseg.auto.mgz
will write lta as /out/sourcedata/freesurfer/sub-v2s16x51312_ses-1/mri/transforms/cc_up.lta
reading aseg from /out/sourcedata/freesurfer/sub-v2s16x51312_ses-1/mri/aseg.auto_noCCseg.mgz
reading norm from /out/sourcedata/freesurfer/sub-v2s16x51312_ses-1/mri/norm.mgz
135950 voxels in left wm, 128883 in right wm, xrange [112, 144]
searching rotation angles z=[-3 11], y=[-20 -6]
searching scale 1 Z rot -2.6  searching scale 1 Z rot -2.4  searching scale 1 Z rot -2.1  searching scale 1 Z rot -1.9  searching scale 1 Z rot -1.6  searching scale 1 Z rot -1.4  searching scale 1 Z rot -1.1  searching scale 1 Z rot -0.9  searching scale 1 Z rot -0.6  searching scale 1 Z rot -0.4  searching scale 1 Z rot -0.1  searching scale 1 Z rot 0.1  searching scale 1 Z rot 0.4  searching scale 1 Z rot 0.6  searching scale 1 Z rot 0.9  searching scale 1 Z rot 1.1  searching scale 1 Z rot 1.4  searching scale 1 Z rot 1.6  searching scale 1 Z rot 1.9  searching scale 1 Z rot 2.1  searching scale 1 Z rot 2.4  searching scale 1 Z rot 2.6  searching scale 1 Z rot 2.9  searching scale 1 Z rot 3.1  searching scale 1 Z rot 3.4  searching scale 1 Z rot 3.6  searching scale 1 Z rot 3.9  searching scale 1 Z rot 4.1  searching scale 1 Z rot 4.4  searching scale 1 Z rot 4.6  searching scale 1 Z rot 4.9  searching scale 1 Z rot 5.1  searching scale 1 Z rot 5.4  searching scale 1 Z rot 5.6  searching scale 1 Z rot 5.9  searching scale 1 Z rot 6.1  searching scale 1 Z rot 6.4  searching scale 1 Z rot 6.6  searching scale 1 Z rot 6.9  searching scale 1 Z rot 7.1  searching scale 1 Z rot 7.4  searching scale 1 Z rot 7.6  searching scale 1 Z rot 7.9  searching scale 1 Z rot 8.1  searching scale 1 Z rot 8.4  searching scale 1 Z rot 8.6  searching scale 1 Z rot 8.9  searching scale 1 Z rot 9.1  searching scale 1 Z rot 9.4  searching scale 1 Z rot 9.6  searching scale 1 Z rot 9.9  searching scale 1 Z rot 10.1  searching scale 1 Z rot 10.4  searching scale 1 Z rot 10.6  searching scale 1 Z rot 10.9  searching scale 1 Z rot 11.1  global minimum found at slice 122.7, rotations (-13.07, 4.36)
final transformation (x=122.7, yr=-13.074, zr=4.361):
 0.97126  -0.07603  -0.22555   38.77629;
 0.07406   0.99711  -0.01720  -0.15490;
 0.22620   0.00000   0.97408   10.62930;
 0.00000   0.00000   0.00000   1.00000;
updating x range to be [126, 130] in xformed coordinates
best xformed slice 128
min_x_fornix = 160
min_x_fornix = 161
min_x_fornix = 162
min_x_fornix = 158
min_x_fornix = 157
cc center is found at 128 121 92
eigenvectors:
-0.00059   0.00613   0.99998;
-0.07374  -0.99726   0.00607;
 0.99728  -0.07374   0.00104;
error in mid anterior detected - correcting...
writing aseg with callosum to /out/sourcedata/freesurfer/sub-v2s16x51312_ses-1/mri/aseg.auto.mgz...
corpus callosum segmentation took 1.3 minutes
#VMPC# mri_cc VmPeak  559928
mri_cc done
#--------------------------------------
#@# Merge ASeg Wed Mar 11 13:34:49 CET 2026

 cp aseg.auto.mgz aseg.presurf.mgz 

#--------------------------------------------
#@# Intensity Normalization2 Wed Mar 11 13:34:49 CET 2026
/out/sourcedata/freesurfer/sub-v2s16x51312_ses-1/mri

 mri_normalize -seed 1234 -mprage -aseg aseg.presurf.mgz -mask brainmask.mgz norm.mgz brain.mgz 

setting seed for random number genererator to 1234
assuming input volume is MGH (Van der Kouwe) MP-RAGE
using segmentation for initial intensity normalization
using MR volume brainmask.mgz to mask input volume...
reading mri_src from norm.mgz...
Reading aseg aseg.presurf.mgz
normalizing image...
NOT doing gentle normalization with control points/label
processing with aseg
removing outliers in the aseg WM...
951 control points removed
Building bias image
building Voronoi diagram...
performing soap bubble smoothing, sigma = 0...
Smoothing with sigma 8
Applying bias correction
building Voronoi diagram...
performing soap bubble smoothing, sigma = 8...

Iterating 2 times
---------------------------------
3d normalization pass 1 of 2
white matter peak found at 110
white matter peak found at 110
gm peak at 60 (60), valley at  0 (-1)
csf peak at 30, setting threshold to 50
building Voronoi diagram...
performing soap bubble smoothing, sigma = 8...
---------------------------------
3d normalization pass 2 of 2
white matter peak found at 110
white matter peak found at 110
gm peak at 60 (60), valley at  0 (-1)
csf peak at 30, setting threshold to 50
building Voronoi diagram...
performing soap bubble smoothing, sigma = 8...
Done iterating ---------------------------------
writing output to brain.mgz
3D bias adjustment took 2 minutes and 7 seconds.
#--------------------------------------------
#@# Mask BFS Wed Mar 11 13:36:57 CET 2026
/out/sourcedata/freesurfer/sub-v2s16x51312_ses-1/mri

 mri_mask -T 5 brain.mgz brainmask.mgz brain.finalsurfs.mgz 

threshold mask volume at 5
DoAbs = 0
Found 1484041 voxels in mask (pct=  8.85)
Writing masked volume to brain.finalsurfs.mgz...done.
#--------------------------------------------
#@# WM Segmentation Wed Mar 11 13:36:58 CET 2026

 AntsDenoiseImageFs -i brain.mgz -o antsdn.brain.mgz 


 mri_segment -wsizemm 13 -mprage antsdn.brain.mgz wm.seg.mgz 

wsizemm = 13, voxres = 1, wsize = 13
Widening wm low from 89 to 79
assuming input volume is MGH (Van der Kouwe) MP-RAGE
wm mean:  110
wsize:    13
wm low:   79
wm hi:    125
gray low: 30
gray hi:  99
Doing initial trinary intensity segmentation 
Using local statistics to label ambiguous voxels
Autodetecting stats
Computing class statistics for intensity windows...
CCS WM (103.0): 103.0 +- 4.9 [79.0 --> 124.0]
CCS GM (73.0) : 71.9 +- 9.3 [30.0 --> 95.0]
 white_mean 103.043
 white_sigma 4.93644
 gray_mean 71.9096
 gray_sigma 9.25761
setting bottom of white matter range wm_low to 81.2
setting top of gray matter range gray_hi to 90.4
 wm_low 81.1672
 wm_hi  125
 gray_low 30
 gray_hi  90.4248
Redoing initial intensity segmentation...
Recomputing local statistics to label ambiguous voxels...
 wm_low 81.1672
 wm_hi  125
 gray_low 30
 gray_hi  90.4248
using local geometry to label remaining ambiguous voxels...
polvwsize = 5, polvlen = 3, gray_hi = 90.4248, wm_low = 81.1672
MRIcpolvMedianCurveSegment(): wsize=5, len=3, gmhi=90.4248, wmlow=81.1672
    109476 voxels processed (0.65%)
     54249 voxels white (0.32%)
     55227 voxels non-white (0.33%)

Reclassifying voxels using Gaussian border classifier niter=1
MRIreclassify(): wm_low=76.1672, gray_hi=90.4248, wsize=13
    184591 voxels tested (1.10%)
     35812 voxels changed (0.21%)
     43637 multi-scale searches  (0.26%)
Recovering bright white
MRIrecoverBrightWhite()
 wm_low 81.1672
 wm_hi 125
 slack 4.93644
 pct_thresh 0.33
 intensity_thresh 129.936
 nvox_thresh 8.58
        8 voxels tested (0.00%)
        7 voxels changed (0.00%)

removing voxels with positive offset direction...
MRIremoveWrongDirection() wsize=3, lowthr=76.1672, hithr=90.4248
  smoothing input volume with sigma = 0.250
    70854 voxels tested (0.42%)
    13793 voxels changed (0.08%)
thicken = 1
removing 1-dimensional structures...
MRIremove1dStructures(): max_iter=10000, thresh=2, WM_MIN_VAL=5
 829 sparsely connected voxels removed in 1 iterations
thickening thin strands....
thickness 4
nsegments 20
wm_hi 125
555 diagonally connected voxels added...
MRIthickenThinWMStrands(): thickness=4, nsegments=20
  20 segments, 2705 filled
MRIfindBrightNonWM(): 15 bright non-wm voxels segmented.
MRIfilterMorphology() WM_MIN_VAL=5, DIAGONAL_FILL=230
white matter segmentation took 0.8 minutes
writing output to wm.seg.mgz...

 mri_edit_wm_with_aseg -keep-in wm.seg.mgz brain.mgz aseg.presurf.mgz wm.asegedit.mgz 

preserving editing changes in input volume...
auto filling took 0.41 minutes
reading wm segmentation from wm.seg.mgz...
0 voxels added to wm to prevent paths from MTL structures to cortex
3997 additional wm voxels added
0 additional wm voxels added
SEG EDIT: 62685 voxels turned on, 27732 voxels turned off.
propagating editing to output volume from wm.seg.mgz
writing edited volume to wm.asegedit.mgz....

 mri_pretess wm.asegedit.mgz wm norm.mgz wm.mgz 


Iteration Number : 1
pass   1 (xy+):  20 found -  20 modified     |    TOTAL:  20
pass   2 (xy+):   0 found -  20 modified     |    TOTAL:  20
pass   1 (xy-):  18 found -  18 modified     |    TOTAL:  38
pass   2 (xy-):   0 found -  18 modified     |    TOTAL:  38
pass   1 (yz+):  32 found -  32 modified     |    TOTAL:  70
pass   2 (yz+):   0 found -  32 modified     |    TOTAL:  70
pass   1 (yz-):  17 found -  17 modified     |    TOTAL:  87
pass   2 (yz-):   0 found -  17 modified     |    TOTAL:  87
pass   1 (xz+):  15 found -  15 modified     |    TOTAL: 102
pass   2 (xz+):   0 found -  15 modified     |    TOTAL: 102
pass   1 (xz-):  15 found -  15 modified     |    TOTAL: 117
pass   2 (xz-):   0 found -  15 modified     |    TOTAL: 117
Iteration Number : 1
pass   1 (+++):   6 found -   6 modified     |    TOTAL:   6
pass   2 (+++):   0 found -   6 modified     |    TOTAL:   6
pass   1 (+++):   2 found -   2 modified     |    TOTAL:   8
pass   2 (+++):   0 found -   2 modified     |    TOTAL:   8
pass   1 (+++):   4 found -   4 modified     |    TOTAL:  12
pass   2 (+++):   0 found -   4 modified     |    TOTAL:  12
pass   1 (+++):   6 found -   6 modified     |    TOTAL:  18
pass   2 (+++):   0 found -   6 modified     |    TOTAL:  18
Iteration Number : 1
pass   1 (++):  23 found -  23 modified     |    TOTAL:  23
pass   2 (++):   0 found -  23 modified     |    TOTAL:  23
pass   1 (+-):  69 found -  69 modified     |    TOTAL:  92
pass   2 (+-):   0 found -  69 modified     |    TOTAL:  92
pass   1 (--):  25 found -  25 modified     |    TOTAL: 117
pass   2 (--):   0 found -  25 modified     |    TOTAL: 117
pass   1 (-+):  23 found -  23 modified     |    TOTAL: 140
pass   2 (-+):   0 found -  23 modified     |    TOTAL: 140
Iteration Number : 2
pass   1 (xy+):   1 found -   1 modified     |    TOTAL:   1
pass   2 (xy+):   0 found -   1 modified     |    TOTAL:   1
pass   1 (xy-):   0 found -   0 modified     |    TOTAL:   1
pass   1 (yz+):   2 found -   2 modified     |    TOTAL:   3
pass   2 (yz+):   0 found -   2 modified     |    TOTAL:   3
pass   1 (yz-):   0 found -   0 modified     |    TOTAL:   3
pass   1 (xz+):   1 found -   1 modified     |    TOTAL:   4
pass   2 (xz+):   0 found -   1 modified     |    TOTAL:   4
pass   1 (xz-):   0 found -   0 modified     |    TOTAL:   4
Iteration Number : 2
pass   1 (+++):   0 found -   0 modified     |    TOTAL:   0
pass   1 (+++):   0 found -   0 modified     |    TOTAL:   0
pass   1 (+++):   0 found -   0 modified     |    TOTAL:   0
pass   1 (+++):   0 found -   0 modified     |    TOTAL:   0
Iteration Number : 2
pass   1 (++):   0 found -   0 modified     |    TOTAL:   0
pass   1 (+-):   1 found -   1 modified     |    TOTAL:   1
pass   2 (+-):   0 found -   1 modified     |    TOTAL:   1
pass   1 (--):   0 found -   0 modified     |    TOTAL:   1
pass   1 (-+):   0 found -   0 modified     |    TOTAL:   1
Iteration Number : 3
pass   1 (xy+):   0 found -   0 modified     |    TOTAL:   0
pass   1 (xy-):   0 found -   0 modified     |    TOTAL:   0
pass   1 (yz+):   0 found -   0 modified     |    TOTAL:   0
pass   1 (yz-):   0 found -   0 modified     |    TOTAL:   0
pass   1 (xz+):   0 found -   0 modified     |    TOTAL:   0
pass   1 (xz-):   0 found -   0 modified     |    TOTAL:   0
Iteration Number : 3
pass   1 (+++):   0 found -   0 modified     |    TOTAL:   0
pass   1 (+++):   0 found -   0 modified     |    TOTAL:   0
pass   1 (+++):   0 found -   0 modified     |    TOTAL:   0
pass   1 (+++):   0 found -   0 modified     |    TOTAL:   0
Iteration Number : 3
pass   1 (++):   0 found -   0 modified     |    TOTAL:   0
pass   1 (+-):   0 found -   0 modified     |    TOTAL:   0
pass   1 (--):   0 found -   0 modified     |    TOTAL:   0
pass   1 (-+):   0 found -   0 modified     |    TOTAL:   0

Total Number of Modified Voxels = 280 (out of 509474: 0.054959)
binarizing input wm segmentation...
Ambiguous edge configurations... 

mri_pretess done

#--------------------------------------------
#@# Fill Wed Mar 11 13:38:46 CET 2026
/out/sourcedata/freesurfer/sub-v2s16x51312_ses-1/mri

 mri_fill -a ../scripts/ponscc.cut.log -xform transforms/talairach.lta -segmentation aseg.presurf.mgz -ctab /opt/freesurfer/SubCorticalMassLUT.txt wm.mgz filled.mgz 

logging cutting plane coordinates to ../scripts/ponscc.cut.log...
INFO: Using transforms/talairach.lta and its offset for Talairach volume ...
using segmentation aseg.presurf.mgz...
reading input volume...done.
searching for cutting planes...voxel to talairach voxel transform
 1.00559  -0.04960  -0.18019   23.41948;
 0.13514   1.12502   0.18172  -63.26173;
 0.18286  -0.16076   1.04893  -19.38120;
 0.00000   0.00000   0.00000   1.00000;
voxel to talairach voxel transform
 1.00559  -0.04960  -0.18019   23.41948;
 0.13514   1.12502   0.18172  -63.26173;
 0.18286  -0.16076   1.04893  -19.38120;
 0.00000   0.00000   0.00000   1.00000;
reading segmented volume aseg.presurf.mgz
removing CC from segmentation
Looking for area (min, max) = (350, 1400)
area[0] = 1519 (min = 350, max = 1400), aspect = 0.49 (min = 0.10, max = 0.75)
need search nearby
using seed (128, 122, 152), TAL = (0.0, 24.0, 6.0)
talairach voxel to voxel transform
 0.95791   0.06416   0.15344  -15.40105;
-0.08596   0.86164  -0.16404   53.34285;
-0.18016   0.12087   0.90146   29.33717;
 0.00000   0.00000   0.00000   1.00000;
segmentation indicates cc at (128,  122,  152) --> (0.0, 24.0, 6.0)
done.
filling took 1.0 minutes
talairach cc position changed to (0.00, 24.00, 6.00)
Erasing brainstem...done.
seed_search_size = 9, min_neighbors = 5
search rh wm seed point around talairach space:(18.00, 24.00, 6.00) SRC: (121.12, 124.07, 161.29)
search lh wm seed point around talairach space (-18.00, 24.00, 6.00), SRC: (155.60, 120.98, 154.80)
compute mri_fill using aseg
Erasing Brain Stem and Cerebellum ...
Define left and right masks using aseg:
Building Voronoi diagram ...
Using the Voronoi diagram for separating WM into two hemispheres ...
Find the largest connected component for each hemisphere ...
Embedding colortable
mri_fill done, writing output to filled.mgz...
 cp filled.mgz filled.auto.mgz

Started at Wed Mar 11 12:24:07 CET 2026 
Ended   at Wed Mar 11 13:39:46 CET 2026
#@#%# recon-all-run-time-hours 1.261
recon-all -s sub-v2s16x51312_ses-1 finished without error at Wed Mar 11 13:39:46 CET 2026



#New# invocation of recon-all 




Wed Mar 11 14:13:59 CET 2026
cd /out/sourcedata/freesurfer/sub-v2s16x51312_ses-1
setenv SUBJECTS_DIR /out/sourcedata/freesurfer
/opt/freesurfer/bin/recon-all -parallel -subjid sub-v2s16x51312_ses-1 -sd /out/sourcedata/freesurfer -cortribbon

subjid sub-v2s16x51312_ses-1
setenv SUBJECTS_DIR /out/sourcedata/freesurfer
FREESURFER_HOME /opt/freesurfer
Actual FREESURFER_HOME /opt/freesurfer
build-stamp.txt: freesurfer-linux-ubuntu22_x86_64-7.3.2-20220804-6354275
Linux dna043 5.14.0-427.37.1.el9_4.x86_64 #1 SMP PREEMPT_DYNAMIC Fri Sep 13 12:41:50 EDT 2024 x86_64 x86_64 x86_64 GNU/Linux
cputime      unlimited
filesize     unlimited
datasize     unlimited
stacksize    8192 kbytes
coredumpsize 0 kbytes
memoryuse    67108864 kbytes
vmemoryuse   unlimited
descriptors  1024 
memorylocked unlimited
maxproc      2061970 
maxlocks     unlimited
maxsignal    4126352 
maxmessage   819200 
maxnice      0 
maxrtprio    0 
maxrttime    unlimited

               total        used        free      shared  buff/cache   available
Mem:           1.0Ti        54Gi       912Gi        12Gi        40Gi       933Gi
Swap:             0B          0B          0B

########################################
program versions used
7.3.2 (freesurfer-linux-ubuntu22_x86_64-7.3.2-20220804-6354275)
7.3.2

ProgramName: lta_convert  ProgramArguments: lta_convert -all-info  ProgramVersion: 7.3.2  TimeStamp: 2026/03/11-13:13:59-GMT  BuildTime: Aug  4 2022 06:17:15  BuildStamp: freesurfer-linux-ubuntu22_x86_64-7.3.2-20220804-6354275  User: oesteban  Machine: dna043  Platform: Linux  PlatformVersion: 5.14.0-427.37.1.el9_4.x86_64  CompilerName: GCC  CompilerVersion: 8.4.0
ProgramName: mri_and  ProgramArguments: mri_and -all-info  ProgramVersion: 7.3.2  TimeStamp: 2026/03/11-13:13:59-GMT  BuildTime: Aug  4 2022 06:17:15  BuildStamp: freesurfer-linux-ubuntu22_x86_64-7.3.2-20220804-6354275  User: oesteban  Machine: dna043  Platform: Linux  PlatformVersion: 5.14.0-427.37.1.el9_4.x86_64  CompilerName: GCC  CompilerVersion: 8.4.0
ProgramName: mri_annotation2label  ProgramArguments: mri_annotation2label -all-info  ProgramVersion: 7.3.2  TimeStamp: 2026/03/11-13:13:59-GMT  BuildTime: Aug  4 2022 06:17:15  BuildStamp: freesurfer-linux-ubuntu22_x86_64-7.3.2-20220804-6354275  User: oesteban  Machine: dna043  Platform: Linux  PlatformVersion: 5.14.0-427.37.1.el9_4.x86_64  CompilerName: GCC  CompilerVersion: 8.4.0
ProgramName: mri_aparc2aseg  ProgramArguments: mri_aparc2aseg -all-info  ProgramVersion: 7.3.2  TimeStamp: 2026/03/11-13:13:59-GMT  BuildTime: Aug  4 2022 06:17:15  BuildStamp: freesurfer-linux-ubuntu22_x86_64-7.3.2-20220804-6354275  User: oesteban  Machine: dna043  Platform: Linux  PlatformVersion: 5.14.0-427.37.1.el9_4.x86_64  CompilerName: GCC  CompilerVersion: 8.4.0
ProgramName: mri_surf2volseg  ProgramArguments: mri_surf2volseg -all-info  ProgramVersion: 7.3.2  TimeStamp: 2026/03/11-13:13:59-GMT  BuildTime: Aug  4 2022 06:17:15  BuildStamp: freesurfer-linux-ubuntu22_x86_64-7.3.2-20220804-6354275  User: oesteban  Machine: dna043  Platform: Linux  PlatformVersion: 5.14.0-427.37.1.el9_4.x86_64  CompilerName: GCC  CompilerVersion: 8.4.0
ProgramName: mri_binarize  ProgramArguments: mri_binarize -all-info  ProgramVersion: 7.3.2  TimeStamp: 2026/03/11-13:13:59-GMT  BuildTime: Aug  4 2022 06:17:15  BuildStamp: freesurfer-linux-ubuntu22_x86_64-7.3.2-20220804-6354275  User: oesteban  Machine: dna043  Platform: Linux  PlatformVersion: 5.14.0-427.37.1.el9_4.x86_64  CompilerName: GCC  CompilerVersion: 8.4.0
ProgramName: mri_ca_label  ProgramArguments: mri_ca_label -all-info  ProgramVersion: 7.3.2  TimeStamp: 2026/03/11-13:13:59-GMT  BuildTime: Aug  4 2022 06:17:15  BuildStamp: freesurfer-linux-ubuntu22_x86_64-7.3.2-20220804-6354275  User: oesteban  Machine: dna043  Platform: Linux  PlatformVersion: 5.14.0-427.37.1.el9_4.x86_64  CompilerName: GCC  CompilerVersion: 8.4.0
ProgramName: mri_ca_normalize  ProgramArguments: mri_ca_normalize -all-info  ProgramVersion: 7.3.2  TimeStamp: 2026/03/11-13:13:59-GMT  BuildTime: Aug  4 2022 06:17:15  BuildStamp: freesurfer-linux-ubuntu22_x86_64-7.3.2-20220804-6354275  User: oesteban  Machine: dna043  Platform: Linux  PlatformVersion: 5.14.0-427.37.1.el9_4.x86_64  CompilerName: GCC  CompilerVersion: 8.4.0
ProgramName: mri_ca_register  ProgramArguments: mri_ca_register -all-info  ProgramVersion: 7.3.2  TimeStamp: 2026/03/11-13:13:59-GMT  BuildTime: Aug  4 2022 06:17:15  BuildStamp: freesurfer-linux-ubuntu22_x86_64-7.3.2-20220804-6354275  User: oesteban  Machine: dna043  Platform: Linux  PlatformVersion: 5.14.0-427.37.1.el9_4.x86_64  CompilerName: GCC  CompilerVersion: 8.4.0
ProgramName: mri_cc  ProgramArguments: mri_cc -all-info  ProgramVersion: 7.3.2  TimeStamp: 2026/03/11-13:13:59-GMT  BuildTime: Aug  4 2022 06:17:15  BuildStamp: freesurfer-linux-ubuntu22_x86_64-7.3.2-20220804-6354275  User: oesteban  Machine: dna043  Platform: Linux  PlatformVersion: 5.14.0-427.37.1.el9_4.x86_64  CompilerName: GCC  CompilerVersion: 8.4.0
ProgramName: mri_compute_overlap  ProgramArguments: mri_compute_overlap -all-info  ProgramVersion: 7.3.2  TimeStamp: 2026/03/11-13:13:59-GMT  BuildTime: Aug  4 2022 06:17:15  BuildStamp: freesurfer-linux-ubuntu22_x86_64-7.3.2-20220804-6354275  User: oesteban  Machine: dna043  Platform: Linux  PlatformVersion: 5.14.0-427.37.1.el9_4.x86_64  CompilerName: GCC  CompilerVersion: 8.4.0
ProgramName: mri_compute_seg_overlap  ProgramArguments: mri_compute_seg_overlap -all-info  ProgramVersion: 7.3.2  TimeStamp: 2026/03/11-13:13:59-GMT  BuildTime: Aug  4 2022 06:17:15  BuildStamp: freesurfer-linux-ubuntu22_x86_64-7.3.2-20220804-6354275  User: oesteban  Machine: dna043  Platform: Linux  PlatformVersion: 5.14.0-427.37.1.el9_4.x86_64  CompilerName: GCC  CompilerVersion: 8.4.0
ProgramName: mri_concat  ProgramArguments: mri_concat -all-info  ProgramVersion: 7.3.2  TimeStamp: 2026/03/11-13:13:59-GMT  BuildTime: Aug  4 2022 06:17:15  BuildStamp: freesurfer-linux-ubuntu22_x86_64-7.3.2-20220804-6354275  User: oesteban  Machine: dna043  Platform: Linux  PlatformVersion: 5.14.0-427.37.1.el9_4.x86_64  CompilerName: GCC  CompilerVersion: 8.4.0
ProgramName: mri_concatenate_lta  ProgramArguments: mri_concatenate_lta -all-info  ProgramVersion: 7.3.2  TimeStamp: 2026/03/11-13:13:59-GMT  BuildTime: Aug  4 2022 06:17:15  BuildStamp: freesurfer-linux-ubuntu22_x86_64-7.3.2-20220804-6354275  User: oesteban  Machine: dna043  Platform: Linux  PlatformVersion: 5.14.0-427.37.1.el9_4.x86_64  CompilerName: GCC  CompilerVersion: 8.4.0
mri_convert -all-info 
ProgramName: mri_convert  ProgramArguments: mri_convert -all-info  ProgramVersion: 7.3.2  TimeStamp: 2026/03/11-13:13:59-GMT  BuildTime: Aug  4 2022 06:17:15  BuildStamp: freesurfer-linux-ubuntu22_x86_64-7.3.2-20220804-6354275  User: oesteban  Machine: dna043  Platform: Linux  PlatformVersion: 5.14.0-427.37.1.el9_4.x86_64  CompilerName: GCC  CompilerVersion: 8.4.0
ProgramName: mri_diff  ProgramArguments: mri_diff -all-info  ProgramVersion: 7.3.2  TimeStamp: 2026/03/11-13:13:59-GMT  BuildTime: Aug  4 2022 06:17:15  BuildStamp: freesurfer-linux-ubuntu22_x86_64-7.3.2-20220804-6354275  User: oesteban  Machine: dna043  Platform: Linux  PlatformVersion: 5.14.0-427.37.1.el9_4.x86_64  CompilerName: GCC  CompilerVersion: 8.4.0
ProgramName: mri_edit_wm_with_aseg  ProgramArguments: mri_edit_wm_with_aseg -all-info  ProgramVersion: 7.3.2  TimeStamp: 2026/03/11-13:13:59-GMT  BuildTime: Aug  4 2022 06:17:15  BuildStamp: freesurfer-linux-ubuntu22_x86_64-7.3.2-20220804-6354275  User: oesteban  Machine: dna043  Platform: Linux  PlatformVersion: 5.14.0-427.37.1.el9_4.x86_64  CompilerName: GCC  CompilerVersion: 8.4.0
ProgramName: mri_em_register  ProgramArguments: mri_em_register -all-info  ProgramVersion: 7.3.2  TimeStamp: 2026/03/11-13:13:59-GMT  BuildTime: Aug  4 2022 06:17:15  BuildStamp: freesurfer-linux-ubuntu22_x86_64-7.3.2-20220804-6354275  User: oesteban  Machine: dna043  Platform: Linux  PlatformVersion: 5.14.0-427.37.1.el9_4.x86_64  CompilerName: GCC  CompilerVersion: 8.4.0
ProgramName: mri_fill  ProgramArguments: mri_fill -all-info  ProgramVersion: 7.3.2  TimeStamp: 2026/03/11-13:13:59-GMT  BuildTime: Aug  4 2022 06:17:15  BuildStamp: freesurfer-linux-ubuntu22_x86_64-7.3.2-20220804-6354275  User: oesteban  Machine: dna043  Platform: Linux  PlatformVersion: 5.14.0-427.37.1.el9_4.x86_64  CompilerName: GCC  CompilerVersion: 8.4.0
ProgramName: mri_fuse_segmentations  ProgramArguments: mri_fuse_segmentations -all-info  ProgramVersion: 7.3.2  TimeStamp: 2026/03/11-13:13:59-GMT  BuildTime: Aug  4 2022 06:17:15  BuildStamp: freesurfer-linux-ubuntu22_x86_64-7.3.2-20220804-6354275  User: oesteban  Machine: dna043  Platform: Linux  PlatformVersion: 5.14.0-427.37.1.el9_4.x86_64  CompilerName: GCC  CompilerVersion: 8.4.0
ProgramName: mri_fwhm  ProgramArguments: mri_fwhm -all-info  ProgramVersion: 7.3.2  TimeStamp: 2026/03/11-13:13:59-GMT  BuildTime: Aug  4 2022 06:17:15  BuildStamp: freesurfer-linux-ubuntu22_x86_64-7.3.2-20220804-6354275  User: oesteban  Machine: dna043  Platform: Linux  PlatformVersion: 5.14.0-427.37.1.el9_4.x86_64  CompilerName: GCC  CompilerVersion: 8.4.0
ProgramName: mri_gcut  ProgramArguments: mri_gcut -all-info  ProgramVersion: 7.3.2  TimeStamp: 2026/03/11-13:13:59-GMT  BuildTime: Aug  4 2022 06:17:15  BuildStamp: freesurfer-linux-ubuntu22_x86_64-7.3.2-20220804-6354275  User: oesteban  Machine: dna043  Platform: Linux  PlatformVersion: 5.14.0-427.37.1.el9_4.x86_64  CompilerName: GCC  CompilerVersion: 8.4.0
ProgramName: mri_info  ProgramArguments: mri_info -all-info  ProgramVersion: 7.3.2  TimeStamp: 2026/03/11-13:13:59-GMT  BuildTime: Aug  4 2022 06:17:15  BuildStamp: freesurfer-linux-ubuntu22_x86_64-7.3.2-20220804-6354275  User: oesteban  Machine: dna043  Platform: Linux  PlatformVersion: 5.14.0-427.37.1.el9_4.x86_64  CompilerName: GCC  CompilerVersion: 8.4.0
ProgramName: mri_label2label  ProgramArguments: mri_label2label -all-info  ProgramVersion: 7.3.2  TimeStamp: 2026/03/11-13:13:59-GMT  BuildTime: Aug  4 2022 06:17:15  BuildStamp: freesurfer-linux-ubuntu22_x86_64-7.3.2-20220804-6354275  User: oesteban  Machine: dna043  Platform: Linux  PlatformVersion: 5.14.0-427.37.1.el9_4.x86_64  CompilerName: GCC  CompilerVersion: 8.4.0
ProgramName: mri_label2vol  ProgramArguments: mri_label2vol -all-info  ProgramVersion: 7.3.2  TimeStamp: 2026/03/11-13:13:59-GMT  BuildTime: Aug  4 2022 06:17:15  BuildStamp: freesurfer-linux-ubuntu22_x86_64-7.3.2-20220804-6354275  User: oesteban  Machine: dna043  Platform: Linux  PlatformVersion: 5.14.0-427.37.1.el9_4.x86_64  CompilerName: GCC  CompilerVersion: 8.4.0
ProgramName: mri_log_likelihood  ProgramArguments: mri_log_likelihood -all-info  ProgramVersion: 7.3.2  TimeStamp: 2026/03/11-13:13:59-GMT  BuildTime: Aug  4 2022 06:17:15  BuildStamp: freesurfer-linux-ubuntu22_x86_64-7.3.2-20220804-6354275  User: oesteban  Machine: dna043  Platform: Linux  PlatformVersion: 5.14.0-427.37.1.el9_4.x86_64  CompilerName: GCC  CompilerVersion: 8.4.0
ProgramName: mri_mask  ProgramArguments: mri_mask -all-info  ProgramVersion: 7.3.2  TimeStamp: 2026/03/11-13:13:59-GMT  BuildTime: Aug  4 2022 06:17:15  BuildStamp: freesurfer-linux-ubuntu22_x86_64-7.3.2-20220804-6354275  User: oesteban  Machine: dna043  Platform: Linux  PlatformVersion: 5.14.0-427.37.1.el9_4.x86_64  CompilerName: GCC  CompilerVersion: 8.4.0
ProgramName: mri_matrix_multiply  ProgramArguments: mri_matrix_multiply -all-info  ProgramVersion: 7.3.2  TimeStamp: 2026/03/11-13:13:59-GMT  BuildTime: Aug  4 2022 06:17:15  BuildStamp: freesurfer-linux-ubuntu22_x86_64-7.3.2-20220804-6354275  User: oesteban  Machine: dna043  Platform: Linux  PlatformVersion: 5.14.0-427.37.1.el9_4.x86_64  CompilerName: GCC  CompilerVersion: 8.4.0
ProgramName: mri_normalize  ProgramArguments: mri_normalize -all-info  ProgramVersion: 7.3.2  TimeStamp: 2026/03/11-13:13:59-GMT  BuildTime: Aug  4 2022 06:17:15  BuildStamp: freesurfer-linux-ubuntu22_x86_64-7.3.2-20220804-6354275  User: oesteban  Machine: dna043  Platform: Linux  PlatformVersion: 5.14.0-427.37.1.el9_4.x86_64  CompilerName: GCC  CompilerVersion: 8.4.0
ProgramName: mri_normalize_tp2  ProgramArguments: mri_normalize_tp2 -all-info  ProgramVersion: 7.3.2  TimeStamp: 2026/03/11-13:13:59-GMT  BuildTime: Aug  4 2022 06:17:15  BuildStamp: freesurfer-linux-ubuntu22_x86_64-7.3.2-20220804-6354275  User: oesteban  Machine: dna043  Platform: Linux  PlatformVersion: 5.14.0-427.37.1.el9_4.x86_64  CompilerName: GCC  CompilerVersion: 8.4.0
ProgramName: mri_or  ProgramArguments: mri_or -all-info  ProgramVersion: 7.3.2  TimeStamp: 2026/03/11-13:13:59-GMT  BuildTime: Aug  4 2022 06:17:15  BuildStamp: freesurfer-linux-ubuntu22_x86_64-7.3.2-20220804-6354275  User: oesteban  Machine: dna043  Platform: Linux  PlatformVersion: 5.14.0-427.37.1.el9_4.x86_64  CompilerName: GCC  CompilerVersion: 8.4.0
ProgramName: mri_relabel_hypointensities  ProgramArguments: mri_relabel_hypointensities -all-info  ProgramVersion: 7.3.2  TimeStamp: 2026/03/11-13:13:59-GMT  BuildTime: Aug  4 2022 06:17:15  BuildStamp: freesurfer-linux-ubuntu22_x86_64-7.3.2-20220804-6354275  User: oesteban  Machine: dna043  Platform: Linux  PlatformVersion: 5.14.0-427.37.1.el9_4.x86_64  CompilerName: GCC  CompilerVersion: 8.4.0
ProgramName: mri_relabel_nonwm_hypos  ProgramArguments: mri_relabel_nonwm_hypos -all-info  ProgramVersion: 7.3.2  TimeStamp: 2026/03/11-13:13:59-GMT  BuildTime: Aug  4 2022 06:17:15  BuildStamp: freesurfer-linux-ubuntu22_x86_64-7.3.2-20220804-6354275  User: oesteban  Machine: dna043  Platform: Linux  PlatformVersion: 5.14.0-427.37.1.el9_4.x86_64  CompilerName: GCC  CompilerVersion: 8.4.0
ProgramName: mri_remove_neck  ProgramArguments: mri_remove_neck -all-info  ProgramVersion: 7.3.2  TimeStamp: 2026/03/11-13:13:59-GMT  BuildTime: Aug  4 2022 06:17:15  BuildStamp: freesurfer-linux-ubuntu22_x86_64-7.3.2-20220804-6354275  User: oesteban  Machine: dna043  Platform: Linux  PlatformVersion: 5.14.0-427.37.1.el9_4.x86_64  CompilerName: GCC  CompilerVersion: 8.4.0
7.3.2

ProgramName: mri_robust_register  ProgramArguments: mri_robust_register -all-info  ProgramVersion: 7.3.2  TimeStamp: 2026/03/11-13:13:59-GMT  BuildTime: Aug  4 2022 06:17:15  BuildStamp: freesurfer-linux-ubuntu22_x86_64-7.3.2-20220804-6354275  User: oesteban  Machine: dna043  Platform: Linux  PlatformVersion: 5.14.0-427.37.1.el9_4.x86_64  CompilerName: GCC  CompilerVersion: 8.4.0
7.3.2

ProgramName: mri_robust_template  ProgramArguments: mri_robust_template -all-info  ProgramVersion: 7.3.2  TimeStamp: 2026/03/11-13:13:59-GMT  BuildTime: Aug  4 2022 06:17:15  BuildStamp: freesurfer-linux-ubuntu22_x86_64-7.3.2-20220804-6354275  User: oesteban  Machine: dna043  Platform: Linux  PlatformVersion: 5.14.0-427.37.1.el9_4.x86_64  CompilerName: GCC  CompilerVersion: 8.4.0
ProgramName: mris_anatomical_stats  ProgramArguments: mris_anatomical_stats -all-info  ProgramVersion: 7.3.2  TimeStamp: 2026/03/11-13:13:59-GMT  BuildTime: Aug  4 2022 06:17:15  BuildStamp: freesurfer-linux-ubuntu22_x86_64-7.3.2-20220804-6354275  User: oesteban  Machine: dna043  Platform: Linux  PlatformVersion: 5.14.0-427.37.1.el9_4.x86_64  CompilerName: GCC  CompilerVersion: 8.4.0
ProgramName: mris_ca_label  ProgramArguments: mris_ca_label -all-info  ProgramVersion: 7.3.2  TimeStamp: 2026/03/11-13:13:59-GMT  BuildTime: Aug  4 2022 06:17:15  BuildStamp: freesurfer-linux-ubuntu22_x86_64-7.3.2-20220804-6354275  User: oesteban  Machine: dna043  Platform: Linux  PlatformVersion: 5.14.0-427.37.1.el9_4.x86_64  CompilerName: GCC  CompilerVersion: 8.4.0
ProgramName: mris_calc  ProgramArguments: mris_calc -all-info  ProgramVersion: 7.3.2  TimeStamp: 2026/03/11-13:13:59-GMT  BuildTime: Aug  4 2022 06:17:15  BuildStamp: freesurfer-linux-ubuntu22_x86_64-7.3.2-20220804-6354275  User: oesteban  Machine: dna043  Platform: Linux  PlatformVersion: 5.14.0-427.37.1.el9_4.x86_64  CompilerName: GCC  CompilerVersion: 8.4.0
ProgramName: mris_convert  ProgramArguments: mris_convert -all-info  ProgramVersion: 7.3.2  TimeStamp: 2026/03/11-13:13:59-GMT  BuildTime: Aug  4 2022 06:17:15  BuildStamp: freesurfer-linux-ubuntu22_x86_64-7.3.2-20220804-6354275  User: oesteban  Machine: dna043  Platform: Linux  PlatformVersion: 5.14.0-427.37.1.el9_4.x86_64  CompilerName: GCC  CompilerVersion: 8.4.0
ProgramName: mris_curvature  ProgramArguments: mris_curvature -all-info  ProgramVersion: 7.3.2  TimeStamp: 2026/03/11-13:13:59-GMT  BuildTime: Aug  4 2022 06:17:15  BuildStamp: freesurfer-linux-ubuntu22_x86_64-7.3.2-20220804-6354275  User: oesteban  Machine: dna043  Platform: Linux  PlatformVersion: 5.14.0-427.37.1.el9_4.x86_64  CompilerName: GCC  CompilerVersion: 8.4.0
ProgramName: mris_curvature_stats  ProgramArguments: mris_curvature_stats -all-info  ProgramVersion: 7.3.2  TimeStamp: 2026/03/11-13:13:59-GMT  BuildTime: Aug  4 2022 06:17:15  BuildStamp: freesurfer-linux-ubuntu22_x86_64-7.3.2-20220804-6354275  User: oesteban  Machine: dna043  Platform: Linux  PlatformVersion: 5.14.0-427.37.1.el9_4.x86_64  CompilerName: GCC  CompilerVersion: 8.4.0
ProgramName: mris_diff  ProgramArguments: mris_diff -all-info  ProgramVersion: 7.3.2  TimeStamp: 2026/03/11-13:13:59-GMT  BuildTime: Aug  4 2022 06:17:15  BuildStamp: freesurfer-linux-ubuntu22_x86_64-7.3.2-20220804-6354275  User: oesteban  Machine: dna043  Platform: Linux  PlatformVersion: 5.14.0-427.37.1.el9_4.x86_64  CompilerName: GCC  CompilerVersion: 8.4.0
ProgramName: mris_divide_parcellation  ProgramArguments: mris_divide_parcellation -all-info  ProgramVersion: 7.3.2  TimeStamp: 2026/03/11-13:13:59-GMT  BuildTime: Aug  4 2022 06:17:15  BuildStamp: freesurfer-linux-ubuntu22_x86_64-7.3.2-20220804-6354275  User: oesteban  Machine: dna043  Platform: Linux  PlatformVersion: 5.14.0-427.37.1.el9_4.x86_64  CompilerName: GCC  CompilerVersion: 8.4.0
ProgramName: mri_segment  ProgramArguments: mri_segment -all-info  ProgramVersion: 7.3.2  TimeStamp: 2026/03/11-13:13:59-GMT  BuildTime: Aug  4 2022 06:17:15  BuildStamp: freesurfer-linux-ubuntu22_x86_64-7.3.2-20220804-6354275  User: oesteban  Machine: dna043  Platform: Linux  PlatformVersion: 5.14.0-427.37.1.el9_4.x86_64  CompilerName: GCC  CompilerVersion: 8.4.0
ProgramName: mri_segstats  ProgramArguments: mri_segstats -all-info  ProgramVersion: 7.3.2  TimeStamp: 2026/03/11-13:13:59-GMT  BuildTime: Aug  4 2022 06:17:15  BuildStamp: freesurfer-linux-ubuntu22_x86_64-7.3.2-20220804-6354275  User: oesteban  Machine: dna043  Platform: Linux  PlatformVersion: 5.14.0-427.37.1.el9_4.x86_64  CompilerName: GCC  CompilerVersion: 8.4.0
ProgramName: mris_euler_number  ProgramArguments: mris_euler_number -all-info  ProgramVersion: 7.3.2  TimeStamp: 2026/03/11-13:13:59-GMT  BuildTime: Aug  4 2022 06:17:15  BuildStamp: freesurfer-linux-ubuntu22_x86_64-7.3.2-20220804-6354275  User: oesteban  Machine: dna043  Platform: Linux  PlatformVersion: 5.14.0-427.37.1.el9_4.x86_64  CompilerName: GCC  CompilerVersion: 8.4.0
ProgramName: mris_fix_topology  ProgramArguments: mris_fix_topology -all-info  ProgramVersion: 7.3.2  TimeStamp: 2026/03/11-13:13:59-GMT  BuildTime: Aug  4 2022 06:17:15  BuildStamp: freesurfer-linux-ubuntu22_x86_64-7.3.2-20220804-6354275  User: oesteban  Machine: dna043  Platform: Linux  PlatformVersion: 5.14.0-427.37.1.el9_4.x86_64  CompilerName: GCC  CompilerVersion: 8.4.0
ProgramName: mris_topo_fixer  ProgramArguments: mris_topo_fixer -all-info  ProgramVersion: 7.3.2  TimeStamp: 2026/03/11-13:13:59-GMT  BuildTime: Aug  4 2022 06:17:15  BuildStamp: freesurfer-linux-ubuntu22_x86_64-7.3.2-20220804-6354275  User: oesteban  Machine: dna043  Platform: Linux  PlatformVersion: 5.14.0-427.37.1.el9_4.x86_64  CompilerName: GCC  CompilerVersion: 8.4.0
ProgramName: mris_jacobian  ProgramArguments: mris_jacobian -all-info  ProgramVersion: 7.3.2  TimeStamp: 2026/03/11-13:13:59-GMT  BuildTime: Aug  4 2022 06:17:15  BuildStamp: freesurfer-linux-ubuntu22_x86_64-7.3.2-20220804-6354275  User: oesteban  Machine: dna043  Platform: Linux  PlatformVersion: 5.14.0-427.37.1.el9_4.x86_64  CompilerName: GCC  CompilerVersion: 8.4.0
ProgramName: mris_label2annot  ProgramArguments: mris_label2annot -all-info  ProgramVersion: 7.3.2  TimeStamp: 2026/03/11-13:13:59-GMT  BuildTime: Aug  4 2022 06:17:15  BuildStamp: freesurfer-linux-ubuntu22_x86_64-7.3.2-20220804-6354275  User: oesteban  Machine: dna043  Platform: Linux  PlatformVersion: 5.14.0-427.37.1.el9_4.x86_64  CompilerName: GCC  CompilerVersion: 8.4.0
ProgramName: mris_left_right_register  ProgramArguments: mris_left_right_register -all-info  ProgramVersion: 7.3.2  TimeStamp: 2026/03/11-13:13:59-GMT  BuildTime: Aug  4 2022 06:17:15  BuildStamp: freesurfer-linux-ubuntu22_x86_64-7.3.2-20220804-6354275  User: oesteban  Machine: dna043  Platform: Linux  PlatformVersion: 5.14.0-427.37.1.el9_4.x86_64  CompilerName: GCC  CompilerVersion: 8.4.0
ProgramName: mris_place_surface  ProgramArguments: mris_place_surface -all-info  ProgramVersion: 7.3.2  TimeStamp: 2026/03/11-13:13:59-GMT  BuildTime: Aug  4 2022 06:17:15  BuildStamp: freesurfer-linux-ubuntu22_x86_64-7.3.2-20220804-6354275  User: oesteban  Machine: dna043  Platform: Linux  PlatformVersion: 5.14.0-427.37.1.el9_4.x86_64  CompilerName: GCC  CompilerVersion: 8.4.0
ProgramName: mrisp_paint  ProgramArguments: mrisp_paint -all-info  ProgramVersion: 7.3.2  TimeStamp: 2026/03/11-13:13:59-GMT  BuildTime: Aug  4 2022 06:17:15  BuildStamp: freesurfer-linux-ubuntu22_x86_64-7.3.2-20220804-6354275  User: oesteban  Machine: dna043  Platform: Linux  PlatformVersion: 5.14.0-427.37.1.el9_4.x86_64  CompilerName: GCC  CompilerVersion: 8.4.0
ProgramName: mris_register  ProgramArguments: mris_register -all-info  ProgramVersion: 7.3.2  TimeStamp: 2026/03/11-13:13:59-GMT  BuildTime: Aug  4 2022 06:17:15  BuildStamp: freesurfer-linux-ubuntu22_x86_64-7.3.2-20220804-6354275  User: oesteban  Machine: dna043  Platform: Linux  PlatformVersion: 5.14.0-427.37.1.el9_4.x86_64  CompilerName: GCC  CompilerVersion: 8.4.0
ProgramName: mris_smooth  ProgramArguments: mris_smooth -all-info  ProgramVersion: 7.3.2  TimeStamp: 2026/03/11-13:13:59-GMT  BuildTime: Aug  4 2022 06:17:15  BuildStamp: freesurfer-linux-ubuntu22_x86_64-7.3.2-20220804-6354275  User: oesteban  Machine: dna043  Platform: Linux  PlatformVersion: 5.14.0-427.37.1.el9_4.x86_64  CompilerName: GCC  CompilerVersion: 8.4.0
ProgramName: mris_sphere  ProgramArguments: mris_sphere -all-info  ProgramVersion: 7.3.2  TimeStamp: 2026/03/11-13:13:59-GMT  BuildTime: Aug  4 2022 06:17:15  BuildStamp: freesurfer-linux-ubuntu22_x86_64-7.3.2-20220804-6354275  User: oesteban  Machine: dna043  Platform: Linux  PlatformVersion: 5.14.0-427.37.1.el9_4.x86_64  CompilerName: GCC  CompilerVersion: 8.4.0
ProgramName: mris_surface_stats  ProgramArguments: mris_surface_stats -all-info  ProgramVersion: 7.3.2  TimeStamp: 2026/03/11-13:13:59-GMT  BuildTime: Aug  4 2022 06:17:15  BuildStamp: freesurfer-linux-ubuntu22_x86_64-7.3.2-20220804-6354275  User: oesteban  Machine: dna043  Platform: Linux  PlatformVersion: 5.14.0-427.37.1.el9_4.x86_64  CompilerName: GCC  CompilerVersion: 8.4.0
ProgramName: mri_stats2seg  ProgramArguments: mri_stats2seg -all-info  ProgramVersion: 7.3.2  TimeStamp: 2026/03/11-13:13:59-GMT  BuildTime: Aug  4 2022 06:17:15  BuildStamp: freesurfer-linux-ubuntu22_x86_64-7.3.2-20220804-6354275  User: oesteban  Machine: dna043  Platform: Linux  PlatformVersion: 5.14.0-427.37.1.el9_4.x86_64  CompilerName: GCC  CompilerVersion: 8.4.0
ProgramName: mris_thickness  ProgramArguments: mris_thickness -all-info  ProgramVersion: 7.3.2  TimeStamp: 2026/03/11-13:13:59-GMT  BuildTime: Aug  4 2022 06:17:15  BuildStamp: freesurfer-linux-ubuntu22_x86_64-7.3.2-20220804-6354275  User: oesteban  Machine: dna043  Platform: Linux  PlatformVersion: 5.14.0-427.37.1.el9_4.x86_64  CompilerName: GCC  CompilerVersion: 8.4.0
ProgramName: mris_thickness_diff  ProgramArguments: mris_thickness_diff -all-info  ProgramVersion: 7.3.2  TimeStamp: 2026/03/11-13:13:59-GMT  BuildTime: Aug  4 2022 06:17:15  BuildStamp: freesurfer-linux-ubuntu22_x86_64-7.3.2-20220804-6354275  User: oesteban  Machine: dna043  Platform: Linux  PlatformVersion: 5.14.0-427.37.1.el9_4.x86_64  CompilerName: GCC  CompilerVersion: 8.4.0
ProgramName: mris_topo_fixer  ProgramArguments: mris_topo_fixer -all-info  ProgramVersion: 7.3.2  TimeStamp: 2026/03/11-13:13:59-GMT  BuildTime: Aug  4 2022 06:17:15  BuildStamp: freesurfer-linux-ubuntu22_x86_64-7.3.2-20220804-6354275  User: oesteban  Machine: dna043  Platform: Linux  PlatformVersion: 5.14.0-427.37.1.el9_4.x86_64  CompilerName: GCC  CompilerVersion: 8.4.0
ProgramName: mri_surf2surf  ProgramArguments: mri_surf2surf -all-info  ProgramVersion: 7.3.2  TimeStamp: 2026/03/11-13:13:59-GMT  BuildTime: Aug  4 2022 06:17:15  BuildStamp: freesurfer-linux-ubuntu22_x86_64-7.3.2-20220804-6354275  User: oesteban  Machine: dna043  Platform: Linux  PlatformVersion: 5.14.0-427.37.1.el9_4.x86_64  CompilerName: GCC  CompilerVersion: 8.4.0
ProgramName: mri_surf2vol  ProgramArguments: mri_surf2vol -all-info  ProgramVersion: 7.3.2  TimeStamp: 2026/03/11-13:13:59-GMT  BuildTime: Aug  4 2022 06:17:15  BuildStamp: freesurfer-linux-ubuntu22_x86_64-7.3.2-20220804-6354275  User: oesteban  Machine: dna043  Platform: Linux  PlatformVersion: 5.14.0-427.37.1.el9_4.x86_64  CompilerName: GCC  CompilerVersion: 8.4.0
ProgramName: mri_surfcluster  ProgramArguments: mri_surfcluster -all-info  ProgramVersion: 7.3.2  TimeStamp: 2026/03/11-13:13:59-GMT  BuildTime: Aug  4 2022 06:17:15  BuildStamp: freesurfer-linux-ubuntu22_x86_64-7.3.2-20220804-6354275  User: oesteban  Machine: dna043  Platform: Linux  PlatformVersion: 5.14.0-427.37.1.el9_4.x86_64  CompilerName: GCC  CompilerVersion: 8.4.0
ProgramName: mris_volmask  ProgramArguments: mris_volmask -all-info  ProgramVersion: 7.3.2  TimeStamp: 2026/03/11-13:13:59-GMT  BuildTime: Aug  4 2022 06:17:15  BuildStamp: freesurfer-linux-ubuntu22_x86_64-7.3.2-20220804-6354275  User: oesteban  Machine: dna043  Platform: Linux  PlatformVersion: 5.14.0-427.37.1.el9_4.x86_64  CompilerName: GCC  CompilerVersion: 8.4.0
ProgramName: mri_tessellate  ProgramArguments: mri_tessellate -all-info  ProgramVersion: 7.3.2  TimeStamp: 2026/03/11-13:13:59-GMT  BuildTime: Aug  4 2022 06:17:15  BuildStamp: freesurfer-linux-ubuntu22_x86_64-7.3.2-20220804-6354275  User: oesteban  Machine: dna043  Platform: Linux  PlatformVersion: 5.14.0-427.37.1.el9_4.x86_64  CompilerName: GCC  CompilerVersion: 8.4.0
ProgramName: mri_vol2surf  ProgramArguments: mri_vol2surf -all-info  ProgramVersion: 7.3.2  TimeStamp: 2026/03/11-13:13:59-GMT  BuildTime: Aug  4 2022 06:17:15  BuildStamp: freesurfer-linux-ubuntu22_x86_64-7.3.2-20220804-6354275  User: oesteban  Machine: dna043  Platform: Linux  PlatformVersion: 5.14.0-427.37.1.el9_4.x86_64  CompilerName: GCC  CompilerVersion: 8.4.0
ProgramName: mri_vol2vol  ProgramArguments: mri_vol2vol -all-info  ProgramVersion: 7.3.2  TimeStamp: 2026/03/11-13:13:59-GMT  BuildTime: Aug  4 2022 06:17:15  BuildStamp: freesurfer-linux-ubuntu22_x86_64-7.3.2-20220804-6354275  User: oesteban  Machine: dna043  Platform: Linux  PlatformVersion: 5.14.0-427.37.1.el9_4.x86_64  CompilerName: GCC  CompilerVersion: 8.4.0
ProgramName: mri_voldiff  ProgramArguments: mri_voldiff -all-info  ProgramVersion: 7.3.2  TimeStamp: 2026/03/11-13:13:59-GMT  BuildTime: Aug  4 2022 06:17:15  BuildStamp: freesurfer-linux-ubuntu22_x86_64-7.3.2-20220804-6354275  User: oesteban  Machine: dna043  Platform: Linux  PlatformVersion: 5.14.0-427.37.1.el9_4.x86_64  CompilerName: GCC  CompilerVersion: 8.4.0
ProgramName: mri_watershed  ProgramArguments: mri_watershed -all-info  ProgramVersion: 7.3.2  TimeStamp: 2026/03/11-13:13:59-GMT  BuildTime: Aug  4 2022 06:17:15  BuildStamp: freesurfer-linux-ubuntu22_x86_64-7.3.2-20220804-6354275  User: oesteban  Machine: dna043  Platform: Linux  PlatformVersion: 5.14.0-427.37.1.el9_4.x86_64  CompilerName: GCC  CompilerVersion: 8.4.0
ProgramName: tkregister2  ProgramArguments: tkregister2_cmdl -all-info  ProgramVersion: 7.3.2  TimeStamp: 2026/03/11-13:13:59-GMT  BuildTime: Aug  4 2022 06:17:15  BuildStamp: freesurfer-linux-ubuntu22_x86_64-7.3.2-20220804-6354275  User: oesteban  Machine: dna043  Platform: Linux  PlatformVersion: 5.14.0-427.37.1.el9_4.x86_64  CompilerName: GCC  CompilerVersion: 8.4.0
mri_motion_correct.fsl 7.3.2
mri_convert -all-info 
ProgramName: mri_convert  ProgramArguments: mri_convert -all-info  ProgramVersion: 7.3.2  TimeStamp: 2026/03/11-13:13:59-GMT  BuildTime: Aug  4 2022 06:17:15  BuildStamp: freesurfer-linux-ubuntu22_x86_64-7.3.2-20220804-6354275  User: oesteban  Machine: dna043  Platform: Linux  PlatformVersion: 5.14.0-427.37.1.el9_4.x86_64  CompilerName: GCC  CompilerVersion: 8.4.0
Program nu_correct, built from:
Package MNI N3, version 1.12.0, compiled by nicks@terrier (x86_64-unknown-linux-gnu) on 2015-06-19 at 01:25:34
#######################################
GCADIR /opt/freesurfer/average
GCA RB_all_2020-01-02.gca
GCASkull RB_all_withskull_2020_01_02.gca
AvgCurvTif folding.atlas.acfb40.noaparc.i12.2016-08-02.tif
GCSDIR /opt/freesurfer/average
GCS DKaparc.atlas.acfb40.noaparc.i12.2016-08-02.gcs
#######################################
#@# white curv lh Wed Mar 11 14:13:59 CET 2026
cd /out/sourcedata/freesurfer/sub-v2s16x51312_ses-1/mri
mris_place_surface --curv-map ../surf/lh.white 2 10 ../surf/lh.curv
   Update not needed
#@# white area lh Wed Mar 11 14:13:59 CET 2026
cd /out/sourcedata/freesurfer/sub-v2s16x51312_ses-1/mri
mris_place_surface --area-map ../surf/lh.white ../surf/lh.area
   Update not needed
#@# pial curv lh Wed Mar 11 14:13:59 CET 2026
cd /out/sourcedata/freesurfer/sub-v2s16x51312_ses-1/mri
mris_place_surface --curv-map ../surf/lh.pial 2 10 ../surf/lh.curv.pial
   Update not needed
#@# pial area lh Wed Mar 11 14:13:59 CET 2026
cd /out/sourcedata/freesurfer/sub-v2s16x51312_ses-1/mri
mris_place_surface --area-map ../surf/lh.pial ../surf/lh.area.pial
   Update not needed
#@# thickness lh Wed Mar 11 14:13:59 CET 2026
cd /out/sourcedata/freesurfer/sub-v2s16x51312_ses-1/mri
mris_place_surface --thickness ../surf/lh.white ../surf/lh.pial 20 5 ../surf/lh.thickness
   Update not needed
#@# area and vertex vol lh Wed Mar 11 14:13:59 CET 2026
cd /out/sourcedata/freesurfer/sub-v2s16x51312_ses-1/mri
mris_place_surface --thickness ../surf/lh.white ../surf/lh.pial 20 5 ../surf/lh.thickness
   Update not needed
#@# white curv rh Wed Mar 11 14:13:59 CET 2026
cd /out/sourcedata/freesurfer/sub-v2s16x51312_ses-1/mri
mris_place_surface --curv-map ../surf/rh.white 2 10 ../surf/rh.curv
   Update not needed
#@# white area rh Wed Mar 11 14:13:59 CET 2026
cd /out/sourcedata/freesurfer/sub-v2s16x51312_ses-1/mri
mris_place_surface --area-map ../surf/rh.white ../surf/rh.area
   Update not needed
#@# pial curv rh Wed Mar 11 14:13:59 CET 2026
cd /out/sourcedata/freesurfer/sub-v2s16x51312_ses-1/mri
mris_place_surface --curv-map ../surf/rh.pial 2 10 ../surf/rh.curv.pial
   Update not needed
#@# pial area rh Wed Mar 11 14:13:59 CET 2026
cd /out/sourcedata/freesurfer/sub-v2s16x51312_ses-1/mri
mris_place_surface --area-map ../surf/rh.pial ../surf/rh.area.pial
   Update not needed
#@# thickness rh Wed Mar 11 14:13:59 CET 2026
cd /out/sourcedata/freesurfer/sub-v2s16x51312_ses-1/mri
mris_place_surface --thickness ../surf/rh.white ../surf/rh.pial 20 5 ../surf/rh.thickness
   Update not needed
#@# area and vertex vol rh Wed Mar 11 14:13:59 CET 2026
cd /out/sourcedata/freesurfer/sub-v2s16x51312_ses-1/mri
mris_place_surface --thickness ../surf/rh.white ../surf/rh.pial 20 5 ../surf/rh.thickness
   Update not needed
#--------------------------------------------
#@# Cortical ribbon mask Wed Mar 11 14:13:59 CET 2026
/out/sourcedata/freesurfer/sub-v2s16x51312_ses-1/mri

 mris_volmask --aseg_name aseg.presurf --label_left_white 2 --label_left_ribbon 3 --label_right_white 41 --label_right_ribbon 42 --save_ribbon sub-v2s16x51312_ses-1 

SUBJECTS_DIR is /out/sourcedata/freesurfer
loading input data...
Running hemis serially
Processing left hemi
computing distance to left white surface 
computing distance to left pial surface 
Processing right hemi
computing distance to right white surface 
computing distance to right pial surface 
 hemi masks overlap voxels = 51
writing volume /out/sourcedata/freesurfer/sub-v2s16x51312_ses-1/mri/ribbon.mgz
mris_volmask took 4.29 minutes
 writing ribbon files

Started at Wed Mar 11 14:13:59 CET 2026 
Ended   at Wed Mar 11 14:18:17 CET 2026
#@#%# recon-all-run-time-hours 0.072
recon-all -s sub-v2s16x51312_ses-1 finished without error at Wed Mar 11 14:18:17 CET 2026



#New# invocation of recon-all 




Wed Mar 11 14:23:22 CET 2026
cd /out/sourcedata/freesurfer/sub-v2s16x51312_ses-1
setenv SUBJECTS_DIR /out/sourcedata/freesurfer
/opt/freesurfer/bin/recon-all -autorecon3 -openmp 16 -subjid sub-v2s16x51312_ses-1 -sd /out/sourcedata/freesurfer -nosphere -nosurfreg -nojacobian_white -noavgcurv -nocortparc -nopial -noparcstats -nocortparc2 -noparcstats2 -nocortparc3 -noparcstats3 -nopctsurfcon -nocortribbon -nobalabels

subjid sub-v2s16x51312_ses-1
setenv SUBJECTS_DIR /out/sourcedata/freesurfer
FREESURFER_HOME /opt/freesurfer
Actual FREESURFER_HOME /opt/freesurfer
build-stamp.txt: freesurfer-linux-ubuntu22_x86_64-7.3.2-20220804-6354275
Linux dna043 5.14.0-427.37.1.el9_4.x86_64 #1 SMP PREEMPT_DYNAMIC Fri Sep 13 12:41:50 EDT 2024 x86_64 x86_64 x86_64 GNU/Linux
cputime      unlimited
filesize     unlimited
datasize     unlimited
stacksize    8192 kbytes
coredumpsize 0 kbytes
memoryuse    67108864 kbytes
vmemoryuse   unlimited
descriptors  1024 
memorylocked unlimited
maxproc      2061970 
maxlocks     unlimited
maxsignal    4126352 
maxmessage   819200 
maxnice      0 
maxrtprio    0 
maxrttime    unlimited

               total        used        free      shared  buff/cache   available
Mem:           1.0Ti        54Gi       911Gi        12Gi        41Gi       934Gi
Swap:             0B          0B          0B

########################################
program versions used
7.3.2 (freesurfer-linux-ubuntu22_x86_64-7.3.2-20220804-6354275)
7.3.2

ProgramName: lta_convert  ProgramArguments: lta_convert -all-info  ProgramVersion: 7.3.2  TimeStamp: 2026/03/11-13:23:22-GMT  BuildTime: Aug  4 2022 06:17:15  BuildStamp: freesurfer-linux-ubuntu22_x86_64-7.3.2-20220804-6354275  User: oesteban  Machine: dna043  Platform: Linux  PlatformVersion: 5.14.0-427.37.1.el9_4.x86_64  CompilerName: GCC  CompilerVersion: 8.4.0
ProgramName: mri_and  ProgramArguments: mri_and -all-info  ProgramVersion: 7.3.2  TimeStamp: 2026/03/11-13:23:22-GMT  BuildTime: Aug  4 2022 06:17:15  BuildStamp: freesurfer-linux-ubuntu22_x86_64-7.3.2-20220804-6354275  User: oesteban  Machine: dna043  Platform: Linux  PlatformVersion: 5.14.0-427.37.1.el9_4.x86_64  CompilerName: GCC  CompilerVersion: 8.4.0
ProgramName: mri_annotation2label  ProgramArguments: mri_annotation2label -all-info  ProgramVersion: 7.3.2  TimeStamp: 2026/03/11-13:23:22-GMT  BuildTime: Aug  4 2022 06:17:15  BuildStamp: freesurfer-linux-ubuntu22_x86_64-7.3.2-20220804-6354275  User: oesteban  Machine: dna043  Platform: Linux  PlatformVersion: 5.14.0-427.37.1.el9_4.x86_64  CompilerName: GCC  CompilerVersion: 8.4.0
ProgramName: mri_aparc2aseg  ProgramArguments: mri_aparc2aseg -all-info  ProgramVersion: 7.3.2  TimeStamp: 2026/03/11-13:23:22-GMT  BuildTime: Aug  4 2022 06:17:15  BuildStamp: freesurfer-linux-ubuntu22_x86_64-7.3.2-20220804-6354275  User: oesteban  Machine: dna043  Platform: Linux  PlatformVersion: 5.14.0-427.37.1.el9_4.x86_64  CompilerName: GCC  CompilerVersion: 8.4.0
ProgramName: mri_surf2volseg  ProgramArguments: mri_surf2volseg -all-info  ProgramVersion: 7.3.2  TimeStamp: 2026/03/11-13:23:22-GMT  BuildTime: Aug  4 2022 06:17:15  BuildStamp: freesurfer-linux-ubuntu22_x86_64-7.3.2-20220804-6354275  User: oesteban  Machine: dna043  Platform: Linux  PlatformVersion: 5.14.0-427.37.1.el9_4.x86_64  CompilerName: GCC  CompilerVersion: 8.4.0
ProgramName: mri_binarize  ProgramArguments: mri_binarize -all-info  ProgramVersion: 7.3.2  TimeStamp: 2026/03/11-13:23:22-GMT  BuildTime: Aug  4 2022 06:17:15  BuildStamp: freesurfer-linux-ubuntu22_x86_64-7.3.2-20220804-6354275  User: oesteban  Machine: dna043  Platform: Linux  PlatformVersion: 5.14.0-427.37.1.el9_4.x86_64  CompilerName: GCC  CompilerVersion: 8.4.0
ProgramName: mri_ca_label  ProgramArguments: mri_ca_label -all-info  ProgramVersion: 7.3.2  TimeStamp: 2026/03/11-13:23:22-GMT  BuildTime: Aug  4 2022 06:17:15  BuildStamp: freesurfer-linux-ubuntu22_x86_64-7.3.2-20220804-6354275  User: oesteban  Machine: dna043  Platform: Linux  PlatformVersion: 5.14.0-427.37.1.el9_4.x86_64  CompilerName: GCC  CompilerVersion: 8.4.0
ProgramName: mri_ca_normalize  ProgramArguments: mri_ca_normalize -all-info  ProgramVersion: 7.3.2  TimeStamp: 2026/03/11-13:23:22-GMT  BuildTime: Aug  4 2022 06:17:15  BuildStamp: freesurfer-linux-ubuntu22_x86_64-7.3.2-20220804-6354275  User: oesteban  Machine: dna043  Platform: Linux  PlatformVersion: 5.14.0-427.37.1.el9_4.x86_64  CompilerName: GCC  CompilerVersion: 8.4.0
ProgramName: mri_ca_register  ProgramArguments: mri_ca_register -all-info  ProgramVersion: 7.3.2  TimeStamp: 2026/03/11-13:23:22-GMT  BuildTime: Aug  4 2022 06:17:15  BuildStamp: freesurfer-linux-ubuntu22_x86_64-7.3.2-20220804-6354275  User: oesteban  Machine: dna043  Platform: Linux  PlatformVersion: 5.14.0-427.37.1.el9_4.x86_64  CompilerName: GCC  CompilerVersion: 8.4.0
ProgramName: mri_cc  ProgramArguments: mri_cc -all-info  ProgramVersion: 7.3.2  TimeStamp: 2026/03/11-13:23:22-GMT  BuildTime: Aug  4 2022 06:17:15  BuildStamp: freesurfer-linux-ubuntu22_x86_64-7.3.2-20220804-6354275  User: oesteban  Machine: dna043  Platform: Linux  PlatformVersion: 5.14.0-427.37.1.el9_4.x86_64  CompilerName: GCC  CompilerVersion: 8.4.0
ProgramName: mri_compute_overlap  ProgramArguments: mri_compute_overlap -all-info  ProgramVersion: 7.3.2  TimeStamp: 2026/03/11-13:23:22-GMT  BuildTime: Aug  4 2022 06:17:15  BuildStamp: freesurfer-linux-ubuntu22_x86_64-7.3.2-20220804-6354275  User: oesteban  Machine: dna043  Platform: Linux  PlatformVersion: 5.14.0-427.37.1.el9_4.x86_64  CompilerName: GCC  CompilerVersion: 8.4.0
ProgramName: mri_compute_seg_overlap  ProgramArguments: mri_compute_seg_overlap -all-info  ProgramVersion: 7.3.2  TimeStamp: 2026/03/11-13:23:22-GMT  BuildTime: Aug  4 2022 06:17:15  BuildStamp: freesurfer-linux-ubuntu22_x86_64-7.3.2-20220804-6354275  User: oesteban  Machine: dna043  Platform: Linux  PlatformVersion: 5.14.0-427.37.1.el9_4.x86_64  CompilerName: GCC  CompilerVersion: 8.4.0
ProgramName: mri_concat  ProgramArguments: mri_concat -all-info  ProgramVersion: 7.3.2  TimeStamp: 2026/03/11-13:23:22-GMT  BuildTime: Aug  4 2022 06:17:15  BuildStamp: freesurfer-linux-ubuntu22_x86_64-7.3.2-20220804-6354275  User: oesteban  Machine: dna043  Platform: Linux  PlatformVersion: 5.14.0-427.37.1.el9_4.x86_64  CompilerName: GCC  CompilerVersion: 8.4.0
ProgramName: mri_concatenate_lta  ProgramArguments: mri_concatenate_lta -all-info  ProgramVersion: 7.3.2  TimeStamp: 2026/03/11-13:23:22-GMT  BuildTime: Aug  4 2022 06:17:15  BuildStamp: freesurfer-linux-ubuntu22_x86_64-7.3.2-20220804-6354275  User: oesteban  Machine: dna043  Platform: Linux  PlatformVersion: 5.14.0-427.37.1.el9_4.x86_64  CompilerName: GCC  CompilerVersion: 8.4.0
mri_convert -all-info 
ProgramName: mri_convert  ProgramArguments: mri_convert -all-info  ProgramVersion: 7.3.2  TimeStamp: 2026/03/11-13:23:22-GMT  BuildTime: Aug  4 2022 06:17:15  BuildStamp: freesurfer-linux-ubuntu22_x86_64-7.3.2-20220804-6354275  User: oesteban  Machine: dna043  Platform: Linux  PlatformVersion: 5.14.0-427.37.1.el9_4.x86_64  CompilerName: GCC  CompilerVersion: 8.4.0
ProgramName: mri_diff  ProgramArguments: mri_diff -all-info  ProgramVersion: 7.3.2  TimeStamp: 2026/03/11-13:23:22-GMT  BuildTime: Aug  4 2022 06:17:15  BuildStamp: freesurfer-linux-ubuntu22_x86_64-7.3.2-20220804-6354275  User: oesteban  Machine: dna043  Platform: Linux  PlatformVersion: 5.14.0-427.37.1.el9_4.x86_64  CompilerName: GCC  CompilerVersion: 8.4.0
ProgramName: mri_edit_wm_with_aseg  ProgramArguments: mri_edit_wm_with_aseg -all-info  ProgramVersion: 7.3.2  TimeStamp: 2026/03/11-13:23:22-GMT  BuildTime: Aug  4 2022 06:17:15  BuildStamp: freesurfer-linux-ubuntu22_x86_64-7.3.2-20220804-6354275  User: oesteban  Machine: dna043  Platform: Linux  PlatformVersion: 5.14.0-427.37.1.el9_4.x86_64  CompilerName: GCC  CompilerVersion: 8.4.0
ProgramName: mri_em_register  ProgramArguments: mri_em_register -all-info  ProgramVersion: 7.3.2  TimeStamp: 2026/03/11-13:23:22-GMT  BuildTime: Aug  4 2022 06:17:15  BuildStamp: freesurfer-linux-ubuntu22_x86_64-7.3.2-20220804-6354275  User: oesteban  Machine: dna043  Platform: Linux  PlatformVersion: 5.14.0-427.37.1.el9_4.x86_64  CompilerName: GCC  CompilerVersion: 8.4.0
ProgramName: mri_fill  ProgramArguments: mri_fill -all-info  ProgramVersion: 7.3.2  TimeStamp: 2026/03/11-13:23:22-GMT  BuildTime: Aug  4 2022 06:17:15  BuildStamp: freesurfer-linux-ubuntu22_x86_64-7.3.2-20220804-6354275  User: oesteban  Machine: dna043  Platform: Linux  PlatformVersion: 5.14.0-427.37.1.el9_4.x86_64  CompilerName: GCC  CompilerVersion: 8.4.0
ProgramName: mri_fuse_segmentations  ProgramArguments: mri_fuse_segmentations -all-info  ProgramVersion: 7.3.2  TimeStamp: 2026/03/11-13:23:22-GMT  BuildTime: Aug  4 2022 06:17:15  BuildStamp: freesurfer-linux-ubuntu22_x86_64-7.3.2-20220804-6354275  User: oesteban  Machine: dna043  Platform: Linux  PlatformVersion: 5.14.0-427.37.1.el9_4.x86_64  CompilerName: GCC  CompilerVersion: 8.4.0
ProgramName: mri_fwhm  ProgramArguments: mri_fwhm -all-info  ProgramVersion: 7.3.2  TimeStamp: 2026/03/11-13:23:22-GMT  BuildTime: Aug  4 2022 06:17:15  BuildStamp: freesurfer-linux-ubuntu22_x86_64-7.3.2-20220804-6354275  User: oesteban  Machine: dna043  Platform: Linux  PlatformVersion: 5.14.0-427.37.1.el9_4.x86_64  CompilerName: GCC  CompilerVersion: 8.4.0
ProgramName: mri_gcut  ProgramArguments: mri_gcut -all-info  ProgramVersion: 7.3.2  TimeStamp: 2026/03/11-13:23:22-GMT  BuildTime: Aug  4 2022 06:17:15  BuildStamp: freesurfer-linux-ubuntu22_x86_64-7.3.2-20220804-6354275  User: oesteban  Machine: dna043  Platform: Linux  PlatformVersion: 5.14.0-427.37.1.el9_4.x86_64  CompilerName: GCC  CompilerVersion: 8.4.0
ProgramName: mri_info  ProgramArguments: mri_info -all-info  ProgramVersion: 7.3.2  TimeStamp: 2026/03/11-13:23:22-GMT  BuildTime: Aug  4 2022 06:17:15  BuildStamp: freesurfer-linux-ubuntu22_x86_64-7.3.2-20220804-6354275  User: oesteban  Machine: dna043  Platform: Linux  PlatformVersion: 5.14.0-427.37.1.el9_4.x86_64  CompilerName: GCC  CompilerVersion: 8.4.0
ProgramName: mri_label2label  ProgramArguments: mri_label2label -all-info  ProgramVersion: 7.3.2  TimeStamp: 2026/03/11-13:23:22-GMT  BuildTime: Aug  4 2022 06:17:15  BuildStamp: freesurfer-linux-ubuntu22_x86_64-7.3.2-20220804-6354275  User: oesteban  Machine: dna043  Platform: Linux  PlatformVersion: 5.14.0-427.37.1.el9_4.x86_64  CompilerName: GCC  CompilerVersion: 8.4.0
ProgramName: mri_label2vol  ProgramArguments: mri_label2vol -all-info  ProgramVersion: 7.3.2  TimeStamp: 2026/03/11-13:23:22-GMT  BuildTime: Aug  4 2022 06:17:15  BuildStamp: freesurfer-linux-ubuntu22_x86_64-7.3.2-20220804-6354275  User: oesteban  Machine: dna043  Platform: Linux  PlatformVersion: 5.14.0-427.37.1.el9_4.x86_64  CompilerName: GCC  CompilerVersion: 8.4.0
ProgramName: mri_log_likelihood  ProgramArguments: mri_log_likelihood -all-info  ProgramVersion: 7.3.2  TimeStamp: 2026/03/11-13:23:22-GMT  BuildTime: Aug  4 2022 06:17:15  BuildStamp: freesurfer-linux-ubuntu22_x86_64-7.3.2-20220804-6354275  User: oesteban  Machine: dna043  Platform: Linux  PlatformVersion: 5.14.0-427.37.1.el9_4.x86_64  CompilerName: GCC  CompilerVersion: 8.4.0
ProgramName: mri_mask  ProgramArguments: mri_mask -all-info  ProgramVersion: 7.3.2  TimeStamp: 2026/03/11-13:23:22-GMT  BuildTime: Aug  4 2022 06:17:15  BuildStamp: freesurfer-linux-ubuntu22_x86_64-7.3.2-20220804-6354275  User: oesteban  Machine: dna043  Platform: Linux  PlatformVersion: 5.14.0-427.37.1.el9_4.x86_64  CompilerName: GCC  CompilerVersion: 8.4.0
ProgramName: mri_matrix_multiply  ProgramArguments: mri_matrix_multiply -all-info  ProgramVersion: 7.3.2  TimeStamp: 2026/03/11-13:23:22-GMT  BuildTime: Aug  4 2022 06:17:15  BuildStamp: freesurfer-linux-ubuntu22_x86_64-7.3.2-20220804-6354275  User: oesteban  Machine: dna043  Platform: Linux  PlatformVersion: 5.14.0-427.37.1.el9_4.x86_64  CompilerName: GCC  CompilerVersion: 8.4.0
ProgramName: mri_normalize  ProgramArguments: mri_normalize -all-info  ProgramVersion: 7.3.2  TimeStamp: 2026/03/11-13:23:22-GMT  BuildTime: Aug  4 2022 06:17:15  BuildStamp: freesurfer-linux-ubuntu22_x86_64-7.3.2-20220804-6354275  User: oesteban  Machine: dna043  Platform: Linux  PlatformVersion: 5.14.0-427.37.1.el9_4.x86_64  CompilerName: GCC  CompilerVersion: 8.4.0
ProgramName: mri_normalize_tp2  ProgramArguments: mri_normalize_tp2 -all-info  ProgramVersion: 7.3.2  TimeStamp: 2026/03/11-13:23:22-GMT  BuildTime: Aug  4 2022 06:17:15  BuildStamp: freesurfer-linux-ubuntu22_x86_64-7.3.2-20220804-6354275  User: oesteban  Machine: dna043  Platform: Linux  PlatformVersion: 5.14.0-427.37.1.el9_4.x86_64  CompilerName: GCC  CompilerVersion: 8.4.0
ProgramName: mri_or  ProgramArguments: mri_or -all-info  ProgramVersion: 7.3.2  TimeStamp: 2026/03/11-13:23:22-GMT  BuildTime: Aug  4 2022 06:17:15  BuildStamp: freesurfer-linux-ubuntu22_x86_64-7.3.2-20220804-6354275  User: oesteban  Machine: dna043  Platform: Linux  PlatformVersion: 5.14.0-427.37.1.el9_4.x86_64  CompilerName: GCC  CompilerVersion: 8.4.0
ProgramName: mri_relabel_hypointensities  ProgramArguments: mri_relabel_hypointensities -all-info  ProgramVersion: 7.3.2  TimeStamp: 2026/03/11-13:23:22-GMT  BuildTime: Aug  4 2022 06:17:15  BuildStamp: freesurfer-linux-ubuntu22_x86_64-7.3.2-20220804-6354275  User: oesteban  Machine: dna043  Platform: Linux  PlatformVersion: 5.14.0-427.37.1.el9_4.x86_64  CompilerName: GCC  CompilerVersion: 8.4.0
ProgramName: mri_relabel_nonwm_hypos  ProgramArguments: mri_relabel_nonwm_hypos -all-info  ProgramVersion: 7.3.2  TimeStamp: 2026/03/11-13:23:22-GMT  BuildTime: Aug  4 2022 06:17:15  BuildStamp: freesurfer-linux-ubuntu22_x86_64-7.3.2-20220804-6354275  User: oesteban  Machine: dna043  Platform: Linux  PlatformVersion: 5.14.0-427.37.1.el9_4.x86_64  CompilerName: GCC  CompilerVersion: 8.4.0
ProgramName: mri_remove_neck  ProgramArguments: mri_remove_neck -all-info  ProgramVersion: 7.3.2  TimeStamp: 2026/03/11-13:23:22-GMT  BuildTime: Aug  4 2022 06:17:15  BuildStamp: freesurfer-linux-ubuntu22_x86_64-7.3.2-20220804-6354275  User: oesteban  Machine: dna043  Platform: Linux  PlatformVersion: 5.14.0-427.37.1.el9_4.x86_64  CompilerName: GCC  CompilerVersion: 8.4.0
7.3.2

ProgramName: mri_robust_register  ProgramArguments: mri_robust_register -all-info  ProgramVersion: 7.3.2  TimeStamp: 2026/03/11-13:23:22-GMT  BuildTime: Aug  4 2022 06:17:15  BuildStamp: freesurfer-linux-ubuntu22_x86_64-7.3.2-20220804-6354275  User: oesteban  Machine: dna043  Platform: Linux  PlatformVersion: 5.14.0-427.37.1.el9_4.x86_64  CompilerName: GCC  CompilerVersion: 8.4.0
7.3.2

ProgramName: mri_robust_template  ProgramArguments: mri_robust_template -all-info  ProgramVersion: 7.3.2  TimeStamp: 2026/03/11-13:23:22-GMT  BuildTime: Aug  4 2022 06:17:15  BuildStamp: freesurfer-linux-ubuntu22_x86_64-7.3.2-20220804-6354275  User: oesteban  Machine: dna043  Platform: Linux  PlatformVersion: 5.14.0-427.37.1.el9_4.x86_64  CompilerName: GCC  CompilerVersion: 8.4.0
ProgramName: mris_anatomical_stats  ProgramArguments: mris_anatomical_stats -all-info  ProgramVersion: 7.3.2  TimeStamp: 2026/03/11-13:23:22-GMT  BuildTime: Aug  4 2022 06:17:15  BuildStamp: freesurfer-linux-ubuntu22_x86_64-7.3.2-20220804-6354275  User: oesteban  Machine: dna043  Platform: Linux  PlatformVersion: 5.14.0-427.37.1.el9_4.x86_64  CompilerName: GCC  CompilerVersion: 8.4.0
ProgramName: mris_ca_label  ProgramArguments: mris_ca_label -all-info  ProgramVersion: 7.3.2  TimeStamp: 2026/03/11-13:23:22-GMT  BuildTime: Aug  4 2022 06:17:15  BuildStamp: freesurfer-linux-ubuntu22_x86_64-7.3.2-20220804-6354275  User: oesteban  Machine: dna043  Platform: Linux  PlatformVersion: 5.14.0-427.37.1.el9_4.x86_64  CompilerName: GCC  CompilerVersion: 8.4.0
ProgramName: mris_calc  ProgramArguments: mris_calc -all-info  ProgramVersion: 7.3.2  TimeStamp: 2026/03/11-13:23:22-GMT  BuildTime: Aug  4 2022 06:17:15  BuildStamp: freesurfer-linux-ubuntu22_x86_64-7.3.2-20220804-6354275  User: oesteban  Machine: dna043  Platform: Linux  PlatformVersion: 5.14.0-427.37.1.el9_4.x86_64  CompilerName: GCC  CompilerVersion: 8.4.0
ProgramName: mris_convert  ProgramArguments: mris_convert -all-info  ProgramVersion: 7.3.2  TimeStamp: 2026/03/11-13:23:22-GMT  BuildTime: Aug  4 2022 06:17:15  BuildStamp: freesurfer-linux-ubuntu22_x86_64-7.3.2-20220804-6354275  User: oesteban  Machine: dna043  Platform: Linux  PlatformVersion: 5.14.0-427.37.1.el9_4.x86_64  CompilerName: GCC  CompilerVersion: 8.4.0
ProgramName: mris_curvature  ProgramArguments: mris_curvature -all-info  ProgramVersion: 7.3.2  TimeStamp: 2026/03/11-13:23:22-GMT  BuildTime: Aug  4 2022 06:17:15  BuildStamp: freesurfer-linux-ubuntu22_x86_64-7.3.2-20220804-6354275  User: oesteban  Machine: dna043  Platform: Linux  PlatformVersion: 5.14.0-427.37.1.el9_4.x86_64  CompilerName: GCC  CompilerVersion: 8.4.0
ProgramName: mris_curvature_stats  ProgramArguments: mris_curvature_stats -all-info  ProgramVersion: 7.3.2  TimeStamp: 2026/03/11-13:23:22-GMT  BuildTime: Aug  4 2022 06:17:15  BuildStamp: freesurfer-linux-ubuntu22_x86_64-7.3.2-20220804-6354275  User: oesteban  Machine: dna043  Platform: Linux  PlatformVersion: 5.14.0-427.37.1.el9_4.x86_64  CompilerName: GCC  CompilerVersion: 8.4.0
ProgramName: mris_diff  ProgramArguments: mris_diff -all-info  ProgramVersion: 7.3.2  TimeStamp: 2026/03/11-13:23:22-GMT  BuildTime: Aug  4 2022 06:17:15  BuildStamp: freesurfer-linux-ubuntu22_x86_64-7.3.2-20220804-6354275  User: oesteban  Machine: dna043  Platform: Linux  PlatformVersion: 5.14.0-427.37.1.el9_4.x86_64  CompilerName: GCC  CompilerVersion: 8.4.0
ProgramName: mris_divide_parcellation  ProgramArguments: mris_divide_parcellation -all-info  ProgramVersion: 7.3.2  TimeStamp: 2026/03/11-13:23:22-GMT  BuildTime: Aug  4 2022 06:17:15  BuildStamp: freesurfer-linux-ubuntu22_x86_64-7.3.2-20220804-6354275  User: oesteban  Machine: dna043  Platform: Linux  PlatformVersion: 5.14.0-427.37.1.el9_4.x86_64  CompilerName: GCC  CompilerVersion: 8.4.0
ProgramName: mri_segment  ProgramArguments: mri_segment -all-info  ProgramVersion: 7.3.2  TimeStamp: 2026/03/11-13:23:22-GMT  BuildTime: Aug  4 2022 06:17:15  BuildStamp: freesurfer-linux-ubuntu22_x86_64-7.3.2-20220804-6354275  User: oesteban  Machine: dna043  Platform: Linux  PlatformVersion: 5.14.0-427.37.1.el9_4.x86_64  CompilerName: GCC  CompilerVersion: 8.4.0
ProgramName: mri_segstats  ProgramArguments: mri_segstats -all-info  ProgramVersion: 7.3.2  TimeStamp: 2026/03/11-13:23:22-GMT  BuildTime: Aug  4 2022 06:17:15  BuildStamp: freesurfer-linux-ubuntu22_x86_64-7.3.2-20220804-6354275  User: oesteban  Machine: dna043  Platform: Linux  PlatformVersion: 5.14.0-427.37.1.el9_4.x86_64  CompilerName: GCC  CompilerVersion: 8.4.0
ProgramName: mris_euler_number  ProgramArguments: mris_euler_number -all-info  ProgramVersion: 7.3.2  TimeStamp: 2026/03/11-13:23:22-GMT  BuildTime: Aug  4 2022 06:17:15  BuildStamp: freesurfer-linux-ubuntu22_x86_64-7.3.2-20220804-6354275  User: oesteban  Machine: dna043  Platform: Linux  PlatformVersion: 5.14.0-427.37.1.el9_4.x86_64  CompilerName: GCC  CompilerVersion: 8.4.0
ProgramName: mris_fix_topology  ProgramArguments: mris_fix_topology -all-info  ProgramVersion: 7.3.2  TimeStamp: 2026/03/11-13:23:22-GMT  BuildTime: Aug  4 2022 06:17:15  BuildStamp: freesurfer-linux-ubuntu22_x86_64-7.3.2-20220804-6354275  User: oesteban  Machine: dna043  Platform: Linux  PlatformVersion: 5.14.0-427.37.1.el9_4.x86_64  CompilerName: GCC  CompilerVersion: 8.4.0
ProgramName: mris_topo_fixer  ProgramArguments: mris_topo_fixer -all-info  ProgramVersion: 7.3.2  TimeStamp: 2026/03/11-13:23:22-GMT  BuildTime: Aug  4 2022 06:17:15  BuildStamp: freesurfer-linux-ubuntu22_x86_64-7.3.2-20220804-6354275  User: oesteban  Machine: dna043  Platform: Linux  PlatformVersion: 5.14.0-427.37.1.el9_4.x86_64  CompilerName: GCC  CompilerVersion: 8.4.0
ProgramName: mris_jacobian  ProgramArguments: mris_jacobian -all-info  ProgramVersion: 7.3.2  TimeStamp: 2026/03/11-13:23:22-GMT  BuildTime: Aug  4 2022 06:17:15  BuildStamp: freesurfer-linux-ubuntu22_x86_64-7.3.2-20220804-6354275  User: oesteban  Machine: dna043  Platform: Linux  PlatformVersion: 5.14.0-427.37.1.el9_4.x86_64  CompilerName: GCC  CompilerVersion: 8.4.0
ProgramName: mris_label2annot  ProgramArguments: mris_label2annot -all-info  ProgramVersion: 7.3.2  TimeStamp: 2026/03/11-13:23:22-GMT  BuildTime: Aug  4 2022 06:17:15  BuildStamp: freesurfer-linux-ubuntu22_x86_64-7.3.2-20220804-6354275  User: oesteban  Machine: dna043  Platform: Linux  PlatformVersion: 5.14.0-427.37.1.el9_4.x86_64  CompilerName: GCC  CompilerVersion: 8.4.0
ProgramName: mris_left_right_register  ProgramArguments: mris_left_right_register -all-info  ProgramVersion: 7.3.2  TimeStamp: 2026/03/11-13:23:22-GMT  BuildTime: Aug  4 2022 06:17:15  BuildStamp: freesurfer-linux-ubuntu22_x86_64-7.3.2-20220804-6354275  User: oesteban  Machine: dna043  Platform: Linux  PlatformVersion: 5.14.0-427.37.1.el9_4.x86_64  CompilerName: GCC  CompilerVersion: 8.4.0
ProgramName: mris_place_surface  ProgramArguments: mris_place_surface -all-info  ProgramVersion: 7.3.2  TimeStamp: 2026/03/11-13:23:22-GMT  BuildTime: Aug  4 2022 06:17:15  BuildStamp: freesurfer-linux-ubuntu22_x86_64-7.3.2-20220804-6354275  User: oesteban  Machine: dna043  Platform: Linux  PlatformVersion: 5.14.0-427.37.1.el9_4.x86_64  CompilerName: GCC  CompilerVersion: 8.4.0
ProgramName: mrisp_paint  ProgramArguments: mrisp_paint -all-info  ProgramVersion: 7.3.2  TimeStamp: 2026/03/11-13:23:22-GMT  BuildTime: Aug  4 2022 06:17:15  BuildStamp: freesurfer-linux-ubuntu22_x86_64-7.3.2-20220804-6354275  User: oesteban  Machine: dna043  Platform: Linux  PlatformVersion: 5.14.0-427.37.1.el9_4.x86_64  CompilerName: GCC  CompilerVersion: 8.4.0
ProgramName: mris_register  ProgramArguments: mris_register -all-info  ProgramVersion: 7.3.2  TimeStamp: 2026/03/11-13:23:22-GMT  BuildTime: Aug  4 2022 06:17:15  BuildStamp: freesurfer-linux-ubuntu22_x86_64-7.3.2-20220804-6354275  User: oesteban  Machine: dna043  Platform: Linux  PlatformVersion: 5.14.0-427.37.1.el9_4.x86_64  CompilerName: GCC  CompilerVersion: 8.4.0
ProgramName: mris_smooth  ProgramArguments: mris_smooth -all-info  ProgramVersion: 7.3.2  TimeStamp: 2026/03/11-13:23:22-GMT  BuildTime: Aug  4 2022 06:17:15  BuildStamp: freesurfer-linux-ubuntu22_x86_64-7.3.2-20220804-6354275  User: oesteban  Machine: dna043  Platform: Linux  PlatformVersion: 5.14.0-427.37.1.el9_4.x86_64  CompilerName: GCC  CompilerVersion: 8.4.0
ProgramName: mris_sphere  ProgramArguments: mris_sphere -all-info  ProgramVersion: 7.3.2  TimeStamp: 2026/03/11-13:23:22-GMT  BuildTime: Aug  4 2022 06:17:15  BuildStamp: freesurfer-linux-ubuntu22_x86_64-7.3.2-20220804-6354275  User: oesteban  Machine: dna043  Platform: Linux  PlatformVersion: 5.14.0-427.37.1.el9_4.x86_64  CompilerName: GCC  CompilerVersion: 8.4.0
ProgramName: mris_surface_stats  ProgramArguments: mris_surface_stats -all-info  ProgramVersion: 7.3.2  TimeStamp: 2026/03/11-13:23:22-GMT  BuildTime: Aug  4 2022 06:17:15  BuildStamp: freesurfer-linux-ubuntu22_x86_64-7.3.2-20220804-6354275  User: oesteban  Machine: dna043  Platform: Linux  PlatformVersion: 5.14.0-427.37.1.el9_4.x86_64  CompilerName: GCC  CompilerVersion: 8.4.0
ProgramName: mri_stats2seg  ProgramArguments: mri_stats2seg -all-info  ProgramVersion: 7.3.2  TimeStamp: 2026/03/11-13:23:22-GMT  BuildTime: Aug  4 2022 06:17:15  BuildStamp: freesurfer-linux-ubuntu22_x86_64-7.3.2-20220804-6354275  User: oesteban  Machine: dna043  Platform: Linux  PlatformVersion: 5.14.0-427.37.1.el9_4.x86_64  CompilerName: GCC  CompilerVersion: 8.4.0
ProgramName: mris_thickness  ProgramArguments: mris_thickness -all-info  ProgramVersion: 7.3.2  TimeStamp: 2026/03/11-13:23:22-GMT  BuildTime: Aug  4 2022 06:17:15  BuildStamp: freesurfer-linux-ubuntu22_x86_64-7.3.2-20220804-6354275  User: oesteban  Machine: dna043  Platform: Linux  PlatformVersion: 5.14.0-427.37.1.el9_4.x86_64  CompilerName: GCC  CompilerVersion: 8.4.0
ProgramName: mris_thickness_diff  ProgramArguments: mris_thickness_diff -all-info  ProgramVersion: 7.3.2  TimeStamp: 2026/03/11-13:23:22-GMT  BuildTime: Aug  4 2022 06:17:15  BuildStamp: freesurfer-linux-ubuntu22_x86_64-7.3.2-20220804-6354275  User: oesteban  Machine: dna043  Platform: Linux  PlatformVersion: 5.14.0-427.37.1.el9_4.x86_64  CompilerName: GCC  CompilerVersion: 8.4.0
ProgramName: mris_topo_fixer  ProgramArguments: mris_topo_fixer -all-info  ProgramVersion: 7.3.2  TimeStamp: 2026/03/11-13:23:22-GMT  BuildTime: Aug  4 2022 06:17:15  BuildStamp: freesurfer-linux-ubuntu22_x86_64-7.3.2-20220804-6354275  User: oesteban  Machine: dna043  Platform: Linux  PlatformVersion: 5.14.0-427.37.1.el9_4.x86_64  CompilerName: GCC  CompilerVersion: 8.4.0
ProgramName: mri_surf2surf  ProgramArguments: mri_surf2surf -all-info  ProgramVersion: 7.3.2  TimeStamp: 2026/03/11-13:23:22-GMT  BuildTime: Aug  4 2022 06:17:15  BuildStamp: freesurfer-linux-ubuntu22_x86_64-7.3.2-20220804-6354275  User: oesteban  Machine: dna043  Platform: Linux  PlatformVersion: 5.14.0-427.37.1.el9_4.x86_64  CompilerName: GCC  CompilerVersion: 8.4.0
ProgramName: mri_surf2vol  ProgramArguments: mri_surf2vol -all-info  ProgramVersion: 7.3.2  TimeStamp: 2026/03/11-13:23:22-GMT  BuildTime: Aug  4 2022 06:17:15  BuildStamp: freesurfer-linux-ubuntu22_x86_64-7.3.2-20220804-6354275  User: oesteban  Machine: dna043  Platform: Linux  PlatformVersion: 5.14.0-427.37.1.el9_4.x86_64  CompilerName: GCC  CompilerVersion: 8.4.0
ProgramName: mri_surfcluster  ProgramArguments: mri_surfcluster -all-info  ProgramVersion: 7.3.2  TimeStamp: 2026/03/11-13:23:22-GMT  BuildTime: Aug  4 2022 06:17:15  BuildStamp: freesurfer-linux-ubuntu22_x86_64-7.3.2-20220804-6354275  User: oesteban  Machine: dna043  Platform: Linux  PlatformVersion: 5.14.0-427.37.1.el9_4.x86_64  CompilerName: GCC  CompilerVersion: 8.4.0
ProgramName: mris_volmask  ProgramArguments: mris_volmask -all-info  ProgramVersion: 7.3.2  TimeStamp: 2026/03/11-13:23:22-GMT  BuildTime: Aug  4 2022 06:17:15  BuildStamp: freesurfer-linux-ubuntu22_x86_64-7.3.2-20220804-6354275  User: oesteban  Machine: dna043  Platform: Linux  PlatformVersion: 5.14.0-427.37.1.el9_4.x86_64  CompilerName: GCC  CompilerVersion: 8.4.0
ProgramName: mri_tessellate  ProgramArguments: mri_tessellate -all-info  ProgramVersion: 7.3.2  TimeStamp: 2026/03/11-13:23:22-GMT  BuildTime: Aug  4 2022 06:17:15  BuildStamp: freesurfer-linux-ubuntu22_x86_64-7.3.2-20220804-6354275  User: oesteban  Machine: dna043  Platform: Linux  PlatformVersion: 5.14.0-427.37.1.el9_4.x86_64  CompilerName: GCC  CompilerVersion: 8.4.0
ProgramName: mri_vol2surf  ProgramArguments: mri_vol2surf -all-info  ProgramVersion: 7.3.2  TimeStamp: 2026/03/11-13:23:22-GMT  BuildTime: Aug  4 2022 06:17:15  BuildStamp: freesurfer-linux-ubuntu22_x86_64-7.3.2-20220804-6354275  User: oesteban  Machine: dna043  Platform: Linux  PlatformVersion: 5.14.0-427.37.1.el9_4.x86_64  CompilerName: GCC  CompilerVersion: 8.4.0
ProgramName: mri_vol2vol  ProgramArguments: mri_vol2vol -all-info  ProgramVersion: 7.3.2  TimeStamp: 2026/03/11-13:23:22-GMT  BuildTime: Aug  4 2022 06:17:15  BuildStamp: freesurfer-linux-ubuntu22_x86_64-7.3.2-20220804-6354275  User: oesteban  Machine: dna043  Platform: Linux  PlatformVersion: 5.14.0-427.37.1.el9_4.x86_64  CompilerName: GCC  CompilerVersion: 8.4.0
ProgramName: mri_voldiff  ProgramArguments: mri_voldiff -all-info  ProgramVersion: 7.3.2  TimeStamp: 2026/03/11-13:23:22-GMT  BuildTime: Aug  4 2022 06:17:15  BuildStamp: freesurfer-linux-ubuntu22_x86_64-7.3.2-20220804-6354275  User: oesteban  Machine: dna043  Platform: Linux  PlatformVersion: 5.14.0-427.37.1.el9_4.x86_64  CompilerName: GCC  CompilerVersion: 8.4.0
ProgramName: mri_watershed  ProgramArguments: mri_watershed -all-info  ProgramVersion: 7.3.2  TimeStamp: 2026/03/11-13:23:22-GMT  BuildTime: Aug  4 2022 06:17:15  BuildStamp: freesurfer-linux-ubuntu22_x86_64-7.3.2-20220804-6354275  User: oesteban  Machine: dna043  Platform: Linux  PlatformVersion: 5.14.0-427.37.1.el9_4.x86_64  CompilerName: GCC  CompilerVersion: 8.4.0
ProgramName: tkregister2  ProgramArguments: tkregister2_cmdl -all-info  ProgramVersion: 7.3.2  TimeStamp: 2026/03/11-13:23:22-GMT  BuildTime: Aug  4 2022 06:17:15  BuildStamp: freesurfer-linux-ubuntu22_x86_64-7.3.2-20220804-6354275  User: oesteban  Machine: dna043  Platform: Linux  PlatformVersion: 5.14.0-427.37.1.el9_4.x86_64  CompilerName: GCC  CompilerVersion: 8.4.0
mri_motion_correct.fsl 7.3.2
mri_convert -all-info 
ProgramName: mri_convert  ProgramArguments: mri_convert -all-info  ProgramVersion: 7.3.2  TimeStamp: 2026/03/11-13:23:22-GMT  BuildTime: Aug  4 2022 06:17:15  BuildStamp: freesurfer-linux-ubuntu22_x86_64-7.3.2-20220804-6354275  User: oesteban  Machine: dna043  Platform: Linux  PlatformVersion: 5.14.0-427.37.1.el9_4.x86_64  CompilerName: GCC  CompilerVersion: 8.4.0
Program nu_correct, built from:
Package MNI N3, version 1.12.0, compiled by nicks@terrier (x86_64-unknown-linux-gnu) on 2015-06-19 at 01:25:34
#######################################
GCADIR /opt/freesurfer/average
GCA RB_all_2020-01-02.gca
GCASkull RB_all_withskull_2020_01_02.gca
AvgCurvTif folding.atlas.acfb40.noaparc.i12.2016-08-02.tif
GCSDIR /opt/freesurfer/average
GCS DKaparc.atlas.acfb40.noaparc.i12.2016-08-02.gcs
#######################################
#--------------------------------------------
#@# WhiteSurfs lh Wed Mar 11 14:23:22 CET 2026
cd /out/sourcedata/freesurfer/sub-v2s16x51312_ses-1/mri
mris_place_surface --adgws-in ../surf/autodet.gw.stats.lh.dat --seg aseg.presurf.mgz --threads 16 --wm wm.mgz --invol brain.finalsurfs.mgz --lh --i ../surf/lh.white.preaparc --o ../surf/lh.white --white --nsmooth 0 --rip-label ../label/lh.cortex.label --rip-bg --rip-surf ../surf/lh.white.preaparc --aparc ../label/lh.aparc.annot
   Update not needed
#--------------------------------------------
#@# WhiteSurfs rh Wed Mar 11 14:23:22 CET 2026
cd /out/sourcedata/freesurfer/sub-v2s16x51312_ses-1/mri
mris_place_surface --adgws-in ../surf/autodet.gw.stats.rh.dat --seg aseg.presurf.mgz --threads 16 --wm wm.mgz --invol brain.finalsurfs.mgz --rh --i ../surf/rh.white.preaparc --o ../surf/rh.white --white --nsmooth 0 --rip-label ../label/rh.cortex.label --rip-bg --rip-surf ../surf/rh.white.preaparc --aparc ../label/rh.aparc.annot
   Update not needed
#@# white curv lh Wed Mar 11 14:23:22 CET 2026
cd /out/sourcedata/freesurfer/sub-v2s16x51312_ses-1/mri
mris_place_surface --curv-map ../surf/lh.white 2 10 ../surf/lh.curv
   Update not needed
#@# white area lh Wed Mar 11 14:23:22 CET 2026
cd /out/sourcedata/freesurfer/sub-v2s16x51312_ses-1/mri
mris_place_surface --area-map ../surf/lh.white ../surf/lh.area
   Update not needed
#@# pial curv lh Wed Mar 11 14:23:22 CET 2026
cd /out/sourcedata/freesurfer/sub-v2s16x51312_ses-1/mri
mris_place_surface --curv-map ../surf/lh.pial 2 10 ../surf/lh.curv.pial
   Update not needed
#@# pial area lh Wed Mar 11 14:23:22 CET 2026
cd /out/sourcedata/freesurfer/sub-v2s16x51312_ses-1/mri
mris_place_surface --area-map ../surf/lh.pial ../surf/lh.area.pial
   Update not needed
#@# thickness lh Wed Mar 11 14:23:22 CET 2026
cd /out/sourcedata/freesurfer/sub-v2s16x51312_ses-1/mri
mris_place_surface --thickness ../surf/lh.white ../surf/lh.pial 20 5 ../surf/lh.thickness
   Update not needed
#@# area and vertex vol lh Wed Mar 11 14:23:22 CET 2026
cd /out/sourcedata/freesurfer/sub-v2s16x51312_ses-1/mri
mris_place_surface --thickness ../surf/lh.white ../surf/lh.pial 20 5 ../surf/lh.thickness
   Update not needed
#@# white curv rh Wed Mar 11 14:23:22 CET 2026
cd /out/sourcedata/freesurfer/sub-v2s16x51312_ses-1/mri
mris_place_surface --curv-map ../surf/rh.white 2 10 ../surf/rh.curv
   Update not needed
#@# white area rh Wed Mar 11 14:23:22 CET 2026
cd /out/sourcedata/freesurfer/sub-v2s16x51312_ses-1/mri
mris_place_surface --area-map ../surf/rh.white ../surf/rh.area
   Update not needed
#@# pial curv rh Wed Mar 11 14:23:22 CET 2026
cd /out/sourcedata/freesurfer/sub-v2s16x51312_ses-1/mri
mris_place_surface --curv-map ../surf/rh.pial 2 10 ../surf/rh.curv.pial
   Update not needed
#@# pial area rh Wed Mar 11 14:23:22 CET 2026
cd /out/sourcedata/freesurfer/sub-v2s16x51312_ses-1/mri
mris_place_surface --area-map ../surf/rh.pial ../surf/rh.area.pial
   Update not needed
#@# thickness rh Wed Mar 11 14:23:22 CET 2026
cd /out/sourcedata/freesurfer/sub-v2s16x51312_ses-1/mri
mris_place_surface --thickness ../surf/rh.white ../surf/rh.pial 20 5 ../surf/rh.thickness
   Update not needed
#@# area and vertex vol rh Wed Mar 11 14:23:22 CET 2026
cd /out/sourcedata/freesurfer/sub-v2s16x51312_ses-1/mri
mris_place_surface --thickness ../surf/rh.white ../surf/rh.pial 20 5 ../surf/rh.thickness
   Update not needed

#-----------------------------------------
#@# Curvature Stats lh Wed Mar 11 14:23:22 CET 2026
/out/sourcedata/freesurfer/sub-v2s16x51312_ses-1/surf

 mris_curvature_stats -m --writeCurvatureFiles -G -o ../stats/lh.curv.stats -F smoothwm sub-v2s16x51312_ses-1 lh curv sulc 

             Toggling save flag on curvature files                       [ ok ]
                 Outputting results using filestem   [ ../stats/lh.curv.stats ]
             Toggling save flag on curvature files                       [ ok ]
                                   Setting surface [ sub-v2s16x51312_ses-1/lh.smoothwm ]
                                Reading surface...                       [ ok ]
                                   Setting texture                     [ curv ]
                                Reading texture...                       [ ok ]
                                   Setting texture                     [ sulc ]
                                Reading texture...Gb_filter = 0
                       [ ok ]
      Calculating Discrete Principal Curvatures...
      Determining geometric order for vno faces... [####################] [ ok ]
                      Determining KH curvatures... [####################] [ ok ]
                    Determining k1k2 curvatures... [####################] [ ok ]
                                   deltaViolations                      [ 223 ]
Gb_filter = 0

WARN:    S lookup   min:                          -0.020619
WARN:    S explicit min:                          0.000000	vertex = 461

#-----------------------------------------
#@# Curvature Stats rh Wed Mar 11 14:23:24 CET 2026
/out/sourcedata/freesurfer/sub-v2s16x51312_ses-1/surf

 mris_curvature_stats -m --writeCurvatureFiles -G -o ../stats/rh.curv.stats -F smoothwm sub-v2s16x51312_ses-1 rh curv sulc 

             Toggling save flag on curvature files                       [ ok ]
                 Outputting results using filestem   [ ../stats/rh.curv.stats ]
             Toggling save flag on curvature files                       [ ok ]
                                   Setting surface [ sub-v2s16x51312_ses-1/rh.smoothwm ]
                                Reading surface...                       [ ok ]
                                   Setting texture                     [ curv ]
                                Reading texture...                       [ ok ]
                                   Setting texture                     [ sulc ]
                                Reading texture...Gb_filter = 0
                       [ ok ]
      Calculating Discrete Principal Curvatures...
      Determining geometric order for vno faces... [####################] [ ok ]
                      Determining KH curvatures... [####################] [ ok ]
                    Determining k1k2 curvatures... [####################] [ ok ]
                                   deltaViolations                      [ 196 ]
Gb_filter = 0

WARN:    S lookup   min:                          -0.000968
WARN:    S explicit min:                          0.000000	vertex = 1269
#-----------------------------------------
#@# Relabel Hypointensities Wed Mar 11 14:23:25 CET 2026
/out/sourcedata/freesurfer/sub-v2s16x51312_ses-1/mri

 mri_relabel_hypointensities aseg.presurf.mgz ../surf aseg.presurf.hypos.mgz 

reading input surface ../surf/lh.white...
relabeling lh hypointensities...
2410 voxels changed to hypointensity...
reading input surface ../surf/rh.white...
relabeling rh hypointensities...
3419 voxels changed to hypointensity...
6059 hypointense voxels neighboring cortex changed
#-----------------------------------------
#@# APas-to-ASeg Wed Mar 11 14:23:39 CET 2026
/out/sourcedata/freesurfer/sub-v2s16x51312_ses-1/mri

 mri_surf2volseg --o aseg.mgz --i aseg.presurf.hypos.mgz --fix-presurf-with-ribbon /out/sourcedata/freesurfer/sub-v2s16x51312_ses-1/mri/ribbon.mgz --threads 16 --lh-cortex-mask /out/sourcedata/freesurfer/sub-v2s16x51312_ses-1/label/lh.cortex.label --lh-white /out/sourcedata/freesurfer/sub-v2s16x51312_ses-1/surf/lh.white --lh-pial /out/sourcedata/freesurfer/sub-v2s16x51312_ses-1/surf/lh.pial --rh-cortex-mask /out/sourcedata/freesurfer/sub-v2s16x51312_ses-1/label/rh.cortex.label --rh-white /out/sourcedata/freesurfer/sub-v2s16x51312_ses-1/surf/rh.white --rh-pial /out/sourcedata/freesurfer/sub-v2s16x51312_ses-1/surf/rh.pial 

SUBJECTS_DIR /out/sourcedata/freesurfer
outvol aseg.mgz
16 avail.processors, using 16
Loading aseg.presurf.hypos.mgz
Loading /out/sourcedata/freesurfer/sub-v2s16x51312_ses-1/mri/ribbon.mgz
Loading /out/sourcedata/freesurfer/sub-v2s16x51312_ses-1/surf/lh.white
Loading /out/sourcedata/freesurfer/sub-v2s16x51312_ses-1/surf/lh.pial
Loading /out/sourcedata/freesurfer/sub-v2s16x51312_ses-1/label/lh.cortex.label
Loading /out/sourcedata/freesurfer/sub-v2s16x51312_ses-1/surf/rh.white
Loading /out/sourcedata/freesurfer/sub-v2s16x51312_ses-1/surf/rh.pial
Loading /out/sourcedata/freesurfer/sub-v2s16x51312_ses-1/label/rh.cortex.label
Done loading
  0  80 160 144  16 176  32  96 224  64  48 112 128 208 192 240 225  33 209  17  49   1 241 193  65  34  18 226 210  81  50   2 242 177  97 161  66 194  35 227 211  19 
  3 243  51 113 145  67  36 228 212 195 129   4 178 244  82  20  52  98 162  37 229 213  68   5 245  21 196  53  38 230 214   6 246  22  69 179 
 83 197  54  39 
231 215 146  99 
247  23 163   7  70 130  55 198  40 232 216 248 180  24   8  84 114  56 199 
 71  41 217 233 249  25 164   9 100 147  57 200 234 218  42 250 181  26  72  85  10  58 201 235 219 
 43 251  27 131 165  59 
182 236  11 220 202  44 252 148  28  73  60 101 237 221  86  45 203 253  12  29 183 115  61 238  46 222 254 204 166  13  74  30 149 239 
223 255 205  14  62  47  31 132  87 184 206  75  15  63 102 167 150 207  88 185  76 133 116 168 186 103 151  89  77 187 169 134  78 104 188  90 117 170 152  79 
189 105 135 171  91 190 191 172 153  92 118 106 136 173  93 154 107 174 137  94 119 
155 108 175  95 156 138 109 120 157 110 158 139 
121 159 
111 122 140 123 141 124 142 125 143 126 127 
nrelabeled = 156433
ndotcheck = 0
Starting Surf2VolSeg free
free done
#VMPC# mri_surf2volseg VmPeak  1879228
mri_surf2volseg done

 mri_brainvol_stats sub-v2s16x51312_ses-1 

ComputeBrainVolumeStats2 VoxelVol=1, KeepCSF=1
  #CBVS2 MaskVol              1492854.0
  #CBVS2 BrainSegVol          1127782.0
  #CBVS2 BrainSegVolNotVent   1097161.0
  #CBVS2 SupraTentVol         1002977.0
  #CBVS2 SupraTentVolNotVent   972356.0
  #CBVS2 lhCtxGM               239991.3
  #CBVS2 rhCtxGM               233430.2
  #CBVS2 lhCerebralWM          220585.5
  #CBVS2 rhCerebralWM          216506.5
  #CBVS2 SubCortGMVol           62167.0
  #CBVS2 CerebellumVol         124805.0
  #CBVS2 CerebellumGMVol       102617.0
  #CBVS2 VentChorVol            25962.0
  #CBVS2 3rd4th5thCSF            4659.0
  #CBVS2 AllCSF                 30621.0
  #CBVS2 CCVol                   3177.0
#-----------------------------------------
#@# AParc-to-ASeg aparc Wed Mar 11 14:23:45 CET 2026
/out/sourcedata/freesurfer/sub-v2s16x51312_ses-1/mri

 mri_surf2volseg --o aparc+aseg.mgz --label-cortex --i aseg.mgz --threads 16 --lh-annot /out/sourcedata/freesurfer/sub-v2s16x51312_ses-1/label/lh.aparc.annot 1000 --lh-cortex-mask /out/sourcedata/freesurfer/sub-v2s16x51312_ses-1/label/lh.cortex.label --lh-white /out/sourcedata/freesurfer/sub-v2s16x51312_ses-1/surf/lh.white --lh-pial /out/sourcedata/freesurfer/sub-v2s16x51312_ses-1/surf/lh.pial --rh-annot /out/sourcedata/freesurfer/sub-v2s16x51312_ses-1/label/rh.aparc.annot 2000 --rh-cortex-mask /out/sourcedata/freesurfer/sub-v2s16x51312_ses-1/label/rh.cortex.label --rh-white /out/sourcedata/freesurfer/sub-v2s16x51312_ses-1/surf/rh.white --rh-pial /out/sourcedata/freesurfer/sub-v2s16x51312_ses-1/surf/rh.pial 

SUBJECTS_DIR /out/sourcedata/freesurfer
outvol aparc+aseg.mgz
16 avail.processors, using 16
Loading aseg.mgz
Loading /out/sourcedata/freesurfer/sub-v2s16x51312_ses-1/surf/lh.white
Loading /out/sourcedata/freesurfer/sub-v2s16x51312_ses-1/surf/lh.pial
Loading /out/sourcedata/freesurfer/sub-v2s16x51312_ses-1/label/lh.cortex.label
Ripping lh vertices labeled not in lh.cortex.label
  ripped 8426 vertices from lh hemi
Loading /out/sourcedata/freesurfer/sub-v2s16x51312_ses-1/label/lh.aparc.annot
Loading /out/sourcedata/freesurfer/sub-v2s16x51312_ses-1/surf/rh.white
Loading /out/sourcedata/freesurfer/sub-v2s16x51312_ses-1/surf/rh.pial
Loading /out/sourcedata/freesurfer/sub-v2s16x51312_ses-1/label/rh.cortex.label
Ripping rh vertices labeled not in rh.cortex.label
  ripped 8201 vertices from rh hemi
Loading /out/sourcedata/freesurfer/sub-v2s16x51312_ses-1/label/rh.aparc.annot
Done loading
112 128 144  80 192 224 176 208  96   0  32  64 160  48 240  16  33  17 241 225 209  49   1  34 226  18  50   2 210 242 227  35  19 
211  51   3 243 228  36  20 212  52   4 244 229  37 213  21  53   5 245 230  38 214  22  54   6 246 231  39 
215  23  55   7 247 232  40 216  24  56   8 248 233  41 217  25  57   9 249 234  42 218  26  58  10 250 235  43 219 
 27  59 
 11 251 236 220  44  28  60  12 252 237 221  45  29  13 253 238 222  46  30  14 254  61 239 
223  47  31  15 255  65  62  63 193  66 194 195 196 197 198 199 
200 201 202 203 204 205 206 207  67 145  97 129 161  81  68 113 177 146  69 130  98 162  82 178 114  70 147 131  71  99 
 83 163 148 179 
115  72 132 100 149  84 180 164 116 133  73 150 101  85 134 181  74 165 117 151 102 135  86 182  75 152 166 118 103 136  87  76 183 153 119 
137 104 167  88 184 154  77 138 105 120 185 168 155 139 
 89  78 186 106 121 156 140 187 169  79 
 90 157 107 122 141 188 189 158 142 170 108 123  91 190 143 159 
191 109 124 171  92 110 125 172  93 126 111  94 173 127 174  95 175 
nrelabeled = 473058
ndotcheck = 22669
Starting Surf2VolSeg free
free done
#VMPC# mri_surf2volseg VmPeak  1863336
mri_surf2volseg done
#-----------------------------------------
#@# AParc-to-ASeg aparc.a2009s Wed Mar 11 14:24:04 CET 2026
/out/sourcedata/freesurfer/sub-v2s16x51312_ses-1/mri

 mri_surf2volseg --o aparc.a2009s+aseg.mgz --label-cortex --i aseg.mgz --threads 16 --lh-annot /out/sourcedata/freesurfer/sub-v2s16x51312_ses-1/label/lh.aparc.a2009s.annot 11100 --lh-cortex-mask /out/sourcedata/freesurfer/sub-v2s16x51312_ses-1/label/lh.cortex.label --lh-white /out/sourcedata/freesurfer/sub-v2s16x51312_ses-1/surf/lh.white --lh-pial /out/sourcedata/freesurfer/sub-v2s16x51312_ses-1/surf/lh.pial --rh-annot /out/sourcedata/freesurfer/sub-v2s16x51312_ses-1/label/rh.aparc.a2009s.annot 12100 --rh-cortex-mask /out/sourcedata/freesurfer/sub-v2s16x51312_ses-1/label/rh.cortex.label --rh-white /out/sourcedata/freesurfer/sub-v2s16x51312_ses-1/surf/rh.white --rh-pial /out/sourcedata/freesurfer/sub-v2s16x51312_ses-1/surf/rh.pial 

SUBJECTS_DIR /out/sourcedata/freesurfer
outvol aparc.a2009s+aseg.mgz
16 avail.processors, using 16
Loading aseg.mgz
Loading /out/sourcedata/freesurfer/sub-v2s16x51312_ses-1/surf/lh.white
Loading /out/sourcedata/freesurfer/sub-v2s16x51312_ses-1/surf/lh.pial
Loading /out/sourcedata/freesurfer/sub-v2s16x51312_ses-1/label/lh.cortex.label
Ripping lh vertices labeled not in lh.cortex.label
  ripped 8426 vertices from lh hemi
Loading /out/sourcedata/freesurfer/sub-v2s16x51312_ses-1/label/lh.aparc.a2009s.annot
Loading /out/sourcedata/freesurfer/sub-v2s16x51312_ses-1/surf/rh.white
Loading /out/sourcedata/freesurfer/sub-v2s16x51312_ses-1/surf/rh.pial
Loading /out/sourcedata/freesurfer/sub-v2s16x51312_ses-1/label/rh.cortex.label
Ripping rh vertices labeled not in rh.cortex.label
  ripped 8201 vertices from rh hemi
Loading /out/sourcedata/freesurfer/sub-v2s16x51312_ses-1/label/rh.aparc.a2009s.annot
Done loading
144 160  64  16 128 208  32 192 224  80  48 112  96 176   0 240 241 209  49 225   1  33   2  17 242  50 210 226  34   3 243  18  51  35 227 211   4 244  19 
 52  36 228 212   5 245  20  53  37 229 213   6 246  21  54  38 230 214   7 247  22  55  39 
231 215   8 248  23  56  40 232 216   9 249  24  57  41 233 217  10 250  25  58  42 234 218  11 251  26  59 
 43 235 219 
 12 252  27  60  44 236 220  13 253  28  45 237 221  14 254  29  46 238 222  15 255  30  61  47 239 
223  31  65  62  63 193  66 194 195 196 197 198 199 
200 201 202 203 204 205 206 207  67 145  81 129 161 113  68 177  97 146  69  82 130 162 114 178  70 147  98  83 131  71 163 148 115 179 
 84  72 132  99 
149  85 116 164 180 133  73 150 100  86 134 181  74 165 117 151  87 135 101  75 182 152 118 166  88 136  76 102 183 153 119 
137  89 167  77 184 154 103 138 120  90 185 168 155 139 
 78 121 186 104  91 156 140 169 187  79 
157 122 141  92 105 188 158 142 189 170 123  93 190 143 159 
106 191 124 171  94 107 125  95 172 108 126 109 173 127 110 174 175 111 
nrelabeled = 473058
ndotcheck = 22669
Starting Surf2VolSeg free
free done
#VMPC# mri_surf2volseg VmPeak  2342780
mri_surf2volseg done
#-----------------------------------------
#@# AParc-to-ASeg aparc.DKTatlas Wed Mar 11 14:24:23 CET 2026
/out/sourcedata/freesurfer/sub-v2s16x51312_ses-1/mri

 mri_surf2volseg --o aparc.DKTatlas+aseg.mgz --label-cortex --i aseg.mgz --threads 16 --lh-annot /out/sourcedata/freesurfer/sub-v2s16x51312_ses-1/label/lh.aparc.DKTatlas.annot 1000 --lh-cortex-mask /out/sourcedata/freesurfer/sub-v2s16x51312_ses-1/label/lh.cortex.label --lh-white /out/sourcedata/freesurfer/sub-v2s16x51312_ses-1/surf/lh.white --lh-pial /out/sourcedata/freesurfer/sub-v2s16x51312_ses-1/surf/lh.pial --rh-annot /out/sourcedata/freesurfer/sub-v2s16x51312_ses-1/label/rh.aparc.DKTatlas.annot 2000 --rh-cortex-mask /out/sourcedata/freesurfer/sub-v2s16x51312_ses-1/label/rh.cortex.label --rh-white /out/sourcedata/freesurfer/sub-v2s16x51312_ses-1/surf/rh.white --rh-pial /out/sourcedata/freesurfer/sub-v2s16x51312_ses-1/surf/rh.pial 

SUBJECTS_DIR /out/sourcedata/freesurfer
outvol aparc.DKTatlas+aseg.mgz
16 avail.processors, using 16
Loading aseg.mgz
Loading /out/sourcedata/freesurfer/sub-v2s16x51312_ses-1/surf/lh.white
Loading /out/sourcedata/freesurfer/sub-v2s16x51312_ses-1/surf/lh.pial
Loading /out/sourcedata/freesurfer/sub-v2s16x51312_ses-1/label/lh.cortex.label
Ripping lh vertices labeled not in lh.cortex.label
  ripped 8426 vertices from lh hemi
Loading /out/sourcedata/freesurfer/sub-v2s16x51312_ses-1/label/lh.aparc.DKTatlas.annot
Loading /out/sourcedata/freesurfer/sub-v2s16x51312_ses-1/surf/rh.white
Loading /out/sourcedata/freesurfer/sub-v2s16x51312_ses-1/surf/rh.pial
Loading /out/sourcedata/freesurfer/sub-v2s16x51312_ses-1/label/rh.cortex.label
Ripping rh vertices labeled not in rh.cortex.label
  ripped 8201 vertices from rh hemi
Loading /out/sourcedata/freesurfer/sub-v2s16x51312_ses-1/label/rh.aparc.DKTatlas.annot
Done loading
  0 224 240  64 144 160  48 208  16 128 112 192  80  32 176  96 209  17   1 241 225  49  33 210  18   2 242 226  50  34 211  19 
  3 243 227  51  35 212  20   4 244 228  52  36 213  21   5 245 229  53  37 214  22   6 246 230  54  38 215  23   7 231 247  55  39 
216  24   8 232 248  56  40 217  25   9 233 249  57  41 218  26  10 250 234  58  42 219 
 27  11 251 235  59 
 43 220  28  12 236 252  60  44 221  29 237  13 253  45 222  30 238  14 254  46  61 223 239 
 31  15 255  47  65  62  63 193  66 194 195 196 197 198 199 
200 201 202 203 204 205 206 207  67 145 129 161 113  97  81  68 177 146  69 130  98 162 114  82 178  70 147 131  71  99 
163  83 148 115 179 
 72 132 149 100  84 180 116 164 133  73 150 101  85 134 181  74 165 117 151 102 135  86  75 182 152 118 166 136 103  76  87 183 153 119 
137 167 104 184  77 154  88 138 120 105 185 168 155 139 
 78 121  89 186 106 156 140 187 169  79 
157 122  90 107 141 188 189 158 142 170 123 108 190 143  91 159 
191 109 124 171  92 110 125 172  93 126 111 127 173  94 174  95 175 
nrelabeled = 473058
ndotcheck = 22669
Starting Surf2VolSeg free
free done
#VMPC# mri_surf2volseg VmPeak  2177252
mri_surf2volseg done
#-----------------------------------------
#@# WMParc Wed Mar 11 14:24:42 CET 2026
/out/sourcedata/freesurfer/sub-v2s16x51312_ses-1/mri

 mri_surf2volseg --o wmparc.mgz --label-wm --i aparc+aseg.mgz --threads 16 --lh-annot /out/sourcedata/freesurfer/sub-v2s16x51312_ses-1/label/lh.aparc.annot 3000 --lh-cortex-mask /out/sourcedata/freesurfer/sub-v2s16x51312_ses-1/label/lh.cortex.label --lh-white /out/sourcedata/freesurfer/sub-v2s16x51312_ses-1/surf/lh.white --lh-pial /out/sourcedata/freesurfer/sub-v2s16x51312_ses-1/surf/lh.pial --rh-annot /out/sourcedata/freesurfer/sub-v2s16x51312_ses-1/label/rh.aparc.annot 4000 --rh-cortex-mask /out/sourcedata/freesurfer/sub-v2s16x51312_ses-1/label/rh.cortex.label --rh-white /out/sourcedata/freesurfer/sub-v2s16x51312_ses-1/surf/rh.white --rh-pial /out/sourcedata/freesurfer/sub-v2s16x51312_ses-1/surf/rh.pial 

SUBJECTS_DIR /out/sourcedata/freesurfer
outvol wmparc.mgz
16 avail.processors, using 16
Loading aparc+aseg.mgz
Loading /out/sourcedata/freesurfer/sub-v2s16x51312_ses-1/surf/lh.white
Loading /out/sourcedata/freesurfer/sub-v2s16x51312_ses-1/surf/lh.pial
Loading /out/sourcedata/freesurfer/sub-v2s16x51312_ses-1/label/lh.cortex.label
Ripping lh vertices labeled not in lh.cortex.label
  ripped 8426 vertices from lh hemi
Loading /out/sourcedata/freesurfer/sub-v2s16x51312_ses-1/label/lh.aparc.annot
Loading /out/sourcedata/freesurfer/sub-v2s16x51312_ses-1/surf/rh.white
Loading /out/sourcedata/freesurfer/sub-v2s16x51312_ses-1/surf/rh.pial
Loading /out/sourcedata/freesurfer/sub-v2s16x51312_ses-1/label/rh.cortex.label
Ripping rh vertices labeled not in rh.cortex.label
  ripped 8201 vertices from rh hemi
Loading /out/sourcedata/freesurfer/sub-v2s16x51312_ses-1/label/rh.aparc.annot
Done loading
  0  32 112 240 176 160  48 128  80 192  96 144 224  16 208  64 225  33  17   1 241  49  65 193 209 226  34  18   2 242  50 194 210  66 227  35   3 243  19 
 51 195 211 228  36   4 244  20  52 196 212 229  37   5 245  21 197  53 213 230  38   6  67 246  22 198  54 214 231  39 
  7 247  23 199 
 55 215  40 232   8 248  24 200  56 216  68  41 233   9 249  25 201  57 217  42  10 250 234 202  26  58 218  43  11 251 235 203  27  59 
219 
 44  12 252 236 204  28  60 220  69  45  13 253 237 205  29  61 221  46  14 254 238 206  30  62 222  47  15 255 239 
207  31  63 223  70  81  71 177  72 129 161 145  73 113  82  97 178  74 130  75 162  83 179 
146  76 114 131  77  84 180  98 163  78 115 181  85  79 
132 147 182 164  99 
116  86 183 133 184 165 148 117 185  87 186 100 134 187 188 118 189  88 166 190 191 135 149 119 
 89 101 167 136  90 120 168 102 121 150 137  91 169 122 138 170  92 103 123 139 
171 151  93 124 172 140 104 173  94 125 141 152 174 126 142  95 175 127 105 143 153 106 154 107 155 108 156 109 157 110 158 111 159 

nrelabeled = 433915
ndotcheck = 3562
Starting Surf2VolSeg free
free done
#VMPC# mri_surf2volseg VmPeak  1863336
mri_surf2volseg done

 mri_segstats --seed 1234 --seg mri/wmparc.mgz --sum stats/wmparc.stats --pv mri/norm.mgz --excludeid 0 --brainmask mri/brainmask.mgz --in mri/norm.mgz --in-intensity-name norm --in-intensity-units MR --subject sub-v2s16x51312_ses-1 --surf-wm-vol --ctab /opt/freesurfer/WMParcStatsLUT.txt --etiv 

setting seed for random number genererator to 1234

7.3.2
cwd 
cmdline mri_segstats --seed 1234 --seg mri/wmparc.mgz --sum stats/wmparc.stats --pv mri/norm.mgz --excludeid 0 --brainmask mri/brainmask.mgz --in mri/norm.mgz --in-intensity-name norm --in-intensity-units MR --subject sub-v2s16x51312_ses-1 --surf-wm-vol --ctab /opt/freesurfer/WMParcStatsLUT.txt --etiv 
sysname  Linux
hostname dna043
machine  x86_64
user     oesteban
whitesurfname  white
UseRobust  0
atlas_icv (eTIV) = 1605817 mm^3    (det: 1.213155 )
Loading mri/wmparc.mgz
Getting Brain Volume Statistics
Loading mri/norm.mgz
Loading mri/norm.mgz
Voxel Volume is 1 mm^3
Generating list of segmentation ids
Found 390 segmentations
Computing statistics for each segmentation

Reporting on  70 segmentations
Using PrintSegStat
mri_segstats done
#--------------------------------------------
#@# ASeg Stats Wed Mar 11 14:28:05 CET 2026
/out/sourcedata/freesurfer/sub-v2s16x51312_ses-1

 mri_segstats --seed 1234 --seg mri/aseg.mgz --sum stats/aseg.stats --pv mri/norm.mgz --empty --brainmask mri/brainmask.mgz --brain-vol-from-seg --excludeid 0 --excl-ctxgmwm --supratent --subcortgray --in mri/norm.mgz --in-intensity-name norm --in-intensity-units MR --etiv --surf-wm-vol --surf-ctx-vol --totalgray --euler --ctab /opt/freesurfer/ASegStatsLUT.txt --subject sub-v2s16x51312_ses-1 

setting seed for random number genererator to 1234

7.3.2
cwd 
cmdline mri_segstats --seed 1234 --seg mri/aseg.mgz --sum stats/aseg.stats --pv mri/norm.mgz --empty --brainmask mri/brainmask.mgz --brain-vol-from-seg --excludeid 0 --excl-ctxgmwm --supratent --subcortgray --in mri/norm.mgz --in-intensity-name norm --in-intensity-units MR --etiv --surf-wm-vol --surf-ctx-vol --totalgray --euler --ctab /opt/freesurfer/ASegStatsLUT.txt --subject sub-v2s16x51312_ses-1 
sysname  Linux
hostname dna043
machine  x86_64
user     oesteban
whitesurfname  white
UseRobust  0
atlas_icv (eTIV) = 1605817 mm^3    (det: 1.213155 )
Computing euler number
orig.nofix lheno =  -36, rheno = -18
orig.nofix lhholes =   19, rhholes = 10
Loading mri/aseg.mgz
Getting Brain Volume Statistics
Loading mri/norm.mgz
Loading mri/norm.mgz
Voxel Volume is 1 mm^3
Generating list of segmentation ids
Found  50 segmentations
Computing statistics for each segmentation

Reporting on  45 segmentations
Using PrintSegStat
mri_segstats done

Started at Wed Mar 11 14:23:21 CET 2026 
Ended   at Wed Mar 11 14:28:35 CET 2026
#@#%# recon-all-run-time-hours 0.087
recon-all -s sub-v2s16x51312_ses-1 finished without error at Wed Mar 11 14:28:35 CET 2026
