global_signal	global_signal_derivative1	global_signal_derivative1_power2	global_signal_power2	csf	csf_derivative1	csf_power2	csf_derivative1_power2	white_matter	white_matter_derivative1	white_matter_power2	white_matter_derivative1_power2	csf_wm	tcompcor	std_dvars	dvars	framewise_displacement	rmsd	t_comp_cor_00	t_comp_cor_01	t_comp_cor_02	t_comp_cor_03	t_comp_cor_04	t_comp_cor_05	c_comp_cor_00	c_comp_cor_01	c_comp_cor_02	c_comp_cor_03	c_comp_cor_04	c_comp_cor_05	c_comp_cor_06	c_comp_cor_07	c_comp_cor_08	w_comp_cor_00	w_comp_cor_01	w_comp_cor_02	w_comp_cor_03	w_comp_cor_04	w_comp_cor_05	w_comp_cor_06	w_comp_cor_07	w_comp_cor_08	w_comp_cor_09	w_comp_cor_10	w_comp_cor_11	w_comp_cor_12	w_comp_cor_13	w_comp_cor_14	w_comp_cor_15	w_comp_cor_16	w_comp_cor_17	w_comp_cor_18	w_comp_cor_19	w_comp_cor_20	w_comp_cor_21	w_comp_cor_22	w_comp_cor_23	w_comp_cor_24	w_comp_cor_25	w_comp_cor_26	w_comp_cor_27	w_comp_cor_28	w_comp_cor_29	w_comp_cor_30	w_comp_cor_31	w_comp_cor_32	w_comp_cor_33	a_comp_cor_00	a_comp_cor_01	a_comp_cor_02	a_comp_cor_03	a_comp_cor_04	a_comp_cor_05	a_comp_cor_06	a_comp_cor_07	a_comp_cor_08	a_comp_cor_09	a_comp_cor_10	a_comp_cor_11	a_comp_cor_12	a_comp_cor_13	a_comp_cor_14	a_comp_cor_15	a_comp_cor_16	a_comp_cor_17	a_comp_cor_18	a_comp_cor_19	a_comp_cor_20	a_comp_cor_21	a_comp_cor_22	a_comp_cor_23	a_comp_cor_24	a_comp_cor_25	a_comp_cor_26	a_comp_cor_27	a_comp_cor_28	a_comp_cor_29	a_comp_cor_30	a_comp_cor_31	edge_comp_00	edge_comp_01	edge_comp_02	edge_comp_03	edge_comp_04	edge_comp_05	edge_comp_06	edge_comp_07	edge_comp_08	edge_comp_09	edge_comp_10	edge_comp_11	edge_comp_12	edge_comp_13	edge_comp_14	edge_comp_15	edge_comp_16	edge_comp_17	edge_comp_18	edge_comp_19	edge_comp_20	edge_comp_21	edge_comp_22	edge_comp_23	cosine00	cosine01	cosine02	cosine03	trans_x	trans_x_derivative1	trans_x_derivative1_power2	trans_x_power2	trans_y	trans_y_derivative1	trans_y_power2	trans_y_derivative1_power2	trans_z	trans_z_derivative1	trans_z_derivative1_power2	trans_z_power2	rot_x	rot_x_derivative1	rot_x_derivative1_power2	rot_x_power2	rot_y	rot_y_derivative1	rot_y_power2	rot_y_derivative1_power2	rot_z	rot_z_derivative1	rot_z_power2	rot_z_derivative1_power2	motion_outlier00	motion_outlier01	motion_outlier02	motion_outlier03	motion_outlier04	motion_outlier05	motion_outlier06
875.1062143293508	n/a	n/a	765810.8863578476	1045.886790153308	n/a	1093879.1778171898	n/a	822.4674441356242	n/a	676452.6966629861	n/a	852.9287396260279	626.4213694907378	n/a	n/a	n/a	n/a	0.026752112	-0.0810080069	0.0248661656	-0.1522372795	0.0851386557	-0.0242194425	-0.0013778587	0.1016148876	-0.000405938	0.2337872287	-0.0509621952	0.0692869255	-0.0303187743	0.1764882298	-0.1462613664	-0.0159528311	0.0695439797	0.0969454175	-0.1135979325	0.0529272953	-0.0880871396	0.0622929472	-0.0404583787	-0.005833599	0.0727948585	-0.0308736692	0.0284319237	-0.0365066741	0.0325468287	-0.063425276	0.0122611532	-0.0037480286	0.1234939777	-0.0486831364	0.0432578767	-0.0703621603	0.0047363018	0.0334151193	-0.1318616833	0.0353015385	0.1073808501	-0.1680391513	0.0005051191	0.096095071	-0.0155447715	-0.0405849756	0.066476246	0.1820854514	-0.0556101712	-0.0212005356	0.0536782474	-0.1549864125	-0.0105976835	0.0227888779	-0.1635278352	0.0307613779	-0.038291775	0.0099057416	-0.0145816743	0.119506108	-0.0276670269	0.0126745869	-0.0258945063	0.0047867671	-0.1410207746	0.0601887174	-0.0573919918	0.1179887366	-0.0973245273	0.016622612	-0.0364446015	0.0636915314	-0.0349773466	-0.0179000024	0.1506331495	-0.177802408	-0.1017204688	0.1497423823	-0.0419992246	-0.1148946999	0.0357460716	-0.0195300544	0.0062117693	-0.0687777228	0.0393124774	-0.0797530086	0.072952676	-0.1085457095	0.0904364655	-0.0582125223	0.0232802305	-0.0191714217	0.0635175953	-0.1385000726	0.0061682074	-0.0705788525	0.0427227813	-0.0384793778	0.0362251494	-0.0495437949	0.1158655738	-0.1814341291	0.0887260819	-0.1040486943	0.024547615	0.1290883846	0.1290552057	0.1289999139	0.1289225186	0.0398613134827883	n/a	n/a	0.0015889243125731	-0.0413578647816592	n/a	0.001710472979298	n/a	-0.0705948595461194	n/a	n/a	0.0049836341943363	0.001972905241095	n/a	n/a	3.89235509034012e-06	-0.0017760025018616	n/a	3.154184886618663e-06	n/a	0.0010162543395892	n/a	1.032772882733881e-06	n/a	0.0	0.0	0.0	0.0	0.0	0.0	0.0
873.969293058078	-1.1369212712727403	1.292589977072424	763822.3252084367	1041.484289120405	-4.402501032903047	1084689.524484635	19.382015344712396	822.6715418351396	0.2040976995153869	676788.4657454058	0.0416558709474731	852.52737359108	624.8943821432224	1.041998	19.20068	0.0858608660339889	0.0462383559675908	0.0066656506	-0.0492622525	-0.0562049312	0.0693714428	0.0355497872	0.072625006	0.0281404836	0.0508761221	0.1181224826	0.1180407723	0.006882988	0.0437040102	-0.1445424752	-0.0204060912	0.0631874008	0.0077789897	0.0451834262	-0.125197601	-0.0707489807	0.0377315778	-0.0353043587	0.0985356834	-0.1086721319	0.0664953146	0.022222093	-0.0060324813	0.1059586458	0.1144134838	-0.0855873737	0.0232425638	0.0164463833	0.0262123374	-0.0310011593	-0.2040597535	0.1041672004	-0.0029421628	-0.1244830583	0.0623833962	0.0473640395	-0.1795949406	-0.1687957104	-0.0040429872	0.0871241426	0.1853604179	-0.0258581206	0.0943023676	-0.0716034589	0.1574947208	-0.0983660452	-0.0020579985	-0.006729347	-0.018893151	0.1399250485	0.0168718363	-0.1151319648	0.0096781176	-0.0463346096	-0.0026483248	0.0281171367	0.0935472942	0.1582778302	-0.1477023444	-0.033282199	0.0900384739	0.0995574754	-0.0924577642	0.0296100586	-0.0416495288	0.1308074934	-0.0138341117	-0.2056083035	-0.0146386056	0.1513238876	-0.0290373899	0.0390224295	-0.0128910372	0.0564949021	0.1136000177	0.0684796543	-0.1236190612	-0.0339990873	-0.0123976498	0.0235431969	-0.0457837437	-0.0410374836	-0.0533343933	-0.0024172486	-0.0261310709	-0.0088758112	-0.02913579	-0.051951353	0.0022626379	0.0560964726	0.0822061027	0.0058236772	-0.0405677104	0.0510356701	-0.043094552	-0.0634832247	-0.1511000512	0.0321149675	-0.1349686932	0.1912809835	0.0831555189	-0.0069395807	0.1289999139	0.1287014744	0.1282045865	0.1275100165	0.0215845818669038	-0.0182767316158844	0.000334038918559	0.000465894174369	-0.0416145058147918	-0.0002566410331326	0.0017317670942093	6.586461988736968e-08	-0.0546896998465626	0.0159051596995567	0.0002529741050684	0.0029909632693071	0.0015560954156293	-0.0004168098254656	1.737304306047472e-07	2.421432942542524e-06	-0.001166208711516	0.0006097937903456	1.3600427588158088e-06	3.7184846674405373e-07	0.0010144112816922	-1.8430578969999816e-06	1.0290302484244118e-06	3.3968624116939948e-12	0.0	0.0	0.0	0.0	0.0	0.0	0.0
872.8833713954009	-1.0859216626771513	1.1792258574715089	761925.3800586014	1034.971971169496	-6.512317950908937	1071166.9811064722	42.41028509373077	821.2559238166062	-1.415618018533337	674461.2924038674	2.003974374396251	850.6552238276439	618.0902470156908	0.955675	17.610016	0.0310569644258626	0.0182372751953037	0.0300720536	0.0891924345	0.0425088039	0.0776069106	-0.0117716857	0.094971592	-0.0036122347	-0.0217014509	0.0461960581	-0.0835005194	-0.0255063326	0.0004240592	0.0575300788	0.0085159189	-0.0510792584	0.0198780602	0.0687586741	0.0160424958	0.0701598088	-0.1027224292	0.1547634658	-0.2261098077	0.0168114003	-0.005507813	0.0207411554	0.2469556855	-0.0235894173	0.0202759614	0.095590039	-0.0329350705	0.0335022334	0.041716289	0.0575957673	-0.1238265672	0.1146072045	0.1005969266	-0.0717777662	-0.0046171121	0.0499464724	-0.0047100811	-0.0605933234	-0.1261106001	-0.0094858003	0.0061755914	0.0007281266	0.0409970993	0.0658459688	-0.1233158949	-0.0872723275	-0.0014826959	-0.0491480524	-0.0387839658	0.0155751702	-0.0362665284	0.1234768976	0.030836631	0.1104450931	-0.1750780524	-0.0145401709	0.0089632009	-0.2040471466	-0.077841158	-0.0432739832	0.0858344152	0.0628783608	-0.0435707985	-0.0374816779	0.0871027319	0.0808384439	0.0475461092	-0.0537873388	0.1999393309	0.0222774048	-0.0870488143	-0.0147106477	0.143295259	-0.0440467562	0.0188526858	0.0067552372	-0.0672217326	0.0460664661	-0.0176381131	0.0138148679	-0.0375074486	0.0044413675	-0.0476062338	-0.0338541746	-0.0600697241	0.0014991834	0.045178272	-0.1029555538	-0.077014635	-0.0120914846	0.0166622461	-0.0233194945	-0.0440486626	0.031698719	-0.1169492079	0.0134143201	-0.0585583716	-0.0281400772	-0.0079067481	0.0163908562	-0.010762656	-0.0081510266	0.1288230331	0.1279949812	0.1266188352	0.124700488	0.0243427578661652	0.0027581759992614	7.607534842901627e-06	0.0005925698605307	-0.0337066365647302	0.0079078692500616	0.0011361373485068	6.253439607606983e-05	-0.050418966842173	0.0042707330043895	1.823916039478261e-05	0.0025420722174321	0.0015642514186321	8.15600300279988e-06	6.652038498168067e-11	2.446882500692537e-06	-0.0014797098336296	-0.0003135011221136	2.1895411917401382e-06	9.828295356648645e-08	0.0010151578800188	7.465983266001074e-07	1.0305455213642644e-06	5.574090612820808e-13	0.0	0.0	0.0	0.0	0.0	0.0	0.0
872.8998452709027	0.0164738755017879	0.0002713885740484	761954.1398739659	1032.3984040480393	-2.57356712145679	1065846.4646809385	6.623247728643388	822.6794593029658	1.423535486359583	676801.4927590202	2.026453280925015	850.9133245659187	616.7387905847203	0.945778	17.427654	0.0278389772545209	0.0136315777672158	-0.0088089217	0.0174596317	0.1084110257	-0.0477799733	-0.0596231356	0.206793023	0.0458383006	0.0340010105	-0.0744640537	-0.0165985893	-0.117200825	-0.0869430537	0.0907779303	0.0176337125	-0.0224898474	0.0343191762	0.0109064	0.189945851	-0.0750180677	0.0102200439	0.1180714078	-0.0968173791	-0.001850456	0.1211602953	-0.0468460713	0.0424310277	-0.1406391143	-0.0415651948	0.0964458243	-0.1083886781	0.0232233371	-0.0985961361	0.0284285772	0.0570273287	-0.1895412765	-0.0900836028	0.0952576511	-0.0288666678	-0.0106568768	0.1320394332	-0.0004733077	-0.0608517446	0.045477549	-0.0073509888	0.0498364175	0.1163810926	-0.0536452046	-0.1504988193	-0.213856325	0.0343084878	0.1492358721	-0.0662814104	-0.0730246659	-0.0141528358	0.1002726258	-0.0517992059	-0.072560421	-0.2028601162	-0.0884783484	-0.0890092442	-0.1016050441	0.0243564103	0.0403350494	0.0119028716	-0.0885300027	-0.0197967275	0.0086727894	-0.1290815418	-0.0135424923	0.0023377334	0.0831705333	-0.0351903002	0.0111779208	0.0936472111	-0.1004099566	0.0303754054	0.0613862182	0.0891736289	-0.0470494093	0.1531777898	-0.07676477	-0.0147566883	0.021777562	-0.0162954219	-0.0069632777	-0.0525076975	0.0686077216	-0.0976673924	-0.0783680284	0.0909168664	-0.0562575511	0.0378639456	0.0157388673	-0.0186659968	0.1036725746	-0.0074591526	-0.0042678611	-0.1648819091	0.0465939865	-0.108375097	0.0370398109	-0.001581491	-0.1013643268	-0.0097863603	-0.1264592887	0.1285578634	0.1269376627	0.1242524367	0.1205247148	0.0219037544197959	-0.0024390034463693	5.948737811401329e-06	0.0004797744576827	-0.0416004299061967	-0.0078937933414665	0.0017305957683803	6.231197331778091e-05	-0.0480511427034429	0.0023678241387301	5.606591151952946e-06	0.0023089123151066	0.0016993430993043	0.0001350916806722	1.8249762186839707e-08	2.8877669691531445e-06	-0.0016471392567087	-0.000167429423079	2.7130677309908887e-06	2.8032611712600244e-08	0.0010154039028266	2.4602280779988973e-07	1.0310450858754913e-06	6.052722195774148e-14	0.0	0.0	0.0	0.0	0.0	0.0	0.0
873.7783914933516	0.8785462224489038	0.7718434649792387	763488.6774407089	1035.5416173690403	3.143213321000985	1072346.441303288	9.879789981318044	822.7210573958033	0.0415980928374892	676869.9382824687	0.0017304013277163	851.4534801113585	620.1510034084993	0.968374	17.844025	0.0293687993886596	0.020221744232214	-0.0008382102	-0.1405149505	-0.0126031242	-0.0349684133	0.043010481	0.117275687	-0.0115767474	0.0732689791	-0.1296905609	-0.022033588	-0.0218178919	0.0028807916	-0.125386789	-0.0791442543	-0.0897621265	0.0208738657	-0.1105789949	0.0968902759	-0.0097592945	-0.1103326448	-0.1306406372	0.0439209129	-0.009700826	0.1419864745	-0.0114747016	-0.0679354824	-0.0303497701	-0.0115845192	-0.1115068806	-0.0617107806	-0.0296642186	-0.082617409	-0.1505189346	-0.0197873618	0.1156505335	-0.0021390608	-0.031550855	-0.0933198908	-0.1845482782	-0.1521906271	-0.0478364705	0.0868404597	-0.0055432577	0.0966754461	-0.0894882328	0.0921164483	0.0007060001	-0.0525672099	0.1161020604	0.0303105107	0.1039328504	0.1280593163	-0.1030846588	-0.1033827203	-0.0783864714	-0.0405628379	-0.0353115103	0.0077101109	-0.0758028014	-0.0100240205	0.0010508902	0.0969762891	-0.0393001128	-0.0197799629	-0.0926207859	-0.1455223506	0.0798962248	0.0013464585	0.0541083672	0.1062487753	-0.155932651	-0.0325850267	-0.0513243762	0.1053291658	-0.0157300644	-0.125273424	0.1542055665	-0.0241527009	-0.026967293	-0.1784895751	-0.055926441	-0.0158969711	0.0369188611	-0.0174624705	-0.0429796146	-0.0528435234	0.027498207	-0.019029837	-0.0054468657	-0.0369456103	-0.0068839993	0.0185792645	0.1078023502	-0.0647227933	0.0703985225	-0.0574341203	0.0147757723	-0.0920389342	-0.1066494602	-0.0454989687	0.0395226678	-0.0264546912	-0.0037226916	-0.1069991473	-0.058639012	0.1282045865	0.1255324169	0.1211199807	0.1150284477	0.0218868921234758	-1.6862296320099834e-05	2.8433703718685244e-10	0.0004790360468246	-0.0221970019146198	0.0194034279915769	0.0004927068939976	0.0003764930178243	-0.0480360262701253	1.5116433317599598e-05	2.2850655624543519e-10	0.0023074598198241	0.0016302972776695	-6.904582163480013e-05	4.767325485224634e-09	2.6578692135765825e-06	-0.0016962416530874	-4.910239637869992e-05	2.877235745668675e-06	2.411045330130962e-09	0.0009348842674912	-8.051963533539999e-05	8.740085936025575e-07	6.483411674545795e-09	0.0	0.0	0.0	0.0	0.0	0.0	0.0
875.5467847973727	1.7683933040210604	3.1272148777065225	766582.1723690168	1035.0399471185146	-0.501670250525649	1071307.6921310977	0.2516730402624674	824.3086789112508	1.5876215154474949	679484.7981284116	2.5205420763118003	853.4948593916369	620.7101190779542	0.995208	18.338488	0.0751747845598748	0.0402210309643565	-0.0156247643	-0.059986419	-0.0358752861	0.1114055666	-0.0321900484	-0.0570221905	-0.0069724563	0.0042184945	0.0648234716	-0.0949111873	0.0683461588	0.0660115693	-0.1185605714	-0.1137630698	-0.0337757412	-0.0262120047	-0.15728062	-0.1569557194	-0.0892126471	0.0219476333	-0.0174609801	0.1186352737	0.0594388591	-0.0406870244	-0.0545142737	0.0806833094	-0.072884971	0.0296549459	0.0424459691	-0.0498440355	0.0677714735	0.0259647186	-0.1000369481	-0.0757502958	-0.0409271271	0.0394074212	0.1862052783	0.1711138959	-0.1360979137	0.073848288	-0.1407594033	0.0554820401	-0.0269448002	-0.058520983	0.0384035073	0.096191427	0.006218972	0.0702246292	-0.0917319461	-0.0067055373	-0.0158084428	0.1184040982	0.0996967905	0.0912723386	-0.1341354601	-0.0157147817	-0.0623557032	0.0673374728	0.028436301	-0.0628510471	-0.1238561287	0.1512620053	-0.0001653134	0.1071810264	0.0683596561	-0.0982814609	0.0064995091	-0.0287595016	0.0956696116	-0.0446565111	0.0811473588	-0.0224555854	0.1149466254	0.1114302589	-0.019142353	-0.0733780831	0.0298790062	-0.0796296788	0.0372262457	0.0738989913	-0.0696249075	-0.0081909032	0.050771895	-0.03377535	-0.0184143055	-0.0134363943	0.0025537087	0.0071917828	0.0316783904	-0.0376523825	0.0425938979	0.0107051201	-0.0915213349	0.0865940529	0.1108032533	-0.0730418673	0.0875862595	0.041216494	-0.0481198008	-0.0063036709	-0.0004883222	-0.0044728569	0.0474093042	-0.0627226164	0.0493969466	0.1277634447	0.1237830955	0.1172407796	0.1082719048	0.0217913332458294	-9.555887764639906e-05	9.131499097039464e-09	0.0004748622046307	-0.0020112916705841	0.0201857102440357	4.0452941841609804e-06	0.0004074628980561	-0.0333152363190976	0.0147207899510276	0.0002167016567822	0.0011099049709973	0.0011136461703145	-0.000516651107355	2.6692836673114775e-07	1.2402077926561525e-06	-0.0014600088651604	0.0002362327879269	2.131625886346959e-06	5.580593009176295e-08	0.0008843136530299	-5.057061446129998e-05	7.820106369350863e-07	2.5573870469934424e-09	0.0	0.0	0.0	0.0	0.0	0.0	0.0
876.8528098550323	1.3060250576596673	1.705701451234937	768870.8501506655	1037.5958494528743	2.555902334359644	1076605.1468018317	6.532636742785075	824.0323453317166	-0.2763335795342527	679029.3061528894	0.0763602471782131	853.2336325559319	627.0419661894504	0.957122	17.636686	0.0927377559218766	0.0539180037160531	0.0026669156	0.047827457	0.0419918158	0.089120774	0.0602579334	-0.0567297182	-0.059669373	-0.0242862451	-0.0042142819	0.0196652239	0.1274119434	0.0227183588	0.0103579159	-0.0433306845	0.1630760586	0.0038817538	-0.1458914336	-0.0603391019	-0.0099167511	0.0930553426	0.0703485219	-0.0064546173	-0.1065522616	-0.1209356955	-0.0026250322	-0.0105469971	0.0852721601	-0.046396557	-0.0832678089	-0.096906355	0.1044626109	0.1084304368	0.0240222316	-0.1038548809	-0.1069247069	-0.0046396187	-0.0136501509	-0.0219865532	0.0963547579	-0.0737748449	-0.0884416889	0.152788745	-0.1470296609	-0.0048274206	0.0373447746	0.016984296	-0.0936604057	-0.0431466791	0.0609830898	0.0010994155	-0.057147916	0.0543547359	0.0529160084	0.1730623064	-0.0441440853	0.1064298413	-0.0105510479	-0.0856933116	0.0521065132	-0.0661709154	0.0751485749	-0.0098970445	-0.0684394337	-0.0325905832	-0.0501873317	-0.0335205067	0.0427359868	0.0534734541	0.0433882702	0.0832200288	0.1103264501	-0.1288508256	0.1465972942	-0.0165619208	-0.0170590625	0.1832070553	-0.0058267402	-0.1072027845	-0.0223666133	0.029440561	-0.0177520573	-0.001873204	0.0499518985	-0.0678829427	-0.0037410078	-0.0087013037	-0.0271784598	0.017418845	-0.0011936768	0.0571441493	-0.1373593821	0.0100863811	-0.0182587843	-0.0065435116	-0.0857602768	0.0147704645	0.0827752964	0.0605606685	-0.0220453722	-0.0179318745	-2.4699e-06	-0.0145600803	-0.0656891835	0.0237168535	-0.0034053856	0.1272347401	0.1216944932	0.1126387502	0.1003291122	0.0218115101367999	2.017689097049899e-05	4.0710692923540364e-10	0.0004757419744477	-0.0473457930359586	-0.0453345013653745	0.0022416241182038	0.0020552170140471	-0.0483122036229843	-0.0149969673038867	0.0002249090283138	0.0023340690189086	0.0005952399588931	-0.0005184062114213	2.687450000402892e-07	3.543106086630594e-07	-0.0014602025151309	-1.936499705000594e-07	2.1321913851946063e-06	3.7500311074673875e-14	0.0010134359988709	0.000129122345841	1.027052523807459e-06	1.6672580195482838e-08	0.0	0.0	0.0	0.0	0.0	0.0	0.0
875.7785943812289	-1.074215473803406	1.153938884158676	766988.146376361	1039.4044997386443	1.80865028577	1080361.7140769414	3.271215856215902	823.1242653656884	-0.90807996602814	677533.5562338042	0.8246092247016679	852.1934172531654	624.856709761411	0.983091	18.115208	0.0652001837170912	0.0373054268788185	-0.0154637894	0.0647441311	0.1001857799	0.0339981052	-0.1188454041	-0.1319462153	0.0077553954	-0.0752881793	-0.0225953499	-0.0239796713	0.0319432969	0.1075614629	0.0515570672	0.1917379892	-0.0003841469	-0.0203099919	-0.0238475569	0.0170910656	-0.0723352054	0.0681704831	0.1142144528	0.0894526382	-0.0356205154	-0.0085622889	0.0684003076	0.1305576525	-0.0799077054	0.025277576	0.0495687818	-0.0432279027	0.0785390972	-0.0376280051	0.0838416009	0.0491759589	-0.069687779	0.1708160526	0.0635131941	0.0271689193	0.1493744441	-0.0568152503	0.0802569239	0.012074798	0.001621811	-0.1815876006	-0.0357820313	-0.0992151538	-0.075587581	0.0362142985	-0.0265927535	0.0050255668	0.0038727644	-0.0550412345	0.038905787	0.1184159626	0.0549927698	0.0238405037	-0.077277114	0.0505181901	-0.1474729447	0.0474551614	-0.1560929356	-0.0161574366	0.0085588169	0.0126489343	-0.0113679571	-0.0194033517	0.0130987817	-0.0220126903	-0.1038514987	-0.0621638778	0.0516978164	0.1290624453	0.0117904859	-0.1444141256	0.0272646819	0.0453347243	0.0625427758	-0.0336728681	0.0442588149	0.1264602871	-0.0021994683	-0.0089295273	0.0647243189	-0.0405232799	-0.0027708317	-0.0042882893	0.0071665223	-0.0263752886	-0.003635741	0.0790293291	-0.0011178865	-0.1867692804	0.0012198284	-0.0582379818	0.0849936702	0.0147281559	0.0530527696	0.0174578553	0.0300046637	0.0951085704	-0.0367384056	-0.0299345075	-0.1340648976	-0.0917283821	0.0324449861	0.1266188352	0.1192723348	0.1073422654	0.0912870929	0.0216339494428581	-0.0001775606939418	3.15278000330936e-08	0.0004680277684961	-0.0186007528464671	0.0287450401894915	0.0003459880064553	0.0008262773354954	-0.0297243247101164	0.0185878789128679	0.0003455092424794	0.0008835354794724	0.0006720383183728	7.679835947970001e-05	5.897988018773229e-09	4.51635501361341e-07	-0.0014602535453041	-5.103017319992021e-08	2.132340416573193e-06	2.604078576813854e-15	0.000736491310108	-0.0002769446887629	5.424194498645982e-07	7.669836063397962e-08	0.0	0.0	0.0	0.0	0.0	0.0	0.0
874.9403811639273	-0.8382132173015862	0.7026013976590761	765520.6705912785	1035.1406842745268	-4.263815464117442	1071516.2362403355	18.18012231204704	822.7228709617061	-0.4013944039822945	676872.9224034721	0.1611174675483014	850.9699357006155	620.8414005311823	1.022109	18.834181	0.0898746575323412	0.0520563705835623	-0.0523747007	0.0101180806	0.1746468828	-0.0932357329	-0.0612977083	0.0490872729	-0.0373394612	-0.0244017091	-0.195893823	0.0069490633	-0.0719607517	-0.066557537	0.0376137698	-0.0039002599	0.0315501819	0.0257858493	-0.0546158446	0.2123349789	0.0028238304	0.0570868675	0.0466595087	-0.1289587076	0.1001940211	-0.0545120718	-0.0253720868	0.0631719702	0.0329407916	0.0364879387	-0.0551165754	-0.040592726	-0.0730636045	0.0691620476	-0.1911340094	0.0198388035	0.1407264647	-0.025598983	0.0483309856	0.0578591139	0.0366120343	0.0639189078	0.0905430666	-0.0096879901	0.1556562356	0.000886112	0.0443812749	0.0680113617	-0.0971522964	-0.0070219336	0.0439028724	0.0451798163	0.175212094	-0.0471126448	-0.1483391785	0.0698372871	0.1106587576	-0.0167303832	0.0480629841	-0.0732425369	0.0506933098	-0.0915267037	0.0092451033	0.1057868334	-0.047282737	-0.0204490103	0.0987696915	0.0243508359	0.0865486437	-0.0038773056	0.1436419477	-0.1283937823	0.0243916165	0.0002902589	-0.0425645083	-0.0350925494	-0.0242443905	-0.0231679051	-0.0782302812	0.0191026047	0.0955744327	-0.0006472959	0.2710469365	-0.0032028749	0.1068958576	-0.015144834	0.0246241213	-0.0067381053	0.0562626216	-0.049374162	-0.0588487085	0.1437575098	-0.0745768343	0.0989090085	-0.1095518437	-0.0740200102	0.0441696947	-0.0651922495	-0.0231944505	-0.0799157172	0.0075681242	-0.0893053632	-0.086871713	0.0574779706	-0.0468329161	0.0424526921	-0.1071422999	0.1259161521	0.1165232592	0.1013839798	0.0812449131	0.0256510107539185	0.0040170613110603	1.613678157681829e-05	0.0006579743526976	-0.0212053536272094	-0.0026046007807422	0.000449667022455	6.7839452270433946e-06	0.0064089673864771	0.0361332920965935	0.0013056147977377	4.107486296092711e-05	0.0001531839800566	-0.0005188543383162	2.692098243895418e-07	2.3465331745980823e-08	-0.0018759463396864	-0.0004156927943823	3.5191746693828017e-06	1.7280049930136519e-07	0.0007286443759276	-7.846934180399967e-06	5.309226265709217e-07	6.15743760315293e-11	0.0	0.0	0.0	0.0	0.0	0.0	0.0
876.0915373392271	1.151156175299775	1.3251605399308062	767536.3817974103	1039.969700935559	4.829016661032256	1081536.9788639962	23.31940191252712	823.2791250775406	0.5562541158344629	677788.5177884407	0.3094186413827801	852.005006987473	628.6456219144534	1.044684	19.25017	0.057520032372093	0.0289040033875517	-0.0429516624	-0.1583830878	0.026553138	-0.0049032894	-0.0370302097	-0.0560051376	-0.0248380321	0.1145823657	-0.0678464634	0.0284142831	-0.0315564899	0.1164220594	-0.068637717	-0.0392050904	-0.0552699084	0.0147795693	-0.187342877	0.1124934708	-0.0300575164	-0.1028640856	-0.0392886931	0.0684769483	-0.0284616561	0.1334537151	-0.0335057998	-0.0235846588	-0.069555908	-0.0747230924	0.0740916823	-0.0472636624	0.0894357784	-0.0922328015	-0.0955897523	0.1098465453	-0.0474683803	-0.0700705379	0.1249317391	-0.0072722204	0.0553271964	0.0495994801	0.0735148091	-0.0920952188	-0.1823670904	-0.0817061047	-0.005665101	0.0009739253	-0.017595409	-0.0473963885	0.2568672038	0.0273522651	0.1160664825	0.178627985	-0.0872412653	-0.0355900815	-0.0502092951	-0.0046305496	-0.0978162021	-0.0454866789	-0.0321464151	0.0479715698	-0.0746168311	0.1464405173	-0.0371451242	0.0144561446	-0.0594311538	-0.0563229816	-0.0031510555	0.0049805788	-0.0419254704	0.0151175877	0.0506842774	-0.0690471865	-0.1092124336	0.0042043226	0.1431710453	-0.0680700758	0.1921028919	0.0386150576	0.0003760308	0.1476743359	0.0919183347	0.000680832	0.10718185	-0.0141420991	-0.0658956689	0.0008543842	0.0551946219	0.0778455971	-0.0436140948	-0.0262602997	0.0621014968	-0.0180358981	0.0573318251	-0.0579260716	0.1362811099	0.0125235877	0.0641841554	0.0039870366	-0.011983314	0.0628471251	0.0062221458	0.0351213297	-0.1205889998	-0.0342485574	0.0073501899	0.1251271724	0.1134548014	0.0948006283	0.0703125971	0.02188897417372	-0.0037620365801985	1.4152919230751626e-05	0.0004791271903777	-0.0264020524453485	-0.0051966988181391	0.0006970683733269	2.700567860644833e-05	-0.0063489734023534	-0.0127579407888305	0.0001627650531713	4.0309463263790905e-05	0.0001697400934037	1.6556113347099998e-05	2.741048891620227e-10	2.88116993086968e-08	-0.0014609164099268	0.0004150299297595	2.13427675679341e-06	1.722498425962585e-07	0.0010131254565194	0.0002844810805917	1.0264231906476423e-06	8.092948521467815e-08	0.0	0.0	0.0	0.0	0.0	0.0	0.0
874.9891152761094	-1.1024220631177286	1.2153344052487491	765605.9518516687	1035.570433983436	-4.399266952123071	1072406.123740642	19.353549716042213	822.707314231179	-0.5718108463615863	676847.3248894799	0.3269676440167536	851.7976686574751	622.0601098365945	1.027017	18.924623	0.0422586732441355	0.0237824725735178	-0.0130484015	0.0249233795	-0.0290169314	0.0800813324	0.0288966086	-0.0869663679	-0.0190886816	-0.0204505353	0.0493520123	-0.1016410694	0.0189554601	0.0164811012	-0.1410794669	-0.0649131077	0.0448677554	-0.0109859996	-0.0041952235	-0.0833289162	0.0795197116	0.0736690783	-0.0078636617	0.0759013366	-0.0663633859	-0.0260938143	0.004326091	-0.2404225764	0.1017886761	0.0044978899	-0.0111225022	0.0675139009	-0.0291809357	-0.0958278988	0.0770337839	0.1082167202	0.059298322	-0.1333747956	0.1105457659	-0.1403543546	0.030636208	0.1200213563	-0.0673447343	0.2722548152	0.1060526316	-0.0121436274	-0.0216737819	0.0206685652	-0.0564697295	-0.0742473706	-0.0600337441	-0.0129003734	-0.0590102166	0.0386196229	-0.0161721721	0.009184608	-0.0742817385	0.0331731597	0.0324812525	0.0394615924	0.0767640285	0.0009817133	0.1141761714	-0.0132154887	0.0472329596	-0.0550290888	-0.0127892029	-0.0843375553	-0.0379624686	-0.2093832721	-0.1325095201	-0.0897055959	0.0814114752	-0.0166960895	-0.2721474151	0.0966615599	-0.0964247223	0.0826549078	-0.0590030869	-0.0077898574	0.1345383259	0.0304870613	-0.0240817743	-0.0002305533	0.0673996392	-0.0186695024	-0.011042884	-0.003062875	-0.0659156011	0.0826748274	-0.0003913213	-0.0058292926	0.0197884754	0.0202388371	-0.0871034298	0.0099153431	-0.0546387271	0.0019772234	0.0406615717	-0.0366526062	-0.0744351451	-0.0104350181	0.0441004061	-0.0183329147	-0.0201629398	0.0056369255	0.0191167082	0.1242524367	0.1100753719	0.0876327994	0.0586099215	0.021682353902463	-0.0002066202712569	4.269193649431508e-08	0.0004701244707516	-0.0117210428071246	0.0146810096382239	0.0001373828444864	0.0002155320439976	-0.0033260326344048	0.0030229407679485	9.13817088652567e-06	1.1062493085125734e-05	-5.195333060652098e-05	-0.0002216934240102	4.914797424937562e-08	2.69914856111047e-09	-0.0014610216187167	-1.0520878989989277e-07	2.134584170357566e-06	1.1068889472199776e-14	0.0007479620379854	-0.0002651634185339	5.594472102672729e-07	7.031163852863719e-08	0.0	0.0	0.0	0.0	0.0	0.0	0.0
875.9450294160988	0.9559141399894316	0.9137718430317344	767279.6945587702	1036.9458968333709	1.37546284993482	1075256.792959564	1.8918980515508173	822.9834817023766	0.2761674711975956	677301.811154966	0.0762684721476748	851.301635040634	620.7497818735658	0.96105	17.709057	0.1256626659632927	0.081954950509001	0.0210043804	0.1198041224	0.0189172011	0.0278785573	0.0935143796	-0.0447990479	-0.0786440145	-0.0430959948	-0.0380337982	0.0234862173	0.1335592051	0.0481974365	0.086770011	-0.0753443231	0.110586972	0.0248053305	0.0235317159	-0.0640783905	0.1588949438	0.167237479	-0.0965107764	-0.0541723308	0.0435867116	-0.1142536597	-0.1239775496	-0.0090699723	0.0343996376	-0.0509798724	-0.0749553284	0.1395688232	-0.3783026285	0.1113095163	0.0229673723	0.1246157501	-0.0266476075	-0.0890963629	0.0068634038	-0.0482449091	0.0178367189	0.0566460635	-0.1615824845	0.0260622607	0.011743454	0.0928821309	0.1179654478	-0.0553082154	0.0597215268	-0.02521906	0.0549743387	0.0345504336	-0.1267543286	0.0137498042	-0.0467509867	0.065479141	0.0945051472	-0.002153856	0.0569524988	0.0990776951	-0.0174346343	-0.2072716232	0.22329382	-0.2369740853	0.015717303	-0.0538414107	0.0945264728	0.1729415547	-0.0178716817	0.0324310868	0.0907604355	-0.0133232822	0.0360695634	-0.060817363	-0.1358198742	0.1166783056	-0.1809510205	-0.1481061282	-0.1042091085	-0.1471163822	0.097744105	-0.1788675946	-0.0710830528	-0.0067378533	0.0071562233	0.0054144253	0.0343707807	-0.0456172947	-0.0654568122	0.102188291	-0.0517388655	-0.0039107499	-0.0848639822	-0.0048317969	-0.0124465503	-0.0429390187	-0.1764740963	0.1073369794	0.0403102994	-0.0344363992	-0.0068155213	0.0990939138	-0.005721347	0.0360266272	0.0438895959	0.0219998385	-0.0126488988	0.1232925447	0.1063942335	0.0799246852	0.0462651033	0.0063938532078822	-0.0152885006945808	0.0002337382534881	4.0881358843945495e-05	-0.0187194215496333	-0.0069983787425087	0.0003504167431528	4.897730502359765e-05	-0.029712191533747	-0.0263861588993422	0.0006962293814613	0.000882814325738	0.0013349327414355	0.001386886072042	1.923452976824146e-06	1.7820454241564996e-06	-0.0014601020096696	9.196090470999126e-07	2.131897878641205e-06	8.456807995080092e-13	0.0005959751665373	-0.0001519868714481	3.551863991291625e-07	2.310000909258127e-08	0.0	0.0	0.0	0.0	0.0	0.0	0.0
877.1782653634219	1.2332359473231236	1.520870901769962	769441.7092259818	1036.7220875666692	-0.2238092667016644	1074792.6868485925	0.0500905878615367	824.1492530813974	1.165771379020839	679221.9913546253	1.3590229081441487	851.9117766131321	629.8175512806149	1.263365	23.279758	0.1461507657825367	0.0886507372327791	-0.0562112827	-0.121249445	-0.0383000653	0.0330534618	-0.1224579703	-0.2330929513	-0.0539919476	-0.0626670866	-0.0156560593	-0.007145989	0.0344661308	0.0778122452	-0.0511811638	-0.0877082602	-0.008986611	0.0048376805	-0.1926098795	-0.0335970088	0.0840347198	0.0645318865	-0.0492031663	-0.0306617791	0.0699289602	0.0086286496	-0.0858348894	-0.0403429915	-0.0617867259	0.0090045872	0.0742628747	-0.0380836173	-0.0484662102	0.0104013715	-0.005359274	0.1262416685	-0.0274051212	0.1705152405	-0.1818455687	-0.0848310111	0.1065825145	0.0135042777	0.0017794796	0.0390037667	-0.0346874579	-0.152765338	-0.1794763309	-0.1593511261	-0.0250657856	-0.0460323792	-0.0152094382	0.0321032943	-0.0209739142	0.1948337393	-0.0416601113	0.0946054322	0.0122607565	-0.0813921174	-0.0194695984	0.1144831111	-0.0340084785	-0.0722255292	0.0382418222	0.0373835347	0.1795696046	-0.0482106906	-0.0226955402	0.1730203025	0.0627037603	0.0423397885	0.0005516637	0.0086589685	-0.0626119118	0.0771194132	-0.0552743642	-0.0328892784	0.0121834222	0.1534728944	0.0328281931	-0.0136706616	-0.1354628641	0.0329064445	-0.0843672287	0.0071865264	0.0668345216	-0.0122541471	-0.0834498736	0.0420820653	-0.0320517798	0.1373341101	0.0306810513	-0.0958188518	0.2106067169	0.0327662812	-0.1097949094	0.0146005354	0.1218039836	0.0778519486	0.0052034351	0.127804415	0.0303580692	0.1039558293	-0.0538244536	0.1640681077	-0.1874223992	-0.0277911432	0.1840501397	0.1222481541	0.1024214758	0.0717238087	0.033413395	0.0217396589096381	0.0153458057017559	0.000235493752636	0.0004726127695074	0.001459678306773	0.0201790998564063	2.1306607592636926e-06	0.0004071960710148	-0.0201995641082675	0.0095126274254795	9.049008053598476e-05	0.000408022390164	-0.00021970858954	-0.0015546413309755	2.4169096679772746e-06	4.82718643176562e-08	-0.0010135650816767	0.0004465369279928	1.0273141747942957e-06	1.9939522806133638e-07	0.0005748887695278	-2.1086397009500058e-05	3.304970973291879e-07	4.44636138842253e-10	0.0	0.0	0.0	0.0	0.0	0.0	0.0
874.5303660881634	-2.64789927525851	7.011370571914543	764803.3612102971	1033.1956014388647	-3.5264861278044464	1067493.1508326174	12.436104409597196	821.7647649240439	-2.3844881573535304	675297.3288706691	5.685783772559234	850.4796337509781	626.2587327284605	1.020796	18.809992	0.0632971361856188	0.0340283978675367	-0.036290384	0.0014998186	-0.0445658891	0.0740583305	0.0215005417	-0.0415816559	-0.0323319159	-0.0876101196	0.0929432883	-0.0029028249	-0.126433306	0.0006961521	-0.0681477946	-0.1415811779	0.0510983123	0.0147630407	0.0056511694	-0.1684332943	0.0797335203	-0.0527469998	0.0167594616	0.0758471257	0.113039166	-0.033036496	0.0263688651	0.0095193975	0.0464652427	0.1125023216	-0.1444654015	0.0034344764	0.0157760611	-0.0082930638	0.0615884207	0.1507937607	0.2022713765	-0.0575549662	-0.0913918811	-0.0310109767	-0.1336995964	0.0668914564	-0.0372633705	0.0384354681	-0.07312597	0.0723715954	-0.0249392735	-0.0393426907	-0.0876388091	0.0344096963	-0.0479449475	0.0045442678	-0.1344786869	0.0712904494	0.0140965216	-0.0216189183	-0.0361207334	-0.0108422061	0.0007557689	0.0857155767	0.1648271062	0.1123804057	0.0442384645	0.057573953	-0.0753414223	0.1273733099	0.036257915	0.045165194	0.130495989	-0.0524716392	-0.0184011074	-0.0971637721	-0.0274268058	0.0226087206	-0.0730291332	0.1187221223	-0.1165322561	0.0057581061	-0.0075897946	0.0206898037	-0.2023355832	-0.0926349319	0.0639519239	0.0050882462	0.0454025963	0.0003148043	-0.00374757	0.0443611151	-0.0879529774	0.1172468857	0.0004518731	-0.0484058782	0.0415653049	0.0256398855	-0.0188448926	0.0355476546	-0.0365583602	0.0441292848	-0.0522140148	0.050426991	0.0025356147	0.1011993683	-0.061267452	0.1082311887	0.0220054835	0.1138129025	0.0462481446	0.1211199807	0.098167988	0.063080731	0.0201956026	0.0004858989692877	-0.0212537599403504	0.000451722311602	2.360978083548492e-07	-0.0021662728202329	-0.0036259511270059	4.692737931679803e-06	1.3147521575435358e-05	0.0046198926731051	0.0248194567813726	0.0006160054349224	2.1343408311010185e-05	-0.0001882266969214	3.14818926186e-05	9.91109562849061e-10	3.542928943394057e-08	-0.0011530454692294	-0.0001394803875527	1.3295138541104472e-06	1.9454778511851386e-08	0.0004738916829613	-0.0001009970865664	2.245733271798933e-07	1.020041149492109e-08	0.0	0.0	0.0	0.0	0.0	0.0	0.0
873.8804079155669	-0.6499581725964845	0.4224456261249615	763666.9673386776	1034.623153099647	1.4275516607822285	1070445.0689298557	2.037903744202098	822.0611891839803	0.2964242599364297	675784.5987625798	0.08786734187886	850.5570041299453	618.5846276666617	0.949558	17.497313	0.0329759462936029	0.0161903496541534	-0.0335554143	0.0487062002	-0.0047214395	0.123723819	0.1400366603	0.0882759369	-0.0433815474	-0.0831701472	0.0062508853	-0.0676636687	0.0175500498	-0.0396318358	0.0485783892	-0.0976412206	0.1515499084	0.0292019063	0.0015203777	-0.0274875261	0.1296207325	-0.0029757567	0.0920218209	0.0026567891	-0.0049351524	0.0567253325	-0.0734266183	0.0539408343	-0.0561149324	-0.0625169629	0.1708093706	0.1352736899	-0.0195589547	-0.0320102894	-0.0183659385	0.0995694545	0.0265099297	-0.0135983296	0.1002134995	0.255049682	0.1025666435	-0.0006668608	0.0840898879	0.0195556379	-0.0042373032	0.2067799248	-0.0129726592	-0.085443894	-0.0418800665	0.0295183402	0.1352114217	0.0114761835	-0.1090556622	0.0487345506	-0.046127459	-0.004090612	0.0609129527	0.0180355247	-0.0072692896	-0.0823894018	0.0619418511	0.0007147301	-0.0322834698	-0.0563859385	0.0438737894	0.039083157	0.0757682346	0.0307747008	-0.1359609922	0.0454975721	0.0844193295	-0.3463198599	0.1247936185	-0.0572568156	0.1214530397	-0.0589703492	-0.0532273633	-0.056469833	0.0540995108	-0.0431454006	-0.0808536054	-0.022575375	-0.1055184522	0.0028462733	0.0257540799	-0.0087228031	0.0731335936	0.0533245709	-0.1643885697	0.0845987649	-0.0080305863	-0.0589764502	-0.0965094181	0.1243445735	-0.069778975	0.0078938617	-0.0386870414	0.0104948926	-0.0841278867	0.064203993	0.0329237849	0.0053844601	-0.0697141161	0.1100636312	0.1968481588	0.2173159827	-0.1032819782	0.1199087977	0.0936454286	0.0540487397	0.0067565429	0.0070792135694546	0.0065933146001669	4.347179741677401e-05	5.011526476195013e-05	-0.0114757771878117	-0.0093095043675788	0.0001316934620642	8.666687156996876e-05	0.0156161820001443	0.0109962893270392	0.0001209183789639	0.0002438651402616	-9.371805999993938e-05	9.450863692146062e-05	8.931882452752472e-09	8.783074770152239e-09	-0.0011740205499159	-2.097508068649992e-05	1.378324251624832e-06	4.3995400980518174e-10	0.0004799447253297	6.0530423684000256e-06	2.3034693937180123e-07	3.6639321913645794e-11	0.0	0.0	0.0	0.0	0.0	0.0	0.0
876.0931323435085	2.2127244279415663	4.896149394009332	767539.1765394603	1037.8921751364685	3.269022036821525	1077220.1672095098	10.686505077224751	822.7731369598002	0.7119477758199082	676955.6349026702	0.5068696354949143	851.9282039398043	620.0458721368034	1.001015	18.445488	0.0267721204284825	0.0137548550241679	-0.0164225543	0.1050636519	0.0700916371	0.1051468878	0.151646048	-0.1213443464	-0.0868444788	-0.0994381933	0.0303917394	0.0951954168	0.0328591436	0.0900773726	0.2236230223	-0.0043270496	0.0461341475	0.0040079386	-0.044287114	-0.0528540004	0.1775841896	0.0488588044	0.1337440185	-0.0310454139	0.0166728089	-0.0177710104	0.0148432723	-0.1311590694	-0.0538630079	-0.153854418	-0.0250594983	0.0918147778	-0.0886064665	0.034251879	0.0589539979	-0.0343039825	0.0789595234	-0.1332837733	-0.23797248	-0.1215261438	-0.0484854682	-0.0768287129	0.0288721503	-0.1591313885	-0.035253601	-0.0275936739	-0.0316198434	0.011746275	0.1358495282	-0.0249435951	-0.0123522808	0.0097588747	-0.1940101586	0.0381184478	-0.0846068392	0.0918558221	0.1725423513	0.0836838384	0.0066775443	0.0163285089	-0.0138581007	-0.0385383434	0.1321837175	-0.0701235686	-0.0381506317	-0.0049986592	-0.1264701259	0.0114244315	-0.119117121	0.0772305198	-0.0524466522	0.2201865158	-0.1123173632	-0.0662478561	-0.1257125526	0.0842009916	0.0265638309	0.0326633993	-0.0031751549	0.0745796656	-0.077234559	-0.0538108815	-0.0099613183	0.0045444574	0.0286809962	-0.0191946028	0.1214251995	0.0714234132	-0.0942650944	0.0173841675	0.0384613068	-0.0402282215	-0.0946249755	-0.0017949248	0.0117450991	-0.0614622261	-0.1002088823	0.1000097585	0.045334527	0.1019664739	-0.0005990334	0.0200865913	-0.1575325002	0.0359828661	-0.11937909	0.0862949586	-0.1209346525	0.1186154352	0.0888661936	0.0446835199	-0.0067565429	0.0118325106610086	0.004753297091554	2.259383324057571e-05	0.0001400083085428	-0.0168593015817322	-0.0053835243939205	0.0002842360498237	2.89823348999371e-05	0.0053834448561502	-0.0102327371439941	0.000104708909458	2.8981478519210045e-05	-8.067246133786028e-05	1.3045598662079106e-05	1.7018764445204016e-10	6.508046018308561e-09	-0.0011490236813107	2.499686860519992e-05	1.320255420212793e-06	6.248434400656293e-10	0.0005699534940427	9.000876871299998e-05	3.2484698537148204e-07	8.101578445230324e-09	0.0	0.0	0.0	0.0	0.0	0.0	0.0
877.2852784408032	1.1921460972946534	1.4212123172948732	769629.4597689576	1037.810145255847	-0.082029880621576	1077049.897595962	0.00672890131479	822.6250101139959	-0.1481268458043132	676711.9072650519	0.0219415624479347	851.8829580723554	628.5369989895518	1.013827	18.681572	0.0928519554332185	0.0425103426079148	0.0371897087	0.114532432	0.0540583715	-0.0938784141	-0.0136893165	-0.1477726881	-0.0271084412	-0.1432886208	-0.0774746555	-0.0110085765	0.0450854474	-0.0190023941	-0.0022509196	0.2418386902	-0.0352154566	-0.0157741372	0.056242891	-0.039283659	-0.0443755494	0.0769340051	0.0378425617	0.0903623534	0.2053386926	-0.1921771912	0.0712229568	-0.1526828538	-0.0135877418	0.0394011928	0.0146537334	0.0347867641	0.138306692	-0.069711363	0.0529010876	-0.0151684468	-0.2334843798	0.0615335533	0.0674511247	-0.1179823128	-0.0259218655	-0.1209445864	0.2248682893	-0.0514052815	0.0112139255	-0.0415989948	0.0018681762	-0.1137400609	0.0482940479	0.1848394732	-0.0677931263	-0.0028553327	-0.0555042506	-0.1148843319	0.0115633478	0.106379857	0.0521056477	0.0108953009	0.0439453782	0.2547025221	-0.0004070786	0.0635528205	-0.0403257587	0.1155346073	0.1110194614	-0.0922584912	-0.0518349993	0.0724999732	0.0213073449	0.0075670527	-0.1669547079	0.082150634	0.1200658515	-0.0212258462	0.0464573732	-0.1246029187	0.167098761	0.042983907	0.011279506	0.0648984826	0.0293315854	0.1088368966	-0.1284441136	0.0002363137	-0.0548313355	0.0191324481	0.0959429026	0.0468223737	-0.0401515283	-0.0622537632	0.0633241918	0.0363451424	0.0517194348	-0.0188798387	-0.1009731641	-0.0640342204	-0.0465135927	0.0893325058	-0.0395871656	0.1137191949	0.0041160785	0.0928000461	0.0272987634	-0.0306286896	0.0196643962	-0.1132632501	0.0981192281	0.1172407796	0.0838433825	0.0350428114	-0.0201956026	0.0071041110466154	-0.0047283996143932	2.235776291339376e-05	5.046839376264295e-05	-0.0007196124989832	0.016139689082749	5.178421486928461e-07	0.0002604895636878	-0.0089917343728131	-0.0143751792289632	0.0002066457778648	8.085128703122858e-05	0.0003901103002175	0.0004707827615553	2.216364085776912e-07	1.5218604633578797e-07	-0.0007404417586129	0.0004085819226978	5.482539978977641e-07	1.66939187555431e-07	0.0002971444281536	-0.0002728090658891	8.829481118272994e-08	7.44247864312833e-08	0.0	0.0	0.0	0.0	0.0	0.0	0.0
874.5078285775281	-2.777449863275024	7.714227743006448	764763.9422433834	1028.576324658516	-9.233820597331032	1057969.255648021	85.26344282369482	820.4265865769293	-2.198423537066674	673099.7839622716	4.833066048328745	849.6177594415072	631.8009947735096	1.13544	20.922516	0.2083530166839827	0.1260472769706137	0.0788460119	-0.0104442587	-0.0325245388	-0.2491878234	0.1350386378	-0.0289011552	0.1050940185	0.0598979825	-0.0478888977	-0.1055641924	0.0026259704	-0.299248325	-0.1295669227	0.1102614868	0.0762918735	-0.0102322886	0.2275544555	0.093337377	0.0256111839	-0.0174127066	-0.0824315945	0.0135750653	-0.125595518	0.0678538133	0.1076426883	0.0045134803	0.1781953989	-0.1393613418	0.1963580332	0.1761121426	0.0749473455	-0.0256268013	-0.0093422289	-0.0168492917	0.0028665118	-0.0150211693	-0.0538395865	0.0946138543	-0.1375320208	0.0668949704	0.0033575381	0.0715076085	-0.0341211437	-0.0071509691	0.0163816102	-0.0751105291	0.1663070333	0.0355821607	0.0870216401	-0.0693284471	0.0051182837	-0.2052267446	-0.0342676761	-0.129016648	-0.0996666251	0.0531610582	0.0354574346	-0.0550403716	0.0405678239	0.0538058503	-0.0205564711	-0.1812309935	0.0899936583	-0.1837819412	0.0144239751	-0.0678323975	-0.2804594761	0.0882436275	0.030772448	-0.0503838012	-0.0938689109	-0.0503392014	0.0223803591	0.0141115228	0.2245078662	-0.0923317822	-0.0087377842	-0.1327035653	-0.127087236	0.0013691157	-0.0456925407	0.0074304218	-0.171758278	-0.0205561791	0.0757948106	0.0101180396	0.1317222022	-0.0736525656	0.1082380436	-0.0312450311	0.0417375153	0.0982151243	0.0783764386	-0.0821519844	-0.1871019311	0.0959623965	-0.0634447625	0.0273612861	-0.0549122339	0.1285217864	0.1594496552	0.0309019818	0.0556660347	-0.178055316	0.0400524711	0.1157857731	0.0785907625	0.0251860523	-0.033413395	-0.0214285918014809	-0.0285327028480962	0.0008141151318177	0.0004591845465944	0.0093805000335294	0.0101001125325126	8.799378087904507e-05	0.0001020122731694	-0.091567126813203	-0.0825753924403899	0.0068186954366844	0.0083845387128252	0.0018830298456555	0.001492919545438	2.228808769150805e-06	3.5458013996293765e-06	-0.0007169346496194	2.3507108993500074e-05	5.139952918248918e-07	5.52584173232292e-10	7.067490532542233e-05	-0.0002264695228281	4.99494224275741e-09	5.1288444770022484e-08	0.0	0.0	0.0	0.0	0.0	0.0	0.0
875.660397938411	1.1525693608829215	1.328416131646066	766781.1325176564	1037.389891013121	8.8135663546052	1076177.7859762153	77.6789518870288	821.5679009440853	1.141314367156042	674973.8158616703	1.3025984846767966	849.4786983546365	622.1404523499762	1.191541	21.956282	0.1667552621082339	0.1003460737646828	-0.0041076665	-0.1323083107	-0.0400676378	-0.0727277447	0.0336660514	-0.0784480719	0.0797549432	0.2442467126	0.034440392	0.023416077	0.0203641767	0.1195607523	0.1612310233	0.0338825023	-0.0059425456	0.001877038	0.0258894993	0.0863372917	0.0161507394	-0.0975134719	-0.029515005	0.002979389	-0.0014799395	0.0386391211	0.0962332534	-0.0566958531	-0.0652428102	-0.1084019136	0.0085054769	-0.0121870369	-0.0674467261	-0.1564644476	0.1793782813	0.0517094108	0.0421757615	0.0717868163	-0.1508364008	-0.1042924156	-0.0030548743	0.0517040489	0.0279339763	0.0509532286	-0.0745910549	-0.0748369564	0.0946600441	0.0209982633	0.0490324898	0.2374875313	-0.0893358411	0.0358826747	0.1472266167	0.067009749	0.0205744429	-0.1287218413	0.0880623893	0.0150384947	0.0025888656	0.1271354674	-0.0774580865	-0.0109143151	0.0169775394	-0.1165207653	-0.0712720209	-0.0843171878	-0.1367133938	-0.043485273	-0.0320404231	0.000710726	-0.1511905899	-0.0316841836	-0.0478533706	0.0733738516	-0.0454772173	0.003630163	-0.0457747012	0.1115680914	-0.0869949733	0.0039158082	-0.1559125953	0.1034559824	0.0900553937	0.0071282207	-0.0286485079	0.0097155443	-0.0177205189	0.0509877661	0.0782016623	-0.027707705	0.0638467931	-0.0926516062	0.1060155947	-0.0436086298	0.1549597045	-0.0182156068	0.0270521491	0.0793978373	-0.0486204548	0.0932707822	0.0016135175	-0.0197112409	-0.0086518936	0.0062497959	0.0771633219	0.1358106857	-0.0064268478	0.1142514127	0.0731227308	0.0151740128	-0.0462651033	-0.0117123335767104	0.0097162582247705	9.440567389042036e-05	0.0001371787578121	0.0151167498400468	0.0057362498065174	0.0002285161257265	3.290456184277091e-05	-0.0371953506805056	0.0543717761326974	0.0029562900398241	0.0013834941122457	0.0005350040209821	-0.0013480258246734	1.8171736239864e-06	2.862293024670153e-07	-0.0001279817424846	0.0005889529071348	1.6379326409394468e-08	3.468655268225324e-07	6.903407824864998e-05	-1.6408270767723492e-06	4.765703959640728e-09	2.6923134958692925e-12	0.0	0.0	0.0	0.0	0.0	0.0	0.0
876.4172612756126	0.7568633372015938	0.5728421111999336	768107.2158618455	1037.6205428685898	0.23065185546875	1076656.390982907	0.0532002784311771	821.1654298560666	-0.4024710880187285	674312.6631906986	0.1619829766909791	850.2283331709738	626.5502769203886	0.95255	17.552443	0.1191302373328217	0.0700022360499982	0.0095394425	-0.0633547173	-0.1097803885	-0.0417632023	-0.0219507443	-0.1373144648	0.0538272163	-0.0121969503	0.1038091552	-0.0480378801	0.017522711	0.0066201735	-0.1299531644	0.0245865021	-0.1423840804	0.0062610057	0.0443416061	-0.0682012547	0.0480830896	-0.1652010678	-0.164210767	0.1564865045	0.0233135338	-0.0427022778	0.0546323302	0.0792067837	0.0825014519	0.132128491	0.0183240018	-0.0866275862	0.0843389271	-0.026178752	0.0309115987	0.0260409971	-0.1510162565	0.104305055	-0.0190664536	0.2116929143	0.0708474175	0.0184459991	0.0023805892	-0.0413466172	0.0274620123	-0.188627471	0.1822212686	-0.0459952044	-0.0847904243	-0.0837744133	0.0692581276	-0.010582413	-0.030029857	0.0251229418	0.0315127384	-0.1700656086	-0.0970108428	0.078250444	0.0455660949	0.1521619866	-0.0068315337	0.0809021391	-0.1663035482	0.0293712909	0.0496216218	0.0257618936	0.0569868988	0.1071992913	0.0761224075	-0.0703056194	-0.0491382187	-0.0431812542	-0.0547868553	-0.0515645602	0.1190719688	-0.1040499208	-0.0012919996	0.0390031026	-0.0580228054	-0.081630444	0.1647042396	0.2092303326	0.0645976316	0.0006637943	-0.0460225756	0.049685817	0.0063624304	0.055954124	0.0414161322	0.0103638235	0.080725459	-0.0960525493	0.1857363734	0.0056217881	-0.0480661245	0.1792294049	-0.0103946985	-0.0157208345	-0.0196778523	-0.0106516539	0.03484175	0.0037374278	-0.0214731585	-0.008528059	-0.0276304691	-0.0518062843	0.0858853927	0.1126387502	0.0674542747	0.0050684204	-0.0586099215	0.0148981475313973	0.0266104811081077	0.0007081177048049	0.0002219547998672	0.0150796957770609	-3.705406298589939e-05	0.0002273972247287	1.373003583762999e-09	0.0157360146350811	0.0529313653155867	0.002801729434172	0.0002476221565954	1.4995055613982974e-05	-0.0005200089653681	2.704093240632195e-07	2.2485169286644227e-10	0.0001430008148717	0.0002709825573563	2.044923305397021e-08	7.343154639136044e-08	6.899886405023841e-05	-3.521419841156668e-08	4.760843240223283e-09	1.2400397697691854e-15	0.0	0.0	0.0	0.0	0.0	0.0	0.0
876.22635015317	-0.1909111224426851	0.0364470566723259	767772.6167027457	1037.6612036289314	0.0406607603415523	1076740.7735166426	0.0016532974315531	823.6193732820254	2.453943425958869	678348.8720454763	6.02183833780675	852.1765814970671	622.8186220271967	0.900908	16.600838	0.0663115971803907	0.0385906058557777	-0.0121131267	0.0202220471	-0.0793269409	0.0975347096	-0.0282713583	-0.0093769428	0.0416358207	0.0673528264	0.1365839624	0.0061410626	0.0786116163	-0.0129496699	0.0602253543	-0.052173883	0.0147459267	-0.0028220387	-0.0295724778	-0.216628679	-0.0867530136	0.06756959	-0.0999941552	0.0441174869	-0.0547043946	-0.0850280226	-0.0006068235	0.1261254956	0.140979328	0.0109731126	-0.0722714804	0.0408027105	0.0420038978	-0.0358284768	-0.136663984	-0.1026766013	0.0135854787	-0.1412185642	-0.0394405876	0.0582718844	0.1152303583	0.0025911776	0.1785561768	-0.0039783936	0.1454678202	0.0224076542	0.1132335598	-0.120481074	0.0693387886	-0.2330251596	-0.0353588337	-0.0123489106	-0.0529762589	0.0346413389	0.1971634511	0.026912109	-0.1113947997	0.0370566275	0.0011180303	0.0357709422	0.0781143755	-0.13935469	0.0547319402	-0.0168867013	-0.0733724245	-0.0180923833	0.1891137501	-0.0472609429	0.0622199591	-0.0124542888	0.0171318979	0.0034133734	-0.0609914242	-0.1409318035	0.0811380752	-0.1393150072	-0.0046087265	-0.0382382319	-0.1454699399	0.0760819495	0.0345371942	0.057892986	0.1413453647	0.0101268791	-0.0450962928	0.0250702703	-0.0179911753	0.0538355948	0.0157087078	0.0386959519	0.0307956621	-0.0304340633	0.0096682846	0.0116224825	-0.0344946365	0.1544686675	-0.0815781612	-0.0327880523	-0.0115551458	0.1507455604	-0.0161355335	0.0027641667	0.0203411804	0.049720892	0.1314166795	0.0693762414	0.0679762461	0.1109488906	0.0616009311	-0.0050684204	-0.0703125971	0.0058338759872924	-0.0090642715441048	8.216101862526981e-05	3.403410903510688e-05	0.0150134339713332	-6.626180572770132e-05	0.0002254031996115	4.390626898295632e-09	-0.007395634302	-0.023131648937081	0.0005350731825483	5.469540672891904e-05	8.800202116646798e-05	7.300696555248501e-05	5.330017019181733e-09	7.744355729383481e-09	-0.0004059995256027	-0.0005490003404744	1.6483561478961746e-07	3.014013738410071e-07	1.001787220758278e-05	-5.898099184265564e-05	1.003577635674595e-10	3.47875739874341e-09	0.0	0.0	0.0	0.0	0.0	0.0	0.0
875.0651188693771	-1.1612312837928584	1.3484580944592102	765738.962261877	1040.2204298361753	2.55922620724391	1082058.542648557	6.549638779844048	821.3261847633213	-2.2931885187041416	674576.7017778734	5.258713582316496	851.0054759509458	621.7096076655623	0.962436	17.734606	0.0621152917685753	0.0359042062661423	0.0144996847	0.1286349976	0.0124390545	0.0544892935	-0.0665983472	0.0251668972	0.0178223725	-0.0638399088	0.0921699117	0.0312452934	0.0067718356	-0.0135564831	0.1276961018	0.1691663146	0.0411550759	-0.0073332439	0.1206111231	-0.0908668756	-0.0626321948	-0.0226373903	0.044718883	-0.0912826796	-0.0731756101	-0.0134087393	-0.0722813822	0.0519239246	0.0854757297	0.0802704416	0.0668089893	0.0548914411	-0.0879935166	0.2179078508	0.0584996998	-0.131125086	-0.0453540706	-0.0087939786	-0.0421350952	-0.1769307243	0.0218688256	-0.070943679	0.0031803624	-0.0311881272	-0.022021282	0.0595765814	-0.1028096975	-0.0477789387	0.0468839384	0.1231670404	0.0259408125	-0.0270723885	-0.060006581	-0.1263287037	0.1330099159	0.0104227956	0.0371727822	0.0222295791	0.0317511806	-0.0727717885	-0.0408849299	0.0636178331	0.0451157548	-0.0875742294	0.1251861226	0.0165867224	0.0428677225	0.0903103266	0.0860393352	0.1397404701	0.0526598238	0.1875672537	-0.0176418491	0.1178735946	-0.1066104797	-0.0688395456	0.0820809382	0.0399949432	-0.0222871087	-0.0081969318	-0.0534261795	-0.0881952213	-0.037422119	0.0046848795	-0.0501886103	0.0446131326	-0.0111342511	0.0237839186	0.0179653172	-0.0141667657	-0.0258336697	0.0669991506	-0.0243777069	-0.1313391396	0.0782482759	0.1112536219	-0.1358640053	0.0240613743	-0.0885793494	-0.0148676681	0.0512040952	0.0092433902	-0.0284979434	0.0258018109	0.0839866978	0.0087619947	-0.0643429745	0.1091829923	0.0555787436	-0.0151740128	-0.0812449131	0.0050433945959724	-0.0007904813913199	6.248608300232027e-07	2.5435829050683613e-05	-0.0040467050112482	-0.0190601389825814	1.637582144806129e-05	0.0003632888980353	-0.0074121716526889	-1.6537350688899423e-05	2.7348396780764224e-10	5.49402886089249e-05	0.0003269951034716	0.0002389930823051	5.7117693389707604e-08	1.069257976944024e-07	0.0001410112263542	0.0005470107519569	1.9884165957915427e-08	2.992207627564533e-07	6.897671882525133e-05	5.895884661766855e-05	4.757787739897781e-09	3.476145594485766e-09	0.0	0.0	0.0	0.0	0.0	0.0	0.0
872.785833236963	-2.279285632414144	5.195142994129544	761755.1106991398	1031.3025630070613	-8.917866829114018	1063584.9764649337	79.52834878181211	821.2104378405045	-0.1157469228168111	674386.583218193	0.0133973501415608	849.4674764548616	620.7284295683351	1.000471	18.435474	0.0836180938022949	0.0451759868983963	-0.0312009313	0.042419208	0.0555183361	-0.0888099227	-0.1472793474	0.1606443013	0.06045786	-0.0572745148	0.0185092065	-0.0215679765	-0.1865177058	-0.1239736343	0.128129039	0.0720051441	-0.0813092287	-0.0201124406	0.0842745759	0.1640728589	-0.1072160123	-0.0777448708	0.1013397195	-0.0547837379	-0.0239979429	-0.0889264437	-0.0599488274	-0.0608609754	-0.0532331251	0.0948711153	-0.0185451559	0.0094453473	0.0268265677	0.1006372126	-0.0558457331	-0.0006479509	-0.0929250205	0.0928307498	-0.0219423606	-0.1305733355	-0.0202725087	-0.0813171881	-0.0016952285	-0.1331485585	-0.0590756931	0.0818730773	0.0782625271	-0.0056825843	0.1354697196	0.0266019629	-0.179599892	-0.0144305688	0.1397772761	-0.1380520731	0.0175992449	-0.0263647154	0.1265980965	0.0510462622	0.0230141208	-0.1198005317	-0.0330199961	0.0670619645	-0.0454114424	0.1445391151	0.0977997012	-0.062200957	0.048101958	0.1639713179	0.0725571895	-0.0407530618	0.0236495069	0.0949575325	0.0760016987	0.0870212784	0.1029726456	-0.0081540967	-0.0558409348	0.0274292345	0.0250869084	0.0115817833	-0.0313526596	-0.0637620165	-0.1002932645	0.0035455838	-0.0430322039	0.0861742064	-0.009881537	0.0326177453	0.0678773264	-0.0681513122	-0.065937235	0.1221820026	0.065495627	0.0291656736	-0.0942821024	0.1173204117	0.044122772	-0.0599131759	-0.1630343186	-0.1020168993	0.1531002537	-0.0709204776	0.0470883597	0.0740363592	0.0351298985	-0.0208342628	-0.0184403564	0.1073422654	0.0494042187	-0.0251860523	-0.0912870929	0.0219235013406233	0.0168801067446509	0.0002849380037108	0.0004806399110323	0.0115444507324014	0.0155911557436496	0.0001332743427128	0.0002430841374227	0.0294352032359626	0.0368473748886515	0.0013577290361848	0.0008664311895424	0.0001729998294045	-0.0001539952740671	2.3714544435001242e-08	2.9928940973986103e-08	7.300041324120876e-05	-6.801081311299124e-05	5.329060333387247e-09	4.625470700290221e-09	4.99367749848369e-06	-6.398304132676764e-05	2.4936814958862324e-11	4.093829577422856e-09	0.0	0.0	0.0	0.0	0.0	0.0	0.0
873.4417299444434	0.6558967074804514	0.4302004908836968	762900.455608342	1029.5239590375852	-1.7786039694760802	1059919.5822324234	3.163432080236069	820.5718807312644	-0.6385571092400824	673338.2114468444	0.4077551817610504	849.154178462788	618.9768165230583	0.972107	17.912804	0.0329657068935594	0.0216179088266402	-0.0257095923	-0.0681081173	0.0058680108	-0.0646077297	0.008010464	0.3337686305	0.043805534	0.0437085765	0.0292671257	0.0016982936	-0.2424330113	-0.188663685	0.1100343278	0.0174595552	0.0624290346	-0.0119509758	0.0742584716	0.1601534205	-0.0283757301	-0.1254519327	-0.0587140168	-0.0927446539	-0.1264675553	0.0558747445	-0.0094946364	0.0242362634	-0.0658208419	0.047220085	-0.2218725223	0.1251511288	0.0634545874	0.107705595	0.1746124797	0.0319744078	0.0625866309	0.0621919628	-0.0092887175	0.0277105781	0.0732706547	-0.0688720747	0.1611602791	0.0883684018	0.1764025991	0.0218744887	-0.1027967109	0.0548226104	0.1639620736	0.0364247558	0.0932429732	-0.0231142709	0.1204311213	-0.0467073884	-0.0527249353	-0.1389810695	-0.0079108214	0.0174165027	-0.0109645051	-0.146637567	0.0153056783	0.0576084326	0.1007813584	-0.0609194213	-0.2177959278	0.0777519818	-0.0243967535	0.1178702259	-0.0290556507	0.0390820683	-0.1833769541	0.0192663501	-0.0107924338	0.0985365486	0.0457894574	-0.1294703627	-0.1109403074	0.0438826028	-0.0882852287	-0.0155125177	0.1487738059	-0.0938287342	-0.0516470787	-0.001240029	-0.0501144304	0.112784384	-0.0417654432	0.0238339372	0.1091674408	-0.027163827	-0.1381627588	0.070441272	-0.026894758	0.0814098555	0.1299340045	0.0898194049	-0.0892792566	-0.0456990512	-0.1844282951	-0.025004027	0.1586428531	0.0292394625	0.1283733297	0.0126822955	0.0052394741	-0.1079891493	-0.0339434625	0.1054279714	0.0430942802	-0.0350428114	-0.1003291122	0.0219126825906386	-1.0818749984698587e-05	1.170453512314157e-10	0.000480165658318	0.0109896884256386	-0.0005547623067627	0.0001207732516926	3.077612170047825e-07	0.0282863768408248	-0.0011488263951377	1.3198020861653116e-06	0.0008001191147811	0.0005350039876066	0.000362004158202	1.31047010555611e-07	2.8622926675496293e-07	-0.0001259813012992	-0.0001989817145404	1.587128827703981e-08	3.9593722721440726e-08	6.903379358945752e-05	6.404011609097383e-05	4.765664657351827e-09	4.101136468945406e-09	0.0	0.0	0.0	0.0	0.0	0.0	0.0
874.8761178845534	1.434387940110014	2.057468762733049	765408.2216447471	1035.5702480413977	6.04628900381249	1072405.738628522	36.55761071762383	821.5560331531169	0.9841524218525136	674954.3156102854	0.968555989438168	849.9148510461566	614.9206979943935	1.115877	20.562035	0.1674320157019141	0.083965373317194	0.0405430648	-0.1176845247	-0.1815818887	-0.0801192147	-0.0232291115	0.1172765615	0.0306114482	0.0853203483	0.0179848064	-0.0079187569	0.0055325767	-0.0726147836	-0.0182988231	-0.1257034707	-0.206628618	-0.0050476717	0.0609048364	0.103202483	0.0289556348	-0.0793007178	-0.1259174198	-0.1105586977	-0.0124775837	0.0670495341	-0.0279720181	0.1356552895	0.198788055	0.0434570575	-0.0540580328	0.0706606434	-0.1354027839	-0.0500210583	-0.1867726896	-0.032949398	-0.0070493023	0.0228113126	0.1275308928	0.0397946497	-0.029159316	-0.1229325419	0.1765438989	-0.0488590249	-0.0966217854	-0.1107356271	-0.0951009331	0.1088591959	0.0654142883	-0.1816268036	0.0350809376	0.0011899664	0.0943578387	0.0348381531	-0.0913354607	-0.214335256	-0.0491239444	-0.1176636046	0.0447315627	-0.04285855	0.022084638	-0.0011123026	-0.0235575517	-0.0816719565	0.0182738053	-0.1213020208	0.1862194433	-0.1159360469	0.1118235594	0.1662500401	-0.0078436045	0.0005569063	0.0308184343	-0.0131836388	-0.0314405472	-0.124758198	0.0223101261	-0.0845821127	-0.0143062549	-0.0806282738	0.0977233554	0.0780437929	0.0799551601	0.0097821296	-0.1343020563	0.0267964528	-0.0805746918	0.0441648492	-0.0109791265	-0.0564977444	0.0331212272	-0.0703954804	0.244948395	0.0055483961	0.1955777937	0.0920703404	0.0015868295	-0.0231253747	-0.0970157688	-0.0490288151	0.1049042944	-0.1949948312	-0.0019380673	0.1214843685	-0.0324779736	0.1166128318	-0.0193571975	0.1034414224	0.0366662233	-0.0446835199	-0.1082719048	-0.006982827894177	-0.0288955104848156	0.000834950526178	4.87598853996964e-05	0.0177088727326264	0.0067191843069878	0.0003136041734603	4.514743775127114e-05	-0.0309260242431435	-0.0592124010839683	0.0035061084421287	0.0009564189754874	0.0002740355783615	-0.000260968409245	6.810451062391795e-08	7.509549820792183e-08	0.0009179891404484	0.0010439704417476	8.427040619811923e-07	1.089874283242679e-06	-7.812575194069182e-05	-0.0001471595455301	6.103633116298511e-09	2.165593184064009e-08	0.0	0.0	0.0	0.0	0.0	0.0	0.0
876.9139174711981	2.037799586644724	4.152627155329406	768978.0186546834	1034.9199847685984	-0.6502632727992932	1071059.3748734358	0.422842323951648	822.3509045986092	0.7948714454922765	676261.0102941508	0.6318206148589811	851.4381684802827	624.9817851218586	1.112098	20.492395	0.1767269926523988	0.0995473551381941	0.1123940351	0.0603458833	-0.2163128862	0.0292378051	0.0592276811	-0.0069611872	0.0417644349	0.0121329088	0.1165729923	-0.0034536882	0.1333629857	-0.1286285753	-0.0129001285	-0.0777555549	-0.1499619141	0.000208973	0.1308533293	-0.1271187958	0.0421385894	0.0521777025	-0.1661401842	0.0162548023	-0.0756977107	0.0528998405	0.0556767846	0.012413296	-0.061870083	-0.0239961968	0.0609680327	-0.0858049093	0.0756241002	0.1042121991	-0.0717844774	-0.1355854774	-0.0010949487	0.0427976371	0.1819464188	-0.0304116469	-0.0466091254	0.0106423312	-0.0790213117	0.0355992098	0.299131417	-0.0663561274	-0.0633922307	-0.0603024653	0.1219167353	-0.0590907938	0.1098175856	-0.056888362	-0.1714131036	-0.0598720961	0.0193730791	-0.0989391058	-0.1762006877	-0.0681210515	0.0589334247	-0.0149542786	-0.0226602564	-0.1133243492	0.0105425369	0.0988200811	-0.070990232	-0.03864513	-0.0610979553	-0.0743427032	-0.0926680175	-0.0975560216	0.1781785047	0.1438457613	-0.0876035647	-0.0708753048	0.0925742882	-0.1583325586	-0.1211822333	-0.1281879198	-0.0329947399	0.0286339436	0.1558788968	0.0903497447	-0.1148870952	0.01425875	-0.2233133727	-0.0606857439	-0.078001501	0.0300603569	-0.031912823	-0.0632566353	0.056647716	-0.0302730528	0.132249751	0.0181304503	0.1096211437	0.167114533	-0.2454777179	0.1054125569	0.0210616191	0.0055594572	0.2022579623	0.0749103006	-0.0213229664	0.0073170125	0.0244781395	-0.0525001945	0.0140868497	0.1013839798	0.0301376669	-0.0540487397	-0.1150284477	-0.0125234635017079	-0.0055406356075308	3.069864293543929e-05	0.0001568371380786	-0.0041212132225183	-0.0218300859551447	1.6984398425459673e-05	0.000476552652809	-0.1049294903887414	-0.0740034661455979	0.0054765130015626	0.0110101979532409	0.0012036184997522	0.0009295829213906	8.641244077412682e-07	1.4486974929457366e-06	0.0006382745225519	-0.0002797146178965	4.0739436613885597e-07	7.824026746498504e-08	-0.000375884311536	-0.0002977585595953	1.412890156588927e-07	8.866015981227272e-08	0.0	0.0	0.0	0.0	0.0	0.0	0.0
873.9061355498314	-3.0077819213667	9.046752086500357	763711.9337516404	1030.9940727429512	-3.9259120256472215	1062948.7780310975	15.41278523312147	821.1975323114077	-1.1533722872014778	674365.3870743455	1.330267632884368	849.0572606730344	618.2850007351766	1.540965	28.395037	0.1441858172276228	0.0667310119328294	0.1055042223	0.0698150733	-0.0830656419	-0.0080264249	-0.3968273686	0.1659632936	0.069594377	0.0672450668	0.0368611342	-0.153372585	0.1663021425	0.0136041567	0.2104028621	-0.0897290167	-0.0104878773	-0.0511356861	0.1233490172	-0.0911364576	-0.36751046	-0.1726030298	0.1203332806	-0.1750550997	0.0310136032	0.0223252636	0.072178268	-0.1331432265	-0.077806359	-0.0636118258	-0.2128970718	-0.0405874438	0.1625619014	-0.1202075931	0.0787494873	0.1210936826	0.1163412318	0.1859944813	-0.0406764444	-0.0687778005	0.0204892774	0.0861069419	-0.2110853524	-0.1680914801	-5.59947e-05	0.0362658152	0.0977094885	-0.0305232427	-0.0259195665	-0.1662236563	0.1430969263	-0.0131264121	0.0929550549	-0.1072312336	0.3237066553	-0.0163384594	0.1925858767	-0.2860484045	0.0542413288	0.0061241007	0.0458661055	0.0307627387	-0.0696592038	0.106281949	-0.1725273765	-0.1032131266	-0.0997364268	-0.0353605248	-0.0581996403	-0.212803669	-0.1934243058	0.033409007	-0.1517651694	0.179400851	0.1908779572	0.1043271978	-0.0547911516	0.0171094093	0.1379160731	-0.0437412821	-5.01493e-05	-0.1868810993	0.0905667036	0.0043717633	-0.172527118	0.1388805231	-0.2427855698	-0.1147821031	0.0732623435	-0.0656805548	-0.1281297716	0.2050049791	-0.1611927073	-0.2434633973	0.0742767997	0.0742295117	0.2844177126	-0.0522369356	-0.0570819423	0.3963889617	-0.1254171707	-0.2274130511	0.0559496218	-0.1583024912	-0.0740964751	0.144956536	0.2993662568	0.0992570537	0.0235265052	-0.063080731	-0.1205247148	0.0104225863935027	0.0229460498952106	0.0005265212057934	0.00010863030713	0.0112239995102498	0.0153452127327681	0.000125978165006	0.0002354755538139	-0.0629442592713473	0.0419852311173941	0.0017627596319809	0.0039619797752185	0.0021360577794739	0.0009324392797217	8.694430103679231e-07	4.562742837250969e-06	0.0002925989541462	-0.0003456755684056	8.561414796745005e-08	1.1949159859260372e-07	-0.0003758126900184	7.162151760000627e-08	1.4123517797886604e-07	5.129641783328008e-15	1.0	0.0	0.0	0.0	0.0	0.0	0.0
876.9207783199904	3.0146427701589573	9.088071031671673	768990.0514493377	1032.2018788655598	1.2078061226086447	1065440.7187335915	1.4587956298109286	823.0703297078404	1.872797396432702	677444.7676453731	3.5073700880851075	851.5999319392863	627.0862288918919	1.314747	24.226568	0.2169205035922127	0.1098927010953504	0.1196815925	0.1342059253	-0.1267458734	-0.0324459005	-0.0800216514	-0.0024033609	-0.0639489736	-0.1608704419	-0.1780185742	-0.1680759188	0.015458007	-0.1128887895	-0.0867594539	-0.0307781139	0.0206048663	0.0006725258	-0.0134260684	-0.040202584	-0.0053180133	0.0583239656	0.0024826019	-0.2595710216	0.0105455116	-0.085932967	0.0045874613	-0.1857177548	-0.1756414288	-0.0199918747	-0.076627311	-0.0466781141	0.0227167432	0.0271248243	0.0249488205	-0.208281404	0.022247093	-0.1415103683	0.1787097266	0.1024755969	-0.2127757854	0.0367023703	0.0433189147	-0.0686144835	-0.2626227197	0.0032493979	-0.0520973068	-0.0665979921	-0.0591826106	0.0039577946	0.15535309	-0.0053272702	-0.0200802413	-0.0248755777	0.0037849351	0.042939025	0.0396105555	-0.1501111758	0.1534059542	-0.086704669	-0.058526594	-0.0560428252	0.1427293782	0.1472149434	-0.0083469415	0.1037950468	-0.1023143373	-0.0989093811	0.0302806336	0.0609939143	-0.0377631037	0.0754675598	0.329682017	-0.0379759351	0.0657616891	0.1890892575	0.2025213015	-0.1657532969	-0.0304484014	0.0161298855	-0.091112404	-0.0179156162	0.0244888257	0.0058937771	-0.1626610231	0.0825150616	-0.0401039714	-0.1085840812	-0.1655082782	0.0011990162	-0.0638902618	0.0384860067	0.0316236272	-0.0494066411	-0.01939762	-0.031237845	-0.0366131717	-0.0165167039	0.0871465119	-0.0303400682	-0.1124319023	0.0573053797	-0.007282803	-0.0340409832	-0.2110066673	0.1164115981	0.0862324118	0.0970621018	0.016850859	-0.0717238087	-0.124700488	-0.0046100501541843	-0.015032636547687	0.0002259801615748	2.125256242409469e-05	0.0508079790551363	0.0395839795448865	0.0025814507356671	0.0015668914366099	-0.0089383563762481	0.0540059028950992	0.0029166375475148	7.989421470881506e-05	0.0008238952259953	-0.0013121625534786	1.72177056675148e-06	6.788033434178465e-07	-0.0005601543617439	-0.0008527533158901	3.13772908980716e-07	7.271882177615607e-07	-0.0003747688672963	1.0438227221000243e-06	1.404517038945517e-07	1.089565875172305e-12	0.0	0.0	0.0	0.0	0.0	0.0	0.0
874.8670159334652	-2.05376238652525	4.21793994030589	765392.295568326	1038.9377975463867	6.735918680826899	1079391.7471705368	45.37260047471279	821.1206773553811	-1.9496523524593383	674239.1667805598	3.801144295450233	850.3157550830559	623.4706328187574	1.077305	19.851267	0.1425493613602154	0.083979875241665	0.0398957564	0.1376023144	-0.0246320427	0.0069044423	-0.0286573424	-0.0254206398	0.0011285918	-0.1136508589	0.0171643694	0.0336960539	-0.013868381	0.0402521471	0.0120955144	0.1156579174	0.0234881144	-0.024116907	0.2160506062	-0.0754975601	-0.0309667173	0.0255123649	0.0695387287	-0.0557960904	0.0108625055	0.0249990348	0.1916586847	0.0913028526	-0.0940229726	0.027857625	-0.0441961765	0.0356187915	-0.1024303264	-0.0942230438	-0.0488889261	0.0644271046	-0.116132168	-0.0229389781	-0.0223517985	-0.0407832631	0.0539059753	0.1230049176	-0.0756638906	0.0424583548	-0.0012615221	-0.0920320064	-0.0832707401	0.0104902366	-0.134331846	0.1671693864	0.0117668132	-0.03370673	-0.1101797723	-0.1274671451	0.0460012846	-0.0367606057	0.0758067261	-0.1352020777	0.0162827707	0.011860018	-0.1353931303	0.1092732971	-0.0545683716	-0.1033858329	-0.0713086216	-0.0456906434	0.0767831201	0.0438841856	0.0645782725	-0.071785017	-0.0457405712	-0.0615120574	0.0176630434	-0.0845234654	-0.0912187116	0.0584285906	0.0067850948	-0.0382167247	-0.0507833257	-0.013532277	-0.0299864314	0.0351876791	-0.1113983929	0.0072904546	-0.0991307759	0.0583993856	0.0359073204	0.0103728627	-0.1350855517	-0.0060719179	-0.0352396772	0.025002891	-0.0115576465	-0.1132613108	-0.0068215514	-0.0692784637	-0.0558160965	0.0550280571	-0.1092080238	-0.0234319324	0.0488340052	0.1629708464	0.0919172778	-0.1712121048	0.0806430801	0.0678328991	-0.1467232535	0.0948006283	0.0101290257	-0.0799246852	-0.1275100165	-0.0069420713886358	-0.0023320212344515	5.438323037932698e-06	4.819235516491578e-05	-0.0205917013823295	-0.0713996804374658	0.000424018165819	0.0050979143665722	0.0051172111066648	0.0140555674829129	0.0001975589772667	2.618584951017359e-05	0.0002289887178603	-0.000594906508135	3.539137534213788e-07	5.243583290730407e-08	-6.004291330019562e-05	0.0005001114484437	3.605151437574808e-09	2.5011146086446e-07	-0.0003749927548253	-2.23887529000042e-07	1.4061956617146756e-07	5.0125625641744647e-14	0.0	0.0	0.0	0.0	0.0	0.0	0.0
873.7379803927746	-1.129035540690552	1.274721252142407	763418.0583808445	1029.0971144651755	-9.840683081211182	1059040.8710005507	96.839043504836	821.3381870212709	0.2175096658897928	674596.4174593881	0.0473104547554893	850.1948525815566	619.5952042524502	1.077718	19.858887	0.1360865324492871	0.0648804264618149	0.0195845709	0.0419444341	0.0082462661	-0.1285933521	-0.0346366784	0.1214935826	-0.022538335	-0.0769429297	-0.0557941356	-0.0450882868	-0.1666755408	-0.1865942803	0.0718534058	-0.0137408695	-0.0297127094	-0.0285141156	0.1453659402	0.0726400398	0.0232283744	0.0836717093	-0.0005406052	-0.0615352088	0.1075205867	0.0958151436	0.1799620244	-0.1095198028	0.0913216729	0.0250479732	0.1158130731	-0.1092658133	-0.0685573789	0.2683086752	-0.1420529522	0.1991882722	-0.0359423554	-0.0276024324	0.0116752729	-0.0203111353	-0.0306701018	0.0767442821	-0.0944309113	-0.0040014311	0.000383184	-0.1313442478	0.0668840245	-0.0127752755	-0.0248366138	-0.0097715787	-0.0802336231	-0.0376761647	-0.0059610387	-0.1354236473	-0.1435139898	-0.0214177059	0.0040508737	-0.1498539864	0.0362782343	-0.0025024066	0.1225213694	0.0929285121	-0.1414231277	-0.0287423103	-0.008569002	-0.0730927654	-0.037807306	0.1911789579	-0.0429593178	-0.1267044279	0.1871569189	0.057543151	0.0694349319	-0.0350244622	-0.1342949376	0.1124162503	0.0722023673	0.0082722641	-0.1122018976	-0.058020473	0.1421046597	-0.0143695905	0.0579138097	0.0086543348	-0.0904940227	0.0963586175	0.0713213479	0.0067143369	-0.0730950398	-0.0428360448	-0.0501186256	0.0393076345	0.0368841396	0.1333884386	-0.2022323679	-0.0481936934	0.0973782548	-0.0825821082	-0.0922702754	-0.0298730422	-0.0066951693	0.0244772831	0.1067435981	-0.0775750762	-0.0526739014	-0.0580960945	-0.1290822486	0.0924741833	0.0033794295	-0.0876327994	-0.1289225186	0.0224732279636299	0.0294152993522657	0.0008652598359834	0.0005050459751052	0.0198172707657704	0.0404089721480998	0.0003927242206038	0.0016328850300659	0.0380284943541511	0.0329112832474863	0.0010831525649962	0.0014461663828437	-0.0001100715958626	-0.0003390603137229	1.1496189634187139e-07	1.211575621573954e-08	-0.0003329763242896	-0.0002729334109894	1.1087323253741289e-07	7.449264683431115e-08	-0.0004300185841417	-5.50258293164e-05	1.8491598270723238e-07	3.027841891957585e-09	0.0	0.0	0.0	0.0	0.0	0.0	0.0
875.7759881679439	2.0380077751692625	4.153475691650368	766983.5814515386	1035.4585289588342	6.361414493658685	1072174.3651935929	40.46759436013079	821.1889017015112	-0.1492853197596559	674351.2122777343	0.0222861066957427	849.4016235802561	619.4898645511299	1.032879	19.032646	0.0380217112187166	0.0197127969798814	0.0089703377	-0.0549179617	-0.0018650061	-0.106887355	0.1274884435	0.0508151002	-0.0111157022	0.0492946664	-0.0393732661	0.1067815661	-0.125806999	-0.0130577494	0.0283818225	-0.0043508077	0.0650168678	0.0072780802	0.1242075162	0.0102335839	0.0617247955	-0.0584896494	0.0025583266	0.0546367268	0.1176463695	0.0613063415	0.0355486328	-0.0637924341	0.1007504124	0.0458789364	-0.0318301222	0.1181887949	0.0178590259	0.0268298548	0.038797475	-0.0308130616	-0.06201118	-0.1745782556	-0.0928036313	0.0857484724	0.0507291774	-0.19751156	0.0682895296	0.0066854074	0.1468084941	-0.0400644182	-0.0069709361	-0.0820838213	-0.1879772101	-0.0420432612	-0.0303205232	0.0087509624	0.0139215146	-0.0566222673	-0.0806813809	-0.0866873353	0.0611703761	-0.0220476805	0.0258449091	0.0471685672	0.1728813385	0.1360201982	0.1078448416	-0.0856322949	-0.0581198172	0.0660932772	0.0162508372	0.0635532781	-0.00335074	0.0397956756	-0.0687040572	0.062093292	-0.0579481862	-0.2047848997	0.0140745313	-0.1237297758	0.0268744544	0.0386092574	-0.0500099077	0.1310173864	-0.033489466	0.1152220178	0.0387687747	0.0032143881	-0.0388652256	0.090152894	0.097447782	0.0264310289	-0.0233307454	-0.0227412231	-0.003707005	-0.0818485789	-0.0252392027	0.0524663201	0.0794689675	-0.1370957906	0.043288893	-0.0020722462	-0.0779307003	0.0131785554	-0.0913488404	0.044579313	-0.0148152049	-0.0895597821	0.0737704972	-0.0967713524	-0.0773912242	0.090084361	-0.0033794295	-0.0948006283	-0.1289225186	0.0247604148259625	0.0022871868623326	5.231223743226849e-06	0.0006130781423537	0.0198936027352516	7.633196948119911e-05	0.000395755429788	5.826569564878712e-09	0.0441841576952839	0.0061556633411328	3.789219116936624e-05	0.0019522397912417	-0.0003640374570092	-0.0002539658611466	6.449865862793414e-08	1.3252327010572517e-07	-0.0001328968942715	0.0002000794300181	1.766158450701025e-08	4.0031778316367785e-08	-0.0005660238738924	-0.0001360052897506	3.203830258161595e-07	1.849743884017185e-08	0.0	0.0	0.0	0.0	0.0	0.0	0.0
875.5234300466284	-0.2525581213154737	0.0637856046424015	766541.2765606134	1037.0178324381511	1.5593034793168954	1075405.9847947212	2.431427340609776	822.0883070547369	0.8994053532256885	675829.1845961234	0.8089299894110255	850.9289502674723	618.3391466584629	0.940493	17.330269	0.0573768761130561	0.0282144226476382	0.0128974584	-0.0940666887	-0.1282037619	-0.1041992103	0.0527559898	-0.0850966408	0.0284167253	0.0138868766	0.1024629594	0.0394885897	-0.1022824513	0.0154708993	-0.1012452479	0.0734908057	-0.1756945599	-0.0114709	0.0678421505	-0.0025071619	0.1242247449	-0.0870523024	-0.202233414	0.0627453981	0.089861303	-0.0221893685	-0.0200873915	-0.1085011805	-0.0420938732	-0.0343277439	-0.089214738	-0.1110807281	-0.0763895986	-0.041970866	0.0665386344	0.0701778354	-0.1461497085	0.1526401502	-0.0242745998	0.1892564983	0.0108550925	0.0190511205	0.0214680655	0.0910497331	-0.0877952264	0.1612732062	0.0799579386	-0.0437475856	-0.0487716075	0.0082995503	-0.0181295698	-0.0243029542	-0.0711544602	0.0384203548	-0.0800212492	-0.1765241944	-0.1149272946	-0.0189340437	0.0603649197	0.1533079983	-0.0767957587	0.0872037592	-0.0014360496	0.041764063	0.1236502884	-0.0414698089	-0.0931043847	0.0503257298	-0.0012082927	0.1165048412	0.029017998	-0.1589253789	0.0300067569	-0.022741125	0.2212128281	0.0929217823	-0.2091352445	0.0735659412	-0.0137390473	-0.0204474713	0.064812972	-0.051582417	-0.0638534341	0.0086159533	-0.0650603484	0.0917445085	0.0707895523	0.0438801327	-0.0042766227	-0.0041970484	0.0986699584	-0.1710817441	0.0910857781	0.0210466484	0.0049217609	-0.0074321041	0.1160825718	-0.0326147177	-0.0031491059	-0.0727515259	-0.0410055453	-0.0328581712	-0.0538539814	-0.054402721	-0.0354359198	0.0633659585	-0.077181437	0.0876327994	-0.0101290257	-0.1013839798	-0.1275100165	0.0223529798289661	-0.0024074349969964	5.795743264763066e-06	0.0004996557072341	0.0286178743189964	0.0087242715837448	0.0008189827305378	7.611291466693702e-05	0.0565472829702997	0.0123631252750157	0.0001528468665657	0.0031975952113231	-0.0007080120215793	-0.0003439745645701	1.1831850107118993e-07	5.012810227008072e-07	-3.021783641021792e-05	0.0001026790578612	9.131176373146917e-10	1.0542988923280516e-08	-0.000797011136607	-0.0002309872627146	6.352267518755821e-07	5.335511553638368e-08	0.0	0.0	0.0	0.0	0.0	0.0	0.0
876.3521369817928	0.828706935164405	0.6867551843895813	767993.067992555	1035.6551030476887	-1.3627293904623912	1072581.492468719	1.85703139163	822.3444637390769	0.2561566843399987	676250.41704231	0.0656162469320617	851.0403689930984	625.7108139339388	0.975723	17.979441	0.0305586667273814	0.02340400805224	-0.0123240057	0.037774115	-0.0745124774	0.0733191594	0.0103253454	-0.0669705561	0.0362582892	0.010647553	0.1578992765	0.0281834602	0.0745267763	0.0325404279	-0.0705482897	-0.0660043194	0.0239925933	-0.0135812913	-0.0049266054	-0.187127655	0.0112491416	-0.0773226476	-0.0849082653	0.1103432777	0.0424186741	-0.0875903242	-0.0786452526	0.017691379	-0.0153656253	0.0538549659	0.0067596232	-0.0018941071	0.0385493303	-0.0015690486	-0.1114708088	0.0449640495	0.0011628852	-0.104573191	-0.0136866639	-0.0519045801	-0.0644924053	0.254801271	-0.0697786771	-0.1181326153	-0.0225106793	-0.0909593199	-0.1514446785	0.1054472326	0.0378598138	-0.1454814957	-0.0589732837	-0.0225316625	-0.1120260698	0.0591834402	0.1215368834	-0.0703881644	-0.0622340495	0.0745530943	0.0339359183	0.112230663	0.0442462375	-0.0850552823	-0.0061629587	0.1769169125	0.0290769838	0.0652334456	0.0812515073	-0.0195425063	0.035097774	-0.0918889378	0.0125534815	0.051200059	0.006734246	-0.045195217	-0.0648656011	0.1824179537	0.0497282615	0.0273918523	-0.0133651329	0.0586948795	0.0136535743	0.0550189827	0.037169429	0.0117516159	-0.0325485423	0.0936960069	0.0798840346	0.0507261583	-0.0107771556	0.0650668399	0.0659044054	-0.1203327801	-0.0797535856	0.0108861913	-0.1392497627	0.0444410504	0.0500824233	-0.041671661	0.0356539395	0.0311556881	-0.1455069751	0.0624447229	-0.1112556526	-0.0229398116	-0.0110110426	-0.0198634544	0.041004519	0.0851211787	-0.016850859	-0.1073422654	-0.124700488	0.0223165716244295	-3.6408204536597655e-05	1.3255573575787302e-09	0.0004980293690682	0.0283126441183156	-0.0003052302006808	0.0008016058169703	9.316547540764263e-08	0.0575205281015627	0.0009732451312629	9.472060855271304e-07	0.0033086111530826	-0.0011460205012535	-0.0004380084796742	1.918514282665041e-07	1.3133629892933236e-06	-6.110985025253868e-05	-3.089201384232076e-05	3.734413797887702e-09	9.543165192341371e-10	-0.0006810359663055	0.0001159751703015	4.638099874016661e-07	1.3450240126461938e-08	0.0	0.0	0.0	0.0	0.0	0.0	0.0
876.1484865710546	-0.2036504107381915	0.0414734897938341	767636.1705207494	1035.9629033406577	0.3078002929689774	1073219.1370980048	0.0947410203517883	821.5965481353163	-0.747915603760589	675020.8879078671	0.5593777503485663	850.2165124451585	623.6831052239422	0.8924029999999998	16.444117	0.0257471013133595	0.0142079624236179	0.0138157293	0.1187068043	-0.0227311039	0.0755911835	0.1064259295	-0.0269278657	0.0017403575	-0.0050738502	0.0920689469	0.0411158568	0.0445773099	0.0234195562	0.1281225695	-0.0362564347	0.0884214202	0.0318495128	-0.0061718012	-0.0381671807	0.1095302776	-0.1181013304	0.130118123	0.0326718325	-0.0126840606	-0.1425577211	0.0102714801	0.0358215567	0.0027392211	-0.0613477939	0.0438919493	-0.0059517399	-0.0001170335	-0.0830382826	-0.0191667242	0.0126660956	-0.0129720995	0.0375300374	0.0083873021	-0.1272431136	0.228892478	-0.0201126605	0.1014347491	0.1419173997	-0.0678402788	0.0657606759	-0.065625927	0.2039434946	-0.0270292372	-0.0763569497	0.0838951837	0.0136639685	-0.0922817048	0.0541348684	0.0530376787	-0.0282200508	0.1433736285	0.1898851733	0.0768512281	-0.0019460999	0.0055459444	-0.0033682782	0.0744985292	-0.0292132021	-0.0458059041	-0.0396734602	-0.0071909453	-0.0527731494	0.0309378405	0.0058004595	0.0106748702	0.0254160387	0.1606865781	-0.0717713437	-0.084951001	-0.1025815451	-0.0658161474	0.1658670557	0.1327926313	0.0280183737	-0.0401919409	-0.0584885009	0.0898794179	0.0058754569	-0.0391313957	0.0854021468	0.1203296551	0.0246848828	-0.0287775079	0.0430660735	0.0404542017	-0.0604144743	-0.2091351499	0.0058479096	-0.0465764052	0.0332850869	-0.0696663608	0.0090869172	0.0322454885	-0.0462561727	-0.1105162616	0.0298167888	-0.1053534226	-0.0267224861	-0.009000683	0.1008471474	-0.0386916995	0.0825512202	-0.0235265052	-0.1126387502	-0.1205247148	0.0224200403259544	0.0001034687015248	1.070577219524876e-08	0.0005026582082174	0.0304208070406559	0.0021081629223403	0.0009254255010048	4.444350907130401e-06	0.0682760136715501	0.0107554855699874	0.0001156804698462	0.0046616140428776	-0.0011199706101903	2.60498910632e-05	6.785968244045872e-10	1.254334167690033e-06	0.000104345437331	0.0001654552875835	1.0887970291797649e-08	2.7375452189351493e-08	-0.0006169414625621	6.409450374339997e-05	3.806167682282631e-07	4.108105410112712e-09	0.0	0.0	0.0	0.0	0.0	0.0	0.0
876.8672651914779	0.7187786204233362	0.5166427051776744	768896.2007643817	1038.641097239959	2.6781938993012773	1078775.328875826	7.17272256225458	822.5143549209085	0.9178067855922336	676529.8640509583	0.8423692956791483	850.6322478245828	622.1724140048867	0.951623	17.535351	0.0263012642622934	0.0121005888115233	-0.0288602269	0.1039395594	0.0737832522	0.0397977063	-0.0692697013	-0.1205570597	0.0094051067	0.0060248989	0.0234224224	0.0218274609	0.1526539835	0.1611043625	0.142168432	0.0995413709	-0.0464400328	0.0067349986	0.0293144886	-0.0601649245	-0.0006662	-0.0317727397	0.0150140609	0.1281286414	0.0981662807	-0.1076113457	-0.0725835903	0.0074187182	-0.1765416165	-0.1098444002	0.0765095239	0.2024077828	-0.06556626	-0.0590232693	0.1102023808	-0.0420947866	-0.0241535272	0.0588264755	0.052601069	0.0690516016	-0.0470736087	-0.0572592987	-0.1159834781	-0.1060557635	0.0316212827	-0.0090266783	-0.0517389733	0.1780802101	0.0336037684	0.0169332863	-0.0338337206	0.0188020182	-0.0231360813	0.0060519432	0.091642051	-0.0109169451	0.1386649913	0.0559978482	-0.0312292375	0.2064428137	-0.0939416434	-0.0494548795	0.068642573	0.0040294284	0.0492581467	0.1109315656	0.0371456091	-0.0007624936	-0.2104211833	0.0585164381	-0.0793824133	0.0128114922	0.0112950874	0.0489065865	-0.0073890522	0.0631062982	0.0642647802	-0.0973788703	0.1569639331	0.0556901025	0.0323790853	0.0816014266	-0.0192417968	0.0070370664	0.0028307537	0.1089321109	0.1113124177	0.047763063	0.0303176666	0.0212989248	0.0519781235	-0.0591848847	-0.1213258809	-0.1565990783	-0.0846829711	-0.067681523	0.0796886778	0.0048059055	0.0444640067	-0.0471246459	-0.063860505	0.1184642944	-0.1103703333	-0.0034316907	-0.079757929	-0.1217897633	0.0035026677	0.0799246852	-0.0301376669	-0.1172407796	-0.1150284477	0.0196134604852034	-0.002806579840751	7.87689040250991e-06	0.0003846878322046	0.035604931549301	0.0051841245086451	0.0012677111506304	2.68751469211348e-05	0.0727150555739797	0.0044390419024295	1.970509301152575e-05	0.0052874793071269	-0.0012559809076158	-0.0001360102974255	1.8498801005772975e-08	1.5774880402954088e-06	5.894752745394527e-05	-4.5397909877054735e-05	3.474810992933631e-09	2.060970221205184e-09	-0.0007129636154689	-9.602215290679992e-05	5.083171169824855e-07	9.220253848856866e-09	0.0	0.0	0.0	0.0	0.0	0.0	0.0
875.6712342499037	-1.1960309415742358	1.4304900132029532	766800.1104927497	1037.2001299735828	-1.4409672663762194	1075784.109617217	2.0763866627677543	822.7234564848133	0.20910156390471	676873.8858503184	0.0437234640273955	850.9275774274554	623.8145720639249	0.968553	17.847322	0.0537534040862431	0.0308564079890786	-0.033208091	0.0754197754	0.1004983318	-0.065662736	-0.0904358452	0.0600291797	0.0802115397	0.0370161582	-0.1149568436	0.0403234877	0.0753570578	-0.0527943767	-0.021720818	0.1300288586	-0.0277263173	0.0094613005	0.0411365727	0.1019411135	-0.0435682527	0.0007286897	0.0355037994	0.0609258902	0.0980055119	-0.0606078151	-0.1812442162	0.0015057485	-0.1092700929	0.081182733	0.142236582	0.0264198768	-0.0395345741	0.1028753481	-0.0458682235	-0.0898812761	-0.0457534724	0.0266275575	0.0057686639	0.041191283	-0.1287164072	-0.0327036014	-0.1067797048	0.0590083461	-0.0507831599	0.0546920683	0.0265780065	0.0236931614	-0.0845246612	-0.01519953	-0.0249084045	-0.0015170192	0.100138084	-0.0781247219	0.0244505733	0.0095934595	0.1092878367	0.0594946182	-0.0375508151	0.021591403	-0.0602278745	0.0024637298	0.0606686975	0.0808456861	0.2510150988	0.179977618	0.0495257068	-2.06642e-05	-0.1028274944	0.053735831	0.1417754742	-0.0031897933	0.029658122	-0.0543489003	0.053143569	0.083529792	-0.0482785111	-0.0953593514	0.0448352433	-0.1187035368	-0.0310411375	0.0186507617	0.0767272352	0.005759167	0.0084980419	0.1332911871	0.0716840571	0.0108448979	0.0748061992	0.0008698176	-0.0296999473	0.0522793394	-0.0991224396	0.021615236	-0.1388868193	0.0204983469	0.1339247638	-0.1137591717	-0.0220624226	-0.2426865682	0.0415484059	-0.0431325615	-0.0363400563	0.1021349155	-0.0411844323	0.0681949638	0.0244279053	0.0772433738	-0.0366662233	-0.1211199807	-0.1082719048	0.0224342598995832	0.0028207994143798	7.956909336165423e-06	0.000503296017242	0.03992143744901	0.004316505899709	0.0015937211679952	1.8632223182222605e-05	0.0985160533909663	0.0258009978169865	0.0006656914883521	0.0097054127757317	-0.0013428738795066	-8.689297189079992e-05	7.550388564015345e-09	1.8033102562611065e-06	0.0003130297479962	0.0002540822205422	9.798762313056449e-08	6.455777479568298e-08	-0.0007882904421392	-7.532682667030005e-05	6.214018211680155e-07	5.674130816217426e-09	0.0	0.0	0.0	0.0	0.0	0.0	0.0
874.3373659950101	-1.3338682548935594	1.7792045214127896	764465.8295750923	1036.3149224305764	-0.8852075430063451	1073948.6184522917	0.7835923941953302	822.284670497249	-0.4387859875643016	676152.0793347693	0.1925331428827794	849.6026001978781	618.8447487028093	1.047251	19.297464	0.1177727667274503	0.0540455421699111	-0.1005132127	-0.0858627036	0.1020583948	-0.0420700911	0.0370401354	0.1338857293	0.0152328838	0.1323986312	-0.1642644215	0.1099455685	0.0714039591	0.1044455475	-0.0677132998	-0.0111967703	0.013504723	-0.0163312579	-0.0314332295	0.1061666807	0.0507652107	-0.117644507	-0.029046196	0.1516458184	0.087696618	-0.1765739779	-0.1283327178	-0.1030941487	-0.073238041	0.0627410195	0.0101653055	0.0509994605	-0.0685667781	-0.0576403856	-0.0576806794	-0.0565007134	0.1817511688	0.0302988127	-0.0532899781	-0.0705079158	0.1468137359	-0.023265455	0.0397158295	0.0369869194	0.07255023	-0.0086471349	0.0388292298	0.1010014334	-0.1219239357	0.0511430587	0.0937112032	0.0123981692	0.1275615888	0.0320802303	-0.0155291693	-0.06929357	0.0624516795	0.1782936213	-0.0018816588	0.1574459607	0.062434432	0.0291679957	0.2342481569	0.1774027599	0.0639015851	0.0754603461	0.0746322668	0.0040335611	-0.0087390776	-0.0662519872	0.0062960832	-0.0969721074	-0.0391469132	0.1375298664	-0.1135528303	-0.0601989602	-0.016656363	0.0387658335	0.0606755726	0.0834228739	-0.0871402571	-0.0580448694	0.0511171642	0.0047228758	0.0864579385	0.172002339	0.1034823488	0.0058829923	0.1766923708	0.0796942489	-0.0190365142	-0.1096407799	-0.1556461096	-0.0251670747	0.0696585576	-0.0777476206	0.158982524	-0.0816344661	0.0376258482	-0.2072775229	-0.0908791895	0.055669536	0.0046001114	0.0932632492	0.1668656834	-0.1667742109	0.1251613553	0.0745091236	-0.0430942802	-0.1242524367	-0.1003291122	0.0411899380180926	0.0187556781185093	0.0003517754616851	0.0016966109939343	0.0664014135505084	0.0264799761014983	0.0044091477215056	0.0007011891343359	0.1303920703627739	0.0318760169718076	0.0010160804579869	0.0170020920134905	-0.0017904140602259	-0.0004475401807192	2.0029221335826369e-07	3.205582507054593e-06	0.0001709060966439	-0.0001421236513523	2.9208893870054084e-08	2.019913227371013e-08	-0.0010118485207803	-0.0002235580786411	1.0238374290052812e-06	4.9978214525700267e-08	0.0	0.0	0.0	0.0	0.0	0.0	0.0
876.2813743696278	1.944008374617624	3.779168560583457	767869.0470671237	1034.477368183625	-1.837554246951413	1070143.425284119	3.3766056104891744	825.0740765921677	2.789406094918718	680747.2318644181	7.780786362369691	853.0517478905288	619.0558143257255	1.383505	25.493551	0.395123522030704	0.2218542881179762	0.0479850399	-0.1347486329	-0.0987315658	0.0052064752	-0.0255080953	0.1570587251	0.0513786081	0.1836233155	-0.1318572404	-0.0980024342	0.1160291547	0.0008108869	-0.0395530116	-0.0497832385	0.1148813835	-0.0325704347	-0.2078505478	0.0774148435	0.0274980662	0.149717862	-0.0370663035	-0.1370379525	-0.0792905981	0.2794064724	-0.2335999172	0.1328845776	-0.0008761014	0.1176077552	0.0739984965	0.1642934877	0.1095112786	-0.0675750905	0.2058638713	-0.1097795574	-0.091640767	-0.0555337752	-0.1778414887	0.0802438455	0.0399098894	0.0954653809	-0.0725398065	0.149423024	0.0146740071	-0.0186736309	0.0297646164	-0.0087932961	-0.0541104559	0.0284285284	0.0584859517	-0.0169028988	0.1354781432	0.1566137797	-0.0580430498	0.0595934914	-0.0729972392	-0.1175173004	-0.1029775852	-0.1814052731	-0.0360738368	-0.2215636078	0.017263541	-0.3090355748	0.175238985	0.3151715363	0.0883793019	-0.1701174639	-0.1374385857	-0.0189104984	-0.1470687812	0.0069851841	-0.0190463041	0.0102000251	0.0399413273	-0.0298996175	0.0470979987	0.1181206711	-0.0301430986	-0.0552991203	-0.0288762182	-0.0316712007	-0.0032138723	0.0255030248	-0.0353901898	-0.0528948057	-0.1968505868	-0.1704723545	0.0638844881	0.0216191324	-0.1372063869	0.0475889687	0.0454592903	0.1946383909	0.0921338694	-0.2406928738	-0.0319840015	-0.3986646918	0.3603290834	0.1157321745	-0.1650600965	0.1727862087	-0.101887519	0.0375498848	0.0008880136	0.0461208428	-0.286438503	0.0717238087	-0.0494042187	-0.1266188352	-0.0912870929	0.0585852446066326	0.01739530658854	0.0003025966913093	0.0034322308856189	0.0168758022415573	-0.0495256113089511	0.0002847927012961	0.0024527861755253	-0.047674686888854	-0.1780667572516279	0.0317077700381101	0.0022728757699502	-0.0004439982489636	0.0013464158112623	1.8128355368171176e-06	1.971344450827429e-07	-0.0012628260033398	-0.0014337320999837	1.5947295147111728e-06	2.055587734523671e-06	-0.0007892794943946	0.0002225690263857	6.229621202717953e-07	4.9536971506278464e-08	0.0	0.0	0.0	0.0	0.0	0.0	0.0
879.5967057168309	3.3153313472031414	10.991421941747795	773690.3647079013	1041.61751752022	7.140149336594959	1084967.0528049858	50.98173254887743	825.4173812251645	0.3433046329968192	681313.8532286085	0.1178580710370807	854.8865186819694	629.0145854314393	1.321518	24.351341	0.1439665583041375	0.065782061750254	0.0220057833	-0.0018155861	0.0023428581	-0.0333931999	-0.104643666	-0.0313315038	0.0036968063	-0.0478825956	-0.0658893992	0.1183706389	0.1075072314	-0.092318438	-0.2511788895	-0.0017137625	-0.0003512214	-0.0587339732	-0.1051895997	0.031977734	-0.1410738377	0.17613204	-0.1070541377	-0.1060376478	-0.1127452899	0.0599765255	-0.0777585053	0.1681713926	-0.0635063336	-0.0553737008	0.0598939795	-0.0180704113	0.0919742844	-0.1352447007	-0.0114971252	-0.0120812347	-0.1471847963	-0.0892852486	0.0011354188	-0.1481256101	-0.0213603883	0.029512144	0.0164371016	0.0092391445	0.0603539367	0.0713756273	0.0247272546	0.222614152	-0.0382707365	-0.0116522216	-0.0383585739	-0.0898784084	0.0023081614	-0.0760953318	-0.0410955768	0.1396605116	-0.2435992312	-0.0615822469	-0.1066935948	-0.2122943916	-0.1066497251	-0.1511162213	-0.1766917552	0.0959568731	0.0259696671	0.0461359799	0.0150458971	-0.011529363	-0.0438348855	0.1004432116	-0.1560747878	0.0808313579	0.0308091637	-0.0570381511	-0.0692467097	0.0040644887	-0.1187735187	0.0601346567	0.0163279562	0.0762791846	-0.0339692613	-0.0191639803	0.0418867608	0.0291098293	0.0089000684	-0.1722625417	-0.1396086796	-0.0451661102	0.0397824218	-0.0397613311	-0.0326356115	0.2368842071	0.0842866411	0.0786306216	-0.1102155138	-0.018385578	-0.0914724815	-0.046729239	0.0955070044	0.0530124022	0.0458084681	0.0062401961	0.0561645681	-0.1209169508	0.0734811454	0.0448934407	-0.0021942875	0.0688893378	-0.0555787436	-0.1282045865	-0.0812449131	0.0565538067461375	-0.0020314378604951	4.126739781052921e-06	0.0031983330574794	-0.0003654746128631	-0.0172412768544204	1.3357169264743286e-07	0.0002972616275707	-0.071312701286061	-0.023638014397207	0.0005587557246425	0.0050855013647149	-0.0012910977907302	-0.0008470995417666	7.175776336611837e-07	1.6669335052284032e-06	-0.0005072612865639	0.0007555647167759	2.57314012846463e-07	5.708780412366463e-07	-0.0003708271690968	0.0004184523252977	1.375127893403467e-07	1.751023485471358e-07	0.0	0.0	0.0	0.0	0.0	0.0	0.0
875.6653877758592	-3.9313179409716663	15.455260753005703	766789.8713486459	1040.6973082713591	-0.9202092488608288	1083050.8874432524	0.8467850616890105	822.7395359473892	-2.677845277775305	676900.3440109253	7.170855331703498	851.0531756521641	626.301180060727	1.14882	21.169062	0.1874873310403901	0.113193247424156	-0.1017802407	-0.071904779	0.1214324757	-0.0018603893	0.0378188477	0.1049879748	-0.0182905665	0.0192614757	-0.1344057	0.1686408513	0.0647427415	0.0413505202	-0.1781628256	-0.0826603691	0.1544453377	-0.0317734758	-0.0542215052	0.1092803647	-0.1036124518	0.0588331756	0.1375677715	0.0611740984	-0.1414758457	0.0483197801	0.0064939085	-0.0817643581	0.1076249198	-0.0603757644	0.1346440285	-0.035524903	0.0273250311	0.1669029749	-0.0956524879	0.0718233392	0.1636174611	0.146832943	0.022595597	0.0096993117	-0.0382955632	-0.0543621877	0.2157024734	0.0539581537	0.0186726123	0.0344999368	0.0427563047	0.0330129388	-0.0920778622	0.0057174485	-0.119227663	-0.0143795096	0.1005854695	-0.0238335845	-0.0095958386	0.1098046091	-0.032615334	0.0704006478	-0.1590368377	-0.1076101759	0.0746699437	0.1270441604	-0.0050170247	0.1154896599	0.0120233775	-0.2266543532	-0.0395949767	0.0209140664	-0.0079207399	0.0810789489	0.1471898323	-0.0196713834	-0.0393028746	0.1767447495	-0.0155379093	-0.0518121682	0.0449610141	0.0531093606	-0.0791200014	-0.1207795275	-0.0911927611	0.0521363375	0.1305457945	0.0235668309	0.1235999849	-0.0812784308	-0.0552161341	-0.0001187302	0.1245258998	0.0598014316	-0.115844576	0.0937777344	-0.0617509657	0.0715001995	0.0344613739	-0.0501164076	-0.0200235904	0.1181583823	-0.0278861012	-0.1040295204	0.1294843915	0.010291188	0.0272830403	-0.0291494824	0.0968873134	-0.1788076632	0.1987873972	0.0660076536	-0.0616009311	-0.1289999139	-0.0703125971	0.0737336474924745	0.017179840746337	0.0002951469280695	0.0054366507725444	0.0178036660938545	0.0181691407067176	0.0003169705263814	0.0003301176740205	0.0119371672857795	0.0832498685718405	0.0069305406172287	0.0001424959628086	-0.0024635649626199	-0.0011724671718897	1.3746792691590315e-06	6.06915232504839e-06	-0.000318023884094	0.0001892374024698	1.0113919085423396e-07	3.581079449355489e-08	-0.0003868922150471	-1.606504595029999e-05	1.4968558606405148e-07	2.5808570138525017e-10	0.0	0.0	0.0	0.0	0.0	0.0	0.0
875.7387296749272	0.073341899067941	0.005379034158892	766918.3226526552	1036.47375586094	-4.223552410419188	1074277.8465884833	17.838394963557736	822.6888412282436	-0.0506947191455537	676816.9294814703	0.0025699545492465	850.7783244466547	615.9211529542092	0.95428	17.584312	0.0640572666718772	0.0352604183134342	-0.0973401973	-0.1431280163	0.0824772466	0.0538210322	0.0665642783	0.0699578598	0.0068032703	0.1008653317	-0.1182818197	0.0416391409	-0.023978896	0.1251037347	-0.1039296457	-0.0602759279	0.0880056868	-0.0196737549	-0.1513730562	0.0917980172	-0.0060613481	0.0220816752	0.0797544618	0.0205472796	-0.0525838832	0.2240370959	0.0139148219	-0.093124021	0.1631830209	0.043862535	-0.2382806919	-0.0232610848	0.0294194612	0.1341782151	-0.0009559878	-0.1745465462	0.0292675228	0.160895788	0.0757852046	0.0667001988	0.1307754578	0.127600186	-0.107709453	0.0459418495	-0.0962736726	0.0282626968	0.049810608	-0.0383727743	0.0771593706	0.0809838847	-0.1499672765	0.0027375298	0.099594837	0.1572889807	-0.0788226649	0.0662253213	-0.0275319542	-0.0356001096	-0.1483865229	-0.0962855861	0.0788380587	0.1116618586	0.0656006221	-0.161044216	-0.077113794	-0.0171167382	-0.0022780676	-0.1072474806	0.0748070467	-0.0626745008	0.0762464308	0.0812907407	0.0370315787	0.1259437531	0.2191509464	0.0757945253	-0.0206800894	0.1257597266	0.0268413268	-0.0209733536	0.18091951	-0.038930477	-0.0258934156	0.0329988413	0.1605379515	-0.1249567544	-0.0814780335	0.0042580192	0.0962646613	0.1271276743	-0.1025150449	0.0440065099	-0.0226266335	0.0436673896	0.1944249772	-0.1375587303	-0.0191239261	0.1052112404	0.0782915323	-0.0226386953	0.0811175966	-0.0493022143	0.0263056992	0.0924009844	0.0275262132	-0.0411369598	0.110134163	0.063080731	-0.0674542747	-0.1289999139	-0.0586099215	0.0814054991394215	0.0076718516469469	5.885730769276323e-05	0.0066268552901383	0.0302324300371594	0.0124287639433049	0.0009139998259517	0.0001544741731583	0.0039589559036841	-0.0079782113820954	6.365185685739658e-05	1.5673331847315188e-05	-0.003093083722376	-0.0006295187597561	3.9629386888485833e-07	9.567166913627371e-06	-0.0003858679001502	-6.78440160562e-05	1.488940363663247e-07	4.602810514633923e-09	-0.0004090982332254	-2.2206018178299995e-05	1.6736136442814374e-07	4.931072433349899e-10	0.0	0.0	0.0	0.0	0.0	0.0	0.0
876.0697872630546	0.3310575881274644	0.1095991266567738	767498.2721551338	1036.495110536233	0.0213546752929687	1074322.1141655175	0.0004560221568681	822.8611117978639	0.1722705696203093	677100.4093092168	0.0296771491573058	850.7203861480863	618.7884044889335	0.973388	17.936417	0.0471480110212595	0.027334059067164	-0.0940040028	-0.1335847717	0.0043943523	0.0855881566	0.1071532102	-0.0228977089	-0.0257937533	-0.0046924826	-0.0547307464	-0.014258051	-0.1257793764	0.1944144846	-0.0066638833	-0.0876221196	-0.0232669867	-0.0105114294	-0.1285763283	0.04130552	0.0532469463	0.0011368997	0.0555331744	-0.0086099365	0.0116246035	0.0974411186	-0.0223655913	-0.1406556463	-0.0062240493	0.0804985798	0.0245541736	-0.1344335297	-0.1155530344	-0.2918407178	-0.0276027659	0.0736852043	0.1012080949	-0.1302071653	-0.0182400817	0.061213431	0.126530362	0.0200643611	0.0575451527	-0.0101548052	-0.0766001515	-0.2110671761	0.0098025409	-0.1391976511	0.2988279894	0.1026818485	-0.0847921358	0.0168670679	0.0281688309	0.1859764583	-0.1294855277	0.02085248	0.0199978935	-0.0813326616	-0.052656859	0.0624067373	-0.0340462231	0.0378296698	-0.0018559181	-0.0162301378	0.0578335175	-0.0950840399	-0.1605734086	-0.1782078653	0.1860043779	-0.0800667092	-0.0764008466	-0.2377885191	-0.0395307186	0.0787553708	-0.1606480494	-0.1239897223	0.150338033	0.0297626336	-0.1531329141	-0.1405169578	0.0455046398	-0.040066248	-0.1905198512	0.0246759597	0.1496574749	-0.103470739	-0.05851514	0.015608767	0.0135429671	0.1405065131	-0.046421262	-0.0698828273	0.0548516692	0.0119197152	0.1060272586	-0.085690524	0.0352969498	0.1019407727	0.0571013478	-0.0351377314	0.0514857658	-0.1602910016	-0.068763074	0.1165789317	0.1501889148	-0.0202512302	0.098045875	0.0601105761	-0.0731227308	-0.1282045865	-0.0462651033	0.091039163318257	0.0096336641788355	9.280748551057832e-05	0.0082881292576882	0.0302921670330675	5.973699590809678e-05	0.0009176153835592	3.568508680123971e-09	0.0178466705332169	0.0138877146295328	0.0001928686176313	0.0003185036491211	-0.0031200013189997	-2.6917596623700097e-05	7.245570079962308e-10	9.73440823055987e-06	2.568935735536293e-05	0.0004115572575055	6.599430813315395e-10	1.6937937620550026e-07	-0.0004419612834358	-3.286305021040002e-05	1.9532977605621959e-07	1.0799800691312727e-09	0.0	0.0	0.0	0.0	0.0	0.0	0.0
875.7788938948597	-0.2908933681949293	0.0846189516597906	766988.670991704	1033.455183567145	-3.039926969087901	1068029.6164418014	9.241155977387953	823.5209973579995	0.6598855601355353	678186.8330895142	0.4354489524753892	852.4373936394752	618.6485078001897	1.003907	18.498789	0.0534343823305574	0.0261145687713627	-0.064779551	0.0309824783	0.0590768652	0.2059296362	0.0908378972	-0.088807872	-0.0771118261	-0.142103466	0.0246885704	-0.066659109	-0.0795336198	0.0929815796	-0.0157036648	-0.0737194416	-0.0061323902	-0.0287375036	-0.1506604992	-0.022800034	0.0794427578	0.0052181941	0.1250966218	0.0354304335	-0.0322310686	-0.0084726524	-0.0916249713	-0.1272292135	0.0221582524	-0.0075903975	0.1088611177	-0.0967669821	0.0598367084	0.0944493675	0.0135825897	-0.0759149541	0.0520183095	0.0880682195	-0.0131931166	-0.013002001	-0.0320695704	0.0412078982	-0.0435819961	0.0056094208	-0.0365530585	0.0723756352	0.1967621685	0.0086386834	0.0298314426	-0.0603715223	-0.081190782	-0.0140845729	-0.1225567628	0.1165402145	-0.0959120346	0.1188267058	-0.0075661677	0.0807023514	-0.045476477	-0.1032356336	0.0634803675	0.0800478565	-0.0528584763	0.127741127	0.0681217847	-0.0002981003	-0.1136115947	-0.1181060169	-0.0918873461	0.0401543381	0.0395092034	0.0056763129	0.0298102045	0.1410747017	-0.0273627074	0.0902617318	-0.0990410393	0.1195364817	-0.039964087	-0.0717794707	0.1429049299	0.005325253	0.0868376945	0.016435082	0.1454416843	-0.1173659224	-0.0162722992	0.0214622717	-0.0646083387	0.105904978	-0.0203216933	-0.021086992	-0.049832261	-0.0325421491	0.0408689637	-0.0012529058	-0.0079921942	0.0061766894	0.0941411734	-0.0197070047	0.1298249144	-0.109241893	-0.1843418605	0.1136370771	-0.1047176272	0.0921416398	0.0328789807	0.0570992244	-0.0785907625	-0.1266188352	-0.033413395	0.077396424992429	-0.0136427383258279	0.000186124309027	0.0059902066016086	0.0208190363094189	-0.0094731307236485	0.0004334322728529	8.974020570733503e-05	0.0202318945193411	0.0023852239861242	5.689293463982228e-06	0.0004093295558417	-0.0030000363844456	0.0001199649345541	1.4391585522569516e-08	9.000218307997429e-06	-8.434465109496969e-05	-0.0001100340084503	7.114020168332172e-09	1.210748301564787e-08	-0.0007706281263305	-0.0003286668428947	5.93867709091657e-07	1.080218936183694e-07	0.0	0.0	0.0	0.0	0.0	0.0	0.0
876.0900128799248	0.3111189850650362	0.0967950228678982	767533.7106679467	1031.2941725315193	-2.1610110356257337	1063567.670297471	4.669968696096206	822.9413941693937	-0.5796031886058017	677232.5382374653	0.3359398562420125	850.2888701741135	618.6176610443589	1.054239	19.426235	0.0821575255679519	0.0402683357136411	-0.0409245375	0.0658827728	0.0995066425	-0.0147979633	0.0065814082	-0.102104174	-0.0790143552	-0.1422855057	-0.156064971	-0.0251815382	-0.0163295018	-0.0697527123	0.1109675572	-0.1448177325	0.0863022379	-0.0037745402	-0.0247311717	0.0413437633	0.0861276902	0.1669960298	0.1437575851	0.0221641592	0.1842572244	0.120419742	0.0966266679	0.1239021214	0.1092466464	-0.0421436071	-0.0901901402	-0.1044936736	-0.1165929975	0.0971255278	-0.038828015	0.0677031536	-0.0122117771	-0.0140889716	0.0552645405	-0.0989672233	-0.1328774376	-0.0905598064	-0.007763259	-0.0903846365	0.1141388036	0.1102888701	-0.0768201555	-0.0086393264	-0.0771895295	0.0270324959	0.168783369	0.01978557	0.0073649594	-0.0029093813	-0.1436539959	0.1311443426	0.1279777808	-0.0833576393	-0.0673654255	0.0417528834	0.1455027773	-0.0506495217	-0.1143303057	-0.0944007083	-0.0156263099	-0.0667408624	0.0249722898	0.0904901643	0.1177279385	-0.0864293086	0.1863678086	0.0797304173	-0.0567214952	-0.0774325482	-0.0197414641	0.0201510862	-0.1153310016	-0.1533365119	0.0375256893	0.1603724183	-0.0678446203	-0.0573657063	-0.0658664408	0.0169239063	0.0907287919	-0.1235689633	0.0402488398	0.0451514874	-0.1066786887	-0.0131705666	-0.0089331587	0.1030325396	0.0409160341	0.070137832	-0.1602199532	-0.1074226369	0.0731674625	0.0646569276	-0.0140755111	0.0109889662	0.150720756	-0.1115737443	0.0299924735	0.0159974147	-0.0233011214	0.0156169686	-0.077451369	0.0540487397	-0.0838433825	-0.1242524367	-0.0201956026	0.0721084477656859	-0.0052879772267431	2.7962703150553748e-05	0.0051996282391766	0.0099213201442438	-0.0108977161651751	9.843259340457782e-05	0.0001187602176167	-0.0099895870597492	-0.0302214815790903	0.0009133379488352	9.979184962430866e-05	-0.0027369615309632	0.0002630748534824	6.920837853478627e-08	7.490958421972424e-06	0.0001492563843237	0.0002336010354186	2.227746826138404e-08	5.456944374867456e-08	-0.0005522970032927	0.0002183311230378	3.0503197984609666e-07	4.766847928694697e-08	0.0	0.0	0.0	0.0	0.0	0.0	0.0
879.0411361404613	2.9511232605365194	8.709128498879698	772713.319027113	1036.7697027157517	5.475530184232412	1074891.416469308	29.981430798440226	825.555615037714	2.6142208683203307	681542.0735202982	6.834150748361504	853.584131225185	622.0205597669012	1.114951	20.544971	0.0766530454707575	0.036315720710874	-0.0514568426	-0.1205052875	0.060446506	-0.0684165858	0.1919886549	-0.2309204975	-0.0806584157	-0.0322138975	-0.0064745322	0.1354283317	-0.073327808	0.0282438814	-0.0489994983	-0.1449179094	0.111418042	-0.0241077847	-0.1418993818	-0.0039585635	0.0305793782	0.1880388742	-0.1305894256	0.0883945486	0.1023635949	0.1363972122	-0.0591069463	0.0453371851	0.0682712369	0.0537734446	-0.0788150097	-0.1423985486	-0.0165312203	-0.0137668104	0.2438479272	0.0650111959	0.2328135942	-0.0263531972	0.0048267208	-0.0546131137	-0.0059935482	-0.1424198768	0.052201826	-0.1195376948	0.0097625781	-0.0971067668	-0.1074246322	0.0266150377	-0.0390638691	-0.0460165401	-0.0276669638	-0.0056893864	-0.0197735292	0.0509634383	-0.1455869506	0.1395656707	-0.1740716038	-0.0071537102	-0.105467342	0.0835335498	0.196736282	-0.0569727109	0.0569090022	-0.0724898646	-0.0416340152	0.1289304275	-0.1865326393	0.1038245057	0.1419389426	0.0487553175	-0.0563559776	0.0069701409	-0.0718181969	0.1293449013	-0.054112552	-0.1509158086	-0.0072765886	-0.1038742519	0.0976482258	0.1519062908	-0.0771430449	-0.0124834244	0.0958302458	0.0136108273	0.1175787054	-0.1615741216	0.08296847	0.0401798077	0.0024457635	-0.0126681351	0.1065336797	-0.0944983551	-0.0036367076	0.1251707078	0.0242678809	-0.1481867889	0.0129336469	0.0538487257	0.0654622385	0.1916357638	0.0545644534	-0.0705421919	-0.0010227231	-0.1701905165	-0.0124634712	-0.1543882226	0.020616171	0.0509612127	-0.0888661936	-0.1211199807	-0.0067565429	0.0872076562355204	0.0150992084698345	0.0002279860964155	0.0076051753060927	0.0041930724520824	-0.0057282476921614	1.7581856588412313e-05	3.28128216227524e-05	-0.0325540532680008	-0.0225644662082516	0.0005091551352633	0.0010597663841758	-0.0025540423043162	0.0001829192266469	3.3459443477136526e-08	6.523132092236805e-06	-0.0001839850059983	-0.000333241390322	3.3850482432194495e-08	1.1104982422373957e-07	-0.0004032351582515	0.0001490618450411	1.6259859285011224e-07	2.221943364708671e-08	0.0	0.0	0.0	0.0	0.0	0.0	0.0
877.8572048658069	-1.1839312746543555	1.401693263104687	770633.2721348073	1036.2881274101062	-0.4815753056454923	1073893.0830111443	0.2319147750075493	823.3190249321239	-2.236590105590153	677854.2168151832	5.0023353004237725	852.6918665192202	631.3601301970704	1.104701	20.356094	0.0635327923025631	0.0313477136787491	-0.0240646084	-0.011952064	-0.0225505123	0.0212701986	0.0321043889	-0.2411778262	0.0031927035	-0.0555962201	0.2564672186	0.0386681227	-0.0172008087	0.0511204246	-0.1375426688	0.1350813163	-0.0629583735	-0.0278546572	-0.0324924697	-0.1081145955	-0.0864360298	0.0490615382	-0.0001950796	0.1227565957	-0.0894376979	-0.1188663653	0.0576812645	0.143482499	-0.0182154774	0.1344819342	-0.2759057319	-0.031128148	0.0586121423	-0.1052053263	-0.0219709409	0.0289062744	-0.1080690842	-0.0599620549	-0.0677760712	0.0749254086	-0.1789798292	-0.0452907117	0.1804433719	0.106262355	-0.0384786556	0.0682921699	0.0772525038	0.0028596577	0.1221761046	0.0029202187	-0.0839639657	-0.0439209568	-0.0733675528	-0.0602723138	0.0952709949	0.0912386902	-0.155008013	0.1066410842	-0.0465320988	0.068014685	-0.0399533973	0.0594967298	-0.0017765269	0.0498166304	-0.1019462188	0.0742402009	0.0655598794	-0.0556160153	0.2165931996	0.1082752101	-0.150961813	0.0035140501	-0.0943524002	-0.1292967769	0.1244865823	0.1067575447	-0.0229585298	-0.0312669971	-0.0933122015	-0.1522679026	-0.0850449992	0.0565934255	-0.0253398692	0.0043842395	0.0859157764	-0.1408389141	0.0525068736	0.0373050793	-0.0269737115	-0.0461448394	0.1155647241	-0.0753645175	0.0209222259	-0.0315373006	-0.0155532076	0.0491597968	0.0331768186	0.10657188	0.0284084908	0.0372237467	-0.0393491176	-0.1184484641	-0.0920584267	-0.1065734134	-0.1779099755	0.0497105966	0.0730138645	0.0478387595	-0.0936454286	-0.1172407796	0.0067565429	0.0872991336028263	9.14773673059005e-05	8.368108729218634e-09	0.0076211387278041	0.0132114694550438	0.0090183970029614	0.0001745429251615	8.133148450302315e-05	-0.0458367315790866	-0.0132826783110857	0.0001764295431157	0.0021010059618532	-0.002225978298082	0.0003280640062342	1.0762599218643329e-07	4.954979383532038e-06	0.0001873114928394	0.0003712964988377	3.50855953497246e-08	1.3786109004913416e-07	-0.0002797908708992	0.0001234442873523	7.828293143853282e-08	1.5238492079917213e-08	0.0	0.0	0.0	0.0	0.0	0.0	0.0
875.4648921500784	-2.392312715728508	5.723160129836309	766438.7773873485	1029.7389319004158	-6.549195509690435	1060362.2678714092	42.89196182414936	822.4176160946265	-0.9014088374973426	676370.7352627685	0.8125378923183105	850.5887947270436	618.2748296708079	1.098668	20.24493	0.0446852775830487	0.0205326841817072	-0.0310421859	0.0644184197	0.0970394748	-0.020378379	0.0481678362	0.0361646317	0.0680981113	-0.01448877	0.0066320988	-0.0656437358	-0.1317406029	-0.0430482215	0.053073745	0.1561038606	-0.0224547802	0.0116164996	0.0625648764	0.0898139372	0.0280829546	-0.0089300017	0.0629337735	0.0772216299	-0.0798162606	-0.0055675386	-0.021849237	-0.066852293	-0.0390792492	-0.0453008279	0.1129669499	-0.1458133075	0.113121133	-0.126467727	-0.0170058348	0.038693081	0.0441191782	-0.0934365139	-0.1949382691	0.117322617	-0.1249255166	-0.1475900659	-0.1045333555	-0.1164048125	0.0944806167	0.0615255904	0.111741847	0.0014482527	-0.0598810167	0.0638366028	0.071603079	-0.0049793451	0.0429953876	-0.0699723706	-0.0215780335	-0.0227726598	0.0534307136	0.1301229312	0.0006429729	-0.0402475357	-0.0995789884	-0.0478981029	0.0150273317	0.028907373	0.0817372271	-0.0247323275	-0.1469293684	-0.0417489826	-0.0556878442	-0.1097628925	0.1316908726	-0.1708599319	-0.2788482467	-0.089798732	0.086706796	0.0471789718	0.0412565471	0.0254348013	0.0199313324	-0.0081738815	-0.1925077458	0.0302438806	-0.0260724205	-0.0035540053	0.0512223903	-0.1320510385	0.080215919	0.0408496267	0.0267672382	-0.1548544552	0.0934124556	0.0751029974	-0.0522842484	0.0087959877	-0.0218221645	0.0706187762	-0.0378558687	-0.0002492806	-0.0614974361	-0.0840697261	0.059882129	-0.1480685394	-0.0092110814	0.0293106387	-0.2057248371	0.1081604876	-0.126171081	0.0446835199	-0.098167988	-0.1126387502	0.0201956026	0.0871553674231933	-0.000143766179633	2.0668714406269873e-08	0.0075960580706718	0.0041639639937045	-0.0090475054613393	1.733859614086753e-05	8.185735507296445e-05	-0.054726350603488	-0.0088896190244014	7.90253263989994e-05	0.0029949734503758	-0.002042920014272	0.00018305828381	3.3510335271462537e-08	4.1735221847131085e-06	0.0003439827513391	0.0001566712584997	1.1832413321881709e-07	2.4545883239879816e-08	-0.000472149066943	-0.0001923581960438	2.2292474141514554e-07	3.7001675585225e-08	0.0	0.0	0.0	0.0	0.0	0.0	0.0
875.6214168747374	0.1565247246589933	0.0244999894295736	766712.8656897227	1032.7580994826096	3.019167582193859	1066589.2920469318	9.115372889370311	822.0704507948477	-0.3471652997787942	675799.8260700442	0.1205237453705	850.0906761432516	621.7589473509149	1.036861	19.10601	0.0461813471859193	0.0257208190850122	-0.0607877513	-0.1218688699	-0.0075058319	0.0067282982	0.0607216753	-0.0164774792	0.0518523852	0.1037379223	0.0272642508	-0.0013128519	-0.1118656296	0.0278504396	-0.0179588346	0.0125512773	-0.1673809207	0.0391346236	-0.0794057101	0.0854656241	0.101809864	-0.1214821707	-0.0691304744	0.0716952313	-0.1170226743	-0.1141928599	-0.0067010765	0.1558276435	0.0462658969	-0.1097989943	0.0036104771	-0.1412307766	0.0067105631	0.0598560798	-0.0244194432	0.0828546799	-0.1090086854	-0.1672090161	0.231437286	-0.0800163245	-0.0577550293	0.0061492475	-0.1392236241	0.0178774873	-0.0257001558	0.0421563901	-0.0179645728	-0.1650149303	0.018694989	0.185658848	0.1132733229	0.043765818	0.070550598	0.0973045601	-0.0242318011	-0.0908861895	-0.0255256108	0.2076568018	0.0067319721	-0.0371300604	-0.0808374821	-0.1411865277	-0.1581654427	-0.0225692112	-0.0234131233	-0.0938190017	-0.0342317011	0.093802472	0.040528304	-0.1159478427	0.066141604	0.0247722025	0.0736762595	-0.1609270898	-0.028171491	-0.0083241119	0.1252995563	-0.2266211618	0.0403922168	-0.0308430953	-0.0174282003	-0.1432748841	-0.067635575	-0.00143964	0.1181532381	-0.1089919825	-0.0212703775	0.0182679532	0.0976957551	-0.0132985128	0.1197711619	-0.0540775608	0.0144304977	0.011481954	0.001620446	0.1799089499	-0.0136731342	-0.0177322724	-0.0025923989	-0.1190694148	-0.0557584349	-0.1724208476	-0.0177951148	-0.0168522595	0.0529954412	-0.0651903372	0.0633251084	0.0414976565	-0.1024214758	-0.1073422654	0.033413395	0.0872321386803491	7.677125715579991e-05	5.8938259252819595e-09	0.0076094460187476	0.0141537906005027	0.0099898266067982	0.0002003297883628	9.979663563389324e-05	-0.0433182327976027	0.0114081178058853	0.0001301451518729	0.0018764692927073	-0.0024069238034514	-0.0003640037891794	1.3249875853696118e-07	5.793282195620954e-06	0.0004009806564915	5.699790515240001e-05	1.607854868803543e-07	3.2487611917619877e-09	-0.0003990181309532	7.313093598980002e-05	1.5921546882938509e-07	5.348133798744227e-09	0.0	0.0	0.0	0.0	0.0	0.0	0.0
875.5472346015015	-0.0741822732359196	0.0055030096624486	766582.9600183367	1031.5530600914587	-1.2050393911508763	1064101.7157840526	1.4521199342252746	822.9616453392459	0.8911945443982177	677265.8696994788	0.7942277159651467	851.8843472986581	618.1918563479597	1.007612	18.567057	0.0796584406529355	0.0362917213039111	-0.0415863981	0.0083061222	-0.0048574025	0.2304213098	0.0336336588	0.0128186141	0.0380477737	0.0106869229	0.2302661227	-0.0632661688	-0.0937631615	0.0465388353	0.0712142182	-0.0186691158	-0.0506309022	0.0057997536	-0.0957467419	-0.0901255624	0.0295352011	-0.0452372028	0.1424095611	0.0244870926	-0.1945091885	-0.0173949614	0.0213820874	0.0589738935	-0.1360867738	-0.0068257933	0.08269307	-0.0917965546	-0.0412452837	0.038353125	-0.1291749821	0.053624411	0.0372598164	-0.0670453883	-0.0680170996	-0.1188621863	-0.1509315112	0.0578199823	0.0589412035	0.0290661863	0.0187929224	0.0360413163	0.0674532193	-0.0086687316	0.1439421605	0.0589489714	0.1298150943	-0.0049073166	-0.0621377117	0.1004843871	0.1283078465	0.0559705754	0.0454284267	0.1335881379	-0.0357228438	-0.1551538717	-0.1059724335	-0.0484266099	-0.069563091	0.0203167604	-0.0224067169	0.0142498063	0.0457292321	-0.0360890886	-0.0281823409	-0.1387017621	0.0808119127	0.071116774	-0.0969811146	-0.0239339667	-0.1963767803	0.0134851988	-0.0263355273	0.0038202003	-0.1554360386	-0.0240282106	0.0201726614	0.0372060499	0.0913840335	-0.0092823395	0.103418132	-0.1140993955	-0.0433399414	0.0326220903	0.0108905664	0.0446708281	0.0607260435	0.0084595562	-0.0482615747	-0.0837317648	-0.0335534145	0.1778175458	-0.0709416892	-0.0794718458	0.011159831	0.062740301	-0.0204132214	0.0717530865	0.0572574596	-0.0790660115	-0.0870040591	0.0105908247	-0.0803909635	0.0382833527	-0.1063942335	-0.1013839798	0.0462651033	0.0620469843037341	-0.0251851543766149	0.0006342920009739	0.0038498282611878	0.0056664357860825	-0.0084873548144202	3.210849451779641e-05	7.203519174586175e-05	-0.055714904959828	-0.0123966721622253	0.0001536774806976	0.0031041506346826	-0.0021209829083064	0.0002859408951449	8.176219551632387e-08	4.498568497327875e-06	0.0001342966568249	-0.0002666839996666	1.8035592034344962e-08	7.112035567817512e-08	-0.0002798578397713	0.0001191602911818	7.832041048145864e-08	1.4199174994555193e-08	0.0	0.0	0.0	0.0	0.0	0.0	0.0
877.0852797757918	1.538045174290346	2.365582958157821	769278.587999379	1036.5841220953523	5.031062003893567	1074506.6421801923	25.311584887021557	823.3337262573945	0.3720809181485265	677878.4247928861	0.1384442096502504	852.410688478567	621.6641208678274	1.002881	18.479881	0.0301587809272477	0.0161271750586438	-0.0487538228	0.0597221109	0.141438874	0.099415527	-0.060133746	0.0108538476	0.0155475286	-0.0365021962	0.0654360365	-0.0338115105	-0.0047097209	0.0770088687	0.102455388	0.1845195249	0.0937716735	0.0002934053	-0.0390109152	-0.0379412524	-0.1479483715	0.0862822688	0.1352473862	0.1025170742	-0.0981355824	-0.091537509	0.129098677	0.0609286961	0.0960669094	-0.193166561	0.0652932101	0.0485700492	0.0048704807	-0.0345689714	0.0278056631	-0.0062256618	0.1008372838	0.0830788147	0.1812998113	0.0259300449	-0.0580067185	-0.1085961677	-0.0572662921	0.0767164039	-0.0277098081	-0.1127678452	-0.025496564	0.1039198862	0.0924434951	0.082073617	0.0049143916	0.0136252138	0.0069228735	-0.0511663061	0.1362515356	0.1811971515	0.0185759861	0.0730227294	-0.1093019305	0.0025431408	-0.0631681787	0.0181212056	-0.07338892	-0.0744355395	-0.0857723657	-0.2297804409	-0.0348197514	-0.0418924074	-0.0878316244	0.0209025146	0.0104807114	-0.0977698608	0.014505228	0.0502538069	-0.0646943195	0.0166918159	0.0719859431	-0.0989939557	0.2055712831	-0.056910268	0.0982257275	0.1070210582	-0.0267265228	-0.0082018505	0.1072927304	-0.1000336809	-0.0553220679	0.0176815751	0.0316487247	0.0524024427	-0.0168593041	0.1367687975	-0.0390006992	-0.1580729912	0.000734965	0.0268484814	-0.0998699252	0.0653259408	-0.0624870637	0.0310439668	-0.0488591107	0.1370901965	0.0931315597	0.0345517288	0.0437678933	-0.1440533903	-0.0255668825	0.0350428114	-0.1100753719	-0.0948006283	0.0586099215	0.0564223610012248	-0.0056246233025092	3.16363872951306e-05	0.0031834828209525	0.0035170045485557	-0.0021494312375268	1.2369320994561482e-05	4.620054644855993e-06	-0.0668146107249896	-0.0110997057651616	0.0001232034680731	0.0044641922063318	-0.0021349547626375	-1.3971854331099995e-05	1.9521271344947772e-10	4.558031838508545e-06	0.0003457986789339	0.000211502022109	1.195767263524305e-07	4.4733105356195934e-08	-0.0002796313037704	2.2653600090000346e-07	7.819366604833375e-08	5.1318559703766356e-14	0.0	0.0	0.0	0.0	0.0	0.0	0.0
876.413477255922	-0.671802519869857	0.4513186257034895	768100.5831158165	1039.770644554725	3.1865224593727817	1081122.9932777486	10.15392538408716	823.2554356407104	-0.0782906166840575	677749.5123119758	0.00612942066077	852.7150409366501	623.0978316615095	1.053048	19.404295	0.0753392326795427	0.0382151574751236	-0.0491946344	-0.1373388569	0.0790863363	0.0245405981	0.0197354692	0.0306116857	-0.0178950232	-0.0047743787	0.0322809817	0.0082311926	-0.0708813995	0.0564995106	-0.0916500171	0.0760039013	0.0634592359	0.0147647414	-0.0748517301	0.014721318	-0.0907537218	0.0442308185	0.0477897481	0.1260615069	-0.1154027701	0.1176880595	0.0700452967	0.1190662938	0.1112057377	0.0207108309	0.0230527528	0.0749381094	-0.1657180364	0.0304372825	0.026447914	0.0353530887	-0.0731534713	0.0711903008	-0.0540527479	0.1534869138	-0.0777342449	0.0817632887	-0.0676780339	-0.0734637039	-0.1513891985	-0.0425349823	-0.1843239434	-0.0516604285	-0.1673745824	-0.0642747001	-0.0086606767	0.0201879458	0.059834463	-0.0029173575	0.0351573755	0.0998690442	-0.1012474763	0.0218894036	-0.1605256353	-0.0284792845	-0.0448816395	0.1761421237	-0.0664360066	-0.1693232587	0.0030024992	0.0113443093	0.103402181	0.0353805417	0.0763123497	0.1200898796	-0.0203037495	-0.0438576434	-0.0457772202	0.0639503124	-0.0196776452	0.1700790063	0.0681543049	-0.1556010527	0.0064186274	0.0603220953	-0.0035325235	0.0601814132	-0.055676086	-0.0177045027	0.1275692787	-0.0638757118	-0.0739735727	0.0220939691	0.0119978015	0.0761867326	0.0269940282	-0.0172663292	0.0653536433	-0.0561064821	0.072177724	-0.0029626495	0.0814611346	-0.0948150895	-0.1394972089	0.0643173463	-0.0091406871	0.1755620252	0.2017393358	0.014107822	-0.0233664362	-0.0085560182	-0.0546255023	0.0317782535	-0.1134548014	-0.0876327994	0.0703125971	0.0487665154752221	-0.0076558455260027	5.861197071801558e-05	0.002378173031595	0.0294067967462012	0.0258897921976455	0.0008647596948723	0.0006702813400372	-0.050856652584045	0.0159579581409446	0.0002546564280281	0.0025863991120542	-0.0021758582680555	-4.090350541799967e-05	1.6730967554803283e-09	4.734359202665479e-06	0.0004412186171971	9.54199382632e-05	1.946738681613211e-07	9.1049646181529e-09	-0.0006600205963882	-0.0003803892926177	4.356271876566352e-07	1.4469601393827026e-07	0.0	0.0	0.0	0.0	0.0	0.0	0.0
875.6567363594879	-0.756740896434053	0.572656784335814	766774.7199317497	1038.7591769878682	-1.0114675668569362	1079020.627776513	1.0230666388034906	822.7340472082	-0.5213884325104345	676891.3124355846	0.2718458975556879	852.078816531327	616.8085277352918	1.107696	20.41128	0.0879885990913009	0.0494775349376164	-0.0234656202	-0.0090205444	-0.0363866168	0.1303321296	0.1163191965	0.0320163988	-0.0233045906	-0.0454379222	0.1512854102	-0.0327854313	0.0376880238	0.0609392394	-0.2728992196	0.0031508141	0.1133226465	0.0221508245	-0.0385711924	-0.1007884099	0.1329363424	-0.0426502994	-0.0801821501	0.0410850361	0.0277148705	0.0537974346	0.1506576735	0.0164446155	-0.0915030585	0.0140629442	-0.0301800275	-0.0216654653	0.0912113616	-0.0392449213	0.0329476764	-0.1361791611	0.0766712714	-0.0541309864	0.0371375235	-0.0838843076	0.025085312	0.0584007685	-0.2334425349	-0.0803600267	-0.0424786083	0.0234463365	-0.0181637558	-0.0588291758	0.0298336805	-0.1987792322	-0.1011267927	-0.0011851286	-0.1340184994	0.046203148	-0.0018181918	-0.0447281496	-0.1205495403	0.0397522763	0.0757007583	0.0194192841	-0.0124230155	0.0652914061	-0.0637039063	-0.0619907588	-0.1605574424	0.1627444436	-0.0440615777	-0.0293902245	-0.0482354561	-0.0311498421	0.0601638647	0.1090963991	0.0684325637	-0.0199900806	-0.0203668308	0.0924413784	-0.0998081853	0.0536851197	0.1807794784	0.1338922565	0.1043215072	0.0103906406	-0.0066025453	-0.0244858669	0.0747964878	-0.0718194554	0.0609720555	0.0404994432	-0.1599716236	0.0287563871	0.0833843353	-0.0567282793	-0.0120442699	-0.0125775169	0.0145551602	0.0564627376	-0.0340729953	-0.0402725502	-0.0747704183	0.0182444043	-0.1406050354	0.0223748659	0.2358035351	-0.1362825425	0.000425324	0.129246055	-0.1995734166	0.0284919163	-0.1165232592	-0.0799246852	0.0812449131	0.0665577294251136	0.0177912139498914	0.0003165272938108	0.0044299313462266	-0.0133703759747305	-0.0427771727209317	0.0001787669537056	0.0018298865059964	-0.0397915123624272	0.0110651402216178	0.000122437328124	0.0015833644560891	-0.0023618535337797	-0.0001859952657242	3.4594238871815776e-08	5.578352115027656e-06	0.0005131987308886	7.198011369150003e-05	2.6337293738566974e-07	5.1811367670412705e-09	-0.0005908945318267	6.91260645615e-05	3.49156347742695e-07	4.778412801760666e-09	0.0	0.0	0.0	0.0	0.0	0.0	0.0
876.9019104201612	1.245174060673321	1.5504584413736873	768956.9604985284	1038.7263541588416	-0.0328228290265997	1078952.438824119	0.0010773381053093	822.1309435178276	-0.6031036903723361	675899.2882895134	0.3637340613407306	851.2017939525285	618.6595274531119	1.122626	20.686396	0.1129823013613329	0.059303548139106	-0.0662956768	0.0702765243	0.1897740296	0.1240332258	0.0368750208	-0.0646610222	-0.0598509856	-0.063709389	-0.0462012221	0.0147969832	0.1047499473	0.1298436614	0.0927609382	0.0475153256	0.0884418162	0.0980832867	-0.0634298647	-0.0383439715	0.1085900495	-0.0083788498	0.2171270879	0.0034481972	-0.0220963928	-0.1103143221	0.0345930496	0.0817123878	0.0503367421	-0.1254463622	-0.079882566	-0.0825287088	0.1046205746	0.1435741924	0.1497452548	0.0481884479	-0.1610498908	0.0411287373	-0.0293886558	0.0028619673	0.172197536	0.0934538354	-0.0399756785	-0.0071367063	0.2064717117	0.1427317584	-0.1580864538	-0.0446004871	0.1105296218	-0.0878722688	-0.082674221	0.0896577128	-0.1058267203	0.0142673095	0.016298127	0.1035778577	0.148884536	0.1959647172	-0.0346541711	0.0039926006	-0.0445937142	-0.0781730838	-0.1945057253	-0.1351056105	-0.0918417477	-0.0382871504	-0.001810074	0.0937401571	0.0405819616	-0.0579432513	-0.041139669	0.0610177146	0.0570026689	-0.040244475	0.1453420538	-0.0389349826	0.0808967898	0.1274216396	-0.0020882201	0.0964283454	0.0683986631	-0.1527832149	-0.0890279662	-0.0216045303	0.1266027216	-0.0924379858	0.0872287031	0.063172007	0.019697672	-0.0551599838	0.1196380917	0.0548017307	-0.090511704	-0.2741771888	-0.0481051206	0.0780440476	-0.0190474001	-0.0192568914	-0.0179225542	0.0899005589	-0.0097368769	0.0584251272	0.1374750276	-0.0289669026	0.0436228614	0.1078252075	-0.1210243472	0.0251860523	-0.1192723348	-0.0717238087	0.0912870929	0.0561011182606847	-0.0104566111644288	0.000109340717044	0.0031473354700993	0.0107718881396863	0.0241422641144168	0.0001160335740939	0.0005828489165702	-0.0844860923503745	-0.0446945799879473	0.001997605480299	0.007137899800636	-0.0019328472190854	0.0004290063146942	1.840464180475847e-07	3.735898372326164e-06	0.0006399574974838	0.0001267587665951	4.095455985857278e-07	1.6067784908736365e-08	-0.0004728826912254	0.0001180118406013	2.2361803966057698e-07	1.392679452210664e-08	0.0	0.0	0.0	0.0	0.0	0.0	0.0
877.3076657036339	0.4057552834726721	0.1646373500659884	769668.7403023591	1028.991814539983	-9.734539618858662	1058824.154390287	94.76126159112894	823.3222092956613	1.191265777833678	677859.4603194888	1.4191141534376777	851.4372613465257	624.3344308331251	1.494271	27.534618	0.265293448247601	0.1496854866052518	0.0596865734	0.0388700574	-0.0044654317	-0.0921294623	-0.2108250206	-0.0362645842	0.0396459052	0.0835195179	-0.0972830346	-0.1796283457	0.0773643238	-0.1091571693	0.1043032295	-0.0209549373	-0.1466254103	0.0001789183	0.0523020294	-0.0146591862	-0.2902926588	-0.0644673616	-0.2121679456	-0.2417210829	0.1777388956	0.0247455439	0.0213506147	0.1064775737	0.1104935827	-0.2923204556	0.0681816769	-0.1797150242	-0.031357561	-0.0790433893	-0.1982504925	0.0720242434	0.0066334443	-0.0890537681	-0.2059866468	-0.0359474022	0.164825057	-0.063364637	-0.0305843509	0.1299397805	-0.0440808817	0.1201388034	0.0241109129	-0.1228699155	-0.074395805	-0.0332309354	-0.1004388872	0.0176416117	0.1768155626	-0.046877894	0.1707479127	-0.0748658686	0.0248684469	-0.254675896	0.1277379335	-0.0181956196	0.0681328229	-0.1778756556	-0.0707692936	0.0608727743	-0.1001175348	-0.1647216018	-0.0085773483	-0.0031168884	0.137634156	0.3031998222	0.1477344358	-0.1022672173	-0.1588814155	-0.2306510172	-0.2109385524	0.0591802096	-0.0339176473	0.2111293195	0.1052092616	0.120174872	-0.0294924973	0.0317461492	0.0847010367	-0.0137638344	-0.0439849269	-0.0756688277	-0.0622433153	-0.0492304148	-0.118770013	-0.0846601545	-0.0030898139	0.1697349284	0.1994091002	0.0102188016	-0.1157276844	0.0331687493	0.1465771087	0.2882600911	-0.1311139441	-0.1104192171	-0.4778029706	-0.082830447	0.1464216839	0.2636816123	0.1149836283	0.0523600532	-0.041708105	0.0218629269	-0.1216944932	-0.063080731	0.1003291122	0.0738394889167892	0.0177383706561044	0.0003146497935333	0.0054522701234926	0.0029884200364591	-0.0077834681032271	8.930654314310208e-06	6.058237571395522e-05	-0.1758238765494439	-0.0913377841990693	0.0083425908223957	0.030914035564874	-0.0001010393346086	0.0018318078844768	3.355520125631369e-06	1.0208947138148634e-08	0.0002699853801992	-0.0003699721172845	7.28921055213066e-08	1.3687936756804978e-07	0.0002940138127972	0.0007668965040226	8.644412211554699e-08	5.881302478820858e-07	0.0	0.0	0.0	0.0	0.0	0.0	0.0
879.6979245853623	2.390258881728414	5.713337521681568	773868.4385197938	1035.4012764172676	6.409461877284684	1072055.803206507	41.08120155636571	825.0245747626582	1.7023654669968664	680665.548962305	2.8980481832234597	853.3383513201634	630.4422411602542	1.284657	23.672098	0.2862470409701628	0.1646941674808666	0.1794772202	0.1733266151	-0.1046963731	-0.0804192851	-0.0999751131	0.0122686995	-0.03229871	-0.0026005293	-0.0229319219	-0.1112013	0.051982283	-0.0951456824	0.1313281478	-0.0523509308	-0.155457375	-0.000330775	0.0140404597	-0.0810603511	-0.0530616905	0.2034022752	-0.1898298446	-0.24725105	0.1109599378	-0.1414392102	-0.1338970696	-0.0491582077	-0.1474790267	0.1036087583	0.0916184211	0.1851448828	-0.0037825956	0.0299795915	-0.1062636241	-0.074776291	0.0883758993	0.1167024872	0.0189799926	0.0313474153	0.0233803151	-0.0547391881	-0.0413870473	0.1319202191	-0.0641058715	-0.0642242942	0.065465091	-0.0806829697	0.0372616104	0.0646184629	-0.0378162437	-0.0083666638	-0.0154061747	-0.057950683	-0.0103570573	0.0500966174	-0.0905853907	-0.2507573312	0.2063836697	0.01453838	-0.0652659266	-0.2236457904	0.2101888797	0.135440208	-0.0109040569	0.130786652	0.0852608177	-0.0014810206	-0.0317994675	0.1013274307	0.0427584885	-0.0406481874	-0.0084863456	0.1985160651	-0.0384544945	-0.1209468413	0.1192210919	0.0647813969	0.0324398059	-0.1911975966	0.0336239955	0.0220948666	-0.1742460027	-0.0276962641	-0.1973731465	0.0023152088	-0.0718102721	-0.2374713807	-0.1882394107	-0.053386907	-0.0730504677	0.0590221427	0.1334410771	-0.0222288492	-0.0130115941	-0.0686532048	-0.0766645109	0.1410941132	0.0681658596	-0.1559330402	-0.1664743146	0.003593817	-0.0886585509	0.1774496437	0.0239324135	-0.1843984226	0.027699834	0.0185248178	-0.1237830955	-0.0540487397	0.1082719048	0.0598159386787813	-0.0140235502380078	0.0001966599612779	0.0035779465200237	0.0394144910049902	0.0364260709685311	0.0015535021011824	0.0013268586462044	-0.2371563287550628	-0.0613324522056188	0.0037616696935545	0.0562431242685794	0.0024980957101327	0.0025991350447413	6.7555029808023614e-06	6.2404821769834e-06	0.0004870268189074	0.0002170414387082	2.371951223350614e-07	4.710698611652533e-08	-0.0003791090549134	-0.0006731228677105	1.437236755173313e-07	4.5309439503494185e-07	0.0	0.0	0.0	0.0	0.0	0.0	0.0
879.186183270683	-0.5117413146792842	0.2618791731496822	772968.344854071	1037.8876379942285	2.486361576960917	1077210.7491012388	6.181993891387577	823.0743152543782	-1.9502595082799417	677451.3284314636	3.80351214963632	852.1943511461781	635.2322391676802	1.036002	19.090185	0.1344426675730055	0.0759350569915202	0.1288725882	0.0762175268	-0.0403343573	-0.0381923805	-0.1228587985	-0.0485333947	-0.0533306139	-0.075363935	-0.0290910157	-0.033489062	0.1130058685	-0.0061688054	0.0566571111	0.0605930042	-0.0338417107	0.0379684639	0.0511745146	-0.1164524966	-0.0665012311	0.0704770541	-0.0278889137	-0.0685567504	0.0415759876	0.0015930372	0.1484879847	0.0445014552	-0.1236977614	-0.0840165914	-0.0262418282	0.1075932021	-0.1580214669	0.027749087	0.0722812054	-0.0969667328	0.1318117921	0.0180020351	0.0949525524	0.0807343794	0.0710068181	0.288303746	0.2126529298	0.0513574837	-0.0290626066	0.0401625988	0.0680824709	-0.113624999	-0.1813798425	0.0224466629	-0.1250835647	0.0365390647	-0.0843646516	-0.0481564528	0.0414964421	0.0307511664	-0.0281870036	-0.1892792203	0.0397727267	0.098666009	-0.1161623895	-0.0061731108	-0.0405389488	-0.013698059	-0.1820233906	-0.010680487	0.0244526472	-0.0716621506	-0.0680941265	0.0044008678	0.0380283538	-0.0703243771	0.2058673851	0.152030482	0.0266828104	-0.0202521352	-0.0974393998	-0.1065275162	-0.2787515762	0.0329239865	-0.1086529586	-0.0646639667	-0.0571931893	-0.039492945	-0.1040480409	-0.0155610984	-0.0754846652	-0.1333960227	-0.1176133646	-0.0984784349	-0.0412825701	0.017555689	0.0421991853	-0.1310784457	-0.0083348867	-0.0681193299	-0.0273817317	-0.0108617828	0.0374576496	0.1151540205	0.1282320818	0.0818838731	-0.0355428795	-0.122466462	0.1112761775	-0.0622936909	0.0439148766	0.0151740128	-0.1255324169	-0.0446835199	0.1150284477	0.0648616475119325	0.0050457088331512	2.545917762894008e-05	0.0042070333179621	-0.0122791125405967	-0.0516936035455869	0.0001507766047846	0.0026722286475283	-0.2141286401306104	0.0230276886244523	0.0005302744433847	0.0458510745241844	0.0016050629153272	-0.0008930327948055	7.975075725981224e-07	2.5762269621586507e-06	0.0005288232913189	4.179647241149998e-05	2.7965407344135414e-07	1.7469451060452786e-09	-0.0002204249907341	0.0001586840641792	4.8587176540128075e-08	2.5180632224460195e-08	0.0	0.0	0.0	0.0	0.0	0.0	0.0
877.7301841241535	-1.455999146529507	2.1199335146946527	770410.2761226204	1036.1110684321477	-1.7765695620807946	1073526.1461276067	3.1561994089119465	820.9866091746867	-2.087706079691543	674019.0124441497	4.358516675181031	850.7165107664412	632.2892659836999	1.038786	19.141487	0.0853203230173163	0.0439286853639351	0.1073294494	0.0097904139	-0.0224876103	-0.1682185767	0.0917324175	0.0272821536	-0.0517677935	-0.0291952322	-0.0973157184	0.0130611482	-0.0421689753	-0.1832496654	-0.1315075194	0.0635836415	0.0213187737	-0.0035316562	0.1623081673	0.1076085478	0.0467792035	0.001118165	-0.0444803972	-0.0875221007	0.0485706425	0.039401879	-0.0045221293	0.053561264	0.0415851564	0.1063749224	0.1155808762	0.0499667837	0.0705891567	0.0675734631	-0.0154010749	0.0358729895	0.0825650828	-0.1836894714	0.0286477861	0.0370973829	0.0760345778	0.0608797538	-0.0514233269	-0.0894504365	-0.0515037729	0.0552657313	-0.0595942633	0.1250453837	-0.0283554133	0.1233003897	-0.037829385	-0.0066855783	0.0141901566	-0.1242642014	-0.1261372355	-0.0663005881	-0.0203056978	-0.07740985	0.0862171974	-0.1199690477	0.0933127062	0.065460542	-0.0172139222	-0.0556986467	-0.0120352866	0.1455799254	0.0407193999	0.0623886612	-0.0938242171	-0.0220901141	0.0526160328	-0.0868616003	0.0440697255	-0.0449939262	-0.0610887812	0.000700521	0.0129908162	-0.0220206146	0.0155560675	0.093936668	-0.0225825883	-0.0082073331	-0.0002048989	-0.0435483386	-0.0823706312	-0.0206830766	0.06692074	-0.0859123162	-0.0965793181	-0.1587463195	-0.0493700481	-0.0246471082	0.0327932121	0.1725300426	0.047690828	-0.08276424	-0.0473980027	0.0388858079	-0.0822195066	0.016549885	0.1001999927	-0.0176193634	0.0247930417	-0.0644432807	-0.0442103484	-0.0671891568	-0.017499856	0.0118128082	-0.1269376627	-0.0350428114	0.1205247148	0.0486071454335643	-0.0162545020783682	0.0002642088378156	0.0023626545871996	0.0060222295622054	0.0183013421028021	3.626724889990064e-05	0.0003349391227637	-0.1968063930364394	0.0173222470941709	0.0003000602443915	0.0387327563400134	0.001042088114387	-0.0005629748009402	3.169406264936581e-07	1.085947638146653e-06	0.000540336046455	1.1512755136100008e-05	2.919630430986199e-07	1.3254353082379708e-10	-0.0003147820694973	-9.43570787632e-05	9.9087751277003e-08	8.903258312724728e-09	0.0	0.0	0.0	0.0	0.0	0.0	0.0
877.9953333802355	0.2651492560819406	0.0703041280008065	770875.8054374708	1039.2602675022224	3.149199070074701	1080061.9036087908	9.917454782959362	821.9971376689037	1.0105284942170556	675679.2943358707	1.0211678376245898	850.13544460353	627.8546184814195	1.064038	19.606808	0.0414377649396002	0.0223121149535746	0.0577894222	-0.1145911293	-0.0868667296	-0.0693891807	0.0697066553	-0.0642261085	-0.029173817	0.0585408956	0.0063875871	0.0654776669	0.0070679812	0.0371547413	-0.0781036885	-0.071205884	-0.1751865417	0.0963065779	0.0273755269	0.0261566409	0.2249991699	-0.1368748346	-0.0495228651	-0.0470791429	-0.1123758228	-0.1595596099	-0.0258219014	-0.1337226783	0.124555188	-0.0222635095	0.0340528508	-0.0198529162	0.0503062188	-0.1125388258	0.0582080776	0.0034145568	-0.04967076	-0.0228463972	0.0006487237	0.0210112013	0.063557525	-0.0706304574	0.0368495231	-0.1134441921	-0.0161994481	0.0436454364	-0.0289248633	-0.0344221698	-0.2226440843	-0.0469030699	0.0124754137	0.0954036223	-0.0274664109	0.0794733697	-0.1116317397	-0.1809746623	0.006809717	0.1669738685	0.1846214441	-0.006909414	-0.0009376681	-0.0431329793	0.0179848367	0.0020778338	0.0372579221	-0.1418209536	0.0079061259	-0.0230204971	0.055609664	-0.0860214286	-0.1358809719	-0.0617903432	0.0139783478	-0.058418331	0.1345075405	-0.0235867102	0.035015799	-0.0119573227	0.0005688589	0.1860324907	-0.1277415966	0.0043968327	-0.0621450722	-0.050293265	-0.0344927235	0.041270222	0.0351289589	-0.0707963339	0.0776542047	-0.1286106225	0.1130964639	-0.1885012075	0.0320981548	-0.0125519717	0.0482567537	0.1043314388	-0.0587611246	-0.0523958577	0.1302518756	-0.0294844843	0.0501351864	-0.0602141156	-0.085878338	-0.1027974747	0.0469839774	0.1104350618	0.0898716129	0.0084435077	-0.1279949812	-0.0251860523	0.124700488	0.0461043609612374	-0.0025027844723269	6.263930114920643e-06	0.002125612099644	0.0197627376185351	0.0137405080563297	0.000390565798179	0.000188801561646	-0.1801842774193858	0.0166221156170535	0.0002762947275866	0.0324663738291461	0.0010940930767509	5.200496236390018e-05	2.7045161104706744e-09	1.197039660594251e-06	0.0006328425020223	9.250645556730004e-05	4.004896323658448e-07	8.557444321624857e-09	-0.0002878463515507	2.6935717946600024e-05	8.285552210104916e-08	7.255329012987906e-10	0.0	0.0	0.0	0.0	0.0	0.0	0.0
877.6324912261166	-0.36284215411888	0.131654428805629	770238.7896557596	1033.444559733073	-5.815707769149412	1068007.6580418851	33.82245685614483	822.7979390766596	0.8008014077558983	676996.4485487986	0.6412828946638284	851.9232675837375	634.0104048854037	1.107033	20.399061	0.1094164644827235	0.0625820278026375	0.1023786655	0.0522281157	-0.0772729697	0.0334512507	-0.1136947811	-0.01593736	-0.0131304101	0.0221402783	0.0590472139	-0.0965708085	0.1474905543	-0.0619168777	0.129855673	-0.0619831244	-0.0787462874	0.0128964191	0.0158608442	-0.0708462813	-0.0839954026	-0.0493350242	-0.0041715137	-0.0742404847	-0.1539728798	-0.1478204333	-0.0694782931	0.0544035081	-0.027192165	0.2078438237	0.0486935399	-0.0116919623	-0.0958596777	-0.1800788346	-0.0444578318	0.113462687	-0.0293180147	0.0418665263	0.0420505837	-0.0712397801	-0.0581646804	-0.1180058072	0.0169225148	-0.1068586264	0.1683172238	0.068571673	-0.1583762617	-0.050542695	-0.0926116247	0.0591437203	-0.075263506	-0.0035664432	-0.0505789504	-0.0346588936	0.1207675095	-0.0125186374	-0.0003260552	0.0564089504	0.070242563	-0.0918305033	-0.1159027003	-0.0359037769	-0.064233176	0.1548199198	0.122667766	0.0146833507	0.0599039385	0.041963351	0.134180267	-0.0335924471	-0.1708163714	-0.0851811954	-0.1056186725	-0.0102687124	-0.0800502908	-0.2029140876	0.0150642233	-0.1420205855	-0.059289366	0.0952642304	0.1054035355	-0.1486385166	0.0093568802	-0.047042122	-0.1043210494	0.067061968	-0.0645585033	-0.1209883167	0.0410193947	-0.0724862231	0.0049604355	-0.0325677865	-0.018775928	-0.0215405067	-0.1072547793	0.1419921416	-0.0331583061	-0.1044625314	0.11820054	-0.0405813034	0.0427007454	0.0571322455	-0.0610966306	0.0786679214	-0.0061442977	-0.0617663007	0.0664009862	0.0050684204	-0.1287014744	-0.0151740128	0.1275100165	0.0282820371416505	-0.0178223238195869	0.0003176352263302	0.0007998736248816	0.0245504407792651	0.0047877031607299	0.0006027241424562	2.2922101555264027e-05	-0.2140214087178975	-0.0338371312985116	0.0011449514545127	0.0458051633895933	0.0019430515101215	0.0008489584333706	7.207304215910634e-07	3.7754491709854417e-06	0.0004897856982595	-0.0001430568037628	2.39890030219546e-07	2.0465249102828283e-08	-0.0002204754646062	6.737088694449997e-05	4.860943049331975e-08	4.538836407688596e-09	0.0	0.0	0.0	0.0	0.0	0.0	0.0
877.6370867093628	0.0045954832462484	2.1118466266550445e-05	770246.8559676977	1034.4812253316245	1.036665598551508	1070151.4055636192	1.0746755632201566	823.1669782105195	0.3690391338598147	677603.8740162378	0.1361898823200022	851.2333105428661	631.59991343166	1.087358	20.03651	0.0561742529994062	0.0274875409503871	0.0745999782	-0.0229092845	0.0233064577	-0.0818570314	-0.1294063768	0.1431425006	0.0362797515	0.0735774809	-0.0604372049	0.0157078859	-0.0537488196	-0.1122538869	0.0900448304	-0.0687221856	-0.0081418955	0.0082390769	0.03943298	0.1290676133	-0.0986396766	0.0151332621	0.0347408599	-0.0928328173	-0.0861789958	-0.0070851396	0.0354263016	-0.1542533337	-0.0815168622	0.1169285603	-0.06212881	0.1798593296	0.0785684969	0.0014791769	-0.0273572472	0.0288903237	-0.0772989037	-0.0458751913	0.0840931271	-0.0927039911	0.0758655466	0.0783040726	-0.0402203707	-0.0078443728	-0.005783092	-0.0836520147	-0.0737841001	-0.0419517067	-0.1468338968	-0.077575301	0.0618169955	0.0256602327	0.1693946638	-0.0616555231	0.0176756093	0.0089837632	0.1021698009	-0.0908373712	0.0643055339	-0.1002876768	-0.0827412321	0.0132306113	0.2102194676	0.0131074103	-0.0293899632	-0.0139759929	0.0737642992	0.0684496389	0.0118192538	-0.2085275251	-0.0645503239	0.1022552833	0.131263993	-0.0253399509	0.0382742643	0.0283380759	0.0676983359	0.009428223	0.0862359021	0.0270518419	-0.1056611936	0.1166290212	-0.0271053002	-0.0457645053	-0.0588427401	0.1117776385	-0.121037023	-0.0930045601	0.0729364505	-0.0874377972	-0.1425644216	0.0483478601	-0.0175975957	0.0288642713	0.0892832387	-0.0336448202	-0.019884958	0.0668323468	-0.0152320282	-0.0755970011	0.1282562728	0.01912809	-0.1237357868	0.0351681373	-0.1423200495	0.1283170011	-0.0607413046	0.0016898595	-0.1290552057	-0.0050684204	0.1289225186	0.0255655269183563	-0.0027165102232942	7.37942779326191e-06	0.0006535961666132	0.0072834906919183	-0.0172669500873468	5.3049236659260514e-05	0.0002981475653189	-0.217119475223555	-0.0030980665056574	9.598016073476865e-06	0.0471408665213519	0.0016659788269285	-0.0002770726831929	7.676927177176853e-08	2.7754854517740613e-06	0.000572068766272	8.228306801249998e-05	3.272626733439681e-07	6.770503281549698e-09	8.202330785045495e-05	0.0003024987724566	6.727823030730505e-09	9.150550733778313e-08	0.0	0.0	0.0	0.0	0.0	0.0	0.0
876.7956141285578	-0.8414725808050889	0.7080761042467769	768770.5489550747	1035.6633517925557	1.1821264609311584	1072598.578246191	1.3974229696336256	821.7827178639016	-1.384260346617907	675326.8353797809	1.9161767072187283	850.0088839225581	625.5674005624102	1.073281	19.777115	0.0804317675220182	0.0389795234777599	0.0660114375	-0.0932037478	-0.1355915128	-0.0162622213	-0.0020611604	0.0597318968	-0.0673309816	0.028989842	0.0276617098	-0.0229608317	-0.0348904706	-0.031225107	-0.0690463187	-0.1558151253	-0.0960381134	0.0551722083	0.0327455412	-0.0816029097	0.0534499266	-0.1223769871	-0.0406002906	-0.088010166	0.1380231953	0.1832640176	0.155120222	0.0176078742	-0.0461923131	-0.0614420102	-0.04875819	0.0904909094	0.0522535156	-0.0125364111	0.0968982899	-0.0925657205	-0.0246766601	-0.1087840686	0.1944820199	0.083126317	0.1036171673	-0.1524699996	0.0893998497	-0.0512267144	-0.0020653388	0.0484155068	-0.0320293071	0.1504022144	0.1247025397	0.0938610636	-0.0326811918	0.0575182755	-0.0075391668	0.0839008657	0.0033743936	-0.127928018	-0.0002443421	-0.1783574508	0.1058380879	0.0375059702	0.0610820961	0.0940358697	-0.0424072679	-0.0705051657	-0.105458861	0.0196790194	0.0085458495	-0.0805311035	-0.0840707633	0.0303500085	0.0432331218	-0.0558599182	0.1406328227	-0.049380045	0.1157729297	-0.0750416269	-0.0320563222	-0.0437008995	0.0333318606	0.0146848683	-0.1196163457	0.0867258764	-0.0566538072	-0.049686129	-0.0473340729	0.0953197304	-0.0547138325	-0.0896785865	-0.1187665904	0.0226276223	-0.0339973798	-0.1247585638	0.1032880335	0.0498491401	0.0466002987	0.0461559018	0.0019744923	-0.0926627948	-0.0116647927	-0.0241928349	0.1251364724	-0.1172690008	-0.0194690347	-0.0073522568	0.1245001862	0.0233668136	-0.0239115644	-0.0016898595	-0.1290552057	0.0050684204	0.1289225186	0.0305712457346629	0.0050057188163066	2.5057220867925963e-05	0.0009346010657691	0.0006022056477519	-0.0066812850441664	3.626516421842855e-07	4.4639569841401615e-05	-0.1936215151971225	0.0234979600264324	0.0005521541254038	0.0374892911472295	0.0013400591649518	-0.0003259196619767	1.0622362606300643e-07	1.7957585655713156e-06	0.0009529228048059	0.0003808540385339	9.080618719191434e-07	1.4504979866758142e-07	-0.0001161390643412	-0.0001981623721916	1.3488282266049396e-08	3.9268325752623984e-08	0.0	0.0	0.0	0.0	0.0	0.0	0.0
878.3494507264509	1.5538365978931097	2.414408172952033	771497.7575914579	1035.9430070534731	0.2796552609174796	1073177.9138629923	0.0782070649588236	823.1128258743549	1.330108010453387	677514.7241188661	1.7691873194722665	851.3686674020952	625.586647055213	1.005626	18.530466	0.0263630588670237	0.0134536920349274	0.0685691862	0.0710563254	-0.0096041203	0.1220980031	0.0631387269	0.0172266007	-0.1401993271	-0.0322859105	-0.0325597983	-0.0136898428	0.0712772655	0.0294217479	0.1330248797	-0.1681149129	0.050344304	0.0984943	-0.0234375232	-0.0674289613	0.1304796772	-0.0672715741	0.0339446084	-0.1368535568	0.0454116154	0.010272186	-0.0323894468	-0.110022091	-0.0293081026	-0.1374910716	-0.0454073305	0.0252116563	0.0631832951	0.0981813646	-0.1138626871	-0.1425923131	0.00316829	0.153649321	-0.0714638445	-0.0093628605	-0.2470330557	-0.0603369679	0.1078136763	-0.032698556	0.0452425835	-0.2333430578	0.125615962	-0.0344805496	-0.0687695442	0.0188986916	0.0217335448	0.0926395726	-0.180412613	0.0949174597	-0.082155372	-0.0132517804	0.116143609	-0.013951261	0.0979622925	-0.0554955541	0.0744058082	-0.0159973581	0.001457641	0.186056706	-0.0131789644	-0.0820468948	-0.0332822878	-0.0370655448	-0.1720896192	0.1411870971	-0.0286118614	0.1976394635	-0.1187980412	0.1541211725	0.0933025258	0.0431003831	0.0355078569	-0.1261025002	-0.0752323207	0.0066681315	0.01125095	0.0731813954	-0.0864867575	-0.0532179104	-0.0164810907	0.0962706485	0.0199601967	-0.0821863619	-0.1389496207	0.0035630327	-0.0591358461	-0.0800359486	-0.0919685789	0.077216619	0.0084759184	0.0720151394	-0.0964325355	-0.0128760732	0.0747239718	0.114400767	0.0314708522	-0.0559175566	-0.0872941426	0.0197560321	0.0885929577	0.0651626911	0.0727899462	-0.0050684204	-0.1287014744	0.0151740128	0.1275100165	0.0304704039757979	-0.0001008417588649	1.0169060330986693e-08	0.0009284455184483	0.0067032080977185	0.0061010024499666	4.493299880131888e-05	3.722223089449846e-05	-0.1921173441081833	0.0015041710889392	2.262530664800586e-06	0.0369090739071821	0.0012760015884999	-6.405757645190006e-05	4.103373100891021e-09	1.6281800538542682e-06	0.0007549970446478	-0.0001979257601581	5.70020537426912e-07	3.9174606534161746e-08	-4.981529566141845e-06	0.000111157534775	2.4815636818345363e-11	1.2355997537268264e-08	0.0	0.0	0.0	0.0	0.0	0.0	0.0
880.0418848188785	1.6924340924276748	2.864333157211488	774473.7190355643	1039.2621630155122	3.3191559620390763	1080065.843475681	11.016796300339546	823.3875631984276	0.2747373240727029	677967.0792298446	0.0754805972386293	852.7317491352852	630.6257423433161	1.027282	18.929504	0.0368959059434209	0.0200234229408347	0.0935820397	0.1396197887	0.0362840454	-0.0543820217	-0.0235929974	-0.1486286355	-0.1277157189	-0.0628837947	-0.0470901472	0.0252566161	0.1634595757	0.0331478447	0.1230222892	0.0863703453	0.0250186721	0.0440159746	0.007706551	-0.0504325243	0.1124713924	0.0817244377	-0.054210403	0.055972019	0.0713646903	0.021799501	0.2413536605	0.063202225	-0.1067981377	-0.0089174072	0.1783215743	0.0462543488	0.0519671611	-0.0692746257	-0.0010214633	-0.1132178622	0.1211225102	0.1087763844	-0.0401671417	-0.1304774312	0.151582258	-0.026999577	-0.024514348	0.0922544177	0.1182421905	-0.0241017443	0.0622683062	-0.0244805553	0.086023925	-0.0063750679	0.2141507159	0.054826418	-0.107062326	-0.0383687301	-0.0383378745	0.0793905847	0.0280683388	-0.0352766518	0.0621748196	0.2074819035	-0.1200920161	0.0154029779	-0.0423829824	-0.1133974655	-0.0438812465	0.0322789549	-0.0008506602	-0.0710386627	-0.2064531563	-0.0358976946	0.0803968328	0.0526876598	-0.0130091074	-0.0038369461	-0.0977392519	-0.2518484682	-0.0171804253	0.0661165417	0.0874815019	-0.0471669179	0.003949971	6.35175e-05	0.1984471422	-0.0530621692	-0.0555341269	0.1010588348	0.1368155152	-0.0672014647	-0.1557288823	-0.0901376064	0.013359388	-0.0338411483	0.0292249523	-0.1100364634	-0.0151993235	-0.0867590735	-0.0292019314	-0.0586472727	0.031027129	0.1099658349	0.0680089355	-0.013602849	-0.0427260072	-0.0662548327	0.064199447	-0.1481821767	0.0239385162	-0.0084435077	-0.1279949812	0.0251860523	0.124700488	0.0304671977223165	-3.206253481401189e-06	1.0280061386997243e-11	0.0009282501370507	0.0014941201856117	-0.0052090879121068	2.232395129052341e-06	2.713459687605718e-05	-0.1993720182316281	-0.0072546741234447	5.263029663737956e-05	0.0397492016537526	0.0015635633565306	0.0002875617680307	8.269177043294213e-08	2.4447303698852363e-06	0.0007968725591804	4.187551453260004e-05	6.350058755747201e-07	1.753558717369997e-09	-0.0001641230000906	-0.0001591414705244	2.693635915873909e-08	2.5326007640686983e-08	0.0	0.0	0.0	0.0	0.0	0.0	0.0
879.111756853352	-0.9301279655265944	0.8651380322546416	772837.481037787	1039.5945080488157	0.3323450333034543	1080756.7411652592	0.1104532211614741	822.8906273529088	-0.4969358455188057	677148.9845852639	0.2469452345614904	852.3530079257508	640.7797193164046	1.172065	21.597387	0.0839954936471432	0.036428929128679	0.0181592871	-0.0057217077	0.1174739502	-0.1377204198	0.0016563038	-0.0242369724	-0.0825964734	0.0091191168	-0.1477910022	0.1061926615	0.0610671352	-0.0271328198	-0.0647286298	0.0511597629	0.0747815242	0.0553603816	0.0174825745	0.1652504176	0.0171342451	0.06745136	-0.062959785	0.092398309	-0.0054113701	-0.1233881183	-0.0500715667	-0.0638847732	0.0454724993	0.0714916416	0.0589321	0.0830349611	0.0599075561	-0.0789083529	-0.1154115096	0.0091780024	-0.093921785	0.1782794037	-0.0758114654	0.1054549962	0.0875142322	0.063239539	-0.0999679697	-0.0695962965	-0.1453189042	0.2112896317	-0.0838629064	-0.024480778	0.2064628447	0.0108695627	0.0994077161	0.0542283653	0.0682650173	-0.0934468656	-0.0802875986	0.0685456939	-0.0446681962	0.0855668273	0.0175169744	0.0468732865	-0.0778228679	0.0601403121	0.1047140243	0.088734558	0.159312177	-0.0536152161	0.0993100492	0.0027073927	-0.0656578885	0.0321980431	0.0165064425	-0.1219545799	-0.0085046065	-0.1174447341	0.182082532	0.0137448624	-0.0551946315	0.0964197578	0.0619722332	-0.0273298968	0.099492037	-0.2376081895	-0.0270126729	-0.0626506131	-0.0009716769	0.2041621701	0.1552620209	-0.0558926868	0.0782726443	-0.151005589	-0.0340796003	-0.02909466	-0.0861592678	0.1578805013	-0.0090050612	-0.011531834	0.0345331315	0.0654848889	-0.0228219658	-0.0100630371	-0.0239861392	0.0816540669	-0.1124426549	0.0182094421	-0.0974593331	0.0485632368	0.1275253473	-0.0118128082	-0.1269376627	0.0350428114	0.1205247148	0.0197367151747727	-0.0107304825475437	0.0001151432557031	0.0003895379258901	0.023167378997229	0.0216732588116173	0.0005367274496012	0.0004697301475153	-0.1803293839674609	0.0190426342641671	0.0003626219197188	0.0325186867220839	0.0019100621296796	0.000346498773149	1.2006139979376225e-07	3.6483373392361696e-06	0.0005482902486606	-0.0002485823105198	3.006221967763026e-07	6.179316510336227e-08	-0.0002200242768981	-5.590127680749998e-05	4.841068242453178e-08	3.1249527487087356e-09	0.0	0.0	0.0	0.0	0.0	0.0	0.0
879.1127259505317	0.0009690971797908	9.391493438786348e-07	772839.1849281747	1034.1756918491462	-5.418816199669436	1069519.3616116603	29.36356900579991	824.1936118386009	1.3029844856920365	679295.1097955583	1.6977685699541405	852.8872212878198	632.5361550916906	1.004238	18.504889	0.1700263251654109	0.1048170736981021	-0.0395457526	-0.0424031609	0.175546159	-0.0550921888	-0.0678366005	-0.0079768428	-0.045369193	0.120388599	-0.1564082603	0.0175341895	-0.0504376552	0.0640615755	0.0044199748	0.0312957653	0.0908800356	0.0308121699	-0.1452139503	0.0970993711	-0.0416584669	0.0709590084	-0.0272006857	0.0717217699	0.1499077645	-0.1322815563	0.0505600149	-0.0717048374	0.0148121119	-0.0164843985	0.0502285298	0.051083962	-0.0095082412	0.0409270041	-0.0457467538	0.0197976355	-0.0527553363	-0.0275213924	0.0349878227	0.0028329736	-0.0136959791	-0.1353810463	0.0500875702	0.0202670953	0.0369446697	-0.0964764613	-0.0142706624	-0.0072164927	0.0005908485	-0.0781450092	-0.1676659528	0.0669338909	0.1275888404	0.0337148176	-0.02916562	0.1661750983	-0.0452536614	0.024798327	0.0362875791	0.1422986396	0.0953571239	0.0204905663	0.0392797741	0.0546680064	-0.0500741483	-0.0353126856	-0.0042718569	0.1328205338	-0.0604837744	0.0725117364	0.0534123641	-0.0188653242	0.0689658747	-0.0503429521	-0.0031037473	-0.0742261485	0.0290155176	0.0640994587	0.0523224322	0.0043541844	0.0579145834	0.058667217	-0.130915295	-0.0524788402	0.1345484595	0.195409483	0.0597790429	-0.0368380065	0.0717096019	-0.0052178215	-0.0549223052	0.0842285459	0.0227682991	0.0746046073	-0.1194409731	0.0191673026	0.0044315601	0.0490459877	-0.0105569994	0.0067828969	-0.0369023963	0.187159005	0.0947164749	-0.0042431519	0.0180201895	0.1195130529	0.1187069719	-0.0151740128	-0.1255324169	0.0446835199	0.1150284477	0.0305596799519207	0.010822964777148	0.0001171365665673	0.0009338940387638	0.0196373205146045	-0.0035300584826244	0.0003856243569933	1.2461312890749176e-05	-0.1341569266369475	0.0461724573305133	0.002131895815938	0.0179980809646713	0.0002847216006149	-0.0016253405290647	2.64173183542032e-06	8.106638985671063e-08	0.0006329005393783	8.461029071769996e-05	4.005630927453432e-07	7.1589012953337035e-09	-0.0007000903486182	-0.00048006607172	4.901264962283527e-07	2.3046343321676815e-07	0.0	0.0	0.0	0.0	0.0	0.0	0.0
879.0483000656313	-0.0644258849004018	0.0041506946451998	772725.9138482763	1039.000237098107	4.824545248960703	1079521.4926899225	23.276236859269293	823.1288768561992	-1.06473498240166	677541.1479145479	1.1336605827498634	852.0105335755497	633.5914946910525	1.002067	18.464884	0.0576476897491141	0.0275564812035623	-0.0947033581	-0.099662731	0.2308229518	-0.036853337	-0.0984616686	-0.0101895384	-0.0459305827	0.0462456321	-0.0093736177	0.08815272	-0.22234027	0.0780926848	0.095891956	0.1885553514	0.0324728878	0.0307100765	-0.0869228525	0.1555608283	-0.107003529	0.0374089907	0.1184412629	-0.0054383596	0.0292717769	-0.0732942399	0.0138950468	0.0778498947	0.0478900182	-0.0013874036	-0.1665693931	0.3026946894	0.1172106934	0.0344455165	0.054428612	0.0795614301	-0.0280982171	-0.0448305728	-0.1050328895	0.0117311312	-0.0430791326	-0.0821774745	-0.0064843658	-0.0268300357	0.0122959885	-0.1779714676	0.0285692455	-0.119332054	0.0115709584	-0.0905328843	0.1596656607	0.0664564837	0.1591418942	-0.0468299816	-0.0281845318	0.1616157256	0.0273089685	0.0846468116	-0.0032154973	-0.0333559729	0.1190580759	0.0727117483	0.0396541065	0.0562522932	-0.1081915695	-0.0140043675	0.1731924611	0.1332132053	-0.1008921608	0.0694995334	-0.2412055593	0.0428163473	-0.0662829653	-0.0787610765	0.054915392	-0.0064073565	-0.1023702106	0.0939423131	-0.0670082013	-0.1154576496	0.0067377948	0.1341730437	-0.0474975772	-0.0580026272	0.2092817709	0.1856650239	0.0367366033	0.0027704001	0.1688916099	-0.0423126268	-0.0953503543	0.0573942235	-0.0357475477	0.0328706162	-0.0304904323	0.0196139235	-0.0653074251	0.0393601875	-0.0072443043	0.0970877762	0.1139935274	0.0081169178	0.1151534871	-0.025184274	-0.0839471181	0.0549155616	-0.0174565393	-0.0185248178	-0.1237830955	0.0540487397	0.1082719048	0.0410401476268589	0.0104804676749381	0.0001098402026854	0.0016842937172343	0.0078808965456289	-0.0117564239689756	6.210853036290553e-05	0.0001382135045383	-0.1299594344863379	0.0041974921506096	1.761894035442925e-05	0.0168894546120087	-3.833215678111435e-05	-0.000323053757396	1.0436373016768287e-07	1.4693542434919307e-09	0.0007080089523738	7.510841299550005e-05	5.012766766414458e-07	5.6412737027026e-09	-0.0004739863999179	0.0002261039487002	2.2466310730713147e-07	5.112299561786788e-08	0.0	0.0	0.0	0.0	0.0	0.0	0.0
876.3417549941148	-2.70654507151653	7.325386224150417	767974.8715461652	1035.2801098945813	-3.720127203525635	1071804.9059433364	13.839346410411462	821.9356360045895	-1.193240851609744	675578.189734269	1.423823729950347	850.8828553949867	629.3990531203104	1.112858	20.506392	0.090297223031323	0.044727968587577	-0.0632739646	-0.1845292299	0.0870687508	0.0686235771	-0.0378732739	0.0665473886	-0.0210430832	0.0998714305	0.0061783636	-0.0554524389	-0.2694436196	0.267613342	-0.0211748617	0.0070501844	-0.0010549886	0.0713736169	-0.1093645843	0.0821055761	0.020975627	-0.1582563245	-0.0805620385	-0.0959576856	-0.0132009162	0.0337840342	0.1371617137	-0.0879208396	-0.0316875053	0.2421474836	-0.1797464857	-0.0476795501	-0.1034817609	0.1186657717	-0.0623554359	0.0662685205	-0.0346518727	-0.1877532187	0.0322903728	0.0748686995	0.071594107	-0.0546026074	-0.0197249308	-0.090702553	-0.0478393498	-0.0028468164	0.1331632429	0.0490586007	0.0831426742	0.046613337	-0.1025667611	0.0783222185	0.1224831793	0.1823905437	-0.0313664267	-0.0552620629	0.0141191469	-0.04625354	0.0828603143	-0.0235371446	-0.0859095497	0.2235345427	0.1479617463	-0.0108551681	-0.074223192	0.0761651204	-0.012142301	0.1228722135	0.126900426	-0.0239549865	0.0583413292	0.1348480458	0.0137381874	-0.0693672927	0.0259889961	-0.0212299453	0.1295360386	-0.1277678924	-0.0901424864	-0.1779246271	0.0665632924	0.0016697452	0.1411778859	-0.0483399309	0.1722433724	0.2223887015	-0.0542550633	0.0060045721	0.0444011389	0.1098249634	-0.0928419199	-0.0773622451	0.095401731	-0.0534951033	0.1844584605	-0.0297102685	0.024405053	0.0027678109	-0.0692257479	-0.0023637032	0.0173865201	0.0908039369	0.0901110156	0.0519936562	-0.0087654993	0.1127151642	0.0290574219	-0.0218629269	-0.1216944932	0.063080731	0.1003291122	0.0181769227642547	-0.0228632248626041	0.000522727051118	0.0003304005211776	0.012989540304872	0.0051086437592431	0.0001687281573318	2.6098241058853475e-05	-0.1517859428137029	-0.0218265083273649	0.0004763964657645	0.0230389724358446	0.0001212707267482	0.0001596028835293	2.547308043087188e-08	1.4706589166036593e-08	0.0012999756998641	0.0005919667474902	1.6899368202371564e-06	3.5042463013424445e-07	-0.0004155791092953	5.84072906226e-05	1.7270599608267489e-07	3.411411597872858e-09	0.0	0.0	0.0	0.0	0.0	0.0	0.0
877.0551521107199	0.7133971166050515	0.5089354459804014	769225.7398439579	1033.0358266585913	-2.2442832359899967	1067163.0191601992	5.036807243345731	821.8741142878736	-0.0615217167159016	675477.0597364766	0.0037849216276716	850.7490887821994	624.6114220549425	1.116982	20.582394	0.0793529133548604	0.0398000177362164	-0.0497892642	-0.0810127275	0.0113271299	0.0895497975	-0.0059406502	-0.0774127924	-0.1055812892	-0.1343056837	0.1159776269	-0.1295500294	-0.1357670221	0.055557503	-0.0738010464	-0.0176590546	-0.0928624503	0.0652990286	-0.0458644261	-0.0774397574	0.1215427939	-0.1329349602	0.0007223855	-0.0088757353	0.1641471994	-0.0351606339	0.0508467672	0.0769467545	0.0975737822	0.0246969866	-0.0956499005	0.1118568057	0.0550777903	0.0224950732	0.0132738187	0.1697498856	0.042681216	0.1648264271	-0.0106583979	-0.0091049543	-0.1795729264	0.19604804	0.1123503526	-0.0127188071	0.0233041866	0.0753448534	0.140145802	0.1812008547	-0.0468364516	-0.0219632586	-0.0430046182	0.0705805259	-0.0800726837	0.1006704683	-0.0722067095	-0.0716195796	-0.0045841947	-0.0104132018	0.0879622968	0.1148090028	0.1380977664	0.1019218508	-0.1703396921	0.0345663994	0.0358914777	-0.0378419252	0.1903438889	0.0369580409	-0.0326594123	-0.0260391296	-0.1125774215	-0.0288916131	0.0093115342	0.1221923764	0.0026285747	0.1920765923	-0.1149534084	-0.0184539688	-0.0769675305	-0.1557818855	-0.0583476841	-0.0956700342	0.2875496064	-0.0498319022	0.10044141	0.1795592889	0.0809727435	0.0680980856	-0.0750864446	0.0616948814	0.0175721026	-0.1246062599	0.1574110306	0.0505704782	-0.0615079267	0.1050120171	0.0370112755	-0.0745479643	0.0187630975	0.1033668356	0.0099646036	-0.0433232808	0.0413720334	0.0856535704	0.0064439426	-0.1765071747	0.0054173859	-0.0251860523	-0.1192723348	0.0717238087	0.0912870929	0.0166932634757301	-0.0014836592885245	2.201244884425317e-06	0.0002786650454701	0.0424409730003958	0.0294514326955238	0.0018012361892203	0.0008673868878189	-0.1657898749193549	-0.014003932105652	0.0001961101144197	0.0274862826257753	0.0003112529750675	0.0001899822483192	3.609325467645616e-08	9.687841448836977e-08	0.0016829540034914	0.0003829783036273	2.8323341778677312e-06	1.466723810492445e-07	-0.0003002618759387	0.0001153172333565	9.015719414222728e-08	1.3298064309020534e-08	0.0	0.0	0.0	0.0	0.0	0.0	0.0
878.9725669981989	1.9174148874790264	3.676479850726207	772592.7735354032	1033.278905232747	0.2430785741557883	1067665.2959989842	0.0590871932136111	821.44241329496	-0.4317009929135338	674767.638359848	0.1863657472825309	851.604709969757	636.6305068410165	1.530919	28.209927	0.7662532852423191	0.453548193963097	0.063515749	0.0903248857	-0.2914669696	-0.0304090587	0.0819645642	0.0665664968	0.1050989859	-0.0223910264	0.1209300605	0.0305330472	0.1216014354	-0.2697608321	-0.0107432709	-0.0578054937	0.0311445984	-0.0872630673	0.2380326072	-0.0621827051	0.0157156776	-0.1122264006	-0.0696662832	-0.0391956872	-0.1474982565	0.0693062977	-0.2793800843	-0.0942394058	0.0687518996	-0.1515148342	0.0997630835	-0.0282841336	0.0905732161	0.0267925393	0.105143392	0.075345554	-0.0321078577	0.0085592669	0.0282709972	0.0631872155	-0.1245395695	-0.0400383618	0.0713441422	0.0379612266	0.0381229973	0.0759545248	0.0052456411	-0.1205887541	-0.0332911683	-0.0633551526	-0.1080248945	-0.1654372258	-0.1361602801	-0.1108618943	0.0680587746	-0.2479539678	-0.0586920295	0.0268887036	-0.0252429686	-0.2501126132	0.1228123037	-0.0312736216	0.0394436588	-0.0058727569	0.1988556469	-0.0799067363	-0.1227775039	0.0799661702	-0.1006641665	0.0972336932	-0.1318587398	-0.0298452863	-0.0091519796	-0.0321853305	0.0346548244	0.0029280609	-0.0400164651	0.0127528238	0.051460696	0.0177026867	0.0637751762	-0.0648792639	0.0625546048	0.1018311814	-0.3102507851	-0.1599218259	-0.0989738497	0.0694550146	0.0716585675	0.1635231002	0.0853143577	-0.0643505532	-0.1685608598	0.1092958881	-0.0560180305	-0.0109232308	0.0117149021	-0.0130296768	0.0499810583	-0.0270277514	0.0125062323	-0.002887948	0.1628429085	0.1272898463	-0.1124864286	-0.1013210066	0.0444433518	-0.0284919163	-0.1165232592	0.0799246852	0.0812449131	-0.0957648446330807	-0.1124581081088108	0.0126468260794129	0.009170905467598	-0.020336545589501	-0.0627775185898968	0.0004135750865138	0.0039410168403048	-0.5232896296642764	-0.3574997547449214	0.1278060746426789	0.2738320365141755	0.004039605993273	0.0037283530182055	1.3900616228362064e-05	1.631841658088714e-05	0.0008190550369726	-0.0008638989665188	6.708511535901871e-07	7.463214243522509e-07	-0.0002221557846892	7.810609124950002e-05	4.935319267087418e-08	6.100561490275224e-09	0.0	1.0	0.0	0.0	0.0	0.0	0.0
879.8163148609848	0.8437478627859036	0.7119104559557801	774076.7478955635	1033.0789438883464	-0.1999613444006627	1067252.1043054613	0.0399845392545204	822.6651017833223	1.222688488362223	676777.869692164	1.4949671395734987	851.9771966542712	640.0807298356286	0.930006	17.137026	0.0702026204453384	0.0314340348722544	0.0548107162	0.0690969248	-0.2802615818	-0.0036686856	0.0600133516	-0.0074362736	0.162049014	-0.0175407183	0.1582001812	0.0373109882	0.1738876596	-0.1475115408	-0.1097183669	0.0110767225	0.2371494724	-0.1020600928	0.1601810934	-0.2260235507	-0.0634527881	0.0336021761	-0.0487858115	0.1043594379	-0.0182534498	0.1271997079	-0.0704470311	0.0470941558	-0.0111351715	0.095120853	0.0772582822	-0.1454601594	-0.0508555606	0.0335768527	0.227651713	0.0420182425	-0.0823432557	0.0512473201	0.0618102957	-0.0784287662	0.108807669	-0.1159322338	0.0480968054	-0.0452046933	-0.2166572003	-0.0424887827	0.1018378897	0.0982647663	0.026208844	-0.1090901258	0.0914160511	-0.1456070262	-0.112099393	-0.0546689498	0.1949618211	-0.1320149525	-0.065604737	-0.0754947293	-0.1691360344	0.0635294445	0.0358922944	-0.0479949585	-0.0066577427	-0.1845494793	0.1164369234	0.04481054	-0.1586983288	0.131122227	0.1749756695	-0.0741362375	0.067716047	-0.0033613445	0.142059094	0.0619660101	0.0417352061	-0.1280507403	-0.0337101856	0.0360007494	0.1302665811	-0.0693216575	-0.0769613903	0.2047612425	0.0457595261	0.095690325	-0.2830157334	-0.1499465816	-0.0468095913	0.1190661108	-0.0202720851	0.159274973	0.0380422961	-0.1123122248	-0.1506445228	0.0547628891	-0.0515910827	-0.062210783	0.1948132527	-0.0381070309	0.0298081418	-0.0353370773	0.1225576442	0.0035677201	0.2020611385	-0.0193284468	-0.0290964851	0.0634519187	0.082990492	-0.0317782535	-0.1134548014	0.0876327994	0.0703125971	-0.0785747660604982	0.0171900785725825	0.0002954988013315	0.006173993861462	-0.0083240083572064	0.0120125372322946	6.9289115130842e-05	0.0001443010507572	-0.5142657726134701	0.0090238570508063	8.142999607338707e-05	0.2644692848817292	0.004377070482372	0.000337464489099	1.138822814028491e-07	1.915874600765225e-05	0.0005180178719157	-0.0003010371650569	2.683425156240705e-07	9.062337474549525e-08	-0.000221134487052	1.021297637199991e-06	4.890046136375115e-08	1.0430488637502845e-12	0.0	0.0	0.0	0.0	0.0	0.0	0.0
878.0628806392705	-1.7534342217143148	3.074531569878885	770994.4223565337	1038.1536180545122	5.074674166165778	1077762.934679674	25.75231789275033	821.2484896081501	-1.4166121751721903	674449.0816836677	2.006790054846084	851.6853300448513	638.1962687622845	1.038104	19.128922	0.1248923051387871	0.0672697267455026	0.0506684405	0.1460408301	-0.1261418954	0.0219052635	0.140004824	0.0746289494	0.0559147349	-0.0718640499	0.1163402725	0.1599085705	0.1366552195	-0.0729555313	0.0679908916	0.0300720223	0.0215404819	-0.0384775198	0.182169788	0.0053974207	0.0064686708	-0.0331013935	0.0282248263	-0.0252576194	-0.0634248124	-0.0248963425	-0.1113143875	-0.0260046604	-0.0895620246	0.0063615119	-0.0778525789	-0.2528798798	-0.0811216302	0.0045761017	0.0044487826	-0.059859752	0.1201405067	0.0800273495	0.1181231927	-0.0549228548	0.0810624811	-0.1058901279	0.1162192206	0.2781125588	-0.1672724628	-0.0384007408	-0.0545575419	0.0760067099	0.0687413995	-0.0951035144	0.0610070664	-0.0728452945	-0.1276010594	-0.1267695936	0.0173947701	-0.1668509289	0.0140661849	0.0658767788	-0.1003838734	-0.0240835809	-0.0492539192	-0.0477752897	0.0820263394	0.0946494576	-0.0446026272	-0.0179180014	-0.1941041078	-0.1594674549	0.2345498571	0.0649612036	0.0762989456	-0.027870671	0.1630903536	0.030385018	-0.0018230727	-0.0904052737	-0.0287887302	0.1159300257	0.0463615127	-0.1688700699	-0.0274211976	-0.1576222987	0.0710399667	0.0657582365	-0.2365846312	-0.1085040544	0.0715751762	0.0865006953	0.0584250075	0.0206697889	0.0425127018	0.0038018533	-0.1963267852	-0.0620626652	0.1015090243	-0.0126122688	-0.0185120435	0.0513200927	0.0381051104	-0.1074311026	-0.049168141	-0.1012995194	-0.0200466595	0.0796230673	-0.1197562066	0.0727069684	0.0150051902	-0.0350428114	-0.1100753719	0.0948006283	0.0586099215	-0.048261307881944	0.0303134581785541	0.0009189057467429	0.0023291538384757	0.0028658803262118	0.0111898886834182	8.213270044167853e-06	0.0001252136087472	-0.4715133608546153	0.0427524117588547	0.0018277687111986	0.2223248494644147	0.003746084895425	-0.000630985586947	3.9814281093485043e-07	1.4033152043731334e-05	0.0006995870848005	0.0001815692128847	4.894220892196619e-07	3.2967379067605814e-08	-0.0002213106175794	-1.761305274000115e-07	4.897838945337544e-08	3.10219626822062e-14	0.0	0.0	0.0	0.0	0.0	0.0	0.0
878.0779075805776	0.0150269413071555	0.0002258089650486	771020.8117810854	1033.5276892246343	-4.625928829877921	1068179.4843940125	21.399217539095712	821.7891389870946	0.5406493789445221	675337.3889571503	0.2923017509530975	850.9613428476017	629.9217119149664	1.070039	19.717379	0.1147099104793457	0.0720973007915446	0.0236740261	0.0868112834	0.0133943795	-0.062560842	-0.1305712723	-0.0120569949	0.0946264629	0.0254967694	0.0219596692	-0.0640153435	0.0760190562	-0.0194549469	0.0324951035	0.1719907975	-0.0606185069	-0.0347008582	0.1158930364	0.0516819199	-0.1171274439	0.0376671579	0.0375366916	0.1395845017	0.1538098371	0.0559029688	-0.0553081433	0.055438101	-0.0687071842	0.0423016911	0.0244774948	-0.0529644244	-0.1908766163	0.0475087931	0.0165793176	0.0382905255	0.0428787404	0.132659379	-0.0762939115	0.0122804232	-0.0366799864	0.0366134904	0.0095442435	0.0481444718	0.0252813785	-0.0041876626	-0.1885695763	0.142317473	0.0653271265	0.098453639	-0.0863878963	-0.0301637766	0.0632397705	-0.1571052624	0.0767964558	-0.0321724706	0.1133698606	-0.0428503248	-0.1259295389	0.1790536324	-0.0475019875	-0.0145920401	-0.079493416	-0.032166099	0.125196668	0.1344428672	-0.0167770599	-0.0083617273	0.0266159451	0.0266868073	0.0777087132	-0.0267295695	0.0075784259	0.1928448576	-0.1131986614	0.1477145888	-0.105266971	0.010830898	0.0181295431	0.0835486388	0.0356009394	-0.0272257827	-0.0512314166	0.0401433248	-0.1311845587	-0.052300455	-0.0104027349	0.1557348223	0.0886811543	-0.0452526788	0.0637313185	0.0983421458	0.0142075406	-0.1601032305	-0.0816754545	-0.0762152216	0.1120096	-0.0545148695	0.0228065038	-0.0050452672	-0.0158120845	0.0391786732	-0.0579641198	0.0132936789	0.0101386271	-0.0340648823	-0.1021593661	-0.0382833527	-0.1063942335	0.1013839798	0.0462651033	-0.0378876594889874	0.0103736483929565	0.0001076125809806	0.0014354747415534	0.0139513160475814	0.0110854357213696	0.0001946392194595	0.0001228868851326	-0.4221259199683658	0.0493874408862495	0.0024391193172927	0.1781902923091391	0.0029075731434914	-0.0008385117519336	7.031019581307554e-07	8.45398158475246e-06	0.0006611803839353	-3.840670086519991e-05	4.371595001008308e-07	1.4750746713489476e-09	-0.0002209613608028	3.492567766000027e-07	4.882392296782516e-08	1.2198029600102418e-13	0.0	0.0	0.0	0.0	0.0	0.0	0.0
877.491990597571	-0.5859169830066548	0.3432987109756206	769992.1935628876	1032.627228174454	-0.9004610501801835	1066318.9923672562	0.810830102891599	821.4666028127023	-0.3225361743923258	674807.379536642	0.1040295837916368	850.5482838948568	635.2733632021798	1.014675	18.697193	0.0902008080708872	0.0504783521270372	-0.0086318711	-0.0169285243	0.0282901453	-0.1531682362	0.0611976463	0.1323055467	0.0911470837	0.0657194985	-0.0570187664	0.0397851109	-0.0932693309	-0.1087172976	-0.0022776645	0.0728248717	-0.007488256	-0.0112886006	0.1520505371	0.181451244	-0.0373235484	-0.1026091876	-0.0012158476	0.135918259	0.011306498	0.039164527	-0.1924943253	0.0745969097	-0.0145598182	0.009115477	-0.0454366703	0.0263167389	-0.0865274443	0.0091152294	0.1508260651	-0.1030594112	0.0721781923	-0.0041057321	0.0278035657	-0.1086799875	-0.0602988861	0.059173533	-0.1191827645	0.1952316184	0.0649735849	-0.1329658249	0.0566589022	-0.1219097211	-0.042784716	-0.0727092887	0.0095584354	-0.0155609952	0.1155073743	-0.1485675052	-0.040840155	-0.1447534938	0.0597892598	0.1488802273	-0.0575506507	-0.0056448915	0.1283038948	-0.0257444251	0.0568753811	0.0259784845	-0.0113490454	0.1259108871	-0.0510582512	-0.0965112881	-0.0085736243	0.0142511019	-0.0010178779	0.0675518106	-0.0326581196	0.1037779943	-0.1316595663	-0.0258569693	-0.2799505313	-0.0464929733	-0.0249896259	-0.0456872662	0.0134715343	0.0872315574	-0.2523605931	0.0217261388	-0.0841340731	0.0168503058	0.0778016042	0.1172710367	0.1740650845	-0.0663177579	-0.0018049059	0.0564452682	-0.0515230884	0.0821364664	0.0545602069	-0.01501381	-0.0996659101	0.0111185584	-0.1070991605	0.000871357	-0.0479960987	-0.0602470323	-0.0421301805	0.0019035294	-0.0826113608	-0.0311871092	-0.0731625413	-0.0414976565	-0.1024214758	0.1073422654	0.033413395	-0.0257002293411829	0.0121874301478045	0.0001485334536076	0.0006605017881893	0.0153758060736777	0.0014244900260962	0.0002364154124153	2.0291718344478357e-06	-0.3805738409117793	0.0415520790565864	0.0017265752739248	0.1448364483863443	0.002766696246884	-0.0001408768966073	1.984629999773199e-08	7.654608122522013e-06	0.0010810043854054	0.0004198240014701	1.1685704812657067e-06	1.7625219221036658e-07	-0.0003609966395333	-0.0001400352787305	1.3031857375433533e-07	1.9609879289128823e-08	0.0	0.0	0.0	0.0	0.0	0.0	0.0
877.2885716401724	-0.2034189573985259	0.0413792722291032	769635.237930454	1037.4773794320913	4.850151257637208	1076359.3128332796	23.52396722195979	821.9657478639803	0.499145051277992	675627.6906615924	0.2491457822153092	851.1412964618852	630.1030747476855	1.000536	18.436657	0.090174021176486	0.0412439671594751	-0.0160444042	-0.152259977	-0.097118761	-0.0277488218	-0.0005872333	0.1050579185	0.092683765	0.2001124317	-0.0155872906	0.0190916775	0.0097997401	0.0379374843	-0.0070782422	0.0068950154	-0.0753485046	-0.012744056	-0.0001599267	0.0752266588	-0.0261240369	-0.1306428048	-0.0700131516	0.0934373436	-0.0856212125	0.0237972003	0.0027877489	0.00887474	-0.076736156	-0.0294844847	-0.010117325	0.1120300998	-0.0750835098	0.019595876	0.0131408689	-0.0078791892	-0.0366323169	-0.1331088555	-0.0734896802	-0.0909150728	-0.1054899279	-0.0072202921	-0.1021194654	0.0158072004	-0.0217073303	-0.0809942157	0.0839942539	-0.0127915471	0.1276212687	-0.0230714999	0.0185610432	-0.0126584499	0.1289803459	0.042955101	0.0336630052	-0.1762735635	-0.0114316001	0.0470946917	-0.0794303179	0.061839974	-0.1300652101	-0.0006551414	0.0374608912	-0.034337286	0.0044243978	0.0438298143	0.0048598457	-0.0192763525	-0.0753924666	-0.0017009502	-0.0795559858	0.1634022537	-0.0651233374	-0.0545591904	-0.1873717654	0.0479540535	0.0611067885	-0.0343914962	-0.0323934883	-0.1509204757	0.0339285907	0.0633234122	0.0100096106	0.0204617802	-0.0590942589	0.0573940705	-0.0950286035	0.1409946616	0.1590349522	0.0102404203	0.070045585	-0.0397272009	0.0468245449	-0.0552357317	0.0867584902	-0.0167882181	0.0330604091	-0.0469526207	-0.0340398738	-0.0488404639	-0.0136667972	-0.0598944484	-0.0732507966	-0.0554866163	-0.0185751262	0.0183055199	-0.1354540543	-0.0446835199	-0.098167988	0.1126387502	0.0201956026	-0.0401784864053809	-0.014478257064198	0.0002096199276169	0.0016143107698273	-0.0087789278266825	-0.0241547339003602	7.706957378610034e-05	0.0005834511697972	-0.3857579637307822	-0.0051841228190028	2.687512940250636e-05	0.1488092065817194	0.0029669932815746	0.0002002970346905	4.0118902105847294e-08	8.803049132908813e-06	0.0015340644228396	0.0004530600374342	2.353353653422195e-06	2.052633975198787e-07	-0.000634777715267	-0.0002737810757337	4.029427477995926e-07	7.495607742990199e-08	0.0	0.0	0.0	0.0	0.0	0.0	0.0
877.8507867085597	0.5622150683872178	0.316085783121644	770622.0037248371	1035.8385890080378	-1.638790424053468	1072961.5824781628	2.6856340539693457	822.3054468925309	0.3396990285506263	676186.247989125	0.1153954299982392	852.103347452599	631.0579824622495	0.904019	16.658173	0.0696562902778293	0.0431268650293084	-0.0196014154	-0.068798349	-0.1139514409	0.0908681105	-0.0499968298	0.0152593682	0.0537702045	0.060322121	0.0881410708	-0.0455791382	0.012422807	0.0074640377	-0.0643779613	-0.0216169326	-0.0907442733	-0.046548052	0.0091741133	-0.0769211742	-0.0258724405	-0.0974301727	-0.0654518554	0.102915434	0.0441069892	0.0367555033	-0.0958728015	0.0020025942	0.0812985737	0.0195902169	0.0247905733	0.0740570976	0.1574255312	0.0094165438	-0.1522759178	0.0453165136	-0.0604259813	0.0413263412	-0.0659748934	-0.1517163266	-0.0263521584	0.1503721033	0.0291795952	-0.0172345597	0.1021704016	-0.1565543505	-0.0039844735	-0.0272826134	-0.0062071865	0.1001996182	0.1036361747	-0.043355755	-0.0184962313	0.0392338011	0.0704055953	-0.0819764173	-0.1227644709	0.0361806112	-0.025387089	0.0594380178	0.1067884732	-0.0576251284	-0.1114690787	0.1141818558	0.1020990684	0.0248361441	0.1705746002	-0.0660706465	-0.0881055291	-0.1742580617	-0.0771061521	0.1064071905	-0.0711532783	0.0375541856	-0.0608329761	0.0560098994	0.0821172843	0.0769695373	-0.0231738173	0.0019982068	0.0470542366	-0.0414984267	-0.0105224288	0.0271801746	-0.0390234224	0.0411929271	-0.1007836823	0.1380167827	0.1181690902	0.1121730619	0.0409394404	0.0034197625	0.0582595597	0.0247371912	-0.0529444082	0.1161591269	-0.0582711551	-0.0837111506	-0.0038920847	0.0755675882	-0.1005923892	0.0303139358	-0.0962611046	-0.0495015952	0.0097424334	-0.1741166159	-0.0676179651	-0.0478387595	-0.0936454286	0.1172407796	0.0067565429	-0.0372922274418385	0.0028862589635424	8.330490804628857e-06	0.0013907102275738	0.0090446034231632	0.0178235312498457	8.180485108229549e-05	0.0003176782662142	-0.3804904175828909	0.0052675461478912	2.7747042420164123e-05	0.1447729578724027	0.0022420352009828	-0.0007249580805917	5.255642186153463e-07	5.026721842445985e-06	0.001681794076453	0.0001477296536134	2.8284313155924e-06	2.1824050556735162e-08	-0.0006338863711412	8.913441258000558e-07	4.018119315185591e-07	7.944943505982656e-13	0.0	0.0	0.0	0.0	0.0	0.0	0.0
879.1367190152582	1.2859323066985553	1.6536218974110672	772881.370720913	1031.8021915142351	-4.036397493802724	1064615.7624135783	16.29250472797691	822.789629270073	0.4841823775420835	676982.774034384	0.2344325747223046	851.9450402721787	636.4280884746772	0.8402659999999998	15.483397	0.0315562024034207	0.0180831475158324	-0.0254836797	-0.0413477534	-0.062222105	0.103999273	-0.0461674643	0.0176486613	0.0599916898	0.0721331854	0.1202918944	-0.0421247603	-0.0202310017	-0.0350527173	0.0392948032	-0.0774293251	0.0734062218	-0.0225124004	-0.0288738222	-0.1457440203	-0.1302554522	-0.0201776785	0.0459293152	0.0484091315	-0.0346970421	-0.0078787338	-0.1493889645	-0.2647573503	0.1269439987	-0.0916500485	-0.0403515007	0.0483182337	0.0041403758	0.1077793806	-0.0575164164	-0.0490867803	-0.0589503505	-0.1139888112	0.0970056973	-0.0422965899	0.205839263	0.097310568	-0.0443541512	-0.1111627888	-0.0043543003	0.0649818853	-0.047417959	0.0893530845	0.0048875765	0.0587704274	0.0315720536	-0.0252893192	-0.0084761631	0.048703764	0.2008332538	0.0259897711	-0.0040487571	-0.00981525	-0.1094566512	-0.0331657391	0.1769313899	-0.0135444978	0.1691944359	-0.0176202717	0.0976452576	-0.1364786696	-0.0042145744	0.0083339638	-0.0293533724	-0.1004930653	0.0017801132	0.0556637865	0.1456258627	-0.041740988	0.0253180685	0.0311660553	0.2386796762	0.0426571743	-0.0171924735	0.0390160916	0.0492811571	-0.1554299757	0.0104591377	0.0285825033	-0.0269577473	0.0499293247	-0.1350072295	0.1864750977	0.0632130664	0.1306617355	0.0237671707	0.0492536003	-0.0484282984	0.0712577467	-0.0592132481	0.0206624621	-0.0419484544	-0.0072669262	0.0596692126	0.0811431352	-0.0332439724	0.0216521187	-0.006480593	-0.0286745978	0.0590811895	-0.0134082656	0.0034515093	-0.0509612127	-0.0888661936	0.1211199807	-0.0067565429	-0.0416701694656609	-0.0043779420238223	1.916637636395016e-05	0.0017364030232968	-0.0005283492275367	-0.0095729526506999	2.791529062386276e-07	9.164142245254228e-05	-0.3934902548446644	-0.0129998372617734	0.0001689957688325	0.1548345806577189	0.0023335344598599	9.149925887709996e-05	8.372114375058558e-09	5.445383075353636e-06	0.0016812605806038	-5.334958492000681e-07	2.8266371398922267e-06	2.8461782111370183e-13	-0.0006339630257574	-7.66546162000092e-08	4.019091180274778e-07	5.875930184770714e-15	0.0	0.0	0.0	0.0	0.0	0.0	0.0
878.4243485923104	-0.7123704229478562	0.5074716194909076	771629.3361998248	1031.6819223257212	-0.1202691885139302	1064367.5888536954	0.0144646777057992	822.3991883237288	-0.3904409463441425	676340.424955528	0.1524441325821095	851.562611196233	639.4571151033948	0.869881	16.02911	0.0408165223022287	0.0231659260926151	-0.0241901853	0.0301061113	-0.0632230064	0.1164571212	0.0163328156	0.0828099317	0.0497202359	-0.0531120641	0.0947180137	-0.0361127096	-0.0786507171	-0.0365957647	0.0181356772	-0.0333396796	0.2136615978	-0.0329636595	0.0083738121	-0.1220415313	-0.0768495869	-0.0128259467	0.1256091292	0.0694108255	0.0691692172	0.0940140637	-0.0057318302	-0.0972588389	0.085586714	-0.1331407281	0.0705435627	0.0039012243	-0.2119745478	-7.39751e-05	0.00663368	-0.1842739732	-0.1282247956	-0.0418143312	-0.0762980827	0.0919810288	0.0184403345	-0.033393695	0.0180188612	-0.1330173861	-0.0464992418	-0.078236888	0.1355073521	0.0721274769	0.0624862165	-0.0804161589	0.0477996238	-0.0374865674	-0.0677816712	0.0354514869	0.1233587752	0.0092097478	0.0923703198	-0.0452727234	-0.1135646926	0.0166943987	0.1479650759	0.0850216058	0.0973644603	-0.0474190167	0.048848824	-0.1034865641	-0.0550178087	-0.1513937308	-0.049010001	0.128395086	0.0929817506	0.0636445632	0.1015417563	-0.0338155556	-0.0179071412	0.0379569946	-0.0158135404	-0.0121466032	-0.0741433095	0.109997756	0.0726643042	0.2065690935	0.0343348199	0.0313055114	-0.037702229	0.0591449572	-0.0747712885	0.1383303365	-0.0187456127	0.1751515661	-0.0513660649	0.0447141223	-0.1026244836	0.0370104703	0.0241659237	0.0254085249	-0.1046495781	0.0775598485	-0.0428945463	0.101668083	-0.0569629796	-0.0120065544	-0.0112861341	0.0213070095	0.0106502008	0.0071960632	-0.0806581142	-0.0540487397	-0.0838433825	0.1242524367	-0.0201956026	-0.0403966378407005	0.0012735316249603	1.62188279977427e-06	0.0016318883488327	-0.0053499069719009	-0.0048215577443641	2.862150460799385e-05	2.3247419082238387e-05	-0.3954411049526385	-0.0019508501079741	3.8058161437826888e-06	0.1563736674861636	0.002695916006328	0.0003623815464681	1.313203852206118e-07	7.267963113175514e-06	0.0014522347864147	-0.0002290257941891	2.108985874872949e-06	5.2452814403948e-08	-0.000569958709916	6.400431584140001e-05	3.24852931009111e-07	4.096552446325688e-09	0.0	0.0	0.0	0.0	0.0	0.0	0.0
877.3333637730639	-1.0909848192465006	1.1902478758263195	769713.8311893592	1036.4162900875776	4.734367761856447	1074158.726358898	22.414238104505625	821.4652859914975	-0.9339023322313552	674805.2160890928	0.8721735661471643	851.0893746863054	632.1000169719056	0.940369	17.327976	0.0775388591347548	0.0417019170063969	-0.030211888	0.0476183055	0.0429127827	0.0976614763	-0.0463997087	0.0458551748	0.0013961059	-0.0299030264	0.0135611019	0.0220517647	-5.39002e-05	0.0995968558	0.0713716136	-0.0213534813	0.0333807915	-0.0328822556	0.0482821981	-0.0489521404	0.0231547271	0.0098424141	0.1278322224	0.0253403803	-0.0722448634	0.0882385933	0.0167408582	-0.0265103734	-0.0511143743	0.1809949803	-0.0939158511	-0.0177125482	-0.108788456	0.0024168855	-0.0024116069	-0.1356898457	-0.0810972479	-0.0299547281	-0.0855626309	0.0477243733	-0.0318287583	-0.0264627971	0.0231156317	-0.0048360362	0.0238899325	0.0802588378	-0.0425363836	0.0258771929	-0.0627780857	-0.0252706451	0.2148700606	-0.0235029097	-0.0501608461	-0.0054459753	0.038587078	0.0135501809	0.1089491341	-0.0306743658	-0.0630245892	-0.0238359362	-0.0717405133	0.1402781941	0.1045647703	-0.0819045559	0.0441994606	0.1021223647	0.0070914299	-0.0698115394	0.0875990892	-0.0604523012	0.0339836612	0.0472264647	-0.0577138256	-0.0805256955	0.0912871859	0.0070754399	-0.0373003224	-0.0022608064	-0.124548929	0.0417571534	0.0245189345	0.0081808323	0.0455366115	0.0125134616	0.0084436883	0.0997004946	-0.0368847706	0.1982444569	-0.0893679146	0.0704183559	-0.0326248175	0.1162984513	0.0033691753	-0.1601595652	0.1594033303	-0.1094971198	-0.0096371493	0.0637233796	-0.0280736563	-0.0764470626	0.0113552788	0.0434339929	-0.1272777822	-0.0940614739	0.0482773732	-0.0359396399	-0.0168793607	-0.0570992244	-0.0785907625	0.1266188352	-0.033413395	-0.0292787660932276	0.0111178717474729	0.0001236070721932	0.0008572461439419	-0.0023417096492721	0.0030081973226287	5.483604081494062e-06	9.04925113187108e-06	-0.3675465510956854	0.0278945538569531	0.0007781061348784	0.1350904672223332	0.0022625315778198	-0.0004333844285082	1.8782206287337918e-07	5.119049140631755e-06	0.0016652876155027	0.0002130528290879	2.773182842346668e-06	4.539150798240049e-08	-0.0006338861764738	-6.392746655780007e-05	4.018116847245736e-07	4.086720980498646e-09	0.0	0.0	0.0	0.0	0.0	0.0	0.0
877.9420397926579	0.608676019593986	0.3704864968287784	770782.2252352928	1033.2179041153345	-3.198385972243159	1067539.2373844846	10.229672827441815	821.5058516490309	0.0405656575334205	674871.8642935995	0.0016455725711187	851.1422759558767	627.9647817894165	0.950456	17.513855	0.0536918776483546	0.0293829116517203	-0.0279848637	0.0752570293	0.0540513973	-0.0044924966	-0.0386264898	0.0551523133	-0.0334363561	-0.1279836359	-0.1525084819	-0.0612547701	-0.0125216386	0.0669168603	0.0645823279	-0.0838935911	-0.1624765227	-0.0100600188	0.0125472298	0.0284431367	0.0830614419	0.033777523	0.1122405727	-0.0394012316	0.0980424111	0.1177086816	0.0285274395	-0.0539919041	-0.0040171918	0.0771419922	-0.0059532851	-0.1177558444	0.0337080376	-0.0760762372	-0.1680776986	-0.1544815894	-0.1895852786	0.0736065197	-0.0666526254	0.0834175257	-0.0800007588	0.1355382327	-0.0641456443	0.1402576311	0.046393748	0.0949704437	-0.0823897577	-0.1252883285	0.0192410009	0.1050457101	0.0555085043	-0.0055985203	-0.0135328745	-0.0144767307	-0.1326147675	0.0311465612	0.1308534751	-0.1343371425	-0.0181282358	0.0407997379	-0.0836136983	0.0782865229	-0.1086858929	-0.0205486752	0.1528837172	0.0790486218	-0.0105472318	-0.1399560578	0.1028935957	0.0250301985	0.0987311756	0.1172752527	-0.1101531239	-0.1539699141	0.0861402699	0.0931737795	0.1464224648	0.1011634944	-0.0227078737	-0.0139364855	0.1475626302	-0.0709707896	-0.0197387656	0.0276831826	-0.0274519984	0.0517457553	0.0531461137	0.1650770852	-0.1045787142	0.084112368	-0.0596759658	0.121624553	0.1133995786	-0.1075658449	0.0411468211	-0.1240297103	0.0324974556	-0.0723132203	-0.0073133639	0.0661995273	0.0713054496	-0.0935764923	-0.1189953948	0.2029922258	-0.0189759192	-0.0391941397	-0.1501592047	-0.0601105761	-0.0731227308	0.1282045865	-0.0462651033	-0.0363650860710293	-0.0070863199778016	5.021593082779146e-05	0.0013224194849533	-0.0018113470147227	0.0005303626345493	3.280978007744837e-06	2.812845241261804e-07	-0.3865196345944639	-0.0189730834987785	0.0003599778974516	0.1493974279270379	0.0025611089324805	0.0002985773546606	8.914843671618121e-08	6.559278964031405e-06	0.0019076945055866	0.0002424068900839	3.6392983266453024e-06	5.8761100360148064e-08	-0.0006349441624737	-1.0579859998999458e-06	4.031540894594284e-07	1.1193343759842881e-12	0.0	0.0	0.0	0.0	0.0	0.0	0.0
881.4799252586064	3.537885465948534	12.516633570169876	777006.8586339183	1036.740947625576	3.5230435102414503	1074831.7924835773	12.4118355750544	823.6417779253047	2.135926276273836	678385.778343957	4.562181057677012	853.0893551680842	637.8998682966353	1.048905	19.327955	0.0715874117891868	0.0373734712503706	-0.0338796197	0.0100294042	0.1033190244	-0.1254977357	-0.0582281166	-0.1171113417	-0.0285072962	-0.0500389634	-0.1763448013	0.0771873144	-0.0416527101	-0.0945780164	0.0426131115	-0.0059420144	-0.0546745594	-0.0249748746	0.0080219099	0.0145152415	-0.0790984821	0.1871157888	0.0210438312	-0.0169405964	0.1538920039	0.0911942485	-0.0213491035	-0.1382944378	-0.0127484774	0.0269195405	0.02297454	-0.0314312853	-0.0124893801	-0.1359122988	0.1301460787	0.15651368	-0.0687689339	-0.0216762308	0.1316220674	-0.0084776838	-0.071566306	-0.0181526689	-0.0350165738	-0.0590247936	0.1659172585	0.092807739	-0.023481107	0.0841808956	0.0255504838	-0.1358975374	0.0830497133	-0.0036262269	0.0485407669	-0.0584402469	-0.077828804	0.1010242602	-0.0071817134	-0.185123585	-0.1035260472	0.0211134501	0.0482415825	-0.044782787	-0.0144518155	0.0174912199	0.1394736619	0.0021307306	-0.1201713836	-0.0253389417	0.0121918815	-0.1002766671	-0.2281148596	-0.0228198068	0.096087039	-0.224054602	-0.0258798109	-0.0407999339	-0.1739972832	-0.0651450051	0.0170375419	0.0799609237	0.0541123389	-0.0176796943	0.15849762	0.0077624146	-0.0058802795	0.0637284187	0.0895477139	0.2325413006	-0.0709353985	0.0058860399	-0.010152916	0.1920123115	0.1596689469	0.0933895932	-0.0693410854	-0.1949844687	0.0997510532	0.1259350905	0.1179002583	-0.0192462515	0.0552373047	-0.0280554143	-0.0371299053	-0.1961444482	0.215688137	0.1792989138	0.0912296811	-0.063080731	-0.0674542747	0.1289999139	-0.0586099215	-0.0202170393524738	0.0161480467185555	0.0002607594128246	0.0004087286801794	0.013705176265347	0.0155165232800697	0.0001878318564642	0.0002407624947009	-0.3827196781435873	0.0037999564508766	1.443966902855874e-05	0.146474352038331	0.0024019303757482	-0.0001591785567322	2.5337812923378003e-08	5.769269529941889e-06	0.0013457424989444	-0.0005619520066422	1.8110228734651185e-06	3.157900577691953e-07	-0.0006336170190545	1.3271434191999877e-06	4.014705268355106e-07	1.7613096551258336e-12	0.0	0.0	0.0	0.0	0.0	0.0	0.0
878.5049970688049	-2.974928189801517	8.85019773447573	771771.0298748609	1034.8772170238003	-1.8637306017756143	1070970.8543149258	3.4734917559948943	822.3385688597368	-1.3032090655678985	676240.7218342802	1.6983538685783552	852.9319104474949	629.3789795578283	1.516355	27.941557	0.2316682656781932	0.1109366841971994	-0.0422483111	0.1999041084	0.0317787437	-0.2196559591	0.2202662196	-0.051252013	-0.0141513463	-0.2160281258	-0.129525742	0.0405381043	-0.0142356401	-0.0769279593	-0.1477254939	0.0862470049	-0.1725544093	-0.1046661709	0.1668775772	0.027814601	0.1878067545	0.2621955037	0.0989076789	-0.0136488812	-0.1408598366	0.0494960217	0.0700257119	-0.063358243	0.2659884864	0.0764564278	-0.0348016837	-0.0096746526	0.0190929272	-0.3164957275	-0.0979328595	-0.013855559	0.0353346568	0.0435411933	0.0234422775	-0.1412439594	-0.0968136705	0.1064460849	0.0437714222	-0.0303058108	-0.0420315465	-0.0139646506	0.0632016982	0.0080974819	-0.0675103422	-0.017367184	-0.0992241773	-0.102082651	-0.0903717797	-0.2038527647	-0.2366496382	0.139187386	-0.1037153563	0.0016012848	0.1249695286	0.0032075007	0.0339960015	0.0331608827	0.0565037704	-0.1143253181	0.1163875955	-0.2336028221	0.1147024877	-0.2594248519	0.1538212178	-0.2058676162	-0.0815067156	0.054378857	-0.1412790952	0.0596229338	-0.0263189609	0.0709693468	-0.0339938394	-0.0615080352	0.0182861816	0.0395826576	-0.166693554	0.0515078372	-0.0224136503	0.0741458565	-0.0255670492	-0.094362109	0.3164020734	-0.1556751686	0.100407166	0.3241182378	0.0030156157	0.2446422375	0.2872561834	-0.0016923829	-0.0184064779	-0.0354017408	-0.2263773456	-0.2255304009	-0.0602964909	-0.1637470823	-0.1629240027	-0.151526213	-0.0875446968	-0.2763614928	-0.023860904	0.0771885436	0.2490293579	-0.0660076536	-0.0616009311	0.1289999139	-0.0703125971	-0.0002759376930185	0.0199411016594553	0.0003976475353927	7.614161042837194e-08	-0.0157030747064794	-0.0294082509718264	0.0002465865552372	0.0008648452252219	-0.4340923889005239	-0.0513727107569365	0.0026391554105158	0.1884362021013636	0.0031079140560226	0.0007059836802744	4.984129568137863e-07	9.65912977962285e-06	-0.0001780893297669	-0.0015238318287113	3.171580937682365e-08	2.3220634421936244e-06	-0.0010227255558683	-0.0003891085368137	1.045967562626123e-06	1.5140545342137626e-07	0.0	0.0	1.0	0.0	0.0	0.0	0.0
877.1194687209152	-1.3855283478897036	1.9196888028059715	769338.5624092604	1036.2950539222131	1.4178368984128156	1073907.4387836426	2.010261470500873	823.8559161187316	1.5173472589947323	678738.5705238344	2.302342704378827	853.434057075989	635.2345199315941	1.453328	26.780165	0.6503857061907817	0.415156202972762	-0.1488534647	0.0849473593	-0.1077645202	-0.1370442363	0.0939514062	-0.0221558882	0.2223093477	-0.0524082078	-0.0289329746	-0.000226577	0.0741257083	-0.0381277721	-0.0822632495	0.0641061829	0.1262939622	-0.2324176631	-0.0046997627	0.0743577707	0.1302199512	0.1652529393	-0.2053975903	-0.1594108017	-0.2670891406	-0.2274258151	0.1318355028	0.0112869946	-0.0228978795	-0.0530031155	-0.049922682	-0.0831807838	0.064606445	0.0394426191	0.0298244954	-0.0192912062	0.0555138315	0.0388467927	-0.1659431128	0.090108322	0.150505745	0.1069174836	0.0006453662	-0.121817462	0.0063210022	-0.1213791798	0.0794841155	0.2077027255	-0.0011417401	0.1077158093	0.0218834249	-0.226259561	0.0497999136	0.0094901633	-0.0804713971	0.0604320131	-0.1576867798	0.0988194002	0.2329079866	-0.0357500544	-0.2172253005	-0.2020933507	0.1353202011	-0.1018436322	-0.1357126041	-0.095516006	0.0145655391	0.1291288129	-0.0054182455	-0.1350673253	0.0636620728	-0.1190699225	-0.0284479027	0.1985576217	0.094602274	0.1254949187	0.0880506705	0.1900266807	-0.1002294275	0.1234493237	-0.0013053049	0.1579914425	0.1936946168	0.1895594857	-0.0294757375	-0.1357226322	0.1554190445	-0.5240316936	0.2239372468	0.2177537881	-0.0889656353	-0.2080584218	0.0086443856	-0.2023925809	-0.1531441624	-0.1037417619	0.0391128762	0.1201191718	-0.3207401781	0.1593369821	0.091603558	-0.0169003636	-0.1034516865	0.0483315058	0.0222646583	0.0448872371	-0.1851669742	-0.0688893378	-0.0555787436	0.1282045865	-0.0812449131	0.0173850132187283	0.0176609509117468	0.0003119091871071	0.0003022386846153	0.0301055981199453	0.0458086728264247	0.0009063470381596	0.0020984345061184	-0.6623562239444141	-0.2282638350438902	0.0521043783889443	0.4387157673979028	0.0089313145655065	0.0058234005094839	3.391199349385735e-05	7.976837986802857e-05	-0.0013976760648075	-0.0012195867350406	1.953498382135779e-06	1.4873918042869905e-06	-0.0011527832595182	-0.0001300577036499	1.3289092434254056e-06	1.6915006278685243e-08	0.0	0.0	0.0	1.0	0.0	0.0	0.0
879.4787666833258	2.3592979624106647	5.5662868754351145	773482.9010468238	1040.1589521750425	3.863898252829358	1081930.6457898824	14.929709708217766	823.1995418711005	-0.6563742476311063	677657.4857367896	0.4308271529533009	851.8259236002203	644.4346706810052	1.733356	31.940189	0.5325302875443634	0.3223260192347387	-0.0659460786	-0.1580159529	-0.149374604	0.0162588197	-0.1159656183	-0.0717786622	0.1983370978	0.1938499586	0.1390099273	0.1020497491	0.0183343013	0.0663921206	0.0606105904	-0.0734608614	0.0937842943	-0.0749441845	-0.1744325074	-0.0565619823	-0.095732002	-0.1074140553	-0.1351411575	0.0334475754	-0.0898189574	-0.0197436775	0.1037486603	-0.0081824365	-0.1438942333	-0.159499593	-0.0505554713	-0.007681009	-0.138471217	0.0698290686	-0.0337799012	0.1413403663	-0.0792171927	-0.0027636307	-0.193417874	0.0846770425	0.0206391112	0.0219848727	-0.0474737657	0.0315879837	0.0718951361	0.0752644931	-0.0633738197	0.1396959539	-0.1072625036	0.0932988126	0.0441541669	-0.0612291572	0.0924036349	0.223236248	0.173269006	-0.076061092	-0.024196867	-0.0206784867	-0.1180308796	0.0145864804	-0.1743285451	-0.0432884379	0.0252570711	-0.0418784726	-0.0702730468	-0.038231363	-0.0620604845	0.2171884406	-0.1041249806	0.0633448323	0.0460687951	-0.0846197601	-0.0623430585	-0.1162320629	0.0158011164	0.1647280323	-0.0706624916	0.0194782554	-0.0695347635	0.1034462553	-0.0803534538	-0.0185912651	-0.0198865657	0.0837256487	0.0553546559	-0.0680633662	-0.2452733052	-0.0713147126	-0.0300116287	-0.1077211966	0.058952861	-0.123822416	-0.0336547298	0.0700450334	-0.0150165865	-0.0111092485	0.2061230733	0.2059959746	-0.0560306831	-0.2804193092	-0.012593719	0.2308404601	-0.0597198083	-0.3033184909	0.0433662736	0.137584252	0.0110870979	-0.0717238087	-0.0494042187	0.1266188352	-0.0912870929	0.01326003706464	-0.0041249761540883	1.7015428271797104e-05	0.0001758285829556	-0.0075022086803073	-0.0376078068002526	5.62831350828782e-05	0.0014143471323251	-0.5194709542422515	0.1428852697021625	0.0204162002978597	0.2698500723013554	0.0041698622137773	-0.0047614523517292	2.267142849778753e-05	1.738775088188773e-05	0.0004699128419909	0.0018675889067984	2.2081807906796458e-07	3.4878883247964427e-06	-0.0014819866987478	-0.0003292034392296	2.196284575265402e-06	1.08374904400597e-07	0.0	0.0	0.0	0.0	1.0	0.0	0.0
875.2173238856574	-4.261442797668451	18.15989471780032	766005.3640295716	1027.2703170776367	-12.888635097405768	1055284.3043487882	166.1169146740798	821.5538245794826	-1.6457172916178706	674950.6866811753	2.7083854039300594	850.0625441978717	630.5391429637484	1.234212	22.742571	0.1115455707853011	0.0684882144067093	-0.0636870374	0.0076705105	-0.1023258016	0.111530776	0.0541890273	0.110438541	0.0493934442	-0.0934007065	0.0764332615	-0.1368711786	-0.1895270076	-0.0850435006	-0.0934279293	-0.1873809917	0.0146024925	-0.0585152705	-0.0249497904	-0.1072229588	0.1082214207	-0.1096436066	-0.0045639072	0.0091594015	0.0244642611	0.1289847629	-0.0755237065	0.0592229816	-0.0430788628	0.1116624816	0.0404627056	-0.1331525497	0.2029589311	0.1263539716	-0.0584721518	0.004416101	0.0799041013	-0.004834795	-0.0706001245	-0.0045592211	-0.009950819	-0.0473510239	0.0130452337	-0.0050715054	-0.032555351	-0.1052153031	-0.0438529746	0.036083453	-0.0786929272	0.1910238379	-0.1362986752	-0.0759979267	-0.0825185996	0.149991519	-0.0402411863	-0.0878164708	0.0287443027	-0.0279240734	-0.0069432363	-0.0988476154	0.1404284674	0.0182024523	-0.0895296094	0.0937961052	0.0098974481	0.1277171098	0.0331399748	0.1533252961	0.0425867037	-0.0696868517	0.183340131	-0.0306180332	-0.1469144175	0.1445718485	0.0561686146	0.0289182557	0.1542276793	0.034801051	0.0175589118	0.0868052265	-0.1161899535	0.151391465	-0.209340274	0.0729504966	0.0490068131	-0.0907043261	-0.0586152028	-0.0871404528	-0.1674332529	0.0488331867	-0.0639081173	-0.0893990616	-0.0530334228	0.0915170834	0.0053253059	0.1113295948	0.1198049419	-0.2051455867	-0.1937738126	-0.0741727204	0.0319205434	0.0797236369	0.0695573544	-0.0046066973	0.0359713898	-0.0563928115	0.057695347	-0.0745091236	-0.0430942802	0.1242524367	-0.1003291122	0.0128620105416814	-0.0003980265229586	1.5842511297851374e-07	0.0001654313151743	-0.0102264251938919	-0.0027242165135846	0.0001045797722462	7.421355612887033e-06	-0.4704266809605286	0.0490442732817229	0.0024053407417323	0.2213012621595389	0.0036302863251481	-0.0005395758886292	2.911421395899911e-07	1.3178978802557296e-05	0.0010758898682374	0.0006059770262464	1.1575390085758898e-06	3.672081563385513e-07	-0.0014399585242828	4.202817446500012e-05	2.073480551654699e-06	1.7663674488604876e-09	0.0	0.0	0.0	0.0	0.0	0.0	0.0
877.8133228896594	2.5959990040020102	6.739210828779429	770556.2298425854	1032.34720318134	5.076886103703373	1065740.747916335	25.774772509976412	822.246552532095	0.6927279526124721	676089.3931509154	0.4798720163306674	850.8573023603468	630.0140735884479	0.907453	16.721447	0.0323229535657854	0.0177053315122247	-0.0577189727	0.0086642939	-0.0027745559	0.1281642744	0.0948576825	0.0500646475	-0.0172523523	-0.0898556899	0.0391742526	0.0523450478	-0.1022632538	-0.0256433909	0.0907533338	-0.106151401	0.0277893901	-0.0285135672	-0.0561982887	-0.0953495072	-0.0023022894	0.0185307292	0.0269384561	-0.083459645	0.137713746	0.0474008604	-0.1790424593	0.0638017916	0.0410513615	-0.1071592643	-0.0060307865	-0.0345196627	0.0894772513	0.1311380143	0.0409103389	0.2005978146	0.1006572686	-0.0502646378	-0.051995494	0.2118281438	-0.0192868271	0.0106934748	0.131812655	0.0182179334	0.0093593539	-0.0408216422	-0.0459778455	-0.0149653024	0.1504813713	0.0523083021	0.138688464	-0.0271723588	-0.1040086905	0.0907468723	-0.0271837142	0.0426917171	0.128661997	-0.0720048392	-0.0966579382	-0.0259009123	0.1857124973	-0.0968456392	-0.0700664697	0.0036378062	0.0055986259	0.0318358158	-0.0542603026	0.2111269275	-0.0679499859	0.1898567375	-0.120991179	-0.1340924322	-0.0858709397	0.0098404562	0.0095583659	-0.0350981607	0.1475124552	-0.080377001	-0.0490787068	-0.0946885834	0.0762670427	-0.075958648	0.1082663914	0.045215418	0.0732161589	-0.0948237518	-0.0401070025	-0.0209258791	-0.1625720529	-0.0737391395	-0.043367156	-0.0505962894	-0.1461948737	0.1516463556	0.0266883272	0.1093882314	0.0861151633	-0.0607874707	-0.0069429415	-0.0021988754	-0.0061112986	-0.0096794026	-0.0576110792	0.0272269404	0.2116087034	0.0481992185	0.0308580895	-0.0772433738	-0.0366662233	0.1211199807	-0.1082719048	0.019548984510223	0.0066869739685416	4.4715620855953015e-05	0.0003821627953809	-0.0135308150212409	-0.0033043898273489	0.000183082955139	1.0918992131087552e-05	-0.4725897011705484	-0.0021630202100197	4.678656428954077e-06	0.2233410256524682	0.0035890831090542	-4.120321609390023e-05	1.6977050164806384e-09	1.2881517563698163e-05	0.0009849090170284	-9.098085120900004e-05	9.70045771823849e-07	8.277515286714205e-09	-0.0011687712003882	0.0002711873238945	1.366026118856874e-06	7.354256464111465e-08	0.0	0.0	0.0	0.0	0.0	0.0	0.0
879.1554952209897	1.3421723313302891	1.8014265669885834	772914.3847772636	1036.743794563489	4.396591382148927	1074837.695565902	19.33001578158621	823.1912257081483	0.944673176053243	677643.7940828835	0.8924074095545214	852.894517394318	636.5568720894237	0.8994959999999999	16.574825	0.0456951781531744	0.0213641556042999	-0.0331766806	0.0817477723	-0.0174051379	0.0697805659	0.122878367	-0.0062483335	-0.0213513562	-0.0987628097	-0.0479168319	0.0349826067	0.024777407	0.0334602354	0.0206863302	-0.0396132144	0.0367268554	-0.0525341971	-0.047476616	-0.0495463131	0.0004149724	0.062831026	0.0165909117	-0.0668019266	-0.1136629799	-0.0115988222	0.0231375525	0.0456454089	-0.0975295409	-0.0202254417	0.0379944542	-0.0523313788	-0.0125656445	-0.0015447451	-0.0654900297	0.0362490366	0.0969357539	-0.0120303122	0.0147445377	0.1141745012	-0.0957006829	-0.1293200638	-0.0118574373	-0.0676524615	0.1679225589	-0.0722359664	0.0174574767	-0.0799879097	-0.1103992502	-0.1108388289	-0.0844969194	-0.0411381121	-0.1164934473	0.0358334577	-0.0439697956	0.1108190162	0.0105038066	-0.0201976027	0.0228517642	-0.1078262449	-0.0887396475	-0.0125306951	0.0217604161	0.1246661647	-0.0690928268	-0.018231179	-0.0808682482	-0.0021765557	-0.0396498766	0.0694963421	0.0342398507	-0.0680089258	-0.1704097562	0.009893505	0.0380317485	-0.0643039975	-0.0693707586	-0.1731762706	0.0109198293	0.052612469	0.0356092299	0.1363781327	0.0702501863	0.0588341918	0.0454102831	-0.1214564499	0.0347893411	-0.0691664584	-0.2009893657	-0.019594413	-0.0431136182	-0.0319011585	-0.1182139936	0.064048265	0.1026764608	0.0550675599	-0.0215621406	-0.0749221512	-0.0341869738	0.010319122	0.0033061638	0.0026668288	-0.01351321	0.0474209403	-0.0108670002	-0.0026898755	0.1275856673	-0.0799246852	-0.0301376669	0.1172407796	-0.1150284477	0.030298074177594	0.0107490896673709	0.0001155429286771	0.0009179732988709	-0.0057234608240435	0.0078073541971974	3.2758003804360697e-05	6.0954779560495854e-05	-0.4826606971898144	-0.010070996019266	0.00010142496082	0.2329613486117577	0.0037791736997141	0.0001900905906598	3.6134432657429615e-08	1.4282153852610756e-05	0.0011352944184881	0.0001503854014597	1.2888934166502334e-06	2.2615768972195192e-08	-0.0011696499736554	-8.787732672000011e-07	1.368081060872078e-06	7.722424551453646e-13	0.0	0.0	0.0	0.0	0.0	0.0	0.0
878.3063405925737	-0.8491546284159313	0.7210635829601982	771422.0279251181	1041.8563897548577	5.112595191368655	1085464.736873026	26.13862959080589	822.2381141232402	-0.9531115849081288	676075.5163169425	0.9084216932860854	852.7856127859532	633.6417682954387	0.977507	18.012308	0.0168628270986048	0.0105695394652588	-0.0439355593	0.0881992965	0.0504721236	0.0558755833	0.0993481207	0.0045336294	-0.0049726347	-0.1154760019	-0.0069428831	0.1068406559	0.2097821593	0.1101078095	-0.0642774846	0.0717235782	-0.0074678139	-0.0457482666	0.0180253531	-0.0140974053	-0.0123436105	0.1001601799	0.1137478217	-0.0321627162	-0.1254043564	-0.1395018959	0.1405518518	0.028214869	-0.1289083198	-0.0450453032	-0.008872953	-0.0124405908	0.0583507239	0.1103223965	0.120689778	0.1175058098	0.0683323032	-0.1236845925	-0.0465701701	0.0735081629	-0.0669977589	-0.0908269373	-0.0304508141	0.093930157	-0.1172492332	0.0721918028	-0.1073299277	-0.2015945851	-0.0348207115	-0.0568496471	-0.0187584617	-0.0713001441	-0.122533948	-0.0699427067	-0.0135694716	0.0976488576	-0.0311774362	0.0891207611	-0.0138713428	-0.0565929002	-0.1537025104	0.0511440788	-0.0093404103	0.0071192909	-0.2214353381	0.0790126703	-0.1452102913	0.083286837	0.0121783776	0.0576443002	-0.0828685724	-0.1010003145	-0.000392499	-0.0951683499	-0.0275770035	0.0705903335	0.0333776663	0.0191091817	-0.0262389322	-0.1195258901	-0.0801359696	-0.1158558087	-0.0212359728	0.0448394111	0.0501331183	-0.1314157059	0.1041050304	-0.0101754074	-0.1140664735	-0.1874058342	0.0317090426	-0.0093203731	-0.0602344259	-0.0904039618	0.1724730027	0.0692177157	0.0577221728	-0.023989076	0.0267590932	-0.0728830643	0.0277544788	0.1137617976	-0.0496873595	-0.0028590646	0.0043725622	-0.0962026555	0.0927741643	-0.0825512202	-0.0235265052	0.1126387502	-0.1205247148	0.0313883646648207	0.0010902904872267	1.1887333465370362e-06	0.0009852294363317	0.001532564741737	0.0072560255657805	2.3487546876153977e-06	5.2649907011260224e-05	-0.489776667000882	-0.0071159698110676	5.063702635202548e-05	0.2398811835384928	0.0038041781348156	2.5004435101500317e-05	6.25221774745141e-10	1.44717712814091e-05	0.0011382806290214	2.986210533299956e-06	1.2956827904053542e-06	8.917453349191607e-12	-0.0011696701527112	-2.0179055800016027e-08	1.368128266143442e-06	4.0719429298016044e-16	0.0	0.0	0.0	0.0	0.0	0.0	0.0
877.3034018148301	-1.0029387777436796	1.005886191901986	769661.2588358732	1035.4236303476189	-6.432759407238791	1072102.0942822425	41.38039359141917	821.3611175221047	-0.8769966011354882	674634.0853771607	0.7691230384031985	851.1342612831855	628.8173816503355	0.901653	16.614561	0.0835981186112984	0.0483841283803167	-0.060594831	0.0561717581	0.1062682233	0.0211030464	-0.0258593529	0.0327000685	0.0142106773	-0.0315813206	-0.0877510771	-0.0116118404	0.1129618327	0.0589810676	-0.0049726915	0.0727729989	-0.1539089124	-0.0061268623	0.0123051722	0.0868508937	0.0757875025	-0.0153719893	0.0780658543	0.0428029087	0.0545457405	-0.1612991228	-0.0659745525	0.1949154823	-0.0391491448	0.0197088656	0.0742354256	-0.1133768137	-0.0409091758	-0.0010836114	-0.0064164606	-0.1123760176	0.1785120186	-0.0495968457	-0.0140793135	-0.0512271928	0.0336228094	0.1758925214	0.0863793683	-0.1096963355	-0.1124738089	0.1008613894	-0.0474947299	-0.0545805793	-0.0106754878	-0.0856197304	0.0516659635	-0.0076939411	0.0258756431	-0.0428725908	-0.0377727705	0.0042266358	0.109097141	0.128159662	0.0043020218	0.0571515991	-0.0632341707	-0.0850148998	-0.0881383991	0.0258967195	-0.0252383865	0.158896588	0.0411647853	-0.1140261942	0.0948825014	0.1009643617	0.1273451779	-0.0788206327	0.0782967642	0.0969492881	-0.0210945079	-0.0333280677	0.0728668323	-0.0568167267	-0.0679307054	0.0830779037	-0.145217211	-0.0842611208	0.1318906359	0.0327062366	0.0935029254	-0.1170765806	0.067119213	-0.0007271493	-0.0304202197	-0.2118186212	0.0674280882	0.0380916803	0.0239398431	-0.1496414019	0.0449718269	0.0716454164	0.031497752	-0.1820014801	0.0080244274	0.0179593931	-0.0249126302	0.1092517574	-0.0911937107	0.188334999	0.018488352	-0.0140590419	0.1065205411	-0.0851211787	-0.016850859	0.1073422654	-0.124700488	0.0274827652816611	-0.0039055993831596	1.5253706541736653e-05	0.0007553023875268	0.0015166175034551	-1.5947238281900167e-05	2.30012865178638e-06	2.5431440881970216e-10	-0.4631589455450751	0.0266177214558069	0.0007085030954989	0.2145162088384258	0.0032329722576511	-0.0005712058771645	3.262761541072662e-07	1.045210961874165e-05	0.0012169486581228	7.866802910139995e-05	1.4809640365068834e-06	6.1886588026987095e-09	-0.0015809732571263	-0.000411303104415	2.499476439748542e-06	1.6917024370149853e-07	0.0	0.0	0.0	0.0	0.0	0.0	0.0
879.0197135780716	1.7163117632414924	2.9457260686411204	772675.656858875	1034.692583915515	-0.7310464321039944	1070588.7432097648	0.5344288858919801	821.2001335749829	-0.1609839471217355	674369.6593835698	0.0259158312308937	850.9580081632768	633.8913855128967	0.873623	16.098061	0.0668831907255735	0.0289644617926919	-0.0522505067	0.0297852623	0.1267276914	-0.0732294391	-0.0847477395	-0.0915530825	0.0064559103	0.0398179474	-0.0974052202	-0.0811510652	0.109337724	-0.002143985	-0.0264597578	0.0391898205	-0.1441817394	0.0240052259	-0.0239821675	0.1400582073	0.0061775472	-0.0095910405	0.1041348743	-0.0255929556	0.1596573345	-0.1868780963	0.0267921385	0.1167031414	0.0139522442	-0.0107958803	0.0244431337	-0.0262111435	0.0446872217	-0.1164604139	0.1377776165	-0.0784642261	-0.0816897131	-0.0874387604	0.0188658502	0.1658736927	-0.0707725459	0.0773602657	-0.022562001	0.0536482316	0.0344574777	0.0061870416	0.0978652891	0.064591559	0.1192531186	0.004260964	-0.066439769	0.0300452212	0.121179824	-0.0797317243	-0.0603174088	0.0503911641	0.1090443012	0.1288063099	0.0751127284	0.0663241659	0.0312201566	-0.1170175333	-0.197258342	-0.042411161	-0.0180106228	0.0897518335	-0.0343727872	-0.1100364826	-0.0286194688	0.0606422533	-0.0655038928	-0.075525788	0.1099237091	-0.0296686546	0.0922738536	0.0969165809	0.0182403307	-0.0594268721	-0.1173252284	-0.0610766427	0.0131352698	0.1379539599	-0.0322679019	0.0278344176	0.0727923933	-0.0954048273	0.0332103872	0.0199036661	0.037197539	-0.2223319666	0.0735749148	0.0933066503	0.0747214137	-0.0558682864	-0.1109110217	0.0703717717	0.0115906912	-0.0806540331	0.0727984057	0.0487497817	0.0007302837	0.1403497887	-0.0895658515	0.1547731785	0.1122221355	0.01336231	0.0415821666	-0.0876327994	-0.0101290257	0.1013839798	-0.1275100165	0.0162828727082455	-0.0111998925734156	0.000125437593656	0.0002651319436329	0.0142868477744286	0.0127702302709735	0.0002041140193296	0.0001630787811736	-0.4696698820968095	-0.0065109365517344	4.239229478071108e-05	0.2205897981488309	0.0035849859009893	0.0003520136433381	1.2391360509623345e-07	1.285212391029206e-05	0.0013990187635619	0.0001820701054391	1.957253500798268e-06	3.3149523294605007e-08	-0.0013870143793146	0.0001939588778117	1.923808888425465e-06	3.7620046281973976e-08	0.0	0.0	0.0	0.0	0.0	0.0	0.0
878.7445043445616	-0.2752092335099405	0.0757401222091289	772191.9039157693	1034.6157162006084	-0.0768677149064842	1070429.680209298	0.0059086455949445	822.4890149361245	1.2888813611415344	676488.1796905964	1.6612151630980545	851.7447620510859	639.1743939430656	0.943386	17.383574	0.0757147766942563	0.0390699276991352	-0.0495836505	-0.0134206796	0.0860068238	-0.1042838531	-0.0789626805	-0.0029450859	0.0421240342	0.0703839437	-0.0748697208	0.0355424645	-0.0542219615	-0.0901031097	0.042444907	-0.0051487963	0.0686998922	-0.0669837365	-0.0435806521	0.1820405998	-0.0588630085	-0.003944716	-0.0946641442	0.0878662907	0.0373864885	-0.1060065577	-0.0536340858	0.0354263238	-0.0674911364	0.1516965977	-0.0326110701	-0.034268708	-0.0061573188	0.0655223201	0.0339187814	0.0105865935	0.0218370772	0.0098912455	0.0707721796	-0.0712783396	0.0547358024	-0.0012404263	-0.0337680389	0.0339513862	0.1183075952	0.1269623748	0.1294336322	-0.1417808981	0.0306711098	-0.071836293	-0.1127113541	-0.0468760353	0.2019768286	-0.0367649734	-0.0244108127	0.0457159184	-0.0103201556	0.1242551563	-0.005621651	-0.0188546156	0.0284250846	-0.0481503354	0.0527699417	0.0999991626	-0.0016277316	0.0834182133	-0.0022660249	0.1344691947	0.0322185433	-0.0321636499	0.0572761885	0.0746313615	0.0065177021	-0.0202076334	0.0486019212	-0.1243882714	-0.1868814922	-0.1026175616	-0.0003990281	-0.049192382	0.0522258699	-0.0234873569	-0.0916470817	0.0349324547	0.0748098057	-0.071192417	-0.0623995257	-0.0350291784	0.0991941973	-0.1628203469	-0.0072328653	0.0907913188	-0.0246648091	0.1112541761	-0.0856156003	0.031214312	-0.0932082223	-0.0365372807	-0.0887409758	0.0328213458	0.0497274619	0.0709740856	-0.0258278921	0.0857490112	-0.0907754839	0.0081169608	-0.0266921398	-0.090084361	-0.0033794295	0.0948006283	-0.1289225186	0.0161161684959552	-0.0001667042122903	2.779029439532944e-08	0.00025973088699	-0.0048982412878757	-0.0191850890623043	2.39927677142502e-05	0.0003680676423285	-0.4869413451192912	-0.0172714630224817	0.0002983034349369	0.2371118735865846	0.0040437726622578	0.0004587867612685	2.1048529231523974e-07	1.6352097344023537e-05	0.0012260051307881	-0.0001730136327738	1.5030885807187463e-06	2.9933717125587326e-08	-0.0012369843654133	0.0001500300139012	1.5301303202769449e-06	2.2509005071224216e-08	0.0	0.0	0.0	0.0	0.0	0.0	0.0
878.4175864186507	-0.3269179259109478	0.1068753302819159	771617.4561295676	1039.2978205558582	4.6821043552497486	1080139.9598121566	21.922101193448665	823.2893448139362	0.8003298778116914	677805.3452841602	0.6405279133180769	852.7388853126363	637.2776054683626	0.9485110000000002	17.478018	0.0955783813318465	0.0426516514395823	-0.030245109	-0.1470772627	0.0300654401	-0.0378649593	0.0163496358	0.0726620859	0.0302172922	0.1565572681	-0.0852010209	0.089065314	-0.0840205776	0.1052881051	-0.057005739	-0.0178402563	0.0801340528	-0.0036333291	-0.1018557282	0.0187535222	-0.0902326055	0.0249062616	-0.0659292227	0.0756220177	-0.0151552392	0.0767296747	0.0848137123	-0.0238946263	0.0950396303	-0.0634257299	-0.0160801522	0.0044971418	-0.0067571939	0.0225212134	-0.0608121095	-0.0171210633	0.0788002231	0.1424097616	0.1665055339	-0.0301704522	0.1193075305	0.0442160285	0.001775252	-0.1440572329	0.1126647848	0.1046201979	0.0478740268	-0.2085217456	0.0739588826	0.13065914	0.1028946812	0.0055239865	0.0989299489	0.0575353056	0.0294003441	0.0320945947	-0.1086223589	-0.0423968845	-0.0901543218	0.0628594514	-0.0174665669	0.0519668633	0.0036032498	-0.0456767842	-0.0902513622	-0.1275748403	0.0638800776	-0.0041303684	-0.0594795988	-0.0821798499	0.0634921148	-0.0231243846	-0.00510315	0.1168410616	0.0363821024	-0.0720982737	-0.0337165076	-0.0921522314	0.0964909599	0.0652670803	0.1265152517	-0.1473215371	-0.0278619306	0.0095715756	0.0877738612	0.0163526078	-0.1090257447	-0.037598294	0.0920786201	-0.0908911196	-0.0139139273	-0.0281388841	-0.0046653816	0.0377603192	0.1514533953	-0.0399015411	-0.0874203434	0.0883722505	-0.0206038178	0.0092977303	-0.1309860976	0.0150452899	0.0282847839	0.0325316878	0.0159883805	0.0378164803	-0.0897390475	-0.0924741833	0.0033794295	0.0876327994	-0.1289225186	0.0231976140606491	0.0070814455646938	5.014687128572288e-05	0.0005381292981068	0.0094610261474912	0.0143592674353669	8.951101576351219e-05	0.0002061885612803	-0.4581518914453255	0.0287894536739657	0.0008288326428454	0.2099031556349293	0.0045334284417774	0.0004896557795196	2.397627824169473e-07	2.0551973436716268e-05	0.0015643826063644	0.0003383774755762	2.447292939095473e-06	1.1449931597738941e-07	-0.0011580533273528	7.893103806050003e-05	1.3410875089928916e-06	6.2301087693081046e-09	0.0	0.0	0.0	0.0	0.0	0.0	0.0
878.9653710236279	0.5477846049772097	0.3000679734500376	772580.1234587039	1036.8213812021108	-2.4764393537473097	1074998.576517853	6.132751872788393	821.7628293931828	-1.5265154207534124	675294.1477722892	2.330249329797968	851.1598042204658	633.7197700844833	0.933162	17.195179	0.0382132000985411	0.0184198694410061	-0.0149869552	-0.1719837731	-0.0756174328	0.0263146872	-0.0900211345	-0.0896399106	-0.0321314076	0.0601024216	-0.0438475031	-0.106334238	0.0599554849	0.119495864	-0.0988977648	-0.093972606	-0.0662389769	0.0124953438	-0.1138428998	0.0391321932	0.1135623331	-0.1520432446	-0.0540879806	-0.0829635679	-0.0586063506	0.0654904147	0.071438057	0.0303829933	0.0005960815	-0.0146897904	0.0538464792	0.0252333186	-0.0022088476	0.0043290376	-0.0188742292	0.018687685	-0.0698432168	0.0591465098	0.1291848462	-0.1218122189	-0.0427387992	-5.93833e-05	0.0410841331	0.0859541329	0.0753367526	0.1062716686	-0.0452448763	0.0884321797	0.0452718754	-0.054085883	-0.0987930377	0.0226489021	0.0339317198	0.1691359548	-0.0496815136	-0.0775805547	-0.0294989003	-0.0055250113	0.0853668954	-0.0305670977	-0.1059988496	0.0700717042	-0.1354241979	-0.0422469469	0.0483229387	-0.0759420651	0.0252543624	0.0009188592	-0.0015428937	0.0028492028	0.0219063809	0.0786077999	0.111973505	0.0302393016	-0.0295510777	-0.0780478328	0.0195595061	0.0802294953	0.084505382	-0.0250802717	0.0112860483	-0.1274109212	-0.0248744073	-0.0015019555	0.0670148946	0.0293063232	-0.1318257871	-0.0352462759	0.0324604706	-0.038768322	0.0390271188	-0.1180662892	0.1218516754	0.0186101818	-0.0387329519	0.0137110115	0.0355174373	0.0332308202	0.0218384966	0.0126478305	-0.0198186264	-0.0437735033	0.0250936969	-0.0148858875	-0.1042752731	-0.0372471238	-0.0731271319	-0.0948006283	0.0101290257	0.0799246852	-0.1275100165	0.0304726993955455	0.0072750853348964	5.292686663002471e-05	0.0009285854084512	0.0191116075547768	0.0096505814072856	0.0003652535433278	9.31337214986465e-05	-0.4566240275173214	0.001527863928004	2.3343681824960585e-06	0.2085055025061395	0.0044499921235402	-8.343631823720058e-05	6.961619200979411e-09	1.980242989956981e-05	0.0018010992874428	0.0002367166810784	3.2439586432269623e-06	5.603478710077301e-08	-0.0010830129381013	7.504038925150013e-05	1.17291702409481e-06	5.6310600190166575e-09	0.0	0.0	0.0	0.0	0.0	0.0	0.0
880.3170392184076	1.351668194779677	1.8270069087789509	774958.0895382633	1034.2857358883589	-2.535645313751957	1069746.983462124	6.429497157152258	822.1007983665335	0.3379689733507121	675849.7226748917	0.1142230269477343	851.123798915318	643.0226665061015	0.958651	17.664854	0.0177587437786009	0.0099533005677968	0.0029629213	-0.0050846853	-0.0142140429	0.0930183721	-0.0304014099	-0.0560441549	-0.0442884848	-0.0516111807	0.0172269585	-0.0674676638	-0.0522504426	0.0305853352	-0.0157543582	-0.0755380969	0.0933900763	0.0108370085	-0.0630995005	-0.0657904849	0.0129455904	-0.0180040574	0.032911108	-0.1040610221	0.0018391351	-0.003753319	-0.0371483285	-0.0942698253	-0.0088395844	-0.1051046536	-0.0359362334	0.0007439859	-0.0009374702	0.0393466058	0.0668103933	0.0541160474	-0.0335096313	-0.0550516628	0.0826184203	0.0084313525	0.0208710418	-0.0050829733	-0.058477351	0.0965838334	0.0649727213	-0.1254715075	-0.083541833	-0.1068381556	0.0500266166	0.0145809043	-0.1353500152	0.007997577	-0.0715034509	0.1020632791	-0.0150981037	0.0253731705	0.0326823656	-0.0631799075	0.0398434341	-0.0614383627	0.0649835633	-0.0504531402	0.0191343968	0.0756157162	-0.1443031411	-0.0936123852	-0.0925563659	0.0191026627	0.0074144132	-0.053703172	-0.0568931622	-0.0182588602	0.0245477523	0.0084919081	-0.0579189063	0.0352422625	-0.0115368807	0.009974715	-0.0411604145	-0.0969109525	0.0773493835	0.0187686473	-0.2016741441	-0.0077812641	0.0565574866	0.0142112906	-0.0962008276	-0.0294507284	-0.1000494734	0.040846602	-0.0309186998	-0.0128124965	-0.0255251139	0.0751238555	-0.0368871615	0.0411550232	-0.0570596672	0.147604167	0.0805043974	0.041153553	-0.0585001314	0.010770844	0.0890803587	-0.0845701499	-0.1823288775	-0.092785826	0.0863005549	-0.0970621018	0.016850859	0.0717238087	-0.124700488	0.0370826882987529	0.0066099889032073	4.3691953300524944e-05	0.0013751257714624	0.0140363313381897	-0.0050752762165871	0.0001970185974354	2.5758428674654675e-05	-0.4557980968235	0.0008259306938214	6.821615109963313e-07	0.2077519050679246	0.004449909694123	-8.242941719992236e-08	6.794608819918857e-15	1.9801696285849848e-05	0.0017782808757618	-2.2818411681000024e-05	3.1622828731001542e-06	5.206799116435984e-10	-0.0010009628198998	8.205011820149998e-05	1.0019265668217593e-06	6.7322218968801195e-09	0.0	0.0	0.0	0.0	0.0	0.0	0.0
879.0350467510542	-1.2819924673533478	1.6435046863507246	772702.6134166281	1035.9421052199143	1.6563693315554249	1073176.045367468	2.7435593625173644	821.8607135241544	-0.2400848423790194	675455.0324344323	0.0576407315401585	851.4593172370899	636.9795773913729	0.928729	17.113499	0.0514396236841526	0.0263062182977042	0.0173328037	0.0856442857	0.0624607142	0.0073762677	-0.1019149713	-0.0777551199	-0.0515729814	-0.0915163384	-0.0266111627	-0.0518878804	0.0495107953	0.0898626406	0.0532583848	0.0658127834	-0.0154694004	0.0124971155	0.0169432137	-0.056028867	0.0014007634	0.054309551	0.0475289414	-0.0097541412	0.0952390617	0.0561993706	0.0250974016	0.0862952648	-0.0973723823	0.1193198484	-0.0745459379	0.0064588158	0.0031319146	-0.1623354285	-0.0947632536	-0.0739709584	-0.0247334215	-0.1063898299	0.0080025664	-0.019016997	0.0916390894	-0.072358859	0.0349542119	-0.0144458328	-0.0892041279	0.1151420978	0.0305048988	-0.1208860501	-0.0597318298	0.0536191287	0.039583387	0.0299574266	-0.0424426365	-0.0317083953	0.0074411976	0.0748346893	0.1005431992	-0.114691272	-0.0119752708	0.0782870752	-0.0653983533	0.0214243436	-0.0386585378	-0.0161545181	-0.0499586616	0.1237622673	0.0683873191	-0.0441626959	0.1367853461	-0.0148021971	-0.0568426445	-0.0382121796	-0.1109909675	-0.0871675483	0.0459304996	-0.1759028462	0.0821867932	-0.005890744	-0.0094719546	-0.0256337119	-0.0751682497	-0.0347856677	-0.0645306696	-0.0271868109	0.0311613656	0.0314185275	0.0081785178	-0.0215826549	-0.1416104458	-0.0310916252	-0.0209925093	0.0396516677	0.0145927639	-0.1304595972	0.0019032043	-0.0916949573	0.0396458111	0.0341277425	0.04418741	0.0527195714	0.0988024955	-0.0240466488	0.0457637517	0.0464977133	-0.0667105894	-0.0563972242	-0.0065556628	-0.0992570537	0.0235265052	0.063080731	-0.1205247148	0.0354643229216407	-0.0016183653771121	2.6191064938355105e-06	0.0012577182002904	0.0188869341693305	0.0048506028311407	0.0003567162823166	2.3528347825471136e-05	-0.4360360542060704	0.0197620426174295	0.0003905383284131	0.1901274405675991	0.0048228565181615	0.0003729468240385	1.3908933356040425e-07	2.325994499477287e-05	0.0016520836978677	-0.0001261971778941	2.729380544760214e-06	1.5925727708435132e-08	-0.0010059910751366	-5.028255236800032e-06	1.0120180432544925e-06	2.5283350726406937e-11	0.0	0.0	0.0	0.0	0.0	0.0	0.0
879.940969039056	0.9059222880017614	0.8206951918983464	774296.1089933929	1038.518744639861	2.576639419946787	1078521.182968353	6.639070700423714	822.7791250424226	0.918411518268158	676965.4886055745	0.8434797168876231	852.533508651558	639.3896293478725	0.976027	17.985046	0.0506174937581896	0.024421084418889	0.0192610232	0.0248846589	0.0873770074	-0.1544016546	0.0191284901	-0.0309336173	-0.0558978503	-0.0757622614	-0.0645430584	0.1129953098	-0.0794745729	-0.1397959603	0.0320459216	0.0236013549	0.0215671868	-0.0339390195	0.0455246336	0.122828096	0.0287127358	0.1816936461	-0.0551537562	0.0724826157	0.0919769796	0.0106136095	0.0534158532	-0.0841533301	-0.0514165287	-0.0629751772	-0.0080655465	0.0513279218	0.0926577705	0.0868840066	-0.0925748326	0.0292661092	-0.0796426481	0.0704307121	-0.0131371691	-0.0093273868	0.0888772151	-0.0557587438	0.0261268808	-0.0722418001	-0.1242588771	0.0007710673	-0.1158052917	0.1326572335	-0.0742108883	-0.0621974664	0.0679720772	-0.021105053	0.0515606434	-0.1205174663	-0.1713770671	0.0544762967	-0.0901949393	-0.0692563723	-0.0509256728	0.0767913501	-0.0030503111	-0.0017330164	0.0105161331	0.0857132771	0.0020427354	-0.0556740111	0.058713631	0.0779380301	-0.0627234889	-0.0439001936	0.0788681144	-0.018633332	0.0834705505	-0.0541373642	0.0140326908	0.0075900874	0.0665510218	0.1596856286	0.0495714171	0.0880589547	0.0531934029	-0.0615868095	-0.0182690494	-0.0316666498	0.001625267	0.0043169138	0.1563368566	-0.0029347919	-0.0315357383	-0.0930481494	-0.0521506872	0.0225620513	0.0236784507	0.1814449053	-0.0789239896	-0.0496869628	0.0772542238	0.0402305314	0.0870901999	0.076552275	0.1169228468	-0.093314878	0.122871178	0.0449510773	-0.1735379734	0.0031307555	0.0008850804	-0.1013839798	0.0301376669	0.0540487397	-0.1150284477	0.0374452541202998	0.0019809311986591	3.924088413820984e-06	0.0014021470561338	0.0312386132619622	0.0123516790926317	0.0009758509585304	0.0001525639764073	-0.4446888554276142	-0.0086528012215438	7.487096897955033e-05	0.1977481781415215	0.0051201888348328	0.0002973323166712	8.840650653712188e-08	2.621633370434646e-05	0.0015428099501044	-0.0001092737477633	2.380262542141141e-06	1.1940751950237328e-08	-0.0008599554946641	0.0001460355804725	7.395234528029769e-07	2.1326390763940028e-08	0.0	0.0	0.0	0.0	0.0	0.0	0.0
879.4952333761902	-0.4457356628657862	0.1986802811504018	773511.8655314392	1039.390269157214	0.8715245173530093	1080332.131618706	0.7595549843473958	821.4104393014151	-1.368685741007539	674715.1097933437	1.8733006576373563	851.4266305055916	640.5950668399526	0.957655	17.646509	0.0523860458066823	0.0303808038314975	0.0260483203	-0.1221157338	0.0587190523	-0.130425954	0.0878940603	-0.0348992099	-0.0275260843	0.0872536375	-0.0364708374	0.0844779543	-0.1026649882	-0.0335525997	-0.0676753563	0.0552565767	-0.023760561	0.0610461122	-0.0032908019	0.0642117794	-0.0554919132	-0.0554687181	-0.067366236	0.0438144756	-0.0175795108	0.0101072284	0.0787563826	-0.0164571738	0.0880462065	-0.1111402272	-0.058388613	0.1359293363	0.0540234996	-0.0612480523	-0.0438998387	-0.1037653498	0.0241680899	-0.0880789957	-0.0256251069	-0.0293844544	-0.044528331	-0.0052166052	-0.055184599	0.209851216	-0.0226277147	-0.0465684931	-0.1331322435	0.1279463554	0.0277773283	-0.0111770213	-0.0995585651	0.046501954	0.0685119351	-0.0318155698	-0.0208576032	-0.0405157126	-0.1092499278	0.0560718995	0.0110294568	0.0268678164	0.0758472035	0.0397279072	0.0531577266	0.0069988895	-0.1742843899	-0.0075431673	0.0298067006	-0.1491790605	-0.0533338823	0.1168972959	-0.0241562082	0.0185787407	-0.0107342959	-0.0824356712	-0.0758316552	0.0899657862	0.0505061534	0.0659429311	0.0347448611	-0.0280377569	-0.0764895938	-0.0378630627	-0.1455072909	-0.0444734971	0.0186505607	0.0148705489	0.1019856548	-0.0080145255	0.0824684637	-0.1286530753	0.0392287044	-0.0860308612	-0.0063124425	0.0445356791	0.0594991325	-0.1308564901	-0.0313111026	-0.0007634562	0.0487180936	0.1489903357	-0.1183823348	-0.0670044128	0.1914677844	0.0582705599	-0.0411227446	-0.0333250803	0.0339061899	-0.1034414224	0.0366662233	0.0446835199	-0.1082719048	0.0405958252772364	0.0031505711569366	9.92609861492083e-06	0.0016480210299399	0.0081687087933772	-0.023069904468585	6.672780335099797e-05	0.0005322204921896	-0.4444340520079635	0.0002548034196507	6.492478266570537e-08	0.1975216265842171	0.005464115905366	0.0003439270705332	1.1828582984554926e-07	2.9856562627273702e-05	0.0015930005041202	5.019055401580012e-05	2.5376506061272117e-06	2.5190917124129493e-09	-0.0007358577839829	0.0001240977106811	5.414866782482244e-07	1.540024179631481e-08	0.0	0.0	0.0	0.0	0.0	0.0	0.0
879.5976080708087	0.102374694618561	0.0104805780982436	773691.9521238881	1038.823326404278	-0.5669427529360291	1079153.9034816492	0.3214240851066833	822.3592632543917	0.9488239529766817	676274.757860306	0.900266893742296	852.1076293594535	637.0457530916158	0.850647	15.674698	0.0308275938916711	0.0177881129921624	0.0410981045	-0.129350348	0.0012046772	-0.0631419325	0.0381737652	-0.0353966365	-0.0386953524	0.1536718135	-0.035621255	0.00847015	-0.0149468401	0.0358306754	-0.0253774804	0.0265061724	0.0154904559	0.0839233585	-0.0308218081	0.0652695314	-0.0279412813	-0.0695430318	-0.0892031434	0.0991780033	-0.0169683099	0.0294267423	0.0794685062	0.0827406442	0.0663073149	-0.0954465143	0.0453893565	0.0696836156	-0.0363424626	-0.0711973108	0.0726854995	-0.0322581797	0.1535145135	0.1070449409	0.0694367379	-0.0224453097	0.0076677753	-0.0399816019	-0.0423331941	-0.1309605317	-0.153609665	0.1083713157	-0.0155007604	-0.1547344941	-0.1096762614	0.0191694327	-0.0936865875	0.089265113	0.0722037393	0.0031418017	0.0261503389	-0.0530698885	-0.098229557	0.0429732053	0.0144636856	0.0802934295	-0.0269745689	0.0678655379	-0.048301788	-0.1022795552	-0.0981242488	-0.0477076408	0.0138243174	-0.0515826621	-0.0406013988	0.0794182781	0.0030130535	-0.0267410511	0.0301249305	0.1146536864	-0.0216970534	-0.0422264371	-0.0556951991	-0.0353431794	0.1869591855	0.068452676	-0.0662440184	-0.0908389592	-0.0206088276	-0.0595493326	0.0334993456	0.0487594816	-0.0015935757	-0.0284920698	0.1159996412	-0.0859390816	0.0548439023	-0.0808662122	0.0455574262	-0.0173060855	0.071800817	-0.0570112779	-0.064510624	0.034313037	0.0733253697	-0.024943158	-0.079733513	-0.112169174	0.1484328241	0.0437883652	0.0930914052	0.0786032763	-0.0801863753	-0.1054279714	0.0430942802	0.0350428114	-0.1003291122	0.044317180539906	0.0037213552626695	1.3848484990998705e-05	0.0019640124910066	0.0156572290328398	0.0074885202394625	0.0002451488209868	5.607793537684098e-05	-0.4297733513077446	0.0146607007002189	0.0002149361450213	0.18470513349429	0.0053911043143396	-7.301159102640013e-05	5.330692424206311e-09	2.906400572809105e-05	0.0015980855466539	5.085042533700028e-06	2.5538774144240944e-06	2.58576575695384e-11	-0.0007148140637566	2.1043720226300035e-05	5.109591457442245e-07	4.4283816096278914e-10	0.0	0.0	0.0	0.0	0.0	0.0	0.0
879.9123567587083	0.3147486878995096	0.0990667365344629	774245.7555766642	1040.8868061945989	2.063479790320798	1083445.3433099925	4.257948845062366	823.4862599257633	1.1269966713715576	678129.6202865219	1.2701214972825705	852.9866228275894	637.3975645961143	0.832111	15.333125	0.0289907439290335	0.0175421379477541	0.0344912	-0.1469757536	-0.0354981257	0.0002481502	-0.0553738565	-0.1164460032	-0.0410412976	0.0994559903	0.0442382598	-0.0442103491	0.0055931044	0.115193492	0.0002892612	0.0091535051	-0.1475803462	0.0810414548	-0.1261943953	0.0423673223	-0.0034744193	-0.0403076215	-0.1609887715	0.02155034	-0.0295014406	-0.0368235719	0.0827116423	-0.0153844764	-0.0204482673	-0.0528039179	0.0246290082	0.0253476444	0.0029629766	0.0253947775	0.0298023417	-0.1099521929	0.015035156	0.0792029859	0.0582842739	-0.1288424793	-0.1463754263	-0.0501530877	0.0246205359	-0.0499579021	-0.1127991959	0.0183025509	-0.1732640091	-0.09988312	-0.0420173738	-0.1529365351	-0.0478589123	0.0887283924	0.0656425748	0.0917302797	0.0014831843	-0.0300616018	-0.124529314	0.0157772964	0.0538741879	0.0510507078	-0.1520475832	0.0116518053	-0.0377700595	0.0434519745	0.0208654698	-0.0451310524	-0.0205294158	-0.0262642683	-0.0621411672	0.1102727202	0.0008072074	0.1909786142	0.0620855269	-0.0051701912	-0.0273081162	-0.0480222317	-0.0455764442	-0.0063175916	0.0427689792	0.034982631	-0.0215375897	-0.1300224195	0.0646424307	-0.0666389081	0.0415254456	0.0399436362	-0.0820683747	-0.0281689849	0.0817110302	-0.0646949335	0.0812953811	-0.1056052087	0.0919581495	-0.0319062817	-0.0854764331	-0.00183846	-0.035859031	0.0456334141	0.0783644902	-0.0086950107	0.0126311795	-0.1291849924	-0.0045621197	-0.1002416107	-0.0778532704	-0.0183303556	-0.1083543236	-0.1073422654	0.0494042187	0.0251860523	-0.0912870929	0.0525206188755476	0.0082034383356415	6.729640052667419e-05	0.0027584154070705	0.0156731016003561	1.5872567516301422e-05	0.000245646113775	2.5193839955954707e-10	-0.4359744115327402	-0.0062010602249956	3.845314791402265e-05	0.1900736875113191	0.0054289071198385	3.7802805498900194e-05	1.4290521035876788e-09	2.9473032515833163e-05	0.0016052376269219	7.152080267999999e-06	2.576787838885853e-06	5.115225215991494e-11	-0.0004683614935059	0.0002464525702507	2.193624885990772e-07	6.073886938317621e-08	0.0	0.0	0.0	0.0	0.0	0.0	0.0
879.512503968561	-0.3998527901472926	0.1598822537885748	773542.244637048	1039.4164387629585	-1.4703674316403976	1080386.533170671	2.1619803840287792	822.6521037533039	-0.8341561724594158	676756.4838097367	0.6958165200521426	852.6553652157337	639.1914743980333	0.8655279999999999	15.948895	0.0267005082472788	0.013252457050778	0.0445584338	-0.066161469	-0.0434922941	0.0843012776	-0.0675024097	-0.0384997873	-0.0371622744	0.0640077857	0.1688411082	-0.0416305549	-0.0189177169	-0.0105351722	-0.0377585769	0.0461248235	-0.0854549633	0.0370169264	-0.0786888459	-0.1159443029	-0.0300876478	-0.0462178399	-0.055187281	-0.0520692933	0.0884435151	0.0539245075	-0.017092095	0.1492599383	0.0379151408	0.0736674728	0.1379932163	0.1623049883	0.1510046806	0.0443152046	0.0483752581	0.040761956	0.0003240701	-0.0918282419	0.0862023791	-0.2013104865	0.0006412574	-0.0652913825	-0.0270910307	-0.0470171961	-0.1132861929	0.0470850595	0.1380499087	-0.0309485131	-0.1138651653	0.1884185709	-0.006693335	0.0428741686	-0.0007146801	0.0607797723	0.1273833612	0.0161548786	-0.1422553294	-0.0210112678	0.0792983601	-0.0581526631	0.0968962753	-0.0364146059	-0.1261147741	-0.0134658244	0.0600845817	0.0249666394	0.1866419326	0.0620938723	-0.074376873	-0.0578064641	0.0098303553	0.0840170045	0.0488011177	-0.0209180301	-0.0659166304	-0.1191165424	-0.0110779022	-0.0086679698	0.0703440087	-0.0993104035	-0.2371909552	0.0001817297	-0.0632585254	-0.0667694303	0.0343847171	0.0382414126	-0.0850312897	-0.0601064989	0.0465459793	0.0439216292	0.038750932	-0.0407268116	0.0193436511	0.0269495096	-0.142649484	0.0861383021	-0.0568819127	0.0271509281	0.0893502859	-0.0029675077	-0.0229473675	-0.0823173141	0.0686487825	-0.083937551	-0.0136605264	-0.1119834538	-0.0787702002	-0.1091829923	0.0555787436	0.0151740128	-0.0812449131	0.0568813975756796	0.004360778700132	1.901639087152497e-05	0.0032354933901625	0.0140306107513481	-0.0016424908490079	0.0001968580380558	2.697776189075018e-06	-0.4351883893229313	0.0007860222098088	6.178309143128504e-07	0.1893889342014872	0.0055840543686043	0.0001551472487657	2.4070668799596784e-08	3.1181663191528765e-05	0.0015581556193948	-4.708200752709998e-05	2.427848934251593e-06	2.216715432781899e-09	-0.0006643565669796	-0.0001959950734737	4.413696480889198e-07	3.8414068825961094e-08	0.0	0.0	0.0	0.0	0.0	0.0	0.0
879.0508285581096	-0.4616754104513347	0.2131441846154084	772730.359188699	1034.7249354827095	-4.6915032802489804	1070655.6921096973	22.010203028586943	821.3665873677876	-1.2855163855163028	674643.0708442054	1.6525523774308994	851.17176473082	639.732803226358	0.872947	16.085609	0.1013086927783416	0.0473118670273106	0.0441069421	-0.0094418432	0.0672814809	0.1864492255	-0.0606686208	0.0423546006	-0.0747131473	0.0352029562	0.0914435775	-0.0589590001	-0.064926548	-0.0035692459	0.0864040747	-0.1120779203	0.1050384224	0.0998578646	-0.0647446171	-0.0968791721	-0.0371212018	-0.0749685603	0.2068314764	-0.0370019445	-0.0078297993	0.0063832227	-0.1343942657	0.0499093922	0.0780605254	-0.1011754893	-0.0322812707	0.1239369755	-0.0193071685	-0.0778894235	-0.0890720515	-0.0505502018	0.0097187024	-0.0391924945	-0.0159188011	-0.1271771193	0.020141434	0.0420426994	0.1588599914	0.0445060412	-0.0376593526	0.0414551341	0.1090790675	0.0932377642	-0.0754108891	0.0968834219	-0.0421920242	0.0943296112	-0.028415156	0.0839491995	0.1307838275	0.059197995	0.0863617146	0.0210836029	-0.0367675169	-0.1609247959	0.1730063098	0.0055076601	-0.0168694562	0.0221944699	0.0183344247	-0.102817633	0.1838493617	-0.1476133663	-0.0063845918	0.0033261994	-0.0106455057	-0.0455688987	0.1660129666	0.0087014808	-0.018927598	-0.0834282205	-0.0718335009	-0.0216733804	-0.0489261221	0.0856331955	-0.2057056011	-0.0687460848	-0.0123785528	-0.095419088	0.0713159408	0.0765574571	-0.0911226669	-0.0514406296	-0.0549158671	0.0461472037	-0.0320212521	-0.0277546961	-0.1489504163	0.0637346038	-0.1020678001	0.050467451	-0.1413008152	0.0426167707	0.0037476735	0.0839281921	-0.0872187564	-0.2041095034	-0.0253474408	0.0375101199	0.0576865174	-0.0320296489	-0.0247423482	-0.1109488906	0.0616009311	0.0050684204	-0.0703125971	0.0794054084457656	0.022524010870086	0.0005073310656757	0.0063052188904388	0.029739833207742	0.0157092224563939	0.0008844576792243	0.0002467796701844	-0.4083443029662845	0.0268440863566468	0.0007206049723231	0.1667450697650207	0.0055097979518952	-7.425641670909949e-05	5.514015422475431e-09	3.035787347070854e-05	0.0018322211074015	0.0002740654880066	3.357034186407579e-06	7.511189171635059e-08	-0.0002880510097911	0.0003763055571885	8.297338424167238e-08	1.4160587237094748e-07	0.0	0.0	0.0	0.0	0.0	0.0	0.0
878.2187180933936	-0.8321104647160382	0.6924078254899411	771268.1168096035	1035.7416383792192	1.0167028965097415	1072760.7414724694	1.0336847797712982	821.468667226776	0.1020798589884179	674810.7712353356	0.0104202976110953	851.6076466978477	638.231818959138	0.856117	15.775496	0.0411708689785724	0.0226367173103906	0.0645504728	0.0552465301	0.0760969769	0.1396196062	0.0035107763	0.0634551218	-0.0896431331	-0.113437363	0.1030866255	-0.0444619934	-0.0637063264	0.0558001789	0.0534794787	0.0324008236	0.1278491777	0.1009301756	-0.0207913053	-0.0407705321	-0.0050904018	-0.0784012513	0.1098801183	-0.005220552	-0.1185551776	0.0317281206	-0.0048780543	-0.010362616	0.0552764854	0.1214964856	0.1587555593	0.0587559233	-0.0694996358	-0.0236461533	0.0136213098	0.162494985	0.0171778492	-0.1026959981	-0.004808066	0.0619675341	0.1144268762	-0.1150381906	-0.0742617524	0.0230433704	-0.1101082403	-0.0712881939	0.0426009263	-0.0601988831	0.081622651	-0.0769079706	-0.1192783986	0.0792555116	-0.0892053671	0.032658387	0.0236390501	0.0426531506	0.0314544052	0.0517617696	0.0504889653	-0.2047778958	0.0075726776	0.1510936934	0.0601053962	-0.0127421445	-0.0003238509	0.037122271	-0.0281914074	0.0164186157	0.0281980536	-0.0266758624	-0.0197163569	-0.1364872487	-0.0313197256	-0.0515783845	-0.1995582977	-0.0451922182	-0.0147463507	0.0236716364	0.1469946428	-0.1049359176	0.0216325828	0.0664773376	-0.0794366308	-0.0991500711	0.0511151611	0.0760250574	-0.0139485854	-0.0501168203	-0.0796122448	0.0724264031	-0.0703324107	0.04394732	-0.1160117029	0.0235280223	0.0466958571	0.123895253	-0.1214684481	0.0515488759	0.0071747256	-0.0335188896	-0.1084372011	-0.0742533025	0.0358441625	-0.0547622471	-0.0542315338	-0.0150960493	-0.02112478	-0.1126387502	0.0674542747	-0.0050684204	-0.0586099215	0.0767165530541831	-0.0026888553915825	7.229943316842314e-06	0.0058854295125152	0.0135873770388883	-0.0161524561688537	0.0001846168147969	0.0002609018402867	-0.3964410924038333	0.0119032105624511	0.000141686421694	0.1571655397463447	0.0055098389271206	4.0975225400197164e-08	1.6789690965969622e-15	3.0358325002813486e-05	0.0020246790108739	0.0001924579034724	4.099325097073314e-06	3.704004460899164e-08	-0.000304079068207	-1.602805841590001e-05	9.246407972163736e-08	2.568986565835031e-10	0.0	0.0	0.0	0.0	0.0	0.0	0.0
877.9856169337186	-0.2331011596750158	0.0543361506418372	770858.7435424824	1037.5117103381035	1.770071958884273	1076430.5490886967	3.133154739628408	821.9871206338441	0.5184534070681366	675662.8264879178	0.2687939353005589	851.9037548497392	630.424004053027	0.888309	16.368681	0.0520840295253941	0.0307061870643243	0.0719498614	0.0362132537	0.1294119087	0.1577302078	-0.0535802492	0.0547893278	-0.1093699875	-0.1015721874	0.0245609793	-0.0571882902	-0.0297811733	0.1248231788	0.0710316311	0.0397066641	0.0230184778	0.1365481366	-0.0400567515	-0.0285521732	0.0438709068	-0.0602038802	0.112477369	-0.0511602904	-0.0039253552	0.0647997791	0.1348593846	-0.1017750583	-0.1676043774	0.0080350353	0.0454591257	-0.0396386309	-0.0077370695	-0.1005517343	-0.0503967351	-0.035646934	-0.0046974657	0.055064863	-0.0230255078	0.1053082947	0.0108952767	-0.132348889	-0.0813195106	0.1548472551	0.0841008606	-0.052048562	-0.0952281824	0.0364687373	-0.1580461197	0.0569611057	-0.038978173	0.1226455469	-0.0840727757	0.0217715809	0.0046994561	0.0609190553	0.0938187625	-0.0351152939	0.063189011	-0.0700924317	-0.1178115655	0.1484998414	0.0266874271	0.0843795224	-0.0440982019	0.0467540404	-0.0267126033	-0.0816196223	-0.0826140846	-0.0189464716	0.0195181418	-0.0972818554	-0.084073876	-0.087291113	-0.0239608975	-0.0385260493	-0.1076118484	0.0868469256	0.0593162982	0.1779157212	0.0916445285	0.1080695656	-0.0147378796	-0.1324444037	0.0565928213	0.0798512349	-0.012081278	0.0066951907	-0.1686323673	-0.0082076017	-0.0257349186	0.003640007	-0.0681832322	-0.1791411466	0.0365500803	-0.0544284655	-0.0279104956	-0.0005953801	-0.0389907814	-0.0712627304	0.0096960537	-0.0997313836	0.0172857517	-0.0370194736	-0.0264984707	-0.1429076389	-0.0614944954	-0.1142514127	0.0731227308	-0.0151740128	-0.0462651033	0.078840485582404	0.0021239325282209	4.511089384434852e-06	0.0062158221668692	0.0136045249428491	1.7147903960800653e-05	0.0001850830989206	2.9405061024884267e-10	-0.3715110242918058	0.0249300681120274	0.0006215082960703	0.1380204411703467	0.0053021541423046	-0.000207684784816	4.3132969844068246e-08	2.811283854875783e-05	0.0018991503197558	-0.0001255286911181	3.606771937028557e-06	1.5757452293823357e-08	-0.0001370349245174	0.0001670441436896	1.8778570537489512e-08	2.7903745940991742e-08	0.0	0.0	0.0	0.0	0.0	0.0	0.0
877.4390052782138	-0.546611655504762	0.2987843019336565	769899.2079836213	1038.058384821965	0.5466744838615796	1077565.2102991869	0.2988529913053244	821.9756604579842	-0.0114601758599519	675643.9863853393	0.000131335630741	852.1265647149047	630.3968835408327	1.11047	20.462395	0.0802689189687292	0.0492940536098764	0.0962998173	0.180927219	0.0517269713	0.0407399001	0.151448936	0.0619027711	-0.1384885677	-0.1296358556	0.0333358169	-0.0278506476	0.0131945052	0.0550418405	-0.0028052744	0.1214711039	-0.0008592523	0.1112044999	0.0825649877	-0.048401138	0.1102604064	0.0079360781	0.042501336	-0.0856014526	-0.0481492188	0.0616404246	0.0963999592	0.0809899052	-0.0121066571	0.1587301134	-0.0057825504	0.1015614755	0.0267208501	0.0988984714	-0.0687171331	0.1630329674	-0.0292320767	0.1765635625	-0.0061552506	-0.0044940664	-0.0183053783	-0.0742898008	-0.1013054258	0.0176316401	-0.0850823693	-0.0199885978	0.135553114	0.0659513711	0.0609316947	-0.1734931144	0.0269149615	0.0979994672	-0.1259521917	-0.0869932673	-0.0477765464	0.0232803164	0.0486268781	-0.0026631059	0.1220447831	-0.0648338721	-0.0823215691	0.1077394699	0.0114186659	-0.053704441	-0.0001099413	0.0561555576	0.0899654169	0.08246372	0.0850418026	-0.0027366355	0.0176155486	0.1538997528	-0.074492463	0.0292834096	0.0101085891	0.0224068059	-0.0423073972	-0.0260068563	0.2387091607	-0.2043097029	-0.0216072427	0.1208806846	0.1837248492	-0.0989468311	-0.0236473899	0.0060162579	0.1835683845	-0.0563270069	-0.1213675694	0.1388061561	-0.0775149505	0.1221567941	0.0230582056	-0.066451341	0.2213075287	0.1761543191	0.0631521137	0.0004408207	0.1932299939	-0.1458944908	0.0247254743	0.0133007514	0.1873510325	-0.0391852578	-0.1589344456	-0.0645206813	-0.0419164624	-0.1157857731	0.0785907625	-0.0251860523	-0.033413395	0.0667108025539278	-0.0121296830284761	0.0001471292103713	0.0044503311773891	0.0137448805409121	0.000140355598063	0.0001889217410839	1.9699693907622454e-08	-0.4126024804868109	-0.041091456195005	0.001688507772226	0.1702408069038692	0.0056211232523551	0.0003189691100504	1.0174129316640776e-07	3.159702661816718e-05	0.0017082043576703	-0.0001909459620855	2.917962127563802e-06	3.6460360436757246e-08	-0.0001088015137097	2.823341080769999e-05	1.1837769385522036e-08	7.971254858363505e-10	0.0	0.0	0.0	0.0	0.0	0.0	0.0
877.9278490721769	0.4888437939630421	0.2389682548961811	770757.308176499	1037.8987385676458	-0.1596462543193411	1077233.7915203103	0.0254869265181957	822.5151658316065	0.539505373622319	676531.1980229951	0.291066048167358	851.6634846453987	625.6376125997482	1.049167	19.332781	0.3540900516063258	0.2369008215372815	0.0513238093	0.1261446767	0.0086436549	-0.0691735665	0.139245375	-0.0013775944	-0.0571269962	0.0245165828	-0.0268076857	0.0286527683	0.1754329063	0.0023417618	-0.0460532191	0.0508488589	0.0110954032	0.0909330739	0.0333081457	0.0070422446	0.1281966615	0.1225038916	-0.0569959789	-0.1238329975	0.0392808401	-0.1221355174	-0.1254765189	0.0573007016	0.1741256045	-0.1347968143	-0.1205049091	-0.0562686899	0.0370393018	-0.0941500769	0.0487321095	0.0667175355	-0.0060362034	0.0753930685	0.1524454042	0.0888438632	0.0068569559	-0.1678788675	-0.261390322	-0.0375598396	-0.007780265	-0.0897534004	0.0268966989	0.1798991663	-0.006444424	0.1163718856	-0.0143954129	0.0782033284	-0.0647735247	-0.0439479514	-0.1002864702	-0.0279816852	-0.0099821393	0.0817710718	0.091579937	0.0419381615	0.1053288448	-0.2407038129	0.0114020291	-0.1286062665	0.0091816342	-0.0314191361	0.0056158963	0.0200124765	0.0924491389	0.0886594984	-0.099565177	-0.0628730859	0.0504980077	0.0839788008	0.0613632712	0.1521595898	0.0875874694	-0.0566458822	0.3037733331	-0.0002019009	0.2104677806	0.0671916678	0.0832178467	-0.043715979	-0.1032613119	0.0102055092	0.242396581	-0.1153818152	0.0717075261	0.1590901128	-0.0182827091	-0.0141423574	0.0406209115	-0.0535322691	0.0772587794	0.1517884618	0.2064639626	0.1597337185	0.3380457301	0.0063899328	0.1337511805	0.0746621562	0.2109084465	0.1024773131	0.0860004511	0.0932883399	-0.1297159736	-0.1172407796	0.0838433825	-0.0350428114	-0.0201956026	0.0558681523687027	-0.0108426501852251	0.0001175630630391	0.0031212504490925	0.0424631584806292	0.028718277939717	0.001803119828151	0.0008247394878228	-0.529626364088088	-0.1170238836012771	0.0136945893331252	0.280504085537168	0.0091916821162388	0.0035705588638836	1.2748890600458456e-05	8.448702012598418e-05	0.0013641911289976	-0.0003440132286726	1.8610174364357463e-06	1.1834510150181533e-07	-7.326880866397045e-05	3.553270504572955e-05	5.368318323037511e-09	1.2625731278668141e-09	0.0	0.0	0.0	0.0	0.0	0.0	0.0
881.6696199581996	3.7417708860227776	14.000849363487683	777341.3187572361	1036.6777050311748	-1.2210335364709408	1074700.6641087034	1.4909228971867323	822.5732939866114	0.0581281550048515	676626.8239799842	0.003378882404268	851.271057479683	647.0089145439804	1.337901	24.653227	0.212998676722048	0.1414668539380812	0.117061474	-0.1161946099	0.0272541404	-0.0796680242	0.0465040542	-0.0973467718	-0.0639611423	0.173541286	-0.1129130099	-0.0006877149	0.0744606739	-0.0221798743	0.0937859954	-0.1216033982	0.0669385415	0.1245229049	-0.0113388945	0.1064054192	-0.0800163007	0.0143066839	-0.00256152	0.1044127984	0.0042531199	0.0164025585	-0.0444879209	-0.0652853271	-0.053364649	-0.0513422967	0.0246347995	-0.0853149094	-0.0705225174	-0.0015782876	0.0717039093	-0.1876199638	0.101035491	-0.0898615938	0.0109867329	0.0377950323	0.0890199243	0.0323016899	0.0297970008	-0.0992071179	0.2113209818	-0.0572080019	0.2428039094	0.0287074014	-0.1019274513	-0.0622163564	0.0560748475	0.1438146269	0.068239681	-0.0147320123	0.0148497324	-0.0385052385	0.0283855741	0.0517767317	-0.0952842282	0.0632480614	0.0326253602	-0.1294133933	0.0756669014	0.0247268265	0.0159291306	-0.0590141299	-0.1776674331	-0.1301414775	-0.1558714659	-0.0961708654	0.1090128728	0.0405659704	-0.0210237405	-0.0015641439	0.0969541608	-0.2136562768	-0.0040688257	-0.125821978	-0.1824709895	-0.0096075177	0.031118147	0.0596295653	0.1427744206	-0.1038271588	-0.0588017406	-0.0245842183	0.0067768774	0.0139722136	0.1343567096	-0.0869074038	0.0762239978	-0.0884648454	-0.0285240513	-0.0340025136	-0.0407780466	-0.2138881789	-0.0738132325	0.0821028628	0.0912183569	0.0248441064	0.0266621504	0.0186571118	0.0381161687	0.0709743068	0.1168089188	0.2027201727	0.1367482307	-0.1186154352	0.0888661936	-0.0446835199	-0.0067565429	0.0693545098878161	0.0134863575191133	0.0001818818391333	0.0048100480417791	0.0253993209748699	-0.0170638375057592	0.0006451255059844	0.0002911745504229	-0.4751545329812927	0.0544718311067953	0.0029671803841272	0.2257718302126703	0.0068760087199999	-0.0023156733962388	5.362343278048598e-06	4.727949591751467e-05	0.0014567877091058	9.25965801082001e-05	2.122230429401725e-06	8.574126647734319e-09	7.79942267965291e-05	0.0001512630354604	6.083099413588418e-09	2.2880505896724343e-08	0.0	0.0	0.0	0.0	0.0	0.0	0.0
878.9250894345603	-2.744530523639355	7.532447795188113	772509.3128375498	1036.3560751890525	-0.32162984212232	1074033.914581257	0.1034457553436285	823.2982260964134	0.7249321098020118	677819.969093501	0.5255265638219961	852.581519466707	641.4032408764064	1.091775	20.11791	0.0274765542073983	0.0145797826011142	0.1010425426	0.0293060417	0.0594118405	-0.0968089686	-0.0747334095	-0.0187185921	-0.0598650957	0.1377318094	0.0272129954	-0.0078747592	0.0241100735	-0.0812703374	0.0750103966	0.0491870932	-0.0526497528	0.058850107	0.0117819758	0.0069882621	-0.1307311215	0.0810585992	-0.053612105	0.0784934977	0.0419912633	-0.0527989672	0.0656937899	0.0789742382	0.0608765122	-0.0239183638	0.0236080872	-0.0381454476	-0.0996597888	0.0444251792	0.0061313892	-0.0815495084	-0.0830854042	-0.0246844441	-0.2105051907	-0.1094846237	-0.034915924	-0.0038587047	-0.0618955444	-0.0367017017	-0.071821281	-0.1020617991	0.0205473189	0.0183026678	0.1034934057	-0.0294617856	0.007609602	0.0819888738	0.081624788	-0.1267448858	0.1020338748	0.0800488416	-0.1101881239	0.0102392719	0.01518709	0.1366377139	0.0575036637	-0.0798193232	-0.0624051924	-0.0605987833	0.0085169925	-0.0166001004	-0.0301950943	0.0165891832	-0.041881905	0.0336144278	0.0732187912	0.1115909618	-0.0525841747	0.062197131	-0.101058727	0.0556725135	-0.0024600327	0.1028575247	-0.1571056895	0.0291451267	0.0500588436	-0.0202575976	-0.088076266	-0.0967340807	-0.0520599084	-0.010118589	-0.0029856092	-0.0203712614	0.1074944544	-0.0228584775	-0.0015740084	0.1177992988	-0.0099334728	-0.0261186725	-0.2207880001	0.0057090009	0.0196829767	0.0025933826	0.0617317693	-0.0428481009	0.1236276351	-0.0081480382	0.0600859483	0.0422730726	0.1791127205	0.0589727344	0.0520933033	-0.1199087977	0.0936454286	-0.0540487397	0.0067565429	0.073598442498465	0.0042439326106489	1.8010964003729292e-05	0.0054167307381998	0.0175979614178487	-0.0078013595570212	0.000309688246064	6.086121093792603e-05	-0.4751778698469024	-2.333686560973547e-05	5.446092964868541e-10	0.2257940079922397	0.0069028543340497	2.684561404979989e-05	7.206869937108131e-10	4.764939795710873e-05	0.0015494381192711	9.265041016529984e-05	2.400758485450363e-06	8.584098503798295e-09	0.0002666567060638	0.0001886624792672	7.110579888879585e-08	3.559353108327343e-08	0.0	0.0	0.0	0.0	0.0	0.0	0.0
879.687319694283	0.7622302597227417	0.5809949688369983	773849.7804309117	1038.680784372183	2.324709183130608	1078857.7718240134	5.404272786131778	822.5124977383981	-0.7857283580152625	676526.8089358583	0.6173690525893606	852.7300737503127	638.3557332607855	0.94327	17.381433	0.024331979535737	0.0152291476099214	0.1213885157	0.0551053751	0.0631712679	0.0538257215	-0.0923769766	-0.0230353775	-0.0837236274	0.0420356943	0.087023043	-0.0105297035	0.1250119051	-0.060807412	0.041870792	0.1194558731	-0.1206587286	0.1126629572	0.0227490611	-0.0443969895	-0.1662985066	0.0290184539	0.0340040362	-0.0339342043	0.0236968371	-0.1556401805	-0.0810529126	-0.023190223	0.168202075	0.0921199369	-0.0155762845	-0.1129926191	0.0290475892	-0.0302093312	-0.0519788178	-0.0732853034	0.0059735428	-0.0347756038	-0.0556994739	0.1318205796	-0.0357419701	-0.0034992009	0.0387942707	0.0340260168	0.0034857417	-0.0461877582	-0.1790700974	0.0394121164	0.0374738752	-0.0537435907	0.0558938714	0.1125088694	0.0535213804	-0.1189704989	0.1559356992	0.0945766777	-0.0236091806	0.0635974287	0.0791338719	-0.0078084517	0.0736514591	-0.024269688	0.0291971799	0.0461121503	0.0491358405	0.0531302711	-0.0010207728	-0.0979858787	0.1608899503	0.1171340068	0.0255023701	-0.0455684786	-0.0410831296	-0.0349705319	0.0638371418	0.0931630009	0.088127521	0.0321436399	-0.074782932	0.0704009097	0.1216311429	0.001158491	0.0092730681	-0.1216223142	-0.0467502227	-0.0157061721	-0.0737821428	-0.0037080771	0.0668655629	0.0153443399	0.0550655904	0.0479319821	-0.0473575508	-0.1825911422	-0.0998657999	-0.0395397754	-0.0827174605	0.0380901857	0.0714258942	-0.0988828401	0.1084830569	0.0201320649	-0.1178483173	0.0677599613	0.1021534868	-0.0403260431	-0.0165530775	-0.1211199807	0.098167988	-0.063080731	0.0201956026	0.0710179822318224	-0.0025804602666426	6.658775187721217e-06	0.0050435538002794	0.0149771612016422	-0.0026208002162064	0.0002243153576599	6.868593773268029e-06	-0.4630642834540595	0.0121135863928429	0.0001467389752968	0.2144285306108215	0.0067748584185623	-0.0001279959154873	1.6382954381457635e-08	4.589870659156448e-05	0.0015508795305398	1.4414112687001143e-06	2.40522731824735e-06	2.077666445535673e-12	0.000255751379619	-1.090532644480003e-05	6.540876817702184e-08	1.1892614486765486e-10	0.0	0.0	0.0	0.0	0.0	0.0	0.0
878.576433884841	-1.1108858094420384	1.234067281619693	771896.5501778043	1036.29232612023	-2.388458251953125	1073901.7851756772	5.7047328213229775	821.7147645939343	-0.7977331444637912	675215.1543516649	0.636378169776088	851.8377144849555	638.8674020699957	0.905321	16.682159	0.0330980514850656	0.0140713104996138	0.1161671039	0.0247697957	-0.0125253329	0.1233224594	-0.0364689848	0.0543887721	-0.0563532042	-0.0041328598	0.1668697094	-0.0604161943	-0.0020835306	-0.0727960989	-0.0363060345	0.1139353071	0.1006209255	0.1014397551	0.0236235004	-0.0627628835	-0.1003267189	-0.0572534979	0.0893583419	-0.0502173507	-0.1496011316	-0.0863606274	-0.0871237612	0.0123433237	0.025762143	0.1200273496	0.010014131	0.0174884578	-0.1907191476	-0.063674196	-0.0698209633	0.092331958	0.128931887	0.0828913862	0.1209484701	0.0694771452	0.028349347	0.0173878585	-0.1232090655	-0.0807076192	0.0852644099	-0.143138695	0.0469771462	-0.0244070798	0.0170763175	0.1782507927	0.1105826536	0.0901384078	-0.0024200466	-0.0211387909	0.1525231713	-0.0135371453	0.0345552759	0.050398503	0.0560420288	-0.1181591695	-0.0078780248	-0.000828869	0.1095623437	-0.0363717453	0.0153668442	0.0114371648	0.0513969803	0.0119641472	0.0942078655	-0.0936501457	0.0198049919	-0.1602844021	-0.0022011057	0.1096495056	-0.0812107113	0.037005545	0.0375855105	-0.2269085689	0.0840189608	-0.0022512588	0.2051953426	0.0480343784	-0.0124453153	-0.121280553	-0.0353983705	0.0167815925	-0.1112206708	-0.0297751943	0.025896971	0.1352042549	0.0335543932	0.0014688691	-0.1545565305	-0.0349389643	-0.1195858752	0.0518663225	-0.0999870589	-0.0021782187	0.0048567927	-0.1055494108	0.0567294516	0.0506326635	0.023830305	-0.0150082773	0.077953391	0.0264749388	0.009260398	-0.1222481541	0.1024214758	-0.0717238087	0.033413395	0.0663874714285412	-0.0046305108032811	2.1441630299303863e-05	0.0044072963626753	0.0212521845332815	0.0062750233316392	0.0004516553474366	3.937591781261756e-05	-0.4529817728696343	0.0100825105844251	0.000101657019685	0.2051924865521169	0.006910308577067	0.0001354501585046	1.8346745438948203e-08	4.775236463028574e-05	0.0015151457935966	-3.573373694320007e-05	2.2956667758534706e-06	1.2768999559258214e-09	0.0003267676194855	7.101623986650001e-05	1.0677707714422053e-07	5.043306324776265e-09	0.0	0.0	0.0	0.0	0.0	0.0	0.0
879.0132142851323	0.4367804002913544	0.1907771180786758	772664.23088788	1039.759270692483	3.4669445722529417	1081099.340990964	12.019704667074134	823.2941462579339	1.579381663999584	677813.2512625803	2.4944464405780944	852.4022924864821	638.1217544297406	0.954566	17.589592	0.129327903862243	0.0622207298538408	0.1253168024	-0.114526636	-0.028144959	0.1072190274	-0.1231479123	-0.0386701119	-0.1192054755	0.0051678382	0.136358291	-0.0330158763	0.0436988692	-0.0418579101	-0.0528916013	-0.0402840584	-0.027766841	0.1571344279	-0.0348744028	-0.0507154047	-0.0414611666	0.0223333438	-0.0913972114	-0.0534650445	-0.1626597894	0.0767857783	-0.0151325743	-0.0286248862	-0.0742245712	0.0410303129	-0.0049647008	-0.0115685381	-0.1894420031	0.0514920695	0.0974981146	0.0541167993	-0.1758619549	0.0633464492	0.0515826726	-0.0115371446	-0.0403887999	0.1071478516	0.2056222595	-0.0271687952	0.0569614943	-0.0324854133	0.0045911659	0.0280776197	0.0047351242	0.0537641752	0.0231746837	0.1511682002	-0.0268147829	0.050273015	0.0687350901	-0.0326393226	-0.0671043341	-0.0517033365	-0.0496852527	-0.0827530762	-0.1697155424	0.0161042818	0.0202923016	-0.0626901438	0.1440345057	-0.1041690007	0.0193008314	0.1400367414	0.0966254327	0.0094145953	-0.0581253438	0.0162896746	0.0780019656	0.0645154404	-0.0354729699	0.0916822328	-0.0983419331	-0.0223711991	-0.1556199569	0.0346206318	0.0123680668	0.1250807105	-0.0549329609	-0.1541388926	-0.0064275708	-0.0081369004	-0.1547013692	0.0332933203	0.0246332368	0.083441351	0.0527488296	-0.0648875817	0.1055601035	-0.0241738305	-0.1429227913	0.0056144202	0.0349348992	-0.030694367	-0.0412172231	-0.0838984168	0.0126964572	0.0885903142	-0.1113531472	-0.082263851	-0.066337272	-0.0425590445	-0.0396320222	-0.1232925447	0.1063942335	-0.0799246852	0.0462651033	0.0957436444658839	0.0293561730373426	0.0008617848953984	0.0091668454556095	0.0353411550127731	0.0140889704794916	0.0012489972376368	0.0001984990891719	-0.4309685381973906	0.0220132346722436	0.0004845825007352	0.1857338809159957	0.0061390647420286	-0.0007712438350384	5.948170530847387e-07	3.768811590681868e-05	0.0018201415733125	0.0003049957797159	3.3129153469005032e-06	9.302242564450986e-08	0.0005279185181945	0.0002011508987089	2.7869796185267656e-07	4.046168405143835e-08	0.0	0.0	0.0	0.0	0.0	0.0	0.0
879.1501553589928	0.1369410738604983	0.0187528577100664	772904.9956677413	1037.915809240097	-1.843461452386009	1077269.2270705253	3.398350126433134	823.0629677020777	-0.2311785558562178	677432.6488025513	0.0534435246877664	852.0695839617248	636.3760785854754	0.82733	15.245041	0.0424027488450944	0.0222122820568505	0.1393936369	-0.1119489675	-0.042609251	0.1023938381	-0.0668306782	-0.1006101688	-0.1573997272	-0.0216463749	0.022014086	-0.0974018506	0.0707633753	-0.0004505309	-0.145606438	-0.1363711317	-0.0897488445	0.1663433064	-0.0387217096	-0.0533484404	0.0749097051	-0.0386779132	-0.0407361917	-0.0969080169	0.0123226859	0.0571312016	0.0167726702	-0.0637407926	0.0120814191	0.0057307691	0.1195536895	-0.0548112586	-0.1038049464	-0.0366089268	-0.0271913811	-0.0776036872	-0.1548597965	0.1063889718	-0.1298286037	-0.0492156451	0.0124719102	-0.0683985523	0.022956786	-0.045569622	0.1076322691	0.100752659	-0.020299127	-0.0634255208	0.1389610139	-0.0769120269	-0.0380308151	0.166894793	-0.0469013698	0.0831599212	0.0076472266	-0.0357255551	0.0359796853	-0.0726909876	0.0378273445	0.0062047287	-0.1190932868	0.0330256872	0.0016679623	-0.0311062474	0.2425100483	-0.1182956884	0.0050305755	0.0226273074	0.0072374201	0.0957967547	0.0326540953	0.0169859902	-0.0754096424	-0.0294339082	0.023488508	-0.0407464747	-0.0806826019	0.135412874	-0.0957759463	0.0325862934	0.0168173331	0.0028708716	-0.0683155235	-0.1594429234	0.0026176954	-0.025162637	-0.1338737604	0.0353219714	-0.0558737084	0.0909663168	0.0578666471	-0.0647517841	0.1162306307	-0.0622343572	-0.0191941367	-0.0594799654	0.0246512038	-0.0368351695	-0.0822256955	-0.0667716926	0.0331894256	-0.0342052868	-0.1166367068	-0.0603309629	-0.114554097	0.0233453735	-0.0226053653	-0.1242524367	0.1100753719	-0.0876327994	0.0586099215	0.109168571254429	0.013424926788545	0.0001802286592777	0.0119177769497333	0.0327533994686035	-0.0025877555441696	0.0010727851767499	6.696478756380515e-06	-0.4276496911181908	0.0033188470791998	1.1014745935113225e-05	0.1828842583134839	0.0058549339250587	-0.0002841308169698	8.073032115198244e-08	3.428025126680328e-05	0.0018893793695102	6.923779619769999e-05	3.569754401930761e-06	4.793872422314239e-09	0.0006359742936905	0.000108055775496	4.044633022351303e-07	1.1676050618041957e-08	0.0	0.0	0.0	0.0	0.0	0.0	0.0
880.12956600418	0.9794106451871584	0.959245211905926	774628.0529547062	1038.935602530455	1.019793290358166	1079387.1862053198	1.0399783550595345	824.003733118055	0.9407654159773527	678982.1521924909	0.8850395678990418	852.8392613102454	639.7293934089005	0.893541	16.465096	0.0572937264674429	0.0272712550477982	0.1694602233	-0.0987994438	-0.0130561267	0.0191467572	0.051195544	-0.0850110063	-0.1642613118	0.040761139	0.0036898299	0.0204240237	-0.0394811167	-0.0145862424	0.0249939054	-0.1032783577	-0.0908769321	0.1414714386	0.0099104992	-0.0653218671	0.0166127768	0.0914369096	-0.1126269099	-0.0259699323	-0.0395542943	0.072576288	-0.1076630234	-0.0649550707	-0.0969950349	-0.0026944562	-0.0367231997	0.0427240558	0.0974946772	-0.1093543325	0.0532512475	0.0131473125	0.1305629663	0.0891712258	-0.0385872186	0.0562037172	-0.0862558371	0.1638162695	0.0437345507	-0.1277311861	0.0608056742	0.0700723278	-0.1342553762	0.0227095121	0.112891655	-0.0375308382	-0.0733661332	0.1549073411	-0.082917902	0.0515631269	-0.0520552492	-0.0162114307	-0.0010025416	-0.1627730097	-0.0841980484	-0.0080281888	-0.0527768325	-0.0548204926	0.0821723845	0.0134495944	0.0911473156	0.0333427501	-0.0238071742	0.0460046022	-0.0776165718	-0.0291510887	-0.150468222	-0.052963859	-0.0953674474	0.0663401609	0.1081366453	0.0372214684	-0.0159406722	-0.0717300724	0.0006350731	0.1478504503	-0.0394345707	-0.050200068	0.0939042332	-0.156815133	-0.0414636006	-0.0752996497	-0.0505330832	0.0537963144	-0.0685404939	0.0701731411	-0.0099430881	-0.0448107678	0.0732435483	0.0230005973	0.0871790282	-0.1272728485	0.0692589248	-0.0732710664	-0.1006426252	0.0305164376	0.0225726533	0.0584418788	-0.0090555055	0.0227897835	0.0126214125	0.1249717098	0.014733493	-0.1251271724	0.1134548014	-0.0948006283	0.0703125971	0.1002712206050375	-0.0088973506493914	7.91628485782273e-05	0.010054317681624	0.0255700636724327	-0.0071833357961707	0.0006538281562122	5.160031316054876e-05	-0.4432503334470965	-0.0156006423289057	0.0002433800410744	0.1964708581009622	0.0061382376956805	0.0002833037706217	8.026102644852914e-08	3.767796200867305e-05	0.0019031332336258	1.375386411559985e-05	3.621916104930994e-06	1.8916877811038522e-10	0.0008511646128126	0.0002151903191221	7.244811981044233e-07	4.630687344387125e-08	0.0	0.0	0.0	0.0	0.0	0.0	0.0
880.6628685622778	0.5333025580978301	0.2844116184736894	775567.0880643398	1039.3945893507737	0.4589868203186142	1080341.1123716636	0.2106689012261919	823.6857570564788	-0.3179760615762461	678458.2263777046	0.1011087757355406	853.8454624420316	642.5453604360562	0.970355	17.880533	0.0929147432272079	0.0640510950826946	0.1454993822	-0.0169935716	0.0411906352	-0.0089910026	0.0822468401	0.0057727539	-0.1259801572	0.0110586785	0.0001011812	0.0399335966	-0.0690095547	-0.0824612845	0.0031108694	0.1038935631	0.0798781993	0.0829426289	0.0543022826	-0.0190067896	-0.0287896751	0.1510726675	-0.0584979602	0.087932912	0.0020250341	0.0232067928	-0.0029977261	-0.1230982686	-0.1020900594	0.1184547789	0.0723296456	-0.0447042295	0.229868664	0.1406318879	-0.0345821044	0.114116023	0.033991867	-0.108971878	-0.0574011709	-0.1119849056	0.0593491081	-0.0095935501	0.0900025715	-0.0033248106	-0.0279932582	0.0860528982	0.0020027784	0.0593569815	0.055723167	0.0298427119	0.0254966145	0.0635537842	-0.0839356388	-0.0900825446	-0.0466444188	0.0354567834	-0.176168144	-0.0844870961	-0.0780158438	-0.0218745535	0.011675948	0.0423241584	0.0147931572	0.1294355815	0.0170773817	0.1128029411	-0.0796896888	0.1240793724	-0.0570387173	-0.1812060082	0.0483134678	0.0095742731	0.0212040013	-0.051246794	-0.0490073705	-0.072512792	0.1071315325	0.1244057751	0.0110507161	-0.0441634226	-0.0808944016	-0.101339603	0.0397428799	-0.1423730493	-0.0605399738	-0.0786351949	0.0202331965	0.0440775914	-0.0524465565	0.0294661396	-0.0422520337	0.0311775724	-0.0699777791	0.1126920397	-0.0512283512	-0.1037237641	0.0343103637	-0.0675778725	-0.1962681397	0.0893142295	0.0647673519	0.0063131751	-0.0022923766	0.037514846	-0.0175736823	-0.0896423134	0.1126785687	-0.1259161521	0.1165232592	-0.1013839798	0.0812449131	0.1080276574121086	0.007756436807071	6.016231194208726e-05	0.0116699747659479	0.0288249045938471	0.0032548409214143	0.0008308751248443	1.0593989423713728e-05	-0.4679247287474339	-0.0246743953003373	0.0006088257834373	0.2189535517733596	0.0071967669265424	0.0010585292308619	1.120484132589087e-06	5.179345419497455e-05	0.0019589838754678	5.585064184199999e-05	3.837617824342841e-06	3.1192941941633602e-09	0.0008209630815488	-3.020153126379998e-05	6.739803812661017e-07	9.121324906782875e-10	0.0	0.0	0.0	0.0	0.0	0.0	0.0
879.2301908702583	-1.4326776920195243	2.052565369210391	773045.7285377508	1042.5572296533828	3.162640302609134	1086925.5771025363	10.002293683687594	822.9584412393691	-0.7273158171096838	677260.5960071321	0.5289882978179271	853.1153142769349	646.4265665718799	0.906044	16.69548	0.0891901741810828	0.0470658163382228	0.1490446601	-0.0210313519	0.1006858842	-0.0626383339	0.0694262994	0.0594415077	-0.1280582091	0.0816166791	0.0277477465	0.1844983451	-0.0620399858	-0.0962062585	-0.0489757759	0.1662082993	0.0716943391	0.0912628502	0.0712980613	0.0130668634	-0.0563059771	0.1096109914	-0.0054985741	0.14329521	-0.0376311038	0.039003639	0.1392138381	-0.0503589544	-0.0858540009	-0.0123312075	0.0354407394	0.0429684304	0.0380528134	0.0626282048	-0.0330009942	0.1165740392	0.0792710586	-0.0670393826	0.0051257438	0.0896214525	-0.0547937462	-0.0087681802	0.0328340376	0.2161506831	-0.0828024933	0.1373447208	0.2350050239	0.0917220355	0.0286068529	-0.1001224454	0.0430481598	0.0986678699	-0.0153000871	-0.1432333704	-0.0056087846	0.015026413	-0.0929909249	-0.0199077204	-0.1260527659	0.0396603981	-0.0098752028	0.0508958935	-0.0043877103	0.0268080476	-0.0527696053	0.0015785096	-0.0455018148	0.0188655288	-0.1080605153	-0.1019062533	0.0997603758	-0.0957019881	0.0231300557	-0.1107399806	-0.0072972315	0.0647183869	-0.0655541393	-0.0012365857	-0.005593053	-0.2388121726	-0.1234187479	0.0172757139	0.0696365411	-0.1708778988	-0.0431017572	-0.075954919	0.0743621824	0.0406696888	0.014242739	-0.0152125954	-0.0631634776	0.0324541826	-0.0189927752	0.1060975635	0.040366669	0.0104623572	0.0707023915	-0.0326406074	-0.1863963103	0.0290100695	0.0392992637	0.0893786711	-0.0706879478	-0.0959823748	-0.0598712606	0.018927656	0.0290599485	-0.1266188352	0.1192723348	-0.1073422654	0.0912870929	0.1254541907833157	0.0174265333712071	0.0003036840653377	0.0157387539850965	0.0312457907384953	0.0024208861446482	0.0009762994388738	5.860689725349627e-06	-0.4377986987501714	0.0301260299972624	0.0009075776833959	0.1916677006273433	0.0068384438324514	-0.000358323094091	1.2839543975894796e-07	4.6764314049592594e-05	0.0018920559598201	-6.692791564769985e-05	3.57987575509076e-06	4.479345892945627e-09	0.0011800465651694	0.0003590834836205	1.3925098959680987e-06	1.2894094820910566e-07	0.0	0.0	0.0	0.0	0.0	0.0	0.0
876.868814209445	-2.361376660813334	5.576099734233934	768898.9173330781	1035.619842920548	-6.937386732834739	1072508.4590507806	48.12733468091145	820.682406022716	-2.2760352166530997	673519.6115552341	5.1803363074451205	850.8050342929383	634.1915967696476	1.008759	18.588184	0.0342927934978292	0.0159634739826892	0.1499090539	-0.1083993441	0.0596399028	0.0220836337	0.1001224508	0.1080295264	-0.1127426495	0.1328754832	-0.0352277556	-0.0688230861	-0.0227569565	-0.0493324889	-0.104033335	0.0359262364	0.0980688279	0.1611888299	0.1041645135	0.0741162182	-0.0312342427	-0.0974764442	-0.0014126582	0.063110957	0.0174328407	-0.0519672239	0.0592352006	-0.0727438578	0.0977064968	0.0599980886	0.0669769096	-0.0782606261	0.0848635301	0.1245266057	0.0902141603	-0.0783681475	0.0390042114	-0.1363080257	-0.0737582784	0.1030092565	0.0322129273	0.2035723028	0.0442755434	0.0130982649	-0.0176558431	-0.1133499739	-0.2110509067	0.0459550796	-0.1069919237	8.50749e-05	0.02953141	0.1282317472	0.0295412628	-0.0793282654	-0.0002477341	-0.1437866709	-0.0485713331	0.0801076782	0.0113035151	-0.032424089	0.0860846874	0.1446081713	0.0122074188	-0.0344116769	-0.048122977	0.1689347084	-0.1168046961	-0.0127393743	-0.0556196962	-0.0297868342	0.0164415301	-0.0733395842	0.0664670322	0.0367685943	-0.02684297	0.0908269312	0.1895979545	0.1288453483	-0.1476465777	0.1468620281	0.0363824835	0.0184732247	0.0291255363	-0.171235268	-0.0311127933	-0.0516847506	0.0418739823	0.0744713466	0.007822206	-0.0431332321	0.0449937634	-0.0598092559	-0.0800854325	-0.0127305654	0.1049263368	-0.1474884977	0.0031918884	-0.2029215802	-0.2069651117	0.0268937464	-0.1796637843	-0.1240567533	-0.0125456834	0.0850591022	0.0782624829	-0.0426688814	0.0574570435	-0.1272347401	0.1216944932	-0.1126387502	0.1003291122	0.1294739394091522	0.0040197486258364	1.6158379014914295e-05	0.0167635009861248	0.0217352161368324	-0.0095105746016628	0.0004724196205148	9.045102925379538e-05	-0.4315884274976866	0.0062102712524848	3.856746902943913e-05	0.1862685707499259	0.0068818451823214	4.340134987000036e-05	1.88367717053818e-09	4.735979311344027e-05	0.0018106564865534	-8.139947326670015e-05	3.2784769122979025e-06	6.625874248096232e-09	0.0013462897223896	0.0001662431572202	1.8124960166118665e-06	2.7636787322540183e-08	0.0	0.0	0.0	0.0	0.0	0.0	0.0
879.3556834068511	2.486869197406122	6.18451840500737	773266.4179399301	1037.634758973733	2.014916053184834	1076685.8930304768	4.059886701381948	822.4225594506302	1.7401534279141515	676378.8662933253	3.028133952681372	850.8498426164899	638.3919838446656	1.208333	22.265694	0.1929129516884739	0.1159833131483881	0.1546683866	0.0022033266	0.0617108565	-0.0768306211	0.1666819289	0.0661252543	-0.1296017002	0.1355705702	-0.0108254436	0.0163987552	0.0268464246	-0.1742862633	0.0499514182	-0.0029671102	-0.0136935155	0.1909431886	0.1057057106	0.0751891302	0.0653573179	0.0727765531	-0.0364149993	-0.0223866889	0.0508712678	0.0080965956	-0.126460888	0.1124968301	0.017900406	-0.1249901989	-0.2511300516	-0.1719948214	0.0229276223	0.005802156	0.0938667833	-0.0099179652	-0.1209469176	0.035268033	-0.038213349	-0.1628991528	-0.0330418451	0.0315181295	0.0113457061	0.0362487612	-0.054735915	-0.0493909467	0.1078205287	-0.088928823	-0.089089992	0.1140123478	0.1049131639	0.1748719031	-0.0152653443	-0.0701542195	-0.1105138973	-0.1490457234	0.0069622042	0.0331728927	-0.1034360024	0.0131644593	0.0751923451	-0.2233396034	-0.0408281307	-0.0302663192	-0.0863110362	-0.0446844714	-0.0770039639	0.0445614943	0.2007622193	0.0446604336	-0.0479327909	0.2043634616	-0.0182643543	0.064936798	0.1245970303	0.0496805334	-0.0405315805	0.0058069391	-0.0484186449	-0.0683534179	-0.0959474595	0.0486895794	-0.0189218568	-0.1210302773	-0.0785147548	-0.1708989915	0.1626617598	0.0222989761	0.1706833541	0.0085482743	-0.0811935471	0.08778949	0.0833658833	0.1420101608	0.1821388851	0.2149878555	0.0744453098	0.0578213533	-0.0102917855	0.1171808051	-0.1499339419	0.2587011592	-0.1852429019	0.0074828118	-0.045480095	0.1067342637	0.0114802309	-0.1277634447	0.1237830955	-0.1172407796	0.1082719048	0.1396607236520282	0.010186784242876	0.0001037705732109	0.0195051177310081	0.0652195254953227	0.0434843093584903	0.004253586505835	0.0018908851603848	-0.5218705993188593	-0.0902821718211726	0.0081508705487477	0.2723489224334253	0.0077347561644744	0.0008529109821529	7.274571434771945e-07	5.982645292387473e-05	0.001813217910985	2.5614244316002083e-06	3.287759192716808e-06	6.560895118798449e-12	0.0014700110411237	0.000123721318734	2.1609324610255845e-06	1.5306964709304743e-08	0.0	0.0	0.0	0.0	0.0	0.0	0.0
875.0436206240589	-4.312062782792168	18.593885442741332	765701.337994862	1022.7515446589543	-14.88321431477857	1046020.7221022772	221.51006833962973	823.0081238565566	0.5855644059264478	677342.3719338892	0.3428856734879937	852.0462610153925	632.1287707125687	2.446076	45.073326	1.213321500930769	0.8425782677738204	-0.2646426925	0.1510437812	-0.1390474221	-0.1597677363	-0.1671390112	-0.0857967856	0.3374973485	0.0471487442	-0.1673984274	-0.5176956512	-0.0295481053	0.1421124259	-0.0414237708	0.1483095628	0.2003144887	-0.3792385036	-0.1639160173	-0.0165513293	-0.0819056196	-0.1671042526	0.0525129383	-0.2125056583	0.1901766602	-0.0868993131	0.1328078526	-0.0827521685	0.2526492033	0.1755833653	0.1840815479	-0.058203451	-0.0152659918	-0.041893261	0.2003782947	-0.0100465536	0.0453176816	0.0019295955	0.013660359	-0.0227713773	-0.1092021768	0.0378866742	-0.0520695229	0.1528503796	0.0634107378	0.0833036135	-0.0006586498	0.0238616052	0.0367295985	-0.0083172964	0.1896545142	-0.305893497	0.2029865278	0.1448339594	0.1521802073	0.1576319447	0.0557048915	0.0248560849	0.42545566	0.0590470041	0.2059939702	0.0353997579	-0.1390260444	-0.1426928858	0.1217321958	0.0838246492	-0.3183471901	-0.0320936454	-0.016748801	-0.0857966198	-0.0145943535	0.0175318717	-0.0792653289	-0.0713311268	0.0360976559	-0.0141765426	-0.0703107918	-0.0671226261	-0.0081445966	-0.1474346504	-0.0230459852	-0.0724264574	-0.008861735	0.3005948868	0.0368636866	0.2463478831	-0.0437575512	-0.2314236464	-0.0705091271	0.1055132328	0.5968106634	0.3475086784	-0.0766987697	0.196710072	0.1867749446	0.0371449966	0.1631226288	0.0604071882	-0.0423151674	0.1074734558	0.0931736412	-0.0174239022	-0.1182672996	0.0165938973	0.0667408002	-0.0996751986	-0.1036530735	-0.1282045865	0.1255324169	-0.1211199807	0.1150284477	0.14607020136404	0.0064094777120118	4.108140454077611e-05	0.0213365037265311	0.055215820758832	-0.0100037047364906	0.0030487868620714	0.0001000741084548	-0.9880506346592456	-0.4661800353403863	0.2173238253499638	0.976244056650538	0.0194377352844079	0.0117029791199335	0.0001369597202815	0.0003778255529867	-0.0008487199135522	-0.0026619378245372	7.203254916600539e-07	7.085912981701843e-06	0.0012203623227568	-0.0002496487183668	1.489284198804372e-06	6.232448258223573e-08	0.0	0.0	0.0	0.0	0.0	1.0	0.0
879.9654469394773	4.921826315418343	24.224374279144502	774339.187807394	1034.571421500964	11.819876842009762	1070338.0261865256	139.70948856027866	825.1592730663725	2.1511492098159124	680887.8259274244	4.627442922891625	855.9504859561011	646.4015243379622	1.555664	28.665886	0.2836755376730929	0.18533535076875	-0.3317998353	0.0336680912	-0.1858249541	-0.0796426855	-0.0850692559	-0.1561962209	0.3260987783	-0.2768168563	-0.0981027985	0.0452094841	-0.035536008	0.1407738003	-0.1086544691	-0.0065638549	-0.0579822152	-0.3866268343	-0.1141012845	0.0100885446	0.0271490167	-0.0661237565	-0.0781275895	-0.0144276561	-0.0302862535	-0.0485661655	0.0448880158	-0.0625800354	0.0345107348	0.0207441356	0.0273382457	0.0932022289	-0.114941082	0.0092191947	0.0746573991	-0.0720602517	-0.0780236655	0.1047149246	-0.0095023535	0.0112573032	-0.0543234762	-0.0222519032	0.1087216233	-0.0339950897	-0.0344170201	0.0369913182	-0.0209091876	-0.0332550758	-0.0718468501	-0.0211107732	-0.0216749803	-0.3963617082	0.0465504497	0.1052364338	-0.0186572861	0.1093163155	-0.0532274072	0.0205024688	0.0968157368	0.0212610058	-0.0784040924	0.2102664586	0.0761996804	0.0348842772	0.1077702378	-0.0573186045	0.0384558792	-0.028728793	0.0340066583	0.2057735014	-0.0158838552	0.0618638063	0.1152114849	0.0563862631	-0.0066251696	-0.0061880155	-0.1103498353	-0.0888730919	-0.0051635476	0.1350239455	-0.0299726214	0.0179865477	0.0002775993	0.4041003495	0.0762648392	0.1428751346	-0.0819396818	0.0171475977	-0.0730109959	-0.064699891	0.1378631994	-0.0883554123	0.0305583269	-0.0976224128	-0.0602405048	-0.2137123076	-0.2610068441	-0.1293614655	-0.0137859578	-0.1145949282	-0.0093269908	0.0488898936	0.2039234131	0.1359085503	-0.1682034904	0.1930441984	0.2235953141	-0.1285578634	0.1269376627	-0.1242524367	0.1205247148	0.1505387506496447	0.0044685492856046	1.996793271787823e-05	0.0226619154471559	0.0839170824816761	0.0287012617228441	0.0070420767322364	0.0008237624244831	-1.1542571442653298	-0.1662065096060841	0.0276246038354373	1.3323095550875543	0.020319684920264	0.0008819496358561	7.77835160186708e-07	0.0004128895952588	-0.0007683294435913	8.039046996090001e-05	5.903301338893166e-07	6.462627660534367e-09	0.001944006558111	0.0007236442353542	3.779161497978577e-06	5.236609793613648e-07	0.0	0.0	0.0	0.0	0.0	0.0	1.0
877.3403017425399	-2.62514519693741	6.891387305003554	769726.0050616909	1038.0579370351938	3.4865155342297385	1077564.2806417623	12.155790570425278	824.170571488533	-0.9887015778394924	679257.1309077351	0.977530810022302	853.4978995988718	639.8488616176654	1.236958	22.793161	0.3021983877686856	0.1506395362001867	-0.3225980092	0.0813881362	-0.0780540906	-0.0252855492	0.0539980888	0.1004541663	0.2768606739	-0.102610917	-0.0091329357	0.2523665392	-0.0602766582	0.0681461686	0.0965328093	-0.181859971	-0.0017432094	-0.3022034635	0.0133794314	0.0044655125	0.0903268461	0.0144445331	0.07547488	0.0785657918	-0.0544386077	0.0918493473	-0.1244514482	0.0152415935	-0.0872668417	-0.1348479777	-0.1110989086	0.0933745993	0.0078603019	0.0192471974	-0.1188279977	0.0574724672	-0.0573323449	0.0211078478	1.3379e-05	0.0105085365	0.0502174652	-0.0621322476	-0.0324139342	-0.097042172	-0.0029959323	0.0588137513	0.0580496859	-0.001393277	-0.1270411988	-0.0270065516	-0.0474285144	-0.3021946783	-0.0285297431	0.0651800708	-0.0864048986	-0.0294800609	0.147784189	-0.0249408196	-0.2383900449	0.0581338084	-0.0406178155	-0.065577843	0.1066568945	0.0483393337	-0.0652315993	-0.1048877048	0.1357587482	0.0145100613	-0.0538320198	-0.014089397	0.0267328432	0.0617237691	-0.0199524189	-0.0119743038	0.1341396488	0.0012616975	0.007056989	-0.0122408237	0.0660149547	-0.0887345328	-0.1425926114	0.0336707133	0.0496398947	0.353530967	0.0254912916	0.0510799437	0.01009673	0.0774342946	-0.0079086486	-0.051210586	-0.2132255217	-0.0345789617	0.0205813554	0.0150712314	0.0565976808	0.0807461184	-0.0742171621	0.012259935	-0.0258374156	-0.0561836758	-0.0240464194	0.097978922	-0.0393003842	-0.1148854105	-0.0424406842	0.0281770585	-0.0029461566	-0.1288230331	0.1279949812	-0.1266188352	0.124700488	0.170173846219825	0.0196350955701803	0.0003855369780501	0.0289591379372486	0.0463733377913797	-0.0375437446902964	0.0021504864579134	0.0014095327653701	-1.080429087900086	0.0738280563652438	0.0054505819066696	1.1673270139806118	0.0187421478783646	-0.0015775370418994	2.4886231185647126e-06	0.0003512681070944	-0.0002870189399666	0.0004813105036247	8.237987189955073e-08	2.3165980089946237e-07	0.0033089888354462	0.0013649822773352	1.09494071131076e-05	1.8631766174391891e-06	0.0	0.0	0.0	0.0	0.0	0.0	0.0
875.9526616611082	-1.3876400814316412	1.925544995595612	767293.0654711799	1033.6059229924128	-4.452014042781002	1068341.2040449977	19.82042903711924	822.6118665196954	-1.5587049688376735	676690.282939017	2.4295611798792534	852.7382180600722	630.2648931178455	1.029648	18.973099	0.0914611361887655	0.050503646818912	-0.3077338788	0.0753178591	-0.1294035519	-0.0060591407	-0.0216949707	0.1103359196	0.2852586356	-0.1787583182	-0.0458177123	0.1258080278	-0.0053604128	0.022515207	0.0658033987	-0.1160239611	-0.1562569057	-0.3322112832	0.0906482783	0.0385580913	0.1174370674	-0.0508853549	0.031676689	0.0541748136	0.0204118473	-0.0102167814	0.0484499123	0.1021938347	-0.1252902626	-0.0548197875	-0.0251447863	-0.0332922189	-0.0331235807	0.0544914704	-0.0558725935	-0.0823601497	-0.061578678	-0.129185793	0.0863925712	-0.0295595544	0.0225576467	0.0170383469	0.0066222603	-0.0429744907	0.0702250075	-0.1290567849	-0.0249431262	-0.0032511228	0.0387241654	-0.0074434347	-0.0427251788	-0.3414541352	-0.0307239335	-0.0009505684	-0.0952824172	-0.0897176978	0.1333621693	0.0152880934	-0.0511974657	0.0317995996	-0.0646724129	-0.0120686005	-0.1045858117	0.0351230438	-0.1103472996	0.0367184456	0.1293167272	0.0203171557	-0.0263793896	-0.0407010397	-0.0084028258	0.0282220995	0.1083543027	-0.0609562552	-0.0993420765	-0.0722702101	0.0554414395	-0.0414131908	-0.0923592841	0.1294860972	0.1089177182	-0.0281910799	-0.0247256375	0.3440088635	-0.0083192141	-0.0081661047	0.0700001533	0.1137072944	-0.0207574205	-0.0654002601	-0.2572741504	-0.0605600235	0.1052114035	-0.0714341751	-0.0717355112	0.1066000357	0.0595075435	-0.1644868677	0.0816400088	0.0395889011	0.0425926308	-0.0799087673	0.0859168037	-0.0086491481	0.1341512776	-0.0257827996	-0.0921478407	-0.1289999139	0.1287014744	-0.1282045865	0.1275100165	0.174197150640154	0.0040233044203289	1.6186978458638863e-05	0.0303446472911485	0.0499424570378295	0.0035691192464498	0.0024942490149754	1.2738612195378391e-05	-1.06757444340721	0.0128546444928758	0.0001652418850382	1.1397151922162143	0.0179959749734232	-0.0007461729049413	5.567740040686867e-07	0.000323855115244	2.7014936244018628e-05	0.0003140338762106	7.298067802683913e-10	9.861727540786614e-08	0.0036690634148764	0.0003600745794301	1.3462026342384468e-05	1.2965370275183521e-07	0.0	0.0	0.0	0.0	0.0	0.0	0.0
877.9759248349255	2.023263173817327	4.093593870525362	770841.7245897428	1034.9446463951697	1.338723402756841	1071110.4211020228	1.7921803490888557	822.5026001046799	-0.1092664150154405	676510.527178959	0.0119391494503264	851.9760960921866	637.7151547648507	0.99623	18.357313	0.1278395833435228	0.0655771949258681	-0.2641289735	0.0540716869	-0.0632544667	-0.0267962196	-0.0252644087	0.1190829382	0.2320488525	-0.0649985555	-0.0252968326	0.1702847994	0.030491729	-0.0309356165	0.109241747	-0.1390705827	-0.0529974782	-0.2207640594	0.1175606624	-0.0018360797	0.0594351262	-0.0383977618	0.0934626758	0.0919708228	0.0947500751	0.0704505573	-0.1003951011	0.0527840876	-0.1051874934	-0.1097214481	-0.1759322284	0.1015395345	0.0850282755	-0.0862275956	-0.2066784684	0.0394323489	0.0763891379	-0.0086739799	0.0087813233	0.0828444436	0.0908571529	-0.0061430641	-0.0418613719	0.0107729911	-0.0233535246	-0.0057354495	-0.1005194833	-0.1381523413	0.140676726	-0.0105196254	-0.0892787189	-0.2309033578	-0.0173439674	-0.0045307258	-0.0719390267	-0.1228674988	0.1554995392	-0.0326764577	-0.1708891468	0.073187495	0.0367839678	-0.0593898824	0.0033330674	0.0740966929	-0.1393877455	-0.0042477064	0.1861027201	-0.093275837	-0.0089771404	0.0227304045	-0.0960887394	-0.0744374072	-0.1034743897	-0.0486477698	-0.0256811807	0.0115271088	0.0689736204	0.1087768857	0.0490002768	-0.0690497009	0.1102002066	-0.0562722299	-0.0710293663	0.2906031275	-0.0292698759	-0.010127303	0.0318300135	0.1258876943	0.05115199	-0.1047098401	-0.2762125932	-0.110511833	-0.0156360281	-0.0164894179	-0.0592128999	0.0482167042	0.0461498797	0.2345105377	0.0529911546	0.0815642919	-0.1174800637	-0.1193558388	-0.1762565377	-0.1061130555	0.0397226254	-0.1803110522	-0.0483949003	-0.1290883846	0.1290552057	-0.1289999139	0.1289225186	0.1990382328819038	0.0248410822417498	0.0006170793669413	0.0396162181487509	0.0405701047573643	-0.0093723522804652	0.0016459334000235	8.784098726914124e-05	-1.0268763631113842	0.0406980802958258	0.0016563337397654	1.0544750651168633	0.017576088561634	-0.0004198864117892	1.7630459880521068e-07	0.0003089188891264	-5.688871343711988e-05	-8.39036496811385e-05	3.236325716530744e-09	7.039822429815213e-09	0.0042238347239157	0.0005547713090393	1.7840779774956016e-05	3.0777120533317865e-07	0.0	0.0	0.0	0.0	0.0	0.0	0.0
