#!ascii label  , from subject sub-v2s16x51294_ses-1 vox2ras=TkReg
2924
137400  -10.350  -19.167  66.950 0.6250000000
155239  -10.426  -18.419  67.584 0.6250000000
56275  -10.775  -18.383  66.695 0.6250000000
56274  -10.667  -18.943  66.031 0.6250000000
56282  -11.130  -18.353  65.911 0.6250000000
57384  -11.314  -17.727  66.511 0.5000000000
55266  -10.748  -19.472  65.391 0.6250000000
56281  -10.984  -18.800  65.309 0.6250000000
138511  -11.319  -18.298  65.272 0.6250000000
57397  -11.669  -17.721  65.660 0.5000000000
54257  -10.884  -20.021  64.772 0.5000000000
159603  -12.178  -17.500  65.113 0.5000000000
57385  -12.106  -17.083  66.404 0.5000000000
57409  -11.671  -17.963  64.841 0.5000000000
136817  -12.994  -17.170  65.006 0.5000000000
57410  -12.345  -17.593  64.446 0.5000000000
57411  -13.399  -17.354  64.258 0.6250000000
57425  -13.305  -17.519  63.373 0.6250000000
57400  -14.049  -17.158  65.059 0.5000000000
135782  -15.110  -17.601  65.329 0.1250000000
57412  -14.471  -17.488  64.490 0.3750000000
57426  -14.076  -17.484  63.123 0.6250000000
56283  -15.830  -18.314  65.142 0.1250000000
145357  -14.703  -17.681  62.904 0.5000000000
57413  -15.228  -17.918  64.635 0.2500000000
57445  -14.923  -17.707  62.197 0.6250000000
57480  -14.422  -17.646  60.727 0.6250000000
57401  -15.898  -17.952  65.862 0.1250000000
69949  -32.004  -6.275  64.078 0.3750000000
56291  -15.685  -18.405  64.234 0.1250000000
153034  -30.929  -6.986  62.826 0.3750000000
68902  -31.448  -6.656  63.447 0.3750000000
56305  -15.476  -18.196  63.102 0.3750000000
57427  -14.849  -17.736  63.772 0.2500000000
155333  -31.659  -6.723  62.707 0.3750000000
69955  -33.034  -6.127  62.954 0.3750000000
56334  -15.731  -18.229  62.018 0.6250000000
140376  -31.082  -7.204  61.397 0.7500000000
138498  -30.520  -7.273  62.117 0.5000000000
68911  -31.418  -6.972  62.130 0.5000000000
157465  -32.799  -6.668  61.684 0.5000000000
69951  -34.079  -5.451  62.927 0.5000000000
72031  -35.582  -4.312  62.796 0.3750000000
159952  -15.107  -17.662  60.620 0.7500000000
68914  -33.443  -6.412  61.731 0.6250000000
69963  -34.071  -6.178  61.579 0.5000000000
69958  -35.044  -5.522  61.707 0.5000000000
70995  -36.102  -4.752  61.911 0.3750000000
71008  -37.521  -5.063  60.829 0.3750000000
72042  -37.717  -4.150  61.017 0.3750000000
56366  -16.107  -18.125  59.372 0.7500000000
139630  -29.739  -7.602  60.416 0.8750000000
68945  -30.709  -7.394  60.426 0.8750000000
68947  -32.304  -7.241  60.305 0.8750000000
155495  -32.722  -6.988  61.007 0.7500000000
68929  -34.370  -6.383  60.978 0.7500000000
156657  -34.983  -6.141  60.826 0.5000000000
156087  -35.992  -6.095  60.440 0.5000000000
72052  -38.398  -4.764  60.347 0.3750000000
73157  -38.614  -2.825  60.716 0.3750000000
137681  -31.608  -7.346  59.937 0.8750000000
136797  -32.995  -7.198  60.206 0.7500000000
68969  -33.721  -7.124  59.965 0.7500000000
69973  -35.502  -6.191  60.469 0.5000000000
69974  -36.529  -6.195  60.186 0.6250000000
71016  -37.353  -5.743  60.605 0.6250000000
163999  -37.797  -5.990  60.373 0.5000000000
68987  -32.964  -7.512  58.728 1.0000000000
137951  -34.359  -7.119  59.695 0.7500000000
140886  -35.614  -6.966  59.403 0.8750000000
68971  -36.227  -6.664  59.522 0.7500000000
69975  -37.303  -6.176  60.157 0.6250000000
69986  -37.788  -6.632  59.494 0.5000000000
157488  -38.602  -5.497  60.048 0.5000000000
69009  -34.425  -7.658  58.073 1.0000000000
68989  -34.866  -7.357  59.010 0.8750000000
67798  -36.060  -7.577  57.970 0.7500000000
68991  -36.897  -6.888  58.882 0.7500000000
68972  -37.481  -6.855  59.010 0.6250000000
69987  -38.620  -6.442  59.175 0.5000000000
69008  -33.579  -7.636  57.995 1.0000000000
67811  -34.179  -7.865  57.228 1.0000000000
67813  -35.801  -8.071  57.209 0.7500000000
67815  -37.261  -7.617  57.087 0.6250000000
69997  -38.168  -6.906  58.712 0.6250000000
69007  -32.712  -7.539  57.836 1.0000000000
69026  -33.336  -7.718  57.096 1.0000000000
67812  -34.984  -7.987  57.246 1.0000000000
67832  -36.306  -8.382  56.305 0.8750000000
144170  -37.402  -7.883  56.317 0.7500000000
66510  -35.324  -8.609  55.915 1.0000000000
160963  -36.400  -9.119  55.035 0.8750000000
158794  -36.620  -9.267  54.744 0.8750000000
67829  -33.974  -8.101  56.415 1.0000000000
66527  -35.405  -9.064  55.290 1.0000000000
66528  -36.099  -9.506  54.794 0.8750000000
66542  -36.488  -9.900  54.228 0.8750000000
152185  -33.034  -8.285  55.228 1.0000000000
67866  -33.666  -8.677  54.873 1.0000000000
160491  -34.690  -9.635  54.332 1.0000000000
159641  -35.823  -10.744  53.804 1.0000000000
65392  -37.049  -10.798  53.227 1.0000000000
67883  -33.085  -8.627  54.429 1.0000000000
66559  -33.666  -9.549  53.383 1.0000000000
66561  -35.274  -10.251  54.020 1.0000000000
65402  -35.917  -11.317  52.542 1.0000000000
65403  -36.919  -11.190  52.587 1.0000000000
53334  -23.813  -21.617  50.914 0.1250000000
53336  -25.060  -21.302  50.571 0.1250000000
65401  -34.921  -10.912  52.384 1.0000000000
65412  -35.706  -11.379  51.708 1.0000000000
66591  -32.440  -9.463  51.399 1.0000000000
66592  -33.262  -9.855  51.752 1.0000000000
65422  -34.546  -10.841  50.799 1.0000000000
65423  -35.444  -11.322  50.982 1.0000000000
54432  -26.823  -20.061  49.584 0.1250000000
55468  -27.578  -19.778  50.019 0.1250000000
154720  -28.711  -18.662  50.195 0.1250000000
57591  -29.064  -17.915  49.835 0.1250000000
65420  -32.919  -10.119  50.038 1.0000000000
65437  -33.594  -10.645  49.458 1.0000000000
66621  -30.527  -9.190  48.673 0.8750000000
66601  -31.692  -9.344  50.179 1.0000000000
65449  -33.135  -10.642  48.645 1.0000000000
64202  -33.813  -11.068  48.615 1.0000000000
60938  -27.065  -14.188  48.848 0.3750000000
66645  -30.467  -9.717  47.636 0.8750000000
66635  -31.891  -9.857  48.754 0.8750000000
64201  -33.190  -10.975  47.912 0.8750000000
63092  -34.015  -12.457  46.799 0.8750000000
64199  -27.022  -11.624  48.150 0.6250000000
64212  -27.459  -11.048  47.698 0.6250000000
151329  -16.236  -18.872  62.780 0.5000000000
67743  -28.391  -8.247  62.911 0.5000000000
67744  -29.075  -7.840  62.484 0.5000000000
68910  -29.965  -7.394  62.957 0.5000000000
56352  -15.735  -17.962  61.027 0.6250000000
67761  -28.296  -8.297  61.905 0.5000000000
159379  -29.711  -7.544  62.087 0.5000000000
56353  -16.360  -18.363  60.557 0.7500000000
67762  -29.069  -7.829  61.606 0.6250000000
68944  -29.972  -7.484  61.263 0.6250000000
73155  -37.175  -3.664  61.726 0.3750000000
67774  -29.056  -7.828  60.780 0.6250000000
73165  -38.486  -3.670  60.482 0.3750000000
56402  -16.440  -18.476  57.431 0.8750000000
67773  -28.215  -8.270  60.342 0.6250000000
162277  -27.769  -8.508  59.836 0.7500000000
67785  -29.059  -7.832  59.930 0.8750000000
71018  -39.123  -4.994  59.678 0.3750000000
67784  -28.262  -8.194  59.369 0.8750000000
68965  -29.949  -7.553  59.688 0.8750000000
68966  -30.852  -7.440  59.443 0.8750000000
136796  -32.387  -7.387  59.487 1.0000000000
72063  -39.570  -4.369  59.093 0.2500000000
71032  -38.984  -5.789  59.488 0.3750000000
56422  -17.389  -18.548  56.296 0.7500000000
67795  -28.531  -7.950  58.558 0.8750000000
68985  -31.065  -7.427  58.477 1.0000000000
68986  -32.096  -7.462  58.566 1.0000000000
71033  -39.553  -5.188  58.961 0.3750000000
71046  -39.382  -5.983  58.697 0.3750000000
146615  -18.018  -18.579  55.092 0.7500000000
69004  -29.905  -7.485  57.289 0.8750000000
68984  -30.133  -7.455  58.121 1.0000000000
69006  -31.793  -7.445  57.667 1.0000000000
67816  -37.926  -7.477  56.898 0.5000000000
69998  -38.957  -6.597  58.279 0.5000000000
55429  -18.844  -19.443  53.655 0.5000000000
69005  -30.842  -7.423  57.470 1.0000000000
67828  -33.023  -7.894  56.138 1.0000000000
69027  -38.190  -7.417  56.105 0.5000000000
69010  -38.690  -7.029  56.870 0.5000000000
54397  -20.541  -20.262  52.150 0.6250000000
69044  -32.147  -7.682  56.229 1.0000000000
66530  -37.299  -8.700  54.736 0.7500000000
67853  -37.698  -7.974  55.235 0.6250000000
55452  -21.099  -19.932  51.687 0.6250000000
67850  -32.314  -7.883  55.540 1.0000000000
66563  -38.025  -9.250  53.519 1.0000000000
66544  -37.561  -9.011  54.145 0.8750000000
53323  -21.636  -21.119  51.560 0.5000000000
67864  -31.678  -7.913  54.387 1.0000000000
67865  -32.391  -8.157  54.748 1.0000000000
66579  -38.291  -10.302  52.244 1.0000000000
153491  -37.462  -9.566  53.751 1.0000000000
53333  -23.092  -21.113  50.676 0.3750000000
152131  -23.795  -20.977  50.302 0.5000000000
67881  -31.443  -8.102  53.509 1.0000000000
67882  -32.399  -8.507  53.811 1.0000000000
154837  -33.178  -8.993  53.773 1.0000000000
65425  -37.706  -11.092  51.067 1.0000000000
65404  -37.617  -10.818  52.639 1.0000000000
66562  -37.759  -10.140  53.107 1.0000000000
53335  -24.355  -21.312  50.532 0.2500000000
67899  -29.099  -7.949  52.227 1.0000000000
144648  -29.694  -7.830  52.687 1.0000000000
159124  -30.374  -8.066  52.456 1.0000000000
144803  -31.141  -8.311  52.620 1.0000000000
67901  -32.051  -8.694  52.858 1.0000000000
66558  -32.894  -9.125  53.102 1.0000000000
65424  -36.678  -11.460  50.820 1.0000000000
54420  -25.400  -20.700  49.909 0.1250000000
54421  -26.325  -20.605  50.083 0.1250000000
67911  -29.215  -8.214  51.441 1.0000000000
135893  -30.749  -8.410  51.792 1.0000000000
66575  -31.706  -8.856  51.907 1.0000000000
66576  -32.630  -9.303  52.268 1.0000000000
64173  -35.945  -11.491  50.269 1.0000000000
55480  -27.254  -19.395  49.141 0.1250000000
56543  -27.661  -18.652  48.839 0.2500000000
57609  -27.734  -17.136  48.386 0.1250000000
58710  -27.717  -16.143  48.418 0.1250000000
59816  -27.338  -15.215  48.625 0.1250000000
137125  -30.048  -8.343  51.165 1.0000000000
66590  -31.622  -9.068  50.964 1.0000000000
64204  -36.333  -11.465  48.597 0.8750000000
64188  -35.341  -11.354  49.746 1.0000000000
67934  -30.460  -8.803  49.495 1.0000000000
67923  -31.054  -8.872  50.223 1.0000000000
63084  -36.360  -11.472  47.770 0.8750000000
159889  -35.696  -11.785  47.901 0.7500000000
63080  -26.503  -12.308  48.539 0.6250000000
65445  -26.378  -10.756  48.383 0.7500000000
65457  -27.995  -10.513  47.417 0.6250000000
158257  -28.892  -9.181  47.920 0.7500000000
67945  -29.205  -8.784  48.728 0.7500000000
63109  -35.654  -13.343  46.528 0.7500000000
65446  -27.131  -10.324  47.938 0.7500000000
160899  -16.306  -18.769  62.162 0.5000000000
67742  -27.696  -8.656  62.449 0.5000000000
67772  -27.808  -8.564  61.089 0.6250000000
65304  -26.084  -10.402  60.361 0.6250000000
65291  -26.269  -10.265  61.276 0.6250000000
56367  -16.995  -18.581  59.008 0.8750000000
66447  -27.128  -9.045  61.234 0.6250000000
65317  -25.935  -10.302  59.406 0.7500000000
56384  -17.052  -18.468  58.017 0.8750000000
66460  -27.230  -8.910  60.240 0.7500000000
66473  -26.455  -9.680  59.878 0.7500000000
56403  -17.210  -18.444  57.130 0.8750000000
157554  -26.225  -9.725  59.124 0.7500000000
67783  -27.417  -8.664  59.357 0.8750000000
159961  -26.938  -8.833  58.790 0.7500000000
56423  -18.242  -18.503  55.833 0.7500000000
67794  -27.661  -8.389  58.498 0.8750000000
71047  -39.716  -5.261  58.107 0.3750000000
69999  -39.583  -6.003  57.645 0.3750000000
56461  -18.242  -18.800  54.652 0.7500000000
67809  -28.311  -7.963  57.794 0.8750000000
67826  -28.116  -8.021  56.948 0.8750000000
71058  -39.647  -5.796  56.917 0.3750000000
138708  -19.904  -18.679  53.620 0.7500000000
55431  -20.175  -19.148  52.847 0.7500000000
67827  -28.982  -7.689  57.137 1.0000000000
69022  -29.663  -7.554  56.444 1.0000000000
70030  -38.664  -6.607  55.330 0.3750000000
163605  -39.028  -6.214  55.822 0.3750000000
69011  -39.132  -6.526  56.765 0.3750000000
55430  -19.518  -19.277  53.253 0.7500000000
69043  -31.420  -7.660  55.852 1.0000000000
69045  -38.291  -7.263  55.371 0.3750000000
55443  -21.277  -19.285  51.921 0.6250000000
69054  -30.125  -7.520  54.923 1.0000000000
66580  -38.504  -9.440  52.737 1.0000000000
67867  -38.032  -8.554  54.001 0.8750000000
54408  -21.772  -20.369  51.259 0.6250000000
55465  -22.879  -19.904  50.493 0.6250000000
139744  -29.839  -7.538  54.109 1.0000000000
67848  -31.058  -7.617  55.031 1.0000000000
54417  -22.560  -20.453  50.740 0.5000000000
55466  -23.461  -19.774  50.185 0.6250000000
67879  -29.416  -7.655  53.432 1.0000000000
67880  -30.412  -7.778  53.271 1.0000000000
66605  -38.872  -9.335  50.613 1.0000000000
159731  -38.488  -10.339  51.255 1.0000000000
55467  -24.026  -19.607  49.885 0.5000000000
67898  -28.360  -8.003  52.654 1.0000000000
66604  -38.436  -10.280  50.272 1.0000000000
55477  -24.561  -19.809  49.574 0.5000000000
56540  -25.134  -19.341  49.296 0.3750000000
67909  -27.759  -8.525  51.374 1.0000000000
64174  -36.737  -11.360  49.926 1.0000000000
55491  -26.258  -19.065  48.780 0.2500000000
55492  -26.898  -18.905  48.684 0.3750000000
157570  -27.156  -16.680  48.399 0.2500000000
67910  -28.510  -8.401  50.984 1.0000000000
67920  -28.485  -8.535  50.207 1.0000000000
67921  -29.281  -8.428  50.451 0.8750000000
64190  -36.853  -11.194  49.105 0.8750000000
156569  -25.993  -14.070  48.776 0.6250000000
60937  -26.585  -14.514  48.727 0.3750000000
67933  -28.802  -8.601  49.506 0.8750000000
61994  -25.999  -13.156  48.706 0.7500000000
64198  -26.365  -11.520  48.403 0.6250000000
66631  -26.896  -9.740  48.486 0.7500000000
66620  -28.251  -8.958  48.636 0.7500000000
63094  -36.253  -12.347  46.829 0.7500000000
55331  -17.117  -19.241  61.196 0.6250000000
56354  -17.067  -18.782  60.087 0.6250000000
57516  -26.451  -17.657  56.943 0.8750000000
55362  -17.774  -19.052  58.724 0.8750000000
57526  -26.152  -17.430  56.119 1.0000000000
58645  -26.136  -16.247  56.226 1.0000000000
60840  -25.595  -13.743  58.126 0.8750000000
62942  -25.420  -12.296  58.370 0.8750000000
64092  -25.668  -10.940  58.878 0.7500000000
147626  -24.932  -18.597  55.787 1.0000000000
59746  -26.013  -15.335  56.576 0.8750000000
139758  -25.490  -13.927  57.270 0.8750000000
72053  -39.098  -4.045  59.775 0.2500000000
56450  -24.200  -18.766  55.542 1.0000000000
149517  -25.700  -14.774  56.257 0.8750000000
61867  -25.424  -12.951  57.601 0.8750000000
64091  -25.489  -11.477  58.307 0.8750000000
65327  -25.858  -10.213  58.369 0.8750000000
56445  -19.658  -18.469  55.049 1.0000000000
56467  -24.208  -18.610  54.627 1.0000000000
57538  -25.854  -17.710  55.199 1.0000000000
58655  -25.927  -16.581  55.225 1.0000000000
64103  -25.375  -11.928  57.601 0.8750000000
155892  -25.418  -11.564  57.013 0.8750000000
66496  -26.252  -9.476  57.719 0.8750000000
73183  -39.797  -3.913  58.626 0.2500000000
154574  -18.744  -18.535  54.952 0.7500000000
56468  -25.034  -18.420  54.466 1.0000000000
57548  -25.593  -17.950  54.444 1.0000000000
59752  -25.781  -15.351  55.632 1.0000000000
60855  -25.468  -14.439  55.678 0.8750000000
150808  -25.272  -12.156  56.017 0.8750000000
65350  -25.553  -10.938  56.786 0.8750000000
66485  -26.821  -8.801  58.061 0.8750000000
160296  -39.608  -4.928  57.190 0.2500000000
56477  -19.216  -18.877  53.762 0.6250000000
61899  -25.283  -13.685  55.830 0.8750000000
64115  -25.385  -11.572  56.381 0.8750000000
65351  -25.805  -10.195  56.439 0.8750000000
66497  -26.757  -8.875  57.184 0.8750000000
67825  -27.390  -8.440  56.668 0.8750000000
71069  -39.475  -5.430  56.642 0.3750000000
149438  -20.609  -18.697  53.223 0.8750000000
65362  -25.563  -10.864  56.027 0.8750000000
66524  -26.228  -9.512  56.045 0.8750000000
69056  -38.373  -7.162  54.621 0.3750000000
72136  -38.967  -5.738  55.490 0.3750000000
135756  -21.694  -18.735  52.399 0.7500000000
56492  -22.678  -18.551  52.324 0.7500000000
66525  -26.701  -8.979  55.678 1.0000000000
67845  -27.375  -8.425  55.765 1.0000000000
69041  -29.395  -7.583  55.632 1.0000000000
69068  -38.475  -7.169  53.922 0.5000000000
156155  -38.565  -6.530  54.645 0.3750000000
149793  -21.998  -19.022  51.646 0.6250000000
56493  -23.434  -18.518  51.949 0.7500000000
66539  -26.982  -8.707  54.893 1.0000000000
67846  -28.338  -7.817  55.482 1.0000000000
67902  -38.811  -8.556  52.463 1.0000000000
69067  -38.549  -7.885  53.208 0.8750000000
55453  -22.334  -19.602  51.003 0.6250000000
55454  -23.111  -19.294  50.710 0.6250000000
67860  -27.630  -8.180  54.190 1.0000000000
156390  -29.058  -7.639  54.086 1.0000000000
66593  -38.876  -9.289  51.629 1.0000000000
69080  -38.687  -7.644  52.359 0.8750000000
56513  -24.325  -18.332  50.813 0.7500000000
67877  -27.611  -8.257  53.233 1.0000000000
67861  -28.367  -7.796  54.527 1.0000000000
156956  -38.915  -8.564  50.886 1.0000000000
56528  -23.829  -19.101  50.360 0.5000000000
56530  -24.876  -18.156  50.063 0.6250000000
151017  -26.455  -9.175  52.117 1.0000000000
67878  -28.474  -7.820  53.575 1.0000000000
139862  -38.656  -9.020  49.794 1.0000000000
137165  -25.124  -18.683  49.386 0.5000000000
137012  -25.503  -17.980  49.217 0.7500000000
66588  -26.388  -9.243  51.340 1.0000000000
66589  -27.014  -8.795  51.793 1.0000000000
65451  -37.782  -10.230  49.091 1.0000000000
65440  -37.943  -10.666  49.775 1.0000000000
56541  -25.689  -18.873  48.923 0.5000000000
57597  -25.647  -17.081  49.436 0.5000000000
58696  -25.710  -16.423  49.363 0.5000000000
66617  -25.690  -10.162  49.733 0.7500000000
66600  -27.062  -8.907  50.776 1.0000000000
67919  -27.862  -8.635  50.488 0.8750000000
65461  -36.860  -10.414  48.042 0.8750000000
65439  -37.392  -10.958  49.484 1.0000000000
58709  -26.911  -15.963  48.538 0.5000000000
61983  -25.396  -13.716  49.162 0.6250000000
146477  -25.251  -12.818  49.217 0.7500000000
65435  -25.317  -10.896  49.474 0.7500000000
138298  -26.755  -9.270  49.922 0.7500000000
67932  -27.994  -8.736  49.624 0.8750000000
63079  -25.795  -12.165  48.748 0.6250000000
136166  -26.111  -18.273  56.701 1.0000000000
56385  -17.896  -18.761  57.789 0.8750000000
55377  -18.777  -19.082  57.660 0.8750000000
56405  -19.000  -18.739  56.732 1.0000000000
56404  -18.049  -18.536  56.853 0.8750000000
56425  -20.287  -18.648  55.792 1.0000000000
56449  -23.403  -18.745  55.247 1.0000000000
56447  -21.807  -18.833  55.708 1.0000000000
56446  -20.864  -18.559  55.163 1.0000000000
56448  -22.416  -18.624  54.899 1.0000000000
56466  -23.244  -18.570  54.308 1.0000000000
56463  -20.863  -18.457  54.080 1.0000000000
56464  -21.733  -18.484  54.205 1.0000000000
143797  -25.878  -17.235  54.563 1.0000000000
59760  -25.645  -15.577  54.622 1.0000000000
56478  -21.450  -18.536  53.307 1.0000000000
56479  -22.205  -18.457  53.017 0.8750000000
140271  -23.949  -18.539  53.725 1.0000000000
56482  -25.232  -18.148  53.666 1.0000000000
58662  -25.831  -16.478  54.214 1.0000000000
60862  -25.363  -14.713  54.885 1.0000000000
60854  -25.161  -13.970  55.049 1.0000000000
64126  -25.304  -11.577  55.510 1.0000000000
56480  -23.035  -18.446  53.352 1.0000000000
56481  -24.536  -18.372  53.215 1.0000000000
59765  -25.447  -15.693  53.741 1.0000000000
59759  -25.160  -14.898  54.087 1.0000000000
63006  -24.955  -12.711  54.570 1.0000000000
65374  -25.510  -10.683  55.163 1.0000000000
65363  -25.818  -10.061  55.679 1.0000000000
72156  -37.111  -5.044  53.882 0.5000000000
164037  -37.910  -5.449  54.035 0.5000000000
71087  -38.712  -6.015  54.756 0.3750000000
139302  -23.698  -18.439  52.804 1.0000000000
151626  -25.510  -17.695  53.074 1.0000000000
59770  -25.223  -15.915  52.807 1.0000000000
60870  -24.842  -14.323  53.602 1.0000000000
63020  -24.658  -12.928  53.745 1.0000000000
64138  -25.214  -11.302  54.590 1.0000000000
65375  -25.827  -9.869  54.822 1.0000000000
71100  -37.685  -5.708  53.341 0.6250000000
70050  -38.512  -6.562  53.972 0.7500000000
56494  -24.273  -18.318  52.126 1.0000000000
57570  -25.301  -17.544  52.375 1.0000000000
59764  -25.021  -15.017  53.300 1.0000000000
61927  -24.557  -13.722  53.052 1.0000000000
64146  -24.832  -11.982  53.981 1.0000000000
150988  -25.099  -11.144  53.833 1.0000000000
151080  -26.403  -9.275  54.421 1.0000000000
69092  -38.406  -7.225  51.567 0.8750000000
58675  -25.221  -16.695  51.983 1.0000000000
59769  -24.799  -14.971  52.478 1.0000000000
137355  -24.387  -12.983  53.006 1.0000000000
136604  -24.457  -12.264  53.120 1.0000000000
147357  -25.230  -10.623  53.227 1.0000000000
66556  -26.329  -9.307  53.537 1.0000000000
69100  -37.625  -7.254  50.203 1.0000000000
69091  -38.466  -7.713  50.689 1.0000000000
67913  -38.888  -8.138  51.531 1.0000000000
56514  -24.786  -17.901  51.832 0.8750000000
153312  -24.802  -17.788  50.960 1.0000000000
152284  -24.601  -14.654  51.551 1.0000000000
63032  -24.292  -12.500  52.463 1.0000000000
64155  -24.400  -11.784  52.353 1.0000000000
65399  -25.503  -10.067  52.537 1.0000000000
66557  -26.954  -8.734  53.854 1.0000000000
69099  -36.843  -7.100  49.906 1.0000000000
69107  -37.340  -7.669  49.540 1.0000000000
146337  -38.284  -8.028  49.836 1.0000000000
58683  -25.180  -16.873  51.135 0.8750000000
59777  -24.772  -15.365  51.094 1.0000000000
61952  -24.253  -13.148  51.265 1.0000000000
64156  -24.952  -10.886  52.234 1.0000000000
66572  -25.884  -9.627  51.881 1.0000000000
66574  -26.842  -8.814  52.793 1.0000000000
155997  -36.619  -8.962  48.247 1.0000000000
67935  -36.873  -8.041  48.998 1.0000000000
67936  -37.886  -8.557  49.174 1.0000000000
57590  -25.121  -17.364  50.414 0.7500000000
59789  -25.026  -15.611  50.404 0.7500000000
142394  -24.412  -13.914  50.937 0.7500000000
64164  -24.482  -11.438  51.470 0.8750000000
65409  -24.941  -10.673  51.162 1.0000000000
66646  -35.769  -9.262  47.396 1.0000000000
66637  -37.753  -9.355  48.889 1.0000000000
158909  -25.469  -15.807  49.618 0.6250000000
61970  -24.439  -13.232  50.480 0.7500000000
64171  -24.594  -11.248  50.636 0.7500000000
66658  -36.272  -10.108  47.374 1.0000000000
66636  -37.181  -9.689  48.488 1.0000000000
59800  -26.115  -15.894  48.943 0.5000000000
60922  -24.927  -14.234  49.717 0.7500000000
61982  -24.793  -13.427  49.763 0.7500000000
64172  -24.798  -11.240  49.955 0.7500000000
55348  -17.727  -19.309  59.702 0.6250000000
55378  -19.653  -19.329  57.569 1.0000000000
55394  -19.957  -18.914  56.702 1.0000000000
71114  -36.388  -5.484  52.546 0.6250000000
164192  -37.157  -5.704  52.740 0.6250000000
70079  -36.726  -6.654  50.625 1.0000000000
141364  -36.959  -6.345  51.441 0.8750000000
70088  -35.991  -6.804  50.029 1.0000000000
70072  -37.805  -6.511  51.789 0.8750000000
70087  -35.360  -6.906  49.414 1.0000000000
69106  -36.339  -7.422  49.343 1.0000000000
67947  -35.393  -8.107  48.035 1.0000000000
162467  -36.244  -7.850  48.907 1.0000000000
70071  -36.158  -6.114  51.207 0.7500000000
71113  -35.502  -5.238  52.278 0.6250000000
70078  -35.644  -6.214  50.690 1.0000000000
71124  -35.270  -5.619  51.451 0.7500000000
72185  -34.712  -4.911  51.942 0.6250000000
70101  -34.711  -6.961  48.845 1.0000000000
70077  -35.052  -6.333  50.100 1.0000000000
71133  -34.695  -5.792  50.727 0.7500000000
70086  -34.364  -6.366  49.552 1.0000000000
69128  -34.659  -7.932  47.601 1.0000000000
69116  -34.797  -7.514  48.183 1.0000000000
70100  -34.053  -6.949  48.370 1.0000000000
140764  -34.130  -7.430  47.762 1.0000000000
72171  -35.045  -4.530  52.594 0.6250000000
71123  -34.350  -5.170  51.224 0.8750000000
155683  -33.968  -6.540  48.972 1.0000000000
71132  -33.903  -5.358  50.465 1.0000000000
70117  -33.327  -6.866  47.868 1.0000000000
72170  -34.559  -4.209  52.148 0.6250000000
74511  -34.801  -3.057  52.416 0.3750000000
72184  -34.184  -4.323  51.476 0.6250000000
71138  -33.310  -5.296  49.688 0.8750000000
70085  -33.510  -6.037  49.349 1.0000000000
72192  -33.880  -4.752  50.889 0.7500000000
71149  -32.907  -5.701  48.944 1.0000000000
70099  -33.324  -6.372  48.665 1.0000000000
70098  -32.627  -6.130  48.244 1.0000000000
70116  -32.457  -6.480  47.445 1.0000000000
70131  -32.285  -6.872  46.593 1.0000000000
74524  -34.845  -2.734  51.927 0.5000000000
143792  -34.168  -3.400  51.027 0.6250000000
74525  -35.227  -2.230  51.594 0.3750000000
71131  -33.529  -4.659  50.281 0.7500000000
73300  -33.775  -4.064  50.730 0.6250000000
74533  -34.641  -2.706  51.248 0.5000000000
71148  -32.814  -4.948  49.022 0.8750000000
72199  -33.234  -4.474  49.563 0.7500000000
73310  -33.565  -3.888  50.014 0.6250000000
146981  -33.967  -3.435  50.360 0.6250000000
74552  -34.448  -2.774  50.338 0.6250000000
141196  -32.465  -5.329  48.364 0.8750000000
72212  -33.057  -4.285  48.916 0.6250000000
71161  -32.149  -5.669  47.661 1.0000000000
144963  -33.262  -3.764  48.441 0.6250000000
72223  -32.432  -4.389  47.299 0.7500000000
71173  -31.704  -5.506  46.336 1.0000000000
71174  -31.904  -5.050  46.965 0.8750000000
71181  -31.593  -5.567  45.498 1.0000000000
72230  -31.838  -4.901  46.043 0.8750000000
149655  -31.412  -6.027  44.711 1.0000000000
73327  -33.453  -3.767  49.244 0.6250000000
72211  -32.662  -4.445  48.226 0.7500000000
73328  -33.889  -3.236  48.764 0.6250000000
73339  -33.047  -3.770  47.513 0.6250000000
142524  -33.777  -3.349  47.892 0.6250000000
73353  -32.723  -3.961  46.808 0.6250000000
71191  -31.599  -5.411  44.675 0.8750000000
72238  -31.877  -4.796  45.123 0.8750000000
72248  -32.311  -4.473  44.489 0.8750000000
71206  -31.413  -5.731  43.868 0.8750000000
72247  -31.817  -4.992  44.196 0.8750000000
73354  -33.308  -3.630  46.659 0.6250000000
155586  -33.695  -3.426  47.173 0.6250000000
73367  -32.816  -3.928  46.005 0.7500000000
73368  -33.702  -3.573  45.890 0.7500000000
73369  -34.603  -3.450  45.809 0.3750000000
72239  -32.556  -4.188  45.157 0.8750000000
72240  -33.328  -3.759  45.190 0.7500000000
73385  -33.816  -3.685  44.601 0.8750000000
72263  -33.322  -4.065  43.567 0.8750000000
73406  -33.935  -3.777  43.900 0.8750000000
72264  -33.949  -3.972  43.115 0.8750000000
73386  -34.567  -3.607  44.424 0.6250000000
144758  -35.889  -3.458  45.005 0.6250000000
73375  -40.671  -3.277  45.534 0.1250000000
73407  -34.868  -3.732  43.509 0.6250000000
73408  -35.912  -3.607  43.580 0.6250000000
137442  -37.271  -3.570  42.969 0.3750000000
137778  -38.089  -3.505  42.988 0.2500000000
73411  -38.649  -3.476  43.637 0.2500000000
144793  -39.334  -3.366  42.934 0.2500000000
72276  -34.645  -4.029  42.563 0.8750000000
73419  -35.539  -3.815  42.767 1.0000000000
72277  -36.112  -3.920  42.122 0.7500000000
73420  -36.911  -3.722  42.236 0.7500000000
73421  -37.714  -3.617  42.294 0.5000000000
73422  -38.581  -3.515  42.325 0.2500000000
72288  -34.381  -4.297  41.717 0.8750000000
137158  -35.274  -4.132  41.941 1.0000000000
72290  -36.630  -3.984  41.529 0.8750000000
73431  -37.350  -3.784  41.607 0.7500000000
73432  -38.102  -3.654  41.597 0.6250000000
72289  -35.860  -4.193  41.340 0.8750000000
72303  -36.463  -4.225  40.785 0.8750000000
162109  -37.073  -4.018  41.033 0.8750000000
72291  -37.711  -3.838  40.923 0.8750000000
72304  -37.197  -4.220  40.288 0.8750000000
73483  -36.317  -3.365  37.085 0.8750000000
73376  -41.217  -2.949  45.237 0.1250000000
74625  -41.768  -2.620  44.930 0.1250000000
73392  -40.466  -3.211  44.542 0.1250000000
158544  -40.398  -3.138  43.420 0.2500000000
162792  -38.653  -3.448  42.971 0.2500000000
73433  -38.788  -3.552  41.540 0.5000000000
73443  -38.505  -3.676  40.866 0.8750000000
136740  -39.365  -3.469  40.964 0.6250000000
72305  -38.101  -4.016  40.176 0.8750000000
73459  -38.379  -3.893  39.422 0.8750000000
152590  -36.885  -4.248  39.556 1.0000000000
72319  -37.607  -4.118  39.548 0.8750000000
72328  -37.018  -3.981  38.836 0.8750000000
73458  -37.840  -3.868  38.956 0.8750000000
74615  -41.523  -2.654  45.677 0.1250000000
73393  -41.147  -2.841  44.285 0.1250000000
73424  -40.127  -3.179  42.347 0.2500000000
73423  -39.387  -3.405  41.916 0.3750000000
73434  -40.101  -3.209  41.364 0.5000000000
74645  -40.730  -2.848  41.829 0.3750000000
162228  -39.933  -3.336  40.794 0.5000000000
73444  -39.866  -3.461  40.246 0.6250000000
136606  -39.018  -3.732  40.036 0.8750000000
73460  -39.767  -3.535  39.421 0.8750000000
73461  -40.657  -3.286  39.681 0.8750000000
138891  -39.049  -3.693  39.218 0.8750000000
73472  -39.476  -3.395  38.644 1.0000000000
73470  -37.537  -3.542  38.325 0.8750000000
73471  -38.494  -3.532  38.630 0.8750000000
146166  -39.000  -2.968  37.982 0.8750000000
74688  -39.524  -2.466  37.448 1.0000000000
146898  -37.990  -2.953  37.836 0.8750000000
73484  -37.079  -3.110  37.546 0.8750000000
151279  -41.773  -2.531  44.251 0.1250000000
74634  -41.338  -2.599  43.359 0.1250000000
74633  -40.777  -2.870  42.644 0.1250000000
73485  -39.953  -3.011  38.070 1.0000000000
73445  -40.417  -3.207  40.589 0.5000000000
143687  -40.743  -2.915  41.083 0.5000000000
73446  -41.182  -2.870  40.349 0.5000000000
73473  -40.448  -3.271  38.724 0.8750000000
73474  -41.309  -3.129  38.941 0.8750000000
73486  -40.682  -2.975  38.127 0.8750000000
74689  -40.442  -2.571  37.636 1.0000000000
74703  -40.079  -1.965  37.012 1.0000000000
74704  -40.980  -2.106  37.229 1.0000000000
74639  -41.325  -2.459  42.299 0.2500000000
74640  -41.926  -2.033  42.861 0.1250000000
74646  -41.348  -2.473  41.272 0.3750000000
74647  -41.933  -2.002  41.847 0.2500000000
74655  -41.726  -2.363  40.533 0.3750000000
135712  -41.937  -2.004  41.017 0.3750000000
73462  -41.451  -2.980  39.518 0.6250000000
74665  -41.898  -2.557  39.810 0.3750000000
148374  -42.125  -2.814  39.027 0.6250000000
144624  -42.599  -2.308  39.389 0.3750000000
73487  -41.131  -3.026  38.402 0.8750000000
74690  -41.310  -2.724  37.857 0.8750000000
74674  -41.786  -2.869  38.409 0.8750000000
74675  -42.608  -2.551  38.360 0.7500000000
74676  -43.230  -2.198  38.578 0.7500000000
74705  -41.821  -2.234  37.434 0.8750000000
74691  -42.579  -2.245  37.692 0.7500000000
74692  -43.384  -2.096  38.023 0.7500000000
74677  -43.985  -1.808  38.556 0.7500000000
75856  -43.072  -1.704  37.328 0.7500000000
138594  -43.708  -1.659  37.560 0.7500000000
75867  -40.610  -1.459  36.523 0.8750000000
144033  -41.503  -1.609  36.796 1.0000000000
75868  -42.300  -1.697  37.054 1.0000000000
77057  -42.085  -0.665  35.827 0.8750000000
74656  -42.326  -1.916  40.238 0.3750000000
75833  -42.935  -1.245  40.274 0.3750000000
74657  -42.953  -1.748  39.660 0.6250000000
74666  -43.393  -2.047  39.079 0.7500000000
75840  -43.630  -1.340  39.574 0.6250000000
74667  -44.123  -1.676  39.045 0.6250000000
138440  -44.775  -1.487  38.304 0.6250000000
75857  -44.171  -1.712  37.948 0.7500000000
77043  -42.784  -1.139  36.538 1.0000000000
75869  -43.587  -1.277  36.960 0.7500000000
75870  -44.229  -1.363  37.366 0.7500000000
140189  -42.927  -0.512  35.766 0.8750000000
77044  -43.452  -0.816  36.357 1.0000000000
77045  -44.198  -0.813  36.628 0.8750000000
75847  -44.747  -1.428  38.812 0.6250000000
141642  -44.724  -1.418  37.791 0.6250000000
75848  -45.412  -1.172  38.569 0.5000000000
75871  -44.871  -1.025  37.263 0.6250000000
77058  -43.751  -0.377  35.829 0.7500000000
75858  -45.436  -1.195  37.929 0.6250000000
77028  -46.586  -0.572  38.666 0.3750000000
75849  -46.060  -0.888  38.322 0.5000000000
138213  -44.941  -0.566  36.639 0.7500000000
77046  -45.638  -0.632  37.106 0.5000000000
77059  -44.567  -0.240  35.978 0.7500000000
77073  -43.201  0.065  35.075 0.8750000000
78184  -44.095  0.221  35.233 0.8750000000
78185  -44.969  0.358  35.432 0.6250000000
78202  -44.519  0.823  34.566 0.7500000000
79332  -44.436  1.321  33.720 0.8750000000
81541  -47.649  2.993  33.821 0.8750000000
161941  -48.725  3.636  33.964 0.7500000000
81543  -49.978  4.153  34.198 0.6250000000
155996  -47.563  3.387  33.210 0.8750000000
77035  -46.145  -0.803  37.751 0.5000000000
77036  -46.866  -0.626  38.045 0.5000000000
153678  -45.439  -0.079  36.229 0.5000000000
160366  -45.962  -0.204  36.662 0.5000000000
77047  -46.572  -0.310  37.097 0.5000000000
78172  -46.191  0.186  36.284 0.7500000000
78203  -45.412  0.870  34.954 0.7500000000
78204  -46.056  0.921  35.177 0.7500000000
142536  -45.876  1.237  34.710 0.7500000000
79319  -45.267  1.380  34.189 0.7500000000
135966  -46.087  1.656  34.252 0.7500000000
150308  -46.731  1.874  34.381 0.7500000000
79321  -47.400  1.814  34.872 0.7500000000
79334  -46.424  2.200  33.750 0.8750000000
80396  -47.161  2.386  34.105 0.8750000000
80397  -47.920  2.509  34.509 0.7500000000
80398  -48.714  2.719  34.866 0.6250000000
80408  -48.346  3.144  34.218 0.7500000000
81532  -49.079  3.356  34.514 0.5000000000
157586  -50.258  3.386  35.128 0.6250000000
77037  -47.411  -0.238  37.538 0.3750000000
163524  -47.586  -0.348  38.131 0.2500000000
77048  -47.246  0.174  36.856 0.3750000000
77038  -48.075  -0.058  37.864 0.1250000000
78187  -46.607  0.726  35.697 0.7500000000
78174  -47.529  0.782  36.218 0.2500000000
78164  -47.855  0.351  37.108 0.2500000000
79320  -46.563  1.352  34.942 0.7500000000
79304  -47.192  1.229  35.464 0.6250000000
140439  -47.877  1.464  35.605 0.6250000000
79305  -48.622  1.720  35.822 0.5000000000
79322  -48.282  2.073  35.198 0.7500000000
80382  -49.036  2.322  35.519 0.5000000000
80383  -49.690  2.447  35.774 0.2500000000
80399  -49.568  2.971  35.189 0.6250000000
81523  -51.172  3.186  35.856 0.2500000000
78165  -48.547  0.536  37.515 0.1250000000
78157  -48.670  0.278  38.301 0.1250000000
78175  -48.338  0.890  36.746 0.1250000000
78166  -49.339  0.836  37.881 0.1250000000
79293  -48.840  1.416  36.480 0.2500000000
79294  -49.592  1.562  36.958 0.2500000000
135956  -50.804  1.629  38.173 0.1250000000
79278  -51.379  1.732  38.924 0.1250000000
79306  -49.334  1.923  36.121 0.2500000000
79295  -50.562  2.028  37.124 0.1250000000
80368  -50.074  2.233  36.327 0.2500000000
80369  -50.831  2.633  36.388 0.2500000000
79286  -51.332  2.234  37.547 0.1250000000
80353  -52.661  2.735  38.302 0.1250000000
80384  -50.346  2.893  35.726 0.2500000000
80361  -52.625  3.100  37.442 0.1250000000
81500  -53.246  3.252  38.074 0.1250000000
135894  -53.823  3.660  38.059 0.1250000000
55274  -11.033  -19.254  64.682 0.6250000000
56290  -11.304  -18.579  64.669 0.6250000000
54266  -11.140  -19.766  64.044 0.3750000000
57398  -12.561  -17.139  65.691 0.5000000000
138260  -14.032  -17.445  63.809 0.6250000000
57444  -14.145  -17.487  62.325 0.6250000000
57463  -15.073  -17.663  61.345 0.6250000000
57481  -14.646  -17.788  59.989 0.7500000000
68903  -32.300  -6.403  63.048 0.3750000000
68912  -32.204  -6.672  62.218 0.3750000000
69956  -33.644  -6.005  62.382 0.5000000000
68927  -32.018  -6.950  61.555 0.5000000000
71006  -35.824  -5.391  61.385 0.3750000000
139723  -15.517  -17.826  60.106 0.7500000000
68946  -31.760  -7.210  60.801 0.7500000000
68928  -33.784  -6.499  61.281 0.6250000000
69964  -34.713  -5.974  61.291 0.6250000000
69965  -35.475  -5.882  60.917 0.6250000000
72041  -36.898  -4.475  61.484 0.3750000000
69966  -36.460  -5.858  60.659 0.5000000000
68948  -33.638  -6.809  60.804 0.7500000000
137521  -34.355  -6.738  60.375 0.7500000000
138253  -35.582  -6.471  60.020 0.6250000000
68968  -33.170  -7.359  59.484 0.8750000000
68970  -34.976  -6.801  59.894 0.7500000000
68988  -33.855  -7.470  59.000 0.8750000000
143120  -35.605  -7.345  58.657 0.8750000000
68990  -36.236  -7.113  58.808 0.7500000000
67797  -35.270  -7.648  58.006 1.0000000000
67799  -36.809  -7.336  57.984 0.7500000000
67800  -37.611  -7.166  58.090 0.7500000000
67814  -36.570  -7.894  57.130 0.7500000000
69025  -32.436  -7.562  56.946 1.0000000000
67831  -35.561  -8.386  56.461 1.0000000000
67830  -34.779  -8.261  56.529 1.0000000000
66511  -36.061  -8.860  55.546 1.0000000000
67834  -37.584  -7.909  55.910 0.7500000000
66512  -36.637  -8.734  55.392 0.8750000000
67852  -34.642  -8.559  55.798 1.0000000000
66529  -36.945  -8.857  54.980 0.7500000000
66543  -37.017  -9.367  54.325 0.8750000000
67851  -33.803  -8.414  55.589 1.0000000000
66526  -34.517  -9.004  54.963 1.0000000000
66541  -35.361  -9.673  54.634 1.0000000000
65376  -35.959  -10.263  54.226 1.0000000000
65378  -36.992  -10.104  53.701 1.0000000000
65377  -36.404  -10.573  53.763 1.0000000000
66540  -33.867  -9.229  54.219 1.0000000000
150140  -36.236  -11.070  53.290 1.0000000000
65391  -35.224  -10.769  53.290 1.0000000000
66560  -34.489  -9.936  53.693 1.0000000000
66578  -34.277  -10.219  52.908 1.0000000000
53326  -24.619  -21.639  51.003 0.1250000000
54430  -24.704  -20.359  49.680 0.3750000000
54429  -23.992  -20.288  49.891 0.3750000000
66577  -33.462  -9.716  52.579 1.0000000000
65411  -34.709  -10.889  51.569 1.0000000000
65400  -34.068  -10.332  52.088 1.0000000000
65410  -33.870  -10.401  51.269 1.0000000000
66603  -33.100  -9.965  50.906 1.0000000000
65438  -34.479  -10.908  50.019 1.0000000000
65421  -33.727  -10.476  50.428 1.0000000000
163855  -35.168  -11.204  50.402 1.0000000000
55481  -28.033  -19.089  49.604 0.1250000000
56562  -28.104  -17.862  48.627 0.1250000000
57610  -28.455  -17.160  48.590 0.1250000000
66602  -32.320  -9.634  50.544 1.0000000000
64187  -34.540  -11.210  49.229 1.0000000000
66634  -31.154  -9.607  48.459 0.8750000000
66633  -29.739  -9.150  48.168 0.8750000000
66622  -31.295  -9.319  49.370 1.0000000000
67946  -29.920  -8.798  48.895 1.0000000000
66623  -32.150  -9.734  49.679 1.0000000000
65436  -32.686  -10.221  49.123 1.0000000000
65448  -32.395  -10.452  48.090 1.0000000000
64203  -34.654  -11.525  48.393 1.0000000000
161687  -33.882  -11.419  47.935 0.8750000000
148976  -26.549  -13.717  48.731 0.5000000000
61995  -26.658  -12.994  48.686 0.6250000000
65447  -31.452  -10.106  47.810 0.8750000000
64218  -34.510  -11.943  47.572 0.8750000000
56306  -16.289  -18.963  63.763 0.2500000000
56335  -16.367  -18.633  61.540 0.6250000000
67796  -29.253  -7.727  59.012 0.8750000000
139897  -30.144  -7.489  58.889 0.8750000000
68967  -31.610  -7.442  59.185 1.0000000000
56421  -16.675  -18.593  56.685 0.7500000000
56444  -17.519  -18.693  55.545 0.7500000000
67810  -29.240  -7.638  58.064 1.0000000000
161328  -29.684  -7.554  58.527 1.0000000000
55420  -17.662  -19.089  54.853 0.7500000000
150816  -18.729  -18.837  54.229 0.6250000000
55421  -18.227  -19.338  54.273 0.6250000000
161086  -18.926  -20.171  53.397 0.5000000000
69024  -31.551  -7.506  56.773 1.0000000000
69023  -30.621  -7.496  56.577 1.0000000000
69028  -38.839  -6.743  56.120 0.3750000000
55442  -20.630  -19.575  52.272 0.7500000000
54396  -19.893  -19.853  52.654 0.7500000000
151988  -37.653  -8.434  54.539 0.6250000000
67849  -31.795  -7.802  55.109 1.0000000000
67884  -38.467  -8.666  53.323 1.0000000000
67863  -30.785  -7.652  54.193 1.0000000000
54418  -23.270  -20.431  50.338 0.5000000000
65413  -36.769  -11.373  51.775 1.0000000000
146484  -29.000  -7.750  52.886 1.0000000000
163054  -37.687  -11.062  50.417 1.0000000000
142529  -25.226  -20.013  49.370 0.3750000000
55478  -25.784  -19.516  49.069 0.2500000000
67912  -30.848  -8.594  50.985 1.0000000000
162336  -31.243  -8.704  51.418 1.0000000000
57608  -26.868  -17.458  48.456 0.2500000000
59817  -28.094  -15.694  48.600 0.1250000000
67922  -30.245  -8.546  50.322 1.0000000000
64205  -36.736  -11.040  48.185 0.8750000000
64189  -36.164  -11.495  49.481 1.0000000000
141319  -35.508  -11.533  48.937 1.0000000000
63093  -35.370  -12.533  47.059 0.7500000000
66642  -27.835  -9.898  47.634 0.7500000000
66632  -27.542  -9.520  48.170 0.7500000000
66644  -29.487  -9.679  47.403 0.7500000000
144650  -29.656  -8.601  49.551 0.8750000000
66459  -26.621  -9.628  60.764 0.6250000000
66484  -26.421  -9.365  58.579 0.8750000000
56424  -19.305  -18.522  55.819 1.0000000000
67808  -27.484  -8.388  57.532 0.8750000000
147765  -27.948  -8.046  56.241 1.0000000000
67847  -28.725  -7.742  56.318 1.0000000000
70021  -39.317  -6.077  56.443 0.3750000000
145284  -20.123  -18.443  54.513 1.0000000000
71088  -38.873  -6.088  55.320 0.3750000000
69055  -38.328  -7.887  53.930 0.5000000000
56491  -20.914  -18.937  52.588 0.8750000000
69042  -30.388  -7.556  55.750 1.0000000000
150596  -21.669  -19.610  51.458 0.6250000000
56511  -22.818  -18.879  51.407 0.7500000000
56529  -24.499  -19.006  49.794 0.5000000000
56542  -26.419  -18.342  48.639 0.5000000000
161559  -26.153  -17.538  48.749 0.3750000000
58697  -26.355  -16.718  48.719 0.3750000000
65450  -37.238  -10.656  48.756 0.8750000000
60936  -26.039  -14.706  48.795 0.5000000000
64219  -36.426  -11.480  47.330 0.8750000000
64197  -25.735  -11.243  48.810 0.7500000000
66618  -26.370  -9.729  49.166 0.7500000000
62021  -35.825  -14.121  46.406 0.7500000000
152083  -36.446  -13.472  46.188 0.5000000000
56428  -25.749  -18.283  55.883 1.0000000000
60848  -25.734  -14.658  56.962 0.8750000000
64082  -25.509  -11.742  59.071 0.7500000000
56451  -25.346  -18.290  55.134 1.0000000000
141652  -25.468  -14.152  56.444 0.8750000000
65338  -25.558  -11.040  57.641 0.8750000000
164201  -25.342  -13.345  56.652 0.8750000000
65339  -25.797  -10.223  57.284 0.8750000000
62979  -25.315  -12.331  56.765 0.8750000000
66508  -26.207  -9.522  56.819 0.8750000000
163506  -20.242  -18.496  55.131 1.0000000000
156281  -24.671  -18.484  53.941 1.0000000000
152258  -25.137  -12.456  55.344 1.0000000000
136337  -25.171  -12.886  55.984 0.8750000000
66538  -26.309  -9.374  55.283 1.0000000000
147947  -27.673  -8.120  54.989 1.0000000000
67862  -29.176  -7.591  54.800 1.0000000000
137726  -38.496  -7.122  53.179 0.8750000000
56512  -23.591  -18.651  51.176 0.6250000000
57581  -25.088  -17.401  51.513 0.8750000000
66624  -38.265  -9.701  49.401 1.0000000000
58691  -25.258  -16.520  50.255 0.7500000000
66587  -25.667  -9.888  50.812 1.0000000000
66599  -26.381  -9.358  50.566 1.0000000000
159159  -25.928  -10.445  48.942 0.7500000000
65419  -25.104  -10.657  50.265 1.0000000000
141195  -27.390  -8.924  49.979 1.0000000000
66647  -36.502  -9.509  47.875 1.0000000000
60923  -25.511  -14.507  49.165 0.6250000000
63070  -24.612  -12.575  49.930 0.7500000000
64186  -25.044  -11.794  49.410 0.7500000000
66619  -27.278  -9.194  49.104 0.8750000000
56426  -21.088  -18.860  55.992 1.0000000000
144585  -21.549  -18.540  54.835 1.0000000000
56465  -22.351  -18.477  53.866 1.0000000000
57560  -25.802  -17.351  53.724 1.0000000000
58671  -25.706  -16.497  53.446 1.0000000000
60861  -25.003  -14.188  54.301 1.0000000000
61898  -25.105  -13.221  55.191 1.0000000000
63007  -25.061  -12.029  54.806 1.0000000000
56495  -24.990  -18.051  52.788 1.0000000000
149233  -24.747  -13.679  53.756 1.0000000000
157941  -38.373  -5.983  53.963 0.5000000000
71101  -38.265  -6.450  53.234 0.5000000000
139835  -25.678  -16.997  52.858 1.0000000000
157576  -25.933  -9.737  54.067 1.0000000000
70061  -37.787  -6.200  52.570 0.6250000000
70062  -38.314  -6.845  52.412 0.7500000000
143801  -24.877  -15.637  51.854 1.0000000000
60882  -24.554  -14.137  52.327 1.0000000000
61940  -24.325  -13.218  52.204 1.0000000000
65390  -25.733  -9.903  53.382 1.0000000000
66573  -26.113  -9.456  52.714 1.0000000000
70080  -37.755  -6.837  50.968 1.0000000000
59778  -25.036  -16.159  51.149 1.0000000000
139600  -24.417  -13.810  51.657 1.0000000000
144586  -25.365  -10.205  51.707 1.0000000000
60910  -24.707  -14.688  50.513 0.7500000000
67958  -35.936  -8.756  47.890 1.0000000000
67948  -36.227  -8.291  48.510 1.0000000000
67949  -37.079  -8.776  48.712 1.0000000000
142258  -24.585  -13.907  50.263 0.7500000000
140481  -24.279  -11.813  50.915 0.8750000000
71125  -36.228  -5.771  51.829 0.7500000000
71099  -36.692  -5.238  53.215 0.6250000000
69117  -35.595  -7.589  48.729 1.0000000000
72172  -35.776  -4.903  53.007 0.6250000000
71139  -33.814  -5.791  49.881 0.8750000000
69127  -33.189  -7.280  47.119 1.0000000000
70115  -31.830  -5.974  46.927 1.0000000000
70130  -31.677  -6.217  46.150 1.0000000000
146018  -32.224  -4.932  47.735 0.7500000000
72231  -32.275  -4.410  46.497 0.8750000000
70140  -31.614  -6.441  45.393 1.0000000000
151218  -32.233  -4.437  45.776 0.8750000000
72261  -31.793  -5.130  43.331 0.8750000000
73355  -34.104  -3.393  46.538 0.7500000000
149565  -34.179  -3.557  45.161 0.7500000000
72249  -33.073  -3.983  44.339 0.8750000000
145543  -35.053  -3.494  45.069 0.5000000000
73387  -35.455  -3.552  44.317 0.6250000000
73388  -36.323  -3.514  44.350 0.6250000000
135940  -36.425  -3.664  42.890 0.7500000000
73409  -36.812  -3.549  43.678 0.5000000000
136403  -34.973  -4.332  41.086 1.0000000000
72318  -36.320  -4.365  39.975 1.0000000000
73469  -36.678  -3.649  37.981 0.8750000000
72341  -35.879  -3.858  37.566 0.8750000000
73498  -36.372  -3.249  36.158 0.8750000000
137421  -42.817  -2.439  38.871 0.7500000000
150638  -42.068  -2.644  37.921 0.7500000000
158520  -41.990  -1.208  36.444 1.0000000000
75843  -45.918  -0.816  38.749 0.3750000000
78186  -45.783  0.496  35.617 0.7500000000
139379  -49.830  3.635  34.643 0.6250000000
81542  -49.325  3.915  34.071 0.7500000000
78173  -46.832  0.315  36.414 0.5000000000
157496  -48.235  1.250  36.149 0.3750000000
78176  -48.930  1.063  37.119 0.1250000000
79285  -50.049  1.432  37.746 0.1250000000
79296  -51.224  2.523  36.910 0.2500000000
80360  -51.846  2.741  37.118 0.2500000000
80352  -52.012  2.502  37.863 0.1250000000
54351  -14.663  -19.533  57.758 0.6250000000
55376  -15.121  -19.008  57.473 0.6250000000
55392  -15.590  -18.954  57.008 0.6250000000
54359  -15.667  -19.682  56.602 0.5000000000
54360  -16.185  -19.799  56.032 0.5000000000
156066  -17.373  -20.671  54.934 0.2500000000
53293  -18.524  -21.276  54.171 0.3750000000
73146  -37.509  -2.928  61.796 0.2500000000
55375  -14.840  -18.781  58.007 0.6250000000
56382  -15.347  -18.291  58.506 0.7500000000
73156  -37.939  -3.315  61.202 0.2500000000
158340  -16.066  -18.665  57.006 0.6250000000
55393  -16.195  -19.000  56.408 0.6250000000
55410  -17.044  -19.218  55.382 0.6250000000
54368  -17.216  -19.725  54.931 0.6250000000
54377  -17.711  -19.865  54.453 0.3750000000
54378  -18.359  -20.227  53.904 0.3750000000
157507  -19.484  -21.383  53.371 0.3750000000
53304  -20.069  -21.439  52.883 0.3750000000
53314  -21.951  -21.771  51.881 0.3750000000
56383  -16.229  -18.291  58.294 0.7500000000
56443  -16.874  -18.771  55.988 0.6250000000
157928  -19.480  -20.599  53.028 0.6250000000
53311  -20.082  -20.645  52.541 0.6250000000
53312  -20.597  -21.077  52.271 0.5000000000
53324  -22.357  -21.243  51.220 0.3750000000
63089  -28.714  -11.672  47.571 0.5000000000
60978  -34.238  -14.476  46.603 0.7500000000
62020  -34.851  -13.982  46.391 0.6250000000
60980  -36.078  -14.601  46.640 0.1250000000
151757  -36.630  -14.076  46.249 0.1250000000
72074  -39.797  -4.523  58.411 0.2500000000
72075  -39.855  -3.934  58.170 0.2500000000
54407  -21.108  -20.666  51.767 0.5000000000
64214  -28.947  -11.384  47.108 0.5000000000
64226  -29.947  -11.511  46.640 0.6250000000
141665  -30.766  -11.633  46.505 0.7500000000
64227  -31.555  -12.057  46.430 0.7500000000
63106  -32.199  -12.791  46.356 0.7500000000
62019  -33.826  -13.745  46.369 0.7500000000
63107  -33.386  -12.986  46.265 0.7500000000
63108  -34.522  -13.187  46.449 0.7500000000
141559  -37.110  -13.394  45.748 0.2500000000
62032  -37.594  -13.395  45.403 0.2500000000
54301  -21.752  -21.324  62.397 0.3750000000
54300  -21.156  -21.523  62.304 0.3750000000
162191  -21.521  -21.532  61.961 0.3750000000
55363  -18.587  -19.410  58.559 0.6250000000
55364  -19.388  -19.680  58.449 0.7500000000
55365  -20.238  -19.856  58.360 0.7500000000
55379  -20.540  -19.496  57.486 0.8750000000
71078  -39.208  -5.770  55.930 0.2500000000
72118  -39.186  -5.242  56.053 0.2500000000
64200  -27.814  -11.631  47.910 0.5000000000
64213  -28.269  -11.192  47.368 0.6250000000
64225  -29.359  -11.312  46.826 0.6250000000
151177  -30.871  -10.617  46.856 0.7500000000
64216  -32.472  -11.065  47.234 0.7500000000
64217  -33.331  -11.673  47.209 0.7500000000
64230  -36.444  -12.037  46.457 0.6250000000
64243  -36.715  -12.693  45.407 0.3750000000
64229  -33.045  -12.309  46.570 0.7500000000
63110  -36.630  -12.909  46.050 0.5000000000
63124  -37.283  -12.815  44.696 0.2500000000
140561  -20.471  -21.404  61.745 0.3750000000
139946  -20.256  -21.108  60.755 0.5000000000
54317  -21.141  -21.387  61.108 0.5000000000
54316  -19.645  -20.954  60.991 0.5000000000
54330  -19.694  -20.626  60.036 0.5000000000
54331  -20.451  -20.777  59.992 0.5000000000
144347  -21.163  -20.797  59.909 0.5000000000
137658  -21.947  -21.281  61.574 0.5000000000
55349  -18.452  -19.724  59.475 0.5000000000
54329  -18.987  -20.423  60.195 0.5000000000
54342  -19.897  -20.289  59.174 0.5000000000
55350  -19.164  -20.072  59.297 0.5000000000
54343  -20.727  -20.391  59.108 0.6250000000
54344  -21.640  -20.463  59.144 0.7500000000
55366  -21.186  -19.956  58.292 0.7500000000
55380  -21.378  -19.564  57.356 0.7500000000
55395  -20.816  -19.150  56.647 0.8750000000
72135  -38.793  -5.443  55.309 0.2500000000
65459  -29.968  -10.307  46.863 0.7500000000
153632  -36.566  -11.087  47.247 0.7500000000
65470  -36.101  -10.692  46.642 0.7500000000
153360  -28.817  -10.802  46.962 0.6250000000
65469  -30.192  -10.974  46.601 0.6250000000
65483  -36.389  -11.722  46.159 0.5000000000
64242  -36.097  -11.981  44.991 0.3750000000
64252  -36.551  -12.388  44.239 0.3750000000
157270  -22.393  -20.554  59.445 0.7500000000
161060  -21.782  -20.171  58.508 0.6250000000
55396  -21.595  -19.220  56.555 0.8750000000
156019  -22.287  -19.207  56.436 0.8750000000
67957  -35.111  -8.587  47.421 0.8750000000
66656  -34.809  -9.426  46.489 0.8750000000
66657  -35.561  -9.768  46.855 0.8750000000
65482  -35.664  -11.182  45.660 0.5000000000
65494  -35.207  -11.368  44.623 0.5000000000
54345  -22.319  -20.255  58.671 0.7500000000
143625  -21.963  -19.904  57.989 0.7500000000
143844  -22.897  -19.903  57.920 0.7500000000
64083  -25.697  -11.110  59.786 0.6250000000
55381  -22.197  -19.537  57.183 0.8750000000
159488  -38.001  -4.135  55.550 0.2500000000
74475  -37.869  -2.728  56.363 0.2500000000
149795  -37.649  -4.870  54.493 0.3750000000
67971  -33.869  -8.456  46.511 0.7500000000
68008  -32.767  -8.940  44.930 0.6250000000
67988  -34.096  -9.069  46.163 0.6250000000
67972  -34.558  -8.799  46.825 0.8750000000
66697  -33.246  -9.802  44.479 0.6250000000
66698  -33.928  -10.205  44.874 0.6250000000
64068  -25.675  -11.570  60.514 0.5000000000
55382  -23.752  -19.606  57.486 0.7500000000
64067  -25.543  -12.030  59.848 0.6250000000
137616  -25.892  -10.999  61.003 0.5000000000
55397  -23.055  -19.407  56.812 0.8750000000
55412  -23.601  -19.044  56.097 0.8750000000
72155  -36.178  -4.558  53.693 0.5000000000
72133  -36.692  -4.271  54.373 0.3750000000
69170  -31.596  -7.358  44.426 0.7500000000
67986  -32.620  -8.121  45.513 0.6250000000
156308  -32.940  -7.547  46.532 0.8750000000
68023  -32.074  -8.812  43.588 0.6250000000
157190  -32.126  -8.108  44.756 0.6250000000
68031  -31.509  -8.137  42.370 0.5000000000
138018  -32.187  -8.768  41.076 0.5000000000
66792  -32.853  -9.152  40.621 0.2500000000
55383  -24.476  -19.251  57.141 0.8750000000
61851  -25.518  -13.045  58.449 0.7500000000
60815  -25.709  -13.539  58.941 0.6250000000
156129  -31.520  -6.730  44.779 0.7500000000
70141  -31.923  -6.895  45.901 0.8750000000
69198  -31.285  -7.318  42.799 0.6250000000
69185  -31.381  -7.309  43.620 0.6250000000
69210  -31.281  -7.348  41.979 0.6250000000
68041  -31.610  -8.124  41.536 0.5000000000
69218  -31.493  -7.315  41.178 0.6250000000
56427  -25.220  -18.733  56.693 0.8750000000
60827  -25.913  -14.324  58.618 0.6250000000
58633  -26.476  -16.861  56.874 0.7500000000
140114  -26.403  -16.006  57.036 0.7500000000
59737  -26.159  -15.240  57.412 0.7500000000
154745  -25.832  -14.508  57.775 0.7500000000
71219  -31.399  -5.778  42.891 0.6250000000
70198  -31.375  -6.558  41.633 0.6250000000
69219  -31.807  -7.253  40.433 0.6250000000
136937  -32.553  -8.078  39.571 0.3750000000
69231  -32.612  -7.306  39.244 0.3750000000
157990  -32.998  -7.775  38.861 0.3750000000
69243  -33.444  -7.437  38.245 0.3750000000
68072  -33.565  -8.240  38.504 0.3750000000
68106  -35.801  -8.196  36.788 0.5000000000
143343  -36.039  -7.668  36.355 0.5000000000
70277  -36.485  -6.493  35.522 0.5000000000
71246  -31.674  -5.915  41.356 0.6250000000
70216  -32.059  -6.436  40.133 0.6250000000
70229  -32.478  -6.537  39.430 0.5000000000
70236  -32.947  -6.789  38.733 0.5000000000
70237  -33.425  -6.570  38.065 0.5000000000
69260  -33.913  -7.094  37.638 0.5000000000
69272  -35.269  -7.372  36.657 0.5000000000
70262  -35.876  -6.925  36.075 0.5000000000
71311  -36.900  -5.829  34.966 0.5000000000
71326  -37.580  -5.300  34.461 0.3750000000
74570  -34.527  -2.768  49.123 0.3750000000
150343  -32.355  -4.724  42.894 0.7500000000
72262  -32.491  -4.488  43.666 0.7500000000
71220  -31.889  -5.184  42.467 0.7500000000
139527  -33.102  -4.324  42.936 0.7500000000
71247  -32.167  -5.596  40.728 0.7500000000
72274  -32.729  -4.649  42.100 0.7500000000
71248  -32.822  -4.963  40.331 0.6250000000
71266  -32.827  -5.818  39.069 0.6250000000
71267  -33.392  -5.224  38.661 0.6250000000
151446  -33.145  -6.013  38.449 0.6250000000
70252  -33.818  -6.300  37.548 0.6250000000
70260  -34.426  -6.562  36.979 0.5000000000
71297  -35.322  -5.571  35.989 0.6250000000
71310  -36.065  -5.473  35.411 0.5000000000
72391  -36.645  -4.181  34.852 0.5000000000
73534  -37.065  -3.445  34.649 0.5000000000
75887  -40.155  -0.859  35.717 0.6250000000
75888  -41.200  -0.883  35.969 0.8750000000
150333  -36.694  -4.939  34.842 0.5000000000
72392  -37.221  -4.357  34.442 0.3750000000
154517  -38.186  -2.049  34.163 0.5000000000
75905  -39.218  -1.043  34.385 0.6250000000
77070  -40.459  -0.373  34.272 0.6250000000
77056  -40.693  -0.451  35.111 0.6250000000
77072  -42.167  -0.056  34.949 0.7500000000
163521  -37.898  -4.582  34.094 0.2500000000
73554  -38.442  -3.311  33.561 0.3750000000
74742  -38.542  -2.431  33.633 0.5000000000
148502  -39.226  -2.064  33.209 0.3750000000
77096  -40.925  -0.574  32.600 0.6250000000
78199  -41.725  0.289  33.895 0.6250000000
72275  -33.736  -4.275  42.325 0.7500000000
149238  -33.308  -4.641  40.779 0.6250000000
72287  -33.483  -4.497  41.481 0.7500000000
72300  -33.574  -4.638  40.139 0.6250000000
71258  -33.070  -5.053  39.532 0.6250000000
152899  -33.835  -5.135  37.985 0.6250000000
146607  -33.546  -5.766  37.959 0.6250000000
71280  -34.104  -5.550  37.329 0.6250000000
71296  -34.693  -5.635  36.583 0.6250000000
72374  -35.561  -4.789  35.840 0.6250000000
72375  -36.164  -4.499  35.338 0.6250000000
75886  -39.152  -1.067  35.403 0.7500000000
75866  -39.654  -1.378  36.287 0.7500000000
73512  -36.424  -3.660  35.361 0.6250000000
141408  -37.307  -2.659  34.805 0.5000000000
74715  -37.393  -2.284  35.321 0.5000000000
75885  -38.353  -1.546  35.589 0.6250000000
155026  -41.577  -0.135  32.255 0.5000000000
78215  -41.515  0.204  32.961 0.6250000000
75943  -42.576  -1.106  31.303 0.3750000000
75944  -43.304  -1.094  31.059 0.2500000000
143473  -44.103  -1.565  31.153 0.1250000000
138099  -34.043  -4.456  40.876 0.6250000000
72317  -33.826  -4.645  39.313 0.6250000000
72301  -34.586  -4.456  40.091 0.7500000000
72302  -35.619  -4.354  40.492 0.8750000000
72325  -34.093  -4.711  38.471 0.6250000000
150317  -34.625  -4.476  39.073 0.7500000000
153413  -35.434  -4.396  39.595 0.8750000000
75841  -44.522  -1.197  39.267 0.2500000000
75842  -45.381  -0.970  39.051 0.2500000000
154473  -34.799  -4.459  38.212 0.6250000000
160573  -35.302  -4.351  38.824 0.7500000000
144106  -36.137  -4.250  39.057 0.8750000000
72339  -34.353  -4.787  37.654 0.6250000000
72326  -35.566  -4.202  38.191 0.7500000000
72327  -36.270  -4.010  38.336 0.7500000000
72354  -34.533  -4.981  36.935 0.6250000000
72340  -35.096  -4.347  37.221 0.7500000000
72355  -35.028  -4.929  36.411 0.6250000000
73482  -35.765  -3.833  36.694 0.7500000000
73499  -36.771  -2.896  36.752 0.7500000000
74686  -37.472  -2.595  37.003 0.7500000000
74687  -38.472  -2.392  37.148 0.7500000000
74702  -39.161  -1.895  36.740 0.7500000000
73497  -35.850  -3.985  35.936 0.6250000000
74700  -37.086  -2.488  36.102 0.7500000000
151328  -37.781  -2.203  36.487 0.7500000000
75865  -38.900  -1.463  36.095 0.7500000000
73513  -36.830  -2.869  35.372 0.7500000000
78200  -42.644  0.482  34.202 0.7500000000
78225  -42.097  0.381  32.314 0.5000000000
78226  -42.928  0.943  32.511 0.6250000000
77109  -42.978  -0.321  30.981 0.3750000000
150144  -43.213  0.368  30.937 0.5000000000
75953  -43.820  -0.656  30.779 0.2500000000
77018  -45.504  -0.306  39.354 0.2500000000
78201  -43.572  0.599  34.445 0.7500000000
78218  -43.858  1.021  33.931 0.7500000000
78236  -43.351  1.003  31.446 0.6250000000
78235  -42.677  0.369  31.507 0.3750000000
77118  -43.673  0.093  30.671 0.5000000000
78247  -44.256  0.544  30.506 0.5000000000
77119  -44.414  -0.132  30.542 0.3750000000
79372  -48.390  1.825  29.429 0.2500000000
80460  -49.150  3.096  28.578 0.1250000000
80461  -50.103  3.131  28.547 0.1250000000
153503  -50.316  3.863  28.058 0.1250000000
82771  -50.434  4.611  27.753 0.2500000000
81603  -51.245  4.100  27.788 0.1250000000
82772  -51.086  4.950  27.437 0.2500000000
78217  -43.703  1.255  33.173 0.7500000000
79341  -44.328  1.832  32.025 0.5000000000
143255  -44.749  1.073  30.292 0.5000000000
79360  -45.228  1.800  30.077 0.5000000000
78258  -45.471  1.063  29.972 0.3750000000
79370  -46.739  1.717  29.501 0.3750000000
79371  -47.553  1.794  29.392 0.2500000000
80445  -47.929  2.452  29.023 0.2500000000
80459  -48.315  3.071  28.692 0.1250000000
82759  -49.827  4.398  27.999 0.2500000000
83911  -50.435  5.344  27.686 0.3750000000
151270  -50.962  5.623  27.489 0.2500000000
83912  -51.579  5.519  27.220 0.2500000000
158202  -44.967  1.648  33.405 0.7500000000
79349  -44.355  1.817  31.194 0.5000000000
79359  -44.526  1.543  30.583 0.5000000000
80423  -44.910  2.172  30.752 0.5000000000
80432  -45.537  2.580  30.326 0.3750000000
79369  -45.966  1.709  29.680 0.3750000000
80442  -45.889  2.425  29.765 0.3750000000
80443  -46.419  2.263  29.502 0.3750000000
140683  -46.513  2.914  29.498 0.3750000000
81575  -47.231  3.410  29.131 0.3750000000
81589  -47.962  3.608  28.748 0.3750000000
82756  -47.649  4.131  29.000 0.3750000000
81590  -48.716  3.759  28.492 0.3750000000
81591  -49.526  3.784  28.256 0.3750000000
82758  -49.195  4.603  28.296 0.3750000000
83902  -49.416  5.359  28.296 0.3750000000
83903  -49.928  5.745  28.058 0.3750000000
85047  -50.261  6.449  28.444 0.3750000000
86121  -51.435  7.523  28.506 0.5000000000
86122  -52.048  7.953  28.176 0.3750000000
85058  -50.555  6.090  27.799 0.3750000000
86130  -51.690  7.139  27.695 0.3750000000
149617  -52.292  6.967  27.168 0.3750000000
86132  -53.075  8.032  27.265 0.3750000000
86136  -53.610  7.440  26.711 0.2500000000
86137  -54.430  7.650  26.491 0.2500000000
86138  -55.227  7.768  26.221 0.1250000000
79333  -45.645  1.907  33.540 0.7500000000
79342  -45.092  2.087  32.651 0.6250000000
80424  -45.423  2.710  31.125 0.6250000000
81573  -46.081  3.111  29.952 0.3750000000
87167  -54.319  8.546  32.639 0.5000000000
88235  -55.558  9.681  32.523 0.1250000000
88224  -55.958  9.309  33.232 0.1250000000
88225  -56.821  9.573  33.442 0.1250000000
88236  -56.434  9.967  32.751 0.1250000000
81574  -46.678  3.599  29.700 0.3750000000
88247  -53.690  9.293  30.842 0.6250000000
88248  -54.451  9.679  31.333 0.2500000000
88249  -55.212  10.055  31.774 0.2500000000
82757  -48.329  4.487  28.757 0.3750000000
83901  -48.871  5.286  28.728 0.3750000000
83891  -48.834  5.736  29.425 0.5000000000
87202  -53.099  9.093  29.525 0.7500000000
88260  -53.614  9.489  29.954 0.7500000000
88250  -56.011  10.340  32.055 0.3750000000
86120  -50.758  7.131  28.851 0.5000000000
86113  -51.364  7.652  29.279 0.5000000000
162590  -52.383  8.364  28.451 0.5000000000
88274  -54.189  10.020  29.513 0.7500000000
88262  -55.073  10.385  30.848 0.3750000000
144958  -55.702  10.500  31.389 0.3750000000
87205  -52.607  8.369  27.961 0.3750000000
87212  -53.310  8.777  27.725 0.5000000000
88276  -53.695  9.422  28.226 0.6250000000
89256  -54.766  10.445  29.046 0.7500000000
89241  -54.816  10.475  29.908 0.5000000000
87215  -53.878  8.335  26.988 0.2500000000
87213  -54.158  9.136  27.404 0.3750000000
142557  -54.484  9.830  27.872 0.6250000000
81534  -51.436  3.761  35.304 0.3750000000
82699  -51.690  4.425  34.730 0.3750000000
81535  -52.165  4.151  35.337 0.2500000000
80406  -46.023  2.454  32.938 0.7500000000
81533  -50.717  4.020  34.666 0.3750000000
82711  -51.238  4.826  34.058 0.5000000000
155011  -52.808  5.445  34.414 0.2500000000
83839  -53.437  5.744  34.665 0.1250000000
80416  -45.611  2.649  32.039 0.6250000000
82709  -49.602  4.473  33.610 0.6250000000
84983  -53.695  6.292  34.382 0.2500000000
80425  -46.030  3.145  31.514 0.7500000000
82708  -48.728  4.151  33.402 0.7500000000
82710  -50.410  4.631  33.855 0.7500000000
140367  -51.657  5.569  33.535 0.7500000000
83850  -52.489  5.862  33.746 0.3750000000
83851  -53.196  6.110  34.048 0.2500000000
84993  -53.690  6.715  33.874 0.3750000000
84984  -54.866  7.202  34.565 0.1250000000
91166  -58.119  12.592  36.853 0.1250000000
82720  -49.156  4.851  32.845 0.7500000000
82721  -50.006  5.074  33.192 0.7500000000
83849  -50.826  5.292  33.361 0.7500000000
83862  -51.213  5.974  32.782 0.7500000000
83863  -52.092  6.326  33.040 0.7500000000
84992  -53.008  6.656  33.340 0.3750000000
155617  -53.641  7.216  33.395 0.2500000000
84994  -54.324  7.388  33.815 0.1250000000
86071  -55.113  7.955  34.139 0.1250000000
87142  -55.908  8.325  34.371 0.1250000000
89167  -58.927  10.895  35.998 0.1250000000
91167  -58.767  12.204  36.291 0.1250000000
81556  -45.936  3.176  30.651 0.6250000000
81566  -46.456  3.655  30.305 0.5000000000
83861  -50.380  5.633  32.649 0.7500000000
85003  -51.619  6.797  32.191 0.7500000000
85004  -52.540  7.046  32.591 0.6250000000
86080  -53.953  7.839  33.096 0.5000000000
87155  -54.715  8.233  33.399 0.1250000000
87156  -55.532  8.618  33.663 0.1250000000
87157  -56.361  8.940  33.903 0.1250000000
87158  -57.190  9.256  34.171 0.1250000000
88210  -58.008  9.610  34.421 0.1250000000
89179  -59.007  10.696  35.450 0.1250000000
89190  -59.197  10.814  34.740 0.1250000000
91168  -59.367  12.194  35.489 0.1250000000
92118  -57.280  13.090  37.004 0.1250000000
82736  -46.890  4.126  30.058 0.3750000000
83877  -49.823  5.794  31.970 0.7500000000
85002  -50.593  6.340  31.945 0.7500000000
87166  -53.572  8.109  32.400 0.6250000000
87168  -55.116  8.971  32.970 0.1250000000
88226  -57.666  9.857  33.670 0.1250000000
89189  -59.126  10.634  34.027 0.1250000000
90179  -59.607  11.480  34.489 0.1250000000
91174  -59.047  12.734  35.632 0.1250000000
82745  -47.829  4.732  29.433 0.5000000000
83883  -48.210  5.355  29.996 0.5000000000
86088  -51.728  7.360  31.393 0.7500000000
87178  -52.538  7.895  31.372 0.7500000000
87179  -53.136  8.594  31.113 0.6250000000
87180  -53.856  8.838  31.772 0.3750000000
88237  -57.310  10.174  32.959 0.1250000000
88238  -58.144  10.396  33.159 0.1250000000
83890  -48.377  5.163  29.242 0.5000000000
85036  -49.474  6.323  29.726 0.5000000000
85029  -51.027  7.241  30.626 0.7500000000
86101  -51.871  7.757  30.627 0.7500000000
87190  -52.506  8.328  30.495 0.7500000000
89229  -55.865  10.839  30.761 0.3750000000
89230  -56.390  10.794  31.431 0.3750000000
89216  -56.990  10.625  32.170 0.3750000000
85037  -50.127  6.698  29.253 0.5000000000
148702  -51.379  7.637  30.007 0.6250000000
86114  -51.927  8.078  29.822 0.7500000000
87201  -52.554  8.608  29.620 0.6250000000
89258  -55.988  11.185  29.954 0.5000000000
89268  -55.274  10.249  27.642 0.6250000000
89257  -55.393  10.843  29.414 0.6250000000
88282  -54.963  9.497  27.162 0.5000000000
88287  -55.558  9.109  26.620 0.3750000000
88293  -56.878  9.001  25.864 0.2500000000
81522  -50.795  3.432  35.342 0.3750000000
80417  -46.404  3.021  32.349 0.7500000000
81550  -47.200  3.564  32.471 0.7500000000
150843  -48.146  3.546  33.582 0.7500000000
157110  -46.609  3.479  31.803 0.7500000000
81551  -47.957  3.929  32.924 0.7500000000
81557  -46.442  3.650  31.068 0.7500000000
81558  -47.079  3.972  31.568 0.7500000000
82718  -47.806  4.357  32.112 0.7500000000
82719  -48.538  4.860  32.127 0.7500000000
82727  -46.913  4.160  30.687 0.7500000000
82728  -47.526  4.578  31.182 0.7500000000
82729  -48.107  4.836  31.553 0.7500000000
148223  -49.714  5.348  32.564 0.7500000000
92132  -57.642  13.251  36.058 0.1250000000
159760  -47.463  4.674  30.218 0.5000000000
82737  -48.047  5.083  30.840 0.5000000000
83875  -48.594  5.267  31.437 0.7500000000
83860  -49.161  5.345  32.043 0.7500000000
89204  -58.915  10.717  33.317 0.1250000000
159217  -59.567  11.216  33.993 0.1250000000
91175  -59.583  12.756  34.950 0.1250000000
92143  -58.646  13.418  34.711 0.1250000000
140239  -57.687  13.403  35.241 0.1250000000
83876  -49.197  5.825  31.222 0.6250000000
159654  -49.888  6.257  31.382 0.7500000000
85018  -50.356  6.722  31.053 0.7500000000
145825  -57.811  10.621  32.537 0.1250000000
89217  -58.586  10.897  32.581 0.1250000000
89205  -59.416  11.087  33.496 0.1250000000
90191  -59.857  11.543  33.347 0.1250000000
91181  -60.294  12.498  33.847 0.1250000000
92144  -59.613  13.278  34.527 0.1250000000
83884  -48.929  5.924  30.267 0.5000000000
85017  -49.627  6.376  30.643 0.5000000000
89243  -56.698  11.267  30.669 0.3750000000
145753  -57.127  11.089  31.437 0.3750000000
88288  -56.219  9.660  26.458 0.5000000000
88284  -55.992  10.388  27.101 0.5000000000
80407  -46.930  2.844  33.229 0.7500000000
136953  -56.715  10.467  26.702 0.5000000000
56401  -15.624  -18.589  57.647 0.6250000000
53303  -18.927  -20.925  53.567 0.3750000000
66643  -28.607  -9.903  47.346 0.6250000000
163870  -25.817  -10.994  60.414 0.5000000000
152032  -39.425  -4.782  56.863 0.2500000000
55399  -24.360  -18.956  56.336 0.8750000000
55411  -22.766  -18.973  55.883 0.8750000000
144962  -38.234  -4.821  55.102 0.2500000000
71086  -38.382  -5.518  54.596 0.2500000000
67956  -34.328  -8.228  47.078 0.8750000000
163555  -33.686  -7.361  47.474 0.8750000000
72154  -35.352  -4.019  53.307 0.5000000000
69151  -32.455  -7.486  45.998 0.8750000000
73311  -34.015  -3.184  49.658 0.3750000000
70151  -31.331  -6.570  44.099 0.6250000000
70163  -31.253  -6.503  43.268 0.6250000000
65460  -31.776  -10.658  47.263 0.7500000000
65458  -29.289  -10.281  46.984 0.6250000000
73256  -35.862  -3.715  54.068 0.5000000000
69137  -33.616  -7.885  46.773 0.8750000000
69150  -31.924  -7.339  45.274 0.8750000000
55409  -16.577  -19.308  55.821 0.6250000000
54367  -16.679  -20.008  55.399 0.5000000000
53313  -21.250  -21.464  52.067 0.2500000000
65468  -29.583  -10.864  46.704 0.6250000000
63104  -30.400  -12.265  46.659 0.6250000000
63105  -31.156  -12.567  46.437 0.6250000000
64215  -31.625  -11.269  46.678 0.7500000000
64228  -32.372  -11.806  46.621 0.7500000000
62022  -37.226  -13.864  45.947 0.1250000000
64251  -35.709  -11.879  43.962 0.3750000000
55398  -23.852  -19.298  56.759 0.8750000000
72134  -37.336  -4.103  55.026 0.2500000000
67987  -33.348  -8.680  45.818 0.6250000000
69152  -33.140  -8.057  46.210 0.7500000000
66673  -33.590  -9.423  45.375 0.6250000000
62907  -25.577  -12.734  59.945 0.5000000000
68007  -31.757  -8.078  43.988 0.6250000000
68032  -31.979  -8.880  42.794 0.5000000000
68022  -31.577  -8.102  43.193 0.5000000000
66696  -32.617  -9.388  44.012 0.6250000000
68042  -32.034  -8.900  41.943 0.5000000000
66742  -32.627  -9.493  42.394 0.5000000000
159566  -31.831  -8.026  40.744 0.6250000000
68053  -32.368  -8.499  40.315 0.3750000000
70178  -31.243  -6.536  42.425 0.6250000000
70215  -31.665  -6.481  40.870 0.6250000000
71233  -31.481  -5.838  42.049 0.6250000000
159872  -32.207  -7.264  39.779 0.5000000000
68063  -33.200  -8.522  39.163 0.2500000000
68073  -34.329  -8.697  38.342 0.2500000000
68088  -34.003  -7.963  37.854 0.5000000000
156485  -37.204  -6.526  35.173 0.3750000000
70276  -35.712  -6.169  35.779 0.5000000000
71234  -32.066  -5.280  41.619 0.7500000000
71257  -32.515  -5.679  39.848 0.5000000000
69261  -34.555  -7.599  37.292 0.5000000000
70261  -35.174  -6.370  36.293 0.6250000000
70294  -37.715  -6.251  34.756 0.3750000000
72286  -32.721  -4.838  41.144 0.7500000000
77055  -39.870  -0.628  34.843 0.6250000000
135783  -41.461  -0.392  35.270 0.7500000000
72403  -37.762  -3.786  34.010 0.3750000000
74729  -37.766  -2.129  34.702 0.5000000000
74730  -37.799  -2.793  34.158 0.3750000000
75884  -37.865  -1.822  35.205 0.5000000000
75904  -38.397  -1.532  34.720 0.6250000000
75921  -38.779  -1.664  33.850 0.5000000000
77085  -39.837  -0.672  34.082 0.6250000000
77086  -40.308  -0.627  33.463 0.6250000000
77071  -41.219  -0.112  34.520 0.6250000000
74743  -39.109  -2.884  33.152 0.3750000000
75922  -39.606  -1.250  33.467 0.6250000000
75933  -39.923  -1.781  32.796 0.5000000000
77087  -40.978  -0.121  33.607 0.6250000000
75923  -40.244  -1.126  32.872 0.6250000000
153981  -35.417  -4.348  36.402 0.7500000000
74716  -37.734  -1.964  35.813 0.7500000000
78216  -42.277  0.625  33.234 0.6250000000
75934  -41.208  -1.158  31.924 0.5000000000
77108  -41.483  -0.642  31.934 0.3750000000
75942  -41.801  -1.177  31.589 0.3750000000
146917  -43.197  -1.771  31.344 0.2500000000
77097  -42.094  -0.336  31.606 0.5000000000
74701  -38.375  -1.857  36.335 0.7500000000
152871  -43.137  0.877  33.593 0.6250000000
79340  -43.703  1.412  32.270 0.5000000000
78246  -43.723  0.728  30.763 0.5000000000
79358  -44.194  1.042  30.562 0.5000000000
79373  -49.288  1.841  29.571 0.1250000000
82770  -49.827  5.021  27.917 0.2500000000
148377  -44.358  1.609  32.888 0.6250000000
143927  -43.897  1.492  31.562 0.5000000000
78259  -46.321  0.992  29.824 0.3750000000
80444  -47.119  2.518  29.202 0.3750000000
85059  -51.227  6.279  27.511 0.2500000000
85060  -51.929  6.287  27.125 0.2500000000
80415  -44.897  2.271  31.620 0.5000000000
80458  -47.681  3.003  28.862 0.3750000000
82744  -47.243  4.178  29.559 0.3750000000
85046  -49.479  6.011  28.785 0.3750000000
85048  -50.929  6.829  28.104 0.3750000000
87200  -52.047  8.198  28.920 0.5000000000
86131  -52.405  7.668  27.526 0.3750000000
87216  -54.829  8.593  26.706 0.2500000000
86139  -55.953  7.891  25.935 0.1250000000
87217  -55.561  8.423  26.329 0.2500000000
88234  -54.710  9.338  32.207 0.2500000000
87191  -53.090  8.897  30.281 0.7500000000
88261  -54.286  9.934  30.415 0.7500000000
86100  -50.770  7.244  29.680 0.5000000000
87206  -52.851  8.851  28.677 0.6250000000
88273  -53.564  9.514  29.086 0.7500000000
88277  -54.228  9.964  28.667 0.7500000000
89260  -54.800  10.286  28.321 0.6250000000
82700  -52.482  4.750  34.827 0.2500000000
82712  -52.048  5.165  34.234 0.2500000000
159332  -48.425  4.442  32.693 0.7500000000
86079  -53.283  7.415  32.824 0.6250000000
88194  -58.856  10.290  35.303 0.1250000000
90163  -59.082  11.627  35.974 0.1250000000
92125  -58.307  12.899  36.252 0.1250000000
86090  -52.911  7.679  32.163 0.6250000000
86089  -52.268  7.377  31.964 0.7500000000
88211  -58.688  10.094  34.725 0.1250000000
85019  -51.057  6.927  31.458 0.7500000000
159801  -53.208  8.223  31.777 0.6250000000
88227  -58.466  10.202  33.895 0.1250000000
91180  -59.834  12.182  34.638 0.1250000000
92133  -58.497  13.184  35.554 0.1250000000
85028  -50.198  6.811  30.161 0.5000000000
88283  -55.559  9.842  26.934 0.5000000000
89261  -55.372  10.687  28.512 0.6250000000
92131  -56.118  13.543  35.612 0.1250000000
145984  -48.567  5.524  30.735 0.6250000000
90180  -59.980  11.809  33.915 0.1250000000
92140  -55.739  13.515  34.719 0.1250000000
89218  -59.445  11.317  32.753 0.1250000000
54230  -6.176  -20.807  69.492 0.1250000000
55242  -6.370  -19.854  69.931 0.2500000000
54231  -6.258  -20.545  69.707 0.2500000000
54232  -7.183  -20.200  70.162 0.2500000000
55241  -5.864  -19.951  69.618 0.2500000000
158055  -6.501  -21.001  69.929 0.1250000000
140236  -6.661  -20.972  70.053 0.2500000000
154364  -7.398  -21.015  70.170 0.2500000000
54234  -5.807  -20.451  69.317 0.1250000000
53185  -8.978  -21.186  69.012 0.2500000000
53186  -5.980  -21.291  68.508 0.1250000000
54233  -8.061  -20.488  69.905 0.2500000000
54235  -8.708  -20.384  69.353 0.2500000000
149442  -5.632  -20.649  67.912 0.3750000000
56247  -6.374  -18.713  70.015 0.3750000000
55243  -7.030  -19.212  70.184 0.3750000000
55246  -5.475  -19.714  69.470 0.3750000000
137187  -5.534  -19.179  69.690 0.3750000000
55244  -7.825  -19.506  70.006 0.3750000000
163881  -4.804  -19.017  68.718 0.3750000000
55247  -8.463  -19.623  69.619 0.3750000000
55250  -5.193  -19.856  68.710 0.3750000000
56265  -4.727  -19.141  67.922 0.3750000000
55255  -5.193  -19.800  67.479 0.3750000000
54237  -9.247  -20.326  68.662 0.2500000000
54240  -9.713  -20.265  68.065 0.2500000000
53187  -9.567  -20.975  68.233 0.2500000000
54241  -9.969  -20.709  67.414 0.2500000000
52062  -10.498  -21.900  66.159 0.2500000000
54246  -10.293  -20.754  66.372 0.2500000000
53205  -10.827  -21.826  65.214 0.2500000000
53209  -10.799  -20.897  64.920 0.2500000000
53210  -11.168  -21.557  64.399 0.2500000000
52074  -11.624  -22.153  63.844 0.1250000000
51002  -14.849  -22.957  59.918 0.1250000000
140606  -5.914  -19.246  69.815 0.3750000000
56251  -5.248  -18.466  69.723 0.3750000000
56248  -7.039  -18.385  70.190 0.3750000000
56250  -4.837  -18.398  69.174 0.3750000000
155578  -8.306  -18.909  69.789 0.3750000000
56264  -4.671  -18.375  67.370 0.3750000000
57375  -4.720  -17.558  67.784 0.2500000000
137357  -9.015  -19.604  69.086 0.2500000000
55256  -9.991  -19.786  67.607 0.3750000000
54252  -10.591  -20.305  65.516 0.2500000000
54258  -11.119  -20.609  64.182 0.2500000000
53214  -11.425  -21.210  63.573 0.1250000000
53215  -11.878  -21.826  62.915 0.2500000000
53221  -11.619  -20.838  62.763 0.2500000000
53229  -12.964  -21.625  60.765 0.1250000000
52090  -13.436  -22.566  61.026 0.1250000000
52098  -13.616  -21.908  60.174 0.1250000000
52099  -14.356  -22.172  59.544 0.1250000000
52100  -15.009  -22.624  59.357 0.1250000000
57359  -5.981  -17.470  69.788 0.2500000000
56245  -6.773  -17.914  70.108 0.3750000000
57371  -4.779  -17.596  68.818 0.2500000000
57354  -6.539  -16.881  69.905 0.2500000000
55245  -8.523  -18.092  69.859 0.3750000000
55248  -8.813  -18.780  69.445 0.3750000000
58492  -4.907  -16.729  68.349 0.2500000000
56252  -9.346  -18.103  69.144 0.5000000000
55251  -9.595  -19.505  68.360 0.3750000000
55261  -10.446  -19.734  66.161 0.5000000000
54277  -11.523  -19.993  62.678 0.3750000000
163726  -12.114  -20.873  61.696 0.2500000000
53237  -13.131  -21.019  60.015 0.2500000000
52110  -14.909  -22.098  58.861 0.1250000000
52112  -16.012  -22.775  58.329 0.1250000000
51020  -16.772  -23.223  57.902 0.1250000000
51012  -18.042  -23.988  57.792 0.1250000000
49893  -19.231  -24.111  57.279 0.1250000000
52123  -16.326  -22.462  57.515 0.1250000000
51021  -17.538  -23.434  57.388 0.1250000000
51034  -17.935  -23.263  56.682 0.1250000000
51048  -18.833  -22.996  55.493 0.1250000000
59548  -7.304  -15.650  70.162 0.1250000000
58465  -8.126  -16.014  70.528 0.1250000000
57358  -8.684  -16.242  70.487 0.1250000000
164072  -9.082  -16.736  70.123 0.2500000000
59555  -6.968  -15.611  69.888 0.1250000000
155926  -6.785  -16.131  69.934 0.2500000000
57357  -8.100  -16.845  70.358 0.2500000000
57362  -8.580  -17.156  70.131 0.2500000000
57363  -9.684  -16.713  69.804 0.3750000000
62830  -23.706  -12.105  66.894 0.1250000000
63976  -23.499  -11.443  67.252 0.1250000000
62822  -23.858  -11.652  67.322 0.1250000000
59554  -6.491  -15.962  69.625 0.2500000000
139046  -7.561  -16.577  70.333 0.1250000000
57367  -9.774  -17.280  69.265 0.2500000000
56253  -9.934  -17.712  68.815 0.5000000000
62831  -24.076  -12.172  66.935 0.1250000000
58493  -5.195  -15.936  67.909 0.2500000000
57361  -8.116  -17.635  70.209 0.3750000000
57366  -9.108  -17.463  69.676 0.5000000000
56259  -9.867  -18.488  68.418 0.5000000000
58481  -5.116  -16.893  69.282 0.2500000000
163295  -8.917  -18.121  69.534 0.3750000000
56266  -10.077  -19.091  67.823 0.5000000000
55284  -11.397  -19.502  63.327 0.3750000000
55298  -11.687  -19.208  62.647 0.5000000000
54295  -11.800  -19.672  62.127 0.2500000000
146672  -12.217  -20.505  61.294 0.2500000000
53246  -14.403  -21.406  58.852 0.1250000000
155671  -15.390  -22.194  58.414 0.1250000000
53262  -15.934  -21.499  57.026 0.1250000000
52131  -16.670  -22.225  56.796 0.1250000000
52132  -17.339  -22.798  56.688 0.1250000000
52141  -17.116  -22.047  56.104 0.1250000000
52133  -17.909  -22.722  55.957 0.1250000000
52154  -19.637  -22.511  54.269 0.2500000000
62003  -30.848  -13.039  46.653 0.5000000000
58466  -9.163  -15.509  70.748 0.1250000000
65214  -23.431  -10.420  68.201 0.1250000000
66378  -25.734  -9.115  67.983 0.2500000000
67694  -26.489  -8.668  67.575 0.2500000000
57368  -10.459  -16.631  69.411 0.2500000000
137395  -10.298  -17.193  68.924 0.2500000000
61771  -23.441  -13.074  66.001 0.1250000000
62829  -23.390  -11.868  66.814 0.1250000000
65215  -24.004  -10.679  68.243 0.1250000000
66383  -25.177  -9.782  67.738 0.1250000000
66385  -26.767  -8.899  66.944 0.2500000000
56267  -10.457  -17.597  68.281 0.5000000000
59621  -24.022  -15.720  64.675 0.1250000000
60745  -24.435  -14.490  65.407 0.1250000000
61773  -24.286  -13.247  66.163 0.1250000000
61774  -24.762  -12.956  65.910 0.1250000000
63977  -24.535  -11.084  67.169 0.1250000000
65222  -25.032  -10.280  67.105 0.1250000000
66390  -26.221  -9.495  66.428 0.2500000000
66391  -26.968  -8.985  66.222 0.2500000000
67709  -27.729  -8.584  65.104 0.2500000000
67710  -28.380  -8.148  64.747 0.2500000000
59622  -24.585  -15.605  64.785 0.1250000000
60746  -25.004  -14.555  65.243 0.1250000000
63999  -24.926  -11.590  65.963 0.1250000000
137666  -25.482  -10.755  65.447 0.2500000000
66397  -26.465  -9.501  65.711 0.2500000000
153599  -27.155  -9.068  64.647 0.2500000000
67711  -29.073  -7.773  64.390 0.2500000000
141720  -25.383  -16.607  63.734 0.1250000000
58541  -25.695  -15.944  64.064 0.1250000000
61797  -25.544  -14.084  64.914 0.1250000000
61806  -26.018  -13.619  63.660 0.1250000000
64013  -25.615  -11.203  64.721 0.1250000000
65248  -25.991  -10.097  65.071 0.2500000000
66407  -26.480  -9.678  64.221 0.2500000000
67728  -28.421  -8.224  63.848 0.2500000000
67729  -29.123  -7.822  63.444 0.2500000000
155107  -25.752  -16.506  63.507 0.2500000000
59659  -26.029  -15.720  62.429 0.2500000000
136079  -25.825  -12.815  64.073 0.1250000000
62877  -25.760  -11.968  63.430 0.2500000000
65265  -26.090  -10.333  63.509 0.2500000000
66425  -26.574  -9.633  63.222 0.2500000000
140821  -27.742  -8.628  63.345 0.2500000000
56304  -11.758  -18.201  63.992 0.3750000000
58575  -26.022  -16.434  61.924 0.2500000000
139272  -26.197  -16.241  60.997 0.3750000000
61820  -25.899  -13.884  61.804 0.2500000000
62896  -25.739  -12.881  62.129 0.2500000000
64040  -25.904  -11.081  62.972 0.2500000000
65279  -26.210  -10.246  62.662 0.3750000000
66426  -27.113  -9.074  62.855 0.3750000000
56303  -11.650  -18.729  63.286 0.5000000000
56318  -12.097  -18.426  62.646 0.5000000000
55299  -12.106  -18.944  61.963 0.5000000000
54296  -12.084  -19.715  61.477 0.5000000000
55330  -12.891  -19.247  60.199 0.5000000000
54313  -12.850  -20.133  59.995 0.3750000000
54327  -13.426  -20.404  59.373 0.2500000000
54341  -14.269  -20.090  58.243 0.2500000000
53253  -14.967  -21.455  58.193 0.1250000000
53261  -15.399  -20.527  57.011 0.2500000000
53271  -16.462  -21.349  56.292 0.1250000000
156523  -16.384  -20.554  55.911 0.2500000000
141064  -17.576  -21.772  55.412 0.1250000000
53282  -18.063  -21.536  54.777 0.1250000000
52153  -18.820  -22.238  54.649 0.1250000000
53294  -19.187  -21.766  53.909 0.2500000000
62017  -31.522  -13.255  46.500 0.5000000000
62004  -31.273  -13.688  46.847 0.2500000000
60684  -9.433  -14.016  71.174 0.1250000000
145668  -9.586  -15.015  70.995 0.1250000000
61730  -8.238  -14.023  70.351 0.1250000000
60690  -8.955  -14.407  70.975 0.1250000000
58467  -10.112  -15.426  70.689 0.1250000000
58471  -10.975  -15.580  70.307 0.1250000000
61742  -7.246  -14.677  69.351 0.1250000000
136205  -8.555  -15.475  70.702 0.1250000000
58469  -9.482  -16.125  70.380 0.1250000000
59639  -23.611  -16.295  63.533 0.1250000000
60772  -23.041  -14.813  63.782 0.1250000000
61796  -23.045  -13.763  64.879 0.1250000000
62865  -22.795  -12.862  64.938 0.1250000000
65221  -22.867  -10.360  67.597 0.1250000000
67690  -25.457  -8.712  68.687 0.2500000000
67692  -27.012  -7.944  67.880 0.2500000000
67695  -27.282  -8.151  67.275 0.2500000000
58470  -10.274  -16.089  70.088 0.1250000000
156479  -23.524  -15.505  64.267 0.1250000000
155128  -23.454  -14.393  65.172 0.1250000000
62842  -23.251  -12.272  66.323 0.1250000000
63975  -23.177  -11.127  67.172 0.1250000000
66376  -24.385  -10.063  68.433 0.2500000000
66377  -24.950  -9.451  68.462 0.2500000000
67696  -28.073  -7.691  67.047 0.2500000000
67703  -28.282  -7.995  65.604 0.2500000000
57372  -10.860  -16.823  68.781 0.3750000000
57376  -10.918  -17.687  67.347 0.3750000000
58540  -24.053  -16.924  63.461 0.1250000000
57416  -24.289  -16.616  63.855 0.1250000000
60744  -23.874  -14.374  65.492 0.1250000000
67698  -27.469  -8.323  66.660 0.2500000000
67699  -28.188  -7.836  66.400 0.2500000000
67704  -28.977  -7.623  65.294 0.2500000000
139637  -11.187  -16.947  68.005 0.3750000000
55317  -24.617  -19.808  61.875 0.2500000000
56308  -24.301  -18.013  62.850 0.1250000000
57417  -24.805  -16.624  63.873 0.1250000000
55334  -24.793  -19.921  61.065 0.3750000000
56324  -25.302  -18.437  62.338 0.2500000000
136719  -25.362  -17.711  62.709 0.1250000000
55351  -24.918  -19.967  60.060 0.3750000000
55335  -25.621  -19.510  60.465 0.3750000000
159794  -26.138  -19.068  60.494 0.3750000000
57469  -26.011  -18.102  61.755 0.3750000000
57424  -12.533  -17.707  63.682 0.5000000000
57443  -13.334  -17.578  62.538 0.5000000000
55367  -24.824  -19.811  59.066 0.3750000000
56368  -26.205  -19.094  59.731 0.3750000000
58590  -26.487  -16.853  60.412 0.3750000000
137420  -25.926  -14.666  61.132 0.2500000000
152049  -25.662  -11.944  61.430 0.3750000000
64054  -25.955  -10.914  61.976 0.3750000000
66436  -26.650  -9.609  62.376 0.3750000000
66437  -27.127  -9.105  62.025 0.3750000000
67760  -27.596  -8.721  61.724 0.3750000000
57442  -12.625  -17.836  62.880 0.5000000000
57461  -13.486  -17.659  61.714 0.5000000000
142420  -24.522  -19.639  58.081 0.3750000000
56386  -26.179  -18.970  58.787 0.5000000000
57506  -26.725  -17.647  58.693 0.3750000000
59707  -26.348  -15.495  59.771 0.5000000000
137627  -26.067  -14.574  60.138 0.3750000000
61829  -25.672  -13.196  60.392 0.3750000000
66446  -26.685  -9.617  61.597 0.3750000000
56333  -13.071  -18.062  61.208 0.5000000000
158764  -26.246  -18.808  57.989 0.6250000000
56407  -26.436  -18.251  57.463 0.6250000000
59723  -26.453  -15.758  58.903 0.6250000000
60828  -26.186  -14.883  59.185 0.3750000000
61838  -25.709  -13.344  59.683 0.2500000000
57479  -13.683  -17.784  60.936 0.5000000000
55346  -13.304  -19.551  59.476 0.2500000000
55347  -13.815  -18.998  59.011 0.5000000000
149914  -14.476  -20.804  58.346 0.2500000000
53270  -15.940  -20.573  56.417 0.3750000000
53292  -17.973  -20.717  54.418 0.2500000000
60975  -31.825  -13.768  46.661 0.3750000000
60976  -32.446  -14.051  46.610 0.3750000000
59835  -33.451  -15.156  47.450 0.1250000000
59551  -10.350  -14.631  71.136 0.1250000000
61731  -8.864  -13.729  70.653 0.1250000000
149376  -10.945  -16.024  69.791 0.1250000000
58483  -11.661  -16.416  68.643 0.1250000000
138369  -23.120  -15.442  63.232 0.1250000000
61805  -22.755  -13.920  63.760 0.1250000000
57377  -11.656  -17.038  67.192 0.3750000000
57468  -23.521  -18.030  62.316 0.1250000000
58556  -23.698  -17.159  62.820 0.1250000000
56340  -23.704  -18.861  62.611 0.1250000000
56322  -24.014  -18.720  62.734 0.1250000000
148995  -23.753  -19.487  62.493 0.2500000000
54320  -23.389  -20.652  61.390 0.2500000000
54334  -24.145  -20.287  59.677 0.2500000000
54321  -24.149  -20.377  60.711 0.2500000000
161153  -23.719  -19.955  58.287 0.5000000000
55368  -25.531  -19.265  58.321 0.3750000000
57462  -14.287  -17.546  61.524 0.5000000000
55384  -25.121  -19.123  57.539 0.7500000000
161658  -26.553  -16.514  57.395 0.6250000000
59722  -26.228  -15.109  58.283 0.5000000000
56365  -14.168  -18.279  59.427 0.5000000000
161874  -32.137  -13.489  46.472 0.6250000000
62018  -32.857  -13.547  46.388 0.6250000000
60977  -33.305  -14.270  46.575 0.5000000000
58472  -11.755  -15.673  69.916 0.1250000000
58468  -11.084  -14.987  70.786 0.1250000000
58494  -12.078  -16.485  67.898 0.1250000000
58495  -12.763  -16.507  67.170 0.1250000000
58555  -23.196  -16.226  62.463 0.1250000000
62876  -22.405  -12.961  63.332 0.1250000000
56339  -23.115  -18.770  62.155 0.1250000000
136111  -23.162  -17.069  61.721 0.1250000000
54284  -22.787  -20.387  62.482 0.2500000000
54302  -22.583  -20.925  62.118 0.2500000000
54319  -22.685  -20.889  61.003 0.1250000000
54332  -22.772  -20.739  60.030 0.5000000000
56351  -13.877  -17.973  60.168 0.6250000000
59562  -12.701  -15.433  69.709 0.1250000000
58484  -12.544  -16.076  68.544 0.1250000000
58485  -13.468  -15.826  68.401 0.1250000000
58496  -13.877  -16.097  67.579 0.1250000000
144394  -12.932  -16.135  67.920 0.1250000000
144955  -13.746  -16.397  66.914 0.1250000000
56355  -21.463  -18.481  61.432 0.1250000000
156007  -22.552  -16.812  60.541 0.1250000000
60796  -22.570  -14.876  61.081 0.1250000000
155278  -22.460  -13.568  62.537 0.1250000000
58505  -13.161  -16.691  66.353 0.1250000000
54282  -21.150  -21.088  62.888 0.1250000000
56338  -22.028  -19.421  62.441 0.2500000000
57467  -22.881  -17.845  61.367 0.1250000000
62875  -22.106  -12.134  62.945 0.1250000000
57399  -13.606  -16.876  65.675 0.2500000000
54283  -22.028  -20.745  62.623 0.1250000000
54299  -19.799  -21.172  62.125 0.3750000000
146952  -15.010  -17.984  59.273 0.6250000000
60979  -35.169  -14.653  46.627 0.2500000000
62033  -38.204  -13.459  45.387 0.1250000000
63125  -37.939  -13.011  44.671 0.1250000000
58486  -14.431  -15.729  68.164 0.1250000000
137516  -14.518  -16.402  67.038 0.1250000000
57386  -14.355  -16.669  66.359 0.2500000000
56337  -21.272  -19.264  62.437 0.1250000000
164010  -14.534  -17.045  65.702 0.2500000000
54270  -20.297  -20.838  63.336 0.2500000000
159990  -17.788  -19.913  61.316 0.3750000000
54315  -18.855  -20.653  61.258 0.3750000000
55332  -17.719  -19.583  60.617 0.5000000000
55333  -18.333  -19.993  60.383 0.3750000000
63132  -36.979  -12.409  43.815 0.1250000000
63140  -37.179  -12.037  43.295 0.1250000000
64260  -36.365  -11.915  43.298 0.1250000000
64265  -35.930  -11.345  42.678 0.1250000000
65503  -37.259  -10.275  42.814 0.1250000000
64259  -35.470  -11.525  43.189 0.1250000000
65510  -35.249  -11.062  42.618 0.1250000000
65511  -35.919  -10.440  42.308 0.1250000000
66745  -35.045  -10.257  42.147 0.1250000000
66746  -36.496  -9.547  42.196 0.1250000000
67973  -35.141  -9.142  47.039 0.7500000000
66675  -35.183  -10.244  46.123 0.5000000000
65493  -34.370  -10.848  44.314 0.3750000000
153973  -34.164  -10.760  43.425 0.2500000000
160122  -34.829  -11.190  43.078 0.2500000000
65509  -33.724  -10.340  42.755 0.2500000000
66721  -33.075  -9.936  42.794 0.3750000000
66720  -32.577  -9.476  43.190 0.3750000000
69262  -35.157  -8.087  37.108 0.3750000000
70278  -37.138  -7.059  35.471 0.2500000000
69273  -36.666  -7.480  35.908 0.3750000000
70279  -37.788  -6.993  35.177 0.2500000000
73340  -34.394  -3.209  47.248 0.3750000000
73341  -35.250  -3.013  47.251 0.3750000000
73370  -35.493  -3.386  45.740 0.2500000000
159581  -36.577  -3.476  44.990 0.3750000000
89303  -59.403  10.266  23.967 0.1250000000
89304  -59.703  10.060  23.370 0.1250000000
90296  -59.836  10.975  23.526 0.1250000000
89292  -59.018  10.418  24.587 0.2500000000
90286  -59.646  11.318  24.471 0.1250000000
88289  -56.894  9.903  26.146 0.3750000000
89272  -57.474  10.586  26.233 0.3750000000
89273  -58.273  11.031  25.898 0.3750000000
90272  -59.022  11.488  25.602 0.3750000000
89278  -58.545  10.533  25.223 0.1250000000
89279  -59.187  11.141  25.026 0.2500000000
144163  -60.329  11.975  23.940 0.2500000000
137484  -55.992  10.821  27.903 0.5000000000
90253  -56.784  11.326  28.054 0.5000000000
89270  -57.369  11.255  27.162 0.3750000000
90265  -58.068  11.359  26.556 0.3750000000
90266  -58.864  11.784  26.343 0.3750000000
90273  -59.705  11.875  25.324 0.3750000000
90274  -60.303  12.566  25.781 0.2500000000
90287  -60.267  12.335  24.943 0.2500000000
91283  -60.719  13.094  25.460 0.2500000000
91294  -60.739  12.921  24.449 0.2500000000
91295  -60.880  13.477  24.874 0.2500000000
143727  -60.855  14.406  23.991 0.2500000000
159906  -58.994  14.646  24.406 0.2500000000
89262  -56.145  11.236  28.909 0.5000000000
90254  -57.780  11.827  28.180 0.5000000000
90262  -58.601  11.987  27.306 0.5000000000
90263  -59.734  12.530  27.724 0.5000000000
90267  -59.630  12.388  26.848 0.5000000000
91267  -60.321  12.846  27.229 0.5000000000
138665  -59.676  12.175  26.065 0.5000000000
151858  -60.662  13.056  26.174 0.3750000000
92267  -60.985  13.756  26.351 0.3750000000
162159  -60.862  13.465  25.505 0.3750000000
93242  -61.075  14.134  25.832 0.3750000000
92286  -60.977  13.756  25.417 0.3750000000
94242  -60.809  14.608  25.569 0.3750000000
145818  -60.941  14.229  24.787 0.3750000000
94254  -59.398  15.134  24.852 0.3750000000
137618  -60.523  14.627  23.839 0.2500000000
93255  -57.325  14.514  25.554 0.2500000000
94211  -60.637  15.457  27.313 0.2500000000
159520  -60.967  14.502  26.230 0.3750000000
94241  -60.395  15.234  25.603 0.3750000000
95165  -60.051  15.966  26.096 0.3750000000
95153  -59.483  16.539  26.563 0.3750000000
94240  -59.781  15.541  25.425 0.3750000000
94239  -58.888  15.505  25.534 0.2500000000
142087  -26.337  -10.107  61.968 0.3750000000
58634  -26.662  -17.261  57.759 0.6250000000
73371  -36.320  -3.362  45.630 0.3750000000
136038  -11.317  -18.995  63.979 0.5000000000
54267  -11.332  -20.316  63.414 0.3750000000
55361  -14.255  -19.284  58.376 0.5000000000
54352  -15.144  -19.651  57.195 0.2500000000
63090  -29.551  -11.904  47.001 0.3750000000
138485  -20.550  -21.452  62.758 0.2500000000
54318  -21.958  -20.911  60.307 0.2500000000
65481  -34.705  -10.662  45.227 0.3750000000
148771  -23.242  -20.360  59.132 0.6250000000
66674  -34.354  -9.818  45.734 0.5000000000
65492  -33.730  -10.405  44.105 0.3750000000
62908  -25.585  -12.412  60.567 0.3750000000
56406  -25.853  -18.781  57.429 0.6250000000
160717  -25.871  -13.801  60.092 0.2500000000
59738  -26.483  -16.058  57.933 0.5000000000
143690  -36.626  -8.227  36.455 0.2500000000
89269  -56.555  10.855  27.369 0.5000000000
56381  -14.517  -18.554  58.715 0.6250000000
53281  -16.885  -21.082  55.632 0.1250000000
160025  -6.015  -21.089  69.084 0.1250000000
54236  -5.708  -20.660  68.754 0.2500000000
56246  -5.770  -18.420  69.845 0.3750000000
56256  -4.682  -18.366  68.272 0.3750000000
141639  -4.887  -19.071  67.004 0.3750000000
53197  -10.214  -21.481  66.962 0.2500000000
135839  -10.176  -19.990  66.875 0.2500000000
53204  -10.544  -21.146  65.624 0.2500000000
52091  -14.150  -22.727  60.352 0.1250000000
57364  -5.060  -17.720  69.589 0.3750000000
57360  -6.336  -17.773  69.922 0.3750000000
56249  -7.774  -18.487  70.115 0.3750000000
153629  -4.698  -18.428  66.644 0.3750000000
56258  -9.287  -18.911  68.902 0.3750000000
53222  -12.011  -21.215  62.128 0.2500000000
53228  -12.427  -21.295  61.424 0.1250000000
52111  -15.459  -22.690  58.920 0.1250000000
57365  -5.606  -17.167  69.671 0.2500000000
57355  -6.914  -17.143  70.140 0.3750000000
57356  -7.465  -17.561  70.242 0.3750000000
59579  -5.210  -15.946  67.021 0.1250000000
53236  -12.616  -20.755  60.664 0.1250000000
53245  -13.789  -21.262  59.427 0.1250000000
52122  -15.637  -21.947  57.815 0.1250000000
51009  -15.917  -23.217  59.001 0.1250000000
51010  -16.512  -23.574  58.702 0.1250000000
51022  -18.438  -23.759  57.140 0.1250000000
51035  -18.568  -23.387  56.340 0.1250000000
52124  -16.912  -22.885  57.238 0.1250000000
52142  -18.236  -22.294  55.245 0.1250000000
59549  -7.869  -15.231  70.464 0.1250000000
159371  -7.536  -15.098  70.170 0.1250000000
61772  -23.869  -13.232  66.232 0.1250000000
62832  -24.446  -11.819  66.759 0.1250000000
59560  -6.227  -15.702  69.092 0.2500000000
54312  -12.439  -19.857  60.715 0.3750000000
54328  -14.006  -20.625  58.821 0.1250000000
155276  -15.310  -21.196  57.515 0.2500000000
66384  -25.869  -9.491  67.197 0.2500000000
67691  -26.230  -8.398  68.274 0.2500000000
142879  -23.186  -13.235  65.471 0.1250000000
63985  -23.009  -11.518  66.643 0.1250000000
65208  -23.721  -9.987  68.665 0.2500000000
63970  -24.600  -10.462  67.796 0.1250000000
59603  -24.685  -15.085  65.140 0.1250000000
62845  -24.708  -12.077  66.219 0.1250000000
64000  -25.197  -10.847  65.956 0.1250000000
63987  -25.429  -10.134  66.498 0.2500000000
65238  -25.752  -10.069  65.875 0.2500000000
67702  -27.606  -8.456  65.902 0.2500000000
160164  -26.661  -9.449  65.040 0.2500000000
146121  -27.757  -8.621  64.246 0.2500000000
59640  -25.870  -15.105  64.264 0.1250000000
62855  -25.158  -12.739  65.409 0.1250000000
61798  -25.869  -13.637  64.382 0.1250000000
62867  -25.529  -12.303  64.813 0.1250000000
66408  -27.119  -9.082  63.762 0.2500000000
57449  -25.630  -17.914  62.432 0.2500000000
58542  -26.019  -15.912  63.314 0.2500000000
60760  -25.936  -14.309  64.291 0.1250000000
61812  -26.012  -13.665  62.754 0.2500000000
136259  -25.713  -11.927  64.168 0.1250000000
161628  -25.940  -10.460  64.265 0.2500000000
57450  -25.875  -17.296  62.323 0.2500000000
59641  -26.103  -15.103  62.908 0.2500000000
60786  -26.074  -14.366  62.569 0.3750000000
62886  -25.806  -12.824  63.077 0.2500000000
138207  -25.735  -11.925  62.498 0.2500000000
57486  -26.447  -17.839  60.717 0.3750000000
59677  -25.994  -15.536  61.504 0.3750000000
60805  -25.799  -13.852  60.790 0.2500000000
154558  -25.667  -13.024  61.202 0.2500000000
140841  -12.081  -18.125  63.271 0.5000000000
55329  -12.574  -18.875  61.099 0.5000000000
56364  -13.474  -18.706  59.744 0.5000000000
56350  -13.215  -18.383  60.521 0.5000000000
54340  -13.787  -19.819  58.828 0.2500000000
53260  -14.809  -20.469  57.684 0.2500000000
58474  -11.299  -16.258  69.319 0.1250000000
135801  -23.940  -16.230  64.136 0.1250000000
57448  -24.000  -17.959  62.942 0.1250000000
60785  -22.761  -14.524  62.914 0.1250000000
157786  -22.640  -13.166  64.203 0.1250000000
63998  -22.769  -11.801  65.925 0.1250000000
64012  -22.537  -12.035  65.087 0.1250000000
65227  -22.720  -10.678  66.924 0.1250000000
145014  -23.840  -8.668  69.556 0.2500000000
56323  -24.490  -18.831  62.530 0.2500000000
56309  -24.871  -17.929  62.783 0.1250000000
55318  -25.301  -19.423  61.423 0.2500000000
54304  -24.080  -20.306  61.652 0.3750000000
55306  -25.006  -19.207  62.094 0.2500000000
158768  -24.371  -19.544  62.284 0.2500000000
160386  -25.662  -18.380  62.125 0.2500000000
56357  -25.837  -19.157  61.060 0.3750000000
54346  -24.113  -20.085  58.832 0.3750000000
56358  -26.479  -18.489  60.126 0.3750000000
56332  -12.671  -18.057  61.959 0.5000000000
55352  -25.610  -19.504  59.404 0.3750000000
57497  -26.681  -17.487  59.623 0.3750000000
59691  -26.137  -15.415  60.615 0.3750000000
56369  -26.558  -18.370  59.186 0.5000000000
58608  -26.564  -16.376  59.604 0.3750000000
58622  -26.669  -16.744  58.741 0.5000000000
60953  -32.857  -14.719  47.104 0.2500000000
60954  -33.768  -14.885  46.932 0.5000000000
58475  -12.162  -15.923  69.223 0.1250000000
55305  -23.104  -19.956  62.553 0.2500000000
56321  -23.230  -19.526  62.512 0.2500000000
54303  -23.351  -20.459  62.126 0.2500000000
54285  -23.359  -20.109  62.433 0.2500000000
54333  -23.420  -20.629  60.325 0.3750000000
137934  -22.610  -14.332  62.000 0.1250000000
59676  -22.857  -16.022  61.281 0.1250000000
64023  -21.938  -11.381  63.432 0.1250000000
55316  -22.717  -19.349  62.397 0.1250000000
55304  -22.554  -20.098  62.692 0.2500000000
57484  -21.675  -17.774  60.602 0.1250000000
56356  -22.288  -18.455  61.538 0.1250000000
57485  -22.285  -17.625  60.690 0.1250000000
62895  -22.250  -12.953  61.898 0.1250000000
62885  -22.254  -12.734  62.521 0.1250000000
55303  -21.575  -20.389  62.950 0.1250000000
55302  -20.803  -20.569  63.300 0.1250000000
64039  -21.779  -11.325  62.443 0.1250000000
63133  -37.568  -12.523  43.968 0.1250000000
54281  -19.871  -21.122  63.035 0.2500000000
54314  -18.269  -20.424  61.764 0.3750000000
141460  -18.183  -20.156  61.057 0.3750000000
64261  -36.720  -11.165  42.677 0.1250000000
64250  -34.918  -11.327  43.734 0.3750000000
142717  -34.511  -10.714  42.686 0.2500000000
66744  -34.185  -10.181  42.107 0.1250000000
65502  -33.263  -10.080  43.519 0.3750000000
69288  -37.575  -7.723  35.692 0.2500000000
88315  -59.457  9.396  23.673 0.1250000000
89277  -57.915  10.298  25.647 0.2500000000
90248  -57.136  11.630  28.946 0.5000000000
91284  -60.837  13.418  26.121 0.3750000000
91306  -61.041  13.469  23.885 0.2500000000
92299  -61.099  13.843  24.342 0.2500000000
93257  -60.619  14.655  24.721 0.3750000000
93273  -61.055  14.177  23.695 0.2500000000
93291  -60.851  14.345  23.144 0.2500000000
93256  -58.332  14.718  25.073 0.3750000000
91273  -60.298  12.715  26.503 0.5000000000
92248  -60.949  13.790  27.103 0.3750000000
153562  -61.064  14.142  26.616 0.3750000000
94228  -60.919  14.757  26.858 0.3750000000
95166  -60.436  15.715  26.450 0.3750000000
95164  -59.421  15.987  25.943 0.3750000000
94238  -57.878  15.219  25.865 0.3750000000
94227  -60.666  15.439  26.794 0.2500000000
94212  -60.815  14.678  27.555 0.2500000000
95154  -60.385  16.206  27.071 0.3750000000
94226  -58.467  15.997  26.288 0.2500000000
61996  -27.054  -13.269  48.774 0.2500000000
61984  -27.619  -12.844  49.156 0.2500000000
63082  -29.326  -12.268  47.834 0.1250000000
63091  -30.193  -12.679  47.132 0.2500000000
144250  -31.141  -14.198  48.441 0.1250000000
60952  -31.883  -14.293  47.140 0.2500000000
76804  -40.242  -0.095  59.564 0.1250000000
77910  -40.039  0.649  59.889 0.1250000000
74408  -39.969  -1.605  59.640 0.1250000000
146920  -40.186  -0.967  59.501 0.1250000000
75605  -40.206  -1.172  58.882 0.1250000000
75616  -39.937  -1.327  58.465 0.1250000000
73166  -39.207  -3.019  59.909 0.1250000000
161830  -39.754  -2.938  59.048 0.1250000000
74444  -39.857  -2.511  58.487 0.1250000000
72090  -39.622  -4.326  57.562 0.1250000000
73197  -39.789  -3.362  57.942 0.1250000000
77909  -39.411  0.631  60.424 0.1250000000
75615  -39.137  -0.488  57.158 0.1250000000
75573  -39.211  -1.416  60.730 0.1250000000
74442  -39.074  -1.571  57.446 0.1250000000
74458  -39.340  -2.813  57.458 0.1250000000
73213  -39.427  -3.919  57.237 0.1250000000
73228  -39.071  -4.401  56.520 0.1250000000
73227  -38.851  -3.328  56.817 0.1250000000
79033  -38.114  1.949  59.526 0.1250000000
77892  -38.076  0.229  61.156 0.1250000000
76779  -37.526  -0.538  61.809 0.1250000000
76781  -38.774  -0.595  61.133 0.1250000000
76778  -36.754  -0.603  62.085 0.1250000000
76768  -37.390  -1.217  62.258 0.1250000000
72022  -34.962  -3.961  63.625 0.1250000000
73138  -35.835  -3.419  63.120 0.1250000000
74365  -36.365  -2.609  62.948 0.1250000000
70983  -34.381  -4.968  63.453 0.1250000000
140560  -38.328  -3.771  56.145 0.1250000000
72117  -38.725  -4.696  55.769 0.1250000000
79020  -37.649  1.320  60.141 0.1250000000
77921  -36.849  1.030  60.008 0.1250000000
77906  -37.126  0.610  60.740 0.1250000000
146967  -35.839  0.672  58.886 0.1250000000
153347  -36.139  -0.816  62.277 0.1250000000
146124  -35.243  -2.657  63.663 0.1250000000
150657  -35.101  -1.650  63.058 0.1250000000
75571  -34.847  -1.389  62.149 0.1250000000
75592  -34.307  -1.283  60.182 0.1250000000
66768  -32.878  -9.488  41.463 0.2500000000
73240  -35.727  -2.862  54.187 0.2500000000
73271  -34.800  -3.724  52.598 0.3750000000
73255  -35.412  -3.290  53.660 0.2500000000
74512  -35.214  -2.421  52.512 0.2500000000
68126  -42.087  -8.032  35.937 0.1250000000
75697  -35.804  -1.806  51.161 0.2500000000
74534  -35.144  -2.239  50.704 0.2500000000
68094  -39.525  -8.980  37.270 0.1250000000
68095  -40.385  -8.878  37.395 0.1250000000
68123  -39.238  -8.038  35.617 0.1250000000
152833  -39.977  -8.305  35.945 0.1250000000
68125  -41.265  -8.111  35.789 0.1250000000
69307  -41.310  -7.231  34.731 0.1250000000
160401  -34.497  -2.732  49.704 0.2500000000
162240  -35.090  -2.401  49.718 0.2500000000
74585  -34.639  -2.942  48.142 0.2500000000
69289  -38.555  -7.528  35.278 0.1250000000
69305  -39.722  -7.206  34.722 0.1250000000
70305  -39.784  -6.160  34.007 0.1250000000
69306  -40.501  -7.256  34.710 0.1250000000
70298  -40.903  -6.719  34.269 0.1250000000
150697  -38.422  -5.996  34.336 0.1250000000
71328  -39.143  -5.762  33.973 0.1250000000
71336  -39.897  -5.463  33.604 0.1250000000
72405  -39.518  -4.575  33.318 0.2500000000
74750  -39.739  -2.558  32.779 0.2500000000
137191  -40.650  -1.581  32.285 0.3750000000
77121  -46.176  -0.455  30.667 0.1250000000
77120  -45.287  -0.315  30.544 0.1250000000
78249  -45.834  0.314  30.241 0.1250000000
89231  -57.966  11.128  31.843 0.1250000000
89232  -59.002  11.435  31.928 0.1250000000
90202  -60.078  11.836  32.712 0.1250000000
89244  -57.635  11.468  30.956 0.2500000000
90211  -58.569  11.655  31.167 0.2500000000
154936  -56.753  11.500  29.733 0.3750000000
163465  -57.320  11.604  30.258 0.2500000000
90230  -58.172  11.890  30.230 0.2500000000
90229  -57.464  11.744  29.670 0.2500000000
90231  -59.200  12.104  30.577 0.2500000000
90249  -58.060  12.019  29.196 0.3750000000
90255  -58.997  12.337  28.522 0.3750000000
91274  -60.645  13.190  26.764 0.3750000000
90250  -59.047  12.268  29.627 0.3750000000
153597  -59.970  12.631  28.447 0.3750000000
91258  -60.403  12.910  27.992 0.3750000000
91259  -60.664  13.281  28.244 0.3750000000
153510  -60.927  13.839  27.644 0.3750000000
156543  -60.113  16.335  26.683 0.2500000000
93241  -56.924  14.937  26.237 0.2500000000
77945  -35.609  0.862  57.511 0.1250000000
70993  -34.696  -5.219  62.590 0.2500000000
69957  -34.384  -5.713  62.039 0.3750000000
72032  -36.372  -3.980  62.295 0.1250000000
70994  -35.320  -4.995  62.255 0.2500000000
74393  -38.667  -2.142  61.082 0.1250000000
73175  -39.587  -3.485  59.162 0.1250000000
73184  -39.800  -3.377  58.673 0.1250000000
159360  -27.297  -12.349  48.528 0.3750000000
74380  -37.968  -2.233  61.705 0.1250000000
75561  -37.661  -1.674  62.075 0.1250000000
73145  -36.691  -3.174  62.375 0.1250000000
63081  -28.251  -11.966  48.273 0.3750000000
73198  -39.851  -3.247  58.442 0.1250000000
72404  -38.578  -4.334  33.626 0.2500000000
71327  -38.442  -5.184  34.006 0.2500000000
74761  -42.321  -1.991  31.553 0.2500000000
78248  -44.969  0.438  30.308 0.2500000000
73555  -39.185  -3.732  33.171 0.2500000000
74751  -40.305  -2.291  32.464 0.2500000000
74760  -41.418  -1.864  31.785 0.2500000000
61997  -30.697  -13.438  47.278 0.1250000000
61998  -31.155  -14.071  47.540 0.1250000000
91275  -60.787  13.502  26.939 0.2500000000
68122  -38.375  -8.218  35.937 0.1250000000
63071  -28.045  -12.377  48.877 0.2500000000
153059  -29.462  -12.549  48.840 0.1250000000
63083  -30.086  -13.051  48.127 0.1250000000
153742  -30.688  -13.763  48.011 0.1250000000
60940  -31.627  -14.493  47.945 0.1250000000
75582  -40.035  -0.881  59.928 0.1250000000
79022  -39.121  1.385  60.080 0.1250000000
149475  -39.725  -1.551  60.138 0.1250000000
74407  -39.655  -2.251  59.774 0.1250000000
155480  -39.825  -2.310  59.304 0.1250000000
75581  -39.689  -0.923  60.355 0.1250000000
75593  -40.096  -1.609  59.190 0.1250000000
156687  -39.555  -1.070  57.860 0.1250000000
74394  -39.249  -2.199  60.389 0.1250000000
74431  -39.881  -2.597  58.861 0.1250000000
74443  -39.691  -2.164  58.027 0.1250000000
77894  -39.279  -0.101  60.705 0.1250000000
77908  -38.624  0.837  60.604 0.1250000000
75572  -38.518  -1.426  61.397 0.1250000000
79048  -36.836  1.947  58.616 0.1250000000
79032  -37.324  1.728  59.427 0.1250000000
77891  -37.334  0.100  61.364 0.1250000000
77907  -37.896  0.784  60.700 0.1250000000
153400  -38.256  -0.297  61.378 0.1250000000
76767  -36.793  -1.202  62.503 0.1250000000
76780  -38.063  -0.929  61.747 0.1250000000
77890  -36.487  -0.145  61.452 0.1250000000
76766  -36.197  -1.276  62.678 0.1250000000
75560  -36.797  -1.855  62.709 0.1250000000
73128  -34.559  -3.462  64.104 0.1250000000
74364  -35.705  -2.709  63.410 0.1250000000
75559  -36.188  -1.739  63.068 0.1250000000
143280  -34.491  -4.495  63.773 0.1250000000
77920  -36.000  0.563  59.651 0.1250000000
79031  -36.500  1.250  59.190 0.1250000000
160201  -35.762  -1.368  62.758 0.1250000000
76777  -35.860  -0.596  61.783 0.1250000000
75546  -35.629  -2.220  63.413 0.1250000000
75558  -35.639  -1.733  63.196 0.1250000000
74363  -34.803  -2.869  63.977 0.1250000000
75570  -34.267  -1.852  62.829 0.1250000000
75580  -34.577  -1.292  61.153 0.1250000000
140937  -34.727  -0.710  59.615 0.1250000000
75604  -34.058  -1.310  59.262 0.1250000000
75579  -33.875  -1.739  60.813 0.1250000000
69292  -41.699  -7.650  35.299 0.1250000000
68108  -38.285  -8.653  36.581 0.1250000000
68109  -39.159  -8.582  36.440 0.1250000000
150499  -40.099  -8.670  36.675 0.1250000000
144895  -40.802  -8.652  36.854 0.1250000000
69290  -40.039  -7.763  35.255 0.1250000000
148905  -39.329  -7.563  35.112 0.1250000000
68110  -40.719  -8.412  36.233 0.1250000000
68124  -40.585  -8.083  35.668 0.1250000000
69291  -40.902  -7.702  35.220 0.1250000000
70295  -38.477  -6.775  34.768 0.1250000000
70296  -39.260  -6.557  34.406 0.1250000000
70297  -40.114  -6.697  34.313 0.1250000000
70306  -40.474  -6.157  33.874 0.1250000000
70299  -41.721  -6.698  34.283 0.1250000000
71335  -39.102  -5.089  33.670 0.2500000000
72406  -40.386  -4.763  33.103 0.2500000000
71337  -40.836  -5.528  33.418 0.1250000000
155136  -39.668  -3.270  32.860 0.2500000000
73572  -40.406  -3.139  32.553 0.2500000000
74752  -40.964  -2.498  32.144 0.2500000000
89233  -59.877  11.953  31.923 0.1250000000
144543  -59.354  11.884  31.336 0.1250000000
91268  -60.634  13.256  27.489 0.3750000000
90256  -59.834  12.574  29.143 0.3750000000
143875  -34.159  -1.711  61.792 0.1250000000
52086  -12.411  -21.981  62.107 0.1250000000
52081  -12.980  -22.848  62.007 0.1250000000
52156  -21.201  -23.154  53.937 0.1250000000
138937  -21.153  -22.652  53.256 0.1250000000
135710  -21.978  -22.860  53.051 0.1250000000
52170  -20.455  -22.198  53.236 0.1250000000
52184  -20.808  -21.878  52.642 0.1250000000
52186  -22.360  -22.432  52.425 0.1250000000
52197  -22.712  -22.018  51.736 0.1250000000
74571  -35.299  -2.577  48.763 0.2500000000
73356  -34.984  -3.286  46.502 0.1250000000
73357  -35.956  -3.170  46.493 0.2500000000
55314  -16.840  -19.354  62.273 0.3750000000
52169  -19.861  -22.051  53.573 0.1250000000
52185  -21.564  -22.203  52.523 0.1250000000
74586  -35.595  -2.750  47.936 0.2500000000
52080  -12.461  -22.674  62.787 0.1250000000
52155  -20.461  -22.780  53.920 0.1250000000
51067  -20.936  -23.370  54.599 0.1250000000
70970  -32.791  -5.264  65.038 0.2500000000
69934  -29.770  -6.252  66.774 0.1250000000
69935  -30.416  -5.878  66.430 0.1250000000
69939  -32.057  -5.504  65.354 0.1250000000
68875  -27.490  -7.279  68.132 0.1250000000
68878  -27.832  -7.491  67.562 0.1250000000
68880  -29.205  -6.631  67.017 0.1250000000
68884  -30.002  -6.526  66.246 0.1250000000
69941  -30.901  -6.404  65.256 0.1250000000
69942  -31.720  -6.113  65.022 0.2500000000
68874  -26.652  -7.633  68.583 0.1250000000
68883  -28.753  -7.244  66.801 0.1250000000
68888  -29.536  -7.090  65.834 0.1250000000
69938  -30.577  -6.277  65.942 0.1250000000
68887  -28.877  -7.451  66.124 0.1250000000
68894  -30.393  -6.897  64.649 0.1250000000
68895  -31.199  -6.579  64.377 0.1250000000
68900  -29.831  -7.405  64.037 0.1250000000
68901  -30.630  -7.002  63.717 0.2500000000
70949  -30.890  -5.253  66.091 0.1250000000
70950  -31.524  -4.896  65.774 0.1250000000
70960  -32.992  -4.734  65.111 0.2500000000
69936  -31.173  -5.760  65.757 0.1250000000
69931  -29.560  -6.102  67.103 0.1250000000
158536  -27.684  -6.573  68.254 0.1250000000
68876  -28.291  -6.778  67.777 0.1250000000
69943  -32.457  -5.795  64.657 0.2500000000
68871  -25.978  -7.003  69.237 0.1250000000
66368  -22.823  -8.831  69.042 0.1250000000
144791  -22.835  -7.818  69.784 0.1250000000
68870  -24.859  -6.848  69.757 0.1250000000
69921  -25.491  -6.127  69.352 0.1250000000
68868  -22.508  -7.364  69.569 0.1250000000
69944  -33.116  -5.488  64.251 0.2500000000
69923  -27.300  -5.944  68.519 0.1250000000
153887  -32.744  -5.984  63.747 0.2500000000
69950  -33.415  -5.710  63.340 0.2500000000
70920  -23.030  -6.034  69.565 0.1250000000
150020  -24.705  -6.129  69.618 0.1250000000
70919  -22.221  -6.116  69.269 0.1250000000
59836  -34.160  -15.338  47.496 0.1250000000
73241  -36.454  -3.292  54.798 0.1250000000
75636  -36.618  -1.887  55.214 0.1250000000
75652  -36.882  -1.258  54.834 0.1250000000
74487  -36.175  -2.365  54.709 0.1250000000
76851  -37.608  -0.650  54.684 0.1250000000
75667  -36.884  -0.989  54.096 0.1250000000
76867  -37.572  -0.637  53.774 0.1250000000
75650  -35.755  -2.033  54.007 0.1250000000
76882  -38.251  -0.680  52.944 0.1250000000
155724  -39.719  -0.998  52.190 0.1250000000
158279  -40.309  -1.036  52.065 0.1250000000
75666  -36.310  -1.413  53.593 0.1250000000
75684  -38.584  -1.109  52.089 0.1250000000
74499  -35.395  -2.569  53.441 0.1250000000
75682  -36.417  -1.321  52.652 0.1250000000
75683  -37.407  -1.076  52.348 0.1250000000
75701  -40.320  -1.314  51.406 0.1250000000
75681  -35.754  -1.716  52.097 0.1250000000
75698  -36.701  -1.462  51.615 0.1250000000
75699  -38.067  -1.418  51.520 0.1250000000
75715  -40.184  -1.797  50.785 0.1250000000
75700  -39.434  -1.485  51.485 0.1250000000
75714  -39.000  -1.869  50.825 0.1250000000
75712  -36.546  -1.782  50.761 0.1250000000
75713  -37.598  -1.749  50.796 0.1250000000
74538  -39.822  -2.312  50.123 0.1250000000
152907  -38.347  -2.405  49.543 0.1250000000
74536  -37.164  -2.129  49.968 0.1250000000
74537  -38.532  -2.181  50.175 0.1250000000
148907  -36.196  -2.371  49.239 0.1250000000
74555  -40.448  -2.419  49.451 0.1250000000
73329  -37.888  -2.703  48.279 0.1250000000
137156  -38.449  -2.597  48.931 0.1250000000
160740  -39.088  -2.427  49.809 0.1250000000
154590  -37.196  -2.683  47.967 0.1250000000
74572  -36.836  -2.550  48.457 0.1250000000
74553  -37.426  -2.446  49.066 0.1250000000
145508  -36.045  -2.563  48.432 0.1250000000
74554  -39.462  -2.603  49.322 0.1250000000
73330  -39.150  -2.813  48.476 0.1250000000
73344  -38.676  -2.998  47.698 0.1250000000
74587  -36.529  -2.717  47.772 0.1250000000
73343  -37.522  -2.889  47.449 0.1250000000
148133  -35.996  -2.893  47.272 0.1250000000
73342  -36.722  -2.995  46.971 0.1250000000
74573  -40.217  -2.838  48.559 0.1250000000
147017  -39.722  -3.085  47.976 0.1250000000
73359  -38.207  -3.192  46.885 0.1250000000
73358  -37.393  -3.127  46.715 0.1250000000
137443  -36.853  -3.231  46.203 0.1250000000
72407  -41.274  -4.856  32.934 0.1250000000
72417  -40.849  -4.040  32.668 0.1250000000
73345  -40.557  -3.183  47.766 0.1250000000
141891  -39.462  -3.349  47.151 0.1250000000
159857  -39.584  -3.445  46.339 0.1250000000
73373  -38.628  -3.374  46.201 0.1250000000
73372  -37.663  -3.296  46.103 0.1250000000
144757  -37.090  -3.407  45.450 0.1250000000
144756  -37.954  -3.442  45.340 0.1250000000
78120  -45.035  1.146  42.664 0.1250000000
73389  -37.236  -3.504  44.566 0.1250000000
73573  -41.320  -3.336  32.299 0.1250000000
73374  -40.118  -3.426  45.918 0.1250000000
145810  -39.023  -3.472  45.365 0.1250000000
79232  -45.751  1.665  42.131 0.1250000000
78133  -45.172  1.166  41.534 0.1250000000
79253  -45.984  1.457  41.096 0.1250000000
77010  -45.121  0.245  39.914 0.1250000000
149491  -45.613  0.901  40.434 0.1250000000
163496  -46.191  1.210  40.487 0.1250000000
141362  -46.424  0.880  39.986 0.1250000000
77019  -46.212  -0.421  39.094 0.1250000000
73391  -39.796  -3.422  44.937 0.1250000000
73390  -38.243  -3.497  44.499 0.1250000000
155156  -39.032  -3.487  44.458 0.1250000000
73410  -37.707  -3.514  43.720 0.1250000000
78119  -44.510  0.631  42.019 0.1250000000
77008  -43.760  -0.358  40.728 0.1250000000
78132  -44.741  0.595  40.884 0.1250000000
75834  -44.057  -0.635  39.866 0.1250000000
78149  -46.801  0.244  39.453 0.1250000000
78150  -47.683  0.288  39.423 0.1250000000
77029  -47.361  -0.341  38.598 0.1250000000
77002  -44.108  0.136  41.338 0.1250000000
163712  -43.460  -0.799  40.238 0.1250000000
78140  -47.301  0.869  39.866 0.1250000000
77001  -43.584  -0.375  41.698 0.1250000000
158708  -43.178  -0.799  41.021 0.1250000000
77030  -48.052  -0.095  38.517 0.1250000000
75832  -42.503  -1.422  41.247 0.1250000000
91311  -60.987  12.726  22.211 0.1250000000
91305  -60.791  12.739  23.342 0.1250000000
91248  -60.429  12.927  28.809 0.2500000000
92218  -60.924  13.724  29.086 0.2500000000
94184  -60.903  14.803  28.765 0.2500000000
91260  -60.782  13.515  28.572 0.2500000000
92231  -60.892  13.773  28.230 0.2500000000
88294  -57.422  9.725  25.722 0.2500000000
92307  -61.188  13.931  23.293 0.1250000000
92313  -61.290  14.142  22.237 0.1250000000
162147  -60.258  12.776  29.385 0.2500000000
91250  -60.758  13.407  29.311 0.2500000000
143275  -60.785  15.036  29.677 0.2500000000
94195  -60.823  14.526  28.112 0.2500000000
95114  -60.046  16.647  29.240 0.2500000000
93209  -60.958  14.113  27.872 0.2500000000
94194  -60.569  15.382  28.074 0.1250000000
96055  -59.974  17.071  28.035 0.1250000000
93292  -61.087  14.215  22.650 0.1250000000
139190  -60.532  14.538  22.892 0.1250000000
93304  -60.872  14.529  21.541 0.1250000000
158665  -59.852  16.959  27.246 0.1250000000
93272  -59.776  14.822  24.139 0.1250000000
93290  -60.039  14.690  23.448 0.1250000000
93289  -59.169  14.345  23.700 0.1250000000
92305  -58.878  13.683  23.009 0.1250000000
150700  -58.561  16.708  26.759 0.1250000000
93271  -58.312  14.133  24.321 0.1250000000
92298  -58.375  13.741  23.720 0.1250000000
92297  -57.624  13.446  24.154 0.1250000000
135999  -58.006  13.190  23.446 0.1250000000
73272  -35.047  -3.165  53.044 0.1250000000
77020  -47.126  -0.221  39.062 0.1250000000
77017  -44.811  -0.459  39.543 0.1250000000
78148  -45.919  0.305  39.610 0.1250000000
83913  -52.364  5.473  26.924 0.1250000000
68893  -29.658  -7.249  64.963 0.1250000000
66371  -24.696  -8.800  69.196 0.1250000000
67686  -25.170  -8.273  69.269 0.1250000000
67687  -25.831  -7.996  68.957 0.1250000000
68879  -28.590  -7.068  67.278 0.1250000000
92285  -57.523  14.003  24.875 0.1250000000
95138  -60.353  16.277  27.687 0.1250000000
95136  -59.115  17.259  27.155 0.1250000000
67685  -24.492  -7.961  69.850 0.1250000000
95137  -60.047  16.829  27.540 0.1250000000
72416  -39.979  -3.945  32.878 0.1250000000
151629  -29.367  -6.836  66.543 0.1250000000
68872  -26.989  -6.773  68.719 0.1250000000
69930  -29.012  -6.473  67.368 0.1250000000
68889  -30.177  -6.735  65.512 0.1250000000
69922  -26.435  -6.064  68.955 0.1250000000
68869  -23.028  -7.221  70.002 0.1250000000
69917  -21.979  -6.782  69.205 0.1250000000
70921  -24.058  -5.967  69.537 0.1250000000
140521  -37.055  -0.911  53.223 0.1250000000
75665  -35.706  -1.833  53.085 0.1250000000
74535  -35.919  -2.052  50.252 0.1250000000
77009  -44.385  -0.012  40.308 0.1250000000
79254  -46.800  1.458  40.596 0.1250000000
91312  -61.172  13.565  22.816 0.1250000000
93197  -61.012  14.112  28.540 0.2500000000
93186  -60.881  14.360  30.318 0.2500000000
94183  -60.579  15.748  29.006 0.2500000000
93299  -61.225  14.365  21.786 0.1250000000
91230  -60.686  13.259  30.076 0.2500000000
95122  -60.263  16.444  28.413 0.1250000000
96069  -59.749  17.480  27.865 0.1250000000
92306  -59.797  14.485  22.865 0.1250000000
143934  -59.458  17.787  27.756 0.1250000000
56273  -4.911  -18.911  66.191 0.2500000000
54255  -5.785  -19.778  64.938 0.1250000000
55283  -5.633  -19.050  63.340 0.1250000000
141382  -5.174  -18.392  64.671 0.1250000000
56289  -5.362  -18.166  63.669 0.1250000000
55296  -5.737  -19.049  62.452 0.1250000000
57395  -4.795  -17.212  65.783 0.1250000000
57408  -5.201  -17.468  64.361 0.1250000000
58512  -5.087  -16.489  65.598 0.1250000000
58522  -5.513  -16.873  64.303 0.1250000000
58504  -5.379  -16.145  66.150 0.1250000000
54298  -19.074  -20.862  62.427 0.2500000000
66743  -33.398  -9.922  42.141 0.1250000000
66793  -33.522  -9.409  40.263 0.1250000000
68054  -32.962  -8.868  39.873 0.1250000000
66817  -34.371  -9.247  39.124 0.1250000000
66816  -33.665  -9.140  39.534 0.1250000000
66831  -35.066  -9.215  38.650 0.1250000000
66818  -35.174  -9.542  39.492 0.1250000000
68092  -37.049  -8.754  36.878 0.1250000000
68074  -35.052  -8.846  38.019 0.1250000000
142673  -35.870  -9.472  38.961 0.1250000000
66849  -36.238  -9.032  37.728 0.1250000000
66850  -37.045  -9.157  37.598 0.1250000000
156495  -33.968  -9.705  40.690 0.1250000000
148970  -33.883  -9.842  41.379 0.1250000000
68089  -34.731  -8.341  37.636 0.2500000000
55260  -5.312  -19.606  66.505 0.2500000000
57383  -4.639  -17.564  66.733 0.1250000000
146979  -4.806  -16.621  67.328 0.1250000000
68090  -35.568  -8.648  37.480 0.1250000000
56272  -4.663  -18.132  65.980 0.1250000000
55265  -5.345  -19.386  65.670 0.1250000000
55273  -5.474  -19.076  64.262 0.1250000000
162309  -5.357  -19.102  65.013 0.1250000000
56302  -5.611  -18.444  62.851 0.1250000000
57396  -4.910  -17.789  65.195 0.1250000000
57407  -5.076  -16.881  64.985 0.1250000000
58513  -5.492  -16.409  65.198 0.1250000000
68091  -36.369  -8.724  37.113 0.1250000000
66832  -35.709  -9.139  38.169 0.1250000000
66833  -36.502  -9.353  38.364 0.1250000000
52046  -9.696  -22.405  68.534 0.1250000000
52045  -9.166  -22.060  69.158 0.1250000000
53184  -8.506  -21.093  69.611 0.1250000000
52049  -10.212  -22.732  67.833 0.1250000000
147954  -9.463  -21.658  68.535 0.1250000000
53190  -9.924  -21.742  67.780 0.1250000000
52054  -10.362  -22.321  67.048 0.1250000000
52063  -10.962  -22.705  65.599 0.1250000000
52068  -11.375  -22.617  64.707 0.1250000000
50969  -11.831  -23.440  64.641 0.1250000000
52075  -11.935  -23.040  64.020 0.1250000000
61985  -27.763  -13.201  50.126 0.1250000000
60924  -27.319  -13.703  49.193 0.1250000000
55287  -19.802  -20.285  63.949 0.1250000000
54269  -19.617  -20.634  63.588 0.1250000000
63072  -28.335  -12.484  49.659 0.1250000000
54268  -18.881  -20.525  63.877 0.1250000000
54259  -18.204  -20.327  64.184 0.1250000000
149966  -17.670  -19.890  64.485 0.1250000000
55285  -17.041  -19.516  64.217 0.1250000000
54279  -18.267  -20.490  63.540 0.1250000000
54280  -19.106  -20.761  63.269 0.1250000000
55300  -16.889  -19.532  63.307 0.1250000000
54297  -18.285  -20.527  62.667 0.1250000000
55315  -17.601  -20.000  62.004 0.1250000000
154854  -46.834  0.221  30.345 0.1250000000
78260  -47.284  0.996  29.846 0.1250000000
80370  -51.562  2.970  36.462 0.1250000000
81512  -52.279  3.246  36.663 0.1250000000
81524  -52.008  3.522  35.924 0.1250000000
137578  -52.692  3.742  36.312 0.1250000000
154583  -52.558  4.016  35.804 0.1250000000
81525  -53.098  4.250  36.028 0.1250000000
82689  -53.455  4.811  35.661 0.1250000000
82701  -53.169  5.057  34.998 0.1250000000
86135  -52.865  7.204  26.918 0.1250000000
85071  -54.869  6.861  26.140 0.1250000000
138605  -57.625  8.880  25.371 0.1250000000
88295  -58.047  9.631  25.283 0.1250000000
90212  -60.419  12.623  31.394 0.1250000000
144778  -60.607  13.741  32.488 0.1250000000
90232  -59.937  12.340  30.981 0.1250000000
92188  -60.785  13.462  30.470 0.1250000000
93187  -60.972  13.938  30.040 0.1250000000
94131  -59.770  15.115  31.972 0.1250000000
94157  -60.134  15.220  31.398 0.1250000000
95093  -59.911  15.807  30.677 0.1250000000
95105  -60.308  15.938  29.934 0.1250000000
161931  -59.071  15.725  31.112 0.1250000000
95104  -58.934  16.825  30.500 0.1250000000
159060  -59.587  16.849  30.039 0.1250000000
156031  -59.690  17.416  29.320 0.1250000000
96032  -59.039  17.827  30.164 0.1250000000
96934  -58.968  18.914  29.906 0.1250000000
97833  -58.946  19.450  29.603 0.1250000000
151403  -58.448  18.544  30.306 0.1250000000
94155  -58.459  15.595  31.106 0.1250000000
96033  -59.353  18.018  29.625 0.1250000000
96054  -59.714  17.870  28.402 0.1250000000
96953  -59.421  18.627  28.812 0.1250000000
78261  -48.030  1.272  29.747 0.1250000000
85069  -53.380  6.485  26.570 0.1250000000
85070  -54.112  6.693  26.380 0.1250000000
82688  -52.835  4.481  35.428 0.1250000000
137220  -28.796  -12.284  48.894 0.1250000000
53181  -8.076  -21.580  70.134 0.1250000000
70982  -33.780  -5.225  63.830 0.1250000000
72014  -33.546  -4.455  64.687 0.1250000000
91249  -60.441  12.918  29.486 0.1250000000
96047  -59.658  18.087  29.030 0.1250000000
91229  -60.471  12.837  30.499 0.1250000000
94174  -60.483  15.176  30.617 0.1250000000
91212  -60.679  13.090  30.901 0.1250000000
55301  -17.515  -20.103  62.940 0.1250000000
50959  -11.504  -23.417  65.310 0.1250000000
55286  -17.570  -20.082  63.828 0.1250000000
160415  -47.487  0.456  30.283 0.1250000000
93142  -60.044  14.589  32.526 0.1250000000
144060  -60.766  13.769  31.783 0.1250000000
93168  -60.625  14.510  31.372 0.1250000000
93167  -59.008  15.263  31.761 0.1250000000
53325  -23.077  -21.645  51.200 0.3750000000
54260  -19.263  -20.312  64.156 0.1250000000
54275  -6.039  -19.708  62.982 0.1250000000
54278  -11.859  -20.425  61.995 0.2500000000
54286  -23.948  -20.048  62.231 0.2500000000
54384  -19.290  -19.827  53.152 0.5000000000
54419  -24.528  -20.855  50.081 0.1250000000
54431  -26.021  -20.158  49.397 0.2500000000
55479  -26.513  -19.555  49.033 0.2500000000
56257  -5.099  -19.130  69.388 0.3750000000
56280  -5.008  -18.657  65.460 0.1250000000
56341  -25.700  -18.846  61.767 0.2500000000
56342  -26.169  -18.654  61.014 0.3750000000
56387  -26.583  -18.286  58.266 0.6250000000
56462  -19.356  -18.584  54.304 0.6250000000
56544  -28.445  -18.338  49.263 0.1250000000
56561  -27.290  -18.102  48.512 0.2500000000
57430  -24.229  -17.310  63.230 0.1250000000
57431  -24.582  -17.258  63.309 0.1250000000
57432  -25.155  -17.214  63.272 0.1250000000
57598  -28.804  -17.542  49.038 0.1250000000
58463  -7.089  -16.314  70.172 0.2500000000
58464  -7.676  -15.825  70.407 0.1250000000
58473  -5.871  -16.412  69.388 0.2500000000
58482  -5.466  -16.146  68.774 0.2500000000
58503  -4.893  -16.568  66.386 0.1250000000
58525  -24.454  -16.108  64.353 0.1250000000
58526  -25.030  -16.078  64.358 0.1250000000
58557  -25.605  -17.153  63.064 0.2500000000
58558  -25.900  -16.555  62.863 0.2500000000
58711  -28.317  -16.464  48.521 0.1250000000
59547  -9.530  -14.517  71.131 0.1250000000
59550  -9.059  -15.066  71.016 0.1250000000
59602  -24.188  -15.113  65.155 0.1250000000
59623  -25.249  -15.366  64.768 0.1250000000
59658  -22.848  -15.206  62.144 0.1250000000
59799  -25.743  -15.201  49.070 0.6250000000
59815  -26.480  -15.231  48.703 0.5000000000
60683  -9.099  -13.829  70.950 0.1250000000
60688  -8.104  -14.680  70.484 0.1250000000
60689  -8.605  -14.271  70.713 0.1250000000
60695  -7.826  -14.587  70.167 0.1250000000
60700  -7.235  -15.018  69.773 0.1250000000
60728  -24.159  -13.807  65.803 0.1250000000
60758  -23.677  -15.035  65.008 0.1250000000
60759  -25.560  -14.760  64.800 0.1250000000
60773  -26.121  -14.496  63.435 0.1250000000
60797  -25.967  -14.851  62.048 0.3750000000
60816  -25.945  -14.065  59.447 0.2500000000
60911  -25.163  -15.027  49.720 0.6250000000
61761  -23.964  -12.727  66.591 0.1250000000
61784  -23.489  -13.788  65.532 0.1250000000
61785  -23.791  -13.654  65.846 0.1250000000
61786  -24.581  -13.829  65.633 0.1250000000
61787  -25.079  -13.633  65.379 0.1250000000
61914  -24.949  -13.478  54.420 1.0000000000
62843  -23.615  -12.570  66.490 0.1250000000
62844  -24.359  -12.575  66.464 0.1250000000
62854  -23.019  -12.572  65.675 0.1250000000
62856  -25.218  -11.693  65.453 0.1250000000
62866  -25.590  -13.258  64.891 0.1250000000
62925  -25.522  -12.678  59.195 0.6250000000
63042  -24.208  -12.307  51.622 1.0000000000
63054  -24.279  -12.454  50.729 0.8750000000
63968  -23.690  -11.057  67.744 0.1250000000
63969  -24.145  -11.179  67.676 0.1250000000
63986  -24.829  -11.087  66.483 0.1250000000
64025  -25.801  -11.163  63.828 0.2500000000
64147  -24.729  -11.431  53.143 1.0000000000
64185  -24.484  -11.811  50.231 0.7500000000
64211  -26.811  -11.027  48.016 0.6250000000
65213  -23.260  -10.758  67.665 0.1250000000
65389  -25.501  -10.454  54.158 1.0000000000
65414  -37.702  -10.999  51.921 1.0000000000
66369  -23.389  -9.186  69.114 0.1250000000
66370  -24.171  -9.442  69.010 0.2500000000
66398  -27.121  -9.029  65.444 0.2500000000
66474  -26.745  -9.190  59.341 0.7500000000
66509  -26.735  -8.936  56.348 0.8750000000
66513  -37.110  -8.325  55.626 0.7500000000
66514  -37.263  -8.357  55.266 0.7500000000
67682  -23.446  -7.921  70.020 0.1250000000
67683  -22.221  -7.519  69.159 0.1250000000
67833  -36.940  -8.164  56.263 0.7500000000
67868  -38.010  -7.861  54.615 0.6250000000
67897  -27.659  -8.399  52.282 1.0000000000
67900  -29.872  -8.085  51.950 1.0000000000
67924  -38.750  -8.484  50.293 1.0000000000
68064  -33.777  -8.799  38.890 0.1250000000
68112  -42.422  -8.256  36.590 0.1250000000
68873  -21.804  -7.279  68.774 0.1250000000
68913  -32.928  -6.392  62.307 0.3750000000
68949  -34.968  -6.391  60.496 0.7500000000
68950  -36.099  -6.315  60.056 0.6250000000
68951  -36.896  -6.515  59.632 0.6250000000
68992  -38.436  -7.024  57.749 0.5000000000
69304  -39.072  -7.165  34.815 0.1250000000
69916  -23.875  -7.102  70.044 0.1250000000
69918  -22.649  -6.645  69.672 0.1250000000
69919  -23.421  -6.469  69.899 0.1250000000
69920  -24.161  -6.401  69.860 0.1250000000
69927  -28.718  -6.118  67.749 0.1250000000
69932  -29.968  -5.800  66.810 0.1250000000
70010  -39.138  -6.630  57.367 0.3750000000
70011  -39.470  -6.214  56.986 0.3750000000
70924  -26.797  -5.504  68.592 0.1250000000
70958  -31.591  -5.258  65.705 0.1250000000
70971  -33.406  -4.988  64.594 0.1250000000
70984  -34.920  -4.678  63.140 0.1250000000
71007  -36.682  -5.259  61.096 0.5000000000
71017  -38.029  -5.607  60.424 0.5000000000
71031  -38.207  -6.123  59.959 0.5000000000
71126  -37.077  -5.998  52.144 0.7500000000
71997  -30.976  -4.630  65.872 0.1250000000
72004  -33.147  -4.278  65.034 0.2500000000
73137  -35.199  -3.167  63.749 0.1250000000
73288  -34.484  -3.422  51.866 0.5000000000
74379  -37.170  -2.426  62.320 0.1250000000
74419  -39.607  -2.794  59.386 0.1250000000
75545  -35.027  -2.290  63.599 0.1250000000
75547  -36.133  -2.193  63.236 0.1250000000
75651  -36.367  -1.629  54.442 0.1250000000
76765  -35.552  -1.115  62.320 0.1250000000
76793  -39.339  -0.679  60.709 0.1250000000
76794  -39.847  -0.167  60.291 0.1250000000
77893  -38.751  0.155  60.905 0.1250000000
79348  -43.933  1.311  30.926 0.5000000000
89242  -55.411  10.775  30.185 0.3750000000
90171  -59.335  11.423  35.266 0.1250000000
90251  -59.972  12.542  29.982 0.1250000000
91269  -60.778  13.561  27.743 0.3750000000
92134  -59.197  13.128  35.147 0.1250000000
92187  -60.751  13.359  31.314 0.1250000000
92205  -60.809  13.529  29.766 0.2500000000
93141  -59.330  14.728  32.526 0.1250000000
93143  -60.504  14.282  32.244 0.1250000000
93169  -60.880  13.804  30.880 0.1250000000
93196  -61.031  14.223  29.369 0.1250000000
93225  -61.005  14.172  27.272 0.2500000000
93297  -60.424  14.505  22.125 0.1250000000
93298  -60.993  14.462  22.140 0.1250000000
94132  -60.259  14.818  31.974 0.1250000000
94156  -59.551  15.526  31.262 0.1250000000
94255  -60.196  15.088  24.726 0.3750000000
96048  -59.878  17.293  28.693 0.1250000000
96945  -59.287  18.806  29.366 0.1250000000
136845  -33.977  -7.718  47.282 0.8750000000
137193  -28.196  -9.428  47.860 0.7500000000
138499  -26.119  -9.632  50.004 0.7500000000
139194  -26.386  -16.061  60.257 0.3750000000
139362  -28.435  -8.221  51.829 1.0000000000
141848  -26.233  -17.160  61.369 0.3750000000
142093  -25.276  -7.642  69.469 0.1250000000
143004  -60.738  15.045  26.250 0.3750000000
143105  -28.466  -8.154  61.138 0.6250000000
144078  -53.445  3.696  37.373 0.1250000000
146622  -8.519  -15.121  70.931 0.1250000000
148044  -24.915  -12.241  65.784 0.1250000000
148381  -24.198  -11.636  67.218 0.1250000000
148699  -37.313  -11.168  50.123 1.0000000000
149346  -23.063  -8.414  69.551 0.1250000000
150581  -23.222  -14.634  64.570 0.1250000000
150814  -39.726  -5.296  57.268 0.3750000000
151282  -39.994  -1.874  58.828 0.1250000000
152410  -24.790  -9.945  68.083 0.2500000000
152560  -24.739  -14.436  52.981 1.0000000000
154251  -6.304  -16.589  69.720 0.2500000000
154564  -26.070  -15.345  63.643 0.1250000000
154652  -39.739  -4.648  57.715 0.2500000000
154923  -24.142  -16.147  64.305 0.1250000000
155799  -56.943  13.415  35.655 0.1250000000
157296  -24.579  -13.325  53.381 1.0000000000
157323  -60.150  12.960  34.327 0.1250000000
159235  -38.155  -2.700  61.330 0.2500000000
159348  -39.689  1.191  59.924 0.1250000000
159478  -24.766  -18.560  55.111 1.0000000000
160053  -32.079  -7.872  40.128 0.5000000000
160421  -32.242  -8.691  44.274 0.6250000000
160499  -33.306  -6.667  61.321 0.6250000000
160702  -6.676  -16.052  69.827 0.2500000000
160851  -5.500  -17.865  69.803 0.3750000000
161102  -33.888  -1.962  62.256 0.1250000000
161108  -8.148  -15.448  70.599 0.1250000000
161180  -60.693  13.284  28.887 0.2500000000
161766  -26.492  -10.166  48.510 0.7500000000
162142  -25.628  -10.905  58.295 0.8750000000
162416  -33.430  -9.561  40.881 0.1250000000
163153  -60.653  12.939  31.633 0.1250000000
163507  -39.001  -1.017  61.018 0.1250000000
164258  -34.317  -5.932  50.176 1.0000000000
