
Wed Mar 11 11:42:31 CET 2026
cd /out/sourcedata/freesurfer/sub-v2s16x51300_ses-1
setenv SUBJECTS_DIR /out/sourcedata/freesurfer
/opt/freesurfer/bin/recon-all -autorecon1 -i /work/fmriprep_25_2_wf/sub_v2s16x51300_ses_1-2_wf/anat_fit_wf/anat_template_wf/anat_merge/sub-v2s16x51300_ses-1_run-1_T1w_noise_corrected_ras_template.nii.gz -noskullstrip -noT2pial -noFLAIRpial -openmp 16 -subjid sub-v2s16x51300_ses-1 -sd /out/sourcedata/freesurfer

subjid sub-v2s16x51300_ses-1
setenv SUBJECTS_DIR /out/sourcedata/freesurfer
FREESURFER_HOME /opt/freesurfer
Actual FREESURFER_HOME /opt/freesurfer
build-stamp.txt: freesurfer-linux-ubuntu22_x86_64-7.3.2-20220804-6354275
Linux dna063 5.14.0-427.37.1.el9_4.x86_64 #1 SMP PREEMPT_DYNAMIC Fri Sep 13 12:41:50 EDT 2024 x86_64 x86_64 x86_64 GNU/Linux
cputime      unlimited
filesize     unlimited
datasize     unlimited
stacksize    8192 kbytes
coredumpsize 0 kbytes
memoryuse    67108864 kbytes
vmemoryuse   unlimited
descriptors  1024 
memorylocked unlimited
maxproc      2061970 
maxlocks     unlimited
maxsignal    2061970 
maxmessage   819200 
maxnice      0 
maxrtprio    0 
maxrttime    unlimited

               total        used        free      shared  buff/cache   available
Mem:           503Gi       136Gi       275Gi        10Gi        91Gi       352Gi
Swap:             0B          0B          0B

########################################
program versions used
7.3.2 (freesurfer-linux-ubuntu22_x86_64-7.3.2-20220804-6354275)
7.3.2

ProgramName: lta_convert  ProgramArguments: lta_convert -all-info  ProgramVersion: 7.3.2  TimeStamp: 2026/03/11-10:42:31-GMT  BuildTime: Aug  4 2022 06:17:15  BuildStamp: freesurfer-linux-ubuntu22_x86_64-7.3.2-20220804-6354275  User: oesteban  Machine: dna063  Platform: Linux  PlatformVersion: 5.14.0-427.37.1.el9_4.x86_64  CompilerName: GCC  CompilerVersion: 8.4.0
ProgramName: mri_and  ProgramArguments: mri_and -all-info  ProgramVersion: 7.3.2  TimeStamp: 2026/03/11-10:42:31-GMT  BuildTime: Aug  4 2022 06:17:15  BuildStamp: freesurfer-linux-ubuntu22_x86_64-7.3.2-20220804-6354275  User: oesteban  Machine: dna063  Platform: Linux  PlatformVersion: 5.14.0-427.37.1.el9_4.x86_64  CompilerName: GCC  CompilerVersion: 8.4.0
ProgramName: mri_annotation2label  ProgramArguments: mri_annotation2label -all-info  ProgramVersion: 7.3.2  TimeStamp: 2026/03/11-10:42:31-GMT  BuildTime: Aug  4 2022 06:17:15  BuildStamp: freesurfer-linux-ubuntu22_x86_64-7.3.2-20220804-6354275  User: oesteban  Machine: dna063  Platform: Linux  PlatformVersion: 5.14.0-427.37.1.el9_4.x86_64  CompilerName: GCC  CompilerVersion: 8.4.0
ProgramName: mri_aparc2aseg  ProgramArguments: mri_aparc2aseg -all-info  ProgramVersion: 7.3.2  TimeStamp: 2026/03/11-10:42:31-GMT  BuildTime: Aug  4 2022 06:17:15  BuildStamp: freesurfer-linux-ubuntu22_x86_64-7.3.2-20220804-6354275  User: oesteban  Machine: dna063  Platform: Linux  PlatformVersion: 5.14.0-427.37.1.el9_4.x86_64  CompilerName: GCC  CompilerVersion: 8.4.0
ProgramName: mri_surf2volseg  ProgramArguments: mri_surf2volseg -all-info  ProgramVersion: 7.3.2  TimeStamp: 2026/03/11-10:42:31-GMT  BuildTime: Aug  4 2022 06:17:15  BuildStamp: freesurfer-linux-ubuntu22_x86_64-7.3.2-20220804-6354275  User: oesteban  Machine: dna063  Platform: Linux  PlatformVersion: 5.14.0-427.37.1.el9_4.x86_64  CompilerName: GCC  CompilerVersion: 8.4.0
ProgramName: mri_binarize  ProgramArguments: mri_binarize -all-info  ProgramVersion: 7.3.2  TimeStamp: 2026/03/11-10:42:31-GMT  BuildTime: Aug  4 2022 06:17:15  BuildStamp: freesurfer-linux-ubuntu22_x86_64-7.3.2-20220804-6354275  User: oesteban  Machine: dna063  Platform: Linux  PlatformVersion: 5.14.0-427.37.1.el9_4.x86_64  CompilerName: GCC  CompilerVersion: 8.4.0
ProgramName: mri_ca_label  ProgramArguments: mri_ca_label -all-info  ProgramVersion: 7.3.2  TimeStamp: 2026/03/11-10:42:31-GMT  BuildTime: Aug  4 2022 06:17:15  BuildStamp: freesurfer-linux-ubuntu22_x86_64-7.3.2-20220804-6354275  User: oesteban  Machine: dna063  Platform: Linux  PlatformVersion: 5.14.0-427.37.1.el9_4.x86_64  CompilerName: GCC  CompilerVersion: 8.4.0
ProgramName: mri_ca_normalize  ProgramArguments: mri_ca_normalize -all-info  ProgramVersion: 7.3.2  TimeStamp: 2026/03/11-10:42:32-GMT  BuildTime: Aug  4 2022 06:17:15  BuildStamp: freesurfer-linux-ubuntu22_x86_64-7.3.2-20220804-6354275  User: oesteban  Machine: dna063  Platform: Linux  PlatformVersion: 5.14.0-427.37.1.el9_4.x86_64  CompilerName: GCC  CompilerVersion: 8.4.0
ProgramName: mri_ca_register  ProgramArguments: mri_ca_register -all-info  ProgramVersion: 7.3.2  TimeStamp: 2026/03/11-10:42:32-GMT  BuildTime: Aug  4 2022 06:17:15  BuildStamp: freesurfer-linux-ubuntu22_x86_64-7.3.2-20220804-6354275  User: oesteban  Machine: dna063  Platform: Linux  PlatformVersion: 5.14.0-427.37.1.el9_4.x86_64  CompilerName: GCC  CompilerVersion: 8.4.0
ProgramName: mri_cc  ProgramArguments: mri_cc -all-info  ProgramVersion: 7.3.2  TimeStamp: 2026/03/11-10:42:32-GMT  BuildTime: Aug  4 2022 06:17:15  BuildStamp: freesurfer-linux-ubuntu22_x86_64-7.3.2-20220804-6354275  User: oesteban  Machine: dna063  Platform: Linux  PlatformVersion: 5.14.0-427.37.1.el9_4.x86_64  CompilerName: GCC  CompilerVersion: 8.4.0
ProgramName: mri_compute_overlap  ProgramArguments: mri_compute_overlap -all-info  ProgramVersion: 7.3.2  TimeStamp: 2026/03/11-10:42:32-GMT  BuildTime: Aug  4 2022 06:17:15  BuildStamp: freesurfer-linux-ubuntu22_x86_64-7.3.2-20220804-6354275  User: oesteban  Machine: dna063  Platform: Linux  PlatformVersion: 5.14.0-427.37.1.el9_4.x86_64  CompilerName: GCC  CompilerVersion: 8.4.0
ProgramName: mri_compute_seg_overlap  ProgramArguments: mri_compute_seg_overlap -all-info  ProgramVersion: 7.3.2  TimeStamp: 2026/03/11-10:42:32-GMT  BuildTime: Aug  4 2022 06:17:15  BuildStamp: freesurfer-linux-ubuntu22_x86_64-7.3.2-20220804-6354275  User: oesteban  Machine: dna063  Platform: Linux  PlatformVersion: 5.14.0-427.37.1.el9_4.x86_64  CompilerName: GCC  CompilerVersion: 8.4.0
ProgramName: mri_concat  ProgramArguments: mri_concat -all-info  ProgramVersion: 7.3.2  TimeStamp: 2026/03/11-10:42:32-GMT  BuildTime: Aug  4 2022 06:17:15  BuildStamp: freesurfer-linux-ubuntu22_x86_64-7.3.2-20220804-6354275  User: oesteban  Machine: dna063  Platform: Linux  PlatformVersion: 5.14.0-427.37.1.el9_4.x86_64  CompilerName: GCC  CompilerVersion: 8.4.0
ProgramName: mri_concatenate_lta  ProgramArguments: mri_concatenate_lta -all-info  ProgramVersion: 7.3.2  TimeStamp: 2026/03/11-10:42:32-GMT  BuildTime: Aug  4 2022 06:17:15  BuildStamp: freesurfer-linux-ubuntu22_x86_64-7.3.2-20220804-6354275  User: oesteban  Machine: dna063  Platform: Linux  PlatformVersion: 5.14.0-427.37.1.el9_4.x86_64  CompilerName: GCC  CompilerVersion: 8.4.0
mri_convert -all-info 
ProgramName: mri_convert  ProgramArguments: mri_convert -all-info  ProgramVersion: 7.3.2  TimeStamp: 2026/03/11-10:42:32-GMT  BuildTime: Aug  4 2022 06:17:15  BuildStamp: freesurfer-linux-ubuntu22_x86_64-7.3.2-20220804-6354275  User: oesteban  Machine: dna063  Platform: Linux  PlatformVersion: 5.14.0-427.37.1.el9_4.x86_64  CompilerName: GCC  CompilerVersion: 8.4.0
ProgramName: mri_diff  ProgramArguments: mri_diff -all-info  ProgramVersion: 7.3.2  TimeStamp: 2026/03/11-10:42:32-GMT  BuildTime: Aug  4 2022 06:17:15  BuildStamp: freesurfer-linux-ubuntu22_x86_64-7.3.2-20220804-6354275  User: oesteban  Machine: dna063  Platform: Linux  PlatformVersion: 5.14.0-427.37.1.el9_4.x86_64  CompilerName: GCC  CompilerVersion: 8.4.0
ProgramName: mri_edit_wm_with_aseg  ProgramArguments: mri_edit_wm_with_aseg -all-info  ProgramVersion: 7.3.2  TimeStamp: 2026/03/11-10:42:32-GMT  BuildTime: Aug  4 2022 06:17:15  BuildStamp: freesurfer-linux-ubuntu22_x86_64-7.3.2-20220804-6354275  User: oesteban  Machine: dna063  Platform: Linux  PlatformVersion: 5.14.0-427.37.1.el9_4.x86_64  CompilerName: GCC  CompilerVersion: 8.4.0
ProgramName: mri_em_register  ProgramArguments: mri_em_register -all-info  ProgramVersion: 7.3.2  TimeStamp: 2026/03/11-10:42:32-GMT  BuildTime: Aug  4 2022 06:17:15  BuildStamp: freesurfer-linux-ubuntu22_x86_64-7.3.2-20220804-6354275  User: oesteban  Machine: dna063  Platform: Linux  PlatformVersion: 5.14.0-427.37.1.el9_4.x86_64  CompilerName: GCC  CompilerVersion: 8.4.0
ProgramName: mri_fill  ProgramArguments: mri_fill -all-info  ProgramVersion: 7.3.2  TimeStamp: 2026/03/11-10:42:32-GMT  BuildTime: Aug  4 2022 06:17:15  BuildStamp: freesurfer-linux-ubuntu22_x86_64-7.3.2-20220804-6354275  User: oesteban  Machine: dna063  Platform: Linux  PlatformVersion: 5.14.0-427.37.1.el9_4.x86_64  CompilerName: GCC  CompilerVersion: 8.4.0
ProgramName: mri_fuse_segmentations  ProgramArguments: mri_fuse_segmentations -all-info  ProgramVersion: 7.3.2  TimeStamp: 2026/03/11-10:42:32-GMT  BuildTime: Aug  4 2022 06:17:15  BuildStamp: freesurfer-linux-ubuntu22_x86_64-7.3.2-20220804-6354275  User: oesteban  Machine: dna063  Platform: Linux  PlatformVersion: 5.14.0-427.37.1.el9_4.x86_64  CompilerName: GCC  CompilerVersion: 8.4.0
ProgramName: mri_fwhm  ProgramArguments: mri_fwhm -all-info  ProgramVersion: 7.3.2  TimeStamp: 2026/03/11-10:42:32-GMT  BuildTime: Aug  4 2022 06:17:15  BuildStamp: freesurfer-linux-ubuntu22_x86_64-7.3.2-20220804-6354275  User: oesteban  Machine: dna063  Platform: Linux  PlatformVersion: 5.14.0-427.37.1.el9_4.x86_64  CompilerName: GCC  CompilerVersion: 8.4.0
ProgramName: mri_gcut  ProgramArguments: mri_gcut -all-info  ProgramVersion: 7.3.2  TimeStamp: 2026/03/11-10:42:32-GMT  BuildTime: Aug  4 2022 06:17:15  BuildStamp: freesurfer-linux-ubuntu22_x86_64-7.3.2-20220804-6354275  User: oesteban  Machine: dna063  Platform: Linux  PlatformVersion: 5.14.0-427.37.1.el9_4.x86_64  CompilerName: GCC  CompilerVersion: 8.4.0
ProgramName: mri_info  ProgramArguments: mri_info -all-info  ProgramVersion: 7.3.2  TimeStamp: 2026/03/11-10:42:32-GMT  BuildTime: Aug  4 2022 06:17:15  BuildStamp: freesurfer-linux-ubuntu22_x86_64-7.3.2-20220804-6354275  User: oesteban  Machine: dna063  Platform: Linux  PlatformVersion: 5.14.0-427.37.1.el9_4.x86_64  CompilerName: GCC  CompilerVersion: 8.4.0
ProgramName: mri_label2label  ProgramArguments: mri_label2label -all-info  ProgramVersion: 7.3.2  TimeStamp: 2026/03/11-10:42:32-GMT  BuildTime: Aug  4 2022 06:17:15  BuildStamp: freesurfer-linux-ubuntu22_x86_64-7.3.2-20220804-6354275  User: oesteban  Machine: dna063  Platform: Linux  PlatformVersion: 5.14.0-427.37.1.el9_4.x86_64  CompilerName: GCC  CompilerVersion: 8.4.0
ProgramName: mri_label2vol  ProgramArguments: mri_label2vol -all-info  ProgramVersion: 7.3.2  TimeStamp: 2026/03/11-10:42:32-GMT  BuildTime: Aug  4 2022 06:17:15  BuildStamp: freesurfer-linux-ubuntu22_x86_64-7.3.2-20220804-6354275  User: oesteban  Machine: dna063  Platform: Linux  PlatformVersion: 5.14.0-427.37.1.el9_4.x86_64  CompilerName: GCC  CompilerVersion: 8.4.0
ProgramName: mri_log_likelihood  ProgramArguments: mri_log_likelihood -all-info  ProgramVersion: 7.3.2  TimeStamp: 2026/03/11-10:42:32-GMT  BuildTime: Aug  4 2022 06:17:15  BuildStamp: freesurfer-linux-ubuntu22_x86_64-7.3.2-20220804-6354275  User: oesteban  Machine: dna063  Platform: Linux  PlatformVersion: 5.14.0-427.37.1.el9_4.x86_64  CompilerName: GCC  CompilerVersion: 8.4.0
ProgramName: mri_mask  ProgramArguments: mri_mask -all-info  ProgramVersion: 7.3.2  TimeStamp: 2026/03/11-10:42:32-GMT  BuildTime: Aug  4 2022 06:17:15  BuildStamp: freesurfer-linux-ubuntu22_x86_64-7.3.2-20220804-6354275  User: oesteban  Machine: dna063  Platform: Linux  PlatformVersion: 5.14.0-427.37.1.el9_4.x86_64  CompilerName: GCC  CompilerVersion: 8.4.0
ProgramName: mri_matrix_multiply  ProgramArguments: mri_matrix_multiply -all-info  ProgramVersion: 7.3.2  TimeStamp: 2026/03/11-10:42:32-GMT  BuildTime: Aug  4 2022 06:17:15  BuildStamp: freesurfer-linux-ubuntu22_x86_64-7.3.2-20220804-6354275  User: oesteban  Machine: dna063  Platform: Linux  PlatformVersion: 5.14.0-427.37.1.el9_4.x86_64  CompilerName: GCC  CompilerVersion: 8.4.0
ProgramName: mri_normalize  ProgramArguments: mri_normalize -all-info  ProgramVersion: 7.3.2  TimeStamp: 2026/03/11-10:42:32-GMT  BuildTime: Aug  4 2022 06:17:15  BuildStamp: freesurfer-linux-ubuntu22_x86_64-7.3.2-20220804-6354275  User: oesteban  Machine: dna063  Platform: Linux  PlatformVersion: 5.14.0-427.37.1.el9_4.x86_64  CompilerName: GCC  CompilerVersion: 8.4.0
ProgramName: mri_normalize_tp2  ProgramArguments: mri_normalize_tp2 -all-info  ProgramVersion: 7.3.2  TimeStamp: 2026/03/11-10:42:32-GMT  BuildTime: Aug  4 2022 06:17:15  BuildStamp: freesurfer-linux-ubuntu22_x86_64-7.3.2-20220804-6354275  User: oesteban  Machine: dna063  Platform: Linux  PlatformVersion: 5.14.0-427.37.1.el9_4.x86_64  CompilerName: GCC  CompilerVersion: 8.4.0
ProgramName: mri_or  ProgramArguments: mri_or -all-info  ProgramVersion: 7.3.2  TimeStamp: 2026/03/11-10:42:32-GMT  BuildTime: Aug  4 2022 06:17:15  BuildStamp: freesurfer-linux-ubuntu22_x86_64-7.3.2-20220804-6354275  User: oesteban  Machine: dna063  Platform: Linux  PlatformVersion: 5.14.0-427.37.1.el9_4.x86_64  CompilerName: GCC  CompilerVersion: 8.4.0
ProgramName: mri_relabel_hypointensities  ProgramArguments: mri_relabel_hypointensities -all-info  ProgramVersion: 7.3.2  TimeStamp: 2026/03/11-10:42:32-GMT  BuildTime: Aug  4 2022 06:17:15  BuildStamp: freesurfer-linux-ubuntu22_x86_64-7.3.2-20220804-6354275  User: oesteban  Machine: dna063  Platform: Linux  PlatformVersion: 5.14.0-427.37.1.el9_4.x86_64  CompilerName: GCC  CompilerVersion: 8.4.0
ProgramName: mri_relabel_nonwm_hypos  ProgramArguments: mri_relabel_nonwm_hypos -all-info  ProgramVersion: 7.3.2  TimeStamp: 2026/03/11-10:42:32-GMT  BuildTime: Aug  4 2022 06:17:15  BuildStamp: freesurfer-linux-ubuntu22_x86_64-7.3.2-20220804-6354275  User: oesteban  Machine: dna063  Platform: Linux  PlatformVersion: 5.14.0-427.37.1.el9_4.x86_64  CompilerName: GCC  CompilerVersion: 8.4.0
ProgramName: mri_remove_neck  ProgramArguments: mri_remove_neck -all-info  ProgramVersion: 7.3.2  TimeStamp: 2026/03/11-10:42:32-GMT  BuildTime: Aug  4 2022 06:17:15  BuildStamp: freesurfer-linux-ubuntu22_x86_64-7.3.2-20220804-6354275  User: oesteban  Machine: dna063  Platform: Linux  PlatformVersion: 5.14.0-427.37.1.el9_4.x86_64  CompilerName: GCC  CompilerVersion: 8.4.0
7.3.2

ProgramName: mri_robust_register  ProgramArguments: mri_robust_register -all-info  ProgramVersion: 7.3.2  TimeStamp: 2026/03/11-10:42:32-GMT  BuildTime: Aug  4 2022 06:17:15  BuildStamp: freesurfer-linux-ubuntu22_x86_64-7.3.2-20220804-6354275  User: oesteban  Machine: dna063  Platform: Linux  PlatformVersion: 5.14.0-427.37.1.el9_4.x86_64  CompilerName: GCC  CompilerVersion: 8.4.0
7.3.2

ProgramName: mri_robust_template  ProgramArguments: mri_robust_template -all-info  ProgramVersion: 7.3.2  TimeStamp: 2026/03/11-10:42:32-GMT  BuildTime: Aug  4 2022 06:17:15  BuildStamp: freesurfer-linux-ubuntu22_x86_64-7.3.2-20220804-6354275  User: oesteban  Machine: dna063  Platform: Linux  PlatformVersion: 5.14.0-427.37.1.el9_4.x86_64  CompilerName: GCC  CompilerVersion: 8.4.0
ProgramName: mris_anatomical_stats  ProgramArguments: mris_anatomical_stats -all-info  ProgramVersion: 7.3.2  TimeStamp: 2026/03/11-10:42:32-GMT  BuildTime: Aug  4 2022 06:17:15  BuildStamp: freesurfer-linux-ubuntu22_x86_64-7.3.2-20220804-6354275  User: oesteban  Machine: dna063  Platform: Linux  PlatformVersion: 5.14.0-427.37.1.el9_4.x86_64  CompilerName: GCC  CompilerVersion: 8.4.0
ProgramName: mris_ca_label  ProgramArguments: mris_ca_label -all-info  ProgramVersion: 7.3.2  TimeStamp: 2026/03/11-10:42:32-GMT  BuildTime: Aug  4 2022 06:17:15  BuildStamp: freesurfer-linux-ubuntu22_x86_64-7.3.2-20220804-6354275  User: oesteban  Machine: dna063  Platform: Linux  PlatformVersion: 5.14.0-427.37.1.el9_4.x86_64  CompilerName: GCC  CompilerVersion: 8.4.0
ProgramName: mris_calc  ProgramArguments: mris_calc -all-info  ProgramVersion: 7.3.2  TimeStamp: 2026/03/11-10:42:32-GMT  BuildTime: Aug  4 2022 06:17:15  BuildStamp: freesurfer-linux-ubuntu22_x86_64-7.3.2-20220804-6354275  User: oesteban  Machine: dna063  Platform: Linux  PlatformVersion: 5.14.0-427.37.1.el9_4.x86_64  CompilerName: GCC  CompilerVersion: 8.4.0
ProgramName: mris_convert  ProgramArguments: mris_convert -all-info  ProgramVersion: 7.3.2  TimeStamp: 2026/03/11-10:42:32-GMT  BuildTime: Aug  4 2022 06:17:15  BuildStamp: freesurfer-linux-ubuntu22_x86_64-7.3.2-20220804-6354275  User: oesteban  Machine: dna063  Platform: Linux  PlatformVersion: 5.14.0-427.37.1.el9_4.x86_64  CompilerName: GCC  CompilerVersion: 8.4.0
ProgramName: mris_curvature  ProgramArguments: mris_curvature -all-info  ProgramVersion: 7.3.2  TimeStamp: 2026/03/11-10:42:32-GMT  BuildTime: Aug  4 2022 06:17:15  BuildStamp: freesurfer-linux-ubuntu22_x86_64-7.3.2-20220804-6354275  User: oesteban  Machine: dna063  Platform: Linux  PlatformVersion: 5.14.0-427.37.1.el9_4.x86_64  CompilerName: GCC  CompilerVersion: 8.4.0
ProgramName: mris_curvature_stats  ProgramArguments: mris_curvature_stats -all-info  ProgramVersion: 7.3.2  TimeStamp: 2026/03/11-10:42:32-GMT  BuildTime: Aug  4 2022 06:17:15  BuildStamp: freesurfer-linux-ubuntu22_x86_64-7.3.2-20220804-6354275  User: oesteban  Machine: dna063  Platform: Linux  PlatformVersion: 5.14.0-427.37.1.el9_4.x86_64  CompilerName: GCC  CompilerVersion: 8.4.0
ProgramName: mris_diff  ProgramArguments: mris_diff -all-info  ProgramVersion: 7.3.2  TimeStamp: 2026/03/11-10:42:32-GMT  BuildTime: Aug  4 2022 06:17:15  BuildStamp: freesurfer-linux-ubuntu22_x86_64-7.3.2-20220804-6354275  User: oesteban  Machine: dna063  Platform: Linux  PlatformVersion: 5.14.0-427.37.1.el9_4.x86_64  CompilerName: GCC  CompilerVersion: 8.4.0
ProgramName: mris_divide_parcellation  ProgramArguments: mris_divide_parcellation -all-info  ProgramVersion: 7.3.2  TimeStamp: 2026/03/11-10:42:32-GMT  BuildTime: Aug  4 2022 06:17:15  BuildStamp: freesurfer-linux-ubuntu22_x86_64-7.3.2-20220804-6354275  User: oesteban  Machine: dna063  Platform: Linux  PlatformVersion: 5.14.0-427.37.1.el9_4.x86_64  CompilerName: GCC  CompilerVersion: 8.4.0
ProgramName: mri_segment  ProgramArguments: mri_segment -all-info  ProgramVersion: 7.3.2  TimeStamp: 2026/03/11-10:42:32-GMT  BuildTime: Aug  4 2022 06:17:15  BuildStamp: freesurfer-linux-ubuntu22_x86_64-7.3.2-20220804-6354275  User: oesteban  Machine: dna063  Platform: Linux  PlatformVersion: 5.14.0-427.37.1.el9_4.x86_64  CompilerName: GCC  CompilerVersion: 8.4.0
ProgramName: mri_segstats  ProgramArguments: mri_segstats -all-info  ProgramVersion: 7.3.2  TimeStamp: 2026/03/11-10:42:32-GMT  BuildTime: Aug  4 2022 06:17:15  BuildStamp: freesurfer-linux-ubuntu22_x86_64-7.3.2-20220804-6354275  User: oesteban  Machine: dna063  Platform: Linux  PlatformVersion: 5.14.0-427.37.1.el9_4.x86_64  CompilerName: GCC  CompilerVersion: 8.4.0
ProgramName: mris_euler_number  ProgramArguments: mris_euler_number -all-info  ProgramVersion: 7.3.2  TimeStamp: 2026/03/11-10:42:32-GMT  BuildTime: Aug  4 2022 06:17:15  BuildStamp: freesurfer-linux-ubuntu22_x86_64-7.3.2-20220804-6354275  User: oesteban  Machine: dna063  Platform: Linux  PlatformVersion: 5.14.0-427.37.1.el9_4.x86_64  CompilerName: GCC  CompilerVersion: 8.4.0
ProgramName: mris_fix_topology  ProgramArguments: mris_fix_topology -all-info  ProgramVersion: 7.3.2  TimeStamp: 2026/03/11-10:42:32-GMT  BuildTime: Aug  4 2022 06:17:15  BuildStamp: freesurfer-linux-ubuntu22_x86_64-7.3.2-20220804-6354275  User: oesteban  Machine: dna063  Platform: Linux  PlatformVersion: 5.14.0-427.37.1.el9_4.x86_64  CompilerName: GCC  CompilerVersion: 8.4.0
ProgramName: mris_topo_fixer  ProgramArguments: mris_topo_fixer -all-info  ProgramVersion: 7.3.2  TimeStamp: 2026/03/11-10:42:32-GMT  BuildTime: Aug  4 2022 06:17:15  BuildStamp: freesurfer-linux-ubuntu22_x86_64-7.3.2-20220804-6354275  User: oesteban  Machine: dna063  Platform: Linux  PlatformVersion: 5.14.0-427.37.1.el9_4.x86_64  CompilerName: GCC  CompilerVersion: 8.4.0
ProgramName: mris_jacobian  ProgramArguments: mris_jacobian -all-info  ProgramVersion: 7.3.2  TimeStamp: 2026/03/11-10:42:32-GMT  BuildTime: Aug  4 2022 06:17:15  BuildStamp: freesurfer-linux-ubuntu22_x86_64-7.3.2-20220804-6354275  User: oesteban  Machine: dna063  Platform: Linux  PlatformVersion: 5.14.0-427.37.1.el9_4.x86_64  CompilerName: GCC  CompilerVersion: 8.4.0
ProgramName: mris_label2annot  ProgramArguments: mris_label2annot -all-info  ProgramVersion: 7.3.2  TimeStamp: 2026/03/11-10:42:32-GMT  BuildTime: Aug  4 2022 06:17:15  BuildStamp: freesurfer-linux-ubuntu22_x86_64-7.3.2-20220804-6354275  User: oesteban  Machine: dna063  Platform: Linux  PlatformVersion: 5.14.0-427.37.1.el9_4.x86_64  CompilerName: GCC  CompilerVersion: 8.4.0
ProgramName: mris_left_right_register  ProgramArguments: mris_left_right_register -all-info  ProgramVersion: 7.3.2  TimeStamp: 2026/03/11-10:42:32-GMT  BuildTime: Aug  4 2022 06:17:15  BuildStamp: freesurfer-linux-ubuntu22_x86_64-7.3.2-20220804-6354275  User: oesteban  Machine: dna063  Platform: Linux  PlatformVersion: 5.14.0-427.37.1.el9_4.x86_64  CompilerName: GCC  CompilerVersion: 8.4.0
ProgramName: mris_place_surface  ProgramArguments: mris_place_surface -all-info  ProgramVersion: 7.3.2  TimeStamp: 2026/03/11-10:42:32-GMT  BuildTime: Aug  4 2022 06:17:15  BuildStamp: freesurfer-linux-ubuntu22_x86_64-7.3.2-20220804-6354275  User: oesteban  Machine: dna063  Platform: Linux  PlatformVersion: 5.14.0-427.37.1.el9_4.x86_64  CompilerName: GCC  CompilerVersion: 8.4.0
ProgramName: mrisp_paint  ProgramArguments: mrisp_paint -all-info  ProgramVersion: 7.3.2  TimeStamp: 2026/03/11-10:42:32-GMT  BuildTime: Aug  4 2022 06:17:15  BuildStamp: freesurfer-linux-ubuntu22_x86_64-7.3.2-20220804-6354275  User: oesteban  Machine: dna063  Platform: Linux  PlatformVersion: 5.14.0-427.37.1.el9_4.x86_64  CompilerName: GCC  CompilerVersion: 8.4.0
ProgramName: mris_register  ProgramArguments: mris_register -all-info  ProgramVersion: 7.3.2  TimeStamp: 2026/03/11-10:42:32-GMT  BuildTime: Aug  4 2022 06:17:15  BuildStamp: freesurfer-linux-ubuntu22_x86_64-7.3.2-20220804-6354275  User: oesteban  Machine: dna063  Platform: Linux  PlatformVersion: 5.14.0-427.37.1.el9_4.x86_64  CompilerName: GCC  CompilerVersion: 8.4.0
ProgramName: mris_smooth  ProgramArguments: mris_smooth -all-info  ProgramVersion: 7.3.2  TimeStamp: 2026/03/11-10:42:32-GMT  BuildTime: Aug  4 2022 06:17:15  BuildStamp: freesurfer-linux-ubuntu22_x86_64-7.3.2-20220804-6354275  User: oesteban  Machine: dna063  Platform: Linux  PlatformVersion: 5.14.0-427.37.1.el9_4.x86_64  CompilerName: GCC  CompilerVersion: 8.4.0
ProgramName: mris_sphere  ProgramArguments: mris_sphere -all-info  ProgramVersion: 7.3.2  TimeStamp: 2026/03/11-10:42:32-GMT  BuildTime: Aug  4 2022 06:17:15  BuildStamp: freesurfer-linux-ubuntu22_x86_64-7.3.2-20220804-6354275  User: oesteban  Machine: dna063  Platform: Linux  PlatformVersion: 5.14.0-427.37.1.el9_4.x86_64  CompilerName: GCC  CompilerVersion: 8.4.0
ProgramName: mris_surface_stats  ProgramArguments: mris_surface_stats -all-info  ProgramVersion: 7.3.2  TimeStamp: 2026/03/11-10:42:32-GMT  BuildTime: Aug  4 2022 06:17:15  BuildStamp: freesurfer-linux-ubuntu22_x86_64-7.3.2-20220804-6354275  User: oesteban  Machine: dna063  Platform: Linux  PlatformVersion: 5.14.0-427.37.1.el9_4.x86_64  CompilerName: GCC  CompilerVersion: 8.4.0
ProgramName: mri_stats2seg  ProgramArguments: mri_stats2seg -all-info  ProgramVersion: 7.3.2  TimeStamp: 2026/03/11-10:42:32-GMT  BuildTime: Aug  4 2022 06:17:15  BuildStamp: freesurfer-linux-ubuntu22_x86_64-7.3.2-20220804-6354275  User: oesteban  Machine: dna063  Platform: Linux  PlatformVersion: 5.14.0-427.37.1.el9_4.x86_64  CompilerName: GCC  CompilerVersion: 8.4.0
ProgramName: mris_thickness  ProgramArguments: mris_thickness -all-info  ProgramVersion: 7.3.2  TimeStamp: 2026/03/11-10:42:32-GMT  BuildTime: Aug  4 2022 06:17:15  BuildStamp: freesurfer-linux-ubuntu22_x86_64-7.3.2-20220804-6354275  User: oesteban  Machine: dna063  Platform: Linux  PlatformVersion: 5.14.0-427.37.1.el9_4.x86_64  CompilerName: GCC  CompilerVersion: 8.4.0
ProgramName: mris_thickness_diff  ProgramArguments: mris_thickness_diff -all-info  ProgramVersion: 7.3.2  TimeStamp: 2026/03/11-10:42:32-GMT  BuildTime: Aug  4 2022 06:17:15  BuildStamp: freesurfer-linux-ubuntu22_x86_64-7.3.2-20220804-6354275  User: oesteban  Machine: dna063  Platform: Linux  PlatformVersion: 5.14.0-427.37.1.el9_4.x86_64  CompilerName: GCC  CompilerVersion: 8.4.0
ProgramName: mris_topo_fixer  ProgramArguments: mris_topo_fixer -all-info  ProgramVersion: 7.3.2  TimeStamp: 2026/03/11-10:42:32-GMT  BuildTime: Aug  4 2022 06:17:15  BuildStamp: freesurfer-linux-ubuntu22_x86_64-7.3.2-20220804-6354275  User: oesteban  Machine: dna063  Platform: Linux  PlatformVersion: 5.14.0-427.37.1.el9_4.x86_64  CompilerName: GCC  CompilerVersion: 8.4.0
ProgramName: mri_surf2surf  ProgramArguments: mri_surf2surf -all-info  ProgramVersion: 7.3.2  TimeStamp: 2026/03/11-10:42:32-GMT  BuildTime: Aug  4 2022 06:17:15  BuildStamp: freesurfer-linux-ubuntu22_x86_64-7.3.2-20220804-6354275  User: oesteban  Machine: dna063  Platform: Linux  PlatformVersion: 5.14.0-427.37.1.el9_4.x86_64  CompilerName: GCC  CompilerVersion: 8.4.0
ProgramName: mri_surf2vol  ProgramArguments: mri_surf2vol -all-info  ProgramVersion: 7.3.2  TimeStamp: 2026/03/11-10:42:32-GMT  BuildTime: Aug  4 2022 06:17:15  BuildStamp: freesurfer-linux-ubuntu22_x86_64-7.3.2-20220804-6354275  User: oesteban  Machine: dna063  Platform: Linux  PlatformVersion: 5.14.0-427.37.1.el9_4.x86_64  CompilerName: GCC  CompilerVersion: 8.4.0
ProgramName: mri_surfcluster  ProgramArguments: mri_surfcluster -all-info  ProgramVersion: 7.3.2  TimeStamp: 2026/03/11-10:42:32-GMT  BuildTime: Aug  4 2022 06:17:15  BuildStamp: freesurfer-linux-ubuntu22_x86_64-7.3.2-20220804-6354275  User: oesteban  Machine: dna063  Platform: Linux  PlatformVersion: 5.14.0-427.37.1.el9_4.x86_64  CompilerName: GCC  CompilerVersion: 8.4.0
ProgramName: mris_volmask  ProgramArguments: mris_volmask -all-info  ProgramVersion: 7.3.2  TimeStamp: 2026/03/11-10:42:32-GMT  BuildTime: Aug  4 2022 06:17:15  BuildStamp: freesurfer-linux-ubuntu22_x86_64-7.3.2-20220804-6354275  User: oesteban  Machine: dna063  Platform: Linux  PlatformVersion: 5.14.0-427.37.1.el9_4.x86_64  CompilerName: GCC  CompilerVersion: 8.4.0
ProgramName: mri_tessellate  ProgramArguments: mri_tessellate -all-info  ProgramVersion: 7.3.2  TimeStamp: 2026/03/11-10:42:32-GMT  BuildTime: Aug  4 2022 06:17:15  BuildStamp: freesurfer-linux-ubuntu22_x86_64-7.3.2-20220804-6354275  User: oesteban  Machine: dna063  Platform: Linux  PlatformVersion: 5.14.0-427.37.1.el9_4.x86_64  CompilerName: GCC  CompilerVersion: 8.4.0
ProgramName: mri_vol2surf  ProgramArguments: mri_vol2surf -all-info  ProgramVersion: 7.3.2  TimeStamp: 2026/03/11-10:42:32-GMT  BuildTime: Aug  4 2022 06:17:15  BuildStamp: freesurfer-linux-ubuntu22_x86_64-7.3.2-20220804-6354275  User: oesteban  Machine: dna063  Platform: Linux  PlatformVersion: 5.14.0-427.37.1.el9_4.x86_64  CompilerName: GCC  CompilerVersion: 8.4.0
ProgramName: mri_vol2vol  ProgramArguments: mri_vol2vol -all-info  ProgramVersion: 7.3.2  TimeStamp: 2026/03/11-10:42:32-GMT  BuildTime: Aug  4 2022 06:17:15  BuildStamp: freesurfer-linux-ubuntu22_x86_64-7.3.2-20220804-6354275  User: oesteban  Machine: dna063  Platform: Linux  PlatformVersion: 5.14.0-427.37.1.el9_4.x86_64  CompilerName: GCC  CompilerVersion: 8.4.0
ProgramName: mri_voldiff  ProgramArguments: mri_voldiff -all-info  ProgramVersion: 7.3.2  TimeStamp: 2026/03/11-10:42:32-GMT  BuildTime: Aug  4 2022 06:17:15  BuildStamp: freesurfer-linux-ubuntu22_x86_64-7.3.2-20220804-6354275  User: oesteban  Machine: dna063  Platform: Linux  PlatformVersion: 5.14.0-427.37.1.el9_4.x86_64  CompilerName: GCC  CompilerVersion: 8.4.0
ProgramName: mri_watershed  ProgramArguments: mri_watershed -all-info  ProgramVersion: 7.3.2  TimeStamp: 2026/03/11-10:42:32-GMT  BuildTime: Aug  4 2022 06:17:15  BuildStamp: freesurfer-linux-ubuntu22_x86_64-7.3.2-20220804-6354275  User: oesteban  Machine: dna063  Platform: Linux  PlatformVersion: 5.14.0-427.37.1.el9_4.x86_64  CompilerName: GCC  CompilerVersion: 8.4.0
ProgramName: tkregister2  ProgramArguments: tkregister2_cmdl -all-info  ProgramVersion: 7.3.2  TimeStamp: 2026/03/11-10:42:32-GMT  BuildTime: Aug  4 2022 06:17:15  BuildStamp: freesurfer-linux-ubuntu22_x86_64-7.3.2-20220804-6354275  User: oesteban  Machine: dna063  Platform: Linux  PlatformVersion: 5.14.0-427.37.1.el9_4.x86_64  CompilerName: GCC  CompilerVersion: 8.4.0
mri_motion_correct.fsl 7.3.2
mri_convert -all-info 
ProgramName: mri_convert  ProgramArguments: mri_convert -all-info  ProgramVersion: 7.3.2  TimeStamp: 2026/03/11-10:42:32-GMT  BuildTime: Aug  4 2022 06:17:15  BuildStamp: freesurfer-linux-ubuntu22_x86_64-7.3.2-20220804-6354275  User: oesteban  Machine: dna063  Platform: Linux  PlatformVersion: 5.14.0-427.37.1.el9_4.x86_64  CompilerName: GCC  CompilerVersion: 8.4.0
Program nu_correct, built from:
Package MNI N3, version 1.12.0, compiled by nicks@terrier (x86_64-unknown-linux-gnu) on 2015-06-19 at 01:25:34
#######################################
GCADIR /opt/freesurfer/average
GCA RB_all_2020-01-02.gca
GCASkull RB_all_withskull_2020_01_02.gca
AvgCurvTif folding.atlas.acfb40.noaparc.i12.2016-08-02.tif
GCSDIR /opt/freesurfer/average
GCS DKaparc.atlas.acfb40.noaparc.i12.2016-08-02.gcs
#######################################
/out/sourcedata/freesurfer/sub-v2s16x51300_ses-1

 mri_convert /work/fmriprep_25_2_wf/sub_v2s16x51300_ses_1-2_wf/anat_fit_wf/anat_template_wf/anat_merge/sub-v2s16x51300_ses-1_run-1_T1w_noise_corrected_ras_template.nii.gz /out/sourcedata/freesurfer/sub-v2s16x51300_ses-1/mri/orig/001.mgz 

mri_convert /work/fmriprep_25_2_wf/sub_v2s16x51300_ses_1-2_wf/anat_fit_wf/anat_template_wf/anat_merge/sub-v2s16x51300_ses-1_run-1_T1w_noise_corrected_ras_template.nii.gz /out/sourcedata/freesurfer/sub-v2s16x51300_ses-1/mri/orig/001.mgz 
reading from /work/fmriprep_25_2_wf/sub_v2s16x51300_ses_1-2_wf/anat_fit_wf/anat_template_wf/anat_merge/sub-v2s16x51300_ses-1_run-1_T1w_noise_corrected_ras_template.nii.gz...
TR=0.00, TE=0.00, TI=0.00, flip angle=0.00
i_ras = (0.993768, 0, -0.111469)
j_ras = (0, 1, 0)
k_ras = (0.111469, 0, 0.993768)
writing to /out/sourcedata/freesurfer/sub-v2s16x51300_ses-1/mri/orig/001.mgz...
#--------------------------------------------
#@# MotionCor Wed Mar 11 11:42:35 CET 2026
Found 1 runs
/out/sourcedata/freesurfer/sub-v2s16x51300_ses-1/mri/orig/001.mgz
Checking for (invalid) multi-frame inputs...
Only one run found so motion
correction will not be performed. I'll
copy the run to rawavg and continue.

 cp /out/sourcedata/freesurfer/sub-v2s16x51300_ses-1/mri/orig/001.mgz /out/sourcedata/freesurfer/sub-v2s16x51300_ses-1/mri/rawavg.mgz 


 mri_info /out/sourcedata/freesurfer/sub-v2s16x51300_ses-1/mri/rawavg.mgz 

rawavg.mgz ========================================
Volume information for /out/sourcedata/freesurfer/sub-v2s16x51300_ses-1/mri/rawavg.mgz
          type: MGH
    dimensions: 160 x 240 x 256
   voxel sizes: 1.200000, 1.000000, 1.000000
          type: FLOAT (3)
           fov: 256.000
           dof: 1
        xstart: -96.0, xend: 96.0
        ystart: -120.0, yend: 120.0
        zstart: -128.0, zend: 128.0
            TR: 0.00 msec, TE: 0.00 msec, TI: 0.00 msec, flip angle: 0.00 degrees
       nframes: 1
       PhEncDir: UNKNOWN
       FieldStrength: 0.000000
ras xform present
    xform info: x_r =   0.9938, y_r =   0.0000, z_r =   0.1115, c_r =    -0.5031
              : x_a =   0.0000, y_a =   1.0000, z_a =   0.0000, c_a =     1.6000
              : x_s =  -0.1115, y_s =   0.0000, z_s =   0.9938, c_s =   -10.5743

talairach xfm : 
Orientation   : RAS
Primary Slice Direction: axial

voxel to ras transform:
                1.1925   0.0000   0.1115  -110.1728
                0.0000   1.0000   0.0000  -118.4000
               -0.1338   0.0000   0.9938  -127.0756
                0.0000   0.0000   0.0000     1.0000

voxel-to-ras determinant 1.2

ras to voxel transform:
                0.8281   0.0000  -0.0929    79.4343
                0.0000   1.0000   0.0000   118.4000
                0.1115   0.0000   0.9938   138.5645
                0.0000   0.0000   0.0000     1.0000
/out/sourcedata/freesurfer/sub-v2s16x51300_ses-1

 mri_convert /out/sourcedata/freesurfer/sub-v2s16x51300_ses-1/mri/rawavg.mgz /out/sourcedata/freesurfer/sub-v2s16x51300_ses-1/mri/orig.mgz --conform 

mri_convert /out/sourcedata/freesurfer/sub-v2s16x51300_ses-1/mri/rawavg.mgz /out/sourcedata/freesurfer/sub-v2s16x51300_ses-1/mri/orig.mgz --conform 
reading from /out/sourcedata/freesurfer/sub-v2s16x51300_ses-1/mri/rawavg.mgz...
TR=0.00, TE=0.00, TI=0.00, flip angle=0.00
i_ras = (0.993768, 0, -0.111469)
j_ras = (0, 1, 0)
k_ras = (0.111469, 0, 0.993768)
changing data type from float to uchar (noscale = 0)...
MRIchangeType: Building histogram -116.626 1665.49 1000, flo=0, fhi=0.999, dest_type=0
Reslicing using trilinear interpolation 
writing to /out/sourcedata/freesurfer/sub-v2s16x51300_ses-1/mri/orig.mgz...

 mri_add_xform_to_header -c /out/sourcedata/freesurfer/sub-v2s16x51300_ses-1/mri/transforms/talairach.xfm /out/sourcedata/freesurfer/sub-v2s16x51300_ses-1/mri/orig.mgz /out/sourcedata/freesurfer/sub-v2s16x51300_ses-1/mri/orig.mgz 

INFO: extension is mgz

 mri_info /out/sourcedata/freesurfer/sub-v2s16x51300_ses-1/mri/orig.mgz 

orig.mgz ========================================
Volume information for /out/sourcedata/freesurfer/sub-v2s16x51300_ses-1/mri/orig.mgz
          type: MGH
    dimensions: 256 x 256 x 256
   voxel sizes: 1.000000, 1.000000, 1.000000
          type: UCHAR (0)
           fov: 256.000
           dof: 1
        xstart: -128.0, xend: 128.0
        ystart: -128.0, yend: 128.0
        zstart: -128.0, zend: 128.0
            TR: 0.00 msec, TE: 0.00 msec, TI: 0.00 msec, flip angle: 0.00 degrees
       nframes: 1
       PhEncDir: UNKNOWN
       FieldStrength: 0.000000
ras xform present
    xform info: x_r =  -1.0000, y_r =   0.0000, z_r =   0.0000, c_r =    -0.5031
              : x_a =   0.0000, y_a =   0.0000, z_a =   1.0000, c_a =     1.6000
              : x_s =   0.0000, y_s =  -1.0000, z_s =   0.0000, c_s =   -10.5743

talairach xfm : /out/sourcedata/freesurfer/sub-v2s16x51300_ses-1/mri/transforms/talairach.xfm
Orientation   : LIA
Primary Slice Direction: coronal

voxel to ras transform:
               -1.0000   0.0000   0.0000   127.4969
                0.0000   0.0000   1.0000  -126.4000
                0.0000  -1.0000   0.0000   117.4257
                0.0000   0.0000   0.0000     1.0000

voxel-to-ras determinant -1

ras to voxel transform:
               -1.0000  -0.0000  -0.0000   127.4969
               -0.0000  -0.0000  -1.0000   117.4257
               -0.0000   1.0000  -0.0000   126.4000
               -0.0000  -0.0000  -0.0000     1.0000
#--------------------------------------------
#@# Talairach Wed Mar 11 11:42:43 CET 2026
/out/sourcedata/freesurfer/sub-v2s16x51300_ses-1/mri

 mri_nu_correct.mni --no-rescale --i orig.mgz --o orig_nu.mgz --ants-n4 --n 1 --proto-iters 1000 --distance 50 

/usr/bin/bc
/out/sourcedata/freesurfer/sub-v2s16x51300_ses-1/mri
/opt/freesurfer/bin/mri_nu_correct.mni
--no-rescale --i orig.mgz --o orig_nu.mgz --ants-n4 --n 1 --proto-iters 1000 --distance 50
nIters 1
mri_nu_correct.mni 7.3.2
Linux dna063 5.14.0-427.37.1.el9_4.x86_64 #1 SMP PREEMPT_DYNAMIC Fri Sep 13 12:41:50 EDT 2024 x86_64 x86_64 x86_64 GNU/Linux
Wed Mar 11 11:42:43 CET 2026
tmpdir is ./tmp.mri_nu_correct.mni.2273543
cd /out/sourcedata/freesurfer/sub-v2s16x51300_ses-1/mri
AntsN4BiasFieldCorrectionFs -i orig.mgz -o ./tmp.mri_nu_correct.mni.2273543/nu0.mgz --dtype uchar
AntsN4BiasFieldCorrectionFs done
mri_convert ./tmp.mri_nu_correct.mni.2273543/nu0.mgz orig_nu.mgz --like orig.mgz --conform
mri_convert ./tmp.mri_nu_correct.mni.2273543/nu0.mgz orig_nu.mgz --like orig.mgz --conform 
reading from ./tmp.mri_nu_correct.mni.2273543/nu0.mgz...
TR=0.00, TE=0.00, TI=0.00, flip angle=0.00
i_ras = (-1, 0, 0)
j_ras = (0, 0, -1)
k_ras = (0, 1, 0)
INFO: transform src into the like-volume: orig.mgz
writing to orig_nu.mgz...
 
 
Wed Mar 11 11:45:38 CET 2026
mri_nu_correct.mni done

 talairach_avi --i orig_nu.mgz --xfm transforms/talairach.auto.xfm 

talairach_avi log file is transforms/talairach_avi.log...
mv -f /out/sourcedata/freesurfer/sub-v2s16x51300_ses-1/mri/talsrcimg_to_711-2C_as_mni_average_305_t4_vox2vox.txt /out/sourcedata/freesurfer/sub-v2s16x51300_ses-1/mri/transforms/talsrcimg_to_711-2C_as_mni_average_305_t4_vox2vox.txt
Started at Wed Mar 11 11:45:38 CET 2026
Ended   at Wed Mar 11 11:47:10 CET 2026
talairach_avi done

 cp transforms/talairach.auto.xfm transforms/talairach.xfm 

lta_convert --src orig.mgz --trg /opt/freesurfer/average/mni305.cor.mgz --inxfm transforms/talairach.xfm --outlta transforms/talairach.xfm.lta --subject fsaverage --ltavox2vox
7.3.2

--src: orig.mgz src image (geometry).
--trg: /opt/freesurfer/average/mni305.cor.mgz trg image (geometry).
--inmni: transforms/talairach.xfm input MNI/XFM transform.
--outlta: transforms/talairach.xfm.lta output LTA.
--s: fsaverage subject name
--ltavox2vox: output LTA as VOX_TO_VOX transform.
 LTA read, type : 1
 1.03026   0.03234  -0.08633   2.05544;
-0.02669   1.03045   0.05345  -23.45755;
 0.09997  -0.04939   1.12770   13.43483;
 0.00000   0.00000   0.00000   1.00000;
setting subject to fsaverage
Writing  LTA to file transforms/talairach.xfm.lta...
lta_convert successful.
#--------------------------------------------
#@# Talairach Failure Detection Wed Mar 11 11:47:12 CET 2026
/out/sourcedata/freesurfer/sub-v2s16x51300_ses-1/mri

 talairach_afd -T 0.005 -xfm transforms/talairach.xfm 

talairach_afd: Talairach Transform: transforms/talairach.xfm OK (p=0.7146, pval=0.4932 >= threshold=0.0050)

 awk -f /opt/freesurfer/bin/extract_talairach_avi_QA.awk /out/sourcedata/freesurfer/sub-v2s16x51300_ses-1/mri/transforms/talairach_avi.log 


 tal_QC_AZS /out/sourcedata/freesurfer/sub-v2s16x51300_ses-1/mri/transforms/talairach_avi.log 

TalAviQA: 0.98335
z-score: 1
#--------------------------------------------
#@# Nu Intensity Correction Wed Mar 11 11:47:12 CET 2026

 mri_nu_correct.mni --i orig.mgz --o nu.mgz --uchar transforms/talairach.xfm --n 2 --ants-n4 

/usr/bin/bc
/out/sourcedata/freesurfer/sub-v2s16x51300_ses-1/mri
/opt/freesurfer/bin/mri_nu_correct.mni
--i orig.mgz --o nu.mgz --uchar transforms/talairach.xfm --n 2 --ants-n4
nIters 2
mri_nu_correct.mni 7.3.2
Linux dna063 5.14.0-427.37.1.el9_4.x86_64 #1 SMP PREEMPT_DYNAMIC Fri Sep 13 12:41:50 EDT 2024 x86_64 x86_64 x86_64 GNU/Linux
Wed Mar 11 11:47:13 CET 2026
tmpdir is ./tmp.mri_nu_correct.mni.2339752
cd /out/sourcedata/freesurfer/sub-v2s16x51300_ses-1/mri
AntsN4BiasFieldCorrectionFs -i orig.mgz -o ./tmp.mri_nu_correct.mni.2339752/nu0.mgz --dtype uchar
AntsN4BiasFieldCorrectionFs done
mri_binarize --i ./tmp.mri_nu_correct.mni.2339752/nu0.mgz --min -1 --o ./tmp.mri_nu_correct.mni.2339752/ones.mgz

7.3.2
cwd /out/sourcedata/freesurfer/sub-v2s16x51300_ses-1/mri
cmdline mri_binarize --i ./tmp.mri_nu_correct.mni.2339752/nu0.mgz --min -1 --o ./tmp.mri_nu_correct.mni.2339752/ones.mgz 
sysname  Linux
hostname dna063
machine  x86_64
user     oesteban

input      ./tmp.mri_nu_correct.mni.2339752/nu0.mgz
frame      0
nErode3d   0
nErode2d   0
output     ./tmp.mri_nu_correct.mni.2339752/ones.mgz
Binarizing based on threshold
min        -1
max        +infinity
binval        1
binvalnot     0
fstart = 0, fend = 0, nframes = 1
Starting parallel 1
Found 16777216 values in range
Counting number of voxels in first frame
Found 16777215 voxels in final mask
Writing output to ./tmp.mri_nu_correct.mni.2339752/ones.mgz
Count: 16777215 16777215.000000 16777216 99.999994
mri_binarize done
mri_segstats --id 1 --seg ./tmp.mri_nu_correct.mni.2339752/ones.mgz --i orig.mgz --sum ./tmp.mri_nu_correct.mni.2339752/sum.junk --avgwf ./tmp.mri_nu_correct.mni.2339752/input.mean.dat

7.3.2
cwd 
cmdline mri_segstats --id 1 --seg ./tmp.mri_nu_correct.mni.2339752/ones.mgz --i orig.mgz --sum ./tmp.mri_nu_correct.mni.2339752/sum.junk --avgwf ./tmp.mri_nu_correct.mni.2339752/input.mean.dat 
sysname  Linux
hostname dna063
machine  x86_64
user     oesteban
whitesurfname  white
UseRobust  0
Loading ./tmp.mri_nu_correct.mni.2339752/ones.mgz
Loading orig.mgz
Voxel Volume is 1 mm^3
Generating list of segmentation ids
Found   1 segmentations
Computing statistics for each segmentation

Reporting on   1 segmentations
Using PrintSegStat
Computing spatial average of each frame

Writing to ./tmp.mri_nu_correct.mni.2339752/input.mean.dat
mri_segstats done
mri_segstats --id 1 --seg ./tmp.mri_nu_correct.mni.2339752/ones.mgz --i ./tmp.mri_nu_correct.mni.2339752/nu0.mgz --sum ./tmp.mri_nu_correct.mni.2339752/sum.junk --avgwf ./tmp.mri_nu_correct.mni.2339752/output.mean.dat

7.3.2
cwd 
cmdline mri_segstats --id 1 --seg ./tmp.mri_nu_correct.mni.2339752/ones.mgz --i ./tmp.mri_nu_correct.mni.2339752/nu0.mgz --sum ./tmp.mri_nu_correct.mni.2339752/sum.junk --avgwf ./tmp.mri_nu_correct.mni.2339752/output.mean.dat 
sysname  Linux
hostname dna063
machine  x86_64
user     oesteban
whitesurfname  white
UseRobust  0
Loading ./tmp.mri_nu_correct.mni.2339752/ones.mgz
Loading ./tmp.mri_nu_correct.mni.2339752/nu0.mgz
Voxel Volume is 1 mm^3
Generating list of segmentation ids
Found   1 segmentations
Computing statistics for each segmentation

Reporting on   1 segmentations
Using PrintSegStat
Computing spatial average of each frame

Writing to ./tmp.mri_nu_correct.mni.2339752/output.mean.dat
mri_segstats done
mris_calc -o ./tmp.mri_nu_correct.mni.2339752/nu0.mgz ./tmp.mri_nu_correct.mni.2339752/nu0.mgz mul 1.39695130538280174626
Saving result to './tmp.mri_nu_correct.mni.2339752/nu0.mgz' (type = MGH )                       [ ok ]
mri_convert ./tmp.mri_nu_correct.mni.2339752/nu0.mgz nu.mgz --like orig.mgz
mri_convert ./tmp.mri_nu_correct.mni.2339752/nu0.mgz nu.mgz --like orig.mgz 
reading from ./tmp.mri_nu_correct.mni.2339752/nu0.mgz...
TR=0.00, TE=0.00, TI=0.00, flip angle=0.00
i_ras = (-1, 0, 0)
j_ras = (0, 0, -1)
k_ras = (0, 1, 0)
INFO: transform src into the like-volume: orig.mgz
writing to nu.mgz...
mri_make_uchar nu.mgz transforms/talairach.xfm nu.mgz
type change took 0 minutes and 6 seconds.
FIRST_PERCENTILE 0.010000
WM_PERCENTILE    0.900000
MAX_R 50.000000
i1 = 13, i2 = 63
#mri_make_uchar# mapping 30 145 to  3 110  :  b -25.387 m 0.933118 : thresh 27.2066 maxsat 300.484 : nzero 11751629 nsat 0
 
 
Wed Mar 11 11:50:28 CET 2026
mri_nu_correct.mni done

 mri_add_xform_to_header -c /out/sourcedata/freesurfer/sub-v2s16x51300_ses-1/mri/transforms/talairach.xfm nu.mgz nu.mgz 

INFO: extension is mgz
#--------------------------------------------
#@# Intensity Normalization Wed Mar 11 11:50:28 CET 2026
/out/sourcedata/freesurfer/sub-v2s16x51300_ses-1/mri

 mri_normalize -g 1 -seed 1234 -mprage nu.mgz T1.mgz 

using max gradient = 1.000
setting seed for random number genererator to 1234
assuming input volume is MGH (Van der Kouwe) MP-RAGE
reading mri_src from nu.mgz...
normalizing image...
NOT doing gentle normalization with control points/label
talairach transform
 1.03026   0.03234  -0.08633   2.05544;
-0.02669   1.03045   0.05345  -23.45755;
 0.09997  -0.04939   1.12770   13.43483;
 0.00000   0.00000   0.00000   1.00000;
processing without aseg, no1d=0
MRInormInit(): 
INFO: Modifying talairach volume c_(r,a,s) based on average_305
MRInormalize(): 
MRIsplineNormalize(): npeaks = 20
Starting OpenSpline(): npoints = 20
building Voronoi diagram...
performing soap bubble smoothing, sigma = 8...

Iterating 2 times
---------------------------------
3d normalization pass 1 of 2
white matter peak found at 110
white matter peak found at 110
gm peak at 66 (66), valley at 29 (29)
csf peak at 33, setting threshold to 55
building Voronoi diagram...
performing soap bubble smoothing, sigma = 8...
---------------------------------
3d normalization pass 2 of 2
white matter peak found at 110
white matter peak found at 110
gm peak at 67 (67), valley at 15 (15)
csf peak at 34, setting threshold to 56
building Voronoi diagram...
performing soap bubble smoothing, sigma = 8...
Done iterating ---------------------------------
writing output to T1.mgz
3D bias adjustment took 1 minutes and 32 seconds.

Started at Wed Mar 11 11:42:31 CET 2026 
Ended   at Wed Mar 11 11:52:01 CET 2026
#@#%# recon-all-run-time-hours 0.158
recon-all -s sub-v2s16x51300_ses-1 finished without error at Wed Mar 11 11:52:01 CET 2026



#New# invocation of recon-all 




Wed Mar 11 11:58:14 CET 2026
cd /out/sourcedata/freesurfer/sub-v2s16x51300_ses-1
setenv SUBJECTS_DIR /out/sourcedata/freesurfer
/opt/freesurfer/bin/recon-all -openmp 16 -subjid sub-v2s16x51300_ses-1 -sd /out/sourcedata/freesurfer -gcareg

subjid sub-v2s16x51300_ses-1
setenv SUBJECTS_DIR /out/sourcedata/freesurfer
FREESURFER_HOME /opt/freesurfer
Actual FREESURFER_HOME /opt/freesurfer
build-stamp.txt: freesurfer-linux-ubuntu22_x86_64-7.3.2-20220804-6354275
Linux dna063 5.14.0-427.37.1.el9_4.x86_64 #1 SMP PREEMPT_DYNAMIC Fri Sep 13 12:41:50 EDT 2024 x86_64 x86_64 x86_64 GNU/Linux
cputime      unlimited
filesize     unlimited
datasize     unlimited
stacksize    8192 kbytes
coredumpsize 0 kbytes
memoryuse    67108864 kbytes
vmemoryuse   unlimited
descriptors  1024 
memorylocked unlimited
maxproc      2061970 
maxlocks     unlimited
maxsignal    2061970 
maxmessage   819200 
maxnice      0 
maxrtprio    0 
maxrttime    unlimited

               total        used        free      shared  buff/cache   available
Mem:           503Gi       126Gi       284Gi        10Gi        92Gi       362Gi
Swap:             0B          0B          0B

########################################
program versions used
7.3.2 (freesurfer-linux-ubuntu22_x86_64-7.3.2-20220804-6354275)
7.3.2

ProgramName: lta_convert  ProgramArguments: lta_convert -all-info  ProgramVersion: 7.3.2  TimeStamp: 2026/03/11-10:58:14-GMT  BuildTime: Aug  4 2022 06:17:15  BuildStamp: freesurfer-linux-ubuntu22_x86_64-7.3.2-20220804-6354275  User: oesteban  Machine: dna063  Platform: Linux  PlatformVersion: 5.14.0-427.37.1.el9_4.x86_64  CompilerName: GCC  CompilerVersion: 8.4.0
ProgramName: mri_and  ProgramArguments: mri_and -all-info  ProgramVersion: 7.3.2  TimeStamp: 2026/03/11-10:58:14-GMT  BuildTime: Aug  4 2022 06:17:15  BuildStamp: freesurfer-linux-ubuntu22_x86_64-7.3.2-20220804-6354275  User: oesteban  Machine: dna063  Platform: Linux  PlatformVersion: 5.14.0-427.37.1.el9_4.x86_64  CompilerName: GCC  CompilerVersion: 8.4.0
ProgramName: mri_annotation2label  ProgramArguments: mri_annotation2label -all-info  ProgramVersion: 7.3.2  TimeStamp: 2026/03/11-10:58:14-GMT  BuildTime: Aug  4 2022 06:17:15  BuildStamp: freesurfer-linux-ubuntu22_x86_64-7.3.2-20220804-6354275  User: oesteban  Machine: dna063  Platform: Linux  PlatformVersion: 5.14.0-427.37.1.el9_4.x86_64  CompilerName: GCC  CompilerVersion: 8.4.0
ProgramName: mri_aparc2aseg  ProgramArguments: mri_aparc2aseg -all-info  ProgramVersion: 7.3.2  TimeStamp: 2026/03/11-10:58:14-GMT  BuildTime: Aug  4 2022 06:17:15  BuildStamp: freesurfer-linux-ubuntu22_x86_64-7.3.2-20220804-6354275  User: oesteban  Machine: dna063  Platform: Linux  PlatformVersion: 5.14.0-427.37.1.el9_4.x86_64  CompilerName: GCC  CompilerVersion: 8.4.0
ProgramName: mri_surf2volseg  ProgramArguments: mri_surf2volseg -all-info  ProgramVersion: 7.3.2  TimeStamp: 2026/03/11-10:58:14-GMT  BuildTime: Aug  4 2022 06:17:15  BuildStamp: freesurfer-linux-ubuntu22_x86_64-7.3.2-20220804-6354275  User: oesteban  Machine: dna063  Platform: Linux  PlatformVersion: 5.14.0-427.37.1.el9_4.x86_64  CompilerName: GCC  CompilerVersion: 8.4.0
ProgramName: mri_binarize  ProgramArguments: mri_binarize -all-info  ProgramVersion: 7.3.2  TimeStamp: 2026/03/11-10:58:14-GMT  BuildTime: Aug  4 2022 06:17:15  BuildStamp: freesurfer-linux-ubuntu22_x86_64-7.3.2-20220804-6354275  User: oesteban  Machine: dna063  Platform: Linux  PlatformVersion: 5.14.0-427.37.1.el9_4.x86_64  CompilerName: GCC  CompilerVersion: 8.4.0
ProgramName: mri_ca_label  ProgramArguments: mri_ca_label -all-info  ProgramVersion: 7.3.2  TimeStamp: 2026/03/11-10:58:14-GMT  BuildTime: Aug  4 2022 06:17:15  BuildStamp: freesurfer-linux-ubuntu22_x86_64-7.3.2-20220804-6354275  User: oesteban  Machine: dna063  Platform: Linux  PlatformVersion: 5.14.0-427.37.1.el9_4.x86_64  CompilerName: GCC  CompilerVersion: 8.4.0
ProgramName: mri_ca_normalize  ProgramArguments: mri_ca_normalize -all-info  ProgramVersion: 7.3.2  TimeStamp: 2026/03/11-10:58:14-GMT  BuildTime: Aug  4 2022 06:17:15  BuildStamp: freesurfer-linux-ubuntu22_x86_64-7.3.2-20220804-6354275  User: oesteban  Machine: dna063  Platform: Linux  PlatformVersion: 5.14.0-427.37.1.el9_4.x86_64  CompilerName: GCC  CompilerVersion: 8.4.0
ProgramName: mri_ca_register  ProgramArguments: mri_ca_register -all-info  ProgramVersion: 7.3.2  TimeStamp: 2026/03/11-10:58:14-GMT  BuildTime: Aug  4 2022 06:17:15  BuildStamp: freesurfer-linux-ubuntu22_x86_64-7.3.2-20220804-6354275  User: oesteban  Machine: dna063  Platform: Linux  PlatformVersion: 5.14.0-427.37.1.el9_4.x86_64  CompilerName: GCC  CompilerVersion: 8.4.0
ProgramName: mri_cc  ProgramArguments: mri_cc -all-info  ProgramVersion: 7.3.2  TimeStamp: 2026/03/11-10:58:14-GMT  BuildTime: Aug  4 2022 06:17:15  BuildStamp: freesurfer-linux-ubuntu22_x86_64-7.3.2-20220804-6354275  User: oesteban  Machine: dna063  Platform: Linux  PlatformVersion: 5.14.0-427.37.1.el9_4.x86_64  CompilerName: GCC  CompilerVersion: 8.4.0
ProgramName: mri_compute_overlap  ProgramArguments: mri_compute_overlap -all-info  ProgramVersion: 7.3.2  TimeStamp: 2026/03/11-10:58:14-GMT  BuildTime: Aug  4 2022 06:17:15  BuildStamp: freesurfer-linux-ubuntu22_x86_64-7.3.2-20220804-6354275  User: oesteban  Machine: dna063  Platform: Linux  PlatformVersion: 5.14.0-427.37.1.el9_4.x86_64  CompilerName: GCC  CompilerVersion: 8.4.0
ProgramName: mri_compute_seg_overlap  ProgramArguments: mri_compute_seg_overlap -all-info  ProgramVersion: 7.3.2  TimeStamp: 2026/03/11-10:58:14-GMT  BuildTime: Aug  4 2022 06:17:15  BuildStamp: freesurfer-linux-ubuntu22_x86_64-7.3.2-20220804-6354275  User: oesteban  Machine: dna063  Platform: Linux  PlatformVersion: 5.14.0-427.37.1.el9_4.x86_64  CompilerName: GCC  CompilerVersion: 8.4.0
ProgramName: mri_concat  ProgramArguments: mri_concat -all-info  ProgramVersion: 7.3.2  TimeStamp: 2026/03/11-10:58:14-GMT  BuildTime: Aug  4 2022 06:17:15  BuildStamp: freesurfer-linux-ubuntu22_x86_64-7.3.2-20220804-6354275  User: oesteban  Machine: dna063  Platform: Linux  PlatformVersion: 5.14.0-427.37.1.el9_4.x86_64  CompilerName: GCC  CompilerVersion: 8.4.0
ProgramName: mri_concatenate_lta  ProgramArguments: mri_concatenate_lta -all-info  ProgramVersion: 7.3.2  TimeStamp: 2026/03/11-10:58:14-GMT  BuildTime: Aug  4 2022 06:17:15  BuildStamp: freesurfer-linux-ubuntu22_x86_64-7.3.2-20220804-6354275  User: oesteban  Machine: dna063  Platform: Linux  PlatformVersion: 5.14.0-427.37.1.el9_4.x86_64  CompilerName: GCC  CompilerVersion: 8.4.0
mri_convert -all-info 
ProgramName: mri_convert  ProgramArguments: mri_convert -all-info  ProgramVersion: 7.3.2  TimeStamp: 2026/03/11-10:58:14-GMT  BuildTime: Aug  4 2022 06:17:15  BuildStamp: freesurfer-linux-ubuntu22_x86_64-7.3.2-20220804-6354275  User: oesteban  Machine: dna063  Platform: Linux  PlatformVersion: 5.14.0-427.37.1.el9_4.x86_64  CompilerName: GCC  CompilerVersion: 8.4.0
ProgramName: mri_diff  ProgramArguments: mri_diff -all-info  ProgramVersion: 7.3.2  TimeStamp: 2026/03/11-10:58:14-GMT  BuildTime: Aug  4 2022 06:17:15  BuildStamp: freesurfer-linux-ubuntu22_x86_64-7.3.2-20220804-6354275  User: oesteban  Machine: dna063  Platform: Linux  PlatformVersion: 5.14.0-427.37.1.el9_4.x86_64  CompilerName: GCC  CompilerVersion: 8.4.0
ProgramName: mri_edit_wm_with_aseg  ProgramArguments: mri_edit_wm_with_aseg -all-info  ProgramVersion: 7.3.2  TimeStamp: 2026/03/11-10:58:14-GMT  BuildTime: Aug  4 2022 06:17:15  BuildStamp: freesurfer-linux-ubuntu22_x86_64-7.3.2-20220804-6354275  User: oesteban  Machine: dna063  Platform: Linux  PlatformVersion: 5.14.0-427.37.1.el9_4.x86_64  CompilerName: GCC  CompilerVersion: 8.4.0
ProgramName: mri_em_register  ProgramArguments: mri_em_register -all-info  ProgramVersion: 7.3.2  TimeStamp: 2026/03/11-10:58:14-GMT  BuildTime: Aug  4 2022 06:17:15  BuildStamp: freesurfer-linux-ubuntu22_x86_64-7.3.2-20220804-6354275  User: oesteban  Machine: dna063  Platform: Linux  PlatformVersion: 5.14.0-427.37.1.el9_4.x86_64  CompilerName: GCC  CompilerVersion: 8.4.0
ProgramName: mri_fill  ProgramArguments: mri_fill -all-info  ProgramVersion: 7.3.2  TimeStamp: 2026/03/11-10:58:14-GMT  BuildTime: Aug  4 2022 06:17:15  BuildStamp: freesurfer-linux-ubuntu22_x86_64-7.3.2-20220804-6354275  User: oesteban  Machine: dna063  Platform: Linux  PlatformVersion: 5.14.0-427.37.1.el9_4.x86_64  CompilerName: GCC  CompilerVersion: 8.4.0
ProgramName: mri_fuse_segmentations  ProgramArguments: mri_fuse_segmentations -all-info  ProgramVersion: 7.3.2  TimeStamp: 2026/03/11-10:58:14-GMT  BuildTime: Aug  4 2022 06:17:15  BuildStamp: freesurfer-linux-ubuntu22_x86_64-7.3.2-20220804-6354275  User: oesteban  Machine: dna063  Platform: Linux  PlatformVersion: 5.14.0-427.37.1.el9_4.x86_64  CompilerName: GCC  CompilerVersion: 8.4.0
ProgramName: mri_fwhm  ProgramArguments: mri_fwhm -all-info  ProgramVersion: 7.3.2  TimeStamp: 2026/03/11-10:58:14-GMT  BuildTime: Aug  4 2022 06:17:15  BuildStamp: freesurfer-linux-ubuntu22_x86_64-7.3.2-20220804-6354275  User: oesteban  Machine: dna063  Platform: Linux  PlatformVersion: 5.14.0-427.37.1.el9_4.x86_64  CompilerName: GCC  CompilerVersion: 8.4.0
ProgramName: mri_gcut  ProgramArguments: mri_gcut -all-info  ProgramVersion: 7.3.2  TimeStamp: 2026/03/11-10:58:14-GMT  BuildTime: Aug  4 2022 06:17:15  BuildStamp: freesurfer-linux-ubuntu22_x86_64-7.3.2-20220804-6354275  User: oesteban  Machine: dna063  Platform: Linux  PlatformVersion: 5.14.0-427.37.1.el9_4.x86_64  CompilerName: GCC  CompilerVersion: 8.4.0
ProgramName: mri_info  ProgramArguments: mri_info -all-info  ProgramVersion: 7.3.2  TimeStamp: 2026/03/11-10:58:14-GMT  BuildTime: Aug  4 2022 06:17:15  BuildStamp: freesurfer-linux-ubuntu22_x86_64-7.3.2-20220804-6354275  User: oesteban  Machine: dna063  Platform: Linux  PlatformVersion: 5.14.0-427.37.1.el9_4.x86_64  CompilerName: GCC  CompilerVersion: 8.4.0
ProgramName: mri_label2label  ProgramArguments: mri_label2label -all-info  ProgramVersion: 7.3.2  TimeStamp: 2026/03/11-10:58:14-GMT  BuildTime: Aug  4 2022 06:17:15  BuildStamp: freesurfer-linux-ubuntu22_x86_64-7.3.2-20220804-6354275  User: oesteban  Machine: dna063  Platform: Linux  PlatformVersion: 5.14.0-427.37.1.el9_4.x86_64  CompilerName: GCC  CompilerVersion: 8.4.0
ProgramName: mri_label2vol  ProgramArguments: mri_label2vol -all-info  ProgramVersion: 7.3.2  TimeStamp: 2026/03/11-10:58:14-GMT  BuildTime: Aug  4 2022 06:17:15  BuildStamp: freesurfer-linux-ubuntu22_x86_64-7.3.2-20220804-6354275  User: oesteban  Machine: dna063  Platform: Linux  PlatformVersion: 5.14.0-427.37.1.el9_4.x86_64  CompilerName: GCC  CompilerVersion: 8.4.0
ProgramName: mri_log_likelihood  ProgramArguments: mri_log_likelihood -all-info  ProgramVersion: 7.3.2  TimeStamp: 2026/03/11-10:58:14-GMT  BuildTime: Aug  4 2022 06:17:15  BuildStamp: freesurfer-linux-ubuntu22_x86_64-7.3.2-20220804-6354275  User: oesteban  Machine: dna063  Platform: Linux  PlatformVersion: 5.14.0-427.37.1.el9_4.x86_64  CompilerName: GCC  CompilerVersion: 8.4.0
ProgramName: mri_mask  ProgramArguments: mri_mask -all-info  ProgramVersion: 7.3.2  TimeStamp: 2026/03/11-10:58:14-GMT  BuildTime: Aug  4 2022 06:17:15  BuildStamp: freesurfer-linux-ubuntu22_x86_64-7.3.2-20220804-6354275  User: oesteban  Machine: dna063  Platform: Linux  PlatformVersion: 5.14.0-427.37.1.el9_4.x86_64  CompilerName: GCC  CompilerVersion: 8.4.0
ProgramName: mri_matrix_multiply  ProgramArguments: mri_matrix_multiply -all-info  ProgramVersion: 7.3.2  TimeStamp: 2026/03/11-10:58:14-GMT  BuildTime: Aug  4 2022 06:17:15  BuildStamp: freesurfer-linux-ubuntu22_x86_64-7.3.2-20220804-6354275  User: oesteban  Machine: dna063  Platform: Linux  PlatformVersion: 5.14.0-427.37.1.el9_4.x86_64  CompilerName: GCC  CompilerVersion: 8.4.0
ProgramName: mri_normalize  ProgramArguments: mri_normalize -all-info  ProgramVersion: 7.3.2  TimeStamp: 2026/03/11-10:58:14-GMT  BuildTime: Aug  4 2022 06:17:15  BuildStamp: freesurfer-linux-ubuntu22_x86_64-7.3.2-20220804-6354275  User: oesteban  Machine: dna063  Platform: Linux  PlatformVersion: 5.14.0-427.37.1.el9_4.x86_64  CompilerName: GCC  CompilerVersion: 8.4.0
ProgramName: mri_normalize_tp2  ProgramArguments: mri_normalize_tp2 -all-info  ProgramVersion: 7.3.2  TimeStamp: 2026/03/11-10:58:14-GMT  BuildTime: Aug  4 2022 06:17:15  BuildStamp: freesurfer-linux-ubuntu22_x86_64-7.3.2-20220804-6354275  User: oesteban  Machine: dna063  Platform: Linux  PlatformVersion: 5.14.0-427.37.1.el9_4.x86_64  CompilerName: GCC  CompilerVersion: 8.4.0
ProgramName: mri_or  ProgramArguments: mri_or -all-info  ProgramVersion: 7.3.2  TimeStamp: 2026/03/11-10:58:14-GMT  BuildTime: Aug  4 2022 06:17:15  BuildStamp: freesurfer-linux-ubuntu22_x86_64-7.3.2-20220804-6354275  User: oesteban  Machine: dna063  Platform: Linux  PlatformVersion: 5.14.0-427.37.1.el9_4.x86_64  CompilerName: GCC  CompilerVersion: 8.4.0
ProgramName: mri_relabel_hypointensities  ProgramArguments: mri_relabel_hypointensities -all-info  ProgramVersion: 7.3.2  TimeStamp: 2026/03/11-10:58:14-GMT  BuildTime: Aug  4 2022 06:17:15  BuildStamp: freesurfer-linux-ubuntu22_x86_64-7.3.2-20220804-6354275  User: oesteban  Machine: dna063  Platform: Linux  PlatformVersion: 5.14.0-427.37.1.el9_4.x86_64  CompilerName: GCC  CompilerVersion: 8.4.0
ProgramName: mri_relabel_nonwm_hypos  ProgramArguments: mri_relabel_nonwm_hypos -all-info  ProgramVersion: 7.3.2  TimeStamp: 2026/03/11-10:58:14-GMT  BuildTime: Aug  4 2022 06:17:15  BuildStamp: freesurfer-linux-ubuntu22_x86_64-7.3.2-20220804-6354275  User: oesteban  Machine: dna063  Platform: Linux  PlatformVersion: 5.14.0-427.37.1.el9_4.x86_64  CompilerName: GCC  CompilerVersion: 8.4.0
ProgramName: mri_remove_neck  ProgramArguments: mri_remove_neck -all-info  ProgramVersion: 7.3.2  TimeStamp: 2026/03/11-10:58:14-GMT  BuildTime: Aug  4 2022 06:17:15  BuildStamp: freesurfer-linux-ubuntu22_x86_64-7.3.2-20220804-6354275  User: oesteban  Machine: dna063  Platform: Linux  PlatformVersion: 5.14.0-427.37.1.el9_4.x86_64  CompilerName: GCC  CompilerVersion: 8.4.0
7.3.2

ProgramName: mri_robust_register  ProgramArguments: mri_robust_register -all-info  ProgramVersion: 7.3.2  TimeStamp: 2026/03/11-10:58:14-GMT  BuildTime: Aug  4 2022 06:17:15  BuildStamp: freesurfer-linux-ubuntu22_x86_64-7.3.2-20220804-6354275  User: oesteban  Machine: dna063  Platform: Linux  PlatformVersion: 5.14.0-427.37.1.el9_4.x86_64  CompilerName: GCC  CompilerVersion: 8.4.0
7.3.2

ProgramName: mri_robust_template  ProgramArguments: mri_robust_template -all-info  ProgramVersion: 7.3.2  TimeStamp: 2026/03/11-10:58:14-GMT  BuildTime: Aug  4 2022 06:17:15  BuildStamp: freesurfer-linux-ubuntu22_x86_64-7.3.2-20220804-6354275  User: oesteban  Machine: dna063  Platform: Linux  PlatformVersion: 5.14.0-427.37.1.el9_4.x86_64  CompilerName: GCC  CompilerVersion: 8.4.0
ProgramName: mris_anatomical_stats  ProgramArguments: mris_anatomical_stats -all-info  ProgramVersion: 7.3.2  TimeStamp: 2026/03/11-10:58:14-GMT  BuildTime: Aug  4 2022 06:17:15  BuildStamp: freesurfer-linux-ubuntu22_x86_64-7.3.2-20220804-6354275  User: oesteban  Machine: dna063  Platform: Linux  PlatformVersion: 5.14.0-427.37.1.el9_4.x86_64  CompilerName: GCC  CompilerVersion: 8.4.0
ProgramName: mris_ca_label  ProgramArguments: mris_ca_label -all-info  ProgramVersion: 7.3.2  TimeStamp: 2026/03/11-10:58:14-GMT  BuildTime: Aug  4 2022 06:17:15  BuildStamp: freesurfer-linux-ubuntu22_x86_64-7.3.2-20220804-6354275  User: oesteban  Machine: dna063  Platform: Linux  PlatformVersion: 5.14.0-427.37.1.el9_4.x86_64  CompilerName: GCC  CompilerVersion: 8.4.0
ProgramName: mris_calc  ProgramArguments: mris_calc -all-info  ProgramVersion: 7.3.2  TimeStamp: 2026/03/11-10:58:14-GMT  BuildTime: Aug  4 2022 06:17:15  BuildStamp: freesurfer-linux-ubuntu22_x86_64-7.3.2-20220804-6354275  User: oesteban  Machine: dna063  Platform: Linux  PlatformVersion: 5.14.0-427.37.1.el9_4.x86_64  CompilerName: GCC  CompilerVersion: 8.4.0
ProgramName: mris_convert  ProgramArguments: mris_convert -all-info  ProgramVersion: 7.3.2  TimeStamp: 2026/03/11-10:58:14-GMT  BuildTime: Aug  4 2022 06:17:15  BuildStamp: freesurfer-linux-ubuntu22_x86_64-7.3.2-20220804-6354275  User: oesteban  Machine: dna063  Platform: Linux  PlatformVersion: 5.14.0-427.37.1.el9_4.x86_64  CompilerName: GCC  CompilerVersion: 8.4.0
ProgramName: mris_curvature  ProgramArguments: mris_curvature -all-info  ProgramVersion: 7.3.2  TimeStamp: 2026/03/11-10:58:14-GMT  BuildTime: Aug  4 2022 06:17:15  BuildStamp: freesurfer-linux-ubuntu22_x86_64-7.3.2-20220804-6354275  User: oesteban  Machine: dna063  Platform: Linux  PlatformVersion: 5.14.0-427.37.1.el9_4.x86_64  CompilerName: GCC  CompilerVersion: 8.4.0
ProgramName: mris_curvature_stats  ProgramArguments: mris_curvature_stats -all-info  ProgramVersion: 7.3.2  TimeStamp: 2026/03/11-10:58:14-GMT  BuildTime: Aug  4 2022 06:17:15  BuildStamp: freesurfer-linux-ubuntu22_x86_64-7.3.2-20220804-6354275  User: oesteban  Machine: dna063  Platform: Linux  PlatformVersion: 5.14.0-427.37.1.el9_4.x86_64  CompilerName: GCC  CompilerVersion: 8.4.0
ProgramName: mris_diff  ProgramArguments: mris_diff -all-info  ProgramVersion: 7.3.2  TimeStamp: 2026/03/11-10:58:14-GMT  BuildTime: Aug  4 2022 06:17:15  BuildStamp: freesurfer-linux-ubuntu22_x86_64-7.3.2-20220804-6354275  User: oesteban  Machine: dna063  Platform: Linux  PlatformVersion: 5.14.0-427.37.1.el9_4.x86_64  CompilerName: GCC  CompilerVersion: 8.4.0
ProgramName: mris_divide_parcellation  ProgramArguments: mris_divide_parcellation -all-info  ProgramVersion: 7.3.2  TimeStamp: 2026/03/11-10:58:14-GMT  BuildTime: Aug  4 2022 06:17:15  BuildStamp: freesurfer-linux-ubuntu22_x86_64-7.3.2-20220804-6354275  User: oesteban  Machine: dna063  Platform: Linux  PlatformVersion: 5.14.0-427.37.1.el9_4.x86_64  CompilerName: GCC  CompilerVersion: 8.4.0
ProgramName: mri_segment  ProgramArguments: mri_segment -all-info  ProgramVersion: 7.3.2  TimeStamp: 2026/03/11-10:58:14-GMT  BuildTime: Aug  4 2022 06:17:15  BuildStamp: freesurfer-linux-ubuntu22_x86_64-7.3.2-20220804-6354275  User: oesteban  Machine: dna063  Platform: Linux  PlatformVersion: 5.14.0-427.37.1.el9_4.x86_64  CompilerName: GCC  CompilerVersion: 8.4.0
ProgramName: mri_segstats  ProgramArguments: mri_segstats -all-info  ProgramVersion: 7.3.2  TimeStamp: 2026/03/11-10:58:14-GMT  BuildTime: Aug  4 2022 06:17:15  BuildStamp: freesurfer-linux-ubuntu22_x86_64-7.3.2-20220804-6354275  User: oesteban  Machine: dna063  Platform: Linux  PlatformVersion: 5.14.0-427.37.1.el9_4.x86_64  CompilerName: GCC  CompilerVersion: 8.4.0
ProgramName: mris_euler_number  ProgramArguments: mris_euler_number -all-info  ProgramVersion: 7.3.2  TimeStamp: 2026/03/11-10:58:14-GMT  BuildTime: Aug  4 2022 06:17:15  BuildStamp: freesurfer-linux-ubuntu22_x86_64-7.3.2-20220804-6354275  User: oesteban  Machine: dna063  Platform: Linux  PlatformVersion: 5.14.0-427.37.1.el9_4.x86_64  CompilerName: GCC  CompilerVersion: 8.4.0
ProgramName: mris_fix_topology  ProgramArguments: mris_fix_topology -all-info  ProgramVersion: 7.3.2  TimeStamp: 2026/03/11-10:58:14-GMT  BuildTime: Aug  4 2022 06:17:15  BuildStamp: freesurfer-linux-ubuntu22_x86_64-7.3.2-20220804-6354275  User: oesteban  Machine: dna063  Platform: Linux  PlatformVersion: 5.14.0-427.37.1.el9_4.x86_64  CompilerName: GCC  CompilerVersion: 8.4.0
ProgramName: mris_topo_fixer  ProgramArguments: mris_topo_fixer -all-info  ProgramVersion: 7.3.2  TimeStamp: 2026/03/11-10:58:14-GMT  BuildTime: Aug  4 2022 06:17:15  BuildStamp: freesurfer-linux-ubuntu22_x86_64-7.3.2-20220804-6354275  User: oesteban  Machine: dna063  Platform: Linux  PlatformVersion: 5.14.0-427.37.1.el9_4.x86_64  CompilerName: GCC  CompilerVersion: 8.4.0
ProgramName: mris_jacobian  ProgramArguments: mris_jacobian -all-info  ProgramVersion: 7.3.2  TimeStamp: 2026/03/11-10:58:14-GMT  BuildTime: Aug  4 2022 06:17:15  BuildStamp: freesurfer-linux-ubuntu22_x86_64-7.3.2-20220804-6354275  User: oesteban  Machine: dna063  Platform: Linux  PlatformVersion: 5.14.0-427.37.1.el9_4.x86_64  CompilerName: GCC  CompilerVersion: 8.4.0
ProgramName: mris_label2annot  ProgramArguments: mris_label2annot -all-info  ProgramVersion: 7.3.2  TimeStamp: 2026/03/11-10:58:14-GMT  BuildTime: Aug  4 2022 06:17:15  BuildStamp: freesurfer-linux-ubuntu22_x86_64-7.3.2-20220804-6354275  User: oesteban  Machine: dna063  Platform: Linux  PlatformVersion: 5.14.0-427.37.1.el9_4.x86_64  CompilerName: GCC  CompilerVersion: 8.4.0
ProgramName: mris_left_right_register  ProgramArguments: mris_left_right_register -all-info  ProgramVersion: 7.3.2  TimeStamp: 2026/03/11-10:58:14-GMT  BuildTime: Aug  4 2022 06:17:15  BuildStamp: freesurfer-linux-ubuntu22_x86_64-7.3.2-20220804-6354275  User: oesteban  Machine: dna063  Platform: Linux  PlatformVersion: 5.14.0-427.37.1.el9_4.x86_64  CompilerName: GCC  CompilerVersion: 8.4.0
ProgramName: mris_place_surface  ProgramArguments: mris_place_surface -all-info  ProgramVersion: 7.3.2  TimeStamp: 2026/03/11-10:58:14-GMT  BuildTime: Aug  4 2022 06:17:15  BuildStamp: freesurfer-linux-ubuntu22_x86_64-7.3.2-20220804-6354275  User: oesteban  Machine: dna063  Platform: Linux  PlatformVersion: 5.14.0-427.37.1.el9_4.x86_64  CompilerName: GCC  CompilerVersion: 8.4.0
ProgramName: mrisp_paint  ProgramArguments: mrisp_paint -all-info  ProgramVersion: 7.3.2  TimeStamp: 2026/03/11-10:58:14-GMT  BuildTime: Aug  4 2022 06:17:15  BuildStamp: freesurfer-linux-ubuntu22_x86_64-7.3.2-20220804-6354275  User: oesteban  Machine: dna063  Platform: Linux  PlatformVersion: 5.14.0-427.37.1.el9_4.x86_64  CompilerName: GCC  CompilerVersion: 8.4.0
ProgramName: mris_register  ProgramArguments: mris_register -all-info  ProgramVersion: 7.3.2  TimeStamp: 2026/03/11-10:58:14-GMT  BuildTime: Aug  4 2022 06:17:15  BuildStamp: freesurfer-linux-ubuntu22_x86_64-7.3.2-20220804-6354275  User: oesteban  Machine: dna063  Platform: Linux  PlatformVersion: 5.14.0-427.37.1.el9_4.x86_64  CompilerName: GCC  CompilerVersion: 8.4.0
ProgramName: mris_smooth  ProgramArguments: mris_smooth -all-info  ProgramVersion: 7.3.2  TimeStamp: 2026/03/11-10:58:14-GMT  BuildTime: Aug  4 2022 06:17:15  BuildStamp: freesurfer-linux-ubuntu22_x86_64-7.3.2-20220804-6354275  User: oesteban  Machine: dna063  Platform: Linux  PlatformVersion: 5.14.0-427.37.1.el9_4.x86_64  CompilerName: GCC  CompilerVersion: 8.4.0
ProgramName: mris_sphere  ProgramArguments: mris_sphere -all-info  ProgramVersion: 7.3.2  TimeStamp: 2026/03/11-10:58:14-GMT  BuildTime: Aug  4 2022 06:17:15  BuildStamp: freesurfer-linux-ubuntu22_x86_64-7.3.2-20220804-6354275  User: oesteban  Machine: dna063  Platform: Linux  PlatformVersion: 5.14.0-427.37.1.el9_4.x86_64  CompilerName: GCC  CompilerVersion: 8.4.0
ProgramName: mris_surface_stats  ProgramArguments: mris_surface_stats -all-info  ProgramVersion: 7.3.2  TimeStamp: 2026/03/11-10:58:14-GMT  BuildTime: Aug  4 2022 06:17:15  BuildStamp: freesurfer-linux-ubuntu22_x86_64-7.3.2-20220804-6354275  User: oesteban  Machine: dna063  Platform: Linux  PlatformVersion: 5.14.0-427.37.1.el9_4.x86_64  CompilerName: GCC  CompilerVersion: 8.4.0
ProgramName: mri_stats2seg  ProgramArguments: mri_stats2seg -all-info  ProgramVersion: 7.3.2  TimeStamp: 2026/03/11-10:58:14-GMT  BuildTime: Aug  4 2022 06:17:15  BuildStamp: freesurfer-linux-ubuntu22_x86_64-7.3.2-20220804-6354275  User: oesteban  Machine: dna063  Platform: Linux  PlatformVersion: 5.14.0-427.37.1.el9_4.x86_64  CompilerName: GCC  CompilerVersion: 8.4.0
ProgramName: mris_thickness  ProgramArguments: mris_thickness -all-info  ProgramVersion: 7.3.2  TimeStamp: 2026/03/11-10:58:14-GMT  BuildTime: Aug  4 2022 06:17:15  BuildStamp: freesurfer-linux-ubuntu22_x86_64-7.3.2-20220804-6354275  User: oesteban  Machine: dna063  Platform: Linux  PlatformVersion: 5.14.0-427.37.1.el9_4.x86_64  CompilerName: GCC  CompilerVersion: 8.4.0
ProgramName: mris_thickness_diff  ProgramArguments: mris_thickness_diff -all-info  ProgramVersion: 7.3.2  TimeStamp: 2026/03/11-10:58:14-GMT  BuildTime: Aug  4 2022 06:17:15  BuildStamp: freesurfer-linux-ubuntu22_x86_64-7.3.2-20220804-6354275  User: oesteban  Machine: dna063  Platform: Linux  PlatformVersion: 5.14.0-427.37.1.el9_4.x86_64  CompilerName: GCC  CompilerVersion: 8.4.0
ProgramName: mris_topo_fixer  ProgramArguments: mris_topo_fixer -all-info  ProgramVersion: 7.3.2  TimeStamp: 2026/03/11-10:58:14-GMT  BuildTime: Aug  4 2022 06:17:15  BuildStamp: freesurfer-linux-ubuntu22_x86_64-7.3.2-20220804-6354275  User: oesteban  Machine: dna063  Platform: Linux  PlatformVersion: 5.14.0-427.37.1.el9_4.x86_64  CompilerName: GCC  CompilerVersion: 8.4.0
ProgramName: mri_surf2surf  ProgramArguments: mri_surf2surf -all-info  ProgramVersion: 7.3.2  TimeStamp: 2026/03/11-10:58:14-GMT  BuildTime: Aug  4 2022 06:17:15  BuildStamp: freesurfer-linux-ubuntu22_x86_64-7.3.2-20220804-6354275  User: oesteban  Machine: dna063  Platform: Linux  PlatformVersion: 5.14.0-427.37.1.el9_4.x86_64  CompilerName: GCC  CompilerVersion: 8.4.0
ProgramName: mri_surf2vol  ProgramArguments: mri_surf2vol -all-info  ProgramVersion: 7.3.2  TimeStamp: 2026/03/11-10:58:14-GMT  BuildTime: Aug  4 2022 06:17:15  BuildStamp: freesurfer-linux-ubuntu22_x86_64-7.3.2-20220804-6354275  User: oesteban  Machine: dna063  Platform: Linux  PlatformVersion: 5.14.0-427.37.1.el9_4.x86_64  CompilerName: GCC  CompilerVersion: 8.4.0
ProgramName: mri_surfcluster  ProgramArguments: mri_surfcluster -all-info  ProgramVersion: 7.3.2  TimeStamp: 2026/03/11-10:58:14-GMT  BuildTime: Aug  4 2022 06:17:15  BuildStamp: freesurfer-linux-ubuntu22_x86_64-7.3.2-20220804-6354275  User: oesteban  Machine: dna063  Platform: Linux  PlatformVersion: 5.14.0-427.37.1.el9_4.x86_64  CompilerName: GCC  CompilerVersion: 8.4.0
ProgramName: mris_volmask  ProgramArguments: mris_volmask -all-info  ProgramVersion: 7.3.2  TimeStamp: 2026/03/11-10:58:14-GMT  BuildTime: Aug  4 2022 06:17:15  BuildStamp: freesurfer-linux-ubuntu22_x86_64-7.3.2-20220804-6354275  User: oesteban  Machine: dna063  Platform: Linux  PlatformVersion: 5.14.0-427.37.1.el9_4.x86_64  CompilerName: GCC  CompilerVersion: 8.4.0
ProgramName: mri_tessellate  ProgramArguments: mri_tessellate -all-info  ProgramVersion: 7.3.2  TimeStamp: 2026/03/11-10:58:14-GMT  BuildTime: Aug  4 2022 06:17:15  BuildStamp: freesurfer-linux-ubuntu22_x86_64-7.3.2-20220804-6354275  User: oesteban  Machine: dna063  Platform: Linux  PlatformVersion: 5.14.0-427.37.1.el9_4.x86_64  CompilerName: GCC  CompilerVersion: 8.4.0
ProgramName: mri_vol2surf  ProgramArguments: mri_vol2surf -all-info  ProgramVersion: 7.3.2  TimeStamp: 2026/03/11-10:58:14-GMT  BuildTime: Aug  4 2022 06:17:15  BuildStamp: freesurfer-linux-ubuntu22_x86_64-7.3.2-20220804-6354275  User: oesteban  Machine: dna063  Platform: Linux  PlatformVersion: 5.14.0-427.37.1.el9_4.x86_64  CompilerName: GCC  CompilerVersion: 8.4.0
ProgramName: mri_vol2vol  ProgramArguments: mri_vol2vol -all-info  ProgramVersion: 7.3.2  TimeStamp: 2026/03/11-10:58:14-GMT  BuildTime: Aug  4 2022 06:17:15  BuildStamp: freesurfer-linux-ubuntu22_x86_64-7.3.2-20220804-6354275  User: oesteban  Machine: dna063  Platform: Linux  PlatformVersion: 5.14.0-427.37.1.el9_4.x86_64  CompilerName: GCC  CompilerVersion: 8.4.0
ProgramName: mri_voldiff  ProgramArguments: mri_voldiff -all-info  ProgramVersion: 7.3.2  TimeStamp: 2026/03/11-10:58:14-GMT  BuildTime: Aug  4 2022 06:17:15  BuildStamp: freesurfer-linux-ubuntu22_x86_64-7.3.2-20220804-6354275  User: oesteban  Machine: dna063  Platform: Linux  PlatformVersion: 5.14.0-427.37.1.el9_4.x86_64  CompilerName: GCC  CompilerVersion: 8.4.0
ProgramName: mri_watershed  ProgramArguments: mri_watershed -all-info  ProgramVersion: 7.3.2  TimeStamp: 2026/03/11-10:58:14-GMT  BuildTime: Aug  4 2022 06:17:15  BuildStamp: freesurfer-linux-ubuntu22_x86_64-7.3.2-20220804-6354275  User: oesteban  Machine: dna063  Platform: Linux  PlatformVersion: 5.14.0-427.37.1.el9_4.x86_64  CompilerName: GCC  CompilerVersion: 8.4.0
ProgramName: tkregister2  ProgramArguments: tkregister2_cmdl -all-info  ProgramVersion: 7.3.2  TimeStamp: 2026/03/11-10:58:14-GMT  BuildTime: Aug  4 2022 06:17:15  BuildStamp: freesurfer-linux-ubuntu22_x86_64-7.3.2-20220804-6354275  User: oesteban  Machine: dna063  Platform: Linux  PlatformVersion: 5.14.0-427.37.1.el9_4.x86_64  CompilerName: GCC  CompilerVersion: 8.4.0
mri_motion_correct.fsl 7.3.2
mri_convert -all-info 
ProgramName: mri_convert  ProgramArguments: mri_convert -all-info  ProgramVersion: 7.3.2  TimeStamp: 2026/03/11-10:58:14-GMT  BuildTime: Aug  4 2022 06:17:15  BuildStamp: freesurfer-linux-ubuntu22_x86_64-7.3.2-20220804-6354275  User: oesteban  Machine: dna063  Platform: Linux  PlatformVersion: 5.14.0-427.37.1.el9_4.x86_64  CompilerName: GCC  CompilerVersion: 8.4.0
Program nu_correct, built from:
Package MNI N3, version 1.12.0, compiled by nicks@terrier (x86_64-unknown-linux-gnu) on 2015-06-19 at 01:25:34
#######################################
GCADIR /opt/freesurfer/average
GCA RB_all_2020-01-02.gca
GCASkull RB_all_withskull_2020_01_02.gca
AvgCurvTif folding.atlas.acfb40.noaparc.i12.2016-08-02.tif
GCSDIR /opt/freesurfer/average
GCS DKaparc.atlas.acfb40.noaparc.i12.2016-08-02.gcs
#######################################
#-------------------------------------
#@# EM Registration Wed Mar 11 11:58:14 CET 2026
/out/sourcedata/freesurfer/sub-v2s16x51300_ses-1/mri

 mri_em_register -uns 3 -mask brainmask.mgz nu.mgz /opt/freesurfer/average/RB_all_2020-01-02.gca transforms/talairach.lta 

setting unknown_nbr_spacing = 3
using MR volume brainmask.mgz to mask input volume...

== Number of threads available to mri_em_register for OpenMP = 16 == 
reading 1 input volumes...
logging results to talairach.log
reading '/opt/freesurfer/average/RB_all_2020-01-02.gca'...
GCAread took 0 minutes and 1 seconds.
average std = 7.2   using min determinant for regularization = 5.2
0 singular and 884 ill-conditioned covariance matrices regularized
reading 'nu.mgz'...
MRImask(): AllowDiffGeom = 1
MRImask(): AllowDiffGeom = 1
MRImask(): AllowDiffGeom = 1
MRImask(): AllowDiffGeom = 1
MRImask(): AllowDiffGeom = 1
freeing gibbs priors...done.
accounting for voxel sizes in initial transform
bounding unknown intensity as < 5.9 or > 519.0 
total sample mean = 79.1 (1017 zeros)
************************************************
spacing=8, using 2841 sample points, tol=1.00e-05...
************************************************
register_mri: find_optimal_transform
find_optimal_transform: nsamples 2841, passno 0, spacing 8
resetting wm mean[0]: 98 --> 107
resetting gm mean[0]: 61 --> 61
input volume #1 is the most T1-like
using real data threshold=28.0
skull bounding box = (61, 64, 46) --> (201, 176, 213)
finding center of left hemi white matter
using (108, 101, 130) as brain centroid of Right_Cerebral_White_Matter...
MRImask(): AllowDiffGeom = 1
mean wm in atlas = 107, using box (91,87,109) --> (125, 114,150) to find MRI wm
before smoothing, mri peak at 106
robust fit to distribution - 107 +- 3.5
after smoothing, mri peak at 107, scaling input intensities by 1.000
scaling channel 0 by 1
initial log_p = -4.249
************************************************
First Search limited to translation only.
************************************************
max log p =    -4.085770 @ (-10.526, -10.526, -31.579)
max log p =    -3.600193 @ (5.263, 5.263, 5.263)
max log p =    -3.508594 @ (2.632, 7.895, 7.895)
max log p =    -3.500969 @ (-1.316, -1.316, -1.316)
max log p =    -3.477307 @ (-0.658, 0.658, 0.658)
max log p =    -3.466119 @ (0.329, -0.329, -0.329)
max log p =    -3.466119 @ (0.000, 0.000, 0.000)
max log p =    -3.466119 @ (0.000, 0.000, 0.000)
Found translation: (-4.3, 1.6, -19.4): log p = -3.466
****************************************
Nine parameter search.  iteration 0 nscales = 0 ...
****************************************
Result so far: scale 1.000: max_log_p=-3.392, old_max_log_p =-3.466 (thresh=-3.5)
 1.00000   0.00000   0.00000  -4.27632;
 0.00000   1.06375   0.00000  -5.85517;
 0.00000   0.00000   1.00000  -19.40790;
 0.00000   0.00000   0.00000   1.00000;
iteration took 0 minutes and 9 seconds.
****************************************
Nine parameter search.  iteration 1 nscales = 0 ...
****************************************
Result so far: scale 1.000: max_log_p=-3.384, old_max_log_p =-3.392 (thresh=-3.4)
 1.00000   0.00000   0.00000  -4.27632;
 0.00000   1.14353   0.00000  -15.24109;
 0.00000   0.00000   1.00000  -19.40790;
 0.00000   0.00000   0.00000   1.00000;
iteration took 0 minutes and 9 seconds.
****************************************
Nine parameter search.  iteration 2 nscales = 0 ...
****************************************
Result so far: scale 1.000: max_log_p=-3.384, old_max_log_p =-3.384 (thresh=-3.4)
 1.00000   0.00000   0.00000  -4.27632;
 0.00000   1.14353   0.00000  -15.24109;
 0.00000   0.00000   1.00000  -19.40790;
 0.00000   0.00000   0.00000   1.00000;
reducing scale to 0.2500
iteration took 0 minutes and 9 seconds.
****************************************
Nine parameter search.  iteration 3 nscales = 1 ...
****************************************
Result so far: scale 0.250: max_log_p=-3.193, old_max_log_p =-3.384 (thresh=-3.4)
 1.01587  -0.07614   0.00000   2.60139;
 0.06659   1.16186   0.03333  -34.23000;
-0.00218  -0.03804   1.01820  -18.73819;
 0.00000   0.00000   0.00000   1.00000;
iteration took 0 minutes and 9 seconds.
****************************************
Nine parameter search.  iteration 4 nscales = 1 ...
****************************************
Result so far: scale 0.250: max_log_p=-3.192, old_max_log_p =-3.193 (thresh=-3.2)
 1.03491  -0.07757   0.00000   0.27263;
 0.06535   1.14007   0.03271  -31.35149;
-0.00214  -0.03732   0.99911  -16.41020;
 0.00000   0.00000   0.00000   1.00000;
reducing scale to 0.0625
iteration took 0 minutes and 9 seconds.
****************************************
Nine parameter search.  iteration 5 nscales = 2 ...
****************************************
Result so far: scale 0.062: max_log_p=-3.169, old_max_log_p =-3.192 (thresh=-3.2)
 1.03198  -0.09545  -0.03293   7.93185;
 0.08200   1.13512   0.01576  -30.79158;
 0.03272  -0.02114   0.99664  -22.63121;
 0.00000   0.00000   0.00000   1.00000;
iteration took 0 minutes and 9 seconds.
****************************************
Nine parameter search.  iteration 6 nscales = 2 ...
****************************************
Result so far: scale 0.062: max_log_p=-3.169, old_max_log_p =-3.169 (thresh=-3.2)
 1.03220  -0.07695  -0.02448   4.59205;
 0.06517   1.13786   0.01619  -29.45179;
 0.02430  -0.02038   0.99804  -22.27209;
 0.00000   0.00000   0.00000   1.00000;
min search scale 0.025000 reached
***********************************************
Computing MAP estimate using 2841 samples...
***********************************************
dt = 5.00e-06, momentum=0.80, tol=1.00e-05
l_intensity = 1.0000
Aligning input volume to GCA...
Transform matrix
 1.03220  -0.07695  -0.02448   4.59205;
 0.06517   1.13786   0.01619  -29.45179;
 0.02430  -0.02038   0.99804  -22.27209;
 0.00000   0.00000   0.00000   1.00000;
nsamples 2841
Quasinewton: input matrix
 1.03220  -0.07695  -0.02448   4.59205;
 0.06517   1.13786   0.01619  -29.45179;
 0.02430  -0.02038   0.99804  -22.27209;
 0.00000   0.00000   0.00000   1.00000;
 IFLAG= -1  LINE SEARCH FAILED. SEE DOCUMENTATION OF ROUTINE MCSRCH ERROR RETURN OF LINE SEARCH: INFO= 3 POSSIBLE CAUSES: FUNCTION OR GRADIENT ARE INCORRECT OR INCORRECT TOLERANCESoutof QuasiNewtonEMA: 009: -log(p) =   -0.0  tol 0.000010
Resulting transform:
 1.03220  -0.07695  -0.02448   4.59205;
 0.06517   1.13786   0.01619  -29.45179;
 0.02430  -0.02038   0.99804  -22.27209;
 0.00000   0.00000   0.00000   1.00000;

pass 1, spacing 8: log(p) = -3.169 (old=-4.249)
transform before final EM align:
 1.03220  -0.07695  -0.02448   4.59205;
 0.06517   1.13786   0.01619  -29.45179;
 0.02430  -0.02038   0.99804  -22.27209;
 0.00000   0.00000   0.00000   1.00000;

**************************************************
 EM alignment process ...
 Computing final MAP estimate using 315638 samples. 
**************************************************
dt = 5.00e-06, momentum=0.80, tol=1.00e-07
l_intensity = 1.0000
Aligning input volume to GCA...
Transform matrix
 1.03220  -0.07695  -0.02448   4.59205;
 0.06517   1.13786   0.01619  -29.45179;
 0.02430  -0.02038   0.99804  -22.27209;
 0.00000   0.00000   0.00000   1.00000;
nsamples 315638
Quasinewton: input matrix
 1.03220  -0.07695  -0.02448   4.59205;
 0.06517   1.13786   0.01619  -29.45179;
 0.02430  -0.02038   0.99804  -22.27209;
 0.00000   0.00000   0.00000   1.00000;
dfp_em_step_func: 010: -log(p) = 3.7
after pass:transform: ( 1.03, -0.08, -0.02, 4.59)
                      ( 0.07, 1.14, 0.02, -29.45)
                      ( 0.02, -0.02, 1.00, -22.27)
dfp_em_step_func: 011: -log(p) = 3.7
after pass:transform: ( 1.03, -0.08, -0.02, 4.59)
                      ( 0.07, 1.14, 0.02, -29.45)
                      ( 0.02, -0.02, 1.00, -22.27)
dfp_em_step_func: 012: -log(p) = 3.7
after pass:transform: ( 1.03, -0.08, -0.02, 4.59)
                      ( 0.07, 1.14, 0.02, -29.45)
                      ( 0.02, -0.02, 1.00, -22.27)
dfp_em_step_func: 013: -log(p) = 3.7
after pass:transform: ( 1.03, -0.08, -0.02, 4.59)
                      ( 0.07, 1.14, 0.02, -29.45)
                      ( 0.02, -0.02, 1.00, -22.27)
 IFLAG= -1  LINE SEARCH FAILED. SEE DOCUMENTATION OF ROUTINE MCSRCH ERROR RETURN OF LINE SEARCH: INFO= 3 POSSIBLE CAUSES: FUNCTION OR GRADIENT ARE INCORRECT OR INCORRECT TOLERANCESpass 2 through quasi-newton minimization...
 IFLAG= -1  LINE SEARCH FAILED. SEE DOCUMENTATION OF ROUTINE MCSRCH ERROR RETURN OF LINE SEARCH: INFO= 3 POSSIBLE CAUSES: FUNCTION OR GRADIENT ARE INCORRECT OR INCORRECT TOLERANCESoutof QuasiNewtonEMA: 015: -log(p) =    3.7  tol 0.000000
final transform:
 1.03246  -0.07663  -0.02415   4.59205;
 0.06544   1.13810   0.01646  -29.45179;
 0.02438  -0.02029   0.99816  -22.27209;
 0.00000   0.00000   0.00000   1.00000;

writing output transformation to transforms/talairach.lta...
#VMPC# mri_em_register VmPeak  891288
FSRUNTIME@ mri_em_register  0.0369 hours 16 threads
registration took 2 minutes and 13 seconds.

Started at Wed Mar 11 11:58:14 CET 2026 
Ended   at Wed Mar 11 12:00:27 CET 2026
#@#%# recon-all-run-time-hours 0.037
recon-all -s sub-v2s16x51300_ses-1 finished without error at Wed Mar 11 12:00:27 CET 2026



#New# invocation of recon-all 




Wed Mar 11 12:00:30 CET 2026
cd /out/sourcedata/freesurfer/sub-v2s16x51300_ses-1
setenv SUBJECTS_DIR /out/sourcedata/freesurfer
/opt/freesurfer/bin/recon-all -autorecon2-volonly -openmp 16 -subjid sub-v2s16x51300_ses-1 -sd /out/sourcedata/freesurfer -nogcareg

subjid sub-v2s16x51300_ses-1
setenv SUBJECTS_DIR /out/sourcedata/freesurfer
FREESURFER_HOME /opt/freesurfer
Actual FREESURFER_HOME /opt/freesurfer
build-stamp.txt: freesurfer-linux-ubuntu22_x86_64-7.3.2-20220804-6354275
Linux dna063 5.14.0-427.37.1.el9_4.x86_64 #1 SMP PREEMPT_DYNAMIC Fri Sep 13 12:41:50 EDT 2024 x86_64 x86_64 x86_64 GNU/Linux
cputime      unlimited
filesize     unlimited
datasize     unlimited
stacksize    8192 kbytes
coredumpsize 0 kbytes
memoryuse    67108864 kbytes
vmemoryuse   unlimited
descriptors  1024 
memorylocked unlimited
maxproc      2061970 
maxlocks     unlimited
maxsignal    2061970 
maxmessage   819200 
maxnice      0 
maxrtprio    0 
maxrttime    unlimited

               total        used        free      shared  buff/cache   available
Mem:           503Gi       133Gi       277Gi        10Gi        92Gi       356Gi
Swap:             0B          0B          0B

########################################
program versions used
7.3.2 (freesurfer-linux-ubuntu22_x86_64-7.3.2-20220804-6354275)
7.3.2

ProgramName: lta_convert  ProgramArguments: lta_convert -all-info  ProgramVersion: 7.3.2  TimeStamp: 2026/03/11-11:00:30-GMT  BuildTime: Aug  4 2022 06:17:15  BuildStamp: freesurfer-linux-ubuntu22_x86_64-7.3.2-20220804-6354275  User: oesteban  Machine: dna063  Platform: Linux  PlatformVersion: 5.14.0-427.37.1.el9_4.x86_64  CompilerName: GCC  CompilerVersion: 8.4.0
ProgramName: mri_and  ProgramArguments: mri_and -all-info  ProgramVersion: 7.3.2  TimeStamp: 2026/03/11-11:00:30-GMT  BuildTime: Aug  4 2022 06:17:15  BuildStamp: freesurfer-linux-ubuntu22_x86_64-7.3.2-20220804-6354275  User: oesteban  Machine: dna063  Platform: Linux  PlatformVersion: 5.14.0-427.37.1.el9_4.x86_64  CompilerName: GCC  CompilerVersion: 8.4.0
ProgramName: mri_annotation2label  ProgramArguments: mri_annotation2label -all-info  ProgramVersion: 7.3.2  TimeStamp: 2026/03/11-11:00:30-GMT  BuildTime: Aug  4 2022 06:17:15  BuildStamp: freesurfer-linux-ubuntu22_x86_64-7.3.2-20220804-6354275  User: oesteban  Machine: dna063  Platform: Linux  PlatformVersion: 5.14.0-427.37.1.el9_4.x86_64  CompilerName: GCC  CompilerVersion: 8.4.0
ProgramName: mri_aparc2aseg  ProgramArguments: mri_aparc2aseg -all-info  ProgramVersion: 7.3.2  TimeStamp: 2026/03/11-11:00:30-GMT  BuildTime: Aug  4 2022 06:17:15  BuildStamp: freesurfer-linux-ubuntu22_x86_64-7.3.2-20220804-6354275  User: oesteban  Machine: dna063  Platform: Linux  PlatformVersion: 5.14.0-427.37.1.el9_4.x86_64  CompilerName: GCC  CompilerVersion: 8.4.0
ProgramName: mri_surf2volseg  ProgramArguments: mri_surf2volseg -all-info  ProgramVersion: 7.3.2  TimeStamp: 2026/03/11-11:00:30-GMT  BuildTime: Aug  4 2022 06:17:15  BuildStamp: freesurfer-linux-ubuntu22_x86_64-7.3.2-20220804-6354275  User: oesteban  Machine: dna063  Platform: Linux  PlatformVersion: 5.14.0-427.37.1.el9_4.x86_64  CompilerName: GCC  CompilerVersion: 8.4.0
ProgramName: mri_binarize  ProgramArguments: mri_binarize -all-info  ProgramVersion: 7.3.2  TimeStamp: 2026/03/11-11:00:30-GMT  BuildTime: Aug  4 2022 06:17:15  BuildStamp: freesurfer-linux-ubuntu22_x86_64-7.3.2-20220804-6354275  User: oesteban  Machine: dna063  Platform: Linux  PlatformVersion: 5.14.0-427.37.1.el9_4.x86_64  CompilerName: GCC  CompilerVersion: 8.4.0
ProgramName: mri_ca_label  ProgramArguments: mri_ca_label -all-info  ProgramVersion: 7.3.2  TimeStamp: 2026/03/11-11:00:30-GMT  BuildTime: Aug  4 2022 06:17:15  BuildStamp: freesurfer-linux-ubuntu22_x86_64-7.3.2-20220804-6354275  User: oesteban  Machine: dna063  Platform: Linux  PlatformVersion: 5.14.0-427.37.1.el9_4.x86_64  CompilerName: GCC  CompilerVersion: 8.4.0
ProgramName: mri_ca_normalize  ProgramArguments: mri_ca_normalize -all-info  ProgramVersion: 7.3.2  TimeStamp: 2026/03/11-11:00:30-GMT  BuildTime: Aug  4 2022 06:17:15  BuildStamp: freesurfer-linux-ubuntu22_x86_64-7.3.2-20220804-6354275  User: oesteban  Machine: dna063  Platform: Linux  PlatformVersion: 5.14.0-427.37.1.el9_4.x86_64  CompilerName: GCC  CompilerVersion: 8.4.0
ProgramName: mri_ca_register  ProgramArguments: mri_ca_register -all-info  ProgramVersion: 7.3.2  TimeStamp: 2026/03/11-11:00:30-GMT  BuildTime: Aug  4 2022 06:17:15  BuildStamp: freesurfer-linux-ubuntu22_x86_64-7.3.2-20220804-6354275  User: oesteban  Machine: dna063  Platform: Linux  PlatformVersion: 5.14.0-427.37.1.el9_4.x86_64  CompilerName: GCC  CompilerVersion: 8.4.0
ProgramName: mri_cc  ProgramArguments: mri_cc -all-info  ProgramVersion: 7.3.2  TimeStamp: 2026/03/11-11:00:30-GMT  BuildTime: Aug  4 2022 06:17:15  BuildStamp: freesurfer-linux-ubuntu22_x86_64-7.3.2-20220804-6354275  User: oesteban  Machine: dna063  Platform: Linux  PlatformVersion: 5.14.0-427.37.1.el9_4.x86_64  CompilerName: GCC  CompilerVersion: 8.4.0
ProgramName: mri_compute_overlap  ProgramArguments: mri_compute_overlap -all-info  ProgramVersion: 7.3.2  TimeStamp: 2026/03/11-11:00:30-GMT  BuildTime: Aug  4 2022 06:17:15  BuildStamp: freesurfer-linux-ubuntu22_x86_64-7.3.2-20220804-6354275  User: oesteban  Machine: dna063  Platform: Linux  PlatformVersion: 5.14.0-427.37.1.el9_4.x86_64  CompilerName: GCC  CompilerVersion: 8.4.0
ProgramName: mri_compute_seg_overlap  ProgramArguments: mri_compute_seg_overlap -all-info  ProgramVersion: 7.3.2  TimeStamp: 2026/03/11-11:00:30-GMT  BuildTime: Aug  4 2022 06:17:15  BuildStamp: freesurfer-linux-ubuntu22_x86_64-7.3.2-20220804-6354275  User: oesteban  Machine: dna063  Platform: Linux  PlatformVersion: 5.14.0-427.37.1.el9_4.x86_64  CompilerName: GCC  CompilerVersion: 8.4.0
ProgramName: mri_concat  ProgramArguments: mri_concat -all-info  ProgramVersion: 7.3.2  TimeStamp: 2026/03/11-11:00:30-GMT  BuildTime: Aug  4 2022 06:17:15  BuildStamp: freesurfer-linux-ubuntu22_x86_64-7.3.2-20220804-6354275  User: oesteban  Machine: dna063  Platform: Linux  PlatformVersion: 5.14.0-427.37.1.el9_4.x86_64  CompilerName: GCC  CompilerVersion: 8.4.0
ProgramName: mri_concatenate_lta  ProgramArguments: mri_concatenate_lta -all-info  ProgramVersion: 7.3.2  TimeStamp: 2026/03/11-11:00:30-GMT  BuildTime: Aug  4 2022 06:17:15  BuildStamp: freesurfer-linux-ubuntu22_x86_64-7.3.2-20220804-6354275  User: oesteban  Machine: dna063  Platform: Linux  PlatformVersion: 5.14.0-427.37.1.el9_4.x86_64  CompilerName: GCC  CompilerVersion: 8.4.0
mri_convert -all-info 
ProgramName: mri_convert  ProgramArguments: mri_convert -all-info  ProgramVersion: 7.3.2  TimeStamp: 2026/03/11-11:00:30-GMT  BuildTime: Aug  4 2022 06:17:15  BuildStamp: freesurfer-linux-ubuntu22_x86_64-7.3.2-20220804-6354275  User: oesteban  Machine: dna063  Platform: Linux  PlatformVersion: 5.14.0-427.37.1.el9_4.x86_64  CompilerName: GCC  CompilerVersion: 8.4.0
ProgramName: mri_diff  ProgramArguments: mri_diff -all-info  ProgramVersion: 7.3.2  TimeStamp: 2026/03/11-11:00:30-GMT  BuildTime: Aug  4 2022 06:17:15  BuildStamp: freesurfer-linux-ubuntu22_x86_64-7.3.2-20220804-6354275  User: oesteban  Machine: dna063  Platform: Linux  PlatformVersion: 5.14.0-427.37.1.el9_4.x86_64  CompilerName: GCC  CompilerVersion: 8.4.0
ProgramName: mri_edit_wm_with_aseg  ProgramArguments: mri_edit_wm_with_aseg -all-info  ProgramVersion: 7.3.2  TimeStamp: 2026/03/11-11:00:30-GMT  BuildTime: Aug  4 2022 06:17:15  BuildStamp: freesurfer-linux-ubuntu22_x86_64-7.3.2-20220804-6354275  User: oesteban  Machine: dna063  Platform: Linux  PlatformVersion: 5.14.0-427.37.1.el9_4.x86_64  CompilerName: GCC  CompilerVersion: 8.4.0
ProgramName: mri_em_register  ProgramArguments: mri_em_register -all-info  ProgramVersion: 7.3.2  TimeStamp: 2026/03/11-11:00:30-GMT  BuildTime: Aug  4 2022 06:17:15  BuildStamp: freesurfer-linux-ubuntu22_x86_64-7.3.2-20220804-6354275  User: oesteban  Machine: dna063  Platform: Linux  PlatformVersion: 5.14.0-427.37.1.el9_4.x86_64  CompilerName: GCC  CompilerVersion: 8.4.0
ProgramName: mri_fill  ProgramArguments: mri_fill -all-info  ProgramVersion: 7.3.2  TimeStamp: 2026/03/11-11:00:30-GMT  BuildTime: Aug  4 2022 06:17:15  BuildStamp: freesurfer-linux-ubuntu22_x86_64-7.3.2-20220804-6354275  User: oesteban  Machine: dna063  Platform: Linux  PlatformVersion: 5.14.0-427.37.1.el9_4.x86_64  CompilerName: GCC  CompilerVersion: 8.4.0
ProgramName: mri_fuse_segmentations  ProgramArguments: mri_fuse_segmentations -all-info  ProgramVersion: 7.3.2  TimeStamp: 2026/03/11-11:00:30-GMT  BuildTime: Aug  4 2022 06:17:15  BuildStamp: freesurfer-linux-ubuntu22_x86_64-7.3.2-20220804-6354275  User: oesteban  Machine: dna063  Platform: Linux  PlatformVersion: 5.14.0-427.37.1.el9_4.x86_64  CompilerName: GCC  CompilerVersion: 8.4.0
ProgramName: mri_fwhm  ProgramArguments: mri_fwhm -all-info  ProgramVersion: 7.3.2  TimeStamp: 2026/03/11-11:00:30-GMT  BuildTime: Aug  4 2022 06:17:15  BuildStamp: freesurfer-linux-ubuntu22_x86_64-7.3.2-20220804-6354275  User: oesteban  Machine: dna063  Platform: Linux  PlatformVersion: 5.14.0-427.37.1.el9_4.x86_64  CompilerName: GCC  CompilerVersion: 8.4.0
ProgramName: mri_gcut  ProgramArguments: mri_gcut -all-info  ProgramVersion: 7.3.2  TimeStamp: 2026/03/11-11:00:30-GMT  BuildTime: Aug  4 2022 06:17:15  BuildStamp: freesurfer-linux-ubuntu22_x86_64-7.3.2-20220804-6354275  User: oesteban  Machine: dna063  Platform: Linux  PlatformVersion: 5.14.0-427.37.1.el9_4.x86_64  CompilerName: GCC  CompilerVersion: 8.4.0
ProgramName: mri_info  ProgramArguments: mri_info -all-info  ProgramVersion: 7.3.2  TimeStamp: 2026/03/11-11:00:30-GMT  BuildTime: Aug  4 2022 06:17:15  BuildStamp: freesurfer-linux-ubuntu22_x86_64-7.3.2-20220804-6354275  User: oesteban  Machine: dna063  Platform: Linux  PlatformVersion: 5.14.0-427.37.1.el9_4.x86_64  CompilerName: GCC  CompilerVersion: 8.4.0
ProgramName: mri_label2label  ProgramArguments: mri_label2label -all-info  ProgramVersion: 7.3.2  TimeStamp: 2026/03/11-11:00:30-GMT  BuildTime: Aug  4 2022 06:17:15  BuildStamp: freesurfer-linux-ubuntu22_x86_64-7.3.2-20220804-6354275  User: oesteban  Machine: dna063  Platform: Linux  PlatformVersion: 5.14.0-427.37.1.el9_4.x86_64  CompilerName: GCC  CompilerVersion: 8.4.0
ProgramName: mri_label2vol  ProgramArguments: mri_label2vol -all-info  ProgramVersion: 7.3.2  TimeStamp: 2026/03/11-11:00:30-GMT  BuildTime: Aug  4 2022 06:17:15  BuildStamp: freesurfer-linux-ubuntu22_x86_64-7.3.2-20220804-6354275  User: oesteban  Machine: dna063  Platform: Linux  PlatformVersion: 5.14.0-427.37.1.el9_4.x86_64  CompilerName: GCC  CompilerVersion: 8.4.0
ProgramName: mri_log_likelihood  ProgramArguments: mri_log_likelihood -all-info  ProgramVersion: 7.3.2  TimeStamp: 2026/03/11-11:00:30-GMT  BuildTime: Aug  4 2022 06:17:15  BuildStamp: freesurfer-linux-ubuntu22_x86_64-7.3.2-20220804-6354275  User: oesteban  Machine: dna063  Platform: Linux  PlatformVersion: 5.14.0-427.37.1.el9_4.x86_64  CompilerName: GCC  CompilerVersion: 8.4.0
ProgramName: mri_mask  ProgramArguments: mri_mask -all-info  ProgramVersion: 7.3.2  TimeStamp: 2026/03/11-11:00:30-GMT  BuildTime: Aug  4 2022 06:17:15  BuildStamp: freesurfer-linux-ubuntu22_x86_64-7.3.2-20220804-6354275  User: oesteban  Machine: dna063  Platform: Linux  PlatformVersion: 5.14.0-427.37.1.el9_4.x86_64  CompilerName: GCC  CompilerVersion: 8.4.0
ProgramName: mri_matrix_multiply  ProgramArguments: mri_matrix_multiply -all-info  ProgramVersion: 7.3.2  TimeStamp: 2026/03/11-11:00:30-GMT  BuildTime: Aug  4 2022 06:17:15  BuildStamp: freesurfer-linux-ubuntu22_x86_64-7.3.2-20220804-6354275  User: oesteban  Machine: dna063  Platform: Linux  PlatformVersion: 5.14.0-427.37.1.el9_4.x86_64  CompilerName: GCC  CompilerVersion: 8.4.0
ProgramName: mri_normalize  ProgramArguments: mri_normalize -all-info  ProgramVersion: 7.3.2  TimeStamp: 2026/03/11-11:00:30-GMT  BuildTime: Aug  4 2022 06:17:15  BuildStamp: freesurfer-linux-ubuntu22_x86_64-7.3.2-20220804-6354275  User: oesteban  Machine: dna063  Platform: Linux  PlatformVersion: 5.14.0-427.37.1.el9_4.x86_64  CompilerName: GCC  CompilerVersion: 8.4.0
ProgramName: mri_normalize_tp2  ProgramArguments: mri_normalize_tp2 -all-info  ProgramVersion: 7.3.2  TimeStamp: 2026/03/11-11:00:30-GMT  BuildTime: Aug  4 2022 06:17:15  BuildStamp: freesurfer-linux-ubuntu22_x86_64-7.3.2-20220804-6354275  User: oesteban  Machine: dna063  Platform: Linux  PlatformVersion: 5.14.0-427.37.1.el9_4.x86_64  CompilerName: GCC  CompilerVersion: 8.4.0
ProgramName: mri_or  ProgramArguments: mri_or -all-info  ProgramVersion: 7.3.2  TimeStamp: 2026/03/11-11:00:30-GMT  BuildTime: Aug  4 2022 06:17:15  BuildStamp: freesurfer-linux-ubuntu22_x86_64-7.3.2-20220804-6354275  User: oesteban  Machine: dna063  Platform: Linux  PlatformVersion: 5.14.0-427.37.1.el9_4.x86_64  CompilerName: GCC  CompilerVersion: 8.4.0
ProgramName: mri_relabel_hypointensities  ProgramArguments: mri_relabel_hypointensities -all-info  ProgramVersion: 7.3.2  TimeStamp: 2026/03/11-11:00:30-GMT  BuildTime: Aug  4 2022 06:17:15  BuildStamp: freesurfer-linux-ubuntu22_x86_64-7.3.2-20220804-6354275  User: oesteban  Machine: dna063  Platform: Linux  PlatformVersion: 5.14.0-427.37.1.el9_4.x86_64  CompilerName: GCC  CompilerVersion: 8.4.0
ProgramName: mri_relabel_nonwm_hypos  ProgramArguments: mri_relabel_nonwm_hypos -all-info  ProgramVersion: 7.3.2  TimeStamp: 2026/03/11-11:00:30-GMT  BuildTime: Aug  4 2022 06:17:15  BuildStamp: freesurfer-linux-ubuntu22_x86_64-7.3.2-20220804-6354275  User: oesteban  Machine: dna063  Platform: Linux  PlatformVersion: 5.14.0-427.37.1.el9_4.x86_64  CompilerName: GCC  CompilerVersion: 8.4.0
ProgramName: mri_remove_neck  ProgramArguments: mri_remove_neck -all-info  ProgramVersion: 7.3.2  TimeStamp: 2026/03/11-11:00:30-GMT  BuildTime: Aug  4 2022 06:17:15  BuildStamp: freesurfer-linux-ubuntu22_x86_64-7.3.2-20220804-6354275  User: oesteban  Machine: dna063  Platform: Linux  PlatformVersion: 5.14.0-427.37.1.el9_4.x86_64  CompilerName: GCC  CompilerVersion: 8.4.0
7.3.2

ProgramName: mri_robust_register  ProgramArguments: mri_robust_register -all-info  ProgramVersion: 7.3.2  TimeStamp: 2026/03/11-11:00:30-GMT  BuildTime: Aug  4 2022 06:17:15  BuildStamp: freesurfer-linux-ubuntu22_x86_64-7.3.2-20220804-6354275  User: oesteban  Machine: dna063  Platform: Linux  PlatformVersion: 5.14.0-427.37.1.el9_4.x86_64  CompilerName: GCC  CompilerVersion: 8.4.0
7.3.2

ProgramName: mri_robust_template  ProgramArguments: mri_robust_template -all-info  ProgramVersion: 7.3.2  TimeStamp: 2026/03/11-11:00:30-GMT  BuildTime: Aug  4 2022 06:17:15  BuildStamp: freesurfer-linux-ubuntu22_x86_64-7.3.2-20220804-6354275  User: oesteban  Machine: dna063  Platform: Linux  PlatformVersion: 5.14.0-427.37.1.el9_4.x86_64  CompilerName: GCC  CompilerVersion: 8.4.0
ProgramName: mris_anatomical_stats  ProgramArguments: mris_anatomical_stats -all-info  ProgramVersion: 7.3.2  TimeStamp: 2026/03/11-11:00:30-GMT  BuildTime: Aug  4 2022 06:17:15  BuildStamp: freesurfer-linux-ubuntu22_x86_64-7.3.2-20220804-6354275  User: oesteban  Machine: dna063  Platform: Linux  PlatformVersion: 5.14.0-427.37.1.el9_4.x86_64  CompilerName: GCC  CompilerVersion: 8.4.0
ProgramName: mris_ca_label  ProgramArguments: mris_ca_label -all-info  ProgramVersion: 7.3.2  TimeStamp: 2026/03/11-11:00:30-GMT  BuildTime: Aug  4 2022 06:17:15  BuildStamp: freesurfer-linux-ubuntu22_x86_64-7.3.2-20220804-6354275  User: oesteban  Machine: dna063  Platform: Linux  PlatformVersion: 5.14.0-427.37.1.el9_4.x86_64  CompilerName: GCC  CompilerVersion: 8.4.0
ProgramName: mris_calc  ProgramArguments: mris_calc -all-info  ProgramVersion: 7.3.2  TimeStamp: 2026/03/11-11:00:30-GMT  BuildTime: Aug  4 2022 06:17:15  BuildStamp: freesurfer-linux-ubuntu22_x86_64-7.3.2-20220804-6354275  User: oesteban  Machine: dna063  Platform: Linux  PlatformVersion: 5.14.0-427.37.1.el9_4.x86_64  CompilerName: GCC  CompilerVersion: 8.4.0
ProgramName: mris_convert  ProgramArguments: mris_convert -all-info  ProgramVersion: 7.3.2  TimeStamp: 2026/03/11-11:00:30-GMT  BuildTime: Aug  4 2022 06:17:15  BuildStamp: freesurfer-linux-ubuntu22_x86_64-7.3.2-20220804-6354275  User: oesteban  Machine: dna063  Platform: Linux  PlatformVersion: 5.14.0-427.37.1.el9_4.x86_64  CompilerName: GCC  CompilerVersion: 8.4.0
ProgramName: mris_curvature  ProgramArguments: mris_curvature -all-info  ProgramVersion: 7.3.2  TimeStamp: 2026/03/11-11:00:30-GMT  BuildTime: Aug  4 2022 06:17:15  BuildStamp: freesurfer-linux-ubuntu22_x86_64-7.3.2-20220804-6354275  User: oesteban  Machine: dna063  Platform: Linux  PlatformVersion: 5.14.0-427.37.1.el9_4.x86_64  CompilerName: GCC  CompilerVersion: 8.4.0
ProgramName: mris_curvature_stats  ProgramArguments: mris_curvature_stats -all-info  ProgramVersion: 7.3.2  TimeStamp: 2026/03/11-11:00:30-GMT  BuildTime: Aug  4 2022 06:17:15  BuildStamp: freesurfer-linux-ubuntu22_x86_64-7.3.2-20220804-6354275  User: oesteban  Machine: dna063  Platform: Linux  PlatformVersion: 5.14.0-427.37.1.el9_4.x86_64  CompilerName: GCC  CompilerVersion: 8.4.0
ProgramName: mris_diff  ProgramArguments: mris_diff -all-info  ProgramVersion: 7.3.2  TimeStamp: 2026/03/11-11:00:30-GMT  BuildTime: Aug  4 2022 06:17:15  BuildStamp: freesurfer-linux-ubuntu22_x86_64-7.3.2-20220804-6354275  User: oesteban  Machine: dna063  Platform: Linux  PlatformVersion: 5.14.0-427.37.1.el9_4.x86_64  CompilerName: GCC  CompilerVersion: 8.4.0
ProgramName: mris_divide_parcellation  ProgramArguments: mris_divide_parcellation -all-info  ProgramVersion: 7.3.2  TimeStamp: 2026/03/11-11:00:30-GMT  BuildTime: Aug  4 2022 06:17:15  BuildStamp: freesurfer-linux-ubuntu22_x86_64-7.3.2-20220804-6354275  User: oesteban  Machine: dna063  Platform: Linux  PlatformVersion: 5.14.0-427.37.1.el9_4.x86_64  CompilerName: GCC  CompilerVersion: 8.4.0
ProgramName: mri_segment  ProgramArguments: mri_segment -all-info  ProgramVersion: 7.3.2  TimeStamp: 2026/03/11-11:00:30-GMT  BuildTime: Aug  4 2022 06:17:15  BuildStamp: freesurfer-linux-ubuntu22_x86_64-7.3.2-20220804-6354275  User: oesteban  Machine: dna063  Platform: Linux  PlatformVersion: 5.14.0-427.37.1.el9_4.x86_64  CompilerName: GCC  CompilerVersion: 8.4.0
ProgramName: mri_segstats  ProgramArguments: mri_segstats -all-info  ProgramVersion: 7.3.2  TimeStamp: 2026/03/11-11:00:30-GMT  BuildTime: Aug  4 2022 06:17:15  BuildStamp: freesurfer-linux-ubuntu22_x86_64-7.3.2-20220804-6354275  User: oesteban  Machine: dna063  Platform: Linux  PlatformVersion: 5.14.0-427.37.1.el9_4.x86_64  CompilerName: GCC  CompilerVersion: 8.4.0
ProgramName: mris_euler_number  ProgramArguments: mris_euler_number -all-info  ProgramVersion: 7.3.2  TimeStamp: 2026/03/11-11:00:30-GMT  BuildTime: Aug  4 2022 06:17:15  BuildStamp: freesurfer-linux-ubuntu22_x86_64-7.3.2-20220804-6354275  User: oesteban  Machine: dna063  Platform: Linux  PlatformVersion: 5.14.0-427.37.1.el9_4.x86_64  CompilerName: GCC  CompilerVersion: 8.4.0
ProgramName: mris_fix_topology  ProgramArguments: mris_fix_topology -all-info  ProgramVersion: 7.3.2  TimeStamp: 2026/03/11-11:00:30-GMT  BuildTime: Aug  4 2022 06:17:15  BuildStamp: freesurfer-linux-ubuntu22_x86_64-7.3.2-20220804-6354275  User: oesteban  Machine: dna063  Platform: Linux  PlatformVersion: 5.14.0-427.37.1.el9_4.x86_64  CompilerName: GCC  CompilerVersion: 8.4.0
ProgramName: mris_topo_fixer  ProgramArguments: mris_topo_fixer -all-info  ProgramVersion: 7.3.2  TimeStamp: 2026/03/11-11:00:30-GMT  BuildTime: Aug  4 2022 06:17:15  BuildStamp: freesurfer-linux-ubuntu22_x86_64-7.3.2-20220804-6354275  User: oesteban  Machine: dna063  Platform: Linux  PlatformVersion: 5.14.0-427.37.1.el9_4.x86_64  CompilerName: GCC  CompilerVersion: 8.4.0
ProgramName: mris_jacobian  ProgramArguments: mris_jacobian -all-info  ProgramVersion: 7.3.2  TimeStamp: 2026/03/11-11:00:30-GMT  BuildTime: Aug  4 2022 06:17:15  BuildStamp: freesurfer-linux-ubuntu22_x86_64-7.3.2-20220804-6354275  User: oesteban  Machine: dna063  Platform: Linux  PlatformVersion: 5.14.0-427.37.1.el9_4.x86_64  CompilerName: GCC  CompilerVersion: 8.4.0
ProgramName: mris_label2annot  ProgramArguments: mris_label2annot -all-info  ProgramVersion: 7.3.2  TimeStamp: 2026/03/11-11:00:30-GMT  BuildTime: Aug  4 2022 06:17:15  BuildStamp: freesurfer-linux-ubuntu22_x86_64-7.3.2-20220804-6354275  User: oesteban  Machine: dna063  Platform: Linux  PlatformVersion: 5.14.0-427.37.1.el9_4.x86_64  CompilerName: GCC  CompilerVersion: 8.4.0
ProgramName: mris_left_right_register  ProgramArguments: mris_left_right_register -all-info  ProgramVersion: 7.3.2  TimeStamp: 2026/03/11-11:00:30-GMT  BuildTime: Aug  4 2022 06:17:15  BuildStamp: freesurfer-linux-ubuntu22_x86_64-7.3.2-20220804-6354275  User: oesteban  Machine: dna063  Platform: Linux  PlatformVersion: 5.14.0-427.37.1.el9_4.x86_64  CompilerName: GCC  CompilerVersion: 8.4.0
ProgramName: mris_place_surface  ProgramArguments: mris_place_surface -all-info  ProgramVersion: 7.3.2  TimeStamp: 2026/03/11-11:00:30-GMT  BuildTime: Aug  4 2022 06:17:15  BuildStamp: freesurfer-linux-ubuntu22_x86_64-7.3.2-20220804-6354275  User: oesteban  Machine: dna063  Platform: Linux  PlatformVersion: 5.14.0-427.37.1.el9_4.x86_64  CompilerName: GCC  CompilerVersion: 8.4.0
ProgramName: mrisp_paint  ProgramArguments: mrisp_paint -all-info  ProgramVersion: 7.3.2  TimeStamp: 2026/03/11-11:00:30-GMT  BuildTime: Aug  4 2022 06:17:15  BuildStamp: freesurfer-linux-ubuntu22_x86_64-7.3.2-20220804-6354275  User: oesteban  Machine: dna063  Platform: Linux  PlatformVersion: 5.14.0-427.37.1.el9_4.x86_64  CompilerName: GCC  CompilerVersion: 8.4.0
ProgramName: mris_register  ProgramArguments: mris_register -all-info  ProgramVersion: 7.3.2  TimeStamp: 2026/03/11-11:00:30-GMT  BuildTime: Aug  4 2022 06:17:15  BuildStamp: freesurfer-linux-ubuntu22_x86_64-7.3.2-20220804-6354275  User: oesteban  Machine: dna063  Platform: Linux  PlatformVersion: 5.14.0-427.37.1.el9_4.x86_64  CompilerName: GCC  CompilerVersion: 8.4.0
ProgramName: mris_smooth  ProgramArguments: mris_smooth -all-info  ProgramVersion: 7.3.2  TimeStamp: 2026/03/11-11:00:30-GMT  BuildTime: Aug  4 2022 06:17:15  BuildStamp: freesurfer-linux-ubuntu22_x86_64-7.3.2-20220804-6354275  User: oesteban  Machine: dna063  Platform: Linux  PlatformVersion: 5.14.0-427.37.1.el9_4.x86_64  CompilerName: GCC  CompilerVersion: 8.4.0
ProgramName: mris_sphere  ProgramArguments: mris_sphere -all-info  ProgramVersion: 7.3.2  TimeStamp: 2026/03/11-11:00:30-GMT  BuildTime: Aug  4 2022 06:17:15  BuildStamp: freesurfer-linux-ubuntu22_x86_64-7.3.2-20220804-6354275  User: oesteban  Machine: dna063  Platform: Linux  PlatformVersion: 5.14.0-427.37.1.el9_4.x86_64  CompilerName: GCC  CompilerVersion: 8.4.0
ProgramName: mris_surface_stats  ProgramArguments: mris_surface_stats -all-info  ProgramVersion: 7.3.2  TimeStamp: 2026/03/11-11:00:30-GMT  BuildTime: Aug  4 2022 06:17:15  BuildStamp: freesurfer-linux-ubuntu22_x86_64-7.3.2-20220804-6354275  User: oesteban  Machine: dna063  Platform: Linux  PlatformVersion: 5.14.0-427.37.1.el9_4.x86_64  CompilerName: GCC  CompilerVersion: 8.4.0
ProgramName: mri_stats2seg  ProgramArguments: mri_stats2seg -all-info  ProgramVersion: 7.3.2  TimeStamp: 2026/03/11-11:00:30-GMT  BuildTime: Aug  4 2022 06:17:15  BuildStamp: freesurfer-linux-ubuntu22_x86_64-7.3.2-20220804-6354275  User: oesteban  Machine: dna063  Platform: Linux  PlatformVersion: 5.14.0-427.37.1.el9_4.x86_64  CompilerName: GCC  CompilerVersion: 8.4.0
ProgramName: mris_thickness  ProgramArguments: mris_thickness -all-info  ProgramVersion: 7.3.2  TimeStamp: 2026/03/11-11:00:30-GMT  BuildTime: Aug  4 2022 06:17:15  BuildStamp: freesurfer-linux-ubuntu22_x86_64-7.3.2-20220804-6354275  User: oesteban  Machine: dna063  Platform: Linux  PlatformVersion: 5.14.0-427.37.1.el9_4.x86_64  CompilerName: GCC  CompilerVersion: 8.4.0
ProgramName: mris_thickness_diff  ProgramArguments: mris_thickness_diff -all-info  ProgramVersion: 7.3.2  TimeStamp: 2026/03/11-11:00:30-GMT  BuildTime: Aug  4 2022 06:17:15  BuildStamp: freesurfer-linux-ubuntu22_x86_64-7.3.2-20220804-6354275  User: oesteban  Machine: dna063  Platform: Linux  PlatformVersion: 5.14.0-427.37.1.el9_4.x86_64  CompilerName: GCC  CompilerVersion: 8.4.0
ProgramName: mris_topo_fixer  ProgramArguments: mris_topo_fixer -all-info  ProgramVersion: 7.3.2  TimeStamp: 2026/03/11-11:00:30-GMT  BuildTime: Aug  4 2022 06:17:15  BuildStamp: freesurfer-linux-ubuntu22_x86_64-7.3.2-20220804-6354275  User: oesteban  Machine: dna063  Platform: Linux  PlatformVersion: 5.14.0-427.37.1.el9_4.x86_64  CompilerName: GCC  CompilerVersion: 8.4.0
ProgramName: mri_surf2surf  ProgramArguments: mri_surf2surf -all-info  ProgramVersion: 7.3.2  TimeStamp: 2026/03/11-11:00:30-GMT  BuildTime: Aug  4 2022 06:17:15  BuildStamp: freesurfer-linux-ubuntu22_x86_64-7.3.2-20220804-6354275  User: oesteban  Machine: dna063  Platform: Linux  PlatformVersion: 5.14.0-427.37.1.el9_4.x86_64  CompilerName: GCC  CompilerVersion: 8.4.0
ProgramName: mri_surf2vol  ProgramArguments: mri_surf2vol -all-info  ProgramVersion: 7.3.2  TimeStamp: 2026/03/11-11:00:30-GMT  BuildTime: Aug  4 2022 06:17:15  BuildStamp: freesurfer-linux-ubuntu22_x86_64-7.3.2-20220804-6354275  User: oesteban  Machine: dna063  Platform: Linux  PlatformVersion: 5.14.0-427.37.1.el9_4.x86_64  CompilerName: GCC  CompilerVersion: 8.4.0
ProgramName: mri_surfcluster  ProgramArguments: mri_surfcluster -all-info  ProgramVersion: 7.3.2  TimeStamp: 2026/03/11-11:00:30-GMT  BuildTime: Aug  4 2022 06:17:15  BuildStamp: freesurfer-linux-ubuntu22_x86_64-7.3.2-20220804-6354275  User: oesteban  Machine: dna063  Platform: Linux  PlatformVersion: 5.14.0-427.37.1.el9_4.x86_64  CompilerName: GCC  CompilerVersion: 8.4.0
ProgramName: mris_volmask  ProgramArguments: mris_volmask -all-info  ProgramVersion: 7.3.2  TimeStamp: 2026/03/11-11:00:30-GMT  BuildTime: Aug  4 2022 06:17:15  BuildStamp: freesurfer-linux-ubuntu22_x86_64-7.3.2-20220804-6354275  User: oesteban  Machine: dna063  Platform: Linux  PlatformVersion: 5.14.0-427.37.1.el9_4.x86_64  CompilerName: GCC  CompilerVersion: 8.4.0
ProgramName: mri_tessellate  ProgramArguments: mri_tessellate -all-info  ProgramVersion: 7.3.2  TimeStamp: 2026/03/11-11:00:30-GMT  BuildTime: Aug  4 2022 06:17:15  BuildStamp: freesurfer-linux-ubuntu22_x86_64-7.3.2-20220804-6354275  User: oesteban  Machine: dna063  Platform: Linux  PlatformVersion: 5.14.0-427.37.1.el9_4.x86_64  CompilerName: GCC  CompilerVersion: 8.4.0
ProgramName: mri_vol2surf  ProgramArguments: mri_vol2surf -all-info  ProgramVersion: 7.3.2  TimeStamp: 2026/03/11-11:00:30-GMT  BuildTime: Aug  4 2022 06:17:15  BuildStamp: freesurfer-linux-ubuntu22_x86_64-7.3.2-20220804-6354275  User: oesteban  Machine: dna063  Platform: Linux  PlatformVersion: 5.14.0-427.37.1.el9_4.x86_64  CompilerName: GCC  CompilerVersion: 8.4.0
ProgramName: mri_vol2vol  ProgramArguments: mri_vol2vol -all-info  ProgramVersion: 7.3.2  TimeStamp: 2026/03/11-11:00:30-GMT  BuildTime: Aug  4 2022 06:17:15  BuildStamp: freesurfer-linux-ubuntu22_x86_64-7.3.2-20220804-6354275  User: oesteban  Machine: dna063  Platform: Linux  PlatformVersion: 5.14.0-427.37.1.el9_4.x86_64  CompilerName: GCC  CompilerVersion: 8.4.0
ProgramName: mri_voldiff  ProgramArguments: mri_voldiff -all-info  ProgramVersion: 7.3.2  TimeStamp: 2026/03/11-11:00:30-GMT  BuildTime: Aug  4 2022 06:17:15  BuildStamp: freesurfer-linux-ubuntu22_x86_64-7.3.2-20220804-6354275  User: oesteban  Machine: dna063  Platform: Linux  PlatformVersion: 5.14.0-427.37.1.el9_4.x86_64  CompilerName: GCC  CompilerVersion: 8.4.0
ProgramName: mri_watershed  ProgramArguments: mri_watershed -all-info  ProgramVersion: 7.3.2  TimeStamp: 2026/03/11-11:00:30-GMT  BuildTime: Aug  4 2022 06:17:15  BuildStamp: freesurfer-linux-ubuntu22_x86_64-7.3.2-20220804-6354275  User: oesteban  Machine: dna063  Platform: Linux  PlatformVersion: 5.14.0-427.37.1.el9_4.x86_64  CompilerName: GCC  CompilerVersion: 8.4.0
ProgramName: tkregister2  ProgramArguments: tkregister2_cmdl -all-info  ProgramVersion: 7.3.2  TimeStamp: 2026/03/11-11:00:30-GMT  BuildTime: Aug  4 2022 06:17:15  BuildStamp: freesurfer-linux-ubuntu22_x86_64-7.3.2-20220804-6354275  User: oesteban  Machine: dna063  Platform: Linux  PlatformVersion: 5.14.0-427.37.1.el9_4.x86_64  CompilerName: GCC  CompilerVersion: 8.4.0
mri_motion_correct.fsl 7.3.2
mri_convert -all-info 
ProgramName: mri_convert  ProgramArguments: mri_convert -all-info  ProgramVersion: 7.3.2  TimeStamp: 2026/03/11-11:00:30-GMT  BuildTime: Aug  4 2022 06:17:15  BuildStamp: freesurfer-linux-ubuntu22_x86_64-7.3.2-20220804-6354275  User: oesteban  Machine: dna063  Platform: Linux  PlatformVersion: 5.14.0-427.37.1.el9_4.x86_64  CompilerName: GCC  CompilerVersion: 8.4.0
Program nu_correct, built from:
Package MNI N3, version 1.12.0, compiled by nicks@terrier (x86_64-unknown-linux-gnu) on 2015-06-19 at 01:25:34
#######################################
GCADIR /opt/freesurfer/average
GCA RB_all_2020-01-02.gca
GCASkull RB_all_withskull_2020_01_02.gca
AvgCurvTif folding.atlas.acfb40.noaparc.i12.2016-08-02.tif
GCSDIR /opt/freesurfer/average
GCS DKaparc.atlas.acfb40.noaparc.i12.2016-08-02.gcs
#######################################
#--------------------------------------
#@# CA Normalize Wed Mar 11 12:00:30 CET 2026
/out/sourcedata/freesurfer/sub-v2s16x51300_ses-1/mri

 mri_ca_normalize -c ctrl_pts.mgz -mask brainmask.mgz nu.mgz /opt/freesurfer/average/RB_all_2020-01-02.gca transforms/talairach.lta norm.mgz 

writing control point volume to ctrl_pts.mgz
using MR volume brainmask.mgz to mask input volume...
reading 1 input volume
reading atlas from '/opt/freesurfer/average/RB_all_2020-01-02.gca'...
reading transform from 'transforms/talairach.lta'...
reading input volume from nu.mgz...
resetting wm mean[0]: 98 --> 107
resetting gm mean[0]: 61 --> 61
input volume #1 is the most T1-like
using real data threshold=28.0
skull bounding box = (61, 64, 46) --> (201, 176, 213)
finding center of left hemi white matter
using (108, 101, 130) as brain centroid of Right_Cerebral_White_Matter...
mean wm in atlas = 107, using box (91,87,109) --> (125, 114,150) to find MRI wm
before smoothing, mri peak at 106
robust fit to distribution - 107 +- 3.5
after smoothing, mri peak at 107, scaling input intensities by 1.000
scaling channel 0 by 1
using 246437 sample points...
INFO: compute sample coordinates transform
 1.03246  -0.07663  -0.02415   4.59205;
 0.06544   1.13810   0.01646  -29.45179;
 0.02438  -0.02029   0.99816  -22.27209;
 0.00000   0.00000   0.00000   1.00000;
INFO: transform used
finding control points in Left_Cerebral_White_Matter....
found 40230 control points for structure...
bounding box (128, 62, 47) --> (195, 164, 216)
Left_Cerebral_White_Matter: limiting intensities to 97.0 --> 132.0
3 of 8632 (0.0%) samples deleted
finding control points in Right_Cerebral_White_Matter....
found 39478 control points for structure...
bounding box (66, 63, 48) --> (132, 169, 217)
Right_Cerebral_White_Matter: limiting intensities to 95.0 --> 132.0
1 of 8338 (0.0%) samples deleted
finding control points in Left_Cerebellum_White_Matter....
found 3105 control points for structure...
bounding box (132, 135, 70) --> (181, 174, 124)
Left_Cerebellum_White_Matter: limiting intensities to 96.0 --> 132.0
0 of 645 (0.0%) samples deleted
finding control points in Right_Cerebellum_White_Matter....
found 2710 control points for structure...
bounding box (90, 135, 69) --> (132, 176, 127)
Right_Cerebellum_White_Matter: limiting intensities to 91.0 --> 132.0
0 of 635 (0.0%) samples deleted
finding control points in Brain_Stem....
found 3475 control points for structure...
bounding box (115, 130, 106) --> (150, 191, 137)
Brain_Stem: limiting intensities to 89.0 --> 132.0
2 of 1112 (0.2%) samples deleted
using 19362 total control points for intensity normalization...
bias field = 0.955 +- 0.069
11 of 19356 control points discarded
finding control points in Left_Cerebral_White_Matter....
found 40230 control points for structure...
bounding box (128, 62, 47) --> (195, 164, 216)
Left_Cerebral_White_Matter: limiting intensities to 91.0 --> 130.0
5 of 8766 (0.1%) samples deleted
finding control points in Right_Cerebral_White_Matter....
found 39478 control points for structure...
bounding box (66, 63, 48) --> (132, 169, 217)
Right_Cerebral_White_Matter: limiting intensities to 90.0 --> 130.0
4 of 8403 (0.0%) samples deleted
finding control points in Left_Cerebellum_White_Matter....
found 3105 control points for structure...
bounding box (132, 135, 70) --> (181, 174, 124)
Left_Cerebellum_White_Matter: limiting intensities to 88.0 --> 130.0
2 of 663 (0.3%) samples deleted
finding control points in Right_Cerebellum_White_Matter....
found 2710 control points for structure...
bounding box (90, 135, 69) --> (132, 176, 127)
Right_Cerebellum_White_Matter: limiting intensities to 88.0 --> 130.0
113 of 643 (17.6%) samples deleted
finding control points in Brain_Stem....
found 3475 control points for structure...
bounding box (115, 130, 106) --> (150, 191, 137)
Brain_Stem: limiting intensities to 88.0 --> 130.0
262 of 1271 (20.6%) samples deleted
using 19746 total control points for intensity normalization...
bias field = 1.019 +- 0.057
21 of 19277 control points discarded
finding control points in Left_Cerebral_White_Matter....
found 40230 control points for structure...
bounding box (128, 62, 47) --> (195, 164, 216)
Left_Cerebral_White_Matter: limiting intensities to 91.0 --> 128.0
6 of 8770 (0.1%) samples deleted
finding control points in Right_Cerebral_White_Matter....
found 39478 control points for structure...
bounding box (66, 63, 48) --> (132, 169, 217)
Right_Cerebral_White_Matter: limiting intensities to 90.0 --> 128.0
7 of 8404 (0.1%) samples deleted
finding control points in Left_Cerebellum_White_Matter....
found 3105 control points for structure...
bounding box (132, 135, 70) --> (181, 174, 124)
Left_Cerebellum_White_Matter: limiting intensities to 88.0 --> 128.0
88 of 686 (12.8%) samples deleted
finding control points in Right_Cerebellum_White_Matter....
found 2710 control points for structure...
bounding box (90, 135, 69) --> (132, 176, 127)
Right_Cerebellum_White_Matter: limiting intensities to 88.0 --> 128.0
311 of 669 (46.5%) samples deleted
finding control points in Brain_Stem....
found 3475 control points for structure...
bounding box (115, 130, 106) --> (150, 191, 137)
Brain_Stem: limiting intensities to 88.0 --> 128.0
336 of 1279 (26.3%) samples deleted
using 19808 total control points for intensity normalization...
bias field = 1.016 +- 0.050
43 of 18926 control points discarded
writing normalized volume to norm.mgz...
writing control points to ctrl_pts.mgz
freeing GCA...done.
normalization took 1 minutes and 20 seconds.
#--------------------------------------
#@# CA Reg Wed Mar 11 12:01:50 CET 2026
/out/sourcedata/freesurfer/sub-v2s16x51300_ses-1/mri

 mri_ca_register -nobigventricles -T transforms/talairach.lta -align-after -mask brainmask.mgz norm.mgz /opt/freesurfer/average/RB_all_2020-01-02.gca transforms/talairach.m3z 

not handling expanded ventricles...
using previously computed transform transforms/talairach.lta
renormalizing sequences with structure alignment, equivalent to:
	-renormalize
	-regularize_mean 0.500
	-regularize 0.500
using MR volume brainmask.mgz to mask input volume...

== Number of threads available to mri_ca_register for OpenMP = 16 == 
reading 1 input volumes...
logging results to talairach.log
reading input volume 'norm.mgz'...
reading GCA '/opt/freesurfer/average/RB_all_2020-01-02.gca'...
label assignment complete, 0 changed (0.00%)
freeing gibbs priors...done.
average std[0] = 5.0
Starting GCAMregister()
label assignment complete, 0 changed (0.00%)
npasses = 1, nlevels = 6
#pass# 1 of 1 ************************
enabling zero nodes
setting smoothness cost coefficient to 0.156

#GCAMreg# pass 0 level1 5 level2 0 tsec 0 sigma 2
l_jacobian=1.00 l_label=1.00 l_log_likelihood=0.20 l_smoothness=0.16 
tol=2.50e-01, dt=5.00e-02, exp_k=20.0, momentum=0.90, levels=6, niter=500, lbl_dist=10.00, avgs=256, sigma=2.0,type=2, relabel=0, neg=no

blurring input image with Gaussian with sigma=2.000...
GCAMRegisterLevel(): init RMS 0.807372
#FOTS# QuadFit found better minimum quadopt=(dt=234.982,rms=0.729274) vs oldopt=(dt=92.48,rms=0.755506)
#GCMRL#    0 dt 234.981550 rms  0.729  9.673% neg 0  invalid 762 tFOTS 3.3470 tGradient 2.8670 tsec 6.4850
#FOTS# QuadFit found better minimum quadopt=(dt=142.425,rms=0.706428) vs oldopt=(dt=92.48,rms=0.709662)
#GCMRL#    1 dt 142.425397 rms  0.706  3.133% neg 0  invalid 762 tFOTS 3.6650 tGradient 2.7520 tsec 6.6870
#GCMRL#    2 dt 369.920000 rms  0.696  1.519% neg 0  invalid 762 tFOTS 3.6430 tGradient 2.5210 tsec 6.4350
#FOTS# QuadFit found better minimum quadopt=(dt=129.472,rms=0.691259) vs oldopt=(dt=92.48,rms=0.691593)
#GCMRL#    3 dt 129.472000 rms  0.691  0.638% neg 0  invalid 762 tFOTS 3.7300 tGradient 2.5040 tsec 6.5150
#FOTS# QuadFit found better minimum quadopt=(dt=517.888,rms=0.686165) vs oldopt=(dt=369.92,rms=0.686833)
#GCMRL#    4 dt 517.888000 rms  0.686  0.737% neg 0  invalid 762 tFOTS 3.7980 tGradient 2.5750 tsec 6.6700
#FOTS# QuadFit found better minimum quadopt=(dt=129.472,rms=0.684029) vs oldopt=(dt=92.48,rms=0.684172)
#GCMRL#    5 dt 129.472000 rms  0.684  0.311% neg 0  invalid 762 tFOTS 4.5510 tGradient 2.6260 tsec 7.4530
#FOTS# QuadFit found better minimum quadopt=(dt=517.888,rms=0.680657) vs oldopt=(dt=369.92,rms=0.681241)
#GCMRL#    6 dt 517.888000 rms  0.681  0.493% neg 0  invalid 762 tFOTS 3.7060 tGradient 2.7190 tsec 6.7030
#FOTS# QuadFit found better minimum quadopt=(dt=129.472,rms=0.679132) vs oldopt=(dt=92.48,rms=0.679253)
#GCMRL#    7 dt 129.472000 rms  0.679  0.000% neg 0  invalid 762 tFOTS 3.7420 tGradient 2.7380 tsec 6.7790
#GCMRL#    8 dt 129.472000 rms  0.678  0.135% neg 0  invalid 762 tFOTS 0.0000 tGradient 2.6190 tsec 2.8900
#GCMRL#    9 dt 129.472000 rms  0.677  0.207% neg 0  invalid 762 tFOTS 0.0000 tGradient 2.7050 tsec 2.9960
#GCMRL#   10 dt 129.472000 rms  0.675  0.280% neg 0  invalid 762 tFOTS 0.0000 tGradient 2.5690 tsec 2.8450
#GCMRL#   11 dt 129.472000 rms  0.673  0.315% neg 0  invalid 762 tFOTS 0.0000 tGradient 2.6070 tsec 2.9180
#GCMRL#   12 dt 129.472000 rms  0.671  0.339% neg 0  invalid 762 tFOTS 0.0000 tGradient 2.5870 tsec 2.8800
#GCMRL#   13 dt 129.472000 rms  0.668  0.349% neg 0  invalid 762 tFOTS 0.0000 tGradient 2.6160 tsec 2.8960
#GCMRL#   14 dt 129.472000 rms  0.666  0.315% neg 0  invalid 762 tFOTS 0.0000 tGradient 2.6340 tsec 2.9100
#GCMRL#   15 dt 129.472000 rms  0.664  0.285% neg 0  invalid 762 tFOTS 0.0000 tGradient 2.7780 tsec 3.0530
#GCMRL#   16 dt 129.472000 rms  0.662  0.260% neg 0  invalid 762 tFOTS 0.0000 tGradient 2.6730 tsec 2.9480
#GCMRL#   17 dt 129.472000 rms  0.661  0.233% neg 0  invalid 762 tFOTS 0.0000 tGradient 2.5320 tsec 2.8700
#GCMRL#   18 dt 129.472000 rms  0.659  0.216% neg 0  invalid 762 tFOTS 0.0000 tGradient 2.7380 tsec 3.0180
#GCMRL#   19 dt 129.472000 rms  0.658  0.181% neg 0  invalid 762 tFOTS 0.0000 tGradient 2.6550 tsec 2.9340
#GCMRL#   20 dt 129.472000 rms  0.657  0.157% neg 0  invalid 762 tFOTS 0.0000 tGradient 2.8270 tsec 3.1050
#GCMRL#   21 dt 129.472000 rms  0.656  0.132% neg 0  invalid 762 tFOTS 0.0000 tGradient 2.5830 tsec 2.8580
#GCMRL#   22 dt 129.472000 rms  0.656  0.118% neg 0  invalid 762 tFOTS 0.0000 tGradient 2.6260 tsec 2.9050
#GCMRL#   23 dt 129.472000 rms  0.655  0.116% neg 0  invalid 762 tFOTS 0.0000 tGradient 2.5270 tsec 2.8240
#FOTS# QuadFit found better minimum quadopt=(dt=887.808,rms=0.654197) vs oldopt=(dt=1479.68,rms=0.654341)
#GCMRL#   24 dt 887.808000 rms  0.654  0.000% neg 0  invalid 762 tFOTS 3.9440 tGradient 2.5680 tsec 6.8190

#GCAMreg# pass 0 level1 5 level2 1 tsec 119.775 sigma 0.5
l_jacobian=1.00 l_label=1.00 l_log_likelihood=0.20 l_smoothness=0.16 
tol=2.50e-01, dt=5.00e-02, exp_k=20.0, momentum=0.90, levels=6, niter=500, lbl_dist=10.00, avgs=256, sigma=0.5,type=2, relabel=0, neg=no

blurring input image with Gaussian with sigma=0.500...
GCAMRegisterLevel(): init RMS 0.654722
#FOTS# QuadFit found better minimum quadopt=(dt=110.976,rms=0.654034) vs oldopt=(dt=92.48,rms=0.654036)
#GCMRL#   26 dt 110.976000 rms  0.654  0.105% neg 0  invalid 762 tFOTS 3.7320 tGradient 2.5260 tsec 6.5320
#FOTS# QuadFit found better minimum quadopt=(dt=295.936,rms=0.653852) vs oldopt=(dt=369.92,rms=0.653866)
#GCMRL#   27 dt 295.936000 rms  0.654  0.000% neg 0  invalid 762 tFOTS 4.2320 tGradient 2.5340 tsec 7.0700
#GCMRL#   28 dt 295.936000 rms  0.654  0.042% neg 0  invalid 762 tFOTS 0.0000 tGradient 2.6600 tsec 2.9400
#GCMRL#   29 dt 295.936000 rms  0.653  0.031% neg 0  invalid 762 tFOTS 0.0000 tGradient 2.7490 tsec 3.0220
setting smoothness cost coefficient to 0.615

#GCAMreg# pass 0 level1 4 level2 0 tsec 0 sigma 2
l_jacobian=1.00 l_label=1.00 l_log_likelihood=0.20 l_smoothness=0.62 
tol=2.50e-01, dt=5.00e-02, exp_k=20.0, momentum=0.90, levels=6, niter=500, lbl_dist=10.00, avgs=64, sigma=2.0,type=2, relabel=0, neg=no

blurring input image with Gaussian with sigma=2.000...
GCAMRegisterLevel(): init RMS 0.665163
#FOTS# QuadFit found better minimum quadopt=(dt=89.0435,rms=0.66079) vs oldopt=(dt=103.68,rms=0.6609)
#GCMRL#   31 dt  89.043478 rms  0.661  0.657% neg 0  invalid 762 tFOTS 3.7440 tGradient 2.1450 tsec 6.2180
#FOTS# QuadFit found better minimum quadopt=(dt=331.776,rms=0.650401) vs oldopt=(dt=414.72,rms=0.650553)
#GCMRL#   32 dt 331.776000 rms  0.650  1.572% neg 0  invalid 762 tFOTS 3.7280 tGradient 2.0140 tsec 6.0220
#FOTS# QuadFit found better minimum quadopt=(dt=69.4103,rms=0.648091) vs oldopt=(dt=103.68,rms=0.648621)
#GCMRL#   33 dt  69.410309 rms  0.648  0.355% neg 0  invalid 762 tFOTS 3.6890 tGradient 2.2030 tsec 6.1670
#FOTS# QuadFit found better minimum quadopt=(dt=331.776,rms=0.643947) vs oldopt=(dt=414.72,rms=0.644383)
#GCMRL#   34 dt 331.776000 rms  0.644  0.639% neg 0  invalid 762 tFOTS 3.6330 tGradient 2.1250 tsec 6.0330
#FOTS# QuadFit found better minimum quadopt=(dt=36.288,rms=0.641554) vs oldopt=(dt=25.92,rms=0.642002)
#GCMRL#   35 dt  36.288000 rms  0.642  0.372% neg 0  invalid 762 tFOTS 3.6490 tGradient 1.9780 tsec 5.9020
#FOTS# QuadFit found better minimum quadopt=(dt=36.288,rms=0.641179) vs oldopt=(dt=25.92,rms=0.641226)
#GCMRL#   36 dt  36.288000 rms  0.641  0.000% neg 0  invalid 762 tFOTS 3.6090 tGradient 1.9680 tsec 5.8720
#GCMRL#   37 dt  36.288000 rms  0.641  0.017% neg 0  invalid 762 tFOTS 0.0000 tGradient 1.9830 tsec 2.2550
#GCMRL#   38 dt  36.288000 rms  0.641  0.019% neg 0  invalid 762 tFOTS 0.0000 tGradient 2.0850 tsec 2.3690
#GCMRL#   39 dt  36.288000 rms  0.641  0.036% neg 0  invalid 762 tFOTS 0.0000 tGradient 2.1230 tsec 2.3930
#GCMRL#   40 dt  36.288000 rms  0.640  0.076% neg 0  invalid 762 tFOTS 0.0000 tGradient 2.0720 tsec 2.3440
#GCMRL#   41 dt  36.288000 rms  0.639  0.125% neg 0  invalid 762 tFOTS 0.0000 tGradient 2.1170 tsec 2.3810
#GCMRL#   42 dt  36.288000 rms  0.638  0.167% neg 0  invalid 762 tFOTS 0.0000 tGradient 2.1280 tsec 2.4000
#GCMRL#   43 dt  36.288000 rms  0.637  0.199% neg 0  invalid 762 tFOTS 0.0000 tGradient 2.1040 tsec 2.3730
#GCMRL#   44 dt  36.288000 rms  0.636  0.202% neg 0  invalid 762 tFOTS 0.0000 tGradient 2.0240 tsec 2.2950
#GCMRL#   45 dt  36.288000 rms  0.635  0.183% neg 0  invalid 762 tFOTS 0.0000 tGradient 1.9980 tsec 2.2680
#GCMRL#   46 dt  36.288000 rms  0.634  0.162% neg 0  invalid 762 tFOTS 0.0000 tGradient 1.9610 tsec 2.2280
#GCMRL#   47 dt  36.288000 rms  0.633  0.139% neg 0  invalid 762 tFOTS 0.0000 tGradient 2.0420 tsec 2.3100
#GCMRL#   48 dt  36.288000 rms  0.632  0.121% neg 0  invalid 762 tFOTS 0.0000 tGradient 1.9530 tsec 2.2220
#GCMRL#   49 dt  36.288000 rms  0.631  0.097% neg 0  invalid 762 tFOTS 0.0000 tGradient 2.0270 tsec 2.3120

#GCAMreg# pass 0 level1 4 level2 1 tsec 82.141 sigma 0.5
l_jacobian=1.00 l_label=1.00 l_log_likelihood=0.20 l_smoothness=0.62 
tol=2.50e-01, dt=5.00e-02, exp_k=20.0, momentum=0.90, levels=6, niter=500, lbl_dist=10.00, avgs=64, sigma=0.5,type=2, relabel=0, neg=no

blurring input image with Gaussian with sigma=0.500...
GCAMRegisterLevel(): init RMS 0.631963
#GCMRL#   51 dt   0.000000 rms  0.631  0.095% neg 0  invalid 762 tFOTS 3.5960 tGradient 2.1190 tsec 5.9820
setting smoothness cost coefficient to 2.353

#GCAMreg# pass 0 level1 3 level2 0 tsec 0 sigma 2
l_jacobian=1.00 l_label=1.00 l_log_likelihood=0.20 l_smoothness=2.35 
tol=2.50e-01, dt=5.00e-02, exp_k=20.0, momentum=0.90, levels=6, niter=500, lbl_dist=10.00, avgs=16, sigma=2.0,type=2, relabel=0, neg=no

blurring input image with Gaussian with sigma=2.000...
GCAMRegisterLevel(): init RMS 0.662744
#GCMRL#   53 dt   0.000000 rms  0.662  0.086% neg 0  invalid 762 tFOTS 3.3670 tGradient 1.7430 tsec 5.3810

#GCAMreg# pass 0 level1 3 level2 1 tsec 20.19 sigma 0.5
l_jacobian=1.00 l_label=1.00 l_log_likelihood=0.20 l_smoothness=2.35 
tol=2.50e-01, dt=5.00e-02, exp_k=20.0, momentum=0.90, levels=6, niter=500, lbl_dist=10.00, avgs=16, sigma=0.5,type=2, relabel=0, neg=no

blurring input image with Gaussian with sigma=0.500...
GCAMRegisterLevel(): init RMS 0.662744
#FOTS# QuadFit found better minimum quadopt=(dt=0.04375,rms=0.662172) vs oldopt=(dt=0.03125,rms=0.662172)
#GCMRL#   55 dt   0.043750 rms  0.662  0.086% neg 0  invalid 762 tFOTS 3.4540 tGradient 1.7250 tsec 5.4550
#FOTS# QuadFit found better minimum quadopt=(dt=0.025,rms=0.662172) vs oldopt=(dt=0.03125,rms=0.662172)
#GCMRL#   56 dt   0.025000 rms  0.662  0.000% neg 0  invalid 762 tFOTS 3.4780 tGradient 1.7420 tsec 5.5130
#GCMRL#   57 dt   0.025000 rms  0.662  0.000% neg 0  invalid 762 tFOTS 0.0000 tGradient 1.7290 tsec 2.0060
#GCMRL#   58 dt   0.025000 rms  0.662  0.001% neg 0  invalid 762 tFOTS 0.0000 tGradient 1.7640 tsec 2.0360
setting smoothness cost coefficient to 8.000

#GCAMreg# pass 0 level1 2 level2 0 tsec 0 sigma 2
l_jacobian=1.00 l_label=1.00 l_log_likelihood=0.20 l_smoothness=8.00 
tol=2.50e-01, dt=5.00e-02, exp_k=20.0, momentum=0.90, levels=6, niter=500, lbl_dist=10.00, avgs=4, sigma=2.0,type=2, relabel=0, neg=no

blurring input image with Gaussian with sigma=2.000...
GCAMRegisterLevel(): init RMS 0.753519
#FOTS# QuadFit found better minimum quadopt=(dt=2.67178,rms=0.724733) vs oldopt=(dt=2.88,rms=0.72491)
#GCMRL#   60 dt   2.671778 rms  0.725  3.820% neg 0  invalid 762 tFOTS 3.4680 tGradient 1.6450 tsec 5.3860
#FOTS# QuadFit found better minimum quadopt=(dt=2.09506,rms=0.720322) vs oldopt=(dt=2.88,rms=0.720941)
#GCMRL#   61 dt   2.095057 rms  0.720  0.609% neg 0  invalid 762 tFOTS 3.4520 tGradient 1.6170 tsec 5.3430
#FOTS# QuadFit found better minimum quadopt=(dt=1.8011,rms=0.719) vs oldopt=(dt=2.88,rms=0.719412)
#GCMRL#   62 dt   1.801105 rms  0.719  0.000% neg 0  invalid 762 tFOTS 3.5220 tGradient 1.6260 tsec 5.4460

#GCAMreg# pass 0 level1 2 level2 1 tsec 27.536 sigma 0.5
l_jacobian=1.00 l_label=1.00 l_log_likelihood=0.20 l_smoothness=8.00 
tol=2.50e-01, dt=5.00e-02, exp_k=20.0, momentum=0.90, levels=6, niter=500, lbl_dist=10.00, avgs=4, sigma=0.5,type=2, relabel=0, neg=no

blurring input image with Gaussian with sigma=0.500...
GCAMRegisterLevel(): init RMS 0.719472
#GCMRL#   64 dt   0.045000 rms  0.719  0.065% neg 0  invalid 762 tFOTS 3.2360 tGradient 1.5490 tsec 5.0580
#FOTS# QuadFit found better minimum quadopt=(dt=0.01575,rms=0.719005) vs oldopt=(dt=0.01125,rms=0.719006)
#GCMRL#   65 dt   0.015750 rms  0.719  0.000% neg 0  invalid 762 tFOTS 3.2440 tGradient 1.5350 tsec 5.0880
setting smoothness cost coefficient to 20.000

#GCAMreg# pass 0 level1 1 level2 0 tsec 0 sigma 2
l_jacobian=1.00 l_label=1.00 l_log_likelihood=0.20 l_smoothness=20.00 
tol=2.50e-01, dt=5.00e-02, exp_k=20.0, momentum=0.90, levels=6, niter=500, lbl_dist=10.00, avgs=1, sigma=2.0,type=2, relabel=0, neg=no

blurring input image with Gaussian with sigma=2.000...
GCAMRegisterLevel(): init RMS 0.782372
#FOTS# QuadFit found better minimum quadopt=(dt=0.384,rms=0.780604) vs oldopt=(dt=0.32,rms=0.780622)
#GCMRL#   67 dt   0.384000 rms  0.781  0.226% neg 0  invalid 762 tFOTS 3.5040 tGradient 1.3760 tsec 5.1550
#FOTS# QuadFit found better minimum quadopt=(dt=1.0311,rms=0.773454) vs oldopt=(dt=1.28,rms=0.773731)
#GCMRL#   68 dt   1.031100 rms  0.773  0.916% neg 0  invalid 762 tFOTS 3.4980 tGradient 1.3750 tsec 5.1480
#FOTS# QuadFit found better minimum quadopt=(dt=0.196856,rms=0.771573) vs oldopt=(dt=0.32,rms=0.771958)
#GCMRL#   69 dt   0.196856 rms  0.772  0.000% neg 0  invalid 762 tFOTS 3.5000 tGradient 1.4000 tsec 5.1960
#GCMRL#   70 dt   0.196856 rms  0.771  0.090% neg 0  invalid 762 tFOTS 0.0000 tGradient 1.3850 tsec 1.6610
#GCMRL#   71 dt   0.196856 rms  0.770  0.109% neg 0  invalid 762 tFOTS 0.0000 tGradient 1.3730 tsec 1.6490
#GCMRL#   72 dt   0.196856 rms  0.768  0.299% neg 0  invalid 762 tFOTS 0.0000 tGradient 1.3230 tsec 1.5980
#GCMRL#   73 dt   0.196856 rms  0.764  0.445% neg 0  invalid 762 tFOTS 0.0000 tGradient 1.3230 tsec 1.5970
#GCMRL#   74 dt   0.196856 rms  0.762  0.364% neg 0  invalid 762 tFOTS 0.0000 tGradient 1.3030 tsec 1.5770
#GCMRL#   75 dt   0.196856 rms  0.760  0.221% neg 0  invalid 762 tFOTS 0.0000 tGradient 1.4060 tsec 1.6790
#GCMRL#   76 dt   0.196856 rms  0.759  0.081% neg 0  invalid 762 tFOTS 0.0000 tGradient 1.3940 tsec 1.6700
#GCMRL#   77 dt   0.196856 rms  0.759  0.004% neg 0  invalid 762 tFOTS 0.0000 tGradient 1.3500 tsec 1.6490
#FOTS# QuadFit found better minimum quadopt=(dt=0.457447,rms=0.757115) vs oldopt=(dt=0.32,rms=0.757538)
#GCMRL#   78 dt   0.457447 rms  0.757  0.277% neg 0  invalid 762 tFOTS 3.4690 tGradient 1.3500 tsec 5.0950
#FOTS# QuadFit found better minimum quadopt=(dt=0.064,rms=0.757089) vs oldopt=(dt=0.08,rms=0.757092)
#GCMRL#   79 dt   0.064000 rms  0.757  0.000% neg 0  invalid 762 tFOTS 3.4980 tGradient 1.3520 tsec 5.1500
#GCMRL#   80 dt   0.064000 rms  0.757  0.002% neg 0  invalid 762 tFOTS 0.0000 tGradient 1.3570 tsec 1.6280

#GCAMreg# pass 0 level1 1 level2 1 tsec 51.606 sigma 0.5
l_jacobian=1.00 l_label=1.00 l_log_likelihood=0.20 l_smoothness=20.00 
tol=2.50e-01, dt=5.00e-02, exp_k=20.0, momentum=0.90, levels=6, niter=500, lbl_dist=10.00, avgs=1, sigma=0.5,type=2, relabel=0, neg=no

blurring input image with Gaussian with sigma=0.500...
GCAMRegisterLevel(): init RMS 0.757454
#FOTS# QuadFit found better minimum quadopt=(dt=0.112,rms=0.756958) vs oldopt=(dt=0.08,rms=0.75698)
#GCMRL#   82 dt   0.112000 rms  0.757  0.066% neg 0  invalid 762 tFOTS 3.6850 tGradient 1.4890 tsec 5.4520
#FOTS# QuadFit found better minimum quadopt=(dt=0.448,rms=0.756708) vs oldopt=(dt=0.32,rms=0.756743)
#GCMRL#   83 dt   0.448000 rms  0.757  0.000% neg 0  invalid 762 tFOTS 3.4970 tGradient 1.3260 tsec 5.1130
#GCMRL#   84 dt   0.448000 rms  0.756  0.089% neg 0  invalid 762 tFOTS 0.0000 tGradient 1.4350 tsec 1.7080
#GCMRL#   85 dt   0.448000 rms  0.756  0.062% neg 0  invalid 762 tFOTS 0.0000 tGradient 1.3260 tsec 1.5940
resetting metric properties...
setting smoothness cost coefficient to 40.000

#GCAMreg# pass 0 level1 0 level2 0 tsec 0 sigma 2
l_jacobian=1.00 l_label=1.00 l_log_likelihood=0.20 l_smoothness=40.00 
tol=2.50e-01, dt=5.00e-02, exp_k=20.0, momentum=0.90, levels=6, niter=500, lbl_dist=10.00, avgs=0, sigma=2.0,type=2, relabel=0, neg=no

blurring input image with Gaussian with sigma=2.000...
GCAMRegisterLevel(): init RMS 0.726475
#FOTS# QuadFit found better minimum quadopt=(dt=0.211756,rms=0.721869) vs oldopt=(dt=0.32,rms=0.722672)
#GCMRL#   87 dt   0.211756 rms  0.722  0.634% neg 0  invalid 762 tFOTS 3.4310 tGradient 0.8760 tsec 4.5820
#FOTS# QuadFit found better minimum quadopt=(dt=0.024,rms=0.721623) vs oldopt=(dt=0.02,rms=0.721624)
#GCMRL#   88 dt   0.024000 rms  0.722  0.000% neg 0  invalid 762 tFOTS 3.4230 tGradient 0.9190 tsec 4.6300

#GCAMreg# pass 0 level1 0 level2 1 tsec 19.876 sigma 0.5
l_jacobian=1.00 l_label=1.00 l_log_likelihood=0.20 l_smoothness=40.00 
tol=2.50e-01, dt=5.00e-02, exp_k=20.0, momentum=0.90, levels=6, niter=500, lbl_dist=10.00, avgs=0, sigma=0.5,type=2, relabel=0, neg=no

blurring input image with Gaussian with sigma=0.500...
GCAMRegisterLevel(): init RMS 0.722028
#FOTS# QuadFit found better minimum quadopt=(dt=0.007,rms=0.721608) vs oldopt=(dt=0.005,rms=0.721611)
#GCMRL#   90 dt   0.007000 rms  0.722  0.058% neg 0  invalid 762 tFOTS 3.3670 tGradient 0.9010 tsec 4.5360
#FOTS# QuadFit found better minimum quadopt=(dt=0.00175,rms=0.721609) vs oldopt=(dt=0.00125,rms=0.721609)
GCAMregister done in 6.94842 min
Starting GCAmapRenormalizeWithAlignment() without scales
renormalizing by structure alignment....
renormalizing input #0
gca peak = 0.10253 (16)
mri peak = 0.15479 (11)
Left_Lateral_Ventricle (4): linear fit = 0.56 x + 0.0 (1352 voxels, overlap=0.178)
Left_Lateral_Ventricle (4): linear fit = 0.56 x + 0.0 (1352 voxels, peak =  9), gca=9.0
gca peak = 0.17690 (16)
mri peak = 0.09242 (10)
Right_Lateral_Ventricle (43): linear fit = 0.57 x + 0.0 (709 voxels, overlap=0.045)
Right_Lateral_Ventricle (43): linear fit = 0.57 x + 0.0 (709 voxels, peak =  9), gca=9.2
gca peak = 0.28275 (96)
mri peak = 0.09622 (91)
Right_Pallidum (52): linear fit = 0.94 x + 0.0 (1104 voxels, overlap=0.709)
Right_Pallidum (52): linear fit = 0.94 x + 0.0 (1104 voxels, peak = 91), gca=90.7
gca peak = 0.18948 (93)
mri peak = 0.09819 (96)
Left_Pallidum (13): linear fit = 1.04 x + 0.0 (966 voxels, overlap=0.814)
Left_Pallidum (13): linear fit = 1.04 x + 0.0 (966 voxels, peak = 97), gca=97.2
gca peak = 0.20755 (55)
mri peak = 0.16211 (65)
Right_Hippocampus (53): linear fit = 1.13 x + 0.0 (1114 voxels, overlap=0.128)
Right_Hippocampus (53): linear fit = 1.13 x + 0.0 (1114 voxels, peak = 62), gca=62.4
gca peak = 0.31831 (58)
mri peak = 0.12571 (65)
Left_Hippocampus (17): linear fit = 1.10 x + 0.0 (1090 voxels, overlap=0.304)
Left_Hippocampus (17): linear fit = 1.10 x + 0.0 (1090 voxels, peak = 64), gca=63.5
gca peak = 0.11957 (102)
mri peak = 0.12421 (103)
Right_Cerebral_White_Matter (41): linear fit = 1.03 x + 0.0 (66341 voxels, overlap=0.644)
Right_Cerebral_White_Matter (41): linear fit = 1.03 x + 0.0 (66341 voxels, peak = 106), gca=105.6
gca peak = 0.11429 (102)
mri peak = 0.13963 (105)
Left_Cerebral_White_Matter (2): linear fit = 1.03 x + 0.0 (68173 voxels, overlap=0.597)
Left_Cerebral_White_Matter (2): linear fit = 1.03 x + 0.0 (68173 voxels, peak = 106), gca=105.6
gca peak = 0.14521 (59)
mri peak = 0.04507 (56)
Left_Cerebral_Cortex (3): linear fit = 0.96 x + 0.0 (33561 voxels, overlap=0.994)
Left_Cerebral_Cortex (3): linear fit = 0.96 x + 0.0 (33561 voxels, peak = 57), gca=56.9
gca peak = 0.14336 (58)
mri peak = 0.04667 (62)
Right_Cerebral_Cortex (42): linear fit = 1.02 x + 0.0 (33275 voxels, overlap=0.995)
Right_Cerebral_Cortex (42): linear fit = 1.02 x + 0.0 (33275 voxels, peak = 59), gca=59.4
gca peak = 0.13305 (70)
mri peak = 0.13030 (69)
Right_Caudate (50): linear fit = 0.98 x + 0.0 (855 voxels, overlap=0.738)
Right_Caudate (50): linear fit = 0.98 x + 0.0 (855 voxels, peak = 68), gca=68.2
gca peak = 0.15761 (71)
mri peak = 0.13778 (71)
Left_Caudate (11): linear fit = 0.94 x + 0.0 (1165 voxels, overlap=0.456)
Left_Caudate (11): linear fit = 0.94 x + 0.0 (1165 voxels, peak = 67), gca=67.1
gca peak = 0.13537 (57)
mri peak = 0.06051 (57)
Left_Cerebellum_Cortex (8): linear fit = 1.04 x + 0.0 (31258 voxels, overlap=0.941)
Left_Cerebellum_Cortex (8): linear fit = 1.04 x + 0.0 (31258 voxels, peak = 60), gca=59.6
gca peak = 0.13487 (56)
mri peak = 0.05689 (54)
Right_Cerebellum_Cortex (47): linear fit = 1.04 x + 0.0 (38047 voxels, overlap=0.945)
Right_Cerebellum_Cortex (47): linear fit = 1.04 x + 0.0 (38047 voxels, peak = 59), gca=58.5
gca peak = 0.19040 (84)
mri peak = 0.08086 (88)
Left_Cerebellum_White_Matter (7): linear fit = 1.08 x + 0.0 (10733 voxels, overlap=0.257)
Left_Cerebellum_White_Matter (7): linear fit = 1.08 x + 0.0 (10733 voxels, peak = 90), gca=90.3
gca peak = 0.18871 (83)
mri peak = 0.10021 (87)
Right_Cerebellum_White_Matter (46): linear fit = 1.07 x + 0.0 (9223 voxels, overlap=0.633)
Right_Cerebellum_White_Matter (46): linear fit = 1.07 x + 0.0 (9223 voxels, peak = 88), gca=88.4
gca peak = 0.24248 (57)
mri peak = 0.17268 (64)
Left_Amygdala (18): linear fit = 1.12 x + 0.0 (524 voxels, overlap=0.265)
Left_Amygdala (18): linear fit = 1.12 x + 0.0 (524 voxels, peak = 64), gca=64.1
gca peak = 0.35833 (56)
mri peak = 0.15385 (62)
Right_Amygdala (54): linear fit = 1.10 x + 0.0 (570 voxels, overlap=0.797)
Right_Amygdala (54): linear fit = 1.10 x + 0.0 (570 voxels, peak = 61), gca=61.3
gca peak = 0.12897 (85)
mri peak = 0.06980 (86)
Left_Thalamus (10): linear fit = 1.01 x + 0.0 (5852 voxels, overlap=0.803)
Left_Thalamus (10): linear fit = 1.01 x + 0.0 (5852 voxels, peak = 86), gca=86.3
gca peak = 0.13127 (83)
mri peak = 0.08129 (87)
Right_Thalamus (49): linear fit = 1.02 x + 0.0 (4938 voxels, overlap=0.698)
Right_Thalamus (49): linear fit = 1.02 x + 0.0 (4938 voxels, peak = 85), gca=85.1
gca peak = 0.12974 (78)
mri peak = 0.09799 (80)
Left_Putamen (12): linear fit = 1.04 x + 0.0 (2586 voxels, overlap=0.809)
Left_Putamen (12): linear fit = 1.04 x + 0.0 (2586 voxels, peak = 82), gca=81.5
gca peak = 0.17796 (79)
mri peak = 0.08931 (76)
Right_Putamen (51): linear fit = 1.04 x + 0.0 (2662 voxels, overlap=0.860)
Right_Putamen (51): linear fit = 1.04 x + 0.0 (2662 voxels, peak = 83), gca=82.6
gca peak = 0.10999 (80)
mri peak = 0.08645 (93)
Brain_Stem (16): linear fit = 1.20 x + 0.0 (13642 voxels, overlap=0.114)
Brain_Stem (16): linear fit = 1.20 x + 0.0 (13642 voxels, peak = 96), gca=95.6
gca peak = 0.13215 (88)
mri peak = 0.08357 (101)
Right_VentralDC (60): linear fit = 1.16 x + 0.0 (1393 voxels, overlap=0.065)
Right_VentralDC (60): linear fit = 1.16 x + 0.0 (1393 voxels, peak = 103), gca=102.5
gca peak = 0.11941 (89)
mri peak = 0.09196 (101)
Left_VentralDC (28): linear fit = 1.13 x + 0.0 (1500 voxels, overlap=0.077)
Left_VentralDC (28): linear fit = 1.13 x + 0.0 (1500 voxels, peak = 101), gca=101.0
gca peak = 0.20775 (25)
mri peak = 0.04312 (16)
gca peak = 0.13297 (21)
mri peak = 0.23121 (18)
Fourth_Ventricle (15): linear fit = 0.98 x + 0.0 (335 voxels, overlap=0.587)
Fourth_Ventricle (15): linear fit = 0.98 x + 0.0 (335 voxels, peak = 20), gca=20.5
gca peak Unknown = 0.94777 ( 0)
gca peak Left_Inf_Lat_Vent = 0.19087 (28)
gca peak Third_Ventricle = 0.20775 (25)
gca peak CSF = 0.16821 (33)
gca peak Left_Accumbens_area = 0.32850 (63)
gca peak Left_undetermined = 0.98480 (28)
gca peak Left_vessel = 0.40887 (53)
gca peak Left_choroid_plexus = 0.10898 (46)
gca peak Right_Inf_Lat_Vent = 0.17798 (26)
gca peak Right_Accumbens_area = 0.30137 (64)
gca peak Right_vessel = 0.47828 (52)
gca peak Right_choroid_plexus = 0.11612 (45)
gca peak Fifth_Ventricle = 0.59466 (35)
gca peak WM_hypointensities = 0.10053 (78)
gca peak non_WM_hypointensities = 0.07253 (60)
gca peak Optic_Chiasm = 0.25330 (73)
not using caudate to estimate GM means
estimating mean gm scale to be 1.07 x + 0.0
estimating mean wm scale to be 1.03 x + 0.0
estimating mean csf scale to be 0.70 x + 0.0
saving intensity scales to talairach.label_intensities.txt
GCAmapRenormalizeWithAlignment() took 3.61327 min
noneg pre
Starting GCAMregister()
label assignment complete, 0 changed (0.00%)
npasses = 1, nlevels = 6
#pass# 1 of 1 ************************
enabling zero nodes
setting smoothness cost coefficient to 0.008

#GCAMreg# pass 0 level1 5 level2 0 tsec 0 sigma 2
l_jacobian=1.00 l_label=1.00 l_log_likelihood=0.20 l_smoothness=0.01 
tol=5.00e-02, dt=5.00e-02, exp_k=20.0, momentum=0.90, levels=6, niter=500, lbl_dist=10.00, avgs=256, sigma=2.0,type=2, relabel=0, neg=no

blurring input image with Gaussian with sigma=2.000...
GCAMRegisterLevel(): init RMS 0.746579
#FOTS# QuadFit found better minimum quadopt=(dt=266.594,rms=0.713115) vs oldopt=(dt=369.92,rms=0.716605)
#GCMRL#   92 dt 266.593739 rms  0.713  4.482% neg 0  invalid 762 tFOTS 3.6160 tGradient 2.6490 tsec 6.5350
#FOTS# QuadFit found better minimum quadopt=(dt=268.12,rms=0.704781) vs oldopt=(dt=369.92,rms=0.705959)
#GCMRL#   93 dt 268.119807 rms  0.705  1.169% neg 0  invalid 762 tFOTS 3.5920 tGradient 2.7610 tsec 6.6230
#FOTS# QuadFit found better minimum quadopt=(dt=151.011,rms=0.700297) vs oldopt=(dt=92.48,rms=0.701218)
#GCMRL#   94 dt 151.011236 rms  0.700  0.636% neg 0  invalid 762 tFOTS 3.6210 tGradient 2.7710 tsec 6.6610
#GCMRL#   95 dt 369.920000 rms  0.696  0.546% neg 0  invalid 762 tFOTS 3.6470 tGradient 2.9330 tsec 6.8510
#FOTS# QuadFit found better minimum quadopt=(dt=129.472,rms=0.693015) vs oldopt=(dt=92.48,rms=0.693338)
#GCMRL#   96 dt 129.472000 rms  0.693  0.496% neg 0  invalid 762 tFOTS 3.8660 tGradient 2.9360 tsec 7.0710
#GCMRL#   97 dt 369.920000 rms  0.690  0.373% neg 0  invalid 762 tFOTS 3.5410 tGradient 2.7610 tsec 6.5730
#FOTS# QuadFit found better minimum quadopt=(dt=129.472,rms=0.688081) vs oldopt=(dt=92.48,rms=0.688334)
#GCMRL#   98 dt 129.472000 rms  0.688  0.340% neg 0  invalid 762 tFOTS 3.8110 tGradient 2.8100 tsec 6.8890
#GCMRL#   99 dt 369.920000 rms  0.686  0.265% neg 0  invalid 762 tFOTS 3.6040 tGradient 2.7460 tsec 6.6250
#FOTS# QuadFit found better minimum quadopt=(dt=129.472,rms=0.684437) vs oldopt=(dt=92.48,rms=0.684652)
#GCMRL#  100 dt 129.472000 rms  0.684  0.265% neg 0  invalid 762 tFOTS 3.6270 tGradient 3.0890 tsec 6.9870
#FOTS# QuadFit found better minimum quadopt=(dt=443.904,rms=0.682808) vs oldopt=(dt=369.92,rms=0.682875)
#GCMRL#  101 dt 443.904000 rms  0.683  0.238% neg 0  invalid 762 tFOTS 3.5580 tGradient 2.7520 tsec 6.5820
#FOTS# QuadFit found better minimum quadopt=(dt=129.472,rms=0.681068) vs oldopt=(dt=92.48,rms=0.681215)
#GCMRL#  102 dt 129.472000 rms  0.681  0.255% neg 0  invalid 762 tFOTS 3.8390 tGradient 2.9170 tsec 7.0270
#FOTS# QuadFit found better minimum quadopt=(dt=295.936,rms=0.679973) vs oldopt=(dt=369.92,rms=0.679983)
#GCMRL#  103 dt 295.936000 rms  0.680  0.161% neg 0  invalid 762 tFOTS 3.8850 tGradient 2.8130 tsec 6.9680
#FOTS# QuadFit found better minimum quadopt=(dt=129.472,rms=0.678897) vs oldopt=(dt=92.48,rms=0.679044)
#GCMRL#  104 dt 129.472000 rms  0.679  0.158% neg 0  invalid 762 tFOTS 3.5670 tGradient 2.8310 tsec 6.6740
#FOTS# QuadFit found better minimum quadopt=(dt=517.888,rms=0.677564) vs oldopt=(dt=369.92,rms=0.677672)
#GCMRL#  105 dt 517.888000 rms  0.678  0.196% neg 0  invalid 762 tFOTS 4.0270 tGradient 2.8600 tsec 7.2150
#FOTS# QuadFit found better minimum quadopt=(dt=110.976,rms=0.676215) vs oldopt=(dt=92.48,rms=0.676268)
#GCMRL#  106 dt 110.976000 rms  0.676  0.199% neg 0  invalid 762 tFOTS 3.5560 tGradient 2.9440 tsec 6.7690
#FOTS# QuadFit found better minimum quadopt=(dt=887.808,rms=0.674191) vs oldopt=(dt=1479.68,rms=0.674913)
#GCMRL#  107 dt 887.808000 rms  0.674  0.299% neg 0  invalid 762 tFOTS 3.5590 tGradient 2.8750 tsec 6.7030
#FOTS# QuadFit found better minimum quadopt=(dt=110.976,rms=0.672665) vs oldopt=(dt=92.48,rms=0.672675)
#GCMRL#  108 dt 110.976000 rms  0.673  0.226% neg 0  invalid 762 tFOTS 3.8340 tGradient 2.8540 tsec 6.9610
#FOTS# QuadFit found better minimum quadopt=(dt=517.888,rms=0.671811) vs oldopt=(dt=369.92,rms=0.671892)
#GCMRL#  109 dt 517.888000 rms  0.672  0.127% neg 0  invalid 762 tFOTS 3.6200 tGradient 2.9450 tsec 6.8440
#FOTS# QuadFit found better minimum quadopt=(dt=110.976,rms=0.671007) vs oldopt=(dt=92.48,rms=0.671032)
#GCMRL#  110 dt 110.976000 rms  0.671  0.120% neg 0  invalid 762 tFOTS 3.6770 tGradient 3.0650 tsec 7.0130
#FOTS# QuadFit found better minimum quadopt=(dt=887.808,rms=0.669746) vs oldopt=(dt=1479.68,rms=0.670169)
#GCMRL#  111 dt 887.808000 rms  0.670  0.188% neg 0  invalid 762 tFOTS 4.0790 tGradient 2.8810 tsec 7.2860
#GCMRL#  112 dt  92.480000 rms  0.669  0.144% neg 0  invalid 762 tFOTS 3.7050 tGradient 2.8910 tsec 6.8640
#FOTS# QuadFit found better minimum quadopt=(dt=2071.55,rms=0.666789) vs oldopt=(dt=1479.68,rms=0.667032)
#GCMRL#  113 dt 2071.552000 rms  0.667  0.298% neg 0  invalid 762 tFOTS 4.2330 tGradient 3.1080 tsec 7.6870
#FOTS# QuadFit found better minimum quadopt=(dt=110.976,rms=0.665476) vs oldopt=(dt=92.48,rms=0.665518)
#GCMRL#  114 dt 110.976000 rms  0.665  0.197% neg 0  invalid 762 tFOTS 3.8830 tGradient 2.8200 tsec 6.9790
#FOTS# QuadFit found better minimum quadopt=(dt=295.936,rms=0.665117) vs oldopt=(dt=369.92,rms=0.665135)
#GCMRL#  115 dt 295.936000 rms  0.665  0.054% neg 0  invalid 762 tFOTS 3.7240 tGradient 2.8830 tsec 6.8830
#FOTS# QuadFit found better minimum quadopt=(dt=129.472,rms=0.664822) vs oldopt=(dt=92.48,rms=0.664875)
#GCMRL#  116 dt 129.472000 rms  0.665  0.000% neg 0  invalid 762 tFOTS 3.7440 tGradient 2.7620 tsec 6.7980
#GCMRL#  117 dt 129.472000 rms  0.665  0.022% neg 0  invalid 762 tFOTS 0.0000 tGradient 2.8350 tsec 3.1080
#GCMRL#  118 dt 129.472000 rms  0.664  0.037% neg 0  invalid 762 tFOTS 0.0000 tGradient 2.7530 tsec 3.0220
#GCMRL#  119 dt 129.472000 rms  0.664  0.060% neg 0  invalid 762 tFOTS 0.0000 tGradient 2.7600 tsec 3.0290
#GCMRL#  120 dt 129.472000 rms  0.664  0.071% neg 0  invalid 762 tFOTS 0.0000 tGradient 2.9080 tsec 3.1760
#GCMRL#  121 dt 129.472000 rms  0.663  0.080% neg 0  invalid 762 tFOTS 0.0000 tGradient 2.8390 tsec 3.1090
#GCMRL#  122 dt 129.472000 rms  0.663  0.079% neg 0  invalid 762 tFOTS 0.0000 tGradient 2.7810 tsec 3.0510
#GCMRL#  123 dt 129.472000 rms  0.662  0.082% neg 0  invalid 762 tFOTS 0.0000 tGradient 2.8090 tsec 3.0820
#GCMRL#  124 dt 129.472000 rms  0.661  0.091% neg 0  invalid 762 tFOTS 0.0000 tGradient 2.9270 tsec 3.2720
#GCMRL#  125 dt 129.472000 rms  0.661  0.091% neg 0  invalid 762 tFOTS 0.0000 tGradient 2.8850 tsec 3.1580
#GCMRL#  126 dt 129.472000 rms  0.660  0.086% neg 0  invalid 762 tFOTS 0.0000 tGradient 2.9610 tsec 3.2320
#GCMRL#  127 dt 129.472000 rms  0.660  0.079% neg 0  invalid 762 tFOTS 0.0000 tGradient 3.0310 tsec 3.3020
#GCMRL#  128 dt 129.472000 rms  0.659  0.083% neg 0  invalid 762 tFOTS 0.0000 tGradient 3.0470 tsec 3.3190
#GCMRL#  129 dt 129.472000 rms  0.659  0.084% neg 0  invalid 762 tFOTS 0.0000 tGradient 2.9280 tsec 3.1980
#GCMRL#  130 dt 129.472000 rms  0.658  0.082% neg 0  invalid 762 tFOTS 0.0000 tGradient 2.8280 tsec 3.0970
#GCMRL#  131 dt 129.472000 rms  0.658  0.078% neg 0  invalid 762 tFOTS 0.0000 tGradient 2.7330 tsec 3.0040
#GCMRL#  132 dt 129.472000 rms  0.657  0.073% neg 0  invalid 762 tFOTS 0.0000 tGradient 3.0100 tsec 3.2790
#GCMRL#  133 dt 129.472000 rms  0.657  0.071% neg 0  invalid 762 tFOTS 0.0000 tGradient 2.8720 tsec 3.1430
#GCMRL#  134 dt 129.472000 rms  0.656  0.071% neg 0  invalid 762 tFOTS 0.0000 tGradient 2.9150 tsec 3.2370
#GCMRL#  135 dt 129.472000 rms  0.656  0.070% neg 0  invalid 762 tFOTS 0.0000 tGradient 2.7720 tsec 3.0420
#GCMRL#  136 dt 129.472000 rms  0.655  0.071% neg 0  invalid 762 tFOTS 0.0000 tGradient 2.9290 tsec 3.2000
#GCMRL#  137 dt 129.472000 rms  0.655  0.069% neg 0  invalid 762 tFOTS 0.0000 tGradient 3.0450 tsec 3.3150
#GCMRL#  138 dt 129.472000 rms  0.654  0.070% neg 0  invalid 762 tFOTS 0.0000 tGradient 2.8950 tsec 3.1660
#GCMRL#  139 dt 129.472000 rms  0.654  0.069% neg 0  invalid 762 tFOTS 0.0000 tGradient 2.8490 tsec 3.1200
#GCMRL#  140 dt 129.472000 rms  0.653  0.069% neg 0  invalid 762 tFOTS 0.0000 tGradient 2.9180 tsec 3.1870
#GCMRL#  141 dt 129.472000 rms  0.653  0.069% neg 0  invalid 762 tFOTS 0.0000 tGradient 2.9410 tsec 3.2100
#GCMRL#  142 dt 129.472000 rms  0.652  0.067% neg 0  invalid 762 tFOTS 0.0000 tGradient 2.8270 tsec 3.0960
#GCMRL#  143 dt 129.472000 rms  0.652  0.067% neg 0  invalid 762 tFOTS 0.0000 tGradient 3.0810 tsec 3.3500
#GCMRL#  144 dt 129.472000 rms  0.652  0.062% neg 0  invalid 762 tFOTS 0.0000 tGradient 3.0030 tsec 3.2710
#GCMRL#  145 dt 129.472000 rms  0.651  0.059% neg 0  invalid 762 tFOTS 0.0000 tGradient 2.9930 tsec 3.2600
#GCMRL#  146 dt 129.472000 rms  0.651  0.061% neg 0  invalid 762 tFOTS 0.0000 tGradient 3.0470 tsec 3.3150
#GCMRL#  147 dt 129.472000 rms  0.650  0.058% neg 0  invalid 762 tFOTS 0.0000 tGradient 2.9960 tsec 3.3250
#GCMRL#  148 dt 129.472000 rms  0.650  0.054% neg 0  invalid 762 tFOTS 0.0000 tGradient 2.9630 tsec 3.2320
#GCMRL#  149 dt 129.472000 rms  0.650  0.052% neg 0  invalid 762 tFOTS 0.0000 tGradient 2.9420 tsec 3.2110
#GCMRL#  150 dt 129.472000 rms  0.649  0.052% neg 0  invalid 762 tFOTS 0.0000 tGradient 2.8860 tsec 3.1570
#GCMRL#  151 dt 129.472000 rms  0.649  0.048% neg 0  invalid 762 tFOTS 0.0000 tGradient 2.9000 tsec 3.1780
#GCMRL#  152 dt 129.472000 rms  0.649  0.047% neg 0  invalid 762 tFOTS 0.0000 tGradient 2.9460 tsec 3.2130
#GCMRL#  153 dt 129.472000 rms  0.649  0.045% neg 0  invalid 762 tFOTS 0.0000 tGradient 2.9900 tsec 3.2560
#GCMRL#  154 dt 129.472000 rms  0.648  0.045% neg 0  invalid 762 tFOTS 0.0000 tGradient 2.9890 tsec 3.2560
#GCMRL#  155 dt 129.472000 rms  0.648  0.047% neg 0  invalid 762 tFOTS 0.0000 tGradient 2.9540 tsec 3.2240
#GCMRL#  156 dt 129.472000 rms  0.648  0.046% neg 0  invalid 762 tFOTS 0.0000 tGradient 3.0430 tsec 3.3450
#GCMRL#  157 dt 129.472000 rms  0.647  0.043% neg 0  invalid 762 tFOTS 0.0000 tGradient 2.8960 tsec 3.2150
#GCMRL#  158 dt 129.472000 rms  0.647  0.041% neg 0  invalid 762 tFOTS 0.0000 tGradient 2.9200 tsec 3.1870
#GCMRL#  159 dt 129.472000 rms  0.647  0.040% neg 0  invalid 762 tFOTS 0.0000 tGradient 2.8110 tsec 3.0940
#GCMRL#  160 dt 129.472000 rms  0.647  0.040% neg 0  invalid 762 tFOTS 0.0000 tGradient 2.9970 tsec 3.2660
#GCMRL#  161 dt 129.472000 rms  0.646  0.038% neg 0  invalid 762 tFOTS 0.0000 tGradient 2.8830 tsec 3.2090
#GCMRL#  162 dt 129.472000 rms  0.646  0.037% neg 0  invalid 762 tFOTS 0.0000 tGradient 2.9500 tsec 3.2190
#GCMRL#  163 dt 129.472000 rms  0.646  0.035% neg 0  invalid 762 tFOTS 0.0000 tGradient 2.8940 tsec 3.1610
#GCMRL#  164 dt 129.472000 rms  0.646  0.037% neg 0  invalid 762 tFOTS 0.0000 tGradient 2.8600 tsec 3.1250
#GCMRL#  165 dt 129.472000 rms  0.645  0.035% neg 0  invalid 762 tFOTS 0.0000 tGradient 2.9240 tsec 3.1910
#GCMRL#  166 dt 129.472000 rms  0.645  0.034% neg 0  invalid 762 tFOTS 0.0000 tGradient 3.0250 tsec 3.3540
#GCMRL#  167 dt 129.472000 rms  0.645  0.031% neg 0  invalid 762 tFOTS 0.0000 tGradient 2.7830 tsec 3.0490
#GCMRL#  168 dt 129.472000 rms  0.645  0.029% neg 0  invalid 762 tFOTS 0.0000 tGradient 2.7430 tsec 3.0220
#GCMRL#  169 dt 129.472000 rms  0.645  0.030% neg 0  invalid 762 tFOTS 0.0000 tGradient 2.8550 tsec 3.1250
#GCMRL#  170 dt 129.472000 rms  0.644  0.029% neg 0  invalid 762 tFOTS 0.0000 tGradient 2.7700 tsec 3.0360
#GCMRL#  171 dt 129.472000 rms  0.644  0.030% neg 0  invalid 762 tFOTS 0.0000 tGradient 2.8920 tsec 3.1540
#GCMRL#  172 dt 129.472000 rms  0.644  0.029% neg 0  invalid 762 tFOTS 0.0000 tGradient 2.8540 tsec 3.1230
#GCMRL#  173 dt 129.472000 rms  0.644  0.028% neg 0  invalid 762 tFOTS 0.0000 tGradient 2.8880 tsec 3.1600
#GCMRL#  174 dt 129.472000 rms  0.644  0.029% neg 0  invalid 762 tFOTS 0.0000 tGradient 2.9480 tsec 3.2180
#GCMRL#  175 dt 129.472000 rms  0.644  0.028% neg 0  invalid 762 tFOTS 0.0000 tGradient 2.9000 tsec 3.1680
#GCMRL#  176 dt 129.472000 rms  0.643  0.026% neg 0  invalid 762 tFOTS 0.0000 tGradient 3.0180 tsec 3.2830
#GCMRL#  177 dt 129.472000 rms  0.643  0.025% neg 0  invalid 762 tFOTS 0.0000 tGradient 2.9820 tsec 3.2490
#GCMRL#  178 dt 129.472000 rms  0.643  0.026% neg 0  invalid 762 tFOTS 0.0000 tGradient 3.0220 tsec 3.2930
#GCMRL#  179 dt 129.472000 rms  0.643  0.028% neg 0  invalid 762 tFOTS 0.0000 tGradient 2.9760 tsec 3.2460
#GCMRL#  180 dt 129.472000 rms  0.643  0.027% neg 0  invalid 762 tFOTS 0.0000 tGradient 2.8820 tsec 3.1520
#GCMRL#  181 dt 129.472000 rms  0.642  0.027% neg 0  invalid 762 tFOTS 0.0000 tGradient 3.0520 tsec 3.3230
#GCMRL#  182 dt 129.472000 rms  0.642  0.027% neg 0  invalid 762 tFOTS 0.0000 tGradient 2.8980 tsec 3.1700
#GCMRL#  183 dt 129.472000 rms  0.642  0.026% neg 0  invalid 762 tFOTS 0.0000 tGradient 2.8750 tsec 3.1450
#GCMRL#  184 dt 129.472000 rms  0.642  0.029% neg 0  invalid 762 tFOTS 0.0000 tGradient 2.7530 tsec 3.0210
#GCMRL#  185 dt 129.472000 rms  0.642  0.026% neg 0  invalid 762 tFOTS 0.0000 tGradient 2.6520 tsec 2.9260
#GCMRL#  186 dt 129.472000 rms  0.642  0.028% neg 0  invalid 762 tFOTS 0.0000 tGradient 2.6010 tsec 2.8760
#GCMRL#  187 dt 129.472000 rms  0.641  0.027% neg 0  invalid 762 tFOTS 0.0000 tGradient 2.7330 tsec 3.0110
#GCMRL#  188 dt 129.472000 rms  0.641  0.026% neg 0  invalid 762 tFOTS 0.0000 tGradient 2.7810 tsec 3.0550
#GCMRL#  189 dt 129.472000 rms  0.641  0.026% neg 0  invalid 762 tFOTS 0.0000 tGradient 2.8910 tsec 3.1630
#GCMRL#  190 dt 129.472000 rms  0.641  0.025% neg 0  invalid 762 tFOTS 0.0000 tGradient 2.7430 tsec 3.0180
#GCMRL#  191 dt 129.472000 rms  0.641  0.026% neg 0  invalid 762 tFOTS 0.0000 tGradient 2.8900 tsec 3.1670
#GCMRL#  192 dt 129.472000 rms  0.641  0.026% neg 0  invalid 762 tFOTS 0.0000 tGradient 2.8330 tsec 3.1060
#GCMRL#  193 dt 129.472000 rms  0.640  0.024% neg 0  invalid 762 tFOTS 0.0000 tGradient 2.9470 tsec 3.2200
#GCMRL#  194 dt 129.472000 rms  0.640  0.023% neg 0  invalid 762 tFOTS 0.0000 tGradient 2.7450 tsec 3.0340
#FOTS# QuadFit found better minimum quadopt=(dt=8286.21,rms=0.639506) vs oldopt=(dt=5918.72,rms=0.639639)
#GCMRL#  195 dt 8286.208000 rms  0.640  0.125% neg 0  invalid 762 tFOTS 3.9620 tGradient 2.9010 tsec 7.1350
#FOTS# QuadFit found better minimum quadopt=(dt=73.984,rms=0.639336) vs oldopt=(dt=92.48,rms=0.639348)
#GCMRL#  196 dt  73.984000 rms  0.639  0.000% neg 0  invalid 762 tFOTS 3.7080 tGradient 2.9400 tsec 6.9460

#GCAMreg# pass 0 level1 5 level2 1 tsec 446.209 sigma 0.5
l_jacobian=1.00 l_label=1.00 l_log_likelihood=0.20 l_smoothness=0.01 
tol=5.00e-02, dt=5.00e-02, exp_k=20.0, momentum=0.90, levels=6, niter=500, lbl_dist=10.00, avgs=256, sigma=0.5,type=2, relabel=0, neg=no

blurring input image with Gaussian with sigma=0.500...
GCAMRegisterLevel(): init RMS 0.639909
#FOTS# QuadFit found better minimum quadopt=(dt=221.952,rms=0.639024) vs oldopt=(dt=369.92,rms=0.639078)
#GCMRL#  198 dt 221.952000 rms  0.639  0.138% neg 0  invalid 762 tFOTS 3.6970 tGradient 2.8940 tsec 6.8630
#FOTS# QuadFit found better minimum quadopt=(dt=517.888,rms=0.638555) vs oldopt=(dt=369.92,rms=0.638585)
#GCMRL#  199 dt 517.888000 rms  0.639  0.073% neg 0  invalid 762 tFOTS 3.9240 tGradient 2.8660 tsec 7.0630
#FOTS# QuadFit found better minimum quadopt=(dt=55.488,rms=0.638457) vs oldopt=(dt=92.48,rms=0.638475)
#GCMRL#  200 dt  55.488000 rms  0.638  0.000% neg 0  invalid 762 tFOTS 3.6140 tGradient 2.8480 tsec 6.7530
#GCMRL#  201 dt  55.488000 rms  0.638  0.000% neg 0  invalid 762 tFOTS 0.0000 tGradient 2.7820 tsec 3.1230
setting smoothness cost coefficient to 0.031

#GCAMreg# pass 0 level1 4 level2 0 tsec 0 sigma 2
l_jacobian=1.00 l_label=1.00 l_log_likelihood=0.20 l_smoothness=0.03 
tol=5.00e-02, dt=5.00e-02, exp_k=20.0, momentum=0.90, levels=6, niter=500, lbl_dist=10.00, avgs=64, sigma=2.0,type=2, relabel=0, neg=no

blurring input image with Gaussian with sigma=2.000...
GCAMRegisterLevel(): init RMS 0.641042
#GCMRL#  203 dt 414.720000 rms  0.628  1.991% neg 0  invalid 762 tFOTS 3.4710 tGradient 2.1380 tsec 5.8860
#FOTS# QuadFit found better minimum quadopt=(dt=83.2808,rms=0.619745) vs oldopt=(dt=103.68,rms=0.620244)
#GCMRL#  204 dt  83.280757 rms  0.620  1.359% neg 0  invalid 762 tFOTS 3.7080 tGradient 2.2110 tsec 6.1960
#FOTS# QuadFit found better minimum quadopt=(dt=94.6667,rms=0.616154) vs oldopt=(dt=103.68,rms=0.616195)
#GCMRL#  205 dt  94.666667 rms  0.616  0.579% neg 0  invalid 762 tFOTS 3.7270 tGradient 2.2370 tsec 6.2410
#FOTS# QuadFit found better minimum quadopt=(dt=86.6529,rms=0.613771) vs oldopt=(dt=103.68,rms=0.613855)
#GCMRL#  206 dt  86.652921 rms  0.614  0.387% neg 0  invalid 762 tFOTS 3.8580 tGradient 2.1770 tsec 6.3730
#FOTS# QuadFit found better minimum quadopt=(dt=115.81,rms=0.611218) vs oldopt=(dt=103.68,rms=0.611226)
#GCMRL#  207 dt 115.809524 rms  0.611  0.416% neg 0  invalid 762 tFOTS 3.6080 tGradient 2.2630 tsec 6.1390
#FOTS# QuadFit found better minimum quadopt=(dt=68.7702,rms=0.609289) vs oldopt=(dt=103.68,rms=0.609663)
#GCMRL#  208 dt  68.770186 rms  0.609  0.316% neg 0  invalid 762 tFOTS 3.6070 tGradient 2.2990 tsec 6.1770
#FOTS# QuadFit found better minimum quadopt=(dt=145.152,rms=0.60669) vs oldopt=(dt=103.68,rms=0.607055)
#GCMRL#  209 dt 145.152000 rms  0.607  0.427% neg 0  invalid 762 tFOTS 3.7290 tGradient 2.2490 tsec 6.2570
#FOTS# QuadFit found better minimum quadopt=(dt=64,rms=0.605216) vs oldopt=(dt=103.68,rms=0.605599)
#GCMRL#  210 dt  64.000000 rms  0.605  0.243% neg 0  invalid 762 tFOTS 3.7380 tGradient 2.3000 tsec 6.3080
#FOTS# QuadFit found better minimum quadopt=(dt=145.152,rms=0.602864) vs oldopt=(dt=103.68,rms=0.603298)
#GCMRL#  211 dt 145.152000 rms  0.603  0.389% neg 0  invalid 762 tFOTS 3.7380 tGradient 2.2600 tsec 6.2820
#FOTS# QuadFit found better minimum quadopt=(dt=67.2914,rms=0.60179) vs oldopt=(dt=103.68,rms=0.602012)
#GCMRL#  212 dt  67.291429 rms  0.602  0.178% neg 0  invalid 762 tFOTS 3.7270 tGradient 2.2590 tsec 6.2620
#FOTS# QuadFit found better minimum quadopt=(dt=145.152,rms=0.599702) vs oldopt=(dt=103.68,rms=0.600042)
#GCMRL#  213 dt 145.152000 rms  0.600  0.347% neg 0  invalid 762 tFOTS 3.7380 tGradient 2.3960 tsec 6.4110
#FOTS# QuadFit found better minimum quadopt=(dt=36.288,rms=0.598957) vs oldopt=(dt=25.92,rms=0.599117)
#GCMRL#  214 dt  36.288000 rms  0.599  0.124% neg 0  invalid 762 tFOTS 3.4630 tGradient 2.4010 tsec 6.1440
#FOTS# QuadFit found better minimum quadopt=(dt=580.608,rms=0.595686) vs oldopt=(dt=414.72,rms=0.595832)
#GCMRL#  215 dt 580.608000 rms  0.596  0.546% neg 0  invalid 762 tFOTS 3.6820 tGradient 2.3250 tsec 6.2850
#FOTS# QuadFit found better minimum quadopt=(dt=81.92,rms=0.592287) vs oldopt=(dt=25.92,rms=0.593076)
#GCMRL#  216 dt  81.920000 rms  0.592  0.571% neg 0  invalid 762 tFOTS 3.6940 tGradient 2.4260 tsec 6.3990
#FOTS# QuadFit found better minimum quadopt=(dt=36.288,rms=0.59095) vs oldopt=(dt=25.92,rms=0.591173)
#GCMRL#  217 dt  36.288000 rms  0.591  0.226% neg 0  invalid 762 tFOTS 3.6840 tGradient 2.2710 tsec 6.2340
#FOTS# QuadFit found better minimum quadopt=(dt=145.152,rms=0.590046) vs oldopt=(dt=103.68,rms=0.590145)
#GCMRL#  218 dt 145.152000 rms  0.590  0.153% neg 0  invalid 762 tFOTS 3.6860 tGradient 2.2620 tsec 6.2260
#FOTS# QuadFit found better minimum quadopt=(dt=82.944,rms=0.589001) vs oldopt=(dt=103.68,rms=0.589064)
#GCMRL#  219 dt  82.944000 rms  0.589  0.177% neg 0  invalid 762 tFOTS 3.8960 tGradient 2.2330 tsec 6.4070
#FOTS# QuadFit found better minimum quadopt=(dt=62.208,rms=0.588569) vs oldopt=(dt=103.68,rms=0.588702)
#GCMRL#  220 dt  62.208000 rms  0.589  0.073% neg 0  invalid 762 tFOTS 3.6750 tGradient 2.3370 tsec 6.2890
#FOTS# QuadFit found better minimum quadopt=(dt=331.776,rms=0.587034) vs oldopt=(dt=414.72,rms=0.587215)
#GCMRL#  221 dt 331.776000 rms  0.587  0.261% neg 0  invalid 762 tFOTS 3.7690 tGradient 2.2660 tsec 6.3080
#FOTS# QuadFit found better minimum quadopt=(dt=36.288,rms=0.585866) vs oldopt=(dt=25.92,rms=0.586069)
#GCMRL#  222 dt  36.288000 rms  0.586  0.199% neg 0  invalid 762 tFOTS 3.7920 tGradient 2.4400 tsec 6.5120
#FOTS# QuadFit found better minimum quadopt=(dt=82.944,rms=0.585404) vs oldopt=(dt=103.68,rms=0.585412)
#GCMRL#  223 dt  82.944000 rms  0.585  0.079% neg 0  invalid 762 tFOTS 3.7470 tGradient 2.2650 tsec 6.3440
#FOTS# QuadFit found better minimum quadopt=(dt=145.152,rms=0.584432) vs oldopt=(dt=103.68,rms=0.584527)
#GCMRL#  224 dt 145.152000 rms  0.584  0.166% neg 0  invalid 762 tFOTS 3.7810 tGradient 2.4160 tsec 6.4730
#FOTS# QuadFit found better minimum quadopt=(dt=36.288,rms=0.584045) vs oldopt=(dt=25.92,rms=0.584118)
#GCMRL#  225 dt  36.288000 rms  0.584  0.066% neg 0  invalid 762 tFOTS 3.5110 tGradient 2.2260 tsec 6.0180
#FOTS# QuadFit found better minimum quadopt=(dt=331.776,rms=0.583034) vs oldopt=(dt=414.72,rms=0.583037)
#GCMRL#  226 dt 331.776000 rms  0.583  0.173% neg 0  invalid 762 tFOTS 3.7260 tGradient 2.3410 tsec 6.3560
#FOTS# QuadFit found better minimum quadopt=(dt=36.288,rms=0.581933) vs oldopt=(dt=25.92,rms=0.58216)
#GCMRL#  227 dt  36.288000 rms  0.582  0.189% neg 0  invalid 762 tFOTS 3.6280 tGradient 2.2050 tsec 6.1110
#FOTS# QuadFit found better minimum quadopt=(dt=248.832,rms=0.580837) vs oldopt=(dt=414.72,rms=0.581071)
#GCMRL#  228 dt 248.832000 rms  0.581  0.188% neg 0  invalid 762 tFOTS 3.4780 tGradient 2.2980 tsec 6.0530
#FOTS# QuadFit found better minimum quadopt=(dt=36.288,rms=0.580349) vs oldopt=(dt=25.92,rms=0.580431)
#GCMRL#  229 dt  36.288000 rms  0.580  0.084% neg 0  invalid 762 tFOTS 3.4900 tGradient 2.3610 tsec 6.1270
#FOTS# QuadFit found better minimum quadopt=(dt=124.416,rms=0.579956) vs oldopt=(dt=103.68,rms=0.57997)
#GCMRL#  230 dt 124.416000 rms  0.580  0.068% neg 0  invalid 762 tFOTS 3.6930 tGradient 2.2840 tsec 6.2510
#FOTS# QuadFit found better minimum quadopt=(dt=82.944,rms=0.579253) vs oldopt=(dt=103.68,rms=0.579254)
#GCMRL#  231 dt  82.944000 rms  0.579  0.121% neg 0  invalid 762 tFOTS 3.6960 tGradient 2.2800 tsec 6.2520
#FOTS# QuadFit found better minimum quadopt=(dt=36.288,rms=0.579101) vs oldopt=(dt=25.92,rms=0.579135)
#GCMRL#  232 dt  36.288000 rms  0.579  0.000% neg 0  invalid 762 tFOTS 3.8630 tGradient 2.4850 tsec 6.6390
#GCMRL#  233 dt  36.288000 rms  0.579  0.033% neg 0  invalid 762 tFOTS 0.0000 tGradient 2.3300 tsec 2.6700
#GCMRL#  234 dt  36.288000 rms  0.579  0.053% neg 0  invalid 762 tFOTS 0.0000 tGradient 2.2130 tsec 2.4890
#GCMRL#  235 dt  36.288000 rms  0.578  0.079% neg 0  invalid 762 tFOTS 0.0000 tGradient 2.2740 tsec 2.5500
#GCMRL#  236 dt  36.288000 rms  0.578  0.101% neg 0  invalid 762 tFOTS 0.0000 tGradient 2.2940 tsec 2.5610
#GCMRL#  237 dt  36.288000 rms  0.577  0.119% neg 0  invalid 762 tFOTS 0.0000 tGradient 2.3240 tsec 2.5870
#GCMRL#  238 dt  36.288000 rms  0.576  0.127% neg 0  invalid 762 tFOTS 0.0000 tGradient 2.3230 tsec 2.5900
#GCMRL#  239 dt  36.288000 rms  0.575  0.138% neg 0  invalid 762 tFOTS 0.0000 tGradient 2.2250 tsec 2.5140
#GCMRL#  240 dt  36.288000 rms  0.575  0.147% neg 0  invalid 762 tFOTS 0.0000 tGradient 2.6330 tsec 2.9700
#GCMRL#  241 dt  36.288000 rms  0.574  0.152% neg 0  invalid 762 tFOTS 0.0000 tGradient 2.4280 tsec 2.6970
#GCMRL#  242 dt  36.288000 rms  0.573  0.155% neg 0  invalid 762 tFOTS 0.0000 tGradient 2.2910 tsec 2.5630
#GCMRL#  243 dt  36.288000 rms  0.572  0.158% neg 0  invalid 762 tFOTS 0.0000 tGradient 2.2000 tsec 2.4730
#GCMRL#  244 dt  36.288000 rms  0.571  0.156% neg 0  invalid 762 tFOTS 0.0000 tGradient 2.2510 tsec 2.5230
#GCMRL#  245 dt  36.288000 rms  0.570  0.161% neg 0  invalid 762 tFOTS 0.0000 tGradient 2.2640 tsec 2.5380
#GCMRL#  246 dt  36.288000 rms  0.569  0.155% neg 0  invalid 762 tFOTS 0.0000 tGradient 2.5040 tsec 2.7800
#GCMRL#  247 dt  36.288000 rms  0.568  0.155% neg 0  invalid 762 tFOTS 0.0000 tGradient 2.1880 tsec 2.4610
#GCMRL#  248 dt  36.288000 rms  0.567  0.152% neg 0  invalid 762 tFOTS 0.0000 tGradient 2.2650 tsec 2.5330
#GCMRL#  249 dt  36.288000 rms  0.567  0.146% neg 0  invalid 762 tFOTS 0.0000 tGradient 2.3280 tsec 2.6000
#GCMRL#  250 dt  36.288000 rms  0.566  0.135% neg 0  invalid 762 tFOTS 0.0000 tGradient 2.2080 tsec 2.5510
#GCMRL#  251 dt  36.288000 rms  0.565  0.133% neg 0  invalid 762 tFOTS 0.0000 tGradient 2.1790 tsec 2.4510
#GCMRL#  252 dt  36.288000 rms  0.564  0.128% neg 0  invalid 762 tFOTS 0.0000 tGradient 2.2020 tsec 2.4720
#GCMRL#  253 dt  36.288000 rms  0.564  0.133% neg 0  invalid 762 tFOTS 0.0000 tGradient 2.2320 tsec 2.5040
#GCMRL#  254 dt  36.288000 rms  0.563  0.126% neg 0  invalid 762 tFOTS 0.0000 tGradient 2.2930 tsec 2.5620
#GCMRL#  255 dt  36.288000 rms  0.562  0.123% neg 0  invalid 762 tFOTS 0.0000 tGradient 2.3960 tsec 2.6670
#GCMRL#  256 dt  36.288000 rms  0.562  0.111% neg 0  invalid 762 tFOTS 0.0000 tGradient 2.1820 tsec 2.4550
#GCMRL#  257 dt  36.288000 rms  0.561  0.107% neg 0  invalid 762 tFOTS 0.0000 tGradient 2.2800 tsec 2.5480
#GCMRL#  258 dt  36.288000 rms  0.560  0.102% neg 0  invalid 762 tFOTS 0.0000 tGradient 2.2690 tsec 2.5420
#GCMRL#  259 dt  36.288000 rms  0.560  0.105% neg 0  invalid 762 tFOTS 0.0000 tGradient 2.2650 tsec 2.5360
#GCMRL#  260 dt  36.288000 rms  0.559  0.104% neg 0  invalid 762 tFOTS 0.0000 tGradient 2.2720 tsec 2.5400
#GCMRL#  261 dt  36.288000 rms  0.559  0.101% neg 0  invalid 762 tFOTS 0.0000 tGradient 2.2830 tsec 2.5550
#GCMRL#  262 dt  36.288000 rms  0.558  0.095% neg 0  invalid 762 tFOTS 0.0000 tGradient 2.2120 tsec 2.4860
#GCMRL#  263 dt  36.288000 rms  0.558  0.089% neg 0  invalid 762 tFOTS 0.0000 tGradient 2.2760 tsec 2.5480
#GCMRL#  264 dt  36.288000 rms  0.557  0.088% neg 0  invalid 762 tFOTS 0.0000 tGradient 2.1600 tsec 2.4300
#GCMRL#  265 dt  36.288000 rms  0.557  0.081% neg 0  invalid 762 tFOTS 0.0000 tGradient 2.2270 tsec 2.5020
#GCMRL#  266 dt  36.288000 rms  0.557  0.009% neg 0  invalid 762 tFOTS 0.0000 tGradient 2.2410 tsec 2.6590
#GCMRL#  267 dt  36.288000 rms  0.557  0.017% neg 0  invalid 762 tFOTS 0.0000 tGradient 2.2590 tsec 2.5310
#GCMRL#  268 dt  36.288000 rms  0.556  0.020% neg 0  invalid 762 tFOTS 0.0000 tGradient 2.1930 tsec 2.4650
#GCMRL#  269 dt  36.288000 rms  0.556  0.023% neg 0  invalid 762 tFOTS 0.0000 tGradient 2.3020 tsec 2.5880
#GCMRL#  270 dt  36.288000 rms  0.556  0.028% neg 0  invalid 762 tFOTS 0.0000 tGradient 2.2070 tsec 2.4810
#GCMRL#  271 dt  36.288000 rms  0.556  0.030% neg 0  invalid 762 tFOTS 0.0000 tGradient 2.1580 tsec 2.4310
#GCMRL#  272 dt  36.288000 rms  0.556  0.037% neg 0  invalid 762 tFOTS 0.0000 tGradient 2.1950 tsec 2.4680
#GCMRL#  273 dt  36.288000 rms  0.556  0.039% neg 0  invalid 762 tFOTS 0.0000 tGradient 2.2570 tsec 2.5320
#GCMRL#  274 dt  36.288000 rms  0.555  0.043% neg 0  invalid 762 tFOTS 0.0000 tGradient 2.3000 tsec 2.5740
#GCMRL#  275 dt  36.288000 rms  0.555  0.045% neg 0  invalid 762 tFOTS 0.0000 tGradient 2.2520 tsec 2.5270
#GCMRL#  276 dt  36.288000 rms  0.555  0.043% neg 0  invalid 762 tFOTS 0.0000 tGradient 2.2040 tsec 2.4760
#GCMRL#  277 dt  36.288000 rms  0.555  0.044% neg 0  invalid 762 tFOTS 0.0000 tGradient 2.2450 tsec 2.5330
#GCMRL#  278 dt  36.288000 rms  0.554  0.045% neg 0  invalid 762 tFOTS 0.0000 tGradient 2.3510 tsec 2.6270
#GCMRL#  279 dt  36.288000 rms  0.554  0.048% neg 0  invalid 762 tFOTS 0.0000 tGradient 2.2990 tsec 2.5720
#GCMRL#  280 dt  36.288000 rms  0.554  0.049% neg 0  invalid 762 tFOTS 0.0000 tGradient 2.2720 tsec 2.5470
#GCMRL#  281 dt  36.288000 rms  0.554  0.050% neg 0  invalid 762 tFOTS 0.0000 tGradient 2.2950 tsec 2.5680
#GCMRL#  282 dt  36.288000 rms  0.553  0.005% neg 0  invalid 762 tFOTS 0.0000 tGradient 2.3170 tsec 2.7300
#GCMRL#  283 dt  36.288000 rms  0.553  0.009% neg 0  invalid 762 tFOTS 0.0000 tGradient 2.2820 tsec 2.5510
#GCMRL#  284 dt  36.288000 rms  0.553  0.005% neg 0  invalid 762 tFOTS 0.0000 tGradient 2.1720 tsec 2.6990
#FOTS# QuadFit found better minimum quadopt=(dt=2.268,rms=0.553403) vs oldopt=(dt=1.62,rms=0.553403)
#GCMRL#  285 dt   2.268000 rms  0.553  0.000% neg 0  invalid 762 tFOTS 2.7520 tGradient 2.3170 tsec 5.3650
#GCMRL#  286 dt   0.283500 rms  0.553  0.000% neg 0  invalid 762 tFOTS 0.0000 tGradient 2.1280 tsec 2.9300
#GCMRL#  287 dt   0.000277 rms  0.553  0.000% neg 0  invalid 762 tFOTS 0.0000 tGradient 2.1870 tsec 3.9010

#GCAMreg# pass 0 level1 4 level2 1 tsec 345.339 sigma 0.5
l_jacobian=1.00 l_label=1.00 l_log_likelihood=0.20 l_smoothness=0.03 
tol=5.00e-02, dt=5.00e-02, exp_k=20.0, momentum=0.90, levels=6, niter=500, lbl_dist=10.00, avgs=64, sigma=0.5,type=2, relabel=0, neg=no

blurring input image with Gaussian with sigma=0.500...
GCAMRegisterLevel(): init RMS 0.554121
#GCMRL#  289 dt 103.680000 rms  0.552  0.332% neg 0  invalid 762 tFOTS 3.5440 tGradient 2.0340 tsec 5.8510
#GCMRL#  290 dt 103.680000 rms  0.552  0.133% neg 0  invalid 762 tFOTS 3.5690 tGradient 2.1750 tsec 6.0090
#FOTS# QuadFit found better minimum quadopt=(dt=36.288,rms=0.551273) vs oldopt=(dt=25.92,rms=0.551311)
#GCMRL#  291 dt  36.288000 rms  0.551  0.000% neg 0  invalid 762 tFOTS 3.3560 tGradient 2.2150 tsec 5.8600
#GCMRL#  292 dt  36.288000 rms  0.551  0.024% neg 0  invalid 762 tFOTS 0.0000 tGradient 2.2670 tsec 2.5320
#GCMRL#  293 dt  36.288000 rms  0.551  0.042% neg 0  invalid 762 tFOTS 0.0000 tGradient 2.3260 tsec 2.5990
#GCMRL#  294 dt  36.288000 rms  0.551  0.058% neg 0  invalid 762 tFOTS 0.0000 tGradient 2.3740 tsec 2.6430
#GCMRL#  295 dt  36.288000 rms  0.550  0.066% neg 0  invalid 762 tFOTS 0.0000 tGradient 2.2820 tsec 2.5550
#GCMRL#  296 dt  36.288000 rms  0.550  0.067% neg 0  invalid 762 tFOTS 0.0000 tGradient 2.3240 tsec 2.5880
#GCMRL#  297 dt  36.288000 rms  0.549  0.067% neg 0  invalid 762 tFOTS 0.0000 tGradient 2.3540 tsec 2.6210
#GCMRL#  298 dt  36.288000 rms  0.549  0.061% neg 0  invalid 762 tFOTS 0.0000 tGradient 2.3480 tsec 2.6210
#GCMRL#  299 dt  36.288000 rms  0.549  0.059% neg 0  invalid 762 tFOTS 0.0000 tGradient 2.3320 tsec 2.5950
#GCMRL#  300 dt  36.288000 rms  0.549  0.057% neg 0  invalid 762 tFOTS 0.0000 tGradient 2.3040 tsec 2.5740
#GCMRL#  301 dt  36.288000 rms  0.548  0.057% neg 0  invalid 762 tFOTS 0.0000 tGradient 2.2360 tsec 2.5060
#GCMRL#  302 dt  36.288000 rms  0.548  0.059% neg 0  invalid 762 tFOTS 0.0000 tGradient 2.3270 tsec 2.6070
#GCMRL#  303 dt  36.288000 rms  0.548  0.057% neg 0  invalid 762 tFOTS 0.0000 tGradient 2.4070 tsec 2.6730
#GCMRL#  304 dt  36.288000 rms  0.547  0.051% neg 0  invalid 762 tFOTS 0.0000 tGradient 2.3240 tsec 2.5950
#GCMRL#  305 dt  36.288000 rms  0.547  0.052% neg 0  invalid 762 tFOTS 0.0000 tGradient 2.3290 tsec 2.5960
#GCMRL#  306 dt  36.288000 rms  0.547  0.050% neg 0  invalid 762 tFOTS 0.0000 tGradient 2.3520 tsec 2.6610
#GCMRL#  307 dt  36.288000 rms  0.546  0.051% neg 0  invalid 762 tFOTS 0.0000 tGradient 2.2690 tsec 2.5380
#GCMRL#  308 dt  36.288000 rms  0.546  0.050% neg 0  invalid 762 tFOTS 0.0000 tGradient 2.2510 tsec 2.5210
#GCMRL#  309 dt  36.288000 rms  0.546  0.052% neg 0  invalid 762 tFOTS 0.0000 tGradient 2.2330 tsec 2.5100
#GCMRL#  310 dt  36.288000 rms  0.546  0.049% neg 0  invalid 762 tFOTS 0.0000 tGradient 2.3130 tsec 2.5830
#GCMRL#  311 dt  36.288000 rms  0.545  0.051% neg 0  invalid 762 tFOTS 0.0000 tGradient 2.3380 tsec 2.6060
#GCMRL#  312 dt  36.288000 rms  0.545  0.051% neg 0  invalid 762 tFOTS 0.0000 tGradient 2.3920 tsec 2.6570
#GCMRL#  313 dt  36.288000 rms  0.545  0.053% neg 0  invalid 762 tFOTS 0.0000 tGradient 2.3600 tsec 2.6540
#GCMRL#  314 dt  36.288000 rms  0.544  0.056% neg 0  invalid 762 tFOTS 0.0000 tGradient 2.4300 tsec 2.7160
#GCMRL#  315 dt  36.288000 rms  0.544  0.055% neg 0  invalid 762 tFOTS 0.0000 tGradient 2.2550 tsec 2.5210
#GCMRL#  316 dt  36.288000 rms  0.544  0.050% neg 0  invalid 762 tFOTS 0.0000 tGradient 2.3530 tsec 2.6210
#GCMRL#  317 dt  36.288000 rms  0.544  0.051% neg 0  invalid 762 tFOTS 0.0000 tGradient 2.3660 tsec 2.6360
#GCMRL#  318 dt  36.288000 rms  0.543  0.051% neg 0  invalid 762 tFOTS 0.0000 tGradient 2.4310 tsec 2.6980
#GCMRL#  319 dt  36.288000 rms  0.543  0.051% neg 0  invalid 762 tFOTS 0.0000 tGradient 2.3720 tsec 2.6400
#GCMRL#  320 dt  36.288000 rms  0.543  0.050% neg 0  invalid 762 tFOTS 0.0000 tGradient 2.3430 tsec 2.6090
#GCMRL#  321 dt  36.288000 rms  0.543  0.046% neg 0  invalid 762 tFOTS 0.0000 tGradient 2.2660 tsec 2.5360
#GCMRL#  322 dt  36.288000 rms  0.542  0.046% neg 0  invalid 762 tFOTS 0.0000 tGradient 2.2510 tsec 2.5170
#GCMRL#  323 dt  36.288000 rms  0.542  0.043% neg 0  invalid 762 tFOTS 0.0000 tGradient 2.1390 tsec 2.4050
#GCMRL#  324 dt  36.288000 rms  0.542  0.043% neg 0  invalid 762 tFOTS 0.0000 tGradient 2.2210 tsec 2.4890
#GCMRL#  325 dt  36.288000 rms  0.542  0.042% neg 0  invalid 762 tFOTS 0.0000 tGradient 2.3710 tsec 2.6360
#GCMRL#  326 dt  36.288000 rms  0.541  0.044% neg 0  invalid 762 tFOTS 0.0000 tGradient 2.2970 tsec 2.5610
#GCMRL#  327 dt  36.288000 rms  0.541  0.040% neg 0  invalid 762 tFOTS 0.0000 tGradient 2.3780 tsec 2.6420
#GCMRL#  328 dt  36.288000 rms  0.541  0.043% neg 0  invalid 762 tFOTS 0.0000 tGradient 2.2690 tsec 2.5380
#GCMRL#  329 dt  36.288000 rms  0.541  0.038% neg 0  invalid 762 tFOTS 0.0000 tGradient 2.2860 tsec 2.5580
#GCMRL#  330 dt  36.288000 rms  0.541  0.034% neg 0  invalid 762 tFOTS 0.0000 tGradient 2.2520 tsec 2.5190
#GCMRL#  331 dt  36.288000 rms  0.540  0.037% neg 0  invalid 762 tFOTS 0.0000 tGradient 2.3980 tsec 2.7290
#GCMRL#  332 dt  36.288000 rms  0.540  0.041% neg 0  invalid 762 tFOTS 0.0000 tGradient 2.3520 tsec 2.6200
#GCMRL#  333 dt  36.288000 rms  0.540  0.039% neg 0  invalid 762 tFOTS 0.0000 tGradient 2.2960 tsec 2.5690
#GCMRL#  334 dt  36.288000 rms  0.540  0.037% neg 0  invalid 762 tFOTS 0.0000 tGradient 2.2770 tsec 2.5480
#GCMRL#  335 dt  36.288000 rms  0.540  0.036% neg 0  invalid 762 tFOTS 0.0000 tGradient 2.3100 tsec 2.5790
#GCMRL#  336 dt  36.288000 rms  0.539  0.035% neg 0  invalid 762 tFOTS 0.0000 tGradient 2.2580 tsec 2.5330
#GCMRL#  337 dt  36.288000 rms  0.539  0.035% neg 0  invalid 762 tFOTS 0.0000 tGradient 2.2910 tsec 2.5610
#GCMRL#  338 dt  36.288000 rms  0.539  0.003% neg 0  invalid 762 tFOTS 0.0000 tGradient 2.2730 tsec 2.6840
#GCMRL#  339 dt  36.288000 rms  0.539  0.008% neg 0  invalid 762 tFOTS 0.0000 tGradient 2.2770 tsec 2.5420
#GCMRL#  340 dt  36.288000 rms  0.539  0.010% neg 0  invalid 762 tFOTS 0.0000 tGradient 2.3380 tsec 2.6210
#GCMRL#  341 dt  18.144000 rms  0.539  0.001% neg 0  invalid 762 tFOTS 0.0000 tGradient 2.3930 tsec 2.9600
#FOTS# QuadFit found better minimum quadopt=(dt=2.268,rms=0.539006) vs oldopt=(dt=1.62,rms=0.539007)
#GCMRL#  342 dt   2.268000 rms  0.539  0.001% neg 0  invalid 762 tFOTS 2.8030 tGradient 2.3770 tsec 5.4580
#FOTS# QuadFit found better minimum quadopt=(dt=2.268,rms=0.539004) vs oldopt=(dt=1.62,rms=0.539004)
#GCMRL#  343 dt   2.268000 rms  0.539  0.000% neg 0  invalid 762 tFOTS 2.7870 tGradient 2.3320 tsec 5.4110
#GCMRL#  344 dt   0.567000 rms  0.539  0.000% neg 0  invalid 762 tFOTS 0.0000 tGradient 2.4230 tsec 3.1000
#GCMRL#  345 dt   0.070875 rms  0.539  0.000% neg 0  invalid 762 tFOTS 0.0000 tGradient 2.2730 tsec 3.0890
setting smoothness cost coefficient to 0.118

#GCAMreg# pass 0 level1 3 level2 0 tsec 0 sigma 2
l_jacobian=1.00 l_label=1.00 l_log_likelihood=0.20 l_smoothness=0.12 
tol=5.00e-02, dt=5.00e-02, exp_k=20.0, momentum=0.90, levels=6, niter=500, lbl_dist=10.00, avgs=16, sigma=2.0,type=2, relabel=0, neg=no

blurring input image with Gaussian with sigma=2.000...
GCAMRegisterLevel(): init RMS 0.551895
#GCMRL#  347 dt  32.000000 rms  0.549  0.510% neg 0  invalid 762 tFOTS 3.6130 tGradient 1.8960 tsec 5.7770
#FOTS# QuadFit found better minimum quadopt=(dt=77.7143,rms=0.544372) vs oldopt=(dt=128,rms=0.545569)
#GCMRL#  348 dt  77.714286 rms  0.544  0.857% neg 0  invalid 762 tFOTS 3.6600 tGradient 1.7880 tsec 5.7160
#FOTS# QuadFit found better minimum quadopt=(dt=11.2,rms=0.542647) vs oldopt=(dt=8,rms=0.543041)
#GCMRL#  349 dt  11.200000 rms  0.543  0.317% neg 0  invalid 762 tFOTS 3.2670 tGradient 1.8290 tsec 5.3670
#FOTS# QuadFit found better minimum quadopt=(dt=11.2,rms=0.541704) vs oldopt=(dt=8,rms=0.541952)
#GCMRL#  350 dt  11.200000 rms  0.542  0.174% neg 0  invalid 762 tFOTS 3.2160 tGradient 1.7510 tsec 5.2360
#GCMRL#  351 dt   8.000000 rms  0.541  0.110% neg 0  invalid 762 tFOTS 3.2200 tGradient 1.7660 tsec 5.2560
#FOTS# QuadFit found better minimum quadopt=(dt=179.2,rms=0.531182) vs oldopt=(dt=128,rms=0.533329)
#GCMRL#  352 dt 179.200000 rms  0.531  1.834% neg 0  invalid 762 tFOTS 3.3930 tGradient 1.7620 tsec 5.4270
#FOTS# QuadFit found better minimum quadopt=(dt=11.2,rms=0.529794) vs oldopt=(dt=8,rms=0.530136)
#GCMRL#  353 dt  11.200000 rms  0.530  0.261% neg 0  invalid 762 tFOTS 3.2330 tGradient 1.7470 tsec 5.2530
#FOTS# QuadFit found better minimum quadopt=(dt=38.4,rms=0.528301) vs oldopt=(dt=32,rms=0.528431)
#GCMRL#  354 dt  38.400000 rms  0.528  0.282% neg 0  invalid 762 tFOTS 3.4100 tGradient 1.7860 tsec 5.4690
#FOTS# QuadFit found better minimum quadopt=(dt=25.6,rms=0.527791) vs oldopt=(dt=32,rms=0.527806)
#GCMRL#  355 dt  25.600000 rms  0.528  0.097% neg 0  invalid 762 tFOTS 3.6240 tGradient 1.8960 tsec 5.7900
#FOTS# QuadFit found better minimum quadopt=(dt=44.8,rms=0.52623) vs oldopt=(dt=32,rms=0.526551)
#GCMRL#  356 dt  44.800000 rms  0.526  0.296% neg 0  invalid 762 tFOTS 3.4090 tGradient 1.8010 tsec 5.4800
#FOTS# QuadFit found better minimum quadopt=(dt=25.6,rms=0.525704) vs oldopt=(dt=32,rms=0.525734)
#GCMRL#  357 dt  25.600000 rms  0.526  0.100% neg 0  invalid 762 tFOTS 3.6390 tGradient 1.8490 tsec 5.7580
#FOTS# QuadFit found better minimum quadopt=(dt=44.8,rms=0.524321) vs oldopt=(dt=32,rms=0.524588)
#GCMRL#  358 dt  44.800000 rms  0.524  0.263% neg 0  invalid 762 tFOTS 3.6270 tGradient 1.7330 tsec 5.6280
#FOTS# QuadFit found better minimum quadopt=(dt=19.2,rms=0.52392) vs oldopt=(dt=32,rms=0.523998)
#GCMRL#  359 dt  19.200000 rms  0.524  0.076% neg 0  invalid 762 tFOTS 3.6610 tGradient 1.7520 tsec 5.7110
#FOTS# QuadFit found better minimum quadopt=(dt=179.2,rms=0.520772) vs oldopt=(dt=128,rms=0.521301)
#GCMRL#  360 dt 179.200000 rms  0.521  0.601% neg 0  invalid 762 tFOTS 3.6320 tGradient 1.7220 tsec 5.6280
#FOTS# QuadFit found better minimum quadopt=(dt=11.2,rms=0.519927) vs oldopt=(dt=8,rms=0.5201)
#GCMRL#  361 dt  11.200000 rms  0.520  0.162% neg 0  invalid 762 tFOTS 3.4820 tGradient 1.6950 tsec 5.4480
#GCMRL#  362 dt  32.000000 rms  0.519  0.101% neg 0  invalid 762 tFOTS 3.4040 tGradient 1.8460 tsec 5.5200
#FOTS# QuadFit found better minimum quadopt=(dt=38.4,rms=0.518594) vs oldopt=(dt=32,rms=0.518624)
#GCMRL#  363 dt  38.400000 rms  0.519  0.155% neg 0  invalid 762 tFOTS 3.6370 tGradient 1.8010 tsec 5.7100
#FOTS# QuadFit found better minimum quadopt=(dt=11.2,rms=0.51833) vs oldopt=(dt=8,rms=0.518377)
#GCMRL#  364 dt  11.200000 rms  0.518  0.051% neg 0  invalid 762 tFOTS 3.6180 tGradient 1.7330 tsec 5.6180
#FOTS# QuadFit found better minimum quadopt=(dt=76.8,rms=0.517763) vs oldopt=(dt=128,rms=0.517858)
#GCMRL#  365 dt  76.800000 rms  0.518  0.109% neg 0  invalid 762 tFOTS 3.6290 tGradient 1.7310 tsec 5.6270
#FOTS# QuadFit found better minimum quadopt=(dt=25.6,rms=0.516905) vs oldopt=(dt=32,rms=0.516916)
#GCMRL#  366 dt  25.600000 rms  0.517  0.166% neg 0  invalid 762 tFOTS 3.6960 tGradient 1.7810 tsec 5.7540
#FOTS# QuadFit found better minimum quadopt=(dt=25.6,rms=0.51668) vs oldopt=(dt=32,rms=0.516689)
#GCMRL#  367 dt  25.600000 rms  0.517  0.000% neg 0  invalid 762 tFOTS 3.6890 tGradient 1.7180 tsec 5.7060
#GCMRL#  368 dt  25.600000 rms  0.516  0.086% neg 0  invalid 762 tFOTS 0.0000 tGradient 1.7270 tsec 2.0070
#GCMRL#  369 dt  25.600000 rms  0.516  0.119% neg 0  invalid 762 tFOTS 0.0000 tGradient 1.8690 tsec 2.1560
#GCMRL#  370 dt  25.600000 rms  0.515  0.154% neg 0  invalid 762 tFOTS 0.0000 tGradient 1.8270 tsec 2.1040
#GCMRL#  371 dt  25.600000 rms  0.514  0.177% neg 0  invalid 762 tFOTS 0.0000 tGradient 1.7500 tsec 2.0540
#GCMRL#  372 dt  25.600000 rms  0.513  0.237% neg 0  invalid 762 tFOTS 0.0000 tGradient 1.7510 tsec 2.0290
#GCMRL#  373 dt  25.600000 rms  0.511  0.250% neg 0  invalid 762 tFOTS 0.0000 tGradient 1.8520 tsec 2.1380
#GCMRL#  374 dt  25.600000 rms  0.510  0.243% neg 0  invalid 762 tFOTS 0.0000 tGradient 1.8330 tsec 2.1070
#GCMRL#  375 dt  25.600000 rms  0.509  0.230% neg 0  invalid 762 tFOTS 0.0000 tGradient 1.8450 tsec 2.1180
#GCMRL#  376 dt  25.600000 rms  0.508  0.234% neg 0  invalid 762 tFOTS 0.0000 tGradient 1.8570 tsec 2.1330
#GCMRL#  377 dt  25.600000 rms  0.507  0.240% neg 0  invalid 762 tFOTS 0.0000 tGradient 1.8360 tsec 2.1110
#GCMRL#  378 dt  25.600000 rms  0.505  0.217% neg 0  invalid 762 tFOTS 0.0000 tGradient 1.8440 tsec 2.1160
#GCMRL#  379 dt  25.600000 rms  0.505  0.187% neg 0  invalid 762 tFOTS 0.0000 tGradient 1.8230 tsec 2.1060
#GCMRL#  380 dt  25.600000 rms  0.504  0.165% neg 0  invalid 762 tFOTS 0.0000 tGradient 1.8270 tsec 2.0980
#GCMRL#  381 dt  25.600000 rms  0.503  0.168% neg 0  invalid 762 tFOTS 0.0000 tGradient 1.7870 tsec 2.0600
#GCMRL#  382 dt  25.600000 rms  0.502  0.153% neg 0  invalid 762 tFOTS 0.0000 tGradient 1.8100 tsec 2.1150
#GCMRL#  383 dt  25.600000 rms  0.501  0.124% neg 0  invalid 762 tFOTS 0.0000 tGradient 1.8670 tsec 2.1400
#GCMRL#  384 dt  25.600000 rms  0.501  0.094% neg 0  invalid 762 tFOTS 0.0000 tGradient 1.8530 tsec 2.1240
#GCMRL#  385 dt  25.600000 rms  0.501  0.088% neg 0  invalid 762 tFOTS 0.0000 tGradient 1.8210 tsec 2.0990
#GCMRL#  386 dt  25.600000 rms  0.500  0.094% neg 0  invalid 762 tFOTS 0.0000 tGradient 1.8360 tsec 2.1700
#GCMRL#  387 dt  25.600000 rms  0.500  0.079% neg 0  invalid 762 tFOTS 0.0000 tGradient 1.6690 tsec 1.9390
#GCMRL#  388 dt  25.600000 rms  0.499  0.057% neg 0  invalid 762 tFOTS 0.0000 tGradient 1.6590 tsec 1.9340
#GCMRL#  389 dt  25.600000 rms  0.499  0.049% neg 0  invalid 762 tFOTS 0.0000 tGradient 1.6540 tsec 1.9270
#GCMRL#  390 dt  25.600000 rms  0.499  0.067% neg 0  invalid 762 tFOTS 0.0000 tGradient 1.7720 tsec 2.0420
#GCMRL#  391 dt  25.600000 rms  0.498  0.073% neg 0  invalid 762 tFOTS 0.0000 tGradient 1.7120 tsec 1.9990
#GCMRL#  392 dt  25.600000 rms  0.498  0.058% neg 0  invalid 762 tFOTS 0.0000 tGradient 1.6870 tsec 1.9580
#GCMRL#  393 dt  25.600000 rms  0.498  0.057% neg 0  invalid 762 tFOTS 0.0000 tGradient 1.6850 tsec 1.9580
#GCMRL#  394 dt  25.600000 rms  0.498  0.053% neg 0  invalid 762 tFOTS 0.0000 tGradient 1.7770 tsec 2.0460
#GCMRL#  395 dt  25.600000 rms  0.497  0.049% neg 0  invalid 762 tFOTS 0.0000 tGradient 1.7140 tsec 1.9880
#GCMRL#  396 dt  25.600000 rms  0.497  0.053% neg 0  invalid 762 tFOTS 0.0000 tGradient 1.7850 tsec 2.0590
#GCMRL#  397 dt  25.600000 rms  0.497  0.045% neg 0  invalid 762 tFOTS 0.0000 tGradient 1.7790 tsec 2.0520
#GCMRL#  398 dt  25.600000 rms  0.497  0.034% neg 0  invalid 762 tFOTS 0.0000 tGradient 1.6860 tsec 1.9610
#GCMRL#  399 dt  25.600000 rms  0.497  0.039% neg 0  invalid 762 tFOTS 0.0000 tGradient 1.6770 tsec 1.9510
#GCMRL#  400 dt  25.600000 rms  0.496  0.045% neg 0  invalid 762 tFOTS 0.0000 tGradient 1.6820 tsec 1.9600
#GCMRL#  401 dt  25.600000 rms  0.496  0.047% neg 0  invalid 762 tFOTS 0.0000 tGradient 1.6710 tsec 1.9490
#GCMRL#  402 dt  25.600000 rms  0.496  0.034% neg 0  invalid 762 tFOTS 0.0000 tGradient 1.7090 tsec 1.9840
#GCMRL#  403 dt  25.600000 rms  0.496  0.023% neg 0  invalid 762 tFOTS 0.0000 tGradient 1.7210 tsec 1.9940
#GCMRL#  404 dt  25.600000 rms  0.496  0.031% neg 0  invalid 762 tFOTS 0.0000 tGradient 1.7310 tsec 2.0050
#GCMRL#  405 dt  25.600000 rms  0.496  0.031% neg 0  invalid 762 tFOTS 0.0000 tGradient 1.7140 tsec 1.9860
#GCMRL#  406 dt  25.600000 rms  0.495  0.021% neg 0  invalid 762 tFOTS 0.0000 tGradient 1.7330 tsec 1.9990
#GCMRL#  407 dt  25.600000 rms  0.495  0.027% neg 0  invalid 762 tFOTS 0.0000 tGradient 1.7370 tsec 2.0290
#GCMRL#  408 dt  25.600000 rms  0.495  0.026% neg 0  invalid 762 tFOTS 0.0000 tGradient 1.7650 tsec 2.0390
#GCMRL#  409 dt  25.600000 rms  0.495  0.029% neg 0  invalid 762 tFOTS 0.0000 tGradient 1.7040 tsec 1.9800
#GCMRL#  410 dt  25.600000 rms  0.495  0.016% neg 0  invalid 762 tFOTS 0.0000 tGradient 1.6870 tsec 1.9660
#GCMRL#  411 dt  25.600000 rms  0.495  0.023% neg 0  invalid 762 tFOTS 0.0000 tGradient 1.6780 tsec 1.9510
#GCMRL#  412 dt  25.600000 rms  0.495  0.032% neg 0  invalid 762 tFOTS 0.0000 tGradient 1.6760 tsec 1.9490
#GCMRL#  413 dt  25.600000 rms  0.495  0.030% neg 0  invalid 762 tFOTS 0.0000 tGradient 1.7330 tsec 2.0100
#GCMRL#  414 dt  25.600000 rms  0.494  0.025% neg 0  invalid 762 tFOTS 0.0000 tGradient 1.6890 tsec 1.9680
#GCMRL#  415 dt  25.600000 rms  0.494  0.012% neg 0  invalid 762 tFOTS 0.0000 tGradient 1.7290 tsec 2.0250
#FOTS# QuadFit found better minimum quadopt=(dt=25.6,rms=0.494312) vs oldopt=(dt=32,rms=0.494314)
#GCMRL#  416 dt  25.600000 rms  0.494  0.000% neg 0  invalid 762 tFOTS 3.3360 tGradient 1.7200 tsec 5.4200
#GCMRL#  417 dt  25.600000 rms  0.494  0.002% neg 0  invalid 762 tFOTS 0.0000 tGradient 1.7310 tsec 2.0090
#GCMRL#  418 dt  25.600000 rms  0.494  0.000% neg 0  invalid 762 tFOTS 0.0000 tGradient 1.6750 tsec 1.9440
#GCMRL#  419 dt  25.600000 rms  0.494  0.005% neg 0  invalid 762 tFOTS 0.0000 tGradient 1.7510 tsec 2.0260
#GCMRL#  420 dt  25.600000 rms  0.494  0.006% neg 0  invalid 762 tFOTS 0.0000 tGradient 1.7070 tsec 1.9820
#GCMRL#  421 dt  25.600000 rms  0.494  0.010% neg 0  invalid 762 tFOTS 0.0000 tGradient 1.6720 tsec 1.9480

#GCAMreg# pass 0 level1 3 level2 1 tsec 241.119 sigma 0.5
l_jacobian=1.00 l_label=1.00 l_log_likelihood=0.20 l_smoothness=0.12 
tol=5.00e-02, dt=5.00e-02, exp_k=20.0, momentum=0.90, levels=6, niter=500, lbl_dist=10.00, avgs=16, sigma=0.5,type=2, relabel=0, neg=no

blurring input image with Gaussian with sigma=0.500...
GCAMRegisterLevel(): init RMS 0.494899
#FOTS# QuadFit found better minimum quadopt=(dt=38.4,rms=0.492456) vs oldopt=(dt=32,rms=0.492522)
#GCMRL#  423 dt  38.400000 rms  0.492  0.494% neg 0  invalid 762 tFOTS 3.7360 tGradient 1.7820 tsec 5.8020
#FOTS# QuadFit found better minimum quadopt=(dt=25.6,rms=0.491939) vs oldopt=(dt=32,rms=0.491943)
#GCMRL#  424 dt  25.600000 rms  0.492  0.105% neg 0  invalid 762 tFOTS 3.6860 tGradient 1.7530 tsec 5.7150
#FOTS# QuadFit found better minimum quadopt=(dt=38.4,rms=0.491602) vs oldopt=(dt=32,rms=0.491605)
#GCMRL#  425 dt  38.400000 rms  0.492  0.069% neg 0  invalid 762 tFOTS 3.6990 tGradient 1.7320 tsec 5.7140
#FOTS# QuadFit found better minimum quadopt=(dt=19.2,rms=0.491418) vs oldopt=(dt=32,rms=0.491453)
#GCMRL#  426 dt  19.200000 rms  0.491  0.000% neg 0  invalid 762 tFOTS 3.7230 tGradient 1.7490 tsec 5.7660
#GCMRL#  427 dt  19.200000 rms  0.491  0.033% neg 0  invalid 762 tFOTS 0.0000 tGradient 1.7160 tsec 1.9870
#GCMRL#  428 dt  19.200000 rms  0.491  0.036% neg 0  invalid 762 tFOTS 0.0000 tGradient 1.7520 tsec 2.0260
#GCMRL#  429 dt  19.200000 rms  0.491  0.033% neg 0  invalid 762 tFOTS 0.0000 tGradient 1.7470 tsec 2.0220
#GCMRL#  430 dt  19.200000 rms  0.491  0.030% neg 0  invalid 762 tFOTS 0.0000 tGradient 1.6930 tsec 1.9660
#GCMRL#  431 dt  19.200000 rms  0.491  0.037% neg 0  invalid 762 tFOTS 0.0000 tGradient 1.7520 tsec 2.0240
#GCMRL#  432 dt  19.200000 rms  0.490  0.035% neg 0  invalid 762 tFOTS 0.0000 tGradient 1.6650 tsec 1.9400
#GCMRL#  433 dt  19.200000 rms  0.490  0.026% neg 0  invalid 762 tFOTS 0.0000 tGradient 1.6630 tsec 1.9340
#GCMRL#  434 dt  19.200000 rms  0.490  0.024% neg 0  invalid 762 tFOTS 0.0000 tGradient 1.7100 tsec 1.9850
#GCMRL#  435 dt  19.200000 rms  0.490  0.036% neg 0  invalid 762 tFOTS 0.0000 tGradient 1.6650 tsec 1.9400
#GCMRL#  436 dt  19.200000 rms  0.490  0.037% neg 0  invalid 762 tFOTS 0.0000 tGradient 1.6990 tsec 1.9700
#GCMRL#  437 dt  19.200000 rms  0.490  0.028% neg 0  invalid 762 tFOTS 0.0000 tGradient 1.6400 tsec 1.9120
#GCMRL#  438 dt  19.200000 rms  0.490  0.024% neg 0  invalid 762 tFOTS 0.0000 tGradient 1.6360 tsec 1.9040
#GCMRL#  439 dt  19.200000 rms  0.489  0.026% neg 0  invalid 762 tFOTS 0.0000 tGradient 1.7030 tsec 1.9720
#GCMRL#  440 dt  19.200000 rms  0.489  0.034% neg 0  invalid 762 tFOTS 0.0000 tGradient 1.7240 tsec 1.9970
#GCMRL#  441 dt  19.200000 rms  0.489  0.034% neg 0  invalid 762 tFOTS 0.0000 tGradient 1.6420 tsec 1.9130
#GCMRL#  442 dt  19.200000 rms  0.489  0.023% neg 0  invalid 762 tFOTS 0.0000 tGradient 1.7220 tsec 2.0590
#GCMRL#  443 dt  19.200000 rms  0.489  0.022% neg 0  invalid 762 tFOTS 0.0000 tGradient 1.7490 tsec 2.0400
#FOTS# QuadFit found better minimum quadopt=(dt=44.8,rms=0.488803) vs oldopt=(dt=32,rms=0.488818)
#GCMRL#  444 dt  44.800000 rms  0.489  0.000% neg 0  invalid 762 tFOTS 3.5700 tGradient 1.7090 tsec 5.5730
setting smoothness cost coefficient to 0.400

#GCAMreg# pass 0 level1 2 level2 0 tsec 0 sigma 2
l_jacobian=1.00 l_label=1.00 l_log_likelihood=0.20 l_smoothness=0.40 
tol=5.00e-02, dt=5.00e-02, exp_k=20.0, momentum=0.90, levels=6, niter=500, lbl_dist=10.00, avgs=4, sigma=2.0,type=2, relabel=0, neg=no

blurring input image with Gaussian with sigma=2.000...
GCAMRegisterLevel(): init RMS 0.520767
#GCMRL#  446 dt   0.000000 rms  0.520  0.124% neg 0  invalid 762 tFOTS 3.6730 tGradient 1.4920 tsec 5.5100
#GCMRL#  447 dt   0.150000 rms  0.520  0.000% neg 0  invalid 762 tFOTS 3.2760 tGradient 1.5180 tsec 5.2620

#GCAMreg# pass 0 level1 2 level2 1 tsec 22.062 sigma 0.5
l_jacobian=1.00 l_label=1.00 l_log_likelihood=0.20 l_smoothness=0.40 
tol=5.00e-02, dt=5.00e-02, exp_k=20.0, momentum=0.90, levels=6, niter=500, lbl_dist=10.00, avgs=4, sigma=0.5,type=2, relabel=0, neg=no

blurring input image with Gaussian with sigma=0.500...
GCAMRegisterLevel(): init RMS 0.520767
#GCMRL#  449 dt   0.000000 rms  0.520  0.124% neg 0  invalid 762 tFOTS 3.3180 tGradient 1.5100 tsec 5.1080
#GCMRL#  450 dt   0.150000 rms  0.520  0.000% neg 0  invalid 762 tFOTS 3.2600 tGradient 1.5150 tsec 5.2560
setting smoothness cost coefficient to 1.000

#GCAMreg# pass 0 level1 1 level2 0 tsec 0 sigma 2
l_jacobian=1.00 l_label=1.00 l_log_likelihood=0.20 l_smoothness=1.00 
tol=5.00e-02, dt=5.00e-02, exp_k=20.0, momentum=0.90, levels=6, niter=500, lbl_dist=10.00, avgs=1, sigma=2.0,type=2, relabel=0, neg=no

blurring input image with Gaussian with sigma=2.000...
GCAMRegisterLevel(): init RMS 0.581673
#FOTS# QuadFit found better minimum quadopt=(dt=1.792,rms=0.574579) vs oldopt=(dt=1.28,rms=0.574984)
#GCMRL#  452 dt   1.792000 rms  0.575  1.220% neg 0  invalid 762 tFOTS 3.4850 tGradient 1.2670 tsec 5.0280
#FOTS# QuadFit found better minimum quadopt=(dt=0.112,rms=0.574546) vs oldopt=(dt=0.08,rms=0.574552)
#GCMRL#  453 dt   0.112000 rms  0.575  0.000% neg 0  invalid 762 tFOTS 3.7680 tGradient 1.2810 tsec 5.4280
#GCMRL#  454 dt   0.112000 rms  0.575  0.002% neg 0  invalid 762 tFOTS 0.0000 tGradient 1.3010 tsec 1.5740

#GCAMreg# pass 0 level1 1 level2 1 tsec 23.086 sigma 0.5
l_jacobian=1.00 l_label=1.00 l_log_likelihood=0.20 l_smoothness=1.00 
tol=5.00e-02, dt=5.00e-02, exp_k=20.0, momentum=0.90, levels=6, niter=500, lbl_dist=10.00, avgs=1, sigma=0.5,type=2, relabel=0, neg=no

blurring input image with Gaussian with sigma=0.500...
GCAMRegisterLevel(): init RMS 0.575135
#FOTS# QuadFit found better minimum quadopt=(dt=0.448,rms=0.574314) vs oldopt=(dt=0.32,rms=0.574339)
#GCMRL#  456 dt   0.448000 rms  0.574  0.143% neg 0  invalid 762 tFOTS 3.4710 tGradient 1.2190 tsec 4.9640
#FOTS# QuadFit found better minimum quadopt=(dt=0.112,rms=0.574305) vs oldopt=(dt=0.08,rms=0.574306)
#GCMRL#  457 dt   0.112000 rms  0.574  0.000% neg 0  invalid 762 tFOTS 3.5560 tGradient 1.2020 tsec 5.0530
resetting metric properties...
setting smoothness cost coefficient to 2.000

#GCAMreg# pass 0 level1 0 level2 0 tsec 0 sigma 2
l_jacobian=1.00 l_label=1.00 l_log_likelihood=0.20 l_smoothness=2.00 
tol=5.00e-02, dt=5.00e-02, exp_k=20.0, momentum=0.90, levels=6, niter=500, lbl_dist=10.00, avgs=0, sigma=2.0,type=2, relabel=0, neg=no

blurring input image with Gaussian with sigma=2.000...
GCAMRegisterLevel(): init RMS 0.505056
#FOTS# QuadFit found better minimum quadopt=(dt=0.448,rms=0.491884) vs oldopt=(dt=0.32,rms=0.49528)
#GCMRL#  459 dt   0.448000 rms  0.492  2.608% neg 0  invalid 762 tFOTS 3.2580 tGradient 0.7620 tsec 4.2900
#FOTS# QuadFit found better minimum quadopt=(dt=0.448,rms=0.48868) vs oldopt=(dt=0.32,rms=0.489568)
#GCMRL#  460 dt   0.448000 rms  0.489  0.651% neg 0  invalid 762 tFOTS 3.2310 tGradient 0.7640 tsec 4.2640
#FOTS# QuadFit found better minimum quadopt=(dt=0.448,rms=0.486752) vs oldopt=(dt=0.32,rms=0.487296)
#GCMRL#  461 dt   0.448000 rms  0.487  0.394% neg 0  invalid 762 tFOTS 3.2610 tGradient 0.7610 tsec 4.3060
#FOTS# QuadFit found better minimum quadopt=(dt=0.448,rms=0.485496) vs oldopt=(dt=0.32,rms=0.485847)
#GCMRL#  462 dt   0.448000 rms  0.485  0.258% neg 0  invalid 762 tFOTS 3.2140 tGradient 0.8410 tsec 4.3280
#FOTS# QuadFit found better minimum quadopt=(dt=0.448,rms=0.484544) vs oldopt=(dt=0.32,rms=0.484807)
#GCMRL#  463 dt   0.448000 rms  0.485  0.196% neg 0  invalid 762 tFOTS 3.4320 tGradient 0.7620 tsec 4.5330
#FOTS# QuadFit found better minimum quadopt=(dt=0.5,rms=0.483777) vs oldopt=(dt=0.32,rms=0.484048)
#GCMRL#  464 dt   0.500000 rms  0.484  0.158% neg 0  invalid 762 tFOTS 3.2100 tGradient 0.8220 tsec 4.3020
#FOTS# QuadFit found better minimum quadopt=(dt=0.448,rms=0.483199) vs oldopt=(dt=0.32,rms=0.483355)
#GCMRL#  465 dt   0.448000 rms  0.483  0.119% neg 0  invalid 762 tFOTS 3.2520 tGradient 0.7570 tsec 4.2810
#FOTS# QuadFit found better minimum quadopt=(dt=0.448,rms=0.482771) vs oldopt=(dt=0.32,rms=0.482891)
#GCMRL#  466 dt   0.448000 rms  0.483  0.089% neg 0  invalid 762 tFOTS 3.2240 tGradient 0.7580 tsec 4.2570
#FOTS# QuadFit found better minimum quadopt=(dt=0.448,rms=0.48238) vs oldopt=(dt=0.32,rms=0.482485)
#GCMRL#  467 dt   0.448000 rms  0.482  0.081% neg 0  invalid 762 tFOTS 3.2680 tGradient 0.7510 tsec 4.2960
#FOTS# QuadFit found better minimum quadopt=(dt=0.448,rms=0.482091) vs oldopt=(dt=0.32,rms=0.482171)
#GCMRL#  468 dt   0.448000 rms  0.482  0.060% neg 0  invalid 762 tFOTS 3.2200 tGradient 0.7440 tsec 4.2380
#FOTS# QuadFit found better minimum quadopt=(dt=0.448,rms=0.481794) vs oldopt=(dt=0.32,rms=0.481869)
#GCMRL#  469 dt   0.448000 rms  0.482  0.062% neg 0  invalid 762 tFOTS 3.1780 tGradient 0.7510 tsec 4.2740
#FOTS# QuadFit found better minimum quadopt=(dt=0.448,rms=0.481589) vs oldopt=(dt=0.32,rms=0.481645)
#GCMRL#  470 dt   0.448000 rms  0.482  0.000% neg 0  invalid 762 tFOTS 3.2560 tGradient 0.8120 tsec 4.3610
#GCMRL#  471 dt   0.448000 rms  0.481  0.047% neg 0  invalid 762 tFOTS 0.0000 tGradient 0.7430 tsec 1.0090
#GCMRL#  472 dt   0.448000 rms  0.481  0.070% neg 0  invalid 762 tFOTS 0.0000 tGradient 0.7650 tsec 1.0340
#GCMRL#  473 dt   0.224000 rms  0.481  0.018% neg 0  invalid 762 tFOTS 0.0000 tGradient 0.7470 tsec 1.2870
#GCMRL#  474 dt   0.224000 rms  0.481  0.026% neg 0  invalid 762 tFOTS 0.0000 tGradient 0.7790 tsec 1.0750
#GCMRL#  475 dt   0.224000 rms  0.481  0.037% neg 0  invalid 762 tFOTS 0.0000 tGradient 0.7610 tsec 1.0390
#GCMRL#  476 dt   0.224000 rms  0.480  0.041% neg 0  invalid 762 tFOTS 0.0000 tGradient 0.7650 tsec 1.0420
#GCMRL#  477 dt   0.224000 rms  0.480  0.007% neg 0  invalid 762 tFOTS 0.0000 tGradient 0.7480 tsec 1.1700
#GCMRL#  478 dt   0.224000 rms  0.480  0.015% neg 0  invalid 762 tFOTS 0.0000 tGradient 0.7480 tsec 1.0210
#GCMRL#  479 dt   0.224000 rms  0.480  0.020% neg 0  invalid 762 tFOTS 0.0000 tGradient 0.7440 tsec 1.0190
#GCMRL#  480 dt   0.224000 rms  0.480  0.026% neg 0  invalid 762 tFOTS 0.0000 tGradient 0.7550 tsec 1.0300
#GCMRL#  481 dt   0.224000 rms  0.480  0.027% neg 0  invalid 762 tFOTS 0.0000 tGradient 0.7770 tsec 1.0530
#GCMRL#  482 dt   0.224000 rms  0.480  0.028% neg 0  invalid 762 tFOTS 0.0000 tGradient 0.7750 tsec 1.0530
#GCMRL#  483 dt   0.224000 rms  0.480  0.029% neg 0  invalid 762 tFOTS 0.0000 tGradient 0.7800 tsec 1.0510
#GCMRL#  484 dt   0.224000 rms  0.480  0.027% neg 0  invalid 762 tFOTS 0.0000 tGradient 0.7570 tsec 1.0320
#GCMRL#  485 dt   0.224000 rms  0.479  0.024% neg 0  invalid 762 tFOTS 0.0000 tGradient 0.7500 tsec 1.0260
#GCMRL#  486 dt   0.224000 rms  0.479  0.024% neg 0  invalid 762 tFOTS 0.0000 tGradient 0.8260 tsec 1.1190
#FOTS# QuadFit found better minimum quadopt=(dt=0.112,rms=0.479355) vs oldopt=(dt=0.08,rms=0.479355)

#GCAMreg# pass 0 level1 0 level2 1 tsec 82.568 sigma 0.5
l_jacobian=1.00 l_label=1.00 l_log_likelihood=0.20 l_smoothness=2.00 
tol=5.00e-02, dt=5.00e-02, exp_k=20.0, momentum=0.90, levels=6, niter=500, lbl_dist=10.00, avgs=0, sigma=0.5,type=2, relabel=0, neg=no

blurring input image with Gaussian with sigma=0.500...
GCAMRegisterLevel(): init RMS 0.480138
#FOTS# QuadFit found better minimum quadopt=(dt=0.448,rms=0.476788) vs oldopt=(dt=0.32,rms=0.477464)
#GCMRL#  488 dt   0.448000 rms  0.477  0.698% neg 0  invalid 762 tFOTS 3.1800 tGradient 0.7540 tsec 4.2060
#FOTS# QuadFit found better minimum quadopt=(dt=0.448,rms=0.476516) vs oldopt=(dt=0.32,rms=0.476588)
#GCMRL#  489 dt   0.448000 rms  0.477  0.057% neg 0  invalid 762 tFOTS 3.1820 tGradient 0.7640 tsec 4.2190
#FOTS# QuadFit found better minimum quadopt=(dt=0.448,rms=0.476393) vs oldopt=(dt=0.32,rms=0.476417)
#GCMRL#  490 dt   0.448000 rms  0.476  0.000% neg 0  invalid 762 tFOTS 3.1640 tGradient 0.7540 tsec 4.2080
#GCMRL#  491 dt   0.448000 rms  0.476  0.009% neg 0  invalid 762 tFOTS 0.0000 tGradient 0.7390 tsec 1.0070
#GCMRL#  492 dt   0.448000 rms  0.476  0.012% neg 0  invalid 762 tFOTS 0.0000 tGradient 0.7590 tsec 1.0240
#GCMRL#  493 dt   0.224000 rms  0.476  0.002% neg 0  invalid 762 tFOTS 0.0000 tGradient 0.7390 tsec 1.2770
#GCMRL#  494 dt   0.224000 rms  0.476  0.004% neg 0  invalid 762 tFOTS 0.0000 tGradient 0.7620 tsec 1.0320
#GCMRL#  495 dt   0.224000 rms  0.476  0.005% neg 0  invalid 762 tFOTS 0.0000 tGradient 0.7580 tsec 1.0260
#GCMRL#  496 dt   0.224000 rms  0.476  0.001% neg 0  invalid 762 tFOTS 0.0000 tGradient 0.7610 tsec 1.0480
#FOTS# QuadFit found better minimum quadopt=(dt=0.112,rms=0.476228) vs oldopt=(dt=0.08,rms=0.476228)
GCAMregister done in 24.5661 min
********************* ALLOWING NEGATIVE NODES IN DEFORMATION********************************
noneg post
Starting GCAMregister()
label assignment complete, 0 changed (0.00%)
npasses = 1, nlevels = 6
#pass# 1 of 1 ************************
enabling zero nodes
setting smoothness cost coefficient to 0.008

#GCAMreg# pass 0 level1 5 level2 0 tsec 0 sigma 2
l_jacobian=1.00 l_label=1.00 l_log_likelihood=0.20 l_smoothness=0.01 
tol=2.50e-01, dt=5.00e-02, exp_k=20.0, momentum=0.90, levels=6, niter=500, lbl_dist=10.00, avgs=256, sigma=2.0,type=2, relabel=0, neg=yes

blurring input image with Gaussian with sigma=2.000...
GCAMRegisterLevel(): init RMS 0.474611
#FOTS# QuadFit found better minimum quadopt=(dt=27.744,rms=0.473813) vs oldopt=(dt=23.12,rms=0.473813)
#GCMRL#  498 dt  27.744000 rms  0.474  0.168% neg 0  invalid 762 tFOTS 4.2440 tGradient 2.5860 tsec 7.0980
#FOTS# QuadFit found better minimum quadopt=(dt=18.496,rms=0.473811) vs oldopt=(dt=23.12,rms=0.473811)
#GCMRL#  499 dt  18.496000 rms  0.474  0.000% neg 0  invalid 762 tFOTS 4.2450 tGradient 2.7870 tsec 7.3790
#GCMRL#  500 dt  18.496000 rms  0.474  0.000% neg 0  invalid 762 tFOTS 0.0000 tGradient 2.7020 tsec 2.9680

#GCAMreg# pass 0 level1 5 level2 1 tsec 29.741 sigma 0.5
l_jacobian=1.00 l_label=1.00 l_log_likelihood=0.20 l_smoothness=0.01 
tol=2.50e-01, dt=5.00e-02, exp_k=20.0, momentum=0.90, levels=6, niter=500, lbl_dist=10.00, avgs=256, sigma=0.5,type=2, relabel=0, neg=yes

blurring input image with Gaussian with sigma=0.500...
GCAMRegisterLevel(): init RMS 0.474603
#FOTS# QuadFit found better minimum quadopt=(dt=129.472,rms=0.473479) vs oldopt=(dt=92.48,rms=0.473547)
#GCMRL#  502 dt 129.472000 rms  0.473  0.237% neg 0  invalid 762 tFOTS 3.8460 tGradient 2.5900 tsec 6.7070
#FOTS# QuadFit found better minimum quadopt=(dt=129.472,rms=0.473347) vs oldopt=(dt=92.48,rms=0.473374)
#GCMRL#  503 dt 129.472000 rms  0.473  0.000% neg 0  invalid 762 tFOTS 3.8650 tGradient 2.6020 tsec 6.7590
#GCMRL#  504 dt 129.472000 rms  0.473  0.017% neg 0  invalid 762 tFOTS 0.0000 tGradient 2.7050 tsec 2.9760
#GCMRL#  505 dt 129.472000 rms  0.473  0.044% neg 0  invalid 762 tFOTS 0.0000 tGradient 2.7840 tsec 3.0490
#GCMRL#  506 dt 129.472000 rms  0.473  0.027% neg 0  invalid 762 tFOTS 0.0000 tGradient 2.7610 tsec 3.0310
setting smoothness cost coefficient to 0.031

#GCAMreg# pass 0 level1 4 level2 0 tsec 0 sigma 2
l_jacobian=1.00 l_label=1.00 l_log_likelihood=0.20 l_smoothness=0.03 
tol=2.50e-01, dt=5.00e-02, exp_k=20.0, momentum=0.90, levels=6, niter=500, lbl_dist=10.00, avgs=64, sigma=2.0,type=2, relabel=0, neg=yes

blurring input image with Gaussian with sigma=2.000...
GCAMRegisterLevel(): init RMS 0.47366
#FOTS# QuadFit found better minimum quadopt=(dt=31.104,rms=0.472645) vs oldopt=(dt=25.92,rms=0.472651)
#GCMRL#  508 dt  31.104000 rms  0.473  0.214% neg 0  invalid 762 tFOTS 3.8200 tGradient 2.0080 tsec 6.0980
#FOTS# QuadFit found better minimum quadopt=(dt=36.288,rms=0.472484) vs oldopt=(dt=25.92,rms=0.472515)
#GCMRL#  509 dt  36.288000 rms  0.472  0.000% neg 0  invalid 762 tFOTS 4.1090 tGradient 2.1140 tsec 6.5150
#GCMRL#  510 dt  36.288000 rms  0.472  0.041% neg 0  invalid 762 tFOTS 0.0000 tGradient 2.1490 tsec 2.4190
#GCMRL#  511 dt  36.288000 rms  0.472  0.045% neg 0  invalid 762 tFOTS 0.0000 tGradient 2.1100 tsec 2.3820
#GCMRL#  512 dt  36.288000 rms  0.472  0.017% neg 0  invalid 762 tFOTS 0.0000 tGradient 2.1600 tsec 2.4310

#GCAMreg# pass 0 level1 4 level2 1 tsec 31.559 sigma 0.5
l_jacobian=1.00 l_label=1.00 l_log_likelihood=0.20 l_smoothness=0.03 
tol=2.50e-01, dt=5.00e-02, exp_k=20.0, momentum=0.90, levels=6, niter=500, lbl_dist=10.00, avgs=64, sigma=0.5,type=2, relabel=0, neg=yes

blurring input image with Gaussian with sigma=0.500...
GCAMRegisterLevel(): init RMS 0.472783
#FOTS# QuadFit found better minimum quadopt=(dt=97.6725,rms=0.469455) vs oldopt=(dt=103.68,rms=0.469464)
#GCMRL#  514 dt  97.672474 rms  0.469  0.704% neg 0  invalid 762 tFOTS 4.0910 tGradient 2.2050 tsec 6.5690
#FOTS# QuadFit found better minimum quadopt=(dt=36.288,rms=0.46869) vs oldopt=(dt=25.92,rms=0.468775)
#GCMRL#  515 dt  36.288000 rms  0.469  0.000% neg 0  invalid 762 tFOTS 4.0640 tGradient 2.1690 tsec 6.5250
#GCMRL#  516 dt  36.288000 rms  0.468  0.067% neg 0  invalid 762 tFOTS 0.0000 tGradient 2.2160 tsec 2.5580
#GCMRL#  517 dt  36.288000 rms  0.468  0.092% neg 0  invalid 762 tFOTS 0.0000 tGradient 2.1330 tsec 2.4160
#GCMRL#  518 dt  36.288000 rms  0.467  0.113% neg 0  invalid 762 tFOTS 0.0000 tGradient 2.1470 tsec 2.4150
#GCMRL#  519 dt  36.288000 rms  0.467  0.111% neg 0  invalid 762 tFOTS 0.0000 tGradient 2.1620 tsec 2.4320
#GCMRL#  520 dt  36.288000 rms  0.466  0.112% neg 0  invalid 762 tFOTS 0.0000 tGradient 2.1580 tsec 2.4230
#GCMRL#  521 dt  36.288000 rms  0.466  0.104% neg 0  invalid 762 tFOTS 0.0000 tGradient 2.1090 tsec 2.3930
#FOTS# QuadFit found better minimum quadopt=(dt=145.152,rms=0.465761) vs oldopt=(dt=103.68,rms=0.465772)
setting smoothness cost coefficient to 0.118

#GCAMreg# pass 0 level1 3 level2 0 tsec 0 sigma 2
l_jacobian=1.00 l_label=1.00 l_log_likelihood=0.20 l_smoothness=0.12 
tol=2.50e-01, dt=5.00e-02, exp_k=20.0, momentum=0.90, levels=6, niter=500, lbl_dist=10.00, avgs=16, sigma=2.0,type=2, relabel=0, neg=yes

blurring input image with Gaussian with sigma=2.000...
GCAMRegisterLevel(): init RMS 0.466996
#GCMRL#  523 dt  32.000000 rms  0.464  0.667% neg 0  invalid 762 tFOTS 3.8950 tGradient 1.6550 tsec 5.8750
#FOTS# QuadFit found better minimum quadopt=(dt=44.8,rms=0.461057) vs oldopt=(dt=32,rms=0.461232)
iter 0, gcam->neg = 1
after 5 iterations, nbhd size=0, neg = 0
#GCMRL#  524 dt  44.800000 rms  0.461  0.606% neg 0  invalid 762 tFOTS 4.1170 tGradient 1.6650 tsec 8.5870
#FOTS# QuadFit found better minimum quadopt=(dt=19.7218,rms=0.459616) vs oldopt=(dt=32,rms=0.460159)
iter 0, gcam->neg = 2
after 3 iterations, nbhd size=0, neg = 0
#GCMRL#  525 dt  19.721823 rms  0.460  0.311% neg 0  invalid 762 tFOTS 4.0770 tGradient 1.5960 tsec 7.8820
#FOTS# QuadFit found better minimum quadopt=(dt=102.4,rms=0.456534) vs oldopt=(dt=128,rms=0.456658)
iter 0, gcam->neg = 14
after 4 iterations, nbhd size=0, neg = 0
#GCMRL#  526 dt 102.400000 rms  0.457  0.662% neg 0  invalid 762 tFOTS 4.0760 tGradient 1.5100 tsec 8.1380
#FOTS# QuadFit found better minimum quadopt=(dt=11.2,rms=0.455771) vs oldopt=(dt=8,rms=0.455955)
#GCMRL#  527 dt  11.200000 rms  0.456  0.000% neg 0  invalid 762 tFOTS 4.1860 tGradient 1.6900 tsec 6.1710
#GCMRL#  528 dt  11.200000 rms  0.455  0.116% neg 0  invalid 762 tFOTS 0.0000 tGradient 1.7140 tsec 1.9830
iter 0, gcam->neg = 1
after 0 iterations, nbhd size=0, neg = 0
#GCMRL#  529 dt  11.200000 rms  0.455  0.099% neg 0  invalid 762 tFOTS 0.0000 tGradient 1.6490 tsec 2.7180
iter 0, gcam->neg = 1
after 1 iterations, nbhd size=0, neg = 0
#GCMRL#  530 dt  11.200000 rms  0.454  0.089% neg 0  invalid 762 tFOTS 0.0000 tGradient 1.5650 tsec 3.0290
iter 0, gcam->neg = 2
after 0 iterations, nbhd size=0, neg = 0
#GCMRL#  531 dt  32.000000 rms  0.453  0.197% neg 0  invalid 762 tFOTS 4.0490 tGradient 1.5690 tsec 6.6870
#FOTS# QuadFit found better minimum quadopt=(dt=11.2,rms=0.453247) vs oldopt=(dt=8,rms=0.453284)

#GCAMreg# pass 0 level1 3 level2 1 tsec 66.421 sigma 0.5
l_jacobian=1.00 l_label=1.00 l_log_likelihood=0.20 l_smoothness=0.12 
tol=2.50e-01, dt=5.00e-02, exp_k=20.0, momentum=0.90, levels=6, niter=500, lbl_dist=10.00, avgs=16, sigma=0.5,type=2, relabel=0, neg=yes

blurring input image with Gaussian with sigma=0.500...
GCAMRegisterLevel(): init RMS 0.454023
#FOTS# QuadFit found better minimum quadopt=(dt=44.8,rms=0.450013) vs oldopt=(dt=32,rms=0.450281)
iter 0, gcam->neg = 1
after 7 iterations, nbhd size=1, neg = 0
#GCMRL#  533 dt  44.800000 rms  0.450  0.877% neg 0  invalid 762 tFOTS 4.0180 tGradient 1.5270 tsec 9.1880
#FOTS# QuadFit found better minimum quadopt=(dt=21.5433,rms=0.449094) vs oldopt=(dt=32,rms=0.449366)
#GCMRL#  534 dt  21.543307 rms  0.449  0.000% neg 0  invalid 762 tFOTS 4.0390 tGradient 1.5270 tsec 5.8590
#GCMRL#  535 dt  21.543307 rms  0.448  0.149% neg 0  invalid 762 tFOTS 0.0000 tGradient 1.5390 tsec 1.8610
iter 0, gcam->neg = 1
after 2 iterations, nbhd size=0, neg = 0
#GCMRL#  536 dt  21.543307 rms  0.448  0.176% neg 0  invalid 762 tFOTS 0.0000 tGradient 1.5480 tsec 3.3450
#GCMRL#  537 dt  21.543307 rms  0.447  0.218% neg 0  invalid 762 tFOTS 0.0000 tGradient 1.5450 tsec 1.8170
iter 0, gcam->neg = 1
after 0 iterations, nbhd size=0, neg = 0
#GCMRL#  538 dt  21.543307 rms  0.446  0.213% neg 0  invalid 762 tFOTS 0.0000 tGradient 1.5250 tsec 2.5880
#GCMRL#  539 dt  21.543307 rms  0.445  0.222% neg 0  invalid 762 tFOTS 0.0000 tGradient 1.5990 tsec 1.8680
#GCMRL#  540 dt  21.543307 rms  0.444  0.202% neg 0  invalid 762 tFOTS 0.0000 tGradient 1.6080 tsec 1.8760
iter 0, gcam->neg = 1
after 0 iterations, nbhd size=0, neg = 0
#GCMRL#  541 dt  21.543307 rms  0.443  0.187% neg 0  invalid 762 tFOTS 0.0000 tGradient 1.5600 tsec 2.6260
iter 0, gcam->neg = 1
after 1 iterations, nbhd size=0, neg = 0
#GCMRL#  542 dt  21.543307 rms  0.442  0.185% neg 0  invalid 762 tFOTS 0.0000 tGradient 1.5860 tsec 3.0290
#GCMRL#  543 dt  21.543307 rms  0.441  0.170% neg 0  invalid 762 tFOTS 0.0000 tGradient 1.6380 tsec 1.9040
iter 0, gcam->neg = 1
after 1 iterations, nbhd size=0, neg = 0
#GCMRL#  544 dt  21.543307 rms  0.441  0.165% neg 0  invalid 762 tFOTS 0.0000 tGradient 1.6140 tsec 3.0710
iter 0, gcam->neg = 1
after 0 iterations, nbhd size=0, neg = 0
#GCMRL#  545 dt  21.543307 rms  0.440  0.150% neg 0  invalid 762 tFOTS 0.0000 tGradient 1.5580 tsec 2.7270
iter 0, gcam->neg = 2
after 0 iterations, nbhd size=0, neg = 0
#GCMRL#  546 dt  21.543307 rms  0.439  0.139% neg 0  invalid 762 tFOTS 0.0000 tGradient 1.6410 tsec 2.7070
iter 0, gcam->neg = 1
after 2 iterations, nbhd size=0, neg = 0
#GCMRL#  547 dt  21.543307 rms  0.439  0.102% neg 0  invalid 762 tFOTS 0.0000 tGradient 1.5990 tsec 3.4130
#GCMRL#  548 dt  21.543307 rms  0.438  0.105% neg 0  invalid 762 tFOTS 0.0000 tGradient 1.6720 tsec 1.9410
iter 0, gcam->neg = 1
after 0 iterations, nbhd size=0, neg = 0
#GCMRL#  549 dt  21.543307 rms  0.438  0.096% neg 0  invalid 762 tFOTS 0.0000 tGradient 1.5220 tsec 2.6560
#FOTS# QuadFit found better minimum quadopt=(dt=11.2,rms=0.438048) vs oldopt=(dt=8,rms=0.438057)
#GCMRL#  550 dt  11.200000 rms  0.438  0.000% neg 0  invalid 762 tFOTS 4.1390 tGradient 1.5310 tsec 5.9650
#GCMRL#  551 dt  11.200000 rms  0.438  0.008% neg 0  invalid 762 tFOTS 0.0000 tGradient 1.5200 tsec 1.7930
#GCMRL#  552 dt  11.200000 rms  0.438  0.006% neg 0  invalid 762 tFOTS 0.0000 tGradient 1.5340 tsec 1.8040
#GCMRL#  553 dt  11.200000 rms  0.438  0.008% neg 0  invalid 762 tFOTS 0.0000 tGradient 1.6300 tsec 1.8990
iter 0, gcam->neg = 2
after 2 iterations, nbhd size=0, neg = 0
setting smoothness cost coefficient to 0.400

#GCAMreg# pass 0 level1 2 level2 0 tsec 0 sigma 2
l_jacobian=1.00 l_label=1.00 l_log_likelihood=0.20 l_smoothness=0.40 
tol=2.50e-01, dt=5.00e-02, exp_k=20.0, momentum=0.90, levels=6, niter=500, lbl_dist=10.00, avgs=4, sigma=2.0,type=2, relabel=0, neg=yes

blurring input image with Gaussian with sigma=2.000...
GCAMRegisterLevel(): init RMS 0.445074
#GCMRL#  555 dt   0.000176 rms  0.444  0.177% neg 0  invalid 762 tFOTS 5.2180 tGradient 1.4380 tsec 6.9310

#GCAMreg# pass 0 level1 2 level2 1 tsec 22.109 sigma 0.5
l_jacobian=1.00 l_label=1.00 l_log_likelihood=0.20 l_smoothness=0.40 
tol=2.50e-01, dt=5.00e-02, exp_k=20.0, momentum=0.90, levels=6, niter=500, lbl_dist=10.00, avgs=4, sigma=0.5,type=2, relabel=0, neg=yes

blurring input image with Gaussian with sigma=0.500...
GCAMRegisterLevel(): init RMS 0.445074
#GCMRL#  557 dt   0.000000 rms  0.444  0.177% neg 0  invalid 762 tFOTS 3.7760 tGradient 1.4690 tsec 5.5350
setting smoothness cost coefficient to 1.000

#GCAMreg# pass 0 level1 1 level2 0 tsec 0 sigma 2
l_jacobian=1.00 l_label=1.00 l_log_likelihood=0.20 l_smoothness=1.00 
tol=2.50e-01, dt=5.00e-02, exp_k=20.0, momentum=0.90, levels=6, niter=500, lbl_dist=10.00, avgs=1, sigma=2.0,type=2, relabel=0, neg=yes

blurring input image with Gaussian with sigma=2.000...
GCAMRegisterLevel(): init RMS 0.458311
#GCMRL#  559 dt   1.280000 rms  0.456  0.509% neg 0  invalid 762 tFOTS 4.0730 tGradient 1.2500 tsec 5.5960
#FOTS# QuadFit found better minimum quadopt=(dt=0.448,rms=0.455872) vs oldopt=(dt=0.32,rms=0.455885)
#GCMRL#  560 dt   0.448000 rms  0.456  0.000% neg 0  invalid 762 tFOTS 4.0370 tGradient 1.2310 tsec 5.5560

#GCAMreg# pass 0 level1 1 level2 1 tsec 22.099 sigma 0.5
l_jacobian=1.00 l_label=1.00 l_log_likelihood=0.20 l_smoothness=1.00 
tol=2.50e-01, dt=5.00e-02, exp_k=20.0, momentum=0.90, levels=6, niter=500, lbl_dist=10.00, avgs=1, sigma=0.5,type=2, relabel=0, neg=yes

blurring input image with Gaussian with sigma=0.500...
GCAMRegisterLevel(): init RMS 0.456639
iter 0, gcam->neg = 1
after 0 iterations, nbhd size=0, neg = 0
#GCMRL#  562 dt   1.280000 rms  0.455  0.282% neg 0  invalid 762 tFOTS 4.1250 tGradient 1.2380 tsec 6.4350
#GCMRL#  563 dt   0.320000 rms  0.455  0.000% neg 0  invalid 762 tFOTS 4.1270 tGradient 1.2000 tsec 5.6170
resetting metric properties...
setting smoothness cost coefficient to 2.000

#GCAMreg# pass 0 level1 0 level2 0 tsec 0 sigma 2
l_jacobian=1.00 l_label=1.00 l_log_likelihood=0.20 l_smoothness=2.00 
tol=2.50e-01, dt=5.00e-02, exp_k=20.0, momentum=0.90, levels=6, niter=500, lbl_dist=10.00, avgs=0, sigma=2.0,type=2, relabel=0, neg=yes

blurring input image with Gaussian with sigma=2.000...
GCAMRegisterLevel(): init RMS 0.444445
#FOTS# QuadFit found better minimum quadopt=(dt=2.19789,rms=0.416224) vs oldopt=(dt=1.28,rms=0.421172)
iter 0, gcam->neg = 588
after 14 iterations, nbhd size=1, neg = 0
#GCMRL#  565 dt   2.197889 rms  0.419  5.762% neg 0  invalid 762 tFOTS 4.0700 tGradient 0.7480 tsec 11.1550
#GCMRL#  566 dt   0.080000 rms  0.419  0.000% neg 0  invalid 762 tFOTS 4.2070 tGradient 0.7710 tsec 5.2700

#GCAMreg# pass 0 level1 0 level2 1 tsec 27.088 sigma 0.5
l_jacobian=1.00 l_label=1.00 l_log_likelihood=0.20 l_smoothness=2.00 
tol=2.50e-01, dt=5.00e-02, exp_k=20.0, momentum=0.90, levels=6, niter=500, lbl_dist=10.00, avgs=0, sigma=0.5,type=2, relabel=0, neg=yes

blurring input image with Gaussian with sigma=0.500...
GCAMRegisterLevel(): init RMS 0.419462
#FOTS# QuadFit found better minimum quadopt=(dt=0.048,rms=0.418453) vs oldopt=(dt=0.08,rms=0.418469)
#GCMRL#  568 dt   0.048000 rms  0.418  0.241% neg 0  invalid 762 tFOTS 4.2720 tGradient 0.7660 tsec 5.3690
#FOTS# QuadFit found better minimum quadopt=(dt=0.007,rms=0.418446) vs oldopt=(dt=0.005,rms=0.418446)
#GCMRL#  569 dt   0.007000 rms  0.418  0.000% neg 0  invalid 762 tFOTS 4.2610 tGradient 0.7670 tsec 5.3200
label assignment complete, 0 changed (0.00%)
GCAMregister done in 6.16928 min
Starting GCAMcomputeMaxPriorLabels()
Morphing with label term set to 0 *******************************
Starting GCAMregister()
label assignment complete, 0 changed (0.00%)
npasses = 1, nlevels = 6
#pass# 1 of 1 ************************
enabling zero nodes
setting smoothness cost coefficient to 0.008

#GCAMreg# pass 0 level1 5 level2 0 tsec 0 sigma 2
l_jacobian=1.00 l_log_likelihood=0.20 l_smoothness=0.01 
tol=2.50e-01, dt=5.00e-02, exp_k=20.0, momentum=0.90, levels=6, niter=500, lbl_dist=10.00, avgs=256, sigma=2.0,type=2, relabel=0, neg=yes

blurring input image with Gaussian with sigma=2.000...
GCAMRegisterLevel(): init RMS 0.40473

#GCAMreg# pass 0 level1 5 level2 1 tsec 14.994 sigma 0.5
l_jacobian=1.00 l_log_likelihood=0.20 l_smoothness=0.01 
tol=2.50e-01, dt=5.00e-02, exp_k=20.0, momentum=0.90, levels=6, niter=500, lbl_dist=10.00, avgs=256, sigma=0.5,type=2, relabel=0, neg=yes

blurring input image with Gaussian with sigma=0.500...
GCAMRegisterLevel(): init RMS 0.40473
#FOTS# QuadFit found better minimum quadopt=(dt=32.368,rms=0.404709) vs oldopt=(dt=23.12,rms=0.404713)
#GCMRL#  572 dt  32.368000 rms  0.405  0.005% neg 0  invalid 762 tFOTS 3.6390 tGradient 1.7170 tsec 5.6020
#FOTS# QuadFit found better minimum quadopt=(dt=32.368,rms=0.404706) vs oldopt=(dt=23.12,rms=0.404706)
#GCMRL#  573 dt  32.368000 rms  0.405  0.000% neg 0  invalid 762 tFOTS 3.6240 tGradient 1.6950 tsec 5.5910
setting smoothness cost coefficient to 0.031

#GCAMreg# pass 0 level1 4 level2 0 tsec 0 sigma 2
l_jacobian=1.00 l_log_likelihood=0.20 l_smoothness=0.03 
tol=2.50e-01, dt=5.00e-02, exp_k=20.0, momentum=0.90, levels=6, niter=500, lbl_dist=10.00, avgs=64, sigma=2.0,type=2, relabel=0, neg=yes

blurring input image with Gaussian with sigma=2.000...
GCAMRegisterLevel(): init RMS 0.404878

#GCAMreg# pass 0 level1 4 level2 1 tsec 14.53 sigma 0.5
l_jacobian=1.00 l_log_likelihood=0.20 l_smoothness=0.03 
tol=2.50e-01, dt=5.00e-02, exp_k=20.0, momentum=0.90, levels=6, niter=500, lbl_dist=10.00, avgs=64, sigma=0.5,type=2, relabel=0, neg=yes

blurring input image with Gaussian with sigma=0.500...
GCAMRegisterLevel(): init RMS 0.404878
#FOTS# QuadFit found better minimum quadopt=(dt=62.208,rms=0.404695) vs oldopt=(dt=103.68,rms=0.404725)
#GCMRL#  576 dt  62.208000 rms  0.405  0.045% neg 0  invalid 762 tFOTS 3.4910 tGradient 1.2670 tsec 5.0110
#FOTS# QuadFit found better minimum quadopt=(dt=124.416,rms=0.404524) vs oldopt=(dt=103.68,rms=0.404532)
#GCMRL#  577 dt 124.416000 rms  0.405  0.000% neg 0  invalid 762 tFOTS 3.4760 tGradient 1.3000 tsec 5.0510
setting smoothness cost coefficient to 0.118

#GCAMreg# pass 0 level1 3 level2 0 tsec 0 sigma 2
l_jacobian=1.00 l_log_likelihood=0.20 l_smoothness=0.12 
tol=2.50e-01, dt=5.00e-02, exp_k=20.0, momentum=0.90, levels=6, niter=500, lbl_dist=10.00, avgs=16, sigma=2.0,type=2, relabel=0, neg=yes

blurring input image with Gaussian with sigma=2.000...
GCAMRegisterLevel(): init RMS 0.405179
#FOTS# QuadFit found better minimum quadopt=(dt=11.2,rms=0.404897) vs oldopt=(dt=8,rms=0.404939)
#GCMRL#  579 dt  11.200000 rms  0.405  0.069% neg 0  invalid 762 tFOTS 3.7090 tGradient 1.0200 tsec 4.9800
#FOTS# QuadFit found better minimum quadopt=(dt=11.2,rms=0.404756) vs oldopt=(dt=8,rms=0.404777)
#GCMRL#  580 dt  11.200000 rms  0.405  0.000% neg 0  invalid 762 tFOTS 3.7290 tGradient 1.0220 tsec 5.0310
#GCMRL#  581 dt  11.200000 rms  0.405  0.028% neg 0  invalid 762 tFOTS 0.0000 tGradient 1.0210 tsec 1.2720
#GCMRL#  582 dt  11.200000 rms  0.405  0.006% neg 0  invalid 762 tFOTS 0.0000 tGradient 1.0150 tsec 1.2610
iter 0, gcam->neg = 6
after 3 iterations, nbhd size=0, neg = 0

#GCAMreg# pass 0 level1 3 level2 1 tsec 25.219 sigma 0.5
l_jacobian=1.00 l_log_likelihood=0.20 l_smoothness=0.12 
tol=2.50e-01, dt=5.00e-02, exp_k=20.0, momentum=0.90, levels=6, niter=500, lbl_dist=10.00, avgs=16, sigma=0.5,type=2, relabel=0, neg=yes

blurring input image with Gaussian with sigma=0.500...
GCAMRegisterLevel(): init RMS 0.404622
#FOTS# QuadFit found better minimum quadopt=(dt=38.4,rms=0.401918) vs oldopt=(dt=32,rms=0.40201)
iter 0, gcam->neg = 2
after 9 iterations, nbhd size=1, neg = 0
#GCMRL#  584 dt  38.400000 rms  0.402  0.659% neg 0  invalid 762 tFOTS 3.6530 tGradient 1.0410 tsec 9.2960
#FOTS# QuadFit found better minimum quadopt=(dt=24.8128,rms=0.401164) vs oldopt=(dt=32,rms=0.401276)
iter 0, gcam->neg = 1
after 3 iterations, nbhd size=0, neg = 0
#GCMRL#  585 dt  24.812834 rms  0.401  0.000% neg 0  invalid 762 tFOTS 4.0380 tGradient 1.0100 tsec 7.2330
#GCMRL#  586 dt  24.812834 rms  0.401  0.145% neg 0  invalid 762 tFOTS 0.0000 tGradient 1.0910 tsec 1.3430
#GCMRL#  587 dt  24.812834 rms  0.400  0.174% neg 0  invalid 762 tFOTS 0.0000 tGradient 1.0930 tsec 1.3500
iter 0, gcam->neg = 1
after 0 iterations, nbhd size=0, neg = 0
#GCMRL#  588 dt  24.812834 rms  0.399  0.229% neg 0  invalid 762 tFOTS 0.0000 tGradient 1.0840 tsec 2.2060
iter 0, gcam->neg = 6
after 7 iterations, nbhd size=0, neg = 0
#GCMRL#  589 dt  24.812834 rms  0.398  0.165% neg 0  invalid 762 tFOTS 0.0000 tGradient 1.0150 tsec 4.6610
iter 0, gcam->neg = 5
after 10 iterations, nbhd size=1, neg = 0
#GCMRL#  590 dt  24.812834 rms  0.398  0.190% neg 0  invalid 762 tFOTS 0.0000 tGradient 1.0200 tsec 5.7650
iter 0, gcam->neg = 8
after 10 iterations, nbhd size=1, neg = 0
#GCMRL#  591 dt  24.812834 rms  0.397  0.129% neg 0  invalid 762 tFOTS 0.0000 tGradient 1.0150 tsec 5.7580
iter 0, gcam->neg = 7
after 4 iterations, nbhd size=0, neg = 0
#GCMRL#  592 dt  24.812834 rms  0.396  0.142% neg 0  invalid 762 tFOTS 0.0000 tGradient 1.0210 tsec 3.5570
iter 0, gcam->neg = 4
after 3 iterations, nbhd size=0, neg = 0
#GCMRL#  593 dt  24.812834 rms  0.396  0.126% neg 0  invalid 762 tFOTS 0.0000 tGradient 1.0110 tsec 3.1710
iter 0, gcam->neg = 9
after 6 iterations, nbhd size=0, neg = 0
#GCMRL#  594 dt  24.812834 rms  0.396  0.103% neg 0  invalid 762 tFOTS 0.0000 tGradient 1.0100 tsec 4.2850
iter 0, gcam->neg = 7
after 2 iterations, nbhd size=0, neg = 0
#GCMRL#  595 dt  24.812834 rms  0.395  0.117% neg 0  invalid 762 tFOTS 0.0000 tGradient 1.0140 tsec 2.8320
iter 0, gcam->neg = 9
after 3 iterations, nbhd size=0, neg = 0
#GCMRL#  596 dt  24.812834 rms  0.395  0.078% neg 0  invalid 762 tFOTS 0.0000 tGradient 1.0090 tsec 3.2000
#FOTS# QuadFit found better minimum quadopt=(dt=19.2,rms=0.394725) vs oldopt=(dt=32,rms=0.394746)
iter 0, gcam->neg = 1
after 2 iterations, nbhd size=0, neg = 0
#GCMRL#  597 dt  19.200000 rms  0.395  0.000% neg 0  invalid 762 tFOTS 3.6040 tGradient 1.0060 tsec 6.4180
#GCMRL#  598 dt  19.200000 rms  0.395  0.010% neg 0  invalid 762 tFOTS 0.0000 tGradient 1.0110 tsec 1.2610
iter 0, gcam->neg = 3
after 4 iterations, nbhd size=0, neg = 0
#GCMRL#  599 dt  19.200000 rms  0.395  0.007% neg 0  invalid 762 tFOTS 0.0000 tGradient 1.1110 tsec 3.6240
iter 0, gcam->neg = 5
after 14 iterations, nbhd size=1, neg = 0
setting smoothness cost coefficient to 0.400

#GCAMreg# pass 0 level1 2 level2 0 tsec 0 sigma 2
l_jacobian=1.00 l_log_likelihood=0.20 l_smoothness=0.40 
tol=2.50e-01, dt=5.00e-02, exp_k=20.0, momentum=0.90, levels=6, niter=500, lbl_dist=10.00, avgs=4, sigma=2.0,type=2, relabel=0, neg=yes

blurring input image with Gaussian with sigma=2.000...
GCAMRegisterLevel(): init RMS 0.399356
#GCMRL#  601 dt   0.720000 rms  0.399  0.002% neg 0  invalid 762 tFOTS 3.6570 tGradient 1.0030 tsec 4.9130
#FOTS# QuadFit found better minimum quadopt=(dt=0.216,rms=0.399348) vs oldopt=(dt=0.18,rms=0.399348)
#GCMRL#  602 dt   0.216000 rms  0.399  0.000% neg 0  invalid 762 tFOTS 3.7440 tGradient 0.9470 tsec 4.9620

#GCAMreg# pass 0 level1 2 level2 1 tsec 20.479 sigma 0.5
l_jacobian=1.00 l_log_likelihood=0.20 l_smoothness=0.40 
tol=2.50e-01, dt=5.00e-02, exp_k=20.0, momentum=0.90, levels=6, niter=500, lbl_dist=10.00, avgs=4, sigma=0.5,type=2, relabel=0, neg=yes

blurring input image with Gaussian with sigma=0.500...
GCAMRegisterLevel(): init RMS 0.399348
#FOTS# QuadFit found better minimum quadopt=(dt=5.75,rms=0.399158) vs oldopt=(dt=2.88,rms=0.399194)
iter 0, gcam->neg = 2
after 5 iterations, nbhd size=0, neg = 0
#GCMRL#  604 dt   5.750000 rms  0.399  0.047% neg 0  invalid 762 tFOTS 3.8160 tGradient 0.9080 tsec 7.6350
#FOTS# QuadFit found better minimum quadopt=(dt=6.66667,rms=0.399066) vs oldopt=(dt=2.88,rms=0.399085)
iter 0, gcam->neg = 1
after 0 iterations, nbhd size=0, neg = 0
#GCMRL#  605 dt   6.666667 rms  0.399  0.000% neg 0  invalid 762 tFOTS 3.7220 tGradient 0.9050 tsec 5.6990
#GCMRL#  606 dt   6.666667 rms  0.399  0.025% neg 0  invalid 762 tFOTS 0.0000 tGradient 0.9060 tsec 1.1590
iter 0, gcam->neg = 2
after 3 iterations, nbhd size=0, neg = 0
#GCMRL#  607 dt   6.666667 rms  0.399  0.000% neg 0  invalid 762 tFOTS 0.0000 tGradient 0.8970 tsec 3.0460
iter 0, gcam->neg = 8
after 4 iterations, nbhd size=0, neg = 0
setting smoothness cost coefficient to 1.000

#GCAMreg# pass 0 level1 1 level2 0 tsec 0 sigma 2
l_jacobian=1.00 l_log_likelihood=0.20 l_smoothness=1.00 
tol=2.50e-01, dt=5.00e-02, exp_k=20.0, momentum=0.90, levels=6, niter=500, lbl_dist=10.00, avgs=1, sigma=2.0,type=2, relabel=0, neg=yes

blurring input image with Gaussian with sigma=2.000...
GCAMRegisterLevel(): init RMS 0.405388
#FOTS# QuadFit found better minimum quadopt=(dt=6e-05,rms=0.405388) vs oldopt=(dt=5e-05,rms=0.405388)
#GCMRL#  609 dt   0.000060 rms  0.405  0.000% neg 0  invalid 762 tFOTS 4.7440 tGradient 0.7370 tsec 5.7500

#GCAMreg# pass 0 level1 1 level2 1 tsec 19.688 sigma 0.5
l_jacobian=1.00 l_log_likelihood=0.20 l_smoothness=1.00 
tol=2.50e-01, dt=5.00e-02, exp_k=20.0, momentum=0.90, levels=6, niter=500, lbl_dist=10.00, avgs=1, sigma=0.5,type=2, relabel=0, neg=yes

blurring input image with Gaussian with sigma=0.500...
GCAMRegisterLevel(): init RMS 0.405388
resetting metric properties...
setting smoothness cost coefficient to 2.000

#GCAMreg# pass 0 level1 0 level2 0 tsec 0 sigma 2
l_jacobian=1.00 l_log_likelihood=0.20 l_smoothness=2.00 
tol=2.50e-01, dt=5.00e-02, exp_k=20.0, momentum=0.90, levels=6, niter=500, lbl_dist=10.00, avgs=0, sigma=2.0,type=2, relabel=0, neg=yes

blurring input image with Gaussian with sigma=2.000...
GCAMRegisterLevel(): init RMS 0.394628
#FOTS# QuadFit found better minimum quadopt=(dt=1.21376,rms=0.385136) vs oldopt=(dt=1.28,rms=0.385145)
iter 0, gcam->neg = 586
after 17 iterations, nbhd size=1, neg = 0
#GCMRL#  612 dt   1.213761 rms  0.387  2.019% neg 0  invalid 762 tFOTS 3.7010 tGradient 0.2960 tsec 11.7290
#FOTS# QuadFit found better minimum quadopt=(dt=2.34375e-05,rms=0.38666) vs oldopt=(dt=1.95313e-05,rms=0.38666)
#GCMRL#  613 dt   0.000023 rms  0.387  0.000% neg 0  invalid 762 tFOTS 4.8110 tGradient 0.3550 tsec 5.4400

#GCAMreg# pass 0 level1 0 level2 1 tsec 27.114 sigma 0.5
l_jacobian=1.00 l_log_likelihood=0.20 l_smoothness=2.00 
tol=2.50e-01, dt=5.00e-02, exp_k=20.0, momentum=0.90, levels=6, niter=500, lbl_dist=10.00, avgs=0, sigma=0.5,type=2, relabel=0, neg=yes

blurring input image with Gaussian with sigma=0.500...
GCAMRegisterLevel(): init RMS 0.38666
#FOTS# QuadFit found better minimum quadopt=(dt=0.064,rms=0.386598) vs oldopt=(dt=0.08,rms=0.386606)
#GCMRL#  615 dt   0.064000 rms  0.387  0.016% neg 0  invalid 762 tFOTS 3.7180 tGradient 0.2940 tsec 4.2630
#FOTS# QuadFit found better minimum quadopt=(dt=0.024,rms=0.386591) vs oldopt=(dt=0.02,rms=0.386591)
#GCMRL#  616 dt   0.024000 rms  0.387  0.000% neg 0  invalid 762 tFOTS 3.8370 tGradient 0.2990 tsec 4.4070
GCAMregister done in 4.37593 min
writing output transformation to transforms/talairach.m3z...
GCAMwrite
Calls to gcamLogLikelihoodEnergy 4404 tmin = 1.54437
Calls to gcamLabelEnergy         3890 tmin = 1.23353
Calls to gcamJacobianEnergy      4404 tmin = 0.778567
Calls to gcamSmoothnessEnergy    4404 tmin = 3.64435
Calls to gcamLogLikelihoodTerm 618 tmin = 0.598117
Calls to gcamLabelTerm         571 tmin = 5.56223
Calls to gcamJacobianTerm      618 tmin = 0.92475
Calls to gcamSmoothnessTerm    618 tmin = 0.361217
Calls to gcamComputeGradient    618 tmin = 20.437
Calls to gcamComputeMetricProperties    6208 tmin = 1.46763
mri_ca_register took 0 hours, 45 minutes and 55 seconds.
#VMPC# mri_ca_register VmPeak  3188216
FSRUNTIME@ mri_ca_register  0.7652 hours 16 threads
#--------------------------------------
#@# SubCort Seg Wed Mar 11 12:47:45 CET 2026

 mri_ca_label -relabel_unlikely 9 .3 -prior 0.5 -align norm.mgz transforms/talairach.m3z /opt/freesurfer/average/RB_all_2020-01-02.gca aseg.auto_noCCseg.mgz 

sysname  Linux
hostname dna063
machine  x86_64

setenv SUBJECTS_DIR /out/sourcedata/freesurfer
cd /out/sourcedata/freesurfer/sub-v2s16x51300_ses-1/mri
mri_ca_label -relabel_unlikely 9 .3 -prior 0.5 -align norm.mgz transforms/talairach.m3z /opt/freesurfer/average/RB_all_2020-01-02.gca aseg.auto_noCCseg.mgz 

relabeling unlikely voxels with window_size = 9 and prior threshold 0.30
using Gibbs prior factor = 0.500
renormalizing sequences with structure alignment, equivalent to:
	-renormalize
	-renormalize_mean 0.500
	-regularize 0.500

== Number of threads available to for OpenMP = 16 == 
reading 1 input volumes
reading classifier array from /opt/freesurfer/average/RB_all_2020-01-02.gca
reading input volume from norm.mgz
average std[0] = 7.2
reading transform from transforms/talairach.m3z
setting orig areas to linear transform determinant scaled 6.79
Atlas used for the 3D morph was /opt/freesurfer/average/RB_all_2020-01-02.gca
average std = 7.2   using min determinant for regularization = 5.2
0 singular and 0 ill-conditioned covariance matrices regularized
labeling volume...
renormalizing by structure alignment....
renormalizing input #0
gca peak = 0.15521 (20)
mri peak = 0.11464 (12)
Left_Lateral_Ventricle (4): linear fit = 0.61 x + 0.0 (1603 voxels, overlap=0.029)
Left_Lateral_Ventricle (4): linear fit = 0.61 x + 0.0 (1603 voxels, peak = 12), gca=12.1
gca peak = 0.20380 (13)
mri peak = 0.11380 (12)
Right_Lateral_Ventricle (43): linear fit = 0.76 x + 0.0 (389 voxels, overlap=0.577)
Right_Lateral_Ventricle (43): linear fit = 0.76 x + 0.0 (389 voxels, peak = 10), gca=9.9
gca peak = 0.26283 (96)
mri peak = 0.12546 (92)
Right_Pallidum (52): linear fit = 0.98 x + 0.0 (824 voxels, overlap=0.743)
Right_Pallidum (52): linear fit = 0.98 x + 0.0 (824 voxels, peak = 94), gca=93.6
gca peak = 0.15814 (97)
mri peak = 0.15428 (99)
Left_Pallidum (13): linear fit = 1.02 x + 0.0 (883 voxels, overlap=0.828)
Left_Pallidum (13): linear fit = 1.02 x + 0.0 (883 voxels, peak = 99), gca=99.4
gca peak = 0.27624 (56)
mri peak = 0.17295 (66)
Right_Hippocampus (53): linear fit = 1.13 x + 0.0 (1125 voxels, overlap=0.286)
Right_Hippocampus (53): linear fit = 1.13 x + 0.0 (1125 voxels, peak = 64), gca=63.6
gca peak = 0.28723 (59)
mri peak = 0.15458 (65)
Left_Hippocampus (17): linear fit = 1.09 x + 0.0 (1058 voxels, overlap=0.420)
Left_Hippocampus (17): linear fit = 1.09 x + 0.0 (1058 voxels, peak = 64), gca=64.0
gca peak = 0.07623 (103)
mri peak = 0.13587 (105)
Right_Cerebral_White_Matter (41): linear fit = 1.00 x + 0.0 (45062 voxels, overlap=0.569)
Right_Cerebral_White_Matter (41): linear fit = 1.00 x + 0.0 (45062 voxels, peak = 104), gca=103.5
gca peak = 0.07837 (105)
mri peak = 0.14652 (105)
Left_Cerebral_White_Matter (2): linear fit = 1.03 x + 0.0 (47246 voxels, overlap=0.525)
Left_Cerebral_White_Matter (2): linear fit = 1.03 x + 0.0 (47246 voxels, peak = 109), gca=108.7
gca peak = 0.10165 (58)
mri peak = 0.05247 (56)
Left_Cerebral_Cortex (3): linear fit = 0.99 x + 0.0 (40573 voxels, overlap=0.969)
Left_Cerebral_Cortex (3): linear fit = 0.99 x + 0.0 (40573 voxels, peak = 57), gca=57.1
gca peak = 0.11113 (58)
mri peak = 0.05529 (60)
Right_Cerebral_Cortex (42): linear fit = 1.02 x + 0.0 (37883 voxels, overlap=0.978)
Right_Cerebral_Cortex (42): linear fit = 1.02 x + 0.0 (37883 voxels, peak = 59), gca=59.4
gca peak = 0.27796 (67)
mri peak = 0.22725 (69)
Right_Caudate (50): linear fit = 1.01 x + 0.0 (992 voxels, overlap=1.000)
Right_Caudate (50): linear fit = 1.01 x + 0.0 (992 voxels, peak = 68), gca=68.0
gca peak = 0.14473 (69)
mri peak = 0.18936 (69)
Left_Caudate (11): linear fit = 0.96 x + 0.0 (1207 voxels, overlap=0.445)
Left_Caudate (11): linear fit = 0.96 x + 0.0 (1207 voxels, peak = 67), gca=66.6
gca peak = 0.14301 (56)
mri peak = 0.07351 (57)
Left_Cerebellum_Cortex (8): linear fit = 1.04 x + 0.0 (32888 voxels, overlap=0.960)
Left_Cerebellum_Cortex (8): linear fit = 1.04 x + 0.0 (32888 voxels, peak = 59), gca=58.5
gca peak = 0.14610 (55)
mri peak = 0.06380 (57)
Right_Cerebellum_Cortex (47): linear fit = 1.04 x + 0.0 (35343 voxels, overlap=0.990)
Right_Cerebellum_Cortex (47): linear fit = 1.04 x + 0.0 (35343 voxels, peak = 57), gca=57.5
gca peak = 0.16309 (85)
mri peak = 0.12195 (91)
Left_Cerebellum_White_Matter (7): linear fit = 1.09 x + 0.0 (7774 voxels, overlap=0.427)
Left_Cerebellum_White_Matter (7): linear fit = 1.09 x + 0.0 (7774 voxels, peak = 92), gca=92.2
gca peak = 0.15172 (84)
mri peak = 0.12199 (87)
Right_Cerebellum_White_Matter (46): linear fit = 1.07 x + 0.0 (7667 voxels, overlap=0.588)
Right_Cerebellum_White_Matter (46): linear fit = 1.07 x + 0.0 (7667 voxels, peak = 89), gca=89.5
gca peak = 0.30461 (58)
mri peak = 0.12724 (66)
Left_Amygdala (18): linear fit = 1.12 x + 0.0 (606 voxels, overlap=0.045)
Left_Amygdala (18): linear fit = 1.12 x + 0.0 (606 voxels, peak = 65), gca=64.7
gca peak = 0.32293 (57)
mri peak = 0.17435 (66)
Right_Amygdala (54): linear fit = 1.12 x + 0.0 (499 voxels, overlap=0.048)
Right_Amygdala (54): linear fit = 1.12 x + 0.0 (499 voxels, peak = 64), gca=63.6
gca peak = 0.11083 (90)
mri peak = 0.08928 (86)
Left_Thalamus (10): linear fit = 1.00 x + 0.0 (4704 voxels, overlap=0.945)
Left_Thalamus (10): linear fit = 1.00 x + 0.0 (4704 voxels, peak = 90), gca=90.0
gca peak = 0.11393 (83)
mri peak = 0.09470 (87)
Right_Thalamus (49): linear fit = 1.04 x + 0.0 (4672 voxels, overlap=0.809)
Right_Thalamus (49): linear fit = 1.04 x + 0.0 (4672 voxels, peak = 87), gca=86.7
gca peak = 0.08575 (81)
mri peak = 0.09996 (80)
Left_Putamen (12): linear fit = 1.04 x + 0.0 (2191 voxels, overlap=0.767)
Left_Putamen (12): linear fit = 1.04 x + 0.0 (2191 voxels, peak = 85), gca=84.6
gca peak = 0.08618 (78)
mri peak = 0.11697 (79)
Right_Putamen (51): linear fit = 1.00 x + 0.0 (2081 voxels, overlap=0.813)
Right_Putamen (51): linear fit = 1.00 x + 0.0 (2081 voxels, peak = 78), gca=78.0
gca peak = 0.08005 (78)
mri peak = 0.08821 (93)
Brain_Stem (16): linear fit = 1.15 x + 0.0 (12274 voxels, overlap=0.227)
Brain_Stem (16): linear fit = 1.15 x + 0.0 (12274 voxels, peak = 90), gca=90.1
gca peak = 0.12854 (88)
mri peak = 0.11006 (101)
Right_VentralDC (60): linear fit = 1.13 x + 0.0 (1757 voxels, overlap=0.216)
Right_VentralDC (60): linear fit = 1.13 x + 0.0 (1757 voxels, peak = 100), gca=99.9
gca peak = 0.15703 (87)
mri peak = 0.10714 (101)
Left_VentralDC (28): linear fit = 1.15 x + 0.0 (1773 voxels, overlap=0.086)
Left_VentralDC (28): linear fit = 1.15 x + 0.0 (1773 voxels, peak = 100), gca=100.5
gca peak = 0.17522 (25)
mri peak = 0.13179 (26)
gca peak = 0.17113 (14)
mri peak = 0.25181 (18)
Fourth_Ventricle (15): linear fit = 1.23 x + 0.0 (231 voxels, overlap=0.557)
Fourth_Ventricle (15): linear fit = 1.23 x + 0.0 (231 voxels, peak = 17), gca=17.1
gca peak Unknown = 0.94777 ( 0)
gca peak Left_Inf_Lat_Vent = 0.16627 (28)
gca peak Third_Ventricle = 0.17522 (25)
gca peak CSF = 0.20346 (36)
gca peak Left_Accumbens_area = 0.70646 (62)
gca peak Left_undetermined = 1.00000 (28)
gca peak Left_vessel = 0.89917 (53)
gca peak Left_choroid_plexus = 0.11689 (35)
gca peak Right_Inf_Lat_Vent = 0.25504 (23)
gca peak Right_Accumbens_area = 0.31650 (65)
gca peak Right_vessel = 0.77268 (52)
gca peak Right_choroid_plexus = 0.13275 (38)
gca peak Fifth_Ventricle = 0.60973 (33)
gca peak WM_hypointensities = 0.11013 (77)
gca peak non_WM_hypointensities = 0.11354 (41)
gca peak Optic_Chiasm = 0.51646 (76)
not using caudate to estimate GM means
estimating mean gm scale to be 1.08 x + 0.0
estimating mean wm scale to be 1.02 x + 0.0
estimating mean csf scale to be 0.87 x + 0.0
saving intensity scales to aseg.auto_noCCseg.label_intensities.txt
renormalizing by structure alignment....
renormalizing input #0
gca peak = 0.21504 (11)
mri peak = 0.11464 (12)
Left_Lateral_Ventricle (4): linear fit = 0.94 x + 0.0 (1603 voxels, overlap=0.915)
Left_Lateral_Ventricle (4): linear fit = 0.94 x + 0.0 (1603 voxels, peak = 10), gca=10.4
gca peak = 0.26365 (10)
mri peak = 0.11380 (12)
Right_Lateral_Ventricle (43): linear fit = 1.04 x + 0.0 (389 voxels, overlap=0.782)
Right_Lateral_Ventricle (43): linear fit = 1.04 x + 0.0 (389 voxels, peak = 10), gca=10.4
gca peak = 0.23800 (91)
mri peak = 0.12546 (92)
Right_Pallidum (52): linear fit = 1.00 x + 0.0 (824 voxels, overlap=0.996)
Right_Pallidum (52): linear fit = 1.00 x + 0.0 (824 voxels, peak = 91), gca=90.5
gca peak = 0.16426 (99)
mri peak = 0.15428 (99)
Left_Pallidum (13): linear fit = 1.00 x + 0.0 (883 voxels, overlap=0.820)
Left_Pallidum (13): linear fit = 1.00 x + 0.0 (883 voxels, peak = 99), gca=99.5
gca peak = 0.24660 (63)
mri peak = 0.17295 (66)
Right_Hippocampus (53): linear fit = 0.99 x + 0.0 (1125 voxels, overlap=0.927)
Right_Hippocampus (53): linear fit = 0.99 x + 0.0 (1125 voxels, peak = 62), gca=62.1
gca peak = 0.28503 (61)
mri peak = 0.15458 (65)
Left_Hippocampus (17): linear fit = 1.00 x + 0.0 (1058 voxels, overlap=1.003)
Left_Hippocampus (17): linear fit = 1.00 x + 0.0 (1058 voxels, peak = 61), gca=61.0
gca peak = 0.07894 (104)
mri peak = 0.13587 (105)
Right_Cerebral_White_Matter (41): linear fit = 1.00 x + 0.0 (45062 voxels, overlap=0.592)
Right_Cerebral_White_Matter (41): linear fit = 1.00 x + 0.0 (45062 voxels, peak = 104), gca=104.0
gca peak = 0.07627 (108)
mri peak = 0.14652 (105)
Left_Cerebral_White_Matter (2): linear fit = 1.00 x + 0.0 (47246 voxels, overlap=0.666)
Left_Cerebral_White_Matter (2): linear fit = 1.00 x + 0.0 (47246 voxels, peak = 107), gca=107.5
gca peak = 0.10203 (57)
mri peak = 0.05247 (56)
Left_Cerebral_Cortex (3): linear fit = 1.02 x + 0.0 (40573 voxels, overlap=0.976)
Left_Cerebral_Cortex (3): linear fit = 1.02 x + 0.0 (40573 voxels, peak = 58), gca=58.4
gca peak = 0.11158 (60)
mri peak = 0.05529 (60)
Right_Cerebral_Cortex (42): linear fit = 0.99 x + 0.0 (37883 voxels, overlap=0.984)
Right_Cerebral_Cortex (42): linear fit = 0.99 x + 0.0 (37883 voxels, peak = 59), gca=59.1
gca peak = 0.26370 (68)
mri peak = 0.22725 (69)
Right_Caudate (50): linear fit = 1.00 x + 0.0 (992 voxels, overlap=1.000)
Right_Caudate (50): linear fit = 1.00 x + 0.0 (992 voxels, peak = 68), gca=68.0
gca peak = 0.14003 (66)
mri peak = 0.18936 (69)
Left_Caudate (11): linear fit = 1.01 x + 0.0 (1207 voxels, overlap=0.651)
Left_Caudate (11): linear fit = 1.01 x + 0.0 (1207 voxels, peak = 67), gca=67.0
gca peak = 0.13268 (58)
mri peak = 0.07351 (57)
Left_Cerebellum_Cortex (8): linear fit = 0.99 x + 0.0 (32888 voxels, overlap=0.996)
Left_Cerebellum_Cortex (8): linear fit = 0.99 x + 0.0 (32888 voxels, peak = 57), gca=57.1
gca peak = 0.15509 (58)
mri peak = 0.06380 (57)
Right_Cerebellum_Cortex (47): linear fit = 0.99 x + 0.0 (35343 voxels, overlap=0.997)
Right_Cerebellum_Cortex (47): linear fit = 0.99 x + 0.0 (35343 voxels, peak = 57), gca=57.1
gca peak = 0.14943 (92)
mri peak = 0.12195 (91)
Left_Cerebellum_White_Matter (7): linear fit = 0.99 x + 0.0 (7774 voxels, overlap=0.939)
Left_Cerebellum_White_Matter (7): linear fit = 0.99 x + 0.0 (7774 voxels, peak = 91), gca=90.6
gca peak = 0.17011 (90)
mri peak = 0.12199 (87)
Right_Cerebellum_White_Matter (46): linear fit = 1.00 x + 0.0 (7667 voxels, overlap=0.915)
Right_Cerebellum_White_Matter (46): linear fit = 1.00 x + 0.0 (7667 voxels, peak = 90), gca=90.0
gca peak = 0.23829 (65)
mri peak = 0.12724 (66)
Left_Amygdala (18): linear fit = 1.03 x + 0.0 (606 voxels, overlap=0.826)
Left_Amygdala (18): linear fit = 1.03 x + 0.0 (606 voxels, peak = 67), gca=67.3
gca peak = 0.32482 (64)
mri peak = 0.17435 (66)
Right_Amygdala (54): linear fit = 1.01 x + 0.0 (499 voxels, overlap=1.003)
Right_Amygdala (54): linear fit = 1.01 x + 0.0 (499 voxels, peak = 65), gca=65.0
gca peak = 0.10831 (88)
mri peak = 0.08928 (86)
Left_Thalamus (10): linear fit = 0.99 x + 0.0 (4704 voxels, overlap=0.924)
Left_Thalamus (10): linear fit = 0.99 x + 0.0 (4704 voxels, peak = 87), gca=86.7
gca peak = 0.09525 (87)
mri peak = 0.09470 (87)
Right_Thalamus (49): linear fit = 0.99 x + 0.0 (4672 voxels, overlap=0.833)
Right_Thalamus (49): linear fit = 0.99 x + 0.0 (4672 voxels, peak = 86), gca=85.7
gca peak = 0.07724 (83)
mri peak = 0.09996 (80)
Left_Putamen (12): linear fit = 0.99 x + 0.0 (2191 voxels, overlap=0.802)
Left_Putamen (12): linear fit = 0.99 x + 0.0 (2191 voxels, peak = 82), gca=81.8
gca peak = 0.08618 (78)
mri peak = 0.11697 (79)
Right_Putamen (51): linear fit = 1.00 x + 0.0 (2081 voxels, overlap=0.813)
Right_Putamen (51): linear fit = 1.00 x + 0.0 (2081 voxels, peak = 78), gca=78.0
gca peak = 0.06827 (91)
mri peak = 0.08821 (93)
Brain_Stem (16): linear fit = 1.00 x + 0.0 (12274 voxels, overlap=0.780)
Brain_Stem (16): linear fit = 1.00 x + 0.0 (12274 voxels, peak = 91), gca=91.0
gca peak = 0.11429 (100)
mri peak = 0.11006 (101)
Right_VentralDC (60): linear fit = 1.00 x + 0.0 (1757 voxels, overlap=0.822)
Right_VentralDC (60): linear fit = 1.00 x + 0.0 (1757 voxels, peak = 100), gca=99.5
gca peak = 0.13606 (99)
mri peak = 0.10714 (101)
Left_VentralDC (28): linear fit = 1.00 x + 0.0 (1773 voxels, overlap=0.844)
Left_VentralDC (28): linear fit = 1.00 x + 0.0 (1773 voxels, peak = 99), gca=98.5
gca peak = 0.20009 (23)
mri peak = 0.13179 (26)
gca peak = 0.17406 (18)
mri peak = 0.25181 (18)
Fourth_Ventricle (15): linear fit = 0.98 x + 0.0 (231 voxels, overlap=0.632)
Fourth_Ventricle (15): linear fit = 0.98 x + 0.0 (231 voxels, peak = 18), gca=17.6
gca peak Unknown = 0.94777 ( 0)
gca peak Left_Inf_Lat_Vent = 0.19037 (30)
gca peak Third_Ventricle = 0.20009 (23)
gca peak CSF = 0.24530 (31)
gca peak Left_Accumbens_area = 0.80291 (60)
gca peak Left_undetermined = 1.00000 (28)
gca peak Left_vessel = 0.89917 (53)
gca peak Left_choroid_plexus = 0.11691 (35)
gca peak Right_Inf_Lat_Vent = 0.23436 (26)
gca peak Right_Accumbens_area = 0.31650 (66)
gca peak Right_vessel = 0.77268 (52)
gca peak Right_choroid_plexus = 0.13275 (38)
gca peak Fifth_Ventricle = 0.91795 (28)
gca peak WM_hypointensities = 0.10208 (78)
gca peak non_WM_hypointensities = 0.08220 (42)
gca peak Optic_Chiasm = 0.53531 (76)
not using caudate to estimate GM means
estimating mean gm scale to be 1.01 x + 0.0
estimating mean wm scale to be 1.00 x + 0.0
estimating mean csf scale to be 0.99 x + 0.0
saving intensity scales to aseg.auto_noCCseg.label_intensities.txt
saving sequentially combined intensity scales to aseg.auto_noCCseg.label_intensities.txt
39000 voxels changed in iteration 0 of unlikely voxel relabeling
161 voxels changed in iteration 1 of unlikely voxel relabeling
12 voxels changed in iteration 2 of unlikely voxel relabeling
3 voxels changed in iteration 3 of unlikely voxel relabeling
0 voxels changed in iteration 4 of unlikely voxel relabeling
27370 gm and wm labels changed (%33 to gray, %67 to white out of all changed labels)
946 hippocampal voxels changed.
0 amygdala voxels changed.
Reclassifying using Gibbs Priors
pass 1: 56121 changed. image ll: -2.086, PF=0.500
pass 2: 14184 changed. image ll: -2.085, PF=0.500
pass 3: 4804 changed.
21962 voxels changed in iteration 0 of unlikely voxel relabeling
160 voxels changed in iteration 1 of unlikely voxel relabeling
1 voxels changed in iteration 2 of unlikely voxel relabeling
0 voxels changed in iteration 3 of unlikely voxel relabeling
5737 voxels changed in iteration 0 of unlikely voxel relabeling
37 voxels changed in iteration 1 of unlikely voxel relabeling
13 voxels changed in iteration 2 of unlikely voxel relabeling
2 voxels changed in iteration 3 of unlikely voxel relabeling
0 voxels changed in iteration 4 of unlikely voxel relabeling
5800 voxels changed in iteration 0 of unlikely voxel relabeling
75 voxels changed in iteration 1 of unlikely voxel relabeling
0 voxels changed in iteration 2 of unlikely voxel relabeling
4915 voxels changed in iteration 0 of unlikely voxel relabeling
37 voxels changed in iteration 1 of unlikely voxel relabeling
1 voxels changed in iteration 2 of unlikely voxel relabeling
1 voxels changed in iteration 3 of unlikely voxel relabeling
0 voxels changed in iteration 4 of unlikely voxel relabeling
 !!!!!!!!! ventricle segment 0 with volume 8611 above threshold 100 - not erasing !!!!!!!!!!
 !!!!!!!!! ventricle segment 5 with volume 219 above threshold 100 - not erasing !!!!!!!!!!
 !!!!!!!!! ventricle segment 0 with volume 3288 above threshold 100 - not erasing !!!!!!!!!!
writing labeled volume to aseg.auto_noCCseg.mgz
mri_ca_label utimesec    1737.694953
mri_ca_label stimesec    3.363485
mri_ca_label ru_maxrss   2096596
mri_ca_label ru_ixrss    0
mri_ca_label ru_idrss    0
mri_ca_label ru_isrss    0
mri_ca_label ru_minflt   3782477
mri_ca_label ru_majflt   22
mri_ca_label ru_nswap    0
mri_ca_label ru_inblock  1142
mri_ca_label ru_oublock  648
mri_ca_label ru_msgsnd   0
mri_ca_label ru_msgrcv   0
mri_ca_label ru_nsignals 0
mri_ca_label ru_nvcsw    2829
mri_ca_label ru_nivcsw   2434
auto-labeling took 27 minutes and 42 seconds.
#--------------------------------------
#@# CC Seg Wed Mar 11 13:15:26 CET 2026

 mri_cc -aseg aseg.auto_noCCseg.mgz -o aseg.auto.mgz -lta /out/sourcedata/freesurfer/sub-v2s16x51300_ses-1/mri/transforms/cc_up.lta sub-v2s16x51300_ses-1 

will read input aseg from aseg.auto_noCCseg.mgz
writing aseg with cc labels to aseg.auto.mgz
will write lta as /out/sourcedata/freesurfer/sub-v2s16x51300_ses-1/mri/transforms/cc_up.lta
reading aseg from /out/sourcedata/freesurfer/sub-v2s16x51300_ses-1/mri/aseg.auto_noCCseg.mgz
reading norm from /out/sourcedata/freesurfer/sub-v2s16x51300_ses-1/mri/norm.mgz
42147 voxels in left wm, 46714 in right wm, xrange [123, 133]
searching rotation angles z=[-4 10], y=[-9  5]
searching scale 1 Z rot -3.8  searching scale 1 Z rot -3.5  searching scale 1 Z rot -3.3  searching scale 1 Z rot -3.0  searching scale 1 Z rot -2.8  searching scale 1 Z rot -2.5  searching scale 1 Z rot -2.3  searching scale 1 Z rot -2.0  searching scale 1 Z rot -1.8  searching scale 1 Z rot -1.5  searching scale 1 Z rot -1.3  searching scale 1 Z rot -1.0  searching scale 1 Z rot -0.8  searching scale 1 Z rot -0.5  searching scale 1 Z rot -0.3  searching scale 1 Z rot -0.0  searching scale 1 Z rot 0.2  searching scale 1 Z rot 0.5  searching scale 1 Z rot 0.7  searching scale 1 Z rot 1.0  searching scale 1 Z rot 1.2  searching scale 1 Z rot 1.5  searching scale 1 Z rot 1.7  searching scale 1 Z rot 2.0  searching scale 1 Z rot 2.2  searching scale 1 Z rot 2.5  searching scale 1 Z rot 2.7  searching scale 1 Z rot 3.0  searching scale 1 Z rot 3.2  searching scale 1 Z rot 3.5  searching scale 1 Z rot 3.7  searching scale 1 Z rot 4.0  searching scale 1 Z rot 4.2  searching scale 1 Z rot 4.5  searching scale 1 Z rot 4.7  searching scale 1 Z rot 5.0  searching scale 1 Z rot 5.2  searching scale 1 Z rot 5.5  searching scale 1 Z rot 5.7  searching scale 1 Z rot 6.0  searching scale 1 Z rot 6.2  searching scale 1 Z rot 6.5  searching scale 1 Z rot 6.7  searching scale 1 Z rot 7.0  searching scale 1 Z rot 7.2  searching scale 1 Z rot 7.5  searching scale 1 Z rot 7.7  searching scale 1 Z rot 8.0  searching scale 1 Z rot 8.2  searching scale 1 Z rot 8.5  searching scale 1 Z rot 8.7  searching scale 1 Z rot 9.0  searching scale 1 Z rot 9.2  searching scale 1 Z rot 9.5  searching scale 1 Z rot 9.7  searching scale 1 Z rot 10.0  global minimum found at slice 127.3, rotations (-2.10, 3.23)
final transformation (x=127.3, yr=-2.100, zr=3.234):
 0.99774  -0.05641  -0.03659   11.42231;
 0.05637   0.99841  -0.00207   18.24901;
 0.03664   0.00000   0.99933  -2.57966;
 0.00000   0.00000   0.00000   1.00000;
updating x range to be [126, 132] in xformed coordinates
best xformed slice 128
min_x_fornix = 148
min_x_fornix = 149
min_x_fornix = 149
min_x_fornix = 146
min_x_fornix = 145
cc center is found at 128 103 126
eigenvectors:
 0.00013   0.00862   0.99996;
 0.03695  -0.99928   0.00861;
 0.99932   0.03695  -0.00045;
writing aseg with callosum to /out/sourcedata/freesurfer/sub-v2s16x51300_ses-1/mri/aseg.auto.mgz...
corpus callosum segmentation took 0.6 minutes
#VMPC# mri_cc VmPeak  554828
mri_cc done
#--------------------------------------
#@# Merge ASeg Wed Mar 11 13:16:02 CET 2026

 cp aseg.auto.mgz aseg.presurf.mgz 

#--------------------------------------------
#@# Intensity Normalization2 Wed Mar 11 13:16:02 CET 2026
/out/sourcedata/freesurfer/sub-v2s16x51300_ses-1/mri

 mri_normalize -seed 1234 -mprage -aseg aseg.presurf.mgz -mask brainmask.mgz norm.mgz brain.mgz 

setting seed for random number genererator to 1234
assuming input volume is MGH (Van der Kouwe) MP-RAGE
using segmentation for initial intensity normalization
using MR volume brainmask.mgz to mask input volume...
reading mri_src from norm.mgz...
Reading aseg aseg.presurf.mgz
normalizing image...
NOT doing gentle normalization with control points/label
processing with aseg
removing outliers in the aseg WM...
748 control points removed
Building bias image
building Voronoi diagram...
performing soap bubble smoothing, sigma = 0...
Smoothing with sigma 8
Applying bias correction
building Voronoi diagram...
performing soap bubble smoothing, sigma = 8...

Iterating 2 times
---------------------------------
3d normalization pass 1 of 2
white matter peak found at 110
white matter peak found at 110
gm peak at 65 (65), valley at  0 (-1)
csf peak at 32, setting threshold to 54
building Voronoi diagram...
performing soap bubble smoothing, sigma = 8...
---------------------------------
3d normalization pass 2 of 2
white matter peak found at 110
white matter peak found at 110
gm peak at 65 (65), valley at  0 (-1)
csf peak at 32, setting threshold to 54
building Voronoi diagram...
performing soap bubble smoothing, sigma = 8...
Done iterating ---------------------------------
writing output to brain.mgz
3D bias adjustment took 2 minutes and 9 seconds.
#--------------------------------------------
#@# Mask BFS Wed Mar 11 13:18:11 CET 2026
/out/sourcedata/freesurfer/sub-v2s16x51300_ses-1/mri

 mri_mask -T 5 brain.mgz brainmask.mgz brain.finalsurfs.mgz 

threshold mask volume at 5
DoAbs = 0
Found 1533972 voxels in mask (pct=  9.14)
Writing masked volume to brain.finalsurfs.mgz...done.
#--------------------------------------------
#@# WM Segmentation Wed Mar 11 13:18:12 CET 2026

 AntsDenoiseImageFs -i brain.mgz -o antsdn.brain.mgz 


 mri_segment -wsizemm 13 -mprage antsdn.brain.mgz wm.seg.mgz 

wsizemm = 13, voxres = 1, wsize = 13
Widening wm low from 89 to 79
assuming input volume is MGH (Van der Kouwe) MP-RAGE
wm mean:  110
wsize:    13
wm low:   79
wm hi:    125
gray low: 30
gray hi:  99
Doing initial trinary intensity segmentation 
Using local statistics to label ambiguous voxels
Autodetecting stats
Computing class statistics for intensity windows...
CCS WM (103.0): 102.9 +- 5.2 [79.0 --> 125.0]
CCS GM (73.0) : 71.9 +- 9.4 [30.0 --> 95.0]
 white_mean 102.922
 white_sigma 5.23023
 gray_mean 71.9309
 gray_sigma 9.35355
setting bottom of white matter range wm_low to 81.3
setting top of gray matter range gray_hi to 90.6
 wm_low 81.2845
 wm_hi  125
 gray_low 30
 gray_hi  90.638
Redoing initial intensity segmentation...
Recomputing local statistics to label ambiguous voxels...
 wm_low 81.2845
 wm_hi  125
 gray_low 30
 gray_hi  90.638
using local geometry to label remaining ambiguous voxels...
polvwsize = 5, polvlen = 3, gray_hi = 90.638, wm_low = 81.2845
MRIcpolvMedianCurveSegment(): wsize=5, len=3, gmhi=90.638, wmlow=81.2845
    120759 voxels processed (0.72%)
     56171 voxels white (0.33%)
     64588 voxels non-white (0.38%)

Reclassifying voxels using Gaussian border classifier niter=1
MRIreclassify(): wm_low=76.2845, gray_hi=90.638, wsize=13
    213411 voxels tested (1.27%)
     41117 voxels changed (0.25%)
     52732 multi-scale searches  (0.31%)
Recovering bright white
MRIrecoverBrightWhite()
 wm_low 81.2845
 wm_hi 125
 slack 5.23023
 pct_thresh 0.33
 intensity_thresh 130.23
 nvox_thresh 8.58
        2 voxels tested (0.00%)
        2 voxels changed (0.00%)

removing voxels with positive offset direction...
MRIremoveWrongDirection() wsize=3, lowthr=76.2845, hithr=90.638
  smoothing input volume with sigma = 0.250
    70061 voxels tested (0.42%)
    14091 voxels changed (0.08%)
thicken = 1
removing 1-dimensional structures...
MRIremove1dStructures(): max_iter=10000, thresh=2, WM_MIN_VAL=5
 1166 sparsely connected voxels removed in 1 iterations
thickening thin strands....
thickness 4
nsegments 20
wm_hi 125
818 diagonally connected voxels added...
MRIthickenThinWMStrands(): thickness=4, nsegments=20
  20 segments, 2866 filled
MRIfindBrightNonWM(): 2 bright non-wm voxels segmented.
MRIfilterMorphology() WM_MIN_VAL=5, DIAGONAL_FILL=230
white matter segmentation took 0.9 minutes
writing output to wm.seg.mgz...

 mri_edit_wm_with_aseg -keep-in wm.seg.mgz brain.mgz aseg.presurf.mgz wm.asegedit.mgz 

preserving editing changes in input volume...
auto filling took 0.41 minutes
reading wm segmentation from wm.seg.mgz...
0 voxels added to wm to prevent paths from MTL structures to cortex
3345 additional wm voxels added
0 additional wm voxels added
SEG EDIT: 41195 voxels turned on, 45582 voxels turned off.
propagating editing to output volume from wm.seg.mgz
writing edited volume to wm.asegedit.mgz....

 mri_pretess wm.asegedit.mgz wm norm.mgz wm.mgz 


Iteration Number : 1
pass   1 (xy+):  16 found -  16 modified     |    TOTAL:  16
pass   2 (xy+):   0 found -  16 modified     |    TOTAL:  16
pass   1 (xy-):  30 found -  30 modified     |    TOTAL:  46
pass   2 (xy-):   0 found -  30 modified     |    TOTAL:  46
pass   1 (yz+):  31 found -  31 modified     |    TOTAL:  77
pass   2 (yz+):   0 found -  31 modified     |    TOTAL:  77
pass   1 (yz-):  25 found -  25 modified     |    TOTAL: 102
pass   2 (yz-):   0 found -  25 modified     |    TOTAL: 102
pass   1 (xz+):  22 found -  22 modified     |    TOTAL: 124
pass   2 (xz+):   0 found -  22 modified     |    TOTAL: 124
pass   1 (xz-):  31 found -  31 modified     |    TOTAL: 155
pass   2 (xz-):   0 found -  31 modified     |    TOTAL: 155
Iteration Number : 1
pass   1 (+++):   4 found -   4 modified     |    TOTAL:   4
pass   2 (+++):   0 found -   4 modified     |    TOTAL:   4
pass   1 (+++):   0 found -   0 modified     |    TOTAL:   4
pass   1 (+++):   6 found -   6 modified     |    TOTAL:  10
pass   2 (+++):   0 found -   6 modified     |    TOTAL:  10
pass   1 (+++):   4 found -   4 modified     |    TOTAL:  14
pass   2 (+++):   0 found -   4 modified     |    TOTAL:  14
Iteration Number : 1
pass   1 (++):  29 found -  29 modified     |    TOTAL:  29
pass   2 (++):   0 found -  29 modified     |    TOTAL:  29
pass   1 (+-):  69 found -  69 modified     |    TOTAL:  98
pass   2 (+-):   0 found -  69 modified     |    TOTAL:  98
pass   1 (--):  35 found -  35 modified     |    TOTAL: 133
pass   2 (--):   0 found -  35 modified     |    TOTAL: 133
pass   1 (-+):  63 found -  63 modified     |    TOTAL: 196
pass   2 (-+):   0 found -  63 modified     |    TOTAL: 196
Iteration Number : 2
pass   1 (xy+):   1 found -   1 modified     |    TOTAL:   1
pass   2 (xy+):   0 found -   1 modified     |    TOTAL:   1
pass   1 (xy-):   2 found -   2 modified     |    TOTAL:   3
pass   2 (xy-):   0 found -   2 modified     |    TOTAL:   3
pass   1 (yz+):   1 found -   1 modified     |    TOTAL:   4
pass   2 (yz+):   0 found -   1 modified     |    TOTAL:   4
pass   1 (yz-):   2 found -   2 modified     |    TOTAL:   6
pass   2 (yz-):   0 found -   2 modified     |    TOTAL:   6
pass   1 (xz+):   3 found -   3 modified     |    TOTAL:   9
pass   2 (xz+):   0 found -   3 modified     |    TOTAL:   9
pass   1 (xz-):   0 found -   0 modified     |    TOTAL:   9
Iteration Number : 2
pass   1 (+++):   0 found -   0 modified     |    TOTAL:   0
pass   1 (+++):   2 found -   2 modified     |    TOTAL:   2
pass   2 (+++):   0 found -   2 modified     |    TOTAL:   2
pass   1 (+++):   0 found -   0 modified     |    TOTAL:   2
pass   1 (+++):   6 found -   6 modified     |    TOTAL:   8
pass   2 (+++):   0 found -   6 modified     |    TOTAL:   8
Iteration Number : 2
pass   1 (++):   1 found -   1 modified     |    TOTAL:   1
pass   2 (++):   0 found -   1 modified     |    TOTAL:   1
pass   1 (+-):   2 found -   2 modified     |    TOTAL:   3
pass   2 (+-):   0 found -   2 modified     |    TOTAL:   3
pass   1 (--):   0 found -   0 modified     |    TOTAL:   3
pass   1 (-+):   1 found -   1 modified     |    TOTAL:   4
pass   2 (-+):   0 found -   1 modified     |    TOTAL:   4
Iteration Number : 3
pass   1 (xy+):   1 found -   1 modified     |    TOTAL:   1
pass   2 (xy+):   0 found -   1 modified     |    TOTAL:   1
pass   1 (xy-):   0 found -   0 modified     |    TOTAL:   1
pass   1 (yz+):   0 found -   0 modified     |    TOTAL:   1
pass   1 (yz-):   3 found -   3 modified     |    TOTAL:   4
pass   2 (yz-):   0 found -   3 modified     |    TOTAL:   4
pass   1 (xz+):   1 found -   1 modified     |    TOTAL:   5
pass   2 (xz+):   0 found -   1 modified     |    TOTAL:   5
pass   1 (xz-):   0 found -   0 modified     |    TOTAL:   5
Iteration Number : 3
pass   1 (+++):   0 found -   0 modified     |    TOTAL:   0
pass   1 (+++):   0 found -   0 modified     |    TOTAL:   0
pass   1 (+++):   0 found -   0 modified     |    TOTAL:   0
pass   1 (+++):   0 found -   0 modified     |    TOTAL:   0
Iteration Number : 3
pass   1 (++):   0 found -   0 modified     |    TOTAL:   0
pass   1 (+-):   0 found -   0 modified     |    TOTAL:   0
pass   1 (--):   0 found -   0 modified     |    TOTAL:   0
pass   1 (-+):   0 found -   0 modified     |    TOTAL:   0
Iteration Number : 4
pass   1 (xy+):   0 found -   0 modified     |    TOTAL:   0
pass   1 (xy-):   0 found -   0 modified     |    TOTAL:   0
pass   1 (yz+):   0 found -   0 modified     |    TOTAL:   0
pass   1 (yz-):   0 found -   0 modified     |    TOTAL:   0
pass   1 (xz+):   0 found -   0 modified     |    TOTAL:   0
pass   1 (xz-):   0 found -   0 modified     |    TOTAL:   0
Iteration Number : 4
pass   1 (+++):   0 found -   0 modified     |    TOTAL:   0
pass   1 (+++):   0 found -   0 modified     |    TOTAL:   0
pass   1 (+++):   0 found -   0 modified     |    TOTAL:   0
pass   1 (+++):   0 found -   0 modified     |    TOTAL:   0
Iteration Number : 4
pass   1 (++):   0 found -   0 modified     |    TOTAL:   0
pass   1 (+-):   0 found -   0 modified     |    TOTAL:   0
pass   1 (--):   0 found -   0 modified     |    TOTAL:   0
pass   1 (-+):   0 found -   0 modified     |    TOTAL:   0

Total Number of Modified Voxels = 391 (out of 563894: 0.069339)
binarizing input wm segmentation...
Ambiguous edge configurations... 

mri_pretess done

#--------------------------------------------
#@# Fill Wed Mar 11 13:20:06 CET 2026
/out/sourcedata/freesurfer/sub-v2s16x51300_ses-1/mri

 mri_fill -a ../scripts/ponscc.cut.log -xform transforms/talairach.lta -segmentation aseg.presurf.mgz -ctab /opt/freesurfer/SubCorticalMassLUT.txt wm.mgz filled.mgz 

logging cutting plane coordinates to ../scripts/ponscc.cut.log...
INFO: Using transforms/talairach.lta and its offset for Talairach volume ...
using segmentation aseg.presurf.mgz...
reading input volume...done.
searching for cutting planes...voxel to talairach voxel transform
 1.03246  -0.07663  -0.02415   4.59205;
 0.06544   1.13810   0.01646  -29.45177;
 0.02438  -0.02029   0.99816  -22.27209;
 0.00000   0.00000   0.00000   1.00000;
voxel to talairach voxel transform
 1.03246  -0.07663  -0.02415   4.59205;
 0.06544   1.13810   0.01646  -29.45177;
 0.02438  -0.02029   0.99816  -22.27209;
 0.00000   0.00000   0.00000   1.00000;
reading segmented volume aseg.presurf.mgz
removing CC from segmentation
Looking for area (min, max) = (350, 1400)
area[0] = 1231 (min = 350, max = 1400), aspect = 0.51 (min = 0.10, max = 0.75)
no need to search
using seed (125, 116, 93), TAL = (3.0, -35.0, 12.0)
talairach voxel to voxel transform
 0.96390   0.06530   0.02225  -2.00760;
-0.05506   0.87467  -0.01575   25.66267;
-0.02466   0.01618   1.00098   22.88379;
 0.00000   0.00000   0.00000   1.00000;
segmentation indicates cc at (125,  116,  93) --> (3.0, -35.0, 12.0)
done.
filling took 1.0 minutes
talairach cc position changed to (3.00, -35.00, 12.00)
Erasing brainstem...done.
seed_search_size = 9, min_neighbors = 5
search rh wm seed point around talairach space:(21.00, -35.00, 12.00) SRC: (110.77, 119.77, 115.21)
search lh wm seed point around talairach space (-15.00, -35.00, 12.00), SRC: (145.47, 117.79, 114.33)
compute mri_fill using aseg
Erasing Brain Stem and Cerebellum ...
Define left and right masks using aseg:
Building Voronoi diagram ...
Using the Voronoi diagram for separating WM into two hemispheres ...
Find the largest connected component for each hemisphere ...
Embedding colortable
mri_fill done, writing output to filled.mgz...
 cp filled.mgz filled.auto.mgz

Started at Wed Mar 11 12:00:30 CET 2026 
Ended   at Wed Mar 11 13:21:08 CET 2026
#@#%# recon-all-run-time-hours 1.344
recon-all -s sub-v2s16x51300_ses-1 finished without error at Wed Mar 11 13:21:08 CET 2026



#New# invocation of recon-all 




Wed Mar 11 13:56:04 CET 2026
cd /out/sourcedata/freesurfer/sub-v2s16x51300_ses-1
setenv SUBJECTS_DIR /out/sourcedata/freesurfer
/opt/freesurfer/bin/recon-all -parallel -subjid sub-v2s16x51300_ses-1 -sd /out/sourcedata/freesurfer -cortribbon

subjid sub-v2s16x51300_ses-1
setenv SUBJECTS_DIR /out/sourcedata/freesurfer
FREESURFER_HOME /opt/freesurfer
Actual FREESURFER_HOME /opt/freesurfer
build-stamp.txt: freesurfer-linux-ubuntu22_x86_64-7.3.2-20220804-6354275
Linux dna063 5.14.0-427.37.1.el9_4.x86_64 #1 SMP PREEMPT_DYNAMIC Fri Sep 13 12:41:50 EDT 2024 x86_64 x86_64 x86_64 GNU/Linux
cputime      unlimited
filesize     unlimited
datasize     unlimited
stacksize    8192 kbytes
coredumpsize 0 kbytes
memoryuse    67108864 kbytes
vmemoryuse   unlimited
descriptors  1024 
memorylocked unlimited
maxproc      2061970 
maxlocks     unlimited
maxsignal    2061970 
maxmessage   819200 
maxnice      0 
maxrtprio    0 
maxrttime    unlimited

               total        used        free      shared  buff/cache   available
Mem:           503Gi        53Gi       349Gi        10Gi       101Gi       436Gi
Swap:             0B          0B          0B

########################################
program versions used
7.3.2 (freesurfer-linux-ubuntu22_x86_64-7.3.2-20220804-6354275)
7.3.2

ProgramName: lta_convert  ProgramArguments: lta_convert -all-info  ProgramVersion: 7.3.2  TimeStamp: 2026/03/11-12:56:04-GMT  BuildTime: Aug  4 2022 06:17:15  BuildStamp: freesurfer-linux-ubuntu22_x86_64-7.3.2-20220804-6354275  User: oesteban  Machine: dna063  Platform: Linux  PlatformVersion: 5.14.0-427.37.1.el9_4.x86_64  CompilerName: GCC  CompilerVersion: 8.4.0
ProgramName: mri_and  ProgramArguments: mri_and -all-info  ProgramVersion: 7.3.2  TimeStamp: 2026/03/11-12:56:04-GMT  BuildTime: Aug  4 2022 06:17:15  BuildStamp: freesurfer-linux-ubuntu22_x86_64-7.3.2-20220804-6354275  User: oesteban  Machine: dna063  Platform: Linux  PlatformVersion: 5.14.0-427.37.1.el9_4.x86_64  CompilerName: GCC  CompilerVersion: 8.4.0
ProgramName: mri_annotation2label  ProgramArguments: mri_annotation2label -all-info  ProgramVersion: 7.3.2  TimeStamp: 2026/03/11-12:56:04-GMT  BuildTime: Aug  4 2022 06:17:15  BuildStamp: freesurfer-linux-ubuntu22_x86_64-7.3.2-20220804-6354275  User: oesteban  Machine: dna063  Platform: Linux  PlatformVersion: 5.14.0-427.37.1.el9_4.x86_64  CompilerName: GCC  CompilerVersion: 8.4.0
ProgramName: mri_aparc2aseg  ProgramArguments: mri_aparc2aseg -all-info  ProgramVersion: 7.3.2  TimeStamp: 2026/03/11-12:56:04-GMT  BuildTime: Aug  4 2022 06:17:15  BuildStamp: freesurfer-linux-ubuntu22_x86_64-7.3.2-20220804-6354275  User: oesteban  Machine: dna063  Platform: Linux  PlatformVersion: 5.14.0-427.37.1.el9_4.x86_64  CompilerName: GCC  CompilerVersion: 8.4.0
ProgramName: mri_surf2volseg  ProgramArguments: mri_surf2volseg -all-info  ProgramVersion: 7.3.2  TimeStamp: 2026/03/11-12:56:04-GMT  BuildTime: Aug  4 2022 06:17:15  BuildStamp: freesurfer-linux-ubuntu22_x86_64-7.3.2-20220804-6354275  User: oesteban  Machine: dna063  Platform: Linux  PlatformVersion: 5.14.0-427.37.1.el9_4.x86_64  CompilerName: GCC  CompilerVersion: 8.4.0
ProgramName: mri_binarize  ProgramArguments: mri_binarize -all-info  ProgramVersion: 7.3.2  TimeStamp: 2026/03/11-12:56:04-GMT  BuildTime: Aug  4 2022 06:17:15  BuildStamp: freesurfer-linux-ubuntu22_x86_64-7.3.2-20220804-6354275  User: oesteban  Machine: dna063  Platform: Linux  PlatformVersion: 5.14.0-427.37.1.el9_4.x86_64  CompilerName: GCC  CompilerVersion: 8.4.0
ProgramName: mri_ca_label  ProgramArguments: mri_ca_label -all-info  ProgramVersion: 7.3.2  TimeStamp: 2026/03/11-12:56:04-GMT  BuildTime: Aug  4 2022 06:17:15  BuildStamp: freesurfer-linux-ubuntu22_x86_64-7.3.2-20220804-6354275  User: oesteban  Machine: dna063  Platform: Linux  PlatformVersion: 5.14.0-427.37.1.el9_4.x86_64  CompilerName: GCC  CompilerVersion: 8.4.0
ProgramName: mri_ca_normalize  ProgramArguments: mri_ca_normalize -all-info  ProgramVersion: 7.3.2  TimeStamp: 2026/03/11-12:56:04-GMT  BuildTime: Aug  4 2022 06:17:15  BuildStamp: freesurfer-linux-ubuntu22_x86_64-7.3.2-20220804-6354275  User: oesteban  Machine: dna063  Platform: Linux  PlatformVersion: 5.14.0-427.37.1.el9_4.x86_64  CompilerName: GCC  CompilerVersion: 8.4.0
ProgramName: mri_ca_register  ProgramArguments: mri_ca_register -all-info  ProgramVersion: 7.3.2  TimeStamp: 2026/03/11-12:56:04-GMT  BuildTime: Aug  4 2022 06:17:15  BuildStamp: freesurfer-linux-ubuntu22_x86_64-7.3.2-20220804-6354275  User: oesteban  Machine: dna063  Platform: Linux  PlatformVersion: 5.14.0-427.37.1.el9_4.x86_64  CompilerName: GCC  CompilerVersion: 8.4.0
ProgramName: mri_cc  ProgramArguments: mri_cc -all-info  ProgramVersion: 7.3.2  TimeStamp: 2026/03/11-12:56:04-GMT  BuildTime: Aug  4 2022 06:17:15  BuildStamp: freesurfer-linux-ubuntu22_x86_64-7.3.2-20220804-6354275  User: oesteban  Machine: dna063  Platform: Linux  PlatformVersion: 5.14.0-427.37.1.el9_4.x86_64  CompilerName: GCC  CompilerVersion: 8.4.0
ProgramName: mri_compute_overlap  ProgramArguments: mri_compute_overlap -all-info  ProgramVersion: 7.3.2  TimeStamp: 2026/03/11-12:56:04-GMT  BuildTime: Aug  4 2022 06:17:15  BuildStamp: freesurfer-linux-ubuntu22_x86_64-7.3.2-20220804-6354275  User: oesteban  Machine: dna063  Platform: Linux  PlatformVersion: 5.14.0-427.37.1.el9_4.x86_64  CompilerName: GCC  CompilerVersion: 8.4.0
ProgramName: mri_compute_seg_overlap  ProgramArguments: mri_compute_seg_overlap -all-info  ProgramVersion: 7.3.2  TimeStamp: 2026/03/11-12:56:04-GMT  BuildTime: Aug  4 2022 06:17:15  BuildStamp: freesurfer-linux-ubuntu22_x86_64-7.3.2-20220804-6354275  User: oesteban  Machine: dna063  Platform: Linux  PlatformVersion: 5.14.0-427.37.1.el9_4.x86_64  CompilerName: GCC  CompilerVersion: 8.4.0
ProgramName: mri_concat  ProgramArguments: mri_concat -all-info  ProgramVersion: 7.3.2  TimeStamp: 2026/03/11-12:56:04-GMT  BuildTime: Aug  4 2022 06:17:15  BuildStamp: freesurfer-linux-ubuntu22_x86_64-7.3.2-20220804-6354275  User: oesteban  Machine: dna063  Platform: Linux  PlatformVersion: 5.14.0-427.37.1.el9_4.x86_64  CompilerName: GCC  CompilerVersion: 8.4.0
ProgramName: mri_concatenate_lta  ProgramArguments: mri_concatenate_lta -all-info  ProgramVersion: 7.3.2  TimeStamp: 2026/03/11-12:56:04-GMT  BuildTime: Aug  4 2022 06:17:15  BuildStamp: freesurfer-linux-ubuntu22_x86_64-7.3.2-20220804-6354275  User: oesteban  Machine: dna063  Platform: Linux  PlatformVersion: 5.14.0-427.37.1.el9_4.x86_64  CompilerName: GCC  CompilerVersion: 8.4.0
mri_convert -all-info 
ProgramName: mri_convert  ProgramArguments: mri_convert -all-info  ProgramVersion: 7.3.2  TimeStamp: 2026/03/11-12:56:04-GMT  BuildTime: Aug  4 2022 06:17:15  BuildStamp: freesurfer-linux-ubuntu22_x86_64-7.3.2-20220804-6354275  User: oesteban  Machine: dna063  Platform: Linux  PlatformVersion: 5.14.0-427.37.1.el9_4.x86_64  CompilerName: GCC  CompilerVersion: 8.4.0
ProgramName: mri_diff  ProgramArguments: mri_diff -all-info  ProgramVersion: 7.3.2  TimeStamp: 2026/03/11-12:56:04-GMT  BuildTime: Aug  4 2022 06:17:15  BuildStamp: freesurfer-linux-ubuntu22_x86_64-7.3.2-20220804-6354275  User: oesteban  Machine: dna063  Platform: Linux  PlatformVersion: 5.14.0-427.37.1.el9_4.x86_64  CompilerName: GCC  CompilerVersion: 8.4.0
ProgramName: mri_edit_wm_with_aseg  ProgramArguments: mri_edit_wm_with_aseg -all-info  ProgramVersion: 7.3.2  TimeStamp: 2026/03/11-12:56:04-GMT  BuildTime: Aug  4 2022 06:17:15  BuildStamp: freesurfer-linux-ubuntu22_x86_64-7.3.2-20220804-6354275  User: oesteban  Machine: dna063  Platform: Linux  PlatformVersion: 5.14.0-427.37.1.el9_4.x86_64  CompilerName: GCC  CompilerVersion: 8.4.0
ProgramName: mri_em_register  ProgramArguments: mri_em_register -all-info  ProgramVersion: 7.3.2  TimeStamp: 2026/03/11-12:56:04-GMT  BuildTime: Aug  4 2022 06:17:15  BuildStamp: freesurfer-linux-ubuntu22_x86_64-7.3.2-20220804-6354275  User: oesteban  Machine: dna063  Platform: Linux  PlatformVersion: 5.14.0-427.37.1.el9_4.x86_64  CompilerName: GCC  CompilerVersion: 8.4.0
ProgramName: mri_fill  ProgramArguments: mri_fill -all-info  ProgramVersion: 7.3.2  TimeStamp: 2026/03/11-12:56:04-GMT  BuildTime: Aug  4 2022 06:17:15  BuildStamp: freesurfer-linux-ubuntu22_x86_64-7.3.2-20220804-6354275  User: oesteban  Machine: dna063  Platform: Linux  PlatformVersion: 5.14.0-427.37.1.el9_4.x86_64  CompilerName: GCC  CompilerVersion: 8.4.0
ProgramName: mri_fuse_segmentations  ProgramArguments: mri_fuse_segmentations -all-info  ProgramVersion: 7.3.2  TimeStamp: 2026/03/11-12:56:04-GMT  BuildTime: Aug  4 2022 06:17:15  BuildStamp: freesurfer-linux-ubuntu22_x86_64-7.3.2-20220804-6354275  User: oesteban  Machine: dna063  Platform: Linux  PlatformVersion: 5.14.0-427.37.1.el9_4.x86_64  CompilerName: GCC  CompilerVersion: 8.4.0
ProgramName: mri_fwhm  ProgramArguments: mri_fwhm -all-info  ProgramVersion: 7.3.2  TimeStamp: 2026/03/11-12:56:04-GMT  BuildTime: Aug  4 2022 06:17:15  BuildStamp: freesurfer-linux-ubuntu22_x86_64-7.3.2-20220804-6354275  User: oesteban  Machine: dna063  Platform: Linux  PlatformVersion: 5.14.0-427.37.1.el9_4.x86_64  CompilerName: GCC  CompilerVersion: 8.4.0
ProgramName: mri_gcut  ProgramArguments: mri_gcut -all-info  ProgramVersion: 7.3.2  TimeStamp: 2026/03/11-12:56:04-GMT  BuildTime: Aug  4 2022 06:17:15  BuildStamp: freesurfer-linux-ubuntu22_x86_64-7.3.2-20220804-6354275  User: oesteban  Machine: dna063  Platform: Linux  PlatformVersion: 5.14.0-427.37.1.el9_4.x86_64  CompilerName: GCC  CompilerVersion: 8.4.0
ProgramName: mri_info  ProgramArguments: mri_info -all-info  ProgramVersion: 7.3.2  TimeStamp: 2026/03/11-12:56:04-GMT  BuildTime: Aug  4 2022 06:17:15  BuildStamp: freesurfer-linux-ubuntu22_x86_64-7.3.2-20220804-6354275  User: oesteban  Machine: dna063  Platform: Linux  PlatformVersion: 5.14.0-427.37.1.el9_4.x86_64  CompilerName: GCC  CompilerVersion: 8.4.0
ProgramName: mri_label2label  ProgramArguments: mri_label2label -all-info  ProgramVersion: 7.3.2  TimeStamp: 2026/03/11-12:56:04-GMT  BuildTime: Aug  4 2022 06:17:15  BuildStamp: freesurfer-linux-ubuntu22_x86_64-7.3.2-20220804-6354275  User: oesteban  Machine: dna063  Platform: Linux  PlatformVersion: 5.14.0-427.37.1.el9_4.x86_64  CompilerName: GCC  CompilerVersion: 8.4.0
ProgramName: mri_label2vol  ProgramArguments: mri_label2vol -all-info  ProgramVersion: 7.3.2  TimeStamp: 2026/03/11-12:56:04-GMT  BuildTime: Aug  4 2022 06:17:15  BuildStamp: freesurfer-linux-ubuntu22_x86_64-7.3.2-20220804-6354275  User: oesteban  Machine: dna063  Platform: Linux  PlatformVersion: 5.14.0-427.37.1.el9_4.x86_64  CompilerName: GCC  CompilerVersion: 8.4.0
ProgramName: mri_log_likelihood  ProgramArguments: mri_log_likelihood -all-info  ProgramVersion: 7.3.2  TimeStamp: 2026/03/11-12:56:04-GMT  BuildTime: Aug  4 2022 06:17:15  BuildStamp: freesurfer-linux-ubuntu22_x86_64-7.3.2-20220804-6354275  User: oesteban  Machine: dna063  Platform: Linux  PlatformVersion: 5.14.0-427.37.1.el9_4.x86_64  CompilerName: GCC  CompilerVersion: 8.4.0
ProgramName: mri_mask  ProgramArguments: mri_mask -all-info  ProgramVersion: 7.3.2  TimeStamp: 2026/03/11-12:56:04-GMT  BuildTime: Aug  4 2022 06:17:15  BuildStamp: freesurfer-linux-ubuntu22_x86_64-7.3.2-20220804-6354275  User: oesteban  Machine: dna063  Platform: Linux  PlatformVersion: 5.14.0-427.37.1.el9_4.x86_64  CompilerName: GCC  CompilerVersion: 8.4.0
ProgramName: mri_matrix_multiply  ProgramArguments: mri_matrix_multiply -all-info  ProgramVersion: 7.3.2  TimeStamp: 2026/03/11-12:56:04-GMT  BuildTime: Aug  4 2022 06:17:15  BuildStamp: freesurfer-linux-ubuntu22_x86_64-7.3.2-20220804-6354275  User: oesteban  Machine: dna063  Platform: Linux  PlatformVersion: 5.14.0-427.37.1.el9_4.x86_64  CompilerName: GCC  CompilerVersion: 8.4.0
ProgramName: mri_normalize  ProgramArguments: mri_normalize -all-info  ProgramVersion: 7.3.2  TimeStamp: 2026/03/11-12:56:04-GMT  BuildTime: Aug  4 2022 06:17:15  BuildStamp: freesurfer-linux-ubuntu22_x86_64-7.3.2-20220804-6354275  User: oesteban  Machine: dna063  Platform: Linux  PlatformVersion: 5.14.0-427.37.1.el9_4.x86_64  CompilerName: GCC  CompilerVersion: 8.4.0
ProgramName: mri_normalize_tp2  ProgramArguments: mri_normalize_tp2 -all-info  ProgramVersion: 7.3.2  TimeStamp: 2026/03/11-12:56:04-GMT  BuildTime: Aug  4 2022 06:17:15  BuildStamp: freesurfer-linux-ubuntu22_x86_64-7.3.2-20220804-6354275  User: oesteban  Machine: dna063  Platform: Linux  PlatformVersion: 5.14.0-427.37.1.el9_4.x86_64  CompilerName: GCC  CompilerVersion: 8.4.0
ProgramName: mri_or  ProgramArguments: mri_or -all-info  ProgramVersion: 7.3.2  TimeStamp: 2026/03/11-12:56:04-GMT  BuildTime: Aug  4 2022 06:17:15  BuildStamp: freesurfer-linux-ubuntu22_x86_64-7.3.2-20220804-6354275  User: oesteban  Machine: dna063  Platform: Linux  PlatformVersion: 5.14.0-427.37.1.el9_4.x86_64  CompilerName: GCC  CompilerVersion: 8.4.0
ProgramName: mri_relabel_hypointensities  ProgramArguments: mri_relabel_hypointensities -all-info  ProgramVersion: 7.3.2  TimeStamp: 2026/03/11-12:56:04-GMT  BuildTime: Aug  4 2022 06:17:15  BuildStamp: freesurfer-linux-ubuntu22_x86_64-7.3.2-20220804-6354275  User: oesteban  Machine: dna063  Platform: Linux  PlatformVersion: 5.14.0-427.37.1.el9_4.x86_64  CompilerName: GCC  CompilerVersion: 8.4.0
ProgramName: mri_relabel_nonwm_hypos  ProgramArguments: mri_relabel_nonwm_hypos -all-info  ProgramVersion: 7.3.2  TimeStamp: 2026/03/11-12:56:04-GMT  BuildTime: Aug  4 2022 06:17:15  BuildStamp: freesurfer-linux-ubuntu22_x86_64-7.3.2-20220804-6354275  User: oesteban  Machine: dna063  Platform: Linux  PlatformVersion: 5.14.0-427.37.1.el9_4.x86_64  CompilerName: GCC  CompilerVersion: 8.4.0
ProgramName: mri_remove_neck  ProgramArguments: mri_remove_neck -all-info  ProgramVersion: 7.3.2  TimeStamp: 2026/03/11-12:56:04-GMT  BuildTime: Aug  4 2022 06:17:15  BuildStamp: freesurfer-linux-ubuntu22_x86_64-7.3.2-20220804-6354275  User: oesteban  Machine: dna063  Platform: Linux  PlatformVersion: 5.14.0-427.37.1.el9_4.x86_64  CompilerName: GCC  CompilerVersion: 8.4.0
7.3.2

ProgramName: mri_robust_register  ProgramArguments: mri_robust_register -all-info  ProgramVersion: 7.3.2  TimeStamp: 2026/03/11-12:56:04-GMT  BuildTime: Aug  4 2022 06:17:15  BuildStamp: freesurfer-linux-ubuntu22_x86_64-7.3.2-20220804-6354275  User: oesteban  Machine: dna063  Platform: Linux  PlatformVersion: 5.14.0-427.37.1.el9_4.x86_64  CompilerName: GCC  CompilerVersion: 8.4.0
7.3.2

ProgramName: mri_robust_template  ProgramArguments: mri_robust_template -all-info  ProgramVersion: 7.3.2  TimeStamp: 2026/03/11-12:56:04-GMT  BuildTime: Aug  4 2022 06:17:15  BuildStamp: freesurfer-linux-ubuntu22_x86_64-7.3.2-20220804-6354275  User: oesteban  Machine: dna063  Platform: Linux  PlatformVersion: 5.14.0-427.37.1.el9_4.x86_64  CompilerName: GCC  CompilerVersion: 8.4.0
ProgramName: mris_anatomical_stats  ProgramArguments: mris_anatomical_stats -all-info  ProgramVersion: 7.3.2  TimeStamp: 2026/03/11-12:56:04-GMT  BuildTime: Aug  4 2022 06:17:15  BuildStamp: freesurfer-linux-ubuntu22_x86_64-7.3.2-20220804-6354275  User: oesteban  Machine: dna063  Platform: Linux  PlatformVersion: 5.14.0-427.37.1.el9_4.x86_64  CompilerName: GCC  CompilerVersion: 8.4.0
ProgramName: mris_ca_label  ProgramArguments: mris_ca_label -all-info  ProgramVersion: 7.3.2  TimeStamp: 2026/03/11-12:56:04-GMT  BuildTime: Aug  4 2022 06:17:15  BuildStamp: freesurfer-linux-ubuntu22_x86_64-7.3.2-20220804-6354275  User: oesteban  Machine: dna063  Platform: Linux  PlatformVersion: 5.14.0-427.37.1.el9_4.x86_64  CompilerName: GCC  CompilerVersion: 8.4.0
ProgramName: mris_calc  ProgramArguments: mris_calc -all-info  ProgramVersion: 7.3.2  TimeStamp: 2026/03/11-12:56:04-GMT  BuildTime: Aug  4 2022 06:17:15  BuildStamp: freesurfer-linux-ubuntu22_x86_64-7.3.2-20220804-6354275  User: oesteban  Machine: dna063  Platform: Linux  PlatformVersion: 5.14.0-427.37.1.el9_4.x86_64  CompilerName: GCC  CompilerVersion: 8.4.0
ProgramName: mris_convert  ProgramArguments: mris_convert -all-info  ProgramVersion: 7.3.2  TimeStamp: 2026/03/11-12:56:04-GMT  BuildTime: Aug  4 2022 06:17:15  BuildStamp: freesurfer-linux-ubuntu22_x86_64-7.3.2-20220804-6354275  User: oesteban  Machine: dna063  Platform: Linux  PlatformVersion: 5.14.0-427.37.1.el9_4.x86_64  CompilerName: GCC  CompilerVersion: 8.4.0
ProgramName: mris_curvature  ProgramArguments: mris_curvature -all-info  ProgramVersion: 7.3.2  TimeStamp: 2026/03/11-12:56:05-GMT  BuildTime: Aug  4 2022 06:17:15  BuildStamp: freesurfer-linux-ubuntu22_x86_64-7.3.2-20220804-6354275  User: oesteban  Machine: dna063  Platform: Linux  PlatformVersion: 5.14.0-427.37.1.el9_4.x86_64  CompilerName: GCC  CompilerVersion: 8.4.0
ProgramName: mris_curvature_stats  ProgramArguments: mris_curvature_stats -all-info  ProgramVersion: 7.3.2  TimeStamp: 2026/03/11-12:56:05-GMT  BuildTime: Aug  4 2022 06:17:15  BuildStamp: freesurfer-linux-ubuntu22_x86_64-7.3.2-20220804-6354275  User: oesteban  Machine: dna063  Platform: Linux  PlatformVersion: 5.14.0-427.37.1.el9_4.x86_64  CompilerName: GCC  CompilerVersion: 8.4.0
ProgramName: mris_diff  ProgramArguments: mris_diff -all-info  ProgramVersion: 7.3.2  TimeStamp: 2026/03/11-12:56:05-GMT  BuildTime: Aug  4 2022 06:17:15  BuildStamp: freesurfer-linux-ubuntu22_x86_64-7.3.2-20220804-6354275  User: oesteban  Machine: dna063  Platform: Linux  PlatformVersion: 5.14.0-427.37.1.el9_4.x86_64  CompilerName: GCC  CompilerVersion: 8.4.0
ProgramName: mris_divide_parcellation  ProgramArguments: mris_divide_parcellation -all-info  ProgramVersion: 7.3.2  TimeStamp: 2026/03/11-12:56:05-GMT  BuildTime: Aug  4 2022 06:17:15  BuildStamp: freesurfer-linux-ubuntu22_x86_64-7.3.2-20220804-6354275  User: oesteban  Machine: dna063  Platform: Linux  PlatformVersion: 5.14.0-427.37.1.el9_4.x86_64  CompilerName: GCC  CompilerVersion: 8.4.0
ProgramName: mri_segment  ProgramArguments: mri_segment -all-info  ProgramVersion: 7.3.2  TimeStamp: 2026/03/11-12:56:05-GMT  BuildTime: Aug  4 2022 06:17:15  BuildStamp: freesurfer-linux-ubuntu22_x86_64-7.3.2-20220804-6354275  User: oesteban  Machine: dna063  Platform: Linux  PlatformVersion: 5.14.0-427.37.1.el9_4.x86_64  CompilerName: GCC  CompilerVersion: 8.4.0
ProgramName: mri_segstats  ProgramArguments: mri_segstats -all-info  ProgramVersion: 7.3.2  TimeStamp: 2026/03/11-12:56:05-GMT  BuildTime: Aug  4 2022 06:17:15  BuildStamp: freesurfer-linux-ubuntu22_x86_64-7.3.2-20220804-6354275  User: oesteban  Machine: dna063  Platform: Linux  PlatformVersion: 5.14.0-427.37.1.el9_4.x86_64  CompilerName: GCC  CompilerVersion: 8.4.0
ProgramName: mris_euler_number  ProgramArguments: mris_euler_number -all-info  ProgramVersion: 7.3.2  TimeStamp: 2026/03/11-12:56:05-GMT  BuildTime: Aug  4 2022 06:17:15  BuildStamp: freesurfer-linux-ubuntu22_x86_64-7.3.2-20220804-6354275  User: oesteban  Machine: dna063  Platform: Linux  PlatformVersion: 5.14.0-427.37.1.el9_4.x86_64  CompilerName: GCC  CompilerVersion: 8.4.0
ProgramName: mris_fix_topology  ProgramArguments: mris_fix_topology -all-info  ProgramVersion: 7.3.2  TimeStamp: 2026/03/11-12:56:05-GMT  BuildTime: Aug  4 2022 06:17:15  BuildStamp: freesurfer-linux-ubuntu22_x86_64-7.3.2-20220804-6354275  User: oesteban  Machine: dna063  Platform: Linux  PlatformVersion: 5.14.0-427.37.1.el9_4.x86_64  CompilerName: GCC  CompilerVersion: 8.4.0
ProgramName: mris_topo_fixer  ProgramArguments: mris_topo_fixer -all-info  ProgramVersion: 7.3.2  TimeStamp: 2026/03/11-12:56:05-GMT  BuildTime: Aug  4 2022 06:17:15  BuildStamp: freesurfer-linux-ubuntu22_x86_64-7.3.2-20220804-6354275  User: oesteban  Machine: dna063  Platform: Linux  PlatformVersion: 5.14.0-427.37.1.el9_4.x86_64  CompilerName: GCC  CompilerVersion: 8.4.0
ProgramName: mris_jacobian  ProgramArguments: mris_jacobian -all-info  ProgramVersion: 7.3.2  TimeStamp: 2026/03/11-12:56:05-GMT  BuildTime: Aug  4 2022 06:17:15  BuildStamp: freesurfer-linux-ubuntu22_x86_64-7.3.2-20220804-6354275  User: oesteban  Machine: dna063  Platform: Linux  PlatformVersion: 5.14.0-427.37.1.el9_4.x86_64  CompilerName: GCC  CompilerVersion: 8.4.0
ProgramName: mris_label2annot  ProgramArguments: mris_label2annot -all-info  ProgramVersion: 7.3.2  TimeStamp: 2026/03/11-12:56:05-GMT  BuildTime: Aug  4 2022 06:17:15  BuildStamp: freesurfer-linux-ubuntu22_x86_64-7.3.2-20220804-6354275  User: oesteban  Machine: dna063  Platform: Linux  PlatformVersion: 5.14.0-427.37.1.el9_4.x86_64  CompilerName: GCC  CompilerVersion: 8.4.0
ProgramName: mris_left_right_register  ProgramArguments: mris_left_right_register -all-info  ProgramVersion: 7.3.2  TimeStamp: 2026/03/11-12:56:05-GMT  BuildTime: Aug  4 2022 06:17:15  BuildStamp: freesurfer-linux-ubuntu22_x86_64-7.3.2-20220804-6354275  User: oesteban  Machine: dna063  Platform: Linux  PlatformVersion: 5.14.0-427.37.1.el9_4.x86_64  CompilerName: GCC  CompilerVersion: 8.4.0
ProgramName: mris_place_surface  ProgramArguments: mris_place_surface -all-info  ProgramVersion: 7.3.2  TimeStamp: 2026/03/11-12:56:05-GMT  BuildTime: Aug  4 2022 06:17:15  BuildStamp: freesurfer-linux-ubuntu22_x86_64-7.3.2-20220804-6354275  User: oesteban  Machine: dna063  Platform: Linux  PlatformVersion: 5.14.0-427.37.1.el9_4.x86_64  CompilerName: GCC  CompilerVersion: 8.4.0
ProgramName: mrisp_paint  ProgramArguments: mrisp_paint -all-info  ProgramVersion: 7.3.2  TimeStamp: 2026/03/11-12:56:05-GMT  BuildTime: Aug  4 2022 06:17:15  BuildStamp: freesurfer-linux-ubuntu22_x86_64-7.3.2-20220804-6354275  User: oesteban  Machine: dna063  Platform: Linux  PlatformVersion: 5.14.0-427.37.1.el9_4.x86_64  CompilerName: GCC  CompilerVersion: 8.4.0
ProgramName: mris_register  ProgramArguments: mris_register -all-info  ProgramVersion: 7.3.2  TimeStamp: 2026/03/11-12:56:05-GMT  BuildTime: Aug  4 2022 06:17:15  BuildStamp: freesurfer-linux-ubuntu22_x86_64-7.3.2-20220804-6354275  User: oesteban  Machine: dna063  Platform: Linux  PlatformVersion: 5.14.0-427.37.1.el9_4.x86_64  CompilerName: GCC  CompilerVersion: 8.4.0
ProgramName: mris_smooth  ProgramArguments: mris_smooth -all-info  ProgramVersion: 7.3.2  TimeStamp: 2026/03/11-12:56:05-GMT  BuildTime: Aug  4 2022 06:17:15  BuildStamp: freesurfer-linux-ubuntu22_x86_64-7.3.2-20220804-6354275  User: oesteban  Machine: dna063  Platform: Linux  PlatformVersion: 5.14.0-427.37.1.el9_4.x86_64  CompilerName: GCC  CompilerVersion: 8.4.0
ProgramName: mris_sphere  ProgramArguments: mris_sphere -all-info  ProgramVersion: 7.3.2  TimeStamp: 2026/03/11-12:56:05-GMT  BuildTime: Aug  4 2022 06:17:15  BuildStamp: freesurfer-linux-ubuntu22_x86_64-7.3.2-20220804-6354275  User: oesteban  Machine: dna063  Platform: Linux  PlatformVersion: 5.14.0-427.37.1.el9_4.x86_64  CompilerName: GCC  CompilerVersion: 8.4.0
ProgramName: mris_surface_stats  ProgramArguments: mris_surface_stats -all-info  ProgramVersion: 7.3.2  TimeStamp: 2026/03/11-12:56:05-GMT  BuildTime: Aug  4 2022 06:17:15  BuildStamp: freesurfer-linux-ubuntu22_x86_64-7.3.2-20220804-6354275  User: oesteban  Machine: dna063  Platform: Linux  PlatformVersion: 5.14.0-427.37.1.el9_4.x86_64  CompilerName: GCC  CompilerVersion: 8.4.0
ProgramName: mri_stats2seg  ProgramArguments: mri_stats2seg -all-info  ProgramVersion: 7.3.2  TimeStamp: 2026/03/11-12:56:05-GMT  BuildTime: Aug  4 2022 06:17:15  BuildStamp: freesurfer-linux-ubuntu22_x86_64-7.3.2-20220804-6354275  User: oesteban  Machine: dna063  Platform: Linux  PlatformVersion: 5.14.0-427.37.1.el9_4.x86_64  CompilerName: GCC  CompilerVersion: 8.4.0
ProgramName: mris_thickness  ProgramArguments: mris_thickness -all-info  ProgramVersion: 7.3.2  TimeStamp: 2026/03/11-12:56:05-GMT  BuildTime: Aug  4 2022 06:17:15  BuildStamp: freesurfer-linux-ubuntu22_x86_64-7.3.2-20220804-6354275  User: oesteban  Machine: dna063  Platform: Linux  PlatformVersion: 5.14.0-427.37.1.el9_4.x86_64  CompilerName: GCC  CompilerVersion: 8.4.0
ProgramName: mris_thickness_diff  ProgramArguments: mris_thickness_diff -all-info  ProgramVersion: 7.3.2  TimeStamp: 2026/03/11-12:56:05-GMT  BuildTime: Aug  4 2022 06:17:15  BuildStamp: freesurfer-linux-ubuntu22_x86_64-7.3.2-20220804-6354275  User: oesteban  Machine: dna063  Platform: Linux  PlatformVersion: 5.14.0-427.37.1.el9_4.x86_64  CompilerName: GCC  CompilerVersion: 8.4.0
ProgramName: mris_topo_fixer  ProgramArguments: mris_topo_fixer -all-info  ProgramVersion: 7.3.2  TimeStamp: 2026/03/11-12:56:05-GMT  BuildTime: Aug  4 2022 06:17:15  BuildStamp: freesurfer-linux-ubuntu22_x86_64-7.3.2-20220804-6354275  User: oesteban  Machine: dna063  Platform: Linux  PlatformVersion: 5.14.0-427.37.1.el9_4.x86_64  CompilerName: GCC  CompilerVersion: 8.4.0
ProgramName: mri_surf2surf  ProgramArguments: mri_surf2surf -all-info  ProgramVersion: 7.3.2  TimeStamp: 2026/03/11-12:56:05-GMT  BuildTime: Aug  4 2022 06:17:15  BuildStamp: freesurfer-linux-ubuntu22_x86_64-7.3.2-20220804-6354275  User: oesteban  Machine: dna063  Platform: Linux  PlatformVersion: 5.14.0-427.37.1.el9_4.x86_64  CompilerName: GCC  CompilerVersion: 8.4.0
ProgramName: mri_surf2vol  ProgramArguments: mri_surf2vol -all-info  ProgramVersion: 7.3.2  TimeStamp: 2026/03/11-12:56:05-GMT  BuildTime: Aug  4 2022 06:17:15  BuildStamp: freesurfer-linux-ubuntu22_x86_64-7.3.2-20220804-6354275  User: oesteban  Machine: dna063  Platform: Linux  PlatformVersion: 5.14.0-427.37.1.el9_4.x86_64  CompilerName: GCC  CompilerVersion: 8.4.0
ProgramName: mri_surfcluster  ProgramArguments: mri_surfcluster -all-info  ProgramVersion: 7.3.2  TimeStamp: 2026/03/11-12:56:05-GMT  BuildTime: Aug  4 2022 06:17:15  BuildStamp: freesurfer-linux-ubuntu22_x86_64-7.3.2-20220804-6354275  User: oesteban  Machine: dna063  Platform: Linux  PlatformVersion: 5.14.0-427.37.1.el9_4.x86_64  CompilerName: GCC  CompilerVersion: 8.4.0
ProgramName: mris_volmask  ProgramArguments: mris_volmask -all-info  ProgramVersion: 7.3.2  TimeStamp: 2026/03/11-12:56:05-GMT  BuildTime: Aug  4 2022 06:17:15  BuildStamp: freesurfer-linux-ubuntu22_x86_64-7.3.2-20220804-6354275  User: oesteban  Machine: dna063  Platform: Linux  PlatformVersion: 5.14.0-427.37.1.el9_4.x86_64  CompilerName: GCC  CompilerVersion: 8.4.0
ProgramName: mri_tessellate  ProgramArguments: mri_tessellate -all-info  ProgramVersion: 7.3.2  TimeStamp: 2026/03/11-12:56:05-GMT  BuildTime: Aug  4 2022 06:17:15  BuildStamp: freesurfer-linux-ubuntu22_x86_64-7.3.2-20220804-6354275  User: oesteban  Machine: dna063  Platform: Linux  PlatformVersion: 5.14.0-427.37.1.el9_4.x86_64  CompilerName: GCC  CompilerVersion: 8.4.0
ProgramName: mri_vol2surf  ProgramArguments: mri_vol2surf -all-info  ProgramVersion: 7.3.2  TimeStamp: 2026/03/11-12:56:05-GMT  BuildTime: Aug  4 2022 06:17:15  BuildStamp: freesurfer-linux-ubuntu22_x86_64-7.3.2-20220804-6354275  User: oesteban  Machine: dna063  Platform: Linux  PlatformVersion: 5.14.0-427.37.1.el9_4.x86_64  CompilerName: GCC  CompilerVersion: 8.4.0
ProgramName: mri_vol2vol  ProgramArguments: mri_vol2vol -all-info  ProgramVersion: 7.3.2  TimeStamp: 2026/03/11-12:56:05-GMT  BuildTime: Aug  4 2022 06:17:15  BuildStamp: freesurfer-linux-ubuntu22_x86_64-7.3.2-20220804-6354275  User: oesteban  Machine: dna063  Platform: Linux  PlatformVersion: 5.14.0-427.37.1.el9_4.x86_64  CompilerName: GCC  CompilerVersion: 8.4.0
ProgramName: mri_voldiff  ProgramArguments: mri_voldiff -all-info  ProgramVersion: 7.3.2  TimeStamp: 2026/03/11-12:56:05-GMT  BuildTime: Aug  4 2022 06:17:15  BuildStamp: freesurfer-linux-ubuntu22_x86_64-7.3.2-20220804-6354275  User: oesteban  Machine: dna063  Platform: Linux  PlatformVersion: 5.14.0-427.37.1.el9_4.x86_64  CompilerName: GCC  CompilerVersion: 8.4.0
ProgramName: mri_watershed  ProgramArguments: mri_watershed -all-info  ProgramVersion: 7.3.2  TimeStamp: 2026/03/11-12:56:05-GMT  BuildTime: Aug  4 2022 06:17:15  BuildStamp: freesurfer-linux-ubuntu22_x86_64-7.3.2-20220804-6354275  User: oesteban  Machine: dna063  Platform: Linux  PlatformVersion: 5.14.0-427.37.1.el9_4.x86_64  CompilerName: GCC  CompilerVersion: 8.4.0
ProgramName: tkregister2  ProgramArguments: tkregister2_cmdl -all-info  ProgramVersion: 7.3.2  TimeStamp: 2026/03/11-12:56:05-GMT  BuildTime: Aug  4 2022 06:17:15  BuildStamp: freesurfer-linux-ubuntu22_x86_64-7.3.2-20220804-6354275  User: oesteban  Machine: dna063  Platform: Linux  PlatformVersion: 5.14.0-427.37.1.el9_4.x86_64  CompilerName: GCC  CompilerVersion: 8.4.0
mri_motion_correct.fsl 7.3.2
mri_convert -all-info 
ProgramName: mri_convert  ProgramArguments: mri_convert -all-info  ProgramVersion: 7.3.2  TimeStamp: 2026/03/11-12:56:05-GMT  BuildTime: Aug  4 2022 06:17:15  BuildStamp: freesurfer-linux-ubuntu22_x86_64-7.3.2-20220804-6354275  User: oesteban  Machine: dna063  Platform: Linux  PlatformVersion: 5.14.0-427.37.1.el9_4.x86_64  CompilerName: GCC  CompilerVersion: 8.4.0
Program nu_correct, built from:
Package MNI N3, version 1.12.0, compiled by nicks@terrier (x86_64-unknown-linux-gnu) on 2015-06-19 at 01:25:34
#######################################
GCADIR /opt/freesurfer/average
GCA RB_all_2020-01-02.gca
GCASkull RB_all_withskull_2020_01_02.gca
AvgCurvTif folding.atlas.acfb40.noaparc.i12.2016-08-02.tif
GCSDIR /opt/freesurfer/average
GCS DKaparc.atlas.acfb40.noaparc.i12.2016-08-02.gcs
#######################################
#@# white curv lh Wed Mar 11 13:56:05 CET 2026
cd /out/sourcedata/freesurfer/sub-v2s16x51300_ses-1/mri
mris_place_surface --curv-map ../surf/lh.white 2 10 ../surf/lh.curv
   Update not needed
#@# white area lh Wed Mar 11 13:56:05 CET 2026
cd /out/sourcedata/freesurfer/sub-v2s16x51300_ses-1/mri
mris_place_surface --area-map ../surf/lh.white ../surf/lh.area
   Update not needed
#@# pial curv lh Wed Mar 11 13:56:05 CET 2026
cd /out/sourcedata/freesurfer/sub-v2s16x51300_ses-1/mri
mris_place_surface --curv-map ../surf/lh.pial 2 10 ../surf/lh.curv.pial
   Update not needed
#@# pial area lh Wed Mar 11 13:56:05 CET 2026
cd /out/sourcedata/freesurfer/sub-v2s16x51300_ses-1/mri
mris_place_surface --area-map ../surf/lh.pial ../surf/lh.area.pial
   Update not needed
#@# thickness lh Wed Mar 11 13:56:05 CET 2026
cd /out/sourcedata/freesurfer/sub-v2s16x51300_ses-1/mri
mris_place_surface --thickness ../surf/lh.white ../surf/lh.pial 20 5 ../surf/lh.thickness
   Update not needed
#@# area and vertex vol lh Wed Mar 11 13:56:05 CET 2026
cd /out/sourcedata/freesurfer/sub-v2s16x51300_ses-1/mri
mris_place_surface --thickness ../surf/lh.white ../surf/lh.pial 20 5 ../surf/lh.thickness
   Update not needed
#@# white curv rh Wed Mar 11 13:56:05 CET 2026
cd /out/sourcedata/freesurfer/sub-v2s16x51300_ses-1/mri
mris_place_surface --curv-map ../surf/rh.white 2 10 ../surf/rh.curv
   Update not needed
#@# white area rh Wed Mar 11 13:56:05 CET 2026
cd /out/sourcedata/freesurfer/sub-v2s16x51300_ses-1/mri
mris_place_surface --area-map ../surf/rh.white ../surf/rh.area
   Update not needed
#@# pial curv rh Wed Mar 11 13:56:05 CET 2026
cd /out/sourcedata/freesurfer/sub-v2s16x51300_ses-1/mri
mris_place_surface --curv-map ../surf/rh.pial 2 10 ../surf/rh.curv.pial
   Update not needed
#@# pial area rh Wed Mar 11 13:56:05 CET 2026
cd /out/sourcedata/freesurfer/sub-v2s16x51300_ses-1/mri
mris_place_surface --area-map ../surf/rh.pial ../surf/rh.area.pial
   Update not needed
#@# thickness rh Wed Mar 11 13:56:05 CET 2026
cd /out/sourcedata/freesurfer/sub-v2s16x51300_ses-1/mri
mris_place_surface --thickness ../surf/rh.white ../surf/rh.pial 20 5 ../surf/rh.thickness
   Update not needed
#@# area and vertex vol rh Wed Mar 11 13:56:05 CET 2026
cd /out/sourcedata/freesurfer/sub-v2s16x51300_ses-1/mri
mris_place_surface --thickness ../surf/rh.white ../surf/rh.pial 20 5 ../surf/rh.thickness
   Update not needed
#--------------------------------------------
#@# Cortical ribbon mask Wed Mar 11 13:56:05 CET 2026
/out/sourcedata/freesurfer/sub-v2s16x51300_ses-1/mri

 mris_volmask --aseg_name aseg.presurf --label_left_white 2 --label_left_ribbon 3 --label_right_white 41 --label_right_ribbon 42 --save_ribbon sub-v2s16x51300_ses-1 

SUBJECTS_DIR is /out/sourcedata/freesurfer
loading input data...
Running hemis serially
Processing left hemi
computing distance to left white surface 
computing distance to left pial surface 
Processing right hemi
computing distance to right white surface 
computing distance to right pial surface 
 hemi masks overlap voxels = 549
writing volume /out/sourcedata/freesurfer/sub-v2s16x51300_ses-1/mri/ribbon.mgz
mris_volmask took 3.43 minutes
 writing ribbon files

Started at Wed Mar 11 13:56:04 CET 2026 
Ended   at Wed Mar 11 13:59:30 CET 2026
#@#%# recon-all-run-time-hours 0.057
recon-all -s sub-v2s16x51300_ses-1 finished without error at Wed Mar 11 13:59:30 CET 2026



#New# invocation of recon-all 




Wed Mar 11 14:05:20 CET 2026
cd /out/sourcedata/freesurfer/sub-v2s16x51300_ses-1
setenv SUBJECTS_DIR /out/sourcedata/freesurfer
/opt/freesurfer/bin/recon-all -autorecon3 -openmp 16 -subjid sub-v2s16x51300_ses-1 -sd /out/sourcedata/freesurfer -nosphere -nosurfreg -nojacobian_white -noavgcurv -nocortparc -nopial -noparcstats -nocortparc2 -noparcstats2 -nocortparc3 -noparcstats3 -nopctsurfcon -nocortribbon -nobalabels

subjid sub-v2s16x51300_ses-1
setenv SUBJECTS_DIR /out/sourcedata/freesurfer
FREESURFER_HOME /opt/freesurfer
Actual FREESURFER_HOME /opt/freesurfer
build-stamp.txt: freesurfer-linux-ubuntu22_x86_64-7.3.2-20220804-6354275
Linux dna063 5.14.0-427.37.1.el9_4.x86_64 #1 SMP PREEMPT_DYNAMIC Fri Sep 13 12:41:50 EDT 2024 x86_64 x86_64 x86_64 GNU/Linux
cputime      unlimited
filesize     unlimited
datasize     unlimited
stacksize    8192 kbytes
coredumpsize 0 kbytes
memoryuse    67108864 kbytes
vmemoryuse   unlimited
descriptors  1024 
memorylocked unlimited
maxproc      2061970 
maxlocks     unlimited
maxsignal    2061970 
maxmessage   819200 
maxnice      0 
maxrtprio    0 
maxrttime    unlimited

               total        used        free      shared  buff/cache   available
Mem:           503Gi        52Gi       349Gi        10Gi       101Gi       437Gi
Swap:             0B          0B          0B

########################################
program versions used
7.3.2 (freesurfer-linux-ubuntu22_x86_64-7.3.2-20220804-6354275)
7.3.2

ProgramName: lta_convert  ProgramArguments: lta_convert -all-info  ProgramVersion: 7.3.2  TimeStamp: 2026/03/11-13:05:20-GMT  BuildTime: Aug  4 2022 06:17:15  BuildStamp: freesurfer-linux-ubuntu22_x86_64-7.3.2-20220804-6354275  User: oesteban  Machine: dna063  Platform: Linux  PlatformVersion: 5.14.0-427.37.1.el9_4.x86_64  CompilerName: GCC  CompilerVersion: 8.4.0
ProgramName: mri_and  ProgramArguments: mri_and -all-info  ProgramVersion: 7.3.2  TimeStamp: 2026/03/11-13:05:20-GMT  BuildTime: Aug  4 2022 06:17:15  BuildStamp: freesurfer-linux-ubuntu22_x86_64-7.3.2-20220804-6354275  User: oesteban  Machine: dna063  Platform: Linux  PlatformVersion: 5.14.0-427.37.1.el9_4.x86_64  CompilerName: GCC  CompilerVersion: 8.4.0
ProgramName: mri_annotation2label  ProgramArguments: mri_annotation2label -all-info  ProgramVersion: 7.3.2  TimeStamp: 2026/03/11-13:05:20-GMT  BuildTime: Aug  4 2022 06:17:15  BuildStamp: freesurfer-linux-ubuntu22_x86_64-7.3.2-20220804-6354275  User: oesteban  Machine: dna063  Platform: Linux  PlatformVersion: 5.14.0-427.37.1.el9_4.x86_64  CompilerName: GCC  CompilerVersion: 8.4.0
ProgramName: mri_aparc2aseg  ProgramArguments: mri_aparc2aseg -all-info  ProgramVersion: 7.3.2  TimeStamp: 2026/03/11-13:05:20-GMT  BuildTime: Aug  4 2022 06:17:15  BuildStamp: freesurfer-linux-ubuntu22_x86_64-7.3.2-20220804-6354275  User: oesteban  Machine: dna063  Platform: Linux  PlatformVersion: 5.14.0-427.37.1.el9_4.x86_64  CompilerName: GCC  CompilerVersion: 8.4.0
ProgramName: mri_surf2volseg  ProgramArguments: mri_surf2volseg -all-info  ProgramVersion: 7.3.2  TimeStamp: 2026/03/11-13:05:20-GMT  BuildTime: Aug  4 2022 06:17:15  BuildStamp: freesurfer-linux-ubuntu22_x86_64-7.3.2-20220804-6354275  User: oesteban  Machine: dna063  Platform: Linux  PlatformVersion: 5.14.0-427.37.1.el9_4.x86_64  CompilerName: GCC  CompilerVersion: 8.4.0
ProgramName: mri_binarize  ProgramArguments: mri_binarize -all-info  ProgramVersion: 7.3.2  TimeStamp: 2026/03/11-13:05:20-GMT  BuildTime: Aug  4 2022 06:17:15  BuildStamp: freesurfer-linux-ubuntu22_x86_64-7.3.2-20220804-6354275  User: oesteban  Machine: dna063  Platform: Linux  PlatformVersion: 5.14.0-427.37.1.el9_4.x86_64  CompilerName: GCC  CompilerVersion: 8.4.0
ProgramName: mri_ca_label  ProgramArguments: mri_ca_label -all-info  ProgramVersion: 7.3.2  TimeStamp: 2026/03/11-13:05:20-GMT  BuildTime: Aug  4 2022 06:17:15  BuildStamp: freesurfer-linux-ubuntu22_x86_64-7.3.2-20220804-6354275  User: oesteban  Machine: dna063  Platform: Linux  PlatformVersion: 5.14.0-427.37.1.el9_4.x86_64  CompilerName: GCC  CompilerVersion: 8.4.0
ProgramName: mri_ca_normalize  ProgramArguments: mri_ca_normalize -all-info  ProgramVersion: 7.3.2  TimeStamp: 2026/03/11-13:05:20-GMT  BuildTime: Aug  4 2022 06:17:15  BuildStamp: freesurfer-linux-ubuntu22_x86_64-7.3.2-20220804-6354275  User: oesteban  Machine: dna063  Platform: Linux  PlatformVersion: 5.14.0-427.37.1.el9_4.x86_64  CompilerName: GCC  CompilerVersion: 8.4.0
ProgramName: mri_ca_register  ProgramArguments: mri_ca_register -all-info  ProgramVersion: 7.3.2  TimeStamp: 2026/03/11-13:05:20-GMT  BuildTime: Aug  4 2022 06:17:15  BuildStamp: freesurfer-linux-ubuntu22_x86_64-7.3.2-20220804-6354275  User: oesteban  Machine: dna063  Platform: Linux  PlatformVersion: 5.14.0-427.37.1.el9_4.x86_64  CompilerName: GCC  CompilerVersion: 8.4.0
ProgramName: mri_cc  ProgramArguments: mri_cc -all-info  ProgramVersion: 7.3.2  TimeStamp: 2026/03/11-13:05:20-GMT  BuildTime: Aug  4 2022 06:17:15  BuildStamp: freesurfer-linux-ubuntu22_x86_64-7.3.2-20220804-6354275  User: oesteban  Machine: dna063  Platform: Linux  PlatformVersion: 5.14.0-427.37.1.el9_4.x86_64  CompilerName: GCC  CompilerVersion: 8.4.0
ProgramName: mri_compute_overlap  ProgramArguments: mri_compute_overlap -all-info  ProgramVersion: 7.3.2  TimeStamp: 2026/03/11-13:05:20-GMT  BuildTime: Aug  4 2022 06:17:15  BuildStamp: freesurfer-linux-ubuntu22_x86_64-7.3.2-20220804-6354275  User: oesteban  Machine: dna063  Platform: Linux  PlatformVersion: 5.14.0-427.37.1.el9_4.x86_64  CompilerName: GCC  CompilerVersion: 8.4.0
ProgramName: mri_compute_seg_overlap  ProgramArguments: mri_compute_seg_overlap -all-info  ProgramVersion: 7.3.2  TimeStamp: 2026/03/11-13:05:20-GMT  BuildTime: Aug  4 2022 06:17:15  BuildStamp: freesurfer-linux-ubuntu22_x86_64-7.3.2-20220804-6354275  User: oesteban  Machine: dna063  Platform: Linux  PlatformVersion: 5.14.0-427.37.1.el9_4.x86_64  CompilerName: GCC  CompilerVersion: 8.4.0
ProgramName: mri_concat  ProgramArguments: mri_concat -all-info  ProgramVersion: 7.3.2  TimeStamp: 2026/03/11-13:05:20-GMT  BuildTime: Aug  4 2022 06:17:15  BuildStamp: freesurfer-linux-ubuntu22_x86_64-7.3.2-20220804-6354275  User: oesteban  Machine: dna063  Platform: Linux  PlatformVersion: 5.14.0-427.37.1.el9_4.x86_64  CompilerName: GCC  CompilerVersion: 8.4.0
ProgramName: mri_concatenate_lta  ProgramArguments: mri_concatenate_lta -all-info  ProgramVersion: 7.3.2  TimeStamp: 2026/03/11-13:05:20-GMT  BuildTime: Aug  4 2022 06:17:15  BuildStamp: freesurfer-linux-ubuntu22_x86_64-7.3.2-20220804-6354275  User: oesteban  Machine: dna063  Platform: Linux  PlatformVersion: 5.14.0-427.37.1.el9_4.x86_64  CompilerName: GCC  CompilerVersion: 8.4.0
mri_convert -all-info 
ProgramName: mri_convert  ProgramArguments: mri_convert -all-info  ProgramVersion: 7.3.2  TimeStamp: 2026/03/11-13:05:20-GMT  BuildTime: Aug  4 2022 06:17:15  BuildStamp: freesurfer-linux-ubuntu22_x86_64-7.3.2-20220804-6354275  User: oesteban  Machine: dna063  Platform: Linux  PlatformVersion: 5.14.0-427.37.1.el9_4.x86_64  CompilerName: GCC  CompilerVersion: 8.4.0
ProgramName: mri_diff  ProgramArguments: mri_diff -all-info  ProgramVersion: 7.3.2  TimeStamp: 2026/03/11-13:05:20-GMT  BuildTime: Aug  4 2022 06:17:15  BuildStamp: freesurfer-linux-ubuntu22_x86_64-7.3.2-20220804-6354275  User: oesteban  Machine: dna063  Platform: Linux  PlatformVersion: 5.14.0-427.37.1.el9_4.x86_64  CompilerName: GCC  CompilerVersion: 8.4.0
ProgramName: mri_edit_wm_with_aseg  ProgramArguments: mri_edit_wm_with_aseg -all-info  ProgramVersion: 7.3.2  TimeStamp: 2026/03/11-13:05:20-GMT  BuildTime: Aug  4 2022 06:17:15  BuildStamp: freesurfer-linux-ubuntu22_x86_64-7.3.2-20220804-6354275  User: oesteban  Machine: dna063  Platform: Linux  PlatformVersion: 5.14.0-427.37.1.el9_4.x86_64  CompilerName: GCC  CompilerVersion: 8.4.0
ProgramName: mri_em_register  ProgramArguments: mri_em_register -all-info  ProgramVersion: 7.3.2  TimeStamp: 2026/03/11-13:05:20-GMT  BuildTime: Aug  4 2022 06:17:15  BuildStamp: freesurfer-linux-ubuntu22_x86_64-7.3.2-20220804-6354275  User: oesteban  Machine: dna063  Platform: Linux  PlatformVersion: 5.14.0-427.37.1.el9_4.x86_64  CompilerName: GCC  CompilerVersion: 8.4.0
ProgramName: mri_fill  ProgramArguments: mri_fill -all-info  ProgramVersion: 7.3.2  TimeStamp: 2026/03/11-13:05:20-GMT  BuildTime: Aug  4 2022 06:17:15  BuildStamp: freesurfer-linux-ubuntu22_x86_64-7.3.2-20220804-6354275  User: oesteban  Machine: dna063  Platform: Linux  PlatformVersion: 5.14.0-427.37.1.el9_4.x86_64  CompilerName: GCC  CompilerVersion: 8.4.0
ProgramName: mri_fuse_segmentations  ProgramArguments: mri_fuse_segmentations -all-info  ProgramVersion: 7.3.2  TimeStamp: 2026/03/11-13:05:20-GMT  BuildTime: Aug  4 2022 06:17:15  BuildStamp: freesurfer-linux-ubuntu22_x86_64-7.3.2-20220804-6354275  User: oesteban  Machine: dna063  Platform: Linux  PlatformVersion: 5.14.0-427.37.1.el9_4.x86_64  CompilerName: GCC  CompilerVersion: 8.4.0
ProgramName: mri_fwhm  ProgramArguments: mri_fwhm -all-info  ProgramVersion: 7.3.2  TimeStamp: 2026/03/11-13:05:20-GMT  BuildTime: Aug  4 2022 06:17:15  BuildStamp: freesurfer-linux-ubuntu22_x86_64-7.3.2-20220804-6354275  User: oesteban  Machine: dna063  Platform: Linux  PlatformVersion: 5.14.0-427.37.1.el9_4.x86_64  CompilerName: GCC  CompilerVersion: 8.4.0
ProgramName: mri_gcut  ProgramArguments: mri_gcut -all-info  ProgramVersion: 7.3.2  TimeStamp: 2026/03/11-13:05:20-GMT  BuildTime: Aug  4 2022 06:17:15  BuildStamp: freesurfer-linux-ubuntu22_x86_64-7.3.2-20220804-6354275  User: oesteban  Machine: dna063  Platform: Linux  PlatformVersion: 5.14.0-427.37.1.el9_4.x86_64  CompilerName: GCC  CompilerVersion: 8.4.0
ProgramName: mri_info  ProgramArguments: mri_info -all-info  ProgramVersion: 7.3.2  TimeStamp: 2026/03/11-13:05:20-GMT  BuildTime: Aug  4 2022 06:17:15  BuildStamp: freesurfer-linux-ubuntu22_x86_64-7.3.2-20220804-6354275  User: oesteban  Machine: dna063  Platform: Linux  PlatformVersion: 5.14.0-427.37.1.el9_4.x86_64  CompilerName: GCC  CompilerVersion: 8.4.0
ProgramName: mri_label2label  ProgramArguments: mri_label2label -all-info  ProgramVersion: 7.3.2  TimeStamp: 2026/03/11-13:05:20-GMT  BuildTime: Aug  4 2022 06:17:15  BuildStamp: freesurfer-linux-ubuntu22_x86_64-7.3.2-20220804-6354275  User: oesteban  Machine: dna063  Platform: Linux  PlatformVersion: 5.14.0-427.37.1.el9_4.x86_64  CompilerName: GCC  CompilerVersion: 8.4.0
ProgramName: mri_label2vol  ProgramArguments: mri_label2vol -all-info  ProgramVersion: 7.3.2  TimeStamp: 2026/03/11-13:05:20-GMT  BuildTime: Aug  4 2022 06:17:15  BuildStamp: freesurfer-linux-ubuntu22_x86_64-7.3.2-20220804-6354275  User: oesteban  Machine: dna063  Platform: Linux  PlatformVersion: 5.14.0-427.37.1.el9_4.x86_64  CompilerName: GCC  CompilerVersion: 8.4.0
ProgramName: mri_log_likelihood  ProgramArguments: mri_log_likelihood -all-info  ProgramVersion: 7.3.2  TimeStamp: 2026/03/11-13:05:20-GMT  BuildTime: Aug  4 2022 06:17:15  BuildStamp: freesurfer-linux-ubuntu22_x86_64-7.3.2-20220804-6354275  User: oesteban  Machine: dna063  Platform: Linux  PlatformVersion: 5.14.0-427.37.1.el9_4.x86_64  CompilerName: GCC  CompilerVersion: 8.4.0
ProgramName: mri_mask  ProgramArguments: mri_mask -all-info  ProgramVersion: 7.3.2  TimeStamp: 2026/03/11-13:05:20-GMT  BuildTime: Aug  4 2022 06:17:15  BuildStamp: freesurfer-linux-ubuntu22_x86_64-7.3.2-20220804-6354275  User: oesteban  Machine: dna063  Platform: Linux  PlatformVersion: 5.14.0-427.37.1.el9_4.x86_64  CompilerName: GCC  CompilerVersion: 8.4.0
ProgramName: mri_matrix_multiply  ProgramArguments: mri_matrix_multiply -all-info  ProgramVersion: 7.3.2  TimeStamp: 2026/03/11-13:05:20-GMT  BuildTime: Aug  4 2022 06:17:15  BuildStamp: freesurfer-linux-ubuntu22_x86_64-7.3.2-20220804-6354275  User: oesteban  Machine: dna063  Platform: Linux  PlatformVersion: 5.14.0-427.37.1.el9_4.x86_64  CompilerName: GCC  CompilerVersion: 8.4.0
ProgramName: mri_normalize  ProgramArguments: mri_normalize -all-info  ProgramVersion: 7.3.2  TimeStamp: 2026/03/11-13:05:20-GMT  BuildTime: Aug  4 2022 06:17:15  BuildStamp: freesurfer-linux-ubuntu22_x86_64-7.3.2-20220804-6354275  User: oesteban  Machine: dna063  Platform: Linux  PlatformVersion: 5.14.0-427.37.1.el9_4.x86_64  CompilerName: GCC  CompilerVersion: 8.4.0
ProgramName: mri_normalize_tp2  ProgramArguments: mri_normalize_tp2 -all-info  ProgramVersion: 7.3.2  TimeStamp: 2026/03/11-13:05:20-GMT  BuildTime: Aug  4 2022 06:17:15  BuildStamp: freesurfer-linux-ubuntu22_x86_64-7.3.2-20220804-6354275  User: oesteban  Machine: dna063  Platform: Linux  PlatformVersion: 5.14.0-427.37.1.el9_4.x86_64  CompilerName: GCC  CompilerVersion: 8.4.0
ProgramName: mri_or  ProgramArguments: mri_or -all-info  ProgramVersion: 7.3.2  TimeStamp: 2026/03/11-13:05:20-GMT  BuildTime: Aug  4 2022 06:17:15  BuildStamp: freesurfer-linux-ubuntu22_x86_64-7.3.2-20220804-6354275  User: oesteban  Machine: dna063  Platform: Linux  PlatformVersion: 5.14.0-427.37.1.el9_4.x86_64  CompilerName: GCC  CompilerVersion: 8.4.0
ProgramName: mri_relabel_hypointensities  ProgramArguments: mri_relabel_hypointensities -all-info  ProgramVersion: 7.3.2  TimeStamp: 2026/03/11-13:05:20-GMT  BuildTime: Aug  4 2022 06:17:15  BuildStamp: freesurfer-linux-ubuntu22_x86_64-7.3.2-20220804-6354275  User: oesteban  Machine: dna063  Platform: Linux  PlatformVersion: 5.14.0-427.37.1.el9_4.x86_64  CompilerName: GCC  CompilerVersion: 8.4.0
ProgramName: mri_relabel_nonwm_hypos  ProgramArguments: mri_relabel_nonwm_hypos -all-info  ProgramVersion: 7.3.2  TimeStamp: 2026/03/11-13:05:20-GMT  BuildTime: Aug  4 2022 06:17:15  BuildStamp: freesurfer-linux-ubuntu22_x86_64-7.3.2-20220804-6354275  User: oesteban  Machine: dna063  Platform: Linux  PlatformVersion: 5.14.0-427.37.1.el9_4.x86_64  CompilerName: GCC  CompilerVersion: 8.4.0
ProgramName: mri_remove_neck  ProgramArguments: mri_remove_neck -all-info  ProgramVersion: 7.3.2  TimeStamp: 2026/03/11-13:05:20-GMT  BuildTime: Aug  4 2022 06:17:15  BuildStamp: freesurfer-linux-ubuntu22_x86_64-7.3.2-20220804-6354275  User: oesteban  Machine: dna063  Platform: Linux  PlatformVersion: 5.14.0-427.37.1.el9_4.x86_64  CompilerName: GCC  CompilerVersion: 8.4.0
7.3.2

ProgramName: mri_robust_register  ProgramArguments: mri_robust_register -all-info  ProgramVersion: 7.3.2  TimeStamp: 2026/03/11-13:05:20-GMT  BuildTime: Aug  4 2022 06:17:15  BuildStamp: freesurfer-linux-ubuntu22_x86_64-7.3.2-20220804-6354275  User: oesteban  Machine: dna063  Platform: Linux  PlatformVersion: 5.14.0-427.37.1.el9_4.x86_64  CompilerName: GCC  CompilerVersion: 8.4.0
7.3.2

ProgramName: mri_robust_template  ProgramArguments: mri_robust_template -all-info  ProgramVersion: 7.3.2  TimeStamp: 2026/03/11-13:05:20-GMT  BuildTime: Aug  4 2022 06:17:15  BuildStamp: freesurfer-linux-ubuntu22_x86_64-7.3.2-20220804-6354275  User: oesteban  Machine: dna063  Platform: Linux  PlatformVersion: 5.14.0-427.37.1.el9_4.x86_64  CompilerName: GCC  CompilerVersion: 8.4.0
ProgramName: mris_anatomical_stats  ProgramArguments: mris_anatomical_stats -all-info  ProgramVersion: 7.3.2  TimeStamp: 2026/03/11-13:05:20-GMT  BuildTime: Aug  4 2022 06:17:15  BuildStamp: freesurfer-linux-ubuntu22_x86_64-7.3.2-20220804-6354275  User: oesteban  Machine: dna063  Platform: Linux  PlatformVersion: 5.14.0-427.37.1.el9_4.x86_64  CompilerName: GCC  CompilerVersion: 8.4.0
ProgramName: mris_ca_label  ProgramArguments: mris_ca_label -all-info  ProgramVersion: 7.3.2  TimeStamp: 2026/03/11-13:05:20-GMT  BuildTime: Aug  4 2022 06:17:15  BuildStamp: freesurfer-linux-ubuntu22_x86_64-7.3.2-20220804-6354275  User: oesteban  Machine: dna063  Platform: Linux  PlatformVersion: 5.14.0-427.37.1.el9_4.x86_64  CompilerName: GCC  CompilerVersion: 8.4.0
ProgramName: mris_calc  ProgramArguments: mris_calc -all-info  ProgramVersion: 7.3.2  TimeStamp: 2026/03/11-13:05:20-GMT  BuildTime: Aug  4 2022 06:17:15  BuildStamp: freesurfer-linux-ubuntu22_x86_64-7.3.2-20220804-6354275  User: oesteban  Machine: dna063  Platform: Linux  PlatformVersion: 5.14.0-427.37.1.el9_4.x86_64  CompilerName: GCC  CompilerVersion: 8.4.0
ProgramName: mris_convert  ProgramArguments: mris_convert -all-info  ProgramVersion: 7.3.2  TimeStamp: 2026/03/11-13:05:20-GMT  BuildTime: Aug  4 2022 06:17:15  BuildStamp: freesurfer-linux-ubuntu22_x86_64-7.3.2-20220804-6354275  User: oesteban  Machine: dna063  Platform: Linux  PlatformVersion: 5.14.0-427.37.1.el9_4.x86_64  CompilerName: GCC  CompilerVersion: 8.4.0
ProgramName: mris_curvature  ProgramArguments: mris_curvature -all-info  ProgramVersion: 7.3.2  TimeStamp: 2026/03/11-13:05:20-GMT  BuildTime: Aug  4 2022 06:17:15  BuildStamp: freesurfer-linux-ubuntu22_x86_64-7.3.2-20220804-6354275  User: oesteban  Machine: dna063  Platform: Linux  PlatformVersion: 5.14.0-427.37.1.el9_4.x86_64  CompilerName: GCC  CompilerVersion: 8.4.0
ProgramName: mris_curvature_stats  ProgramArguments: mris_curvature_stats -all-info  ProgramVersion: 7.3.2  TimeStamp: 2026/03/11-13:05:20-GMT  BuildTime: Aug  4 2022 06:17:15  BuildStamp: freesurfer-linux-ubuntu22_x86_64-7.3.2-20220804-6354275  User: oesteban  Machine: dna063  Platform: Linux  PlatformVersion: 5.14.0-427.37.1.el9_4.x86_64  CompilerName: GCC  CompilerVersion: 8.4.0
ProgramName: mris_diff  ProgramArguments: mris_diff -all-info  ProgramVersion: 7.3.2  TimeStamp: 2026/03/11-13:05:20-GMT  BuildTime: Aug  4 2022 06:17:15  BuildStamp: freesurfer-linux-ubuntu22_x86_64-7.3.2-20220804-6354275  User: oesteban  Machine: dna063  Platform: Linux  PlatformVersion: 5.14.0-427.37.1.el9_4.x86_64  CompilerName: GCC  CompilerVersion: 8.4.0
ProgramName: mris_divide_parcellation  ProgramArguments: mris_divide_parcellation -all-info  ProgramVersion: 7.3.2  TimeStamp: 2026/03/11-13:05:20-GMT  BuildTime: Aug  4 2022 06:17:15  BuildStamp: freesurfer-linux-ubuntu22_x86_64-7.3.2-20220804-6354275  User: oesteban  Machine: dna063  Platform: Linux  PlatformVersion: 5.14.0-427.37.1.el9_4.x86_64  CompilerName: GCC  CompilerVersion: 8.4.0
ProgramName: mri_segment  ProgramArguments: mri_segment -all-info  ProgramVersion: 7.3.2  TimeStamp: 2026/03/11-13:05:20-GMT  BuildTime: Aug  4 2022 06:17:15  BuildStamp: freesurfer-linux-ubuntu22_x86_64-7.3.2-20220804-6354275  User: oesteban  Machine: dna063  Platform: Linux  PlatformVersion: 5.14.0-427.37.1.el9_4.x86_64  CompilerName: GCC  CompilerVersion: 8.4.0
ProgramName: mri_segstats  ProgramArguments: mri_segstats -all-info  ProgramVersion: 7.3.2  TimeStamp: 2026/03/11-13:05:20-GMT  BuildTime: Aug  4 2022 06:17:15  BuildStamp: freesurfer-linux-ubuntu22_x86_64-7.3.2-20220804-6354275  User: oesteban  Machine: dna063  Platform: Linux  PlatformVersion: 5.14.0-427.37.1.el9_4.x86_64  CompilerName: GCC  CompilerVersion: 8.4.0
ProgramName: mris_euler_number  ProgramArguments: mris_euler_number -all-info  ProgramVersion: 7.3.2  TimeStamp: 2026/03/11-13:05:20-GMT  BuildTime: Aug  4 2022 06:17:15  BuildStamp: freesurfer-linux-ubuntu22_x86_64-7.3.2-20220804-6354275  User: oesteban  Machine: dna063  Platform: Linux  PlatformVersion: 5.14.0-427.37.1.el9_4.x86_64  CompilerName: GCC  CompilerVersion: 8.4.0
ProgramName: mris_fix_topology  ProgramArguments: mris_fix_topology -all-info  ProgramVersion: 7.3.2  TimeStamp: 2026/03/11-13:05:20-GMT  BuildTime: Aug  4 2022 06:17:15  BuildStamp: freesurfer-linux-ubuntu22_x86_64-7.3.2-20220804-6354275  User: oesteban  Machine: dna063  Platform: Linux  PlatformVersion: 5.14.0-427.37.1.el9_4.x86_64  CompilerName: GCC  CompilerVersion: 8.4.0
ProgramName: mris_topo_fixer  ProgramArguments: mris_topo_fixer -all-info  ProgramVersion: 7.3.2  TimeStamp: 2026/03/11-13:05:20-GMT  BuildTime: Aug  4 2022 06:17:15  BuildStamp: freesurfer-linux-ubuntu22_x86_64-7.3.2-20220804-6354275  User: oesteban  Machine: dna063  Platform: Linux  PlatformVersion: 5.14.0-427.37.1.el9_4.x86_64  CompilerName: GCC  CompilerVersion: 8.4.0
ProgramName: mris_jacobian  ProgramArguments: mris_jacobian -all-info  ProgramVersion: 7.3.2  TimeStamp: 2026/03/11-13:05:20-GMT  BuildTime: Aug  4 2022 06:17:15  BuildStamp: freesurfer-linux-ubuntu22_x86_64-7.3.2-20220804-6354275  User: oesteban  Machine: dna063  Platform: Linux  PlatformVersion: 5.14.0-427.37.1.el9_4.x86_64  CompilerName: GCC  CompilerVersion: 8.4.0
ProgramName: mris_label2annot  ProgramArguments: mris_label2annot -all-info  ProgramVersion: 7.3.2  TimeStamp: 2026/03/11-13:05:20-GMT  BuildTime: Aug  4 2022 06:17:15  BuildStamp: freesurfer-linux-ubuntu22_x86_64-7.3.2-20220804-6354275  User: oesteban  Machine: dna063  Platform: Linux  PlatformVersion: 5.14.0-427.37.1.el9_4.x86_64  CompilerName: GCC  CompilerVersion: 8.4.0
ProgramName: mris_left_right_register  ProgramArguments: mris_left_right_register -all-info  ProgramVersion: 7.3.2  TimeStamp: 2026/03/11-13:05:20-GMT  BuildTime: Aug  4 2022 06:17:15  BuildStamp: freesurfer-linux-ubuntu22_x86_64-7.3.2-20220804-6354275  User: oesteban  Machine: dna063  Platform: Linux  PlatformVersion: 5.14.0-427.37.1.el9_4.x86_64  CompilerName: GCC  CompilerVersion: 8.4.0
ProgramName: mris_place_surface  ProgramArguments: mris_place_surface -all-info  ProgramVersion: 7.3.2  TimeStamp: 2026/03/11-13:05:20-GMT  BuildTime: Aug  4 2022 06:17:15  BuildStamp: freesurfer-linux-ubuntu22_x86_64-7.3.2-20220804-6354275  User: oesteban  Machine: dna063  Platform: Linux  PlatformVersion: 5.14.0-427.37.1.el9_4.x86_64  CompilerName: GCC  CompilerVersion: 8.4.0
ProgramName: mrisp_paint  ProgramArguments: mrisp_paint -all-info  ProgramVersion: 7.3.2  TimeStamp: 2026/03/11-13:05:20-GMT  BuildTime: Aug  4 2022 06:17:15  BuildStamp: freesurfer-linux-ubuntu22_x86_64-7.3.2-20220804-6354275  User: oesteban  Machine: dna063  Platform: Linux  PlatformVersion: 5.14.0-427.37.1.el9_4.x86_64  CompilerName: GCC  CompilerVersion: 8.4.0
ProgramName: mris_register  ProgramArguments: mris_register -all-info  ProgramVersion: 7.3.2  TimeStamp: 2026/03/11-13:05:20-GMT  BuildTime: Aug  4 2022 06:17:15  BuildStamp: freesurfer-linux-ubuntu22_x86_64-7.3.2-20220804-6354275  User: oesteban  Machine: dna063  Platform: Linux  PlatformVersion: 5.14.0-427.37.1.el9_4.x86_64  CompilerName: GCC  CompilerVersion: 8.4.0
ProgramName: mris_smooth  ProgramArguments: mris_smooth -all-info  ProgramVersion: 7.3.2  TimeStamp: 2026/03/11-13:05:20-GMT  BuildTime: Aug  4 2022 06:17:15  BuildStamp: freesurfer-linux-ubuntu22_x86_64-7.3.2-20220804-6354275  User: oesteban  Machine: dna063  Platform: Linux  PlatformVersion: 5.14.0-427.37.1.el9_4.x86_64  CompilerName: GCC  CompilerVersion: 8.4.0
ProgramName: mris_sphere  ProgramArguments: mris_sphere -all-info  ProgramVersion: 7.3.2  TimeStamp: 2026/03/11-13:05:20-GMT  BuildTime: Aug  4 2022 06:17:15  BuildStamp: freesurfer-linux-ubuntu22_x86_64-7.3.2-20220804-6354275  User: oesteban  Machine: dna063  Platform: Linux  PlatformVersion: 5.14.0-427.37.1.el9_4.x86_64  CompilerName: GCC  CompilerVersion: 8.4.0
ProgramName: mris_surface_stats  ProgramArguments: mris_surface_stats -all-info  ProgramVersion: 7.3.2  TimeStamp: 2026/03/11-13:05:20-GMT  BuildTime: Aug  4 2022 06:17:15  BuildStamp: freesurfer-linux-ubuntu22_x86_64-7.3.2-20220804-6354275  User: oesteban  Machine: dna063  Platform: Linux  PlatformVersion: 5.14.0-427.37.1.el9_4.x86_64  CompilerName: GCC  CompilerVersion: 8.4.0
ProgramName: mri_stats2seg  ProgramArguments: mri_stats2seg -all-info  ProgramVersion: 7.3.2  TimeStamp: 2026/03/11-13:05:20-GMT  BuildTime: Aug  4 2022 06:17:15  BuildStamp: freesurfer-linux-ubuntu22_x86_64-7.3.2-20220804-6354275  User: oesteban  Machine: dna063  Platform: Linux  PlatformVersion: 5.14.0-427.37.1.el9_4.x86_64  CompilerName: GCC  CompilerVersion: 8.4.0
ProgramName: mris_thickness  ProgramArguments: mris_thickness -all-info  ProgramVersion: 7.3.2  TimeStamp: 2026/03/11-13:05:20-GMT  BuildTime: Aug  4 2022 06:17:15  BuildStamp: freesurfer-linux-ubuntu22_x86_64-7.3.2-20220804-6354275  User: oesteban  Machine: dna063  Platform: Linux  PlatformVersion: 5.14.0-427.37.1.el9_4.x86_64  CompilerName: GCC  CompilerVersion: 8.4.0
ProgramName: mris_thickness_diff  ProgramArguments: mris_thickness_diff -all-info  ProgramVersion: 7.3.2  TimeStamp: 2026/03/11-13:05:20-GMT  BuildTime: Aug  4 2022 06:17:15  BuildStamp: freesurfer-linux-ubuntu22_x86_64-7.3.2-20220804-6354275  User: oesteban  Machine: dna063  Platform: Linux  PlatformVersion: 5.14.0-427.37.1.el9_4.x86_64  CompilerName: GCC  CompilerVersion: 8.4.0
ProgramName: mris_topo_fixer  ProgramArguments: mris_topo_fixer -all-info  ProgramVersion: 7.3.2  TimeStamp: 2026/03/11-13:05:20-GMT  BuildTime: Aug  4 2022 06:17:15  BuildStamp: freesurfer-linux-ubuntu22_x86_64-7.3.2-20220804-6354275  User: oesteban  Machine: dna063  Platform: Linux  PlatformVersion: 5.14.0-427.37.1.el9_4.x86_64  CompilerName: GCC  CompilerVersion: 8.4.0
ProgramName: mri_surf2surf  ProgramArguments: mri_surf2surf -all-info  ProgramVersion: 7.3.2  TimeStamp: 2026/03/11-13:05:20-GMT  BuildTime: Aug  4 2022 06:17:15  BuildStamp: freesurfer-linux-ubuntu22_x86_64-7.3.2-20220804-6354275  User: oesteban  Machine: dna063  Platform: Linux  PlatformVersion: 5.14.0-427.37.1.el9_4.x86_64  CompilerName: GCC  CompilerVersion: 8.4.0
ProgramName: mri_surf2vol  ProgramArguments: mri_surf2vol -all-info  ProgramVersion: 7.3.2  TimeStamp: 2026/03/11-13:05:20-GMT  BuildTime: Aug  4 2022 06:17:15  BuildStamp: freesurfer-linux-ubuntu22_x86_64-7.3.2-20220804-6354275  User: oesteban  Machine: dna063  Platform: Linux  PlatformVersion: 5.14.0-427.37.1.el9_4.x86_64  CompilerName: GCC  CompilerVersion: 8.4.0
ProgramName: mri_surfcluster  ProgramArguments: mri_surfcluster -all-info  ProgramVersion: 7.3.2  TimeStamp: 2026/03/11-13:05:20-GMT  BuildTime: Aug  4 2022 06:17:15  BuildStamp: freesurfer-linux-ubuntu22_x86_64-7.3.2-20220804-6354275  User: oesteban  Machine: dna063  Platform: Linux  PlatformVersion: 5.14.0-427.37.1.el9_4.x86_64  CompilerName: GCC  CompilerVersion: 8.4.0
ProgramName: mris_volmask  ProgramArguments: mris_volmask -all-info  ProgramVersion: 7.3.2  TimeStamp: 2026/03/11-13:05:20-GMT  BuildTime: Aug  4 2022 06:17:15  BuildStamp: freesurfer-linux-ubuntu22_x86_64-7.3.2-20220804-6354275  User: oesteban  Machine: dna063  Platform: Linux  PlatformVersion: 5.14.0-427.37.1.el9_4.x86_64  CompilerName: GCC  CompilerVersion: 8.4.0
ProgramName: mri_tessellate  ProgramArguments: mri_tessellate -all-info  ProgramVersion: 7.3.2  TimeStamp: 2026/03/11-13:05:20-GMT  BuildTime: Aug  4 2022 06:17:15  BuildStamp: freesurfer-linux-ubuntu22_x86_64-7.3.2-20220804-6354275  User: oesteban  Machine: dna063  Platform: Linux  PlatformVersion: 5.14.0-427.37.1.el9_4.x86_64  CompilerName: GCC  CompilerVersion: 8.4.0
ProgramName: mri_vol2surf  ProgramArguments: mri_vol2surf -all-info  ProgramVersion: 7.3.2  TimeStamp: 2026/03/11-13:05:20-GMT  BuildTime: Aug  4 2022 06:17:15  BuildStamp: freesurfer-linux-ubuntu22_x86_64-7.3.2-20220804-6354275  User: oesteban  Machine: dna063  Platform: Linux  PlatformVersion: 5.14.0-427.37.1.el9_4.x86_64  CompilerName: GCC  CompilerVersion: 8.4.0
ProgramName: mri_vol2vol  ProgramArguments: mri_vol2vol -all-info  ProgramVersion: 7.3.2  TimeStamp: 2026/03/11-13:05:20-GMT  BuildTime: Aug  4 2022 06:17:15  BuildStamp: freesurfer-linux-ubuntu22_x86_64-7.3.2-20220804-6354275  User: oesteban  Machine: dna063  Platform: Linux  PlatformVersion: 5.14.0-427.37.1.el9_4.x86_64  CompilerName: GCC  CompilerVersion: 8.4.0
ProgramName: mri_voldiff  ProgramArguments: mri_voldiff -all-info  ProgramVersion: 7.3.2  TimeStamp: 2026/03/11-13:05:20-GMT  BuildTime: Aug  4 2022 06:17:15  BuildStamp: freesurfer-linux-ubuntu22_x86_64-7.3.2-20220804-6354275  User: oesteban  Machine: dna063  Platform: Linux  PlatformVersion: 5.14.0-427.37.1.el9_4.x86_64  CompilerName: GCC  CompilerVersion: 8.4.0
ProgramName: mri_watershed  ProgramArguments: mri_watershed -all-info  ProgramVersion: 7.3.2  TimeStamp: 2026/03/11-13:05:20-GMT  BuildTime: Aug  4 2022 06:17:15  BuildStamp: freesurfer-linux-ubuntu22_x86_64-7.3.2-20220804-6354275  User: oesteban  Machine: dna063  Platform: Linux  PlatformVersion: 5.14.0-427.37.1.el9_4.x86_64  CompilerName: GCC  CompilerVersion: 8.4.0
ProgramName: tkregister2  ProgramArguments: tkregister2_cmdl -all-info  ProgramVersion: 7.3.2  TimeStamp: 2026/03/11-13:05:20-GMT  BuildTime: Aug  4 2022 06:17:15  BuildStamp: freesurfer-linux-ubuntu22_x86_64-7.3.2-20220804-6354275  User: oesteban  Machine: dna063  Platform: Linux  PlatformVersion: 5.14.0-427.37.1.el9_4.x86_64  CompilerName: GCC  CompilerVersion: 8.4.0
mri_motion_correct.fsl 7.3.2
mri_convert -all-info 
ProgramName: mri_convert  ProgramArguments: mri_convert -all-info  ProgramVersion: 7.3.2  TimeStamp: 2026/03/11-13:05:20-GMT  BuildTime: Aug  4 2022 06:17:15  BuildStamp: freesurfer-linux-ubuntu22_x86_64-7.3.2-20220804-6354275  User: oesteban  Machine: dna063  Platform: Linux  PlatformVersion: 5.14.0-427.37.1.el9_4.x86_64  CompilerName: GCC  CompilerVersion: 8.4.0
Program nu_correct, built from:
Package MNI N3, version 1.12.0, compiled by nicks@terrier (x86_64-unknown-linux-gnu) on 2015-06-19 at 01:25:34
#######################################
GCADIR /opt/freesurfer/average
GCA RB_all_2020-01-02.gca
GCASkull RB_all_withskull_2020_01_02.gca
AvgCurvTif folding.atlas.acfb40.noaparc.i12.2016-08-02.tif
GCSDIR /opt/freesurfer/average
GCS DKaparc.atlas.acfb40.noaparc.i12.2016-08-02.gcs
#######################################
#--------------------------------------------
#@# WhiteSurfs lh Wed Mar 11 14:05:20 CET 2026
cd /out/sourcedata/freesurfer/sub-v2s16x51300_ses-1/mri
mris_place_surface --adgws-in ../surf/autodet.gw.stats.lh.dat --seg aseg.presurf.mgz --threads 16 --wm wm.mgz --invol brain.finalsurfs.mgz --lh --i ../surf/lh.white.preaparc --o ../surf/lh.white --white --nsmooth 0 --rip-label ../label/lh.cortex.label --rip-bg --rip-surf ../surf/lh.white.preaparc --aparc ../label/lh.aparc.annot
   Update not needed
#--------------------------------------------
#@# WhiteSurfs rh Wed Mar 11 14:05:20 CET 2026
cd /out/sourcedata/freesurfer/sub-v2s16x51300_ses-1/mri
mris_place_surface --adgws-in ../surf/autodet.gw.stats.rh.dat --seg aseg.presurf.mgz --threads 16 --wm wm.mgz --invol brain.finalsurfs.mgz --rh --i ../surf/rh.white.preaparc --o ../surf/rh.white --white --nsmooth 0 --rip-label ../label/rh.cortex.label --rip-bg --rip-surf ../surf/rh.white.preaparc --aparc ../label/rh.aparc.annot
   Update not needed
#@# white curv lh Wed Mar 11 14:05:20 CET 2026
cd /out/sourcedata/freesurfer/sub-v2s16x51300_ses-1/mri
mris_place_surface --curv-map ../surf/lh.white 2 10 ../surf/lh.curv
   Update not needed
#@# white area lh Wed Mar 11 14:05:20 CET 2026
cd /out/sourcedata/freesurfer/sub-v2s16x51300_ses-1/mri
mris_place_surface --area-map ../surf/lh.white ../surf/lh.area
   Update not needed
#@# pial curv lh Wed Mar 11 14:05:20 CET 2026
cd /out/sourcedata/freesurfer/sub-v2s16x51300_ses-1/mri
mris_place_surface --curv-map ../surf/lh.pial 2 10 ../surf/lh.curv.pial
   Update not needed
#@# pial area lh Wed Mar 11 14:05:20 CET 2026
cd /out/sourcedata/freesurfer/sub-v2s16x51300_ses-1/mri
mris_place_surface --area-map ../surf/lh.pial ../surf/lh.area.pial
   Update not needed
#@# thickness lh Wed Mar 11 14:05:20 CET 2026
cd /out/sourcedata/freesurfer/sub-v2s16x51300_ses-1/mri
mris_place_surface --thickness ../surf/lh.white ../surf/lh.pial 20 5 ../surf/lh.thickness
   Update not needed
#@# area and vertex vol lh Wed Mar 11 14:05:20 CET 2026
cd /out/sourcedata/freesurfer/sub-v2s16x51300_ses-1/mri
mris_place_surface --thickness ../surf/lh.white ../surf/lh.pial 20 5 ../surf/lh.thickness
   Update not needed
#@# white curv rh Wed Mar 11 14:05:20 CET 2026
cd /out/sourcedata/freesurfer/sub-v2s16x51300_ses-1/mri
mris_place_surface --curv-map ../surf/rh.white 2 10 ../surf/rh.curv
   Update not needed
#@# white area rh Wed Mar 11 14:05:21 CET 2026
cd /out/sourcedata/freesurfer/sub-v2s16x51300_ses-1/mri
mris_place_surface --area-map ../surf/rh.white ../surf/rh.area
   Update not needed
#@# pial curv rh Wed Mar 11 14:05:21 CET 2026
cd /out/sourcedata/freesurfer/sub-v2s16x51300_ses-1/mri
mris_place_surface --curv-map ../surf/rh.pial 2 10 ../surf/rh.curv.pial
   Update not needed
#@# pial area rh Wed Mar 11 14:05:21 CET 2026
cd /out/sourcedata/freesurfer/sub-v2s16x51300_ses-1/mri
mris_place_surface --area-map ../surf/rh.pial ../surf/rh.area.pial
   Update not needed
#@# thickness rh Wed Mar 11 14:05:21 CET 2026
cd /out/sourcedata/freesurfer/sub-v2s16x51300_ses-1/mri
mris_place_surface --thickness ../surf/rh.white ../surf/rh.pial 20 5 ../surf/rh.thickness
   Update not needed
#@# area and vertex vol rh Wed Mar 11 14:05:21 CET 2026
cd /out/sourcedata/freesurfer/sub-v2s16x51300_ses-1/mri
mris_place_surface --thickness ../surf/rh.white ../surf/rh.pial 20 5 ../surf/rh.thickness
   Update not needed

#-----------------------------------------
#@# Curvature Stats lh Wed Mar 11 14:05:21 CET 2026
/out/sourcedata/freesurfer/sub-v2s16x51300_ses-1/surf

 mris_curvature_stats -m --writeCurvatureFiles -G -o ../stats/lh.curv.stats -F smoothwm sub-v2s16x51300_ses-1 lh curv sulc 

             Toggling save flag on curvature files                       [ ok ]
                 Outputting results using filestem   [ ../stats/lh.curv.stats ]
             Toggling save flag on curvature files                       [ ok ]
                                   Setting surface [ sub-v2s16x51300_ses-1/lh.smoothwm ]
                                Reading surface...                       [ ok ]
                                   Setting texture                     [ curv ]
                                Reading texture...                       [ ok ]
                                   Setting texture                     [ sulc ]
                                Reading texture...Gb_filter = 0
                       [ ok ]
      Calculating Discrete Principal Curvatures...
      Determining geometric order for vno faces... [####################] [ ok ]
                      Determining KH curvatures... [####################] [ ok ]
                    Determining k1k2 curvatures... [####################] [ ok ]
                                   deltaViolations                      [ 235 ]
Gb_filter = 0

#-----------------------------------------
#@# Curvature Stats rh Wed Mar 11 14:05:23 CET 2026
/out/sourcedata/freesurfer/sub-v2s16x51300_ses-1/surf

 mris_curvature_stats -m --writeCurvatureFiles -G -o ../stats/rh.curv.stats -F smoothwm sub-v2s16x51300_ses-1 rh curv sulc 

             Toggling save flag on curvature files                       [ ok ]
                 Outputting results using filestem   [ ../stats/rh.curv.stats ]
             Toggling save flag on curvature files                       [ ok ]
                                   Setting surface [ sub-v2s16x51300_ses-1/rh.smoothwm ]
                                Reading surface...                       [ ok ]
                                   Setting texture                     [ curv ]
                                Reading texture...                       [ ok ]
                                   Setting texture                     [ sulc ]
                                Reading texture...Gb_filter = 0
                       [ ok ]
      Calculating Discrete Principal Curvatures...
      Determining geometric order for vno faces... [####################] [ ok ]
                      Determining KH curvatures... [####################] [ ok ]
                    Determining k1k2 curvatures... [####################] [ ok ]
                                   deltaViolations                      [ 203 ]
Gb_filter = 0
#-----------------------------------------
#@# Relabel Hypointensities Wed Mar 11 14:05:25 CET 2026
/out/sourcedata/freesurfer/sub-v2s16x51300_ses-1/mri

 mri_relabel_hypointensities aseg.presurf.mgz ../surf aseg.presurf.hypos.mgz 

reading input surface ../surf/lh.white...
relabeling lh hypointensities...
2662 voxels changed to hypointensity...
reading input surface ../surf/rh.white...
relabeling rh hypointensities...
1582 voxels changed to hypointensity...
4174 hypointense voxels neighboring cortex changed
#-----------------------------------------
#@# APas-to-ASeg Wed Mar 11 14:05:39 CET 2026
/out/sourcedata/freesurfer/sub-v2s16x51300_ses-1/mri

 mri_surf2volseg --o aseg.mgz --i aseg.presurf.hypos.mgz --fix-presurf-with-ribbon /out/sourcedata/freesurfer/sub-v2s16x51300_ses-1/mri/ribbon.mgz --threads 16 --lh-cortex-mask /out/sourcedata/freesurfer/sub-v2s16x51300_ses-1/label/lh.cortex.label --lh-white /out/sourcedata/freesurfer/sub-v2s16x51300_ses-1/surf/lh.white --lh-pial /out/sourcedata/freesurfer/sub-v2s16x51300_ses-1/surf/lh.pial --rh-cortex-mask /out/sourcedata/freesurfer/sub-v2s16x51300_ses-1/label/rh.cortex.label --rh-white /out/sourcedata/freesurfer/sub-v2s16x51300_ses-1/surf/rh.white --rh-pial /out/sourcedata/freesurfer/sub-v2s16x51300_ses-1/surf/rh.pial 

SUBJECTS_DIR /out/sourcedata/freesurfer
outvol aseg.mgz
16 avail.processors, using 16
Loading aseg.presurf.hypos.mgz
Loading /out/sourcedata/freesurfer/sub-v2s16x51300_ses-1/mri/ribbon.mgz
Loading /out/sourcedata/freesurfer/sub-v2s16x51300_ses-1/surf/lh.white
Loading /out/sourcedata/freesurfer/sub-v2s16x51300_ses-1/surf/lh.pial
Loading /out/sourcedata/freesurfer/sub-v2s16x51300_ses-1/label/lh.cortex.label
Loading /out/sourcedata/freesurfer/sub-v2s16x51300_ses-1/surf/rh.white
Loading /out/sourcedata/freesurfer/sub-v2s16x51300_ses-1/surf/rh.pial
Loading /out/sourcedata/freesurfer/sub-v2s16x51300_ses-1/label/rh.cortex.label
Done loading
112 176 192  96 224  32   0  48  16  80 128 160 144 208 240  64 209  49 241 225  33  17   1 210 242  50 226  34  18   2  65 193 211  81 243  97  51 227  35   3 113  19 
177 161 212 244 145  66 194  52 228  36   4  82 213  20 245  98 229  37   5  67  53 214 195  21 162 246 178  83 230  38   6 146 215  54  22  68  99 
247 231 114  39 
  7 216 196  84  23  55 248  69 163 232  40 217  24 147  56 179 
  8 249  85 100 197 233  70  41 218  25  57   9 250 234  42 198 219 
164  26  58  71  86 251  10 148 180 235  43 220 101  27  59 
199 
129 252  11  72  87 236 115  44 221  28  60 165 253 200  12 237  45 222 149 181  29  61 102 254  73  88 201  13 238  46 223  30 255  62 202  14 239 
166  74  47  31 103 150  63  89 203  15 182  75 204 104 167 205  90 151  76 116 183 206 105 130  91 207 168  77 184 152 106  78  92 169 185  79 
 93 117 153 186 107 170 131 187  94 171 108 154 188  95 172 118 109 155 189 173 190 110 132 156 191 119 
174 111 157 175 158 120 133 159 
121 134 122 135 123 136 124 137 125 138 139 
126 140 127 141 142 143 
nrelabeled = 143627
ndotcheck = 0
Starting Surf2VolSeg free
free done
#VMPC# mri_surf2volseg VmPeak  1935408
mri_surf2volseg done

 mri_brainvol_stats sub-v2s16x51300_ses-1 

ComputeBrainVolumeStats2 VoxelVol=1, KeepCSF=1
  #CBVS2 MaskVol              1536472.0
  #CBVS2 BrainSegVol          1262936.0
  #CBVS2 BrainSegVolNotVent   1246294.0
  #CBVS2 SupraTentVol         1109390.0
  #CBVS2 SupraTentVolNotVent  1092748.0
  #CBVS2 lhCtxGM               274429.0
  #CBVS2 rhCtxGM               270056.9
  #CBVS2 lhCerebralWM          248092.0
  #CBVS2 rhCerebralWM          239046.0
  #CBVS2 SubCortGMVol           62298.0
  #CBVS2 CerebellumVol         153546.0
  #CBVS2 CerebellumGMVol       120989.0
  #CBVS2 VentChorVol            13431.0
  #CBVS2 3rd4th5thCSF            3211.0
  #CBVS2 AllCSF                 16642.0
  #CBVS2 CCVol                   3870.0
#-----------------------------------------
#@# AParc-to-ASeg aparc Wed Mar 11 14:05:46 CET 2026
/out/sourcedata/freesurfer/sub-v2s16x51300_ses-1/mri

 mri_surf2volseg --o aparc+aseg.mgz --label-cortex --i aseg.mgz --threads 16 --lh-annot /out/sourcedata/freesurfer/sub-v2s16x51300_ses-1/label/lh.aparc.annot 1000 --lh-cortex-mask /out/sourcedata/freesurfer/sub-v2s16x51300_ses-1/label/lh.cortex.label --lh-white /out/sourcedata/freesurfer/sub-v2s16x51300_ses-1/surf/lh.white --lh-pial /out/sourcedata/freesurfer/sub-v2s16x51300_ses-1/surf/lh.pial --rh-annot /out/sourcedata/freesurfer/sub-v2s16x51300_ses-1/label/rh.aparc.annot 2000 --rh-cortex-mask /out/sourcedata/freesurfer/sub-v2s16x51300_ses-1/label/rh.cortex.label --rh-white /out/sourcedata/freesurfer/sub-v2s16x51300_ses-1/surf/rh.white --rh-pial /out/sourcedata/freesurfer/sub-v2s16x51300_ses-1/surf/rh.pial 

SUBJECTS_DIR /out/sourcedata/freesurfer
outvol aparc+aseg.mgz
16 avail.processors, using 16
Loading aseg.mgz
Loading /out/sourcedata/freesurfer/sub-v2s16x51300_ses-1/surf/lh.white
Loading /out/sourcedata/freesurfer/sub-v2s16x51300_ses-1/surf/lh.pial
Loading /out/sourcedata/freesurfer/sub-v2s16x51300_ses-1/label/lh.cortex.label
Ripping lh vertices labeled not in lh.cortex.label
  ripped 7653 vertices from lh hemi
Loading /out/sourcedata/freesurfer/sub-v2s16x51300_ses-1/label/lh.aparc.annot
Loading /out/sourcedata/freesurfer/sub-v2s16x51300_ses-1/surf/rh.white
Loading /out/sourcedata/freesurfer/sub-v2s16x51300_ses-1/surf/rh.pial
Loading /out/sourcedata/freesurfer/sub-v2s16x51300_ses-1/label/rh.cortex.label
Ripping rh vertices labeled not in rh.cortex.label
  ripped 7998 vertices from rh hemi
Loading /out/sourcedata/freesurfer/sub-v2s16x51300_ses-1/label/rh.aparc.annot
Done loading
 80 176 192   0 160  32  16 208 128  48 240  64  96 144 112 224 241   1  17  49 209  33 225 242  18   2 226 210  50  34 243  19 
227 211   3  51  35 244  20 228 212   4  52  36 245 229  21 213   5  37  53 246 230  22 214   6  54  38 247 231 215  23   7  55  39 
248 232 216  24   8  56  40 249 233 217  25   9  57  41 250 234 218  26  10  58  42 251 235 219 
 27  11  59 
 43 252 236 220  28  12  60  44 253 237 221  29  13  61  45 254 238 222  30  14  46  62 255 239 
223  31  15  47  63  65  66 193  67 129 145 113  68 194 195 161  81  69 177 196 197  97 146 198 114 130 199 
200 201 202 203 204 205 206 207  70 147 115 162  82  71 178 131 148  98 116 149  72 163  83 179 
132 150 117  99 
 73 151 118  84 180 164  74 100 133 152 119 
181 165  75  85 101 153 120 182 134  76  86 166 154 102 121 183 155 135  77  87 103 167 184 122 156 104  78  88 185 136 168 123 105 157 186  89  79 
106 137 187 158 124 169 188 107 159 
 90 125 170 138 189 108 126 190 109 171  91 139 
191 110 127 172 140  92 111 141 173  93 142 174 143  94 175  95 
nrelabeled = 543310
ndotcheck = 40680
Starting Surf2VolSeg free
free done
#VMPC# mri_surf2volseg VmPeak  2075296
mri_surf2volseg done
#-----------------------------------------
#@# AParc-to-ASeg aparc.a2009s Wed Mar 11 14:06:18 CET 2026
/out/sourcedata/freesurfer/sub-v2s16x51300_ses-1/mri

 mri_surf2volseg --o aparc.a2009s+aseg.mgz --label-cortex --i aseg.mgz --threads 16 --lh-annot /out/sourcedata/freesurfer/sub-v2s16x51300_ses-1/label/lh.aparc.a2009s.annot 11100 --lh-cortex-mask /out/sourcedata/freesurfer/sub-v2s16x51300_ses-1/label/lh.cortex.label --lh-white /out/sourcedata/freesurfer/sub-v2s16x51300_ses-1/surf/lh.white --lh-pial /out/sourcedata/freesurfer/sub-v2s16x51300_ses-1/surf/lh.pial --rh-annot /out/sourcedata/freesurfer/sub-v2s16x51300_ses-1/label/rh.aparc.a2009s.annot 12100 --rh-cortex-mask /out/sourcedata/freesurfer/sub-v2s16x51300_ses-1/label/rh.cortex.label --rh-white /out/sourcedata/freesurfer/sub-v2s16x51300_ses-1/surf/rh.white --rh-pial /out/sourcedata/freesurfer/sub-v2s16x51300_ses-1/surf/rh.pial 

SUBJECTS_DIR /out/sourcedata/freesurfer
outvol aparc.a2009s+aseg.mgz
16 avail.processors, using 16
Loading aseg.mgz
Loading /out/sourcedata/freesurfer/sub-v2s16x51300_ses-1/surf/lh.white
Loading /out/sourcedata/freesurfer/sub-v2s16x51300_ses-1/surf/lh.pial
Loading /out/sourcedata/freesurfer/sub-v2s16x51300_ses-1/label/lh.cortex.label
Ripping lh vertices labeled not in lh.cortex.label
  ripped 7653 vertices from lh hemi
Loading /out/sourcedata/freesurfer/sub-v2s16x51300_ses-1/label/lh.aparc.a2009s.annot
Loading /out/sourcedata/freesurfer/sub-v2s16x51300_ses-1/surf/rh.white
Loading /out/sourcedata/freesurfer/sub-v2s16x51300_ses-1/surf/rh.pial
Loading /out/sourcedata/freesurfer/sub-v2s16x51300_ses-1/label/rh.cortex.label
Ripping rh vertices labeled not in rh.cortex.label
  ripped 7998 vertices from rh hemi
Loading /out/sourcedata/freesurfer/sub-v2s16x51300_ses-1/label/rh.aparc.a2009s.annot
Done loading
  0 192  32 176 112  64 224 208  48 128  96  80 240 241   1  49 225 160  16 144 209  33 242   2  50 226 210  34  17 243   3  51 227 211  35  18 244   4  52 228 212  19 
 36 245   5  53 229 213  37  20 246   6  54  38 230 214  21 247   7  55 231  39 
215  22 248   8  56 232  40 216  23 249   9  57 233  41 217  24 250  10  58 234  42 218  25 251  11  59 
235  43 219 
 26 252  12  60 236 220  44  27 253  13  61 237  45 221  28 254  14 238  46 222  29  62 255  15 239 
 47 223  30  31  63  65  66 193  67 129  68 194 145 113 195 161  69 196 197  97  81 198 199 
200 201 202 203 204 205 206 207 177 130  70 146 114 162  71 147 131  98 115  82  72 148 178 163 116 149  73 132  99 
150  83 117 179 
 74 164 100 151 118 133  75  84 180 165 152 119 
101  76 153 181 134  85 166 120 102  77 154 182 103 121 167  86 135  78 155 104 183 122 156 168  87  79 
105 136 184 157 106 123  88 169 185 137 107 158 186 124 170  89 108 159 
187 138 109 125 171 188  90 110 139 
189 126 172 111 190 140  91 127 173 191 141  92 174 142 143  93 175  94  95 
nrelabeled = 543310
ndotcheck = 40680
Starting Surf2VolSeg free
free done
#VMPC# mri_surf2volseg VmPeak  2352944
mri_surf2volseg done
#-----------------------------------------
#@# AParc-to-ASeg aparc.DKTatlas Wed Mar 11 14:06:52 CET 2026
/out/sourcedata/freesurfer/sub-v2s16x51300_ses-1/mri

 mri_surf2volseg --o aparc.DKTatlas+aseg.mgz --label-cortex --i aseg.mgz --threads 16 --lh-annot /out/sourcedata/freesurfer/sub-v2s16x51300_ses-1/label/lh.aparc.DKTatlas.annot 1000 --lh-cortex-mask /out/sourcedata/freesurfer/sub-v2s16x51300_ses-1/label/lh.cortex.label --lh-white /out/sourcedata/freesurfer/sub-v2s16x51300_ses-1/surf/lh.white --lh-pial /out/sourcedata/freesurfer/sub-v2s16x51300_ses-1/surf/lh.pial --rh-annot /out/sourcedata/freesurfer/sub-v2s16x51300_ses-1/label/rh.aparc.DKTatlas.annot 2000 --rh-cortex-mask /out/sourcedata/freesurfer/sub-v2s16x51300_ses-1/label/rh.cortex.label --rh-white /out/sourcedata/freesurfer/sub-v2s16x51300_ses-1/surf/rh.white --rh-pial /out/sourcedata/freesurfer/sub-v2s16x51300_ses-1/surf/rh.pial 

SUBJECTS_DIR /out/sourcedata/freesurfer
outvol aparc.DKTatlas+aseg.mgz
16 avail.processors, using 16
Loading aseg.mgz
Loading /out/sourcedata/freesurfer/sub-v2s16x51300_ses-1/surf/lh.white
Loading /out/sourcedata/freesurfer/sub-v2s16x51300_ses-1/surf/lh.pial
Loading /out/sourcedata/freesurfer/sub-v2s16x51300_ses-1/label/lh.cortex.label
Ripping lh vertices labeled not in lh.cortex.label
  ripped 7653 vertices from lh hemi
Loading /out/sourcedata/freesurfer/sub-v2s16x51300_ses-1/label/lh.aparc.DKTatlas.annot
Loading /out/sourcedata/freesurfer/sub-v2s16x51300_ses-1/surf/rh.white
Loading /out/sourcedata/freesurfer/sub-v2s16x51300_ses-1/surf/rh.pial
Loading /out/sourcedata/freesurfer/sub-v2s16x51300_ses-1/label/rh.cortex.label
Ripping rh vertices labeled not in rh.cortex.label
  ripped 7998 vertices from rh hemi
Loading /out/sourcedata/freesurfer/sub-v2s16x51300_ses-1/label/rh.aparc.DKTatlas.annot
Done loading
  0  32 192  80 144 112 176  16 128  96 208  48 160  64 240 224 241   1 209  49 225  17  33 242   2  18  50  34 226 210 243   3  35  19  51 
227 211 244   4  36  52  20 228 212 245   5  21  53 229  37 213 246   6  38  54 230  22 214 247   7  55 231 215  39 
 23 248   8  56 232 216  40  24 249   9  57 233 217  41  25 250  10  58 234 218  42  26 251  11  59 
235 219 
 43  27 252  12  60 236 220  44  28 253  13  61 237 221  45  29 254  14 238 222  46  30  62 255  15 239 
223  47  31  63  65  66  67 193 129  68 113 145 194 161  69 195  81 196 177 197  97 198 146 130 199 
200 201 202 114 203 204 205 206  70 207 162 147  71  82 115 131 178 148  98  72 163 116 149  83 132  73 179 
150 117  99 
164  74 151  84 180 118 100 133  75 165 152 181 119 
 85 101 153  76 134 166 182 120  86 154 102  77 183 167 121 135 155 103  87  78 184 122 156 104 168 136 185  88  79 
105 157 186 123 169 137 106  89 187 158 124 188 107 170 159 
138  90 189 125 108 171 190 139 
109 126  91 191 172 110 140 127 111  92 173 141 142  93 174 143  94 175  95 
nrelabeled = 543310
ndotcheck = 40680
Starting Surf2VolSeg free
free done
#VMPC# mri_surf2volseg VmPeak  1919600
mri_surf2volseg done
#-----------------------------------------
#@# WMParc Wed Mar 11 14:07:25 CET 2026
/out/sourcedata/freesurfer/sub-v2s16x51300_ses-1/mri

 mri_surf2volseg --o wmparc.mgz --label-wm --i aparc+aseg.mgz --threads 16 --lh-annot /out/sourcedata/freesurfer/sub-v2s16x51300_ses-1/label/lh.aparc.annot 3000 --lh-cortex-mask /out/sourcedata/freesurfer/sub-v2s16x51300_ses-1/label/lh.cortex.label --lh-white /out/sourcedata/freesurfer/sub-v2s16x51300_ses-1/surf/lh.white --lh-pial /out/sourcedata/freesurfer/sub-v2s16x51300_ses-1/surf/lh.pial --rh-annot /out/sourcedata/freesurfer/sub-v2s16x51300_ses-1/label/rh.aparc.annot 4000 --rh-cortex-mask /out/sourcedata/freesurfer/sub-v2s16x51300_ses-1/label/rh.cortex.label --rh-white /out/sourcedata/freesurfer/sub-v2s16x51300_ses-1/surf/rh.white --rh-pial /out/sourcedata/freesurfer/sub-v2s16x51300_ses-1/surf/rh.pial 

SUBJECTS_DIR /out/sourcedata/freesurfer
outvol wmparc.mgz
16 avail.processors, using 16
Loading aparc+aseg.mgz
Loading /out/sourcedata/freesurfer/sub-v2s16x51300_ses-1/surf/lh.white
Loading /out/sourcedata/freesurfer/sub-v2s16x51300_ses-1/surf/lh.pial
Loading /out/sourcedata/freesurfer/sub-v2s16x51300_ses-1/label/lh.cortex.label
Ripping lh vertices labeled not in lh.cortex.label
  ripped 7653 vertices from lh hemi
Loading /out/sourcedata/freesurfer/sub-v2s16x51300_ses-1/label/lh.aparc.annot
Loading /out/sourcedata/freesurfer/sub-v2s16x51300_ses-1/surf/rh.white
Loading /out/sourcedata/freesurfer/sub-v2s16x51300_ses-1/surf/rh.pial
Loading /out/sourcedata/freesurfer/sub-v2s16x51300_ses-1/label/rh.cortex.label
Ripping rh vertices labeled not in rh.cortex.label
  ripped 7998 vertices from rh hemi
Loading /out/sourcedata/freesurfer/sub-v2s16x51300_ses-1/label/rh.aparc.annot
Done loading
192  80 112  32 240 144 176  64  48  16   0 160  96 128 208 224   1  49  33 241  65  17 209 225   2 242  50  34 226 210  66  18   3 243  51  35 227 211  67 193  19 
  4 244  52 228  36 212  20   5 245  53  37 229 213  68  21 246   6 230 214  54  38 194  22   7 247 231  55 215  39 
 23   8 248 232  56  40 216 195  24   9 249  69 233  57  41 217 196  25  10 250 234  58  42 218 197  11  26 129 251  59 
235  43 219 
 12  27 252 198  60 236  44 220  13  28 253 199 
 61 237  45 221  70  14  29 254 200  62 238  46 222  15  30 255 201  63 239 
 47 223  31 202 203 204 205  71 206 207  81  72 177 161 130  73  97 145  82  74 178 113 131  75 179 
 83 162  98  76 132 180 146  84  77 163 114 181  78 133  99 
 85 182  79 
164 147 183 115 134  86 184 100 185 135  87 165 186 116 148 187 136 188  88 189 101 190 166 191 117  89 137 149 102 118 167  90 138 168 119 
103  91 150 139 
120 169  92 104 121 140 170 122  93 151 105 123 171 141 124  94 125 126 152 172 127 106 142  95 173 153 107 143 174 175 154 108 155 109 156 157 110 158 159 
111 
nrelabeled = 483268
ndotcheck = 3756
Starting Surf2VolSeg free
free done
#VMPC# mri_surf2volseg VmPeak  1919608
mri_surf2volseg done

 mri_segstats --seed 1234 --seg mri/wmparc.mgz --sum stats/wmparc.stats --pv mri/norm.mgz --excludeid 0 --brainmask mri/brainmask.mgz --in mri/norm.mgz --in-intensity-name norm --in-intensity-units MR --subject sub-v2s16x51300_ses-1 --surf-wm-vol --ctab /opt/freesurfer/WMParcStatsLUT.txt --etiv 

setting seed for random number genererator to 1234

7.3.2
cwd 
cmdline mri_segstats --seed 1234 --seg mri/wmparc.mgz --sum stats/wmparc.stats --pv mri/norm.mgz --excludeid 0 --brainmask mri/brainmask.mgz --in mri/norm.mgz --in-intensity-name norm --in-intensity-units MR --subject sub-v2s16x51300_ses-1 --surf-wm-vol --ctab /opt/freesurfer/WMParcStatsLUT.txt --etiv 
sysname  Linux
hostname dna063
machine  x86_64
user     oesteban
whitesurfname  white
UseRobust  0
atlas_icv (eTIV) = 1610190 mm^3    (det: 1.209860 )
Loading mri/wmparc.mgz
Getting Brain Volume Statistics
Loading mri/norm.mgz
Loading mri/norm.mgz
Voxel Volume is 1 mm^3
Generating list of segmentation ids
Found 390 segmentations
Computing statistics for each segmentation

Reporting on  70 segmentations
Using PrintSegStat
mri_segstats done
#--------------------------------------------
#@# ASeg Stats Wed Mar 11 14:10:58 CET 2026
/out/sourcedata/freesurfer/sub-v2s16x51300_ses-1

 mri_segstats --seed 1234 --seg mri/aseg.mgz --sum stats/aseg.stats --pv mri/norm.mgz --empty --brainmask mri/brainmask.mgz --brain-vol-from-seg --excludeid 0 --excl-ctxgmwm --supratent --subcortgray --in mri/norm.mgz --in-intensity-name norm --in-intensity-units MR --etiv --surf-wm-vol --surf-ctx-vol --totalgray --euler --ctab /opt/freesurfer/ASegStatsLUT.txt --subject sub-v2s16x51300_ses-1 

setting seed for random number genererator to 1234

7.3.2
cwd 
cmdline mri_segstats --seed 1234 --seg mri/aseg.mgz --sum stats/aseg.stats --pv mri/norm.mgz --empty --brainmask mri/brainmask.mgz --brain-vol-from-seg --excludeid 0 --excl-ctxgmwm --supratent --subcortgray --in mri/norm.mgz --in-intensity-name norm --in-intensity-units MR --etiv --surf-wm-vol --surf-ctx-vol --totalgray --euler --ctab /opt/freesurfer/ASegStatsLUT.txt --subject sub-v2s16x51300_ses-1 
sysname  Linux
hostname dna063
machine  x86_64
user     oesteban
whitesurfname  white
UseRobust  0
atlas_icv (eTIV) = 1610190 mm^3    (det: 1.209860 )
Computing euler number
orig.nofix lheno =  -22, rheno = 0
orig.nofix lhholes =   12, rhholes = 1
Loading mri/aseg.mgz
Getting Brain Volume Statistics
Loading mri/norm.mgz
Loading mri/norm.mgz
Voxel Volume is 1 mm^3
Generating list of segmentation ids
Found  50 segmentations
Computing statistics for each segmentation

Reporting on  45 segmentations
Using PrintSegStat
mri_segstats done

Started at Wed Mar 11 14:05:20 CET 2026 
Ended   at Wed Mar 11 14:11:29 CET 2026
#@#%# recon-all-run-time-hours 0.102
recon-all -s sub-v2s16x51300_ses-1 finished without error at Wed Mar 11 14:11:29 CET 2026
