#!ascii label  , from subject sub-v2s16x51313_ses-1 vox2ras=TkReg
6636
82438  52.388  16.054  22.818 0.2000000030
80779  53.566  13.697  21.747 0.3000000119
81623  53.313  14.549  21.843 0.2000000030
82446  52.421  16.429  22.151 0.2000000030
80789  53.338  13.444  20.505 0.2000000030
81636  53.495  14.649  20.394 0.3000000119
127992  53.032  15.623  21.667 0.2000000030
124100  53.200  16.262  20.778 0.3000000119
80800  53.082  13.762  19.635 0.3000000119
81653  53.398  14.591  19.607 0.3000000119
82457  53.422  15.361  20.598 0.4000000060
83286  52.977  16.994  20.855 0.2000000030
79853  51.338  12.770  17.830 0.4000000060
80814  52.023  13.371  18.295 0.3000000119
81666  53.154  14.643  18.749 0.4000000060
124849  53.477  15.276  19.093 0.3000000119
123271  53.456  15.992  19.957 0.4000000060
83322  53.487  16.458  19.412 0.3000000119
79863  51.038  12.881  16.972 0.5000000000
80831  51.670  13.538  17.423 0.5000000000
80830  52.482  14.221  17.929 0.5000000000
81665  53.354  15.278  18.468 0.5000000000
117035  53.523  15.845  18.556 0.4000000060
134091  49.714  11.532  15.614 0.4000000060
79872  50.173  12.145  15.782 0.5000000000
80845  51.328  13.656  16.560 0.5000000000
81682  51.943  14.311  16.973 0.5000000000
82495  53.288  15.603  17.783 0.5000000000
83332  53.552  16.570  18.682 0.5000000000
123502  53.413  17.147  19.301 0.4000000060
78932  49.331  11.819  14.387 0.4000000060
79873  49.821  12.006  15.079 0.4000000060
135020  51.077  13.804  15.878 0.5000000000
81693  52.642  14.965  17.325 0.5000000000
84136  53.495  17.444  18.538 0.4000000060
78937  49.029  11.969  13.728 0.4000000060
80868  50.219  13.450  14.708 0.4000000060
80857  50.667  13.602  15.330 0.5000000000
81694  52.172  15.039  16.472 0.5000000000
82510  52.849  15.729  16.833 0.5000000000
83352  53.549  16.762  17.351 0.5000000000
83339  53.616  17.011  17.926 0.5000000000
80876  48.631  13.240  13.044 0.5000000000
80869  49.746  13.360  14.131 0.4000000060
81712  50.578  14.219  14.857 0.5000000000
82519  51.651  15.242  15.640 0.5000000000
115687  52.738  16.194  16.209 0.5000000000
120146  53.599  17.296  17.308 0.5000000000
84144  53.560  17.729  17.716 0.5000000000
79903  45.494  12.632  9.403 0.8000000119
79895  45.673  12.697  10.695 0.8999999762
79894  46.331  12.543  11.402 0.8000000119
79889  46.969  12.849  12.089 0.6000000238
81725  48.195  14.026  12.938 0.6000000238
81722  49.541  14.110  13.831 0.5000000000
121438  50.419  14.775  14.513 0.5000000000
82528  51.321  15.931  14.945 0.5000000000
83364  53.011  16.853  15.932 0.5000000000
84946  53.334  18.336  18.411 0.4000000060
113532  45.437  12.851  8.425 0.8000000119
113814  45.415  12.831  10.031 0.8999999762
80884  45.649  13.394  11.110 0.8000000119
81729  46.492  14.457  11.984 0.8000000119
81726  47.776  14.778  12.773 0.6999999881
82541  49.140  15.023  13.606 0.5000000000
82529  50.509  15.646  14.354 0.5000000000
83373  51.771  16.810  14.814 0.5000000000
84169  52.963  17.604  15.412 0.5000000000
84156  53.589  17.882  16.776 0.5000000000
84956  53.429  18.654  17.417 0.5000000000
78997  46.747  11.798  7.759 0.6999999881
79914  46.052  12.232  8.061 0.8000000119
82551  45.763  14.902  10.945 0.8000000119
82545  47.370  15.370  12.406 0.6999999881
83387  48.906  16.007  13.258 0.6000000238
83385  50.216  16.540  13.883 0.5000000000
84176  52.294  17.689  14.670 0.5000000000
113395  53.399  18.299  15.795 0.5000000000
122880  45.198  13.705  9.098 0.8999999762
82555  45.547  14.997  10.202 0.8999999762
82550  46.339  15.187  11.494 0.8000000119
83391  47.660  16.154  12.253 0.6999999881
122405  49.987  17.216  13.488 0.5000000000
84984  51.791  18.228  13.964 0.5000000000
120295  53.020  18.334  14.905 0.5000000000
85848  53.419  19.294  15.881 0.5000000000
79930  46.200  12.304  7.230 0.6999999881
81741  45.217  14.336  8.789 0.8999999762
82559  45.464  15.063  9.242 0.8999999762
118058  46.152  15.516  10.657 0.8000000119
83395  47.466  16.428  11.500 0.8999999762
83389  48.986  16.846  12.908 0.5000000000
132571  52.485  18.475  14.293 0.5000000000
79948  45.781  12.721  6.593 0.6999999881
79931  45.575  12.819  7.454 0.8000000119
81752  45.213  14.315  7.956 0.8999999762
83400  46.709  16.158  10.238 0.8000000119
84191  48.788  17.260  12.274 0.5000000000
84186  49.540  17.479  12.808 0.6000000238
84996  52.266  18.978  13.627 0.5000000000
85859  53.311  19.717  14.962 0.5000000000
79945  50.040  12.993  6.099 0.6000000238
79019  49.360  12.599  5.608 0.6999999881
113188  47.918  12.214  5.984 0.6999999881
79960  45.996  12.596  5.929 0.6999999881
80925  45.386  13.419  6.820 0.6999999881
82566  45.404  15.010  7.402 0.8999999762
82558  46.117  15.764  8.696 0.8999999762
83403  47.406  16.629  9.829 0.8999999762
83398  47.984  17.055  11.061 0.8999999762
85003  50.791  18.489  12.839 0.5000000000
84983  53.032  19.185  14.348 0.5000000000
79020  48.691  12.382  5.835 0.6999999881
79022  47.192  11.993  5.337 0.6999999881
80938  45.626  13.233  5.897 0.6999999881
81767  45.250  14.218  7.106 0.8000000119
82561  45.945  15.667  7.728 0.8000000119
83404  46.827  16.257  9.244 0.8999999762
84197  48.644  17.419  10.513 0.8999999762
84190  49.402  17.872  11.817 0.6000000238
134323  51.853  19.187  12.994 0.5000000000
79018  49.859  12.740  5.292 0.6999999881
79032  48.722  11.968  4.918 0.6999999881
112443  47.988  11.956  5.188 0.6999999881
79959  46.519  12.285  5.628 0.6999999881
128331  45.599  13.966  5.560 0.6999999881
82577  45.472  14.867  6.551 0.8999999762
83407  47.313  16.542  8.440 0.8999999762
83402  48.002  17.021  10.232 0.8999999762
85010  50.793  18.805  11.940 0.5000000000
122043  49.425  11.959  4.700 0.6999999881
79970  46.611  12.341  4.845 0.6999999881
80937  46.068  12.759  5.284 0.6999999881
82589  45.673  14.664  5.752 0.8000000119
82576  45.950  15.408  6.040 0.8999999762
83412  46.552  16.118  7.160 0.8000000119
131736  48.071  16.975  9.457 0.8999999762
84196  49.310  17.697  9.752 0.8000000119
85011  50.195  18.460  11.209 0.6000000238
79031  49.011  11.287  4.040 0.6999999881
121022  48.219  11.557  4.303 0.6999999881
79982  46.725  12.531  4.155 0.6999999881
124775  46.189  13.645  4.450 0.6999999881
82588  46.193  15.190  5.271 0.8000000119
83419  47.219  16.448  6.590 0.8000000119
83411  47.289  16.533  7.499 0.8000000119
83410  48.053  16.934  7.875 0.8999999762
84198  49.483  17.724  8.755 0.8999999762
128106  48.493  11.290  3.616 0.6999999881
79033  47.330  11.924  4.389 0.6999999881
81789  46.430  14.248  4.045 0.6000000238
83427  47.100  16.214  5.757 0.8000000119
79060  48.350  11.372  2.867 0.6999999881
79046  47.829  11.622  3.576 0.6999999881
80961  46.556  13.294  3.765 0.6000000238
81788  46.827  14.137  3.287 0.6000000238
82599  46.498  15.058  4.419 0.8000000119
82587  46.910  15.807  4.935 0.8000000119
119410  47.549  16.374  5.178 0.8000000119
83426  47.918  16.791  5.895 0.8000000119
79067  48.640  11.523  2.006 0.6999999881
79992  48.000  12.019  2.243 0.6000000238
80960  47.063  13.354  2.918 0.6000000238
81794  47.256  14.202  2.574 0.6000000238
82608  46.829  14.897  3.616 0.6000000238
82598  47.137  15.595  3.996 0.8000000119
83435  47.645  16.229  4.407 0.8000000119
80003  47.827  12.818  1.768 0.6000000238
80967  47.480  13.501  2.154 0.6000000238
134906  47.161  14.742  3.000 0.6999999881
83443  47.773  16.065  3.525 0.8000000119
80974  47.853  13.655  1.410 0.6000000238
82625  47.860  15.005  1.634 0.6000000238
81798  48.090  14.482  1.084 0.6000000238
82431  51.985  15.830  23.473 0.2000000030
82439  51.815  16.252  23.027 0.2000000030
82447  51.690  16.499  22.199 0.2000000030
83287  52.713  16.653  21.463 0.2000000030
84118  52.756  17.614  20.481 0.2000000030
84928  52.823  18.028  19.952 0.3000000119
78985  45.949  12.047  8.925 0.8000000119
85831  52.776  19.966  18.251 0.4000000060
78984  46.657  11.547  8.566 0.6999999881
85839  53.358  19.245  16.754 0.5000000000
79946  47.144  12.024  6.773 0.6999999881
86776  53.053  20.176  16.558 0.5000000000
79944  50.891  13.079  6.043 0.5000000000
132790  50.027  12.499  6.727 0.6000000238
79010  48.597  12.228  6.566 0.6999999881
79947  46.464  12.243  6.465 0.6999999881
79009  49.403  12.523  6.520 0.6999999881
79011  47.799  12.027  6.681 0.6999999881
79969  50.547  13.099  5.236 0.6999999881
85876  52.894  19.723  13.464 0.6000000238
85875  53.223  20.199  14.062 0.6000000238
79968  51.320  13.287  4.805 0.6999999881
85009  51.557  19.328  11.595 0.5000000000
85002  51.384  19.038  12.508 0.5000000000
79029  50.917  12.564  4.458 0.6999999881
79030  50.145  12.103  4.574 0.6999999881
78125  49.811  11.270  3.978 0.6999999881
85028  50.113  18.139  9.231 0.8999999762
78139  49.022  10.979  3.258 0.6999999881
84202  48.803  17.348  8.281 0.8999999762
78138  49.540  10.953  3.473 0.6999999881
83418  47.994  16.904  6.942 0.8000000119
79059  49.130  10.975  2.501 0.6999999881
79066  49.320  11.181  1.669 0.6000000238
80002  48.394  12.258  1.497 0.6999999881
83451  47.898  15.844  2.679 0.6999999881
83441  48.953  16.840  3.377 0.8000000119
80001  48.878  12.443  0.654 0.6000000238
80973  48.232  13.758  0.809 0.6000000238
123624  48.475  16.298  2.193 0.6999999881
83450  49.033  16.822  2.663 0.8000000119
82624  48.249  15.324  1.146 0.6999999881
82631  48.649  15.595  0.567 0.6999999881
81804  48.556  14.228  0.313 0.6000000238
133636  48.435  14.943  0.618 0.6999999881
82630  49.080  15.812  -0.093 0.6999999881
81625  50.634  15.222  23.058 0.2000000030
81631  49.353  14.147  21.653 0.2000000030
81629  50.432  15.120  22.028 0.2000000030
122632  51.856  17.014  21.645 0.2000000030
84104  52.404  17.329  21.163 0.2000000030
83307  51.710  17.217  21.058 0.2000000030
84119  52.187  17.810  20.737 0.2000000030
85808  52.432  19.425  19.418 0.3000000119
86744  52.208  20.236  19.186 0.3000000119
86764  52.705  20.596  17.688 0.5000000000
86777  52.616  21.251  16.937 0.5000000000
79942  52.928  12.895  5.751 0.6000000238
79943  51.781  13.046  5.738 0.5000000000
86804  53.177  20.720  14.761 0.5000000000
118209  53.208  20.196  15.559 0.5000000000
79957  52.350  13.556  5.048 0.6000000238
85885  52.525  19.950  11.597 0.5000000000
86821  53.258  20.573  13.054 0.6000000238
124942  51.641  13.472  5.040 0.6000000238
85034  51.226  18.959  8.945 0.6999999881
85026  51.346  19.073  9.831 0.6999999881
78124  50.682  11.262  3.858 0.6999999881
85043  50.710  18.674  7.713 0.8999999762
85036  50.218  18.253  8.321 0.8999999762
79045  51.514  11.738  3.907 0.6000000238
85054  50.052  18.220  6.422 0.8999999762
84205  48.766  17.367  7.380 0.8999999762
78137  50.172  10.730  3.343 0.6999999881
84220  48.786  17.244  5.491 0.8000000119
84213  48.734  17.327  6.437 0.8000000119
129712  50.865  10.524  3.231 0.6000000238
84234  49.155  17.089  3.893 0.8000000119
83434  48.213  16.748  4.922 0.8000000119
78153  49.688  10.671  2.895 0.6999999881
78166  50.647  10.454  1.694 0.5000000000
79065  50.064  10.929  1.206 0.6000000238
129640  48.920  11.785  1.323 0.6000000238
83467  49.182  16.774  0.827 0.6999999881
83460  49.055  16.817  1.745 0.6999999881
112308  51.241  10.167  2.091 0.5000000000
78177  50.944  10.768  0.770 0.5000000000
79075  49.511  11.640  0.837 0.5000000000
80983  48.623  13.345  0.377 0.6000000238
124092  48.935  16.215  0.468 0.6999999881
79074  50.453  11.505  0.206 0.5000000000
80982  49.216  12.971  -0.147 0.5000000000
80993  48.930  13.674  -0.191 0.6000000238
81809  49.085  14.351  -0.439 0.6000000238
82635  49.311  15.191  -0.682 0.6000000238
132350  50.475  12.167  -0.426 0.5000000000
80011  50.061  12.737  -0.659 0.5000000000
80992  49.663  13.569  -0.833 0.5000000000
81819  49.760  14.478  -1.201 0.6000000238
82641  50.025  15.359  -1.479 0.6999999881
80991  50.716  13.116  -1.396 0.5000000000
81002  50.525  13.863  -1.644 0.5000000000
81818  50.620  14.650  -1.919 0.5000000000
80780  49.093  13.914  22.215 0.2000000030
115791  48.495  13.489  22.085 0.2000000030
81638  49.262  14.231  20.825 0.2000000030
82448  50.950  15.769  21.631 0.2000000030
81655  48.624  14.225  19.838 0.2000000030
81637  50.182  14.977  20.919 0.2000000030
82459  50.736  15.772  20.661 0.2000000030
82460  50.163  15.304  20.124 0.2000000030
83323  51.510  17.360  20.186 0.2000000030
83308  51.168  16.516  20.389 0.2000000030
83324  50.818  16.665  19.446 0.2000000030
84137  51.321  18.377  19.175 0.2000000030
133387  51.937  18.641  20.044 0.2000000030
83333  51.150  17.556  19.226 0.2000000030
84937  52.108  18.856  19.875 0.3000000119
84138  50.672  17.998  18.553 0.2000000030
84948  51.092  18.917  18.728 0.3000000119
85809  51.970  20.004  19.402 0.3000000119
84949  50.237  18.660  18.265 0.3000000119
121728  51.252  20.930  19.128 0.3000000119
86748  51.826  21.083  19.177 0.3000000119
85816  52.627  19.759  18.903 0.4000000060
86749  50.506  22.072  19.127 0.3000000119
86747  52.326  20.820  18.749 0.4000000060
87676  51.177  23.041  18.916 0.3000000119
87690  52.257  21.943  17.977 0.5000000000
88551  51.161  23.931  18.345 0.4000000060
88550  51.808  23.349  17.558 0.4000000060
88565  52.056  23.822  16.386 0.4000000060
86786  52.762  21.415  15.737 0.5000000000
79941  54.329  12.766  6.074 0.5000000000
87739  52.754  22.649  13.920 0.6000000238
87722  52.583  23.031  14.787 0.6000000238
133648  52.646  22.274  15.199 0.6000000238
79955  54.891  14.018  5.398 0.5000000000
79956  53.465  13.624  5.092 0.6000000238
125935  52.815  22.985  12.716 0.6000000238
87749  53.113  22.517  13.063 0.6000000238
81766  56.400  15.227  5.974 0.5000000000
80935  54.013  14.082  4.393 0.6000000238
87755  53.540  21.954  11.749 0.6000000238
86832  53.283  20.694  12.021 0.6000000238
85894  51.999  19.661  10.918 0.5000000000
125795  55.077  14.540  4.588 0.6000000238
80936  53.003  13.888  4.391 0.6000000238
79967  52.202  13.503  4.477 0.6999999881
86841  53.185  20.583  11.121 0.6000000238
85900  51.973  19.587  10.168 0.5000000000
85019  51.415  19.241  10.660 0.5000000000
79966  53.023  13.928  4.030 0.6000000238
79028  51.676  12.975  4.182 0.6000000238
85899  52.553  20.052  9.714 0.5000000000
85042  51.253  19.087  8.065 0.8999999762
80948  53.577  14.163  4.036 0.5000000000
79980  52.469  13.344  3.879 0.5000000000
85052  51.249  19.109  7.213 0.8999999762
85053  50.680  18.656  6.820 0.8000000119
80959  53.917  14.158  3.826 0.5000000000
79979  53.380  13.609  3.616 0.6000000238
79043  53.068  12.447  3.524 0.6000000238
85063  50.666  18.567  5.903 0.8999999762
85064  50.065  18.099  5.562 0.8000000119
131134  52.153  11.092  3.544 0.6000000238
78136  51.523  10.720  3.433 0.6000000238
84226  49.730  17.560  4.229 0.8999999762
79042  54.052  12.703  3.187 0.5000000000
78134  53.789  11.371  3.154 0.6000000238
78135  52.904  11.129  3.440 0.6000000238
78150  52.420  10.301  3.000 0.6000000238
78152  50.549  10.405  2.616 0.6000000238
84233  49.590  17.302  3.272 0.8000000119
79058  54.800  11.696  2.822 0.6000000238
78149  53.468  10.462  2.873 0.6000000238
77278  53.148  9.993  2.203 0.6000000238
84248  49.694  17.321  1.367 0.6999999881
77277  54.076  10.122  2.221 0.6000000238
77287  53.771  9.961  1.563 0.6000000238
78165  51.495  10.335  1.318 0.5000000000
83479  49.668  16.054  -0.867 0.6999999881
84255  49.815  17.299  0.466 0.6999999881
77298  53.225  10.190  0.370 0.6000000238
78176  51.805  10.583  0.376 0.5000000000
83485  51.061  17.251  -2.096 0.8000000119
78175  52.643  10.476  -0.072 0.5000000000
79081  51.286  11.839  -0.728 0.5000000000
82640  50.987  15.473  -2.243 0.6000000238
125634  51.578  16.327  -2.635 0.8000000119
128486  53.802  10.133  -0.009 0.5000000000
78187  52.923  10.872  -0.992 0.5000000000
78188  52.241  10.906  -0.411 0.5000000000
80027  51.811  12.832  -1.869 0.5000000000
117634  51.280  14.104  -2.240 0.5000000000
81830  52.317  14.731  -2.987 0.5000000000
82648  52.062  15.456  -2.873 0.6000000238
127640  52.987  11.086  -1.767 0.5000000000
79080  52.375  11.511  -1.275 0.5000000000
80026  52.190  12.390  -2.311 0.5000000000
81000  52.083  13.119  -2.585 0.5000000000
81009  52.124  13.979  -2.761 0.5000000000
80025  52.333  11.728  -2.377 0.5000000000
77310  55.718  9.442  -2.184 0.4000000060
77311  54.902  9.427  -2.427 0.4000000060
79804  44.683  12.449  22.162 0.2000000030
80782  47.916  13.257  21.486 0.2000000030
80769  43.148  13.682  22.964 0.1000000015
79794  44.405  12.654  22.655 0.1000000015
80783  46.983  12.902  21.231 0.2000000030
80790  48.372  13.702  20.662 0.2000000030
79796  43.069  12.659  21.935 0.1000000015
79817  44.282  12.378  20.934 0.1000000015
80802  47.247  13.544  19.812 0.2000000030
80793  45.878  12.895  20.240 0.2000000030
80804  45.596  13.230  19.445 0.2000000030
81656  47.755  14.113  19.411 0.2000000030
82479  49.770  15.405  19.435 0.2000000030
83325  50.107  16.057  18.959 0.2000000030
80815  46.136  13.800  18.909 0.2000000030
82488  46.870  14.898  18.170 0.2000000030
82487  47.384  15.501  17.983 0.2000000030
83335  48.857  16.146  18.103 0.2000000030
83342  47.436  16.463  17.588 0.2000000030
84139  49.821  17.750  18.062 0.2000000030
85834  47.244  19.937  17.539 0.2000000030
85833  48.069  19.670  17.801 0.3000000119
84958  48.473  18.649  17.726 0.3000000119
84957  49.370  18.551  17.899 0.3000000119
86765  47.669  20.958  17.872 0.3000000119
85832  48.924  19.471  17.962 0.3000000119
87694  47.186  21.995  17.523 0.3000000119
118365  47.875  22.069  18.066 0.3000000119
86751  48.524  21.404  18.347 0.3000000119
122550  50.269  20.997  18.825 0.3000000119
87710  47.745  22.948  16.789 0.3000000119
87693  47.982  22.840  17.607 0.3000000119
87679  48.691  22.597  18.415 0.3000000119
86750  49.481  21.812  18.791 0.3000000119
87725  47.892  22.573  16.008 0.4000000060
88567  49.531  24.020  17.099 0.3000000119
88553  49.677  24.271  17.860 0.3000000119
88543  50.535  23.789  18.771 0.3000000119
87677  50.704  22.932  19.071 0.3000000119
88589  49.573  23.375  16.276 0.4000000060
115465  50.461  24.062  16.345 0.4000000060
88566  50.458  24.505  17.257 0.4000000060
122437  51.264  24.401  17.158 0.4000000060
87740  51.977  23.852  14.689 0.6000000238
88587  51.828  24.211  15.647 0.5000000000
124223  52.541  22.976  15.666 0.5000000000
88604  52.281  23.453  14.240 0.6000000238
88586  52.100  23.937  15.302 0.6000000238
88629  52.550  22.901  11.775 0.6000000238
88623  52.949  22.954  11.999 0.6000000238
88618  52.268  23.421  13.667 0.6000000238
88627  53.216  22.627  10.584 0.6000000238
88628  52.979  22.945  11.157 0.6000000238
86855  53.505  21.317  9.670 0.6000000238
80934  55.783  14.825  5.294 0.6000000238
88643  53.185  22.588  8.140 0.6999999881
86863  53.480  21.400  8.810 0.6000000238
86864  53.145  20.708  8.366 0.8000000119
88649  53.073  22.623  7.576 0.6999999881
85915  52.557  20.142  7.905 0.8999999762
130640  51.851  19.518  6.810 0.8999999762
86882  53.351  21.506  6.598 0.8000000119
85924  52.716  20.304  6.763 0.8999999762
85939  52.175  19.718  6.218 0.8999999762
85076  50.648  18.382  5.037 0.8999999762
79978  54.459  13.873  3.267 0.5000000000
86895  53.271  21.311  5.096 0.6999999881
85953  52.115  19.571  5.508 0.8999999762
85075  51.330  18.921  5.305 0.8999999762
84225  50.511  18.086  4.259 0.8999999762
85966  53.230  20.428  3.651 0.8999999762
85980  52.683  19.618  3.159 0.8999999762
85089  51.851  18.933  3.555 0.8999999762
134665  50.237  17.768  3.604 0.8000000119
79057  55.852  12.235  2.252 0.5000000000
129123  54.884  10.395  2.077 0.6000000238
85991  52.808  19.745  2.235 0.8999999762
85105  51.055  18.306  2.392 0.8999999762
84239  50.346  17.784  1.906 0.8999999762
116006  55.398  11.065  2.242 0.6000000238
77276  54.779  10.012  1.337 0.6000000238
85117  51.917  18.953  1.853 0.8999999762
85118  51.058  18.337  1.443 0.8999999762
85131  51.006  18.341  0.464 0.8999999762
78147  56.680  11.927  1.445 0.5000000000
78163  55.902  10.638  1.337 0.6000000238
77297  53.996  9.998  0.651 0.6000000238
85149  51.172  18.243  -1.805 0.8999999762
115909  55.794  10.114  0.544 0.6000000238
77296  55.120  9.919  0.140 0.6000000238
78173  54.443  10.105  -0.362 0.6000000238
131805  52.053  17.093  -3.292 0.8000000119
77295  56.409  10.013  -0.611 0.6000000238
78185  54.690  10.171  -1.386 0.5000000000
112427  53.506  10.668  -1.670 0.5000000000
81829  52.351  14.715  -3.421 0.5000000000
83506  51.914  16.325  -4.482 0.8000000119
81849  50.463  14.568  -4.447 0.6000000238
77305  55.460  9.989  -1.036 0.6000000238
78186  54.130  10.351  -1.699 0.5000000000
78196  53.964  10.266  -2.227 0.5000000000
78197  53.190  10.655  -2.310 0.5000000000
79097  52.638  11.038  -2.407 0.5000000000
81008  52.190  13.665  -3.108 0.5000000000
81007  52.262  14.262  -3.408 0.5000000000
81848  51.575  14.558  -4.216 0.5000000000
78195  54.806  9.987  -2.179 0.5000000000
78203  54.332  9.792  -2.375 0.5000000000
78204  53.710  9.944  -2.460 0.4000000060
78205  52.965  10.177  -2.508 0.5000000000
79098  52.204  11.575  -2.538 0.5000000000
80032  52.028  12.577  -2.711 0.5000000000
81013  51.185  13.227  -3.631 0.5000000000
81014  49.996  13.308  -3.779 0.5000000000
126083  41.914  13.647  22.135 0.1000000015
79828  45.023  12.690  20.095 0.1000000015
80805  44.794  13.034  19.304 0.1000000015
81670  45.870  14.308  18.286 0.2000000030
84959  47.618  18.870  17.599 0.2000000030
123637  47.200  18.251  17.475 0.2000000030
82511  44.763  15.614  16.709 0.2000000030
84966  46.070  19.197  16.772 0.3000000119
84148  46.232  17.309  17.165 0.2000000030
86790  44.304  20.652  14.592 0.3000000119
85849  44.746  20.453  15.408 0.3000000119
85840  45.846  20.528  16.453 0.3000000119
85835  46.523  20.125  17.084 0.3000000119
85863  44.657  20.882  14.519 0.3000000119
116286  45.570  21.305  15.220 0.3000000119
87727  46.541  22.040  16.117 0.3000000119
126371  45.701  21.267  15.039 0.3000000119
86807  46.497  21.321  15.316 0.3000000119
87726  47.033  22.431  16.124 0.4000000060
85861  46.446  20.457  14.689 0.4000000060
117073  47.394  21.633  15.479 0.4000000060
86787  48.601  21.582  15.238 0.4000000060
87723  50.309  22.955  15.425 0.4000000060
86806  48.266  20.796  14.833 0.4000000060
86805  49.163  20.845  14.254 0.4000000060
87742  49.645  21.829  14.844 0.4000000060
87751  50.148  21.511  13.954 0.4000000060
87750  51.852  23.330  13.728 0.6000000238
86842  50.214  21.244  11.431 0.6000000238
123607  51.019  21.982  12.085 0.6000000238
87762  50.987  21.902  11.079 0.6000000238
88634  52.461  22.798  10.926 0.6000000238
133760  52.290  22.690  10.264 0.6000000238
88632  53.199  22.623  9.673 0.6000000238
87803  52.690  22.311  5.240 0.6999999881
87802  53.165  22.003  5.743 0.6999999881
87820  51.685  22.203  4.031 0.6999999881
86908  53.389  21.287  4.148 0.8999999762
87834  53.024  21.923  2.998 0.8999999762
86918  53.402  21.357  3.234 0.8999999762
85990  53.281  20.735  1.695 0.8999999762
119738  52.592  22.053  2.441 0.8000000119
86940  53.076  21.295  1.164 0.8999999762
86001  53.094  20.780  0.747 0.8999999762
86014  52.613  19.932  0.304 0.8999999762
85138  51.801  19.035  -0.161 0.8999999762
85148  51.733  19.113  -1.307 0.8999999762
85159  51.506  19.173  -2.556 0.8999999762
84273  51.537  18.020  -2.986 0.8999999762
83507  51.344  16.959  -4.723 0.8000000119
123492  50.604  16.113  -4.711 0.8000000119
82673  49.328  15.553  -4.550 0.6999999881
84158  45.222  17.832  16.372 0.3000000119
83354  45.195  16.365  16.702 0.2000000030
82499  44.977  15.119  17.161 0.2000000030
86836  42.157  20.537  13.063 0.2000000030
85882  43.157  20.393  13.612 0.3000000119
86809  43.455  20.443  14.117 0.3000000119
85850  44.183  19.842  15.229 0.3000000119
84968  44.889  18.433  16.043 0.3000000119
83366  44.232  16.914  15.774 0.3000000119
81703  42.984  14.830  15.808 0.2000000030
86852  41.791  20.273  11.525 0.3000000119
129470  41.741  20.499  12.272 0.3000000119
85880  44.590  20.512  13.960 0.3000000119
84976  43.664  19.005  15.098 0.3000000119
84172  42.749  16.989  14.804 0.3000000119
121861  43.243  15.953  15.397 0.2000000030
81705  41.523  14.458  15.199 0.1000000015
86853  41.460  20.818  11.163 0.3000000119
85897  42.773  19.254  11.729 0.3000000119
85890  42.808  19.855  12.662 0.3000000119
85881  43.996  20.130  13.472 0.3000000119
84998  45.543  19.818  13.848 0.3000000119
133330  44.025  18.691  11.881 0.3000000119
131126  45.909  19.038  13.015 0.3000000119
85878  47.100  19.668  14.032 0.3000000119
85887  48.217  19.685  12.654 0.5000000000
86844  48.698  20.159  11.251 0.5000000000
86835  48.806  20.140  12.188 0.5000000000
86823  49.723  20.897  13.224 0.5000000000
85909  48.394  20.082  9.478 0.6000000238
86850  49.483  20.694  10.809 0.6000000238
86822  50.605  21.664  13.054 0.5000000000
85918  48.117  20.048  8.223 0.5000000000
86866  48.835  20.441  8.319 0.6000000238
86857  50.383  21.325  9.782 0.6000000238
86849  50.303  21.296  10.580 0.6000000238
125780  49.254  20.713  7.036 0.6000000238
116283  50.299  21.308  8.071 0.6000000238
127249  51.391  21.986  8.398 0.6000000238
87774  51.122  21.844  9.426 0.6000000238
115028  48.883  20.552  5.867 0.6000000238
86883  49.631  20.953  6.278 0.6000000238
87780  50.906  21.708  7.598 0.6999999881
88650  52.516  22.542  7.721 0.6000000238
86898  48.617  20.354  5.293 0.5000000000
86897  49.491  20.925  5.311 0.6000000238
87792  50.492  21.590  5.627 0.6999999881
87784  52.215  22.403  6.844 0.6999999881
86911  48.952  20.538  4.631 0.5000000000
86910  49.736  21.080  4.456 0.6000000238
86896  50.319  21.527  4.910 0.6000000238
87791  51.711  22.181  5.981 0.6999999881
85993  48.449  19.734  2.643 0.6000000238
85981  49.042  20.324  3.225 0.6000000238
86909  50.694  21.707  4.219 0.6000000238
85106  47.124  18.814  2.542 0.6000000238
114930  49.337  20.267  1.980 0.6999999881
86919  51.604  22.006  2.696 0.6999999881
86015  49.548  20.338  0.101 0.6999999881
86951  51.322  21.366  0.445 0.6999999881
86949  52.867  21.197  0.231 0.8000000119
86013  52.794  20.737  -0.156 0.8999999762
86016  48.571  19.657  0.325 0.6999999881
134925  48.926  19.991  -0.211 0.6999999881
86960  51.974  21.591  -1.100 0.8000000119
86028  52.595  20.691  -0.964 0.8999999762
86962  48.455  20.403  -1.350 0.8000000119
86971  50.509  21.327  -1.973 0.8000000119
86980  51.815  20.976  -2.741 0.8000000119
86057  51.736  20.233  -2.678 0.8999999762
85168  51.102  18.816  -3.858 0.8999999762
83496  45.826  16.818  -3.818 0.8999999762
86972  48.719  20.689  -2.351 0.8000000119
87865  50.935  21.301  -2.727 0.8000000119
86069  51.122  20.235  -3.132 0.8000000119
85179  49.890  18.853  -4.206 0.8999999762
84297  48.864  18.044  -4.206 0.8999999762
86983  49.037  20.601  -3.096 0.8000000119
86982  49.874  21.054  -2.790 0.8000000119
86991  50.592  20.610  -3.271 0.8000000119
86081  49.440  19.514  -3.873 0.8000000119
86993  49.167  20.323  -3.432 0.8000000119
86827  41.724  20.736  13.508 0.2000000030
86810  41.927  20.371  13.952 0.2000000030
85851  43.549  20.083  14.619 0.3000000119
89426  43.590  23.559  10.071 0.2000000030
87757  41.003  21.492  12.585 0.2000000030
84986  42.323  19.206  14.401 0.2000000030
122719  41.498  15.916  14.475 0.2000000030
82532  41.490  15.238  14.718 0.2000000030
88640  43.168  22.607  8.910 0.2000000030
87776  42.260  21.092  9.655 0.2000000030
87769  41.774  21.014  10.427 0.2000000030
85017  42.741  18.981  11.007 0.3000000119
85865  41.406  19.896  14.255 0.2000000030
84180  41.546  17.395  14.222 0.2000000030
83377  40.187  16.398  13.965 0.2000000030
82533  40.720  15.584  14.344 0.2000000030
87781  42.345  21.143  8.811 0.2000000030
85904  42.986  18.962  9.723 0.2000000030
85015  44.394  18.451  11.232 0.3000000119
85005  45.683  18.678  12.190 0.3000000119
85040  43.445  18.936  8.703 0.4000000060
85032  43.547  18.734  9.275 0.4000000060
85023  44.852  18.340  10.458 0.3000000119
85014  45.306  18.454  11.277 0.3000000119
85012  46.723  18.937  12.312 0.3000000119
85029  46.288  18.812  9.621 0.4000000060
85903  46.673  18.909  10.532 0.4000000060
85895  47.924  19.571  11.228 0.5000000000
120288  46.472  19.400  7.969 0.4000000060
113583  47.067  19.393  9.205 0.6000000238
85910  47.689  19.615  9.747 0.5000000000
85942  45.478  19.388  6.546 0.5000000000
85926  47.025  19.644  7.336 0.5000000000
111988  47.262  19.617  8.268 0.5000000000
85917  48.427  20.195  8.796 0.5000000000
85957  45.362  19.274  5.647 0.4000000060
85941  46.441  19.565  6.733 0.6000000238
86875  47.806  20.049  6.958 0.6000000238
87878  39.337  21.002  -5.961 0.6000000238
131634  39.095  21.076  -4.733 0.6000000238
85065  45.075  18.926  4.873 0.4000000060
85956  46.366  19.552  5.922 0.6000000238
86885  47.860  19.993  6.319 0.6000000238
131618  41.237  21.079  -5.943 0.6999999881
87015  40.282  21.186  -6.856 0.6000000238
124390  39.513  20.513  -6.115 0.6000000238
86997  38.753  20.343  -5.190 0.6000000238
85081  43.473  18.731  4.496 0.4000000060
132871  46.717  19.480  5.209 0.5000000000
86899  48.230  20.149  5.861 0.6000000238
86995  41.070  20.609  -4.996 0.6000000238
87005  40.541  20.813  -6.382 0.6000000238
87016  39.803  20.539  -6.366 0.6000000238
87017  39.123  19.631  -5.886 0.6000000238
86084  38.167  18.749  -5.320 0.6000000238
114860  44.063  18.498  3.949 0.4000000060
85079  45.673  18.854  4.329 0.5000000000
85969  47.375  19.599  4.742 0.5000000000
131672  41.579  21.461  -4.737 0.6999999881
118885  41.172  20.505  -3.424 0.6000000238
86996  40.584  19.815  -4.383 0.6000000238
86082  39.689  19.221  -5.324 0.6000000238
86088  39.459  19.747  -5.988 0.6000000238
85094  43.851  18.463  3.271 0.4000000060
85093  45.575  18.559  3.570 0.5000000000
85984  46.897  19.192  3.882 0.5000000000
131612  41.253  20.448  -2.406 0.6000000238
86985  40.925  19.793  -2.941 0.6000000238
86062  40.326  19.017  -3.730 0.6000000238
85108  45.622  18.415  2.728 0.6000000238
85107  46.351  18.499  2.256 0.6000000238
85119  47.001  18.672  1.704 0.6000000238
123288  41.441  20.828  -1.576 0.6000000238
86049  41.485  19.166  -1.336 0.6000000238
84268  41.026  18.005  -2.043 0.6000000238
85120  46.192  18.575  1.484 0.6999999881
85142  42.135  19.087  -0.752 0.6000000238
85141  43.002  19.249  -0.610 0.6000000238
85153  42.382  18.427  -1.185 0.6000000238
84267  41.803  17.599  -1.844 0.6999999881
85132  46.811  18.869  0.795 0.6999999881
113199  47.111  19.368  -0.035 0.6999999881
86048  44.376  19.519  -0.331 0.6999999881
85140  43.871  19.350  -0.708 0.6999999881
85151  44.610  18.590  -1.906 0.8000000119
133512  44.423  17.966  -2.761 0.8000000119
86046  46.812  20.046  -1.532 0.6999999881
126020  46.015  19.779  -1.307 0.6999999881
85150  45.508  19.272  -1.878 0.6999999881
85161  45.740  18.799  -2.765 0.8000000119
85172  45.656  18.178  -3.646 0.8000000119
84283  46.087  17.860  -4.107 0.8000000119
84284  45.299  17.363  -4.015 0.8999999762
86973  47.711  20.364  -1.889 0.8000000119
86047  46.354  19.768  -2.027 0.6999999881
86060  46.113  19.318  -2.474 0.8000000119
86074  47.145  19.215  -3.444 0.8000000119
85181  47.909  18.395  -3.973 0.8000000119
86974  47.140  20.114  -2.351 0.8000000119
86073  47.925  19.710  -3.472 0.8000000119
90243  44.930  24.400  8.333 0.2000000030
89430  44.511  23.952  8.983 0.2000000030
90245  45.471  24.858  7.904 0.2000000030
89434  43.677  23.293  8.451 0.2000000030
90246  44.702  24.383  7.401 0.2000000030
88647  42.537  21.908  8.433 0.3000000119
119923  42.272  20.364  8.211 0.4000000060
85046  43.622  19.035  8.130 0.4000000060
85038  44.928  18.728  8.375 0.4000000060
87793  41.862  21.224  7.069 0.3000000119
85930  43.039  19.396  7.485 0.3000000119
85045  44.298  18.887  8.027 0.3000000119
85037  45.588  18.709  8.915 0.4000000060
85945  42.601  19.671  6.632 0.3000000119
85928  44.966  19.078  7.499 0.4000000060
86900  41.979  20.433  5.762 0.4000000060
85055  44.143  19.208  5.969 0.5000000000
88740  39.796  21.606  -6.672 0.6999999881
88734  39.662  21.802  -5.867 0.6999999881
86912  41.976  20.517  4.934 0.4000000060
85066  44.526  19.082  5.424 0.4000000060
87882  40.889  21.352  -7.035 0.6000000238
119866  40.381  22.229  -7.499 0.5000000000
119690  41.929  20.681  4.139 0.4000000060
88719  41.792  22.675  -3.159 0.5000000000
88724  41.855  22.229  -4.424 0.5000000000
86923  41.845  20.067  3.609 0.4000000060
85082  42.760  18.873  4.186 0.4000000060
87872  41.464  21.262  -3.644 0.6999999881
118220  41.390  21.128  -2.543 0.5000000000
85096  42.656  18.936  3.389 0.4000000060
85110  42.684  19.135  2.554 0.4000000060
85109  44.014  18.505  2.409 0.5000000000
114342  44.995  18.411  2.211 0.6000000238
130145  42.614  19.922  -0.134 0.6999999881
85996  42.211  19.803  2.193 0.5000000000
85123  43.708  19.008  1.518 0.5000000000
85121  45.400  18.619  1.450 0.6000000238
134496  43.647  19.724  0.031 0.6999999881
85133  45.871  18.864  0.750 0.6999999881
86019  45.466  19.359  0.099 0.6999999881
86020  44.741  19.469  0.113 0.6999999881
91052  46.807  25.815  6.110 0.2000000030
91053  46.000  25.354  6.508 0.2000000030
89433  44.206  23.853  7.920 0.2000000030
88646  42.944  22.625  7.972 0.2000000030
89436  43.922  23.923  6.949 0.2000000030
89437  43.421  23.297  7.458 0.2000000030
87786  42.114  21.212  7.917 0.2000000030
89440  43.259  23.296  6.473 0.3000000119
88651  42.657  22.674  6.996 0.3000000119
88656  42.135  21.900  6.609 0.3000000119
87805  41.841  21.157  6.243 0.3000000119
134630  42.124  21.760  5.878 0.3000000119
89462  44.368  23.927  3.662 0.3000000119
89447  43.580  23.252  4.578 0.3000000119
89478  44.158  23.932  3.052 0.3000000119
88671  42.463  22.132  4.374 0.3000000119
89523  42.505  23.084  -5.416 0.5000000000
88731  42.176  22.446  -6.586 0.5000000000
88745  41.083  22.498  -7.637 0.5000000000
89479  43.308  23.540  2.804 0.3000000119
88687  42.456  22.283  3.628 0.3000000119
90325  42.230  24.506  -2.569 0.5000000000
89516  42.172  22.987  -4.199 0.5000000000
119243  42.325  22.424  2.968 0.4000000060
89508  41.602  23.369  -1.257 0.5000000000
90320  41.842  24.174  -1.878 0.5000000000
88713  41.535  22.571  -2.025 0.5000000000
87866  41.488  21.722  -1.776 0.5000000000
89480  42.340  23.068  2.448 0.4000000060
88693  41.813  22.181  2.425 0.4000000060
87842  41.550  21.876  1.717 0.5000000000
88703  41.453  22.575  0.147 0.5000000000
88708  41.529  22.364  -0.938 0.5000000000
87851  41.552  21.712  -0.261 0.5000000000
86022  41.892  20.399  -0.261 0.6000000238
86945  41.594  21.199  1.550 0.5000000000
129036  41.823  20.736  1.099 0.5000000000
86953  41.703  21.092  0.374 0.5000000000
86021  42.158  20.353  0.492 0.6999999881
86944  42.283  20.111  1.302 0.6000000238
86007  43.448  19.493  0.845 0.6000000238
86006  44.216  19.351  0.679 0.6999999881
85134  45.052  19.018  0.744 0.6999999881
91861  47.667  26.114  4.751 0.2000000030
91056  46.785  25.660  5.093 0.2000000030
91061  47.681  25.996  3.861 0.2000000030
90248  45.310  24.871  6.939 0.2000000030
91079  46.937  25.520  2.632 0.2000000030
91062  46.858  25.514  4.156 0.2000000030
91057  45.956  25.272  5.470 0.2000000030
89439  43.914  23.841  5.998 0.2000000030
91063  46.052  25.143  4.470 0.2000000030
90257  45.235  24.651  4.849 0.2000000030
89444  43.359  23.248  5.501 0.3000000119
130771  46.830  25.937  1.195 0.2000000030
91080  46.120  25.268  2.362 0.2000000030
90264  45.486  24.644  3.857 0.3000000119
90252  44.582  24.283  5.501 0.3000000119
90272  45.596  24.762  2.965 0.2000000030
89446  44.225  23.757  4.281 0.3000000119
90273  44.660  24.472  2.627 0.3000000119
90285  44.267  24.736  1.881 0.3000000119
89534  42.156  23.545  -7.714 0.5000000000
90274  43.746  24.211  2.382 0.3000000119
91090  43.744  25.157  1.194 0.3000000119
131458  42.701  24.492  -4.380 0.5000000000
89529  42.527  23.191  -6.813 0.5000000000
90352  42.405  24.270  -7.681 0.3000000119
90287  42.361  24.314  1.281 0.3000000119
90299  42.131  24.626  0.490 0.4000000060
90319  42.076  24.899  -1.200 0.5000000000
89490  41.977  23.574  1.577 0.4000000060
89491  41.515  23.155  0.956 0.5000000000
90300  41.680  24.221  0.008 0.5000000000
91860  48.584  26.699  4.431 0.2000000030
91070  47.735  25.972  3.034 0.2000000030
91891  48.841  26.716  1.787 0.2000000030
91087  47.767  26.191  1.392 0.2000000030
91910  47.662  26.733  -0.377 0.2000000030
91900  47.573  26.398  0.523 0.2000000030
91088  45.883  25.552  1.489 0.2000000030
91081  45.232  24.991  2.126 0.3000000119
111945  45.260  25.836  0.729 0.2000000030
91912  45.113  26.530  -0.658 0.2000000030
118153  44.165  25.724  0.539 0.3000000119
90338  42.776  24.018  -5.522 0.5000000000
90345  42.690  24.059  -6.885 0.5000000000
91162  42.231  24.861  -7.892 0.3000000119
133147  43.280  25.376  0.554 0.4000000060
116978  43.274  25.750  -0.108 0.3000000119
91114  42.601  25.464  -1.617 0.4000000060
91113  43.204  25.969  -2.217 0.5000000000
91133  42.840  25.184  -3.854 0.5000000000
91140  43.098  24.962  -5.031 0.3000000119
91899  48.923  26.829  0.870 0.2000000030
91898  49.690  27.700  0.436 0.2000000030
92734  49.329  28.149  -2.043 0.2000000030
93466  48.205  29.605  -4.625 0.2000000030
94106  46.482  30.599  -5.083 0.2000000030
91909  48.981  27.055  -0.048 0.2000000030
92743  48.442  28.434  -3.393 0.2000000030
94107  45.425  30.094  -5.460 0.2000000030
94118  44.528  29.332  -6.008 0.2000000030
94109  42.844  29.625  -4.801 0.2000000030
91920  47.344  27.114  -1.179 0.2000000030
92744  47.347  28.005  -3.689 0.2000000030
93478  47.118  29.295  -5.473 0.2000000030
111874  45.416  29.384  -6.028 0.2000000030
126089  42.156  29.224  -4.960 0.2000000030
111906  41.462  29.492  -3.612 0.2000000030
94091  40.757  29.397  -2.814 0.2000000030
92727  46.952  27.320  -2.084 0.2000000030
93481  43.651  28.762  -6.489 0.2000000030
93482  42.746  28.813  -6.264 0.2000000030
94099  40.576  28.908  -4.000 0.2000000030
91911  46.372  26.654  -0.558 0.2000000030
91928  45.679  27.067  -2.330 0.2000000030
91921  46.003  26.885  -1.394 0.2000000030
91929  44.654  26.766  -2.603 0.2000000030
91946  44.677  26.739  -4.786 0.2000000030
91956  44.549  26.906  -5.883 0.2000000030
91957  43.941  26.248  -6.340 0.3000000119
91968  42.806  26.646  -7.327 0.3000000119
91970  41.308  27.439  -6.706 0.3000000119
91960  39.954  27.442  -5.508 0.2000000030
91104  44.103  26.196  -0.341 0.2000000030
91913  44.195  26.444  -1.122 0.2000000030
91923  43.915  26.496  -1.909 0.2000000030
91930  43.896  26.350  -2.912 0.2000000030
91947  44.072  26.260  -5.243 0.3000000119
91156  43.079  25.280  -7.497 0.3000000119
91157  42.466  25.570  -7.628 0.3000000119
91150  41.324  25.863  -6.315 0.3000000119
91105  43.330  26.042  -1.116 0.2000000030
91124  43.296  25.813  -3.317 0.3000000119
94745  44.234  30.973  -3.823 0.2000000030
94097  43.030  30.351  -3.903 0.2000000030
94090  42.729  30.818  -3.104 0.2000000030
94736  41.303  30.327  -2.097 0.2000000030
118430  44.390  29.880  -5.345 0.2000000030
113618  41.796  30.176  -2.855 0.2000000030
94098  42.151  29.606  -4.192 0.2000000030
92752  47.005  28.210  -4.617 0.2000000030
92765  45.726  28.240  -5.778 0.2000000030
115668  45.151  28.649  -6.184 0.2000000030
93448  39.771  28.926  -2.418 0.2000000030
131697  43.948  28.530  -6.616 0.2000000030
93483  41.255  28.405  -6.365 0.2000000030
92753  46.121  27.718  -5.069 0.2000000030
92754  44.858  27.773  -6.183 0.2000000030
93469  40.377  28.547  -5.081 0.2000000030
129022  38.087  27.832  -3.163 0.2000000030
92745  46.304  27.536  -4.049 0.2000000030
91937  44.619  26.727  -3.650 0.2000000030
91945  45.373  27.172  -4.391 0.2000000030
91966  44.048  27.141  -6.543 0.2000000030
92778  42.031  27.502  -7.102 0.2000000030
92755  39.365  27.560  -4.856 0.2000000030
93460  38.320  27.586  -3.882 0.2000000030
127291  45.252  27.396  -5.446 0.2000000030
94746  43.601  31.200  -3.292 0.2000000030
94726  43.553  31.744  -2.725 0.2000000030
94727  42.407  31.305  -2.346 0.2000000030
95359  44.278  32.150  -2.335 0.2000000030
95355  42.302  32.100  -1.681 0.2000000030
93459  39.069  28.084  -4.161 0.2000000030
93449  38.920  28.489  -2.158 0.2000000030
93490  43.469  28.275  -6.904 0.2000000030
93491  42.744  28.464  -6.879 0.2000000030
93484  40.312  28.216  -5.998 0.2000000030
123892  38.970  28.282  -3.213 0.2000000030
92776  43.459  27.426  -6.973 0.2000000030
92779  40.969  28.059  -6.619 0.2000000030
92756  38.781  27.494  -4.345 0.2000000030
125971  53.252  14.006  22.386 0.3000000119
80788  53.615  13.960  20.928 0.2000000030
80799  53.441  14.119  20.239 0.2000000030
133743  53.138  14.239  19.212 0.3000000119
79841  50.979  12.091  18.233 0.3000000119
78015  49.213  10.878  15.921 0.4000000060
79879  50.269  12.793  15.218 0.5000000000
79883  49.379  12.588  13.935 0.5000000000
81702  51.080  14.382  15.440 0.5000000000
79884  48.901  12.521  13.356 0.5000000000
81713  50.108  14.121  14.323 0.5000000000
82518  52.334  15.676  16.108 0.5000000000
79887  48.350  12.415  12.804 0.6000000238
82530  49.926  14.902  14.081 0.4000000060
83365  52.184  16.245  15.547 0.5000000000
78961  45.822  12.261  10.153 0.8000000119
80887  45.338  13.389  10.314 0.8999999762
80883  46.294  13.540  11.773 0.8000000119
81730  45.892  14.305  11.399 0.8000000119
80880  46.970  13.798  12.308 0.6999999881
80878  47.793  13.205  12.568 0.6000000238
135070  48.652  15.384  13.252 0.6000000238
122810  45.212  13.639  8.490 0.8000000119
81737  45.230  14.153  9.701 0.8999999762
82549  47.016  15.734  11.856 0.6999999881
82544  48.138  15.610  12.863 0.6999999881
82540  49.721  15.794  13.775 0.6000000238
83374  50.970  16.596  14.338 0.5000000000
79929  46.810  12.032  7.136 0.6999999881
84178  50.633  17.286  13.802 0.5000000000
80912  45.275  13.525  7.698 0.8999999762
82554  46.072  15.679  9.732 0.8999999762
83396  46.760  15.997  11.126 0.8000000119
84184  51.010  18.039  13.598 0.5000000000
84194  48.678  17.433  11.407 0.8999999762
84189  50.097  18.269  12.329 0.5000000000
79021  47.135  12.053  6.124 0.6999999881
81777  45.380  14.076  6.263 0.8999999762
82565  45.905  15.560  6.853 0.8000000119
83408  46.629  16.179  8.017 0.8999999762
84193  49.371  17.870  10.791 0.8000000119
126704  48.571  17.297  9.807 0.8999999762
118302  52.359  19.497  13.034 0.5000000000
80949  46.260  12.950  4.553 0.6999999881
81776  45.990  14.332  4.908 0.8000000119
83406  48.110  16.941  8.713 0.8999999762
85027  50.740  18.574  9.560 0.8000000119
85020  50.812  18.734  10.395 0.6999999881
79981  47.157  12.401  3.417 0.6999999881
79993  47.487  12.635  2.544 0.6000000238
82616  47.554  15.055  2.369 0.6999999881
83442  48.444  16.655  3.967 0.8000000119
117245  48.411  16.435  3.058 0.8000000119
82615  48.074  15.627  1.864 0.6999999881
79958  51.172  13.344  5.365 0.6000000238
87721  52.810  21.864  14.665 0.6000000238
87738  53.216  21.420  13.703 0.6000000238
85035  50.640  18.515  8.900 0.8000000119
85044  50.104  18.255  7.346 0.8999999762
78167  49.850  10.636  2.114 0.6000000238
83461  48.603  16.124  1.231 0.6999999881
84240  49.666  17.301  2.294 0.8000000119
85916  51.875  19.507  8.451 0.8000000119
79044  52.253  12.129  3.766 0.6000000238
84227  48.965  17.172  4.601 0.8000000119
85077  50.102  17.941  4.848 0.8000000119
78151  51.448  10.235  2.747 0.6000000238
77279  52.148  10.031  1.960 0.6000000238
80012  49.711  12.233  0.063 0.5000000000
83474  49.491  16.643  -0.116 0.6999999881
79073  51.487  11.153  -0.176 0.5000000000
80020  51.022  12.471  -1.119 0.5000000000
83473  50.149  16.874  -1.078 0.6999999881
121221  50.476  16.261  -1.748 0.6999999881
81001  51.574  13.474  -2.104 0.5000000000
81831  51.627  14.716  -2.519 0.6000000238
82480  49.014  14.927  19.193 0.2000000030
83340  49.331  16.910  17.962 0.2000000030
85817  51.423  19.814  19.145 0.3000000119
85818  50.537  19.798  18.614 0.3000000119
121756  51.268  22.090  19.129 0.3000000119
88552  50.440  24.456  18.090 0.3000000119
89368  51.682  24.248  16.105 0.4000000060
88624  52.573  23.055  12.552 0.6000000238
86831  53.441  21.590  12.543 0.6000000238
80947  54.463  14.430  3.975 0.6000000238
87760  53.553  22.027  10.967 0.6000000238
86848  53.163  20.589  10.061 0.6000000238
86856  53.137  20.612  9.249 0.6999999881
85925  51.909  19.548  7.541 0.8999999762
85062  51.376  19.157  6.264 0.8999999762
85090  51.006  18.312  3.407 0.8999999762
79991  55.122  13.187  2.664 0.5000000000
84232  50.322  17.756  2.825 0.8000000119
77288  53.074  9.963  1.288 0.5000000000
84247  50.335  17.818  0.983 0.8999999762
78164  52.350  10.209  0.886 0.5000000000
84262  50.170  17.361  -0.396 0.8999999762
84261  50.621  17.564  -1.186 0.8000000119
78174  53.669  10.415  -0.722 0.5000000000
124418  52.333  16.187  -3.461 0.6999999881
80019  51.982  12.208  -1.598 0.5000000000
112832  52.411  15.909  -3.970 0.8000000119
79088  52.714  11.352  -2.174 0.5000000000
79089  52.477  11.912  -2.057 0.5000000000
79803  45.398  12.433  21.832 0.2000000030
115619  44.702  12.408  21.576 0.1000000015
80791  47.539  13.374  20.591 0.2000000030
79815  46.094  12.684  21.073 0.2000000030
81668  47.465  14.647  18.633 0.2000000030
82486  48.359  15.311  18.454 0.2000000030
83341  48.361  16.840  17.653 0.2000000030
132499  47.717  17.114  17.512 0.2000000030
84145  48.911  17.706  17.701 0.2000000030
85820  48.503  20.358  18.075 0.3000000119
86767  46.284  21.077  16.823 0.3000000119
87711  47.053  22.481  16.820 0.4000000060
87678  49.811  23.145  18.859 0.3000000119
129995  50.481  22.295  14.517 0.5000000000
114247  51.496  22.624  12.962 0.6000000238
88645  52.452  22.623  8.741 0.6000000238
86871  53.445  21.540  7.967 0.8000000119
87789  53.156  22.319  6.839 0.6999999881
129517  53.260  21.185  5.937 0.6999999881
85938  52.806  20.397  5.699 0.8999999762
87818  53.057  21.911  4.658 0.6999999881
85952  52.918  20.247  4.705 0.8999999762
130473  52.022  19.337  4.786 0.8999999762
122037  51.372  18.721  4.354 0.8999999762
85979  53.347  20.593  2.687 0.8999999762
85104  51.882  18.897  2.781 0.8999999762
86002  52.782  19.871  1.267 0.8999999762
85130  51.887  19.016  0.872 0.8999999762
85139  50.903  18.175  -0.599 0.8999999762
84282  51.744  17.774  -4.171 0.8000000119
83493  52.306  16.939  -4.077 0.8000000119
81841  52.201  14.631  -3.812 0.5000000000
82670  52.141  15.305  -4.208 0.6000000238
82671  51.206  15.328  -4.556 0.6000000238
84294  51.783  17.316  -4.484 0.8000000119
81850  49.453  14.660  -4.486 0.6000000238
82672  50.165  15.227  -4.640 0.6999999881
81022  49.682  13.948  -4.276 0.5000000000
114476  51.946  13.231  -3.275 0.5000000000
81020  51.922  13.905  -3.668 0.5000000000
81021  50.840  13.863  -4.105 0.5000000000
79109  51.773  12.034  -2.802 0.5000000000
80037  51.545  12.625  -3.194 0.5000000000
80039  49.186  12.752  -3.492 0.5000000000
121997  46.546  18.188  17.209 0.2000000030
82512  44.073  15.457  16.265 0.2000000030
85842  44.799  19.340  15.837 0.3000000119
116869  44.907  17.024  16.298 0.3000000119
86779  45.354  20.957  15.636 0.3000000119
131328  46.626  21.864  15.728 0.4000000060
85862  45.586  20.654  14.514 0.3000000119
116112  48.413  20.253  14.192 0.5000000000
86824  48.865  20.210  13.239 0.5000000000
86843  49.441  20.638  11.741 0.6000000238
87768  51.041  21.839  10.245 0.6000000238
87827  53.034  21.918  3.749 0.6999999881
86920  51.138  21.932  3.458 0.6000000238
86929  53.156  21.445  2.259 0.8999999762
86941  52.162  21.709  0.946 0.8000000119
86930  51.943  21.940  1.844 0.6999999881
86045  52.285  20.216  -1.787 0.8000000119
85167  51.434  18.412  -3.593 0.8999999762
130441  51.411  17.942  -4.377 0.8000000119
84296  50.185  17.910  -4.499 0.8999999762
131401  49.644  16.408  -4.575 0.6999999881
83508  49.324  17.140  -4.388 0.8000000119
121717  48.756  16.351  -4.304 0.8000000119
84170  43.924  17.814  15.403 0.3000000119
83356  43.831  16.094  15.754 0.2000000030
127711  42.020  19.827  14.231 0.2000000030
83368  42.721  16.222  15.001 0.2000000030
87763  41.094  21.539  11.627 0.2000000030
84171  43.161  17.925  14.809 0.3000000119
83375  42.036  16.585  14.507 0.2000000030
128408  44.108  19.225  12.585 0.3000000119
85888  47.456  19.287  13.035 0.3000000119
119605  47.656  19.317  12.043 0.5000000000
85902  47.466  19.367  10.527 0.4000000060
85901  48.300  19.919  10.399 0.6000000238
86851  49.065  20.465  9.978 0.6000000238
86858  49.712  20.859  9.404 0.6000000238
86873  49.449  20.766  7.768 0.6000000238
87775  50.392  21.353  8.945 0.6000000238
130388  50.165  21.260  7.145 0.6999999881
87785  51.184  21.893  6.898 0.6999999881
85983  47.778  19.586  3.822 0.5000000000
85982  48.585  20.147  3.964 0.6000000238
86922  49.233  20.637  3.993 0.6000000238
85091  47.206  19.101  3.256 0.5000000000
86004  48.697  19.738  1.916 0.6999999881
86931  50.834  21.397  2.195 0.6000000238
118589  50.639  21.443  2.907 0.6000000238
85092  46.441  18.690  3.152 0.6000000238
86943  50.062  20.735  1.704 0.6999999881
86003  49.260  20.030  1.162 0.6999999881
86952  50.296  20.720  0.832 0.6999999881
113779  48.275  19.381  1.217 0.6999999881
117967  50.211  20.991  -0.871 0.8000000119
86950  52.153  21.569  -0.015 0.8000000119
86961  51.304  21.414  -0.491 0.8000000119
86959  52.648  21.132  -0.678 0.8000000119
86032  47.517  19.947  -0.845 0.6999999881
112016  49.452  20.878  -1.748 0.8000000119
87857  51.477  21.476  -1.981 0.8000000119
86970  51.148  21.468  -1.320 0.8000000119
87855  52.309  21.342  -1.298 0.8000000119
119402  51.261  19.422  -3.218 0.8999999762
86070  50.580  19.737  -3.499 0.8999999762
83511  46.328  17.353  -4.053 0.8999999762
85180  48.794  18.990  -3.999 0.8999999762
83510  47.310  17.231  -4.022 0.8999999762
83494  47.842  16.453  -3.938 0.8000000119
86072  48.753  19.777  -3.676 0.8000000119
86811  41.220  20.632  14.030 0.2000000030
88641  42.646  21.906  9.316 0.2000000030
89431  43.775  23.353  9.355 0.2000000030
121955  41.194  18.217  14.186 0.2000000030
85913  42.603  19.620  9.472 0.2000000030
86860  42.263  20.256  9.971 0.2000000030
85905  42.533  19.427  10.355 0.3000000119
85922  42.610  19.717  8.701 0.4000000060
85024  43.942  18.416  10.495 0.3000000119
112516  43.568  18.590  9.909 0.2000000030
117848  44.854  18.514  9.056 0.4000000060
85030  45.295  18.447  9.683 0.3000000119
85896  47.144  19.076  11.320 0.4000000060
85927  46.019  19.362  7.375 0.5000000000
85919  46.396  19.156  8.684 0.5000000000
85943  44.446  19.247  6.634 0.5000000000
87007  38.888  19.932  -5.848 0.6000000238
87868  38.778  20.868  -3.852 0.6000000238
85970  46.460  19.205  4.518 0.5000000000
87889  40.593  21.889  -7.529 0.6000000238
86998  38.367  19.996  -4.156 0.6000000238
85068  42.860  19.080  4.943 0.4000000060
87006  40.180  20.055  -5.832 0.6000000238
85182  39.105  18.638  -5.426 0.6000000238
86975  41.266  19.904  -1.871 0.6000000238
86061  40.869  19.000  -2.391 0.6000000238
85163  40.292  18.128  -3.218 0.6000000238
119801  41.587  20.149  -1.031 0.6000000238
85154  41.762  18.417  -1.313 0.6000000238
124345  43.268  18.576  -1.222 0.6999999881
84266  42.717  17.752  -1.770 0.8000000119
128183  42.317  17.105  -2.400 0.6999999881
86033  46.550  19.722  -0.706 0.6999999881
131608  45.383  19.629  -1.090 0.6999999881
86034  45.776  19.590  -0.585 0.6999999881
85152  44.050  18.818  -1.340 0.6999999881
85171  46.536  18.441  -3.845 0.8000000119
84285  44.245  17.086  -4.029 0.8000000119
84299  46.943  17.967  -4.154 0.8999999762
83498  43.872  16.669  -3.683 0.8000000119
116853  47.266  18.604  -3.888 0.8000000119
122771  42.002  20.611  7.449 0.3000000119
121103  42.280  19.864  6.018 0.5000000000
88659  42.322  21.968  5.190 0.3000000119
114561  42.282  19.717  5.206 0.4000000060
88738  41.405  22.067  -7.355 0.5000000000
119972  41.720  23.305  -2.274 0.5000000000
123851  41.562  21.904  -2.758 0.5000000000
86933  41.826  20.330  2.774 0.4000000060
86934  41.661  21.246  2.423 0.4000000060
90251  45.257  24.794  5.938 0.2000000030
89463  43.701  23.405  3.644 0.3000000119
117375  42.231  24.881  -1.961 0.5000000000
91125  42.614  25.246  -2.678 0.5000000000
123604  41.467  22.304  1.026 0.5000000000
131022  41.500  21.854  0.468 0.5000000000
120697  42.819  19.808  0.631 0.6000000238
91071  46.932  25.471  3.356 0.2000000030
91095  46.285  26.077  0.708 0.2000000030
91089  44.752  25.355  1.362 0.3000000119
91148  43.536  25.421  -6.838 0.3000000119
90310  42.013  24.861  -0.310 0.4000000060
91132  43.493  25.701  -4.505 0.3000000119
134165  48.753  27.370  -0.905 0.2000000030
92736  47.846  27.804  -2.800 0.2000000030
94095  48.442  30.089  -4.179 0.2000000030
94105  48.013  30.312  -4.947 0.2000000030
94756  46.435  30.076  -5.616 0.2000000030
94743  46.377  30.788  -4.380 0.2000000030
113414  45.662  30.650  -4.734 0.2000000030
112120  39.765  28.369  -4.553 0.2000000030
91967  43.457  26.212  -7.168 0.3000000119
91969  42.060  26.500  -7.228 0.3000000119
93441  38.006  28.081  -1.937 0.2000000030
74362  53.491  6.564  14.767 0.3000000119
74363  53.036  5.972  14.272 0.3000000119
73498  52.455  5.506  13.837 0.3000000119
73508  52.244  5.664  13.032 0.3000000119
70727  55.549  3.004  20.510 0.2000000030
70714  54.884  2.766  21.125 0.2000000030
74366  53.420  6.635  13.900 0.3000000119
74367  52.872  6.124  13.447 0.3000000119
74376  51.913  5.905  12.265 0.3000000119
71672  56.526  3.678  20.196 0.2000000030
75270  53.698  7.382  13.583 0.3000000119
74374  53.296  6.754  13.059 0.3000000119
74375  52.650  6.295  12.634 0.3000000119
74386  52.367  6.492  11.821 0.3000000119
74387  51.537  6.179  11.503 0.3000000119
71683  56.528  3.704  19.422 0.2000000030
73470  56.912  5.699  18.210 0.3000000119
74343  57.425  7.528  18.431 0.3000000119
76186  57.265  8.781  17.560 0.3000000119
75275  53.076  6.927  12.231 0.3000000119
75274  53.620  7.475  12.706 0.3000000119
75282  53.495  7.566  11.825 0.3000000119
75283  52.812  7.112  11.400 0.3000000119
75284  52.017  6.746  11.032 0.3000000119
75292  51.689  6.998  10.217 0.3000000119
78931  57.072  11.970  14.329 0.3000000119
75291  52.518  7.326  10.580 0.3000000119
75300  52.197  7.571  9.752 0.3000000119
78935  57.151  12.343  13.255 0.3000000119
79886  56.844  12.879  12.489 0.3000000119
79901  57.147  14.131  10.325 0.3000000119
79897  57.067  13.704  11.237 0.3000000119
78964  57.376  13.087  9.551 0.3000000119
74358  53.607  6.521  15.690 0.3000000119
73490  53.155  5.840  15.139 0.3000000119
73491  52.592  5.372  14.661 0.3000000119
73492  51.958  4.988  14.266 0.3000000119
72607  51.231  4.688  13.908 0.3000000119
70705  54.190  2.585  21.919 0.2000000030
70694  53.268  2.342  22.498 0.2000000030
73499  51.745  5.202  13.502 0.3000000119
73500  51.059  4.995  13.256 0.3000000119
73510  50.505  5.054  12.630 0.3000000119
114958  54.828  7.969  17.192 0.3000000119
76200  54.941  8.518  16.609 0.3000000119
75259  53.877  7.310  15.298 0.3000000119
75266  53.762  7.298  14.430 0.3000000119
73522  51.050  5.634  12.010 0.3000000119
73523  50.175  5.422  11.773 0.3000000119
76193  55.808  8.794  17.544 0.3000000119
76205  54.980  8.966  15.969 0.3000000119
76211  54.044  8.091  14.214 0.3000000119
74388  50.669  5.928  11.254 0.3000000119
73530  49.917  5.732  11.142 0.2000000030
73452  57.204  5.260  19.707 0.3000000119
74335  57.397  7.110  19.166 0.3000000119
76199  55.851  9.506  16.655 0.3000000119
77158  55.436  9.743  15.719 0.3000000119
76217  54.446  8.974  14.058 0.3000000119
76218  53.961  8.235  13.323 0.3000000119
74395  51.168  6.417  10.695 0.3000000119
129331  50.133  6.189  10.450 0.2000000030
75239  57.281  8.228  18.320 0.3000000119
78037  55.558  10.704  14.469 0.3000000119
76225  54.424  9.221  13.069 0.3000000119
76226  53.929  8.261  12.366 0.3000000119
75290  53.241  7.744  10.997 0.3000000119
74401  50.814  6.724  9.859 0.4000000060
74402  49.917  6.561  9.485 0.3000000119
78046  55.983  12.181  13.231 0.3000000119
115044  55.009  10.499  13.532 0.3000000119
77181  54.675  10.034  12.456 0.3000000119
77190  53.995  8.931  11.170 0.3000000119
76240  52.950  7.992  10.160 0.3000000119
75301  51.363  7.285  9.384 0.4000000060
75302  50.499  7.072  9.003 0.4000000060
78942  56.026  12.649  12.517 0.3000000119
78943  55.472  11.708  12.511 0.3000000119
78053  54.880  10.856  12.024 0.3000000119
77189  54.496  9.748  11.335 0.3000000119
76251  53.479  8.682  9.672 0.3000000119
76252  52.640  8.195  9.287 0.3000000119
76253  51.855  7.846  8.923 0.4000000060
75318  51.058  7.570  8.540 0.4000000060
78950  55.813  13.010  11.712 0.3000000119
76264  53.025  8.730  8.723 0.3000000119
76265  52.305  8.374  8.416 0.3000000119
76266  51.525  8.115  8.119 0.4000000060
79902  55.748  13.963  10.247 0.4000000060
80910  57.288  15.091  8.052 0.4000000060
80898  57.168  15.234  8.920 0.4000000060
80891  56.182  14.933  9.738 0.4000000060
112264  57.300  14.308  7.011 0.3000000119
79912  57.418  13.502  8.701 0.3000000119
79954  57.356  13.586  4.838 0.5000000000
116618  57.318  14.005  5.855 0.4000000060
80932  57.061  14.677  5.131 0.5000000000
80944  57.170  14.266  3.926 0.5000000000
72588  51.568  4.580  15.547 0.3000000119
72597  51.409  4.539  14.730 0.3000000119
72598  50.571  4.215  14.370 0.3000000119
70693  54.331  2.413  22.983 0.2000000030
73484  53.234  5.725  16.068 0.3000000119
73485  52.656  5.267  15.513 0.3000000119
72608  50.427  4.499  13.482 0.3000000119
121116  49.866  4.260  13.439 0.3000000119
70704  55.250  2.790  22.044 0.2000000030
74352  54.331  7.150  17.312 0.3000000119
73511  49.575  4.941  12.272 0.3000000119
75248  55.192  7.858  18.052 0.3000000119
75253  54.240  7.405  16.330 0.3000000119
125926  56.897  4.352  20.640 0.3000000119
72551  56.930  4.323  19.908 0.3000000119
75247  56.366  8.516  18.337 0.3000000119
73524  49.267  5.359  11.475 0.2000000030
119029  57.125  5.133  20.527 0.3000000119
73463  57.375  6.329  19.503 0.3000000119
75228  57.215  7.645  19.083 0.3000000119
76187  56.995  8.121  18.920 0.3000000119
73531  49.306  5.773  10.768 0.2000000030
74403  49.197  6.564  9.133 0.2000000030
75320  49.261  7.279  8.126 0.4000000060
75303  49.646  6.919  8.694 0.4000000060
78951  55.331  11.798  11.810 0.3000000119
78060  54.803  10.783  11.097 0.3000000119
77208  54.054  9.475  9.667 0.3000000119
75319  50.128  7.481  8.121 0.4000000060
75331  49.353  7.839  7.622 0.4000000060
78959  55.121  11.883  10.956 0.4000000060
77207  54.470  10.119  9.656 0.3000000119
77221  53.627  9.244  8.895 0.3000000119
77222  52.698  8.913  7.929 0.4000000060
76280  51.927  8.685  7.626 0.4000000060
76282  50.203  8.215  7.484 0.4000000060
76283  49.503  8.684  7.378 0.4000000060
78958  55.552  12.915  10.736 0.4000000060
78982  55.062  11.807  9.072 0.4000000060
114195  54.805  11.192  8.254 0.4000000060
78082  54.295  10.382  8.198 0.4000000060
77234  53.103  9.524  7.578 0.4000000060
77235  52.315  9.377  7.228 0.4000000060
77236  51.422  9.294  7.050 0.4000000060
117838  50.410  9.232  7.113 0.4000000060
77237  49.558  9.713  7.331 0.5000000000
80923  57.129  15.055  6.206 0.4000000060
81749  57.088  15.379  7.214 0.4000000060
81736  56.616  15.466  9.017 0.4000000060
78981  55.399  12.930  9.100 0.4000000060
78093  54.376  10.973  7.475 0.4000000060
78094  53.647  10.300  7.329 0.4000000060
77246  51.842  10.128  6.725 0.4000000060
78096  50.222  10.458  7.154 0.4000000060
80899  55.865  15.010  8.739 0.4000000060
79927  55.451  13.288  7.975 0.4000000060
80957  56.082  14.683  3.197 0.5000000000
69731  54.344  1.666  25.424 0.2000000030
69719  53.800  1.307  25.935 0.1000000015
72581  51.684  4.739  16.359 0.3000000119
127484  51.108  4.435  16.093 0.3000000119
72582  50.471  4.204  16.203 0.3000000119
70692  55.419  2.622  23.488 0.2000000030
70681  54.665  2.284  23.986 0.2000000030
69743  53.964  1.849  24.445 0.2000000030
69733  52.203  1.420  24.482 0.1000000015
120618  53.179  5.784  18.037 0.3000000119
73478  53.168  5.766  17.073 0.3000000119
73479  52.485  5.192  16.511 0.3000000119
72589  50.791  4.213  15.342 0.3000000119
134273  50.020  3.970  14.429 0.3000000119
72599  49.851  4.046  13.936 0.3000000119
129223  55.609  2.823  22.797 0.3000000119
70682  53.571  2.144  23.486 0.2000000030
69744  52.877  1.721  23.966 0.1000000015
74346  53.768  6.380  17.610 0.3000000119
72587  52.150  4.864  15.778 0.3000000119
71661  56.193  3.444  20.882 0.3000000119
71651  56.416  3.644  21.945 0.3000000119
75241  55.096  7.417  18.715 0.3000000119
74345  54.440  6.969  18.170 0.3000000119
74353  53.713  6.464  16.659 0.3000000119
72621  49.022  4.367  12.734 0.2000000030
71660  56.694  3.990  21.174 0.3000000119
73512  48.681  4.861  12.061 0.2000000030
75240  56.018  7.918  18.927 0.3000000119
133399  48.849  5.533  11.040 0.2000000030
73525  48.291  5.327  11.328 0.2000000030
73513  47.775  4.835  11.967 0.2000000030
74323  57.265  7.052  19.861 0.3000000119
121097  48.037  6.082  9.856 0.3000000119
74421  48.104  6.877  8.567 0.4000000060
74420  48.828  6.858  8.525 0.4000000060
113190  47.602  7.956  8.153 0.6000000238
76268  48.155  8.623  7.867 0.5000000000
75332  48.834  8.302  7.578 0.5000000000
77238  48.880  10.203  7.650 0.5000000000
78097  49.481  10.878  7.424 0.6000000238
81751  56.550  15.529  7.181 0.4000000060
80911  55.859  14.881  7.612 0.5000000000
79928  54.941  12.489  6.988 0.4000000060
79005  53.633  11.829  6.422 0.4000000060
78105  53.174  10.954  6.602 0.4000000060
78107  51.351  11.197  6.751 0.4000000060
78109  49.987  11.772  7.166 0.5000000000
78994  49.162  11.790  7.204 0.6000000238
78995  48.394  11.626  7.336 0.6000000238
81765  56.892  15.373  6.439 0.4000000060
80924  55.892  14.804  6.362 0.4000000060
79940  55.376  13.636  6.629 0.4000000060
79007  51.562  12.254  6.495 0.4000000060
79008  50.635  12.279  6.741 0.5000000000
80933  56.754  15.077  5.545 0.4000000060
80945  56.590  14.831  4.246 0.5000000000
80946  55.611  14.789  4.103 0.5000000000
70670  55.384  2.913  25.421 0.2000000030
70660  54.979  2.390  25.915 0.2000000030
69718  54.480  1.639  26.295 0.2000000030
70671  55.310  2.561  25.275 0.2000000030
69730  54.921  2.048  25.783 0.2000000030
73466  52.533  5.333  18.507 0.3000000119
73467  51.768  5.042  18.151 0.3000000119
112061  50.888  4.624  16.927 0.3000000119
72590  50.130  3.941  15.579 0.3000000119
70691  56.089  3.075  23.332 0.3000000119
70680  55.535  2.616  24.491 0.2000000030
70672  54.950  2.121  24.974 0.2000000030
73454  53.533  5.585  19.727 0.3000000119
73465  53.291  5.723  18.894 0.3000000119
73472  52.487  5.332  17.601 0.3000000119
72583  49.751  3.883  16.203 0.3000000119
71713  49.583  3.735  14.519 0.3000000119
70703  55.976  3.170  22.453 0.3000000119
74327  54.117  6.161  19.329 0.3000000119
74339  53.884  6.278  18.487 0.3000000119
71726  49.129  3.672  13.963 0.3000000119
125363  48.472  3.413  14.089 0.3000000119
71637  56.341  3.604  22.958 0.3000000119
74326  55.024  6.703  19.803 0.3000000119
74338  54.621  6.833  18.979 0.3000000119
72610  48.522  3.826  13.388 0.2000000030
71727  47.838  3.340  13.815 0.3000000119
74325  56.138  7.137  20.185 0.3000000119
74337  55.583  7.354  19.429 0.3000000119
72622  48.156  4.336  12.620 0.2000000030
72611  47.601  3.828  13.148 0.2000000030
74324  56.924  7.181  20.166 0.3000000119
75230  56.645  7.621  19.604 0.3000000119
73526  47.388  5.251  11.437 0.2000000030
75229  57.051  7.571  19.549 0.3000000119
74405  47.480  6.604  9.109 0.5000000000
74396  47.199  6.165  9.848 0.3000000119
74422  47.520  7.295  8.498 0.6000000238
77224  47.805  9.597  8.289 0.6000000238
77223  48.406  9.523  7.828 0.6000000238
78098  48.552  10.909  7.773 0.6000000238
71604  54.916  2.707  26.045 0.2000000030
71591  53.865  2.676  26.784 0.2000000030
70679  55.798  3.118  24.662 0.2000000030
70643  54.682  2.190  26.502 0.2000000030
70644  54.347  2.010  27.174 0.2000000030
71624  56.149  3.532  23.836 0.3000000119
126442  55.990  2.938  23.977 0.2000000030
73455  52.676  5.216  19.319 0.3000000119
73456  51.865  4.927  18.973 0.3000000119
72573  50.961  4.806  17.839 0.3000000119
72574  50.293  4.586  17.604 0.3000000119
114264  50.008  4.327  16.984 0.3000000119
72576  49.118  3.938  17.000 0.3000000119
73453  54.445  6.034  20.162 0.3000000119
71705  49.482  3.608  15.318 0.3000000119
71706  48.664  3.240  15.462 0.3000000119
71714  48.886  3.406  14.650 0.3000000119
71715  47.965  3.022  14.709 0.3000000119
126677  56.678  4.278  21.897 0.3000000119
71650  56.518  4.158  22.568 0.3000000119
118417  47.320  3.051  14.171 0.2000000030
70795  47.051  2.757  14.705 0.2000000030
72539  56.898  4.854  21.347 0.3000000119
74315  56.496  6.548  20.773 0.3000000119
74316  55.462  6.481  20.594 0.3000000119
71728  47.058  3.385  13.608 0.2000000030
70796  46.229  2.611  14.716 0.2000000030
74311  56.851  6.128  21.092 0.3000000119
134717  57.067  6.551  20.590 0.3000000119
73534  46.568  6.082  10.344 0.3000000119
72623  47.245  4.395  12.540 0.2000000030
72612  46.703  3.949  13.063 0.2000000030
71717  45.726  2.941  14.043 0.2000000030
73441  57.051  5.793  20.975 0.3000000119
73451  57.295  6.110  20.282 0.3000000119
75322  46.858  7.914  8.561 0.5000000000
74406  46.528  6.689  9.535 0.4000000060
77209  47.139  9.433  8.765 0.5000000000
78070  47.418  10.102  8.757 0.6000000238
78085  47.729  10.567  8.368 0.6000000238
78099  48.040  11.145  7.934 0.6000000238
78996  47.496  11.694  7.404 0.6000000238
70628  51.419  2.307  27.546 0.2000000030
121162  53.900  2.161  27.501 0.2000000030
70627  52.619  2.329  27.887 0.2000000030
71605  54.421  3.063  26.126 0.2000000030
72504  55.906  3.728  24.375 0.3000000119
71615  55.583  3.441  24.944 0.3000000119
71616  55.012  3.394  25.459 0.2000000030
73445  52.926  5.008  20.152 0.3000000119
72552  52.037  4.676  19.771 0.3000000119
72565  51.056  4.748  18.656 0.3000000119
72566  50.106  4.578  18.418 0.3000000119
72575  49.530  4.396  17.790 0.3000000119
73444  53.833  5.446  20.568 0.3000000119
72540  53.229  4.833  21.018 0.3000000119
71691  48.183  3.753  17.369 0.3000000119
71698  47.927  2.951  15.753 0.3000000119
117863  47.687  3.190  16.688 0.3000000119
71636  56.348  4.088  23.259 0.3000000119
73443  54.819  5.865  20.993 0.3000000119
73436  54.195  5.270  21.431 0.3000000119
72529  56.614  4.747  22.158 0.3000000119
70780  47.383  2.745  15.311 0.2000000030
70781  46.705  2.577  15.425 0.2000000030
70768  46.403  2.564  16.269 0.2000000030
73433  56.690  5.495  21.624 0.3000000119
70782  45.870  2.408  15.534 0.2000000030
70797  45.333  2.523  14.752 0.2000000030
70783  44.951  2.262  15.625 0.2000000030
133274  56.490  5.993  21.333 0.3000000119
73527  46.510  5.552  11.269 0.3000000119
72624  46.317  4.564  12.591 0.2000000030
72613  45.775  4.158  13.139 0.2000000030
71718  44.796  2.997  14.093 0.2000000030
128254  44.399  2.484  14.801 0.2000000030
78071  47.040  10.106  9.430 0.6000000238
76255  46.272  8.476  9.112 0.5000000000
74397  45.952  6.589  10.139 0.4000000060
74389  45.787  6.204  10.802 0.3000000119
73515  45.935  5.164  12.096 0.3000000119
72614  44.872  4.387  13.279 0.2000000030
71730  45.277  3.618  13.599 0.2000000030
71719  43.785  3.084  14.217 0.2000000030
70798  43.600  2.473  14.840 0.2000000030
78086  47.207  10.804  8.849 0.6000000238
118456  45.041  5.477  12.394 0.3000000119
71731  44.386  3.779  13.706 0.2000000030
72600  43.572  4.027  13.812 0.2000000030
70645  53.170  2.536  27.328 0.2000000030
69685  50.867  1.853  28.164 0.2000000030
134914  54.418  3.899  25.021 0.2000000030
72511  55.696  4.328  23.945 0.3000000119
72505  55.067  4.036  24.672 0.2000000030
72532  52.587  4.383  21.576 0.3000000119
72541  52.248  4.516  20.662 0.3000000119
131702  51.195  4.378  20.321 0.3000000119
134189  50.365  4.228  20.405 0.3000000119
72510  56.174  4.036  23.797 0.3000000119
72512  54.612  4.501  23.820 0.2000000030
72520  54.040  4.654  22.859 0.3000000119
72553  51.159  4.616  19.445 0.3000000119
72542  50.380  4.408  19.794 0.3000000119
72555  49.557  4.383  19.300 0.3000000119
72567  49.110  4.336  18.556 0.3000000119
71685  48.414  4.124  18.626 0.3000000119
118014  47.838  3.905  18.270 0.3000000119
72518  56.113  4.556  23.185 0.3000000119
72519  55.226  4.832  23.210 0.3000000119
72530  54.649  5.106  22.325 0.3000000119
72517  56.382  4.495  22.753 0.3000000119
73427  55.736  5.229  22.558 0.3000000119
71692  47.381  3.547  17.596 0.3000000119
71699  46.910  3.003  16.923 0.2000000030
71693  46.687  3.329  17.792 0.3000000119
73426  56.366  5.044  22.395 0.3000000119
73434  56.151  5.617  21.877 0.3000000119
120082  46.117  2.779  17.193 0.2000000030
70758  45.242  2.521  17.526 0.2000000030
70759  44.345  2.121  17.479 0.2000000030
73442  55.848  6.127  21.316 0.3000000119
70769  45.526  2.404  16.472 0.2000000030
113392  44.601  2.214  16.616 0.2000000030
70760  43.766  2.013  16.713 0.2000000030
132823  43.271  1.946  16.061 0.2000000030
114973  43.942  2.157  15.686 0.2000000030
70770  42.558  1.902  15.936 0.2000000030
78969  46.028  11.942  9.650 0.6999999881
77210  46.584  9.324  9.280 0.5000000000
74398  45.326  6.913  10.447 0.4000000060
74390  45.042  6.520  11.205 0.4000000060
70799  42.926  2.747  14.614 0.2000000030
70785  42.266  2.399  15.184 0.2000000030
78960  46.411  11.356  10.235 0.6999999881
77197  46.494  9.898  10.174 0.6000000238
76242  45.341  8.597  10.271 0.5000000000
74377  44.682  6.157  11.965 0.3000000119
72615  44.040  4.631  13.467 0.3000000119
128098  42.948  3.547  14.200 0.2000000030
76241  45.959  9.024  9.753 0.6000000238
75285  44.681  7.339  10.933 0.4000000060
74391  44.416  6.853  11.588 0.3000000119
74378  43.949  6.684  12.270 0.3000000119
70629  50.298  2.092  27.247 0.2000000030
69686  49.747  1.709  27.869 0.2000000030
71606  53.407  3.334  25.981 0.2000000030
71592  52.731  2.982  26.463 0.2000000030
67717  44.715  -0.495  25.720 0.1000000015
67718  44.052  -1.050  25.276 0.1000000015
71617  54.037  3.632  25.495 0.2000000030
119174  45.530  0.433  24.726 0.1000000015
68725  44.977  -0.083  24.917 0.1000000015
67725  44.535  -0.362  24.220 0.1000000015
67726  43.974  -0.909  24.433 0.1000000015
66773  43.462  -1.372  23.872 0.1000000015
66767  42.917  -2.009  24.189 0.1000000015
65839  42.392  -2.447  23.646 0.1000000015
65840  41.770  -2.796  23.290 0.1000000015
64918  41.132  -3.199  22.988 0.1000000015
64919  40.415  -3.448  22.715 0.2000000030
68734  45.964  0.776  24.401 0.1000000015
68735  45.601  0.558  24.068 0.1000000015
68736  45.106  0.180  24.118 0.1000000015
67733  44.707  -0.089  23.409 0.1000000015
67734  43.980  -0.687  23.488 0.1000000015
116389  43.436  -1.194  23.154 0.1000000015
66779  43.162  -1.349  22.655 0.1000000015
66780  42.659  -1.731  22.387 0.1000000015
65846  41.599  -2.690  22.487 0.1000000015
65847  40.952  -3.078  22.160 0.1000000015
65857  40.749  -2.970  21.294 0.2000000030
71625  54.004  4.214  24.376 0.2000000030
72522  52.039  3.953  22.185 0.3000000119
71652  51.237  3.766  22.061 0.3000000119
72533  51.497  4.108  21.312 0.3000000119
133803  50.698  4.100  20.899 0.3000000119
69737  46.007  0.923  23.759 0.1000000015
68745  45.400  0.496  23.345 0.1000000015
68754  44.903  0.200  22.522 0.1000000015
67741  43.690  -0.812  22.529 0.1000000015
66787  43.117  -1.225  21.984 0.1000000015
66788  42.547  -1.674  21.574 0.1000000015
66789  41.936  -2.115  21.190 0.1000000015
65863  41.290  -2.517  20.818 0.1000000015
65864  40.597  -2.825  20.441 0.2000000030
72513  53.439  4.271  23.448 0.3000000119
72521  52.989  4.310  22.486 0.3000000119
71653  50.500  3.786  21.628 0.3000000119
72534  49.953  3.994  20.883 0.3000000119
72543  49.675  4.211  20.156 0.3000000119
72544  48.862  4.158  19.890 0.3000000119
69761  45.904  1.172  22.229 0.1000000015
68753  45.358  0.713  21.910 0.1000000015
68765  44.753  0.267  21.583 0.1000000015
67750  44.140  -0.163  21.178 0.1000000015
67760  42.870  -0.998  20.336 0.1000000015
66797  42.421  -1.596  20.731 0.1000000015
66798  41.763  -2.009  20.345 0.1000000015
65871  41.113  -2.424  19.993 0.1000000015
122874  47.926  4.021  18.972 0.3000000119
69773  45.788  1.286  21.433 0.1000000015
68773  44.995  1.084  20.245 0.1000000015
67758  43.967  0.040  20.343 0.1000000015
67768  43.321  -0.357  19.946 0.1000000015
67770  41.850  -1.085  19.189 0.1000000015
66806  41.468  -1.798  19.562 0.1000000015
66819  40.121  -1.840  18.832 0.1000000015
134518  47.156  3.678  18.204 0.3000000119
71687  46.707  3.446  18.452 0.3000000119
70747  46.182  3.091  18.755 0.2000000030
70733  45.721  2.508  19.243 0.2000000030
69790  45.365  1.797  19.742 0.1000000015
69791  44.720  1.424  19.426 0.1000000015
69792  44.055  1.100  19.125 0.1000000015
68786  43.004  0.014  19.203 0.1000000015
67781  42.262  -0.325  18.871 0.1000000015
67782  41.455  -0.581  18.567 0.1000000015
66818  40.958  -1.411  18.822 0.1000000015
134322  40.218  -1.252  18.495 0.2000000030
70757  46.002  3.084  18.057 0.2000000030
70734  45.098  2.079  18.913 0.2000000030
70749  44.785  2.236  18.178 0.2000000030
69803  43.736  1.462  18.404 0.2000000030
69804  42.890  1.202  18.092 0.2000000030
68806  41.583  0.649  17.771 0.1000000015
68797  41.096  -0.001  18.043 0.2000000030
126064  40.244  -0.047  17.919 0.2000000030
69813  43.528  1.742  17.570 0.2000000030
123264  42.750  1.472  17.340 0.2000000030
69814  42.158  1.127  17.533 0.1000000015
68807  40.739  0.618  17.551 0.1000000015
69816  40.395  1.269  16.983 0.2000000030
69823  42.072  1.523  16.689 0.1000000015
69824  41.065  1.628  16.449 0.2000000030
68808  39.692  0.768  17.568 0.2000000030
71721  42.059  3.210  14.569 0.3000000119
70786  41.375  2.650  15.188 0.3000000119
70772  40.785  2.216  15.819 0.3000000119
132524  43.851  5.685  13.027 0.3000000119
73501  43.612  5.387  13.360 0.4000000060
71707  41.110  3.459  14.828 0.4000000060
77198  45.791  9.454  10.505 0.5000000000
127510  45.141  9.028  10.805 0.4000000060
129739  43.749  6.179  12.841 0.3000000119
135037  34.807  -10.751  29.550 0.1000000015
58082  34.113  -10.927  28.275 0.1000000015
58093  34.465  -10.555  27.816 0.1000000015
58068  35.514  -10.364  29.575 0.1000000015
58080  35.324  -10.330  28.915 0.1000000015
58092  35.116  -10.193  28.138 0.1000000015
58107  34.101  -10.455  26.946 0.1000000015
131878  33.596  -10.225  26.015 0.1000000015
59975  36.542  -8.421  27.702 0.1000000015
59976  35.919  -8.908  27.292 0.1000000015
117637  35.253  -9.417  26.850 0.1000000015
59053  34.164  -9.629  25.472 0.1000000015
58141  33.379  -9.816  25.148 0.1000000015
59068  33.064  -9.471  24.421 0.1000000015
60899  37.927  -7.311  28.738 0.1000000015
60908  37.471  -7.471  28.108 0.1000000015
59982  36.318  -8.200  26.896 0.1000000015
59983  35.633  -8.717  26.422 0.1000000015
130579  34.978  -8.280  24.651 0.1000000015
60005  34.283  -8.661  24.206 0.1000000015
61960  38.400  -6.588  28.783 0.1000000015
61975  37.941  -6.286  27.579 0.1000000015
60918  37.105  -7.013  26.963 0.1000000015
60919  36.615  -7.446  26.543 0.1000000015
59990  35.961  -7.966  26.001 0.1000000015
130180  35.244  -7.640  24.472 0.1000000015
60953  34.685  -7.824  23.961 0.1000000015
66698  47.212  -1.060  30.970 0.2000000030
63855  39.214  -5.097  28.130 0.1000000015
62933  38.478  -5.620  27.637 0.1000000015
61988  37.492  -6.348  26.899 0.2000000030
62001  37.260  -6.080  26.215 0.2000000030
62002  36.780  -6.261  25.640 0.2000000030
60951  35.730  -7.109  24.708 0.1000000015
60952  35.213  -7.126  24.100 0.1000000015
67699  46.141  -0.137  27.744 0.2000000030
66743  45.201  -1.254  27.853 0.2000000030
63867  39.853  -4.265  27.340 0.1000000015
63868  38.919  -4.917  27.200 0.1000000015
63881  38.743  -4.732  26.337 0.2000000030
62957  37.361  -5.486  25.629 0.2000000030
62958  36.727  -5.743  25.078 0.2000000030
62014  36.251  -6.398  24.926 0.1000000015
62015  35.704  -6.433  24.280 0.1000000015
70646  52.031  2.635  26.952 0.2000000030
69663  49.130  1.412  28.427 0.2000000030
68697  45.869  0.020  27.091 0.2000000030
67700  45.536  -0.559  27.417 0.2000000030
67701  44.926  -0.988  27.101 0.2000000030
64884  40.047  -4.063  26.847 0.1000000015
64894  40.652  -3.857  26.486 0.1000000015
63880  39.247  -4.335  25.837 0.2000000030
63892  38.524  -4.568  25.481 0.2000000030
62967  37.061  -5.068  24.794 0.2000000030
63900  36.768  -4.826  24.065 0.2000000030
62977  36.039  -5.117  23.736 0.2000000030
133173  46.553  0.776  26.543 0.2000000030
68712  45.968  0.393  26.517 0.2000000030
67710  44.668  -0.840  26.455 0.2000000030
66752  43.702  -1.842  26.475 0.1000000015
66759  43.561  -1.702  25.649 0.1000000015
65826  42.442  -2.750  25.824 0.1000000015
65827  41.809  -3.140  25.556 0.1000000015
64899  41.259  -3.498  25.307 0.1000000015
64906  39.818  -3.971  24.305 0.2000000030
114340  38.148  -4.371  23.980 0.2000000030
63907  37.702  -4.348  23.543 0.2000000030
69708  46.959  1.167  26.150 0.2000000030
68711  46.288  0.796  25.903 0.2000000030
68724  45.518  0.272  25.664 0.1000000015
66760  42.919  -2.300  25.151 0.1000000015
65833  42.383  -2.627  24.454 0.1000000015
117622  41.675  -3.124  24.701 0.1000000015
64912  40.477  -3.608  23.569 0.2000000030
132007  40.065  -3.663  23.086 0.2000000030
64914  39.067  -4.008  23.180 0.2000000030
63920  37.953  -4.164  22.911 0.2000000030
69723  46.792  1.212  25.324 0.2000000030
69736  46.560  1.254  24.371 0.2000000030
64929  39.289  -3.633  21.688 0.2000000030
64930  38.435  -3.796  21.532 0.2000000030
131150  53.647  3.885  24.828 0.2000000030
71626  52.881  3.809  24.136 0.2000000030
71627  51.764  3.590  23.712 0.2000000030
71628  50.821  3.453  23.383 0.2000000030
71640  50.639  3.595  22.523 0.2000000030
122487  49.987  3.555  22.238 0.2000000030
69749  45.975  1.048  22.990 0.1000000015
65865  39.907  -3.004  19.931 0.2000000030
64941  38.922  -3.552  20.804 0.2000000030
71638  52.413  3.920  23.103 0.3000000119
71639  51.471  3.687  22.812 0.3000000119
71654  49.497  3.648  21.600 0.3000000119
71662  49.132  3.941  20.695 0.3000000119
72556  48.614  4.188  19.153 0.3000000119
69772  46.433  1.695  21.765 0.1000000015
64948  39.264  -3.303  20.155 0.2000000030
71663  48.381  3.834  20.422 0.3000000119
71674  48.126  3.991  19.627 0.3000000119
71675  47.492  3.765  19.366 0.3000000119
70709  46.893  2.371  21.271 0.1000000015
66821  38.628  -1.609  18.595 0.2000000030
120531  39.127  -2.863  19.451 0.2000000030
71664  47.709  3.652  20.144 0.3000000119
71665  47.059  3.365  19.857 0.3000000119
70732  46.408  2.910  19.548 0.2000000030
70720  46.000  2.212  20.076 0.1000000015
67783  39.835  -0.736  18.223 0.2000000030
68798  39.353  -0.033  18.061 0.2000000030
67784  38.982  -0.792  18.302 0.2000000030
68799  38.711  0.737  18.027 0.2000000030
69817  39.437  1.683  16.959 0.2000000030
70787  40.523  2.951  15.393 0.3000000119
70773  40.010  2.560  15.983 0.3000000119
69826  39.573  2.283  16.459 0.3000000119
73517  43.379  6.079  13.265 0.3000000119
73502  42.822  5.857  13.790 0.4000000060
124178  41.755  4.980  14.442 0.3000000119
70788  39.799  3.312  15.776 0.3000000119
79899  46.342  11.846  10.816 0.6999999881
113531  46.574  10.732  10.933 0.6000000238
77191  46.274  10.202  11.174 0.5000000000
77193  44.760  9.156  11.413 0.4000000060
134581  43.660  8.034  12.060 0.4000000060
75277  43.521  7.528  12.400 0.3000000119
74368  42.866  6.747  13.488 0.4000000060
74369  42.346  6.715  14.038 0.4000000060
57087  32.386  -11.325  29.704 0.1000000015
57103  31.832  -11.423  28.973 0.1000000015
57086  33.242  -11.271  29.384 0.1000000015
57102  32.691  -11.375  28.920 0.1000000015
57119  31.592  -11.364  27.804 0.1000000015
58053  36.079  -10.333  30.894 0.1000000015
57101  33.374  -11.201  28.397 0.1000000015
58094  33.756  -10.892  27.608 0.1000000015
57130  33.318  -10.779  26.763 0.1000000015
57131  32.536  -10.976  26.717 0.1000000015
65735  44.018  -2.434  33.791 0.1000000015
58995  37.494  -9.456  31.551 0.1000000015
116763  37.299  -9.260  30.720 0.1000000015
59011  36.487  -9.520  29.595 0.1000000015
117638  36.341  -9.334  28.826 0.1000000015
58108  32.765  -10.586  26.055 0.1000000015
58125  32.917  -10.212  25.510 0.1000000015
65747  44.483  -2.174  33.188 0.1000000015
65746  45.153  -1.959  32.694 0.1000000015
59961  37.500  -8.407  29.554 0.1000000015
59968  37.391  -8.080  28.764 0.1000000015
59969  36.734  -8.630  28.441 0.1000000015
58142  32.614  -9.895  24.977 0.1000000015
60898  38.353  -7.131  29.330 0.1000000015
60006  33.504  -8.954  23.927 0.1000000015
67688  46.485  -0.439  28.490 0.2000000030
62911  39.501  -5.587  29.583 0.1000000015
62912  38.915  -6.147  29.294 0.1000000015
60016  33.835  -8.158  23.561 0.1000000015
66699  46.666  -1.382  30.488 0.2000000030
66730  45.491  -1.528  28.631 0.2000000030
66714  45.073  -2.072  29.132 0.2000000030
65793  44.372  -2.362  28.847 0.2000000030
65781  43.842  -2.660  29.430 0.2000000030
129770  40.908  -4.126  29.722 0.1000000015
116143  40.307  -4.314  28.830 0.1000000015
63844  39.794  -4.893  29.007 0.1000000015
62024  34.376  -6.737  23.320 0.1000000015
62979  34.270  -5.776  23.085 0.1000000015
67673  47.435  -0.285  29.663 0.2000000030
66731  44.804  -1.861  28.340 0.2000000030
123348  43.037  -2.928  29.286 0.2000000030
64865  42.125  -3.264  29.139 0.2000000030
64867  40.699  -3.955  28.342 0.1000000015
132220  34.760  -6.136  23.378 0.1000000015
68696  46.498  0.465  27.203 0.2000000030
66744  44.549  -1.638  27.560 0.2000000030
65808  43.428  -2.527  27.774 0.2000000030
65795  42.831  -2.886  28.398 0.2000000030
65809  42.694  -2.814  27.506 0.1000000015
64882  41.341  -3.577  27.770 0.1000000015
64883  40.541  -3.939  27.408 0.1000000015
119048  41.287  -3.536  26.027 0.1000000015
62978  35.215  -5.465  23.371 0.1000000015
68662  47.953  0.422  29.292 0.2000000030
69707  47.689  1.415  26.469 0.2000000030
66751  44.332  -1.438  26.803 0.2000000030
66745  43.908  -2.036  27.255 0.2000000030
65816  43.240  -2.393  26.953 0.1000000015
65817  42.569  -2.757  26.653 0.1000000015
65818  41.907  -3.141  26.352 0.1000000015
63921  37.213  -4.289  22.920 0.2000000030
63909  35.788  -4.736  23.096 0.1000000015
71607  52.329  3.301  25.547 0.2000000030
70661  51.632  2.859  25.999 0.2000000030
70647  50.814  2.486  26.506 0.2000000030
69722  47.543  1.551  25.619 0.2000000030
63936  37.047  -4.130  21.963 0.2000000030
63922  36.368  -4.377  22.588 0.2000000030
71618  53.023  3.612  25.095 0.2000000030
69721  48.324  1.811  25.927 0.2000000030
70665  48.174  2.018  25.071 0.2000000030
69735  47.393  1.661  24.734 0.2000000030
64922  37.829  -4.049  22.184 0.2000000030
71619  52.045  3.458  24.631 0.2000000030
113908  51.083  3.319  24.258 0.2000000030
71620  50.234  3.121  23.936 0.2000000030
71629  49.931  3.344  23.028 0.2000000030
122629  48.025  2.184  24.183 0.2000000030
69747  47.265  1.816  23.837 0.2000000030
69748  46.576  1.430  23.420 0.1000000015
64942  37.609  -3.578  20.496 0.2000000030
71641  49.477  3.392  22.386 0.2000000030
71655  48.661  3.574  21.284 0.3000000119
71642  48.899  3.292  22.128 0.3000000119
70685  47.888  2.338  23.303 0.2000000030
70696  47.742  2.539  22.446 0.2000000030
69759  47.177  1.975  22.971 0.2000000030
69760  46.530  1.555  22.588 0.1000000015
64950  37.582  -3.172  19.778 0.2000000030
71656  47.970  3.414  21.014 0.3000000119
70708  47.570  2.777  21.580 0.2000000030
70697  47.065  2.146  22.126 0.1000000015
65873  38.208  -2.788  19.350 0.2000000030
70718  47.327  3.061  20.713 0.3000000119
67785  38.072  -0.785  18.515 0.2000000030
120326  38.430  0.004  18.370 0.3000000119
68809  38.907  1.337  17.574 0.2000000030
70761  38.964  2.451  16.785 0.3000000119
69818  38.591  2.019  17.371 0.3000000119
71700  39.224  3.629  16.309 0.3000000119
132061  42.315  6.202  14.138 0.4000000060
73493  42.197  5.770  14.272 0.4000000060
73494  41.632  5.869  14.708 0.3000000119
72591  40.986  4.405  14.806 0.3000000119
71709  39.681  4.165  15.814 0.3000000119
78953  46.835  11.474  11.453 0.6000000238
77192  45.620  9.653  11.273 0.5000000000
76228  43.413  8.377  12.579 0.3000000119
75271  43.006  7.589  13.074 0.2000000030
74364  41.860  6.543  14.552 0.3000000119
131041  31.058  -11.430  28.598 0.1000000015
57132  31.785  -11.094  26.806 0.1000000015
116723  31.326  -10.808  26.268 0.1000000015
65721  44.546  -2.398  35.000 0.1000000015
65734  44.886  -1.890  34.495 0.1000000015
59941  38.801  -8.678  32.458 0.1000000015
58988  38.170  -9.070  31.966 0.1000000015
59948  38.001  -8.727  31.038 0.1000000015
58143  31.866  -9.948  24.977 0.1000000015
66690  45.815  -1.848  31.690 0.1000000015
59940  39.179  -7.975  32.047 0.2000000030
60878  38.898  -7.685  31.238 0.2000000030
59954  38.207  -8.127  30.391 0.1000000015
59080  32.679  -9.040  23.854 0.1000000015
66689  46.610  -1.506  31.294 0.1000000015
60882  39.150  -7.034  30.772 0.2000000030
61932  38.815  -6.831  29.937 0.1000000015
60018  32.443  -8.380  23.571 0.1000000015
61947  39.264  -6.163  29.928 0.1000000015
60971  33.079  -7.888  23.303 0.1000000015
66729  46.154  -1.150  28.942 0.2000000030
66712  46.431  -1.349  29.756 0.2000000030
65779  45.261  -2.165  29.989 0.2000000030
65780  44.564  -2.423  29.655 0.2000000030
116676  44.061  -2.640  30.102 0.2000000030
64854  41.391  -3.746  29.491 0.2000000030
63835  40.692  -4.533  30.195 0.2000000030
62025  33.583  -6.523  23.055 0.1000000015
65769  43.313  -2.906  30.186 0.2000000030
64845  42.478  -3.191  29.996 0.2000000030
116366  41.840  -3.513  29.937 0.2000000030
63834  41.319  -3.967  30.295 0.2000000030
62980  33.311  -5.625  22.963 0.1000000015
68680  47.666  0.719  28.285 0.2000000030
62991  34.681  -4.933  22.943 0.1000000015
69664  48.342  1.237  28.107 0.2000000030
127813  36.363  -4.117  21.792 0.2000000030
63937  35.759  -4.276  22.122 0.2000000030
63923  35.229  -4.527  22.603 0.2000000030
70664  49.007  2.254  25.400 0.2000000030
70684  48.640  2.622  23.559 0.2000000030
64933  35.827  -3.828  21.264 0.2000000030
71608  51.351  3.125  25.112 0.2000000030
124413  36.275  -3.485  20.606 0.2000000030
65866  36.213  -2.910  20.003 0.2000000030
70683  49.422  2.869  23.739 0.2000000030
70695  48.446  2.816  22.707 0.2000000030
71643  48.227  3.111  21.861 0.2000000030
64951  36.930  -2.912  19.686 0.2000000030
71630  49.142  3.086  22.918 0.2000000030
66822  37.811  -1.442  18.688 0.2000000030
132661  36.949  -2.046  19.210 0.2000000030
66808  37.285  -1.756  18.978 0.2000000030
66809  36.572  -1.526  19.322 0.2000000030
68800  37.812  0.895  18.632 0.3000000119
69806  37.564  1.963  18.724 0.3000000119
69805  38.195  1.557  18.014 0.3000000119
70750  38.007  2.406  17.924 0.3000000119
71701  38.809  3.813  16.835 0.3000000119
127759  38.777  3.163  16.720 0.3000000119
73486  40.985  5.447  15.103 0.3000000119
72592  40.329  4.729  15.423 0.3000000119
72584  39.196  4.477  16.604 0.3000000119
121277  47.128  12.008  11.791 0.6999999881
78054  46.813  10.725  11.824 0.6000000238
78055  46.247  10.184  11.945 0.5000000000
77184  44.454  9.428  12.161 0.4000000060
77185  43.796  9.085  12.454 0.3000000119
76219  42.902  8.476  13.386 0.4000000060
76220  42.458  7.695  13.848 0.3000000119
75267  41.945  7.451  14.535 0.4000000060
117602  41.210  6.476  15.253 0.3000000119
58095  30.056  -10.985  27.054 0.1000000015
116066  43.574  -2.992  34.300 0.1000000015
120176  39.433  -8.288  32.908 0.1000000015
117757  41.140  -6.508  33.981 0.1000000015
61881  40.642  -6.976  33.535 0.1000000015
66700  46.011  -1.807  30.466 0.2000000030
65755  44.977  -2.297  31.484 0.1000000015
61896  40.584  -6.526  32.833 0.1000000015
61914  40.136  -6.503  32.011 0.1000000015
128030  39.467  -7.194  31.587 0.2000000030
60972  32.403  -7.569  23.376 0.1000000015
67674  46.774  -0.701  29.288 0.2000000030
65766  45.367  -2.180  30.806 0.2000000030
62895  40.558  -5.562  31.680 0.2000000030
61915  39.635  -6.459  31.068 0.2000000030
65767  44.651  -2.447  30.559 0.2000000030
65768  43.871  -2.673  30.790 0.2000000030
64838  42.563  -3.316  31.398 0.2000000030
130701  40.867  -4.929  31.463 0.2000000030
62903  40.432  -5.173  30.828 0.2000000030
65757  43.750  -2.648  31.627 0.1000000015
65758  43.194  -2.934  31.105 0.2000000030
64846  42.000  -3.505  30.717 0.2000000030
116297  41.520  -4.016  31.042 0.2000000030
63829  41.015  -4.483  30.925 0.2000000030
63924  34.333  -4.364  22.421 0.1000000015
69687  48.791  1.531  27.591 0.2000000030
127498  50.102  2.467  25.928 0.2000000030
69705  49.350  1.859  27.012 0.2000000030
69688  47.854  1.235  27.392 0.2000000030
128895  35.092  -3.502  21.089 0.1000000015
116230  34.925  -3.957  21.803 0.1000000015
70662  50.670  2.707  25.582 0.2000000030
133799  49.552  2.310  25.851 0.2000000030
70649  49.075  2.027  26.236 0.2000000030
70675  48.886  2.463  24.492 0.2000000030
64945  34.822  -2.896  20.715 0.2000000030
70663  49.809  2.558  25.277 0.2000000030
70674  49.682  2.723  24.517 0.2000000030
128500  49.328  2.515  24.927 0.2000000030
65867  35.395  -2.485  20.243 0.2000000030
65875  36.649  -2.337  19.499 0.2000000030
65876  35.930  -2.036  19.721 0.2000000030
66810  35.848  -1.146  19.817 0.2000000030
68787  36.859  0.087  19.321 0.2000000030
67772  36.387  -0.558  19.527 0.2000000030
116082  37.218  0.645  19.142 0.2000000030
69793  37.244  1.323  19.322 0.3000000119
117703  38.336  3.813  17.861 0.3000000119
121486  38.100  3.188  17.866 0.3000000119
79888  47.772  12.073  12.277 0.5000000000
116074  47.248  10.741  12.834 0.4000000060
78041  45.643  10.283  13.385 0.4000000060
77174  44.118  9.849  13.742 0.4000000060
129540  39.959  5.502  16.205 0.3000000119
73481  39.579  5.416  16.746 0.3000000119
72578  38.696  4.291  17.433 0.3000000119
78952  47.321  11.360  12.051 0.6000000238
78049  46.746  10.543  12.504 0.4000000060
77183  45.061  9.992  12.707 0.4000000060
113166  44.208  9.656  12.876 0.4000000060
76213  42.191  8.339  14.605 0.4000000060
75261  41.494  7.314  15.178 0.4000000060
74355  40.689  6.738  16.018 0.3000000119
64806  43.459  -3.383  34.933 0.1000000015
64807  42.989  -3.631  34.234 0.1000000015
63800  42.903  -4.096  34.804 0.1000000015
64820  43.269  -3.008  33.063 0.1000000015
64821  42.808  -3.588  33.421 0.1000000015
62866  42.218  -4.887  34.157 0.1000000015
62867  41.635  -5.450  33.692 0.1000000015
61880  41.104  -6.099  33.334 0.1000000015
65748  43.797  -2.590  32.604 0.1000000015
63812  41.880  -4.786  33.322 0.1000000015
61895  40.782  -5.836  32.481 0.1000000015
119746  44.388  -2.356  32.107 0.1000000015
64831  43.132  -2.971  32.012 0.1000000015
64832  42.532  -3.567  32.351 0.1000000015
63820  42.217  -4.185  32.907 0.1000000015
63821  41.621  -4.662  32.521 0.1000000015
62894  41.084  -5.115  32.122 0.1000000015
65756  44.323  -2.493  31.283 0.2000000030
64833  41.941  -4.135  32.195 0.1000000015
115179  41.430  -4.451  31.682 0.2000000030
64839  41.977  -3.812  31.559 0.2000000030
67762  35.242  -0.757  20.433 0.1000000015
66800  34.764  -1.356  20.579 0.1000000015
68777  35.625  0.073  20.700 0.1000000015
67761  35.877  -0.386  20.111 0.2000000030
69783  36.582  1.135  20.612 0.2000000030
68776  36.280  0.317  20.129 0.2000000030
69782  37.041  1.650  20.242 0.2000000030
68775  36.790  0.889  19.749 0.2000000030
125142  37.349  1.974  19.580 0.3000000119
71677  37.981  3.484  19.458 0.2000000030
70751  37.759  2.907  18.596 0.2000000030
72570  38.507  4.352  18.284 0.3000000119
71688  38.138  3.683  18.514 0.3000000119
78945  47.857  11.190  12.718 0.4000000060
78040  46.631  10.511  13.310 0.4000000060
78042  45.107  10.222  13.896 0.4000000060
73480  40.216  6.057  16.349 0.3000000119
72577  38.884  4.987  17.986 0.3000000119
77168  42.771  9.212  14.804 0.4000000060
76206  42.252  8.821  15.398 0.4000000060
75254  41.340  7.998  15.972 0.4000000060
75255  40.840  7.467  16.477 0.4000000060
69751  38.237  1.750  23.937 0.2000000030
69763  37.439  1.753  22.518 0.2000000030
69775  36.610  1.346  21.515 0.2000000030
70687  39.384  2.521  23.829 0.2000000030
70699  38.414  2.397  22.667 0.2000000030
70700  37.799  2.053  22.208 0.2000000030
122682  36.992  1.611  21.106 0.2000000030
70698  39.079  2.786  23.071 0.2000000030
71658  38.455  3.323  21.379 0.3000000119
70721  37.876  2.847  20.878 0.2000000030
70722  37.460  2.377  20.250 0.2000000030
71667  38.209  3.486  20.466 0.2000000030
70735  37.721  3.011  20.092 0.2000000030
72558  38.426  4.278  19.134 0.2000000030
78039  47.491  10.718  13.414 0.3000000119
78033  44.834  10.218  14.605 0.4000000060
77167  43.717  9.833  14.660 0.4000000060
74347  40.249  6.868  17.809 0.3000000119
73474  39.364  5.574  17.656 0.3000000119
73468  39.276  5.564  18.500 0.2000000030
76201  41.889  8.576  15.890 0.4000000060
75250  40.681  7.547  17.415 0.4000000060
71645  39.426  3.475  22.687 0.3000000119
71657  39.114  3.747  21.853 0.3000000119
72536  39.428  4.436  21.435 0.3000000119
71666  38.814  3.973  20.951 0.2000000030
72557  38.900  4.843  19.693 0.2000000030
73457  39.318  5.480  19.353 0.2000000030
114283  46.978  10.578  13.992 0.3000000119
74329  39.741  6.129  19.021 0.3000000119
78024  45.544  10.332  15.394 0.3000000119
75243  40.635  7.508  18.369 0.3000000119
72545  39.128  4.660  20.564 0.3000000119
73447  39.466  5.348  20.217 0.2000000030
75232  40.658  7.378  19.269 0.3000000119
74340  40.217  6.803  18.706 0.3000000119
68681  46.827  0.264  28.025 0.2000000030
68695  47.172  0.751  27.560 0.2000000030
67658  47.005  -0.891  30.102 0.2000000030
67687  47.150  0.034  28.850 0.2000000030
68679  48.493  1.014  28.828 0.2000000030
78983  47.375  11.293  8.191 0.6000000238
78968  46.664  11.210  9.454 0.6000000238
78108  50.681  11.216  7.023 0.4000000060
79006  52.557  12.092  6.361 0.4000000060
134135  48.179  11.808  12.701 0.5000000000
73509  51.429  5.406  12.767 0.3000000119
74336  57.361  6.537  18.743 0.3000000119
73464  57.147  5.472  18.932 0.3000000119
75245  57.464  8.235  17.744 0.3000000119
76234  53.808  8.260  11.460 0.3000000119
78936  56.797  12.306  13.714 0.3000000119
78036  56.031  11.679  13.992 0.3000000119
78028  56.640  11.367  14.879 0.3000000119
79882  56.617  12.547  13.075 0.3000000119
134443  56.371  13.132  12.155 0.3000000119
79893  56.662  13.418  11.709 0.3000000119
80890  56.961  15.012  9.790 0.4000000060
80886  56.621  14.223  10.569 0.4000000060
80882  56.669  13.811  11.229 0.3000000119
72596  52.122  4.842  15.059 0.3000000119
121338  54.964  2.610  22.622 0.2000000030
69755  52.521  1.969  23.035 0.2000000030
70713  55.757  3.118  21.482 0.2000000030
75265  54.125  7.901  14.918 0.3000000119
75258  54.464  8.109  15.676 0.3000000119
77139  56.875  9.345  17.304 0.3000000119
76192  56.660  8.907  17.884 0.3000000119
76210  54.596  8.794  15.049 0.3000000119
77157  56.410  10.335  16.144 0.3000000119
77165  56.024  10.673  15.420 0.3000000119
77166  55.074  9.834  14.814 0.3000000119
77172  54.823  9.835  13.982 0.3000000119
118959  49.092  6.154  9.902 0.2000000030
77182  54.245  9.024  11.954 0.3000000119
76239  53.628  8.416  10.626 0.3000000119
78047  55.245  11.192  12.987 0.3000000119
77196  54.007  9.185  10.471 0.3000000119
77195  54.490  9.944  10.382 0.3000000119
76267  50.814  7.928  7.897 0.4000000060
79898  56.165  13.798  11.188 0.4000000060
76281  51.070  8.511  7.459 0.4000000060
78966  55.339  12.641  9.819 0.4000000060
115537  57.440  13.896  7.960 0.3000000119
81740  56.330  15.538  8.222 0.4000000060
79913  55.689  14.199  9.267 0.4000000060
71704  50.115  3.887  14.909 0.3000000119
72620  49.799  4.510  12.978 0.2000000030
73532  48.514  5.703  10.571 0.2000000030
74404  48.447  6.493  9.157 0.3000000119
75321  48.420  7.561  8.012 0.5000000000
78069  54.743  10.815  10.187 0.4000000060
78967  54.998  11.778  9.990 0.4000000060
114669  54.703  10.767  9.165 0.4000000060
77220  54.168  9.900  8.952 0.4000000060
128699  53.261  9.177  8.237 0.4000000060
78083  53.715  9.695  8.178 0.4000000060
76284  48.861  9.096  7.486 0.5000000000
78993  55.176  12.053  8.327 0.4000000060
78095  52.744  10.142  6.869 0.4000000060
77247  51.004  10.170  6.827 0.4000000060
128116  54.903  11.803  7.604 0.4000000060
78104  53.908  11.036  6.868 0.4000000060
78106  52.244  11.074  6.578 0.4000000060
69732  53.303  1.495  24.945 0.1000000015
73473  51.718  4.972  17.247 0.3000000119
72609  49.358  4.110  13.418 0.3000000119
73533  47.498  5.682  10.643 0.3000000119
116953  48.929  11.111  7.566 0.6000000238
79004  54.433  11.664  6.845 0.4000000060
69703  54.391  1.741  26.858 0.2000000030
69704  53.945  1.156  26.932 0.2000000030
71696  49.126  3.540  16.080 0.3000000119
73514  46.859  4.916  11.944 0.2000000030
75304  46.855  7.110  8.856 0.4000000060
76269  47.361  8.691  8.360 0.5000000000
78084  48.269  10.324  8.008 0.6000000238
71697  48.474  3.381  16.407 0.3000000119
71716  46.610  2.964  14.086 0.2000000030
71729  46.200  3.469  13.548 0.2000000030
75305  46.272  7.530  9.182 0.5000000000
76254  46.779  8.771  8.734 0.5000000000
75293  45.760  7.217  9.804 0.4000000060
72554  50.434  4.565  19.133 0.3000000119
72568  48.672  4.169  17.979 0.3000000119
70767  47.204  2.709  16.068 0.3000000119
73528  45.493  5.798  11.612 0.3000000119
75306  45.702  8.095  9.651 0.5000000000
72625  45.384  4.834  12.783 0.2000000030
70784  43.082  2.200  15.328 0.2000000030
73516  44.435  5.170  13.013 0.3000000119
72531  53.599  4.691  21.913 0.3000000119
73435  55.243  5.615  21.806 0.3000000119
69812  44.181  1.896  18.055 0.2000000030
69822  43.002  1.747  16.730 0.2000000030
70771  41.678  1.985  15.838 0.2000000030
124770  46.671  10.524  10.085 0.6999999881
75294  45.162  7.725  10.272 0.4000000060
120101  44.268  5.850  12.614 0.3000000119
72616  43.280  4.924  13.726 0.4000000060
133002  42.962  4.347  13.959 0.4000000060
76235  44.594  8.299  10.918 0.4000000060
66758  44.157  -1.198  26.072 0.1000000015
116961  44.446  -0.562  24.932 0.1000000015
66766  43.493  -1.566  24.761 0.1000000015
68723  46.099  0.795  25.081 0.2000000030
66774  42.883  -1.765  23.250 0.1000000015
65845  42.220  -2.260  22.843 0.1000000015
65834  41.936  -2.880  23.969 0.1000000015
64911  41.307  -3.238  23.851 0.1000000015
64920  39.634  -3.730  22.630 0.2000000030
64928  40.162  -3.386  21.878 0.1000000015
117326  44.311  -0.339  22.791 0.1000000015
65855  42.054  -2.165  22.027 0.1000000015
65856  41.439  -2.590  21.667 0.1000000015
64940  39.863  -3.302  20.850 0.2000000030
68744  45.512  0.706  22.597 0.1000000015
67740  44.243  -0.264  22.035 0.1000000015
67751  43.626  -0.694  21.608 0.1000000015
65872  40.453  -2.609  19.769 0.1000000015
68764  45.218  0.823  21.082 0.1000000015
68774  44.602  0.420  20.721 0.1000000015
67759  43.515  -0.575  20.760 0.1000000015
66796  43.027  -1.133  21.160 0.1000000015
66805  42.216  -1.444  19.911 0.1000000015
66807  40.700  -2.130  19.333 0.1000000015
71686  47.314  3.756  18.724 0.3000000119
69781  45.610  1.497  20.589 0.1000000015
68784  44.366  0.714  19.895 0.1000000015
68785  43.693  0.377  19.553 0.1000000015
67769  42.610  -0.734  19.563 0.1000000015
65881  39.951  -2.485  19.303 0.2000000030
71676  46.844  3.481  19.091 0.3000000119
70748  45.480  2.659  18.426 0.2000000030
68794  43.346  0.785  18.820 0.2000000030
68795  42.619  0.447  18.558 0.1000000015
68796  41.878  0.165  18.310 0.1000000015
68805  42.234  0.753  18.060 0.1000000015
120451  40.637  -0.700  18.310 0.1000000015
66820  39.524  -1.421  18.503 0.2000000030
69802  44.436  1.720  18.669 0.2000000030
69815  41.334  1.148  17.164 0.2000000030
69825  40.193  1.902  16.400 0.3000000119
71720  42.335  4.173  14.216 0.3000000119
119226  41.629  4.003  14.491 0.3000000119
75276  44.029  7.636  11.652 0.3000000119
74379  43.388  6.780  12.900 0.3000000119
58081  34.679  -10.663  28.605 0.1000000015
57085  34.053  -11.037  29.013 0.1000000015
58054  35.407  -10.553  30.265 0.1000000015
59033  34.829  -10.016  27.326 0.1000000015
59012  35.901  -9.927  29.230 0.1000000015
58067  36.022  -10.110  29.983 0.1000000015
59022  35.725  -9.767  28.484 0.1000000015
59032  35.512  -9.586  27.704 0.1000000015
59043  34.476  -9.857  26.400 0.1000000015
59021  36.137  -9.109  28.080 0.1000000015
59974  37.060  -8.063  28.072 0.1000000015
59042  34.918  -9.231  25.907 0.1000000015
59991  35.300  -8.530  25.478 0.1000000015
59992  34.639  -9.032  24.977 0.1000000015
132805  38.616  -6.664  29.341 0.1000000015
61961  37.938  -6.809  28.138 0.1000000015
115276  37.498  -6.932  27.520 0.1000000015
60909  36.960  -7.646  27.410 0.1000000015
60004  35.604  -7.797  25.106 0.1000000015
61974  38.295  -6.224  28.132 0.1000000015
62921  38.732  -5.841  28.498 0.1000000015
61989  36.935  -6.717  26.327 0.1000000015
60934  36.305  -7.132  25.579 0.1000000015
127477  34.738  -7.147  23.695 0.1000000015
117540  39.463  -4.601  27.511 0.1000000015
63854  39.944  -4.401  28.103 0.1000000015
62920  39.207  -5.494  28.919 0.1000000015
62944  38.331  -5.285  26.777 0.2000000030
62945  37.749  -5.653  26.448 0.2000000030
62023  35.113  -6.442  23.699 0.1000000015
67689  45.812  -0.826  28.185 0.2000000030
118127  39.426  -4.392  26.761 0.1000000015
62956  38.072  -5.034  25.981 0.2000000030
63893  37.791  -4.778  25.147 0.2000000030
62968  36.302  -5.594  24.406 0.2000000030
62969  35.674  -5.815  23.906 0.1000000015
67709  45.307  -0.284  26.567 0.2000000030
117508  41.310  -3.563  26.867 0.1000000015
64895  39.955  -4.053  26.153 0.1000000015
64900  40.657  -3.820  25.637 0.1000000015
63891  39.085  -4.244  24.941 0.2000000030
64901  39.920  -4.044  25.252 0.2000000030
63898  38.299  -4.439  24.657 0.2000000030
63899  37.545  -4.598  24.271 0.2000000030
113445  37.140  -4.503  23.668 0.2000000030
63908  36.551  -4.602  23.384 0.2000000030
69689  47.084  1.019  26.905 0.2000000030
65825  43.088  -2.312  26.114 0.1000000015
125923  42.260  -2.802  25.134 0.1000000015
64905  40.759  -3.671  24.648 0.1000000015
64913  39.678  -3.875  23.455 0.2000000030
63897  38.919  -4.179  23.992 0.2000000030
64921  38.666  -3.954  22.492 0.2000000030
120321  38.215  -3.661  20.794 0.2000000030
64931  37.659  -3.869  21.312 0.2000000030
64949  38.434  -3.384  20.039 0.2000000030
69780  46.245  1.924  20.928 0.1000000015
70719  46.663  2.644  20.398 0.1000000015
65882  39.345  -2.149  18.860 0.2000000030
65883  38.666  -2.348  18.966 0.2000000030
70774  39.347  2.884  16.294 0.3000000119
72601  42.588  5.043  14.055 0.4000000060
71708  40.366  3.824  15.265 0.3000000119
76227  44.008  8.574  11.834 0.4000000060
114810  32.494  -11.359  28.166 0.1000000015
57118  32.303  -11.237  27.394 0.1000000015
57120  30.595  -11.326  27.844 0.1000000015
58996  36.819  -9.860  31.202 0.1000000015
59004  36.634  -9.710  30.391 0.1000000015
58109  31.999  -10.786  26.075 0.1000000015
59003  37.093  -9.067  29.946 0.1000000015
59955  37.670  -8.605  30.250 0.1000000015
59962  36.916  -8.829  29.192 0.1000000015
60891  37.915  -7.767  29.351 0.1000000015
60890  38.327  -7.587  29.888 0.1000000015
62910  40.118  -5.088  29.906 0.1000000015
122901  33.705  -7.356  23.218 0.1000000015
66713  45.756  -1.726  29.462 0.2000000030
64855  40.822  -4.010  29.111 0.1000000015
63843  40.433  -4.479  29.467 0.1000000015
65807  44.135  -2.213  28.047 0.2000000030
65794  43.625  -2.616  28.612 0.2000000030
64881  42.067  -3.210  28.114 0.2000000030
64866  41.396  -3.619  28.674 0.2000000030
65810  41.994  -3.171  27.205 0.1000000015
69706  48.505  1.639  26.765 0.2000000030
132551  35.807  -4.499  22.632 0.2000000030
70648  49.832  2.233  26.458 0.2000000030
64932  36.815  -3.838  21.055 0.2000000030
64943  36.904  -3.372  20.223 0.2000000030
65884  37.990  -2.135  18.869 0.2000000030
70775  38.411  2.788  17.277 0.3000000119
113636  45.374  9.803  12.002 0.4000000060
59947  38.589  -8.376  31.599 0.1000000015
114755  38.482  -8.098  30.932 0.1000000015
60883  38.641  -7.548  30.517 0.1000000015
60873  39.737  -7.483  32.481 0.1000000015
62904  39.746  -5.809  30.426 0.2000000030
61931  39.333  -6.460  30.415 0.1000000015
124247  42.689  -3.165  30.681 0.2000000030
64944  35.590  -3.249  20.604 0.2000000030
70673  50.468  2.928  24.757 0.2000000030
65874  37.380  -2.489  19.298 0.2000000030
67771  37.154  -0.860  18.867 0.2000000030
122230  37.593  -0.001  18.804 0.2000000030
71694  38.468  3.513  17.305 0.3000000119
74359  40.680  6.064  15.663 0.3000000119
73487  40.310  5.487  15.761 0.3000000119
72593  39.764  4.977  16.037 0.3000000119
77175  43.450  9.183  13.089 0.4000000060
60872  40.233  -7.087  32.847 0.1000000015
62896  40.091  -5.885  31.199 0.2000000030
64923  33.920  -3.685  21.914 0.1000000015
64934  34.369  -3.274  21.305 0.1000000015
66799  35.284  -1.637  20.172 0.2000000030
70736  37.548  2.636  19.425 0.3000000119
78048  47.228  10.886  12.382 0.5000000000
78050  46.011  10.245  12.653 0.4000000060
77173  44.810  10.052  13.311 0.4000000060
114082  43.147  9.266  13.912 0.4000000060
118404  39.069  4.977  17.266 0.3000000119
76212  42.588  8.625  14.074 0.4000000060
75260  41.766  8.114  15.221 0.4000000060
74354  41.070  7.234  15.737 0.4000000060
63811  42.494  -4.220  33.776 0.1000000015
62882  41.358  -5.333  32.896 0.1000000015
68766  36.065  0.789  21.050 0.2000000030
115988  40.402  6.847  16.876 0.3000000119
74348  39.894  6.194  17.267 0.3000000119
72569  38.823  4.951  18.824 0.2000000030
69752  37.512  1.574  23.668 0.2000000030
69762  37.972  1.828  23.060 0.2000000030
69764  36.776  1.478  22.456 0.2000000030
69774  37.215  1.725  21.847 0.2000000030
120936  37.307  1.638  23.014 0.2000000030
70688  38.697  2.173  23.471 0.2000000030
70710  38.113  2.640  21.810 0.2000000030
70711  37.477  2.139  21.239 0.2000000030
71646  38.745  3.081  22.274 0.3000000119
72546  38.533  4.154  20.049 0.2000000030
78032  46.043  10.445  14.335 0.3000000119
77160  44.439  10.158  15.491 0.4000000060
77161  43.413  9.781  15.518 0.4000000060
74341  39.715  6.220  18.165 0.2000000030
128589  42.762  9.361  15.649 0.4000000060
75249  41.166  8.167  17.000 0.4000000060
74328  40.279  6.685  19.548 0.3000000119
77268  58.153  9.575  2.566 0.2000000030
114990  56.544  7.325  1.460 0.3000000119
74488  55.273  6.822  1.692 0.2000000030
78926  49.893  11.485  16.290 0.4000000060
79041  58.132  12.633  2.163 0.4000000060
79975  57.525  13.645  2.775 0.4000000060
131267  58.430  10.675  2.320 0.4000000060
79027  57.850  12.211  3.660 0.4000000060
113630  58.179  10.151  3.450 0.2000000030
79017  57.727  11.474  4.845 0.3000000119
76314  57.102  7.834  1.755 0.3000000119
75396  56.011  7.112  1.144 0.2000000030
74504  54.684  6.874  1.557 0.2000000030
75398  54.241  7.383  1.047 0.2000000030
74506  53.156  6.796  2.009 0.1000000015
75399  52.602  7.612  1.358 0.1000000015
75401  50.204  7.890  1.328 0.1000000015
75403  49.125  7.756  1.624 0.1000000015
79781  53.487  11.925  23.475 0.2000000030
79799  53.578  12.801  22.206 0.2000000030
77982  53.365  11.303  22.982 0.2000000030
78944  48.514  11.713  13.226 0.3000000119
79976  57.216  14.216  2.034 0.4000000060
79989  57.594  13.417  1.735 0.4000000060
80956  56.919  14.496  2.949 0.4000000060
78160  58.421  11.449  0.446 0.4000000060
77275  58.294  9.411  1.377 0.3000000119
119553  53.474  7.339  1.369 0.2000000030
75400  51.046  7.895  1.352 0.1000000015
75418  50.916  8.112  0.532 0.1000000015
133006  50.229  8.033  0.357 0.1000000015
75402  49.515  7.890  0.647 0.1000000015
75419  48.234  7.574  0.141 0.2000000030
75420  47.280  7.355  0.355 0.2000000030
130316  46.728  7.850  -1.485 0.2000000030
75448  45.866  7.786  -1.739 0.2000000030
80958  54.996  14.451  3.508 0.4000000060
80966  56.607  14.377  2.275 0.4000000060
79056  57.547  12.983  1.429 0.4000000060
79055  58.134  12.553  1.036 0.4000000060
78161  58.151  10.860  -0.288 0.4000000060
76325  57.496  8.470  -0.720 0.3000000119
75394  57.450  7.972  0.177 0.3000000119
75413  56.928  7.835  -0.323 0.3000000119
75428  56.301  8.050  -0.987 0.3000000119
75395  57.177  7.679  0.995 0.3000000119
75414  56.149  7.492  0.168 0.3000000119
131587  55.424  7.732  -0.389 0.3000000119
75415  54.443  7.770  0.049 0.3000000119
75397  55.248  7.211  0.786 0.2000000030
75416  53.367  7.871  0.423 0.2000000030
75417  52.402  8.111  0.324 0.1000000015
76316  42.391  7.972  1.228 0.1000000015
75434  49.354  8.019  -0.741 0.2000000030
75435  48.442  7.760  -0.619 0.2000000030
75407  42.398  7.498  -0.152 0.1000000015
118663  47.647  7.785  -1.132 0.2000000030
112709  43.042  7.868  -0.445 0.1000000015
75449  44.914  7.824  -1.933 0.2000000030
75439  44.057  7.741  -1.691 0.2000000030
79977  55.601  14.241  2.739 0.4000000060
79990  56.225  13.759  2.022 0.4000000060
134871  56.763  13.136  1.602 0.4000000060
78146  57.838  12.313  0.520 0.4000000060
78162  57.876  11.525  -0.041 0.4000000060
77293  58.090  9.762  -0.811 0.4000000060
77294  57.577  10.458  -0.564 0.4000000060
77302  57.559  9.546  -1.250 0.4000000060
76332  56.994  8.383  -1.093 0.3000000119
76333  56.637  8.722  -1.710 0.4000000060
76334  55.996  8.510  -1.788 0.3000000119
75429  54.728  8.208  -0.999 0.3000000119
75430  53.714  8.241  -0.739 0.3000000119
75431  52.692  8.273  -0.601 0.2000000030
122689  50.656  8.185  -0.360 0.2000000030
122743  49.827  8.005  -0.254 0.2000000030
75436  47.655  7.528  -0.481 0.2000000030
76327  43.356  7.896  -1.193 0.2000000030
76338  43.893  8.111  -1.640 0.2000000030
77303  57.199  9.822  -1.213 0.5000000000
76342  56.747  9.297  -1.756 0.4000000060
76343  55.954  8.929  -2.320 0.4000000060
126607  55.176  8.564  -1.988 0.3000000119
76344  54.432  8.779  -2.313 0.4000000060
76337  52.097  8.401  -1.337 0.2000000030
77307  44.499  8.758  -1.422 0.2000000030
121120  44.126  8.637  -0.805 0.2000000030
76351  45.448  8.396  -2.096 0.2000000030
76352  44.750  8.528  -1.945 0.2000000030
114941  44.460  9.175  0.362 0.2000000030
77317  53.439  9.404  -2.548 0.3000000119
76361  51.132  8.771  -1.897 0.3000000119
128430  50.298  8.604  -1.509 0.3000000119
75447  48.726  8.139  -1.145 0.2000000030
132630  48.000  8.147  -1.352 0.2000000030
77319  51.798  9.291  -2.337 0.3000000119
76347  49.445  8.594  -1.438 0.3000000119
76362  50.138  8.937  -1.771 0.3000000119
118324  49.129  9.076  -1.712 0.2000000030
76363  48.257  9.222  -1.803 0.2000000030
76349  47.308  8.288  -1.616 0.2000000030
76350  46.307  8.288  -1.943 0.2000000030
76364  47.494  8.991  -1.907 0.2000000030
77299  44.889  9.504  -0.276 0.2000000030
77312  45.500  9.053  -2.181 0.2000000030
131912  45.371  9.344  -1.976 0.2000000030
77306  45.093  9.414  -1.412 0.2000000030
124030  52.302  9.920  -2.495 0.3000000119
78207  51.549  10.159  -2.398 0.4000000060
78208  50.472  10.372  -2.286 0.4000000060
77320  49.778  9.673  -1.920 0.2000000030
127319  46.745  8.770  -2.037 0.2000000030
78154  44.461  10.096  2.096 0.1000000015
79068  44.550  11.604  1.765 0.2000000030
76365  46.023  8.906  -2.254 0.2000000030
79069  43.922  12.053  2.152 0.2000000030
79099  51.412  11.204  -2.616 0.4000000060
78168  44.878  10.016  1.112 0.1000000015
79076  45.044  11.068  1.244 0.1000000015
82618  38.675  15.619  2.701 0.3000000119
77321  48.710  9.826  -1.894 0.2000000030
78179  45.279  10.511  0.439 0.2000000030
78189  45.780  10.368  -1.429 0.2000000030
78178  45.399  10.155  -0.509 0.2000000030
77322  47.691  9.746  -2.111 0.2000000030
77323  46.708  9.496  -2.265 0.3000000119
80005  43.449  12.782  1.696 0.3000000119
80006  42.573  12.771  2.043 0.2000000030
80977  41.726  13.286  1.696 0.3000000119
79110  50.828  11.988  -2.945 0.4000000060
82627  38.831  15.856  1.833 0.4000000060
79100  50.004  11.258  -2.596 0.3000000119
80004  44.319  12.394  1.478 0.2000000030
82617  39.400  15.257  2.285 0.3000000119
78209  49.271  10.523  -2.199 0.3000000119
78210  48.101  10.503  -2.331 0.4000000060
77324  46.021  9.473  -2.279 0.2000000030
78198  45.876  9.787  -2.148 0.2000000030
80976  42.591  13.284  1.413 0.3000000119
80978  40.924  13.593  1.812 0.3000000119
82619  37.920  15.933  3.017 0.3000000119
83452  38.114  16.190  2.263 0.4000000060
78211  47.108  10.354  -2.489 0.3000000119
81800  40.527  14.163  1.299 0.3000000119
115556  39.987  14.728  1.783 0.3000000119
80987  41.920  13.592  0.945 0.3000000119
80038  50.381  12.631  -3.391 0.4000000060
79111  49.525  12.061  -2.986 0.4000000060
79112  48.363  12.213  -3.241 0.4000000060
79102  47.613  11.734  -2.904 0.4000000060
79101  48.577  11.364  -2.651 0.4000000060
117685  47.523  11.046  -2.648 0.4000000060
78212  46.438  10.150  -2.323 0.3000000119
79091  46.328  10.664  -2.181 0.3000000119
83462  38.141  16.378  1.398 0.4000000060
83463  37.369  16.818  1.011 0.4000000060
82626  39.504  15.378  1.327 0.4000000060
82633  38.875  15.998  0.846 0.4000000060
83468  38.088  16.534  0.445 0.4000000060
81801  40.108  14.785  0.810 0.3000000119
82632  39.530  15.361  0.251 0.4000000060
80975  43.270  13.376  1.152 0.3000000119
81015  48.925  13.422  -3.958 0.4000000060
79113  47.732  12.469  -3.240 0.4000000060
118934  45.648  11.026  -0.113 0.2000000030
129944  45.309  11.350  0.663 0.3000000119
123332  44.961  11.905  1.111 0.3000000119
84249  36.835  17.369  0.779 0.4000000060
84257  36.671  18.098  0.570 0.4000000060
84256  36.962  17.648  0.082 0.4000000060
80014  44.794  12.693  0.827 0.3000000119
80997  41.683  13.885  0.014 0.3000000119
80988  41.169  13.816  0.827 0.3000000119
115191  43.477  13.673  0.545 0.3000000119
80986  42.592  13.660  0.689 0.3000000119
81805  40.885  14.151  -0.229 0.3000000119
87822  36.301  21.143  4.270 0.4000000060
86926  36.748  20.538  3.636 0.6000000238
86936  37.031  20.071  2.971 0.6000000238
86009  36.762  19.089  1.671 0.6000000238
80040  48.251  12.920  -3.650 0.4000000060
80033  47.296  12.005  -2.781 0.4000000060
85124  36.536  18.410  1.282 0.4000000060
127676  46.270  11.295  -1.594 0.3000000119
86024  36.935  18.902  0.781 0.4000000060
79082  45.999  11.643  -0.670 0.3000000119
130121  45.454  12.071  0.329 0.3000000119
126573  37.923  16.693  -0.498 0.4000000060
82638  38.786  16.021  -0.334 0.5000000000
80013  45.228  12.951  0.279 0.3000000119
80015  44.018  13.136  1.078 0.3000000119
81806  40.196  14.625  -0.331 0.5000000000
80985  44.464  13.500  0.359 0.3000000119
80996  42.694  14.024  -0.078 0.3000000119
88690  35.797  22.691  4.075 0.3000000119
88689  36.505  22.773  3.547 0.4000000060
125786  36.494  22.045  3.991 0.4000000060
87830  37.423  21.415  2.945 0.5000000000
86925  37.156  20.800  3.170 0.6000000238
126190  48.230  13.615  -3.918 0.4000000060
86935  37.443  20.614  2.566 0.5000000000
85997  37.205  19.824  2.168 0.6000000238
81016  47.763  13.211  -3.498 0.4000000060
80041  47.393  12.831  -2.971 0.4000000060
125089  37.439  19.545  0.597 0.6000000238
86008  37.333  19.648  1.328 0.6000000238
80028  46.701  12.839  -1.673 0.4000000060
81004  46.050  13.345  -0.865 0.4000000060
85135  37.020  18.201  -0.311 0.6000000238
80021  45.796  12.682  -0.316 0.3000000119
126318  37.352  17.424  -0.736 0.6000000238
80984  45.246  13.578  -0.241 0.3000000119
80994  44.457  14.059  -0.288 0.4000000060
82637  39.491  15.166  -0.907 0.5000000000
83475  38.347  16.292  -1.150 0.5000000000
80995  43.671  14.110  -0.148 0.3000000119
81812  42.961  14.451  -0.830 0.4000000060
81814  41.109  14.194  -1.024 0.5000000000
128124  40.546  14.341  -1.057 0.5000000000
81815  40.032  14.564  -1.486 0.6000000238
87837  37.730  22.211  2.524 0.3000000119
88694  37.124  22.894  2.971 0.3000000119
81023  48.790  14.056  -4.294 0.5000000000
88688  37.105  22.140  3.328 0.4000000060
127870  48.252  14.232  -4.079 0.5000000000
81017  47.354  13.706  -3.037 0.4000000060
86955  37.820  20.204  0.954 0.6000000238
119987  37.701  20.391  1.793 0.6000000238
81003  46.404  13.666  -1.493 0.4000000060
81820  46.366  14.330  -1.846 0.4000000060
133480  45.500  13.908  -0.677 0.4000000060
81810  44.944  14.315  -0.690 0.4000000060
83476  37.815  16.786  -1.470 0.6000000238
81811  43.965  14.611  -0.918 0.5000000000
82644  38.872  15.656  -1.503 0.6999999881
81824  42.320  14.548  -1.709 0.5000000000
81826  40.592  14.384  -1.949 0.5000000000
82643  39.507  15.035  -1.981 0.6999999881
81825  41.414  14.381  -1.837 0.5000000000
81835  41.770  14.725  -2.526 0.5000000000
81851  48.654  14.785  -4.301 0.5000000000
81852  47.987  14.885  -3.907 0.6000000238
114178  46.852  14.350  -2.557 0.5000000000
81832  46.196  14.996  -2.379 0.5000000000
84269  37.459  17.433  -1.881 0.6999999881
81833  45.513  14.913  -1.888 0.5000000000
81822  44.752  14.826  -1.427 0.5000000000
83480  38.327  16.177  -2.066 0.6999999881
82651  44.632  15.386  -2.270 0.6000000238
82656  39.705  15.082  -2.857 0.6999999881
81823  43.753  15.167  -1.983 0.6000000238
122643  43.152  14.758  -1.562 0.6000000238
82642  40.008  14.629  -2.308 0.6000000238
81836  41.038  14.546  -2.552 0.6000000238
81834  42.694  14.973  -2.365 0.6000000238
82674  48.339  15.598  -4.135 0.5000000000
81843  47.355  15.054  -3.417 0.5000000000
82661  47.531  15.771  -3.719 0.6000000238
81844  46.751  15.086  -2.922 0.6000000238
82650  45.414  15.565  -2.606 0.6000000238
83495  46.890  16.630  -3.803 0.6999999881
82664  44.483  16.130  -3.171 0.6000000238
131452  43.898  15.670  -2.735 0.6999999881
82652  43.111  15.534  -2.858 0.6999999881
82665  43.498  16.082  -3.288 0.6999999881
83497  44.734  16.831  -3.891 0.6000000238
78898  53.581  12.032  22.618 0.2000000030
80774  53.522  13.084  22.520 0.2000000030
76336  53.062  8.418  -1.544 0.3000000119
75444  51.661  8.526  -1.714 0.2000000030
75446  49.826  8.319  -1.195 0.2000000030
77304  56.297  9.685  -1.614 0.5000000000
76356  55.330  9.119  -2.460 0.4000000060
77316  54.197  9.408  -2.504 0.3000000119
76357  54.714  9.060  -2.550 0.3000000119
115206  57.134  11.527  0.552 0.4000000060
77286  56.906  10.707  0.063 0.4000000060
78206  52.339  10.752  -2.490 0.4000000060
82663  45.538  16.277  -3.285 0.6000000238
82662  46.613  15.948  -3.374 0.6000000238
130088  57.555  12.532  4.606 0.4000000060
79965  57.513  13.286  3.947 0.4000000060
76313  57.665  8.649  2.123 0.3000000119
75381  56.365  7.389  2.327 0.2000000030
78133  58.291  11.371  2.910 0.4000000060
79040  58.496  11.819  1.674 0.4000000060
78145  58.545  11.133  1.282 0.4000000060
76319  57.830  8.448  0.893 0.3000000119
114778  56.731  7.500  0.640 0.3000000119
79064  58.240  11.971  0.249 0.4000000060
77284  58.512  10.455  0.741 0.4000000060
125319  51.710  8.034  0.845 0.1000000015
114256  51.643  8.252  -0.314 0.1000000015
122742  49.020  7.771  -0.060 0.2000000030
77285  58.360  9.621  0.145 0.4000000060
75433  50.264  8.195  -0.913 0.2000000030
75432  51.166  8.345  -1.112 0.2000000030
76335  54.079  8.459  -1.724 0.3000000119
76345  53.483  8.642  -2.159 0.3000000119
76346  52.563  8.529  -1.992 0.3000000119
77318  52.648  9.331  -2.518 0.3000000119
76359  53.040  8.866  -2.397 0.3000000119
76358  53.902  8.966  -2.494 0.3000000119
118734  50.820  9.451  -2.119 0.3000000119
76360  52.171  8.786  -2.188 0.3000000119
75445  50.746  8.465  -1.402 0.3000000119
76348  48.321  8.581  -1.536 0.2000000030
119028  40.610  14.274  0.454 0.3000000119
79103  46.915  11.060  -2.623 0.3000000119
83469  37.371  17.090  0.179 0.4000000060
87831  36.905  21.368  3.591 0.4000000060
79090  46.746  11.720  -2.183 0.4000000060
80034  47.094  12.513  -2.434 0.4000000060
80029  46.350  12.272  -1.159 0.3000000119
132815  36.936  18.532  0.236 0.6000000238
81813  41.983  14.216  -0.912 0.4000000060
88673  34.985  22.590  4.601 0.2000000030
81010  46.952  13.472  -2.253 0.4000000060
87838  37.890  21.240  2.224 0.5000000000
81842  47.743  14.107  -3.638 0.5000000000
81821  45.702  14.247  -1.168 0.5000000000
82649  46.127  15.608  -2.867 0.6000000238
77099  46.126  9.112  22.149 0.2000000030
112758  45.897  9.305  21.257 0.2000000030
114848  44.468  8.919  21.456 0.2000000030
77106  45.149  9.217  21.123 0.2000000030
76170  43.046  8.675  20.865 0.2000000030
75223  41.793  8.278  20.258 0.2000000030
77116  44.138  9.287  20.045 0.2000000030
76178  42.958  9.118  19.541 0.2000000030
76180  41.739  8.463  19.514 0.2000000030
75224  41.186  7.828  19.946 0.2000000030
74318  40.442  6.580  20.376 0.2000000030
77124  43.615  9.320  19.428 0.2000000030
76179  42.356  8.932  19.143 0.2000000030
76189  41.692  8.639  18.585 0.3000000119
75242  41.104  8.178  17.990 0.2000000030
76168  45.285  9.022  21.808 0.2000000030
77105  47.021  9.435  21.492 0.2000000030
76169  43.595  8.623  21.520 0.2000000030
75220  42.194  8.208  20.968 0.2000000030
77114  45.468  9.401  20.443 0.2000000030
77122  45.231  9.523  19.395 0.2000000030
76166  44.008  8.571  22.070 0.2000000030
75219  42.804  8.255  21.666 0.2000000030
74317  41.006  7.247  20.799 0.2000000030
74319  39.881  6.000  19.867 0.2000000030
77136  43.019  9.296  18.834 0.2000000030
73446  40.111  5.838  20.718 0.2000000030
76188  42.338  9.140  18.234 0.3000000119
117624  52.977  10.668  23.378 0.1000000015
77095  51.395  9.862  23.297 0.1000000015
77096  50.317  9.757  22.713 0.1000000015
112759  48.866  9.412  22.863 0.2000000030
77983  51.997  10.345  22.857 0.1000000015
77097  49.364  9.653  22.387 0.1000000015
127845  47.747  9.429  22.193 0.2000000030
132550  47.057  9.093  22.824 0.2000000030
76165  44.658  8.658  22.297 0.2000000030
77102  49.898  9.941  21.884 0.1000000015
77098  48.525  9.555  22.220 0.2000000030
75213  44.018  8.232  22.740 0.2000000030
128974  42.191  7.816  21.747 0.2000000030
77113  46.418  9.511  20.525 0.2000000030
112359  45.958  9.561  19.679 0.2000000030
75214  43.365  8.229  22.278 0.2000000030
74312  41.226  6.896  21.733 0.2000000030
74313  40.661  6.419  21.242 0.2000000030
77123  44.440  9.477  19.259 0.3000000119
77135  43.761  9.503  18.664 0.2000000030
77145  43.140  9.517  17.923 0.3000000119
114975  41.773  8.700  16.656 0.3000000119
69604  39.148  1.811  31.621 0.1000000015
69645  37.894  1.346  30.343 0.1000000015
80763  52.098  14.004  23.640 0.1000000015
77979  53.123  10.511  24.277 0.1000000015
80761  53.504  12.606  23.062 0.1000000015
77090  50.714  9.435  23.843 0.1000000015
77091  49.611  9.418  23.236 0.1000000015
68755  36.027  1.076  21.981 0.1000000015
77987  51.564  10.601  21.958 0.1000000015
76164  46.133  8.811  22.933 0.2000000030
77996  49.111  10.130  20.586 0.2000000030
77111  47.794  9.821  20.180 0.2000000030
75209  44.757  8.351  23.108 0.2000000030
129611  49.686  10.455  20.409 0.2000000030
77120  46.986  9.741  19.709 0.2000000030
112357  45.005  9.602  18.802 0.3000000119
114849  43.324  7.725  23.041 0.2000000030
77133  45.749  9.650  18.735 0.3000000119
77134  44.449  9.630  18.439 0.3000000119
113215  45.121  9.733  18.133 0.3000000119
77144  43.738  9.780  17.398 0.2000000030
76194  42.357  9.221  17.274 0.3000000119
70565  40.808  2.422  33.673 0.1000000015
69579  40.123  1.955  34.362 0.1000000015
121442  40.332  1.680  35.369 0.1000000015
69594  39.985  2.158  32.135 0.1000000015
69603  40.118  2.073  31.144 0.1000000015
69619  39.397  1.820  30.605 0.1000000015
69620  38.510  1.568  30.910 0.1000000015
69644  38.700  1.613  30.043 0.1000000015
124565  37.995  1.452  29.543 0.1000000015
68663  37.202  1.187  29.140 0.1000000015
69669  38.093  1.483  28.694 0.1000000015
68682  37.401  1.340  28.178 0.1000000015
133816  36.505  1.108  26.957 0.1000000015
81615  50.866  15.122  23.973 0.1000000015
116540  35.992  1.009  24.664 0.1000000015
78893  53.440  11.333  23.831 0.1000000015
68746  36.063  1.166  22.923 0.1000000015
125665  51.552  15.389  23.760 0.1000000015
81613  52.624  14.518  23.040 0.1000000015
128984  52.374  15.439  23.185 0.1000000015
78899  53.061  11.621  22.106 0.1000000015
77077  49.774  9.132  24.087 0.1000000015
77092  48.780  9.114  23.619 0.2000000030
78905  52.652  11.917  21.195 0.1000000015
77994  51.172  10.889  21.117 0.1000000015
76162  45.562  8.480  23.419 0.2000000030
79813  53.103  12.661  20.840 0.1000000015
78907  50.880  11.138  20.256 0.2000000030
77999  48.533  10.118  19.960 0.2000000030
75215  41.814  7.288  22.179 0.2000000030
73437  40.905  6.137  22.100 0.2000000030
73438  40.375  5.626  21.586 0.2000000030
78908  51.435  11.736  19.855 0.2000000030
78008  48.770  10.304  19.180 0.2000000030
77121  46.476  9.718  19.036 0.2000000030
73439  39.712  5.156  21.079 0.2000000030
78909  50.692  11.313  19.384 0.2000000030
116985  48.403  10.271  18.425 0.2000000030
77143  44.451  9.798  17.716 0.3000000119
77142  45.875  9.810  17.808 0.3000000119
114121  43.035  9.607  16.972 0.3000000119
77154  44.335  9.973  16.984 0.4000000060
117669  43.162  9.687  16.245 0.3000000119
116035  42.425  9.178  16.286 0.3000000119
68567  39.368  0.457  35.365 0.1000000015
67609  39.202  -0.364  35.749 0.1000000015
67603  39.300  -0.508  36.622 0.1000000015
69578  40.919  2.311  34.752 0.1000000015
69554  40.750  0.960  37.577 0.1000000015
68535  40.164  0.357  38.021 0.1000000015
70564  41.645  2.661  34.082 0.1000000015
70556  41.743  2.552  35.181 0.1000000015
70548  42.017  2.346  36.472 0.1000000015
69553  41.322  1.625  37.086 0.1000000015
69519  40.974  1.484  39.985 0.1000000015
119473  41.602  2.636  33.051 0.1000000015
70540  42.035  1.931  37.880 0.1000000015
70532  41.982  1.686  39.059 0.1000000015
69529  41.284  1.286  39.323 0.1000000015
70592  40.975  2.141  30.724 0.1000000015
69618  40.278  1.918  30.245 0.1000000015
69643  39.576  1.729  29.726 0.1000000015
69668  38.851  1.595  29.182 0.1000000015
69667  39.734  1.654  28.891 0.1000000015
120072  39.041  1.560  28.216 0.1000000015
118874  38.197  1.476  27.925 0.1000000015
68699  36.879  1.232  27.524 0.1000000015
129748  36.097  0.852  27.557 0.1000000015
69692  38.719  1.496  27.221 0.1000000015
69693  37.745  1.411  27.361 0.1000000015
68698  37.245  1.326  26.652 0.1000000015
68714  36.472  1.109  26.252 0.1000000015
68726  36.353  1.105  25.349 0.1000000015
69727  37.815  1.462  25.249 0.1000000015
69728  37.080  1.367  24.953 0.1000000015
118465  36.511  1.223  24.631 0.1000000015
69740  37.683  1.522  24.458 0.1000000015
68737  36.143  1.163  23.922 0.1000000015
69753  36.784  1.431  23.363 0.1000000015
81626  50.036  14.680  23.505 0.1000000015
79782  52.897  12.623  23.588 0.1000000015
80742  51.280  14.206  24.494 0.1000000015
79762  52.211  12.128  24.265 0.1000000015
78878  53.104  10.745  24.701 0.1000000015
83343  46.567  16.571  17.426 0.1000000015
124973  46.127  15.836  17.472 0.1000000015
77074  52.820  9.861  24.787 0.1000000015
76148  48.310  8.732  24.348 0.2000000030
132260  47.160  8.759  23.583 0.2000000030
125264  44.058  7.770  23.603 0.2000000030
79827  51.901  12.438  19.496 0.2000000030
74307  41.471  6.559  22.545 0.2000000030
72535  40.065  4.890  21.933 0.2000000030
79839  52.363  13.157  19.132 0.2000000030
78007  49.498  10.707  18.332 0.2000000030
77131  47.238  9.970  17.977 0.3000000119
113003  48.908  10.490  17.999 0.3000000119
77141  46.634  9.983  17.493 0.3000000119
79854  50.732  12.157  17.447 0.3000000119
78012  47.952  10.343  17.054 0.3000000119
77151  46.794  10.207  16.728 0.3000000119
78927  49.542  11.024  16.714 0.3000000119
77150  47.538  10.341  16.557 0.3000000119
77159  45.103  10.167  16.386 0.4000000060
78016  48.356  10.511  16.434 0.3000000119
78017  46.188  10.276  16.136 0.3000000119
78022  48.353  10.601  15.571 0.3000000119
121011  47.762  10.443  15.946 0.3000000119
112936  48.312  10.717  14.818 0.2000000030
78031  46.966  10.548  14.630 0.2000000030
78030  47.714  10.656  14.253 0.2000000030
66646  38.506  -1.892  35.726 0.1000000015
67604  38.938  -1.152  36.001 0.1000000015
70563  42.345  2.835  33.491 0.1000000015
124950  42.905  2.983  35.321 0.1000000015
70547  42.884  2.775  36.246 0.1000000015
70539  42.790  2.457  37.440 0.1000000015
70507  41.860  2.282  39.984 0.1000000015
72395  40.882  4.058  38.137 0.1000000015
70572  42.347  2.749  32.549 0.1000000015
70583  40.878  2.302  31.623 0.1000000015
70581  42.369  2.648  31.633 0.1000000015
69617  41.033  1.993  29.906 0.1000000015
69642  40.385  1.821  29.422 0.1000000015
69666  40.481  1.817  28.636 0.1000000015
134596  39.928  1.654  28.189 0.1000000015
69691  39.690  1.648  27.478 0.1000000015
69711  38.700  1.517  26.310 0.1000000015
115098  38.071  1.441  26.707 0.1000000015
69712  37.937  1.406  26.027 0.1000000015
69710  39.485  1.673  26.630 0.1000000015
69726  38.580  1.567  25.519 0.1000000015
81616  50.164  14.511  24.491 0.1000000015
78879  52.772  11.101  24.811 0.1000000015
82497  46.520  15.326  17.836 0.1000000015
77964  52.993  10.324  24.978 0.1000000015
135064  50.621  9.097  24.620 0.1000000015
77078  49.132  8.865  24.397 0.1000000015
76149  47.303  8.530  24.298 0.2000000030
75211  42.685  7.172  23.328 0.2000000030
74306  42.066  6.928  22.942 0.2000000030
73429  40.614  5.374  22.427 0.2000000030
78933  48.866  11.097  14.581 0.2000000030
78938  48.746  11.374  13.934 0.2000000030
85974  35.408  19.729  4.870 0.2000000030
85975  34.862  19.116  5.122 0.3000000119
85083  35.355  18.816  4.288 0.2000000030
85097  36.069  18.744  2.936 0.3000000119
85098  35.479  18.210  3.347 0.2000000030
84235  35.149  17.406  3.464 0.2000000030
84241  35.987  17.583  2.233 0.3000000119
85112  35.752  18.072  2.594 0.3000000119
84242  35.567  17.474  2.848 0.3000000119
83455  35.884  16.969  2.523 0.3000000119
83453  37.376  16.586  1.845 0.3000000119
133344  37.430  16.323  2.533 0.3000000119
124839  42.935  3.011  33.881 0.1000000015
70554  43.214  3.172  34.682 0.1000000015
70562  42.969  3.028  33.075 0.1000000015
70590  42.353  2.608  30.768 0.1000000015
70599  42.241  2.681  29.935 0.1000000015
70600  41.578  2.333  29.556 0.1000000015
69690  40.549  1.925  27.777 0.1000000015
69709  40.242  1.936  26.926 0.1000000015
69725  39.335  1.743  25.813 0.1000000015
69739  38.428  1.655  24.735 0.1000000015
79801  47.157  12.752  22.109 0.1000000015
120943  48.691  13.638  22.972 0.1000000015
80765  48.665  13.632  24.068 0.1000000015
80743  50.562  14.165  24.902 0.1000000015
79763  51.082  13.145  24.765 0.1000000015
77059  52.098  9.231  25.548 0.1000000015
76151  45.704  8.205  24.209 0.2000000030
75210  43.281  7.271  23.766 0.2000000030
73428  41.150  5.831  22.891 0.2000000030
72525  39.759  4.174  22.301 0.2000000030
78929  49.325  11.319  15.108 0.3000000119
85960  34.875  19.924  5.379 0.3000000119
128385  35.877  18.995  3.665 0.2000000030
85111  36.233  18.399  2.056 0.3000000119
84250  36.398  17.681  1.460 0.3000000119
83454  36.286  17.179  2.019 0.3000000119
83464  36.714  17.000  1.523 0.3000000119
119588  36.637  16.666  2.356 0.3000000119
82657  38.979  15.573  -2.515 0.6000000238
71508  43.902  3.479  34.912 0.1000000015
70571  43.009  2.928  32.141 0.1000000015
71533  42.942  2.919  31.253 0.1000000015
71541  42.819  3.013  30.435 0.1000000015
70614  41.964  2.788  29.057 0.1000000015
70615  41.531  2.559  28.480 0.1000000015
70631  40.810  2.299  27.156 0.1000000015
69724  40.039  2.024  26.140 0.1000000015
70651  40.625  2.443  26.497 0.1000000015
70667  40.425  2.595  25.741 0.1000000015
70668  39.836  2.169  25.366 0.1000000015
69738  39.172  1.827  25.022 0.1000000015
70676  40.215  2.769  24.974 0.1000000015
70677  39.616  2.337  24.598 0.1000000015
71622  40.524  3.467  24.615 0.1000000015
70686  40.014  2.940  24.195 0.1000000015
69750  38.964  1.972  24.248 0.1000000015
80776  47.920  13.098  22.485 0.1000000015
71633  39.737  3.192  23.452 0.2000000030
79749  51.581  11.712  24.884 0.1000000015
71644  40.072  3.892  23.084 0.2000000030
78863  52.311  10.708  25.383 0.1000000015
77947  52.726  10.061  25.533 0.1000000015
72524  40.356  4.620  22.742 0.2000000030
74304  41.707  6.232  23.312 0.2000000030
81696  43.549  14.665  16.362 0.1000000015
87860  38.896  21.448  -2.682 0.5000000000
86986  38.503  20.534  -2.740 0.5000000000
123996  38.693  21.209  -1.866 0.5000000000
87852  38.677  21.524  -0.834 0.5000000000
86901  35.184  20.561  5.177 0.3000000119
86976  38.385  20.501  -1.518 0.5000000000
86963  38.329  20.696  -0.384 0.5000000000
85973  35.924  19.627  4.214 0.3000000119
86914  35.830  20.428  4.633 0.3000000119
129791  38.736  19.040  -5.684 0.5000000000
87008  38.352  19.483  -5.116 0.5000000000
132422  38.243  20.042  -2.257 0.5000000000
85986  36.424  19.623  3.465 0.4000000060
86913  36.310  20.268  4.100 0.4000000060
86076  37.707  18.390  -4.648 0.5000000000
86063  37.962  19.574  -3.112 0.5000000000
85998  36.623  19.298  2.543 0.5000000000
123862  39.618  18.356  -4.502 0.5000000000
84300  38.282  18.032  -5.178 0.6000000238
85184  38.022  18.205  -5.225 0.5000000000
85174  38.911  17.863  -4.883 0.6000000238
123122  39.210  15.729  -3.106 0.6000000238
130932  38.432  16.264  -3.110 0.6000000238
83487  41.461  15.531  -3.231 0.6000000238
83488  40.507  15.290  -3.262 0.6000000238
82653  42.161  15.356  -2.979 0.6000000238
82654  41.206  14.936  -3.046 0.6000000238
71524  43.526  3.450  32.765 0.1000000015
71516  43.531  3.373  33.842 0.1000000015
130850  44.658  3.869  35.205 0.1000000015
71532  43.384  3.397  31.795 0.1000000015
71540  43.213  3.454  30.965 0.1000000015
72448  43.355  4.198  30.650 0.1000000015
71550  42.578  3.370  29.589 0.1000000015
71562  42.209  3.416  28.756 0.1000000015
71563  41.833  3.046  28.228 0.1000000015
70666  40.945  3.094  26.149 0.1000000015
71609  41.206  3.786  25.768 0.1000000015
71610  40.711  3.287  25.386 0.1000000015
79792  46.424  12.525  22.740 0.1000000015
71632  40.331  3.652  23.845 0.2000000030
80766  47.917  13.114  23.449 0.1000000015
71631  40.814  4.198  24.274 0.2000000030
80726  50.149  13.524  25.343 0.1000000015
72515  40.593  4.392  23.524 0.2000000030
116608  50.541  12.418  25.305 0.1000000015
120901  42.417  6.367  24.034 0.2000000030
73424  41.389  5.547  23.620 0.2000000030
72523  40.855  5.115  23.211 0.2000000030
77948  52.578  10.181  25.663 0.1000000015
76147  49.940  8.811  24.884 0.1000000015
75199  44.417  7.486  24.405 0.2000000030
75200  43.759  7.271  24.212 0.2000000030
74303  42.269  6.551  23.617 0.2000000030
81684  44.715  14.419  17.495 0.1000000015
129457  44.561  13.296  18.672 0.1000000015
76150  46.414  8.236  24.616 0.2000000030
81685  43.944  14.175  17.080 0.1000000015
80832  44.193  13.794  17.655 0.1000000015
80858  42.794  14.195  16.110 0.1000000015
87867  39.171  21.633  -3.649 0.5000000000
126412  38.965  21.952  -1.689 0.5000000000
88715  38.908  22.480  -0.848 0.5000000000
120551  38.731  22.306  0.017 0.5000000000
87848  38.550  21.512  0.252 0.4000000060
88704  38.504  22.291  0.959 0.4000000060
86954  38.242  20.789  0.565 0.5000000000
87843  38.256  21.831  1.720 0.4000000060
86037  38.068  19.979  -0.903 0.5000000000
133237  37.579  18.796  -3.741 0.5000000000
86050  37.892  19.567  -1.826 0.6000000238
86038  37.623  19.314  -0.868 0.5000000000
84302  37.692  17.860  -4.574 0.6000000238
85155  37.281  18.086  -2.355 0.6000000238
118222  39.596  17.595  -3.962 0.6000000238
84289  38.532  17.307  -4.454 0.6000000238
84290  37.699  17.402  -3.969 0.6000000238
84277  41.084  17.025  -2.459 0.6000000238
115630  40.820  16.110  -3.164 0.6000000238
83481  37.802  16.752  -2.516 0.6000000238
84276  41.715  16.537  -2.828 0.6000000238
83489  39.780  15.529  -3.223 0.6000000238
84287  42.678  16.561  -3.200 0.6000000238
83486  42.355  15.921  -3.273 0.6000000238
84286  43.465  16.843  -3.662 0.6999999881
113678  44.339  4.188  33.071 0.1000000015
122312  44.236  3.796  34.320 0.1000000015
72434  44.482  4.557  32.565 0.1000000015
72421  45.308  4.390  34.868 0.1000000015
115131  44.205  4.690  31.853 0.1000000015
72440  43.809  4.879  31.064 0.1000000015
72455  42.990  4.414  29.775 0.1000000015
72463  42.856  5.082  28.872 0.1000000015
71576  42.153  3.874  27.990 0.2000000030
72464  42.500  4.694  28.223 0.2000000030
71593  41.966  3.959  27.152 0.2000000030
71594  41.529  3.633  26.561 0.2000000030
72486  41.971  4.443  26.552 0.2000000030
72487  41.629  4.221  26.025 0.2000000030
72495  41.498  4.453  25.412 0.2000000030
79785  46.530  12.695  23.574 0.1000000015
79765  46.848  12.954  24.320 0.1000000015
72507  41.359  4.767  24.662 0.2000000030
80745  48.836  13.730  25.082 0.1000000015
74298  42.678  6.292  24.466 0.2000000030
73421  41.516  5.304  24.195 0.2000000030
72514  41.063  4.903  23.939 0.2000000030
80727  48.637  13.513  25.798 0.1000000015
113033  49.375  13.559  25.588 0.1000000015
128754  50.225  11.787  25.770 0.1000000015
114817  45.505  7.499  25.331 0.2000000030
74296  43.897  6.886  24.843 0.2000000030
73423  42.012  5.907  24.087 0.2000000030
77046  52.066  9.221  26.528 0.1000000015
76110  52.093  9.049  26.230 0.1000000015
76131  48.530  8.260  25.866 0.2000000030
75198  45.182  7.706  24.639 0.2000000030
131964  39.692  22.289  -4.637 0.5000000000
87859  39.275  22.344  -2.509 0.5000000000
88710  38.786  23.074  -0.145 0.4000000060
89492  38.329  23.148  1.088 0.3000000119
88699  38.106  22.691  1.743 0.4000000060
89481  37.558  23.140  2.283 0.2000000030
130867  38.151  20.978  1.416 0.4000000060
86964  37.843  19.931  -0.006 0.5000000000
86051  37.433  18.745  -1.627 0.6000000238
84279  37.496  17.406  -2.974 0.6000000238
116526  37.312  18.650  -0.827 0.6000000238
86023  37.251  19.013  -0.065 0.6000000238
84288  39.253  16.968  -3.927 0.6000000238
85143  37.223  18.086  -1.294 0.6000000238
84278  40.250  17.019  -3.167 0.6000000238
83500  39.891  16.072  -3.407 0.6000000238
83502  38.219  16.974  -3.941 0.6000000238
83490  37.847  16.875  -3.383 0.6000000238
83501  39.029  16.374  -3.627 0.6000000238
84275  43.090  17.223  -2.846 0.6999999881
84274  43.916  17.374  -3.400 0.6999999881
133350  45.516  4.693  34.137 0.1000000015
72433  45.138  4.755  33.238 0.1000000015
72420  46.185  5.027  34.770 0.1000000015
73342  44.951  5.152  32.312 0.1000000015
73349  44.653  5.525  31.354 0.1000000015
73350  44.105  5.536  30.469 0.1000000015
74231  44.527  6.144  29.839 0.2000000030
73359  43.587  5.514  29.570 0.2000000030
73368  42.942  5.380  27.938 0.2000000030
120750  43.501  5.720  28.549 0.2000000030
73400  42.535  5.240  26.427 0.2000000030
80729  46.890  13.639  25.558 0.1000000015
73410  42.465  5.450  25.535 0.2000000030
72494  41.981  4.822  25.840 0.2000000030
80746  47.281  13.315  25.095 0.1000000015
80728  47.847  13.673  25.937 0.1000000015
79743  48.958  12.566  26.459 0.1000000015
74288  42.895  6.023  25.157 0.2000000030
72506  41.897  5.088  25.134 0.2000000030
78865  49.643  12.775  25.835 0.1000000015
78855  50.623  10.917  26.146 0.1000000015
77936  51.899  9.400  26.905 0.1000000015
76100  51.555  8.733  27.401 0.2000000030
76112  50.061  8.344  26.543 0.2000000030
74275  45.092  7.011  25.971 0.2000000030
74287  43.548  6.390  25.390 0.2000000030
73420  42.310  5.665  24.808 0.2000000030
77949  51.943  10.254  26.148 0.1000000015
76111  51.270  8.620  26.577 0.1000000015
75184  46.832  7.700  25.973 0.2000000030
74286  44.264  6.715  25.601 0.2000000030
76130  50.096  8.580  25.737 0.2000000030
76132  47.670  8.021  25.909 0.2000000030
120312  40.478  22.626  -7.061 0.4000000060
89525  40.367  23.110  -5.934 0.4000000060
88725  39.503  22.349  -3.629 0.5000000000
88714  39.124  22.694  -1.549 0.5000000000
88709  39.060  23.300  -0.923 0.3000000119
89498  38.502  23.543  0.442 0.3000000119
132937  46.103  5.193  33.794 0.1000000015
73334  45.862  5.415  32.842 0.1000000015
73341  45.675  5.703  31.915 0.1000000015
74222  45.541  6.131  31.065 0.2000000030
74230  45.461  6.411  30.179 0.2000000030
73367  44.049  6.137  28.016 0.2000000030
73381  43.546  5.870  27.338 0.2000000030
74259  44.474  6.406  27.200 0.2000000030
74260  43.785  6.143  26.555 0.2000000030
74258  45.389  6.764  27.349 0.2000000030
112289  43.852  6.332  25.954 0.2000000030
77937  51.165  10.117  26.876 0.1000000015
77037  51.637  9.015  27.725 0.2000000030
129479  49.807  8.123  27.105 0.2000000030
75169  45.709  7.050  26.691 0.2000000030
74276  44.435  6.537  26.321 0.2000000030
76101  51.205  8.537  27.952 0.2000000030
76113  49.154  8.144  26.530 0.2000000030
75168  46.565  7.377  26.734 0.2000000030
116368  46.846  5.627  33.318 0.1000000015
73340  46.658  5.854  32.425 0.1000000015
74214  46.512  6.177  31.569 0.2000000030
74212  48.193  6.570  31.908 0.1000000015
134636  46.439  6.483  30.681 0.2000000030
115230  45.251  6.563  29.242 0.2000000030
74229  46.416  6.760  29.664 0.2000000030
74242  46.819  7.019  28.950 0.2000000030
112556  48.375  7.414  28.316 0.2000000030
75145  46.614  7.068  28.210 0.2000000030
75154  49.194  7.667  28.027 0.2000000030
74257  46.218  7.096  27.428 0.2000000030
75166  49.103  7.862  27.216 0.2000000030
111948  48.252  7.629  27.391 0.2000000030
77038  51.043  9.284  28.173 0.2000000030
75167  47.464  7.647  26.691 0.2000000030
74203  48.060  6.392  33.123 0.1000000015
74193  47.848  6.376  33.794 0.1000000015
114655  47.414  6.474  31.282 0.2000000030
112937  47.465  6.731  30.426 0.2000000030
74228  47.582  6.991  29.559 0.2000000030
75125  50.054  7.715  29.588 0.2000000030
113339  48.724  7.287  29.375 0.2000000030
75144  47.557  7.170  28.666 0.2000000030
75143  49.356  7.523  28.825 0.2000000030
75142  50.178  7.782  28.671 0.2000000030
75088  48.623  7.025  32.720 0.1000000015
74192  48.286  6.774  33.239 0.1000000015
75127  48.505  7.033  30.314 0.2000000030
75111  49.666  7.713  30.412 0.2000000030
79814  52.261  12.202  20.336 0.2000000030
79826  52.713  12.926  19.972 0.2000000030
121193  50.472  11.644  17.896 0.3000000119
78038  48.186  10.996  13.579 0.2000000030
80817  44.670  13.756  18.107 0.1000000015
78915  51.175  11.947  19.034 0.2000000030
76195  41.694  8.736  17.618 0.3000000119
75231  41.132  8.053  18.958 0.2000000030
77986  52.578  10.907  22.441 0.1000000015
82655  40.418  14.761  -2.845 0.6000000238
75225  40.673  7.193  20.007 0.2000000030
76174  43.878  9.008  20.784 0.2000000030
116369  42.475  8.725  20.078 0.2000000030
76175  43.352  9.067  20.137 0.2000000030
112065  41.556  7.839  20.676 0.2000000030
126350  45.376  9.473  19.877 0.2000000030
77103  49.023  9.833  21.483 0.2000000030
112536  47.702  9.659  20.895 0.2000000030
75221  41.648  7.566  21.367 0.2000000030
77984  50.993  10.168  22.416 0.1000000015
77989  49.757  10.217  21.108 0.2000000030
114387  42.587  7.654  22.475 0.2000000030
77119  47.916  10.031  19.225 0.2000000030
113892  43.903  9.671  18.034 0.2000000030
81602  51.414  14.887  24.105 0.1000000015
77995  50.331  10.638  20.710 0.2000000030
117281  50.047  10.783  19.791 0.2000000030
77132  46.529  9.794  18.293 0.3000000119
69565  41.089  2.052  35.895 0.1000000015
78906  51.725  11.514  20.711 0.1000000015
113457  47.148  9.890  18.772 0.2000000030
129990  49.018  10.455  18.597 0.2000000030
77153  45.154  9.925  17.327 0.3000000119
77152  45.970  10.084  16.980 0.3000000119
130483  43.627  9.863  16.776 0.2000000030
125700  43.984  10.038  16.258 0.4000000060
68550  39.614  0.168  36.290 0.1000000015
68549  40.143  0.598  36.879 0.1000000015
69566  39.927  0.928  35.862 0.1000000015
69541  40.748  0.789  38.744 0.1000000015
71474  40.882  2.830  39.736 0.1000000015
68713  37.150  1.324  25.755 0.1000000015
69741  36.961  1.378  24.174 0.1000000015
78011  48.590  10.489  17.328 0.3000000119
78923  49.413  10.804  17.469 0.3000000119
77140  47.351  10.176  17.250 0.3000000119
111905  47.063  10.378  15.985 0.3000000119
130195  46.559  10.448  15.299 0.2000000030
69665  41.088  2.132  28.444 0.1000000015
111914  48.996  8.589  25.167 0.2000000030
85099  35.023  17.973  3.918 0.2000000030
83445  36.191  16.487  3.106 0.3000000119
70630  41.293  2.523  27.749 0.1000000015
70650  41.189  2.838  26.904 0.1000000015
112605  47.947  8.436  25.143 0.2000000030
85164  37.409  18.058  -3.630 0.6000000238
86064  37.512  18.805  -2.696 0.6000000238
84301  37.976  17.577  -4.726 0.6000000238
71577  41.684  3.280  27.417 0.2000000030
71621  40.987  4.013  25.034 0.2000000030
75186  44.719  7.230  25.148 0.2000000030
75185  46.262  7.813  25.339 0.2000000030
80847  43.221  13.854  16.770 0.1000000015
123989  38.401  21.486  1.016 0.4000000060
89493  37.818  23.454  1.581 0.2000000030
73358  44.265  6.233  28.913 0.2000000030
74244  45.035  6.566  28.182 0.2000000030
112496  45.024  6.738  26.701 0.2000000030
67833  57.599  -0.046  9.015 0.1000000015
69858  55.733  1.250  10.695 0.1000000015
117462  57.216  0.367  9.779 0.1000000015
119066  56.566  1.447  10.681 0.1000000015
133558  57.876  0.718  9.823 0.1000000015
69869  58.564  1.005  9.813 0.1000000015
70820  55.210  2.277  11.692 0.1000000015
70812  54.402  2.481  12.730 0.1000000015
70827  56.027  2.008  11.241 0.1000000015
69857  57.492  1.110  10.279 0.1000000015
70826  57.307  1.931  10.966 0.1000000015
70825  58.338  2.204  11.175 0.1000000015
69856  58.383  1.615  10.496 0.1000000015
121261  55.363  2.540  13.636 0.1000000015
70813  53.689  2.390  13.102 0.1000000015
115470  56.001  2.495  12.078 0.1000000015
70819  57.005  2.429  11.816 0.1000000015
69868  59.443  1.307  9.332 0.1000000015
69855  59.115  1.538  10.011 0.1000000015
123314  59.958  1.725  7.722 0.1000000015
70868  59.650  2.297  7.303 0.1000000015
70804  54.870  2.498  14.426 0.1000000015
70811  56.218  2.571  13.209 0.1000000015
70802  57.413  2.605  13.933 0.1000000015
70810  56.822  2.563  12.749 0.1000000015
70809  58.221  2.750  13.465 0.1000000015
70818  58.140  2.568  12.186 0.1000000015
70808  58.769  2.901  12.917 0.1000000015
70836  59.610  1.930  9.674 0.1000000015
70817  59.008  2.679  11.719 0.1000000015
71739  59.196  3.125  12.478 0.1000000015
129295  59.923  1.830  8.764 0.1000000015
70850  59.736  2.373  8.232 0.1000000015
71772  59.346  2.985  7.903 0.1000000015
71796  50.610  3.837  5.014 0.1000000015
133905  50.148  3.653  4.734 0.1000000015
71797  49.563  3.027  5.474 0.1000000015
70803  56.470  2.565  14.228 0.1000000015
70791  56.767  2.813  14.574 0.1000000015
71735  58.601  2.962  13.730 0.1000000015
72617  59.132  4.006  13.092 0.1000000015
70835  59.704  2.465  9.167 0.1000000015
70823  59.561  2.612  10.082 0.1000000015
71738  59.462  3.279  11.660 0.1000000015
71743  59.579  3.109  9.660 0.1000000015
71753  59.448  3.231  8.858 0.1000000015
71754  58.977  3.758  8.544 0.1000000015
71773  58.427  3.317  8.006 0.1000000015
71758  52.566  3.478  8.380 0.1000000015
70856  51.321  2.368  8.346 0.1000000015
70857  50.501  2.235  8.240 0.1000000015
71759  51.657  3.180  8.167 0.1000000015
70873  50.866  2.929  7.902 0.1000000015
70874  50.036  2.738  7.525 0.1000000015
71776  50.539  3.324  7.187 0.1000000015
71789  50.039  3.221  6.455 0.1000000015
72680  52.055  4.751  5.006 0.1000000015
71711  56.540  3.131  14.841 0.1000000015
131812  56.251  2.907  15.026 0.1000000015
71725  57.622  2.875  14.186 0.1000000015
71724  58.360  2.913  13.935 0.1000000015
70801  58.197  2.830  13.962 0.1000000015
72629  59.250  4.569  12.181 0.1000000015
72635  59.471  3.970  9.703 0.1000000015
72632  59.521  4.749  10.472 0.1000000015
72638  59.197  4.277  9.116 0.1000000015
72640  58.268  4.331  8.692 0.1000000015
114872  57.321  3.919  8.489 0.1000000015
116070  56.231  4.237  8.766 0.1000000015
70853  54.988  3.203  8.670 0.1000000015
71756  54.325  3.794  8.771 0.1000000015
71757  53.497  3.550  8.638 0.1000000015
115324  59.089  5.205  9.156 0.1000000015
116770  58.468  5.387  8.861 0.1000000015
72641  57.196  4.951  8.858 0.1000000015
116003  56.191  5.077  8.831 0.1000000015
116004  55.203  4.033  8.810 0.1000000015
72643  54.517  4.738  8.658 0.1000000015
72644  53.753  4.320  8.571 0.1000000015
74416  58.561  6.406  8.598 0.1000000015
73538  57.544  5.947  8.685 0.1000000015
73540  55.688  5.616  8.643 0.1000000015
113046  54.998  5.420  8.551 0.1000000015
73541  53.749  4.989  8.290 0.1000000015
72645  53.111  4.205  8.360 0.1000000015
71774  51.926  3.955  7.693 0.1000000015
71775  51.197  3.608  7.379 0.1000000015
125388  57.829  6.655  8.386 0.1000000015
74417  56.951  6.529  8.384 0.1000000015
74418  55.997  6.395  8.403 0.1000000015
74419  55.154  6.117  8.300 0.1000000015
74433  54.696  6.438  7.641 0.1000000015
130272  53.668  5.460  7.758 0.1000000015
73550  53.366  5.598  6.995 0.1000000015
116732  52.282  4.597  7.145 0.1000000015
72666  51.556  4.235  6.682 0.1000000015
131740  50.757  3.747  6.233 0.1000000015
74431  56.509  7.133  7.969 0.1000000015
74432  55.517  6.858  7.858 0.1000000015
74434  53.988  6.018  7.324 0.1000000015
74442  53.801  6.103  6.372 0.1000000015
73556  52.726  5.176  6.597 0.1000000015
72665  52.086  4.734  6.070 0.1000000015
118021  50.141  3.454  5.377 0.1000000015
75329  57.361  7.817  7.364 0.1000000015
75330  56.033  7.572  7.314 0.1000000015
74440  55.069  7.148  7.083 0.1000000015
75341  54.792  7.092  6.198 0.1000000015
74449  53.725  6.081  5.367 0.1000000015
73567  52.627  5.197  5.511 0.1000000015
72681  51.371  4.300  5.419 0.1000000015
74457  54.332  6.523  4.772 0.1000000015
73566  53.170  5.574  4.933 0.1000000015
73579  52.577  5.184  4.505 0.1000000015
130243  53.603  5.863  3.590 0.1000000015
71712  55.867  3.182  15.414 0.1000000015
72605  57.004  3.585  14.170 0.1000000015
72604  58.101  3.368  13.921 0.1000000015
72618  58.477  4.141  13.360 0.1000000015
73504  58.758  4.798  12.529 0.1000000015
73519  59.402  5.163  11.319 0.1000000015
73536  59.526  5.567  9.995 0.1000000015
73537  59.347  5.869  9.482 0.1000000015
74414  59.429  6.752  9.225 0.1000000015
125113  59.164  6.163  8.976 0.1000000015
74415  59.265  7.125  8.636 0.1000000015
75328  58.639  7.750  7.646 0.1000000015
75317  57.607  7.198  8.009 0.1000000015
76278  58.596  8.377  7.080 0.1000000015
76279  57.741  8.349  6.716 0.1000000015
75339  56.685  8.152  6.666 0.1000000015
75349  56.395  8.259  5.686 0.1000000015
75350  55.596  7.734  5.189 0.1000000015
134696  55.084  7.347  5.612 0.1000000015
75351  55.012  7.115  4.839 0.1000000015
75361  54.875  6.762  3.878 0.1000000015
120029  54.178  6.224  3.724 0.1000000015
72606  55.812  4.584  14.130 0.1000000015
73496  56.305  4.740  13.527 0.1000000015
73505  57.694  5.044  12.673 0.1000000015
72619  57.272  4.365  13.436 0.1000000015
74371  57.114  5.793  12.197 0.1000000015
74382  58.876  6.282  11.329 0.1000000015
74393  59.290  6.596  10.530 0.1000000015
75287  59.085  7.472  10.170 0.1000000015
75298  59.415  7.217  9.580 0.1000000015
75315  59.440  7.413  8.958 0.1000000015
75326  59.388  7.864  8.445 0.1000000015
76277  59.242  8.440  7.734 0.1000000015
76288  59.047  8.915  6.875 0.1000000015
76290  57.479  8.577  6.037 0.1000000015
75359  56.370  8.212  4.497 0.1000000015
75360  55.566  7.441  4.113 0.1000000015
75369  56.225  7.757  3.368 0.1000000015
74471  54.680  6.443  2.971 0.1000000015
74472  53.919  6.064  2.974 0.1000000015
74489  54.429  6.487  2.249 0.1000000015
74505  53.935  6.704  1.804 0.1000000015
71690  55.809  3.274  17.684 0.1000000015
73483  55.581  5.099  15.654 0.1000000015
72586  55.498  3.986  15.944 0.1000000015
124396  55.593  5.726  13.821 0.1000000015
73506  56.478  5.416  12.786 0.1000000015
73497  55.814  5.556  13.292 0.1000000015
74372  56.377  6.273  12.181 0.1000000015
73507  55.857  6.153  12.713 0.1000000015
74383  57.170  6.427  11.696 0.1000000015
74394  58.593  7.024  10.869 0.1000000015
75288  58.170  7.736  10.446 0.1000000015
76237  58.742  8.112  9.837 0.1000000015
76249  59.130  8.361  9.202 0.1000000015
76263  59.272  8.410  8.499 0.2000000030
77218  59.147  9.117  8.089 0.2000000030
77232  59.074  9.134  7.482 0.2000000030
77233  58.563  9.621  6.871 0.2000000030
77254  58.228  9.622  5.439 0.1000000015
76296  58.143  8.981  5.632 0.1000000015
76297  57.199  8.740  5.171 0.1000000015
76303  57.223  8.829  4.247 0.1000000015
75382  55.839  6.922  1.934 0.1000000015
113665  55.528  2.850  18.062 0.1000000015
70755  54.711  2.622  17.706 0.1000000015
70745  53.019  2.464  18.088 0.1000000015
70756  53.823  2.494  17.437 0.1000000015
72564  56.339  3.998  18.104 0.1000000015
72580  55.858  3.948  17.291 0.1000000015
73471  56.334  4.817  17.692 0.1000000015
74351  56.150  6.023  16.398 0.2000000030
73477  55.859  4.784  16.709 0.1000000015
74357  55.865  6.277  15.385 0.2000000030
73489  55.524  5.370  14.635 0.2000000030
130941  55.635  6.593  13.215 0.2000000030
74373  55.819  6.883  12.349 0.1000000015
74384  56.384  6.996  11.652 0.1000000015
75281  56.555  7.814  11.287 0.2000000030
76238  57.094  9.010  10.191 0.1000000015
77206  57.381  9.626  9.647 0.2000000030
76250  58.193  8.812  9.500 0.1000000015
134207  58.489  9.460  8.426 0.2000000030
77219  58.388  9.798  7.854 0.2000000030
135004  57.921  10.445  7.371 0.2000000030
112840  57.516  11.850  6.531 0.2000000030
78992  57.858  10.660  6.649 0.2000000030
78103  58.341  10.023  5.996 0.2000000030
118950  57.763  11.046  5.791 0.2000000030
78116  58.036  10.385  5.138 0.1000000015
124831  57.779  9.436  3.986 0.1000000015
132798  57.918  9.499  3.361 0.1000000015
76308  57.517  8.893  3.267 0.1000000015
76309  56.943  8.104  2.744 0.1000000015
70716  52.712  2.494  20.456 0.1000000015
70717  51.829  2.329  20.036 0.1000000015
70730  52.534  2.484  19.651 0.1000000015
116792  52.838  2.521  18.982 0.1000000015
74350  57.034  6.914  17.132 0.2000000030
74344  57.282  6.696  17.946 0.2000000030
74356  56.657  7.148  16.208 0.2000000030
74361  55.757  6.650  14.324 0.2000000030
75256  57.284  8.203  16.078 0.2000000030
75257  56.416  7.423  15.308 0.2000000030
75263  57.071  8.499  15.293 0.2000000030
115256  56.973  10.857  15.688 0.2000000030
75269  56.058  7.651  13.742 0.2000000030
75264  56.355  7.783  14.613 0.2000000030
78027  57.283  11.246  14.859 0.2000000030
75273  55.828  7.696  12.799 0.2000000030
74385  56.001  7.706  11.942 0.2000000030
76224  56.262  8.814  12.483 0.2000000030
124117  57.548  10.992  14.469 0.2000000030
77179  56.783  10.194  12.727 0.2000000030
78045  57.299  11.422  12.914 0.2000000030
130577  57.317  12.141  13.865 0.2000000030
76232  56.542  8.695  10.973 0.2000000030
116563  56.732  10.545  12.102 0.2000000030
120567  57.244  12.415  11.671 0.2000000030
78941  57.219  12.338  12.654 0.2000000030
130421  56.953  10.048  10.286 0.2000000030
78059  56.967  11.127  10.913 0.2000000030
78949  57.078  13.052  11.852 0.2000000030
78068  57.161  10.749  9.904 0.2000000030
123662  57.233  12.178  10.805 0.2000000030
78965  57.305  13.190  10.699 0.2000000030
78067  57.522  10.403  8.833 0.2000000030
124440  57.371  11.682  8.962 0.2000000030
123138  57.550  10.918  8.129 0.2000000030
78980  57.398  12.192  8.465 0.2000000030
114163  57.502  11.564  7.464 0.2000000030
79926  57.433  12.848  7.228 0.2000000030
79939  57.404  13.053  6.445 0.2000000030
79003  57.473  12.431  5.577 0.2000000030
78123  58.025  10.820  4.103 0.2000000030
70706  52.958  2.477  21.473 0.1000000015
69768  52.209  2.105  22.082 0.1000000015
70715  53.799  2.628  20.792 0.1000000015
70728  54.642  2.756  20.132 0.1000000015
70729  53.513  2.627  19.714 0.1000000015
115081  55.437  2.889  19.517 0.1000000015
70743  55.736  2.939  18.822 0.1000000015
75252  57.480  7.995  16.963 0.2000000030
75246  57.453  7.552  17.708 0.2000000030
76197  57.462  8.814  17.055 0.2000000030
76198  57.517  8.762  16.552 0.2000000030
77138  57.306  9.364  16.866 0.2000000030
77149  56.740  9.985  16.610 0.2000000030
77156  57.543  9.965  15.835 0.2000000030
78014  57.280  10.319  16.058 0.2000000030
76209  56.758  8.754  14.452 0.2000000030
76208  57.496  9.566  15.231 0.2000000030
77163  57.339  10.598  15.493 0.2000000030
76216  56.421  8.778  13.488 0.2000000030
76215  57.367  10.035  14.321 0.2000000030
77164  57.562  10.492  15.064 0.2000000030
76223  56.826  9.799  13.349 0.2000000030
78035  57.425  11.919  13.527 0.2000000030
112699  57.397  11.655  14.146 0.2000000030
133332  57.399  12.728  7.957 0.2000000030
71673  56.131  3.232  19.420 0.1000000015
129615  56.023  3.214  20.072 0.1000000015
126101  54.016  1.443  27.519 0.1000000015
69659  53.522  0.970  29.127 0.1000000015
69661  51.630  1.719  29.151 0.1000000015
69616  50.896  1.243  30.577 0.1000000015
68660  49.682  0.954  30.237 0.1000000015
67656  48.373  -0.021  30.974 0.1000000015
67642  47.866  -0.507  31.512 0.1000000015
69658  53.689  1.294  28.338 0.1000000015
69660  52.845  1.503  29.316 0.1000000015
69639  50.241  1.345  29.770 0.1000000015
68639  48.796  0.490  30.411 0.1000000015
67657  47.675  -0.499  30.511 0.1000000015
78141  42.996  10.709  3.817 0.1000000015
79047  43.520  10.976  3.204 0.1000000015
70626  53.415  2.130  27.924 0.1000000015
70613  52.108  2.025  28.500 0.1000000015
68640  48.036  0.133  30.097 0.1000000015
79048  42.772  11.539  3.481 0.1000000015
79049  42.010  11.791  3.971 0.1000000015
79035  41.752  11.457  4.699 0.1000000015
112282  41.082  11.864  5.078 0.1000000015
79061  44.160  11.129  2.473 0.1000000015
79972  40.607  12.517  4.596 0.1000000015
79973  39.992  13.000  4.918 0.1000000015
79062  43.397  11.725  2.753 0.1000000015
69662  50.260  1.595  28.923 0.1000000015
69640  49.375  1.228  29.287 0.1000000015
129812  48.366  0.445  29.815 0.1000000015
68661  48.738  0.768  29.621 0.1000000015
133839  42.139  12.139  3.357 0.1000000015
79971  41.285  12.131  4.292 0.1000000015
80953  39.099  14.029  4.715 0.1000000015
81779  37.631  14.826  5.084 0.1000000015
81770  35.683  15.223  5.979 0.1000000015
82593  34.397  15.757  5.467 0.1000000015
79994  43.232  12.348  2.323 0.1000000015
79984  41.484  12.396  3.568 0.1000000015
81778  38.406  14.447  4.895 0.1000000015
81785  38.084  15.119  4.353 0.1000000015
79985  40.792  12.728  3.809 0.1000000015
80951  40.249  13.189  4.164 0.1000000015
80952  39.682  13.599  4.485 0.1000000015
82601  36.334  15.699  4.576 0.1000000015
82603  34.707  16.027  4.784 0.1000000015
82594  33.610  15.919  5.594 0.1000000015
79983  41.729  12.600  2.909 0.1000000015
79996  41.021  12.925  3.085 0.1000000015
80963  39.941  13.765  3.784 0.1000000015
81784  38.921  14.657  4.066 0.1000000015
82600  37.223  15.434  4.497 0.1000000015
80007  41.950  12.775  2.342 0.1000000015
80969  40.666  13.467  2.625 0.1000000015
80970  40.131  13.915  3.019 0.1000000015
82610  37.595  15.677  3.748 0.1000000015
82611  36.692  15.949  3.821 0.1000000015
81795  40.334  14.044  2.188 0.2000000030
81796  39.795  14.561  2.665 0.1000000015
81791  39.201  15.030  3.163 0.1000000015
82609  38.439  15.374  3.541 0.1000000015
83436  35.714  16.284  3.878 0.1000000015
83444  37.088  16.192  3.118 0.2000000030
83447  34.953  16.780  3.747 0.1000000015
83446  35.481  16.856  3.173 0.2000000030
84236  34.629  17.369  4.028 0.1000000015
85084  34.579  18.176  4.589 0.1000000015
85961  34.269  19.592  5.767 0.2000000030
86902  34.390  20.647  5.704 0.2000000030
86903  33.546  21.053  6.131 0.2000000030
86887  33.104  20.445  6.458 0.2000000030
127674  33.801  20.305  6.120 0.2000000030
87794  32.671  21.229  6.422 0.1000000015
125713  34.817  21.372  5.326 0.2000000030
87807  34.007  21.577  5.676 0.1000000015
87806  35.532  21.240  4.854 0.3000000119
129074  34.471  22.130  5.227 0.2000000030
88672  35.779  21.973  4.552 0.3000000119
119808  39.836  23.151  -3.760 0.3000000119
117791  39.573  23.019  -2.818 0.3000000119
88744  41.735  23.342  -7.751 0.3000000119
90347  40.982  23.647  -6.626 0.3000000119
89526  40.009  22.625  -5.253 0.3000000119
91151  41.065  25.057  -5.689 0.2000000030
91158  41.940  25.400  -7.485 0.2000000030
90346  41.588  24.595  -7.023 0.2000000030
91134  39.847  26.339  -4.264 0.2000000030
91949  39.464  27.032  -4.849 0.2000000030
91948  40.487  26.372  -5.219 0.2000000030
70744  53.693  2.583  18.804 0.1000000015
127602  54.462  2.688  19.230 0.1000000015
91141  40.417  25.455  -4.526 0.2000000030
71684  56.191  3.379  18.630 0.1000000015
72563  56.777  4.339  19.009 0.1000000015
72572  56.694  4.827  18.407 0.2000000030
77148  57.153  9.950  16.569 0.2000000030
70612  53.196  1.739  28.617 0.1000000015
78957  57.281  13.073  11.357 0.2000000030
79995  42.581  12.300  2.782 0.1000000015
87823  35.161  21.917  5.004 0.3000000119
68850  58.157  0.487  9.363 0.1000000015
68838  56.476  0.786  10.310 0.1000000015
118035  55.199  2.530  12.443 0.1000000015
134690  57.663  2.279  11.481 0.1000000015
118461  57.556  2.595  12.854 0.1000000015
69867  59.815  1.171  8.455 0.1000000015
70824  59.140  2.159  10.553 0.1000000015
70880  59.792  1.820  6.907 0.1000000015
70869  59.072  2.693  7.079 0.1000000015
70881  59.408  2.104  6.509 0.1000000015
71734  58.986  3.311  13.176 0.1000000015
70816  59.437  2.770  10.947 0.1000000015
71733  59.332  3.740  12.461 0.1000000015
70890  49.056  2.974  4.443 0.1000000015
113031  48.955  2.580  5.511 0.1000000015
70792  55.932  2.627  14.764 0.1000000015
71723  58.677  3.329  13.619 0.1000000015
71741  59.581  3.496  10.587 0.1000000015
72628  59.504  4.177  11.505 0.1000000015
72639  58.833  4.575  8.917 0.1000000015
70855  52.162  2.567  8.494 0.1000000015
70854  53.146  2.586  8.601 0.1000000015
70858  49.806  2.110  8.124 0.1000000015
70883  49.402  2.730  6.589 0.1000000015
73520  59.044  5.456  11.757 0.1000000015
121552  59.357  4.955  9.638 0.1000000015
71755  56.587  3.499  8.430 0.1000000015
124820  55.819  3.420  8.589 0.1000000015
120377  54.128  2.905  8.688 0.1000000015
73539  56.554  5.758  8.719 0.1000000015
72642  55.451  4.853  8.785 0.1000000015
120115  52.544  4.273  7.937 0.1000000015
73549  54.327  5.668  8.166 0.1000000015
133326  53.404  4.608  8.287 0.1000000015
72653  53.055  4.916  7.740 0.1000000015
75316  58.638  7.170  8.238 0.1000000015
74441  54.407  6.565  6.745 0.1000000015
73555  53.210  5.658  5.967 0.1000000015
75340  55.583  7.685  6.297 0.1000000015
74448  54.262  6.564  5.815 0.1000000015
74458  53.689  5.945  4.373 0.1000000015
72595  55.564  4.133  15.091 0.1000000015
124186  59.473  5.769  10.573 0.1000000015
74381  59.320  5.927  11.159 0.1000000015
74400  59.495  6.334  9.881 0.1000000015
75327  59.223  7.703  8.087 0.1000000015
73521  58.175  5.776  11.911 0.1000000015
122798  58.096  6.560  11.366 0.1000000015
75299  59.249  7.818  9.533 0.1000000015
76248  59.441  7.867  9.006 0.1000000015
76289  58.461  8.761  6.379 0.1000000015
75370  55.513  7.004  2.950 0.1000000015
74470  55.145  6.660  2.315 0.1000000015
75280  57.399  7.241  11.116 0.1000000015
117975  57.882  8.357  10.097 0.1000000015
77204  58.841  8.936  8.779 0.2000000030
124332  58.605  9.246  6.194 0.1000000015
76302  57.780  9.297  4.854 0.1000000015
131776  56.821  8.373  3.630 0.1000000015
113893  54.956  2.697  18.583 0.1000000015
134512  54.300  2.620  18.688 0.1000000015
118318  54.081  2.578  18.200 0.1000000015
73476  56.519  5.833  17.365 0.2000000030
76233  56.272  8.414  11.628 0.2000000030
75289  57.160  8.110  10.614 0.2000000030
133852  57.408  9.999  9.304 0.2000000030
77205  57.967  9.483  9.027 0.2000000030
77261  58.091  9.939  4.548 0.1000000015
76204  57.589  9.087  15.952 0.2000000030
77171  57.453  11.021  13.732 0.2000000030
77180  56.414  9.391  11.776 0.2000000030
78052  57.032  11.443  11.938 0.2000000030
77188  56.649  9.982  11.070 0.2000000030
124338  57.261  11.932  9.813 0.2000000030
76203  57.484  9.340  16.468 0.2000000030
77147  57.385  9.822  16.349 0.2000000030
82590  36.837  15.205  5.236 0.1000000015
82591  36.010  15.452  5.308 0.1000000015
82592  35.195  15.616  5.374 0.1000000015
82579  34.092  15.466  6.210 0.1000000015
80962  40.449  13.334  3.397 0.1000000015
81783  39.461  14.098  4.124 0.1000000015
80968  41.303  13.108  2.395 0.1000000015
81790  39.584  14.341  3.480 0.1000000015
90339  40.562  24.295  -5.135 0.2000000030
74211  48.839  6.926  31.807 0.1000000015
76060  48.398  8.296  32.134 0.1000000015
76059  49.018  7.846  31.646 0.1000000015
75112  49.092  7.261  31.006 0.1000000015
75097  49.295  7.649  31.031 0.1000000015
77012  49.741  8.283  30.299 0.1000000015
76085  50.235  7.984  29.854 0.1000000015
77005  48.395  8.757  31.449 0.1000000015
77013  48.850  8.871  30.607 0.1000000015
77031  49.565  9.394  29.181 0.1000000015
77912  48.506  9.814  29.472 0.1000000015
77030  50.559  9.034  28.977 0.1000000015
76084  50.699  8.248  29.067 0.1000000015
77023  48.402  9.537  30.168 0.1000000015
76094  50.977  8.493  28.435 0.1000000015
75153  49.998  7.973  27.807 0.1000000015
85962  33.524  19.628  6.264 0.1000000015
118296  33.784  18.934  5.914 0.1000000015
88635  42.315  22.034  10.073 0.1000000015
124693  41.937  22.639  10.466 0.1000000015
90238  44.394  24.031  9.900 0.1000000015
90237  45.138  24.540  9.776 0.1000000015
90242  45.615  24.902  8.792 0.1000000015
87813  28.466  21.926  5.871 0.1000000015
88666  27.865  22.343  5.297 0.1000000015
88665  28.837  22.429  5.272 0.1000000015
88680  28.292  22.910  4.510 0.1000000015
88681  27.374  22.938  4.645 0.1000000015
88682  26.399  22.893  4.724 0.1000000015
88662  31.731  22.387  5.537 0.1000000015
88636  41.588  21.936  10.650 0.1000000015
89427  42.730  23.085  10.254 0.1000000015
90231  43.976  24.501  10.522 0.1000000015
90230  44.942  24.958  10.556 0.1000000015
90986  43.112  25.811  11.943 0.1000000015
91022  45.781  25.480  10.483 0.1000000015
91008  44.578  25.688  11.231 0.1000000015
133114  46.235  25.424  9.345 0.1000000015
91007  45.651  26.273  11.293 0.1000000015
91035  46.238  25.406  8.550 0.1000000015
126385  46.592  25.963  10.286 0.1000000015
91021  47.918  27.296  10.408 0.1000000015
91044  46.940  25.922  7.197 0.1000000015
124062  47.090  26.144  9.529 0.1000000015
91034  47.044  26.061  8.327 0.1000000015
90332  39.932  24.278  -3.353 0.1000000015
88664  29.799  22.431  5.349 0.1000000015
88683  25.417  22.995  4.730 0.1000000015
90331  40.223  24.754  -3.954 0.1000000015
88663  30.776  22.412  5.463 0.1000000015
89455  28.732  23.488  3.771 0.1000000015
89456  27.832  23.538  4.125 0.1000000015
88675  33.043  22.739  4.787 0.1000000015
88676  32.134  22.779  4.853 0.1000000015
88678  30.263  22.799  4.612 0.1000000015
88674  33.989  22.706  4.748 0.1000000015
122393  41.158  21.975  11.148 0.1000000015
89428  41.965  23.377  10.657 0.1000000015
89423  41.404  23.877  11.208 0.1000000015
115757  42.169  24.796  11.433 0.1000000015
90232  42.328  24.133  10.842 0.1000000015
90217  43.305  25.018  11.154 0.1000000015
91776  44.435  26.935  12.811 0.1000000015
90985  44.362  26.361  12.003 0.1000000015
90984  45.541  27.114  12.180 0.1000000015
91005  47.304  27.067  11.029 0.1000000015
91815  48.146  26.924  9.254 0.1000000015
91801  48.760  27.932  9.814 0.1000000015
91814  48.964  27.853  8.821 0.1000000015
91824  48.064  26.703  8.015 0.1000000015
92641  49.472  27.943  5.796 0.1000000015
91846  47.722  26.306  5.729 0.1000000015
91844  49.314  27.523  4.918 0.1000000015
91873  48.641  26.633  3.564 0.1000000015
90269  27.881  24.931  3.878 0.1000000015
91065  27.120  24.980  4.435 0.1000000015
91066  26.320  25.121  4.891 0.1000000015
90268  28.558  24.662  3.403 0.1000000015
89474  27.408  24.214  4.064 0.1000000015
133510  28.754  24.080  3.305 0.1000000015
89472  29.370  23.834  3.190 0.1000000015
90259  26.615  24.313  4.506 0.1000000015
119264  25.765  24.483  4.855 0.1000000015
126795  39.874  25.096  -3.242 0.1000000015
90326  39.551  25.041  -2.587 0.1000000015
118766  30.939  23.605  3.132 0.1000000015
89471  30.196  23.667  3.137 0.1000000015
89454  29.747  23.271  3.790 0.1000000015
88679  29.261  22.855  4.505 0.1000000015
89457  26.990  23.567  4.458 0.1000000015
120761  25.122  23.883  4.824 0.1000000015
90312  39.116  24.199  -1.049 0.2000000030
89469  32.890  23.513  3.371 0.1000000015
119933  32.161  23.520  3.253 0.1000000015
89451  32.418  23.155  4.015 0.1000000015
89452  31.641  23.034  4.207 0.1000000015
89453  30.796  23.208  3.870 0.1000000015
89509  39.366  23.420  -1.856 0.1000000015
89467  34.659  23.594  3.454 0.1000000015
89449  34.341  23.202  4.118 0.1000000015
89450  33.413  23.180  4.104 0.1000000015
84988  39.153  18.726  14.264 0.1000000015
121409  39.057  17.748  13.969 0.1000000015
85867  39.660  19.654  14.500 0.1000000015
84989  38.148  18.983  14.381 0.1000000015
118795  38.312  17.414  14.042 0.1000000015
89424  40.776  23.215  11.588 0.1000000015
88625  40.549  22.713  12.180 0.1000000015
112214  40.498  21.935  13.795 0.1000000015
88606  39.721  22.002  15.141 0.1000000015
87744  39.697  21.207  14.874 0.1000000015
127758  38.467  20.373  14.863 0.1000000015
85869  37.495  19.623  14.585 0.1000000015
121407  36.903  17.952  14.304 0.1000000015
118794  37.416  17.074  14.198 0.1000000015
90204  41.152  24.837  12.305 0.1000000015
122485  40.355  23.763  13.550 0.1000000015
89383  40.067  23.780  15.570 0.1000000015
88590  39.836  22.782  15.312 0.1000000015
117643  38.867  22.217  16.006 0.1000000015
114996  37.746  20.353  14.826 0.1000000015
84991  36.440  18.712  14.399 0.1000000015
118793  36.460  17.157  14.358 0.1000000015
84181  35.626  17.222  14.434 0.1000000015
90954  41.167  25.618  13.483 0.1000000015
117633  40.783  25.430  14.261 0.1000000015
122876  40.497  25.036  15.296 0.1000000015
89384  39.596  23.105  16.186 0.1000000015
88570  38.597  22.736  16.467 0.1000000015
87730  37.718  21.571  15.475 0.1000000015
86793  36.439  20.884  14.931 0.1000000015
129226  36.054  19.320  14.478 0.1000000015
84992  35.584  18.698  14.416 0.1000000015
84994  34.023  18.044  14.602 0.1000000015
90953  41.998  26.334  13.513 0.1000000015
121632  41.292  26.245  15.162 0.1000000015
123568  40.645  25.217  17.240 0.1000000015
90164  40.177  24.611  17.475 0.1000000015
88571  37.690  22.777  16.352 0.1000000015
88593  37.245  22.191  15.808 0.1000000015
86816  35.218  20.174  14.719 0.1000000015
84993  34.793  18.326  14.451 0.1000000015
84977  33.466  18.700  14.966 0.1000000015
91749  44.785  27.968  13.764 0.1000000015
92550  44.382  28.464  15.406 0.1000000015
90929  40.619  25.548  18.160 0.1000000015
90152  40.028  25.030  18.230 0.1000000015
90166  38.728  24.087  17.483 0.1000000015
88594  36.269  22.244  15.694 0.1000000015
86794  35.515  20.815  14.936 0.1000000015
85873  33.826  19.444  14.868 0.1000000015
91774  45.707  28.334  12.504 0.1000000015
91790  46.289  27.758  11.758 0.1000000015
86795  34.634  20.639  15.035 0.1000000015
91788  47.598  27.952  11.086 0.1000000015
93333  49.116  28.637  8.824 0.1000000015
93341  49.095  28.621  7.870 0.1000000015
93366  49.497  28.643  4.516 0.1000000015
92656  49.772  28.162  4.826 0.1000000015
92684  49.850  28.160  2.927 0.1000000015
92670  49.792  28.209  3.883 0.1000000015
91883  49.605  27.499  2.295 0.1000000015
92728  36.943  27.516  -2.191 0.1000000015
114358  35.907  27.463  -1.176 0.1000000015
113030  35.360  27.488  -0.663 0.1000000015
92746  38.036  27.149  -4.035 0.1000000015
92739  36.952  26.928  -3.691 0.1000000015
91933  35.888  26.374  -3.158 0.1000000015
92721  34.437  27.004  -1.318 0.1000000015
92714  34.696  27.465  -0.132 0.1000000015
91868  28.459  26.532  4.491 0.1000000015
91064  28.195  25.750  4.206 0.1000000015
91870  26.907  25.914  5.008 0.1000000015
91058  25.901  25.864  5.363 0.1000000015
90253  25.550  25.201  5.192 0.1000000015
91059  24.920  25.717  5.488 0.1000000015
91932  37.286  26.755  -3.640 0.1000000015
91925  34.961  26.248  -2.556 0.1000000015
91915  33.888  26.265  -1.622 0.1000000015
113020  34.071  27.419  0.350 0.1000000015
91892  33.528  27.362  0.934 0.1000000015
92708  33.051  27.356  1.598 0.1000000015
92694  32.557  27.264  2.192 0.1000000015
92695  31.978  27.148  2.849 0.1000000015
91887  30.676  26.064  2.579 0.1000000015
91877  30.202  26.479  3.392 0.1000000015
91073  29.583  25.799  3.271 0.1000000015
91879  28.935  25.967  3.864 0.1000000015
91075  28.498  25.287  3.678 0.1000000015
91931  38.541  26.354  -3.370 0.1000000015
91128  36.914  26.130  -3.146 0.1000000015
91129  36.058  26.062  -3.115 0.1000000015
91119  35.136  25.649  -2.365 0.1000000015
91916  33.226  26.074  -1.070 0.1000000015
91904  32.632  25.934  -0.448 0.1000000015
91905  32.187  25.734  0.063 0.1000000015
91091  31.487  25.286  1.056 0.1000000015
91895  31.404  25.909  1.375 0.1000000015
91082  31.009  25.474  1.735 0.1000000015
91083  30.449  25.276  2.256 0.1000000015
90281  30.422  24.640  2.276 0.1000000015
90282  29.741  25.030  2.671 0.1000000015
90267  29.187  24.486  3.017 0.1000000015
90254  24.814  24.809  5.227 0.1000000015
91060  24.090  25.750  5.514 0.1000000015
91126  39.008  25.818  -2.703 0.1000000015
91127  38.100  26.121  -2.928 0.1000000015
91107  37.863  25.442  -1.220 0.1000000015
91109  35.654  25.194  -1.639 0.1000000015
90304  35.042  24.658  0.051 0.1000000015
90305  33.956  24.733  -0.479 0.1000000015
91100  33.173  25.367  -0.671 0.1000000015
90307  32.546  24.774  0.547 0.1000000015
129444  32.689  24.430  1.308 0.1000000015
113702  31.853  24.652  1.241 0.1000000015
90294  31.204  24.898  1.460 0.1000000015
90280  31.182  24.467  2.002 0.1000000015
89488  30.658  24.015  2.576 0.1000000015
90266  29.881  24.264  2.720 0.1000000015
129412  23.543  25.726  5.298 0.1000000015
90301  38.269  24.316  0.247 0.2000000030
90302  37.346  24.571  0.602 0.1000000015
90303  36.154  24.758  0.395 0.1000000015
90291  35.704  24.559  1.175 0.1000000015
90292  34.431  24.513  0.856 0.1000000015
90293  33.407  24.439  1.094 0.1000000015
90278  33.359  24.179  1.965 0.1000000015
89485  33.167  23.843  2.692 0.1000000015
90279  32.531  24.147  1.960 0.1000000015
89487  31.513  23.805  2.695 0.1000000015
89499  38.051  23.881  0.962 0.2000000030
90289  37.497  24.065  1.344 0.1000000015
90290  36.756  24.418  1.323 0.1000000015
120619  35.949  23.932  2.721 0.1000000015
90276  35.304  24.322  1.971 0.1000000015
89483  34.986  24.015  2.773 0.1000000015
89482  36.813  23.597  2.551 0.1000000015
89466  35.668  23.433  3.452 0.1000000015
86828  41.188  21.158  13.424 0.1000000015
86829  40.878  21.083  13.948 0.1000000015
131428  40.529  18.297  14.125 0.1000000015
83379  38.280  16.432  14.008 0.1000000015
87743  40.442  21.289  14.266 0.1000000015
113631  40.079  20.516  14.562 0.1000000015
85866  40.604  19.920  14.377 0.1000000015
132684  38.917  17.003  13.899 0.1000000015
83380  36.766  16.347  14.336 0.1000000015
83381  35.952  16.448  14.472 0.1000000015
124143  35.141  16.555  14.569 0.1000000015
84173  33.309  17.741  15.003 0.1000000015
123359  33.218  16.855  15.198 0.1000000015
91733  42.531  27.310  15.846 0.1000000015
91725  42.468  27.287  17.264 0.1000000015
84174  32.647  17.390  15.515 0.1000000015
91761  45.210  28.268  13.069 0.1000000015
92535  43.457  28.410  18.436 0.1000000015
90917  40.441  26.078  18.914 0.1000000015
90153  39.308  24.794  18.109 0.1000000015
90167  37.454  24.381  17.356 0.1000000015
89375  36.183  23.630  16.717 0.1000000015
87734  34.056  21.257  15.675 0.1000000015
85852  33.316  19.498  15.290 0.1000000015
134127  32.934  18.949  15.422 0.1000000015
92541  45.165  29.704  16.103 0.1000000015
92534  44.723  29.606  17.397 0.1000000015
91709  42.306  27.815  19.275 0.1000000015
90918  40.015  26.022  19.090 0.1000000015
90923  38.857  25.565  18.439 0.1000000015
87712  34.415  22.265  16.268 0.1000000015
92588  46.883  28.213  11.216 0.1000000015
93326  48.056  28.751  9.880 0.1000000015
93267  42.659  29.203  18.624 0.1000000015
93268  41.417  28.343  18.799 0.1000000015
91721  38.757  26.376  18.484 0.1000000015
119679  37.104  25.328  17.822 0.1000000015
129762  34.942  22.930  16.513 0.1000000015
87713  33.592  21.857  16.716 0.1000000015
86796  33.324  20.870  16.054 0.1000000015
93342  48.610  28.929  8.096 0.1000000015
93346  49.071  28.807  7.119 0.1000000015
93378  49.277  28.960  3.185 0.1000000015
92699  49.877  28.076  1.977 0.1000000015
93431  37.608  28.139  -0.964 0.1000000015
93419  37.309  28.355  -0.032 0.1000000015
94061  36.983  28.738  0.865 0.1000000015
92713  35.524  27.967  0.442 0.1000000015
93407  36.193  28.486  1.060 0.1000000015
93408  35.433  28.423  1.323 0.1000000015
93393  35.290  28.889  2.054 0.1000000015
131825  33.555  29.053  3.348 0.1000000015
94039  32.990  29.274  3.758 0.1000000015
113625  32.241  27.953  3.513 0.1000000015
121459  31.598  28.271  4.088 0.1000000015
92667  27.999  26.974  4.926 0.1000000015
91869  27.746  26.283  4.749 0.1000000015
91854  26.265  26.702  5.462 0.1000000015
92692  33.887  27.983  1.899 0.1000000015
93395  33.749  28.527  2.776 0.1000000015
93383  32.986  28.429  3.286 0.1000000015
92679  31.646  27.565  3.578 0.1000000015
115085  31.150  27.620  3.908 0.1000000015
92680  30.548  27.287  3.953 0.1000000015
92681  29.850  27.036  4.079 0.1000000015
91867  29.161  26.820  4.280 0.1000000015
125440  24.466  26.506  5.609 0.1000000015
125441  31.001  29.578  4.446 0.1000000015
116367  30.447  28.989  4.601 0.1000000015
93373  29.789  28.378  4.653 0.1000000015
115209  29.440  27.566  4.517 0.1000000015
92666  28.638  27.413  4.813 0.1000000015
89465  36.464  23.376  3.121 0.1000000015
82534  39.719  15.548  14.151 0.1000000015
81717  38.318  14.760  14.336 0.1000000015
80872  37.870  14.070  14.657 0.1000000015
81719  36.612  14.821  14.603 0.1000000015
81720  35.771  14.905  14.752 0.1000000015
82525  33.515  15.404  15.594 0.1000000015
84160  32.049  17.044  16.106 0.1000000015
83358  31.563  16.641  16.815 0.1000000015
92558  45.323  29.364  13.854 0.1000000015
84161  31.464  17.639  16.677 0.1000000015
91760  45.436  28.777  12.791 0.1000000015
93266  43.856  29.820  18.265 0.1000000015
93283  43.206  30.254  16.271 0.1000000015
85853  32.741  19.513  15.810 0.1000000015
84969  32.407  18.769  15.882 0.1000000015
92589  45.737  28.528  11.627 0.1000000015
92604  46.438  28.674  10.793 0.1000000015
93274  42.752  29.835  17.438 0.1000000015
93275  41.057  28.900  17.525 0.1000000015
91722  37.670  26.548  17.770 0.1000000015
88574  34.593  23.495  17.551 0.1000000015
86781  32.202  20.930  17.416 0.1000000015
132397  45.377  28.659  10.559 0.1000000015
116769  46.772  28.797  9.715 0.1000000015
93276  39.611  28.176  17.112 0.1000000015
93347  48.272  29.021  6.769 0.1000000015
93400  48.915  28.718  1.610 0.1000000015
126475  48.989  29.085  4.036 0.1000000015
93414  48.930  28.680  0.728 0.1000000015
92725  49.463  27.963  -1.385 0.1000000015
94080  39.586  29.224  -1.477 0.1000000015
93430  38.261  28.611  -0.861 0.1000000015
94704  36.753  30.084  2.029 0.1000000015
94053  35.943  28.892  1.743 0.1000000015
114915  33.673  29.868  3.584 0.1000000015
121973  32.336  29.585  4.082 0.1000000015
94696  36.166  30.507  2.596 0.1000000015
95328  35.649  30.974  3.024 0.1000000015
94697  35.415  30.207  2.933 0.1000000015
117235  34.079  30.750  3.509 0.1000000015
116029  32.823  30.064  3.906 0.1000000015
132643  32.299  30.144  4.064 0.1000000015
94029  31.717  29.180  4.286 0.1000000015
93371  31.121  28.821  4.429 0.1000000015
93357  28.388  28.270  5.174 0.1000000015
95888  33.920  32.207  3.403 0.1000000015
95889  33.093  32.255  3.403 0.1000000015
94689  32.286  30.748  3.915 0.1000000015
95315  31.726  31.589  3.674 0.1000000015
94674  30.745  30.513  4.278 0.1000000015
123470  29.002  28.972  5.021 0.1000000015
113187  29.054  28.119  4.849 0.1000000015
81715  40.127  14.772  14.517 0.1000000015
81706  40.567  14.047  15.016 0.1000000015
81716  39.213  14.768  14.392 0.1000000015
80870  39.607  14.049  14.746 0.1000000015
79874  40.183  12.952  15.837 0.1000000015
80861  39.072  13.489  15.075 0.1000000015
79877  37.911  13.137  15.357 0.1000000015
80873  37.009  14.036  14.713 0.1000000015
81708  35.315  14.254  15.253 0.1000000015
81709  34.439  14.504  15.540 0.1000000015
81710  33.727  14.634  15.898 0.1000000015
82526  32.785  15.777  15.955 0.1000000015
82515  31.788  15.857  17.033 0.1000000015
84151  30.475  17.503  17.790 0.1000000015
118512  30.868  17.812  17.303 0.1000000015
84141  29.133  17.654  18.874 0.1000000015
92568  44.767  29.428  13.117 0.1000000015
93299  45.121  30.048  14.297 0.1000000015
93300  44.181  30.266  14.314 0.1000000015
84961  31.103  18.531  17.148 0.1000000015
84950  29.789  17.855  18.314 0.1000000015
125858  29.038  18.454  18.684 0.1000000015
92577  45.348  28.923  12.430 0.1000000015
92578  44.850  29.210  12.254 0.1000000015
93304  44.233  29.877  13.450 0.1000000015
92569  43.163  29.245  12.623 0.1000000015
93293  41.924  29.695  15.141 0.1000000015
93284  41.396  29.437  16.198 0.1000000015
90924  36.824  25.961  17.645 0.1000000015
116188  36.166  25.288  17.628 0.1000000015
89360  34.835  24.278  17.904 0.1000000015
87696  33.104  22.386  18.006 0.1000000015
86782  31.578  20.500  17.614 0.1000000015
123460  31.030  20.091  17.804 0.1000000015
132936  29.050  19.181  18.533 0.1000000015
84952  28.162  19.059  18.667 0.1000000015
92590  44.744  29.012  11.540 0.1000000015
93294  40.290  28.943  15.110 0.1000000015
93285  39.938  28.665  16.120 0.1000000015
92537  38.634  27.628  17.007 0.1000000015
90930  35.928  25.821  17.278 0.1000000015
90158  34.265  24.234  18.102 0.1000000015
88557  32.040  22.806  18.796 0.1000000015
86769  31.105  20.914  18.251 0.1000000015
85821  29.584  19.678  18.384 0.1000000015
120842  28.840  19.860  18.449 0.1000000015
92626  46.200  28.374  8.212 0.1000000015
93379  48.339  28.932  3.142 0.1000000015
93368  48.228  29.078  4.699 0.1000000015
93401  47.656  28.649  1.390 0.1000000015
93435  49.493  28.459  -1.803 0.1000000015
117601  48.747  28.920  -1.077 0.1000000015
94067  39.369  29.604  -0.637 0.1000000015
94721  39.057  30.071  0.081 0.1000000015
94060  37.713  29.199  0.652 0.1000000015
94702  38.145  31.042  1.264 0.1000000015
94703  37.444  30.588  1.649 0.1000000015
95336  36.798  31.128  2.231 0.1000000015
95327  36.310  31.979  2.633 0.1000000015
95311  35.157  31.565  3.207 0.1000000015
95312  34.394  31.524  3.402 0.1000000015
96461  35.475  33.826  2.793 0.1000000015
97030  35.064  34.716  2.737 0.1000000015
122006  34.195  32.769  3.198 0.1000000015
96463  33.082  33.654  2.842 0.1000000015
96464  32.227  33.650  2.519 0.1000000015
95909  31.766  32.964  2.841 0.1000000015
118391  30.923  32.768  2.616 0.1000000015
97031  34.158  34.907  2.579 0.1000000015
118729  33.603  34.281  2.669 0.1000000015
97032  32.774  34.348  2.339 0.1000000015
97044  32.644  34.859  1.742 0.1000000015
97046  31.324  33.664  1.251 0.1000000015
79860  38.913  12.222  17.263 0.1000000015
79870  37.965  12.692  15.833 0.1000000015
80852  36.291  12.906  16.078 0.1000000015
80865  35.743  13.533  15.590 0.1000000015
80835  38.010  12.322  17.814 0.1000000015
119318  36.580  12.550  16.917 0.1000000015
80853  35.359  13.236  16.398 0.1000000015
81697  34.158  14.030  16.244 0.1000000015
82514  32.429  15.453  16.642 0.1000000015
82501  31.594  15.557  17.636 0.1000000015
83345  31.084  16.185  17.651 0.1000000015
84130  27.812  17.579  19.463 0.1000000015
84938  27.510  18.273  19.039 0.1000000015
92591  43.556  28.659  11.196 0.1000000015
92579  42.325  28.569  11.825 0.1000000015
93305  42.105  29.100  12.837 0.1000000015
84939  26.651  18.305  19.223 0.1000000015
92627  45.446  28.304  8.669 0.1000000015
92606  43.262  28.061  9.419 0.1000000015
92592  42.304  28.232  10.998 0.1000000015
122145  40.835  29.074  14.149 0.1000000015
93295  39.081  28.376  15.179 0.1000000015
92545  36.782  27.090  16.082 0.1000000015
90932  34.568  25.494  16.782 0.1000000015
120585  33.421  23.838  18.483 0.1000000015
88558  31.332  22.673  18.512 0.1000000015
87699  30.149  21.799  18.297 0.1000000015
86754  29.486  20.546  18.430 0.1000000015
85823  27.363  19.692  18.381 0.1000000015
84953  27.033  18.930  18.723 0.1000000015
124837  46.474  28.396  5.279 0.1000000015
92551  39.378  28.407  14.368 0.1000000015
90933  33.906  25.268  16.679 0.1000000015
90159  32.896  24.410  17.454 0.1000000015
123949  30.779  23.267  17.018 0.1000000015
118501  29.358  21.566  18.026 0.1000000015
134168  28.546  20.636  18.243 0.1000000015
85824  26.436  19.510  18.386 0.1000000015
93390  47.917  28.748  2.265 0.1000000015
92671  47.378  28.740  3.942 0.1000000015
93426  47.447  28.806  -0.563 0.1000000015
94741  47.965  30.630  -4.693 0.1000000015
94728  40.823  30.628  -1.394 0.1000000015
94720  39.735  30.535  -0.302 0.1000000015
94711  38.633  30.559  0.692 0.1000000015
95335  37.584  31.556  1.746 0.1000000015
95326  37.062  32.007  2.152 0.1000000015
96459  37.496  33.595  2.248 0.1000000015
96460  36.461  33.675  2.617 0.1000000015
112996  35.988  34.506  2.766 0.1000000015
99431  37.122  38.175  3.265 0.1000000015
121079  35.149  36.065  2.620 0.1000000015
97617  34.720  35.536  2.548 0.1000000015
99435  38.076  39.116  2.850 0.1000000015
98243  34.216  36.760  1.615 0.1000000015
98244  33.608  36.333  1.228 0.1000000015
97635  32.979  35.731  0.825 0.1000000015
97636  32.378  34.895  0.380 0.1000000015
99972  38.427  39.708  1.561 0.1000000015
80819  37.926  12.697  18.798 0.1000000015
80808  36.619  13.873  19.272 0.1000000015
80822  35.203  13.395  18.454 0.1000000015
80823  34.449  13.532  18.176 0.1000000015
80840  33.710  13.814  17.890 0.1000000015
81687  32.434  14.710  17.766 0.1000000015
113551  30.853  15.662  18.761 0.1000000015
81674  32.543  14.527  18.445 0.1000000015
81675  31.871  15.019  18.145 0.1000000015
83327  29.647  16.403  19.434 0.1000000015
83328  28.887  16.692  19.813 0.1000000015
83329  28.122  16.924  20.007 0.1000000015
116999  27.121  17.791  19.498 0.1000000015
84132  25.752  17.759  20.268 0.1000000015
119606  45.050  27.701  3.293 0.1000000015
119475  45.218  27.748  4.105 0.1000000015
92636  44.620  27.635  6.594 0.1000000015
92580  40.941  27.857  11.712 0.1000000015
84954  26.087  18.839  18.832 0.1000000015
84941  24.795  18.536  19.570 0.1000000015
92643  45.708  28.034  5.793 0.1000000015
114972  44.895  27.978  7.609 0.1000000015
132964  42.765  27.980  9.719 0.1000000015
92560  39.635  28.203  13.563 0.1000000015
92552  38.367  27.995  14.553 0.1000000015
91735  36.059  27.042  15.443 0.1000000015
91744  35.389  26.904  14.858 0.1000000015
92686  45.789  28.031  2.730 0.1000000015
92672  46.028  28.161  3.578 0.1000000015
91736  35.408  26.585  15.773 0.1000000015
90940  34.157  25.899  15.714 0.1000000015
90170  32.036  24.181  16.831 0.1000000015
89379  29.807  22.872  16.289 0.1000000015
88577  29.268  22.400  16.808 0.1000000015
86771  27.076  20.857  17.662 0.1000000015
115013  47.283  28.610  0.428 0.1000000015
92700  46.637  28.347  2.090 0.1000000015
135092  46.659  29.771  -2.438 0.1000000015
94744  45.234  30.931  -4.009 0.1000000015
128970  41.581  31.187  -1.729 0.1000000015
95350  40.067  31.501  -0.062 0.1000000015
94710  39.328  31.015  0.328 0.1000000015
95343  38.834  31.505  0.863 0.1000000015
95919  38.529  32.734  1.444 0.1000000015
96479  38.401  33.331  1.768 0.1000000015
97020  37.081  35.035  3.037 0.1000000015
98236  36.713  36.531  3.404 0.1000000015
99430  38.303  38.739  3.512 0.1000000015
99961  38.824  39.307  3.149 0.1000000015
98845  37.763  38.136  3.736 0.1000000015
81642  37.088  15.186  20.004 0.1000000015
81659  36.395  14.643  19.730 0.1000000015
80809  35.620  13.974  19.316 0.1000000015
80810  34.704  13.762  19.033 0.1000000015
81662  33.542  14.274  19.370 0.1000000015
81645  34.010  14.747  19.960 0.1000000015
81646  33.131  14.764  19.907 0.1000000015
82481  31.079  15.383  19.546 0.1000000015
83316  28.609  16.511  20.550 0.1000000015
83303  27.546  16.900  21.476 0.1000000015
84122  26.472  17.346  20.696 0.1000000015
84115  25.577  17.587  21.530 0.1000000015
84123  25.086  17.860  20.770 0.1000000015
92644  44.695  27.540  5.618 0.1000000015
92628  43.787  27.409  7.103 0.1000000015
85811  24.387  19.035  19.087 0.1000000015
132632  42.637  27.418  8.463 0.1000000015
91791  41.358  27.373  10.219 0.1000000015
92563  36.919  27.412  14.315 0.1000000015
91743  36.138  27.186  14.570 0.1000000015
86757  25.811  20.018  18.000 0.1000000015
128600  45.823  28.392  0.584 0.1000000015
91792  40.531  26.812  10.414 0.1000000015
91777  40.318  26.976  11.210 0.1000000015
91765  38.278  26.669  12.648 0.1000000015
90947  33.510  25.892  14.776 0.1000000015
90177  31.719  24.343  15.539 0.1000000015
89386  30.272  23.400  15.533 0.1000000015
88578  28.352  22.210  16.436 0.1000000015
86772  26.172  20.670  17.565 0.1000000015
86773  25.146  20.516  17.567 0.1000000015
135073  24.027  20.019  18.247 0.1000000015
93428  44.931  28.847  -0.689 0.1000000015
91766  37.427  26.577  12.966 0.1000000015
90970  35.444  25.843  12.779 0.1000000015
90956  33.270  25.974  13.710 0.1000000015
127662  30.966  23.978  15.044 0.1000000015
89396  29.425  23.291  14.603 0.1000000015
88579  27.435  22.077  16.155 0.1000000015
87717  26.021  21.624  16.576 0.1000000015
112776  45.536  30.897  -3.413 0.1000000015
90192  31.108  24.606  13.639 0.1000000015
89395  30.250  23.769  14.487 0.1000000015
94735  44.357  31.720  -2.876 0.1000000015
95349  40.853  32.038  -0.537 0.1000000015
95930  39.933  32.910  0.731 0.1000000015
95931  39.035  32.413  1.007 0.1000000015
132032  37.672  34.800  3.136 0.1000000015
98235  37.371  36.232  3.791 0.1000000015
99966  39.444  39.796  2.639 0.1000000015
100491  40.357  40.396  1.575 0.1000000015
99965  40.082  39.879  3.101 0.1000000015
84113  35.777  17.259  21.676 0.1000000015
83295  36.253  16.800  21.213 0.1000000015
119436  36.269  15.856  20.505 0.1000000015
83314  34.985  16.095  20.777 0.1000000015
82451  34.028  16.009  20.822 0.1000000015
81644  34.851  14.819  19.966 0.1000000015
82469  32.661  15.277  20.478 0.1000000015
126566  31.960  15.323  20.491 0.1000000015
82472  29.871  15.992  20.285 0.1000000015
82453  32.097  15.751  21.094 0.1000000015
82454  30.780  15.828  21.252 0.1000000015
82455  30.026  15.955  21.073 0.1000000015
83302  28.460  16.551  21.420 0.1000000015
83284  26.340  17.358  21.850 0.1000000015
83280  31.386  16.583  22.353 0.1000000015
119458  29.741  16.546  22.323 0.1000000015
84926  23.675  18.712  21.475 0.1000000015
92687  44.802  27.716  2.531 0.1000000015
132281  44.292  27.482  3.048 0.1000000015
92660  43.666  27.112  4.211 0.1000000015
91836  43.020  26.939  6.343 0.1000000015
84942  23.966  18.786  19.689 0.1000000015
92702  44.452  27.863  1.772 0.1000000015
92688  43.877  27.565  2.424 0.1000000015
92645  43.788  27.118  5.106 0.1000000015
91825  42.885  27.052  7.062 0.1000000015
91803  41.467  27.147  9.334 0.1000000015
116883  22.998  19.326  20.443 0.1000000015
93415  44.757  28.437  0.244 0.1000000015
132808  44.292  28.716  -0.183 0.1000000015
91874  42.825  26.960  3.877 0.1000000015
91847  43.054  26.838  5.486 0.1000000015
132033  41.528  26.419  6.746 0.1000000015
91817  40.780  26.435  8.725 0.1000000015
91778  39.482  26.470  11.464 0.1000000015
91779  38.534  25.954  11.746 0.1000000015
85827  22.997  19.870  19.246 0.1000000015
94064  44.620  29.626  -1.227 0.1000000015
112589  40.772  26.067  6.951 0.1000000015
91023  40.112  26.001  9.075 0.1000000015
128791  39.370  25.578  10.000 0.1000000015
90989  37.729  25.387  11.534 0.1000000015
132931  36.177  26.018  12.839 0.1000000015
122279  34.562  25.680  12.668 0.1000000015
90957  32.532  25.488  13.380 0.1000000015
88597  28.001  22.459  15.583 0.1000000015
88580  26.495  22.055  16.015 0.1000000015
87718  25.031  21.608  16.544 0.1000000015
87704  24.542  21.113  17.137 0.1000000015
94077  45.128  30.325  -2.027 0.1000000015
94717  44.669  31.938  -1.829 0.1000000015
91009  38.592  25.075  10.019 0.1000000015
91011  37.179  24.873  10.896 0.1000000015
90219  36.461  25.000  11.372 0.1000000015
90992  33.320  25.095  11.856 0.1000000015
90973  32.438  25.202  12.436 0.1000000015
128022  30.478  24.455  13.156 0.1000000015
89397  28.495  23.218  14.139 0.1000000015
88607  27.637  22.805  14.712 0.1000000015
88599  24.961  22.557  15.437 0.1000000015
94734  44.815  31.515  -2.718 0.1000000015
95941  44.309  33.025  -1.431 0.1000000015
95348  41.855  32.632  -1.055 0.1000000015
134697  40.767  33.080  0.266 0.1000000015
96478  39.948  33.535  1.236 0.1000000015
97027  38.639  34.191  2.518 0.1000000015
114448  38.278  33.857  2.141 0.1000000015
97019  38.269  34.670  3.237 0.1000000015
97609  37.987  35.938  4.152 0.1000000015
98232  38.248  36.637  4.524 0.1000000015
98838  37.993  37.443  4.193 0.1000000015
99960  39.585  39.473  3.496 0.1000000015
99426  38.455  38.211  4.164 0.1000000015
100483  43.028  40.684  2.539 0.1000000015
111921  42.229  40.711  1.918 0.1000000015
100489  43.556  40.850  1.589 0.1000000015
100490  41.468  40.707  1.186 0.1000000015
84890  36.038  18.827  23.169 0.1000000015
84095  36.169  17.807  22.137 0.1000000015
83297  34.453  16.610  21.287 0.1000000015
84096  34.318  17.647  22.330 0.1000000015
83277  33.908  17.105  21.851 0.1000000015
82452  33.061  15.883  20.952 0.1000000015
84097  33.430  17.502  22.474 0.1000000015
83278  33.017  16.910  22.052 0.1000000015
83279  32.184  16.724  22.231 0.1000000015
118896  27.928  16.907  22.069 0.1000000015
83270  28.809  16.721  22.240 0.1000000015
84098  28.240  17.135  22.583 0.1000000015
84101  25.787  17.737  22.323 0.1000000015
84916  24.395  18.271  21.961 0.1000000015
84902  24.413  18.700  22.778 0.1000000015
94058  42.343  29.975  0.595 0.1000000015
93405  42.436  28.451  1.150 0.1000000015
133245  42.276  27.668  2.105 0.1000000015
92675  42.469  27.174  3.117 0.1000000015
121214  22.387  21.888  21.809 0.1000000015
94709  43.118  30.616  0.183 0.1000000015
94056  43.419  29.340  -0.205 0.1000000015
91875  41.976  26.882  3.740 0.1000000015
117957  41.686  26.405  6.072 0.1000000015
87684  23.094  20.969  18.132 0.1000000015
95341  43.949  31.862  0.398 0.1000000015
95340  44.671  32.642  -0.453 0.1000000015
91046  40.018  25.764  7.311 0.1000000015
91024  38.947  25.243  9.248 0.1000000015
88582  24.550  22.182  16.090 0.1000000015
87705  23.550  21.355  17.397 0.1000000015
95934  44.514  33.205  -0.692 0.1000000015
91054  39.167  25.798  6.846 0.1000000015
91026  37.208  24.942  9.271 0.1000000015
90220  35.725  24.958  11.352 0.1000000015
90974  31.623  24.962  12.140 0.1000000015
90193  29.719  24.173  13.131 0.1000000015
89398  27.625  23.176  13.980 0.1000000015
89400  26.095  22.914  14.490 0.1000000015
96499  43.694  34.032  -0.344 0.1000000015
113907  40.803  33.951  1.220 0.1000000015
97043  40.086  33.962  1.812 0.1000000015
97026  39.530  34.204  2.491 0.1000000015
98837  38.631  37.453  4.671 0.1000000015
99954  40.584  39.288  4.645 0.1000000015
99425  39.237  38.273  4.679 0.1000000015
114343  44.766  40.428  3.896 0.1000000015
100478  42.441  40.394  3.387 0.1000000015
131707  41.536  40.333  3.021 0.1000000015
100479  41.410  40.056  3.663 0.1000000015
85782  34.616  19.253  23.793 0.1000000015
84914  34.715  18.196  22.795 0.1000000015
126329  32.588  17.319  22.623 0.1000000015
83267  31.017  17.027  22.863 0.1000000015
83268  30.200  17.002  22.877 0.1000000015
84087  28.641  17.400  23.004 0.1000000015
84900  26.647  18.375  23.577 0.1000000015
93406  41.756  28.837  1.384 0.1000000015
84901  25.611  18.183  22.900 0.1000000015
84903  23.899  19.177  22.941 0.1000000015
85798  23.352  19.493  22.609 0.1000000015
86734  22.563  20.623  22.314 0.1000000015
121951  22.570  22.196  22.847 0.1000000015
94050  41.804  29.722  1.133 0.1000000015
92704  42.701  27.891  1.646 0.1000000015
93391  41.358  28.453  2.052 0.1000000015
86740  22.456  20.332  21.465 0.1000000015
89339  22.449  22.727  21.279 0.1000000015
92676  40.686  27.572  3.375 0.1000000015
92661  41.141  26.980  3.838 0.1000000015
87672  22.358  21.300  19.289 0.1000000015
87669  22.225  21.211  20.148 0.1000000015
88535  22.253  21.943  20.747 0.1000000015
95332  43.097  31.639  1.249 0.1000000015
95331  44.209  32.691  1.256 0.1000000015
92677  39.937  27.872  3.676 0.1000000015
91865  40.805  26.681  4.561 0.1000000015
91838  40.054  25.966  6.495 0.1000000015
134514  22.868  22.369  17.312 0.1000000015
88546  22.381  22.021  18.805 0.1000000015
88541  22.207  22.130  19.760 0.1000000015
96475  44.471  33.864  1.503 0.1000000015
133980  42.889  34.445  2.519 0.1000000015
91866  39.982  26.809  4.700 0.1000000015
91851  39.683  26.530  5.387 0.1000000015
91830  37.613  25.989  7.248 0.1000000015
91040  36.657  25.387  8.637 0.1000000015
90240  35.084  24.970  10.005 0.1000000015
90993  32.328  25.011  11.382 0.1000000015
90994  31.477  25.045  11.387 0.1000000015
90208  28.681  24.460  12.205 0.1000000015
89413  26.173  23.369  13.788 0.1000000015
132861  25.544  23.247  14.245 0.1000000015
88583  23.671  22.421  16.366 0.1000000015
88601  23.327  23.081  16.057 0.1000000015
123811  22.429  22.704  18.314 0.1000000015
89345  22.318  23.107  19.885 0.1000000015
96477  42.958  34.365  0.910 0.1000000015
97041  42.009  34.348  1.634 0.1000000015
97025  40.553  34.314  2.597 0.1000000015
91842  37.143  26.786  6.910 0.1000000015
91818  36.136  26.117  8.252 0.1000000015
91819  35.268  26.144  8.728 0.1000000015
121918  33.841  25.555  9.733 0.1000000015
91014  31.723  25.249  10.686 0.1000000015
90223  29.876  24.818  11.834 0.1000000015
90209  27.854  24.398  12.252 0.1000000015
90196  25.701  23.997  13.247 0.1000000015
89401  24.765  23.507  14.316 0.1000000015
89391  23.627  23.407  15.414 0.1000000015
97013  40.770  34.701  4.553 0.1000000015
97018  40.038  34.510  3.398 0.1000000015
97607  39.775  35.111  4.919 0.1000000015
134959  39.030  35.253  4.594 0.1000000015
99422  39.692  37.947  5.280 0.1000000015
98231  38.843  36.547  4.984 0.1000000015
99424  40.051  38.609  5.007 0.1000000015
114373  46.948  40.220  5.859 0.1000000015
112344  43.400  40.338  4.101 0.1000000015
85755  35.028  19.875  24.241 0.1000000015
85780  36.433  19.438  23.618 0.1000000015
84893  33.345  18.482  23.444 0.1000000015
84894  32.538  18.281  23.502 0.1000000015
84084  31.464  17.612  23.241 0.1000000015
84896  30.282  18.122  23.790 0.1000000015
125957  29.153  17.621  23.319 0.1000000015
84899  27.521  18.199  23.616 0.1000000015
84875  27.063  18.809  24.229 0.1000000015
84876  26.185  18.885  24.179 0.1000000015
85765  24.804  19.542  24.473 0.1000000015
85766  23.954  19.885  24.098 0.1000000015
86708  22.949  21.025  23.945 0.1000000015
95333  42.186  31.101  1.747 0.1000000015
88515  22.733  22.353  23.737 0.1000000015
94045  40.831  29.956  2.387 0.1000000015
90125  23.393  24.331  22.546 0.1000000015
90128  22.762  23.559  21.630 0.1000000015
93380  40.322  28.359  3.083 0.1000000015
90127  23.035  24.438  21.072 0.1000000015
95917  44.428  33.420  1.815 0.1000000015
97015  43.792  34.130  2.862 0.1000000015
94038  39.697  29.632  3.770 0.1000000015
121577  39.332  28.952  4.029 0.1000000015
92664  38.923  27.824  4.658 0.1000000015
92638  38.196  26.899  5.884 0.1000000015
91841  37.887  26.470  6.527 0.1000000015
88562  22.628  22.761  17.562 0.1000000015
90135  22.502  24.032  20.073 0.1000000015
115720  22.528  23.429  20.751 0.1000000015
97016  43.022  34.343  3.565 0.1000000015
94017  38.901  29.674  4.929 0.1000000015
94018  38.360  29.161  5.375 0.1000000015
93355  38.353  28.223  5.186 0.1000000015
92639  37.537  27.252  6.325 0.1000000015
93343  36.345  28.067  7.383 0.1000000015
92618  35.384  26.948  8.302 0.1000000015
91820  33.958  26.740  8.824 0.1000000015
91807  33.429  26.208  9.280 0.1000000015
135003  31.203  25.576  10.297 0.1000000015
90225  28.712  24.881  11.522 0.1000000015
90210  26.421  24.287  12.660 0.1000000015
90197  24.900  24.482  13.082 0.1000000015
90150  22.333  24.125  18.473 0.1000000015
94009  35.839  29.445  7.995 0.1000000015
94000  35.157  28.844  8.260 0.1000000015
93335  34.605  28.344  8.404 0.1000000015
91821  33.127  26.923  8.850 0.1000000015
91809  31.569  26.349  9.524 0.1000000015
91017  28.993  25.832  10.396 0.1000000015
91019  27.345  25.859  10.909 0.1000000015
90227  26.266  24.954  12.006 0.1000000015
90184  24.123  24.117  14.044 0.1000000015
89392  22.714  24.208  16.014 0.1000000015
90171  22.477  24.228  16.773 0.1000000015
99400  41.999  37.753  7.334 0.1000000015
98823  40.409  37.143  6.169 0.1000000015
125851  30.376  27.334  9.351 0.1000000015
91812  29.183  26.915  9.731 0.1000000015
91796  28.705  26.392  10.159 0.1000000015
99926  43.377  39.261  7.247 0.1000000015
128993  42.267  39.401  6.047 0.1000000015
99421  40.309  38.034  5.731 0.1000000015
98226  39.484  36.457  5.428 0.1000000015
99937  45.183  39.803  7.128 0.1000000015
99952  42.246  39.657  5.317 0.1000000015
99949  41.548  39.153  5.759 0.1000000015
100466  45.597  40.194  5.319 0.1000000015
99948  43.212  39.731  5.824 0.1000000015
99953  41.395  39.466  4.965 0.1000000015
85753  36.833  20.069  24.115 0.1000000015
84868  33.708  19.116  23.864 0.1000000015
84869  32.827  18.899  23.940 0.1000000015
84870  32.016  18.615  23.919 0.1000000015
84871  30.649  18.729  24.230 0.1000000015
84872  29.808  18.676  24.288 0.1000000015
84874  27.966  18.761  24.239 0.1000000015
85762  27.513  19.287  24.949 0.1000000015
85746  25.252  19.890  25.202 0.1000000015
85760  29.323  19.320  24.778 0.1000000015
85761  28.418  19.306  24.858 0.1000000015
85763  26.597  19.241  24.866 0.1000000015
87635  23.268  21.949  24.948 0.1000000015
114980  23.171  23.812  23.755 0.1000000015
95309  41.954  31.756  3.368 0.1000000015
90893  24.551  25.660  22.869 0.1000000015
114008  23.639  24.748  21.925 0.1000000015
90122  23.509  24.482  23.282 0.1000000015
95325  42.086  31.494  2.491 0.1000000015
94684  41.199  30.855  2.886 0.1000000015
94685  40.399  30.239  3.259 0.1000000015
94672  40.115  30.541  4.076 0.1000000015
90900  23.423  25.366  20.659 0.1000000015
95886  43.815  33.373  3.607 0.1000000015
123439  43.843  33.782  3.974 0.1000000015
95299  39.943  30.844  4.908 0.1000000015
90909  22.646  25.331  19.305 0.1000000015
96448  43.545  33.605  5.005 0.1000000015
97011  43.460  34.033  4.682 0.1000000015
94673  39.436  30.125  4.496 0.1000000015
95291  38.740  31.124  6.870 0.1000000015
94663  38.264  30.451  6.487 0.1000000015
94012  37.859  29.596  6.202 0.1000000015
93349  36.814  28.496  6.889 0.1000000015
119583  34.302  29.952  8.489 0.1000000015
90920  22.415  24.997  18.599 0.1000000015
122966  42.865  34.838  7.205 0.1000000015
112864  42.165  34.641  5.435 0.1000000015
94008  36.482  29.582  7.572 0.1000000015
113822  33.504  29.044  8.483 0.1000000015
118508  32.401  28.056  8.660 0.1000000015
90999  26.701  25.493  11.448 0.1000000015
90976  25.378  25.284  12.160 0.1000000015
90959  24.189  25.039  13.021 0.1000000015
90186  22.770  24.913  14.914 0.1000000015
131472  22.353  25.032  17.169 0.1000000015
91723  22.431  26.007  17.228 0.1000000015
98813  42.371  36.932  7.865 0.1000000015
97603  40.912  35.596  6.163 0.1000000015
94003  32.907  29.530  8.576 0.1000000015
92623  31.173  28.400  8.918 0.1000000015
92610  29.695  27.517  9.466 0.1000000015
91798  26.985  26.699  10.629 0.1000000015
91780  26.451  26.179  11.103 0.1000000015
91768  24.358  26.252  12.103 0.1000000015
90978  23.821  25.859  12.685 0.1000000015
90943  22.498  25.485  15.549 0.1000000015
90934  22.401  25.694  16.424 0.1000000015
99389  43.977  38.347  8.849 0.1000000015
95262  32.353  31.591  9.486 0.1000000015
94005  31.091  29.763  9.137 0.1000000015
93328  29.453  28.320  9.450 0.1000000015
92595  27.506  27.335  10.272 0.1000000015
92596  26.710  27.501  10.549 0.1000000015
91783  24.246  26.887  11.886 0.1000000015
91769  23.636  26.714  12.413 0.1000000015
91746  22.518  26.449  14.366 0.1000000015
125690  31.408  32.321  10.581 0.1000000015
95264  30.744  31.074  9.877 0.1000000015
94643  29.642  30.054  9.866 0.1000000015
93330  27.965  28.754  10.132 0.1000000015
124259  26.432  28.159  10.594 0.1000000015
93311  24.768  28.297  11.271 0.1000000015
92584  23.807  27.416  11.941 0.1000000015
91757  23.101  26.365  13.124 0.1000000015
96403  32.338  33.594  12.016 0.1000000015
95845  31.430  32.821  11.221 0.1000000015
95847  29.814  32.082  11.105 0.1000000015
94633  29.146  30.599  10.375 0.1000000015
93985  27.951  29.600  10.384 0.1000000015
93987  25.768  29.354  10.932 0.1000000015
96404  31.471  33.488  12.084 0.1000000015
95838  30.152  32.860  11.648 0.1000000015
95255  29.464  31.334  10.679 0.1000000015
95258  26.902  31.011  11.092 0.1000000015
94637  25.877  30.145  11.077 0.1000000015
95840  28.386  32.618  11.502 0.1000000015
95246  27.185  31.781  11.254 0.1000000015
116287  34.122  19.736  24.337 0.1000000015
85756  33.192  19.573  24.413 0.1000000015
85757  32.182  19.369  24.455 0.1000000015
134598  30.893  19.265  24.552 0.1000000015
85742  28.903  19.788  25.370 0.1000000015
86694  27.555  19.763  26.084 0.1000000015
86695  26.567  19.859  26.114 0.1000000015
91687  25.009  26.128  22.309 0.1000000015
95881  42.801  32.693  5.068 0.1000000015
95297  41.786  31.864  4.302 0.1000000015
95298  40.760  31.300  4.559 0.1000000015
90896  24.313  25.494  21.970 0.1000000015
90897  23.700  25.191  21.381 0.1000000015
96446  43.340  33.623  5.735 0.1000000015
112820  42.673  33.231  6.487 0.1000000015
95293  40.674  31.609  5.389 0.1000000015
91700  23.382  26.356  19.578 0.1000000015
95294  39.775  31.169  5.745 0.1000000015
95284  39.210  31.803  7.216 0.1000000015
95292  37.971  30.873  7.176 0.1000000015
94659  37.250  30.618  7.540 0.1000000015
95860  36.907  32.323  8.627 0.1000000015
91701  22.593  25.769  18.655 0.1000000015
94007  37.001  29.921  7.334 0.1000000015
95273  36.387  31.697  8.411 0.1000000015
123634  34.919  30.276  8.464 0.1000000015
91730  22.472  26.559  16.485 0.1000000015
96421  36.345  33.494  9.517 0.1000000015
96422  35.536  33.424  9.631 0.1000000015
117173  35.171  30.863  8.495 0.1000000015
94653  34.368  30.690  8.584 0.1000000015
121246  22.434  26.898  15.686 0.1000000015
96968  36.139  34.670  11.761 0.1000000015
96412  35.139  33.815  10.309 0.1000000015
96413  34.325  33.613  10.541 0.1000000015
95276  33.782  31.232  8.829 0.1000000015
97553  35.808  34.891  14.010 0.1000000015
96969  35.362  34.484  12.141 0.1000000015
96401  33.960  33.902  11.526 0.1000000015
95853  32.596  32.323  9.887 0.1000000015
118235  22.664  27.860  12.948 0.1000000015
114979  22.495  27.872  13.625 0.1000000015
96971  33.666  34.188  12.534 0.1000000015
95844  32.805  32.829  10.446 0.1000000015
93978  25.100  29.905  11.301 0.1000000015
126248  24.137  28.874  11.516 0.1000000015
95247  26.314  31.692  11.376 0.1000000015
94629  23.693  30.118  11.883 0.1000000015
119368  26.666  32.520  11.559 0.1000000015
95248  25.437  31.537  11.519 0.1000000015
86690  31.060  20.785  25.265 0.1000000015
85741  29.759  19.941  25.183 0.1000000015
86673  27.040  20.249  26.753 0.1000000015
90887  23.786  25.287  24.573 0.1000000015
93220  26.368  28.481  24.310 0.1000000015
92490  26.442  27.427  23.037 0.1000000015
90890  24.586  26.011  23.669 0.1000000015
91684  25.703  26.965  23.305 0.1000000015
92495  26.026  26.978  22.475 0.1000000015
91689  25.510  26.666  21.826 0.1000000015
91694  23.741  26.135  20.349 0.1000000015
133430  40.127  32.892  8.007 0.1000000015
96992  39.250  33.680  9.143 0.1000000015
96431  38.729  33.069  8.747 0.1000000015
125902  37.612  32.284  8.391 0.1000000015
92501  24.882  27.158  20.504 0.1000000015
91699  24.097  26.907  19.926 0.1000000015
112852  23.441  27.208  18.613 0.1000000015
96419  38.194  33.544  9.297 0.1000000015
92532  22.679  26.985  17.337 0.1000000015
97573  38.516  35.173  11.340 0.1000000015
96986  37.697  34.051  9.885 0.1000000015
96433  36.659  32.944  9.078 0.1000000015
97563  38.283  35.328  12.562 0.1000000015
97574  37.574  34.988  11.697 0.1000000015
92546  22.541  27.714  15.345 0.1000000015
92539  22.692  27.551  16.328 0.1000000015
98132  40.246  36.683  14.413 0.1000000015
97550  38.127  35.477  13.761 0.1000000015
97565  36.795  34.861  12.493 0.1000000015
93307  22.593  28.612  13.139 0.1000000015
93975  23.147  29.586  12.362 0.1000000015
122267  22.872  28.918  12.542 0.1000000015
95249  24.594  31.320  11.713 0.1000000015
95841  25.715  32.320  11.669 0.1000000015
95842  24.825  32.110  11.849 0.1000000015
86672  28.074  20.252  26.725 0.1000000015
93912  26.670  29.226  24.761 0.1000000015
96430  39.796  33.242  8.535 0.1000000015
96991  40.419  33.844  8.887 0.1000000015
96984  39.757  34.361  9.548 0.1000000015
96985  38.676  34.188  9.770 0.1000000015
92518  24.003  27.854  18.394 0.1000000015
97571  40.877  35.676  10.640 0.1000000015
97578  40.267  35.033  10.043 0.1000000015
98165  40.474  35.996  11.919 0.1000000015
134659  39.114  35.295  11.182 0.1000000015
92531  23.251  27.854  17.122 0.1000000015
121818  41.322  36.118  11.389 0.1000000015
112602  39.043  35.506  12.009 0.1000000015
93279  23.311  28.396  16.479 0.1000000015
98147  40.698  36.425  13.886 0.1000000015
98148  39.719  36.096  14.006 0.1000000015
93287  22.865  28.407  15.736 0.1000000015
98752  40.890  37.153  14.460 0.1000000015
93969  22.791  29.328  14.390 0.1000000015
93296  22.644  28.530  14.891 0.1000000015
94621  23.076  30.823  13.187 0.1000000015
94624  22.809  30.004  13.051 0.1000000015
95243  23.510  31.364  12.593 0.1000000015
128097  25.629  33.537  12.492 0.1000000015
92482  24.884  27.029  24.656 0.1000000015
92481  25.419  27.380  24.221 0.1000000015
93244  27.119  27.892  21.917 0.1000000015
98145  42.697  36.701  13.060 0.1000000015
117330  41.090  36.282  12.657 0.1000000015
127743  40.353  36.074  13.161 0.1000000015
98130  42.179  36.883  14.092 0.1000000015
87603  27.503  20.807  27.265 0.1000000015
86674  26.128  20.471  26.555 0.1000000015
86671  29.021  20.547  26.464 0.1000000015
87758  40.589  22.197  12.961 0.1000000015
119670  40.593  17.401  13.959 0.1000000015
91835  47.876  26.501  6.813 0.1000000015
91845  48.675  26.910  5.340 0.1000000015
93413  49.770  28.221  0.183 0.1000000015
93447  49.046  28.751  -3.028 0.1000000015
94079  40.411  29.684  -1.800 0.1000000015
93450  37.175  27.319  -3.310 0.1000000015
91950  38.707  27.211  -4.386 0.1000000015
95942  43.217  33.084  -1.433 0.1000000015
95354  44.486  32.428  -1.881 0.1000000015
95936  42.602  33.509  -0.662 0.1000000015
94086  48.348  29.870  -3.326 0.1000000015
94075  48.888  29.278  -2.407 0.1000000015
94733  46.766  30.752  -3.894 0.1000000015
89448  35.123  23.186  4.021 0.1000000015
89504  38.815  23.874  -0.273 0.2000000030
88660  33.583  22.248  5.395 0.1000000015
91939  39.255  26.357  -3.726 0.1000000015
125810  26.073  23.645  4.620 0.1000000015
88677  31.231  22.775  4.783 0.1000000015
90967  43.066  26.370  12.676 0.1000000015
90987  42.004  25.367  12.090 0.1000000015
91750  43.162  27.061  13.991 0.1000000015
91762  44.496  27.577  13.245 0.1000000015
92633  49.377  28.094  6.941 0.1000000015
91834  48.772  27.217  6.363 0.1000000015
126284  49.369  28.586  6.522 0.1000000015
89473  28.135  24.115  3.612 0.1000000015
120364  27.580  25.557  4.463 0.1000000015
91115  38.875  25.465  -2.153 0.1000000015
89470  31.582  23.380  3.523 0.1000000015
90313  38.523  24.707  -0.565 0.1000000015
89468  33.757  23.553  3.425 0.1000000015
89486  32.350  23.801  2.658 0.1000000015
89484  34.035  23.913  2.719 0.1000000015
87745  38.878  21.006  15.176 0.1000000015
112601  40.592  24.151  12.702 0.1000000015
89394  40.127  23.244  14.365 0.1000000015
118040  40.065  22.468  14.615 0.1000000015
88591  39.366  22.412  15.819 0.1000000015
87729  38.514  21.605  15.554 0.1000000015
85870  36.722  19.476  14.535 0.1000000015
86792  37.313  20.967  15.012 0.1000000015
82536  37.883  15.535  14.186 0.1000000015
90180  40.349  24.330  14.381 0.1000000015
90174  40.357  24.575  16.487 0.1000000015
89371  39.426  23.409  16.780 0.1000000015
91751  41.650  26.331  14.130 0.1000000015
91734  41.561  26.469  16.322 0.1000000015
83369  33.841  16.182  15.038 0.1000000015
91742  42.773  27.225  14.768 0.1000000015
91726  41.343  26.160  17.592 0.1000000015
88572  36.697  22.875  16.202 0.1000000015
91741  44.704  28.364  14.374 0.1000000015
91720  41.370  26.585  18.851 0.1000000015
88595  35.300  22.272  15.781 0.1000000015
92614  47.688  28.956  8.871 0.1000000015
93352  49.480  28.661  5.515 0.1000000015
93399  49.604  28.373  1.791 0.1000000015
92729  35.942  27.176  -2.302 0.1000000015
92719  36.746  27.697  -1.024 0.1000000015
93420  36.371  27.936  0.013 0.1000000015
91914  34.488  26.444  -2.032 0.1000000015
114697  36.422  26.606  -3.218 0.1000000015
91924  35.548  26.087  -2.931 0.1000000015
115258  33.806  26.873  -0.758 0.1000000015
92706  34.790  27.961  0.818 0.1000000015
133167  24.376  25.320  5.448 0.1000000015
91120  34.404  25.789  -2.132 0.1000000015
91110  33.896  25.413  -1.365 0.1000000015
131042  34.542  24.811  -0.958 0.1000000015
92707  34.227  27.822  1.178 0.1000000015
91893  32.624  26.597  0.532 0.1000000015
91894  31.793  25.993  0.733 0.1000000015
92709  32.384  26.804  1.365 0.1000000015
91885  31.880  26.587  1.760 0.1000000015
92693  33.189  27.859  2.484 0.1000000015
91886  31.314  26.363  2.246 0.1000000015
91876  31.102  26.925  3.256 0.1000000015
91878  29.558  26.421  3.799 0.1000000015
130173  30.102  25.723  2.780 0.1000000015
91074  29.044  25.182  3.245 0.1000000015
91117  36.871  25.717  -2.400 0.1000000015
91118  35.876  25.602  -2.528 0.1000000015
91099  35.411  24.870  -0.753 0.1000000015
91101  32.571  25.255  -0.104 0.1000000015
91102  32.006  25.216  0.436 0.1000000015
90295  30.790  24.928  1.834 0.1000000015
90314  37.641  25.067  -0.323 0.1000000015
91108  36.778  25.406  -1.381 0.1000000015
90306  33.246  24.730  0.078 0.1000000015
129795  31.840  24.162  2.066 0.1000000015
90275  36.327  24.247  2.029 0.1000000015
90277  34.270  24.247  1.924 0.1000000015
82523  34.949  15.069  14.963 0.1000000015
92542  44.001  28.487  16.810 0.1000000015
92526  43.890  29.458  18.467 0.1000000015
91710  41.328  27.019  19.290 0.1000000015
89358  36.564  24.228  17.159 0.1000000015
93967  44.712  30.490  16.437 0.1000000015
92517  40.605  26.883  19.215 0.1000000015
93269  40.265  28.201  18.164 0.1000000015
92529  39.564  26.970  18.713 0.1000000015
89359  35.743  24.374  17.431 0.1000000015
88575  33.942  22.909  17.715 0.1000000015
92634  47.006  28.693  7.390 0.1000000015
93367  49.066  29.136  5.104 0.1000000015
94069  38.036  28.836  -0.135 0.1000000015
94051  37.297  29.636  1.388 0.1000000015
94046  35.943  29.573  2.318 0.1000000015
93394  34.501  28.721  2.382 0.1000000015
93382  34.212  29.262  3.057 0.1000000015
93372  30.700  28.137  4.337 0.1000000015
92665  30.077  27.674  4.330 0.1000000015
116325  30.182  29.802  4.596 0.1000000015
92653  23.963  27.273  5.596 0.1000000015
91856  23.723  26.411  5.431 0.1000000015
129434  42.600  29.860  14.415 0.1000000015
122760  32.003  20.128  16.970 0.1000000015
92530  38.498  27.106  17.925 0.1000000015
87697  32.418  21.880  18.174 0.1000000015
92605  44.473  28.582  10.501 0.1000000015
93277  38.870  28.072  16.075 0.1000000015
92642  46.846  28.600  6.203 0.1000000015
93354  47.949  29.031  5.569 0.1000000015
93425  48.924  28.756  -0.209 0.1000000015
93424  49.571  28.388  -0.953 0.1000000015
94729  40.083  30.072  -1.002 0.1000000015
95313  33.570  31.513  3.541 0.1000000015
120902  35.471  32.224  3.027 0.1000000015
94687  34.583  30.045  3.250 0.1000000015
95314  32.688  31.548  3.628 0.1000000015
94028  31.710  30.112  4.221 0.1000000015
121976  33.951  33.469  2.995 0.1000000015
95908  32.636  32.983  3.059 0.1000000015
95890  32.217  32.314  3.354 0.1000000015
126414  31.374  32.337  3.230 0.1000000015
130732  31.011  31.851  3.509 0.1000000015
94690  31.489  30.877  4.032 0.1000000015
95316  30.922  31.304  3.881 0.1000000015
80860  40.584  13.414  15.536 0.1000000015
79875  39.361  12.979  15.625 0.1000000015
80864  36.634  13.466  15.297 0.1000000015
81698  33.492  14.366  16.606 0.1000000015
82490  30.386  16.337  18.512 0.1000000015
84962  30.382  18.431  17.814 0.1000000015
115409  43.744  29.097  11.947 0.1000000015
91727  36.851  26.591  17.054 0.1000000015
90157  34.916  24.629  17.748 0.1000000015
88556  33.257  23.278  18.629 0.1000000015
87681  31.352  21.801  18.546 0.1000000015
92543  38.202  27.905  15.326 0.1000000015
91728  36.074  26.559  16.503 0.1000000015
90169  33.734  24.601  17.637 0.1000000015
89377  32.425  23.813  18.155 0.1000000015
124838  46.002  28.202  6.520 0.1000000015
92657  47.189  28.735  4.778 0.1000000015
94076  47.637  29.586  -2.329 0.1000000015
95334  38.310  31.982  1.364 0.1000000015
95904  36.843  32.808  2.357 0.1000000015
95905  35.932  32.929  2.795 0.1000000015
112622  34.894  33.075  3.036 0.1000000015
97033  31.966  34.189  1.925 0.1000000015
96465  31.316  33.413  2.104 0.1000000015
96466  30.468  32.896  1.834 0.1000000015
97618  33.945  35.625  2.170 0.1000000015
117682  33.364  34.988  2.206 0.1000000015
97624  33.267  35.611  1.617 0.1000000015
97625  32.612  35.201  1.181 0.1000000015
97045  31.909  34.449  1.038 0.1000000015
96492  30.753  33.140  0.446 0.1000000015
80850  38.012  12.324  16.768 0.1000000015
117746  36.540  12.728  17.826 0.1000000015
124124  35.716  13.029  17.871 0.1000000015
80839  34.332  13.548  17.421 0.1000000015
92559  40.814  28.618  13.194 0.1000000015
114815  44.271  28.001  8.366 0.1000000015
128980  43.475  27.831  8.665 0.1000000015
92571  39.812  27.788  12.735 0.1000000015
92561  38.604  27.859  13.849 0.1000000015
92554  36.767  27.440  15.109 0.1000000015
88576  30.147  22.682  17.325 0.1000000015
92658  46.202  28.260  4.434 0.1000000015
90176  32.486  24.682  16.045 0.1000000015
89385  31.231  23.794  16.172 0.1000000015
118057  28.084  21.493  17.443 0.1000000015
114244  46.001  28.569  -0.187 0.1000000015
93438  46.464  29.457  -1.841 0.1000000015
113970  39.576  31.976  0.496 0.1000000015
95920  37.744  32.602  1.828 0.1000000015
97028  37.744  34.354  2.651 0.1000000015
97615  36.348  35.772  3.079 0.1000000015
124327  35.691  36.139  2.816 0.1000000015
115639  36.641  38.261  2.749 0.1000000015
98240  34.530  36.322  2.192 0.1000000015
98860  34.652  37.432  1.466 0.1000000015
98254  34.074  37.032  0.836 0.1000000015
98255  33.449  36.307  0.381 0.1000000015
98263  33.472  36.035  -0.477 0.1000000015
97644  32.322  34.219  -0.739 0.1000000015
133285  31.679  15.082  19.487 0.1000000015
92637  43.817  27.199  6.038 0.1000000015
91802  42.306  27.534  9.199 0.1000000015
91764  39.169  26.905  12.302 0.1000000015
92572  38.877  27.468  13.089 0.1000000015
91752  37.997  27.245  13.400 0.1000000015
112616  33.999  26.426  13.997 0.1000000015
91755  35.496  26.881  14.075 0.1000000015
118225  46.284  28.343  1.269 0.1000000015
88596  28.924  22.590  15.893 0.1000000015
87701  27.389  21.371  17.296 0.1000000015
115193  45.937  30.054  -2.458 0.1000000015
93439  45.441  29.493  -1.526 0.1000000015
95342  40.396  32.434  0.108 0.1000000015
95918  39.160  33.163  1.312 0.1000000015
81643  36.313  15.322  20.134 0.1000000015
82471  30.712  15.615  20.414 0.1000000015
128365  23.654  19.350  19.202 0.1000000015
91816  41.622  26.875  8.336 0.1000000015
91754  36.333  27.025  13.872 0.1000000015
91805  40.032  26.124  9.857 0.1000000015
90969  37.656  25.936  12.246 0.1000000015
90948  32.692  25.522  14.333 0.1000000015
86758  23.423  20.168  18.512 0.1000000015
93429  44.058  29.107  -0.514 0.1000000015
90971  33.883  26.061  13.220 0.1000000015
112298  36.132  25.415  12.126 0.1000000015
90972  33.169  25.671  12.844 0.1000000015
89409  29.632  23.724  13.874 0.1000000015
94725  44.836  31.449  -2.288 0.1000000015
90958  31.756  25.040  13.059 0.1000000015
100480  40.786  40.151  3.075 0.1000000015
112343  41.191  40.457  2.282 0.1000000015
83296  35.384  16.701  21.224 0.1000000015
84100  26.673  17.517  22.433 0.1000000015
84917  23.780  18.891  22.287 0.1000000015
85805  23.089  19.208  21.096 0.1000000015
92703  43.487  27.823  1.670 0.1000000015
92674  43.475  27.259  3.242 0.1000000015
91848  42.306  26.601  5.786 0.1000000015
93403  44.063  28.178  1.001 0.1000000015
91827  41.379  26.463  7.453 0.1000000015
86742  22.386  20.419  20.512 0.1000000015
93417  42.873  28.804  0.429 0.1000000015
91864  41.648  26.677  4.432 0.1000000015
91828  40.773  26.185  7.819 0.1000000015
90988  39.027  25.659  10.813 0.1000000015
94718  44.495  31.277  -1.159 0.1000000015
94066  43.572  30.333  -0.480 0.1000000015
91850  40.465  26.427  5.284 0.1000000015
91037  39.419  25.508  8.647 0.1000000015
90221  34.889  24.966  11.285 0.1000000015
95347  44.600  32.492  -1.216 0.1000000015
91039  37.551  25.260  8.513 0.1000000015
90233  36.765  24.702  10.000 0.1000000015
90222  34.037  24.964  11.168 0.1000000015
90205  30.987  24.781  12.735 0.1000000015
89410  28.920  23.683  13.415 0.1000000015
89390  24.423  23.141  15.049 0.1000000015
95935  44.053  33.612  -0.871 0.1000000015
95929  41.545  33.548  0.050 0.1000000015
127543  38.773  34.748  3.617 0.1000000015
100962  42.549  40.849  1.161 0.1000000015
118457  25.083  18.603  23.253 0.1000000015
92691  40.988  27.985  2.670 0.1000000015
118659  44.682  33.171  0.161 0.1000000015
91839  39.436  26.201  6.068 0.1000000015
91048  38.444  25.618  7.454 0.1000000015
95927  44.438  33.790  -0.026 0.1000000015
91050  37.050  25.685  7.932 0.1000000015
91028  35.495  25.257  9.480 0.1000000015
89421  27.336  23.965  12.842 0.1000000015
95928  42.681  34.054  0.057 0.1000000015
100471  46.224  40.386  4.366 0.1000000015
100472  44.456  40.245  4.663 0.1000000015
100468  43.199  39.972  4.919 0.1000000015
100473  42.152  39.961  4.376 0.1000000015
122410  41.547  30.249  1.668 0.1000000015
86719  23.260  20.321  23.664 0.1000000015
89332  22.812  23.113  23.207 0.1000000015
93392  40.710  28.894  2.433 0.1000000015
92662  40.333  27.195  4.054 0.1000000015
95308  43.304  32.478  2.945 0.1000000015
95903  43.986  32.811  2.177 0.1000000015
96476  44.062  34.247  1.231 0.1000000015
96450  44.101  33.725  2.920 0.1000000015
97017  41.396  34.509  3.568 0.1000000015
93370  38.876  28.774  4.608 0.1000000015
92647  38.573  27.377  5.299 0.1000000015
91831  36.737  26.396  7.561 0.1000000015
91042  35.142  25.685  9.134 0.1000000015
132444  33.257  25.292  10.221 0.1000000015
90995  30.164  25.170  11.079 0.1000000015
90178  23.104  24.134  15.254 0.1000000015
92630  35.867  27.586  7.851 0.1000000015
133815  34.702  26.641  8.708 0.1000000015
91031  31.890  25.718  9.903 0.1000000015
131121  26.977  24.974  11.723 0.1000000015
90998  28.018  25.215  11.231 0.1000000015
97604  40.009  35.674  5.488 0.1000000015
98828  39.814  37.246  5.665 0.1000000015
100467  44.084  40.042  5.325 0.1000000015
92648  37.922  27.715  5.747 0.1000000015
94662  38.991  30.783  6.106 0.1000000015
94013  37.317  28.953  6.500 0.1000000015
92620  33.669  27.416  8.637 0.1000000015
91808  32.409  26.414  9.313 0.1000000015
91794  30.387  26.265  9.826 0.1000000015
94652  35.592  30.250  8.265 0.1000000015
93337  32.858  28.654  8.532 0.1000000015
92608  31.656  26.991  9.137 0.1000000015
90198  23.689  24.752  13.730 0.1000000015
90179  22.647  24.728  15.592 0.1000000015
99939  42.818  39.323  6.648 0.1000000015
99399  43.529  38.896  8.011 0.1000000015
98822  41.064  37.057  6.649 0.1000000015
99413  41.343  37.768  6.713 0.1000000015
118217  42.596  37.573  7.944 0.1000000015
98814  41.691  37.042  7.250 0.1000000015
99420  41.044  38.425  6.104 0.1000000015
93327  30.313  28.133  9.177 0.1000000015
92594  28.338  27.121  9.976 0.1000000015
99925  44.254  39.477  7.572 0.1000000015
99938  44.000  39.733  6.675 0.1000000015
100451  45.549  39.982  6.293 0.1000000015
95887  43.010  32.590  4.031 0.1000000015
97006  42.273  34.869  6.354 0.1000000015
95285  38.382  31.525  7.475 0.1000000015
94654  33.473  30.348  8.654 0.1000000015
97597  42.525  35.481  7.492 0.1000000015
97598  41.812  35.622  6.860 0.1000000015
132949  32.425  29.124  8.583 0.1000000015
91781  25.656  26.431  11.344 0.1000000015
90961  22.759  25.922  13.847 0.1000000015
98803  43.094  36.802  8.549 0.1000000015
99390  43.155  37.922  8.386 0.1000000015
94656  31.770  30.214  9.044 0.1000000015
95277  32.897  31.044  9.029 0.1000000015
93339  30.665  28.972  9.086 0.1000000015
93329  28.679  28.523  9.765 0.1000000015
124214  25.429  27.152  11.158 0.1000000015
115541  32.082  32.673  10.643 0.1000000015
94641  31.270  30.595  9.410 0.1000000015
94642  30.474  30.309  9.621 0.1000000015
93994  28.541  29.195  10.003 0.1000000015
93320  25.684  28.469  10.885 0.1000000015
95846  30.702  32.349  10.955 0.1000000015
95265  29.964  30.797  10.166 0.1000000015
93986  27.077  29.624  10.600 0.1000000015
116734  24.957  29.083  11.219 0.1000000015
96392  31.933  34.205  12.850 0.1000000015
96402  33.123  33.710  11.784 0.1000000015
96972  32.811  34.142  12.710 0.1000000015
95839  29.296  32.739  11.590 0.1000000015
95256  28.620  31.184  10.817 0.1000000015
96959  31.515  34.911  13.658 0.1000000015
95878  43.088  33.280  5.842 0.1000000015
91693  24.456  26.491  20.763 0.1000000015
125729  39.715  32.418  7.615 0.1000000015
95859  38.325  32.496  8.334 0.1000000015
95861  35.910  32.373  8.861 0.1000000015
95274  35.493  31.578  8.613 0.1000000015
96987  36.804  33.973  9.977 0.1000000015
127971  36.816  34.725  11.423 0.1000000015
96979  35.598  34.306  11.006 0.1000000015
95851  35.193  32.819  9.280 0.1000000015
95863  34.167  31.839  9.057 0.1000000015
96980  34.804  34.090  11.298 0.1000000015
95852  33.366  32.707  9.898 0.1000000015
96420  37.216  33.499  9.397 0.1000000015
92519  23.324  27.516  17.884 0.1000000015
112971  38.952  35.614  13.337 0.1000000015
98164  42.147  36.330  11.997 0.1000000015
73608  41.606  4.809  1.151 0.1000000015
73616  40.873  5.434  0.566 0.1000000015
73607  42.505  5.043  0.958 0.1000000015
73615  41.711  5.246  0.206 0.1000000015
74509  43.413  5.581  0.974 0.1000000015
118853  48.169  7.657  1.144 0.1000000015
73620  41.797  5.896  -0.457 0.1000000015
73614  42.513  5.429  -0.074 0.1000000015
74508  44.123  5.896  0.516 0.1000000015
123375  43.262  5.716  -0.167 0.1000000015
74495  44.909  6.416  1.441 0.1000000015
74514  43.727  6.238  -0.691 0.1000000015
75421  46.299  7.082  -0.048 0.1000000015
74520  43.023  6.868  -1.347 0.1000000015
75440  43.354  7.470  -1.461 0.1000000015
116472  45.551  6.973  -0.757 0.1000000015
74513  44.697  6.609  -0.724 0.1000000015
75437  46.577  7.361  -0.906 0.1000000015
123820  45.467  7.395  -1.411 0.1000000015
74519  43.778  6.990  -1.463 0.1000000015
119103  48.799  7.772  0.723 0.1000000015
75438  44.663  7.213  -1.444 0.1000000015
74515  42.571  6.312  -0.804 0.1000000015
74507  44.834  6.306  0.294 0.1000000015
75422  45.604  6.739  0.151 0.1000000015
57117  33.007  -11.184  27.487 0.1000000015
57133  30.957  -11.134  26.911 0.1000000015
58126  32.242  -10.338  25.500 0.1000000015
59067  33.877  -9.338  24.612 0.1000000015
59069  32.263  -9.496  24.410 0.1000000015
59960  37.947  -8.106  29.870 0.1000000015
60017  33.111  -8.528  23.566 0.1000000015
60970  34.283  -7.478  23.495 0.1000000015
62934  37.979  -5.816  27.088 0.2000000030
63906  38.398  -4.176  23.360 0.2000000030
67610  38.752  -0.749  35.055 0.1000000015
68536  39.655  0.019  37.263 0.1000000015
69540  41.402  1.301  38.315 0.1000000015
69641  41.033  2.000  29.150 0.1000000015
69684  53.849  1.169  28.031 0.1000000015
69717  54.769  1.973  26.340 0.2000000030
70508  41.324  2.315  40.101 0.1000000015
70520  41.670  1.781  39.834 0.1000000015
70555  42.469  2.876  34.545 0.1000000015
70573  41.626  2.528  32.081 0.1000000015
70574  40.797  2.406  32.614 0.1000000015
70582  41.672  2.390  31.178 0.1000000015
70591  41.663  2.327  30.343 0.1000000015
70625  53.915  1.617  27.768 0.1000000015
71473  41.798  2.872  39.860 0.1000000015
71483  40.394  3.404  38.778 0.1000000015
71515  44.027  3.786  33.457 0.1000000015
71523  43.924  3.977  32.322 0.1000000015
71549  43.023  3.599  30.279 0.1000000015
71590  54.522  2.468  26.522 0.2000000030
72426  44.717  4.261  33.964 0.1000000015
72441  43.630  4.069  31.444 0.1000000015
72456  42.506  4.155  28.881 0.1000000015
72475  42.338  4.771  27.356 0.2000000030
73325  47.601  5.941  33.670 0.1000000015
73333  47.525  6.028  32.867 0.1000000015
73382  42.872  5.418  27.143 0.2000000030
73399  43.187  5.717  26.659 0.2000000030
73409  43.183  5.892  25.941 0.2000000030
73592  53.206  5.733  3.210 0.1000000015
74202  48.510  6.742  32.529 0.1000000015
74213  47.417  6.258  32.091 0.1000000015
74221  48.362  6.779  31.138 0.1000000015
74223  44.809  6.015  30.593 0.1000000015
74243  45.988  6.861  28.688 0.2000000030
74297  43.248  6.832  24.356 0.2000000030
74302  42.746  6.751  23.940 0.2000000030
75089  48.183  7.444  33.313 0.1000000015
75098  49.020  7.297  31.684 0.1000000015
75124  50.699  8.061  29.004 0.2000000030
75126  49.331  7.402  30.223 0.2000000030
75141  50.723  8.179  28.193 0.1000000015
75155  47.270  7.348  27.633 0.2000000030
75197  45.804  7.904  24.839 0.2000000030
75208  44.924  8.026  23.908 0.2000000030
76042  48.694  7.498  32.357 0.1000000015
76073  49.730  7.885  30.526 0.2000000030
76074  49.318  8.138  30.981 0.1000000015
76093  51.421  8.795  27.864 0.2000000030
76102  50.780  8.340  27.443 0.2000000030
76114  48.324  7.924  26.587 0.2000000030
76129  51.186  8.873  25.496 0.1000000015
76133  47.052  8.165  25.226 0.2000000030
76160  47.785  8.911  23.582 0.2000000030
76161  46.474  8.584  23.692 0.2000000030
76191  57.061  8.739  18.127 0.3000000119
76324  58.007  8.837  -0.328 0.4000000060
76331  57.353  8.939  -1.442 0.4000000060
77021  50.175  8.528  29.587 0.1000000015
77022  49.253  9.066  29.912 0.1000000015
77029  51.141  8.733  28.357 0.2000000030
77036  51.877  8.986  27.256 0.1000000015
77045  52.350  9.741  26.062 0.1000000015
77058  52.474  9.657  25.652 0.1000000015
77075  52.350  9.465  25.104 0.1000000015
77076  51.549  9.246  24.834 0.1000000015
77089  51.961  9.595  24.286 0.1000000015
77093  48.114  9.279  22.887 0.2000000030
77104  48.070  9.637  21.509 0.2000000030
77110  48.386  9.839  20.761 0.2000000030
77112  47.190  9.618  20.556 0.2000000030
77115  44.661  9.240  20.641 0.2000000030
77130  47.970  10.205  17.749 0.3000000119
77274  58.485  10.191  1.709 0.4000000060
77919  49.877  9.723  28.361 0.1000000015
77963  53.313  10.890  24.336 0.1000000015
77978  53.469  11.062  23.784 0.1000000015
77980  52.473  10.107  23.847 0.1000000015
77988  50.562  10.349  21.607 0.2000000030
77997  50.076  10.941  18.852 0.2000000030
77998  49.260  10.413  19.839 0.2000000030
78010  49.044  10.711  16.758 0.3000000119
78020  56.994  10.404  16.255 0.2000000030
78021  48.853  10.853  15.177 0.3000000119
78023  47.532  10.526  15.216 0.2000000030
78029  48.391  10.911  14.214 0.2000000030
78148  54.394  10.717  2.640 0.6000000238
78172  57.805  10.133  -0.903 0.4000000060
78184  55.484  9.879  -1.877 0.6000000238
78856  49.627  11.655  26.364 0.1000000015
78862  52.856  10.448  25.192 0.1000000015
78864  51.156  11.265  25.534 0.1000000015
78894  53.246  11.429  24.155 0.1000000015
78896  53.497  11.671  23.349 0.2000000030
78900  52.129  11.210  21.556 0.1000000015
78916  50.565  11.483  18.570 0.3000000119
78917  50.032  11.121  18.044 0.3000000119
78922  50.089  11.454  17.202 0.3000000119
79054  58.455  11.921  0.800 0.4000000060
79750  48.976  13.188  26.016 0.1000000015
79764  47.788  13.223  24.473 0.1000000015
79783  51.818  13.200  24.047 0.1000000015
79784  47.218  12.854  23.788 0.1000000015
79786  45.707  12.589  23.280 0.1000000015
79790  53.613  12.328  22.906 0.1000000015
79791  47.184  12.752  23.025 0.1000000015
79800  53.365  12.383  21.746 0.1000000015
79802  46.303  12.549  21.898 0.1000000015
79812  53.553  13.190  21.365 0.3000000119
79816  45.238  12.545  20.941 0.2000000030
79829  44.183  12.591  19.961 0.1000000015
79840  51.602  12.640  18.673 0.2000000030
79864  50.453  12.180  16.610 0.4000000060
79869  38.762  12.563  16.106 0.1000000015
79871  37.234  12.987  15.610 0.1000000015
79876  38.567  13.057  15.452 0.1000000015
79880  49.823  12.655  14.555 0.4000000060
80744  49.790  14.074  25.167 0.1000000015
80747  46.468  13.269  24.772 0.1000000015
80762  53.081  13.424  22.978 0.1000000015
80764  49.377  14.099  24.604 0.1000000015
80775  49.382  14.195  22.956 0.2000000030
80781  48.766  13.744  21.452 0.2000000030
80792  46.719  13.099  20.409 0.2000000030
80801  47.947  13.714  20.011 0.2000000030
80803  46.430  13.406  19.632 0.2000000030
80813  52.740  13.906  18.827 0.3000000119
80816  45.282  13.638  18.644 0.1000000015
80820  37.019  13.085  18.691 0.1000000015
80821  36.114  13.335  18.630 0.1000000015
80833  43.552  13.525  17.496 0.1000000015
80836  37.269  12.400  17.335 0.1000000015
80837  35.816  12.827  17.002 0.1000000015
80838  35.001  13.195  17.400 0.1000000015
80846  50.741  12.994  16.023 0.5000000000
80848  42.456  13.535  16.545 0.1000000015
80849  41.027  13.089  16.036 0.1000000015
80851  37.207  12.540  16.417 0.1000000015
80854  34.592  13.522  16.698 0.1000000015
80855  33.908  13.823  16.996 0.1000000015
80862  38.272  13.510  14.984 0.1000000015
80863  37.484  13.505  15.071 0.1000000015
80866  34.896  13.728  15.890 0.1000000015
80871  38.725  14.065  14.647 0.1000000015
80875  49.228  13.298  13.580 0.5000000000
80879  47.559  14.096  12.613 0.6999999881
80889  57.276  14.454  9.418 0.4000000060
80892  45.256  13.288  9.585 0.8999999762
80897  57.379  14.556  8.663 0.3000000119
80950  45.874  13.448  5.074 0.6999999881
81603  50.865  14.688  24.519 0.1000000015
81614  52.051  15.172  23.661 0.1000000015
81624  52.846  15.018  22.462 0.1000000015
81628  53.490  14.598  21.165 0.2000000030
81630  49.820  14.518  22.399 0.2000000030
81647  32.249  14.934  19.840 0.1000000015
81648  31.518  15.281  20.135 0.1000000015
81654  49.553  14.752  20.000 0.2000000030
81657  46.957  13.975  19.140 0.2000000030
81658  37.252  14.451  19.675 0.1000000015
81660  35.619  14.780  19.862 0.1000000015
81661  34.319  14.212  19.498 0.1000000015
81663  32.777  14.501  19.219 0.1000000015
81664  32.067  14.789  19.004 0.1000000015
81667  48.260  14.598  19.064 0.2000000030
81669  46.600  14.408  18.531 0.2000000030
81671  45.243  14.223  18.022 0.1000000015
81672  33.935  13.818  18.821 0.1000000015
81673  33.224  14.125  18.628 0.1000000015
81681  53.056  14.937  18.050 0.5000000000
81683  46.296  14.799  18.092 0.2000000030
81686  32.976  14.280  17.846 0.1000000015
81695  44.354  14.880  16.814 0.1000000015
81699  32.799  14.701  17.080 0.1000000015
81701  51.521  14.416  16.156 0.5000000000
81704  42.370  14.614  15.542 0.1000000015
81707  36.159  14.101  14.962 0.1000000015
81714  40.900  14.792  14.698 0.1000000015
81718  37.454  14.780  14.449 0.1000000015
81723  48.903  14.065  13.353 0.5000000000
81727  47.110  14.632  12.412 0.6999999881
81733  45.473  14.203  10.648 0.8999999762
81750  56.982  15.611  8.162 0.4000000060
81775  56.201  15.063  4.965 0.6000000238
81799  47.630  14.341  1.842 0.6000000238
82432  51.396  15.663  23.381 0.2000000030
82440  51.175  15.853  22.656 0.2000000030
82443  31.009  16.120  21.872 0.1000000015
82444  30.236  16.141  21.785 0.1000000015
82458  51.365  16.478  21.302 0.2000000030
82465  36.953  15.813  20.393 0.1000000015
82466  35.508  15.511  20.348 0.1000000015
82467  34.527  15.404  20.388 0.1000000015
82468  33.581  15.308  20.435 0.1000000015
82470  31.396  15.552  20.837 0.1000000015
82477  53.515  15.274  19.798 0.3000000119
82478  50.499  15.886  19.777 0.2000000030
82484  53.527  15.880  19.226 0.3000000119
82485  49.305  15.649  18.711 0.2000000030
82489  31.245  15.570  18.168 0.1000000015
82494  53.560  16.349  17.963 0.5000000000
82496  46.805  15.924  17.621 0.1000000015
82498  45.441  15.726  17.125 0.2000000030
82500  32.126  15.203  17.359 0.1000000015
82509  53.369  16.192  17.339 0.5000000000
82513  33.086  15.024  16.266 0.1000000015
82520  50.957  15.017  14.925 0.5000000000
82521  43.411  15.381  15.797 0.2000000030
82522  42.701  15.396  15.351 0.2000000030
82524  34.205  15.302  15.198 0.1000000015
82531  42.105  15.719  14.815 0.2000000030
82535  38.776  15.546  14.111 0.1000000015
82537  35.448  15.749  14.649 0.1000000015
82538  34.654  15.904  14.797 0.1000000015
82542  48.450  14.832  13.187 0.6000000238
82546  46.780  15.126  12.107 0.8000000119
82562  45.437  15.080  8.296 0.8999999762
82607  47.380  15.377  3.189 0.6999999881
82636  48.783  15.031  0.036 0.6999999881
82647  52.401  15.351  -3.431 0.6000000238
82660  52.351  15.170  -3.801 0.5000000000
82666  42.831  15.840  -3.249 0.6000000238
83266  31.800  17.149  22.760 0.1000000015
83269  29.311  17.115  22.821 0.1000000015
83281  30.588  16.506  22.387 0.1000000015
83282  29.396  16.297  21.635 0.1000000015
83283  27.117  17.156  21.981 0.1000000015
83288  52.106  16.929  21.862 0.2000000030
83298  33.500  16.494  21.419 0.1000000015
83299  32.585  16.339  21.593 0.1000000015
83300  31.764  16.221  21.770 0.1000000015
83301  29.246  16.190  20.901 0.1000000015
83304  26.792  17.155  21.402 0.1000000015
83306  53.293  16.890  20.115 0.2000000030
83313  35.860  16.228  20.804 0.1000000015
83315  29.261  16.336  20.231 0.1000000015
83317  27.829  16.759  20.782 0.1000000015
83318  27.155  17.007  20.923 0.1000000015
83326  30.371  15.803  19.471 0.1000000015
83334  49.563  16.327  18.437 0.2000000030
83336  48.147  15.977  17.774 0.2000000030
83337  29.691  17.036  18.704 0.1000000015
83344  45.845  16.505  17.146 0.1000000015
83346  30.602  16.817  17.862 0.1000000015
83353  53.247  16.474  16.715 0.5000000000
83355  44.496  16.233  16.259 0.2000000030
83357  32.182  16.213  16.350 0.1000000015
83363  53.485  17.121  16.673 0.5000000000
83367  43.412  16.818  15.274 0.3000000119
83370  32.637  16.561  15.726 0.1000000015
83372  52.456  17.033  15.260 0.5000000000
83376  41.109  16.522  14.158 0.2000000030
83378  39.261  16.334  13.922 0.1000000015
83382  34.441  16.628  14.692 0.1000000015
83383  33.895  17.134  14.760 0.1000000015
83386  49.525  16.675  13.411 0.6000000238
83390  48.399  16.502  12.586 0.5000000000
83394  48.116  16.871  11.873 0.8999999762
83399  47.359  16.570  10.678 0.8999999762
83420  46.527  15.955  6.332 0.8000000119
83428  46.527  15.735  5.661 0.8000000119
83499  43.146  16.331  -3.369 0.6000000238
83509  48.291  17.157  -4.085 0.8000000119
84083  33.829  18.061  22.922 0.1000000015
84085  30.676  17.563  23.328 0.1000000015
84086  29.854  17.554  23.338 0.1000000015
84088  27.899  17.585  23.076 0.1000000015
84089  27.075  17.790  23.021 0.1000000015
84090  26.266  17.980  22.948 0.1000000015
84099  27.487  17.325  22.516 0.1000000015
84102  25.121  17.882  21.977 0.1000000015
84105  52.029  17.422  21.262 0.2000000030
84114  34.850  17.192  21.735 0.1000000015
84116  24.874  17.940  21.466 0.1000000015
84120  51.957  17.844  20.737 0.2000000030
84121  27.267  17.256  20.173 0.1000000015
84126  53.143  17.574  19.857 0.3000000119
84127  51.791  18.303  20.082 0.2000000030
84128  29.201  17.018  19.225 0.1000000015
84129  28.591  17.320  19.373 0.1000000015
84131  26.470  17.734  19.852 0.1000000015
84140  30.182  17.103  18.211 0.1000000015
84142  28.354  18.052  18.953 0.1000000015
84146  47.918  17.815  17.567 0.2000000030
84147  47.071  17.391  17.468 0.2000000030
84149  45.561  17.168  16.756 0.3000000119
84150  30.999  17.074  17.320 0.1000000015
84157  45.847  18.048  16.789 0.2000000030
84159  44.610  17.747  15.921 0.3000000119
84168  53.343  17.538  16.095 0.5000000000
84177  51.403  17.441  14.205 0.5000000000
84179  42.348  17.556  14.519 0.3000000119
84182  34.742  17.394  14.512 0.1000000015
84185  50.290  17.851  13.192 0.5000000000
84199  48.756  17.318  9.121 0.8999999762
84201  49.494  17.780  7.835 0.8999999762
84204  49.438  17.800  6.904 0.8999999762
84212  49.439  17.734  5.991 0.8000000119
84219  49.526  17.630  5.125 0.8000000119
84272  51.966  17.610  -3.796 0.8000000119
84295  51.168  17.660  -4.638 0.8999999762
84298  47.820  17.762  -4.065 0.8999999762
84873  28.903  18.685  24.275 0.1000000015
84877  25.331  19.014  23.991 0.1000000015
84891  35.113  18.759  23.259 0.1000000015
84892  34.216  18.645  23.354 0.1000000015
84895  31.207  18.227  23.755 0.1000000015
84897  29.426  18.086  23.784 0.1000000015
84898  28.496  18.003  23.636 0.1000000015
84913  35.639  18.280  22.682 0.1000000015
84915  25.052  18.207  22.534 0.1000000015
84925  24.286  18.226  21.076 0.1000000015
84929  52.380  18.204  20.229 0.2000000030
84930  52.060  18.286  20.326 0.2000000030
84931  25.124  18.088  20.029 0.1000000015
84932  24.447  18.327  20.252 0.1000000015
84933  23.615  18.769  20.535 0.1000000015
84935  53.193  18.050  19.316 0.4000000060
84936  52.642  18.622  19.720 0.3000000119
84940  25.720  18.295  19.521 0.1000000015
84947  51.818  19.096  19.665 0.3000000119
84951  29.655  18.809  18.342 0.1000000015
84960  46.861  19.064  17.349 0.2000000030
84965  53.486  18.656  16.520 0.5000000000
84967  45.352  18.759  16.379 0.3000000119
84970  31.771  18.618  16.491 0.1000000015
84975  44.362  18.676  15.601 0.3000000119
84978  32.775  18.242  15.400 0.1000000015
84982  53.359  18.935  15.147 0.5000000000
84985  43.011  19.228  14.608 0.2000000030
84987  40.114  18.917  14.263 0.1000000015
84990  37.253  18.803  14.388 0.1000000015
84997  51.475  18.670  13.282 0.5000000000
84999  44.929  19.316  13.079 0.3000000119
85004  46.555  19.269  13.443 0.3000000119
85006  44.756  18.660  12.053 0.3000000119
85007  43.434  19.134  12.176 0.3000000119
85013  46.260  18.665  11.338 0.4000000060
85016  43.458  18.686  11.294 0.3000000119
85021  50.115  18.198  10.132 0.8000000119
85022  45.796  18.515  10.472 0.3000000119
85025  43.160  18.753  10.456 0.3000000119
85031  44.313  18.428  9.645 0.2000000030
85039  44.130  18.674  8.729 0.4000000060
85067  43.624  19.038  5.375 0.4000000060
85078  46.212  18.855  3.882 0.5000000000
85080  44.250  18.738  4.704 0.4000000060
85095  43.329  18.616  3.730 0.4000000060
85122  44.572  18.758  1.502 0.6000000238
85160  46.313  18.913  -3.143 0.8000000119
85162  43.736  17.959  -2.069 0.8000000119
85169  50.591  19.073  -4.002 0.8999999762
85170  47.953  19.118  -3.762 0.8000000119
85173  44.747  17.648  -3.629 0.8000000119
85178  50.886  18.395  -4.362 0.8999999762
85183  38.589  18.640  -5.524 0.5000000000
85188  38.422  18.704  -5.499 0.5000000000
85739  31.694  20.109  24.927 0.1000000015
85740  30.730  19.957  24.957 0.1000000015
85743  28.079  19.597  25.491 0.1000000015
85744  26.984  19.492  25.517 0.1000000015
85745  26.127  19.613  25.426 0.1000000015
85754  35.930  19.986  24.165 0.1000000015
85758  31.396  19.509  24.628 0.1000000015
85759  30.204  19.302  24.676 0.1000000015
85764  25.714  19.344  24.747 0.1000000015
85781  35.530  19.350  23.719 0.1000000015
85783  24.416  19.199  23.589 0.1000000015
85784  23.619  19.667  23.336 0.1000000015
85785  23.037  20.081  22.939 0.1000000015
85799  22.765  19.926  22.216 0.1000000015
85802  23.189  19.285  21.868 0.1000000015
85803  22.760  19.668  21.488 0.1000000015
85806  22.638  19.742  20.813 0.1000000015
85810  25.207  18.871  18.991 0.1000000015
85812  22.652  19.769  20.036 0.1000000015
85815  53.015  18.968  19.129 0.3000000119
85819  49.412  20.421  18.393 0.3000000119
85822  28.122  19.948  18.373 0.1000000015
85825  25.516  19.400  18.493 0.1000000015
85826  24.029  19.582  18.615 0.1000000015
85830  53.084  19.207  18.286 0.4000000060
85836  30.729  19.341  17.715 0.1000000015
85837  30.128  19.307  18.148 0.1000000015
85841  45.307  19.899  16.148 0.3000000119
85843  32.168  19.457  16.429 0.1000000015
85844  31.474  19.500  17.132 0.1000000015
85860  47.489  20.395  14.701 0.4000000060
85864  42.683  20.173  14.252 0.2000000030
85868  38.791  19.643  14.583 0.1000000015
85871  35.399  19.526  14.543 0.1000000015
85872  34.537  19.734  14.710 0.1000000015
85877  48.007  19.734  13.694 0.5000000000
85879  46.274  19.865  14.147 0.3000000119
85886  52.057  19.507  12.379 0.5000000000
85889  43.478  19.797  12.932 0.3000000119
85891  42.180  19.911  12.080 0.3000000119
85893  52.640  20.148  10.592 0.5000000000
85907  52.517  20.046  8.846 0.8000000119
85908  51.900  19.507  9.332 0.5000000000
85911  47.025  19.228  9.932 0.5000000000
85912  43.006  19.182  9.031 0.4000000060
85920  45.724  19.055  8.130 0.5000000000
85921  43.043  19.298  8.349 0.4000000060
85929  43.930  19.123  7.386 0.4000000060
85931  42.317  19.942  7.404 0.3000000119
85940  47.184  19.738  6.493 0.6000000238
85944  43.471  19.299  6.448 0.5000000000
85954  48.015  19.915  5.291 0.5000000000
85955  47.407  19.782  5.708 0.6000000238
85958  44.782  19.291  6.032 0.5000000000
85959  42.811  19.389  5.767 0.5000000000
85967  52.384  19.484  4.035 0.8999999762
85968  48.244  19.984  4.653 0.5000000000
85971  45.936  19.228  5.081 0.4000000060
85972  42.237  19.386  3.870 0.4000000060
85985  42.147  19.550  3.067 0.4000000060
85992  49.038  20.156  2.476 0.6999999881
85994  47.776  19.367  2.922 0.5000000000
85995  42.880  19.402  1.589 0.6000000238
86005  47.849  19.169  2.024 0.6000000238
86017  47.678  19.216  0.569 0.6999999881
86018  46.260  19.311  0.054 0.6999999881
86029  52.459  19.977  -0.705 0.8999999762
86030  49.142  20.408  -0.756 0.6999999881
86031  48.416  19.919  -0.492 0.6999999881
86035  45.068  19.544  -0.504 0.6999999881
86036  41.865  19.751  -0.630 0.6000000238
86044  52.479  20.995  -1.550 0.8000000119
86056  52.231  20.839  -2.252 0.8000000119
86058  47.518  19.960  -3.041 0.8000000119
86059  46.733  19.598  -2.729 0.8000000119
86071  50.059  19.605  -3.792 0.8000000119
86075  37.861  19.145  -4.523 0.5000000000
86083  39.178  19.112  -5.847 0.6000000238
86670  29.787  20.988  26.058 0.1000000015
86675  25.332  20.822  26.309 0.1000000015
86691  30.162  20.632  25.478 0.1000000015
86692  29.365  20.348  25.774 0.1000000015
86693  28.528  20.019  26.008 0.1000000015
86696  25.678  20.139  25.921 0.1000000015
86720  22.735  20.749  23.103 0.1000000015
86745  22.482  20.515  19.661 0.1000000015
86752  30.536  21.315  18.439 0.1000000015
86753  30.320  20.280  18.279 0.1000000015
86755  27.642  20.420  18.076 0.1000000015
86756  26.764  20.198  17.988 0.1000000015
86759  22.720  20.650  18.861 0.1000000015
86763  53.087  19.601  17.482 0.5000000000
86766  46.806  21.039  17.407 0.3000000119
86768  31.774  21.426  18.190 0.1000000015
86770  27.897  21.046  17.795 0.1000000015
86774  24.013  20.518  17.804 0.1000000015
86778  45.944  21.547  16.061 0.3000000119
86780  32.851  21.382  17.095 0.1000000015
86788  46.096  21.617  15.540 0.4000000060
86789  44.925  21.100  14.924 0.3000000119
86791  38.110  20.988  15.153 0.1000000015
86797  32.620  20.338  16.439 0.1000000015
86808  45.115  21.121  14.779 0.3000000119
86812  40.669  20.711  14.262 0.2000000030
86813  39.257  20.368  14.793 0.1000000015
86814  36.971  20.241  14.746 0.1000000015
86815  36.054  20.079  14.657 0.1000000015
86825  44.059  20.632  14.147 0.3000000119
86826  42.470  20.413  13.755 0.2000000030
86833  50.069  21.120  12.333 0.6000000238
86834  49.377  20.568  12.527 0.5000000000
86837  41.490  20.959  12.816 0.2000000030
86840  53.510  21.271  11.385 0.6000000238
86845  41.378  20.909  11.942 0.3000000119
86847  53.504  21.178  10.554 0.6000000238
86859  48.989  20.487  9.088 0.6000000238
86865  49.617  20.824  8.590 0.6000000238
86867  47.759  19.931  7.636 0.5000000000
86868  42.392  20.356  9.146 0.2000000030
86872  53.283  20.917  7.442 0.8999999762
86874  48.510  20.363  7.490 0.6000000238
86881  53.436  21.771  7.256 0.8000000119
86884  48.577  20.401  6.544 0.6000000238
86886  41.992  20.366  6.661 0.3000000119
86921  50.011  21.108  3.559 0.6000000238
86924  41.823  20.902  3.332 0.4000000060
86932  49.824  20.738  2.596 0.6000000238
86942  51.115  21.369  1.338 0.6999999881
86969  52.172  21.244  -2.089 0.8000000119
86981  50.537  21.028  -3.175 0.8000000119
86984  48.059  20.363  -2.734 0.8000000119
86992  49.876  20.622  -3.302 0.8000000119
86994  48.413  20.202  -3.295 0.8000000119
87018  38.656  19.136  -5.660 0.6000000238
87636  22.869  21.750  24.200 0.1000000015
87646  22.652  21.573  23.427 0.1000000015
87655  22.489  21.342  22.578 0.1000000015
87664  22.299  21.124  21.071 0.1000000015
87675  51.713  22.008  18.859 0.3000000119
87680  31.984  22.258  18.678 0.1000000015
87682  29.798  21.202  18.425 0.1000000015
87683  29.154  21.095  18.309 0.1000000015
87685  22.614  21.362  18.582 0.1000000015
87691  51.591  22.900  18.436 0.3000000119
87692  49.120  23.573  18.139 0.3000000119
87695  46.555  21.812  16.842 0.3000000119
87698  30.942  22.095  18.570 0.1000000015
87700  28.619  21.315  17.889 0.1000000015
87702  26.538  21.249  17.180 0.1000000015
87703  25.584  21.141  17.098 0.1000000015
87706  22.747  21.910  17.841 0.1000000015
87709  52.425  22.472  16.732 0.4000000060
87714  28.729  21.854  17.309 0.1000000015
87715  27.808  21.807  16.901 0.1000000015
87716  26.953  21.650  16.658 0.1000000015
87719  24.061  21.745  16.699 0.1000000015
87724  49.120  22.495  15.758 0.4000000060
87728  39.189  21.696  15.479 0.1000000015
87731  36.826  21.567  15.331 0.1000000015
87732  35.877  21.549  15.275 0.1000000015
87733  34.907  21.503  15.386 0.1000000015
87741  51.286  23.246  14.608 0.6000000238
87752  40.769  21.560  13.505 0.1000000015
87756  51.961  22.864  12.302 0.6000000238
87761  51.784  22.581  11.466 0.6000000238
87764  40.716  22.014  12.145 0.2000000030
87766  53.540  22.072  10.110 0.6000000238
87767  51.718  22.354  9.910 0.6000000238
87770  41.327  21.405  10.986 0.1000000015
87772  53.519  22.143  9.239 0.6000000238
87773  51.815  22.352  9.220 0.6000000238
87779  53.457  22.195  8.415 0.6999999881
87783  53.327  22.290  7.670 0.6999999881
87790  52.827  22.393  6.240 0.6999999881
87804  51.482  22.099  4.884 0.6000000238
87819  52.534  22.308  4.287 0.6999999881
87821  42.110  21.355  4.648 0.4000000060
87828  52.343  22.242  3.363 0.6000000238
87829  42.124  21.527  3.876 0.3000000119
87835  52.686  21.699  1.567 0.8000000119
87836  41.966  21.756  3.128 0.4000000060
87841  52.659  21.472  0.606 0.8000000119
87846  52.477  21.363  -0.375 0.8000000119
87847  41.525  21.591  1.040 0.5000000000
87856  52.011  21.486  -1.835 0.8000000119
87858  41.550  21.512  -1.022 0.5000000000
87864  51.659  21.290  -2.454 0.8000000119
87883  40.280  21.497  -7.236 0.6000000238
87884  39.855  21.291  -6.758 0.6999999881
88509  22.907  22.363  24.406 0.1000000015
88544  49.886  24.089  18.457 0.3000000119
88545  31.604  22.387  18.654 0.1000000015
88554  48.773  23.538  17.402 0.3000000119
88555  34.020  23.798  18.389 0.1000000015
88559  30.530  22.414  18.134 0.1000000015
88560  29.691  22.136  17.680 0.1000000015
88561  23.242  22.069  17.038 0.1000000015
88568  48.621  23.282  16.632 0.4000000060
88569  39.164  22.827  16.440 0.1000000015
88573  35.745  22.939  16.231 0.1000000015
88581  25.515  22.096  15.989 0.1000000015
88584  22.919  22.777  16.799 0.1000000015
88588  51.437  24.022  15.539 0.5000000000
88592  38.156  22.157  15.965 0.1000000015
88598  27.044  22.392  15.407 0.1000000015
88600  24.073  22.761  15.693 0.1000000015
88605  40.170  21.894  14.444 0.1000000015
88608  26.723  22.697  14.808 0.1000000015
88609  26.013  22.496  15.270 0.1000000015
88616  53.268  22.568  12.246 0.6000000238
88617  52.565  23.129  13.382 0.6000000238
88622  53.259  22.628  11.448 0.6000000238
88630  40.837  22.354  11.573 0.2000000030
88633  52.883  22.862  10.197 0.6000000238
88637  53.204  22.641  8.812 0.6999999881
88638  52.941  22.841  9.211 0.6000000238
88639  52.420  22.679  9.600 0.6000000238
88644  52.993  22.787  8.341 0.6999999881
88652  42.283  21.939  7.507 0.2000000030
88654  52.898  22.600  6.989 0.6999999881
88655  42.612  22.548  5.937 0.3000000119
88658  42.919  22.646  4.921 0.3000000119
88670  43.117  22.709  4.039 0.3000000119
88698  41.651  22.719  1.730 0.5000000000
88732  41.682  21.784  -5.971 0.6999999881
88733  39.974  22.138  -6.739 0.5000000000
88737  41.889  22.766  -7.627 0.5000000000
88739  40.032  21.812  -7.228 0.6999999881
89331  23.154  23.874  23.047 0.1000000015
89334  22.951  23.659  22.439 0.1000000015
89353  22.334  23.645  19.243 0.1000000015
89355  22.402  23.425  17.963 0.1000000015
89361  32.652  23.253  18.718 0.1000000015
89362  31.695  23.240  18.320 0.1000000015
89363  22.543  23.480  17.182 0.1000000015
89369  51.399  24.325  16.379 0.4000000060
89370  39.864  23.812  16.748 0.1000000015
89372  39.063  23.308  16.988 0.1000000015
89373  38.154  23.428  16.885 0.1000000015
89374  37.113  23.542  16.738 0.1000000015
89376  35.333  23.659  17.064 0.1000000015
89378  31.614  23.715  17.384 0.1000000015
89380  22.784  23.559  16.419 0.1000000015
89387  29.432  22.957  15.422 0.1000000015
89388  28.671  22.819  15.010 0.1000000015
89389  25.298  22.943  14.780 0.1000000015
89399  26.884  23.001  14.179 0.1000000015
89402  23.866  23.742  14.721 0.1000000015
89408  40.382  23.122  12.954 0.1000000015
89411  27.980  23.535  13.424 0.1000000015
89412  27.097  23.436  13.542 0.1000000015
89414  25.387  23.590  13.833 0.1000000015
89419  40.562  23.444  12.205 0.1000000015
89420  28.313  23.999  12.808 0.1000000015
89432  43.109  22.729  9.702 0.2000000030
89443  44.032  23.760  5.097 0.3000000119
89464  42.911  22.901  3.253 0.3000000119
89489  42.776  23.919  2.069 0.4000000060
89494  37.193  23.882  1.923 0.1000000015
89497  41.540  23.494  0.183 0.5000000000
89503  41.485  23.113  -0.460 0.5000000000
89512  42.073  23.696  -3.084 0.5000000000
89513  39.668  23.914  -2.630 0.1000000015
89517  40.223  23.687  -4.477 0.3000000119
89524  42.161  22.468  -5.257 0.5000000000
89530  40.982  22.849  -7.546 0.4000000060
89538  42.022  23.971  -8.064 0.3000000119
90134  22.806  24.913  20.066 0.1000000015
90145  22.452  24.516  19.297 0.1000000015
90154  38.189  24.987  17.968 0.1000000015
90155  36.372  24.847  17.649 0.1000000015
90156  35.496  24.796  17.685 0.1000000015
90160  22.382  24.178  17.596 0.1000000015
90165  39.593  24.094  17.416 0.1000000015
90168  34.431  24.874  17.590 0.1000000015
90175  33.213  24.991  16.481 0.1000000015
90181  32.177  24.939  14.930 0.1000000015
90182  31.449  24.528  14.541 0.1000000015
90183  30.334  24.152  13.754 0.1000000015
90185  23.394  24.449  14.455 0.1000000015
90190  40.617  24.729  13.508 0.1000000015
90191  31.925  25.088  13.977 0.1000000015
90194  29.033  24.113  12.775 0.1000000015
90195  26.556  23.785  13.196 0.1000000015
90206  30.223  24.595  12.518 0.1000000015
90207  29.464  24.463  12.396 0.1000000015
90211  25.576  24.634  12.601 0.1000000015
90212  24.894  24.957  12.612 0.1000000015
90218  40.831  24.052  11.861 0.1000000015
90224  29.228  24.717  11.858 0.1000000015
90226  27.561  24.815  11.738 0.1000000015
90234  36.240  24.765  10.674 0.1000000015
90235  35.411  24.857  10.627 0.1000000015
90236  45.752  25.051  9.614 0.1000000015
90239  35.879  24.801  9.982 0.1000000015
90249  44.573  24.363  6.451 0.2000000030
90258  44.800  24.249  4.104 0.3000000119
90265  44.843  24.344  3.363 0.3000000119
90286  43.253  24.571  1.649 0.3000000119
90288  41.727  23.976  0.797 0.5000000000
90298  42.814  24.969  0.953 0.4000000060
90311  41.741  24.250  -0.832 0.5000000000
90315  34.744  25.136  -1.687 0.1000000015
90321  39.337  24.587  -1.836 0.1000000015
90322  38.729  25.108  -1.374 0.1000000015
90330  42.493  24.482  -3.415 0.5000000000
90344  43.046  24.734  -7.216 0.3000000119
90351  42.570  25.061  -7.776 0.3000000119
90353  41.962  24.260  -8.005 0.3000000119
90358  42.177  24.539  -7.954 0.3000000119
90891  23.975  25.280  23.616 0.1000000015
90894  23.920  24.993  22.690 0.1000000015
90908  23.117  25.691  19.885 0.1000000015
90919  39.469  25.935  18.896 0.1000000015
90922  39.754  25.523  18.724 0.1000000015
90925  35.445  25.153  17.608 0.1000000015
90926  34.925  25.148  17.510 0.1000000015
90931  35.210  25.612  17.013 0.1000000015
90939  40.857  25.603  16.273 0.1000000015
90941  33.507  25.492  15.762 0.1000000015
90942  32.887  25.310  15.359 0.1000000015
90946  34.203  26.341  14.781 0.1000000015
90949  23.032  25.186  14.150 0.1000000015
90950  22.619  25.695  14.653 0.1000000015
90955  35.793  26.496  13.416 0.1000000015
90960  23.395  25.509  13.415 0.1000000015
90968  41.801  25.762  12.862 0.1000000015
90975  30.761  24.928  11.801 0.1000000015
90977  24.602  25.545  12.387 0.1000000015
90990  35.183  25.245  12.035 0.1000000015
90991  34.300  25.125  11.925 0.1000000015
90996  29.397  25.056  11.291 0.1000000015
90997  28.821  25.367  10.885 0.1000000015
91000  25.097  25.956  11.818 0.1000000015
91006  46.562  26.724  11.207 0.1000000015
91010  38.164  25.141  10.849 0.1000000015
91012  33.900  25.166  10.452 0.1000000015
91013  33.216  24.984  10.892 0.1000000015
91015  30.957  25.251  10.893 0.1000000015
91016  30.417  25.677  10.316 0.1000000015
91018  28.283  25.845  10.617 0.1000000015
91025  38.098  25.012  9.224 0.1000000015
91027  36.313  25.083  9.355 0.1000000015
91029  34.730  25.440  9.579 0.1000000015
91030  32.864  25.663  9.736 0.1000000015
91032  31.048  26.016  9.842 0.1000000015
91036  40.071  25.824  8.215 0.1000000015
91038  38.499  25.319  8.352 0.1000000015
91041  35.807  25.566  8.856 0.1000000015
91045  46.114  25.395  7.542 0.2000000030
91047  39.254  25.554  7.767 0.1000000015
91049  37.815  25.493  7.851 0.1000000015
91072  46.207  25.078  3.595 0.2000000030
91078  47.791  26.012  2.214 0.2000000030
91096  44.844  26.169  0.117 0.2000000030
91097  42.594  25.236  0.174 0.4000000060
91098  36.510  25.065  -0.445 0.1000000015
91106  42.582  25.418  -0.675 0.4000000060
91116  38.004  25.756  -2.137 0.1000000015
91135  39.443  25.748  -3.110 0.1000000015
91139  43.635  25.546  -5.743 0.3000000119
91149  43.260  24.743  -6.253 0.5000000000
91678  24.537  26.396  24.411 0.1000000015
91685  25.137  26.280  23.091 0.1000000015
91686  25.532  26.557  22.597 0.1000000015
91690  24.754  26.225  21.537 0.1000000015
91691  24.094  25.813  21.120 0.1000000015
91711  40.463  26.456  19.107 0.1000000015
91712  39.847  26.379  19.021 0.1000000015
91713  22.989  26.501  18.794 0.1000000015
91714  22.592  26.286  18.018 0.1000000015
91719  42.344  27.659  19.155 0.1000000015
91729  35.459  26.185  16.574 0.1000000015
91737  34.876  26.111  16.187 0.1000000015
91738  22.440  26.289  15.163 0.1000000015
91745  34.741  26.514  15.261 0.1000000015
91748  45.187  28.751  13.370 0.1000000015
91753  37.150  27.141  13.644 0.1000000015
91756  34.732  26.675  14.365 0.1000000015
91763  43.169  26.771  13.372 0.1000000015
91767  36.622  26.542  13.234 0.1000000015
91775  45.305  27.768  12.723 0.1000000015
91782  24.877  26.670  11.590 0.1000000015
91789  47.068  27.695  11.356 0.1000000015
91793  39.798  26.234  10.637 0.1000000015
91795  29.606  26.175  10.035 0.1000000015
91797  27.852  26.536  10.413 0.1000000015
91799  26.187  26.924  10.872 0.1000000015
91804  40.691  26.650  9.596 0.1000000015
91806  34.427  26.037  9.127 0.1000000015
91810  30.863  26.729  9.461 0.1000000015
91811  30.012  26.800  9.610 0.1000000015
91823  48.828  27.487  7.507 0.1000000015
91826  42.197  26.915  7.482 0.1000000015
91829  38.344  25.948  6.824 0.1000000015
91832  36.088  26.818  7.831 0.1000000015
91837  42.273  26.702  6.580 0.1000000015
91840  38.654  26.287  6.269 0.1000000015
91849  41.433  26.450  5.290 0.1000000015
91852  38.930  26.659  5.589 0.1000000015
91859  49.400  27.519  4.159 0.1000000015
91862  43.009  26.849  4.664 0.1000000015
91863  42.303  26.625  4.982 0.1000000015
91872  49.510  27.499  3.246 0.1000000015
91884  48.736  26.644  2.679 0.2000000030
91890  49.681  27.576  1.354 0.2000000030
91901  46.669  26.436  0.091 0.2000000030
91902  45.713  26.320  0.104 0.2000000030
91903  33.213  26.737  -0.156 0.1000000015
91922  44.843  26.744  -1.650 0.2000000030
91936  45.466  27.114  -3.333 0.2000000030
91938  43.956  26.320  -4.036 0.3000000119
91940  38.146  26.923  -4.085 0.1000000015
91941  37.418  27.036  -3.902 0.1000000015
91958  41.517  26.456  -6.758 0.3000000119
91959  40.793  26.974  -6.118 0.3000000119
91976  42.932  25.660  -7.596 0.3000000119
92494  26.579  27.434  22.239 0.1000000015
92497  25.066  26.757  21.144 0.1000000015
92506  24.076  27.459  19.153 0.1000000015
92507  23.566  26.911  19.231 0.1000000015
92515  43.403  29.122  18.883 0.1000000015
92516  41.558  27.586  19.261 0.1000000015
92520  22.921  26.914  18.138 0.1000000015
92527  43.049  28.552  19.061 0.1000000015
92528  40.469  27.554  18.853 0.1000000015
92536  39.420  27.622  18.024 0.1000000015
92538  37.658  27.173  16.834 0.1000000015
92544  37.480  27.528  15.678 0.1000000015
92549  45.342  29.558  14.808 0.1000000015
92553  37.540  27.701  14.790 0.1000000015
92555  22.436  27.059  14.852 0.1000000015
92562  37.724  27.617  14.079 0.1000000015
92564  22.459  27.159  14.021 0.1000000015
92567  44.976  29.105  12.788 0.1000000015
92570  40.798  28.171  12.405 0.1000000015
92573  23.137  27.452  12.513 0.1000000015
92574  22.698  27.154  13.198 0.1000000015
92581  40.045  27.322  11.961 0.1000000015
92582  25.298  27.807  11.092 0.1000000015
92583  24.612  27.464  11.472 0.1000000015
92593  41.195  27.613  11.024 0.1000000015
92597  25.961  27.666  10.813 0.1000000015
92602  48.241  28.257  10.434 0.1000000015
92603  47.432  28.471  10.674 0.1000000015
92607  42.358  27.922  10.096 0.1000000015
92609  31.017  27.560  9.122 0.1000000015
92611  28.877  27.704  9.662 0.1000000015
92612  28.061  27.936  9.950 0.1000000015
92615  45.409  28.459  9.620 0.1000000015
92616  44.318  28.294  9.489 0.1000000015
92617  43.179  27.413  7.832 0.1000000015
92619  34.481  27.472  8.520 0.1000000015
92621  32.387  27.298  8.848 0.1000000015
92622  31.762  27.831  8.847 0.1000000015
92625  49.229  28.336  7.917 0.1000000015
92629  36.480  27.202  7.363 0.1000000015
92632  49.316  28.551  7.277 0.1000000015
92635  45.575  28.089  7.064 0.1000000015
92640  36.896  27.650  6.812 0.1000000015
92646  39.266  27.079  4.963 0.1000000015
92659  44.500  27.425  4.625 0.1000000015
92663  39.606  27.484  4.328 0.1000000015
92673  44.355  27.396  3.755 0.1000000015
92678  32.642  27.705  2.908 0.1000000015
92685  46.962  28.481  2.962 0.1000000015
92689  42.897  27.478  2.359 0.1000000015
92690  41.710  27.773  2.356 0.1000000015
92701  45.485  28.020  1.922 0.1000000015
92705  41.982  28.077  1.721 0.1000000015
92718  49.625  27.811  -0.482 0.2000000030
92720  35.079  26.994  -2.018 0.1000000015
92726  48.511  27.669  -1.879 0.2000000030
92730  35.598  26.534  -2.870 0.1000000015
92735  48.948  28.202  -2.613 0.2000000030
92737  46.558  27.442  -3.040 0.2000000030
92738  37.524  27.177  -3.853 0.1000000015
92764  46.655  28.570  -5.385 0.2000000030
92766  40.363  27.846  -6.179 0.2000000030
92767  39.801  27.922  -5.543 0.2000000030
92775  44.212  28.148  -6.599 0.2000000030
92777  42.745  27.856  -7.193 0.2000000030
93219  26.999  28.895  23.923 0.1000000015
93229  26.743  28.120  23.497 0.1000000015
93230  26.066  27.738  23.833 0.1000000015
93239  27.054  27.875  22.727 0.1000000015
93250  24.701  28.126  18.923 0.1000000015
93256  42.600  28.387  19.154 0.1000000015
93271  23.885  28.216  17.658 0.1000000015
93273  44.652  30.108  17.427 0.1000000015
93282  45.155  30.213  16.612 0.1000000015
93286  23.415  28.959  15.989 0.1000000015
93291  45.067  30.248  15.447 0.1000000015
93292  43.900  30.408  15.255 0.1000000015
93301  42.383  29.518  13.663 0.1000000015
93302  22.524  28.605  14.031 0.1000000015
93306  22.935  28.258  12.485 0.1000000015
93312  23.947  28.107  11.586 0.1000000015
93313  23.395  28.736  11.996 0.1000000015
93318  27.223  28.232  10.326 0.1000000015
93319  26.571  28.925  10.605 0.1000000015
93325  48.798  28.499  9.632 0.1000000015
93334  35.216  27.964  8.224 0.1000000015
93336  33.782  28.266  8.501 0.1000000015
93338  31.983  28.692  8.656 0.1000000015
93344  35.780  28.488  7.895 0.1000000015
93348  37.359  28.109  6.318 0.1000000015
93353  49.046  29.019  6.123 0.1000000015
93356  37.843  28.622  5.860 0.1000000015
93369  39.339  28.242  4.077 0.1000000015
93377  49.556  28.639  3.524 0.1000000015
93381  39.744  28.720  3.560 0.1000000015
93384  32.356  28.756  3.935 0.1000000015
93388  49.580  28.508  2.683 0.1000000015
93389  49.068  28.848  2.453 0.1000000015
93402  45.088  28.179  1.136 0.1000000015
93404  43.172  28.231  0.992 0.1000000015
93409  34.701  28.319  1.629 0.1000000015
93416  43.722  28.613  0.208 0.1000000015
93418  42.238  29.190  0.757 0.1000000015
93427  46.215  28.954  -1.041 0.1000000015
93436  49.267  28.878  -1.703 0.1000000015
93437  47.506  29.163  -1.399 0.1000000015
93440  38.838  28.832  -1.174 0.2000000030
93446  49.305  28.600  -2.425 0.1000000015
93455  48.974  29.246  -3.031 0.1000000015
93456  48.656  29.221  -3.754 0.1000000015
93457  48.026  28.695  -4.284 0.2000000030
93458  39.828  28.643  -3.477 0.2000000030
93467  47.566  28.970  -5.047 0.2000000030
93468  40.954  28.611  -5.648 0.2000000030
93470  39.396  27.906  -4.875 0.2000000030
93477  47.721  29.675  -5.205 0.2000000030
93479  46.261  29.227  -5.808 0.2000000030
93480  44.499  28.810  -6.394 0.2000000030
93492  41.844  28.168  -6.914 0.2000000030
93911  27.305  29.664  24.330 0.1000000015
93959  44.086  30.326  17.276 0.1000000015
93973  22.669  29.364  13.580 0.1000000015
93976  22.711  29.320  12.907 0.1000000015
93979  24.294  29.646  11.519 0.1000000015
93980  23.676  29.403  11.810 0.1000000015
93992  30.184  29.529  9.424 0.1000000015
93993  29.309  29.202  9.659 0.1000000015
94001  34.310  29.108  8.432 0.1000000015
94002  33.691  29.605  8.515 0.1000000015
94004  31.989  29.545  8.749 0.1000000015
94014  36.856  29.252  7.084 0.1000000015
94027  39.237  29.428  4.350 0.1000000015
94037  40.211  29.310  3.041 0.1000000015
94044  41.233  29.365  1.795 0.1000000015
94047  35.016  29.446  2.702 0.1000000015
94052  36.581  29.203  1.639 0.1000000015
94057  42.801  29.658  0.158 0.1000000015
94059  38.390  29.644  0.402 0.1000000015
94065  44.023  29.935  -0.967 0.1000000015
94068  38.682  29.243  -0.335 0.1000000015
94074  49.328  28.914  -2.248 0.1000000015
94078  44.718  30.756  -1.646 0.1000000015
94087  47.068  30.250  -3.164 0.1000000015
94088  46.090  30.703  -3.201 0.1000000015
94089  45.291  30.956  -2.767 0.1000000015
94096  47.888  30.576  -4.159 0.1000000015
94108  43.764  30.131  -4.702 0.2000000030
94110  41.351  29.013  -4.715 0.2000000030
94117  47.239  29.971  -5.493 0.2000000030
94119  43.509  29.363  -5.649 0.2000000030
94120  42.621  29.143  -5.517 0.2000000030
94121  41.853  28.837  -5.774 0.2000000030
94623  23.301  30.490  12.488 0.1000000015
94626  26.065  30.909  11.223 0.1000000015
94627  25.243  30.737  11.400 0.1000000015
94628  24.430  30.485  11.601 0.1000000015
94634  28.306  30.434  10.578 0.1000000015
94635  27.450  30.327  10.737 0.1000000015
94636  26.642  30.264  10.891 0.1000000015
94640  32.048  30.844  9.230 0.1000000015
94644  28.826  29.846  10.153 0.1000000015
94651  35.987  30.975  8.258 0.1000000015
94655  32.499  30.269  8.837 0.1000000015
94660  36.430  30.289  7.868 0.1000000015
94664  37.603  30.187  6.924 0.1000000015
94666  39.235  30.436  5.299 0.1000000015
94667  38.557  30.043  5.699 0.1000000015
94686  34.904  30.841  3.282 0.1000000015
94688  33.204  30.755  3.722 0.1000000015
94695  41.483  30.697  2.215 0.1000000015
94701  42.481  30.691  0.998 0.1000000015
94708  44.192  31.524  -0.487 0.1000000015
94712  37.978  30.097  1.072 0.1000000015
94719  40.453  31.050  -0.726 0.1000000015
94742  47.371  30.764  -4.616 0.1000000015
94750  47.359  30.602  -5.076 0.2000000030
94751  44.762  30.474  -4.671 0.2000000030
95239  23.323  31.647  13.310 0.1000000015
95250  23.858  30.984  11.998 0.1000000015
95253  31.071  31.761  10.240 0.1000000015
95254  30.281  31.551  10.498 0.1000000015
95257  27.753  31.090  10.959 0.1000000015
95261  33.319  31.920  9.310 0.1000000015
95263  31.539  31.317  9.678 0.1000000015
95272  37.212  31.791  8.173 0.1000000015
95275  34.638  31.392  8.753 0.1000000015
95286  37.603  31.313  7.736 0.1000000015
95287  36.831  31.111  8.025 0.1000000015
95290  39.540  31.487  6.534 0.1000000015
95310  40.957  31.070  3.724 0.1000000015
95324  43.109  31.993  1.956 0.1000000015
95353  44.576  32.005  -2.273 0.1000000015
95356  41.256  31.613  -1.193 0.1000000015
95360  43.657  32.426  -2.047 0.1000000015
95832  25.203  32.826  12.130 0.1000000015
95837  30.871  33.012  11.642 0.1000000015
95848  28.956  31.912  11.168 0.1000000015
95849  28.059  31.835  11.180 0.1000000015
95854  31.814  32.025  10.013 0.1000000015
95858  39.234  32.693  8.190 0.1000000015
95862  34.921  32.104  8.976 0.1000000015
95871  38.793  32.147  7.800 0.1000000015
95872  37.983  31.922  7.992 0.1000000015
95875  40.177  32.179  6.970 0.1000000015
95877  43.413  33.428  5.326 0.1000000015
95882  41.526  31.982  5.036 0.1000000015
95891  30.600  32.243  3.095 0.1000000015
95902  44.139  33.350  2.634 0.1000000015
95906  34.677  32.230  3.254 0.1000000015
95907  33.481  32.890  3.159 0.1000000015
95926  44.655  33.585  0.896 0.1000000015
95937  41.289  32.912  -0.325 0.1000000015
96393  31.014  34.332  13.005 0.1000000015
96405  30.539  33.623  12.321 0.1000000015
96409  26.869  33.258  11.890 0.1000000015
96410  26.052  33.077  11.918 0.1000000015
96414  33.422  33.329  10.742 0.1000000015
96415  32.607  33.219  11.172 0.1000000015
96416  31.996  33.143  11.431 0.1000000015
96423  34.718  33.262  9.775 0.1000000015
96424  33.980  33.151  9.979 0.1000000015
96432  37.663  32.871  8.857 0.1000000015
96434  35.916  33.046  9.233 0.1000000015
96456  44.320  33.688  2.211 0.1000000015
96457  44.201  33.996  2.113 0.1000000015
96458  39.117  33.769  1.809 0.1000000015
96462  34.506  34.055  2.815 0.1000000015
96480  30.773  33.185  1.318 0.1000000015
96489  44.447  34.016  0.755 0.1000000015
96490  43.883  34.234  0.353 0.1000000015
96491  40.741  33.506  0.673 0.1000000015
96954  36.012  34.707  12.999 0.1000000015
96958  32.426  34.732  13.547 0.1000000015
96975  39.157  34.916  10.440 0.1000000015
96976  38.116  34.685  10.536 0.1000000015
96977  37.217  34.511  10.615 0.1000000015
96978  36.404  34.402  10.728 0.1000000015
96988  35.964  33.922  10.115 0.1000000015
97008  43.388  33.816  5.539 0.1000000015
97009  43.129  34.223  5.999 0.1000000015
97012  43.099  34.236  5.267 0.1000000015
97014  39.363  34.795  4.068 0.1000000015
97023  43.437  34.373  1.883 0.1000000015
97024  41.767  34.452  2.628 0.1000000015
97029  36.386  35.012  2.855 0.1000000015
97042  40.959  34.202  1.933 0.1000000015
97053  31.778  33.965  -0.201 0.1000000015
97562  39.722  35.782  12.673 0.1000000015
97564  37.487  35.162  13.144 0.1000000015
97572  39.777  35.509  11.213 0.1000000015
97606  40.875  35.037  5.566 0.1000000015
97608  38.585  35.809  4.624 0.1000000015
97611  38.490  35.152  4.014 0.1000000015
97612  37.671  35.323  3.577 0.1000000015
97613  37.004  35.745  3.432 0.1000000015
97616  35.629  35.395  2.770 0.1000000015
98131  41.246  36.858  14.300 0.1000000015
98146  41.683  36.563  13.471 0.1000000015
98207  42.885  35.990  8.255 0.1000000015
98208  42.371  36.212  7.672 0.1000000015
98215  41.677  36.345  7.049 0.1000000015
98216  40.923  36.358  6.463 0.1000000015
98225  40.180  36.386  5.912 0.1000000015
98233  37.749  36.702  4.119 0.1000000015
98239  35.286  36.794  2.498 0.1000000015
98241  33.889  36.160  1.777 0.1000000015
98829  39.244  37.352  5.158 0.1000000015
98846  37.263  37.289  3.721 0.1000000015
98847  36.463  37.516  3.084 0.1000000015
98855  34.734  37.053  2.017 0.1000000015
99412  41.888  38.673  6.596 0.1000000015
99414  40.768  37.703  6.288 0.1000000015
99429  38.992  38.926  3.936 0.1000000015
99950  40.776  38.886  5.394 0.1000000015
99955  39.797  39.084  4.284 0.1000000015
99958  41.197  39.703  4.286 0.1000000015
99959  40.481  39.672  3.792 0.1000000015
99967  38.623  39.548  2.368 0.1000000015
99968  37.848  39.339  2.102 0.1000000015
100452  44.399  39.953  5.891 0.1000000015
100465  47.076  40.478  4.997 0.1000000015
100477  43.979  40.608  3.248 0.1000000015
100484  42.031  40.525  2.641 0.1000000015
100485  40.234  40.167  2.457 0.1000000015
100486  39.733  40.122  1.999 0.1000000015
112059  36.298  26.812  -3.228 0.1000000015
112136  43.584  33.382  4.648 0.1000000015
112148  40.284  22.568  13.779 0.1000000015
112160  41.564  27.337  3.067 0.1000000015
112177  33.031  27.759  8.621 0.1000000015
112232  40.625  40.571  0.758 0.1000000015
112286  39.020  26.854  -4.325 0.1000000015
112322  38.128  27.667  16.138 0.1000000015
112348  44.696  18.386  3.210 0.4000000060
112358  44.881  9.410  19.954 0.2000000030
112488  46.000  7.368  25.995 0.2000000030
112551  44.863  18.570  4.118 0.5000000000
112715  50.541  20.916  0.031 0.8000000119
112723  34.799  26.400  13.503 0.1000000015
112741  46.353  25.167  2.976 0.2000000030
112871  40.100  26.217  5.848 0.1000000015
113101  43.456  28.393  10.371 0.1000000015
113506  42.472  23.772  -4.281 0.5000000000
113527  52.790  19.983  12.586 0.5000000000
113716  27.360  29.028  10.375 0.1000000015
114020  25.897  25.691  11.595 0.1000000015
114059  27.322  25.268  11.410 0.1000000015
114197  48.237  13.030  1.026 0.6000000238
114618  49.584  20.071  -3.582 0.8000000119
114723  37.019  25.358  11.815 0.1000000015
114732  42.445  34.447  4.555 0.1000000015
114871  34.226  32.547  9.425 0.1000000015
114986  22.407  25.471  17.933 0.1000000015
115264  41.458  -6.010  34.024 0.1000000015
115332  35.054  29.647  8.366 0.1000000015
115403  45.428  8.751  22.616 0.2000000030
115449  32.560  22.757  18.719 0.1000000015
115640  39.801  28.165  -5.336 0.2000000030
115694  29.967  28.841  9.310 0.1000000015
115746  42.404  2.746  35.516 0.1000000015
115831  42.283  19.591  11.217 0.3000000119
115860  22.454  24.897  16.251 0.1000000015
115882  48.101  13.479  25.339 0.1000000015
115892  35.251  17.729  22.214 0.1000000015
116075  47.525  18.980  1.258 0.6999999881
116080  50.400  17.038  -4.655 0.8000000119
116183  39.895  13.467  15.291 0.1000000015
116212  50.247  16.975  18.557 0.2000000030
116485  45.252  13.200  8.995 0.8999999762
116550  45.708  18.406  2.012 0.6000000238
116556  40.861  26.196  6.069 0.1000000015
117058  45.254  27.857  6.291 0.1000000015
117504  23.410  27.978  12.044 0.1000000015
117630  31.444  15.218  18.836 0.1000000015
117632  36.341  28.901  7.486 0.1000000015
117735  40.936  25.050  12.914 0.1000000015
117993  49.813  14.551  21.536 0.2000000030
118226  23.251  19.267  19.833 0.1000000015
118304  25.840  18.503  23.492 0.1000000015
118563  32.533  25.273  10.447 0.1000000015
118630  47.866  19.488  -0.115 0.6999999881
118762  40.573  1.323  36.427 0.1000000015
118796  39.651  17.135  13.845 0.1000000015
119139  39.067  34.497  3.192 0.1000000015
119232  45.110  18.402  -2.767 0.8000000119
119378  36.854  25.936  12.562 0.1000000015
119434  43.247  6.472  24.838 0.2000000030
119439  45.180  24.528  9.092 0.2000000030
119474  45.411  27.856  4.965 0.1000000015
119625  37.705  24.766  10.027 0.1000000015
119648  22.359  21.040  21.860 0.1000000015
119660  42.677  38.526  7.465 0.1000000015
119688  29.567  25.516  10.611 0.1000000015
119855  49.455  10.584  19.091 0.2000000030
119869  25.014  26.706  23.864 0.1000000015
119938  41.680  34.024  0.650 0.1000000015
119961  41.953  18.271  14.333 0.2000000030
119971  22.604  22.866  22.222 0.1000000015
120237  39.411  21.678  -4.763 0.6000000238
120239  22.459  27.832  14.476 0.1000000015
120485  34.228  18.895  14.621 0.1000000015
120518  32.133  17.932  15.943 0.1000000015
120592  47.843  19.813  8.937 0.5000000000
120615  43.077  23.991  10.500 0.1000000015
120629  28.154  24.713  11.765 0.1000000015
120911  22.348  24.760  17.957 0.1000000015
121104  32.975  17.899  23.025 0.1000000015
121248  27.068  24.542  12.183 0.1000000015
121408  37.751  18.067  14.214 0.1000000015
121410  39.849  18.029  14.012 0.1000000015
121641  48.553  29.206  -1.757 0.1000000015
121651  52.344  14.289  -3.134 0.5000000000
121723  36.260  15.638  14.496 0.1000000015
121931  45.855  6.859  27.955 0.2000000030
121972  49.724  19.321  18.164 0.3000000119
122039  41.642  19.073  14.288 0.2000000030
122063  41.648  20.945  -0.623 0.6000000238
122082  37.064  15.555  14.348 0.1000000015
122346  36.869  34.356  2.672 0.1000000015
122698  51.633  22.147  7.476 0.6999999881
122740  40.910  19.040  14.242 0.2000000030
123430  33.141  20.102  15.688 0.1000000015
123542  44.577  24.153  4.749 0.3000000119
123559  24.515  26.673  25.049 0.1000000015
123585  50.132  20.188  -3.464 0.8000000119
123712  48.851  7.037  32.222 0.1000000015
123769  37.350  12.576  18.128 0.1000000015
123782  24.753  19.885  18.162 0.1000000015
123934  49.620  28.373  1.048 0.1000000015
124314  43.248  18.677  2.924 0.4000000060
124399  42.072  28.534  -6.559 0.2000000030
124428  39.615  40.174  1.445 0.1000000015
124519  51.196  21.067  -3.073 0.8000000119
124559  49.963  28.084  1.069 0.1000000015
124564  34.899  19.050  14.494 0.1000000015
124615  42.232  27.178  18.510 0.1000000015
124871  51.034  22.403  13.789 0.5000000000
124920  39.212  35.727  5.070 0.1000000015
124945  52.186  23.207  13.053 0.6000000238
125387  34.630  25.004  10.600 0.1000000015
125421  22.288  22.806  19.094 0.1000000015
125467  44.835  31.266  -3.268 0.1000000015
125752  48.323  19.814  3.317 0.6000000238
126339  41.261  22.782  10.960 0.1000000015
126411  41.666  21.933  -3.682 0.5000000000
126469  31.889  18.079  23.521 0.1000000015
126532  42.630  19.709  8.024 0.4000000060
126536  48.259  19.752  11.857 0.5000000000
126562  37.823  25.882  18.139 0.1000000015
126624  41.988  19.889  4.394 0.4000000060
126701  53.172  20.580  10.581 0.6000000238
126702  27.540  19.512  25.517 0.1000000015
126747  49.364  14.186  23.810 0.1000000015
126749  41.450  2.343  28.937 0.1000000015
127225  44.696  19.394  -1.087 0.6999999881
127395  50.412  10.042  22.138 0.1000000015
127446  42.164  27.443  2.572 0.1000000015
127483  45.653  14.966  17.655 0.1000000015
127613  47.739  10.065  18.416 0.2000000030
127793  22.313  22.660  20.481 0.1000000015
127859  22.413  26.186  15.865 0.1000000015
127864  36.071  17.934  14.374 0.1000000015
127885  22.342  23.337  18.632 0.1000000015
128087  46.718  16.202  8.602 0.8999999762
128250  41.556  23.631  -7.545 0.2000000030
128264  50.595  21.602  6.382 0.6999999881
128267  25.790  17.494  20.917 0.1000000015
128313  51.700  22.432  10.653 0.6000000238
128372  48.630  28.888  9.165 0.1000000015
128376  42.198  30.046  -3.483 0.2000000030
128621  31.397  15.879  21.380 0.1000000015
128627  41.967  21.206  5.436 0.4000000060
128761  33.778  20.256  15.211 0.1000000015
128979  22.659  26.606  13.698 0.1000000015
129240  43.499  5.796  27.956 0.2000000030
129510  42.060  15.075  15.093 0.2000000030
129518  43.956  29.285  12.500 0.1000000015
129558  55.730  14.852  4.681 0.6000000238
129641  47.625  10.303  30.131 0.1000000015
129652  24.771  19.328  18.648 0.1000000015
129880  33.360  14.165  17.274 0.1000000015
129886  32.205  17.713  23.132 0.1000000015
129900  41.457  27.926  -6.900 0.2000000030
130069  23.187  24.136  21.919 0.1000000015
130161  47.252  14.444  -3.119 0.5000000000
130237  50.804  18.697  8.408 0.8000000119
130386  46.865  25.645  1.867 0.2000000030
130448  41.320  1.936  40.188 0.1000000015
130552  24.338  24.466  13.506 0.1000000015
130632  41.812  5.353  24.584 0.2000000030
130664  57.084  13.952  1.601 0.4000000060
130677  30.814  24.212  14.279 0.1000000015
130774  50.531  8.006  29.383 0.1000000015
130781  31.405  18.934  24.261 0.1000000015
130840  33.178  16.151  15.479 0.1000000015
130847  52.099  16.515  22.494 0.2000000030
130866  41.794  20.557  1.904 0.5000000000
131102  26.403  29.650  10.793 0.1000000015
131103  35.007  14.293  19.573 0.1000000015
131158  30.855  22.941  18.004 0.1000000015
131277  42.519  13.850  22.648 0.1000000015
131341  31.363  29.094  8.841 0.1000000015
131439  42.642  24.793  -7.679 0.3000000119
131448  54.687  6.926  5.453 0.1000000015
131479  55.173  8.935  -2.450 0.4000000060
131504  43.973  12.433  21.960 0.1000000015
131525  22.858  25.964  19.266 0.1000000015
131545  50.389  17.787  0.184 0.8999999762
131607  38.597  22.893  0.511 0.3000000119
131630  44.711  10.809  1.827 0.2000000030
131652  38.481  18.188  14.139 0.1000000015
131708  49.788  20.894  10.109 0.6000000238
131726  43.197  33.647  6.171 0.1000000015
131747  51.966  8.891  26.885 0.1000000015
131766  23.080  23.670  15.816 0.1000000015
132002  43.265  18.875  2.202 0.5000000000
132084  35.241  -4.864  23.062 0.1000000015
132123  43.472  4.964  30.351 0.1000000015
132148  57.831  9.124  -1.052 0.3000000119
132191  30.041  20.872  18.503 0.1000000015
132300  47.269  26.556  10.402 0.1000000015
132345  30.859  15.916  18.236 0.1000000015
132370  49.040  28.319  9.350 0.1000000015
132415  55.556  8.210  -1.278 0.3000000119
132457  42.346  26.750  4.327 0.1000000015
132487  40.261  23.155  13.619 0.1000000015
132502  37.471  16.187  14.184 0.1000000015
132599  39.591  25.651  9.372 0.1000000015
132649  53.516  21.348  11.920 0.6000000238
132686  41.414  24.575  11.742 0.1000000015
132693  27.166  32.901  11.637 0.1000000015
132743  36.164  31.220  2.712 0.1000000015
133050  37.705  38.605  3.207 0.1000000015
133052  24.849  23.991  13.651 0.1000000015
133108  26.179  17.341  21.297 0.1000000015
133129  33.949  14.915  15.530 0.1000000015
133151  29.132  23.433  13.977 0.1000000015
133156  28.746  17.079  22.646 0.1000000015
133184  41.639  21.160  1.017 0.5000000000
133257  48.021  6.410  32.521 0.1000000015
133277  38.274  18.444  -5.417 0.5000000000
133317  23.247  21.276  24.567 0.1000000015
133426  35.366  17.904  14.401 0.1000000015
133447  34.488  22.883  16.934 0.1000000015
133606  41.958  20.169  10.750 0.2000000030
133612  42.415  19.355  4.525 0.4000000060
133613  48.467  10.363  17.875 0.3000000119
133624  42.518  23.646  10.536 0.1000000015
133770  43.949  3.804  32.882 0.1000000015
133862  47.024  30.784  -4.843 0.2000000030
133993  33.809  25.518  12.523 0.1000000015
134013  48.857  20.317  10.610 0.6000000238
134072  36.379  26.222  17.197 0.1000000015
134098  44.974  40.553  3.419 0.1000000015
134155  41.476  35.910  10.677 0.1000000015
134161  49.318  8.377  25.934 0.2000000030
134217  52.510  23.218  13.096 0.6000000238
134219  44.710  4.084  34.600 0.1000000015
134229  23.481  19.718  18.870 0.1000000015
134296  22.763  20.356  22.640 0.1000000015
134304  45.759  12.445  22.497 0.2000000030
134341  41.735  28.537  12.229 0.1000000015
134342  24.197  25.803  24.265 0.1000000015
134347  35.774  31.577  2.950 0.1000000015
134348  47.688  11.914  2.899 0.6000000238
134363  39.955  25.658  -3.662 0.2000000030
134616  40.088  15.052  -3.191 0.6000000238
134722  41.555  23.718  -0.458 0.5000000000
134724  23.086  26.899  12.776 0.1000000015
134743  50.938  18.949  11.150 0.6000000238
134817  42.574  18.407  14.536 0.3000000119
134843  38.120  19.809  14.649 0.1000000015
134899  37.324  29.587  6.808 0.1000000015
134904  34.421  25.195  10.048 0.1000000015
134964  44.244  19.593  0.095 0.6999999881
135027  47.552  16.669  9.131 0.8999999762
135083  44.962  20.805  14.380 0.3000000119
