global_signal	global_signal_derivative1	global_signal_derivative1_power2	global_signal_power2	csf	csf_derivative1	csf_derivative1_power2	csf_power2	white_matter	white_matter_derivative1	white_matter_derivative1_power2	white_matter_power2	csf_wm	tcompcor	std_dvars	dvars	framewise_displacement	rmsd	t_comp_cor_00	t_comp_cor_01	t_comp_cor_02	t_comp_cor_03	t_comp_cor_04	c_comp_cor_00	c_comp_cor_01	c_comp_cor_02	c_comp_cor_03	c_comp_cor_04	c_comp_cor_05	c_comp_cor_06	w_comp_cor_00	w_comp_cor_01	w_comp_cor_02	w_comp_cor_03	w_comp_cor_04	w_comp_cor_05	w_comp_cor_06	w_comp_cor_07	w_comp_cor_08	w_comp_cor_09	w_comp_cor_10	w_comp_cor_11	w_comp_cor_12	w_comp_cor_13	w_comp_cor_14	w_comp_cor_15	w_comp_cor_16	w_comp_cor_17	a_comp_cor_00	a_comp_cor_01	a_comp_cor_02	a_comp_cor_03	a_comp_cor_04	a_comp_cor_05	a_comp_cor_06	a_comp_cor_07	a_comp_cor_08	a_comp_cor_09	a_comp_cor_10	a_comp_cor_11	a_comp_cor_12	a_comp_cor_13	a_comp_cor_14	a_comp_cor_15	a_comp_cor_16	edge_comp_00	edge_comp_01	edge_comp_02	edge_comp_03	edge_comp_04	edge_comp_05	edge_comp_06	edge_comp_07	edge_comp_08	edge_comp_09	edge_comp_10	edge_comp_11	edge_comp_12	edge_comp_13	edge_comp_14	edge_comp_15	edge_comp_16	edge_comp_17	edge_comp_18	edge_comp_19	edge_comp_20	edge_comp_21	edge_comp_22	edge_comp_23	cosine00	cosine01	cosine02	cosine03	trans_x	trans_x_derivative1	trans_x_derivative1_power2	trans_x_power2	trans_y	trans_y_derivative1	trans_y_derivative1_power2	trans_y_power2	trans_z	trans_z_derivative1	trans_z_power2	trans_z_derivative1_power2	rot_x	rot_x_derivative1	rot_x_power2	rot_x_derivative1_power2	rot_y	rot_y_derivative1	rot_y_power2	rot_y_derivative1_power2	rot_z	rot_z_derivative1	rot_z_derivative1_power2	rot_z_power2	motion_outlier00	motion_outlier01	motion_outlier02	motion_outlier03	motion_outlier04	motion_outlier05	motion_outlier06	motion_outlier07	motion_outlier08	motion_outlier09	motion_outlier10	motion_outlier11	motion_outlier12	motion_outlier13	motion_outlier14	motion_outlier15	motion_outlier16	motion_outlier17	motion_outlier18	motion_outlier19	motion_outlier20	motion_outlier21	motion_outlier22	motion_outlier23	motion_outlier24	motion_outlier25	motion_outlier26	motion_outlier27	motion_outlier28
873.2339583890912	n/a	n/a	762537.546083881	974.7479911645254	n/a	n/a	950133.6462792776	767.4088653066087	n/a	n/a	588916.3665511768	777.0762661498424	705.7344480137625	n/a	n/a	n/a	n/a	0.0041923389	-0.1005035005	0.0719744607	-0.0855144561	0.0419547734	-0.0604130944	0.1120705359	-0.0966025575	0.0187949908	0.0181610911	-0.1186526655	0.0864150685	0.0014766592	-0.1031555701	0.0883947694	-0.0813276441	-0.047511228	0.0355030289	-0.0435768932	0.0182853153	-0.0252823628	0.0800006896	-0.1484610032	0.1312456417	-0.1064382898	0.0922546623	-0.166802166	0.1303756597	0.2060901273	-0.099295182	-0.0084718613	-0.086432266	0.1172902868	0.0811081678	-0.0505472021	0.0161283132	-0.0467652884	0.0160137504	-0.0028774666	0.0981415687	-0.1946168168	0.0707518507	-0.0975015942	0.0137478376	-0.1233350292	-0.17603028	0.126149405	-0.0285141648	0.0812099318	-0.0094325347	0.011641344	-0.0220214637	-0.032835694	0.0118813212	-0.0016700825	0.0859812585	-0.1048372637	0.1775010714	-0.0792244949	0.0267306965	-0.0806479645	0.1368637036	-0.0060575772	0.0291116781	-0.0135619436	-0.165126323	-0.0001695598	0.0075947856	0.0863757857	0.2599190803	-0.0121517772	0.1290883846	0.1290552057	0.1289999139	0.1289225186	0.1082436783429869	n/a	n/a	0.01171669390122	0.0010905392529991	n/a	n/a	1.1892758623318348e-06	0.2361568936047859	n/a	0.0557700783970621	n/a	-0.0053223382197492	n/a	2.8327284125403084e-05	n/a	-0.003632002318894	n/a	1.3191440844451392e-05	n/a	0.0014908507404911	n/a	n/a	2.222635930422861e-06	0.0	0.0	0.0	0.0	0.0	0.0	0.0	0.0	0.0	0.0	0.0	0.0	0.0	0.0	0.0	0.0	0.0	0.0	0.0	0.0	0.0	0.0	0.0	0.0	0.0	0.0	0.0	0.0	0.0
870.4003305343937	-2.833627854697511	8.029446818917618	757596.7353943818	957.0074090957642	-17.740582068761228	314.7282521384524	915863.1810641872	766.8445163107514	-0.5643489958573582	0.3184897891252085	588050.5121958703	777.2273558071904	700.0517432298489	1.433594	38.961952	1.095470340415	0.716961122954956	-0.1163271837	-0.2095096487	0.112216598	-0.0412353337	-0.0465479893	0.0550943823	0.1650624786	-0.2223300543	0.0543875573	0.0393096419	-0.0298355876	-0.0034882816	-0.0371783944	-0.2664772032	0.0641868444	0.0214868398	0.0842711177	0.1053852848	-0.0011867973	-0.010044113	-0.1308107691	-0.0128194376	-0.065731301	0.1441905189	-0.0592570955	-0.0182483209	-0.1368282799	0.2228696431	0.2140137614	0.1240186557	0.0323266279	-0.2545224122	0.1059186268	-0.0414017589	0.0949670436	0.0530960989	-0.0470155178	0.0106451228	-0.0914799197	0.0688406342	-0.16433538	-0.0135970445	-0.1059360657	0.0474831093	-0.1195763998	-0.1748178829	0.0420355477	-0.1281438947	0.2344223466	0.0106135254	0.1249993775	-0.2083700516	0.0586148731	-0.0518475701	-0.0272988828	-0.0024759987	-0.0973564816	0.3333728619	-0.3784278162	0.2156445915	-0.0581730247	0.0634098315	0.2764559267	-0.1130648589	0.168616852	0.1360492802	-0.0887971039	-0.0932855084	0.0021727259	0.1232295277	-0.020929414	0.1289999139	0.1287014744	0.1282045865	0.1275100165	0.0918297774302345	-0.0164139009127523	0.0002694161431736	0.0084327080228864	0.1480482369574645	0.1469576977044654	0.021596564914597	0.0219182804662135	0.4052333266096681	0.1690764330048822	0.1642140489951379	0.0285868401976544	-0.0180498011933647	-0.0127274629736155	0.0003257953231199	0.0001619883137447	-0.0041509909917749	-0.0005189886728809	1.723072621379637e-05	2.693492425786783e-07	0.0035048452698527	0.0020139945293616	4.056173964298452e-06	1.2283940365608845e-05	1.0	0.0	0.0	0.0	0.0	0.0	0.0	0.0	0.0	0.0	0.0	0.0	0.0	0.0	0.0	0.0	0.0	0.0	0.0	0.0	0.0	0.0	0.0	0.0	0.0	0.0	0.0	0.0	0.0
871.0718695948719	0.671539060478267	0.4509647097480335	758766.2019995056	964.1900137265524	7.182604630788205	51.58980928222017	929662.3825700092	767.1279631659575	0.2834468552060798	0.0803421197262163	588485.3118711506	777.8043947360325	712.0981099705497	1.366354	37.13451	0.6357020727140766	0.5131002609668851	-0.0013578261	-0.1135686133	0.0274943011	-0.0762700062	-0.0785912468	-0.0066727337	0.0578922417	-0.1599165399	0.0125936085	0.0407835227	0.016743895	-0.0049764598	-0.0091388167	-0.1450306307	0.0315103539	-0.0394318643	0.0477294246	0.0077527014	0.0343055974	0.0341472311	0.0373726403	0.0917496924	-0.0770415662	0.0792338588	0.0056790606	0.0709365581	-0.1852115634	-0.0100520001	0.0308892478	0.0498850561	0.0048982533	-0.1397893384	0.0592947012	0.0251983891	0.0675221669	0.0060608208	0.0410375806	0.0211569494	0.0584018716	0.0367968185	-0.0907072081	0.0494913622	-0.0701406361	-0.16226547	-0.0080393494	-0.0903105791	-0.0118440132	-0.0477743415	0.1466629377	0.0196460804	0.0009183112	-0.0339630465	-0.0400693116	-0.0016790705	0.0022727415	0.0156459752	-0.0012127836	0.0614667408	-0.0771545903	0.0551201254	-0.0176579154	0.0653960449	0.0823255958	-0.1007447851	0.0696636557	-0.0559823284	-0.0513756519	-0.0780002683	0.1220417012	-0.0025342059	0.0065466911	0.1288230331	0.1279949812	0.1266188352	0.124700488	0.0805602839640613	-0.0112694934661732	0.0001270014829841	0.0064899593523701	0.1424138323491206	-0.0056344046083438	3.1746515290526805e-05	0.0202816996443634	0.3017918091407736	-0.1034415174688945	0.0910782960644611	0.0107001475362676	-0.0087541648587447	0.00929563633462	7.663540237408062e-05	8.640885486550754e-05	-0.0035297176205832	0.0006212733711917	1.2458906481055528e-05	3.8598060175190006e-07	0.0031146218322511	-0.0003902234376015	1.5227433125360965e-07	9.7008691579352e-06	0.0	1.0	0.0	0.0	0.0	0.0	0.0	0.0	0.0	0.0	0.0	0.0	0.0	0.0	0.0	0.0	0.0	0.0	0.0	0.0	0.0	0.0	0.0	0.0	0.0	0.0	0.0	0.0	0.0
869.8842351270553	-1.1876344678166788	1.410475629146206	756698.5825225819	957.1565233866372	-7.033490339915147	49.469986361679695	916148.6102615942	766.1671344269707	-0.96082873898672	0.9231918656628106	587012.0778760358	775.5584515760456	715.8846445277779	1.094818	29.754765	0.7118160981316121	0.3493309270536678	0.0314626028	-0.0806968863	-0.0234833714	-0.0736446322	-0.0103007388	0.0029897939	0.058649033	-0.078131577	-0.0203254662	0.0444208031	0.0869546108	-0.0103160318	0.0005660621	0.0547855675	-0.0206784625	0.004207883	0.0525649437	0.0149925965	0.0720278302	0.1435347002	-0.053342122	0.0995616235	-0.0378024857	-0.115622326	-0.0448933786	0.0066847235	-0.0194368374	-0.0172989581	-0.1156279866	0.062152292	-0.000808337	0.0424996977	-0.037450196	-0.0104894307	0.0603420895	0.0094580926	0.081666066	0.1231989546	0.019653532	-0.022203765	-0.0262155515	0.1153602382	-0.0339042376	-0.0152445785	0.0802252059	-0.0305827464	-0.0231242084	0.0092108129	0.0370041737	-0.053032684	-0.0624030003	-0.0084823499	-0.0614498657	0.0838437935	-0.0620847814	-0.009266323	0.1047246444	-0.0513169895	-0.0249776103	0.0208684169	-0.0113647493	0.0747644721	0.0161653279	0.095844214	-0.0928109258	-0.0115070268	0.0469481954	0.064157714	0.1274920472	-0.0381217088	-0.0450762378	0.1285578634	0.1269376627	0.1242524367	0.1205247148	0.0443574420925614	-0.0362028418714999	0.0013106457595728	0.0019675826689949	-0.0128457936474859	-0.1552596259966065	0.0241055514646061	0.0001650144144337	0.144885967511243	-0.1569058416295305	0.0209919435816689	0.0246194431374713	-0.0044188454270876	0.0043353194316571	1.9526194908492997e-05	1.879499457450365e-05	-0.0021534531324949	0.0013762644880883	4.637360393852098e-06	1.8941039411729508e-06	0.001557249979317	-0.0015573718529341	2.425407088311393e-06	2.425027498082797e-06	0.0	0.0	1.0	0.0	0.0	0.0	0.0	0.0	0.0	0.0	0.0	0.0	0.0	0.0	0.0	0.0	0.0	0.0	0.0	0.0	0.0	0.0	0.0	0.0	0.0	0.0	0.0	0.0	0.0
865.6258059151477	-4.258429211907583	18.134219352827834	749308.0358662489	957.540831486384	0.3843080997468178	0.14769271553101	916884.4439636356	763.9143797538237	-2.252754673147024	5.074903617385754	583565.1795946691	773.0246698907081	697.0079453291294	0.911283	24.766678	0.1045339024199159	0.0604336761925707	0.0286648292	-0.0368677293	-0.0334847603	0.0648300561	-0.002055206	-0.0047478762	-0.0247508928	0.0299383857	-0.0685051168	0.1318902571	0.0894350247	-0.016993792	-0.0357324217	0.0957693998	-0.0253752465	0.0601617393	0.0951449117	-0.0884987233	0.0084242025	0.0523011781	-0.0950248625	-0.0328183518	-0.0211281973	-0.025320304	0.062961497	-0.08233916	0.0425535647	0.0158720255	-0.0654971451	0.041795378	0.0315501366	0.0843962867	-0.0468091709	-0.0674911327	0.0156161065	-0.1027100873	0.0938952056	0.0791645648	-0.0860642557	0.0431483731	-0.0458408622	-0.004064095	0.0599045447	-0.0093197377	-0.1198651687	0.0789715265	0.013389261	0.0140360928	0.0148406576	-0.0563297599	-0.044803738	0.0120602416	-0.0332087229	0.0432658487	-0.0538612078	-0.008670696	0.049261422	-0.0099891505	0.0724876286	0.0372149232	-0.0255600706	-0.067893988	0.0244198735	0.0353754308	-0.1429813195	-0.006472416	0.0681950955	0.0681394314	-0.1802531504	-0.0278710859	-0.0034453801	0.1282045865	0.1255324169	0.1211199807	0.1150284477	0.0470172096259773	0.0026597675334159	7.074363331813312e-06	0.002210618001013	-0.0231223099394668	-0.0102765162919809	0.0001056067870993	0.0005346412169367	0.1439070024351139	-0.0009789650761291	0.0207092253498598	9.583726202804573e-07	-0.0034280485086674	0.0009907969184202	1.1751516577776784e-05	9.816785335509649e-07	-0.0018487913697851	0.0003046617627098	3.418029528991866e-06	9.28187896574426e-08	0.0010403355900792	-0.0005169143892378	2.6720048580108784e-07	1.0822981399854372e-06	0.0	0.0	0.0	0.0	0.0	0.0	0.0	0.0	0.0	0.0	0.0	0.0	0.0	0.0	0.0	0.0	0.0	0.0	0.0	0.0	0.0	0.0	0.0	0.0	0.0	0.0	0.0	0.0	0.0
864.4995003432286	-1.1263055719190334	1.2685642413358609	747359.386093692	953.7990975379944	-3.7417339483896512	14.00057294053161	909732.7184642924	764.7714479649788	0.8570682111551378	0.7345659185726678	584875.3676224503	774.29631881589	682.7837728191993	0.762808	20.731451	0.1548982386992233	0.0798285485061847	-0.0006685755	-0.0568941413	-0.0176600829	0.1310159495	0.0095087679	0.0297386985	-0.0742848898	0.0196766674	0.015401372	0.0767464035	0.0370058144	0.0167672568	-0.0208992167	0.0657864009	0.0502091107	0.0395143361	0.0630658623	-0.127752576	0.0049407315	0.0374462539	0.0401375819	-0.0782174821	-0.0207931278	-0.0780027255	0.0674649078	-0.0894087181	0.0535569383	0.0148571438	-0.0547955563	0.128735052	0.0213635977	0.0629148272	0.0188876228	-0.0626448727	-0.0249461162	-0.115786816	0.0845549104	0.0254634922	0.026075938	0.0500569387	0.0584099387	-0.0317586053	0.0492155353	-0.059888542	-0.0591528403	0.0783091463	-0.0166651518	0.0028968053	0.0383860865	-0.0406792326	-0.0344068792	0.004805683	-0.0406020038	0.0077395956	-0.0326281728	-0.0187655025	0.031670567	-0.0299684623	0.0786299467	0.0201568631	-0.0260060232	0.0146849819	-0.0025871098	0.0930990268	0.0121802531	0.0525055568	0.0029247261	-0.0053475575	-0.0485708954	-0.0360271872	-0.0493856527	0.1277634447	0.1237830955	0.1172407796	0.1082719048	0.0398651330552013	-0.007152076570776	5.115219927424303e-05	0.0015892288335089	0.0331224844852187	0.0562447944246854	0.0031634768998751	0.0010970989784735	0.1776704785062008	0.0337634760710869	0.0315667989326223	0.0011399723164028	-0.0042651293756453	-0.0008370808669779	1.8191328590992465e-05	7.007043778604728e-07	-0.0015998739716913	0.0002489173980937	2.5595967252952942e-06	6.195987107378724e-08	0.001109095157661	6.875956758179997e-05	4.7278781340361175e-09	1.2300920687470783e-06	0.0	0.0	0.0	0.0	0.0	0.0	0.0	0.0	0.0	0.0	0.0	0.0	0.0	0.0	0.0	0.0	0.0	0.0	0.0	0.0	0.0	0.0	0.0	0.0	0.0	0.0	0.0	0.0	0.0
869.3745831335485	4.87508279031988	23.766432212473063	755812.1657986313	958.8767317930856	5.077634255091198	25.782369628475543	919444.586774189	766.6746059274811	1.9031579625022916	3.6220102302358734	587789.9513740585	775.6938724299305	692.767208864589	0.917228	24.928259	0.1269963296126047	0.0606391927857298	0.0298807853	-0.0404778064	-0.0698611969	-0.0412439352	0.0175904576	-0.0052656037	-0.0069524581	-0.0259171193	0.0229723129	-0.0112614305	-0.0254919049	0.0575184422	0.0146068369	-0.0136314486	0.0495298598	-0.015693693	-0.035607436	0.0009042955	-0.0368068766	0.0601154162	0.0789253743	0.0009347027	-0.1031415935	0.0997914486	0.0419575872	-0.0539885128	-0.0448403243	-0.0747000334	-0.0408169379	-0.1809978036	-0.0102271916	3.7607e-06	0.0518218992	0.0070626152	-0.0433836651	0.0023473049	-0.0280187607	0.042223402	0.0832420113	0.1435123033	-0.0633698915	-0.0293021373	0.0338706409	-0.0059309703	0.0647578246	-0.0922207958	-0.0711706375	0.0075575617	0.022739637	-0.0361642417	-0.0524527005	-0.0012956001	-0.042699488	0.0649515726	-0.0134319215	-0.0134966824	0.0215993731	-0.0437296664	-0.0090137091	-0.0506197643	0.0142119952	0.0504207879	-0.0430830736	0.0887069651	-0.0114764775	-0.1224085447	-0.0272797849	-0.0070860266	0.1482248668	-0.0311592551	-0.1639726342	0.1272347401	0.1216944932	0.1126387502	0.1003291122	0.0605315693409664	0.0206664362857651	0.0004271015887535	0.0036640708868802	0.0052717581276482	-0.0278507263575705	0.0007756629586442	2.7791433756424854e-05	0.1379407573608517	-0.039729721145349	0.0190276525412853	0.0015784507422871	-0.003820822592758	0.0004443067828872	1.4598685285329964e-05	1.9740851731966225e-07	-0.0013789164908635	0.0002209574808278	1.9014106887753089e-06	4.8822208333767614e-08	0.0009993705048977	-0.0001097246527633	1.2039499424026774e-08	9.987414060594837e-07	0.0	0.0	0.0	0.0	0.0	0.0	0.0	0.0	0.0	0.0	0.0	0.0	0.0	0.0	0.0	0.0	0.0	0.0	0.0	0.0	0.0	0.0	0.0	0.0	0.0	0.0	0.0	0.0	0.0
871.6657377435496	2.2911546100010582	5.249389446929102	759801.1583560066	958.316549897194	-0.5601818958915601	0.3138037564846627	918370.6098068611	768.0967087099806	1.4221027824994508	2.02237632399268	589972.5539311047	778.3852337776347	706.1395284047384	0.815979	22.176533	0.1077110224337398	0.0543356983545164	0.0271922217	-0.0441127473	-0.0132549604	-0.0886721591	0.0466812703	-0.0013630712	0.025236599	0.0101284747	-0.0112884763	0.0408098618	0.0246857505	0.0007109818	0.0326820314	-0.0046838269	-0.0788817858	-0.0483217844	0.0157999636	0.0643241244	0.1117522268	0.0900893794	0.0009995323	-0.0122559443	-0.0032446337	-0.0647428731	-0.0419209119	0.0525718267	0.0676066737	0.0308617995	0.1513785294	-0.0820814977	-0.0306085899	-0.0115493757	-0.0447429364	0.0481481575	0.0921233763	0.0880874187	0.07263779	0.0615220016	0.0080517887	-0.0272386487	0.0529712453	0.0188026583	0.0155534229	0.0893300934	-0.0334996744	0.0177572971	0.0515370922	0.0139939197	-0.0019203143	-0.0569574636	-0.0529204364	-0.0034357232	-0.0453145409	0.0622364413	-0.0289527582	-0.0203129339	0.0372981123	-0.0610753079	-0.0131903938	-0.0359068661	-0.0233803467	-0.0051565904	-0.0462297954	0.0375512075	-0.0938454941	-0.0037992163	0.0125449877	0.1257214031	-0.0080085273	-0.0028450744	-0.1045095623	0.1266188352	0.1192723348	0.1073422654	0.0912870929	0.0651265415099118	0.0045949721689454	2.111376923338281e-05	0.0042414664090422	-0.0068285447508174	-0.0121003028784656	0.0001464173297506	4.662902341391587e-05	0.1006740836539279	-0.0372666737069238	0.010135271119558	0.0013888049691783	-0.0034191522727831	0.0004016703199749	1.1690602264477837e-05	1.6133904594873865e-07	-0.0010076958282685	0.0003712206625949	1.0154508823097383e-06	1.3780478033747077e-07	0.0006972800138795	-0.0003020904910181	9.125866476361712e-08	4.861994177557956e-07	0.0	0.0	0.0	0.0	0.0	0.0	0.0	0.0	0.0	0.0	0.0	0.0	0.0	0.0	0.0	0.0	0.0	0.0	0.0	0.0	0.0	0.0	0.0	0.0	0.0	0.0	0.0	0.0	0.0
867.1365124295876	-4.529225313962002	20.513881944634196	751925.7311885483	957.9972338676451	-0.3193160295488724	0.1019627267268563	917758.7000980596	766.4722840000413	-1.6244247099392624	2.6387556382612565	587479.76214024	776.4682766279105	710.5103764448337	0.877749	23.855291	0.1669196078860865	0.0846957063844561	0.0390552275	-0.0402262008	-0.0799114306	-0.0066593278	-0.0291686609	-0.0152689704	-0.0649542335	0.0617946622	0.055155253	0.036148125	0.146604373	-0.0251802032	0.0098891439	0.0579381677	-0.105372439	0.0065591773	0.1068437656	0.0571387443	0.0568766632	0.0690668915	0.0052304575	-0.0063681778	-0.0397374814	-0.0800036784	-0.1225507844	0.113069329	0.0978471043	0.0024911125	-0.024645191	-0.0779950917	-0.0091442522	0.0373076428	-0.1045992841	-0.0275130424	0.1349495101	0.0070390264	0.0520580161	0.0488899472	0.038392414	-0.0103125334	0.0770565939	0.0833984862	-0.0483387662	0.0560030961	0.0498179212	0.0390676072	0.1135017036	0.0185748581	-0.0286414933	-0.0653900722	-0.0542488356	-0.0179069923	-0.0222293231	0.0834021485	-0.0309979069	-0.0071562441	0.0487071869	-0.061070093	0.0492970894	-0.0487115512	-0.0923556604	-0.015103533	-0.0554782868	0.0623606265	-0.0553845226	0.0254308117	0.0008090439	-0.0118955601	-0.1807091015	0.0047155489	-0.1066939285	0.1259161521	0.1165232592	0.1013839798	0.0812449131	0.0603861924947892	-0.0047403490151226	2.2470908785173827e-05	0.0036464922440177	-0.0643515312740277	-0.0575229865232103	0.0033088939785494	0.0041411195773121	0.0781018214616793	-0.0225722621922486	0.006099894515632	0.0005095070204756	-0.0024143702974211	0.001004781975362	5.82918393306925e-06	1.009586818012363e-06	-0.0007099337771621	0.0002977620511064	5.040059679556463e-07	8.86622390790904e-08	0.0003581438372378	-0.0003391361766417	1.1501334630715036e-07	1.2826700815141576e-07	0.0	0.0	0.0	0.0	0.0	0.0	0.0	0.0	0.0	0.0	0.0	0.0	0.0	0.0	0.0	0.0	0.0	0.0	0.0	0.0	0.0	0.0	0.0	0.0	0.0	0.0	0.0	0.0	0.0
863.6673859614366	-3.469126468150989	12.034838452025756	745921.3535734611	950.0511674086252	-7.946066459019903	63.1399721711611	902597.2206944916	763.65325312106	-2.81903087898138	7.946935096650531	583166.2910023776	773.1915578639254	684.7294349533355	0.816704	22.196226	0.1232013496026957	0.0725149485757499	0.0089342745	-0.0121146695	-0.091418231	0.1179381677	-0.0017969581	0.0279652381	-0.121730133	0.0782019816	0.0900417781	-0.0371550026	0.065825764	-0.0536216057	-0.0449344924	0.128572208	-0.0301909598	0.1238464572	0.0530011958	-0.0981685082	0.0291011398	0.0168898408	0.0508129626	-0.0966341594	-0.0002060853	-0.0779960162	-0.1042564587	0.0563712027	0.1290065054	0.0155001633	-0.0126392572	0.0338234052	0.0471275341	0.1124421573	-0.0703130695	-0.1241238645	-0.0079602926	-0.0563984312	0.0764723006	-0.0141693625	0.0568893259	0.0021217821	0.1510833176	0.0023111904	-0.0568286105	0.0628519722	0.0161557204	0.0612360752	0.1086663264	0.0116975408	-0.0329353181	-0.0515371993	-0.0277772845	-0.0115344709	-0.0089411053	0.0166832942	-0.0245135676	-0.0263038463	0.0256391653	-0.1046931517	0.1089691111	-0.0229830815	-0.0679366867	0.0220782674	-0.0300231896	0.0580535765	0.0281700327	0.1096557618	0.0155171794	-0.0731734723	-0.1711632097	-0.1212508454	-0.1181507126	0.1251271724	0.1134548014	0.0948006283	0.0703125971	0.0467457308413656	-0.0136404616534236	0.0001860621941185	0.0021851633518933	0.0023064402500381	0.0666579715240658	0.0044432851677031	5.3196666269958125e-06	0.0953624952786356	0.0172606738169563	0.0090940055057677	0.0002979308606153	-0.0028368620119975	-0.0004224917145764	8.047786075114505e-06	1.7849924888570653e-07	-0.0008000090094575	-9.007523229539994e-05	6.400144152131702e-07	8.11354747307026e-09	0.0003578659319446	-2.7790529319996664e-07	7.723135198855942e-14	1.2806802524657708e-07	0.0	0.0	0.0	0.0	0.0	0.0	0.0	0.0	0.0	0.0	0.0	0.0	0.0	0.0	0.0	0.0	0.0	0.0	0.0	0.0	0.0	0.0	0.0	0.0	0.0	0.0	0.0	0.0	0.0
864.9143159489937	1.2469299875571096	1.5548343938691735	748076.7739335157	949.2183396816254	-0.8328277269998807	0.6936020228597879	901015.4563879416	764.1477998848951	0.4945467638351601	0.2445765016198297	583921.8600689257	772.5490140524706	681.3818371184572	0.862437	23.439144	0.1975626113433264	0.1340577019074731	0.0124644315	0.0693826016	-0.1151798306	0.0489736005	0.021955883	0.0099680892	-0.1256360629	0.0654574182	0.0536003839	-0.1239366624	0.0025304719	-0.0222322574	-0.037330416	0.149671393	0.0344973229	0.0961635535	-0.0717493166	-0.0752430207	-0.0986666094	-0.0856174229	0.072732261	-0.006023804	-0.07823584	0.0506550401	0.0180074103	-0.0251947852	-0.0186685505	-0.0478705457	-0.1831000118	0.0191476973	0.0381900483	0.1488352586	-0.0210705629	-0.0889977655	-0.1313008835	-0.0512250734	-0.053972454	-0.0904517305	0.0496966003	0.0825530691	0.0161367486	0.0106170267	-0.0150905222	-0.0204031982	0.1416039038	-0.051786153	-0.0319035287	0.0202561391	-0.0779689443	-0.0196770297	-0.0075613842	0.0102083522	0.0250204434	0.0169678852	0.0206120899	0.008596828	-0.0116930193	-0.0666785133	0.0728062926	-0.0359590499	-0.0103680154	0.0405095578	-0.0935573523	0.0808819142	0.0675835293	-0.0542938878	0.0107826264	-0.1313271147	0.0819970654	-0.0585766447	-0.0340270837	0.1242524367	0.1100753719	0.0876327994	0.0586099215	0.0501257272768782	0.0033799964355126	1.142437590407789e-05	0.0025125885350359	-0.0273848228021336	-0.0296912630521717	0.0008815711016332	0.0007499285199042	0.0917621882124635	-0.0036003070661721	0.0084202991855395	1.29622109707288e-05	-0.000348046420434	0.0024888155915635	1.2113631077692066e-07	6.194203048809575e-06	-0.0005869722012794	0.000213036808178	3.445363650747845e-07	4.5384681638712566e-08	-0.0001581025641032	-0.0005159684960478	2.6622348891382855e-07	2.4996420776006464e-08	0.0	0.0	0.0	0.0	0.0	0.0	0.0	0.0	0.0	0.0	0.0	0.0	0.0	0.0	0.0	0.0	0.0	0.0	0.0	0.0	0.0	0.0	0.0	0.0	0.0	0.0	0.0	0.0	0.0
867.6014975162533	2.687181567259586	7.220944775419683	752732.3584924453	953.0967013041178	3.8783616224924335	15.041688874822148	908393.3220367908	765.6906430467061	1.5428431618109926	2.380365021946941	586282.1608492783	774.0346193454075	686.7107530456817	0.90325	24.548361	0.0940408198614878	0.0450876226691987	0.0126037283	0.06056178	-0.0682097982	0.0148256025	0.0717785569	0.0174374265	-0.0539243979	0.0565769571	0.0176513363	-0.0216861494	-0.0849864408	-0.0193692401	-0.0159788538	0.0541449202	0.0092320594	0.0491755135	-0.0920685503	-0.0475492246	-0.0028800135	-0.0291035236	-0.022029567	-0.004785326	0.0018180863	0.0666426187	-0.0163165629	-0.0817930343	0.0415240049	-0.061517301	0.0244547598	-0.1970795436	0.0151687305	0.0619951949	0.0010949083	-0.0197572649	-0.1170079052	0.0071081473	-0.0008957269	-0.0321333999	-0.0372966551	0.0368580737	-0.025086864	-0.0473492931	0.0516356096	0.1730307357	0.0269463502	0.0013430373	-0.1072775031	0.0194358792	-0.0648432881	-0.0242301981	-0.0211523243	0.0083916739	0.0155432184	0.0365896568	0.0187269914	0.0099890488	-0.0175423307	-0.0327296881	0.0648465024	-0.0409010555	-0.0189473521	-0.0494446383	-0.0125027518	0.014654585	-0.0876153914	-0.0680627414	0.057939665	0.1351490997	0.0379816737	0.0014573971	-0.0202763725	0.1232925447	0.1063942335	0.0799246852	0.0462651033	0.0417459443751937	-0.0083797829016845	7.02207614793639e-05	0.0017427238717767	0.0034297620215966	0.0308145848237301	0.0009495386378588	1.1763267524786396e-05	0.0804810810753409	-0.0112811071371226	0.0064772044110555	0.0001272633782392	-0.0009929805935124	-0.0006449341730783	9.86010459092238e-07	4.159400876043195e-07	-0.0005870338224334	-6.162115399996511e-08	3.4460870868076857e-07	3.797166620287416e-15	6.82085416434116e-05	0.0002263111057466	5.1216716584254015e-08	4.652405153121014e-09	0.0	0.0	0.0	0.0	0.0	0.0	0.0	0.0	0.0	0.0	0.0	0.0	0.0	0.0	0.0	0.0	0.0	0.0	0.0	0.0	0.0	0.0	0.0	0.0	0.0	0.0	0.0	0.0	0.0
868.0909479059533	0.4894503896999822	0.2395616839774644	753581.8938362565	956.1560153166452	3.059314012527352	9.359402227246209	914234.3256262046	767.5080321913838	1.8173891446776904	3.302903303192308	589068.5794782902	776.8528214624782	693.3834898234842	0.89237	24.25268	0.0671999133227578	0.0347294333014824	0.0194236491	0.049053628	-0.0140746439	0.0155061677	0.0324849599	0.0053373813	-0.0576473151	0.1003624056	-0.0355513372	-0.0012658547	-0.0187922707	0.0160866809	0.0189922663	0.0243878666	-0.0781541925	-0.0211509642	-0.018415596	0.0059539124	0.0069099961	-0.0414489384	0.0297775127	-0.0779583459	-0.0304784965	0.0236464742	0.0875859285	-0.0932688937	0.0089104373	0.0139663111	-0.0069300136	-0.008731519	-0.0162792769	0.0229628292	-0.0613102996	0.0375023335	-0.0017536705	0.0200138078	0.0001179655	-0.0540449439	-0.0038999342	0.0568968211	0.0345643612	-0.0771052474	0.1145547655	0.0253291673	-0.0096225749	-0.0208866444	-0.0408626084	0.0167424089	-0.0526630595	-0.0151460277	0.0007335104	0.0359036089	0.018227719	-0.0225707686	-0.0124168431	-0.0417221397	-0.0005642802	-0.0198450298	0.0769978503	-0.0022469528	0.0377804153	-0.0340281405	-0.0183591531	0.0343117603	-0.0303472531	-0.016035976	0.0064255728	-0.0820600058	-0.0538376939	-0.0574990085	0.0043008496	0.1222481541	0.1024214758	0.0717238087	0.033413395	0.015004327606249	-0.0267416167689447	0.0007151140674171	0.0002251298469156	0.0008100169362705	-0.0026197450853261	6.863064312090255e-06	6.561274370450473e-07	0.0965420050173335	0.0160609239419926	0.0093203587327668	0.0002579532778704	-0.0010309693769878	-3.798878347540009e-05	1.0628978562866123e-06	1.443147669940831e-09	-0.0003140997936683	0.000272934028765	9.865868038246865e-08	7.449298405794842e-08	0.0001928382799328	0.0001246297382893	1.5532571666081447e-08	3.7186602207440936e-08	0.0	0.0	0.0	0.0	0.0	0.0	0.0	0.0	0.0	0.0	0.0	0.0	0.0	0.0	0.0	0.0	0.0	0.0	0.0	0.0	0.0	0.0	0.0	0.0	0.0	0.0	0.0	0.0	0.0
869.9571058811954	1.8661579752421176	3.48254558855976	756825.3660731855	956.203622897466	0.0476075808207951	0.0022664817516085	914325.3684422392	767.8422348506169	0.3342026592331422	0.1116914174385037	589581.69762039	777.4587161599517	691.0569970479269	0.8893839999999998	24.171515	0.14954624795304	0.0761479442477603	-0.0070689075	0.0062175526	0.0392715702	0.0354113204	0.0692133216	0.0051571284	-0.0079888995	0.0444070831	-0.0009214088	0.0044475475	-0.0222084158	-0.0011341867	0.0159290307	-0.0038551078	-0.0130691423	-0.0228891174	0.02334037	0.0397282729	0.0686076817	-0.0413277565	0.0251226892	-0.0600509293	0.0099780398	-0.0267990432	-0.0458049389	-0.0274137255	0.0740029713	-0.0859956934	-0.0170220328	0.0503032013	-0.0118755008	0.0042802797	0.0091138715	0.0128460659	0.0453205557	0.0435222988	0.0241253401	-0.0556458202	0.0089322611	5.22881e-05	0.0723812155	-0.0155827916	0.0038788971	0.1110514811	0.0009954188	0.0923166089	-0.0596468933	0.0086478289	-0.0176335335	-0.0243104012	-0.0037097512	0.0157117704	-0.0098236159	-0.0234144423	0.0059570787	-0.0076194104	-0.0096667594	-0.0254649759	0.0476985597	-0.0334884043	0.004934786	-0.0330186199	-0.08638305	0.0134100906	-0.0106699325	0.0463447209	-0.0255153271	0.0749368881	-0.0112232797	0.0067439047	0.0554937543	0.1211199807	0.098167988	0.063080731	0.0201956026	0.0229585956315077	0.0079542680252586	6.327037981765291e-05	0.000527097113371	0.0109513281065005	0.0101413111702299	0.0001028461922514	0.0001199315872962	0.0419415102781215	-0.054600494739212	0.0017590902844097	0.0029812140257667	-0.0022650006660516	-0.0012340312890637	5.130228017214191e-06	1.5228332223884636e-06	-0.0001170984657139	0.0001970013279544	1.3712050672549414e-08	3.880952321579706e-08	8.686741658421181e-05	-0.0001059708633485	1.1229823878845152e-08	7.545948064014997e-09	0.0	0.0	0.0	0.0	0.0	0.0	0.0	0.0	0.0	0.0	0.0	0.0	0.0	0.0	0.0	0.0	0.0	0.0	0.0	0.0	0.0	0.0	0.0	0.0	0.0	0.0	0.0	0.0	0.0
870.1572475608978	0.2001416797023694	0.0400566919540858	757173.6354827575	954.94571296374	-1.257909933725955	1.5823374013664364	911921.3147078255	767.8308576864193	-0.0113771641975972	0.000129439865179	589564.2260154623	777.1421330728234	702.0858752953078	1.035429	28.140697	0.174295062422742	0.081636441298236	0.0157386782	0.0525556154	-0.0239585624	-0.0685996395	-0.0189396418	-0.0010166764	-0.0160963742	0.0214502997	-0.0074593052	-0.0457037868	0.0310457235	0.0141783677	0.0068714972	0.0430362497	-0.0376141056	-0.0086704237	-0.0296801545	0.016346721	-0.0037153691	0.0694301485	0.0061547614	-0.0216688254	0.0526409991	0.0242529821	0.10388358	-0.0801175874	0.0146702997	-0.0217968024	-0.1707211019	0.0913008805	-0.0031145748	0.0410199365	-0.0490956663	0.024093178	-0.0003171667	0.022919613	-0.0134242946	0.0707496906	0.0195378331	-0.0493062678	0.0082619368	-0.0503053939	0.0695592433	-0.0924343505	0.027566089	0.0517376773	-0.0722420897	0.0125612182	-0.0380571671	0.013204919	-0.0171041685	0.0447137469	-0.0008099053	-0.0072498693	-0.0086161495	-0.0911260939	0.0356834239	-0.0674135624	0.01690464	-0.0164676632	0.0886027314	-0.0272093359	-0.0115415849	-0.0735507066	-0.024303521	0.0416227164	-0.0098295236	-0.0072535539	0.0484124502	-0.1333424461	0.0873005543	0.1199087977	0.0936454286	0.0540487397	0.0067565429	0.007422661769965	-0.0155359338615426	0.0002413652409502	5.509590775129995e-05	0.0383353279245426	0.0273839998180421	0.0007498834460345	0.0014695973670822	0.0912009698314193	0.0492594595532978	0.0083176168981914	0.0024264943554829	-0.0016969068284619	0.0005680938375896	2.879492784480624e-06	3.2273060830739224e-07	-0.0011171348990224	-0.0010000364333085	1.2479903826137878e-06	1.0000728679443855e-06	0.0001610505294832	7.418311289898819e-05	5.503134239384028e-09	2.593727304681907e-08	0.0	0.0	0.0	0.0	0.0	0.0	0.0	0.0	0.0	0.0	0.0	0.0	0.0	0.0	0.0	0.0	0.0	0.0	0.0	0.0	0.0	0.0	0.0	0.0	0.0	0.0	0.0	0.0	0.0
870.552523420394	0.3952758594962233	0.1562430051004781	757861.6960336156	956.929408510526	1.9836955467859525	3.935048022338419	915713.892872305	767.4439489124602	-0.386908773959135	0.149698399366561	588970.2147223508	776.7174627675557	689.2228088790072	0.932416	25.341034	0.2544073794566312	0.1294906780200763	-0.0090524109	0.0686336693	0.0614405024	0.0219574791	0.0473797924	-0.0190426811	0.0567398106	0.0812837534	-0.1146505071	0.0228359042	-0.0301184883	0.0228831976	0.0034355409	0.0224836266	0.0061636451	-0.0242409336	-0.0290216202	-0.0316354371	0.0367462718	-0.0608921076	-0.0228155641	-0.0601061213	0.0936805524	-0.0862226778	0.1749477617	-0.1465687104	0.0845050669	-0.141735662	0.0242328711	-0.034128975	-0.0017503273	0.0276099172	0.0085929382	0.0382316234	-0.0109105542	-0.0056240377	0.0271092749	-0.0200783538	-0.066245776	-0.0585500295	0.0618693815	-0.055280748	0.1732305217	-0.0353216456	-0.0630993121	0.1220268593	-0.1428907213	0.014713487	-0.0559404039	0.0025907617	0.0110637767	0.0489551124	0.0291448688	-0.0613615026	-0.0052763075	-0.0780271525	-0.002846539	-0.0379841309	0.0175194941	0.0045441653	0.1307297107	-0.1040618363	-0.0249012705	-0.1010638442	-0.0923618875	0.1054809621	-0.0640166992	0.1016896402	0.0009969178	-0.0640283105	0.2578346827	0.1186154352	0.0888661936	0.0446835199	-0.0067565429	-0.0041850421123825	-0.0116077038823475	0.0001347387894202	1.7514577482414978e-05	-0.0001827357462929	-0.0385180636708354	0.0014836412289505	3.3392352973223114e-08	0.0533236196065161	-0.0378773502249032	0.0028434084079404	0.0014346936600599	-0.0006333943578555	0.0010635124706064	4.011884125631812e-07	1.1310587751353289e-06	0.0006720998985105	0.0017892347975329	4.5171827357782434e-07	3.201361160702597e-06	-0.0003142874359484	-0.0004753379654316	2.2594618138065293e-07	9.877659239501965e-08	0.0	0.0	0.0	0.0	0.0	0.0	0.0	0.0	0.0	0.0	0.0	0.0	0.0	0.0	0.0	0.0	0.0	0.0	0.0	0.0	0.0	0.0	0.0	0.0	0.0	0.0	0.0	0.0	0.0
869.1131137841919	-1.439409636202072	2.071900100791381	755357.6045516537	960.3733789920808	3.4439704815548566	11.860932677821191	922317.0270766668	767.7325509224341	0.2886020099739426	0.0832911201609996	589413.2697458679	778.348251692402	676.7865871018279	0.936801	25.460207	0.3990159603618305	0.2056563295678988	-0.0412972616	0.0937589209	0.1562139113	0.1388418101	0.0557520186	-0.0099394518	0.004252491	0.1032515017	-0.0695974859	0.0257192728	0.0211327524	0.0347118076	0.0036441105	0.0194603538	-0.0416723	-0.040590734	0.0175108195	-0.0056143071	0.0171033175	-0.1240822183	0.0100768664	0.0278160735	0.1407894314	-0.0243340493	0.0967140134	-0.0144197358	0.0536988945	0.0181190646	-0.0149141525	-0.0427843297	-0.0063394856	0.0108825885	-0.0320323812	0.0345381505	0.031912295	-0.0113473015	-0.0074121413	-0.1090409183	-0.0552103627	-0.1390327554	0.0297733798	-0.0731269798	0.0732635961	-0.0848614988	-0.0015246374	0.022652823	0.0189789073	0.0045864443	-0.0753273676	0.0141868493	0.0679191103	0.0816940481	0.0798488456	-0.2253774698	0.0136685616	-0.1660353899	-0.0315818784	-0.0760816915	0.0457682573	-0.036226253	0.1527505954	-0.0299399446	-0.0311377907	-0.1937776398	0.0779880952	0.11030074	-0.0993803709	-0.1206393784	0.0177512403	-0.0768257071	0.1405082682	0.1172407796	0.0838433825	0.0350428114	-0.0201956026	-0.0591506491547022	-0.0549656070423197	0.0030212179575307	0.0034987992954226	0.1626431235202972	0.1628258592665901	0.0265122604459034	0.0264527856284386	0.0177069925981783	-0.0356166270083378	0.0003135375868719	0.001268544119451	0.0007670035145932	0.0014003978724487	5.882943913983212e-07	1.9611142011588453e-06	5.0555409183417055e-06	-0.0006670443575921	2.555849397702729e-11	4.449481749955351e-07	-0.0011590025467992	-0.0008447151108508	7.135436184996793e-07	1.3432869034870318e-06	0.0	0.0	0.0	0.0	0.0	0.0	0.0	0.0	0.0	0.0	0.0	0.0	0.0	0.0	0.0	0.0	0.0	0.0	0.0	0.0	0.0	0.0	0.0	0.0	0.0	0.0	0.0	0.0	0.0
870.3069163696476	1.193802585455728	1.4251646130407811	757434.1286808448	958.013601064682	-2.3597779273987958	5.568551866638554	917790.0598249196	768.1135000619146	0.3809491394804354	0.1451222468708842	589998.3489773648	778.1653858940261	691.8443731387932	0.963909	26.196928	0.3372626696840942	0.1795283208815719	-0.0237959712	0.0948710869	0.0809442792	0.0367760524	0.0111198441	0.0006298394	0.0394558272	0.0215382331	-0.0282239094	-0.0372580948	-0.0421583252	-0.0326305349	0.0108866457	-0.0092355188	-0.0361619727	-0.0786729279	-0.0207452404	-0.003687285	-0.0324522315	-0.0896956864	-0.0210436566	-0.0364983948	0.0675103317	-0.0073569829	-0.0277934963	-0.0111996972	-0.1041731081	-0.0550648201	0.0979942379	0.0246850383	-0.0114761258	-0.0195699	-0.0349997585	0.0777824124	0.0044435824	-0.0177859532	-0.0455363842	-0.0730732861	-0.0365187398	-0.0539175684	0.0426221619	-0.0225252268	-0.090230925	-0.0902391196	-0.0271666028	0.0252924571	-0.0813372127	0.0053164568	-0.0693190938	0.0350766669	0.0465286311	0.0526886822	0.0466212693	-0.0848123132	0.0375055475	-0.0102538611	-0.0727250183	0.0135814294	0.0790714807	0.0101933529	0.0797586714	-0.0376034957	-0.0293215795	-0.0772204321	-0.0227288869	-0.0668857955	-0.066846003	-0.0696786947	-0.0172763328	0.0178066763	0.0576162276	0.1157857731	0.0785907625	0.0251860523	-0.033413395	-0.0117384194421248	0.0474122297125774	0.0022479195263182	0.0001377904909992	0.0279300941233913	-0.1347130293969058	0.0181476002892916	0.0007800901577414	0.0563639878396813	0.038656995241503	0.0031768991251917	0.0014943632811015	-0.0006509628789092	-0.0014179663935024	4.237526697177538e-07	2.010628693102203e-06	0.0001786369851499	0.0001735814442315	3.19111724634456e-08	3.013051778151358e-08	-0.000420942077871	0.0007380604689282	5.447332557945145e-07	1.7719223292235504e-07	0.0	0.0	0.0	0.0	0.0	0.0	0.0	0.0	0.0	0.0	0.0	0.0	0.0	0.0	0.0	0.0	0.0	0.0	0.0	0.0	0.0	0.0	0.0	0.0	0.0	0.0	0.0	0.0	0.0
867.3195155348253	-2.987400834822324	8.92456374789712	752243.1420275641	954.8902229468029	-3.123378117879156	9.75549086724634	911815.3378793948	767.0433296841228	-1.0701703777917828	1.145264637503007	588355.4696129059	776.4779267256466	675.5233912576458	0.84655	23.00737	0.2302569156074386	0.1383984681124098	-0.0410407268	0.0897730557	0.1057244611	0.1541277556	-0.0156503209	0.0054422451	-0.0389898024	0.0451506056	0.017130915	-0.1018705163	0.0074158184	-0.0373525097	-0.0072682534	-0.0164936198	-0.0516974511	0.0221458694	0.0271511651	-0.0349567982	0.0002870167	-0.1678934961	0.0685446175	-0.0599616879	0.1316948884	0.0333933166	0.0912582516	0.0296430429	0.0270398779	-0.0805245091	0.0356977503	0.0062817812	0.0075127177	-0.0229119264	-0.0511890818	-0.0285175478	0.0055124761	-0.0301213147	-0.0204728123	-0.1622510731	-0.0005747242	-0.0470650759	0.073671972	-0.1212644118	0.0270622252	-0.0496420453	0.0373947725	0.0641611217	-0.0368713927	0.0033205584	-0.0440598609	0.0635906674	0.0698149666	0.0780473344	0.0564523113	-0.1734379408	0.0474380984	-0.041413132	-0.0353556492	0.0023742847	0.1286899054	0.0294045066	0.0677742203	-0.023202139	-0.0324849969	-0.1137169234	0.1011275533	0.0239345378	-0.0022653306	-0.0417394299	-0.0861450332	0.0413547404	0.0475455617	0.1142514127	0.0731227308	0.0151740128	-0.0462651033	-0.0251762771579535	-0.0134378577158287	0.0001805760199908	0.000633844931534	0.1432780363361558	0.1153479422127645	0.0133051477727192	0.0205285956963447	0.0493239152618159	-0.0070400725778654	0.0024328486167547	4.956262190161242e-05	0.0003919672505915	0.0010429301295007	1.5363832553625977e-07	1.0877032550203468e-06	-0.0004070318642137	-0.0005856688493636	1.6567493848527989e-07	3.430080011148832e-07	-0.0001609201947157	0.0002600218831553	6.761137971962849e-08	2.58953090673388e-08	0.0	0.0	0.0	0.0	0.0	0.0	0.0	0.0	0.0	0.0	0.0	0.0	0.0	0.0	0.0	0.0	0.0	0.0	0.0	0.0	0.0	0.0	0.0	0.0	0.0	0.0	0.0	0.0	0.0
868.1425235250822	0.8230079902568832	0.6773421520266739	753671.4411524979	955.4616315364838	0.5714085896809138	0.3265077763611309	912906.9293383596	766.7807376212963	-0.2625920628264566	0.0689545914594537	587952.6995870593	776.3783941440613	674.9003723121689	0.768084	20.874832	0.1566711995542992	0.1026339797274471	-0.0406885107	0.1150248119	0.0813218315	0.105319279	0.026078897	0.0302808949	-0.0216174243	0.0459514828	-0.0258735072	-0.0270878042	-0.0640345688	0.0069374398	-0.0212155004	0.0129628988	0.0214877403	-0.0113804666	-0.0410360272	-0.0608172629	-0.0386634552	-0.1507109245	0.0291050461	-0.0711600511	0.0836574505	0.0969182025	0.0613982416	0.0878633303	-0.0390792141	-0.1168239839	0.0679616804	0.0762005985	0.0189134559	0.0136706651	0.0116095992	0.0169418439	-0.0692369066	-0.0435163335	-0.0376247225	-0.1284788407	-0.0423481511	0.0005163852	0.0484741542	-0.1201740159	-0.0200145567	-0.0824378184	0.0308889482	0.0709445364	-0.0398710411	0.0024117518	-0.0656760444	0.0612566015	0.0663108917	0.0560414685	0.0556725707	-0.1110431417	0.0463155969	1.09466e-05	-0.0969803972	0.0495290047	0.0894446188	0.0305034579	0.0853378865	-0.0542376456	0.0077065812	-0.055746004	0.0121142604	-0.0837270557	0.0037860318	-0.0122989939	-0.0346072099	-0.0094884792	0.0504695553	0.1126387502	0.0674542747	0.0050684204	-0.0586099215	-0.002840429676695	0.0223358474812585	0.000498890082706	8.068040748249663e-06	0.0472905297373813	-0.0959875065987745	0.0092136014230497	0.0022363942028421	0.0470285063925146	-0.0022954088693012	0.0022116804135107	5.268901877267056e-06	0.0002940167682048	-9.79504823867e-05	8.644585998559509e-08	9.594296999787226e-09	0.0001439654638639	0.0005509973280775	2.0726054785547895e-08	3.035980555486543e-07	-0.0002330211163507	-7.2100921635e-05	5.1985429006164115e-09	5.4298840665326464e-08	0.0	0.0	0.0	0.0	0.0	0.0	0.0	0.0	0.0	0.0	0.0	0.0	0.0	0.0	0.0	0.0	0.0	0.0	0.0	0.0	0.0	0.0	0.0	0.0	0.0	0.0	0.0	0.0	0.0
870.7778550078662	2.635331482783954	6.944972024152274	758254.0727721003	957.819282690684	2.357651154200198	5.558518964901526	917417.7782940964	768.5038606348688	1.72312301357249	2.96915291990314	590598.1838106979	777.9950540795459	689.5052604778084	0.784518	21.321493	0.1648698581740732	0.0804562035807423	-0.0118627949	0.0882293106	0.0024201427	-0.0071383839	0.0494570318	-0.006148132	0.0030853518	0.0526747701	-0.0088939277	0.0227214547	-0.060768597	-0.039067397	0.0163710054	0.0375180865	-0.0177895797	-0.0094183935	-0.0500641692	0.0190665979	-0.0281444175	-0.1069879014	0.0043440909	0.0512760495	0.0505728606	-0.0230994801	0.0337890577	-0.1008188007	-0.0088426896	-0.0437031522	-0.0481213121	0.1762963201	-0.012752091	0.0417368547	-0.011304244	0.0279322201	-0.0334854573	0.0338749869	-0.047224192	-0.0999281852	-0.023288166	-0.0517787039	-0.0228602763	-0.0023477389	0.0506697169	0.0012592208	-0.0636288453	0.0631601848	-0.0977416722	0.0045619356	-0.064911844	0.0301702549	0.0330124085	0.0288125729	0.0451114663	-0.0356339504	0.0488477188	0.008818229	-0.061216811	0.0218954618	0.0184445916	0.0033405558	-0.0033402245	-0.0475431214	-0.000231765	-0.0736288168	0.0014982363	-0.0414429416	0.0838132767	0.075147184	-0.015225835	-0.0472370345	0.140368003	0.1109488906	0.0616009311	-0.0050684204	-0.0703125971	-0.002585680271423	0.000254749405272	6.489725948643784e-08	6.685742466026118e-06	0.0053424161747841	-0.0419481135625972	0.0017596442314605	2.854141058459478e-05	-0.0157896688816947	-0.0628181752742093	0.0002493136433935	0.0039461231447812	-0.000161010383764	-0.0004550271519687	2.5924343679830557e-08	2.070497090288374e-07	-0.000414996072195	-0.0005589615360588	1.7222173993727766e-07	3.124379987933249e-07	-5.00334057385059e-05	0.0001829877106121	3.3484502235092094e-08	2.5033416897939547e-09	0.0	0.0	0.0	0.0	0.0	0.0	0.0	0.0	0.0	0.0	0.0	0.0	0.0	0.0	0.0	0.0	0.0	0.0	0.0	0.0	0.0	0.0	0.0	0.0	0.0	0.0	0.0	0.0	0.0
873.649727269245	2.871872261378826	8.247650285677132	763263.8459576261	961.5924553076426	3.773172616958618	14.236831597366349	924660.0501045806	770.4350503267403	1.9311896918715088	3.729493625990775	593570.166771967	779.5889199064914	705.7831171846675	0.765143	20.794907	0.0820084004717996	0.0412245757267508	-0.0039093677	0.0715976717	0.0429405978	-0.098242464	-0.0220953266	-0.0147458064	0.0852874546	-0.0239782907	-0.0406805562	-0.0142251456	-0.0810131207	0.0033685472	0.0467579234	-0.0627155679	-0.0086713551	-0.0841807875	-0.0707341733	0.1076809246	-0.0379825537	-0.0167570371	-0.0460199562	0.0470672074	0.1038572174	-0.0127086536	0.0330629029	-0.0181286731	-0.0399400207	-0.0852350174	0.0036687374	-0.057804561	-0.0427399302	-0.0524900782	0.0204555137	0.1037432313	0.0076363488	0.0893616321	-0.0860946912	0.020357346	-0.0506487931	-0.0958857717	-0.0192566889	-0.0128464519	0.0442452159	-0.0051073337	0.014748594	0.073322612	-0.1005514646	0.0038348262	-0.0305464016	0.0630588908	0.0356683462	0.0487218552	0.0111680083	-0.0050109779	0.0385571879	0.0760583019	-0.0228269605	0.0481036112	-0.009358177	0.0107324821	0.0499723635	-0.0389165369	-0.0379933023	-0.0402490919	-0.0337749443	-0.0706126372	0.0459787213	0.1188058853	0.0094342287	0.0552583384	0.1281499389	0.1091829923	0.0555787436	-0.0151740128	-0.0812449131	0.0019976366875482	0.0045833169589712	2.100679434639301e-05	3.9905523354385445e-06	0.0021278203307133	-0.0032145958440708	1.033362644071726e-05	4.527619359796857e-06	-0.023438677388917	-0.0076490085072223	0.0005493715977417	5.8507331143559135e-05	-0.0005833174449137	-0.0004223070611497	3.402592415406475e-07	1.783432538968965e-07	-0.0008356285221189	-0.0004206324499239	6.98275026978617e-07	1.7693165792898229e-07	0.0004382566664186	0.0004882900721571	2.384271945671917e-07	1.9206890566034402e-07	0.0	0.0	0.0	0.0	0.0	0.0	0.0	0.0	0.0	0.0	0.0	0.0	0.0	0.0	0.0	0.0	0.0	0.0	0.0	0.0	0.0	0.0	0.0	0.0	0.0	0.0	0.0	0.0	0.0
870.494317531034	-3.155409738211006	9.956610615996848	757760.3568538206	960.5204021135966	-1.0720531940460205	1.1492980508642745	922599.4428764652	769.5602322595836	-0.8748180671567525	0.7653066506238763	592222.9510754242	779.6219546853423	714.9516798967372	0.8494469999999998	23.086123	0.1216618820286118	0.0749808491919651	0.0085127899	0.0633474418	-0.0052312587	-0.0772925188	-0.1032082825	0.0006216328	0.0100715445	-0.0185187357	-0.0214295276	-0.031837726	0.0592742904	0.009062155	0.0260611864	-0.0437484784	-0.0270699983	-0.0290269712	-0.0448877612	0.0780583602	-0.0197326291	0.0413563626	0.0685083829	0.0412471602	0.0779942323	-0.0954217599	0.0023461347	0.0640018439	0.0292838945	0.0546652559	-0.016603832	0.0370208305	-0.0214536531	-0.0496645801	-0.0286137502	0.0382495561	0.0177797638	0.0515551195	-0.0668750187	0.042123393	0.0678725422	-0.1133153072	0.0875413681	0.0431331991	0.0112220995	-0.0690058292	0.013223525	0.0409694071	0.0416854883	0.0027295973	-0.0224586587	0.0791642126	-0.0035436368	0.0227738342	0.0027063564	0.0471997126	0.047310852	0.0405329371	0.0606722003	-0.0171276083	0.0135995103	0.0092910425	0.0291358311	-0.0234237624	0.0209768527	-0.0557277178	-0.0033066276	0.0174080865	0.0242513752	0.0269729265	0.0264250265	0.0403379427	0.0063494021	0.1073422654	0.0494042187	-0.0251860523	-0.0912870929	0.0038623110970803	0.0018646744095321	3.4770106535638867e-06	1.4917447010629632e-05	-0.0228791109671959	-0.0250069312979092	0.0006253466129383	0.0005234537186492	0.0231229702359385	0.0465616476248555	0.000534671752532	0.0021679870295412	-0.0013798334527305	-0.0007965160078168	1.903940357274173e-06	6.344377507084126e-07	-0.000705328864005	0.0001302996581139	4.974888063985838e-07	1.6978000904599234e-08	0.0004760135744142	3.77569079956e-05	1.4255841013882026e-09	2.265889230265831e-07	0.0	0.0	0.0	0.0	0.0	0.0	0.0	0.0	0.0	0.0	0.0	0.0	0.0	0.0	0.0	0.0	0.0	0.0	0.0	0.0	0.0	0.0	0.0	0.0	0.0	0.0	0.0	0.0	0.0
869.8249474283066	-0.6693701027273846	0.4480563344252694	756595.4391686564	961.7014492750168	1.1810471614202245	1.3948723974987691	924869.6775376676	768.7185290187282	-0.841703240855395	0.7084643456664752	590928.1768567172	778.1618169856345	692.8220027363943	0.861685	23.418728	0.1237756418332673	0.0547794280901894	-0.012782911	0.0589302442	-0.009715978	-0.0439058525	-0.1005374829	0.0040600924	0.0160647884	-0.0343064864	-0.0191180059	-0.1034315975	-0.0370435554	0.0374700951	0.006382378	-0.0460457284	0.0466870249	-0.0255713505	-0.0840504057	0.0179282288	-0.0527897672	0.0345406444	0.0417764771	0.045616331	0.0109468686	-0.1070301548	0.0054427325	0.0382106026	0.0687793147	-0.1236581124	-0.0508623872	0.0146316698	-0.0066668693	-0.0403438924	0.0315637706	0.0330804542	-0.0502647235	0.0145778564	-0.0607623051	0.0363016268	0.0561653648	-0.0543003552	0.0534873764	0.0792789982	-0.0001691617	-0.0300187372	0.0677737383	0.1098331815	-0.0381792075	-0.0014359736	-0.0209492461	0.0897846046	0.0163338818	0.0185344301	0.0007976235	0.0371689813	0.0516982543	0.0802562969	0.0052899207	-0.0023604391	0.0099827068	-0.0048932503	0.0494226019	0.0151252703	-0.0758311666	0.0464522184	0.0704021707	0.0145433459	-0.0537866683	-0.029138228	0.0834322207	0.088798008	0.0026634142	0.1054279714	0.0430942802	-0.0350428114	-0.1003291122	0.0285054771014614	0.0246431660043811	0.0006072856307194	0.0008125622247819	-0.0489963300280891	-0.0261172190608931	0.0006821091314746	0.0024006403562214	0.0229724772886541	-0.0001504929472844	0.0005277347127777	2.2648127182345887e-08	-0.0006529885533817	0.0007268448993488	4.263940508475253e-07	5.283035077093672e-07	-0.0003910194508975	0.0003143094131075	1.528962109801824e-07	9.879040716798109e-08	5.987261045632599e-05	-0.0004161409639578	1.7317330188378858e-07	3.584729482854956e-09	0.0	0.0	0.0	0.0	0.0	0.0	0.0	0.0	0.0	0.0	0.0	0.0	0.0	0.0	0.0	0.0	0.0	0.0	0.0	0.0	0.0	0.0	0.0	0.0	0.0	0.0	0.0	0.0	0.0
867.8848483796762	-1.9400990486303729	3.763984318496477	753224.1100470136	956.9650377432504	-4.736411531766407	22.433594198249803	915782.0834629406	768.9746199872606	0.2560909685323622	0.0655825841638433	591321.9661845518	778.5672038026801	691.7546943350467	0.821199	22.318407	0.1060369867050197	0.0536098496861334	-0.0246948582	0.059466446	-0.0631874424	-0.0457878936	-0.0894426081	0.0103499174	-0.0125388116	-0.0692681497	0.0535329068	-0.1554637478	0.0247070514	-0.0268536247	0.0105184578	-0.0380073195	0.0071888694	0.0098979646	-0.0562681268	0.0453456348	-0.0792855354	-0.0193096475	0.0732979025	0.0447892685	0.0469695212	-0.1414896785	-0.107296164	0.1062878591	-0.0616538899	-0.0750058257	-0.130248998	0.045756451	-0.0111147895	-0.0370413586	-0.0092575289	-0.0122965695	-0.0255321079	0.0310649442	-0.1057901107	-0.0205508109	0.0924963596	-0.084152047	0.0919880425	0.0969821943	-0.0985073512	-0.0553161823	0.1099276229	0.0074730342	-0.0104976006	-0.0042576294	-0.0304600677	0.0933107547	0.0008860821	0.0015959294	0.0068376911	0.0504012987	0.0507539619	0.0521401235	0.0424555205	-0.0368051971	0.019732357	-0.016001148	0.0107565153	0.0391747509	0.0319215726	-0.0426815557	0.0489067147	0.0124825827	0.0703391947	-0.0517686686	0.0784007532	0.0237863989	-0.0497298335	0.1034414224	0.0366662233	-0.0446835199	-0.1082719048	0.0203669119597122	-0.0081385651417492	6.623624256649516e-05	0.0004148111027746	-0.0079902619085601	0.041006068119529	0.0016814976226234	6.384428536738651e-05	0.0438625131220433	0.0208900358333892	0.0019239200573814	0.0004363935971202	-0.0011149955496529	-0.0004620069962711	1.2432150757457724e-06	2.1345046460353653e-07	-0.0001330332205147	0.0002579862303828	1.7697837760512795e-08	6.655689506712717e-08	5.992573600937189e-05	5.3125553045900095e-08	2.822324386432745e-15	3.591093836264931e-09	0.0	0.0	0.0	0.0	0.0	0.0	0.0	0.0	0.0	0.0	0.0	0.0	0.0	0.0	0.0	0.0	0.0	0.0	0.0	0.0	0.0	0.0	0.0	0.0	0.0	0.0	0.0	0.0	0.0
867.9100595865737	0.0252112068974383	0.0006356049532254	753267.8715315699	961.317340095838	4.352302352587572	18.942535768339308	924131.028368937	768.3650186705429	-0.6096013167176579	0.3716137653439023	590384.8019165837	778.114547030235	687.7742728124836	0.891969	24.24177	0.2390775259472509	0.1422658419257808	-0.0138076329	0.0522672036	-0.0448544512	-0.0185736822	-0.0350684759	-0.0147369517	-0.0052322935	0.0186132345	-0.0353819912	-0.0065882003	-0.0463134982	0.0495655905	-0.0035951787	-0.0062057883	0.0539133566	-0.0166217283	-0.0457682428	0.0163546973	-0.0125884886	0.1271956562	-0.0954700308	0.0457239325	0.0299659398	0.065987711	0.0661917869	0.0132342307	-0.0166968054	0.0220392906	0.0458194873	-0.0548255921	0.001287837	-0.0015908886	0.0508898346	0.0179505331	-0.0262994335	0.015250194	-0.000108291	0.1522535559	-0.0613720454	-0.0352007869	-0.0618209385	-0.0078284501	0.0228528257	-0.0261299575	0.0194270671	-0.0260926009	0.0136670221	-0.0019995764	-0.0209002421	0.0419400223	-0.0127303644	-0.0172146892	0.0195038959	0.0640122349	-0.0226525549	0.0160180941	0.0719316343	-0.01209194	-0.0956799879	-0.0382753694	0.0385641352	-0.02305976	0.1058410793	0.0810033993	-0.0587997136	-0.0203256923	0.0066615007	0.0496334995	-0.0158133584	-0.040403348	-0.0308487863	0.1013839798	0.0301376669	-0.0540487397	-0.1150284477	0.0089622784793306	-0.0114046334803816	0.0001300656648218	8.032243554107241e-05	-0.0968848317079391	-0.088894569799379	0.0079022445398166	0.0093866706150756	-0.0605113966523234	-0.1043739097743667	0.0036616291248148	0.0108939130415876	-0.0011149735705292	2.197912369987509e-08	1.243166062978633e-06	4.830818786144109e-16	0.0001511919306067	0.0002842251511214	2.2858999880581192e-08	8.078393652998266e-08	-0.000343915391608	-0.0004038411276173	1.6308765635527045e-07	1.1827779658488403e-07	0.0	0.0	0.0	0.0	0.0	0.0	0.0	0.0	0.0	0.0	0.0	0.0	0.0	0.0	0.0	0.0	0.0	0.0	0.0	0.0	0.0	0.0	0.0	0.0	0.0	0.0	0.0	0.0	0.0
868.8306725912636	0.920613004689926	0.8475283044042139	754866.7376353875	960.783208767573	-0.534131328264948	0.2852962758340777	923104.3742497136	768.53451241998	0.1694937494371515	0.0287281310982639	590645.2967806165	777.9583457534715	693.9331486936101	0.844682	22.956604	0.0563897710956188	0.0299467927071107	-0.0084480423	0.0272154907	-0.0492684716	-0.0270266954	-0.0288162879	-0.0131134238	0.0095954283	0.0317153414	0.016827367	-0.0047127509	0.0172748094	-0.0586030984	0.0065456135	-0.0001059799	-0.0009241742	0.0322975191	-0.0253991021	0.0279059035	-0.0416546674	0.026782525	-0.0155446381	0.0377792049	0.0547304084	-0.0186789598	-0.052105547	0.1361116702	0.1800318377	0.0952485487	-0.0161501742	3.8536e-05	-0.0056183451	-0.0031364113	-0.0080713213	-0.0209216019	-0.0313666264	0.0257115143	-0.0393786724	0.0392876329	0.0035977445	-0.0732401414	-0.0012376758	0.0248043482	-0.0176955253	0.0390330599	-0.0305982021	0.1305721992	0.2131353271	-0.0044557437	-0.0313769481	0.0416796296	0.0010869503	-0.034139977	0.0140824182	0.0459590988	0.0357213063	0.0510452639	0.0366858305	-0.0175171839	-0.0378937426	-0.0619093933	-0.0773277967	-0.0181799424	-0.012251808	0.0121802088	0.1083925822	0.0888716936	0.0106420385	0.0386120274	-0.0896455372	0.0232415159	0.0078229864	0.0992570537	0.0235265052	-0.063080731	-0.1205247148	0.0089673763336293	5.097854298700272e-06	2.598811845077684e-11	8.041383830893487e-05	-0.0883290864125854	0.0085557452953537	7.320077755896703e-05	0.0078020275064819	-0.0810349110462098	-0.0205235143938864	0.0065666568082671	0.000421214643076	-0.0009090273210132	0.000205946249516	8.263306703484355e-07	4.2413857689706546e-08	-0.0001408217184739	-0.0002920136490805	1.9830756393942344e-08	8.527197124936778e-08	-0.000392063764053	-4.8148372445e-05	2.318265769102435e-09	1.537139950834065e-07	0.0	0.0	0.0	0.0	0.0	0.0	0.0	0.0	0.0	0.0	0.0	0.0	0.0	0.0	0.0	0.0	0.0	0.0	0.0	0.0	0.0	0.0	0.0	0.0	0.0	0.0	0.0	0.0	0.0
865.6044925922907	-3.226179998972839	10.408237385772386	749271.1375959571	947.670243581136	-13.112965186437007	171.94985598070895	898078.8905691296	767.0436231922805	-1.4908892276995402	2.222750689270532	588355.9198799412	776.323949436119	688.4226248666912	0.731074	19.868998	0.1332918630223905	0.0611674806879203	-0.0217937523	0.0184244695	-0.0225097849	0.0450444521	-0.0594573036	0.0302906268	-0.0748767043	0.0242822189	0.0096829551	-0.0615995515	-0.0377753328	-0.0162169704	-0.0219230242	-0.0023534747	0.0194538082	0.0167992237	0.0107024448	-0.0723365182	-0.0444827642	-0.0720794726	0.0132990521	0.0055266098	0.0126742946	-0.0398082699	-0.0625351394	0.0947642863	0.0305588857	0.0742389632	0.0930246055	0.0300948167	0.022874366	0.0058041813	0.0097076948	-0.0264648996	-0.0272481998	-0.0666198425	-0.0225430856	-0.0838438612	0.0137723939	-0.0129101128	0.053969163	0.0383718277	-0.0310141199	0.1120063009	0.0898908448	-0.095370366	0.0881969784	-0.0034675609	-0.0029161984	0.0492228349	0.0146881095	-0.0111004573	0.0109933513	-0.0007626575	0.0127641291	0.0503544428	0.0038526086	-0.0125273698	0.0224800766	-0.0127421043	-0.0290440159	0.0181237215	0.0005659515	0.046434149	0.1565950284	0.1131851486	-0.052934245	-0.0895390792	-0.0122495535	-0.0097144923	0.0174954322	0.0970621018	0.016850859	-0.0717238087	-0.124700488	-0.0053060268371325	-0.0142734031707618	0.0002037300380751	2.815392079637032e-05	-0.0456933155936098	0.0426357708189756	0.0018178089533282	0.0020878790899372	-0.0645564613213167	0.016478449724893	0.0041675366983306	0.0002715393053358	-0.0015729897732155	-0.0006639624522023	2.47429682664055e-06	4.408461379344914e-07	0.0001511181224613	0.0002919398409352	2.2836686936228465e-08	8.52288707252699e-08	-0.0001498812710353	0.0002421824930177	5.865235992426832e-08	2.2464395407157063e-08	0.0	0.0	0.0	0.0	0.0	0.0	0.0	0.0	0.0	0.0	0.0	0.0	0.0	0.0	0.0	0.0	0.0	0.0	0.0	0.0	0.0	0.0	0.0	0.0	0.0	0.0	0.0	0.0	0.0
866.5318173233392	0.9273247310484294	0.8599311568140419	750877.3904336889	945.1648005247116	-2.505443056424383	6.277244908985154	893336.5001509179	767.3247349397365	0.2811117474559523	0.0790238145577391	588787.2488503368	775.6271671226489	684.4342382042707	0.77127	20.961435	0.0861832705229499	0.0422011490793897	-0.0153473623	0.0470943362	-0.0713555417	-0.0005580304	-0.0091088387	0.0270616025	-0.0582325662	-0.0043800099	0.0007447257	-0.0430602821	-0.027552433	0.0027837256	-0.0168988784	0.0224470884	0.0649085433	0.0422040714	-0.0571812936	-0.0298021234	-0.0760798821	-0.040344379	0.0610379704	0.0490891428	-0.0212596985	-0.0195303862	-0.0564646863	0.0284372845	0.0709907228	0.0325551331	-0.0269162566	-0.0212449097	0.0161811104	0.0270003829	0.0439668717	-0.0374306301	-0.0881929268	-0.0323225192	-0.0758770175	-0.0542243343	0.0562893059	0.0088155885	0.0088358702	0.0479031561	-0.0001485666	0.0974384848	0.0688708756	-0.0388644235	0.0382893821	-0.0015472934	-0.0214055335	0.0540539003	0.0068729506	-0.0234609319	0.0094368064	0.0376827225	0.0487286055	0.0650669289	0.0044228131	-0.0064660006	-0.0057395829	-0.0388958383	-0.045992853	-0.0034467572	0.058724062	0.0244356559	0.0766961039	0.0169268911	0.0890782662	0.0132770535	0.0421582423	0.0016103389	0.0246727392	0.0948006283	0.0101290257	-0.0799246852	-0.1275100165	0.0034970198923787	0.0088030467295112	7.749363172195784e-05	1.2229148127692335e-05	-0.0670217752236084	-0.0213284596299986	0.0004549031901884	0.0044919183541238	-0.0559609023531066	0.0085955589682101	0.0031316225921739	7.388363397597717e-05	-0.0008659705677149	0.0007070192055006	7.499050241484663e-07	4.998761569466996e-07	0.0001511695396798	5.1417218499999777e-08	2.285222972700263e-08	2.6437303582767188e-15	-0.0003919347522208	-0.0002420534811855	5.85898877540192e-08	1.536128499983799e-07	0.0	0.0	0.0	0.0	0.0	0.0	0.0	0.0	0.0	0.0	0.0	0.0	0.0	0.0	0.0	0.0	0.0	0.0	0.0	0.0	0.0	0.0	0.0	0.0	0.0	0.0	0.0	0.0	0.0
871.072866857492	4.541049534152876	20.62113087163005	758767.9393753301	954.1108020146688	8.946001489957212	80.03094265831665	910327.4225210744	768.5539161469591	1.2291812072226094	1.5108864401892317	590675.1220248269	776.8049185045808	696.4248765819801	0.7661259999999999	20.821632	0.0584247488619994	0.0376544885253158	-0.0062159723	0.0418199111	-0.0020112018	-0.0930508652	0.0043406313	-0.0066381404	0.0415701093	-0.0158573396	-0.0165224947	-0.0347845111	-0.0952713767	-0.0338432468	0.0117518218	-0.0260076614	0.0272370417	-0.0278399277	-0.0455302316	0.0010129308	-0.094155116	0.0032325479	-0.0829001303	0.0432835848	0.008634103	0.0455401251	-0.0453116796	0.043125092	-0.0685958225	0.0752888204	-0.0421189165	-0.1426654192	-0.0144479407	-0.0152071957	0.0275798439	0.0447784795	-0.0711002939	-0.0297340887	-0.0869760685	0.0211904542	-0.0638486827	-0.0057482888	-0.0931367666	0.0022059046	-0.020840227	0.0745825656	0.0631354976	-0.1144917183	0.0487884469	-0.0008780649	-0.0189065557	0.0482113228	0.017388554	-0.0159109999	0.0170203618	0.0275272167	0.0214980997	0.1045003264	-0.0188302373	0.0295244647	-0.066435673	-0.0325497221	-0.0175437334	0.014353803	0.0191780278	0.0610212417	0.0386787584	-0.0437712912	0.0245654829	0.0117709021	0.003630097	0.0480721185	0.0134715048	0.0924741833	0.0033794295	-0.0876327994	-0.1289225186	0.0029649859487506	-0.0005320339436281	2.830601171724684e-07	8.791141676288496e-06	-0.0599909609988174	0.007030814224791	4.943234866352349e-05	0.0035989154015616	-0.0934732591234492	-0.0375123567703426	0.0087372501711594	0.0014071769104654	-0.0009559943260284	-9.002375831349994e-05	9.139251513984948e-07	8.104277060887451e-09	3.915623211514507e-05	-0.0001120133075646	1.5332105134551182e-09	1.2546981071573982e-08	-0.0003269809396342	6.495381258660003e-05	4.21899776953516e-09	1.0691653488406434e-07	0.0	0.0	0.0	0.0	0.0	0.0	0.0	0.0	0.0	0.0	0.0	0.0	0.0	0.0	0.0	0.0	0.0	0.0	0.0	0.0	0.0	0.0	0.0	0.0	0.0	0.0	0.0	0.0	0.0
870.2838217574962	-0.7890450999958603	0.6225921698274771	757393.9304128333	954.153642574946	0.0428405602772272	0.0018353136048667	910409.173639038	768.6963876803029	0.1424715333438371	0.020298137813344	590894.1364327465	777.9794077522041	713.3815940068868	0.771089	20.956526	0.0518312260360454	0.0245003648850957	0.0046587122	0.0270901811	-0.0123820391	-0.0909310708	-0.0440491676	0.0220909677	0.0221667222	-0.0329949431	0.0463089585	-0.1062099534	0.0094821525	-0.0333784868	0.0116690296	-0.0407565929	-0.0378282355	-0.0066366747	-0.0352657147	0.0398815109	0.0054803771	0.050029312	0.018915025	0.0156557826	0.0335021085	0.0569173803	0.0247371875	0.0664328946	-0.1080235254	0.1587156066	-0.0023814929	-0.1398345356	-0.0091149856	-0.0397713183	-0.0186662145	0.027793485	-0.0136153257	0.0467624564	-0.0324622945	0.0255504501	0.0418417045	0.0162366569	-0.0590042878	-0.0609989355	-0.0350904572	0.0052029389	0.0985706163	-0.2272841592	0.0938142673	0.0029487402	-0.0187365834	0.0343000216	-0.0032754133	-0.0251075234	0.0001405766	0.0464847141	0.016934859	0.0463736395	0.0559737777	-0.0225356498	-0.102623307	-0.0166802348	-0.0220947399	0.0338271654	0.0259315471	0.0241366112	0.0470619029	0.037471481	0.0521370133	-0.0670142018	0.0511977053	0.0371651155	-0.0328293018	0.090084361	-0.0033794295	-0.0948006283	-0.1289225186	0.008984979069595	0.0060199931208444	3.62403171750139e-05	8.072984888106024e-05	-0.0779249093714185	-0.017933948372601	0.0003216265042311	0.0060722915005437	-0.1055513054808514	-0.0120780463574022	0.011141078088712	0.0001458792038115	-0.0008169705573781	0.0001390237686502	6.674408916226834e-07	1.932760824973212e-08	0.0001511601683001	0.0001120039361849	2.2849396480514557e-08	1.2544881720923454e-08	-0.0003919379985029	-6.495705886870004e-05	4.219419496871763e-09	1.5361539467045928e-07	0.0	0.0	0.0	0.0	0.0	0.0	0.0	0.0	0.0	0.0	0.0	0.0	0.0	0.0	0.0	0.0	0.0	0.0	0.0	0.0	0.0	0.0	0.0	0.0	0.0	0.0	0.0	0.0	0.0
869.8828335237187	-0.4009882337775252	0.1607915636280192	756696.1440592536	957.0193027655284	2.865660190582389	8.212008327888695	915885.9458658182	768.2830541429328	-0.4133335373701357	0.1708446131149093	590258.8512831925	777.6894386403884	699.5878784465219	0.8113559999999999	22.05088	0.0296846961106666	0.0165040213878515	0.0074752359	0.0241408036	0.0038296292	-0.0600844348	0.0076145447	-0.0235553654	0.0336705535	-0.0144966232	-0.1046830225	0.0943412678	-0.0322004487	0.0279824605	0.0030747074	0.0058368804	0.0094809319	-0.050078127	-0.0164382976	0.0056476383	-0.0399683663	0.0717324515	-0.1632806814	0.0835592028	0.055172126	-0.0289310428	0.0601896203	-0.0543796546	-0.0316245148	0.0996302981	-0.066453972	0.0345195788	-0.0083734577	0.0078560457	0.016240227	0.0636506939	-0.0090521961	-0.0265880819	-0.0195111566	0.1097916448	-0.1402793734	-0.0786270164	-0.1074766013	0.0367881768	0.0685187523	-0.0024124583	-0.0550855293	-0.0777837442	0.0345156292	0.007561211	-0.000138477	0.0328692262	-0.003551008	-0.0167888516	-0.0052934569	0.0400532178	-0.0228248591	0.051293465	0.0137208384	0.0347609424	-0.1070639011	-0.0264644462	0.0214516942	-0.0502837766	0.1040957096	0.0582141932	-0.1071785955	-0.0632056146	0.0793156196	0.0832545015	0.0405945835	-0.0036658112	0.0350774849	0.0876327994	-0.0101290257	-0.1013839798	-0.1275100165	-0.0007379120327328	-0.0097228911023278	9.45346113877251e-05	5.44514168051853e-07	-0.0856830667408701	-0.0077581573694516	6.018900576917632e-05	0.0073415879261204	-0.0957483085682042	0.0098029969126472	0.009167738593672	9.609874846937058e-05	-0.0008649705598247	-4.800000244659997e-05	7.481740693634549e-07	2.3040002348736033e-09	0.0001511695695186	9.40121849999872e-09	2.285223874843884e-08	8.83829092847182e-17	-0.0003919343876432	3.610859700001537e-09	1.303830777309519e-17	1.5361256421725018e-07	0.0	0.0	0.0	0.0	0.0	0.0	0.0	0.0	0.0	0.0	0.0	0.0	0.0	0.0	0.0	0.0	0.0	0.0	0.0	0.0	0.0	0.0	0.0	0.0	0.0	0.0	0.0	0.0	0.0
870.0726055023273	0.1897719786086327	0.0360134038650353	757026.3388456084	958.6509767373404	1.631673971812006	2.662359950288768	919011.6951994568	768.2773874302991	-0.0056667126336833	3.211163207274645e-05	590250.1440367259	777.611732770105	711.3080064054021	0.828194	22.508501	0.038710100306381	0.0223756752665632	0.0278566623	-4.17668e-05	-0.0163617148	-0.0865163784	-0.0294724274	-0.0256695725	0.0332808533	-0.0154578287	-0.0369240785	0.0576738675	0.0465103122	0.0008837312	0.0095611937	0.0231865407	0.0586647943	0.0403683307	-0.0575564132	0.036384344	0.0039313784	0.0695635162	0.0161637524	0.0144907913	0.0381562267	0.0016166647	0.0441805425	0.03426328	0.0498220964	0.1322599458	-0.0696874279	0.0340549394	-0.009451182	0.0285103037	0.043929557	-0.0153875919	-0.0451737942	0.0516049989	-0.0073130498	0.0876256406	0.0098043076	-0.0397158391	-0.0242575169	-0.026939259	0.0270999992	-0.0588333073	-0.0531933859	-0.02707982	0.1494921105	0.0073871902	-0.0019000604	0.0241474948	-0.0265969485	-0.0378142304	-0.0126897909	0.0533957471	0.0084976169	-0.0075246617	0.056877402	-0.0482741532	-0.1099608519	-0.0570295305	-0.0343428793	0.0123877411	0.0013785334	0.0160240605	0.0442425156	0.0857864638	0.0040332548	-0.0221046247	0.0021804962	0.0282807557	-0.0602903263	0.0851211787	-0.016850859	-0.1073422654	-0.124700488	0.0089851200280861	0.0097230320608189	9.453735245571222e-05	8.073238191911397e-05	-0.0990485640777052	-0.013365497336835	0.0001786365190609	0.0098106180458552	-0.0809769112519021	0.0147713973163021	0.0065572601558984	0.000218194178676	-0.0008819700826117	-1.699952278699996e-05	7.778712266220889e-07	2.8898377498573086e-10	0.0001511726755021	3.1059835000181793e-09	2.285317781846323e-08	9.64713350238518e-18	-0.0003919335445652	8.430779999905185e-10	7.1078051406801295e-19	1.5361190335544166e-07	0.0	0.0	0.0	0.0	0.0	0.0	0.0	0.0	0.0	0.0	0.0	0.0	0.0	0.0	0.0	0.0	0.0	0.0	0.0	0.0	0.0	0.0	0.0	0.0	0.0	0.0	0.0	0.0	0.0
870.8510626793205	0.7784571769932427	0.6059955764122887	758381.5733697019	959.0356396039329	0.3846628665924072	0.147965520935088	919749.3580305246	768.7944363494199	0.517048919120839	0.2673395847640278	591044.8853618223	779.2047329167492	702.2854556437738	0.7627399999999999	20.729593	0.1308138723443618	0.0665185268835096	0.0182198411	-0.0008864428	0.023181387	-0.0575777726	-0.0062155385	-0.0222029109	0.032171095	-0.0206783169	-0.0638262458	0.0783250457	-0.0303562568	0.0503683928	0.0175892885	-0.0182621621	0.0508465347	-0.0106971615	-0.0278929691	0.001080738	-0.0269993454	0.0273338525	-0.0498552702	0.0228482723	-0.0184775836	0.0482812739	-0.0366744315	-0.021760723	-0.0479252079	0.0527929392	0.0080944746	0.0063861167	-0.0198423731	-0.0125227694	0.04887438	0.0205135071	-0.0243207673	-0.0004829689	-0.0061771919	0.0577193695	-0.0520370098	-0.0037342912	-0.0370922788	0.0234478875	-0.048199576	-0.0271757088	-0.0814805651	-0.0479596984	0.0186506242	0.0134963982	0.0101272895	0.0149235135	-0.0047592439	-0.0210005484	-0.0059307148	0.0258561776	-0.0095015368	0.0268458345	0.0046749355	0.0140134721	-0.1174691311	-0.0388434432	-0.0210588426	-0.0594135495	0.0070348882	0.0386886241	-0.0412838757	-0.0378732242	-0.021683204	0.0998660515	0.0746675698	-0.0099303013	-0.0689442934	0.0825512202	-0.0235265052	-0.1126387502	-0.1205247148	-0.0012276513250526	-0.0102127713531387	0.0001043006987114	1.507127775903405e-06	-0.083717039765645	0.0153315243120601	0.0002350556377312	0.0070085427471225	-0.12061754631398	-0.0396406350620779	0.0145485924788051	0.0015713799481248	-0.0003627770385965	0.0005191930440152	1.3160717973284648e-07	2.6956141695376936e-07	0.0006896170247181	0.000538444349216	4.755716407810445e-07	2.8992231720264176e-07	-0.0006468749836757	-0.0002549414391105	6.499513737573278e-08	4.184472445054372e-07	0.0	0.0	0.0	0.0	0.0	0.0	0.0	0.0	0.0	0.0	0.0	0.0	0.0	0.0	0.0	0.0	0.0	0.0	0.0	0.0	0.0	0.0	0.0	0.0	0.0	0.0	0.0	0.0	0.0
870.6228923726622	-0.2281703066582849	0.0520616888405358	757984.2207233403	953.9553705056508	-5.080269098282088	25.809134110959896	910030.8489165734	769.0978000138839	0.3033636644639728	0.0920295129170098	591511.4259861961	778.4791811929007	703.6696849731628	0.821111	22.31601	0.0461996723211033	0.0228262778424369	0.0237047356	-0.0199445456	-0.0028396489	-0.0420950134	-0.0027705456	-0.0258404962	-0.0090178472	0.0071178003	0.0447158423	0.0265662801	0.0742347687	-0.1097057729	0.0251872229	-0.0151087525	-0.0522238565	0.0549292232	0.0148354263	0.051354166	0.0075504415	-0.0795790799	0.064632702	0.0179352661	-0.0515074568	-0.0161912717	-0.1183482706	0.0688367506	0.0670705205	-0.0026927716	0.0379303016	0.0241644163	-0.0238950731	-0.0227361022	-0.0370669681	-0.0467564906	0.0314116299	0.0514701932	-0.0120608682	-0.0854074694	0.0574164612	0.0001385933	0.0277972344	0.065949861	-0.0806714484	0.0199673044	-0.0595358858	0.071412	0.0994777663	0.0120391424	-0.006728307	-0.0064957578	0.0074418355	-0.034262673	-0.0080810882	0.0137790228	0.0371504619	0.0527546846	-0.0282613479	-0.0153521634	-0.0260793474	-0.0380821951	-0.1172263029	-0.0013761324	-0.0681706585	-0.0242817048	0.0832161239	0.0732204107	-0.0098592972	-0.0246028743	-0.0959789991	0.0580086242	-0.0206927158	0.0799246852	-0.0301376669	-0.1172407796	-0.1150284477	0.010411795340758	0.0116394466658105	0.0001354767186862	0.0001084054822178	-0.0833057378507504	0.0004113019148945	1.6916926519595938e-07	0.0069398459588579	-0.1076491630177969	0.0129683832961831	0.0115883422984322	0.0001681789653167	-0.0004993147767653	-0.0001365377381688	2.493152462961814e-07	1.8642553944251786e-08	0.0007961164117655	0.0001064993870474	6.338013410823751e-07	1.1342119441471914e-08	-0.0004663013000076	0.0001805736836681	3.2606855233467055e-08	2.1743690238877778e-07	0.0	0.0	0.0	0.0	0.0	0.0	0.0	0.0	0.0	0.0	0.0	0.0	0.0	0.0	0.0	0.0	0.0	0.0	0.0	0.0	0.0	0.0	0.0	0.0	0.0	0.0	0.0	0.0	0.0
868.8704232120647	-1.7524691605975704	3.071148158845553	754935.8123327123	951.4451668262482	-2.510203679402593	6.301122512086319	905247.9054770272	768.7385518333296	-0.3592481805543457	0.1290592552316077	590958.9610748047	777.7236216243863	695.8013659951216	0.787614	21.405634	0.0522978352281724	0.0269984059427555	0.0159107212	-0.0076296995	0.0018401263	0.0086250311	-0.0004878638	0.0025349598	-0.0436822773	-0.0379870837	0.0665255765	-0.0637493435	-0.0467322436	-0.0118915362	0.0140424301	-0.0086320017	0.0321305897	0.0190199346	-0.0162647664	0.0303690806	-0.0244263053	-0.1013442843	0.0056178288	0.0420311057	-0.0416496349	0.042328452	-0.1103623251	-0.0298735104	-0.0527966809	-0.0382895061	-0.0989202045	-0.1310784056	-0.016753696	0.0020711559	0.0257951437	-0.02260005	-0.0267320329	0.0135903679	-0.0623803807	-0.1019908144	0.0133292164	0.0103223583	-0.0327990561	0.0421783551	-0.0937435615	0.0813527823	0.0514074425	-0.008602999	-0.0845893386	0.0157363964	0.0060811533	-0.0066738568	0.0158882725	-0.0254255702	0.0061867844	0.000537692	0.0027263574	0.0815890055	-0.0604803566	0.0376949546	-0.0382387746	-0.0098419448	-0.0578173812	-0.0037572648	-0.0088898517	0.0612886472	-0.0248944947	-0.0913422558	-0.0064791542	0.0106796307	0.1136090811	-0.0132577891	0.0093208612	0.0772433738	-0.0366662233	-0.1211199807	-0.1082719048	-0.003924520120762	-0.01433631546152	0.0002055299410122	1.5401858178265786e-05	-0.0762071629202409	0.0070985749305094	5.038976604405794e-05	0.0058075316803521	-0.107470314538034	0.0001788484797628	0.0115498685069039	3.1986778713497385e-08	-0.0003461474281855	0.0001531673485798	1.1981804203943588e-07	2.3460236670965964e-08	0.0010531151468253	0.0002569987350598	1.1090515124728733e-06	6.604834982233731e-08	-0.0006698171434956	-0.000203515843488	4.141869855063212e-08	4.486550057206052e-07	0.0	0.0	0.0	0.0	0.0	0.0	0.0	0.0	0.0	0.0	0.0	0.0	0.0	0.0	0.0	0.0	0.0	0.0	0.0	0.0	0.0	0.0	0.0	0.0	0.0	0.0	0.0	0.0	0.0
868.9637978515905	0.0933746395257912	0.0087188233065714	755098.0819766598	958.078516761462	6.633349935213801	44.00133136300093	917914.444279843	769.2780635661511	0.539511732821552	0.2910729098521136	591788.7390840872	779.4600548127669	708.189339250576	0.87077	23.665636	0.0391123772991993	0.0213630559926484	0.0322896174	-0.0322186482	-0.0305850066	0.0005989663	0.0049093231	-0.0463922966	0.0046933259	0.039807881	0.0256665831	0.0976943239	0.0571231143	-0.0559444147	0.0331055678	0.0165163238	-0.0276639432	0.0208643666	0.0725598729	0.044738874	0.0776330855	0.0313954498	-0.0730488823	0.0442828923	-0.0228483318	-0.0744984541	-0.0366822859	0.0583995026	0.0473430015	0.0651907341	0.0634268279	-0.0238427855	-0.0310866661	0.012050441	-0.0164563611	-0.0235601345	0.0791142571	0.0304263886	0.0623556598	0.032807071	-0.0466300831	-0.0514051105	0.0075487063	0.0889203531	0.0115997288	0.0270776185	-0.0646427345	0.0364999773	0.1207908114	0.0186949935	0.0047321575	-0.0310984687	-0.0015205926	-0.0458135984	-0.0098595812	0.0166889007	0.0002770438	0.0340271806	-0.002147531	0.0215359948	-0.0104298847	-0.009855101	-0.1093589751	-0.0513942573	0.0616871073	-0.0100215353	-0.0654916714	0.0221736126	0.0817225456	0.0098748426	-0.2443884426	0.0319693059	0.0074808833	0.0745091236	-0.0430942802	-0.1242524367	-0.1003291122	0.0080787259338421	0.0120032460546041	0.0001440779158473	6.52658127141329e-05	-0.0793482380020691	-0.0031410750818281	9.866352669681973e-06	0.006296142874033	-0.1034533298828819	0.0040169846551521	0.0107025914638563	1.613616571972744e-05	-0.0002537409966259	9.240643155960002e-05	6.438449336870499e-08	8.538948593579043e-09	0.0007590865030928	-0.0002940286437325	5.762123191776555e-07	8.645284333517342e-08	-0.0006824034983558	-1.2586354860200011e-05	1.584163286668805e-10	4.656745345682344e-07	0.0	0.0	0.0	0.0	0.0	0.0	0.0	0.0	0.0	0.0	0.0	0.0	0.0	0.0	0.0	0.0	0.0	0.0	0.0	0.0	0.0	0.0	0.0	0.0	0.0	0.0	0.0	0.0	0.0
864.832696294912	-4.131101556678459	17.066000071591187	747935.5925807275	949.3589335282644	-8.719583233197568	76.03113176066016	901282.3846699236	767.094606309757	-2.183457256394149	4.767485590500265	588434.1350295211	776.543964891699	691.0158642020768	0.7856309999999999	21.351723	0.0685753317482374	0.0403545226055653	0.0184597616	-0.0237078147	-0.026887977	0.0824329542	-0.0407650461	-0.0129734705	-0.1054413079	0.0182726139	0.0354752373	0.028099349	-0.0131176116	-0.0261757551	0.0090606696	0.0262704497	0.0030777601	0.0466851892	0.0640850513	-0.0733883068	0.0164893477	0.0172008266	0.0066632689	0.0181061201	-0.0541814609	0.0039618434	-0.1088595381	0.0499221631	-0.0146947568	0.1017964802	0.0955350635	0.0090075482	-0.0080352733	0.0167605103	-0.0113129221	-0.0575523126	0.0149352603	-0.0634490899	0.0598047507	-0.0104050838	0.0344816235	0.001180458	0.0266055438	0.0565415367	-0.0967428111	0.0790315241	0.0290892186	-0.0728915739	0.0795431338	0.0256381182	0.0157647609	-0.0058118344	0.0115072847	-0.0302541024	-0.0034323995	-0.002124457	-0.0140591154	0.0881474159	-0.0232503749	0.0281336486	0.0371673143	-0.0014369667	-0.0647383955	0.0097120823	-0.0280315137	0.079005422	0.0509875719	0.0012928059	-0.0613504796	-0.1056753994	-0.0844498458	0.0498713075	-0.002142634	0.0717238087	-0.0494042187	-0.1266188352	-0.0912870929	0.0024189868390749	-0.0056597390947672	3.203264662083624e-05	5.851497327617576e-06	-0.0794761388967515	-0.0001279008946823	1.6358638860557825e-08	0.0063164566539357	-0.0687265630309141	0.0347267668519678	0.0047233404660422	0.0012059483359909	-0.0001249031965592	0.0001288378000666	1.560080851070615e-08	1.6599178726026958e-08	0.0007630159921925	3.929489099699932e-06	5.821934043415052e-07	1.5440884584660582e-11	-0.0002539522893858	0.00042845120897	1.8357043846785465e-07	6.44917652842891e-08	0.0	0.0	0.0	0.0	0.0	0.0	0.0	0.0	0.0	0.0	0.0	0.0	0.0	0.0	0.0	0.0	0.0	0.0	0.0	0.0	0.0	0.0	0.0	0.0	0.0	0.0	0.0	0.0	0.0
866.5412010383718	1.7085047434597982	2.918988458424631	750893.653097024	946.074910402298	-3.284023125966428	10.78480789188231	895057.7360927161	767.7621457615686	0.6675394518116491	0.445608919724997	589458.7124644081	776.7734877216445	684.8267923977561	0.7800289999999999	21.199495	0.0645883419427052	0.0332074532293288	0.0266526714	-0.0269437236	-0.070716257	0.0414541656	0.0293466666	0.0020012971	-0.036722824	0.0069384667	0.0525330629	-0.0284507964	-0.0189340902	-0.0062620093	0.012570149	0.0564390037	0.0474069974	0.0676227993	-0.0194352335	0.0085511547	-0.0257050593	-0.013255494	0.0038530162	-0.0205260699	-0.0331729632	0.0495443859	-0.0673109083	0.0415666241	-0.0122282443	0.0793142748	-0.1327229921	0.085168409	-0.0110798119	0.0546296495	0.0262593773	-0.07710719	-0.0360902542	0.0055539564	-0.0259996677	-0.0094874077	0.0064689737	0.0444375461	0.0141202164	0.0028373015	-0.0971311776	-0.0130441959	0.0491164079	-0.0708642856	0.0816141592	0.0257172164	0.0088544389	-0.0361045653	-0.0147311733	-0.0456472015	-0.0084729372	0.0078937259	-0.0038955567	0.0101112286	0.0203822159	-0.0304980451	-0.0187161707	-0.0352515111	-0.0651011893	0.028060305	0.0253823589	0.0177848084	0.0294440682	-0.0048745576	0.0814738359	-0.0333786769	0.0215131794	-0.0002051224	-0.0308691728	0.0688893378	-0.0555787436	-0.1282045865	-0.0812449131	-0.0008601180319942	-0.0032791048710691	1.07525287554691e-05	7.398030289615757e-07	-0.0723921150224669	0.0070840238742845	5.018339425143416e-05	0.005240618317426	-0.0783934823530856	-0.0096669193221715	0.0061455380754435	9.344932918137284e-05	-0.000324240895445	-0.0001993376988858	1.0513215827897543e-07	3.973551819708586e-08	0.0006341330908545	-0.0001288829013379	4.021247769166815e-07	1.6610802257300636e-08	-0.0008168975666656	-0.0005629452772798	3.16907385211631e-07	6.673216344241784e-07	0.0	0.0	0.0	0.0	0.0	0.0	0.0	0.0	0.0	0.0	0.0	0.0	0.0	0.0	0.0	0.0	0.0	0.0	0.0	0.0	0.0	0.0	0.0	0.0	0.0	0.0	0.0	0.0	0.0
868.8010642356107	2.2598631972389285	5.106981670234952	754815.2892169298	953.4224148193996	7.347504417101618	53.98582115932778	909014.3010800552	768.7470385343495	0.9848927727808814	0.9700137738760128	590972.0092553326	777.2387144397792	689.0135248172783	0.7938389999999999	21.574808	0.0865434497245786	0.0462619761705985	0.0446607728	-0.018672319	0.0114791877	0.012749574	0.0543616455	-0.0423384757	0.0260632258	-0.0145855204	-0.0275236965	0.0342206144	-0.0166681582	0.005280635	0.0400953312	0.0301573485	0.0018186459	-0.0369443403	0.0172273785	-0.0250046341	-0.0064567038	0.0350481571	-0.1386914881	-0.0015795634	0.0047262725	0.0579877076	0.0357057024	-0.170476918	-0.0586604015	0.0368353902	-0.065673957	-0.1018528826	-0.0393032217	0.0345314696	0.006112096	0.0359914928	-0.0083243483	-0.0362241661	0.0239589116	0.0703907177	-0.1114593355	0.0302667872	-0.1228332651	-0.0378839252	0.0306312732	0.0132390261	-0.0713513742	-0.0524935918	-0.078379171	0.0408071775	0.0237989993	-0.0426937743	-0.0197698933	-0.0157113181	-0.0114661541	0.0047973748	-0.0547753008	0.0032597757	0.0007647182	0.0142547741	-0.0618255936	-0.0023067425	0.0053154122	-0.0567313479	0.0444474846	0.0684010145	-0.1242117594	-0.0548110719	-0.006005029	0.024750854	0.1385144222	-0.0287628749	-0.0010175694	0.0660076536	-0.0616009311	-0.1289999139	-0.0703125971	-0.0173906985360758	-0.0165305805040816	0.0002732600918019	0.0003024363955726	-0.0904667789744451	-0.0180746639519782	0.0003266934769769	0.0081842380980111	-0.0782175402581302	0.0001759420949554	0.0061179836040322	3.0955620777296064e-08	8.601431504186784e-05	0.0004102552104868	7.398462392121693e-09	1.6830933773162426e-07	0.00125896607348	0.0006248329826254	1.5849955741736484e-06	3.904162561766783e-07	-0.0008170546370245	-1.570703588999996e-07	2.4671097644974685e-14	6.675782798832374e-07	0.0	0.0	0.0	0.0	0.0	0.0	0.0	0.0	0.0	0.0	0.0	0.0	0.0	0.0	0.0	0.0	0.0	0.0	0.0	0.0	0.0	0.0	0.0	0.0	0.0	0.0	0.0	0.0	0.0
868.7620014330153	-0.0390628025954811	0.0015259025466135	754747.4151338984	958.4189041852952	4.996489365895627	24.96490598350809	918566.795899742	769.129382980889	0.3823444465394914	0.14618727579959	591560.007764563	779.1173863137802	700.8243952517024	0.896997	24.378408	0.0169903657929949	0.0095478696884752	0.0648096039	-0.0704348956	-0.0212675985	0.0099184131	0.0651227302	-0.0532170028	-0.005512299	0.0477378529	0.0211244574	0.1168258769	0.0884583366	-0.0026199973	0.0473018415	0.0088604887	-0.0233049928	0.0237971359	0.0833867615	0.0554816164	0.1027973004	0.0809862355	-0.0365828084	-0.0595956626	0.0487746965	0.0381765469	0.0024096438	0.0634392158	0.0884776258	0.0916578208	0.0173718312	0.0868471875	-0.0445442948	0.010699512	0.0017088592	-0.0329321034	0.1088085207	0.0596041468	0.0762442296	0.0672200956	-0.0386388571	-0.0114016664	0.0014871986	-0.0715735546	0.0247074601	0.0547067693	-0.0760140002	0.0680816029	0.1696287955	0.0393556486	0.0247866928	-0.0826447554	-0.0294354454	-0.0453836641	-0.0317700796	0.0060390589	-0.0226578267	-0.0378559212	0.0287061168	-0.0367203338	-0.0231466426	-0.0548863755	-0.0884931916	-0.0349569736	-0.0103288151	-0.0157425921	0.0003391138	0.1027519356	-0.0057032218	-0.0051832582	-0.206088185	0.0596458572	-0.0388165152	0.063080731	-0.0674542747	-0.1289999139	-0.0586099215	-0.0174405178615586	-4.981932548279999e-05	2.4819651915611646e-09	0.0003041716632793	-0.0902298949865496	0.0002368839878955	5.6114023721279504e-08	0.0081414339492837	-0.08416846656079	-0.0059509263026597	0.0070843307631948	3.541352385968818e-05	-7.800652696576837e-05	-0.0001640208420076	6.085018249261148e-09	2.6902836612893963e-08	0.0012080333152788	-5.09327582011998e-05	1.4593444908234888e-06	2.5941458579818852e-09	-0.0008169535136942	1.0112333030003805e-07	1.0225927930970588e-14	6.674130435372993e-07	0.0	0.0	0.0	0.0	0.0	0.0	0.0	0.0	0.0	0.0	0.0	0.0	0.0	0.0	0.0	0.0	0.0	0.0	0.0	0.0	0.0	0.0	0.0	0.0	0.0	0.0	0.0	0.0	0.0
868.7321129218853	-0.0298885111299114	0.0008933230975628	754695.4840217234	955.319612145424	-3.099292039871216	9.605611148409082	912635.5613496832	768.4620964057622	-0.6672865751268091	0.4452713733444666	590533.9936123389	777.7293005411051	694.8957383938179	0.8580609999999999	23.320221	0.0671468715150363	0.0324296046449381	0.0528803418	-0.0647380944	0.0285971761	0.0579483925	0.0406647048	-0.0519808808	-0.0134766221	-0.0258454849	0.0344810554	0.0412542721	-0.0424719179	-0.0070533954	0.0435961876	0.028799073	0.0306343629	-0.0123747563	0.0367398257	-0.0016315315	0.0578370528	-0.003349003	-0.0162215223	-0.0395778045	-0.0677495833	0.0446227002	-0.1520543938	0.0187233831	0.0057925675	0.0050310306	-0.0591373836	0.026551418	-0.0411390311	0.0323054508	0.0330147393	-0.0017037369	0.0265851768	0.0027066785	0.0476942859	-0.0264940684	0.0034024353	0.0716613813	0.0066377182	0.0152214008	-0.1141255225	0.0847639242	0.0478941519	-0.0406861661	0.026590981	0.048100748	0.0311714531	-0.0776309569	-0.0149888368	-0.034528837	-0.0161716275	-0.0173719136	-0.0507323575	0.020246543	-0.0068519922	-0.0047155119	-0.0443483139	-0.0130189017	-0.0628821079	-0.0065783704	-0.0779396013	0.0816433158	0.0347825516	-0.0266780502	-0.0542922425	-0.048866549	0.1465054504	-0.0180005488	-0.0342065926	0.0601105761	-0.0731227308	-0.1282045865	-0.0462651033	-0.014966350046734	0.0024741678148246	6.121506375913942e-06	0.0002239916337213	-0.1067003309056957	-0.016470435919146	0.0002712752593666	0.0113849606153849	-0.1060296297898872	-0.0218611632290972	0.0112422823933805	0.0004779104577292	0.0001328528746673	0.000210859401633	1.7649886307365323e-08	4.4461687257055634e-08	0.0010079558763658	-0.000200077438913	1.015975048700348e-06	4.0030981561985264e-08	-0.0007010682632009	0.0001158852504932	1.342939128189488e-08	4.914967096675263e-07	0.0	0.0	0.0	0.0	0.0	0.0	0.0	0.0	0.0	0.0	0.0	0.0	0.0	0.0	0.0	0.0	0.0	0.0	0.0	0.0	0.0	0.0	0.0	0.0	0.0	0.0	0.0	0.0	0.0
869.7183367864044	0.9862238645190472	0.9726375109468842	756409.9853425096	957.2412449916204	1.9216328461964167	3.6926727955809415	916310.8011131076	768.2030844857896	-0.2590119199725222	0.0670871746878522	590135.9790134813	777.6633833715061	699.1297586835074	0.864827	23.504103	0.063924831002202	0.031165498115425	0.0719522513	-0.0946625606	-0.0082961539	0.0211801325	0.1345121138	-0.0595437673	0.0254322439	0.0235313087	0.0626874491	0.0737237749	-0.0091120803	-0.0071895052	0.0312837079	0.0688388847	0.0465632974	0.0342469689	0.0443568846	0.0215496378	0.0463091856	-0.006992565	0.03907268	-0.0682996498	-0.0731950505	0.1106740187	-0.0584494775	-0.0194882285	0.1519817408	0.0174070864	0.0823699392	0.003626795	-0.0337130391	0.0709445006	0.0414613171	-0.0579930098	0.0290764679	0.0257395879	0.0406830703	-0.0126477451	0.0176133584	0.1163078265	-0.0224463826	-0.0466912305	-0.0253044641	0.0985731454	-0.0861731652	0.0821827541	0.0108884779	0.0431274606	0.0260701791	-0.1252327015	-0.0308411155	-0.0632489081	-0.0325471955	-0.0086299321	-0.0172229686	-0.0678458042	0.0149334954	-0.0289882497	-0.0283501704	-0.0644140303	-0.1329150974	-0.0544327671	-0.0105760444	-0.0364561234	-0.0494434998	-0.0348405819	0.0154025699	0.102548772	0.0593773699	-0.0287952595	-0.0925073122	0.0570992244	-0.0785907625	-0.1266188352	-0.033413395	-0.0111071041493602	0.0038592458973738	1.4893778896396514e-05	0.0001233677625847	-0.0837490163516463	0.0229513145540493	0.0005267628397589	0.0070138977398683	-0.120741768448461	-0.0147121386585738	0.0145785746480617	0.0002164470239091	0.0002378188495328	0.0001049659748655	5.6557805193104576e-08	1.1017855879464782e-08	0.0007809046195565	-0.0002270512568093	6.09812024844682e-07	5.1552273218682746e-08	-0.0008170936693702	-0.0001160254061692	1.3461894876751033e-08	6.676420645248577e-07	0.0	0.0	0.0	0.0	0.0	0.0	0.0	0.0	0.0	0.0	0.0	0.0	0.0	0.0	0.0	0.0	0.0	0.0	0.0	0.0	0.0	0.0	0.0	0.0	0.0	0.0	0.0	0.0	0.0
872.0623553750609	2.344018588656468	5.494423143967059	760492.7516622989	959.1110093593596	1.869764367739208	3.4960187908672	919893.9282743296	768.9263095764102	0.7232250906205309	0.523054531703075	591247.6695587974	778.3354151049924	693.7866300008968	1.121881	30.490274	0.33295986025193	0.1723948896585765	0.0623666418	-0.0321201444	0.110600965	0.0041944864	0.0415947076	-0.0775799899	0.012129359	-0.0082763776	-0.0251073599	0.0124886253	-0.1091141997	0.0306956579	0.0407507885	-0.0129376456	0.0583117298	-0.1009191837	0.0023269427	-0.0534420575	0.0407084735	0.0352120249	-0.0679559987	-0.0414172599	0.0649124694	0.0056024697	0.046306477	-0.1323533876	-0.0033459998	-0.0780992526	0.0678278409	0.0553989661	-0.0439586091	-0.0052434728	0.0787262867	0.0907641809	0.0029971427	-0.0390220086	0.0682034177	0.0430362926	-0.0702116485	-0.0430606475	-0.0007569178	-0.0670509316	0.0293111209	0.038576786	-0.0023128542	0.0536297798	-0.1726523702	0.0501408335	0.0677648714	-0.0219105736	-0.0128025461	0.0270917438	-0.0381563947	-0.0830506498	-0.0612222683	0.0334676156	-0.0450933901	-0.0165658419	-0.0765674743	0.0231925554	0.165394294	0.0240371014	-0.163772977	0.0381571427	-0.1043132176	-0.0943920625	-0.0813230119	-0.0099595569	0.0159314951	0.0092240914	0.2174634964	0.0540487397	-0.0838433825	-0.1242524367	-0.0201956026	0.0347034354426796	0.0458105395920397	0.0020986055377138	0.0012043284315242	0.0158621142143857	0.099611130566032	0.009922377332643	0.0002516066673502	0.0134636034175272	0.1342053718659882	0.0001812686169844	0.0180110818376881	0.0006880077798728	0.00045018893034	4.733547051654993e-07	2.0267007300067345e-07	0.001338239000606	0.0005573343810495	1.7908836227429457e-06	3.106216122998293e-07	-0.0007579606162023	5.913305316789994e-05	3.496717976957681e-09	5.745042957137704e-07	0.0	0.0	0.0	0.0	0.0	0.0	0.0	0.0	0.0	0.0	0.0	0.0	0.0	0.0	0.0	0.0	0.0	0.0	0.0	0.0	0.0	0.0	0.0	0.0	0.0	0.0	0.0	0.0	0.0
874.0187341021888	1.9563787271279125	3.827417723958631	763908.7475615926	958.880773862203	-0.2302354971566274	0.0530083841509593	919452.3384825772	771.1815889708475	2.255279394437366	5.086285146973773	594721.0431676012	780.241119884235	715.1818995881223	1.184178	32.183369	0.2314234606577848	0.1097358126319076	0.0965387813	-0.0734842599	0.0088262219	-0.1225055857	0.036873025	-0.0650550575	0.123303239	-0.0200014765	-0.0336126575	0.0900876901	0.1087491455	0.0257400746	0.0712201281	-0.0610236938	-0.0125981714	-0.157625753	0.060050217	0.1692632224	0.0049632301	0.0715859429	-0.0005099485	0.0506918237	-0.053552957	-0.0005144779	0.0676309619	-0.1662232213	-0.030568674	-0.327801296	0.0178563817	-0.2179506837	-0.0679598714	-0.0534912369	0.0405394086	0.117112628	0.1797410017	0.0735537313	-0.0567697154	0.085256915	0.0291860819	0.0490791206	-0.021909858	0.0324454258	0.0763344466	-0.0083134796	0.0024169175	0.1418386787	-0.2970037149	0.0551867859	0.0632923198	-0.0637370388	-0.0524873485	-0.0060402438	-0.0923185841	0.0286044101	0.0227112409	-0.0556145619	-0.016845595	-0.0503670985	-0.0321310424	-0.0286590922	0.0628995739	-0.0238231579	-0.0884468481	-0.2570723628	-0.1741857377	-0.0792718714	-0.037281849	0.1497263355	-0.04145501	0.1008686548	-0.1907255232	0.0509612127	-0.0888661936	-0.1211199807	-0.0067565429	-0.0236095979136479	-0.0583130333563274	0.0034004098592161	0.0005574131136441	-0.0569547273595247	-0.0728168415739104	0.0053022924167999	0.0032438409685977	0.0187744501409241	0.0053108467233969	0.000352479978094	2.82050929194156e-05	0.000388115433908	-0.0002998923459648	1.506335900375951e-07	8.993541916827134e-08	0.0022809842989055	0.0009427452982994	5.202889371853416e-06	8.887686974658131e-07	-0.0001009434803836	0.0006570171358187	4.316715167594081e-07	1.0189586231954241e-08	0.0	0.0	0.0	0.0	0.0	0.0	0.0	0.0	0.0	0.0	0.0	0.0	0.0	0.0	0.0	0.0	0.0	0.0	0.0	0.0	0.0	0.0	0.0	0.0	0.0	0.0	0.0	0.0	0.0
871.6011182467686	-2.4176158554201947	5.84486642437912	759688.5093290175	965.617564757665	6.736790895462036	45.38435156918018	932417.2813685236	771.3775272424351	0.195938271587579	0.0383918062727278	595023.2895346538	782.9174895840658	697.2703197890413	1.398099	37.997272	0.4022144469869054	0.2087331197882344	0.0693051629	-0.1958260709	0.1767578784	0.0906107301	0.0505667815	-0.0731006007	0.0326360572	-0.1441598147	0.0321218509	0.1474785444	0.0395127946	0.0760507638	0.1058496805	-0.0982966445	0.0090501816	-0.084628137	0.1220859731	-0.0198876453	0.2586099843	-0.0262305526	-0.0105479473	-0.0568050431	-0.0123807457	-0.0589909172	-0.0182202269	-0.0953126392	0.0316991437	-0.1031443656	0.0099833112	0.0362799999	-0.1076123287	-0.1106956803	0.0409917482	0.032657867	0.1779383089	0.0159675418	0.2264912406	-0.0533493312	-0.012602056	0.0084203472	0.119972712	0.0170896261	-0.0622771242	-0.0597541167	0.0294971535	0.0030828682	-0.1362311794	0.0556926589	0.1241899323	-0.1315762579	-0.017197757	0.0472804924	-0.0343794129	-0.1778543032	-0.160260945	-0.1464630075	-0.0259765417	0.0012558965	0.0531868314	-0.0244428331	0.0705606272	-0.0207277118	-0.0962041627	0.0393532576	-0.0031016268	0.0172013175	-0.3427072438	-0.1848647176	0.0186106929	-0.0505869892	-0.1808873294	0.0478387595	-0.0936454286	-0.1172407796	0.0067565429	-0.0594266504570981	-0.0358170525434502	0.0012828612529002	0.0035315267845501	0.120564812766915	0.1775195401264397	0.0315131871267026	0.0145358740775212	-0.0728425948637294	-0.0916170450046535	0.0053060436264814	0.0083936829353847	-1.4035581167740369e-05	-0.0004021510150757	1.969975387162281e-10	1.6172543892644838e-07	0.0029230118926788	0.0006420275937732	8.5439985247417e-06	4.1219943116633355e-07	-0.0010019810577818	-0.0009010375773982	8.118687158836173e-07	1.003966040153535e-06	0.0	0.0	0.0	0.0	0.0	0.0	0.0	0.0	0.0	0.0	0.0	0.0	0.0	0.0	0.0	0.0	0.0	0.0	0.0	0.0	0.0	0.0	0.0	0.0	0.0	0.0	0.0	0.0	0.0
869.1393458212797	-2.461772425488902	6.0603234748975146	755403.2024546419	950.0643503665924	-15.553214391072627	241.90247789466872	902622.2698374952	769.4773164981839	-1.90021074425124	3.61080087256785	592095.3406052463	777.4851499516914	695.2645363607807	1.396337	37.94939	0.3203379974481244	0.1818837164501751	0.0671419333	-0.085097358	0.002763987	0.0794196153	0.0620350746	-0.0362539923	0.0075272718	-0.012391966	0.2272113411	-0.1462035261	0.0934132787	-0.0293702285	0.0678048874	0.0166426352	-0.0323717688	0.0148644529	0.0830721251	0.1020771384	0.0844662987	0.0272621564	0.1620248108	-0.0588167763	-0.0648774831	0.1226343698	0.0343068121	0.0468294678	0.0054543929	-0.2301987507	-0.0775915162	0.0736494038	-0.0618909959	0.011370036	-0.0331897994	-0.0551487518	0.1183376296	0.0974939268	0.0043853704	-0.0186248378	0.1572953017	0.1633104343	-0.0474046998	-0.1395447486	-0.0862380108	-0.089846874	0.1698626991	0.1219456312	-0.1266413672	0.0675268102	0.0597244442	-0.1409777634	-0.0147079904	0.0177112404	-0.0721999947	-0.1048734674	0.0215454021	-0.1208890548	0.0145699613	-0.0984262732	0.0920604066	0.0759312316	0.0547591282	0.1020881642	-0.106979245	-0.1798686262	-0.0443093021	-0.0013224109	0.0671453179	-0.1135347568	0.1455253431	-0.0493876737	0.0376039055	0.0446835199	-0.098167988	-0.1126387502	0.0201956026	-0.0527527240511602	0.0066739264059378	4.454129367187515e-05	0.0027828498948178	-0.0281984158058037	-0.1487632285727187	0.0221304981753789	0.0007951506539569	0.0012036218224054	0.0740462166861348	1.4487054913704963e-06	0.00548284220553	-0.0001940220386664	-0.0001799864574986	3.764455148826601e-08	3.239512488291681e-08	0.0017380543470826	-0.0011849575455961	3.020832913412723e-06	1.40412438486537e-06	-0.00054983254521	0.0004521485125718	2.044382774208913e-07	3.0231582777210666e-07	0.0	0.0	0.0	0.0	0.0	0.0	0.0	0.0	0.0	0.0	0.0	0.0	0.0	0.0	0.0	0.0	0.0	0.0	0.0	0.0	0.0	0.0	0.0	0.0	0.0	0.0	0.0	0.0	0.0
865.8682445165362	-3.2711013047435245	10.700103745894788	749727.816862148	962.173006852468	12.1086564858756	146.6195618929372	925776.8951155194	767.2941056104031	-2.183210887780774	4.766409780524516	588740.2445044684	777.7519592684732	680.6205755473611	1.860662	50.568718	0.7876194548689468	0.4193997843094347	0.0288893138	-0.3614199405	0.111118379	0.1575005178	-0.0593291633	-0.06215719	-0.0308699974	-0.2061310793	-0.0607712889	0.2259622152	-0.0652068983	0.2873345613	0.0414793942	-0.0992267114	0.1915740037	0.0497207785	0.2992267727	-0.2322332018	0.1682888681	0.0208263937	-0.2012171758	-0.1034332858	-0.0694776306	-0.1158225701	-0.0405080315	-0.0316205909	-0.1471001954	-0.1457405669	0.1859384515	0.1256151824	-0.0494641237	-0.0949018677	0.191244703	-0.1533860792	0.1351871974	-0.2417455361	0.299668096	0.0310058242	-0.1622166479	0.0566306442	0.0450437304	0.0724929205	-0.0319187232	-0.0375548578	-0.0507138928	0.0066487118	-0.1461561747	0.0092590277	0.332665853	-0.1013260722	-0.0110509016	-0.02190639	-0.106336939	-0.0982463266	-0.2382565134	-0.0202052854	0.0598641444	0.1470672463	0.1248382889	0.138181198	-0.0109779373	-0.0181239833	0.1044285475	0.1937090279	0.1246335048	-0.0057047442	-0.2547714021	0.2501188305	-0.1915767101	-0.2024611795	0.0939051172	0.0414976565	-0.1024214758	-0.1073422654	0.033413395	-0.083463801098631	-0.0307110770474707	0.0009431702534156	0.0069662060938318	0.091961742883754	0.1201601586895577	0.0144384637362996	0.0084569621542176	0.0581615270733237	0.0569579052509182	0.0033827632315009	0.0032442029705725	-0.0070720205811486	-0.0068779985424821	5.001347510018938e-05	4.730686395038726e-05	-0.0005939960275476	-0.0023320503746302	3.528312807423292e-07	5.438458949812857e-06	0.0018359248152976	0.0023857573605076	5.69183818321619e-06	3.3706199274255264e-06	0.0	0.0	0.0	1.0	0.0	0.0	0.0	0.0	0.0	0.0	0.0	0.0	0.0	0.0	0.0	0.0	0.0	0.0	0.0	0.0	0.0	0.0	0.0	0.0	0.0	0.0	0.0	0.0	0.0
866.1158077637989	0.2475632472627467	0.0612875613952758	750156.5924583379	943.471675435702	-18.70133141676604	349.73979675972043	890138.8023494505	767.031857889049	-0.2622477213541287	0.0687738673554327	588337.8710167262	774.4587008012687	691.5873438475375	1.8277	49.672894	0.068990759391112	0.0493901206324351	0.030411325	-0.2903217742	-0.0343007531	-0.0165954385	0.0028509043	0.0562728079	0.0769604457	-0.0582608272	0.1646672078	-0.02378093	0.0830198831	0.2499013258	0.0123548478	-0.1387210757	0.1657617374	0.0337186875	0.1094612652	0.0228189207	-0.0394420329	0.1793093205	0.2650569469	-0.1717147808	-0.1988096717	0.3348158058	0.1202721521	-0.0294205228	-0.0171958489	-0.0329304841	0.0261863747	0.2279171149	-0.0043699253	-0.1202248692	0.1727402303	-0.0973708246	0.0402459517	-0.0242499799	-0.0389640273	0.1065944269	0.2431965	0.3605261021	-0.1189209059	-0.2748244872	-0.0005088022	-0.0899582053	-0.1039094135	0.1248033479	0.0273741065	-0.0052203312	0.2862393425	-0.1344570464	0.0127596943	-0.0537662357	-0.2313475242	-0.0825452248	0.0762721759	-0.0504645971	0.0365233529	-0.0398132986	0.0128371381	0.1024792968	0.0589677347	0.4182044318	-0.0300950015	-0.2167544445	0.0925678025	-0.093548537	0.4253564291	-0.0353023433	-0.0592838158	-0.153614323	0.1105177038	0.0382833527	-0.1063942335	-0.1013839798	0.0462651033	-0.0369967108038764	0.0464670902947546	0.0021591904804608	0.0013687566103056	0.0968274280701706	0.0048656851864165	2.3674892333313933e-05	0.009375550826684	0.0634154703608445	0.0052539432875207	0.0040215218810871	2.760392006848483e-05	-0.0071053615301043	-3.334094895570024e-05	5.048616247348612e-05	1.1116188772666087e-09	-0.0007417679967931	-0.0001477719692455	5.502197610664485e-07	2.1836554894693012e-08	0.0019028927095448	6.696789424720019e-05	4.4846988599041884e-09	3.621000664038751e-06	0.0	0.0	0.0	0.0	1.0	0.0	0.0	0.0	0.0	0.0	0.0	0.0	0.0	0.0	0.0	0.0	0.0	0.0	0.0	0.0	0.0	0.0	0.0	0.0	0.0	0.0	0.0	0.0	0.0
855.6157745306456	-10.500033233153315	110.2506978973241	732078.3536256765	923.1833352247874	-20.28834021091461	411.61674851381474	852267.4704367621	760.8575557301986	-6.174302158850423	38.122007148785	578904.2201117323	768.0443482843826	670.3342772500957	2.733301	74.285156	3.7278895561241336	1.635702277887458	-0.2033506304	-0.0360623609	0.0673584459	-0.2301086466	-0.0489808967	0.1621037188	0.1188729006	-0.0984488661	-0.0384912856	-0.2274070715	-0.231145433	0.0152309749	-0.2548594629	-0.1320190835	-0.1354001733	0.1101020051	-0.4275303882	-0.1277476202	-0.0914056194	0.1472520221	0.2469863396	-0.2582541939	0.1171088264	-0.0791534104	-0.1204385531	-0.2407569805	0.0334008226	0.0057251993	0.2959430744	0.0627786398	0.2490332412	-0.1492457658	-0.1850663776	0.0578906951	-0.4253345356	0.0830305826	-0.0474810183	0.1160159581	0.2051728996	-0.0042561767	0.3195188192	-0.0981865609	0.049086653	0.1749464492	-0.2758696281	-0.1002290942	-0.1882588809	-0.3067156259	-0.0116094674	0.3618269437	-0.2695703669	0.0449180487	0.0388904145	0.1694857001	-0.2709143146	-0.3693130829	-0.5269092811	-0.2142328934	0.0854957013	0.1292517227	-0.1522501057	0.1009917083	0.0369821536	0.0086124124	-0.00342191	0.0489169195	0.0577014449	0.0373926315	0.0241262069	0.1252735468	0.0607827951	0.0350428114	-0.1100753719	-0.0948006283	0.0586099215	0.8837499818961732	0.9207466927000496	0.8477744721180795	0.7810140305014863	0.0419315570586604	-0.0548958710115102	0.0030135566541123	0.0017582554773636	1.1965583319911983	1.1331428616303538	1.4317518418575588	1.2840127448638272	0.0095549682700175	0.0166603298001218	9.129741864104122e-05	0.0002775665890488	-0.0076483582097319	-0.0069065902129388	5.849738330437336e-05	4.770098836946202e-05	-0.006912269893039	-0.0088151626025838	7.7707091709992e-05	4.7779475074213385e-05	0.0	0.0	0.0	0.0	0.0	1.0	0.0	0.0	0.0	0.0	0.0	0.0	0.0	0.0	0.0	0.0	0.0	0.0	0.0	0.0	0.0	0.0	0.0	0.0	0.0	0.0	0.0	0.0	0.0
846.723362760121	-8.892411770524632	79.07498709656501	716940.4530438074	925.339265068372	2.1559298435846586	4.64803349045897	856252.7554772749	760.2988515188783	-0.5587042113202187	0.3121503957469476	578054.3436209254	769.0798522399803	629.0490078858986	3.123394	84.887032	4.732623121695509	1.934059484539157	-0.3144439945	-0.1188731557	-0.0796895308	-0.1116879537	0.1165405247	0.2861002182	0.1022978327	-0.2230762593	0.1876921007	-0.0990274916	0.1475752484	-0.1867088227	-0.3678898025	-0.2132810144	-0.1121391689	0.2231273368	-0.3123098743	0.0719929249	0.3408692359	-0.25210053	-0.1939361752	0.0256136369	-0.433558907	-0.2254984224	0.1714487513	0.1348605799	0.0038909068	-0.0278131467	-0.1392891541	-0.011827562	0.3627514358	-0.222455629	-0.0599865782	-0.1095629912	-0.1942350972	0.4041436556	0.2615452406	-0.2431377952	-0.2403097172	0.2335051632	0.0193090324	0.3588422409	0.2031638221	-0.2160684026	0.0689996479	0.0657957701	0.1029380108	-0.4403975301	0.1143165532	-0.3647841848	0.2496999936	0.5274607335	0.4200625383	0.2954735646	0.0203451039	0.0711707741	0.0668574989	-0.0395816677	-0.012564889	0.0180580325	0.0042033	0.03494239	-0.0002805805	-0.0419146785	0.0169435238	0.0123452833	-0.0009892759	0.0203659338	0.0070687562	-0.0142411445	-0.0421365053	0.0317782535	-0.1134548014	-0.0876327994	0.0703125971	1.4923841317739743	0.6086341498778012	0.3704355283974737	2.2272103967707597	0.3044543070567584	0.262522749998098	0.0689181942665638	0.0926924250854109	2.471938902071358	1.2753805700801597	6.11048193557375	1.6265955985379923	0.0403191239644614	0.0307641556944439	0.0016256317572616	0.0009464332755919	-0.0009731447624563	0.0066752134472756	9.470107286961286e-07	4.4558474566689e-05	-0.0211946137861085	-0.0142823438930695	0.0002039853470798	0.0004492116535423	0.0	0.0	0.0	0.0	0.0	0.0	1.0	0.0	0.0	0.0	0.0	0.0	0.0	0.0	0.0	0.0	0.0	0.0	0.0	0.0	0.0	0.0	0.0	0.0	0.0	0.0	0.0	0.0	0.0
842.6395071933117	-4.083855566809234	16.67787629055877	710041.3390829873	901.3101109663644	-24.029154102007624	577.4002468580298	812359.9161302001	755.77020269535	-4.528648823528329	20.508660166844518	571188.5992821704	762.1918095465378	658.8763084023299	3.240801	88.07789599999998	3.871811480722639	1.5160626745425605	-0.3411176361	-0.0836019278	-0.1265644987	-0.154731502	-0.0623269192	0.4090054677	0.3038886859	0.2259869498	-0.1000665064	-0.1052767748	0.307948242	0.2166341402	-0.4575415413	0.0620846741	-0.0550546329	-0.2319462731	0.3111030908	0.003596505	-0.1541065552	0.094218617	0.2239335017	0.3003393817	-0.1688633263	-0.0408824572	0.3284748546	-0.0067218442	0.2098975725	0.0439457586	0.1351303171	-0.0495688697	0.4694933016	0.0658869266	-0.0163167699	0.1013769745	0.2828084605	-0.2414115661	-0.1035614295	-0.0116597224	0.3470855369	0.0053731899	-0.2549648448	0.1520024646	0.4165799503	0.0980682555	0.1765827837	0.0229586962	0.0044626861	-0.3400489177	-0.0720313851	0.0387430598	-0.0971820316	-0.0216192402	-0.2258602206	0.034414284	0.5395909512	-0.4459617829	0.1988786752	0.3535779675	0.0490872966	-0.0622924824	-0.0110595919	-0.1058158281	-0.0473690061	0.2165609667	-0.070156043	-0.0229444984	-0.0985729678	-0.0405582312	0.0111004923	0.0518613198	0.0903287223	0.0284919163	-0.1165232592	-0.0799246852	0.0812449131	0.6506058508950758	-0.8417782808788985	0.7085906741594338	0.4232879732189056	-0.0376541119079831	-0.3421084189647415	0.1170381703265551	0.0014178321435789	1.4006082693955335	-1.0713306326758243	1.9617035242991516	1.147749324509582	0.0222100894441335	-0.0181090345203279	0.0004932880731164	0.0003279371312584	-0.0009932703399333	-2.012557747699988e-05	9.865859681912132e-07	4.0503886878272495e-10	-0.0069918909198499	0.0142027228662585	0.0002017173368157	4.888653863507949e-05	0.0	0.0	0.0	0.0	0.0	0.0	0.0	1.0	0.0	0.0	0.0	0.0	0.0	0.0	0.0	0.0	0.0	0.0	0.0	0.0	0.0	0.0	0.0	0.0	0.0	0.0	0.0	0.0	0.0
864.6807293518697	22.04122215855796	485.8154742429063	747672.7637124812	946.4080417950948	45.097930828730455	2033.8233650329569	895688.181574426	765.1295767572497	9.359374061899643	87.59788283055983	585423.269228728	775.4773964639967	713.9961572178823	3.553488	96.576042	2.760829951079644	1.2018498751470372	0.0190194317	0.1388169249	0.1968091733	0.1474326426	-0.3124498887	-0.0714500799	-0.1615349413	-0.1993072032	-0.3667601056	0.1134437302	-0.0052949003	-0.2751025321	-0.0061748499	0.042360846	-0.1163295198	-0.0352597097	0.1323245949	-0.3545139302	-0.0989458513	-0.1327766209	-0.1125985918	0.0631402367	0.0606965494	-0.2717436699	-0.1007883833	-0.08493263	-0.1655511553	-0.1173387923	0.1121521761	-0.0167034814	-0.0104857392	0.0153041348	-0.1714025984	0.0202834073	0.0004553781	-0.3779849532	0.1160107288	-0.1299097943	-0.0982884925	-0.1494619051	0.1006886837	0.2166840116	-0.0713182082	-0.0152981564	0.0223581686	-0.1020620056	-0.2488205092	0.0533620242	-0.0363062085	0.2049268496	0.0592084493	0.0504337368	0.0672846796	-0.0253493575	-0.1581933823	0.1553443362	0.077951659	0.1748018977	0.247563638	0.2013413772	0.1153029393	-0.0162297332	-0.0001483839	0.0767620773	-0.0556060197	0.0207700596	-0.173705561	0.0985940732	0.0840197839	0.0597327441	-0.0298057299	0.0251860523	-0.1192723348	-0.0717238087	0.0912870929	0.0103505537891805	-0.6402552971058953	0.4099268454721583	0.0001071339637427	0.1032937425056985	0.1409478544136816	0.0198662976638203	0.0106695972408335	0.4915226527152967	-0.9090856166802368	0.2415945181322822	0.8264366584548865	0.0088021168108522	-0.0134079726332813	7.74772603518869e-05	0.0001797737301348	-0.0010232052656111	-2.993492567780016e-05	1.046949015574282e-06	8.960997753354193e-10	0.0009810251787876	0.0079729160986375	6.3567391115913e-05	9.624104014152425e-07	0.0	0.0	0.0	0.0	0.0	0.0	0.0	0.0	1.0	0.0	0.0	0.0	0.0	0.0	0.0	0.0	0.0	0.0	0.0	0.0	0.0	0.0	0.0	0.0	0.0	0.0	0.0	0.0	0.0
854.8897872785811	-9.790942073288534	95.86254668249155	730836.5483932177	929.0512568155924	-17.356784979502436	301.2579848246814	863136.2377906318	764.8503857116992	-0.2791910455504194	0.0779476399155363	584996.112523335	775.0007682088549	676.1755060184502	1.859745	50.543812	0.2309929972013855	0.1066585478028314	-0.0665551111	0.1495547048	-0.1031076443	0.1499992505	-0.1476817378	0.1648821984	-0.2236276239	0.1171384252	0.0165869908	-0.0431722486	0.1409520005	0.0567198402	-0.0384595018	0.0445622717	-0.0909781983	0.1327887959	0.0695514339	-0.0239543417	-0.1107556496	0.0342291378	0.2158195653	-0.1198911459	0.0551750316	-0.0639493717	0.1116440707	0.2437998389	-0.1888043955	0.0140524132	-0.0946573926	-0.0943686649	0.0395612155	0.0249600931	-0.1264858923	-0.1256974197	0.0179740813	-0.0696223919	-0.0708729061	0.0105124649	0.1365106151	-0.0125069135	0.1862149568	-0.1189064848	0.0186110803	-0.2631113405	-0.0060409324	-0.0577702412	0.1703862602	0.0046117568	-0.0727601724	0.1205728921	0.051145667	-0.0200987272	-0.0043964509	-0.0077005776	0.0951044782	0.0014663963	0.1873169104	0.0132893762	0.2114213296	0.1330678813	0.1238758552	0.122534196	0.1215286802	-0.077178434	-0.0187028824	0.1191522988	0.0789143789	-0.0833560038	-0.0362876691	0.0582235314	-0.1932663963	0.0218629269	-0.1216944932	-0.063080731	0.1003291122	0.0422444778014323	0.0318939240122518	0.0010172223888992	0.0017845959047157	0.0798661243780856	-0.0234276181276129	0.0005488532911332	0.0063785978231758	0.5643424823892076	0.0728198296739108	0.318482437429213	0.0053027275937373	0.0084925138886891	-0.0003096029221631	7.212279214957725e-05	9.585396941193069e-08	0.0003079020685583	0.0013311073341694	9.480368382248009e-08	1.7718467350795668e-06	0.0005647029273679	-0.0004163222514196	1.7332421702716788e-07	3.188893961778757e-07	0.0	0.0	0.0	0.0	0.0	0.0	0.0	0.0	0.0	1.0	0.0	0.0	0.0	0.0	0.0	0.0	0.0	0.0	0.0	0.0	0.0	0.0	0.0	0.0	0.0	0.0	0.0	0.0	0.0
858.1812726794491	3.2914854008679413	10.833876144126792	736475.096777719	936.101168870926	7.049912055333607	49.70125998793812	876285.398361514	765.29636232814	0.4459766164408165	0.1988951424119992	585678.5221926838	773.6846306483991	652.7383529685928	1.180722	32.089447	0.1652571940153627	0.0899997899323665	-0.0625260164	0.1779209696	-0.055518903	0.1372669512	-0.0900892915	0.029966864	-0.167647151	0.0625149332	-0.1748348313	-0.0883031572	-0.1359228819	0.0352916782	-0.0076835632	0.0748517976	-0.0350036302	0.0557108949	-0.0196173495	-0.1772728068	-0.1592097395	0.013136995	-0.0569975434	0.0527337052	0.1420356039	-0.0891149552	0.1335157869	-0.0546648789	-0.1842503316	0.0172723284	-0.0181622764	0.107928054	0.0067860358	0.0641463723	-0.0924993807	-0.0291333728	-0.1301607312	-0.1875626235	-0.0641073321	0.0492623171	-0.0762764653	-0.1223042818	-0.0260225468	-0.0491924741	0.0492728797	-0.1605199129	0.0015193695	-0.1360261358	-0.0642268866	0.0253726076	-0.0848896683	0.1657380557	0.0483804155	-0.0132348384	0.0637661926	0.0012425041	-0.0631937128	0.1042259135	0.0366246254	0.054758057	0.1005151084	0.1277079107	0.1736803641	0.0638583916	0.1295881147	0.1509942725	0.0061096782	-0.0058056549	0.0222367889	0.0248992086	0.026134352	-0.1325472685	-0.0745726028	0.0185248178	-0.1237830955	-0.0540487397	0.1082719048	0.0872675862314338	0.0450231084300015	0.0020270802926996	0.0076156316066607	0.0742414894791068	-0.0056246348989787	3.163651774681023e-05	0.0055117987600763	0.5320299138252551	-0.0323125685639524	0.2830558292049083	0.0010441020872001	0.009712100453287	0.0012195865645978	9.432489521473754e-05	1.4873913885477068e-06	0.0003986217140956	9.07196455373e-05	1.588992709485143e-07	8.230054086413356e-09	0.0002290714950545	-0.0003356314323134	1.126484583567444e-07	5.2473749846503816e-08	0.0	0.0	0.0	0.0	0.0	0.0	0.0	0.0	0.0	0.0	0.0	0.0	0.0	0.0	0.0	0.0	0.0	0.0	0.0	0.0	0.0	0.0	0.0	0.0	0.0	0.0	0.0	0.0	0.0
861.7420274635111	3.5607547840620555	12.678974632220816	742599.3218969228	937.7608561515808	1.6596872806547935	2.7545618695673038	879395.4233301459	767.9499915688228	2.6536292406827897	7.041748147006719	589747.1895505551	776.7167466533555	670.1506979159966	0.984711	26.762285	0.2316956341474522	0.1059219668116639	-0.0348834224	0.140631359	-0.0795900547	0.0794268259	-0.0207389029	0.0324799285	-0.0825711881	0.1165794848	0.0207500355	-0.0621266381	-0.0168750016	0.0239990285	0.0182302012	0.0415235712	0.0076172327	-0.023024491	-0.076573733	0.0435658937	-0.1028610758	-0.0290550976	0.0872143415	-0.0089489845	0.0534303886	0.0576165404	0.0851673624	0.1038457045	-0.0502443415	0.0887302478	-0.0243325994	-0.0097017278	-0.0196500329	0.0428853958	-0.0088407788	0.0296431027	-0.0653521749	0.0156572571	-0.1335382018	-0.0023489859	0.041056075	-0.011973432	-0.0156693856	-0.1069271017	0.0178833221	-0.1539738301	-0.0290969773	0.0240883066	0.1275625611	0.019378959	-0.103264637	0.0750974516	0.0490813608	-0.0271707851	0.0012194114	-0.0132045649	0.0782563186	0.0513480968	-0.0058564691	-0.0022365545	0.0726971769	0.0479717951	0.0620437319	0.0818813105	0.0548737688	-0.0143157517	0.0816906672	0.057208367	0.1043219817	-0.1099266641	-0.1031003433	-0.0445088607	-0.134134601	0.0151740128	-0.1255324169	-0.0446835199	0.1150284477	0.0998755429815929	0.0126079567501591	0.0001589605734138	0.009975124085868	0.0385915539940953	-0.0356499354850115	0.0012709179000854	0.0014893080396791	0.4602077162590134	-0.0718221975662417	0.2117911421043365	0.0051584280632442	0.0092109631937815	-0.0005011372595054	8.48418429571975e-05	2.51138552864682e-07	0.0014589960551856	0.00106037434109	2.1286694890471423e-06	1.1243937432420516e-06	-0.0004417277912708	-0.0006707992863253	4.499716825345318e-07	1.951234415809795e-07	0.0	0.0	0.0	0.0	0.0	0.0	0.0	0.0	0.0	0.0	0.0	0.0	0.0	0.0	0.0	0.0	0.0	0.0	0.0	0.0	0.0	0.0	0.0	0.0	0.0	0.0	0.0	0.0	0.0
866.612464176909	4.870436713397908	23.72115377921421	751017.1630667745	945.8650440772376	8.104187925656788	65.67786193436127	894660.6816072346	768.8871559047791	0.937164335956254	0.8782769925883266	591187.4585153401	778.1494629605507	674.1010772385283	0.952966	25.899546	0.2640051517323148	0.1215714163305137	0.0135323073	0.1389392481	0.0131648512	0.0631609718	0.052581092	-0.0502826176	-0.0253562821	0.0244904247	-0.0244039608	-0.0763489838	-0.1314146657	-0.058056958	0.0577500472	0.0422285545	-0.0136402591	-0.083274409	-0.0800436808	-0.0649679662	-0.0331185728	-0.0995578716	-0.1007080977	0.1166361537	-0.0178566658	0.0675622785	0.0369052687	-0.1003794775	-0.143984446	0.0647125631	-0.0713341949	-0.11081004	-0.0564831777	0.0516105578	-0.0105197878	0.1081308716	-0.086066968	-0.0391432988	-0.0286068963	-0.0885179718	-0.077028257	-0.0248773454	-0.1187570911	0.0180410613	-0.013165405	-0.0168407391	0.0618229596	-0.1991300631	-0.0928150188	0.0569457223	-0.0895663503	0.0389707199	0.0078267196	-0.0117414612	0.0474153608	-0.0122474964	-0.0441212274	0.0786613666	-0.0553151767	0.0369656106	0.0207159482	0.0416846807	0.1161642193	-0.0247152017	0.1193851457	0.0631428997	-0.0354652628	-0.0688495664	-0.0006784227	-0.0502634796	0.0823954702	-0.0222923253	-0.0342004534	0.0118128082	-0.1269376627	-0.0350428114	0.1205247148	0.07533044401967	-0.0245450989619229	0.0006024618830505	0.0056746757962006	-0.0080801768992557	-0.046671730893351	0.0021782504645813	6.528925872326547e-05	0.3769363626190625	-0.0832713536399509	0.1420810214644893	0.0069341183370297	0.0077581356266454	-0.0014528275671361	6.018866840142461e-05	2.110707939830601e-06	0.002117013798695	0.0006580177435094	4.481747423865034e-06	4.329873507732025e-07	-0.0005212218453671	-7.949405409629997e-05	6.319304636665466e-09	2.716722120878851e-07	0.0	0.0	0.0	0.0	0.0	0.0	0.0	0.0	0.0	0.0	0.0	0.0	0.0	0.0	0.0	0.0	0.0	0.0	0.0	0.0	0.0	0.0	0.0	0.0	0.0	0.0	0.0	0.0	0.0
866.0474126555921	-0.5650515213169456	0.3192832217425946	750038.1209674454	942.675640741984	-3.189403335253587	10.172293634926705	888637.3636483101	768.12840876364	-0.7587471411391107	0.5756972241867735	590021.2523497615	776.8628878429556	685.2644250904015	0.8495249999999999	23.088234	0.113055746366549	0.0675611353371075	0.0275798049	0.1095237503	-0.032432615	0.0197572707	0.0944569248	-0.0426355403	0.0071316832	0.0954675202	0.0080142936	0.0370190158	0.0470333872	-0.0880896962	0.0323580498	0.0692606501	-0.0722104689	-0.0047725974	0.0090571733	0.0798244949	-0.0232411171	0.0193738772	0.0215663363	0.0228608805	0.0841406305	0.0654236427	0.0673764778	0.0376387842	0.0649280655	0.1192053163	-0.0254118809	-0.0149947384	-0.0338257349	0.0716527552	-0.049570444	0.0277391237	0.0304394894	0.0559705669	-0.0526660733	0.0229957875	-0.0063131855	-0.0397616725	-0.0922598509	-0.1157234348	0.0879347129	0.0580061282	-0.0478851451	-0.0162751168	0.1539163212	0.0501577192	-0.0978418566	-0.0194912467	-0.000686314	-0.0373819348	0.0310322715	-0.0077461845	0.0263388148	-0.0011694283	0.0144130863	0.0156799723	-0.0016349567	0.0133996874	0.0193602211	-0.0640043615	0.1373879905	-0.1316997767	-0.0769397289	0.0263281444	0.0875638154	0.0075182779	-0.0340098732	0.0098859361	-0.014840343	0.0084435077	-0.1279949812	-0.0251860523	0.124700488	0.0705931976067546	-0.0047372464129153	2.2441503576679797e-05	0.0049833995483463	-0.0259200082193729	-0.0178398313201171	0.0003182595815302	0.0006718468260923	0.3279983065410761	-0.0489380560779864	0.1075828890938137	0.0023949333326921	0.0083907867213117	0.0006326510946663	7.040530180254075e-05	4.002474075824684e-07	0.0020567701925358	-6.0243606159199846e-05	4.230303624903752e-06	3.6292920830647812e-09	-0.0006591393956522	-0.0001379175502851	1.9021250676643094e-08	4.3446474290074747e-07	0.0	0.0	0.0	0.0	0.0	0.0	0.0	0.0	0.0	0.0	0.0	0.0	0.0	0.0	0.0	0.0	0.0	0.0	0.0	0.0	0.0	0.0	0.0	0.0	0.0	0.0	0.0	0.0	0.0
867.8700129869438	1.8226003313517367	3.3218719678434603	753198.359441958	949.5664939880372	6.890853246053212	47.48385845864208	901676.5265047333	768.888392848767	0.7599840851270301	0.5775758096463689	591189.3606575598	778.142508623838	687.3255778603925	0.808269	21.966978	0.067832420063021	0.0396692676452458	0.0422997479	0.0994292985	0.0204361202	0.0024727878	0.0680889256	-0.0666045988	-0.0379247194	0.0698352068	-0.0122734506	0.0043596464	-0.0291399017	-0.0007451786	0.061629119	0.0582898233	0.0129935461	-0.013083027	-0.0537259314	0.006386238	0.0018200054	0.0345640567	-0.0490247181	0.0207361621	0.1361103822	-0.0103653635	0.0656191245	-0.0477614216	-0.0124509768	0.1318687332	-0.0117601952	-0.0586102923	-0.0646586549	0.0692905665	0.0137652835	0.0392594314	-0.0457945499	0.0238330406	-0.0054080846	0.0475847691	-0.0623241849	-0.1013243814	-0.0201385166	-0.0687189292	0.0602723322	0.0107313299	0.0142489855	-0.1233430384	0.0616263273	0.0637060928	-0.0791315295	0.0034766873	-0.0173681341	-0.0064570037	0.0403503918	-0.0154223139	-0.045088071	0.0176005755	-0.014978578	-0.0129483769	-0.0587132023	-0.0146753028	0.0816710524	-0.0132311927	0.0398705257	0.0409555385	-0.0009161931	0.0484875566	-0.022603039	-0.0885491363	-0.0019217534	0.0376906389	-0.0073314003	0.0050684204	-0.1287014744	-0.0151740128	0.1275100165	0.070517616326498	-7.558128025660082e-05	5.7125299252268385e-09	0.0049727342123711	0.0097332485859169	0.0356532568052898	0.0012711547208239	9.473612803525332e-05	0.3343872106448557	0.0063889041037796	0.1118148066428471	4.081809564729213e-05	0.0081007201884349	-0.0002900665328768	6.562166757131676e-05	8.413859349516785e-08	0.002189735125933	0.0001329649333971	4.794939921744812e-06	1.7679673513321827e-08	-0.0005678773044523	9.12620911999e-05	8.328769290178865e-09	3.2248463291201025e-07	0.0	0.0	0.0	0.0	0.0	0.0	0.0	0.0	0.0	0.0	0.0	0.0	0.0	0.0	0.0	0.0	0.0	0.0	0.0	0.0	0.0	0.0	0.0	0.0	0.0	0.0	0.0	0.0	0.0
868.6854726939716	0.8154597070277987	0.6649745337858632	754614.4504695489	948.9459442694982	-0.6205497185389959	0.385081953178827	900498.4051455297	768.9133186450266	0.0249257962595947	0.0006212953191748	591227.6915897082	778.2770327803742	702.6026632800074	0.80803	21.960497	0.1422514814874083	0.0845045708271955	0.0488147211	0.0804383928	0.0084700019	-0.0218344068	0.0793623801	-0.0572254994	0.0910881927	0.0622175255	-0.0328317485	0.0605817032	0.1007799352	-0.0194066975	0.0503036954	0.0518791039	-0.0770881094	-0.0315239339	0.0389880792	0.0597421507	-0.0079476326	-0.0255132531	0.0367460579	-0.0008832385	-0.0105216007	0.0619151373	-0.0435919877	-0.0683596557	-0.0103218431	0.1178022122	-0.1187349661	0.0149986154	-0.0482790257	0.0566299727	-0.0575105385	0.0413091819	0.0675718699	0.0270101375	-0.0235207367	-0.0260604869	0.0112776409	0.0307906489	-0.0522869237	-0.0501127484	-0.0070587408	0.0473555227	-0.0765717985	-0.0988161835	0.0643530905	0.0562520862	-0.0916894703	-0.0428490529	-0.0052765406	-0.0408832429	0.0297582759	-0.0097506286	0.0132820339	-0.0081595207	0.0010501064	0.0202463788	-0.0546024879	-0.0055113923	-0.0068329177	-0.0632019988	0.083582166	-0.1078677211	-0.0762841536	-0.0194713141	0.0664276754	-0.0407084648	0.0913216616	0.0247236012	-0.0009225733	0.0016898595	-0.1290552057	-0.0050684204	0.1289225186	0.0708113402995849	0.0002937239730868	8.627377236595307e-08	0.0050142459150236	-0.0626942931661318	-0.0724275417520487	0.0052457488042447	0.0039305743956008	0.298169414086658	-0.0362177965581977	0.0889049994967809	0.0013117287875309	0.0082979313966164	0.0001972112081814	6.885566546295219e-05	3.8892260632406556e-08	0.0019860756384062	-0.0002036594875267	3.944496441470596e-06	4.147718685967875e-08	-0.0008332549928255	-0.0002653776883732	7.042531748630329e-08	6.943138830686241e-07	0.0	0.0	0.0	0.0	0.0	0.0	0.0	0.0	0.0	0.0	0.0	0.0	0.0	0.0	0.0	0.0	0.0	0.0	0.0	0.0	0.0	0.0	0.0	0.0	0.0	0.0	0.0	0.0	0.0
864.8281061730934	-3.8573665208782586	14.87927647639244	747927.6532269393	946.8530469735464	-2.0928972959518437	4.380219091402537	896530.6925630888	767.3104844913245	-1.6028341537021331	2.569077324274034	588765.3796103111	777.3222356568382	693.9895959043217	0.746448	20.286819	0.0784199257424676	0.03991622910765	0.0336369524	0.095582412	-0.0268531931	0.0718562218	0.0718952508	-0.0523525856	-0.0609709585	0.0355290547	-0.0492217843	0.0893489519	-0.0029102318	-0.0570134315	0.037359712	0.0994026875	-0.0984426382	0.021767109	0.0276622389	0.0002268828	-0.0098918172	-0.0150315156	0.0082176907	-0.0292001546	-0.0252308708	0.0464574758	-0.0547488966	-0.061605314	-0.0758007294	0.1000495049	-0.0212295794	-0.1675175923	-0.0422420939	0.0872809583	-0.1130764334	-0.0114472806	0.026719955	-0.0178314781	0.0016547338	-0.0117290072	-0.0334921909	0.0074144376	-0.0122376003	-0.023219807	-0.0217082683	-0.0001818191	-0.119803463	-0.1582928299	0.0074333774	0.0579937021	-0.0990695223	-0.0353980365	0.000217486	-0.0436808824	0.0637822674	-0.0121581537	-0.0260215338	0.0132979948	-0.0269079193	0.0105202006	-0.0242680464	0.0109477197	-0.0213433502	-0.0708478992	0.1217730105	-0.011681166	-0.0482048082	-0.0331997648	0.0050399487	-0.0217885562	0.1425948581	-0.0589040244	-0.0171111549	-0.0016898595	-0.1290552057	0.0050684204	0.1289225186	0.075145502849935	0.0043341625503501	1.878496501285729e-05	0.0056468465985695	-0.049559454706511	0.0131348384596208	0.0001725239813603	0.0024561395508067	0.3016401971412747	0.0034707830546167	0.090986808531427	1.2046335012214658e-05	0.0088223430041195	0.0005244116075031	7.783373608233628e-05	2.75007534083986e-07	0.0024536797111474	0.0004676040727411	6.020544124896388e-06	2.186535688441572e-07	-0.0009908421461388	-0.0001575871533133	2.483371088938953e-08	9.817681585649432e-07	0.0	0.0	0.0	0.0	0.0	0.0	0.0	0.0	0.0	0.0	0.0	0.0	0.0	0.0	0.0	0.0	0.0	0.0	0.0	0.0	0.0	0.0	0.0	0.0	0.0	0.0	0.0	0.0	0.0
864.8613942433435	0.033288070250137	0.001108095620978	747985.23125254	942.8257335821788	-4.0273133913675565	16.21925315228845	888920.3639047736	766.8169412603754	-0.4935432309490579	0.2435849208156351	588008.221403918	776.4748616569756	684.7038975881245	0.736025	20.003559	0.0642995610518594	0.0348506953038596	0.0453551116	0.0708663312	-0.0430646377	0.0752199182	0.0866062462	-0.0305976218	-0.0974099806	0.0723910969	0.0119018975	0.0650285246	0.0274224715	-0.0215884729	0.0148071787	0.121226315	0.0246074518	0.066921333	0.024618753	-0.0316634622	-0.0066959136	-0.0059277143	-0.0633961546	-0.021576077	0.0267772545	0.0955518814	0.0149596359	0.1106172792	-0.0007076344	0.0864728822	-0.0502237921	-0.0522100778	-0.0169767753	0.1117764824	-0.0096148972	-0.0593024203	-0.019485832	-0.035447148	0.0249274132	0.0225212647	-0.0751524508	0.0054606383	-0.0397725417	-0.0467342721	-0.054567928	-0.0387254633	-0.0799450604	0.0395747767	0.1230274671	0.0552152948	-0.0854184972	-0.0615974691	-0.0051659523	-0.0488104466	0.0373199242	-0.0202799217	0.0191187348	0.0025287569	-0.0219404085	0.003226895	0.00689627	-0.0466321925	-0.0498667346	-0.0969090239	0.0860906859	-0.0605201976	-0.021692102	0.0002484946	0.0063965916	-0.0402163573	-0.0271455355	0.0465844459	0.0017700431	-0.0050684204	-0.1287014744	0.0151740128	0.1275100165	0.0735164037595836	-0.0016290990903514	2.653963846183765e-06	0.0054046616217421	-0.0196731432795189	0.029886311426992	0.0008931916107111	0.0003870325664964	0.2936732016254737	-0.0079669955158009	0.0862439493529561	6.347301754879307e-05	0.008432267034038	-0.0003900759700814	7.1103127333324e-05	1.52159262435023e-07	0.0024951424760706	4.1462764923200224e-05	6.225735975891725e-06	1.7191608750765626e-09	-0.0009260377807692	6.480436536960004e-05	4.199605770956616e-09	8.57545971411945e-07	0.0	0.0	0.0	0.0	0.0	0.0	0.0	0.0	0.0	0.0	0.0	0.0	0.0	0.0	0.0	0.0	0.0	0.0	0.0	0.0	0.0	0.0	0.0	0.0	0.0	0.0	0.0	0.0	0.0
866.7363850009351	1.874990757591604	3.515590341053937	751231.9610844892	946.7268749078116	3.901141325632807	15.218903642560091	896291.7756727112	768.0428673178959	1.2259260575204962	1.502894698507747	589889.8460378951	777.1502914553578	685.6818536358679	0.731838	19.88975	0.0475056438702939	0.0335700376554772	0.0427744187	0.0833763303	-0.0423430121	0.0240439884	0.0805353861	-0.0560831899	-0.0742905953	0.1126754392	0.0297646989	-0.0019388678	-0.0233898011	-0.0749221499	0.0494294931	0.1315114864	0.0007737846	0.0609477125	-0.0269978547	0.0256603811	-0.0106706547	-0.0203258602	-0.0795667297	-0.0078020665	0.011005888	-0.0155740044	-0.0652327052	-0.0125419048	0.0577645426	0.100685054	0.0029564052	-0.0011546498	-0.0469169191	0.1339780939	-0.0225367268	-0.0413439132	-0.034182553	0.0400637069	-0.0164591215	-0.0034009783	-0.0607313394	-0.0385472556	0.0035313564	0.0370033776	-0.0155664798	0.049545205	-0.0040184042	-0.0207310819	0.0599219397	0.0589908694	-0.0890274952	-0.0581278459	-0.0064886724	-0.0430578945	0.0477269448	-0.0160966233	-0.0111998237	-0.0021360016	-0.0292397926	-0.0481394161	-0.0787074346	-0.0437113213	-0.0169712778	-0.0326846101	0.0105167498	0.0228091631	0.0545985613	0.0606133081	-0.0626897442	-0.1048707115	0.0221937683	-0.0180558692	0.0197169254	-0.0084435077	-0.1279949812	0.0251860523	0.124700488	0.0735449435013748	2.853974179120589e-05	8.145168615087037e-10	0.0054088587146204	-0.0152113773730064	0.0044617659065125	1.9907355004517327e-05	0.000231386001584	0.2594520113015335	-0.0342211903239402	0.067315346168411	0.0011710898671873	0.0083163179423218	-0.0001159490917161	6.916114411778351e-05	1.3444191869811641e-08	0.0024810045305765	-1.4137945494100116e-05	6.155383480741119e-06	1.9988150279414582e-10	-0.0009718337015199	-4.579592075069992e-05	2.0972663574043875e-09	9.4446074340987e-07	0.0	0.0	0.0	0.0	0.0	0.0	0.0	0.0	0.0	0.0	0.0	0.0	0.0	0.0	0.0	0.0	0.0	0.0	0.0	0.0	0.0	0.0	0.0	0.0	0.0	0.0	0.0	0.0	0.0
867.7824848756954	1.0460998747603298	1.0943249479735777	753046.4410570366	948.5833817323048	1.8565068244931808	3.446617589389754	899810.4320986955	768.8246686863968	0.7818013685008509	0.6112133797898033	591091.3711807478	777.8615898469466	690.6031491582265	0.84636	23.002203	0.093793708743141	0.0441875638309788	0.0664490221	0.0116194669	-0.0157963434	0.0352315848	0.1115056494	-0.0486554645	-0.0012533609	0.0581794604	0.0288225952	0.0980336454	-0.0098475917	0.0029251044	0.0511995253	0.069426199	0.0167072437	-0.0382834271	0.0277068506	0.017277213	0.0234187785	-0.0173434767	-0.0245891554	-0.0183093554	-0.0314404271	0.0957897853	-0.0432100986	-0.0663038251	0.0126414461	-0.0108609778	0.0182227112	-0.1084563765	-0.0523904325	0.0683932376	0.0154329235	0.0203424053	0.0324461119	-0.0009404437	0.0172397273	-0.003691279	-0.0412757191	0.0572007593	-0.0757175727	-0.0165365901	-0.0223922604	0.0260138467	-0.1269574988	0.0459436339	-0.0314675836	0.0586249777	-0.0656912963	-0.0941668125	-0.0105382855	-0.0423048683	0.0276549978	-0.0200714437	0.0055494566	0.0068420794	-0.0579032585	0.0329509301	-0.0065029934	-0.0955304177	-0.1047985765	-0.1342428308	0.0258747354	-0.0649718079	-0.0453076611	-0.0766124872	-0.0068885243	-0.0459357907	0.0654121148	0.0357426961	0.0557389977	-0.0118128082	-0.1269376627	0.0350428114	0.1205247148	0.0631510205954413	-0.0103939229059335	0.0001080336333744	0.0039880514022458	-0.0423348427996046	-0.0271234654265982	0.0007356823767478	0.0017922389148672	0.2342887143521892	-0.0251632969493443	0.0548912016728017	0.0006331915133608	0.0080740450712444	-0.0002422728710774	6.519020381248598e-05	5.8696144060087046e-08	0.0028149429050561	0.0003339383744795	7.923903558725675e-06	1.1151483795007749e-07	-0.0010178829251882	-4.604922366830008e-05	2.1205310004531277e-09	1.0360856493896869e-06	0.0	0.0	0.0	0.0	0.0	0.0	0.0	0.0	0.0	0.0	0.0	0.0	0.0	0.0	0.0	0.0	0.0	0.0	0.0	0.0	0.0	0.0	0.0	0.0	0.0	0.0	0.0	0.0	0.0
869.2768241414932	1.4943392657977483	2.233049841304953	755642.1969895205	953.7371161381404	5.153734405835621	26.56097832589384	909614.4866994967	769.4926301074876	0.6679614210908085	0.4461724600656523	592118.9077897387	778.3090244424324	688.3376100109009	0.852369	23.16552	0.3726228405276613	0.226710196355922	0.0887791666	-0.0410032011	0.014510036	0.012280051	0.1196582812	-0.0781154768	-0.0091602113	0.0467777987	-0.0003874587	0.1208604981	-0.0605688997	-0.0130024632	0.0599707337	0.0295772834	0.053053585	-0.0569145152	0.0344458648	0.051732261	0.0359236357	-0.0219340474	-0.0159337382	-0.0480156108	-0.0491450206	-0.0090844545	-0.1301292917	0.001200756	0.0747656835	-0.1013441236	-0.0540841532	0.0414707304	-0.0621900286	0.0423260533	0.0708457795	0.025500208	0.0501331522	0.0126669066	0.0123298227	-0.0208245983	-0.0264058602	0.0434932904	0.0193125554	0.0038330849	-0.0397583442	0.09253609	-0.0328730895	0.158991832	-0.0082069626	0.0667681588	0.0005275785	-0.1031655247	-0.0264164396	-0.0001929381	-0.0335685658	-0.0031822999	0.0064012009	0.0692908286	-0.0774688961	-0.0503672251	0.0094295267	-0.0771181588	-0.0405274063	-0.0303883478	-0.115453959	0.0228630909	-0.0179508885	-0.0454381982	-0.0441516619	-0.0784820245	-0.0271044828	0.0866805803	0.0600866748	-0.0151740128	-0.1255324169	0.0446835199	0.1150284477	0.0558887892195798	-0.0072622313758614	5.274000455654715e-05	0.0031235567604306	0.0071672940483438	0.0495021368479484	0.002450461552513	5.137010397542445e-05	0.2153183921602277	-0.0189703221919615	0.0463620100024656	0.0003598731240668	0.0039017877190685	-0.0041722573521759	1.5223947404673769e-05	1.740773141278585e-05	0.002266399656057	-0.000548543248999	5.1365674009752885e-06	3.008996960224885e-07	0.0001990794758746	0.0012169624010628	1.480997485600535e-06	3.9632637714505446e-08	0.0	0.0	0.0	0.0	0.0	0.0	0.0	0.0	0.0	0.0	0.0	0.0	0.0	0.0	0.0	0.0	0.0	0.0	0.0	0.0	0.0	0.0	0.0	0.0	0.0	0.0	0.0	0.0	0.0
871.802520678336	2.5256965368428155	6.379142996219792	760039.6350611005	958.9781031608582	5.240987022717718	27.46794497229553	919639.0023419976	770.0099609257737	0.5173308182861547	0.2676311755486223	592915.3399249116	779.2855344981492	703.0881549629622	1.061433	28.847424	0.2429011180133744	0.136130609809805	0.1090139813	-0.0180446556	-0.0323413998	-0.0415638172	0.1185191168	-0.0967527828	0.0804014055	0.0722408666	0.0625134219	0.1149196689	0.0294260068	-0.036806335	0.0755311569	0.0599555516	-0.0112230873	-0.0086105905	0.0065641986	0.099768814	0.0718899733	-0.0202428489	-0.0786550651	0.0140303664	-0.0322102993	0.0414513513	-0.087773561	-0.0728547264	0.1335491218	-0.0875495483	-0.0574794925	-0.080740826	-0.0724975961	0.0650737873	-0.0008550551	-0.0031526546	0.0625419628	0.1014965067	0.0251958234	0.0102135128	-0.0611528336	0.0390910616	-0.0481714965	0.0426247118	-0.0411489821	0.1023119036	-0.0301856328	0.1282767238	-0.0576415071	0.070780213	-0.0507643343	-0.1208250263	-0.0600813146	-0.0567464599	0.0239779246	0.014912122	-0.0154076619	-0.0282972088	0.0046240291	0.0002148457	-0.0151937218	-0.0780995898	-0.1117453905	-0.1197807717	0.0548883658	-0.164547113	-0.0706996246	-0.0878386648	-0.0253840423	0.0281215606	0.0474166347	0.1019947523	0.0750299436	-0.0185248178	-0.1237830955	0.0540487397	0.1082719048	0.0557795300454131	-0.0001092591741667	1.1937567139589794e-08	0.0031113559720871	-0.0511930952315395	-0.0583603892798832	0.0034059350368995	0.0026207329993854	0.1859193400802183	-0.0293990520800093	0.0345660010158638	0.0008643042632031	0.0060410218488939	0.0021392341298254	3.649394497881348e-05	4.576322662209837e-06	0.0019850644999672	-0.0002813351560898	3.9404810690300295e-06	7.91494700520722e-08	-0.0004809995877965	-0.0006800790636711	4.6250753284376004e-07	2.313606034604029e-07	0.0	0.0	0.0	0.0	0.0	0.0	0.0	0.0	0.0	0.0	0.0	0.0	0.0	0.0	0.0	0.0	0.0	0.0	0.0	0.0	0.0	0.0	0.0	0.0	0.0	0.0	0.0	0.0	0.0
868.6309404543445	-3.1715802239915547	10.05892111721432	754519.7107145989	952.5214536984762	-6.456649462381961	41.68832228007727	907297.1197558584	768.1886386193414	-1.8213223064323076	3.3172149439079	590113.7845038371	777.112418566515	693.0664180001813	1.358777	36.928585	0.561671230626824	0.2678995244021867	0.0020692696	0.0489624936	-0.0184041294	-0.0820070774	0.0383425391	-0.0323357234	-0.0146884606	0.0612744756	-0.1395077743	0.0754956401	-0.1213781667	-0.0308228376	0.0048498829	0.0420861766	0.0085093699	-0.0409025249	-0.0793970295	0.0168210848	0.0033900635	0.0117336567	-0.0979134159	0.0019852667	0.0910285574	-0.0407982152	0.031131421	0.0096161093	0.1123981456	-0.051728161	0.1169188186	0.114182824	-0.0060314669	0.0479835928	0.0125196552	0.0749188231	-0.0475418518	0.0177488408	-0.0094920333	0.0466892202	-0.1210736467	-0.1220494031	0.0666185537	0.0025408168	0.085623633	0.0581725725	-0.0037358062	0.1208263236	-0.0358132224	0.0165307209	-0.0508282865	0.0134244845	0.0542264186	-0.0110885768	-0.0101989058	0.0183051214	0.0153913178	0.0543347702	-0.0901599393	-0.0860408966	-0.1277465418	-0.0130367873	-0.0040977224	0.0647816384	-0.1365363409	0.1748284613	-0.0332120178	-0.0061827499	0.0635860905	0.0120954492	-0.1815577573	-0.0486150143	0.0201236318	-0.0218629269	-0.1216944932	0.063080731	0.1003291122	0.1293261032312926	0.0735465731858795	0.0054090984273859	0.0167252409769909	0.0742002781635591	0.1253933733950986	0.0157234980914026	0.0055056812795495	0.3925826053508743	0.206663265270656	0.1541211020240803	0.0427097052123295	0.0085953301344189	0.0025543082855249	7.387970011964962e-05	6.524490817501662e-06	0.0017490463462646	-0.0002360181537025	3.0591631213815475e-06	5.570456887718405e-08	-0.0008120335240727	-0.0003310339362762	1.0958346696651525e-07	6.593984442179283e-07	0.0	0.0	0.0	0.0	0.0	0.0	0.0	0.0	0.0	0.0	1.0	0.0	0.0	0.0	0.0	0.0	0.0	0.0	0.0	0.0	0.0	0.0	0.0	0.0	0.0	0.0	0.0	0.0	0.0
872.1032079426878	3.472267488343391	12.05664151060652	760564.005303927	947.913153966268	-4.608299732208138	21.2364264218696	898539.3474622779	769.0341293232357	0.8454907038942565	0.7148545303716053	591413.4920639471	777.7469033648651	700.2310917288958	1.473177	40.037731	0.6316220332159587	0.3141063268000355	-0.1142548546	0.0656608864	-0.0081936217	-0.2483260741	-0.1139436783	0.024301816	0.1419846219	-0.0423130799	-0.0658851529	-0.1826480678	-0.1610110934	-0.0886243154	-0.0249811102	-0.0839892049	-0.0767809598	-0.1303345793	-0.2136229541	0.1155763149	-0.2090293213	-0.0258178994	0.0771904514	0.0519336186	0.0328481001	0.051375879	-0.0299429461	-0.0446494918	-0.0149587125	-0.132954083	0.0289094682	0.1768039944	0.0275036303	-0.090754809	-0.0697160197	0.1973811127	-0.1287738964	0.1014062468	-0.2666141657	0.0075205871	0.0713736707	-0.0234315221	-0.0871992011	-0.0082055932	-0.1080546535	-0.1427669691	-0.1173070881	0.1958834827	-0.101652274	-0.0964216177	-0.0857305979	0.1908068583	0.0509574978	-0.0404825869	-0.0576286593	0.0690860289	0.0441827951	0.0214823391	-0.0574037982	0.0850249696	-0.1374973456	-0.0079837455	-0.0226439404	0.1019471771	-0.3082326764	-0.0528072218	0.1128748747	-0.1140658496	-0.0577481031	0.2999651603	-0.0989037077	-0.4316778039	-0.2088186185	-0.0251860523	-0.1192723348	0.0717238087	0.0912870929	0.1907718582113347	0.061445754980042	0.0037755808050673	0.0363939018854055	0.0720447764612686	-0.0021555017022905	4.646187588577277e-06	0.0051904498153541	0.6616425767205953	0.269059971369721	0.4377708993294689	0.0723932681934751	0.0119141081558894	0.0033187780214705	0.0001419459731502	1.1014287555795647e-05	-0.0002433253997102	-0.0019923717459748	5.9207250144128594e-08	3.969545174158673e-06	-0.0014800998599055	-0.0006680663358328	4.4631262907306346e-07	2.190695595292281e-06	0.0	0.0	0.0	0.0	0.0	0.0	0.0	0.0	0.0	0.0	0.0	1.0	0.0	0.0	0.0	0.0	0.0	0.0	0.0	0.0	0.0	0.0	0.0	0.0	0.0	0.0	0.0	0.0	0.0
870.9607782733729	-1.142429669314993	1.3051455493311634	758572.6772905594	947.9047549565634	-0.0083990097047035	7.054336401970409e-05	898523.4244692624	770.0312655372876	0.9971362140519204	0.9942806293737972	592948.1499049567	779.7356555645282	713.5978298073044	1.463259	39.768181	0.8605832930337265	0.4023843806144245	0.0419759414	0.0268039092	0.014180912	-0.1070229762	-0.062442293	0.0389618462	0.0253050253	-0.0073081598	0.1956683446	-0.139600818	0.0432173419	-0.0752643851	0.0594115064	-0.0029791058	-0.0922103841	0.0215241919	-0.076273397	0.08078552	0.0202826154	-0.0382885168	0.039888082	-0.0176318939	0.0072393843	-0.0418854203	-0.1945407237	0.1302061749	-0.0292470772	-0.073617109	0.137831469	-0.0798372868	-0.0514727793	-0.0233673418	-0.0965107449	0.0019565803	0.0098662233	0.1310737358	-0.035470076	-0.047611188	0.0474158087	0.0146809153	0.0698306282	0.0616591505	-0.1961261057	0.0738433407	0.0611612624	0.0320205698	-0.0336651761	0.0335923704	-0.06590257	0.0128806402	0.0037872033	-0.0531225286	0.0370506759	0.0257595466	-0.0381118537	0.0596227849	0.0823863912	0.0452781847	0.0173222178	0.0090688965	-0.0821912602	0.0311695992	-0.1426246783	-0.1099984111	0.0950113515	-0.0732588585	-0.1347862001	0.1992586077	0.0357847462	0.0772566233	0.1521002407	-0.0284919163	-0.1165232592	0.0799246852	0.0812449131	0.0550350084319148	-0.1357368497794198	0.0184244923880407	0.0030288521531009	-0.005687434410305	-0.0777322108715736	0.0060422966069827	3.234691017152138e-05	0.2983216208441774	-0.3633209558764179	0.0889957894630971	0.132002116978954	0.0080219386960903	-0.0038921694597991	6.435150044383093e-05	1.5148983103792824e-05	-0.0008858746159061	-0.0006425492161959	7.847738351067803e-07	4.1286949523396557e-07	-0.0003389530057742	0.0011411468541313	1.3022161426937624e-06	1.1488914012336485e-07	0.0	0.0	0.0	0.0	0.0	0.0	0.0	0.0	0.0	0.0	0.0	0.0	1.0	0.0	0.0	0.0	0.0	0.0	0.0	0.0	0.0	0.0	0.0	0.0	0.0	0.0	0.0	0.0	0.0
866.98321834319	-3.977559930182906	15.820982998196644	751659.9008887154	948.655702829361	0.7509478727976102	0.5639227076592558	899947.6425106688	768.6650851466813	-1.366180390606246	1.8664488596770348	590846.0131235549	778.2430499587239	704.727401472994	1.100169	29.900188	0.0802755146426753	0.0417012431214094	0.0024536118	0.0670460164	-0.0733042398	-0.0059925429	-0.1439504927	-0.0164576384	-0.0475016965	0.0486010034	0.1004196863	-0.0650237171	0.099721501	-0.1069589798	0.0169293172	0.0538109558	-0.0700781612	0.0546481989	0.0464973691	0.0956644783	-0.0676786005	-0.0604228661	0.0259078554	0.0298137	-0.027755063	-0.035322931	-0.0976453866	0.1305617181	0.0387306184	-0.0592437304	0.0623141074	0.0939892823	-0.0126886006	0.0391195709	-0.0844384218	-0.0714857511	0.0750118245	0.0494821658	-0.090431368	-0.062218081	0.0575315387	-0.0100565309	0.0357048069	0.1176275946	-0.1395430293	0.0201543924	0.087667403	0.0753101396	0.0622711018	0.019709803	-0.0747023116	0.0175476017	0.0445538819	-0.0567637144	0.0217442325	0.0345629183	0.0751822038	0.0738569511	0.0508053697	-0.0173866878	0.0216964363	0.0514765612	-0.1121807799	0.06173851	-0.1204513444	-0.0697369952	0.1459499467	0.0398287669	-0.0112460707	0.0381227261	-0.0749913131	0.0244181355	0.0665350932	-0.0317782535	-0.1134548014	0.0876327994	0.0703125971	0.0567662608297325	0.0017312523978176	2.9972348649495287e-06	0.0032224083685892	-0.0195630946322182	-0.0138756602219132	0.0001925339465939	0.0003827146715891	0.3160225516671318	0.0177009308229543	0.0998702531622049	0.000313322951999	0.0082190681627241	0.0001971294666338	6.75530814635049e-05	3.8860026615326496e-08	-0.0001700056003834	0.0007158690155227	2.8901904161720294e-08	5.124684473854398e-07	-0.0003653079476175	-2.635494184329999e-05	6.945829595637246e-10	1.334498965925101e-07	0.0	0.0	0.0	0.0	0.0	0.0	0.0	0.0	0.0	0.0	0.0	0.0	0.0	0.0	0.0	0.0	0.0	0.0	0.0	0.0	0.0	0.0	0.0	0.0	0.0	0.0	0.0	0.0	0.0
864.2013283708025	-2.7818899723874893	7.738911818470066	746843.9359578595	945.9929333527884	-2.662769476572521	7.090341285366297	894902.6299534133	767.5156421789633	-1.1494429677180733	1.3212191360365315	589080.2609893864	776.9544190252276	690.4412366581535	0.971083	26.391924	0.1075513507522396	0.0470916649519561	0.0023056986	0.0686940804	-0.1185020723	0.0213823917	-0.0950256534	0.0225662425	-0.1192349301	0.0335482901	0.0696412513	-0.0571235148	0.0006757589	-0.0189112818	0.003878006	0.0889460811	-0.0264179352	0.1387904526	-0.0024309953	0.0129242139	0.0205202235	0.0358202094	-0.0659239279	0.0715713946	0.0569738854	0.0071835572	-0.0593046624	0.0749827135	-0.0849026187	-0.0549490433	0.0227298337	0.0706967823	0.0010895216	0.0769951563	-0.0642598692	-0.1359384304	-0.0090033138	0.0433481827	0.018262616	0.0390975931	-0.0065583916	-0.0802135566	0.0360192099	0.0509980389	-0.1084505846	0.0026699562	0.1945109667	-0.0550653015	-0.0192487982	0.0255066685	-0.0740078083	0.0305991766	-0.0247040502	-0.0713540734	0.0664486588	0.0559583431	-0.0275264167	0.0278886775	0.1331287832	-0.0325064822	0.0060183439	-0.001740394	-0.0283467696	0.0579132285	0.0290506493	0.0281213968	0.092600666	0.0424119655	-0.027517817	-0.0122933672	0.0218106921	0.0268847238	0.1286988064	-0.0350428114	-0.1100753719	0.0948006283	0.0586099215	0.0665413565643291	0.0097750957345965	9.555249662052858e-05	0.0044277521334211	0.008664129138225	0.0282272237704432	0.0007967761617866	7.506713372383949e-05	0.3367494963837316	0.0207269447165998	0.1134002233146968	0.0004296062372849	0.0085931465959144	0.0003740784331903	7.384216841887526e-05	1.399346741781107e-07	0.0003184243869593	0.0004884299873427	1.0139409021040601e-07	2.3856385253559003e-07	-0.0002513746375385	0.000113933310079	1.2980799145557564e-08	6.318920839761226e-08	0.0	0.0	0.0	0.0	0.0	0.0	0.0	0.0	0.0	0.0	0.0	0.0	0.0	0.0	0.0	0.0	0.0	0.0	0.0	0.0	0.0	0.0	0.0	0.0	0.0	0.0	0.0	0.0	0.0
867.271381194013	3.070052823210517	9.425224337302868	752159.6486381709	951.836635351181	5.843701998392589	34.14885304601754	905992.9803966573	769.4021680320718	1.8865258531085372	3.558979794446895	591979.6961724524	778.7981339874517	677.5354640389631	0.8861	24.082258	0.058718497900759	0.0287586083923309	-0.0147012299	0.0892235022	-0.1011484023	-0.0167325052	-0.0435160174	-0.0271565038	-0.0444862701	0.0394427029	-0.0179894015	0.0211400787	-0.044923089	0.0011682482	0.0177166378	0.0381137602	-0.0068042889	-0.0014260069	-0.0237449292	0.0607617437	-0.0400339814	0.0542116081	-0.1113512586	0.1378619098	0.0597069262	-0.034924654	-0.0042307934	0.1233428669	0.0882844142	-0.0058650446	-0.0783216737	0.0589898373	-0.0147628802	0.0381697417	-0.0086534675	-0.0019205645	0.0030575777	0.0390934661	-0.0553062603	0.0801735211	-0.06097819	-0.1194924095	-0.0575884511	0.0949717103	-0.0021744801	0.0035986597	0.0756549397	0.0998505914	0.1190384176	0.0133031538	-0.0671714762	0.039689721	0.0064524011	-0.0416247026	0.0282122741	0.0616430629	0.0336645124	0.0420045432	0.0410567807	-0.013536525	-0.06020807	-0.0184452939	-0.0240344312	-0.0038392672	0.0077329988	-0.0227301948	0.0492074034	0.017686001	0.0521602816	0.0539960254	-0.1342629682	0.0169572616	0.0804696032	-0.0382833527	-0.1063942335	0.1013839798	0.0462651033	0.0772144885514052	0.0106731319870761	0.0001139157464135	0.005962077242255	0.0069351173456624	-0.0017290117925626	2.989481778820537e-06	4.809585259810749e-05	0.3313224926232863	-0.0054270037604453	0.1097745941181076	2.9452369815887462e-05	0.0081071916764078	-0.0004859549195066	6.57265568780159e-05	2.361521837926674e-07	0.0004652369866766	0.0001468125997173	2.164454537719229e-07	2.1553939435752165e-08	-0.0004363941255281	-0.0001850194879896	3.423221093593375e-08	1.9043983279543514e-07	0.0	0.0	0.0	0.0	0.0	0.0	0.0	0.0	0.0	0.0	0.0	0.0	0.0	0.0	0.0	0.0	0.0	0.0	0.0	0.0	0.0	0.0	0.0	0.0	0.0	0.0	0.0	0.0	0.0
867.3323341263209	0.0609529323079414	0.0037152599569364	752265.3778210119	947.642382701238	-4.194252649942996	17.591755291553845	898026.0854916797	769.0898116786931	-0.3123563533787319	0.0975664914960592	591499.1384279676	778.9268417733	689.5813175635424	0.8884069999999998	24.144966	0.081027355613674	0.0496487532580672	0.0069053357	0.0763888561	-0.0906697152	-0.0565775271	-0.0740967436	0.0002411973	-0.0809154849	0.033008798	0.0284770346	-0.0555109616	0.0011658675	-0.0468469136	0.0155979123	0.0405733752	-0.0175491582	0.0210461636	-0.0610823934	0.0425696646	-0.0225313245	0.0664138727	-0.0492790584	0.0105779461	0.0676450484	-0.0423460182	-0.0192815726	0.1028882848	-0.0795480446	0.0664041745	0.0504154526	-0.0052848931	-0.0119731459	0.0378067176	-0.0254279587	-0.0037018742	-0.0011183958	0.0520357107	-0.040053357	0.0705040468	-0.0080599293	-0.0750837522	0.0837424641	0.0339660756	-0.0717003889	0.0075530949	0.137560792	-0.1466210329	0.0799198317	0.0180906543	-0.0704941173	0.051521258	-0.0287202478	-0.049031346	0.0442451207	0.0833937008	-0.005736375	0.0526542796	0.0893719149	-0.0709634104	-0.0444252809	-0.0339311876	0.0039212602	0.0837524839	-0.0366429903	0.0730826707	0.1665513113	0.0671185199	-0.0412998352	-0.1069863111	0.0203616759	0.0658895588	0.0991464066	-0.0414976565	-0.1024214758	0.1073422654	0.033413395	0.0769868751184787	-0.0002276134329265	5.1807874848587097e-08	0.0059269789405082	-0.0113738544957442	-0.0183089718414066	0.0003352184498894	0.0001293645660903	0.3354462112703373	0.004123718647051	0.1125241606556237	1.7005055480036313e-05	0.0072991557257291	-0.0008080359506786	5.327767430844391e-05	6.529220975892294e-07	0.0006540384194582	0.0001888014327815	4.277662541273803e-07	3.5645981020385004e-08	-0.0002658904751426	0.0001705036503855	2.9071494794780826e-08	7.069774477155757e-08	0.0	0.0	0.0	0.0	0.0	0.0	0.0	0.0	0.0	0.0	0.0	0.0	0.0	0.0	0.0	0.0	0.0	0.0	0.0	0.0	0.0	0.0	0.0	0.0	0.0	0.0	0.0	0.0	0.0
867.6336633486991	0.3013292223781718	0.0907993002590337	752788.1737758837	944.6923548380532	-2.9500278631848005	8.70266439356668	892443.6452894663	768.7217106448127	-0.3681010338804071	0.1354983711438246	590933.0684166871	776.8187465386773	669.9724315117933	1.10613	30.062195	0.1084652743469572	0.0643688660366271	-0.0348479967	0.0868538431	-0.0524443161	0.0308134888	0.0020499584	-0.0113950954	-0.0115525603	0.0275901128	0.0424261878	-0.1079292388	-0.1189451445	-0.0262122992	0.0060801425	0.0357629997	0.0531878048	0.0369176899	-0.058557604	0.0752479793	-0.1206610655	-0.0785832906	-0.0611978141	0.0872106456	-0.0314791869	0.0643184443	-0.0057431405	0.0457664664	0.0783480886	-0.0734105366	-0.01943538	0.0251801794	-0.0034774128	0.0407740014	0.0378215046	-0.0457932825	-0.0627592415	0.0453647633	-0.1586217985	-0.0493043536	-0.0274310682	0.0130815661	-0.0992060215	0.0533969135	-0.0390405755	0.0718504874	0.1176522319	0.0314322307	0.0171110384	0.0077254306	-0.0540940448	0.0368262624	0.0290734713	-0.0175176239	0.0274117488	0.0123041574	0.0800460818	0.0543956798	-0.0089541302	-0.0499151454	-0.0598448342	-0.0386696308	-0.0670264443	-0.0081564789	-0.0331804367	-0.0381980456	0.1230837498	0.0089730687	0.0749275332	0.1013178612	0.0302250817	0.0095139409	0.0833877719	-0.0446835199	-0.098167988	0.1126387502	0.0201956026	0.0742579957255031	-0.0027288793929756	7.446782741406879e-06	0.0055142499291688	0.0411932621037323	0.0525671165994765	0.0027633017475829	0.0016968848427467	0.3008276942651875	-0.0346185170051497	0.0904973016369091	0.0011984417196358	0.0072380809117158	-6.107481401329985e-05	5.238981528454463e-05	3.730132906759167e-09	0.0007528130116523	9.87745921941e-05	5.667274305130059e-07	9.756420063110762e-09	-5.472465436289365e-05	0.0002111658207797	4.459100386556706e-08	2.994787795138175e-09	0.0	0.0	0.0	0.0	0.0	0.0	0.0	0.0	0.0	0.0	0.0	0.0	0.0	0.0	0.0	0.0	0.0	0.0	0.0	0.0	0.0	0.0	0.0	0.0	0.0	0.0	0.0	0.0	0.0
872.4799086430648	4.846245294365758	23.48609345316225	761221.1909858108	947.5740671157836	2.881712277730344	8.304265651621806	897896.6126703476	771.1347805173436	2.4130698725309685	5.822906209716624	594648.8497235317	779.980544444582	650.8442329178313	1.720296	46.753895	1.0311954942278203	0.6413014830103181	-0.1100419486	-0.0075954004	0.2793514969	0.1376660803	0.0658767292	-0.0084041018	0.0634781592	-0.0110529097	-0.0350959935	0.0331987709	-0.2012238514	-0.0109205685	0.0182354959	-0.1137385788	0.0453618373	0.0074828495	-0.0312854355	0.0030567285	0.2881067957	-0.1650607484	-0.0393765682	-0.0917472412	0.3788201873	0.1145026744	0.3242169223	0.0201611567	0.1367570008	-0.0428154612	0.0321769075	-0.0563588087	-0.0205506545	-0.0888135905	0.1063482452	0.0155149015	-0.024142653	0.1269714005	0.1654813333	-0.1466646094	-0.1339778534	-0.222582092	0.0402345125	-0.3942364593	0.2543311379	0.0319618703	0.2301521029	0.0389134866	-0.0267928833	-0.0446752239	0.0104223122	0.0476687716	0.0882021418	0.0755497439	0.095130624	-0.3829825761	-0.1972281789	-0.2558967381	0.2097933489	-0.115850809	-0.2356760701	-0.2343604363	0.0983909891	0.0421839928	0.0649073669	0.1790995159	0.0469510988	0.1833797717	0.1809759786	0.2711112862	0.0064308341	0.253292761	-0.1409357473	-0.0478387595	-0.0936454286	0.1172407796	0.0067565429	-0.0073817819255452	-0.0816397776510483	0.0066650532949126	5.44907043963058e-05	0.6191596502790446	0.5779663881753123	0.3340451458604158	0.3833586725336688	0.2618507426000178	-0.0389769516651697	0.0685658114001807	0.0015192027611089	0.0107629968027374	0.0035249158910215	0.0001158421001757	1.2425032038776595e-05	0.0005196429846519	-0.0002331700270003	2.700288314979348e-07	5.436826149136724e-08	-0.0029488862710667	-0.0028941616167038	8.37617146360159e-06	8.695930239685667e-06	0.0	0.0	0.0	0.0	0.0	0.0	0.0	0.0	0.0	0.0	0.0	0.0	0.0	1.0	0.0	0.0	0.0	0.0	0.0	0.0	0.0	0.0	0.0	0.0	0.0	0.0	0.0	0.0	0.0
873.9498168412288	1.469908198163921	2.160630111029505	763788.2823568173	960.3447698752084	12.770702759424807	163.0908489695804	922262.077026667	772.5900756366888	1.4552951193451236	2.1178838843897374	596895.4249723045	782.3760762815584	687.7904841168912	1.813132	49.276966	0.9269334694070024	0.5357565938730926	-0.040156042	0.0054841616	0.2081678924	-0.0934016116	-0.0215338314	-0.0088438126	0.1609954541	-0.075164904	-0.0943842651	-0.0636067016	0.0355657432	0.0887868015	0.0301076118	-0.2015656825	0.0112553203	-0.310876753	-0.0457796899	0.0545365428	0.0073829744	-0.0401373906	-0.1368578493	0.0935205172	-0.0074897316	0.0645635022	0.0055144843	0.0240043919	0.0270328661	0.1434113095	-0.0085681871	0.186349718	-0.030419942	-0.1854070506	0.0966073925	0.3052348567	0.0697459481	0.0229237856	-0.045078656	-0.0257049486	-0.123531561	-0.035057783	-0.0970014454	0.0068060967	-0.0279638249	-0.0082840227	0.0527847472	-0.0018967721	0.1005023129	-0.0266576288	0.0487593108	0.0643921642	0.1287456293	0.1122382252	-0.0442191009	-0.1518932779	0.0404673136	0.125936906	-0.1955442797	0.0242473242	-0.2504231041	0.0340885705	0.0882362293	0.0042877552	-0.2139936599	0.3272860573	-0.3218631345	-0.0551216064	0.1256003842	-0.3361097367	-0.1747104667	0.0033420968	0.0146835859	-0.0509612127	-0.0888661936	0.1211199807	-0.0067565429	0.0454805459462903	0.0528623278718355	0.0027944257080294	0.0020684800595726	0.1710107377288636	-0.448148912550181	0.2008374478199098	0.0292446724185701	0.3002425676733935	0.0383918250733757	0.0901455994431122	0.0014739322324646	0.0063453846607548	-0.0044176121419826	4.026390649294231e-05	1.951529703699209e-05	0.0021470795620495	0.0016274365773976	4.609950645770672e-06	2.648549813451614e-06	-0.0012433269122147	0.001705559358852	2.908932726567645e-06	1.5458618106373405e-06	0.0	0.0	0.0	0.0	0.0	0.0	0.0	0.0	0.0	0.0	0.0	0.0	0.0	0.0	1.0	0.0	0.0	0.0	0.0	0.0	0.0	0.0	0.0	0.0	0.0	0.0	0.0	0.0	0.0
872.0049527607252	-1.944864080503521	3.7824962916328064	760392.6376392347	949.112283150355	-11.232486724853402	126.1687580240079	900814.1260268796	770.1182846083993	-2.471791028289431	6.1097508875321225	593082.1722881836	780.5254438934077	707.569398753229	1.819722	49.456066	1.4143996107175865	0.7725706189771284	-0.0538975257	-0.0820989039	0.1194938965	-0.2535169398	-0.2057118865	0.0291729626	0.1791107364	-0.2887967676	-0.2234662032	0.0447929109	0.0432830337	0.0275942389	-0.0436623774	-0.3843856277	-0.0166486335	-0.0552749059	-0.0096324123	0.0900302961	-0.0484152577	0.1610685243	0.0127059051	0.0306972036	0.1087044834	-0.1698672818	-0.1450276171	-0.148942955	-0.0063234094	0.132585582	-0.0962350626	0.0249426497	0.03737264	-0.3745986964	0.0451879488	0.0781902036	0.0751844334	0.0415443591	-0.054394701	0.1534172323	0.0310400377	-0.1728121134	0.0986705063	0.1161986925	-2.9565e-05	0.1368749427	-0.1563530489	-0.1218641005	0.0166174796	-0.1311640703	0.2419207141	0.2837790158	-0.058341785	0.0440274761	-0.0878459014	0.0550613781	0.0666894398	0.1274438763	0.0002092807	-0.0982549087	-0.2547211307	-0.1502292992	0.1263215142	-0.2755862229	0.0242688921	-0.3472394038	-0.0968995353	0.1671058525	-0.1674086033	-0.0968841058	0.0190053485	-0.2681984636	-0.0776313859	-0.0540487397	-0.0838433825	0.1242524367	-0.0201956026	0.1492565408533579	0.1037759949070676	0.0107694571189517	0.02227751498751	0.3645926329812994	0.1935818952524358	0.037473950169525	0.1329277880242365	0.7618904636918415	0.461647896018448	0.5804770786645693	0.2131187798982598	-0.0026060940236125	-0.0089514786843673	6.7917260599087904e-06	8.012897063668212e-05	0.0007640085037408	-0.0013830710583087	5.83708993788256e-07	1.912885552331147e-06	0.001529999835902	0.0027733267481167	7.69134125181955e-06	2.340899497860147e-06	0.0	0.0	0.0	0.0	0.0	0.0	0.0	0.0	0.0	0.0	0.0	0.0	0.0	0.0	0.0	1.0	0.0	0.0	0.0	0.0	0.0	0.0	0.0	0.0	0.0	0.0	0.0	0.0	0.0
868.7602255842089	-3.244727176516335	10.528254450023669	754744.3295571256	949.758517106374	0.6462339560190458	0.4176183259120259	902041.2408160984	768.3691650742412	-1.749119534158126	3.05941914477354	590391.1738368865	778.2760257252695	714.1744606777579	1.859439	50.535492	1.1204132417242023	0.6436819290502375	0.0922704993	-0.2670482477	0.0061287819	-0.0938451025	-0.101322043	0.0605506805	-0.0261065016	-0.2660836754	0.154143505	0.0890348631	0.1818716455	0.0378065511	0.0189089662	-0.1077135302	0.0193087771	0.221873587	0.0287891549	0.0065360656	0.2012813135	0.3463939625	0.0348024735	-0.1264588152	0.0989682313	-0.017697416	0.0577562373	0.0427594042	-0.1414289915	0.0181787625	-0.207863808	0.0462992388	-0.0195325692	-0.1196546652	0.0074092481	-0.1879725874	0.0222537027	0.1105281986	0.2165971462	0.3068119643	0.0972728555	0.0069028898	0.1089241687	-0.15124325	-0.0077598644	-0.0761577687	0.1089894322	-0.079354009	-0.0428163371	0.0174369545	0.2181379149	-0.0424965588	-0.1138126782	0.0072801481	-0.1152809786	0.1413847725	-0.1148750103	-0.0369631879	0.1417205293	-0.1161735063	0.0010692142	-0.0008640175	0.0921280802	-0.0108984625	0.0890655266	0.0849147445	-0.1175987987	0.0420943567	0.044788304	-0.0724266587	0.074078735	-0.0773486303	0.20056426	-0.0570992244	-0.0785907625	0.1266188352	-0.033413395	-0.0171841697025314	-0.1664407105558893	0.0277025101303493	0.0002952956883653	0.0157236185566347	-0.3488690144246647	0.1217095892256369	0.0002472321805145	0.2648203931108881	-0.4970700705809534	0.0701298406074053	0.247078655067354	-0.0017012690289671	0.0009048249946454	2.8943163089226597e-06	8.187082709350484e-07	0.0015076371433635	0.0007436286396226	2.272969756049254e-06	5.529835536671074e-07	0.0010177845469162	-0.0005122152889858	2.6236450227080665e-07	1.0358853839414144e-06	0.0	0.0	0.0	0.0	0.0	0.0	0.0	0.0	0.0	0.0	0.0	0.0	0.0	0.0	0.0	0.0	1.0	0.0	0.0	0.0	0.0	0.0	0.0	0.0	0.0	0.0	0.0	0.0	0.0
866.0173061852106	-2.7429193989983105	7.523606829401253	749985.9746122888	947.9693768024443	-1.7891403039296847	3.2010230271456046	898645.9393552147	768.989320078913	0.6201550046718012	0.3845922298194817	591344.5743954289	778.1495192757214	686.2384411225062	1.725937	46.9072	0.2438605265212421	0.1293450401349019	0.0347343408	-0.221803163	-0.0327930155	0.0530407727	-0.1300634048	0.0428820194	-0.0289093396	-0.1248866731	-0.0069664403	-0.035930953	0.1422503413	0.1676362919	-0.0114934724	-0.1235490227	0.177063565	-0.0406354712	0.1311582813	-0.0938652654	-0.1056935746	-0.0001084357	0.0506693133	0.0513211297	-0.1448688251	-0.132078964	-0.1322602655	-0.0292562383	0.1383335601	-0.0812226892	-0.0627747148	-0.0401978051	0.0151413454	-0.1222388652	0.151032679	-0.0455764451	0.0512267428	-0.200500044	-0.0453712759	-0.0050426065	0.0836472422	0.0521022387	0.0805529044	0.2073469069	-0.1030279036	-0.0214543884	-0.0194661499	0.140014255	0.0387179494	-0.0070356025	0.2308857998	0.0049684739	-0.0230917684	0.0337794729	-0.1403005223	0.0639295506	0.0611026473	0.1475284947	-0.0488907464	-0.0143231347	0.1934338169	-0.0433420945	-0.1024779457	-0.058049663	-0.0298488857	-0.0025119393	0.0113339121	0.1227669473	-0.0895357977	-0.0547453697	0.0143291779	0.121155609	-0.007736952	-0.0601105761	-0.0731227308	0.1282045865	-0.0462651033	-0.0290316029001758	-0.0118474331976443	0.0001403616733726	0.0008428339669534	0.1176989002136963	0.1019752816570616	0.010398958069037	0.0138530311115136	0.3255669209865743	0.0607465278756861	0.1059938200406783	0.0036901406489515	-0.0025880799590033	-0.0008868109300362	6.698157874194523e-06	7.8643362563167e-07	0.0018720103485625	0.000364373205199	3.5044227451250925e-06	1.327678326669926e-07	0.001152426087498	0.0001346415405818	1.8128344450240508e-08	1.3280858871459478e-06	0.0	0.0	0.0	0.0	0.0	0.0	0.0	0.0	0.0	0.0	0.0	0.0	0.0	0.0	0.0	0.0	0.0	1.0	0.0	0.0	0.0	0.0	0.0	0.0	0.0	0.0	0.0	0.0	0.0
864.4167327798376	-1.600573405372984	2.56183522598727	747216.2879097692	945.0125968058904	-2.956779996553905	8.742547948021311	893048.8081218124	767.8160538760432	-1.1732662028698542	1.3765535827966455	589541.4925897788	776.1866697820236	672.8339975339924	1.141747	31.030201	0.1673964562051229	0.0873035451883862	0.0559562946	-0.1229808321	-0.0963272531	0.0053492053	-0.0504918301	0.0520095471	-0.113790684	-0.0574607538	0.0145500282	-0.0923599808	-0.0352559285	0.1457769771	-0.0149603036	-0.0333367295	0.2621503628	0.0978517863	-0.0361063018	-0.132157947	-0.0339921113	0.1399144994	0.069384903	-0.1374290577	-0.0111421396	0.0399747219	-0.0580524653	-0.0097037133	0.0777624967	-0.0926705787	-0.1365311237	-0.1551974074	0.0172720975	-0.0180987709	0.2084570597	-0.1229772767	-0.1415519637	-0.1168262287	0.0258304659	0.1159048683	0.0962907009	0.0793211909	0.1519550088	-0.0603502761	-0.0468337551	0.0745430071	0.0794069405	0.0224565914	-0.0432706227	0.013043816	0.1565428573	-0.0027785779	-0.0807236372	0.0101395073	-0.0810561774	0.1036308173	0.0008239568	0.0209670771	0.0521737994	-0.0862237768	0.1522253615	-0.0746069969	-0.0035238272	-0.0040112953	0.0575843677	0.0508510082	0.0470766086	-0.0043961672	-0.0423593072	-0.0619378275	0.0769935651	0.0667324781	0.0067599895	-0.063080731	-0.0674542747	0.1289999139	-0.0586099215	-0.0157917539686565	0.0132398489315192	0.0001752935997294	0.0002493794934065	0.0844382783365773	-0.033260621877119	0.0011062689676526	0.0071298228484452	0.3000618619875297	-0.0255050589990445	0.0900371210194233	0.0006505080345447	-0.0012036974368593	0.001384382522144	1.4488875195016482e-06	1.916514967617783e-06	0.0016659999088715	-0.0002060104396909	2.7755556963598462e-06	4.2440301261679124e-08	0.0008350005213842	-0.0003174255661137	1.0075899002266636e-07	6.972258707118859e-07	0.0	0.0	0.0	0.0	0.0	0.0	0.0	0.0	0.0	0.0	0.0	0.0	0.0	0.0	0.0	0.0	0.0	0.0	0.0	0.0	0.0	0.0	0.0	0.0	0.0	0.0	0.0	0.0	0.0
868.4200295205368	4.00329674069917	16.0263847940926	754153.34767245	951.5417477289836	6.529150923093198	42.62981177652876	905431.6976711288	769.7490710460945	1.9330171700513572	3.736555379713359	592513.6323763254	777.8128728788535	672.4768409180784	0.953095	25.903042	0.1094740688880506	0.062731061947487	0.0372378327	-0.0930507803	-0.0648175075	-0.022204788	-0.017476057	-0.0154767088	-0.0118272972	-0.0226281785	-0.0031433739	-0.0200257817	-0.1045173236	0.1207318406	-0.0005639577	-0.0312089712	0.1800801905	-0.0283845509	0.0065441976	-0.0708556885	-0.0448180887	0.0676562755	0.0034001698	0.0270534326	0.0192235404	-0.1528695114	-0.0648849913	0.0311301816	0.2334430535	0.0438491129	0.0027736443	-0.0723514431	0.004682233	-0.008965493	0.1836946788	-0.0102798364	-0.0553882155	-0.1048820431	-0.0073760852	0.0476572109	0.043514404	-0.0576577734	0.1012285514	0.0868126714	0.0744200272	0.1933134458	0.043307702	0.1287119847	0.0750575572	0.0068303935	0.1239895352	0.0112123077	-0.0499319722	0.0215692912	-0.0902927711	0.1000897521	0.0417181644	0.0986957308	-0.0161831984	-0.0417833305	0.1105817556	-0.063919864	-0.0285715392	-0.0608624779	-0.0012997932	0.020215982	-0.0013013139	0.081461593	0.0554215239	0.0781866106	-0.0064374543	0.0823146788	0.1022871214	-0.0660076536	-0.0616009311	0.1289999139	-0.0703125971	-0.0142780626815692	0.0015136912870873	2.2912613126040106e-06	0.0002038630739388	0.0628814025159414	-0.0215568758206358	0.0004646988951463	0.0039540707823718	0.2899444636902473	-0.0101173982972824	0.0840677920246251	0.0001023617483058	-0.0001319128646269	0.0010717845722324	1.7401003854074847e-08	1.1487221692753888e-06	0.0014939661440926	-0.0001720337647788	2.231934839694912e-06	2.9595616224001882e-08	0.0005530967887346	-0.0002819037326496	7.946971448177719e-08	3.059160577085267e-07	0.0	0.0	0.0	0.0	0.0	0.0	0.0	0.0	0.0	0.0	0.0	0.0	0.0	0.0	0.0	0.0	0.0	0.0	0.0	0.0	0.0	0.0	0.0	0.0	0.0	0.0	0.0	0.0	0.0
870.4590438647004	2.039014344163661	4.157579495705165	757698.9470458485	955.7022039890288	4.16045626004518	17.309396291749128	913366.7027094872	769.806565107919	0.0574940618245136	0.0033055671450809	592602.1476832528	777.9390862397788	689.9569082591348	0.868058	23.591913	0.1617129604991777	0.0902687904531575	0.0698924752	-0.061255099	-0.0522964639	-0.1065539567	-0.0076375863	-0.0313170212	0.0531236088	0.007240028	-0.0158605315	0.0125875361	0.0152444463	0.0870739865	0.0055015707	-0.0441488008	0.0796340425	0.0127940764	-0.0312605952	-0.0049443851	-0.0443624075	0.0694948329	0.0246034447	0.0064209222	-0.0261963031	-0.0527395336	-0.0235532142	-0.0436955015	0.0576424886	-0.1389566111	-0.0423546238	-0.2157353747	-0.0038546158	-0.0321171127	0.0738109598	-0.0156294572	-0.0473678006	-0.0339576516	-0.0234175795	0.074709755	0.0500158396	0.0286931408	0.0383598539	0.0469047834	0.0775041509	0.0768657161	0.0740666885	0.013968648	-0.0801020996	0.0193391342	0.0819809218	-0.0009294044	-0.0676091116	0.0258281733	-0.0591163748	0.1123947856	0.0253923234	0.035494255	0.0266874864	-0.0564353253	0.0669998405	-0.0787200507	-0.0012763425	-0.0087764277	-0.0161436252	0.0338607662	0.0437836571	-0.0072422442	-0.0588587871	0.00204966	0.0905875466	0.1400125173	0.0365155885	-0.0688893378	-0.0555787436	0.1282045865	-0.0812449131	-0.0367892721034053	-0.0225112094218361	0.0005067545496337	0.0013534505418983	0.0465351208049611	-0.0163462817109803	0.0002672009257747	0.0021655174683323	0.232990128345051	-0.0569543353451962	0.0542843999062433	0.003243796314613	0.0008180013883616	0.0009499142529885	6.691262713615052e-07	9.023370880307e-07	0.0018492201086071	0.0003552539645145	3.419615010076855e-06	1.2620537930326962e-07	0.0005402423258143	-1.2854462920299937e-05	1.6523721696936594e-10	2.918617706012443e-07	0.0	0.0	0.0	0.0	0.0	0.0	0.0	0.0	0.0	0.0	0.0	0.0	0.0	0.0	0.0	0.0	0.0	0.0	0.0	0.0	0.0	0.0	0.0	0.0	0.0	0.0	0.0	0.0	0.0
870.9148914203699	0.455847555669493	0.2077969940098515	758492.7480977548	957.430125872294	1.7279218832651395	2.9857140346665463	916672.4459278368	770.105310855979	0.2987457480600142	0.0892490219839374	593062.1898085842	779.9767102929848	666.3503449948248	1.141563	31.0252	0.4214597389302261	0.2510107323360289	-0.0168270865	-0.0597767722	0.1475912263	0.0865010981	0.0442809206	-0.0047361062	0.0698693264	0.0051311006	-0.0128179368	-0.0408644717	-0.1006416882	0.1049889825	-0.0055006751	-0.1085630296	0.1394789479	-0.0746583654	0.0507341797	-0.0681456654	0.0439548221	-0.1409187116	0.0896015964	-0.0931217405	0.0291809808	0.0004055482	0.0459949547	0.1514829535	0.1120396869	0.0001441438	0.1047682007	-0.0419438337	0.0035947374	-0.0910819844	0.1681367199	0.0293986636	0.0063871037	-0.0756974264	0.0223431742	-0.1711346353	0.0375581919	0.0306682642	0.0853518378	-0.083016251	0.0274862702	0.0708271082	0.0211119566	0.0208913435	0.0827360126	-0.0095541147	0.0904743159	0.0089315675	0.0684134065	0.0814795299	-0.020009668	-0.1816597468	0.0382012579	-0.0147618511	-0.0578378595	0.0306151997	0.088703421	-0.0486507032	0.0166359791	-0.0359129425	-0.0566045542	-0.0217255112	0.078055782	-0.0343833124	-0.0351181881	0.1263193433	0.0101226631	0.13772434	-0.0404989369	-0.0717238087	-0.0494042187	0.1266188352	-0.0912870929	-0.0485646212285928	-0.0117753491251874	0.00013865884702	0.0023585224350766	0.2700524079394739	0.2235172871345128	0.0499599776479722	0.072928303033908	0.1868842871279952	-0.0461058412170558	0.0349257367753389	0.0021257485943323	0.0021313189366603	0.0013133175482987	4.542520409766793e-06	1.7248029826693091e-06	0.001364009245758	-0.0004852108628491	1.860521222513308e-06	2.3542958142676826e-07	-0.0004624544921073	-0.0010026968179216	1.0054009086701022e-06	2.138641572702208e-07	0.0	0.0	0.0	0.0	0.0	0.0	0.0	0.0	0.0	0.0	0.0	0.0	0.0	0.0	0.0	0.0	0.0	0.0	0.0	0.0	0.0	0.0	0.0	0.0	0.0	0.0	0.0	0.0	0.0
871.4098963236559	0.4950049032859169	0.2450298542771	759355.2074108047	957.6204549471536	0.1903290748596191	0.0362251567369185	917036.9357331934	770.851071638974	0.7457607829949211	0.5561591454531978	594211.3746469546	779.924743028007	660.4284945727823	0.846987	23.019266	0.1102184813890462	0.0474104641913378	-0.0198115804	-0.0546928449	0.1900694642	0.1157905885	0.0466072403	-0.0263800348	0.0266634927	-0.0366693219	0.0884720675	-0.0436078556	-0.0358306826	-0.0356581412	0.0100841923	-0.0758268887	0.0279279541	-0.0511362247	0.0489236276	-0.046988751	0.101162917	-0.1877769348	0.1370752494	-0.0287206872	0.0415004617	0.0371299345	0.0130960097	0.0375323834	-0.0449293858	0.1038045601	0.0269967352	0.0683868185	-0.0116529233	-0.066791797	0.0646974557	0.0297069525	0.0283201273	-0.0134797685	0.0570070768	-0.2244942374	0.0579503942	0.0088175066	0.0047979607	-0.1005804204	-0.0084982058	-0.0109103117	0.0218964492	-0.1133302929	0.0426350231	-0.0083861656	0.083487886	0.0067902164	0.0572111057	0.0925459654	0.0122206071	-0.226807215	0.0001488472	-0.0863429984	-0.0001343165	-0.0292500194	0.0387221449	-0.0486219753	0.0114230602	0.0013918485	-0.0251096001	-0.015745796	0.1158485774	-0.0223033003	0.0686393487	0.0185671507	0.0389483463	0.0867041761	-0.0849407794	-0.0745091236	-0.0430942802	0.1242524367	-0.1003291122	-0.065405348380338	-0.0168407271517452	0.0002836100909995	0.0042778595967533	0.3023166958801369	0.0322642879406629	0.001040984276318	0.0913953846078831	0.1663610014478322	-0.020523285680163	0.0276759828027256	0.0004212052551095	0.0018720423810866	-0.0002592765555737	3.504542676584387e-06	6.722433227016208e-08	0.0012281789209143	-0.0001358303248436	1.5084234617782144e-06	1.8449877147145032e-08	-0.0008791512240194	-0.0004166967319121	1.7363616638622458e-07	7.729068746948093e-07	0.0	0.0	0.0	0.0	0.0	0.0	0.0	0.0	0.0	0.0	0.0	0.0	0.0	0.0	0.0	0.0	0.0	0.0	0.0	0.0	0.0	0.0	0.0	0.0	0.0	0.0	0.0	0.0	0.0
869.0063959811256	-2.403500342530265	5.7768138965431	755172.1162561049	956.839077393214	-0.781377553939592	0.6105508818006199	915541.020026697	769.2218714703973	-1.6292001685766309	2.6542931892901223	591702.2875484205	778.2242581980903	663.956073694743	0.911815	24.781126	0.2076160158885571	0.1157029043430347	-0.0300672482	-0.0223570364	0.1238927275	0.1110055738	0.0181602316	0.0040081757	0.0577026641	-0.0874458366	0.0399712153	-0.0344433682	-0.0350763919	0.0175156373	-0.0143687176	-0.0383602606	0.0578479018	-0.032524304	0.0537900249	-0.0540464215	-0.0343836019	-0.2146913834	0.0955042472	0.0370203696	-0.0752503648	0.0645882858	-0.0154086496	-0.0731154517	-0.1607602277	-0.0506070745	-0.1093628148	0.038849274	0.0103555956	-0.0348327635	0.0494884289	-0.0001650551	0.0034212461	-0.0880046543	-0.035146358	-0.2082716837	0.0378475762	0.074952169	-0.0762960525	-0.0101396197	-0.064107156	-0.1502487107	-0.0687923499	-0.0341844247	-0.1249569204	-0.0080615444	0.0575143071	0.0153111757	0.070369087	0.0634472569	-0.0089540711	-0.1410147207	0.0497631929	0.0101129067	-0.0856666091	0.0703501983	0.1112418276	0.0467344292	0.0083874182	-0.0199335682	0.015092276	0.0021980673	0.0015781943	-0.1446468022	0.0756414823	0.095008736	0.1405247258	-0.0141179341	-0.0367548085	-0.0772433738	-0.0366662233	0.1211199807	-0.1082719048	-0.0476369966135479	0.0177683517667901	0.0003157143245083	0.0022692834463591	0.1952976062296727	-0.1070190896504641	0.011453085549614	0.0381411549990403	0.2074756716397701	0.0411146701919379	0.0430461543223737	0.0016904161049918	0.0022347988219373	0.0003627564408507	4.994325774532344e-06	1.315922353786674e-07	0.0012829826973745	5.4803776460199925e-05	1.6460446017623478e-06	3.0034539142995635e-09	-0.000462433355743	0.0004167178682764	1.7365378174082709e-07	2.1384460850373203e-07	0.0	0.0	0.0	0.0	0.0	0.0	0.0	0.0	0.0	0.0	0.0	0.0	0.0	0.0	0.0	0.0	0.0	0.0	0.0	0.0	0.0	0.0	0.0	0.0	0.0	0.0	0.0	0.0	0.0
868.629744457086	-0.3766515240396302	0.1418663705613761	754517.6329555825	957.5689959526062	0.7299185593922175	0.5327811033452101	916938.3820096824	769.0826063641668	-0.1392651062304821	0.0193947698133874	591488.0554119	778.1705356978746	671.4520954474717	0.790802	21.49226	0.1427437298981251	0.068202279943757	0.0087338076	0.0089474929	0.0537476846	0.0714166481	0.0519779977	-0.0361883826	0.0154073196	0.0140093794	-0.0594566994	0.0835130805	-0.0227235383	0.0021374955	-0.0044829984	0.020691554	0.075674478	0.0275583137	0.0226317118	-0.1224096151	-0.0541233538	-0.0750051776	-0.0084965958	0.0140127433	-0.0409670042	0.0167918175	0.0603652855	-0.0624572158	-0.0375436302	0.0508203828	-0.0030496926	-0.0155329662	-0.0023806572	0.0198328753	0.0484094405	-0.0335304559	-0.0735124822	-0.1271002181	0.0232467743	-0.0477017449	-0.0562136506	0.03133602	-0.062681019	0.0036267902	0.0662611072	-0.0973804609	-0.1698422614	0.0341386874	-0.0219703812	0.0065196337	0.0207425566	0.0058941594	0.0205389392	0.0488183725	0.0155464935	-0.0599735909	0.015910047	-0.0182332461	-0.0670554494	0.0767606891	0.0957734064	0.0401270156	-0.0206945292	-0.0622674624	0.1379781749	-0.0358970153	-0.0476621679	-0.1673346492	0.1427287304	0.0755267284	-0.097262518	-0.0402042047	-0.0211799775	-0.0799246852	-0.0301376669	0.1172407796	-0.1150284477	-0.0237489712956318	0.0238880253179161	0.0005706377535894	0.0005640136376007	0.1384733080646469	-0.0568242981650258	0.0032290008619477	0.0191748570463666	0.1962942644975669	-0.0111814071422031	0.0385314382746407	0.0001250238656797	0.0026561223919815	0.0004213235700442	7.054986161185526e-06	1.7751355067479e-07	0.0015653054231685	0.000282322725794	2.4501810678007166e-06	7.97061214997541e-08	-0.0001490796661216	0.0003133536896213	9.819053479934467e-08	2.222474685092773e-08	0.0	0.0	0.0	0.0	0.0	0.0	0.0	0.0	0.0	0.0	0.0	0.0	0.0	0.0	0.0	0.0	0.0	0.0	0.0	0.0	0.0	0.0	0.0	0.0	0.0	0.0	0.0	0.0	0.0
869.2157701981758	0.5860257410898839	0.3434261692199477	755536.055161208	954.7243662277856	-2.8446297248206065	8.09191827133296	911498.6154690468	769.3334705891458	0.2508642249789545	0.0629328593742915	591873.9889687401	778.5083253051957	669.7657815282216	0.7952789999999998	21.613941	0.0789023261966977	0.0353493758222345	-0.0024637925	-0.0057864607	0.0444734099	0.0656226725	0.0296001559	0.0021923751	0.0040497226	0.0335244237	0.0164363049	0.040257578	-0.017170639	-0.0065833817	-0.0089036677	0.0111604439	0.0791376809	0.039171627	-0.0075246125	-0.0654132099	-0.0390954831	-0.1396925739	0.0841191166	-0.0168390463	-0.0504098915	-0.0221051501	-0.0116287042	-0.0536904045	0.0328793199	0.0653423659	0.1156457081	-0.0407734423	0.0049092232	0.018326762	0.0640663659	-0.0463463404	-0.0629150274	-0.0606017877	-0.0263409148	-0.1437252576	0.029156821	0.0217151672	0.0333167737	0.0347442872	0.0394876779	0.0073458149	-0.1319152062	0.0289544723	0.0441652674	0.001242294	0.027780909	-0.0011183547	0.0396668831	0.0434023199	-0.0116507916	-0.0524981282	0.066090113	0.0418311178	-0.094603991	0.0438238745	0.1075349439	0.0479560187	-0.0446196164	-0.0215246348	-0.0265830002	0.0266545484	0.0748640318	-0.0049477299	-0.0118771561	0.0430049517	-0.0638612486	0.0022679113	-0.0187014317	-0.0825512202	-0.0235265052	0.1126387502	-0.1205247148	-0.0271822778386194	-0.0034333065429876	1.1787593818121464e-05	0.0007388762284958	0.1307731951616659	-0.0077001129029809	5.929173871865413e-05	0.0171016285727911	0.1759925802167927	-0.0203016842807741	0.0309733882913642	0.0004121583846362	0.0024247205269491	-0.0002314018650324	5.87926963380832e-06	5.354682314047322e-08	0.0018238801217664	0.0002585746985979	3.3265386985746185e-06	6.68608747549949e-08	0.0003102882196472	0.0004593678857688	2.110188544756973e-07	9.627877925182905e-08	0.0	0.0	0.0	0.0	0.0	0.0	0.0	0.0	0.0	0.0	0.0	0.0	0.0	0.0	0.0	0.0	0.0	0.0	0.0	0.0	0.0	0.0	0.0	0.0	0.0	0.0	0.0	0.0	0.0
870.023206346703	0.8074361485271311	0.6519531339483273	756940.3795817978	952.3396684328716	-2.3846977949140182	5.686783573067781	906950.8440708318	770.3858460234862	1.0523754343404337	1.107494054803216	593494.3517533226	778.9865130285584	681.9858521330142	0.779497	21.185017	0.0711067761971832	0.0407230726596431	0.0234086523	-0.0076985363	0.030330505	0.0069062777	0.0185601616	0.0010014724	-0.049618186	-0.0515678771	0.1007275881	-0.0985185216	-0.01531556	-0.0193095561	0.0204120828	-0.013331806	-0.0394807304	0.0208601451	-0.0163302459	-0.0266388751	0.0431719551	-0.1026835623	0.11280933	-0.0065473611	-0.0809399301	0.0184159205	-0.0268364193	-0.0130069901	-0.0964987127	0.0218142382	-0.0421714093	-0.0343699646	-0.0187572102	-0.0076549822	-0.0254937337	-0.0162960249	-0.0227466231	0.0188729661	0.0187506342	-0.1518861645	0.0990063591	0.0891466887	-0.0194701304	-0.0046883209	-0.0058764854	0.0137449901	0.0257805371	-0.1196917715	-0.04957629	0.016773486	0.0101297799	-0.0157967652	0.0063145453	0.0317698388	0.0157618911	-0.0167042376	0.0343733221	-0.0116271578	-0.059764385	0.0414247093	0.0580910753	0.0303085672	-0.0551076626	0.0299950979	0.003144975	0.0005943158	0.0958660612	-0.0714447881	0.036015362	-0.0734753739	0.0519631349	-0.0316442715	-0.0079622205	-0.0851211787	-0.016850859	0.1073422654	-0.124700488	-0.0280362498266129	-0.0008539719879934	7.292681562775671e-07	0.0007860313043402	0.107114389121051	-0.0236588060406149	0.0005597391032674	0.0114734923567759	0.1460433879843279	-0.0299491922324648	0.0213286711739409	0.0008969541153771	0.0024048380440023	-1.9882482946799885e-05	5.783246017880808e-06	3.953131281297882e-10	0.0019932060020744	0.000169325880308	3.972870166705413e-06	2.8671253742079143e-08	0.0001666004641798	-0.0001436877554674	2.0646171071259337e-08	2.7755714664924823e-08	0.0	0.0	0.0	0.0	0.0	0.0	0.0	0.0	0.0	0.0	0.0	0.0	0.0	0.0	0.0	0.0	0.0	0.0	0.0	0.0	0.0	0.0	0.0	0.0	0.0	0.0	0.0	0.0	0.0
868.0714054257024	-1.9518009210005405	3.809526835218557	753547.9649177543	956.6497774124146	4.310108979542974	18.57703941553698	915178.7966232224	770.3131784811029	-0.0726675423833285	0.0052805717160328	593382.3929416595	779.6326214779418	676.353568658429	0.7652	20.796459	0.0676355751081049	0.0349858556316675	0.0042277965	0.013443807	0.0031648489	0.050451958	0.047938825	-0.0127919773	-0.0046893443	-0.0365453815	0.0199212791	0.017101183	0.0434252856	-0.0259073851	0.0146860337	0.0131332908	-0.0587720158	0.0111852917	0.0374059178	0.0186285619	0.0057435359	-0.0587341276	0.0576197089	-0.0298141672	-0.0672161585	0.0266202735	-0.0262986344	-0.0534663212	-0.0952608972	0.0138878253	-0.0687115555	-0.0558016453	-0.0199836498	0.0080153177	-0.0640602218	-0.0196114535	0.04105301	-0.0011306597	-0.0067553079	-0.0838124182	0.0216377571	0.0797858304	-0.0435522263	-0.0143486083	-0.0182379299	-0.042615204	-0.0713800827	-0.0719198845	-0.0651826464	0.0115182703	-0.0119208783	-0.0322609112	0.0248122956	0.0138343858	0.0112536531	-0.0034973634	0.0378498437	0.0057513071	-0.087864504	0.069605944	0.0540188379	0.0860534259	-0.0285558473	-0.0299652869	0.1051541599	0.0315420589	-0.099094822	-0.1031264884	0.0543113095	0.0276073324	0.0786926627	-0.0982829653	-0.0303546907	-0.0876327994	-0.0101290257	0.1013839798	-0.1275100165	-0.0283151312549847	-0.0002788814283718	7.777485109069626e-08	0.000801746657987	0.0939275694504431	-0.0131868196706079	0.0001738922130251	0.0088223883028678	0.1463019763518431	0.0002585883675152	0.0214042682844552	6.68679438141848e-08	0.002758273360262	0.0003534353162596	7.608071929931024e-06	1.2491652277959408e-07	0.0023231908941805	0.0003299848921061	5.397215930803192e-06	1.0889002901827453e-07	-0.0002282050402866	-0.0003948055044664	1.558713863569686e-07	5.2077540412208727e-08	0.0	0.0	0.0	0.0	0.0	0.0	0.0	0.0	0.0	0.0	0.0	0.0	0.0	0.0	0.0	0.0	0.0	0.0	0.0	0.0	0.0	0.0	0.0	0.0	0.0	0.0	0.0	0.0	0.0
867.7320086301763	-0.3393967955261132	0.1151901848133943	752958.8388013605	956.3579463164012	-0.2918310960133112	0.0851653886003304	914620.5214825246	769.8108139404532	-0.5023645406497508	0.2523701317022351	592608.689259663	778.9368248422876	677.0379445584234	0.845981	22.991919	0.0357532742312839	0.0191885089010957	0.0337108806	0.0129670512	-0.0236517329	0.0341624929	0.0222663318	-0.0384402321	-0.0217676405	0.0612623917	-0.0342618817	0.0569703836	0.0161781004	0.0109087089	0.0052442416	0.0476419639	-0.0027173905	0.0236846654	0.0353066692	-0.0678871728	0.0406296928	0.0532721051	-0.0553510311	0.0379859611	-0.032271686	-0.030251568	0.099039079	0.0517728498	-0.0757831715	0.1468304117	0.0266291611	-0.020497647	-0.0061642915	0.0385207015	-0.0220582669	-0.0233993475	-0.0091187382	-0.0568499769	0.0808209675	0.0603359297	-0.0358144576	-0.013254237	-0.0383156432	0.0388693811	0.0824449277	-0.075737496	-0.0042871713	-0.0922158781	0.0891905993	0.0260210907	-0.0065589438	-0.0260909757	-0.0160715019	0.0235143627	0.0346080312	0.0203216813	-0.0235477795	-0.0523570023	-0.017781297	0.0485805103	0.0195750181	0.0378558842	0.0158757396	-0.0112325894	0.1387377009	0.0090584294	-0.0184070769	-0.0557794384	0.0463862822	-0.0586389118	-0.1918576464	-0.0384526858	-0.0098695695	-0.090084361	-0.0033794295	0.0948006283	-0.1289225186	-0.033358330149511	-0.0050431988945262	2.5433855089751283e-05	0.0011127781903637	0.1110158201990429	0.0170882507485997	0.000292008313647	0.0123245123344662	0.151184406907241	0.0048824305553978	0.0228567248918942	2.3838128128282924e-05	0.002667265786552	-9.10075737099998e-05	7.11430677611086e-06	8.282378472581046e-09	0.0022431996203673	-7.999127381320015e-05	5.031944536815999e-06	6.3986038862583606e-09	-0.0002319940734186	-3.789033131999992e-06	1.4356772075393671e-11	5.382125010135477e-08	0.0	0.0	0.0	0.0	0.0	0.0	0.0	0.0	0.0	0.0	0.0	0.0	0.0	0.0	0.0	0.0	0.0	0.0	0.0	0.0	0.0	0.0	0.0	0.0	0.0	0.0	0.0	0.0	0.0
869.1382398863229	1.4062312561466117	1.9774863457636769	755401.2800326954	956.7405925194422	0.382646203040963	0.1464181167016658	915352.5613744534	769.6650893681331	-0.1457245723200912	0.0212356509778735	592384.3497920563	779.6565904383183	672.7501480776393	0.7737319999999999	21.028353	0.0607916397564474	0.0371243904282238	0.0094440287	0.0098687846	-0.0241768736	0.0166408612	0.0474373388	-0.0184614359	0.0286865938	0.0384780707	-0.0422571081	0.0064870036	0.0557710741	0.0303531383	-0.0022074013	0.0670340346	0.023812175	0.019376328	-0.0115519268	-0.0215780615	0.0176226089	-0.0092283603	-0.0127339546	0.0459127106	-0.0910791408	-0.0063118176	0.0736381763	-0.1456580875	-0.1545026144	0.0435585484	-0.0830586601	0.106847577	0.0007426663	0.066516044	0.0093986305	-0.0083275963	-0.0105326893	-0.0006384749	0.0278863702	0.00172214	-0.0146314277	0.0206544735	-0.0638994657	0.0535269246	-0.0079854189	-0.1754296223	-0.0944533833	-0.0867939032	-0.07011007	0.0207062069	-0.025305752	-0.0448458158	-0.0011207369	0.0031248049	0.0095524574	0.0134755215	0.010947943	-0.0439709371	-0.0355349557	0.0085113819	-0.0220004382	0.0695073492	0.01423045	0.0529559114	0.0279482064	0.0634845084	-0.0072218556	0.0421280091	-0.0060911046	-0.1013781747	0.1097100984	-0.0807732869	-0.0547353457	-0.0924741833	0.0033794295	0.0876327994	-0.1289225186	-0.0309069467506617	0.0024513833988492	6.00928056815394e-06	0.0009552393574482	0.0834115355543048	-0.027604284644738	0.0007619965307477	0.006957484263527	0.1266420155400709	-0.02454239136717	0.0160382001000515	0.0006023289740193	0.0025827958358613	-8.446995069069999e-05	6.670834329742472e-06	7.135172569689287e-09	0.0022576773564972	1.4477736129899813e-05	5.097107046040184e-06	2.0960484344700635e-10	-0.0002569179935118	-2.4923920093200023e-05	6.2120179281222e-10	6.600685539012931e-08	0.0	0.0	0.0	0.0	0.0	0.0	0.0	0.0	0.0	0.0	0.0	0.0	0.0	0.0	0.0	0.0	0.0	0.0	0.0	0.0	0.0	0.0	0.0	0.0	0.0	0.0	0.0	0.0	0.0
868.6497340620499	-0.4885058242730338	0.2386379403486761	754552.36048607	953.3793080647788	-3.361284454663405	11.298233185161864	908932.1050460764	769.319837058999	-0.3452523091340254	0.1191991569623766	591853.0116924848	777.9715385624313	679.6606889353541	0.853268	23.189951	0.0412306705317635	0.0217723902119671	0.0481014502	0.0234010924	-0.0341204437	0.0028738935	0.0465906337	-0.0445374101	0.0004797573	0.058586523	-0.07860681	0.0993497902	0.0707365634	-0.0295724654	0.0085133526	0.0819125231	-0.0966842237	0.0204892224	0.0148812927	-0.0577537888	-0.0161102049	0.0377230348	-0.0766011745	0.0286188488	-0.0522031506	-0.0326802309	0.0868480267	-0.0955090362	0.0302891875	0.0390575737	0.0163924433	0.0931351592	-0.0105765661	0.0731413584	-0.1105273532	0.0019621807	-0.0044219195	-0.0461489892	0.0465727589	0.0713315636	-0.0737717514	0.0050867183	-0.0730524258	0.0389557476	0.1105008153	-0.0257231903	-0.095173895	-0.0011048595	0.0116835049	0.0369933142	-0.0286118237	-0.0406234797	-0.0483257544	0.0116548307	0.0347167481	0.0529785139	-0.0472340334	-0.0996254137	0.0180112289	0.0418636474	-0.0239754358	0.0432262317	0.003799206	-0.0542652164	0.1693351253	-0.0040808465	-0.1293397502	-0.0092667195	0.0657636528	-0.0196625271	-0.0811100558	-0.103573413	-0.0274190668	-0.0948006283	0.0101290257	0.0799246852	-0.1275100165	-0.0310780008520765	-0.0001710541014148	2.9259505610824863e-08	0.0009658421369616	0.0752066494349605	-0.0082048861193443	6.732015623140887e-05	0.005656040119233	0.1462920371210003	0.0196500215809294	0.0214013601250121	0.0003861233481309	0.002732305103028	0.0001495092671667	7.465491176032851e-06	2.2353020968723724e-08	0.002162128923054	-9.554843344319972e-05	4.67480147990665e-06	9.129503133449568e-09	-0.0002759544675034	-1.9036473991599983e-05	3.6238734203286255e-10	7.615086813508504e-08	0.0	0.0	0.0	0.0	0.0	0.0	0.0	0.0	0.0	0.0	0.0	0.0	0.0	0.0	0.0	0.0	0.0	0.0	0.0	0.0	0.0	0.0	0.0	0.0	0.0	0.0	0.0	0.0	0.0
868.1258280210191	-0.5239060410308412	0.2744775398286094	753642.45327718	956.7214302221934	3.3421221574145648	11.169780515081383	915315.8950463992	770.7331944592977	1.4133574002986506	1.9975791409789605	594029.6570414336	780.5744388411752	674.5849844755527	0.8496059999999999	23.090429	0.076807640503352	0.0430283612027071	0.0173535329	0.0275495404	-0.0481547359	0.0506710826	0.0417181027	-0.0189602256	-0.0358595258	0.0909278059	-0.0041362867	0.0652023071	0.041702193	0.0278940074	0.0258261874	0.0848876323	-0.0374778	-0.0018537132	0.0048176038	0.0586993506	0.0167217373	0.0140569692	-0.015987768	-0.00553543	-0.0613025218	-0.0450034277	0.1883162547	-0.0146736304	-0.0313592437	0.0736250988	0.0761105179	0.0102780389	-0.0242999838	0.083240212	-0.0439595706	-0.0039904211	0.0375753521	0.0447032269	0.0006881321	0.0405838207	-0.0389227875	0.0214007329	-0.0308721562	0.0170387386	0.1368538139	-0.1835390683	-0.0956441685	0.0343555049	0.0574790232	0.0262849044	-0.0504059243	-0.0549167757	-0.0133956958	-0.0103091487	0.0132276703	0.0302122884	0.0195341865	-0.07249819	-0.0291798206	-0.0158609341	-0.0281780595	0.0443814828	-0.005148173	0.0413432541	-0.0012052974	0.03614837	0.0240294293	0.1328765722	-0.0830617962	-0.0693586873	0.0008594721	-0.0605167312	-0.1020649511	-0.0970621018	0.016850859	0.0717238087	-0.124700488	-0.0337599953388974	-0.0026819944868208	7.193094427337682e-06	0.0011397372852823	0.0789531552836138	0.0037465058486532	1.4036306073993366e-05	0.0062336007292384	0.1367265166893574	-0.0095655204316429	0.0186941403660051	9.149918112817797e-05	0.0029838420396703	0.0002515369366422	8.903313317703816e-06	6.327083049539237e-08	0.0028116236921675	0.0006494947691134	7.905227786357605e-06	4.218434551057986e-07	-0.0005911951564723	-0.0003152406889689	9.937669198158681e-08	3.495117130363074e-07	0.0	0.0	0.0	0.0	0.0	0.0	0.0	0.0	0.0	0.0	0.0	0.0	0.0	0.0	0.0	0.0	0.0	0.0	0.0	0.0	0.0	0.0	0.0	0.0	0.0	0.0	0.0	0.0	0.0
869.9705965929036	1.844768571884515	3.403171083812833	756848.8389362126	957.4991269111632	0.7776966889698542	0.6048121400346742	916804.5780356398	771.0314580823915	0.2982636230938169	0.0889611888610504	594489.5093526586	780.6699173548022	681.9901403889685	0.7765919999999998	21.106085	0.059166674407079	0.0284435846637114	0.0437511588	0.0198912561	-0.0361337392	-0.0090427373	0.0382243581	-0.0459660526	0.0064894015	0.0131752949	0.0524032306	-0.1009765514	0.024319774	-0.029409696	0.0400385132	0.0653485442	-0.1153175565	0.0186137508	0.0054518081	0.0311563727	0.0666981868	0.0113586429	0.0505985956	0.012149971	-0.0904818915	0.0427689685	0.0379422611	-0.0357904944	-0.0697735979	0.0027775447	0.0272331952	-0.0923797233	-0.0394687237	0.0553491762	-0.1047151654	-0.0049411555	0.0346886504	0.0713043399	0.0447970184	-0.0317091324	0.0713551794	0.0775716856	-0.0480891024	0.0019073855	-7.71308e-05	-0.0228489467	0.0422554065	-0.1354380804	-0.0391879332	0.0457665899	-0.05745868	-0.0579911192	-0.0400527445	-0.0006767829	0.0489206142	0.0431358765	-0.020487105	-0.114121153	0.0067977188	0.0181885481	-0.035283614	0.0351496405	-0.0239717093	0.0557029796	0.0172203964	-0.0002343048	0.0635907389	0.0006573238	-0.0247731678	-0.1239712904	0.1258012636	-0.0731160799	-0.077853116	-0.0992570537	0.0235265052	0.063080731	-0.1205247148	-0.030931888606446	0.0028281067324513	7.998187690136926e-06	0.0009567817327615	0.0705336647212959	-0.0084194905623179	7.088782132896022e-05	0.0049749978590161	0.1183042464675026	-0.0184222702218548	0.0139958947322435	0.000339380040127	0.0031566259221984	0.000172783882528	9.964287212694898e-06	2.9854270061484187e-08	0.0024927301168553	-0.0003188935753122	6.213703435477438e-06	1.016931123753978e-07	-0.0004929364765035	9.825867996880006e-05	9.65476818921107e-09	2.429863698676856e-07	0.0	0.0	0.0	0.0	0.0	0.0	0.0	0.0	0.0	0.0	0.0	0.0	0.0	0.0	0.0	0.0	0.0	0.0	0.0	0.0	0.0	0.0	0.0	0.0	0.0	0.0	0.0	0.0	0.0
867.7157302836139	-2.254866309289696	5.084422072769734	752930.5885816254	952.6406358877816	-4.858491023381589	23.60493502427948	907524.181144677	769.7908763757242	-1.2405817066672853	1.5390429709175142	592577.9933513055	778.6247140288158	669.0844611984527	0.752405	20.448715	0.0427973925436921	0.0266519534982435	0.0208004479	0.033703799	-0.0482638256	0.0334483341	0.1114984053	-0.0300239358	-0.0016287379	0.0736086106	-0.0141831624	0.0292940034	-0.0196781668	0.0084522361	0.0061518999	0.133362864	-0.0521093643	0.0159621623	-0.0014068612	0.0283582873	-0.002307863	0.0154341702	0.0167191302	-0.05352827	-0.0293356198	-0.0194859734	0.0488863455	-0.1256365246	-0.0526090094	0.0183059215	0.0106654844	0.0139027956	-0.0064164657	0.1277365561	-0.0665452153	-0.0035360232	0.010856042	0.0225285952	-0.0007829127	0.0272076325	-0.0121800288	0.0544896453	-0.0343946466	-0.0278309961	0.0545163007	-0.024682169	-0.1516644816	-0.0350712437	-0.0772825464	0.0350699433	-0.0778578219	-0.0821053588	0.0051210399	-0.0297835414	0.0216054164	0.0271450237	0.0158790933	-0.0738277471	-0.0402764696	0.0376863202	-0.0191516918	0.0894851345	-0.0240514505	0.0135265987	0.0508715061	0.0191393711	-0.0838856413	0.0293685773	-0.0012717819	0.0562389965	0.1512023006	-0.12031188	-0.1106809431	-0.1013839798	0.0301376669	0.0540487397	-0.1150284477	-0.0309407334380864	-8.844831640399814e-06	7.823104674701767e-11	0.0009573289856867	0.0700245261443939	-0.0005091385769019	2.592220904897844e-07	0.0049034342617469	0.1187457942603273	0.0004415477928247	0.0141005636545159	1.9496445334837226e-07	0.0035709667396031	0.0004143408174047	1.2751803455351596e-05	1.7167831296759525e-07	0.0027022533616538	0.0002095232447985	7.302173230569263e-06	4.3899990110892216e-08	-0.0007058296411468	-0.0002128931646433	4.5323499551839244e-08	4.981954823214204e-07	0.0	0.0	0.0	0.0	0.0	0.0	0.0	0.0	0.0	0.0	0.0	0.0	0.0	0.0	0.0	0.0	0.0	0.0	0.0	0.0	0.0	0.0	0.0	0.0	0.0	0.0	0.0	0.0	0.0
869.4518294049891	1.7360991213752186	3.014040159239806	755946.4836556823	960.8294088045756	8.188772916793937	67.05600188281788	923193.1528237502	769.7696199591176	-0.0212564166066613	0.0004518352469559	592545.2678120043	779.1210853339412	680.9014256894231	0.814713	22.142122	0.0545159202375115	0.030443340705318	0.0679214229	0.0447915906	-0.0371045107	0.0168959305	0.084261274	-0.0806741859	-0.0202333876	0.1088835981	-0.0149893711	0.0549188252	0.0382315765	-0.0113129258	0.0254597352	0.1097804915	-0.0892375855	0.0124941515	-0.0266460467	-0.080512188	0.0130445244	0.0397693579	0.0048021225	-0.0487681931	-0.0412331517	0.0300449018	0.0380373585	0.0555957022	0.084414845	0.0832363142	0.0739315258	0.0455821462	-0.0290572223	0.1013978049	-0.0908534631	0.0176766935	-0.0506983404	-0.0197527927	0.0749184216	0.0386221365	-0.0190754026	0.0493882004	-0.0191889888	-0.0216141707	0.0810222336	0.0101956208	-0.1260991337	0.0847162888	0.104142311	0.0556281148	-0.0807002934	-0.0815870009	-0.0328141105	-0.0100919255	0.0607894875	0.0352653779	-0.0390569198	-0.1060982127	-0.0320437247	0.0918788659	0.0083721159	0.0435510321	-0.0652999245	-0.0328663959	0.0732416939	-0.0624597546	-0.0326223916	-0.0259212724	-0.0080221571	-0.0104117931	-0.1725099278	-0.0606522546	-0.0726514966	-0.1034414224	0.0366662233	0.0446835199	-0.1082719048	-0.0403075009953113	-0.0093667675572249	8.773633447108097e-05	0.001624694636487	0.0698681772633591	-0.0001563488810348	2.4444972600834443e-08	0.0048815621941041	0.1187173898309055	-2.840442942179944e-05	0.0140938186482631	8.068116107779856e-10	0.0032169333554915	-0.0003540333841116	1.03486602136738e-05	1.2533963706551193e-07	0.003009992642345	0.0003077392806911	9.060055706971037e-06	9.470346488033713e-08	-0.0009433449637406	-0.0002375153225937	5.6413528466836875e-08	8.898997206147538e-07	0.0	0.0	0.0	0.0	0.0	0.0	0.0	0.0	0.0	0.0	0.0	0.0	0.0	0.0	0.0	0.0	0.0	0.0	0.0	0.0	0.0	0.0	0.0	0.0	0.0	0.0	0.0	0.0	0.0
867.7747730248407	-1.6770563801484286	2.81251810219655	753033.0566983138	950.3991940021516	-10.43021480242396	108.78938082470393	903258.6279599394	770.2370399672978	0.4674200081802837	0.2184814640472565	593265.0977375847	779.2793779388777	672.4406030689171	0.885258	24.059385	0.0410900858027767	0.0205585439175523	0.0268990422	0.0538185672	-0.0488976389	0.0501994436	0.1100038053	-0.0189175583	-0.0487830128	0.1413370734	0.0379325431	0.0491037609	0.0487313537	-0.0604061609	0.0223109282	0.1424689948	-0.0572373696	-0.0084673153	0.0284633301	0.0576200391	-0.0030871463	-0.0258864279	0.0756450881	-0.0476526963	-0.0521178145	-0.0570895531	-0.0177339381	-0.0198593818	-0.0552928112	0.0695378532	0.1556470486	0.0755862908	-0.0171605527	0.1465304504	-0.0476930409	0.0016712583	0.0568636448	0.0356740031	-0.0258550374	-0.0596959494	0.0541105295	0.0410351452	0.0617717722	0.0264830867	0.0541284979	0.0560711034	-0.0734055022	-0.0683583282	0.0264642659	0.0437040775	-0.1102846888	-0.0974636195	0.0140206413	-0.0368041034	0.0078800576	0.0048953922	0.0347730382	-0.047055602	-0.0802022921	0.0165335996	0.006795929	0.085980053	-0.0432452402	0.0850486492	-0.0822287133	0.0195115882	0.060713397	0.1271857204	-0.1376532567	-0.0188834378	-0.0110836001	-0.0256459009	-0.1355997663	-0.1054279714	0.0430942802	0.0350428114	-0.1003291122	-0.0365802114950213	0.0037272895002899	1.3892687018972069e-05	0.0013381118730204	0.0567865632400668	-0.0130816140232923	0.0001711286254543	0.0032247137646181	0.121258896012165	0.0025415061812594	0.014703719862089	6.459253669380208e-06	0.0033038982708762	8.696491538470004e-05	1.0915743784298743e-05	7.562896507868037e-09	0.002731835752413	-0.0002781568899319	7.4629265781619025e-06	7.737125541664273e-08	-0.0010130166803826	-6.967171664199997e-05	4.854148099843135e-09	1.0262027947333825e-06	0.0	0.0	0.0	0.0	0.0	0.0	0.0	0.0	0.0	0.0	0.0	0.0	0.0	0.0	0.0	0.0	0.0	0.0	0.0	0.0	0.0	0.0	0.0	0.0	0.0	0.0	0.0	0.0	0.0
871.4237673323386	3.648994307497901	13.315159456152086	759379.3822716858	953.0948337316512	2.695639729499589	7.26647355125662	908389.762085964	771.5719537652535	1.3349137979556644	1.7819948479724166	595323.2798371305	780.2337450942119	686.0846019128126	0.953145	25.904409	0.2518411928955334	0.1319806692052543	0.078498843	0.039023598	-0.0562847033	-0.0240983223	0.1236885835	-0.0558615347	-0.0460104288	0.1226435074	0.1297401273	-0.0894241177	0.014953492	-0.112296146	0.0685936583	0.104733767	-0.1662080053	0.0255561471	-0.0467093804	0.0625531751	0.0337973844	-0.0490044446	0.0198402053	0.0162320217	-0.1137782743	0.1163537659	-0.0680269936	-0.05653959	0.044932129	-0.0669100455	0.2134409828	-0.1257619484	-0.0629811215	0.1027352448	-0.1419076311	0.0108515236	-0.0037193593	0.1244585369	0.0020837052	-0.10243173	0.0390629763	0.1157667436	-0.0876575665	0.0081487704	0.0049131272	0.2022930717	-0.0003206867	-0.0166255868	-0.0716745904	0.0668644639	-0.1214331677	-0.1411200654	-0.0393814636	-0.0530660511	0.0960023871	0.0446867972	-0.0478025902	-0.1268721889	-0.0364609845	0.0935242334	-0.0843453345	0.0213400764	-0.1089835155	0.0216512554	-0.0098768876	-0.080263222	0.0595495232	-0.0564924604	-0.0897339135	-0.0047959838	-0.0240083156	-0.0749189038	-0.0120758395	-0.1073422654	0.0494042187	0.0251860523	-0.0912870929	-0.0497616227957991	-0.0131814113007777	0.0001737496038802	0.0024762191032713	0.0162757011877801	-0.0405108620522867	0.0016411299442194	0.0002648984491539	0.0310216955050961	-0.0902372005070689	0.0009623455920108	0.0081427523553529	0.0043189754685774	0.0010150771977012	1.8653549098173373e-05	1.0303817172929211e-06	0.0034809828758459	0.0007491471234328	1.211724178193239e-05	5.612214125477883e-07	-0.0014070267399565	-0.0003940100595739	1.552439270454283e-07	1.979724246952616e-06	0.0	0.0	0.0	0.0	0.0	0.0	0.0	0.0	0.0	0.0	0.0	0.0	0.0	0.0	0.0	0.0	0.0	0.0	0.0	0.0	0.0	0.0	0.0	0.0	0.0	0.0	0.0	0.0	0.0
871.4918025599147	0.0680352275761606	0.0046287921913399	759497.9619291294	961.0726746718088	7.977840940157648	63.645946066455465	923660.6860008246	772.2119494171583	0.6399956519047691	0.4095944344570104	596311.2948226478	781.9966506833141	688.3657915903423	1.095109	29.762665	0.1764455698861918	0.0813140022801173	0.0401283087	0.0292681626	-0.0986577399	-0.0316294835	0.1450993664	-0.0761516619	0.0463184053	0.1395761961	0.0763002524	0.151883726	0.147673129	-0.1177126593	0.0569752954	0.2036090777	-0.1769914036	-0.0203188093	0.0004835038	0.1947761873	0.1178837672	0.0296984515	-0.0761258029	-0.0224742998	-0.0858040008	0.0612177685	-0.049624239	-0.0872056264	0.0606140681	-0.0679986185	0.1039506092	0.2698595519	-0.0492223092	0.1941194109	-0.1524585704	0.0208252474	0.1534509425	0.2133317043	0.0456479227	0.011682137	-0.0361397737	0.0760056525	-0.0173760557	0.0397896244	-0.0027004407	0.1484979392	0.0497115379	0.0563650105	-0.1322470242	0.0501661913	-0.1417658039	-0.1901087244	0.0148110022	-0.0923591698	0.0441778055	0.0457183245	0.0022343098	-0.0467836677	-0.0257967586	0.0018772621	-0.1382749242	0.21438076	0.0432017721	0.1985031909	-0.1055435222	0.0535597264	-0.111165851	0.2313434657	-0.0980353554	0.1456451306	0.0496977272	-0.037283936	0.3967824735	-0.1091829923	0.0555787436	0.0151740128	-0.0812449131	-0.0690055942935856	-0.0192439714977865	0.0003703304390076	0.0047617720438109	-0.0002220659978036	-0.0164977671855837	0.0002721763221097	4.931330738050848e-08	0.0394021686738028	0.0083804731687067	0.0015525308961988	7.023233053141292e-05	0.0049472486961309	0.0006282732275534	2.447526966136889e-05	3.947272484604918e-07	0.002707118286332	-0.0007738645895138	7.328489416193104e-06	5.988664029035168e-07	-0.0001626973963416	0.0012443293436149	1.5483555153810877e-06	2.6470442776335683e-08	0.0	0.0	0.0	0.0	0.0	0.0	0.0	0.0	0.0	0.0	0.0	0.0	0.0	0.0	0.0	0.0	0.0	0.0	0.0	0.0	0.0	0.0	0.0	0.0	0.0	0.0	0.0	0.0	0.0
873.3646602779487	1.8728577180339696	3.507596031999409	762765.8298224168	966.6415201822916	5.568845510482788	31.012040319624305	934395.8285403316	770.890282417466	-1.3216669996922974	1.7468036580756392	594271.8275256804	780.5489205268323	696.803809673058	1.802472	48.987255	0.902980675027051	0.5246254541629566	0.0614011581	0.0804356013	0.0203586535	-0.2522729229	-0.1465964163	-0.1208924239	0.1266861464	-0.0912319744	-0.1353400419	-0.1277072747	0.0644229952	0.0619767277	0.0366329399	-0.0669448756	-0.0792515847	-0.0761608836	-0.1166964602	-0.1487668456	-0.0640553272	0.2596549405	-0.1488720975	0.0954111743	-0.0318662702	0.004189024	0.0853496999	0.0946098946	0.0043507067	-0.1751065116	0.0256381169	0.1210738442	-0.0407891707	-0.0788502061	-0.0981907809	0.1358580304	-0.1376686248	-0.0677476775	0.0605675168	0.2777858107	-0.0070339522	-0.0059823733	-0.0840067796	0.0946315521	0.005900629	-0.0659624131	0.1499816681	0.0794972792	-0.0473874568	0.0321016354	-0.0057209093	0.1520940035	-0.0807145423	0.1141814334	-0.0182459397	0.1857222668	-0.053948766	0.0157335209	0.1145277136	0.1151384819	-0.1175306417	0.0619953435	0.3014460275	0.0790196635	-0.1235304782	-0.0299076918	-0.036777014	-0.0537768994	-0.014104747	0.0186887536	-0.0652954529	0.1139606664	0.0482361456	-0.1109488906	0.0616009311	0.0050684204	-0.0703125971	-0.0041056542469277	0.0648999400466579	0.0042120022180597	1.685639679531546e-05	0.1834394858050103	0.1836615518028139	0.0337315656106176	0.0336500449524065	0.477079143574322	0.4376769749005192	0.2276045092336085	0.1915611343580697	0.0028121391770715	-0.0021351095190593	7.908126751220374e-06	4.558692658378061e-06	0.0012523235473733	-0.0014547947389587	1.568314267305646e-06	2.116427732501912e-06	0.0005822425111815	0.0007449399075231	5.549354658205247e-07	3.390063418269392e-07	0.0	0.0	0.0	0.0	0.0	0.0	0.0	0.0	0.0	0.0	0.0	0.0	0.0	0.0	0.0	0.0	0.0	0.0	1.0	0.0	0.0	0.0	0.0	0.0	0.0	0.0	0.0	0.0	0.0
870.5557308417843	-2.8089294361643624	7.890084577350643	757867.2805014732	949.9509071509044	-16.690613031387215	278.5765633635127	902406.7259968262	772.1517151641112	1.261432746645255	1.5912125743089922	596218.2712308788	782.856813521315	698.9222706686237	1.618781	43.994942	0.2483923203592574	0.1454076062760864	-0.0019606036	0.0582051781	0.0011305445	-0.1079942848	-0.0515262385	0.0330487832	0.0498472624	-0.0287658026	-0.0632577157	0.0872207836	0.1294638307	0.0187747303	0.0159869935	0.0407661605	-0.0112389859	-0.1547820343	0.0028650728	0.1880748342	-0.0238177279	0.1128838959	0.0816307608	-0.0013932727	0.074988082	-0.2639176536	-0.1017548345	0.0233180764	-0.0700382017	-0.0949810723	0.0171386897	-0.02118023	-0.011890009	0.0466216859	0.0189292441	0.1458235316	0.1506821716	0.098746458	-0.0880252691	0.1009920336	0.0904994509	-0.1234183213	0.1575664591	0.1218564661	-0.072218431	-0.1151104196	-0.0880910788	0.0169446005	-0.0129219653	0.0265464781	-0.053846106	0.0029065796	0.0121227682	0.0114629349	-0.1226144011	0.0880436911	0.0792369933	0.0827939621	-0.0150390159	-0.0337142872	0.0014146875	0.1465294225	0.0821392455	0.1332886092	-0.1210941222	-0.1285904925	-0.1133950663	0.0912508272	-0.071025031	0.1497530951	0.0512440019	0.2154399318	-0.2694631359	-0.1126387502	0.0674542747	-0.0050684204	-0.0586099215	-0.0037855821830703	0.0003200720638574	1.0244612606193561e-07	1.4330632464779296e-05	0.1649155113241391	-0.0185239744808712	0.0003431376305679	0.0271971258753022	0.3365360018562882	-0.1405431417180338	0.1132564805454156	0.0197523746839753	0.0015907926480812	-0.0012213465289903	2.5306212491891965e-06	1.4916873438766543e-06	0.0013113623790819	5.903883170859997e-05	1.7196712892713406e-06	3.485583649516389e-09	0.0010819597924125	0.000499717281231	2.497173611609023e-07	1.1706369923973e-06	0.0	0.0	0.0	0.0	0.0	0.0	0.0	0.0	0.0	0.0	0.0	0.0	0.0	0.0	0.0	0.0	0.0	0.0	0.0	1.0	0.0	0.0	0.0	0.0	0.0	0.0	0.0	0.0	0.0
872.349500480482	1.793769638697654	3.2176095167135124	760993.6509885464	964.290195465088	14.339288314183593	205.61518935728208	929855.5810700976	771.6249434794519	-0.5267716846593657	0.2774884077588662	595405.0533996673	781.0826147301108	703.3473218129781	1.958902	53.238682	0.1317226323930695	0.0683117969001218	0.1414685255	0.062401091	-0.0583026609	-0.1799493391	-0.1318125426	-0.1409511007	-0.0419512597	-0.0567069777	0.1242882669	-0.1742288856	0.0996487849	-0.0086884211	0.1053612028	-0.0112817247	-0.1471177521	0.0301099182	-0.122407333	-0.1422028778	0.0469435245	0.3096695609	-0.0340731673	0.1011538162	-0.1270721394	0.0657083652	0.1530642095	0.178635464	-0.0611504707	-0.1926866004	0.1079850666	-0.0537114528	-0.1075660319	-0.040824365	-0.164937935	0.0359859735	-0.1272078919	0.0123067321	0.1578672658	0.2821305135	0.107965849	0.0931514591	-0.1030823905	0.0625834157	0.0228819713	-0.1542180943	0.1859856707	0.0653093897	-0.0196966187	0.0956402869	-0.0380087414	0.0378200723	-0.1787629126	0.054460682	0.0395124372	0.2130007501	-0.1840875693	-0.141003252	0.1948555004	0.1347343163	-0.0414535708	-0.0557729082	0.2596582015	0.1342026249	0.0103965405	-0.1389971207	0.0322216863	-0.1987939543	-0.0447224741	-0.1225607187	-0.1987548355	0.1808338298	-0.0117337058	-0.1142514127	0.0731227308	-0.0151740128	-0.0462651033	-0.0061365551842982	-0.0023509730012279	5.527074052502521e-06	3.765730952993712e-05	0.1847809022516457	0.0198653909275066	0.0003946337567026	0.0341439818369322	0.3402978339713982	0.0037618321151099	0.1158026158056252	1.415138086227296e-05	0.0023599167217388	0.0007691240736575	5.569206933542404e-06	5.915518406796612e-07	0.0021281567834527	0.0008167944043707	4.529051294955741e-06	6.671530990114497e-07	0.0005529895434564	-0.000528970248956	2.798095242806783e-07	3.0579743517211774e-07	0.0	0.0	0.0	0.0	0.0	0.0	0.0	0.0	0.0	0.0	0.0	0.0	0.0	0.0	0.0	0.0	0.0	0.0	0.0	0.0	1.0	0.0	0.0	0.0	0.0	0.0	0.0	0.0	0.0
841.0609067352186	-31.28859374526337	978.976098556134	707383.4488382682	887.1332379380862	-77.15695752700185	5953.196094823567	787005.381854513	761.2303573505794	-10.394586128872447	108.04742079054748	579471.6569520908	768.7303872615734	616.0374412353881	4.315928	117.297501	3.8281295947887273	1.5852652414588564	-0.4752135466	0.0830003805	0.0117330623	-0.0699882848	0.2023781142	0.4599677764	0.1369123823	0.2801719425	-0.2732839588	0.0118419828	-0.0022876807	-0.0686300501	-0.3790982577	0.1189764812	0.0283317672	-0.3002057883	0.0632370613	0.1452946358	-0.2100521394	0.023568599	-0.3631057654	-0.5847119912	-0.0353829532	0.037357349	-0.0379721163	0.1419465765	-0.0985300421	-0.054256559	-0.1097863071	-0.0586862542	0.3971276583	0.1160072482	0.0205129508	0.2266837415	0.1938884921	-0.0888989409	-0.2273472202	0.1766652625	-0.4473473758	0.369424991	0.3313301896	-0.1504221045	-0.1678968242	-0.0177073749	0.140603569	-0.0634961386	0.0032168143	-0.3790682902	-0.3011804721	-0.1108447847	0.4662150911	-0.1449236914	-0.531253741	0.0811404745	-0.3515455838	0.0393430891	0.0093263858	-0.0723229783	0.0517949768	-0.0949820075	0.079004564	-0.1054692497	0.0800715436	-0.0553539697	0.0705976454	-0.0826900487	-0.0105575589	-0.0733820952	0.0142716021	0.0314850078	0.0495209515	-0.1157857731	0.0785907625	-0.0251860523	-0.033413395	0.57275989296852	0.5788964481528183	0.3351210976839486	0.3280538949933105	0.4783842017537836	0.2936032995021379	0.0862028974785421	0.2288514444876047	1.3812985024826645	1.0410006685112665	1.907985552960852	1.083682391840903	0.0246118302944577	0.0222519135727188	0.0006057421904431	0.0004951476576477	-0.0040320054726492	-0.0061601622561019	1.62570681314731e-05	3.794759902150245e-05	-0.0093275182001729	-0.0098805077436293	9.762443327191856e-05	8.700259577455671e-05	0.0	0.0	0.0	0.0	0.0	0.0	0.0	0.0	0.0	0.0	0.0	0.0	0.0	0.0	0.0	0.0	0.0	0.0	0.0	0.0	0.0	1.0	0.0	0.0	0.0	0.0	0.0	0.0	0.0
840.531249365029	-0.529657370189625	0.2805369297961894	706492.7811591366	920.3415486812592	33.208310743173	1102.7919024151397	847028.5662290185	757.120868019595	-4.109489330984388	16.887902561474515	573232.008790745	767.2475414619508	597.895327364756	3.338726	90.739288	2.6669804210716266	1.2735142839407934	-0.4589716087	-0.1157795899	0.0363197044	0.0225093849	0.2239917463	0.3208143182	0.2151746443	0.0058882184	0.3441012091	0.4045496762	-0.3956581739	-0.2923075726	-0.5290870718	0.2044006489	0.1342463043	-0.0584698385	-0.0005410282	-0.0385490063	0.3760060579	0.0822097431	0.0850544086	0.2754223311	0.2880880447	0.2232919275	-0.3253359294	-0.0893447352	-0.1065197154	-0.0487274921	-0.050203448	0.0155524327	0.5194420057	0.2029028386	0.1605405749	0.0597999514	-0.0009161034	0.1197407068	0.3357253272	0.0123269767	0.1348641275	-0.3434612757	-0.2210500506	-0.158316432	-0.4078445299	0.0249558325	-0.1316685165	0.0463660186	-0.0620619341	-0.4849160645	-0.1555381593	-0.1919698142	-0.5993363771	-0.1155408363	0.0498178016	-0.35428407	-0.0428309333	0.3793545625	0.0600392681	0.003299082	0.0145330221	0.0342821577	0.0902755453	0.0092174618	-0.0093987316	-0.0282229341	0.0160516522	-0.0180255907	0.0260950459	-0.0044964896	-0.0166589089	-0.0168409117	-0.0282053542	-0.1172407796	0.0838433825	-0.0350428114	-0.0201956026	0.9294959482298424	0.3567360552613223	0.1272606131234092	0.8639627177756938	1.144592342800408	0.6662081410466243	0.4438332871967988	1.3100916311973263	2.0231426956644896	0.6418441931818251	4.093106367020577	0.4119639683212279	0.0171111851660476	-0.00750064512841	0.0002927926577867	5.625967734234215e-05	-0.0119222119937065	-0.0078902065210572	0.0001421391388228	6.225535894493511e-05	-0.0046745292180032	0.0046529889821697	2.1650306468192628e-05	2.1851223409965608e-05	0.0	0.0	0.0	0.0	0.0	0.0	0.0	0.0	0.0	0.0	0.0	0.0	0.0	0.0	0.0	0.0	0.0	0.0	0.0	0.0	0.0	0.0	1.0	0.0	0.0	0.0	0.0	0.0	0.0
857.9153027063142	17.384053341285153	302.2053105726475	736018.6666176666	924.9596388339996	4.618090152740479	21.326756658838576	855550.333471923	767.5078044088842	10.38693638928919	107.88844755513996	589068.229828546	776.2168616811499	691.8570343588641	4.007444	108.913559	3.953404994563939	1.6672522291350882	-0.1057984061	0.0495337041	0.2863321054	0.1304356113	-0.4390600408	0.0927368383	-0.123154111	-0.2141544799	-0.3179396638	-0.1475496522	0.1349691874	-0.4762163904	-0.0372050606	-0.2664868748	-0.5019376602	-0.0535843654	0.1520046812	-0.347204968	-0.078747049	-0.0673240975	-0.0356324105	-0.045738448	0.0939538989	0.2885596274	-0.1490899569	0.1295229126	0.1731078102	-0.0444103315	-0.1999106086	0.001105576	0.0250440269	-0.3311811381	-0.4854634761	0.1282236685	-0.0208020727	-0.2884523	0.1170336024	-0.1247317993	-0.0417614412	0.0350553238	-0.1240816493	-0.2452273722	-0.1814442937	0.0878027271	0.0780872229	0.2305087134	0.2012908871	-0.0730084108	0.0202982213	0.2737441764	0.0708808919	0.0630467978	0.1175978318	-0.1282652975	-0.2975441079	-0.0115948527	0.3388407449	0.2400875167	0.0806183951	-0.1126971372	-0.479114129	0.1369782002	-0.2422713705	-0.1444701234	-0.2769691913	0.026252034	0.0620363982	-0.1786408848	0.0784982485	-0.0724784031	0.0669317177	-0.1186154352	0.0888661936	-0.0446835199	-0.0067565429	0.0869540780227566	-0.8425418702070858	0.7098768030520538	0.0075610116847876	0.7446985893439972	-0.3998937534564106	0.1599150140534565	0.5545759889709394	0.7606887267233517	-1.2624539689411378	0.5786473389639941	1.5937900236952314	0.0039771147131676	-0.01313407045288	1.58174414416942e-05	0.0001725038066612	-0.004026539880328	0.0078956721133785	1.621302340787182e-05	6.234163812198291e-05	0.0032660362549244	0.0079405654729276	6.305258002984992e-05	1.06669928184806e-05	0.0	0.0	0.0	0.0	0.0	0.0	0.0	0.0	0.0	0.0	0.0	0.0	0.0	0.0	0.0	0.0	0.0	0.0	0.0	0.0	0.0	0.0	0.0	1.0	0.0	0.0	0.0	0.0	0.0
852.7249978978291	-5.1903048084850525	26.93926400498306	727139.9220398526	917.9434942404428	-7.016144593556874	49.22628495769735	842620.2586183537	769.7759680844177	2.268163675533515	5.144566459009703	592555.0410403025	780.8752991072284	655.6499740509216	2.823804	76.74483499999998	0.7911368049903786	0.505903385097	-0.1487786644	-0.0003013112	-0.1177099882	0.3078505101	-0.2148621351	0.2277406446	-0.2722321622	-0.0555351022	-0.0280708361	0.2042507011	0.1012323227	0.2020749737	-0.0534222751	-0.1733120361	-0.1461548559	0.1469485991	0.3137947361	0.2766001854	-0.0162760863	-0.0471218202	0.1004512661	0.0395069593	0.22072011	-0.1408368263	0.0701677094	0.0416980097	-0.2229985552	-0.0505388487	0.0140107993	-0.1206944194	0.0522525512	-0.1792975133	-0.1027447127	-0.2097756259	0.3718286169	0.0724116446	-0.1248615934	-0.0432377192	0.0281354988	-0.224686768	0.0628402573	-0.1076836221	0.0992096143	-0.1230352206	0.004658816	-0.2061083292	-0.0470002722	-0.1004767544	0.0955465	0.1145931141	0.1580008372	-0.1841049141	0.0978122293	-0.1017761191	0.1893264686	-0.032443825	0.2472488176	-0.5035610764	-0.0501171146	0.4768369364	-0.1611853978	-0.0964752595	0.0371136102	0.0127811775	-0.1582998702	-0.208858182	-0.1721392109	-0.0261730128	-0.0896815585	0.1292287256	0.0009140371	-0.1199087977	0.0936454286	-0.0540487397	0.0067565429	0.108172281211381	0.0212182031886244	0.0004502121465537	0.011701242422474	0.7906441922134917	0.0459456028694944	0.0021109984230412	0.6251182386809248	0.8068783898770064	0.0461896631536546	0.6510527360505104	0.002133484982248	-0.0049320465800525	-0.0089091612932201	2.432508346780756e-05	7.937315494861123e-05	-0.0027303640942346	0.0012961757860933	7.454888087085527e-06	1.6800716684548429e-06	0.006616365891183	0.0033503296362585	1.122470867159268e-05	4.377629760600981e-05	0.0	0.0	0.0	0.0	0.0	0.0	0.0	0.0	0.0	0.0	0.0	0.0	0.0	0.0	0.0	0.0	0.0	0.0	0.0	0.0	0.0	0.0	0.0	0.0	1.0	0.0	0.0	0.0	0.0
849.6596962098246	-3.0653016880045243	9.396074438483383	721921.5993633714	920.79838458697	2.8548903465272133	8.150398890694271	847869.6650579735	766.7886409411399	-2.9873271432778665	8.924123460964699	587964.8198763604	775.5122543060253	641.0770815055528	2.470337	67.138359	1.2223079229707527	0.8796136134931258	-0.0317806188	-0.2834854372	-0.3669506829	0.2000507453	-0.1841547206	0.1839849847	-0.2948617909	-0.2675259883	0.0326652148	-0.0076935184	-0.040776462	0.0456444817	-0.0674988551	-0.1808242772	-0.0988106382	0.4225303708	0.1448689529	0.1238749127	-0.1969823489	0.0285280692	-0.1932682885	0.0542997796	-0.0173300752	0.1032965029	-0.0412467201	-0.3732848612	0.1889526537	0.0694946269	0.0066466635	-0.0805783895	0.0588216537	-0.2100314151	-0.1661887127	-0.4383037998	0.0247057672	0.0019484056	-0.1658061028	0.1064445865	-0.1468182918	0.000288384	-0.1703560941	0.0079852086	0.0381804074	0.3289298026	-0.0963993918	-0.017783451	-0.1741162673	-0.0996362118	0.2486497171	-0.0350190392	0.1128861149	-0.5489544273	0.3772664958	0.1442265777	-0.0715765373	-0.108567885	-0.0293019861	0.0633807888	0.1600560682	-0.0675912139	0.2544130989	-0.2989176435	-0.3164535169	0.0563488485	0.0879121201	-0.0162710544	0.2481116366	-0.0313968815	0.046404435	0.0006060057	-0.0419736636	-0.1211199807	0.098167988	-0.063080731	0.0201956026	0.112948560604039	0.0047762793926579	2.281284483672945e-05	0.0127573773425242	0.8223826802216792	0.0317384880081874	0.0010073316210458	0.6763132727285925	0.8959843514739987	0.0891059615969922	0.802787958086282	0.0079398723921246	-0.0211345212710929	-0.0162024746910404	0.0004466679893582	0.0002625201861138	0.0014994204436304	0.004229784537865	2.2482616667767858e-06	1.7891077236761832e-05	0.0081178505417359	0.0015014846505529	2.254456155845966e-06	6.589949741796186e-05	0.0	0.0	0.0	0.0	0.0	0.0	0.0	0.0	0.0	0.0	0.0	0.0	0.0	0.0	0.0	0.0	0.0	0.0	0.0	0.0	0.0	0.0	0.0	0.0	0.0	1.0	0.0	0.0	0.0
849.2141949888116	-0.4455012210129325	0.1984713379240137	721164.7489704954	917.3758341471354	-3.4225504398345947	11.713851513211978	841578.4210771525	766.5359114208093	-0.2527295203306039	0.0638722104465371	587577.3034977308	776.3611828543355	637.5557936274363	2.11477	57.474819	0.9418490456084594	0.7053288875395014	-0.0851389778	-0.0717317731	-0.318292958	0.1208079785	-0.0231385831	0.2079403621	-0.3154762722	-0.083849412	0.0537383838	0.1228715346	-0.1271456959	0.1697253651	-0.0784789686	0.0222481461	0.2339917523	0.3465150298	0.0879082071	0.1961642622	-0.2471560531	-0.1272548397	-0.1132340604	0.0347386242	0.1099376622	0.0158797179	0.0435659708	0.1012679393	0.0055210981	-0.1748347176	0.1351723694	0.1361678403	0.0734538373	0.0263495191	0.1180100117	-0.3996908436	-0.0205906407	0.0074585042	-0.312720986	-0.0038111877	-0.1770238017	-0.1359052002	-0.0524110082	-0.0227565741	-0.0606681461	-0.1734793708	-0.0316367582	0.2024276857	-0.0364678077	-0.0707877202	0.0765101177	0.0194789324	0.1601241583	-0.2467328669	0.1594598274	-0.0229160179	0.1754263991	0.0821282704	-0.1875245559	-0.0367302889	0.1784396189	-0.4560805376	0.078085577	0.4489588678	0.2314789414	-0.0125783605	-0.3289289544	0.0825911333	-0.2386227744	0.0798643888	-0.068131379	-0.00904581	0.0361074709	-0.1222481541	0.1024214758	-0.0717238087	0.033413395	0.124785565042643	0.0118370044386039	0.0001401146740795	0.0155714372430116	0.8452945683607282	0.022911888139049	0.0005249546180962	0.7145229073001499	0.8049627039168925	-0.0910216475571061	0.6479649546971947	0.00828494032401	-0.0081731785145586	0.0129613427565343	6.680084703084233e-05	0.0001679964060523	0.002913858452147	0.0014144380085166	8.49057107914851e-06	2.000634879936405e-06	0.0061720611973128	-0.0019457893444231	3.7860961728704777e-06	3.809433942337431e-05	0.0	0.0	0.0	0.0	0.0	0.0	0.0	0.0	0.0	0.0	0.0	0.0	0.0	0.0	0.0	0.0	0.0	0.0	0.0	0.0	0.0	0.0	0.0	0.0	0.0	0.0	1.0	0.0	0.0
866.3683500521815	17.1541550633699	294.26503593813914	750594.1179721394	941.2355091571808	23.859675010045407	569.2840915849853	885924.2836983773	770.5381345428261	4.002223122016858	16.017789918406365	593729.0167847384	779.2839642663635	656.527022605028	2.156318	58.604023	0.7528427360224914	0.4882479099848009	0.0130204668	0.096382896	-0.1044354017	-0.0701945017	-0.0898078265	-0.0170290435	-0.0526622256	0.0581157599	-0.1066895346	-0.1567226499	-0.2395275371	0.1602011292	0.0144666771	-0.0687261331	0.1008725114	0.0592153991	-0.091869498	-0.0340892751	-0.0567028265	-0.0478735998	-0.0974717984	0.2039027099	0.0763812587	0.1395164381	0.0339699994	0.1780121542	0.0606020132	-0.1367757247	-0.0761323882	0.0500845643	-0.0142211253	-0.0697438049	0.0774662356	-0.0559841744	-0.1435464893	-0.0260990915	-0.0712993897	-0.0236021458	-0.0590688105	-0.1205747358	-0.1383997331	-0.0070235954	-0.0286085667	-0.0283819162	0.2713704782	0.1116167325	-0.0155836117	0.0054641377	0.0261846763	0.1515433055	-0.0121406127	0.0426101127	0.0865446537	-0.0479447889	0.0696649818	-0.0154464641	0.0960930638	-0.1778460523	-0.0459259367	-0.1788106501	-0.0841145938	0.0469027146	0.1889820814	0.1057698927	0.2172747945	-0.299305419	-0.079614456	-0.0197501801	-0.0010380381	-0.2024193003	0.1149167945	-0.1232925447	0.1063942335	-0.0799246852	0.0462651033	0.1041690693614327	-0.0206164956812102	0.0004250398941733	0.0108511950116269	0.772884406703696	-0.0724101616570322	0.0052432315111975	0.5973503061257242	0.6533784045350686	-0.1515842993818239	0.4269033395127917	0.0229777998190784	0.0002286338471697	0.0084018123617283	5.227343607161774e-08	7.059045096169048e-05	0.0012802029649889	-0.0016336554871581	1.6389196315663707e-06	2.668830250721769e-06	0.0060428934601507	-0.000129167737162	1.6684304323577333e-08	3.65165613707321e-05	0.0	0.0	0.0	0.0	0.0	0.0	0.0	0.0	0.0	0.0	0.0	0.0	0.0	0.0	0.0	0.0	0.0	0.0	0.0	0.0	0.0	0.0	0.0	0.0	0.0	0.0	0.0	1.0	0.0
865.7234684358974	-0.644881616284124	0.4158722990212241	749477.1238006803	937.7340376377106	-3.501471519470215	12.260302801661055	879345.1253443232	771.3715618034605	0.8334272606343802	0.6946009987685271	595014.0863591098	780.2172497938191	657.2647422562102	1.306587	35.510181	0.5973280051209442	0.3864153180207925	-0.0388548813	0.0411219491	0.053215431	0.0250804293	-0.0319574747	0.032009281	0.0112302946	-0.0219738236	-0.0290783211	-0.0530775156	-0.0523021914	0.013780956	0.0312140775	-0.0526545165	0.0403322047	-0.0851703152	-0.0620392641	0.0328314418	0.0011007441	-0.0695518296	0.1035992577	-0.0750059396	-0.0281826354	-0.0584957879	0.0477601493	-0.1363737646	-0.0690308068	0.1118183338	-0.1285264459	-0.0050740077	-0.0228441705	-0.0320732399	0.0515782754	0.0813912845	-0.0215798154	0.0256184427	-0.0505648489	-0.081474963	0.0589047052	0.0402388023	0.093361038	-0.0203569409	0.0730415729	-0.0132894609	-0.0327271672	-0.1048544273	-0.0542772661	0.0173565985	0.0086842791	0.0626667456	0.0289755791	0.0667119098	-0.0447423187	-0.0155406374	0.0454034191	0.0274796842	0.0281001586	0.018914138	0.0292901506	0.0555170395	-0.0217607049	-0.0492529977	0.055237744	0.1174791315	-0.0470072308	0.2047762384	0.1348939559	0.1031582832	0.2447507752	-0.0599085654	-0.011556664	-0.1242524367	0.1100753719	-0.0876327994	0.0586099215	0.0471772542537678	-0.0569918151076649	0.0032480669892662	0.0022256933189246	0.4159711111469164	-0.3569132955567796	0.1273871005452011	0.1730319653088002	0.6754511569011683	0.0220727523660997	0.4562342653591267	0.0004872063970151	0.0012091477472639	0.0009805139000942	1.4620382747133644e-06	9.61407508277939e-07	0.0012243352515985	-5.586771339039995e-05	1.4989968083067623e-06	3.1212013994718733e-09	0.0038522722318273	-0.0021906212283234	4.798821365981123e-06	1.4840001348107686e-05	0.0	0.0	0.0	0.0	0.0	0.0	0.0	0.0	0.0	0.0	0.0	0.0	0.0	0.0	0.0	0.0	0.0	0.0	0.0	0.0	0.0	0.0	0.0	0.0	0.0	0.0	0.0	0.0	1.0
864.8501117010248	-0.8733567348725728	0.7627519863472815	747965.7157092751	950.5763232707976	12.842285633087045	164.9243002817939	903595.346363028	768.8610280501396	-2.510533753320942	6.302779726563737	591147.2804543175	778.1079759363652	666.6523278703946	1.005067	27.315538	0.1818439030434499	0.0847220715091431	0.0533440181	0.0496953233	0.0190285142	0.012012438	-0.0352036102	-0.0827953679	-0.0007258606	0.0380681931	-0.0906434101	0.0038844121	-0.0236846448	0.0676601439	0.0197303664	0.0069500752	0.0642381824	-0.0170134352	-0.0014666584	-0.1530330286	-0.0488256528	-0.0043781051	-0.0016204553	0.0421746577	-0.0181077897	-0.0999306909	-0.0007914698	0.0540413451	0.0237164232	0.1128363255	0.002675406	0.0036044056	-0.027507699	0.0081435198	0.0476853563	0.0160496258	-0.0852340266	-0.1497957766	0.0396551774	0.0145164154	-0.0311638413	-0.0258096363	0.0145322827	0.0870927178	0.0806175132	-0.0230531931	-0.1398171028	0.0391505722	0.1190957976	0.0530016338	0.0251843516	0.0673715594	-0.0240652963	0.1018553279	-0.0097285289	0.0261586208	0.018807809	0.0625949519	0.0093570592	0.0539483982	0.0699271459	-0.0316179577	-0.0497663491	-0.1207968764	0.1430249388	0.0439937981	0.0506940765	0.0062456627	0.0815849411	0.0099288868	-0.07061567	-0.0271079692	0.0868407432	-0.1251271724	0.1134548014	-0.0948006283	0.0703125971	0.0476006432927107	0.0004233890389429	1.792582782969931e-07	0.0022658212418798	0.4465738070874323	0.0306026959405159	0.0009365249988276	0.1994281651765631	0.6221249767933372	-0.053326180107831	0.3870394867501104	0.0028436814848928	0.0003971018955133	-0.0008120458517506	1.576899154202558e-07	6.594184653453576e-07	0.002182811255968	0.0009584760043695	4.764664979180598e-06	9.186762509521216e-07	0.0040315831348304	0.0001793109030031	3.215239993578731e-08	1.6253662573048918e-05	0.0	0.0	0.0	0.0	0.0	0.0	0.0	0.0	0.0	0.0	0.0	0.0	0.0	0.0	0.0	0.0	0.0	0.0	0.0	0.0	0.0	0.0	0.0	0.0	0.0	0.0	0.0	0.0	0.0
866.3419462045935	1.4918345035686116	2.225570186037806	750548.3677535628	945.0356334050496	-5.54068986574805	30.699244188403146	893092.3484052832	770.1895063035655	1.328478253425942	1.7648544698256414	593191.87562013	778.8909485562539	665.0584043354331	0.960629	26.107803	0.1177148119261884	0.066169521393118	0.028374788	0.0329801258	-0.0187305702	-0.049670328	0.0204284445	-0.0381718724	-0.0023863156	0.0543638937	0.0148464141	-0.055992589	-0.0490723548	0.0322663872	0.0366440906	0.0227483581	0.1075590215	0.0254270833	-0.0502260221	0.0075283105	0.0145782236	0.0559136786	0.0547603946	-0.0444571059	0.010219527	-0.0513164095	0.0716522246	0.0389354175	0.0447738442	0.0635147125	0.0102539705	-0.0379587474	-0.0343436979	0.0381216324	0.1061610153	-0.024423601	-0.052901528	0.0278546459	-0.0034625938	0.0339998308	0.0471840842	0.0002324318	0.0772748074	-0.0473443388	0.0953834329	0.0121579359	0.087038921	-0.0337772444	0.0583226936	0.0407512657	0.00463385	0.0282227346	-0.0279015473	0.0609277603	-0.0366663272	0.0096215305	0.0530580516	-0.02105634	0.0520880219	-0.0832319442	-0.0524444229	-0.0483060133	0.0568161338	0.0022412404	0.0201730722	0.0641523879	0.0766276848	0.1330051122	0.0299119417	0.0382537308	0.0399791127	-0.1118724004	0.0183704822	-0.1259161521	0.1165232592	-0.1013839798	0.0812449131	0.0470306247686238	-0.0005700185240869	3.249211178022128e-07	0.002211879666127	0.4806572582848645	0.0340834511974322	0.0011616816455277	0.2310313999419229	0.6023053980276529	-0.0198195787656842	0.3627717924932494	0.0003928157024491	0.0012601627569304	0.0008630608614171	1.5880101739544266e-06	7.448740505100269e-07	0.0020348890773305	-0.0001479221786375	4.140773557038973e-06	2.1880970932864516e-08	0.0037777309061053	-0.0002538522287251	6.444095402870059e-08	1.4271250798943172e-05	0.0	0.0	0.0	0.0	0.0	0.0	0.0	0.0	0.0	0.0	0.0	0.0	0.0	0.0	0.0	0.0	0.0	0.0	0.0	0.0	0.0	0.0	0.0	0.0	0.0	0.0	0.0	0.0	0.0
869.801845738404	3.459899533810585	11.970904784062704	756555.2508499344	949.2100570996604	4.174423694610823	17.425813182128273	900999.7324991404	770.0944489434175	-0.0950573601479618	0.0090359017182993	593045.460293466	778.572862241155	675.9190400312046	0.914858	24.86384	0.1422769512505847	0.0805160794256031	0.074327967	0.0279678356	0.0971903218	-0.0611038556	0.0063168654	-0.0932383358	0.0790937376	0.0496866133	-0.0462321102	-0.0949324911	-0.0106290245	0.0896124838	0.0386477925	-0.0101055433	0.09864992	-0.0714665873	-0.0273169651	-0.0814782281	0.0072321156	0.0566903026	-0.0305781001	-0.0092610971	-0.0281189216	-0.0068203519	0.0280397619	0.0617802006	0.1358278918	0.0943665173	-0.0174359573	-0.1064843967	-0.0382136501	0.0058508699	0.1042534448	0.0682586445	-0.0587511558	-0.0662872761	0.0375280528	0.0512300628	-0.0109006849	0.0287595723	0.0138483771	0.0127880098	0.0882680805	0.1198296164	0.06823242	0.0211730896	0.1332059645	0.0725779375	0.0133791421	0.0294782046	-0.03617222	0.1214969346	-0.0449770833	0.0250387429	-0.0039357095	0.0369584706	-0.0171803755	0.054661324	-0.0226777088	-0.0345087466	0.0137139578	-0.1035506668	0.0293802171	0.0380516922	0.0676875547	0.0661443134	0.0555922463	-0.0081656749	-0.1134557893	0.050620674	0.0630436037	-0.1266188352	0.1192723348	-0.1073422654	0.0912870929	0.0467137260305037	-0.00031689873812	1.0042481022210905e-07	0.0021821721996529	0.4131883013583319	-0.0674689569265326	0.0045520601487543	0.1707245723793837	0.584542969560836	-0.0177624284668169	0.3416904832630004	0.0003155038650387	0.0008001841799341	-0.0004599785769963	6.402947218168081e-07	2.115802912955412e-07	0.0022808462298908	0.0002459571525603	5.202259524407076e-06	6.049492089557074e-08	0.0033490932932796	-0.0004286376128257	1.8373020312891493e-07	1.1216425887090396e-05	0.0	0.0	0.0	0.0	0.0	0.0	0.0	0.0	0.0	0.0	0.0	0.0	0.0	0.0	0.0	0.0	0.0	0.0	0.0	0.0	0.0	0.0	0.0	0.0	0.0	0.0	0.0	0.0	0.0
867.5026775728561	-2.29916816554794	5.286174253469079	752560.8955960748	950.3297679424286	1.1197108427681997	1.253752371412672	903126.66783751	770.1306397422476	0.0361907988300345	0.001309773919956	593101.2022698035	779.8260821453288	680.0705214951566	0.917437	24.933947	0.0807912370329261	0.0519499778013263	0.0666991616	0.0007762758	0.0231970862	-0.0539561494	0.0324295445	-0.0574379458	0.0303336926	0.0305297872	0.0390877168	-0.0190845464	0.0307501994	0.0575716121	0.0386171456	0.0265920603	0.0978291889	-0.0277271077	-0.0645947106	-0.0202936636	0.0589515739	-0.0178372988	0.058497999	-0.046603272	0.0367251938	-0.0534526913	0.0845801511	0.0178503811	-0.0009408772	0.0477474378	0.0272386609	-0.1504888776	-0.039086007	0.0437399001	0.1168035466	0.0307920012	-0.0384108027	0.0227834941	0.0366448924	-0.032930435	0.0402853649	-0.0055482683	0.0826281565	-0.0212066704	0.0995763872	0.0309594341	0.0601771409	-0.125850755	0.0277538352	0.0627251576	0.0085935187	-0.0082485559	-0.0282364651	0.0694061814	-0.0516236099	-0.0048250338	0.04809956	-0.0386198838	0.0033816917	-0.0801716534	-0.0182919557	-0.0262951538	0.0299938039	0.0126716141	-0.0254047614	0.0402467007	0.1416250517	0.0529875553	-0.0304168213	-0.0010765039	0.0576928253	0.0211897803	-0.0499465341	-0.1272347401	0.1216944932	-0.1126387502	0.1003291122	0.0472248266410133	0.0005111006105096	2.612238340632876e-07	0.0022301842512737	0.4314646263640185	0.0182763250056866	0.0003340240557134	0.1861617238034421	0.5847266481440059	0.0001836785831699	0.3419052530497241	3.3737821915309844e-08	-0.0001517190360252	-0.0009519032159593	2.3018665892415932e-08	9.061197325536576e-07	0.0024017441442212	0.0001208979143304	5.768374934300824e-06	1.4616305689440746e-08	0.0035126948196611	0.0001636015263815	2.676545943435671e-08	1.2339024896073928e-05	0.0	0.0	0.0	0.0	0.0	0.0	0.0	0.0	0.0	0.0	0.0	0.0	0.0	0.0	0.0	0.0	0.0	0.0	0.0	0.0	0.0	0.0	0.0	0.0	0.0	0.0	0.0	0.0	0.0
870.864306920147	3.3616293472908865	11.300551868567352	758404.641067508	956.5162947972616	6.186526854833005	38.27311452556995	914923.4222126818	770.2429630744926	0.1123233322450687	0.012616530966636	593274.2221657742	778.9751507997903	686.3386678044667	0.962867	26.168617	0.2572477498934134	0.1277697183167825	0.090486455	0.0108613699	0.0316695769	-0.1157539219	0.0649825072	-0.0870366048	0.1134563009	0.0156715001	0.0550049058	-0.1050615632	-0.1313219917	0.0543004546	0.0559677041	-0.0272329694	0.1242958265	0.0139766602	-0.1291274903	-0.0757542823	0.0356513615	-0.0116866678	-0.09571232	0.0676227783	0.0222568579	0.1428149959	0.0021485983	0.0161643774	-0.0796706621	-0.0513665827	0.193678648	-0.1427605618	-0.0574112788	-0.0152054219	0.124520752	0.0219954487	-0.1616434296	0.020231169	0.0355991822	0.0004616735	-0.0546531599	0.0350728119	-0.1488927445	-0.0297989039	-0.0553277084	0.030476284	0.1278852722	-0.137931356	-0.0585320447	0.067242869	0.0184709345	0.0048735013	-0.0118979029	0.0745331314	0.0017109109	-0.0305352873	0.0311950496	-0.0568230184	-0.0627083272	-0.0776755553	-0.1369953006	-0.112512855	0.0480847798	0.0468040095	-0.0214707903	0.0153993402	0.1091493216	-0.372680048	-0.1212216508	0.0337017568	-0.0080290428	0.0798550701	-0.0279412547	-0.1277634447	0.1237830955	-0.1172407796	0.1082719048	0.0972239267674552	0.0499991001264418	0.0024999100134539	0.0094524919360834	0.5060922509584458	0.0746276245944272	0.0055692823526067	0.2561293664801864	0.5075211839197067	-0.0772054642242991	0.2575777521272607	0.0059606837060895	-0.000193895419655	-4.2176383629800016e-05	3.7595433763188566e-08	1.7788473360880626e-09	0.0019071131259587	-0.0004946310182625	3.637080475203965e-06	2.446598442273976e-07	0.0040841986367337	0.0005715038170726	3.2661661292855213e-07	1.6680678504297417e-05	0.0	0.0	0.0	0.0	0.0	0.0	0.0	0.0	0.0	0.0	0.0	0.0	0.0	0.0	0.0	0.0	0.0	0.0	0.0	0.0	0.0	0.0	0.0	0.0	0.0	0.0	0.0	0.0	0.0
873.2107969692158	2.346490049068848	5.506015550379124	762497.0959436131	958.7607859770455	2.244491179783949	5.037740656127945	919222.244727322	773.333710918738	3.0907478442453566	9.55272223670732	598045.0284433463	783.102914738382	676.4833600301229	1.169364	31.78075	0.3604581186843367	0.1812364969321452	0.0376549835	-0.0341861551	0.1800337391	-0.0253042355	0.0851387102	-0.1091731987	0.1758216722	0.0175139245	-0.0445240153	0.0751228445	0.0484452492	0.0058771562	0.0839126396	-0.0837804522	0.0125445653	-0.1265004383	-0.009090137	0.088082829	0.0704851612	-0.0867640364	-0.011568863	-0.0666146515	0.0263843887	-0.0609338058	0.0166522677	-0.0798238752	0.1925698117	0.0932727684	-0.0710228059	-0.0064986803	-0.0785765299	-0.0618765214	0.0781229246	0.1158034898	0.0840242098	0.0817402912	-0.0131587845	-0.0851718502	-0.046111731	-0.0077899426	0.06754204	0.0002637977	0.0869489088	0.1085941702	-0.0869931968	0.0800190591	0.0551091686	0.0395178419	0.0507575606	-0.0106723745	0.0469798651	0.0647669079	-0.0411873502	-0.0858375823	0.0309636183	0.0239152608	-0.0998925238	0.0376001714	-0.084534441	0.0418675287	-0.0467512197	-0.1343326762	-0.037560613	-0.062497822	-0.0522308829	0.129963676	0.0220660704	0.1195191438	-0.0904592269	0.0654139726	-0.0091553562	-0.1282045865	0.1255324169	-0.1211199807	0.1150284477	0.055468931497117	-0.0417549952703382	0.0017434796300259	0.0030768023614318	0.5459922539863555	0.0399000030279097	0.0015920102416272	0.298107541413101	0.6371036813336204	0.1295824974139137	0.4059011007688513	0.0167916236360269	-0.0017429702887655	-0.0015490748691104	3.0379454275192904e-06	2.399632950109712e-06	0.0026390665435289	0.0007319534175702	6.964672221173576e-06	5.357558054926956e-07	0.0033808144639709	-0.0007033841727628	4.947492944932087e-07	1.1429906439794844e-05	0.0	0.0	0.0	0.0	0.0	0.0	0.0	0.0	0.0	0.0	0.0	0.0	0.0	0.0	0.0	0.0	0.0	0.0	0.0	0.0	0.0	0.0	0.0	0.0	0.0	0.0	0.0	0.0	0.0
868.3977560522865	-4.813040916929367	23.165362868036283	754114.6627166464	956.8676102956136	-1.8931756814318987	3.584114160765134	915595.6236328384	770.8769210536931	-2.456789865044925	6.035816440987461	594251.2274132217	781.6218560651164	694.441772017222	1.008082	27.397465	0.1661409951899184	0.1209303994131817	0.1094466698	-0.0422115437	0.0622997844	-0.0167576615	0.0002140502	-0.0972713648	0.0145839843	-0.0329879491	0.0457805215	0.0572830515	0.1283763392	-0.0120678606	0.0839282997	-0.0405868773	-0.0379610782	-0.0057624141	0.0374558115	-0.0439934073	0.0804347858	-0.04637046	0.1157542474	-0.0725964033	-0.0463284301	-0.0822432997	-0.0523248023	0.0979078965	-0.0157823384	0.0319169993	0.0471663213	-0.0459606614	-0.0851496398	-0.0469283461	-0.024141331	0.006206037	0.0416159113	-0.014168128	0.0840209024	-0.0860201293	0.071691687	0.0298563442	0.1192415629	0.0425143447	0.0029162696	-0.0130083556	-0.0862330005	-0.0051284056	0.0963704089	0.0758406555	0.038501122	-0.0240689096	-0.020633387	0.0764221352	-0.037117378	0.0057147613	0.0090912535	0.0220190435	-0.0737681044	0.0717634431	0.066980419	0.0132736421	-0.0641050492	-0.087941867	0.0094396664	-0.0526011306	0.0245371046	0.0156703773	0.0003159198	-0.0608521629	-0.1159064398	0.0635519224	-0.0012488343	-0.1285578634	0.1269376627	-0.1242524367	0.1205247148	0.0557345738203451	0.0002656423232281	7.056584389002262e-08	0.0031063427189354	0.4265889904608713	-0.1194032635254842	0.0142571393405362	0.1819781667824253	0.6160359426516493	-0.021067738681971	0.3795002826387061	0.0004438496131718	-0.001487806050794	0.0002551642379714	2.2135668447792384e-06	6.510878833957624e-08	0.0026468168662066	7.750322677700042e-06	7.005639523235727e-06	6.006750160847156e-11	0.0036259869165064	0.0002451724525355	6.010953148227203e-08	1.3147781118675592e-05	0.0	0.0	0.0	0.0	0.0	0.0	0.0	0.0	0.0	0.0	0.0	0.0	0.0	0.0	0.0	0.0	0.0	0.0	0.0	0.0	0.0	0.0	0.0	0.0	0.0	0.0	0.0	0.0	0.0
868.6576173303457	0.2598612780592475	0.0675278838345855	754566.0561460333	953.5175890525182	-3.350021243095398	11.222642329190435	909195.7926325272	771.1788380501021	0.3019169964089769	0.0911538727206182	594716.8002563055	780.8108968531832	671.7689265907882	0.870405	23.655703	0.139572153541429	0.0794737990711316	0.0587093345	-0.0119413166	0.052617076	0.0220701357	0.0604475243	-0.0727476419	-0.0084185514	0.0407979798	0.0600850366	-0.076754656	-0.0372239044	0.0500116511	0.0602431016	0.0358453162	0.1051401881	-0.0374966039	-0.026187593	-0.0047119704	0.0246109034	-0.0624943757	0.0682706027	0.0108287376	0.0126602828	-0.0764251898	-0.0520932505	-0.0009011548	0.0386038917	0.0990955391	-0.028982678	0.1519471691	-0.0534872735	0.0521944393	0.1100123718	0.0210194342	-0.0238341882	0.0082274198	-0.0089678428	-0.0915987803	0.0709685494	-0.053694721	0.0850952469	0.0582018662	-0.0233085363	0.0414152384	-0.0314357678	0.0125954341	0.0512043791	0.0595263536	0.0150768659	-0.0240463808	0.0222659923	0.0667007655	-0.0545706324	-0.0034542921	0.0470071626	0.0571572547	-0.0969184534	0.016957343	-0.0037050108	0.0005250075	-0.0377171518	-0.0272921297	-0.0605625538	0.0330434497	0.0392336672	0.130984946	0.0658424343	-0.0032821385	0.0308195148	0.0151222065	0.0253080244	-0.1288230331	0.1279949812	-0.1266188352	0.124700488	0.0824234805167236	0.0266889066963785	0.0007122977406479	0.0067936301404907	0.4745335922041391	0.0479446017432678	0.0022986848363205	0.2251821301301642	0.622025303139722	0.0059893604880727	0.3869154777460631	3.5872439056087024e-05	-0.0004997147391815	0.0009880913116125	2.497148205552346e-07	9.763244400841108e-07	0.0025400839818821	-0.0001067328843244	6.4520266350140256e-06	1.139190859622708e-08	0.0037101484128436	8.416149633719977e-05	7.08315746571649e-09	1.3765201245325884e-05	0.0	0.0	0.0	0.0	0.0	0.0	0.0	0.0	0.0	0.0	0.0	0.0	0.0	0.0	0.0	0.0	0.0	0.0	0.0	0.0	0.0	0.0	0.0	0.0	0.0	0.0	0.0	0.0	0.0
871.5917680045528	2.9341506742071037	8.60924017895	759672.2100533022	956.467964331309	2.950375278790716	8.704714285699396	914830.966792078	772.4648419324305	1.2860038823284867	1.6538059853639404	596701.932021695	782.1429752031441	684.33033575926	0.7956269999999999	21.623415	0.0577189335414303	0.0332280983561677	0.0923112674	-0.0178215498	0.0876079805	-0.061739791	0.0218490292	-0.0993222289	0.0924878388	-0.0821805998	0.0755474012	-0.0621696344	0.0720416349	-0.0640748598	0.0980996981	-0.0014843512	0.0535803142	-0.0800269528	-0.0856125491	-0.0010842036	-0.0612888317	-0.0723226621	0.0911534885	0.1167684321	-0.0904199892	-0.0009775063	-0.0603929421	-0.039342091	-0.0615258649	-0.0939785051	-0.1834920131	0.1387971355	-0.0964314395	0.0040471656	0.0534025702	0.0793735409	-0.0497421707	0.0043246511	-0.0554540016	-0.0747263675	0.1119394344	0.0176401081	-0.0398988746	0.1348441332	-0.1024985286	-0.1085741941	0.0163702412	0.0486429882	-0.0867393392	0.0700826535	0.0255403848	-0.003286974	-0.0085378397	0.0828220807	-0.0446889952	0.0059120777	0.0250013915	0.0452184597	-0.0946754552	0.0568291765	-0.0198395649	-0.0063899413	-0.0644864735	-0.0189906679	-0.0725934289	-0.0102613296	0.0555889634	-0.0248168743	0.0605655579	-0.0768597739	0.1136497127	0.0019404701	0.0090745986	-0.1289999139	0.1287014744	-0.1282045865	0.1275100165	0.0845696400658511	0.0021461595491275	4.606000810311163e-06	0.0071520240208676	0.4490562974464325	-0.0254772947577066	0.000649092548171	0.2016515582762988	0.6231813434561033	0.0011560403163812	0.3883549868317538	1.3364292130989284e-06	-0.000805562841929	-0.0003058481027475	6.489314922967271e-07	9.354306195424532e-08	0.0023829709830547	-0.0001571129988274	5.678550706080683e-06	2.4684494400538653e-08	0.003825976089633	0.0001158276767893	1.3416050710429688e-08	1.463809303844342e-05	0.0	0.0	0.0	0.0	0.0	0.0	0.0	0.0	0.0	0.0	0.0	0.0	0.0	0.0	0.0	0.0	0.0	0.0	0.0	0.0	0.0	0.0	0.0	0.0	0.0	0.0	0.0	0.0	0.0
868.2305728850072	-3.3611951195456413	11.297632631657438	753824.3276922278	950.7626525561014	-5.70531177520752	32.55058245232158	903949.621495514	771.0029128016931	-1.461929130737417	2.1372367832986594	594445.4915486953	780.691653587229	679.0461489671718	0.771673	20.972374	0.0527427928775777	0.0304031604575295	0.0710137146	-0.0069995856	0.0633062744	0.0282796532	0.0436161637	-0.0827211333	0.0473544519	-0.046400627	0.0437526694	0.0138067504	0.0894147279	-0.0741725875	0.0701172629	0.0398977246	-0.0396973746	-0.031479956	-0.0046865529	-0.0089806984	0.05346061	0.0320616849	0.09413544	-0.0262585235	-0.0598945384	-0.1140088197	0.006081033	-0.0788102247	-0.051015493	0.0440599923	-0.0443060586	0.0662335827	-0.07034829	0.0373517917	-0.0377762925	0.031086063	0.0336146827	0.020607122	0.0511608189	0.0091454832	0.102309738	0.0241976067	0.074178362	0.0591766885	0.0088553233	-0.0718736257	-0.0631874949	-0.0357220621	-0.0532294263	0.0683000186	0.0017581293	-0.0313383911	-0.0269521396	0.059284843	-0.0593689807	0.0174282314	0.0098984011	-0.022470596	-0.025591404	-0.0029300006	-0.0070111261	0.0577907972	0.0215333236	-0.0553190512	0.0214481332	-0.012236452	-0.0353405842	0.0846418302	0.0777841624	0.0317602533	0.0547241486	-0.0423241986	-0.0396136943	-0.1290883846	0.1290552057	-0.1289999139	0.1289225186	0.0845387372146859	-3.090285116520708e-05	9.549862101389406e-10	0.0071467980898537	0.4215572095659183	-0.0274990878805141	0.0007561998342602	0.1777104809370035	0.616314225733845	-0.0068671177222583	0.3798432248419088	4.71573058113546e-05	-0.0006591082828506	0.0001464545590784	4.344237285222665e-07	2.1448937874848575e-08	0.0024847904012674	0.0001018194182127	6.174183338230608e-06	1.0367193925172726e-08	0.0037073363784513	-0.0001186397111816	1.4075381069277125e-08	1.3744343022988402e-05	0.0	0.0	0.0	0.0	0.0	0.0	0.0	0.0	0.0	0.0	0.0	0.0	0.0	0.0	0.0	0.0	0.0	0.0	0.0	0.0	0.0	0.0	0.0	0.0	0.0	0.0	0.0	0.0	0.0
