#!ascii label  , from subject sub-v2s16x51274_ses-1 vox2ras=TkReg
2592
33630  4.445  -37.657  67.599 0.1111110002
32739  3.967  -38.182  67.240 0.1111110002
32740  3.089  -38.759  67.304 0.2222220004
109903  2.356  -39.120  66.770 0.4444440007
111877  6.655  -34.307  68.482 0.1111110002
34570  5.363  -36.369  68.310 0.1111110002
34580  4.926  -37.035  67.993 0.1111110002
36524  6.805  -34.645  67.883 0.1111110002
35541  6.396  -35.388  67.796 0.1111110002
34579  5.477  -36.640  67.584 0.1111110002
37429  7.792  -33.556  67.012 0.2222220004
36523  7.354  -34.192  67.253 0.2222220004
35551  5.916  -36.074  67.686 0.1111110002
32749  3.798  -38.349  66.455 0.3333329856
32750  3.014  -38.791  66.211 0.4444440007
31816  1.526  -39.441  66.823 0.4444440007
31818  0.593  -39.810  66.854 0.4444440007
31819  -0.153  -39.783  66.399 0.2222220004
33639  4.515  -37.826  66.701 0.1111110002
115865  7.784  -33.940  66.448 0.2222220004
35550  6.417  -35.800  67.025 0.2222220004
37441  8.214  -33.685  65.752 0.2222220004
36533  7.344  -34.684  66.429 0.2222220004
32765  3.524  -38.360  65.689 0.4444440007
37454  8.974  -33.125  64.224 0.2222220004
111292  1.901  -38.558  65.693 0.4444440007
32752  1.221  -39.130  66.347 0.4444440007
32753  0.160  -39.140  66.407 0.3333329856
31825  -0.699  -39.650  65.721 0.3333329856
124585  -0.805  -39.695  63.980 0.2222220004
33629  5.176  -37.184  67.001 0.1111110002
33650  4.288  -37.933  65.653 0.4444440007
35571  7.303  -35.108  65.626 0.2222220004
35572  6.787  -35.801  65.487 0.2222220004
34588  5.683  -36.969  65.975 0.2222220004
33666  4.328  -37.682  64.520 0.4444440007
38490  9.535  -33.052  62.709 0.2222220004
37471  9.039  -33.372  63.224 0.2222220004
37456  8.159  -34.078  65.038 0.2222220004
35580  7.193  -35.457  64.800 0.3333329856
35581  6.633  -36.046  64.654 0.3333329856
34610  5.392  -36.914  64.043 0.3333329856
32780  3.040  -37.995  64.734 0.5555559993
33652  2.390  -37.989  65.031 0.5555559993
123656  9.602  -32.980  61.830 0.2222220004
36555  8.080  -34.383  64.256 0.2222220004
35592  7.131  -35.205  63.298 0.3333329856
33668  2.773  -37.450  64.389 0.5555559993
33669  1.539  -37.770  65.500 0.4444440007
33653  0.698  -37.750  66.132 0.4444440007
122647  -0.242  -38.081  66.407 0.4444440007
123371  10.625  -32.131  61.301 0.2222220004
32768  -1.089  -38.717  65.800 0.4444440007
30861  0.307  -40.597  63.323 0.1111110002
33649  5.035  -37.470  65.264 0.4444440007
118284  6.947  -35.685  63.993 0.3333329856
118349  6.406  -36.147  63.945 0.3333329856
34611  4.691  -37.177  63.875 0.5555559993
111249  3.301  -37.218  63.921 0.5555559993
37472  8.426  -33.950  62.804 0.3333329856
36585  7.834  -34.325  62.430 0.2222220004
35594  5.328  -35.864  62.894 0.5555559993
116920  4.555  -36.074  63.098 0.5555559993
34613  2.259  -36.780  64.546 0.6666669846
37490  8.217  -33.926  61.930 0.3333329856
36600  7.310  -34.239  61.755 0.3333329856
36587  6.544  -34.759  62.093 0.5555559993
36588  5.701  -34.600  61.994 0.6666669846
35584  1.958  -36.264  64.935 0.6666669846
38517  10.455  -32.072  60.628 0.3333329856
38518  8.668  -32.544  60.149 0.4444440007
34614  1.685  -36.878  65.149 0.7777780294
34602  0.201  -37.103  66.535 0.5555559993
31844  -0.557  -39.457  63.189 0.1111110002
39516  10.807  -31.460  59.400 0.6666669846
38529  10.181  -31.881  59.815 0.3333329856
32769  -1.306  -38.379  65.208 0.2222220004
32790  -0.873  -38.328  63.396 0.2222220004
34624  4.255  -36.661  63.431 0.5555559993
34625  3.494  -36.636  63.620 0.5555559993
35595  4.524  -35.312  62.790 0.5555559993
36568  3.793  -34.892  63.162 0.5555559993
35582  2.977  -35.930  63.765 0.5555559993
37514  7.535  -33.210  60.720 0.5555559993
37502  7.019  -33.655  61.055 0.6666669846
36602  5.802  -33.885  61.629 0.6666669846
36589  4.868  -34.593  62.373 0.5555559993
121672  3.395  -34.401  63.672 0.7777780294
35583  2.389  -36.056  64.378 0.7777780294
35573  2.019  -35.519  65.195 0.6666669846
35564  -0.040  -36.345  66.992 0.5555559993
38519  7.722  -32.620  60.230 0.5555559993
37515  6.973  -32.995  60.603 0.7777780294
38507  5.843  -32.599  61.336 0.8888890147
116509  1.432  -36.211  65.581 0.6666669846
34590  -0.502  -36.874  66.699 0.5555559993
119607  -1.314  -38.057  65.875 0.4444440007
39539  11.440  -31.170  58.933 0.6666669846
38530  9.165  -31.919  59.504 0.7777780294
39519  7.767  -31.456  59.464 0.7777780294
105862  -1.080  -38.987  64.292 0.2222220004
109494  4.925  -33.102  62.279 0.7777780294
115130  4.495  -32.909  62.868 0.8888890147
39497  7.172  -31.564  59.975 0.8888890147
39476  6.067  -31.868  61.132 0.8888890147
39457  5.233  -31.599  62.386 0.8888890147
112269  9.205  -31.319  58.914 0.6666669846
39542  8.903  -30.787  58.613 0.7777780294
40572  7.351  -30.826  59.651 0.8888890147
40556  5.760  -31.229  61.736 0.8888890147
39477  5.599  -31.963  61.661 0.8888890147
40597  12.186  -30.857  58.414 0.6666669846
39540  10.555  -31.031  58.705 0.6666669846
39541  9.702  -30.880  58.556 0.7777780294
41545  6.559  -30.176  60.948 0.8888890147
40573  6.790  -30.932  60.329 0.8888890147
40555  6.263  -31.040  61.035 0.8888890147
40537  6.013  -30.224  61.797 0.8888890147
40538  5.507  -30.665  62.530 0.7777780294
40601  8.714  -30.067  58.434 0.7777780294
40596  13.092  -30.805  58.077 0.7777780294
40617  10.842  -29.988  57.683 0.7777780294
40600  9.487  -30.161  58.141 0.7777780294
39556  14.571  -30.988  57.818 0.7777780294
39557  13.785  -30.692  57.620 0.7777780294
124037  12.496  -30.401  57.731 0.7777780294
41537  6.441  -29.492  61.524 0.8888890147
41555  8.133  -29.626  58.924 0.8888890147
125388  7.327  -29.339  60.150 0.8888890147
42545  6.989  -28.205  61.184 0.7777780294
112477  6.092  -29.238  62.169 0.6666669846
41580  10.453  -29.249  57.439 0.7777780294
42594  9.264  -28.647  58.013 0.8888890147
40594  17.575  -30.493  58.342 0.5555559993
112085  16.917  -30.860  57.844 0.5555559993
40612  16.165  -30.852  57.377 0.7777780294
40614  14.397  -30.554  57.157 0.7777780294
41592  13.785  -29.606  56.557 0.7777780294
41578  12.388  -29.754  57.148 0.7777780294
125890  16.958  -30.691  57.161 0.6666669846
114755  15.768  -30.497  56.657 0.7777780294
111447  14.938  -30.326  56.679 0.7777780294
41591  14.679  -29.730  56.268 0.7777780294
43660  21.368  -26.682  59.525 0.3333329856
43676  21.899  -27.170  58.901 0.4444440007
42595  8.794  -28.387  58.592 0.8888890147
42560  8.129  -27.971  59.961 0.8888890147
41568  18.365  -29.677  58.586 0.4444440007
41554  18.391  -29.529  59.407 0.3333329856
41579  11.378  -29.305  57.147 0.7777780294
42613  10.030  -28.484  57.560 0.8888890147
43686  9.262  -27.782  58.465 0.8888890147
43651  8.771  -26.907  59.933 0.8888890147
126816  18.047  -30.137  58.438 0.4444440007
41593  12.905  -29.195  56.618 0.8888890147
40610  18.186  -30.026  57.853 0.6666669846
40611  17.564  -30.473  57.452 0.6666669846
40626  17.405  -30.385  56.675 0.7777780294
40636  16.230  -30.194  55.991 0.7777780294
126155  15.177  -29.672  55.910 0.7777780294
40625  18.093  -30.083  56.956 0.7777780294
40635  17.094  -30.221  55.950 0.7777780294
41605  16.637  -29.782  55.333 0.7777780294
44850  20.631  -26.480  59.397 0.3333329856
44828  20.337  -26.478  60.490 0.2222220004
44829  19.892  -26.743  60.083 0.3333329856
44841  20.197  -26.492  59.704 0.3333329856
43694  22.018  -27.554  57.320 0.4444440007
107225  21.466  -27.138  58.085 0.4444440007
43662  19.249  -27.872  59.359 0.3333329856
43680  19.302  -27.670  58.548 0.4444440007
44833  9.065  -25.913  60.425 0.7777780294
44834  8.404  -26.439  60.704 0.7777780294
43636  7.780  -26.877  61.092 0.6666669846
108640  21.689  -27.464  56.521 0.5555559993
42593  18.833  -28.722  58.821 0.5555559993
108641  18.947  -28.336  58.050 0.3333329856
42612  10.829  -28.343  57.197 0.8888890147
43703  10.435  -27.613  57.660 0.8888890147
108936  9.448  -27.070  59.141 0.7777780294
43711  22.148  -27.808  55.784 0.5555559993
41576  18.660  -29.198  57.972 0.6666669846
42611  18.842  -28.610  57.225 0.6666669846
42629  13.195  -28.431  56.458 0.8888890147
42630  12.422  -28.391  56.714 0.8888890147
43702  11.414  -27.482  57.386 0.8888890147
121737  18.475  -29.522  57.297 0.7777780294
41588  18.439  -29.411  56.547 0.6666669846
41606  15.686  -29.634  55.509 0.7777780294
42649  14.634  -28.511  55.586 0.8888890147
41608  14.253  -29.126  56.091 0.7777780294
41589  17.886  -29.979  56.141 0.7777780294
41604  17.517  -29.681  55.406 0.7777780294
41618  17.072  -29.306  54.705 0.7777780294
42672  15.334  -28.915  55.043 0.7777780294
44851  20.123  -26.585  58.874 0.3333329856
44842  19.830  -26.804  59.358 0.4444440007
43695  20.918  -27.001  57.180 0.4444440007
107115  20.429  -26.732  58.071 0.5555559993
43678  19.857  -26.879  58.133 0.5555559993
43679  19.692  -26.987  58.696 0.4444440007
43666  11.096  -25.879  59.026 0.7777780294
123968  20.973  -27.103  56.380 0.5555559993
43696  19.975  -26.820  57.365 0.5555559993
43697  19.608  -27.235  57.520 0.5555559993
43683  11.920  -26.742  58.073 0.8888890147
43667  10.257  -26.462  59.013 0.7777780294
43712  21.436  -27.380  55.936 0.5555559993
106372  19.785  -27.126  55.935 0.5555559993
43714  19.650  -27.242  56.718 0.5555559993
43715  19.258  -27.728  56.881 0.5555559993
43717  13.672  -27.698  56.543 0.8888890147
43701  12.368  -27.261  57.383 0.8888890147
42668  22.910  -28.231  54.357 0.5555559993
43742  21.605  -27.496  54.394 0.6666669846
43728  21.531  -27.456  55.273 0.6666669846
44884  20.025  -26.930  54.576 0.6666669846
43730  19.477  -27.301  55.372 0.7777780294
125457  18.782  -27.865  54.871 0.7777780294
42628  18.783  -28.511  56.211 0.7777780294
43732  14.667  -27.596  55.483 0.8888890147
43718  12.795  -27.733  56.807 0.8888890147
42692  23.158  -28.258  53.521 0.6666669846
43765  21.705  -27.504  53.469 0.6666669846
43744  19.104  -27.353  54.787 0.7777780294
120882  18.200  -28.369  54.483 0.7777780294
42670  17.420  -28.670  54.261 0.7777780294
43746  16.262  -28.030  53.912 0.7777780294
42673  15.078  -28.063  54.816 0.7777780294
125520  27.501  -27.400  51.528 0.5555559993
109392  26.883  -27.672  51.402 0.5555559993
43832  25.683  -27.575  50.415 0.7777780294
42722  25.323  -28.255  51.755 0.6666669846
42723  24.250  -28.306  51.876 0.6666669846
43808  22.842  -27.735  51.563 0.6666669846
112444  22.453  -27.705  52.275 0.6666669846
43788  21.845  -27.473  52.572 0.6666669846
43789  21.110  -27.082  52.972 0.7777780294
43807  24.539  -27.995  51.054 0.7777780294
43835  23.055  -27.510  50.543 0.6666669846
44931  22.245  -27.240  50.777 0.7777780294
43664  12.711  -25.466  59.567 0.8888890147
112071  12.319  -25.919  58.696 0.8888890147
116228  11.631  -26.174  58.649 0.7777780294
43700  13.245  -27.063  57.335 0.8888890147
43682  12.776  -26.501  58.082 0.8888890147
44873  19.581  -27.135  54.893 0.6666669846
44885  19.381  -26.964  54.304 0.7777780294
43716  14.384  -27.261  56.322 0.8888890147
44946  28.169  -26.341  50.847 0.5555559993
116604  20.356  -26.720  53.278 0.6666669846
44894  19.832  -26.736  53.823 0.7777780294
44896  18.414  -26.728  53.175 0.7777780294
43767  18.078  -27.389  53.495 0.7777780294
43769  16.628  -27.621  53.560 0.7777780294
121129  15.520  -26.941  54.066 0.8888890147
44888  15.064  -27.046  54.767 0.8888890147
44947  27.608  -26.752  50.747 0.5555559993
44948  27.031  -26.823  50.235 0.8888890147
43859  26.140  -27.099  49.869 0.8888890147
43833  24.816  -27.657  50.291 0.8888890147
43809  22.027  -27.386  51.700 0.6666669846
121081  20.833  -26.407  51.567 0.7777780294
44933  20.040  -26.074  52.005 0.8888890147
45947  19.254  -25.786  52.212 0.8888890147
116941  16.409  -26.204  53.085 0.8888890147
44899  15.891  -26.440  53.583 0.8888890147
43860  25.224  -27.243  49.613 0.8888890147
43861  24.278  -27.273  49.562 0.8888890147
43834  23.920  -27.648  50.344 0.8888890147
44950  21.833  -26.508  50.278 0.8888890147
45961  21.099  -26.059  50.671 0.8888890147
45962  20.361  -25.695  51.161 0.8888890147
43862  23.404  -27.184  49.735 0.8888890147
44949  22.563  -26.944  49.939 0.8888890147
44852  13.453  -25.239  59.000 0.8888890147
44860  14.096  -25.935  57.760 0.8888890147
43681  13.485  -26.024  58.117 0.8888890147
45922  15.063  -25.789  55.702 0.8888890147
44866  14.477  -26.432  56.858 0.8888890147
124984  28.490  -25.845  50.610 0.6666669846
44912  18.812  -26.191  52.790 0.8888890147
45940  15.691  -25.598  53.893 0.8888890147
45932  15.330  -25.432  54.817 0.8888890147
45979  28.831  -25.209  50.424 0.8888890147
45980  28.098  -25.822  50.082 0.8888890147
44970  27.356  -26.211  49.666 0.8888890147
44972  25.688  -26.689  49.081 0.8888890147
46972  19.840  -24.942  50.973 0.8888890147
45948  18.420  -25.616  52.143 0.8888890147
116415  16.989  -25.383  52.512 0.7777780294
45939  16.102  -25.785  53.334 0.7777780294
46002  27.681  -25.530  49.201 0.8888890147
46024  27.260  -25.233  48.550 0.8888890147
44998  26.090  -26.075  48.601 0.8888890147
44999  24.856  -25.889  48.477 0.8888890147
47007  22.692  -25.178  49.501 0.7777780294
45981  22.356  -25.980  49.652 0.7777780294
45982  21.574  -25.577  50.114 0.8888890147
45983  20.718  -25.034  50.421 0.8888890147
45000  24.172  -26.136  48.696 0.8888890147
45001  23.571  -26.183  48.948 0.7777780294
44975  23.096  -26.509  49.365 0.8888890147
45900  14.060  -24.914  58.605 0.7777780294
120078  13.690  -24.558  59.695 0.4444440007
120651  14.259  -25.388  58.124 0.8888890147
110800  13.853  -25.321  58.509 0.7777780294
46914  15.115  -24.631  56.643 0.7777780294
45916  14.601  -25.659  57.336 0.8888890147
46970  29.931  -23.874  52.060 0.4444440007
45959  29.382  -25.183  51.339 0.5555559993
45915  14.999  -25.380  56.537 0.8888890147
46971  29.622  -24.340  51.506 0.5555559993
46941  16.122  -24.223  53.844 0.7777780294
112131  15.560  -24.478  55.027 0.7777780294
121250  29.076  -23.597  50.245 0.7777780294
46001  28.369  -24.998  49.506 0.8888890147
46974  18.597  -24.314  51.300 0.8888890147
46975  17.919  -24.158  51.632 0.7777780294
47937  17.491  -23.730  52.156 0.7777780294
120511  16.466  -24.335  53.269 0.7777780294
46953  16.167  -25.022  53.433 0.7777780294
47003  28.362  -24.135  49.151 0.8888890147
48007  27.016  -23.709  47.884 0.8888890147
47035  25.812  -24.029  47.839 0.8888890147
46026  25.071  -25.095  48.344 0.7777780294
47023  24.096  -25.076  48.751 0.7777780294
47006  23.511  -25.001  49.091 0.7777780294
46990  21.456  -24.704  50.035 0.7777780294
113815  20.872  -24.034  50.191 0.7777780294
46991  20.078  -24.198  50.498 0.7777780294
47964  19.560  -23.519  50.667 0.8888890147
46028  23.779  -25.608  48.801 0.8888890147
46004  23.116  -25.742  49.150 0.7777780294
46889  14.575  -24.005  58.292 0.5555559993
46890  14.318  -24.561  58.494 0.4444440007
47931  30.973  -22.827  53.040 0.2222220004
47932  30.416  -23.346  52.727 0.3333329856
46902  14.865  -24.433  57.644 0.5555559993
45908  14.575  -25.086  58.008 0.6666669846
48908  30.693  -22.671  52.298 0.2222220004
116790  30.071  -23.007  51.940 0.5555559993
47943  29.671  -23.514  51.391 0.5555559993
48857  15.748  -23.159  56.158 0.4444440007
106186  15.449  -24.090  55.892 0.6666669846
47956  29.835  -22.716  51.215 0.6666669846
47957  29.399  -23.173  50.739 0.6666669846
47908  16.228  -23.529  54.337 0.6666669846
47890  15.885  -23.571  55.178 0.7777780294
47974  29.126  -22.805  50.126 0.7777780294
48974  28.765  -22.471  49.511 0.8888890147
48935  18.456  -22.813  51.719 0.7777780294
48915  17.817  -23.042  52.238 0.7777780294
125379  17.371  -23.310  52.660 0.6666669846
109966  16.555  -23.680  53.569 0.6666669846
48991  27.581  -22.786  48.262 0.8888890147
49011  26.726  -22.836  47.748 0.8888890147
49012  25.957  -22.752  47.722 0.8888890147
47992  25.305  -23.208  48.275 0.7777780294
47993  24.843  -23.940  48.620 0.7777780294
46987  23.931  -24.380  49.595 0.7777780294
47960  23.775  -24.134  50.385 0.7777780294
47961  22.900  -24.027  50.356 0.7777780294
123880  21.559  -23.939  50.155 0.7777780294
47962  21.250  -23.120  50.310 0.7777780294
48837  21.977  -22.384  57.096 0.3333329856
49786  20.761  -21.086  56.732 0.2222220004
50699  20.011  -20.489  57.067 0.1111110002
50700  18.150  -20.206  57.100 0.1111110002
50701  17.232  -20.516  57.704 0.1111110002
49775  16.131  -21.467  58.205 0.2222220004
46913  23.357  -25.044  55.793 0.1111110002
47888  22.013  -23.579  55.860 0.3333329856
48846  21.609  -22.300  56.407 0.3333329856
49797  21.031  -21.713  56.073 0.2222220004
49798  20.302  -21.091  55.946 0.2222220004
49800  18.225  -20.885  55.631 0.2222220004
49801  17.420  -21.135  56.149 0.1111110002
49802  16.660  -21.811  56.450 0.2222220004
48838  15.755  -22.382  57.415 0.2222220004
47862  15.059  -23.564  57.727 0.3333329856
48906  32.315  -22.535  52.518 0.2222220004
48907  31.417  -22.524  52.453 0.2222220004
46924  23.496  -25.184  54.718 0.1111110002
118500  22.829  -24.622  55.143 0.2222220004
119141  21.446  -22.714  55.078 0.3333329856
49809  21.003  -22.027  55.293 0.2222220004
49810  20.409  -21.526  55.382 0.2222220004
49799  19.263  -20.693  55.863 0.2222220004
48847  16.035  -22.405  56.742 0.3333329856
105256  15.518  -22.992  57.127 0.3333329856
116760  32.965  -22.401  51.856 0.3333329856
48929  31.212  -22.309  51.747 0.4444440007
48930  30.473  -22.465  51.542 0.4444440007
47918  26.788  -23.762  53.427 0.1111110002
46951  24.385  -25.138  53.234 0.2222220004
47921  22.985  -24.327  53.572 0.2222220004
48891  22.040  -22.975  53.702 0.3333329856
49837  21.097  -22.107  53.876 0.2222220004
117127  19.822  -21.661  54.035 0.2222220004
49824  18.470  -21.530  54.564 0.2222220004
113901  17.680  -21.758  54.905 0.2222220004
48856  17.071  -22.005  55.521 0.3333329856
124662  16.071  -22.982  55.532 0.4444440007
125918  31.681  -22.160  51.334 0.4444440007
48951  31.236  -22.082  50.981 0.5555559993
48953  29.655  -22.378  50.506 0.6666669846
113193  26.439  -20.179  52.148 0.5555559993
49851  26.472  -21.755  52.412 0.4444440007
47933  25.701  -23.943  52.366 0.4444440007
47920  25.094  -24.752  52.698 0.4444440007
113395  23.334  -24.090  52.762 0.4444440007
48911  22.242  -22.686  52.834 0.5555559993
49853  21.053  -21.919  52.938 0.4444440007
49839  19.637  -21.840  53.199 0.4444440007
49840  18.794  -22.054  52.953 0.3333329856
49825  17.750  -21.947  54.097 0.5555559993
48874  16.778  -22.986  54.068 0.5555559993
47889  16.451  -22.790  55.000 0.6666669846
48971  31.010  -21.769  50.194 0.6666669846
51576  25.690  -19.952  50.720 0.7777780294
50753  26.144  -20.973  51.858 0.6666669846
48931  25.462  -22.587  51.439 0.6666669846
47944  25.265  -23.655  51.794 0.5555559993
47936  23.183  -23.590  51.905 0.6666669846
48932  22.334  -22.710  51.786 0.6666669846
49866  20.890  -21.877  51.963 0.5555559993
49867  20.150  -21.945  51.808 0.5555559993
48913  18.872  -22.259  51.979 0.4444440007
48893  17.997  -22.243  53.280 0.4444440007
48894  17.366  -22.528  53.664 0.5555559993
49892  30.822  -21.484  49.368 0.7777780294
49893  29.880  -21.412  49.332 0.7777780294
48989  29.043  -21.591  49.213 0.8888890147
49913  27.904  -21.697  48.204 0.8888890147
119879  26.709  -21.387  47.608 0.8888890147
121244  25.377  -20.606  48.330 0.7777780294
49895  24.851  -21.978  49.039 0.7777780294
48954  24.995  -22.730  50.615 0.7777780294
47958  24.868  -23.483  51.089 0.6666669846
47946  23.620  -23.970  51.160 0.6666669846
123222  22.348  -23.387  50.620 0.7777780294
48957  21.205  -22.403  50.727 0.7777780294
48934  20.556  -22.086  51.106 0.5555559993
117332  29.038  -20.835  47.983 0.8888890147
49932  27.441  -21.177  47.663 0.8888890147
48905  33.226  -22.634  52.579 0.1111110002
111615  33.812  -22.526  51.880 0.3333329856
126135  32.773  -22.237  51.257 0.4444440007
122046  31.794  -21.865  50.319 0.5555559993
48970  32.567  -21.908  50.073 0.5555559993
49891  31.866  -21.638  49.453 0.5555559993
51575  26.197  -19.310  50.815 0.7777780294
49910  30.589  -21.167  48.542 0.7777780294
50775  25.784  -20.387  47.858 0.7777780294
51592  25.927  -19.149  48.846 0.7777780294
49911  29.606  -21.013  48.503 0.8888890147
49931  28.283  -20.940  47.837 0.8888890147
50783  27.167  -19.776  47.161 0.8888890147
52584  26.735  -18.813  47.734 0.7777780294
48904  34.144  -22.789  52.665 0.2222220004
112389  34.682  -22.548  51.948 0.4444440007
48927  33.462  -22.336  51.218 0.4444440007
51563  27.320  -18.788  52.157 0.3333329856
48926  34.284  -22.358  51.115 0.4444440007
120229  33.733  -22.227  50.638 0.4444440007
52516  27.736  -18.386  51.474 0.5555559993
111091  27.420  -18.338  50.600 0.6666669846
53448  27.720  -17.916  49.232 0.5555559993
49890  32.895  -21.675  49.241 0.6666669846
52548  27.081  -18.240  48.875 0.6666669846
53462  27.876  -17.767  48.083 0.6666669846
49908  32.377  -21.454  48.517 0.6666669846
49909  31.497  -21.355  48.522 0.6666669846
125488  30.862  -20.866  47.254 0.8888890147
49953  29.628  -20.495  46.738 0.8888890147
50781  28.862  -20.482  47.171 0.8888890147
50797  27.497  -19.102  46.805 0.7777780294
124152  28.127  -17.964  46.906 1.0000000000
49951  31.246  -20.854  46.806 0.8888890147
50794  29.951  -20.413  45.996 1.0000000000
50819  28.842  -19.625  45.931 1.0000000000
117170  28.957  -18.244  53.814 0.2222220004
48902  36.138  -22.530  52.783 0.2222220004
52502  29.151  -18.131  52.447 0.3333329856
109093  35.553  -22.495  51.993 0.2222220004
112676  28.541  -18.299  53.119 0.3333329856
48925  35.113  -22.307  51.270 0.3333329856
113731  27.698  -18.661  53.017 0.3333329856
52503  28.161  -18.343  52.340 0.3333329856
120347  28.975  -18.081  50.917 0.4444440007
48948  34.274  -22.085  50.330 0.4444440007
53429  27.987  -18.014  49.977 0.5555559993
49889  33.784  -21.607  49.097 0.5555559993
114995  28.030  -17.713  48.744 0.6666669846
53461  28.600  -17.633  48.456 0.6666669846
53494  28.645  -17.955  46.532 0.8888890147
52599  29.145  -18.091  45.933 1.0000000000
49907  33.215  -21.426  48.410 0.7777780294
126680  31.652  -21.004  47.249 0.8888890147
51625  29.023  -19.094  45.610 1.0000000000
52610  29.507  -18.605  45.495 1.0000000000
114589  32.614  -21.107  47.312 1.0000000000
49974  31.601  -20.773  46.133 1.0000000000
50793  30.822  -20.603  45.803 1.0000000000
50818  29.535  -19.835  45.501 1.0000000000
52472  31.235  -18.499  54.655 0.1111110002
108336  29.842  -18.255  55.289 0.2222220004
52473  30.381  -18.232  54.570 0.2222220004
52474  29.425  -18.232  54.513 0.2222220004
111247  29.963  -18.182  53.739 0.2222220004
52513  30.387  -18.261  51.207 0.4444440007
52514  29.471  -18.121  51.531 0.4444440007
52547  29.736  -17.988  49.625 0.6666669846
113029  36.211  -22.294  51.914 0.2222220004
106689  29.694  -18.113  50.564 0.4444440007
123666  29.902  -17.898  49.071 0.6666669846
48947  35.442  -21.977  50.689 0.3333329856
48946  36.042  -21.824  50.778 0.3333329856
124366  29.148  -17.822  49.515 0.6666669846
53460  29.335  -17.652  48.062 0.6666669846
53459  30.029  -17.951  48.534 0.6666669846
48924  35.836  -22.158  51.310 0.2222220004
53446  29.351  -17.722  48.965 0.6666669846
53476  29.318  -17.720  47.137 0.7777780294
53492  30.075  -17.924  46.740 0.8888890147
49877  34.994  -21.789  49.981 0.5555559993
48968  34.260  -21.784  49.677 0.6666669846
53477  28.475  -17.720  47.474 0.6666669846
53509  29.896  -18.060  45.863 1.0000000000
112608  34.698  -21.466  49.017 0.8888890147
52609  30.339  -18.548  45.223 1.0000000000
49906  34.057  -21.322  48.300 0.8888890147
49926  33.450  -21.153  47.463 1.0000000000
123881  29.643  -19.179  45.190 1.0000000000
51636  30.139  -18.993  44.873 1.0000000000
109209  32.732  -21.295  47.871 0.7777780294
49949  32.841  -20.937  46.679 1.0000000000
49973  32.272  -20.792  45.992 1.0000000000
51624  30.140  -19.668  44.900 1.0000000000
51635  30.801  -19.474  44.504 1.0000000000
108878  31.593  -18.700  54.098 0.1111110002
105185  30.963  -18.381  53.934 0.2222220004
52487  31.584  -18.756  53.361 0.1111110002
105106  30.762  -18.313  53.193 0.2222220004
52500  31.312  -18.582  52.550 0.3333329856
125320  30.624  -18.272  52.547 0.3333329856
52546  30.449  -18.153  49.130 0.6666669846
53475  30.115  -17.981  47.677 0.6666669846
49874  37.165  -21.282  50.902 0.2222220004
52581  30.963  -18.342  47.224 0.6666669846
52598  30.913  -18.276  46.414 1.0000000000
49875  36.523  -21.496  50.455 0.3333329856
49887  36.377  -21.267  49.635 0.6666669846
49904  36.178  -21.027  48.778 0.7777780294
49888  35.589  -21.398  49.339 0.7777780294
49905  35.393  -21.150  48.494 0.8888890147
49923  35.948  -20.897  47.901 1.0000000000
123467  30.860  -18.318  45.739 1.0000000000
126014  34.751  -21.182  48.220 1.0000000000
49924  35.156  -20.999  47.691 1.0000000000
49947  34.813  -20.984  46.854 1.0000000000
52608  31.453  -18.295  45.279 1.0000000000
49948  34.138  -21.033  46.979 1.0000000000
49972  33.077  -20.802  45.862 1.0000000000
50816  32.491  -20.679  45.147 1.0000000000
50837  31.930  -20.398  44.548 1.0000000000
52618  31.486  -19.186  44.139 1.0000000000
52619  30.925  -18.855  44.653 1.0000000000
51554  32.156  -19.048  53.934 0.1111110002
52486  32.354  -19.215  53.136 0.2222220004
52499  32.567  -19.304  52.268 0.2222220004
106148  33.231  -19.456  50.421 0.1111110002
119537  31.883  -19.064  52.617 0.3333329856
105147  31.843  -19.018  51.734 0.2222220004
52525  32.663  -19.329  49.786 0.2222220004
113299  30.964  -18.413  51.859 0.3333329856
52512  31.325  -18.598  50.937 0.4444440007
105930  32.206  -19.123  50.719 0.2222220004
52527  30.693  -18.274  50.100 0.6666669846
52545  31.369  -18.591  49.149 0.5555559993
52562  32.126  -18.960  48.104 0.5555559993
52564  30.991  -18.416  48.205 0.6666669846
49886  37.103  -21.083  50.004 0.3333329856
52580  31.719  -18.331  46.755 0.7777780294
49903  36.950  -20.845  49.131 0.5555559993
52597  31.625  -18.249  46.097 1.0000000000
50780  35.626  -20.772  47.076 0.6666669846
52579  32.302  -18.157  46.298 1.0000000000
50791  35.363  -20.593  46.122 0.8888890147
50814  34.658  -20.608  45.389 1.0000000000
113258  34.042  -20.655  44.915 1.0000000000
50835  33.657  -20.466  44.261 1.0000000000
52596  32.166  -17.831  45.804 1.0000000000
49971  33.950  -20.821  45.757 1.0000000000
50815  33.340  -20.700  45.005 1.0000000000
50836  32.813  -20.479  44.337 1.0000000000
50853  32.368  -20.089  43.958 1.0000000000
51649  32.057  -19.545  43.873 1.0000000000
117080  31.821  -18.470  44.473 1.0000000000
52607  32.192  -17.716  45.087 1.0000000000
53508  32.190  -17.013  45.685 1.0000000000
52617  32.654  -17.854  44.250 1.0000000000
52543  33.220  -19.392  48.894 0.3333329856
52544  32.318  -19.170  49.002 0.4444440007
52563  31.906  -18.552  47.391 0.5555559993
50773  37.524  -20.370  48.698 0.5555559993
53474  32.628  -18.088  46.693 0.8888890147
50768  37.652  -20.567  49.550 0.4444440007
53491  32.349  -17.152  46.374 0.8888890147
50774  36.819  -20.606  48.156 0.5555559993
50778  37.095  -20.119  47.410 0.5555559993
50790  36.711  -20.026  46.641 0.6666669846
126091  36.093  -20.402  46.571 0.6666669846
50834  34.558  -20.295  44.375 0.8888890147
50851  34.007  -20.084  43.699 1.0000000000
124688  33.619  -19.689  43.524 1.0000000000
51648  32.884  -19.472  43.610 1.0000000000
53524  32.412  -17.052  44.847 1.0000000000
53445  33.202  -19.127  48.071 0.4444440007
53457  33.939  -18.227  47.780 0.4444440007
53458  33.013  -18.513  47.292 0.4444440007
54407  32.946  -17.163  47.246 0.4444440007
54419  32.599  -16.655  46.909 0.8888890147
108656  37.437  -20.151  48.020 0.5555559993
54429  32.225  -16.168  46.241 1.0000000000
52577  38.096  -18.276  47.568 0.2222220004
52578  37.689  -18.758  47.254 0.3333329856
52594  37.328  -18.365  46.497 0.3333329856
50789  37.215  -19.393  46.927 0.3333329856
51614  36.804  -19.194  46.188 0.4444440007
123938  36.481  -19.083  45.507 0.6666669846
50812  36.225  -19.977  45.783 0.7777780294
50813  35.406  -20.196  45.059 0.7777780294
53507  37.670  -17.430  45.570 0.3333329856
111273  37.304  -17.806  45.899 0.3333329856
52595  36.873  -18.360  45.739 0.3333329856
51633  35.938  -19.407  44.935 0.7777780294
51645  34.998  -19.160  43.687 1.0000000000
51646  34.638  -19.812  43.758 1.0000000000
116612  33.722  -19.016  43.430 1.0000000000
52629  33.129  -18.487  43.679 1.0000000000
54439  31.969  -16.249  45.260 0.8888890147
52606  37.000  -17.701  45.301 0.3333329856
52616  35.697  -18.775  44.252 0.8888890147
52628  33.873  -18.034  43.594 1.0000000000
107829  33.293  -17.496  43.719 1.0000000000
53540  32.688  -16.933  43.998 1.0000000000
54445  32.088  -16.305  44.368 1.0000000000
55429  31.905  -15.424  45.625 0.8888890147
53522  37.503  -17.368  44.761 0.3333329856
53523  36.732  -17.536  44.516 0.5555559993
52625  36.030  -17.845  44.223 1.0000000000
52626  35.349  -18.169  43.803 1.0000000000
52627  34.558  -18.454  43.555 1.0000000000
119804  33.912  -17.156  43.279 1.0000000000
55438  31.918  -15.634  43.930 1.0000000000
120388  31.792  -15.421  44.662 0.8888890147
56479  31.828  -14.714  45.189 0.8888890147
53535  37.187  -17.309  43.830 0.7777780294
53536  36.391  -17.346  43.741 1.0000000000
111050  35.759  -17.546  43.689 0.8888890147
53551  34.659  -16.982  42.948 1.0000000000
54463  33.962  -16.450  42.513 1.0000000000
109684  33.233  -16.014  42.480 1.0000000000
54464  32.654  -15.742  42.869 1.0000000000
56501  32.176  -14.503  43.333 1.0000000000
111348  36.792  -17.198  42.861 0.8888890147
106217  35.945  -17.168  43.117 1.0000000000
54462  34.889  -16.562  42.232 1.0000000000
55455  32.485  -14.921  42.699 1.0000000000
54406  33.443  -17.046  47.732 0.4444440007
53505  39.582  -17.197  46.213 0.2222220004
107280  38.701  -17.237  46.301 0.2222220004
53473  38.475  -17.737  47.528 0.2222220004
52593  37.925  -17.923  47.039 0.2222220004
108045  39.015  -17.267  45.609 0.3333329856
53489  38.504  -17.446  46.918 0.2222220004
53490  37.886  -17.535  46.317 0.2222220004
53520  40.025  -17.424  45.389 0.2222220004
106470  39.398  -17.552  44.500 0.3333329856
53506  38.275  -17.270  45.809 0.3333329856
53534  39.311  -17.703  43.455 0.3333329856
53521  38.325  -17.323  45.094 0.3333329856
118844  31.953  -14.105  44.031 0.8888890147
56489  31.946  -13.979  44.823 0.8888890147
107288  38.302  -17.459  43.927 0.4444440007
112462  38.738  -17.638  42.787 0.6666669846
116295  37.707  -17.422  42.924 0.7777780294
54461  35.544  -16.665  42.002 1.0000000000
111622  35.252  -16.325  41.467 1.0000000000
54475  34.477  -16.078  41.656 1.0000000000
54476  33.668  -15.737  41.883 1.0000000000
56511  32.986  -14.479  42.181 1.0000000000
57517  32.658  -14.097  42.751 1.0000000000
53548  37.475  -17.268  42.249 1.0000000000
121073  37.024  -17.032  41.920 1.0000000000
54474  35.982  -16.576  41.418 1.0000000000
55463  34.255  -15.319  41.177 1.0000000000
56521  33.481  -14.869  41.635 1.0000000000
55409  33.065  -15.328  47.784 0.5555559993
55410  32.653  -15.730  47.001 0.7777780294
55419  32.221  -15.208  46.414 0.8888890147
106471  40.636  -17.760  44.364 0.2222220004
56469  32.371  -14.435  46.398 0.7777780294
56478  32.132  -14.148  45.650 0.8888890147
53533  40.190  -17.818  43.533 0.3333329856
57491  32.539  -13.355  44.347 0.8888890147
111962  39.778  -17.757  42.561 0.4444440007
57515  33.565  -13.208  42.196 1.0000000000
125631  33.111  -13.779  42.311 1.0000000000
57502  33.095  -13.035  43.571 1.0000000000
53546  39.041  -17.564  41.866 0.6666669846
53547  38.184  -17.460  42.071 0.6666669846
113425  37.764  -17.196  41.588 0.8888890147
53561  36.626  -16.780  41.477 1.0000000000
55462  34.983  -15.855  40.965 1.0000000000
56531  34.558  -14.670  40.745 1.0000000000
57531  33.450  -13.936  41.721 1.0000000000
53560  37.289  -16.885  41.161 1.0000000000
54473  36.641  -16.460  40.739 1.0000000000
55474  35.480  -15.530  40.431 1.0000000000
55475  34.873  -15.247  40.676 1.0000000000
56460  33.285  -14.358  47.862 0.5555559993
56461  32.664  -14.819  47.123 0.7777780294
53504  40.597  -17.292  46.047 0.1111110002
56468  32.873  -14.009  46.992 0.6666669846
53503  41.675  -17.385  45.956 0.1111110002
105623  41.171  -17.637  45.138 0.2222220004
57471  32.637  -13.704  46.198 0.7777780294
57490  33.106  -12.799  45.062 0.7777780294
57481  32.497  -13.448  45.344 0.7777780294
58591  33.658  -12.781  42.912 0.7777780294
58567  33.850  -12.550  43.770 0.7777780294
125921  33.296  -12.786  44.290 0.6666669846
57530  34.201  -13.305  41.422 1.0000000000
57516  33.068  -13.375  42.837 1.0000000000
53558  39.329  -17.369  41.210 0.5555559993
53559  38.537  -17.307  41.365 0.7777780294
56530  35.220  -14.627  40.332 1.0000000000
56520  34.018  -14.318  41.144 1.0000000000
53571  38.066  -17.015  40.931 0.8888890147
54486  37.604  -16.593  40.482 0.8888890147
55473  36.243  -15.836  40.200 1.0000000000
57458  33.795  -13.610  48.100 0.4444440007
57463  33.487  -13.503  47.439 0.5555559993
58520  34.361  -12.402  46.888 0.3333329856
57470  33.229  -13.291  46.709 0.3333329856
58521  33.696  -12.712  46.442 0.3333329856
57480  33.089  -13.009  45.944 0.6666669846
53532  41.840  -17.868  44.133 0.1111110002
58544  33.732  -12.493  45.689 0.3333329856
123126  41.113  -17.881  43.556 0.2222220004
58566  34.753  -12.258  44.053 0.4444440007
113017  35.078  -12.013  44.959 0.3333329856
58543  34.496  -12.104  45.627 0.3333329856
111223  40.833  -17.829  42.771 0.3333329856
108220  35.107  -12.293  42.525 0.7777780294
58590  34.479  -12.403  43.135 0.5555559993
53545  40.490  -17.627  41.868 0.3333329856
115612  39.759  -17.555  41.672 0.3333329856
57544  34.632  -13.903  40.728 1.0000000000
57529  34.902  -13.212  40.877 0.8888890147
53570  38.840  -17.090  40.751 0.8888890147
109026  38.350  -16.745  40.405 0.8888890147
55472  37.139  -16.046  39.998 1.0000000000
55486  36.704  -15.377  39.679 1.0000000000
55487  35.929  -15.126  39.895 1.0000000000
57543  35.359  -13.648  40.331 1.0000000000
109309  42.782  -17.483  44.926 0.1111110002
53519  42.158  -17.701  45.019 0.1111110002
58518  36.332  -11.687  46.062 0.2222220004
58542  35.386  -11.793  45.923 0.3333329856
112103  34.173  -12.299  46.209 0.3333329856
53518  42.535  -17.634  44.376 0.1111110002
58541  36.119  -11.851  45.176 0.3333329856
58589  35.393  -12.208  43.441 0.4444440007
53569  39.653  -17.123  40.675 0.5555559993
58606  35.661  -12.116  42.087 0.6666669846
58605  35.985  -12.121  42.899 0.5555559993
54485  39.083  -16.654  40.128 0.7777780294
54496  38.149  -16.257  39.824 0.8888890147
58634  35.591  -12.828  40.700 0.7777780294
55484  38.478  -15.631  39.297 0.8888890147
55485  37.606  -15.460  39.386 0.8888890147
56539  37.007  -14.784  39.258 1.0000000000
57542  36.195  -13.345  39.892 1.0000000000
119955  36.475  -11.987  44.449 0.4444440007
58588  36.291  -12.069  43.734 0.4444440007
32751  2.170  -38.977  66.137 0.4444440007
36534  6.879  -35.029  67.131 0.2222220004
34578  5.856  -36.488  66.918 0.2222220004
32766  2.829  -38.422  65.439 0.4444440007
32754  -0.581  -38.952  66.153 0.4444440007
111452  4.993  -37.511  66.134 0.3333329856
36544  7.762  -34.386  65.715 0.2222220004
34587  6.365  -36.210  66.189 0.2222220004
35562  6.860  -35.433  66.320 0.2222220004
110106  8.618  -33.417  65.074 0.2222220004
33651  3.590  -38.089  64.964 0.5555559993
37455  8.485  -33.783  64.469 0.2222220004
107449  8.506  -33.878  63.714 0.2222220004
38453  9.137  -32.638  65.167 0.2222220004
32767  0.934  -38.484  66.124 0.4444440007
30838  -0.134  -40.441  66.117 0.2222220004
120070  -1.127  -39.132  65.188 0.2222220004
31834  -0.797  -39.860  64.691 0.2222220004
30862  -0.321  -40.248  63.766 0.2222220004
30851  -0.252  -40.569  64.606 0.2222220004
36556  7.699  -34.778  64.928 0.2222220004
34599  6.243  -36.468  65.282 0.2222220004
34600  5.611  -36.997  64.901 0.3333329856
33667  3.508  -37.709  64.293 0.5555559993
112434  7.547  -35.074  64.090 0.3333329856
34609  6.046  -36.542  64.388 0.3333329856
34622  5.792  -36.369  63.594 0.4444440007
122492  5.038  -37.319  64.477 0.5555559993
121206  2.111  -37.372  64.860 0.5555559993
37489  8.952  -33.487  62.318 0.2222220004
36566  7.857  -34.555  63.296 0.3333329856
36586  7.236  -34.755  62.565 0.3333329856
34601  1.035  -37.003  65.923 0.5555559993
37500  8.693  -33.389  61.446 0.3333329856
116820  9.157  -32.882  60.887 0.4444440007
122815  9.615  -32.361  60.306 0.3333329856
38504  10.004  -32.519  61.118 0.3333329856
107679  10.375  -32.376  61.868 0.2222220004
107508  -0.099  -40.169  62.698 0.1111110002
33681  3.950  -37.320  63.801 0.5555559993
35593  6.353  -35.756  63.213 0.4444440007
34623  5.028  -36.592  63.418 0.5555559993
34612  2.812  -36.694  63.995 0.5555559993
35607  6.637  -35.189  62.678 0.5555559993
35608  5.954  -35.317  62.426 0.4444440007
35609  5.262  -35.193  62.419 0.5555559993
37501  7.836  -33.635  61.205 0.4444440007
36601  6.413  -34.130  61.533 0.6666669846
37491  5.179  -33.895  62.038 0.7777780294
33640  -0.897  -37.223  66.457 0.5555559993
38531  8.171  -32.045  59.620 0.5555559993
38505  8.267  -33.097  60.722 0.5555559993
32800  -0.474  -38.709  62.374 0.1111110002
39517  9.927  -31.451  59.103 0.5555559993
39515  11.677  -31.453  59.712 0.5555559993
33671  -1.392  -37.533  65.409 0.5555559993
33670  -1.224  -37.740  64.367 0.2222220004
35596  3.789  -35.838  63.257 0.5555559993
36567  4.259  -34.531  62.799 0.6666669846
118317  3.215  -35.121  63.685 0.6666669846
36557  2.631  -35.252  64.373 0.7777780294
37503  6.290  -33.336  61.184 0.7777780294
37504  5.519  -33.256  61.660 0.7777780294
37492  4.449  -33.741  62.661 0.7777780294
116595  3.829  -34.033  63.270 0.7777780294
38520  7.065  -32.278  60.264 0.7777780294
38506  6.487  -32.520  60.796 0.8888890147
39498  6.618  -31.723  60.542 0.8888890147
33655  -1.246  -37.412  66.133 0.5555559993
33654  -1.010  -38.099  66.181 0.5555559993
40598  11.183  -30.627  58.266 0.6666669846
39518  8.501  -31.407  59.101 0.7777780294
38491  5.274  -32.481  61.942 0.8888890147
37457  4.040  -33.082  63.513 0.7777780294
38476  4.432  -32.321  63.362 0.8888890147
40587  8.081  -30.658  58.980 0.7777780294
40616  11.740  -30.198  57.700 0.6666669846
40599  10.294  -30.431  58.152 0.7777780294
42546  6.571  -28.751  61.701 0.7777780294
41536  6.910  -29.209  60.904 0.7777780294
112857  7.040  -30.100  60.194 0.8888890147
41569  9.158  -29.539  58.099 0.8888890147
41556  7.570  -29.956  59.519 0.8888890147
40615  13.097  -30.287  57.393 0.7777780294
40618  10.139  -29.857  57.793 0.7777780294
40613  15.207  -30.759  57.280 0.7777780294
41577  13.162  -29.825  56.903 0.7777780294
113593  13.717  -30.232  56.985 0.7777780294
42577  7.760  -28.986  59.656 0.8888890147
42576  8.291  -28.629  59.074 0.8888890147
42561  7.450  -28.554  60.454 0.8888890147
42531  6.753  -27.967  61.946 0.6666669846
43637  7.243  -27.424  61.521 0.7777780294
41581  9.738  -29.358  57.787 0.7777780294
41570  8.679  -29.200  58.430 0.8888890147
40628  14.278  -30.117  56.702 0.7777780294
41594  12.100  -29.016  56.822 0.7777780294
40627  16.622  -30.513  56.603 0.6666669846
41590  15.416  -30.047  56.156 0.7777780294
43677  20.962  -26.709  58.802 0.3333329856
43669  8.732  -27.756  59.164 0.8888890147
43652  8.104  -27.156  60.464 0.8888890147
43653  7.576  -27.669  60.761 0.8888890147
42631  11.656  -28.325  56.937 0.8888890147
43704  9.744  -27.874  57.892 0.8888890147
43685  9.972  -27.236  58.343 0.8888890147
118739  13.578  -29.026  56.311 0.8888890147
41607  14.945  -29.276  55.703 0.7777780294
41619  16.179  -29.217  54.779 0.7777780294
116822  19.568  -27.255  59.138 0.3333329856
123221  19.548  -27.246  58.132 0.5555559993
43668  9.625  -26.145  59.711 0.7777780294
44807  7.630  -26.678  61.892 0.6666669846
43698  19.257  -27.710  57.729 0.5555559993
43684  10.939  -26.806  58.275 0.8888890147
121364  22.849  -28.216  55.892 0.5555559993
43719  12.092  -27.778  56.973 0.8888890147
43733  14.281  -27.942  55.995 0.8888890147
42650  13.943  -28.488  56.176 0.8888890147
42648  17.906  -29.082  54.875 0.7777780294
41603  18.264  -29.295  55.676 0.7777780294
42671  16.620  -28.702  54.240 0.7777780294
112162  15.804  -28.465  54.434 0.7777780294
43650  10.546  -25.617  59.684 0.5555559993
43713  20.228  -26.927  56.560 0.5555559993
43727  22.345  -27.913  54.893 0.5555559993
106222  20.671  -27.083  55.750 0.6666669846
43729  20.010  -27.041  55.269 0.6666669846
43731  19.207  -27.638  55.794 0.7777780294
43699  13.937  -26.803  57.182 0.8888890147
43741  22.367  -27.905  53.935 0.5555559993
43766  20.771  -27.063  53.938 0.6666669846
43743  20.772  -27.116  54.884 0.6666669846
43745  18.509  -27.703  54.163 0.7777780294
42647  18.569  -28.486  55.269 0.7777780294
43764  22.439  -27.837  53.041 0.6666669846
43787  23.048  -28.037  52.518 0.6666669846
44886  18.810  -27.090  53.903 0.7777780294
42669  17.748  -28.047  53.841 0.7777780294
42693  16.984  -28.188  53.755 0.7777780294
43747  15.571  -27.645  54.228 0.7777780294
43830  27.261  -27.200  50.972 0.7777780294
43831  26.528  -27.418  50.670 0.7777780294
43806  26.048  -27.896  51.189 0.6666669846
120735  25.285  -27.923  50.926 0.8888890147
42724  23.665  -27.903  51.226 0.7777780294
43786  23.515  -28.130  51.984 0.6666669846
44909  21.328  -27.014  52.050 0.6666669846
44910  20.587  -26.592  52.484 0.7777780294
44932  21.528  -26.838  51.107 0.7777780294
107875  13.000  -25.639  58.828 0.8888890147
43663  13.268  -25.256  59.704 0.7777780294
43665  11.926  -25.615  59.298 0.5555559993
44895  19.154  -26.612  53.560 0.8888890147
44875  14.813  -26.647  55.792 0.8888890147
120923  27.662  -26.409  50.328 0.7777780294
44911  19.673  -26.370  52.925 0.7777780294
43768  17.265  -27.550  53.414 0.7777780294
44897  17.527  -26.858  53.007 0.8888890147
43770  16.052  -27.285  53.705 0.7777780294
44898  16.636  -26.903  53.215 0.8888890147
44887  15.343  -26.267  54.319 0.8888890147
44874  15.042  -26.225  55.028 0.8888890147
44971  26.557  -26.507  49.357 0.8888890147
124028  19.680  -25.516  51.592 0.8888890147
44913  17.909  -26.201  52.577 0.8888890147
45950  16.523  -25.602  52.896 0.7777780294
44914  17.004  -26.132  52.676 0.8888890147
126958  25.360  -26.202  48.577 0.8888890147
44973  24.736  -26.662  48.878 0.8888890147
44843  13.422  -25.137  59.667 0.7777780294
45895  13.712  -24.837  59.228 0.7777780294
124225  14.827  -26.001  56.465 0.8888890147
45907  14.855  -25.079  57.267 0.8888890147
46942  15.778  -24.798  54.224 0.7777780294
46925  15.243  -24.961  55.736 0.7777780294
46003  26.934  -25.868  48.863 0.8888890147
45963  19.008  -25.049  51.541 0.8888890147
45964  18.062  -24.908  51.732 0.8888890147
45949  17.579  -25.499  52.260 0.7777780294
46962  17.318  -24.675  52.180 0.7777780294
46963  16.670  -24.842  52.771 0.7777780294
47004  27.839  -24.771  48.750 0.8888890147
47021  27.161  -24.561  48.182 0.8888890147
46025  26.465  -25.244  48.237 0.8888890147
118103  25.573  -25.556  48.335 0.8888890147
46027  24.425  -25.455  48.583 0.7777780294
46005  22.011  -25.189  49.780 0.7777780294
111705  13.862  -24.527  59.124 0.6666669846
46985  29.311  -24.231  50.757 0.6666669846
47909  15.886  -24.111  54.485 0.7777780294
46986  28.824  -24.293  49.925 0.8888890147
47975  28.722  -23.412  49.671 0.7777780294
47991  27.735  -23.887  48.468 0.8888890147
46973  19.291  -24.297  50.892 0.7777780294
106852  18.940  -23.710  50.948 0.7777780294
47949  18.457  -23.546  51.350 0.7777780294
48936  17.976  -23.412  51.781 0.7777780294
47938  16.948  -23.948  52.811 0.7777780294
47923  17.072  -23.175  53.257 0.5555559993
47990  28.256  -23.144  48.984 0.7777780294
47034  26.391  -24.320  47.873 0.8888890147
46046  25.734  -24.728  48.067 0.8888890147
48008  26.230  -23.535  47.720 0.8888890147
118273  25.328  -24.166  48.198 0.7777780294
47005  24.224  -24.518  48.908 0.7777780294
46988  23.147  -24.557  49.686 0.7777780294
46989  22.218  -24.475  49.912 0.7777780294
47963  20.362  -23.333  50.399 0.7777780294
47874  15.264  -23.799  56.837 0.3333329856
48952  30.321  -22.152  50.793 0.6666669846
48990  28.321  -22.099  48.864 0.8888890147
47948  19.060  -22.931  51.090 0.6666669846
126292  18.979  -22.547  51.522 0.6666669846
48914  18.232  -22.493  52.469 0.6666669846
108270  17.610  -22.757  52.893 0.5555559993
113848  27.125  -22.005  47.825 0.8888890147
115850  26.332  -22.017  47.675 0.8888890147
114236  25.714  -21.977  47.834 0.7777780294
48992  25.249  -22.144  48.285 0.7777780294
49013  25.568  -22.682  47.980 0.7777780294
48976  24.791  -22.844  49.668 0.7777780294
48993  24.887  -22.972  48.763 0.7777780294
47022  24.655  -24.739  48.557 0.7777780294
47959  24.305  -23.850  50.403 0.7777780294
48955  24.673  -23.380  50.282 0.7777780294
47976  24.505  -23.764  49.387 0.7777780294
48956  21.942  -22.791  50.775 0.7777780294
109625  22.034  -23.538  50.280 0.7777780294
125954  20.653  -22.640  50.587 0.6666669846
48958  19.913  -22.698  50.764 0.5555559993
112419  19.558  -22.294  51.445 0.5555559993
116361  21.921  -23.086  56.579 0.3333329856
47861  22.373  -23.169  57.418 0.2222220004
49785  21.505  -21.704  56.864 0.2222220004
49773  21.987  -21.710  57.555 0.2222220004
49774  21.415  -21.147  57.450 0.1111110002
50711  19.147  -20.342  56.628 0.1111110002
111449  19.117  -20.013  57.521 0.1111110002
50689  16.625  -20.784  58.454 0.1111110002
50702  16.612  -21.095  57.735 0.1111110002
49789  16.237  -21.729  57.353 0.1111110002
47887  22.535  -24.288  55.831 0.1111110002
113525  22.232  -23.930  55.004 0.3333329856
46912  24.441  -25.563  56.116 0.1111110002
47873  22.360  -23.816  56.622 0.2222220004
48854  21.643  -22.922  55.829 0.3333329856
48871  21.841  -23.244  54.546 0.3333329856
48855  21.360  -22.349  55.738 0.3333329856
49811  19.784  -21.070  55.395 0.2222220004
49787  19.987  -20.675  56.393 0.2222220004
50712  18.223  -20.533  56.305 0.1111110002
49788  16.913  -21.114  57.018 0.1111110002
109007  16.348  -22.517  55.907 0.3333329856
113576  15.323  -22.799  57.873 0.2222220004
48928  32.084  -22.294  51.715 0.3333329856
46940  23.572  -25.022  53.834 0.2222220004
46939  24.671  -25.452  54.151 0.1111110002
47906  22.834  -24.521  54.377 0.2222220004
47907  22.363  -23.746  54.068 0.3333329856
121447  21.173  -22.257  54.623 0.2222220004
48872  21.559  -22.596  54.188 0.3333329856
49822  20.498  -21.810  54.573 0.2222220004
49823  19.569  -21.418  54.778 0.2222220004
122373  18.168  -21.313  55.145 0.2222220004
117528  17.686  -21.382  55.458 0.2222220004
47919  26.094  -24.358  52.890 0.3333329856
122829  23.630  -24.727  53.209 0.2222220004
47922  22.616  -23.456  53.256 0.3333329856
48892  21.668  -22.321  53.323 0.3333329856
49838  20.405  -21.835  53.535 0.4444440007
112424  19.079  -21.686  53.907 0.2222220004
111698  18.378  -21.882  53.753 0.3333329856
48873  17.155  -22.323  54.549 0.2222220004
48973  29.403  -21.992  49.843 0.7777780294
48972  30.122  -21.760  50.075 0.6666669846
51569  26.084  -20.066  51.432 0.4444440007
50759  25.486  -20.751  51.003 0.5555559993
49852  25.974  -21.916  51.855 0.7777780294
48890  26.478  -23.339  52.771 0.3333329856
48909  26.653  -22.458  52.751 0.4444440007
48910  26.109  -22.830  52.139 0.5555559993
47935  23.936  -24.247  52.072 0.5555559993
46952  24.138  -24.702  52.679 0.2222220004
47934  24.721  -24.328  52.215 0.5555559993
123973  22.770  -23.214  52.525 0.5555559993
48912  21.676  -22.135  52.339 0.5555559993
49854  20.276  -21.868  52.592 0.4444440007
49855  19.513  -21.993  52.270 0.5555559993
50769  25.171  -20.404  49.035 0.7777780294
116953  25.663  -19.603  50.188 0.7777780294
51564  26.662  -19.429  51.908 0.7777780294
50763  25.235  -20.287  50.057 0.7777780294
49878  25.204  -21.716  50.859 0.7777780294
47945  24.353  -24.025  51.407 0.6666669846
47947  22.753  -23.367  51.065 0.6666669846
48933  21.486  -22.137  51.344 0.6666669846
49912  28.686  -21.290  48.518 0.8888890147
49933  26.073  -21.089  47.644 0.8888890147
50784  26.419  -20.084  47.522 0.7777780294
49914  25.104  -21.210  48.605 0.7777780294
51584  25.509  -19.676  49.408 0.7777780294
51593  25.557  -19.898  48.482 0.7777780294
49894  24.945  -21.083  49.497 0.7777780294
48975  24.921  -21.883  50.012 0.7777780294
117823  25.075  -21.082  50.321 0.7777780294
108737  26.843  -20.590  47.470 0.8888890147
50782  27.816  -20.322  47.223 0.8888890147
48949  33.058  -22.146  50.656 0.5555559993
52517  26.923  -18.747  51.238 0.5555559993
52531  26.653  -18.681  50.284 0.7777780294
52566  26.530  -18.702  48.399 0.7777780294
51604  26.151  -19.438  47.900 0.7777780294
51583  25.996  -19.094  49.831 0.7777780294
52549  26.510  -18.641  49.328 0.6666669846
49929  30.424  -20.878  47.748 0.8888890147
49930  29.677  -20.717  47.539 0.8888890147
51603  26.832  -19.286  47.341 0.7777780294
52565  27.187  -18.229  47.993 0.6666669846
48969  33.517  -21.944  49.951 0.5555559993
52515  28.619  -18.157  51.635 0.4444440007
52529  28.247  -18.134  50.792 0.5555559993
52530  27.202  -18.269  49.736 0.5555559993
123855  27.561  -17.930  48.588 0.6666669846
52583  27.295  -18.632  47.262 0.6666669846
53478  27.739  -18.048  47.314 0.6666669846
49927  32.023  -21.211  47.695 0.8888890147
49952  30.394  -20.694  46.834 1.0000000000
50795  29.206  -20.165  46.266 1.0000000000
50796  28.427  -19.895  46.524 0.8888890147
125397  27.820  -19.573  46.766 0.8888890147
51615  28.255  -19.106  46.201 1.0000000000
52600  28.721  -18.498  45.976 1.0000000000
52488  29.305  -18.183  53.215 0.3333329856
52501  30.087  -18.183  52.117 0.4444440007
109393  34.825  -22.136  50.668 0.5555559993
52528  28.895  -17.976  50.105 0.4444440007
50838  30.930  -20.250  44.807 1.0000000000
124215  30.244  -20.222  45.320 1.0000000000
51546  31.947  -18.876  54.660 0.1111110002
110689  29.969  -18.193  52.898 0.2222220004
49876  35.839  -21.647  50.137 0.3333329856
50817  31.645  -20.623  45.357 1.0000000000
49925  34.410  -21.105  47.581 1.0000000000
50792  34.603  -20.822  46.135 0.8888890147
50854  31.529  -19.914  44.193 1.0000000000
52511  32.821  -19.346  51.351 0.1111110002
52526  31.724  -18.799  50.006 0.4444440007
50779  36.407  -20.496  47.283 0.6666669846
50852  33.202  -20.145  43.766 1.0000000000
52630  32.271  -18.851  43.859 1.0000000000
51634  35.254  -19.698  44.220 1.0000000000
52615  36.383  -18.340  44.953 0.5555559993
53537  35.156  -17.479  43.370 1.0000000000
53539  33.181  -16.574  43.215 1.0000000000
54453  32.342  -16.116  43.579 1.0000000000
53538  34.461  -17.585  43.395 1.0000000000
55446  32.134  -15.325  43.343 1.0000000000
55447  31.848  -14.919  43.933 1.0000000000
56490  31.808  -14.617  44.508 0.8888890147
53549  36.185  -16.911  42.214 1.0000000000
53550  35.419  -16.904  42.690 1.0000000000
55454  33.009  -15.328  42.224 1.0000000000
57503  32.498  -13.701  43.438 0.8888890147
54487  35.727  -16.168  40.795 1.0000000000
58607  34.269  -12.649  42.228 1.0000000000
107990  34.012  -12.361  44.763 0.4444440007
112388  41.868  -17.765  43.039 0.3333329856
58565  35.698  -12.062  44.301 0.4444440007
122146  35.039  -12.575  41.535 0.8888890147
57558  35.885  -14.282  39.804 1.0000000000
124006  35.864  -11.676  46.605 0.2222220004
118906  36.841  -11.793  45.598 0.2222220004
53544  41.388  -17.589  42.081 0.3333329856
54495  38.913  -16.113  39.598 0.8888890147
56540  36.391  -14.751  39.553 1.0000000000
58620  35.967  -12.160  41.398 0.7777780294
34589  0.685  -36.295  66.405 0.3333329856
113120  1.278  -35.464  66.180 0.5555559993
34581  -0.574  -36.146  66.977 0.2222220004
35554  -0.911  -35.499  67.134 0.2222220004
35553  -0.260  -35.616  67.222 0.2222220004
36546  2.397  -34.543  65.212 0.6666669846
36547  1.889  -34.890  65.866 0.3333329856
36545  2.962  -34.431  64.331 0.6666669846
37458  3.398  -33.609  64.163 0.6666669846
35552  0.274  -34.989  67.318 0.2222220004
36536  1.437  -34.656  66.547 0.3333329856
37442  2.887  -33.772  65.076 0.6666669846
36525  0.909  -34.425  67.280 0.2222220004
36535  2.027  -34.237  66.137 0.3333329856
38466  3.731  -32.669  64.447 0.6666669846
38454  3.253  -32.985  65.159 0.6666669846
38492  4.823  -32.327  62.661 0.7777780294
39429  4.423  -31.696  63.961 0.6666669846
106874  3.548  -32.131  65.297 0.6666669846
38465  4.127  -32.329  63.979 0.6666669846
39417  4.023  -31.894  64.610 0.5555559993
39442  4.786  -31.620  63.225 0.6666669846
39416  4.278  -31.140  64.614 0.4444440007
39441  5.117  -30.984  63.093 0.4444440007
40520  4.757  -30.845  63.881 0.5555559993
125019  4.066  -30.682  65.207 0.3333329856
40500  4.423  -30.338  64.685 0.5555559993
40499  4.867  -29.883  64.108 0.4444440007
41527  5.655  -29.764  62.751 0.4444440007
41494  4.436  -29.114  65.297 0.3333329856
41503  5.007  -29.038  64.435 0.2222220004
41504  4.536  -29.640  64.786 0.3333329856
42519  5.519  -28.595  63.734 0.3333329856
42532  6.249  -28.444  62.376 0.4444440007
41526  5.726  -28.895  62.919 0.4444440007
126362  6.180  -26.826  64.414 0.2222220004
122077  5.799  -27.301  64.416 0.2222220004
43608  6.338  -27.045  63.815 0.2222220004
126053  6.217  -27.540  63.205 0.3333329856
43607  6.747  -27.078  63.011 0.2222220004
43622  6.469  -27.730  62.601 0.3333329856
108375  8.228  -26.174  61.431 0.5555559993
106616  7.554  -25.870  64.281 0.1111110002
44789  7.131  -26.477  63.638 0.2222220004
45880  9.174  -25.220  62.423 0.1111110002
44806  8.246  -25.854  62.342 0.1111110002
126483  8.752  -25.845  61.056 0.4444440007
125680  27.191  -28.055  52.647 0.2222220004
43805  26.491  -28.142  52.083 0.5555559993
44804  10.214  -24.658  61.868 0.2222220004
115104  9.494  -25.289  61.174 0.3333329856
44820  10.547  -24.693  61.124 0.3333329856
43761  28.389  -27.753  53.497 0.3333329856
107198  27.897  -27.740  52.698 0.2222220004
43784  28.050  -27.332  51.962 0.4444440007
43785  27.359  -27.763  52.035 0.2222220004
43649  11.494  -25.356  59.877 0.4444440007
44831  10.993  -24.953  60.431 0.3333329856
47836  23.995  -23.603  59.188 0.1111110002
48815  23.636  -23.020  59.005 0.1111110002
47847  23.498  -23.612  58.610 0.1111110002
47848  22.933  -23.491  58.069 0.1111110002
47860  22.838  -24.102  57.351 0.1111110002
44819  11.576  -24.540  61.246 0.2222220004
43635  11.986  -24.892  60.715 0.3333329856
43804  27.881  -26.955  51.292 0.4444440007
44802  12.522  -24.499  62.147 0.2222220004
44817  13.030  -24.639  61.803 0.3333329856
43634  12.646  -24.742  61.007 0.3333329856
121011  13.032  -25.114  60.512 0.3333329856
43648  12.372  -25.267  60.237 0.4444440007
45890  13.591  -24.761  59.989 0.3333329856
51515  28.041  -19.097  56.103 0.1111110002
51532  27.511  -19.447  55.596 0.2222220004
50720  27.121  -20.258  55.551 0.1111110002
50721  27.061  -21.039  54.809 0.2222220004
51531  28.099  -18.860  55.239 0.2222220004
122740  27.246  -19.688  55.020 0.2222220004
126814  27.548  -19.252  54.947 0.2222220004
50734  27.027  -20.169  54.528 0.2222220004
52475  28.518  -18.475  54.498 0.2222220004
52476  27.755  -18.884  54.433 0.2222220004
52490  27.363  -19.038  53.697 0.2222220004
51555  27.075  -19.265  52.847 0.2222220004
52489  28.094  -18.526  53.778 0.2222220004
49821  27.259  -22.004  54.135 0.3333329856
49836  26.938  -21.743  53.188 0.3333329856
50735  26.999  -20.904  53.819 0.3333329856
51548  26.922  -19.864  53.553 0.2222220004
112725  26.695  -19.832  52.675 0.2222220004
115231  36.564  -14.127  39.349 0.8888890147
57580  37.649  -13.527  38.667 0.7777780294
106690  37.512  -12.643  39.011 0.7777780294
57557  36.989  -13.444  39.198 0.7777780294
58670  38.181  -12.943  38.352 0.7777780294
115450  34.493  -17.783  48.486 0.3333329856
54392  34.018  -16.838  48.437 0.3333329856
54418  33.077  -16.260  47.494 0.4444440007
59592  38.261  -11.102  40.021 0.7777780294
109051  37.329  -12.082  39.734 0.6666669846
58648  36.886  -12.656  39.765 0.6666669846
60467  39.125  -10.054  39.001 0.6666669846
60468  38.667  -10.560  39.521 0.6666669846
61417  40.364  -9.406  38.029 0.7777780294
59604  38.261  -11.273  38.952 0.7777780294
61416  41.061  -9.207  37.637 0.7777780294
56452  33.526  -15.060  48.560 0.4444440007
60450  40.991  -9.757  41.059 0.3333329856
60451  40.339  -9.975  40.977 0.4444440007
125877  39.245  -10.702  41.183 0.4444440007
59593  37.713  -11.512  40.320 0.7777780294
58632  37.075  -11.910  40.500 0.5555559993
58633  36.372  -12.348  40.557 0.7777780294
62312  41.811  -8.649  40.356 0.4444440007
61395  40.990  -8.742  40.028 0.5555559993
109089  39.193  -9.958  39.925 0.5555559993
59591  38.854  -10.530  40.499 0.6666669846
62319  40.790  -8.544  39.201 0.5555559993
61406  40.221  -9.091  38.834 0.6666669846
62331  42.060  -8.264  37.402 0.7777780294
62325  40.830  -8.722  38.393 0.7777780294
62339  43.350  -8.247  36.380 0.7777780294
55387  33.993  -15.771  49.079 0.3333329856
60426  43.086  -10.478  42.524 0.1111110002
58619  36.928  -11.768  41.506 0.4444440007
60439  42.442  -10.240  41.953 0.2222220004
60440  40.959  -10.390  41.497 0.3333329856
59580  40.282  -11.291  42.051 0.2222220004
59581  39.492  -11.198  41.790 0.3333329856
58618  37.914  -11.513  41.929 0.3333329856
119123  36.447  -11.890  42.281 0.5555559993
62299  47.050  -8.577  41.396 0.1111110002
62300  46.300  -8.683  41.418 0.1111110002
61381  44.574  -8.508  41.137 0.3333329856
61382  43.653  -8.570  41.070 0.5555559993
61374  42.607  -9.524  41.440 0.3333329856
60441  40.119  -10.756  41.486 0.4444440007
59582  38.451  -11.120  41.188 0.5555559993
59583  37.583  -11.499  41.127 0.5555559993
62308  46.581  -8.097  40.963 0.1111110002
116804  44.660  -7.913  40.568 0.2222220004
62316  43.305  -7.699  40.028 0.4444440007
62317  42.428  -8.007  39.996 0.5555559993
63174  46.974  -7.610  40.472 0.1111110002
63181  44.275  -6.914  39.380 0.3333329856
63183  42.734  -7.493  39.430 0.6666669846
63184  41.997  -7.579  39.071 0.6666669846
63195  43.515  -6.884  37.555 0.7777780294
63191  42.709  -7.222  38.698 0.7777780294
126121  42.910  -8.010  36.785 0.7777780294
63196  42.590  -7.814  37.292 0.7777780294
57457  34.328  -13.262  48.561 0.2222220004
60427  42.309  -10.945  42.476 0.1111110002
58604  37.386  -11.728  42.562 0.3333329856
107740  41.663  -10.702  41.940 0.2222220004
59579  40.930  -11.131  41.947 0.2222220004
59568  39.861  -11.489  42.507 0.2222220004
57462  34.177  -12.879  47.728 0.2222220004
113388  41.434  -11.634  43.102 0.1111110002
58587  37.815  -11.811  43.426 0.2222220004
109664  36.881  -11.956  43.189 0.3333329856
60428  41.549  -11.303  42.500 0.1111110002
58602  39.321  -11.671  43.038 0.2222220004
58603  38.367  -11.667  42.816 0.2222220004
59567  40.764  -11.528  42.678 0.1111110002
112769  37.235  -11.961  44.093 0.3333329856
58600  40.988  -11.786  43.526 0.1111110002
58601  40.187  -11.677  43.275 0.1111110002
58563  37.871  -11.873  44.795 0.3333329856
114559  38.190  -11.859  44.130 0.2222220004
58585  39.661  -11.732  43.772 0.2222220004
58586  38.779  -11.774  43.668 0.2222220004
58564  37.019  -11.882  44.945 0.2222220004
115611  39.282  -11.815  44.301 0.1111110002
40519  5.215  -30.223  63.340 0.6666669846
44832  9.991  -25.359  60.369 0.6666669846
42703  25.790  -28.439  52.722 0.4444440007
44930  28.644  -26.635  51.688 0.4444440007
46878  13.831  -24.075  59.764 0.3333329856
50745  26.710  -20.712  52.790 0.2222220004
58504  33.755  -12.929  47.067 0.2222220004
35563  0.479  -35.650  66.924 0.3333329856
34592  -1.232  -36.593  66.427 0.4444440007
43621  7.020  -27.232  62.260 0.4444440007
105180  7.428  -26.524  62.726 0.2222220004
44830  13.322  -25.052  60.261 0.5555559993
48828  22.690  -22.633  58.107 0.1111110002
34591  -0.915  -36.354  66.790 0.4444440007
115573  0.936  -35.074  66.935 0.2222220004
37443  2.456  -33.847  65.734 0.4444440007
42518  5.859  -28.113  63.019 0.4444440007
41517  5.351  -29.398  63.572 0.4444440007
42505  5.793  -27.786  63.759 0.2222220004
42506  5.307  -28.090  64.530 0.3333329856
44818  12.366  -24.556  61.500 0.2222220004
51547  27.249  -19.452  54.372 0.2222220004
58669  38.114  -12.075  38.537 0.7777780294
55398  33.572  -15.988  48.200 0.4444440007
59605  37.769  -11.751  39.347 0.7777780294
61386  39.912  -9.633  40.222 0.5555559993
61397  39.694  -9.535  39.356 0.5555559993
118066  40.756  -9.935  37.487 0.7777780294
125407  41.354  -9.758  37.243 0.7777780294
62332  41.451  -8.402  37.875 0.7777780294
61385  40.637  -9.389  40.469 0.4444440007
61375  41.710  -9.848  41.411 0.3333329856
60452  39.566  -10.200  40.750 0.4444440007
62318  41.500  -8.188  39.544 0.6666669846
61396  40.334  -9.118  39.676 0.5555559993
61384  41.370  -9.281  40.695 0.3333329856
62324  41.371  -8.063  38.714 0.7777780294
62341  41.798  -9.103  37.110 0.7777780294
63192  42.058  -7.642  38.145 0.7777780294
62340  42.593  -8.594  36.758 0.7777780294
60438  43.233  -9.831  41.965 0.2222220004
59569  38.915  -11.460  42.211 0.3333329856
62309  45.541  -8.131  40.885 0.3333329856
115418  44.066  -8.978  41.472 0.5555559993
62311  43.214  -8.184  40.552 0.5555559993
62310  43.935  -8.060  40.588 0.5555559993
61383  42.736  -8.734  40.871 0.5555559993
61373  43.389  -9.183  41.472 0.3333329856
115109  42.071  -9.258  40.909 0.3333329856
62314  46.087  -7.569  40.366 0.2222220004
62315  44.127  -7.545  40.004 0.2222220004
119881  45.085  -7.419  40.052 0.2222220004
63182  43.437  -7.208  39.373 0.5555559993
63190  43.562  -6.762  38.499 0.7777780294
107514  42.868  -7.188  37.830 0.7777780294
63199  43.246  -7.479  36.954 0.7777780294
63198  43.754  -7.593  36.364 0.7777780294
29866  0.065  -41.240  64.993 0.1111110002
30845  -0.338  -40.510  65.313 0.1111110002
31811  0.940  -40.370  67.286 0.3333329856
34615  -1.415  -36.798  64.785 0.2222220004
34627  -1.198  -36.772  63.960 0.1111110002
33682  -0.989  -37.408  63.502 0.1111110002
37404  7.334  -33.224  68.338 0.1111110002
38428  7.887  -32.765  67.845 0.1111110002
39396  9.618  -31.000  67.471 0.1111110002
39403  9.228  -31.567  67.117 0.1111110002
39389  8.615  -31.357  68.596 0.1111110002
38413  8.237  -32.034  68.133 0.1111110002
39397  8.922  -31.542  67.776 0.1111110002
38440  9.298  -31.799  66.469 0.1111110002
111539  8.909  -32.504  66.114 0.1111110002
38427  8.584  -32.308  67.138 0.1111110002
125012  7.983  -33.032  67.212 0.1111110002
38452  9.505  -31.945  65.684 0.1111110002
37428  8.269  -33.162  66.484 0.1111110002
38441  3.066  -32.438  66.060 0.4444440007
39402  9.765  -31.199  66.764 0.1111110002
124675  10.046  -30.825  67.026 0.1111110002
40469  3.326  -30.732  66.667 0.2222220004
39398  2.917  -31.075  67.197 0.2222220004
39405  3.330  -31.467  66.220 0.3333329856
117793  9.792  -31.942  64.921 0.1111110002
120626  3.839  -31.338  65.300 0.4444440007
121754  9.541  -32.436  64.399 0.1111110002
126117  11.775  -30.212  66.775 0.1111110002
40467  10.528  -30.768  66.498 0.1111110002
109228  11.146  -30.282  67.032 0.1111110002
40465  12.093  -30.287  66.224 0.1111110002
40483  11.089  -30.712  65.823 0.1111110002
39414  10.575  -31.088  65.624 0.1111110002
40468  3.565  -30.054  66.480 0.1111110002
40481  12.403  -30.388  65.553 0.1111110002
40482  11.745  -30.504  65.564 0.1111110002
39426  11.348  -31.081  64.417 0.1111110002
39427  10.561  -31.401  64.794 0.1111110002
39440  10.804  -31.512  63.902 0.1111110002
38489  10.080  -32.490  62.629 0.1111110002
115477  14.629  -30.324  65.638 0.1111110002
40480  13.112  -30.371  65.376 0.1111110002
124380  13.949  -30.452  64.606 0.1111110002
40497  11.837  -30.642  64.863 0.1111110002
40516  13.445  -30.631  63.617 0.1111110002
40517  12.737  -30.704  63.899 0.1111110002
39439  11.500  -31.260  63.599 0.1111110002
40536  12.928  -30.912  63.062 0.1111110002
39438  12.188  -31.030  63.293 0.1111110002
39456  10.731  -31.960  62.564 0.1111110002
39453  13.182  -31.091  62.216 0.1111110002
39474  11.803  -31.570  61.678 0.1111110002
108201  11.070  -31.908  61.844 0.1111110002
39473  12.643  -31.402  61.485 0.1111110002
39475  11.180  -31.808  61.063 0.2222220004
39495  11.988  -31.549  60.665 0.1111110002
39496  11.056  -31.697  60.221 0.2222220004
43646  19.636  -27.217  60.476 0.2222220004
40479  15.485  -30.308  65.352 0.1111110002
40494  15.543  -30.366  64.541 0.1111110002
121800  14.901  -30.457  64.106 0.1111110002
42625  24.591  -28.726  56.519 0.2222220004
122371  15.197  -30.521  63.053 0.1111110002
115482  14.032  -30.582  63.343 0.1111110002
40553  14.909  -30.889  61.852 0.1111110002
42627  23.223  -28.318  56.581 0.4444440007
39493  13.915  -31.445  60.482 0.2222220004
39472  13.524  -31.312  61.335 0.2222220004
111224  13.479  -31.463  59.778 0.3333329856
39514  12.572  -31.430  59.816 0.4444440007
43631  19.386  -27.699  61.857 0.2222220004
42530  18.774  -28.677  63.201 0.1111110002
42517  18.673  -28.751  64.046 0.1111110002
43632  19.325  -27.875  60.951 0.2222220004
42529  19.314  -27.935  62.832 0.2222220004
41501  18.116  -29.283  64.373 0.1111110002
42544  18.862  -28.589  61.474 0.2222220004
41525  17.868  -29.758  62.179 0.1111110002
40492  17.007  -30.096  64.005 0.1111110002
41492  17.006  -30.010  64.767 0.1111110002
42606  26.679  -28.615  57.212 0.1111110002
42607  25.825  -28.660  57.235 0.2222220004
43661  19.593  -27.221  59.747 0.2222220004
118825  18.413  -29.317  61.108 0.2222220004
122787  17.990  -29.713  61.508 0.1111110002
40531  17.296  -30.176  62.454 0.1111110002
40513  16.459  -30.329  63.489 0.1111110002
42559  18.850  -28.672  60.632 0.2222220004
40550  17.392  -30.188  61.535 0.1111110002
125317  16.118  -30.565  62.361 0.1111110002
40552  15.886  -30.765  61.679 0.1111110002
42644  24.710  -28.753  55.751 0.3333329856
42626  23.912  -28.613  56.571 0.3333329856
39470  15.303  -31.112  61.022 0.1111110002
115636  23.543  -28.530  55.885 0.4444440007
112638  14.234  -31.469  59.788 0.2222220004
125021  22.623  -28.085  55.423 0.4444440007
39537  13.073  -31.291  58.951 0.5555559993
39538  12.199  -31.279  59.179 0.5555559993
42605  27.446  -28.540  57.029 0.1111110002
42604  28.410  -28.444  57.224 0.1111110002
123454  27.184  -28.578  57.466 0.1111110002
42623  26.915  -28.569  56.245 0.1111110002
42624  25.372  -28.732  56.391 0.2222220004
42575  18.826  -28.701  59.783 0.2222220004
41535  17.849  -29.896  60.826 0.1111110002
40571  16.022  -30.908  60.903 0.2222220004
111914  26.149  -28.646  56.585 0.2222220004
40585  17.726  -30.133  59.890 0.3333329856
40586  16.967  -30.624  59.856 0.3333329856
39511  16.297  -30.979  59.714 0.4444440007
39491  15.706  -31.145  60.226 0.2222220004
42645  24.007  -28.698  55.191 0.4444440007
126817  16.725  -30.834  59.290 0.4444440007
121777  16.216  -31.135  59.015 0.5555559993
39536  14.721  -31.275  58.547 0.6666669846
42646  23.124  -28.341  55.136 0.4444440007
106720  13.888  -31.114  58.352 0.6666669846
42667  23.561  -28.508  54.376 0.4444440007
42622  27.957  -28.446  56.342 0.1111110002
119480  25.335  -28.708  55.581 0.2222220004
42643  26.023  -28.652  55.846 0.2222220004
39534  16.185  -31.105  58.246 0.4444440007
42642  26.669  -28.514  55.224 0.2222220004
42666  24.866  -28.713  54.870 0.4444440007
109665  29.104  -28.439  57.776 0.1111110002
42603  29.816  -28.490  57.756 0.1111110002
42621  28.880  -28.369  56.448 0.1111110002
42641  27.591  -28.404  55.466 0.1111110002
42665  25.511  -28.635  54.179 0.4444440007
107947  23.958  -28.586  53.719 0.4444440007
42691  24.681  -28.667  53.974 0.4444440007
42602  30.617  -28.555  57.417 0.1111110002
42620  29.707  -28.342  56.508 0.1111110002
42640  28.507  -28.283  55.673 0.1111110002
42664  26.376  -28.541  54.351 0.1111110002
42690  25.238  -28.571  53.386 0.4444440007
42704  24.831  -28.451  52.627 0.4444440007
42705  23.863  -28.378  52.783 0.5555559993
41565  32.708  -29.288  58.359 0.1111110002
41575  31.957  -28.917  57.728 0.1111110002
43633  13.031  -24.664  61.145 0.2222220004
108412  32.071  -28.417  57.042 0.1111110002
42601  31.377  -28.617  57.367 0.1111110002
109429  13.122  -24.592  61.010 0.2222220004
42619  30.422  -28.337  56.640 0.1111110002
42662  28.205  -28.148  54.877 0.1111110002
122957  15.210  -22.529  58.477 0.1111110002
123714  14.892  -22.563  59.204 0.1111110002
42663  27.326  -28.380  54.451 0.1111110002
42689  26.084  -28.550  53.555 0.3333329856
42688  26.804  -28.450  53.752 0.2222220004
44848  34.157  -26.770  58.551 0.1111110002
43691  34.216  -27.513  57.852 0.1111110002
42583  34.285  -28.260  58.233 0.1111110002
41563  34.242  -28.977  58.805 0.1111110002
118832  13.419  -24.281  62.034 0.2222220004
119973  13.174  -24.524  61.658 0.2222220004
116300  33.113  -25.366  57.474 0.1111110002
44858  34.014  -26.710  57.692 0.1111110002
42599  33.773  -28.054  57.544 0.1111110002
42600  32.879  -28.565  57.555 0.1111110002
117523  13.468  -23.905  61.092 0.2222220004
45885  13.234  -24.344  61.031 0.2222220004
45906  32.639  -24.740  57.085 0.1111110002
44859  33.630  -26.226  57.171 0.1111110002
43692  33.828  -27.199  57.123 0.1111110002
43693  32.962  -27.763  56.835 0.1111110002
42618  31.244  -28.314  56.679 0.1111110002
47823  14.080  -23.416  60.507 0.1111110002
124306  13.365  -24.629  60.500 0.2222220004
46919  32.213  -24.169  55.906 0.1111110002
45914  32.540  -25.205  56.226 0.1111110002
44865  32.813  -26.182  55.950 0.1111110002
43709  32.453  -27.175  56.150 0.1111110002
42617  32.042  -27.942  56.449 0.1111110002
123634  30.818  -28.060  56.118 0.1111110002
106898  14.951  -22.221  60.038 0.1111110002
48817  14.440  -23.049  59.920 0.1111110002
116677  14.026  -23.718  59.818 0.1111110002
47883  32.429  -23.836  56.003 0.1111110002
45921  32.140  -24.878  55.635 0.1111110002
43723  32.051  -26.691  55.513 0.1111110002
43724  30.804  -27.565  55.464 0.1111110002
43725  29.916  -27.753  55.245 0.1111110002
47849  14.146  -24.006  59.039 0.1111110002
48869  32.852  -23.023  54.138 0.1111110002
47884  32.205  -23.803  55.336 0.1111110002
46920  31.802  -24.287  55.081 0.1111110002
45930  31.430  -24.792  54.509 0.1111110002
43737  30.458  -27.138  54.771 0.1111110002
43726  29.043  -27.866  55.107 0.1111110002
107626  14.760  -23.280  58.561 0.1111110002
47915  31.990  -22.970  54.014 0.1111110002
47916  31.359  -23.147  53.695 0.1111110002
47903  31.737  -23.618  54.481 0.1111110002
46936  30.961  -24.467  53.980 0.1111110002
43760  29.176  -27.354  53.722 0.1111110002
43762  27.489  -28.163  53.443 0.1111110002
48887  32.569  -22.762  53.308 0.1111110002
48888  31.685  -22.744  53.204 0.1111110002
47917  30.876  -23.299  53.390 0.1111110002
46949  30.610  -23.973  53.380 0.1111110002
43763  26.654  -28.329  53.026 0.2222220004
125335  31.771  -25.047  54.976 0.1111110002
44871  32.023  -25.822  55.056 0.1111110002
44882  31.510  -25.722  54.537 0.1111110002
44872  31.347  -26.719  54.961 0.1111110002
45937  30.513  -25.088  53.294 0.2222220004
44892  30.460  -26.130  53.629 0.1111110002
45938  30.021  -25.913  52.860 0.1111110002
124357  29.682  -27.113  53.933 0.1111110002
46960  30.165  -24.362  52.705 0.1111110002
45945  30.034  -25.191  52.607 0.2222220004
44907  29.365  -26.394  52.380 0.1111110002
44929  29.226  -25.996  51.692 0.3333329856
51602  37.604  -19.595  47.623 0.1111110002
53456  38.942  -17.542  48.076 0.1111110002
108046  39.201  -17.181  46.873 0.1111110002
54494  39.650  -16.202  39.655 0.6666669846
55482  40.100  -15.616  39.225 0.6666669846
55483  39.258  -15.624  39.223 0.7777780294
55503  38.161  -15.133  38.970 0.7777780294
55500  40.595  -14.930  38.723 0.6666669846
55501  39.616  -15.048  38.743 0.6666669846
55502  38.804  -15.112  38.843 0.6666669846
56556  38.312  -14.596  38.653 0.6666669846
118733  37.222  -14.135  38.891 0.6666669846
56553  40.861  -14.113  38.218 0.6666669846
57577  40.118  -13.580  37.903 0.6666669846
57578  39.307  -13.766  38.107 0.6666669846
57579  38.431  -13.832  38.348 0.6666669846
57597  38.823  -13.197  38.051 0.6666669846
115403  40.920  -13.259  37.761 0.6666669846
58693  39.667  -12.252  37.586 0.6666669846
59642  39.264  -11.625  37.669 0.6666669846
59623  38.617  -11.518  38.134 0.6666669846
57596  39.483  -13.019  37.786 0.6666669846
58694  38.812  -12.380  37.897 0.6666669846
57571  46.375  -13.303  38.633 0.5555559993
57556  45.010  -13.958  38.957 0.5555559993
57574  43.828  -13.523  38.304 0.6666669846
61407  39.746  -9.728  38.506 0.6666669846
58668  46.080  -12.820  38.074 0.5555559993
57591  44.306  -12.845  37.830 0.6666669846
57592  43.397  -13.037  37.817 0.6666669846
57594  41.660  -12.867  37.617 0.6666669846
58692  40.402  -12.027  37.405 0.6666669846
60495  39.727  -10.974  37.499 0.6666669846
60484  38.763  -10.767  38.555 0.5555559993
58689  43.654  -12.370  37.443 0.6666669846
59639  42.059  -11.681  37.190 0.6666669846
58691  41.624  -12.215  37.369 0.6666669846
58667  46.908  -12.802  38.130 0.5555559993
57590  45.220  -12.866  37.994 0.5555559993
127087  44.948  -12.407  37.571 0.5555559993
124596  41.026  -11.007  37.146 0.6666669846
60494  40.538  -10.658  37.340 0.6666669846
58688  44.386  -12.129  37.333 0.6666669846
59638  42.967  -11.841  37.179 0.6666669846
59640  41.176  -11.649  37.252 0.6666669846
60493  41.241  -10.408  37.176 0.6666669846
61432  41.882  -10.025  36.916 0.6666669846
59653  43.402  -11.042  36.750 0.6666669846
59654  42.568  -11.150  36.952 0.6666669846
60513  41.794  -10.892  37.043 0.6666669846
58684  48.223  -12.307  37.699 0.4444440007
59633  47.966  -11.874  37.168 0.4444440007
58685  47.448  -12.342  37.634 0.5555559993
59635  46.424  -11.790  37.094 0.5555559993
119131  45.733  -11.677  37.009 0.6666669846
59636  45.084  -11.866  37.176 0.6666669846
59637  43.819  -11.692  37.071 0.6666669846
60511  43.564  -10.122  36.364 0.6666669846
125110  42.999  -9.819  36.496 0.6666669846
60512  42.670  -10.369  36.714 0.6666669846
59632  48.759  -11.834  37.222 0.3333329856
59634  47.205  -11.864  37.134 0.5555559993
61431  42.515  -9.532  36.659 0.6666669846
59649  47.692  -11.435  36.668 0.4444440007
59650  46.961  -11.391  36.623 0.5555559993
60509  45.836  -10.540  36.017 0.6666669846
110475  44.995  -10.495  36.174 0.6666669846
125216  43.997  -11.272  36.798 0.6666669846
59631  49.671  -11.714  37.404 0.3333329856
124816  50.338  -11.493  37.370 0.3333329856
59647  49.291  -11.346  36.725 0.3333329856
59648  48.448  -11.412  36.682 0.3333329856
61430  43.254  -9.233  36.311 0.6666669846
59646  50.249  -11.198  36.834 0.3333329856
60506  48.901  -10.893  36.193 0.3333329856
60507  48.085  -10.960  36.179 0.4444440007
60508  46.764  -10.801  36.123 0.6666669846
61429  43.973  -9.481  36.033 0.6666669846
60524  46.580  -10.135  35.574 0.6666669846
118865  45.883  -9.851  35.528 0.6666669846
60525  45.200  -9.917  35.712 0.6666669846
64163  44.143  -6.476  37.832 0.6666669846
64170  44.766  -6.587  36.354 0.5555559993
63194  44.018  -6.903  36.837 0.6666669846
61466  46.893  -8.794  34.686 0.6666669846
63208  45.260  -7.833  35.101 0.6666669846
124330  44.798  -7.583  35.494 0.5555559993
60519  51.216  -9.948  35.831 0.2222220004
60520  50.276  -10.153  35.746 0.4444440007
61444  48.974  -9.778  35.184 0.5555559993
61465  47.665  -9.217  34.746 0.6666669846
62351  45.892  -8.543  34.872 0.6666669846
62353  43.938  -8.031  35.948 0.6666669846
121669  51.039  -10.834  36.778 0.2222220004
60505  49.778  -10.776  36.237 0.3333329856
60523  47.518  -10.436  35.698 0.6666669846
113526  46.306  -9.373  35.160 0.6666669846
61447  45.508  -9.243  35.340 0.6666669846
62352  44.548  -8.194  35.552 0.6666669846
61448  44.666  -9.188  35.647 0.6666669846
64169  45.421  -6.210  36.021 0.5555559993
65018  45.957  -5.879  35.796 0.4444440007
61439  54.460  -9.474  35.608 0.2222220004
61428  53.053  -9.698  36.051 0.2222220004
60518  52.160  -9.783  35.918 0.2222220004
62365  46.523  -8.038  34.476 0.6666669846
63218  46.405  -7.281  34.509 0.5555559993
64176  46.319  -6.514  34.766 0.5555559993
61463  49.539  -9.192  34.707 0.5555559993
62364  47.768  -8.571  34.336 0.6666669846
122895  47.181  -8.152  34.262 0.6666669846
63217  47.074  -7.502  34.148 0.6666669846
61460  52.755  -9.401  34.514 0.2222220004
118098  52.265  -9.374  34.737 0.3333329856
61462  50.927  -9.039  34.418 0.4444440007
117134  50.298  -9.216  34.734 0.5555559993
62363  48.643  -8.267  34.036 0.5555559993
65024  46.361  -5.845  35.253 0.5555559993
61437  56.127  -9.238  35.562 0.1111110002
61438  55.300  -9.383  35.577 0.1111110002
65029  46.880  -5.899  34.670 0.5555559993
61473  56.216  -9.326  33.974 0.1111110002
106756  54.825  -9.431  34.915 0.1111110002
61459  53.422  -9.442  34.580 0.1111110002
108901  52.732  -9.485  35.239 0.2222220004
63216  47.877  -7.754  33.879 0.5555559993
63229  47.692  -6.947  33.819 0.5555559993
123770  56.744  -9.587  32.432 0.2222220004
105605  55.072  -9.481  34.174 0.1111110002
106731  53.012  -9.397  33.988 0.2222220004
61477  52.363  -9.239  34.016 0.4444440007
62361  50.166  -8.675  34.195 0.5555559993
63228  48.285  -7.144  33.611 0.5555559993
105271  58.030  -9.220  32.185 0.2222220004
105544  57.352  -9.486  32.050 0.2222220004
105604  56.072  -9.611  32.957 0.1111110002
61475  54.530  -9.674  33.280 0.2222220004
61476  53.622  -9.507  33.657 0.2222220004
62372  51.482  -8.520  33.206 0.5555559993
122790  50.339  -8.203  33.578 0.5555559993
62374  49.564  -8.014  33.699 0.5555559993
63227  49.384  -7.177  33.247 0.5555559993
62373  50.837  -8.101  33.140 0.5555559993
65028  47.580  -5.407  34.499 0.4444440007
125763  47.285  -6.003  34.314 0.5555559993
64184  48.352  -6.524  33.547 0.5555559993
61498  58.533  -9.201  31.503 0.1111110002
61499  57.706  -9.527  31.346 0.2222220004
105603  56.010  -9.915  32.041 0.2222220004
61489  54.544  -9.788  32.217 0.2222220004
126717  53.127  -9.251  32.659 0.3333329856
123941  52.662  -8.958  32.608 0.5555559993
63226  50.208  -7.531  33.083 0.5555559993
64183  49.127  -6.281  33.159 0.4444440007
62403  60.817  -8.249  29.927 0.1111110002
61525  58.915  -9.293  30.006 0.1111110002
61514  57.315  -9.586  30.453 0.1111110002
61501  55.926  -9.815  31.247 0.2222220004
61502  54.663  -9.634  31.388 0.3333329856
62383  53.198  -9.147  32.127 0.4444440007
62384  52.016  -8.439  32.594 0.5555559993
62386  50.836  -7.575  32.736 0.5555559993
63242  49.914  -6.613  32.801 0.4444440007
62413  59.608  -8.991  29.534 0.1111110002
61516  55.747  -9.477  30.470 0.2222220004
61518  54.101  -9.191  30.956 0.3333329856
62395  53.381  -8.845  31.375 0.4444440007
61543  59.718  -8.803  28.741 0.1111110002
65862  49.610  -4.002  34.211 0.3333329856
108809  48.999  -4.426  34.092 0.3333329856
65860  47.779  -4.797  35.032 0.3333329856
65035  49.275  -5.352  33.297 0.4444440007
65872  48.747  -4.997  33.762 0.4444440007
65027  48.361  -4.731  34.463 0.4444440007
65045  50.625  -5.302  32.728 0.4444440007
64193  49.861  -5.735  32.822 0.4444440007
123522  48.543  -5.741  33.567 0.4444440007
64192  50.524  -6.093  32.515 0.5555559993
62408  53.608  -8.368  30.607 0.5555559993
63254  52.961  -8.201  31.110 0.5555559993
63240  51.266  -7.247  32.342 0.5555559993
63241  50.622  -6.920  32.555 0.5555559993
63301  61.568  -7.669  27.689 0.1111110002
62444  60.781  -8.083  27.780 0.1111110002
62445  59.832  -8.374  27.933 0.1111110002
61545  57.907  -9.170  29.098 0.2222220004
61528  56.607  -9.402  29.893 0.2222220004
62406  55.209  -9.005  29.989 0.3333329856
63285  61.989  -7.473  28.284 0.1111110002
62411  61.088  -8.117  29.163 0.1111110002
66724  50.469  -3.679  34.502 0.3333329856
107151  49.023  -4.087  34.790 0.3333329856
65871  50.198  -4.133  33.628 0.3333329856
65044  51.239  -5.711  32.408 0.4444440007
65034  50.017  -4.902  33.147 0.4444440007
64201  52.440  -6.556  31.385 0.4444440007
64202  51.938  -6.035  31.972 0.5555559993
64191  51.219  -6.435  32.278 0.5555559993
63263  53.072  -7.595  30.715 0.5555559993
63255  52.465  -7.498  31.346 0.5555559993
62432  58.401  -8.725  28.493 0.2222220004
61527  57.111  -9.068  29.165 0.2222220004
62414  56.362  -8.833  29.254 0.2222220004
62407  54.436  -8.762  30.285 0.4444440007
62417  54.073  -7.976  29.930 0.5555559993
64263  62.428  -6.535  26.392 0.1111110002
116060  61.028  -7.647  27.252 0.1111110002
62446  58.879  -8.250  27.911 0.2222220004
63286  57.249  -7.933  28.141 0.2222220004
63287  56.488  -7.718  28.358 0.3333329856
62415  55.582  -8.458  29.296 0.4444440007
64276  62.144  -6.074  25.804 0.2222220004
63316  60.733  -7.260  26.758 0.2222220004
63302  60.263  -7.760  27.302 0.2222220004
63304  58.515  -7.590  27.475 0.2222220004
63305  57.711  -7.402  27.630 0.2222220004
121481  61.486  -4.710  25.504 0.4444440007
65126  60.596  -5.132  25.758 0.3333329856
64264  61.304  -6.570  26.185 0.3333329856
65098  60.435  -5.972  25.989 0.4444440007
64209  53.001  -6.231  30.957 0.4444440007
64215  54.348  -6.472  29.251 0.4444440007
64208  53.338  -6.766  30.381 0.4444440007
63288  55.650  -7.569  28.661 0.4444440007
63289  54.895  -7.076  28.838 0.4444440007
63271  53.864  -7.088  29.770 0.4444440007
63317  59.817  -7.223  26.881 0.3333329856
64247  58.187  -6.853  27.162 0.3333329856
64248  57.400  -6.618  27.385 0.3333329856
63306  56.935  -7.150  27.867 0.3333329856
64227  56.136  -6.904  28.105 0.3333329856
65099  59.747  -5.343  26.073 0.4444440007
123749  59.440  -6.678  26.655 0.3333329856
64267  58.721  -6.275  26.694 0.3333329856
65074  57.115  -5.858  27.173 0.4444440007
125816  60.731  -4.350  25.680 0.4444440007
65893  54.995  -4.628  28.423 0.4444440007
65062  54.538  -5.775  28.931 0.4444440007
65075  56.382  -5.520  27.436 0.4444440007
64250  55.820  -6.029  27.883 0.4444440007
64229  54.813  -6.297  28.739 0.4444440007
65908  59.166  -4.698  26.208 0.4444440007
121725  58.487  -4.916  26.416 0.4444440007
65101  58.193  -5.493  26.619 0.4444440007
122630  57.549  -5.442  26.847 0.4444440007
64249  56.616  -6.350  27.606 0.4444440007
66792  60.440  -3.666  25.800 0.4444440007
65935  59.979  -4.493  25.925 0.4444440007
109720  60.181  -2.958  25.901 0.4444440007
68476  56.550  -2.176  30.962 0.1111110002
67636  55.548  -2.194  29.097 0.2222220004
67631  55.518  -2.901  29.897 0.3333329856
66755  55.462  -2.852  28.338 0.2222220004
66752  55.119  -3.679  28.584 0.4444440007
66750  55.045  -3.549  29.621 0.4444440007
119839  55.557  -3.460  27.835 0.4444440007
65894  54.501  -5.061  28.962 0.4444440007
65896  56.214  -4.666  27.342 0.4444440007
65076  55.614  -5.115  27.806 0.4444440007
65909  58.512  -4.176  26.366 0.4444440007
65102  56.943  -5.077  27.002 0.4444440007
68506  59.370  -0.531  25.450 0.3333329856
122245  59.123  -1.204  25.773 0.4444440007
67647  59.346  -2.593  26.048 0.4444440007
66766  58.467  -3.275  26.337 0.4444440007
111374  57.874  -3.808  26.504 0.4444440007
65910  57.690  -4.640  26.630 0.4444440007
69374  57.002  -0.619  30.941 0.1111110002
68481  55.889  -1.311  29.446 0.1111110002
69377  56.151  -0.573  28.679 0.1111110002
68483  55.835  -1.412  28.575 0.2222220004
69379  56.463  -0.291  27.879 0.2222220004
68485  56.248  -1.127  27.750 0.2222220004
67639  56.018  -2.873  27.478 0.3333329856
69378  56.964  -0.487  27.203 0.2222220004
67638  56.443  -2.024  27.324 0.2222220004
65911  56.806  -4.255  26.936 0.4444440007
115692  57.645  -0.966  26.606 0.2222220004
124244  57.659  -1.644  26.585 0.3333329856
67649  57.213  -2.173  26.759 0.3333329856
67650  56.710  -2.701  26.946 0.4444440007
119963  59.982  -0.588  25.164 0.3333329856
69385  58.418  -0.556  26.034 0.2222220004
120742  58.340  -1.440  26.262 0.2222220004
67648  58.210  -2.303  26.380 0.4444440007
66767  57.469  -3.077  26.601 0.4444440007
114537  57.292  -3.850  26.685 0.4444440007
70238  57.255  0.416  30.757 0.1111110002
69375  56.563  -0.180  30.210 0.1111110002
70241  56.440  0.129  29.325 0.1111110002
111264  56.754  0.548  29.928 0.1111110002
69376  56.212  -0.609  29.632 0.1111110002
70244  56.594  0.390  28.379 0.1111110002
69386  57.632  -0.283  26.606 0.2222220004
70246  57.304  0.301  27.030 0.2222220004
70255  57.944  0.316  26.262 0.2222220004
126782  58.448  1.336  31.121 0.1111110002
116332  58.217  0.739  31.243 0.1111110002
70237  57.902  1.252  30.782 0.1111110002
71097  57.450  1.783  29.529 0.1111110002
107319  57.247  1.162  30.085 0.1111110002
71997  57.878  2.862  28.764 0.1111110002
71099  57.275  1.847  28.495 0.1111110002
126728  56.878  1.091  28.422 0.1111110002
72004  57.574  2.566  27.845 0.1111110002
72013  57.675  2.353  26.901 0.1111110002
71102  57.450  1.749  27.368 0.1111110002
70247  56.831  0.195  27.629 0.2222220004
72012  57.953  2.049  25.863 0.1111110002
70254  58.848  0.284  25.443 0.2222220004
71990  57.771  2.416  29.282 0.1111110002
64245  64.098  -5.724  27.965 0.1111110002
65073  64.638  -5.396  27.335 0.1111110002
65125  61.404  -5.679  25.708 0.3333329856
64262  63.474  -6.071  26.845 0.1111110002
37440  8.645  -33.104  65.726 0.1111110002
38475  9.674  -32.606  63.524 0.1111110002
39535  15.512  -31.276  58.752 0.5555559993
39555  15.400  -31.136  57.982 0.5555559993
40584  17.954  -30.162  58.979 0.2222220004
108199  17.308  -30.538  59.176 0.4444440007
43647  19.292  -27.902  60.151 0.2222220004
115975  13.514  -24.381  60.342 0.2222220004
46961  29.833  -24.798  52.025 0.2222220004
45946  29.668  -25.626  52.131 0.2222220004
52561  38.491  -18.200  48.102 0.1111110002
56557  37.671  -14.728  38.919 0.6666669846
108596  24.492  -28.540  53.300 0.4444440007
37430  2.762  -33.229  65.873 0.4444440007
43739  28.770  -27.782  54.333 0.1111110002
44908  28.784  -27.195  52.715 0.2222220004
123487  37.816  -14.167  38.631 0.6666669846
61418  40.040  -10.165  37.746 0.6666669846
58562  38.648  -11.869  44.616 0.1111110002
46869  13.731  -23.792  60.450 0.1111110002
115533  -1.347  -35.753  66.692 0.2222220004
39415  9.943  -31.360  66.065 0.1111110002
38429  2.716  -31.884  66.914 0.2222220004
39404  3.725  -30.709  65.907 0.2222220004
38464  10.100  -31.910  64.128 0.1111110002
39428  10.064  -31.524  65.410 0.1111110002
40466  11.396  -30.455  66.313 0.1111110002
40498  11.199  -30.859  65.170 0.1111110002
112804  12.504  -30.520  64.775 0.1111110002
123319  10.983  -31.615  63.196 0.1111110002
38474  10.367  -31.951  63.314 0.1111110002
108594  14.616  -30.417  64.775 0.1111110002
123996  13.878  -30.396  65.149 0.1111110002
40495  14.100  -30.483  64.050 0.1111110002
40496  13.360  -30.491  64.489 0.1111110002
40518  12.034  -30.837  64.143 0.1111110002
40535  13.659  -30.779  62.848 0.1111110002
39455  11.526  -31.494  62.641 0.1111110002
39454  12.373  -31.247  62.394 0.1111110002
121136  19.656  -27.230  61.156 0.2222220004
40515  14.671  -30.515  63.488 0.1111110002
40514  15.570  -30.426  63.695 0.1111110002
40493  16.331  -30.265  64.261 0.1111110002
111300  15.901  -30.487  62.961 0.1111110002
40533  15.409  -30.636  62.438 0.1111110002
40534  14.509  -30.661  62.726 0.1111110002
112587  24.154  -28.699  55.975 0.4444440007
39471  14.414  -31.245  61.172 0.1111110002
40554  14.007  -30.971  62.045 0.1111110002
39494  13.014  -31.458  60.594 0.1111110002
107843  14.051  -31.382  59.114 0.5555559993
41515  18.223  -29.291  63.542 0.1111110002
114172  18.840  -28.576  62.334 0.2222220004
41524  18.329  -29.268  62.698 0.1111110002
41516  17.766  -29.774  63.005 0.1111110002
41502  17.596  -29.739  63.887 0.1111110002
41534  18.394  -29.242  61.889 0.1111110002
40532  16.641  -30.396  62.750 0.1111110002
40512  17.174  -30.153  63.267 0.1111110002
41544  18.368  -29.431  60.285 0.2222220004
123012  16.705  -30.483  61.989 0.1111110002
39492  14.822  -31.362  60.265 0.2222220004
39513  14.894  -31.391  59.374 0.3333329856
40569  17.205  -30.406  60.619 0.3333329856
40551  16.661  -30.630  61.186 0.2222220004
40570  16.489  -30.785  60.413 0.4444440007
39512  15.654  -31.259  59.474 0.5555559993
126968  15.271  -31.327  59.821 0.5555559993
125543  24.187  -28.695  54.416 0.4444440007
109493  25.779  -28.583  55.016 0.3333329856
42639  29.385  -28.194  55.807 0.1111110002
42584  33.648  -28.765  58.171 0.1111110002
42638  30.179  -28.113  55.951 0.1111110002
44864  33.128  -25.715  56.655 0.1111110002
109890  32.377  -24.391  56.501 0.1111110002
43708  33.287  -26.701  56.516 0.1111110002
47811  13.805  -23.574  61.167 0.1111110002
43710  31.530  -27.619  55.939 0.1111110002
124983  31.435  -27.212  55.449 0.1111110002
46948  31.122  -23.699  53.937 0.1111110002
43738  29.614  -27.410  54.501 0.1111110002
44883  30.866  -26.374  54.326 0.1111110002
45931  30.982  -25.438  54.045 0.1111110002
121646  30.160  -26.847  54.104 0.1111110002
44893  29.695  -26.749  53.331 0.1111110002
56554  39.920  -14.353  38.299 0.6666669846
56555  39.064  -14.479  38.457 0.6666669846
109653  41.693  -14.330  38.465 0.6666669846
57595  40.263  -12.782  37.618 0.6666669846
117020  40.999  -12.474  37.469 0.6666669846
123683  39.888  -11.645  37.443 0.6666669846
59622  39.054  -11.040  37.827 0.6666669846
57555  45.834  -13.823  39.151 0.5555559993
57572  45.543  -13.378  38.533 0.5555559993
57573  44.688  -13.445  38.411 0.6666669846
56550  44.181  -14.024  38.831 0.6666669846
60483  39.338  -10.405  38.130 0.5555559993
57593  42.505  -13.167  37.808 0.6666669846
120040  42.970  -12.577  37.516 0.6666669846
59641  40.456  -11.342  37.289 0.6666669846
58690  42.294  -12.400  37.425 0.6666669846
58686  46.647  -12.329  37.592 0.5555559993
58687  45.740  -12.260  37.514 0.5555559993
118388  44.470  -11.509  36.912 0.6666669846
118821  46.170  -11.250  36.571 0.6666669846
59651  45.229  -11.187  36.617 0.6666669846
119075  47.422  -11.016  36.260 0.5555559993
60510  44.427  -10.030  35.996 0.6666669846
59652  44.295  -10.811  36.511 0.6666669846
61449  43.936  -8.742  35.937 0.6666669846
63189  44.518  -6.476  38.701 0.4444440007
108373  44.719  -6.310  37.309 0.6666669846
63209  44.366  -7.378  35.935 0.5555559993
64178  45.104  -6.991  35.509 0.5555559993
113578  45.157  -8.607  35.264 0.6666669846
62366  45.940  -7.784  34.728 0.6666669846
60503  51.545  -10.340  36.402 0.2222220004
60504  50.671  -10.563  36.307 0.3333329856
61443  49.880  -9.677  35.240 0.5555559993
60521  49.374  -10.331  35.687 0.4444440007
61464  48.555  -9.103  34.604 0.6666669846
61446  47.166  -9.638  35.163 0.6666669846
61445  48.058  -9.794  35.165 0.5555559993
60522  48.486  -10.416  35.659 0.5555559993
64177  45.778  -6.424  35.312 0.5555559993
61440  53.607  -9.512  35.463 0.2222220004
61427  53.932  -9.640  36.229 0.2222220004
109142  54.092  -9.446  34.971 0.1111110002
63219  45.754  -7.125  34.921 0.5555559993
61441  51.822  -9.531  35.270 0.2222220004
61442  50.852  -9.521  35.159 0.4444440007
112110  47.025  -6.608  34.267 0.5555559993
61461  51.650  -9.252  34.609 0.5555559993
62362  49.329  -8.629  34.259 0.5555559993
61458  56.597  -9.127  34.851 0.1111110002
106581  55.702  -9.339  34.766 0.1111110002
121028  55.688  -9.358  36.170 0.1111110002
105807  54.234  -9.509  34.255 0.1111110002
64185  47.756  -6.078  33.922 0.5555559993
61487  56.759  -9.366  33.283 0.2222220004
61474  55.463  -9.560  33.521 0.1111110002
124229  55.637  -9.407  34.147 0.1111110002
61478  51.610  -8.952  33.885 0.5555559993
61479  50.913  -8.588  33.754 0.5555559993
62375  48.768  -7.540  33.636 0.5555559993
119732  48.778  -6.943  33.396 0.5555559993
61500  56.770  -9.736  31.434 0.2222220004
61488  55.295  -9.812  32.587 0.2222220004
61490  53.679  -9.532  32.686 0.3333329856
61491  52.955  -9.286  33.253 0.3333329856
62371  52.183  -8.941  33.255 0.5555559993
62385  51.352  -7.969  32.647 0.5555559993
61513  58.257  -9.441  30.622 0.1111110002
61512  59.037  -9.103  30.867 0.1111110002
123796  55.294  -9.701  31.096 0.2222220004
105602  55.289  -9.879  31.751 0.2222220004
61503  53.900  -9.466  31.759 0.3333329856
108463  60.178  -8.668  29.938 0.1111110002
62412  60.339  -8.630  29.265 0.1111110002
62405  59.663  -8.847  30.450 0.1111110002
61526  58.100  -9.402  29.789 0.1111110002
61544  58.840  -9.168  29.100 0.1111110002
61515  56.468  -9.661  30.687 0.2222220004
61517  54.889  -9.375  30.671 0.3333329856
62396  52.616  -8.437  31.851 0.5555559993
63239  51.909  -7.742  32.087 0.5555559993
126832  57.404  -9.378  29.664 0.2222220004
61529  55.894  -9.121  29.758 0.2222220004
62431  60.535  -8.425  28.500 0.1111110002
105086  49.443  -4.587  33.621 0.4444440007
65036  48.173  -5.375  34.002 0.4444440007
120069  53.557  -7.592  30.241 0.5555559993
63256  51.856  -6.872  31.854 0.5555559993
63300  62.322  -7.146  27.684 0.1111110002
63315  61.791  -7.248  26.916 0.1111110002
62430  61.326  -7.950  28.388 0.1111110002
116235  59.148  -8.706  28.432 0.2222220004
62433  57.576  -8.616  28.563 0.2222220004
63264  52.788  -6.954  30.880 0.5555559993
62447  58.036  -8.128  27.973 0.2222220004
62434  56.813  -8.440  28.678 0.2222220004
62435  56.165  -8.238  28.808 0.3333329856
62416  54.785  -8.302  29.632 0.4444440007
63314  62.618  -6.786  27.055 0.1111110002
63303  59.374  -7.736  27.386 0.2222220004
63269  55.061  -7.804  29.130 0.4444440007
63270  54.488  -7.478  29.395 0.4444440007
65097  63.077  -5.825  25.900 0.1111110002
64265  60.192  -6.656  26.440 0.3333329856
63318  58.990  -7.075  27.003 0.3333329856
64266  59.560  -6.098  26.341 0.4444440007
64216  53.784  -6.138  29.851 0.4444440007
65057  54.189  -5.545  29.454 0.4444440007
64268  57.845  -6.103  26.938 0.3333329856
64228  55.379  -6.589  28.413 0.4444440007
65100  58.961  -5.490  26.382 0.4444440007
65061  55.051  -5.622  28.420 0.4444440007
66765  59.431  -3.690  26.108 0.4444440007
68494  59.781  -1.741  25.731 0.4444440007
67633  55.849  -2.074  30.128 0.1111110002
68479  56.351  -1.185  30.370 0.1111110002
67634  55.293  -3.026  29.104 0.2222220004
105162  55.776  -2.029  28.041 0.2222220004
116505  54.686  -4.267  29.211 0.4444440007
66754  56.099  -3.804  27.344 0.4444440007
65897  55.524  -4.213  27.808 0.4444440007
120792  58.945  -1.877  26.029 0.4444440007
68495  56.954  -1.373  27.003 0.3333329856
66768  56.689  -3.426  26.929 0.3333329856
70240  56.829  1.031  29.146 0.1111110002
113341  57.549  1.041  26.785 0.1111110002
124382  57.846  1.738  30.283 0.1111110002
70243  57.053  0.982  27.697 0.1111110002
71112  57.696  1.670  26.549 0.1111110002
71111  58.076  1.115  25.953 0.1111110002
34603  -1.492  -36.719  65.677 0.2222220004
116458  0.318  -40.432  66.735 0.1111110002
37417  1.836  -33.121  67.261 0.1111110002
38442  2.497  -32.759  66.694 0.1111110002
47787  14.648  -22.925  63.661 0.1111110002
47788  14.146  -23.402  63.959 0.1111110002
46853  13.584  -23.975  63.633 0.1111110002
45869  13.186  -24.380  63.219 0.1111110002
125712  14.129  -23.415  63.143 0.1111110002
109240  13.722  -23.832  62.994 0.1111110002
122293  13.368  -24.274  62.825 0.1111110002
42592  22.531  -27.706  58.222 0.3333329856
42610  22.898  -28.037  57.326 0.3333329856
40454  3.062  -30.283  67.373 0.1111110002
110823  13.902  -23.635  66.044 0.1111110002
46846  13.858  -23.723  64.616 0.1111110002
45850  13.580  -23.863  65.263 0.1111110002
47777  14.909  -22.900  64.506 0.1111110002
45858  13.355  -24.125  64.245 0.1111110002
44784  12.737  -24.461  63.570 0.1111110002
44785  12.346  -24.373  63.383 0.1111110002
109698  12.105  -24.344  62.636 0.1111110002
48782  14.440  -23.051  62.757 0.1111110002
44751  13.386  -23.941  65.914 0.1111110002
44752  12.997  -24.241  65.724 0.1111110002
44768  12.809  -24.325  64.612 0.1111110002
44769  12.444  -24.379  64.332 0.1111110002
44786  11.691  -24.237  63.079 0.1111110002
44805  9.507  -25.123  61.888 0.1111110002
105206  8.867  -25.587  61.682 0.1111110002
44787  10.828  -24.318  62.724 0.1111110002
53530  43.321  -17.203  43.218 0.3333329856
53555  42.591  -17.023  41.747 0.3333329856
54472  42.401  -16.804  41.148 0.3333329856
54483  40.908  -16.724  40.305 0.4444440007
54471  43.035  -16.610  41.339 0.3333329856
54480  43.547  -16.190  40.921 0.2222220004
54481  42.751  -16.355  40.692 0.4444440007
54491  42.348  -15.923  39.972 0.5555559993
54492  41.395  -16.194  39.857 0.5555559993
54493  40.517  -16.229  39.730 0.5555559993
108560  41.741  -15.630  39.475 0.5555559993
55481  40.982  -15.612  39.323 0.5555559993
54479  44.158  -16.082  41.212 0.2222220004
56528  45.440  -14.760  40.291 0.2222220004
55469  44.962  -15.246  40.607 0.3333329856
55480  43.785  -15.044  39.799 0.3333329856
108160  42.987  -15.347  39.745 0.4444440007
55499  41.568  -14.996  38.964 0.5555559993
56529  44.677  -14.911  40.041 0.4444440007
56538  43.114  -14.807  39.286 0.5555559993
56552  42.428  -14.595  38.837 0.5555559993
127241  41.172  -14.606  38.572 0.5555559993
56527  46.168  -14.254  39.942 0.2222220004
57541  47.111  -13.970  40.008 0.3333329856
56536  45.261  -14.373  39.609 0.4444440007
56551  43.281  -14.156  38.706 0.5555559993
57576  41.673  -13.616  38.021 0.5555559993
57553  47.497  -13.516  39.432 0.2222220004
57554  46.681  -13.690  39.293 0.2222220004
57570  47.189  -13.229  38.721 0.4444440007
58666  47.698  -12.749  38.209 0.4444440007
58665  48.489  -12.650  38.358 0.3333329856
58682  49.722  -12.102  38.089 0.1111110002
58683  49.012  -12.212  37.839 0.2222220004
59630  52.097  -11.114  37.749 0.1111110002
60492  51.815  -10.719  37.016 0.1111110002
60500  54.205  -9.879  37.001 0.1111110002
113877  44.801  -6.230  38.103 0.4444440007
64162  45.377  -5.976  37.875 0.4444440007
64167  45.335  -5.989  36.940 0.4444440007
64166  46.052  -5.674  37.548 0.3333329856
65013  45.974  -5.666  36.602 0.3333329856
65854  47.804  -4.599  35.854 0.2222220004
65023  47.111  -5.211  35.359 0.2222220004
107493  50.846  -4.438  33.101 0.3333329856
31817  1.202  -39.859  67.589 0.2222220004
107053  22.486  -27.918  56.568 0.3333329856
53568  40.476  -17.142  40.736 0.5555559993
118003  0.308  -41.046  66.435 0.1111110002
37431  2.223  -33.529  66.457 0.2222220004
44803  11.335  -24.408  62.070 0.1111110002
44801  12.679  -24.480  62.715 0.1111110002
44800  12.948  -24.567  62.731 0.1111110002
47799  13.833  -23.687  62.155 0.1111110002
54484  40.049  -16.721  40.191 0.5555559993
126808  43.095  -13.572  38.195 0.5555559993
111503  51.048  -11.265  37.392 0.1111110002
60501  53.355  -10.003  36.773 0.1111110002
108606  43.771  -14.502  39.210 0.5555559993
56537  44.451  -14.469  39.407 0.5555559993
57575  42.451  -13.918  38.335 0.5555559993
39399  2.398  -31.344  67.617 0.1111110002
44783  13.019  -24.448  63.845 0.1111110002
44767  13.137  -24.141  64.948 0.1111110002
53556  41.793  -17.202  41.408 0.3333329856
54482  41.828  -16.671  40.576 0.4444440007
53567  41.184  -17.096  40.846 0.3333329856
55470  44.194  -15.581  40.579 0.2222220004
55471  43.267  -15.728  40.302 0.3333329856
56519  45.611  -15.144  40.981 0.2222220004
116469  46.090  -14.683  40.659 0.2222220004
55498  42.378  -15.236  39.364 0.5555559993
56526  46.828  -14.370  40.728 0.2222220004
57540  47.813  -13.635  40.169 0.1111110002
57569  47.988  -13.115  38.883 0.3333329856
122262  50.218  -12.241  38.868 0.1111110002
59620  51.451  -11.541  38.260 0.1111110002
60491  52.751  -10.538  37.289 0.1111110002
39376  20.752  -31.825  69.983 0.1111110002
105638  25.967  -28.629  58.798 0.1111110002
105637  24.992  -28.597  58.931 0.1111110002
42557  24.373  -28.160  60.396 0.1111110002
44721  23.434  -26.820  69.043 0.1111110002
42608  25.043  -28.727  57.221 0.1111110002
42590  24.677  -28.624  57.952 0.1111110002
42572  24.088  -28.259  59.529 0.2222220004
43643  23.159  -27.323  60.845 0.2222220004
43618  22.701  -26.673  62.146 0.1111110002
44780  22.400  -26.395  63.470 0.1111110002
109947  23.023  -26.368  65.086 0.1111110002
44735  22.882  -26.488  66.531 0.1111110002
125756  24.044  -28.498  57.797 0.2222220004
112652  23.319  -28.026  58.828 0.2222220004
43659  22.298  -27.206  59.729 0.2222220004
44826  21.820  -26.461  61.105 0.1111110002
44796  22.000  -26.376  62.600 0.1111110002
42609  23.635  -28.424  57.253 0.2222220004
42574  22.646  -27.600  59.055 0.2222220004
41396  20.527  -29.103  71.032 0.1111110002
42445  21.673  -28.513  70.564 0.1111110002
43564  22.500  -26.945  68.581 0.1111110002
44766  21.232  -26.554  64.120 0.1111110002
120758  21.821  -26.643  65.651 0.1111110002
44827  20.997  -26.358  60.869 0.1111110002
123185  21.258  -26.364  62.636 0.1111110002
44782  20.868  -26.518  63.183 0.1111110002
44840  20.795  -26.348  60.059 0.2222220004
44815  20.471  -26.500  61.342 0.1111110002
40484  4.077  -29.960  65.509 0.1111110002
42456  19.919  -28.298  70.202 0.1111110002
126217  20.439  -28.855  71.009 0.1111110002
42455  20.889  -28.057  70.452 0.1111110002
43540  21.705  -28.027  70.472 0.1111110002
43558  21.082  -27.584  68.715 0.1111110002
43557  22.040  -27.246  69.314 0.1111110002
43566  20.760  -27.583  67.556 0.1111110002
43573  21.373  -27.214  67.013 0.1111110002
43574  20.597  -27.541  66.563 0.1111110002
43582  21.242  -27.023  66.080 0.1111110002
43605  20.384  -26.943  63.763 0.1111110002
44799  19.896  -26.855  61.680 0.1111110002
42464  20.521  -27.922  69.410 0.1111110002
43567  19.948  -27.942  67.100 0.1111110002
43575  19.833  -27.939  66.162 0.1111110002
43583  20.508  -27.411  65.633 0.1111110002
43593  20.468  -27.186  64.683 0.1111110002
43606  19.796  -27.391  63.344 0.1111110002
41493  4.783  -28.502  65.057 0.1111110002
109705  28.935  -18.399  55.220 0.1111110002
53531  42.586  -17.591  43.642 0.2222220004
53543  42.204  -17.408  42.262 0.2222220004
116129  40.918  -17.398  41.322 0.3333329856
55461  44.899  -15.700  41.291 0.1111110002
54469  44.386  -16.263  41.856 0.1111110002
53554  43.199  -16.803  41.898 0.2222220004
52524  33.752  -19.434  49.459 0.1111110002
53444  34.248  -18.911  48.486 0.2222220004
56451  33.904  -14.159  48.743 0.2222220004
58664  49.297  -12.482  38.591 0.1111110002
107392  45.753  -7.069  39.814 0.1111110002
43645  21.617  -26.615  60.295 0.2222220004
44816  19.950  -26.757  60.871 0.1111110002
53557  40.115  -17.411  41.203 0.2222220004
48889  26.979  -22.716  53.370 0.2222220004
52464  29.290  -18.405  55.958 0.1111110002
52465  28.598  -18.675  55.811 0.1111110002
63180  45.136  -6.716  39.384 0.3333329856
121020  24.326  -28.636  57.218 0.2222220004
43620  19.810  -27.115  62.516 0.1111110002
106529  26.297  -28.638  57.982 0.1111110002
42591  23.422  -28.214  58.001 0.2222220004
54470  43.691  -16.467  41.588 0.2222220004
40434  20.806  -30.715  70.361 0.1111110002
106528  25.468  -28.673  58.020 0.1111110002
105640  24.993  -28.454  59.971 0.1111110002
43642  24.014  -27.767  61.156 0.1111110002
43628  24.619  -27.873  61.931 0.1111110002
43556  22.916  -27.043  69.759 0.1111110002
44693  23.564  -27.147  69.750 0.1111110002
122201  24.106  -28.415  58.532 0.2222220004
42558  23.640  -27.823  60.289 0.2222220004
43658  22.943  -27.433  60.192 0.2222220004
43630  22.586  -26.787  61.332 0.1111110002
43617  23.456  -27.005  62.438 0.1111110002
44795  22.896  -26.554  62.956 0.1111110002
44814  22.042  -26.447  61.821 0.1111110002
44764  22.707  -26.382  64.254 0.1111110002
44765  22.076  -26.440  64.831 0.1111110002
44749  22.540  -26.476  65.731 0.1111110002
113787  21.999  -26.338  63.984 0.1111110002
111190  22.088  -26.736  66.555 0.1111110002
44722  22.917  -26.684  67.605 0.1111110002
42573  23.165  -27.741  59.594 0.2222220004
43644  22.422  -26.951  60.560 0.1111110002
42446  21.029  -28.604  70.755 0.1111110002
41412  21.102  -28.975  70.840 0.1111110002
42444  22.167  -28.437  70.409 0.1111110002
40425  21.045  -29.568  70.671 0.1111110002
41411  21.586  -28.872  70.661 0.1111110002
43539  22.370  -27.927  70.310 0.1111110002
43548  22.381  -27.546  70.103 0.1111110002
43565  21.615  -27.269  68.070 0.1111110002
44781  21.620  -26.364  63.324 0.1111110002
44750  21.221  -26.799  65.159 0.1111110002
44797  21.280  -26.337  61.817 0.1111110002
44798  20.527  -26.544  62.310 0.1111110002
43619  20.264  -26.824  63.016 0.1111110002
43549  21.488  -27.663  69.900 0.1111110002
125378  22.057  -26.935  67.522 0.1111110002
42475  20.177  -27.945  68.162 0.1111110002
43584  19.705  -27.928  65.188 0.1111110002
43594  19.780  -27.620  64.215 0.1111110002
119671  37.708  -20.979  51.386 0.1111110002
120196  37.790  -20.719  50.524 0.1111110002
50772  37.941  -19.772  48.321 0.2222220004
61371  46.062  -9.220  41.924 0.1111110002
119946  45.427  -8.860  41.487 0.1111110002
65017  46.526  -5.384  36.102 0.2222220004
65012  46.800  -5.292  37.182 0.2222220004
65858  49.147  -3.762  35.757 0.1111110002
66735  51.123  -3.821  33.852 0.1111110002
65870  51.878  -4.080  33.224 0.2222220004
65879  52.392  -4.860  32.639 0.2222220004
114859  51.872  -5.426  32.357 0.2222220004
65051  52.698  -5.860  31.582 0.3333329856
65878  53.352  -4.655  32.517 0.2222220004
65050  53.381  -5.523  31.293 0.2222220004
65054  53.508  -5.785  30.570 0.2222220004
65884  53.982  -4.853  31.827 0.1111110002
65883  54.628  -4.467  31.430 0.1111110002
65053  53.936  -5.253  30.166 0.2222220004
64275  62.460  -5.168  25.485 0.2222220004
66744  56.427  -3.344  31.945 0.1111110002
65876  55.250  -3.970  31.829 0.1111110002
65888  54.476  -4.610  30.661 0.2222220004
65934  62.271  -4.039  25.290 0.2222220004
66790  62.060  -3.106  25.271 0.3333329856
66789  62.850  -3.401  24.973 0.3333329856
67662  61.899  -2.358  25.163 0.3333329856
126306  55.628  -3.636  31.233 0.1111110002
66748  55.469  -3.514  30.630 0.2222220004
108321  61.359  -3.742  25.511 0.3333329856
66791  61.116  -2.825  25.584 0.3333329856
68502  62.335  -2.036  24.646 0.2222220004
67664  60.448  -2.264  25.704 0.3333329856
68503  61.725  -1.785  24.936 0.3333329856
68504  60.819  -1.533  25.297 0.3333329856
68505  59.965  -1.038  25.410 0.3333329856
68517  61.482  -1.180  24.612 0.2222220004
69394  60.631  -0.747  24.878 0.2222220004
125124  60.590  -0.304  24.531 0.1111110002
70262  59.559  0.546  24.731 0.1111110002
115638  59.926  -0.153  24.906 0.1111110002
71127  59.799  1.107  24.090 0.1111110002
71137  60.432  1.493  23.353 0.1111110002
107883  59.692  1.871  23.781 0.1111110002
72035  60.564  2.284  22.971 0.1111110002
71126  60.761  0.616  23.572 0.1111110002
69402  60.452  0.173  24.220 0.1111110002
72028  59.314  2.784  24.019 0.1111110002
71128  59.064  1.991  24.449 0.1111110002
71121  58.769  1.317  25.049 0.1111110002
72955  59.444  3.679  23.883 0.1111110002
72036  60.016  2.267  23.431 0.1111110002
112993  60.088  3.110  23.285 0.1111110002
65859  48.409  -4.308  35.333 0.1111110002
65880  51.454  -4.977  32.700 0.2222220004
65892  54.342  -4.780  29.751 0.3333329856
65891  54.792  -4.106  30.207 0.3333329856
65043  52.465  -5.457  32.142 0.3333329856
65869  52.873  -4.085  33.145 0.2222220004
125881  52.852  -5.118  32.347 0.2222220004
65042  53.135  -5.289  31.958 0.2222220004
65049  53.978  -5.065  31.003 0.2222220004
66745  55.737  -3.631  31.648 0.1111110002
65887  55.183  -4.036  31.141 0.1111110002
67661  62.637  -2.648  24.783 0.2222220004
67663  61.252  -2.111  25.400 0.3333329856
33606  2.530  -37.894  70.418 0.1111110002
31792  2.748  -39.146  70.206 0.1111110002
33613  2.687  -37.524  70.185 0.1111110002
33614  2.311  -38.388  69.780 0.1111110002
32730  2.479  -38.652  68.664 0.1111110002
32722  2.100  -38.937  69.466 0.1111110002
31800  2.112  -39.676  69.069 0.1111110002
30822  2.570  -40.202  69.169 0.1111110002
30823  2.180  -40.575  68.609 0.1111110002
32731  1.932  -39.102  68.991 0.1111110002
32732  1.734  -39.643  68.311 0.1111110002
30833  1.357  -40.775  67.680 0.1111110002
32741  1.864  -39.294  67.856 0.1111110002
31810  1.414  -40.175  67.975 0.1111110002
52498  33.496  -19.483  51.982 0.1111110002
58494  36.140  -11.802  48.195 0.1111110002
59467  37.173  -11.768  49.233 0.1111110002
58488  36.320  -11.968  48.999 0.1111110002
58496  34.865  -12.557  48.287 0.1111110002
58503  34.957  -12.216  47.531 0.1111110002
58519  35.168  -11.896  46.786 0.1111110002
58539  38.559  -11.869  45.419 0.1111110002
58517  37.164  -11.713  46.222 0.1111110002
63187  45.958  -6.540  39.345 0.1111110002
64161  46.227  -5.996  38.560 0.1111110002
63188  45.336  -6.282  38.700 0.2222220004
64160  47.261  -5.946  38.761 0.1111110002
65008  47.672  -5.436  38.045 0.1111110002
65931  64.526  -4.455  24.928 0.1111110002
65933  63.131  -4.264  25.145 0.1111110002
65946  64.627  -4.067  24.302 0.1111110002
66788  63.542  -3.600  24.712 0.1111110002
107224  32.933  -19.306  53.745 0.1111110002
109481  34.691  -12.013  46.296 0.1111110002
58540  37.584  -11.841  45.548 0.1111110002
32716  2.370  -38.483  70.143 0.1111110002
31799  2.360  -39.355  69.691 0.1111110002
32723  1.947  -39.343  68.890 0.1111110002
31805  1.791  -39.964  68.546 0.1111110002
118207  35.446  -12.047  48.033 0.1111110002
59483  37.001  -11.709  48.386 0.1111110002
58502  35.842  -11.746  47.384 0.1111110002
65932  63.952  -4.298  24.978 0.1111110002
66787  64.138  -3.768  24.487 0.1111110002
65958  64.742  -3.999  23.616 0.1111110002
37419  0.076  -33.398  68.035 0.1111110002
124149  -0.451  -33.436  67.905 0.1111110002
37420  -1.515  -34.011  67.372 0.1111110002
36517  -0.611  -34.056  67.798 0.1111110002
36526  0.166  -34.235  67.759 0.1111110002
119813  -1.034  -34.704  67.423 0.1111110002
53443  35.033  -17.965  49.162 0.1111110002
117234  35.154  -17.607  50.136 0.1111110002
54378  34.814  -16.844  49.937 0.1111110002
53427  35.233  -18.533  50.068 0.1111110002
115767  34.462  -15.955  49.837 0.1111110002
55386  34.230  -15.052  49.732 0.1111110002
109092  42.584  -17.461  42.910 0.1111110002
54460  43.752  -16.754  42.380 0.1111110002
53529  44.045  -16.862  43.885 0.1111110002
54452  44.120  -16.772  43.121 0.1111110002
109457  -0.482  -34.839  67.463 0.1111110002
37432  1.603  -33.945  66.980 0.1111110002
54391  34.533  -16.865  49.151 0.1111110002
35574  -1.690  -35.939  65.983 0.1111110002
54459  44.609  -16.398  42.664 0.1111110002
53428  34.700  -18.963  49.325 0.1111110002
57552  48.287  -13.304  39.750 0.1111110002
58647  48.798  -12.916  39.174 0.1111110002
66859  58.080  -3.668  21.153 0.1111110002
106213  58.863  -3.285  21.096 0.1111110002
67721  58.143  -2.871  21.123 0.1111110002
68538  63.107  -2.186  23.514 0.1111110002
68527  62.660  -1.725  23.661 0.1111110002
66855  62.376  -3.040  22.148 0.1111110002
68539  62.609  -1.711  23.260 0.1111110002
113255  62.012  -1.659  22.494 0.1111110002
66856  61.485  -2.940  21.717 0.1111110002
67720  59.820  -2.731  21.105 0.1111110002
66860  57.311  -3.262  21.280 0.1111110002
66861  56.524  -2.786  21.444 0.1111110002
111686  61.528  -1.744  21.933 0.1111110002
67719  60.982  -2.331  21.517 0.1111110002
67732  59.291  -1.936  20.945 0.1111110002
119945  61.099  -1.546  21.539 0.1111110002
121757  58.885  -2.595  21.006 0.1111110002
67678  63.188  -2.597  24.290 0.1111110002
68515  63.005  -2.077  24.025 0.1111110002
67679  62.782  -2.221  24.366 0.1111110002
68516  62.602  -1.789  24.138 0.1111110002
67717  62.564  -2.202  22.664 0.1111110002
68550  62.531  -1.717  22.965 0.1111110002
69406  62.205  -1.283  23.336 0.1111110002
69399  62.285  -1.357  23.806 0.1111110002
110149  62.122  -1.523  24.346 0.1111110002
66862  55.710  -3.031  21.713 0.1111110002
68540  62.011  -1.226  22.841 0.1111110002
69407  61.906  -0.903  23.439 0.1111110002
67722  57.382  -2.291  21.203 0.1111110002
68563  59.737  -1.038  20.872 0.1111110002
68551  61.606  -1.060  21.974 0.1111110002
68562  60.817  -0.969  21.310 0.1111110002
67630  56.067  -2.884  30.760 0.1111110002
69400  61.900  -0.957  23.999 0.1111110002
69401  61.213  -0.489  24.219 0.1111110002
69431  61.572  -0.508  22.375 0.1111110002
70289  61.510  -0.013  22.550 0.1111110002
67707  63.119  -2.247  23.116 0.1111110002
67693  63.491  -2.592  23.807 0.1111110002
67718  61.843  -2.296  22.084 0.1111110002
68552  60.323  -1.764  21.144 0.1111110002
66857  60.659  -3.299  21.400 0.1111110002
67723  56.577  -2.058  21.409 0.1111110002
70276  61.656  -0.278  23.077 0.1111110002
70267  61.598  -0.458  23.580 0.1111110002
69419  61.814  -0.722  22.971 0.1111110002
30829  1.737  -40.542  68.201 0.1111110002
37415  7.589  -33.467  67.642 0.1111110002
40595  16.838  -30.877  58.653 0.4444440007
43740  28.057  -28.121  54.110 0.1111110002
44849  33.583  -25.792  58.115 0.1111110002
44870  32.422  -25.749  55.562 0.1111110002
44974  23.848  -26.712  49.119 0.7777780294
45878  13.160  -24.517  62.356 0.1111110002
45960  28.815  -25.899  51.088 0.3333329856
46839  14.266  -23.452  66.449 0.1111110002
46935  31.381  -24.117  54.450 0.1111110002
46950  25.486  -25.116  53.316 0.2222220004
47837  14.373  -23.362  59.303 0.1111110002
48009  25.696  -23.406  47.914 0.8888890147
48827  23.187  -22.849  58.592 0.1111110002
48886  33.501  -22.908  53.378 0.1111110002
48950  32.188  -22.057  50.903 0.4444440007
49790  15.677  -22.112  57.994 0.2222220004
49812  18.914  -21.100  55.207 0.2222220004
49864  36.562  -21.820  51.340 0.3333329856
49865  25.627  -21.550  51.423 0.6666669846
49928  31.212  -21.071  47.671 0.8888890147
49934  25.516  -21.219  48.006 0.7777780294
49950  32.040  -20.951  46.834 1.0000000000
50713  17.521  -20.682  56.824 0.1111110002
51647  34.259  -19.455  43.514 1.0000000000
52582  27.995  -18.446  46.645 1.0000000000
53447  28.529  -17.760  49.309 0.6666669846
53493  29.377  -17.879  46.392 0.8888890147
53542  42.930  -17.134  42.404 0.3333329856
61372  44.695  -9.181  41.683 0.3333329856
105454  12.838  -24.607  61.931 0.3333329856
111142  32.008  -14.777  45.874 0.8888890147
112373  29.319  -28.415  57.141 0.1111110002
113461  33.624  -20.932  46.544 1.0000000000
116250  11.887  -24.413  61.973 0.2222220004
119121  20.484  -28.499  70.789 0.1111110002
120625  29.997  -28.437  57.092 0.1111110002
122165  7.552  -32.010  59.867 0.7777780294
122471  21.764  -23.315  55.256 0.3333329856
122801  34.242  -20.915  46.468 1.0000000000
123112  12.122  -30.482  65.170 0.1111110002
125990  38.737  -11.836  44.174 0.2222220004
