#!ascii label  , from subject sub-v2s16x51274_ses-1 vox2ras=TkReg
2989
31780  6.331  -39.002  71.180 0.2222220004
32713  7.180  -39.120  71.461 0.2222220004
32703  7.621  -39.004  72.047 0.2222220004
32714  6.929  -39.072  71.668 0.2222220004
31788  6.381  -39.193  70.769 0.2222220004
32694  8.188  -38.443  72.594 0.1111110002
33589  7.616  -38.020  72.751 0.2222220004
118883  7.544  -38.653  72.342 0.2222220004
111807  7.139  -39.030  72.054 0.2222220004
31798  5.551  -39.682  69.860 0.2222220004
118139  7.560  -37.107  72.871 0.2222220004
111076  8.517  -37.553  73.200 0.1111110002
34550  6.726  -36.592  72.532 0.1111110002
33590  6.702  -37.500  72.418 0.1111110002
32695  6.986  -38.516  72.249 0.2222220004
34551  5.902  -36.505  72.349 0.1111110002
32696  6.128  -38.184  71.899 0.1111110002
33592  4.644  -37.057  71.843 0.2222220004
33591  5.591  -37.275  72.061 0.1111110002
32704  6.504  -38.884  71.702 0.2222220004
32705  5.492  -38.534  71.372 0.2222220004
31781  5.683  -38.936  70.955 0.2222220004
31789  5.624  -39.311  70.488 0.2222220004
35523  8.235  -35.587  72.515 0.1111110002
34549  8.206  -36.543  72.984 0.1111110002
116818  4.656  -35.668  72.196 0.3333329856
34552  5.023  -36.403  72.192 0.2222220004
34553  4.311  -36.340  71.909 0.3333329856
32697  5.052  -37.878  71.684 0.3333329856
33597  4.029  -37.550  71.469 0.4444440007
32706  4.366  -38.258  71.228 0.3333329856
31783  3.729  -38.576  70.859 0.4444440007
31782  4.666  -38.845  70.827 0.4444440007
31791  3.678  -39.299  70.420 0.4444440007
31790  4.791  -39.427  70.366 0.3333329856
30812  4.037  -40.016  69.821 0.2222220004
30811  4.842  -39.866  69.786 0.2222220004
30819  4.907  -40.300  69.199 0.2222220004
35515  7.422  -35.505  72.544 0.1111110002
36489  6.040  -33.982  73.007 0.1111110002
36493  6.523  -35.060  72.639 0.1111110002
35509  5.775  -34.720  72.760 0.1111110002
35516  6.058  -35.633  72.554 0.1111110002
35510  5.346  -34.826  72.667 0.1111110002
35517  5.265  -35.630  72.427 0.1111110002
35519  4.136  -35.771  71.888 0.3333329856
35525  3.770  -35.911  71.415 0.4444440007
34558  3.749  -36.447  71.500 0.3333329856
34563  3.236  -36.635  71.121 0.4444440007
32707  3.299  -37.961  71.090 0.4444440007
32715  2.945  -38.495  70.599 0.4444440007
30813  3.111  -39.926  69.720 0.4444440007
31792  2.748  -39.146  70.206 0.4444440007
30820  4.145  -40.484  69.138 0.2222220004
36492  6.952  -34.270  72.738 0.1111110002
41418  13.254  -28.943  71.587 0.4444440007
127100  12.704  -28.824  71.479 0.3333329856
37375  5.497  -33.447  73.120 0.1111110002
41404  11.728  -28.930  72.496 0.2222220004
41394  12.135  -29.398  72.997 0.2222220004
36490  5.443  -34.157  72.856 0.2222220004
36491  5.155  -34.104  72.762 0.2222220004
35511  4.914  -34.963  72.499 0.2222220004
35524  4.159  -35.233  71.761 0.3333329856
35518  4.514  -35.127  72.182 0.3333329856
34566  4.121  -36.353  69.815 0.6666669846
34562  3.705  -36.083  70.746 0.5555559993
33613  2.687  -37.524  70.185 0.6666669846
33606  2.530  -37.894  70.418 0.6666669846
32708  2.698  -37.807  70.695 0.4444440007
32716  2.370  -38.483  70.143 0.5555559993
30821  3.587  -40.405  69.286 0.3333329856
29839  2.816  -40.822  68.675 0.4444440007
29852  2.733  -41.518  67.885 0.2222220004
28900  3.732  -42.115  66.043 0.2222220004
41422  9.811  -29.137  71.409 0.3333329856
41405  10.676  -28.987  72.282 0.2222220004
41406  9.701  -29.224  72.585 0.2222220004
37374  6.024  -32.925  73.488 0.1111110002
125280  6.535  -33.347  73.235 0.1111110002
41403  12.685  -28.996  72.326 0.3333329856
122496  10.367  -29.337  73.121 0.2222220004
38368  5.682  -32.637  73.264 0.1111110002
121620  11.627  -29.932  73.385 0.2222220004
40416  10.552  -29.969  73.458 0.1111110002
38372  5.397  -32.478  72.937 0.2222220004
37378  5.202  -33.205  72.986 0.1111110002
105641  12.771  -28.842  70.637 0.4444440007
41419  12.082  -28.794  71.245 0.3333329856
39348  12.175  -30.497  72.875 0.2222220004
37390  4.795  -34.010  71.648 0.2222220004
36500  5.050  -34.240  70.734 0.5555559993
36501  4.508  -34.714  71.339 0.5555559993
35534  4.499  -35.650  70.175 0.6666669846
35529  4.114  -35.381  71.051 0.5555559993
34567  3.188  -36.795  70.462 0.5555559993
32730  2.479  -38.652  68.664 0.5555559993
32731  1.932  -39.102  68.991 0.5555559993
31805  1.791  -39.964  68.546 0.4444440007
29845  2.523  -41.192  68.265 0.4444440007
126005  2.386  -41.364  67.972 0.3333329856
37376  7.868  -32.888  72.543 0.1111110002
37373  6.681  -32.527  73.410 0.1111110002
40417  9.685  -29.727  73.266 0.2222220004
41407  8.935  -29.582  72.896 0.2222220004
38371  7.474  -32.229  73.226 0.1111110002
38367  7.111  -31.706  73.446 0.1111110002
41438  9.954  -29.377  70.170 0.4444440007
125554  8.211  -30.879  73.615 0.1111110002
115301  6.212  -31.402  72.965 0.3333329856
38381  5.480  -32.611  71.840 0.4444440007
105642  13.661  -29.040  70.408 0.4444440007
119819  12.100  -28.985  68.977 0.5555559993
41436  11.437  -29.064  69.251 0.4444440007
41420  11.332  -28.884  70.338 0.4444440007
37389  5.279  -33.487  71.127 0.3333329856
41449  13.368  -29.355  68.492 0.5555559993
41451  11.730  -29.482  68.291 0.4444440007
40452  11.066  -30.017  67.866 0.4444440007
40443  10.354  -30.166  68.318 0.4444440007
37398  5.725  -33.840  70.139 0.5555559993
36508  5.444  -34.612  69.879 0.5555559993
105990  13.737  -29.209  69.273 0.5555559993
105469  12.977  -29.543  67.857 0.6666669846
119985  12.314  -30.069  66.932 0.4444440007
126117  11.775  -30.212  66.775 0.5555559993
109228  11.146  -30.282  67.032 0.5555559993
40483  11.089  -30.712  65.823 0.5555559993
36507  6.157  -34.274  69.195 0.5555559993
35533  5.691  -35.119  69.153 0.6666669846
41464  13.718  -29.714  67.627 0.6666669846
110592  12.940  -29.873  67.192 0.6666669846
40465  12.093  -30.287  66.224 0.6666669846
40466  11.396  -30.455  66.313 0.5555559993
40498  11.199  -30.859  65.170 0.5555559993
39440  10.804  -31.512  63.902 0.6666669846
35543  5.092  -35.901  69.217 0.5555559993
39426  11.348  -31.081  64.417 0.6666669846
34572  3.589  -37.083  69.506 0.5555559993
33621  3.034  -37.838  69.170 0.5555559993
32723  1.947  -39.343  68.890 0.5555559993
30833  1.357  -40.775  67.680 0.5555559993
30823  2.180  -40.575  68.609 0.4444440007
29853  1.441  -41.458  67.205 0.5555559993
29846  2.005  -41.152  68.012 0.4444440007
41423  8.969  -29.397  71.886 0.3333329856
40418  8.359  -30.140  73.186 0.2222220004
40419  7.543  -30.472  73.052 0.2222220004
39364  6.482  -31.302  72.167 0.4444440007
38393  6.245  -32.288  70.875 0.5555559993
40435  9.461  -30.047  69.597 0.3333329856
112837  8.402  -29.948  71.076 0.4444440007
39373  7.206  -31.136  71.035 0.4444440007
39374  6.547  -31.682  71.177 0.4444440007
37388  5.953  -33.039  70.533 0.5555559993
40444  9.676  -30.370  68.714 0.5555559993
40445  8.987  -30.667  69.060 0.4444440007
41448  14.338  -29.481  68.557 0.5555559993
40453  10.367  -30.509  67.450 0.5555559993
126081  5.134  -35.252  69.757 0.5555559993
41463  14.720  -29.801  67.643 0.6666669846
40464  12.871  -30.232  66.309 0.5555559993
40482  11.745  -30.504  65.564 0.6666669846
39414  10.575  -31.088  65.624 0.5555559993
39427  10.561  -31.401  64.794 0.5555559993
34570  5.363  -36.369  68.310 0.5555559993
40480  13.112  -30.371  65.376 0.5555559993
112804  12.504  -30.520  64.775 0.5555559993
33620  4.102  -37.440  68.526 0.5555559993
33631  3.611  -38.151  68.085 0.5555559993
32741  1.864  -39.294  67.856 0.5555559993
32732  1.734  -39.643  68.311 0.6666669846
105027  7.770  -30.419  71.370 0.2222220004
40423  8.164  -30.005  72.292 0.2222220004
111520  8.731  -30.356  70.005 0.4444440007
40436  7.998  -30.723  70.428 0.4444440007
116752  6.661  -32.668  69.950 0.5555559993
39396  9.618  -31.000  67.471 0.4444440007
39388  9.259  -30.909  68.250 0.5555559993
39389  8.615  -31.357  68.596 0.4444440007
125884  8.318  -31.080  69.466 0.4444440007
39380  7.625  -31.509  69.917 0.4444440007
119915  15.180  -29.658  68.255 0.5555559993
124675  10.046  -30.825  67.026 0.4444440007
39403  9.228  -31.567  67.117 0.4444440007
38403  7.897  -31.760  68.973 0.4444440007
41480  14.244  -30.087  66.912 0.6666669846
39402  9.765  -31.199  66.764 0.4444440007
39397  8.922  -31.542  67.776 0.4444440007
111877  6.655  -34.307  68.482 0.5555559993
35542  5.835  -35.662  68.449 0.5555559993
123996  13.878  -30.396  65.149 0.5555559993
40497  11.837  -30.642  64.863 0.6666669846
36516  6.287  -34.927  68.495 0.5555559993
40496  13.360  -30.491  64.489 0.6666669846
40517  12.737  -30.704  63.899 0.6666669846
39439  11.500  -31.260  63.599 0.6666669846
39415  9.943  -31.360  66.065 0.5555559993
38440  9.298  -31.799  66.469 0.5555559993
40518  12.034  -30.837  64.143 0.6666669846
117793  9.792  -31.942  64.921 0.6666669846
38464  10.100  -31.910  64.128 0.6666669846
41446  16.814  -29.651  68.215 0.4444440007
39381  6.935  -31.935  70.345 0.5555559993
37397  6.412  -33.426  69.596 0.5555559993
41447  15.981  -29.674  68.475 0.5555559993
119865  16.343  -29.797  67.682 0.5555559993
38415  6.962  -32.924  69.067 0.4444440007
41462  15.624  -29.845  67.626 0.5555559993
38404  7.288  -32.238  69.455 0.4444440007
116706  14.647  -30.219  66.340 0.7777780294
38414  7.600  -32.493  68.616 0.4444440007
37405  6.780  -33.678  68.781 0.4444440007
115477  14.629  -30.324  65.638 0.5555559993
40463  13.811  -30.262  66.069 0.7777780294
38413  8.237  -32.034  68.133 0.4444440007
124380  13.949  -30.452  64.606 0.5555559993
38452  9.505  -31.945  65.684 0.5555559993
38428  7.887  -32.765  67.845 0.4444440007
125012  7.983  -33.032  67.212 0.5555559993
37404  7.334  -33.224  68.338 0.4444440007
34571  4.586  -36.711  68.883 0.5555559993
39438  12.188  -31.030  63.293 0.6666669846
37416  7.103  -33.926  68.069 0.5555559993
32739  3.967  -38.182  67.240 0.5555559993
32740  3.089  -38.759  67.304 0.5555559993
39455  11.526  -31.494  62.641 0.6666669846
114218  17.994  -29.154  68.867 0.4444440007
107690  17.294  -29.450  68.792 0.4444440007
106975  16.176  -30.024  66.865 0.5555559993
40462  15.433  -30.215  66.176 0.6666669846
108594  14.616  -30.417  64.775 0.5555559993
38427  8.584  -32.308  67.138 0.5555559993
40516  13.445  -30.631  63.617 0.6666669846
111539  8.909  -32.504  66.114 0.5555559993
39453  13.182  -31.091  62.216 0.6666669846
40536  12.928  -30.912  63.062 0.6666669846
37429  7.792  -33.556  67.012 0.5555559993
123319  10.983  -31.615  63.196 0.6666669846
38453  9.137  -32.638  65.167 0.6666669846
39454  12.373  -31.247  62.394 0.6666669846
38474  10.367  -31.951  63.314 0.6666669846
39474  11.803  -31.570  61.678 0.6666669846
39456  10.731  -31.960  62.564 0.6666669846
108201  11.070  -31.908  61.844 0.6666669846
41445  17.500  -29.482  68.017 0.5555559993
107881  16.973  -29.767  67.363 0.6666669846
41477  17.095  -29.832  66.346 0.6666669846
41478  16.261  -30.144  65.894 0.6666669846
40479  15.485  -30.308  65.352 0.5555559993
40494  15.543  -30.366  64.541 0.5555559993
40495  14.100  -30.483  64.050 0.6666669846
40515  14.671  -30.515  63.488 0.5555559993
115482  14.032  -30.582  63.343 0.6666669846
40535  13.659  -30.779  62.848 0.6666669846
40534  14.509  -30.661  62.726 0.6666669846
37428  8.269  -33.162  66.484 0.5555559993
37440  8.645  -33.104  65.726 0.5555559993
38475  9.674  -32.606  63.524 0.6666669846
37454  8.974  -33.125  64.224 0.6666669846
40554  14.007  -30.971  62.045 0.6666669846
39473  12.643  -31.402  61.485 0.6666669846
38489  10.080  -32.490  62.629 0.6666669846
123371  10.625  -32.131  61.301 0.6666669846
39475  11.180  -31.808  61.063 0.5555559993
39495  11.988  -31.549  60.665 0.6666669846
40493  16.331  -30.265  64.261 0.5555559993
40514  15.570  -30.426  63.695 0.5555559993
122371  15.197  -30.521  63.053 0.6666669846
40533  15.409  -30.636  62.438 0.6666669846
40553  14.909  -30.889  61.852 0.6666669846
39472  13.524  -31.312  61.335 0.6666669846
39493  13.915  -31.445  60.482 0.6666669846
39494  13.014  -31.458  60.594 0.6666669846
39514  12.572  -31.430  59.816 0.5555559993
113608  17.576  -29.644  64.673 0.7777780294
40492  17.007  -30.096  64.005 0.5555559993
111300  15.901  -30.487  62.961 0.5555559993
40532  16.641  -30.396  62.750 0.5555559993
39471  14.414  -31.245  61.172 0.6666669846
39470  15.303  -31.112  61.022 0.6666669846
39492  14.822  -31.362  60.265 0.6666669846
39496  11.056  -31.697  60.221 0.5555559993
111224  13.479  -31.463  59.778 0.5555559993
39515  11.677  -31.453  59.712 0.5555559993
41501  18.116  -29.283  64.373 0.7777780294
42504  18.579  -28.836  64.840 0.7777780294
40512  17.174  -30.153  63.267 0.5555559993
123012  16.705  -30.483  61.989 0.6666669846
40571  16.022  -30.908  60.903 0.5555559993
112638  14.234  -31.469  59.788 0.6666669846
39537  13.073  -31.291  58.951 0.4444440007
107843  14.051  -31.382  59.114 0.4444440007
42517  18.673  -28.751  64.046 0.6666669846
41515  18.223  -29.291  63.542 0.6666669846
122787  17.990  -29.713  61.508 0.6666669846
41525  17.868  -29.758  62.179 0.6666669846
41535  17.849  -29.896  60.826 0.7777780294
40551  16.661  -30.630  61.186 0.6666669846
39491  15.706  -31.145  60.226 0.5555559993
39513  14.894  -31.391  59.374 0.5555559993
39535  15.512  -31.276  58.752 0.4444440007
40596  13.092  -30.805  58.077 0.4444440007
42530  18.774  -28.677  63.201 0.6666669846
41534  18.394  -29.242  61.889 0.6666669846
40569  17.205  -30.406  60.619 0.6666669846
40585  17.726  -30.133  59.890 0.6666669846
126817  16.725  -30.834  59.290 0.5555559993
39556  14.571  -30.988  57.818 0.3333329856
39534  16.185  -31.105  58.246 0.5555559993
43600  27.634  -27.705  64.540 0.5555559993
42527  27.006  -28.337  62.469 0.7777780294
43614  26.125  -28.069  62.961 0.8888890147
42528  26.292  -28.384  62.049 0.8888890147
43615  25.075  -27.750  62.807 0.8888890147
42543  25.048  -28.267  61.008 0.8888890147
43627  25.510  -28.234  62.010 0.8888890147
43628  24.619  -27.873  61.931 0.7777780294
43617  23.456  -27.005  62.438 0.7777780294
123153  23.928  -27.452  61.957 0.7777780294
44795  22.896  -26.554  62.956 0.7777780294
43642  24.014  -27.767  61.156 0.7777780294
43630  22.586  -26.787  61.332 0.7777780294
44796  22.000  -26.376  62.600 0.7777780294
123185  21.258  -26.364  62.636 0.7777780294
43594  19.780  -27.620  64.215 0.7777780294
44826  21.820  -26.461  61.105 0.7777780294
44814  22.042  -26.447  61.821 0.7777780294
43620  19.810  -27.115  62.516 0.7777780294
42516  19.258  -28.119  63.705 0.7777780294
44798  20.527  -26.544  62.310 0.7777780294
42529  19.314  -27.935  62.832 0.6666669846
43631  19.386  -27.699  61.857 0.6666669846
118825  18.413  -29.317  61.108 0.7777780294
41544  18.368  -29.431  60.285 0.7777780294
41554  18.391  -29.529  59.407 0.7777780294
40584  17.954  -30.162  58.979 0.7777780294
108199  17.308  -30.538  59.176 0.5555559993
42524  29.214  -28.955  62.129 0.5555559993
42525  28.501  -28.609  62.441 0.5555559993
42526  27.836  -28.388  62.900 0.6666669846
42540  27.752  -28.483  61.958 0.5555559993
107851  27.685  -28.518  60.974 0.7777780294
42541  26.901  -28.498  61.552 0.8888890147
42542  26.026  -28.489  61.271 0.8888890147
42555  26.701  -28.553  60.663 0.8888890147
42556  25.822  -28.547  60.348 0.8888890147
42557  24.373  -28.160  60.396 0.7777780294
105640  24.993  -28.454  59.971 0.7777780294
43629  23.310  -27.168  61.646 0.7777780294
105637  24.992  -28.597  58.931 0.7777780294
42558  23.640  -27.823  60.289 0.6666669846
43643  23.159  -27.323  60.845 0.7777780294
105638  25.967  -28.629  58.798 0.7777780294
42572  24.088  -28.259  59.529 0.7777780294
44797  21.280  -26.337  61.817 0.7777780294
121136  19.656  -27.230  61.156 0.6666669846
106528  25.468  -28.673  58.020 0.7777780294
122201  24.106  -28.415  58.532 0.7777780294
112652  23.319  -28.026  58.828 0.6666669846
42573  23.165  -27.741  59.594 0.6666669846
43659  22.298  -27.206  59.729 0.6666669846
44828  20.337  -26.478  60.490 0.8888890147
44799  19.896  -26.855  61.680 0.7777780294
42590  24.677  -28.624  57.952 0.8888890147
43645  21.617  -26.615  60.295 0.7777780294
44816  19.950  -26.757  60.871 0.8888890147
43646  19.636  -27.217  60.476 0.7777780294
43632  19.325  -27.875  60.951 0.6666669846
119480  25.335  -28.708  55.581 0.7777780294
42625  24.591  -28.726  56.519 0.7777780294
121020  24.326  -28.636  57.218 0.7777780294
42591  23.422  -28.214  58.001 0.7777780294
42592  22.531  -27.706  58.222 0.7777780294
43676  21.899  -27.170  58.901 0.7777780294
43647  19.292  -27.902  60.151 0.7777780294
42644  24.710  -28.753  55.751 0.6666669846
42626  23.912  -28.613  56.571 0.6666669846
42609  23.635  -28.424  57.253 0.7777780294
43694  22.018  -27.554  57.320 0.6666669846
42575  18.826  -28.701  59.783 0.7777780294
42666  24.866  -28.713  54.870 0.5555559993
112587  24.154  -28.699  55.975 0.5555559993
115636  23.543  -28.530  55.885 0.5555559993
42627  23.223  -28.318  56.581 0.6666669846
41523  29.739  -29.341  62.438 0.4444440007
41533  29.725  -29.338  61.520 0.4444440007
42539  28.518  -28.636  61.533 0.5555559993
42538  29.195  -28.851  61.126 0.4444440007
121710  27.974  -28.484  60.252 0.7777780294
42570  26.551  -28.591  59.658 0.7777780294
106529  26.297  -28.638  57.982 0.8888890147
42606  26.679  -28.615  57.212 0.8888890147
42608  25.043  -28.727  57.221 0.8888890147
42643  26.023  -28.652  55.846 0.7777780294
42624  25.372  -28.732  56.391 0.7777780294
42642  26.669  -28.514  55.224 0.8888890147
109493  25.779  -28.583  55.016 0.7777780294
107053  22.486  -27.918  56.568 0.6666669846
42664  26.376  -28.541  54.351 0.8888890147
42665  25.511  -28.635  54.179 0.8888890147
125543  24.187  -28.695  54.416 0.5555559993
42645  24.007  -28.698  55.191 0.5555559993
125021  22.623  -28.085  55.423 0.5555559993
42689  26.084  -28.550  53.555 0.5555559993
42690  25.238  -28.571  53.386 0.5555559993
42691  24.681  -28.667  53.974 0.5555559993
107947  23.958  -28.586  53.719 0.5555559993
42667  23.561  -28.508  54.376 0.5555559993
108596  24.492  -28.540  53.300 0.4444440007
42705  23.863  -28.378  52.783 0.4444440007
41532  30.102  -29.909  62.178 0.2222220004
41542  30.056  -29.577  60.881 0.4444440007
41543  29.719  -29.080  60.657 0.4444440007
41552  30.481  -29.193  59.531 0.5555559993
120355  30.262  -29.438  60.236 0.4444440007
42552  29.272  -28.684  60.313 0.5555559993
106155  31.220  -29.617  59.178 0.5555559993
41553  29.886  -28.867  59.926 0.5555559993
42553  28.584  -28.570  60.684 0.6666669846
42567  30.070  -28.705  59.167 0.6666669846
42568  29.347  -28.578  59.514 0.7777780294
118178  28.601  -28.493  59.892 0.6666669846
42554  27.299  -28.538  60.206 0.7777780294
42587  29.425  -28.507  58.570 0.7777780294
42569  28.566  -28.456  59.032 0.7777780294
42588  28.493  -28.451  58.139 0.7777780294
42589  27.693  -28.493  58.492 0.8888890147
105639  26.847  -28.592  58.707 0.8888890147
109665  29.104  -28.439  57.776 0.8888890147
106784  27.683  -28.513  57.706 0.8888890147
42604  28.410  -28.444  57.224 0.7777780294
106530  27.040  -28.604  57.930 0.8888890147
42622  27.957  -28.446  56.342 0.7777780294
123454  27.184  -28.578  57.466 0.7777780294
42623  26.915  -28.569  56.245 0.8888890147
42662  28.205  -28.148  54.877 0.7777780294
42641  27.591  -28.404  55.466 0.8888890147
43761  28.389  -27.753  53.497 0.8888890147
43762  27.489  -28.163  53.443 0.7777780294
42663  27.326  -28.380  54.451 0.8888890147
107198  27.897  -27.740  52.698 0.6666669846
42688  26.804  -28.450  53.752 0.7777780294
43784  28.050  -27.332  51.962 0.4444440007
125680  27.191  -28.055  52.647 0.6666669846
43763  26.654  -28.329  53.026 0.5555559993
42704  24.831  -28.451  52.627 0.4444440007
43804  27.881  -26.955  51.292 0.3333329856
43785  27.359  -27.763  52.035 0.5555559993
42703  25.790  -28.439  52.722 0.4444440007
40525  30.317  -30.780  62.934 0.2222220004
39485  30.943  -31.418  61.106 0.3333329856
121424  30.195  -29.960  61.372 0.4444440007
118542  30.555  -30.358  60.697 0.3333329856
40580  31.591  -30.394  59.614 0.6666669846
40581  30.801  -30.078  59.827 0.4444440007
41567  30.783  -28.997  58.800 0.6666669846
42586  30.314  -28.644  58.336 0.7777780294
42603  29.816  -28.490  57.756 0.7777780294
42620  29.707  -28.342  56.508 0.7777780294
42621  28.880  -28.369  56.448 0.7777780294
43725  29.916  -27.753  55.245 0.8888890147
42639  29.385  -28.194  55.807 0.7777780294
43738  29.614  -27.410  54.501 0.8888890147
43726  29.043  -27.866  55.107 0.7777780294
124357  29.682  -27.113  53.933 0.8888890147
43739  28.770  -27.782  54.333 0.8888890147
44893  29.695  -26.749  53.331 0.8888890147
43760  29.176  -27.354  53.722 0.8888890147
44907  29.365  -26.394  52.380 0.8888890147
44908  28.784  -27.195  52.715 0.6666669846
44946  28.169  -26.341  50.847 0.4444440007
44930  28.644  -26.635  51.688 0.5555559993
39484  31.711  -31.577  60.809 0.2222220004
40564  31.184  -30.884  60.266 0.3333329856
41566  31.654  -29.285  58.474 0.7777780294
42600  32.879  -28.565  57.555 0.6666669846
41575  31.957  -28.917  57.728 0.7777780294
43693  32.962  -27.763  56.835 0.8888890147
108412  32.071  -28.417  57.042 0.7777780294
42601  31.377  -28.617  57.367 0.7777780294
42585  31.109  -28.813  58.018 0.8888890147
42602  30.617  -28.555  57.417 0.8888890147
43709  32.453  -27.175  56.150 0.8888890147
42617  32.042  -27.942  56.449 0.8888890147
123634  30.818  -28.060  56.118 0.8888890147
42619  30.422  -28.337  56.640 0.7777780294
43710  31.530  -27.619  55.939 0.8888890147
43724  30.804  -27.565  55.464 0.8888890147
42638  30.179  -28.113  55.951 0.7777780294
43737  30.458  -27.138  54.771 0.8888890147
44883  30.866  -26.374  54.326 0.8888890147
121646  30.160  -26.847  54.104 0.8888890147
44892  30.460  -26.130  53.629 0.8888890147
45938  30.021  -25.913  52.860 0.8888890147
45945  30.034  -25.191  52.607 0.6666669846
45946  29.668  -25.626  52.131 0.5555559993
40562  33.498  -30.673  60.325 0.3333329856
39482  33.252  -31.334  60.953 0.4444440007
39505  32.040  -31.022  60.124 0.5555559993
116177  33.143  -30.459  59.736 0.4444440007
40593  32.125  -29.894  58.999 0.6666669846
41550  33.827  -29.621  59.150 0.6666669846
41565  32.708  -29.288  58.359 0.7777780294
42584  33.648  -28.765  58.171 0.6666669846
43708  33.287  -26.701  56.516 0.8888890147
44865  32.813  -26.182  55.950 0.8888890147
43723  32.051  -26.691  55.513 0.8888890147
125335  31.771  -25.047  54.976 0.8888890147
44882  31.510  -25.722  54.537 0.8888890147
124983  31.435  -27.212  55.449 0.8888890147
44872  31.347  -26.719  54.961 0.8888890147
45930  31.430  -24.792  54.509 0.8888890147
46936  30.961  -24.467  53.980 0.8888890147
45931  30.982  -25.438  54.045 0.8888890147
46949  30.610  -23.973  53.380 0.8888890147
45937  30.513  -25.088  53.294 0.7777780294
47932  30.416  -23.346  52.727 0.7777780294
46970  29.931  -23.874  52.060 0.7777780294
46961  29.833  -24.798  52.025 0.7777780294
39481  33.932  -31.031  61.312 0.3333329856
40561  34.104  -30.232  60.446 0.3333329856
41549  34.337  -29.484  59.714 0.5555559993
41563  34.242  -28.977  58.805 0.7777780294
42599  33.773  -28.054  57.544 0.8888890147
44859  33.630  -26.226  57.171 0.8888890147
45914  32.540  -25.205  56.226 0.8888890147
44864  33.128  -25.715  56.655 0.8888890147
45921  32.140  -24.878  55.635 0.8888890147
46919  32.213  -24.169  55.906 0.8888890147
47884  32.205  -23.803  55.336 0.8888890147
46920  31.802  -24.287  55.081 0.8888890147
47903  31.737  -23.618  54.481 0.8888890147
46948  31.122  -23.699  53.937 0.8888890147
47916  31.359  -23.147  53.695 0.8888890147
47917  30.876  -23.299  53.390 0.8888890147
47931  30.973  -22.827  53.040 0.8888890147
41541  34.497  -29.509  60.721 0.3333329856
42566  34.607  -28.620  59.479 0.7777780294
44838  34.148  -26.685  59.678 0.7777780294
44848  34.157  -26.770  58.551 0.8888890147
124442  32.901  -25.038  58.244 1.0000000000
116300  33.113  -25.366  57.474 1.0000000000
44858  34.014  -26.710  57.692 0.8888890147
45906  32.639  -24.740  57.085 0.8888890147
46896  32.552  -24.176  57.226 1.0000000000
109890  32.377  -24.391  56.501 0.8888890147
47902  32.408  -23.347  54.769 1.0000000000
47915  31.990  -22.970  54.014 0.8888890147
48869  32.852  -23.023  54.138 0.8888890147
48887  32.569  -22.762  53.308 0.8888890147
48888  31.685  -22.744  53.204 0.8888890147
111689  34.647  -28.199  60.239 0.5555559993
42551  34.567  -28.694  60.972 0.3333329856
44839  33.615  -25.690  59.258 0.7777780294
43657  34.599  -27.748  59.418 0.7777780294
46895  32.787  -24.550  57.983 0.7777780294
46884  32.808  -23.991  57.832 1.0000000000
47857  32.719  -23.817  57.094 1.0000000000
47869  32.759  -23.615  56.378 1.0000000000
47883  32.429  -23.836  56.003 1.0000000000
47901  33.158  -23.202  54.984 1.0000000000
48905  33.226  -22.634  52.579 1.0000000000
48906  32.315  -22.535  52.518 0.8888890147
48885  34.431  -23.058  53.482 1.0000000000
43641  34.486  -27.841  61.142 0.3333329856
41521  34.602  -29.308  61.751 0.3333329856
116182  34.381  -27.320  60.420 0.5555559993
47856  33.131  -23.637  57.497 0.8888890147
46883  33.010  -24.256  58.641 0.6666669846
47868  33.237  -23.444  56.828 1.0000000000
47882  33.410  -23.265  55.911 1.0000000000
47900  34.083  -23.185  55.033 1.0000000000
48868  33.788  -23.144  54.214 1.0000000000
48867  34.715  -23.237  54.248 1.0000000000
117533  35.163  -23.086  53.631 1.0000000000
48904  34.144  -22.789  52.665 1.0000000000
42537  34.579  -28.352  61.900 0.3333329856
43626  34.454  -27.473  62.001 0.3333329856
44825  33.708  -25.712  60.208 0.5555559993
44824  33.957  -26.392  60.726 0.4444440007
46874  33.374  -24.434  59.378 0.6666669846
45894  33.456  -25.030  59.718 0.6666669846
47831  33.477  -23.872  59.141 0.6666669846
47867  33.920  -23.297  56.511 1.0000000000
47881  34.450  -23.285  55.766 1.0000000000
47899  35.028  -23.319  54.986 1.0000000000
48884  35.714  -22.883  53.435 1.0000000000
109093  35.553  -22.495  51.993 1.0000000000
43613  34.677  -27.210  62.744 0.3333329856
44794  34.394  -25.835  62.162 0.4444440007
111022  34.178  -26.953  61.356 0.3333329856
46866  33.723  -24.675  59.996 0.5555559993
44813  33.896  -25.698  60.889 0.5555559993
44812  34.083  -26.100  61.481 0.3333329856
47854  34.987  -23.399  57.541 0.8888890147
47843  34.129  -23.522  58.874 0.7777780294
47844  33.421  -23.687  58.250 0.7777780294
47866  34.938  -23.352  56.528 0.8888890147
47880  35.278  -23.353  55.659 1.0000000000
47898  35.884  -23.235  55.116 1.0000000000
48883  36.356  -22.676  53.716 1.0000000000
48902  36.138  -22.530  52.783 1.0000000000
49850  36.811  -22.031  52.311 1.0000000000
44777  34.683  -26.288  62.944 0.4444440007
111212  34.536  -25.320  62.187 0.4444440007
46852  34.903  -25.032  62.846 0.2222220004
46863  34.551  -24.805  61.862 0.3333329856
45884  34.164  -25.321  61.406 0.4444440007
47805  34.811  -24.021  61.429 0.4444440007
46865  34.141  -24.602  60.768 0.5555559993
47830  34.084  -23.752  59.715 0.6666669846
47842  35.050  -23.424  58.426 0.8888890147
47829  35.086  -23.457  59.359 0.7777780294
47865  35.917  -23.393  56.928 0.8888890147
47879  35.954  -23.362  55.995 0.8888890147
48901  36.948  -22.168  53.234 1.0000000000
49863  37.319  -21.456  51.834 1.0000000000
49874  37.165  -21.282  50.902 0.8888890147
47814  36.184  -23.124  60.638 0.5555559993
47828  36.100  -23.355  59.685 0.7777780294
47815  35.160  -23.544  60.418 0.6666669846
47853  35.972  -23.459  57.849 0.8888890147
48844  36.685  -23.046  56.419 0.8888890147
48864  37.091  -22.454  54.796 0.8888890147
48865  36.479  -22.807  54.551 0.8888890147
49862  38.058  -20.932  52.215 1.0000000000
119671  37.708  -20.979  51.386 0.8888890147
120196  37.790  -20.719  50.524 0.8888890147
50768  37.652  -20.567  49.550 1.0000000000
48824  36.781  -23.190  58.189 0.8888890147
48843  37.329  -22.569  56.869 0.8888890147
49835  37.610  -21.668  53.700 0.8888890147
49849  37.507  -21.557  52.772 1.0000000000
110846  38.604  -20.369  51.996 1.0000000000
50758  38.243  -20.559  51.353 1.0000000000
50762  38.267  -20.192  49.947 1.0000000000
50773  37.524  -20.370  48.698 0.8888890147
123626  37.414  -22.558  59.399 0.7777780294
49783  37.820  -22.162  57.257 0.8888890147
119056  37.381  -22.273  55.288 0.8888890147
49820  37.650  -21.810  54.648 0.8888890147
49834  38.214  -21.141  54.162 0.8888890147
49848  38.182  -21.049  53.241 0.8888890147
50752  38.684  -20.458  52.782 1.0000000000
50757  38.857  -20.014  51.278 1.0000000000
109626  38.392  -20.272  50.667 1.0000000000
51574  38.758  -19.792  50.403 1.0000000000
50767  38.185  -20.019  49.099 1.0000000000
50772  37.941  -19.772  48.321 1.0000000000
52578  37.689  -18.758  47.254 0.7777780294
48833  38.034  -22.053  58.031 0.7777780294
49807  37.912  -21.667  55.583 0.8888890147
49819  38.202  -21.217  54.914 0.8888890147
50733  38.681  -20.643  54.712 0.8888890147
123030  38.811  -20.442  53.759 0.8888890147
50751  39.174  -19.885  52.279 1.0000000000
127145  39.367  -19.534  51.601 1.0000000000
53442  39.574  -17.745  49.495 1.0000000000
52522  39.648  -18.712  50.670 1.0000000000
52560  38.985  -18.027  48.753 1.0000000000
123042  39.478  -18.427  50.037 1.0000000000
51581  39.162  -19.141  50.162 1.0000000000
53456  38.942  -17.542  48.076 1.0000000000
52542  39.083  -18.692  49.450 1.0000000000
51582  38.675  -19.541  49.616 1.0000000000
114066  38.992  -17.306  47.462 1.0000000000
51591  38.539  -19.082  48.724 1.0000000000
108046  39.201  -17.181  46.873 1.0000000000
52561  38.491  -18.200  48.102 1.0000000000
53489  38.504  -17.446  46.918 0.8888890147
51601  38.090  -18.988  47.907 1.0000000000
51602  37.604  -19.595  47.623 1.0000000000
53505  39.582  -17.197  46.213 0.7777780294
107280  38.701  -17.237  46.301 0.7777780294
52577  38.096  -18.276  47.568 0.8888890147
50695  38.828  -20.917  57.461 0.8888890147
49794  38.392  -21.251  56.249 0.8888890147
49806  38.523  -20.930  55.481 0.8888890147
50732  39.293  -20.055  54.517 0.8888890147
113649  39.182  -20.020  53.115 0.8888890147
53425  39.916  -17.957  50.333 1.0000000000
53455  39.462  -17.322  48.661 1.0000000000
53472  39.449  -17.135  47.970 1.0000000000
105291  39.945  -16.834  48.490 1.0000000000
112142  40.082  -16.864  47.687 1.0000000000
123875  39.535  -17.090  47.388 1.0000000000
53488  40.132  -17.031  46.852 1.0000000000
51512  39.705  -19.734  55.959 0.7777780294
51526  39.732  -19.629  55.129 0.7777780294
50709  38.803  -20.816  56.737 0.7777780294
50718  39.163  -20.282  55.445 0.7777780294
51541  39.846  -19.493  54.338 0.7777780294
51561  39.757  -19.497  52.970 0.8888890147
51550  40.328  -18.980  53.307 0.8888890147
51560  40.266  -18.934  52.511 1.0000000000
108859  40.596  -18.328  52.008 1.0000000000
51568  39.755  -19.026  51.389 1.0000000000
54390  40.564  -16.716  49.820 1.0000000000
54376  40.665  -16.946  50.563 1.0000000000
54389  41.191  -16.318  49.571 1.0000000000
53424  40.382  -17.567  50.653 1.0000000000
54374  41.793  -15.898  50.179 1.0000000000
53454  39.948  -16.960  49.269 1.0000000000
54404  41.360  -16.429  48.658 1.0000000000
54405  40.526  -16.575  49.034 1.0000000000
54417  41.568  -16.645  47.791 1.0000000000
53471  40.725  -16.629  48.143 1.0000000000
53470  41.785  -16.899  47.128 1.0000000000
105124  40.998  -16.843  47.231 1.0000000000
53504  40.597  -17.292  46.047 1.0000000000
105542  41.024  -17.116  46.539 1.0000000000
53503  41.675  -17.385  45.956 1.0000000000
119082  40.167  -19.272  56.422 0.7777780294
51511  40.186  -19.212  55.654 0.7777780294
51540  40.332  -18.980  54.090 0.7777780294
52482  40.787  -18.496  53.701 0.8888890147
52495  40.744  -18.446  52.861 1.0000000000
54354  42.097  -15.753  52.207 0.8888890147
54363  41.592  -16.115  51.679 1.0000000000
116863  41.112  -16.534  51.159 1.0000000000
120094  40.770  -17.456  51.401 1.0000000000
52508  40.216  -18.280  51.171 1.0000000000
121647  41.540  -15.927  50.927 1.0000000000
54375  41.104  -16.348  50.394 1.0000000000
119583  42.542  -15.894  49.776 1.0000000000
118593  42.706  -16.331  48.583 1.0000000000
54403  42.160  -16.472  48.248 1.0000000000
54416  42.295  -16.743  47.454 1.0000000000
53487  41.596  -17.081  46.668 1.0000000000
53486  42.314  -17.068  46.605 1.0000000000
53502  42.590  -17.342  45.680 1.0000000000
122638  40.529  -18.848  56.099 0.5555559993
52443  40.613  -18.775  56.802 0.4444440007
52457  41.059  -18.348  56.183 0.5555559993
52458  40.665  -18.693  55.460 0.6666669846
52468  41.161  -18.244  55.349 0.5555559993
52469  40.854  -18.483  54.612 0.7777780294
55341  42.596  -15.824  53.523 0.8888890147
54343  42.256  -16.567  53.892 0.7777780294
53406  41.483  -17.225  52.869 1.0000000000
52494  41.212  -17.950  53.274 1.0000000000
54348  42.174  -16.080  53.018 0.8888890147
53413  41.266  -16.885  51.993 0.8888890147
53407  41.044  -17.746  52.396 1.0000000000
55361  42.605  -15.351  51.959 0.8888890147
115493  42.981  -15.282  51.342 0.8888890147
124913  41.957  -15.675  50.756 1.0000000000
55373  43.606  -15.455  50.672 0.8888890147
55374  42.580  -15.589  50.566 1.0000000000
55385  43.345  -15.802  49.889 1.0000000000
54387  42.994  -16.094  49.161 1.0000000000
109901  42.862  -16.541  47.933 1.0000000000
54428  43.000  -16.753  47.146 1.0000000000
53557  40.115  -17.411  41.203 0.5555559993
53569  39.653  -17.123  40.675 0.3333329856
52442  41.139  -18.245  57.205 0.5555559993
53398  42.053  -17.185  54.523 0.6666669846
53399  41.561  -17.816  54.764 0.5555559993
54349  41.860  -16.752  53.227 0.8888890147
52481  41.267  -18.081  54.027 0.8888890147
55340  43.094  -15.282  53.665 0.7777780294
55349  42.710  -15.384  52.788 0.8888890147
56401  43.456  -14.842  53.056 0.7777780294
56411  44.055  -14.645  52.605 0.7777780294
55347  44.096  -14.807  51.977 0.7777780294
56426  44.734  -14.664  52.217 0.7777780294
55372  44.530  -15.314  50.827 0.8888890147
55384  44.384  -15.662  49.937 0.8888890147
54386  43.874  -16.009  49.152 1.0000000000
54415  43.606  -16.446  47.725 1.0000000000
54427  43.804  -16.579  46.909 1.0000000000
53485  43.185  -16.973  46.290 1.0000000000
53501  43.442  -17.140  45.350 1.0000000000
109309  42.782  -17.483  44.926 1.0000000000
53518  42.535  -17.634  44.376 1.0000000000
53531  42.586  -17.591  43.642 0.7777780294
53530  43.321  -17.203  43.218 0.7777780294
109092  42.584  -17.461  42.910 0.7777780294
53544  41.388  -17.589  42.081 0.5555559993
53543  42.204  -17.408  42.262 0.5555559993
53556  41.793  -17.202  41.408 0.5555559993
53568  40.476  -17.142  40.736 0.4444440007
54493  40.517  -16.229  39.730 0.3333329856
55483  39.258  -15.624  39.223 0.1111110002
55503  38.161  -15.133  38.970 0.1111110002
56557  37.671  -14.728  38.919 0.1111110002
115231  36.564  -14.127  39.349 0.1111110002
118733  37.222  -14.135  38.891 0.1111110002
57557  36.989  -13.444  39.198 0.1111110002
53393  41.620  -17.799  55.739 0.5555559993
53379  41.632  -17.610  57.718 0.5555559993
53386  42.126  -17.245  56.199 0.5555559993
54330  42.540  -16.661  56.615 0.5555559993
53392  42.103  -17.272  55.299 0.5555559993
109153  42.562  -16.678  55.748 0.5555559993
55333  42.801  -15.896  54.299 0.7777780294
121664  43.709  -14.780  53.888 0.5555559993
56400  44.191  -14.508  53.361 0.4444440007
108061  44.798  -14.408  52.933 0.5555559993
56399  45.913  -13.849  53.798 0.4444440007
125291  45.492  -14.227  53.209 0.5555559993
57388  47.570  -12.681  54.421 0.3333329856
56398  46.241  -14.152  53.078 0.4444440007
120755  45.319  -14.778  51.786 0.6666669846
56425  45.456  -15.087  51.039 0.6666669846
122620  45.128  -15.394  50.320 0.7777780294
55397  44.758  -15.834  48.998 0.8888890147
55371  45.899  -15.250  50.204 0.6666669846
54414  44.451  -16.253  47.529 1.0000000000
54438  44.046  -16.718  46.078 1.0000000000
119862  44.224  -16.726  45.418 1.0000000000
114677  44.679  -16.542  45.100 1.0000000000
53516  44.069  -16.865  44.750 1.0000000000
53517  43.247  -17.336  44.292 1.0000000000
54451  44.882  -16.380  43.574 1.0000000000
53529  44.045  -16.862  43.885 1.0000000000
54459  44.609  -16.398  42.664 1.0000000000
54452  44.120  -16.772  43.121 1.0000000000
54468  45.159  -15.926  42.215 1.0000000000
54470  43.691  -16.467  41.588 0.7777780294
53554  43.199  -16.803  41.898 0.6666669846
53555  42.591  -17.023  41.747 0.5555559993
54479  44.158  -16.082  41.212 0.6666669846
54480  43.547  -16.190  40.921 0.6666669846
54472  42.401  -16.804  41.148 0.5555559993
54483  40.908  -16.724  40.305 0.4444440007
55470  44.194  -15.581  40.579 0.6666669846
55471  43.267  -15.728  40.302 0.5555559993
54491  42.348  -15.923  39.972 0.3333329856
54492  41.395  -16.194  39.857 0.3333329856
55482  40.100  -15.616  39.225 0.3333329856
108560  41.741  -15.630  39.475 0.3333329856
55481  40.982  -15.612  39.323 0.3333329856
55501  39.616  -15.048  38.743 0.2222220004
53370  42.127  -16.963  58.312 0.4444440007
54310  42.577  -16.229  58.954 0.2222220004
53378  42.167  -17.076  57.194 0.5555559993
54300  43.014  -15.543  59.590 0.3333329856
54329  42.975  -16.092  56.283 0.5555559993
55325  43.021  -15.910  55.306 0.4444440007
55324  43.476  -15.120  55.417 0.5555559993
126831  44.291  -14.408  54.039 0.4444440007
56387  44.632  -14.036  54.543 0.4444440007
57368  46.257  -12.701  55.329 0.4444440007
58397  47.879  -11.549  55.900 0.1111110002
58410  49.292  -11.726  54.877 0.1111110002
57407  47.802  -13.182  53.592 0.1111110002
56409  47.143  -13.947  52.851 0.2222220004
113929  46.425  -14.384  52.427 0.4444440007
56408  47.774  -13.897  52.243 0.2222220004
56434  46.409  -14.901  50.853 0.4444440007
125090  46.863  -14.613  51.374 0.4444440007
55382  46.178  -15.339  49.374 0.5555559993
55396  45.598  -15.624  48.761 0.8888890147
54413  45.282  -16.011  47.306 0.8888890147
55407  46.660  -15.484  47.750 0.8888890147
54412  46.148  -15.752  47.029 1.0000000000
54424  46.072  -15.844  46.298 1.0000000000
54425  45.469  -16.079  46.493 1.0000000000
54426  44.672  -16.354  46.692 1.0000000000
54436  45.715  -16.038  45.779 1.0000000000
112083  45.375  -16.223  45.050 1.0000000000
54449  46.199  -15.737  44.295 1.0000000000
127225  45.801  -15.958  44.708 1.0000000000
54444  44.764  -16.493  44.449 1.0000000000
55453  46.486  -15.131  42.305 1.0000000000
55445  45.989  -15.593  42.803 1.0000000000
55460  45.785  -15.396  41.838 1.0000000000
56519  45.611  -15.144  40.981 0.8888890147
55469  44.962  -15.246  40.607 0.6666669846
56529  44.677  -14.911  40.041 0.5555559993
55480  43.785  -15.044  39.799 0.6666669846
108160  42.987  -15.347  39.745 0.4444440007
55499  41.568  -14.996  38.964 0.3333329856
54321  42.560  -16.470  57.845 0.5555559993
54309  43.073  -15.662  58.426 0.3333329856
118138  43.321  -15.426  57.623 0.5555559993
55317  43.322  -15.492  56.799 0.5555559993
118610  43.316  -15.519  56.025 0.4444440007
114404  43.676  -14.806  57.435 0.4444440007
56362  43.714  -14.787  56.327 0.4444440007
56374  43.866  -14.535  55.421 0.4444440007
57370  44.789  -13.471  55.829 0.4444440007
58399  46.098  -12.376  56.224 0.3333329856
58398  47.007  -11.889  56.058 0.3333329856
59394  47.514  -11.706  56.501 0.1111110002
58430  48.634  -12.237  54.316 0.1111110002
57387  50.650  -12.686  54.837 0.1111110002
57406  48.769  -12.741  53.433 0.1111110002
57426  48.720  -13.253  52.565 0.2222220004
56423  47.557  -14.306  51.506 0.3333329856
55370  46.842  -14.967  50.012 0.5555559993
55381  46.978  -15.125  49.137 0.6666669846
55395  46.408  -15.414  48.547 0.7777780294
55406  47.453  -15.323  47.562 0.7777780294
108303  46.934  -15.527  47.073 0.7777780294
107671  48.168  -15.107  45.847 0.7777780294
55417  47.637  -15.350  46.662 0.7777780294
55418  46.767  -15.629  46.335 0.8888890147
56477  48.847  -14.567  45.404 0.8888890147
55427  47.514  -15.273  45.242 0.7777780294
110171  47.404  -15.427  45.910 0.8888890147
54435  46.304  -15.782  45.824 1.0000000000
126384  48.722  -14.402  44.684 0.8888890147
55426  48.169  -14.820  44.975 0.8888890147
54443  46.150  -15.813  45.144 1.0000000000
56488  48.231  -14.574  44.209 0.8888890147
55436  47.572  -15.084  44.468 1.0000000000
105273  46.965  -15.372  43.963 1.0000000000
55443  46.916  -15.122  43.079 1.0000000000
55444  46.374  -15.553  43.553 1.0000000000
55312  43.582  -14.852  58.443 0.3333329856
56361  44.237  -13.950  57.295 0.3333329856
57351  45.327  -12.806  56.478 0.3333329856
126251  46.756  -11.855  56.831 0.3333329856
59375  47.139  -11.863  57.091 0.2222220004
58429  49.726  -11.943  54.105 0.1111110002
58409  50.094  -11.940  54.360 0.1111110002
109962  52.549  -13.388  52.441 0.1111110002
58426  52.029  -12.440  53.161 0.1111110002
57386  51.211  -12.479  54.234 0.1111110002
57405  49.817  -12.390  53.139 0.1111110002
56422  48.479  -13.756  51.680 0.2222220004
106729  48.102  -14.283  50.915 0.5555559993
56441  48.229  -14.593  49.649 0.6666669846
56466  49.754  -14.575  46.784 0.6666669846
55404  48.983  -14.857  47.073 0.7777780294
55392  48.905  -14.861  47.916 0.7777780294
55405  48.238  -15.122  47.328 0.7777780294
55393  48.057  -15.069  48.172 0.6666669846
56467  48.968  -14.744  46.250 0.7777780294
124932  48.406  -15.063  46.620 0.7777780294
56498  48.954  -13.956  44.014 0.8888890147
56500  47.611  -14.831  43.688 1.0000000000
56499  48.294  -14.316  43.451 1.0000000000
56509  47.686  -14.524  42.930 1.0000000000
56508  47.885  -14.208  42.221 1.0000000000
56510  47.143  -14.677  42.271 1.0000000000
117881  47.374  -14.330  41.518 1.0000000000
56518  46.482  -14.826  41.472 1.0000000000
116469  46.090  -14.683  40.659 0.7777780294
56526  46.828  -14.370  40.728 1.0000000000
56528  45.440  -14.760  40.291 0.6666669846
56349  44.040  -14.129  58.327 0.3333329856
57333  44.707  -13.031  57.935 0.3333329856
57352  44.709  -13.283  56.816 0.4444440007
57332  45.280  -12.633  57.497 0.3333329856
58374  45.942  -12.302  58.017 0.2222220004
57446  52.576  -13.450  51.409 0.1111110002
57440  52.107  -12.932  51.737 0.1111110002
106543  52.933  -14.150  51.374 0.1111110002
57439  52.619  -13.445  51.971 0.1111110002
57424  52.279  -12.706  52.524 0.1111110002
113302  51.324  -12.504  52.245 0.1111110002
57425  50.748  -12.225  52.854 0.1111110002
56420  52.833  -14.005  52.051 0.1111110002
56432  50.376  -13.642  50.592 0.3333329856
56421  49.281  -13.791  50.965 0.3333329856
115347  49.833  -12.971  52.059 0.1111110002
56440  49.880  -14.327  49.280 0.5555559993
114692  49.376  -14.229  49.964 0.5555559993
56433  48.497  -14.335  50.338 0.4444440007
57468  53.387  -13.369  47.041 0.3333329856
57469  52.253  -13.460  46.552 0.3333329856
56464  51.744  -13.864  47.090 0.5555559993
108570  51.344  -14.170  47.477 0.5555559993
114988  50.582  -14.397  47.474 0.5555559993
56459  49.734  -14.633  47.634 0.6666669846
56449  49.755  -14.545  48.496 0.5555559993
56450  48.804  -14.664  48.910 0.5555559993
57476  53.782  -12.894  46.343 0.2222220004
57477  52.731  -13.010  45.932 0.3333329856
57478  51.792  -13.224  45.561 0.5555559993
56475  50.525  -13.873  45.783 0.5555559993
56465  50.664  -14.189  46.632 0.5555559993
58532  54.254  -12.535  45.612 0.4444440007
58533  53.202  -12.636  45.276 0.4444440007
57479  50.948  -13.447  45.276 0.5555559993
56476  49.754  -14.324  45.819 0.7777780294
58557  52.755  -12.494  44.358 0.5555559993
57486  52.281  -12.775  44.964 0.5555559993
57487  51.474  -13.031  44.684 0.6666669846
57498  51.191  -12.889  43.902 0.6666669846
57488  50.664  -13.305  44.466 0.8888890147
56487  49.373  -14.092  44.868 0.8888890147
57499  50.417  -13.172  43.659 0.8888890147
57500  49.599  -13.457  43.416 0.8888890147
57501  48.855  -13.792  43.091 1.0000000000
111801  48.289  -14.121  42.787 1.0000000000
57514  48.639  -13.751  42.211 1.0000000000
56516  48.126  -13.875  41.539 1.0000000000
56517  47.639  -13.938  40.811 1.0000000000
57541  47.111  -13.970  40.008 1.0000000000
56527  46.168  -14.254  39.942 0.7777780294
56536  45.261  -14.373  39.609 0.4444440007
57555  45.834  -13.823  39.151 0.4444440007
57556  45.010  -13.958  38.957 0.3333329856
57572  45.543  -13.378  38.533 0.3333329856
57573  44.688  -13.445  38.411 0.3333329856
56431  52.672  -13.808  50.721 0.2222220004
57447  51.699  -13.363  50.949 0.2222220004
57441  50.760  -13.150  51.359 0.1111110002
56439  52.200  -13.959  49.883 0.2222220004
105103  51.001  -13.887  50.024 0.2222220004
56457  52.459  -14.107  48.066 0.2222220004
56458  51.701  -14.263  48.233 0.4444440007
56448  52.291  -14.340  49.170 0.4444440007
57461  54.280  -13.967  48.141 0.2222220004
56463  52.991  -13.778  47.690 0.3333329856
105398  50.742  -14.398  48.318 0.5555559993
105434  50.908  -14.289  49.143 0.5555559993
58509  54.945  -12.960  46.731 0.2222220004
58530  56.537  -12.784  46.239 0.2222220004
58554  56.842  -12.296  45.515 0.3333329856
58556  53.692  -12.383  44.581 0.4444440007
58558  51.944  -12.640  44.149 0.5555559993
58578  52.429  -12.413  43.621 0.6666669846
58579  51.695  -12.558  43.404 0.7777780294
57512  50.184  -13.024  42.876 0.8888890147
57513  49.430  -13.390  42.551 1.0000000000
58617  49.933  -12.917  41.184 1.0000000000
57526  50.030  -12.975  42.041 1.0000000000
123318  50.949  -12.344  40.146 1.0000000000
58630  50.501  -12.599  40.647 1.0000000000
57527  49.230  -13.332  41.610 1.0000000000
126203  48.631  -13.596  41.564 1.0000000000
122262  50.218  -12.241  38.868 0.8888890147
58645  50.358  -12.477  39.829 1.0000000000
58646  49.596  -12.666  39.482 1.0000000000
57551  49.058  -13.044  40.072 1.0000000000
57528  48.512  -13.458  40.817 1.0000000000
59621  50.481  -11.771  37.980 0.8888890147
58664  49.297  -12.482  38.591 0.8888890147
58647  48.798  -12.916  39.174 1.0000000000
57552  48.287  -13.304  39.750 1.0000000000
57553  47.497  -13.516  39.432 0.7777780294
58682  49.722  -12.102  38.089 0.8888890147
58665  48.489  -12.650  38.358 0.7777780294
58666  47.698  -12.749  38.209 0.5555559993
57570  47.189  -13.229  38.721 0.5555559993
57554  46.681  -13.690  39.293 0.7777780294
57571  46.375  -13.303  38.633 0.3333329856
59631  49.671  -11.714  37.404 0.7777780294
58683  49.012  -12.212  37.839 0.7777780294
58668  46.080  -12.820  38.074 0.3333329856
58553  57.730  -12.484  45.343 0.3333329856
58555  54.849  -12.240  44.797 0.4444440007
111984  54.115  -12.205  43.929 0.5555559993
58577  53.239  -12.272  43.659 0.6666669846
58580  50.932  -12.747  43.155 0.8888890147
58628  51.924  -12.238  41.262 1.0000000000
58629  51.300  -12.381  40.833 1.0000000000
58616  50.635  -12.662  41.505 1.0000000000
59602  52.163  -11.799  39.817 1.0000000000
58644  51.554  -12.092  39.982 1.0000000000
59603  51.730  -11.757  39.166 1.0000000000
121570  50.980  -11.882  38.747 0.8888890147
59620  51.451  -11.541  38.260 1.0000000000
124816  50.338  -11.493  37.370 0.7777780294
60492  51.815  -10.719  37.016 0.8888890147
111503  51.048  -11.265  37.392 0.8888890147
59646  50.249  -11.198  36.834 0.8888890147
60503  51.545  -10.340  36.402 0.6666669846
59647  49.291  -11.346  36.725 0.6666669846
60504  50.671  -10.563  36.307 0.5555559993
60520  50.276  -10.153  35.746 0.5555559993
59532  57.154  -11.874  44.867 0.4444440007
58575  56.022  -11.876  44.549 0.4444440007
108434  56.363  -11.423  42.942 0.5555559993
59546  55.750  -11.647  43.427 0.4444440007
59547  54.939  -11.812  42.964 0.4444440007
58595  54.061  -12.043  43.056 0.5555559993
58596  53.140  -12.131  42.849 0.5555559993
59563  53.672  -11.818  42.185 0.7777780294
58597  52.350  -12.306  42.851 0.7777780294
58598  51.509  -12.487  42.619 0.8888890147
58613  52.874  -11.992  42.117 0.7777780294
58614  52.127  -12.264  41.975 0.8888890147
58599  50.751  -12.694  42.366 0.8888890147
59601  53.749  -11.419  39.976 1.0000000000
59590  53.481  -11.598  40.786 1.0000000000
124282  53.359  -11.736  41.533 1.0000000000
58615  51.357  -12.456  41.785 1.0000000000
105084  52.858  -11.656  40.131 1.0000000000
123032  53.328  -11.355  39.340 1.0000000000
58643  52.088  -12.013  40.532 1.0000000000
60481  53.625  -10.951  38.696 1.0000000000
111541  52.573  -11.542  39.293 1.0000000000
60482  53.043  -10.895  38.104 1.0000000000
59618  53.000  -11.280  38.779 1.0000000000
59619  52.335  -11.378  38.554 1.0000000000
59630  52.097  -11.114  37.749 1.0000000000
60518  52.160  -9.783  35.918 0.5555559993
60519  51.216  -9.948  35.831 0.6666669846
61442  50.852  -9.521  35.159 0.3333329856
59575  57.643  -10.929  42.089 0.3333329856
60436  57.812  -10.616  41.415 0.7777780294
59587  56.683  -10.928  41.167 0.6666669846
106070  56.361  -11.299  42.015 0.5555559993
59561  55.504  -11.550  42.490 0.4444440007
59588  55.708  -11.103  40.774 0.7777780294
59576  55.280  -11.411  41.518 0.7777780294
59562  54.572  -11.681  42.243 0.6666669846
59599  55.323  -10.817  40.022 1.0000000000
59600  54.523  -11.158  39.932 1.0000000000
59577  54.176  -11.553  41.344 0.8888890147
60464  55.865  -10.422  39.268 1.0000000000
60465  54.900  -10.678  39.293 1.0000000000
60488  55.105  -10.080  38.077 0.8888890147
127044  55.233  -10.371  38.699 1.0000000000
60466  54.105  -11.043  39.278 1.0000000000
60489  54.385  -10.221  37.748 1.0000000000
106698  53.822  -10.580  38.127 1.0000000000
60490  53.609  -10.361  37.501 0.8888890147
60491  52.751  -10.538  37.289 0.7777780294
60500  54.205  -9.879  37.001 0.6666669846
60501  53.355  -10.003  36.773 0.7777780294
60502  52.464  -10.157  36.569 0.7777780294
61428  53.053  -9.698  36.051 0.5555559993
61441  51.822  -9.531  35.270 0.5555559993
59573  60.022  -11.216  41.135 0.3333329856
61380  60.012  -10.568  40.983 0.3333329856
110382  59.827  -10.783  41.650 0.3333329856
60447  58.670  -10.382  41.202 0.4444440007
60462  58.377  -10.076  40.241 0.7777780294
60448  57.400  -10.481  40.610 0.6666669846
60477  57.647  -9.811  39.166 0.7777780294
60463  56.993  -10.281  39.666 0.7777780294
60449  56.279  -10.638  40.232 0.7777780294
60478  56.603  -9.985  38.787 1.0000000000
61405  56.334  -9.708  38.125 0.7777780294
60479  55.811  -10.055  38.422 1.0000000000
61414  55.738  -9.712  37.726 0.7777780294
61415  55.006  -9.776  37.328 0.7777780294
61426  54.908  -9.538  36.409 0.7777780294
61427  53.932  -9.640  36.229 0.5555559993
108901  52.732  -9.485  35.239 0.5555559993
118098  52.265  -9.374  34.737 0.4444440007
61477  52.363  -9.239  34.016 0.4444440007
61478  51.610  -8.952  33.885 0.2222220004
59586  60.234  -11.185  40.287 0.2222220004
61392  60.260  -10.522  40.328 0.4444440007
60461  60.445  -10.779  39.725 0.3333329856
61393  59.728  -9.956  40.485 0.6666669846
61404  57.117  -9.585  38.272 1.0000000000
61413  56.573  -9.442  37.391 0.7777780294
61425  55.708  -9.494  36.920 0.7777780294
121028  55.688  -9.358  36.170 0.7777780294
61438  55.300  -9.383  35.577 0.6666669846
61439  54.460  -9.474  35.608 0.6666669846
61440  53.607  -9.512  35.463 0.5555559993
106731  53.012  -9.397  33.988 0.4444440007
61459  53.422  -9.442  34.580 0.5555559993
61460  52.755  -9.401  34.514 0.5555559993
61489  54.544  -9.788  32.217 0.4444440007
61475  54.530  -9.674  33.280 0.4444440007
61490  53.679  -9.532  32.686 0.3333329856
61476  53.622  -9.507  33.657 0.3333329856
61502  54.663  -9.634  31.388 0.4444440007
61503  53.900  -9.466  31.759 0.2222220004
126717  53.127  -9.251  32.659 0.3333329856
61491  52.955  -9.286  33.253 0.3333329856
62395  53.381  -8.845  31.375 0.2222220004
111628  60.156  -9.636  39.882 0.4444440007
60476  60.867  -10.421  39.050 0.3333329856
61391  60.752  -10.038  39.603 0.2222220004
61394  58.910  -9.624  39.584 0.6666669846
61403  58.198  -9.448  38.569 0.8888890147
61412  57.650  -9.287  37.619 0.6666669846
61424  56.391  -9.260  36.383 0.7777780294
61437  56.127  -9.238  35.562 0.7777780294
106756  54.825  -9.431  34.915 0.6666669846
109142  54.092  -9.446  34.971 0.6666669846
105807  54.234  -9.509  34.255 0.6666669846
61488  55.295  -9.812  32.587 0.5555559993
61517  54.889  -9.375  30.671 0.3333329856
61518  54.101  -9.191  30.956 0.2222220004
62407  54.436  -8.762  30.285 0.2222220004
62408  53.608  -8.368  30.607 0.2222220004
60475  61.529  -9.703  38.388 0.2222220004
61410  59.956  -8.831  38.386 0.5555559993
61411  58.744  -9.087  37.962 0.5555559993
62330  59.276  -8.690  37.368 0.6666669846
61422  58.216  -8.894  37.034 0.6666669846
61423  57.265  -9.106  36.673 0.6666669846
62338  57.928  -8.756  36.164 0.6666669846
61436  57.039  -8.976  35.679 0.6666669846
61458  56.597  -9.127  34.851 0.6666669846
61473  56.216  -9.326  33.974 0.6666669846
106581  55.702  -9.339  34.766 0.6666669846
105604  56.072  -9.611  32.957 0.6666669846
61474  55.463  -9.560  33.521 0.6666669846
105605  55.072  -9.481  34.174 0.6666669846
105603  56.010  -9.915  32.041 0.4444440007
105602  55.289  -9.879  31.751 0.5555559993
123796  55.294  -9.701  31.096 0.4444440007
62417  54.073  -7.976  29.930 0.1111110002
61401  60.575  -9.360  39.152 0.2222220004
61400  61.242  -9.603  38.921 0.3333329856
61409  62.312  -9.161  37.999 0.2222220004
62322  61.897  -9.088  38.414 0.2222220004
62323  61.131  -8.911  38.591 0.2222220004
62329  60.518  -8.504  37.740 0.4444440007
62337  58.739  -8.649  36.565 0.6666669846
62349  58.727  -8.539  35.780 0.6666669846
61457  57.271  -8.870  34.912 0.6666669846
61472  57.195  -9.052  34.079 0.5555559993
62360  57.801  -8.755  34.581 0.6666669846
61500  56.770  -9.736  31.434 0.4444440007
61501  55.926  -9.815  31.247 0.4444440007
61516  55.747  -9.477  30.470 0.4444440007
62406  55.209  -9.005  29.989 0.3333329856
61529  55.894  -9.121  29.758 0.4444440007
62327  62.371  -8.889  37.994 0.2222220004
62328  61.764  -8.660  38.047 0.2222220004
62336  61.251  -8.283  37.138 0.3333329856
62334  62.959  -8.526  36.606 0.2222220004
62345  63.238  -8.514  36.072 0.2222220004
122634  59.794  -8.397  36.565 0.6666669846
62348  59.665  -8.310  35.422 0.6666669846
62347  60.834  -8.051  36.082 0.4444440007
61471  58.182  -8.788  33.776 0.6666669846
61486  57.516  -9.223  32.959 0.5555559993
123770  56.744  -9.587  32.432 0.5555559993
105544  57.352  -9.486  32.050 0.4444440007
61514  57.315  -9.586  30.453 0.4444440007
61499  57.706  -9.527  31.346 0.4444440007
61515  56.468  -9.661  30.687 0.4444440007
61528  56.607  -9.402  29.893 0.4444440007
126832  57.404  -9.378  29.664 0.4444440007
62414  56.362  -8.833  29.254 0.4444440007
62335  62.418  -8.618  37.447 0.2222220004
62346  62.113  -8.132  36.581 0.3333329856
107138  63.223  -8.864  35.879 0.2222220004
63205  63.355  -8.086  35.839 0.2222220004
62356  63.548  -8.248  35.389 0.2222220004
62358  59.629  -8.306  34.443 0.6666669846
62359  58.660  -8.534  34.741 0.6666669846
109980  58.976  -8.522  33.935 0.6666669846
106297  58.881  -8.648  33.198 0.6666669846
61485  58.278  -8.936  32.901 0.5555559993
105271  58.030  -9.220  32.185 0.4444440007
61513  58.257  -9.441  30.622 0.5555559993
61526  58.100  -9.402  29.789 0.5555559993
61527  57.111  -9.068  29.165 0.4444440007
62435  56.165  -8.238  28.808 0.4444440007
65062  54.538  -5.775  28.931 0.1111110002
63206  62.862  -7.907  36.107 0.3333329856
63207  61.836  -7.717  35.698 0.3333329856
63213  63.667  -7.913  35.251 0.2222220004
62357  60.602  -7.961  35.059 0.4444440007
63212  63.834  -7.964  34.664 0.2222220004
109131  63.981  -7.787  33.122 0.3333329856
62370  59.607  -8.351  33.552 0.6666669846
62380  60.314  -8.059  33.124 0.6666669846
123130  64.166  -7.533  32.430 0.3333329856
62381  59.534  -8.475  32.669 0.5555559993
62382  58.772  -8.870  32.363 0.5555559993
62394  59.384  -8.736  31.690 0.5555559993
61498  58.533  -9.201  31.503 0.5555559993
61512  59.037  -9.103  30.867 0.5555559993
61525  58.915  -9.293  30.006 0.5555559993
62413  59.608  -8.991  29.534 0.5555559993
61544  58.840  -9.168  29.100 0.5555559993
61545  57.907  -9.170  29.098 0.4444440007
65888  54.476  -4.610  30.661 0.1111110002
62433  57.576  -8.616  28.563 0.4444440007
62434  56.813  -8.440  28.678 0.4444440007
65057  54.189  -5.545  29.454 0.1111110002
65061  55.051  -5.622  28.420 0.1111110002
63287  56.488  -7.718  28.358 0.4444440007
64229  54.813  -6.297  28.739 0.1111110002
63286  57.249  -7.933  28.141 0.4444440007
64227  56.136  -6.904  28.105 0.4444440007
63288  55.650  -7.569  28.661 0.1111110002
64228  55.379  -6.589  28.413 0.1111110002
63214  62.922  -7.616  35.314 0.3333329856
63224  62.303  -7.384  34.207 0.3333329856
63223  63.505  -7.656  34.564 0.2222220004
63215  61.479  -7.581  34.664 0.3333329856
63222  63.842  -7.717  33.679 0.3333329856
63225  61.147  -7.604  33.671 0.3333329856
63235  64.022  -7.378  32.684 0.3333329856
63238  61.043  -7.635  32.800 0.5555559993
119116  61.078  -7.627  32.084 0.5555559993
123530  60.300  -8.172  32.135 0.5555559993
109858  59.999  -8.474  31.225 0.5555559993
125103  59.508  -8.780  31.057 0.5555559993
62405  59.663  -8.847  30.450 0.5555559993
61543  59.718  -8.803  28.741 0.5555559993
65887  55.183  -4.036  31.141 0.1111110002
116235  59.148  -8.706  28.432 0.4444440007
62432  58.401  -8.725  28.493 0.4444440007
65892  54.342  -4.780  29.751 0.1111110002
62446  58.879  -8.250  27.911 0.4444440007
63305  57.711  -7.402  27.630 0.4444440007
63306  56.935  -7.150  27.867 0.4444440007
64248  57.400  -6.618  27.385 0.3333329856
110133  62.903  -7.280  33.586 0.3333329856
118480  61.818  -7.354  33.353 0.4444440007
63236  63.402  -7.134  32.844 0.4444440007
63237  62.008  -7.222  32.599 0.5555559993
64198  64.638  -6.794  31.076 0.3333329856
64190  63.824  -6.847  32.134 0.3333329856
63260  64.887  -7.008  30.638 0.2222220004
63252  61.597  -7.377  31.585 0.4444440007
110469  65.088  -7.133  30.008 0.2222220004
63262  61.194  -7.734  30.719 0.4444440007
62403  60.817  -8.249  29.927 0.4444440007
62412  60.339  -8.630  29.265 0.5555559993
62431  60.535  -8.425  28.500 0.5555559993
62411  61.088  -8.117  29.163 0.5555559993
62430  61.326  -7.950  28.388 0.5555559993
62444  60.781  -8.083  27.780 0.5555559993
62445  59.832  -8.374  27.933 0.5555559993
116060  61.028  -7.647  27.252 0.5555559993
63304  58.515  -7.590  27.475 0.4444440007
63303  59.374  -7.736  27.386 0.4444440007
64247  58.187  -6.853  27.162 0.4444440007
63302  60.263  -7.760  27.302 0.4444440007
63318  58.990  -7.075  27.003 0.4444440007
63317  59.817  -7.223  26.881 0.4444440007
64265  60.192  -6.656  26.440 0.4444440007
63250  64.346  -7.105  31.883 0.3333329856
63251  62.694  -6.893  31.969 0.4444440007
63261  62.223  -7.047  30.883 0.4444440007
63266  65.104  -6.564  29.862 0.3333329856
63284  65.341  -7.068  29.208 0.1111110002
110463  61.588  -7.591  29.932 0.4444440007
63268  61.872  -7.493  29.057 0.5555559993
63285  61.989  -7.473  28.284 0.5555559993
63301  61.568  -7.669  27.689 0.5555559993
63315  61.791  -7.248  26.916 0.5555559993
63314  62.618  -6.786  27.055 0.5555559993
64263  62.428  -6.535  26.392 0.5555559993
64264  61.304  -6.570  26.185 0.5555559993
63316  60.733  -7.260  26.758 0.4444440007
64199  64.029  -6.563  31.402 0.3333329856
64200  63.178  -6.623  31.471 0.3333329856
64206  64.233  -6.345  30.567 0.3333329856
64207  63.242  -6.442  30.721 0.4444440007
64212  65.039  -6.043  29.618 0.3333329856
63267  62.471  -6.865  29.872 0.4444440007
64213  64.548  -5.992  29.664 0.4444440007
64214  63.490  -6.240  29.851 0.4444440007
63283  65.440  -6.516  28.520 0.3333329856
118589  63.791  -6.002  29.191 0.4444440007
108343  62.771  -6.672  28.767 0.4444440007
64226  64.465  -5.697  28.849 0.4444440007
64246  63.657  -6.043  28.521 0.4444440007
124377  63.122  -6.444  27.741 0.4444440007
63300  62.322  -7.146  27.684 0.5555559993
65097  63.077  -5.825  25.900 0.4444440007
64276  62.144  -6.074  25.804 0.5555559993
64211  65.270  -6.052  29.060 0.3333329856
65056  64.976  -5.647  29.048 0.4444440007
65059  65.111  -5.620  28.405 0.3333329856
64225  65.365  -5.869  28.234 0.3333329856
119772  65.332  -5.662  27.424 0.3333329856
64245  64.098  -5.724  27.965 0.4444440007
64262  63.474  -6.071  26.845 0.4444440007
65124  63.588  -4.995  25.469 0.4444440007
64275  62.460  -5.168  25.485 0.4444440007
65060  64.840  -5.479  28.286 0.4444440007
65072  65.057  -5.428  27.619 0.3333329856
64261  65.317  -5.547  26.299 0.3333329856
65073  64.638  -5.396  27.335 0.4444440007
65121  65.297  -5.232  25.210 0.2222220004
65095  64.904  -5.224  26.631 0.4444440007
65096  64.172  -5.376  26.248 0.4444440007
65123  64.472  -4.951  25.577 0.4444440007
65094  65.054  -5.304  26.841 0.4444440007
65122  64.887  -5.113  25.768 0.4444440007
65931  64.526  -4.455  24.928 0.4444440007
28901  2.977  -42.488  65.679 0.2222220004
31800  2.112  -39.676  69.069 0.4444440007
28888  3.226  -41.772  67.374 0.2222220004
33614  2.311  -38.388  69.780 0.6666669846
108783  7.127  -36.146  72.628 0.1111110002
33598  3.150  -37.179  71.213 0.4444440007
33605  2.733  -37.327  70.798 0.5555559993
31799  2.360  -39.355  69.691 0.4444440007
29838  3.440  -40.765  68.760 0.3333329856
29844  3.094  -41.205  68.356 0.3333329856
108335  11.284  -28.885  71.432 0.3333329856
41395  11.229  -29.298  73.188 0.2222220004
36494  4.828  -34.547  72.442 0.3333329856
37382  4.849  -33.826  72.485 0.2222220004
36497  4.511  -34.576  72.095 0.5555559993
32722  2.100  -38.937  69.466 0.4444440007
113440  3.107  -40.500  69.098 0.4444440007
30822  2.570  -40.202  69.169 0.4444440007
28889  2.539  -41.959  67.163 0.2222220004
113163  2.178  -41.595  67.599 0.4444440007
28894  3.071  -42.201  66.588 0.2222220004
41421  10.606  -29.007  70.847 0.4444440007
108645  6.325  -32.033  73.439 0.1111110002
39353  5.900  -31.899  73.183 0.2222220004
105539  12.074  -28.836  69.921 0.4444440007
117915  4.981  -33.353  71.977 0.3333329856
41435  12.893  -29.013  69.391 0.5555559993
36509  4.779  -34.958  70.474 0.5555559993
38370  8.275  -32.017  72.941 0.1111110002
39342  6.908  -31.379  73.417 0.2222220004
40427  9.182  -29.608  70.650 0.3333329856
40409  7.116  -30.894  73.370 0.2222220004
39365  5.792  -31.837  72.621 0.4444440007
40420  6.731  -30.883  73.002 0.3333329856
41450  12.564  -29.307  68.410 0.4444440007
41452  10.898  -29.558  68.714 0.4444440007
41437  10.700  -29.203  69.680 0.4444440007
41453  10.174  -29.786  69.167 0.4444440007
40451  11.758  -29.943  67.408 0.4444440007
41465  12.372  -29.672  67.667 0.4444440007
110362  9.846  -30.587  68.025 0.5555559993
40467  10.528  -30.768  66.498 0.5555559993
41481  13.492  -30.074  66.826 0.5555559993
40481  12.403  -30.388  65.553 0.5555559993
40424  7.292  -30.646  72.218 0.3333329856
39428  10.064  -31.524  65.410 0.6666669846
31817  1.202  -39.859  67.589 0.4444440007
41479  15.170  -30.080  66.935 0.5555559993
121754  9.541  -32.436  64.399 0.6666669846
121800  14.901  -30.457  64.106 0.5555559993
41461  17.719  -29.464  67.147 0.6666669846
105492  16.846  -29.996  65.511 0.5555559993
40478  16.276  -30.204  65.060 0.6666669846
40513  16.459  -30.329  63.489 0.5555559993
41492  17.006  -30.010  64.767 0.5555559993
40552  15.886  -30.765  61.679 0.6666669846
125317  16.118  -30.565  62.361 0.6666669846
41502  17.596  -29.739  63.887 0.5555559993
41516  17.766  -29.774  63.005 0.6666669846
40531  17.296  -30.176  62.454 0.5555559993
40570  16.489  -30.785  60.413 0.5555559993
126968  15.271  -31.327  59.821 0.4444440007
39538  12.199  -31.279  59.179 0.4444440007
106720  13.888  -31.114  58.352 0.3333329856
41524  18.329  -29.268  62.698 0.6666669846
40550  17.392  -30.188  61.535 0.6666669846
39512  15.654  -31.259  59.474 0.5555559993
39536  14.721  -31.275  58.547 0.3333329856
39555  15.400  -31.136  57.982 0.4444440007
121777  16.216  -31.135  59.015 0.5555559993
114172  18.840  -28.576  62.334 0.6666669846
40586  16.967  -30.624  59.856 0.6666669846
39511  16.297  -30.979  59.714 0.5555559993
43601  26.531  -27.582  64.030 0.6666669846
42515  27.195  -28.037  63.438 0.7777780294
43602  25.502  -27.464  63.710 0.7777780294
43616  24.215  -27.379  62.636 0.6666669846
43618  22.701  -26.673  62.146 0.7777780294
43644  22.422  -26.951  60.560 0.7777780294
43619  20.264  -26.824  63.016 0.7777780294
43606  19.796  -27.391  63.344 0.7777780294
44815  20.471  -26.500  61.342 0.7777780294
42544  18.862  -28.589  61.474 0.6666669846
42559  18.850  -28.672  60.632 0.7777780294
42571  25.656  -28.578  59.546 0.8888890147
43658  22.943  -27.433  60.192 0.6666669846
44827  20.997  -26.358  60.869 0.8888890147
125756  24.044  -28.498  57.797 0.7777780294
42574  22.646  -27.600  59.055 0.7777780294
44840  20.795  -26.348  60.059 0.7777780294
43661  19.593  -27.221  59.747 0.7777780294
111914  26.149  -28.646  56.585 0.7777780294
42610  22.898  -28.037  57.326 0.6666669846
42593  18.833  -28.722  58.821 0.7777780294
121364  22.849  -28.216  55.892 0.5555559993
42646  23.124  -28.341  55.136 0.5555559993
42607  25.825  -28.660  57.235 0.7777780294
43787  23.048  -28.037  52.518 0.4444440007
42692  23.158  -28.258  53.521 0.5555559993
42668  22.910  -28.231  54.357 0.5555559993
43786  23.515  -28.130  51.984 0.4444440007
107850  27.635  -28.494  59.454 0.7777780294
42605  27.446  -28.540  57.029 0.7777780294
42640  28.507  -28.283  55.673 0.7777780294
43805  26.491  -28.142  52.083 0.4444440007
42722  25.323  -28.255  51.755 0.4444440007
40544  30.481  -30.977  61.754 0.3333329856
44929  29.226  -25.996  51.692 0.5555559993
39483  32.561  -31.502  60.798 0.3333329856
42618  31.244  -28.314  56.679 0.7777780294
43692  33.828  -27.199  57.123 0.8888890147
40578  33.697  -30.110  59.690 0.5555559993
40563  32.841  -30.920  60.201 0.5555559993
40579  32.467  -30.472  59.594 0.6666669846
41551  33.096  -29.956  59.112 0.5555559993
41564  33.556  -29.368  58.677 0.6666669846
44871  32.023  -25.822  55.056 0.8888890147
46960  30.165  -24.362  52.705 0.8888890147
112905  34.436  -30.234  61.482 0.4444440007
126947  34.633  -28.908  60.189 0.6666669846
42583  34.285  -28.260  58.233 0.7777780294
43691  34.216  -27.513  57.852 0.7777780294
43675  34.477  -27.691  58.590 0.7777780294
46908  32.397  -23.989  56.586 1.0000000000
48907  31.417  -22.524  52.453 0.8888890147
45899  32.951  -24.898  58.873 0.6666669846
47855  33.919  -23.387  57.352 0.8888890147
48903  35.137  -22.795  52.848 1.0000000000
113742  34.732  -27.967  62.504 0.3333329856
46873  33.812  -24.215  59.927 0.5555559993
113352  34.384  -26.607  62.143 0.3333329856
47816  34.285  -23.997  60.483 0.5555559993
47841  36.041  -23.435  58.751 0.8888890147
117139  35.656  -23.324  61.408 0.3333329856
48850  37.360  -22.435  56.014 0.8888890147
111708  36.840  -22.914  59.969 0.5555559993
48812  36.808  -23.108  59.066 0.7777780294
48823  37.450  -22.661  58.535 0.7777780294
49795  37.874  -21.932  56.524 0.8888890147
51573  39.253  -19.401  50.900 1.0000000000
49782  38.359  -21.518  57.183 0.8888890147
117542  39.765  -19.302  52.107 1.0000000000
50744  39.474  -19.814  53.734 0.8888890147
54388  42.091  -16.171  49.156 1.0000000000
54355  41.731  -16.450  52.495 0.8888890147
53403  41.699  -17.414  53.803 0.7777780294
55348  43.342  -14.988  52.154 0.7777780294
54402  43.378  -16.292  48.482 1.0000000000
116129  40.918  -17.398  41.322 0.5555559993
54484  40.049  -16.721  40.191 0.3333329856
54494  39.650  -16.202  39.655 0.2222220004
54495  38.913  -16.113  39.598 0.1111110002
53387  41.625  -17.737  56.687 0.5555559993
54336  42.497  -16.632  54.843 0.5555559993
55332  43.367  -15.170  54.595 0.6666669846
55359  44.665  -14.960  51.540 0.7777780294
54401  44.211  -16.148  48.350 1.0000000000
53567  41.184  -17.096  40.846 0.5555559993
54482  41.828  -16.671  40.576 0.4444440007
55502  38.804  -15.112  38.843 0.1111110002
54320  42.915  -16.085  57.221 0.5555559993
117510  44.961  -14.140  53.774 0.5555559993
56386  45.472  -13.516  54.615 0.4444440007
57389  46.526  -13.143  54.483 0.4444440007
56410  45.588  -14.489  52.476 0.5555559993
58412  47.275  -12.230  55.254 0.3333329856
57408  46.847  -13.558  53.683 0.3333329856
56424  46.149  -14.683  51.705 0.5555559993
55383  45.330  -15.537  49.598 0.8888890147
54400  45.042  -15.928  48.149 1.0000000000
54437  44.896  -16.394  45.807 1.0000000000
54469  44.386  -16.263  41.856 0.8888890147
54458  45.312  -16.072  42.973 1.0000000000
54460  43.752  -16.754  42.380 0.7777780294
55461  44.899  -15.700  41.291 0.8888890147
54471  43.035  -16.610  41.339 0.5555559993
54481  42.751  -16.355  40.692 0.5555559993
55498  42.378  -15.236  39.364 0.3333329856
109610  44.366  -14.030  55.245 0.4444440007
57390  44.891  -13.612  55.106 0.5555559993
59384  47.995  -11.613  56.219 0.1111110002
58396  48.582  -11.759  55.620 0.1111110002
58411  48.346  -11.721  55.221 0.1111110002
57349  49.003  -12.098  55.923 0.1111110002
58395  49.546  -11.843  55.024 0.1111110002
57427  48.002  -13.483  52.927 0.2222220004
105167  46.995  -14.403  52.036 0.3333329856
105497  47.233  -14.622  50.797 0.4444440007
55408  45.855  -15.690  47.923 0.8888890147
116629  45.477  -16.121  44.292 1.0000000000
54450  45.726  -15.905  43.597 1.0000000000
56538  43.114  -14.807  39.286 0.3333329856
56537  44.451  -14.469  39.407 0.2222220004
56373  44.238  -13.991  56.103 0.4444440007
57369  45.425  -13.085  55.544 0.4444440007
57367  49.909  -12.513  55.355 0.1111110002
57366  50.382  -12.095  54.554 0.1111110002
56442  47.706  -14.604  50.199 0.4444440007
126953  47.489  -14.836  49.583 0.6666669846
55380  47.771  -14.918  48.965 0.6666669846
55394  47.212  -15.235  48.359 0.7777780294
55428  46.839  -15.583  45.534 0.8888890147
55437  46.882  -15.495  44.767 1.0000000000
58385  46.559  -12.052  57.438 0.2222220004
58428  50.686  -11.995  53.672 0.1111110002
58408  50.783  -11.993  54.038 0.1111110002
56406  52.432  -13.049  53.042 0.1111110002
56407  52.331  -13.873  52.686 0.1111110002
57404  51.933  -12.763  53.641 0.1111110002
58427  51.391  -12.181  53.589 0.1111110002
58445  51.494  -12.172  53.022 0.1111110002
57489  49.828  -13.567  44.261 0.8888890147
57467  54.558  -13.471  47.423 0.2222220004
56474  51.265  -13.656  46.138 0.5555559993
56486  50.142  -13.712  45.089 0.8888890147
58508  56.107  -13.302  46.893 0.2222220004
58531  55.401  -12.559  46.008 0.3333329856
118961  55.889  -12.272  45.438 0.3333329856
57539  49.319  -13.121  40.817 1.0000000000
58663  50.983  -12.134  39.459 0.8888890147
58631  49.806  -12.811  40.348 1.0000000000
57540  47.813  -13.635  40.169 0.8888890147
57569  47.988  -13.115  38.883 0.6666669846
59632  48.759  -11.834  37.222 0.6666669846
59531  58.106  -11.893  44.596 0.3333329856
58576  54.924  -11.970  43.758 0.4444440007
59578  52.674  -11.905  41.198 1.0000000000
121669  51.039  -10.834  36.778 0.8888890147
60505  49.778  -10.776  36.237 0.6666669846
59545  57.022  -11.469  43.951 0.5555559993
59560  57.416  -11.217  42.957 0.3333329856
59589  54.153  -11.421  40.525 0.8888890147
124452  55.972  -11.245  41.323 0.5555559993
107393  54.855  -11.287  40.656 0.7777780294
60480  54.457  -10.548  38.552 1.0000000000
61461  51.650  -9.252  34.609 0.4444440007
60446  59.492  -10.290  40.981 0.5555559993
62372  51.482  -8.520  33.206 0.2222220004
62371  52.183  -8.941  33.255 0.2222220004
61402  59.415  -9.281  38.961 0.6666669846
124229  55.637  -9.407  34.147 0.6666669846
61487  56.759  -9.366  33.283 0.6666669846
62350  57.851  -8.690  35.303 0.6666669846
62415  55.582  -8.458  29.296 0.4444440007
62369  60.407  -7.970  34.058 0.5555559993
61482  63.825  -8.310  33.202 0.2222220004
63253  60.738  -7.938  31.393 0.5555559993
62404  60.431  -8.345  30.611 0.4444440007
108463  60.178  -8.668  29.938 0.4444440007
62447  58.036  -8.128  27.973 0.4444440007
64205  64.826  -6.470  30.248 0.4444440007
30834  0.757  -40.931  67.082 0.3333329856
116458  0.318  -40.432  66.735 0.1111110002
31819  -0.153  -39.783  66.399 0.1111110002
31811  0.940  -40.370  67.286 0.2222220004
31818  0.593  -39.810  66.854 0.2222220004
32752  1.221  -39.130  66.347 0.2222220004
32753  0.160  -39.140  66.407 0.1111110002
31816  1.526  -39.441  66.823 0.2222220004
111292  1.901  -38.558  65.693 0.2222220004
33653  0.698  -37.750  66.132 0.1111110002
33652  2.390  -37.989  65.031 0.1111110002
33669  1.539  -37.770  65.500 0.2222220004
109903  2.356  -39.120  66.770 0.3333329856
32766  2.829  -38.422  65.439 0.2222220004
32751  2.170  -38.977  66.137 0.2222220004
32780  3.040  -37.995  64.734 0.1111110002
33667  3.508  -37.709  64.293 0.1111110002
121206  2.111  -37.372  64.860 0.1111110002
33668  2.773  -37.450  64.389 0.1111110002
32749  3.798  -38.349  66.455 0.3333329856
33650  4.288  -37.933  65.653 0.3333329856
32765  3.524  -38.360  65.689 0.2222220004
32750  3.014  -38.791  66.211 0.2222220004
33666  4.328  -37.682  64.520 0.2222220004
33651  3.590  -38.089  64.964 0.1111110002
34611  4.691  -37.177  63.875 0.1111110002
33681  3.950  -37.320  63.801 0.1111110002
111249  3.301  -37.218  63.921 0.1111110002
34623  5.028  -36.592  63.418 0.1111110002
34624  4.255  -36.661  63.431 0.1111110002
35594  5.328  -35.864  62.894 0.1111110002
116920  4.555  -36.074  63.098 0.1111110002
35596  3.789  -35.838  63.257 0.1111110002
36589  4.868  -34.593  62.373 0.1111110002
35595  4.524  -35.312  62.790 0.1111110002
33639  4.515  -37.826  66.701 0.4444440007
34588  5.683  -36.969  65.975 0.5555559993
111452  4.993  -37.511  66.134 0.4444440007
34600  5.611  -36.997  64.901 0.4444440007
122492  5.038  -37.319  64.477 0.1111110002
34599  6.243  -36.468  65.282 0.4444440007
34610  5.392  -36.914  64.043 0.3333329856
34622  5.792  -36.369  63.594 0.2222220004
36588  5.701  -34.600  61.994 0.1111110002
37491  5.179  -33.895  62.038 0.1111110002
34580  4.926  -37.035  67.993 0.4444440007
34579  5.477  -36.640  67.584 0.5555559993
33629  5.176  -37.184  67.001 0.4444440007
34587  6.365  -36.210  66.189 0.5555559993
35581  6.633  -36.046  64.654 0.4444440007
118349  6.406  -36.147  63.945 0.3333329856
35593  6.353  -35.756  63.213 0.3333329856
35592  7.131  -35.205  63.298 0.4444440007
35608  5.954  -35.317  62.426 0.2222220004
36587  6.544  -34.759  62.093 0.1111110002
36586  7.236  -34.755  62.565 0.2222220004
36601  6.413  -34.130  61.533 0.1111110002
37504  5.519  -33.256  61.660 0.1111110002
35550  6.417  -35.800  67.025 0.5555559993
34578  5.856  -36.488  66.918 0.5555559993
35562  6.860  -35.433  66.320 0.5555559993
35572  6.787  -35.801  65.487 0.4444440007
35571  7.303  -35.108  65.626 0.4444440007
36556  7.699  -34.778  64.928 0.4444440007
36600  7.310  -34.239  61.755 0.4444440007
37503  6.290  -33.336  61.184 0.1111110002
37515  6.973  -32.995  60.603 0.1111110002
39497  7.172  -31.564  59.975 0.1111110002
35541  6.396  -35.388  67.796 0.4444440007
35551  5.916  -36.074  67.686 0.5555559993
36534  6.879  -35.029  67.131 0.4444440007
37441  8.214  -33.685  65.752 0.4444440007
36533  7.344  -34.684  66.429 0.5555559993
37456  8.159  -34.078  65.038 0.4444440007
36555  8.080  -34.383  64.256 0.4444440007
107449  8.506  -33.878  63.714 0.5555559993
37471  9.039  -33.372  63.224 0.4444440007
36585  7.834  -34.325  62.430 0.4444440007
116820  9.157  -32.882  60.887 0.3333329856
37500  8.693  -33.389  61.446 0.4444440007
37501  7.836  -33.635  61.205 0.4444440007
38505  8.267  -33.097  60.722 0.3333329856
38519  7.722  -32.620  60.230 0.3333329856
38529  10.181  -31.881  59.815 0.4444440007
38530  9.165  -31.919  59.504 0.3333329856
38531  8.171  -32.045  59.620 0.2222220004
39517  9.927  -31.451  59.103 0.3333329856
112269  9.205  -31.319  58.914 0.3333329856
39519  7.767  -31.456  59.464 0.1111110002
39541  9.702  -30.880  58.556 0.3333329856
40587  8.081  -30.658  58.980 0.1111110002
36524  6.805  -34.645  67.883 0.4444440007
36523  7.354  -34.192  67.253 0.4444440007
115865  7.784  -33.940  66.448 0.4444440007
38490  9.535  -33.052  62.709 0.5555559993
123656  9.602  -32.980  61.830 0.5555559993
122815  9.615  -32.361  60.306 0.4444440007
39516  10.807  -31.460  59.400 0.3333329856
39540  10.555  -31.031  58.705 0.3333329856
40601  8.714  -30.067  58.434 0.2222220004
40598  11.183  -30.627  58.266 0.3333329856
40600  9.487  -30.161  58.141 0.2222220004
41569  9.158  -29.539  58.099 0.2222220004
40617  10.842  -29.988  57.683 0.2222220004
40618  10.139  -29.857  57.793 0.2222220004
124037  12.496  -30.401  57.731 0.3333329856
41580  10.453  -29.249  57.439 0.1111110002
43727  22.345  -27.913  54.893 0.4444440007
43742  21.605  -27.496  54.394 0.3333329856
43728  21.531  -27.456  55.273 0.3333329856
41578  12.388  -29.754  57.148 0.2222220004
41579  11.378  -29.305  57.147 0.1111110002
43741  22.367  -27.905  53.935 0.4444440007
43765  21.705  -27.504  53.469 0.3333329856
43766  20.771  -27.063  53.938 0.3333329856
116604  20.356  -26.720  53.278 0.3333329856
43764  22.439  -27.837  53.041 0.3333329856
43789  21.110  -27.082  52.972 0.3333329856
44911  19.673  -26.370  52.925 0.2222220004
112444  22.453  -27.705  52.275 0.3333329856
43788  21.845  -27.473  52.572 0.3333329856
44909  21.328  -27.014  52.050 0.3333329856
44910  20.587  -26.592  52.484 0.2222220004
107225  21.466  -27.138  58.085 0.5555559993
43695  20.918  -27.001  57.180 0.5555559993
108640  21.689  -27.464  56.521 0.4444440007
43713  20.228  -26.927  56.560 0.4444440007
123968  20.973  -27.103  56.380 0.4444440007
43711  22.148  -27.808  55.784 0.4444440007
106372  19.785  -27.126  55.935 0.4444440007
43712  21.436  -27.380  55.936 0.3333329856
106222  20.671  -27.083  55.750 0.3333329856
43729  20.010  -27.041  55.269 0.3333329856
39557  13.785  -30.692  57.620 0.2222220004
40615  13.097  -30.287  57.393 0.2222220004
44884  20.025  -26.930  54.576 0.3333329856
44873  19.581  -27.135  54.893 0.3333329856
43744  19.104  -27.353  54.787 0.2222220004
41577  13.162  -29.825  56.903 0.2222220004
44885  19.381  -26.964  54.304 0.2222220004
44894  19.832  -26.736  53.823 0.2222220004
44895  19.154  -26.612  53.560 0.2222220004
42723  24.250  -28.306  51.876 0.3333329856
43809  22.027  -27.386  51.700 0.3333329856
43808  22.842  -27.735  51.563 0.3333329856
121081  20.833  -26.407  51.567 0.2222220004
43835  23.055  -27.510  50.543 0.3333329856
44931  22.245  -27.240  50.777 0.2222220004
45961  21.099  -26.059  50.671 0.2222220004
43660  21.368  -26.682  59.525 0.6666669846
44850  20.631  -26.480  59.397 0.6666669846
44842  19.830  -26.804  59.358 0.5555559993
43677  20.962  -26.709  58.802 0.6666669846
44851  20.123  -26.585  58.874 0.4444440007
123221  19.548  -27.246  58.132 0.4444440007
43696  19.975  -26.820  57.365 0.4444440007
108641  18.947  -28.336  58.050 0.4444440007
43714  19.650  -27.242  56.718 0.4444440007
43715  19.258  -27.728  56.881 0.4444440007
43698  19.257  -27.710  57.729 0.4444440007
42628  18.783  -28.511  56.211 0.2222220004
43730  19.477  -27.301  55.372 0.2222220004
125457  18.782  -27.865  54.871 0.2222220004
42647  18.569  -28.486  55.269 0.2222220004
40614  14.397  -30.554  57.157 0.2222220004
41592  13.785  -29.606  56.557 0.2222220004
44886  18.810  -27.090  53.903 0.2222220004
43745  18.509  -27.703  54.163 0.2222220004
44896  18.414  -26.728  53.175 0.2222220004
43767  18.078  -27.389  53.495 0.2222220004
44829  19.892  -26.743  60.083 0.6666669846
116822  19.568  -27.255  59.138 0.6666669846
43679  19.692  -26.987  58.696 0.5555559993
43680  19.302  -27.670  58.548 0.5555559993
42611  18.842  -28.610  57.225 0.3333329856
41588  18.439  -29.411  56.547 0.3333329856
40610  18.186  -30.026  57.853 0.3333329856
121737  18.475  -29.522  57.297 0.2222220004
40613  15.207  -30.759  57.280 0.2222220004
41603  18.264  -29.295  55.676 0.2222220004
41604  17.517  -29.681  55.406 0.2222220004
111447  14.938  -30.326  56.679 0.2222220004
41608  14.253  -29.126  56.091 0.2222220004
42648  17.906  -29.082  54.875 0.2222220004
41618  17.072  -29.306  54.705 0.1111110002
42669  17.748  -28.047  53.841 0.2222220004
42670  17.420  -28.670  54.261 0.2222220004
42671  16.620  -28.702  54.240 0.1111110002
43768  17.265  -27.550  53.414 0.2222220004
43769  16.628  -27.621  53.560 0.2222220004
41568  18.365  -29.677  58.586 0.4444440007
126816  18.047  -30.137  58.438 0.4444440007
40594  17.575  -30.493  58.342 0.3333329856
40625  18.093  -30.083  56.956 0.2222220004
125890  16.958  -30.691  57.161 0.3333329856
112085  16.917  -30.860  57.844 0.3333329856
40612  16.165  -30.852  57.377 0.2222220004
40626  17.405  -30.385  56.675 0.2222220004
40627  16.622  -30.513  56.603 0.3333329856
114755  15.768  -30.497  56.657 0.2222220004
41589  17.886  -29.979  56.141 0.2222220004
40635  17.094  -30.221  55.950 0.1111110002
40636  16.230  -30.194  55.991 0.1111110002
126155  15.177  -29.672  55.910 0.1111110002
41619  16.179  -29.217  54.779 0.1111110002
42672  15.334  -28.915  55.043 0.2222220004
42693  16.984  -28.188  53.755 0.2222220004
43746  16.262  -28.030  53.912 0.2222220004
112162  15.804  -28.465  54.434 0.1111110002
43747  15.571  -27.645  54.228 0.2222220004
48929  31.212  -22.309  51.747 0.5555559993
125918  31.681  -22.160  51.334 0.5555559993
48908  30.693  -22.671  52.298 0.7777780294
116790  30.071  -23.007  51.940 0.4444440007
47943  29.671  -23.514  51.391 0.4444440007
48930  30.473  -22.465  51.542 0.5555559993
47956  29.835  -22.716  51.215 0.3333329856
48951  31.236  -22.082  50.981 0.4444440007
48952  30.321  -22.152  50.793 0.3333329856
48971  31.010  -21.769  50.194 0.3333329856
48972  30.122  -21.760  50.075 0.3333329856
116760  32.965  -22.401  51.856 0.6666669846
48928  32.084  -22.294  51.715 0.6666669846
126135  32.773  -22.237  51.257 0.5555559993
48949  33.058  -22.146  50.656 0.4444440007
122046  31.794  -21.865  50.319 0.4444440007
48970  32.567  -21.908  50.073 0.4444440007
49890  32.895  -21.675  49.241 0.3333329856
49891  31.866  -21.638  49.453 0.3333329856
49892  30.822  -21.484  49.368 0.2222220004
49909  31.497  -21.355  48.522 0.3333329856
49910  30.589  -21.167  48.542 0.2222220004
111615  33.812  -22.526  51.880 0.7777780294
48927  33.462  -22.336  51.218 0.5555559993
120229  33.733  -22.227  50.638 0.5555559993
49908  32.377  -21.454  48.517 0.3333329856
49927  32.023  -21.211  47.695 0.2222220004
112389  34.682  -22.548  51.948 0.6666669846
48926  34.284  -22.358  51.115 0.5555559993
48969  33.517  -21.944  49.951 0.5555559993
49889  33.784  -21.607  49.097 0.4444440007
49907  33.215  -21.426  48.410 0.2222220004
109209  32.732  -21.295  47.871 0.2222220004
48925  35.113  -22.307  51.270 0.6666669846
48948  34.274  -22.085  50.330 0.5555559993
109393  34.825  -22.136  50.668 0.4444440007
48968  34.260  -21.784  49.677 0.5555559993
49906  34.057  -21.322  48.300 0.1111110002
48924  35.836  -22.158  51.310 0.7777780294
48947  35.442  -21.977  50.689 0.6666669846
49876  35.839  -21.647  50.137 0.6666669846
49877  34.994  -21.789  49.981 0.5555559993
49888  35.589  -21.398  49.339 0.3333329856
113029  36.211  -22.294  51.914 0.7777780294
48946  36.042  -21.824  50.778 0.6666669846
49875  36.523  -21.496  50.455 0.6666669846
49887  36.377  -21.267  49.635 0.5555559993
49904  36.178  -21.027  48.778 0.3333329856
49903  36.950  -20.845  49.131 0.5555559993
49923  35.948  -20.897  47.901 0.4444440007
50774  36.819  -20.606  48.156 0.4444440007
50780  35.626  -20.772  47.076 0.3333329856
50791  35.363  -20.593  46.122 0.1111110002
49886  37.103  -21.083  50.004 0.6666669846
50778  37.095  -20.119  47.410 0.3333329856
50790  36.711  -20.026  46.641 0.2222220004
126091  36.093  -20.402  46.571 0.2222220004
53532  41.840  -17.868  44.133 0.7777780294
112388  41.868  -17.765  43.039 0.6666669846
123126  41.113  -17.881  43.556 0.7777780294
111962  39.778  -17.757  42.561 0.7777780294
112462  38.738  -17.638  42.787 0.4444440007
53547  38.184  -17.460  42.071 0.3333329856
113425  37.764  -17.196  41.588 0.2222220004
50789  37.215  -19.393  46.927 0.6666669846
53490  37.886  -17.535  46.317 0.7777780294
52606  37.000  -17.701  45.301 0.5555559993
52615  36.383  -18.340  44.953 0.2222220004
53519  42.158  -17.701  45.019 0.8888890147
53506  38.275  -17.270  45.809 0.5555559993
53522  37.503  -17.368  44.761 0.5555559993
106471  40.636  -17.760  44.364 0.6666669846
106470  39.398  -17.552  44.500 0.6666669846
107288  38.302  -17.459  43.927 0.5555559993
116295  37.707  -17.422  42.924 0.2222220004
51614  36.804  -19.194  46.188 0.6666669846
53473  38.475  -17.737  47.528 0.7777780294
52594  37.328  -18.365  46.497 0.7777780294
59633  47.966  -11.874  37.168 0.4444440007
118821  46.170  -11.250  36.571 0.2222220004
59648  48.448  -11.412  36.682 0.5555559993
119075  47.422  -11.016  36.260 0.3333329856
60509  45.836  -10.540  36.017 0.2222220004
60525  45.200  -9.917  35.712 0.2222220004
60523  47.518  -10.436  35.698 0.3333329856
60508  46.764  -10.801  36.123 0.2222220004
61449  43.936  -8.742  35.937 0.1111110002
107392  45.753  -7.069  39.814 0.1111110002
60506  48.901  -10.893  36.193 0.5555559993
64163  44.143  -6.476  37.832 0.1111110002
61447  45.508  -9.243  35.340 0.2222220004
63198  43.754  -7.593  36.364 0.1111110002
63173  47.801  -7.598  40.603 0.1111110002
63187  45.958  -6.540  39.345 0.1111110002
64162  45.377  -5.976  37.875 0.1111110002
108373  44.719  -6.310  37.309 0.1111110002
64170  44.766  -6.587  36.354 0.1111110002
60521  49.374  -10.331  35.687 0.4444440007
60522  48.486  -10.416  35.659 0.3333329856
61446  47.166  -9.638  35.163 0.2222220004
62351  45.892  -8.543  34.872 0.2222220004
124330  44.798  -7.583  35.494 0.1111110002
64178  45.104  -6.991  35.509 0.1111110002
61444  48.974  -9.778  35.184 0.2222220004
61465  47.665  -9.217  34.746 0.2222220004
62365  46.523  -8.038  34.476 0.2222220004
62366  45.940  -7.784  34.728 0.1111110002
63219  45.754  -7.125  34.921 0.1111110002
64177  45.778  -6.424  35.312 0.1111110002
61463  49.539  -9.192  34.707 0.2222220004
62364  47.768  -8.571  34.336 0.2222220004
63218  46.405  -7.281  34.509 0.2222220004
62362  49.329  -8.629  34.259 0.2222220004
62363  48.643  -8.267  34.036 0.2222220004
122895  47.181  -8.152  34.262 0.2222220004
61462  50.927  -9.039  34.418 0.2222220004
31810  1.414  -40.175  67.975 0.3333329856
33630  4.445  -37.657  67.599 0.4444440007
110106  8.618  -33.417  65.074 0.5555559993
107679  10.375  -32.376  61.868 0.5555559993
38517  10.455  -32.072  60.628 0.4444440007
38504  10.004  -32.519  61.118 0.4444440007
40597  12.186  -30.857  58.414 0.3333329856
108656  37.437  -20.151  48.020 0.5555559993
52593  37.925  -17.923  47.039 0.7777780294
108045  39.015  -17.267  45.609 0.6666669846
53520  40.025  -17.424  45.389 0.6666669846
105623  41.171  -17.637  45.138 0.6666669846
58684  48.223  -12.307  37.699 0.4444440007
61443  49.880  -9.677  35.240 0.2222220004
117134  50.298  -9.216  34.734 0.2222220004
39539  11.440  -31.170  58.933 0.3333329856
32767  0.934  -38.484  66.124 0.1111110002
34612  2.812  -36.694  63.995 0.1111110002
33649  5.035  -37.470  65.264 0.3333329856
34625  3.494  -36.636  63.620 0.1111110002
35609  5.262  -35.193  62.419 0.1111110002
36568  3.793  -34.892  63.162 0.1111110002
118317  3.215  -35.121  63.685 0.1111110002
34609  6.046  -36.542  64.388 0.4444440007
118284  6.947  -35.685  63.993 0.4444440007
35580  7.193  -35.457  64.800 0.4444440007
112434  7.547  -35.074  64.090 0.4444440007
35607  6.637  -35.189  62.678 0.1111110002
36602  5.802  -33.885  61.629 0.1111110002
36544  7.762  -34.386  65.715 0.5555559993
36566  7.857  -34.555  63.296 0.4444440007
37502  7.019  -33.655  61.055 0.2222220004
37514  7.535  -33.210  60.720 0.1111110002
38520  7.065  -32.278  60.264 0.1111110002
37455  8.485  -33.783  64.469 0.5555559993
37472  8.426  -33.950  62.804 0.4444440007
37489  8.952  -33.487  62.318 0.4444440007
37490  8.217  -33.926  61.930 0.4444440007
38518  8.668  -32.544  60.149 0.3333329856
39518  8.501  -31.407  59.101 0.1111110002
39542  8.903  -30.787  58.613 0.2222220004
40599  10.294  -30.431  58.152 0.2222220004
41581  9.738  -29.358  57.787 0.1111110002
40616  11.740  -30.198  57.700 0.3333329856
43743  20.772  -27.116  54.884 0.3333329856
41594  12.100  -29.016  56.822 0.2222220004
107115  20.429  -26.732  58.071 0.4444440007
113593  13.717  -30.232  56.985 0.2222220004
44932  21.528  -26.838  51.107 0.2222220004
43678  19.857  -26.879  58.133 0.4444440007
43697  19.608  -27.235  57.520 0.4444440007
43731  19.207  -27.638  55.794 0.2222220004
120882  18.200  -28.369  54.483 0.2222220004
40628  14.278  -30.117  56.702 0.2222220004
41576  18.660  -29.198  57.972 0.3333329856
40611  17.564  -30.473  57.452 0.3333329856
41590  15.416  -30.047  56.156 0.2222220004
41591  14.679  -29.730  56.268 0.2222220004
41607  14.945  -29.276  55.703 0.2222220004
43770  16.052  -27.285  53.705 0.2222220004
41605  16.637  -29.782  55.333 0.1111110002
41606  15.686  -29.634  55.509 0.1111110002
42673  15.078  -28.063  54.816 0.2222220004
50779  36.407  -20.496  47.283 0.2222220004
50812  36.225  -19.977  45.783 0.2222220004
111223  40.833  -17.829  42.771 0.6666669846
53533  40.190  -17.818  43.533 0.6666669846
53534  39.311  -17.703  43.455 0.5555559993
53559  38.537  -17.307  41.365 0.2222220004
53507  37.670  -17.430  45.570 0.5555559993
111273  37.304  -17.806  45.899 0.6666669846
52595  36.873  -18.360  45.739 0.5555559993
53523  36.732  -17.536  44.516 0.3333329856
53521  38.325  -17.323  45.094 0.5555559993
53535  37.187  -17.309  43.830 0.2222220004
111348  36.792  -17.198  42.861 0.1111110002
59649  47.692  -11.435  36.668 0.4444440007
59650  46.961  -11.391  36.623 0.3333329856
59635  46.424  -11.790  37.094 0.3333329856
60507  48.085  -10.960  36.179 0.4444440007
110475  44.995  -10.495  36.174 0.2222220004
60524  46.580  -10.135  35.574 0.2222220004
118865  45.883  -9.851  35.528 0.2222220004
61448  44.666  -9.188  35.647 0.2222220004
62339  43.350  -8.247  36.380 0.1111110002
62353  43.938  -8.031  35.948 0.1111110002
62314  46.087  -7.569  40.366 0.1111110002
63180  45.136  -6.716  39.384 0.1111110002
63190  43.562  -6.762  38.499 0.1111110002
63189  44.518  -6.476  38.701 0.1111110002
113877  44.801  -6.230  38.103 0.1111110002
113526  46.306  -9.373  35.160 0.2222220004
113578  45.157  -8.607  35.264 0.2222220004
63194  44.018  -6.903  36.837 0.1111110002
63209  44.366  -7.378  35.935 0.1111110002
62307  47.429  -8.132  41.081 0.1111110002
63179  46.510  -7.078  39.890 0.1111110002
63188  45.336  -6.282  38.700 0.1111110002
64167  45.335  -5.989  36.940 0.1111110002
61445  48.058  -9.794  35.165 0.2222220004
61466  46.893  -8.794  34.686 0.2222220004
63208  45.260  -7.833  35.101 0.2222220004
62352  44.548  -8.194  35.552 0.1111110002
61464  48.555  -9.103  34.604 0.2222220004
63217  47.074  -7.502  34.148 0.1111110002
62361  50.166  -8.675  34.195 0.2222220004
63216  47.877  -7.754  33.879 0.2222220004
44733  25.093  -26.470  67.166 0.4444440007
43589  27.746  -27.509  65.708 0.3333329856
44745  25.767  -26.632  65.978 0.4444440007
44704  25.563  -26.952  68.534 0.3333329856
44705  25.074  -26.931  68.869 0.2222220004
43591  25.873  -27.156  64.625 0.6666669846
43553  25.433  -27.132  68.658 0.2222220004
107442  28.596  -28.504  63.294 0.4444440007
43603  24.567  -27.199  63.470 0.7777780294
44734  23.605  -26.434  67.030 0.4444440007
116970  24.206  -26.383  66.476 0.4444440007
125836  24.696  -26.727  68.584 0.3333329856
44762  24.453  -26.528  64.886 0.4444440007
44719  25.184  -26.690  68.235 0.4444440007
44706  24.311  -26.952  69.209 0.3333329856
43554  24.759  -27.284  69.102 0.2222220004
44722  22.917  -26.684  67.605 0.3333329856
44747  23.908  -26.381  65.439 0.5555559993
44749  22.540  -26.476  65.731 0.5555559993
44778  24.064  -26.710  64.038 0.5555559993
109947  23.023  -26.368  65.086 0.5555559993
44780  22.400  -26.395  63.470 0.5555559993
42464  20.521  -27.922  69.410 0.3333329856
42465  19.621  -28.380  68.781 0.3333329856
42457  18.869  -28.714  69.280 0.3333329856
41413  18.241  -28.935  71.017 0.3333329856
120808  16.616  -29.445  71.752 0.3333329856
41415  15.783  -29.428  71.667 0.3333329856
41416  14.855  -29.363  71.673 0.3333329856
41417  14.024  -29.196  71.659 0.3333329856
43573  21.373  -27.214  67.013 0.4444440007
43566  20.760  -27.583  67.556 0.4444440007
42475  20.177  -27.945  68.162 0.3333329856
42476  19.376  -28.426  67.640 0.3333329856
111190  22.088  -26.736  66.555 0.4444440007
43574  20.597  -27.541  66.563 0.4444440007
43567  19.948  -27.942  67.100 0.4444440007
120758  21.821  -26.643  65.651 0.5555559993
43582  21.242  -27.023  66.080 0.5555559993
113787  21.999  -26.338  63.984 0.6666669846
44750  21.221  -26.799  65.159 0.5555559993
41431  18.322  -28.943  69.928 0.3333329856
41432  17.479  -29.265  69.917 0.3333329856
106007  16.455  -29.400  70.517 0.3333329856
105644  15.303  -29.383  70.407 0.3333329856
42466  18.803  -28.743  68.181 0.4444440007
126032  18.436  -28.938  68.526 0.3333329856
105643  14.454  -29.225  70.773 0.3333329856
41444  18.165  -29.172  67.944 0.3333329856
41433  16.674  -29.536  69.189 0.3333329856
106513  15.195  -29.505  69.111 0.4444440007
41434  14.443  -29.296  69.716 0.3333329856
39464  31.460  -32.206  61.633 0.2222220004
43583  20.508  -27.411  65.633 0.6666669846
42487  19.241  -28.444  66.678 0.5555559993
44766  21.232  -26.554  64.120 0.6666669846
44781  21.620  -26.364  63.324 0.6666669846
43584  19.705  -27.928  65.188 0.6666669846
42496  19.165  -28.444  65.853 0.5555559993
42488  18.670  -28.803  66.283 0.6666669846
43575  19.833  -27.939  66.162 0.6666669846
43593  20.468  -27.186  64.683 0.6666669846
42477  18.535  -28.905  67.129 0.6666669846
43605  20.384  -26.943  63.763 0.6666669846
121055  19.029  -28.495  65.212 0.6666669846
44782  20.868  -26.518  63.183 0.6666669846
41476  18.016  -29.329  66.169 0.6666669846
41491  17.434  -29.690  65.451 0.6666669846
42503  19.183  -28.315  64.541 0.6666669846
42497  18.556  -28.873  65.600 0.6666669846
41490  18.029  -29.280  65.196 0.6666669846
123353  17.300  -29.872  64.335 0.5555559993
39432  35.504  -31.259  63.355 0.1111110002
39462  33.710  -31.939  61.939 0.2222220004
40504  35.311  -30.404  63.333 0.1111110002
40543  34.496  -30.889  62.197 0.1111110002
109895  34.392  -31.708  62.391 0.2222220004
41507  36.174  -29.951  64.005 0.1111110002
40503  35.843  -30.589  63.686 0.1111110002
40524  34.888  -31.080  63.027 0.1111110002
41509  35.140  -29.613  63.185 0.2222220004
116979  34.798  -30.058  62.657 0.2222220004
43599  34.980  -27.111  63.378 0.2222220004
116136  34.961  -28.002  63.085 0.2222220004
42523  34.842  -28.887  62.688 0.2222220004
50694  39.171  -20.554  58.169 0.6666669846
51506  39.684  -19.819  57.707 0.5555559993
50708  39.257  -20.368  57.192 0.7777780294
113325  39.266  -20.285  56.349 0.6666669846
49905  35.393  -21.150  48.494 0.1111110002
53545  40.490  -17.627  41.868 0.5555559993
53570  38.840  -17.090  40.751 0.2222220004
127241  41.172  -14.606  38.572 0.2222220004
108606  43.771  -14.502  39.210 0.1111110002
56552  42.428  -14.595  38.837 0.2222220004
57575  42.451  -13.918  38.335 0.1111110002
57576  41.673  -13.616  38.021 0.1111110002
58667  46.908  -12.802  38.130 0.3333329856
126808  43.095  -13.572  38.195 0.1111110002
123686  13.555  -29.341  72.346 0.2222220004
123384  15.925  -29.539  69.498 0.4444440007
43604  23.720  -26.882  63.236 0.5555559993
44779  23.226  -26.509  63.747 0.5555559993
123434  29.082  -28.758  62.906 0.4444440007
118631  39.712  -19.781  56.803 0.6666669846
115612  39.759  -17.555  41.672 0.4444440007
54485  39.083  -16.654  40.128 0.1111110002
109653  41.693  -14.330  38.465 0.2222220004
56550  44.181  -14.024  38.831 0.2222220004
43590  26.849  -27.281  65.055 0.5555559993
44841  20.197  -26.492  59.704 0.5555559993
53558  39.329  -17.369  41.210 0.3333329856
44746  24.941  -26.481  65.951 0.4444440007
44732  25.806  -26.586  66.844 0.4444440007
117895  24.471  -26.500  67.626 0.4444440007
44718  25.790  -26.741  67.882 0.3333329856
44761  25.352  -26.719  65.188 0.5555559993
43592  24.948  -26.926  64.318 0.6666669846
43581  26.227  -26.912  65.551 0.4444440007
44748  23.350  -26.386  65.992 0.5555559993
44763  23.559  -26.453  64.546 0.5555559993
44735  22.882  -26.488  66.531 0.5555559993
44765  22.076  -26.440  64.831 0.5555559993
44764  22.707  -26.382  64.254 0.5555559993
41414  17.363  -29.293  71.321 0.3333329856
41402  14.381  -29.615  72.350 0.3333329856
56551  43.281  -14.156  38.706 0.1111110002
28895  2.342  -42.393  66.307 0.2222220004
29851  3.456  -41.409  67.999 0.2222220004
43662  19.249  -27.872  59.359 0.5555559993
46971  29.622  -24.340  51.506 0.4444440007
47957  29.399  -23.173  50.739 0.2222220004
46985  29.311  -24.231  50.757 0.2222220004
45979  28.831  -25.209  50.424 0.2222220004
124984  28.490  -25.845  50.610 0.2222220004
48953  29.655  -22.378  50.506 0.2222220004
47974  29.126  -22.805  50.126 0.2222220004
121250  29.076  -23.597  50.245 0.2222220004
46986  28.824  -24.293  49.925 0.2222220004
48973  29.403  -21.992  49.843 0.2222220004
48974  28.765  -22.471  49.511 0.2222220004
125378  22.057  -26.935  67.522 0.3333329856
48811  37.956  -22.109  58.953 0.6666669846
118719  38.620  -21.341  58.049 0.6666669846
65934  62.271  -4.039  25.290 0.3333329856
123749  59.440  -6.678  26.655 0.3333329856
64267  58.721  -6.275  26.694 0.3333329856
65125  61.404  -5.679  25.708 0.3333329856
65098  60.435  -5.972  25.989 0.2222220004
65099  59.747  -5.343  26.073 0.2222220004
108321  61.359  -3.742  25.511 0.2222220004
121481  61.486  -4.710  25.504 0.3333329856
65126  60.596  -5.132  25.758 0.2222220004
64268  57.845  -6.103  26.938 0.3333329856
125816  60.731  -4.350  25.680 0.2222220004
40408  7.888  -30.648  73.456 0.1111110002
45959  29.382  -25.183  51.339 0.3333329856
117078  37.841  -21.941  59.839 0.5555559993
50682  38.740  -21.056  58.872 0.6666669846
28890  1.838  -42.053  66.847 0.2222220004
49947  34.813  -20.984  46.854 0.1111110002
123938  36.481  -19.083  45.507 0.2222220004
51633  35.938  -19.407  44.935 0.2222220004
28896  1.645  -42.381  66.050 0.2222220004
51634  35.254  -19.698  44.220 0.1111110002
39447  35.014  -32.061  63.131 0.1111110002
114166  35.177  -33.096  62.922 0.1111110002
38498  33.711  -32.838  62.517 0.1111110002
43806  26.048  -27.896  51.189 0.3333329856
109392  26.883  -27.672  51.402 0.3333329856
44947  27.608  -26.752  50.747 0.2222220004
50669  38.676  -20.786  59.824 0.3333329856
49769  38.355  -21.644  58.641 0.5555559993
50681  39.169  -20.325  59.266 0.5555559993
51499  39.655  -19.771  58.710 0.4444440007
51498  40.141  -19.199  58.207 0.4444440007
52428  40.632  -18.698  57.719 0.4444440007
51505  40.171  -19.264  57.261 0.4444440007
42514  28.076  -28.175  63.808 0.4444440007
42513  28.827  -28.367  64.148 0.4444440007
125520  27.501  -27.400  51.528 0.3333329856
39463  33.080  -32.065  61.621 0.2222220004
56335  44.391  -13.620  59.080 0.1111110002
38497  34.421  -32.676  62.727 0.1111110002
49759  38.322  -21.495  59.392 0.5555559993
111557  34.937  -33.901  62.693 0.1111110002
38480  34.444  -33.612  62.762 0.1111110002
50668  39.049  -20.034  60.338 0.4444440007
113450  9.614  -38.035  71.577 0.1111110002
32712  8.629  -38.425  71.459 0.1111110002
32701  9.335  -38.231  72.482 0.1111110002
33604  9.268  -37.923  70.461 0.1111110002
32720  8.354  -38.201  70.072 0.1111110002
33611  9.848  -37.620  69.593 0.1111110002
32702  8.423  -38.637  72.259 0.1111110002
109483  7.695  -38.759  70.865 0.1111110002
32721  7.514  -38.633  69.725 0.1111110002
31796  6.800  -39.203  69.328 0.1111110002
124096  6.788  -39.225  68.429 0.1111110002
31803  7.126  -38.840  67.783 0.1111110002
111033  7.870  -38.970  71.792 0.1111110002
31797  6.198  -39.576  69.784 0.1111110002
31804  6.229  -39.682  68.738 0.1111110002
30826  5.752  -40.251  68.094 0.1111110002
28903  1.208  -42.399  65.415 0.1111110002
28902  2.052  -42.602  65.341 0.1111110002
30827  4.986  -40.668  68.425 0.1111110002
31815  6.432  -39.697  66.670 0.1111110002
29849  4.584  -41.099  67.840 0.1111110002
29881  3.346  -41.584  63.790 0.1111110002
28916  2.825  -42.130  64.321 0.1111110002
28910  2.133  -42.428  64.708 0.1111110002
28911  1.377  -42.445  64.936 0.1111110002
30837  5.417  -40.815  66.612 0.1111110002
28918  1.628  -42.010  64.424 0.1111110002
29854  0.778  -41.427  66.621 0.2222220004
28897  1.066  -42.048  66.266 0.1111110002
29859  0.499  -41.682  65.978 0.2222220004
28912  0.861  -42.233  65.077 0.1111110002
29865  0.458  -41.808  65.316 0.1111110002
29857  4.778  -41.198  67.003 0.1111110002
28893  3.656  -41.853  66.794 0.1111110002
29872  3.589  -41.991  64.513 0.1111110002
28909  2.890  -42.522  64.925 0.1111110002
29873  1.050  -41.943  64.634 0.1111110002
30842  5.974  -40.176  65.389 0.1111110002
29879  5.057  -40.978  64.158 0.1111110002
29871  4.377  -41.628  64.840 0.1111110002
30869  6.081  -40.337  63.125 0.1111110002
30870  5.377  -40.436  62.869 0.1111110002
29890  3.892  -41.084  63.172 0.1111110002
30844  0.107  -41.185  65.695 0.1111110002
29874  0.590  -41.671  64.808 0.1111110002
29866  0.065  -41.240  64.993 0.1111110002
30843  5.449  -40.756  65.731 0.1111110002
29875  0.234  -40.913  64.259 0.1111110002
30851  -0.252  -40.569  64.606 0.1111110002
30849  6.493  -39.920  64.698 0.1111110002
30858  6.356  -40.248  63.858 0.1111110002
31843  6.743  -40.030  63.264 0.1111110002
31855  6.691  -39.851  62.611 0.1111110002
30845  -0.338  -40.510  65.313 0.1111110002
31834  -0.797  -39.860  64.691 0.1111110002
41570  8.679  -29.200  58.430 0.1111110002
43831  26.528  -27.418  50.670 0.1111110002
43832  25.683  -27.575  50.415 0.1111110002
42649  14.634  -28.511  55.586 0.1111110002
42512  29.301  -28.712  63.649 0.2222220004
43830  27.261  -27.200  50.972 0.1111110002
44948  27.031  -26.823  50.235 0.1111110002
43833  24.816  -27.657  50.291 0.1111110002
43807  24.539  -27.995  51.054 0.2222220004
43571  27.581  -27.772  67.343 0.2222220004
43562  26.917  -27.513  67.707 0.2222220004
42494  28.372  -27.942  66.407 0.2222220004
43572  27.154  -27.224  67.110 0.2222220004
46002  27.681  -25.530  49.201 0.1111110002
42724  23.665  -27.903  51.226 0.2222220004
43834  23.920  -27.648  50.344 0.1111110002
43732  14.667  -27.596  55.483 0.1111110002
121129  15.520  -26.941  54.066 0.1111110002
44888  15.064  -27.046  54.767 0.1111110002
45922  15.063  -25.789  55.702 0.1111110002
44731  26.477  -26.796  66.537 0.2222220004
43580  27.081  -27.138  66.118 0.3333329856
46001  28.369  -24.998  49.506 0.1111110002
47990  28.256  -23.144  48.984 0.1111110002
44949  22.563  -26.944  49.939 0.1111110002
44897  17.527  -26.858  53.007 0.1111110002
44898  16.636  -26.903  53.215 0.1111110002
48990  28.321  -22.099  48.864 0.1111110002
44950  21.833  -26.508  50.278 0.1111110002
44933  20.040  -26.074  52.005 0.1111110002
44912  18.812  -26.191  52.790 0.1111110002
45982  21.574  -25.577  50.114 0.1111110002
45962  20.361  -25.695  51.161 0.1111110002
44913  17.909  -26.201  52.577 0.1111110002
116941  16.409  -26.204  53.085 0.1111110002
45983  20.718  -25.034  50.421 0.1111110002
47960  23.775  -24.134  50.385 0.1111110002
49893  29.880  -21.412  49.332 0.1111110002
48989  29.043  -21.591  49.213 0.1111110002
46988  23.147  -24.557  49.686 0.1111110002
46990  21.456  -24.704  50.035 0.1111110002
46972  19.840  -24.942  50.973 0.1111110002
45963  19.008  -25.049  51.541 0.1111110002
45964  18.062  -24.908  51.732 0.1111110002
45949  17.579  -25.499  52.260 0.1111110002
123222  22.348  -23.387  50.620 0.1111110002
46989  22.218  -24.475  49.912 0.1111110002
123880  21.559  -23.939  50.155 0.1111110002
47963  20.362  -23.333  50.399 0.1111110002
106852  18.940  -23.710  50.948 0.1111110002
46974  18.597  -24.314  51.300 0.1111110002
49911  29.606  -21.013  48.503 0.1111110002
49930  29.677  -20.717  47.539 0.1111110002
50781  28.862  -20.482  47.171 0.1111110002
126680  31.652  -21.004  47.249 0.1111110002
122013  36.263  -22.796  61.467 0.3333329856
48789  36.571  -22.270  62.152 0.1111110002
48802  36.856  -22.419  61.012 0.3333329856
48788  37.098  -21.661  61.966 0.1111110002
49734  37.599  -21.191  61.906 0.1111110002
48801  37.565  -21.670  60.912 0.1111110002
49733  38.021  -20.905  61.411 0.2222220004
49747  38.183  -21.237  60.344 0.1111110002
53546  39.041  -17.564  41.866 0.2222220004
50642  38.427  -20.242  62.140 0.2222220004
50657  38.494  -20.453  60.882 0.2222220004
50656  38.916  -19.731  61.570 0.2222220004
51478  39.984  -18.814  60.400 0.2222220004
51490  40.079  -19.052  59.257 0.3333329856
51491  39.569  -19.566  59.786 0.3333329856
52406  40.559  -18.366  59.873 0.3333329856
52405  41.032  -17.622  60.547 0.1111110002
52417  40.610  -18.569  58.747 0.3333329856
54301  42.700  -15.951  60.170 0.1111110002
53348  42.190  -16.433  60.728 0.1111110002
53360  41.562  -17.121  60.040 0.3333329856
53371  41.625  -17.433  58.840 0.2222220004
52427  41.136  -18.104  58.240 0.3333329856
113587  53.131  -14.275  50.163 0.1111110002
53359  42.121  -16.700  59.493 0.3333329856
56438  53.606  -14.651  49.792 0.1111110002
56447  53.175  -14.492  48.938 0.1111110002
56446  54.061  -15.006  49.440 0.1111110002
107340  53.957  -14.511  48.691 0.1111110002
57466  55.632  -13.803  47.524 0.1111110002
116650  58.865  -11.901  44.142 0.2222220004
115305  59.280  -12.381  43.223 0.2222220004
59544  58.332  -11.479  43.741 0.2222220004
58610  59.686  -11.736  41.823 0.1111110002
60434  59.548  -11.161  42.319 0.2222220004
126490  59.342  -11.463  42.739 0.2222220004
59559  58.796  -11.138  42.845 0.2222220004
59574  59.778  -11.282  41.960 0.2222220004
60435  58.906  -10.677  42.054 0.2222220004
118003  0.308  -41.046  66.435 0.2222220004
31787  6.924  -39.221  70.441 0.1111110002
30828  4.400  -40.678  68.700 0.1111110002
122325  3.819  -40.974  68.444 0.1111110002
29864  4.415  -41.762  65.629 0.1111110002
29858  4.301  -41.646  66.472 0.1111110002
28908  3.698  -42.177  65.249 0.1111110002
105940  28.411  -28.049  64.588 0.2222220004
125137  37.347  -22.354  60.193 0.4444440007
58507  56.923  -13.616  46.663 0.1111110002
58552  58.392  -12.657  44.986 0.2222220004
57474  58.012  -13.190  45.569 0.2222220004
29850  4.023  -41.497  67.424 0.1111110002
57465  56.415  -14.115  47.250 0.1111110002
59530  58.752  -12.334  44.479 0.2222220004
45947  19.254  -25.786  52.212 0.1111110002
41593  12.905  -29.195  56.618 0.1111110002
125488  30.862  -20.866  47.254 0.1111110002
112608  34.698  -21.466  49.017 0.1111110002
43563  26.120  -27.195  68.230 0.2222220004
44717  26.479  -26.935  67.509 0.2222220004
110634  4.054  -41.234  68.049 0.1111110002
45980  28.098  -25.822  50.082 0.1111110002
47975  28.722  -23.412  49.671 0.1111110002
47003  28.362  -24.135  49.151 0.1111110002
120923  27.662  -26.409  50.328 0.1111110002
28904  0.763  -42.097  65.518 0.1111110002
32728  8.048  -37.923  68.968 0.1111110002
33612  8.901  -37.605  69.317 0.1111110002
32729  7.334  -38.560  68.667 0.1111110002
31809  6.465  -39.641  67.685 0.1111110002
30818  5.554  -40.061  69.059 0.1111110002
30832  5.277  -40.783  67.534 0.1111110002
29843  4.344  -40.953  68.285 0.1111110002
30831  5.946  -40.329  67.148 0.1111110002
30836  5.910  -40.236  66.222 0.1111110002
29880  4.193  -41.351  63.958 0.1111110002
29863  4.966  -41.321  66.098 0.1111110002
123120  6.935  -39.168  66.270 0.1111110002
31824  6.599  -39.603  65.672 0.1111110002
30859  5.751  -40.572  63.801 0.1111110002
30850  5.707  -40.527  64.682 0.1111110002
30860  4.785  -40.875  63.307 0.1111110002
29870  4.963  -41.149  65.237 0.1111110002
123098  5.432  -40.643  63.391 0.1111110002
31833  7.140  -39.731  63.888 0.1111110002
30871  4.477  -40.483  62.636 0.1111110002
120735  25.285  -27.923  50.926 0.1111110002
43859  26.140  -27.099  49.869 0.1111110002
43861  24.278  -27.273  49.562 0.1111110002
42470  27.342  -27.921  67.634 0.2222220004
43579  27.761  -27.572  66.717 0.2222220004
43862  23.404  -27.184  49.735 0.1111110002
44875  14.813  -26.647  55.792 0.1111110002
44874  15.042  -26.225  55.028 0.1111110002
47991  27.735  -23.887  48.468 0.1111110002
45981  22.356  -25.980  49.652 0.1111110002
44914  17.004  -26.132  52.676 0.1111110002
124028  19.680  -25.516  51.592 0.1111110002
45948  18.420  -25.616  52.143 0.1111110002
45950  16.523  -25.602  52.896 0.1111110002
116415  16.989  -25.383  52.512 0.1111110002
49912  28.686  -21.290  48.518 0.1111110002
47006  23.511  -25.001  49.091 0.1111110002
47007  22.692  -25.178  49.501 0.1111110002
47961  22.900  -24.027  50.356 0.1111110002
46005  22.011  -25.189  49.780 0.1111110002
113815  20.872  -24.034  50.191 0.1111110002
46973  19.291  -24.297  50.892 0.1111110002
46975  17.919  -24.158  51.632 0.1111110002
48956  21.942  -22.791  50.775 0.1111110002
109625  22.034  -23.538  50.280 0.1111110002
47962  21.250  -23.120  50.310 0.1111110002
46991  20.078  -24.198  50.498 0.1111110002
47949  18.457  -23.546  51.350 0.1111110002
47964  19.560  -23.519  50.667 0.1111110002
117332  29.038  -20.835  47.983 0.1111110002
49929  30.424  -20.878  47.748 0.1111110002
49953  29.628  -20.495  46.738 0.1111110002
49951  31.246  -20.854  46.806 0.1111110002
114215  37.554  -21.247  62.843 0.1111110002
52416  41.099  -17.898  59.361 0.2222220004
59543  59.228  -11.773  43.399 0.2222220004
58574  59.138  -12.414  43.991 0.2222220004
57506  59.061  -12.864  43.900 0.2222220004
59558  59.500  -11.724  42.511 0.2222220004
53548  37.475  -17.268  42.249 0.1111110002
57590  45.220  -12.866  37.994 0.2222220004
127087  44.948  -12.407  37.571 0.1111110002
58685  47.448  -12.342  37.634 0.2222220004
58686  46.647  -12.329  37.592 0.2222220004
58687  45.740  -12.260  37.514 0.2222220004
119131  45.733  -11.677  37.009 0.2222220004
64266  59.560  -6.098  26.341 0.2222220004
65100  58.961  -5.490  26.382 0.2222220004
65932  63.952  -4.298  24.978 0.3333329856
62428  65.365  -7.477  28.072 0.1111110002
63299  65.523  -6.471  27.754 0.2222220004
62392  64.399  -7.576  31.852 0.2222220004
63249  64.598  -7.207  31.352 0.2222220004
57591  44.306  -12.845  37.830 0.1111110002
62383  53.198  -9.147  32.127 0.2222220004
59634  47.205  -11.864  37.134 0.2222220004
120885  29.386  -30.739  65.969 0.1111110002
40456  28.932  -30.559  66.343 0.1111110002
39400  28.309  -31.155  66.180 0.1111110002
40472  27.584  -30.759  66.330 0.1111110002
40489  25.692  -30.792  65.036 0.1111110002
41469  28.787  -29.575  66.603 0.1111110002
40457  28.253  -30.227  66.703 0.1111110002
40458  27.399  -30.023  66.843 0.1111110002
40474  25.720  -30.266  65.738 0.1111110002
109237  24.312  -30.128  64.209 0.1111110002
40507  24.223  -30.327  63.430 0.1111110002
41457  27.378  -28.340  67.564 0.1111110002
40475  24.847  -30.130  65.063 0.1111110002
107596  23.549  -29.334  65.195 0.1111110002
41512  23.592  -29.876  63.927 0.1111110002
41498  23.151  -29.470  64.534 0.1111110002
38483  32.018  -33.753  62.915 0.1111110002
114820  30.497  -32.805  63.708 0.1111110002
39433  30.351  -31.723  63.899 0.1111110002
39420  30.071  -31.390  64.738 0.1111110002
38500  32.217  -32.904  62.372 0.1111110002
106969  30.913  -32.706  62.988 0.1111110002
40505  30.217  -30.620  64.046 0.1111110002
39465  30.864  -32.076  62.033 0.1111110002
39448  30.616  -31.892  62.853 0.1111110002
41522  30.045  -29.631  63.275 0.1111110002
41429  22.617  -28.642  70.077 0.1111110002
42463  23.388  -28.146  69.915 0.1111110002
41442  22.866  -29.064  68.891 0.1111110002
41511  29.828  -29.079  63.970 0.1111110002
42474  23.258  -28.871  68.152 0.1111110002
42493  28.920  -28.409  65.990 0.1111110002
42461  25.421  -27.507  68.634 0.1111110002
42473  24.054  -28.423  68.348 0.1111110002
42483  25.858  -28.583  67.705 0.1111110002
42485  24.189  -28.789  67.193 0.1111110002
41459  22.529  -29.322  67.373 0.1111110002
41473  25.126  -29.131  66.725 0.1111110002
42495  24.412  -29.045  66.527 0.1111110002
122214  22.156  -29.417  65.703 0.1111110002
108786  21.545  -29.855  65.627 0.1111110002
41488  22.781  -29.271  65.284 0.1111110002
38499  32.997  -32.840  62.355 0.1111110002
43546  23.533  -27.525  69.938 0.2222220004
42502  28.417  -27.912  65.406 0.1111110002
39347  13.033  -30.374  72.590 0.1111110002
42454  22.909  -27.896  70.186 0.2222220004
43539  22.370  -27.927  70.310 0.2222220004
42444  22.167  -28.437  70.409 0.2222220004
40415  12.563  -29.903  72.962 0.1111110002
40414  13.445  -30.000  72.701 0.1111110002
43547  23.020  -27.439  70.051 0.2222220004
43556  22.916  -27.043  69.759 0.2222220004
42445  21.673  -28.513  70.564 0.1111110002
42511  35.327  -28.864  63.331 0.1111110002
44693  23.564  -27.147  69.750 0.2222220004
43548  22.381  -27.546  70.103 0.2222220004
114534  14.133  -30.012  72.605 0.1111110002
43540  21.705  -28.027  70.472 0.2222220004
38376  16.908  -31.942  71.406 0.1111110002
44721  23.434  -26.820  69.043 0.2222220004
115981  20.475  -29.467  70.969 0.1111110002
40421  19.479  -30.231  71.501 0.1111110002
39354  19.205  -31.033  71.537 0.1111110002
38384  18.300  -32.612  71.074 0.1111110002
44720  23.938  -26.627  68.237 0.2222220004
45868  34.897  -25.590  63.382 0.1111110002
46851  35.116  -24.843  63.820 0.1111110002
46862  35.103  -24.345  62.526 0.2222220004
41393  13.038  -29.635  72.696 0.1111110002
41391  14.764  -29.996  72.622 0.1111110002
41392  13.912  -29.871  72.639 0.1111110002
41390  15.795  -30.091  72.651 0.1111110002
120752  14.599  -30.084  72.529 0.1111110002
39344  16.830  -30.551  72.427 0.1111110002
39358  15.715  -30.973  71.928 0.1111110002
43564  22.500  -26.945  68.581 0.2222220004
39343  17.459  -30.427  72.468 0.1111110002
43557  22.040  -27.246  69.314 0.2222220004
126217  20.439  -28.855  71.009 0.1111110002
42437  19.909  -29.184  71.261 0.2222220004
41398  18.545  -29.886  71.973 0.2222220004
118732  18.615  -31.128  71.815 0.1111110002
43565  21.615  -27.269  68.070 0.2222220004
43558  21.082  -27.584  68.715 0.2222220004
42456  19.919  -28.298  70.202 0.2222220004
42438  19.066  -29.181  71.486 0.2222220004
45867  35.161  -25.601  64.052 0.1111110002
46857  35.222  -24.444  63.338 0.1111110002
106218  35.525  -23.603  62.344 0.2222220004
41401  15.276  -29.725  72.382 0.1111110002
41400  16.240  -29.762  72.430 0.1111110002
40412  16.385  -30.144  72.625 0.1111110002
41388  17.395  -30.092  72.591 0.1111110002
40411  17.129  -30.089  72.633 0.1111110002
41387  17.873  -29.981  72.441 0.1111110002
40410  17.842  -30.100  72.471 0.1111110002
42448  19.073  -28.692  70.618 0.2222220004
47804  36.055  -22.897  62.285 0.1111110002
47794  35.496  -23.821  63.277 0.1111110002
41399  17.217  -29.716  72.317 0.2222220004
105984  18.113  -29.521  71.879 0.1111110002
56556  38.312  -14.596  38.653 0.1111110002
55500  40.595  -14.930  38.723 0.1111110002
57578  39.307  -13.766  38.107 0.1111110002
57579  38.431  -13.832  38.348 0.1111110002
56553  40.861  -14.113  38.218 0.1111110002
57577  40.118  -13.580  37.903 0.1111110002
57597  38.823  -13.197  38.051 0.1111110002
61479  50.913  -8.588  33.754 0.1111110002
62374  49.564  -8.014  33.699 0.1111110002
122790  50.339  -8.203  33.578 0.1111110002
62375  48.768  -7.540  33.636 0.1111110002
63228  48.285  -7.144  33.611 0.1111110002
62373  50.837  -8.101  33.140 0.1111110002
63226  50.208  -7.531  33.083 0.1111110002
62384  52.016  -8.439  32.594 0.1111110002
62385  51.352  -7.969  32.647 0.1111110002
63227  49.384  -7.177  33.247 0.1111110002
123941  52.662  -8.958  32.608 0.1111110002
63241  50.622  -6.920  32.555 0.1111110002
62396  52.616  -8.437  31.851 0.1111110002
63239  51.909  -7.742  32.087 0.1111110002
63240  51.266  -7.247  32.342 0.1111110002
63254  52.961  -8.201  31.110 0.1111110002
63255  52.465  -7.498  31.346 0.1111110002
65074  57.115  -5.858  27.173 0.1111110002
64249  56.616  -6.350  27.606 0.1111110002
65930  64.982  -4.606  24.822 0.2222220004
65101  58.193  -5.493  26.619 0.1111110002
65075  56.382  -5.520  27.436 0.1111110002
65908  59.166  -4.698  26.208 0.1111110002
121725  58.487  -4.916  26.416 0.1111110002
122630  57.549  -5.442  26.847 0.1111110002
65102  56.943  -5.077  27.002 0.1111110002
65946  64.627  -4.067  24.302 0.2222220004
66787  64.138  -3.768  24.487 0.2222220004
65933  63.131  -4.264  25.145 0.2222220004
65957  65.135  -4.700  23.233 0.2222220004
66810  64.313  -3.498  23.929 0.2222220004
66788  63.542  -3.600  24.712 0.2222220004
66827  64.348  -3.510  23.343 0.2222220004
65896  56.214  -4.666  27.342 0.1111110002
66792  60.440  -3.666  25.800 0.1111110002
66765  59.431  -3.690  26.108 0.1111110002
111374  57.874  -3.808  26.504 0.1111110002
65911  56.806  -4.255  26.936 0.1111110002
66811  63.747  -3.102  24.206 0.2222220004
66789  62.850  -3.401  24.973 0.2222220004
66766  58.467  -3.275  26.337 0.1111110002
66767  57.469  -3.077  26.601 0.1111110002
66828  63.950  -3.051  23.625 0.2222220004
67678  63.188  -2.597  24.290 0.1111110002
67661  62.637  -2.648  24.783 0.1111110002
66790  62.060  -3.106  25.271 0.1111110002
66791  61.116  -2.825  25.584 0.1111110002
109720  60.181  -2.958  25.901 0.1111110002
67647  59.346  -2.593  26.048 0.1111110002
67648  58.210  -2.303  26.380 0.1111110002
67706  63.599  -2.682  23.358 0.2222220004
68515  63.005  -2.077  24.025 0.1111110002
68502  62.335  -2.036  24.646 0.1111110002
67663  61.252  -2.111  25.400 0.1111110002
67664  60.448  -2.264  25.704 0.1111110002
69399  62.285  -1.357  23.806 0.1111110002
68503  61.725  -1.785  24.936 0.1111110002
68504  60.819  -1.533  25.297 0.1111110002
68494  59.781  -1.741  25.731 0.1111110002
120792  58.945  -1.877  26.029 0.1111110002
69400  61.900  -0.957  23.999 0.1111110002
68517  61.482  -1.180  24.612 0.1111110002
68505  59.965  -1.038  25.410 0.1111110002
69407  61.906  -0.903  23.439 0.1111110002
106951  60.200  0.442  20.650 0.1111110002
122245  59.123  -1.204  25.773 0.1111110002
120742  58.340  -1.440  26.262 0.1111110002
69401  61.213  -0.489  24.219 0.1111110002
69394  60.631  -0.747  24.878 0.1111110002
69419  61.814  -0.722  22.971 0.1111110002
70268  61.374  0.196  23.266 0.1111110002
115638  59.926  -0.153  24.906 0.1111110002
68506  59.370  -0.531  25.450 0.1111110002
68540  62.011  -1.226  22.841 0.1111110002
70276  61.656  -0.278  23.077 0.1111110002
71126  60.761  0.616  23.572 0.1111110002
125124  60.590  -0.304  24.531 0.1111110002
70254  58.848  0.284  25.443 0.1111110002
70289  61.510  -0.013  22.550 0.1111110002
71135  61.378  0.460  22.717 0.1111110002
71127  59.799  1.107  24.090 0.1111110002
70262  59.559  0.546  24.731 0.1111110002
71151  61.211  1.324  22.471 0.1111110002
71162  61.272  1.849  21.439 0.1111110002
114232  60.698  1.141  20.757 0.1111110002
71172  60.391  1.869  20.472 0.1111110002
69385  58.418  -0.556  26.034 0.1111110002
70255  57.944  0.316  26.262 0.1111110002
71137  60.432  1.493  23.353 0.1111110002
107883  59.692  1.871  23.781 0.1111110002
71128  59.064  1.991  24.449 0.1111110002
71121  58.769  1.317  25.049 0.1111110002
123190  60.886  1.620  22.813 0.1111110002
106954  61.379  1.943  21.935 0.1111110002
72963  60.743  3.048  22.662 0.1111110002
112993  60.088  3.110  23.285 0.1111110002
72072  61.282  2.640  20.949 0.1111110002
72048  61.399  2.833  21.826 0.1111110002
72073  60.862  2.744  20.476 0.1111110002
72984  61.458  3.380  21.122 0.1111110002
108084  58.426  2.172  25.129 0.1111110002
72028  59.314  2.784  24.019 0.1111110002
120627  60.532  3.719  22.884 0.1111110002
72975  61.057  3.803  22.375 0.1111110002
73858  61.578  4.347  21.248 0.1111110002
73870  61.282  4.141  20.597 0.1111110002
72997  60.953  3.596  20.340 0.1111110002
72956  58.733  3.826  24.740 0.1111110002
72955  59.444  3.679  23.883 0.1111110002
41484  29.230  -29.133  66.218 0.1111110002
107285  29.688  -29.623  65.721 0.1111110002
39408  29.915  -30.891  65.295 0.1111110002
42481  28.550  -28.589  66.792 0.1111110002
39410  29.057  -31.536  65.875 0.1111110002
42482  27.871  -28.253  67.291 0.1111110002
40486  30.137  -30.518  64.843 0.1111110002
42471  26.103  -27.914  68.295 0.1111110002
42460  25.889  -27.433  68.374 0.1111110002
41510  30.089  -29.792  64.427 0.1111110002
41496  29.819  -29.328  64.950 0.1111110002
41458  26.692  -28.416  67.819 0.1111110002
43555  24.051  -27.294  69.592 0.1111110002
42462  24.130  -27.756  69.523 0.1111110002
123980  29.621  -29.032  63.067 0.1111110002
38512  32.343  -32.174  61.501 0.1111110002
119633  65.308  -4.892  24.447 0.2222220004
59651  45.229  -11.187  36.617 0.1111110002
105937  24.897  -27.844  68.901 0.1111110002
65935  59.979  -4.493  25.925 0.1111110002
42501  28.981  -28.310  65.053 0.1111110002
42500  29.431  -28.728  64.553 0.1111110002
123829  26.653  -27.766  67.980 0.1111110002
40471  29.403  -29.969  66.158 0.1111110002
40473  26.591  -30.714  65.962 0.1111110002
39412  27.319  -31.474  65.620 0.1111110002
41470  28.033  -29.134  67.175 0.1111110002
41471  27.110  -29.152  67.327 0.1111110002
41485  25.350  -29.683  66.140 0.1111110002
40459  26.359  -29.883  66.570 0.1111110002
41497  23.944  -29.661  64.724 0.1111110002
41486  24.359  -29.376  65.693 0.1111110002
41487  23.613  -29.071  66.066 0.1111110002
38501  31.439  -32.867  62.655 0.1111110002
112093  23.574  -28.427  69.101 0.1111110002
42492  29.431  -28.887  65.494 0.1111110002
42472  25.486  -28.142  68.369 0.1111110002
42486  23.374  -28.970  67.165 0.1111110002
42484  24.985  -28.715  67.409 0.1111110002
123313  24.774  -28.385  68.121 0.1111110002
41474  22.692  -29.188  66.257 0.1111110002
41475  21.955  -29.565  66.405 0.1111110002
41472  26.095  -29.177  67.093 0.1111110002
41499  22.323  -29.574  64.562 0.1111110002
39346  13.945  -30.356  72.412 0.1111110002
43549  21.488  -27.663  69.900 0.2222220004
42455  20.889  -28.057  70.452 0.2222220004
39357  16.493  -31.208  71.951 0.1111110002
38375  17.615  -32.077  71.417 0.1111110002
41412  21.102  -28.975  70.840 0.1111110002
42446  21.029  -28.604  70.755 0.1111110002
41397  19.855  -29.620  71.289 0.1111110002
41396  20.527  -29.103  71.032 0.1111110002
123225  19.165  -29.921  71.696 0.1111110002
38373  18.874  -31.902  71.392 0.1111110002
40422  18.669  -30.313  71.973 0.1111110002
38374  18.139  -31.654  71.685 0.1111110002
40413  15.473  -30.208  72.520 0.1111110002
39345  16.180  -30.516  72.395 0.1111110002
39355  18.028  -30.688  72.224 0.1111110002
42447  19.892  -28.721  71.073 0.2222220004
56555  39.064  -14.479  38.457 0.1111110002
56554  39.920  -14.353  38.299 0.1111110002
62386  50.836  -7.575  32.736 0.1111110002
63242  49.914  -6.613  32.801 0.1111110002
120423  65.127  -4.447  24.040 0.2222220004
65910  57.690  -4.640  26.630 0.1111110002
65909  58.512  -4.176  26.366 0.1111110002
65958  64.742  -3.999  23.616 0.2222220004
65967  64.684  -4.117  23.016 0.2222220004
67660  63.219  -3.041  24.596 0.2222220004
67679  62.782  -2.221  24.366 0.1111110002
67693  63.491  -2.592  23.807 0.1111110002
67662  61.899  -2.358  25.163 0.1111110002
68538  63.107  -2.186  23.514 0.1111110002
68527  62.660  -1.725  23.661 0.1111110002
68516  62.602  -1.789  24.138 0.1111110002
110149  62.122  -1.523  24.346 0.1111110002
119963  59.982  -0.588  25.164 0.1111110002
70267  61.598  -0.458  23.580 0.1111110002
120608  61.184  -0.000  23.742 0.1111110002
69402  60.452  0.173  24.220 0.1111110002
69406  62.205  -1.283  23.336 0.1111110002
69431  61.572  -0.508  22.375 0.1111110002
108992  61.345  0.948  22.052 0.1111110002
71136  61.074  0.925  23.021 0.1111110002
72059  61.363  2.536  21.454 0.1111110002
71171  61.058  1.900  20.861 0.1111110002
72029  58.534  2.823  24.867 0.1111110002
72035  60.564  2.284  22.971 0.1111110002
72036  60.016  2.267  23.431 0.1111110002
108229  61.192  3.143  22.210 0.1111110002
72049  61.081  2.288  22.397 0.1111110002
72996  61.206  3.340  20.639 0.1111110002
72974  61.415  3.709  21.788 0.1111110002
40487  30.054  -30.053  65.280 0.1111110002
52616  35.697  -18.775  44.252 0.1111110002
52625  36.030  -17.845  44.223 0.1111110002
47782  37.852  -22.536  64.045 0.1111110002
47792  39.784  -22.935  63.391 0.1111110002
47781  38.866  -23.237  63.700 0.1111110002
123967  38.034  -20.919  63.483 0.1111110002
110314  40.332  -23.718  62.664 0.1111110002
57495  58.550  -13.261  44.527 0.1111110002
57507  58.618  -13.364  43.746 0.1111110002
48761  38.002  -21.619  64.002 0.1111110002
121109  39.450  -21.066  64.081 0.1111110002
48760  38.756  -21.234  64.073 0.1111110002
49704  38.329  -20.987  63.899 0.1111110002
50626  38.587  -20.409  63.434 0.1111110002
49718  37.989  -20.745  62.572 0.1111110002
58529  57.409  -13.029  46.060 0.1111110002
57519  59.164  -12.852  43.011 0.1111110002
50641  39.003  -19.652  62.934 0.1111110002
50625  39.548  -20.016  63.738 0.1111110002
49703  39.007  -20.657  64.000 0.1111110002
51479  39.429  -19.268  60.966 0.1111110002
57494  58.813  -12.868  44.478 0.1111110002
58594  59.441  -12.315  42.382 0.1111110002
113838  59.351  -12.650  42.201 0.1111110002
51456  39.734  -19.312  63.308 0.1111110002
51467  39.471  -19.111  62.312 0.1111110002
51466  39.923  -18.558  61.698 0.1111110002
58637  60.002  -11.530  40.565 0.1111110002
60544  61.481  -10.038  33.075 0.1111110002
60559  60.736  -10.795  30.854 0.1111110002
60552  60.105  -11.028  31.340 0.1111110002
108222  60.154  -10.724  32.046 0.1111110002
108260  61.196  -10.744  37.597 0.1111110002
119539  59.655  -11.164  36.125 0.1111110002
110340  59.227  -11.049  35.358 0.1111110002
60516  60.570  -10.976  35.854 0.1111110002
60531  60.041  -10.822  34.813 0.1111110002
61483  63.112  -9.070  33.126 0.1111110002
118795  61.808  -9.881  33.896 0.1111110002
60551  61.604  -10.100  31.408 0.1111110002
60558  61.393  -10.578  30.370 0.1111110002
60487  61.145  -10.508  38.343 0.1111110002
60498  60.360  -11.086  36.902 0.1111110002
60497  61.440  -10.637  36.825 0.1111110002
60530  61.124  -10.516  35.093 0.1111110002
60529  62.087  -9.967  35.271 0.1111110002
61469  63.165  -9.044  34.182 0.1111110002
60550  62.184  -9.801  30.854 0.1111110002
111049  62.994  -9.258  31.278 0.1111110002
60486  61.802  -9.897  37.663 0.1111110002
60515  61.723  -10.321  35.991 0.1111110002
61510  63.643  -8.778  31.102 0.1111110002
62402  64.435  -8.257  30.129 0.1111110002
62401  64.599  -7.697  31.049 0.1111110002
113379  64.810  -7.524  30.343 0.1111110002
108235  65.570  -6.523  26.671 0.1111110002
64274  65.554  -6.307  25.346 0.1111110002
64296  65.153  -6.194  22.732 0.1111110002
64297  64.773  -5.770  22.476 0.1111110002
65148  64.809  -4.899  22.696 0.1111110002
64307  62.589  -5.733  21.937 0.1111110002
64308  61.656  -5.938  21.843 0.1111110002
65976  61.349  -4.678  21.555 0.1111110002
108595  65.503  -5.703  24.212 0.1111110002
65142  65.359  -5.551  23.268 0.1111110002
65147  65.102  -5.409  22.785 0.1111110002
105466  64.396  -4.416  22.640 0.1111110002
65155  63.633  -4.447  22.294 0.1111110002
66843  63.730  -2.901  22.940 0.1111110002
65156  62.894  -4.988  21.894 0.1111110002
65975  62.479  -4.196  21.898 0.1111110002
65968  63.322  -3.418  22.491 0.1111110002
105946  61.496  -3.728  21.637 0.1111110002
65977  60.513  -4.249  21.395 0.1111110002
126938  63.992  -3.103  23.226 0.1111110002
66855  62.376  -3.040  22.148 0.1111110002
67707  63.119  -2.247  23.116 0.1111110002
57496  57.987  -13.857  44.408 0.1111110002
57484  58.391  -13.178  44.993 0.1111110002
108154  63.725  -8.905  30.227 0.1111110002
60496  62.264  -9.754  36.825 0.1111110002
124291  64.221  -8.357  30.872 0.1111110002
61511  62.875  -9.521  30.295 0.1111110002
61421  62.598  -9.206  37.476 0.1111110002
61434  63.044  -8.988  36.768 0.1111110002
62393  64.227  -8.180  31.647 0.1111110002
62368  63.981  -8.043  33.968 0.1111110002
61496  63.570  -8.698  32.152 0.1111110002
120170  63.633  -8.543  33.880 0.1111110002
61497  62.611  -9.476  31.896 0.1111110002
105329  60.908  -10.353  31.981 0.1111110002
61468  63.682  -8.391  34.578 0.1111110002
61455  63.236  -8.945  35.047 0.1111110002
58623  59.759  -11.779  41.296 0.1111110002
61420  62.722  -8.922  37.476 0.1111110002
121581  62.812  -9.423  35.388 0.1111110002
62379  64.168  -7.997  32.477 0.1111110002
30838  -0.134  -40.441  66.117 0.1111110002
57485  57.892  -13.624  45.338 0.1111110002
113825  65.387  -4.988  23.817 0.1111110002
111050  35.759  -17.546  43.689 0.1111110002
108144  38.740  -22.142  63.993 0.1111110002
125219  38.948  -23.940  63.519 0.1111110002
114753  61.054  -10.233  33.630 0.1111110002
60545  60.596  -10.448  32.764 0.1111110002
61470  62.420  -9.588  33.599 0.1111110002
61456  62.515  -9.631  34.578 0.1111110002
64292  65.410  -6.515  23.287 0.1111110002
65149  64.296  -5.180  22.359 0.1111110002
107539  62.027  -5.170  21.741 0.1111110002
117450  64.132  -3.603  22.840 0.1111110002
66844  63.133  -2.668  22.740 0.1111110002
67717  62.564  -2.202  22.664 0.1111110002
66856  61.485  -2.940  21.717 0.1111110002
66858  59.585  -3.829  21.227 0.1111110002
61435  62.604  -9.562  36.041 0.1111110002
61484  62.046  -9.792  32.519 0.1111110002
30829  1.737  -40.542  68.201 0.5555559993
33593  3.923  -36.892  71.615 0.4444440007
37381  5.082  -33.062  72.610 0.2222220004
37415  7.589  -33.467  67.642 0.4444440007
38366  8.017  -31.369  73.476 0.1111110002
38380  6.011  -31.865  71.717 0.4444440007
39341  7.514  -31.082  73.537 0.2222220004
39352  6.511  -31.390  73.206 0.2222220004
39356  17.345  -31.256  72.004 0.1111110002
40407  8.655  -30.484  73.453 0.1111110002
40595  16.838  -30.877  58.653 0.5555559993
41389  16.740  -30.081  72.660 0.1111110002
43740  28.057  -28.121  54.110 0.7777780294
44849  33.583  -25.792  58.115 1.0000000000
44870  32.422  -25.749  55.562 0.8888890147
45877  34.683  -25.604  62.714 0.4444440007
45889  33.824  -25.152  60.495 0.5555559993
45960  28.815  -25.899  51.088 0.5555559993
46935  31.381  -24.117  54.450 0.8888890147
47793  35.958  -23.136  63.201 0.1111110002
48834  37.404  -22.667  57.689 0.7777780294
48835  36.721  -23.109  57.314 0.8888890147
48851  36.718  -22.869  55.443 0.8888890147
48866  35.655  -23.123  54.217 1.0000000000
48882  37.063  -22.312  54.099 1.0000000000
48886  33.501  -22.908  53.378 1.0000000000
48950  32.188  -22.057  50.903 0.5555559993
49864  36.562  -21.820  51.340 0.6666669846
49928  31.212  -21.071  47.671 0.1111110002
50719  38.838  -20.702  56.040 0.7777780294
51525  40.270  -19.082  54.879 0.7777780294
51551  39.959  -19.368  53.688 0.8888890147
53441  40.168  -17.267  50.004 1.0000000000
53542  42.930  -17.134  42.404 0.5555559993
54362  42.126  -15.574  51.339 0.8888890147
55360  43.860  -15.115  51.413 0.8888890147
56348  44.430  -13.491  58.355 0.1111110002
56388  43.938  -14.519  54.664 0.4444440007
58386  45.990  -12.161  57.180 0.2222220004
65894  54.501  -5.061  28.962 0.1111110002
110771  34.563  -28.305  58.824 0.7777780294
111824  34.243  -23.448  58.112 0.7777780294
112373  29.319  -28.415  57.141 0.7777780294
112554  42.529  -16.601  57.183 0.5555559993
116807  19.290  -29.619  71.517 0.2222220004
117566  32.703  -23.478  55.597 1.0000000000
118403  28.138  -27.985  67.053 0.2222220004
119003  47.368  -12.030  57.194 0.2222220004
119121  20.484  -28.499  70.789 0.1111110002
120625  29.997  -28.437  57.092 0.7777780294
120727  40.163  -18.810  51.832 1.0000000000
122165  7.552  -32.010  59.867 0.1111110002
122672  45.270  -12.700  58.327 0.3333329856
123112  12.122  -30.482  65.170 0.5555559993
123166  52.770  -12.286  43.253 0.6666669846
125561  33.579  -24.014  59.561 0.5555559993
126156  65.210  -5.608  27.963 0.3333329856
127107  43.634  -14.817  55.002 0.5555559993
127229  34.386  -27.260  59.031 0.7777780294
