
Wed Mar 11 13:55:32 CET 2026
cd /out/sourcedata/freesurfer/sub-v2s16x51313_ses-1
setenv SUBJECTS_DIR /out/sourcedata/freesurfer
/opt/freesurfer/bin/recon-all -autorecon-hemi lh -noparcstats -noparcstats2 -noparcstats3 -nohyporelabel -nobalabels -lh-only -openmp 16 -subjid sub-v2s16x51313_ses-1 -sd /out/sourcedata/freesurfer

subjid sub-v2s16x51313_ses-1
setenv SUBJECTS_DIR /out/sourcedata/freesurfer
FREESURFER_HOME /opt/freesurfer
Actual FREESURFER_HOME /opt/freesurfer
build-stamp.txt: freesurfer-linux-ubuntu22_x86_64-7.3.2-20220804-6354275
Linux dna020 5.14.0-427.37.1.el9_4.x86_64 #1 SMP PREEMPT_DYNAMIC Fri Sep 13 12:41:50 EDT 2024 x86_64 x86_64 x86_64 GNU/Linux
cputime      unlimited
filesize     unlimited
datasize     unlimited
stacksize    8192 kbytes
coredumpsize 0 kbytes
memoryuse    67108864 kbytes
vmemoryuse   unlimited
descriptors  1024 
memorylocked unlimited
maxproc      2061970 
maxlocks     unlimited
maxsignal    2061970 
maxmessage   819200 
maxnice      0 
maxrtprio    0 
maxrttime    unlimited

               total        used        free      shared  buff/cache   available
Mem:           503Gi        56Gi       309Gi        34Gi       137Gi       409Gi
Swap:             0B          0B          0B

########################################
program versions used
7.3.2 (freesurfer-linux-ubuntu22_x86_64-7.3.2-20220804-6354275)
7.3.2

ProgramName: lta_convert  ProgramArguments: lta_convert -all-info  ProgramVersion: 7.3.2  TimeStamp: 2026/03/11-12:55:32-GMT  BuildTime: Aug  4 2022 06:17:15  BuildStamp: freesurfer-linux-ubuntu22_x86_64-7.3.2-20220804-6354275  User: oesteban  Machine: dna020  Platform: Linux  PlatformVersion: 5.14.0-427.37.1.el9_4.x86_64  CompilerName: GCC  CompilerVersion: 8.4.0
ProgramName: mri_and  ProgramArguments: mri_and -all-info  ProgramVersion: 7.3.2  TimeStamp: 2026/03/11-12:55:32-GMT  BuildTime: Aug  4 2022 06:17:15  BuildStamp: freesurfer-linux-ubuntu22_x86_64-7.3.2-20220804-6354275  User: oesteban  Machine: dna020  Platform: Linux  PlatformVersion: 5.14.0-427.37.1.el9_4.x86_64  CompilerName: GCC  CompilerVersion: 8.4.0
ProgramName: mri_annotation2label  ProgramArguments: mri_annotation2label -all-info  ProgramVersion: 7.3.2  TimeStamp: 2026/03/11-12:55:32-GMT  BuildTime: Aug  4 2022 06:17:15  BuildStamp: freesurfer-linux-ubuntu22_x86_64-7.3.2-20220804-6354275  User: oesteban  Machine: dna020  Platform: Linux  PlatformVersion: 5.14.0-427.37.1.el9_4.x86_64  CompilerName: GCC  CompilerVersion: 8.4.0
ProgramName: mri_aparc2aseg  ProgramArguments: mri_aparc2aseg -all-info  ProgramVersion: 7.3.2  TimeStamp: 2026/03/11-12:55:32-GMT  BuildTime: Aug  4 2022 06:17:15  BuildStamp: freesurfer-linux-ubuntu22_x86_64-7.3.2-20220804-6354275  User: oesteban  Machine: dna020  Platform: Linux  PlatformVersion: 5.14.0-427.37.1.el9_4.x86_64  CompilerName: GCC  CompilerVersion: 8.4.0
ProgramName: mri_surf2volseg  ProgramArguments: mri_surf2volseg -all-info  ProgramVersion: 7.3.2  TimeStamp: 2026/03/11-12:55:32-GMT  BuildTime: Aug  4 2022 06:17:15  BuildStamp: freesurfer-linux-ubuntu22_x86_64-7.3.2-20220804-6354275  User: oesteban  Machine: dna020  Platform: Linux  PlatformVersion: 5.14.0-427.37.1.el9_4.x86_64  CompilerName: GCC  CompilerVersion: 8.4.0
ProgramName: mri_binarize  ProgramArguments: mri_binarize -all-info  ProgramVersion: 7.3.2  TimeStamp: 2026/03/11-12:55:32-GMT  BuildTime: Aug  4 2022 06:17:15  BuildStamp: freesurfer-linux-ubuntu22_x86_64-7.3.2-20220804-6354275  User: oesteban  Machine: dna020  Platform: Linux  PlatformVersion: 5.14.0-427.37.1.el9_4.x86_64  CompilerName: GCC  CompilerVersion: 8.4.0
ProgramName: mri_ca_label  ProgramArguments: mri_ca_label -all-info  ProgramVersion: 7.3.2  TimeStamp: 2026/03/11-12:55:32-GMT  BuildTime: Aug  4 2022 06:17:15  BuildStamp: freesurfer-linux-ubuntu22_x86_64-7.3.2-20220804-6354275  User: oesteban  Machine: dna020  Platform: Linux  PlatformVersion: 5.14.0-427.37.1.el9_4.x86_64  CompilerName: GCC  CompilerVersion: 8.4.0
ProgramName: mri_ca_normalize  ProgramArguments: mri_ca_normalize -all-info  ProgramVersion: 7.3.2  TimeStamp: 2026/03/11-12:55:32-GMT  BuildTime: Aug  4 2022 06:17:15  BuildStamp: freesurfer-linux-ubuntu22_x86_64-7.3.2-20220804-6354275  User: oesteban  Machine: dna020  Platform: Linux  PlatformVersion: 5.14.0-427.37.1.el9_4.x86_64  CompilerName: GCC  CompilerVersion: 8.4.0
ProgramName: mri_ca_register  ProgramArguments: mri_ca_register -all-info  ProgramVersion: 7.3.2  TimeStamp: 2026/03/11-12:55:32-GMT  BuildTime: Aug  4 2022 06:17:15  BuildStamp: freesurfer-linux-ubuntu22_x86_64-7.3.2-20220804-6354275  User: oesteban  Machine: dna020  Platform: Linux  PlatformVersion: 5.14.0-427.37.1.el9_4.x86_64  CompilerName: GCC  CompilerVersion: 8.4.0
ProgramName: mri_cc  ProgramArguments: mri_cc -all-info  ProgramVersion: 7.3.2  TimeStamp: 2026/03/11-12:55:32-GMT  BuildTime: Aug  4 2022 06:17:15  BuildStamp: freesurfer-linux-ubuntu22_x86_64-7.3.2-20220804-6354275  User: oesteban  Machine: dna020  Platform: Linux  PlatformVersion: 5.14.0-427.37.1.el9_4.x86_64  CompilerName: GCC  CompilerVersion: 8.4.0
ProgramName: mri_compute_overlap  ProgramArguments: mri_compute_overlap -all-info  ProgramVersion: 7.3.2  TimeStamp: 2026/03/11-12:55:32-GMT  BuildTime: Aug  4 2022 06:17:15  BuildStamp: freesurfer-linux-ubuntu22_x86_64-7.3.2-20220804-6354275  User: oesteban  Machine: dna020  Platform: Linux  PlatformVersion: 5.14.0-427.37.1.el9_4.x86_64  CompilerName: GCC  CompilerVersion: 8.4.0
ProgramName: mri_compute_seg_overlap  ProgramArguments: mri_compute_seg_overlap -all-info  ProgramVersion: 7.3.2  TimeStamp: 2026/03/11-12:55:32-GMT  BuildTime: Aug  4 2022 06:17:15  BuildStamp: freesurfer-linux-ubuntu22_x86_64-7.3.2-20220804-6354275  User: oesteban  Machine: dna020  Platform: Linux  PlatformVersion: 5.14.0-427.37.1.el9_4.x86_64  CompilerName: GCC  CompilerVersion: 8.4.0
ProgramName: mri_concat  ProgramArguments: mri_concat -all-info  ProgramVersion: 7.3.2  TimeStamp: 2026/03/11-12:55:32-GMT  BuildTime: Aug  4 2022 06:17:15  BuildStamp: freesurfer-linux-ubuntu22_x86_64-7.3.2-20220804-6354275  User: oesteban  Machine: dna020  Platform: Linux  PlatformVersion: 5.14.0-427.37.1.el9_4.x86_64  CompilerName: GCC  CompilerVersion: 8.4.0
ProgramName: mri_concatenate_lta  ProgramArguments: mri_concatenate_lta -all-info  ProgramVersion: 7.3.2  TimeStamp: 2026/03/11-12:55:32-GMT  BuildTime: Aug  4 2022 06:17:15  BuildStamp: freesurfer-linux-ubuntu22_x86_64-7.3.2-20220804-6354275  User: oesteban  Machine: dna020  Platform: Linux  PlatformVersion: 5.14.0-427.37.1.el9_4.x86_64  CompilerName: GCC  CompilerVersion: 8.4.0
mri_convert -all-info 
ProgramName: mri_convert  ProgramArguments: mri_convert -all-info  ProgramVersion: 7.3.2  TimeStamp: 2026/03/11-12:55:32-GMT  BuildTime: Aug  4 2022 06:17:15  BuildStamp: freesurfer-linux-ubuntu22_x86_64-7.3.2-20220804-6354275  User: oesteban  Machine: dna020  Platform: Linux  PlatformVersion: 5.14.0-427.37.1.el9_4.x86_64  CompilerName: GCC  CompilerVersion: 8.4.0
ProgramName: mri_diff  ProgramArguments: mri_diff -all-info  ProgramVersion: 7.3.2  TimeStamp: 2026/03/11-12:55:32-GMT  BuildTime: Aug  4 2022 06:17:15  BuildStamp: freesurfer-linux-ubuntu22_x86_64-7.3.2-20220804-6354275  User: oesteban  Machine: dna020  Platform: Linux  PlatformVersion: 5.14.0-427.37.1.el9_4.x86_64  CompilerName: GCC  CompilerVersion: 8.4.0
ProgramName: mri_edit_wm_with_aseg  ProgramArguments: mri_edit_wm_with_aseg -all-info  ProgramVersion: 7.3.2  TimeStamp: 2026/03/11-12:55:32-GMT  BuildTime: Aug  4 2022 06:17:15  BuildStamp: freesurfer-linux-ubuntu22_x86_64-7.3.2-20220804-6354275  User: oesteban  Machine: dna020  Platform: Linux  PlatformVersion: 5.14.0-427.37.1.el9_4.x86_64  CompilerName: GCC  CompilerVersion: 8.4.0
ProgramName: mri_em_register  ProgramArguments: mri_em_register -all-info  ProgramVersion: 7.3.2  TimeStamp: 2026/03/11-12:55:32-GMT  BuildTime: Aug  4 2022 06:17:15  BuildStamp: freesurfer-linux-ubuntu22_x86_64-7.3.2-20220804-6354275  User: oesteban  Machine: dna020  Platform: Linux  PlatformVersion: 5.14.0-427.37.1.el9_4.x86_64  CompilerName: GCC  CompilerVersion: 8.4.0
ProgramName: mri_fill  ProgramArguments: mri_fill -all-info  ProgramVersion: 7.3.2  TimeStamp: 2026/03/11-12:55:32-GMT  BuildTime: Aug  4 2022 06:17:15  BuildStamp: freesurfer-linux-ubuntu22_x86_64-7.3.2-20220804-6354275  User: oesteban  Machine: dna020  Platform: Linux  PlatformVersion: 5.14.0-427.37.1.el9_4.x86_64  CompilerName: GCC  CompilerVersion: 8.4.0
ProgramName: mri_fuse_segmentations  ProgramArguments: mri_fuse_segmentations -all-info  ProgramVersion: 7.3.2  TimeStamp: 2026/03/11-12:55:32-GMT  BuildTime: Aug  4 2022 06:17:15  BuildStamp: freesurfer-linux-ubuntu22_x86_64-7.3.2-20220804-6354275  User: oesteban  Machine: dna020  Platform: Linux  PlatformVersion: 5.14.0-427.37.1.el9_4.x86_64  CompilerName: GCC  CompilerVersion: 8.4.0
ProgramName: mri_fwhm  ProgramArguments: mri_fwhm -all-info  ProgramVersion: 7.3.2  TimeStamp: 2026/03/11-12:55:32-GMT  BuildTime: Aug  4 2022 06:17:15  BuildStamp: freesurfer-linux-ubuntu22_x86_64-7.3.2-20220804-6354275  User: oesteban  Machine: dna020  Platform: Linux  PlatformVersion: 5.14.0-427.37.1.el9_4.x86_64  CompilerName: GCC  CompilerVersion: 8.4.0
ProgramName: mri_gcut  ProgramArguments: mri_gcut -all-info  ProgramVersion: 7.3.2  TimeStamp: 2026/03/11-12:55:32-GMT  BuildTime: Aug  4 2022 06:17:15  BuildStamp: freesurfer-linux-ubuntu22_x86_64-7.3.2-20220804-6354275  User: oesteban  Machine: dna020  Platform: Linux  PlatformVersion: 5.14.0-427.37.1.el9_4.x86_64  CompilerName: GCC  CompilerVersion: 8.4.0
ProgramName: mri_info  ProgramArguments: mri_info -all-info  ProgramVersion: 7.3.2  TimeStamp: 2026/03/11-12:55:32-GMT  BuildTime: Aug  4 2022 06:17:15  BuildStamp: freesurfer-linux-ubuntu22_x86_64-7.3.2-20220804-6354275  User: oesteban  Machine: dna020  Platform: Linux  PlatformVersion: 5.14.0-427.37.1.el9_4.x86_64  CompilerName: GCC  CompilerVersion: 8.4.0
ProgramName: mri_label2label  ProgramArguments: mri_label2label -all-info  ProgramVersion: 7.3.2  TimeStamp: 2026/03/11-12:55:32-GMT  BuildTime: Aug  4 2022 06:17:15  BuildStamp: freesurfer-linux-ubuntu22_x86_64-7.3.2-20220804-6354275  User: oesteban  Machine: dna020  Platform: Linux  PlatformVersion: 5.14.0-427.37.1.el9_4.x86_64  CompilerName: GCC  CompilerVersion: 8.4.0
ProgramName: mri_label2vol  ProgramArguments: mri_label2vol -all-info  ProgramVersion: 7.3.2  TimeStamp: 2026/03/11-12:55:32-GMT  BuildTime: Aug  4 2022 06:17:15  BuildStamp: freesurfer-linux-ubuntu22_x86_64-7.3.2-20220804-6354275  User: oesteban  Machine: dna020  Platform: Linux  PlatformVersion: 5.14.0-427.37.1.el9_4.x86_64  CompilerName: GCC  CompilerVersion: 8.4.0
ProgramName: mri_log_likelihood  ProgramArguments: mri_log_likelihood -all-info  ProgramVersion: 7.3.2  TimeStamp: 2026/03/11-12:55:32-GMT  BuildTime: Aug  4 2022 06:17:15  BuildStamp: freesurfer-linux-ubuntu22_x86_64-7.3.2-20220804-6354275  User: oesteban  Machine: dna020  Platform: Linux  PlatformVersion: 5.14.0-427.37.1.el9_4.x86_64  CompilerName: GCC  CompilerVersion: 8.4.0
ProgramName: mri_mask  ProgramArguments: mri_mask -all-info  ProgramVersion: 7.3.2  TimeStamp: 2026/03/11-12:55:32-GMT  BuildTime: Aug  4 2022 06:17:15  BuildStamp: freesurfer-linux-ubuntu22_x86_64-7.3.2-20220804-6354275  User: oesteban  Machine: dna020  Platform: Linux  PlatformVersion: 5.14.0-427.37.1.el9_4.x86_64  CompilerName: GCC  CompilerVersion: 8.4.0
ProgramName: mri_matrix_multiply  ProgramArguments: mri_matrix_multiply -all-info  ProgramVersion: 7.3.2  TimeStamp: 2026/03/11-12:55:32-GMT  BuildTime: Aug  4 2022 06:17:15  BuildStamp: freesurfer-linux-ubuntu22_x86_64-7.3.2-20220804-6354275  User: oesteban  Machine: dna020  Platform: Linux  PlatformVersion: 5.14.0-427.37.1.el9_4.x86_64  CompilerName: GCC  CompilerVersion: 8.4.0
ProgramName: mri_normalize  ProgramArguments: mri_normalize -all-info  ProgramVersion: 7.3.2  TimeStamp: 2026/03/11-12:55:32-GMT  BuildTime: Aug  4 2022 06:17:15  BuildStamp: freesurfer-linux-ubuntu22_x86_64-7.3.2-20220804-6354275  User: oesteban  Machine: dna020  Platform: Linux  PlatformVersion: 5.14.0-427.37.1.el9_4.x86_64  CompilerName: GCC  CompilerVersion: 8.4.0
ProgramName: mri_normalize_tp2  ProgramArguments: mri_normalize_tp2 -all-info  ProgramVersion: 7.3.2  TimeStamp: 2026/03/11-12:55:32-GMT  BuildTime: Aug  4 2022 06:17:15  BuildStamp: freesurfer-linux-ubuntu22_x86_64-7.3.2-20220804-6354275  User: oesteban  Machine: dna020  Platform: Linux  PlatformVersion: 5.14.0-427.37.1.el9_4.x86_64  CompilerName: GCC  CompilerVersion: 8.4.0
ProgramName: mri_or  ProgramArguments: mri_or -all-info  ProgramVersion: 7.3.2  TimeStamp: 2026/03/11-12:55:32-GMT  BuildTime: Aug  4 2022 06:17:15  BuildStamp: freesurfer-linux-ubuntu22_x86_64-7.3.2-20220804-6354275  User: oesteban  Machine: dna020  Platform: Linux  PlatformVersion: 5.14.0-427.37.1.el9_4.x86_64  CompilerName: GCC  CompilerVersion: 8.4.0
ProgramName: mri_relabel_hypointensities  ProgramArguments: mri_relabel_hypointensities -all-info  ProgramVersion: 7.3.2  TimeStamp: 2026/03/11-12:55:32-GMT  BuildTime: Aug  4 2022 06:17:15  BuildStamp: freesurfer-linux-ubuntu22_x86_64-7.3.2-20220804-6354275  User: oesteban  Machine: dna020  Platform: Linux  PlatformVersion: 5.14.0-427.37.1.el9_4.x86_64  CompilerName: GCC  CompilerVersion: 8.4.0
ProgramName: mri_relabel_nonwm_hypos  ProgramArguments: mri_relabel_nonwm_hypos -all-info  ProgramVersion: 7.3.2  TimeStamp: 2026/03/11-12:55:32-GMT  BuildTime: Aug  4 2022 06:17:15  BuildStamp: freesurfer-linux-ubuntu22_x86_64-7.3.2-20220804-6354275  User: oesteban  Machine: dna020  Platform: Linux  PlatformVersion: 5.14.0-427.37.1.el9_4.x86_64  CompilerName: GCC  CompilerVersion: 8.4.0
ProgramName: mri_remove_neck  ProgramArguments: mri_remove_neck -all-info  ProgramVersion: 7.3.2  TimeStamp: 2026/03/11-12:55:32-GMT  BuildTime: Aug  4 2022 06:17:15  BuildStamp: freesurfer-linux-ubuntu22_x86_64-7.3.2-20220804-6354275  User: oesteban  Machine: dna020  Platform: Linux  PlatformVersion: 5.14.0-427.37.1.el9_4.x86_64  CompilerName: GCC  CompilerVersion: 8.4.0
7.3.2

ProgramName: mri_robust_register  ProgramArguments: mri_robust_register -all-info  ProgramVersion: 7.3.2  TimeStamp: 2026/03/11-12:55:32-GMT  BuildTime: Aug  4 2022 06:17:15  BuildStamp: freesurfer-linux-ubuntu22_x86_64-7.3.2-20220804-6354275  User: oesteban  Machine: dna020  Platform: Linux  PlatformVersion: 5.14.0-427.37.1.el9_4.x86_64  CompilerName: GCC  CompilerVersion: 8.4.0
7.3.2

ProgramName: mri_robust_template  ProgramArguments: mri_robust_template -all-info  ProgramVersion: 7.3.2  TimeStamp: 2026/03/11-12:55:32-GMT  BuildTime: Aug  4 2022 06:17:15  BuildStamp: freesurfer-linux-ubuntu22_x86_64-7.3.2-20220804-6354275  User: oesteban  Machine: dna020  Platform: Linux  PlatformVersion: 5.14.0-427.37.1.el9_4.x86_64  CompilerName: GCC  CompilerVersion: 8.4.0
ProgramName: mris_anatomical_stats  ProgramArguments: mris_anatomical_stats -all-info  ProgramVersion: 7.3.2  TimeStamp: 2026/03/11-12:55:32-GMT  BuildTime: Aug  4 2022 06:17:15  BuildStamp: freesurfer-linux-ubuntu22_x86_64-7.3.2-20220804-6354275  User: oesteban  Machine: dna020  Platform: Linux  PlatformVersion: 5.14.0-427.37.1.el9_4.x86_64  CompilerName: GCC  CompilerVersion: 8.4.0
ProgramName: mris_ca_label  ProgramArguments: mris_ca_label -all-info  ProgramVersion: 7.3.2  TimeStamp: 2026/03/11-12:55:32-GMT  BuildTime: Aug  4 2022 06:17:15  BuildStamp: freesurfer-linux-ubuntu22_x86_64-7.3.2-20220804-6354275  User: oesteban  Machine: dna020  Platform: Linux  PlatformVersion: 5.14.0-427.37.1.el9_4.x86_64  CompilerName: GCC  CompilerVersion: 8.4.0
ProgramName: mris_calc  ProgramArguments: mris_calc -all-info  ProgramVersion: 7.3.2  TimeStamp: 2026/03/11-12:55:32-GMT  BuildTime: Aug  4 2022 06:17:15  BuildStamp: freesurfer-linux-ubuntu22_x86_64-7.3.2-20220804-6354275  User: oesteban  Machine: dna020  Platform: Linux  PlatformVersion: 5.14.0-427.37.1.el9_4.x86_64  CompilerName: GCC  CompilerVersion: 8.4.0
ProgramName: mris_convert  ProgramArguments: mris_convert -all-info  ProgramVersion: 7.3.2  TimeStamp: 2026/03/11-12:55:32-GMT  BuildTime: Aug  4 2022 06:17:15  BuildStamp: freesurfer-linux-ubuntu22_x86_64-7.3.2-20220804-6354275  User: oesteban  Machine: dna020  Platform: Linux  PlatformVersion: 5.14.0-427.37.1.el9_4.x86_64  CompilerName: GCC  CompilerVersion: 8.4.0
ProgramName: mris_curvature  ProgramArguments: mris_curvature -all-info  ProgramVersion: 7.3.2  TimeStamp: 2026/03/11-12:55:32-GMT  BuildTime: Aug  4 2022 06:17:15  BuildStamp: freesurfer-linux-ubuntu22_x86_64-7.3.2-20220804-6354275  User: oesteban  Machine: dna020  Platform: Linux  PlatformVersion: 5.14.0-427.37.1.el9_4.x86_64  CompilerName: GCC  CompilerVersion: 8.4.0
ProgramName: mris_curvature_stats  ProgramArguments: mris_curvature_stats -all-info  ProgramVersion: 7.3.2  TimeStamp: 2026/03/11-12:55:32-GMT  BuildTime: Aug  4 2022 06:17:15  BuildStamp: freesurfer-linux-ubuntu22_x86_64-7.3.2-20220804-6354275  User: oesteban  Machine: dna020  Platform: Linux  PlatformVersion: 5.14.0-427.37.1.el9_4.x86_64  CompilerName: GCC  CompilerVersion: 8.4.0
ProgramName: mris_diff  ProgramArguments: mris_diff -all-info  ProgramVersion: 7.3.2  TimeStamp: 2026/03/11-12:55:32-GMT  BuildTime: Aug  4 2022 06:17:15  BuildStamp: freesurfer-linux-ubuntu22_x86_64-7.3.2-20220804-6354275  User: oesteban  Machine: dna020  Platform: Linux  PlatformVersion: 5.14.0-427.37.1.el9_4.x86_64  CompilerName: GCC  CompilerVersion: 8.4.0
ProgramName: mris_divide_parcellation  ProgramArguments: mris_divide_parcellation -all-info  ProgramVersion: 7.3.2  TimeStamp: 2026/03/11-12:55:32-GMT  BuildTime: Aug  4 2022 06:17:15  BuildStamp: freesurfer-linux-ubuntu22_x86_64-7.3.2-20220804-6354275  User: oesteban  Machine: dna020  Platform: Linux  PlatformVersion: 5.14.0-427.37.1.el9_4.x86_64  CompilerName: GCC  CompilerVersion: 8.4.0
ProgramName: mri_segment  ProgramArguments: mri_segment -all-info  ProgramVersion: 7.3.2  TimeStamp: 2026/03/11-12:55:32-GMT  BuildTime: Aug  4 2022 06:17:15  BuildStamp: freesurfer-linux-ubuntu22_x86_64-7.3.2-20220804-6354275  User: oesteban  Machine: dna020  Platform: Linux  PlatformVersion: 5.14.0-427.37.1.el9_4.x86_64  CompilerName: GCC  CompilerVersion: 8.4.0
ProgramName: mri_segstats  ProgramArguments: mri_segstats -all-info  ProgramVersion: 7.3.2  TimeStamp: 2026/03/11-12:55:32-GMT  BuildTime: Aug  4 2022 06:17:15  BuildStamp: freesurfer-linux-ubuntu22_x86_64-7.3.2-20220804-6354275  User: oesteban  Machine: dna020  Platform: Linux  PlatformVersion: 5.14.0-427.37.1.el9_4.x86_64  CompilerName: GCC  CompilerVersion: 8.4.0
ProgramName: mris_euler_number  ProgramArguments: mris_euler_number -all-info  ProgramVersion: 7.3.2  TimeStamp: 2026/03/11-12:55:32-GMT  BuildTime: Aug  4 2022 06:17:15  BuildStamp: freesurfer-linux-ubuntu22_x86_64-7.3.2-20220804-6354275  User: oesteban  Machine: dna020  Platform: Linux  PlatformVersion: 5.14.0-427.37.1.el9_4.x86_64  CompilerName: GCC  CompilerVersion: 8.4.0
ProgramName: mris_fix_topology  ProgramArguments: mris_fix_topology -all-info  ProgramVersion: 7.3.2  TimeStamp: 2026/03/11-12:55:32-GMT  BuildTime: Aug  4 2022 06:17:15  BuildStamp: freesurfer-linux-ubuntu22_x86_64-7.3.2-20220804-6354275  User: oesteban  Machine: dna020  Platform: Linux  PlatformVersion: 5.14.0-427.37.1.el9_4.x86_64  CompilerName: GCC  CompilerVersion: 8.4.0
ProgramName: mris_topo_fixer  ProgramArguments: mris_topo_fixer -all-info  ProgramVersion: 7.3.2  TimeStamp: 2026/03/11-12:55:32-GMT  BuildTime: Aug  4 2022 06:17:15  BuildStamp: freesurfer-linux-ubuntu22_x86_64-7.3.2-20220804-6354275  User: oesteban  Machine: dna020  Platform: Linux  PlatformVersion: 5.14.0-427.37.1.el9_4.x86_64  CompilerName: GCC  CompilerVersion: 8.4.0
ProgramName: mris_jacobian  ProgramArguments: mris_jacobian -all-info  ProgramVersion: 7.3.2  TimeStamp: 2026/03/11-12:55:32-GMT  BuildTime: Aug  4 2022 06:17:15  BuildStamp: freesurfer-linux-ubuntu22_x86_64-7.3.2-20220804-6354275  User: oesteban  Machine: dna020  Platform: Linux  PlatformVersion: 5.14.0-427.37.1.el9_4.x86_64  CompilerName: GCC  CompilerVersion: 8.4.0
ProgramName: mris_label2annot  ProgramArguments: mris_label2annot -all-info  ProgramVersion: 7.3.2  TimeStamp: 2026/03/11-12:55:32-GMT  BuildTime: Aug  4 2022 06:17:15  BuildStamp: freesurfer-linux-ubuntu22_x86_64-7.3.2-20220804-6354275  User: oesteban  Machine: dna020  Platform: Linux  PlatformVersion: 5.14.0-427.37.1.el9_4.x86_64  CompilerName: GCC  CompilerVersion: 8.4.0
ProgramName: mris_left_right_register  ProgramArguments: mris_left_right_register -all-info  ProgramVersion: 7.3.2  TimeStamp: 2026/03/11-12:55:32-GMT  BuildTime: Aug  4 2022 06:17:15  BuildStamp: freesurfer-linux-ubuntu22_x86_64-7.3.2-20220804-6354275  User: oesteban  Machine: dna020  Platform: Linux  PlatformVersion: 5.14.0-427.37.1.el9_4.x86_64  CompilerName: GCC  CompilerVersion: 8.4.0
ProgramName: mris_place_surface  ProgramArguments: mris_place_surface -all-info  ProgramVersion: 7.3.2  TimeStamp: 2026/03/11-12:55:32-GMT  BuildTime: Aug  4 2022 06:17:15  BuildStamp: freesurfer-linux-ubuntu22_x86_64-7.3.2-20220804-6354275  User: oesteban  Machine: dna020  Platform: Linux  PlatformVersion: 5.14.0-427.37.1.el9_4.x86_64  CompilerName: GCC  CompilerVersion: 8.4.0
ProgramName: mrisp_paint  ProgramArguments: mrisp_paint -all-info  ProgramVersion: 7.3.2  TimeStamp: 2026/03/11-12:55:32-GMT  BuildTime: Aug  4 2022 06:17:15  BuildStamp: freesurfer-linux-ubuntu22_x86_64-7.3.2-20220804-6354275  User: oesteban  Machine: dna020  Platform: Linux  PlatformVersion: 5.14.0-427.37.1.el9_4.x86_64  CompilerName: GCC  CompilerVersion: 8.4.0
ProgramName: mris_register  ProgramArguments: mris_register -all-info  ProgramVersion: 7.3.2  TimeStamp: 2026/03/11-12:55:32-GMT  BuildTime: Aug  4 2022 06:17:15  BuildStamp: freesurfer-linux-ubuntu22_x86_64-7.3.2-20220804-6354275  User: oesteban  Machine: dna020  Platform: Linux  PlatformVersion: 5.14.0-427.37.1.el9_4.x86_64  CompilerName: GCC  CompilerVersion: 8.4.0
ProgramName: mris_smooth  ProgramArguments: mris_smooth -all-info  ProgramVersion: 7.3.2  TimeStamp: 2026/03/11-12:55:32-GMT  BuildTime: Aug  4 2022 06:17:15  BuildStamp: freesurfer-linux-ubuntu22_x86_64-7.3.2-20220804-6354275  User: oesteban  Machine: dna020  Platform: Linux  PlatformVersion: 5.14.0-427.37.1.el9_4.x86_64  CompilerName: GCC  CompilerVersion: 8.4.0
ProgramName: mris_sphere  ProgramArguments: mris_sphere -all-info  ProgramVersion: 7.3.2  TimeStamp: 2026/03/11-12:55:32-GMT  BuildTime: Aug  4 2022 06:17:15  BuildStamp: freesurfer-linux-ubuntu22_x86_64-7.3.2-20220804-6354275  User: oesteban  Machine: dna020  Platform: Linux  PlatformVersion: 5.14.0-427.37.1.el9_4.x86_64  CompilerName: GCC  CompilerVersion: 8.4.0
ProgramName: mris_surface_stats  ProgramArguments: mris_surface_stats -all-info  ProgramVersion: 7.3.2  TimeStamp: 2026/03/11-12:55:32-GMT  BuildTime: Aug  4 2022 06:17:15  BuildStamp: freesurfer-linux-ubuntu22_x86_64-7.3.2-20220804-6354275  User: oesteban  Machine: dna020  Platform: Linux  PlatformVersion: 5.14.0-427.37.1.el9_4.x86_64  CompilerName: GCC  CompilerVersion: 8.4.0
ProgramName: mri_stats2seg  ProgramArguments: mri_stats2seg -all-info  ProgramVersion: 7.3.2  TimeStamp: 2026/03/11-12:55:32-GMT  BuildTime: Aug  4 2022 06:17:15  BuildStamp: freesurfer-linux-ubuntu22_x86_64-7.3.2-20220804-6354275  User: oesteban  Machine: dna020  Platform: Linux  PlatformVersion: 5.14.0-427.37.1.el9_4.x86_64  CompilerName: GCC  CompilerVersion: 8.4.0
ProgramName: mris_thickness  ProgramArguments: mris_thickness -all-info  ProgramVersion: 7.3.2  TimeStamp: 2026/03/11-12:55:32-GMT  BuildTime: Aug  4 2022 06:17:15  BuildStamp: freesurfer-linux-ubuntu22_x86_64-7.3.2-20220804-6354275  User: oesteban  Machine: dna020  Platform: Linux  PlatformVersion: 5.14.0-427.37.1.el9_4.x86_64  CompilerName: GCC  CompilerVersion: 8.4.0
ProgramName: mris_thickness_diff  ProgramArguments: mris_thickness_diff -all-info  ProgramVersion: 7.3.2  TimeStamp: 2026/03/11-12:55:32-GMT  BuildTime: Aug  4 2022 06:17:15  BuildStamp: freesurfer-linux-ubuntu22_x86_64-7.3.2-20220804-6354275  User: oesteban  Machine: dna020  Platform: Linux  PlatformVersion: 5.14.0-427.37.1.el9_4.x86_64  CompilerName: GCC  CompilerVersion: 8.4.0
ProgramName: mris_topo_fixer  ProgramArguments: mris_topo_fixer -all-info  ProgramVersion: 7.3.2  TimeStamp: 2026/03/11-12:55:32-GMT  BuildTime: Aug  4 2022 06:17:15  BuildStamp: freesurfer-linux-ubuntu22_x86_64-7.3.2-20220804-6354275  User: oesteban  Machine: dna020  Platform: Linux  PlatformVersion: 5.14.0-427.37.1.el9_4.x86_64  CompilerName: GCC  CompilerVersion: 8.4.0
ProgramName: mri_surf2surf  ProgramArguments: mri_surf2surf -all-info  ProgramVersion: 7.3.2  TimeStamp: 2026/03/11-12:55:32-GMT  BuildTime: Aug  4 2022 06:17:15  BuildStamp: freesurfer-linux-ubuntu22_x86_64-7.3.2-20220804-6354275  User: oesteban  Machine: dna020  Platform: Linux  PlatformVersion: 5.14.0-427.37.1.el9_4.x86_64  CompilerName: GCC  CompilerVersion: 8.4.0
ProgramName: mri_surf2vol  ProgramArguments: mri_surf2vol -all-info  ProgramVersion: 7.3.2  TimeStamp: 2026/03/11-12:55:32-GMT  BuildTime: Aug  4 2022 06:17:15  BuildStamp: freesurfer-linux-ubuntu22_x86_64-7.3.2-20220804-6354275  User: oesteban  Machine: dna020  Platform: Linux  PlatformVersion: 5.14.0-427.37.1.el9_4.x86_64  CompilerName: GCC  CompilerVersion: 8.4.0
ProgramName: mri_surfcluster  ProgramArguments: mri_surfcluster -all-info  ProgramVersion: 7.3.2  TimeStamp: 2026/03/11-12:55:32-GMT  BuildTime: Aug  4 2022 06:17:15  BuildStamp: freesurfer-linux-ubuntu22_x86_64-7.3.2-20220804-6354275  User: oesteban  Machine: dna020  Platform: Linux  PlatformVersion: 5.14.0-427.37.1.el9_4.x86_64  CompilerName: GCC  CompilerVersion: 8.4.0
ProgramName: mris_volmask  ProgramArguments: mris_volmask -all-info  ProgramVersion: 7.3.2  TimeStamp: 2026/03/11-12:55:32-GMT  BuildTime: Aug  4 2022 06:17:15  BuildStamp: freesurfer-linux-ubuntu22_x86_64-7.3.2-20220804-6354275  User: oesteban  Machine: dna020  Platform: Linux  PlatformVersion: 5.14.0-427.37.1.el9_4.x86_64  CompilerName: GCC  CompilerVersion: 8.4.0
ProgramName: mri_tessellate  ProgramArguments: mri_tessellate -all-info  ProgramVersion: 7.3.2  TimeStamp: 2026/03/11-12:55:32-GMT  BuildTime: Aug  4 2022 06:17:15  BuildStamp: freesurfer-linux-ubuntu22_x86_64-7.3.2-20220804-6354275  User: oesteban  Machine: dna020  Platform: Linux  PlatformVersion: 5.14.0-427.37.1.el9_4.x86_64  CompilerName: GCC  CompilerVersion: 8.4.0
ProgramName: mri_vol2surf  ProgramArguments: mri_vol2surf -all-info  ProgramVersion: 7.3.2  TimeStamp: 2026/03/11-12:55:32-GMT  BuildTime: Aug  4 2022 06:17:15  BuildStamp: freesurfer-linux-ubuntu22_x86_64-7.3.2-20220804-6354275  User: oesteban  Machine: dna020  Platform: Linux  PlatformVersion: 5.14.0-427.37.1.el9_4.x86_64  CompilerName: GCC  CompilerVersion: 8.4.0
ProgramName: mri_vol2vol  ProgramArguments: mri_vol2vol -all-info  ProgramVersion: 7.3.2  TimeStamp: 2026/03/11-12:55:32-GMT  BuildTime: Aug  4 2022 06:17:15  BuildStamp: freesurfer-linux-ubuntu22_x86_64-7.3.2-20220804-6354275  User: oesteban  Machine: dna020  Platform: Linux  PlatformVersion: 5.14.0-427.37.1.el9_4.x86_64  CompilerName: GCC  CompilerVersion: 8.4.0
ProgramName: mri_voldiff  ProgramArguments: mri_voldiff -all-info  ProgramVersion: 7.3.2  TimeStamp: 2026/03/11-12:55:32-GMT  BuildTime: Aug  4 2022 06:17:15  BuildStamp: freesurfer-linux-ubuntu22_x86_64-7.3.2-20220804-6354275  User: oesteban  Machine: dna020  Platform: Linux  PlatformVersion: 5.14.0-427.37.1.el9_4.x86_64  CompilerName: GCC  CompilerVersion: 8.4.0
ProgramName: mri_watershed  ProgramArguments: mri_watershed -all-info  ProgramVersion: 7.3.2  TimeStamp: 2026/03/11-12:55:32-GMT  BuildTime: Aug  4 2022 06:17:15  BuildStamp: freesurfer-linux-ubuntu22_x86_64-7.3.2-20220804-6354275  User: oesteban  Machine: dna020  Platform: Linux  PlatformVersion: 5.14.0-427.37.1.el9_4.x86_64  CompilerName: GCC  CompilerVersion: 8.4.0
ProgramName: tkregister2  ProgramArguments: tkregister2_cmdl -all-info  ProgramVersion: 7.3.2  TimeStamp: 2026/03/11-12:55:32-GMT  BuildTime: Aug  4 2022 06:17:15  BuildStamp: freesurfer-linux-ubuntu22_x86_64-7.3.2-20220804-6354275  User: oesteban  Machine: dna020  Platform: Linux  PlatformVersion: 5.14.0-427.37.1.el9_4.x86_64  CompilerName: GCC  CompilerVersion: 8.4.0
mri_motion_correct.fsl 7.3.2
mri_convert -all-info 
ProgramName: mri_convert  ProgramArguments: mri_convert -all-info  ProgramVersion: 7.3.2  TimeStamp: 2026/03/11-12:55:32-GMT  BuildTime: Aug  4 2022 06:17:15  BuildStamp: freesurfer-linux-ubuntu22_x86_64-7.3.2-20220804-6354275  User: oesteban  Machine: dna020  Platform: Linux  PlatformVersion: 5.14.0-427.37.1.el9_4.x86_64  CompilerName: GCC  CompilerVersion: 8.4.0
Program nu_correct, built from:
Package MNI N3, version 1.12.0, compiled by nicks@terrier (x86_64-unknown-linux-gnu) on 2015-06-19 at 01:25:34
#######################################
GCADIR /opt/freesurfer/average
GCA RB_all_2020-01-02.gca
GCASkull RB_all_withskull_2020_01_02.gca
AvgCurvTif folding.atlas.acfb40.noaparc.i12.2016-08-02.tif
GCSDIR /opt/freesurfer/average
GCS DKaparc.atlas.acfb40.noaparc.i12.2016-08-02.gcs
#######################################
#--------------------------------------------
#@# Tessellate lh Wed Mar 11 13:55:32 CET 2026
/out/sourcedata/freesurfer/sub-v2s16x51313_ses-1/scripts

 mri_pretess ../mri/filled.mgz 255 ../mri/norm.mgz ../mri/filled-pretess255.mgz 


Iteration Number : 1
pass   1 (xy+):   0 found -   0 modified     |    TOTAL:   0
pass   1 (xy-):   1 found -   1 modified     |    TOTAL:   1
pass   2 (xy-):   0 found -   1 modified     |    TOTAL:   1
pass   1 (yz+):   5 found -   5 modified     |    TOTAL:   6
pass   2 (yz+):   0 found -   5 modified     |    TOTAL:   6
pass   1 (yz-):   3 found -   3 modified     |    TOTAL:   9
pass   2 (yz-):   0 found -   3 modified     |    TOTAL:   9
pass   1 (xz+):   1 found -   1 modified     |    TOTAL:  10
pass   2 (xz+):   0 found -   1 modified     |    TOTAL:  10
pass   1 (xz-):   0 found -   0 modified     |    TOTAL:  10
Iteration Number : 1
pass   1 (+++):   0 found -   0 modified     |    TOTAL:   0
pass   1 (+++):   0 found -   0 modified     |    TOTAL:   0
pass   1 (+++):   0 found -   0 modified     |    TOTAL:   0
pass   1 (+++):   0 found -   0 modified     |    TOTAL:   0
Iteration Number : 1
pass   1 (++):   0 found -   0 modified     |    TOTAL:   0
pass   1 (+-):   1 found -   1 modified     |    TOTAL:   1
pass   2 (+-):   0 found -   1 modified     |    TOTAL:   1
pass   1 (--):   0 found -   0 modified     |    TOTAL:   1
pass   1 (-+):   0 found -   0 modified     |    TOTAL:   1
Iteration Number : 2
pass   1 (xy+):   0 found -   0 modified     |    TOTAL:   0
pass   1 (xy-):   0 found -   0 modified     |    TOTAL:   0
pass   1 (yz+):   0 found -   0 modified     |    TOTAL:   0
pass   1 (yz-):   0 found -   0 modified     |    TOTAL:   0
pass   1 (xz+):   0 found -   0 modified     |    TOTAL:   0
pass   1 (xz-):   0 found -   0 modified     |    TOTAL:   0
Iteration Number : 2
pass   1 (+++):   0 found -   0 modified     |    TOTAL:   0
pass   1 (+++):   0 found -   0 modified     |    TOTAL:   0
pass   1 (+++):   0 found -   0 modified     |    TOTAL:   0
pass   1 (+++):   0 found -   0 modified     |    TOTAL:   0
Iteration Number : 2
pass   1 (++):   0 found -   0 modified     |    TOTAL:   0
pass   1 (+-):   0 found -   0 modified     |    TOTAL:   0
pass   1 (--):   0 found -   0 modified     |    TOTAL:   0
pass   1 (-+):   0 found -   0 modified     |    TOTAL:   0

Total Number of Modified Voxels = 11 (out of 270769: 0.004063)
Ambiguous edge configurations... 

mri_pretess done


 mri_tessellate ../mri/filled-pretess255.mgz 255 ../surf/lh.orig.nofix 

7.3.2
  7.3.2
slice 40: 722 vertices, 806 faces
slice 50: 6067 vertices, 6307 faces
slice 60: 14477 vertices, 14802 faces
slice 70: 24731 vertices, 25092 faces
slice 80: 35468 vertices, 35836 faces
slice 90: 45904 vertices, 46252 faces
slice 100: 56951 vertices, 57364 faces
slice 110: 68325 vertices, 68684 faces
slice 120: 79582 vertices, 79941 faces
slice 130: 89969 vertices, 90350 faces
slice 140: 99811 vertices, 100125 faces
slice 150: 107768 vertices, 108015 faces
slice 160: 114848 vertices, 115087 faces
slice 170: 120727 vertices, 120914 faces
slice 180: 125299 vertices, 125462 faces
slice 190: 128379 vertices, 128468 faces
slice 200: 129630 vertices, 129636 faces
slice 210: 129630 vertices, 129636 faces
slice 220: 129630 vertices, 129636 faces
slice 230: 129630 vertices, 129636 faces
slice 240: 129630 vertices, 129636 faces
slice 250: 129630 vertices, 129636 faces
using the conformed surface RAS to save vertex points...
writing ../surf/lh.orig.nofix
using vox2ras matrix:
-1.00000   0.00000   0.00000   128.00000;
 0.00000   0.00000   1.00000  -128.00000;
 0.00000  -1.00000   0.00000   128.00000;
 0.00000   0.00000   0.00000   1.00000;

 rm -f ../mri/filled-pretess255.mgz 


 mris_extract_main_component ../surf/lh.orig.nofix ../surf/lh.orig.nofix 


counting number of connected components...
   129630 voxel in cpt #1: X=-6 [v=129630,e=388908,f=259272] located at (-30.252758, -20.351393, 8.533140)
For the whole surface: X=-6 [v=129630,e=388908,f=259272]
One single component has been found
nothing to do
done

#--------------------------------------------
#@# Smooth1 lh Wed Mar 11 13:55:35 CET 2026
/out/sourcedata/freesurfer/sub-v2s16x51313_ses-1/scripts

 mris_smooth -nw -seed 1234 ../surf/lh.orig.nofix ../surf/lh.smoothwm.nofix 

setting seed for random number generator to 1234
smoothing surface tessellation for 10 iterations...
smoothing complete - recomputing first and second fundamental forms...
#--------------------------------------------
#@# Inflation1 lh Wed Mar 11 13:55:37 CET 2026
/out/sourcedata/freesurfer/sub-v2s16x51313_ses-1/scripts

 mris_inflate -no-save-sulc ../surf/lh.smoothwm.nofix ../surf/lh.inflated.nofix 

Not saving sulc
Reading ../surf/lh.smoothwm.nofix
avg radius = 46.8 mm, total surface area = 71205 mm^2
step 000: RMS=0.144 (target=0.015)   step 005: RMS=0.110 (target=0.015)   step 010: RMS=0.079 (target=0.015)   step 015: RMS=0.064 (target=0.015)   step 020: RMS=0.054 (target=0.015)   step 025: RMS=0.045 (target=0.015)   step 030: RMS=0.040 (target=0.015)   step 035: RMS=0.035 (target=0.015)   step 040: RMS=0.031 (target=0.015)   step 045: RMS=0.028 (target=0.015)   step 050: RMS=0.026 (target=0.015)   step 055: RMS=0.025 (target=0.015)   step 060: RMS=0.024 (target=0.015)   writing inflated surface to ../surf/lh.inflated.nofix
inflation took 0.2 minutes

inflation complete.
Not saving sulc
mris_inflate utimesec    56.121316
mris_inflate stimesec    1.540530
mris_inflate ru_maxrss   205420
mris_inflate ru_ixrss    0
mris_inflate ru_idrss    0
mris_inflate ru_isrss    0
mris_inflate ru_minflt   567809
mris_inflate ru_majflt   31
mris_inflate ru_nswap    0
mris_inflate ru_inblock  1672
mris_inflate ru_oublock  9120
mris_inflate ru_msgsnd   0
mris_inflate ru_msgrcv   0
mris_inflate ru_nsignals 0
mris_inflate ru_nvcsw    6321
mris_inflate ru_nivcsw   263
#--------------------------------------------
#@# QSphere lh Wed Mar 11 13:55:48 CET 2026
/out/sourcedata/freesurfer/sub-v2s16x51313_ses-1/scripts

 mris_sphere -q -p 6 -a 128 -seed 1234 ../surf/lh.inflated.nofix ../surf/lh.qsphere.nofix 

doing quick spherical unfolding.
limitting unfolding to 6 passes
using n_averages = 128
setting seed for random number genererator to 1234
version: 7.3.2
available threads: 16
scaling brain by 0.319...
inflating...
projecting onto sphere...
surface projected - minimizing metric distortion...
vertex spacing 1.02 +- 0.55 (0.00-->5.99) (max @ vno 53105 --> 53106)
face area 0.03 +- 0.03 (-0.04-->0.69)
Entering MRISinflateToSphere()
inflating to sphere (rms error < 2.00)
000: dt: 0.0000, rms radial error=176.490, avgs=0
005/300: dt: 0.9000, rms radial error=176.234, avgs=0
010/300: dt: 0.9000, rms radial error=175.685, avgs=0
015/300: dt: 0.9000, rms radial error=174.965, avgs=0
020/300: dt: 0.9000, rms radial error=174.138, avgs=0
025/300: dt: 0.9000, rms radial error=173.251, avgs=0
030/300: dt: 0.9000, rms radial error=172.332, avgs=0
035/300: dt: 0.9000, rms radial error=171.397, avgs=0
040/300: dt: 0.9000, rms radial error=170.454, avgs=0
045/300: dt: 0.9000, rms radial error=169.509, avgs=0
050/300: dt: 0.9000, rms radial error=168.564, avgs=0
055/300: dt: 0.9000, rms radial error=167.621, avgs=0
060/300: dt: 0.9000, rms radial error=166.681, avgs=0
065/300: dt: 0.9000, rms radial error=165.746, avgs=0
070/300: dt: 0.9000, rms radial error=164.815, avgs=0
075/300: dt: 0.9000, rms radial error=163.889, avgs=0
080/300: dt: 0.9000, rms radial error=162.967, avgs=0
085/300: dt: 0.9000, rms radial error=162.050, avgs=0
090/300: dt: 0.9000, rms radial error=161.137, avgs=0
095/300: dt: 0.9000, rms radial error=160.230, avgs=0
100/300: dt: 0.9000, rms radial error=159.331, avgs=0
105/300: dt: 0.9000, rms radial error=158.437, avgs=0
110/300: dt: 0.9000, rms radial error=157.549, avgs=0
115/300: dt: 0.9000, rms radial error=156.665, avgs=0
120/300: dt: 0.9000, rms radial error=155.786, avgs=0
125/300: dt: 0.9000, rms radial error=154.912, avgs=0
130/300: dt: 0.9000, rms radial error=154.042, avgs=0
135/300: dt: 0.9000, rms radial error=153.177, avgs=0
140/300: dt: 0.9000, rms radial error=152.317, avgs=0
145/300: dt: 0.9000, rms radial error=151.461, avgs=0
150/300: dt: 0.9000, rms radial error=150.610, avgs=0
155/300: dt: 0.9000, rms radial error=149.764, avgs=0
160/300: dt: 0.9000, rms radial error=148.922, avgs=0
165/300: dt: 0.9000, rms radial error=148.085, avgs=0
170/300: dt: 0.9000, rms radial error=147.252, avgs=0
175/300: dt: 0.9000, rms radial error=146.424, avgs=0
180/300: dt: 0.9000, rms radial error=145.601, avgs=0
185/300: dt: 0.9000, rms radial error=144.782, avgs=0
190/300: dt: 0.9000, rms radial error=143.967, avgs=0
195/300: dt: 0.9000, rms radial error=143.157, avgs=0
200/300: dt: 0.9000, rms radial error=142.351, avgs=0
205/300: dt: 0.9000, rms radial error=141.550, avgs=0
210/300: dt: 0.9000, rms radial error=140.753, avgs=0
215/300: dt: 0.9000, rms radial error=139.960, avgs=0
220/300: dt: 0.9000, rms radial error=139.172, avgs=0
225/300: dt: 0.9000, rms radial error=138.389, avgs=0
230/300: dt: 0.9000, rms radial error=137.609, avgs=0
235/300: dt: 0.9000, rms radial error=136.834, avgs=0
240/300: dt: 0.9000, rms radial error=136.063, avgs=0
245/300: dt: 0.9000, rms radial error=135.296, avgs=0
250/300: dt: 0.9000, rms radial error=134.534, avgs=0
255/300: dt: 0.9000, rms radial error=133.776, avgs=0
260/300: dt: 0.9000, rms radial error=133.023, avgs=0
265/300: dt: 0.9000, rms radial error=132.273, avgs=0
270/300: dt: 0.9000, rms radial error=131.528, avgs=0
275/300: dt: 0.9000, rms radial error=130.787, avgs=0
280/300: dt: 0.9000, rms radial error=130.050, avgs=0
285/300: dt: 0.9000, rms radial error=129.317, avgs=0
290/300: dt: 0.9000, rms radial error=128.589, avgs=0
295/300: dt: 0.9000, rms radial error=127.864, avgs=0
300/300: dt: 0.9000, rms radial error=127.143, avgs=0

spherical inflation complete.
epoch 1 (K=10.0), pass 1, starting sse = 14897.07
taking momentum steps...
taking momentum steps...
taking momentum steps...
taking momentum steps...
pass 1 complete, delta sse/iter = 0.00/13 = 0.00035
epoch 2 (K=40.0), pass 1, starting sse = 2312.42
taking momentum steps...
taking momentum steps...
taking momentum steps...
taking momentum steps...
pass 1 complete, delta sse/iter = 0.01/13 = 0.00045
epoch 3 (K=160.0), pass 1, starting sse = 186.28
taking momentum steps...
taking momentum steps...
taking momentum steps...
taking momentum steps...
pass 1 complete, delta sse/iter = 0.19/18 = 0.01061
epoch 4 (K=640.0), pass 1, starting sse = 4.85
taking momentum steps...
taking momentum steps...
taking momentum steps...
taking momentum steps...
pass 1 complete, delta sse/iter = 0.24/30 = 0.00807
final distance error %100000.00
writing spherical brain to ../surf/lh.qsphere.nofix
spherical transformation took 0.0168 hours
FSRUNTIME@ mris_sphere  0.0168 hours 16 threads
#VMPC# mris_sphere VmPeak  2345208
mris_sphere done
#@# Fix Topology lh Wed Mar 11 13:56:48 CET 2026

 mris_fix_topology -mgz -sphere qsphere.nofix -inflated inflated.nofix -orig orig.nofix -out orig.premesh -ga -seed 1234 sub-v2s16x51313_ses-1 lh 

reading spherical homeomorphism from 'qsphere.nofix'
reading inflated coordinates from 'inflated.nofix'
reading original coordinates from 'orig.nofix'
using genetic algorithm with optimized parameters
setting seed for random number genererator to 1234

*************************************************************
Topology Correction Parameters
retessellation mode:           genetic search
number of patches/generation : 10
number of generations :        10
surface mri loglikelihood coefficient :         1.0
volume mri loglikelihood coefficient :          10.0
normal dot loglikelihood coefficient :          1.0
quadratic curvature loglikelihood coefficient : 1.0
volume resolution :                             2
eliminate vertices during search :              1
initial patch selection :                       1
select all defect vertices :                    0
ordering dependant retessellation:              0
use precomputed edge table :                    0
smooth retessellated patch :                    2
match retessellated patch :                     1
verbose mode :                                  0

*************************************************************
INFO: assuming .mgz format
writing corrected surface to 'orig.premesh'
7.3.2
  7.3.2
before topology correction, eno=-6 (nv=129630, nf=259272, ne=388908, g=4)
using quasi-homeomorphic spherical map to tessellate cortical surface...

Correction of the Topology
Finding true center and radius of Spherical Surface...done
Surface centered at (0,0,0) with radius 100.0 in 9 iterations
marking ambiguous vertices...
340 ambiguous faces found in tessellation
segmenting defects...
10 defects found, arbitrating ambiguous regions...
analyzing neighboring defects...
10 defects to be corrected 
0 vertices coincident
reading input surface /out/sourcedata/freesurfer/sub-v2s16x51313_ses-1/surf/lh.qsphere.nofix...
reading brain volume from brain...
reading wm segmentation from wm...
Reading original properties of orig.nofix
Reading vertex positions of inflated.nofix
Computing Initial Surface Statistics
      -face       loglikelihood: -9.2215  (-4.6107)
      -vertex     loglikelihood: -6.2785  (-3.1393)
      -normal dot loglikelihood: -3.6606  (-3.6606)
      -quad curv  loglikelihood: -6.2771  (-3.1386)
      Total Loglikelihood : -25.4377
CORRECTING DEFECT 0 (vertices=7, convex hull=20, v0=10545)
After retessellation of defect 0 (v0=10545), euler #=-7 (129395,388047,258645) : difference with theory (-7) = 0 
CORRECTING DEFECT 1 (vertices=29, convex hull=62, v0=22281)
After retessellation of defect 1 (v0=22281), euler #=-6 (129404,388096,258686) : difference with theory (-6) = 0 
CORRECTING DEFECT 2 (vertices=19, convex hull=46, v0=34363)
After retessellation of defect 2 (v0=34363), euler #=-5 (129413,388139,258721) : difference with theory (-5) = 0 
CORRECTING DEFECT 3 (vertices=6, convex hull=21, v0=50951)
After retessellation of defect 3 (v0=50951), euler #=-4 (129414,388147,258729) : difference with theory (-4) = 0 
CORRECTING DEFECT 4 (vertices=6, convex hull=23, v0=54316)
After retessellation of defect 4 (v0=54316), euler #=-3 (129415,388156,258738) : difference with theory (-3) = 0 
CORRECTING DEFECT 5 (vertices=33, convex hull=39, v0=93680)
After retessellation of defect 5 (v0=93680), euler #=-2 (129419,388179,258758) : difference with theory (-2) = 0 
CORRECTING DEFECT 6 (vertices=17, convex hull=14, v0=95812)
After retessellation of defect 6 (v0=95812), euler #=-1 (129422,388191,258768) : difference with theory (-1) = 0 
CORRECTING DEFECT 7 (vertices=69, convex hull=83, v0=99554)
After retessellation of defect 7 (v0=99554), euler #=0 (129431,388257,258826) : difference with theory (0) = 0 
CORRECTING DEFECT 8 (vertices=5, convex hull=26, v0=110965)
After retessellation of defect 8 (v0=110965), euler #=1 (129433,388270,258838) : difference with theory (1) = 0 
CORRECTING DEFECT 9 (vertices=45, convex hull=53, v0=120240)
After retessellation of defect 9 (v0=120240), euler #=2 (129449,388341,258894) : difference with theory (2) = 0 
computing original vertex metric properties...
storing new metric properties...
computing tessellation statistics...
vertex spacing 0.89 +- 0.20 (0.06-->4.59) (max @ vno 120049 --> 121975)
face area -nan +- -nan (1000.00-->-1.00)
performing soap bubble on retessellated vertices for 0 iterations...
vertex spacing 0.89 +- 0.20 (0.06-->4.59) (max @ vno 120049 --> 121975)
face area -nan +- -nan (1000.00-->-1.00)
tessellation finished, orienting corrected surface...
41 mutations (38.3%), 66 crossovers (61.7%), 41 vertices were eliminated
building final representation...
181 vertices and 0 faces have been removed from triangulation
after topology correction, eno=2 (nv=129449, nf=258894, ne=388341, g=0)
writing corrected surface to /out/sourcedata/freesurfer/sub-v2s16x51313_ses-1/surf/lh.orig.premesh...

0.000 % of the vertices (0 vertices) exhibit an orientation change
removing intersecting faces
000: 31 intersecting
001: 2 intersecting
terminating search with 0 intersecting
topology fixing took 0.4 minutes
FSRUNTIME@ mris_fix_topology lh  0.0063 hours 16 threads
#VMPC# mris_fix_topology VmPeak  1844960

 mris_euler_number ../surf/lh.orig.premesh 

euler # = v-e+f = 2g-2: 129449 - 388341 + 258894 = 2 --> 0 holes
      F =2V-4:          258894 = 258898-4 (0)
      2E=3F:            776682 = 776682 (0)

total defect index = 0
Wed Mar 11 13:57:11 CET 2026

setenv SUBJECTS_DIR /out/sourcedata/freesurfer
cd /out/sourcedata/freesurfer/sub-v2s16x51313_ses-1/scripts
/opt/freesurfer/bin/defect2seg --s sub-v2s16x51313_ses-1 --lh-only --cortex

freesurfer-linux-ubuntu22_x86_64-7.3.2-20220804-6354275
defect2seg 7.3.2
Linux dna020 5.14.0-427.37.1.el9_4.x86_64 #1 SMP PREEMPT_DYNAMIC Fri Sep 13 12:41:50 EDT 2024 x86_64 x86_64 x86_64 GNU/Linux
pid 1619580
mri_label2label --label-cortex /out/sourcedata/freesurfer/sub-v2s16x51313_ses-1/surf/lh.orig.nofix /out/sourcedata/freesurfer/sub-v2s16x51313_ses-1/mri/aseg.presurf.mgz 0 /out/sourcedata/freesurfer/sub-v2s16x51313_ses-1/label/lh.nofix.cortex.label

 Generating cortex label... RemoveHipAmgy=0
 NucAccIsMedialWall=0
 mris->useRealRAS=0
12 non-cortical segments detected
only using segment with 7398 vertices
erasing segment 0 (vno[0] = 29842)
erasing segment 1 (vno[0] = 36111)
erasing segment 3 (vno[0] = 76076)
erasing segment 4 (vno[0] = 79938)
erasing segment 5 (vno[0] = 89281)
erasing segment 6 (vno[0] = 91448)
erasing segment 7 (vno[0] = 94845)
erasing segment 8 (vno[0] = 96640)
erasing segment 9 (vno[0] = 96707)
erasing segment 10 (vno[0] = 97648)
erasing segment 11 (vno[0] = 101266)
mri_label2vol --defects /out/sourcedata/freesurfer/sub-v2s16x51313_ses-1/surf/lh.orig.nofix /out/sourcedata/freesurfer/sub-v2s16x51313_ses-1/surf/lh.defect_labels /out/sourcedata/freesurfer/sub-v2s16x51313_ses-1/mri/orig.mgz 1000 0 /out/sourcedata/freesurfer/sub-v2s16x51313_ses-1/mri/lh.surface.defects.mgz /out/sourcedata/freesurfer/sub-v2s16x51313_ses-1/label/lh.nofix.cortex.label
mri_label2vol supposed to be reproducible but seed not set
Contraining to label /out/sourcedata/freesurfer/sub-v2s16x51313_ses-1/label/lh.nofix.cortex.label
Changing input type 0 to MRI_INT
Converting defects to volume: offset=1000, merge=0
Writing to /out/sourcedata/freesurfer/sub-v2s16x51313_ses-1/mri/lh.surface.defects.mgz
mris_defects_pointset -s /out/sourcedata/freesurfer/sub-v2s16x51313_ses-1/surf/lh.orig.nofix -d /out/sourcedata/freesurfer/sub-v2s16x51313_ses-1/surf/lh.defect_labels -o /out/sourcedata/freesurfer/sub-v2s16x51313_ses-1/surf/lh.defects.pointset --label /out/sourcedata/freesurfer/sub-v2s16x51313_ses-1/label/lh.nofix.cortex.label
Reading in surface /out/sourcedata/freesurfer/sub-v2s16x51313_ses-1/surf/lh.orig.nofix
Reading in defect segmentation /out/sourcedata/freesurfer/sub-v2s16x51313_ses-1/surf/lh.defect_labels
Reading in label /out/sourcedata/freesurfer/sub-v2s16x51313_ses-1/label/lh.nofix.cortex.label
#VMPC# mris_defects_pointset 1491880
mris_defects_pointset done
 
Started at Wed Mar 11 13:57:11 CET 2026 
Ended   at Wed Mar 11 13:57:26 CET 2026
Defect2seg-Run-Time-Sec 15
Defect2seg-Run-Time-Min 0.30
Defect2seg-Run-Time-Hours 0.00
 
tkmeditfv sub-v2s16x51313_ses-1 brain.finalsurfs.mgz -defect
defect2seg Done

 mris_remesh --remesh --iters 3 --input /out/sourcedata/freesurfer/sub-v2s16x51313_ses-1/surf/lh.orig.premesh --output /out/sourcedata/freesurfer/sub-v2s16x51313_ses-1/surf/lh.orig 

iters = 3
standard remeshing without target
   adjusted l: 0.710676
remeshing to edge length 0.710676 with 3 iterations

avg qual before   : 0.894708  after: 0.97113

Removing intersections
Remeshed surface quality stats nv0 = 129449  nv = 135766  1.0488
Area    271528  0.30261  0.03369 0.075197   0.4831
Corner  814584 60.00000  8.80876 15.964354 146.4656
Edge    407292  0.84395  0.08249 0.443627   1.2521
Hinge   407292  9.15416  9.61326 0.000006 128.2782
mris_remesh done
/out/sourcedata/freesurfer/sub-v2s16x51313_ses-1/scripts

 mris_remove_intersection ../surf/lh.orig ../surf/lh.orig 

intersection removal took 0.00 hours
writing corrected surface to ../surf/lh.orig

 rm -f ../surf/lh.inflated 

#--------------------------------------------
#@# AutoDetGWStats lh Wed Mar 11 13:57:55 CET 2026
cd /out/sourcedata/freesurfer/sub-v2s16x51313_ses-1/mri
mris_autodet_gwstats --o ../surf/autodet.gw.stats.lh.dat --i brain.finalsurfs.mgz --wm wm.mgz --surf ../surf/lh.orig.premesh
7.3.2

cd /out/sourcedata/freesurfer/sub-v2s16x51313_ses-1/mri
setenv SUBJECTS_DIR /out/sourcedata/freesurfer
mris_autodet_gwstats --o ../surf/autodet.gw.stats.lh.dat --i brain.finalsurfs.mgz --wm wm.mgz --surf ../surf/lh.orig.premesh 

border white:    240174 voxels (1.43%)
border gray      265921 voxels (1.59%)
Reading in intensity volume brain.finalsurfs.mgz
Reading in wm volume wm.mgz
Reading in surf ../surf/lh.orig.premesh
Auto detecting stats
MRIclipBrightWM(): nthresh=10950, wmmin=5, clip=110 
Binarizing thresholding at 5
computing class statistics... low=30, hi=110.000000
CCS WM (97.0): 97.5 +- 8.3 [70.0 --> 110.0]
CCS GM (72.0) : 71.6 +- 9.5 [30.0 --> 110.0]
white_mean = 97.5236 +/- 8.32016, gray_mean = 71.6258 +/- 9.54475
using class modes intead of means, discounting robust sigmas....
MRIScomputeClassModes(): min=0 max=123 nbins=124
intensity peaks found at WM=101+-5.2,    GM=65+-7.0
white_mode = 101, gray_mode = 65
std_scale = 1
Applying sanity checks, max_scale_down = 0.2
setting MIN_GRAY_AT_WHITE_BORDER to 55.5 (was 70.000000)
setting MAX_BORDER_WHITE to 109.3 (was 105.000000)
setting MIN_BORDER_WHITE to 65.0 (was 85.000000)
setting MAX_CSF to 45.9 (was 40.000000)
setting MAX_GRAY to 92.7 (was 95.000000)
setting MAX_GRAY_AT_CSF_BORDER to 55.5 (was 75.000000)
setting MIN_GRAY_AT_CSF_BORDER to 36.4 (was 40.000000)
When placing the white surface
  white_border_hi   = 109.32;
  white_border_low  = 65;
  white_outside_low = 55.4552;
  white_inside_hi   = 120;
  white_outside_hi  = 109.32;
When placing the pial surface
  pial_border_hi   = 55.4552;
  pial_border_low  = 36.3657;
  pial_outside_low = 10;
  pial_inside_hi   = 92.6798;
  pial_outside_hi  = 50.6829;
#VMPC# mris_autodet_gwstats VmPeak  1525200
mris_autodet_gwstats done
#--------------------------------------------
#@# WhitePreAparc lh Wed Mar 11 13:57:58 CET 2026
cd /out/sourcedata/freesurfer/sub-v2s16x51313_ses-1/mri
mris_place_surface --adgws-in ../surf/autodet.gw.stats.lh.dat --wm wm.mgz --threads 16 --invol brain.finalsurfs.mgz --lh --i ../surf/lh.orig --o ../surf/lh.white.preaparc --white --seg aseg.presurf.mgz --nsmooth 5
7.3.2
7.3.2

cd /out/sourcedata/freesurfer/sub-v2s16x51313_ses-1/mri
setenv SUBJECTS_DIR /out/sourcedata/freesurfer
mris_place_surface --adgws-in ../surf/autodet.gw.stats.lh.dat --wm wm.mgz --threads 16 --invol brain.finalsurfs.mgz --lh --i ../surf/lh.orig --o ../surf/lh.white.preaparc --white --seg aseg.presurf.mgz --nsmooth 5 

Reading in input surface ../surf/lh.orig
Smoothing surface before ripping with 5 iterations
Area    271528  0.26970  0.06267 0.002739   0.5657
Corner  814584 60.00000  9.34186 9.311035 140.1880
Edge    407292  0.79289  0.11312 0.040722   1.3274
Hinge   407292  6.22889  6.21882 0.000062 136.3595
Not reading in aparc
Reading in input volume brain.finalsurfs.mgz
Reading in wm volume wm.mgz
MRIclipBrightWM(): nthresh=10950, wmmin=5, clip=110 
MRIfindBrightNonWM(): 0 bright non-wm voxels segmented.
Masking bright non-wm for white surface
MRImask(): AllowDiffGeom = 1
MRImask(): AllowDiffGeom = 1
Reading in seg volume aseg.presurf.mgz
Ripping frozen voxels
INFO: rip surface needed but not specified, so using input surface
Freezing midline and others
Entering: MRISripMidline(): inhibiting deformation at non-cortical midline structures...
  which=1, fix_mtl=0, using annot = 0
#FML0# MRISripMidline(): nripped=0
removing 4 vertices from ripped group in thread:0
removing 4 vertices from ripped group in thread:0
#FML# MRISripMidline(): nmarked=6662, nmarked2=159, nripped=6662
Ripping segs (eg, WMSA, BG, frozen)
Starting MRISripSegs() d = (-2 2 0.5) segnos: 247 
MRISripSegs(): -2 2 0.5 ripped 0
vertex 67883: xyz = (-36.0224,-9.56163,34.0019) oxyz = (-36.0224,-9.56163,34.0019) wxzy = (-36.0224,-9.56163,34.0019) pxyz = (0,0,0) 
CBVO Creating mask 135766
n_averages 4
Iteration 0 =========================================
n_averages=4, current_sigma=2
Freezing midline and others
Ripping frozen voxels
INFO: rip surface needed but not specified, so using input surface
Freezing midline and others
Entering: MRISripMidline(): inhibiting deformation at non-cortical midline structures...
  which=1, fix_mtl=0, using annot = 0
#FML0# MRISripMidline(): nripped=6662
removing 4 vertices from ripped group in thread:0
removing 4 vertices from ripped group in thread:0
#FML# MRISripMidline(): nmarked=6662, nmarked2=159, nripped=6662
Ripping segs (eg, WMSA, BG, frozen)
Starting MRISripSegs() d = (-2 2 0.5) segnos: 247 247 
MRISripSegs(): -2 2 0.5 ripped 0
Computing target border values 
Entering MRIScomputeBorderValues_new(): 
  inside_hi   = 120.0000000;
  border_hi   = 109.3201600;
  border_low  =  65.0000000;
  outside_low =  55.4552460;
  outside_hi  = 109.3201600;
  sigma = 2;
  max_thickness = 10;
  step_size=0.5;
  STEP_SIZE=0.1;
  which = 1
  thresh = 0
  flags = 0
  CBVfindFirstPeakD1=0
  CBVfindFirstPeakD2=0
  nvertices=135766
  Gdiag_no=-1
  vno start=0, stop=135766
Replacing 255s with 0s
#SI# sigma=2 had to be increased for 78 vertices, nripped=6662
mean border=77.9, 84 (84) missing vertices, mean dist 0.4 [0.5 (%34.5)->0.8 (%65.5))]
%75 local maxima, %20 large gradients and % 0 min vals, 0 gradients ignored
nFirstPeakD1 0
MRIScomputeBorderValues_new() finished in 0.0133 min


Finding expansion regions
mean absolute distance = 0.70 +- 0.84
5108 vertices more than 2 sigmas from mean.
Averaging target values for 5 iterations...
Positioning Surface: tspring = 0.3, nspring = 0.3, spring = 0, niters = 100 l_repulse = 5, l_surf_repulse = 0, checktol = 0
Positioning pial surface
Entering MRISpositionSurface()
  max_mm = 0.3
  MAX_REDUCTIONS = 2, REDUCTION_PCT = 0.5
  parms->check_tol = 0, niterations = 100
tol=1.0e-04, sigma=2.0, host=dna02, nav=4, nbrs=2, l_repulse=5.000, l_tspring=0.300, l_nspring=0.300, l_intensity=0.200, l_curv=1.000
mom=0.00, dt=0.50
complete_dist_mat 0
rms 0
smooth_averages 0
remove_neg 0
ico_order 0
which_surface 0
target_radius 0.000000
nfields 0
scale 0.000000
desired_rms_height 0.000000
momentum 0.000000
nbhd_size 0
max_nbrs 0
niterations 100
nsurfaces 0
SURFACES 3
flags 0 (0)
use curv 0
no sulc 0
no rigid align 0
mris->nsize 2
mris->hemisphere 0
randomSeed 0

000: dt: 0.0000, sse=3228090.2, rms=10.923
001: dt: 0.5000, sse=1815318.8, rms=8.043 (26.361%)
002: dt: 0.5000, sse=1140121.0, rms=6.210 (22.793%)
003: dt: 0.5000, sse=789249.9, rms=4.995 (19.564%)
004: dt: 0.5000, sse=592258.0, rms=4.158 (16.767%)
005: dt: 0.5000, sse=489194.3, rms=3.640 (12.453%)
006: dt: 0.5000, sse=432390.8, rms=3.317 (8.861%)
007: dt: 0.5000, sse=407964.8, rms=3.165 (4.599%)
008: dt: 0.5000, sse=392531.3, rms=3.064 (3.194%)
rms = 3.0448/3.0636, sse=390455.6/392531.3, time step reduction 1 of 3 to 0.250  0 0 1
009: dt: 0.5000, sse=390455.6, rms=3.045 (0.614%)
010: dt: 0.2500, sse=220412.5, rms=1.601 (47.415%)
011: dt: 0.2500, sse=198878.8, rms=1.311 (18.151%)
012: dt: 0.2500, sse=193637.3, rms=1.230 (6.152%)
rms = 1.1901/1.2299, sse=191297.7/193637.3, time step reduction 2 of 3 to 0.125  0 0 1
013: dt: 0.2500, sse=191297.7, rms=1.190 (3.235%)
rms = 1.1560/1.1901, sse=189369.3/191297.7, time step reduction 3 of 3 to 0.062  0 0 1
014: dt: 0.1250, sse=189369.3, rms=1.156 (2.864%)
  maximum number of reductions reached, breaking from loop
positioning took 1.1 minutes
Iteration 1 =========================================
n_averages=2, current_sigma=1
Freezing midline and others
Ripping frozen voxels
INFO: rip surface needed but not specified, so using input surface
Freezing midline and others
Entering: MRISripMidline(): inhibiting deformation at non-cortical midline structures...
  which=1, fix_mtl=0, using annot = 0
#FML0# MRISripMidline(): nripped=6662
removing 4 vertices from ripped group in thread:0
removing 2 vertices from ripped group in thread:0
removing 4 vertices from ripped group in thread:0
removing 4 vertices from ripped group in thread:0
#FML# MRISripMidline(): nmarked=6790, nmarked2=175, nripped=6790
Ripping segs (eg, WMSA, BG, frozen)
Starting MRISripSegs() d = (-2 2 0.5) segnos: 247 247 247 
MRISripSegs(): -2 2 0.5 ripped 0
Computing target border values 
Entering MRIScomputeBorderValues_new(): 
  inside_hi   = 120.0000000;
  border_hi   = 109.3201600;
  border_low  =  65.0000000;
  outside_low =  55.4552460;
  outside_hi  = 109.3201600;
  sigma = 1;
  max_thickness = 10;
  step_size=0.5;
  STEP_SIZE=0.1;
  which = 1
  thresh = 0
  flags = 0
  CBVfindFirstPeakD1=0
  CBVfindFirstPeakD2=0
  nvertices=135766
  Gdiag_no=-1
  vno start=0, stop=135766
Replacing 255s with 0s
#SI# sigma=1 had to be increased for 48 vertices, nripped=6790
mean border=80.7, 88 (42) missing vertices, mean dist -0.2 [0.3 (%75.4)->0.3 (%24.6))]
%81 local maxima, %14 large gradients and % 0 min vals, 0 gradients ignored
nFirstPeakD1 0
MRIScomputeBorderValues_new() finished in 0.0085 min


Finding expansion regions
mean absolute distance = 0.31 +- 0.56
2252 vertices more than 2 sigmas from mean.
Averaging target values for 5 iterations...
Positioning Surface: tspring = 0.3, nspring = 0.3, spring = 0, niters = 100 l_repulse = 5, l_surf_repulse = 0, checktol = 0
Positioning pial surface
Entering MRISpositionSurface()
  max_mm = 0.3
  MAX_REDUCTIONS = 2, REDUCTION_PCT = 0.5
  parms->check_tol = 0, niterations = 100
tol=1.0e-04, sigma=1.0, host=dna02, nav=2, nbrs=2, l_repulse=5.000, l_tspring=0.300, l_nspring=0.300, l_intensity=0.200, l_curv=1.000
mom=0.00, dt=0.50
000: dt: 0.0000, sse=715646.9, rms=4.451
015: dt: 0.5000, sse=384421.9, rms=2.647 (40.537%)
rms = 2.5996/2.6468, sse=377441.3/384421.9, time step reduction 1 of 3 to 0.250  0 0 1
016: dt: 0.5000, sse=377441.3, rms=2.600 (1.785%)
017: dt: 0.2500, sse=246313.9, rms=1.281 (50.739%)
018: dt: 0.2500, sse=233135.7, rms=1.060 (17.257%)
019: dt: 0.2500, sse=229456.1, rms=0.985 (7.030%)
rms = 0.9549/0.9851, sse=228189.6/229456.1, time step reduction 2 of 3 to 0.125  0 0 1
020: dt: 0.2500, sse=228189.6, rms=0.955 (3.065%)
rms = 0.9232/0.9549, sse=226754.4/228189.6, time step reduction 3 of 3 to 0.062  0 0 1
021: dt: 0.1250, sse=226754.4, rms=0.923 (3.325%)
  maximum number of reductions reached, breaking from loop
positioning took 0.5 minutes
Iteration 2 =========================================
n_averages=1, current_sigma=0.5
Freezing midline and others
Ripping frozen voxels
INFO: rip surface needed but not specified, so using input surface
Freezing midline and others
Entering: MRISripMidline(): inhibiting deformation at non-cortical midline structures...
  which=1, fix_mtl=0, using annot = 0
#FML0# MRISripMidline(): nripped=6790
removing 4 vertices from ripped group in thread:0
removing 3 vertices from ripped group in thread:0
removing 4 vertices from ripped group in thread:0
removing 4 vertices from ripped group in thread:0
#FML# MRISripMidline(): nmarked=6845, nmarked2=177, nripped=6845
Ripping segs (eg, WMSA, BG, frozen)
Starting MRISripSegs() d = (-2 2 0.5) segnos: 247 247 247 247 
MRISripSegs(): -2 2 0.5 ripped 0
Computing target border values 
Entering MRIScomputeBorderValues_new(): 
  inside_hi   = 120.0000000;
  border_hi   = 109.3201600;
  border_low  =  65.0000000;
  outside_low =  55.4552460;
  outside_hi  = 109.3201600;
  sigma = 0.5;
  max_thickness = 10;
  step_size=0.5;
  STEP_SIZE=0.1;
  which = 1
  thresh = 0
  flags = 0
  CBVfindFirstPeakD1=0
  CBVfindFirstPeakD2=0
  nvertices=135766
  Gdiag_no=-1
  vno start=0, stop=135766
Replacing 255s with 0s
#SI# sigma=0.5 had to be increased for 43 vertices, nripped=6845
mean border=82.7, 104 (41) missing vertices, mean dist -0.1 [0.2 (%70.0)->0.2 (%30.0))]
%86 local maxima, % 9 large gradients and % 0 min vals, 0 gradients ignored
nFirstPeakD1 0
MRIScomputeBorderValues_new() finished in 0.0052 min


Finding expansion regions
mean absolute distance = 0.24 +- 0.41
2626 vertices more than 2 sigmas from mean.
Averaging target values for 5 iterations...
Positioning Surface: tspring = 0.3, nspring = 0.3, spring = 0, niters = 100 l_repulse = 5, l_surf_repulse = 0, checktol = 0
Positioning pial surface
Entering MRISpositionSurface()
  max_mm = 0.3
  MAX_REDUCTIONS = 2, REDUCTION_PCT = 0.5
  parms->check_tol = 0, niterations = 100
tol=1.0e-04, sigma=0.5, host=dna02, nav=1, nbrs=2, l_repulse=5.000, l_tspring=0.300, l_nspring=0.300, l_intensity=0.200, l_curv=1.000
mom=0.00, dt=0.50
000: dt: 0.0000, sse=409699.5, rms=2.831
022: dt: 0.5000, sse=335105.3, rms=2.257 (20.279%)
rms = 2.4461/2.2568, sse=356619.3/335105.3, time step reduction 1 of 3 to 0.250  0 1 1
   RMS increased, rejecting step
023: dt: 0.2500, sse=257293.9, rms=1.446 (35.928%)
024: dt: 0.2500, sse=229466.1, rms=1.010 (30.161%)
025: dt: 0.2500, sse=223491.5, rms=0.888 (12.043%)
rms = 0.8626/0.8882, sse=222225.6/223491.5, time step reduction 2 of 3 to 0.125  0 0 1
026: dt: 0.2500, sse=222225.6, rms=0.863 (2.881%)
rms = 0.8317/0.8626, sse=220948.9/222225.6, time step reduction 3 of 3 to 0.062  0 0 1
027: dt: 0.1250, sse=220948.9, rms=0.832 (3.586%)
  maximum number of reductions reached, breaking from loop
positioning took 0.5 minutes
Iteration 3 =========================================
n_averages=0, current_sigma=0.25
Freezing midline and others
Ripping frozen voxels
INFO: rip surface needed but not specified, so using input surface
Freezing midline and others
Entering: MRISripMidline(): inhibiting deformation at non-cortical midline structures...
  which=1, fix_mtl=0, using annot = 0
#FML0# MRISripMidline(): nripped=6845
removing 4 vertices from ripped group in thread:0
removing 4 vertices from ripped group in thread:0
removing 2 vertices from ripped group in thread:0
removing 4 vertices from ripped group in thread:0
removing 2 vertices from ripped group in thread:0
removing 4 vertices from ripped group in thread:0
removing 2 vertices from ripped group in thread:0
removing 2 vertices from ripped group in thread:0
removing 3 vertices from ripped group in thread:0
#FML# MRISripMidline(): nmarked=6939, nmarked2=181, nripped=6939
Ripping segs (eg, WMSA, BG, frozen)
Starting MRISripSegs() d = (-2 2 0.5) segnos: 247 247 247 247 247 
MRISripSegs(): -2 2 0.5 ripped 0
Computing target border values 
Entering MRIScomputeBorderValues_new(): 
  inside_hi   = 120.0000000;
  border_hi   = 109.3201600;
  border_low  =  65.0000000;
  outside_low =  55.4552460;
  outside_hi  = 109.3201600;
  sigma = 0.25;
  max_thickness = 10;
  step_size=0.5;
  STEP_SIZE=0.1;
  which = 1
  thresh = 0
  flags = 0
  CBVfindFirstPeakD1=0
  CBVfindFirstPeakD2=0
  nvertices=135766
  Gdiag_no=-1
  vno start=0, stop=135766
Replacing 255s with 0s
#SI# sigma=0.25 had to be increased for 53 vertices, nripped=6939
mean border=83.4, 102 (41) missing vertices, mean dist -0.0 [0.2 (%56.6)->0.2 (%43.4))]
%88 local maxima, % 7 large gradients and % 0 min vals, 0 gradients ignored
nFirstPeakD1 0
MRIScomputeBorderValues_new() finished in 0.0034 min


Finding expansion regions
mean absolute distance = 0.22 +- 0.34
3025 vertices more than 2 sigmas from mean.
Averaging target values for 5 iterations...
Positioning Surface: tspring = 0.3, nspring = 0.3, spring = 0, niters = 100 l_repulse = 5, l_surf_repulse = 0, checktol = 0
Positioning pial surface
Entering MRISpositionSurface()
  max_mm = 0.3
  MAX_REDUCTIONS = 2, REDUCTION_PCT = 0.5
  parms->check_tol = 0, niterations = 100
tol=1.0e-04, sigma=0.2, host=dna02, nav=0, nbrs=2, l_repulse=5.000, l_tspring=0.300, l_nspring=0.300, l_intensity=0.200, l_curv=1.000
mom=0.00, dt=0.50
000: dt: 0.0000, sse=249246.4, rms=1.376
rms = 1.3460/1.3759, sse=247321.4/249246.4, time step reduction 1 of 3 to 0.250  0 0 1
028: dt: 0.5000, sse=247321.4, rms=1.346 (2.173%)
029: dt: 0.2500, sse=217351.9, rms=0.820 (39.046%)
030: dt: 0.2500, sse=212064.3, rms=0.700 (14.697%)
rms = 0.7189/0.6998, sse=212432.9/212064.3, time step reduction 2 of 3 to 0.125  0 1 1
   RMS increased, rejecting step
rms = 0.6744/0.6998, sse=211156.5/212064.3, time step reduction 3 of 3 to 0.062  0 0 1
031: dt: 0.1250, sse=211156.5, rms=0.674 (3.638%)
  maximum number of reductions reached, breaking from loop
positioning took 0.3 minutes


Writing output to ../surf/lh.white.preaparc
#ET# mris_place_surface  2.48 minutes
#VMPC# mris_place_surfaces VmPeak  3111572
mris_place_surface done
#--------------------------------------------
#@# CortexLabel lh Wed Mar 11 14:00:32 CET 2026
cd /out/sourcedata/freesurfer/sub-v2s16x51313_ses-1/mri
mri_label2label --label-cortex ../surf/lh.white.preaparc aseg.presurf.mgz 0 ../label/lh.cortex.label

 Generating cortex label... RemoveHipAmgy=0
 NucAccIsMedialWall=0
 mris->useRealRAS=0
10 non-cortical segments detected
only using segment with 8290 vertices
erasing segment 0 (vno[0] = 26426)
erasing segment 1 (vno[0] = 28289)
erasing segment 2 (vno[0] = 30917)
erasing segment 3 (vno[0] = 30933)
erasing segment 5 (vno[0] = 68029)
erasing segment 6 (vno[0] = 76107)
erasing segment 7 (vno[0] = 78939)
erasing segment 8 (vno[0] = 83146)
erasing segment 9 (vno[0] = 90357)
#--------------------------------------------
#@# CortexLabel+HipAmyg lh Wed Mar 11 14:00:45 CET 2026
cd /out/sourcedata/freesurfer/sub-v2s16x51313_ses-1/mri
mri_label2label --label-cortex ../surf/lh.white.preaparc aseg.presurf.mgz 1 ../label/lh.cortex+hipamyg.label

 Generating cortex label... RemoveHipAmgy=1
 NucAccIsMedialWall=0
 mris->useRealRAS=0
17 non-cortical segments detected
only using segment with 5850 vertices
erasing segment 0 (vno[0] = 26426)
erasing segment 1 (vno[0] = 28289)
erasing segment 2 (vno[0] = 30917)
erasing segment 3 (vno[0] = 30933)
erasing segment 5 (vno[0] = 45668)
erasing segment 6 (vno[0] = 46646)
erasing segment 7 (vno[0] = 49809)
erasing segment 8 (vno[0] = 51935)
erasing segment 9 (vno[0] = 56791)
erasing segment 10 (vno[0] = 68029)
erasing segment 11 (vno[0] = 76107)
erasing segment 12 (vno[0] = 78287)
erasing segment 13 (vno[0] = 78939)
erasing segment 14 (vno[0] = 83146)
erasing segment 15 (vno[0] = 83392)
erasing segment 16 (vno[0] = 90357)
#--------------------------------------------
#@# Smooth2 lh Wed Mar 11 14:00:59 CET 2026
/out/sourcedata/freesurfer/sub-v2s16x51313_ses-1/scripts

 mris_smooth -n 3 -nw -seed 1234 ../surf/lh.white.preaparc ../surf/lh.smoothwm 

smoothing for 3 iterations
setting seed for random number generator to 1234
smoothing surface tessellation for 3 iterations...
smoothing complete - recomputing first and second fundamental forms...
#--------------------------------------------
#@# Inflation2 lh Wed Mar 11 14:01:01 CET 2026
/out/sourcedata/freesurfer/sub-v2s16x51313_ses-1/scripts

 mris_inflate ../surf/lh.smoothwm ../surf/lh.inflated 

Reading ../surf/lh.smoothwm
avg radius = 46.9 mm, total surface area = 86063 mm^2
step 000: RMS=0.168 (target=0.015)   step 005: RMS=0.112 (target=0.015)   step 010: RMS=0.084 (target=0.015)   step 015: RMS=0.070 (target=0.015)   step 020: RMS=0.058 (target=0.015)   step 025: RMS=0.048 (target=0.015)   step 030: RMS=0.040 (target=0.015)   step 035: RMS=0.033 (target=0.015)   step 040: RMS=0.028 (target=0.015)   step 045: RMS=0.024 (target=0.015)   step 050: RMS=0.022 (target=0.015)   step 055: RMS=0.020 (target=0.015)   step 060: RMS=0.019 (target=0.015)   writing inflated surface to ../surf/lh.inflated
writing sulcal depths to ../surf/lh.sulc

inflation complete.
inflation took 0.2 minutes
mris_inflate utimesec    63.019425
mris_inflate stimesec    1.534099
mris_inflate ru_maxrss   208500
mris_inflate ru_ixrss    0
mris_inflate ru_idrss    0
mris_inflate ru_isrss    0
mris_inflate ru_minflt   543734
mris_inflate ru_majflt   14
mris_inflate ru_nswap    0
mris_inflate ru_inblock  130
mris_inflate ru_oublock  10616
mris_inflate ru_msgsnd   0
mris_inflate ru_msgrcv   0
mris_inflate ru_nsignals 0
mris_inflate ru_nvcsw    6652
mris_inflate ru_nivcsw   272
#--------------------------------------------
#@# Curv .H and .K lh Wed Mar 11 14:01:13 CET 2026
/out/sourcedata/freesurfer/sub-v2s16x51313_ses-1/surf

 mris_curvature -w -seed 1234 lh.white.preaparc 

setting seed for random number generator to 1234
total integrated curvature = 23.396*4pi (294.007) --> -22 handles
ICI = 138.9, FI = 1349.7, variation=21247.862
writing Gaussian curvature to ./lh.white.preaparc.K...done.
writing mean curvature to ./lh.white.preaparc.H...done.
rm -f lh.white.H
ln -s lh.white.preaparc.H lh.white.H
rm -f lh.white.K
ln -s lh.white.preaparc.K lh.white.K

 mris_curvature -seed 1234 -thresh .999 -n -a 5 -w -distances 10 10 lh.inflated 

setting seed for random number generator to 1234
normalizing curvature values.
averaging curvature patterns 5 times.
sampling 10 neighbors out to a distance of 10 mm
212 vertices thresholded to be in k1 ~ [-0.15 0.45], k2 ~ [-0.08 0.07]
total integrated curvature = 0.650*4pi (8.171) --> 0 handles
ICI = 1.6, FI = 9.5, variation=163.622
126 vertices thresholded to be in [-0.01 0.01]
writing Gaussian curvature to ./lh.inflated.K...thresholding curvature at 99.90% level
curvature mean = 0.000, std = 0.001
137 vertices thresholded to be in [-0.10 0.20]
done.
writing mean curvature to ./lh.inflated.H...curvature mean = -0.015, std = 0.022
done.
#--------------------------------------------
#@# Sphere lh Wed Mar 11 14:01:57 CET 2026
/out/sourcedata/freesurfer/sub-v2s16x51313_ses-1/scripts

 mris_sphere -seed 1234 ../surf/lh.inflated ../surf/lh.sphere 

setting seed for random number genererator to 1234
version: 7.3.2
available threads: 16
reading original vertex positions...
projecting onto sphere...
surface projected - minimizing metric distortion...
scaling brain by 0.289...
MRISunfold() max_passes = 1 -------
tol=5.0e-01, sigma=0.0, host=dna02, nav=1024, nbrs=2, l_area=1.000, l_dist=1.000
using quadratic fit line minimization
complete_dist_mat 0
rms 0
smooth_averages 0
remove_neg 0
ico_order 0
which_surface 0
target_radius 0.000000
nfields 0
scale 1.000000
desired_rms_height -1.000000
momentum 0.900000
nbhd_size 7
max_nbrs 8
niterations 25
nsurfaces 0
SURFACES 3
flags 0 (0)
use curv 0
no sulc 0
no rigid align 0
mris->nsize 2
mris->hemisphere 0
randomSeed 1234

singular matrix in quadratic form
singular matrix in quadratic form
singular matrix in quadratic form
singular matrix in quadratic form
singular matrix in quadratic form
--------------------
  mrisRemoveNegativeArea()
pass 1: epoch 1 of 3 starting distance error %19.24
pass 1: epoch 2 of 3 starting distance error %19.22
unfolding complete - removing small folds...
starting distance error %19.17
removing remaining folds...
final distance error %19.17
MRISunfold() return, current seed 1234
-01: dt=0.0000,  68 negative triangles  VmPeak 2343512
098: dt=0.9900,  68 negative triangles
099: dt=0.9900,  16 negative triangles
100: dt=0.9900,  12 negative triangles
101: dt=0.9900,   8 negative triangles
102: dt=0.9900,  11 negative triangles
103: dt=0.9900,   8 negative triangles
104: dt=0.9900,   7 negative triangles
105: dt=0.9900,   8 negative triangles
106: dt=0.9900,   6 negative triangles
107: dt=0.9900,   3 negative triangles
writing spherical brain to ../surf/lh.sphere
spherical transformation took 0.0292 hours
FSRUNTIME@ mris_sphere  0.0292 hours 16 threads
#VMPC# mris_sphere VmPeak  2343512
mris_sphere done
#--------------------------------------------
#@# Surf Reg lh Wed Mar 11 14:03:42 CET 2026
/out/sourcedata/freesurfer/sub-v2s16x51313_ses-1/scripts

 mris_register -curv ../surf/lh.sphere /opt/freesurfer/average/lh.folding.atlas.acfb40.noaparc.i12.2016-08-02.tif ../surf/lh.sphere.reg 

using smoothwm curvature for final alignment

cwd /out/sourcedata/freesurfer/sub-v2s16x51313_ses-1/scripts
cmdline mris_register -curv ../surf/lh.sphere /opt/freesurfer/average/lh.folding.atlas.acfb40.noaparc.i12.2016-08-02.tif ../surf/lh.sphere.reg 

0 inflated.H
1 sulc
2 smoothwm (computed)
7.3.2
  7.3.2
reading surface from ../surf/lh.sphere...
reading template parameterization from /opt/freesurfer/average/lh.folding.atlas.acfb40.noaparc.i12.2016-08-02.tif...
MRISregister() -------
max_passes = 4 
min_degrees = 0.500000 
max_degrees = 64.000000 
nangles = 8 
tol=5.0e-01, sigma=0.0, host=dna02, nav=1024, nbrs=1, l_extern=10000.000, l_parea=0.200, l_nlarea=1.000, l_corr=1.000, l_dist=5.000
using quadratic fit line minimization
complete_dist_mat 0
rms 0
smooth_averages 0
remove_neg 0
ico_order 0
which_surface 0
target_radius 0.000000
nfields 0
scale 0.000000
desired_rms_height -1.000000
momentum 0.950000
nbhd_size -10
max_nbrs 10
niterations 25
nsurfaces 0
SURFACES 3
flags 16 (10)
use curv 16
no sulc 0
no rigid align 0
mris->nsize 1
mris->hemisphere 0
randomSeed 0

tol=5.0e-01, sigma=0.0, host=dna02, nav=1024, nbrs=1, l_extern=10000.000, l_parea=0.200, l_nlarea=1.000, l_corr=1.000, l_dist=5.000
using quadratic fit line minimization
--------------------
1 Reading lh.sulc
tol=1.0e+00, sigma=0.5, host=dna02, nav=1024, nbrs=1, l_extern=10000.000, l_parea=0.200, l_nlarea=1.000, l_corr=0.050, l_spring=0.500, l_dist=5.000
using quadratic fit line minimization
curvature mean = -0.000, std = 5.761
curvature mean = 0.029, std = 0.822
curvature mean = 0.005, std = 0.869
Starting MRISrigidBodyAlignGlobal()
Starting new MRISrigidBodyAlignGlobal_findMinSSE()
  new MRISrigidBodyAlignGlobal_findMinSSE min @ (10.50, -6.00, 1.50) sse = 267031.9, elapsed since starting=0.0876 min
MRISrigidBodyAlignGlobal() done   0.09 min
curvature mean = 0.017, std = 0.839
curvature mean = 0.004, std = 0.950
curvature mean = 0.016, std = 0.849
curvature mean = 0.002, std = 0.980
curvature mean = 0.016, std = 0.852
curvature mean = 0.001, std = 0.992
2 Reading smoothwm
curvature mean = -0.016, std = 0.245
curvature mean = 0.044, std = 0.249
curvature mean = 0.046, std = 0.392
curvature mean = 0.043, std = 0.306
curvature mean = 0.026, std = 0.604
curvature mean = 0.042, std = 0.333
curvature mean = 0.014, std = 0.747
curvature mean = 0.042, std = 0.344
curvature mean = 0.004, std = 0.848
MRISregister() return, current seed 0
writing registered surface to ../surf/lh.sphere.reg...
-01: dt=0.0000,   0 negative triangles  VmPeak 2280200
registration took 0.05 hours
#VMPC# mris_register VmPeak  2280200
FSRUNTIME@ mris_register  0.0484 hours 16 threads

 ln -sf lh.sphere.reg lh.fsaverage.sphere.reg 

#--------------------------------------------
#@# Jacobian white lh Wed Mar 11 14:06:36 CET 2026
/out/sourcedata/freesurfer/sub-v2s16x51313_ses-1/scripts

 mris_jacobian ../surf/lh.white.preaparc ../surf/lh.sphere.reg ../surf/lh.jacobian_white 

reading surface from ../surf/lh.white.preaparc...
writing curvature file ../surf/lh.jacobian_white
#--------------------------------------------
#@# AvgCurv lh Wed Mar 11 14:06:37 CET 2026
/out/sourcedata/freesurfer/sub-v2s16x51313_ses-1/scripts

 mrisp_paint -a 5 /opt/freesurfer/average/lh.folding.atlas.acfb40.noaparc.i12.2016-08-02.tif#6 ../surf/lh.sphere.reg ../surf/lh.avg_curv 

averaging curvature patterns 5 times...
reading surface from ../surf/lh.sphere.reg...
reading template parameterization from /opt/freesurfer/average/lh.folding.atlas.acfb40.noaparc.i12.2016-08-02.tif...
writing curvature file to ../surf/lh.avg_curv...
#-----------------------------------------
#@# Cortical Parc lh Wed Mar 11 14:06:37 CET 2026
/out/sourcedata/freesurfer/sub-v2s16x51313_ses-1/scripts

 mris_ca_label -l ../label/lh.cortex.label -aseg ../mri/aseg.presurf.mgz -seed 1234 sub-v2s16x51313_ses-1 lh ../surf/lh.sphere.reg /opt/freesurfer/average/lh.DKaparc.atlas.acfb40.noaparc.i12.2016-08-02.gcs ../label/lh.aparc.annot 

setting seed for random number generator to 1234
using ../mri/aseg.presurf.mgz aseg volume to correct midline
7.3.2
  7.3.2
reading atlas from /opt/freesurfer/average/lh.DKaparc.atlas.acfb40.noaparc.i12.2016-08-02.gcs...
reading color table from GCSA file....
average std = 0.8   using min determinant for regularization = 0.006
0 singular and 342 ill-conditioned covariance matrices regularized
input 0: MEAN CURVATURE, flags 0, avgs 5, name mean_curvature
labeling surface...
929 labels changed using aseg
relabeling using gibbs priors...
000:   3041 changed, 135766 examined...
001:    710 changed, 12903 examined...
002:    160 changed, 3963 examined...
003:     49 changed, 1006 examined...
004:     21 changed, 301 examined...
005:      9 changed, 134 examined...
006:      5 changed, 54 examined...
007:      5 changed, 32 examined...
008:      1 changed, 30 examined...
009:      0 changed, 7 examined...
238 labels changed using aseg
000: 93 total segments, 38 labels (146 vertices) changed
001: 56 total segments, 2 labels (2 vertices) changed
002: 54 total segments, 0 labels (0 vertices) changed
10 filter iterations complete (10 requested, 3 changed)
rationalizing unknown annotations with cortex label
relabeling unknown label...
relabeling corpuscallosum label...
1454 vertices marked for relabeling...
1454 labels changed in reclassification.
writing output to ../label/lh.aparc.annot...
classification took 0 minutes and 9 seconds.
#--------------------------------------------
#@# WhiteSurfs lh Wed Mar 11 14:06:46 CET 2026
cd /out/sourcedata/freesurfer/sub-v2s16x51313_ses-1/mri
mris_place_surface --adgws-in ../surf/autodet.gw.stats.lh.dat --seg aseg.presurf.mgz --threads 16 --wm wm.mgz --invol brain.finalsurfs.mgz --lh --i ../surf/lh.white.preaparc --o ../surf/lh.white --white --nsmooth 0 --rip-label ../label/lh.cortex.label --rip-bg --rip-surf ../surf/lh.white.preaparc --aparc ../label/lh.aparc.annot
7.3.2
7.3.2

cd /out/sourcedata/freesurfer/sub-v2s16x51313_ses-1/mri
setenv SUBJECTS_DIR /out/sourcedata/freesurfer
mris_place_surface --adgws-in ../surf/autodet.gw.stats.lh.dat --seg aseg.presurf.mgz --threads 16 --wm wm.mgz --invol brain.finalsurfs.mgz --lh --i ../surf/lh.white.preaparc --o ../surf/lh.white --white --nsmooth 0 --rip-label ../label/lh.cortex.label --rip-bg --rip-surf ../surf/lh.white.preaparc --aparc ../label/lh.aparc.annot 

Reading in input surface ../surf/lh.white.preaparc
Not smoothing input surface
Area    271528  0.34688  0.11645 0.001643   1.7564
Corner  814584 60.00000 12.77834 0.851013 177.6257
Edge    407292  0.90510  0.19433 0.040722   3.4155
Hinge   407292  9.11359  9.96536 0.000049 179.5019
Reading in aparc ../label/lh.aparc.annot
Reading in input volume brain.finalsurfs.mgz
Reading in wm volume wm.mgz
MRIclipBrightWM(): nthresh=10950, wmmin=5, clip=110 
MRIfindBrightNonWM(): 0 bright non-wm voxels segmented.
Masking bright non-wm for white surface
MRImask(): AllowDiffGeom = 1
MRImask(): AllowDiffGeom = 1
Reading in seg volume aseg.presurf.mgz
Ripping frozen voxels
Ripping vertices not in label ../label/lh.cortex.label
MRISripNotLabel() ripped 8582/135766 vertices (127184 unripped)
Reading in ripping surface ../surf/lh.white.preaparc
Reading in aparc ../label/lh.aparc.annot for ripsurf
Ripping BG
MRISripBasalGanglia(): 1 -2 2 0.5 ripped 413
Ripping segs (eg, WMSA, BG, frozen)
Starting MRISripSegs() d = (-2 2 0.5) segnos: 247 
MRISripSegs(): -2 2 0.5 ripped 0
vertex 67883: xyz = (-36.0881,-9.58766,33.3652) oxyz = (-36.0881,-9.58766,33.3652) wxzy = (-36.0881,-9.58766,33.3652) pxyz = (0,0,0) 
CBVO Creating mask 135766
n_averages 4
Iteration 0 =========================================
n_averages=4, current_sigma=2
Computing target border values 
Entering MRIScomputeBorderValues_new(): 
  inside_hi   = 120.0000000;
  border_hi   = 109.3201600;
  border_low  =  65.0000000;
  outside_low =  55.4552460;
  outside_hi  = 109.3201600;
  sigma = 2;
  max_thickness = 10;
  step_size=0.5;
  STEP_SIZE=0.1;
  which = 1
  thresh = 0
  flags = 0
  CBVfindFirstPeakD1=0
  CBVfindFirstPeakD2=0
  nvertices=135766
  Gdiag_no=-1
  vno start=0, stop=135766
Replacing 255s with 0s
#SI# sigma=2 had to be increased for 109 vertices, nripped=8995
mean border=77.2, 111 (111) missing vertices, mean dist 0.3 [0.8 (%13.3)->0.5 (%86.7))]
%69 local maxima, %24 large gradients and % 0 min vals, 0 gradients ignored
nFirstPeakD1 0
MRIScomputeBorderValues_new() finished in 0.0119 min


Finding expansion regions
mean absolute distance = 0.54 +- 0.80
2113 vertices more than 2 sigmas from mean.
Averaging target values for 5 iterations...
Positioning Surface: tspring = 0.3, nspring = 0.3, spring = 0, niters = 100 l_repulse = 5, l_surf_repulse = 0, checktol = 0
Positioning pial surface
Entering MRISpositionSurface()
  max_mm = 0.3
  MAX_REDUCTIONS = 2, REDUCTION_PCT = 0.5
  parms->check_tol = 0, niterations = 100
tol=1.0e-04, sigma=2.0, host=dna02, nav=4, nbrs=2, l_repulse=5.000, l_tspring=0.300, l_nspring=0.300, l_intensity=0.200, l_curv=1.000
mom=0.00, dt=0.50
complete_dist_mat 0
rms 0
smooth_averages 0
remove_neg 0
ico_order 0
which_surface 0
target_radius 0.000000
nfields 0
scale 0.000000
desired_rms_height 0.000000
momentum 0.000000
nbhd_size 0
max_nbrs 0
niterations 100
nsurfaces 0
SURFACES 3
flags 0 (0)
use curv 0
no sulc 0
no rigid align 0
mris->nsize 2
mris->hemisphere 0
randomSeed 0

000: dt: 0.0000, sse=1730290.6, rms=7.786
001: dt: 0.5000, sse=694541.9, rms=4.445 (42.907%)
002: dt: 0.5000, sse=447085.2, rms=3.158 (28.954%)
003: dt: 0.5000, sse=399223.5, rms=2.838 (10.133%)
004: dt: 0.5000, sse=381977.4, rms=2.710 (4.516%)
rms = 2.7662/2.7099, sse=390490.2/381977.4, time step reduction 1 of 3 to 0.250  0 1 1
   RMS increased, rejecting step
005: dt: 0.2500, sse=282065.5, rms=1.829 (32.497%)
006: dt: 0.2500, sse=246526.4, rms=1.382 (24.434%)
007: dt: 0.2500, sse=239070.5, rms=1.267 (8.364%)
rms = 1.2328/1.2667, sse=237238.5/239070.5, time step reduction 2 of 3 to 0.125  0 0 1
008: dt: 0.2500, sse=237238.5, rms=1.233 (2.680%)
rms = 1.2054/1.2328, sse=235735.6/237238.5, time step reduction 3 of 3 to 0.062  0 0 1
009: dt: 0.1250, sse=235735.6, rms=1.205 (2.220%)
  maximum number of reductions reached, breaking from loop
positioning took 0.8 minutes
Iteration 1 =========================================
n_averages=2, current_sigma=1
Computing target border values 
Entering MRIScomputeBorderValues_new(): 
  inside_hi   = 120.0000000;
  border_hi   = 109.3201600;
  border_low  =  65.0000000;
  outside_low =  55.4552460;
  outside_hi  = 109.3201600;
  sigma = 1;
  max_thickness = 10;
  step_size=0.5;
  STEP_SIZE=0.1;
  which = 1
  thresh = 0
  flags = 0
  CBVfindFirstPeakD1=0
  CBVfindFirstPeakD2=0
  nvertices=135766
  Gdiag_no=-1
  vno start=0, stop=135766
Replacing 255s with 0s
#SI# sigma=1 had to be increased for 86 vertices, nripped=8995
mean border=80.3, 97 (59) missing vertices, mean dist -0.2 [0.3 (%76.6)->0.3 (%23.4))]
%79 local maxima, %15 large gradients and % 0 min vals, 0 gradients ignored
nFirstPeakD1 0
MRIScomputeBorderValues_new() finished in 0.0086 min


Finding expansion regions
mean absolute distance = 0.33 +- 0.59
1870 vertices more than 2 sigmas from mean.
Averaging target values for 5 iterations...
Positioning Surface: tspring = 0.3, nspring = 0.3, spring = 0, niters = 100 l_repulse = 5, l_surf_repulse = 0, checktol = 0
Positioning pial surface
Entering MRISpositionSurface()
  max_mm = 0.3
  MAX_REDUCTIONS = 2, REDUCTION_PCT = 0.5
  parms->check_tol = 0, niterations = 100
tol=1.0e-04, sigma=1.0, host=dna02, nav=2, nbrs=2, l_repulse=5.000, l_tspring=0.300, l_nspring=0.300, l_intensity=0.200, l_curv=1.000
mom=0.00, dt=0.50
000: dt: 0.0000, sse=718018.8, rms=4.468
010: dt: 0.5000, sse=383714.2, rms=2.608 (41.625%)
011: dt: 0.5000, sse=371216.2, rms=2.517 (3.499%)
rms = 2.5517/2.5171, sse=375122.7/371216.2, time step reduction 1 of 3 to 0.250  0 1 1
   RMS increased, rejecting step
012: dt: 0.2500, sse=281570.0, rms=1.666 (33.795%)
013: dt: 0.2500, sse=244290.5, rms=1.140 (31.620%)
014: dt: 0.2500, sse=237755.5, rms=1.018 (10.701%)
rms = 0.9714/1.0176, sse=235542.7/237755.5, time step reduction 2 of 3 to 0.125  0 0 1
015: dt: 0.2500, sse=235542.8, rms=0.971 (4.542%)
rms = 0.9400/0.9714, sse=234068.2/235542.7, time step reduction 3 of 3 to 0.062  0 0 1
016: dt: 0.1250, sse=234068.2, rms=0.940 (3.223%)
  maximum number of reductions reached, breaking from loop
positioning took 0.6 minutes
Iteration 2 =========================================
n_averages=1, current_sigma=0.5
Computing target border values 
Entering MRIScomputeBorderValues_new(): 
  inside_hi   = 120.0000000;
  border_hi   = 109.3201600;
  border_low  =  65.0000000;
  outside_low =  55.4552460;
  outside_hi  = 109.3201600;
  sigma = 0.5;
  max_thickness = 10;
  step_size=0.5;
  STEP_SIZE=0.1;
  which = 1
  thresh = 0
  flags = 0
  CBVfindFirstPeakD1=0
  CBVfindFirstPeakD2=0
  nvertices=135766
  Gdiag_no=-1
  vno start=0, stop=135766
Replacing 255s with 0s
#SI# sigma=0.5 had to be increased for 49 vertices, nripped=8995
mean border=82.4, 128 (56) missing vertices, mean dist -0.1 [0.3 (%70.8)->0.2 (%29.2))]
%84 local maxima, % 9 large gradients and % 0 min vals, 0 gradients ignored
nFirstPeakD1 0
MRIScomputeBorderValues_new() finished in 0.0053 min


Finding expansion regions
mean absolute distance = 0.25 +- 0.43
2550 vertices more than 2 sigmas from mean.
Averaging target values for 5 iterations...
Positioning Surface: tspring = 0.3, nspring = 0.3, spring = 0, niters = 100 l_repulse = 5, l_surf_repulse = 0, checktol = 0
Positioning pial surface
Entering MRISpositionSurface()
  max_mm = 0.3
  MAX_REDUCTIONS = 2, REDUCTION_PCT = 0.5
  parms->check_tol = 0, niterations = 100
tol=1.0e-04, sigma=0.5, host=dna02, nav=1, nbrs=2, l_repulse=5.000, l_tspring=0.300, l_nspring=0.300, l_intensity=0.200, l_curv=1.000
mom=0.00, dt=0.50
000: dt: 0.0000, sse=419254.8, rms=2.900
017: dt: 0.5000, sse=337244.1, rms=2.260 (22.067%)
rms = 2.4233/2.2600, sse=354565.6/337244.1, time step reduction 1 of 3 to 0.250  0 1 1
   RMS increased, rejecting step
018: dt: 0.2500, sse=261145.4, rms=1.460 (35.411%)
019: dt: 0.2500, sse=232481.3, rms=1.012 (30.675%)
020: dt: 0.2500, sse=226152.9, rms=0.883 (12.710%)
rms = 0.8544/0.8833, sse=224677.9/226152.9, time step reduction 2 of 3 to 0.125  0 0 1
021: dt: 0.2500, sse=224677.9, rms=0.854 (3.277%)
rms = 0.8256/0.8544, sse=223376.4/224677.9, time step reduction 3 of 3 to 0.062  0 0 1
022: dt: 0.1250, sse=223376.4, rms=0.826 (3.371%)
  maximum number of reductions reached, breaking from loop
positioning took 0.5 minutes
Iteration 3 =========================================
n_averages=0, current_sigma=0.25
Computing target border values 
Entering MRIScomputeBorderValues_new(): 
  inside_hi   = 120.0000000;
  border_hi   = 109.3201600;
  border_low  =  65.0000000;
  outside_low =  55.4552460;
  outside_hi  = 109.3201600;
  sigma = 0.25;
  max_thickness = 10;
  step_size=0.5;
  STEP_SIZE=0.1;
  which = 1
  thresh = 0
  flags = 0
  CBVfindFirstPeakD1=0
  CBVfindFirstPeakD2=0
  nvertices=135766
  Gdiag_no=-1
  vno start=0, stop=135766
Replacing 255s with 0s
#SI# sigma=0.25 had to be increased for 52 vertices, nripped=8995
mean border=83.2, 148 (55) missing vertices, mean dist -0.0 [0.2 (%56.9)->0.2 (%43.1))]
%87 local maxima, % 6 large gradients and % 0 min vals, 0 gradients ignored
nFirstPeakD1 0
MRIScomputeBorderValues_new() finished in 0.0044 min


Finding expansion regions
mean absolute distance = 0.22 +- 0.36
2983 vertices more than 2 sigmas from mean.
Averaging target values for 5 iterations...
Positioning Surface: tspring = 0.3, nspring = 0.3, spring = 0, niters = 100 l_repulse = 5, l_surf_repulse = 0, checktol = 0
Positioning pial surface
Entering MRISpositionSurface()
  max_mm = 0.3
  MAX_REDUCTIONS = 2, REDUCTION_PCT = 0.5
  parms->check_tol = 0, niterations = 100
tol=1.0e-04, sigma=0.2, host=dna02, nav=0, nbrs=2, l_repulse=5.000, l_tspring=0.300, l_nspring=0.300, l_intensity=0.200, l_curv=1.000
mom=0.00, dt=0.50
000: dt: 0.0000, sse=250977.9, rms=1.380
rms = 1.3556/1.3803, sse=251580.7/250977.9, time step reduction 1 of 3 to 0.250  0 1 1
023: dt: 0.5000, sse=251580.7, rms=1.356 (1.792%)
024: dt: 0.2500, sse=221021.1, rms=0.825 (39.176%)
025: dt: 0.2500, sse=215539.4, rms=0.702 (14.816%)
rms = 0.7152/0.7024, sse=215241.8/215539.4, time step reduction 2 of 3 to 0.125  0 0 1
   RMS increased, rejecting step
rms = 0.6786/0.7024, sse=214538.1/215539.4, time step reduction 3 of 3 to 0.062  0 0 1
026: dt: 0.1250, sse=214538.2, rms=0.679 (3.387%)
  maximum number of reductions reached, breaking from loop
positioning took 0.3 minutes


Writing output to ../surf/lh.white
#ET# mris_place_surface  2.21 minutes
#VMPC# mris_place_surfaces VmPeak  3063796
mris_place_surface done
#--------------------------------------------
#@# T1PialSurf lh Wed Mar 11 14:09:05 CET 2026
cd /out/sourcedata/freesurfer/sub-v2s16x51313_ses-1/mri
mris_place_surface --adgws-in ../surf/autodet.gw.stats.lh.dat --seg aseg.presurf.mgz --threads 16 --wm wm.mgz --invol brain.finalsurfs.mgz --lh --i ../surf/lh.white --o ../surf/lh.pial.T1 --pial --nsmooth 0 --rip-label ../label/lh.cortex+hipamyg.label --pin-medial-wall ../label/lh.cortex.label --aparc ../label/lh.aparc.annot --repulse-surf ../surf/lh.white --white-surf ../surf/lh.white
7.3.2
7.3.2

cd /out/sourcedata/freesurfer/sub-v2s16x51313_ses-1/mri
setenv SUBJECTS_DIR /out/sourcedata/freesurfer
mris_place_surface --adgws-in ../surf/autodet.gw.stats.lh.dat --seg aseg.presurf.mgz --threads 16 --wm wm.mgz --invol brain.finalsurfs.mgz --lh --i ../surf/lh.white --o ../surf/lh.pial.T1 --pial --nsmooth 0 --rip-label ../label/lh.cortex+hipamyg.label --pin-medial-wall ../label/lh.cortex.label --aparc ../label/lh.aparc.annot --repulse-surf ../surf/lh.white --white-surf ../surf/lh.white 

Reading in input surface ../surf/lh.white
Not smoothing input surface
Area    271528  0.35026  0.12982 0.001676   1.8487
Corner  814584 60.00000 14.04194 0.399123 179.1266
Edge    407292  0.91069  0.21224 0.031874   3.4155
Hinge   407292  9.14679  9.96776 0.000062 179.9088
Reading white surface coordinates from ../surf/lh.white
Reading repulsion surface coordinates from ../surf/lh.white
Reading in aparc ../label/lh.aparc.annot
Reading in input volume brain.finalsurfs.mgz
Reading in wm volume wm.mgz
MRIclipBrightWM(): nthresh=10950, wmmin=5, clip=110 
MRIfindBrightNonWM(): 0 bright non-wm voxels segmented.
Masking bright non-wm for pial surface mid_gray = 64.5228
MRImask(): AllowDiffGeom = 1
MRImask(): AllowDiffGeom = 1
MRImask(): AllowDiffGeom = 1
Reading in seg volume aseg.presurf.mgz
Ripping frozen voxels
Ripping vertices not in label ../label/lh.cortex+hipamyg.label
MRISripNotLabel() ripped 6125/135766 vertices (129641 unripped)
INFO: rip surface needed but not specified, so using input surface
Ripping segs (eg, WMSA, BG, frozen)
Starting MRISripSegs() d = (-2 2 0.5) segnos: 247 
MRISripSegs(): -2 2 0.5 ripped 0
vertex 67883: xyz = (-36.068,-9.58597,33.3641) oxyz = (-36.068,-9.58597,33.3641) wxzy = (-36.068,-9.58597,33.3641) pxyz = (-36.068,-9.58597,33.3641) 
CBVO Creating mask 135766
n_averages 16
Iteration 0 =========================================
n_averages=16, current_sigma=2
Computing target border values 
Entering MRIScomputeBorderValues_new(): 
  inside_hi   =  92.6798400;
  border_hi   =  55.4552460;
  border_low  =  36.3657460;
  outside_low =  10.0000000;
  outside_hi  =  50.6828690;
  sigma = 2;
  max_thickness = 10;
  step_size=0.5;
  STEP_SIZE=0.1;
  which = 2
  thresh = 0
  flags = 0
  CBVfindFirstPeakD1=0
  CBVfindFirstPeakD2=0
  nvertices=135766
  Gdiag_no=-1
  vno start=0, stop=135766
Replacing 255s with 0s
#SI# sigma=2 had to be increased for 168 vertices, nripped=6125
mean border=53.6, 151 (151) missing vertices, mean dist 1.9 [1.4 (%0.0)->2.9 (%100.0))]
%12 local maxima, %50 large gradients and %34 min vals, 0 gradients ignored
nFirstPeakD1 0
MRIScomputeBorderValues_new() finished in 0.0136 min


Averaging target values for 5 iterations...
Positioning Surface: tspring = 0.3, nspring = 0.3, spring = 0, niters = 100 l_repulse = 0, l_surf_repulse = 5, checktol = 0
Positioning pial surface
Entering MRISpositionSurface()
  max_mm = 0.3
  MAX_REDUCTIONS = 2, REDUCTION_PCT = 0.5
  parms->check_tol = 0, niterations = 100
tol=1.0e-04, sigma=2.0, host=dna02, nav=16, nbrs=2, l_surf_repulse=5.000, l_tspring=0.300, l_nspring=0.300, l_intensity=0.200, l_curv=1.000
mom=0.00, dt=0.50
complete_dist_mat 0
rms 0
smooth_averages 0
remove_neg 0
ico_order 0
which_surface 0
target_radius 0.000000
nfields 0
scale 0.000000
desired_rms_height 0.000000
momentum 0.000000
nbhd_size 0
max_nbrs 0
niterations 100
nsurfaces 0
SURFACES 3
flags 0 (0)
use curv 0
no sulc 0
no rigid align 0
mris->nsize 2
mris->hemisphere 0
randomSeed 0

000: dt: 0.0000, sse=23834002.0, rms=30.208
001: dt: 0.5000, sse=16426532.0, rms=25.029 (17.144%)
002: dt: 0.5000, sse=11075268.0, rms=20.488 (18.144%)
003: dt: 0.5000, sse=7523782.5, rms=16.808 (17.960%)
004: dt: 0.5000, sse=5273060.5, rms=13.982 (16.816%)
005: dt: 0.5000, sse=3816089.0, rms=11.794 (15.649%)
006: dt: 0.5000, sse=2833812.5, rms=10.051 (14.778%)
007: dt: 0.5000, sse=2145939.8, rms=8.620 (14.233%)
008: dt: 0.5000, sse=1653171.8, rms=7.425 (13.863%)
009: dt: 0.5000, sse=1300600.2, rms=6.433 (13.363%)
010: dt: 0.5000, sse=1052012.6, rms=5.627 (12.535%)
011: dt: 0.5000, sse=875700.2, rms=4.974 (11.602%)
012: dt: 0.5000, sse=756788.6, rms=4.478 (9.975%)
013: dt: 0.5000, sse=675101.3, rms=4.100 (8.425%)
014: dt: 0.5000, sse=620293.4, rms=3.825 (6.722%)
015: dt: 0.5000, sse=579130.3, rms=3.603 (5.789%)
016: dt: 0.5000, sse=549830.9, rms=3.435 (4.665%)
017: dt: 0.5000, sse=526272.0, rms=3.294 (4.110%)
018: dt: 0.5000, sse=512723.2, rms=3.207 (2.629%)
019: dt: 0.5000, sse=502846.3, rms=3.142 (2.027%)
020: dt: 0.5000, sse=495482.3, rms=3.092 (1.619%)
rms = 3.0442/3.0916, sse=488651.7/495482.4, time step reduction 1 of 3 to 0.250  0 0 1
021: dt: 0.5000, sse=488651.7, rms=3.044 (1.532%)
022: dt: 0.2500, sse=432276.7, rms=2.641 (13.252%)
023: dt: 0.2500, sse=418892.6, rms=2.537 (3.914%)
rms = 2.5220/2.5374, sse=417192.2/418892.6, time step reduction 2 of 3 to 0.125  0 0 1
024: dt: 0.2500, sse=417192.2, rms=2.522 (0.610%)
025: dt: 0.1250, sse=410347.1, rms=2.466 (2.226%)
rms = 2.4482/2.4658, sse=408246.1/410347.1, time step reduction 3 of 3 to 0.062  0 0 1
026: dt: 0.1250, sse=408246.1, rms=2.448 (0.714%)
  maximum number of reductions reached, breaking from loop
positioning took 1.7 minutes
Iteration 1 =========================================
n_averages=8, current_sigma=1
Computing target border values 
Entering MRIScomputeBorderValues_new(): 
  inside_hi   =  92.6798400;
  border_hi   =  55.4552460;
  border_low  =  36.3657460;
  outside_low =  10.0000000;
  outside_hi  =  50.6828690;
  sigma = 1;
  max_thickness = 10;
  step_size=0.5;
  STEP_SIZE=0.1;
  which = 2
  thresh = 0
  flags = 0
  CBVfindFirstPeakD1=0
  CBVfindFirstPeakD2=0
  nvertices=135766
  Gdiag_no=-1
  vno start=0, stop=135766
Replacing 255s with 0s
#SI# sigma=1 had to be increased for 8116 vertices, nripped=6125
mean border=52.4, 1340 (35) missing vertices, mean dist 0.2 [0.2 (%52.0)->0.7 (%48.0))]
%22 local maxima, %43 large gradients and %29 min vals, 0 gradients ignored
nFirstPeakD1 0
MRIScomputeBorderValues_new() finished in 0.0060 min


Averaging target values for 5 iterations...
Positioning Surface: tspring = 0.3, nspring = 0.3, spring = 0, niters = 100 l_repulse = 0, l_surf_repulse = 5, checktol = 0
Positioning pial surface
Entering MRISpositionSurface()
  max_mm = 0.3
  MAX_REDUCTIONS = 2, REDUCTION_PCT = 0.5
  parms->check_tol = 0, niterations = 100
tol=1.0e-04, sigma=1.0, host=dna02, nav=8, nbrs=2, l_surf_repulse=5.000, l_tspring=0.300, l_nspring=0.300, l_intensity=0.200, l_curv=1.000
mom=0.00, dt=0.50
000: dt: 0.0000, sse=590225.8, rms=3.310
027: dt: 0.5000, sse=534354.4, rms=2.965 (10.434%)
028: dt: 0.5000, sse=508788.8, rms=2.805 (5.397%)
rms = 2.8732/2.8049, sse=519061.3/508788.8, time step reduction 1 of 3 to 0.250  0 1 1
   RMS increased, rejecting step
029: dt: 0.2500, sse=469500.3, rms=2.508 (10.576%)
030: dt: 0.2500, sse=456145.8, rms=2.395 (4.497%)
rms = 2.3786/2.3954, sse=454313.0/456145.8, time step reduction 2 of 3 to 0.125  0 0 1
031: dt: 0.2500, sse=454313.0, rms=2.379 (0.701%)
032: dt: 0.1250, sse=444490.9, rms=2.294 (3.576%)
rms = 2.2674/2.2936, sse=441501.0/444490.9, time step reduction 3 of 3 to 0.062  0 0 1
033: dt: 0.1250, sse=441501.0, rms=2.267 (1.143%)
  maximum number of reductions reached, breaking from loop
positioning took 0.5 minutes
Iteration 2 =========================================
n_averages=4, current_sigma=0.5
Computing target border values 
Entering MRIScomputeBorderValues_new(): 
  inside_hi   =  92.6798400;
  border_hi   =  55.4552460;
  border_low  =  36.3657460;
  outside_low =  10.0000000;
  outside_hi  =  50.6828690;
  sigma = 0.5;
  max_thickness = 10;
  step_size=0.5;
  STEP_SIZE=0.1;
  which = 2
  thresh = 0
  flags = 0
  CBVfindFirstPeakD1=0
  CBVfindFirstPeakD2=0
  nvertices=135766
  Gdiag_no=-1
  vno start=0, stop=135766
Replacing 255s with 0s
#SI# sigma=0.5 had to be increased for 9848 vertices, nripped=6125
mean border=51.6, 1714 (23) missing vertices, mean dist 0.1 [0.2 (%47.5)->0.5 (%52.5))]
%35 local maxima, %30 large gradients and %29 min vals, 0 gradients ignored
nFirstPeakD1 0
MRIScomputeBorderValues_new() finished in 0.0042 min


Averaging target values for 5 iterations...
Positioning Surface: tspring = 0.3, nspring = 0.3, spring = 0, niters = 100 l_repulse = 0, l_surf_repulse = 5, checktol = 0
Positioning pial surface
Entering MRISpositionSurface()
  max_mm = 0.3
  MAX_REDUCTIONS = 2, REDUCTION_PCT = 0.5
  parms->check_tol = 0, niterations = 100
tol=1.0e-04, sigma=0.5, host=dna02, nav=4, nbrs=2, l_surf_repulse=5.000, l_tspring=0.300, l_nspring=0.300, l_intensity=0.200, l_curv=1.000
mom=0.00, dt=0.50
000: dt: 0.0000, sse=508817.4, rms=2.742
034: dt: 0.5000, sse=499450.2, rms=2.676 (2.418%)
rms = 2.6756/2.6761, sse=497162.8/499450.3, time step reduction 1 of 3 to 0.250  0 0 1
035: dt: 0.5000, sse=497162.8, rms=2.676 (0.019%)
036: dt: 0.2500, sse=453826.5, rms=2.326 (13.083%)
037: dt: 0.2500, sse=443186.6, rms=2.235 (3.880%)
rms = 2.2526/2.2353, sse=445210.7/443186.6, time step reduction 2 of 3 to 0.125  0 1 1
   RMS increased, rejecting step
rms = 2.1937/2.2353, sse=438513.5/443186.6, time step reduction 3 of 3 to 0.062  0 0 1
038: dt: 0.1250, sse=438513.5, rms=2.194 (1.864%)
  maximum number of reductions reached, breaking from loop
positioning took 0.3 minutes
Iteration 3 =========================================
n_averages=2, current_sigma=0.25
Computing target border values 
Entering MRIScomputeBorderValues_new(): 
  inside_hi   =  92.6798400;
  border_hi   =  55.4552460;
  border_low  =  36.3657460;
  outside_low =  10.0000000;
  outside_hi  =  50.6828690;
  sigma = 0.25;
  max_thickness = 10;
  step_size=0.5;
  STEP_SIZE=0.1;
  which = 2
  thresh = 0
  flags = 0
  CBVfindFirstPeakD1=0
  CBVfindFirstPeakD2=0
  nvertices=135766
  Gdiag_no=-1
  vno start=0, stop=135766
Replacing 255s with 0s
#SI# sigma=0.25 had to be increased for 8776 vertices, nripped=6125
mean border=51.0, 3703 (22) missing vertices, mean dist 0.1 [0.2 (%47.8)->0.4 (%52.2))]
%42 local maxima, %22 large gradients and %28 min vals, 0 gradients ignored
nFirstPeakD1 0
MRIScomputeBorderValues_new() finished in 0.0025 min


Averaging target values for 5 iterations...
Positioning Surface: tspring = 0.3, nspring = 0.3, spring = 0, niters = 100 l_repulse = 0, l_surf_repulse = 5, checktol = 0
Positioning pial surface
Entering MRISpositionSurface()
  max_mm = 0.3
  MAX_REDUCTIONS = 2, REDUCTION_PCT = 0.5
  parms->check_tol = 0, niterations = 100
tol=1.0e-04, sigma=0.2, host=dna02, nav=2, nbrs=2, l_surf_repulse=5.000, l_tspring=0.300, l_nspring=0.300, l_intensity=0.200, l_curv=1.000
mom=0.00, dt=0.50
000: dt: 0.0000, sse=466940.8, rms=2.426
rms = 2.6371/2.4261, sse=494051.5/466940.8, time step reduction 1 of 3 to 0.250  0 1 1
   RMS increased, rejecting step
039: dt: 0.2500, sse=445110.6, rms=2.242 (7.593%)
040: dt: 0.2500, sse=438455.7, rms=2.184 (2.582%)
rms = 2.2108/2.1840, sse=441239.5/438455.7, time step reduction 2 of 3 to 0.125  0 1 1
   RMS increased, rejecting step
rms = 2.1501/2.1840, sse=434709.3/438455.7, time step reduction 3 of 3 to 0.062  0 0 1
041: dt: 0.1250, sse=434709.3, rms=2.150 (1.553%)
  maximum number of reductions reached, breaking from loop
positioning took 0.3 minutes
Pinning medial wall to white surface
removing intersecting faces
000: 13 intersecting
001: 5 intersecting
step 1 with no progress (num=14, old_num=5)
002: 14 intersecting
003: 4 intersecting
step 1 with no progress (num=23, old_num=4)
004: 23 intersecting
terminating search with 0 intersecting


Writing output to ../surf/lh.pial.T1
#ET# mris_place_surface  3.04 minutes
#VMPC# mris_place_surfaces VmPeak  2424028
mris_place_surface done
#@# white curv lh Wed Mar 11 14:12:12 CET 2026
cd /out/sourcedata/freesurfer/sub-v2s16x51313_ses-1/mri
mris_place_surface --curv-map ../surf/lh.white 2 10 ../surf/lh.curv
insurf  ../surf/lh.white, nbrs 2, curvature_avgs 10
writing curvature file ../surf/lh.curv
#@# white area lh Wed Mar 11 14:12:14 CET 2026
cd /out/sourcedata/freesurfer/sub-v2s16x51313_ses-1/mri
mris_place_surface --area-map ../surf/lh.white ../surf/lh.area
writing curvature file ../surf/lh.area
#@# pial curv lh Wed Mar 11 14:12:14 CET 2026
cd /out/sourcedata/freesurfer/sub-v2s16x51313_ses-1/mri
mris_place_surface --curv-map ../surf/lh.pial 2 10 ../surf/lh.curv.pial
insurf  ../surf/lh.pial, nbrs 2, curvature_avgs 10
writing curvature file ../surf/lh.curv.pial
#@# pial area lh Wed Mar 11 14:12:16 CET 2026
cd /out/sourcedata/freesurfer/sub-v2s16x51313_ses-1/mri
mris_place_surface --area-map ../surf/lh.pial ../surf/lh.area.pial
writing curvature file ../surf/lh.area.pial
#@# thickness lh Wed Mar 11 14:12:17 CET 2026
cd /out/sourcedata/freesurfer/sub-v2s16x51313_ses-1/mri
mris_place_surface --thickness ../surf/lh.white ../surf/lh.pial 20 5 ../surf/lh.thickness
0 of 135766 vertices processed
25000 of 135766 vertices processed
50000 of 135766 vertices processed
75000 of 135766 vertices processed
100000 of 135766 vertices processed
125000 of 135766 vertices processed
0 of 135766 vertices processed
25000 of 135766 vertices processed
50000 of 135766 vertices processed
75000 of 135766 vertices processed
100000 of 135766 vertices processed
125000 of 135766 vertices processed
thickness calculation complete, 470:2115 truncations.
60551 vertices at 0 distance
109935 vertices at 1 distance
60477 vertices at 2 distance
23640 vertices at 3 distance
9453 vertices at 4 distance
4014 vertices at 5 distance
1790 vertices at 6 distance
773 vertices at 7 distance
366 vertices at 8 distance
177 vertices at 9 distance
103 vertices at 10 distance
55 vertices at 11 distance
45 vertices at 12 distance
23 vertices at 13 distance
21 vertices at 14 distance
12 vertices at 15 distance
18 vertices at 16 distance
23 vertices at 17 distance
15 vertices at 18 distance
13 vertices at 19 distance
28 vertices at 20 distance
writing curvature file ../surf/lh.thickness
#@# area and vertex vol lh Wed Mar 11 14:12:45 CET 2026
cd /out/sourcedata/freesurfer/sub-v2s16x51313_ses-1/mri
mris_place_surface --thickness ../surf/lh.white ../surf/lh.pial 20 5 ../surf/lh.thickness
/out/sourcedata/freesurfer/sub-v2s16x51313_ses-1/surf
mris_calc -o lh.area.mid lh.area add lh.area.pial
Saving result to 'lh.area.mid' (type = MRI_CURV_FILE)                       [ ok ]
mris_calc -o lh.area.mid lh.area.mid div 2
Saving result to 'lh.area.mid' (type = MRI_CURV_FILE)                       [ ok ]
mris_convert --volume sub-v2s16x51313_ses-1 lh /out/sourcedata/freesurfer/sub-v2s16x51313_ses-1/surf/lh.volume
masking with /out/sourcedata/freesurfer/sub-v2s16x51313_ses-1/label/lh.cortex.label
Total face volume 266589
Total vertex volume 266341 (mask=0)
#@# sub-v2s16x51313_ses-1 lh 266341
 
vertexvol Done

#-----------------------------------------
#@# Curvature Stats lh Wed Mar 11 14:12:46 CET 2026
/out/sourcedata/freesurfer/sub-v2s16x51313_ses-1/surf

 mris_curvature_stats -m --writeCurvatureFiles -G -o ../stats/lh.curv.stats -F smoothwm sub-v2s16x51313_ses-1 lh curv sulc 

             Toggling save flag on curvature files                       [ ok ]
                 Outputting results using filestem   [ ../stats/lh.curv.stats ]
             Toggling save flag on curvature files                       [ ok ]
                                   Setting surface [ sub-v2s16x51313_ses-1/lh.smoothwm ]
                                Reading surface...                       [ ok ]
                                   Setting texture                     [ curv ]
                                Reading texture...                       [ ok ]
                                   Setting texture                     [ sulc ]
                                Reading texture...Gb_filter = 0
                       [ ok ]
      Calculating Discrete Principal Curvatures...
      Determining geometric order for vno faces... [####################] [ ok ]
                      Determining KH curvatures... [####################] [ ok ]
                    Determining k1k2 curvatures... [####################] [ ok ]
                                   deltaViolations                      [ 237 ]
Gb_filter = 0

WARN:    S lookup   min:                          -0.140072
WARN:    S explicit min:                          0.000000	vertex = 41
#-----------------------------------------
#@# Cortical Parc 2 lh Wed Mar 11 14:12:48 CET 2026
/out/sourcedata/freesurfer/sub-v2s16x51313_ses-1/scripts

 mris_ca_label -l ../label/lh.cortex.label -aseg ../mri/aseg.presurf.mgz -seed 1234 sub-v2s16x51313_ses-1 lh ../surf/lh.sphere.reg /opt/freesurfer/average/lh.CDaparc.atlas.acfb40.noaparc.i12.2016-08-02.gcs ../label/lh.aparc.a2009s.annot 

setting seed for random number generator to 1234
using ../mri/aseg.presurf.mgz aseg volume to correct midline
7.3.2
  7.3.2
reading atlas from /opt/freesurfer/average/lh.CDaparc.atlas.acfb40.noaparc.i12.2016-08-02.gcs...
reading color table from GCSA file....
average std = 3.0   using min determinant for regularization = 0.088
0 singular and 0 ill-conditioned covariance matrices regularized
input 0: MEAN CURVATURE, flags 0, avgs 5, name mean_curvature
labeling surface...
36 labels changed using aseg
relabeling using gibbs priors...
000:   8912 changed, 135766 examined...
001:   2063 changed, 34789 examined...
002:    564 changed, 10894 examined...
003:    244 changed, 3286 examined...
004:     96 changed, 1375 examined...
005:     41 changed, 575 examined...
006:     28 changed, 242 examined...
007:     22 changed, 156 examined...
008:     16 changed, 117 examined...
009:     10 changed, 86 examined...
010:      6 changed, 47 examined...
011:      2 changed, 32 examined...
012:      2 changed, 14 examined...
013:      2 changed, 10 examined...
014:      0 changed, 10 examined...
38 labels changed using aseg
000: 235 total segments, 153 labels (1620 vertices) changed
001: 89 total segments, 8 labels (32 vertices) changed
002: 81 total segments, 0 labels (0 vertices) changed
10 filter iterations complete (10 requested, 24 changed)
rationalizing unknown annotations with cortex label
relabeling Medial_wall label...
930 vertices marked for relabeling...
930 labels changed in reclassification.
writing output to ../label/lh.aparc.a2009s.annot...
classification took 0 minutes and 12 seconds.
#-----------------------------------------
#@# Cortical Parc 3 lh Wed Mar 11 14:13:00 CET 2026
/out/sourcedata/freesurfer/sub-v2s16x51313_ses-1/scripts

 mris_ca_label -l ../label/lh.cortex.label -aseg ../mri/aseg.presurf.mgz -seed 1234 sub-v2s16x51313_ses-1 lh ../surf/lh.sphere.reg /opt/freesurfer/average/lh.DKTaparc.atlas.acfb40.noaparc.i12.2016-08-02.gcs ../label/lh.aparc.DKTatlas.annot 

setting seed for random number generator to 1234
using ../mri/aseg.presurf.mgz aseg volume to correct midline
7.3.2
  7.3.2
reading atlas from /opt/freesurfer/average/lh.DKTaparc.atlas.acfb40.noaparc.i12.2016-08-02.gcs...
reading color table from GCSA file....
average std = 1.4   using min determinant for regularization = 0.020
0 singular and 383 ill-conditioned covariance matrices regularized
input 0: MEAN CURVATURE, flags 0, avgs 5, name mean_curvature
labeling surface...
1581 labels changed using aseg
relabeling using gibbs priors...
000:   1947 changed, 135766 examined...
001:    422 changed, 9032 examined...
002:    121 changed, 2500 examined...
003:     52 changed, 704 examined...
004:     26 changed, 314 examined...
005:     15 changed, 152 examined...
006:      6 changed, 94 examined...
007:      6 changed, 40 examined...
008:      5 changed, 39 examined...
009:      4 changed, 32 examined...
010:      4 changed, 27 examined...
011:      0 changed, 21 examined...
277 labels changed using aseg
000: 50 total segments, 17 labels (107 vertices) changed
001: 33 total segments, 0 labels (0 vertices) changed
10 filter iterations complete (10 requested, 1 changed)
rationalizing unknown annotations with cortex label
relabeling unknown label...
relabeling corpuscallosum label...
487 vertices marked for relabeling...
487 labels changed in reclassification.
writing output to ../label/lh.aparc.DKTatlas.annot...
classification took 0 minutes and 9 seconds.
#-----------------------------------------
#@# WM/GM Contrast lh Wed Mar 11 14:13:10 CET 2026
/out/sourcedata/freesurfer/sub-v2s16x51313_ses-1/scripts

 pctsurfcon --s sub-v2s16x51313_ses-1 --lh-only 

Log file is /out/sourcedata/freesurfer/sub-v2s16x51313_ses-1/scripts/pctsurfcon.log
Wed Mar 11 14:13:10 CET 2026
setenv SUBJECTS_DIR /out/sourcedata/freesurfer
cd /out/sourcedata/freesurfer/sub-v2s16x51313_ses-1/scripts
/opt/freesurfer/bin/pctsurfcon
pctsurfcon 7.3.2
Linux dna020 5.14.0-427.37.1.el9_4.x86_64 #1 SMP PREEMPT_DYNAMIC Fri Sep 13 12:41:50 EDT 2024 x86_64 x86_64 x86_64 GNU/Linux
FREESURFER_HOME /opt/freesurfer
mri_vol2surf --mov /out/sourcedata/freesurfer/sub-v2s16x51313_ses-1/mri/rawavg.mgz --hemi lh --noreshape --interp trilinear --projdist -1 --o /out/sourcedata/freesurfer/sub-v2s16x51313_ses-1/surf/tmp.pctsurfcon.1624357/lh.wm.mgh --regheader sub-v2s16x51313_ses-1 --cortex
srcvol = /out/sourcedata/freesurfer/sub-v2s16x51313_ses-1/mri/rawavg.mgz
srcreg unspecified
srcregold = 0
srcwarp unspecified
surf = white
hemi = lh
ProjDist = -1
reshape = 0
interp = trilinear
float2int = round
GetProjMax = 0
INFO: float2int code = 0
Done loading volume
Computing registration from header.
  Using /out/sourcedata/freesurfer/sub-v2s16x51313_ses-1/mri/orig.mgz as target reference.
-------- original matrix -----------
-0.99985   0.00000   0.01745  -0.00001;
 0.01745   0.00000   0.99985   0.00006;
 0.00000  -1.00000   0.00000  -0.00002;
 0.00000   0.00000   0.00000   1.00000;
-------- original matrix -----------
Loading label /out/sourcedata/freesurfer/sub-v2s16x51313_ses-1/label/lh.cortex.label
Reading surface /out/sourcedata/freesurfer/sub-v2s16x51313_ses-1/surf/lh.white
Done reading source surface
Mapping Source Volume onto Source Subject Surface
Projecting -1 -1 1
 1 -1 -1 -1
using old
Done mapping volume to surface
Number of source voxels hit = 76253
Masking with /out/sourcedata/freesurfer/sub-v2s16x51313_ses-1/label/lh.cortex.label
Writing to /out/sourcedata/freesurfer/sub-v2s16x51313_ses-1/surf/tmp.pctsurfcon.1624357/lh.wm.mgh
Dim: 135766 1 1
mri_vol2surf --mov /out/sourcedata/freesurfer/sub-v2s16x51313_ses-1/mri/rawavg.mgz --hemi lh --noreshape --interp trilinear --o /out/sourcedata/freesurfer/sub-v2s16x51313_ses-1/surf/tmp.pctsurfcon.1624357/lh.gm.mgh --projfrac 0.3 --regheader sub-v2s16x51313_ses-1 --cortex
srcvol = /out/sourcedata/freesurfer/sub-v2s16x51313_ses-1/mri/rawavg.mgz
srcreg unspecified
srcregold = 0
srcwarp unspecified
surf = white
hemi = lh
ProjFrac = 0.3
thickness = thickness
reshape = 0
interp = trilinear
float2int = round
GetProjMax = 0
INFO: float2int code = 0
Done loading volume
Computing registration from header.
  Using /out/sourcedata/freesurfer/sub-v2s16x51313_ses-1/mri/orig.mgz as target reference.
-------- original matrix -----------
-0.99985   0.00000   0.01745  -0.00001;
 0.01745   0.00000   0.99985   0.00006;
 0.00000  -1.00000   0.00000  -0.00002;
 0.00000   0.00000   0.00000   1.00000;
-------- original matrix -----------
Loading label /out/sourcedata/freesurfer/sub-v2s16x51313_ses-1/label/lh.cortex.label
Reading surface /out/sourcedata/freesurfer/sub-v2s16x51313_ses-1/surf/lh.white
Done reading source surface
Reading thickness /out/sourcedata/freesurfer/sub-v2s16x51313_ses-1/surf/lh.thickness
Done
Mapping Source Volume onto Source Subject Surface
Projecting 0.3 0.3 1
 1 0.3 0.3 0.3
using old
Done mapping volume to surface
Number of source voxels hit = 86422
Masking with /out/sourcedata/freesurfer/sub-v2s16x51313_ses-1/label/lh.cortex.label
Writing to /out/sourcedata/freesurfer/sub-v2s16x51313_ses-1/surf/tmp.pctsurfcon.1624357/lh.gm.mgh
Dim: 135766 1 1
mri_concat /out/sourcedata/freesurfer/sub-v2s16x51313_ses-1/surf/tmp.pctsurfcon.1624357/lh.wm.mgh /out/sourcedata/freesurfer/sub-v2s16x51313_ses-1/surf/tmp.pctsurfcon.1624357/lh.gm.mgh --paired-diff-norm --mul 100 --o /out/sourcedata/freesurfer/sub-v2s16x51313_ses-1/surf/lh.w-g.pct.mgh
ninputs = 2
Checking inputs
nframestot = 2
Allocing output
Done allocing
Combining pairs
nframes = 1
Multiplying by 100.000000
Writing to /out/sourcedata/freesurfer/sub-v2s16x51313_ses-1/surf/lh.w-g.pct.mgh
mri_segstats --in /out/sourcedata/freesurfer/sub-v2s16x51313_ses-1/surf/lh.w-g.pct.mgh --annot sub-v2s16x51313_ses-1 lh aparc --sum /out/sourcedata/freesurfer/sub-v2s16x51313_ses-1/stats/lh.w-g.pct.stats --snr

7.3.2
cwd 
cmdline mri_segstats --in /out/sourcedata/freesurfer/sub-v2s16x51313_ses-1/surf/lh.w-g.pct.mgh --annot sub-v2s16x51313_ses-1 lh aparc --sum /out/sourcedata/freesurfer/sub-v2s16x51313_ses-1/stats/lh.w-g.pct.stats --snr 
sysname  Linux
hostname dna020
machine  x86_64
user     oesteban
whitesurfname  white
UseRobust  0
Constructing seg from annotation

Reading annotation /out/sourcedata/freesurfer/sub-v2s16x51313_ses-1/label/lh.aparc.annot
Seg base 1000
Loading /out/sourcedata/freesurfer/sub-v2s16x51313_ses-1/surf/lh.w-g.pct.mgh
Vertex Area is 0.700505 mm^3
Generating list of segmentation ids
Found  36 segmentations
Computing statistics for each segmentation

Reporting on  35 segmentations
Using PrintSegStat
mri_segstats done
Cleaning up

Started at Wed Mar 11 13:55:32 CET 2026 
Ended   at Wed Mar 11 14:13:12 CET 2026
#@#%# recon-all-run-time-hours 0.294
recon-all -s sub-v2s16x51313_ses-1 finished without error at Wed Mar 11 14:13:12 CET 2026



#New# invocation of recon-all 




Wed Mar 11 14:36:48 CET 2026
cd /out/sourcedata/freesurfer/sub-v2s16x51313_ses-1
setenv SUBJECTS_DIR /out/sourcedata/freesurfer
/opt/freesurfer/bin/recon-all -autorecon-hemi lh -nohyporelabel -lh-only -openmp 16 -subjid sub-v2s16x51313_ses-1 -sd /out/sourcedata/freesurfer -notessellate -nosmooth1 -noinflate1 -noqsphere -nofix -nowhite -nosmooth2 -noinflate2 -nocurvHK -nocurvstats -nosphere -nosurfreg -nojacobian_white -noavgcurv -nocortparc -nopial -nocortparc2 -nocortparc3 -nopctsurfcon

subjid sub-v2s16x51313_ses-1
setenv SUBJECTS_DIR /out/sourcedata/freesurfer
FREESURFER_HOME /opt/freesurfer
Actual FREESURFER_HOME /opt/freesurfer
build-stamp.txt: freesurfer-linux-ubuntu22_x86_64-7.3.2-20220804-6354275
Linux dna020 5.14.0-427.37.1.el9_4.x86_64 #1 SMP PREEMPT_DYNAMIC Fri Sep 13 12:41:50 EDT 2024 x86_64 x86_64 x86_64 GNU/Linux
cputime      unlimited
filesize     unlimited
datasize     unlimited
stacksize    8192 kbytes
coredumpsize 0 kbytes
memoryuse    67108864 kbytes
vmemoryuse   unlimited
descriptors  1024 
memorylocked unlimited
maxproc      2061970 
maxlocks     unlimited
maxsignal    2061970 
maxmessage   819200 
maxnice      0 
maxrtprio    0 
maxrttime    unlimited

               total        used        free      shared  buff/cache   available
Mem:           503Gi        55Gi       311Gi        34Gi       137Gi       410Gi
Swap:             0B          0B          0B

########################################
program versions used
7.3.2 (freesurfer-linux-ubuntu22_x86_64-7.3.2-20220804-6354275)
7.3.2

ProgramName: lta_convert  ProgramArguments: lta_convert -all-info  ProgramVersion: 7.3.2  TimeStamp: 2026/03/11-13:36:48-GMT  BuildTime: Aug  4 2022 06:17:15  BuildStamp: freesurfer-linux-ubuntu22_x86_64-7.3.2-20220804-6354275  User: oesteban  Machine: dna020  Platform: Linux  PlatformVersion: 5.14.0-427.37.1.el9_4.x86_64  CompilerName: GCC  CompilerVersion: 8.4.0
ProgramName: mri_and  ProgramArguments: mri_and -all-info  ProgramVersion: 7.3.2  TimeStamp: 2026/03/11-13:36:48-GMT  BuildTime: Aug  4 2022 06:17:15  BuildStamp: freesurfer-linux-ubuntu22_x86_64-7.3.2-20220804-6354275  User: oesteban  Machine: dna020  Platform: Linux  PlatformVersion: 5.14.0-427.37.1.el9_4.x86_64  CompilerName: GCC  CompilerVersion: 8.4.0
ProgramName: mri_annotation2label  ProgramArguments: mri_annotation2label -all-info  ProgramVersion: 7.3.2  TimeStamp: 2026/03/11-13:36:48-GMT  BuildTime: Aug  4 2022 06:17:15  BuildStamp: freesurfer-linux-ubuntu22_x86_64-7.3.2-20220804-6354275  User: oesteban  Machine: dna020  Platform: Linux  PlatformVersion: 5.14.0-427.37.1.el9_4.x86_64  CompilerName: GCC  CompilerVersion: 8.4.0
ProgramName: mri_aparc2aseg  ProgramArguments: mri_aparc2aseg -all-info  ProgramVersion: 7.3.2  TimeStamp: 2026/03/11-13:36:48-GMT  BuildTime: Aug  4 2022 06:17:15  BuildStamp: freesurfer-linux-ubuntu22_x86_64-7.3.2-20220804-6354275  User: oesteban  Machine: dna020  Platform: Linux  PlatformVersion: 5.14.0-427.37.1.el9_4.x86_64  CompilerName: GCC  CompilerVersion: 8.4.0
ProgramName: mri_surf2volseg  ProgramArguments: mri_surf2volseg -all-info  ProgramVersion: 7.3.2  TimeStamp: 2026/03/11-13:36:48-GMT  BuildTime: Aug  4 2022 06:17:15  BuildStamp: freesurfer-linux-ubuntu22_x86_64-7.3.2-20220804-6354275  User: oesteban  Machine: dna020  Platform: Linux  PlatformVersion: 5.14.0-427.37.1.el9_4.x86_64  CompilerName: GCC  CompilerVersion: 8.4.0
ProgramName: mri_binarize  ProgramArguments: mri_binarize -all-info  ProgramVersion: 7.3.2  TimeStamp: 2026/03/11-13:36:48-GMT  BuildTime: Aug  4 2022 06:17:15  BuildStamp: freesurfer-linux-ubuntu22_x86_64-7.3.2-20220804-6354275  User: oesteban  Machine: dna020  Platform: Linux  PlatformVersion: 5.14.0-427.37.1.el9_4.x86_64  CompilerName: GCC  CompilerVersion: 8.4.0
ProgramName: mri_ca_label  ProgramArguments: mri_ca_label -all-info  ProgramVersion: 7.3.2  TimeStamp: 2026/03/11-13:36:48-GMT  BuildTime: Aug  4 2022 06:17:15  BuildStamp: freesurfer-linux-ubuntu22_x86_64-7.3.2-20220804-6354275  User: oesteban  Machine: dna020  Platform: Linux  PlatformVersion: 5.14.0-427.37.1.el9_4.x86_64  CompilerName: GCC  CompilerVersion: 8.4.0
ProgramName: mri_ca_normalize  ProgramArguments: mri_ca_normalize -all-info  ProgramVersion: 7.3.2  TimeStamp: 2026/03/11-13:36:48-GMT  BuildTime: Aug  4 2022 06:17:15  BuildStamp: freesurfer-linux-ubuntu22_x86_64-7.3.2-20220804-6354275  User: oesteban  Machine: dna020  Platform: Linux  PlatformVersion: 5.14.0-427.37.1.el9_4.x86_64  CompilerName: GCC  CompilerVersion: 8.4.0
ProgramName: mri_ca_register  ProgramArguments: mri_ca_register -all-info  ProgramVersion: 7.3.2  TimeStamp: 2026/03/11-13:36:48-GMT  BuildTime: Aug  4 2022 06:17:15  BuildStamp: freesurfer-linux-ubuntu22_x86_64-7.3.2-20220804-6354275  User: oesteban  Machine: dna020  Platform: Linux  PlatformVersion: 5.14.0-427.37.1.el9_4.x86_64  CompilerName: GCC  CompilerVersion: 8.4.0
ProgramName: mri_cc  ProgramArguments: mri_cc -all-info  ProgramVersion: 7.3.2  TimeStamp: 2026/03/11-13:36:48-GMT  BuildTime: Aug  4 2022 06:17:15  BuildStamp: freesurfer-linux-ubuntu22_x86_64-7.3.2-20220804-6354275  User: oesteban  Machine: dna020  Platform: Linux  PlatformVersion: 5.14.0-427.37.1.el9_4.x86_64  CompilerName: GCC  CompilerVersion: 8.4.0
ProgramName: mri_compute_overlap  ProgramArguments: mri_compute_overlap -all-info  ProgramVersion: 7.3.2  TimeStamp: 2026/03/11-13:36:48-GMT  BuildTime: Aug  4 2022 06:17:15  BuildStamp: freesurfer-linux-ubuntu22_x86_64-7.3.2-20220804-6354275  User: oesteban  Machine: dna020  Platform: Linux  PlatformVersion: 5.14.0-427.37.1.el9_4.x86_64  CompilerName: GCC  CompilerVersion: 8.4.0
ProgramName: mri_compute_seg_overlap  ProgramArguments: mri_compute_seg_overlap -all-info  ProgramVersion: 7.3.2  TimeStamp: 2026/03/11-13:36:48-GMT  BuildTime: Aug  4 2022 06:17:15  BuildStamp: freesurfer-linux-ubuntu22_x86_64-7.3.2-20220804-6354275  User: oesteban  Machine: dna020  Platform: Linux  PlatformVersion: 5.14.0-427.37.1.el9_4.x86_64  CompilerName: GCC  CompilerVersion: 8.4.0
ProgramName: mri_concat  ProgramArguments: mri_concat -all-info  ProgramVersion: 7.3.2  TimeStamp: 2026/03/11-13:36:48-GMT  BuildTime: Aug  4 2022 06:17:15  BuildStamp: freesurfer-linux-ubuntu22_x86_64-7.3.2-20220804-6354275  User: oesteban  Machine: dna020  Platform: Linux  PlatformVersion: 5.14.0-427.37.1.el9_4.x86_64  CompilerName: GCC  CompilerVersion: 8.4.0
ProgramName: mri_concatenate_lta  ProgramArguments: mri_concatenate_lta -all-info  ProgramVersion: 7.3.2  TimeStamp: 2026/03/11-13:36:48-GMT  BuildTime: Aug  4 2022 06:17:15  BuildStamp: freesurfer-linux-ubuntu22_x86_64-7.3.2-20220804-6354275  User: oesteban  Machine: dna020  Platform: Linux  PlatformVersion: 5.14.0-427.37.1.el9_4.x86_64  CompilerName: GCC  CompilerVersion: 8.4.0
mri_convert -all-info 
ProgramName: mri_convert  ProgramArguments: mri_convert -all-info  ProgramVersion: 7.3.2  TimeStamp: 2026/03/11-13:36:48-GMT  BuildTime: Aug  4 2022 06:17:15  BuildStamp: freesurfer-linux-ubuntu22_x86_64-7.3.2-20220804-6354275  User: oesteban  Machine: dna020  Platform: Linux  PlatformVersion: 5.14.0-427.37.1.el9_4.x86_64  CompilerName: GCC  CompilerVersion: 8.4.0
ProgramName: mri_diff  ProgramArguments: mri_diff -all-info  ProgramVersion: 7.3.2  TimeStamp: 2026/03/11-13:36:48-GMT  BuildTime: Aug  4 2022 06:17:15  BuildStamp: freesurfer-linux-ubuntu22_x86_64-7.3.2-20220804-6354275  User: oesteban  Machine: dna020  Platform: Linux  PlatformVersion: 5.14.0-427.37.1.el9_4.x86_64  CompilerName: GCC  CompilerVersion: 8.4.0
ProgramName: mri_edit_wm_with_aseg  ProgramArguments: mri_edit_wm_with_aseg -all-info  ProgramVersion: 7.3.2  TimeStamp: 2026/03/11-13:36:48-GMT  BuildTime: Aug  4 2022 06:17:15  BuildStamp: freesurfer-linux-ubuntu22_x86_64-7.3.2-20220804-6354275  User: oesteban  Machine: dna020  Platform: Linux  PlatformVersion: 5.14.0-427.37.1.el9_4.x86_64  CompilerName: GCC  CompilerVersion: 8.4.0
ProgramName: mri_em_register  ProgramArguments: mri_em_register -all-info  ProgramVersion: 7.3.2  TimeStamp: 2026/03/11-13:36:48-GMT  BuildTime: Aug  4 2022 06:17:15  BuildStamp: freesurfer-linux-ubuntu22_x86_64-7.3.2-20220804-6354275  User: oesteban  Machine: dna020  Platform: Linux  PlatformVersion: 5.14.0-427.37.1.el9_4.x86_64  CompilerName: GCC  CompilerVersion: 8.4.0
ProgramName: mri_fill  ProgramArguments: mri_fill -all-info  ProgramVersion: 7.3.2  TimeStamp: 2026/03/11-13:36:48-GMT  BuildTime: Aug  4 2022 06:17:15  BuildStamp: freesurfer-linux-ubuntu22_x86_64-7.3.2-20220804-6354275  User: oesteban  Machine: dna020  Platform: Linux  PlatformVersion: 5.14.0-427.37.1.el9_4.x86_64  CompilerName: GCC  CompilerVersion: 8.4.0
ProgramName: mri_fuse_segmentations  ProgramArguments: mri_fuse_segmentations -all-info  ProgramVersion: 7.3.2  TimeStamp: 2026/03/11-13:36:48-GMT  BuildTime: Aug  4 2022 06:17:15  BuildStamp: freesurfer-linux-ubuntu22_x86_64-7.3.2-20220804-6354275  User: oesteban  Machine: dna020  Platform: Linux  PlatformVersion: 5.14.0-427.37.1.el9_4.x86_64  CompilerName: GCC  CompilerVersion: 8.4.0
ProgramName: mri_fwhm  ProgramArguments: mri_fwhm -all-info  ProgramVersion: 7.3.2  TimeStamp: 2026/03/11-13:36:48-GMT  BuildTime: Aug  4 2022 06:17:15  BuildStamp: freesurfer-linux-ubuntu22_x86_64-7.3.2-20220804-6354275  User: oesteban  Machine: dna020  Platform: Linux  PlatformVersion: 5.14.0-427.37.1.el9_4.x86_64  CompilerName: GCC  CompilerVersion: 8.4.0
ProgramName: mri_gcut  ProgramArguments: mri_gcut -all-info  ProgramVersion: 7.3.2  TimeStamp: 2026/03/11-13:36:48-GMT  BuildTime: Aug  4 2022 06:17:15  BuildStamp: freesurfer-linux-ubuntu22_x86_64-7.3.2-20220804-6354275  User: oesteban  Machine: dna020  Platform: Linux  PlatformVersion: 5.14.0-427.37.1.el9_4.x86_64  CompilerName: GCC  CompilerVersion: 8.4.0
ProgramName: mri_info  ProgramArguments: mri_info -all-info  ProgramVersion: 7.3.2  TimeStamp: 2026/03/11-13:36:48-GMT  BuildTime: Aug  4 2022 06:17:15  BuildStamp: freesurfer-linux-ubuntu22_x86_64-7.3.2-20220804-6354275  User: oesteban  Machine: dna020  Platform: Linux  PlatformVersion: 5.14.0-427.37.1.el9_4.x86_64  CompilerName: GCC  CompilerVersion: 8.4.0
ProgramName: mri_label2label  ProgramArguments: mri_label2label -all-info  ProgramVersion: 7.3.2  TimeStamp: 2026/03/11-13:36:48-GMT  BuildTime: Aug  4 2022 06:17:15  BuildStamp: freesurfer-linux-ubuntu22_x86_64-7.3.2-20220804-6354275  User: oesteban  Machine: dna020  Platform: Linux  PlatformVersion: 5.14.0-427.37.1.el9_4.x86_64  CompilerName: GCC  CompilerVersion: 8.4.0
ProgramName: mri_label2vol  ProgramArguments: mri_label2vol -all-info  ProgramVersion: 7.3.2  TimeStamp: 2026/03/11-13:36:48-GMT  BuildTime: Aug  4 2022 06:17:15  BuildStamp: freesurfer-linux-ubuntu22_x86_64-7.3.2-20220804-6354275  User: oesteban  Machine: dna020  Platform: Linux  PlatformVersion: 5.14.0-427.37.1.el9_4.x86_64  CompilerName: GCC  CompilerVersion: 8.4.0
ProgramName: mri_log_likelihood  ProgramArguments: mri_log_likelihood -all-info  ProgramVersion: 7.3.2  TimeStamp: 2026/03/11-13:36:48-GMT  BuildTime: Aug  4 2022 06:17:15  BuildStamp: freesurfer-linux-ubuntu22_x86_64-7.3.2-20220804-6354275  User: oesteban  Machine: dna020  Platform: Linux  PlatformVersion: 5.14.0-427.37.1.el9_4.x86_64  CompilerName: GCC  CompilerVersion: 8.4.0
ProgramName: mri_mask  ProgramArguments: mri_mask -all-info  ProgramVersion: 7.3.2  TimeStamp: 2026/03/11-13:36:48-GMT  BuildTime: Aug  4 2022 06:17:15  BuildStamp: freesurfer-linux-ubuntu22_x86_64-7.3.2-20220804-6354275  User: oesteban  Machine: dna020  Platform: Linux  PlatformVersion: 5.14.0-427.37.1.el9_4.x86_64  CompilerName: GCC  CompilerVersion: 8.4.0
ProgramName: mri_matrix_multiply  ProgramArguments: mri_matrix_multiply -all-info  ProgramVersion: 7.3.2  TimeStamp: 2026/03/11-13:36:48-GMT  BuildTime: Aug  4 2022 06:17:15  BuildStamp: freesurfer-linux-ubuntu22_x86_64-7.3.2-20220804-6354275  User: oesteban  Machine: dna020  Platform: Linux  PlatformVersion: 5.14.0-427.37.1.el9_4.x86_64  CompilerName: GCC  CompilerVersion: 8.4.0
ProgramName: mri_normalize  ProgramArguments: mri_normalize -all-info  ProgramVersion: 7.3.2  TimeStamp: 2026/03/11-13:36:48-GMT  BuildTime: Aug  4 2022 06:17:15  BuildStamp: freesurfer-linux-ubuntu22_x86_64-7.3.2-20220804-6354275  User: oesteban  Machine: dna020  Platform: Linux  PlatformVersion: 5.14.0-427.37.1.el9_4.x86_64  CompilerName: GCC  CompilerVersion: 8.4.0
ProgramName: mri_normalize_tp2  ProgramArguments: mri_normalize_tp2 -all-info  ProgramVersion: 7.3.2  TimeStamp: 2026/03/11-13:36:48-GMT  BuildTime: Aug  4 2022 06:17:15  BuildStamp: freesurfer-linux-ubuntu22_x86_64-7.3.2-20220804-6354275  User: oesteban  Machine: dna020  Platform: Linux  PlatformVersion: 5.14.0-427.37.1.el9_4.x86_64  CompilerName: GCC  CompilerVersion: 8.4.0
ProgramName: mri_or  ProgramArguments: mri_or -all-info  ProgramVersion: 7.3.2  TimeStamp: 2026/03/11-13:36:48-GMT  BuildTime: Aug  4 2022 06:17:15  BuildStamp: freesurfer-linux-ubuntu22_x86_64-7.3.2-20220804-6354275  User: oesteban  Machine: dna020  Platform: Linux  PlatformVersion: 5.14.0-427.37.1.el9_4.x86_64  CompilerName: GCC  CompilerVersion: 8.4.0
ProgramName: mri_relabel_hypointensities  ProgramArguments: mri_relabel_hypointensities -all-info  ProgramVersion: 7.3.2  TimeStamp: 2026/03/11-13:36:48-GMT  BuildTime: Aug  4 2022 06:17:15  BuildStamp: freesurfer-linux-ubuntu22_x86_64-7.3.2-20220804-6354275  User: oesteban  Machine: dna020  Platform: Linux  PlatformVersion: 5.14.0-427.37.1.el9_4.x86_64  CompilerName: GCC  CompilerVersion: 8.4.0
ProgramName: mri_relabel_nonwm_hypos  ProgramArguments: mri_relabel_nonwm_hypos -all-info  ProgramVersion: 7.3.2  TimeStamp: 2026/03/11-13:36:48-GMT  BuildTime: Aug  4 2022 06:17:15  BuildStamp: freesurfer-linux-ubuntu22_x86_64-7.3.2-20220804-6354275  User: oesteban  Machine: dna020  Platform: Linux  PlatformVersion: 5.14.0-427.37.1.el9_4.x86_64  CompilerName: GCC  CompilerVersion: 8.4.0
ProgramName: mri_remove_neck  ProgramArguments: mri_remove_neck -all-info  ProgramVersion: 7.3.2  TimeStamp: 2026/03/11-13:36:48-GMT  BuildTime: Aug  4 2022 06:17:15  BuildStamp: freesurfer-linux-ubuntu22_x86_64-7.3.2-20220804-6354275  User: oesteban  Machine: dna020  Platform: Linux  PlatformVersion: 5.14.0-427.37.1.el9_4.x86_64  CompilerName: GCC  CompilerVersion: 8.4.0
7.3.2

ProgramName: mri_robust_register  ProgramArguments: mri_robust_register -all-info  ProgramVersion: 7.3.2  TimeStamp: 2026/03/11-13:36:48-GMT  BuildTime: Aug  4 2022 06:17:15  BuildStamp: freesurfer-linux-ubuntu22_x86_64-7.3.2-20220804-6354275  User: oesteban  Machine: dna020  Platform: Linux  PlatformVersion: 5.14.0-427.37.1.el9_4.x86_64  CompilerName: GCC  CompilerVersion: 8.4.0
7.3.2

ProgramName: mri_robust_template  ProgramArguments: mri_robust_template -all-info  ProgramVersion: 7.3.2  TimeStamp: 2026/03/11-13:36:48-GMT  BuildTime: Aug  4 2022 06:17:15  BuildStamp: freesurfer-linux-ubuntu22_x86_64-7.3.2-20220804-6354275  User: oesteban  Machine: dna020  Platform: Linux  PlatformVersion: 5.14.0-427.37.1.el9_4.x86_64  CompilerName: GCC  CompilerVersion: 8.4.0
ProgramName: mris_anatomical_stats  ProgramArguments: mris_anatomical_stats -all-info  ProgramVersion: 7.3.2  TimeStamp: 2026/03/11-13:36:48-GMT  BuildTime: Aug  4 2022 06:17:15  BuildStamp: freesurfer-linux-ubuntu22_x86_64-7.3.2-20220804-6354275  User: oesteban  Machine: dna020  Platform: Linux  PlatformVersion: 5.14.0-427.37.1.el9_4.x86_64  CompilerName: GCC  CompilerVersion: 8.4.0
ProgramName: mris_ca_label  ProgramArguments: mris_ca_label -all-info  ProgramVersion: 7.3.2  TimeStamp: 2026/03/11-13:36:48-GMT  BuildTime: Aug  4 2022 06:17:15  BuildStamp: freesurfer-linux-ubuntu22_x86_64-7.3.2-20220804-6354275  User: oesteban  Machine: dna020  Platform: Linux  PlatformVersion: 5.14.0-427.37.1.el9_4.x86_64  CompilerName: GCC  CompilerVersion: 8.4.0
ProgramName: mris_calc  ProgramArguments: mris_calc -all-info  ProgramVersion: 7.3.2  TimeStamp: 2026/03/11-13:36:48-GMT  BuildTime: Aug  4 2022 06:17:15  BuildStamp: freesurfer-linux-ubuntu22_x86_64-7.3.2-20220804-6354275  User: oesteban  Machine: dna020  Platform: Linux  PlatformVersion: 5.14.0-427.37.1.el9_4.x86_64  CompilerName: GCC  CompilerVersion: 8.4.0
ProgramName: mris_convert  ProgramArguments: mris_convert -all-info  ProgramVersion: 7.3.2  TimeStamp: 2026/03/11-13:36:48-GMT  BuildTime: Aug  4 2022 06:17:15  BuildStamp: freesurfer-linux-ubuntu22_x86_64-7.3.2-20220804-6354275  User: oesteban  Machine: dna020  Platform: Linux  PlatformVersion: 5.14.0-427.37.1.el9_4.x86_64  CompilerName: GCC  CompilerVersion: 8.4.0
ProgramName: mris_curvature  ProgramArguments: mris_curvature -all-info  ProgramVersion: 7.3.2  TimeStamp: 2026/03/11-13:36:48-GMT  BuildTime: Aug  4 2022 06:17:15  BuildStamp: freesurfer-linux-ubuntu22_x86_64-7.3.2-20220804-6354275  User: oesteban  Machine: dna020  Platform: Linux  PlatformVersion: 5.14.0-427.37.1.el9_4.x86_64  CompilerName: GCC  CompilerVersion: 8.4.0
ProgramName: mris_curvature_stats  ProgramArguments: mris_curvature_stats -all-info  ProgramVersion: 7.3.2  TimeStamp: 2026/03/11-13:36:48-GMT  BuildTime: Aug  4 2022 06:17:15  BuildStamp: freesurfer-linux-ubuntu22_x86_64-7.3.2-20220804-6354275  User: oesteban  Machine: dna020  Platform: Linux  PlatformVersion: 5.14.0-427.37.1.el9_4.x86_64  CompilerName: GCC  CompilerVersion: 8.4.0
ProgramName: mris_diff  ProgramArguments: mris_diff -all-info  ProgramVersion: 7.3.2  TimeStamp: 2026/03/11-13:36:48-GMT  BuildTime: Aug  4 2022 06:17:15  BuildStamp: freesurfer-linux-ubuntu22_x86_64-7.3.2-20220804-6354275  User: oesteban  Machine: dna020  Platform: Linux  PlatformVersion: 5.14.0-427.37.1.el9_4.x86_64  CompilerName: GCC  CompilerVersion: 8.4.0
ProgramName: mris_divide_parcellation  ProgramArguments: mris_divide_parcellation -all-info  ProgramVersion: 7.3.2  TimeStamp: 2026/03/11-13:36:48-GMT  BuildTime: Aug  4 2022 06:17:15  BuildStamp: freesurfer-linux-ubuntu22_x86_64-7.3.2-20220804-6354275  User: oesteban  Machine: dna020  Platform: Linux  PlatformVersion: 5.14.0-427.37.1.el9_4.x86_64  CompilerName: GCC  CompilerVersion: 8.4.0
ProgramName: mri_segment  ProgramArguments: mri_segment -all-info  ProgramVersion: 7.3.2  TimeStamp: 2026/03/11-13:36:48-GMT  BuildTime: Aug  4 2022 06:17:15  BuildStamp: freesurfer-linux-ubuntu22_x86_64-7.3.2-20220804-6354275  User: oesteban  Machine: dna020  Platform: Linux  PlatformVersion: 5.14.0-427.37.1.el9_4.x86_64  CompilerName: GCC  CompilerVersion: 8.4.0
ProgramName: mri_segstats  ProgramArguments: mri_segstats -all-info  ProgramVersion: 7.3.2  TimeStamp: 2026/03/11-13:36:48-GMT  BuildTime: Aug  4 2022 06:17:15  BuildStamp: freesurfer-linux-ubuntu22_x86_64-7.3.2-20220804-6354275  User: oesteban  Machine: dna020  Platform: Linux  PlatformVersion: 5.14.0-427.37.1.el9_4.x86_64  CompilerName: GCC  CompilerVersion: 8.4.0
ProgramName: mris_euler_number  ProgramArguments: mris_euler_number -all-info  ProgramVersion: 7.3.2  TimeStamp: 2026/03/11-13:36:48-GMT  BuildTime: Aug  4 2022 06:17:15  BuildStamp: freesurfer-linux-ubuntu22_x86_64-7.3.2-20220804-6354275  User: oesteban  Machine: dna020  Platform: Linux  PlatformVersion: 5.14.0-427.37.1.el9_4.x86_64  CompilerName: GCC  CompilerVersion: 8.4.0
ProgramName: mris_fix_topology  ProgramArguments: mris_fix_topology -all-info  ProgramVersion: 7.3.2  TimeStamp: 2026/03/11-13:36:48-GMT  BuildTime: Aug  4 2022 06:17:15  BuildStamp: freesurfer-linux-ubuntu22_x86_64-7.3.2-20220804-6354275  User: oesteban  Machine: dna020  Platform: Linux  PlatformVersion: 5.14.0-427.37.1.el9_4.x86_64  CompilerName: GCC  CompilerVersion: 8.4.0
ProgramName: mris_topo_fixer  ProgramArguments: mris_topo_fixer -all-info  ProgramVersion: 7.3.2  TimeStamp: 2026/03/11-13:36:48-GMT  BuildTime: Aug  4 2022 06:17:15  BuildStamp: freesurfer-linux-ubuntu22_x86_64-7.3.2-20220804-6354275  User: oesteban  Machine: dna020  Platform: Linux  PlatformVersion: 5.14.0-427.37.1.el9_4.x86_64  CompilerName: GCC  CompilerVersion: 8.4.0
ProgramName: mris_jacobian  ProgramArguments: mris_jacobian -all-info  ProgramVersion: 7.3.2  TimeStamp: 2026/03/11-13:36:48-GMT  BuildTime: Aug  4 2022 06:17:15  BuildStamp: freesurfer-linux-ubuntu22_x86_64-7.3.2-20220804-6354275  User: oesteban  Machine: dna020  Platform: Linux  PlatformVersion: 5.14.0-427.37.1.el9_4.x86_64  CompilerName: GCC  CompilerVersion: 8.4.0
ProgramName: mris_label2annot  ProgramArguments: mris_label2annot -all-info  ProgramVersion: 7.3.2  TimeStamp: 2026/03/11-13:36:48-GMT  BuildTime: Aug  4 2022 06:17:15  BuildStamp: freesurfer-linux-ubuntu22_x86_64-7.3.2-20220804-6354275  User: oesteban  Machine: dna020  Platform: Linux  PlatformVersion: 5.14.0-427.37.1.el9_4.x86_64  CompilerName: GCC  CompilerVersion: 8.4.0
ProgramName: mris_left_right_register  ProgramArguments: mris_left_right_register -all-info  ProgramVersion: 7.3.2  TimeStamp: 2026/03/11-13:36:48-GMT  BuildTime: Aug  4 2022 06:17:15  BuildStamp: freesurfer-linux-ubuntu22_x86_64-7.3.2-20220804-6354275  User: oesteban  Machine: dna020  Platform: Linux  PlatformVersion: 5.14.0-427.37.1.el9_4.x86_64  CompilerName: GCC  CompilerVersion: 8.4.0
ProgramName: mris_place_surface  ProgramArguments: mris_place_surface -all-info  ProgramVersion: 7.3.2  TimeStamp: 2026/03/11-13:36:48-GMT  BuildTime: Aug  4 2022 06:17:15  BuildStamp: freesurfer-linux-ubuntu22_x86_64-7.3.2-20220804-6354275  User: oesteban  Machine: dna020  Platform: Linux  PlatformVersion: 5.14.0-427.37.1.el9_4.x86_64  CompilerName: GCC  CompilerVersion: 8.4.0
ProgramName: mrisp_paint  ProgramArguments: mrisp_paint -all-info  ProgramVersion: 7.3.2  TimeStamp: 2026/03/11-13:36:48-GMT  BuildTime: Aug  4 2022 06:17:15  BuildStamp: freesurfer-linux-ubuntu22_x86_64-7.3.2-20220804-6354275  User: oesteban  Machine: dna020  Platform: Linux  PlatformVersion: 5.14.0-427.37.1.el9_4.x86_64  CompilerName: GCC  CompilerVersion: 8.4.0
ProgramName: mris_register  ProgramArguments: mris_register -all-info  ProgramVersion: 7.3.2  TimeStamp: 2026/03/11-13:36:48-GMT  BuildTime: Aug  4 2022 06:17:15  BuildStamp: freesurfer-linux-ubuntu22_x86_64-7.3.2-20220804-6354275  User: oesteban  Machine: dna020  Platform: Linux  PlatformVersion: 5.14.0-427.37.1.el9_4.x86_64  CompilerName: GCC  CompilerVersion: 8.4.0
ProgramName: mris_smooth  ProgramArguments: mris_smooth -all-info  ProgramVersion: 7.3.2  TimeStamp: 2026/03/11-13:36:48-GMT  BuildTime: Aug  4 2022 06:17:15  BuildStamp: freesurfer-linux-ubuntu22_x86_64-7.3.2-20220804-6354275  User: oesteban  Machine: dna020  Platform: Linux  PlatformVersion: 5.14.0-427.37.1.el9_4.x86_64  CompilerName: GCC  CompilerVersion: 8.4.0
ProgramName: mris_sphere  ProgramArguments: mris_sphere -all-info  ProgramVersion: 7.3.2  TimeStamp: 2026/03/11-13:36:48-GMT  BuildTime: Aug  4 2022 06:17:15  BuildStamp: freesurfer-linux-ubuntu22_x86_64-7.3.2-20220804-6354275  User: oesteban  Machine: dna020  Platform: Linux  PlatformVersion: 5.14.0-427.37.1.el9_4.x86_64  CompilerName: GCC  CompilerVersion: 8.4.0
ProgramName: mris_surface_stats  ProgramArguments: mris_surface_stats -all-info  ProgramVersion: 7.3.2  TimeStamp: 2026/03/11-13:36:48-GMT  BuildTime: Aug  4 2022 06:17:15  BuildStamp: freesurfer-linux-ubuntu22_x86_64-7.3.2-20220804-6354275  User: oesteban  Machine: dna020  Platform: Linux  PlatformVersion: 5.14.0-427.37.1.el9_4.x86_64  CompilerName: GCC  CompilerVersion: 8.4.0
ProgramName: mri_stats2seg  ProgramArguments: mri_stats2seg -all-info  ProgramVersion: 7.3.2  TimeStamp: 2026/03/11-13:36:48-GMT  BuildTime: Aug  4 2022 06:17:15  BuildStamp: freesurfer-linux-ubuntu22_x86_64-7.3.2-20220804-6354275  User: oesteban  Machine: dna020  Platform: Linux  PlatformVersion: 5.14.0-427.37.1.el9_4.x86_64  CompilerName: GCC  CompilerVersion: 8.4.0
ProgramName: mris_thickness  ProgramArguments: mris_thickness -all-info  ProgramVersion: 7.3.2  TimeStamp: 2026/03/11-13:36:48-GMT  BuildTime: Aug  4 2022 06:17:15  BuildStamp: freesurfer-linux-ubuntu22_x86_64-7.3.2-20220804-6354275  User: oesteban  Machine: dna020  Platform: Linux  PlatformVersion: 5.14.0-427.37.1.el9_4.x86_64  CompilerName: GCC  CompilerVersion: 8.4.0
ProgramName: mris_thickness_diff  ProgramArguments: mris_thickness_diff -all-info  ProgramVersion: 7.3.2  TimeStamp: 2026/03/11-13:36:48-GMT  BuildTime: Aug  4 2022 06:17:15  BuildStamp: freesurfer-linux-ubuntu22_x86_64-7.3.2-20220804-6354275  User: oesteban  Machine: dna020  Platform: Linux  PlatformVersion: 5.14.0-427.37.1.el9_4.x86_64  CompilerName: GCC  CompilerVersion: 8.4.0
ProgramName: mris_topo_fixer  ProgramArguments: mris_topo_fixer -all-info  ProgramVersion: 7.3.2  TimeStamp: 2026/03/11-13:36:48-GMT  BuildTime: Aug  4 2022 06:17:15  BuildStamp: freesurfer-linux-ubuntu22_x86_64-7.3.2-20220804-6354275  User: oesteban  Machine: dna020  Platform: Linux  PlatformVersion: 5.14.0-427.37.1.el9_4.x86_64  CompilerName: GCC  CompilerVersion: 8.4.0
ProgramName: mri_surf2surf  ProgramArguments: mri_surf2surf -all-info  ProgramVersion: 7.3.2  TimeStamp: 2026/03/11-13:36:48-GMT  BuildTime: Aug  4 2022 06:17:15  BuildStamp: freesurfer-linux-ubuntu22_x86_64-7.3.2-20220804-6354275  User: oesteban  Machine: dna020  Platform: Linux  PlatformVersion: 5.14.0-427.37.1.el9_4.x86_64  CompilerName: GCC  CompilerVersion: 8.4.0
ProgramName: mri_surf2vol  ProgramArguments: mri_surf2vol -all-info  ProgramVersion: 7.3.2  TimeStamp: 2026/03/11-13:36:48-GMT  BuildTime: Aug  4 2022 06:17:15  BuildStamp: freesurfer-linux-ubuntu22_x86_64-7.3.2-20220804-6354275  User: oesteban  Machine: dna020  Platform: Linux  PlatformVersion: 5.14.0-427.37.1.el9_4.x86_64  CompilerName: GCC  CompilerVersion: 8.4.0
ProgramName: mri_surfcluster  ProgramArguments: mri_surfcluster -all-info  ProgramVersion: 7.3.2  TimeStamp: 2026/03/11-13:36:48-GMT  BuildTime: Aug  4 2022 06:17:15  BuildStamp: freesurfer-linux-ubuntu22_x86_64-7.3.2-20220804-6354275  User: oesteban  Machine: dna020  Platform: Linux  PlatformVersion: 5.14.0-427.37.1.el9_4.x86_64  CompilerName: GCC  CompilerVersion: 8.4.0
ProgramName: mris_volmask  ProgramArguments: mris_volmask -all-info  ProgramVersion: 7.3.2  TimeStamp: 2026/03/11-13:36:48-GMT  BuildTime: Aug  4 2022 06:17:15  BuildStamp: freesurfer-linux-ubuntu22_x86_64-7.3.2-20220804-6354275  User: oesteban  Machine: dna020  Platform: Linux  PlatformVersion: 5.14.0-427.37.1.el9_4.x86_64  CompilerName: GCC  CompilerVersion: 8.4.0
ProgramName: mri_tessellate  ProgramArguments: mri_tessellate -all-info  ProgramVersion: 7.3.2  TimeStamp: 2026/03/11-13:36:48-GMT  BuildTime: Aug  4 2022 06:17:15  BuildStamp: freesurfer-linux-ubuntu22_x86_64-7.3.2-20220804-6354275  User: oesteban  Machine: dna020  Platform: Linux  PlatformVersion: 5.14.0-427.37.1.el9_4.x86_64  CompilerName: GCC  CompilerVersion: 8.4.0
ProgramName: mri_vol2surf  ProgramArguments: mri_vol2surf -all-info  ProgramVersion: 7.3.2  TimeStamp: 2026/03/11-13:36:48-GMT  BuildTime: Aug  4 2022 06:17:15  BuildStamp: freesurfer-linux-ubuntu22_x86_64-7.3.2-20220804-6354275  User: oesteban  Machine: dna020  Platform: Linux  PlatformVersion: 5.14.0-427.37.1.el9_4.x86_64  CompilerName: GCC  CompilerVersion: 8.4.0
ProgramName: mri_vol2vol  ProgramArguments: mri_vol2vol -all-info  ProgramVersion: 7.3.2  TimeStamp: 2026/03/11-13:36:48-GMT  BuildTime: Aug  4 2022 06:17:15  BuildStamp: freesurfer-linux-ubuntu22_x86_64-7.3.2-20220804-6354275  User: oesteban  Machine: dna020  Platform: Linux  PlatformVersion: 5.14.0-427.37.1.el9_4.x86_64  CompilerName: GCC  CompilerVersion: 8.4.0
ProgramName: mri_voldiff  ProgramArguments: mri_voldiff -all-info  ProgramVersion: 7.3.2  TimeStamp: 2026/03/11-13:36:48-GMT  BuildTime: Aug  4 2022 06:17:15  BuildStamp: freesurfer-linux-ubuntu22_x86_64-7.3.2-20220804-6354275  User: oesteban  Machine: dna020  Platform: Linux  PlatformVersion: 5.14.0-427.37.1.el9_4.x86_64  CompilerName: GCC  CompilerVersion: 8.4.0
ProgramName: mri_watershed  ProgramArguments: mri_watershed -all-info  ProgramVersion: 7.3.2  TimeStamp: 2026/03/11-13:36:48-GMT  BuildTime: Aug  4 2022 06:17:15  BuildStamp: freesurfer-linux-ubuntu22_x86_64-7.3.2-20220804-6354275  User: oesteban  Machine: dna020  Platform: Linux  PlatformVersion: 5.14.0-427.37.1.el9_4.x86_64  CompilerName: GCC  CompilerVersion: 8.4.0
ProgramName: tkregister2  ProgramArguments: tkregister2_cmdl -all-info  ProgramVersion: 7.3.2  TimeStamp: 2026/03/11-13:36:48-GMT  BuildTime: Aug  4 2022 06:17:15  BuildStamp: freesurfer-linux-ubuntu22_x86_64-7.3.2-20220804-6354275  User: oesteban  Machine: dna020  Platform: Linux  PlatformVersion: 5.14.0-427.37.1.el9_4.x86_64  CompilerName: GCC  CompilerVersion: 8.4.0
mri_motion_correct.fsl 7.3.2
mri_convert -all-info 
ProgramName: mri_convert  ProgramArguments: mri_convert -all-info  ProgramVersion: 7.3.2  TimeStamp: 2026/03/11-13:36:48-GMT  BuildTime: Aug  4 2022 06:17:15  BuildStamp: freesurfer-linux-ubuntu22_x86_64-7.3.2-20220804-6354275  User: oesteban  Machine: dna020  Platform: Linux  PlatformVersion: 5.14.0-427.37.1.el9_4.x86_64  CompilerName: GCC  CompilerVersion: 8.4.0
Program nu_correct, built from:
Package MNI N3, version 1.12.0, compiled by nicks@terrier (x86_64-unknown-linux-gnu) on 2015-06-19 at 01:25:34
#######################################
GCADIR /opt/freesurfer/average
GCA RB_all_2020-01-02.gca
GCASkull RB_all_withskull_2020_01_02.gca
AvgCurvTif folding.atlas.acfb40.noaparc.i12.2016-08-02.tif
GCSDIR /opt/freesurfer/average
GCS DKaparc.atlas.acfb40.noaparc.i12.2016-08-02.gcs
#######################################
#--------------------------------------------
#@# AutoDetGWStats lh Wed Mar 11 14:36:48 CET 2026
cd /out/sourcedata/freesurfer/sub-v2s16x51313_ses-1/mri
mris_autodet_gwstats --o ../surf/autodet.gw.stats.lh.dat --i brain.finalsurfs.mgz --wm wm.mgz --surf ../surf/lh.orig.premesh
  Update not needed
#--------------------------------------------
#@# WhitePreAparc lh Wed Mar 11 14:36:48 CET 2026
cd /out/sourcedata/freesurfer/sub-v2s16x51313_ses-1/mri
mris_place_surface --adgws-in ../surf/autodet.gw.stats.lh.dat --wm wm.mgz --threads 16 --invol brain.finalsurfs.mgz --lh --i ../surf/lh.orig --o ../surf/lh.white.preaparc --white --seg aseg.presurf.mgz --nsmooth 5
   Update not needed
#--------------------------------------------
#@# CortexLabel lh Wed Mar 11 14:36:48 CET 2026
cd /out/sourcedata/freesurfer/sub-v2s16x51313_ses-1/mri
mri_label2label --label-cortex ../surf/lh.white.preaparc aseg.presurf.mgz 0 ../label/lh.cortex.label
   Update not needed
#--------------------------------------------
#@# CortexLabel+HipAmyg lh Wed Mar 11 14:36:48 CET 2026
cd /out/sourcedata/freesurfer/sub-v2s16x51313_ses-1/mri
mri_label2label --label-cortex ../surf/lh.white.preaparc aseg.presurf.mgz 1 ../label/lh.cortex+hipamyg.label
   Update not needed
#@# white curv lh Wed Mar 11 14:36:48 CET 2026
cd /out/sourcedata/freesurfer/sub-v2s16x51313_ses-1/mri
mris_place_surface --curv-map ../surf/lh.white 2 10 ../surf/lh.curv
   Update not needed
#@# white area lh Wed Mar 11 14:36:48 CET 2026
cd /out/sourcedata/freesurfer/sub-v2s16x51313_ses-1/mri
mris_place_surface --area-map ../surf/lh.white ../surf/lh.area
   Update not needed
#@# pial curv lh Wed Mar 11 14:36:48 CET 2026
cd /out/sourcedata/freesurfer/sub-v2s16x51313_ses-1/mri
mris_place_surface --curv-map ../surf/lh.pial 2 10 ../surf/lh.curv.pial
   Update not needed
#@# pial area lh Wed Mar 11 14:36:48 CET 2026
cd /out/sourcedata/freesurfer/sub-v2s16x51313_ses-1/mri
mris_place_surface --area-map ../surf/lh.pial ../surf/lh.area.pial
   Update not needed
#@# thickness lh Wed Mar 11 14:36:48 CET 2026
cd /out/sourcedata/freesurfer/sub-v2s16x51313_ses-1/mri
mris_place_surface --thickness ../surf/lh.white ../surf/lh.pial 20 5 ../surf/lh.thickness
   Update not needed
#@# area and vertex vol lh Wed Mar 11 14:36:48 CET 2026
cd /out/sourcedata/freesurfer/sub-v2s16x51313_ses-1/mri
mris_place_surface --thickness ../surf/lh.white ../surf/lh.pial 20 5 ../surf/lh.thickness
   Update not needed
#-----------------------------------------
#@# Parcellation Stats lh Wed Mar 11 14:36:48 CET 2026
/out/sourcedata/freesurfer/sub-v2s16x51313_ses-1/scripts

 mris_anatomical_stats -th3 -mgz -noglobal -cortex ../label/lh.cortex.label -f ../stats/lh.aparc.stats -b -a ../label/lh.aparc.annot -c ../label/aparc.annot.ctab sub-v2s16x51313_ses-1 lh white 

computing statistics for each annotation in ../label/lh.aparc.annot.
reading volume /out/sourcedata/freesurfer/sub-v2s16x51313_ses-1/mri/wm.mgz...
reading input surface /out/sourcedata/freesurfer/sub-v2s16x51313_ses-1/surf/lh.white...
reading input pial surface /out/sourcedata/freesurfer/sub-v2s16x51313_ses-1/surf/lh.pial...
reading input white surface /out/sourcedata/freesurfer/sub-v2s16x51313_ses-1/surf/lh.white...
INFO: using TH3 volume calc
INFO: assuming MGZ format for volumes.
INFO: not computing global stats
INFO: using ../label/lh.cortex.label as mask to calc cortex NumVert, SurfArea and MeanThickness.
Using TH3 vertex volume calc
Total face volume 266589
Total vertex volume 266341 (mask=0)
Saving annotation colortable ../label/aparc.annot.ctab

table columns are:
    number of vertices
    total surface area (mm^2)
    total gray matter volume (mm^3)
    average cortical thickness +- standard deviation (mm)
    integrated rectified mean curvature
    integrated rectified Gaussian curvature
    folding index
    intrinsic curvature index
    structure name

 1519   1019   2617  2.421 0.513     0.073     0.010        6     0.6  bankssts
  811    575   2179  3.201 0.798     0.135     0.026       13     1.0  caudalanteriorcingulate
 3828   2648   7313  2.595 0.535     0.106     0.019       29     3.0  caudalmiddlefrontal
 2411   1761   3808  2.041 0.452     0.137     0.026       30     2.7  cuneus
  510    346   2061  3.638 0.841     0.113     0.026        5     0.5  entorhinal
 4412   3160  11140  2.863 0.741     0.123     0.025       50     4.7  fusiform
 5997   4261  12390  2.565 0.688     0.122     0.023       65     5.7  inferiorparietal
 4284   3146  10548  2.962 0.660     0.114     0.021       47     3.8  inferiortemporal
 1412    956   2995  2.948 0.705     0.117     0.022       13     1.4  isthmuscingulate
 8780   6230  15806  2.323 0.569     0.134     0.027       97    10.1  lateraloccipital
 3276   2361   7510  2.916 0.754     0.124     0.029       33     4.5  lateralorbitofrontal
 4678   3556   8238  2.255 0.705     0.145     0.030       57     6.3  lingual
 2415   1750   5612  2.800 0.799     0.118     0.030       27     2.5  medialorbitofrontal
 4607   3317  12154  2.960 0.679     0.115     0.024       51     4.5  middletemporal
 1172    713   2599  2.998 0.905     0.071     0.009        5     0.4  parahippocampal
 2266   1485   4327  2.708 0.578     0.095     0.015       15     1.4  paracentral
 1786   1251   3918  2.674 0.565     0.108     0.018       13     1.4  parsopercularis
  869    645   2469  2.609 0.928     0.138     0.030       10     1.2  parsorbitalis
 1383    999   2969  2.346 0.751     0.122     0.028       14     1.6  parstriangularis
 2376   1706   2686  1.752 0.499     0.139     0.029       29     3.0  pericalcarine
 9166   6338  15986  2.244 0.726     0.117     0.020       86     8.0  postcentral
 1365    936   2797  2.819 0.620     0.112     0.019       15     1.2  posteriorcingulate
 8232   5510  15619  2.600 0.584     0.107     0.018       61     6.3  precentral
 6086   4225  12202  2.581 0.616     0.111     0.020       57     5.2  precuneus
 1376   1003   4198  3.443 0.839     0.125     0.026       15     1.7  rostralanteriorcingulate
 7487   5616  15652  2.355 0.643     0.132     0.031       94    10.0  rostralmiddlefrontal
10048   7044  23940  3.024 0.749     0.113     0.023       84     9.3  superiorfrontal
 7373   5119  12396  2.254 0.562     0.114     0.019       68     6.0  superiorparietal
 6538   4670  15565  2.928 0.649     0.113     0.021       65     5.8  superiortemporal
 5686   3977  12494  2.791 0.622     0.111     0.020       52     4.9  supramarginal
  326    282    953  2.441 0.689     0.176     0.044        7     0.7  frontalpole
  541    466   2320  3.633 0.714     0.151     0.036        8     1.0  temporalpole
 1006    695   1939  2.536 0.373     0.132     0.023       14     0.8  transversetemporal
 3162   2098   6941  3.229 0.795     0.093     0.019       18     2.4  insula

 mris_anatomical_stats -th3 -mgz -noglobal -cortex ../label/lh.cortex.label -f ../stats/lh.aparc.pial.stats -b -a ../label/lh.aparc.annot -c ../label/aparc.annot.ctab sub-v2s16x51313_ses-1 lh pial 

computing statistics for each annotation in ../label/lh.aparc.annot.
reading volume /out/sourcedata/freesurfer/sub-v2s16x51313_ses-1/mri/wm.mgz...
reading input surface /out/sourcedata/freesurfer/sub-v2s16x51313_ses-1/surf/lh.pial...
reading input pial surface /out/sourcedata/freesurfer/sub-v2s16x51313_ses-1/surf/lh.pial...
reading input white surface /out/sourcedata/freesurfer/sub-v2s16x51313_ses-1/surf/lh.white...
INFO: using TH3 volume calc
INFO: assuming MGZ format for volumes.
INFO: not computing global stats
INFO: using ../label/lh.cortex.label as mask to calc cortex NumVert, SurfArea and MeanThickness.
Using TH3 vertex volume calc
Total face volume 266589
Total vertex volume 266341 (mask=0)
Saving annotation colortable ../label/aparc.annot.ctab

table columns are:
    number of vertices
    total surface area (mm^2)
    total gray matter volume (mm^3)
    average cortical thickness +- standard deviation (mm)
    integrated rectified mean curvature
    integrated rectified Gaussian curvature
    folding index
    intrinsic curvature index
    structure name

 1519   1148   2617  2.421 0.513     0.105     0.017       11     1.2  bankssts
  811    760   2179  3.201 0.798     0.218     0.068      124     3.1  caudalanteriorcingulate
 3828   2961   7313  2.595 0.535     0.126     0.030       57     4.6  caudalmiddlefrontal
 2411   2127   3808  2.041 0.452     0.145     0.034       83     3.2  cuneus
  510    795   2061  3.638 0.841     0.310     0.085       22     2.5  entorhinal
 4412   4331  11140  2.863 0.741     0.150     0.032       76     6.4  fusiform
 5997   5281  12390  2.565 0.688     0.151     0.033      110     8.5  inferiorparietal
 4284   3914  10548  2.962 0.660     0.137     0.030       74     5.8  inferiortemporal
 1412   1144   2995  2.948 0.705     0.171     0.058      218     2.5  isthmuscingulate
 8780   7511  15806  2.323 0.569     0.140     0.038      356    11.9  lateraloccipital
 3276   2896   7510  2.916 0.754     0.147     0.034       69     4.4  lateralorbitofrontal
 4678   4156   8238  2.255 0.705     0.152     0.040      343     7.6  lingual
 2415   2372   5612  2.800 0.799     0.164     0.040       52     3.8  medialorbitofrontal
 4607   4650  12154  2.960 0.679     0.155     0.032       73     6.3  middletemporal
 1172    993   2599  2.998 0.905     0.126     0.027       14     1.5  parahippocampal
 2266   1725   4327  2.708 0.578     0.109     0.020       28     1.9  paracentral
 1786   1627   3918  2.674 0.565     0.143     0.028       20     2.2  parsopercularis
  869   1176   2469  2.609 0.928     0.209     0.036       11     1.6  parsorbitalis
 1383   1429   2969  2.346 0.751     0.180     0.032       20     2.2  parstriangularis
 2376   1467   2686  1.752 0.499     0.126     0.037       85     3.4  pericalcarine
 9166   7804  15986  2.244 0.726     0.132     0.025       99    10.0  postcentral
 1365   1058   2797  2.819 0.620     0.142     0.036       43     2.0  posteriorcingulate
 8232   6288  15619  2.600 0.584     0.117     0.030      359     8.1  precentral
 6086   4978  12202  2.581 0.616     0.138     0.039      809     7.7  precuneus
 1376   1422   4198  3.443 0.839     0.180     0.043       64     2.6  rostralanteriorcingulate
 7487   7655  15652  2.355 0.643     0.174     0.038      113    12.5  rostralmiddlefrontal
10048   8533  23940  3.024 0.749     0.138     0.033      142    12.7  superiorfrontal
 7373   5915  12396  2.254 0.562     0.133     0.025       96     7.7  superiorparietal
 6538   5910  15565  2.928 0.649     0.144     0.031      133     8.5  superiortemporal
 5686   4826  12494  2.791 0.622     0.149     0.036    13326     7.4  supramarginal
  326    514    953  2.441 0.689     0.249     0.051        5     0.7  frontalpole
  541    792   2320  3.633 0.714     0.218     0.049       81     0.9  temporalpole
 1006    879   1939  2.536 0.373     0.121     0.024        7     0.9  transversetemporal
 3162   2077   6941  3.229 0.795     0.139     0.039       91     4.2  insula
#-----------------------------------------
#@# Parcellation Stats 2 lh Wed Mar 11 14:37:05 CET 2026
/out/sourcedata/freesurfer/sub-v2s16x51313_ses-1/scripts

 mris_anatomical_stats -th3 -mgz -noglobal -cortex ../label/lh.cortex.label -f ../stats/lh.aparc.a2009s.stats -b -a ../label/lh.aparc.a2009s.annot -c ../label/aparc.annot.a2009s.ctab sub-v2s16x51313_ses-1 lh white 

computing statistics for each annotation in ../label/lh.aparc.a2009s.annot.
reading volume /out/sourcedata/freesurfer/sub-v2s16x51313_ses-1/mri/wm.mgz...
reading input surface /out/sourcedata/freesurfer/sub-v2s16x51313_ses-1/surf/lh.white...
reading input pial surface /out/sourcedata/freesurfer/sub-v2s16x51313_ses-1/surf/lh.pial...
reading input white surface /out/sourcedata/freesurfer/sub-v2s16x51313_ses-1/surf/lh.white...
INFO: using TH3 volume calc
INFO: assuming MGZ format for volumes.
INFO: not computing global stats
INFO: using ../label/lh.cortex.label as mask to calc cortex NumVert, SurfArea and MeanThickness.
Using TH3 vertex volume calc
Total face volume 266589
Total vertex volume 266341 (mask=0)
Saving annotation colortable ../label/aparc.annot.a2009s.ctab

table columns are:
    number of vertices
    total surface area (mm^2)
    total gray matter volume (mm^3)
    average cortical thickness +- standard deviation (mm)
    integrated rectified mean curvature
    integrated rectified Gaussian curvature
    folding index
    intrinsic curvature index
    structure name

  983    742   1696  2.088 0.577     0.150     0.038       17     1.6  G_and_S_frontomargin
 1615   1195   3803  2.685 0.650     0.145     0.033       20     2.1  G_and_S_occipital_inf
 1711   1134   3183  2.408 0.660     0.106     0.018       16     1.3  G_and_S_paracentral
 2250   1646   5424  2.783 0.639     0.131     0.023       26     2.4  G_and_S_subcentral
  677    541   1599  2.255 0.670     0.147     0.036       12     1.1  G_and_S_transv_frontopol
 2391   1721   6593  3.305 0.793     0.116     0.025       22     2.6  G_and_S_cingul-Ant
 1266    897   2782  3.104 0.673     0.116     0.021       12     1.2  G_and_S_cingul-Mid-Ant
 1127    733   2253  2.966 0.609     0.097     0.016        6     0.8  G_and_S_cingul-Mid-Post
  527    409   1689  3.075 0.396     0.138     0.026        7     0.6  G_cingul-Post-dorsal
  340    223    687  2.940 0.721     0.122     0.026        4     0.5  G_cingul-Post-ventral
 2291   1712   3824  1.997 0.435     0.153     0.029       36     2.9  G_cuneus
 1126    810   3207  2.978 0.561     0.117     0.021       11     1.0  G_front_inf-Opercular
  323    251   1039  2.768 0.609     0.145     0.036        4     0.6  G_front_inf-Orbital
  774    591   2379  2.735 0.724     0.148     0.041       11     1.3  G_front_inf-Triangul
 4296   3333  11135  2.552 0.618     0.149     0.034       67     7.0  G_front_middle
 6718   4830  19461  3.212 0.718     0.125     0.026       69     7.0  G_front_sup
  654    459   1610  3.393 0.581     0.108     0.028        5     0.8  G_Ins_lg_and_S_cent_ins
  649    426   2339  3.815 0.693     0.095     0.017        6     0.5  G_insular_short
 2310   1788   6246  2.660 0.613     0.154     0.033       37     3.3  G_occipital_middle
 1526   1091   2813  2.383 0.502     0.139     0.029       18     1.9  G_occipital_sup
 1755   1247   5326  3.133 0.758     0.137     0.029       25     2.1  G_oc-temp_lat-fusifor
 3230   2542   6247  2.160 0.718     0.161     0.034       47     5.2  G_oc-temp_med-Lingual
 1188    733   3696  3.344 0.963     0.089     0.016        8     0.8  G_oc-temp_med-Parahip
 2005   1528   6024  2.943 0.810     0.135     0.036       26     3.2  G_orbital
 2028   1485   5823  2.858 0.707     0.134     0.028       32     2.2  G_pariet_inf-Angular
 2554   1813   7366  3.027 0.650     0.116     0.022       29     2.3  G_pariet_inf-Supramar
 2594   1937   5714  2.392 0.598     0.125     0.022       32     2.3  G_parietal_sup
 3582   2507   7192  2.328 0.709     0.128     0.024       41     3.7  G_postcentral
 2871   1923   7045  2.793 0.531     0.107     0.017       24     2.1  G_precentral
 3063   2191   7975  2.765 0.605     0.124     0.023       40     3.2  G_precuneus
  769    619   2246  2.741 0.674     0.137     0.034       13     1.2  G_rectus
  562    377   1041  2.756 0.987     0.126     0.050        7     0.8  G_subcallosal
  789    540   1729  2.628 0.391     0.150     0.026       13     0.9  G_temp_sup-G_T_transv
 2340   1812   7983  3.136 0.606     0.141     0.030       39     3.1  G_temp_sup-Lateral
  714    485   2018  3.460 0.742     0.077     0.010        2     0.3  G_temp_sup-Plan_polar
  931    634   1813  2.628 0.638     0.076     0.010        4     0.4  G_temp_sup-Plan_tempo
 2070   1640   6476  3.117 0.710     0.134     0.029       35     2.5  G_temporal_inf
 2410   1828   8329  3.178 0.712     0.135     0.032       39     3.0  G_temporal_middle
  292    198    299  1.599 0.336     0.082     0.009        1     0.1  Lat_Fis-ant-Horizont
  134     96    246  2.415 0.477     0.081     0.013        1     0.0  Lat_Fis-ant-Vertical
 1159    770   1559  2.588 0.570     0.105     0.018        7     0.9  Lat_Fis-post
 2292   1664   3975  2.145 0.562     0.142     0.029       29     2.9  Pole_occipital
 1390   1180   5591  3.356 0.676     0.146     0.036       21     2.3  Pole_temporal
 2955   2081   3754  2.057 0.712     0.120     0.024       28     3.1  S_calcarine
 3713   2440   4152  1.987 0.593     0.098     0.017       20     2.7  S_central
 1230    799   1749  2.462 0.523     0.075     0.007        4     0.4  S_cingul-Marginalis
  449    293    696  2.805 0.520     0.088     0.016        2     0.3  S_circular_insula_ant
 1480    968   2394  3.039 0.846     0.076     0.010        5     0.6  S_circular_insula_inf
 1780   1167   2552  2.810 0.549     0.096     0.014        8     1.1  S_circular_insula_sup
  947    623   1577  2.876 0.424     0.085     0.008        4     0.4  S_collat_transv_ant
  711    491    979  2.267 0.528     0.133     0.027        7     0.8  S_collat_transv_post
 2004   1337   2852  2.284 0.501     0.100     0.017       12     1.3  S_front_inf
 1559   1082   2693  2.435 0.643     0.098     0.020        9     1.2  S_front_middle
 3102   2118   4824  2.486 0.569     0.093     0.016       17     1.9  S_front_sup
  446    301    582  2.379 0.356     0.103     0.014        2     0.3  S_interm_prim-Jensen
 2609   1695   3218  2.144 0.509     0.100     0.015       17     1.6  S_intrapariet_and_P_trans
 1581   1032   1699  1.946 0.448     0.104     0.018        9     1.2  S_oc_middle_and_Lunatus
 1509   1016   1995  2.151 0.461     0.113     0.019       12     1.3  S_oc_sup_and_transversal
  953    650   1412  2.343 0.529     0.122     0.018        8     0.8  S_occipital_ant
  798    577   1341  2.545 0.537     0.105     0.016        8     0.6  S_oc-temp_lat
 2434   1653   3748  2.537 0.580     0.101     0.017       15     1.6  S_oc-temp_med_and_Lingual
  288    206    450  1.970 0.584     0.129     0.023        3     0.3  S_orbital_lateral
  532    382    923  2.628 0.606     0.126     0.021        5     0.5  S_orbital_med-olfact
 1190    839   2268  2.794 0.946     0.118     0.025        9     1.4  S_orbital-H_Shaped
 2115   1413   2930  2.274 0.600     0.100     0.017       13     1.6  S_parieto_occipital
 1051    670   1456  2.565 0.877     0.122     0.020       15     1.0  S_pericallosal
 3973   2690   5481  2.286 0.553     0.107     0.019       26     3.1  S_postcentral
 1773   1190   2744  2.554 0.612     0.099     0.016       10     1.2  S_precentral-inf-part
 1506    995   2145  2.449 0.468     0.094     0.014        9     1.0  S_precentral-sup-part
  692    444   1116  2.742 0.727     0.093     0.012        4     0.3  S_suborbital
 1133    768   1729  2.619 0.516     0.114     0.021        7     1.1  S_subparietal
 1560   1019   2322  2.624 0.506     0.085     0.014        6     0.9  S_temporal_inf
 6169   4188  10196  2.602 0.546     0.097     0.016       37     4.2  S_temporal_sup
  666    457    891  2.509 0.359     0.105     0.017        4     0.5  S_temporal_transverse
#-----------------------------------------
#@# Parcellation Stats 3 lh Wed Mar 11 14:37:14 CET 2026
/out/sourcedata/freesurfer/sub-v2s16x51313_ses-1/scripts

 mris_anatomical_stats -th3 -mgz -noglobal -cortex ../label/lh.cortex.label -f ../stats/lh.aparc.DKTatlas.stats -b -a ../label/lh.aparc.DKTatlas.annot -c ../label/aparc.annot.DKTatlas.ctab sub-v2s16x51313_ses-1 lh white 

computing statistics for each annotation in ../label/lh.aparc.DKTatlas.annot.
reading volume /out/sourcedata/freesurfer/sub-v2s16x51313_ses-1/mri/wm.mgz...
reading input surface /out/sourcedata/freesurfer/sub-v2s16x51313_ses-1/surf/lh.white...
reading input pial surface /out/sourcedata/freesurfer/sub-v2s16x51313_ses-1/surf/lh.pial...
reading input white surface /out/sourcedata/freesurfer/sub-v2s16x51313_ses-1/surf/lh.white...
INFO: using TH3 volume calc
INFO: assuming MGZ format for volumes.
INFO: not computing global stats
INFO: using ../label/lh.cortex.label as mask to calc cortex NumVert, SurfArea and MeanThickness.
Using TH3 vertex volume calc
Total face volume 266589
Total vertex volume 266341 (mask=0)
Saving annotation colortable ../label/aparc.annot.DKTatlas.ctab

table columns are:
    number of vertices
    total surface area (mm^2)
    total gray matter volume (mm^3)
    average cortical thickness +- standard deviation (mm)
    integrated rectified mean curvature
    integrated rectified Gaussian curvature
    folding index
    intrinsic curvature index
    structure name

 1339    943   3295  3.132 0.736     0.127     0.023       18     1.4  caudalanteriorcingulate
 4170   2885   7885  2.572 0.534     0.105     0.019       31     3.4  caudalmiddlefrontal
 3184   2291   4959  2.068 0.476     0.132     0.024       37     3.3  cuneus
  510    342   1906  3.553 0.860     0.119     0.023        5     0.5  entorhinal
 4236   2961   9670  2.793 0.727     0.120     0.023       46     4.1  fusiform
 6127   4339  12916  2.585 0.692     0.122     0.023       66     6.1  inferiorparietal
 4299   3240  11825  2.997 0.701     0.122     0.025       53     4.5  inferiortemporal
 1393    941   2942  2.958 0.702     0.116     0.022       13     1.4  isthmuscingulate
 8685   6180  15675  2.319 0.561     0.135     0.028       97    10.1  lateraloccipital
 3404   2536   7930  2.799 0.827     0.128     0.032       39     5.1  lateralorbitofrontal
 4731   3607   8441  2.263 0.711     0.144     0.030       56     6.3  lingual
 1989   1454   4553  2.728 0.725     0.122     0.030       24     2.1  medialorbitofrontal
 6058   4311  14686  2.856 0.679     0.108     0.022       60     5.3  middletemporal
 1249    760   2754  3.001 0.900     0.071     0.009        5     0.4  parahippocampal
 2729   1792   5365  2.739 0.576     0.095     0.015       18     1.7  paracentral
 1612   1133   3560  2.707 0.552     0.109     0.018       12     1.3  parsopercularis
  975    696   2264  2.486 0.740     0.115     0.020        8     1.0  parsorbitalis
 1693   1210   3576  2.394 0.693     0.124     0.029       17     1.9  parstriangularis
 2348   1678   2632  1.746 0.481     0.139     0.030       29     3.0  pericalcarine
10066   6965  17387  2.263 0.719     0.117     0.021       94     8.9  postcentral
 1528   1037   3032  2.809 0.619     0.111     0.019       16     1.4  posteriorcingulate
 8119   5432  15427  2.622 0.584     0.108     0.018       60     6.2  precentral
 5978   4157  12299  2.591 0.622     0.111     0.020       57     5.2  precuneus
 1820   1322   5319  3.361 0.862     0.126     0.029       20     2.4  rostralanteriorcingulate
 5190   3881  11481  2.439 0.691     0.135     0.031       67     7.0  rostralmiddlefrontal
11080   7924  26248  2.897 0.805     0.117     0.025      102    11.4  superiorfrontal
 5758   3983   9582  2.245 0.552     0.111     0.018       51     4.2  superiorparietal
 8098   5811  19503  2.933 0.676     0.112     0.021       76     7.5  superiortemporal
 5109   3589  11210  2.785 0.640     0.113     0.021       48     4.4  supramarginal
  966    667   1879  2.528 0.374     0.133     0.022       13     0.8  transversetemporal
 2741   1798   6138  3.272 0.784     0.087     0.016       15     1.7  insula
/out/sourcedata/freesurfer/sub-v2s16x51313_ses-1/label
#--------------------------------------------
#@# BA_exvivo Labels lh Wed Mar 11 14:37:22 CET 2026

 mri_label2label --srcsubject fsaverage --srclabel /out/sourcedata/freesurfer/fsaverage/label/lh.BA1_exvivo.label --trgsubject sub-v2s16x51313_ses-1 --trglabel ./lh.BA1_exvivo.label --hemi lh --regmethod surface 


srclabel = /out/sourcedata/freesurfer/fsaverage/label/lh.BA1_exvivo.label
srcsubject = fsaverage
trgsubject = sub-v2s16x51313_ses-1
trglabel = ./lh.BA1_exvivo.label
regmethod = surface

srchemi = lh
trghemi = lh
trgsurface = white
srcsurfreg = sphere.reg
trgsurfreg = sphere.reg
usehash = 1
Use ProjAbs  = 0, 0
Use ProjFrac = 0, 0
DoPaint 0

SUBJECTS_DIR    /out/sourcedata/freesurfer
FREESURFER_HOME /opt/freesurfer
Loading source label.
Found 4129 points in source label.
Starting surface-based mapping
Reading source registration 
 /out/sourcedata/freesurfer/fsaverage/surf/lh.sphere.reg
Rescaling ...  original radius = 100
Reading target surface 
 /out/sourcedata/freesurfer/sub-v2s16x51313_ses-1/surf/lh.white
Reading target registration 
 /out/sourcedata/freesurfer/sub-v2s16x51313_ses-1/surf/lh.sphere.reg
Rescaling ...  original radius = 100
Building target registration hash (res=16).
Building source registration hash (res=16).
INFO: found  4129 nlabel points
Performing mapping from target back to the source label 135766
Number of reverse mapping hits = 783
Checking for and removing duplicates
Writing label file ./lh.BA1_exvivo.label 4912
mri_label2label: Done


 mri_label2label --srcsubject fsaverage --srclabel /out/sourcedata/freesurfer/fsaverage/label/lh.BA2_exvivo.label --trgsubject sub-v2s16x51313_ses-1 --trglabel ./lh.BA2_exvivo.label --hemi lh --regmethod surface 


srclabel = /out/sourcedata/freesurfer/fsaverage/label/lh.BA2_exvivo.label
srcsubject = fsaverage
trgsubject = sub-v2s16x51313_ses-1
trglabel = ./lh.BA2_exvivo.label
regmethod = surface

srchemi = lh
trghemi = lh
trgsurface = white
srcsurfreg = sphere.reg
trgsurfreg = sphere.reg
usehash = 1
Use ProjAbs  = 0, 0
Use ProjFrac = 0, 0
DoPaint 0

SUBJECTS_DIR    /out/sourcedata/freesurfer
FREESURFER_HOME /opt/freesurfer
Loading source label.
Found 7909 points in source label.
Starting surface-based mapping
Reading source registration 
 /out/sourcedata/freesurfer/fsaverage/surf/lh.sphere.reg
Rescaling ...  original radius = 100
Reading target surface 
 /out/sourcedata/freesurfer/sub-v2s16x51313_ses-1/surf/lh.white
Reading target registration 
 /out/sourcedata/freesurfer/sub-v2s16x51313_ses-1/surf/lh.sphere.reg
Rescaling ...  original radius = 100
Building target registration hash (res=16).
Building source registration hash (res=16).
INFO: found  7909 nlabel points
Performing mapping from target back to the source label 135766
Number of reverse mapping hits = 1495
Checking for and removing duplicates
Writing label file ./lh.BA2_exvivo.label 9404
mri_label2label: Done


 mri_label2label --srcsubject fsaverage --srclabel /out/sourcedata/freesurfer/fsaverage/label/lh.BA3a_exvivo.label --trgsubject sub-v2s16x51313_ses-1 --trglabel ./lh.BA3a_exvivo.label --hemi lh --regmethod surface 


srclabel = /out/sourcedata/freesurfer/fsaverage/label/lh.BA3a_exvivo.label
srcsubject = fsaverage
trgsubject = sub-v2s16x51313_ses-1
trglabel = ./lh.BA3a_exvivo.label
regmethod = surface

srchemi = lh
trghemi = lh
trgsurface = white
srcsurfreg = sphere.reg
trgsurfreg = sphere.reg
usehash = 1
Use ProjAbs  = 0, 0
Use ProjFrac = 0, 0
DoPaint 0

SUBJECTS_DIR    /out/sourcedata/freesurfer
FREESURFER_HOME /opt/freesurfer
Loading source label.
Found 4077 points in source label.
Starting surface-based mapping
Reading source registration 
 /out/sourcedata/freesurfer/fsaverage/surf/lh.sphere.reg
Rescaling ...  original radius = 100
Reading target surface 
 /out/sourcedata/freesurfer/sub-v2s16x51313_ses-1/surf/lh.white
Reading target registration 
 /out/sourcedata/freesurfer/sub-v2s16x51313_ses-1/surf/lh.sphere.reg
Rescaling ...  original radius = 100
Building target registration hash (res=16).
Building source registration hash (res=16).
INFO: found  4077 nlabel points
Performing mapping from target back to the source label 135766
Number of reverse mapping hits = 184
Checking for and removing duplicates
Writing label file ./lh.BA3a_exvivo.label 4261
mri_label2label: Done


 mri_label2label --srcsubject fsaverage --srclabel /out/sourcedata/freesurfer/fsaverage/label/lh.BA3b_exvivo.label --trgsubject sub-v2s16x51313_ses-1 --trglabel ./lh.BA3b_exvivo.label --hemi lh --regmethod surface 


srclabel = /out/sourcedata/freesurfer/fsaverage/label/lh.BA3b_exvivo.label
srcsubject = fsaverage
trgsubject = sub-v2s16x51313_ses-1
trglabel = ./lh.BA3b_exvivo.label
regmethod = surface

srchemi = lh
trghemi = lh
trgsurface = white
srcsurfreg = sphere.reg
trgsurfreg = sphere.reg
usehash = 1
Use ProjAbs  = 0, 0
Use ProjFrac = 0, 0
DoPaint 0

SUBJECTS_DIR    /out/sourcedata/freesurfer
FREESURFER_HOME /opt/freesurfer
Loading source label.
Found 5983 points in source label.
Starting surface-based mapping
Reading source registration 
 /out/sourcedata/freesurfer/fsaverage/surf/lh.sphere.reg
Rescaling ...  original radius = 100
Reading target surface 
 /out/sourcedata/freesurfer/sub-v2s16x51313_ses-1/surf/lh.white
Reading target registration 
 /out/sourcedata/freesurfer/sub-v2s16x51313_ses-1/surf/lh.sphere.reg
Rescaling ...  original radius = 100
Building target registration hash (res=16).
Building source registration hash (res=16).
INFO: found  5983 nlabel points
Performing mapping from target back to the source label 135766
Number of reverse mapping hits = 510
Checking for and removing duplicates
Writing label file ./lh.BA3b_exvivo.label 6493
mri_label2label: Done


 mri_label2label --srcsubject fsaverage --srclabel /out/sourcedata/freesurfer/fsaverage/label/lh.BA4a_exvivo.label --trgsubject sub-v2s16x51313_ses-1 --trglabel ./lh.BA4a_exvivo.label --hemi lh --regmethod surface 


srclabel = /out/sourcedata/freesurfer/fsaverage/label/lh.BA4a_exvivo.label
srcsubject = fsaverage
trgsubject = sub-v2s16x51313_ses-1
trglabel = ./lh.BA4a_exvivo.label
regmethod = surface

srchemi = lh
trghemi = lh
trgsurface = white
srcsurfreg = sphere.reg
trgsurfreg = sphere.reg
usehash = 1
Use ProjAbs  = 0, 0
Use ProjFrac = 0, 0
DoPaint 0

SUBJECTS_DIR    /out/sourcedata/freesurfer
FREESURFER_HOME /opt/freesurfer
Loading source label.
Found 5784 points in source label.
Starting surface-based mapping
Reading source registration 
 /out/sourcedata/freesurfer/fsaverage/surf/lh.sphere.reg
Rescaling ...  original radius = 100
Reading target surface 
 /out/sourcedata/freesurfer/sub-v2s16x51313_ses-1/surf/lh.white
Reading target registration 
 /out/sourcedata/freesurfer/sub-v2s16x51313_ses-1/surf/lh.sphere.reg
Rescaling ...  original radius = 100
Building target registration hash (res=16).
Building source registration hash (res=16).
INFO: found  5784 nlabel points
Performing mapping from target back to the source label 135766
Number of reverse mapping hits = 191
Checking for and removing duplicates
Writing label file ./lh.BA4a_exvivo.label 5975
mri_label2label: Done


 mri_label2label --srcsubject fsaverage --srclabel /out/sourcedata/freesurfer/fsaverage/label/lh.BA4p_exvivo.label --trgsubject sub-v2s16x51313_ses-1 --trglabel ./lh.BA4p_exvivo.label --hemi lh --regmethod surface 


srclabel = /out/sourcedata/freesurfer/fsaverage/label/lh.BA4p_exvivo.label
srcsubject = fsaverage
trgsubject = sub-v2s16x51313_ses-1
trglabel = ./lh.BA4p_exvivo.label
regmethod = surface

srchemi = lh
trghemi = lh
trgsurface = white
srcsurfreg = sphere.reg
trgsurfreg = sphere.reg
usehash = 1
Use ProjAbs  = 0, 0
Use ProjFrac = 0, 0
DoPaint 0

SUBJECTS_DIR    /out/sourcedata/freesurfer
FREESURFER_HOME /opt/freesurfer
Loading source label.
Found 4070 points in source label.
Starting surface-based mapping
Reading source registration 
 /out/sourcedata/freesurfer/fsaverage/surf/lh.sphere.reg
Rescaling ...  original radius = 100
Reading target surface 
 /out/sourcedata/freesurfer/sub-v2s16x51313_ses-1/surf/lh.white
Reading target registration 
 /out/sourcedata/freesurfer/sub-v2s16x51313_ses-1/surf/lh.sphere.reg
Rescaling ...  original radius = 100
Building target registration hash (res=16).
Building source registration hash (res=16).
INFO: found  4070 nlabel points
Performing mapping from target back to the source label 135766
Number of reverse mapping hits = 175
Checking for and removing duplicates
Writing label file ./lh.BA4p_exvivo.label 4245
mri_label2label: Done


 mri_label2label --srcsubject fsaverage --srclabel /out/sourcedata/freesurfer/fsaverage/label/lh.BA6_exvivo.label --trgsubject sub-v2s16x51313_ses-1 --trglabel ./lh.BA6_exvivo.label --hemi lh --regmethod surface 


srclabel = /out/sourcedata/freesurfer/fsaverage/label/lh.BA6_exvivo.label
srcsubject = fsaverage
trgsubject = sub-v2s16x51313_ses-1
trglabel = ./lh.BA6_exvivo.label
regmethod = surface

srchemi = lh
trghemi = lh
trgsurface = white
srcsurfreg = sphere.reg
trgsurfreg = sphere.reg
usehash = 1
Use ProjAbs  = 0, 0
Use ProjFrac = 0, 0
DoPaint 0

SUBJECTS_DIR    /out/sourcedata/freesurfer
FREESURFER_HOME /opt/freesurfer
Loading source label.
Found 13589 points in source label.
Starting surface-based mapping
Reading source registration 
 /out/sourcedata/freesurfer/fsaverage/surf/lh.sphere.reg
Rescaling ...  original radius = 100
Reading target surface 
 /out/sourcedata/freesurfer/sub-v2s16x51313_ses-1/surf/lh.white
Reading target registration 
 /out/sourcedata/freesurfer/sub-v2s16x51313_ses-1/surf/lh.sphere.reg
Rescaling ...  original radius = 100
Building target registration hash (res=16).
Building source registration hash (res=16).
INFO: found  13589 nlabel points
Performing mapping from target back to the source label 135766
Number of reverse mapping hits = 663
Checking for and removing duplicates
Writing label file ./lh.BA6_exvivo.label 14252
mri_label2label: Done


 mri_label2label --srcsubject fsaverage --srclabel /out/sourcedata/freesurfer/fsaverage/label/lh.BA44_exvivo.label --trgsubject sub-v2s16x51313_ses-1 --trglabel ./lh.BA44_exvivo.label --hemi lh --regmethod surface 


srclabel = /out/sourcedata/freesurfer/fsaverage/label/lh.BA44_exvivo.label
srcsubject = fsaverage
trgsubject = sub-v2s16x51313_ses-1
trglabel = ./lh.BA44_exvivo.label
regmethod = surface

srchemi = lh
trghemi = lh
trgsurface = white
srcsurfreg = sphere.reg
trgsurfreg = sphere.reg
usehash = 1
Use ProjAbs  = 0, 0
Use ProjFrac = 0, 0
DoPaint 0

SUBJECTS_DIR    /out/sourcedata/freesurfer
FREESURFER_HOME /opt/freesurfer
Loading source label.
Found 4181 points in source label.
Starting surface-based mapping
Reading source registration 
 /out/sourcedata/freesurfer/fsaverage/surf/lh.sphere.reg
Rescaling ...  original radius = 100
Reading target surface 
 /out/sourcedata/freesurfer/sub-v2s16x51313_ses-1/surf/lh.white
Reading target registration 
 /out/sourcedata/freesurfer/sub-v2s16x51313_ses-1/surf/lh.sphere.reg
Rescaling ...  original radius = 100
Building target registration hash (res=16).
Building source registration hash (res=16).
INFO: found  4181 nlabel points
Performing mapping from target back to the source label 135766
Number of reverse mapping hits = 92
Checking for and removing duplicates
Writing label file ./lh.BA44_exvivo.label 4273
mri_label2label: Done


 mri_label2label --srcsubject fsaverage --srclabel /out/sourcedata/freesurfer/fsaverage/label/lh.BA45_exvivo.label --trgsubject sub-v2s16x51313_ses-1 --trglabel ./lh.BA45_exvivo.label --hemi lh --regmethod surface 


srclabel = /out/sourcedata/freesurfer/fsaverage/label/lh.BA45_exvivo.label
srcsubject = fsaverage
trgsubject = sub-v2s16x51313_ses-1
trglabel = ./lh.BA45_exvivo.label
regmethod = surface

srchemi = lh
trghemi = lh
trgsurface = white
srcsurfreg = sphere.reg
trgsurfreg = sphere.reg
usehash = 1
Use ProjAbs  = 0, 0
Use ProjFrac = 0, 0
DoPaint 0

SUBJECTS_DIR    /out/sourcedata/freesurfer
FREESURFER_HOME /opt/freesurfer
Loading source label.
Found 3422 points in source label.
Starting surface-based mapping
Reading source registration 
 /out/sourcedata/freesurfer/fsaverage/surf/lh.sphere.reg
Rescaling ...  original radius = 100
Reading target surface 
 /out/sourcedata/freesurfer/sub-v2s16x51313_ses-1/surf/lh.white
Reading target registration 
 /out/sourcedata/freesurfer/sub-v2s16x51313_ses-1/surf/lh.sphere.reg
Rescaling ...  original radius = 100
Building target registration hash (res=16).
Building source registration hash (res=16).
INFO: found  3422 nlabel points
Performing mapping from target back to the source label 135766
Number of reverse mapping hits = 95
Checking for and removing duplicates
Writing label file ./lh.BA45_exvivo.label 3517
mri_label2label: Done


 mri_label2label --srcsubject fsaverage --srclabel /out/sourcedata/freesurfer/fsaverage/label/lh.V1_exvivo.label --trgsubject sub-v2s16x51313_ses-1 --trglabel ./lh.V1_exvivo.label --hemi lh --regmethod surface 


srclabel = /out/sourcedata/freesurfer/fsaverage/label/lh.V1_exvivo.label
srcsubject = fsaverage
trgsubject = sub-v2s16x51313_ses-1
trglabel = ./lh.V1_exvivo.label
regmethod = surface

srchemi = lh
trghemi = lh
trgsurface = white
srcsurfreg = sphere.reg
trgsurfreg = sphere.reg
usehash = 1
Use ProjAbs  = 0, 0
Use ProjFrac = 0, 0
DoPaint 0

SUBJECTS_DIR    /out/sourcedata/freesurfer
FREESURFER_HOME /opt/freesurfer
Loading source label.
Found 4641 points in source label.
Starting surface-based mapping
Reading source registration 
 /out/sourcedata/freesurfer/fsaverage/surf/lh.sphere.reg
Rescaling ...  original radius = 100
Reading target surface 
 /out/sourcedata/freesurfer/sub-v2s16x51313_ses-1/surf/lh.white
Reading target registration 
 /out/sourcedata/freesurfer/sub-v2s16x51313_ses-1/surf/lh.sphere.reg
Rescaling ...  original radius = 100
Building target registration hash (res=16).
Building source registration hash (res=16).
INFO: found  4641 nlabel points
Performing mapping from target back to the source label 135766
Number of reverse mapping hits = 1471
Checking for and removing duplicates
Writing label file ./lh.V1_exvivo.label 6112
mri_label2label: Done


 mri_label2label --srcsubject fsaverage --srclabel /out/sourcedata/freesurfer/fsaverage/label/lh.V2_exvivo.label --trgsubject sub-v2s16x51313_ses-1 --trglabel ./lh.V2_exvivo.label --hemi lh --regmethod surface 


srclabel = /out/sourcedata/freesurfer/fsaverage/label/lh.V2_exvivo.label
srcsubject = fsaverage
trgsubject = sub-v2s16x51313_ses-1
trglabel = ./lh.V2_exvivo.label
regmethod = surface

srchemi = lh
trghemi = lh
trgsurface = white
srcsurfreg = sphere.reg
trgsurfreg = sphere.reg
usehash = 1
Use ProjAbs  = 0, 0
Use ProjFrac = 0, 0
DoPaint 0

SUBJECTS_DIR    /out/sourcedata/freesurfer
FREESURFER_HOME /opt/freesurfer
Loading source label.
Found 8114 points in source label.
Starting surface-based mapping
Reading source registration 
 /out/sourcedata/freesurfer/fsaverage/surf/lh.sphere.reg
Rescaling ...  original radius = 100
Reading target surface 
 /out/sourcedata/freesurfer/sub-v2s16x51313_ses-1/surf/lh.white
Reading target registration 
 /out/sourcedata/freesurfer/sub-v2s16x51313_ses-1/surf/lh.sphere.reg
Rescaling ...  original radius = 100
Building target registration hash (res=16).
Building source registration hash (res=16).
INFO: found  8114 nlabel points
Performing mapping from target back to the source label 135766
Number of reverse mapping hits = 3081
Checking for and removing duplicates
Writing label file ./lh.V2_exvivo.label 11195
mri_label2label: Done


 mri_label2label --srcsubject fsaverage --srclabel /out/sourcedata/freesurfer/fsaverage/label/lh.MT_exvivo.label --trgsubject sub-v2s16x51313_ses-1 --trglabel ./lh.MT_exvivo.label --hemi lh --regmethod surface 


srclabel = /out/sourcedata/freesurfer/fsaverage/label/lh.MT_exvivo.label
srcsubject = fsaverage
trgsubject = sub-v2s16x51313_ses-1
trglabel = ./lh.MT_exvivo.label
regmethod = surface

srchemi = lh
trghemi = lh
trgsurface = white
srcsurfreg = sphere.reg
trgsurfreg = sphere.reg
usehash = 1
Use ProjAbs  = 0, 0
Use ProjFrac = 0, 0
DoPaint 0

SUBJECTS_DIR    /out/sourcedata/freesurfer
FREESURFER_HOME /opt/freesurfer
Loading source label.
Found 2018 points in source label.
Starting surface-based mapping
Reading source registration 
 /out/sourcedata/freesurfer/fsaverage/surf/lh.sphere.reg
Rescaling ...  original radius = 100
Reading target surface 
 /out/sourcedata/freesurfer/sub-v2s16x51313_ses-1/surf/lh.white
Reading target registration 
 /out/sourcedata/freesurfer/sub-v2s16x51313_ses-1/surf/lh.sphere.reg
Rescaling ...  original radius = 100
Building target registration hash (res=16).
Building source registration hash (res=16).
INFO: found  2018 nlabel points
Performing mapping from target back to the source label 135766
Number of reverse mapping hits = 358
Checking for and removing duplicates
Writing label file ./lh.MT_exvivo.label 2376
mri_label2label: Done


 mri_label2label --srcsubject fsaverage --srclabel /out/sourcedata/freesurfer/fsaverage/label/lh.entorhinal_exvivo.label --trgsubject sub-v2s16x51313_ses-1 --trglabel ./lh.entorhinal_exvivo.label --hemi lh --regmethod surface 


srclabel = /out/sourcedata/freesurfer/fsaverage/label/lh.entorhinal_exvivo.label
srcsubject = fsaverage
trgsubject = sub-v2s16x51313_ses-1
trglabel = ./lh.entorhinal_exvivo.label
regmethod = surface

srchemi = lh
trghemi = lh
trgsurface = white
srcsurfreg = sphere.reg
trgsurfreg = sphere.reg
usehash = 1
Use ProjAbs  = 0, 0
Use ProjFrac = 0, 0
DoPaint 0

SUBJECTS_DIR    /out/sourcedata/freesurfer
FREESURFER_HOME /opt/freesurfer
Loading source label.
Found 1290 points in source label.
Starting surface-based mapping
Reading source registration 
 /out/sourcedata/freesurfer/fsaverage/surf/lh.sphere.reg
Rescaling ...  original radius = 100
Reading target surface 
 /out/sourcedata/freesurfer/sub-v2s16x51313_ses-1/surf/lh.white
Reading target registration 
 /out/sourcedata/freesurfer/sub-v2s16x51313_ses-1/surf/lh.sphere.reg
Rescaling ...  original radius = 100
Building target registration hash (res=16).
Building source registration hash (res=16).
INFO: found  1290 nlabel points
Performing mapping from target back to the source label 135766
Number of reverse mapping hits = 54
Checking for and removing duplicates
Writing label file ./lh.entorhinal_exvivo.label 1344
mri_label2label: Done


 mri_label2label --srcsubject fsaverage --srclabel /out/sourcedata/freesurfer/fsaverage/label/lh.perirhinal_exvivo.label --trgsubject sub-v2s16x51313_ses-1 --trglabel ./lh.perirhinal_exvivo.label --hemi lh --regmethod surface 


srclabel = /out/sourcedata/freesurfer/fsaverage/label/lh.perirhinal_exvivo.label
srcsubject = fsaverage
trgsubject = sub-v2s16x51313_ses-1
trglabel = ./lh.perirhinal_exvivo.label
regmethod = surface

srchemi = lh
trghemi = lh
trgsurface = white
srcsurfreg = sphere.reg
trgsurfreg = sphere.reg
usehash = 1
Use ProjAbs  = 0, 0
Use ProjFrac = 0, 0
DoPaint 0

SUBJECTS_DIR    /out/sourcedata/freesurfer
FREESURFER_HOME /opt/freesurfer
Loading source label.
Found 1199 points in source label.
Starting surface-based mapping
Reading source registration 
 /out/sourcedata/freesurfer/fsaverage/surf/lh.sphere.reg
Rescaling ...  original radius = 100
Reading target surface 
 /out/sourcedata/freesurfer/sub-v2s16x51313_ses-1/surf/lh.white
Reading target registration 
 /out/sourcedata/freesurfer/sub-v2s16x51313_ses-1/surf/lh.sphere.reg
Rescaling ...  original radius = 100
Building target registration hash (res=16).
Building source registration hash (res=16).
INFO: found  1199 nlabel points
Performing mapping from target back to the source label 135766
Number of reverse mapping hits = 34
Checking for and removing duplicates
Writing label file ./lh.perirhinal_exvivo.label 1233
mri_label2label: Done


 mri_label2label --srcsubject fsaverage --srclabel /out/sourcedata/freesurfer/fsaverage/label/lh.FG1.mpm.vpnl.label --trgsubject sub-v2s16x51313_ses-1 --trglabel ./lh.FG1.mpm.vpnl.label --hemi lh --regmethod surface 


srclabel = /out/sourcedata/freesurfer/fsaverage/label/lh.FG1.mpm.vpnl.label
srcsubject = fsaverage
trgsubject = sub-v2s16x51313_ses-1
trglabel = ./lh.FG1.mpm.vpnl.label
regmethod = surface

srchemi = lh
trghemi = lh
trgsurface = white
srcsurfreg = sphere.reg
trgsurfreg = sphere.reg
usehash = 1
Use ProjAbs  = 0, 0
Use ProjFrac = 0, 0
DoPaint 0

SUBJECTS_DIR    /out/sourcedata/freesurfer
FREESURFER_HOME /opt/freesurfer
Loading source label.
Found 414 points in source label.
Starting surface-based mapping
Reading source registration 
 /out/sourcedata/freesurfer/fsaverage/surf/lh.sphere.reg
Rescaling ...  original radius = 100
Reading target surface 
 /out/sourcedata/freesurfer/sub-v2s16x51313_ses-1/surf/lh.white
Reading target registration 
 /out/sourcedata/freesurfer/sub-v2s16x51313_ses-1/surf/lh.sphere.reg
Rescaling ...  original radius = 100
Building target registration hash (res=16).
Building source registration hash (res=16).
INFO: found  414 nlabel points
Performing mapping from target back to the source label 135766
Number of reverse mapping hits = 115
Checking for and removing duplicates
Writing label file ./lh.FG1.mpm.vpnl.label 529
mri_label2label: Done


 mri_label2label --srcsubject fsaverage --srclabel /out/sourcedata/freesurfer/fsaverage/label/lh.FG2.mpm.vpnl.label --trgsubject sub-v2s16x51313_ses-1 --trglabel ./lh.FG2.mpm.vpnl.label --hemi lh --regmethod surface 


srclabel = /out/sourcedata/freesurfer/fsaverage/label/lh.FG2.mpm.vpnl.label
srcsubject = fsaverage
trgsubject = sub-v2s16x51313_ses-1
trglabel = ./lh.FG2.mpm.vpnl.label
regmethod = surface

srchemi = lh
trghemi = lh
trgsurface = white
srcsurfreg = sphere.reg
trgsurfreg = sphere.reg
usehash = 1
Use ProjAbs  = 0, 0
Use ProjFrac = 0, 0
DoPaint 0

SUBJECTS_DIR    /out/sourcedata/freesurfer
FREESURFER_HOME /opt/freesurfer
Loading source label.
Found 703 points in source label.
Starting surface-based mapping
Reading source registration 
 /out/sourcedata/freesurfer/fsaverage/surf/lh.sphere.reg
Rescaling ...  original radius = 100
Reading target surface 
 /out/sourcedata/freesurfer/sub-v2s16x51313_ses-1/surf/lh.white
Reading target registration 
 /out/sourcedata/freesurfer/sub-v2s16x51313_ses-1/surf/lh.sphere.reg
Rescaling ...  original radius = 100
Building target registration hash (res=16).
Building source registration hash (res=16).
INFO: found  703 nlabel points
Performing mapping from target back to the source label 135766
Number of reverse mapping hits = 97
Checking for and removing duplicates
Writing label file ./lh.FG2.mpm.vpnl.label 800
mri_label2label: Done


 mri_label2label --srcsubject fsaverage --srclabel /out/sourcedata/freesurfer/fsaverage/label/lh.FG3.mpm.vpnl.label --trgsubject sub-v2s16x51313_ses-1 --trglabel ./lh.FG3.mpm.vpnl.label --hemi lh --regmethod surface 


srclabel = /out/sourcedata/freesurfer/fsaverage/label/lh.FG3.mpm.vpnl.label
srcsubject = fsaverage
trgsubject = sub-v2s16x51313_ses-1
trglabel = ./lh.FG3.mpm.vpnl.label
regmethod = surface

srchemi = lh
trghemi = lh
trgsurface = white
srcsurfreg = sphere.reg
trgsurfreg = sphere.reg
usehash = 1
Use ProjAbs  = 0, 0
Use ProjFrac = 0, 0
DoPaint 0

SUBJECTS_DIR    /out/sourcedata/freesurfer
FREESURFER_HOME /opt/freesurfer
Loading source label.
Found 1873 points in source label.
Starting surface-based mapping
Reading source registration 
 /out/sourcedata/freesurfer/fsaverage/surf/lh.sphere.reg
Rescaling ...  original radius = 100
Reading target surface 
 /out/sourcedata/freesurfer/sub-v2s16x51313_ses-1/surf/lh.white
Reading target registration 
 /out/sourcedata/freesurfer/sub-v2s16x51313_ses-1/surf/lh.sphere.reg
Rescaling ...  original radius = 100
Building target registration hash (res=16).
Building source registration hash (res=16).
INFO: found  1873 nlabel points
Performing mapping from target back to the source label 135766
Number of reverse mapping hits = 207
Checking for and removing duplicates
Writing label file ./lh.FG3.mpm.vpnl.label 2080
mri_label2label: Done


 mri_label2label --srcsubject fsaverage --srclabel /out/sourcedata/freesurfer/fsaverage/label/lh.FG4.mpm.vpnl.label --trgsubject sub-v2s16x51313_ses-1 --trglabel ./lh.FG4.mpm.vpnl.label --hemi lh --regmethod surface 


srclabel = /out/sourcedata/freesurfer/fsaverage/label/lh.FG4.mpm.vpnl.label
srcsubject = fsaverage
trgsubject = sub-v2s16x51313_ses-1
trglabel = ./lh.FG4.mpm.vpnl.label
regmethod = surface

srchemi = lh
trghemi = lh
trgsurface = white
srcsurfreg = sphere.reg
trgsurfreg = sphere.reg
usehash = 1
Use ProjAbs  = 0, 0
Use ProjFrac = 0, 0
DoPaint 0

SUBJECTS_DIR    /out/sourcedata/freesurfer
FREESURFER_HOME /opt/freesurfer
Loading source label.
Found 2101 points in source label.
Starting surface-based mapping
Reading source registration 
 /out/sourcedata/freesurfer/fsaverage/surf/lh.sphere.reg
Rescaling ...  original radius = 100
Reading target surface 
 /out/sourcedata/freesurfer/sub-v2s16x51313_ses-1/surf/lh.white
Reading target registration 
 /out/sourcedata/freesurfer/sub-v2s16x51313_ses-1/surf/lh.sphere.reg
Rescaling ...  original radius = 100
Building target registration hash (res=16).
Building source registration hash (res=16).
INFO: found  2101 nlabel points
Performing mapping from target back to the source label 135766
Number of reverse mapping hits = 325
Checking for and removing duplicates
Writing label file ./lh.FG4.mpm.vpnl.label 2426
mri_label2label: Done


 mri_label2label --srcsubject fsaverage --srclabel /out/sourcedata/freesurfer/fsaverage/label/lh.hOc1.mpm.vpnl.label --trgsubject sub-v2s16x51313_ses-1 --trglabel ./lh.hOc1.mpm.vpnl.label --hemi lh --regmethod surface 


srclabel = /out/sourcedata/freesurfer/fsaverage/label/lh.hOc1.mpm.vpnl.label
srcsubject = fsaverage
trgsubject = sub-v2s16x51313_ses-1
trglabel = ./lh.hOc1.mpm.vpnl.label
regmethod = surface

srchemi = lh
trghemi = lh
trgsurface = white
srcsurfreg = sphere.reg
trgsurfreg = sphere.reg
usehash = 1
Use ProjAbs  = 0, 0
Use ProjFrac = 0, 0
DoPaint 0

SUBJECTS_DIR    /out/sourcedata/freesurfer
FREESURFER_HOME /opt/freesurfer
Loading source label.
Found 3877 points in source label.
Starting surface-based mapping
Reading source registration 
 /out/sourcedata/freesurfer/fsaverage/surf/lh.sphere.reg
Rescaling ...  original radius = 100
Reading target surface 
 /out/sourcedata/freesurfer/sub-v2s16x51313_ses-1/surf/lh.white
Reading target registration 
 /out/sourcedata/freesurfer/sub-v2s16x51313_ses-1/surf/lh.sphere.reg
Rescaling ...  original radius = 100
Building target registration hash (res=16).
Building source registration hash (res=16).
INFO: found  3877 nlabel points
Performing mapping from target back to the source label 135766
Number of reverse mapping hits = 1144
Checking for and removing duplicates
Writing label file ./lh.hOc1.mpm.vpnl.label 5021
mri_label2label: Done


 mri_label2label --srcsubject fsaverage --srclabel /out/sourcedata/freesurfer/fsaverage/label/lh.hOc2.mpm.vpnl.label --trgsubject sub-v2s16x51313_ses-1 --trglabel ./lh.hOc2.mpm.vpnl.label --hemi lh --regmethod surface 


srclabel = /out/sourcedata/freesurfer/fsaverage/label/lh.hOc2.mpm.vpnl.label
srcsubject = fsaverage
trgsubject = sub-v2s16x51313_ses-1
trglabel = ./lh.hOc2.mpm.vpnl.label
regmethod = surface

srchemi = lh
trghemi = lh
trgsurface = white
srcsurfreg = sphere.reg
trgsurfreg = sphere.reg
usehash = 1
Use ProjAbs  = 0, 0
Use ProjFrac = 0, 0
DoPaint 0

SUBJECTS_DIR    /out/sourcedata/freesurfer
FREESURFER_HOME /opt/freesurfer
Loading source label.
Found 2919 points in source label.
Starting surface-based mapping
Reading source registration 
 /out/sourcedata/freesurfer/fsaverage/surf/lh.sphere.reg
Rescaling ...  original radius = 100
Reading target surface 
 /out/sourcedata/freesurfer/sub-v2s16x51313_ses-1/surf/lh.white
Reading target registration 
 /out/sourcedata/freesurfer/sub-v2s16x51313_ses-1/surf/lh.sphere.reg
Rescaling ...  original radius = 100
Building target registration hash (res=16).
Building source registration hash (res=16).
INFO: found  2919 nlabel points
Performing mapping from target back to the source label 135766
Number of reverse mapping hits = 1276
Checking for and removing duplicates
Writing label file ./lh.hOc2.mpm.vpnl.label 4195
mri_label2label: Done


 mri_label2label --srcsubject fsaverage --srclabel /out/sourcedata/freesurfer/fsaverage/label/lh.hOc3v.mpm.vpnl.label --trgsubject sub-v2s16x51313_ses-1 --trglabel ./lh.hOc3v.mpm.vpnl.label --hemi lh --regmethod surface 


srclabel = /out/sourcedata/freesurfer/fsaverage/label/lh.hOc3v.mpm.vpnl.label
srcsubject = fsaverage
trgsubject = sub-v2s16x51313_ses-1
trglabel = ./lh.hOc3v.mpm.vpnl.label
regmethod = surface

srchemi = lh
trghemi = lh
trgsurface = white
srcsurfreg = sphere.reg
trgsurfreg = sphere.reg
usehash = 1
Use ProjAbs  = 0, 0
Use ProjFrac = 0, 0
DoPaint 0

SUBJECTS_DIR    /out/sourcedata/freesurfer
FREESURFER_HOME /opt/freesurfer
Loading source label.
Found 1286 points in source label.
Starting surface-based mapping
Reading source registration 
 /out/sourcedata/freesurfer/fsaverage/surf/lh.sphere.reg
Rescaling ...  original radius = 100
Reading target surface 
 /out/sourcedata/freesurfer/sub-v2s16x51313_ses-1/surf/lh.white
Reading target registration 
 /out/sourcedata/freesurfer/sub-v2s16x51313_ses-1/surf/lh.sphere.reg
Rescaling ...  original radius = 100
Building target registration hash (res=16).
Building source registration hash (res=16).
INFO: found  1286 nlabel points
Performing mapping from target back to the source label 135766
Number of reverse mapping hits = 718
Checking for and removing duplicates
Writing label file ./lh.hOc3v.mpm.vpnl.label 2004
mri_label2label: Done


 mri_label2label --srcsubject fsaverage --srclabel /out/sourcedata/freesurfer/fsaverage/label/lh.hOc4v.mpm.vpnl.label --trgsubject sub-v2s16x51313_ses-1 --trglabel ./lh.hOc4v.mpm.vpnl.label --hemi lh --regmethod surface 


srclabel = /out/sourcedata/freesurfer/fsaverage/label/lh.hOc4v.mpm.vpnl.label
srcsubject = fsaverage
trgsubject = sub-v2s16x51313_ses-1
trglabel = ./lh.hOc4v.mpm.vpnl.label
regmethod = surface

srchemi = lh
trghemi = lh
trgsurface = white
srcsurfreg = sphere.reg
trgsurfreg = sphere.reg
usehash = 1
Use ProjAbs  = 0, 0
Use ProjFrac = 0, 0
DoPaint 0

SUBJECTS_DIR    /out/sourcedata/freesurfer
FREESURFER_HOME /opt/freesurfer
Loading source label.
Found 1006 points in source label.
Starting surface-based mapping
Reading source registration 
 /out/sourcedata/freesurfer/fsaverage/surf/lh.sphere.reg
Rescaling ...  original radius = 100
Reading target surface 
 /out/sourcedata/freesurfer/sub-v2s16x51313_ses-1/surf/lh.white
Reading target registration 
 /out/sourcedata/freesurfer/sub-v2s16x51313_ses-1/surf/lh.sphere.reg
Rescaling ...  original radius = 100
Building target registration hash (res=16).
Building source registration hash (res=16).
INFO: found  1006 nlabel points
Performing mapping from target back to the source label 135766
Number of reverse mapping hits = 488
Checking for and removing duplicates
Writing label file ./lh.hOc4v.mpm.vpnl.label 1494
mri_label2label: Done


 mris_label2annot --s sub-v2s16x51313_ses-1 --ctab /opt/freesurfer/average/colortable_vpnl.txt --hemi lh --a mpm.vpnl --maxstatwinner --noverbose --l lh.FG1.mpm.vpnl.label --l lh.FG2.mpm.vpnl.label --l lh.FG3.mpm.vpnl.label --l lh.FG4.mpm.vpnl.label --l lh.hOc1.mpm.vpnl.label --l lh.hOc2.mpm.vpnl.label --l lh.hOc3v.mpm.vpnl.label --l lh.hOc4v.mpm.vpnl.label 

Reading ctab /opt/freesurfer/average/colortable_vpnl.txt
Number of ctab entries 9

7.3.2
cwd /out/sourcedata/freesurfer/sub-v2s16x51313_ses-1/label
cmdline mris_label2annot --s sub-v2s16x51313_ses-1 --ctab /opt/freesurfer/average/colortable_vpnl.txt --hemi lh --a mpm.vpnl --maxstatwinner --noverbose --l lh.FG1.mpm.vpnl.label --l lh.FG2.mpm.vpnl.label --l lh.FG3.mpm.vpnl.label --l lh.FG4.mpm.vpnl.label --l lh.hOc1.mpm.vpnl.label --l lh.hOc2.mpm.vpnl.label --l lh.hOc3v.mpm.vpnl.label --l lh.hOc4v.mpm.vpnl.label 
sysname  Linux
hostname dna020
machine  x86_64
user     oesteban

subject sub-v2s16x51313_ses-1
hemi    lh
SUBJECTS_DIR /out/sourcedata/freesurfer
ColorTable /opt/freesurfer/average/colortable_vpnl.txt
AnnotName  mpm.vpnl
nlables 8
LabelThresh 0 0.000000
Loading /out/sourcedata/freesurfer/sub-v2s16x51313_ses-1/surf/lh.orig
 1 1376057 FG1
 2 16711935 FG2
 3 16711680 FG3
 4 1705837 FG4
 5 25600 hOc1
 6 255 hOc2
 7 16776960 hOc3v
 8 65535 hOc4v
Mapping unhit to unknown
Found 118476 unhit vertices
Writing annot to /out/sourcedata/freesurfer/sub-v2s16x51313_ses-1/label/lh.mpm.vpnl.annot

 mri_label2label --srcsubject fsaverage --srclabel /out/sourcedata/freesurfer/fsaverage/label/lh.BA1_exvivo.thresh.label --trgsubject sub-v2s16x51313_ses-1 --trglabel ./lh.BA1_exvivo.thresh.label --hemi lh --regmethod surface 


srclabel = /out/sourcedata/freesurfer/fsaverage/label/lh.BA1_exvivo.thresh.label
srcsubject = fsaverage
trgsubject = sub-v2s16x51313_ses-1
trglabel = ./lh.BA1_exvivo.thresh.label
regmethod = surface

srchemi = lh
trghemi = lh
trgsurface = white
srcsurfreg = sphere.reg
trgsurfreg = sphere.reg
usehash = 1
Use ProjAbs  = 0, 0
Use ProjFrac = 0, 0
DoPaint 0

SUBJECTS_DIR    /out/sourcedata/freesurfer
FREESURFER_HOME /opt/freesurfer
Loading source label.
Found 1014 points in source label.
Starting surface-based mapping
Reading source registration 
 /out/sourcedata/freesurfer/fsaverage/surf/lh.sphere.reg
Rescaling ...  original radius = 100
Reading target surface 
 /out/sourcedata/freesurfer/sub-v2s16x51313_ses-1/surf/lh.white
Reading target registration 
 /out/sourcedata/freesurfer/sub-v2s16x51313_ses-1/surf/lh.sphere.reg
Rescaling ...  original radius = 100
Building target registration hash (res=16).
Building source registration hash (res=16).
INFO: found  1014 nlabel points
Performing mapping from target back to the source label 135766
Number of reverse mapping hits = 73
Checking for and removing duplicates
Writing label file ./lh.BA1_exvivo.thresh.label 1087
mri_label2label: Done


 mri_label2label --srcsubject fsaverage --srclabel /out/sourcedata/freesurfer/fsaverage/label/lh.BA2_exvivo.thresh.label --trgsubject sub-v2s16x51313_ses-1 --trglabel ./lh.BA2_exvivo.thresh.label --hemi lh --regmethod surface 


srclabel = /out/sourcedata/freesurfer/fsaverage/label/lh.BA2_exvivo.thresh.label
srcsubject = fsaverage
trgsubject = sub-v2s16x51313_ses-1
trglabel = ./lh.BA2_exvivo.thresh.label
regmethod = surface

srchemi = lh
trghemi = lh
trgsurface = white
srcsurfreg = sphere.reg
trgsurfreg = sphere.reg
usehash = 1
Use ProjAbs  = 0, 0
Use ProjFrac = 0, 0
DoPaint 0

SUBJECTS_DIR    /out/sourcedata/freesurfer
FREESURFER_HOME /opt/freesurfer
Loading source label.
Found 2092 points in source label.
Starting surface-based mapping
Reading source registration 
 /out/sourcedata/freesurfer/fsaverage/surf/lh.sphere.reg
Rescaling ...  original radius = 100
Reading target surface 
 /out/sourcedata/freesurfer/sub-v2s16x51313_ses-1/surf/lh.white
Reading target registration 
 /out/sourcedata/freesurfer/sub-v2s16x51313_ses-1/surf/lh.sphere.reg
Rescaling ...  original radius = 100
Building target registration hash (res=16).
Building source registration hash (res=16).
INFO: found  2092 nlabel points
Performing mapping from target back to the source label 135766
Number of reverse mapping hits = 1135
Checking for and removing duplicates
Writing label file ./lh.BA2_exvivo.thresh.label 3227
mri_label2label: Done


 mri_label2label --srcsubject fsaverage --srclabel /out/sourcedata/freesurfer/fsaverage/label/lh.BA3a_exvivo.thresh.label --trgsubject sub-v2s16x51313_ses-1 --trglabel ./lh.BA3a_exvivo.thresh.label --hemi lh --regmethod surface 


srclabel = /out/sourcedata/freesurfer/fsaverage/label/lh.BA3a_exvivo.thresh.label
srcsubject = fsaverage
trgsubject = sub-v2s16x51313_ses-1
trglabel = ./lh.BA3a_exvivo.thresh.label
regmethod = surface

srchemi = lh
trghemi = lh
trgsurface = white
srcsurfreg = sphere.reg
trgsurfreg = sphere.reg
usehash = 1
Use ProjAbs  = 0, 0
Use ProjFrac = 0, 0
DoPaint 0

SUBJECTS_DIR    /out/sourcedata/freesurfer
FREESURFER_HOME /opt/freesurfer
Loading source label.
Found 1504 points in source label.
Starting surface-based mapping
Reading source registration 
 /out/sourcedata/freesurfer/fsaverage/surf/lh.sphere.reg
Rescaling ...  original radius = 100
Reading target surface 
 /out/sourcedata/freesurfer/sub-v2s16x51313_ses-1/surf/lh.white
Reading target registration 
 /out/sourcedata/freesurfer/sub-v2s16x51313_ses-1/surf/lh.sphere.reg
Rescaling ...  original radius = 100
Building target registration hash (res=16).
Building source registration hash (res=16).
INFO: found  1504 nlabel points
Performing mapping from target back to the source label 135766
Number of reverse mapping hits = 28
Checking for and removing duplicates
Writing label file ./lh.BA3a_exvivo.thresh.label 1532
mri_label2label: Done


 mri_label2label --srcsubject fsaverage --srclabel /out/sourcedata/freesurfer/fsaverage/label/lh.BA3b_exvivo.thresh.label --trgsubject sub-v2s16x51313_ses-1 --trglabel ./lh.BA3b_exvivo.thresh.label --hemi lh --regmethod surface 


srclabel = /out/sourcedata/freesurfer/fsaverage/label/lh.BA3b_exvivo.thresh.label
srcsubject = fsaverage
trgsubject = sub-v2s16x51313_ses-1
trglabel = ./lh.BA3b_exvivo.thresh.label
regmethod = surface

srchemi = lh
trghemi = lh
trgsurface = white
srcsurfreg = sphere.reg
trgsurfreg = sphere.reg
usehash = 1
Use ProjAbs  = 0, 0
Use ProjFrac = 0, 0
DoPaint 0

SUBJECTS_DIR    /out/sourcedata/freesurfer
FREESURFER_HOME /opt/freesurfer
Loading source label.
Found 1996 points in source label.
Starting surface-based mapping
Reading source registration 
 /out/sourcedata/freesurfer/fsaverage/surf/lh.sphere.reg
Rescaling ...  original radius = 100
Reading target surface 
 /out/sourcedata/freesurfer/sub-v2s16x51313_ses-1/surf/lh.white
Reading target registration 
 /out/sourcedata/freesurfer/sub-v2s16x51313_ses-1/surf/lh.sphere.reg
Rescaling ...  original radius = 100
Building target registration hash (res=16).
Building source registration hash (res=16).
INFO: found  1996 nlabel points
Performing mapping from target back to the source label 135766
Number of reverse mapping hits = 104
Checking for and removing duplicates
Writing label file ./lh.BA3b_exvivo.thresh.label 2100
mri_label2label: Done


 mri_label2label --srcsubject fsaverage --srclabel /out/sourcedata/freesurfer/fsaverage/label/lh.BA4a_exvivo.thresh.label --trgsubject sub-v2s16x51313_ses-1 --trglabel ./lh.BA4a_exvivo.thresh.label --hemi lh --regmethod surface 


srclabel = /out/sourcedata/freesurfer/fsaverage/label/lh.BA4a_exvivo.thresh.label
srcsubject = fsaverage
trgsubject = sub-v2s16x51313_ses-1
trglabel = ./lh.BA4a_exvivo.thresh.label
regmethod = surface

srchemi = lh
trghemi = lh
trgsurface = white
srcsurfreg = sphere.reg
trgsurfreg = sphere.reg
usehash = 1
Use ProjAbs  = 0, 0
Use ProjFrac = 0, 0
DoPaint 0

SUBJECTS_DIR    /out/sourcedata/freesurfer
FREESURFER_HOME /opt/freesurfer
Loading source label.
Found 2319 points in source label.
Starting surface-based mapping
Reading source registration 
 /out/sourcedata/freesurfer/fsaverage/surf/lh.sphere.reg
Rescaling ...  original radius = 100
Reading target surface 
 /out/sourcedata/freesurfer/sub-v2s16x51313_ses-1/surf/lh.white
Reading target registration 
 /out/sourcedata/freesurfer/sub-v2s16x51313_ses-1/surf/lh.sphere.reg
Rescaling ...  original radius = 100
Building target registration hash (res=16).
Building source registration hash (res=16).
INFO: found  2319 nlabel points
Performing mapping from target back to the source label 135766
Number of reverse mapping hits = 67
Checking for and removing duplicates
Writing label file ./lh.BA4a_exvivo.thresh.label 2386
mri_label2label: Done


 mri_label2label --srcsubject fsaverage --srclabel /out/sourcedata/freesurfer/fsaverage/label/lh.BA4p_exvivo.thresh.label --trgsubject sub-v2s16x51313_ses-1 --trglabel ./lh.BA4p_exvivo.thresh.label --hemi lh --regmethod surface 


srclabel = /out/sourcedata/freesurfer/fsaverage/label/lh.BA4p_exvivo.thresh.label
srcsubject = fsaverage
trgsubject = sub-v2s16x51313_ses-1
trglabel = ./lh.BA4p_exvivo.thresh.label
regmethod = surface

srchemi = lh
trghemi = lh
trgsurface = white
srcsurfreg = sphere.reg
trgsurfreg = sphere.reg
usehash = 1
Use ProjAbs  = 0, 0
Use ProjFrac = 0, 0
DoPaint 0

SUBJECTS_DIR    /out/sourcedata/freesurfer
FREESURFER_HOME /opt/freesurfer
Loading source label.
Found 1549 points in source label.
Starting surface-based mapping
Reading source registration 
 /out/sourcedata/freesurfer/fsaverage/surf/lh.sphere.reg
Rescaling ...  original radius = 100
Reading target surface 
 /out/sourcedata/freesurfer/sub-v2s16x51313_ses-1/surf/lh.white
Reading target registration 
 /out/sourcedata/freesurfer/sub-v2s16x51313_ses-1/surf/lh.sphere.reg
Rescaling ...  original radius = 100
Building target registration hash (res=16).
Building source registration hash (res=16).
INFO: found  1549 nlabel points
Performing mapping from target back to the source label 135766
Number of reverse mapping hits = 45
Checking for and removing duplicates
Writing label file ./lh.BA4p_exvivo.thresh.label 1594
mri_label2label: Done


 mri_label2label --srcsubject fsaverage --srclabel /out/sourcedata/freesurfer/fsaverage/label/lh.BA6_exvivo.thresh.label --trgsubject sub-v2s16x51313_ses-1 --trglabel ./lh.BA6_exvivo.thresh.label --hemi lh --regmethod surface 


srclabel = /out/sourcedata/freesurfer/fsaverage/label/lh.BA6_exvivo.thresh.label
srcsubject = fsaverage
trgsubject = sub-v2s16x51313_ses-1
trglabel = ./lh.BA6_exvivo.thresh.label
regmethod = surface

srchemi = lh
trghemi = lh
trgsurface = white
srcsurfreg = sphere.reg
trgsurfreg = sphere.reg
usehash = 1
Use ProjAbs  = 0, 0
Use ProjFrac = 0, 0
DoPaint 0

SUBJECTS_DIR    /out/sourcedata/freesurfer
FREESURFER_HOME /opt/freesurfer
Loading source label.
Found 7035 points in source label.
Starting surface-based mapping
Reading source registration 
 /out/sourcedata/freesurfer/fsaverage/surf/lh.sphere.reg
Rescaling ...  original radius = 100
Reading target surface 
 /out/sourcedata/freesurfer/sub-v2s16x51313_ses-1/surf/lh.white
Reading target registration 
 /out/sourcedata/freesurfer/sub-v2s16x51313_ses-1/surf/lh.sphere.reg
Rescaling ...  original radius = 100
Building target registration hash (res=16).
Building source registration hash (res=16).
INFO: found  7035 nlabel points
Performing mapping from target back to the source label 135766
Number of reverse mapping hits = 252
Checking for and removing duplicates
Writing label file ./lh.BA6_exvivo.thresh.label 7287
mri_label2label: Done


 mri_label2label --srcsubject fsaverage --srclabel /out/sourcedata/freesurfer/fsaverage/label/lh.BA44_exvivo.thresh.label --trgsubject sub-v2s16x51313_ses-1 --trglabel ./lh.BA44_exvivo.thresh.label --hemi lh --regmethod surface 


srclabel = /out/sourcedata/freesurfer/fsaverage/label/lh.BA44_exvivo.thresh.label
srcsubject = fsaverage
trgsubject = sub-v2s16x51313_ses-1
trglabel = ./lh.BA44_exvivo.thresh.label
regmethod = surface

srchemi = lh
trghemi = lh
trgsurface = white
srcsurfreg = sphere.reg
trgsurfreg = sphere.reg
usehash = 1
Use ProjAbs  = 0, 0
Use ProjFrac = 0, 0
DoPaint 0

SUBJECTS_DIR    /out/sourcedata/freesurfer
FREESURFER_HOME /opt/freesurfer
Loading source label.
Found 1912 points in source label.
Starting surface-based mapping
Reading source registration 
 /out/sourcedata/freesurfer/fsaverage/surf/lh.sphere.reg
Rescaling ...  original radius = 100
Reading target surface 
 /out/sourcedata/freesurfer/sub-v2s16x51313_ses-1/surf/lh.white
Reading target registration 
 /out/sourcedata/freesurfer/sub-v2s16x51313_ses-1/surf/lh.sphere.reg
Rescaling ...  original radius = 100
Building target registration hash (res=16).
Building source registration hash (res=16).
INFO: found  1912 nlabel points
Performing mapping from target back to the source label 135766
Number of reverse mapping hits = 15
Checking for and removing duplicates
Writing label file ./lh.BA44_exvivo.thresh.label 1927
mri_label2label: Done


 mri_label2label --srcsubject fsaverage --srclabel /out/sourcedata/freesurfer/fsaverage/label/lh.BA45_exvivo.thresh.label --trgsubject sub-v2s16x51313_ses-1 --trglabel ./lh.BA45_exvivo.thresh.label --hemi lh --regmethod surface 


srclabel = /out/sourcedata/freesurfer/fsaverage/label/lh.BA45_exvivo.thresh.label
srcsubject = fsaverage
trgsubject = sub-v2s16x51313_ses-1
trglabel = ./lh.BA45_exvivo.thresh.label
regmethod = surface

srchemi = lh
trghemi = lh
trgsurface = white
srcsurfreg = sphere.reg
trgsurfreg = sphere.reg
usehash = 1
Use ProjAbs  = 0, 0
Use ProjFrac = 0, 0
DoPaint 0

SUBJECTS_DIR    /out/sourcedata/freesurfer
FREESURFER_HOME /opt/freesurfer
Loading source label.
Found 1151 points in source label.
Starting surface-based mapping
Reading source registration 
 /out/sourcedata/freesurfer/fsaverage/surf/lh.sphere.reg
Rescaling ...  original radius = 100
Reading target surface 
 /out/sourcedata/freesurfer/sub-v2s16x51313_ses-1/surf/lh.white
Reading target registration 
 /out/sourcedata/freesurfer/sub-v2s16x51313_ses-1/surf/lh.sphere.reg
Rescaling ...  original radius = 100
Building target registration hash (res=16).
Building source registration hash (res=16).
INFO: found  1151 nlabel points
Performing mapping from target back to the source label 135766
Number of reverse mapping hits = 34
Checking for and removing duplicates
Writing label file ./lh.BA45_exvivo.thresh.label 1185
mri_label2label: Done


 mri_label2label --srcsubject fsaverage --srclabel /out/sourcedata/freesurfer/fsaverage/label/lh.V1_exvivo.thresh.label --trgsubject sub-v2s16x51313_ses-1 --trglabel ./lh.V1_exvivo.thresh.label --hemi lh --regmethod surface 


srclabel = /out/sourcedata/freesurfer/fsaverage/label/lh.V1_exvivo.thresh.label
srcsubject = fsaverage
trgsubject = sub-v2s16x51313_ses-1
trglabel = ./lh.V1_exvivo.thresh.label
regmethod = surface

srchemi = lh
trghemi = lh
trgsurface = white
srcsurfreg = sphere.reg
trgsurfreg = sphere.reg
usehash = 1
Use ProjAbs  = 0, 0
Use ProjFrac = 0, 0
DoPaint 0

SUBJECTS_DIR    /out/sourcedata/freesurfer
FREESURFER_HOME /opt/freesurfer
Loading source label.
Found 3405 points in source label.
Starting surface-based mapping
Reading source registration 
 /out/sourcedata/freesurfer/fsaverage/surf/lh.sphere.reg
Rescaling ...  original radius = 100
Reading target surface 
 /out/sourcedata/freesurfer/sub-v2s16x51313_ses-1/surf/lh.white
Reading target registration 
 /out/sourcedata/freesurfer/sub-v2s16x51313_ses-1/surf/lh.sphere.reg
Rescaling ...  original radius = 100
Building target registration hash (res=16).
Building source registration hash (res=16).
INFO: found  3405 nlabel points
Performing mapping from target back to the source label 135766
Number of reverse mapping hits = 1059
Checking for and removing duplicates
Writing label file ./lh.V1_exvivo.thresh.label 4464
mri_label2label: Done


 mri_label2label --srcsubject fsaverage --srclabel /out/sourcedata/freesurfer/fsaverage/label/lh.V2_exvivo.thresh.label --trgsubject sub-v2s16x51313_ses-1 --trglabel ./lh.V2_exvivo.thresh.label --hemi lh --regmethod surface 


srclabel = /out/sourcedata/freesurfer/fsaverage/label/lh.V2_exvivo.thresh.label
srcsubject = fsaverage
trgsubject = sub-v2s16x51313_ses-1
trglabel = ./lh.V2_exvivo.thresh.label
regmethod = surface

srchemi = lh
trghemi = lh
trgsurface = white
srcsurfreg = sphere.reg
trgsurfreg = sphere.reg
usehash = 1
Use ProjAbs  = 0, 0
Use ProjFrac = 0, 0
DoPaint 0

SUBJECTS_DIR    /out/sourcedata/freesurfer
FREESURFER_HOME /opt/freesurfer
Loading source label.
Found 3334 points in source label.
Starting surface-based mapping
Reading source registration 
 /out/sourcedata/freesurfer/fsaverage/surf/lh.sphere.reg
Rescaling ...  original radius = 100
Reading target surface 
 /out/sourcedata/freesurfer/sub-v2s16x51313_ses-1/surf/lh.white
Reading target registration 
 /out/sourcedata/freesurfer/sub-v2s16x51313_ses-1/surf/lh.sphere.reg
Rescaling ...  original radius = 100
Building target registration hash (res=16).
Building source registration hash (res=16).
INFO: found  3334 nlabel points
Performing mapping from target back to the source label 135766
Number of reverse mapping hits = 1403
Checking for and removing duplicates
Writing label file ./lh.V2_exvivo.thresh.label 4737
mri_label2label: Done


 mri_label2label --srcsubject fsaverage --srclabel /out/sourcedata/freesurfer/fsaverage/label/lh.MT_exvivo.thresh.label --trgsubject sub-v2s16x51313_ses-1 --trglabel ./lh.MT_exvivo.thresh.label --hemi lh --regmethod surface 


srclabel = /out/sourcedata/freesurfer/fsaverage/label/lh.MT_exvivo.thresh.label
srcsubject = fsaverage
trgsubject = sub-v2s16x51313_ses-1
trglabel = ./lh.MT_exvivo.thresh.label
regmethod = surface

srchemi = lh
trghemi = lh
trgsurface = white
srcsurfreg = sphere.reg
trgsurfreg = sphere.reg
usehash = 1
Use ProjAbs  = 0, 0
Use ProjFrac = 0, 0
DoPaint 0

SUBJECTS_DIR    /out/sourcedata/freesurfer
FREESURFER_HOME /opt/freesurfer
Loading source label.
Found 513 points in source label.
Starting surface-based mapping
Reading source registration 
 /out/sourcedata/freesurfer/fsaverage/surf/lh.sphere.reg
Rescaling ...  original radius = 100
Reading target surface 
 /out/sourcedata/freesurfer/sub-v2s16x51313_ses-1/surf/lh.white
Reading target registration 
 /out/sourcedata/freesurfer/sub-v2s16x51313_ses-1/surf/lh.sphere.reg
Rescaling ...  original radius = 100
Building target registration hash (res=16).
Building source registration hash (res=16).
INFO: found  513 nlabel points
Performing mapping from target back to the source label 135766
Number of reverse mapping hits = 97
Checking for and removing duplicates
Writing label file ./lh.MT_exvivo.thresh.label 610
mri_label2label: Done


 mri_label2label --srcsubject fsaverage --srclabel /out/sourcedata/freesurfer/fsaverage/label/lh.entorhinal_exvivo.thresh.label --trgsubject sub-v2s16x51313_ses-1 --trglabel ./lh.entorhinal_exvivo.thresh.label --hemi lh --regmethod surface 


srclabel = /out/sourcedata/freesurfer/fsaverage/label/lh.entorhinal_exvivo.thresh.label
srcsubject = fsaverage
trgsubject = sub-v2s16x51313_ses-1
trglabel = ./lh.entorhinal_exvivo.thresh.label
regmethod = surface

srchemi = lh
trghemi = lh
trgsurface = white
srcsurfreg = sphere.reg
trgsurfreg = sphere.reg
usehash = 1
Use ProjAbs  = 0, 0
Use ProjFrac = 0, 0
DoPaint 0

SUBJECTS_DIR    /out/sourcedata/freesurfer
FREESURFER_HOME /opt/freesurfer
Loading source label.
Found 470 points in source label.
Starting surface-based mapping
Reading source registration 
 /out/sourcedata/freesurfer/fsaverage/surf/lh.sphere.reg
Rescaling ...  original radius = 100
Reading target surface 
 /out/sourcedata/freesurfer/sub-v2s16x51313_ses-1/surf/lh.white
Reading target registration 
 /out/sourcedata/freesurfer/sub-v2s16x51313_ses-1/surf/lh.sphere.reg
Rescaling ...  original radius = 100
Building target registration hash (res=16).
Building source registration hash (res=16).
INFO: found  470 nlabel points
Performing mapping from target back to the source label 135766
Number of reverse mapping hits = 23
Checking for and removing duplicates
Writing label file ./lh.entorhinal_exvivo.thresh.label 493
mri_label2label: Done


 mri_label2label --srcsubject fsaverage --srclabel /out/sourcedata/freesurfer/fsaverage/label/lh.perirhinal_exvivo.thresh.label --trgsubject sub-v2s16x51313_ses-1 --trglabel ./lh.perirhinal_exvivo.thresh.label --hemi lh --regmethod surface 


srclabel = /out/sourcedata/freesurfer/fsaverage/label/lh.perirhinal_exvivo.thresh.label
srcsubject = fsaverage
trgsubject = sub-v2s16x51313_ses-1
trglabel = ./lh.perirhinal_exvivo.thresh.label
regmethod = surface

srchemi = lh
trghemi = lh
trgsurface = white
srcsurfreg = sphere.reg
trgsurfreg = sphere.reg
usehash = 1
Use ProjAbs  = 0, 0
Use ProjFrac = 0, 0
DoPaint 0

SUBJECTS_DIR    /out/sourcedata/freesurfer
FREESURFER_HOME /opt/freesurfer
Loading source label.
Found 450 points in source label.
Starting surface-based mapping
Reading source registration 
 /out/sourcedata/freesurfer/fsaverage/surf/lh.sphere.reg
Rescaling ...  original radius = 100
Reading target surface 
 /out/sourcedata/freesurfer/sub-v2s16x51313_ses-1/surf/lh.white
Reading target registration 
 /out/sourcedata/freesurfer/sub-v2s16x51313_ses-1/surf/lh.sphere.reg
Rescaling ...  original radius = 100
Building target registration hash (res=16).
Building source registration hash (res=16).
INFO: found  450 nlabel points
Performing mapping from target back to the source label 135766
Number of reverse mapping hits = 14
Checking for and removing duplicates
Writing label file ./lh.perirhinal_exvivo.thresh.label 464
mri_label2label: Done


 mris_label2annot --s sub-v2s16x51313_ses-1 --hemi lh --ctab /opt/freesurfer/average/colortable_BA.txt --l lh.BA1_exvivo.label --l lh.BA2_exvivo.label --l lh.BA3a_exvivo.label --l lh.BA3b_exvivo.label --l lh.BA4a_exvivo.label --l lh.BA4p_exvivo.label --l lh.BA6_exvivo.label --l lh.BA44_exvivo.label --l lh.BA45_exvivo.label --l lh.V1_exvivo.label --l lh.V2_exvivo.label --l lh.MT_exvivo.label --l lh.perirhinal_exvivo.label --l lh.entorhinal_exvivo.label --a BA_exvivo --maxstatwinner --noverbose 

Reading ctab /opt/freesurfer/average/colortable_BA.txt
Number of ctab entries 15

7.3.2
cwd /out/sourcedata/freesurfer/sub-v2s16x51313_ses-1/label
cmdline mris_label2annot --s sub-v2s16x51313_ses-1 --hemi lh --ctab /opt/freesurfer/average/colortable_BA.txt --l lh.BA1_exvivo.label --l lh.BA2_exvivo.label --l lh.BA3a_exvivo.label --l lh.BA3b_exvivo.label --l lh.BA4a_exvivo.label --l lh.BA4p_exvivo.label --l lh.BA6_exvivo.label --l lh.BA44_exvivo.label --l lh.BA45_exvivo.label --l lh.V1_exvivo.label --l lh.V2_exvivo.label --l lh.MT_exvivo.label --l lh.perirhinal_exvivo.label --l lh.entorhinal_exvivo.label --a BA_exvivo --maxstatwinner --noverbose 
sysname  Linux
hostname dna020
machine  x86_64
user     oesteban

subject sub-v2s16x51313_ses-1
hemi    lh
SUBJECTS_DIR /out/sourcedata/freesurfer
ColorTable /opt/freesurfer/average/colortable_BA.txt
AnnotName  BA_exvivo
nlables 14
LabelThresh 0 0.000000
Loading /out/sourcedata/freesurfer/sub-v2s16x51313_ses-1/surf/lh.orig
 1 1530880 BA1_exvivo
 2 16749699 BA2_exvivo
 3 16711680 BA3a_exvivo
 4 3368703 BA3b_exvivo
 5 1376196 BA4a_exvivo
 6 13382655 BA4p_exvivo
 7 10036737 BA6_exvivo
 8 2490521 BA44_exvivo
 9 39283 BA45_exvivo
10 3993 V1_exvivo
11 8508928 V2_exvivo
12 10027163 MT_exvivo
13 16422433 perirhinal_exvivo
14 16392598 entorhinal_exvivo
Mapping unhit to unknown
Found 91165 unhit vertices
Writing annot to /out/sourcedata/freesurfer/sub-v2s16x51313_ses-1/label/lh.BA_exvivo.annot

 mris_label2annot --s sub-v2s16x51313_ses-1 --hemi lh --ctab /opt/freesurfer/average/colortable_BA.txt --l lh.BA1_exvivo.thresh.label --l lh.BA2_exvivo.thresh.label --l lh.BA3a_exvivo.thresh.label --l lh.BA3b_exvivo.thresh.label --l lh.BA4a_exvivo.thresh.label --l lh.BA4p_exvivo.thresh.label --l lh.BA6_exvivo.thresh.label --l lh.BA44_exvivo.thresh.label --l lh.BA45_exvivo.thresh.label --l lh.V1_exvivo.thresh.label --l lh.V2_exvivo.thresh.label --l lh.MT_exvivo.thresh.label --l lh.perirhinal_exvivo.thresh.label --l lh.entorhinal_exvivo.thresh.label --a BA_exvivo.thresh --maxstatwinner --noverbose 

Reading ctab /opt/freesurfer/average/colortable_BA.txt
Number of ctab entries 15

7.3.2
cwd /out/sourcedata/freesurfer/sub-v2s16x51313_ses-1/label
cmdline mris_label2annot --s sub-v2s16x51313_ses-1 --hemi lh --ctab /opt/freesurfer/average/colortable_BA.txt --l lh.BA1_exvivo.thresh.label --l lh.BA2_exvivo.thresh.label --l lh.BA3a_exvivo.thresh.label --l lh.BA3b_exvivo.thresh.label --l lh.BA4a_exvivo.thresh.label --l lh.BA4p_exvivo.thresh.label --l lh.BA6_exvivo.thresh.label --l lh.BA44_exvivo.thresh.label --l lh.BA45_exvivo.thresh.label --l lh.V1_exvivo.thresh.label --l lh.V2_exvivo.thresh.label --l lh.MT_exvivo.thresh.label --l lh.perirhinal_exvivo.thresh.label --l lh.entorhinal_exvivo.thresh.label --a BA_exvivo.thresh --maxstatwinner --noverbose 
sysname  Linux
hostname dna020
machine  x86_64
user     oesteban

subject sub-v2s16x51313_ses-1
hemi    lh
SUBJECTS_DIR /out/sourcedata/freesurfer
ColorTable /opt/freesurfer/average/colortable_BA.txt
AnnotName  BA_exvivo.thresh
nlables 14
LabelThresh 0 0.000000
Loading /out/sourcedata/freesurfer/sub-v2s16x51313_ses-1/surf/lh.orig
 1 1530880 BA1_exvivo
 2 16749699 BA2_exvivo
 3 16711680 BA3a_exvivo
 4 3368703 BA3b_exvivo
 5 1376196 BA4a_exvivo
 6 13382655 BA4p_exvivo
 7 10036737 BA6_exvivo
 8 2490521 BA44_exvivo
 9 39283 BA45_exvivo
10 3993 V1_exvivo
11 8508928 V2_exvivo
12 10027163 MT_exvivo
13 16422433 perirhinal_exvivo
14 16392598 entorhinal_exvivo
Mapping unhit to unknown
Found 109120 unhit vertices
Writing annot to /out/sourcedata/freesurfer/sub-v2s16x51313_ses-1/label/lh.BA_exvivo.thresh.annot

 mris_anatomical_stats -th3 -mgz -noglobal -f ../stats/lh.BA_exvivo.stats -b -a ./lh.BA_exvivo.annot -c ./BA_exvivo.ctab sub-v2s16x51313_ses-1 lh white 

computing statistics for each annotation in ./lh.BA_exvivo.annot.
reading volume /out/sourcedata/freesurfer/sub-v2s16x51313_ses-1/mri/wm.mgz...
reading input surface /out/sourcedata/freesurfer/sub-v2s16x51313_ses-1/surf/lh.white...
reading input pial surface /out/sourcedata/freesurfer/sub-v2s16x51313_ses-1/surf/lh.pial...
reading input white surface /out/sourcedata/freesurfer/sub-v2s16x51313_ses-1/surf/lh.white...
INFO: using TH3 volume calc
INFO: assuming MGZ format for volumes.
INFO: not computing global stats
Using TH3 vertex volume calc
Total face volume 266589
Total vertex volume 266341 (mask=0)
Saving annotation colortable ./BA_exvivo.ctab

table columns are:
    number of vertices
    total surface area (mm^2)
    total gray matter volume (mm^3)
    average cortical thickness +- standard deviation (mm)
    integrated rectified mean curvature
    integrated rectified Gaussian curvature
    folding index
    intrinsic curvature index
    structure name

 1314    912   2971  2.456 0.760     0.134     0.028       16     1.4  BA1_exvivo
 5818   3954   9651  2.359 0.589     0.114     0.020       51     4.9  BA2_exvivo
 1252    822   1213  1.972 0.488     0.127     0.024       10     1.3  BA3a_exvivo
 2899   2017   4412  1.931 0.715     0.105     0.017       25     2.1  BA3b_exvivo
 1730   1109   3613  2.817 0.509     0.089     0.014       11     1.0  BA4a_exvivo
 1483    972   2208  2.491 0.387     0.098     0.017        8     1.1  BA4p_exvivo
 9644   6666  22348  2.861 0.645     0.111     0.018       81     7.7  BA6_exvivo
 1967   1421   4603  2.754 0.601     0.117     0.020       17     1.7  BA44_exvivo
 2041   1463   4486  2.429 0.696     0.125     0.029       22     2.3  BA45_exvivo
 4037   2988   5253  1.782 0.492     0.139     0.028       50     5.1  V1_exvivo
 9063   6635  15792  2.257 0.582     0.147     0.031      115    12.3  V2_exvivo
 2097   1494   4272  2.462 0.622     0.132     0.025       23     2.2  MT_exvivo
  664    476   2120  3.293 0.758     0.112     0.020        6     0.6  perirhinal_exvivo
  592    382   2225  3.542 1.143     0.114     0.026        7     0.8  entorhinal_exvivo

 mris_anatomical_stats -th3 -mgz -f ../stats/lh.BA_exvivo.thresh.stats -noglobal -b -a ./lh.BA_exvivo.thresh.annot -c ./BA_exvivo.thresh.ctab sub-v2s16x51313_ses-1 lh white 

computing statistics for each annotation in ./lh.BA_exvivo.thresh.annot.
reading volume /out/sourcedata/freesurfer/sub-v2s16x51313_ses-1/mri/wm.mgz...
reading input surface /out/sourcedata/freesurfer/sub-v2s16x51313_ses-1/surf/lh.white...
reading input pial surface /out/sourcedata/freesurfer/sub-v2s16x51313_ses-1/surf/lh.pial...
reading input white surface /out/sourcedata/freesurfer/sub-v2s16x51313_ses-1/surf/lh.white...
INFO: using TH3 volume calc
INFO: assuming MGZ format for volumes.
INFO: not computing global stats
Using TH3 vertex volume calc
Total face volume 266589
Total vertex volume 266341 (mask=0)
Saving annotation colortable ./BA_exvivo.thresh.ctab

table columns are:
    number of vertices
    total surface area (mm^2)
    total gray matter volume (mm^3)
    average cortical thickness +- standard deviation (mm)
    integrated rectified mean curvature
    integrated rectified Gaussian curvature
    folding index
    intrinsic curvature index
    structure name

  867    598   2119  2.482 0.825     0.147     0.031       12     1.1  BA1_exvivo
 3111   2133   5235  2.290 0.593     0.112     0.020       27     2.6  BA2_exvivo
  997    651    906  1.914 0.403     0.131     0.026        8     1.0  BA3a_exvivo
 1650   1109   1728  1.496 0.381     0.085     0.011       10     0.8  BA3b_exvivo
 1676   1057   3291  2.800 0.450     0.078     0.011        8     0.7  BA4a_exvivo
 1165    774   1717  2.443 0.418     0.098     0.018        6     0.9  BA4p_exvivo
 5270   3577  11990  2.885 0.604     0.110     0.018       43     4.1  BA6_exvivo
 1113    830   2781  2.754 0.602     0.130     0.022       12     1.2  BA44_exvivo
  822    601   2374  2.733 0.686     0.137     0.037       10     1.2  BA45_exvivo
 4226   3172   5737  1.796 0.499     0.136     0.028       50     5.0  V1_exvivo
 4549   3343   7651  2.182 0.559     0.157     0.034       66     6.9  V2_exvivo
  558    398    959  2.262 0.485     0.126     0.021        6     0.5  MT_exvivo
  273    189    697  3.307 0.699     0.100     0.014        2     0.2  perirhinal_exvivo
  369    236   1461  4.006 0.651     0.089     0.014        2     0.2  entorhinal_exvivo

Started at Wed Mar 11 14:36:48 CET 2026 
Ended   at Wed Mar 11 14:39:41 CET 2026
#@#%# recon-all-run-time-hours 0.048
recon-all -s sub-v2s16x51313_ses-1 finished without error at Wed Mar 11 14:39:41 CET 2026
