global_signal	global_signal_derivative1	global_signal_derivative1_power2	global_signal_power2	csf	csf_derivative1	csf_derivative1_power2	csf_power2	white_matter	white_matter_derivative1	white_matter_power2	white_matter_derivative1_power2	csf_wm	tcompcor	std_dvars	dvars	framewise_displacement	rmsd	t_comp_cor_00	t_comp_cor_01	t_comp_cor_02	t_comp_cor_03	t_comp_cor_04	t_comp_cor_05	t_comp_cor_06	t_comp_cor_07	c_comp_cor_00	c_comp_cor_01	c_comp_cor_02	c_comp_cor_03	c_comp_cor_04	c_comp_cor_05	c_comp_cor_06	c_comp_cor_07	w_comp_cor_00	w_comp_cor_01	w_comp_cor_02	w_comp_cor_03	w_comp_cor_04	w_comp_cor_05	w_comp_cor_06	w_comp_cor_07	w_comp_cor_08	w_comp_cor_09	w_comp_cor_10	w_comp_cor_11	w_comp_cor_12	w_comp_cor_13	w_comp_cor_14	w_comp_cor_15	w_comp_cor_16	w_comp_cor_17	w_comp_cor_18	w_comp_cor_19	w_comp_cor_20	w_comp_cor_21	w_comp_cor_22	w_comp_cor_23	w_comp_cor_24	w_comp_cor_25	w_comp_cor_26	w_comp_cor_27	w_comp_cor_28	w_comp_cor_29	w_comp_cor_30	w_comp_cor_31	w_comp_cor_32	w_comp_cor_33	w_comp_cor_34	w_comp_cor_35	w_comp_cor_36	w_comp_cor_37	w_comp_cor_38	w_comp_cor_39	w_comp_cor_40	a_comp_cor_00	a_comp_cor_01	a_comp_cor_02	a_comp_cor_03	a_comp_cor_04	a_comp_cor_05	a_comp_cor_06	a_comp_cor_07	a_comp_cor_08	a_comp_cor_09	a_comp_cor_10	a_comp_cor_11	a_comp_cor_12	a_comp_cor_13	a_comp_cor_14	a_comp_cor_15	a_comp_cor_16	a_comp_cor_17	a_comp_cor_18	a_comp_cor_19	a_comp_cor_20	a_comp_cor_21	a_comp_cor_22	a_comp_cor_23	a_comp_cor_24	a_comp_cor_25	a_comp_cor_26	a_comp_cor_27	a_comp_cor_28	a_comp_cor_29	a_comp_cor_30	a_comp_cor_31	a_comp_cor_32	a_comp_cor_33	a_comp_cor_34	a_comp_cor_35	a_comp_cor_36	a_comp_cor_37	a_comp_cor_38	edge_comp_00	edge_comp_01	edge_comp_02	edge_comp_03	edge_comp_04	edge_comp_05	edge_comp_06	edge_comp_07	edge_comp_08	edge_comp_09	edge_comp_10	edge_comp_11	edge_comp_12	edge_comp_13	edge_comp_14	edge_comp_15	edge_comp_16	edge_comp_17	edge_comp_18	edge_comp_19	edge_comp_20	edge_comp_21	edge_comp_22	edge_comp_23	cosine00	cosine01	cosine02	cosine03	trans_x	trans_x_derivative1	trans_x_derivative1_power2	trans_x_power2	trans_y	trans_y_derivative1	trans_y_power2	trans_y_derivative1_power2	trans_z	trans_z_derivative1	trans_z_derivative1_power2	trans_z_power2	rot_x	rot_x_derivative1	rot_x_derivative1_power2	rot_x_power2	rot_y	rot_y_derivative1	rot_y_derivative1_power2	rot_y_power2	rot_z	rot_z_derivative1	rot_z_derivative1_power2	rot_z_power2	motion_outlier00	motion_outlier01
897.2974432361051	n/a	n/a	805142.7016380512	964.9871313057694	n/a	n/a	931200.1635857382	831.7580844803362	n/a	691821.511098398	n/a	835.9016730146294	668.839344043473	n/a	n/a	n/a	n/a	-0.0446430072	-0.0675287881	0.0074628517	0.066546831	-0.0693377026	0.1923766511	-0.0158887489	0.0387543043	-0.0501391605	0.0617427764	-0.1294107677	0.0502598176	-0.1966028114	0.0568545039	-0.0609856655	0.1644803684	-0.1197175323	0.0061548473	-0.1321170488	0.1181397207	-0.1265754273	-0.097011851	0.0337704082	-0.0478228553	0.0743989824	-0.0097561791	0.0492233755	-0.1340428222	0.0015073208	-0.1780740033	5.23595e-05	-0.061930688	0.0769681834	-0.0159981958	0.0123316152	0.0938719602	-0.0282371343	0.0057518931	0.0508812486	-0.1070847843	0.1291435011	0.0555479239	-0.0428949618	-0.0030204719	-0.0456260626	0.1103490761	0.0079921032	-0.1585787235	-0.0487118435	-0.0553821682	0.1381079873	0.1125979874	-0.1232027441	-0.0267054598	-0.0006031752	0.0670819711	0.0160494087	0.0935028922	-0.0107529004	0.2066768194	-0.0461362951	0.0992827261	-0.0274909239	0.1078266935	-0.0546076943	0.0864020296	-0.0310850029	0.0615313046	-0.0472492567	0.0167170267	-0.1349501699	0.0831086528	-0.0250228546	0.0625879585	-0.1528092386	0.1274962318	-0.0178236384	0.0935839981	-0.0503537752	0.1961714502	-0.0147087196	-0.0529663481	0.1517156937	0.0524866717	-0.0217264499	-0.0405756383	-0.0191254765	-0.1320797429	0.2044233425	-0.0529565726	-0.0243506368	-0.1646716268	0.0576913522	0.0065726694	0.026515334	-0.0928533404	-0.1644680645	0.0374345966	-0.0494534867	0.0832597544	0.0238462788	-0.0380130702	0.0067078213	-0.1708215892	0.0196031741	-0.0590766595	0.0548450455	-0.0270378358	0.0528723473	-0.0152353815	0.0163814293	-0.1892392978	-0.0506264557	0.1611137626	-0.0885624531	0.000295221	-0.001774796	0.0529193013	-0.0803226949	0.1488313449	0.1290883846	0.1290552057	0.1289999139	0.1289225186	-0.0063392759451517	n/a	n/a	4.018641950877898e-05	-0.0349040267420548	n/a	0.00121829108281	n/a	-0.0169366697997901	n/a	n/a	0.0002868507839071	-0.0012033340887606	n/a	n/a	1.4480129291733033e-06	-0.0004419539295985	n/a	n/a	1.953232758875559e-07	0.0007532344503409	n/a	n/a	5.673621371803577e-07	0.0	0.0
894.182928970131	-3.114514265974094	9.70019911295615	799563.1104616023	958.1389077130486	-6.848223592720728	46.8981663758968	918030.166473554	831.079651409427	-0.6784330709091364	690693.3869868147	0.4602714317032013	834.8309702517024	662.1888328251209	1.008307	22.750534	0.1615663418377864	0.0791927420855186	-0.02853103	0.0826414016	0.0635945609	-0.0938130859	-0.0767356534	0.1823368171	-0.1154733495	0.0132743744	-0.0860522804	-0.0667791701	-0.0426666442	0.1160125131	-0.03386681	0.1007839841	-0.1394921916	-0.0629237068	0.0655028714	0.0101909873	-0.1664115024	0.0352749899	0.1248571337	-0.0211957593	-0.0987278118	-0.0111390275	-0.0547550798	-0.1182426572	0.0937379465	-0.0998348	-0.0765286428	-0.1158861889	0.061526682	0.1065491865	0.054916303	-0.0208531085	-0.0289888037	0.183764175	-0.0616085768	0.0396795411	-0.0775679537	0.0487620418	0.0048901906	-0.0094192318	-0.0217082458	0.0880565093	0.0349558965	0.0831267001	0.2419148229	0.004394036	0.0610498844	-0.1455465066	0.0817603075	0.0396838923	0.0399765056	0.1035707961	-0.00875321	-0.0543926782	0.0817665232	-0.066734262	-0.058044703	0.1574892986	-0.1485892209	-0.0981821441	0.0695497082	-0.0454200018	-0.0053338529	0.0405897104	-0.1252594352	-0.0893831945	0.118801749	0.023128131	-0.1329520816	0.0213457789	-0.0251354118	-0.0344289469	0.0095563181	0.1249993647	0.0599612963	0.0336600519	-0.007745057	0.11253702	0.0644123781	-0.0795085507	0.0889620617	0.0039114397	0.0562587793	0.019344102	-0.059343671	0.0558319627	0.0172239741	-0.1359007712	-0.0697980346	-0.0014572956	0.0395116745	-0.0049468778	-0.102761026	-0.0337099704	-0.0407939008	0.0241227899	0.0182980703	0.0135300718	0.101761615	-0.0536769359	-0.0726288516	-0.0685655614	0.0031169191	-0.1223259615	0.0888569215	0.0111758635	0.0121791466	-0.008530482	-0.0062831244	-0.1188068697	0.028989378	0.0955471703	-0.0424684829	-0.1465689712	-0.0258221756	0.1177160211	-0.1225522608	0.0974998911	0.1289999139	0.1287014744	0.1282045865	0.1275100165	-0.0460453272292795	-0.0397060512841278	0.0015765705085777	0.0021201721596514	-0.0200741057562652	0.0148299209857895	0.0004029697219137	0.0002199265564447	0.041178006015599	0.058114675815389	0.0033773155451277	0.0016956281794207	-0.0013790319254329	-0.0001756978366723	3.0869729811326234e-08	1.9017290513631717e-06	-0.0007768396548482	-0.0003348857252496	1.1214844897601755e-07	6.034798493446704e-07	0.0012209647634685	0.0004677303131276	2.1877164581844278e-07	1.49075495363169e-06	0.0	0.0
894.0723962146828	-0.1105327554481618	0.0122174900269631	799365.4496730649	951.8026214300418	-6.336286283006871	40.14852386022103	905928.2301610996	830.7426955115716	-0.3369558978554323	690133.4261458317	0.1135392770995605	833.5165896370811	662.10758665487	0.962147	21.709042	0.1106708928777379	0.0583967566227255	6.38422e-05	0.1120596178	0.0922747534	-0.0233703629	0.0494962416	0.1100789301	-0.0850118115	-0.0764812411	-0.0121762294	-0.1366936662	0.0627272174	0.1454463217	0.1009505349	-0.0351299174	-0.0828948297	-0.1348190423	0.0858660425	-0.0438354958	-0.1777066827	0.054561482	-0.0910002647	-0.0078493799	-0.1290601762	-0.0523948464	-0.0859978625	0.043314583	0.0311529911	0.0086953649	0.021648285	0.0968457867	0.0445886135	0.0688963182	-0.0715897135	-0.1028614214	0.0737171434	-0.1273105304	-0.012342578	-0.057148218	0.02843082	0.0494040226	-0.0610508189	-0.0090504542	-0.0697189945	0.0540753968	-0.0478646008	-0.014055866	-0.1171418844	0.0049111631	0.048243923	-0.0421006674	0.0989798178	-0.0151405961	-0.0975578336	0.0365102005	0.0494618315	0.0232176378	0.0158041301	-0.1002192205	-0.0065856585	0.1532754526	-0.0921921702	0.0202761231	0.0400106892	-0.0710971571	-0.0922790289	0.0139313094	0.007723252	-0.1249459048	-0.0686900652	-0.0329791041	0.0496243038	0.0298497947	0.0209021166	-0.0762543014	0.0873821294	0.0271702236	-0.123606447	0.0585042171	-7.77701e-05	0.0016095764	0.0183096424	-0.0759748726	-0.0984171717	0.0858116762	-0.0592412205	0.0293366434	0.0172644722	-0.0654285799	0.0456276974	0.0792926363	0.0396623233	0.2189359808	-0.0946330396	0.0811666567	0.0811631044	-0.0854527733	-0.0517274841	0.0619136575	0.0226505194	0.0442905664	0.0948726865	-0.045711796	-0.0514787136	-0.0689241673	0.0521110039	-0.1346551983	0.0689782668	-0.0660961596	0.0204820859	0.0895738417	0.0164946382	-0.1106463773	-0.0454202173	-0.0179576849	0.0117330906	-0.1071436322	0.0186210604	0.1274780833	-0.0356286578	0.1810957833	0.1288230331	0.1279949812	0.1266188352	0.124700488	-0.0205544963175157	0.0254908309117638	0.0006497824605721	0.0004224873188667	-0.0195032791931595	0.0005708265631057	0.0003803778992863	3.258429651470668e-07	0.0223037091618607	-0.0188742968537382	0.000356239081723	0.0004974554423768	-0.0012760348253717	0.0001029971000612	1.0608402621016858e-08	1.6282648755613847e-06	7.894787155460214e-05	0.0008557875264028	7.323722903466267e-07	6.232766423001958e-09	0.0008650506189499	-0.0003559141445185	1.2667487826840684e-07	7.483125733456052e-07	0.0	0.0
893.9069173062381	-0.1654789084446974	0.0273832691400485	799069.5768079417	949.8587997660916	-1.9438216639501888	3.7784426612420807	902231.73949308	832.3181542908119	1.5754587792403072	692753.5099620637	2.482070365085359	836.2412276043506	650.2493220798478	1.04733	23.631021	0.0851732004906871	0.0386536690386579	0.1194986091	0.0595204511	0.0655783149	-0.0601212957	-0.0746572546	-0.039535097	0.0089989131	-0.0096244693	0.0964370204	-0.0816197265	0.0516749003	0.0297088478	-0.0101598264	-0.0244649495	0.0147237515	-0.1186895506	0.0820956339	-0.12464242	-0.0620993708	-0.0487108507	-0.0868236266	0.0844548413	0.0991640766	0.1098175939	-0.0336569081	0.1618854422	0.0956166797	-0.1238592858	-0.0400742512	0.0305478202	0.16082605	0.0720108183	-0.0576805818	0.0236705	-0.0281432121	-0.0087097107	0.0507702823	0.0905116122	0.1194337716	0.1245723772	0.0237260395	-0.0142261278	0.0082983178	0.1247438494	-0.1401460803	0.1542446817	0.0896831568	0.2505327836	0.061794878	0.0562892413	0.0675566748	-0.062418837	-0.0336537493	-0.0349765105	-0.0221732062	-0.106101764	-0.0461425701	-0.10661438	0.0819019329	0.0684922197	0.0566017799	0.0126232101	-0.1199386812	-0.0760278067	-0.0902050619	0.0707403321	0.1184177494	-0.0567855912	0.0154987804	-0.045097757	-0.2527114313	-0.0280235885	0.0181691026	-0.2144505053	0.1084527556	0.0906650991	0.049582545	0.0650310026	-0.1403819498	0.0377848222	-0.0392242722	0.0254113632	-0.0591921054	-0.042840396	-0.0633188329	-0.1308894211	0.0005229709	0.0800691993	-0.2435769642	-0.017316596	-0.0455959789	0.1351888802	0.0387169804	0.0645691232	-0.0274691957	-0.0010072338	-0.0293756528	0.082607587	-0.0137410208	0.0394069937	-0.0084128532	0.0653006708	-0.0525216211	0.040994983	0.0128864495	-0.2182097464	0.0852403227	-0.0557062219	0.062274307	0.0025148127	0.0581206324	-0.0675612742	0.0590268561	0.0334456347	-0.0594473682	-0.0578530152	0.0464204962	-0.0929090962	0.1107052343	0.0760303195	0.1285578634	0.1269376627	0.1242524367	0.1205247148	-0.0461286886893503	-0.0255741923718346	0.0006540393154716	0.0021278559201989	-0.030000479854749	-0.0104972006615895	0.0009000287915152	0.0001101912217296	0.0128495893136175	-0.0094541198482432	8.938038210494603e-05	0.0001651119455286	-0.0009080900177832	0.0003679448075884	1.3538338143133826e-07	8.246274803974925e-07	0.0001469433972964	6.799552574179786e-05	4.623391520903496e-09	2.1592362009007655e-08	0.0012220640378	0.0003570134188501	1.2745858123903693e-07	1.49344051248404e-06	0.0	0.0
894.0097997543127	0.1028824480745242	0.0105847981218071	799253.5220567462	948.8607236824784	-0.9980760836132276	0.9961558686807186	900336.6729472366	832.0681029313447	-0.2500513594671929	692337.3279157669	0.0625256823713913	835.132431614571	658.3521737452647	1.046982	23.623177	0.0739189882639119	0.0348252154988441	0.1283560362	-0.0855437164	0.0596601967	-0.1162769625	-0.037767884	-0.0382369451	0.0403114928	-0.0954439137	0.1605402584	0.0585910441	0.0462163529	0.0172041587	-0.0299049817	-0.056127841	-0.0807450432	-0.1214943813	-0.1380574425	-0.1136672855	0.0435772442	0.0133619651	-0.1735256669	-0.139082719	0.119053384	0.0250635873	-0.0890440579	-0.1772106108	0.0253737319	0.2004614782	-0.0320684722	0.0940244342	-0.0443914489	-0.0667294708	-0.0476127842	-0.1119183692	-0.0021132946	-0.0265479811	-0.0979156929	0.1429812121	0.0431446185	-0.0086554621	-0.1443781815	-0.1499958037	0.0407751983	0.0312068802	0.0188155995	0.0715497674	0.0655053019	0.0033177514	-0.0597756953	0.0888527549	0.0820194593	0.0924000863	0.0354143093	-0.1431522126	0.0891808293	-0.1183887293	-0.1850968048	0.0576558154	0.1569653836	0.0337719896	0.0643328423	0.0725328761	-0.115317301	-0.0567531745	0.0076565464	0.0725479314	-0.1919268857	-0.042911056	-0.0439660081	-0.1249617302	0.2000763614	-0.1229610904	-0.0137243517	0.1757116588	-0.0783988471	-0.013461541	0.0257921152	0.0479038181	-0.0440110044	0.1423300355	-0.0929294777	0.1947467112	-0.0545936746	0.0238182564	-0.0038927772	-0.0519478512	0.0437779656	-0.0009725414	-0.1501715716	-0.0630825271	-0.0907982981	0.0624539977	-0.0038048065	-0.0202569339	0.1302530154	-0.0486870405	0.0285762687	0.082453828	-0.0346089943	0.070975951	-0.0739345703	0.0954206424	-0.0042433045	-0.0698104641	-0.0226858136	-0.1313791245	0.0508738994	-0.0232916816	0.0342497378	-0.0126989786	0.0459310309	-0.0155767564	0.0990140439	-0.0270935548	-0.0898742493	-0.0556198545	0.1152972877	-0.0062425761	-0.027664033	0.0219721212	0.1282045865	0.1255324169	0.1211199807	0.1150284477	-0.0239713103108698	0.0221573783784805	0.0004909494166071	0.00057462371802	-0.0371605526362088	-0.0071600727814598	0.0013809066722284	5.126664223580147e-05	0.0294899418157541	0.0166403525021366	0.0002769013313953	0.0008696566682965	-0.0008100796266135	9.801039116969998e-05	9.606036777237604e-09	6.562290014542676e-07	0.000196171999087	4.92286017906e-05	2.4234552342574662e-09	3.8483453225789936e-08	0.0008100793387236	-0.0004119846990764	1.6973139227307193e-07	6.562285350268649e-07	0.0	0.0
894.2340084965151	0.2242087422024496	0.0502695600800045	799654.4619517454	955.4144072439155	6.553683561437197	42.95076822345214	912816.6895692424	832.3665229342631	0.2984200029184194	692834.0285016751	0.0890544981418294	837.0187543736115	661.1717182728571	1.139946	25.720726	0.1999251707933966	0.0922565695016729	-0.058654961	-0.1060349214	0.168170811	-0.0618519174	0.0112120546	-0.0832016495	0.0729819693	0.0506365895	0.0419696152	0.126177284	0.078175728	0.0813275796	0.0691557928	0.0266588459	0.1433146324	0.0540268332	-0.0772380549	0.0610769989	0.0325643471	-0.238148966	0.1097201948	-0.0650117573	-0.0050286401	-0.1027141504	0.0958213618	-0.0061192374	-0.056849223	0.0294203996	0.013614138	-0.0432858856	-0.1687288287	0.0598966001	-0.1690489018	0.0640117098	-0.1259077168	-0.0218263466	-0.1513127954	-0.0535730125	0.1745889461	0.0156042854	-0.0062735922	-0.0537310285	-0.0736637273	0.1823939617	-0.1139451549	0.0495282021	-0.0552920088	-0.1069575356	0.0568626236	0.0244777575	-0.2111746618	-0.1392922591	-0.0629917313	-0.0788836628	0.0016722143	0.1108651903	-0.0045464226	0.1264762394	0.021005649	-0.0326458304	0.1936996023	-0.0436477254	0.1346185823	0.0471554549	-0.0360435268	0.0087144437	-0.1917143962	0.1515410743	-0.0609075244	0.0584672512	0.1004887975	-0.013331131	-0.0564667591	-0.1419227623	0.2503548078	0.0985649345	0.1105338838	0.0737542927	-0.0265782353	-0.1600754512	-0.142567911	0.0473359268	0.0260827208	-0.1027392754	0.011891879	-0.0206619052	0.0307504088	-0.1545021961	0.164017367	0.0863356303	0.1220013038	-0.0045507609	0.1221767155	0.0703445136	0.0665875434	0.0897670965	0.173325995	-0.029973658	0.0878042837	-0.0693419406	-0.0954791769	0.1340402465	0.0359567315	-0.1163810659	-0.0337893571	-0.009792202	-0.0533133169	0.0070582368	-0.0016664978	-0.0133815717	0.019936916	0.1678454347	-0.1418830939	-0.0479328668	0.0407661396	0.0302439296	0.2129986632	-0.0465483003	-0.0697709948	0.0303540364	0.1277634447	0.1237830955	0.1172407796	0.1082719048	-0.0338127114520432	-0.0098414011411733	9.6853176421489e-05	0.0011432994557391	0.0173339131304857	0.0544944657666945	0.0003004645444152	0.0029696467991974	0.0912075247053678	0.0617175828896137	0.0038090600377363	0.0083188125628802	-0.0001778048024183	0.0006322748241952	3.9977145331107117e-07	3.1614547763010713e-08	-0.0003530979403383	-0.0005492699394252	3.016974663562727e-07	1.2467815547114964e-07	0.0011059689950214	0.0002958896562978	8.755068870403027e-08	1.2231674179486456e-06	0.0	0.0
895.4691580317995	1.2351495352843358	1.5255943745131106	801865.0129861798	951.76196270363	-3.652444540285501	13.340351119861364	905850.833649466	831.898748056778	-0.4677748774851125	692055.5270184346	0.218813336006212	835.6290534546895	656.6434967191534	1.027955	23.193869	0.0886563309436819	0.0481570935972582	-0.0670799924	-0.0166663755	0.1324782067	0.0181460382	-0.0257137117	-0.0252511243	0.0536858763	0.1782918619	-0.0502707782	0.0314412231	0.0854006511	0.0717067771	0.1736280529	0.1222990325	0.1642786528	0.1077239957	-0.0395314244	-0.0284590853	-0.0233916319	-0.0347951536	0.010722261	0.0461757913	-0.005405993	-0.0537138129	0.041987381	-0.0389926836	0.1838982071	0.0217532631	0.0543318175	-0.0497798969	-0.0425479403	-0.090323729	0.0495424803	0.0424742434	-0.094183455	-0.0212427332	-0.0583556622	0.0089739547	-0.0459414851	0.1620451449	0.0132918888	0.0818273254	-0.0500714939	-0.2166901666	0.1106975738	-0.0874007326	0.0123407696	-0.0334543258	-0.0048685367	-0.1489677259	0.1017312153	0.0218380536	0.041215228	0.1889778946	-0.0907525009	-0.1243872326	-0.0704530712	0.0758161919	-0.0280658715	0.0325342067	0.0116930917	-0.0452523663	0.1538500818	0.1442533467	-0.0818837402	-0.0070881532	-0.0568456042	0.0036692761	-0.1126565765	-0.0698084534	-0.1874719514	-0.0422003269	-0.0208403339	0.0728068663	-0.0527070829	-0.0330217405	0.0151890665	-0.0234101408	0.169874165	-0.035343538	-0.0169673796	-0.0084372747	-0.0002242973	-0.0374116576	0.017528612	0.2206902582	0.0627626485	0.0760231538	-0.0524024825	-0.002872878	-0.0503680424	0.067290506	-0.0514966387	-0.1379486368	-0.0964352042	-0.0371291596	0.1365959527	-0.0101693836	0.0373339328	-0.0547833714	0.051051927	0.0360043912	-0.0111993902	-0.0994234157	-0.0162889833	-0.0024738388	-0.0196311163	-0.0447120252	-0.0705664737	-0.0440982531	-0.078208572	-0.008735737	-0.0741595993	-0.0226769183	0.027528786	0.0156338814	0.0043260421	0.0186683415	-0.0799259572	0.0379549985	0.1272347401	0.1216944932	0.1126387502	0.1003291122	-0.0310558284060391	0.002756883046004	7.600404129344833e-06	0.0009644644779853	-0.0151507269656576	-0.0324846400961433	0.0002295445275879	0.0010552518421759	0.0639183762182256	-0.0272891484871422	0.0007446976251532	0.0040855588183746	1.8637631369945967e-05	0.0001964424337882	3.85896297926494e-08	3.47361303081994e-10	-0.0003529927695162	1.0517082209998177e-07	1.106090182118601e-14	1.246038953307171e-07	0.0007800034133439	-0.0003259655816775	1.0625356043835093e-07	6.08405324828135e-07	0.0	0.0
894.2955685825697	-1.1735894492297805	1.377312195343459	799764.5639864216	958.3807522642846	6.618789560654591	43.80837524823019	918493.666310656	831.9277156046684	0.0289675478903745	692103.723991202	0.0008391188307811	836.0346800953206	662.8157492424792	1.071743	24.181856	0.0977064675755012	0.0484869210974438	0.0275035485	0.102646482	0.0405713502	-0.1378382234	-0.0744688036	0.1166399251	0.0812901575	-0.0788060218	-0.0481363492	-0.0863094765	-0.0168779098	0.0603804733	0.0993784575	0.011277636	-0.0907323864	-0.0986152746	0.0819539421	0.0562312392	-0.1306222635	0.0107628093	0.001282573	-0.0137398083	-0.1022437504	0.1180207161	-0.0704523888	-0.0717711948	-0.200144122	0.0525348429	-0.0417151679	-0.0082804256	0.071130961	-0.0509555534	-0.0227130043	0.015777451	0.1613691168	0.0160211321	-0.0232219106	0.1081714149	-0.0803330608	0.2567785922	0.0513095134	0.090795194	0.0599072588	-0.1528009105	0.121544438	-0.1288228839	-0.0998942959	-0.0091032205	-0.042405637	-0.0520040699	-0.0986251763	0.1384740829	-0.0556524948	-0.0814913459	0.0319786429	0.2280780947	-0.046614713	-0.0712208109	-0.0471486981	0.0733216562	-0.0578941325	-0.0523392823	0.0102804808	-0.0874798511	-0.0299012724	-0.1583303785	-0.0391712669	0.0197644306	0.0468077081	0.0342993772	0.1355907385	-0.0337894723	0.0946747123	-0.1082260814	-0.1419006339	0.0102616334	-0.0326971503	0.0734109387	-0.0234478754	0.0352448177	0.0830781705	-0.075691911	0.0280649094	-0.0646518081	0.0342425624	0.1646736275	0.209476115	0.1665265372	-0.0083854699	0.0462387121	0.0359530635	-0.0013811581	0.0377880766	-0.0898386856	0.097842164	-0.0218504151	0.1306403253	-0.0172225991	0.0403990373	0.040662939	0.1396498661	-0.0269127773	-0.0757082749	-0.0250329971	0.0707315412	0.0148929666	-0.0119184562	-0.0507619555	0.112158027	0.0378135713	-0.0699539868	0.114259437	-0.0154517648	0.0600808678	-0.0394997925	-0.0789471316	0.0855346391	0.0535281868	-0.0091937439	0.0350708305	0.1266188352	0.1192723348	0.1073422654	0.0912870929	-0.0016985202778698	0.0293573081281693	0.0008618515405322	2.884971134334903e-06	0.0053342031973926	0.0204849301630502	2.8453723751073436e-05	0.000419632363785	0.0766521919317	0.0127338157134744	0.0001621500626247	0.0058755585279341	-0.00043481859064	-0.0004534562220099	2.0562254527953345e-07	1.8906720676615598e-07	-0.0003537239960857	-7.312265694999951e-07	5.346922959427311e-13	1.251206654068363e-07	0.0010284242361806	0.0002484208228367	6.17129052188631e-08	1.0576564095636509e-06	0.0	0.0
894.3443759331366	0.0488073505669035	0.0023821574693606	799851.8627632315	945.593552869909	-12.787199394375648	163.51246835152094	894147.1672291374	831.6991083511454	-0.2286072535230232	691723.4068320902	0.0522612763633398	834.57418328026	652.6969168247924	1.102361	24.872702	0.0500777737522333	0.0246447130245394	0.1798639542	-0.0159250082	0.0929778103	-0.0670888775	0.0965523086	-0.04449507	-0.0692659107	0.091724794	0.1369770064	-0.0712426307	0.1144081716	-0.0064840961	0.0714395597	0.15196275	-0.0009101374	0.0940204045	-0.0063160101	-0.1169363743	0.0347535236	-0.1062001027	0.2017513403	0.0007519261	-0.1161626924	0.0459124597	0.1263708896	-0.0547641504	0.0975984611	0.1634267316	-0.1614571901	-0.0066551153	0.1212093908	0.0271672634	0.125030715	0.1189935433	0.0799253036	0.0443420982	-0.0279512713	-0.0745488476	0.1233670154	-0.0755869722	-0.0724969885	-0.026765769	0.108305378	-0.1124648367	0.0265043021	0.0545021201	0.020475046	0.0695782486	0.0350683863	0.1554632634	-0.0070103152	0.0592103739	0.0731274386	-0.0833308042	0.0379182979	0.0572760832	0.1298965836	-0.0770434195	0.1400559063	-0.0370516336	0.0851252444	-0.0415193441	0.1956726473	-0.0674302199	0.1595521887	-0.0808972883	-0.0757321553	-0.0072732032	0.0916795873	-0.118961441	-0.0783150696	0.061646983	-0.1319008285	-0.0595407061	-0.0236628276	-0.0169862676	0.0289555275	-0.100327956	0.1500174103	0.0263372576	0.08378785	0.1732494632	-0.0094147915	-0.0641134041	0.1065750151	-0.2007205061	-0.112669033	0.1226645021	0.0422600699	-0.0587466096	-0.0153618226	-0.037087441	-0.0806027341	-0.0211085865	0.0076072976	-0.0232353559	0.2227563557	0.0063835464	-0.0551400511	0.0844016408	0.0086909588	0.045363627	-0.0138798669	0.0102354572	-0.0011209206	-0.0271470398	-0.0182780091	0.016281713	0.0098771244	0.0870133559	-0.0768562842	0.1083287412	-0.13804299	-0.0949039644	0.0260947501	-0.0676043365	-0.0110037071	-0.1000429558	0.1356672543	-0.1783854492	0.1259161521	0.1165232592	0.1013839798	0.0812449131	-0.0195585833391476	-0.0178600630612778	0.0003189818525528	0.0003825381822343	0.0119442344717413	0.0066100312743487	0.0001426647371159	4.369251344786791e-05	0.0891769516304918	0.0125247596987917	0.0001568696055124	0.007952528702107	-0.0002108113269243	0.0002240072637157	5.0179254197395176e-08	4.4441415559584095e-08	-0.0003536118281188	1.1216796690002039e-07	1.2581652798484067e-14	1.2504132498551976e-07	0.0010659631988543	3.7538962673700025e-05	1.4091737186174435e-09	1.136277541311692e-06	0.0	0.0
895.1203548638824	0.7759789307458504	0.6021433009614734	801240.4496916428	953.1722777123543	7.578724842445354	57.437070237498354	908537.3909993576	831.9967616251762	0.2976532740308357	692218.6113547803	0.0885974715412758	835.5848997203494	659.8413801087404	1.109783	25.040161	0.0507510546907041	0.0286596367866163	0.0147046584	-0.1782112362	0.0826215373	-0.0665891114	0.0171597348	-0.0502662685	0.0169705132	0.0170981626	0.0936991483	0.1387488434	0.0602466116	-0.0365909295	0.0860161518	-0.001141053	0.043168798	-0.1523460218	-0.1549140253	-0.0627196937	0.0517068931	-0.0811969936	-0.0361747611	-0.0379108808	-0.1109740654	-0.1365805112	-0.0621232562	0.0411815846	-0.019054939	0.0527667248	0.0588127298	-0.0167269374	-0.1729610605	0.1272994594	-0.0535619287	0.0041714129	-0.0749685238	-0.1272090095	-0.0963909407	-0.1398404249	-0.1472058342	-0.1151755028	-0.0167782663	0.0299817288	-0.0099817699	-0.1528229091	0.1450325405	0.0734998824	-0.1773712418	0.0483905376	0.0315917807	-0.0095764752	0.1005744845	-0.067291627	-0.048255533	0.0378178229	-0.1202050679	-0.1021379247	0.0183965957	0.1359138144	0.1106985244	-0.0486351986	0.0077647878	-0.0298288734	0.0698144363	0.0441543604	-0.2094779029	-0.0236686048	-0.0219346128	0.0743930885	0.0336605142	0.0114393433	0.1278364529	-0.0128118303	-0.1085424936	0.1349496552	0.137282723	-0.079032525	-0.1274066343	-0.0971201812	0.2189561774	-0.020998665	-0.0192862575	-0.0458844266	-0.030068151	0.0519519596	0.0316890596	0.0852292813	-0.2351552419	0.0396150481	0.0083207332	0.0706852414	-0.0069760726	0.1480229442	0.0210427637	-0.053232826	-0.108706504	-0.0064366846	0.2266646549	-0.0272826911	0.0049798587	-0.0265542046	-0.0656403167	0.0313124633	0.0942398415	-0.0806314525	-0.0097700115	0.0536927475	-0.0443023065	0.009672267	0.0684136365	0.0226972998	-0.0658669442	0.1032424037	-0.1167868174	-0.0732293264	0.0625478471	-0.0252244268	0.0108685416	-0.1914093172	0.0323009194	0.0108627372	0.1251271724	0.1134548014	0.0948006283	0.0703125971	-0.0224735361045418	-0.0029149527653942	8.496949624479302e-06	0.0005050598250421	0.0015979080863957	-0.0103463263853456	2.5533102525687675e-06	0.000107046469672	0.0913908195645518	0.00221386793406	4.901211229459111e-06	0.0083522819006804	9.21171523257873e-05	0.00030292847925	9.17656635407706e-08	8.485569752612301e-09	-0.0003529691999046	6.426282141999782e-07	4.1297102168585306e-13	1.2458725608129346e-07	0.0006640161542005	-0.0004019470446538	1.615614267059239e-07	4.4091745303922237e-07	0.0	0.0
897.1738086797831	2.053453815900639	4.216672574036894	804920.842980988	956.316785625383	3.144507913028633	9.88793001509969	914541.7944688648	833.9824849817137	1.9857233565375052	695526.7852562743	3.9430972486985767	837.7491141089986	656.7829970114034	1.068726	24.113775	0.0898605679539851	0.047114107117924	-0.1055275493	-0.0355555535	0.0467118657	-0.0755032089	0.0586656365	-0.2229672646	0.1412599029	0.0391203036	-0.0797533476	0.1265800573	0.1979013433	-0.1770787086	0.0868030558	-0.0634881875	0.1359344078	0.0226632779	-0.0452902965	0.1025273864	0.1098632046	-0.0175896208	0.1728113951	0.1007754772	0.0101366377	0.1315627878	-0.0281047461	-0.0840562082	-0.0808469789	0.0608426091	0.0686324577	-0.1042038678	-0.0367415607	-0.1380598248	0.0714299421	-0.2746316153	0.0824776218	-0.099289437	0.0513932328	-0.2306580635	0.0045959842	0.089251383	0.1356524229	0.1461123992	0.0463923799	0.2228651773	0.0473554217	-0.0642310194	0.0239969845	-0.002633167	0.0559946227	-0.1072060577	-0.2005822203	-0.0772335434	0.0767198726	0.0968898607	-0.1181272701	-0.0944744597	-0.0721012019	0.1100491726	-0.0701605795	-0.1923403841	-0.0003779161	-0.1243259297	0.0877823615	0.0035076478	0.001999454	-0.1074121858	-0.0306011668	0.1147874303	-0.0407952285	0.0726226355	-0.0243943458	-0.1018340527	0.1134215045	0.061952988	-0.0905110322	-0.0580514855	0.1325908789	-0.0464928833	0.1682895902	-0.0582444493	0.2229174682	-0.0936824958	-0.2777130353	0.0267317348	-0.1914372069	-0.1242230823	0.1499552491	0.0625523255	0.0440709376	-0.0739262489	0.2439894322	-0.0786845093	0.1664744675	-0.0047830147	-0.0121645879	0.1137486288	0.1332167132	-0.1041137769	0.0912136917	-0.0957548886	-0.0107139263	0.0190843287	0.0308593952	-0.0345010327	0.0209250734	0.0484624874	-0.0601809788	0.0428485518	-0.2711708376	0.0860893127	-0.0108049137	0.0124905879	0.2361715609	-0.0571868621	0.1444298946	0.2745474211	0.107657598	0.0022862067	0.1408489776	-0.01252892	0.1242524367	0.1100753719	0.0876327994	0.0586099215	-0.0185916435469692	0.0038818925575726	1.5069089828537549e-05	0.0003456492097775	-0.0062813190535564	-0.0078792271399521	3.945496905257067e-05	6.208222032295776e-05	0.0891968932521507	-0.0021939263124011	4.813312664245906e-06	0.0079560857658355	-0.0004339970410112	-0.0005261141933369	2.767961444306289e-07	1.8835343160647725e-07	-0.0010522090153497	-0.000699239815445	4.889363195036975e-07	1.1071438119831852e-06	0.0009567725842996	0.000292756430099	8.570632736436919e-08	9.154137780673352e-07	0.0	0.0
899.1570601659013	1.9832514861182065	3.9332864571900736	808483.4188461863	960.6673253003288	4.350539674945821	18.92719546327769	922881.7098996878	834.4339216623874	0.4514366806737371	696279.9696208714	0.2037950766577216	838.0261530663633	665.3521429242982	1.011395	22.820227	0.1345800552630486	0.0608500928142895	-0.0917138935	0.0308403287	-0.1520483135	0.0362612127	0.0334227483	-0.1372294625	-0.0798933156	0.0986075967	-0.1117560011	0.0221913066	-0.0383582661	-0.198657772	-0.0692630509	0.0664963212	0.0431286776	0.0136185362	0.0354187541	0.2147571132	0.1259104492	-0.081117233	0.1476158394	0.158089004	0.1121857836	-0.0172884478	0.0338931012	-0.1100361329	-0.0671079879	-0.1284560234	-0.0829273426	0.1964351179	-0.0963338531	-0.0400454725	-0.1122214038	-0.1575415437	-0.0943200755	0.0499424764	0.0104130814	0.0297052904	-0.1188552837	-0.0824465335	-0.1409060877	0.0908506379	-0.0026541974	-0.0332658615	0.0988927071	-0.1612353009	0.0837189687	-0.0787603997	-0.0715082468	0.0309348339	-0.0504929903	-0.0632080815	0.1029109569	-0.0973188817	0.0285709148	-0.0524532392	0.1540860609	0.0123267186	-0.1494903244	-0.2018235281	0.091696733	-0.1033508751	-0.0458300257	0.1116177469	0.2284235684	-0.0929597139	0.1007616693	-0.0196411237	0.115761635	0.0989498405	0.0935134864	-0.1956188671	-0.0456622418	0.0616384643	0.0644941894	-0.0651371365	0.0149623765	-0.1012152065	-0.112052052	0.0683716673	-0.0319516349	-0.0714015044	0.0005670494	0.1469515973	-0.0583832201	0.2525020727	0.0406038048	0.0182245524	0.0802595614	0.0375992945	-0.0953582597	-0.0880813339	-0.1184615843	0.0547077671	0.0522157004	0.0964493565	-0.0368371994	-0.0691476591	0.0787364446	-0.0638382582	-0.065819661	0.0128248737	-0.0384976278	0.0482910436	0.0687115182	0.0287219308	-0.1167466634	0.1043913063	-0.2807422384	0.0426513658	-0.0785347288	-0.110286021	-0.0078122699	0.0777110733	0.0953315311	0.2657357901	-0.1270056938	0.0547150076	0.1423903804	-0.0810607085	0.1232925447	0.1063942335	0.0799246852	0.0462651033	-0.0018399278991125	0.0167517156478567	0.0002806199771466	3.3853346739325383e-06	0.0082554050937915	0.0145367241473478	6.815171326259863e-05	0.000211316348936	0.0454411751752417	-0.043755718076909	0.0019145628644259	0.002064900401307	-0.0011296597911706	-0.0006956627501594	4.839466619593398e-07	1.2761312437876035e-06	-0.0011723302293566	-0.0001201212140069	1.4429106054491478e-08	1.3743581666632984e-06	0.0005818386006472	-0.0003749339836523	1.4057549209745809e-07	3.385361572030919e-07	0.0	0.0
899.8720664335057	0.7150062676043945	0.5112339627135669	809769.7359473077	961.9624345816818	1.2951092813530067	1.6773080506467015	925371.7255463164	835.1238874220691	0.6899657596816269	697431.9073429487	0.4760527495330445	838.8494382811581	663.9083213476894	0.974483	21.987358	0.1484804333481344	0.0709622315863012	-0.093077258	-0.0068008504	-0.1924130145	0.0582419325	0.0100474096	-0.1173756892	-0.0283537774	0.0689229665	-0.0888971319	0.024964944	-0.1169207576	-0.1370269014	-0.0887581156	-0.0081840475	0.0194836413	0.0189162382	0.0756390159	0.1409794801	0.0392131329	0.0598803845	0.0309534189	0.2589018687	0.0984890549	0.0506951982	0.1071501114	-0.0393324224	-0.0537210829	0.0505729712	0.1585393198	-0.0015761021	0.1693005322	0.0920099939	-0.0390543486	0.1321293348	-0.0061975096	0.045937304	0.1670394316	-0.0634055734	-0.1300645441	-0.0417939889	0.0163627994	-0.1884141949	-0.1230191331	-0.0010813438	-0.1515788032	0.063479446	-0.1872267749	0.0129009857	-0.1287021345	0.0586708373	-0.127111421	-0.0948859354	0.1375377649	0.1125559802	0.0462990749	-0.0950212909	0.0528422025	-0.0112751461	-0.1190843554	-0.1311158029	-0.0240016587	-0.0667532106	-0.1821970724	0.0563169177	0.2038130673	-0.1630563471	0.123185807	-0.0841581195	0.0231305345	-0.0824882375	0.0927841827	0.0963823902	0.2265668734	-0.0423457991	0.0960827325	0.107507488	-0.1294627828	-0.1224570223	-0.0407044767	-0.1690184314	0.0375905697	-0.0200692053	0.1456428948	-0.0062192124	0.0221586681	-0.0332855291	-0.0795306323	-0.1254722929	0.0344298405	0.0814263149	0.1660940448	-0.0226026167	-0.0860518989	0.1144243114	-0.0399463071	-0.0565991083	-0.0894966474	-0.0203690304	0.0600123046	-0.0361031835	-0.020875794	-0.0415442473	0.0517558809	0.0425803513	0.0391574836	-0.028901466	-0.0290123476	0.0912345747	-0.0389649034	-0.068566531	0.1391133057	-0.0059997314	0.067846316	0.1029027537	-0.0637246767	0.0152677875	-0.1765128081	-0.0895639895	0.0419123527	-0.0934119596	0.1222481541	0.1024214758	0.0717238087	0.033413395	0.0074291081390782	0.0092690360381907	8.591502907727795e-05	5.519164774211795e-05	-0.0318493464863536	-0.040104751580145	0.0010143808716078	0.0016083910993051	0.0051679136823281	-0.0402732614929136	0.0016219355912765	2.670733182799398e-05	-0.0009782139170428	0.0001514458741278	2.2935852790333485e-08	9.569024674962178e-07	-0.0005699917362504	0.0006023384931062	3.628116602774477e-07	3.248905793937456e-07	0.0010047219181509	0.0004228833175036	1.7883030022293512e-07	1.0094661328128238e-06	0.0	0.0
899.2139278985542	-0.6581385349514903	0.433146331188094	808585.6881267462	962.0530387654024	0.090604183720643	0.008209118107684	925546.0493977448	835.6006613977697	0.4767739757006666	698228.4653283902	0.2273134239054198	839.2483647616494	662.1551427076836	0.9374070000000002	21.15082	0.0931902162616514	0.0544959236421526	-0.0924621151	-0.0032212523	-0.1976159101	0.1049056621	0.0111413681	-0.0158853115	-0.0379169967	0.1175406919	-0.067011939	0.0173028102	-0.110586792	-0.0959859423	-0.1050924604	0.0116945026	-0.0518133592	0.1125206007	0.0555063985	0.110686494	0.1553738283	0.1408438873	0.0093967677	0.011720322	-0.0071255906	0.0261656557	0.1077033961	0.1215006659	-0.1128374589	0.0881927535	0.003208728	-0.0320495112	0.0383322117	0.0702581738	-0.0576740505	0.13694916	0.161838946	-0.1796886253	0.1027769601	0.1325858057	0.1098961479	-0.0977008612	-0.0833102684	-0.002514142	0.0888968501	-0.0898193003	-0.0276161037	-0.1087580682	-0.0659543123	-0.0416989079	0.0231340508	0.0049236364	-0.0883513489	0.0742601133	0.0261150754	-0.0510775628	-0.0081940352	-0.0688166445	0.0198444418	0.0032276883	-0.0994572487	-0.1498547162	-0.0781125252	0.0656942531	-0.0886569116	-0.0167362852	0.1491105457	-0.0263506325	0.1618971748	-0.0162441249	0.0119882227	-0.0283995428	0.0927271607	0.2050194705	0.0711850723	-0.1036388775	-0.1052116535	-0.1641622508	-0.1146858379	0.1014408486	-0.058339498	-0.0945729126	-0.0338511766	0.2433857464	-0.1372107546	-0.0845127819	0.0362925145	0.0430631045	-0.0959436423	-0.0260556391	0.0371626422	-0.0075753838	0.0209166635	-0.0676361579	-0.0436753111	-0.1538203657	0.0062983671	0.0632638825	-0.1101530293	-0.0841248954	0.0495956653	-0.0158022786	-0.033619077	-0.049029231	0.0458276186	0.0624928017	0.0747210816	0.021143807	-0.0223242814	0.069772427	-0.0107603505	-0.0165444982	-0.002850719	-0.0722817327	0.0340890422	0.0803989878	0.0208983068	0.1459146771	-0.1653209017	-0.061162601	0.0173797723	-0.0574534815	0.1211199807	0.098167988	0.063080731	0.0201956026	0.0122889884414831	0.0048598803024049	2.3618436553703157e-05	0.0001510192369149	0.0046230300691547	0.0364723765555083	2.1372407020308518e-05	0.0013302342516067	0.0051078348815849	-6.007880074319991e-05	3.609462298741118e-09	2.608997717753543e-05	-0.0009629956937068	1.521822333599987e-05	2.31594321504371e-10	9.27360706097841e-07	-0.0013398651432854	-0.000769873407035	5.927050628596788e-07	1.7952386021912054e-06	0.000753855936462	-0.0002508659816889	6.293374076873553e-08	5.682987729389989e-07	0.0	0.0
898.6382159135474	-0.5757119850068193	0.3314442896804921	807550.6431002833	960.4387949401256	-1.6142438252768443	2.605783127444419	922442.6788260406	834.2391542598901	-1.3615071378795849	695954.9665002568	1.8537016864970584	838.1650607198271	666.3991534295417	0.982283	22.163355	0.0760271399771641	0.0382464390661769	-0.0874923397	0.0534784259	-0.1492725322	0.0597697058	-0.0292209851	0.0048178509	-0.0837745426	0.0662977275	-0.1219293703	-0.0185012667	-0.0913925378	0.0373425286	-0.0211165964	-0.0080226254	-0.0668670442	0.0313797325	0.0709368272	0.1121621152	0.0496113777	0.0658211426	-0.0015966836	0.0091877988	0.1154086416	-0.0511198111	-0.0967383644	0.0737725228	0.0664544392	0.0677745195	-0.0074417937	0.1349986882	0.1359878959	-0.1125245597	-0.0019227438	0.1211755985	-0.0917879036	0.0346789716	0.1066098125	-0.0143828675	-0.0055122511	0.0805197991	0.061231962	0.0539081184	0.0053701498	-0.004749196	-0.0129359737	-0.0160270498	0.1025972472	-0.0233089314	-0.0450270814	-0.0102316212	0.1183975522	0.0285214818	0.0748319672	-0.1003087061	0.0017050945	0.0641212704	-0.0434213479	-0.0278186525	-0.1214863355	-0.0383750566	-0.0305600964	-0.0096580969	-0.1060085039	-0.0477839242	0.1096161318	0.0787553191	0.1213837881	-0.1673976324	-0.0334833504	-0.0377683449	-0.0424337043	-0.032917476	0.0852449467	-0.0266729569	-0.0033202886	-0.1506011945	0.0831813386	-0.0420306807	0.0697132232	-0.0151043213	-0.118687308	-0.0003986229	0.1390789174	-0.0260334014	-0.0731150992	-0.0604193184	0.1007475143	0.0328444843	-0.0843718105	-0.0363356426	-0.0921935252	-0.0837247807	-0.0951172153	-0.0256962863	-0.0281119113	0.0548935811	-0.0955128923	-0.008024954	0.0173587354	-0.0457720639	0.0120390992	-0.0465679972	0.0072608447	0.0671277008	0.0404146041	0.0083519371	0.0062098898	0.0435044778	-0.0407769031	-0.0463513895	0.0777247816	-0.0533534956	0.0481905149	0.0632815971	-0.1228510573	0.040551603	-0.1249895571	0.0013649061	0.0210462331	-0.1103377565	0.1199087977	0.0936454286	0.0540487397	0.0067565429	-0.00173034804817	-0.0140193364896531	0.0001965417956101	2.9941043678057284e-06	-0.0165701653320411	-0.0211931954011958	0.0002745703791311	0.0004491515313132	-0.0031561951279854	-0.0082640300095703	6.82941919990785e-05	9.961567685918776e-06	-0.0009957298092852	-3.273411557839991e-05	1.0715223227000435e-09	9.914778530991407e-07	-0.0007953394440582	0.0005445256992272	2.965082371188712e-07	6.325648312748066e-07	0.0006801041897327	-7.375174672929997e-05	5.4393201456228094e-09	4.625417088919724e-07	0.0	0.0
898.8966051065123	0.2583891929649553	0.0667649750410809	808015.1066720132	963.4114477494184	2.9726528092927538	8.836664724596101	928161.6176546302	835.081664432753	0.8425101728628306	697361.3862717771	0.7098233913773567	838.6742306294415	664.483049178682	0.965856	21.792711	0.0473248960449276	0.0265043442749942	-0.0369140675	0.0922801158	-0.1177233355	0.1011683782	0.0697085627	0.0757050686	-0.0680848694	-0.1109308264	-0.0696819006	-0.0684434054	-0.0587502433	-0.0121594462	-0.0608091496	-0.0789244378	-0.1017270495	0.0031596142	0.0641643854	-0.027206785	0.0372636705	0.038755827	-0.1676479782	-0.166527922	-0.0396762073	0.0469391613	-0.1115448248	-0.0355086267	0.0486132173	-0.0235315589	0.130058006	-0.0432493528	-0.0100949657	0.0211426067	0.0763769164	0.1322711262	-0.0330084721	-0.1440064252	0.0256635584	0.06017226	-0.1539338123	0.0048348819	0.051164815	-0.0413423358	0.159893917	0.1031136136	0.0128015748	-0.186218825	0.0935409089	-0.227180614	-0.0553812984	0.0643636074	-0.2252219268	-0.1946103333	-0.1459812042	0.0090342471	0.0723731823	0.1096108254	0.0945088824	-0.0774432024	-0.0497146386	0.0132743255	-0.0556301679	0.1379304218	-0.0577384823	-0.068414027	-0.0969391219	0.1035648701	-0.0267886372	-0.097681251	-0.0382350218	0.0560781824	0.0058454385	0.0966367922	0.0920144278	0.155759791	-0.1519293056	-0.0394391189	-0.163363245	-0.0398976646	0.0432630499	-0.0954218869	-0.1087925533	-0.0355768923	0.0464091015	-0.059466544	-0.0056112117	0.149794517	0.1226087373	-0.1043419703	0.0507319513	0.0593741212	-0.0354593797	-0.002825498	0.1554745216	0.1553820953	0.0343873001	0.1627598885	-0.133984735	0.0096153257	-0.0212437465	-0.0282425664	0.0192334852	-0.0937635851	0.0062247941	0.0801704878	0.0159561052	-0.0171082062	-0.0166260994	-0.0360395835	0.0274023862	0.0862662037	0.0502854878	-0.1385524695	-0.0040396521	-0.0824633887	0.0219809984	0.0223921484	-0.0585174799	0.0767912154	-0.0266964811	-0.0100590189	0.1186154352	0.0888661936	0.0446835199	-0.0067565429	-0.0019270845873791	-0.000196736539209	3.8705265859973735e-08	3.713655006914076e-06	-0.0235046092771114	-0.0069344439450702	0.0005524666572696	4.808651282732212e-05	-0.0109471744547136	-0.0077909793267282	6.06993588695062e-05	0.0001198406285419	-0.0011649053099241	-0.0001691755006389	2.8620350016422477e-08	1.3570043810893637e-06	-0.0008241346573294	-2.879521327120004e-05	8.29164307333895e-10	6.791979334114476e-07	0.0002300201789644	-0.0004500840107683	2.025756167492792e-07	5.29092827308146e-08	0.0	0.0
897.8309509727618	-1.0656541337505132	1.1356187327795566	806100.4165246538	960.4420160405776	-2.969431708840716	8.817524673468695	922448.8661760892	834.848184522414	-0.2334799103389286	696971.4912003707	0.0545128685318741	838.7349615486179	662.5586206645472	1.040244	23.471146	0.0910154508627607	0.0443868373350511	0.0935529913	0.0812101794	-0.0758712489	0.058715351	-0.0605053364	-0.0208729933	0.0819255742	-0.0470411994	0.0381386644	-0.1124588448	-0.0161162052	-0.0299388114	-0.1042852607	-0.1067015716	0.0038848973	0.0176759003	0.1025000721	-0.0874081204	0.0831400594	0.0509482937	-0.0027748331	-0.045246126	-0.0322341101	-0.0780286597	-0.0058149624	0.0344317389	-0.1558404956	-0.0960171926	-0.1092527363	-0.0240689437	-0.0673417327	0.0266437308	0.1005109361	0.05211789	-0.1530210984	0.0265281869	0.0383938303	-0.1079321385	-0.0178459156	-0.0327637659	-0.0760255616	-0.0775111103	-0.0785774793	-0.0056919114	-0.0006845488	-0.0082185827	-0.1148549877	-0.0165012253	0.2715943819	0.0054944373	0.1528271472	0.0700853972	-0.0798801337	-0.0767750813	-0.1044552848	-0.0921855127	0.1060075558	-0.1216098358	0.0273459435	-0.0183905326	-0.0303826734	0.0572692399	-0.0602416184	-0.0021103559	-0.0749702008	0.0365819331	-0.0151170958	0.0806569417	0.0508056339	0.1654370869	-0.0290461687	0.0956919931	-0.0835750705	-0.1374810178	0.0788510555	-0.0484343304	0.1504949294	-0.0008371833	0.1740890622	-0.0224510699	-0.063993218	-0.0422176112	-0.0762170702	0.0663568821	0.089972055	-0.0094257828	-0.242395142	-0.1060098893	-0.1293592781	-0.0277997464	-0.0182451815	0.0518478428	-0.0398021895	-0.0181920024	0.0783771397	-0.0394321843	-0.0198807699	-0.0363504349	-0.0373491289	0.0369378495	-0.0081653244	0.0056028275	-0.0484158344	0.1660432078	0.0295814675	0.0385695725	-0.0087619471	0.0057895026	0.1102140966	-0.0741981586	-0.0262353669	0.0361856695	0.1090273341	0.0190396157	-0.0075444897	0.0037669675	0.0045617584	-0.0632727732	0.0516745313	-0.1212406908	0.1172407796	0.0838433825	0.0350428114	-0.0201956026	0.0251178078608802	0.0270448924482593	0.0007314262075379	0.000630904271736	-0.0064571132822663	0.017047495994845	4.1694311940019874e-05	0.0002906171196942	0.0180230696898178	0.0289702441445314	0.0008392750457937	0.000324831041044	-0.0008848967166815	0.0002800085932426	7.840481228969984e-08	7.830421991936989e-07	-0.000903102117119	-7.896745978959994e-05	6.235859705622083e-09	8.155934339448199e-07	0.0002301004914347	8.031247030000003e-08	6.450092885688388e-15	5.294623615849045e-08	0.0	0.0
896.8548068515561	-0.9761441212057208	0.9528573453644889	804348.544572742	954.13144160252	-6.3105744380576425	39.82334973826653	910366.807854503	833.2448534428679	-1.6033310795461375	694296.9857890264	2.570670550638583	837.1156882976334	660.2678368564892	1.048435	23.655956	0.0430991799348308	0.0278854896311355	0.1299749336	-0.0683518427	-0.0065949795	0.0028641549	0.0755056055	-0.0233490699	0.0202846212	-0.1185560622	0.1841023606	0.0042363631	0.0366861661	-0.0366285876	-5.90631e-05	-0.0938508862	-0.0483475967	0.0081308558	-0.0557230668	-0.1571564958	-0.0484896128	-0.1012240978	0.0016184623	-0.0145906608	-0.0710826761	0.0886320445	0.0207368027	0.0397296323	-0.0689961495	-0.1505899304	0.0588171936	0.0134248316	0.050814998	-0.2050174527	0.046308959	-0.0487343641	-0.0323853272	0.0346198679	0.1257229707	0.213377332	-0.0664355773	-0.2103342601	0.0763830979	0.0710875692	-0.0165836689	0.1065308694	-0.0865759148	0.0019094299	-0.182273755	0.0774214798	0.0071944018	0.1074259468	0.0192170565	-0.0345199992	-0.0321834223	0.1428201866	0.0038623295	0.0644073924	-0.011444078	-0.0208118712	0.1495248182	-0.0101093086	0.1017277282	0.0520027852	0.1013127123	-0.0241687819	0.0161459398	-0.0660623447	0.0541683101	-0.0596448239	-0.0135836116	0.135586282	0.0112345371	-0.006885596	0.0147528843	0.0520371355	-0.1660207765	0.0742936142	0.0376474032	-0.098997338	-0.3281800351	0.0089711591	-0.0550969286	-0.048017658	0.0223039957	0.059782195	0.0535598371	-0.0713617301	0.0320584013	-0.0622508289	-0.1612296809	-0.0722058591	0.1911339801	0.020483677	0.0017185296	0.0528559485	-0.0245016046	-0.0136114428	0.0004170953	-0.058307469	-0.067497312	0.0762690159	-0.1383099062	0.0195503467	0.0224474223	0.0885962646	-0.0220058984	0.0585013178	-0.0678408854	0.0384659308	0.1341636241	0.0155296064	-0.0785076897	0.1147187962	0.0444726521	-0.0236796212	0.0354152104	0.0895803791	0.0020532289	0.0978862002	0.0134537001	-0.0603364117	0.1157857731	0.0785907625	0.0251860523	-0.033413395	0.0251713966950859	5.358883420570129e-05	2.8717631515261406e-09	0.0006335992115813	-0.0063363971136567	0.0001207161686096	4.014992838195696e-05	1.4572393363781405e-08	0.0290829784198933	0.0110599087300755	0.0001223215811176	0.0008458196337719	-0.0010738505918268	-0.0001889538751452	3.5703566932425595e-08	1.1531550935667685e-06	-0.001350621286859	-0.00044751916974	2.0027340728477904e-07	1.8241778605166613e-06	0.0002292742122812	-8.262791534999799e-07	6.827372395086434e-13	5.2566664417164774e-08	0.0	0.0
897.5116053576654	0.6567985061093395	0.4313842776274601	805527.0817516937	960.0197796541102	5.8883380515901536	34.672525009804524	921637.9773271262	833.5823439793871	0.3374905365192262	694859.5241941693	0.1138998622400351	837.6139876658409	660.3860103122697	1.13008	25.498112	0.0647678869474884	0.0382555944783493	-0.0689615276	-0.1164967961	0.0092981499	0.12385664	-0.0122174365	-0.0361738164	-0.0024183264	0.1333356071	-0.004709571	0.1166824057	-0.0240132821	-0.0308515461	0.0498143662	-0.0436744857	0.0743239869	0.0662283297	-0.1304330644	0.0709099343	-0.0301696862	-0.1534402792	0.0006175929	0.0668612436	0.0425962186	-0.0137708507	0.108090882	0.0514485509	-0.0414472137	-0.1222471652	0.0542928214	-0.0653654263	-0.00978846	-0.025073204	-0.1024689576	0.0110382845	0.0960493334	0.0544048336	-0.0940117342	0.0533347664	0.0188610131	0.0218350959	-0.0082031981	0.1454892987	0.1081945547	-0.0765012337	-0.0365253306	0.1815980685	-0.0561819192	-0.0108420696	-0.1448561825	0.0919841486	-0.0276073131	0.1140182583	0.0027871128	-0.0293570368	0.0277610404	0.1195483826	0.0294634623	0.1569526489	0.0025753327	0.0285982642	0.1251551971	-0.0275678726	0.0758550466	0.1542592055	-0.0169412525	-0.0254318517	0.0681064598	0.0223081521	0.1200415103	-0.0802735702	-0.0311150816	-0.0641952132	0.0561674386	-0.0343412577	0.0154165873	0.0109866069	-0.0493726704	0.0744486434	-0.1276055461	0.1075810349	-0.020671982	0.0668458706	-0.0150691279	0.0391118927	0.1426898446	0.0272701281	0.0025950735	0.11393859	0.0649934117	0.1668398178	0.0605438617	-0.0806207615	-0.0023089573	0.0051731491	0.0361416363	-0.0200052521	-0.0735764439	-0.0431988078	0.0209782798	-0.0126162493	-0.1162329686	0.0568935187	0.0626173919	-0.0169427291	0.0029406379	0.095343545	-0.0971267296	0.0228368978	-0.0018634465	-0.0083992265	-0.0118276479	0.1459385873	-0.1565142022	0.0594074882	-0.0367283444	-0.0163260655	-0.083069014	0.0336204089	-0.0736025627	0.0045797599	0.1142514127	0.0731227308	0.0151740128	-0.0462651033	0.0316017296829471	0.0064303329878611	4.13491823347759e-05	0.000998669318954	-0.0061961326969139	0.0001402644167428	3.839206039776552e-05	1.9674106604197924e-08	0.0002450281157138	-0.0288379503041795	0.0008316273777463	6.003877749025535e-08	-0.0010458218128359	2.8028778990899814e-05	7.85612451720707e-10	1.0937432642033684e-06	-0.0009411959922158	0.0004094252946432	1.676290718936712e-07	8.858498957630843e-07	0.0003790069234212	0.00014973271114	2.241988478533468e-08	1.4364624800120338e-07	0.0	0.0
898.1938352384179	0.6822298807525158	0.4654376101915919	806752.1656602983	960.4116722555722	0.3918926014620183	0.1535798110806683	922390.5802047446	834.6098072734101	1.027463294022937	696573.5303969587	1.0556808205644637	838.0481123125037	664.6134272080315	1.071982	24.18725	0.0827616716051755	0.0417016697544382	-0.0985487137	0.0629538839	-0.0795569469	0.0262543489	0.0948582645	-0.120508055	-0.0421046872	-0.0792537381	-0.104930537	0.0158986105	0.0348237467	-0.0994926517	-0.0009318712	-0.0789265625	0.179343756	-0.0437627213	0.0461979674	0.0816101282	-0.0078022966	0.0457367192	-0.019194849	-0.0133948229	0.0464109569	0.0546444405	-0.0006043231	0.0921156658	-0.0403464483	0.231862676	0.0349526435	0.10879943	-0.141644963	-0.2476851261	0.0016658595	0.0581730807	-0.0110934128	0.0980958653	-0.0197252705	-0.1810548014	0.0646263676	0.0041654124	0.1445467981	-0.0475980013	0.0830546777	-0.0802815047	0.0166670178	-0.0645898935	0.0516703922	0.022494846	0.0425486067	0.0649788646	0.0983062284	0.0927541244	0.0944665738	0.0589145893	0.0643028276	-0.009702922	0.1219640449	-0.0032351885	-0.1084689742	-0.0340249447	0.0397563308	0.0062441132	0.0036434073	-0.071702069	0.0587700751	-0.0747165565	0.0953680717	0.1053176062	-0.2119641423	-0.1211982393	0.0438811522	0.004606858	0.0140764739	0.1063463525	-0.0933930524	-0.2023838959	0.1472921987	0.0025115274	0.0851228856	0.0163808464	0.0031149569	-0.1639602697	0.1502002341	-0.018516862	0.0765200016	-0.1141038387	0.0240746301	0.1046057859	-0.0224111733	0.0316818847	-0.1057509526	-0.0061407652	-0.0763998911	0.0025181224	-0.0314255046	-0.1750465509	-0.0995383757	-0.0179068836	0.0355149187	-0.0670323138	0.0724434068	-0.0257054189	-0.0093944729	0.0577012878	0.0118064697	0.1452164901	-0.0741391247	0.0058815899	0.0276977262	-0.0538736563	-0.0333475172	-0.0352977152	0.0234600789	-0.0202631202	0.069388518	-0.1682126857	0.0179258447	0.1171114082	0.0063688499	-0.0955018918	0.1126387502	0.0674542747	0.0050684204	-0.0586099215	0.0371851624369554	0.0055834327540083	3.117472131853278e-05	0.0013827363054627	-0.0011721531399047	0.0050239795570092	1.3739429833884472e-06	2.5240370589246355e-05	-0.0281240799618842	-0.028369108077598	0.0008048062931184	0.0007909638737024	-0.0007039361366738	0.0003418856761621	1.1688581556481637e-07	4.955260845152349e-07	-0.0005560812878058	0.00038511470441	1.4831333555280174e-07	3.0922639864775694e-07	0.0002303042796621	-0.0001487026437591	2.21124762609458e-08	5.3040061230678776e-08	0.0	0.0
897.4681630597498	-0.7256721786681055	0.5266001108929148	805449.1037058417	958.1145079369638	-2.2971643186083384	5.276963906687311	917983.4103192904	834.7308047970399	0.1209975236298532	696775.5164771139	0.0146404007245569	837.9610983063722	656.8579863043807	1.15966	26.165533	0.1261725898644164	0.0632399548578286	0.1331348183	0.0695096287	0.0294096971	0.150900385	0.1005022548	0.0160815987	0.1139318593	0.0308423643	0.0443565792	-0.1372348243	0.0218307314	-0.0410742525	-0.0495613818	-0.0493868421	0.0842373411	0.098550559	0.0536999458	-0.1448684344	0.0783107751	0.0648397056	-0.0456229449	0.0482536874	-0.0449659382	0.087332896	0.1251230986	-0.0667042941	-0.0581816802	0.0292781704	0.015812576	-0.103163984	0.0020473152	-0.0757045748	-0.0942881314	0.0197609096	-0.0132724445	0.1855731353	0.1744257995	0.0392019714	-0.0547112772	-0.1813066156	0.0055116802	0.0748322728	-0.0700870898	-0.0366622722	0.1726641041	-0.0716195182	0.0377440796	0.020033913	-0.0139296569	-0.0394429431	0.0265230912	-0.0335104467	-0.12824239	0.0133977375	0.1114908837	-0.020725411	-0.0801112285	-0.1316357808	0.073758586	-0.0659610976	-0.0151802151	0.0960709852	0.0028403523	0.0620846515	-0.0055088871	-0.1042189001	0.0188746846	0.2049010757	0.0271075387	-0.0644536087	-0.0250653637	0.0211825559	0.0414562068	0.0111618481	-0.1016752861	-0.0727157171	-0.0461125466	-0.1474513378	-0.0485697443	0.0621060107	0.0782400981	-0.0819555817	0.1873924853	0.0118623016	-0.0820612511	0.0451766371	-0.1602635834	-0.0892533754	-0.029170737	-0.1258967396	-0.042753362	-0.0251264198	-0.0161462195	-0.1007762052	-0.0786657538	0.1134398206	0.0344305827	0.0406306994	-0.1235727517	0.0869439928	0.0774834534	-0.0092018173	-0.0459112696	0.0873329858	-0.0597158382	0.1234292773	-0.0489785613	-0.0186452446	-0.0274009925	-0.1002478706	-0.077504199	-0.0017339147	-0.0777078567	-0.0418277187	0.0404702456	-0.2572669125	-0.0968060412	-0.0858704517	-0.1184859513	-0.0733303525	0.1109488906	0.0616009311	-0.0050684204	-0.0703125971	-0.0022891686508756	-0.039474331087831	0.0015582228148317	5.240293112151614e-06	-0.0129544595519917	-0.011782306412087	0.0001678180222841	0.0001388227443883	-0.0208423801943808	0.0072816997675034	5.302315150405907e-05	0.0004344048121671	-0.0001870322273466	0.0005169039093272	2.671896514777423e-07	3.4981054066230265e-08	0.0002789784813042	0.00083505976911	6.973248179860464e-07	7.782899303079787e-08	0.0002310256531648	7.213735026999823e-07	5.203797303976415e-13	5.3372852420222465e-08	0.0	0.0
898.4631349802854	0.9949719205355904	0.9899691226542814	807236.0049186025	955.1470670513078	-2.9674408856560603	8.805705409863224	912305.9196967154	834.887440510933	0.1566357138930243	697037.0383228966	0.0245347468667773	838.5877877694589	664.5131487205496	1.134041	25.587486	0.0801260805164768	0.0410907756733923	0.0740348326	-0.1667262913	-0.0618997543	-0.0192579658	0.1027945041	0.0296013581	0.0024026508	-0.134608926	0.1357205657	0.0911540728	-0.0438255559	-0.0081501547	0.040157914	-0.0789594264	-0.0270106013	0.019459873	-0.156331606	-0.0661669192	0.0292820777	0.1931074088	0.0265480508	-0.0379743388	0.0305096552	-0.0301698579	0.0477975123	-0.1432992191	0.103528914	-0.0466770404	-0.0443696366	-0.1158978964	-0.0641931789	0.1016071686	0.0155663793	-0.0228573257	0.0677435878	0.0110384476	-0.1162178347	0.0609819563	-0.1491573627	-0.1380672368	-0.0434403022	-0.1023952614	-0.0825469726	-0.0183756259	-0.0509436348	-0.0073393464	0.0369326222	0.1784996662	-0.2325056994	-0.0055380368	-0.1165723081	0.0348661119	0.047171845	0.0284823237	-0.0715040279	-0.0063744863	-0.074377986	0.0820624332	0.1501188524	0.0001732761	-0.1940095398	0.0479296912	-0.0433756364	0.0459401359	0.0572396133	-0.0038592485	-0.1000817631	0.0991315585	-0.0298550723	0.026783167	0.0283900395	-0.0779412934	-0.100950334	0.156824783	0.0138848601	0.127091865	-0.1334333576	0.0675883211	-0.1197155535	-0.0983436165	0.0409937169	0.1144319487	0.0942076317	0.0661466426	-0.0032514176	-0.0286738827	-0.1250642571	0.0778992895	0.0202031908	-0.1171723852	0.071548705	-0.1117567069	-0.1003749736	-0.0316570383	-0.041581394	0.0227251682	-0.0155347456	-0.0066176242	-0.1086635121	0.0956363391	0.0324937088	-0.0969289856	0.0985512278	-0.0094663449	-0.1136075194	0.1294335162	-0.0403273255	0.0989177458	-0.0644342218	-0.1194812913	-0.1010278496	-0.0017916789	0.0401163102	-0.0785545034	0.07761227	-0.2075430812	0.0554133171	-0.0478026423	-0.0319903122	-0.1984324689	0.1091829923	0.0555787436	-0.0151740128	-0.0812449131	0.015579628727508	0.0178687973783836	0.0003192939197497	0.0002427248312869	-0.0051619068646004	0.0077925526873913	2.664528247880873e-05	6.072387738576938e-05	-0.0373565081666527	-0.0165141279722719	0.0002727164226845	0.0013955087024051	-0.0002739546136983	-8.69223863517e-05	7.555501249074202e-09	7.505113036658479e-08	-0.0003930316350799	-0.0006720101163841	4.515975965225716e-07	1.5447386617357968e-07	0.000230946106332	-7.954683279998567e-08	6.327698608508874e-15	5.3336104029911455e-08	0.0	0.0
899.0321811942797	0.5690462139942838	0.3238135936612282	808258.8628229442	965.1712014067408	10.024134355433034	100.48326957577284	931555.4480249316	834.8371237192722	-0.050316791660748	696953.0231398673	0.0025317795230311	839.4759896201153	665.6898572053921	1.145386	25.843475	0.0478738308993541	0.0225071967291679	-0.1019348637	-0.0039720425	0.0232696404	0.0768050155	0.01919563	0.1058280744	0.1859635179	-0.0960276874	-0.0816006808	0.0523888842	-0.0303897286	-0.0081218908	-0.0504133697	0.0635137257	-0.0830004815	0.0992876421	0.0358660732	0.1216554189	-0.0375105128	0.1606428691	0.0267021888	-0.1229809919	-0.0171368057	0.0528788091	-0.0431485014	0.1855396449	-0.0409267079	-0.1865630908	0.1760819534	0.1670783015	-0.0970261197	0.0657961671	0.0151266898	0.1099949179	-0.0349326189	-0.1272915694	0.017761672	-0.0739626014	0.0120934247	0.0285343817	-0.2034930522	-0.0020784204	0.067370141	0.0383596392	-0.0020416213	0.0650277546	0.011461257	0.0457305512	-0.022654106	0.1260412324	-0.0556329121	0.0937964841	-0.0054274654	0.0521694997	-0.0258901755	0.1546096631	-0.0936128695	0.0596479452	-0.1109130192	0.0346791597	-0.1489237551	0.1159928446	0.0784574197	-0.0580520827	-0.0683675171	0.094325529	0.1686034643	0.0818396144	0.0052688951	0.2064232523	0.0380390678	0.0129076711	0.0869396508	0.043941165	0.170318402	-0.0340084844	-0.0035141425	-0.05767328	-0.0531042588	-0.1302958155	0.0182829317	0.1779172741	-0.1098661913	0.0005599977	0.0129305278	-0.0198422636	0.101249941	-0.0571969168	-0.08115852	0.0095986458	-0.1560935096	-0.0986091853	0.0819920555	0.1758103813	-0.0131111922	-0.1089464497	-0.0372022008	4.01747e-05	0.0063826964	-0.0412666017	0.0387210602	-0.1051517409	0.130769368	0.0174059997	-0.0009473215	0.1353184592	-0.0313049965	-0.0114736673	0.0554957917	-0.0492281071	0.0880969395	0.077476451	0.070815949	-0.019645108	0.0091826376	0.0190931469	0.0202692129	-0.1867139187	-0.1890409486	-0.0617245389	0.1073422654	0.0494042187	-0.0251860523	-0.0912870929	0.023748888214655	0.008169259487147	6.67368005683413e-05	0.0005640096914321	-0.0105748966843464	-0.0054129898197459	0.0001118284398846	2.9300458788673828e-05	-0.0438009100030001	-0.0064444018363473	4.15303150283177e-05	0.0019185197170909	-2.998796543142481e-05	0.0002439666482668	5.95197254665732e-08	8.992780707163292e-10	-0.0001450026391829	0.000248028995897	6.151838280567404e-08	2.102576537000629e-08	0.0001659981553736	-6.494795095840001e-05	4.2182363336947326e-09	2.7555387587437845e-08	0.0	0.0
897.6001394775969	-1.432041716682761	2.0507434783197094	805686.0103902015	959.1425152572932	-6.028686149447594	36.34505668854126	919954.364574087	834.1080319486706	-0.7290917706015989	695736.2089612845	0.5315748099589745	837.6124626490131	654.2951721515961	1.046982	23.623161	0.0695807999546661	0.0390022395517539	0.0030136471	0.1193248031	-0.045698723	-0.0191994478	0.0017133669	0.1108477644	-0.0640994439	-0.1013546934	-0.0634856286	-0.0884687186	-0.020547173	0.0586350371	0.0723809643	0.0187811627	-0.0026149467	-0.0170903895	0.0953735434	0.0187457689	0.0168787065	-0.0419264512	0.0411583626	-0.0449704843	-0.0674708046	0.0509705971	-0.1032334947	0.1418412158	0.0262252889	-0.0529154544	0.0243147544	-0.0756287497	-0.0215128364	0.0045980871	0.1104816925	-0.0665068342	-0.075343552	-0.0216001873	0.0861779922	-0.0985904446	0.0732849447	-0.1051815245	0.0521749511	-0.2832695165	-0.0465504145	0.0296636602	0.0683475631	-0.1191685338	0.051074342	0.136405529	-0.04111917	0.0440361508	0.0411967718	0.0527252119	0.0190690527	-0.1313362693	-0.1617056364	0.0622350409	-0.0633295988	-0.0839509078	-0.0422673031	-0.018777149	-0.0671380694	-0.0907951432	0.0500679584	-0.1345851909	-0.101196246	0.0162188999	0.0269309758	-0.0186267779	0.1014039551	0.0755948894	-0.0497494537	0.0016344306	-0.0510047236	0.0820053312	-0.0698604061	-0.0107049686	0.0316060127	-0.0184548007	-0.0190548196	-0.149386405	-0.0422002954	-0.0989642333	-0.0426419968	-0.1538344394	-0.049040708	-0.2032435972	-0.0478296061	-0.0918288483	0.0365323698	-0.0201216201	-0.1675590949	-0.0845532687	-0.0546941274	0.0985871989	-0.0921683833	0.0051131097	-0.0303614669	-0.0103681545	0.0041612287	-0.0364215179	0.0495303889	-0.1214359641	0.0347479662	0.1817530626	-0.0994463589	0.0685650135	-0.0199369584	0.0362951502	0.034540629	0.0121876553	0.0364075102	0.0053663823	-0.0974686152	-0.1460195049	0.0667543979	0.0076943917	0.0294349258	0.0062016523	-0.0133714747	0.0074413328	0.1054279714	0.0430942802	-0.0350428114	-0.1003291122	0.0086751219789391	-0.0150737662357159	0.000227218428529	7.525774134947226e-05	0.0226376022364576	0.0332124989208039	0.000512461035016	0.0011030700845644	-0.0401047196887276	0.0036961903142724	1.3661822839321834e-05	0.0016083885413114	-0.0001349622399455	-0.000104974274514	1.1019598309756416e-08	1.8214806211106715e-08	-0.0003270155042576	-0.0001820128650746	3.312868305270094e-08	1.069391400248524e-07	0.0002309779054623	6.49797500887e-05	4.222367921589908e-09	5.335079281175119e-08	0.0	0.0
900.0321239079226	2.431984430325656	5.9145482693464055	810057.8240662061	954.9770804012524	-4.165434856040861	17.350847539920146	911981.2240917	835.4588906496566	1.3508587009860094	697991.5579655549	1.8248192300296089	838.6929293510979	663.3978571580164	1.04605	23.602154	0.119306306352522	0.0626846622123114	0.0748474057	0.0791297658	-0.0739654486	-0.0116614459	0.0156689754	0.0528776355	-0.124090974	-0.1849976525	0.0681420461	-0.0782938695	-0.0914276842	0.0112089666	-0.0542961256	0.0882596857	0.0605916988	-0.1196358431	0.1229862303	-0.0787151613	0.0582288436	0.1053883588	0.0338106164	0.0632574328	0.1884170187	0.0874155369	-0.0850632621	0.2226726646	-0.0894220443	0.0029734274	-0.158178571	0.0550307476	-0.1119297958	0.072778509	0.0663271404	-0.0999715751	0.0124142725	-0.046431231	-0.0687344925	0.1993190625	0.0483106789	-0.022797322	0.1010371911	0.0407745055	0.0104995918	-0.1417218409	0.0342871206	0.0850157771	-0.0389195042	0.1003826367	-0.0214971687	-0.0774023108	0.065548409	-0.1175591318	-0.0152934127	0.054892897	0.2385519348	-0.0474804649	0.0636217241	-0.112596523	0.061650096	-0.0618972232	-0.064860229	-0.1123883136	-0.1467289987	-0.1521361022	-0.004290564	0.0889158578	0.2042780017	0.1412595855	-0.0369307511	-0.0265867761	0.03417476	-0.0712461166	-0.1418013244	-0.0437603642	0.0162864366	0.0785800954	0.0338675431	0.1077406403	-0.1079395044	0.1013837058	-0.0599969367	0.0449321388	-0.0625820155	0.0104546386	0.1018702771	-0.0091353929	-0.0457054874	0.1586931384	0.0274301115	0.1666867723	0.0038505711	0.2808268531	0.0457138369	-0.0439578761	-0.0081511509	0.1046916311	-0.0451709584	0.0799828219	-0.0669917531	-0.0141576314	0.0418989929	-0.1133652672	-0.001555946	0.1817396428	-0.0629630264	0.0879540722	0.0040307388	0.0524784464	0.1286186474	0.0082008692	0.1027056085	0.0212444457	-0.0232030391	-0.1837840821	0.0268453229	-0.0176515234	0.1581374417	-0.0073190815	0.2190966646	0.057551332	0.1034414224	0.0366662233	-0.0446835199	-0.1082719048	-0.0078984217662849	-0.016573543745224	0.0002746823522748	6.238506639812306e-05	0.0233263777577832	0.0006887755213255	0.0005441198992988	4.744117187773519e-07	-0.0609954855336241	-0.0208907658448965	0.0004364240975862	0.0037204492554825	-3.289680101738147e-05	0.0001020654389281	1.0417353823589492e-08	1.0821995171771903e-09	0.0003220107767125	0.0006490262809701	4.2123511338987925e-07	1.0369094031898753e-07	-0.000640994799461	-0.0008719727049233	7.603363981312564e-07	4.108743329360476e-07	0.0	0.0
899.7672938417467	-0.2648300661759322	0.0701349639507486	809581.1830673001	956.7544682820638	1.777387880811489	3.1591076788555545	915379.1125776948	836.1115602152237	0.6526695655670665	699082.5411255356	0.4259775618175032	839.6951520767739	663.1126030617372	1.099426	24.806473	0.1725823117344669	0.0799657749681346	0.0871925596	-0.0339043545	-0.0892515662	0.105783299	0.0809553252	0.0021834687	0.0567714838	-0.1485518344	0.1394532103	0.0018689821	-0.0446356674	-0.094944429	-0.1000339751	-0.0791921282	-0.08458396	-0.0940012634	-0.0501262338	-0.1135793743	0.2092236894	0.0945413182	-0.0834312335	-0.1042660704	-0.0331874795	-0.0689256568	-0.0157102618	-0.0672587585	0.092087225	0.0724700517	0.0137817496	0.2711400648	0.0828934439	0.079560225	0.1271393665	-0.0508743367	0.041986279	0.0563664696	-0.0100597045	-0.1025670283	-0.032809537	0.022851487	-0.0678343218	0.2210728939	-0.1339519415	0.0301304925	0.0461595701	-0.0010262356	0.0712205396	0.0036704132	-0.0116112706	-0.0692594211	-0.1806801819	0.027891275	-0.0648760787	0.1088909158	0.0436150824	0.0445057426	-0.0973684986	-0.0278888525	0.1156708029	-0.1486673511	0.0086329306	0.2334409839	-0.0570268174	-0.0204316571	0.0794488741	0.1330673276	-0.004733647	-0.1062852846	-0.0777530284	0.0195225163	0.1085813073	-0.047917853	-0.1324820282	0.0629152975	0.1069417884	0.0315533639	-0.0779951237	-0.1460141705	0.130652387	0.0422047924	0.1985311024	0.0252506944	0.0494183545	0.1362209601	-0.1735696676	0.0915744698	0.245499928	0.0603002168	-0.0455853638	-0.0168252464	0.0514937185	0.0617907282	0.0903348043	-0.0723794106	0.0009437783	-0.0138113567	-0.2068964311	0.1113768012	-0.0689605876	0.1111043941	-0.1190876484	-0.0427564793	0.03842266	0.0943149789	-0.0833328495	0.0837581312	-0.0770526679	0.046287859	0.1240385932	0.0051158549	0.0223577422	0.0113577198	0.0885170578	-0.1156142413	-0.0203845963	0.1085378606	0.0579393983	0.074545144	-0.0441920929	0.1229679481	0.1013839798	0.0301376669	-0.0540487397	-0.1150284477	0.0442087470722611	0.052107168838546	0.0027151570443687	0.0019544133176991	0.008360168904872	-0.0149662088529112	6.98924241179887e-05	0.0002239874074289	-0.1005151261028629	-0.0395196405692388	0.0015618019907218	0.0101032905754744	-0.0007729615118062	-0.0007400647107888	5.476957761549377e-07	5.974694987337263e-07	0.0004370681378538	0.0001150573611412	1.3238196352799526e-08	1.910285571269883e-07	-0.0001763310019157	0.0004646637975453	2.1591244474921962e-07	3.10926222365946e-08	0.0	0.0
898.3875782824384	-1.379715559308238	1.903615024597244	807100.2408121844	963.241895862654	6.487427580590179	42.08671661340214	927834.94994508	835.996880234472	-0.1146799807517027	698890.7837617701	0.0131514979852109	840.1436254737217	668.8856911335862	1.09261	24.652693	0.0391680546000135	0.0180933353523384	-0.0750891259	-0.1100582618	-0.0505979376	0.1644434888	-0.0151811848	0.0608378498	0.0016950147	0.0372267665	-0.0032681712	0.1066209362	-0.0855111671	0.0145231002	-0.0392911069	-0.1085463014	-0.0501791897	0.0865505038	-0.1052087818	0.0869497651	0.0349441407	-0.0400567552	-0.0708415312	0.1025696498	0.0196431484	-0.0702657637	-0.0635015601	0.1102451212	0.0336832628	0.0315656515	-0.0478508195	0.0901156932	0.1166810181	0.1857891914	-0.0023767802	-0.1209244791	0.1069221109	0.0671909592	-0.0626443511	0.2163643984	0.1679171484	-0.0468085322	0.0924274025	-0.0246380751	-0.0660239911	0.0493281472	0.1156446254	-0.0291774654	0.076590535	-0.0944966952	0.1965614888	0.0652358617	-0.086340306	-0.0316538091	0.1122654784	-0.1009011451	-0.0190001938	0.127688265	-0.0919035861	0.1221351286	-0.0034791808	0.0023962668	0.0497179654	0.0815017211	-0.0970865255	0.0035195378	0.0172088633	0.0574564806	0.0201195766	-0.1023502929	0.1054225194	-0.1215156492	0.0869784804	-0.0381487767	-0.091521039	-0.0395937614	0.0956936613	0.1595962013	0.0475612947	0.0913970041	-0.0973502782	0.0801010556	0.1611670546	-0.0072920466	-0.096274619	-0.2601601633	-0.159101224	0.0225674717	-0.0228857727	-0.118913242	-0.0242018145	0.0648650734	-0.0895004879	-0.0441050635	0.0204376557	-0.1370502439	-0.0618471014	-0.0018773101	-0.2199801793	0.0515480442	-0.0105569097	0.0280469258	-0.1453921925	-0.0155005135	0.1070462461	0.0240309078	-0.0320390499	0.1200996707	-0.0095985411	-0.0088764072	0.0962188596	0.108489337	0.0603829299	-0.0120708148	-0.0329013122	0.0280448157	-0.0347923527	0.2024824243	0.0318994497	0.0102174025	-0.1356457747	0.0889418128	0.0992570537	0.0235265052	-0.063080731	-0.1205247148	0.0489530978239542	0.004744350751693	2.2508864055090862e-05	0.0023964057865616	0.0007398719664166	-0.0076202969384554	5.474105266891664e-07	5.806892543023274e-05	-0.1077481725699129	-0.00723304646705	5.231696119450453e-05	0.0116096686921557	-0.0005879796907986	0.0001849818210075	3.4218274103287764e-08	3.457201167916173e-07	0.000247046550911	-0.0001900215869428	3.61082035042601e-08	6.10319983170213e-08	-0.0001599272010098	1.640380090589999e-05	2.6908468416040527e-10	2.5576709622828972e-08	0.0	0.0
897.442554489181	-0.9450237932574056	0.8930699698226154	805403.1386080666	963.1977943719602	-0.0441014906938335	0.0019449414814182	927749.9910830088	834.0461597316313	-1.950720502840681	695632.9965630819	3.805310480203001	838.721557712974	669.6587871217552	1.107446	24.987434	0.0907966856579607	0.0420999352373315	-0.1032416685	0.0981271107	-0.0993274124	0.0175056132	-0.0846301159	0.0285575595	-0.167963827	-0.0677290091	-0.1429773927	-0.0136936942	-0.0770603707	0.0988579915	-0.1118395957	-0.0087700383	-0.1051542944	-0.0500606556	0.1120209976	0.0953719643	-0.0862916126	-0.1469704763	-0.0985992664	-0.0215285556	-0.1124017638	-0.1354996575	-0.1455991639	-0.0913843387	0.1779733446	-0.0613264393	-0.0440865658	0.0851841642	0.0403132087	0.0016085916	0.0601890769	-0.1216400316	0.0047326449	-0.0818194612	0.1350264227	-0.0999967423	0.1241608146	-0.1943292298	-0.0359054812	-0.0950312861	-0.0940130301	-0.0766335224	-0.140411491	0.0075807535	0.1167051232	-0.0388621963	-0.1307170548	-0.0084955106	0.0007947656	-0.0253845902	0.1229484876	0.1348913147	0.0180005423	0.0341523334	-0.0671603481	-0.0374918661	-0.1390600481	0.0830242388	0.0877424998	-0.0194603064	-0.067459038	-0.0456156517	-0.0440218491	0.033298633	-0.0548842724	-0.2567462445	0.0178651946	0.0648955895	-0.0530904026	0.0250616746	-0.1516344167	0.0633764032	0.031993022	-0.0261054488	-0.0803589379	-0.0269365201	-0.0264763516	-0.0200332454	-0.0579891563	0.0170589547	-0.0139325482	0.1456999768	-0.2129648651	-0.1645392045	0.0343511752	-0.0187119457	0.1975888651	0.0584555256	-0.1289126697	-0.0869365478	-0.0679303388	0.0671719185	-0.1144649391	-0.1472507577	-0.1551980354	0.0710013839	0.0434965224	-0.1213782502	0.0236790966	-0.0367412474	0.022778154	0.1633700751	-0.0871526641	0.0800120568	-0.0650223357	0.0564893634	0.0903335819	0.0489356413	0.0437900987	0.0627876666	0.0239272865	-0.0566427862	-0.0483465038	-0.0078063565	0.0365080407	0.0940465693	-0.0854253437	0.0810596144	0.0970621018	0.016850859	-0.0717238087	-0.124700488	0.0312627258218327	-0.0176903720021215	0.0003129492615734	0.000977358025811	0.0249154125356625	0.0241755405692459	0.0006207777818222	0.0005844567618152	-0.0994205070976761	0.0083276654722368	6.935001221748502e-05	0.009884437231559	-3.694590697146945e-05	0.0005510337838271	3.036382309188449e-07	1.3650000419444747e-09	0.0002760073424257	2.8960791514699995e-05	8.387274451579193e-10	7.61800530728976e-08	-0.0003919947779551	-0.0002320675769453	5.3855360269262745e-08	1.5365990594406818e-07	0.0	0.0
896.4288117361509	-1.013742753030101	1.0276743693210486	803584.6145106875	955.866029066198	-7.331765305762133	53.7547824987773	913679.8655227816	834.2993305282088	0.2531707965774785	696055.3729198173	0.064095452239675	837.3794421946112	656.2685427307053	1.265253	28.548044	0.1019986199919582	0.0420343461843342	0.1306814919	0.0665022229	0.0876620049	0.1784872941	-0.0396511071	-0.0640557019	0.0134170146	-0.0305545925	0.0927306729	-0.1499516382	0.0425542326	0.0017506354	-0.0206629398	-0.1369693611	0.0138355804	0.1584502431	0.0021117686	-0.1815281822	0.0743506127	-0.174622792	-0.1090315491	0.0202827741	-0.0415241704	-0.0112939487	0.1285073446	0.1093479462	0.0784104797	0.058470174	-0.1253091732	-0.0076847136	0.0633192787	0.0750331847	-0.0657619275	0.0500212262	0.0378367827	-0.0852862804	-0.0839032369	-0.0449950712	0.0308342624	0.0939486356	0.118254364	-0.0359170873	0.1398844608	0.1493941653	-0.1628938477	0.0219853862	0.0288955533	-0.1113325733	0.0991862268	-0.1476650102	0.1081855556	-0.089486757	0.0243084585	0.0935999098	0.0523516335	0.092023317	0.0386653927	-0.1035346666	0.1132308349	-0.005872861	0.210167477	0.0905402362	0.0244441402	0.0569793171	-0.0846234668	0.0837026645	0.0136877057	0.0034777934	0.0203201512	-0.1835895343	-0.0776903181	0.1101764664	-0.0296479479	-0.0908636291	0.0278246023	-0.1633446023	-0.1170391751	0.1919471425	0.0263403123	0.0145369192	-0.0505478367	-0.1777159806	-0.0966859015	0.0432633307	0.0459106762	-0.1236662579	0.0598736827	-0.145718671	-0.0195330078	-0.0398264883	0.020333429	0.0226207227	0.1259125123	0.0371339894	0.0107463355	0.0313932264	0.0426081653	0.076981879	-0.1050373913	-0.0119048173	-0.0926445964	0.1972131504	-0.1832824343	0.042077224	0.082043947	0.3085668267	0.5895071539	-0.1687398422	-0.0288446899	0.1180442019	0.0919592522	-0.1159422606	-0.2469295179	0.1976375333	0.0196425903	0.1258667972	0.1594085069	0.0322575916	-0.1161342245	-0.2197407151	0.0948006283	0.0101290257	-0.0799246852	-0.1275100165	0.0556454715890453	0.0243827457672126	0.0005945182911485	0.0030964185083672	0.0346008523020771	0.0096854397664146	0.0011972189800301	9.380774346884534e-05	-0.0785430173630885	0.0208774897345875	0.0004358695776178	0.0061690055764984	0.00035267274772	0.0003896186546914	1.518026960835905e-07	1.2437806698437477e-07	0.0004468636487537	0.000170856306328	2.9191877412047378e-08	1.9968712057747018e-07	-0.0007725787114105	-0.0003805839334553	1.448441304043843e-07	5.968778653247086e-07	0.0	0.0
896.5422933573068	0.11348162115587	0.0128780783401644	803788.0837783791	956.599619472728	0.7335904065299701	0.5381548845528068	915082.831975368	834.7877629766401	0.4884324484313538	696870.6092155431	0.2385662566806471	838.4381010506936	654.9257403913467	1.232727	27.814154	0.111031789832397	0.0510714262172652	0.0287685603	-0.1466747759	0.0184443611	-0.0634297795	-0.1467548384	-0.0343216101	-0.0500556792	-0.007141462	0.0792011868	0.134514602	-0.0879331806	0.168177208	0.0339029839	0.0939130019	-0.0010703457	0.0770604493	-0.1802747635	0.0001940499	-0.0885591609	0.1126848342	0.0115172138	-0.0088911733	0.093092888	-0.0348927465	0.0505431989	-0.0551250616	-0.0442566576	0.1402083098	-0.0891656791	-0.0724321996	-0.2862889414	0.0501542953	0.1299863513	-0.0196550863	-0.006851893	0.0925846987	0.0113683146	-0.0109522869	0.0666450389	0.1191778645	0.1230328033	-0.0362943812	-0.0754394373	-0.0994315042	-0.1761886341	0.0441697263	-0.0532919521	0.0013723523	0.0137015401	0.0181136336	-0.0096587504	-0.0687238295	-0.0088032725	-0.016933804	8.45115e-05	-0.0038230906	-0.1890988037	0.1459245893	0.0803065592	0.0817803943	-0.1114122635	-0.1288608806	-0.1491887422	-0.0059535662	0.0442966121	-0.0417005028	-0.1231910447	0.1703788768	-0.0212112255	-0.0417016647	-0.0378127122	0.0986135646	-0.1055266673	0.0778137463	0.017651984	-0.109409686	0.0602060931	0.1433494135	0.0177940669	0.0197606574	0.0086691529	-0.0418715031	0.033226395	0.0174813647	0.1102945836	-0.0408152944	0.1429450416	-0.1712922245	0.0125731112	0.0830229345	0.010345338	-0.0622989424	-0.0087188925	-0.1008235579	0.0055246293	0.084021192	0.1260589332	-0.0649127883	-0.0432024474	-0.0158827171	-0.03511666	0.0924723409	-0.0711508645	-0.1736379578	-0.0336512573	0.2683243153	0.3780628069	-0.0505489361	-0.1822932703	-0.0081900694	0.0365833283	0.0965452153	0.2822501355	-0.1922983865	-0.0797966146	-0.097091205	-0.1554706008	-0.0576122961	0.2596034458	0.2177313018	0.0924741833	0.0033794295	-0.0876327994	-0.1289225186	0.0447499859808857	-0.0108954856081596	0.0001187116066376	0.0020025612452894	0.0227569017396689	-0.0118439505624082	0.0005178765767889	0.0001402791649247	-0.0620095231415973	0.0165334942214911	0.000273356431172	0.0038451809602482	0.0009630135886994	0.0006103408409794	3.725159421674412e-07	9.273951720196972e-07	0.0003069582015602	-0.0001399054471935	1.957353415441322e-08	9.422333750507237e-08	-8.764781077663989e-05	0.0006849309006338	4.691303386431107e-07	7.68213873393767e-09	0.0	0.0
897.6858357831413	1.1435424258345392	1.3076892796835426	805839.859765677	962.3368317473168	5.737212274588728	32.91560468369157	926092.1777374634	834.4821880668994	-0.3055749097406988	696360.5222009202	0.0933760254630362	838.4874264991889	665.1351827769627	1.214766	27.408897	0.1110024102219978	0.0514451253787261	-0.1171771141	0.0291837123	0.0791238049	0.0124042009	0.1024628414	-0.0197186736	0.0603533309	-0.0143030294	-0.107410648	0.0097608954	0.018380774	-0.015149479	0.0560587141	-0.0238252937	0.0755768722	0.0579327929	0.0659845975	0.0647957193	-0.0735069055	-0.0082652961	0.0215405125	-0.1100611118	0.0692358799	-0.1513164508	0.0874798668	0.1956451689	-0.0090083551	0.0182027721	0.0442099835	-0.0710568739	0.0360870914	-0.0822378995	0.0496544078	0.1552016813	-0.0861849894	0.0257134418	-0.0887264022	-0.0391165255	-0.0174376422	-0.0683018124	-0.034691629	0.0647800568	-0.1670040032	0.0901129429	0.0687110588	-0.1171181938	0.0302288662	-0.0543333381	0.0942169151	0.0660749218	0.0686473234	0.1021834007	-0.0249058275	0.0168045999	-0.1249525759	-0.1493094311	0.1097840713	0.0069370019	-0.1261724303	0.0449297043	0.032101219	0.0063525223	0.1029894893	-0.0022681036	-0.0202123984	0.0856374266	0.1287354358	0.1434105314	-0.1002033916	0.0533741437	-0.0291898561	0.0780580316	-0.1114472634	0.0309300956	-0.0854403992	0.0934405325	0.0384035513	-0.1162729927	0.1095255504	-0.1074916093	-0.0666482777	-0.0123344213	0.0579953256	-0.1413696868	0.000845421	0.0352201286	-0.0030587137	-0.0078474699	-0.1924051027	0.0708410345	0.0870084578	-0.0452081359	-0.1272854953	0.0078184238	0.0031828029	-0.1243810217	-0.0307991125	-0.069689214	0.0411237568	-0.0628858911	0.0612999298	-0.029113503	-0.0024447795	-0.0759199558	0.0003211606	0.0206506681	0.0789130538	-0.0914723527	-0.0080880847	0.0236379206	-0.0313050629	0.0854170339	0.0790539038	-0.147256555	0.0879883788	-0.0219217589	-0.2848155647	0.0689173055	-0.1480280826	0.2412150644	0.090084361	-0.0033794295	-0.0948006283	-0.1289225186	0.0278305699441858	-0.0169194160366999	0.0002862666390229	0.0007745406234182	0.0393630500753516	0.0166061483356826	0.0015494497112346	0.0002757641625466	-0.07865593967297	-0.0166464165313726	0.0002771031833359	0.0061867568458378	0.0001749970236025	-0.0007880165650968	6.209701068671168e-07	3.0623958269733946e-08	6.200825542079791e-05	-0.0002449499461394	6.000047611369599e-08	3.845023740330913e-09	9.599426435190956e-05	0.0001836420751285	3.37244117575198e-08	9.214898788464294e-09	0.0	0.0
897.5423405278251	-0.1434952553162247	0.0205908882982685	805582.2530401663	957.7253346536672	-4.611497093649518	21.265905444737957	917237.8166374788	836.2711539868487	1.788965919949305	699349.4429904957	3.200399062740064	840.2931937333254	655.9324794421213	1.123694	25.354031	0.0843892471283303	0.0411098470306589	0.0148570502	0.1167622594	-0.026269468	-0.1307668844	-0.1234153853	-0.0082380487	0.0802192526	0.0983619223	-0.0421582602	-0.1066698729	0.0067612406	0.0068601348	0.0911374312	0.0461156707	-0.0038812515	-0.1305512086	0.0895406746	-0.0395277709	0.0481679889	0.076285953	-0.063126909	0.0431752457	0.1417089349	-0.0369635176	-0.102190338	-0.0666386348	0.0149862084	-0.1245152639	0.1192263365	-0.056811217	-0.0024860406	-0.0417507267	0.0639019018	0.1638015829	-0.0189287284	0.1400223614	0.0586944418	-0.06591913	-0.0505655899	0.0523892601	0.0388051447	-0.0785958102	0.0027102869	0.0183514282	-0.0687463759	0.0002611616	0.0413829604	0.0565099736	-0.0127562264	-0.2301060096	-0.0664383776	-0.0831592623	0.0292414578	-0.1339220582	0.0064579144	-0.0099670362	0.0238826569	-0.1013527247	-0.0238789931	-0.0123470654	-0.0598948287	-0.0173716579	-0.1509276039	0.0565616592	-0.069411989	0.1118946713	-0.0132833639	-0.0525700214	-0.0294414618	0.0687344529	-0.057660774	-0.0793093312	0.136448448	-0.0101226362	0.07246588	0.0981211214	0.0976818564	-0.0882530446	0.019862062	-0.06797472	0.055587297	-0.0259203031	0.1644370349	0.0311963109	0.1982949233	-0.037837132	-0.050491975	0.0317856885	0.1351235067	0.0014533394	0.029488296	0.0046534272	-0.0041269737	-0.1905977571	0.0970784298	0.1333527214	0.0049766643	-0.0048484829	0.0020181986	-0.0788366519	0.0770045619	0.0705511946	-0.1657914386	-0.0128840824	-0.0475497934	-0.1019608243	0.010586914	-0.1011106757	-0.0652791848	-0.2130788414	-0.0132341409	0.0734250239	-0.1060829213	-0.0344244274	-0.0359005467	0.0958570422	-0.1892672272	0.2494895316	0.1441624618	0.1239980412	0.0876327994	-0.0101290257	-0.1013839798	-0.1275100165	0.0012586423206073	-0.0265719276235785	0.0007060673376326	1.5841804912237292e-06	0.036984169393321	-0.0023788806820305	0.0013678287857138	5.6590732993383655e-06	-0.0728134270262899	0.00584251264668	3.4134954026616816e-05	0.0053017951553128	-7.593780065121212e-05	-0.0002509348242537	6.29682860232414e-08	5.766549567743232e-09	0.0003770120386841	0.0003150037832633	9.922738347019341e-08	1.421380773127413e-07	-0.0003299856516519	-0.0004259799160038	1.814588888386127e-07	1.088905302961291e-07	0.0	0.0
899.908298439338	2.365957911512851	5.597756839050251	809834.9455999845	958.6754972046496	0.950162550982327	0.9028088732892432	919058.708940582	837.4143869766336	1.1432329897849058	701262.855515451	1.3069816689325346	841.8933825495852	657.1326830354777	1.044639	23.570318	0.0650805229883579	0.0346080491927393	0.0820658201	0.0141421422	-0.1366033757	-0.0976615765	-0.126698424	-0.0868305737	0.0847387506	0.1057340783	0.0365626504	-0.0251227173	-0.0510819933	-0.1043215302	0.0197682242	0.1073728376	0.0884136256	-0.0689508428	0.058026466	-0.0423367257	0.106344209	0.1114956997	-0.0336807782	0.2174784593	0.0636267676	-0.0308612346	0.0572264282	-0.0135353424	0.0388507129	0.0095117955	0.0327967692	-0.1069720367	0.0185647615	0.0010530072	-0.014083966	0.0664106533	-0.0024057489	-0.0347268619	0.0848269925	-0.0091025244	0.019134326	0.06076976	-0.2297723811	-0.0823537963	0.1880414581	-0.01059572	0.089087309	0.0181864744	0.0808290137	0.1523205606	0.0298654058	-0.0398113897	0.1405473708	-0.1677848897	0.0200935292	-0.0510291113	-0.0458673849	0.0039247667	0.0062360448	-0.0634280491	0.0207033856	-0.0904499341	-0.0821975964	-0.0386909874	-0.1137367791	0.2197135035	0.0073185485	-0.0304875458	0.0093993151	-0.0388856821	-0.0463001151	-0.0970149923	-0.0772390049	0.0244048775	0.0678107596	-0.0737218168	-0.0227172297	0.0102186816	0.1224895716	-0.08726836	-0.005359318	-0.1948860022	-0.020028978	0.1349638479	-0.0838373293	0.0052371704	0.0697550913	-0.038009758	-0.08030573	0.0787658035	0.0237458091	-0.14748631	-0.2292026649	0.0190952775	0.0535526036	0.0145851894	-0.0202625637	0.1130586001	0.003184867	0.0209094658	-0.0584552137	-0.0224530659	0.0044285955	0.0591028907	-0.1058398217	0.0363366823	-0.0995159375	-0.2007652052	-0.0629395927	0.0167611439	-0.0976585716	-0.2505740369	0.0240490637	-0.0294177871	-0.0182700205	0.0413544231	-0.0123816382	0.022122242	-0.0745615589	0.0603628271	0.1307068927	-0.0087084339	0.0851211787	-0.016850859	-0.1073422654	-0.124700488	0.0034076663235538	0.0021490240029465	4.618304165240198e-06	1.161218977268267e-05	0.0267540827032348	-0.0102300866900862	0.0007157809412915	0.0001046546736866	-0.0981710057453995	-0.0253575787191095	0.0006430067984958	0.0096375463690632	0.0002410450401036	0.0003169828407548	1.0047812133299059e-07	5.810271135854613e-08	0.0004689767386889	9.19647000048e-05	8.457506046972859e-09	2.199391814312768e-07	-0.0001920565208872	0.0001379291307647	1.9024445113505712e-08	3.688570721529549e-08	0.0	0.0
898.9888150542974	-0.9194833850405076	0.8454496953655503	808180.8895927299	962.3382616978066	3.662764493157056	13.415843732332064	926094.929927556	836.2337617432045	-1.1806252334291685	699286.9042791905	1.3938759418096784	840.1881266831604	664.77858917575	1.064666	24.022169	0.0898859889257699	0.0399028926484428	0.0456056165	-0.0854961352	-0.0133714099	0.0019609745	-0.1586018959	-0.0785659212	0.1023995481	-0.0978964927	0.0848868589	0.0622351475	-0.0090010301	0.0252057892	-0.1510325709	-0.1627124614	-0.0390252477	0.0108690277	-0.0991418246	0.0383711094	0.0328937668	-0.0206782363	-0.0169853071	-0.1063800004	0.0205906365	-0.0175538896	-0.0676378722	-0.0897969938	-0.1570381014	-0.0215597524	-0.1126355581	-0.0417546877	0.0936346685	-0.0220691709	-0.1723380399	-0.0148769404	0.1105524034	-0.0750586807	0.0807867485	0.1196652145	-0.0840216635	0.0019112641	0.0131153	0.033831695	-0.1120434972	-0.0434986018	-0.2185921885	-0.0161622254	0.0173840799	0.0591810803	0.0784614436	-0.1007168729	0.2012509116	0.0430466664	0.1030255067	0.1074818039	0.0022430314	-0.0101458963	-0.05670063	0.0611555579	0.0406380753	0.0190122245	0.0540744007	0.0271062387	-0.0993079453	-0.0196577145	0.0624860066	0.0636090204	-0.1649657738	-0.0227792368	0.0513232614	0.1360167152	0.0996463134	0.0282477201	0.0274089367	-0.166411295	-0.1086152332	-0.0623004814	0.0043167325	0.1548352493	-0.1003555298	-0.0829704098	-0.0188006241	-0.0862797483	0.0254140836	0.1005297783	-0.1207154648	-0.0088529751	-0.0799946581	0.0541831148	-0.1366924967	-0.0109761881	0.0346851779	-0.0127209551	-0.0673857037	-0.0617120148	-0.0239271134	-0.2149985354	0.0655689144	0.035026314	-0.0315667782	-0.0353841077	-0.1199520559	0.0658691939	-0.0060529391	-0.0627820273	-0.0529473234	-0.1514960824	0.0086741449	-0.0250194637	-0.0148000004	-0.139470549	0.0726839838	0.0418953322	0.1641154782	0.0292688693	-0.0565022923	-0.0215384975	0.0111704349	-0.1274942212	0.0463107927	-0.0708528019	0.0825512202	-0.0235265052	-0.1126387502	-0.1205247148	0.0096432491081088	0.0062355827845549	3.888249266303867e-05	9.299225336104117e-05	0.0093110962521905	-0.0174429864510443	8.669651341755599e-05	0.0003042577763313	-0.0784510607579989	0.0197199449874005	0.0003888762303061	0.0061545689340552	0.0003827358134108	0.0001416907733072	2.007627524039235e-08	1.4648670286722673e-07	0.0009559081595851	0.0004869314208962	2.371022086559923e-07	9.13760409561373e-07	-0.0004931838207392	-0.000301127299852	9.067765071615633e-08	2.432302810389154e-07	0.0	0.0
896.8233026657992	-2.1655123884982004	4.689443904739181	804292.0362043917	959.45809136185	-2.880170335956564	8.295381164124144	920559.829079724	834.5743646179603	-1.6593971252441406	696514.3700774722	2.753598819268518	838.9209374417618	667.3925314314122	1.136126	25.634542	0.1058085974333504	0.0567576603677316	-0.1365060771	-0.0392928449	0.1380197202	-0.0337510138	-0.0053060295	0.0601097565	0.0154403158	0.0154296668	-0.0735532666	0.0850305761	0.0173444256	0.1775714539	-0.00770234	0.0604764115	0.0310119712	0.006719022	-0.0080092762	0.082765541	-0.0487968758	-0.1465423155	0.0034777227	-0.1204723744	-0.0343926847	-0.1709817369	-0.0341983172	-0.1100014847	-0.0312999425	0.0201087953	-0.0144283159	0.0335575746	-0.010883217	0.0087658253	-0.174613004	-0.0043910837	-0.0734616034	0.110681269	-0.0233629725	0.0525127794	-0.1067972341	0.2110774216	0.0493207709	0.0312418051	0.2009699268	0.0482898025	0.0107087983	-0.0482445784	0.0673586506	-0.0286096226	-0.0366125338	0.0243821428	-0.0436326227	-0.090173039	-0.1759264823	-0.0816874857	0.0773633108	-0.079973681	-0.0480283861	0.0940196271	-0.0829222726	0.1004218406	0.1186129704	0.0015127454	0.0895103978	0.1146902718	-0.0423526023	0.0749963754	-0.1623278768	-0.0584510105	0.0295753823	0.0392207109	0.0907159428	-0.0406527899	0.0319905485	-0.0578232349	0.0800590449	-0.0812657022	-0.0073821409	-0.0266119045	-0.0072648818	0.0695189157	-0.0906692359	-0.0744019662	0.0727539829	-0.0792056808	0.0081810122	0.1361420817	0.0794845884	0.1261395489	-0.0967334838	-0.0912980198	0.0068898335	-0.0882663066	0.1637895454	0.0776822665	-0.0309046147	0.2111247208	0.0096149297	0.0591246682	0.0730376611	-0.122857292	-0.011175972	0.0399751291	0.0722141408	-0.1245705782	-0.0555998678	-0.1596456718	-0.0570894984	-0.0660881949	-0.080588356	0.012489528	0.0680391838	0.0289649367	0.0353645901	0.0386907474	-0.0388794876	-0.0113889689	0.0813151757	-0.1276234505	-0.0826445496	-0.0119996126	0.0799246852	-0.0301376669	-0.1172407796	-0.1150284477	0.0323297027913724	0.0226864536832636	0.0005146751807228	0.0010452096825784	0.0090634570302796	-0.0002476392219109	8.214625333972471e-05	6.13251842286361e-08	-0.1191452655286298	-0.0406942047706309	0.001656018301914	0.0141955942978877	0.0008331973579334	0.0004504615445225	2.029156030936863e-07	6.942178372671982e-07	0.0011878645095739	0.0002319563499888	5.380374830012671e-08	1.411022093105242e-06	-0.0003319957200997	0.0001611881006395	2.5981603787769592e-08	1.1022115816451834e-07	0.0	0.0
895.6181921746758	-1.2051104911234916	1.452291295815903	802131.9461542345	961.712017620311	2.2539262584609787	5.0801835785799065	924890.0048353296	834.7893787409296	0.2150141229692508	696873.3068586672	0.0462310730762361	839.0078007086821	653.3202454535206	1.136021	25.632164	0.1049414708526963	0.0541521739291709	-0.0012503372	0.1319766484	0.021140509	-0.1117322898	-0.1584317123	0.0627209584	0.0277730105	0.0813178984	-0.0943806414	-0.0966480425	0.0078927685	0.0840854749	0.0587630024	0.0003581724	-0.0345588655	-0.0854060693	0.0908883577	-0.0824278789	-0.149455574	-0.1052918914	0.0384307693	-0.0348108262	0.0304684525	0.0182516868	0.0236631067	0.0373413453	0.0270453529	-0.1058591909	0.0646430629	-0.0952168519	0.0963901061	-0.0011914231	0.0821923067	-0.1236504586	0.0275383223	-0.0582514174	0.0857226561	-0.1050460292	-0.0269068727	0.1540149	-0.0714735181	-0.0609141994	0.0153620772	-0.1668615281	-0.151356214	-0.0682857758	0.1409350783	-0.0185488148	0.0845836155	-0.0635554272	-0.0589764373	0.0175288189	-0.0069566091	-0.1050281048	-0.0776469459	0.0136568435	-0.0902900364	-0.0823296907	-0.0376737162	0.1445718806	0.0737753568	-0.0997762057	0.0778118085	0.0330761304	-0.0485915668	0.0949777051	0.0328976542	-0.0747469451	0.0844497438	0.047932911	-0.1152268305	0.0366939729	0.1300434369	0.0113458412	-0.0163803838	0.0381025539	-0.0073249233	0.0860894428	0.0703960842	-0.1154424269	0.0673359391	0.0074224474	-0.1122387659	-0.0015307504	-0.0600612406	0.0067766977	-0.0074268047	0.0190134461	0.0243894143	-0.036297115	0.0023818488	-0.1278275165	0.0598564511	-0.1523538997	0.1519076638	0.0832159535	0.0355015222	-0.0160201114	0.0493422997	-0.0259413308	0.0775971505	0.0639968028	-0.07300264	0.0062571026	0.0596534974	-0.1439105284	-0.058094513	-0.1032967778	0.0612286842	0.0397030465	0.0604252797	0.1120909351	0.0516871075	0.1662020957	-0.1245766607	0.0738595361	0.1233408944	0.0029516316	0.0772987554	-0.0671602364	0.0772433738	-0.0366662233	-0.1211199807	-0.1082719048	0.0599632575865456	0.0276335547951732	0.0007636133506178	0.0035955922603904	0.0227630670789125	0.0136996100486328	0.000518157222839	0.0001876793154846	-0.1019248253654296	0.0172204401632002	0.0002965435594143	0.0103886700257733	0.0007140632331869	-0.0001191341247464	1.4192939679114608e-08	5.098863009893292e-07	0.0003798810960913	-0.0008079834134826	6.528371964629943e-07	1.4430964716752754e-07	-0.0003326354987844	-6.397786846999774e-07	4.093167653964331e-13	1.1064637505154657e-07	0.0	0.0
896.3663034902796	0.7481113156038646	0.559670540534545	803472.5500328281	951.3137561573702	-10.398261462940807	108.12384145167994	904997.8626542444	835.4402668176108	0.6508880766812126	697960.4394202807	0.4236552883657681	838.4488848765841	652.5496092254225	1.097633	24.766012	0.0285714993422162	0.0144031484888669	0.129365441	-0.0218871918	0.0567589749	-0.0490700069	0.0776280521	-0.0516485341	-0.1228742626	-0.0165860475	0.1410569113	-0.0605513081	0.0433730478	0.0355419802	0.0288444791	0.0837398915	0.0592418662	0.0136220874	-0.0518364837	-0.1010436542	0.015184459	-0.1317069282	0.0547582109	0.0144909525	0.0457018308	0.0363078454	-0.0053422894	-0.0664382826	0.0027914356	-0.0960619317	0.2053124479	0.11780068	0.1193574404	0.0222994614	0.0812134408	-0.2210041457	0.0230745551	0.0332238407	-0.1467201173	-0.0856969365	0.0888663912	0.0770129392	-0.0003684169	-0.0418387051	0.0989229705	-0.0194105865	0.0228648909	0.0385385399	-0.1698993817	-0.0395751666	-0.1788216468	0.0489835691	-0.0018286853	0.151145099	-0.1511833063	-0.0115936134	0.0053704754	-0.1502424922	0.2133233924	-0.0399870924	0.1276262935	-0.0141446637	0.1457109616	-0.0024995205	0.0740427938	0.0048056347	0.0809845444	-0.0389502626	-0.0046470331	-0.1009948914	-0.0786650561	0.0328069601	0.0418425743	-0.0586180608	0.13275072	0.117177513	0.0205865283	0.1315742595	0.0039858849	-0.0188799727	0.0366953011	0.1841272698	0.0683119193	-0.0624809456	-0.2033382936	-0.1232353565	0.1170950335	-0.02060992	-0.0007950296	-0.0467040586	0.160230408	0.080668318	-0.0005348032	-0.0254570007	-0.0524681011	0.1162620332	0.0421236865	-0.066664807	0.0673354788	-0.0279056462	-0.0587666786	0.0578264241	-0.0231318817	0.0775863573	-0.0329944265	0.0009883762	-0.0095726056	-0.1320443208	-0.0678832719	-0.0871532968	0.0099670255	0.0915017141	-0.0531208797	0.0417728485	-0.0367032019	0.0272527422	0.0845372241	-0.0675397161	-0.0007977725	0.0285181456	0.029956242	-0.05276568	0.0745091236	-0.0430942802	-0.1242524367	-0.1003291122	0.0529179150895657	-0.0070453424969799	4.963685089975104e-05	0.0028003057374264	0.0334345553918922	0.0106714883129796	0.0011178694942535	0.000113880662814	-0.099320480120113	0.0026043452453165	6.782614156803153e-06	0.0098645577712897	0.000694576195607	-1.948703757990002e-05	3.7974463364043555e-10	4.824360915038935e-07	0.0003448459930166	-3.5035103074700026e-05	1.2274584474548551e-09	1.1891875889960492e-07	-0.0004431198238686	-0.0001104843250842	1.2206786089311186e-08	1.963551783053391e-07	0.0	0.0
897.3283276945699	0.9620242042902872	0.9254905696403604	805198.1276831335	957.874812705844	6.561056548473744	43.047463032270194	917524.1568162557	835.4091253470111	-0.0311414705996639	697908.4067130581	0.0009697911911097	838.9271833152795	661.8081471481981	1.071441	24.175035	0.0544299474743553	0.0288261765260898	0.0026353312	-0.1188728493	0.083464297	0.0508495664	-0.0751903684	0.0436006394	-0.0698900736	0.0866397884	0.0494252458	0.1036826273	0.0434010396	0.0572157351	0.0292068482	0.0486272541	0.0142363463	0.0631375297	-0.1285086713	0.032487281	-0.0941048399	-0.0568764533	0.0351152244	-0.0578174318	0.0614973115	-0.0685213851	0.1312637039	-0.0230443747	0.0646010947	0.0334326785	-0.0158508605	0.0399906551	-0.0126325091	-0.0127678238	-0.0204477488	0.0070454108	0.0541522567	-0.0903538896	0.1109966936	-0.1229886869	0.0306968703	0.0555410085	0.1013461213	-0.0442594847	-0.0626636786	0.1383296041	0.0288094575	0.0699515072	-0.1329501782	-0.1546854871	-0.0146380522	0.2210910754	0.0619893217	-0.1353993331	-0.0683834538	-0.0148354349	0.0061582342	-0.0335413737	0.0943449761	0.1316250441	0.043113711	0.1203895318	0.0505888874	-0.0201995352	0.0247159606	0.072850381	0.0546882144	0.0214940736	-0.0667210882	0.0229737069	0.0410801392	-0.0489306351	-0.0586972521	0.0514019928	0.0244433663	0.0297108876	0.044298743	-0.0624576558	-0.0040374441	-0.029622581	0.077714483	0.0278913012	0.0709083202	0.0306756855	-0.0159968418	-0.0831467987	-0.023146882	0.0407857109	-0.0329157692	-0.0396873606	-0.0021195771	0.1716780767	0.1450387851	0.0873036166	-0.0202012909	0.261127955	0.1418031096	-0.109614998	0.0318781038	-0.0153872894	-0.0711112036	-0.0276294227	-0.0275114586	0.0372577568	0.0400550766	-0.1401818235	0.005094686	-0.07449839	-0.0763818625	-0.0968123288	-0.0112880623	0.0115882314	-0.0406486369	0.0354840687	0.0143565568	0.0785462459	-0.0205568118	-0.0721277733	-0.0532604033	-0.0257198218	0.0225576239	-0.0072470821	0.0717238087	-0.0494042187	-0.1266188352	-0.0912870929	0.0528501179762912	-6.779711327449534e-05	4.5964485683547525e-09	0.0027931349701078	0.0261778280242026	-0.0072567273676895	0.0006852786800647	5.266009208897521e-05	-0.1197768843110793	-0.0204564041909662	0.0004184644724241	0.0143465020152696	0.0009071441210381	0.0002125679254311	4.51851229220817e-08	8.229104563339871e-07	0.0004191873898928	7.434139687620005e-05	5.526643289504686e-09	1.7571806784513836e-07	-0.0006891908776098	-0.0002460710537412	6.055096348930458e-08	4.749840657805664e-07	0.0	0.0
896.9678257952693	-0.3605018993006297	0.1299616193993613	804551.2805118925	959.10296533622	1.2281526303760302	1.5083588834995618	919878.4981167304	835.6671335839278	0.2580082369166803	698339.5581523782	0.0665682503168538	839.5160442958145	662.0923300012854	1.069001	24.119995	0.0297249073496352	0.0180237555252169	-0.1275310517	-0.0054096156	0.1471087559	-0.0072263299	0.0028143073	0.0362798544	0.0494047482	-0.0296957278	-0.0996583648	0.0705653913	0.0386795838	0.0837203618	0.0783363568	0.0601070779	0.0068529439	-0.0066655051	0.0203981543	0.0944977786	-0.0761034354	0.0429220059	-0.0830025128	0.0255586291	-0.0350464993	-0.1206052035	0.0313352825	-0.1611278324	0.0329880645	-0.1264630379	-0.0026092159	0.0777555909	-0.1029179435	-0.0203813289	0.0077586174	-0.1069426878	0.0771576348	0.0984404505	-0.0631231877	0.0414866901	0.0071062868	-0.1224880836	0.0223125438	0.1755942782	0.2154795287	-0.0247095465	0.0621917642	-0.0922238621	0.0098308588	0.1247939279	0.1935462137	0.1075379953	0.0612580807	-0.0528583237	0.1531309435	0.1733955297	-0.0162416508	0.0782696002	-0.0786670536	0.0602637554	-0.105737511	0.0991356138	-0.0033079903	0.0522055681	-0.0068416455	0.102376494	0.0010439327	0.0118407384	-0.0951824201	-0.0156305152	-0.1212838639	0.0838835186	-0.0490457937	-0.0503208556	-0.0218059748	0.056661509	0.0828624031	-0.0296367057	0.0201628717	-0.0767616637	-0.0678991925	0.0932155346	0.0840623592	-0.0961058789	-0.1523963771	0.1558879468	0.0782064631	-0.0187826628	-0.0243993553	0.1316369034	-0.0931872174	-0.1133256666	-0.0067401268	-0.0679916068	0.0358714664	0.0570170439	-0.1849137982	0.0044427963	-0.0040867581	-0.0453841366	0.0263445195	-0.054457041	0.0999657469	-0.0510593619	0.006221796	-0.1484791277	0.0277241545	-0.0465583259	-0.0790334531	-0.1331242678	0.0227273984	0.0267159996	-0.1560540243	0.0662851408	0.0264833183	0.0544929164	0.1090042635	-0.0006925784	0.0585691419	0.0683948629	-0.1611068558	0.0920926108	0.0688893378	-0.0555787436	-0.1282045865	-0.0812449131	0.0529022852774403	5.216730114909751e-05	2.72142730918063e-09	0.0027986517875756	0.0261281263428827	-4.970168131989902e-05	0.0006826789861896	2.4702571260247995e-09	-0.1159740992881381	0.0038027850229412	1.446117393070596e-05	0.0134499917056949	0.0006731785219279	-0.0002339655991102	5.473990156699485e-08	4.531693223850321e-07	0.000381185717788	-3.80016721048e-05	1.4441270827607344e-09	1.453025514455528e-07	-0.0009336286732793	-0.0002444377956694	5.974983595176419e-08	8.716624995692658e-07	0.0	0.0
896.2560208734027	-0.7118049218665874	0.5066662467934986	803274.8549518252	962.0864391700894	2.983473833869425	8.901116117383525	925610.316434982	835.1791128701722	-0.4880207137556454	697524.1505746078	0.2381642170545695	838.9648649954452	657.9898628324233	1.122416	25.325197	0.0610943421304712	0.0339856470593557	0.0404227383	0.1231305524	0.1296606794	-0.0250340451	-0.1315873228	0.1522712727	0.0473057498	0.0832212239	-0.0887514703	-0.1400356607	0.0634436203	0.0407441943	0.1384679462	0.0998342952	-0.0952466678	-0.0505360729	0.1453622216	-0.0809036065	-0.10529298	0.1716315448	0.0409505039	-0.0345711965	-0.1058738346	0.1116096592	-0.0264888968	-0.0060481009	-0.0282599942	-0.0785269259	0.009023124	-0.1257320966	-0.0822512094	-0.09422867	-0.0294341981	0.0489905519	-0.0558254782	-0.0289512105	0.0046127986	-0.0291769356	-0.0394146716	0.1516752839	-0.1408232717	0.0807408148	0.1128628852	0.0023621107	-0.0288700406	0.0658137711	-0.0962960241	-0.0744911075	-0.0060607084	0.0063250274	0.0102367251	0.0035785833	0.045653435	-0.2266858447	-0.0690176271	0.0500491582	-0.0141314988	-0.1175839795	-0.0354547929	0.1069861535	-0.1905765407	0.0069284705	0.0949378073	-0.0482201977	-0.0712004314	-0.0301844464	0.0414258192	0.0192740503	0.0661990181	0.0235932614	-0.0781736608	0.007913172	0.1511940443	-0.057086336	-0.0524694576	-0.0250113727	0.1422432481	0.0076263501	0.0573129613	0.0129387342	-0.0324465484	0.1096182501	-0.0369033793	0.1157943872	0.1009961176	0.1192941402	-0.011672724	0.1008067782	0.0159750972	0.0389706714	0.0470391696	-0.0645743343	0.0821587324	0.0242652116	0.2598225767	0.0618421267	0.054983188	0.0518933586	-0.0400482623	0.0048007204	0.1220186173	-0.1051738665	-0.1140571172	-0.0457045874	0.0136963663	-0.083643425	-0.016082207	-0.106731016	0.0056056051	0.0458591314	-0.0879283411	0.1021491561	0.1418156854	0.1756741496	-0.1131500133	0.0067776976	0.0060921302	0.064883647	-0.1148802612	-0.0147778903	0.0660076536	-0.0616009311	-0.1289999139	-0.0703125971	0.0531114042538405	0.0002091189764001	4.373074629066658e-08	0.0028208212618148	0.0382218996003587	0.0120937732574759	0.0014609136090599	0.0001462593516032	-0.108149315476183	0.007824783811955	6.12272417038344e-05	0.0116962744379669	0.0005610113133651	-0.0001121672085627	1.2581482676770673e-08	3.147336937236344e-07	0.0009722068760551	0.000591021158267	3.493060095193843e-07	9.451862098488164e-07	-0.0010497736281422	-0.0001161449548629	1.3489650540105104e-08	1.1020246703428382e-06	0.0	0.0
895.5702561527985	-0.6857647206041975	0.470273252025353	802046.0837055891	955.9735661674948	-6.112873002594597	37.36721634584988	913885.4592109976	834.5114536411714	-0.6676592290007193	696409.3662583011	0.4457688460698349	837.9235315700035	661.7890273822075	1.146062	25.85873	0.0974356399382888	0.0490507286646202	0.1119315006	-0.0664244358	0.1603558936	-0.1923746469	0.1083429678	0.029020729	-0.0783352517	-0.1138367495	0.1491995621	-0.0043199575	0.1509016778	0.0982409219	0.0619325367	0.0149084992	-0.1240600689	-0.0764589309	-0.0908449035	-0.0838204556	-0.1114793347	0.0194530461	0.1761934594	-0.0410102011	-0.0224217427	0.2022727325	-0.1577988103	-0.0413465105	0.0790433836	0.0783711166	-0.0246853202	0.0778388741	0.0609185669	0.1233481954	0.0396178525	0.021391065	0.1564827808	0.0360731047	-0.0083314834	0.0077754904	0.1614732542	-0.1172042429	-0.1430555816	0.0664798035	-0.034782086	0.0070503098	0.165539296	-0.0753287144	-0.1071904888	0.0256465461	0.0084087283	-0.036295381	0.0559656009	-0.0320896426	-0.0018457221	-0.018318637	-0.1038556604	-0.0431909126	0.0249777502	-0.0002630352	0.1463325322	0.0426955185	-0.0383552613	-0.0986450928	0.1150305128	-0.22055768	0.1129389133	0.030192694	-0.0739472344	-0.0451977863	-0.1118309611	-0.0381839453	0.04604879	-0.0693495068	0.007903394	-0.1171225742	-0.0268222785	-0.0152200895	-0.1164257841	-0.0936405299	-0.0354215163	0.0644660159	0.1840119688	0.0994443633	-0.0817195748	0.0155446829	0.0461069436	-0.0040429258	0.0035195839	-0.0907538959	0.0902684885	-0.2350966508	-0.1069840052	0.111699279	-0.1436306099	-0.0311735492	-0.0258869562	0.0229585295	0.1516160949	0.0355189976	-0.08866371	0.0475546357	0.0364748655	-0.0633413684	0.0532618758	-0.0809490618	-0.135743088	-0.1699144597	-0.0142010077	-0.0413954963	0.028568394	0.0960136065	-0.036576794	0.0318750918	-0.0393487957	-0.0054596341	0.0391940949	0.0252653118	0.0169550019	-0.016492121	-0.0117904557	-0.0574943015	0.063080731	-0.0674542747	-0.1289999139	-0.0586099215	0.0195953244378159	-0.0335160798160246	0.0011233276062341	0.0003839767398232	0.0369882413731375	-0.0012336582272211	0.0013681299998774	1.5219126215905509e-06	-0.108466777902251	-0.0003174624260679	1.007823919649746e-07	0.0117650419084962	0.0011459562665057	0.0005849449531406	3.421605982046587e-07	1.3132157647436828e-06	0.0012900975874863	0.0003178907114312	1.0105450441423454e-07	1.6643517852379718e-06	-0.0007052405033345	0.0003445331248077	1.1870307408975821e-07	4.973641675434989e-07	0.0	0.0
897.505102018103	1.93484586530451	3.743628522485958	805515.4081485255	959.8311604518516	3.857594284356765	14.88103366270198	921275.856574348	835.5081709552285	0.9967173140570368	698073.9037329513	0.9934454041410736	839.5879485566737	664.3971628642994	1.13071	25.512335	0.0931264704028844	0.0482995540858522	-0.0742268976	-0.0575720974	0.1705634714	-0.0574532547	0.0318953691	0.1186560893	0.0378536775	0.1462700924	-0.0493857706	0.0784058797	0.1285394876	-0.0135969846	0.1884869464	0.0165639181	-0.0189272506	0.0373731428	-0.0860522563	0.0202049843	-0.0061672682	0.0026591156	-0.0799590181	0.0035655806	-0.1524546249	-0.0402981118	-0.1610782653	0.1899495384	-0.1118558088	-0.003993636	0.0951395763	-0.0099970314	0.0529126137	0.0622245996	-0.2777262934	-0.1303439113	0.0626922718	0.0084008637	0.0165218428	0.0779907487	-0.0485196805	0.0041124601	0.135894288	-0.1419013604	-0.2033646435	0.0311795489	0.1947496853	0.088057101	-0.0131846647	-0.0565086501	-0.0793092831	-0.0759629637	0.0146941416	0.0540254716	0.0707315392	-0.1304825356	0.0413943917	-0.1138098298	0.1959114067	0.1153611418	-0.0190335052	0.0276189478	-0.0628898861	0.1181330327	0.1455392939	0.0075259208	-0.1568105555	-0.0054601471	0.1895962582	-0.0927237107	0.134782151	-0.1093798617	0.1755402028	-0.0549803581	0.0916784937	0.0033324659	0.0421074154	-0.0495299222	0.0665432804	0.1446026652	-0.0855847198	0.0922152822	-0.0052610164	-0.0169613094	0.1049767601	-0.2119094327	-0.1217226302	0.1170925979	-0.0958073365	-0.1085338673	0.1268393183	-0.0910965048	0.0421740601	0.1168282247	-0.2075444786	-0.1021633176	0.0221891836	0.0669104524	0.088084588	0.0306104491	-0.0209337099	-0.0600642415	0.0147923862	-0.0524623704	0.1337020662	-0.1018635665	-0.0185975649	-0.1334479831	-0.0381445679	-0.0290918093	-0.0668263129	0.1138916112	0.1526356863	-0.0702839967	-0.1710826948	0.0096695743	-0.1430592914	0.1210430501	0.0724715702	-0.0464975952	-0.0167876924	-0.0208258661	0.0601105761	-0.0731227308	-0.1282045865	-0.0462651033	0.0195462499948604	-4.907444295549832e-05	2.408300951392458e-09	0.0003820558888615	0.0223276660102271	-0.0146605753629103	0.0004985246694642	0.0002149324699715	-0.1419575995562496	-0.0334908216539985	0.0011216351350599	0.0201519600717725	0.001604005338907	0.0004580490724013	2.098089527276915e-07	2.57283312724216e-06	0.0010792539832158	-0.0002108436042705	4.445502546177521e-08	1.1647891602871703e-06	-0.0009348678055231	-0.0002296273021885	5.272869791041458e-08	8.739778138035767e-07	0.0	0.0
898.1868163049545	0.681714286851502	0.464734368897452	806739.5569840301	964.0350706063064	4.203910154454775	17.672860586727968	929363.617358906	835.4699152510688	-0.0382557041597237	698009.979289628	0.0014634989007563	838.9237610744517	660.5301006425324	1.075443	24.265331	0.0651550978194574	0.0337229410435613	-0.0572198185	0.1297466393	0.0424036568	-0.1251093587	0.0777657559	0.0626713595	-0.1149139712	-0.0942860808	-0.1076674288	-0.0476862193	0.0335345845	-0.0610915935	0.0749118288	-0.0608584863	-0.0302555162	-0.1336392208	0.083685387	0.080935489	-0.0646663494	0.0788228344	0.1161656604	-0.119679029	0.0788675086	0.0420231364	0.0362700781	0.0410124446	0.2060185404	-0.0088433451	-0.0387781332	-0.085408779	-0.0634563983	0.0169356833	0.1577706275	-0.04835262	0.1155528953	0.0339824576	-0.0790038416	0.0642468098	-0.058519407	0.0580173232	-0.0418284131	0.0252768334	-0.0421386476	-0.0161551138	0.0203213668	0.0527749795	-0.0797297314	-0.1323209004	-0.022225488	-0.0781418408	-0.0957346296	-0.0871962717	-0.159664207	0.0095625138	0.1916403661	0.1594588725	0.0799835416	-0.0670504656	-0.0923447662	0.0149040996	-0.0877906041	-0.1039583952	0.0342035222	-0.1057818366	0.0594579529	0.1433065061	-0.0462467532	0.0618909012	-0.0656979712	-0.0498159232	-0.1259576881	-0.0012197983	-0.1166930779	0.1018378569	-0.0659845404	0.1239934992	-0.0431250609	-0.0536709974	-0.1006317643	0.0730879053	0.1299858224	0.0650610647	0.070099076	0.0867888609	0.0547597505	0.1236055696	0.05509551	-0.0685973861	0.1489728002	0.0823693263	0.0949756521	0.137928501	0.0667355066	0.0567901022	0.022592797	0.0959101898	0.0283279791	-0.023007124	0.0360961839	-0.0450811085	0.1707379906	-0.1045179459	0.0031683303	-0.0285386142	-0.0374504066	-0.1369036959	-0.0015146261	-0.0074182546	0.0018858216	0.1250626145	0.0473542817	-0.1504225323	-0.0296595688	-0.0532511373	0.0522374846	-0.0016737045	0.079399029	-0.010528541	0.1131583268	-0.0787289867	0.0570992244	-0.0785907625	-0.1266188352	-0.033413395	0.0345980453971748	0.0150517954023144	0.0002265565448331	0.0011970247453049	0.0292612207798868	0.0069335547696596	0.0008562190415292	4.8074181743870754e-05	-0.1423234601376179	-0.0003658605813683	1.3385396499915798e-07	0.0202559673055441	0.001290743872673	-0.000313261466234	9.81327462270755e-08	1.6660197448428938e-06	0.0009721777625892	-0.0001070762206266	1.1465317023676345e-08	9.451296020729428e-07	-0.0004991277510614	0.0004357400544617	1.898693950622853e-07	2.4912851187961085e-07	0.0	0.0
899.6520164041406	1.4652000991860632	2.1468113306548493	809373.750620036	956.6761875526578	-7.358883053648583	54.153159797276295	915229.327830288	836.395674118143	0.9257588670742508	699557.7236835429	0.8570294799666002	839.3441925240401	654.3957549587866	1.156839	26.101898	0.0982505271469395	0.0431306946729161	0.1362833016	0.0365873487	0.0113573491	0.0224361297	0.0661994909	0.0013739033	-0.1100423226	0.0754357495	0.0944289875	-0.1036915156	-0.0208817812	-0.1166033639	-0.0867407859	0.243314837	0.0439281939	-0.0898937094	0.0544575964	-0.1637114693	0.1199523724	0.0455983113	0.0775745215	-0.0102629967	-0.0166892296	-0.1183932012	-0.0760377	0.1612430443	-0.1440572225	0.057105384	-0.2560272455	-0.1005849496	0.056322904	-0.1865839376	0.0385467558	-0.0136748274	-0.0554263623	0.0098532768	-0.1070578967	-0.117581032	0.0169190661	0.0190218937	-0.0332408728	0.0775490531	-0.0128387097	0.0136254366	0.0439093863	0.0932916641	0.0613146121	-0.0784761513	-0.2485921199	0.1136331853	-0.0809105284	-0.0162564707	0.0188773898	0.0964302734	-0.0668526171	-0.0708219609	-0.0091866316	-0.118819341	0.1002064993	-0.0826508862	-0.0141808854	-0.0273258334	0.0655020318	0.0092379733	-0.0152125444	0.107014456	0.1653321875	0.0907607678	0.0747635154	-0.0549672701	0.0977518058	-0.0096882816	-0.1806352402	-0.059030066	-0.1695260703	0.0269213865	0.2046046472	0.0735820469	0.2100462928	0.0755821913	-0.0930570802	0.0295380898	0.1133570043	0.0496286072	-0.0399205354	0.0240304825	0.0267232744	0.1334530799	0.0805494846	0.1321918881	0.039370683	-0.0090033426	-0.0603707535	0.2179999795	-0.0572783499	-0.0536941844	-0.0095774061	0.0583739095	-0.1594427264	0.0506377151	-0.0185594685	-0.0761860122	-0.0408967848	0.0660759904	-0.0071022964	-0.218546823	0.0204918268	0.033723094	-0.0415942871	0.0891018332	-0.0127679	-0.2198400807	-0.0033310924	-0.0532138781	-0.046404087	-0.0338760791	0.0221146097	-0.0840527033	0.0121397804	-0.0596427451	0.0540487397	-0.0838433825	-0.1242524367	-0.0201956026	0.026834182506235	-0.0077638628909398	6.027756698931212e-05	0.0007200733507779	0.0355210810006667	0.0062598602207799	0.0012617471954559	3.918584998370258e-05	-0.1641155054691978	-0.0217920453315798	0.0004748932397336	0.0269338991354102	0.000887762563909	-0.000402981308764	1.623939352131464e-07	7.881223698782812e-07	0.0005610863648841	-0.0004110913977051	1.689961372671327e-07	3.1481790885885334e-07	-0.0009337502186651	-0.0004346224676037	1.8889668934592933e-07	8.718894708571222e-07	0.0	0.0
899.8746321284134	0.2226157242728277	0.0495577606935156	809774.3535482474	960.5120358934588	3.8358483408010215	14.71373249362595	922583.371096197	836.4477846006683	0.052110482525336	699644.896363366	0.0027155023890233	840.1293759869841	664.3738863247685	1.480955	33.414963	0.4380377398897025	0.2179937084158687	-0.0001680993	-0.1735498509	-0.2369105009	-0.231729334	0.12836914	-0.0347480965	0.015486073	0.0951846436	0.0792048945	0.1426788584	-0.1073643435	-0.1277841058	-0.056002528	-0.0482556443	0.0546498667	-0.0906052837	-0.1525328157	0.0643856312	-0.0574591275	-0.0204965068	-0.0260481687	0.2161169037	-0.1371197879	0.1009596585	-0.0963316044	-0.1304310508	-0.1466855725	-0.0651222375	-0.0456125137	0.03342736	-0.1422075902	0.1092485083	0.1291524048	0.2437053112	-0.1801530299	0.0341596388	-0.0494262529	0.0792154854	0.123504969	0.1624917374	0.0670479429	-0.0498226694	0.0589627315	0.0720079838	-0.0443509314	-0.0046992563	-0.0917024975	-0.0563062722	0.1041475291	0.0667264384	-0.0849139661	0.2036203309	0.1980679846	0.0083832834	0.1189898162	-0.1913919533	0.0360345468	0.1234357343	0.0757825513	-0.0481614039	-0.0691410227	-0.1172855351	-0.1612105373	-0.097761825	-0.1203652464	-0.3625937799	-0.0240880543	-0.0387892684	-0.0351559214	0.2145123446	-0.0042883172	0.1095068323	-0.0151606904	-0.1057463876	0.1137722354	-0.0332843863	0.0037793372	-0.0468414529	0.0733244412	0.1629786036	-0.1201055107	-0.0112365652	-0.0121607867	-0.1717408085	0.2302688825	0.0057578957	0.1541735775	0.013955656	-0.0296598202	-0.0807774881	0.0615272158	-0.0373383666	-0.0836867138	-0.0384088832	-0.0683562402	-0.0670171656	-0.0401342295	-0.3761604947	0.1140957069	0.2310627748	-0.0297918383	0.0767794374	0.1943833371	0.0510299284	-0.052242555	-0.1421907787	0.1828823372	0.0654459639	0.1743412682	-0.0019720955	-0.0734383105	-0.1169734842	0.0878251629	0.1171538858	0.1742367642	-0.0578068764	0.0934828231	-0.1502596739	-0.0265766654	0.0820354547	0.0509612127	-0.0888661936	-0.1211199807	-0.0067565429	0.1085680712094472	0.0817338887032122	0.006680428562549	0.0117870260861395	0.1030246370919343	0.0675035560912676	0.0106140758479247	0.0045567300849669	-0.1663712173961755	-0.0022557119269777	5.088236297509495e-06	0.0276793819778854	0.0015550799441877	0.0006673173802787	4.453124860220272e-07	2.41827363281482e-06	-0.0016139838272892	-0.0021750701921733	4.730930340880797e-06	2.6049437947510943e-06	0.0019547538722478	0.0028885040909129	8.343455883220559e-06	3.821062701067768e-06	0.0	0.0
900.2532692881456	0.3786371597321931	0.1433660987300623	810455.9488639943	963.8349583943684	3.3229225009096126	11.041813947051397	928977.827023074	835.5812549212121	-0.866529679456221	698196.0335757077	0.7508736853785011	839.5870161517491	664.4577728581928	1.283891	28.968576	0.1091763931265708	0.0567774169924245	-0.1468253292	0.0231957501	-0.2462130529	-0.2301823277	0.3468089416	-0.1562133925	0.1668809624	0.1375168614	-0.0950110565	0.0675352832	0.0222391198	-0.1907614706	0.0021654261	-0.166679026	0.1055773695	0.057839429	0.0638296686	0.1748817193	-0.0753132806	-0.0771045198	-0.1215459947	0.1596820216	-0.171847191	0.0357969629	0.1260715537	-0.0118899044	-0.0864998038	0.0935439078	0.0147567351	-0.0455156889	-0.1228364099	0.048731437	0.1035039719	0.0424841016	-0.0083773127	-0.1734569414	0.0779206485	0.0040961433	0.1827882133	-0.0945360319	-0.0172906321	0.2019046617	-0.035170335	-0.021175522	-0.0244667729	0.208691252	0.0593361731	-0.0117473691	-0.0716435813	-0.1311288972	-0.1322654504	0.1085208802	-0.1110473146	0.0856466	0.0744321136	-0.1401499748	-0.0435405666	0.0462366584	-0.1588245925	-0.0764607008	0.0621218185	-0.0290219999	-0.0078114415	0.0258672762	-0.156783374	-0.3259458403	0.0375481441	0.0359269775	-0.1206346144	0.0691200584	-0.0006721339	0.2265376202	-0.105964641	-0.0385039588	0.0493833897	0.0143057332	-0.0855348813	-0.0086652577	-0.0368629546	0.1458438947	-0.0515060244	0.1836697566	-0.0619209472	0.0908652302	-0.1468105863	-0.16182927	0.0415004205	0.0671400923	0.1287080113	0.0258852987	0.0925172383	0.1141861469	0.0719366083	-0.0458950688	-0.0117343717	-0.0147445306	-0.0334111765	-0.4588807463	0.3221151216	0.169628144	0.0641317149	0.2042126124	0.2003733847	0.1396406569	0.1479487549	-0.0967485494	0.1464739785	0.1160850137	-0.0269653756	-0.1088684868	-0.1159055575	0.0343093567	-0.1301616472	-0.1119849781	-0.086997086	0.0023755141	-0.0529578932	0.0915225399	-0.0733686941	-0.0149360815	0.0478387595	-0.0936454286	-0.1172407796	0.0067565429	0.1090511089436176	0.0004830377341703	2.333254526324709e-07	0.0118921443618327	0.1364302655106257	0.0334056284186914	0.0186132173472998	0.0011159360100476	-0.1663084718306464	6.274556552909871e-05	3.93700599356642e-09	0.0276585078026449	0.0020435647430122	0.0004884847988244	2.386173986826121e-07	4.176156858882519e-06	-0.001919783518423	-0.0003057996911338	9.351345109752747e-08	3.6855687576085936e-06	0.0026649690104531	0.0007102151382052	5.044055425359731e-07	7.102059826675374e-06	0.0	0.0
900.3366452722283	0.0833759840827497	0.0069515547217669	810606.0748200503	961.1760657067392	-2.6588926876291907	7.069710324327981	923859.429287486	836.7264002111574	1.145145289945276	700111.068810322	1.3113577350838503	840.4039952145832	657.9853394787056	1.685378	38.027378	0.5449082631007897	0.3229335591087565	0.0937534257	0.0883639614	-0.0165962008	0.1492527111	0.0043602869	-0.1246645591	0.0881743911	0.0803098007	0.0095653785	-0.1374931538	-0.0054693032	-0.0514349612	-0.0953332814	-0.084506084	0.0649685695	-0.0209909671	0.0925617657	-0.0888843296	0.0731615359	-0.1895582195	-0.0659985327	0.0428482703	-0.0463522124	0.0420594816	0.140894199	-0.0459559272	-0.0790402658	-0.0265371812	-0.1072759107	0.0945486392	0.1058404353	0.0821527176	-0.009867847	0.151308213	0.0123832216	0.1267685206	0.0043130009	-0.0458304113	-0.1224618047	-0.0139566383	0.0493892675	-0.0450975454	0.0266743274	0.0348896861	0.1322728583	0.0728396583	-0.0698484643	0.1230118714	-0.1426047093	-0.1054596246	-0.1350436262	0.1788623117	-0.0454947706	0.1191147802	-0.2456676539	0.1423593527	-0.0899370571	-0.1342356105	0.0255240934	-0.0592273653	0.1435171346	0.068956588	-0.031210886	0.0669312678	0.0130336716	-0.0645015155	0.054529798	-0.0159935862	0.1968130422	-0.0165066108	0.0232504974	-0.023264226	-0.033002414	-0.132609658	0.0592443901	0.0029084768	-0.1613745619	-0.0638349922	0.0410911185	-0.009103934	0.0571364861	-0.0478803794	0.1476729179	-0.0325075789	0.0692887633	-0.0246511435	0.0736172097	0.0378433317	-0.0034537878	-0.1577889805	0.0742762837	0.0028154674	0.1612751057	-0.1135529819	-0.1139663263	-0.152491803	-0.0088431399	0.1974728757	0.0307931433	0.0534023067	-0.0202776162	0.1856588083	-0.0497360991	0.052720695	0.2983570365	0.0193844751	-0.0992106517	0.252476322	-0.2776372229	0.0210766611	-0.1284348877	-0.0530993604	-0.0127600677	-0.2731968558	-0.4295605011	-0.1534876346	0.05182941	-0.0633062424	-0.134081532	-0.0314291665	0.0446835199	-0.098167988	-0.1126387502	0.0201956026	0.1125772788465724	0.0035261699029548	1.2433874184504291e-05	0.0126736437124989	0.0811543354725188	-0.0552759300381069	0.0065860261659861	0.0030554284415776	-0.2064429808486494	-0.040134509018003	0.0016107788141161	0.0426187043416758	0.0018445743885177	-0.0001989903544944	3.9597161181846673e-08	3.402454674775448e-06	0.0024364383674586	0.0043562218858816	1.8976669119033844e-05	5.936231918424328e-06	-0.0016992518320053	-0.0043642208424584	1.9046423561748308e-05	2.8874567885733687e-06	1.0	0.0
900.9355290125924	0.5988837403640446	0.3586617344724283	811684.8274371997	961.9543898339364	0.7783241271971519	0.6057884469772084	925356.2481207808	835.8927992511269	-0.8336009600304806	698716.7718398848	0.6948905605637389	839.8600853718233	665.7519738024466	1.356508	30.607035	0.1336780412979926	0.0683366487718051	-0.0035643269	-0.1533787402	0.0029907588	0.1632900399	-0.1828955304	-0.0882953683	-0.1272074491	-0.0819954737	0.0711093795	0.1128073415	-0.0907864165	0.04276808	-0.0658733329	0.0430352206	0.1120043318	0.0436836134	-0.1500570821	0.0220426139	0.0238021531	-0.0670286693	-0.0105801131	0.0801638913	0.1026220558	0.0500528899	0.0546654182	-0.0760834485	0.1332321526	0.0221949835	0.0001628371	-0.1095050969	0.0265956344	0.0325521253	0.0443176841	0.0183693844	-0.1235465927	-0.0887774501	-0.1600847303	0.1013510305	-0.166109835	-0.0453919858	-0.0146749851	0.1899679623	-0.003149301	0.0262597966	-0.0166902898	-0.2138433068	0.0530183317	0.0075022876	0.1052503721	-0.0626067484	0.0284281831	0.0830905451	0.0507773708	-0.1375213282	-0.1203285257	0.024447857	0.1432727395	0.1211000622	0.078571049	-0.0174366645	0.01040229	-0.095140992	-0.0540382469	0.0270912647	0.042159584	-0.0068582323	-0.1086552734	0.017076839	0.0522881913	-0.1027068291	-0.1350606476	-0.0338073785	-0.0059868105	0.0594726084	-0.0658091613	0.1795660437	-0.1270300755	0.0066301388	0.0335560209	-0.1293027103	-0.1502205633	-0.1320541836	-0.0583813804	0.0711201745	0.0114430149	0.130515309	0.0969844735	0.0722978616	-0.1441068028	0.0106781558	-0.009196559	-0.0186088819	-0.0660464587	-0.1082186773	0.0119713024	-0.0120164468	-0.0053004712	0.13159606	-0.0402128691	-0.0503358028	-0.1112343129	0.0785911639	0.0197473386	-0.1170265861	0.17556753	0.0985870542	-0.0749260115	0.1653123737	-0.0003401916	-0.0545445665	-0.0243857845	-0.0525514483	-0.0654016663	0.2645273886	0.1615174463	-0.0867014391	-0.0212197618	0.0970585509	0.1657853794	0.1158071495	0.0414976565	-0.1024214758	-0.1073422654	0.033413395	0.0987928138817295	-0.0137844649648428	0.0001900114743669	0.00976002007467	0.0816365112971055	0.0004821758245867	0.0066645199767624	2.324935258158697e-07	-0.1851283664062464	0.021314614442403	0.0004543127888282	0.0342725120482454	0.0013874253765093	-0.0004571490120084	2.089852191802564e-07	1.9249491753819726e-06	0.0018516889528774	-0.0005847494145812	3.419318778530561e-07	3.428751978208202e-06	-0.0026192891267389	-0.0009200372947336	8.464686237007212e-07	6.86067552945263e-06	0.0	0.0
900.294412811512	-0.6411162010804219	0.4110299832877919	810530.0297396252	964.2025456148036	2.2481557808672505	5.054204415046837	929686.5489700676	835.6338205400682	-0.2589787110587167	698283.8820303909	0.0670699727816342	839.8374555435707	665.6411621667601	1.205479	27.199362	0.1115910060336522	0.0592596713843739	-0.1398464829	0.0763405474	0.0011227524	0.0846667456	0.0375874758	-0.0821510272	-0.0207501529	-0.0978236749	-0.1448542658	0.0156571394	-7.51594e-05	0.0273485144	-0.0509128483	-0.0564413992	0.0833844317	-0.0026146293	0.0821845711	0.1120095391	0.0512528452	-0.0260362399	-0.0230996503	0.0067765567	0.1529521675	0.0222731399	0.1442223197	-0.0457440929	0.1872444217	-0.0207022321	-0.1392823579	0.0215625799	0.0381666014	-0.1283866198	-0.1417522156	0.0366999915	0.0901140296	-0.1387437385	-0.0695315412	0.0814063057	-0.0648889228	-0.0803855486	-0.0213536498	0.0429598376	-0.0805987672	0.1131793481	-0.0217665167	0.0761065002	0.0737625206	0.0297781893	0.0899792182	0.013932808	-0.0134617225	0.1206395765	-0.0635732422	-0.0916588464	0.0838923119	-0.0859609363	-0.0860132905	0.0035859431	-0.1606046126	-0.0137855551	0.0708793849	0.03789442	-0.0593891631	0.0529473003	0.1005481901	0.0421167187	-0.0327051124	0.0361415756	-0.0105740375	-0.0896372479	-0.150929973	-0.1778863614	-0.0809981514	-0.0331424494	-0.0295398379	0.0026940441	-0.1267220662	0.0616143929	-0.0653995234	-0.0122124628	-0.0547186594	0.1699207168	0.0421128796	0.0301698451	-0.0635450536	-0.054634244	-0.0434760071	0.0162538221	-0.1799695103	0.0226992843	0.1757418154	0.1094621823	0.0448536372	-0.0870871879	0.0567335649	-0.0411172651	-0.1273259481	0.0262961886	0.0672903598	-0.0970636285	0.0817492761	0.0191523095	-0.0308999818	-0.0458777534	0.1719170667	0.0795256589	-0.0603136826	0.0420555366	-0.0206747422	-0.0571606649	-0.0544532854	-0.0552546396	-0.1368513411	0.0581338052	0.1217559179	-0.154457776	0.1115512323	0.0567905877	0.1318570648	-0.0377601917	0.0382833527	-0.1063942335	-0.1013839798	0.0462651033	0.09811693015601	-0.0006758837257195	4.56818810692473e-07	0.0096269319832393	0.0880911509504756	0.00645463965337	0.0077600508757794	4.166237305485758e-05	-0.200850545653509	-0.0157221792472626	0.000247186920283	0.0403409416893123	0.0011750079238459	-0.0002124174526633	4.512117419600775e-08	1.3806436211006524e-06	0.0011339627089141	-0.0007177262439633	5.151309612736664e-07	1.285871425207804e-06	-0.0017746667552196	0.0008446223715193	7.133869504708866e-07	3.149442092081664e-06	0.0	0.0
900.9255860233056	0.6311732117936799	0.3983796232859495	811666.9115514366	960.3793814416024	-3.823164173201235	14.61658429524948	922328.5562981548	836.3863770693343	0.752556529266144	699542.1717471668	0.5663413297411047	839.6964803864503	661.2300043023764	1.16677	26.325972	0.0599371121436735	0.0292708701587999	0.1178619584	0.0471628185	0.0064422784	0.1689504727	0.1100305623	-0.0035613251	0.045213816	-0.0342687563	0.0717743387	-0.1377314249	0.0098123741	-0.0270530596	-0.0307617929	-0.0927101655	0.0276428141	0.0738435124	0.0494126532	-0.0858146468	0.0756929545	0.0290638229	-0.0051996143	0.0644040678	-0.192750338	-0.0964793241	0.1522829009	0.0093345567	0.0569907702	-0.0565375337	0.1057662019	0.0802331507	-0.1580503569	-0.0301007677	-0.1744969053	-0.0139250582	0.1206411376	0.0486928244	-0.0473288714	-0.0366313713	-0.117818375	-0.0142193947	-0.0579088098	-0.1297646948	-0.0436652686	-0.0602609426	-0.104282534	-0.0881631569	-0.0419856883	-0.1805658555	0.0454553891	0.0782885009	0.0925568132	-0.0382184358	0.1603984708	0.1739476129	0.1040591305	-0.0056184865	0.0361790746	-0.1138157109	0.0813907422	-0.0662386568	-0.0188510597	0.1052809631	0.1180274675	0.1245263237	-0.0295965449	-0.0934461242	0.0118426519	0.0242294631	-0.0477404265	-0.0096623342	0.0122987279	-0.0027311761	-0.0101815321	0.0801414178	0.1103859707	-0.1557483908	-0.0486019259	0.0709594093	-0.0918330533	-0.1134647634	0.1018573223	-0.0532228289	0.0043296904	0.0925226981	0.0797943831	0.1007897275	-0.0551754273	-0.1127924738	0.0144023483	0.084393483	0.0454490829	-0.0897417273	-0.0770342655	0.0713248741	-0.0283462023	-0.1586063698	-0.0018439165	0.0703122382	-0.0674703847	0.1098880131	-0.0113895555	0.0262974346	-0.0550822318	0.0439112464	0.1157995711	0.0604565825	-0.0936935491	0.0002236877	0.0342729877	0.0359217677	-0.109775247	-0.0365604252	-0.0880038045	-0.0018303827	0.1491151422	0.0005827543	0.0475574368	0.0058804163	0.0262626978	0.0911983914	0.0350428114	-0.1100753719	-0.0948006283	0.0586099215	0.0898113411457188	-0.0083055890102912	6.898280880786996e-05	0.0080660769983926	0.0812564231770096	-0.0068347277734659	0.0066026063075212	4.671350373738748e-05	-0.1772587959366376	0.0235917497168713	0.0005565706547035	0.0314206807369065	0.0014736191696843	0.0002986112458384	8.91686761411614e-08	2.171553457261046e-06	0.0012591929401861	0.000125230231272	1.5682610824438625e-08	1.5855668606145154e-06	-0.0017749261909701	-2.5943575049998564e-07	6.73069086374908e-14	3.150362983391628e-06	0.0	0.0
899.9949399265324	-0.9306460967732164	0.8661021574392229	809990.8918933627	963.8173489290124	3.437967487409992	11.819620444488171	928943.8820965496	835.7079199986742	-0.6784570706601016	698407.7275485105	0.4603039967286861	840.1340011338057	666.4544414139265	1.182117	26.672249	0.1358487787884934	0.0647293260211918	-0.0354753853	-0.1154707884	-0.0103443688	0.0761804345	-0.0547682519	0.1532629114	-0.0781040067	0.1180281136	0.0144670343	0.082974309	-0.0759237163	0.0736970987	0.0231145817	-0.0136652306	-0.1411079318	0.1754012346	-0.1272881168	0.0414721943	-0.0753213128	0.1244576057	0.103334256	-0.0727718013	0.0712031413	0.0574569727	0.1391042508	-0.1446147606	-0.0336284369	0.0493879602	0.0430702529	0.0170383392	-0.0320492249	-0.0634925621	-0.089929663	-0.1486452007	-0.0915965724	0.0291281246	0.0446174103	0.1695077342	0.1225078469	0.1097966057	-0.1411803552	-0.0253554132	-0.0659354875	-0.0166657253	0.0244300993	0.0352059888	-0.0773119335	0.0284648832	-0.0707785312	-0.0028403502	0.1444811853	-0.1312316405	-0.0228596289	-0.0308494562	-0.1501069224	0.0129866646	0.0724847054	0.1092549691	0.026866957	0.0850904678	-0.1006603757	0.0132003302	0.0261535478	0.0407316936	0.2136192509	-0.0833532389	-0.1445331066	0.1107562741	0.0363012508	-0.0495317649	-0.0228201158	-0.0030643451	0.1436865146	0.0353672082	0.0159644757	-0.0754185228	0.1577065685	0.0553700187	-0.1176161628	0.0692548703	-0.1049840468	-0.024519753	-0.0711233797	0.0218588275	-0.0507564677	0.0983341631	-0.052237091	0.0146032478	-0.0382787906	0.1111838475	-0.148086901	0.1289529317	-0.1106588053	0.0142802575	-0.066003387	-0.02873609	0.0877406757	0.0475084185	0.0268272054	0.0632101846	0.0364172731	-0.0766957362	0.0128844678	-0.1808504042	0.0078701612	0.2232887307	-0.1076701566	0.126106857	0.0535323048	0.0124412756	-0.092220154	-0.0576377518	-0.0917106768	0.0742794792	-0.1069050918	0.0489872267	-0.077466812	-0.0714399161	0.0958003306	0.0835335283	0.0317782535	-0.1134548014	-0.0876327994	0.0703125971	0.0983935017479353	0.0085821606022165	7.365348060223715e-05	0.0096812811862209	0.118844641275416	0.0375882180984064	0.0141240487598823	0.0014128741398133	-0.1510450276178971	0.0262137683187405	0.0006871616494686	0.0228146003680912	0.001604996953295	0.0001313777836107	1.7260122026459913e-08	2.5760152200862328e-06	0.0020668419644132	0.0008076490242271	6.522969463349868e-07	4.271835705859416e-06	-0.0014446603634253	0.0003302658275448	1.0907551684385157e-07	2.08704356565212e-06	0.0	0.0
900.1816568308326	0.1867169043001695	0.0348632023514386	810327.0152947028	964.2764777389228	0.4591288099104531	0.210799264089789	929829.1255205834	835.7092833613718	0.0013633626975888	698410.0062963776	1.8587578451767588e-06	839.4551308937815	662.2331028102211	1.121925	25.314119	0.0890235695021202	0.0440440140157619	-0.1093604529	0.0949180445	0.0369720158	-0.0160657856	-0.0218810146	0.0478323587	-0.1581162533	-0.0652396691	-0.1389553899	-0.016340498	-0.0268393872	0.0985643874	-0.0263394728	0.0606477021	-0.1186982658	-0.0348914218	0.1054647163	0.1013286506	-0.074508866	0.0761689795	0.1660166986	-0.0669616505	-0.0311683157	0.0522906173	0.0527513071	0.0392998829	-0.179393127	0.1971171929	-0.0673756797	0.0376520382	0.0439906407	0.0254702124	0.0251855656	-0.0088257998	-0.001429344	-0.0750915611	-0.1331127559	0.1875863936	-0.1413370307	-0.0272070037	0.044442823	-0.2580102139	0.0908600118	0.1831784773	0.1119555747	0.1107504577	0.0877082912	0.0279649129	0.1516634209	0.0121202217	0.0456278255	0.0375375368	-0.1447779399	0.1616352617	-0.0823873212	0.0216695437	-0.1025626097	-0.040592159	-0.1339383063	0.0473915748	-0.0883009788	-0.0726059922	0.1034897095	-0.0749646425	0.1786774384	-0.0407904242	0.0164760919	0.0424333654	0.0167689759	-0.0141878678	0.2478615881	0.0006119758	-0.0326295366	0.0430041098	-0.0416920094	0.1214491487	-0.0058286067	0.1776754994	0.0570811844	-0.0389145053	-0.0605778297	0.0091898181	-0.0091299689	-0.1113021704	0.0909938624	-0.0128337755	-0.1062382969	-0.0900702377	-0.2075094018	-0.1331674981	0.0590705839	0.1527139159	0.2934790907	0.1425708585	-0.0562729802	-0.0203489028	-0.0105767006	0.0415107407	0.1259965572	-0.0067554417	0.0736923427	-0.1865319914	-0.0620225135	0.0115727691	0.0457853373	0.0838845923	0.0101300937	0.0763365385	0.0417571772	0.0836474025	-0.0336076053	-0.0196613187	0.0536002929	0.1524309889	0.1207716519	-0.0475675102	0.0037247203	-0.0541808683	0.0325831043	-0.0563084189	0.0284919163	-0.1165232592	-0.0799246852	0.0812449131	0.0888436272580293	-0.009549874489906	9.120010277295748e-05	0.0078931901043636	0.1325294956694023	0.0136848543939863	0.0175640672223861	0.0001872752397846	-0.15687096260001	-0.0058259349821128	3.394151841580679e-05	0.0246084989070537	0.0009590814057545	-0.0006459155475405	4.17206894554544e-07	9.198371428640278e-07	0.0016428708066702	-0.000423971157743	1.7975154259793987e-07	2.699024487409194e-06	-0.0013152889559865	0.0001293714074388	1.6736961062696e-08	1.7299850377400571e-06	0.0	0.0
899.9102556809727	-0.271401149859912	0.0736585841452824	809838.4682797936	960.208376641367	-4.068101097555882	16.54944653993537	922000.1265722492	833.9442294291313	-1.765053932240562	695462.9777981475	3.115415383717871	837.893549246827	659.010046995377	1.166585	26.321795	0.0886629057429288	0.0513093720654686	0.1184306039	0.0501138287	0.0756744311	0.1356251067	0.0865420571	-0.0199117661	-0.0420435054	0.1172953743	0.0581572489	-0.1353181737	0.1007058845	0.0682816466	-0.0308109727	0.0030589127	0.01927624	0.1418600854	0.0156863104	-0.1006471997	-0.0153915854	-0.027411262	0.1708472265	-0.0547547415	-0.0146743116	0.1274620163	0.0391784796	-0.1469401415	-0.0177841509	0.060297278	0.0354760295	0.1232052411	0.057173835	-0.0505486008	-0.1413753626	0.1175803108	0.0085226471	-0.1347502613	-0.049104609	-0.1818840728	0.0482651412	-0.1665025802	0.20955307	0.0341022813	-0.2375080639	-0.1476307079	-0.1042787496	-0.115194012	-0.0334310804	0.0409087083	0.0619711326	-0.0288459997	0.0383780326	-0.1112168055	0.0441582984	-0.1976415361	0.0536835771	0.11826784	-0.1164346189	-0.097332134	0.0778582229	0.0211933493	0.0503068726	-0.0022694927	0.1295941393	-0.0857471079	0.126868891	-0.0879940881	-0.0728922902	0.0795273546	-0.0093838489	0.0716159981	-0.069208815	-0.1475929842	0.0522068621	-0.0698579541	0.0083032974	-0.0794767148	-0.1635130793	0.0733770289	0.1622543801	-0.034955496	-0.0624094593	-0.0384850549	0.1091343335	0.0724170382	-0.2129347275	-0.0973573795	0.0200835016	-0.1836116953	-0.0444099532	0.193555439	-0.0552718928	-0.0967673264	-0.1428145962	-0.124851351	0.058868918	0.0315289329	0.0673024605	0.0575961037	-0.0267279433	0.0648294912	-0.0601008913	0.0126635494	-0.0182597896	0.093883862	0.0731974331	0.0140838488	-0.0772720789	0.0570753482	0.0431063769	0.0476171914	0.01145627	0.0050547241	-0.1867862918	-0.0650502736	0.0451884944	0.0287869148	-0.1220903971	-0.0826911169	-0.0019306988	-0.0090271289	0.0251860523	-0.1192723348	-0.0717238087	0.0912870929	0.0826268670543726	-0.0062167602036567	3.864810742976975e-05	0.0068271991592209	0.1141830472776632	-0.0183464483917391	0.013037768285613	0.0003365921685907	-0.168642772545553	-0.011771809945543	0.0001385755093939	0.0284403847318511	0.0017990070813847	0.0008399256756302	7.05475140582848e-07	3.2364264788722967e-06	0.0014797845868821	-0.0001630862197881	2.659711508477248e-08	2.1897624235738275e-06	-0.001358834804608	-4.354584862149998e-05	1.896240932166592e-09	1.8464320262140613e-06	0.0	0.0
899.2992239125472	-0.6110317684255051	0.3733598220252	808739.0941297096	958.2906715542664	-1.9177050871005576	3.677592801091357	918321.0111879267	834.7068688601058	0.7626394309745592	696735.5569222419	0.5816189016771994	838.4203089482367	662.4444540049674	1.144926	25.833084	0.105540944114611	0.049876102765877	0.0067898028	-0.1645663824	0.0285162919	-0.0317416872	-0.0680280418	0.0221821961	-0.0767767003	-0.0063217448	0.1095375683	0.1325376477	0.023354446	0.0672035378	0.0588811589	0.0497156157	-0.0408284324	-0.0537010242	-0.1402311618	-0.0112475624	-0.051123756	0.0143992195	0.049328318	0.0584958451	0.0689450987	0.0477479681	-0.1730979295	0.0683991603	0.2534544094	0.1259346838	0.098036856	-0.1391687675	-0.0742606631	-0.0033015213	-0.0494395335	-0.0499042851	-0.0341884597	-0.0770586925	0.0669901467	-0.1006999035	-0.0688994874	-0.0768539915	0.0046859727	0.0175382284	0.144598483	0.0255007356	-0.148082766	-0.0529391722	0.0092267823	0.1313405557	0.0292907303	-0.0133668771	-0.0791708415	0.1285634295	-0.1573046889	-0.034894325	-0.0333263292	-0.0308691948	-0.0086961354	0.1360141569	0.0975715906	0.0029982812	-0.0852821915	-0.1709619482	-0.0142954132	-0.1039671069	-0.0842493156	0.011029708	-0.0126284003	-0.06188716	-0.1109166088	-0.1336370064	-0.0997058117	-0.0182639502	0.0224949343	0.1422753642	0.0367336847	-0.0493746427	-0.0158955399	-0.0396436808	-0.0153780649	-0.1122776155	-0.049521426	-0.0117772255	-0.0166994627	0.0379695189	-0.0848657607	-0.091409442	-0.0931257449	0.0822933602	0.0279516918	-0.1306347993	0.0160235528	-0.0339054363	0.0551510645	-0.0874877462	0.1306416188	-0.0337236635	0.097769183	-0.0020277526	-0.03656212	-0.0264952361	-0.0836181614	-0.1228369304	0.037050207	-0.0491203377	-0.0652675174	0.0480816093	-0.0122661731	0.1129882432	-0.0200417054	0.013669542	-0.0218916867	0.0282200879	0.0089965833	0.0921002284	0.0079468642	-0.0556541354	0.0098437321	-0.0418953169	0.0415686577	0.018609396	0.0218629269	-0.1216944932	-0.063080731	0.1003291122	0.0533795346739367	-0.0292473323804359	0.0008554064513716	0.002849374722006	0.0907378009387969	-0.0234452463388663	0.0082333485192087	0.0005496795758901	-0.1444464872410691	0.0241962853044838	0.0005854602225359	0.0208647876762843	0.0014730826430109	-0.0003259244383737	1.0622673952927692e-07	2.169972473139979e-06	0.0014078708879861	-7.191369889599994e-05	5.1715800889045434e-09	1.98210043723877e-06	-0.0015340382691547	-0.0001752034645467	3.0696253989166773e-08	2.353273411231148e-06	0.0	0.0
900.44062244933	1.1413985367828443	1.3027906197700183	810793.3145569368	965.5990039601046	7.3083324058382	53.41172255422478	932381.436448746	835.8357625291837	1.128893669077911	698621.421922742	1.274400916084188	840.5946372990629	664.293732743081	1.118453	25.235781	0.0633169332070073	0.0338001940939517	-0.1337442873	0.0157863683	0.0894803918	-0.0146402051	0.0919403373	-0.0150179827	0.1896886354	0.0015835485	-0.1154166445	0.0675619835	0.1711256195	-0.0866061984	0.0764457567	-0.0859676526	-0.0093189899	0.0666650501	-0.0072136285	0.1455262122	-0.0524793036	-0.0109213948	-0.0574250019	-0.0771193141	-0.0824718083	-0.0152200571	-0.0147887688	0.0565018184	0.0459376015	0.0323145469	0.0058936107	-0.1020757244	-0.0125794453	-0.0855086821	-0.0364645979	-0.0160455788	-0.17196498	-0.0102331707	0.2712290205	0.1405481312	0.0164970492	-0.0475180598	-0.1075389351	0.0355446339	-0.1358658699	0.0248811897	0.0798737457	-0.0596950384	0.0219755345	0.0843007782	-0.0940744143	-0.0446494709	-0.0222961949	0.0852303957	0.0316563688	0.0844645731	-0.0287000796	0.037522268	-0.0216550818	0.0895425225	-0.117539812	-0.014158055	0.0089905415	0.087603069	0.0881524359	-0.0734364848	-0.0792818135	-0.0322994525	-0.0149870605	0.0353796261	-0.0437930134	0.0175253768	0.015632637	0.142613202	-0.0602719128	0.0416226728	-0.0743794044	0.0286393468	0.1249317395	-0.1540437538	-0.1850410107	-0.1040034838	-0.1001488378	0.1347847767	0.0588574922	0.02179721	-0.2053474456	0.1500804619	-0.0850519528	0.0101091111	0.0579256327	-0.0694047649	0.0199730327	0.0302740055	-0.0162898363	0.0342619281	0.0867689533	-0.0301455418	0.0812477435	-0.0264713684	0.0997798297	-0.067267342	-0.0022466066	-0.1024756928	0.0192043597	-0.0634422488	-0.0170917953	0.0962616155	-0.0715608694	-0.0101986707	-0.0467304535	0.0683517744	0.1008645914	0.0031887177	0.0560481455	-0.0219862114	-0.047169808	0.0632070441	0.0467337879	-0.0463200407	-0.1179625264	-0.0123435643	0.0185248178	-0.1237830955	-0.0540487397	0.1082719048	0.0724640464146517	0.019084511740715	0.0003642185883814	0.0052510380227847	0.0916061971324637	0.0008683961936667	0.0083916953530717	7.541119491749835e-07	-0.1381476005736885	0.0062988866673805	3.967597324850506e-05	0.0190847595442673	0.0016128456520866	0.0001397630090756	1.953369870589415e-08	2.6012710974546497e-06	0.0015591329171331	0.0001512620291469	2.2880201461667812e-08	2.43089545328797e-06	-0.0010837605352725	0.0004502777338822	2.0275003763008935e-07	1.1745368978141355e-06	0.0	0.0
900.6090598973399	0.168437448009854	0.0283711738920722	811096.6787691703	963.83264429429	-1.766359665814548	3.1200264690164814	928973.3662073236	836.0393494359705	0.2035869067867679	698961.7938053207	0.0414476286150041	840.0702382079925	664.019878669673	1.078009	24.323229	0.0289948644180948	0.0140580299108576	0.0124834516	0.1294222541	-0.0683890248	-0.0728269186	-0.0718856414	0.0186737729	0.0487947237	-0.0016726078	-0.0841889909	-0.0864491879	0.0286370783	-0.1702743708	0.0282089635	-0.0218109292	-0.0728044514	-0.1106369029	0.1283061578	-0.0293152701	0.0354499253	-0.004855314	-0.1091052511	0.0956060616	-0.0580444407	0.1939820998	-0.205870849	-0.0374850581	-0.0856343564	0.0853332492	0.0989720768	-0.0383612093	0.0740521955	-0.0820923253	0.04096054	-0.0405144077	-0.0632638873	0.0111587321	-0.1971153715	-0.134355178	0.0332385956	-0.1120053942	-0.0087282125	0.1218541517	0.0595436849	0.0574009512	-0.0981352662	0.0978256642	-0.0315035182	0.0320210153	0.0231764705	0.0964025572	0.1742677218	-0.0969632789	0.0661502568	0.0145728563	0.1302096082	0.0922753613	-0.1068555835	-0.1052795391	-0.0548538687	-0.0819080096	-0.0514481998	-0.0136914167	-0.0333688491	-0.0776607154	-0.1863913845	-0.1224444891	0.0171016975	-0.051045773	0.0126749668	-0.1035349793	0.1303973097	-0.1200347113	0.1323481921	0.0122765167	-0.094885729	0.1128207934	0.0449407456	-0.0150925707	0.0372757269	0.0380132565	-0.0215147195	-0.0658977967	-0.0542627996	0.1582561984	-0.0266550932	-0.2221488807	0.0892136783	-0.0528057363	-0.0445176822	0.0965245765	-0.1362288733	-0.0192213144	0.039979743	0.0454279154	-0.0338342867	-0.0119427562	0.0573104917	-0.0124057389	0.0614308136	-0.0050952109	0.0227030238	-0.0686314674	-0.0922961387	0.1181916102	0.0146014331	0.0182506355	-0.0307388243	0.0164220616	0.0286895887	0.032369816	0.1370189111	0.0480881504	0.0725227072	0.0826392141	-0.0814584155	0.1391850032	0.0530057476	0.0019320891	0.108507389	0.1116576613	0.0151740128	-0.1255324169	-0.0446835199	0.1150284477	0.0768994656414889	0.0044354192268371	1.9672943717797085e-05	0.0059135278159465	0.0889077570832199	-0.0026984400492438	0.0079045892695688	7.281578699362881e-06	-0.1509872357692074	-0.0128396351955188	0.000164856231954	0.0227971453652262	0.0015698476966746	-4.299795541199986e-05	1.8488241696123277e-09	2.4644217907545472e-06	0.0014806072055666	-7.852571156649981e-05	6.166287377025122e-09	2.1921976971757364e-06	-0.0011426642672239	-5.8903731951400005e-05	3.4696496378023812e-09	1.3056816275903322e-06	0.0	0.0
900.0778465628836	-0.5312133344563108	0.2821876067041923	810140.1298732777	954.1507318534104	-9.681912440879614	93.73942851285943	910403.6190963988	835.5936621356484	-0.4456873003221062	698216.7682012641	0.1986371696684073	838.6201105590744	655.4099995416719	1.059022	23.894838	0.0871590364440641	0.0391715937831316	0.1225222309	-0.0064527203	0.005596886	0.0177182686	-0.0088898102	-0.1122714116	-0.0785411042	-0.0255044791	0.1100910361	-0.0112782783	-5.0678e-05	-0.0587869463	-0.1194682531	0.1456426481	-0.015768082	-0.0169146096	0.0019747779	-0.0644492537	0.0680798616	-0.0039468578	-0.0031084119	-0.0643542417	-0.0317147043	0.166633489	0.0676945091	0.0067383288	0.0155967107	0.1240752435	0.0768048586	-0.1486555984	0.108463195	0.0718511712	-0.0970532108	-0.1386756171	-0.0730926222	-0.0414139195	0.0065902737	-0.1271971499	-0.0392050801	0.0332814635	0.007167812	-0.0906142897	0.0875110585	-0.2078666701	-0.0547728551	-0.0471871445	0.0723921204	0.0104636397	-0.0294578262	0.053875916	0.0025284259	0.0015979203	-0.058811062	0.0481085296	0.111247234	-0.0518768626	0.0307344489	-0.0716718168	0.085754645	-0.102517162	0.0276036231	0.0186913152	0.0274977933	-0.1047058302	0.0526841629	-0.0155358855	-0.0346380997	0.0471243997	0.0523466049	-0.1604110958	-0.0137194194	0.0688181314	0.114010096	0.0211815604	-0.1086113997	0.092599276	-0.1092188222	-0.0349338432	0.0532022371	-0.1374700928	-0.0266522327	-0.1131799332	-0.0297947737	-0.0324131107	-0.0896575249	0.0150719415	-0.0825778281	0.2253529118	0.1164224047	0.0183216873	-0.0741470695	-0.0096278891	0.0861580535	0.0060612617	0.0554670586	-0.0021326479	0.0200031086	0.0729147145	-0.02968454	0.0366872909	-0.1052989684	-0.0210110964	-0.0701050592	0.0813449853	0.0009911579	-0.0272039982	-0.0070656233	0.0780535419	0.0579511029	0.0676862177	0.0261468404	-0.0643581761	0.0335395703	0.0115451585	0.0534204817	-0.0135609999	-0.0170325784	-0.0259305236	0.1082762437	-0.006826459	0.0118128082	-0.1269376627	-0.0350428114	0.1205247148	0.0681135913557824	-0.0087858742857065	7.719158696423869e-05	0.0046394613273825	0.1048594050563309	0.015951647973111	0.0109954948287676	0.000254455073058	-0.175295276346489	-0.0243080405772816	0.0005908808367067	0.0307284339093919	0.0013637255536432	-0.0002061221430314	4.248633784785695e-08	1.859747385659452e-06	0.0018901260648469	0.0004095188592802	1.6770569610623806e-07	3.572576541013628e-06	-0.0012892927370715	-0.0001466284698476	2.1499908169848563e-08	1.66227576186532e-06	0.0	0.0
901.6542124271176	1.5763658642340488	2.48492933792236	812980.3187875657	957.6836133470722	3.532881493661762	12.48125164825776	917157.9032735043	836.8659789735908	1.2723168379424123	700344.6667634265	1.618790136111779	840.3786974450139	661.7290020906235	1.038591	23.433838	0.0297845719152978	0.0163274636106066	0.0404282671	-0.1441463668	-0.0515506875	0.0414493304	-0.0266563551	-0.0488879866	-0.0691047572	0.0297280355	0.103841839	0.1020671024	0.0237973132	-0.112226323	-0.0558235499	0.1514511861	-0.0315777444	-0.0293764552	-0.1054074253	0.0127362517	0.1382352957	-0.0373164386	-0.0410863433	0.1939904313	0.0643325318	0.026720199	-0.1649701687	-0.0846679422	0.0170526104	-0.0648152709	-0.1390183319	0.0915861377	0.1811370888	0.0647897014	-0.0461535649	0.1072291497	-0.1899472012	-0.0893554347	-0.065179302	-0.0543835536	-0.1306483867	0.0178049687	-0.009166901	-0.0007217126	0.0400700694	0.0260501724	-0.0797534273	0.0252463196	0.0147480058	-0.0603443271	-0.0860988512	-0.017679628	0.0288013314	0.0973853258	-0.0689662901	-0.0557917653	-0.0459669601	0.2291240063	0.0448419198	0.0952150442	0.0723612737	-0.0960237846	0.0434950242	-0.0081709045	-0.0619697686	0.0303758723	-0.007392346	-0.0110037822	0.0494432517	-0.1973844008	0.121631916	-0.0290969732	-0.0147985852	-0.2012245288	0.0340320918	-0.0804962967	0.0609174607	0.0906548402	-0.0535894921	0.059468865	0.2222840618	0.0678551636	-0.227326266	0.0015831067	0.0272019906	0.0899214809	0.0314464093	0.0674141784	-0.0091063077	0.0041503877	0.0991688718	-0.1600787172	-0.0094166446	-0.1294932773	-0.0175329102	0.1050597191	0.0840572569	0.0472318238	0.0016502034	0.0399790866	0.0113399534	0.0317819515	-0.183857194	0.0109777471	0.0195148393	-0.0118730455	-0.035395394	0.0218886996	0.0159620597	0.0859021231	0.0360318421	-0.0583564797	0.0563652931	-0.0795523787	0.0767736226	0.0440735213	0.0446665186	-0.0158140412	0.0686385559	0.0828941209	0.0082541938	-0.0019889588	0.0084435077	-0.1279949812	-0.0251860523	0.124700488	0.0746112484468852	0.0064976570911027	4.221954767355845e-05	0.0055668383948028	0.1087437392923362	0.0038843342360053	0.0118252008352795	1.5088052457002892e-05	-0.1830299690125088	-0.0077346926660197	5.982547063778021e-05	0.0334999695567199	0.001592719935759	0.0002289943821158	5.2438427040597075e-08	2.536756793764153e-06	0.0018864744501929	-3.651614653999921e-06	1.3334289581306964e-11	3.5587858512306045e-06	-0.0012900044987451	-7.117616736000872e-07	5.066046800059972e-13	1.6641116067825969e-06	0.0	0.0
902.203195200335	0.5489827732174035	0.3013820852894711	813970.6054296938	962.7507231469248	5.067109799852574	25.67560172376199	926888.9549199266	836.6921063101055	-0.1738726634853264	700053.6807616409	0.0302317031074815	840.942930605901	676.0171766833812	1.136284	25.6381	0.0403771664129343	0.0251300833488991	-0.1213149037	-0.0312259751	-0.0881087928	0.0385018131	-0.0093408688	0.0361320113	0.163537864	-0.0882811771	-0.0497043251	0.1109114713	-0.012166208	-0.0335500764	-0.0553325248	0.0572833114	0.0127349409	0.0327458017	-0.0173844857	0.1403798943	0.0699678193	-0.0812752815	-0.0421646672	-0.0644790974	-0.0304577028	-0.0464667365	0.0006671685	0.1231706819	-0.1159049603	-0.0274533668	0.0448868454	-0.0980283749	0.0920162627	-0.1555626686	0.0529625585	-0.1410143865	-0.124159372	0.2333008887	-0.1365938581	0.0651441461	0.0537295286	-0.0185667838	-0.026243613	-0.0801003584	-0.0058561814	-0.1106064192	-0.0426363036	0.0003619037	0.0456952813	0.1688603961	0.0273256042	-0.0116204385	-0.1870898818	-0.0810128574	-0.0551681854	-0.0335567052	0.1095855734	-0.0208338571	-0.0239188635	0.0906478647	-0.0865663681	-0.0558338709	0.0670037263	0.0527715313	0.013326014	-0.0039857724	-0.078129349	0.0177300487	-0.0297735433	0.0377387082	0.0182856067	0.0378015852	0.0783587818	0.0090348137	-0.0425200428	-0.0366807653	-0.0521935299	0.2311944244	0.2276992782	-0.0271300322	-0.0685814006	-0.0149829659	0.021329202	-0.0776239989	-0.008190169	-0.0300583849	-0.0134546451	-0.0515911049	-0.0496422028	-0.0405344184	-0.044132573	0.0768312012	-0.1102947168	-0.0878874433	0.1324295391	-0.196626915	-0.1377304946	0.05369991	-0.0330363951	-0.0182810397	0.1216619597	-0.0583154884	-0.0839307635	-0.0002002617	0.0053905338	-0.0409516479	0.0492310205	0.0925373813	-0.0663224426	-0.0150083567	0.0148438767	-0.0784013085	0.0870459024	0.040200372	0.0039484978	-0.0737830394	0.0270809913	0.1378846511	0.174487161	0.0451498985	-0.0947717019	0.0281269918	0.0050684204	-0.1287014744	-0.0151740128	0.1275100165	0.0986435510544652	0.02403230260758	0.0005775515686222	0.0097305501646348	0.1111707232118561	0.0024269839195198	0.0123589296994471	5.890250945608168e-06	-0.1790114418485444	0.0040185271639643	1.6148560567519695e-05	0.0320450963126947	0.0016796481132819	8.692817752290003e-05	7.556508047452822e-09	2.821217784451447e-06	0.0017759245726118	-0.0001105498775811	1.2221275433196234e-08	3.153908087606404e-06	-0.0012894954994117	5.089993334000779e-07	2.590803214017237e-13	1.6627986430030297e-06	0.0	0.0
900.1252260433956	-2.077969156939389	4.317955817191395	810225.4225596741	962.8009021235448	0.0501789766200317	0.0025179296946336	926985.5771299116	836.4767737735975	-0.2153325365079581	699693.3930626863	0.0463681012789511	840.3630572053822	663.9076889404975	1.173992	26.488916	0.0575978722671411	0.0298695476320409	0.0575384065	0.1103489558	-0.048199338	0.0638289825	-0.1530929792	0.026182906	0.0577589217	0.1750250139	-0.0552917808	-0.1283773827	-0.0752096085	-0.0076901596	0.0254986928	-0.0627303165	-0.0458554444	0.0790100581	0.0878533399	-0.0806235708	0.0626224082	-0.0702083011	0.0524077244	-0.0462704402	0.0231348123	-0.0295061034	-0.0150291436	-0.0937529398	-0.0346416378	-0.0634306286	0.007437909	0.0132680976	-0.0045394041	-0.0482210854	0.124206306	-0.0046267652	-0.0647649179	-0.0635120239	0.1049505368	0.0204550189	-0.1064814175	0.0577897133	0.0779974924	-0.0240134761	-0.095261335	-0.0075681113	0.2651971034	-0.0257459308	0.0029816831	-0.0678181163	0.02941058	0.1083633599	0.0732194207	-0.0371398571	-0.0096918255	-0.0010208351	0.3685408861	-0.0889447214	-0.1209428653	-0.1026203823	-0.025578868	0.009434449	0.01119627	-0.0007195758	0.0213545082	0.0831465929	-0.0576678999	0.0251564095	-0.0516237563	0.0100305886	0.2841967869	0.0639459874	-0.0415838489	-0.0752569457	-0.0279856725	0.1324527803	-0.0574389403	-0.0578466787	0.0651592521	-0.1101826814	0.0697594769	-0.0058166932	0.0103245107	0.0512191536	0.061544027	-0.1079808603	-0.0096257287	-0.022391224	0.0809092952	-0.1499399594	-0.1714590958	0.0203154372	-0.0230056474	0.1274732369	-0.116529194	-0.0028375495	0.0238395594	0.1712804695	0.0184910148	0.0592952543	0.0596637307	0.0544282417	-0.0129564657	0.0395988799	-0.1288063948	0.0953149285	0.009015773	0.0130206456	0.0096524358	-0.0155808578	-0.048524409	-0.0039916106	0.0376661031	-0.0588519022	0.1097073396	0.0892260276	-0.0305334713	0.083032758	-0.2000773455	-0.1457130971	-0.1396155017	-0.0251838379	0.0016898595	-0.1290552057	-0.0050684204	0.1289225186	0.0869988693301877	-0.0116446817242775	0.0001355986124597	0.007568803264731	0.1144387166166041	0.0032679934047479	0.0130962198608554	1.0679780893476398e-05	-0.1751899926897238	0.0038214491588206	1.4603473673450671e-05	0.0306915335386254	0.0016362148886927	-4.343322458920016e-05	1.886444998215901e-09	2.6771991619796645e-06	0.0022791374729267	0.0005032129003149	2.532232230433337e-07	5.194467620498704e-06	-0.0010588666647299	0.0002306288346818	5.318965938668508e-08	1.1211986136762223e-06	0.0	0.0
899.8432813844391	-0.2819446589564904	0.0794927907140917	809717.9310527149	963.3244085872876	0.5235064637428195	0.274059017580512	927993.9161800474	835.3265712308568	-1.1502025427407716	697770.4806042996	1.3229658893273366	839.5844805203214	668.054036494395	1.166888	26.328615	0.0389721954612456	0.020183472483096	0.0669385321	-0.1088173118	0.0387245496	-0.0796913084	-0.1028015449	-0.094144263	0.0405721161	-0.1687391684	0.1436597782	0.0842887072	0.0014193766	0.092510713	-0.084411849	-0.1928707181	-0.0496688226	-0.0929504774	-0.1302920955	-0.0459597146	-0.0139945743	-0.0842162358	-0.1779583718	-0.0497139718	0.0260365711	-0.0316417998	-0.0408009677	0.006653479	-0.1182877167	-0.0472322273	-0.047259241	0.0775250136	0.0789555158	0.1084573212	-0.0655191238	0.135606282	0.1536129565	0.0995199854	0.145463946	-0.0759773558	-0.1001079849	0.105171711	-0.0513906946	-0.0255507773	-0.0625031449	-0.0791368057	0.0333046638	-0.1291022448	-0.0153277841	0.1755113331	0.1147095064	0.0274753547	-0.0658940508	-0.1775408514	-0.1428954474	0.16778656	-0.0741520194	-0.1093419414	0.1228469144	0.061774726	0.1291239942	0.0302182895	0.1128733948	0.103110531	-0.172401381	-0.1171266699	-0.0392546526	0.0727859722	-0.0189536886	-0.0634466839	-0.1024032895	0.1131003782	0.0765642229	0.0575519617	0.0486638671	-0.1996879409	0.0046681678	-0.0290626272	-0.056082441	-0.0156519441	-0.0056571743	-0.2069924117	0.1374000657	-0.1285787263	0.118585622	-0.0098430836	0.0151002559	0.1630492212	-0.0407925104	0.07401124	0.0410833498	-0.0929987028	-0.0099751999	0.1361240152	0.0416294306	0.1371098574	-0.0940769912	0.0059620715	0.0418570356	0.0669650746	0.0032147532	0.028487577	-0.1362831662	0.0956327416	-0.0098442411	-0.0429613042	-0.0612675792	0.0182944227	-0.0152276688	-0.0374350693	0.1031373422	-0.1009176036	0.0160207718	0.0662709109	0.1254923232	-0.0782312497	0.095349291	-0.0342672322	0.0305433849	0.160057631	-0.1020055986	-0.0524715333	-0.0016898595	-0.1290552057	0.0050684204	0.1289225186	0.0756881294885545	-0.0113107398416332	0.0001279328357651	0.0057286929454761	0.1110366654760923	-0.0034020511405118	0.0123291410800496	1.1573951962657638e-05	-0.1751058785413732	8.411414835060582e-05	7.075189952747724e-09	0.0306620686997461	0.0017688984750694	0.0001326835863767	1.760493409378321e-08	3.1290018151028484e-06	0.0021598604025454	-0.0001192770703812	1.4227019518745556e-08	4.664996958483578e-06	-0.0012904118145869	-0.000231545149857	5.3613156422300666e-08	1.665162651225456e-06	0.0	0.0
899.1064713687423	-0.7368100156968467	0.5428889992311875	808392.446857151	960.4497394935756	-2.8746690937119865	8.263722398342894	922463.7020932772	835.2722358956242	-0.0543353352325084	697679.7080580754	0.002952328654829	839.162777255933	661.0058959415309	1.151067	25.971651	0.1261218962129867	0.0587119932752533	-0.1216141351	-0.0446172767	0.1508630335	-0.0656205971	-0.0028611928	0.0090548771	0.070641825	0.1413447847	-0.0764687548	0.0828897185	0.0452930053	0.061395845	0.066739339	0.1143178291	0.0361893532	0.0975328691	-0.0287757361	0.1195688489	0.0210893101	-0.0465885104	-0.0861117609	-0.138665105	0.0876295112	-0.0293667904	-0.0845399767	0.0053698056	0.028230103	0.0255551426	0.0801301968	-0.0148735895	0.0085087636	-0.1048322661	0.041425822	0.2047521774	0.0294077351	0.0535860879	-0.0559454579	-0.0163705479	0.0601979932	0.0555247749	-0.177686063	0.0547142913	-0.0223456657	-0.108335644	0.081427834	0.2497179973	0.0031957867	0.0259086963	0.0356021861	0.0042447273	-0.0019391058	-0.1155344715	0.1536586456	0.0654805824	-0.0431947725	0.0609353627	0.1189007839	0.1176767264	-0.0975529815	0.0072738616	0.0910269417	0.0410774956	0.0071692653	0.0302209586	-0.0848203965	0.1065591138	-0.0538202001	-0.0049364036	-0.0700434121	-0.1004839658	0.0391530303	-0.0261752834	0.1484939613	-0.1076530951	-0.0103988354	-0.1191877849	0.0470367559	-0.0216209892	0.0418678814	0.0216177964	-0.0049574061	0.2422094135	0.1090232907	0.1601317471	0.1642706077	-0.1054976872	0.0330332426	-0.0649143274	0.0421729083	0.0061148318	-0.0776716253	0.0608308667	-0.132969265	0.0085894715	-0.3026155146	0.0441304372	0.0685742764	0.0239383727	0.0829646479	-0.1020292285	-0.0261653493	0.0236950022	0.0569355448	-0.089794052	-0.156701166	0.0252209185	0.0559170502	-0.0670222553	-0.0402671901	-0.1573008992	0.0500799942	-0.0950185484	-0.1219073057	-0.1103304858	-0.0172337899	0.0337201295	-0.0266549763	0.0766863771	-0.1773044006	-0.1034199411	-0.0050684204	-0.1287014744	0.0151740128	0.1275100165	0.0316753639415594	-0.0440127655469951	0.0019371235310947	0.0010033286808302	0.1225058669696039	0.0114692014935116	0.0150076874419742	0.0001315425828987	-0.1749650207497382	0.000140857791635	1.9840917464289578e-08	0.0306127584859563	0.0021729876359023	0.0004040891608329	1.6328804990263734e-07	4.721875265784266e-06	0.0026241955806856	0.0004643351781401	2.156071576584911e-07	6.886402445689834e-06	-0.0007488547259431	0.0005415570886438	2.932840802603488e-07	5.607834005673154e-07	0.0	0.0
899.8558968145725	0.7494254458301839	0.5616384988577698	809740.6350319585	962.9198479745902	2.470108481014563	6.101435907980072	927214.633623408	836.09447731877	0.8222414231457833	699053.9750029473	0.6760809579368031	839.2972902153097	664.3422595493303	1.017974	22.968657	0.0960210708390967	0.0423317991355789	-0.1072921452	0.0908006454	0.0262889692	-0.071502973	0.0715464378	-0.1366600694	-0.1658028799	0.0361209289	-0.1112749481	-0.0176841275	0.084755077	-0.0418821444	0.0105778703	0.0533636724	0.0969295399	-0.1032838395	0.1238503399	0.0481080408	0.0425908109	-0.0438232665	0.1806278827	-0.0603696296	0.1255033288	-0.0885476847	-0.006555838	-0.0771224478	0.0877341379	-0.0008233258	0.1272666018	0.0067317773	0.0592977543	-0.0866547585	0.1088185336	0.1248661723	0.1245620264	0.0508496875	0.0151611389	0.119165313	0.1020574434	-0.0543125757	0.2447713998	-0.1099038734	0.0109816691	0.0420087631	-0.0618570121	0.0140689302	0.0038365426	-0.0095094195	-0.0872863798	0.0985291605	0.0228417973	-0.0775033257	0.0779339091	0.0661185017	-0.0921425955	0.0339851408	0.0862240865	-0.0659663115	-0.1150068229	-0.0704390511	0.0786569373	-0.1109235215	0.0660886032	0.0146077888	0.1769545008	0.1189353682	-0.0689257342	-0.1084341615	-0.1713095709	0.0303606067	-0.0407695685	-0.0181990018	0.0567050048	0.0339090316	-0.0104494023	0.0209295415	-0.0348357126	0.0338068279	-0.0497577317	0.0154048769	0.0559628506	0.0445041502	0.1618486449	-0.169123864	0.0807676733	-0.1078147813	-0.0122052533	0.0783614982	-0.0209177532	0.1052004088	0.0460305045	-0.0813471509	0.0722716936	0.0199676924	-0.0485732694	0.0414275262	-0.0723580356	0.0306345844	0.0887705263	-0.1158938049	0.0278208023	0.0320996077	-0.0681732819	0.000620823	-0.1339171348	-0.0539072281	0.0302159477	-0.0692742505	-0.0196982725	-0.0175349721	0.070373295	-0.0884971501	-0.0372047742	-0.1304367234	0.125490012	-0.1363069475	-0.111668684	0.1320511371	0.0749124588	-0.1351552166	-0.0084435077	-0.1279949812	0.0251860523	0.124700488	0.0372573409455014	0.005581977003942	3.115846727253732e-05	0.0013881094543293	0.1109459607205565	-0.0115599062490474	0.0123090062002072	0.0001336314324867	-0.1935832192649655	-0.0186181985152273	0.0003466373159524	0.0374744627809877	0.0015390871721333	-0.0006339004637689	4.018297979665532e-07	2.3687893234252783e-06	0.0022627635910108	-0.0003614319896748	1.3063308316028485e-07	5.12009906880409e-06	-0.0009587420539169	-0.0002098873279738	4.405269044398148e-08	9.19186325948796e-07	0.0	0.0
901.3831053542942	1.5272085397217552	2.332365923799056	812491.5026181507	963.836374320236	0.9165263456458206	0.8400205422628821	928980.556462778	837.08165594442	0.9871786256500172	700705.6987186525	0.9745216389402568	841.1271216900784	656.1222405627682	1.119215	25.252981	0.0972332283825838	0.0535700104166735	0.0975047903	0.106971097	-0.0579385217	0.0303152621	0.017332637	-0.021325316	0.1028012512	0.1015600031	0.010933729	-0.1501817673	-0.0413132962	-0.0906616867	-0.0009588929	0.062076901	0.1198569146	0.0618943669	0.0898584046	-0.0752705461	0.0772861362	0.0808390158	-0.0345772552	0.0818589636	-0.0497860854	-0.0659239788	0.1175952275	-0.0227653797	-0.0296292163	-0.0180915657	0.0529692456	-0.0036672298	-0.0369974555	-0.014661199	-0.0663233853	-0.065627095	-0.0814567398	0.0973067984	0.2108166983	0.0060723782	0.1955017589	0.0803790951	0.0520203904	0.0112536553	-0.0023048503	-0.0663150168	0.0928066345	0.1778798196	0.1329417457	-0.2341013156	0.0506309765	-0.035816691	0.0153033123	-0.037144711	-0.0263864755	-0.0536436064	-0.1746620455	0.1915175857	0.0037712999	-0.1329055522	0.0212716724	-0.0574580472	-0.0468564451	0.0502223302	-0.0148308653	0.2102132626	-0.0334325485	-0.0553774967	-0.0253221587	0.0408688207	-0.0494742368	0.0127857451	-0.1344083866	0.1185459953	0.0418394944	-0.0537715017	0.0271869818	-0.1083516028	0.1431183063	0.0080028541	-0.0141075724	0.1983755537	0.0838242931	-0.0327761375	0.0332275791	-0.0977452776	-0.1675864167	0.0874338709	-0.048935247	-0.0854475053	0.0434618906	0.1089464954	-0.1511315252	-0.0042006618	0.1417771475	0.0326245277	-0.0354146673	-0.0577549836	-0.0107873847	-0.0076721516	-0.0437149484	0.0486283747	0.0154117219	0.02813554	-0.1252252159	0.0741606831	-0.0677833972	0.0021096016	-0.0033136052	-0.1325737851	-0.0354365644	-0.0718148354	-0.0305580327	-0.1081177382	0.0209095678	-0.0832021916	0.0785402669	0.0709084554	-0.0367268269	-0.092646862	-0.115909874	0.0070766255	-0.0118128082	-0.1269376627	0.0350428114	0.1205247148	0.069881601379464	0.0326242604339626	0.001064342368863	0.0048834382113583	0.1109118340074246	-3.412671313189619e-05	0.0123014349228905	1.164632549186736e-09	-0.1943155383391399	-0.0007323190741743	5.362912263996473e-07	0.0377585284400297	0.0021342389871789	0.0005951518150456	3.54205682952072e-07	4.554976054394417e-06	0.001645049339912	-0.0006177142510987	3.8157089601055113e-07	2.706187330744907e-06	-0.000894757676835	6.39843770819e-05	4.0940005105587706e-09	8.005913002551662e-07	0.0	0.0
901.235251617874	-0.1478537364201884	0.0218607273734105	812224.9787587328	961.3648247812308	-2.471549539005196	6.108557123756794	924222.3263266466	836.2918082736186	-0.7898476708014641	699383.9885855588	0.6238593430704981	840.0948946103314	660.9909443978758	1.152638	26.007103	0.0579961151323882	0.0322683831297165	0.0702749754	-0.13193534	-0.0938465557	-0.0856876874	-0.1161516916	-0.0240255439	0.0101242213	-0.1542995757	0.1425718301	0.1035248842	-0.0650539088	0.0380495316	-0.0970926602	0.0260218209	-0.1277304673	-0.0729177678	-0.1592521579	-0.058049608	0.0196275382	0.0755583453	-0.0523921021	0.0142848533	0.0054172642	-0.1858290256	-0.0121759013	-0.0707194032	-0.0396569408	0.0726769782	0.1116176195	0.0344726909	-0.0032296127	0.1068630251	0.1675675016	0.0126469476	-0.1487824399	-0.0803993225	0.2114447202	0.0004563541	0.1325145094	0.1027438881	0.0661063605	-0.046489829	0.018027655	-0.0150846162	0.0904183505	-0.1633260605	-0.0828795219	0.0383889824	-0.0674011251	-0.0487814042	0.1400428277	0.0344435922	-0.0663622954	-0.038114939	0.0557491743	0.1137445555	0.0165849802	0.0877833119	0.1295579539	-0.0024497755	-0.0315983167	0.017331799	-0.1240077675	0.0672088112	0.0463531092	0.0626302266	-0.0514372003	-0.082256188	-0.1253707821	0.1164535844	0.063778572	0.2047230924	-0.0087166404	0.0635360844	0.0253097743	-0.0178012983	0.0278495925	-0.0951570144	0.0693595434	0.0214934661	-0.0687010028	-0.0831538717	-0.0123157439	-0.170790885	0.010775506	0.0168520887	0.0147383254	0.0309763635	0.0766477973	-0.0519033759	-0.1944816732	0.1487765051	-0.1092342652	0.0682945495	0.2911751273	-0.01059922	0.0255710006	0.0127215883	-0.0516375609	0.0633023205	-0.0484231763	0.0370271144	0.009236792	-0.0789933576	-0.0818817192	0.0543135599	-0.0225956602	-0.0515520919	0.0819323254	-0.134049051	0.036080281	-0.0086805535	0.1873243557	-0.0742682922	0.0842177053	0.0398034477	-0.0295583136	0.0381300504	0.0227316842	-0.0678816139	-0.0151740128	-0.1255324169	0.0446835199	0.1150284477	0.0701907216764397	0.0003091202969756	9.555535800233884e-08	0.0049267374094594	0.0981940214262522	-0.0127178125811723	0.0096420658438592	0.0001617427568498	-0.1820614488803897	0.0122540894587502	0.000150162708463	0.0331463711684267	0.0021351132597939	8.742726150001191e-07	7.643526053391467e-13	4.558708632147735e-06	0.0021729132073151	0.000527863867403	2.7864026250975735e-07	4.721551806524394e-06	-0.0010203213927267	-0.0001255637158916	1.5766246748531545e-08	1.041055744455753e-06	0.0	0.0
900.924140428702	-0.3111111891720384	0.0967901720280398	811664.3068071955	967.096601598403	5.731776817172204	32.85326548187272	935275.8368231804	836.1902936720691	-0.1015146015495247	699214.2072313811	0.0103052143277587	840.3672884398111	670.2201916921595	1.205419	27.198015	0.04996578283027	0.0247331399965994	-0.1132997213	0.0005573272	0.0624215103	0.1055873279	0.0350721651	0.1940564964	0.2050420009	-0.0576705668	-0.0964834664	0.038463459	-0.0557456793	-0.010547642	0.071354878	-0.0259403738	-0.0975792495	0.0839358123	-0.0227291397	0.0532262872	-0.0588049567	0.1072648716	-0.0213281953	-0.0663095488	-0.0110626895	-0.3000722139	0.0028104093	0.011248854	0.0543645142	-0.00329647	0.1857352899	0.0154611872	0.1174054318	0.0737914441	0.0248236627	-0.0491665135	0.1433318756	-0.0083156805	-0.0993577968	-0.0438463862	0.0809021912	-0.0007553325	-0.0071019239	0.0346642251	0.1965720913	0.1523798905	0.1352877571	-0.0229385235	-0.0783805793	0.1855523517	-0.0505879667	0.0445694998	-0.0122556953	0.0626449809	0.1173453823	-0.1027600468	0.0701320477	-0.0531158343	-0.0796952694	0.0848752483	-0.0960550754	0.0969594889	-0.0895402241	0.1082372412	0.0862377759	0.1599459864	-0.0381952058	0.1360513886	-0.0086959377	-0.0397033071	-0.0971587036	-0.0167616278	0.1503233808	-0.0053511572	-0.0349770571	0.0609057923	0.0287942539	0.0230198975	-0.1077009794	-0.2029559929	-0.0153608739	0.0105781725	0.104334169	-0.0077270925	-0.1826645945	-0.1542818958	0.055955639	-0.2138028661	0.0236153758	0.135756538	-0.1293121373	0.0715493845	0.026024766	-0.0343882085	-0.132382215	0.0071880733	0.0103202998	0.089364143	-0.0096276532	0.014361811	0.0017742625	-0.032899965	0.0619447214	-0.132253813	0.0404773346	-0.1003052118	-0.0096525588	0.1015316375	0.0441072459	-0.1140050746	-0.0154501079	-0.0674120865	0.0082757473	-0.0119537562	0.010685643	-0.0723863306	-0.0643197841	0.0200952578	0.0192960244	0.0165442939	-0.1360859388	0.0360523376	-0.0185248178	-0.1237830955	0.0540487397	0.1082719048	0.0728334119886113	0.0026426903121716	6.983812086045687e-06	0.0053047059019027	0.1135024950490191	0.0153084736227668	0.0128828163823526	0.0002343493646589	-0.1961793177704862	-0.0141178688900965	0.0001993142219979	0.0384863247208934	0.0021353524066271	2.3914683320008095e-07	5.719120782962734e-14	4.559729900488149e-06	0.0020861261186586	-8.678708865649974e-05	7.531998757471146e-09	4.351922182949596e-06	-0.0012912301573417	-0.000270908764615	7.33915587452255e-08	1.6672753192286712e-06	0.0	0.0
899.2842010125788	-1.639939416123184	2.6894012885544494	808712.0741908323	960.4744870054956	-6.622114592907451	43.85240168159782	922511.24018847	835.3987202423298	-0.7915734297392873	697891.0217825223	0.6265884946692185	839.5180621916442	657.2267156429267	1.130364	25.504538	0.1240435991209757	0.0589927378705009	0.0109763328	0.1317227876	-0.0216565863	-0.1004779492	-0.0940852813	0.1350296538	-0.0614375352	-0.0435041577	-0.0829990592	-0.1048128949	-2.5854e-06	0.1176640053	-0.0185289851	0.0894857669	-0.0777259218	-0.0744718249	0.1124464601	-0.0785675556	-0.0226587719	0.1711746609	-0.0974930382	-0.0337275547	0.0637136584	-0.0143713256	-0.0884549818	0.0953536985	0.0240949999	0.0525224352	0.0027780461	-0.0212586672	-0.0492669457	0.0010919802	-0.0965655561	-0.0267948049	0.0515508121	-0.0109768953	-0.0394585301	0.0316709442	-0.0585986372	0.0459150216	0.049436534	0.1015943098	-0.1206886424	0.029501814	-0.0082930567	0.0417180577	-0.0918221567	-0.1974987479	0.0444588106	-0.1004081091	-0.1394814268	0.1202510708	0.1702311193	-0.0971316615	-0.1865906263	-0.1341672571	-0.1203766269	-0.0985423703	-0.0396782748	0.0565148988	-0.1694997086	0.0112479472	-0.1011278895	-0.0488983645	-0.1136037093	0.0789012513	0.0558063514	0.0386707308	-0.0390221841	-0.0561039931	0.0461001192	0.0133762734	0.0943407172	0.0380193903	0.0078968318	-0.0616583849	0.0357741317	0.059702114	0.0693671456	0.1052827715	-0.0267532396	0.0391515504	-0.0735973828	-0.0165835653	-0.0783981164	0.0666766601	0.0916470176	-0.064663204	-0.0280555156	0.0793769476	0.1977861069	-0.099785915	-0.0526505834	-0.1851193785	0.0051085816	-0.1031478693	0.013154065	-0.0832186402	0.0360901772	0.0543463126	0.1457394534	-0.0518666817	-0.0796497301	0.0599708287	0.0149755042	0.0388707209	-0.0054969101	-0.1322326711	0.0803139591	0.0833897872	0.0586264335	0.1246036034	0.0622486303	-0.029045267	-0.0845674245	-0.0544584176	-0.0556796325	0.0807585154	0.0648806109	0.0805024331	-0.0218629269	-0.1216944932	0.063080731	0.1003291122	0.1028010379428536	0.0299676259542422	0.0008980586053333	0.010568053402128	0.130936496676199	0.0174340016271798	0.0171443661618362	0.0003039444127365	-0.1754220338135326	0.0207572839569535	0.0004308648372696	0.0307728899472761	0.0021340362654182	-1.3161412088999458e-06	1.7322276817646108e-12	4.554110782120059e-06	0.0015887831640295	-0.0004973429546291	2.473500145192032e-07	2.524231942303589e-06	-0.0006721955015277	0.000619034655814	3.832039050987574e-07	4.518467922740762e-07	0.0	0.0
901.2345703481034	1.950369335524556	3.803940544954498	812223.7507905305	957.6217045503504	-2.8527824551451886	8.13836773638421	917039.3290259186	836.7593725848672	1.360652342537378	700166.2476086206	1.851374797252454	839.7910089582598	660.0502340220347	1.122323	25.323101	0.0532163082456543	0.0264520050067893	0.1266794529	-0.0007852229	-0.0413856261	-0.0095259799	0.2018146289	0.0682899177	-0.0571469172	-0.0334846707	0.1275989223	-0.0719090441	-0.0679544917	-0.0720312394	0.0310569223	0.1914046249	-0.0083380813	0.0867956486	0.0359500066	-0.1415825397	0.1261379796	0.0927942885	0.1278291633	0.1254180996	-0.0791387393	0.0520892889	0.0333550358	0.0700243837	0.0519605335	0.0200692849	0.1354818456	0.0579445919	-0.0691779028	0.0030133397	0.1182055358	-0.037532234	0.189152111	0.0936769658	-0.0023840366	0.1424432033	0.0272824462	-0.1843908215	0.0390184462	0.0392827315	0.1409265384	0.0303572558	-0.1277865742	-0.0938074834	0.0152029203	-0.1421145403	-0.0612849867	-0.0598300233	0.0241259787	0.1265112841	-0.093228387	0.0108138306	-0.0341746992	-0.1650563711	0.0810596308	-0.1050019542	0.1179281559	-0.1504533766	-0.099927233	-0.0265038687	0.0802236625	0.0013025311	0.0536253136	-0.0042464127	0.1239062885	-0.0525153019	-0.1742915881	0.0024655971	-0.0916412433	0.1057711274	-0.0780913987	0.0865454743	-0.0897879227	0.0337919918	-0.119819159	0.049019181	-0.1229461801	0.1502458332	0.1283538333	-0.0303088879	-0.0690869213	-0.0363927314	0.1185844072	-0.0059871185	-0.0358520706	-0.0446453687	-0.0668295039	0.0091957973	-0.0229028275	-0.1224851962	0.0070232303	0.0264937979	0.102083816	0.045611701	0.0256192362	-0.0587262508	-0.1030699832	0.1379853874	0.0200091339	-0.0795093726	0.0078080966	0.0675229364	0.0087870651	0.0352552493	0.0476154352	-0.0935850942	-0.0624951555	0.054990525	-0.0117337462	0.0053177724	-0.0903870141	-0.0965486326	0.070494649	-0.0711291197	-0.0117987037	0.0430373012	0.1025392896	0.0875280107	-0.0251860523	-0.1192723348	0.0717238087	0.0912870929	0.0847867377829061	-0.0180143001599474	0.0003245150102526	0.0071887909038672	0.1239249836326621	-0.0070115130435368	0.0153574015683555	4.916131515968799e-05	-0.1882911440980876	-0.0128691102845549	0.000165613999516	0.0354535549457667	0.0021340507717549	1.4506336700002148e-08	2.104338044538292e-16	4.554172696427685e-06	0.001395164803756	-0.0001936183602734	3.748806943499878e-08	1.946484829639518e-06	-0.0007849903300698	-0.000112794828542	1.2722673345841737e-08	6.162098183030935e-07	0.0	0.0
901.6285075779704	0.3939372298669923	0.1551865410752795	812933.9656772781	961.673131755754	4.05142720540357	16.41406240068418	924815.2123409198	836.7389103971569	-0.0204621877102226	700132.0041726214	0.0004187011258883	840.9554086746244	673.0048889790452	1.173587	26.479767	0.089394864997178	0.0523575453932658	-0.053894671	-0.1390608188	-0.0707813567	0.0001653441	-0.0154009623	0.0237489743	0.0144189345	0.0647497198	-0.0010880036	0.1331739639	-0.0046925916	-0.0329496781	-0.0363824608	0.0478401689	-0.00978104	0.0690858165	-0.1184039436	0.044220335	0.0603257494	0.1004107611	-0.0621547903	-0.0908679952	-0.0600452648	0.0901558208	0.1427431292	0.0565633205	-0.0012184917	-0.1317735404	-0.1999417358	-0.0110317312	0.0081578843	0.0800722207	0.113067193	-0.1143284658	-0.097839012	0.0912409956	0.0898711827	-0.1519807173	-0.0732991055	-0.0992359001	0.0660271646	0.1729751175	-0.0164119084	-0.0131593647	-0.0548011662	0.0631783948	0.1159458923	-0.0202961087	0.1123825293	0.0474913846	-0.0429772236	-0.0853956109	-0.0343242951	-0.0901090908	-0.0035121948	-0.0396114237	0.0326672591	0.1158849635	0.0344347496	-0.0324000104	-0.0637358219	0.1167310859	-0.0927459309	-0.0740811725	0.0727689826	0.0806871137	0.0944916578	0.1139534165	0.1862903111	0.0725196905	-0.1548076448	0.1171932953	-0.0748844926	0.020888298	0.0458647675	0.0137381863	0.0319364188	-0.0171558761	0.0538772387	0.1238199646	0.0612372139	-0.1600349941	0.0774016145	0.1933637738	-0.0987171562	-0.0268935679	-0.0443591295	0.0305048506	0.0945853896	-0.0719392554	0.0732726528	0.0213271303	0.011971288	0.035172701	-0.0694444061	0.1330302594	-0.1131635694	-0.0126461943	-0.0104543089	0.0364149323	-0.0782604136	0.0167415204	0.133512368	-0.0575569983	0.0116284141	-0.0239440119	0.0727894772	-0.0657587442	0.0442064422	0.0824848977	0.0741485496	0.0129793902	-0.018162621	-0.0511001237	-0.0456642903	0.0521134491	-0.1319243722	-0.0737953188	0.1011714705	-0.0438213635	-0.0284919163	-0.1165232592	0.0799246852	0.0812449131	0.0754794781420145	-0.0093072596408916	8.662508202296967e-05	0.0056971516205908	0.1308199432035053	0.0068949595708431	0.0171138575397683	4.754046748356203e-05	-0.2299016665721609	-0.0416105224740733	0.0017314355805653	0.052854776292657	0.0021341840553987	1.3328364379967125e-07	1.7764529704517642e-14	4.554741582318041e-06	0.0019417573377156	0.0005465925339595	2.987633981803764e-07	3.7704215585723753e-06	-0.0007000736814458	8.491664862399998e-05	7.2108372135318785e-09	4.901031594530755e-07	0.0	0.0
900.7700168359294	-0.8584907420409991	0.7370063541701052	811386.6232306005	969.7161702174766	8.043038461722631	64.69046769674955	940349.45078125	836.9542747649136	0.2153643677567061	700492.4580472625	0.0463818108992457	841.3170912479801	670.1089680973904	1.134916	25.607237	0.0787853061487305	0.0392163675653714	-0.1328325473	0.0934249801	-0.0344693037	0.0562166932	0.0481609366	0.0140272022	-0.1224044761	-0.0412468011	-0.1676477158	0.011706764	-0.0949345515	0.0080743054	-0.0396436834	-0.0368776762	-0.1105947877	0.0007270129	0.0894731515	0.1538905703	0.0954999339	-0.0450463221	0.0366317056	-0.1912332782	0.003243112	0.1002950171	0.1437598127	0.0490856958	0.0470379332	0.0592427852	-0.2379539085	0.1136191061	-0.0442389546	0.1842631877	0.0043976677	-0.0521319185	-0.099074109	0.0146961877	0.0461417768	0.0756817868	0.1000911658	0.0479239292	0.0516797053	-0.0504042153	0.1694821913	-0.0918889085	-0.1091589352	-0.0577904911	-0.0872510976	0.0067867322	-0.0229893093	-0.025631139	0.0716024917	-0.0466177028	-0.0020757695	0.0558036028	-0.1279446591	-0.1086223058	-0.0912278204	-0.0236560757	-0.1844279722	-0.0521083767	0.0875578983	0.0644429521	-0.0358554187	-0.1271640367	0.2126904652	0.0440043321	-0.0640125868	0.0779567621	0.1730726389	-0.0558749792	-0.0401294811	0.1554300718	-0.1339752853	0.0135764303	0.125467285	-0.1359737732	-0.0638541608	-0.0036751363	0.0051658186	0.1326887443	-0.1082654371	0.0289141999	-0.1626055385	-0.0839153923	0.0943709601	0.0287742688	-0.0182488345	-0.0440680969	-0.0040050248	-0.0749248678	-0.0237359887	-0.1068311781	0.145976607	-0.0851075719	0.0017123896	0.0085107363	-0.1198977225	0.0298445326	0.105252134	-0.0505089813	0.0279664465	-0.0459892384	0.0789227287	0.060408938	0.1294217395	-0.0431418751	0.0982499214	-0.1151463233	-0.021329126	0.0842916754	0.0297641774	-0.0746263686	0.064666944	-0.1448308541	-0.0082809375	-0.0406827602	-0.0481222976	-0.0509279159	0.1331938159	-0.0351756237	-0.0317782535	-0.1134548014	0.0876327994	0.0703125971	0.1033510877399095	0.027871609597895	0.0007768266215774	0.0106814473370224	0.1204555876237378	-0.0103643555797674	0.0145095485897799	0.0001074198665838	-0.2282635822662229	0.001638084305938	2.683320193360409e-06	0.0521042629890087	0.0022705936704867	0.000136409615088	1.8607583088456362e-08	5.155595616454265e-06	0.0023634599519064	0.0004217026141908	1.7783309481535487e-07	5.585942944265404e-06	-0.0009201865854696	-0.0002201129040238	4.844969051779059e-08	8.467433520782015e-07	0.0	0.0
898.9240174316541	-1.8459994042752896	3.407713800584724	808064.3891154648	960.3279939539292	-9.388176263547392	88.13785355543469	922229.8559715778	835.5424322671448	-1.4118424977688164	698131.1561188963	1.9932992385060904	840.0354343756743	664.0604956047162	1.330561	30.021591	0.0810635376456093	0.0422573808037942	0.0938618394	0.0843636078	0.0313378764	0.1282006137	-0.1229051856	-0.1488421321	0.0605101083	0.0482366677	0.0198236458	-0.1087792759	0.1168336204	0.0973536987	-0.2763414827	-0.1448699767	0.0616301682	0.0258709767	0.0490573868	-0.1442504637	-0.0514050302	-0.0441064851	-0.1846860612	-0.0326240331	0.0615659884	0.0693433569	0.0471997614	-0.1213491691	-0.0995247255	-0.0522256497	0.0229505545	0.1938605959	-0.2608054757	-0.0098541881	-0.0541689013	-0.0041540283	0.257571717	-0.0653389867	0.1504299385	-0.0291175078	-0.0423499667	-0.0344601214	0.0376988818	-0.0453260857	0.0664797025	0.0899720336	-0.03331149	-0.0232892221	0.2184066104	-0.0151424923	0.0478770933	0.0218112931	0.0072365263	0.1000154123	-0.0161934514	-0.1205874063	-0.1207433918	0.0089349966	0.0902792768	-0.1197858332	0.0582242383	0.1007554143	0.1632690298	0.1587912668	-0.1736340324	-0.0291744536	-0.0155657526	-0.1126668888	-0.0190788092	0.0713818755	-0.0398833545	0.146306408	-0.0105311859	-0.0911730601	0.0581565654	0.1514883252	0.0379126305	-0.2477272501	-0.0366007348	0.209782982	-0.0433697809	-0.0674889155	0.1736420333	0.0700074673	0.0070636929	-0.0072448573	-0.0147801128	-0.0258735833	-0.1181738715	0.1081569656	-0.0934079351	-0.0241783349	0.0231364334	-0.0604692767	0.0038197124	0.080400666	0.1725603233	0.0801233073	-0.1005600513	-0.0045688668	-0.0843043274	-0.0015888864	-0.0074846585	0.2789017084	-0.0871029072	0.0706255305	0.0896793545	-0.0284369303	-0.0855137306	-0.0788850822	0.0974032866	0.0847727032	0.0175741007	0.1937932034	0.1213772225	0.0533174988	0.0711192982	0.0017740086	-0.0785917315	-0.0311339968	-0.1602128036	-0.0044486891	-0.0350428114	-0.1100753719	0.0948006283	0.0586099215	0.1115168432565099	0.0081657555166003	6.667956315688983e-05	0.0124360063298969	0.1208761039324599	0.000420516308722	0.0146110325018908	1.7683396590125985e-07	-0.2136349109548661	0.0146286713113568	0.0002139980243357	0.0456398751786935	0.002135119993918	-0.0001354736765687	1.8353117043040745e-08	4.5587373884284e-06	0.0017201128485613	-0.0006433471033451	4.138954953825309e-07	2.9587882117856697e-06	-0.0012983376957344	-0.0003781511102648	1.42998262194501e-07	1.6856807721649115e-06	0.0	0.0
897.3604006746775	-1.5636167569765576	2.444897362697887	805255.6886990177	943.146151972752	-17.181841981177172	295.21569386614226	889524.6639810095	831.4629535043476	-4.07947876279718	691330.643050173	16.64214697611321	835.3832523515969	658.6698704447905	1.457116	32.877075	0.4017891638106673	0.1957792817874774	0.0323855418	0.0184222866	-0.1650879373	-0.1569216729	0.0074112725	-0.0017483849	-0.2395786444	-0.1690189719	0.0776781221	-0.0649483369	-0.3425414162	0.367121694	0.1114573841	-0.1609539421	0.5475943713	-0.1610979292	0.0002624642	-0.1608822556	-0.5236873703	-0.117372141	0.1055839291	0.2659726708	0.2207885684	-0.1247992399	-0.0059311348	0.1456753089	-0.1698416971	0.0348593514	-0.1008379583	0.1004563365	-0.0359550831	0.0325081635	0.0257615721	0.0301674242	-0.0441229975	0.0310690999	0.025440076	-0.0569587357	-0.0252312132	-0.1681689434	-0.2092994886	0.0453930158	0.0367459349	-0.071002959	0.0573051082	-0.1291396843	0.0806548669	-0.0819310282	-0.0442761857	0.0020717457	-0.1288365637	-0.0888155991	0.0272195455	0.0067963702	0.0771957956	0.0209248784	-0.1272916298	-0.0407004351	0.0917635632	0.4974892731	0.198707896	-0.3592353307	-0.1200236509	0.1281909905	0.0730089047	-0.0904591515	0.3745507029	0.0645053843	-0.0569734379	0.024432433	0.1879301983	-0.0580897767	-0.169660714	-0.0484934448	0.0050197486	-0.0276894787	0.0059857577	-0.1928667779	-0.0035922116	-0.0532966372	0.0849604293	0.0513584488	0.0108979876	0.0823014403	-0.0922008361	0.0814638515	0.0193706041	-0.0588162631	0.010237629	0.0018960375	-0.115880447	-0.0411931129	0.1249793858	-0.0942276649	0.0154008276	0.0300716405	-0.2027955144	-0.0851918198	-0.2588100326	-0.0676244644	0.4514046318	0.3638643672	0.0078546465	-0.1705395782	-0.3207034296	0.0444520943	0.0102939962	0.4289731051	-0.0250083862	0.2459895604	0.1545533558	0.0931961219	-0.0176436378	0.0315403153	0.0018788279	0.0595324228	-0.0016444788	-0.0015369377	0.0009315353	-0.009745665	-0.0382833527	-0.1063942335	0.1013839798	0.0462651033	0.0243846423006175	-0.0871322009558924	0.007592020443418	0.000594610780129	0.0374247422839317	-0.0834513616485282	0.0014006113350187	0.0069641297609934	-0.3168516637738179	-0.1032167528189518	0.0106536980624885	0.1003949768362365	0.0040838519716887	0.0019487319777707	3.797556321186105e-06	1.6677846926665687e-05	0.0019087216235909	0.0001886087750296	3.5573270018166266e-08	3.6432182363634815e-06	-0.0008759014807888	0.0004224362149456	1.784523556975652e-07	7.672034040480127e-07	0.0	0.0
902.9941898802974	5.633789205619905	31.739580813359364	815398.5069575746	963.3227996826172	20.176647709865165	407.0971128080072	927990.8163883558	837.0502025781088	5.5872490737612	700653.041636053	31.217352212245384	840.6820476793	671.3930551150283	1.818643	41.034256	0.471259251901878	0.2775313101658969	0.037362183	0.1067204451	-0.1215322117	-0.0823997218	-0.0385622315	0.2696547591	0.1696166208	-0.1376233734	0.0407718004	-0.1052876402	-0.4262698577	-0.2645272066	0.5000116887	-0.1498405958	-0.1493563658	0.0032397291	0.1425643677	0.0250463455	0.0230878981	0.2155270903	0.2004570401	-0.0180946832	-0.1978037202	-0.1494704522	-0.2082497911	-0.0779499245	0.1024128317	-0.1702627138	-0.1802392431	-0.1141349064	-0.016571479	0.1581223164	-0.13693992	0.1092778279	0.0106089811	-0.0266903393	-0.0088418255	-0.0172068827	0.0136133716	-0.0230340897	0.0760651629	0.0718482923	0.0273624973	0.0237789419	-0.0329608472	-0.046648785	-0.0852993945	8.36201e-05	-0.0380591576	0.0335732959	-0.0410638067	-0.0868500268	0.1291178694	-0.0461232003	0.1142166504	-0.0791479667	-0.0149421901	-0.0972317568	-0.084743488	-0.0277229185	-0.3747601492	-0.121927281	0.0582884292	0.0892963023	-0.1062687995	0.1088642153	-0.1261171665	-0.0584163202	0.097706456	0.0537591994	0.0625642744	-0.0573933192	-0.2317290398	-0.2426953596	0.0094208743	-0.1394078404	-0.2078413473	-0.1207542872	-0.1278646391	-0.0170580579	-0.0172677707	-0.1113808612	-0.0131090224	-0.0134829656	0.0306939206	-0.0029870165	0.0995430843	0.0311722726	-0.0091533809	0.1289919986	0.0353557317	-0.0558401691	-0.0520835173	-0.0277788493	-0.0182385837	-0.0271362755	0.0757498152	-0.0252384544	-0.0289819213	0.0025768472	0.1535472504	-0.3393790287	-0.0575471808	0.1377086384	-0.0570641886	4.88225e-05	0.1944206268	0.1658343813	-0.0742335549	-0.3167413424	-0.0521781701	0.1290671989	-0.1278570344	0.1230149106	-0.1462640652	0.1425287705	0.0983358791	-0.0307181713	0.039451228	0.1372901208	-0.0414976565	-0.1024214758	0.1073422654	0.033413395	0.0247368182243121	0.0003521759236945	1.240278812301445e-07	0.0006119101758626	0.2146601740557514	0.1772354317718197	0.0460789903256454	0.0314123982753433	-0.1591346638783193	0.1577169998954986	0.0248746520560367	0.0253238412476656	0.0017792247598048	-0.0023046272118839	5.31130658575576e-06	3.1656407459024485e-06	0.0019263722976394	1.765067404850009e-05	3.115462943663945e-10	3.710910229112501e-06	-0.0012727164810737	-0.0003968150002849	1.5746214445110521e-07	1.619807241196622e-06	0.0	1.0
898.2992665564651	-4.694923323832313	22.042305016664656	806941.5722958832	956.8250430985992	-6.4977565840180205	42.220840625149535	915514.163100636	833.9024505109976	-3.1477520671112416	695393.2969682468	9.908343076003094	837.8645779022389	664.3212826795849	1.493344	33.694489	0.1323304945272616	0.0696149126902037	0.1273206449	-0.0155994805	0.1006366093	0.0980719324	0.0048332918	-0.0423878476	-0.1055636909	0.0346404965	0.09362094	-0.0630722871	0.234219324	0.0273144804	-0.1601930404	-0.1075857096	-0.055879969	-0.0060081356	-0.0531378114	-0.0988198245	-0.0534110958	-0.0813715763	0.0681797883	-0.0799912428	-0.102660265	0.1134891074	-0.0666765655	0.0478499726	0.1200761686	-0.0850998092	-0.0726701882	0.0017742577	-0.0798705793	-0.1112759823	-0.0304317882	0.0009942724	-0.0285443684	0.0505941107	-0.0147684391	0.078388698	0.0787132467	0.2049443559	-0.0115562016	-0.0863884269	-0.1521240665	0.033081437	-0.0379052944	-0.1405582796	0.0543789583	0.0897304529	-0.0431123776	0.0083166211	-0.0882758694	0.093882729	0.1023744832	0.1934599655	0.1107656974	0.0383205725	0.1021658182	-0.0448750381	0.1232851024	0.0161543722	0.0243167287	0.0402400037	0.1322825195	-0.2137613665	0.0679959253	-0.0533577004	-0.0215943049	-0.0660441704	0.0237822465	0.1186429091	-0.1128719006	-0.0476741381	-0.0266413446	-0.0062672174	0.0441744934	-0.0403486757	0.230867493	-0.0374202207	-0.1276473308	-0.1750456846	-0.0387064867	0.0064392713	0.0486279458	-0.160078484	0.0359625519	0.0763865643	0.1440840288	0.0868313439	0.1272107722	-0.0467663974	0.1629241642	0.019889741	-0.1149705719	0.012095678	-0.165605662	-0.0632934762	0.0371368427	0.0465923956	-0.1587573041	-0.0407921648	-0.0813533635	-0.0276672739	0.0242680867	0.0967827627	-0.0264139038	-0.0741440576	0.030551948	0.0061852509	0.0793423361	0.0363339094	-0.1065710431	0.1425466302	0.0234685349	0.0225562954	-0.0073187292	0.0395259814	-0.1355613763	-0.0002889549	-0.029310605	-0.0989994757	-0.0446835199	-0.098167988	0.1126387502	0.0201956026	0.0372251043334159	0.0124882861091038	0.0001559572899428	0.0013857083926336	0.1563487728279824	-0.058311401227769	0.024444938764816	0.0034002195131458	-0.1749036536186281	-0.0157689897403088	0.0002486610374299	0.030591288049145	0.0019623803097658	0.0001831555499609	3.3545955481516324e-08	3.8509364801565165e-06	0.002303906333678	0.0003775340360385	1.4253194836759474e-07	5.307984394361603e-06	-0.0016272632440757	-0.000354546763002	1.2570340715519633e-07	2.6479856655197715e-06	0.0	0.0
897.8480038500929	-0.4512627063721766	0.2036380301623412	806131.0380175965	956.4260183596144	-0.3990247389847354	0.1592207423218362	914750.7285952256	834.673965580416	0.7715150694184558	696680.6288177376	0.5952355023397647	838.0240335123239	668.6955853896135	1.163449	26.251026	0.0262317063289737	0.0143424146229722	0.0120783954	-0.1168156794	0.1263189159	-0.0116513086	0.0780079273	0.1357410172	-0.031856685	-0.0012730213	0.0789124733	0.0810233666	0.0794942782	0.0845172163	0.1705369824	-0.0469839192	-0.1051275585	-0.1255574401	-0.1291260079	0.0314185852	-0.0443120344	0.0253142635	-0.0005586826	0.053965635	-0.0665909129	0.1093823425	-0.0969330708	0.2019484964	0.0354619117	-0.0417967924	0.0022796419	-0.1231035983	-0.0528383315	0.1562609491	-0.0147642392	-0.0706162281	0.0674009057	0.1353180032	-0.0708187932	-0.0803052042	-0.171394778	-0.0785905911	-0.0757509068	-0.0732802432	-0.0129995807	-0.0085615847	-0.0285814546	0.1061118015	0.0386318774	-0.1520978981	-4.20385e-05	0.0913075502	0.059463857	-0.1725008811	0.0028836631	0.0559820071	-0.0678542317	0.096171914	-0.0093546243	0.1144001027	0.0659621077	0.0002881548	-0.0811347002	-0.0160948398	0.0808469547	-0.116407259	-0.1281545262	0.016097067	0.1075155296	0.0107196301	0.0695396478	-0.1630746789	0.0474553753	-0.0480849745	-0.0032779871	-0.000438966	0.0424379626	0.0373783385	-0.0483445127	0.0477419034	-0.0416670193	-0.0780655826	0.1317800738	-0.070373165	-0.0724186087	0.1232775442	0.0735437925	0.0136092716	-0.2005640372	-0.0841877968	0.0293713364	0.0479453989	0.0481076605	-0.1952076908	0.064873529	0.2430841385	-0.1181739782	0.0689728299	0.037441411	0.0250001433	-0.1173333305	-0.0426865591	-0.0682131318	-0.1447974281	0.1451692044	-0.003058567	-0.0892656876	-0.0548465237	0.1084419826	0.0276325884	0.0232215289	-0.0024609291	-0.1393689757	0.0606077968	-0.1381083371	-0.0664745353	-0.1137700743	0.0315678841	0.0250547021	0.0927656183	-0.0609703551	0.0465604436	-0.0478387595	-0.0936454286	0.1172407796	0.0067565429	0.0394246855783251	0.0021995812449091	4.838157652956289e-06	0.0015543058329497	0.1506409393878982	-0.0057078334400842	0.0226926926196684	3.25793625797436e-05	-0.1788473156160535	-0.0039436619974253	1.5552469949937133e-05	0.0319863623030682	0.0019620734552288	-3.068545370000196e-07	9.415970687749641e-14	3.849732243713481e-06	0.0022581454160961	-4.576091758189994e-05	2.0940615779374393e-09	5.099220720235828e-06	-0.0013857184232635	0.0002415448208122	5.834390046119786e-08	1.920215548571881e-06	0.0	0.0
900.445228854827	2.597225004734014	6.745577725215599	810801.6101674216	954.437312705844	-1.9887056537704664	3.954950177338619	910950.5838851528	837.0547506319766	2.380785051560565	700660.6555555606	5.668137461734243	840.8044953714432	661.5049212887313	1.045254	23.584177	0.0885770386072189	0.0394959525620253	-0.0364293283	-0.0925368412	0.0911825375	-0.031823602	0.1577641405	-0.1175853697	0.1552620593	-0.1405133963	0.0052655406	0.106707779	0.28827334	-0.0563874572	0.0545322682	-0.1041008124	0.0419447429	-0.164143332	-0.0678228799	0.0296447973	0.1504686096	0.0581955656	0.0247003647	0.1041912437	0.0941407119	0.0112719274	-0.126494567	0.1509486403	0.0660460947	-0.2798286845	0.0717108065	0.122006516	-0.0370883541	-0.109317406	-0.0338493104	0.0512451924	0.0621373323	-0.1025761249	-0.125463603	-0.026124378	0.1447168625	0.0057513034	-0.0026420692	-0.0007272184	-0.0982209855	-0.107137085	0.0544394613	-0.0271575307	-0.0802686129	0.0423876392	0.1881110503	0.0901269851	-0.0203381378	0.044891464	-0.2816702112	0.0214029648	-0.0041322623	0.0434610796	-0.0829104581	0.096596194	0.0132458588	-0.1586410008	-0.0382185205	0.0541903986	0.0214501488	0.0192593224	-0.0957203	0.079960429	0.2492983187	-0.0001771009	-0.1913788599	0.1479595882	-0.1848214414	-0.3283445652	-0.0161140595	-0.0052389233	0.0932785177	0.0262982983	-0.0116862706	0.0806545105	0.0616238869	0.0213470702	-0.0050745825	0.1266333612	-0.0277764925	-0.042854603	0.0083438414	0.0217998987	-0.0682491284	-0.1154266099	0.0504742603	-0.1237698608	0.0531980723	0.0111462903	-0.0478897346	-0.0970784979	0.0054324953	-0.0739632531	-0.0752130365	0.040700756	-0.0760601686	-0.0742053691	-0.0737160278	-0.0608347535	0.1167362131	-0.0056148127	-0.060395768	-0.0869468468	0.1015932435	0.0278987566	0.0089698015	-0.0687304935	-0.0643768682	0.0047593138	0.0994119703	-0.0628136482	0.0159805503	-0.0292581967	0.2072997382	0.075673533	0.0258959307	-0.1966903375	-0.0509612127	-0.0888661936	0.1211199807	-0.0067565429	0.0486342154422061	0.009209529863881	8.481544031371604e-05	0.0023652869116789	0.1393337204397084	-0.0113072189481897	0.0194138856515708	0.0001278532003423	-0.2044678081035016	-0.0256204924874481	0.0006564096352993	0.0418070845506503	0.0016141894509029	-0.0003478840043259	1.2102328046582285e-07	2.605607583406205e-06	0.0026469778091298	0.0003888323930337	1.511906298723139e-07	7.006491522025597e-06	-0.0012736388744691	0.0001120795487944	1.2561825257956306e-08	1.6221559825589156e-06	0.0	0.0
901.6082225007374	1.1629936459104329	1.3525542204280412	812897.3868809391	969.730717378504	15.293404672660015	233.88822648173925	940377.664227428	836.8412679457507	-0.213482686225916	700303.3077370517	0.0455748573182329	840.9868689355652	668.6282057144786	1.096159	24.732765	0.0988162878582744	0.0482880452133481	-0.1206439636	0.0078056406	0.0492304506	0.1228319853	0.0445820132	-0.0682568175	0.099352089	-0.10269349	-0.1173254599	0.0612006582	0.0516643051	-0.1472656758	-0.0589246211	-0.114002073	-0.050020049	0.0456349218	0.0137674431	0.1414949896	0.0804424379	-0.1076431287	-0.0629825064	-0.0214810046	-0.0099590025	0.1147937359	0.0808543125	0.0800954145	-0.0261192704	-0.1268612835	0.0051600022	-0.0845972202	-0.1586845256	-0.0939492087	-0.0525500522	-0.0096641195	-0.0288624764	-0.1290554871	-0.0857557267	0.0108350602	-0.0443141687	-0.0702827065	-0.0901788986	-0.0596604145	-0.0040938384	0.1428128335	-0.025540377	-0.1209780397	-0.0174821348	0.1423815889	0.0233471721	-0.1052519294	-0.0387405322	0.0355432864	0.031586738	-0.0141703685	-0.0110513721	-0.0260011482	0.0405981194	0.0635968301	-0.104826568	-0.1135489631	0.0775371064	0.048792348	0.0497408334	-0.0015185104	-0.0858899895	-0.0453771917	0.0524584554	0.1469619782	0.1097804553	0.0663508257	-0.0545446179	-0.0604882852	-0.0295363351	0.0899994776	-0.0660928996	0.0905412043	-0.0261718542	0.0076753856	-0.1749266639	-0.1647155528	-0.1296178359	-0.0794753692	-0.0350423623	0.0974285605	0.0658893669	-0.0235776524	0.1323293586	-0.0332360445	-0.0078283914	-0.0424190257	-0.076519832	0.1542202476	0.0475535244	-0.0519428624	0.129047642	-0.1912874018	-0.066137349	0.0494755795	-0.0088508147	-0.1926875505	-0.0516109176	-0.0482358343	0.0991828892	0.0220970846	0.075613436	-0.0404831439	0.0248761213	-0.05300934	-0.0512470779	0.0612451625	-0.0329800314	0.0740774778	0.0069502196	-0.050622728	-0.0082990061	0.0216311538	-0.0635478753	-0.1853295604	0.0104118066	0.0822613287	-0.0540487397	-0.0838433825	0.1242524367	-0.0201956026	0.0618674837039918	0.0132332682617857	0.0001751193888883	0.0038275855398636	0.123291577535312	-0.0160421429043964	0.0152008130911458	0.000257350348965	-0.1986178889025893	0.0058499192009122	3.422155465720235e-05	0.0394490657921213	0.00198383949798	0.0003696500470771	1.366411573041023e-07	3.9356191537455385e-06	0.0028029998895398	0.0001560220804099	2.4342889575464466e-08	7.85680838076013e-06	-0.0020217858968056	-0.0007481470223365	5.597239670309719e-07	4.087618212522025e-06	0.0	0.0
899.8100060472643	-1.79821645347306	3.23358241354123	809658.0469827779	962.3923571717504	-7.338360206753578	53.85153052406441	926199.049142598	836.4536898025614	-0.3875781431893301	699654.7751843196	0.1502168170780889	840.9101890472967	668.8522260080283	1.150822	25.966125	0.0490773335286779	0.0232647951449418	0.0437885637	0.1307274197	0.0193864856	0.0769322782	-0.187330026	-0.1046790133	0.0791115242	0.0069048643	-0.070258724	-0.1064490258	-0.0206201757	-0.0562848926	-0.0780424714	-0.0839470291	-0.0390913788	-0.074632484	0.1198507495	-0.0502254743	-0.0138938697	-0.1168285376	-0.0995399254	-0.0377622346	0.2309262541	-0.0279121885	0.017643537	-0.1159871082	0.0283728457	-0.0037152927	-0.1231850198	-0.1164137977	-0.1159312631	0.0702472176	0.0085049281	-0.0365702856	0.0616628379	0.1337061761	0.0769868403	-0.1700090249	0.0616534324	-0.0579868205	-0.0611031483	-0.0867184825	-0.0172516948	0.2871795703	0.0969236814	0.0386464777	-0.1525926714	0.0709152775	-0.0120730736	-0.0541158591	0.0874439966	0.1640747955	0.0019489056	-0.0320040792	0.1671116884	0.0918320612	0.0012004426	-0.1172241848	-0.0502446674	0.0513982037	0.1115703938	-0.031424002	-0.1838830809	0.0457742006	-0.0535946663	0.0546405333	-0.1660428902	0.1235700535	0.1913226426	-0.0730415289	0.0320319267	-0.0985676905	-0.0175653975	0.0655937388	-0.0007167467	-0.0287210356	0.0685800256	-0.1827053398	-0.0701770518	-0.0318836313	0.0846176242	0.0486882875	-0.0050307457	-0.0510525624	0.0338725649	-0.1852975781	0.0355131916	-0.116253871	0.083624267	-0.1171938353	0.0911039671	0.0046382018	-0.0909814035	0.0838957968	0.1713147516	-0.0723638177	-0.0124738641	0.0495580805	-0.0887324523	-0.1149656534	0.0417647817	0.1094693555	-0.0288431968	0.1475831919	0.0634729119	-0.0541237132	0.0170538278	-0.0257021428	-0.0162412486	-0.1331621676	0.0242453959	0.0291198395	0.0478082444	0.0788367367	-0.0817934953	0.0453898329	-0.0046852417	-0.0533432213	-0.1105980036	-0.028573617	-0.0570992244	-0.0785907625	0.1266188352	-0.033413395	0.0586912792285829	-0.0031762044754089	1.0088274869607536e-05	0.0034446662574874	0.1369760657736805	0.0136844882383684	0.0187624425948356	0.000187265218346	-0.1988623330225749	-0.0002444441199855	5.975292779552824e-08	0.0395462274951814	0.0022068622855165	0.0002230227875365	4.9739163760550925e-08	4.870241147235111e-06	0.00259100031581	-0.0002119995737297	4.494381926161683e-08	6.71328263652752e-06	-0.0018173643241736	0.000204421572632	4.178817935734012e-08	3.302813086778966e-06	0.0	0.0
900.5438705314386	0.7338644841743189	0.5385570811324392	810979.2627517445	959.3410913803998	-3.051265791350602	9.310222929466414	920335.3296109366	836.5899791843843	0.1362893818229622	699882.7932717286	0.0185747955976851	839.9998107546168	661.3584072051889	1.163123	26.243671	0.062770224937583	0.0310608736048264	0.0540922854	-0.1208750308	-0.0362722573	0.0065852698	-0.1202506227	-0.1638686931	-0.003848697	-0.1318632464	0.1115951329	0.0924198509	-0.0689424613	0.053826439	-0.098022079	-0.1236200515	0.029815339	-0.0520996475	-0.1156335997	-0.0239103273	0.0817059111	0.0134280506	-0.1235477466	-0.0263383562	0.239472767	0.0490853036	-0.0312890324	0.0565706138	0.0094121032	0.0483460714	-0.0716797194	0.0396870259	0.0894358471	-0.1297095418	0.197353294	-0.0701371401	-0.0594233533	-0.0916226176	-0.0279152734	0.0927099861	-0.0325293761	-0.0028500523	-0.1484678659	-0.1571424521	-0.0508125509	-0.0178398654	-0.0394878977	-0.0531057287	-0.1646823812	-0.2524712404	-0.0389601177	-0.1084837955	-0.0520359574	0.0051503549	0.1480234229	0.1261954496	0.0038145613	0.0892955264	0.0101028993	0.0665279741	0.1170202913	-0.0318780404	0.081306506	0.0116584181	-0.2096429813	-0.0826103463	0.0918974822	0.1238091419	0.0055991517	-0.0112665757	-0.0515989829	-0.0286884464	-0.023188191	0.0340514772	-0.0115996009	0.0283956217	-0.207470155	0.1477303999	0.0946584792	-0.0437800181	0.0776637185	-0.0475219145	-0.1345841052	0.0832725213	-0.1975066563	0.0294648653	0.096537906	0.1589982723	0.0757805445	-0.2000624106	0.0402069242	0.0848038476	0.0243892134	-0.1115148565	0.0178586781	-0.0393473744	-0.1131610711	-0.0936524626	-0.0421036284	0.0400659529	-0.093810701	-0.034512466	-0.0745146183	0.1110301168	0.0984888522	-0.0210495589	0.0448023709	-0.0212576008	-0.0015670267	-0.0212415579	0.0547844311	-0.1497600172	-0.0456725196	0.0647514387	0.0409200552	0.0240951057	0.0756903768	-0.0421350827	0.0010508886	0.0372336425	0.1183216388	0.0721909015	-0.0601105761	-0.0731227308	0.1282045865	-0.0462651033	0.0801902596174386	0.0214989803888557	0.0004622061577604	0.0064304777375122	0.1429348018218093	0.0059587360481287	0.0204303575718398	3.550653529126961e-05	-0.2157517689048234	-0.0168894358822485	0.0002852530444205	0.0465488257855603	0.0023171298850449	0.0001102675995283	1.2158943505755566e-08	5.369090904168192e-06	0.0027818286335234	0.0001908283177133	3.641544684132632e-08	7.738570546290667e-06	-0.0018847298592988	-6.736553512520001e-05	4.538115322704557e-09	3.5522066425324744e-06	0.0	0.0
900.3386815317436	-0.2051889996949967	0.0421025255958333	810609.7414623185	965.2860734228994	5.944982042499646	35.34281148564326	931777.2035441992	835.3942961029659	-1.1956830814184514	697883.6299613698	1.429658031190323	839.8289654307297	667.8014246779511	1.185319	26.744488	0.086849035515971	0.0426448978926254	-0.1499573213	0.041710009	0.0418516071	0.1128189236	-0.0283494932	-0.0845824471	-0.0197446036	-0.0959918844	-0.1339576624	0.0378734379	0.0332834826	0.1303078112	-0.0975055375	0.0037573342	0.0929424235	-0.0145607796	0.0214980429	0.12177015	-0.0785327916	0.0005303844	-0.1770141054	0.0778184517	-0.0330604695	-0.0402779059	0.007518555	0.020304258	0.0528025545	0.0086197379	-0.1639088593	-0.0551319991	0.1095942698	-0.0083773016	-0.0949856862	0.00867384	0.0914373119	-0.1705495905	-0.02118336	-0.0366646191	0.146431878	0.0950672136	0.0120454257	0.1540892484	0.0741217902	-0.080070679	-0.0062576484	-0.0237707931	-0.018276544	-0.037497772	-0.2130698943	0.0123208156	0.0712821107	-0.0826788926	-0.0385340709	0.054977196	-0.109009236	-0.1029324646	0.0754672264	0.0521945554	-0.1341816978	0.0818580649	0.0694118135	0.0832812608	-0.0230366535	0.0394668825	-0.0496121144	-0.0257375328	-0.0158934626	-0.0034823774	-0.0971595424	-0.0949217083	-0.0917530055	0.0216627836	-0.0739288713	-0.1926234129	-0.0741891183	-0.0544548526	-0.0480002785	0.1080209289	0.0146534399	-0.0070459379	-0.0329292655	0.0367896217	-0.1624948101	0.0127859608	-0.0398641818	0.0559700798	-0.0250211439	0.2461209189	0.13879375	-0.0183893146	0.0892845053	-0.0534526109	-0.1060025547	0.054568291	-0.0344413807	0.1117359078	-0.143234027	-0.013185094	0.0409911655	-0.1293645691	0.0300623245	0.0532728984	0.0104600761	-0.0112037574	0.1207186407	0.0339710312	-0.0064739954	-0.1008269862	-0.0241114883	-0.0632035579	-0.0894346091	0.0519401604	0.0300776262	0.0682829556	0.08541147	-0.1604395778	0.0997087474	-0.0155514094	0.0309123079	-0.0587089938	-0.063080731	-0.0674542747	0.1289999139	-0.0586099215	0.0996208952917356	0.0194306356742969	0.0003775496027072	0.0099243227787269	0.1591275816272883	0.016192779805479	0.0253215872345493	0.0002622061178287	-0.2159164255232184	-0.000164656618395	2.711180198128156e-08	0.0466199028107235	0.0017840615627752	-0.0005330683222697	2.841618362074329e-07	3.1828756597718884e-06	0.0025920908463086	-0.0001897377872148	3.6000427897168733e-08	6.718934955516834e-06	-0.0015863167004273	0.0002984131588714	8.905041338766704e-08	2.5164006740545564e-06	0.0	0.0
900.594306794942	0.2556252631983398	0.0653442751852204	811070.105431462	959.0577901204427	-6.228283302456703	38.79151289566097	919791.8447907072	835.9730395891809	0.5787434862149894	698850.9229199742	0.3349440228362796	839.4898052514909	665.2542538154875	1.208827	27.2749	0.0676170964928362	0.0361088113122277	0.1144102682	0.045844121	0.0274907352	0.1471091769	0.1440083318	-0.0177847806	-0.0297157932	0.0388804394	0.0839639816	-0.1633649539	0.0699483715	0.0356238068	-0.0074477773	-0.0314163194	0.0516440955	0.1847472477	0.0487011179	-0.1495748753	0.0149485443	-0.0493796077	-0.1046233804	-0.0248530021	0.0138217675	0.0341621202	0.1046237279	0.029924985	-0.1651231289	-0.0356794486	0.1237379338	0.0393188676	0.0146219907	0.0629976736	0.0829977721	6.82225e-05	0.0593933312	0.0088497094	-0.1691466527	0.0744978067	-0.0174469162	0.1318663627	0.0370241452	0.0643253394	-0.0158705598	0.0218384511	-0.102102398	-0.0512745468	-0.0912145225	0.0495056563	-0.0710988149	-0.1634832617	0.0283831969	-0.2127095489	0.0921302515	-0.0628966683	-0.0244428866	-0.1029436436	-0.150404253	-0.1147567094	0.0913330171	0.0193582992	0.0848935821	0.0736874533	0.0372710989	0.0373621294	-0.0595397709	0.0132521167	0.0625921775	0.0575459774	-0.0086186288	0.0526646166	0.0473525124	0.0604732634	0.174632869	0.0208174868	0.0737162656	0.0385428601	-0.019800491	0.1335655107	0.017666651	-0.0260262745	0.0136432582	-0.0895216849	-0.1442397899	0.084724992	0.1423345043	0.0180496542	0.1492004811	-0.0253212036	-0.0887161806	0.0713579815	0.0237864179	0.0109045157	-0.1147397194	-0.1261112287	-0.1010647851	0.1610560979	-0.000295046	-0.0030122886	-0.1259536569	0.056434099	-0.0053458647	0.048068733	0.0125213168	0.0670735347	0.1098238904	0.0099133091	-0.0342831975	-0.0931666218	0.0129314839	0.0116600749	-0.0581187951	0.0083483488	-0.1322378982	-0.0031350896	0.0177808207	-0.0504539435	-0.0379011417	-0.024064737	0.0839263037	0.0640842156	-0.0660076536	-0.0616009311	0.1289999139	-0.0703125971	0.097470322423689	-0.0021505728680465	4.624963660778163e-06	0.0095004637533778	0.1427895395079161	-0.0163380421193722	0.0203888525928827	0.0002669316202943	-0.186294474475261	0.0296219510479573	0.0008774599838875	0.0347056312200136	0.0019250040965804	0.0001409425338052	1.986479783542999e-08	3.7056407718513214e-06	0.0024134148072529	-0.0001786760390557	3.192512693263406e-08	5.824571031867552e-06	-0.0016568287367156	-7.051203628829984e-05	4.971947261522514e-09	2.745081462806611e-06	0.0	0.0
900.4207788690453	-0.1735279258966784	0.0301119410660031	810757.5790191382	958.5984526989508	-0.4593374214919095	0.2109908667828361	918910.9935168228	836.0579578576499	0.0849182684689822	698992.9088971039	0.0072111123197701	839.9555316836446	670.1180120390528	1.145119	25.83746	0.0599146818587018	0.0298582429259447	-0.0748136006	-0.1131256577	-0.0481020715	0.1199960143	-0.0863403097	0.0348459912	-0.1187021817	0.1582850216	-0.0121941273	0.1040213269	0.0047139611	0.0922439622	0.0527890549	0.0016492991	0.05093248	0.0990365361	-0.0839471613	0.113401352	-0.0150985339	-0.0405200937	-0.07152572	-0.0477224978	-0.118066523	-0.1205634924	0.0861657318	0.0813169886	-0.0941335912	0.110687486	0.0143857956	-0.0934382839	0.0641734096	0.0402496255	0.0891812569	-0.0369093695	0.1391476853	-0.0931002797	-0.0623646291	-0.0006287565	-0.1050153875	-0.0564476427	0.0992135985	0.0151977771	-0.0756632167	-0.0142433919	-0.0050349724	-0.0132507678	0.1549964682	0.1222039666	-0.0582933268	0.0218475316	0.0346182308	-0.0106381742	0.1637952742	-0.1333836838	0.0888043223	0.1659785416	0.0254849943	0.1270264913	-0.017048593	0.0535141433	0.0234561112	0.0127132863	0.0400436059	0.0664693279	-0.0359003645	0.0214350414	0.0267670315	-0.0174755068	0.1062147182	-0.0657620345	0.124870057	0.1953938606	-0.0053750256	0.0537123998	-0.0619107396	0.06863055	-0.0984243898	0.1851143086	-0.0057745507	-0.0879165118	0.0328429275	-0.0321742267	0.0910898521	0.0353673756	-0.0298763861	-0.1479166189	0.1309470023	0.1056319785	-0.0204540344	0.0205884197	-0.024904799	0.0558966276	-0.2083421583	-0.0242936486	-0.0738816353	0.0805604513	-0.0644731326	-0.1048882574	-0.0325822379	-0.0748449727	-0.0897026265	0.0560066109	0.095588313	-0.0303338026	0.0857428175	0.0284635907	-0.0637362489	-0.1137412277	-0.0590302662	0.0505838257	0.0649123233	0.0064669651	-0.0876118038	0.1103352262	-0.0830257902	-0.0524075205	0.0201939927	-0.0002091534	0.047571019	0.0312084996	-0.0688893378	-0.0555787436	0.1282045865	-0.0812449131	0.0838193737071009	-0.0136509487165881	0.0001863484008629	0.0070256874086506	0.1454652581914501	0.002675718683534	0.0211601413407052	7.159470473412927e-06	-0.1943502068785108	-0.0080557324032497	6.489482455276842e-05	0.0377720029137199	0.0019759252375073	5.092114092690014e-05	2.592962593297224e-09	3.904280544218281e-06	0.0019640751969027	-0.0004493396103502	2.019060854296696e-07	3.85759137908838e-06	-0.0014464438468861	0.0002103848898294	4.4261801868570814e-08	2.09219980219466e-06	0.0	0.0
900.868494611074	0.447715742028663	0.2004493856602763	811564.0445828226	961.8724975585938	3.2740448596429133	10.719369742954184	925198.7015596068	836.8845312863785	0.8265734287286932	700375.7187064216	0.6832236330803081	840.92342858994	663.8981897328256	1.097093	24.753834	0.0613454669612959	0.0397734126190261	-0.0321415101	0.1190132311	-0.0755481303	-0.0365284486	-0.0515217201	0.0261700115	-0.0275352365	-0.036975923	-0.0996393763	-0.0611789406	0.0099158314	0.0188469305	0.0495043261	0.087489213	0.0369755323	-0.0495146964	0.1478073519	0.048229802	-0.0041023649	0.0225258423	0.0571560148	0.0311289005	0.1578954583	-0.0707979598	0.036778323	-0.0602894236	-0.1231464359	-0.0366912835	0.1376524401	-0.0371649992	-0.1025057381	0.0700035121	-0.0644923259	-0.1278960564	0.0011408918	-0.0574524187	0.0154922361	-0.0092469664	-0.093090165	0.0368357915	0.1050369321	-0.0742196743	-0.0261774761	-0.1503016382	-0.0444583366	0.1636687933	0.1008456639	0.065648862	-0.1619150165	0.0217311069	-0.0034104429	0.1219209859	-0.0400856273	-0.0226525179	-0.0063755432	0.0282008789	0.0021572196	-0.0899042472	-0.1062195303	-0.0037314032	-0.0208726694	-0.1043001614	-0.0496978036	0.1229971364	0.0665348671	0.065787651	0.0035184195	0.0326364138	0.0309168734	0.078992557	0.0753999866	-0.0342856566	0.1464404265	0.1965682351	0.1174176622	0.0895615802	0.0315628199	0.2103312243	-0.0638203516	0.0249843013	-0.0362604	-0.0032098802	0.1131169371	-0.0397720905	-0.0440393664	-0.0860800989	-0.0640162064	0.1309385215	0.1273043368	-0.0022577076	-0.0172017596	0.0335296494	0.0150349329	0.0077005258	0.0158748195	-0.0241700192	0.0568802792	-0.1119401915	-0.0407309387	-0.0920352681	0.1070224962	0.0098033552	-0.0363114545	0.1091541694	0.1079354655	0.0448316137	-0.1041969438	-0.0933571303	0.0373199464	-0.0884392869	0.1070251173	0.1183634813	-0.0967444974	0.0301670399	-0.140135186	-0.019767614	0.0917339118	-0.0234829985	0.116840129	0.1228461525	-0.0717238087	-0.0494042187	0.1266188352	-0.0912870929	0.0836983176971983	-0.0001210560099026	1.4654557533538608e-08	0.0070054083853411	0.1427885065004233	-0.0026767516910267	0.0203885575886214	7.164999615414814e-06	-0.1560934965670242	0.0382567103114865	0.001463575883857	0.0243651796705195	0.0021889198958691	0.0002129946583617	4.5366724490659786e-08	4.791370310531592e-06	0.0018498363860479	-0.0001142388108547	1.3050505905518769e-08	3.421894655146755e-06	-0.0015250293566471	-7.858550976100006e-05	6.175682344396236e-09	2.325714538635468e-06	0.0	0.0
899.7785654985443	-1.0899291125297168	1.187945470339816	809601.466930618	959.6622633092544	-2.2102342493393508	4.885135436952683	920951.6596198408	835.7567191723956	-1.127812113982941	698489.2936418066	1.27196016444667	839.5322880861673	665.6495854228405	1.086818	24.52199	0.0685728976919932	0.0386354975851315	0.1190722735	-0.0092807774	-0.0130556463	0.0121844692	0.0842091602	-0.0131124177	-0.0366271783	-0.0234217677	0.0969491767	-0.0804261896	0.0102970148	0.0003677273	0.0283019772	0.0621250423	0.0598026319	0.2361226104	0.0096296358	-0.0563083319	-0.1041826879	0.030127999	0.2101164766	0.0465756592	0.014764498	-0.0975466498	0.0994217006	-0.1054368129	-0.0757449417	-0.0641935611	0.1797732581	0.1151225418	0.090356434	-0.0697784333	0.0946894219	0.0246038959	-0.0642459013	-0.0716721311	-0.0911016957	0.0638911801	-0.0593716844	-0.0036659763	0.0919321564	0.1125232851	-0.0885849275	0.1140253264	-0.0297251105	0.1041107367	0.0197092256	0.0525358488	0.058652074	-0.0928436554	0.0778920681	-0.0978618085	-0.0166182324	0.0275061519	-0.1705349903	-0.0289926108	0.0008624649	-0.0601478649	0.0857939359	0.0249202055	-0.0341398446	-0.1341905819	0.1083211327	0.0974345142	0.1739402135	-0.0216233463	-0.033994252	-0.0082325143	-0.1719391702	0.1819240782	-0.02560108	0.0656639888	0.1537263945	0.0331058455	0.1091792915	0.1030097574	-0.0395713653	0.026331735	0.0564104158	0.0984556174	-0.0412142008	-0.0727084949	0.0626080854	0.0814628406	-0.0659329132	-0.0425257605	-0.0026331525	-0.0953685284	-0.0932768164	-0.0527133066	0.0033130122	0.1120967805	-0.0007673279	0.0334499965	-0.1446589736	0.0497968321	0.1549778848	-0.1734245152	-0.1402025034	0.0350150239	0.0372640954	-0.0032268127	-0.0073639421	0.0603384534	0.0191281281	0.1095790968	-0.1511566409	-0.0759490694	-0.1359288234	0.1171196084	-0.0348591487	-0.0832215047	0.110817179	0.0474349179	-0.0506503465	0.0559287058	0.1391564699	0.0244311752	0.0174749989	-0.1200445167	-0.0745091236	-0.0430942802	0.1242524367	-0.1003291122	0.0749044311335325	-0.0087938865636657	7.733244089462181e-05	0.0056106738034381	0.142539705442914	-0.0002488010575092	0.0203175676277526	6.190196621774393e-08	-0.1231945437014161	0.0328989528656081	0.0010823410996535	0.0151768955978001	0.0021131617455261	-7.575815034299976e-05	5.739297343392554e-09	4.465452562754914e-06	0.0019647513117495	0.0001149149257016	1.3205440149004308e-08	3.860247717021382e-06	-0.0011830772885875	0.0003419520680596	1.1693121685023733e-07	1.399671870771551e-06	0.0	0.0
901.5564526567724	1.777887158228168	3.1608827473926318	812804.0373270632	959.3268284517176	-0.3354348575368249	0.11251654365075	920307.9637872312	835.8927539042289	0.1360347318333197	698716.6960295958	0.0185054482649632	839.4130269809108	662.7340204777465	1.071813	24.183428	0.1612091532210668	0.0811064082504749	0.0728140498	-0.0999099436	-0.0871443482	0.0856843356	0.1799538909	0.1088850789	-0.0663523096	0.0848324596	0.0923495786	0.0194009945	0.014385344	-0.1606165417	0.0494497043	0.0396804371	0.0188849353	0.0787061358	-0.0871154133	-0.1128615595	0.025206434	0.0219761523	0.0608697187	-0.040922839	-0.111843732	-0.1448680579	0.1615190968	0.0529551394	-0.0478710093	-0.0040466315	-0.016483518	-0.0814047519	0.2217921212	-0.0885303743	0.0662185294	0.057100839	-0.0412387183	-0.0236306265	-0.0129258226	0.0169306983	-0.1296992932	0.0079286377	-0.0335497833	-0.1071646581	0.165999	-0.0502031467	0.0388106135	0.000531808	0.0805130885	-0.0374745779	0.1204627922	0.1292392115	-0.062208178	0.0734872675	0.0384107482	-0.1151369915	0.0472684554	-0.1367247248	-0.0369025803	0.026828546	0.103411397	-0.0004349406	-0.0336048417	0.0630975773	0.148951577	0.2088635779	0.0458511617	0.0263858564	0.124128709	-0.1126150881	0.1399823065	0.0308646356	0.0511911956	0.1545989345	0.0065565072	0.0094201689	-0.1668991718	0.0722300257	0.0168405415	-0.0821419854	0.1322921997	0.0066373793	-0.0137648471	0.0351527189	0.0728175711	-0.0565617852	0.0575149276	-0.0347213444	-0.0704305085	0.1001585561	-0.1334655619	-0.0473319169	0.1085324829	-0.0104237272	0.053296811	-0.0481263904	0.0048120087	-0.0472400034	-0.0935019236	-0.220094404	-0.1687459657	0.124561232	-0.0896637394	-0.0826496605	-0.0565761706	-0.014988191	-0.0589529094	0.0196450358	-0.1286337544	-0.1292683214	-0.307504265	0.1633054338	-0.256840258	-0.1582026452	0.0541827987	0.0256419677	-0.0396240245	0.0533705286	0.1075605943	0.2401515906	-0.0735509531	0.0251178675	-0.0772433738	-0.0366662233	0.1211199807	-0.1082719048	0.0707737806032469	-0.0041306505302855	1.706227380334865e-05	0.0050089280208765	0.1332203281892106	-0.0093193772537034	0.0177476558428409	8.68507923968445e-05	-0.1770097192752189	-0.0538151755738028	0.0028960731220392	0.0313324407178918	0.0011321339452597	-0.0009810278002664	9.62415544895532e-07	1.2817272700092932e-06	0.0011028518179605	-0.000861899493789	7.428707373937346e-07	1.21628213237878e-06	-0.0011471255853774	3.595170321010017e-05	1.292524963707127e-09	1.3158971086274425e-06	0.0	0.0
901.891596296604	0.3351436398315854	0.1123212593195634	813408.4514704365	966.0031733793372	6.6763449276196525	44.57358159255266	933162.1309789498	836.6224173236367	0.7296634194077569	699937.0691684453	0.5324087056218202	841.2384609742054	673.9735208880593	1.149869	25.944628	0.1297425548217785	0.0526479170441048	-0.0572824313	-0.1036435392	-0.12555641	-0.0318795139	0.0149851249	0.1797587623	0.0730521646	-0.0035073728	-0.0242730664	0.1089017981	-0.0802311519	0.0349215262	-0.0121027396	-0.0282382285	-0.0786583266	0.0946515449	-0.0936151354	0.0785673518	0.0073585374	0.092603703	0.1499805717	-0.1112424082	0.0208358108	0.0284958257	0.0777580627	0.0214140173	0.0041551716	-0.0723311477	0.0117691621	0.13749151	-0.0151956663	0.0398899856	0.0156363085	0.0779491708	-0.013718198	-0.0170783131	-0.0438948588	-0.1666023417	0.0355899123	0.0853741155	-0.0144496536	-0.019286878	0.0421989365	-0.0826358545	-0.0396440487	0.0737647485	0.1383219457	0.1330956634	-0.0015347583	-0.1448171097	0.0277006652	0.0516134429	-0.0382673477	0.1893941178	0.151266969	-0.0134673568	0.0922466442	0.1265585887	0.006504257	0.0352554416	-0.1151745068	0.0237469483	0.0467350486	-0.0430995741	0.15883338	0.0993484067	0.0058605717	0.0760439258	0.0567617014	0.0901483446	-0.0243511853	-0.0039073165	0.0663384209	-0.0589250806	0.1613254973	0.005861392	-0.0474459794	0.0765776044	0.0971950183	-0.0995063416	0.0104284688	0.0249138528	0.0708290889	0.0406621991	0.0538200124	-0.0935191715	0.0334304233	0.1622896928	0.130193456	0.0391937603	-0.1582702364	0.0887558596	0.1876339529	-0.0750898727	0.0403018421	-0.2459010171	0.0220592195	-0.1972470422	-0.077130173	0.0454904964	0.0040722327	-0.1512255283	0.0939957835	-0.0543793853	-0.0213592041	0.0329626324	-0.0243094348	-0.0372429227	0.0529782905	-0.013232402	0.1407391781	0.006775451	-0.0438258133	0.1537007875	-0.1778980813	-0.131663488	-0.0760157059	-0.0702825894	-0.0035779273	-0.0871868707	-0.0799246852	-0.0301376669	0.1172407796	-0.1150284477	0.0538492377959158	-0.0169245428073311	0.0002864401492371	0.002899740411201	0.15437876534763	0.0211584371584194	0.0238328031902586	0.0004476794629867	-0.1538947201238159	0.023114999151403	0.0005343031857693	0.0236835848819876	0.0015257593605127	0.000393625415253	1.5494096753309673e-07	2.327941626192124e-06	0.0017828538186328	0.0006800020006723	4.6240272091833065e-07	3.178567738613557e-06	-0.0008498614872102	0.0002972640981671	8.836594405915868e-08	7.222645474431329e-07	0.0	0.0
899.2773826693481	-2.6142136272559355	6.834112888930635	808699.8109806331	967.4283516079772	1.425178228639993	2.031132983389428	935917.615494928	835.276019999523	-1.3463973241136955	697686.0295862436	1.81278575438052	839.0181165025882	661.3090936352675	1.361162	30.712042	0.3880835531216883	0.1932459567245542	-0.1265815694	0.0658755531	0.0792195631	0.0185011445	-0.0635873911	-0.0053690425	-0.1677598722	0.1053662507	-0.1614687516	0.0139098827	-0.0399962177	0.0533636281	-0.0863730569	0.1243457611	-0.1071143302	-0.054554335	0.0725762313	0.1101731577	-0.0040776056	-0.126862278	0.0228823587	0.0525768278	-0.1774367308	-0.0495127916	-0.0762752926	-0.0653735594	0.1234558833	0.0070558667	-0.1959874548	0.1351217756	-0.0021740272	-0.1788431187	0.0358374198	-0.0930548855	0.1514058119	0.1336269691	0.0310860212	-0.0988336806	-0.0804765417	0.037046071	-0.1072677753	-0.1327083471	0.041420518	-0.0094131026	0.0468806662	0.0433557602	-0.1901607367	-0.053002306	0.0177283242	-0.0553549179	0.0047701965	0.0383394202	-0.046782185	-0.1001696826	-0.0882098446	-0.0361551034	-0.0502775352	-0.0107407311	-0.1438495825	0.0075557958	0.0763863742	0.029406815	0.0700706138	-0.0582238728	0.0585574652	-0.0680927186	-0.0420306546	-0.2715664059	0.105147568	-0.0450303695	0.0039525283	-0.0658893243	-0.2043426066	0.0163210714	-0.0697936943	-0.1327302536	0.1750554392	0.0011801492	0.0453850157	-0.0208806534	0.2030794584	-0.054467187	-0.0807454783	0.0567692666	0.1572249157	0.0925561254	-0.0197759264	-0.0617476541	0.0351066132	-0.0125764537	0.0509264765	0.0801026092	-0.0344605696	0.0062260178	0.1114649051	-0.1469535611	-0.1379132477	0.0941418341	0.1765538715	-0.1479785552	-0.1354820276	-0.0920383009	-0.184716714	0.0114154314	-0.238799061	-0.128031426	0.1398500292	0.1028136881	-0.1225699809	0.1531023495	-0.3919669579	0.1331871604	-0.1029339763	0.0593708152	0.1595862593	0.0257229561	-0.0715070659	-0.2472210205	-0.0119013071	0.0734600337	-0.0825512202	-0.0235265052	0.1126387502	-0.1205247148	0.0177998997288142	-0.0360493380671016	0.0012995547750761	0.0003168364303558	0.2470919858935474	0.0927132205459173	0.061054449492817	0.0085957412639959	-0.1518064096282216	0.0020883104955942	4.361040726009301e-06	0.0230451860042114	-0.0004787295869273	-0.00200448894744	4.01797594040912e-06	2.291820173995833e-07	0.0042228845928706	0.0024400307742378	5.953750179227519e-06	1.7832754284703895e-05	-0.0015499954457939	-0.0007001339585837	4.901875599620822e-07	2.402485881981831e-06	0.0	0.0
899.4893664579639	0.2119837886158393	0.0449371266359248	809081.1203709493	962.493548972934	-4.934802635043184	24.35227704682915	926393.8318145138	836.5057023155769	1.229682316053868	699741.7900064765	1.5121185984156047	840.3770844866027	662.6913754502001	1.247209	28.140919	0.30914885108426	0.1580300627956535	0.050741269	0.1299320116	0.0325124684	-0.2319958353	-0.1038149579	0.010481335	0.0735853219	0.0450797204	0.0013729353	-0.1065040672	0.0576250107	0.0872046599	-0.0100098927	0.0695020123	0.0247891862	-0.1385703981	0.0982894395	-0.0196523958	0.0644162774	-0.111726258	-0.0916466277	-0.0071453998	-0.0462229124	0.0558675379	-0.1160277828	-0.1207325313	0.1092975413	0.1706647997	0.09168009	-0.0562418099	-0.1170105367	0.0675583479	0.0253268342	0.1794417311	0.064517244	0.2324475456	-0.0100744176	0.1057038152	0.0798784352	-0.0396444949	-0.0377052633	0.0007603217	-0.1055032038	-0.13883347	-0.0247336587	0.065276052	0.0394187665	-0.0152259652	0.1028376789	0.0571738005	-0.1786340614	-0.061942122	-0.0926557996	-0.0514324287	-0.0518031398	-0.0839768787	-0.016559282	-0.118640273	0.0052883459	-0.0553799928	0.0385717296	-0.0195173691	-0.0967990501	-0.1790645425	-0.1811722768	-0.1204397857	-0.2244115567	-0.0703831731	-0.1260392486	-0.1040884385	-0.0025262999	0.0126019116	-0.0623403149	-0.0051328398	0.0580246964	0.0239258948	0.0106787431	-0.0159894811	0.0026784079	-0.0663398016	0.1221619979	0.1206824586	0.1860458056	-0.107704695	0.0006298784	0.1513439872	-0.0719651234	-0.039216653	-0.0602037073	0.203021112	-0.0497490858	-0.1452874488	0.1709421778	-0.0778628193	-0.0857143822	-0.0102599105	0.0278952931	0.1296586412	0.3131996701	0.1855427945	0.0361083294	0.0551468074	-0.1530046583	0.0618443438	-0.0956316036	-0.0464741501	0.0953741799	0.1642196636	0.0992254142	0.0438898167	-0.1467099755	0.0965938253	0.1090357847	-0.0131131864	-0.1935645217	-0.030686812	0.1826809139	0.1044309593	0.0200441175	-0.0786725944	-0.0851211787	-0.016850859	0.1073422654	-0.124700488	0.1136594559941528	0.0958595562653386	0.0091890545273876	0.0129184719368867	0.2714451601255518	0.0243531742320044	0.0736824749555864	0.0005930770951743	-0.165595905389992	-0.0137894957617704	0.0001901501933638	0.0274220038819311	0.0009782924649926	0.0014570220519199	2.1229132597808754e-06	9.570561470612974e-07	0.0046270610875498	0.0004041764946791	1.63358638851165e-07	2.1409694307917537e-05	9.173850410993356e-05	0.0016417339499038	2.695290362266843e-06	8.415953136328297e-09	0.0	0.0
899.7265616961515	0.2371952381876099	0.0562615810188769	809507.8858215788	954.3432567072848	-8.150292265649227	66.42726401550162	910771.0516226664	836.537212169723	0.0315098541461793	699794.5073446922	0.0009928709083134	839.392888751033	658.9904967941867	1.13828	25.683147	0.16322104861973	0.0714261999115893	0.1116996956	-0.0351692284	0.0330690481	-0.1807326385	0.0580706625	-0.0333146722	-0.1300008049	0.1367790351	0.1357000143	-0.0227919843	-0.0074079861	-0.036004959	0.0218607357	0.2986882065	0.0375759211	0.0049116903	-0.0123634983	-0.0679651912	0.1238065555	-0.0627660747	0.0432959545	0.031039798	-0.2136119029	-0.0515193727	-0.104630173	0.0306397351	-0.0428947578	0.0768187124	0.0243773672	0.0732831599	-0.1759577508	-0.0754643511	0.0856085302	0.0819391251	-0.0587208644	-0.0152807306	0.0797060053	0.173499682	-0.0606394426	0.0259747575	-0.0465027167	0.1103336674	0.0489083605	0.0587121199	-0.1723357936	-0.0269871978	0.0623483504	0.0924186294	-0.1350566277	0.0557515312	0.0834002997	0.0090634982	-0.0380584357	-0.0610945837	0.0476117056	0.1413137255	0.0634287231	-0.0255986208	0.1038834934	-0.1397185685	-0.0285700131	-0.0606349945	0.1057087552	0.0068367503	-0.0621205593	-0.0911202324	-0.0196297013	-0.1588464457	-0.0538918675	-0.0076947195	0.0970622696	0.1037144975	-0.1386067342	0.0949422391	0.0453561147	-0.0674266503	0.0364635196	0.0980559669	-0.1379727591	0.0113308232	-0.1294875813	0.0732602925	0.1525333814	0.1500950284	0.0647170798	0.0132360581	0.1476364219	0.062365569	-0.0518401189	-0.0355576224	-0.120564499	-0.0836353083	0.0910795266	-0.0102900999	0.1452424431	0.1340741868	0.1128977945	0.1252418388	0.1824908447	0.1934789653	-0.1022043765	-0.0008157901	-0.0204713091	0.0218004635	-0.1281437433	-0.0416770704	0.010936164	0.1177560521	0.0209264464	0.0825692779	0.1012306195	-0.036909688	-0.0380899432	0.0335087127	-0.0003718505	0.0158208634	-0.0851644694	0.1893598902	0.0692021644	-0.016677847	-0.0876327994	-0.0101290257	0.1013839798	-0.1275100165	0.0817518676362851	-0.0319075883578676	0.0010180941948151	0.0066833678620206	0.2536645344649884	-0.0177806256605634	0.0643456960453392	0.000316150648881	-0.1347480929091347	0.0308478124808573	0.0009515875348541	0.0181570485426487	0.0006788256657438	-0.0002994667992487	8.968036385232105e-08	4.6080428447251333e-07	0.0051872892747244	0.0005602281871745	3.1385562170493854e-07	2.690797001967079e-05	-0.0007022669518755	-0.0007940054559854	6.304446641346362e-07	4.931788716965058e-07	0.0	0.0
900.386888118827	0.6603264226754391	0.4360309844833426	810696.548296305	961.4310528624292	7.0877961551443605	50.236854336879176	924349.6694081592	835.7306531186135	-0.8065590511095024	698445.7245620644	0.6505375029266609	839.8091918887841	671.4750195749003	1.112209	25.094889	0.1282523014380427	0.0679881739405884	-0.0628321483	-0.1167104879	0.0635698528	-0.0287428532	-0.0211165435	-0.084198294	-0.0042666075	0.1513774518	0.0102987292	0.1346432567	0.0329623899	-0.0795930248	-0.0043218749	0.1222858522	0.0630152074	0.0796701188	-0.1333905594	0.0931699787	0.0866328744	-0.0715872607	0.0636619645	0.0675215821	-0.1117907579	0.0430310503	-0.0537641414	0.0964985282	-0.0181415832	0.1572161471	0.1049751288	-0.0670868457	-0.0343236983	-0.0156530293	0.0055318706	-0.08903663	0.0020265425	0.1671332291	0.1480846373	-0.0051662223	0.0321583758	0.0774896108	-0.1199652417	0.0956418849	-0.0370405776	0.1676648437	-0.0589267694	-0.0460711796	-0.0151484653	0.0641674071	-0.0333027261	0.0265326837	0.153433879	-0.1113165964	-0.0428053319	-0.1033166739	-0.0269900071	-0.0174532005	-0.0617128937	0.146661748	0.0155139388	-0.1232731869	0.0322292002	-0.0597061003	0.050282425	-0.0591260984	-0.0798132553	-0.0494593763	-0.0225286936	-0.0001435957	0.0111557967	-0.096754222	-0.0074836831	0.0966120071	0.0047992733	-0.1058291123	0.096923111	0.0231721558	0.2158655015	-0.0071721179	-0.0531168032	-0.0265386728	0.163209571	-0.0526628626	0.0001656311	0.082089595	-0.120387881	-0.0044755627	-0.070745283	0.0164394442	-0.1509659977	-0.0308558488	-0.1255593138	-0.0164342077	-0.0502854785	0.0462899882	0.1650351411	0.1587386939	0.0690276824	0.0626365433	0.1741740656	-0.0056792025	-0.1547495972	0.0515772087	0.0046386508	-0.0819397442	-0.1036224977	0.0399719153	-0.0705248041	0.0626172293	0.0380559562	0.0774666013	0.1077425442	-0.0007936076	-0.0861316943	0.0267426864	-0.0054858192	-0.087757287	-0.1147922641	0.0127027002	-0.0415828462	0.0845206606	-0.090084361	-0.0033794295	0.0948006283	-0.1289225186	0.089049198811935	0.0072973311756499	5.325104228711197e-05	0.0079297598090475	0.2109086162555939	-0.0427559182093944	0.0444824444108493	0.0018280685419284	-0.1328885398368413	0.0018595530722934	3.45793762867585e-06	0.0176593640199677	0.0008177944025547	0.0001389687368109	1.9312309810817197e-08	6.687876848497988e-07	0.0043729964628831	-0.0008142928118412	6.630727834164098e-07	1.912309806438811e-05	-0.0012757953828374	-0.0005735284309619	3.289348611216189e-07	1.627653858869228e-06	0.0	0.0
900.2128215838575	-0.1740665349694836	0.0302991585962824	810383.12414397	963.6431611752978	2.2121083128686223	4.893423187862463	928608.142079921	836.4534863604615	0.7228332418479795	699654.4348445708	0.5224878955204596	840.3610822985327	667.6143953532679	1.026478	23.160534	0.0465540627392583	0.0289644947461705	-0.1497832795	0.0244994124	0.0371770942	-0.1153807701	0.0099422483	-0.0971685433	0.0276358938	0.107120857	-0.121641049	0.0819457057	0.0085701966	-0.1015775395	0.0736578101	0.0754999212	0.0853159674	0.0865962287	0.0476797607	0.1344017064	-0.0020555345	-0.0101386851	0.054074069	0.1741411006	-0.0699263789	0.080247179	-0.0031668283	-0.0522613394	0.0260453849	0.0814465017	0.0595311284	-0.0334222253	0.0745379842	-0.004139438	-0.0661505395	0.055615702	0.0048232883	0.0652488074	-0.0773824643	0.0419548065	-0.0691542638	0.0297156354	-0.0467234853	0.0274265424	-0.1032028841	-0.0472175756	0.0026049207	0.0072553698	0.0149511202	-0.1307411667	0.062224867	0.1057052176	0.2257286154	0.1617965177	-0.2356077931	0.0826133271	0.0259202921	0.0845467578	-0.1612160246	0.0601472802	-0.1427756542	-0.0697403306	-0.0073495504	-0.0919432535	0.0812387224	0.0248254486	-0.0261617631	-0.1494092909	0.0022661878	0.0180788407	-0.0651273841	-0.1077739969	-0.0852526727	-0.0486626876	0.0006411781	-0.0961709099	-0.0178931377	0.1001041996	-0.068671484	0.0924263753	0.064179936	0.1566576423	0.0419957856	0.0138396386	0.1122100986	0.0706447344	-0.0141047029	0.0854524459	-0.0038047334	-0.1207308699	-0.2153611825	-0.1325659426	-0.1229885427	0.0094611815	-0.0448536319	0.1681969702	0.0923629577	-0.1744797338	0.1091206809	-0.0027207557	0.2288540702	-0.0664448394	0.0195084045	-0.0280409867	-0.0392938312	-0.0237809778	-0.0611335705	0.0593890138	-0.0276759021	0.0275887275	-0.0070678623	-0.0166774722	0.089089027	-0.121840119	0.0605520745	0.0880426354	0.0801474009	-0.1379789063	-0.0329131572	-0.0088977211	-0.0935386752	-0.10208445	-0.0924741833	0.0033794295	0.0876327994	-0.1289225186	0.0713237440457277	-0.0177254547662073	0.0003141917466688	0.0050870764647004	0.2111307467270222	0.0002221304714283	0.0445761922135099	4.934194633695885e-08	-0.1109662487943836	0.0219222910424576	0.0004805868445502	0.012313508371497	0.0007911687083583	-2.6625694196399973e-05	7.089275914402071e-10	6.259479250853408e-07	0.0043040259923805	-6.897047050260022e-05	4.756925801350047e-09	1.852463974308695e-05	-0.0012377078183531	3.808756448430003e-05	1.4506625683457131e-09	1.53192064361239e-06	0.0	0.0
900.1619659626522	-0.0508556212053008	0.002586294208177	810291.564965747	963.94075087005	0.2975896947522187	0.0885596264227187	929181.7711879158	835.8064816708596	-0.6470046896018857	698572.4748030211	0.4186150683668325	839.598677966255	672.7686509909671	1.07616	24.281521	0.0549801847533039	0.0277746376273186	-0.0260331895	0.1352201473	-0.020541698	-0.0811778947	-0.043709868	0.0420826558	-0.0572897004	0.1085007175	-0.0893350364	-0.0897761913	0.0228536068	-0.0371857989	-0.0548599142	0.0766172692	-0.0485437359	-0.1004836511	0.12991141	0.0152048638	-0.05426235	-0.0578809121	-0.0332837814	-0.0734784361	0.0238461694	-0.0253938304	-0.0585293377	-0.1572753395	0.0780415706	0.1352445377	0.0990686493	-0.0129287109	0.1446626904	0.0111044228	-0.0263229735	-0.0877201067	-0.0830897979	-0.085473965	0.1041442945	0.096678745	-0.1197706538	-0.0958971054	-0.0685204277	0.112049275	0.0394226346	-0.1149873607	-0.0208446976	0.2853880808	-0.1613320288	0.0154439252	0.2368553691	0.0034547669	-0.0924023189	-0.035186589	0.0466864181	-0.0303975899	0.0267906166	-0.0029400033	0.2482319989	-0.1091824095	-0.0834892906	0.0195650114	0.0289798939	-0.0604206696	-0.0196677523	0.0012519972	-0.0018944549	-0.0033708343	-0.1505688554	-0.1675446694	0.0266330142	-0.097839655	0.0666862793	0.115204062	0.2171950006	0.0460340186	0.0134862306	0.0601300432	0.0309056533	-0.1330548436	0.0391087451	0.1246963468	-0.0585974971	0.0748650417	-0.0589619694	0.1625165414	-0.0279757087	0.0959197227	-0.2317323812	0.0215157048	0.0097648709	0.122657015	0.1547986238	0.1292892503	0.0118148618	-0.0429929546	-0.0853255319	-0.0502891766	0.1054839548	0.010434908	0.211039141	0.0334985905	0.0004866669	0.0283519435	-0.146527644	0.022264364	-0.0450606397	0.0393333187	-0.1249381165	-0.031465429	0.0487452675	0.1146014699	0.1385711903	-0.0116902294	-0.0521710011	-0.0640653051	0.0068843849	-0.023016395	-0.0169318339	0.0609644654	-0.0678891336	0.0947727031	-0.0948006283	0.0101290257	0.0799246852	-0.1275100165	0.091349554760896	0.0200258107151683	0.0004010330947997	0.0083447411550139	0.2220911021396432	0.0109603554126209	0.0493244576496014	0.0001201293907709	-0.1111802755093833	-0.0002140267149996	4.580743473355874e-08	0.0123610536623423	0.0007212300657144	-6.993864264390008e-05	4.8914137348711595e-09	5.201728076903977e-07	0.004031114355762	-0.0002729116366184	7.448076140178814e-08	1.6249882949230487e-05	-0.0011049582594052	0.0001327495589478	1.7622445400861932e-08	1.2209327550277695e-06	0.0	0.0
902.021688317137	1.859722354484802	3.458567235770496	813643.1261944982	960.770683961756	-3.170066908293961	10.049324203060436	923080.3071603404	836.7049488547622	0.8984671839025395	700075.1714380502	0.8072432805497598	840.6554822329074	662.8509462452993	1.033245	23.313219	0.1118660543699671	0.0557637346056843	0.051128355	0.0770756865	-0.1315458205	-0.1499631625	-0.0702484481	-0.0640434737	0.0828847904	0.0959960426	-0.0123881056	-0.0613627861	-0.0480036265	-0.0241947676	0.0720524181	0.1240058064	0.0882261636	-0.0901695583	0.0724131034	-0.0404465541	0.0462243613	-0.0246888792	0.1166959153	-0.0142686377	0.1224217845	-0.0957578485	-0.11797341	-0.1052083866	-0.0362140685	0.0454978719	-0.05377156	-0.2144140734	0.064107704	0.0492408541	-0.0445187669	-0.0165452834	0.024112296	-0.1465769994	0.1530291442	0.0239367955	0.0174223185	0.0920335562	-0.0899049278	0.0556101226	-0.0440449308	0.1808010884	-0.0595511586	-0.054041683	-0.0406361102	-0.0771983477	0.0355070388	0.0801337829	-0.0201891688	0.0674505753	-0.1059724424	0.1899446714	0.0500026426	-0.1333739591	-0.0688391536	-0.0809050957	-0.0023400638	-0.0643675886	-0.0523679893	-0.2394743363	-0.0527100927	0.113999583	-0.0719798521	0.1296162141	-0.1448671071	0.0222408352	-0.0059274858	0.0491222475	0.0168279401	0.0193200612	0.0607815464	-0.1421567093	-0.0889271219	-0.0353797766	0.0027978639	0.0325664086	0.0453586397	-0.0289394782	-0.0775546321	0.1538010926	-0.0733694283	0.0254032919	-0.1482815506	0.0428655244	0.0434631103	-0.1265535115	-0.019491396	-0.2031622312	0.1402035991	0.0321975138	-0.0758131448	0.1308698425	0.0357216149	-0.001403126	0.0821040171	-0.0296901398	0.0957997184	0.0570510068	0.0426985909	0.0476740585	-0.1505492499	0.0368156925	-0.0894652053	0.0429166826	-0.1041490616	-0.0258912322	-0.0138942338	-0.1406486703	0.1421189569	-0.1305336705	-0.0230567463	0.0964465572	0.1280308588	0.0490097486	-0.0012164026	-0.0128076649	0.0379927472	-0.0541705561	-0.0970621018	0.016850859	0.0717238087	-0.124700488	0.0539355228368947	-0.0374140319240013	0.0013998097848101	0.0029090406236891	0.218490254966909	-0.0036008471727342	0.0477379915155048	1.2966100361387926e-05	-0.1429376610375499	-0.0317573855281666	0.0010085315355846	0.0204311749428855	0.0009879634483087	0.0002667333825943	7.114669739019722e-08	9.760717751940172e-07	0.0037298622367658	-0.0003012521189962	9.075283919970075e-08	1.3911872305251578e-05	-0.001318848552716	-0.0002138902933107	4.5749057572580015e-08	1.7393615050010878e-06	0.0	0.0
902.7628900324196	0.7412017152826138	0.5493799827378889	814980.8356196865	965.4538384979846	4.683154536228585	21.93193641019837	932101.1142704926	837.0692677024184	0.36431884765625	700684.9589318631	0.1327282227575779	841.1395497486716	669.8571540936001	1.006437	22.708361	0.1172486361728133	0.0680192641360779	0.1109054052	0.0471073692	-0.1215884929	0.0684931979	-0.0067968271	-0.0152443404	0.1657266029	0.0974682834	0.0487612909	-0.0909731602	-0.0445602719	-0.0764217443	-0.0127213024	-0.1093472567	0.0280321642	0.0201357538	0.0933753638	-0.0994820082	0.0765635562	0.0567758369	-0.0081696734	0.0912659771	0.0463300107	0.0484901352	0.0994020301	0.0049435833	0.0882027794	-0.0219610431	-0.0359319939	-0.038466679	-0.0474961194	0.0434062261	-0.0286372533	-0.135085972	-0.0205423824	-0.0130932288	-0.0801383052	0.0075944201	0.1036050495	0.1633201439	0.0185740175	-0.0006763101	-0.0338566215	-0.0006877374	0.1531596784	-0.096560608	0.0329970635	0.0123226625	0.0848150936	0.0025898732	0.0206300673	0.0164907955	0.1978559351	0.0310210508	-0.0470715966	0.1553939977	0.2201507566	-0.1173323233	0.0378722097	-0.0232312285	-0.0340832606	0.0248202117	-0.0617528641	0.1328090531	0.0643194414	-0.0178971813	-0.0391615356	0.0881090484	0.0033599604	-0.1052059045	-0.053590844	-0.0638647673	-0.0135304995	0.0177523054	-0.0187124442	-0.0287613148	0.0616439813	0.0530647116	-0.066485748	-0.0230670955	0.0452637366	-0.0398373197	-0.1547962551	-0.1569622764	-0.0589152996	0.0557641761	0.1370764594	0.0557015261	0.1154500608	-0.0026225218	-0.1285968746	0.1232225385	-0.0645815747	0.0250325201	-0.22148362	-0.0185769289	-0.0261959759	0.0454265563	-0.0115005343	0.1587397642	0.0584806279	0.0398035563	-0.0980320775	-0.033433372	0.0115770843	0.0216166746	-0.0772493092	-0.0455734121	-0.0715510824	-0.1312174391	0.0205933563	-0.1416500534	0.0108195898	-0.0780662476	0.0434805185	-0.0636510611	-0.104924776	-0.2570505254	-0.079279468	-0.0016855002	-0.0992570537	0.0235265052	0.063080731	-0.1205247148	0.0677983416695298	0.0138628188326351	0.0001921777459864	0.0045966151331383	0.1934452340197197	-0.0250450209471893	0.0374210585649441	0.0006272530742451	-0.2018523667348688	-0.0589147056973189	0.0034709425474017	0.0407443779564679	0.0010290583216316	4.109487332290009e-05	1.6887886134252055e-09	1.0589610293192456e-06	0.0037801847570193	5.032252025349978e-05	2.532356044663896e-09	1.4289796797201065e-05	-0.001615952973053	-0.000297104420337	8.827103658378484e-08	2.61130401111883e-06	0.0	0.0
900.9668287508842	-1.7960612815353445	3.2258361270303832	811741.2265094252	966.3594925824334	0.90565408444877	0.8202093206787398	933850.6689041782	835.4758352317557	-1.5934324706627194	698019.8712561998	2.539027038562298	840.1225174534493	671.4899688137444	1.079724	24.361927	0.0687288621361279	0.0345166398438945	0.0772052732	-0.0923702329	-0.0353391373	0.0171200942	0.1641149791	0.1553907831	-0.0534375839	-0.0088824335	0.1079221405	0.0093924833	-0.0242714932	0.0313577669	-0.0024061077	-0.0921812796	-0.1574153186	0.0687107448	-0.1132045442	-0.0725560898	-0.0948606045	0.1545216872	0.0220566926	0.0372976366	-0.1608358244	0.1133605653	0.0963890563	0.0278134095	0.0022584883	0.071934984	-0.1031216111	0.0083521694	0.0643494394	-0.1460169465	-0.0644765063	-0.050616262	-0.0819011383	-0.0671569123	0.0830761897	-0.087498941	-0.0137100232	-0.0403181635	0.1007540758	-0.0643585822	0.0520314709	0.0921498181	0.1048220824	0.079726154	-0.2061666463	0.0870235371	0.042437253	-0.1425912942	-0.1674245884	-0.0135297391	0.0515772186	-0.0075256491	0.0554738483	0.1711998507	0.0004855607	0.0325814039	0.0988585976	0.0694512113	-0.1422767792	0.0938915039	0.0778688065	0.014782614	0.1347702763	-0.1503184633	-0.0034470218	0.0326119053	0.0186516953	-0.0874248912	-0.0133341744	0.0256635286	0.0144251844	-0.0448265875	-0.0902825104	-0.0478811202	0.0503368461	-0.051338284	-0.0323163912	-0.0521250975	-0.0523330981	-0.1011240406	0.0104925232	0.0407201776	-0.1053059372	-0.1420971093	0.1260425894	-0.1561233335	0.1666970671	-0.0832648124	0.1164871393	0.1423905665	0.1213169627	-0.0912575215	0.0105715401	0.0619998211	0.0357587746	0.0059628555	-0.0143341198	0.2229493825	0.0361418099	-0.0519948237	0.0568319661	-0.1136675548	0.0810315728	0.0762182046	-0.0340175088	0.0196352118	-0.0251331814	-0.0136722993	0.1271039373	-0.071088383	-0.0434445316	0.0638153478	0.024489773	-0.059375333	-0.0387123223	-0.0306863643	-0.0515353058	0.0197279442	-0.1013839798	0.0301376669	0.0540487397	-0.1150284477	0.0948266499034247	0.0270283082338948	0.0007305294459864	0.0089920935319066	0.2077643211371622	0.0143190871174425	0.0431660131375858	0.0002050362558769	-0.1886132559893383	0.0132391107455304	0.0001752740533324	0.0355749603348996	0.0011851632984795	0.0001561049768478	2.4368763796683362e-08	1.4046120440628085e-06	0.0039060571600977	0.0001258724030784	1.5843861856731218e-08	1.5257282537950507e-05	-0.0016168227139119	-8.697408588999658e-07	7.564491616400502e-13	2.6141156882214418e-06	0.0	0.0
900.8714574313484	-0.0953713195358432	0.0090956885900079	811569.3828144817	961.3967866336598	-4.962705948773646	24.62845033399333	924283.7813495268	835.8304265761218	0.3545913443660993	698612.5019904217	0.1257350214993576	840.3553622449933	670.8069573436507	1.023863	23.101545	0.1372608680371085	0.0733408277625064	-0.0074191212	-0.0804163048	0.0346184911	-0.0881127243	0.1192705057	0.1704053132	0.098742549	-0.0438000331	0.0642443663	0.0388239928	0.0246337968	0.0128457429	0.0159806044	-0.0390816595	-0.1776210231	-0.0742908295	-0.1382756481	-0.1038081789	-0.0144999314	0.1745370837	-0.0728354905	-0.023010675	0.032488772	-0.0104781088	-0.0842170729	-0.0146878874	0.0186785496	-0.0380077257	-0.1103761835	0.1082590131	0.0700485595	-0.2792110813	-0.2348927137	0.0591456308	-0.042960853	0.1391373103	-0.0069476083	-0.0030215345	0.1034654809	-0.0676029722	0.1356200644	0.0248013974	0.0626042858	0.0090832015	0.0065378511	0.038539411	0.0757906814	0.0196149257	-0.0619329654	-0.0050488129	-0.1135661725	0.004402722	-0.0863534169	0.0212307762	-0.0324134564	-0.1461692985	0.0418521087	0.0771244356	0.0948111832	0.0587369213	-0.0781023392	0.2040252969	-0.0007376554	-0.0142340751	0.0317427281	0.0097677653	0.0613498763	-0.0924720626	-0.1103287085	-0.0587922673	0.0552591108	-0.2559858016	0.0023914339	-0.1018154382	-0.1145398243	-0.157621928	0.1264397626	-0.0586221987	-0.0500624236	0.1526298794	-0.1567120913	-0.0587788575	0.1034569926	-0.0546501541	-0.0271616669	-0.0889156341	-0.05552838	0.059727916	0.012915262	0.0597927957	0.1275779638	-0.0303680171	0.1785450911	0.0116128169	0.0219926329	0.0009690942	-0.0175266989	0.0805168341	0.0108801897	0.1670592846	0.0572410712	0.0077841821	0.098076028	-0.1681613956	-0.031486674	-0.0544036299	0.0242735572	-0.0090339918	0.019974924	-0.1164029283	0.0190169052	-0.1106166141	-0.1361777567	-0.1670184629	0.050473066	0.1964851822	0.0527490724	-0.0251084342	0.0817117153	0.0299966412	-0.1034414224	0.0366662233	0.0446835199	-0.1082719048	0.0396479816549515	-0.0551786682484731	0.003044685429675	0.0015719624493113	0.2158765878646562	0.0081122667274939	0.0466027011880866	6.580887145800602e-05	-0.2218250512343047	-0.0332117952449664	0.0011030233433935	0.0492063533551019	0.0013521924062718	0.0001670291077923	2.7898722849891774e-08	1.8284243035791208e-06	0.0045529262782624	0.0006468691181646	4.184396560351764e-07	2.0729137695292303e-05	-0.0016180872442784	-1.2645303665000194e-06	1.5990370478006733e-12	2.6182063300964665e-06	0.0	0.0
902.0340975748834	1.1626401435349862	1.3517321033590537	813665.5131877343	964.595952052696	3.1991654190362624	10.234659378357463	930445.350716447	837.4763341739477	1.6459075978259534	701366.6103014338	2.7090118205812006	841.5776006551337	669.5227598197363	0.996538	22.484989	0.1429810867453059	0.0625159212705259	-0.0567799712	-0.1186917024	-0.0256786127	0.0225688855	0.0335531865	0.052429315	0.1792711055	-0.0806977528	0.007115897	0.1195458279	-0.040981914	-0.069082464	0.0069960545	-0.117859127	-0.0314549644	0.000690693	-0.0925803591	0.0634506659	-0.0423235671	0.1541904705	-0.1571175792	-0.0672157457	0.0239014477	-0.0104242019	0.1371583008	-0.0497098098	-0.0616471789	-0.0201449925	-0.0270999677	0.0376190335	0.0328303562	0.0272156915	0.105374369	0.0192274593	-0.0888316557	-0.0754278611	0.0601431279	-0.0077780309	-0.0002462278	-0.1208450063	0.0004147255	0.0156131871	0.0602098782	0.0003555052	-0.0049519298	-0.0178734935	0.0134341234	-0.048254414	0.0563865066	0.1164212962	-0.019030068	0.0033282151	-0.0261944725	0.0359043006	0.0485719952	0.0199521598	0.0361467538	0.1082660222	-0.0014630358	0.0724775023	-0.0497245752	0.2001651188	-0.1321904596	-0.0092444369	0.0536508136	-0.0386322494	0.041003415	0.0963823191	-0.0318614709	0.0768780545	-0.0316180545	0.0887728636	-0.0342097999	0.025074933	-0.0414059417	-0.0102757185	-0.0580500279	-0.1754509692	0.092946929	0.041015786	-0.0556535763	0.0484146434	-0.0124424871	0.0469790063	-0.0304815381	-0.0181174875	-0.0654294038	-0.0137572396	-0.0719846702	0.0658558665	0.0299117807	0.0098300691	0.0275827443	0.0606035855	-0.0391079549	0.0680840622	-0.1223639993	0.1184692326	0.0281524801	0.1395864312	0.0384745097	0.0078034511	0.1049511894	-0.2300262771	0.0747071046	0.0213540176	0.0112211492	-0.0324362298	-0.0225446587	-0.1011246682	-0.0209439999	-0.0716459693	0.1491246778	-0.1197729165	-0.0013167355	0.0808998429	0.1218889396	-0.0288098053	0.1075474379	-0.0050960686	-0.1054279714	0.0430942802	0.0350428114	-0.1003291122	0.0771244155250627	0.0374764338701112	0.0014044830956208	0.0059481754700825	0.1942133113076067	-0.0216632765570495	0.0377188102890653	0.0004692975511872	-0.2474925938367249	-0.0256675426024201	0.000658822743247	0.06125258400403	0.0010319627074795	-0.0003202296987922	1.025470599886071e-07	1.0649470296284203e-06	0.0046853265338084	0.000132400255546	1.752982766864625e-08	2.195228472840904e-05	-0.0023289339642546	-0.0007108467199761	5.053030593009217e-07	5.423933409858646e-06	0.0	0.0
900.819544287506	-1.2145532873773843	1.4751396878792116	811475.85137035	970.3225613762352	5.726609323539151	32.794054344445534	941525.8731157376	836.7814732482102	-0.6948609257375438	700203.2339714451	0.4828317061168363	841.5065150144186	668.7892390344058	1.07904	24.346497	0.0798051058124573	0.03468379360679	-0.1158431504	0.0553667814	0.0636845805	0.0398342053	-0.0242288512	0.0597127845	-0.0239215637	-0.084477347	-0.1272100748	0.0134767009	-0.0681396579	0.1024580341	-0.166199035	0.1099434578	-0.1170525749	0.0436613721	0.0871945496	0.154682381	-0.0445793644	0.1729044546	-0.0956625839	-0.0658250026	-0.0071345571	0.1204428756	0.0459701579	-0.1350430435	-0.0286626889	-0.0194112162	0.0028533025	0.1225891651	0.1257936951	0.1180391124	0.0286810232	-0.0371520245	-0.1560821235	0.1083713967	-0.1494107606	-0.1203349431	0.0083593668	0.0304382306	0.0366858891	-0.0544605834	-0.1166452845	0.0153233596	-0.0701509852	-0.0990235447	-0.0756540124	-0.0135897183	-0.063868756	0.2032742405	-0.0405923819	0.0214666712	-0.0032828939	-0.0628442574	-0.0956121793	-0.0729862152	-0.165766221	-0.01193625	-0.1560984127	0.0684650028	-0.0633251674	0.2018647317	-0.0773730518	-0.1463483323	0.1171630254	-0.0611439845	-0.0616302984	0.0854812605	0.0051365091	0.0394698384	-0.0320677148	-0.0617471699	0.0097793374	-0.0567456097	0.1459479827	0.2233714509	0.0115280152	-0.0393331843	0.1696654905	0.083307484	0.0158321193	-0.0432420541	0.0027560236	-0.0595709133	-0.016089297	0.0070522969	0.0304685209	-0.0211219861	-0.0552504718	-0.0150483495	-0.0173484968	-0.1257147877	-0.0985983962	0.0327188502	0.0801364053	0.0708585469	-0.0732912884	0.0891289386	0.0855058738	0.0238511481	0.1393172706	-0.0684428347	0.0640636412	-0.0893361583	0.1662061307	-0.0338192796	0.0582498014	-0.0373367326	0.0446906494	0.0789873746	0.0155090941	0.0278524037	0.0718271771	-0.0151346006	0.0596162608	-0.0129991833	-7.67075e-05	-0.1325038151	0.0955666179	-0.0120517341	-0.1073422654	0.0494042187	0.0251860523	-0.0912870929	0.0735628465076274	-0.0035615690174353	1.2684773865955074e-05	0.0054114923863047	0.2119980615580345	0.0177847502504278	0.0449431781043641	0.00031629734147	-0.2356807281343407	0.0118118657023841	0.0001395201713711	0.055545405613933	0.001282094949	0.0002501322415204	6.25661382480697e-08	1.6437674582513127e-06	0.0042838467144443	-0.0004014798193641	1.6118604535663086e-07	1.835134267285522e-05	-0.0026102603202142	-0.0002813263559596	7.914451855750759e-08	6.813458939284737e-06	0.0	0.0
898.7337614551983	-2.0857828323077	4.350490023549532	807722.3739794093	960.1619674832214	-10.16059389301381	103.23766825874957	921911.0038012506	834.2545025048667	-2.526970743343554	695980.5749496425	6.385581137714275	838.3421658829033	663.5796226896575	1.155551	26.072838	0.0573125432927605	0.0311029344887457	0.1121806155	0.0580236219	0.137717507	0.0835806044	0.1197638863	0.0522382788	-0.0532474406	0.0620083142	0.0559818995	-0.1400276994	0.1255371779	0.0773345484	0.0623514614	-0.0450189217	-0.0727808732	0.1514803771	-0.0044230046	-0.1069235852	-0.122945454	-0.0351014745	0.0660473005	-0.0844463944	-0.0597990362	-0.0402248167	0.0327875801	0.0371012267	0.043415164	0.0830323992	0.0392025661	0.0666199575	0.0004748497	0.071438358	-0.0915077105	0.0922971252	-0.1665595791	-0.1020147104	-0.056879344	-0.0145294805	0.14455235	-0.0960279419	0.0483785718	0.0162762246	-0.0584536279	-0.0211940879	0.0003201915	-0.0118452791	0.1142309395	-0.0190846109	-0.1100191787	-0.1428640083	0.0091457487	0.1353477367	-0.0171803633	-0.0607194345	0.0607577543	-0.0171592379	0.0967781005	-0.0938302817	0.0695817587	0.1168431887	0.0425365271	0.065033364	0.1901560729	-0.0746473136	0.0303063932	-0.0407199766	0.0001728555	-0.0064187421	-0.0501912929	-0.0213516413	0.0042950637	0.0164587486	-0.0705761856	0.0177788438	0.1438964808	0.0331677218	-0.0957943516	-0.0603178805	0.0670771186	6.59429e-05	-0.1854674812	0.0963088349	0.0604201365	-0.1077248336	-0.0895197352	-0.104626974	-0.0354927404	0.0320643896	0.0847648004	0.0591046065	-0.011983507	-0.0837732997	-0.0241772012	-0.0981306175	0.0905836815	0.0419417079	0.046755849	0.0694088743	-0.0351084178	0.1305623627	0.0246001082	0.0005873149	0.0530932121	0.0161301233	0.1535563486	-0.056420114	0.01603649	-0.0132077075	0.0710475136	0.1652638035	0.0427647446	-0.0245605671	-0.015763681	-0.0390918914	0.0777435217	0.1066424645	-0.0131065928	-0.0506278876	0.0044343356	0.0531893322	-0.1091829923	0.0555787436	0.0151740128	-0.0812449131	0.0571471250472512	-0.0164157214603761	0.0002694759110646	0.0032657939011661	0.2175184649830726	0.005520403425038	0.0473142826085921	3.047485397517233e-05	-0.2130209464386894	0.0226597816956513	0.0005134657064945	0.0453779236216349	0.0013298298375042	4.773488850419992e-05	2.278619580508397e-09	1.7684473967164468e-06	0.0040772833295437	-0.0002065633849006	4.2668431981593426e-08	1.6624239349374957e-05	-0.0026102258593851	3.446082910002479e-08	1.1875487422611157e-15	6.813279037002683e-06	0.0	0.0
898.8286637243929	0.0949022691945629	0.0090064406982772	807892.9667325778	961.935140946332	1.773173463110652	3.1441441302798223	925319.2153874396	834.9242456196159	0.6697431147492807	697098.4959234848	0.4485558397540682	838.7527287561641	670.2464443164454	1.155369	26.068716	0.1647267137588465	0.0847123737372673	-0.0293072638	-0.1248870025	0.133089622	-0.0506185434	-0.0892256201	0.0291422707	-0.1239884336	0.0933876391	0.0271202908	0.1099125961	0.0930254922	0.1452420335	0.1088601831	0.0595392082	-0.070497579	0.0315588519	-0.0872291544	-0.0147153703	-0.0930516875	-0.0763110728	0.1258532898	-0.0518782526	0.0608947013	0.1240644363	0.0596349031	0.1819835642	0.2233879713	0.09477651	0.0734225189	0.1116826677	-0.0311298679	0.0992145157	-0.0950746673	0.055745578	0.0132561085	-0.005043739	0.129825771	0.0752148846	-0.213151572	0.130654151	0.0631968977	0.0369272893	-0.0288364997	-0.0909353698	0.0660475585	-0.0067619509	-0.0083173251	0.023465913	0.0318651601	0.0636448865	-0.0561820939	0.0681789267	0.0808798184	-0.0171740987	0.0066885835	-0.0153958994	-0.1107108464	0.1156564768	0.0512122062	0.0383139047	0.0105865284	-0.1622218958	0.0862708093	-0.1800957606	-0.0272071379	0.0882055566	0.0943397799	0.041284535	0.0890856052	-0.1566487927	-0.1465821256	0.0700184252	0.1395018781	0.1276800596	0.143815453	-0.1274363875	-0.0973040234	-0.0283838466	-0.0237352499	-0.0397555322	0.0557272173	0.0499239378	0.0351055964	-0.0757073594	-0.1086660939	0.1742328445	0.055934057	0.0227860251	-0.153072374	-0.0214343298	0.0244525136	-0.0179029779	0.0023169289	-0.0661309496	-0.0692347749	-0.0838802507	0.1348215281	0.0062105442	-0.0144719762	-0.094589004	-0.1125321588	-0.0247553673	0.1376319463	-0.0091678409	0.0199049757	-0.052077762	0.0101041087	0.030664775	0.0801956678	0.0567710959	0.0862273642	-0.0165483876	-0.019485823	-0.023061386	-0.0755792185	0.0360684804	-0.144277601	0.0858425699	-0.0326260568	-0.0291358014	-0.1109488906	0.0616009311	0.0050684204	-0.0703125971	-9.582079943015742e-05	-0.0572429458466813	0.003276754849206	9.181625603434456e-09	0.2021594432671918	-0.0153590217158808	0.0408684405021009	0.0002358995480688	-0.163487392555055	0.0495335538836343	0.0024535729603429	0.0267281275244506	0.0011676677675535	-0.0001621620699506	2.6296536930695703e-08	1.3634480153833745e-06	0.0042231819790166	0.0001458986494729	2.1286415918016187e-08	1.7835266027890564e-05	-0.0031539889862145	-0.0005437631268294	2.956783380992865e-07	9.94764652516237e-06	0.0	0.0
898.6660429712433	-0.1626207531495538	0.0264455093549281	807600.6567895926	962.4011813893038	0.4660404429718028	0.2171936944853542	926216.0339395276	836.2218378079648	1.297592188348858	699266.9620269302	1.6837454872639783	840.0931220811939	663.9188255117207	1.106155	24.95829	0.0920769657184564	0.0449401922030495	-0.135280838	0.0833979518	0.1506394619	-0.0210689638	0.0532516941	-0.1804565267	-0.0833612993	-0.0601322241	-0.1105960236	0.0228493514	0.2191008228	-0.0409873923	0.0223473695	-0.068460468	0.0809874248	-0.0873791736	0.0355103145	0.0764508902	0.0346029772	-0.1176367625	-0.0031710763	-0.0046262634	0.0466752569	-0.119696921	-0.1482421847	0.026025717	-0.0166233566	0.0866106735	0.0817621238	-0.0673971911	0.0303019136	-0.0002829436	-0.0509193643	0.0405073123	-0.1285361722	0.0849324463	-0.1052031444	0.0421966263	0.0662168169	-0.1319191092	0.1025028074	-0.0148120623	0.0843885051	-0.0235940931	0.0218877594	-0.1556315864	-0.014720506	-0.0929432197	0.0155080765	-0.1684706433	0.0808241939	-0.014147949	0.0011355144	0.1117941276	-0.1039541781	0.0876474207	-0.0845175579	0.01885472	-0.1140233269	-0.081531643	0.1499535952	-0.0820194222	0.062105685	-0.0450789953	-0.0653764699	0.1097954728	0.0137541719	-0.0188766167	-0.2190855717	-0.0528687563	0.1002208583	-0.0278901581	-0.0498649024	-0.0131407799	-0.0717127504	-0.0052849468	-0.052182421	-0.0333541273	-0.0055987823	-0.006014379	-0.1387736514	-0.2243502641	0.025338064	-0.0490776193	0.0262137638	-0.0109424516	-0.0823881976	-0.0898851253	-0.0096584126	-0.0480445913	-0.0306392465	-0.0372476877	-0.0311653201	-0.0600989161	0.0111259441	0.033467326	0.0334111417	0.0599353403	0.0679283013	-0.2028646062	0.0026993852	0.0279247633	0.0301465757	0.0260484802	0.0879877906	-0.0328503532	0.0175187106	0.0491277104	-0.0072443594	0.0796915482	-0.0262183556	-0.0696002464	0.0578703973	-0.045081082	0.0290923094	-0.1087223305	0.0697982244	0.1449190227	-0.0197668738	-0.0778200022	-0.1126387502	0.0674542747	-0.0050684204	-0.0586099215	0.00908091308834	0.0091767338877701	8.421244484694918e-05	8.246298251798471e-05	0.2027336848861409	0.0005742416189491	0.041100946987513	3.297534369333032e-07	-0.1934068869584422	-0.0299194944033871	0.0008951761453543	0.0374062239229556	0.0008832305927931	-0.0002844371747603	8.090450638567831e-08	7.800962800456508e-07	0.0044178849380807	0.0001947029590641	3.7909242268316774e-08	1.9517707326120316e-05	-0.003722978768557	-0.0005689897823425	3.237493724101656e-07	1.3860570911126198e-05	0.0	0.0
899.7436323080734	1.0775893368301013	1.1611987788499374	809538.6038789256	962.011749417174	-0.3894319721298416	0.1516572609169377	925466.6060166917	836.0932088182462	-0.1286289897185497	699051.8538319916	0.0165454169960147	840.5755660254028	659.3307656736174	1.13429	25.593122	0.093068495796328	0.0405310076873467	0.0902731878	0.1066527134	0.0433015722	-0.0074866544	-0.085764119	-0.1256601929	0.0829606821	0.0033901154	0.0223866	-0.1176231743	-0.02532993	-0.0754487465	-0.0876144486	0.0294949561	0.0156874252	-0.1353281186	0.0958955047	-0.1047518247	0.0451319059	-0.1044040609	-0.1347332205	0.0208902522	0.0168020544	0.0427435576	0.0436323291	-0.0530600827	0.0387961194	0.0349151411	-0.0063703982	-0.1153139298	-0.1438066656	-0.0284898225	0.0089291396	0.0727269219	-0.0376163199	-0.1193497441	-0.185998202	-0.051309692	-0.0819983766	-0.0516230494	-0.0554410454	-0.0527516222	-0.0089324135	-0.0747335898	0.1516069976	0.027265115	0.0015285874	0.0169945498	-0.1187119417	0.0605422049	0.0713062804	-0.0428685877	0.0740628561	-0.0385628626	-0.0248608742	-0.1104009446	-0.0554616844	-0.1161518863	0.005955816	-0.0336603673	0.0843770072	0.0467400962	-0.0648448951	0.0444041832	-0.1444932865	-0.0845840303	-0.0372593014	0.1435282429	0.0709094725	-0.0404893164	0.0129257934	-0.0666026397	-0.0547279133	0.172470997	-0.0560448391	0.0419916227	-0.0983723266	-0.0281534723	0.1110427013	-0.071348016	-0.0586279415	0.0588481316	-0.0055774852	0.0283329681	0.1617426561	0.0412025743	0.0018450811	0.0785192816	0.0694989059	0.0172238712	-0.0840827175	0.0458936941	-0.0403404506	0.0377274582	-0.0432619155	-0.0583243713	0.03974227	0.0394564765	-0.0529595413	-0.0539870788	0.0356342327	0.1317504425	-0.0547349745	0.0842392739	0.0846635701	-0.1020731849	0.010479561	0.0110725999	0.0620033302	-0.0905730877	-0.0488632644	-0.0049095332	-0.0458544769	-0.0171010142	0.0979637909	0.1330653826	-0.0174720112	0.0113027346	-0.0833022848	0.0030695512	-0.1142514127	0.0731227308	-0.0151740128	-0.0462651033	0.0021782509615491	-0.0069026621267908	4.764674443663346e-05	4.744777251489579e-06	0.2209914951906313	0.0182578103044903	0.0488372409465908	0.0003333476371147	-0.2137188362039239	-0.0203119492454817	0.000412575282151	0.0456757409483596	0.0012591334065506	0.0003759028137575	1.4130292539080573e-07	1.5854169354917183e-06	0.0040237931206448	-0.0003940918174359	1.5530836056993097e-07	1.6190911077748417e-05	-0.0035410519173591	0.0001819268511979	3.30973791867829e-08	1.253904868143256e-05	0.0	0.0
900.1517573066338	0.4081249985604245	0.1665660144499465	810273.186182221	960.8495324826708	-1.1622169345031352	1.3507482028458648	923231.8240721672	836.7824713346974	0.6892625164512083	700204.9043330038	0.4750828165846522	840.2800064039021	661.7036772374013	1.111987	25.089878	0.0591857678872905	0.0334872890145703	0.0540235951	-0.1100097895	0.0189581467	-0.0547740757	-0.1661539425	-0.1035089192	0.0488401659	-0.2227879299	0.1220559862	0.1191321818	-0.0910611354	-0.0161294181	-0.043242423	0.0131885933	-0.028373324	-0.211239691	-0.0956840608	-0.0092075552	0.0240252416	0.0336520431	-0.0229552788	0.2177340033	0.1382458386	0.04588806	0.0457301492	0.0006241783	0.1090864326	-0.0786936435	0.0199039813	-0.0984991583	-0.0103281479	0.1252431112	-0.157528111	0.0049845518	-0.0991702364	0.1152007427	0.0453401519	-0.0193752776	0.0194527035	0.0074691899	0.147472098	0.0094874527	0.0529224843	0.0271270879	0.081602437	0.0208471723	0.009954731	0.0131375918	0.0243408803	0.0646288434	-0.0007414093	0.0006620702	-0.0019965705	-0.0217034913	0.1389776623	0.013681599	-0.0199969229	0.0783482917	0.090087092	-0.0660026912	-0.0440571512	-0.0979224197	-0.1922235205	0.0744311803	-0.0599044729	-0.0604582538	0.020327074	0.0355560055	0.0133841373	-0.1382223665	-0.1611895204	-0.0903951166	0.0166422301	-0.070432663	0.0902956284	0.0220067203	-0.0740919943	-0.1877563952	-0.1345865726	0.006296557	-0.0807241718	-0.198256267	0.0177813658	-0.1786424976	0.0004207905	-0.073414614	-0.0646534562	0.0718853285	-0.0468683208	0.1724425593	0.1049064934	0.0120594097	-0.0317478072	0.1035965735	0.1031812471	0.0176470552	0.0947872461	0.0364055813	-0.0977357866	-0.0550672241	0.0211784846	0.0693021335	0.0606570904	-0.0573430671	0.0876762728	0.0127606884	0.0021349622	0.1102048894	0.1201322184	-0.1765348378	-0.072826512	-0.011239029	0.0492707028	0.0090947022	0.0692908521	0.0844411764	0.0318511645	0.1612019723	0.044590375	0.0054089089	-0.1157857731	0.0785907625	-0.0251860523	-0.033413395	0.0026495781012982	0.0004713271397491	2.2214927266406766e-07	7.020264114878974e-06	0.2293945856070109	0.0084030904163796	0.0526218759058122	7.061192854585067e-05	-0.209176462329367	0.0045423738745568	2.0633160416256952e-05	0.0437547923926291	0.0013787489851052	0.0001196155785546	1.4307886632951698e-08	1.9009487639286192e-06	0.0042106752372774	0.0001868821166325	3.492492551708056e-08	1.7729785953821084e-05	-0.004149933751304	-0.0006088818339448	3.707370877081043e-07	1.7221950140212086e-05	0.0	0.0
900.9920387386508	0.8402814320169227	0.7060728849924104	811786.6538704303	965.9713187124216	5.121786229750796	26.23269418326488	933100.5885750148	836.5328906987677	-0.2495806359297603	699787.2772208364	0.0622904938311035	840.5471478382597	667.7355648751029	1.133845	25.583069	0.108810749183795	0.0524549488790603	-0.1225053349	0.0126704965	0.1490571451	0.0871662982	0.0015056278	-0.0179709537	0.1227615664	-0.1921491237	-0.0906853499	0.0669148421	0.0334897603	-0.0708026387	0.0724511952	-0.0620066748	-0.0548402092	-0.0649213955	-0.016475171	0.1162129189	-0.0371458088	0.045074026	-0.0423238047	-0.0917891552	-0.0178300676	0.1860769657	0.0676505767	-0.0759819257	-0.1023342785	-0.0894383065	0.1027693132	-0.0556413645	0.1414927391	0.1047216489	-0.1269369947	0.021995161	0.0487908979	0.079860689	-0.0487897303	-0.0749809555	0.1595548476	-0.1404992753	-0.1142898449	-0.0972258956	0.1454478286	0.0033563136	0.0754773764	-0.1462571333	0.0610466939	-0.1678457581	-0.0257936872	-0.2575530972	0.0825606405	-0.0261103661	-0.0458133825	0.0759294556	0.1022276529	-0.0356101527	-0.0021147812	0.0679503474	-0.101351143	0.01512993	-0.0184099976	0.1205711808	0.0976167915	-0.0422128567	0.0101889978	-0.0398398827	0.0033799769	0.1209407189	0.012491347	-0.0034128742	0.0790723432	-0.108286815	0.1426061067	-0.1985999365	-0.131506002	0.0368163061	-0.203947482	-0.1157658536	-0.0350429628	0.0548279608	0.0623830921	-0.0628687393	-0.105536098	-0.0277982235	0.0804644086	0.0483310142	-0.0200827211	-0.0564855371	0.10056697	-0.0303990503	-0.2504243876	0.0580149129	0.0841575561	-0.0878199165	0.1413894293	-0.0575212347	0.0444676848	0.0745827176	0.0124373445	-0.1068887782	0.1136997228	-0.0672567265	0.0902006396	-0.0906487195	0.201640733	0.0387551991	0.0500289557	0.095405421	0.0554541948	0.008746907	-0.0995767958	0.0307730283	0.0871696198	-0.0131415266	0.0881767204	0.0816277337	0.0360082633	0.0511147411	-0.0993292518	0.0678405881	-0.1172407796	0.0838433825	-0.0350428114	-0.0201956026	0.0308645891471712	0.028215011045873	0.0007960868483187	0.0009526228632236	0.2191051539526114	-0.0102894316543994	0.0480070684885975	0.0001058724037705	-0.2226886730427395	-0.0135122107133724	0.0001825798383625	0.0495902451015361	0.0013837721412244	5.023156119199866e-06	2.5232097397855055e-11	1.9148253388287604e-06	0.0046501976627861	0.0004395224255087	1.9317996252505133e-07	2.162433830298131e-05	-0.0048412700850791	-0.0006913363337751	4.779459263975969e-07	2.34378960366818e-05	0.0	0.0
900.2154974918515	-0.7765412467992974	0.6030163079806072	810387.9419245017	963.3939247879327	-2.577393924488888	6.642959441992232	928127.854318297	835.0531492170119	-1.4797414817558092	697313.7620172491	2.189634852828878	839.4939820983466	660.8868984629282	1.132698	25.557194	0.0848166615494221	0.0417469949454084	0.1062703534	0.1011267595	0.0979769808	0.1159759375	-0.0489870204	-0.0144623849	0.0447004961	0.0091137204	0.013156888	-0.1478863528	0.0050971974	-0.0167231723	-0.0307159668	-0.1145007694	0.0172729791	-0.0138729154	0.0979435253	-0.0631294508	-0.1573873766	-0.0084113254	-0.0806547109	-0.064805168	-0.0473467072	0.2041603629	-0.0379504457	-0.1178889821	-0.0368336265	-0.0452763914	-0.0010292587	-0.0410516411	-0.0383968872	0.0651648505	0.0452234169	0.0217456404	-0.0815864356	-0.0584075782	-0.108298016	0.1413780447	0.0697419292	-0.0278282872	0.0371703798	0.0114641946	-0.1101930375	0.1065774991	0.1150548685	-0.0314538903	0.0958606273	0.0696644908	-0.0852696572	0.1743209995	-0.0586304328	-0.1248115581	-0.0403451865	0.044448523	-0.0989433121	-0.0037439421	0.1877864507	-0.1322940509	0.0190162511	0.1581528707	0.0017256466	0.0738531825	0.0413298302	-0.107652073	-0.099785136	-0.1832856019	-0.0432254489	0.1068781989	0.0806233213	0.0369790714	0.0302199162	-0.1183093001	0.0503158477	0.0494774645	-0.0008416623	0.1022026076	-0.0689533093	-0.0248472763	-0.0405293868	0.0662156906	-0.0880596641	0.1602073893	0.0086063887	-0.0619359922	-0.019846828	0.051584982	-0.0004488964	0.0439669578	0.0261415827	-0.1205137222	-0.0061777453	-0.0259984489	-0.0602251391	0.0948239175	-0.1585949482	0.1565830521	0.1088157693	0.1250817826	-0.0488542728	0.018043929	0.1117596902	-0.0074639274	0.0332831993	0.0773720462	0.1922544192	-0.0307185379	0.0914182103	0.1443028066	0.0498435952	0.0028597597	-0.104066879	-0.0231632294	0.0574489028	0.0691553057	0.0780722494	0.0838761181	-0.0847538958	-0.0363924934	-0.125160088	0.0297887838	-0.1186154352	0.0888661936	-0.0446835199	-0.0067565429	0.0098217227949533	-0.0210428663522179	0.0004428022243173	9.646623866090528e-05	0.2476263273145775	0.0285211733619661	0.0613187979793062	0.0008134573299433	-0.2235679676985427	-0.0008792946558031	7.731590917240543e-07	0.0499826361808566	0.0014451368361139	6.136469488950006e-05	3.765625778881435e-09	2.088420475093293e-06	0.0050432219549341	0.0003930242921479	1.5446809421843638e-07	2.5434087686729328e-05	-0.0046081925285279	0.0002330775565512	5.4325147367877846e-08	2.123543837998036e-05	0.0	0.0
900.4549905353642	0.2394930435127662	0.0573569178910077	810819.1899800429	963.6001693127204	0.2062445247876212	0.0425368040048717	928525.2862995034	835.7532243286537	0.7000751116418087	698483.451975741	0.4901051619402909	839.6694316109695	669.5001507957826	1.145828	25.853447	0.1892120365911838	0.1082142277436489	0.0165358393	-0.132287775	0.0272500487	-0.0448903487	-0.0730688355	-0.0327249843	-0.0610825739	-0.0705759699	0.0466420096	0.1099718682	-0.0186118285	0.1052006913	0.054955997	-0.117091119	-0.0301204378	-0.0383537075	-0.1139456097	0.0021675323	-0.0412677986	-0.0553325836	0.051603091	-0.1092259253	0.1403761313	0.0936768959	-0.2155338323	-0.0222441	-0.2026409187	-0.0139628969	-0.0445719116	-0.1111278699	0.0598588928	-0.0440216079	0.0011707796	0.0353115612	0.1422477387	-0.0480336718	0.1020214756	-0.0771975732	-0.0024919607	-0.0069588782	0.1232031387	0.0927431075	0.1346720383	-0.0659475286	-0.0167143882	-0.0282083198	0.0735524029	-0.080409094	0.0060433701	0.1988359178	0.0636298383	0.0113830892	0.0971965607	0.0719623226	-0.1045982223	-0.0222733519	0.0291662005	0.0906284518	0.0623947606	0.0330521214	0.0284655959	-0.1526014679	-0.0805232916	-0.131378104	-0.0314410405	0.0660591146	-0.0167361254	0.0732674287	0.0244639954	0.1627493242	0.0745560894	-0.0147910531	0.0992466473	-0.0594429915	-0.2597637519	-0.1343726169	-0.0831765032	0.0382968685	0.0311327178	0.1020354591	-0.0114208391	-0.0174217145	-0.0203997087	-0.063085343	-0.0978164844	-0.0511519275	-0.0438144696	0.1064394888	-0.0013080662	0.0005224606	0.0162353589	-0.1318277827	0.0036490052	0.1307166808	-0.0741803424	-0.0296264679	0.109922593	-0.0489982326	-0.1392239897	-0.119951511	-0.028839879	-0.011572461	0.157255054	0.0128160304	0.0456895169	-0.0935404086	0.1034114052	0.1416306392	0.0753596367	-0.038487634	-0.0566194972	-0.0529997834	0.0360011328	0.0440324278	-0.0092742377	-0.008245436	-0.1433016386	0.0656439721	-0.0042143807	-0.0334747344	-0.1199087977	0.0936454286	-0.0540487397	0.0067565429	-0.0661914781382222	-0.0760132009331755	0.0057780067161073	0.0043813117781227	0.2117638238848087	-0.0358625034297688	0.0448439171063162	0.0012861191522501	-0.2139232521195282	0.0096447155790145	9.302053860008502e-05	0.0457631577973952	0.0013786865608881	-6.645027522580007e-05	4.415639077584578e-09	1.9007766331734564e-06	0.003796381402265	-0.0012468405526691	1.554611363780187e-06	1.4412511751463568e-05	-0.0045676510234383	4.0541505089600194e-05	1.6436136349300783e-09	2.0863435871916946e-05	0.0	0.0
900.6373480136924	0.1823574783281856	0.0332542499022146	811147.632637137	964.7196009766822	1.119431663961791	1.253127250280264	930683.9085086088	836.1895578902289	0.4363335615752248	699212.9767246565	0.1903869769569205	840.0547996659886	660.5228692653294	1.160353	26.181164	0.1229468310654528	0.0578597936113696	-0.1069019522	0.0940534736	0.0213418451	-0.0185549342	0.0776489866	-0.1746015928	-0.132699597	-0.1461992147	-0.1211427275	0.0133564198	0.0927539983	-0.0385645474	-0.0201810108	-0.0715607772	0.1093706365	-0.1067016366	0.0809848492	0.0654895763	0.099290468	-0.1385888429	0.1530548384	-0.1946877654	0.1283485711	0.0499101576	-0.0702081887	0.0881493076	-0.028076567	-0.036078451	-0.0202763536	0.0752262378	-0.126395673	0.0141887364	-0.0605046703	0.0244330465	-0.032489398	-0.0420557436	0.0746818116	-0.0503133164	0.0002906472	-0.0698491474	0.0593672024	0.0717143587	0.1044647886	-0.0396326351	0.1422600025	0.074242626	-0.010677516	0.0117202251	-0.0085800974	-0.1242259182	-0.0012843373	-0.1105469158	-0.0199913919	-0.0859563758	0.0073867494	-0.0331178384	-0.068541068	-0.0076125547	-0.1222094369	-0.1301792681	0.1272985987	-0.1405268525	0.0733982749	-0.1682206639	0.0046174921	0.2178594884	-0.0008650901	0.1201022351	-0.0004983031	0.1236838736	0.0095851425	-0.0378847586	0.0421830464	0.0517346353	0.0234050645	-0.2162933312	-0.0209226639	-0.048341672	-0.0174578552	0.0799052108	-0.0418371387	-0.0720004917	0.0204552853	0.0090995723	0.0415041845	-0.0266581865	-0.0954410057	-0.0094202664	0.0666428182	0.0341163242	-0.0073030526	0.1815644468	0.0215625187	-0.0371492043	-0.0205089335	0.1245536524	0.1191618053	-0.1057683528	-0.0562478718	-0.3163763242	-7.6922e-05	-0.0095137056	0.0510790136	0.1466250911	0.0190033426	-0.0603790419	0.0431408267	0.0418378997	0.0214550775	0.0323169961	0.1130512744	-0.1919100902	-0.0193799108	-0.1107278115	-0.0004392147	-0.0795471554	-0.0161457705	0.087146382	-0.0453026502	0.001254158	-0.1211199807	0.098167988	-0.063080731	0.0201956026	-0.0851554110200822	-0.01896393288186	0.0003596307503476	0.0072514440259991	0.1809721230455352	-0.0307917008392734	0.0327509093196083	0.0009481288405753	-0.1778470984045839	0.0360761537149443	0.0013014888668642	0.0316295904109297	0.0011770445452303	-0.0002016420156577	4.06595024785404e-08	1.3854338614564038e-06	0.0035271808894619	-0.0002692005128031	7.246891609345208e-08	1.244100502698524e-05	-0.0048391093675649	-0.0002714583441266	7.368963259595563e-08	2.3416979471254365e-05	0.0	0.0
902.6123552377012	1.9750072240087773	3.900653534886857	814709.06382775	964.9487862680472	0.22918529136507	0.052525897778092	931126.1601201775	838.1661607603363	1.9766028701073992	702522.5130437219	3.906958906116808	841.6876910365908	658.7064939985734	1.160469	26.183786	0.1318696576035377	0.0621916882228536	0.1167167408	0.0442529204	-0.0578550732	0.0493506236	0.0456666603	-0.1095070977	-0.0095200127	-0.0090668492	0.0895478403	-0.0939110269	0.0445568305	-0.1539987753	-0.1016532216	0.1116780304	0.0860139098	0.0627314649	0.0181776978	-0.106974013	0.1747280621	-0.0923415348	0.0938614474	-0.0447803945	0.0351663381	-0.0479963977	-0.0139521698	-0.0672265976	-0.0849325761	-0.1622247204	-0.0676094944	-0.1203398302	0.0210918747	0.1481931867	0.028957228	-0.1441550473	0.0056656326	-0.058452125	0.078173265	0.0820512355	0.105190964	-0.0215051308	-0.0601484601	0.0458459551	-0.0475624155	-0.1568456985	-0.0339957819	-0.0164697519	-0.0439669591	0.0286906976	-0.0274980398	0.1475706234	-0.042501523	0.1069320898	0.0278940557	-0.0182680094	-0.0863474095	0.1026982065	-0.0091889855	-0.0901485374	0.0957046528	-0.1783669836	0.06734999	-0.0595943203	-0.0001774037	0.0950772738	-0.0045797086	0.0830261189	-0.0567830454	0.0570353005	0.0636670569	0.202378819	0.0169875465	0.032121634	-0.1082061299	0.0151486958	-0.0639695966	0.0567230938	-0.0731873291	0.0540187546	-0.119481547	0.1228412776	0.0146206112	0.0431334738	-0.1085652891	-0.0660622979	-0.1422232491	0.1054092992	-0.1238857357	0.0906314383	-0.0022352265	-0.0359717682	-0.0672412571	-0.1073106088	-0.0451134794	-0.0311404764	-0.035995651	-0.081459353	0.0855854525	-0.1535444694	-0.1161857233	-0.092637232	-0.1368122263	0.008221048	-0.1568849792	0.1575783121	-0.0528425969	-0.0520550454	0.0290647404	0.137725567	-0.0970827657	-0.0128308312	0.1349616039	-0.1220660533	0.0687495464	-0.0723619899	0.111347231	-0.1202659927	0.2197028299	-0.1499548667	-0.1293969212	0.3399020724	-0.1222481541	0.1024214758	-0.0717238087	0.033413395	-0.0496664316244164	0.0354889793956658	0.0012594676585459	0.0024667544303028	0.1924304047643374	0.0114582817188021	0.0370294606777667	0.0001312922199474	-0.1814053431691036	-0.0035582447645196	1.2661105804231754e-05	0.0329078985303002	0.0005699488060938	-0.0006070957391365	3.685652364776933e-07	3.248416415677481e-07	0.0028962524377802	-0.0006309284516817	3.9807071114146737e-07	8.388278183347751e-06	-0.0044498505238921	0.0003892588436728	1.5152244737748537e-07	1.98011696849828e-05	0.0	0.0
903.7853477080388	1.17299247033759	1.375911335468682	816827.9547317405	964.1738631304572	-0.7749231375900081	0.6005058691723426	929631.2383439096	837.1336665627183	-1.032494197618007	700792.7756927405	1.0660442681148523	840.3013802700199	663.5771884000992	1.145328	25.842157	0.1823632108147987	0.0898670516597086	0.0426637308	-0.1363270826	-0.1661581213	0.0367489845	-0.1445940868	-0.0231487393	-0.0139066877	-0.0354655746	0.1060990423	0.1312360323	-0.0911368398	-0.1231771456	-0.1103130801	0.0473757111	-0.0272196763	-0.1774372414	-0.1381120613	-0.029744694	0.1038084173	-0.0536663875	0.0323342679	0.0388401566	-0.0606340157	0.0407379463	-0.1083987998	-0.0482127676	-0.0668193046	-0.0515426731	0.1223077238	0.011727201	0.0070585459	0.0261331596	0.1038513166	-0.0573006581	0.0439928546	-0.1118549614	0.0167877346	-0.0715034254	0.0101715841	0.0727504121	-0.0338229906	-0.0775542924	-0.0659664857	0.0155931157	0.1021040756	0.2166672542	0.2349564267	-0.0779148267	0.1790233225	-0.05547518	-0.0660612062	0.0958616673	0.1291632584	0.095454367	0.0330828834	-0.0540760663	-0.1141370276	0.1148730273	0.0966890128	-0.1159214402	-0.0262993391	-0.0728789967	-0.0539229847	0.0067003655	-0.1068822191	-0.0374776446	0.0294763614	-0.1708765308	0.1677607407	0.1577333617	0.0188100817	-0.0271897804	0.0733960654	0.0942350346	-0.0400565689	0.0445215006	0.0256331826	0.0502747437	0.1065177989	0.0304079792	0.179581687	0.1333463684	0.0258916213	-0.0657029238	-0.137713353	-0.0878813486	0.0372676823	0.0108739664	-0.0314727207	0.1547865758	-0.0273302775	0.1097754969	0.1247406016	-0.0488593162	-0.0228488151	-0.1040451685	-0.1055855782	-0.1570130179	-0.0678999845	0.0146735598	-0.2438193148	-0.0167356709	-0.1616865767	-0.0515994055	-0.0004311981	-0.0080368693	-0.0472449591	0.1070547692	0.0049336198	-0.0140885792	0.0644904391	0.0612992193	0.0780036118	0.0871330386	-0.0842913966	-0.1058809841	0.1040715455	-0.0517113967	0.0162773543	0.0893796809	-0.1232925447	0.1063942335	-0.0799246852	0.0462651033	-0.0010589814871337	0.0486074501372826	0.0023626842088484	1.1214417900919028e-06	0.1996489737400963	0.0072185689757588	0.0398597127154736	5.210773805778888e-05	-0.2052664402596207	-0.0238610970905171	0.000569351954363	0.0421343114968564	-0.0006468592646738	-0.0012168080707676	1.4806218810851684e-06	4.184269082943292e-07	0.0027037439033101	-0.00019250853447	3.70595358438256e-08	7.310231094686536e-06	-0.003805645236905	0.0006442052869871	4.150004517821319e-07	1.4482935669177711e-05	0.0	0.0
904.9352901685554	1.1499424605166269	1.322367662499034	818907.8793924475	965.9108864279356	1.7370232974783448	3.0172499359825427	932983.8405200002	838.1163665316752	0.982699968956922	702439.0438482574	0.9656992289879356	842.0159212676369	677.6839301818396	1.031616	23.276472	0.1040126124545353	0.051403168130644	-0.0607185775	-0.0774275995	-0.1351462067	0.1567939215	-0.0673919831	0.0054212227	0.0119174826	0.0162900111	-0.0116784808	0.1087011899	-0.0311920393	-0.0977613434	-0.0479469059	-0.0731356849	0.172636018	0.0615884052	-0.1154372289	0.0477777259	0.0630825098	-0.0140970195	0.0654688837	-0.0007924989	0.0172001153	-0.1010898519	0.0148167868	-0.0373937223	-0.1249371253	-0.0546147643	-0.0824474701	-0.1569676874	0.0590091927	-0.04532497	0.121229884	0.1740050168	0.2694886502	0.0184762174	-0.035222549	-0.0176085628	0.0729125997	0.0044648775	-0.0727597842	-0.0085698027	-0.1570598454	-0.0253223224	-0.0269591074	-0.0440925743	-0.069389501	0.0438095582	0.0314397431	-0.1741474786	0.0058508395	-0.0117713769	-0.0942423976	-0.151146969	0.0891294629	0.0273256408	0.0303926541	0.1199183949	-0.0132140372	-0.0420771059	0.0574654208	-0.0221341095	0.0088328548	0.0917363008	-0.0311903068	0.0622573235	-0.0573778442	0.0138245575	-0.0433655051	0.1404644869	-0.002952798	0.0504449204	-0.04850397	-0.1848325289	-0.1890819307	0.0726014069	-0.0157430145	0.0970081533	0.0376600239	-0.0442080578	0.2198799037	0.0733613026	0.1461527459	0.0207988317	0.1390508706	-0.0468794317	-0.0235275239	-0.1126623063	0.05874997	0.0833431758	0.0272122253	0.0411944892	-0.1021288182	-0.1119477053	0.1074932432	0.109102989	-0.1791373963	-0.1030224853	-0.0270882867	-0.0312255563	-0.1651862685	-1.53412e-05	-0.1554916479	-0.1424803436	-0.009107353	-0.0054953285	-0.0491593921	0.0355048129	0.0139583172	-0.0711967145	0.0468652345	0.0192263578	-0.2135938456	0.0123426702	-0.0521986061	-0.0623141445	0.0490437116	-0.0640210043	0.0746947702	0.0777247237	-0.1242524367	0.1100753719	-0.0876327994	0.0586099215	-0.0037454575942632	-0.0026864761071295	7.217153874177672e-06	1.402845259042388e-05	0.1843182414003195	-0.0153307323397768	0.0339732141129064	0.0002350313540738	-0.2287382163574847	-0.0234717760978639	0.0005509242731882	0.0523211716224034	-0.000771821328443	-0.0001249620637692	1.5615517381457622e-08	5.957081630395173e-07	0.0033676700372262	0.0006639261339161	4.4079791129677924e-07	1.1341201479631116e-05	-0.004267229597415	-0.00046158436051	2.1306012186742605e-07	1.8209248437054584e-05	0.0	0.0
903.9067517832548	-1.0285383853006351	1.0578912100368378	817047.4159193545	968.2843530692306	2.373466641295068	5.633343897340488	937574.5883986984	836.7328086246717	-1.3835579070034782	700121.7930289316	1.9142324820318453	841.3563488171824	668.5176161637877	1.025143	23.130423	0.1016343653827648	0.0504251266287077	-0.1136961184	-0.0309087067	-0.1320380705	0.0405394002	-0.0939681294	0.0826600497	0.0687402883	0.0655271339	-0.0970447496	0.0568296497	-0.1223730037	0.0395999968	-0.0872100167	0.0213082568	0.0983812617	0.1341533527	-0.0363698245	0.099905742	-0.0462135818	-0.0219432171	-0.067852901	0.1683610639	-0.1017335978	0.0428422525	0.124348378	-0.0172159587	0.1651169685	-0.1414440871	-0.0479990178	-0.0567850126	-0.0238845667	-0.2015857659	0.1033540437	0.0735151161	0.1540497396	-0.157537073	-0.0065604712	0.020015153	0.0250293416	0.1099920051	0.0743620261	-0.1277527124	-0.0614720766	-0.0355689518	0.1327819082	-0.024730013	0.0585805917	-0.0071151019	-0.0930193725	0.1045816345	0.069280362	-0.1608350746	-0.074511768	-0.0345465216	-0.0518745881	-0.0379940789	-0.1268432307	0.0731746191	-0.0905307825	0.088998316	0.013306013	0.0705816123	-0.0210141878	0.1352350834	0.0292304933	-0.1611575498	0.031574425	-0.1228876184	-0.0346471894	0.0434854821	-0.2713187135	-0.0718431359	-0.0601065448	0.05444514	-0.1679463069	-0.0450456631	-0.066718563	0.1182318056	0.0301417098	-0.152333212	0.0736043222	0.065250452	0.0435001232	-0.1118785435	0.0531567272	0.0163049519	0.0465785528	-0.0415558214	0.0136592987	0.0513930436	-0.0805865622	0.1457225503	0.0912746375	0.148211543	-0.0561463292	0.077594569	-0.235220096	-0.0867697704	0.0355870211	-0.0334005309	-0.036839223	-0.023897394	-0.1612186815	-0.1870361458	-0.0221366507	-0.0445226943	0.0015851804	-0.0836723211	0.0375843763	-0.143661021	-0.0500407192	0.0751416576	-0.0811044518	-0.1074833977	-0.078184038	0.1544907853	0.0653928055	-0.1316872983	-0.0139301795	-0.1900129709	-0.1251271724	0.1134548014	-0.0948006283	0.0703125971	-0.0072865523323315	-0.0035410947380683	1.2539351943975e-05	5.309384489180562e-05	0.2077589926010432	0.0234407512007236	0.0431637990066003	0.0005494688168542	-0.2574796205929175	-0.0287414042354328	0.0008260683174245	0.0662957550206727	-0.000538084970525	0.000233736357918	5.463268501277142e-08	2.895354355048901e-07	0.0034770130380306	0.0001093430008043	1.1955891824911014e-08	1.2089619666634785e-05	-0.0036920866519666	0.0005751429454484	3.307894076990617e-07	1.3631503845629937e-05	0.0	0.0
903.268963102613	-0.6377886806417337	0.4067744011547233	815894.8197044698	972.9761858921426	4.69183282291192	22.013295238153635	946682.6583132212	836.754557451665	0.0217488269933028	700158.1894161318	0.0004730114755846	841.129452319244	677.982137103851	1.022747	23.076363	0.0811040973940576	0.0430998734543182	-0.0669874582	0.0807670648	-0.153972931	0.0399074643	0.0095710352	0.0988192354	-0.1172890556	0.0001462193	-0.1079890994	-0.0570416462	-0.137636007	0.0858501469	-0.0696095376	-0.0208200313	-0.0088054165	0.0352570306	0.051466687	0.0136252207	-0.0364485612	0.0146816352	-0.055103266	0.1456035174	-0.0632245372	-0.1784924915	-0.1014464307	-0.0283849313	0.0398041047	-0.0287523707	-0.0925569123	0.0570523537	-0.0723070438	0.012018838	0.1064500212	-0.1298342132	-0.0790798479	-0.0986930828	-0.0109944484	0.1089020278	-0.0735654498	-0.0640766019	0.221107643	-0.1420344674	0.1135397836	-0.1418750707	-0.0119875279	0.0244214947	-0.1207638063	0.0669091303	0.0653087346	-0.1080917554	-0.0506022791	-0.0484646679	-0.1560228633	0.0134582595	-0.0592674902	-0.0056553104	0.0138066293	-0.0410454909	-0.0852147721	0.0617056028	-0.0781544941	-0.0267799626	-0.084614373	0.0528305711	-0.0283055567	-0.0474174258	0.0479852791	-0.2339058682	0.0184241768	0.0468310233	-0.0003519741	0.0286739103	-0.1109779812	0.200008333	0.0587516354	-0.0594166547	-0.0086910782	0.1128904586	0.0274441164	-0.0152774538	-0.112426601	-0.1799291544	-0.0925098582	-0.0415978669	0.0534130371	0.0060613523	-0.141603901	-0.0717223737	0.0474562765	-0.1495816227	0.1157666509	0.0898746366	0.0480239958	-0.1265411193	-0.0656266462	0.0167458028	-0.1142964595	-0.0919909097	0.0102770185	-0.0148261795	0.0718064272	-0.0626780489	-0.1869566434	-0.0641845681	0.0503709977	-0.0164781081	-0.0233673108	-0.0078625589	0.1177715661	0.011574562	0.0034082815	0.05685367	-0.1340698966	-0.1490450959	0.0232094161	0.0476848023	-0.0274211168	0.01390564	0.0811276753	-0.147890412	-0.1259161521	0.1165232592	-0.1013839798	0.0812449131	-0.0055541202993509	0.0017324320329806	3.0013207488972945e-06	3.084825229966173e-05	0.2079615388122846	0.0002025462112414	0.0432480016251733	4.1024967688250346e-08	-0.2241224299151269	0.0333571906777906	0.0011127021699144	0.0502308635910609	-0.000272764763995	0.0002653202065299	7.039481199312185e-08	7.440061647724805e-08	0.0032630829035042	-0.0002139301345264	4.5766102458483695e-08	1.06477100351414e-05	-0.0041290748803511	-0.0004369882283845	1.9095871174662415e-07	1.704925936754645e-05	0.0	0.0
901.3584869837766	-1.9104761188364137	3.649919000644247	812447.1220576831	965.6896284514784	-7.286557440664183	53.093919336098566	932556.4584987544	835.7039179012476	-1.050639550417486	698401.0383954952	1.1038434649014577	839.8840238352055	668.8406006969448	1.097575	24.764711	0.1152583928876167	0.0522320650287481	0.1225289416	0.0389958426	-0.0099271026	0.0871963766	0.1580334842	0.0921820116	0.046760863	0.0376998209	0.0611951733	-0.1292789269	0.0411105392	0.0747846722	0.0486545627	-0.1704140294	-0.0560123575	0.2235532429	0.0312712789	-0.0521614719	-0.0933350903	0.0263215026	0.0062244664	0.0348214131	-0.0279815262	-0.0960651447	0.0316595897	-0.0131195594	-0.0106464169	0.0136013175	0.0197776576	0.0171649779	0.0369613297	-0.1561516041	-0.0650020057	-0.1149820773	-0.0206299034	0.0260653605	-0.020331186	0.037880493	0.1152160339	-0.0063533108	-0.1445232984	-0.1466501691	0.0262307855	-0.0803520477	-0.2467919743	-0.0829206346	0.0378704666	-0.018504011	0.1669856333	0.0141130743	-0.1597042215	0.025254361	-0.0107158772	-0.0670409982	0.0186430292	-0.0450925269	0.0504290642	-0.0976193138	0.055660395	0.0832626177	-0.0095759416	0.0414687499	0.0589012681	0.0545470791	0.1163891907	-0.0597325053	-0.0042889644	-0.0832624818	-0.0752149686	0.0283241108	0.0008039929	-0.0210173103	-0.0339743457	-0.0680263915	-0.0148662061	0.0474793572	0.1116995254	0.0405502599	-0.0227669977	-0.2030478612	-0.0929889852	-0.0385884782	-0.1585533217	0.0651736801	-0.042632396	0.0355655334	-0.14049423	-0.0270723746	0.0145412227	0.0667144632	-0.004600005	-0.1390042885	-0.0332321294	-0.0772200666	-0.0224360977	-0.0438439766	0.0675204103	-0.0988180014	-0.1130708074	0.0876771108	0.0288469194	-0.0527137028	-0.1654811155	-0.0359535287	-0.0040162634	0.0227702136	-0.0286059419	0.0119283237	0.039375666	0.002303259	0.0153560174	0.032061321	0.0159969002	-0.1049251836	0.023350683	0.0379574002	-0.0917970454	0.0068707208	-0.0460906847	-0.1355359222	-0.1266188352	0.1192723348	-0.1073422654	0.0912870929	-0.0331201499981972	-0.0275660296988463	0.0007598859933576	0.001096944335903	0.1977834033018695	-0.0101781355104151	0.0391182746216699	0.0001035944424683	-0.1885731504932266	0.0355492794219003	0.0012637512674163	0.035559833086941	0.0001156648652404	0.0003884296292354	1.5087757686795033e-07	1.3378361051079892e-08	0.0037027861964857	0.0004397032929815	1.9333898585877505e-07	1.3710625616885038e-05	-0.0041402409232633	-1.1166042912199787e-05	1.2468051431708715e-10	1.7141594902664142e-05	0.0	0.0
900.8547038621944	-0.5037831215822735	0.2537974335911797	811539.1974706419	967.7888876223096	2.09925917083126	4.406889066319151	936615.3310052274	836.4242072200144	0.7202893187668451	699605.4544236296	0.5188167027296058	840.4500055786057	670.6251988111089	1.078795	24.340982	0.0982127060236241	0.0503675809369996	-0.0016797195	-0.1189972066	-0.0298226793	0.0404415708	-0.0148987315	0.1797406287	-0.0198134021	0.0230232718	0.0306901079	0.0721687347	-0.0166597441	0.0900061324	0.1431280367	-0.0754877609	-0.1127143558	0.0748790256	-0.1233119228	0.012177831	0.0001985512	0.1375405657	0.063276238	0.0361102877	-0.0082341334	-0.0163634581	-0.0756257808	-0.1211080488	0.0015237549	0.0625801731	-0.0427335025	0.0928219463	-0.0831177003	-0.0937300548	-0.0842671996	0.0683699232	0.0104796058	-0.077577838	-0.0097450234	0.0184516623	-0.0486951061	-0.0225617979	-0.1529768211	-0.1116800577	0.0672226337	0.0572880147	-0.0214356322	0.1223710757	0.0086898058	0.0621494364	-0.0095007583	-0.115441505	0.0035345947	-0.1304637947	0.0328077843	0.0276720934	-0.0212599328	0.0810881077	0.0483142931	0.1092796215	0.0492893701	0.0387844677	-0.1784105363	0.0191982277	-0.0167021806	0.0137274728	0.0948832603	-0.0580924024	-0.0813710742	-0.07160893	0.0248655499	-0.0427752718	0.0638036672	-0.1180324223	-0.0220577142	0.0258560333	0.0109962338	-0.1394926452	0.0767741898	-0.0505058607	-0.0176026794	-0.0902421516	-0.0194068219	0.049389503	-0.0399654226	0.1345907983	0.0517198466	-0.0710908729	-0.0554463516	-0.0640657769	-0.0836512828	0.0917654697	-0.0183440639	0.0286483386	0.0819297856	-0.0842229522	-0.0307924791	0.0564922583	0.0259234427	-0.0740080182	-0.067557328	0.0494357784	-0.054054594	-0.1482133277	-0.0833085628	-0.1552454112	-0.0030590481	0.0550888981	0.029459054	0.103308252	-0.0029154139	0.062227504	-0.0230463399	0.0836942002	0.0832490653	-0.0184095889	-0.0672314463	-0.0405043059	-0.1362675748	0.1355669846	-0.0994256517	-0.074422331	-0.1272347401	0.1216944932	-0.1126387502	0.1003291122	-0.0154137630633357	0.0177063869348615	0.000313516138287	0.0002375840917726	0.1981509849362623	0.0003675816343927	0.0392638128312108	1.351162579428777e-07	-0.1825930107911517	0.0059801397020748	3.57620708563324e-05	0.0333402075897776	-0.0005472221949124	-0.0006628870601528	4.394192545180218e-07	2.994521306047448e-07	0.0038863384720346	0.0001835522755488	3.36914378591792e-08	1.5103626719216228e-05	-0.0047769735426075	-0.0006367326193442	4.054284285369261e-07	2.281947622677205e-05	0.0	0.0
900.8431829623928	-0.0115208998015532	0.0001327311322374	811518.4402898151	967.1969825146246	-0.5919051076850792	0.3503516565036852	935470.0029853948	837.1813463627898	0.7571391427753724	700872.6066978134	0.5732596815226257	841.1697739135972	665.4854292957763	1.120104	25.273031	0.0528290534133322	0.0277420706049023	-0.1073466143	0.0856766151	0.0065252707	-0.0011670346	-0.0155737982	0.0030635429	-0.0569156482	-0.0870836778	-0.1313835024	-0.0057228091	-0.0189394127	0.0833967804	0.0162729319	0.0069960665	-0.0427192893	-0.0242154457	0.0860296807	0.1329156867	-0.0376168625	0.0644794105	-0.0419812971	0.07480073	0.0128614261	-0.0153891288	-0.0479097028	0.0408435676	-0.0892105314	0.1246314845	-0.1028833868	0.1509843629	-0.0196127986	0.0549687264	0.1501074671	-0.0991003904	0.0763688619	0.0692484028	-0.040217262	-0.0959645711	-0.1745019798	0.0740117045	-0.0064756857	0.0436263973	-0.1702927458	0.0642380694	-0.1480032239	-0.0440637657	0.0841874565	0.0248913626	-0.0520085094	-0.0033692503	0.111097265	0.0392376612	-0.1058831569	-0.1063842667	0.053286484	-0.0287401216	0.2649831281	-0.0335201188	-0.1457712124	0.0551479094	-0.030206576	0.0245172214	-0.0826849944	-0.1281744787	0.0843223587	-0.065326196	0.0153053716	0.0174309529	-0.0350636298	-0.0132231913	0.0863242945	0.0071962486	-0.1761505626	0.0311259658	0.0715291539	0.1253230256	0.0743161377	0.1717970114	0.0905600417	-0.0539767347	0.1178690415	-0.1097845869	0.0249979184	0.0882456797	-0.0067235772	0.0112596948	0.0024436222	0.1054332386	-0.0684612297	0.0078085462	0.0464796671	-0.0285332057	-0.1780758624	0.0570810802	0.0620292838	0.09901173	-0.0588935471	-0.0862686637	0.0553653235	-0.0412916417	0.0299972052	-0.1233895942	-0.1067965047	-0.0228623096	0.0647656431	0.0311516649	0.0501387311	-0.0447430035	0.0521121267	0.1208386879	0.0464713243	0.1266012893	0.0796412651	0.030244654	-0.0026092175	-0.051896825	0.0264217122	-0.0200781931	0.0611702056	-0.1363226287	-0.1277634447	0.1237830955	-0.1172407796	0.1082719048	-0.0068554724271194	0.0085582906362163	7.32443386139476e-05	4.699750219899436e-05	0.1981346393614416	-1.6345574820691988e-05	0.0392573353148885	2.6717781621883987e-10	-0.204250394270872	-0.0216573834797202	0.0004690422591876	0.0417182235598066	-0.0005541795512628	-6.957356350399961e-06	4.840480738645067e-11	3.071149750378384e-07	0.0036232988310274	-0.0002630396410071	6.918985274119646e-08	1.3128294418924525e-05	-0.0045950298655136	0.0001819436770939	3.3103501634449515e-08	2.111429946496193e-05	0.0	0.0
899.6942779251474	-1.148905037245413	1.319982784607884	809449.7937312523	960.8285742367016	-6.368408277922981	40.55662399431795	923191.5490697328	836.1339467282327	-1.0473996345571095	699119.976871331	1.0970459944703663	839.5485612542391	664.2707795450043	1.194677	26.955629	0.1367568641227949	0.0727518507915998	0.1091075827	0.0448513042	0.1051670335	0.0472275496	0.1392630737	0.0015608755	-0.0250495216	0.1024629548	0.0807615746	-0.1321337937	0.1196383485	-0.0002465017	0.0914660552	0.0363260769	0.0132545023	0.1313349776	0.0690040776	-0.0883267029	0.0119750063	-0.0846972446	0.0065343936	-0.1178931213	-0.0863641899	-0.0215254741	0.1115421361	0.0389688654	-0.004048119	-0.1544598901	0.0806654661	0.0748719667	0.0479567175	-0.0294523663	-0.0596073946	-0.0470224541	-0.0969607327	0.0203958372	0.0136153309	0.0435563248	-0.0069135075	0.0506994708	-0.1319206155	0.140023287	-0.0371656432	0.0302767054	-0.0873181276	-0.0039283326	-0.0847348033	-0.030411915	-0.0364978384	-0.0137869275	0.0757103385	0.0181801212	0.0751784862	-0.022222904	0.1163979612	-0.0039198897	-0.1277720955	-0.1084823142	0.0756318232	0.0029440491	0.0932077693	0.0883719113	0.1488635034	0.030346129	0.0072793841	0.0699273709	0.005850119	-0.0496026573	0.0088492611	0.0912821428	-0.0519907488	0.0660821922	0.0640697864	-0.0732447172	0.1080744005	0.0431549676	0.0563371492	-0.1163267046	-0.11820203	0.022898083	-0.064739908	0.0105947068	-0.0339226391	0.1718608558	0.0104757161	-0.0024558656	0.0771389966	0.0534942206	-0.0551721609	0.1577448994	-0.0198327333	0.0253982946	-0.0377074618	-0.0297599836	0.0484674891	-0.030580855	0.0210493227	0.0468427858	-0.0233937676	0.0881039716	-0.0871362992	0.0615446073	0.0267543665	0.1099624476	-0.0264331995	-0.0178831519	-0.0330107913	-0.165805939	0.0254470028	0.1734832197	-0.0416468644	0.0761395542	-0.0164742946	-0.071307288	-0.0988727378	0.0653678112	-0.0479892357	0.0543398772	0.0877120478	0.0403630845	-0.1282045865	0.1255324169	-0.1211199807	0.1150284477	-0.0316928632631174	-0.0248373908359979	0.0006168959835401	0.0010044375818146	0.1875258681130844	-0.0106087712483572	0.0351659512115659	0.0001125460273999	-0.2210661843005112	-0.0168157900296392	0.0002827707943209	0.0488702578411875	-1.203823498128944e-05	0.0005421413162815	2.9391720681944885e-07	1.4491910146474074e-10	0.0047690707376846	0.0011457719066572	1.3127932620848755e-06	2.2744035701039534e-05	-0.0045970148827509	-1.9850172373004835e-06	3.940293432380044e-12	2.113254583223327e-05	0.0	0.0
899.2850306315657	-0.4092472935816431	0.1674833473038996	808713.5663180162	959.95490100337	-0.8736732333316013	0.7633049186400946	921513.4119603898	835.8781333064402	-0.2558134217924817	698692.253739859	0.0654405067691781	839.4585268412158	669.8668466184643	1.159693	26.166279	0.0976654375049643	0.0496218119108387	-0.0466810607	-0.1394768677	0.0411655563	-0.082237739	-0.0680684577	0.013798439	-0.0780125795	0.0922600517	0.0331657065	0.1340021343	0.0276429348	0.090155553	0.0570465904	0.0891270641	-0.0089856557	0.0261667683	-0.0981866786	0.0332057412	-0.0271265279	-0.0691851602	0.0419505315	-0.106416822	0.0055518296	0.0638173683	0.0004575343	0.1161426359	0.058219113	-0.1451105132	-0.0001765575	0.0654429018	-0.0362746744	0.0454501201	0.1201884382	0.0950106892	0.014716406	0.1554437513	0.1240507897	0.0470262207	-0.1291764468	-0.0711624295	0.0420846307	-0.0127645337	0.1458776104	0.057128851	-0.0585564775	0.1156071123	-0.079877211	-0.1383894536	-0.1167631476	-0.0701655278	0.106919729	0.0690910193	0.136355533	-0.0695923884	-0.0150273733	-0.0801076614	-0.0663424388	0.1297004097	0.0597698034	0.0197475858	0.0398822797	-0.055733203	-0.0066195818	-0.0946773744	0.0200841908	0.0948567542	0.1106707103	-0.0385292293	0.1925095285	-0.005095363	-0.0758649947	0.1375786715	0.073458443	0.0348517913	0.0474587008	-0.0755270674	0.0116535186	-0.0506269411	-0.1015998791	0.0995336028	0.0267160565	0.0545556476	0.059975521	0.0678563294	0.1945123985	-0.0310061122	0.0857847923	-0.0543637191	-0.0001739748	0.0219590787	-0.0316768882	-0.1667853981	0.0032535548	0.0470938981	-0.0173707556	-0.0307557339	-0.0289596789	0.0774729413	0.0699957572	-0.0245848532	-0.0706895509	0.0912495996	0.2050749776	0.080821118	-0.2418848021	0.1151615042	0.0163164133	-0.0988360485	-0.0020293817	0.0183682619	-0.1795820794	-0.1008061473	0.0396800881	0.2039041923	-0.2402687071	-0.1081816714	-0.0540542402	0.0555212862	0.1478589411	-0.0187834627	-0.1285578634	0.1269376627	-0.1242524367	0.1205247148	-0.0498552010158874	-0.01816233775277	0.0003298705126456	0.0024855410683345	0.189931412935806	0.0024055448227216	0.0360739416197916	5.7866458941228025e-06	-0.2480805800962144	-0.0270143957957031	0.0007297775802069	0.0615439742208742	0.0003016686713497	0.0003137069063309	9.84120230797602e-08	9.100398727389332e-08	0.0053813720976094	0.0006123013599248	3.749129553657595e-07	2.8959165652929e-05	-0.0045213599663313	7.565491641960045e-05	5.7236663784567295e-09	2.044269594514337e-05	0.0	0.0
900.2833067354146	0.998276103848866	0.996555179515672	810510.0323864527	966.8073702045516	6.852469201181634	46.95633415314286	934716.4910818408	836.2266373286974	0.3485040222572024	699274.9889780608	0.1214550535294486	840.5090754353918	670.2321766193052	1.081668	24.405798	0.0895218720429553	0.0645006156650442	-0.1203964758	0.0759910779	0.0466743483	-0.038414521	0.1100087473	-0.1129954242	-0.0577805136	-0.0319300671	-0.0993473792	0.00657509	0.0552720476	0.0199049972	-0.0469577772	-0.0019991291	0.0718677973	-0.0889592379	0.0981002378	0.0409851825	-0.0317447158	-0.0370279899	-0.1633870512	0.0195057878	-0.0010829331	0.0502291089	0.0650505151	0.1413259318	0.1278498054	0.0939887411	0.0398723179	0.0185615666	0.0671954553	-0.0140901803	0.1084742277	-0.0190707232	-0.0111376148	0.0300922474	0.0552110118	-0.0268098327	0.0040578113	0.0342106561	0.0607313063	0.1337784288	0.0019219028	0.0541250722	0.0365017419	-0.0695968289	-0.118453562	0.0882619299	0.0404510037	0.0042790634	-0.0388415699	-0.0102418005	0.0944071804	-0.0289686512	0.0281963331	-0.0783320366	0.0210375809	-0.0309206177	-0.0939667621	0.0125711188	0.1360738208	0.0548198409	-0.0316931049	-0.0560670656	-0.053134532	0.0365036057	0.0963564023	-0.0016276164	-0.0965862312	-0.1446287373	-0.0574826887	0.1679692853	0.05032265	0.057610651	0.0372908097	0.0773924132	0.0517011272	-0.0670990255	-0.0215743448	0.0475781517	0.039637505	-0.0149656689	0.0022897083	0.0399966697	-0.0346171606	0.0058163656	0.1179390308	0.027727617	-0.0056937119	-0.1622685483	0.0713353287	0.0512048117	-0.057420124	-0.0483803025	0.0534287257	-0.0094294628	-0.0442942221	0.062023465	0.1032131816	-0.1157832747	0.1163647943	0.1205169027	0.1910934083	0.126117003	-0.1763187155	0.113167016	-0.0425488789	-0.1894531277	-0.0406413379	0.051982049	-0.0994035786	-0.0249827472	-0.0552955491	0.0176171743	-0.0123968477	-0.0880690148	0.0618591999	-0.1031946878	0.0933228475	0.0706581803	-0.1288230331	0.1279949812	-0.1266188352	0.124700488	-0.0498996904027535	-4.4489386866103375e-05	1.9793055437218113e-09	0.0024899791022906	0.1892474755467788	-0.0006839373890272	0.0358146070008286	4.677703521093745e-07	-0.2761240803671114	-0.0280435002708969	0.0007864379074438	0.0762445077585829	0.0013832900470349	0.0010816213756852	1.1699048003391446e-06	1.913491354225816e-06	0.0053308729087455	-5.049918886390007e-05	2.5501680759118486e-09	2.841820596919671e-05	-0.0046042383017055	-8.28783353742004e-05	6.8688184743984385e-09	2.119901033889195e-05	0.0	0.0
900.1497549376062	-0.1335517978084226	0.0178360826978618	810269.5813142324	964.6552717919444	-2.152098412607188	4.631527577546379	930559.7933959902	836.632128330256	0.4054910015586301	699953.318154414	0.164422952345021	840.8995388914636	663.8062214785234	1.116082	25.182291	0.0439466825302389	0.0257701210398626	0.0784935102	0.1012173334	0.0190016178	-0.1204949545	-0.0326228179	5.99705e-05	0.1444005428	0.0413424392	0.0028809781	-0.1273195682	-0.0137396178	-0.0529832459	0.0783031828	0.0189533306	-0.0137941232	-0.0913417735	0.1082014729	-0.0431235564	-0.0143168882	0.1028632908	-0.058179636	-0.0438581138	0.0970246165	-0.1270383362	0.0473028164	0.0405745088	-0.0331956462	0.0935785839	0.0415739736	-0.1258331047	-0.1218631663	0.0129089659	-0.1339649254	-0.0022368031	0.0601626275	0.122948206	-0.0663728486	-0.0960188436	-0.0181829837	0.0538985105	0.0387686975	0.0638632469	0.0042950389	-0.0050707516	-0.0597103138	-0.0677079422	-0.1156696585	0.1100025001	0.0766812452	0.1102976912	-0.0482324917	0.1674313977	0.0132794153	0.2079058569	-0.0350294666	0.1887421645	0.0184694237	-0.1066627258	-0.0062376871	0.0177890432	-0.068407775	-0.0019344218	-0.0422980762	0.1423763898	-0.0937658637	0.1045423498	-0.0463326644	0.1869802265	-0.0975560507	-0.1158715149	0.149333165	0.0085321829	0.0780670691	0.0098953422	0.1143148315	-0.0315479626	0.1135501275	0.0112764494	-0.0245684845	-0.0071495403	0.0742071453	-0.0282601393	0.0670742365	-0.0124044724	0.0554921201	0.0034436978	0.0732745478	0.0533026307	0.0578421318	-0.1948115826	0.0962039392	-0.1377631312	0.0215117719	-0.0284296752	0.0276534672	-0.2828040188	0.0661030746	0.0958393565	0.0175583999	0.0481281013	0.2094140414	0.1524304777	0.0817304145	0.1334721892	-0.1892288871	0.1390193229	-0.1130391769	-0.1591262733	0.0404621234	-0.1335818847	-0.1546674578	-0.1575328556	0.0607806098	0.1095854821	-0.0728756856	0.1446139054	0.0058662963	-0.108921007	-0.0215438257	0.1163816239	-0.1289999139	0.1287014744	-0.1282045865	0.1275100165	-0.0441301847019275	0.005769505700826	3.3287196031863744e-05	0.0019474732018262	0.1892854640668844	3.798852010561404e-05	0.0358289869070157	1.4431276598146423e-09	-0.2528496424962441	0.0232744378708673	0.0005416994582048	0.0639329417104784	0.001385020140155	1.73009312010009e-06	2.993222204217664e-12	1.918280788634976e-06	0.0055207987158323	0.0001899258070867	3.60718121975723e-08	3.0479218460735573e-05	-0.0047098774102674	-0.0001056391085619	1.115962125775293e-08	2.2182945219747157e-05	0.0	0.0
902.8568297958368	2.7070748582306123	7.32825428806429	815150.4551089887	966.0170609717276	1.361789179783159	1.8544697701744888	933188.9620884544	837.965572534018	1.3334442037619283	702186.3007522644	1.778073444546283	842.0725992302138	664.0647355878103	1.274696	28.761116	0.1941380576061913	0.091026794484848	0.126856836	-0.0121430162	-0.0680053129	-0.1090242523	0.0131980239	0.0296353483	0.0844081989	0.0312392668	0.1211140766	-0.0366494533	-0.103319969	-0.0742822115	-0.0395377141	0.1519991611	0.0083412975	-0.015338505	0.0303108486	-0.1187336179	0.1364188024	0.0987479714	0.0722759317	0.0766535676	-0.018560019	-0.130357845	0.0617334743	0.1062520599	0.0241142664	0.1551800261	0.0139441549	0.0806495792	0.0244334268	0.0996103587	-0.0374034482	-0.0020935015	-0.0079918462	0.0248802171	-0.0222132247	0.0156169313	0.0331875576	0.0254358276	-0.1281290657	0.0523250295	-0.0562771042	0.1538986915	0.0012665313	-0.012746379	0.1234335118	-0.0156245501	-0.1152004687	0.0641233961	-0.0414627752	-0.0943598221	-0.0683493098	0.0528273772	-0.0438572265	0.0375871491	-0.0515405319	-0.0701676239	0.0966332768	-0.1153107923	-0.1105122053	-0.0049895823	0.0114562082	0.1342989467	0.0912506374	0.082061087	0.0511762341	0.0405284373	-0.0406206096	-0.1782473859	0.0832503499	0.0341060449	-0.1067679604	-0.0814766537	0.1349748085	0.0151309064	0.0127986683	0.0629242392	0.0607508446	-0.0692103011	-0.0197740902	0.0944355489	-0.0141143316	-0.0411231907	-0.0811449127	0.0221210098	0.1966030371	-0.0625551729	0.0047920473	-0.054621925	-0.0183502721	-0.0156115316	0.055150172	0.1815030126	-0.0477673628	0.0770199475	-0.0963305132	0.1874580444	0.0052178405	0.2551583406	0.0447394907	-0.0653537564	0.218844382	0.1499023421	-0.0074914863	-0.1076814175	0.069623339	-0.0384217244	-0.4838580959	-0.0517797056	0.2874156586	0.3791293913	-0.0534960288	0.1197122174	0.2236686699	-0.0895044281	0.0379201086	0.1151466766	-0.0835230626	-0.0226647801	-0.1290883846	0.1290552057	-0.1289999139	0.1289225186	-0.0152076071268965	0.028922577575031	0.0008365154935836	0.000231271314526	0.1450399968746865	-0.0442454671921979	0.021036600693409	0.0019576613670558	-0.3220279800657266	-0.0691783375694825	0.0047856423888772	0.103702019945212	0.0009818473671139	-0.0004031727730411	1.6254828492165044e-07	9.640242523084971e-07	0.0057409521099016	0.0002201533940692	4.846751692023232e-08	3.295853112818363e-05	-0.0042973700719882	0.0004125073382792	1.7016230413419046e-07	1.846738953561987e-05	0.0	0.0
