global_signal	global_signal_derivative1	global_signal_derivative1_power2	global_signal_power2	csf	csf_derivative1	csf_derivative1_power2	csf_power2	white_matter	white_matter_derivative1	white_matter_power2	white_matter_derivative1_power2	csf_wm	tcompcor	std_dvars	dvars	framewise_displacement	rmsd	t_comp_cor_00	t_comp_cor_01	t_comp_cor_02	t_comp_cor_03	t_comp_cor_04	t_comp_cor_05	c_comp_cor_00	c_comp_cor_01	c_comp_cor_02	c_comp_cor_03	w_comp_cor_00	w_comp_cor_01	w_comp_cor_02	w_comp_cor_03	w_comp_cor_04	w_comp_cor_05	w_comp_cor_06	w_comp_cor_07	w_comp_cor_08	w_comp_cor_09	w_comp_cor_10	w_comp_cor_11	w_comp_cor_12	w_comp_cor_13	w_comp_cor_14	w_comp_cor_15	w_comp_cor_16	w_comp_cor_17	w_comp_cor_18	a_comp_cor_00	a_comp_cor_01	a_comp_cor_02	a_comp_cor_03	a_comp_cor_04	a_comp_cor_05	a_comp_cor_06	a_comp_cor_07	a_comp_cor_08	a_comp_cor_09	a_comp_cor_10	a_comp_cor_11	a_comp_cor_12	a_comp_cor_13	a_comp_cor_14	a_comp_cor_15	a_comp_cor_16	a_comp_cor_17	edge_comp_00	edge_comp_01	edge_comp_02	edge_comp_03	edge_comp_04	edge_comp_05	edge_comp_06	edge_comp_07	edge_comp_08	edge_comp_09	edge_comp_10	edge_comp_11	edge_comp_12	edge_comp_13	edge_comp_14	edge_comp_15	edge_comp_16	edge_comp_17	edge_comp_18	edge_comp_19	edge_comp_20	edge_comp_21	edge_comp_22	edge_comp_23	cosine00	cosine01	cosine02	cosine03	trans_x	trans_x_derivative1	trans_x_power2	trans_x_derivative1_power2	trans_y	trans_y_derivative1	trans_y_power2	trans_y_derivative1_power2	trans_z	trans_z_derivative1	trans_z_derivative1_power2	trans_z_power2	rot_x	rot_x_derivative1	rot_x_power2	rot_x_derivative1_power2	rot_y	rot_y_derivative1	rot_y_power2	rot_y_derivative1_power2	rot_z	rot_z_derivative1	rot_z_derivative1_power2	rot_z_power2	motion_outlier00	motion_outlier01	motion_outlier02	motion_outlier03	motion_outlier04	motion_outlier05	motion_outlier06	motion_outlier07	motion_outlier08	motion_outlier09	motion_outlier10	motion_outlier11	motion_outlier12	motion_outlier13	motion_outlier14	motion_outlier15	motion_outlier16	motion_outlier17	motion_outlier18	motion_outlier19	motion_outlier20
964.183769543248	n/a	n/a	929650.3414506272	1109.0875388531645	n/a	n/a	1230075.1688393697	880.4279180349138	n/a	775153.3188552929	n/a	892.2627002686796	844.3005404228203	n/a	n/a	n/a	n/a	0.0828773236	-0.0378769234	0.0647607636	-0.0327335571	0.1203263962	-0.0163703837	-0.0759799011	0.0667060702	-0.0201612707	0.0290052722	-0.045379751	-0.0232735712	0.0372622933	-0.0759928382	0.1579982841	-0.018426192	-0.0526566375	0.0063218333	-0.0248994256	0.0949625099	-0.0306473768	0.0796127049	-0.0016281759	0.0083059213	-0.0965809762	0.0573772489	-0.1153734676	0.0355744176	-0.0682718704	-0.0459673036	-0.0095068397	0.0512997504	-8.873e-07	0.1781057256	-0.0187533057	0.0543509045	-0.0043090804	0.0021606894	-0.0765522652	0.1064946756	-0.056407817	0.0020983653	-0.0472105323	0.0181688089	-0.0615238721	0.044674815	-0.0870231794	-0.0590083842	0.0954603525	-0.0124818485	0.0270855656	-0.0151907572	0.0231668798	-0.1004852137	0.0433543488	-0.0252125001	0.0221585399	-0.015200545	0.0675836116	-0.0228971916	0.0203950449	-0.0640564098	0.0073120153	0.0212344394	-0.1294385204	0.101211632	-0.0040569169	0.030993752	-0.0159186912	0.1166607172	-0.1315175501	0.1290883846	0.1290552057	0.1289999139	0.1289225186	0.055472819973076	n/a	0.0030772337557652	n/a	0.0776331242203127	n/a	0.0060269019762065	n/a	-0.1326502508209728	n/a	n/a	0.0175960890428669	0.0019626481707782	n/a	3.851987842259015e-06	n/a	-0.000457877461883	n/a	2.096517701004181e-07	n/a	0.0006349498436506	n/a	n/a	4.031613039519214e-07	0.0	0.0	0.0	0.0	0.0	0.0	0.0	0.0	0.0	0.0	0.0	0.0	0.0	0.0	0.0	0.0	0.0	0.0	0.0	0.0	0.0
955.9018919422216	-8.281877601026395	68.58949659838271	913748.4270187188	1089.5260116955465	-19.561527157618	382.6533447382266	1187066.930161204	878.1879016492152	-2.2400163856985955	771213.9906030516	5.017673408198199	889.4806953683839	824.6908194283831	0.98053	24.026752	0.1906965032932845	0.1351679674090273	0.0174481902	0.0274372362	0.008564327	0.0060466782	0.0922529912	-0.0051929835	0.0302348642	-0.0341531063	0.0577030694	0.0490608801	0.00465819	-0.0658747585	-0.0136400794	-0.0339670688	0.158635281	-0.0108828748	-0.0877000635	0.0790457149	-0.0768455201	0.0165187605	-0.018018459	-0.1491134455	-0.0356358374	-0.0298001281	0.0095744674	-0.01366201	0.0046418428	-0.0800426452	-0.0597351579	0.0021057434	-0.063435425	-0.0076531622	0.0423976306	0.1555836596	-0.0577318575	0.0736440307	0.0830008079	0.0642302118	-0.067018154	-0.1178962763	0.0800121613	0.0237618738	-0.0163511018	-0.0143758372	0.0225400651	0.0456311775	0.0069122195	-0.0474514863	0.0463567552	-0.0204550679	0.0321415727	-0.0562620334	0.0552036336	0.0054139351	0.0464964649	-0.0197525885	-0.078826063	-0.0064100232	0.016558267	-0.1703206565	-0.0605463485	-0.1262619306	0.0210369717	-0.0217922595	-0.0598964166	0.0843746466	-0.052897258	0.0872383505	-0.1757549632	0.0693474327	-0.168724868	0.1289999139	0.1287014744	0.1282045865	0.1275100165	0.0509102564650447	-0.0045625635080313	0.0025918542133366	2.0816985764818916e-05	0.0984460351702125	0.0208129109498998	0.0096916218407347	0.0004331772622084	0.0003707426283057	0.1330209934492784	0.0176945846982329	1.3745009644301846e-07	0.0025231256079298	0.0005604774371515	6.366162833391123e-06	3.141349575560256e-07	-0.0004252666011541	3.2610860728899966e-05	1.8085168205716043e-07	1.06346823747971e-09	0.0005820374338096	-5.2912409841000016e-05	2.799723115181955e-09	3.387675743556645e-07	0.0	0.0	0.0	0.0	0.0	0.0	0.0	0.0	0.0	0.0	0.0	0.0	0.0	0.0	0.0	0.0	0.0	0.0	0.0	0.0	0.0
952.4495840519658	-3.452307890255838	11.918429769122715	907160.2101607624	1086.9458502777352	-2.5801614178112686	6.657232941961856	1181451.2814359886	877.1931206864177	-0.9947809627974492	769467.7709795762	0.9895891639442204	888.9291127197578	802.0303606154902	0.904663	22.167717	0.0855924552333578	0.0463932772484691	-0.0782989745	0.0923051798	0.0455461503	-0.0346045471	0.092087685	-0.0463074411	0.0554294433	-0.1040059666	0.0423133754	-0.0001367997	0.0202703248	0.0320893034	-0.0159914643	-0.0051385433	0.1203579204	-0.0796516481	-0.0407406121	0.0322908883	0.0637142686	-0.0343347691	-0.0231278202	0.0305491571	0.0245877709	0.1324845129	0.0858644693	-0.0356284951	0.0970361614	-0.0484601179	-0.0709282672	0.0183993431	0.0218248543	-0.0364977458	0.0582592981	0.1265213074	0.0614736386	0.0547298558	0.0335470513	-0.0636721709	0.047301147	0.0446047493	-0.0169398101	0.0585730292	0.0229814632	0.0837259388	-0.050144252	0.066420971	0.0671762707	-0.0380634226	0.053445788	-0.0332384353	0.0369364997	-0.0488795286	0.0611107117	0.0255058564	0.0567266493	0.0484488686	-0.1325157915	0.0193297868	0.0482643636	-0.029554962	-0.0848849166	0.0083862263	0.0212062904	-0.0633124335	0.096475731	0.1097456167	-0.0275117261	0.0346992305	-0.0386774772	-0.0141583309	-0.1702481368	0.1288230331	0.1279949812	0.1266188352	0.124700488	0.0508789529407778	-3.130352426689714e-05	0.0025886678523498	9.799106315282183e-10	0.0936820425594078	-0.0047639926108046	0.0087763250981026	2.269562559580172e-05	0.0428589029696269	0.0424881603413212	0.0018052437691898	0.0018368855637598	0.0028615973222166	0.0003384717142868	8.188739234517216e-06	1.145631013722453e-07	-0.0002243437528473	0.0002009228483068	5.033011944161042e-08	4.0369990971717375e-08	0.0008088228463553	0.0002267854125457	5.1431623343523366e-08	6.541943967862893e-07	0.0	0.0	0.0	0.0	0.0	0.0	0.0	0.0	0.0	0.0	0.0	0.0	0.0	0.0	0.0	0.0	0.0	0.0	0.0	0.0	0.0
954.8650768708446	2.4154928188788745	5.834605558055411	911767.315027564	1089.2968757881606	2.351025510425416	5.527320950671086	1186567.6836018474	876.9808529804008	-0.2122677060169735	769095.4164942313	0.0450575790177083	888.0655408112899	806.2413914340666	0.8580879999999999	21.026438	0.1743176373360015	0.0840305212427454	-0.0383259003	0.0650499772	0.033641069	-0.0046525401	0.0360717105	-0.0328233457	0.0320218991	-0.0209019032	-0.0053439881	0.0150984722	0.022815633	0.0108863477	0.0229167314	-0.0125313732	-0.0255060775	-0.0460801289	0.0849147863	0.0145154515	-0.0471597473	-0.1031377962	0.111895903	-0.1218146288	0.0514715803	-0.0986315744	0.0980681486	0.0073870096	-0.1012912137	-0.0104650324	0.1361354917	0.0226577654	0.0231689426	0.0152427911	-0.0199750206	-0.0174872204	0.0500878743	-0.0547962622	0.0048209881	0.03392244	0.0691605948	-0.1792380548	0.0018816348	-0.0310681799	0.0489024501	-0.0140614254	0.1558911182	-0.0748946437	0.0956460932	-0.0196621578	0.0222912343	-0.0157835237	0.0352641944	-0.0270624568	0.0314620001	0.0484587531	0.0396927769	0.0455606506	-0.0714434693	-0.0241511252	-0.0097244782	-0.0831535136	-0.0246159934	-0.0476120565	0.0353110222	0.0104443663	0.1015459769	0.0283229017	-0.0062059154	0.0890907323	-0.0846443989	0.0553285277	0.043510618	0.1285578634	0.1269376627	0.1242524367	0.1205247148	0.0508746991807527	-4.253760025101083e-06	0.002588235016732	1.8094474351147967e-11	0.1327095349567173	0.0390274923973095	0.0176118206684281	0.001523145162822	0.0753617037582188	0.0325028007885919	0.0010564320591028	0.0056793863933415	0.0017919000262393	-0.0010696972959773	3.210905704036404e-06	1.144252305021148e-06	0.0004219209443658	0.0006462646972131	1.7801728329452854e-07	4.176580588639398e-07	0.0004691230317442	-0.0003396998146111	1.1539596404681573e-07	2.200764189128697e-07	0.0	0.0	0.0	0.0	0.0	0.0	0.0	0.0	0.0	0.0	0.0	0.0	0.0	0.0	0.0	0.0	0.0	0.0	0.0	0.0	0.0
956.9300975074694	2.0650206366248085	4.26431022968633	915715.2115156548	1093.1917880665171	3.8949122783565135	15.170341656092337	1195068.285496069	878.3189670929487	1.3381141125479417	771444.2079552243	1.7905493781999655	888.4581014140488	805.6266213691596	0.987663	24.201538	0.1894932911990213	0.1005470285941186	-0.0065174816	0.0429805546	-0.0246024942	-0.0619869837	-0.0653940576	-0.0496114439	0.0097018423	-0.0021376569	-0.0293726302	-0.0240834546	0.001006221	0.0641560206	0.0510445642	0.0233105484	-0.0398382645	-0.0445953751	0.110094727	-0.0929750664	0.1360253309	-0.0377314496	-0.0297707853	-0.0248149546	0.0461324252	0.0194042625	0.037024107	-0.0797592357	0.0264002165	-0.029359054	-0.1074719111	0.0054736166	0.0666499245	0.0421875216	0.0042130909	-0.0428512748	0.0623812469	-0.0898398365	-0.0824497882	-0.1054997757	0.1075915582	-0.005180938	0.0211857994	0.0443723228	-0.0150834521	0.0264989603	-0.041144851	0.0581688954	0.0237966088	-0.0222989488	0.0352413286	0.0132293768	0.0450554058	0.0268789338	0.0218739549	-0.0216767865	0.0543373981	0.0181354373	-0.0060685315	-0.0679223741	0.0352477188	0.1080914944	-0.0159041771	0.1065100237	0.0663007715	0.0932207692	0.0613192003	0.0948670249	0.056954807	-0.1861894379	0.0459902975	0.0218533798	0.0391559375	0.1282045865	0.1255324169	0.1211199807	0.1150284477	0.050974704702142	0.0001000055213893	0.0025984205194705	1.0001104308345744e-08	0.1087127324793328	-0.0239968024773845	0.0118184582031229	0.0005758465291386	-0.0026306760101988	-0.0779923797684176	0.006082811301941	6.920456270635476e-06	0.0008932484191702	-0.000898651607069	7.978927383500613e-07	8.07574710887876e-07	0.0012161856304317	0.0007942646860658	1.4791074876685514e-06	6.308563915313625e-07	0.0004139572562426	-5.516577550159998e-05	3.043262786692928e-09	1.7136060999590161e-07	0.0	0.0	0.0	0.0	0.0	0.0	0.0	0.0	0.0	0.0	0.0	0.0	0.0	0.0	0.0	0.0	0.0	0.0	0.0	0.0	0.0
963.9847406301648	7.054643122695325	49.76798958859244	929266.580167806	1102.992666859272	9.80087879275493	96.05722511027332	1216592.823145329	881.8326153578314	3.513648264882704	777628.761508833	12.345724129313236	891.7819873780546	836.2821505794705	1.009755	24.742872	0.3034375159512507	0.1574486967243563	0.0594060225	-0.0536649806	-0.0027584557	-0.0737908704	-0.0100315281	-0.0710619092	-0.0502563082	0.0694739587	-0.0753513132	0.0517577736	-0.0550316385	-0.009168353	0.140136116	-0.0202845412	-0.0472358596	0.0028132504	-0.0197290143	-0.0480554494	-0.0853212584	0.0030261198	-0.1656934861	0.1224016848	0.0562170934	0.1428120383	-0.051238576	-0.0734768949	-0.1271191796	0.0974972485	-0.0995821368	-0.0455490151	0.0167168521	0.1526426473	-0.0276069393	-0.0420226854	-0.0002359151	0.0385368062	-0.0642340491	0.0284015471	0.0342712294	0.1581757429	-0.0464231871	0.1171513009	-0.0407972536	0.0887128022	-0.1595521683	-0.0882297374	0.0294372545	-0.0144720226	0.0171594188	0.0379072528	0.0416883959	0.0950335936	-0.0225411075	-0.0986990184	0.0842585729	-0.0371375644	0.0798748385	-0.1413111769	0.0412359641	0.1183526327	-0.1367613553	0.2078503481	0.0125646211	-0.0111875981	-0.0731061924	0.010985472	0.254402911	0.035492678	0.1123539782	-0.0276836146	0.0923874107	0.1277634447	0.1237830955	0.1172407796	0.1082719048	0.0450818447843062	-0.0058928599178358	0.0020323727291562	3.472579801123576e-05	0.2155420941992076	0.1068293617198748	0.04645839437178	0.0114125125254758	-0.0452299233977839	-0.0425992473875851	0.0018146958779886	0.0020457459705693	-0.0010330370850048	-0.001926285504175	1.0671656189952143e-06	3.710575843594734e-06	0.0001802860464252	-0.0010358995840065	3.2503058535629366e-08	1.0730879481448395e-06	0.0004140931065802	1.358503375999869e-07	1.845531422603041e-14	1.714731009172409e-07	0.0	0.0	0.0	0.0	0.0	0.0	0.0	0.0	0.0	0.0	0.0	0.0	0.0	0.0	0.0	0.0	0.0	0.0	0.0	0.0	0.0
964.7147696150108	0.7300289848460579	0.5329423187153659	930674.5867133434	1104.6692494163829	1.6765825571108053	2.810929070808206	1220294.1506061547	879.702369476249	-2.1302458815823684	773876.258862127	4.537947515998642	890.5151883488726	839.044590761669	0.9437930000000002	23.126553	0.3803293309552787	0.2353423226864563	0.0945910045	-0.0464982106	0.0099777605	-0.0141452342	-0.003074295	-0.0139719824	-0.0370427511	0.102481286	-0.0917945081	0.0506617046	-0.016568897	-0.0252680878	0.0846951806	-0.0100597894	0.0331948375	0.0435620452	-0.0229948729	-0.0147051456	-0.0459297111	-0.0986832619	-0.0002410962	-0.0058211471	-0.0103035138	-0.0112305327	-0.0946948474	0.1198278981	-0.0816272273	-0.0507098927	0.0628391406	-0.0121651183	-0.0039371681	0.086364691	-0.0082987205	0.0070208092	-0.0446993966	0.0217003775	-0.0522281517	0.0599677562	0.0882857321	-0.0231597272	-0.0443705609	0.045121563	-0.0598715694	-0.0976183977	0.0209501604	-0.0071097947	-0.1248979823	-0.0224453711	0.025324855	0.038096592	0.0246338894	0.0342353311	0.0210646119	-0.1298644661	-0.0764173691	-0.0474414264	0.0457995098	-0.0041542945	-0.114693541	0.1148916703	0.0965162592	-0.1051166025	0.1123534729	-0.0653693784	0.0915299817	0.0370079409	-0.0282200747	-0.1284177575	-0.0057952984	0.0790871668	-0.0362665936	0.1272347401	0.1216944932	0.1126387502	0.1003291122	0.0508937528773714	0.0058119080930651	0.0025901740819429	3.377827568223676e-05	-0.0002834919937271	-0.2158255861929347	8.03677105073661e-08	0.0465806836555238	0.043738555958555	0.0889684793563388	0.0079153903189793	0.0019130612773396	-0.000450947159047	0.0005820899259578	2.0335334025256034e-07	3.3882868190155704e-07	-0.0001147100135283	-0.0002949960599535	1.3158387203662771e-08	8.702267538808897e-08	0.0009314742669277	0.0005173811603475	2.676832650825255e-07	8.67644309948496e-07	0.0	0.0	0.0	0.0	0.0	0.0	0.0	0.0	0.0	0.0	0.0	0.0	0.0	0.0	0.0	0.0	0.0	0.0	0.0	0.0	0.0
963.8051324574716	-0.9096371575392368	0.8274397583760623	928920.3333513644	1098.8387507919438	-5.830498624439088	33.99471420958609	1207446.6002419996	880.6272386179829	0.9248691417338932	775504.3333959338	0.8553829293315883	891.8330774721892	846.3807489640287	1.028869	25.211245	0.2101093790970258	0.1358222427766251	0.0816394399	-0.0625687177	0.0430087504	-0.0194036611	-0.0235224228	0.0053456596	-0.0239809733	0.0718652952	-0.0559726527	0.0600447401	-0.0557375963	-0.0167213223	-0.0079682385	-0.0128486376	0.0768027408	0.0287852228	-0.0326247098	-0.0646954162	0.0531146063	0.1306023546	0.0132617742	0.1108514777	0.021926556	-0.0233666872	-0.0053079511	-0.0156928373	-0.0882057636	-0.0054288152	-0.0302313342	-0.0512391034	-0.0272723039	0.0117333323	0.015633523	0.0750550147	-0.0394994485	0.0188908254	-0.0318552924	-0.0773700768	-0.1328807146	0.1490278282	-0.0438327237	-0.1024723091	-0.0702008861	-0.0388520645	-0.0033933995	0.0337907877	0.0698315013	0.0031915927	0.0171555075	0.00438067	0.0052259185	0.0303164541	0.0109957706	-0.049284325	-0.0028586938	0.050946639	0.0729894927	0.0873775632	0.0819046294	0.1263628557	0.0775740049	-0.0042072985	-0.0804787519	-0.0324995408	-0.2159149327	0.0435784656	0.0106293026	0.0740675008	0.0525564752	-0.0457241936	0.0472555118	0.1266188352	0.1192723348	0.1073422654	0.0912870929	0.0438600388952039	-0.0070337139821674	0.0019237030118887	4.947313238293855e-05	0.1238173172485801	0.1241008092423072	0.0153307280506355	0.0154010108545955	0.0228565532724189	-0.020882002686136	0.0004360580361837	0.0005224220274949	0.0005510438747593	0.0010019910338063	3.036493519097431e-07	1.003986031828218e-06	-0.0001137870222858	9.229912425000032e-07	1.2947486440669143e-08	8.519128337316997e-13	0.0007725312282482	-0.0001589430386794	2.5262889544673026e-08	5.968044986186725e-07	0.0	0.0	0.0	0.0	0.0	0.0	0.0	0.0	0.0	0.0	0.0	0.0	0.0	0.0	0.0	0.0	0.0	0.0	0.0	0.0	0.0
957.6835798995014	-6.121552557970176	37.473405719991206	917157.8392091248	1095.7351548376162	-3.103595954327602	9.63230784771866	1200635.5295470147	878.669103976184	-1.9581346417988923	772059.3942823102	3.834291275412877	891.0212050337925	825.5769459376639	1.096496	26.868345	0.0869880777058933	0.0483418465258359	-0.0059060069	0.0014125169	-0.0339865205	-0.0332841215	-0.0239871343	-0.0186812991	0.0109976823	-0.0298165382	0.0220731615	0.0018754953	-0.008889918	-0.0239065001	-0.0330973547	0.0391313152	0.0921141142	0.0391563737	-0.0779313712	-0.0051831567	0.0233496017	0.0577646924	-0.0405748582	-0.1416686779	-0.0010046062	-0.0209517326	0.1212359362	0.0142328474	-0.0244895066	0.0046102839	0.0391807886	-0.0110076147	-0.0358340772	-0.0349703516	0.0709843037	0.0685509164	-0.0799585349	0.0246192857	0.0296600936	-0.0379117025	-0.1053084488	-0.0901122754	0.1212093139	0.057431836	0.0041640037	0.0654286078	0.0638345527	0.0048779485	0.0730202889	-0.0010099698	0.0010499269	0.0067223746	0.0260592503	-0.0216635042	0.0336249199	-0.0121980577	0.022490397	-0.0073685283	0.0336704307	-0.0055582909	-0.0257933491	-0.099771418	-0.0573785317	0.0604020708	-0.0038183648	0.0889942127	-0.0692757554	-0.0568723944	0.0088105036	0.0792216458	-0.2099424892	-0.0106114524	-0.0010790211	0.1259161521	0.1165232592	0.1013839798	0.0812449131	0.05097868632906	0.007118647433856	0.0025988264598366	5.067514128754598e-05	0.166555485616854	0.0427381683682738	0.027740729789066	0.0018265510354749	0.0372550763211023	0.0143985230486834	0.0002073174659834	0.0013879407116911	0.0002920327944983	-0.000259011080261	8.528315306248633e-08	6.70867396979702e-08	-0.0001139159583229	-1.2893603709999892e-07	1.2976845560624689e-08	1.6624501663052302e-14	0.0005770164674447	-0.0001955147608035	3.8226021692049824e-08	3.3294800370236055e-07	0.0	0.0	0.0	0.0	0.0	0.0	0.0	0.0	0.0	0.0	0.0	0.0	0.0	0.0	0.0	0.0	0.0	0.0	0.0	0.0	0.0
958.144873324228	0.4612934247265912	0.2127916236959872	918041.598277501	1093.2860502132698	-2.449104624346319	5.998113460994524	1195274.3875909324	878.1521887364124	-0.5169152397716061	771151.2665825518	0.2672013651081371	890.0336333369964	814.4391733855165	0.920523	22.556343	0.1518263751559829	0.0994126657381243	-0.0351730015	0.0263923955	-0.0436767977	0.0072013622	0.0480831968	-0.0934619367	0.0167306696	-0.0036039499	0.0583549213	-0.0002420019	0.0061366426	-0.0176657786	0.0008264302	-0.0130092228	0.0271845718	-0.0311481933	-0.0041601818	0.0170048168	-0.0207745836	-0.1319923243	0.0237541338	0.0358797554	0.0431649114	0.0736279491	-0.0848986815	-0.148437315	0.0539802206	-0.0150158341	0.0563477311	0.0042600882	-0.0221750613	-2.40769e-05	0.0088296951	0.0340567112	0.0319834266	0.0427138712	0.0284516269	0.1007147613	0.1190520508	0.0229459136	0.0336356428	-0.0349177635	-0.0762868667	-0.0461720123	0.0816258476	0.0798312976	0.032166515	0.0040979186	0.0083285871	0.0202791637	0.043509873	-0.045895264	0.0382539314	-0.0101259973	-0.0243095803	0.0048030321	-0.0367065091	-0.0294754352	-0.050544561	0.0265445139	0.0114562089	-0.0341463147	-0.0284400286	-0.0190004558	0.0320372326	0.0549336611	-0.0533269531	-0.0278433141	0.0196680984	-0.1185235343	-0.0625139249	0.1251271724	0.1134548014	0.0948006283	0.0703125971	0.0509439551759527	-3.4731153107293855e-05	0.0025952865689694	1.2062529961622875e-09	0.0737591825552215	-0.0927963030616324	0.0054404170112144	0.0086111538619063	0.0527171927463854	0.015462116425283	0.000239077044349	0.0027791024110595	0.0008509491510908	0.0005589163565924	7.241144577421531e-07	3.123874936666345e-07	0.0001817385192377	0.0002956544775606	3.3028889374711856e-08	8.741157010163134e-08	0.0005609228112786	-1.609365616609998e-05	2.5900576879264795e-10	3.14634400212688e-07	0.0	0.0	0.0	0.0	0.0	0.0	0.0	0.0	0.0	0.0	0.0	0.0	0.0	0.0	0.0	0.0	0.0	0.0	0.0	0.0	0.0
957.8026385270404	-0.3422347971876434	0.1171246564060674	917385.8943693604	1089.252823790243	-4.0332264230269175	16.266915379402505	1186471.714135018	877.334893711041	-0.8172950253714362	769716.5157229636	0.6679711584968965	888.8310512337844	820.5952702985148	0.830079	20.340122	0.1164005594025951	0.0710139333258848	-0.0406356605	0.0046074389	0.0156930954	-0.0140523065	0.0214877901	0.0244107794	0.0310181086	-0.06098426	0.0396640867	0.0009720972	0.0228519506	0.0289780941	-0.0231416141	0.0353343119	0.041887276	-0.020944166	0.0242696706	-0.0402455518	-4.7504e-06	0.0712341775	0.0891912259	0.0203171247	0.0485776572	-0.006903661	0.0003627034	-0.0842232739	-0.0254525579	-0.0428420961	-0.1264080157	0.0171424774	0.022459296	-0.0356654662	0.0525264642	0.0226886495	0.0193255009	-0.0168269287	-0.0444861905	-0.0411990633	-0.0340139668	0.0016493574	-0.1142606592	-0.0434562651	0.0734232474	0.0033434822	-0.0491563526	0.0756600645	0.0929273582	0.0112139876	-0.0032353343	0.0001869049	0.0172911472	-0.0223120909	0.0677327151	0.0084793796	-0.0060292438	0.0493692386	0.0091963469	0.0297674069	0.0466863481	0.041746519	0.0072610445	-0.0201541023	0.0033711709	-0.0227520086	-0.0390574969	-0.0753895232	-0.003068036	0.0457443431	0.0352193788	-0.0166683043	0.0225814726	0.1242524367	0.1100753719	0.0876327994	0.0586099215	0.0550243947243984	0.0040804395484456	0.0030276840147864	1.6649986908519723e-05	0.1384217342545497	0.0646625516993282	0.0191605765140371	0.0041812455922682	0.0606242683300166	0.0079070755836311	6.252184428525666e-05	0.0036753019105498	0.0004503511537664	-0.0004005979973243	2.0281616169872765e-07	1.6047875546032e-07	0.0004071646137231	0.0002254260944854	1.6578302266828125e-07	5.081692407494049e-08	0.0007299085708926	0.000168985759614	2.855618695232061e-08	5.327665218624778e-07	0.0	0.0	0.0	0.0	0.0	0.0	0.0	0.0	0.0	0.0	0.0	0.0	0.0	0.0	0.0	0.0	0.0	0.0	0.0	0.0	0.0
957.8549560234208	0.0523174963803967	0.0027371204275128	917486.1167786292	1088.29379218866	-0.9590316015828648	0.9197416128345948	1184383.3781163744	879.313123288613	1.9782295775720515	773191.5687875756	3.913392261580897	891.2217278053694	817.943650846571	0.811882	19.894209	0.1411856123820373	0.0721750768872154	-0.0283739935	0.0322286922	-0.0377709793	-0.0039429967	0.0106196626	0.0386947005	0.0377079545	-0.0542032609	0.0254502999	0.0021493269	-0.0157506215	-0.057230048	-0.0385864219	0.0108090514	0.0507598066	0.05998166	-0.027368316	0.0392422758	-0.0385067923	-0.0323984646	-0.0244762476	-0.1308931212	-0.0091233742	-0.0414737888	0.0327067869	0.1473317683	0.0717444165	0.012617243	0.0703299559	-0.01668786	-0.056195474	-0.0286126218	0.0210728891	0.0268049038	-0.079983054	-0.0054637806	0.0407161077	0.0554421089	-0.0168461195	-0.1394675204	0.066547929	0.0542840082	0.0074566162	-0.0027699343	0.0669321047	-0.1174513972	-0.0091482242	-0.0085783155	-0.0174341785	-0.004002833	-0.0136501357	-0.0362261154	0.0741392901	0.0058719166	-0.0127323553	-0.0413707492	-0.0358796461	-0.0108521519	0.0225946571	-0.1303474111	0.0190969633	-0.0601719431	0.0053857655	0.0157992785	0.0491627162	-0.0205643644	-0.0388076964	0.0426319801	-0.0849416169	-0.0130712018	0.0187769303	0.1232925447	0.1063942335	0.0799246852	0.0462651033	0.0512222952505396	-0.0038020994738588	0.0026237235307334	1.4455960409117384e-05	0.1463227193901985	0.0079009851356487	0.0214103382097427	6.242556611374324e-05	0.0697934547220313	0.0091691863920147	8.407397909150757e-05	0.0048711263220362	0.0012058926938482	0.0007555415400818	1.4541771890764688e-06	5.708430187891784e-07	-0.0005471386055631	-0.0009543032192862	2.993606536975335e-07	9.106946343400052e-07	0.0014263306391349	0.0006964220682422	4.850036971348826e-07	2.034419092134972e-06	0.0	0.0	0.0	0.0	0.0	0.0	0.0	0.0	0.0	0.0	0.0	0.0	0.0	0.0	0.0	0.0	0.0	0.0	0.0	0.0	0.0
956.2297929559048	-1.6251630675159277	2.64115499601778	914375.4169364928	1091.2908087486078	2.997016559947724	8.98210826060089	1190915.6292591903	877.5139954860782	-1.7991278025348263	770030.8122739409	3.2368608498537936	888.7550947574704	805.8336787293573	0.821828	20.137934	0.1748275649579279	0.0871091574007981	-0.0844922254	0.0272708439	-0.0266271676	-0.0268801584	-0.0356842926	0.0216266535	0.0266681482	-0.0534336024	0.0321030095	-0.0136619981	0.0253063799	0.0428129435	-0.0586298628	0.0961485738	0.0283069488	-0.0296579604	0.0646626886	-0.0482387379	0.0383562386	-0.0105769979	-0.0881623165	0.0510343609	-0.0472763776	-0.0118201357	-0.0171651573	0.0457167019	0.103009768	0.0022499573	-0.0262935085	0.0221716418	0.019337506	-0.0812685405	0.0844275188	-0.0081736036	0.042584629	-0.0612486971	-0.0906068404	-0.0478431057	0.0202809822	0.0667193858	0.0375046099	0.0715828673	0.0452593463	-0.0048454624	-0.0572061644	-0.0142837674	-0.0917201274	0.0341436244	-0.02693732	0.004496637	0.0023359347	-0.0099992068	0.0870800148	0.0386222359	-0.0201625482	0.040563643	0.0223732755	0.0099152421	0.0652790484	0.0642861713	0.0211329616	-0.0091176018	0.0107797654	0.0516964542	0.0037831752	-0.0578183032	-0.1083858579	-0.0507411185	0.050718314	-0.0156644221	0.0382098657	0.1222481541	0.1024214758	0.0717238087	0.033413395	0.0508147633019433	-0.0004075319485962	0.0025821401694325	1.6608228912669276e-07	0.131511939216665	-0.0148107801735334	0.0172953901565277	0.0002193592093487	0.092404087751035	0.0226106330290036	0.0005112407259722	0.0085385154331009	2.34011033441112e-05	-0.001182491590504	5.476116377217723e-10	1.39828636161289e-06	0.0002830083691631	0.0008301469747262	8.009373701635749e-08	6.891439996470621e-07	0.0006989968082293	-0.0007273338309055	5.290145015798158e-07	4.885965379147488e-07	0.0	0.0	0.0	0.0	0.0	0.0	0.0	0.0	0.0	0.0	0.0	0.0	0.0	0.0	0.0	0.0	0.0	0.0	0.0	0.0	0.0
959.9660614895656	3.736268533660791	13.959702555623757	921534.8392117884	1100.252348088036	8.9615393394281	80.30918733211743	1210555.2294732365	879.2990375204035	1.785042034325329	773166.7973843081	3.1863750643083093	890.90807828391	812.8472256476105	0.838559	20.547913	0.1833009650976256	0.0999890501795891	-0.0696104067	0.0176764148	-0.0741100422	-0.0290990123	-0.045277357	-0.0521729822	-0.0113801528	-0.0014624707	0.035692118	-0.0410877863	-0.0074694977	0.0450839304	0.0382402649	0.0566200745	-0.0667593589	0.0678355388	0.0717284441	0.0265209221	0.0034972412	-0.0634727869	-0.0182136344	-0.0502804446	-0.0308301372	0.0297408668	-0.0516893374	-0.0485168174	0.0596227633	0.0397370123	-0.0485832283	-0.0113839891	0.0374403566	0.0185772831	0.0315795524	-0.0758185676	-0.0192511428	-0.0858177562	0.0194976179	-0.0054573675	0.0740886742	-0.0275298582	0.025575386	0.0239559956	0.0615544156	0.0307396895	-0.0916984285	-0.0253393317	0.0006165712	0.0388574704	-0.0403887807	0.0463018465	0.0362551917	0.0061026562	0.0226422183	0.034703844	0.0088008601	0.0037548995	0.0415605489	-0.1024814212	0.0193719228	0.0005967787	-0.0456563582	0.1507012014	-0.0904633666	0.0708181926	-0.0077261642	-0.1072684218	0.0793718056	0.0475071735	0.0455880288	-0.0818604936	0.0836424488	0.1211199807	0.098167988	0.063080731	0.0201956026	0.0450559764203433	-0.0057587868816	0.0020300410111905	3.316362634768829e-05	0.2083835653692887	0.0768716261526236	0.0434237103160166	0.0059092469073487	0.0721578209774236	-0.0202462667736113	0.0004099113182682	0.0052067511282099	-0.0011640920020296	-0.0011874931053737	1.3551101891892824e-06	1.4101398753101e-06	0.0004287538428506	0.0001457454736875	1.83829857759157e-07	2.124174310039376e-08	0.0004237496814947	-0.0002752471267346	7.576098077565297e-08	1.795637925668597e-07	0.0	0.0	0.0	0.0	0.0	0.0	0.0	0.0	0.0	0.0	0.0	0.0	0.0	0.0	0.0	0.0	0.0	0.0	0.0	0.0	0.0
961.1612612345896	1.195199745023956	1.428502430505329	923830.970098067	1095.5476145468467	-4.704733541189171	22.1345176935904	1200224.575739286	877.2688464641932	-2.030191056210356	769600.6289766162	4.12167572471652	888.160902798938	819.2301260809664	0.8619529999999999	21.121143	0.2358854354562032	0.1614635277554481	-0.0187583789	0.0025611797	-0.0346624874	-0.001276702	-0.0123162064	-0.02698388	-0.0033128177	0.0091305343	-0.0097863445	-0.0310310676	0.0376065887	0.0614760496	-0.0243018472	0.0496633859	-0.0711112712	-0.068742976	0.1364148578	-0.0750785301	0.0096875568	-0.0756703091	0.0161628883	-0.0267939396	-0.0283380097	-0.0097917983	-0.1505876559	0.0705230939	0.051108553	-0.0457112204	0.1206090572	0.0335375663	0.055251366	-0.0328716123	0.0124433185	-0.0707435191	0.1040584197	-0.1001070169	-0.0930306227	0.0173477319	0.1069338277	-0.0612166514	0.0071383233	-0.0277534267	-0.074924087	-0.1051234743	-0.0568829304	0.0572702546	-0.0723161189	0.0298634282	-0.0099900653	0.0278207349	0.0277141932	-0.0331997467	0.0345928301	-0.0133098007	-0.0888377808	0.0349657085	0.0304309137	0.0054358965	-0.0512746984	0.0466594872	0.0952860847	-0.1290645659	0.0241538879	0.0364440143	0.118179486	-0.0597439687	-0.0767675682	-0.087023556	0.0572901852	0.0024842086	0.0242020662	0.1199087977	0.0936454286	0.0540487397	0.0067565429	0.0282898400013209	-0.0167661364190224	0.0008003150473003	0.0002811033304212	0.0543417634764722	-0.1540418018928165	0.0029530272577328	0.0237288767303857	0.083388083242383	0.0112302622649594	0.0001261187905397	0.0069535724268385	-0.0002711337347298	0.0008929582672998	7.351350210852956e-08	7.973744671390611e-07	0.0004804245961251	5.167075327449999e-05	2.3080779256196546e-07	2.669866743954251e-09	0.0005560653585085	0.0001323156770138	1.7507438383620252e-08	3.0920868293318666e-07	0.0	0.0	0.0	0.0	0.0	0.0	0.0	0.0	0.0	0.0	0.0	0.0	0.0	0.0	0.0	0.0	0.0	0.0	0.0	0.0	0.0
960.6334157302748	-0.5278455043147687	0.2786208764253125	922816.559417615	1091.413176418336	-4.134438128510737	17.09357863848337	1191182.721659562	880.3679842837014	3.0991378195082007	775047.7877517475	9.604655224306043	891.5836271007958	829.9060087124258	0.93433	22.894674	0.1751293972799573	0.1281160099503659	-0.0331129904	-0.0265929232	-0.0559505198	-0.0163365221	-0.0135404438	0.0278961177	0.0166016301	-0.0090500613	0.0634339773	-0.031724766	-0.0340757594	-0.0684580501	-0.0736384141	0.0285270569	0.0874039875	-0.0034186836	-0.0400792424	0.0501963909	-0.0203035768	0.0095459264	0.0120027132	-0.0416758031	0.0630987984	-0.0771702612	-0.0125241694	-0.0461646868	-0.1566133913	0.0928746816	-0.0527769125	-0.0299626383	-0.0767397439	-0.0648879262	0.0375371578	0.0566113677	-0.0209866612	0.023741368	0.033816002	0.0076923448	-0.0503932768	0.001884639	0.0112007467	-0.0049632612	-0.0244784238	-0.0931423311	0.0524256897	-0.13728752	-0.0020263349	0.0474505221	-0.0470663664	0.0370681356	0.0132135297	-0.0100202257	0.0308626242	0.0525288528	-0.0115167932	0.0345873197	0.0488646881	-0.0181635556	0.0148369539	0.0059278583	0.0372381895	0.04286749	-0.1471691036	0.0658167416	-0.0827347354	-0.1168561005	0.0398230822	0.1302775001	0.0639833723	-0.1037195809	0.0849639384	0.1186154352	0.0888661936	0.0446835199	-0.0067565429	0.0377951029778103	0.0095052629764894	0.0014284698091032	9.03500242522202e-05	0.1799495289208579	0.1256077654443856	0.0323818329588386	0.0157773107399318	0.0919394607421253	0.0085513774997423	7.31260571430989e-05	0.0084528644415528	-0.0006381757296473	-0.0003670419949175	4.072682619108637e-07	1.347198260330181e-07	0.0006933385559297	0.0002129139598046	4.807183531386817e-07	4.533235427967483e-08	0.0005067214860438	-4.934387246470007e-05	2.434817749812586e-09	2.5676666441843693e-07	0.0	0.0	0.0	0.0	0.0	0.0	0.0	0.0	0.0	0.0	0.0	0.0	0.0	0.0	0.0	0.0	0.0	0.0	0.0	0.0	0.0
957.2034263918988	-3.429989338376004	11.764826861373056	916238.3994963912	1086.4563713388995	-4.956805079436435	24.569916595526845	1180387.446822889	878.957661422972	-1.410322860729366	772566.57057414	1.9890105714958624	891.0760583901954	811.8020741324191	0.9950500000000002	24.382549	0.0785095471388321	0.0433171837470566	-0.0809811607	0.0178128409	-0.0532342328	-0.0001125854	-0.0199915561	0.0056751871	0.0430056894	-0.0998940258	0.0741953032	-0.0204034637	0.0021483513	0.0117029953	-0.0784464675	0.125752178	-0.0031403071	-0.0068092481	0.0784017751	-0.0091031463	-5.14079e-05	0.0609602976	-0.0988715376	-0.1044431062	0.0226525982	0.1340356237	-0.0754609586	-0.0753536448	0.1018367095	0.0795789517	0.107113146	-0.0031968538	-0.0071990439	-0.0933516073	0.095370119	-0.0439986691	0.0271647773	-0.0800019237	-0.0508296267	0.0726753129	-0.0181808536	-0.0318516249	0.009706292	0.1643267065	-0.1400811716	0.0322075659	0.0224593796	0.0728607248	-0.1102051253	0.0446178044	-0.0403956426	0.0123161548	0.0088405853	-0.0455856979	0.0778567243	0.0608304233	-0.0395719646	0.0476742685	0.0444248162	-0.0464366969	-0.0421660087	-0.0602727877	-0.0219005059	-0.0769878572	0.042259357	0.0161076337	0.0646067505	-0.0788587296	-0.1182758945	0.0055827962	0.0685133288	-0.0788092736	0.0693495824	0.1172407796	0.0838433825	0.0350428114	-0.0201956026	0.0336078995972286	-0.0041872033805817	0.0011294909153373	1.7532672150354863e-05	0.1446926038487248	-0.0352569250721331	0.020935949608524	0.001243050765542	0.1066924184917326	0.0147529577496072	0.0002176497623616	0.011383272163615	-0.0002266801555383	0.000411495574109	5.138389291486788e-08	1.693286075112955e-07	0.0006589379841905	-3.4400571739200006e-05	4.341992670090397e-07	1.183399335983846e-09	0.0005470745589258	4.035307288200005e-05	1.6283704910200075e-09	2.992905730238587e-07	0.0	0.0	0.0	0.0	0.0	0.0	0.0	0.0	0.0	0.0	0.0	0.0	0.0	0.0	0.0	0.0	0.0	0.0	0.0	0.0	0.0
959.5581251060072	2.3546987141083946	5.544606034223727	920751.7954569558	1095.9942213956974	9.53785005679788	90.9705837059593	1201203.333332761	878.8020838723771	-0.1555775505948986	772293.1026184326	0.0242043742491082	890.7604631584928	819.0963463997517	0.96494	23.644739	0.0857107525133736	0.0382064418775541	-0.075294388	0.0126125047	-0.0507736871	-0.0091052055	-0.0073894979	0.0098926007	0.0118628344	-0.0398055226	0.0800612903	-0.0628333713	0.0007928201	0.0084823516	-0.0501449387	0.049533085	-0.000853736	-0.0169763475	0.0254663859	0.0191748359	0.0925194086	0.0023994863	0.041283826	0.0845411574	-0.0061684876	0.0159225847	0.0501420497	0.076264491	-0.0268420403	-0.0654887916	0.0776932345	-0.001711178	-0.0103739766	-0.0672068839	0.0443728825	-0.0200843844	0.0321474676	-0.0313315963	0.0257582062	-0.1014544597	0.0022168671	0.0458212656	-0.0442057235	-0.0381929788	0.0062242836	-0.0418855735	0.031527056	-0.061560937	0.083506241	0.0421260093	-0.043406707	0.0272758819	0.0040927656	-0.0270297596	0.0279234413	0.0519059505	-0.0571220644	0.0485727604	-0.0075155046	0.0168757876	0.037104673	0.0465227249	0.0805424846	0.0341925835	-0.1072495294	0.0504651768	0.0425322074	-0.1080385952	-0.0137030414	-0.0097563439	0.0456636997	-0.0054559403	0.033187298	0.1157857731	0.0785907625	0.0251860523	-0.033413395	0.0461028409926598	0.0124949413954312	0.0021254719475944	0.0001561235604752	0.1399648135005406	-0.0047277903481841	0.0195901490182411	2.235200157638354e-05	0.0976098815753943	-0.0090825369163382	8.249247683664802e-05	0.0095276889811625	-0.0006330873311611	-0.0004064071756228	4.007995688766843e-07	1.651667923977014e-07	0.0002002245133527	-0.0004587134708378	4.0089855747325536e-08	2.1041804832806122e-07	0.0008700635895336	0.0003229890306078	1.043219138929664e-07	7.570106498320928e-07	0.0	0.0	0.0	0.0	0.0	0.0	0.0	0.0	0.0	0.0	0.0	0.0	0.0	0.0	0.0	0.0	0.0	0.0	0.0	0.0	0.0
959.2416593571696	-0.3164657488375724	0.1001505701873254	920144.5610462964	1091.809110468084	-4.185110927613323	17.51515347642845	1192047.133701109	878.666156592647	-0.13592727973014	772054.214741294	0.0184762253748357	890.2468856460298	818.0444057388863	0.890625	21.823727	0.1042406444781041	0.055224398148085	-0.0601603512	0.0098458172	-0.0367000366	0.0115577288	-0.0287715186	0.0054843763	0.0142406241	-0.054333706	0.0237023426	-0.0161692605	0.008534879	0.0468123278	-0.001951982	0.0612001034	-0.0813386691	0.0375351078	0.1621391614	-0.1077354029	0.0053453167	-0.0576488173	0.1397874978	-0.0398342788	-0.0741661254	-0.0196070117	-0.099780474	-0.1021060295	0.0343880454	-0.0346318624	0.0419763039	0.0057997707	0.03689044	-0.0075335694	0.0159100127	-0.0983468317	0.0101413724	-0.1234373242	-0.1092494347	0.0209080938	0.0682303518	-0.0988814367	0.0050219664	-0.1434354224	-0.0392317282	-0.0727195939	-0.0402395875	0.0297410736	0.0273944318	0.0471134915	-0.0427819618	-0.0011635293	-0.0071618149	-0.0356410009	0.0759907519	0.015785351	-0.0175009809	0.0128291257	0.0947095995	-0.0203746655	-0.0181567959	0.0012738456	-0.0271381168	0.0248411508	-0.0695575798	-0.0097627373	0.0990396809	-0.086424033	-0.0017363138	9.50855e-05	0.1785411159	-0.0741889431	0.0755864154	0.1142514127	0.0731227308	0.0151740128	-0.0462651033	0.0334802958547868	-0.012622545137873	0.001120930210524	0.0001593286457576	0.1527836000291387	0.0128187865285981	0.0233428284378638	0.0001643212880657	0.0497513205293813	-0.047858561046013	0.0022904418653949	0.0024751938944172	-0.0010940792673767	-0.0004609919362155	1.1970094433035366e-06	2.1251356525580776e-07	0.0002151023756729	1.48778623202e-05	4.62690320201254e-08	2.2135078721882692e-10	0.000727118352757	-0.0001429452367766	2.0433340717118257e-08	5.28701098916053e-07	0.0	0.0	0.0	0.0	0.0	0.0	0.0	0.0	0.0	0.0	0.0	0.0	0.0	0.0	0.0	0.0	0.0	0.0	0.0	0.0	0.0
962.5524075200524	3.31074816288276	10.96105339803157	926507.137222649	1101.675827310105	9.866716842020878	97.35210124061844	1213689.628479404	876.7309519950411	-1.935204597605889	768657.162186131	3.7450168345949706	886.8945817483965	835.8029732041474	1.158908	28.397697	0.3613948615390551	0.2267484063670647	0.0097980183	-0.0244109135	0.0395299179	0.0150472633	0.0024569468	-0.0244165988	-0.0253218495	0.0291186252	-0.0475787934	-0.051654287	0.0467880291	0.0577481704	0.0009599428	-0.2139164875	-0.1531980791	-0.0174601652	-0.0030944409	0.1071163923	0.0802467625	-0.0109288401	0.1570549773	0.0758237557	0.2582000626	-0.0067699959	0.145824121	0.0637949418	-0.0353213845	0.1144824849	0.0797180909	0.0479364979	0.0883633245	0.0248209208	-0.2386333425	-0.0428816795	0.0557688721	-0.0063721958	0.1414642288	-0.1036962624	0.0679919499	-0.0004606203	-0.2055774041	0.0222823533	0.0607273403	0.0013061257	0.1303427528	-0.0426668563	0.0758165155	-0.0105370518	0.0571743704	0.0378619091	0.0147971789	-0.0046266531	-0.153949582	-0.0382932803	-0.1245189653	0.0064206752	-0.1715477003	0.0510738905	0.0391008901	0.1695669124	0.183017249	-0.0382375156	0.0952286082	0.0997085216	0.0415673643	-0.1394001089	0.1046935922	-0.1616749766	0.0718565942	0.136916198	0.114826194	0.1126387502	0.0674542747	0.0050684204	-0.0586099215	0.0334991771150186	1.888126023179976e-05	0.0011221948673833	3.56501987940943e-10	-0.0341744154918473	-0.186958015520986	0.0011678906742094	0.0349532995675452	-0.065631925887331	-0.1153832464167123	0.0133132935536597	0.0043075496956801	-0.0001571044328692	0.0009369748345074	2.4681802827152967e-08	8.779218405003569e-07	0.0002159236833259	8.213076530000243e-07	4.662303702102355e-08	6.745462608764084e-13	0.000970016577419	0.000242898224662	5.899954754395143e-08	9.409321604676708e-07	0.0	0.0	0.0	0.0	0.0	0.0	0.0	0.0	0.0	0.0	0.0	0.0	0.0	0.0	0.0	0.0	0.0	0.0	0.0	0.0	0.0
963.4400103838594	0.8876028638070466	0.7878388438384705	928216.6536084512	1098.2939017429824	-3.3819255671226074	11.43742054155757	1206249.494605824	872.4781436847973	-4.252808310243836	761218.1112076697	18.08637852367903	883.0203012529846	858.1472161670713	1.226052	30.042973	0.2887250195456575	0.1367360913850187	0.1278000993	-0.0739888369	-0.0033615866	0.0572673922	-0.093153484	-0.0337646397	-0.0165245533	0.073854305	-0.096501029	-0.0234975051	0.1536864845	0.0479763093	0.0059227472	-0.209314244	-0.3736500862	-0.014783228	-0.1424095574	0.3585499594	0.0101648415	-0.0065590227	0.0437684578	-0.0996655385	-0.0427766785	-0.0734897921	-0.018519165	0.0804372117	0.0488591409	-0.0348144133	0.0720270401	0.1516392867	0.076101018	0.0349937151	-0.3022566969	-0.2266503094	0.0604471001	0.0772140735	0.4227214348	0.0232898262	-0.0295552753	-0.0917302554	0.0696514795	-0.0174483939	0.0498922542	-0.0441533822	-0.0271751706	-0.0675249449	-0.0127059983	-0.0117210068	0.0154775951	0.0518972951	-0.0198001258	0.1242744166	-0.4215002837	0.0402108002	-0.1268796579	-0.148155045	-0.2599122732	-0.0693837619	-0.0485402069	-0.0351157278	0.0934014024	-0.0392894484	-0.0137142393	0.1372689677	-0.0216991249	-0.1635620079	-0.135971441	-0.1800273021	-0.0152762234	-0.0433912935	0.1371409321	0.1109488906	0.0616009311	-0.0050684204	-0.0703125971	0.0141570597869815	-0.019342117328037	0.0002004223418121	0.0003741175027315	0.0082693176262154	0.0424437331180626	6.83816140032367e-05	0.0018014704809973	0.0062316666140418	0.0718635925013728	0.0051643759272033	3.88336687885632e-05	0.0016700332675539	0.0018271377004231	2.789011114736756e-06	3.3384321763074144e-06	0.0002152466849236	-6.769984023000076e-07	4.633113537059953e-08	4.58326836716763e-13	-0.0003036802557193	-0.0012736968331383	1.6223036227465343e-06	9.222169771373945e-08	0.0	0.0	0.0	0.0	0.0	0.0	0.0	0.0	0.0	0.0	0.0	0.0	0.0	0.0	0.0	0.0	0.0	0.0	0.0	0.0	0.0
965.814038897238	2.374028513378562	5.636011382334424	932796.7577309957	1104.431314704832	6.137412961849577	37.6678378642792	1219768.5289006436	875.059034164163	2.580890479365735	765728.3132723178	6.660995666480693	886.4929896205892	875.5842209181193	1.074116	26.31996	0.5053628472290742	0.2904355228253114	0.1411348531	-0.1093868746	0.0476261275	0.0733793109	-0.099825801	0.072046095	-0.0204122775	0.119076735	-0.0583010973	-0.0296977637	0.1043305028	0.0732037779	-0.0439954989	-0.1562615492	-0.3902307952	-0.0742545365	-0.2562049221	0.241649928	0.0868071351	0.1192900649	-0.3026533299	0.2063201898	-0.1371674465	0.0239179913	-0.1356816812	0.0710936863	0.0037335722	0.0079275247	0.0205509414	0.1045282679	0.0736322497	-0.0348706044	-0.2761103089	-0.2578100279	0.1093524066	0.2138461651	0.2892584387	-0.0015529233	-0.1421057864	0.3511086788	0.1638322743	0.0800475878	-0.0272367261	-0.0044808272	-0.1108356851	-0.0093731901	-0.1093436477	-0.0050656294	-0.0708181538	0.0492179733	-0.1254270773	0.2681578839	-0.5092321707	0.2273440999	-0.0271477869	-0.1064102222	-0.2228195718	-0.0173303938	0.1003628875	-0.0108461503	-0.0561429204	-0.0972798473	-0.1711767719	-0.005019528	-0.0743327422	-0.030803507	0.045947076	0.0306972796	0.0162666529	-0.0098048476	-0.2110361957	0.1091829923	0.0555787436	-0.0151740128	-0.0812449131	0.0004894695538837	-0.0136675902330978	2.395804441791084e-07	0.0001868030227798	0.2234759134393158	0.2152065958131004	0.0499414838875365	0.0463138788814631	0.1814860584001678	0.175254391786126	0.0307141018403249	0.0329371893936291	0.0007828192627972	-0.0008872140047567	6.128059982063518e-07	7.871486902364217e-07	-0.0007341925368005	-0.0009494392217241	5.390386810935536e-07	9.014348357480648e-07	-0.0004917124171735	-0.0001880321614542	3.5356093741138346e-08	2.417811012026061e-07	1.0	0.0	0.0	0.0	0.0	0.0	0.0	0.0	0.0	0.0	0.0	0.0	0.0	0.0	0.0	0.0	0.0	0.0	0.0	0.0	0.0
961.0298584542156	-4.784180443022365	22.88838251139767	923578.3888405296	1092.9353085982898	-11.496006106542154	132.1581564016545	1194507.588780839	874.1591498398762	-0.8998843242867451	764154.2192487752	0.8097917970970119	884.9381132003901	840.1666769478139	1.497283	36.689175	0.541691392755558	0.2635294625132148	0.092075639	0.0314708103	-0.0259664539	0.1104006233	-0.201187501	0.2213402334	0.023812299	0.0382732855	-0.1004366647	-0.0548668553	0.1218098838	-0.0834043989	-0.0973899451	-0.0333684353	-0.228432198	0.1226746023	-0.0671656781	0.0227914484	-0.1256153698	0.1775908105	0.0349377579	-0.0364311404	-0.0522170912	-0.162685311	0.1685904004	-0.1277351971	-0.054182001	0.1763433352	-0.2366933413	0.1237429426	-0.0783328138	-0.0711107197	-0.1375248725	-0.2110953811	-0.1007191315	0.0490329755	0.0534955848	0.060669241	-0.1973540575	-0.0333429145	-0.0579108976	-0.0438695149	0.1198720672	0.1668809985	0.1308431415	0.0929994788	-0.1556402835	-0.0181655804	-0.1611699204	-0.0107347546	-0.1481452339	0.2466119131	-0.1772319695	0.1689035275	0.1176593897	-0.0407709995	0.077151499	0.0597436796	-0.1062177747	-0.2460905179	-0.1447954641	0.1536350567	0.1482419694	-0.2982396011	0.020625171	0.2520786973	-0.0981749502	0.1153092936	0.0038935131	0.0318629765	0.2457404879	0.1073422654	0.0494042187	-0.0251860523	-0.0912870929	0.014710717679307	0.0142212481254232	0.0002164052146402	0.0002022438982448	0.3842293629761286	0.1607534495368127	0.1476322033730415	0.0258416715379846	0.3139128094639147	0.1324267510637469	0.0175368443972995	0.098541251945528	-0.0013521641245073	-0.0021349833873045	1.828347819604593e-06	4.558154064066197e-06	-0.0019190924280509	-0.0011848998912504	3.6829157474022974e-06	1.4039877522852096e-06	0.0008742031848631	0.0013659156020366	1.8657254318870072e-06	7.642312084247874e-07	0.0	1.0	0.0	0.0	0.0	0.0	0.0	0.0	0.0	0.0	0.0	0.0	0.0	0.0	0.0	0.0	0.0	0.0	0.0	0.0	0.0
966.9560428124792	5.926184358263527	35.119661048127284	935003.988731569	1103.531621002954	10.596312404664104	112.28183657723837	1217782.0385534072	885.6079285453433	11.44877870546702	784301.4031023738	131.07453384675512	896.8282146014826	847.9735688704807	1.374637	33.68388	0.6312612188184892	0.3873546040204552	0.1013419154	-0.0626230612	-0.0492766352	-0.005729532	-0.0536517272	0.0645098818	-0.0222223831	0.0787611181	-0.0115925973	0.0057424042	-0.0926887897	-0.1707897602	0.1492155524	-0.0129477649	-0.0540539805	0.0616623322	0.0084214841	-0.0731565473	-0.0857715343	-0.0733256072	-0.0009665728	-0.056322499	-0.2015685301	-0.3016831056	0.2117815569	-0.0210518754	0.0126958892	0.0655337427	0.1031092563	-0.0839564921	-0.1448685485	0.177680031	-0.0289901842	-0.0494294476	-0.0618991279	-0.009033328	-0.0817619024	0.0672854058	-0.0258758306	-0.0846624233	0.1545647292	-0.1199361105	0.1603632985	0.0124677805	0.1616141965	-0.1273961639	-0.1028758582	-0.010000905	-0.0342723366	0.0182413201	-0.107272083	0.0767950688	-0.0148439643	-0.1192516542	0.005847105	-0.0891043958	0.1496794504	0.016583974	-0.0530961964	0.0034436984	-0.1086501445	0.1621346556	0.057005215	-0.1388348272	0.0882005125	0.2612509887	-0.1645724577	-0.1275093709	-0.2985626209	0.091858128	0.064353519	0.1054279714	0.0430942802	-0.0350428114	-0.1003291122	0.0663822374917941	0.0516715198124871	0.0044066014544169	0.0026699459597322	0.1312088526466368	-0.2530205103294918	0.0172157630128468	0.0640193786473964	0.0242659355106695	-0.2896468739532452	0.0838953115908871	0.0005888356262079	-0.0014241446480996	-7.198052359230008e-05	2.0281879787107336e-06	5.181195776621668e-09	-0.0022528628569276	-0.0003337704288767	5.0753910521239886e-06	1.1140269919253637e-07	0.0012068985268594	0.0003326953419962	1.1068619058603497e-07	1.4566040541353898e-06	0.0	0.0	1.0	0.0	0.0	0.0	0.0	0.0	0.0	0.0	0.0	0.0	0.0	0.0	0.0	0.0	0.0	0.0	0.0	0.0	0.0
972.8677046128312	5.911661800352022	34.9477452417413	946471.5706786388	1120.3749050108854	16.843284007931516	283.6962161718415	1255239.9277781504	888.0713230684614	2.463394523118154	788670.6748565676	6.068312576528518	900.3800589324873	859.0520235199166	1.127433	27.626427	0.1938434164163286	0.0940973834110763	0.0876142536	-0.084090572	0.0203043197	0.1221782488	-0.0201933042	0.0249569034	-0.1203212592	0.0730015344	-0.0394594805	0.098670115	-0.1616883529	-0.0248347001	0.141046203	0.0285876145	-0.0281345777	0.174440993	-0.0692864696	-0.0371397412	-0.0708344555	-0.1352893376	0.0145906245	0.2411125048	-0.0715590307	0.1082528329	-0.0439183113	0.036107439	0.0280052851	-0.1381342154	0.1289012255	-0.1586219703	-0.0190770509	0.1345702413	0.0230002288	-0.0655719165	-0.1592456703	0.0734333128	-0.0347086201	0.154402066	0.1035170167	0.1547762295	0.0087544346	-0.1686344962	0.0190181859	-0.0278567544	-0.0244937117	0.0354313093	0.0852424453	0.0147609666	-0.0701724406	-0.0495249278	-0.1005885889	0.0554640053	-0.0807208943	-0.0417757151	0.0616743477	-0.0729651052	0.1185078167	-0.0017346482	-0.0475034777	-0.0049939292	-0.0289620199	0.0025768708	-0.0028279873	-0.1224250248	0.0435019016	0.1027616435	0.168134335	0.020494254	-0.0455239889	0.1040423909	-0.2349656702	0.1034414224	0.0366662233	-0.0446835199	-0.1082719048	0.0570727335840217	-0.0093095039077724	0.0032572969187527	8.666686300882964e-05	0.1891779169328202	0.0579690642861834	0.035788284255041	0.0033604124142156	0.0925221024744473	0.0682561669637778	0.0046589043285871	0.0085603394462921	-0.001145798803372	0.0002783458447276	1.312854897808707e-06	7.747640927712125e-08	-0.0017849545439423	0.0004679083129853	3.186062723940264e-06	2.1893818936074966e-07	0.0007869790594004	-0.0004199194674589	1.7633235915105014e-07	6.193360399347384e-07	0.0	0.0	0.0	0.0	0.0	0.0	0.0	0.0	0.0	0.0	0.0	0.0	0.0	0.0	0.0	0.0	0.0	0.0	0.0	0.0	0.0
970.4698183086732	-2.3978863041579643	5.749858727668341	941811.6682480692	1119.7361143758474	-0.638790635038049	0.4080534754123139	1253808.9658375208	881.5949970392636	-6.476326029197821	777209.7388046592	41.94279883646522	892.8004846207016	858.629781021469	1.055295	25.85878	0.2285131134572975	0.1237888996787297	0.0736689559	-0.0754793771	0.0140575745	0.0524030605	0.0170236578	0.11064134	-0.1047840215	0.0976993874	-0.0280964941	0.0110603006	-0.0357280208	-0.0321925268	-0.0068473182	-0.0141354625	-0.0465988067	0.0932885084	0.1295422428	-0.2209408063	-0.0191512968	0.0474922966	0.1507022841	0.1387216768	-0.082100314	-0.0470556535	-0.0649311769	-0.0074109359	0.1233016719	-0.021516794	-0.1254833363	-0.0348403927	-0.0249664674	0.001981867	-0.056796754	-0.0474609417	-0.0487381121	-0.0875964696	-0.2149686263	-0.0174975392	0.0153788803	0.0200907821	-0.1825066867	-0.1387380353	0.1505844235	-0.0523894471	-0.165044308	0.0708663081	-0.1291475772	0.003923744	-0.034945662	-0.0247783987	-0.1033096356	-0.0441887355	0.0230142759	-0.1235158495	0.0097400808	-0.0293032349	0.2095904149	0.0622537028	0.0245850599	-0.0253051549	0.0501255944	0.0257019251	0.0388199891	-0.1810666233	-0.0284242222	0.0960275726	-0.0717071964	-0.1617044353	0.1690148787	0.0020689792	0.0224238746	0.1013839798	0.0301376669	-0.0540487397	-0.1150284477	0.0755185342815991	0.0184458006975774	0.005703049020041	0.0003402475633747	0.1355564020110335	-0.0536215149217867	0.0183755381261769	0.0028752668625073	-0.0118672263964612	-0.1043893288709085	0.0108971319821186	0.0001408310623448	-0.0006659001896672	0.0004798986137047	4.4342306259881293e-07	2.303026794357888e-07	-0.0020703533068668	-0.0002853987629244	4.286362815254293e-06	8.14524538788349e-08	0.0010628110621116	0.0002758320027112	7.608329371967147e-08	1.1295673537467872e-06	0.0	0.0	0.0	0.0	0.0	0.0	0.0	0.0	0.0	0.0	0.0	0.0	0.0	0.0	0.0	0.0	0.0	0.0	0.0	0.0	0.0
968.6809484465311	-1.7888698621420644	3.200055383680169	938342.7798832712	1106.903168670402	-12.832945705445354	164.68449547890836	1225234.6248125765	881.5876493490076	-0.0073476902559832	777196.7834847089	5.398855209787123e-05	893.0427727662694	863.8993527204141	0.952385	23.33708	0.0976102069797999	0.0554981980269572	0.0588408028	-0.0885505554	0.1004677928	0.1075991572	-0.0546865344	0.1100431772	-0.0405334227	0.0533383732	-0.1012401927	0.0025616805	-0.0319083165	0.0442966422	-0.0111405122	-0.0132685638	-0.0801103442	-0.0195039803	0.0289899267	-0.1750409436	-0.0399378284	0.054537095	0.082301832	0.1233855341	0.0085932462	-0.0057151977	-0.0397158348	0.1283979453	-0.037978732	-0.0312702162	-0.0476889655	-0.0285389325	0.0523628015	-0.0138855375	-0.0554222866	-0.0929836348	-0.0012961678	0.019173155	-0.1819801747	-0.0380735734	-0.0614784426	0.0280242168	-0.1017735594	-0.0920339171	0.0415637982	-0.0547971145	-0.0143401894	-0.0918577285	-0.0114698017	0.0214473948	-0.0437904361	-0.0821514289	-0.124592886	0.0245067495	-0.0368990852	-0.0793094428	-0.0144309624	-0.0159456214	0.1372544157	0.124158685	0.0478990339	0.077794872	0.1075806917	-0.072950589	0.0384242183	-0.011134522	0.0001662244	-0.0062743475	0.0784555049	-0.0381001423	0.0499083721	0.1695206966	-0.0141773042	0.0992570537	0.0235265052	-0.063080731	-0.1205247148	0.0767720235677131	0.0012534892861139	0.0058939436026814	1.5712353904025606e-06	0.1381238510410583	0.0025674490300247	0.0190781982264124	6.591794521775223e-06	0.022800823500745	0.0346680498972062	0.0012018736836751	0.0005198775523121	-0.0012147566798972	-0.00054885649023	1.4756337913548682e-06	3.01243446867594e-07	-0.002109010163936	-3.865685706920009e-05	4.447923871585353e-06	1.494352598468565e-09	0.0016577220901415	0.0005949110280299	3.5391913127159254e-07	2.748042528143104e-06	0.0	0.0	0.0	0.0	0.0	0.0	0.0	0.0	0.0	0.0	0.0	0.0	0.0	0.0	0.0	0.0	0.0	0.0	0.0	0.0	0.0
968.16780709549	-0.5131413510410994	0.2633140461482848	937348.90269609	1109.5828536167617	2.6796849463596573	7.180711411746559	1231174.109040316	883.3071130583631	1.719463709355523	780231.4559795	2.956555447790654	894.3324622815222	849.1562906650665	1.039999	25.483965	0.1807476372045914	0.0797181629561427	0.0529366712	-0.0571447147	-0.0392736602	0.0632541901	-0.0524711492	0.118149861	-0.0527174263	0.0822676055	0.0176774292	-0.0288459557	-0.0740009738	-0.1039736404	-0.09244769	0.0300648912	0.053735382	0.070398867	0.0052166273	-0.0750764766	0.0199010082	0.1874291798	0.0815341239	-0.0263992078	-0.0128394376	0.0254389619	-0.1190451091	0.0870643113	-0.0460198516	-0.0920806821	0.0730248405	-0.0654903666	-0.1232521054	-0.0589096246	0.0138359509	0.0278269762	-0.0911604145	-0.0526739404	-0.0556410243	-0.0803665791	-0.1647815884	-0.0037014069	-0.0490317618	-0.0828272349	-0.1520719044	-0.0784489185	-0.0464050038	0.026512197	0.0689026427	0.0409784505	-0.0726573731	-0.0027499443	-0.0778590711	-0.0770437658	0.0390060555	-0.0865754448	-0.0294971201	0.0156890169	0.1309285022	0.0994034149	-0.0655972417	-0.0679193958	0.1301858957	0.0198043842	-0.0448731879	-0.0295996054	-0.2006640236	-0.0622751252	-0.00197863	0.007412106	-0.01175886	-0.0650450085	0.103279484	0.0970621018	0.016850859	-0.0717238087	-0.124700488	0.0498044422428876	-0.0269675813248254	0.0024804824671251	0.000727250442511	0.122149836726507	-0.0159740143145512	0.0149205826123123	0.0002551691333214	0.0572769623523896	0.0344761388516446	0.0011886041501178	0.003280650416317	-0.0018883031819386	-0.0006735465020414	3.5656889069194418e-06	4.536648904122058e-07	-0.0010947110895336	0.0010142990744023	1.1983923695478418e-06	1.028802612333565e-06	0.0012789696123139	-0.0003787524778276	1.4345343946054678e-07	1.6357632692223677e-06	0.0	0.0	0.0	0.0	0.0	0.0	0.0	0.0	0.0	0.0	0.0	0.0	0.0	0.0	0.0	0.0	0.0	0.0	0.0	0.0	0.0
960.5851249645624	-7.582682130927651	57.49706829868951	922723.782303184	1094.042924171637	-15.5399294451247	241.48940715945363	1196929.9199300262	882.0928589606448	-1.2142540977183671	778087.8118293639	1.4744130138258458	893.4845246219879	833.8230823852674	1.069242	26.200523	0.0582047799654065	0.0357329199276903	-0.0569415932	-0.0240655783	-0.0090975754	0.0929307477	-0.0015054184	0.1245616062	0.0091494414	-0.0715507389	0.0409091959	-0.0343485788	-0.0434414332	-0.0607132805	-0.1064875588	0.0554317494	0.0916397278	0.0266334736	-0.1128083695	0.0113092976	-0.0281596743	-0.0020720973	-0.0931777819	-0.1545464686	-0.1201757327	0.0728731439	0.0477342584	0.0422796644	0.0850788898	0.01148361	0.0229713023	-0.0419328826	-0.0848518672	-0.1057953118	0.0698478994	0.0437335695	-0.1080958389	0.0758008436	-0.0017170552	0.0430518097	-0.060788245	-0.095114297	0.1977113942	0.0121766819	-0.053227191	0.0468588244	-0.0809037851	-0.0871525797	0.0537532925	0.0576521369	-0.0563142724	-0.0674447755	-0.0915155146	-0.08924162	0.047644369	0.0260345362	-0.0318927539	-0.0228649128	0.0425165651	0.0729922612	-0.0744918498	-0.1318822756	-0.0528076481	-0.1112610522	-0.005955507	0.1455885637	-0.0659359725	-0.1326794935	0.0627844399	0.0742630247	-0.0955426051	-0.0541937614	-0.1459139968	0.0948006283	0.0101290257	-0.0799246852	-0.1275100165	0.0480381278581916	-0.001766314384696	0.0023076617281199	3.119866505584017e-06	0.1296935382906952	0.0075437015641881	0.01682041387436	5.690743328953523e-05	0.0551010481886322	-0.0021759141637573	4.7346024480400544e-06	0.0030361255114859	-0.0012369605450006	0.000651342636938	1.5300713898881814e-06	4.242472306933473e-07	-0.0009267188366004	0.0001679922529332	8.58807802109999e-07	2.822139704557226e-08	0.0011639275051298	-0.0001150421071841	1.3234686425357956e-08	1.3547272371976805e-06	0.0	0.0	0.0	0.0	0.0	0.0	0.0	0.0	0.0	0.0	0.0	0.0	0.0	0.0	0.0	0.0	0.0	0.0	0.0	0.0	0.0
958.0513267627304	-2.5337982018320417	6.420133327607288	917862.344711828	1098.875771483114	4.832847311477053	23.356413136050985	1207527.961152609	880.5326385151519	-1.5602204454928597	775337.7274904551	2.4342878385339373	892.7031227365479	824.352683016499	1.008572	24.713884	0.1478384316000069	0.0734171371599963	-0.1302207451	0.0299819495	-0.0444377734	0.0937191258	0.1247952401	0.0811605432	0.0188269308	-0.1098433251	0.1451645212	-0.0546322328	-0.016174518	-0.0595308902	-0.1736532096	0.0379636502	0.0487867931	-0.0357271814	0.0014365884	-0.0572950762	-0.0037685957	-0.0813834545	0.0027232851	0.0203573384	0.0364497075	-0.0153273953	-0.0226750494	-0.0622392554	0.1092171234	0.031693067	-0.0425203273	-0.0211262067	-0.0935108862	-0.1719788298	0.0247296126	0.0433929182	0.0324949495	0.0391711752	-0.0626366596	0.0450657345	0.0895081198	0.0117405509	-0.0206457638	0.015225325	0.0240821192	-0.016854795	-0.0291927506	0.0860275213	-0.0318554352	0.0511018183	-0.0786791846	-0.0407406441	-0.0777072006	-0.1911982991	0.0789782206	0.0488069348	-0.0409333781	0.0028692033	-0.0652691378	0.0769187559	-0.0452695064	-0.0688689643	-0.0413410167	-0.0958699653	-0.0176301228	-0.0471637983	0.0105771301	0.0323897065	-0.0207104362	0.0236202315	0.0912879784	-0.1685467191	-0.0412189052	0.0924741833	0.0033794295	-0.0876327994	-0.1289225186	0.0416381021869654	-0.0064000256712262	0.0017337315537321	4.096032859235441e-05	0.0980247567882628	-0.0316687815024323	0.009608852943398	0.0010029117218488	0.1152068001789956	0.0601057519903633	0.003612701422327	0.013272606807483	-0.0007866421689621	0.0004503183760385	6.188059019893971e-07	2.0278663979795198e-07	-0.001181069743009	-0.0002543509064085	1.394925737851345e-06	6.469438359087632e-08	0.0014525356714024	0.0002886081662726	8.329467363923284e-08	2.109859876696421e-06	0.0	0.0	0.0	0.0	0.0	0.0	0.0	0.0	0.0	0.0	0.0	0.0	0.0	0.0	0.0	0.0	0.0	0.0	0.0	0.0	0.0
952.0759918255352	-5.975334937195157	35.70462761166505	906448.6942105766	1080.880492817272	-17.99527866584208	323.8300542613111	1168302.6397529086	877.3186559106797	-3.2139826044722213	769688.0240089216	10.329684181850045	889.4832375763018	797.8443244328195	0.974446	23.877661	0.1427551435918235	0.0732967367464286	-0.1951111129	0.0912473859	0.0658842145	0.0992465167	-0.0053411525	0.1460057435	0.0814007653	-0.1814650264	0.0605684976	-0.0805713756	0.0498387793	0.0753184526	-0.1688090816	0.09881345	-0.0101844797	0.0227396767	-0.0227711164	-0.0508083931	-0.0184224821	0.04642187	0.0951149941	0.0116398675	0.0464072525	0.0046267832	0.0547409694	0.0951619327	0.135769837	-0.1677758307	0.0377556204	0.0438212839	0.0342160409	-0.1984981346	0.0682349672	-0.0550201823	-0.0226860455	0.0003188046	-0.0393967952	-0.0215655835	-0.0378464697	-0.0709072844	-0.0505930741	-0.0432071593	0.098146984	-0.0117108302	0.0089549378	-0.0554970166	0.1442722243	0.0749513799	-0.0832310836	-0.1080314828	-0.1129826615	-0.1162387168	0.0699458028	0.1306063361	-0.029738412	0.0642113165	-0.0683192567	0.1375039339	-0.0222365105	-0.0608724354	-0.0366072322	-0.0013556475	0.0518004307	0.0260086715	0.0981582373	-0.0473407292	0.0030707005	0.0602196454	-0.0013139238	0.0480300625	-0.0520068853	0.090084361	-0.0033794295	-0.0948006283	-0.1289225186	0.0438950654160237	0.0022569632290583	0.0019267767678769	5.093883017321272e-06	0.1455640725677938	0.0475393157795309	0.0211888992225219	0.0022599865447859	0.1645244527149998	0.0493176525360042	0.002432230851662	0.0270682955411702	-0.0008911016820538	-0.0001044595130916	7.940622077591116e-07	1.0911789875355042e-08	-0.0006650357038135	0.0005160340391954	4.422724873467173e-07	2.662911296084227e-07	0.001200204982745	-0.0002523306886574	6.367077643831776e-08	1.440492000605926e-06	0.0	0.0	0.0	0.0	0.0	0.0	0.0	0.0	0.0	0.0	0.0	0.0	0.0	0.0	0.0	0.0	0.0	0.0	0.0	0.0	0.0
957.9188010542604	5.842809228725173	34.13841968327605	917608.4294132316	1099.1182648840029	18.23777206673094	332.6163299580314	1208060.960201621	880.6019855877561	3.283329677076381	775459.8570210986	10.78025376837049	891.9820061022668	794.5973032719164	0.974675	23.883263	0.1039909360867043	0.0470655509405036	-0.1804872918	0.0867245551	-0.0579071353	0.1250819147	0.0198921153	0.0305132403	0.004992886	-0.076248418	0.1517392431	-0.1186105025	-0.0115166993	-0.0315743525	-0.1513029604	0.0536315103	-0.0430167617	-0.0173018984	0.0991827101	-0.0637169558	0.0551690086	-0.1368432818	-0.0193178959	0.0391354336	-0.0171596662	-0.1228107866	0.0593021481	-0.0912277847	0.1975004405	0.0047796809	-0.0480116159	-0.0158551198	-0.0542478469	-0.1432698184	-0.0061100284	-0.0530304327	0.0591051165	-0.0800458302	-0.0987821241	-0.0201851201	0.1497236865	0.0101679645	0.0826016247	-0.0086310186	0.2052964191	0.036387893	0.099472437	0.1188002164	-0.0998337116	0.0712900289	-0.1178574853	-0.0482464557	-0.106289685	-0.1397615725	0.0612573323	0.1362079326	-0.0041666538	0.0441324225	-0.0636119633	0.0177828637	-0.0958468316	-0.0312590494	-0.0127027879	0.0520007551	-0.1020838437	-0.0108705883	0.141994426	0.0224064542	-0.0377113721	0.0792967221	0.0384642085	-0.1360312432	-0.0212218192	0.0876327994	-0.0101290257	-0.1013839798	-0.1275100165	0.0338221340038984	-0.0100729314121253	0.0011439367485776	0.0001014639472333	0.173306219716494	0.0277421471487001	0.0300350457924216	0.0007696267284201	0.1907731512457786	0.0262486985307787	0.0006889941745597	0.0363943952362447	-0.001290273018162	-0.0003991713361082	1.664804461396877e-06	1.593377555704057e-07	-0.0004481570857468	0.0002168786180667	2.0084477350506467e-07	4.703633497452154e-08	0.0010177117570179	-0.000182493225727	3.330377743628224e-08	1.0357372203724614e-06	0.0	0.0	0.0	0.0	0.0	0.0	0.0	0.0	0.0	0.0	0.0	0.0	0.0	0.0	0.0	0.0	0.0	0.0	0.0	0.0	0.0
953.1756728579422	-4.743128196318139	22.497265086708165	908543.8633281908	1073.3950080871582	-25.72325679684468	661.6859402364161	1152176.8433864303	876.7226362437755	-3.879349343980607	768642.5809022355	15.049351332642766	888.2697828248944	804.1339116908664	1.273908	31.21562	0.1885561765267967	0.0867419302696976	-0.1723747294	0.0687161425	0.1750784913	0.1229633118	0.0330079003	0.1482737902	0.0920650633	-0.1638630333	-0.0725678132	-0.0878193759	0.070577932	0.1141086017	-0.1331921278	0.0790271589	0.0355975872	-0.0053225585	-0.1153151396	-0.1478168156	-0.1234782942	0.096312923	0.0837531133	0.1261972311	0.0493679755	-0.0140503569	0.1643285997	-0.0744770817	-0.1053964495	0.002068711	0.0703596102	0.067914784	0.0828862619	-0.1706827518	0.0731225836	-0.0266338801	-0.0357144421	0.1516222069	-0.1505109267	0.036205929	-0.0750911893	0.0658085412	-0.140936291	-0.0954765726	-0.0019239767	0.1056290067	0.207504464	0.00160268	0.0948254483	0.07136639	-0.0629487129	-0.1544498508	-0.1482133616	-0.0174057466	0.043539956	0.1474385946	-0.0062589263	0.1230378031	0.021376015	0.1389678503	0.0053389	0.1837352401	-0.0452095217	-0.0780940439	0.0746462226	0.0996194672	0.1559693567	-0.0491507272	0.1787024374	0.1104081529	0.0451493347	0.2592792718	-0.0273884185	0.0851211787	-0.016850859	-0.1073422654	-0.124700488	0.0498986041444027	0.0160764701405042	0.0024898706955598	0.0002584528921785	0.1377364069332713	-0.0355698127832226	0.0189713177948877	0.0012652115814335	0.1351047659336188	-0.0556683853121597	0.003098969123263	0.0182532977779779	-0.0024002073709437	-0.0011099343527816	5.760995423532468e-06	1.2319542674849308e-06	-0.0007399544172295	-0.0002917973314827	5.47532539577449e-07	8.51456826604247e-08	0.0007946132754641	-0.0002230984815538	4.977293247161129e-08	6.314102575437857e-07	0.0	0.0	0.0	0.0	0.0	0.0	0.0	0.0	0.0	0.0	0.0	0.0	0.0	0.0	0.0	0.0	0.0	0.0	0.0	0.0	0.0
963.5655633748	10.389890516857804	107.94982495229172	928458.5949217958	1116.359580142439	42.96457205528077	1845.954451893413	1246258.7121758026	885.7026783021267	8.980042058351273	784469.2343515606	80.64115536975777	896.6799393870947	825.3092340740415	1.808135	44.306236	0.4938274070610409	0.3189764708056986	-0.0854043645	0.0269335826	-0.0670471023	0.0834234477	0.0883732455	-0.0959970733	-0.093838867	-0.0200286525	0.0784155592	-0.1683720965	-0.1304853091	-0.0722167635	-0.117606684	-0.0283359416	0.1052039265	-0.0434434279	0.1524171826	0.0804413165	0.1474851106	0.0492731919	0.1399471046	-0.1321504793	0.0549686168	0.2068809447	0.030862184	0.2112278988	0.0726363972	0.1881068974	0.0352457364	-0.1244238391	-0.0846241514	-0.0966686534	-0.0115859975	0.1438602887	0.053897242	-0.1931698695	0.0975369935	-0.1766645118	0.0207440281	-0.1965763532	-0.0930567515	0.0438070731	-0.0926132648	0.2247819586	-0.1283411614	-0.1134197664	-0.0865093966	0.0108138271	0.0466932832	-0.0086024028	0.0204918558	-0.2976795765	0.0069015679	-0.1149855442	-0.0126680404	0.0781546683	-0.1630798016	0.1061864241	0.0200030672	-0.1996149626	0.1139486003	0.3019559121	-0.0625031317	-0.1385260323	-0.0588912696	-0.028187639	0.2760537418	-0.3220082898	0.0456711739	-0.0498020517	-0.1045171966	0.0825512202	-0.0235265052	-0.1126387502	-0.1205247148	0.0483746074105937	-0.0015239967338089	0.002340102642129	2.322566044660498e-06	-0.0169757472850733	-0.1547121542183446	0.0002881759958866	0.0239358506628808	-0.1366989659859285	-0.2718037319195473	0.0738772686853931	0.018686607301622	-0.0018369506635108	0.0005632567074328	3.3743877401727687e-06	3.172581184681513e-07	-0.0006231463732391	0.0001168080439904	3.883114024810437e-07	1.3644119140863225e-08	0.0001589275431006	-0.0006356857323635	4.0409635033051937e-07	2.5257963955993077e-08	0.0	0.0	0.0	1.0	0.0	0.0	0.0	0.0	0.0	0.0	0.0	0.0	0.0	0.0	0.0	0.0	0.0	0.0	0.0	0.0	0.0
932.5938445898148	-30.971718784985228	959.2473644962068	869731.2789668116	1019.7312934654803	-96.62828667695862	9337.0257861245	1039851.9108727816	868.7371274499077	-16.965550852219053	754704.1966099172	287.82991571923066	879.4959893190038	777.2468317068234	3.501595	85.80250499999998	1.3072890527021328	0.8375397436098345	-0.0606066527	0.4423178509	0.3857557284	-0.384839214	-0.2242933241	-0.1979055737	0.3231315086	-0.3940284716	-0.4447607545	0.1544826728	0.3002601561	0.4764274808	0.2362815891	0.2927488964	0.3420453348	0.2083249352	-0.159198875	0.2886762018	-0.0449199903	-0.0868862546	0.1529838923	0.0950471175	-0.1323846105	0.0252997332	0.0643221898	0.0184411118	-0.043404514	0.1504780363	0.0110797077	0.2830283538	0.4631614845	0.0995828091	0.4915940892	0.1372681862	-0.2420673523	0.0448727448	0.2849547432	0.0718347203	0.1206662962	0.0492294062	-0.0760259009	-0.1564899926	-0.0422904243	0.156373995	0.026455818	-0.0667020307	-0.174519373	-0.2044208385	0.3203214802	-0.3996184903	0.331336536	0.310046768	0.2039397973	0.2144490482	-0.4759353182	-0.1656443385	0.0974607982	-0.0227537553	-0.1554166702	-0.065218582	0.0216677753	0.128527425	-0.0714895152	-0.0092143733	-0.0652610854	0.0116330984	0.0002969841	0.0184566957	0.0360722134	0.0332420387	-0.0635523277	0.0799246852	-0.0301376669	-0.1172407796	-0.1150284477	0.0420277016118859	-0.0063469057987078	0.0017663277027777	4.028321321767071e-05	-0.1410326340482441	-0.1240568867631708	0.0198902038665859	0.0153901111533701	-0.7651335705795077	-0.6284346045935791	0.3949300522506881	0.5854293808277465	0.0076301543498201	0.0094671050133309	5.82192554020786e-05	8.962607733343506e-05	-0.0015281403512616	-0.0009049939780225	2.335212933153926e-06	8.190141002569892e-07	0.0007558416626807	0.0005969141195801	3.563064661540859e-07	5.712966190439251e-07	0.0	0.0	0.0	0.0	1.0	0.0	0.0	0.0	0.0	0.0	0.0	0.0	0.0	0.0	0.0	0.0	0.0	0.0	0.0	0.0	0.0
948.1229926146495	15.52914802483474	241.1544383772287	898937.2091245588	1067.5970941969183	47.86580073143796	2291.1348796617267	1139763.5555377037	866.9147816151944	-1.8223458347132464	751541.2385829203	3.320944341296719	877.3534574386714	830.6404560531569	3.103395	76.04508199999998	0.7859704370288308	0.3882218830342318	0.060841102	0.2034498173	0.2213377492	0.0196438064	0.2210019148	-0.1205225799	0.2536531483	0.2559946686	0.1285161874	0.3135608471	0.4006663923	0.0102206845	0.302389205	0.1008505372	0.0370546825	-0.5712568409	0.1233433285	-0.2248119336	-0.0299177853	0.1657466226	-0.1656184699	-0.0553084913	-0.0985483553	-0.0304405154	0.0044305448	0.0448882934	0.0630478244	-0.0329171019	-0.0907477268	0.394593696	0.0733555235	0.2830663977	0.174852224	0.0599861752	0.526619789	0.0522392052	-0.275463764	-0.0384707243	-0.2709061473	-0.0407930056	0.2083805313	0.0110456838	0.0340555874	-0.0039119698	-0.1324382485	-0.0169836188	0.0779655036	-0.2307797708	0.2489142227	-0.3016971597	0.0948742941	-0.0104168036	-0.0157841452	0.2770907743	0.6054662678	-0.0549777487	0.1239659314	0.0067657252	0.2383300942	0.1281252492	0.1021272812	-0.1727595642	0.0410345764	0.0007049969	0.010656123	-0.0541977303	0.0981729602	-0.135232614	-0.1637092449	-0.2213549603	0.1399425501	0.0772433738	-0.0366662233	-0.1211199807	-0.1082719048	0.0839142426705024	0.0418865410586165	0.0070416001229639	0.0017544823218551	0.1889196974460389	0.329952331494283	0.0356906520831028	0.1088685410585132	-0.6447687035251164	0.1203648670543913	0.0144877012210212	0.4157266810454594	0.0110223082250801	0.00339215387526	0.0001214912786086	1.1506707913441437e-05	-0.0007899765891694	0.0007381637620922	6.240630114357189e-07	5.448857396661101e-07	-0.0009891746483979	-0.0017450163110786	3.045081925930365e-06	9.784664850331091e-07	0.0	0.0	0.0	0.0	0.0	1.0	0.0	0.0	0.0	0.0	0.0	0.0	0.0	0.0	0.0	0.0	0.0	0.0	0.0	0.0	0.0
977.4733112332152	29.350318618565662	861.4412030113224	955454.074173226	1152.6672065041282	85.07011230720991	7236.924007961307	1328641.6889500306	889.7519948007842	22.837213185589803	791658.6122519748	521.5383060840768	901.4642468425624	878.7197375661278	2.73017	66.899628	0.7778491299076484	0.475709578052289	0.1319680924	-0.0901105749	0.056366991	-0.021201448	0.3605063879	-0.2110639316	-0.2317977647	0.2240643172	0.0926443015	-0.096917037	-0.1825895742	-0.0644763622	0.1307332904	-0.3743177639	0.1825729193	-0.0560822227	0.2074651317	0.1500469017	-0.0578320081	-0.0097446449	-0.0637042461	-0.0734526577	-0.0496928654	0.1191478881	0.1242087785	-0.0592433504	0.252035216	0.1852205494	-0.163359973	-0.1740462774	-0.0051519485	0.1990393481	-0.2513128064	0.3554132842	0.0885230221	-0.1591727324	0.0817049365	0.0282589825	0.0475324873	-0.0634943279	-0.0253346835	0.130531703	0.111116058	0.2950804535	-0.1649039432	0.0824039272	-0.1932440734	-0.1650347797	0.3079627091	0.0792450399	0.0126827184	-0.2945375254	-0.1294012622	-0.1262478547	0.2268103213	0.0163478465	-0.096416844	-0.1883921941	-0.0502986826	-0.0880394392	-0.1309031049	0.0771788485	-0.0075838881	-0.0387738181	-0.0936456613	-0.1334803895	-0.291044245	0.0790815109	0.1445123476	0.2361817337	-0.2343614019	0.0745091236	-0.0430942802	-0.1242524367	-0.1003291122	0.062981713291407	-0.0209325293790954	0.0039666962091209	0.0004381707862066	-0.1296895674163209	-0.3186092648623598	0.0168193838966324	0.1015118636561333	-0.6550504829832846	-0.0102817794581682	0.0001057149888264	0.4290911352566344	0.0040343099649983	-0.0069879982600818	1.6275656893684585e-05	4.883211968290627e-05	0.0006742259184078	0.0014642025075771	4.545805890528414e-07	2.14388898319536e-06	-0.0008808642918964	0.0001083103565015	1.1731133325482024e-08	7.759219007381462e-07	0.0	0.0	0.0	0.0	0.0	0.0	1.0	0.0	0.0	0.0	0.0	0.0	0.0	0.0	0.0	0.0	0.0	0.0	0.0	0.0	0.0
966.0867474743887	-11.386563758826467	129.65383423382036	933323.6036456432	1091.8204918853507	-60.84671461877747	3702.322679898948	1192071.9865007692	884.523859294051	-5.228135506733224	782382.4576604422	27.333400876764667	896.4000268921523	873.7770410735031	1.68638	41.322773	0.4964952163184175	0.2776706842867031	0.1511441852	0.0053687635	0.0983138573	-0.1027696122	0.2243662699	-0.2859203083	0.0388195193	0.017995479	-0.14566219	0.0574830407	-0.0269094024	0.0009771167	0.3033724647	-0.1794780958	0.1962904627	-0.1364850216	-0.0583637643	0.1438890506	0.0533780103	0.0113604543	0.0987088608	0.083661361	0.1511285301	0.0430479978	-0.0206196213	-0.0078855411	0.0138785933	0.0023080577	-0.0035218453	-0.0254824673	0.0580849063	0.293036394	0.0032542593	0.263888416	0.0789022027	0.1161870967	0.1440584199	-0.0176841317	0.0573874759	0.0462494221	-0.1525712271	0.0177526812	-0.00375136	-0.0667500712	0.1699449286	0.010168385	0.0547113581	-0.1334056418	0.2908336037	0.0398943381	0.1647684729	-0.1851742742	-0.1374838532	-0.1473621997	-0.035355361	-0.0115124402	-0.1397252766	-0.005027919	-0.1356388619	0.1148174001	-0.0074511077	0.0751335596	0.0576981401	-0.1301777598	-0.0041830671	0.0587890251	-0.098617389	0.2747495222	0.1015386238	0.0343041797	0.1501183024	0.0717238087	-0.0494042187	-0.1266188352	-0.0912870929	0.0309675464971803	-0.0320141667942267	0.000958988936055	0.0010249068755285	-0.2935824069668484	-0.1638928395505275	0.0861906296804481	0.0268608628559349	-0.5298750018582012	0.1251754811250833	0.0156689010748961	0.2807675175942288	0.0006743476562595	-0.0033599623087388	4.5474476150268083e-07	1.1289346716145369e-05	0.0006766539291997	2.4280107918999917e-06	4.578605399013926e-07	5.895236405582823e-12	-0.0010267285493373	-0.0001458642574408	2.1276381598785144e-08	1.0541715140242766e-06	0.0	0.0	0.0	0.0	0.0	0.0	0.0	1.0	0.0	0.0	0.0	0.0	0.0	0.0	0.0	0.0	0.0	0.0	0.0	0.0	0.0
975.1413729853776	9.0546255109889	81.98624314425098	950900.6973078074	1134.499218333851	42.67872644850036	1821.473691265924	1287088.4764001193	887.9662487136875	3.44238941963647	788484.0588546583	11.850044916425112	900.592700850933	881.0402220483858	1.645017	40.309216	0.9545229827598768	0.5579749240827134	0.0818589188	-0.2125696306	0.0159503676	-0.0724223546	0.0599575829	-0.1271228291	-0.171979025	0.1539490297	0.0614636211	0.2060693269	-0.1486544277	0.0367158011	0.1879330828	-0.2293560882	0.019127791	-0.0754992875	-0.1464394618	-0.0143350091	0.1302794366	0.0604476869	0.0222379261	-0.0893721138	0.3008848857	0.0622566646	0.014921296	-0.1221678128	-0.0663496312	-0.2390328484	0.0395008554	-0.1483190873	0.0739516111	0.1981920819	-0.1474398994	0.1109368342	0.0404192995	0.1371235893	0.0508522674	-0.1289035252	-0.0272947508	-0.0889784633	-0.1105296744	0.1987571446	-0.0805736669	-0.156371739	0.1455504855	0.1102764006	0.3048705412	0.028658716	0.1094808419	0.1778307331	0.1223689542	-0.0166371776	-0.1450823081	-0.1842484559	-0.1484302054	0.1645047526	-0.0515165525	0.0622608541	-0.0304858007	0.2080299409	-0.1417757864	-0.0138484527	0.3297704517	-0.019926961	0.0137217245	-0.0115651626	0.26886952	0.2555279748	-0.3320555935	-0.2590538781	0.0969630524	0.0688893378	-0.0555787436	-0.1282045865	-0.0812449131	-0.0115643270829792	-0.0425318735801595	0.0001337336608821	0.0018089602702386	-0.1719792620536537	0.1216031449131947	0.0295768665765192	0.0147873248527794	-0.2275597042177537	0.3023152976404475	0.0913945391874323	0.0517834189836715	-0.0077079164119502	-0.0083822640682097	5.941197541361125e-05	7.026235090919944e-05	0.0013437257860571	0.0006670718568574	1.8055989881147715e-06	4.449848622111797e-07	-0.0017388459567917	-0.0007121174074544	5.07111201999576e-07	3.023585261450843e-06	0.0	0.0	0.0	0.0	0.0	0.0	0.0	0.0	1.0	0.0	0.0	0.0	0.0	0.0	0.0	0.0	0.0	0.0	0.0	0.0	0.0
967.7009162983884	-7.440456686989251	55.360395710963054	936445.0634047404	1105.7078081241325	-28.79141020971861	828.9453018642888	1222589.7569466734	889.3283853581419	1.362136644454381	790904.9770037197	1.8554162381654409	899.982568374985	849.2300165828119	2.165672	53.067257	1.082303140192889	0.661372859107199	0.1210077873	0.0146114937	-0.2608258635	-0.3633514358	-0.2058481885	-0.0454963004	-0.0296761236	0.0276072202	-0.0988435087	0.0937210921	-0.1239488037	-0.1186282202	0.2829541565	0.2688458261	-0.0334144587	0.2831043046	0.1713196412	0.1048861771	0.2169359308	0.1667254342	-0.2804222478	0.0857425594	0.2239420899	-0.2493591411	-0.005075145	0.0435680485	0.025842374	-0.1897885444	0.0461440355	-0.1199396426	-0.0999734401	0.2767659507	0.2195741387	-0.170450062	-0.2193551034	-0.292710716	0.0602324448	-0.1239363101	-0.068872505	0.2734863303	0.0800429687	0.2418704118	0.1587925536	-0.2079804295	0.0708703388	0.0226665474	0.1620422852	-0.0749139047	-0.0673258425	0.3353194395	0.2615353044	0.3557421721	0.2517052497	-0.0564464829	0.2795101074	-0.0431150823	-0.2243452517	0.4325380269	-0.0542457928	-0.1021106063	0.10124729	0.0343936534	0.1067732567	0.1791036731	0.1246577844	-0.0036934269	-0.1210636929	0.1435846194	0.1782303001	-0.0173012125	-0.0664322619	0.0660076536	-0.0616009311	-0.1289999139	-0.0703125971	0.0628479330142397	0.0744122600972189	0.0039498626841623	0.0055371844527761	-0.0571066394764017	0.1148726225772519	0.0032611682722877	0.0131957194177757	-0.0618176241787153	0.1657420800390384	0.027470437095667	0.0038214186591008	-0.0196876174923739	-0.0119797010804237	0.000387602282526	0.0001435132379763	0.0011117492366483	-0.0002319765494088	1.2359863651880776e-06	5.381311947561352e-08	0.0005949999629634	0.0023338459197551	5.446836777157529e-06	3.540249559264474e-07	0.0	0.0	0.0	0.0	0.0	0.0	0.0	0.0	0.0	1.0	0.0	0.0	0.0	0.0	0.0	0.0	0.0	0.0	0.0	0.0	0.0
968.0976168332012	0.3967005348127941	0.1573713143207568	937212.9957181236	1106.428954494886	0.7211463707535586	0.520052088051029	1224185.0313446466	886.9248101395427	-2.403575218599144	786635.6188410639	5.777173831463924	898.9531217999471	853.3619352144383	1.89349	46.397766	0.9165836185327948	0.5149923246929278	0.1155206425	0.0017560746	0.0233218673	-0.0729262631	-0.0740019357	-0.0593005837	-0.0549237014	0.0810053286	-0.0149339919	0.2583260228	-0.1085698319	-0.0788270209	0.1082211758	-0.0088029903	0.0289303243	0.14213469	-0.0313038288	-0.1186437111	-0.0777605976	-0.2536325395	-0.2573706536	-0.095635426	-0.0153965373	0.0003788301	0.0936180541	-0.0505138976	-0.2508325323	0.0395264195	0.0897964703	-0.1048828179	-0.0564763713	0.1241090478	-0.0152546565	-0.0273814047	-0.1745485004	0.057109877	-0.1697925731	0.1616465855	0.1398498903	0.0002562646	0.2833251699	0.1479860869	-0.083994661	0.0429633199	0.2090248114	-0.0128261216	0.0004543625	-0.0565717006	-0.0760841341	0.0360175078	-0.0427124026	0.2723775375	0.2451117227	-0.2158831243	0.1580856724	0.1745839134	-0.2190615699	-0.1800896592	-0.3312474393	0.0635363534	-0.1897456293	-0.2370575999	-0.3310192068	-0.115807436	-0.2241156552	-0.0921953533	0.0371848361	-0.273865835	-0.1087297671	0.0429734489	0.171841922	0.063080731	-0.0674542747	-0.1289999139	-0.0586099215	0.1628183214866823	0.0999703884724425	0.0265098058117406	0.009994078571331	0.1167680097960328	0.1738746492724345	0.0136347681117264	0.0302323936596121	-0.0138494260053079	0.0479681981734074	0.0023009480360032	0.0001918066006764	-0.0108362501105716	0.0088513673818023	0.0001174243164588	7.834670452763371e-05	-0.0004592197649671	-0.0015709690016153	2.1088279253643855e-07	2.4679436040364863e-06	0.0020680712318359	0.0014730712688725	2.1699389631776374e-06	4.276918619947258e-06	0.0	0.0	0.0	0.0	0.0	0.0	0.0	0.0	0.0	0.0	1.0	0.0	0.0	0.0	0.0	0.0	0.0	0.0	0.0	0.0	0.0
965.7417602688432	-2.355856564357964	5.55006015182851	932657.1475271638	1095.922125824227	-10.50682867065916	110.39344871458536	1201045.3058710927	880.402899812154	-6.521910327388696	775109.2659976498	42.53531431849933	891.9449296058597	859.2362624420517	1.626241	39.849148	0.6438364381168189	0.2869512228950773	0.0581999044	-0.1183400159	0.0164272983	0.0302509562	0.0424409154	0.0343586233	-0.007559221	0.0763896175	-0.0353782729	-0.0260575907	0.00387441	-0.0564468305	-0.0495331623	-0.0472582473	0.0737047388	-0.0041298392	-0.0713416915	-0.1064029736	-0.0908464809	-0.0192422399	0.070852432	0.0133148546	-0.0789259712	0.0900761061	0.009278869	0.1031269553	-0.1022454239	0.0248857839	0.0495068435	0.0065247757	-0.0565712531	-0.0420153162	-0.0291168103	0.0686104487	-0.0362750178	0.1048813421	-0.0614994617	0.0704355242	0.0086875592	-0.0489009692	-0.0482004609	-0.1161777004	-0.1315978245	-0.0097510222	-0.1015278171	-0.193892167	0.0612263401	0.0453274373	0.0152938151	0.0430401577	-0.0301339542	0.0683094168	0.0486071975	-0.1436601588	-0.0437845484	-0.0849998218	0.1249049397	0.0679909427	0.0349394655	0.30341724	-0.3197689667	-0.0617764412	0.012706598	0.0471042766	0.0340488618	-0.0899357983	-0.0525076905	-0.1405150385	-0.0801349886	0.1599912934	-0.1941470456	0.0601105761	-0.0731227308	-0.1282045865	-0.0462651033	0.0659131970685962	-0.096905124418086	0.0043445495478035	0.0093906031384847	-0.0046243102707848	-0.1213923200668176	2.1384245480485796e-05	0.0147360953712046	-0.1781366001643931	-0.1642871741590852	0.0269902755931775	0.0317326483181288	-0.0083991950626376	0.0024370550479339	7.054647770023584e-05	5.939237306660588e-06	0.0005846500203683	0.0010438697853354	3.418156463166536e-07	1.089664128736174e-06	0.0003239596756487	-0.0017441115561872	3.041925120425737e-06	1.0494987144641089e-07	0.0	0.0	0.0	0.0	0.0	0.0	0.0	0.0	0.0	0.0	0.0	1.0	0.0	0.0	0.0	0.0	0.0	0.0	0.0	0.0	0.0
968.8486472191286	3.106886950285343	9.65274652185336	938667.7012183354	1112.90790904652	16.985783222293094	288.5168316747336	1238564.0140182972	883.908105357861	3.505205545706985	781293.5387173236	12.286465917655006	895.498657733888	856.7605005142706	1.398131	34.259571	0.2857737522942626	0.1536626857772163	0.0412640484	-0.1061562453	-0.1197784769	0.0173639731	-0.0391873428	-0.0792837861	-0.0658571279	0.002664761	0.0316441848	-0.0300385015	-0.0803951835	0.0179443916	-0.0764834924	0.004825531	-0.0453105484	-0.0083281907	0.0141121792	-0.0370943945	0.1363384872	-0.1093586755	-0.0802156799	0.1142762218	-0.0846961666	0.0364817148	-0.1070542573	-0.0009451397	-0.0127113708	0.1344196354	-0.0156312397	-0.077250477	-0.0051667083	-0.0618328365	-0.0376776919	-0.0337732569	0.0374971688	-0.0259964329	-0.0215068594	-0.0760058526	0.0852859969	0.1608696963	0.1001990899	-0.0571562371	-0.0775437881	-0.0095718417	-0.0117134758	0.068812209	-0.132132485	0.0776318739	-0.0530840637	0.0727449899	0.0327352923	0.0076725412	-0.0140157966	-0.1234629073	0.0207888313	-0.0796744235	0.0402242173	-0.0829472762	0.0473752819	0.0237239236	0.1358140917	0.1502466666	-0.1841102972	0.1084458176	-0.1293440749	0.1742960523	0.0658274678	0.1463382304	0.0115285595	-0.1124935532	-0.0545542161	0.0570992244	-0.0785907625	-0.1266188352	-0.033413395	0.0363253304049351	-0.0295878666636611	0.0013195296290277	0.0008754418537065	0.1025982457345406	0.1072225560053254	0.0105264000278051	0.0114966765163151	-0.0754179191221169	0.1027186810422761	0.0105511274350648	0.0056878625247101	-0.0081060867002127	0.0002931083624248	6.570864159136523e-05	8.591251212340616e-08	0.0003011047092771	-0.0002835453110911	9.066404594884693e-08	8.039794344180538e-08	-2.42796224951998e-05	-0.0003482392981438	1.2127060877175592e-07	5.89500068509412e-10	0.0	0.0	0.0	0.0	0.0	0.0	0.0	0.0	0.0	0.0	0.0	0.0	0.0	0.0	0.0	0.0	0.0	0.0	0.0	0.0	0.0
962.4746888425392	-6.373958376589371	40.627345386493815	926357.5266625426	1090.4981512274624	-22.40975781905763	502.19724550881466	1189186.2178305134	878.7996950922005	-5.108410265660496	772288.9040941446	26.09585544230553	889.6719017516622	833.6510129587778	1.193272	29.23974	0.2733479106177195	0.1287675633611963	-0.0086496406	-0.0574592982	-0.0320169141	0.0545384254	-0.0126662251	0.1279764873	0.0312246796	0.0213875438	0.0173117772	-0.0317684041	0.0258537321	-0.038686535	-0.138444795	0.0017169268	0.0005152182	0.0035875463	-0.0480161235	-0.0281172772	-0.1269516511	0.0460036382	0.0794395839	0.0328168691	-0.0137549401	0.049733623	-0.0698367329	0.035904593	-0.117791118	-0.111166576	-0.0006895385	0.0270587877	-0.0609809953	-0.1333584394	-0.0153347202	0.0043257782	-0.0087739875	0.0572103658	-0.0211737323	0.0759047679	-0.0217821949	-0.0259535822	-0.1242566862	-0.0510742125	-0.1017087057	-0.0441719032	-0.0217086226	0.0496823873	0.0331354846	0.0725175877	-0.0723776883	0.0126583853	-0.0278899782	-0.0234635187	0.0236769918	-0.0257937668	-0.0727435001	-0.0356422626	0.1045659181	-0.1014354418	-0.0277350575	0.1082524142	0.0669232296	-0.1426168519	0.1558327277	0.0391760152	-0.1436041947	-0.037353746	-0.0506938321	0.0751567056	-0.1128843099	-0.0768987425	-0.0364846539	0.0540487397	-0.0838433825	-0.1242524367	-0.0201956026	0.0448083728471857	0.0084830424422506	0.0020077902772124	7.196200907702503e-05	0.0117295493875388	-0.0908686963470018	0.0001375823288347	0.0082571199758036	-0.0100901134617998	0.0653278056603171	0.0042677221923921	0.0001018103896719	-0.0075096633594027	0.00059642334081	5.639504377155545e-05	3.55720801462962e-07	0.0012439905214627	0.0009428858121856	1.5475124174890402e-06	8.890336548208986e-07	-0.0006583377928626	-0.0006340581703674	4.020297634096551e-07	4.334086495111996e-07	0.0	0.0	0.0	0.0	0.0	0.0	0.0	0.0	0.0	0.0	0.0	0.0	0.0	0.0	0.0	0.0	0.0	0.0	0.0	0.0	0.0
960.607114066426	-1.8675747761132016	3.487835544374275	922766.0275950276	1099.812639157634	9.314487930171708	86.75968540131443	1209587.8412508802	881.5365883352899	2.736893243089412	777106.7565738225	7.490584624068479	893.178037170254	825.8827390461506	1.031561	25.27721	0.1244338572207342	0.0611701576166224	-0.0926063237	-0.0537578572	-0.0903721186	-0.023037429	-0.087603943	0.0518524343	-0.0215322253	-0.0810453564	0.0873920243	-0.0476210146	-0.0404166872	0.0076491222	-0.1673287978	0.0193344416	-0.0176190446	0.0409847426	-0.0682679693	0.0292251754	0.0420202985	0.0221108039	-0.0386847463	-0.1243246515	-0.1618614391	-0.1113750241	0.0892847096	-0.0934278491	-0.001719513	-0.1965258572	0.0033441659	-0.0417916676	-0.0258792949	-0.1616778335	-0.0067307323	-0.0217530317	-0.0537427858	0.0099072566	0.058908617	-0.0573571637	-0.0759565578	-0.0696776623	0.1929276144	-0.0664565495	-0.0089699864	-0.0170443414	0.0383928701	0.1123554942	0.0867467781	0.1196484654	-0.0595224261	0.0304941006	0.008204208	-0.03478918	0.0341595138	0.0426932245	-0.0061981173	0.0248951635	0.0252244	-0.0972897816	0.0518180451	-0.0151474235	0.126133666	0.0693923172	-0.067418967	0.1347277919	-0.1955335636	0.099610805	-0.1403126928	0.071546776	-0.1264276667	-0.0495808741	-0.0805639631	0.0509612127	-0.0888661936	-0.1211199807	-0.0067565429	0.0471631406541064	0.0023547678069206	0.002224361836359	5.544931424510112e-06	0.0623082801461691	0.0505787307586303	0.0038823217747734	0.002558208005154	0.0115461830237535	0.0216362964855532	0.0004681293256107	0.000133314342418	-0.0078003179828051	-0.0002906546234023	6.084496063287262e-05	8.448011010519073e-08	0.0017005713272091	0.0004565808057464	2.89194283892572e-06	2.0846603217603186e-07	-0.0009083836071064	-0.0002500458142438	6.252290922084498e-08	8.251607776596345e-07	0.0	0.0	0.0	0.0	0.0	0.0	0.0	0.0	0.0	0.0	0.0	0.0	0.0	0.0	0.0	0.0	0.0	0.0	0.0	0.0	0.0
958.0177544099696	-2.589359656456395	6.70478343048398	917798.0177647208	1091.460888886255	-8.35175027137916	69.75173259548187	1191286.8719683737	881.2823020132269	-0.2542863220630806	776658.4958417324	0.0646615335883687	891.9638457432427	809.319281880011	0.965638	23.66184	0.1445427325228635	0.0958657557300711	-0.1272875862	0.0015031876	-0.0599834771	0.0180295593	0.0467934071	-0.0040120505	0.0279596615	-0.0623161741	0.1078883424	-0.0580470762	-0.0163587181	-0.0523304234	-0.137799918	0.006771842	0.0649332334	-0.0693084526	-0.0673488996	-0.0130046603	0.0182926177	-0.1014896642	-0.0678227973	0.0468474936	-0.0191079181	-0.0068349014	-0.0230700727	-0.1702272925	-0.045058026	0.0963593526	-0.0082920438	-0.016233322	-0.0792102587	-0.1313170658	0.0098620168	0.0698151393	0.0368196808	0.0892069913	-0.0302842838	-0.0236475192	0.1091931262	0.0712375641	0.0279860498	0.0526725853	0.0253894641	0.049655579	-0.0340747692	-0.041285644	-0.0809640907	0.0875505557	-0.0465346461	0.014593007	0.0107261204	-0.0380692059	0.0280086356	0.0741419741	-0.0282482057	-0.0126600611	0.0441034194	-0.1329751166	0.1007860127	0.1575122556	-0.1114592721	0.0432983779	-0.0236761986	0.1104480469	0.0221035351	0.0583721747	-0.154356252	-0.019548611	0.0661133224	-0.0820519171	-0.0321823385	0.0478387595	-0.0936454286	-0.1172407796	0.0067565429	0.0424887534671114	-0.0046743871869949	0.0018052941711889	2.1849895573943008e-05	0.074075122887649	0.0117668427414799	0.0054871238308203	0.0001384585881027	-0.0678393761847502	-0.0793855592085037	0.0063020670108468	0.004602180961136	-0.0077394166709106	6.09013118944993e-05	5.989857040596892e-05	3.7089697904710822e-09	0.0026070319720661	0.000906460644857	6.796615703374859e-06	8.216709006745684e-07	-0.0009014266961402	6.956910966199954e-06	4.839861019163319e-11	8.125700885142365e-07	0.0	0.0	0.0	0.0	0.0	0.0	0.0	0.0	0.0	0.0	0.0	0.0	0.0	0.0	0.0	0.0	0.0	0.0	0.0	0.0	0.0
963.0064208700152	4.988666460045579	24.886793049583687	927381.3666368768	1106.34843949247	14.8875506062152	221.63916305261856	1224006.8695674238	884.6707035500746	3.3884015368477094	782642.2537197839	11.48126497491192	896.9822649358179	828.3954068964177	1.04524	25.612394	0.3668821647176863	0.1856520931382546	-0.1003784717	-0.0537516976	-0.1065566538	-0.1187839442	-0.0632755753	-0.1019958669	-0.0629152764	-0.091577959	0.0899208878	0.0009871163	-0.081601623	0.0388059943	-0.0187892479	0.0685009083	0.0026914428	0.0187484362	0.0737442034	0.0945305554	0.087545527	0.0693114578	-0.0664650183	-0.0303188372	0.0554116468	0.0490771996	0.0285656268	-0.0340674357	-0.0850873506	-0.0497097034	-0.2488038434	-0.0899380484	0.0244734228	-0.0337262413	0.0673697223	-0.002200443	0.0153576312	-0.101772489	0.0988926127	-0.0966416555	-0.0309888135	0.1004251401	-0.005923733	0.0394662948	0.137480875	0.0801521676	-0.1306199334	0.146887157	0.0402200865	0.0977949632	0.0015212744	0.1247840325	0.1331521826	0.030632619	0.0073393325	0.0537243706	0.0075495715	0.0914662486	0.0446770511	-0.0963337143	0.148050988	-0.0812171525	-0.0259863433	0.0773855279	-0.0425233893	0.0420568146	-0.0330453576	0.0815932349	-0.0112621153	-0.0857284175	0.0158251937	0.1079101124	0.0580549526	0.0446835199	-0.098167988	-0.1126387502	0.0201956026	0.0437839395670778	0.0012951860999664	0.0019170333640135	1.6775070335461734e-06	0.037048525988041	-0.037026596899608	0.0013725932778865	0.001370968877966	-0.1600047729774871	-0.0921653967927369	0.0084944603659626	0.0256015273755771	-0.0105463253200496	-0.002806908649139	0.0001112249777563	7.878736164611324e-06	0.0034470614776638	0.0008400295055976	1.188223283079374e-05	7.056495702747162e-07	-0.001982388239911	-0.0010809615437708	1.1684778591113515e-06	3.929863133737433e-06	0.0	0.0	0.0	0.0	0.0	0.0	0.0	0.0	0.0	0.0	0.0	0.0	0.0	0.0	0.0	0.0	0.0	0.0	0.0	0.0	0.0
961.8323973447284	-1.1740235252867706	1.3783312379267765	925121.5605819076	1094.871468346966	-11.476971145504194	131.72086667473584	1198743.5322002412	882.0453240786602	-2.6253794714143623	778003.9537290287	6.892617368923957	893.8813048848106	825.8779443598341	1.010734	24.766855	0.1279990664686022	0.0732954252244695	-0.0539225739	-0.0262222391	-0.1772694611	-0.0623594318	0.0281796325	-0.1058751433	0.0018183526	-0.0209007073	0.0839172759	-0.0736161286	-0.0126082807	-0.077136169	-0.0099100978	0.0873489256	-0.0311390199	-0.106696326	0.0593931809	0.1343689897	-0.1576572537	-0.1340949589	-0.0167215209	-0.0681176096	-0.0173942601	0.0301224204	-0.1012681974	-0.0863325364	-0.0608305025	-0.0216938476	-0.0441294651	-0.0150811649	-0.0755445717	-0.0085966028	0.0551526223	-0.0435220601	0.124938394	-0.0457947863	0.0940253709	0.2119088596	0.0714889268	-0.065422693	0.0470909517	0.013152957	-0.0411401854	-0.0583275888	-0.0225316406	0.0363693934	0.0242469257	0.0562148218	-0.041060458	0.1192923518	0.1354653032	-0.0403166894	0.0009152758	0.0632542179	-0.0221735295	-0.0785423733	0.0866140699	-0.1629148796	-0.0245096312	-0.0702287592	-0.0280645441	-0.1164255531	0.0428052452	0.0645364805	0.1350677023	0.0268927039	0.1099213942	-0.0600564888	-0.0211869496	0.0752894532	0.0256137112	0.0414976565	-0.1024214758	-0.1073422654	0.033413395	0.0441751349134307	0.0003911953463528	0.0019514425446198	1.5303379900816125e-07	-0.0287801654186807	-0.0658286914067217	0.0008282979215266	0.0043334166123213	-0.1455998814716395	0.0144048915058476	0.0002075008992952	0.0211993254845554	-0.0100841839003921	0.0004621414196575	0.0001016907649369	2.1357469176305018e-07	0.0037878297803517	0.0003407683026878	1.4347654444919206e-05	1.1612303611679217e-07	-0.0021269642817592	-0.0001445760418481	2.0902231876492424e-08	4.52397705587943e-06	0.0	0.0	0.0	0.0	0.0	0.0	0.0	0.0	0.0	0.0	0.0	0.0	0.0	0.0	0.0	0.0	0.0	0.0	0.0	0.0	0.0
963.0007383787564	1.1683410340280034	1.3650207717936242	927370.42211803	1105.9591427637529	11.087674416786967	122.93652397267222	1223145.625462735	883.4370277052482	1.3917036265879688	780460.9819206834	1.9368389842581044	895.6509793566926	828.3185409458205	0.964882	23.643314	0.1096955476443431	0.0557137529679016	-0.0921802245	-0.0847421018	-0.0687666485	-0.074018607	-0.024413979	-0.0668014288	-0.0592861284	-0.0423056901	0.0913805681	0.0069111003	-0.0646444785	0.051661894	-0.0784248942	0.0422520263	-0.0016839821	-0.0866301143	0.0730447939	0.0852749015	0.0251773541	0.0719692548	-0.0616004619	-0.0242860087	0.034282385	0.1084373694	-0.2311969487	-0.0551496217	-0.0392326282	0.0316594555	0.1305132739	-0.0684668056	0.0385447595	-0.0778073474	0.0247172988	0.006261284	0.1142041394	-0.0847693068	0.0558343453	0.004342876	-0.0527236464	0.0443572003	-0.0392905083	0.1122014203	-0.2305179701	-0.0904555671	-0.030880531	-0.009562925	-0.0750860362	0.1084765002	0.0100910974	0.0897899603	0.09834292	-0.0003643959	-0.0137811892	0.0552347969	-0.0307480537	0.0859118213	0.028621412	-0.0843989697	0.1063521136	-0.0551536101	0.0911249153	-0.1039019069	0.0475812154	-0.0004948351	-0.0383268647	0.1615285323	-0.0232702228	-0.0626094554	-0.0104797891	0.0513315535	0.001197455	0.0382833527	-0.1063942335	-0.1013839798	0.0462651033	0.0434790839094745	-0.0006960510039561	0.0018904307376071	4.844870001084334e-07	-0.067084728239422	-0.0383045628207413	0.0045003607629571	0.0014672395328881	-0.1268204152456888	0.0187794662259506	0.0003526683517316	0.0160834177230889	-0.0094590420389055	0.0006251418614866	8.94734762937815e-05	3.908023469829314e-07	0.0033907205479675	-0.0003971092323841	1.1496985834409023e-05	1.576957424447683e-07	-0.0021430225397623	-1.6058258003100005e-05	2.578676500941254e-10	4.5925456059292585e-06	0.0	0.0	0.0	0.0	0.0	0.0	0.0	0.0	0.0	0.0	0.0	0.0	0.0	0.0	0.0	0.0	0.0	0.0	0.0	0.0	0.0
958.4624110002302	-4.538327378526219	20.596415394680665	918650.1933003742	1092.55219161609	-13.406951147662769	179.74633907581597	1193670.2914051218	880.5252747459903	-2.9117529592579103	775324.7594665017	8.478305295747198	892.0418646731949	818.6364775790191	0.964224	23.627176	0.1508347112004033	0.0948535277099749	-0.0864958813	0.0061322586	-0.1515446998	-0.020398272	0.0411662817	-0.0432581995	0.0291405918	-0.0349646588	0.1091816243	-0.0882236971	0.007275319	-0.0680333928	-0.1137722144	0.0843957878	0.0607350101	-0.0793968626	-0.0373788814	0.1201869301	-0.017572839	-0.0499414128	-0.0011797562	-0.0392392648	-0.013478853	0.0534292131	-0.0348237432	0.0129165079	-0.1673857509	-0.0894269113	0.0913826644	0.006236473	-0.0909131603	-0.1153457428	0.0852395424	0.0464387946	0.0728730838	0.0089957921	0.109768425	0.0402207509	0.0298993231	0.0212036126	0.0066153627	0.0355239882	-0.1253342438	-0.0145550699	-0.0023958476	0.0211814038	0.060002072	0.0571477618	-0.0529406158	0.0864468052	0.1089355592	-0.0419617519	0.0167271558	0.0804266715	-0.0164953395	-0.0656087547	0.052066456	-0.1415615488	0.0585900954	-0.0225385255	-0.0072509805	-0.0636120942	-0.0169252527	0.0199180481	0.0568311388	0.0389946186	0.0264778877	-0.038172055	-0.0241876693	0.1118635157	0.0138748537	0.0350428114	-0.1100753719	-0.0948006283	0.0586099215	0.0495865671985598	0.0061074832890853	0.0024588276465372	3.730135212645621e-05	0.0181413195189321	0.0852260477583541	0.0003291074738879	0.0072634792165092	-0.1258419993394	0.0009784159062888	9.57297685678942e-07	0.0158362087977375	-0.0100509506493178	-0.0005919086104123	0.000101021608955	3.5035580308022105e-07	0.0032680718583113	-0.0001226486896562	1.0680293671086272e-05	1.5042701074382895e-08	-0.0016871245548973	0.000455897984865	2.078429726039679e-07	2.846389263737412e-06	0.0	0.0	0.0	0.0	0.0	0.0	0.0	0.0	0.0	0.0	0.0	0.0	0.0	0.0	0.0	0.0	0.0	0.0	0.0	0.0	0.0
960.9452235955468	2.482812595316659	6.164358383463044	923415.7227510957	1099.9841543150342	7.431962698944062	55.23406955849591	1209965.139744161	882.5386121520303	2.013337406040023	778874.4019392318	4.053527510559968	893.8428077600191	817.3308329891137	1.007376	24.68458	0.1069418129114189	0.0465932134714609	-0.1116975797	-0.0423993081	-0.0269908914	-0.0429623738	-0.0661303598	0.0019952447	-0.0544488127	-0.0873031677	0.0525753347	0.0316440331	-0.0479047812	0.0708381073	-0.0369730223	-0.0148545877	-0.0509026932	-0.0294601868	0.0152325597	0.0002236136	0.0313985252	-0.0137199331	0.0731572704	-0.0560873249	-0.0136072283	-0.0222650978	-0.0580463381	-0.1067147414	-0.0317896311	-0.0507412584	0.0236305807	-0.0493030699	0.0586980962	-0.0455754105	-0.023009756	-0.034783204	0.0410007162	-0.0220889803	0.047125519	-0.0273960681	0.0152546839	-0.0508474257	-0.0105632606	-0.0546187344	-0.119054776	-0.0806323288	-0.0033681311	-0.0619172189	0.1083677465	0.1101569153	-0.0004472943	0.0536192292	0.0605568749	0.028487361	0.0155104003	0.040232037	-0.0165389344	0.0568326607	-0.0114148087	-0.1174881244	0.1364517667	-0.0403677388	0.0634876733	-0.0116129303	0.0379937355	-0.0262517026	0.0012643318	0.1017211091	-0.0261242831	0.0158093947	0.0353742219	0.0410329146	0.0365288708	0.0317782535	-0.1134548014	-0.0876327994	0.0703125971	0.0547113749348824	0.0051248077363226	0.0029933345472652	2.6263654334271996e-05	-0.0101023592028042	-0.0282436787217363	0.0001020576614624	0.0007977053877366	-0.1056287060068399	0.02021329333256	0.0004085772273481	0.0111574235326794	-0.0095560595223505	0.0004948911269673	9.131827359470568e-05	2.4491722755096454e-07	0.0029469309850667	-0.0003211408732446	8.684402230746191e-06	1.031314604683043e-07	-0.0014359558926932	0.000251168662204	6.308569687339724e-08	2.061969325760325e-06	0.0	0.0	0.0	0.0	0.0	0.0	0.0	0.0	0.0	0.0	0.0	0.0	0.0	0.0	0.0	0.0	0.0	0.0	0.0	0.0	0.0
958.4103058539148	-2.534917741632057	6.425807956840969	918550.3143669944	1095.0008467366872	-4.983307578346967	24.83335442041031	1199026.854354062	879.4180379170166	-3.120574235013692	773376.0854138152	9.737983556231288	890.4180150141801	809.8846118771544	0.986881	24.182371	0.0755162988697528	0.0380720361597507	-0.0684676194	0.0222206459	-0.1274682274	0.0133367908	-0.0349360638	-0.0318409376	0.0318330818	0.0245719557	0.0882833903	-0.1273819019	0.0322558788	-0.0349167556	-0.0652217354	0.0533700134	-0.087192397	-0.0673912456	0.1230118737	0.0938037659	0.0180558173	-0.0873728544	0.0995653808	-0.0569208847	-0.0025591895	0.0439935966	0.0244313976	-0.1120289624	-0.1278437855	-0.0235822449	-0.0624461581	0.0323365667	-0.0450855774	-0.0637247715	0.0041178089	-0.0720395118	0.1203773335	-0.1147306334	0.0654251085	0.00700235	0.0999403317	-0.0642201978	-0.0392598266	-0.0172359988	-0.0451767787	0.0385803828	0.0740263338	0.0991509433	-0.0454907414	0.0554322051	-0.0658473426	0.0694746748	0.080123951	-0.032318002	0.0112629388	0.0730660948	-0.0188746758	-0.0513810472	0.0193545148	-0.1154352949	0.0713836727	0.0067647916	0.0722086557	-0.0418642368	0.0014892935	-0.075093195	0.0452179532	0.0522727261	-0.05509402	0.00910655	-0.0497169703	0.1151603854	0.0810446123	0.0284919163	-0.1165232592	-0.0799246852	0.0812449131	0.0503911963564291	-0.0043201785784533	0.0025392726702321	1.8663942949726772e-05	0.0156930826761509	0.0257954418789551	0.0002462728438805	0.0006654048217305	-0.0874038691555654	0.0182248368512745	0.0003321446782555	0.0076394363433631	-0.0099282514154689	-0.0003721918931183	9.85701761687602e-05	1.3852680530305816e-07	0.0029820337864532	3.510280138650009e-05	8.89252550354841e-06	1.2322066651800726e-09	-0.0012997337559767	0.0001362221367164	1.8556470531608808e-08	1.6893078364253e-06	0.0	0.0	0.0	0.0	0.0	0.0	0.0	0.0	0.0	0.0	0.0	0.0	0.0	0.0	0.0	0.0	0.0	0.0	0.0	0.0	0.0
961.6372442704072	3.2269384164924304	10.413131543834677	924746.1895679828	1106.562443882966	11.5615971462787	133.67052857283977	1224480.4422122422	882.0187117802565	2.6006738632398765	777957.0079305031	6.763504542939024	893.3600625430836	812.1010162229946	1.072913	26.290485	0.0533913908668143	0.0282506861104862	-0.0885067958	-0.051010051	-0.0086162014	-0.0263551272	-0.1215591969	-0.0542827325	-0.0844308977	-0.0909411707	0.0249515818	0.0627909399	-0.0307291636	0.1418812515	0.0026345856	0.0369402234	-0.1523200411	-0.0726784077	0.0878210303	0.0130996843	-0.021254327	0.0189109737	0.0591920538	-0.1169343822	0.1286223775	0.0246615554	0.0189132429	-0.0836546651	-0.1475493858	-0.027354693	0.0050307553	-0.0351691203	0.1415288515	-0.0180517833	-0.0236228962	-0.1341058201	0.1147915799	-0.0754170406	0.0047122827	-0.0039233181	0.0139498917	-0.0824753444	-0.0778216729	0.0741410113	-0.0328971269	-0.0311200832	0.0706457993	0.0616098761	0.0853778751	0.107995067	0.0004111658	0.0249768351	0.0593766746	0.0749873353	-0.0024482664	0.0003126942	0.0322366659	0.0706017729	0.0093514151	-0.1607532529	0.0860562821	-0.1135200249	0.1331347569	0.0194181495	0.0721085302	0.0133686259	0.0756506339	0.0019141427	0.0746232014	-0.0082306315	-0.0325122708	0.1271382263	0.0004878111	0.0251860523	-0.1192723348	-0.0717238087	0.0912870929	0.061515068879359	0.0111238725229299	0.0037841036992322	0.0001237405399063	0.0265071836100645	0.0108141009339136	0.0007026307829376	0.0001169447790088	-0.1102368728111713	-0.0228330036556058	0.0005213460559369	0.0121521681271863	-0.0100083746148936	-8.012319942470036e-05	0.000100167562432	6.419727086050305e-09	0.0029896593996499	7.625613196699833e-06	8.938063325915e-06	5.8149976625682646e-11	-0.0012150742935108	8.465946246589994e-05	7.167224585015121e-09	1.47640553875077e-06	0.0	0.0	0.0	0.0	0.0	0.0	0.0	0.0	0.0	0.0	0.0	0.0	0.0	0.0	0.0	0.0	0.0	0.0	0.0	0.0	0.0
967.3374720492772	5.70022777886993	32.49259673100042	935741.784830686	1098.7321985418146	-7.83024534115134	61.31274210262226	1207212.4441125295	882.555583991398	0.5368722111414854	778904.3588343975	0.2882317710959477	892.129546943528	829.0920268131523	1.515139	37.126724	0.1457469594328624	0.0648668732328568	0.0691407228	-0.0030395989	-0.1911269437	0.014206913	-0.0264779908	-0.0131159126	0.0132643633	0.1790829137	0.0655052743	-0.1484205545	-0.0235714414	-0.1619140775	-0.0109706013	0.0179147426	-0.0734117458	-0.0048237681	0.0990295154	0.0922778584	-0.0410039889	-0.1251988679	0.1527093755	0.1323440321	-0.0415524007	0.0660500585	-0.0828369886	0.0550414805	-0.1068139929	0.1426502376	-0.1199521873	-0.0096690423	-0.1647309494	0.0333241279	-0.0280614179	-0.0627945547	0.0658473532	-0.1135432798	0.0601844196	0.0562947804	0.118424987	0.0228260398	-0.0919970057	-0.1821506106	-0.1405262072	-0.0107254196	-0.050170454	-0.1936386989	-0.0535999547	-0.0113112949	-0.0881804427	0.0862003492	0.0574873165	-0.0165054672	-0.0128172082	-0.0280317431	0.0125033697	-0.2183926988	0.1167137855	-0.1151943257	-0.0032411949	0.0561839712	0.137746391	0.0825976096	-0.0591081365	-0.1858425157	0.2136323217	-0.1445734032	-0.0604509524	-0.0298241809	0.0197622246	-0.0979328968	-0.0139018613	0.0218629269	-0.1216944932	-0.063080731	0.1003291122	0.0838845406829733	0.0223694718036142	0.0070366161655934	0.0005003932687726	0.0490784204173451	0.0225712368072806	0.0024086913506616	0.0005094607310103	-0.1429879441897839	-0.0327510713786125	0.0010726326764469	0.0204455521836207	-0.0097264769366862	0.0002818976782073	9.460435359988858e-05	7.946630097872266e-08	0.0025966390110385	-0.0003930203886114	6.742534153646999e-06	1.544650258642559e-07	-0.0005288887714625	0.0006861855220483	4.708505706686981e-07	2.797233325791126e-07	0.0	0.0	0.0	0.0	0.0	0.0	0.0	0.0	0.0	0.0	0.0	0.0	1.0	0.0	0.0	0.0	0.0	0.0	0.0	0.0	0.0
963.695254402391	-3.642217646886138	13.265749387288796	928708.5433576892	1096.7979705747491	-1.9342279670654532	3.7412378285781567	1202965.7882568885	885.775953201883	3.220369210485046	784599.0392707044	10.37077785184008	896.884625154383	851.3270028411346	2.642709	64.7565	0.4703154392327165	0.2607154995089489	0.0624553571	-0.0781664622	0.4831411497	0.0491658678	-0.1723555461	-0.0063488619	-0.070740074	-0.1405030897	-0.2488260158	0.3341894294	-0.1085933385	0.2610040135	0.1103053678	-0.1310615311	-0.0502604875	-0.0036395857	-0.2413344632	-0.3324395138	-0.0393627384	0.0428344062	-0.1880206481	-0.2101643443	-0.0620141384	0.0353912839	-0.0376924222	-0.0687627439	-0.0214105061	0.1875490402	0.2185575091	-0.1029773556	0.2732367398	0.0839446875	-0.1207141462	-0.0466371352	-0.0880126645	0.3017711132	-0.2703657787	-0.0344603968	-0.0632717801	-0.0750118642	0.1098827462	0.1937178956	-0.2378984996	0.0896601166	0.032154201	-0.0981945293	-0.1155141819	0.0507110576	0.1350455203	-0.2714417718	-0.1701235526	0.216036171	-0.0586486309	-0.2354325868	-0.0430387435	0.4405560794	-0.1168262694	-0.1767183639	0.0882995773	-0.0989423335	0.0692335708	-0.0963878907	-0.0172624373	-0.1388626358	0.2051688517	0.0770466964	-0.0290354846	0.102221983	0.1759050228	-0.2542398565	-0.0389591586	0.0185248178	-0.1237830955	-0.0540487397	0.1082719048	0.1210917076502511	0.0372071669672778	0.0146632016616538	0.0013843732737308	0.019686726206828	-0.0293916942105171	0.0003875671887426	0.0008638716885645	-0.1990109310759606	-0.0560229868861767	0.0031385750596487	0.0396053506877207	-0.0051521404112148	0.0045743365254714	2.654455081687261e-05	2.092455464826176e-05	0.0015399659249855	-0.001056673086053	2.3714950501164464e-06	1.1165580107887706e-06	0.000793973440388	0.0013228622118505	1.7499644315419971e-06	6.303938240415569e-07	0.0	0.0	0.0	0.0	0.0	0.0	0.0	0.0	0.0	0.0	0.0	0.0	0.0	1.0	0.0	0.0	0.0	0.0	0.0	0.0	0.0
929.7466035268296	-33.948650875561384	1152.5108962707548	864428.7467696758	1020.5662044651252	-76.23176610962389	5811.282164192402	1041555.3776963516	868.8056352313588	-16.970317970524206	754823.2318097649	287.9916920206968	876.6859254958989	832.4086753258262	4.595603	112.609879	1.6918657943260644	0.9359505796780334	0.4207208611	0.6083044836	-0.1593805083	0.3422824349	-0.126641784	-0.0009944316	0.5519827024	0.1709793929	0.0336662131	0.271860322	0.3538714814	-0.4218231769	0.2239679888	0.1306335228	-0.0919842508	0.2054610543	-0.3294627858	-0.161837967	0.207557513	-0.0147312926	0.1992460806	-0.2004885223	0.1147508127	0.0767899495	-0.2194230217	-0.0643296517	0.1603786057	0.0986317507	-0.0864055555	0.363860425	-0.3924338809	0.2410331258	0.0924897691	-0.1900025948	-0.2479906025	0.2530019625	-0.0057043189	-0.2965700796	0.092665923	-0.2209431751	-0.1716946376	0.0955406823	-0.0486873714	-0.0944055344	-0.1012857951	0.2229678779	-0.225873186	-0.6693141149	-0.5529089797	-0.1331259261	0.186301732	-0.1097722927	-0.1177017079	-0.081520539	-0.1248863159	0.2306624686	0.0289354429	0.0241802457	0.1320374864	-0.008760645	-0.0664523842	-0.0070318078	0.0223053154	0.045712141	-0.0239598347	-0.0200891305	-0.0210272047	0.0022971717	-0.0030522657	0.0390460054	-0.028899619	0.0151740128	-0.1255324169	-0.0446835199	0.1150284477	0.2095119357639134	0.0884202281136622	0.0438952512275421	0.007818136739672	0.1821812652394498	0.1624945390326218	0.0331900134042467	0.0264044752154242	0.1767018337853301	0.3757127648612907	0.1411600816797155	0.0312235380630984	-0.0207542433280617	-0.0156021029168469	0.0004307386161203	0.0002434256154278	-0.0017257179602465	-0.003265683885232	2.9781024783173407e-06	1.066469123826397e-05	0.0032309518846789	0.0024369784442909	5.938863937938496e-06	1.0439050081110137e-05	0.0	0.0	0.0	0.0	0.0	0.0	0.0	0.0	0.0	0.0	0.0	0.0	0.0	0.0	1.0	0.0	0.0	0.0	0.0	0.0	0.0
932.063262550732	2.316659023902389	5.36690903302837	868741.9253967148	1053.1807219765403	32.6145175114151	1063.7067525024024	1109189.6331430268	856.7614703124261	-12.044164918932664	734040.2170119103	145.0619085944483	864.3111388847956	824.7258073354341	4.096401	100.377533	3.68577278650638	2.2083629331452324	0.2267702492	0.1789415464	-0.0156233632	-0.4514390845	0.338530847	0.5744436586	0.2881424575	0.2527006724	-0.4395020041	-0.5637579399	0.5532886473	-0.0298972892	-0.15607781	-0.4346192037	0.1856590464	0.3469737169	0.3555443703	-0.0640859668	-0.0040945971	0.0065129211	-0.1987693483	0.078419355	0.0263796607	0.0076447925	0.0038905723	-0.008776214	-0.0683755909	-0.085705853	0.1573248525	0.5685557653	0.0178221944	-0.0822782074	-0.3804234904	0.3109877648	-0.2984135569	-0.3651204528	-0.1516724959	0.115338872	0.0028063761	0.1596654911	0.0731983371	0.0685838413	-0.0219681574	-0.0521892991	0.0722337152	-0.045560234	0.1427850084	-0.4364343306	0.2657825737	0.4277524996	-0.5585218178	0.0357493139	0.1957831195	0.276377894	-0.1458840939	0.0727568178	0.0483048297	-0.0587401942	-0.0197083478	0.0114853771	0.1126541422	0.0469179972	-0.0058762568	0.0717013681	0.0093089795	0.0435833563	0.1198091298	-0.0006173599	-0.001780568	-0.0041863527	0.0056609061	0.0118128082	-0.1269376627	-0.0350428114	0.1205247148	0.0671771891645391	-0.1423347465993742	0.0045127747440482	0.020259180089508	-0.3631995753937787	-0.5453808406332284	0.1319139315662211	0.2974402613298069	-1.4694570847540973	-1.6461589185394274	2.709839185086897	2.1593041239340103	0.0041623969485155	0.0249166402765772	1.7325548357011146e-05	0.0006208389626723	-0.0002952139217433	0.0014305040385032	8.715125959105928e-08	2.0463418041739647e-06	0.0025401305850723	-0.0006908212996066	4.772340679901522e-07	6.452263389219744e-06	0.0	0.0	0.0	0.0	0.0	0.0	0.0	0.0	0.0	0.0	0.0	0.0	0.0	0.0	0.0	1.0	0.0	0.0	0.0	0.0	0.0
970.0538258539356	37.99056330320354	1443.2829000947158	941004.4250538576	1156.1292125607324	102.94849058419209	10598.391713563487	1336634.756136299	885.1943695738314	28.43289926140528	783569.0719252129	808.429760409221	899.6460718608573	861.0002249435696	3.980392	97.534851	2.52375277722526	1.4589486147344823	0.0312460394	-0.1900401616	0.2225208409	-0.0331049957	-0.1827903132	0.0779571422	-0.407863158	-0.2294770188	-0.3393460296	-0.064096663	-0.1229000509	0.3849058285	0.0165299955	-0.1065204828	-0.0774075315	0.2582590534	0.0453495097	-0.1034572553	-0.1039654452	0.0675470974	0.0316703782	-0.1561916277	0.030993412	-0.1036756902	-0.2174739566	0.0199004282	0.163305524	-0.0286808351	-0.2739719453	-0.1455599385	0.4083135183	-0.0366097943	-0.1023944052	-0.0787912093	-0.2697847757	-0.0589312927	-0.0545864195	0.0537742789	-0.1193355365	-0.1632447664	-0.0068510934	-0.0250263948	0.1612796166	-0.2196189163	-0.2448150482	0.182209765	-0.1113454288	0.0997499603	0.1147439802	-0.0870585285	-0.0803141172	0.1578211375	-0.0657858631	-0.1635999164	-0.0146760191	0.0979144932	0.1248810002	0.0937966331	0.1725633589	-0.3239549458	-0.1476496251	0.0701845158	0.1289977123	0.2319357818	0.0291700325	-0.1442798641	0.008248949	-0.0717224998	0.1004544652	0.0150234769	-0.0431473032	0.0084435077	-0.1279949812	-0.0251860523	0.124700488	0.0678028855006971	0.0006256963361579	0.0045972312822206	3.91495905081544e-07	0.0180998594728833	0.3812994348666619	0.0003276049129381	0.1453892590296358	-0.2998403983709181	1.1696166863831792	1.3680031930659682	0.0899042644952308	-0.0094371815901749	-0.0135995785386903	8.906039636593605e-05	0.00018494853643	0.0026462755383647	0.002941489460108	7.002774224947383e-06	8.652360243926454e-06	-0.0003630206089145	-0.0029031511939868	8.428286855146981e-06	1.3178396249665436e-07	0.0	0.0	0.0	0.0	0.0	0.0	0.0	0.0	0.0	0.0	0.0	0.0	0.0	0.0	0.0	0.0	1.0	0.0	0.0	0.0	0.0
966.5917899741382	-3.4620358797973267	11.98569243300405	934299.6884454086	1094.8219494780233	-61.30726308270914	3758.5805066925113	1198635.1010588594	884.1898549590302	-1.0045146148012236	781791.6996124708	1.0090496113492506	894.4245685860324	853.1383559287777	2.367809	58.020397	0.1766613042489044	0.0888398487348253	0.1363065878	-0.0189783998	-0.1325276878	0.0184112195	0.0676927953	-0.0380583636	0.0483637047	0.1837898978	0.0183353147	-0.0404178072	-0.0277613629	-0.1789029325	0.0809800059	-0.0447507669	0.0568129017	-0.0882063202	-0.0284409574	0.0950864755	0.0182187123	0.0472222218	0.0200710108	0.0082082566	-0.1166548399	-0.0669331845	0.1433376446	0.2737181523	-0.0409727971	-0.0685271825	-0.0183774358	-0.0176487922	-0.1653361843	0.1089423029	0.0125817182	0.0837761355	0.042664541	0.0303735975	0.0933103531	-0.0069397635	-0.1204530686	-0.0542022971	0.1063137981	-0.152919017	0.1692163331	-0.0084557942	-0.1226194718	-0.1078619552	0.0580894889	-0.0495377359	0.0090654806	0.0589901133	0.0025627942	-0.0936328749	-0.0792683387	-0.0446385577	-0.0415859547	-0.2256490524	0.0875291887	0.1889039384	0.1127862173	-0.0432306491	-0.1360865037	0.0364859332	-0.1088756307	0.0337309971	0.0049128156	-0.0780847579	-0.068611702	-0.1280696041	0.0116440441	-0.1831541528	0.0494800752	0.0050684204	-0.1287014744	-0.0151740128	0.1275100165	0.0595158434454248	-0.0082870420552723	0.0035421356210203	6.867506602585178e-05	-0.0257068179021047	-0.043806677374988	0.0006608404866519	0.0019190249826362	-0.3484282363030644	-0.0485878379321463	0.0023607779949205	0.1214022358532641	-0.0083441213968928	0.0010930601932821	6.962436188608425e-05	1.1947805861379023e-06	0.0027020158740282	5.57403356634999e-05	7.300889783500378e-06	3.106985019879639e-09	7.773799869855227e-06	0.0003707944087843	1.3748849358573954e-07	6.043196441656115e-11	0.0	0.0	0.0	0.0	0.0	0.0	0.0	0.0	0.0	0.0	0.0	0.0	0.0	0.0	0.0	0.0	0.0	1.0	0.0	0.0	0.0
965.5570856281934	-1.034704345944874	1.07061308351721	932300.4856068104	1120.059867196832	25.23791771880883	636.9524907813648	1254534.106104985	883.3349329842301	-0.8549219748000496	780280.6038302543	0.7308915829960166	896.7516419588758	841.0894623121623	1.784941	43.737885	0.4766557452600153	0.2459876571101694	0.0070452239	-0.0553678816	0.2263323291	0.1591238768	0.2226868807	-0.1138693597	-0.1306401608	-0.0533168488	-0.0246008541	0.129280291	-0.0598756327	0.0730735297	-0.0183213275	-0.1700144484	0.1017674036	-0.0659126397	-0.1513122215	-0.084298712	-0.1216657397	-0.0132639451	0.1670618964	0.0077778177	-0.1360646617	-0.2286692985	-0.004412822	0.0736930082	0.090546218	-0.0931391582	-0.0894232365	-0.0710687918	0.0870203254	-0.0172930511	-0.0946508064	0.1588896489	0.0097363022	0.1983654897	-0.0566170582	0.056080963	-0.0431270457	-0.109276946	0.0335556432	-0.2347831945	0.2286711076	-0.0467419321	0.0306622757	0.1031819891	-0.0329979759	0.0120523333	0.1223074679	-0.2073748336	-0.1333717828	-0.1280856463	-0.0502465643	-0.1743427489	-0.0169311394	-0.1078496386	-0.0901426825	0.177591113	-0.0557333051	-0.0890269518	-0.0896885691	-0.0741798166	-0.1814619236	0.3558207373	0.1464379142	0.206858874	-0.0473357488	-0.0210445488	-0.0948683323	0.083274957	0.3288619216	0.0016898595	-0.1290552057	-0.0050684204	0.1289225186	0.0830404261919142	0.0235245827464893	0.0068957123821347	0.0005534059933964	-0.0637833846561903	-0.0380765667540855	0.0040683201581995	0.0014498249357783	-0.2899482709071463	0.0584799653959181	0.0034199063527077	0.0840699998020439	-0.0041249144757568	0.004219206921136	1.7014919432307995e-05	1.7801707043361922e-05	0.0012340121142493	-0.0014680037597789	1.5227858981140273e-06	2.1550350387249865e-06	0.0014520557262254	0.0014442819263555	2.085950282797283e-06	2.108465832063974e-06	0.0	0.0	0.0	0.0	0.0	0.0	0.0	0.0	0.0	0.0	0.0	0.0	0.0	0.0	0.0	0.0	0.0	0.0	1.0	0.0	0.0
963.4347661214284	-2.1223195067649385	4.504240088794972	928206.5485714516	1097.6219610419157	-22.43790615491639	503.4596326168348	1204773.9693615008	883.8704588180415	0.5355258338113345	781226.9879712152	0.286787918679325	895.1071871394087	833.9411238428194	1.527918	37.439846	0.2973316029768643	0.1691679829192123	-0.0023133375	-0.0172923936	0.0241605238	0.0859018771	0.2157231305	0.1143979372	0.0245090407	0.0732923226	0.0507262444	0.0033240345	-0.0266478535	-0.1489295553	0.0539771056	0.0173280914	0.0480321089	-0.0106301983	-0.024925366	-0.015262871	-0.2967313557	0.0487120587	-0.028290106	0.1789618788	0.1822887814	-0.1519222834	0.0693893184	-0.014302766	0.1957995693	0.1097957335	0.0270302742	-0.0229140106	-0.1485362062	0.0636000277	0.0353480107	0.0406316603	0.0078867936	0.0806949718	-0.0705231033	0.2358798464	-0.0461228758	0.0724085534	-0.2157316534	0.0983778679	0.2915992975	0.058489873	-0.0271071754	-0.1277980384	-0.0312163615	-0.0193514005	-0.0103264866	-0.0596128042	-0.1284100429	-0.0621578907	0.0528124389	-0.0674203673	-0.0368441422	-0.2733849783	-0.0553588433	0.0560534094	0.0165837033	0.0209995602	-0.1999401952	-0.0309919795	0.12367893	-0.0412403617	-0.0837960721	-0.0763151853	-0.0474436981	0.0835190174	0.134495225	-0.0071656102	0.2943758259	-0.0016898595	-0.1290552057	0.0050684204	0.1289225186	0.0893547379035197	0.0063143117116055	0.0079842691858066	3.987053239131838e-05	0.0034152366578865	0.0671986213140767	1.166384142937175e-05	0.0045156547065126	-0.2102887236336243	0.079659547273522	0.0063456434718224	0.0442213472874588	-0.0066173014742119	-0.0024923869984551	4.378867880060698e-05	6.211992950068023e-06	0.0009548392152665	-0.0002791728989827	9.117179270107456e-07	7.793750752646061e-08	0.0015636782823407	0.0001116225561153	1.2459595033713321e-08	2.445089770663962e-06	0.0	0.0	0.0	0.0	0.0	0.0	0.0	0.0	0.0	0.0	0.0	0.0	0.0	0.0	0.0	0.0	0.0	0.0	0.0	1.0	0.0
962.6920925106978	-0.7426736107306624	0.5515640920757194	926776.064982626	1107.2144435535777	9.592482511661956	92.01572073654046	1225923.8240136586	883.1449136322507	-0.7255451857907929	779944.9384745155	0.5264158166241961	894.6039558859433	821.1900219842558	1.370738	33.588337	0.3041004184163864	0.1703916186239175	-0.0917762742	-0.0252542663	0.0737550869	0.053137517	-0.1118356575	0.0784746609	-0.0506319655	-0.0498122456	-0.0340727687	0.0220721943	-0.0328978998	0.1112770916	-0.0077995738	0.0611542946	-0.0519170677	-0.0142834975	-0.0366028488	-0.0695154277	0.0918030774	-0.0169921901	-0.0731181376	0.0253203849	0.1178724488	0.0207596323	0.1378680179	0.2219957873	0.0596154928	-0.0228362091	0.040375827	-0.0371219459	0.0975657356	-0.0450324209	0.0480734207	-0.0889387539	-0.0122534939	0.0481621042	-0.0538978861	-0.1269146231	-0.0106024447	-0.0267295727	0.025529056	0.1185740137	0.0810024826	-0.014035206	-0.0079512779	-0.2248007778	0.1130866011	0.0706886612	-0.0158208062	-0.0983782238	-0.0728543591	0.0687100393	0.0549216081	-0.0262345249	0.0248792699	-0.0139306926	-0.1317547992	0.0746973167	0.0342550943	0.0612213501	0.1208799269	0.0192063304	0.1218555394	0.011779948	-0.0578780185	-0.0565959001	-0.0227454699	-0.0529182217	-0.0961858888	0.0556073155	-0.1076614377	-0.0050684204	-0.1287014744	0.0151740128	0.1275100165	0.0898711811055363	0.0005164432020166	0.0080768291933041	2.66713580909162e-07	-0.0218353151681611	-0.0252505518260476	0.0004767809884929	0.0006375903675199	-0.0835740449140871	0.1267146787195372	0.0160566098029955	0.0069846209833018	-0.0085063402563023	-0.0018890387820904	7.235782455598908e-05	3.568467520241583e-06	0.0015029074636569	0.0005480682483903	2.258730844315616e-06	3.003788048937211e-07	0.0009684104194458	-0.0005952678628949	3.543438285954616e-07	9.378187404911902e-07	0.0	0.0	0.0	0.0	0.0	0.0	0.0	0.0	0.0	0.0	0.0	0.0	0.0	0.0	0.0	0.0	0.0	0.0	0.0	0.0	0.0
961.2595936999638	-1.4324988107339325	2.0520528427541302	924020.0064802197	1094.804508177702	-12.409935375875648	154.00649603340986	1198596.91112622	881.3308823013017	-1.8140313309489784	776744.1240979909	3.290709669664522	892.9075283431031	825.867275636647	1.11173	27.24164	0.1042340566886682	0.0631058282260361	-0.0353945126	0.0299204343	-0.0202738733	0.1126025291	0.0469580572	0.0358277479	0.0287652261	0.0357460374	0.065529657	-0.0158530312	0.0083968023	-0.0482491821	-0.0340078283	0.028010142	-0.0644341027	-0.0469124856	-0.0311235059	0.0105530727	-0.0929624212	-0.112462442	0.0693315958	0.0967318351	0.0099982495	-0.0317296408	-0.0940528921	0.1293280151	0.0358851264	0.0645879427	-0.0339942593	0.009759142	-0.0579910165	-0.0264940763	-0.004405479	-0.0548916883	0.0618228414	0.0505518027	0.0227782799	0.0695553713	0.0501622179	0.0407853383	-0.012452686	-0.1102072282	0.0376314509	-0.0602078406	-0.039034858	-0.1668974088	-0.0294004618	0.0167657068	-0.0708922178	-0.061973762	-0.0415764862	-0.0367556876	0.0480289736	0.0188646449	0.0384439288	-0.1436331302	-0.1055101856	0.0374721849	-0.0394694126	0.0881154296	0.0319053962	-0.0020601799	-0.0647769285	-0.0853540402	-0.0458216736	-0.0674297089	0.0234664415	0.1479341432	0.0513051142	-0.0385267079	0.0460165563	-0.0084435077	-0.1279949812	0.0251860523	0.124700488	0.0903595391552585	0.0004883580497222	0.0081648463163506	2.384935847284774e-07	0.0353642614987563	0.0571995766669174	0.0012506309913524	0.0032717915708745	-0.0972903340925057	-0.0137162891784186	0.000188136588826	0.0094654091078313	-0.0083531675676488	0.0001531726886535	6.977540841321976e-05	2.3461872549342223e-08	0.0018096643679812	0.0003067569043243	3.2748851247407964e-06	9.409979835062784e-08	0.0011650774823402	0.0001966670628943	3.8677933627509866e-08	1.357405539856179e-06	0.0	0.0	0.0	0.0	0.0	0.0	0.0	0.0	0.0	0.0	0.0	0.0	0.0	0.0	0.0	0.0	0.0	0.0	0.0	0.0	0.0
960.2085152449172	-1.0510784550466497	1.104765918663252	922000.3927488484	1096.205644087358	1.4011359096559772	1.9631818373274827	1201666.814128979	882.4031866450458	1.072304343744122	778635.3838013316	1.1498366056125122	893.5756642568447	813.3739150405055	0.991322	24.291182	0.1118065765608147	0.0585982484358548	-0.0859618145	0.0008098848	0.0447537859	0.0288630177	-0.0786386244	0.0299313958	0.0046329155	-0.0929104798	0.0346404128	0.0218214072	-0.0167872812	0.0585838477	-0.0726984538	0.0979417424	-0.0382364794	0.0292963497	-0.0113185572	-0.0306570134	0.0022991523	0.0400164997	-0.078850642	-0.0863283831	0.1424561747	0.1174644078	0.0720376238	0.1709082237	0.0936704086	0.0077475723	0.0072312173	-0.0190483506	0.0440092984	-0.0910113179	0.0545908587	-0.0810270308	-0.0178685548	-0.0172666594	-0.0337038104	-0.0223195116	-0.0027407362	-0.0499724583	-0.0315847257	0.1820551282	0.0062969931	0.0861351404	-0.0428071038	-0.0789338042	0.0303966344	0.0582563554	-0.0086686235	-0.083796097	-0.0336958437	0.0186097934	0.060252746	0.0163502672	0.019374078	-0.0187828525	-0.1225060333	0.0529648079	-0.0371855016	-0.0319646011	0.0078463811	0.0002697643	0.0572577022	-0.0972379563	-0.0225282374	-0.1290699275	-0.0415071095	-0.056710975	-0.0058021657	0.0420987386	-0.0855113567	-0.0118128082	-0.1269376627	0.0350428114	0.1205247148	0.0907531358716795	0.000393596716421	0.0082361316705435	1.549183751773946e-07	0.0048625423484764	-0.0305017191502799	2.364431809072638e-05	0.0009303548711225	-0.1344063696489996	-0.0371160355564939	0.0013776000954309	0.0180650722022235	-0.0082746032420127	7.85643256360994e-05	6.846905881272708e-05	6.172353262655065e-09	0.00230397494413	0.0004943105761488	5.308300543178837e-06	2.443429456925587e-07	0.0008620478813727	-0.0003030296009674	9.182693906252225e-08	7.431265497791606e-07	0.0	0.0	0.0	0.0	0.0	0.0	0.0	0.0	0.0	0.0	0.0	0.0	0.0	0.0	0.0	0.0	0.0	0.0	0.0	0.0	0.0
963.2626051203376	3.054089875420459	9.327464967145756	927874.8464232197	1098.516858124536	2.3112140371779333	5.341710325648321	1206739.287583802	883.5060383683349	1.1028517232890636	780582.9198333096	1.216281923561657	894.1294648348523	821.2839120886791	0.951182	23.307613	0.1457980786215828	0.0688347847284814	-0.028664602	0.0099089401	-0.0123826289	0.03272141	0.001175154	-0.0236145783	0.0114723953	-0.0042343484	0.0527980642	-0.0459438687	-0.0274894212	-0.028896584	-0.0039144548	0.039159342	0.0326338839	0.0068918934	-0.0152492563	-0.0041834524	0.1027003583	-0.0261348205	-0.0564047076	0.1866026005	-0.0113299041	-0.0918190778	0.0322826825	0.017673346	-0.0776399018	0.1924088913	-0.0710337223	-0.0251824778	-0.0408968948	-0.0041540218	0.0379615848	0.0144235769	0.008175302	0.0064986193	-0.0150786038	-0.0960961636	0.1038902333	0.1948395025	-0.0176027825	0.0106128354	0.0731779496	0.0633780559	0.0567877348	-0.1551248251	-0.1548102641	0.0265790277	-0.0188888442	-0.0161591118	0.0043997433	-0.0020677017	0.0008538638	0.0159980805	0.0242654381	-0.0831890303	-0.0699119154	0.0825465489	0.0239333816	0.1310851616	-0.0084303127	0.0916425111	-0.1350852239	-0.20248445	0.0432133316	0.0285441976	0.0504071444	0.0189712645	0.051986332	0.0074650425	-0.0883414928	-0.0151740128	-0.1255324169	0.0446835199	0.1150284477	0.0709777760977345	-0.019775359773945	0.0050378446997801	0.0003910648541889	0.006434639914076	0.0015720975655995	4.140459082381999e-05	2.471490755764188e-06	-0.1848615175977528	-0.0504551479487531	0.0025457219545305	0.0341737806885442	-0.0085373164556487	-0.000262713213636	7.288577226389009e-05	6.901823261895496e-08	0.0017110183841677	-0.0005929565599623	2.9275839109598467e-06	3.515974820023249e-07	0.0002378081883053	-0.0006242396930674	3.896751944008818e-07	5.655273442504903e-08	0.0	0.0	0.0	0.0	0.0	0.0	0.0	0.0	0.0	0.0	0.0	0.0	0.0	0.0	0.0	0.0	0.0	0.0	0.0	0.0	0.0
965.9095795616864	2.646974441348789	7.006473693153732	932981.3158890338	1105.7263705671326	7.209512442596633	51.97706965995568	1222630.8065675637	883.0033623856365	-0.5026759826984062	779694.9379843397	0.2526831435818084	894.3291384021339	835.158898747204	0.930865	22.809752	0.0533549540981521	0.0260163240002893	-0.0035666933	-0.0385128225	0.0249745324	0.0461035361	-0.0934241146	0.0124399992	-0.045285284	-0.021419253	-0.0227751992	0.0292176879	-0.0159738384	0.0693790223	0.0210787335	0.0452989849	-0.0748798224	-0.0049070269	0.0715074582	0.0663230213	0.0817616143	-0.0141446001	0.0191776825	-0.0406505084	0.0331425168	0.0446251565	0.1814995192	-0.0045590545	-0.0245801106	-0.0059729714	-0.033385146	-0.0189315007	0.0665280199	0.0039909013	0.0181293891	-0.0799573459	0.0272743434	-0.0792771407	0.0429459304	-0.0426356462	0.0301052355	-0.0080016477	0.0122322008	0.0241022997	0.0372379583	0.1573535297	0.0643086357	0.0947724732	0.0511726104	0.0514119447	-0.0084496653	-0.0576102555	-0.0136510665	0.0435391676	-0.0100481063	-0.0371632185	0.0406974793	-0.0429171935	-0.0198448766	0.0211623772	-0.0550638669	-0.0462099193	0.1296802296	0.0719944403	0.0366627337	-0.0373241043	-0.0442837608	-0.0842847973	0.1552500427	0.0061746329	-0.0776614736	0.0644711594	-0.0487421822	-0.0185248178	-0.1237830955	0.0540487397	0.1082719048	0.0770717911523775	0.006094015054643	0.0059400609914356	3.7137019486215606e-05	0.0124613160556066	0.0060266761415306	0.0001552843978377	3.632082531489416e-05	-0.1729389868987993	0.0119225306989534	0.0001421467382674	0.029907893189583	-0.0084283316876399	0.0001089847680088	7.103677503687485e-05	1.1877679657931982e-08	0.0013350933736577	-0.00037592501051	1.7824743163846987e-06	1.4131961352694364e-07	0.000339133053847	0.0001013248655417	1.0266728377043589e-08	1.1501122821159223e-07	0.0	0.0	0.0	0.0	0.0	0.0	0.0	0.0	0.0	0.0	0.0	0.0	0.0	0.0	0.0	0.0	0.0	0.0	0.0	0.0	0.0
968.6330259586103	2.7234463969239187	7.417160276917874	938249.938977734	1102.1674233428705	-3.558947224262056	12.666105345082592	1214773.0290782624	884.1406456530771	1.13728326744058	781704.68129584	1.2934132304003216	894.8683170406409	846.8244090583506	0.9130140000000002	22.372353	0.073277459707296	0.0357840502497185	0.0677287637	-0.0429250735	-0.0239238027	0.0415948464	-0.0168717912	0.0043217125	-0.0130613031	0.0582268347	0.0348548221	0.0005155486	-0.0258297605	-0.0565608163	0.0274456182	0.0259295349	-0.0514271722	-0.0155917219	0.0176639469	0.0291710648	-0.0527370473	-0.0551895998	-0.0271079989	0.0592937957	-0.0115992961	0.0213244517	0.017379991	0.0409014182	0.0261399845	0.0745985947	-0.0368933281	-0.0207178056	-0.0532803784	0.0444564284	-0.0049713395	-0.0567704458	0.0339388075	-0.0074195771	0.0257425803	0.0959366864	0.0593863447	0.067718436	0.0115668885	-0.0303214808	-0.0646059256	0.0094369971	-0.057899782	-0.0467236467	0.0064805757	0.0075240188	-0.0371755664	-0.0243289824	-0.0301117887	0.0064622119	-0.0073316506	-0.0462126729	0.0268177604	-0.1706181575	0.0129404569	0.0082369833	-0.0821882176	0.0330114526	0.0519891026	-0.0166663858	-0.0367564119	-0.0792591585	-0.0061462192	-0.0682112157	0.0349455447	0.0269752931	0.0129118892	-0.117443325	-0.0870302194	-0.0218629269	-0.1216944932	0.063080731	0.1003291122	0.084926763764642	0.0078549726122645	0.0072125552035353	6.170059473942546e-05	0.0018942612159236	-0.010567054839683	3.5882255541523558e-06	0.0001116626479848	-0.1814061358406178	-0.0084671489418184	7.169261120293801e-05	0.0329081861206246	-0.0079240805323272	0.0005042511553127	6.279105228280691e-05	2.542692276341936e-07	0.0013907204965628	5.562712290510009e-05	1.934103499559881e-06	3.0943768026991115e-09	0.0007070204418998	0.0003678873880527	1.3534113028831142e-07	4.998779052641885e-07	0.0	0.0	0.0	0.0	0.0	0.0	0.0	0.0	0.0	0.0	0.0	0.0	0.0	0.0	0.0	0.0	0.0	0.0	0.0	0.0	0.0
966.1361158743024	-2.496910084307956	6.234559969118764	933418.9943966834	1102.9363871802968	0.7689638374263268	0.5913053832694224	1216468.6741663257	883.2106178624445	-0.9300277906326072	780060.9955049609	0.8649516913489689	895.2734110800507	845.4678938750064	0.91469	22.41342	0.1435379391337547	0.0689620765551594	-0.0011663535	-0.0785625329	0.0604205497	0.0369849351	-0.0498617072	0.0438072547	-0.0170449559	-0.0343507822	0.0165860952	0.0561106476	-0.0253627624	0.0539724827	-0.0865955429	0.047807861	0.0138664698	-0.0468167192	-0.0261634971	-0.0206102811	-0.0423937491	0.110789636	-0.0541327861	-0.0232804451	-0.0079371855	0.0952982597	-0.062675377	0.1563984519	-0.0087227423	0.0977918884	0.067497457	-0.028565163	0.0353752981	-0.0962336031	0.0284774052	-0.0094626136	0.0309644341	0.0180704867	-0.028122987	0.0252409845	-0.125841984	0.0221782207	-0.0113624022	0.0618812521	-0.1115022978	0.0086088748	-0.0082413392	0.0194356323	-0.0737310917	0.0566879373	0.0075451528	-0.0582028409	-0.0266215923	0.0133309123	-0.0181163534	-0.0020641247	-0.014377057	0.0129792308	0.0032860422	0.0760864783	-0.055198503	0.0197283235	0.0961213264	-0.0838071734	0.0729373238	-0.0577840692	-0.1413366948	0.0078780825	-0.0313448245	-0.007082279	-0.0344750638	-0.0373058283	-0.0803350466	-0.0251860523	-0.1192723348	0.0717238087	0.0912870929	0.0746590968102367	-0.0102676669544053	0.0055739807365202	0.0001054249846865	-0.0510879596421887	-0.0529822208581123	0.0026099796204019	0.0028071157270577	-0.1632970160027156	0.0181091198379022	0.0003279402213035	0.0266659154353911	-0.007426268260775	0.0004978122715521	5.514946028099415e-05	2.478170577079607e-07	0.0016651517418186	0.0002744312452557	2.772730323281517e-06	7.531250837264903e-08	0.0002356853290411	-0.0004713351128587	2.221567886135235e-07	5.5547574325211575e-08	0.0	0.0	0.0	0.0	0.0	0.0	0.0	0.0	0.0	0.0	0.0	0.0	0.0	0.0	0.0	0.0	0.0	0.0	0.0	0.0	0.0
962.6364927648882	-3.499623109414188	12.247361907945828	926669.0172026848	1096.8206889885516	-6.115698191745196	37.40176437251546	1203015.6237933212	882.959570977834	-0.2510468846104459	779617.6039813607	0.0630245382726105	894.2990853975496	829.8507331668271	0.866035	21.221184	0.1180065831566852	0.070662620812736	-0.0556279688	0.0053196869	-0.0175407082	0.0602538029	0.0322256924	0.0015219211	0.0250427233	-0.0198549945	0.1043127913	-0.0186165868	-0.0141046444	-0.050728139	-0.0779198838	0.0346792284	0.0680277609	-0.0426732065	-0.0748504353	0.0021243776	0.0697431825	0.0155092647	0.0045739201	0.1596828073	-0.0738681232	-0.0444360246	-0.0123658358	-0.0119826496	-0.0960303916	0.0377302317	-0.00636536	-0.0124944124	-0.07680374	-0.0701186101	0.0443405996	0.0614564813	0.0176641119	0.0687284805	0.0214534403	-0.0630899406	-0.0228092928	0.152256447	0.0401786427	-0.1409781827	-0.0295969592	-0.0321976889	0.0037787215	-0.0482134409	0.0054961019	0.0432339359	-0.0356194971	-0.0436592935	-0.0030704944	-0.0405335832	-0.0004128102	0.0686426039	0.0162588745	-0.0395273476	-0.0505688517	0.0547113357	-0.0469382696	0.0747743231	0.0438873634	-0.0010059319	-0.108246729	-0.0233441903	-0.1299525389	0.0637269362	0.0169569205	0.1191426348	-0.032103352	-0.0228790593	-0.0759012073	-0.0284919163	-0.1165232592	0.0799246852	0.0812449131	0.0720751242483288	-0.0025839725619078	0.005194823535412	6.676914200692872e-06	0.0074545399619267	0.0585424996041154	5.557016604396213e-05	0.0034272242598978	-0.1280765526362586	0.0352204633664569	0.0012404810397479	0.0164036033351883	-0.0076358957946292	-0.0002096275338541	5.830690458643591e-05	4.394370294979376e-08	0.0016010183815418	-6.41333602768e-05	2.5632598580347245e-06	4.113087900393828e-09	0.0003951173873942	0.0001594320583531	2.5418581230706287e-08	1.5611774982121833e-07	0.0	0.0	0.0	0.0	0.0	0.0	0.0	0.0	0.0	0.0	0.0	0.0	0.0	0.0	0.0	0.0	0.0	0.0	0.0	0.0	0.0
959.6661900948052	-2.970302670083015	8.822697951902288	920959.1964110788	1095.2697340279572	-1.5509549605944812	2.405461289792629	1199615.790277672	882.5079323987362	-0.4516385790977892	778820.2507466924	0.20397740612947	893.882078907374	817.7589112583746	0.897858	22.000967	0.1341620841591715	0.080513392172015	-0.1066288998	0.016861751	-0.0148618346	-0.0061199753	0.0721621672	0.0085592174	0.011099037	-0.1082406785	0.0436346063	0.0116502776	0.0043088774	0.0222786296	-0.03250246	0.0484308054	0.0092236291	-0.0064278301	-0.0323048433	0.0429397923	-0.0604831667	0.0156054531	-0.057147008	-0.0302244897	0.039195578	-0.1750752245	0.0729264904	0.0071706614	0.0827732718	-0.1214150509	0.042181646	-0.0017750761	0.009911117	-0.0516030913	0.0596117566	0.0030699723	0.0089102739	0.0251112677	0.0404885257	0.0874968381	-0.0272890392	-0.0373806488	0.0547947451	0.044923397	0.195179371	-0.0566457077	0.038585321	0.0856958426	0.0293447359	0.0463964678	0.0076850214	-0.0226597181	0.021585667	-0.0356804689	0.0232877515	0.0808740304	0.011544756	-0.0458610383	-0.0568249206	-0.002939804	-0.0704743588	-0.1109508799	-0.1177421593	-0.0305341861	0.0618909797	-0.0019415182	-0.0509029964	-0.0217690108	0.1539982008	-0.0010634265	0.0038974167	0.0656056035	0.0047604491	-0.0317782535	-0.1134548014	0.0876327994	0.0703125971	0.0693550181526774	-0.0027201060956514	0.0048101185429582	7.398977171599921e-06	-0.0053449806088679	-0.0127995205707946	2.8568817709173863e-05	0.0001638277268421	-0.2009311448857573	-0.0728545922494987	0.0053077916118407	0.0403733249851012	-0.0077600565939197	-0.0001241607992905	6.021847834083662e-05	1.5415904080455825e-08	0.0019696379860743	0.0003686196045325	3.879473796186825e-06	1.3588041284569681e-07	-2.7859513647336773e-05	-0.0004229769010415	1.78909458814702e-07	7.76152500666144e-10	0.0	0.0	0.0	0.0	0.0	0.0	0.0	0.0	0.0	0.0	0.0	0.0	0.0	0.0	0.0	0.0	0.0	0.0	0.0	0.0	0.0
960.5388420319736	0.8726519371683708	0.7615214034437101	922634.8670521248	1096.495086228552	1.225352200594898	1.5014880155027592	1202301.47412336	881.325297006958	-1.1826353917782626	776734.2791444026	1.3986264698865247	892.551232086728	815.6964686198419	0.801242	19.633492	0.0914174850721225	0.0460285815858479	-0.1106153761	0.0387944704	-0.0288833793	-0.0170993287	0.042815792	-0.0101913162	0.0415188575	-0.04282864	0.0843151066	-0.0289177536	0.0428161324	0.0169566089	-0.0247523406	0.0611107263	-0.0415275077	-0.1213343125	0.0583022145	0.0439926447	0.036135276	-0.0674400592	-0.0537328392	0.0393259827	0.0253821534	-0.078244633	0.0182088405	-0.0180258401	0.0754938273	-0.1363897058	0.0404189234	0.0392645749	0.0019391839	-0.0412043758	0.0538078179	-0.0372543698	0.1424773054	-0.0154487397	0.0169524928	-0.0017196105	0.0552791972	0.0558929356	0.0045515981	0.0363948616	0.0316477589	-0.0832785264	0.025722182	0.0935796481	0.051750279	0.0442217864	-0.007525546	0.0012550717	0.0474126262	-0.0525222013	-0.0076024638	0.120904926	-0.0042029915	-0.0127158449	-0.0561089636	0.0238021589	-0.0338300593	0.0726322199	-0.0612257121	-0.0500439489	0.0217302685	-0.097175626	0.0422145808	0.0454165805	0.0183267677	-0.0600422815	0.0976442393	0.0280127431	-0.0383857292	-0.0350428114	-0.1100753719	0.0948006283	0.0586099215	0.0663332805288661	-0.0030217376238113	0.0044001041057212	9.13089826715679e-06	-0.0207684083862744	-0.0154234277774065	0.000431326786899	0.0002378821244048	-0.1701357527316958	0.0307953921540615	0.0009483561779224	0.0289461743575807	-0.0076828574779865	7.719911593320056e-05	5.902629902705308e-05	5.9597035008677405e-09	0.0025807465406124	0.000611108554538	6.66025270688287e-06	3.7345366542964577e-07	-0.0001830903935129	-0.0001552308798655	2.409662606383693e-08	3.3522092196708576e-08	0.0	0.0	0.0	0.0	0.0	0.0	0.0	0.0	0.0	0.0	0.0	0.0	0.0	0.0	0.0	0.0	0.0	0.0	0.0	0.0	0.0
962.5916791598756	2.0528371279020803	4.214140273693262	926582.7407878288	1098.3945777830013	1.8994915544492412	3.608068165423996	1206470.6485030977	882.1969124897242	0.8716154827662876	778271.3924064022	0.7597135497979086	893.6427590840917	822.6411725276441	0.809929	19.846376	0.0787798342327369	0.0481253881101383	-0.1037337575	0.004585805	0.0299997906	-0.0256830162	-0.0461937135	0.0270471903	0.0148373744	-0.068103168	0.0439824284	-0.0170960155	0.0111876481	0.061750289	-0.0416271813	0.046517684	-0.0530330491	-0.0139010144	0.054945153	-0.0033637514	0.0350916224	0.087038476	0.026991086	0.0214060645	0.0042898519	0.0004572059	0.0210644275	-0.030999302	0.1553813071	0.0486509912	0.0465398066	0.0088811984	0.0558270945	-0.0491311603	0.0157042007	-0.0596712324	0.0305185757	-0.0555319122	-0.0153575091	-0.0687508146	-0.0586036667	-0.0290439035	-0.0369733506	0.0271938801	0.0763985897	0.0183432229	-0.0156832415	-0.1086054338	-0.0382759328	0.0557453088	0.028168854	-0.0158550334	0.0123105158	0.022735756	-0.0063292867	0.0810915565	-0.0001211191	0.0712832828	0.0027148874	0.0838842943	0.0196443487	0.0045634294	-0.0764799174	0.0783769596	0.0615993999	-0.0618887995	-0.034459791	-0.0191892246	-0.0312945879	-0.0803458464	-0.0080631953	0.0584117152	-0.0051158871	-0.0382833527	-0.1063942335	0.1013839798	0.0462651033	0.065651261560589	-0.0006820189682771	0.0043100881444968	4.651498730897652e-07	-0.0305662800782755	-0.009797871692001	0.0009342974778235	9.599828969291646e-05	-0.2126199893277345	-0.0424842365960387	0.0018049103591481	0.0452072598617259	-0.0076373839226891	4.547355529739994e-05	5.832963318254994e-05	2.0678442313856907e-09	0.002113749435058	-0.0004669971055544	4.467936674208013e-06	2.180862965961875e-07	-0.0001869338721895	-3.843478676599996e-06	1.4772328337478853e-11	3.494427257176032e-08	0.0	0.0	0.0	0.0	0.0	0.0	0.0	0.0	0.0	0.0	0.0	0.0	0.0	0.0	0.0	0.0	0.0	0.0	0.0	0.0	0.0
963.8142341795652	1.2225550196895938	1.494640776168223	928937.8780071418	1102.205618046532	3.8110402635306855	14.524027890252036	1214857.2244533375	882.0580409683124	-0.1388715214118292	778026.3876368571	0.0192852994592361	894.0520617394801	828.8999664392342	0.88481	21.681244	0.041448238713116	0.0233925797007771	-0.0558246452	0.0132199965	-0.0463419341	0.0432825947	0.0367813519	-0.1279154954	0.0229595737	-0.0073785651	0.1074564288	-0.0448569868	0.0253717098	-0.0173912393	-0.0613777185	0.0494282497	0.0313625352	-0.0856965887	0.0010321885	0.0609508132	0.0663218312	-0.073663234	-0.0424134413	0.1179009405	-0.0047371046	-0.0466181243	-0.0266980951	0.0017723423	-0.0394582823	0.0119404133	-0.0039385587	0.020567573	-0.0264799418	-0.0560331603	0.0408272651	0.0329484355	0.1008874384	-0.0059298489	0.0451984788	-0.0057980696	0.0678007887	0.1336646585	0.0855421439	-0.0631173603	0.0504571162	-0.018789993	0.1000842652	0.1005063592	-0.0741249966	0.0390099072	-0.0089650104	-0.000620748	0.0572846431	-0.0545749304	-0.0219236269	0.0755012528	-0.0053927851	-0.0287645469	-0.0396880522	0.0772918073	-0.0359876344	0.0367100308	-0.0297871661	-0.0121751634	-0.1722956869	-0.0505815999	0.0462790531	0.095433615	0.0912614762	0.0355974907	0.0131198096	0.0340090994	-0.0158200289	-0.0414976565	-0.1024214758	0.1073422654	0.033413395	0.0657871808028573	0.0001359192422683	0.0043279531579878	1.8474040418789067e-08	-0.0150222006201943	0.0155440794580811	0.0002256665114733	0.0002416184061991	-0.2013882682261538	0.0112317211015806	0.0001261515589036	0.0405572345791292	-0.0076871431270426	-4.975920435350018e-05	5.9092169455638286e-05	2.4759784178933914e-09	0.0021118297230393	-1.919712018700042e-06	4.459824779112246e-06	3.68529423474139e-12	5.211758966201666e-05	0.0002390514618515	5.714560141334713e-08	2.7162431521783453e-09	0.0	0.0	0.0	0.0	0.0	0.0	0.0	0.0	0.0	0.0	0.0	0.0	0.0	0.0	0.0	0.0	0.0	0.0	0.0	0.0	0.0
961.428626954796	-2.3856072247692737	5.691121830871356	924345.0047281842	1098.2828846135417	-3.9227334329902983	15.387837586299854	1206225.294635042	883.5521052647142	1.4940642964018025	780664.3227177087	2.232228121782613	895.3300858909821	827.4584480453061	1.004139	24.605263	0.0855309703473556	0.0451861614374147	-0.0911706137	0.0136329782	-0.0058550917	-0.0151294558	0.0458675511	0.0540799682	0.0284139051	-0.086884353	0.0801719788	0.0031660567	-0.0091426487	0.0229960291	-0.0482993781	-0.0235485956	0.0573615757	0.0242357446	-0.0699325895	0.0879978344	-0.08662711	0.0892875948	0.0471652185	-0.0976742804	0.0597472015	0.0296555056	-0.0132202149	-0.1489127458	0.1086428502	-0.089205876	0.0269959779	-0.0082640932	0.0164740589	-0.0527699632	0.0020055101	0.0562933368	-0.035496459	0.0489309024	0.076408994	0.0855686524	-0.0871707546	-0.1062007181	-0.0971690686	0.1007510768	-0.0133664781	-0.0024879132	0.0488917215	0.0660691237	0.0123803351	0.0341842583	0.0140007409	-0.0048765312	0.0105027179	-0.0311591716	-0.0090512084	0.0744508161	-0.033390256	0.0284551805	-0.0137371917	0.0085906971	-0.0729957943	-0.0866979434	-0.0434905771	-0.0054332519	0.1955905022	-0.0691380257	-0.0967762906	-0.0963378978	0.0443234053	-0.0822114486	-0.0226938902	-0.1071119547	0.0180223111	-0.0446835199	-0.098167988	0.1126387502	0.0201956026	0.0657418367068061	-4.534409605119749e-05	0.0043219890935843	2.056087046700224e-09	-0.0319853298595518	-0.0169631292393575	0.0010230613262243	0.0002877477535911	-0.2138155217552366	-0.0124272535290828	0.0001544366302761	0.045717077343464	-0.0069518563826159	0.0007352867444266	4.832830716451743e-05	5.406465965296151e-07	0.0019769691925963	-0.0001348605304429	3.908407188474866e-06	1.8187362671367323e-08	0.0003038751844496	0.0002517575947875	6.338188653322901e-08	9.234012772427845e-08	0.0	0.0	0.0	0.0	0.0	0.0	0.0	0.0	0.0	0.0	0.0	0.0	0.0	0.0	0.0	0.0	0.0	0.0	0.0	0.0	0.0
967.0097825817008	5.581155626904888	31.14929813173209	935107.9196087084	1107.31063943658	9.027754823038322	81.50035714489168	1226136.8522094477	888.3007365709719	4.748631306257721	789078.1985925313	22.54949928277091	899.3402014339672	831.6805338206834	1.051546	25.766909	0.3212179557490334	0.2206983233687695	-0.0462379901	0.0266972467	-0.0052736064	-0.0216885046	0.0499434263	-0.1452967608	-0.0090263579	-0.0171913447	0.0389994225	-0.0581029446	-0.1014357124	-0.0071304672	0.0824788867	-0.0943901817	0.0594339057	0.0046108234	-0.0034839589	0.1050908341	0.1515945415	-0.1130909643	0.1195829094	0.0986144781	-0.1026007466	-0.0166547424	-0.1198816054	-0.0468801365	0.2518668827	-0.0295669584	0.1466459209	-0.0964097928	0.0011242291	0.0893854014	-0.0307155302	0.1036366983	0.0040047228	-0.0041063439	0.1196352024	-0.1107452433	0.1421612724	0.0091600863	0.0050260883	-0.1088131697	-0.0200326433	-0.1358427909	0.01343825	-0.1407894316	-0.0346613363	-0.0036515547	0.0723248205	0.0522803113	0.0881825097	-0.0803659888	-0.0719698025	0.0415508131	-0.0814062161	0.0111704183	-0.1046462162	0.1695606574	-0.0071515034	0.0677631834	0.0718071384	-0.0740264924	-0.0468819906	-0.0841923847	0.1012945678	0.2500919119	-0.0022454067	-0.1466222097	-0.0496320957	-0.1074539844	-0.0003636255	-0.0478387595	-0.0936454286	0.1172407796	0.0067565429	0.075161036372549	0.0094191996657429	0.0056491813885956	8.872132234313132e-05	-0.2320867088531031	-0.2001013789935513	0.053864240426265	0.0400405618751208	-0.3039559935558458	-0.0901404718006091	0.0081253046564364	0.0923892460185213	-0.0067372933634781	0.0002145630191377	4.539112186556605e-05	4.60372891815279e-08	0.0021107809757243	0.000133811783128	4.455396327479628e-06	1.7905593303894938e-08	0.0002211118809328	-8.276330351680001e-05	6.849764409013961e-09	4.889046388964073e-08	0.0	0.0	0.0	0.0	0.0	0.0	0.0	0.0	0.0	0.0	0.0	0.0	0.0	0.0	0.0	0.0	0.0	0.0	0.0	0.0	0.0
966.6342411429824	-0.3755414387184146	0.1410313721946967	934381.7561500696	1113.168763152824	5.858123716244108	34.317613474821684	1239144.6952591883	886.4086803173495	-1.8920562536224	785720.3485419452	3.5798768668716305	899.2025845617894	837.6376970912969	1.101295	26.985958	0.4803218492523773	0.3557820859650654	-0.0579946919	-0.0216393639	0.0917594484	-0.0658384204	0.019622271	0.0254566652	-0.0527181613	-0.0408265556	-0.0408486693	0.0572615028	-0.0572618621	0.0217433611	0.047921146	0.0053867006	-0.0186889911	-0.0306140399	0.0218932474	-0.0507985269	0.0443945236	0.0555342068	0.0485030842	0.1200854384	0.0748967248	-0.0714154757	0.1311586688	-0.1935305318	-0.1265376696	0.0485020137	0.1411037704	-0.0633895839	0.0381787076	0.0368924503	0.0112788656	-0.0162627514	0.0436591932	-0.0054824481	-0.0678617441	-0.0504399183	-0.0222631989	0.0796662219	-0.097586219	-0.0032303665	0.017698579	0.0277046633	0.2737154361	0.0333554438	0.0260621704	0.0520456672	0.0296009938	-0.0247215159	-0.0081013962	0.0248822549	-0.0151212494	0.0758934902	0.0346827637	0.1289630273	0.0392810768	-0.0101104546	-0.0079155404	0.0229298066	-0.0733693055	0.0938646873	-0.0483779436	-0.0653694203	-0.169937346	-0.1022385663	0.0661744493	0.1123511782	0.020997701	0.0780165566	0.1088892151	-0.0509612127	-0.0888661936	0.1211199807	-0.0067565429	0.0767537468515087	0.0015927104789596	0.0058911376557454	2.5367266697880005e-06	0.1091966977430729	0.341283406596176	0.011923918797992	0.1164743636178907	-0.2073455153181242	0.0966104782377215	0.0093335845053212	0.0429921627225384	-0.0061601498593628	0.0005771435041153	3.794744628980752e-05	3.330946243424877e-07	0.0019892024339134	-0.0001215785418109	3.956926323086994e-06	1.4781341828864805e-08	0.0001031288480686	-0.0001179830328642	1.3919996043834898e-08	1.0635559303956382e-08	0.0	0.0	0.0	0.0	0.0	0.0	0.0	0.0	0.0	0.0	0.0	0.0	0.0	0.0	0.0	0.0	0.0	0.0	0.0	0.0	0.0
967.1158212776256	0.4815801346431954	0.2319194260829581	935313.0117654965	1112.2564250851465	-0.9123380676776378	0.8323607497337661	1237114.35514319	884.4807027720034	-1.9279775453461525	782306.113576057	3.717097415358976	895.8918505227169	833.0745863401279	1.097378	26.889969	0.1614331381128592	0.0774710263949335	-0.0360692447	-0.0211005982	0.0482218779	-0.0586489284	-0.0992262687	0.030565436	-0.0304891672	-7.71566e-05	-0.0125243874	0.002625296	-0.0132228025	0.0409641314	0.0352480691	0.0488564442	-0.0258493426	0.015625515	-0.0245054961	-0.0154871428	0.1066725076	-0.0875859067	-0.0199585813	-0.0362689814	-0.1429164543	0.0539517533	0.2727641982	0.0117761641	0.146739315	-0.015378532	0.0680586183	-0.0142920228	0.0418123317	0.0191229176	0.0469530286	-0.0546234828	-0.0358943196	0.0240146682	0.0208458115	-0.0628571091	0.0538459891	-0.0729338021	0.1726753734	-0.0603693042	0.0944351078	0.2168247922	-0.0088532804	-0.0565552848	0.1085431794	0.0254867188	0.0139013621	-0.0425716386	-0.0670288248	0.0837041025	-0.006971041	0.0438709296	0.0306472231	0.0874239182	0.025260475	-0.0060927982	-0.0322074455	0.1688818347	-0.2064437293	0.2508101652	0.0355571029	0.1136251454	0.0655876734	-0.111968996	-0.1711717936	-0.0381095571	-0.1380591921	-0.1596156568	-0.1469526945	-0.0540487397	-0.0838433825	0.1242524367	-0.0201956026	0.0900576277382185	0.0133038808867098	0.0081103763138355	0.0001769932466477	0.0793277263648946	-0.0298689713781783	0.0062928881702235	0.0008921554511904	-0.1868860108235281	0.0204595044945961	0.0004185913241643	0.0349263810415318	-0.0062571554977987	-9.700563843590032e-05	3.91519949236325e-05	9.410093888356624e-09	0.0011220851453968	-0.0008671172885165	1.2590750735201577e-06	7.518923920443803e-07	0.0010950215481836	0.000991892700115	9.838511285414251e-07	1.199072190986408e-06	0.0	0.0	0.0	0.0	0.0	0.0	0.0	0.0	0.0	0.0	0.0	0.0	0.0	0.0	0.0	0.0	0.0	0.0	0.0	0.0	0.0
971.2328754880632	4.117054210437573	16.950135371681746	943293.2984288116	1117.0492342168634	4.792809131716922	22.971019373069115	1247798.991664481	884.9373402736297	0.4566375016263464	783114.0962105659	0.2085178078915515	896.3793138665006	861.3126330709507	1.46674	35.940742	0.1830476554865367	0.1123117386819696	0.0779700007	0.0314802269	-0.0248192418	0.2172723817	-0.0613977329	-0.0866804293	-0.0459234555	0.0928953058	0.01441517	0.0972465498	-0.0043909333	-0.0643093296	0.0549619682	0.0111931123	-0.097669209	0.1185780748	-0.0584597938	-0.0129995576	-0.1528665605	0.1431372904	0.0150514671	0.1713578515	-0.0728138854	0.272045556	0.1758206595	-0.1359679514	0.0401100726	-0.1341904825	-0.139045175	-0.0051992778	-0.0659668089	0.0772455404	-0.0343131586	-0.1100218471	-0.0840607422	0.0316240234	0.0043012731	0.1068099846	-0.1123939502	0.1493496298	-0.0770721985	-0.1353457098	-0.0704207319	0.322282612	-0.049347774	0.2044605757	0.2533736982	-0.043624577	-0.117228956	-0.0867408205	0.0180246217	0.0277441717	-0.1047123738	-0.0170176411	0.2022634057	-0.0183770425	0.0664612174	-0.1443940737	-0.3558359812	0.05317266	0.1207581538	0.1196291996	0.1416328506	0.2675516612	-0.0768780168	0.1249582453	0.124739341	0.0526339662	0.2289556433	0.0981047369	-0.0080622406	-0.0570992244	-0.0785907625	0.1266188352	-0.033413395	0.112643603160734	0.0225859754225155	0.0126885813330329	0.0005101262857864	0.0917813103792752	0.0124535840143805	0.0084238089349368	0.0001550917548032	-0.0844763785169675	0.1024096323065606	0.0104877327891649	0.0071362585273419	-0.0068963334191121	-0.0006391779213134	4.755941462756239e-05	4.08548415094519e-07	0.0012979065147342	0.0001758213693374	1.6845613209894785e-06	3.091315391567846e-08	0.0011919915323944	9.696998421080002e-05	9.403177837842804e-09	1.4208438132999498e-06	0.0	0.0	0.0	0.0	0.0	0.0	0.0	0.0	0.0	0.0	0.0	0.0	0.0	0.0	0.0	0.0	0.0	0.0	0.0	0.0	0.0
967.828168461383	-3.404707026680171	11.592029937525332	936691.3636673152	1104.1324494101784	-12.916784806684973	166.84332974220774	1219108.46584052	885.8748778834838	0.9375376098540756	784774.2992650773	0.8789767698908927	895.8373138739935	841.9939003628499	1.132957	27.761782	0.5023508879069667	0.2503210294960374	0.0682307802	0.0273213306	-0.0188902178	0.0724218905	-0.0591123923	-0.0107374721	0.0006888336	0.0757843282	-0.1039266234	0.0182156044	-0.0124800175	-0.0896745822	0.1169182	-0.0573412571	-0.070205911	0.056961091	0.0163745451	-0.1321638486	0.0061292192	0.0711709026	0.0739795745	0.0466613463	-0.2340163271	0.3614472824	0.1799680052	0.0437792544	-0.0708948032	-0.2327001334	0.0796715667	-0.0049379978	-0.0666023979	0.1292305928	-0.0758462635	-0.0643140448	-0.0612397174	-0.007156424	-0.0965373566	-0.033956132	0.0257119483	-0.0371654612	-0.0117817157	-0.1666611201	-0.1866868928	0.3316590904	-0.0213130162	0.122008999	0.1480039115	-0.0321419866	-0.0004997593	-0.0283870101	-0.0230823391	-0.0450707632	-0.0973799458	0.0024789083	0.0706484749	0.0593867672	0.1291779847	0.0012598718	-0.3834261258	0.0373621638	0.178019159	0.0589161814	0.1587437625	0.1084387366	0.0182723095	0.0888149239	-0.1209240694	-0.1245253402	-0.016716687	-0.1074916345	-0.1316356014	-0.0601105761	-0.0731227308	0.1282045865	-0.0462651033	0.0574567046651708	-0.0551868984955632	0.0033012729109806	0.0030455937655595	-0.0686429028246919	-0.1604242132039671	0.0047118481082	0.0257359281821118	-0.1969499366776688	-0.1124735581607013	0.0126503012853286	0.0387892775573377	-0.0042593198647914	0.0026370135543207	1.814180571060663e-05	6.953840485671092e-06	0.0010742961869931	-0.0002236103277411	1.1541122973879137e-06	5.0001578672482186e-08	0.0005672910535215	-0.0006247004788728	3.902506883040305e-07	3.218191394055334e-07	0.0	0.0	0.0	0.0	0.0	0.0	0.0	0.0	0.0	0.0	0.0	0.0	0.0	0.0	0.0	0.0	0.0	0.0	0.0	0.0	1.0
975.3225906718424	7.494422210459334	56.16636426862617	951254.1558748342	1128.3201027862297	24.18765337605123	585.0425758400024	1273106.254351528	887.1499655042788	1.275087620795034	787035.0612942431	1.6258484407047409	899.1254395975176	873.4735155454374	1.282602	31.428675	0.4104203440440447	0.193700841874612	0.0639534517	-0.1055344407	0.0843251393	-0.1011283225	-0.0487461212	-0.0290865528	-0.1122316511	0.0875841795	-0.1334844919	0.0305104611	-0.0548538063	0.054880103	0.0988976008	-0.0221239443	-0.044597101	-0.0582102997	0.0837265003	-0.0480190243	0.0930727387	0.2139825117	0.0988190418	0.0415306357	-0.1976854153	-0.0676650448	-0.02163239	-0.16328835	-0.1318420885	0.1193934939	-0.0221088172	-0.0547324509	0.072244658	0.0997062434	-0.0209424433	-0.0245677302	0.0589166203	-0.0756452191	-0.0739097984	-0.1293225251	-0.1849861358	0.0525337541	0.0106341048	-0.1775206837	-0.0106183655	0.072410308	0.0957160747	0.0970480095	-0.1444337446	0.0309787026	0.0960760916	0.0366873339	0.0256228321	0.042216865	-0.1277412636	0.0040158693	0.0433925213	0.1834982121	0.2231078382	0.1168917116	0.0157349084	0.0673391556	-0.0579745809	0.1256471946	-0.1544914865	0.1067179236	-0.0247801002	-0.0171837256	-0.0302254956	-0.0004239588	0.0558127213	0.0942522187	0.0414606301	-0.063080731	-0.0674542747	0.1289999139	-0.0586099215	0.0790588193396359	0.0216021146744651	0.0062502969153771	0.0004666513584087	-0.0051534035363971	0.0634894992882948	2.655756800895014e-05	0.0040309165198783	-0.3478820627398136	-0.1509321260621448	0.0227805066776391	0.1210219295761076	-0.0060853910307138	-0.0018260711659224	3.703198399669197e-05	3.334535903013194e-06	0.0020139918566266	0.0009396956696335	4.05616319855826e-06	8.830279515279521e-07	-0.0001548741913054	-0.0007221652448268	5.215226408358963e-07	2.398601513250164e-08	0.0	0.0	0.0	0.0	0.0	0.0	0.0	0.0	0.0	0.0	0.0	0.0	0.0	0.0	0.0	0.0	0.0	0.0	0.0	0.0	0.0
971.52300223121	-3.7995884406324194	14.4368723181875	943856.9438643436	1113.8542568742737	-14.465845911955968	209.2606979484532	1240671.3055569404	885.1682165407213	-1.981748963557493	783522.7715738814	3.927328954561198	896.4378084929093	867.3889892004127	1.200044	29.405685	0.1988029312111139	0.1237480696666656	0.1119894839	-0.0382782775	-0.0922713465	-0.0565637612	0.0064436751	-0.1281014989	-0.0177060466	0.1174614347	-0.0154601057	0.004433847	-0.0080018071	-0.0494855867	0.0373241363	-0.0358137858	0.0403829862	-0.0268375206	0.080521563	0.1253776544	0.0265315196	0.0768286835	0.0957927546	-0.2524698884	-0.1807320174	-0.0474097624	-0.0727416377	0.0049684299	-0.0651038236	-0.0537669296	0.0248705079	-0.0062215869	-0.0295796496	0.0584518236	-0.0160837053	0.0649271433	0.0369366437	-0.116959007	0.1002270491	0.0070970576	-0.1121931885	-0.236970034	0.1232642466	-0.0801709961	-0.1056657333	-0.0820153416	0.1114640753	0.1342425087	-0.1508120852	-0.0144221641	0.06240415	0.1167465696	0.1231394938	-0.0854020225	-0.1101713298	0.0221594685	-0.0277308339	0.11948103	0.1780295958	0.0606148065	-0.1849185758	-0.1627220308	0.0284529526	-0.2119876047	-0.1006162592	0.0171956972	0.0219941457	0.0433169107	-0.0063327352	-0.0861312632	-0.057044631	-0.0447717007	0.0526980686	-0.0660076536	-0.0616009311	0.1289999139	-0.0703125971	0.0757783133873175	-0.0032805059523184	0.0057423527798265	1.0761719303196503e-05	-0.1151169717193312	-0.1099635681829341	0.0132519171778293	0.0120919863275228	-0.3434845730268421	0.0043974897129714	1.933791577569009e-05	0.117981651907432	-0.0064066941221963	-0.0003213030914824	4.104572957538462e-05	1.032356765962116e-07	0.0028669671286141	0.0008529752719875	8.219500516553778e-06	7.275668146221495e-07	-0.0006038231750932	-0.0004489489837878	2.015551900440983e-07	3.646024267796333e-07	0.0	0.0	0.0	0.0	0.0	0.0	0.0	0.0	0.0	0.0	0.0	0.0	0.0	0.0	0.0	0.0	0.0	0.0	0.0	0.0	0.0
966.4595162363612	-5.063485994848747	25.63889042002941	934043.9965238211	1104.5641215931284	-9.29013528114524	86.30661354197954	1220061.8987107994	885.2890683216727	0.1208517809513978	783736.7344898554	0.0146051529591246	896.5488159101637	849.0325256275906	1.143415	28.01804	0.1513638850100442	0.0882046307326557	-0.0451558137	-0.0446855929	-0.0031918485	-0.0999306652	0.0611969874	0.0082440889	-0.000929066	-0.039214878	0.016919023	-0.0003104011	-0.0260986032	-0.0221142195	-0.107605902	-0.0254113444	0.1719018519	-0.0335898151	-0.071528042	0.0577930593	0.1102881414	0.1613150019	-0.036837499	0.0609564332	-0.1189124944	-0.0511187703	-0.1916645834	-0.1661343494	0.0865947454	-0.1436653936	0.0125508744	-0.0274750035	-0.0360601222	-0.0954636382	0.0370583539	0.1784625831	-0.0267797916	0.0541434476	0.0577536822	-0.0660352339	-0.1199638987	0.107197967	0.0561720122	-0.0808295318	-0.1219266847	-0.1669289415	-0.0590484799	0.1357854934	-0.0139047273	0.0498235344	0.0611120329	0.0758599359	0.0813816911	-0.0487534867	-0.0632379708	0.1397796112	-0.0274804147	0.1708321562	0.1213505275	0.0572521765	0.0017244569	0.0157522097	-0.1723685319	-0.1631975333	-0.1032935683	0.0446561539	-0.1025763988	0.0447017317	-0.0944162699	-0.002044784	0.1117998213	-0.0109853751	-0.0596126711	-0.0688893378	-0.0555787436	0.1282045865	-0.0812449131	0.0742617087682191	-0.0015166046190984	0.0055148013891757	2.30008957067061e-06	-0.0391675040300185	0.0759494676893127	0.0015340933719415	0.0057683216422899	-0.299162713475539	0.044321859551303	0.0019644272340854	0.0894983291340474	-0.0062443047271573	0.000162389395039	3.8991341525599e-05	2.637031562113253e-08	0.0030910606399192	0.0002240935113051	9.554655879657696e-06	5.0217901809049043e-08	-0.0008088593317557	-0.0002050361566625	4.2039825538929264e-08	6.542534185682776e-07	0.0	0.0	0.0	0.0	0.0	0.0	0.0	0.0	0.0	0.0	0.0	0.0	0.0	0.0	0.0	0.0	0.0	0.0	0.0	0.0	0.0
963.8575077849767	-2.602008451384449	6.770447981076101	929021.2953134665	1106.1421995557043	1.5780779625758896	2.4903300559676707	1223550.5656379317	884.434912035449	-0.8541562862237697	782225.1136271524	0.7295829612955824	896.013702802341	834.9292664283745	1.032014	25.288296	0.2577447710859838	0.1155997685491802	-0.0600994611	0.0446286317	-0.048341645	-0.0590438207	0.0256804846	-0.0377977806	0.0327628403	-0.047896962	0.0427397516	-0.0393205983	0.0077889429	-0.041969122	-0.0407371462	0.0025823215	0.059470249	0.0004905335	-0.0038195916	0.1245000842	-0.0332552005	0.0311764602	-0.0873379889	-0.098883815	-0.0650998741	-0.0610080004	0.01028726	-0.1850786272	-0.0974080022	0.0186655405	-0.0272019323	0.0096004427	-0.0384340131	-0.0389794706	0.016355143	0.0548211846	-0.0238112663	-0.0155955808	0.0907703976	0.0508227457	-0.0444990091	-0.0337747823	0.075830773	0.0828914476	0.000264409	0.0426393436	0.0835139804	0.0298809419	-0.0611074815	0.0184256185	0.0039853287	0.0747588586	0.093826651	-0.0493823275	-0.0066182643	0.0965944697	-0.0140883407	0.0821363528	0.0462119106	-0.0183156014	-0.0172416807	-0.0537366684	-0.1156783604	-0.048570936	-0.0293201069	-0.0407884437	0.0872993833	-0.0818126608	-0.0280098813	0.0391896688	0.0013638834	0.0455690552	0.1180956266	-0.0717238087	-0.0494042187	0.1266188352	-0.0912870929	0.0956784110399837	0.0214167022717646	0.009154358339136	0.0004586751361974	0.0012520781359199	0.0404195821659384	1.5676996584486514e-06	0.001633742622469	-0.2443460145700982	0.0548166989054408	0.0030048704788897	0.0597049748362906	-0.0074052696970606	-0.0011609649699033	5.4838019286204e-05	1.3478396613425717e-06	0.0023999375460006	-0.0006911230939186	5.759700224703383e-06	4.77651130947618e-07	0.0001608883592792	0.0009697476910349	9.4041058426752e-07	2.5885064151552932e-08	0.0	0.0	0.0	0.0	0.0	0.0	0.0	0.0	0.0	0.0	0.0	0.0	0.0	0.0	0.0	0.0	0.0	0.0	0.0	0.0	0.0
967.5063242863616	3.6488165013848857	13.313861860778635	936068.4875341064	1107.156198738035	1.0139991823307355	1.0281943417674002	1225794.8484040557	883.9081752641376	-0.5267367713113345	781293.6622987775	0.277451626251489	894.8767515021517	834.2140545222204	0.937861	22.981199	0.1320662351304912	0.0641119175442115	-0.0262510054	0.0074220505	-0.0556231374	-0.071445421	-0.0836599593	-0.0391087405	0.0022137579	-0.02371575	0.0131092546	-0.0222836535	0.0230411953	0.0405407502	0.033730062	0.0797597962	-0.0575883349	-0.0380491747	0.1040899677	-0.0082251384	0.0736102884	-0.0310830754	0.0830293779	0.0029937045	0.0737750792	0.0069296114	-0.004206991	-0.0536875871	-0.0326583253	-0.0359868435	0.1058334296	0.0205904182	0.0472570097	0.0197917371	0.0456064319	-0.0708290644	0.0803883274	-0.113617809	-0.0220705885	-0.0465660325	0.077055497	-0.0165957275	-0.087276203	0.0154357565	-0.0604970724	-0.0289296651	0.0600250101	0.0933666837	0.0112581215	0.0213664523	0.0065974312	0.06454812	0.0735617771	0.024967672	0.0032116131	0.0334264089	-0.0031821155	0.0374664123	0.0209096153	-0.0477953006	0.04905646	-0.0421769069	0.0368444331	-0.0476717184	0.0394093427	-0.0933260048	0.0547434026	-0.1339630652	0.0194560516	-0.0410716697	-0.0037141257	0.036988353	0.0580805819	-0.0745091236	-0.0430942802	0.1242524367	-0.1003291122	0.1007179417759687	0.0050395307359849	0.0101441037955874	2.539687003893747e-05	-0.0156827358892854	-0.0169348140252053	0.000245948204973	0.0002867879260682	-0.2609814838257591	-0.0166354692556608	0.000276738837356	0.0681113348998949	-0.007093042730999	0.0003122269660616	5.031125518377776e-05	9.748567833603163e-08	0.0013790474083972	-0.0010208901376034	1.9017717546070331e-06	1.0422166730558895e-06	0.000696899677887	0.0005360113186078	2.873081336756724e-07	4.856691610390043e-07	0.0	0.0	0.0	0.0	0.0	0.0	0.0	0.0	0.0	0.0	0.0	0.0	0.0	0.0	0.0	0.0	0.0	0.0	0.0	0.0	0.0
969.13210007394	1.625775787578391	2.643146911476137	939217.0273937254	1106.5618895853847	-0.5943091526503395	0.3532033689239645	1224479.2154827772	883.8991359159136	-0.0090393482240642	781277.6824728986	8.170981631589387e-05	894.5156348147965	849.3573434126165	0.874561	21.430109	0.1059819665530908	0.0555548098550036	0.0377391975	0.0149353376	-0.0503678144	-0.0480466524	-0.0307860738	-0.0459899307	0.0108667572	0.0554314004	0.0156477047	-0.0085557074	0.035381662	0.0170681955	0.0909296929	0.0457450261	-0.0723155726	0.0288896629	0.1093721271	0.0351132865	-0.0688745943	-0.1667536364	0.0417422813	-0.0566879274	0.0566378932	0.0053663582	-0.0181652164	-0.105801427	-0.0430164429	-0.0064997084	-0.0408805331	0.0353994943	0.0260230652	0.090393764	0.0263012278	-0.0829120687	0.0176997627	-0.0958666085	0.0343588775	0.0733983304	0.1369312576	-0.0567747678	-0.0045809067	-0.024641018	-0.0395353217	-0.0536137632	-0.0608988635	-0.0566999843	0.1397479914	-0.0179652827	-0.0088291327	0.0676661052	0.0420488449	0.0264597764	0.025746409	-0.0126306209	0.0054105083	-0.0189889928	0.0293700291	-0.0992763954	0.0170631544	-0.0251798939	0.011911629	0.0252675576	-0.0496217504	-0.0972442709	0.2102669398	-0.1805476761	-0.0366570353	0.0899860501	-0.1571339612	0.0334075548	-0.0335129553	-0.0772433738	-0.0366662233	0.1211199807	-0.1082719048	0.1028421840885016	0.0021242423125329	0.0105765148280932	4.512405402355126e-06	0.0078252320962235	0.0235079679855088	6.123425735976642e-05	0.0005526245588077	-0.256010315123035	0.004971168702724	2.471251827094333e-05	0.0655412814493957	-0.0068844318288111	0.0002086109021878	4.739540160554735e-05	4.351850851164941e-08	0.0006077930960033	-0.0007712543123939	3.6941244754927657e-07	5.948332143861875e-07	0.0012246062143517	0.0005277065364647	2.7847418862756986e-07	1.499660380228802e-06	0.0	0.0	0.0	0.0	0.0	0.0	0.0	0.0	0.0	0.0	0.0	0.0	0.0	0.0	0.0	0.0	0.0	0.0	0.0	0.0	0.0
971.9847129008484	2.8526128269083983	8.137399940242323	944754.2821129448	1109.4404487925128	2.878559207128092	8.286103108941907	1230858.1094169323	885.8353011357252	1.9361652198116417	784704.1807382209	3.748735758408263	896.6631440067536	856.4402670068054	0.9464570000000002	23.191833	0.2422839104055769	0.1131181557021592	0.0509328699	-0.030582344	0.0487754932	-0.0014467509	-0.0389861957	0.0896994724	-0.0144305667	0.0371809168	-0.0529674214	-0.0059210527	-0.0143032648	0.0286611933	0.0396485075	0.0052697356	-0.0637466597	0.0563697862	0.0871206621	-0.0301178713	-0.1181026527	0.0527332284	0.017946439	0.0425273625	0.0787366541	0.1041426715	-0.0011047847	0.0949902586	0.0681501856	0.1392722429	0.016741788	-0.0082206554	0.0431436526	0.0447507633	-0.0333131722	-0.0659371639	-0.0167565682	-0.0759619533	-0.0672784889	0.0707605909	-0.015480376	0.0259337448	-0.1623538357	0.0576001911	-0.0835439197	0.0852976816	-0.0714888898	-0.1702861812	-0.0433736097	-0.0228604927	-0.0117548622	-0.0226342573	-0.0605102609	0.0455676403	0.0299950736	-0.0734703494	0.0115256838	-0.022590132	0.0386884125	-0.0459356563	0.0851597724	-0.0005601465	0.099531116	-0.0058374363	0.0798049497	-0.038217042	0.0275510825	-0.0895785583	-0.0866522542	0.0751849225	0.0773816618	0.0225331898	0.0935700667	-0.0799246852	-0.0301376669	0.1172407796	-0.1150284477	0.1427519255659604	0.0399097414774587	0.0203781122527894	0.0015927874647975	0.0339682797406055	0.026143047644382	0.001153844028536	0.0006834589401364	-0.2433167706229539	0.0126935445000811	0.0001611260719755	0.0592030508663831	-0.0057388325906133	0.0011455992381978	3.293419950308536e-05	1.3123976145593811e-06	-0.0001619039905638	-0.0007696970865671	2.6212902160483044e-08	5.924336050698819e-07	0.0025800614252599	0.0013554552109082	1.8372588287781928e-06	6.656716958114147e-06	0.0	0.0	0.0	0.0	0.0	0.0	0.0	0.0	0.0	0.0	0.0	0.0	0.0	0.0	0.0	0.0	0.0	0.0	0.0	0.0	0.0
972.7561799263008	0.7714670254523526	0.5951613713603008	946254.5855848097	1115.3494844042566	5.909035611743775	34.91670186085613	1244004.472360841	885.6931035448258	-0.1421975908993999	784452.2736668655	0.0202201548575931	897.3119803035961	864.618560607655	0.868514	21.281923	0.0876808157616656	0.0490379130637758	0.0993386797	-0.0138483264	-0.0086559711	-0.0242622143	-0.109297336	-0.0084332967	-0.010811613	0.0734563543	-0.0426754331	-0.0019565286	-0.0010645015	-0.0127501065	0.0061081366	0.0562363243	-0.0388619434	0.0747650946	0.0267813631	0.0046254564	0.01894729	-0.0788772581	-0.1482708021	-0.1363425055	-0.1021524528	-0.0086131786	0.0257471746	0.1654128657	-0.0512030305	0.1699618465	-0.0910884195	0.0003534571	-0.0097578168	0.0168755765	0.0209022607	-0.0711771738	-0.0725473515	-0.0689488301	0.0079299584	-0.0209691707	-0.0345555468	-0.0319717315	0.2062878232	0.0566144899	-0.0045038538	0.0508614208	-0.0497121285	-0.1214611376	-0.0594765505	-0.0383683537	-0.0173009395	0.0063766303	-0.027873907	0.0829734179	0.0464591098	-0.1006945923	0.0088817178	-0.0235379909	0.0032256025	-0.0219966129	0.0876455654	0.0072432819	0.1133483926	0.0376831266	-0.1121134369	-0.0460086262	0.112686167	-0.1101281627	-0.1559750257	0.0738633156	-0.1456154005	0.0323485392	0.0104001254	-0.0825512202	-0.0235265052	0.1126387502	-0.1205247148	0.1481284265993991	0.0053765010334387	0.0219420307668135	2.890676336256743e-05	0.0115516350992948	-0.0224166446413107	0.0001334402734672	0.0005025059569748	-0.2505994471048751	-0.0072826764819211	5.3037376740327934e-05	0.062800082889269	-0.0065530485133572	-0.0008142159227439	4.294244481841301e-05	6.629475688497013e-07	-0.0003979506042666	-0.0002360466137028	1.583646834361521e-07	5.5718003840558896e-08	0.0025782240896067	-1.837335653199872e-06	3.375802302519399e-12	6.647239456228298e-06	0.0	0.0	0.0	0.0	0.0	0.0	0.0	0.0	0.0	0.0	0.0	0.0	0.0	0.0	0.0	0.0	0.0	0.0	0.0	0.0	0.0
972.3603288195936	-0.3958511067071413	0.1566980986812685	945484.6090621484	1110.9466177569934	-4.402866647263181	19.385234713582527	1234202.3875057031	885.2989395222459	-0.3941640225799574	783754.2123192131	0.1553652766964131	897.1060697940915	867.8941094250016	0.94306	23.108585	0.1342577215868226	0.0625807358030683	0.0772714331	-0.0659318726	0.0530293877	0.021438366	0.0483173607	0.0115279895	-0.0087042424	0.0434527538	-0.0517258076	0.0412940358	-0.0065748663	0.0340030854	0.0050574249	-0.0564000572	0.0302047981	-0.0183809831	0.0283501467	-0.0712995298	0.0720592381	-0.0063905468	0.0233661097	-0.0046094988	0.0354530321	-0.0891706999	-0.1705548414	0.107962284	-0.1434202854	0.0106996797	0.1046557147	-0.0056471861	0.0330980426	0.0078267582	-0.0493575377	0.0359556256	0.0159139948	0.0045307936	-0.0815772149	-0.0198512311	0.0224482545	0.063205555	-0.0082251657	-0.0342551365	-0.0861096883	-0.1765729445	0.0905672834	0.0108835828	-0.0930669291	-0.0054547688	0.0199167557	0.0048316781	-0.0043396876	0.0263040343	0.0006724002	-0.0792972665	-0.0066017492	0.0058194077	0.0348544097	0.03643937	0.0890248097	0.1220582896	0.0485177545	-0.1359404589	-0.0661871216	-0.0366985846	0.0673440538	0.0323111472	0.0651654678	0.1156972879	0.116502945	0.1219117763	-0.0038125365	-0.0851211787	-0.016850859	0.1073422654	-0.124700488	0.1216146431615357	-0.0265137834378633	0.0147901214313076	0.0007029807121899	-0.0169164432736721	-0.0284680783729668	0.0002861660530313	0.0008104314862493	-0.2738071703430051	-0.02320772323813	0.0005385984178976	0.0749703665312434	-0.0065141306218496	3.8917891507599806e-05	4.243389775851866e-05	1.5146022793973091e-09	8.30637716684457e-05	0.000481014375935	6.899590163787682e-09	2.313748298561815e-07	0.0019767936262921	-0.0006014304633146	3.6171860220281473e-07	3.907713040949071e-06	0.0	0.0	0.0	0.0	0.0	0.0	0.0	0.0	0.0	0.0	0.0	0.0	0.0	0.0	0.0	0.0	0.0	0.0	0.0	0.0	0.0
971.6713694250708	-0.6889593945228398	0.474665047301278	944145.2501603924	1111.1814805338206	0.2348627768271853	0.0551605239389762	1234724.2826813336	885.4182898198719	0.119350297626056	783965.5479475467	0.0142444935434281	896.5829441236413	867.9287568892556	0.949123	23.257153	0.1102091224945021	0.0576439144335927	0.1027760504	-0.0167286562	-0.0018439402	-0.0334645164	-0.0362810088	-0.0019700789	-0.0077483278	0.0347685945	-0.038342861	0.0194995487	0.0050766026	-0.0178521189	0.0331920523	0.0021892223	0.0106711832	0.0556420165	0.0208236294	0.010545502	-0.0442529974	0.0211414863	0.0319694572	-0.1651067522	0.054781833	-0.0296134325	-0.0477623173	0.1162097192	-0.1057150492	0.0320820345	-0.1232880169	0.0078534692	-0.0176239818	0.0377600206	0.0119120791	0.000381417	-0.0529732338	-0.0553478843	0.0313065633	-0.0239477831	-0.0836016546	-0.1373867278	0.0079793716	0.0257581378	0.0536111326	-0.0758736514	-0.0709143176	-0.0886646705	0.0253045288	-0.0439840669	0.0169332739	0.0059294883	-0.0084962697	-0.0021418972	0.0047545514	-0.0969386812	-0.0130423177	0.0154969912	0.0233742338	0.0028595885	0.0564280819	-0.1116545175	0.1004083447	0.0801587794	-0.0939731236	-0.0590120904	0.072911599	-0.1340290988	-0.008269458	0.095856826	-0.1959570314	0.0859325839	0.0848022339	-0.0876327994	-0.0101290257	0.1013839798	-0.1275100165	0.1306416310201257	0.0090269878585899	0.0170672357555986	8.148650979913112e-05	0.0058395049496766	0.0227559482233487	3.4099818057297514e-05	0.0005178331795437	-0.2828777053662463	-0.0090705350232411	8.227460560784483e-05	0.0800197961932728	-0.0056027170904948	0.0009114135313548	3.139043879612252e-05	8.306746251366275e-07	-0.0003087732634354	-0.0003918370351038	9.534092821254693e-08	1.535362620789724e-07	0.0020606560876199	8.386246132780027e-05	7.032912419956795e-09	4.246303511444954e-06	0.0	0.0	0.0	0.0	0.0	0.0	0.0	0.0	0.0	0.0	0.0	0.0	0.0	0.0	0.0	0.0	0.0	0.0	0.0	0.0	0.0
972.14735676978	0.4759873447092104	0.2265639523233247	945070.48327447	1107.848610933162	-3.3328696006585687	11.108019774994007	1227328.5447465363	884.6696888694792	-0.7486009503927562	782640.4584044211	0.5604033829289379	896.4290532260904	862.4497441577812	0.952424	23.338045	0.0928626394251339	0.0438371727202687	0.0717858523	-0.029565197	0.0173409122	0.0642399005	0.0536257723	0.0013223534	-0.0007424833	0.0265917061	-0.0327831202	0.0256732168	0.0239515846	0.033130652	0.0454118468	-0.0175792052	-0.0446425862	-0.0171135004	-0.008924267	-0.0473350552	-0.1019007883	-0.1477440452	-0.0293932458	0.0552434903	0.0306818392	0.0642743962	-0.1294732762	0.0632207401	0.0749504797	-0.0117687838	-0.0060976279	0.0212936077	0.0366467622	0.0406813646	-0.0261949024	-0.0431802282	0.0173040243	0.0523277602	-0.0484033157	0.1544584806	0.130778175	0.0204854299	0.0305561546	0.0024010341	-0.05533791	-0.0871652157	-0.0580608583	-0.0204661937	-0.0241488121	-0.0404693007	-0.013267485	-0.0402625747	-0.066723721	0.0208490714	0.0266527266	-0.1067531827	0.0164983423	-0.1312191518	0.0148011941	-0.135720855	-0.0055154973	-0.0241514278	0.0265793021	-0.1079929769	-0.0038268827	0.0612061038	0.0977326152	0.0045766766	0.0129149737	0.126038387	-0.0147054536	0.0495342408	-0.1032754517	-0.090084361	-0.0033794295	0.0948006283	-0.1289225186	0.128690424807047	-0.0019512062130786	0.0165612254370182	3.8072056859568304e-06	0.0183743976056405	0.0125348926559639	0.0003376184873701	0.0001571235338965	-0.2561616518671599	0.0267160534990864	0.000713747514566	0.065618791887312	-0.0053877185688679	0.0002149985216268	2.9027511377323972e-05	4.622436430175248e-08	-0.0006448549996085	-0.0003360817361731	4.158379705200785e-07	1.1295093338912517e-07	0.00254278557096	0.00048212948334	2.3244883870579146e-07	6.465758459882372e-06	0.0	0.0	0.0	0.0	0.0	0.0	0.0	0.0	0.0	0.0	0.0	0.0	0.0	0.0	0.0	0.0	0.0	0.0	0.0	0.0	0.0
970.9000635504232	-1.247293219356834	1.5557403750535352	942646.9334022156	1109.6924104296472	1.8437994964851896	3.3995965832390387	1231417.2457651603	885.3671700811856	0.6974812117064175	783875.025857567	0.4864800406834524	897.0947160842778	862.5352903184721	0.915842	22.441643	0.1102989342481005	0.0569485363216309	0.0536348968	-0.0379984542	0.0071403706	-0.0420940801	-0.0484689832	0.0843626953	-0.0035882132	0.0256115475	-0.0269680098	0.0196728959	-0.003522892	-0.0189405735	-0.0053897975	0.0266811385	-0.0398109408	0.0300071262	0.0825773962	-0.0062518269	-0.0241477563	0.0439380777	0.1355639141	-0.0054003716	0.0506922465	0.0095548134	-0.0485257708	0.0746018661	-0.0881999576	0.1535359906	0.0845682521	-8.95976e-05	-0.0160292751	-0.0053661139	-0.0007225462	-0.0450964906	0.0104820278	-0.0835643289	-0.0096541614	0.0247757273	-0.0786338304	-0.0516940786	-0.1516118398	-0.0312406351	-0.1044868822	-0.0843756754	0.0452763452	-0.1037590136	-0.0643919037	-0.010760369	-0.0002749245	0.0048814614	-0.0375082081	0.0184942589	0.0359386917	-0.0583125566	-0.0397528089	0.0088770835	0.0001292582	0.0572243645	0.0848860856	0.0050121717	0.1366883769	-0.0310639422	0.0324187062	-0.0985862386	-0.0979111654	-0.0883272994	-0.0759422295	-0.0205672959	-0.0199265643	0.0157313629	0.0262285146	-0.0924741833	0.0033794295	0.0876327994	-0.1289225186	0.1208289782982205	-0.0078614465088265	0.0145996419965918	6.180234121114063e-05	-0.0268871498727776	-0.045261547478418	0.0007229188282812	0.002048607680141	-0.248469908894009	0.0076917429731508	5.916290996501617e-05	0.0617372956257971	-0.0056168942934288	-0.0002291757245608	3.154950150355302e-05	5.2521512728013445e-08	-0.0001249683379458	0.0005198866616627	1.5617085488935674e-08	2.702821409747867e-07	0.0023021640114295	-0.0002406215595304	5.7898734910889936e-08	5.299959135521166e-06	0.0	0.0	0.0	0.0	0.0	0.0	0.0	0.0	0.0	0.0	0.0	0.0	0.0	0.0	0.0	0.0	0.0	0.0	0.0	0.0	0.0
969.8214268716396	-1.078636678783596	1.1634570848173065	940553.600019343	1108.3513697474457	-1.3410406822015375	1.798390111319565	1228442.758821039	883.7506911619246	-1.6164789192609987	781015.2841291794	2.6130040964152066	894.3012571798262	849.2083073439643	0.988499	24.222021	0.1077682241430771	0.0509058502795729	0.0487392874	0.0179423971	0.0140775604	0.0425300143	-0.0226228798	-0.0468989749	0.0049757895	-0.0061521406	-0.0015445697	-0.0234449632	0.0136091718	0.0685376309	-0.0758349243	-0.1170033857	0.0610222504	0.0132143124	-0.1305669589	-0.1255432222	0.2622476156	-0.1569257672	-0.0881403104	-0.0033115409	0.0515830608	-0.0597314503	0.0877766616	0.1421670373	-0.1238189262	-0.0345661523	-0.3360191411	0.0162865016	0.0585075548	-0.0666714283	-0.0845061139	0.0888769042	-0.0575847158	0.1145454295	-0.0499440648	-0.2675050873	0.1786971093	0.0758635947	0.1208931562	0.0210804984	0.0493420029	-0.0046887138	-0.1463387365	0.0315867288	0.0759497925	-0.0334755222	-0.0209754823	-0.0222982044	-0.0358579763	0.0388375444	0.0470479257	-0.0896242901	0.0005002179	-0.0749252669	-0.053458515	-0.0676032725	0.0914115492	0.0353928343	0.0302613134	0.0458483868	-0.0975247762	0.1263388723	0.0123487276	0.1028475613	0.0058165189	0.0622243039	-0.0423876019	-0.1428171556	-0.0629852546	-0.0948006283	0.0101290257	0.0799246852	-0.1275100165	0.1375805627395578	0.0167515844413373	0.0189284112437333	0.0002806155812952	0.0051211280007379	0.0320082778735155	2.6225951999941763e-05	0.0010245298524281	-0.2507302233808133	-0.0022603144868043	5.109021579257407e-06	0.0628656449165925	-0.0060507649294673	-0.0004338706360384	3.661175623167142e-05	1.8824372881645248e-07	-0.000622584117448	-0.0004976157795022	3.876109832985051e-07	2.4762146400958217e-07	0.0025056385427172	0.0002034745312876	4.1401884882749195e-08	6.278224506749973e-06	0.0	0.0	0.0	0.0	0.0	0.0	0.0	0.0	0.0	0.0	0.0	0.0	0.0	0.0	0.0	0.0	0.0	0.0	0.0	0.0	0.0
970.137626921287	0.3162000496474775	0.0999824713970672	941167.0151684664	1106.4297020652075	-1.9216676822381944	3.692806680958713	1224186.685612104	886.2254646064475	2.474773444522953	785395.5741169138	6.124503601716	897.9390622112147	862.2334641921981	0.967519	23.707926	0.1344898353972969	0.0744073647485959	0.0706925275	0.0018550952	-0.0515739543	0.0437668532	0.1066258951	-0.0223280474	0.0287357011	0.0341160361	0.0192086149	0.0491925464	0.0007055927	-0.0361566278	0.0238779428	-0.0081794205	0.0713617692	-0.021467756	-0.05691776	0.0064937177	-0.1442664179	-0.1194112883	-0.1400302006	-0.0647461587	0.1443467526	-0.0253241228	-0.1236727305	-0.0103435178	0.0515220046	-0.0431185902	-0.0867608534	-0.0009781833	-0.0408368994	0.0192403273	0.030332561	0.0651011048	-0.0020109425	0.0963866257	0.0009686262	0.1669846088	0.0950892993	0.0260158305	0.0070855361	0.1410631246	0.0706246946	-0.0751587296	-0.1544291979	0.1516920552	-0.0059630985	-0.0754576247	-0.0212316792	0.0102288974	-0.0299830596	0.02279095	0.082571557	-0.1162190578	-0.0119249317	-0.1856307679	-0.0256296579	-0.1577272474	0.0956824681	-0.1016878884	-0.0607429759	-0.0985381565	0.0817848223	0.0305915692	-0.0074573013	0.0617448131	0.1092607529	-0.0367336322	0.0935567684	-0.1403361694	-0.0527384101	-0.0970621018	0.016850859	0.0717238087	-0.124700488	0.137715972220576	0.0001354094810182	0.0189656890046584	1.83357275496184e-08	0.0147814560026091	0.0096603280018712	0.000218491441557	9.332193710373682e-05	-0.3184875028083809	-0.0677572794275676	0.0045910489154254	0.1014342894451184	-0.0065571478182949	-0.0005063828888275	4.299618751096957e-05	2.564236300973853e-07	-0.0010359431645263	-0.0004133590470783	1.0731782401287649e-06	1.7086570180148025e-07	0.0027246329765481	0.0002189944338309	4.7958562048916516e-08	7.42362485689336e-06	0.0	0.0	0.0	0.0	0.0	0.0	0.0	0.0	0.0	0.0	0.0	0.0	0.0	0.0	0.0	0.0	0.0	0.0	0.0	0.0	0.0
968.8794915546662	-1.258135366620877	1.5829046007422485	938727.4691552283	1112.9640255131997	6.534323447992165	42.69738292298021	1238688.9220865462	885.7039396183496	-0.5215249880978945	784471.4686554652	0.271988313210509	896.6017511860489	854.2718470303367	0.972181	23.822153	0.247584938852947	0.1218166334925292	0.0075221023	-0.0044048987	0.0842246668	0.0241137684	0.0644442113	0.094818869	-0.01141696	0.0316969221	-0.0320882441	0.0227387084	-0.0004338767	0.0074783701	0.0381049727	-0.0770251789	0.0203891651	-0.0398466928	-0.0341365727	-0.0728280423	-0.1070136769	0.0622877941	0.0278506408	-0.0301071768	0.0556029584	-0.1327283899	-0.0569461006	0.0192971691	-0.0032532938	0.096070772	0.1156320473	0.0039216929	0.010262715	0.0270134676	-0.0515774631	0.0401632419	-0.0014485634	0.0954826906	-0.0812632609	0.0088639974	-0.0567151524	-0.0372622952	-0.1147025396	0.067599341	0.0912009276	-0.0784242952	-0.0391930932	-0.1366509999	-0.0815719983	-0.0294948037	0.0174902597	-0.0384136288	-0.0624081985	0.0150793781	0.0482269889	-0.0863898878	-0.062000306	-0.0401038491	-0.0582045397	0.0291680619	0.1770334772	0.081178382	0.0763888404	-0.0514408749	0.0640917605	0.0065345249	-0.0627478991	0.1431017948	-0.0529155382	-0.049425728	0.0382386888	0.0134003017	0.0053370774	-0.0992570537	0.0235265052	0.063080731	-0.1205247148	0.1286926317756069	-0.009023340444969	0.0165617934733319	8.14206727858148e-05	-0.0802487353596319	-0.095030191362241	0.0064398595268202	0.0090307372703441	-0.268246161382109	0.0502413414262719	0.0025241923883112	0.0719560030962364	-0.0055950640666666	0.0009620837516283	3.130474191010379e-05	9.256051451471848e-07	-0.0003859185781092	0.0006500245864171	1.4893314892982672e-07	4.2253196294672193e-07	0.0024709400022042	-0.0002536929743439	6.436012523145475e-08	6.105544494492892e-06	0.0	0.0	0.0	0.0	0.0	0.0	0.0	0.0	0.0	0.0	0.0	0.0	0.0	0.0	0.0	0.0	0.0	0.0	0.0	0.0	0.0
967.2560923033363	-1.623399251329829	2.635425129218249	935584.3480979204	1108.3636884452883	-4.600337067911369	21.16310113839937	1228470.065864044	883.7980581856784	-1.905881432671208	781099.0076527759	3.632384035400857	896.4270105191204	849.0437845252026	0.904489	22.163445	0.1592640610599086	0.0859746332979367	0.0174270898	0.0176258203	-0.0200490588	0.0197300869	0.0361928521	-0.0046463517	0.0060462728	0.008683291	-0.0086243966	-0.0267005107	0.0286909699	0.0103603699	-0.0281466551	-0.0206134664	0.0197595063	-0.018658963	0.0361667232	0.0003244729	0.0680778657	-0.0037733733	0.1008714143	-0.0939426059	0.1059042907	-0.0809954188	-0.0055518927	0.1533121244	-0.091569036	-0.050837965	-0.0385605326	0.025338706	0.0065012116	-0.0310540961	-0.0030391587	0.0441875976	0.0185682403	-0.0534038242	0.0270108404	-0.1007574814	-0.0292044169	-0.1466345015	-0.0221897919	0.0154256551	0.1042129135	-0.0943965769	0.0274132107	-0.1035641804	0.0250270623	-0.032060987	0.0106416525	-0.0045597391	-0.0147805814	-0.0500224819	0.0433685372	-0.0599558662	-0.030047931	-0.0749178019	-0.04890173	0.0154082645	0.1347417967	-0.1355273691	0.0532448109	0.0015219546	-0.0704086481	0.0586008184	-0.0818153237	0.0832278987	0.0905239675	0.0380411022	-0.1213476027	0.093895534	0.0586416005	-0.1013839798	0.0301376669	0.0540487397	-0.1150284477	0.1114547853608627	-0.0172378464147442	0.0124221691798359	0.0002971433490183	-0.0030139245510412	0.0772348108085907	9.0837411993689e-06	0.0059652160006387	-0.2952405358751377	-0.0269943744930287	0.0007286962542698	0.0871669740238384	-0.0059682073590946	-0.000373143292428	3.561949908115094e-05	1.392359166840083e-07	-0.000308964870727	7.695370738220001e-05	9.545929134335182e-08	5.921873079865264e-09	0.0021650964151435	-0.0003058435870607	9.354029974615601e-08	4.687642486867235e-06	0.0	0.0	0.0	0.0	0.0	0.0	0.0	0.0	0.0	0.0	0.0	0.0	0.0	0.0	0.0	0.0	0.0	0.0	0.0	0.0	0.0
966.5801948496598	-0.6758974536764981	0.4568373678863739	934277.2730756064	1104.9132423716144	-3.450446073673902	11.905578107331646	1220833.2731681538	885.3858178230419	1.5877596373634333	783908.0464021767	2.520980666040461	897.7674316055025	847.9886884659435	1.021558	25.032078	0.1365240651617942	0.0775549553168068	-0.0274200796	0.0008080116	-0.0153163231	0.0249806101	0.0971020459	0.087790605	0.014278738	-0.0574555116	0.0171622838	0.0118918004	0.0116672423	-0.0346877452	-0.0330660293	0.0334020869	0.0173032111	-0.0382791532	-0.0799737153	0.0414836384	-0.2920430581	-0.0532064431	-0.1326253349	0.0258912569	0.0634297726	0.0587235773	-0.0061081906	0.12021285	0.0632874653	-0.2001421582	-0.0758171129	0.006564859	-0.0420652245	-0.044523714	0.0404918875	0.0043747297	0.0190377278	0.1147368753	0.0100557104	0.2761579387	-0.001403477	-0.0331921118	0.0056928936	0.0930325272	0.066488674	-0.0308455677	-0.2195451051	-0.0156018976	0.1594584768	-0.025118116	-0.0311728152	-0.0341564381	-0.0699148695	0.007961377	0.0810434244	-0.047536854	-0.0134236507	-0.1559944311	-0.0623418585	-0.1428364776	0.1025102431	-0.063545145	-0.1231661272	-0.0529134724	0.1563908038	0.0893482845	-0.0640430334	0.0462016424	-0.0325297556	-0.0142840208	0.1008876201	-0.0729133416	-0.0655561518	-0.1034414224	0.0366662233	0.0446835199	-0.1082719048	0.1259922814961669	0.0145374961353041	0.0158740549966093	0.0002113387938839	0.0308280932146089	0.0338420177656501	0.0009503713312486	0.0011452821664505	-0.2292261138880178	0.0660144219871199	0.0043579039102935	0.0525446112882025	-0.0062177738758878	-0.0002495665167931	3.866071197167279e-05	6.228344630429054e-08	-0.000238614464445	7.035040628199999e-05	5.6936862642374175e-08	4.949179664042463e-09	0.0022877820775427	0.0001226856623992	1.505177175833051e-08	5.233946834325593e-06	0.0	0.0	0.0	0.0	0.0	0.0	0.0	0.0	0.0	0.0	0.0	0.0	0.0	0.0	0.0	0.0	0.0	0.0	0.0	0.0	0.0
965.6916339657688	-0.8885608838910457	0.7895404443812364	932560.3319114764	1104.6006124512223	-0.3126299203920553	0.0977374671243428	1220142.5130276154	884.5775688454385	-0.8082489776033981	782477.4753045064	0.6532664097969383	896.3608532098248	835.9223308304136	1.033071	25.31419	0.2378474013564028	0.1190789146930121	-0.0598231676	0.0370468914	-0.0133213459	0.0027210645	-0.0536544428	0.0196916509	0.0204939447	-0.043343544	0.0121517645	-0.0247001418	0.0154843901	-0.0248132757	-0.0351061881	-0.0234258812	0.0251240139	0.0104347883	-0.0535331501	-0.0609160363	0.0798133678	0.0570186765	0.0162008146	-0.034714335	0.087260415	-0.0264093557	0.0078530072	0.0177173039	-0.0344124873	0.0579610816	0.076630016	0.0152993348	-0.0251999747	-0.0274350707	-0.0067634006	0.0273682487	-0.0294389472	0.0359312596	-0.0135194122	-0.0930994329	-0.0404493577	-0.0213247677	-0.052159089	0.0529071932	-0.0176689963	-0.0299509252	0.0792445034	-0.0759349062	0.013288642	0.0051186717	-0.0186038226	0.0053728996	0.0081092598	0.0076040837	0.0323808432	-0.0043314782	-0.0169331198	0.0283907066	-0.0979943183	0.0176912818	0.1173020985	0.0278543626	0.0661558874	0.0414309665	0.0202618893	0.0320037856	-0.063943301	0.0925180539	-0.025493005	-0.0657876866	-0.0391062922	0.0870523308	0.0913409036	-0.1054279714	0.0430942802	0.0350428114	-0.1003291122	0.1180230799927528	-0.007969201503414	0.0139294474109757	6.35081726020175e-05	-0.0456609188293697	-0.0764890120439786	0.0020849195083422	0.0058505689634639	-0.2173910848871827	0.0118350290008351	0.0001400679114506	0.0472588837884262	-0.0074882209836191	-0.0012704471077312	5.60734534995134e-05	1.6140358535428243e-06	0.0007520792658195	0.0009906937302645	5.656232220755981e-07	9.8147406718539e-07	0.001717839739375	-0.0005699423381677	3.248342688360651e-07	2.950973370175968e-06	0.0	0.0	0.0	0.0	0.0	0.0	0.0	0.0	0.0	0.0	0.0	0.0	0.0	0.0	0.0	0.0	0.0	0.0	0.0	0.0	0.0
966.98009895749	1.2884649917211846	1.6601420348910725	935050.5117798372	1103.3758048695963	-1.2248075816260098	1.5001536120085546	1217438.1667716296	884.6679644530511	0.0903956076126633	782637.407329505	0.0081713658756625	896.0788381239947	840.9845752835647	0.9623870000000002	23.582167	0.1679657299362897	0.0859048108457873	-0.0170722789	-0.0034978559	-0.0651084219	-0.0141988099	0.0833455275	-0.0340457678	-0.0081070533	-0.0427538775	0.0077139151	0.0087400811	0.0190211045	-0.0045627628	-0.0061524468	0.0285641266	-0.0061661537	-0.0317451648	-0.0038148611	0.0152848808	-0.1020363989	-0.1145486424	-0.0519701616	-0.0376424987	0.1038454595	0.080209316	-0.0361368333	-0.0923620219	-0.0504496991	-0.1137698539	-0.1037181014	0.0144308878	-0.0070491447	-0.0105881409	0.0216076936	0.0015817413	0.0318383492	0.0203118995	0.0115569546	0.1394351548	0.1219173674	-0.0261614761	0.0340867021	0.0750450057	0.0043541397	-0.016493264	-0.0748965053	0.1769246051	0.0949722584	0.0039742552	-0.0178984668	0.042966083	0.0340268335	-0.0117420528	0.0248359975	0.0114842302	-0.0054339535	-0.0488676712	-0.0256230663	-0.1292966999	0.0176770918	-0.0591945596	-0.135169153	-0.0445429522	0.0110276982	0.0600369634	-0.0532474434	0.0345246546	0.0707974287	-0.0352051363	0.0587379534	-0.0983498198	-0.0026717324	-0.1073422654	0.0494042187	0.0251860523	-0.0912870929	0.1121234592909985	-0.0058996207017543	0.0125716701233801	3.480552442456792e-05	0.0224969423377814	0.0681578611671511	0.0005061124145494	0.0046454940388806	-0.2353423248007971	-0.0179512399136143	0.0003222470144361	0.0553860098426438	-0.0073902258616753	9.79951219437997e-05	5.461543828657443e-05	9.603043924780176e-09	0.0013950516105987	0.0006429723447792	1.946168996234027e-06	4.134134361508626e-07	0.0009396670430226	-0.0007781726963523	6.055527453483644e-07	8.829741517428367e-07	0.0	0.0	0.0	0.0	0.0	0.0	0.0	0.0	0.0	0.0	0.0	0.0	0.0	0.0	0.0	0.0	0.0	0.0	0.0	0.0	0.0
963.728267789014	-3.2518311684759738	10.574405948271815	928772.1741356136	1102.8637921672223	-0.5120127023740224	0.2621570073923492	1216308.5440734662	885.7867375272048	1.118773074153637	784618.1443790891	1.2516531914511797	898.1905584506062	833.847397154526	0.98776	24.203909	0.1634807495910165	0.0847717670730255	-0.0918646591	0.0192961222	-0.0054224308	-0.0415721555	-0.0271357846	0.1141805246	0.026935965	-0.0927439073	0.0276910756	-0.0331920702	-0.0112548805	-0.0538172296	-0.0917209757	0.007156369	0.0963006575	0.0683365467	-0.0633422249	0.0130937115	0.0669133567	0.147054664	-0.0718605419	0.078141446	0.0214004237	0.0838655922	-0.0582070167	-0.0260857581	0.0274547678	0.1572107881	-0.0535158222	-0.0117297705	-0.0646842524	-0.0933909394	0.0201303441	0.0715289362	-0.0989701699	0.0223016941	0.0253618771	-0.0787450045	-0.1146660272	0.0942428003	-0.0425814792	0.0771293877	-0.0150766406	0.0255001355	-0.0994970497	-0.0652649074	-0.0194010159	0.0221534536	-0.0243999675	0.015176183	0.0046734999	0.0213099548	0.0591949271	0.0506567072	-0.0444075252	0.0382889786	-0.1163645427	0.0347339096	0.079347507	0.0649298127	-0.0141130475	0.0538720598	0.1230487816	-0.0201925347	-0.2131577175	0.1062225804	-0.1028775701	-0.0924479599	-0.011077797	-0.0477416535	0.0138450797	-0.1091829923	0.0555787436	0.0151740128	-0.0812449131	0.0792134337100236	-0.0329100255809749	0.0062747680801323	0.0010830697837404	-0.0375223153874202	-0.0600192577252016	0.001407924152033	0.0036023112978841	-0.1873460271766021	0.0479962976241949	0.0023036445856303	0.0350985338988561	-0.0075602389018364	-0.0001700130401611	5.715721225284046e-05	2.890443382481989e-08	0.0012389938084564	-0.0001560578021423	1.5351056573932943e-06	2.4354037609485283e-08	0.0010646995739321	0.0001250325309095	1.5633133785635107e-08	1.1335851827311955e-06	0.0	0.0	0.0	0.0	0.0	0.0	0.0	0.0	0.0	0.0	0.0	0.0	0.0	0.0	0.0	0.0	0.0	0.0	0.0	0.0	0.0
960.0316744366786	-3.696593352335413	13.664802412530362	921660.8159216928	1092.4350452895992	-10.428746877623098	108.75876143753352	1193414.3281768886	884.2771086653104	-1.5096288618943845	781946.0049094812	2.2789793006645347	896.4965211717064	814.55280773119	0.978799	23.984318	0.1767158609677059	0.0832935602170989	-0.132716774	0.080214014	-0.0575928037	0.0212823831	0.0386712814	-0.0539191718	0.0656622138	-0.123801001	0.0828228024	-0.0563991882	0.0126992449	-0.0257739517	-0.1077124831	0.0403823467	0.0427310958	-0.0544447412	-0.0810070354	0.0138998426	0.0176101059	-0.1020439303	-0.060584652	-0.0355072139	0.0478946418	-0.0536144265	0.0724692365	-0.0208575325	0.0410067652	0.0589022888	0.0853025321	0.0079859148	-0.0450311195	-0.1186744321	0.0431288293	0.0245337022	0.0294120229	0.0887379288	0.0080393846	0.0153996469	0.0745905519	0.0035372686	0.0994531901	0.0526981762	0.0606442234	0.021813095	0.1901074938	0.0518051203	-0.0560165302	0.0422602648	-0.0497741294	0.006630205	0.0463613569	-0.036726547	0.0599115732	0.1128210793	0.0025960673	0.0262274533	-0.1232340817	-0.0550225438	-0.0447664414	0.0271298865	-0.026982239	-0.0159863329	-0.0236883753	0.0774816067	-0.0093785135	0.0871239354	0.0513037143	0.0569702334	-0.0860486398	0.0771244153	0.0031453281	-0.1109488906	0.0616009311	0.0050684204	-0.0703125971	0.0705354261123432	-0.0086780075976803	0.0049752463368498	7.530781586539863e-05	0.0131270487658952	0.0506493641533154	0.0001723194093021	0.0025653580891351	-0.1373580225637169	0.0499880046128851	0.0024988006051778	0.0188672263626145	-0.0081659786202646	-0.0006057397184281	6.668320682661853e-05	3.669206064814738e-07	0.0018611798082202	0.0006221859997638	3.4639902785265808e-06	3.8711541830207947e-07	0.0009446156000476	-0.0001200839738845	1.4420160783893292e-08	8.922986318532875e-07	0.0	0.0	0.0	0.0	0.0	0.0	0.0	0.0	0.0	0.0	0.0	0.0	0.0	0.0	0.0	0.0	0.0	0.0	0.0	0.0	0.0
957.3538917084876	-2.677782728191005	7.170520339398061	916526.4739693864	1091.6079412413037	-0.8271040482954959	0.684101106706798	1191607.8973810775	882.9281027575138	-1.3490059077965952	779562.0346389828	1.819816939270116	895.6246173009848	808.2706897012118	0.878932	21.537205	0.088038859278001	0.0476354621426896	-0.181598542	0.088128791	-0.0627757101	-0.0542517649	0.0423898357	0.0788275141	0.0814002152	-0.1425835569	0.1440594302	-0.0320938439	0.0479864077	-0.0289301995	-0.0925845375	0.0598207301	0.0076897087	-0.0117659228	-0.0200390566	0.0634159631	-0.1239535611	0.1098420451	-0.0035500197	0.0332266151	0.1988378935	0.0035760075	0.0818155626	-0.1479351066	0.0699542337	0.0478584122	0.0843739573	0.0406604966	-0.0491351322	-0.0993145517	0.0530059846	-0.0076517151	0.0236636416	0.012729881	0.0436324036	0.0807073998	-0.0724001626	0.026386046	-0.1818179784	0.1776018526	0.0590262327	0.0115151212	0.0963137069	-0.0092875895	0.0359405581	0.0398254889	-0.0527652416	0.023978586	0.0441268662	-0.0368520218	0.0795454774	0.1443131539	-0.011905042	0.0369875967	-0.1047484226	-0.0254730072	0.0236015391	0.0154025369	-0.0403537385	0.0353707409	0.1756854315	-0.0567107781	-0.1388879717	-0.0167809549	-0.0659387512	-0.0638936735	0.0566381123	-0.0277392619	0.08758244	-0.1126387502	0.0674542747	-0.0050684204	-0.0586099215	0.0673488468824814	-0.0031865792298618	0.0045358671763999	1.0154287188186656e-05	0.0001881363881608	-0.0129389123777344	3.53953005501912e-08	0.0001674154535186	-0.1450039533268068	-0.0076459307630898	5.846025723396438e-05	0.0210261464804027	-0.0080632316720518	0.0001027469482127	6.501570499717927e-05	1.0556935367043598e-08	0.0025830907075585	0.0007219108993383	6.672357603475073e-06	5.211553465834332e-07	0.0004839247094524	-0.0004606908905952	2.1223609667739858e-07	2.3418312441858973e-07	0.0	0.0	0.0	0.0	0.0	0.0	0.0	0.0	0.0	0.0	0.0	0.0	0.0	0.0	0.0	0.0	0.0	0.0	0.0	0.0	0.0
957.376739777096	0.0228480686083685	0.0005220342391327	916570.2218662212	1088.477147945688	-3.130793295615604	9.801866659871614	1184782.5015999794	881.090976943219	-1.8371258142948363	776321.309650756	3.3750312575484656	891.1177169136379	786.3841695038129	1.040077	25.485872	0.1658099468806324	0.0805211385936712	-0.1651997448	0.161389936	0.0104006844	0.0472320459	-0.0266760192	-0.0686012714	0.071639711	-0.1376963073	0.0700650958	-0.0690601939	0.0663046839	0.0532016903	-0.1111146489	-0.0644083227	0.019907338	-0.0158565394	-0.1293187394	-0.1137809025	0.2696211556	-0.2519673693	-0.0318891093	0.0071142384	0.0184693417	0.1200948634	0.0710843911	-0.152278045	0.0538270763	-0.0377014958	-0.0839794634	0.0653945161	0.0384506256	-0.121459852	-0.0520787021	0.0390770575	-0.0310156427	0.1175598683	-0.0421413859	-0.2772108629	0.3120395341	-0.0304645015	0.097558947	0.0685228529	0.0118647026	0.0653834871	-0.0785077259	0.0047363166	0.0918106676	0.0108316823	-0.0527848058	-0.0659189605	0.0002573202	-0.040774588	0.0690052718	0.0629098648	0.0065819863	0.0771923148	-0.1761803741	-0.1189709379	-0.0424029121	0.0805196934	-0.0268755205	0.1951861441	-0.0118623588	0.1529642381	0.1866078968	0.090127453	0.0103569287	-0.0958920503	-0.0936328975	-0.0639815934	0.027950085	-0.1142514127	0.0731227308	-0.0151740128	-0.0462651033	0.090889156095784	0.0235403092133026	0.0082608386958037	0.0005541461578578	0.0174678557861085	0.0172797193979476	0.0003051259857642	0.0002985887024718	-0.1436614483312297	0.001342504995577	1.8023196631494356e-06	0.0206386117366265	-0.007168797010673	0.0008944346613788	5.139165058023414e-05	8.00013363475809e-07	0.0018442853288804	-0.0007388053786781	3.4013883743234854e-06	5.458333875636909e-07	0.0013236329348716	0.0008397082254192	7.05109903836662e-07	1.7520041462768052e-06	0.0	0.0	0.0	0.0	0.0	0.0	0.0	0.0	0.0	0.0	0.0	0.0	0.0	0.0	0.0	0.0	0.0	0.0	0.0	0.0	0.0
961.768767976281	4.392028199185006	19.28991170243629	924999.1630546134	1101.6112382116396	13.1340902659515	172.50432711416192	1213547.3201541817	883.9262287795408	2.835251836321845	781325.577924421	8.038652975366395	895.2956653214477	821.6653786841605	1.08145	26.499662	0.1401220809328995	0.0792865489170297	-0.0883893302	0.0658946524	0.0444424876	0.0318309201	0.1378543507	0.0085159464	0.0355966562	-0.0316620914	0.0152262566	-0.0169048635	0.0190782482	0.0151262362	-0.0428281428	-0.0669880241	0.0173493925	-0.075364512	-0.068900579	-0.0411809452	-0.0516677411	-0.1142946995	0.0548777532	0.132180955	0.1285158478	-0.1445823053	0.0236402483	0.0167636262	-0.0029295017	-0.0388628641	0.03365664	0.0224633522	0.0110583216	-0.0386070002	-0.0577293798	0.0578708341	0.0750336514	0.1179923799	-0.0457297995	0.0157007421	0.1521860101	0.0759258893	-0.1172976507	-0.007136495	0.1284215129	-0.0236340312	0.0543789393	0.0172143002	-0.0504371402	-0.001885363	-0.0031855452	-0.040592683	-0.0226312745	-0.0545923416	0.0520180786	0.0234191696	-0.0130886741	-0.0192384949	-0.1357803722	-0.0494298148	0.0279824372	0.0999663257	-0.1251815702	-0.0115064466	0.0435659028	-0.0695037541	0.0900851986	0.0864276665	0.0455954958	-0.0119535786	0.1603155731	0.0492151639	0.0098710352	-0.1157857731	0.0785907625	-0.0251860523	-0.033413395	0.1038796714768182	0.0129905153810341	0.0107909861461316	0.0001687534898648	-0.0293159185244462	-0.0467837743105547	0.0008594230789319	0.0021887215387409	-0.2051589178173003	-0.0614974694860706	0.0037819387531901	0.0420901815599657	-0.0070760698256093	9.27271850637004e-05	5.007076417689842e-05	8.598330849837741e-09	0.0017379737684148	-0.0001063115604656	3.0205528196979407e-06	1.1302147888630952e-08	0.0011456652452961	-0.0001779676895755	3.1672498532841534e-08	1.312548854279373e-06	0.0	0.0	0.0	0.0	0.0	0.0	0.0	0.0	0.0	0.0	0.0	0.0	0.0	0.0	0.0	0.0	0.0	0.0	0.0	0.0	0.0
962.6477824479	0.8790144716190298	0.7726664413156822	926690.7530518594	1102.712678641327	1.1014404296875	1.2131710201501846	1215975.2516363307	885.377895219501	1.4516664399602632	783894.0173433138	2.1073354529069044	898.0803110459271	824.1520746504127	0.909949	22.297232	0.1137570817862566	0.0552182449273554	-0.0717203669	0.0398265845	0.0168224694	-0.0343220734	-0.0494195171	0.0264293669	0.0142597308	-0.0570150028	0.0008604658	-0.0128075718	-0.0022664815	-0.0076946489	-0.0086886579	0.0273370689	0.0028482849	0.0143674944	-0.0091991205	0.0439445896	0.0452558177	0.1412850706	-0.0200480601	-0.0182410736	-0.0180955462	0.0128100893	0.0858768488	-0.0195842978	0.1755207417	0.1365501671	0.0801639432	-0.0024545697	-0.0096518706	-0.0163235513	0.0298637442	-0.0111855143	-0.0091802759	-0.0180805284	0.0386273559	-0.0495742699	-0.1307025466	0.0026814405	-0.0235475605	0.078506128	0.0503447028	0.1319658167	0.1019354918	-0.1393792966	-0.0785952493	0.0177919256	0.0017031049	-0.021898315	0.0043349348	-0.0141317102	0.0292961065	0.0253074924	0.004001975	0.0681077437	-0.0848415323	0.0284353876	0.0555620298	0.0098363188	-0.0239187361	0.1625148714	0.0091035495	-0.078882072	-0.028350324	-0.0849958428	0.0460651576	-0.0379962108	-0.0366065565	0.1389109909	-0.0133450004	-0.1172407796	0.0838433825	-0.0350428114	-0.0201956026	0.1039933474909844	0.0001136760141662	0.0108146163223806	1.2922236196714782e-08	0.0109845000714443	0.0403004185958905	0.0001206592418195	0.0016241237390039	-0.2236250908025852	-0.0184661729852848	0.0003409995447224	0.0500081812364644	-0.0076888650641269	-0.0006127952385176	5.911864597435117e-05	3.755180043498433e-07	0.0018998661285842	0.0001618923601694	3.609491306541516e-06	2.6209136281218737e-08	0.0008228165601648	-0.0003228486851312	1.0423127349100925e-07	6.77027091681434e-07	0.0	0.0	0.0	0.0	0.0	0.0	0.0	0.0	0.0	0.0	0.0	0.0	0.0	0.0	0.0	0.0	0.0	0.0	0.0	0.0	0.0
966.9116450020556	4.263862554155594	18.180523880730263	934918.1292405812	1102.4872207641602	-0.2254578771669457	0.0508312543766256	1215478.071948282	885.1985971709258	-0.1792980485752195	783576.556433375	0.0321477902228818	895.4007468260157	827.6074071782509	0.898294	22.011654	0.1456697339701275	0.0695374191476761	0.0258122551	0.0369483682	-0.0354730147	-0.0010347592	-0.0527183121	-0.0764605177	0.002773288	0.0329693103	-0.0126654696	-0.0097044397	0.0084495728	-0.0016724715	0.0743995344	-0.0095893664	-0.0689265225	0.0447330837	0.0416014987	-0.0091919411	-0.0320126335	-0.0476816891	0.072318409	-0.0469021485	-0.1019608149	0.0516985078	0.0172418702	0.008135885	-0.0913028489	-0.108304058	-0.0297528913	0.0120223697	0.016073873	0.0846648168	-0.0266240688	-0.0632846767	-0.0146383281	-0.0543138892	0.0132218124	0.0045460008	0.0746670254	-0.0669451865	-0.0035347756	-0.1379964113	-0.03321078	0.0870223857	-0.0621616478	0.0168428542	0.0792449689	-0.0133519962	-0.0041116621	0.0073909618	0.0211508242	-0.0117314966	-0.0140134251	-0.0423854679	0.0316946314	-0.0479650634	0.0096523146	-0.0308364439	-0.0446510899	-0.0478548346	-0.0229527432	0.1285250658	-0.0355990019	0.0460221243	0.1215522914	-0.0690836791	0.1514266202	-0.0711189134	0.0088468748	-0.0036030944	0.0209390112	-0.1186154352	0.0888661936	-0.0446835199	-0.0067565429	0.0732099556807668	-0.0307833918102176	0.0053596976107798	0.0009476172113413	-0.0011685813493045	-0.0121530814207488	1.3655823699423258e-06	0.0001476973880193	-0.2734453095722813	-0.0498202187696961	0.0024820541982603	0.0747723373270807	-0.0083312118786863	-0.0006423468145594	6.940909136756371e-05	4.126094301746085e-07	0.0020741150438043	0.0001742489152201	4.301953214935314e-06	3.0362684455381645e-08	0.000581151450555	-0.0002416651096098	5.840202520271666e-08	3.377370084821806e-07	0.0	0.0	0.0	0.0	0.0	0.0	0.0	0.0	0.0	0.0	0.0	0.0	0.0	0.0	0.0	0.0	0.0	0.0	0.0	0.0	0.0
971.9329450412104	5.021300039154767	25.213454083215662	944653.6496564804	1113.6116860760144	11.124465311854236	123.7537284746482	1240130.9873650635	886.9293596381766	1.73076246725077	786643.6889881861	2.9955387180439725	898.2402182186352	851.4496635747928	0.834477	20.447889	0.2575910359947974	0.1255923524822632	0.0887694065	-0.0412532887	-0.0482880624	-0.0544668977	-0.0340745367	-0.0692035484	-0.0453821499	0.1052894572	-0.0428173174	0.0010927318	-0.0227689659	-0.0038422784	0.0906263998	0.0275918007	-0.0456328592	0.059660537	0.0932252369	0.0298000754	-0.0169702571	-0.0990718917	-0.1187963595	-0.0109847655	-0.1677902327	0.0359060625	-0.0781913039	-0.0379282799	0.0244241734	0.0318935712	0.1130094285	-0.0162360113	0.0150139956	0.0991767736	-0.0013731913	-0.0515332876	-0.0064894297	-0.1067228071	-0.0112359277	0.1021578775	0.0660804896	0.0478418594	0.1164334028	-0.0008626102	-0.1264072389	-0.0013104851	-0.0282251908	-0.0377323195	-0.1214881373	-0.0163291322	0.0289173777	0.0828860708	0.0483340023	0.048977979	-0.0277199786	-0.0415242148	-0.0003136055	-0.0496191242	0.0860210449	0.01565617	-0.0545683531	-0.0577894236	-0.0187922299	-0.0654804367	-0.0442373597	-0.0080939298	0.1165922642	0.0072151046	0.094866364	-0.0666936987	0.0061259452	-0.10835761	-0.1108166682	-0.1199087977	0.0936454286	-0.0540487397	0.0067565429	0.0608909769958359	-0.0123189786849308	0.0037077110795074	0.0001517572358397	-0.0775820233743189	-0.0764134420250143	0.0060189703508533	0.0058390141221102	-0.3507422915736384	-0.0772969820013571	0.0059748234265181	0.1230201550983271	-0.0093644000237814	-0.0010331881450951	8.76919878053971e-05	1.0674777431650537e-06	0.0024851490065187	0.0004110339627143	6.175965584600881e-06	1.6894891850470266e-07	0.0001941408926946	-0.0003870105578604	1.4977717189541805e-07	3.7690686216256196e-08	0.0	0.0	0.0	0.0	0.0	0.0	0.0	0.0	0.0	0.0	0.0	0.0	0.0	0.0	0.0	0.0	0.0	0.0	0.0	0.0	0.0
970.932030844409	-1.0009141968013182	1.001829229358428	942709.0085196485	1110.0086760087447	-3.603010067269679	12.981681544846657	1232119.2608146863	886.280420180616	-0.6489394575605729	785492.9831955293	0.4211224195790106	897.7116915417449	862.6865253269112	0.789821	19.353653	0.0678839810433168	0.033867858232037	0.1128713229	-0.0772024112	0.021966547	-0.03604011	0.0456274853	-0.0032124058	-0.0322983326	0.094125382	-0.0620130201	0.0350966668	-0.0266720976	0.0005424229	0.0081125565	-0.0304413269	0.0333075567	-0.0583938531	0.0148991555	-0.0032146698	-0.0080793195	0.0043829867	-0.0340976956	0.1005409484	-0.0364359183	-0.0915932791	-0.1717421521	-0.0064578978	-0.0457022734	0.0186312793	0.0228890384	-0.0210334832	0.0096047792	0.0185729746	-0.0251512518	0.0423799941	0.0512453499	0.005752909	-0.0370318029	0.0366447642	-0.0332241593	0.1200597023	-0.0201548545	-0.0427675378	-0.0945647785	-0.1235506771	0.0096414072	0.0485560647	-0.1572438074	-0.0182473976	0.0446293077	0.071039613	0.0346853764	0.0378444757	-0.0460935119	-0.047616421	-0.020394084	0.0070254353	0.1129335416	0.0860817498	0.0271012842	0.027312513	-0.044440851	-0.1441813684	-0.0281407364	-0.0365377665	0.004075453	0.0895077919	0.0565824411	-0.0128666749	0.1687380551	-0.077775555	-0.0311749047	-0.1211199807	0.098167988	-0.063080731	0.0201956026	0.0630937244814902	0.0022027474856542	0.0039808180689461	4.852096485556338e-06	-0.0919561271181947	-0.0143741037438758	0.0084559293145775	0.0002066148584397	-0.3586185235682251	-0.0078762319945867	6.203503043255123e-05	0.1286072454462536	-0.0092719478158773	9.24522079041e-05	8.596901630035185e-05	8.54741074634293e-09	0.0029242288035271	0.0004390797970084	8.551114095377535e-06	1.9279106814093776e-07	-0.0001429450587769	-0.0003370859514715	1.1362693867944645e-07	2.0433289828731395e-08	0.0	0.0	0.0	0.0	0.0	0.0	0.0	0.0	0.0	0.0	0.0	0.0	0.0	0.0	0.0	0.0	0.0	0.0	0.0	0.0	0.0
969.004951772172	-1.9270790722370064	3.713633750653842	938970.5965589896	1110.1434691247862	0.1347931160414646	0.0181691841321677	1232418.522040415	887.669914436196	1.3894942555799616	787957.8769951635	1.930694286289712	899.4670681185124	852.3577303991049	0.8415129999999998	20.620296	0.1036119423475293	0.0559481319612799	0.0595404303	-0.0506874331	0.0067664382	-0.0859983717	-0.0775982265	0.0238726409	-0.0391928494	0.0339485304	-0.0449881546	0.0232370649	-0.0578337226	-0.0069732412	0.0035736458	0.026974581	0.0765926739	0.0810265975	-0.0074030147	0.0589075007	0.0636991698	0.2214631616	-0.0448225075	0.0125518986	-0.0853374425	-0.0229737598	-0.0763995972	-0.0051715366	-0.0932141601	-0.0397202234	-0.0659750252	-0.0545383439	-0.016563604	0.0120149025	0.0534114225	0.0563693484	-0.0973855249	-0.0498118692	0.0628708726	-0.1038915791	-0.2107973005	0.0954993488	-0.0010290941	-0.0176195132	-0.0494736067	-0.0137113011	-0.070323561	0.0451697209	-0.0196290429	-0.0057541528	0.0425111048	0.0627892875	0.0357333489	0.0619090076	-0.0324653307	-0.0180943798	-0.0065245668	0.0562781481	0.0839987442	0.1464577527	0.0793868212	-0.0459571292	-0.0431057836	0.0571506277	-0.024068456	-0.0178189643	-0.1172132058	-0.0006245387	0.0018256141	-0.0407212983	-0.0288548912	-0.0307104368	-0.0444441843	-0.1222481541	0.1024214758	-0.0717238087	0.033413395	0.0483352819657341	-0.0147584425157561	0.002336299482707	0.0002178116254908	-0.049837039190848	0.0421190879273467	0.0024837304753101	0.0017740175678315	-0.3601667399594817	-0.0015482163912565	2.3969739941555284e-06	0.1297200805730408	-0.0099513820672036	-0.0006794342513262	9.90300050474614e-05	4.616309018753293e-07	0.0027781773327548	-0.0001460514707722	7.718269292232574e-06	2.1331032114751988e-08	-0.0002211832469417	-7.823818816480002e-05	6.1212140873106535e-09	4.8922028727673057e-08	0.0	0.0	0.0	0.0	0.0	0.0	0.0	0.0	0.0	0.0	0.0	0.0	0.0	0.0	0.0	0.0	0.0	0.0	0.0	0.0	0.0
967.6948453931052	-1.3101063790668377	1.7163787244716209	936433.3138003858	1105.9077811122925	-4.235688012493711	17.94105293918292	1223032.0203247142	885.6547286490614	-2.0151857871345555	784384.2983784426	4.060973756669118	897.878487960152	848.3968500149288	0.879671	21.5553	0.0499865723776233	0.0288012615587615	0.058025171	-0.0227852936	-0.0279355768	-0.0296120379	0.0271786358	-0.093056937	-0.0092586434	0.0532562059	-0.0274558791	0.0088511659	-0.0106687143	-0.0105952108	0.0522460472	-0.0076969112	0.0413463044	0.007694027	0.0409684533	0.0649726744	0.0115510604	-0.0323742697	0.0011208702	0.0333383842	-0.0917489591	-0.1053214427	-0.0034870686	-0.0248725608	0.032295558	-0.0554572209	0.0135744023	-0.0088699646	-0.0032257771	0.0474764982	0.0143772698	0.0392536146	-0.0129923916	-0.034073821	0.0283891224	0.0456027158	-0.0166046982	0.0035428859	0.1058072191	-0.0655658417	0.062634874	-0.0472963215	0.1246893714	-0.0274163539	-0.040262611	-0.0271937672	0.0339077314	0.0596106999	0.0558004039	0.0150906689	-0.018614018	-0.0336611487	0.0135551097	-0.0272697327	0.0129158376	0.1109747481	-0.0431669991	-0.0722031105	-0.0872646889	-0.0516175803	-0.0902798561	-0.0936335023	0.0739309308	0.0203036426	0.2080359872	0.0180322278	-0.0049969209	-0.014118257	-0.0869281588	-0.1232925447	0.1063942335	-0.0799246852	0.0462651033	0.0483636001196003	2.83181538662039e-05	0.0023390378165286	8.019178383899989e-10	-0.0716157024925223	-0.0217786633016743	0.0051288088434974	0.0004743101752076	-0.3466945789510589	0.0134721610084228	0.0001814991222368	0.120197131074052	-0.0101773554863677	-0.0002259734191641	0.0001035785646958	5.106398616871408e-08	0.0028451994507703	6.702211801550007e-05	8.095159914663617e-06	4.491964303283618e-09	-0.0002200301858481	1.153061093600008e-06	1.3295498855740461e-12	4.841328268434943e-08	0.0	0.0	0.0	0.0	0.0	0.0	0.0	0.0	0.0	0.0	0.0	0.0	0.0	0.0	0.0	0.0	0.0	0.0	0.0	0.0	0.0
967.1410271923164	-0.5538182007887826	0.3067145995249243	935361.766478609	1106.2955540428477	0.3877729305552293	0.1503678456713907	1223889.8528949714	884.989998412439	-0.6647302366224039	783207.2972900488	0.4418662874800771	897.0913707216073	842.4865726243739	0.8378459999999999	20.530436	0.1418855399645078	0.0770442377740185	0.0357462342	-0.0305565605	-0.026849481	-0.0536604308	-0.0192110373	0.0214740077	-0.0205223745	0.0153848915	-0.0297368891	0.010381506	0.0058644256	0.0514611054	0.0335471731	0.0562488225	-0.0420641874	0.0020648601	0.1268834464	0.0433774422	-0.0928959922	0.0107662278	-0.0814867834	-0.006975511	-0.012092229	0.0696581293	-0.0316787171	0.1113364911	-0.018368759	-0.0662299913	-0.1566554944	0.0032777738	0.0499025384	0.0197138893	0.0429805264	-0.0433119801	0.0418998863	-0.1079364702	0.0131069722	0.1055921782	-0.047202028	-0.01776153	-0.0215982985	0.0624583734	-0.0145033853	-0.0194691813	-0.1495694085	0.0533197788	0.025971052	-0.0106413147	0.0237691465	0.0424941665	0.0102633285	0.0263463183	-0.0118613534	0.0001821181	-0.0122008177	-0.0274799505	0.0578426722	0.0218745825	0.0004253884	-0.0796234148	-0.0710124835	-0.0386922624	0.0834320444	0.000198048	-0.0467733191	-0.0671076216	0.0251397292	-0.0278681461	0.0366203024	-0.071633322	-0.0423337007	-0.1242524367	0.1100753719	-0.0876327994	0.0586099215	0.0528316211840973	0.004468021064497	0.0027911801969399	1.996321223278891e-05	-0.0255393828951042	0.0460763195974181	0.0006522600786627	0.0021230272276434	-0.3176778339724961	0.0290167449785627	0.0008419714891509	0.1009192061974568	-0.0091099160092231	0.0010674394771445	8.299056969509934e-05	1.1394270373667364e-06	0.002956254699366	0.0001110552485957	8.73944184752356e-06	1.233326824065275e-08	-0.0001520358251078	6.79943607403e-05	4.623233092482051e-09	2.3114892116209553e-08	0.0	0.0	0.0	0.0	0.0	0.0	0.0	0.0	0.0	0.0	0.0	0.0	0.0	0.0	0.0	0.0	0.0	0.0	0.0	0.0	0.0
967.0008203162412	-0.1402068760752399	0.0196579680987776	935090.5864922834	1103.66158300983	-2.633971033017588	6.937803402775738	1218068.889811764	884.6317541106554	-0.3582443017836567	782573.3403808951	0.1283389797604597	896.3514012095263	837.4046918153919	0.818355	20.052834	0.1774958284216906	0.0871022661919599	0.0233661399	-0.0175940815	0.0383922995	0.0041033009	-0.0394476673	-0.0203015524	-0.0058196047	0.0245696274	-0.0336867506	0.0286034231	0.0068724092	0.0487677453	0.035952193	-0.0408085816	-0.0499387252	-0.0006052766	-0.0065696069	-0.0105914756	0.0125120087	-0.0342730395	0.0651658577	0.0769341843	-0.0069600669	-0.0072069963	0.0538107749	0.0014451651	-0.0038855112	0.0247123096	-0.061631352	0.006980448	0.0562350041	0.0357277367	-0.0441839944	-0.036889936	0.0008176588	0.0070554173	0.0009397217	-0.0466941424	0.0293015741	0.0175668895	0.0086122043	-0.1006416106	0.041710182	0.0052555899	0.0217836861	-0.0698858902	0.0786552621	0.0087303489	0.0098874414	-0.0096673182	0.0020340149	-0.000683037	-0.041087442	0.0072891896	-0.0102505359	0.0405870278	0.0451879824	0.0289762909	-0.019734081	0.0605584857	0.0212748181	-0.0022868994	-0.0300486331	0.0137328687	0.0230276069	0.0130556487	-0.0750219942	0.0100467734	0.0097238091	-0.0762285139	0.0119585513	-0.1251271724	0.1134548014	-0.0948006283	0.0703125971	0.0489365734076159	-0.0038950477764813	0.0023947882168789	1.5171397181072688e-05	-0.0516912115034244	-0.0261518286083202	0.0026719813466917	0.0006839181395589	-0.2435526347684771	0.074125199204019	0.0054945451570354	0.0593178859026672	-0.008537207260302	0.0005727087489211	7.288390780535319e-05	3.27995311090772e-07	0.003468850524273	0.0005125958249069	1.2032923959749066e-05	2.627544797120875e-07	-0.0005332063079371	-0.0003811704828293	1.452909369803217e-07	2.843089668239136e-07	0.0	0.0	0.0	0.0	0.0	0.0	0.0	0.0	0.0	0.0	0.0	0.0	0.0	0.0	0.0	0.0	0.0	0.0	0.0	0.0	0.0
966.4522051330384	-0.5486151832027417	0.3009786192405778	934029.8648065126	1106.1558648732082	2.494281863378092	6.221442013976885	1223580.797393395	884.8456792376603	0.2139251270049271	782951.8760655564	0.0457639599640742	896.7049876064291	836.6734740955827	0.789038	19.334452	0.0524780592305181	0.0236081415122346	0.0284885742	-0.0357434501	0.0264819377	0.0317054602	0.0121422968	-0.0080558932	-0.0196360301	0.0313635015	-0.0209561783	0.0079416768	-0.0005661278	0.0273496449	0.0141773356	-0.0160133344	-0.0265251809	-0.0236503555	0.0538251498	-0.0135721472	-0.0238073913	0.0496141995	0.0728485361	-0.0140141676	0.0134824231	-0.003520485	0.0918872373	0.0247995771	-0.0656030253	-0.0509529737	-0.0608189641	-0.0028152165	0.0330648389	0.0122562014	-0.0204475959	-0.0092019802	0.0406236146	-0.0382184583	-0.0294436149	-0.0078879024	-0.0342707878	-0.0126548997	-0.0549569255	-0.0528699293	0.0535365215	0.0426862573	0.061771296	0.1080729424	0.0065904319	0.0095714746	0.0122478803	-0.0154868575	-0.0124614191	-0.0242128547	-0.0476035487	-0.0119536225	-0.0012492673	0.0178582137	0.0464110556	0.0279567122	-0.0378641458	0.0091319894	0.0627090201	-0.052224315	-0.0029711179	0.0356643535	-0.0244816901	-0.021597947	0.0335740129	0.0414698546	-0.0211358948	0.0740673343	0.045676477	-0.1259161521	0.1165232592	-0.1013839798	0.0812449131	0.0576569245324236	0.0087203511248076	0.0033243209465375	7.60445237399348e-05	-0.0380216534623798	0.0136695580410446	0.0014456461320132	0.0001868568170374	-0.2387189019501363	0.0048337328183408	2.336497295910508e-05	0.0569867141482787	-0.0083275045471576	0.0002097027131444	6.93473319829305e-05	4.3975227900122634e-08	0.0033420789050078	-0.0001267716192651	1.1169491407298136e-05	1.6071043451120777e-08	-0.0003645922954202	0.0001686140125169	2.8430685217049325e-08	1.3292754187977036e-07	0.0	0.0	0.0	0.0	0.0	0.0	0.0	0.0	0.0	0.0	0.0	0.0	0.0	0.0	0.0	0.0	0.0	0.0	0.0	0.0	0.0
965.7158472663732	-0.7363578666652302	0.5422229077997689	932607.0976614092	1103.236075787505	-2.9197890857033144	8.525168304992198	1217129.8389190133	885.728441883812	0.8827626461517184	784514.8727619253	0.779269889440784	897.443385892512	835.5105919354637	0.755977	18.524326	0.0592700158430821	0.0293768808225423	0.0191535658	-0.0136640048	-0.0145190213	0.0212256543	-0.0081773377	0.0062659286	-0.0220316157	0.0348521751	0.0042097945	-0.0030334659	-0.0208223468	-0.065485754	-0.0037199943	-0.015015331	0.0523669472	0.0052516001	-0.0898786135	0.0417059144	-0.0468749363	0.0150809555	0.0256997304	-0.0312936912	-0.0425811553	0.0526965075	-0.0516863107	-0.0005972539	-0.0342880059	-0.0169563482	0.0334496965	-0.0198636507	-0.0655389209	0.0118508158	0.0062789018	0.0355013863	-0.0480295587	0.0683400797	0.0646828356	0.0471413374	-0.040537569	-0.0370069142	0.0166383767	-0.0508837909	-0.1110331512	0.0029581622	-0.0397671367	-0.0276256775	0.0801259988	0.0022150375	-0.0040708576	-0.009591428	-0.0083244912	-0.016175391	-0.0317040836	-0.0006687494	0.0085993797	-0.0192864665	0.0428262472	-0.000578047	-0.067999965	-0.0178366949	0.0178725205	-0.0298117526	-0.0047047463	0.0020480664	0.0106856699	-0.0552374074	-0.0265458251	0.0181664315	-0.0031676115	-0.0519598077	0.0183463171	-0.1266188352	0.1192723348	-0.1073422654	0.0912870929	0.0689185865220736	0.01126166198965	0.0047497715682005	0.0001268250307691	-0.0423162818195379	-0.0042946283571581	0.0017906677070305	1.844383272610651e-05	-0.2334527868446372	0.005266115105499	2.773196830436577e-05	0.0545002036855276	-0.0087788568524124	-0.0004513523052547	7.706832763514814e-05	2.0371890345882146e-07	0.0035860019968676	0.0002439230918597	1.2859410321538416e-05	5.949847474244432e-08	-0.0004382691061211	-7.367681070090002e-05	5.4282724350562575e-09	1.9207980938018802e-07	0.0	0.0	0.0	0.0	0.0	0.0	0.0	0.0	0.0	0.0	0.0	0.0	0.0	0.0	0.0	0.0	0.0	0.0	0.0	0.0	0.0
965.5595837545792	-0.156263511794009	0.0244182851181963	932305.3097803162	1099.8881561027083	-3.3479196847965795	11.208566215848428	1209753.9559350156	884.6382094216473	-1.0902324621647494	782584.7615687383	1.1886068215578118	896.6084368771604	831.3912180399321	0.7801639999999999	19.117014	0.0263408365657022	0.0146751348666432	0.0011493055	-0.0318787034	0.0282827676	0.0220268044	-0.0442867774	0.0214190316	0.0003732878	0.00998741	-0.0004921739	-0.0173553222	0.0015146063	-0.0050384838	-0.0342578292	0.0071409008	-0.0340723504	-0.0077784977	0.0223294217	-0.0114609124	-0.0161761605	0.0900424629	-0.0725937173	-0.0366071349	0.0683802742	0.0899446903	0.0909368377	0.0031502173	-0.0126503133	0.1249517168	0.1277710894	-0.0006441961	-0.0035616829	-0.0317481087	-0.0094975527	-0.0346349691	0.0222249577	-0.0184229998	-0.0360011258	0.0194031424	-0.0779360254	0.0089819986	-0.0059175471	0.1065440573	-0.0218399704	0.0985965093	0.1018867406	-0.0148148706	-0.0472823	0.0152514325	0.0092968475	-0.0207452978	-0.025274185	0.0092425619	-0.0225256706	0.0177097042	0.0001685083	0.0310672972	0.0270531219	0.000629248	-0.0084893306	0.025846657	0.0383643817	-0.0244914484	0.0238952752	-0.0473230103	-0.0158545314	-0.0128971347	-0.1139634066	0.0123430687	-0.0067891023	0.0459774362	0.008188767	-0.1272347401	0.1216944932	-0.1126387502	0.1003291122	0.069061996655364	0.0001434101332904	0.0047695593820255	2.0566466330371182e-08	-0.0335551357975845	0.0087611460219534	0.0011259471383943	7.675767961798992e-05	-0.2259267129311837	0.0075260739134535	5.66417885507653e-05	0.0510428796158894	-0.0085998635621828	0.0001789932902295	7.395765328815943e-05	3.2038597947217675e-08	0.0035749229800523	-1.1079016815299795e-05	1.2780074313306015e-05	1.2274461359369563e-10	-0.0004301372832259	8.131822895199987e-06	6.612654359889869e-11	1.850180824209581e-07	0.0	0.0	0.0	0.0	0.0	0.0	0.0	0.0	0.0	0.0	0.0	0.0	0.0	0.0	0.0	0.0	0.0	0.0	0.0	0.0	0.0
966.991722458536	1.4321387039567526	2.051021267370927	935072.9913033262	1104.3353032514085	4.447147148700196	19.777117762192287	1219556.4620073803	885.2906255729265	0.6524161512792261	783739.4917273036	0.425646834449998	896.3850859034702	828.0658061506855	0.757862	18.570534	0.123183982802423	0.0717970631559157	0.0234665519	-0.0024575984	0.042102825	0.0577868378	-0.0477194645	-0.0408045469	-0.0216057158	0.0217155296	0.0016010427	0.020965252	-0.0070384034	0.0028770199	0.0374794389	-0.0094790377	-0.0445728186	-0.0453830565	0.0621764235	-0.0479008783	0.0899256527	-0.039652699	0.0173555742	0.0238600725	-0.1020213156	-0.056291297	0.0289728715	-0.0549068318	0.0332806172	0.0238650819	-0.025263096	-0.0059237193	0.0083053161	0.04055526	-0.0253459042	-0.0321342	0.0547617338	-0.0466021772	-0.055163228	-0.1058360756	0.029468595	0.0231422366	0.0794633088	-0.0731187874	0.0637933243	0.0198940111	0.033891093	-0.0253429464	-0.0183554708	0.0156539055	-0.0120168287	-0.0321429098	-0.0219366401	0.0244578375	-0.0395215494	-0.0053062815	0.0385642145	0.021088296	0.0393681154	0.0141077225	-0.0029539464	0.0993336544	0.0470369569	0.1052818054	-0.1373277945	0.0124873067	0.0259750387	0.0068929391	-0.0724501014	0.054213332	0.015316932	0.0385563748	0.0054749709	-0.1277634447	0.1237830955	-0.1172407796	0.1082719048	0.0689488799676496	-0.0001131166877143	0.0047539480487933	1.2795385039476133e-08	0.0213617168849822	0.0549168526825667	0.0004563229482741	0.0030158607085587	-0.1928672793992518	0.0330594335319318	0.0010929261454522	0.037197787462869	-0.0092224433344943	-0.0006225797723115	8.505346105795836e-05	3.876055728914405e-07	0.003517960211526	-5.6962768526300136e-05	1.2376044049880058e-05	3.2447569981808484e-09	-0.0004077882260595	2.234905716639999e-05	4.994803562270146e-10	1.662912373127539e-07	0.0	0.0	0.0	0.0	0.0	0.0	0.0	0.0	0.0	0.0	0.0	0.0	0.0	0.0	0.0	0.0	0.0	0.0	0.0	0.0	0.0
968.6698593537716	1.6781368952356388	2.816143439151109	938321.2964204556	1106.5686463285083	2.2333430770997893	4.987821300029555	1224494.1690373074	885.6892199346642	0.3985943617376506	784445.3943084739	0.158877465209045	897.7780478006739	842.6203869457903	0.891698	21.850008	0.0756597940144623	0.0406184880651073	0.0447601229	-0.0527858434	0.0088119186	0.0647486033	0.0248127956	0.0345700117	-0.0260274381	0.0468515079	0.0058545446	0.0197528098	-0.0122958208	-0.0025201278	0.0581368744	0.0048343256	-0.0799491023	0.0412590204	-0.0058821151	0.014344303	-0.1131818507	0.0277226795	0.0487321296	-0.0643887083	0.0233209132	0.0988507197	0.0075700301	-0.1236361699	0.0120150812	0.0061602488	0.0798305875	-0.0132040778	0.015303484	0.0640877668	-0.0295982459	-0.0815731507	-0.0098953246	-0.0039946067	-0.0088809333	0.111155951	0.0202246336	-0.0637365782	-0.0991346987	0.0527767712	-0.0881578495	0.074579767	0.090055433	0.0604355599	-0.0161899179	0.0026063071	-0.0194004022	-0.0273919146	-0.0232518768	0.0008618119	-0.0482507325	-0.0193029255	0.0295680486	-0.0367400842	0.0618103214	-0.0715855809	-0.1126845077	-0.0541958311	0.0795368156	-0.0651795624	0.0900542589	-0.0026550236	-0.026303748	-0.1238733963	0.0456795458	0.0556075459	0.0195026537	0.0321387236	0.0389398215	-0.1282045865	0.1255324169	-0.1211199807	0.1150284477	0.0689531759463761	4.295978726490124e-06	0.0047545404730918	1.8455433218455705e-11	-0.001568602633938	-0.0229303195189202	2.460514223197232e-06	0.0005257995532397	-0.2028278103926624	-0.0099605309934105	9.921217767069314e-05	0.0411391206686818	-0.0086261425017461	0.0005963008327482	7.441033446043045e-05	3.555746831361983e-07	0.0036399268479916	0.0001219666364656	1.3249067458730064e-05	1.4875860410731852e-08	-0.0005448137073138	-0.0001370254812542	1.8775982512972513e-08	2.968219756770069e-07	0.0	0.0	0.0	0.0	0.0	0.0	0.0	0.0	0.0	0.0	0.0	0.0	0.0	0.0	0.0	0.0	0.0	0.0	0.0	0.0	0.0
968.0321337393888	-0.6377256143828163	0.4066939592399405	937086.211952034	1102.118335503192	-4.450310825316365	19.805266441928023	1214664.8254523263	885.9837695922389	0.2945496575747484	784967.2399808734	0.0867595007774015	897.6171258014182	840.1343578968426	0.878162	21.518326	0.1449321806060955	0.0897096318547424	0.0411032512	-0.0403079986	0.022014042	0.0102353343	-0.06626447	0.0221216915	-0.022422044	0.0252455946	-0.0075861589	0.0291323545	-0.0309395408	-0.0106777746	0.0072860179	-0.0319778838	0.0102299438	0.015118918	-0.0274303878	-0.0289324359	0.0463602287	0.0401027442	0.0478089694	0.0069743218	-0.0558143244	-0.028117945	-0.015255869	0.1203509615	0.0546822192	-0.0711515718	0.0714427402	-0.029023801	-0.0088811105	0.0199442683	-0.0208802803	0.0062120289	-0.0423519301	0.0104649064	0.0117266725	-0.0484834264	-0.0644307051	-0.0238970346	0.0654985902	-0.1256575949	-0.0237171346	-0.0546502432	-0.0366043101	-0.045061126	0.1027878254	0.0095628055	0.0104993738	-0.0277426321	-0.0301587766	0.0104389326	-0.037877954	-0.0098944808	0.0016893844	0.0264005666	0.0300558691	0.0880689246	-0.0285927814	0.0522850325	0.0683190887	0.0053808107	-0.0637121229	0.0181499749	-0.0178334909	-0.0179535711	-0.1060050626	0.0097235177	-0.0666613939	-0.0443851543	-0.0539730147	-0.1285578634	0.1269376627	-0.1242524367	0.1205247148	0.0530608020745262	-0.0158923738718498	0.002815448716792	0.0002525675472826	-0.0849831461174233	-0.0834145434834853	0.0072221351240153	0.0069579860645582	-0.2300225564041227	-0.0271947460114602	0.0007395542106278	0.0529103764546878	-0.008834410768514	-0.0002082682667679	7.804681362683612e-05	4.3375670942505364e-08	0.0036183734663575	-2.1553381634099863e-05	1.3092626542039992e-05	4.645482598651535e-10	-0.0004060250109298	0.0001387886963839	1.9262302243970133e-08	1.648563095005442e-07	0.0	0.0	0.0	0.0	0.0	0.0	0.0	0.0	0.0	0.0	0.0	0.0	0.0	0.0	0.0	0.0	0.0	0.0	0.0	0.0	0.0
963.6188120915951	-4.413321647793623	19.47740796688382	928561.215016817	1095.2631829632214	-6.855152539970504	46.99311634626405	1199601.439954727	884.974744197548	-1.009025394690866	783180.2978675156	1.018132247131058	896.9290812460663	829.3422244320095	0.946858	23.201656	0.1286678963760854	0.0810079573395167	0.0041845924	-0.017877035	0.0236807075	0.0321137743	0.0566594756	0.0142867686	0.0014604394	-0.0218248615	-0.0147702535	0.0219534373	-0.0092660992	-0.0129632317	-0.027953278	0.0110530232	0.0083016189	-0.029542173	0.0303603219	-0.0197862805	0.0466786543	0.0323471426	-0.031720808	-0.0151315641	-0.0165880044	-0.0930556761	0.0299145788	-0.0029994781	0.0583939245	0.0066235006	0.0196401184	-0.0113498655	-0.015826882	-0.0236877778	0.003103352	0.0212711391	0.0270408863	-0.0184614125	-0.022428874	0.0023120415	-0.0336223325	0.01896559	0.0828721589	-0.0094844273	0.0381617299	-0.0043819589	0.0614058886	0.0697467489	-0.115253384	0.0174106755	0.0029047586	-0.0338764886	-0.0185902464	-0.0284368747	-0.0120472291	0.031975142	0.0065962737	0.0072229213	0.005953276	0.0180180084	-0.0294812456	-0.0210222729	0.0016342398	-0.080762434	-0.0602945647	-0.0224287251	-0.0716734064	0.0472992102	0.0133274141	0.1229296575	-0.0103353693	0.1038663147	0.035377044	-0.1288230331	0.1279949812	-0.1266188352	0.124700488	0.050838322651316	-0.0022224794232102	0.0025845350499993	4.939414786592754e-06	-0.00645373185354	0.0785294142638833	4.165065483739684e-05	0.0061668689046285	-0.2218385717392408	0.0081839846648819	6.697760499502218e-05	0.0492123519113062	-0.0091713084399374	-0.0003368976714234	8.411289850046699e-05	1.1350004101050949e-07	0.003763882385696	0.0001455089193384	1.4166810613352612e-05	2.1172845607058035e-08	-0.0007182587806501	-0.0003122337697202	9.74899269537493e-08	5.158956759809684e-07	0.0	0.0	0.0	0.0	0.0	0.0	0.0	0.0	0.0	0.0	0.0	0.0	0.0	0.0	0.0	0.0	0.0	0.0	0.0	0.0	0.0
959.1785184396095	-4.4402936519855984	19.716207715863604	920023.4302360044	1096.339372871336	1.0761899081146566	1.158184718327833	1201960.0205079145	883.6197132280972	-1.3550309694508087	780783.7976053047	1.8361089281707983	895.8287181805467	813.8626603537094	0.935205	22.916107	0.1047997483932416	0.0484122859423646	-0.0713666461	0.0353132027	-0.015855914	0.0001240593	0.0068936596	0.0369306056	0.0287757019	-0.0727655306	0.0416922118	-0.0386237976	0.0226127073	-0.0004100746	-0.0440988856	0.0954407312	0.0178061338	-0.0234220627	0.0012534501	0.0290956991	0.049310048	0.0419333216	0.0230474142	-0.0034190161	0.0207089697	0.0848440764	0.0551015382	0.0333028002	0.031778013	-0.0055253762	-0.0570376609	0.019279771	-0.0195729815	-0.0636376237	0.0923397703	-0.0114242422	0.018057632	-0.0065889073	0.0309181502	-0.037313144	-0.0298012111	-0.0275473804	-0.0519971692	0.0453354227	0.0185109183	0.0494698415	-0.0777216903	0.041520165	0.0425322082	0.0084113565	-0.0157723549	-0.0434774176	-0.0181804728	-0.0392817059	0.0050919792	0.0696972593	0.0020523989	0.0128826386	-0.0274933279	0.0013739314	-0.0592405339	-0.0287357189	0.0378953733	0.038289619	0.0991228318	0.0049195446	-0.0222155236	-0.0769055727	-0.0585257162	-0.0530694072	-0.0627123857	0.0554367119	0.0089384879	-0.1289999139	0.1287014744	-0.1282045865	0.1275100165	0.0515771114959875	0.0007387888446715	0.0026601984302695	5.45808957011055e-07	-0.0254414234526336	-0.0189876915990936	0.0006472660272962	0.0003605324322622	-0.1855587287422793	0.0362798429969614	0.0013162270078841	0.0344320418124507	-0.0088455127695514	0.000325795670386	7.824309615629688e-05	1.0614281884226345e-07	0.0042344815488484	0.0004705991631523	1.7930833987537544e-05	2.2146357235973917e-07	-0.0005387851151382	0.0001794736655118	3.2210796612277333e-08	2.902894002944835e-07	0.0	0.0	0.0	0.0	0.0	0.0	0.0	0.0	0.0	0.0	0.0	0.0	0.0	0.0	0.0	0.0	0.0	0.0	0.0	0.0	0.0
961.085908089918	1.90738965030846	3.638135278103829	923686.1227290224	1096.325034969109	-0.0143379022269982	0.0002055754402709	1201928.5823000183	883.864081083149	0.2443678550517916	781215.7138289594	0.0597156485826134	894.9817357758427	803.7333137807178	0.7948509999999999	19.476906	0.0658025580039955	0.0279057016105888	-0.0724275508	0.0524876342	0.0087598367	0.004767291	0.0166916279	-0.0082489514	0.0080788931	-0.0245669748	0.0384332802	-0.0214382183	0.0104555876	0.0292874376	0.0222574729	-0.0109547883	-0.0334406575	0.0346191084	-0.0261257686	-0.0182637347	0.026742646	-0.0734223118	0.1305721524	0.0490799406	-0.0176635109	-0.05665139	-0.0146654118	7.27267e-05	0.0163381053	0.0047770622	0.0252204932	0.009983689	0.0237870746	0.0105462289	-0.01471275	-0.0330203755	-0.0223053172	0.0380633512	0.0168678311	-0.0311246237	0.1073736984	-0.0247186731	-0.0453936653	-0.1189801382	0.0222879771	-0.0617080786	-0.0254025336	-0.0509930021	0.0458698622	0.0140395556	-0.0071324957	-0.0329415251	-0.0183528244	-0.0222153021	-0.000229814	0.0538202475	0.0090016262	0.0148939192	-0.0155397169	-0.0281862938	-0.0511298952	0.0330415044	-0.0028423527	0.0544123477	-0.0295278925	-0.0390425415	0.1063648432	-0.022167699	-0.0768091552	-0.0050629819	-0.0002525375	-0.0171524577	0.0278239957	-0.1290883846	0.1290552057	-0.1289999139	0.1289225186	0.0599172104713261	0.0083400989753385	0.0035900721106651	6.955725091844394e-05	-0.0054588296584512	0.0199825937941824	2.9798821239986444e-05	0.0003993040547432	-0.1982198915427488	-0.0126611628004695	0.0001603050434599	0.0392911254032191	-0.0090663026367211	-0.0002207898671696	8.219784350061597e-05	4.874816544481361e-08	0.0040851103703769	-0.0001493711784715	1.668812673816089e-05	2.23117489579648e-08	-0.0006649981181771	-0.0001262130030389	1.5929722136097378e-08	4.422224971790843e-07	0.0	0.0	0.0	0.0	0.0	0.0	0.0	0.0	0.0	0.0	0.0	0.0	0.0	0.0	0.0	0.0	0.0	0.0	0.0	0.0	0.0
