#!ascii label  , from subject sub-v2s16x51236_ses-1 vox2ras=TkReg
3176
121604  0.119  -10.900  93.160 0.6250000000
40454  0.395  -10.191  93.271 0.6250000000
40455  -0.197  -10.551  93.347 0.6250000000
41496  0.311  -9.602  93.494 0.5000000000
41503  -0.249  -9.644  93.513 0.5000000000
110337  -0.213  -11.367  93.206 0.6250000000
40462  -0.649  -11.169  93.375 0.5000000000
117249  -0.717  -10.342  93.444 0.5000000000
38574  0.068  -12.322  92.671 0.6250000000
39495  -0.113  -11.858  92.995 0.6250000000
39496  -0.588  -11.800  93.242 0.5000000000
40463  -1.128  -10.839  93.359 0.2500000000
38561  -0.482  -12.209  93.022 0.5000000000
121395  -1.130  -11.852  93.228 0.3750000000
39512  -1.406  -11.381  92.952 0.2500000000
40474  -1.438  -10.656  92.905 0.2500000000
39511  -0.906  -12.196  93.181 0.5000000000
102858  -1.203  -12.125  92.943 0.3750000000
113618  -1.021  -12.748  92.879 0.5000000000
39528  -1.542  -11.629  91.979 0.2500000000
117141  -1.670  -12.304  91.551 0.2500000000
42605  3.560  -8.333  93.671 0.6250000000
41502  2.107  -9.305  93.303 0.6250000000
41501  2.805  -8.944  93.183 0.6250000000
41514  2.096  -9.640  92.599 0.6250000000
40461  1.359  -9.761  93.172 0.6250000000
41495  0.940  -9.370  93.553 0.6250000000
40472  1.367  -10.154  92.762 0.6250000000
104352  0.841  -10.636  92.830 0.6250000000
39494  0.311  -11.275  92.914 0.6250000000
108718  1.590  -10.481  92.111 0.6250000000
40486  1.327  -11.346  91.833 0.6250000000
40473  0.890  -11.146  92.517 0.6250000000
40487  0.741  -11.880  92.288 0.6250000000
39510  0.340  -11.753  92.685 0.6250000000
41542  -1.785  -9.878  91.259 0.2500000000
41528  -1.583  -9.837  92.203 0.2500000000
41515  -1.209  -9.877  93.040 0.2500000000
41504  -0.736  -9.522  93.413 0.3750000000
39527  1.149  -11.972  91.670 0.6250000000
38582  0.691  -12.513  92.020 0.7500000000
40516  -1.707  -10.764  89.973 0.2500000000
38575  -0.643  -12.662  92.838 0.5000000000
39544  -1.767  -11.563  90.783 0.2500000000
38583  -1.371  -12.625  92.437 0.5000000000
37602  -1.985  -13.606  91.046 0.2500000000
36594  -0.299  -15.095  91.514 0.2500000000
35677  -1.323  -15.296  91.598 0.3750000000
36593  0.409  -14.755  91.126 0.2500000000
35683  -0.986  -15.677  91.437 0.3750000000
107418  -2.471  -15.503  90.470 0.3750000000
107428  -2.573  -16.238  89.948 0.3750000000
108650  5.399  -7.590  93.262 0.6250000000
43677  4.869  -7.794  93.811 0.6250000000
42613  4.147  -8.076  93.309 0.6250000000
42614  3.426  -8.530  92.781 0.6250000000
42627  3.299  -8.522  91.739 0.7500000000
41513  2.726  -9.111  92.257 0.7500000000
41527  2.211  -9.837  91.668 0.7500000000
40502  1.898  -10.737  91.086 0.7500000000
113057  -1.663  -9.002  91.524 0.2500000000
113457  -1.472  -9.286  89.676 0.2500000000
41556  -1.720  -9.961  90.275 0.2500000000
39542  1.568  -11.620  90.959 0.8750000000
37584  0.654  -13.219  91.678 0.7500000000
37568  -0.050  -13.033  92.392 0.5000000000
103230  -1.620  -10.035  89.274 0.2500000000
39558  -1.721  -11.581  89.668 0.2500000000
38590  1.317  -12.499  91.046 0.7500000000
37587  -1.294  -13.816  92.265 0.6250000000
110526  -1.627  -13.216  91.863 0.3750000000
37600  1.252  -13.368  90.784 0.5000000000
37585  -0.113  -13.770  92.123 0.6250000000
37586  -0.794  -14.194  92.175 0.5000000000
37601  0.599  -14.001  91.419 0.3750000000
36592  1.160  -14.185  90.408 0.3750000000
36583  -0.836  -14.904  91.831 0.5000000000
43676  6.125  -7.429  93.190 0.6250000000
42626  3.938  -7.992  92.247 0.6250000000
105747  -1.263  -9.393  88.812 0.2500000000
41526  2.782  -9.189  91.199 1.0000000000
103717  2.039  -11.209  90.194 1.0000000000
119363  -1.293  -10.722  87.334 0.2500000000
40545  -1.518  -10.927  88.090 0.2500000000
40530  -1.630  -10.809  88.943 0.2500000000
39574  2.373  -11.488  88.681 0.8750000000
38608  2.050  -12.166  89.345 0.5000000000
38599  1.715  -12.766  90.079 0.6250000000
105163  -1.536  -11.539  87.497 0.2500000000
39575  -1.660  -11.563  88.576 0.2500000000
102925  2.174  -12.265  88.581 0.3750000000
39629  2.739  -12.095  85.647 0.3750000000
38629  2.482  -12.790  86.145 0.1250000000
101846  2.399  -12.337  87.083 0.3750000000
38619  2.143  -12.818  87.925 0.3750000000
37615  1.592  -13.895  89.350 0.2500000000
39611  2.870  -11.271  86.189 0.5000000000
113273  2.636  -11.571  87.077 0.3750000000
40572  3.261  -10.647  85.571 0.5000000000
39628  3.036  -11.485  85.146 0.2500000000
44718  7.303  -6.325  91.954 0.5000000000
44730  6.433  -6.373  91.431 0.5000000000
123157  6.018  -6.739  91.878 0.5000000000
43680  5.617  -7.156  92.349 0.6250000000
109382  5.039  -7.189  91.774 0.7500000000
42640  3.779  -7.920  91.179 0.7500000000
44731  5.566  -6.712  91.379 0.7500000000
43690  4.851  -7.009  90.976 0.7500000000
107982  2.326  -10.568  90.209 1.0000000000
43706  4.248  -7.407  90.633 0.8750000000
41540  2.909  -9.236  90.189 1.0000000000
41555  2.643  -9.979  89.721 1.0000000000
39543  1.837  -11.967  90.168 0.7500000000
40529  2.750  -10.675  88.403 0.7500000000
40544  2.977  -10.445  87.648 0.7500000000
41602  4.076  -9.113  85.004 0.3750000000
41616  3.670  -9.942  85.091 0.5000000000
102344  2.714  -11.159  87.790 0.5000000000
41577  3.260  -9.689  87.493 0.7500000000
40586  3.835  -10.279  84.111 0.2500000000
40587  3.412  -10.873  84.589 0.3750000000
41589  3.423  -9.769  86.623 0.5000000000
40559  2.899  -10.835  87.021 0.5000000000
45723  7.992  -5.667  91.750 0.5000000000
45735  7.917  -5.246  90.949 0.5000000000
117587  5.903  -6.274  90.776 0.7500000000
45724  7.217  -5.799  91.171 0.5000000000
44744  5.292  -6.513  90.449 0.7500000000
111572  4.103  -7.348  89.851 0.8750000000
42654  3.358  -8.546  89.686 1.0000000000
42673  3.709  -8.023  88.145 0.7500000000
42664  3.399  -8.633  88.722 0.8750000000
117611  4.031  -7.614  87.640 0.8750000000
42674  3.492  -8.852  87.804 0.7500000000
105972  3.824  -8.238  87.290 0.8750000000
42703  3.816  -9.236  85.951 0.6250000000
115261  3.485  -9.992  85.941 0.6250000000
42686  3.627  -9.030  86.923 0.7500000000
111804  4.324  -9.162  84.289 0.5000000000
43783  4.765  -7.842  85.181 0.6250000000
42702  4.297  -8.450  85.548 0.6250000000
47647  9.262  -3.288  90.597 0.6250000000
115596  7.205  -5.392  90.367 0.6250000000
46672  7.898  -4.784  90.150 0.7500000000
105449  6.518  -5.583  89.784 0.7500000000
107286  8.357  -4.235  89.663 0.6250000000
45746  7.212  -5.142  89.537 0.7500000000
44743  5.825  -6.005  90.044 0.7500000000
44768  5.394  -6.016  88.428 0.8750000000
44769  4.681  -6.613  88.422 0.8750000000
43753  4.237  -7.610  86.924 0.8750000000
118554  5.415  -7.423  84.066 0.3750000000
43768  4.525  -7.707  86.055 0.7500000000
43821  5.910  -7.545  82.551 0.1250000000
44825  5.730  -6.858  84.124 0.5000000000
47663  8.856  -3.658  89.993 0.6250000000
48578  9.462  -2.621  90.884 0.5000000000
46685  7.758  -4.598  89.242 0.7500000000
45756  7.197  -5.002  88.705 0.8750000000
46697  7.677  -4.446  88.399 0.7500000000
45757  6.594  -5.321  88.170 0.8750000000
45766  7.157  -4.890  87.899 0.8750000000
44781  5.882  -5.686  87.528 0.8750000000
44782  5.041  -6.349  87.573 1.0000000000
45767  6.507  -5.358  86.830 1.0000000000
43752  4.813  -6.875  86.648 1.0000000000
44806  5.994  -5.969  85.536 0.7500000000
109172  5.357  -6.179  86.842 0.8750000000
45801  6.793  -5.703  84.262 0.7500000000
44824  6.172  -6.169  84.650 0.7500000000
44807  5.560  -6.624  85.089 0.7500000000
44852  7.083  -6.140  82.639 0.2500000000
104852  6.598  -6.401  83.085 0.6250000000
47662  8.774  -3.191  89.252 0.5000000000
48590  9.155  -2.696  89.979 0.5000000000
113009  8.432  -3.332  87.891 0.8750000000
48603  8.902  -2.364  89.072 0.5000000000
114746  8.627  -2.687  87.627 0.8750000000
46709  7.681  -4.360  87.456 1.0000000000
46718  7.985  -4.147  86.624 0.8750000000
45775  7.081  -5.028  86.384 1.0000000000
46719  7.620  -4.589  86.051 1.0000000000
45800  7.315  -5.163  84.743 0.7500000000
45819  7.557  -5.476  83.023 0.7500000000
45787  6.655  -5.591  85.116 0.7500000000
44840  6.959  -5.868  83.446 0.7500000000
49473  8.728  -1.139  88.000 0.6250000000
114225  8.896  -1.433  88.850 0.5000000000
49447  9.325  -1.705  90.490 0.5000000000
49483  8.714  -1.792  87.245 0.7500000000
48617  8.747  -2.073  88.207 0.7500000000
47693  8.669  -2.679  86.775 0.8750000000
47701  8.730  -2.783  85.886 0.8750000000
47709  8.855  -2.833  84.989 0.8750000000
46730  8.173  -4.079  85.784 1.0000000000
47718  8.623  -3.493  84.530 1.0000000000
46741  8.294  -4.069  84.905 1.0000000000
105632  8.489  -4.547  82.781 0.8750000000
104325  8.386  -4.069  84.035 1.0000000000
116342  7.874  -4.591  84.362 1.0000000000
45833  8.116  -5.119  82.557 0.8750000000
44877  14.134  -6.602  79.332 0.1250000000
44889  12.864  -7.088  78.521 0.5000000000
44901  13.324  -6.207  77.388 0.3750000000
114420  12.353  -6.107  77.146 0.7500000000
106127  8.732  -0.836  87.294 0.7500000000
49497  8.802  -1.013  86.567 0.8750000000
114445  8.811  -1.951  86.264 0.8750000000
48650  9.150  -2.007  84.491 0.8750000000
111870  9.171  -1.400  85.054 0.8750000000
47717  8.908  -2.866  84.060 0.8750000000
46754  8.610  -4.104  83.270 1.0000000000
47727  8.738  -3.539  83.694 1.0000000000
47737  9.283  -3.449  82.363 0.8750000000
46801  9.513  -4.666  80.504 0.7500000000
46786  9.185  -4.127  81.798 0.8750000000
44887  15.222  -6.588  78.022 0.2500000000
43867  14.736  -6.665  78.917 0.2500000000
45889  14.106  -5.614  76.909 0.5000000000
45890  12.995  -5.517  76.738 0.6250000000
46836  11.595  -4.857  77.218 0.7500000000
49523  9.371  -1.075  84.477 0.8750000000
50447  9.312  -0.506  85.124 0.8750000000
48658  9.345  -2.157  83.443 0.8750000000
47754  10.092  -2.832  81.343 0.8750000000
48667  9.536  -2.597  82.558 0.8750000000
47755  9.680  -3.538  81.380 0.7500000000
47781  10.385  -3.890  79.820 0.7500000000
46800  9.879  -3.999  80.548 0.7500000000
46810  10.760  -4.015  78.963 0.7500000000
122063  10.339  -4.496  79.280 0.7500000000
47808  12.414  -3.389  77.021 0.7500000000
47809  11.744  -3.789  77.550 0.7500000000
46824  11.130  -4.386  78.044 0.7500000000
45888  15.075  -5.209  76.570 0.7500000000
45903  14.358  -4.765  76.248 0.8750000000
46850  13.710  -4.163  76.093 0.8750000000
47823  12.935  -3.799  76.401 0.7500000000
116786  10.131  -0.872  82.672 0.8750000000
49532  9.719  -1.154  83.248 0.8750000000
49544  9.840  -1.671  82.614 0.8750000000
47768  10.382  -3.161  80.584 0.7500000000
48691  11.102  -2.351  80.307 0.7500000000
48715  11.698  -2.611  78.896 0.7500000000
47780  11.032  -3.106  79.568 0.7500000000
47794  12.156  -3.003  77.678 0.8750000000
47795  11.807  -3.017  78.181 0.7500000000
105631  11.338  -3.487  78.548 0.7500000000
112340  15.330  -3.856  75.780 0.8750000000
103752  14.284  -3.515  75.950 0.8750000000
47822  13.681  -3.201  76.237 0.8750000000
43779  18.440  -7.793  85.698 0.3750000000
45772  16.850  -6.764  85.948 0.6250000000
45784  16.662  -5.889  85.426 0.6250000000
43759  21.341  -7.520  86.608 0.5000000000
43777  20.019  -8.234  84.932 0.6250000000
43778  19.046  -8.038  84.832 0.6250000000
44823  17.888  -6.369  84.483 0.7500000000
45799  16.919  -5.192  84.665 0.8750000000
46740  15.941  -4.073  84.687 0.7500000000
122180  15.169  -2.731  83.695 0.8750000000
48657  14.809  -2.190  83.365 0.8750000000
49531  13.727  -0.854  83.263 0.8750000000
43775  21.824  -7.668  84.670 0.7500000000
43792  20.744  -8.078  84.085 0.7500000000
44821  19.231  -7.713  83.457 0.6250000000
45815  18.406  -6.008  83.731 1.0000000000
45817  17.160  -4.637  83.960 1.0000000000
47723  16.410  -3.479  83.259 1.0000000000
47724  15.644  -3.076  83.494 0.8750000000
48656  15.311  -2.524  82.979 0.8750000000
49540  14.330  -1.461  82.851 0.8750000000
49541  13.684  -0.773  82.223 0.8750000000
44819  21.593  -7.441  83.804 0.8750000000
44839  19.070  -6.004  83.028 0.8750000000
102346  18.396  -5.284  83.015 0.8750000000
45816  17.842  -5.074  83.543 1.0000000000
113695  17.080  -4.001  83.420 1.0000000000
47753  16.168  -2.647  81.738 0.8750000000
48665  14.877  -1.914  82.473 0.8750000000
49552  14.315  -1.290  81.915 0.8750000000
49554  12.395  -0.561  81.004 0.8750000000
50500  11.984  -0.226  81.645 0.8750000000
49542  11.177  -0.582  81.788 0.8750000000
48666  10.140  -2.117  81.831 0.8750000000
44849  21.034  -6.399  82.745 0.8750000000
44851  19.633  -5.934  82.468 0.8750000000
123360  17.957  -4.724  82.965 1.0000000000
47752  16.954  -3.092  81.322 1.0000000000
48677  14.909  -1.692  81.531 0.8750000000
105217  14.283  -1.168  81.099 0.8750000000
50499  13.043  -0.558  80.892 0.8750000000
49555  11.628  -0.801  81.137 0.8750000000
49556  10.867  -1.382  81.406 0.8750000000
44859  20.760  -5.879  82.076 1.0000000000
45843  19.428  -5.508  81.685 0.8750000000
45844  18.759  -4.876  81.645 0.8750000000
47751  17.617  -3.576  81.291 1.0000000000
48675  16.313  -2.499  80.757 1.0000000000
49584  15.222  -1.574  79.568 1.0000000000
49585  14.511  -1.314  79.252 0.8750000000
49586  13.041  -1.078  79.500 0.7500000000
49587  12.230  -1.362  79.866 0.7500000000
49571  11.976  -1.017  80.486 0.8750000000
48679  10.623  -2.240  81.021 0.8750000000
105592  21.054  -5.423  80.567 1.0000000000
45855  19.526  -5.320  80.250 1.0000000000
109760  19.209  -5.133  80.917 0.8750000000
46798  18.592  -4.516  80.846 1.0000000000
47766  17.481  -3.338  80.708 1.0000000000
48688  16.440  -2.358  79.775 1.0000000000
48700  15.842  -1.859  79.225 1.0000000000
106441  13.675  -1.298  78.918 0.7500000000
48690  11.641  -1.678  80.196 0.7500000000
46819  22.139  -4.092  78.717 1.0000000000
118048  20.890  -5.336  79.671 1.0000000000
45854  20.179  -5.592  80.222 1.0000000000
46808  18.495  -4.196  79.946 1.0000000000
47791  18.321  -3.820  79.139 1.0000000000
47779  17.174  -2.749  79.278 1.0000000000
48712  15.809  -1.892  78.213 0.8750000000
49602  15.139  -1.567  78.716 0.8750000000
49604  13.524  -1.561  78.282 0.7500000000
49605  12.972  -1.543  78.645 0.7500000000
48702  11.640  -2.140  79.659 0.7500000000
46820  21.436  -4.527  78.167 1.0000000000
45873  19.944  -5.540  78.370 0.8750000000
45874  19.392  -5.553  78.930 0.8750000000
46822  18.720  -4.686  79.036 0.8750000000
46823  18.347  -3.951  78.214 0.8750000000
47793  17.211  -2.705  78.152 0.8750000000
48711  16.467  -2.303  77.612 0.8750000000
48725  14.936  -2.123  76.794 0.8750000000
48726  13.916  -2.319  76.837 0.8750000000
48727  12.690  -2.588  77.472 0.8750000000
48714  12.371  -2.320  78.285 0.7500000000
45885  19.792  -5.546  77.314 1.0000000000
45886  19.186  -5.637  78.031 0.8750000000
45875  18.941  -5.415  78.531 0.8750000000
46834  18.173  -4.146  77.205 0.8750000000
47818  17.515  -3.688  76.615 0.8750000000
47819  16.696  -3.417  76.163 0.8750000000
48734  15.348  -2.683  76.221 0.8750000000
47807  13.074  -2.872  76.758 0.8750000000
46847  17.014  -4.302  76.128 0.8750000000
43758  22.092  -7.402  85.855 0.7500000000
44817  23.438  -6.921  84.573 0.7500000000
45783  24.253  -6.419  84.997 0.7500000000
44835  22.189  -6.832  83.484 0.8750000000
45813  23.603  -5.940  83.309 1.0000000000
45829  22.301  -5.620  82.525 1.0000000000
46767  22.772  -4.906  82.094 1.0000000000
45830  21.506  -5.796  82.309 1.0000000000
46784  22.528  -4.609  81.317 1.0000000000
45853  21.827  -5.024  80.927 1.0000000000
46796  22.399  -4.411  80.462 1.0000000000
47778  22.819  -3.573  79.110 1.0000000000
45812  24.502  -5.628  83.595 0.8750000000
46766  23.684  -4.585  82.269 1.0000000000
122668  23.166  -4.340  81.644 1.0000000000
46795  23.163  -3.888  80.921 1.0000000000
47777  23.513  -3.006  79.477 1.0000000000
47789  23.302  -2.966  78.619 1.0000000000
48710  23.328  -2.409  78.204 0.8750000000
49630  22.897  -1.944  76.850 0.8750000000
110475  22.871  -2.001  75.742 0.7500000000
49642  22.733  -1.803  75.248 0.7500000000
46738  25.231  -5.156  84.018 0.8750000000
46750  24.943  -4.721  83.221 0.8750000000
46751  24.079  -5.184  82.920 1.0000000000
46782  24.354  -3.824  82.196 1.0000000000
123075  24.412  -4.481  82.660 1.0000000000
46783  23.759  -3.823  81.613 1.0000000000
47763  23.994  -2.658  80.992 1.0000000000
48687  23.845  -2.351  80.061 1.0000000000
47750  23.791  -3.307  81.090 1.0000000000
49582  23.508  -1.799  79.613 1.0000000000
48698  23.561  -2.357  79.079 1.0000000000
49599  23.312  -1.873  78.693 1.0000000000
49600  22.757  -1.511  78.356 1.0000000000
49616  23.089  -1.927  77.819 1.0000000000
49617  22.647  -1.601  77.476 1.0000000000
49631  22.480  -1.664  76.450 0.7500000000
49643  21.857  -1.424  75.608 0.6250000000
105643  21.161  -1.053  74.875 0.6250000000
49655  23.320  -1.704  74.222 0.6250000000
49656  22.288  -1.415  74.578 0.7500000000
122136  21.110  -0.551  74.196 0.6250000000
119342  25.186  -3.085  83.816 0.6250000000
48655  24.729  -2.604  83.470 0.8750000000
46749  25.449  -4.390  83.826 0.6250000000
46765  24.856  -3.812  82.790 0.7500000000
49550  24.126  -2.084  82.215 1.0000000000
49539  23.672  -1.418  82.680 1.0000000000
47733  24.724  -3.095  82.309 1.0000000000
49566  23.983  -2.120  81.357 1.0000000000
49551  23.630  -1.548  81.736 1.0000000000
48674  24.390  -2.596  81.823 1.0000000000
114570  23.643  -1.739  80.682 1.0000000000
50523  21.822  -0.867  78.959 1.0000000000
49601  21.719  -1.080  78.064 1.0000000000
50539  21.041  -0.699  77.449 1.0000000000
49632  21.382  -1.172  76.538 0.8750000000
50554  20.774  -0.631  76.473 0.7500000000
49618  21.823  -1.256  77.249 0.7500000000
50569  20.617  -0.526  75.577 0.7500000000
50568  21.021  -1.065  75.795 0.6250000000
50586  20.622  -0.288  74.704 0.6250000000
108560  20.809  0.079  73.930 0.6250000000
50497  22.935  -0.974  81.300 0.8750000000
107272  22.238  -0.215  80.880 1.0000000000
49567  22.806  -1.161  80.312 1.0000000000
50524  21.215  -0.415  78.441 1.0000000000
50540  20.679  -0.081  77.089 0.8750000000
51569  20.506  0.130  76.322 0.7500000000
51582  20.408  0.330  75.391 0.6250000000
51595  20.478  0.554  74.499 0.6250000000
51608  20.613  0.839  73.730 0.6250000000
50485  23.101  -0.763  82.223 0.8750000000
50498  22.569  -0.158  81.784 0.8750000000
52561  21.902  1.520  79.631 1.0000000000
51536  21.728  0.356  80.161 1.0000000000
115938  21.518  0.694  79.478 1.0000000000
52571  21.557  1.249  78.851 1.0000000000
50512  21.444  -0.131  79.313 1.0000000000
51543  21.189  0.382  78.708 1.0000000000
104849  21.169  0.983  78.071 1.0000000000
52578  21.296  1.514  77.494 1.0000000000
51568  20.808  0.775  77.143 1.0000000000
52584  20.628  1.055  76.135 0.6250000000
52590  20.524  1.315  75.158 0.6250000000
52597  20.472  1.228  74.305 0.6250000000
53526  20.597  1.896  74.551 0.7500000000
117792  20.553  1.620  73.759 0.6250000000
111074  20.895  3.001  73.434 0.6250000000
52570  22.002  1.938  78.955 1.0000000000
53497  21.770  1.887  78.170 1.0000000000
109667  21.090  1.682  76.760 1.0000000000
116111  20.885  1.910  75.932 1.0000000000
53517  20.783  2.101  75.253 0.8750000000
53525  20.933  2.653  74.883 0.8750000000
114089  20.695  2.460  74.011 0.8750000000
53502  22.248  2.721  77.843 1.0000000000
53503  21.679  2.205  77.287 1.0000000000
53510  22.003  2.986  77.032 1.0000000000
53511  21.427  2.452  76.495 1.0000000000
53516  21.172  2.631  75.700 1.0000000000
54488  21.449  3.334  75.359 1.0000000000
54499  21.180  3.380  74.381 0.8750000000
54518  21.111  3.549  72.937 0.7500000000
54467  22.550  3.527  77.595 1.0000000000
54476  22.332  3.749  76.747 1.0000000000
54477  21.721  3.206  76.218 1.0000000000
54487  22.059  3.938  75.891 1.0000000000
54509  21.225  3.708  73.678 0.8750000000
122380  21.439  4.845  72.333 0.8750000000
56317  21.517  5.274  71.818 0.8750000000
55436  21.703  4.888  69.646 0.8750000000
55441  22.953  4.126  67.911 0.6250000000
55363  23.502  4.607  78.817 0.8750000000
54456  23.024  4.103  78.195 1.0000000000
54466  22.788  4.338  77.360 1.0000000000
55380  22.963  5.032  77.163 1.0000000000
55381  22.577  4.623  76.479 1.0000000000
120648  22.594  5.219  76.001 1.0000000000
55388  22.259  4.680  75.577 1.0000000000
55389  21.769  4.087  75.032 1.0000000000
108771  22.271  5.626  74.598 1.0000000000
55397  22.029  4.863  74.770 1.0000000000
55398  21.583  4.249  74.194 1.0000000000
55406  21.431  4.313  73.395 1.0000000000
56307  21.944  5.796  73.208 1.0000000000
56308  21.565  4.977  73.004 1.0000000000
116313  21.650  5.391  72.552 0.8750000000
57271  21.830  6.077  71.548 0.8750000000
57258  21.882  5.979  72.369 0.8750000000
117705  21.952  6.192  70.009 1.0000000000
56334  21.685  5.515  70.161 1.0000000000
56349  22.886  5.931  67.988 0.7500000000
55450  22.810  5.074  67.809 0.7500000000
57315  22.584  6.296  68.745 0.8750000000
112981  23.672  5.311  78.705 0.7500000000
56230  23.651  5.885  78.188 0.7500000000
55373  23.287  4.993  77.968 0.7500000000
56247  23.298  5.681  77.339 0.8750000000
56264  22.905  5.462  76.603 0.8750000000
57195  23.179  6.325  76.640 0.8750000000
56278  22.769  5.879  75.940 0.8750000000
57208  22.944  6.685  75.774 0.8750000000
57209  22.613  6.166  75.193 1.0000000000
57222  22.820  6.958  74.983 0.8750000000
57223  22.509  6.399  74.447 1.0000000000
110633  22.183  5.886  73.972 1.0000000000
57257  22.354  6.570  72.896 1.0000000000
116357  22.322  6.785  70.404 1.0000000000
57287  21.852  6.162  70.721 1.0000000000
57314  23.262  6.719  68.347 0.8750000000
57300  22.415  6.592  69.572 1.0000000000
56217  24.379  5.854  79.753 0.7500000000
57146  24.313  6.458  79.291 0.7500000000
122961  23.737  6.444  78.105 0.7500000000
57178  23.542  6.502  77.510 0.8750000000
58144  23.771  7.427  77.192 0.8750000000
120849  23.420  6.887  76.938 0.8750000000
58156  23.388  7.293  76.297 0.8750000000
119690  23.660  7.913  75.569 0.8750000000
109239  23.210  7.335  75.471 0.8750000000
59219  23.827  8.142  73.264 0.8750000000
58178  23.320  7.703  73.762 1.0000000000
57239  22.426  6.506  73.685 1.0000000000
58189  23.259  7.700  72.983 1.0000000000
58225  22.748  7.350  71.743 1.0000000000
57270  22.291  6.682  72.089 1.0000000000
58243  22.802  7.393  70.875 1.0000000000
57286  22.260  6.796  71.243 1.0000000000
58272  23.817  7.369  68.791 1.0000000000
58258  23.659  7.573  69.614 1.0000000000
58242  23.633  7.795  70.487 1.0000000000
57330  24.271  6.568  67.339 0.8750000000
106510  24.009  7.026  68.019 0.8750000000
118736  24.502  7.080  79.523 0.6250000000
58130  24.265  7.269  78.745 0.6250000000
57177  23.838  7.000  78.042 0.8750000000
58143  24.207  7.830  77.893 0.7500000000
111788  24.850  8.743  76.781 0.8750000000
109045  24.265  8.185  77.197 0.8750000000
104919  26.134  8.830  75.945 0.8750000000
122091  25.403  8.792  76.168 0.8750000000
103220  26.275  8.645  75.191 0.7500000000
59178  25.483  8.677  75.514 0.8750000000
106148  24.208  8.340  75.601 0.8750000000
59198  26.376  8.570  74.379 0.5000000000
59199  25.543  8.584  74.715 0.8750000000
59180  24.051  8.269  74.913 0.8750000000
58170  23.378  7.683  74.706 0.8750000000
59217  26.596  8.537  73.573 0.7500000000
122099  25.611  8.546  73.727 0.7500000000
59201  23.931  8.213  74.071 0.8750000000
59229  26.903  8.476  72.789 0.5000000000
118041  26.144  8.536  72.976 0.8750000000
59230  25.325  8.516  72.663 0.8750000000
59218  24.610  8.419  73.454 0.8750000000
59231  24.342  8.339  72.657 1.0000000000
58204  27.236  8.355  72.006 0.8750000000
59244  26.307  8.495  72.131 1.0000000000
59245  25.547  8.497  71.789 1.0000000000
59246  24.748  8.424  71.886 1.0000000000
58206  23.284  7.742  72.243 1.0000000000
58222  25.216  8.385  71.017 1.0000000000
58223  24.216  8.200  71.194 1.0000000000
58224  23.409  7.815  71.430 1.0000000000
103319  25.984  8.280  70.592 1.0000000000
58240  25.409  8.113  70.114 1.0000000000
58241  24.527  8.083  70.366 1.0000000000
57313  24.893  7.028  67.847 1.0000000000
115503  25.381  7.298  68.359 1.0000000000
57329  25.134  6.688  67.121 1.0000000000
57346  25.324  6.276  66.358 0.7500000000
57362  25.758  5.922  65.615 0.7500000000
58119  24.761  7.479  80.148 0.5000000000
59117  24.563  8.340  78.495 0.6250000000
59104  24.599  7.914  79.290 0.6250000000
59103  24.918  8.875  79.101 0.5000000000
59137  24.676  8.641  77.686 0.7500000000
59157  25.828  9.035  76.668 0.7500000000
102625  27.948  8.463  74.010 0.5000000000
59197  27.180  8.522  74.157 0.5000000000
107108  28.230  8.435  73.267 0.5000000000
59216  27.424  8.488  73.404 0.5000000000
59228  27.740  8.401  72.620 0.5000000000
58203  28.058  8.212  71.835 0.5000000000
104432  26.813  8.187  70.676 1.0000000000
103255  26.311  8.021  69.960 1.0000000000
111526  25.286  7.549  68.881 1.0000000000
57328  25.970  6.805  66.953 1.0000000000
55488  28.166  3.882  63.942 0.1250000000
108202  27.296  3.931  64.210 0.2500000000
55490  26.782  4.885  64.333 0.5000000000
56378  26.170  5.470  64.899 0.5000000000
56394  26.665  5.886  64.377 0.5000000000
60058  25.301  9.204  79.794 0.3750000000
60084  26.128  9.534  78.138 0.5000000000
59116  25.121  9.139  78.306 0.6250000000
59136  25.448  9.163  77.459 0.7500000000
59134  27.657  9.155  77.224 0.3750000000
59135  26.461  9.283  77.269 0.3750000000
59154  28.679  8.659  76.181 0.2500000000
59155  27.810  8.787  76.336 0.3750000000
59156  26.824  8.980  76.503 0.3750000000
59175  29.584  8.651  75.305 0.2500000000
59176  28.904  8.545  75.366 0.2500000000
59177  27.015  8.705  75.712 0.3750000000
59195  29.310  8.531  74.553 0.2500000000
102282  27.081  8.562  74.917 0.5000000000
120331  29.350  8.478  73.752 0.3750000000
59215  28.715  8.430  73.907 0.5000000000
118647  28.549  8.304  72.499 0.5000000000
58220  27.500  8.191  71.232 0.7500000000
58239  27.676  7.907  70.468 1.0000000000
58270  26.022  7.400  68.697 1.0000000000
57312  25.912  7.104  67.842 1.0000000000
58294  26.489  7.099  66.599 0.8750000000
57361  26.262  6.286  64.977 0.7500000000
123154  25.938  6.598  66.219 0.8750000000
55503  29.419  4.823  63.530 0.1250000000
55504  28.555  4.695  63.572 0.1250000000
119155  27.271  5.549  63.843 0.5000000000
55502  30.179  4.965  63.664 0.1250000000
60057  26.226  9.822  79.824 0.2500000000
60999  32.663  10.273  77.477 0.2500000000
60079  31.944  9.929  77.891 0.2500000000
60071  26.632  9.697  78.958 0.1250000000
119453  33.394  10.534  77.038 0.2500000000
60072  25.633  9.466  79.019 0.3750000000
60081  30.383  9.235  77.505 0.2500000000
101808  30.107  9.243  78.144 0.2500000000
105992  29.304  9.242  78.272 0.2500000000
60083  27.887  9.380  78.076 0.2500000000
60090  31.992  9.866  77.030 0.2500000000
60080  31.196  9.532  77.492 0.2500000000
59131  29.782  9.078  77.516 0.2500000000
116884  29.658  9.200  78.075 0.2500000000
110959  27.030  9.437  77.784 0.3750000000
105257  32.074  9.826  76.184 0.2500000000
60091  31.365  9.521  76.569 0.2500000000
103551  30.733  9.284  76.879 0.2500000000
59152  30.066  8.972  76.678 0.2500000000
59133  28.594  8.934  77.008 0.2500000000
60101  31.438  9.493  75.723 0.2500000000
59174  30.120  8.870  75.713 0.2500000000
111453  29.307  8.866  76.848 0.2500000000
60102  30.782  9.136  75.258 0.2500000000
59153  29.445  8.705  76.026 0.2500000000
102006  30.114  8.759  74.854 0.2500000000
59214  29.736  8.522  73.116 0.5000000000
118877  29.270  8.333  72.496 0.5000000000
58202  28.940  8.098  71.679 0.5000000000
58219  28.278  7.984  71.021 0.7500000000
58238  28.368  7.769  70.216 1.0000000000
58255  27.486  7.601  69.113 1.0000000000
58268  27.443  7.606  68.171 1.0000000000
58281  27.099  7.578  67.233 1.0000000000
57345  26.186  6.703  65.694 0.8750000000
58306  26.540  7.343  65.789 0.8750000000
120944  27.563  6.079  63.426 0.5000000000
57376  26.565  6.679  64.394 0.5000000000
104639  26.368  7.035  65.040 0.8750000000
56410  28.904  5.509  63.030 0.1250000000
56424  28.799  6.236  62.601 0.1250000000
60066  31.300  9.704  78.478 0.2500000000
61005  33.279  10.427  76.300 0.2500000000
104442  30.652  9.413  78.099 0.2500000000
60069  28.755  9.345  78.536 0.2500000000
60100  32.162  9.803  75.357 0.2500000000
60114  31.509  9.466  74.863 0.2500000000
59194  30.812  9.049  74.277 0.2500000000
59212  31.157  9.190  73.549 0.2500000000
104443  29.989  8.639  73.994 0.2500000000
59213  30.513  8.829  73.377 0.3750000000
58218  28.990  7.912  70.705 0.8750000000
58254  28.273  7.757  69.463 1.0000000000
104032  28.050  7.790  68.802 1.0000000000
58305  26.772  8.086  65.870 1.0000000000
58293  26.830  7.628  66.491 1.0000000000
57395  26.741  7.159  63.831 0.6250000000
113216  26.490  7.336  64.468 0.7500000000
57394  27.408  6.886  63.132 0.3750000000
61016  32.757  10.163  75.841 0.2500000000
61024  32.901  10.116  75.031 0.2500000000
60113  31.632  9.467  74.046 0.2500000000
104161  29.690  8.379  71.991 0.5000000000
59258  29.561  8.244  70.318 1.0000000000
58237  28.956  7.900  69.851 1.0000000000
58280  27.694  8.155  67.558 1.0000000000
58267  28.167  8.135  68.281 1.0000000000
59295  27.260  8.309  66.713 1.0000000000
113977  26.490  7.908  64.090 0.8750000000
118928  26.700  8.568  65.248 1.0000000000
58335  26.893  7.831  63.326 0.7500000000
105741  32.256  9.781  74.538 0.2500000000
60126  31.798  9.526  73.223 0.2500000000
59225  31.061  9.093  72.831 0.5000000000
59242  30.277  8.635  71.584 0.5000000000
59243  29.616  8.264  71.166 0.5000000000
59265  30.028  8.762  69.991 1.0000000000
59267  28.750  8.102  69.004 1.0000000000
59284  28.240  8.766  67.732 1.0000000000
59306  27.044  8.840  65.902 1.0000000000
60192  27.562  9.169  66.498 1.0000000000
59338  26.644  8.472  63.726 1.0000000000
106569  26.912  9.245  65.143 1.0000000000
59348  27.648  7.907  62.452 0.8750000000
59337  27.023  8.728  63.053 1.0000000000
109066  32.271  9.760  73.838 0.2500000000
59241  30.956  9.007  71.999 0.5000000000
59257  30.184  8.637  70.746 0.5000000000
59266  29.421  8.423  69.549 1.0000000000
59275  29.285  8.789  68.870 1.0000000000
119843  28.744  8.701  68.349 1.0000000000
60190  29.009  10.084  67.380 1.0000000000
60191  28.255  9.515  67.082 1.0000000000
60205  27.353  9.469  65.779 1.0000000000
61113  27.468  10.049  65.122 1.0000000000
60234  27.136  9.580  63.468 1.0000000000
59321  26.925  9.542  64.337 1.0000000000
60243  27.518  9.379  62.580 0.6250000000
60251  28.562  8.914  61.357 0.3750000000
120464  27.469  8.700  62.477 0.6250000000
60263  29.944  9.021  60.495 0.1250000000
60250  29.228  9.394  60.804 0.3750000000
60137  31.634  9.431  72.373 0.2500000000
59256  30.817  9.066  71.162 0.5000000000
60155  30.645  9.161  70.353 0.5000000000
60172  30.777  10.417  68.510 1.0000000000
60173  30.425  9.748  69.059 1.0000000000
59274  29.867  9.072  69.313 1.0000000000
61995  31.717  11.498  67.432 1.0000000000
61086  30.481  10.714  67.791 1.0000000000
60174  29.706  9.445  68.653 1.0000000000
62014  32.116  11.993  65.919 1.0000000000
62004  31.537  11.641  66.578 1.0000000000
61996  30.975  11.231  67.222 1.0000000000
60179  30.084  10.092  68.276 1.0000000000
60180  29.404  9.788  68.041 1.0000000000
61095  30.199  11.047  67.054 1.0000000000
62015  31.354  11.748  65.745 1.0000000000
62005  30.771  11.436  66.407 1.0000000000
61110  29.967  11.266  66.234 1.0000000000
61111  29.154  10.980  65.973 1.0000000000
61097  28.652  10.347  66.541 1.0000000000
62016  30.585  11.565  65.577 1.0000000000
62017  29.766  11.393  65.370 1.0000000000
61112  28.317  10.600  65.603 1.0000000000
60204  27.887  9.914  66.149 1.0000000000
62033  29.566  11.510  64.509 1.0000000000
61128  28.084  10.770  64.632 1.0000000000
61140  28.045  10.787  63.671 1.0000000000
61129  27.448  10.244  64.068 1.0000000000
61151  28.283  10.378  61.981 0.8750000000
120243  27.875  10.057  62.454 0.8750000000
61157  29.167  10.264  60.785 0.3750000000
112069  28.617  9.874  61.301 0.5000000000
60242  28.052  9.569  61.882 0.5000000000
111024  29.839  9.791  60.359 0.1250000000
60165  30.408  9.287  69.708 0.8750000000
61085  31.200  11.012  68.021 1.0000000000
61077  31.445  10.737  68.775 1.0000000000
62003  32.293  11.891  66.786 1.0000000000
62975  31.865  12.090  65.117 1.0000000000
62031  31.150  11.850  64.966 1.0000000000
62032  30.397  11.687  64.764 1.0000000000
62987  30.906  12.063  64.253 1.0000000000
62042  30.121  11.860  64.010 1.0000000000
62034  28.720  11.243  64.150 1.0000000000
62043  29.302  11.626  63.678 1.0000000000
62044  28.582  11.253  63.234 1.0000000000
62056  28.637  11.200  62.270 0.8750000000
113116  28.144  10.655  62.790 1.0000000000
102963  29.221  11.125  60.844 0.6250000000
63038  30.021  12.080  60.007 0.3750000000
62074  30.279  11.095  59.942 0.2500000000
106001  35.432  13.509  65.992 0.7500000000
63928  34.875  13.077  66.408 0.8750000000
122603  35.307  13.714  65.431 0.8750000000
63937  34.703  13.185  65.568 0.8750000000
118600  35.469  14.136  65.185 0.8750000000
64789  35.187  14.503  64.860 0.8750000000
63943  34.270  13.448  64.844 0.8750000000
106142  33.946  12.651  65.927 1.0000000000
62002  32.981  12.167  67.093 1.0000000000
61994  32.439  11.764  67.639 0.8750000000
121415  31.068  10.211  69.135 0.8750000000
64790  34.431  14.314  64.560 0.8750000000
62972  34.017  12.923  65.222 0.8750000000
62973  33.378  12.635  65.302 1.0000000000
62986  33.567  13.084  64.773 1.0000000000
102877  32.967  12.770  64.793 1.0000000000
111332  32.231  12.650  64.496 1.0000000000
63956  31.409  13.664  63.414 1.0000000000
63001  30.467  12.381  63.607 1.0000000000
63002  29.708  12.052  63.301 1.0000000000
63011  29.887  12.652  62.900 1.0000000000
63012  29.397  12.193  62.647 1.0000000000
62055  29.050  11.723  62.867 1.0000000000
111601  29.419  12.725  62.099 1.0000000000
102546  29.097  11.949  62.141 0.8750000000
63973  29.585  13.534  61.697 0.7500000000
62075  29.380  12.045  60.823 0.6250000000
62065  29.013  11.567  61.501 0.6250000000
63051  30.163  13.023  59.825 0.3750000000
63039  29.677  12.909  60.455 0.6250000000
112649  30.795  13.127  59.364 0.1250000000
117259  30.612  12.464  59.600 0.2500000000
111418  34.810  14.942  64.594 0.8750000000
108372  34.331  15.067  64.346 0.8750000000
63944  33.639  13.807  64.437 0.8750000000
64792  32.958  14.096  64.069 1.0000000000
63945  32.880  13.301  64.356 1.0000000000
102363  32.156  14.959  63.351 1.0000000000
121082  32.548  13.702  64.022 1.0000000000
64803  31.460  14.579  63.134 1.0000000000
64824  30.087  14.749  62.076 1.0000000000
63965  29.940  13.388  62.447 1.0000000000
64825  29.665  14.316  61.428 0.7500000000
64814  29.882  14.048  62.086 1.0000000000
64839  29.605  14.558  60.535 0.6250000000
63024  29.387  12.875  61.257 0.7500000000
67347  31.030  17.613  58.232 0.8750000000
66517  30.556  16.211  58.456 0.7500000000
66507  30.023  16.017  59.159 0.3750000000
64851  29.850  14.580  59.682 0.6250000000
64003  29.772  13.759  60.093 0.5000000000
63988  29.495  13.676  60.882 0.6250000000
65723  32.656  16.485  56.886 0.3750000000
67358  31.605  17.293  57.583 0.7500000000
66516  30.989  16.744  58.005 0.6250000000
64871  30.610  15.367  58.575 0.5000000000
64850  30.440  14.544  59.031 0.5000000000
64002  30.300  13.817  59.499 0.3750000000
66535  33.317  16.701  56.433 0.2500000000
66534  33.993  16.941  56.001 0.2500000000
65731  34.620  16.300  55.835 0.2500000000
67374  34.709  17.181  55.606 0.5000000000
65641  34.723  15.562  64.494 0.8750000000
67292  34.613  16.971  64.772 0.7500000000
66459  34.532  16.191  64.417 0.8750000000
65642  34.014  15.703  64.066 0.8750000000
66460  33.925  16.606  64.203 0.8750000000
65649  33.304  15.459  63.774 0.8750000000
65650  32.582  15.718  63.380 1.0000000000
65651  31.600  15.527  62.945 1.0000000000
66467  32.026  16.373  62.954 1.0000000000
64804  30.593  14.095  62.717 1.0000000000
110049  30.922  15.716  62.494 1.0000000000
65660  30.791  15.062  62.606 1.0000000000
65661  30.341  15.572  61.997 0.8750000000
67329  30.524  17.531  60.468 0.8750000000
66496  29.775  16.041  60.099 0.6250000000
65681  29.912  15.881  60.903 0.7500000000
65670  29.818  15.194  61.287 0.8750000000
68997  32.446  19.401  58.719 1.0000000000
68210  31.354  18.387  58.541 1.0000000000
67348  30.395  17.022  58.793 0.8750000000
107829  30.099  16.816  59.756 0.8750000000
65689  29.751  15.359  59.750 0.6250000000
122708  29.631  14.967  60.069 0.5000000000
68218  32.457  18.477  57.477 0.8750000000
68231  32.899  18.084  56.802 0.6250000000
67365  33.442  17.552  56.358 0.6250000000
68229  34.438  18.622  56.201 0.8750000000
67364  34.150  17.800  55.963 0.8750000000
67373  35.487  17.461  55.311 0.5000000000
68240  34.896  18.072  55.660 0.8750000000
103183  36.141  16.833  55.054 0.3750000000
67285  35.026  17.639  65.456 0.7500000000
108049  33.824  17.384  64.466 0.8750000000
68152  34.087  18.063  65.045 0.8750000000
67299  33.198  17.227  63.914 1.0000000000
66466  32.660  16.691  63.380 1.0000000000
103642  33.311  18.070  64.402 1.0000000000
116987  32.158  17.085  62.992 1.0000000000
102745  31.600  16.979  62.551 1.0000000000
68172  31.389  18.504  62.064 1.0000000000
67310  30.947  16.723  62.070 1.0000000000
70506  34.347  21.717  63.193 1.0000000000
70515  33.753  21.164  61.879 1.0000000000
69754  33.033  20.765  62.240 1.0000000000
69755  32.449  20.241  62.573 1.0000000000
67315  30.963  17.949  61.347 1.0000000000
67316  30.625  17.127  61.397 0.8750000000
71253  35.110  22.076  63.010 1.0000000000
120206  34.777  21.796  62.698 1.0000000000
69772  32.690  20.288  60.795 1.0000000000
68979  32.085  19.772  61.157 1.0000000000
68194  31.021  18.327  60.666 1.0000000000
115801  30.137  16.628  60.708 0.8750000000
69760  33.892  21.024  61.125 1.0000000000
69771  33.549  20.621  60.413 1.0000000000
68987  32.250  19.746  60.164 1.0000000000
68193  31.271  18.774  60.183 1.0000000000
68203  30.826  18.145  59.841 1.0000000000
69770  34.495  21.044  60.540 0.8750000000
69792  34.030  20.227  58.911 0.8750000000
69009  33.679  19.491  57.742 0.8750000000
68230  33.679  18.369  56.503 0.7500000000
69021  34.097  19.203  56.909 0.8750000000
67372  36.248  17.777  55.006 0.7500000000
68239  35.672  18.364  55.412 0.8750000000
68228  35.153  18.895  55.888 0.8750000000
68143  35.067  19.014  66.384 0.6250000000
68147  34.639  18.512  65.776 0.7500000000
69735  34.935  20.524  66.791 0.6250000000
117429  34.406  19.222  66.059 0.6250000000
68148  33.896  19.005  65.576 0.6250000000
68153  33.317  18.843  64.927 1.0000000000
68948  33.371  19.713  65.277 0.8750000000
68154  32.676  18.822  64.231 1.0000000000
68160  32.270  18.430  63.449 1.0000000000
71989  35.838  23.215  64.734 0.5000000000
115392  32.932  20.011  64.711 1.0000000000
68951  32.596  19.712  64.186 1.0000000000
67301  31.803  17.871  62.780 1.0000000000
72000  36.127  22.972  63.933 0.6250000000
71237  35.360  22.646  64.293 1.0000000000
70500  34.173  21.734  64.127 1.0000000000
70501  33.560  21.271  63.635 1.0000000000
69745  32.992  20.564  64.094 1.0000000000
68161  31.796  18.869  62.867 1.0000000000
67309  31.178  17.552  62.059 1.0000000000
70507  33.608  21.272  62.741 1.0000000000
69747  32.934  20.774  63.125 1.0000000000
68970  32.028  19.725  62.035 1.0000000000
71243  36.461  22.692  63.225 0.7500000000
71252  35.911  22.265  62.737 0.8750000000
70504  36.259  21.981  61.998 0.7500000000
70513  35.708  21.623  61.427 0.7500000000
69769  35.112  21.053  60.039 0.7500000000
69791  34.791  20.340  58.605 0.7500000000
69008  34.561  19.792  57.674 0.8750000000
68237  37.252  18.977  54.915 0.6250000000
68238  36.452  18.669  55.162 0.7500000000
72743  37.057  25.042  66.024 0.5000000000
69736  34.290  20.495  66.236 0.7500000000
68947  33.980  19.772  65.949 0.8750000000
71962  35.715  23.225  66.490 0.5000000000
71215  34.834  21.819  66.346 0.5000000000
70494  34.220  21.270  65.803 0.7500000000
69742  33.755  20.486  65.614 0.8750000000
72753  37.389  24.794  65.282 0.5000000000
72754  36.714  24.411  65.606 0.5000000000
71974  36.108  23.920  66.015 0.5000000000
71975  35.680  23.291  65.619 0.5000000000
71229  34.644  22.074  65.532 0.6250000000
70495  33.750  21.054  65.198 0.8750000000
71988  36.315  23.799  65.181 0.6250000000
71228  35.180  22.728  65.174 0.7500000000
71238  34.668  22.217  64.658 0.8750000000
70498  33.614  21.177  64.508 0.8750000000
119745  37.396  23.913  64.253 0.3750000000
71987  36.687  23.556  64.315 0.3750000000
107459  36.801  23.147  63.627 0.5000000000
71242  37.332  22.935  63.072 0.5000000000
70512  36.552  21.737  61.308 0.6250000000
102639  36.071  21.504  60.823 0.7500000000
70529  35.927  21.274  60.063 0.7500000000
69780  36.218  21.038  59.209 0.7500000000
69790  35.720  20.606  58.530 0.7500000000
69800  36.868  20.685  57.597 0.8750000000
69801  36.042  20.424  57.695 0.8750000000
69802  35.313  20.198  57.864 0.7500000000
69007  35.169  19.814  57.142 1.0000000000
69816  36.461  20.317  56.986 0.8750000000
69020  35.506  19.529  56.380 1.0000000000
103352  34.800  19.289  56.553 1.0000000000
69814  38.387  20.729  56.559 0.8750000000
69815  37.631  20.511  56.545 1.0000000000
107000  37.077  20.475  56.848 0.8750000000
69817  35.825  20.045  56.983 0.8750000000
69826  38.580  20.325  55.744 1.0000000000
69018  37.095  20.130  56.082 1.0000000000
108751  36.735  19.440  55.527 0.8750000000
69031  35.917  19.186  55.674 1.0000000000
69030  37.529  19.679  55.380 0.8750000000
68250  37.843  18.415  54.521 0.3750000000
73547  37.740  25.447  65.715 0.3750000000
73546  38.519  25.742  65.377 0.3750000000
72767  37.741  24.458  64.559 0.3750000000
71999  37.384  23.479  63.716 0.5000000000
72780  38.089  23.926  63.843 0.3750000000
106252  37.920  23.362  63.317 0.5000000000
72008  38.129  23.020  62.795 0.5000000000
71250  37.633  22.560  62.367 0.6250000000
114833  37.869  22.339  61.825 0.6250000000
71261  37.168  22.103  61.791 0.6250000000
70520  36.760  21.564  60.568 0.6250000000
71260  37.711  22.052  61.308 0.6250000000
70537  37.094  21.291  59.109 0.6250000000
70528  36.663  21.355  59.793 0.7500000000
114028  38.144  21.363  58.104 0.7500000000
110024  37.764  21.401  58.743 0.7500000000
69789  36.547  20.854  58.399 0.8750000000
70546  38.654  21.269  57.378 0.8750000000
69799  37.728  20.886  57.336 0.8750000000
69825  39.347  20.308  55.590 0.8750000000
102981  39.055  20.662  56.172 0.8750000000
73560  38.935  25.330  64.679 0.3750000000
72752  38.113  25.123  64.942 0.3750000000
72766  38.550  24.619  64.297 0.3750000000
72779  38.990  24.111  63.666 0.3750000000
71998  38.580  23.510  63.229 0.5000000000
108194  38.866  23.169  62.617 0.6250000000
71248  39.099  22.837  61.941 0.6250000000
70518  38.005  21.785  60.238 0.6250000000
71265  38.682  22.197  60.498 0.6250000000
70527  37.854  21.579  59.460 0.6250000000
70525  39.017  22.007  59.086 0.7500000000
71273  39.036  22.204  59.792 0.6250000000
71264  39.455  22.581  60.219 0.6250000000
103607  39.775  21.923  57.951 0.7500000000
70534  39.647  22.180  58.601 0.7500000000
70544  40.432  21.788  57.427 0.8750000000
69812  40.694  20.845  56.167 0.8750000000
72765  39.409  24.778  64.097 0.3750000000
71997  39.374  23.662  63.091 0.5000000000
102174  39.616  23.401  62.418 0.6250000000
72016  39.824  23.219  61.637 0.3750000000
106478  40.550  23.627  61.364 0.5000000000
71258  39.285  22.663  61.113 0.6250000000
72019  40.087  23.144  60.685 0.3750000000
102193  40.679  23.480  59.957 0.3750000000
71263  40.110  22.920  59.719 0.6250000000
71272  39.567  22.435  59.381 0.6250000000
72030  41.471  23.344  58.729 0.3750000000
70533  40.330  22.297  58.177 0.7500000000
71278  40.211  22.647  58.912 0.7500000000
71276  41.819  22.820  57.963 0.5000000000
70543  41.364  21.831  57.120 0.7500000000
70559  40.957  21.367  56.700 0.7500000000
70558  41.826  21.379  56.522 0.6250000000
69811  41.457  20.991  56.181 0.8750000000
72811  42.290  24.816  60.168 0.1250000000
72812  41.742  24.505  60.530 0.1250000000
121904  40.749  23.659  60.643 0.2500000000
72826  42.722  24.881  59.560 0.1250000000
72025  41.317  23.722  59.446 0.1250000000
72029  42.271  23.548  58.368 0.2500000000
72035  42.778  23.074  57.662 0.5000000000
70542  42.204  21.866  56.875 0.6250000000
72800  41.056  24.114  61.868 0.2500000000
72799  41.676  24.582  61.405 0.1250000000
72014  41.171  24.077  61.004 0.2500000000
72798  42.242  25.032  60.869 0.1250000000
73598  43.393  25.771  60.422 0.1250000000
73611  43.499  25.441  59.587 0.1250000000
71284  41.768  22.271  57.399 0.6250000000
73597  44.050  26.101  60.071 0.1250000000
72825  43.258  24.890  58.980 0.2500000000
72028  43.148  23.782  58.024 0.2500000000
103541  0.610  -10.506  93.047 0.6250000000
39497  -1.068  -11.536  93.346 0.5000000000
40488  -1.625  -10.671  92.056 0.2500000000
37569  -0.865  -13.358  92.553 0.6250000000
121129  -1.206  -13.209  92.556 0.5000000000
41494  1.585  -9.116  93.601 0.6250000000
40503  -1.783  -10.722  91.029 0.2500000000
113425  -1.856  -12.545  90.592 0.3750000000
35682  0.065  -15.662  90.790 0.2500000000
35678  -1.708  -15.295  91.510 0.3750000000
35684  -1.738  -15.894  91.305 0.3750000000
36584  -1.465  -14.652  91.857 0.3750000000
36606  -2.400  -14.730  89.914 0.3750000000
41541  2.444  -9.921  90.677 1.0000000000
36582  -0.171  -14.497  91.832 0.6250000000
38600  -1.790  -12.399  89.238 0.2500000000
43681  4.764  -7.608  92.639 0.6250000000
42641  3.296  -8.533  90.682 1.0000000000
118183  -1.357  -10.176  88.215 0.2500000000
41580  -0.911  -10.088  87.274 0.2500000000
42677  -0.791  -9.462  88.009 0.2500000000
108974  2.450  -10.792  89.353 0.8750000000
39557  2.173  -11.530  89.525 0.8750000000
120178  1.912  -13.002  89.109 0.3750000000
109600  1.592  -13.449  89.984 0.3750000000
38620  -1.597  -12.315  87.335 0.2500000000
38609  -1.719  -12.316  88.147 0.2500000000
38641  2.769  -12.874  85.142 0.1250000000
39612  2.602  -11.995  86.441 0.3750000000
37656  2.251  -13.794  86.252 0.1250000000
39592  2.404  -11.922  87.867 0.5000000000
37643  2.053  -13.655  87.361 0.2500000000
40543  3.147  -10.231  87.034 0.6250000000
40558  3.173  -10.444  86.400 0.6250000000
43691  4.430  -7.507  91.572 0.7500000000
43705  4.617  -6.888  90.090 0.7500000000
42653  3.718  -7.879  90.187 1.0000000000
41554  3.039  -9.300  89.234 1.0000000000
41567  2.836  -10.039  88.851 0.8750000000
41566  3.165  -9.426  88.357 0.7500000000
41578  2.983  -10.053  88.138 0.7500000000
42718  4.598  -8.487  84.602 0.5000000000
41615  4.024  -9.625  84.465 0.3750000000
45736  6.495  -5.876  90.596 0.7500000000
42663  3.742  -7.749  89.155 0.7500000000
43720  4.331  -6.980  89.209 0.8750000000
43737  4.106  -7.286  88.349 0.8750000000
42685  4.033  -8.367  86.436 0.7500000000
122109  4.942  -7.941  84.616 0.5000000000
42730  4.700  -8.948  83.551 0.5000000000
43767  5.005  -7.108  85.601 0.7500000000
46671  8.582  -4.300  90.405 0.6250000000
118488  8.354  -4.716  90.823 0.5000000000
44754  5.867  -5.776  89.181 0.8750000000
45747  6.594  -5.420  88.965 0.8750000000
44755  5.116  -6.360  89.406 0.8750000000
44767  6.043  -5.617  88.448 0.8750000000
44783  4.435  -7.016  87.581 1.0000000000
43810  5.591  -7.490  83.465 0.3750000000
42717  5.147  -8.022  83.991 0.3750000000
43797  5.215  -7.388  84.666 0.7500000000
43809  6.089  -6.876  83.219 0.3750000000
44841  6.381  -6.310  83.799 0.7500000000
119515  8.537  -3.781  89.310 0.6250000000
47681  8.457  -3.553  88.664 0.6250000000
46696  8.116  -3.904  88.105 0.8750000000
115137  7.088  -4.921  87.132 1.0000000000
118282  6.649  -5.254  87.510 1.0000000000
44792  5.893  -5.796  86.449 1.0000000000
45776  6.543  -5.472  85.979 0.8750000000
44793  5.404  -6.394  86.017 0.8750000000
45834  7.628  -5.738  82.173 0.5000000000
112219  9.132  -1.693  89.679 0.5000000000
46708  8.219  -3.733  87.283 0.8750000000
113010  7.482  -4.603  86.725 1.0000000000
47702  8.432  -3.462  86.427 1.0000000000
45786  7.191  -5.102  85.586 0.8750000000
46731  7.750  -4.582  85.234 1.0000000000
106738  7.436  -5.251  83.876 0.7500000000
45818  8.098  -4.724  83.425 0.8750000000
47710  8.540  -3.480  85.427 0.8750000000
49510  8.995  -1.213  85.734 0.8750000000
46770  8.864  -4.095  82.560 0.8750000000
117665  8.903  -3.643  83.027 1.0000000000
122069  14.228  -6.480  78.762 0.3750000000
44888  13.649  -6.592  78.488 0.3750000000
44902  12.633  -6.776  77.760 0.5000000000
44900  14.343  -6.283  77.994 0.3750000000
45891  12.236  -5.274  76.824 0.7500000000
50435  9.067  -0.272  86.016 0.7500000000
47726  9.114  -3.072  83.206 0.8750000000
109277  9.445  -4.193  81.097 0.7500000000
45846  9.052  -4.726  81.175 0.7500000000
44899  15.056  -5.959  77.285 0.3750000000
45904  13.556  -4.977  76.398 0.7500000000
45905  12.905  -4.714  76.460 0.7500000000
46835  12.244  -4.350  76.771 0.7500000000
103747  9.418  -1.429  83.901 0.8750000000
47736  9.711  -2.929  81.888 0.8750000000
46811  9.968  -4.564  79.879 0.7500000000
109557  15.797  -4.892  76.238 0.7500000000
104956  15.200  -4.463  76.017 0.8750000000
46849  14.613  -4.035  75.826 0.8750000000
49543  10.431  -1.124  82.082 0.8750000000
47820  15.799  -3.304  75.914 0.8750000000
47821  14.985  -3.354  75.865 0.8750000000
48735  14.523  -2.798  76.205 0.8750000000
44804  18.216  -7.331  84.833 0.5000000000
101783  17.622  -7.291  85.745 0.3750000000
45798  17.332  -5.890  84.856 0.6250000000
46739  16.553  -4.531  84.486 0.7500000000
43776  21.067  -7.916  85.335 0.7500000000
44803  18.858  -7.775  84.134 0.6250000000
43761  19.343  -8.164  85.830 0.6250000000
43793  19.649  -8.134  84.022 0.7500000000
44822  18.561  -7.094  83.928 0.6250000000
105400  17.585  -5.477  84.214 0.7500000000
46753  15.875  -3.573  84.041 0.8750000000
46752  16.537  -3.989  84.013 0.8750000000
122262  15.590  -3.603  84.519 0.8750000000
47715  15.301  -3.202  84.273 0.6250000000
47725  14.812  -2.572  84.283 0.8750000000
49530  14.385  -1.746  83.837 0.7500000000
44820  20.765  -7.566  83.322 0.7500000000
102778  19.883  -7.443  83.045 0.8750000000
102729  19.090  -6.936  83.266 0.8750000000
123096  17.388  -4.081  83.028 1.0000000000
47735  15.952  -2.854  82.670 0.8750000000
44818  22.510  -7.209  84.209 0.7500000000
44836  21.322  -6.911  83.272 1.0000000000
44838  19.773  -6.690  82.904 0.8750000000
45831  18.955  -5.399  82.373 0.8750000000
45832  18.319  -4.744  82.380 1.0000000000
107492  17.696  -4.212  82.590 1.0000000000
46769  17.133  -3.743  82.786 1.0000000000
47734  16.659  -3.238  82.306 1.0000000000
48676  15.537  -2.114  81.128 0.8750000000
48664  15.473  -2.286  82.108 0.8750000000
49553  13.630  -0.745  81.314 0.8750000000
50487  12.869  -0.346  81.660 0.8750000000
50489  11.497  0.017  82.275 0.8750000000
44850  20.313  -6.322  82.567 1.0000000000
44848  21.820  -6.316  82.927 1.0000000000
44837  20.523  -6.927  82.990 1.0000000000
46785  17.372  -3.647  82.003 1.0000000000
45845  18.088  -4.158  81.651 1.0000000000
48689  15.700  -1.938  80.171 1.0000000000
49568  14.749  -1.415  80.364 0.8750000000
49569  13.621  -0.851  80.392 0.8750000000
49570  12.731  -0.787  80.325 0.8750000000
48678  11.299  -1.574  80.741 0.7500000000
103951  19.787  -5.629  80.978 1.0000000000
44860  20.046  -5.854  81.819 1.0000000000
45842  20.477  -5.697  81.166 1.0000000000
46799  18.067  -3.785  80.738 1.0000000000
46809  17.740  -3.434  79.847 1.0000000000
47767  17.046  -2.865  80.302 1.0000000000
120025  13.928  -1.057  79.651 0.8750000000
48701  12.304  -1.778  79.129 0.7500000000
45841  21.258  -5.530  81.460 1.0000000000
45856  19.040  -4.790  80.199 0.8750000000
48699  16.521  -2.267  78.741 1.0000000000
49603  14.279  -1.514  78.270 0.7500000000
46807  21.566  -4.778  79.153 1.0000000000
46806  22.264  -4.263  79.579 1.0000000000
45863  20.773  -5.234  78.740 1.0000000000
45864  20.083  -5.585  79.297 1.0000000000
46797  21.697  -4.916  80.042 1.0000000000
45865  19.652  -5.474  79.655 0.8750000000
121890  18.865  -4.703  79.676 0.8750000000
45866  19.168  -5.202  79.488 1.0000000000
47792  17.799  -3.279  78.708 0.8750000000
112626  15.687  -2.068  77.202 0.8750000000
49619  15.049  -1.746  77.740 0.8750000000
49620  14.386  -1.843  77.433 0.8750000000
49621  13.721  -1.813  77.658 0.7500000000
48713  13.065  -1.916  77.925 0.7500000000
46821  20.676  -5.022  77.618 1.0000000000
46833  18.611  -5.000  77.958 0.8750000000
47805  17.749  -3.371  77.596 0.8750000000
47806  17.102  -2.857  76.988 0.8750000000
115217  15.548  -2.331  76.643 0.8750000000
48724  16.166  -2.587  76.539 0.8750000000
118808  19.096  -5.850  77.003 0.8750000000
45887  18.813  -5.535  77.517 0.8750000000
45796  23.964  -6.298  84.075 0.8750000000
45797  23.107  -6.675  83.723 0.7500000000
45814  22.692  -6.152  83.112 0.8750000000
45828  23.174  -5.395  82.723 0.8750000000
45840  21.999  -5.257  81.781 1.0000000000
47765  22.958  -3.710  79.986 1.0000000000
47790  22.693  -3.437  78.247 1.0000000000
46831  22.014  -3.862  77.974 1.0000000000
47764  23.665  -3.131  80.372 1.0000000000
47802  23.080  -2.954  77.748 1.0000000000
48733  22.857  -2.503  76.079 0.8750000000
48723  23.038  -2.405  77.291 1.0000000000
107840  24.995  -3.084  83.046 0.8750000000
47749  24.282  -3.167  81.634 1.0000000000
49583  22.797  -1.347  79.305 1.0000000000
48663  24.605  -2.572  82.630 1.0000000000
50511  22.008  -0.598  79.878 1.0000000000
51556  20.831  0.123  77.884 1.0000000000
113168  22.321  0.470  81.475 0.8750000000
121434  21.672  0.958  79.955 1.0000000000
56279  22.425  5.390  75.335 1.0000000000
56293  21.847  5.118  73.886 1.0000000000
57331  23.538  6.334  67.627 0.7500000000
56350  22.426  5.412  68.487 0.7500000000
58259  22.907  7.279  69.987 1.0000000000
57299  23.029  7.068  69.122 1.0000000000
58155  24.029  8.160  76.384 0.8750000000
58179  22.834  7.116  74.169 1.0000000000
58190  22.798  7.183  73.355 1.0000000000
58207  22.753  7.257  72.561 1.0000000000
58257  24.638  7.769  69.445 1.0000000000
58271  24.637  7.388  68.541 1.0000000000
57347  24.482  6.017  66.670 0.8750000000
119359  23.832  5.949  67.058 0.7500000000
59158  24.752  8.589  75.942 0.8750000000
59179  24.768  8.523  75.171 0.8750000000
59200  24.729  8.469  74.339 0.8750000000
58205  23.917  8.175  72.014 1.0000000000
113052  26.818  8.351  71.455 0.8750000000
58221  26.125  8.416  71.268 1.0000000000
58256  25.743  7.752  69.385 1.0000000000
117938  24.871  8.456  79.747 0.3750000000
59196  28.429  8.488  74.652 0.3750000000
117204  27.718  8.510  74.636 0.5000000000
59227  28.981  8.376  73.172 0.5000000000
102604  27.151  7.804  69.872 1.0000000000
55487  29.117  3.978  63.976 0.1250000000
55489  27.665  4.702  63.827 0.2500000000
102283  27.955  8.572  75.409 0.3750000000
104302  27.817  7.694  69.825 1.0000000000
58269  26.755  7.378  68.449 1.0000000000
107846  26.633  7.595  69.239 1.0000000000
58282  26.670  7.207  67.566 1.0000000000
56411  27.998  5.426  63.397 0.3750000000
56412  27.023  6.368  63.815 0.6250000000
108607  27.070  9.575  78.357 0.2500000000
59132  29.238  9.086  77.608 0.2500000000
60092  30.732  9.222  76.134 0.2500000000
58320  26.493  7.866  64.957 0.8750000000
57393  28.134  6.131  62.951 0.1250000000
59226  30.294  8.675  72.487 0.5000000000
59294  27.793  8.790  67.154 1.0000000000
59322  26.595  8.690  64.432 1.0000000000
59283  28.797  9.351  67.841 1.0000000000
60235  26.709  9.058  63.777 1.0000000000
121382  29.178  9.215  68.358 1.0000000000
61141  27.625  10.171  63.149 1.0000000000
117025  27.839  8.783  62.005 0.5000000000
59357  29.444  8.573  60.914 0.3750000000
61087  29.759  10.427  67.587 1.0000000000
62965  32.999  12.262  66.108 1.0000000000
61096  29.435  10.746  66.832 1.0000000000
62974  32.617  12.360  65.245 1.0000000000
61127  28.907  11.147  65.063 1.0000000000
61158  28.762  10.740  61.414 0.6250000000
61167  29.736  10.644  60.336 0.2500000000
122233  31.535  12.258  64.517 1.0000000000
109453  29.697  11.398  60.372 0.5000000000
63926  36.086  13.947  66.322 0.6250000000
63000  31.371  12.734  63.880 1.0000000000
62999  32.134  13.327  63.947 1.0000000000
63957  30.607  13.150  63.166 1.0000000000
122139  29.209  12.256  61.568 0.7500000000
64791  33.654  14.762  64.118 0.8750000000
64801  32.836  14.855  63.699 0.8750000000
64802  32.221  14.159  63.660 1.0000000000
66465  33.321  16.229  63.723 0.8750000000
65682  29.695  15.347  60.427 0.6250000000
110059  31.153  15.889  57.986 0.3750000000
119461  30.056  15.166  59.179 0.6250000000
66525  32.195  17.042  57.129 0.5000000000
67366  32.751  17.305  56.739 0.6250000000
65722  33.274  15.916  56.711 0.3750000000
67357  32.237  17.740  57.215 0.6250000000
65713  31.850  16.367  57.445 0.6250000000
68219  31.684  18.110  57.781 0.7500000000
107733  31.210  14.602  58.539 0.3750000000
104268  33.910  16.141  56.270 0.2500000000
66477  30.754  16.110  62.160 1.0000000000
123217  30.093  15.731  61.435 0.7500000000
68998  31.757  19.052  58.958 1.0000000000
117543  32.149  19.471  59.391 1.0000000000
68209  32.036  18.818  58.189 0.8750000000
68986  32.745  19.845  59.387 1.0000000000
68996  33.330  19.795  58.622 0.8750000000
69010  32.818  19.204  57.930 1.0000000000
68211  30.741  17.936  58.981 1.0000000000
68202  31.247  18.605  59.365 1.0000000000
67340  30.459  17.507  59.536 0.8750000000
68217  33.249  18.824  57.173 0.7500000000
67293  32.773  18.028  63.883 1.0000000000
68964  31.698  19.192  62.310 1.0000000000
71245  34.848  22.191  63.787 1.0000000000
71244  35.632  22.482  63.491 1.0000000000
69761  33.203  20.704  61.363 1.0000000000
69762  32.526  20.285  61.705 1.0000000000
68179  31.247  18.586  61.309 1.0000000000
70514  34.665  21.395  61.468 1.0000000000
69784  32.899  20.214  60.028 1.0000000000
68980  31.650  19.296  60.619 1.0000000000
105768  31.333  18.872  60.866 1.0000000000
69783  33.480  20.262  59.477 0.8750000000
70521  35.329  21.342  60.715 0.7500000000
69782  34.423  20.630  59.614 0.8750000000
68995  34.108  19.943  58.305 0.8750000000
120753  34.648  19.547  57.057 0.8750000000
68944  34.639  19.786  66.459 0.5000000000
68955  32.249  19.269  63.528 1.0000000000
69748  32.451  20.087  63.413 1.0000000000
71251  36.815  22.419  62.524 0.6250000000
69781  35.377  20.815  59.347 0.7500000000
72768  37.007  24.208  64.836 0.3750000000
70497  34.126  21.623  64.994 0.8750000000
70536  37.343  21.114  58.206 0.8750000000
120802  35.580  20.138  57.439 0.8750000000
123143  36.724  20.214  56.529 0.8750000000
70561  39.222  21.089  56.741 0.8750000000
69827  37.874  20.264  55.896 1.0000000000
69019  36.305  19.856  56.272 1.0000000000
123435  38.162  19.906  55.330 1.0000000000
69039  38.159  19.288  54.778 0.7500000000
102138  37.322  21.551  59.998 0.6250000000
71266  38.076  22.003  60.862 0.6250000000
70535  39.020  21.706  58.193 0.7500000000
102817  38.388  21.646  58.883 0.7500000000
70545  39.518  21.526  57.411 0.8750000000
69813  39.784  20.751  56.169 0.8750000000
70560  40.078  21.262  56.772 0.8750000000
109843  41.242  24.005  60.174 0.2500000000
71271  40.762  23.172  59.196 0.3750000000
71277  40.945  22.753  58.476 0.3750000000
72024  41.899  23.884  58.990 0.1250000000
71285  41.091  22.308  57.762 0.6250000000
72827  41.940  24.355  59.636 0.1250000000
73599  42.802  25.305  60.294 0.1250000000
72841  42.637  24.317  58.819 0.2500000000
45858  8.301  -6.149  80.454 0.6250000000
43839  11.964  -7.974  79.638 0.1250000000
113220  9.272  -8.064  79.049 0.1250000000
46771  8.643  -4.753  82.010 0.6250000000
43853  12.469  -7.494  79.055 0.2500000000
43854  11.633  -7.804  78.787 0.2500000000
44868  8.839  -6.282  79.641 0.6250000000
45857  9.033  -5.418  80.318 0.6250000000
45847  8.505  -5.390  81.191 0.6250000000
43868  12.076  -7.341  78.199 0.2500000000
107113  17.251  -5.192  76.342 0.7500000000
44914  17.593  -6.659  76.523 0.6250000000
44915  16.961  -6.045  76.413 0.7500000000
42753  10.862  -8.886  81.837 0.1250000000
115573  11.597  -8.312  81.405 0.1250000000
42765  10.680  -8.988  80.743 0.1250000000
42766  9.895  -9.209  80.069 0.1250000000
43829  12.197  -7.832  80.686 0.1250000000
42764  11.383  -8.437  80.210 0.1250000000
108635  10.536  -8.754  79.719 0.1250000000
42782  10.218  -8.234  78.930 0.1250000000
42781  11.137  -8.310  79.245 0.1250000000
42795  10.900  -7.909  78.658 0.1250000000
43870  10.350  -7.458  78.533 0.2500000000
43855  9.682  -7.587  78.766 0.2500000000
43869  11.141  -7.298  78.175 0.2500000000
43871  9.735  -6.889  78.667 0.2500000000
45868  9.442  -5.747  79.453 0.6250000000
117860  11.672  -6.692  77.623 0.3750000000
120609  11.067  -6.729  77.892 0.3750000000
44890  10.478  -6.629  78.233 0.2500000000
45867  10.028  -5.213  79.141 0.5000000000
45892  11.626  -5.784  77.296 0.6250000000
45876  11.030  -5.314  77.773 0.6250000000
46846  17.733  -4.569  76.533 0.7500000000
43899  17.792  -7.239  76.532 0.6250000000
106003  17.692  -6.030  76.494 0.6250000000
43898  18.281  -7.679  76.449 0.6250000000
46825  10.593  -4.844  78.554 0.6250000000
46845  18.325  -5.058  76.999 0.7500000000
45901  18.456  -5.981  76.596 0.7500000000
113771  18.931  -7.487  76.257 0.6250000000
44913  18.437  -6.864  76.464 0.7500000000
43920  20.119  -7.013  75.736 0.5000000000
44912  19.392  -6.991  76.028 0.3750000000
45900  19.171  -6.434  76.378 0.7500000000
47815  22.830  -2.893  76.890 0.7500000000
47816  22.421  -3.273  76.069 0.7500000000
47817  21.889  -3.968  75.344 0.6250000000
46858  21.659  -4.706  75.086 0.6250000000
47828  22.657  -3.388  75.048 0.7500000000
118015  22.254  -4.121  74.873 0.6250000000
45912  21.294  -5.674  75.296 0.5000000000
44929  20.668  -6.390  75.541 0.5000000000
45898  20.840  -5.202  75.619 0.6250000000
45913  20.507  -5.810  75.581 0.6250000000
46867  22.950  -3.856  74.607 0.5000000000
47804  21.685  -3.905  76.265 0.6250000000
46843  21.241  -4.517  75.771 0.6250000000
44911  19.952  -6.363  75.781 0.7500000000
51434  9.042  0.564  87.587 0.6250000000
102868  9.020  0.369  88.370 0.6250000000
123322  9.216  0.773  86.968 0.6250000000
50425  8.904  -0.036  86.915 0.6250000000
50463  9.695  -0.690  83.860 0.7500000000
47803  22.429  -3.418  77.216 0.7500000000
45899  19.957  -5.728  76.163 0.6250000000
114093  21.144  -4.509  76.700 0.6250000000
46844  20.587  -5.091  76.368 0.6250000000
121093  13.728  -0.872  84.758 0.5000000000
51475  11.260  0.919  84.092 0.5000000000
51477  9.778  0.294  84.719 0.7500000000
49521  14.378  -2.071  84.847 0.6250000000
112525  13.963  -1.273  84.300 0.5000000000
50460  13.451  -0.428  84.001 0.5000000000
51489  12.244  0.490  83.215 0.6250000000
51491  10.735  0.451  83.618 0.6250000000
50462  10.033  0.097  83.989 0.7500000000
51502  11.726  0.366  82.795 0.6250000000
50476  11.048  0.252  82.882 0.6250000000
50477  10.249  -0.261  83.197 0.7500000000
50488  12.343  0.093  82.413 0.7500000000
50474  13.126  -0.315  82.515 0.7500000000
122706  21.226  -4.545  77.473 0.8750000000
46832  21.641  -4.106  77.307 0.6250000000
51461  9.518  0.424  85.505 0.6250000000
51476  10.460  0.725  84.378 0.6250000000
49528  24.240  -2.125  83.998 0.7500000000
50455  23.453  -0.762  84.570 0.6250000000
116174  23.238  -0.203  84.014 0.6250000000
50471  23.227  -0.529  83.105 0.6250000000
51485  23.139  0.603  83.408 0.6250000000
51524  22.058  0.808  80.949 0.8750000000
101912  21.909  1.242  80.348 0.8750000000
51470  23.453  0.237  84.854 0.6250000000
120466  23.367  0.648  84.162 0.6250000000
52512  23.558  1.382  83.885 0.7500000000
117451  22.965  1.238  82.568 0.7500000000
50486  22.804  0.133  82.571 0.7500000000
51512  22.551  0.604  82.039 0.7500000000
52553  22.888  2.386  81.011 0.7500000000
52542  22.554  1.361  81.594 0.7500000000
52554  22.288  1.621  80.868 0.8750000000
53484  22.919  2.789  80.056 0.6250000000
54442  22.856  3.061  79.231 0.7500000000
53470  22.370  2.029  80.233 0.8750000000
53485  22.433  2.334  79.458 0.8750000000
53496  22.393  2.530  78.661 0.8750000000
52495  23.713  1.243  84.534 0.5000000000
52511  24.021  1.956  84.206 0.5000000000
108914  23.401  1.518  83.278 0.6250000000
53440  23.587  2.122  82.836 0.6250000000
53454  23.270  2.177  81.983 0.6250000000
54420  23.720  2.966  81.484 0.6250000000
54431  23.510  3.235  80.623 0.6250000000
109387  23.399  3.513  79.784 0.6250000000
108769  23.246  3.798  78.987 0.7500000000
54457  22.725  3.299  78.416 0.8750000000
55435  22.066  4.632  68.940 0.6250000000
55442  22.533  4.655  68.320 0.6250000000
56357  23.342  5.540  67.358 0.6250000000
56366  24.913  5.303  66.042 0.5000000000
53424  24.382  2.497  83.811 0.3750000000
54399  24.752  3.043  83.443 0.3750000000
53425  23.839  2.074  83.554 0.6250000000
53439  24.213  2.644  83.115 0.6250000000
54419  24.432  3.439  81.872 0.6250000000
53453  24.005  2.785  82.321 0.6250000000
55335  24.725  4.186  81.524 0.5000000000
107342  24.186  3.667  81.085 0.6250000000
54430  23.944  3.953  80.323 0.7500000000
55351  23.735  4.282  79.580 0.7500000000
56325  21.549  5.431  70.981 0.7500000000
114974  25.317  3.386  83.925 0.2500000000
54410  24.613  3.256  82.682 0.5000000000
55327  25.498  4.668  82.832 0.1250000000
54409  24.967  4.006  82.309 0.5000000000
55334  25.179  4.797  81.944 0.5000000000
55341  24.879  4.893  81.214 0.5000000000
55342  24.473  4.374  80.804 0.5000000000
55362  24.010  5.147  79.463 0.7500000000
56229  24.026  5.855  79.005 0.6250000000
56185  25.701  5.495  83.177 0.1250000000
57091  25.584  5.994  82.718 0.1250000000
56193  25.471  5.443  82.342 0.3750000000
56201  25.155  5.491  81.555 0.5000000000
56209  24.812  5.469  80.866 0.5000000000
56210  24.471  5.339  80.216 0.6250000000
71920  38.138  23.715  69.408 0.2500000000
115595  38.811  22.267  69.176 0.2500000000
69713  37.943  19.990  67.927 0.2500000000
120236  37.714  19.560  67.647 0.3750000000
68134  38.095  18.451  67.089 0.3750000000
71173  37.929  22.810  69.084 0.2500000000
70466  37.811  21.439  68.516 0.2500000000
69724  37.086  19.902  67.664 0.3750000000
67278  36.426  17.919  66.236 0.3750000000
66453  36.019  16.243  65.232 0.6250000000
71931  37.444  23.662  68.864 0.2500000000
110078  37.092  22.951  68.569 0.2500000000
69725  36.480  20.632  67.673 0.2500000000
68142  35.990  18.737  66.651 0.3750000000
67291  35.559  16.830  65.232 0.6250000000
66458  35.289  16.108  64.818 0.6250000000
71188  36.699  22.332  68.213 0.2500000000
113529  35.988  21.277  67.554 0.2500000000
114130  25.611  6.513  83.112 0.1250000000
113156  25.462  6.547  82.256 0.2500000000
57102  25.346  6.023  81.898 0.2500000000
58111  25.058  7.447  80.992 0.3750000000
110556  24.906  6.769  80.794 0.3750000000
57131  24.629  6.482  80.161 0.5000000000
70452  39.572  21.842  69.164 0.2500000000
71172  39.792  22.550  69.543 0.2500000000
69712  39.417  20.603  68.454 0.2500000000
68141  37.921  17.763  66.525 0.3750000000
110715  38.877  23.085  69.568 0.2500000000
68923  38.926  19.885  68.058 0.2500000000
66452  36.782  15.977  65.446 0.6250000000
72709  38.305  24.505  69.715 0.2500000000
72710  37.683  24.404  69.126 0.2500000000
67277  37.198  17.652  66.290 0.3750000000
116514  37.104  16.611  65.697 0.3750000000
65634  36.020  15.592  65.149 0.7500000000
71202  35.481  22.377  66.953 0.3750000000
70478  35.764  21.889  67.444 0.2500000000
118714  35.267  21.400  67.018 0.5000000000
58099  25.325  7.349  81.767 0.2500000000
71919  38.929  23.880  69.971 0.2500000000
64781  37.019  14.989  65.724 0.5000000000
64782  36.573  14.564  65.810 0.6250000000
119512  37.562  25.721  68.747 0.2500000000
113020  37.436  24.966  68.821 0.2500000000
72719  37.208  24.393  68.540 0.2500000000
64783  35.919  14.729  65.209 0.7500000000
73504  37.186  25.099  68.234 0.3750000000
72720  36.827  24.480  67.887 0.3750000000
71201  36.073  22.452  67.654 0.3750000000
73517  37.052  25.198  67.413 0.3750000000
72731  36.592  24.521  67.145 0.3750000000
71961  36.162  23.894  66.836 0.3750000000
73494  37.849  25.157  69.358 0.2500000000
73516  37.376  25.731  67.896 0.3750000000
74320  37.702  26.341  68.221 0.3750000000
73534  36.901  25.022  66.709 0.3750000000
72744  36.555  24.501  66.378 0.3750000000
60164  31.080  9.749  69.811 0.7500000000
119981  9.610  -0.364  84.424 0.7500000000
50490  10.720  -0.372  82.440 0.7500000000
48648  24.827  -2.773  84.389 0.6250000000
49538  24.231  -2.053  83.078 0.7500000000
49529  23.626  -1.288  83.720 0.6250000000
56341  21.995  5.703  69.304 0.7500000000
55449  23.343  4.672  67.237 0.6250000000
113354  24.655  5.865  80.428 0.5000000000
120703  33.552  12.446  66.665 0.8750000000
65640  35.345  15.254  64.820 0.6250000000
68146  35.510  18.191  66.039 0.6250000000
68936  35.534  19.700  66.964 0.3750000000
73533  37.441  25.659  66.669 0.3750000000
46812  9.617  -5.122  79.872 0.6250000000
69726  35.675  20.603  67.280 0.3750000000
42783  9.642  -8.712  79.413 0.1250000000
44878  9.349  -6.418  79.091 0.5000000000
119519  17.859  -5.381  76.537 0.7500000000
41651  10.273  -9.300  81.387 0.1250000000
45878  9.871  -6.086  78.761 0.5000000000
45893  11.015  -6.179  77.756 0.5000000000
45877  10.453  -5.704  78.303 0.6250000000
44928  21.432  -6.533  75.459 0.3750000000
50461  12.784  0.382  83.925 0.5000000000
50475  12.958  -0.056  83.184 0.6250000000
54398  25.147  3.737  83.104 0.2500000000
55350  24.234  4.678  80.155 0.6250000000
113586  24.610  4.953  80.643 0.6250000000
57114  24.950  6.101  81.056 0.3750000000
71186  38.131  22.009  68.859 0.2500000000
70465  38.843  21.436  68.743 0.2500000000
69714  37.300  20.762  68.098 0.2500000000
68934  37.477  19.123  67.367 0.3750000000
71187  37.421  22.185  68.608 0.2500000000
68935  36.552  19.305  67.189 0.3750000000
67284  35.959  17.403  65.717 0.6250000000
104622  36.816  17.210  65.888 0.5000000000
102385  36.389  16.712  65.515 0.6250000000
70467  36.997  21.610  68.259 0.2500000000
111669  36.242  20.020  67.408 0.3750000000
69715  36.613  21.213  67.906 0.2500000000
112532  25.213  6.636  81.469 0.2500000000
67283  37.722  17.041  65.973 0.3750000000
65633  36.648  15.186  65.464 0.6250000000
71932  36.864  23.737  68.270 0.2500000000
71948  35.985  23.163  67.283 0.3750000000
71947  36.435  23.829  67.583 0.3750000000
102067  -1.503  -18.194  83.892 0.1250000000
34142  -1.097  -17.281  83.619 0.1250000000
34152  -1.653  -18.182  82.933 0.1250000000
34168  -1.285  -17.383  82.582 0.1250000000
34936  -1.556  -17.401  81.778 0.1250000000
34950  -1.454  -16.924  81.243 0.1250000000
103554  -1.511  -18.067  84.796 0.1250000000
34143  -1.318  -17.440  84.422 0.1250000000
34923  -0.586  -16.348  83.969 0.1250000000
35727  -0.243  -15.860  82.524 0.1250000000
34935  -1.084  -16.688  82.132 0.1250000000
34949  -1.001  -16.050  81.496 0.1250000000
33273  -2.114  -18.818  87.151 0.1250000000
33289  -2.193  -17.996  87.219 0.1250000000
34915  -2.292  -16.604  87.482 0.1250000000
34129  -1.830  -17.175  86.091 0.1250000000
34919  -1.993  -16.639  86.623 0.1250000000
114595  -1.647  -16.219  85.956 0.1250000000
34921  -1.311  -16.213  85.227 0.1250000000
35712  -1.633  -15.295  86.283 0.1250000000
35721  -0.906  -15.848  84.781 0.1250000000
36676  0.002  -14.475  84.066 0.1250000000
35720  -0.361  -15.369  84.240 0.1250000000
37698  0.222  -13.643  83.803 0.1250000000
35723  0.275  -15.017  82.563 0.1250000000
33274  -2.432  -18.252  87.967 0.1250000000
113764  -2.580  -16.954  88.467 0.1250000000
34126  -2.423  -17.471  87.765 0.1250000000
36617  -2.361  -14.592  89.014 0.1250000000
35704  -2.255  -15.621  87.718 0.1250000000
37616  -1.975  -13.287  89.862 0.1250000000
107795  -1.909  -15.202  86.971 0.1250000000
119781  -1.175  -13.939  85.750 0.1250000000
107935  -1.395  -13.869  86.237 0.1250000000
38656  -1.020  -12.758  85.611 0.1250000000
37685  -0.905  -13.555  85.360 0.1250000000
37684  -0.416  -13.558  84.628 0.1250000000
36666  -0.654  -14.417  84.854 0.1250000000
38671  -0.172  -12.801  84.237 0.1250000000
36675  0.466  -14.413  83.152 0.1250000000
38681  0.580  -12.763  82.916 0.1250000000
37697  0.569  -13.566  83.047 0.1250000000
36683  0.342  -14.164  82.204 0.1250000000
37707  0.511  -13.303  82.377 0.1250000000
36684  -0.423  -15.068  81.694 0.1250000000
36690  -0.522  -14.091  81.329 0.1250000000
34110  -1.994  -17.611  90.493 0.2500000000
110600  -2.500  -19.099  89.064 0.1250000000
34900  -2.558  -17.168  89.606 0.1250000000
104871  -2.234  -16.202  90.926 0.2500000000
117999  -2.163  -15.502  91.192 0.2500000000
34908  -2.617  -16.490  89.022 0.2500000000
36595  -2.353  -14.899  90.884 0.2500000000
35697  -2.535  -15.811  88.782 0.2500000000
37617  -2.152  -14.136  90.388 0.1250000000
37645  -2.047  -14.027  88.212 0.1250000000
37631  -2.148  -13.973  89.312 0.1250000000
37658  -1.669  -13.739  87.054 0.1250000000
38610  -1.725  -13.063  87.699 0.1250000000
37630  -1.880  -13.172  88.719 0.1250000000
37657  -1.413  -13.209  86.375 0.1250000000
37644  -1.543  -12.779  86.822 0.1250000000
38655  -0.698  -12.607  85.021 0.1250000000
101920  -1.289  -12.487  86.094 0.1250000000
39667  -0.112  -11.434  84.273 0.1250000000
38670  0.278  -12.159  83.606 0.1250000000
39666  0.476  -11.267  83.370 0.1250000000
39682  0.555  -11.917  82.664 0.1250000000
38691  0.463  -12.616  82.096 0.1250000000
37715  0.112  -13.344  81.695 0.1250000000
37716  -0.945  -13.236  80.987 0.1250000000
38692  -0.305  -12.524  81.387 0.1250000000
36585  -2.038  -14.976  91.440 0.2500000000
37588  -2.037  -14.396  91.323 0.2500000000
39613  -1.306  -11.170  86.576 0.1250000000
38630  -1.425  -11.960  86.666 0.1250000000
39630  -0.798  -11.285  85.466 0.1250000000
39631  -1.200  -11.596  85.991 0.1250000000
108156  -0.219  -10.931  84.815 0.1250000000
39649  -0.587  -11.687  84.970 0.1250000000
40603  0.216  -10.832  84.047 0.1250000000
41617  0.625  -9.840  84.658 0.1250000000
40588  0.468  -10.337  84.213 0.1250000000
40602  0.652  -10.563  83.309 0.1250000000
40617  0.590  -11.006  82.300 0.1250000000
109822  -0.172  -11.035  81.326 0.1250000000
39694  0.286  -11.800  81.790 0.1250000000
40631  0.251  -10.370  81.478 0.1250000000
38693  -1.283  -12.441  80.672 0.1250000000
38702  -1.834  -12.363  80.080 0.1250000000
40574  -0.990  -10.925  85.923 0.1250000000
40561  -0.949  -10.576  86.559 0.1250000000
40573  -0.467  -10.731  85.457 0.1250000000
40560  -0.537  -10.466  85.979 0.1250000000
41604  0.105  -10.370  85.065 0.1250000000
41630  0.977  -9.854  83.775 0.1250000000
41657  0.649  -9.849  81.639 0.1250000000
109728  0.836  -10.260  82.441 0.1250000000
39696  -1.557  -11.685  80.392 0.1250000000
40642  -0.979  -10.403  80.668 0.1250000000
39705  -1.908  -11.607  79.987 0.1250000000
40643  -1.628  -10.332  80.079 0.1250000000
104902  -1.857  -10.977  79.948 0.1250000000
40651  -1.588  -10.436  79.575 0.1250000000
41701  -1.205  -9.250  78.713 0.1250000000
111160  -1.656  -9.125  90.583 0.1250000000
41592  -0.526  -10.085  86.562 0.1250000000
42665  -0.764  -8.678  88.643 0.1250000000
41603  0.324  -9.784  85.483 0.1250000000
116727  -0.171  -9.663  86.580 0.1250000000
42676  -0.138  -8.671  87.883 0.1250000000
43738  -0.940  -7.780  89.314 0.1250000000
42689  0.150  -9.049  87.029 0.1250000000
120590  0.175  -7.709  88.007 0.1250000000
43799  2.198  -7.855  84.368 0.1250000000
42720  0.932  -9.164  85.048 0.1250000000
42733  1.183  -9.291  84.188 0.1250000000
41643  1.085  -9.852  82.693 0.1250000000
42746  1.760  -8.738  82.558 0.1250000000
41629  1.375  -9.385  83.138 0.1250000000
42747  1.163  -9.382  81.867 0.1250000000
42756  1.472  -8.632  81.583 0.1250000000
42757  0.243  -9.363  81.009 0.1250000000
109709  -0.052  -8.762  80.447 0.1250000000
121632  -0.559  -9.265  80.496 0.1250000000
42770  0.971  -8.385  80.755 0.1250000000
41672  -1.179  -9.608  80.225 0.1250000000
43845  0.314  -8.016  79.988 0.1250000000
42785  -0.540  -8.321  79.630 0.1250000000
42772  -1.241  -9.190  79.716 0.1250000000
41673  -1.456  -9.729  79.720 0.1250000000
43859  -0.805  -7.888  78.898 0.1250000000
42786  -1.042  -8.565  79.240 0.1250000000
43858  -0.259  -7.638  79.189 0.1250000000
43722  -1.350  -7.236  90.295 0.1250000000
42628  -1.594  -8.145  90.895 0.1250000000
43754  -0.334  -7.763  88.540 0.1250000000
42705  0.817  -8.917  85.881 0.1250000000
42675  0.528  -8.123  87.444 0.1250000000
44785  -0.091  -6.798  88.295 0.1250000000
44794  0.825  -6.631  87.029 0.1250000000
42719  1.598  -8.500  84.674 0.1250000000
42732  1.875  -8.551  83.674 0.1250000000
42731  2.319  -8.006  82.965 0.1250000000
43822  2.665  -7.056  82.714 0.1250000000
43823  2.233  -7.976  82.107 0.1250000000
43832  2.532  -7.143  81.635 0.1250000000
116596  2.609  -6.465  81.232 0.1250000000
42769  1.916  -7.870  81.168 0.1250000000
43843  2.268  -7.053  80.750 0.1250000000
43844  1.377  -7.584  80.343 0.1250000000
44872  1.808  -6.746  79.921 0.1250000000
44881  1.259  -6.327  79.071 0.1250000000
42606  -0.447  -8.611  93.497 0.3750000000
123503  -0.967  -8.048  93.165 0.3750000000
43707  -1.555  -6.996  91.291 0.1250000000
44721  -0.969  -6.409  92.573 0.2500000000
44771  -1.071  -5.784  89.369 0.1250000000
45737  -1.182  -5.252  90.774 0.1250000000
45768  -0.630  -5.693  88.082 0.1250000000
46687  -0.953  -4.664  89.536 0.1250000000
46673  -0.800  -4.760  90.339 0.1250000000
43769  1.443  -7.023  86.498 0.1250000000
44795  0.046  -6.184  87.537 0.1250000000
45759  -1.013  -5.402  88.664 0.1250000000
43785  2.067  -7.485  85.181 0.1250000000
118594  1.700  -7.475  85.919 0.1250000000
42687  1.325  -7.987  86.343 0.1250000000
43798  2.446  -6.943  84.447 0.1250000000
44842  2.645  -6.446  83.652 0.1250000000
45835  2.725  -5.929  82.840 0.1250000000
122194  8.142  -5.387  81.850 0.5000000000
104665  7.232  -6.480  81.746 0.3750000000
44871  2.462  -6.219  80.501 0.1250000000
45859  2.487  -5.291  80.457 0.1250000000
42597  2.337  -8.289  94.082 0.5000000000
42599  0.867  -8.724  93.758 0.3750000000
110893  0.740  -7.937  93.837 0.3750000000
44705  0.662  -6.552  93.959 0.3750000000
117920  0.640  -5.427  93.578 0.2500000000
45725  -0.514  -5.079  91.786 0.1250000000
45716  -0.383  -5.312  92.540 0.1250000000
46660  0.043  -4.698  91.677 0.1250000000
103761  0.598  -4.242  91.011 0.1250000000
45777  0.198  -5.800  86.778 0.1250000000
118892  -1.058  -4.766  87.961 0.1250000000
47667  -0.255  -4.152  89.479 0.1250000000
104947  1.026  -3.951  90.705 0.1250000000
52487  10.452  1.347  85.561 0.5000000000
45778  -0.782  -5.165  87.087 0.1250000000
46698  -0.600  -4.117  88.702 0.1250000000
47666  0.222  -3.848  89.340 0.1250000000
51460  10.112  0.984  85.106 0.5000000000
44808  1.827  -6.556  85.806 0.1250000000
46710  -1.081  -4.277  87.311 0.1250000000
101771  -0.238  -3.791  88.634 0.1250000000
43784  2.245  -6.524  85.076 0.1250000000
45789  0.405  -5.429  86.077 0.1250000000
44826  2.354  -5.919  84.544 0.1250000000
45788  1.371  -5.734  85.725 0.1250000000
45820  2.386  -5.428  83.528 0.1250000000
44862  2.717  -6.228  82.005 0.1250000000
45848  2.591  -5.287  82.207 0.1250000000
41492  2.918  -8.548  93.779 0.5000000000
105600  3.102  -8.190  94.187 0.5000000000
42592  3.152  -7.780  94.581 0.5000000000
41493  2.242  -8.844  93.682 0.5000000000
113138  2.564  -7.652  94.499 0.5000000000
43670  2.268  -7.124  94.607 0.3750000000
44704  1.243  -6.507  94.253 0.3750000000
45705  1.240  -5.422  93.992 0.3750000000
46642  0.015  -4.966  92.407 0.1250000000
47617  1.702  -4.555  93.523 0.1250000000
53373  11.227  2.378  87.703 0.2500000000
53374  10.566  2.382  87.967 0.2500000000
53360  10.480  2.555  88.694 0.2500000000
117817  9.983  2.268  88.337 0.3750000000
47626  1.182  -4.380  92.127 0.1250000000
47616  2.310  -4.251  93.553 0.1250000000
105359  9.939  1.768  87.015 0.3750000000
113645  1.709  -3.994  91.924 0.1250000000
106276  2.549  -3.806  92.931 0.1250000000
52472  11.329  1.881  86.482 0.5000000000
52473  10.375  1.652  86.318 0.3750000000
52456  9.930  2.039  87.686 0.3750000000
121282  1.602  -3.729  90.704 0.1250000000
119976  1.655  -3.803  91.203 0.1250000000
51448  9.314  0.591  86.306 0.5000000000
47664  1.634  -3.642  89.925 0.1250000000
52501  10.955  1.265  84.886 0.5000000000
45779  -1.088  -4.521  87.014 0.1250000000
47683  -0.670  -3.720  87.769 0.1250000000
48608  -0.118  -3.359  87.831 0.1250000000
121562  -0.367  -4.795  85.679 0.1250000000
111154  1.688  -5.074  84.219 0.1250000000
45803  0.477  -5.065  85.360 0.1250000000
122478  1.150  -4.612  84.011 0.1250000000
41694  18.731  -9.477  78.186 0.1250000000
42595  4.536  -7.759  94.764 0.5000000000
43668  4.284  -7.502  95.402 0.5000000000
43663  4.374  -7.218  95.916 0.5000000000
42603  4.978  -7.795  94.666 0.5000000000
44696  3.833  -6.468  95.849 0.3750000000
44700  2.549  -6.593  94.853 0.3750000000
105975  3.022  -5.122  94.899 0.3750000000
46631  3.205  -4.647  94.760 0.2500000000
53359  11.238  2.583  88.327 0.2500000000
52440  9.534  1.686  88.405 0.3750000000
53358  11.934  2.314  87.955 0.2500000000
48564  3.984  -3.114  92.355 0.1250000000
47624  2.221  -3.814  92.300 0.1250000000
52454  11.676  2.131  87.226 0.2500000000
107743  9.158  1.042  88.145 0.5000000000
52485  11.945  1.567  85.969 0.3750000000
51474  11.726  1.170  84.523 0.5000000000
43866  15.477  -7.162  78.613 0.1250000000
42794  16.008  -7.787  78.411 0.1250000000
43880  16.009  -7.233  77.716 0.1250000000
41695  18.010  -9.360  78.553 0.1250000000
42792  17.368  -8.775  77.970 0.1250000000
120390  16.835  -8.627  78.456 0.1250000000
41715  18.924  -9.240  77.436 0.1250000000
41712  21.070  -9.199  77.983 0.2500000000
106538  20.731  -8.963  77.325 0.2500000000
41714  19.609  -9.277  77.470 0.1250000000
42801  22.270  -8.420  77.719 0.1250000000
42802  21.451  -8.710  77.458 0.2500000000
43893  22.856  -7.239  76.689 0.1250000000
43877  22.568  -7.815  77.226 0.2500000000
44908  23.112  -6.682  76.287 0.1250000000
122925  7.200  -7.548  94.701 0.5000000000
43673  5.475  -7.777  95.098 0.3750000000
42589  5.231  -7.719  95.476 0.3750000000
121164  5.669  -7.742  94.200 0.5000000000
118837  12.711  2.561  89.168 0.2500000000
53349  11.197  2.846  89.054 0.2500000000
53342  9.835  2.214  89.819 0.2500000000
52413  9.532  1.489  90.161 0.5000000000
52439  12.820  1.936  88.423 0.2500000000
52453  12.503  1.756  87.550 0.3750000000
53351  9.839  2.257  89.006 0.5000000000
52427  9.509  1.620  89.318 0.5000000000
106964  8.917  -0.484  88.636 0.5000000000
51433  12.906  1.132  87.104 0.3750000000
51423  9.221  0.984  88.860 0.5000000000
51459  12.451  1.207  85.587 0.3750000000
52500  11.782  1.386  85.194 0.3750000000
51490  11.521  0.625  83.385 0.5000000000
117177  15.717  -6.434  77.321 0.2500000000
44898  16.426  -6.705  76.863 0.1250000000
41716  18.205  -9.100  77.639 0.1250000000
42806  17.792  -8.539  77.104 0.1250000000
43879  16.773  -7.620  77.048 0.1250000000
42804  19.302  -8.856  76.836 0.1250000000
42825  20.798  -8.414  76.670 0.2500000000
42803  20.087  -8.947  76.970 0.1250000000
43894  22.091  -7.521  76.385 0.2500000000
44909  22.309  -6.809  75.805 0.2500000000
45910  23.077  -5.151  74.943 0.2500000000
44927  22.925  -6.026  75.523 0.1250000000
46866  23.735  -3.787  74.474 0.2500000000
45909  23.814  -4.875  75.103 0.2500000000
46856  23.296  -4.414  74.673 0.2500000000
47837  24.183  -3.166  74.253 0.2500000000
107711  6.837  -7.247  93.124 0.5000000000
112105  15.288  2.004  90.398 0.2500000000
53337  14.603  2.819  90.641 0.2500000000
53338  13.558  3.124  90.394 0.2500000000
54327  13.381  3.483  91.040 0.2500000000
52412  14.141  2.186  90.033 0.2500000000
54328  12.688  3.415  90.631 0.2500000000
54318  11.930  3.452  91.035 0.2500000000
52424  14.722  1.088  90.155 0.2500000000
53347  13.276  2.642  89.704 0.2500000000
53339  12.673  3.113  89.886 0.2500000000
54329  11.910  3.314  90.223 0.2500000000
116566  10.511  2.680  91.122 0.2500000000
52425  14.066  1.083  89.549 0.2500000000
52426  13.367  1.930  89.259 0.2500000000
54333  11.931  3.034  89.432 0.2500000000
53341  10.442  2.732  90.277 0.2500000000
53331  9.877  2.135  90.665 0.2500000000
52399  9.613  1.348  91.016 0.5000000000
52438  13.551  1.011  88.835 0.2500000000
50403  9.216  0.009  90.014 0.5000000000
51422  13.719  0.100  88.604 0.3750000000
52452  13.229  0.904  88.016 0.3750000000
51411  9.294  0.840  89.675 0.5000000000
106813  9.102  -0.758  89.547 0.5000000000
119900  13.299  0.451  87.396 0.3750000000
51458  13.050  0.687  85.828 0.3750000000
51447  12.701  1.200  86.297 0.3750000000
117439  13.313  0.075  85.448 0.3750000000
50446  12.597  0.855  84.828 0.3750000000
42829  17.540  -7.862  76.728 0.2500000000
118354  17.162  -8.238  77.244 0.1250000000
42805  18.531  -8.750  76.926 0.1250000000
43896  20.380  -7.716  75.999 0.2500000000
42826  19.824  -8.345  76.388 0.2500000000
44910  21.612  -7.177  75.802 0.2500000000
48748  23.782  -2.468  74.228 0.3750000000
50584  23.746  -1.224  73.708 0.3750000000
54325  15.742  2.938  91.059 0.2500000000
54315  15.035  3.594  92.020 0.2500000000
54316  13.732  3.617  91.849 0.2500000000
109868  16.047  2.031  90.369 0.2500000000
54326  14.310  3.337  91.145 0.2500000000
54317  12.743  3.532  91.432 0.2500000000
54307  12.043  3.402  91.863 0.2500000000
53319  12.203  3.204  92.743 0.2500000000
53320  11.409  2.886  92.354 0.2500000000
102814  11.260  3.130  91.491 0.2500000000
53321  10.678  2.451  91.970 0.2500000000
52390  9.769  1.118  91.888 0.5000000000
51394  9.498  0.476  91.326 0.5000000000
107886  13.535  -0.212  87.173 0.3750000000
50434  13.483  -0.169  86.273 0.3750000000
50445  13.325  -0.127  84.756 0.3750000000
118315  22.707  -6.558  87.737 0.3750000000
43760  20.322  -8.037  86.114 0.3750000000
43743  22.295  -6.973  87.044 0.3750000000
45902  16.563  -4.985  76.244 0.3750000000
43900  17.165  -7.054  76.623 0.5000000000
43897  19.583  -7.620  76.072 0.2500000000
43895  21.270  -7.708  76.179 0.2500000000
45911  22.146  -5.327  74.952 0.3750000000
119536  21.961  -6.065  75.229 0.3750000000
46857  22.476  -4.552  74.780 0.2500000000
48740  23.139  -2.534  74.831 0.5000000000
50595  24.251  -0.456  73.665 0.2500000000
121505  14.287  3.642  92.380 0.2500000000
54305  13.839  3.584  92.847 0.2500000000
49496  13.754  -1.027  86.819 0.3750000000
49509  13.769  -0.961  85.657 0.3750000000
44763  22.611  -6.386  88.555 0.3750000000
45743  23.912  -5.865  89.411 0.3750000000
108452  23.308  -6.300  88.006 0.3750000000
44789  22.996  -6.883  86.177 0.6250000000
45742  24.593  -5.375  89.787 0.3750000000
44762  23.996  -5.976  88.387 0.3750000000
44777  23.967  -6.196  87.417 0.3750000000
44761  24.687  -5.660  87.772 0.3750000000
44802  22.794  -7.254  85.134 0.6250000000
44788  23.797  -6.436  86.473 0.3750000000
44801  23.659  -6.764  85.531 0.6250000000
45781  25.257  -5.257  85.726 0.3750000000
46725  25.649  -4.599  85.365 0.5000000000
47706  25.679  -3.824  85.060 0.5000000000
46737  25.671  -4.493  84.543 0.5000000000
50585  22.742  -1.185  73.822 0.5000000000
50596  23.292  -0.637  73.404 0.1250000000
48641  14.146  -1.835  85.551 0.3750000000
120179  25.164  -4.819  90.017 0.3750000000
45753  24.648  -5.487  88.817 0.3750000000
48585  26.060  -2.547  89.151 0.2500000000
47654  26.068  -3.806  88.911 0.2500000000
110479  25.765  -2.275  88.334 0.2500000000
112539  25.790  -3.747  87.413 0.2500000000
46704  25.299  -4.844  87.001 0.2500000000
44800  24.342  -6.211  85.886 0.5000000000
48611  25.662  -2.978  87.643 0.2500000000
47688  25.625  -4.206  86.827 0.2500000000
45771  24.854  -5.707  86.190 0.3750000000
47699  25.637  -3.993  85.906 0.3750000000
49517  23.795  -1.504  84.560 0.5000000000
50598  21.463  -0.347  73.525 0.5000000000
46727  16.202  -4.927  85.070 0.5000000000
49522  13.997  -1.442  85.028 0.3750000000
116168  26.078  -2.860  89.878 0.2500000000
47655  25.740  -4.208  89.636 0.2500000000
50454  23.699  -0.876  85.535 0.3750000000
45785  15.787  -5.429  85.861 0.3750000000
46728  15.489  -4.515  85.448 0.3750000000
47716  14.958  -3.102  84.839 0.5000000000
48649  14.673  -2.773  85.049 0.5000000000
52494  24.185  1.796  84.850 0.2500000000
51469  23.865  1.118  85.111 0.2500000000
47707  15.279  -3.655  85.040 0.5000000000
47708  14.776  -3.286  85.485 0.5000000000
53548  20.924  2.716  72.547 0.5000000000
55421  21.285  4.287  71.714 0.5000000000
103281  21.297  4.118  70.953 0.6250000000
120155  21.377  4.747  71.165 0.6250000000
55428  21.471  4.610  70.396 0.6250000000
59092  25.050  8.452  80.446 0.2500000000
65730  37.592  15.154  55.428 0.1250000000
105805  36.931  15.511  55.377 0.1250000000
65729  38.333  15.156  55.139 0.1250000000
66543  36.867  16.287  54.962 0.1250000000
65738  38.232  15.980  54.538 0.1250000000
64928  40.768  14.961  54.024 0.1250000000
65737  39.909  15.131  54.445 0.1250000000
66550  37.554  16.595  54.588 0.2500000000
121214  39.435  15.774  54.105 0.1250000000
66560  38.858  16.274  54.135 0.1250000000
117896  39.500  16.479  53.738 0.1250000000
105192  40.795  15.744  53.383 0.1250000000
65748  40.073  15.714  53.796 0.1250000000
68251  37.023  18.123  54.717 0.2500000000
66551  36.881  17.186  54.706 0.2500000000
66549  38.237  16.892  54.232 0.1250000000
66561  38.938  17.145  53.871 0.1250000000
66559  40.244  16.561  53.389 0.1250000000
66569  41.654  16.649  52.657 0.1250000000
69029  38.796  19.855  55.093 0.7500000000
67381  38.404  17.776  54.189 0.2500000000
67391  39.717  17.316  53.573 0.1250000000
67380  39.176  17.963  53.879 0.2500000000
67390  40.675  17.474  53.261 0.1250000000
67389  41.492  17.357  52.843 0.1250000000
67399  42.153  17.306  52.511 0.1250000000
113498  40.390  20.242  55.501 0.7500000000
69038  39.080  19.285  54.541 0.2500000000
68249  38.681  18.600  54.302 0.2500000000
68248  39.522  18.690  54.090 0.3750000000
68259  40.044  18.120  53.664 0.3750000000
113810  42.540  17.929  52.350 0.1250000000
67398  42.698  17.200  52.128 0.1250000000
69824  41.584  20.441  55.582 0.7500000000
69027  40.444  19.704  54.881 0.5000000000
69028  39.642  19.797  54.987 0.3750000000
69036  41.920  19.542  54.417 0.6250000000
104774  40.914  19.364  54.408 0.5000000000
69037  39.957  19.284  54.438 0.3750000000
68257  41.934  18.700  53.378 0.1250000000
68246  41.479  19.024  53.897 0.3750000000
68247  40.440  18.831  53.940 0.3750000000
68258  41.009  18.367  53.495 0.3750000000
117433  42.358  18.508  52.566 0.1250000000
68265  42.128  18.158  52.808 0.1250000000
112547  41.479  18.011  53.130 0.2500000000
44882  0.010  -6.822  78.612 0.1250000000
42600  0.262  -8.769  93.662 0.3750000000
42594  1.307  -7.894  94.028 0.3750000000
42596  3.786  -8.034  94.290 0.5000000000
42615  -1.443  -8.942  92.429 0.1250000000
42607  -1.104  -8.851  93.122 0.1250000000
34894  -2.270  -16.944  90.528 0.2500000000
35690  -2.552  -15.297  89.425 0.1250000000
42604  4.325  -7.963  94.164 0.5000000000
111285  -1.566  -8.031  91.845 0.1250000000
42642  -1.390  -8.397  89.978 0.1250000000
121828  -1.771  -13.987  91.823 0.3750000000
42655  -1.173  -8.726  89.265 0.1250000000
45782  24.914  -5.887  85.351 0.5000000000
108549  23.166  -2.019  74.777 0.6250000000
46726  25.402  -5.303  84.890 0.6250000000
103938  21.773  -0.976  74.001 0.5000000000
109126  21.090  3.425  72.067 0.5000000000
119626  25.579  9.411  80.702 0.1250000000
34893  -1.998  -16.677  90.910 0.2500000000
109385  9.120  0.176  89.192 0.5000000000
46848  16.092  -4.149  75.927 0.6250000000
44861  7.846  -5.984  81.318 0.5000000000
44879  9.013  -7.139  79.114 0.1250000000
43919  20.871  -7.088  75.653 0.2500000000
112377  9.435  1.340  87.471 0.5000000000
111038  12.067  0.917  83.909 0.3750000000
52488  9.834  1.149  85.863 0.3750000000
122137  23.104  -3.273  74.709 0.6250000000
34169  -1.783  -18.177  81.951 0.1250000000
34927  -0.586  -16.641  83.023 0.1250000000
106152  -1.660  -17.824  85.573 0.1250000000
34135  -1.502  -17.063  85.231 0.1250000000
34924  -1.116  -16.702  84.570 0.1250000000
103427  -0.166  -15.972  83.389 0.1250000000
35724  0.228  -15.278  83.304 0.1250000000
34130  -2.128  -17.335  86.902 0.1250000000
116615  -2.480  -16.290  88.271 0.2500000000
33288  -1.876  -18.193  86.351 0.1250000000
35713  -1.943  -15.922  86.823 0.1250000000
35718  -1.302  -15.353  85.496 0.1250000000
36640  -1.643  -14.552  86.637 0.1250000000
36654  -1.368  -14.567  85.931 0.1250000000
118644  -0.946  -15.067  84.989 0.1250000000
34123  -2.592  -17.705  88.713 0.2500000000
113891  -2.381  -14.980  88.405 0.1250000000
36641  -1.999  -14.680  87.486 0.1250000000
36667  -1.081  -14.472  85.412 0.1250000000
38642  -0.967  -12.030  85.556 0.1250000000
120484  -0.358  -12.092  84.469 0.1250000000
34117  -2.519  -17.938  89.508 0.2500000000
31594  -2.332  -20.430  89.415 0.1250000000
117175  -0.138  -10.323  85.582 0.1250000000
121733  0.874  -10.134  83.345 0.1250000000
110436  -1.157  -11.117  80.723 0.1250000000
40632  -1.693  -10.985  80.228 0.1250000000
41591  -0.107  -10.032  86.049 0.1250000000
43860  -0.967  -8.008  78.609 0.1250000000
41684  -1.262  -9.164  79.238 0.1250000000
41579  -0.426  -9.535  87.198 0.1250000000
41590  0.269  -9.398  86.266 0.1250000000
43721  -0.997  -6.687  89.589 0.1250000000
42688  0.749  -8.532  86.709 0.1250000000
42704  1.447  -8.298  85.531 0.1250000000
119830  0.697  -8.955  81.129 0.1250000000
43857  0.733  -7.238  79.494 0.1250000000
114341  -1.317  -8.036  92.660 0.1250000000
44756  -1.308  -6.023  90.297 0.1250000000
43692  -1.391  -7.121  92.192 0.1250000000
118601  -0.875  -6.422  89.168 0.1250000000
43770  1.028  -7.554  87.019 0.1250000000
44784  0.537  -7.150  87.626 0.1250000000
45758  -0.737  -6.196  88.773 0.1250000000
43675  0.171  -7.792  93.673 0.3750000000
44711  -0.581  -6.700  93.171 0.2500000000
43678  -0.472  -7.502  93.389 0.3750000000
43682  -1.025  -7.279  92.897 0.2500000000
44745  -1.405  -5.967  91.116 0.1250000000
44732  -1.291  -6.156  91.825 0.1250000000
45726  -1.062  -5.426  91.483 0.1250000000
44720  -0.418  -5.884  93.062 0.2500000000
46662  -0.846  -4.991  91.107 0.1250000000
46686  -0.641  -4.415  89.543 0.1250000000
47637  0.114  -4.438  90.999 0.1250000000
47650  -0.294  -4.440  90.299 0.1250000000
44809  1.153  -6.165  86.395 0.1250000000
112203  -0.915  -4.446  88.791 0.1250000000
42598  1.530  -8.548  93.860 0.5000000000
43674  1.011  -7.196  94.127 0.3750000000
43671  1.612  -7.142  94.342 0.3750000000
122035  0.553  -7.218  93.881 0.3750000000
45697  0.890  -5.935  94.005 0.3750000000
45698  0.271  -5.918  93.606 0.3750000000
120712  0.903  -5.150  93.587 0.1250000000
45706  0.040  -5.329  93.090 0.2500000000
46651  0.596  -4.659  92.266 0.1250000000
47636  0.612  -4.447  91.575 0.1250000000
47649  0.263  -4.173  90.267 0.1250000000
47665  0.991  -3.529  89.150 0.1250000000
102966  0.756  -3.872  89.915 0.1250000000
52486  11.098  1.587  85.698 0.5000000000
46699  -0.978  -4.150  87.950 0.1250000000
45790  -0.588  -4.960  86.250 0.1250000000
45802  1.520  -5.388  84.985 0.1250000000
46772  2.244  -4.857  82.844 0.1250000000
42591  3.973  -7.738  94.777 0.5000000000
105059  3.684  -7.457  95.030 0.5000000000
42593  1.954  -7.789  94.259 0.5000000000
43669  2.997  -7.175  94.934 0.5000000000
44697  3.085  -6.390  95.287 0.3750000000
44701  1.920  -6.402  94.537 0.3750000000
46629  2.437  -5.378  94.680 0.3750000000
107156  2.451  -5.995  94.845 0.3750000000
45694  1.422  -5.961  94.293 0.3750000000
46632  2.547  -4.871  94.506 0.2500000000
47607  2.173  -4.623  94.065 0.2500000000
46640  1.142  -4.540  92.887 0.1250000000
46641  0.590  -4.922  93.081 0.1250000000
52455  10.695  2.132  87.160 0.2500000000
47634  2.315  -3.633  91.578 0.1250000000
47623  3.058  -3.464  92.099 0.1250000000
48571  3.986  -2.944  91.385 0.1250000000
116886  5.017  -7.747  95.095 0.5000000000
42590  4.725  -7.658  95.246 0.5000000000
43667  4.860  -7.641  95.755 0.3750000000
43664  3.700  -7.070  95.422 0.5000000000
45688  3.450  -5.779  95.626 0.3750000000
45692  2.946  -5.653  95.106 0.3750000000
47605  3.488  -4.124  94.540 0.2500000000
53348  11.999  2.656  88.675 0.2500000000
48563  4.705  -2.606  92.702 0.1250000000
52471  12.204  1.693  86.736 0.2500000000
42793  16.577  -8.179  77.873 0.1250000000
41713  20.310  -9.298  77.703 0.2500000000
43878  21.769  -8.128  76.918 0.2500000000
44907  23.763  -6.267  76.484 0.2500000000
43672  6.279  -7.742  94.939 0.5000000000
43666  5.922  -7.660  95.599 0.3750000000
43662  5.492  -7.570  96.018 0.3750000000
53340  11.171  3.092  89.830 0.2500000000
53350  10.432  2.673  89.459 0.2500000000
44916  15.965  -5.728  76.638 0.3750000000
47838  23.528  -3.230  74.479 0.3750000000
53330  11.177  3.201  90.654 0.2500000000
52398  10.034  1.957  91.536 0.3750000000
51403  9.380  0.673  90.493 0.5000000000
51446  13.214  0.528  86.679 0.3750000000
42828  18.186  -8.238  76.649 0.1250000000
42827  18.927  -8.192  76.402 0.1250000000
54306  12.889  3.518  92.300 0.2500000000
53310  11.657  2.509  93.236 0.2500000000
44750  23.231  -6.147  88.964 0.3750000000
43728  22.026  -6.718  88.164 0.3750000000
54297  13.040  3.327  93.184 0.2500000000
46705  25.192  -5.124  87.626 0.2500000000
46693  25.279  -5.062  88.346 0.2500000000
44787  24.451  -5.963  86.786 0.3750000000
48598  26.038  -3.085  88.562 0.2500000000
46692  25.651  -4.491  87.777 0.2500000000
123272  25.076  -2.687  86.980 0.2500000000
66542  37.574  15.759  54.951 0.1250000000
105892  36.152  15.941  55.363 0.1250000000
67382  37.645  17.514  54.457 0.2500000000
66558  41.021  16.583  53.009 0.1250000000
69026  41.325  19.827  54.998 0.7500000000
104679  4.807  -5.451  96.579 0.2500000000
119386  3.967  -5.162  95.751 0.2500000000
44695  4.723  -6.543  96.446 0.2500000000
45687  4.033  -5.849  96.130 0.2500000000
46624  5.791  -5.313  97.191 0.2500000000
111800  5.311  -4.661  96.791 0.2500000000
45691  3.370  -5.290  95.295 0.2500000000
44693  7.500  -6.628  96.729 0.2500000000
44691  6.657  -6.793  96.926 0.2500000000
45686  5.613  -6.213  97.041 0.2500000000
44703  7.757  -7.159  95.375 0.2500000000
43661  6.289  -7.338  96.262 0.2500000000
44694  5.726  -6.973  96.659 0.2500000000
109598  6.609  -7.611  93.948 0.3750000000
54294  15.949  3.658  93.662 0.1250000000
53299  15.829  2.525  95.284 0.1250000000
51367  14.183  0.778  96.723 0.1250000000
51368  13.660  0.141  96.774 0.1250000000
49419  12.411  -1.265  97.182 0.1250000000
53329  16.195  3.136  90.960 0.1250000000
54314  16.194  3.550  91.892 0.1250000000
54303  16.023  3.679  92.735 0.1250000000
54295  14.786  3.458  93.624 0.1250000000
54287  14.941  2.859  94.524 0.1250000000
52367  14.578  1.154  95.975 0.1250000000
52368  13.691  0.736  95.733 0.1250000000
50362  12.686  -0.709  96.159 0.1250000000
49423  12.649  -1.107  96.663 0.1250000000
48542  11.553  -2.700  96.623 0.1250000000
47591  11.085  -2.989  97.297 0.1250000000
46623  9.760  -4.542  97.051 0.2500000000
47587  9.326  -3.762  97.953 0.2500000000
114467  7.108  -4.483  97.687 0.2500000000
47593  6.193  -3.639  96.957 0.2500000000
105381  16.379  2.629  90.247 0.1250000000
54304  14.862  3.671  92.880 0.1250000000
53300  14.037  2.433  94.563 0.1250000000
51373  12.551  -0.260  95.592 0.1250000000
50365  12.002  -0.774  95.414 0.1250000000
105756  11.739  -2.306  96.152 0.1250000000
47597  11.074  -3.279  96.473 0.1250000000
46626  9.901  -4.682  96.267 0.2500000000
45683  9.392  -5.190  96.488 0.2500000000
45681  7.453  -5.442  97.463 0.2500000000
53308  13.245  2.912  93.948 0.1250000000
53301  13.074  2.163  94.435 0.1250000000
52372  12.889  1.288  94.892 0.1250000000
49431  11.538  -1.330  95.208 0.2500000000
49427  11.328  -2.161  95.363 0.2500000000
48543  11.285  -2.912  95.930 0.1250000000
119792  9.451  -5.615  94.585 0.3750000000
44698  8.385  -6.610  95.811 0.3750000000
53309  12.482  2.766  93.622 0.1250000000
105278  8.859  -6.036  93.154 0.3750000000
45704  8.986  -6.261  94.132 0.3750000000
103467  7.435  -6.852  92.759 0.3750000000
44738  23.047  -6.091  89.970 0.2500000000
44751  22.448  -6.317  89.509 0.2500000000
51376  12.707  0.425  95.297 0.1250000000
46630  10.104  -4.273  95.282 0.3750000000
46625  10.277  -4.251  96.043 0.2500000000
52379  12.126  1.957  94.106 0.1250000000
52373  11.909  1.045  94.481 0.1250000000
50366  11.217  -0.664  94.774 0.2500000000
48553  10.519  -2.239  94.422 0.2500000000
48545  10.759  -3.006  95.077 0.2500000000
46639  9.621  -5.130  93.949 0.3750000000
52380  11.310  1.638  93.647 0.1250000000
51382  11.074  0.744  93.994 0.2500000000
49439  10.187  -1.373  93.670 0.3750000000
47622  9.903  -3.220  92.930 0.3750000000
47613  9.992  -3.740  93.784 0.3750000000
118399  9.331  -5.715  93.730 0.3750000000
45715  8.122  -6.223  92.515 0.3750000000
53336  16.345  1.777  89.933 0.1250000000
52410  16.041  1.147  90.160 0.1250000000
52388  10.896  2.139  92.829 0.1250000000
51390  10.023  0.788  92.684 0.3750000000
51384  9.889  0.054  92.871 0.3750000000
50373  10.048  -0.537  93.293 0.3750000000
45714  8.761  -5.498  92.354 0.3750000000
51388  25.167  1.034  92.628 0.1250000000
50376  25.206  -0.330  92.737 0.1250000000
50377  24.775  -1.017  93.026 0.1250000000
52411  15.485  1.126  90.297 0.1250000000
51391  9.670  0.263  92.195 0.3750000000
114758  9.600  -3.755  92.211 0.3750000000
45722  8.650  -4.909  91.549 0.3750000000
119940  25.689  0.800  92.034 0.1250000000
50383  25.721  -0.407  92.066 0.1250000000
49442  24.895  -1.713  92.807 0.1250000000
51400  16.020  0.555  89.989 0.1250000000
46659  9.197  -4.161  91.553 0.3750000000
102689  25.942  1.011  91.386 0.1250000000
51393  25.910  0.285  91.717 0.1250000000
111288  25.719  -1.295  91.649 0.1250000000
48558  25.213  -1.997  92.249 0.1250000000
47618  24.280  -3.339  92.395 0.1250000000
46653  23.440  -4.835  91.750 0.1250000000
51401  15.606  0.478  90.169 0.1250000000
51402  14.968  0.318  90.257 0.1250000000
48565  25.553  -2.327  91.497 0.1250000000
47627  25.385  -3.223  91.215 0.1250000000
46652  24.224  -4.507  91.392 0.2500000000
47639  25.810  -3.447  90.299 0.1250000000
47628  24.672  -3.712  91.706 0.2500000000
46666  23.784  -5.148  91.177 0.2500000000
45719  22.361  -5.830  91.600 0.1250000000
44740  21.521  -6.389  91.018 0.1250000000
51409  14.440  0.194  89.869 0.1250000000
51410  14.013  0.143  89.245 0.1250000000
46665  24.497  -5.029  90.637 0.2500000000
44722  22.043  -6.104  91.107 0.2500000000
43700  19.983  -6.886  90.641 0.1250000000
123161  19.512  -6.948  91.159 0.1250000000
43697  21.819  -6.491  89.910 0.2500000000
43715  20.181  -7.039  89.701 0.2500000000
43730  19.477  -7.685  88.926 0.2500000000
43744  21.384  -7.144  87.729 0.2500000000
104437  19.939  -7.849  88.050 0.2500000000
43745  20.584  -7.646  87.336 0.2500000000
43747  19.017  -8.059  87.793 0.2500000000
48554  10.009  -2.295  93.350 0.3750000000
52423  16.397  1.309  89.407 0.1250000000
49440  9.810  -1.472  92.812 0.3750000000
48561  9.719  -2.267  92.270 0.3750000000
109099  9.758  -3.065  92.012 0.3750000000
51421  16.361  0.806  88.842 0.1250000000
52409  16.228  1.088  89.884 0.1250000000
114870  9.561  -1.278  91.945 0.3750000000
48569  9.645  -2.650  91.561 0.3750000000
47632  9.514  -3.365  91.354 0.3750000000
52406  26.030  1.685  90.832 0.1250000000
105789  24.094  -0.839  93.383 0.1250000000
50386  9.488  -0.395  91.641 0.3750000000
49444  9.496  -1.913  91.380 0.3750000000
122001  9.054  -3.863  90.819 0.3750000000
52407  26.214  1.029  90.557 0.1250000000
51397  26.134  0.443  91.157 0.1250000000
115134  25.894  -1.825  90.819 0.1250000000
49436  23.334  -1.108  93.565 0.1250000000
117910  23.880  -3.117  92.949 0.1250000000
50392  15.249  -0.255  90.197 0.1250000000
111039  9.339  -0.172  90.812 0.3750000000
50410  25.911  -0.059  89.476 0.1250000000
111383  25.936  -1.046  90.914 0.1250000000
49438  22.330  -2.154  93.560 0.1250000000
46633  22.818  -4.134  93.314 0.1250000000
45707  22.720  -5.270  92.110 0.1250000000
50393  14.680  -0.503  90.074 0.1250000000
105191  9.256  -0.795  90.339 0.3750000000
104929  25.636  -0.745  88.751 0.1250000000
122195  25.892  -0.864  89.520 0.1250000000
111347  25.929  -1.343  90.091 0.1250000000
46634  22.037  -4.483  93.750 0.1250000000
47609  22.385  -3.599  93.710 0.1250000000
44713  21.089  -6.390  92.400 0.1250000000
44724  20.458  -6.718  92.068 0.1250000000
50401  14.324  -0.652  89.583 0.1250000000
50402  14.010  -0.617  88.979 0.1250000000
45700  20.820  -5.331  94.029 0.1250000000
44715  19.180  -6.459  93.494 0.1250000000
43716  18.791  -7.393  89.526 0.2500000000
49468  25.368  -1.440  88.191 0.1250000000
44726  18.538  -6.929  92.967 0.2500000000
43717  18.072  -7.238  90.183 0.2500000000
43731  18.425  -7.710  88.535 0.2500000000
50413  13.805  -0.557  88.442 0.2500000000
51432  13.566  -0.063  87.955 0.2500000000
49479  25.134  -2.120  87.578 0.1250000000
44741  17.111  -7.095  90.856 0.2500000000
44765  17.220  -7.288  88.432 0.2500000000
44764  17.854  -7.685  87.370 0.2500000000
48637  25.259  -3.416  85.643 0.3750000000
104138  16.268  -6.934  88.156 0.2500000000
44780  16.468  -6.812  86.767 0.2500000000
44791  17.196  -7.303  86.575 0.2500000000
48647  25.259  -3.276  84.833 0.3750000000
45773  16.120  -6.229  86.258 0.2500000000
50400  15.983  -0.076  89.688 0.1250000000
52420  26.232  1.331  89.573 0.1250000000
52433  26.344  2.044  89.179 0.1250000000
50391  15.701  -0.004  90.015 0.1250000000
106852  15.544  -0.811  89.997 0.1250000000
51419  25.921  0.725  88.952 0.1250000000
102655  25.535  0.067  88.428 0.1250000000
50419  25.106  -0.604  87.989 0.1250000000
118718  14.151  -1.365  89.286 0.1250000000
48559  21.744  -2.625  93.396 0.1250000000
47612  20.096  -4.504  93.669 0.1250000000
49490  24.626  -2.013  86.836 0.1250000000
50430  24.229  -0.964  86.686 0.1250000000
46638  18.499  -5.185  93.600 0.1250000000
50424  13.771  -0.941  87.864 0.2500000000
48625  24.854  -2.799  86.231 0.1250000000
49504  24.348  -1.983  85.950 0.2500000000
45711  17.763  -5.579  93.607 0.1250000000
49516  24.266  -2.094  84.955 0.5000000000
44742  16.164  -6.603  91.403 0.1250000000
45764  15.666  -6.418  87.889 0.1250000000
46716  14.987  -4.986  86.239 0.2500000000
51429  25.610  0.826  87.979 0.1250000000
50412  16.280  -0.057  88.965 0.1250000000
52434  26.063  1.466  88.521 0.1250000000
51430  25.028  0.170  87.646 0.1250000000
49461  16.131  -1.582  89.406 0.1250000000
49452  15.065  -1.589  90.370 0.1250000000
49453  14.476  -1.549  90.009 0.1250000000
102397  15.967  -2.299  90.059 0.1250000000
51442  24.522  0.127  86.942 0.1250000000
47641  20.326  -3.632  90.328 0.1250000000
48589  14.098  -2.643  90.300 0.1250000000
116384  14.015  -2.184  89.545 0.1250000000
46655  17.853  -4.623  92.368 0.1250000000
114274  13.690  -2.990  88.223 0.2500000000
109342  13.882  -2.408  87.942 0.2500000000
49472  13.910  -1.758  88.321 0.2500000000
45713  16.212  -5.426  92.791 0.1250000000
107984  14.103  -3.748  87.134 0.2500000000
48616  13.954  -3.034  87.523 0.2500000000
105906  14.030  -2.421  87.206 0.2500000000
45744  15.576  -6.480  89.874 0.1250000000
45765  15.053  -5.955  87.511 0.1250000000
47700  14.474  -3.519  86.277 0.2500000000
48640  14.418  -2.652  85.759 0.2500000000
46729  14.936  -4.016  85.909 0.1250000000
116391  25.803  2.251  86.847 0.1250000000
52449  25.750  1.652  87.497 0.1250000000
52465  25.189  1.674  86.617 0.1250000000
51441  25.060  0.933  87.183 0.1250000000
52481  24.782  1.787  85.933 0.1250000000
52466  24.493  0.963  86.335 0.1250000000
101997  24.024  -0.040  86.303 0.1250000000
48575  15.695  -2.970  90.730 0.1250000000
52482  24.299  1.461  85.531 0.1250000000
50440  23.847  0.517  85.675 0.1250000000
109182  16.048  -4.460  92.069 0.1250000000
47631  15.174  -4.148  91.744 0.1250000000
47646  13.793  -3.602  90.640 0.1250000000
46657  15.444  -4.894  92.331 0.1250000000
46683  13.715  -4.612  90.112 0.1250000000
47692  13.711  -3.656  87.974 0.2500000000
46682  14.229  -5.398  89.300 0.1250000000
46694  14.348  -5.397  88.134 0.1250000000
46717  14.441  -4.375  86.719 0.1250000000
53595  24.386  2.417  68.301 0.1250000000
53605  23.998  2.947  67.582 0.1250000000
53596  23.611  2.839  68.391 0.1250000000
54541  22.404  3.528  69.106 0.2500000000
54549  22.529  4.048  68.512 0.2500000000
122830  24.037  3.442  66.954 0.2500000000
54555  23.527  3.771  67.349 0.3750000000
55469  26.130  4.683  64.829 0.2500000000
55470  25.744  4.086  65.087 0.2500000000
123456  24.844  3.795  65.946 0.2500000000
55459  24.498  4.446  66.211 0.2500000000
54542  21.740  4.056  69.651 0.5000000000
56356  23.970  5.180  66.700 0.5000000000
55448  23.893  4.213  66.730 0.3750000000
56379  25.615  4.971  65.332 0.3750000000
58364  29.008  7.997  61.394 0.2500000000
59347  28.294  8.214  61.795 0.3750000000
66448  37.716  16.118  65.794 0.3750000000
65626  37.805  15.465  66.069 0.3750000000
73493  38.482  25.301  70.050 0.1250000000
115265  38.057  25.995  69.589 0.1250000000
68933  38.361  19.215  67.597 0.2500000000
64775  37.355  14.898  66.134 0.5000000000
62963  34.791  13.004  67.164 0.6250000000
71918  40.025  23.416  70.097 0.1250000000
71171  41.053  22.835  69.942 0.1250000000
73483  39.256  25.442  70.827 0.1250000000
70451  40.720  21.935  69.410 0.1250000000
68922  40.196  19.778  68.219 0.1250000000
66446  39.301  17.339  66.792 0.1250000000
68932  39.437  19.104  67.702 0.1250000000
65625  38.433  15.851  66.370 0.2500000000
72698  39.046  24.634  70.368 0.1250000000
67270  39.404  17.942  67.031 0.1250000000
68133  38.985  18.485  67.261 0.1250000000
65615  38.033  15.162  66.548 0.3750000000
74310  37.868  26.584  69.019 0.1250000000
68140  38.764  17.873  66.753 0.2500000000
64776  36.796  14.359  66.619 0.5000000000
63927  35.461  13.452  66.972 0.5000000000
75192  38.019  26.998  68.397 0.2500000000
122588  38.325  16.567  66.141 0.2500000000
75221  38.820  27.233  66.932 0.2500000000
75204  38.452  27.330  67.745 0.2500000000
62957  33.640  12.428  67.412 0.6250000000
61993  33.078  12.047  67.922 0.6250000000
119063  37.951  26.291  66.759 0.2500000000
123133  37.363  25.711  67.341 0.2500000000
73532  38.127  26.081  66.101 0.2500000000
113421  41.623  20.288  68.628 0.1250000000
68131  40.638  18.297  67.885 0.1250000000
70463  41.182  21.145  68.946 0.1250000000
66447  39.003  16.570  66.585 0.1250000000
118814  38.548  15.452  66.904 0.1250000000
64764  37.523  14.644  66.931 0.3750000000
63919  36.219  13.908  67.202 0.5000000000
62955  35.047  13.155  67.990 0.5000000000
62947  33.733  12.357  68.262 0.6250000000
61069  32.098  11.003  69.123 0.6250000000
61985  33.139  11.828  68.793 0.6250000000
62956  34.317  12.711  67.695 0.6250000000
61986  32.628  11.669  68.295 0.6250000000
61076  31.983  11.316  68.309 0.6250000000
74347  39.262  26.984  66.253 0.2500000000
74348  38.529  26.631  66.489 0.2500000000
73545  39.370  25.973  65.101 0.2500000000
74361  38.910  26.393  65.779 0.2500000000
66438  39.738  16.822  67.337 0.1250000000
65614  39.154  15.947  66.993 0.1250000000
64745  37.488  14.581  67.891 0.1250000000
63903  36.906  14.195  68.283 0.1250000000
62945  35.040  12.959  68.870 0.3750000000
62929  34.633  12.537  69.406 0.5000000000
64763  38.132  14.988  67.307 0.1250000000
63904  36.329  13.864  68.071 0.5000000000
62930  33.904  12.223  69.125 0.6250000000
61979  32.757  11.305  69.415 0.6250000000
64765  36.883  14.252  67.487 0.3750000000
105585  32.359  10.705  69.861 0.6250000000
115534  32.511  11.431  68.796 0.6250000000
105634  39.831  25.439  64.500 0.2500000000
112078  43.482  20.961  69.960 0.1250000000
61978  33.473  11.647  69.650 0.5000000000
61965  33.074  11.082  70.192 0.5000000000
60147  32.029  9.998  71.146 0.3750000000
61070  31.847  10.143  70.284 0.3750000000
108382  31.330  9.578  70.715 0.3750000000
72778  39.819  24.283  63.503 0.2500000000
72007  40.148  23.883  62.921 0.2500000000
60148  31.499  9.466  71.566 0.3750000000
61964  33.796  11.449  70.433 0.3750000000
61063  32.595  10.521  70.692 0.3750000000
70568  42.233  20.923  55.896 0.6250000000
70567  42.951  21.064  55.528 0.5000000000
70574  42.937  20.812  54.798 0.5000000000
69823  42.568  20.498  55.227 0.5000000000
69832  42.237  19.969  54.898 0.6250000000
102897  16.341  0.336  88.311 0.1250000000
44719  6.527  -6.879  92.352 0.3750000000
44790  17.918  -7.655  86.386 0.2500000000
43746  19.633  -8.064  86.999 0.2500000000
54556  23.390  3.387  67.945 0.2500000000
53409  24.534  2.365  84.451 0.1250000000
112226  25.117  4.353  65.642 0.3750000000
70464  39.989  21.255  68.831 0.1250000000
71907  39.705  24.137  70.444 0.1250000000
119494  37.968  26.741  67.785 0.2500000000
48638  24.777  -2.806  85.326 0.5000000000
74334  38.208  26.747  67.176 0.2500000000
118248  5.024  -7.326  96.212 0.2500000000
43665  6.885  -7.474  95.742 0.3750000000
105847  7.874  -7.184  94.387 0.3750000000
43660  7.011  -7.072  96.402 0.2500000000
44708  8.249  -6.767  93.535 0.3750000000
52389  10.284  1.643  92.363 0.2500000000
115366  14.059  -1.953  86.446 0.2500000000
45730  23.699  -5.649  90.492 0.2500000000
47640  25.134  -4.177  90.750 0.1250000000
45774  15.355  -5.764  86.649 0.2500000000
43729  21.212  -6.886  88.798 0.2500000000
54296  13.893  3.251  93.744 0.1250000000
50420  24.759  -1.283  87.453 0.1250000000
114523  6.114  -4.364  97.249 0.2500000000
46621  6.584  -5.150  97.495 0.2500000000
45685  8.007  -6.032  97.021 0.2500000000
45684  8.720  -5.633  96.746 0.2500000000
116940  7.269  -6.279  97.142 0.2500000000
44699  7.622  -6.907  96.194 0.2500000000
120622  6.147  -6.566  97.089 0.2500000000
45690  8.927  -5.908  96.118 0.2500000000
54286  15.808  3.227  94.494 0.1250000000
105617  15.044  1.906  95.439 0.1250000000
53294  15.662  2.062  95.829 0.1250000000
51371  14.084  0.665  96.414 0.1250000000
50359  13.101  -0.582  97.053 0.1250000000
50361  13.151  -0.445  96.622 0.1250000000
49424  12.047  -1.954  96.777 0.1250000000
54313  16.389  3.777  91.800 0.1250000000
52371  13.924  1.548  95.219 0.1250000000
51372  13.340  -0.003  96.149 0.1250000000
49426  12.074  -1.526  95.976 0.1250000000
47596  11.248  -3.007  96.911 0.1250000000
48538  11.564  -2.542  97.115 0.1250000000
46618  10.215  -3.906  97.311 0.2500000000
46622  10.271  -4.127  96.675 0.2500000000
115446  9.725  -4.085  97.608 0.2500000000
112729  9.996  -3.637  97.800 0.2500000000
45679  9.165  -5.055  97.089 0.2500000000
46620  8.081  -4.558  97.842 0.2500000000
45680  8.447  -5.228  97.338 0.2500000000
47589  7.728  -3.643  97.953 0.2500000000
115382  10.621  -3.788  96.405 0.2500000000
47601  10.682  -3.661  95.741 0.2500000000
109806  9.916  -4.672  95.699 0.3750000000
45689  9.542  -5.315  95.645 0.3750000000
49432  10.855  -1.396  94.626 0.2500000000
45695  9.730  -4.873  94.913 0.3750000000
44702  8.462  -6.792  94.772 0.3750000000
45731  22.742  -5.951  90.864 0.2500000000
51377  11.714  0.088  94.885 0.1250000000
47602  10.270  -3.730  94.715 0.3750000000
51378  10.881  0.014  94.280 0.1250000000
50372  10.525  -0.604  94.030 0.3750000000
48546  10.201  -3.085  94.069 0.3750000000
105997  9.870  -4.392  94.156 0.3750000000
52381  10.596  1.238  93.174 0.1250000000
51383  10.378  0.267  93.472 0.2500000000
102675  9.782  -4.118  93.096 0.3750000000
123264  9.653  -4.729  93.327 0.3750000000
46650  9.322  -5.307  93.103 0.3750000000
50380  9.726  -0.614  92.562 0.3750000000
46649  9.353  -4.637  92.421 0.3750000000
118469  24.514  -2.498  92.761 0.1250000000
48566  25.014  -2.886  92.047 0.1250000000
50388  26.032  -0.293  91.286 0.1250000000
46644  23.132  -4.513  92.514 0.1250000000
45718  23.115  -5.493  91.360 0.1250000000
44712  21.654  -6.229  91.669 0.1250000000
43698  21.418  -6.530  90.466 0.2500000000
44723  21.078  -6.588  91.531 0.1250000000
43699  20.816  -6.761  90.376 0.2500000000
108255  19.506  -7.122  89.836 0.2500000000
43686  19.903  -6.854  91.580 0.1250000000
43701  19.026  -7.129  90.629 0.2500000000
43714  20.789  -6.891  89.540 0.2500000000
104438  20.720  -7.322  88.206 0.2500000000
51408  16.216  0.621  89.519 0.1250000000
111862  9.372  -1.035  91.106 0.3750000000
50370  23.640  -0.172  93.442 0.1250000000
50398  25.992  -0.561  90.334 0.1250000000
48549  23.648  -2.541  93.301 0.1250000000
48550  22.783  -2.626  93.648 0.1250000000
47619  23.557  -3.767  92.814 0.1250000000
46645  22.385  -4.937  93.006 0.1250000000
47610  21.473  -3.956  93.840 0.1250000000
45699  21.611  -5.262  93.564 0.1250000000
45709  21.011  -5.904  93.358 0.1250000000
45710  20.359  -5.855  93.939 0.1250000000
44714  20.219  -6.431  93.218 0.1250000000
43687  18.972  -7.037  91.814 0.1250000000
44707  18.976  -5.976  93.901 0.1250000000
46636  19.839  -4.981  93.963 0.1250000000
101732  17.571  -6.554  93.046 0.1250000000
43688  18.008  -6.996  92.354 0.1250000000
43702  18.058  -7.125  91.331 0.2500000000
44752  17.190  -7.218  89.662 0.2500000000
44779  16.816  -7.182  87.423 0.2500000000
44753  16.297  -6.887  90.225 0.1250000000
44766  16.318  -6.979  89.129 0.2500000000
45754  15.618  -6.492  88.814 0.1250000000
108407  15.804  -6.349  87.067 0.2500000000
116019  14.981  -0.928  90.267 0.1250000000
119062  24.667  -0.497  87.347 0.1250000000
48560  21.088  -3.233  93.039 0.1250000000
47611  20.828  -3.927  93.672 0.1250000000
46637  19.347  -4.862  93.639 0.1250000000
47620  20.331  -3.955  93.201 0.1250000000
110234  13.952  -1.178  88.663 0.1250000000
47630  19.768  -4.152  92.387 0.1250000000
45703  18.530  -5.666  93.807 0.1250000000
46646  18.708  -4.554  93.069 0.1250000000
45712  16.968  -5.542  93.293 0.1250000000
46647  17.548  -5.106  93.185 0.1250000000
113960  17.351  -5.968  93.418 0.1250000000
44727  16.978  -6.818  92.213 0.1250000000
44728  15.974  -6.112  92.493 0.1250000000
45732  15.624  -6.403  90.814 0.1250000000
119305  16.002  -0.787  89.414 0.1250000000
50423  16.410  -0.396  88.073 0.1250000000
111558  16.284  -1.005  88.653 0.1250000000
123395  15.805  -1.203  89.743 0.1250000000
49471  16.525  -1.875  88.491 0.1250000000
49451  15.589  -1.660  90.062 0.1250000000
48577  14.577  -2.285  90.461 0.1250000000
106417  16.494  -2.397  89.218 0.1250000000
49462  13.930  -1.808  88.953 0.1250000000
48587  20.769  -2.958  89.725 0.1250000000
47642  19.730  -4.170  91.061 0.1250000000
47661  13.600  -3.041  89.733 0.2500000000
104046  14.384  -2.984  90.892 0.1250000000
48602  13.724  -2.507  88.843 0.2500000000
46654  18.918  -4.469  91.735 0.1250000000
46669  17.224  -4.426  91.650 0.1250000000
46656  16.837  -4.863  92.607 0.1250000000
117624  19.098  -4.355  90.711 0.1250000000
47678  13.533  -4.094  88.565 0.2500000000
47679  13.468  -3.355  88.844 0.2500000000
49482  13.906  -1.755  87.440 0.2500000000
113275  16.192  -4.974  92.661 0.1250000000
45720  15.491  -5.440  92.405 0.1250000000
44729  15.350  -5.963  91.835 0.1250000000
46707  13.914  -4.590  87.732 0.2500000000
48630  14.212  -2.913  86.710 0.2500000000
45745  14.846  -5.972  89.648 0.1250000000
45755  14.935  -6.004  88.507 0.1250000000
46706  14.601  -5.243  87.115 0.1250000000
119658  16.335  -3.420  90.653 0.1250000000
114794  15.015  -3.337  91.156 0.1250000000
48576  15.143  -2.403  90.632 0.1250000000
48588  16.433  -2.991  89.908 0.1250000000
47643  16.720  -3.990  91.074 0.1250000000
47644  15.717  -3.698  91.365 0.1250000000
47645  14.419  -3.850  91.321 0.1250000000
47660  13.433  -3.917  89.539 0.2500000000
46670  14.011  -4.460  91.210 0.1250000000
46658  14.677  -4.603  91.721 0.1250000000
120160  14.339  -5.025  91.503 0.1250000000
46695  13.739  -4.750  88.881 0.1250000000
45734  14.176  -5.250  90.576 0.1250000000
53617  24.582  2.916  66.842 0.1250000000
54548  22.977  3.406  68.471 0.1250000000
53586  23.180  2.823  69.043 0.1250000000
59356  29.965  7.792  61.099 0.1250000000
69711  40.434  20.620  68.568 0.1250000000
68132  39.814  18.373  67.452 0.1250000000
68931  40.348  18.892  67.825 0.1250000000
119867  32.802  10.324  71.560 0.3750000000
105240  16.287  0.220  87.463 0.1250000000
45733  14.840  -5.793  90.974 0.1250000000
48747  24.619  -2.489  74.104 0.2500000000
49654  24.253  -1.841  73.905 0.3750000000
71293  43.035  21.943  56.637 0.5000000000
70557  42.691  21.396  56.255 0.5000000000
69831  42.639  20.247  54.646 0.3750000000
117690  43.120  21.454  54.661 0.3750000000
49653  25.105  -1.781  74.000 0.2500000000
70556  43.347  21.602  55.951 0.3750000000
47595  4.636  -4.481  96.147 0.1250000000
122575  4.850  -3.983  96.094 0.1250000000
47590  6.845  -3.652  97.472 0.1250000000
47594  5.401  -3.961  96.555 0.1250000000
47598  5.228  -3.629  95.898 0.1250000000
47599  4.467  -3.977  95.617 0.1250000000
48537  7.412  -2.908  97.628 0.1250000000
48548  4.833  -3.217  94.497 0.1250000000
47600  3.820  -4.344  95.121 0.1250000000
47588  8.583  -3.820  98.063 0.1250000000
47614  4.040  -3.584  94.130 0.1250000000
48541  6.041  -3.314  96.340 0.1250000000
48544  5.821  -3.005  95.643 0.1250000000
47582  9.605  -3.128  98.047 0.1250000000
44870  7.535  -6.891  80.686 0.2500000000
46842  24.516  -4.773  75.610 0.1250000000
102890  24.511  -5.829  76.918 0.1250000000
45897  23.982  -5.512  75.772 0.1250000000
46854  24.838  -4.216  75.319 0.1250000000
121751  25.178  -3.393  74.872 0.1250000000
47836  25.541  -2.999  75.056 0.1250000000
51617  21.268  1.107  72.590 0.3750000000
52615  21.059  1.829  72.335 0.3750000000
52606  20.704  2.122  73.130 0.3750000000
52614  21.702  1.290  72.042 0.3750000000
52621  21.526  1.863  71.664 0.2500000000
53561  21.237  2.591  71.659 0.3750000000
52620  22.252  1.593  71.488 0.1250000000
53560  21.801  2.227  71.081 0.3750000000
53559  22.762  1.928  70.835 0.1250000000
106353  21.286  3.448  71.245 0.3750000000
53572  23.216  2.166  70.232 0.1250000000
54532  21.549  3.552  70.416 0.3750000000
54531  22.038  3.283  69.791 0.3750000000
54564  24.440  3.621  66.435 0.1250000000
54563  25.042  3.112  66.179 0.1250000000
54573  25.412  3.501  65.580 0.1250000000
102338  30.288  9.540  79.368 0.1250000000
60992  31.988  10.134  79.139 0.1250000000
60068  29.854  9.325  78.688 0.1250000000
60991  32.607  10.340  78.440 0.1250000000
60997  34.213  10.980  77.542 0.1250000000
61004  34.105  10.764  76.441 0.1250000000
60125  32.593  9.967  73.272 0.1250000000
121161  32.234  9.784  72.662 0.1250000000
107878  32.201  9.836  71.969 0.2500000000
60136  32.920  10.192  72.486 0.1250000000
61977  34.174  12.026  69.931 0.2500000000
65712  32.638  15.725  57.228 0.1250000000
69063  42.064  18.936  49.702 0.1250000000
69851  40.829  20.165  50.108 0.1250000000
121041  41.519  19.374  49.198 0.1250000000
110775  40.979  19.943  49.230 0.1250000000
103633  42.066  18.941  48.785 0.1250000000
69839  42.384  20.496  53.562 0.1250000000
70577  42.657  21.192  54.086 0.1250000000
70580  41.334  21.544  52.429 0.1250000000
69838  42.669  20.296  54.207 0.1250000000
70587  40.617  21.018  50.321 0.1250000000
70586  40.826  21.717  49.794 0.1250000000
69859  40.731  20.866  49.314 0.1250000000
70590  41.012  21.665  49.050 0.1250000000
69072  41.338  19.668  48.438 0.1250000000
115035  40.945  20.394  48.617 0.1250000000
110687  41.833  19.235  47.968 0.1250000000
70598  41.064  21.187  48.365 0.1250000000
72051  43.269  22.798  54.509 0.2500000000
71297  43.455  22.026  54.830 0.2500000000
70566  43.338  21.446  55.228 0.2500000000
72916  42.722  24.294  52.511 0.1250000000
72054  42.561  23.132  53.745 0.1250000000
72057  42.052  23.671  52.078 0.1250000000
72061  41.446  22.911  52.088 0.1250000000
71304  41.560  22.275  52.689 0.1250000000
69035  42.473  19.838  54.284 0.1250000000
113287  41.239  22.671  51.260 0.1250000000
69079  41.538  19.757  47.563 0.1250000000
70607  41.383  21.098  47.543 0.1250000000
72047  44.130  22.910  55.436 0.1250000000
71291  44.247  22.716  55.986 0.1250000000
103085  43.777  22.563  55.004 0.2500000000
71295  43.783  22.153  55.527 0.2500000000
73705  43.929  25.276  52.752 0.1250000000
72915  43.320  24.730  53.022 0.1250000000
72907  42.845  24.064  53.445 0.1250000000
72923  42.750  24.326  51.562 0.1250000000
72065  41.634  23.146  50.662 0.1250000000
72064  42.270  23.560  50.199 0.1250000000
72070  41.712  22.979  49.860 0.1250000000
72069  42.299  23.294  49.351 0.1250000000
71310  41.358  22.380  49.377 0.1250000000
71315  41.873  22.745  48.823 0.1250000000
71316  41.413  22.064  48.538 0.1250000000
70606  41.877  21.759  47.115 0.1250000000
69873  41.494  20.451  47.226 0.1250000000
72883  44.848  24.089  55.684 0.1250000000
71282  43.319  22.593  57.001 0.3750000000
72894  43.845  24.116  54.635 0.1250000000
72046  44.574  23.373  55.837 0.1250000000
71292  43.676  22.263  56.293 0.2500000000
73692  43.814  25.032  53.479 0.1250000000
72906  43.466  24.455  53.883 0.1250000000
72050  43.807  23.260  54.860 0.1250000000
72053  43.223  23.684  54.235 0.1250000000
72925  44.917  24.906  50.207 0.1250000000
109666  43.562  24.720  51.125 0.1250000000
72932  44.657  24.499  49.486 0.1250000000
102408  43.884  24.521  50.185 0.1250000000
102359  45.203  24.439  48.971 0.1250000000
72940  44.494  24.135  48.711 0.1250000000
72933  43.783  24.102  49.259 0.1250000000
72927  42.904  24.208  50.630 0.1250000000
72074  44.434  23.763  47.916 0.1250000000
72075  43.554  23.628  48.402 0.1250000000
72063  43.025  23.938  49.765 0.1250000000
72076  42.580  23.185  48.530 0.1250000000
72905  44.081  24.873  54.221 0.1250000000
73691  44.460  25.520  53.507 0.1250000000
73704  44.602  25.702  52.450 0.1250000000
73731  45.735  25.322  50.340 0.1250000000
73719  44.746  25.558  51.524 0.1250000000
73720  44.136  25.376  52.048 0.1250000000
72931  45.635  24.794  49.578 0.1250000000
72939  45.923  24.535  48.785 0.1250000000
73732  45.098  25.371  50.795 0.1250000000
52605  20.791  1.294  73.052 0.3750000000
60070  27.827  9.619  78.930 0.1250000000
60067  30.494  9.472  78.720 0.1250000000
64849  31.002  13.854  58.993 0.2500000000
71283  42.498  22.417  57.268 0.3750000000
113128  31.969  15.489  57.720 0.1250000000
44869  8.250  -6.992  79.809 0.1250000000
46628  3.568  -4.843  95.219 0.1250000000
47604  4.225  -3.793  94.905 0.1250000000
47827  24.651  -3.706  74.716 0.1250000000
46855  24.143  -4.343  74.837 0.1250000000
119591  24.962  -3.065  74.480 0.1250000000
46627  4.073  -4.554  95.554 0.1250000000
48540  6.748  -3.025  96.993 0.1250000000
47603  5.000  -3.436  95.242 0.1250000000
45883  24.843  -5.106  76.546 0.1250000000
46841  25.288  -4.346  76.199 0.1250000000
47826  25.373  -3.673  75.453 0.1250000000
53574  21.517  2.869  70.906 0.3750000000
53573  22.119  2.643  70.331 0.3750000000
60054  29.736  9.448  79.229 0.1250000000
102008  31.071  9.735  79.348 0.1250000000
60055  29.061  9.525  79.359 0.1250000000
69064  41.391  19.459  49.921 0.1250000000
71301  42.176  22.237  53.502 0.1250000000
71305  41.073  22.219  51.933 0.1250000000
69843  42.439  19.736  53.648 0.1250000000
120480  40.720  21.725  50.538 0.1250000000
71307  41.142  22.407  50.359 0.1250000000
71298  42.862  22.132  54.251 0.1250000000
71303  41.890  23.043  52.900 0.1250000000
72060  42.194  23.721  51.073 0.1250000000
120216  41.638  23.255  51.410 0.1250000000
70583  40.789  22.038  51.174 0.1250000000
71328  41.513  21.723  47.877 0.1250000000
72049  44.321  23.689  55.282 0.1250000000
72922  43.451  24.907  52.063 0.1250000000
71309  41.794  22.869  49.341 0.1250000000
72068  43.043  23.631  49.051 0.1250000000
71327  42.046  22.489  47.926 0.1250000000
72926  44.382  25.074  50.873 0.1250000000
72921  44.049  25.170  51.510 0.1250000000
72098  44.157  23.389  47.038 0.1250000000
37629  1.875  -13.671  88.362 0.2500000000
42729  5.321  -8.360  82.813 0.1250000000
51607  21.164  0.468  73.109 0.2500000000
122175  24.946  -0.463  73.960 0.1250000000
53587  22.698  2.726  69.635 0.1250000000
61054  33.470  10.862  71.077 0.1250000000
57409  28.257  6.852  62.488 0.1250000000
57418  29.772  6.679  62.064 0.1250000000
58363  29.444  7.244  61.702 0.1250000000
57408  29.078  6.727  62.191 0.1250000000
58350  28.600  7.461  61.960 0.1250000000
75191  38.401  27.529  68.471 0.1250000000
76064  38.848  28.031  68.217 0.1250000000
75203  39.202  27.833  67.456 0.1250000000
74360  39.867  26.681  65.572 0.1250000000
73544  40.268  26.085  64.886 0.1250000000
73559  40.755  25.490  64.380 0.1250000000
72764  40.275  24.896  63.956 0.1250000000
41628  4.256  -9.711  83.757 0.1250000000
36616  1.528  -14.475  88.558 0.2500000000
42745  4.935  -9.216  82.622 0.1250000000
50583  24.655  -1.161  73.833 0.1250000000
50597  22.311  -0.641  73.381 0.2500000000
34116  -1.042  -18.312  90.192 0.1250000000
33247  -1.828  -18.802  90.451 0.1250000000
34899  -0.987  -17.291  90.437 0.1250000000
34892  -1.613  -16.452  91.000 0.1250000000
34891  -0.777  -16.413  90.796 0.1250000000
34907  0.510  -16.996  88.842 0.1250000000
34898  0.094  -16.695  89.808 0.1250000000
35689  0.711  -15.677  89.559 0.1250000000
35696  0.772  -16.281  88.691 0.1250000000
36605  0.808  -15.000  90.356 0.1250000000
35695  1.159  -15.386  88.582 0.1250000000
109583  1.481  -15.106  87.765 0.1250000000
36627  1.788  -14.331  87.689 0.1250000000
37642  2.248  -13.054  86.970 0.1250000000
41691  21.416  -9.416  78.772 0.1250000000
42791  21.902  -8.962  78.240 0.1250000000
42790  22.663  -8.614  78.503 0.1250000000
51616  21.836  0.642  72.465 0.1250000000
63049  32.296  12.551  59.223 0.1250000000
64001  31.672  13.211  59.073 0.1250000000
64011  31.916  13.972  58.652 0.1250000000
121705  31.395  15.219  58.163 0.1250000000
66544  35.388  16.516  55.434 0.1250000000
63050  31.358  12.463  59.350 0.1250000000
33248  -2.031  -18.681  90.313 0.1250000000
34111  -2.265  -17.775  90.152 0.1250000000
51606  21.983  -0.039  72.883 0.1250000000
34109  -1.858  -17.489  90.586 0.1250000000
35688  1.225  -14.742  89.511 0.1250000000
36639  1.959  -14.425  86.813 0.1250000000
51615  22.538  0.410  72.583 0.1250000000
63048  33.282  12.580  59.227 0.1250000000
64000  32.758  13.375  58.876 0.1250000000
64870  32.175  14.714  58.134 0.1250000000
37670  -1.197  -13.279  85.888 0.1250000000
39695  -0.730  -11.735  81.075 0.1250000000
41658  -0.316  -9.770  80.877 0.1250000000
42771  -0.941  -8.919  80.016 0.1250000000
43684  21.096  -6.602  90.949 0.1250000000
43685  20.620  -6.733  91.208 0.1250000000
43712  21.885  -6.526  89.128 0.2500000000
43713  21.318  -6.677  89.760 0.2500000000
43732  17.983  -7.327  89.243 0.2500000000
43762  18.674  -8.044  86.650 0.3750000000
43811  2.457  -7.498  83.657 0.1250000000
44692  8.208  -6.327  96.493 0.2500000000
44706  19.680  -5.978  93.991 0.1250000000
44709  7.417  -7.285  93.663 0.5000000000
44710  0.031  -6.736  93.598 0.3750000000
44716  18.228  -6.212  93.563 0.1250000000
44717  16.740  -6.082  93.046 0.1250000000
44725  19.566  -6.850  92.575 0.1250000000
44739  22.127  -6.284  90.435 0.2500000000
44770  -0.559  -6.942  88.975 0.1250000000
44778  23.210  -6.557  87.123 0.3750000000
44805  17.400  -6.606  85.197 0.6250000000
44827  2.033  -5.969  85.304 0.1250000000
44880  2.127  -5.849  79.669 0.1250000000
44883  -0.621  -7.357  78.537 0.1250000000
45682  6.507  -6.051  97.336 0.2500000000
45693  1.874  -5.674  94.453 0.3750000000
45696  9.057  -6.166  95.219 0.3750000000
45701  20.037  -5.341  94.095 0.1250000000
45702  19.279  -5.429  93.949 0.1250000000
45708  21.852  -5.744  92.532 0.1250000000
45717  -0.809  -5.618  92.229 0.1250000000
45721  14.889  -5.220  92.002 0.1250000000
45748  -1.087  -5.150  89.915 0.1250000000
45762  25.111  -5.194  86.427 0.3750000000
45763  24.936  -5.452  86.985 0.2500000000
45795  24.806  -5.890  84.439 0.8750000000
46619  9.065  -4.467  97.681 0.2500000000
46635  20.573  -4.687  93.929 0.1250000000
46643  23.877  -4.097  92.090 0.1250000000
46648  16.721  -5.226  92.947 0.1250000000
46661  -0.404  -4.693  91.058 0.1250000000
46679  25.805  -4.419  88.725 0.2500000000
46680  25.314  -4.941  89.241 0.3750000000
46684  8.198  -4.104  88.908 0.6250000000
46715  25.449  -4.674  86.195 0.3750000000
46768  17.534  -4.442  83.264 1.0000000000
47583  8.912  -3.153  98.113 0.1250000000
47592  10.760  -3.515  96.961 0.1250000000
47606  2.765  -4.415  94.242 0.1250000000
47608  23.207  -3.330  93.403 0.1250000000
47621  19.615  -4.356  93.267 0.1250000000
47625  1.789  -4.179  92.759 0.1250000000
47635  1.144  -4.166  91.426 0.1250000000
47673  26.015  -3.754  88.166 0.2500000000
47680  8.671  -2.898  88.452 0.5000000000
47682  0.356  -3.446  88.522 0.1250000000
47695  -1.052  -3.859  87.209 0.1250000000
47714  25.532  -3.634  84.260 0.6250000000
47722  25.273  -3.741  83.463 0.8750000000
48552  21.447  -3.370  93.606 0.1250000000
48572  25.879  -2.665  90.653 0.1250000000
48642  8.979  -2.069  85.411 0.8750000000
49435  24.123  -1.679  93.266 0.1250000000
49458  25.908  -1.615  89.078 0.1250000000
50371  23.074  -0.335  93.507 0.1250000000
50414  8.828  -0.247  87.786 0.6250000000
51387  25.515  0.309  92.381 0.1250000000
51406  26.169  0.241  90.535 0.1250000000
52396  25.771  1.686  91.413 0.1250000000
52474  9.614  1.277  86.629 0.5000000000
53380  25.382  2.364  85.928 0.1250000000
53423  24.840  2.793  84.031 0.3750000000
55414  21.303  4.218  72.575 0.8750000000
59232  23.704  8.056  72.642 1.0000000000
60082  28.638  9.186  77.783 0.2500000000
61006  32.685  10.200  76.629 0.2500000000
61023  33.682  10.460  74.772 0.1250000000
62946  34.443  12.665  68.568 0.6250000000
62964  34.244  12.705  66.763 0.6250000000
63920  35.744  13.573  67.803 0.5000000000
63935  35.846  14.048  65.611 0.6250000000
63936  34.968  13.807  64.977 0.8750000000
65632  37.261  15.419  65.734 0.5000000000
66476  31.306  16.252  62.557 1.0000000000
66483  30.365  16.262  61.543 0.7500000000
67269  39.957  17.674  67.358 0.1250000000
67276  38.542  17.210  66.381 0.2500000000
67300  32.483  17.551  63.406 1.0000000000
68135  37.090  18.405  66.791 0.3750000000
68950  32.940  19.432  64.697 1.0000000000
68963  32.063  19.585  62.814 1.0000000000
68971  31.556  19.188  61.512 1.0000000000
68988  31.679  19.206  59.766 1.0000000000
69743  33.360  20.522  64.923 0.8750000000
69866  41.160  20.399  47.911 0.1250000000
70477  36.329  21.799  67.868 0.2500000000
70486  34.638  21.116  66.476 0.7500000000
70505  35.262  21.806  62.243 0.8750000000
70511  37.165  21.811  61.159 0.6250000000
70519  37.519  21.770  60.715 0.6250000000
70526  38.499  21.875  59.685 0.6250000000
71214  35.209  22.606  66.059 0.5000000000
71249  38.359  22.681  62.178 0.6250000000
71259  38.443  22.379  61.410 0.6250000000
72015  40.360  23.704  62.189 0.3750000000
72034  43.648  23.276  57.335 0.3750000000
72086  42.921  23.096  47.766 0.1250000000
72893  44.476  24.499  54.993 0.1250000000
74335  37.676  26.194  67.405 0.2500000000
102823  25.408  -3.425  86.644 0.2500000000
102948  1.206  -4.898  93.572 0.1250000000
103666  20.390  -7.269  88.896 0.2500000000
105743  38.736  15.473  67.665 0.1250000000
106911  34.391  21.542  62.371 1.0000000000
106961  8.762  -4.377  91.038 0.5000000000
108449  2.658  -5.679  81.300 0.1250000000
108986  23.972  6.460  78.592 0.7500000000
109386  1.811  -5.000  94.218 0.3750000000
110105  42.359  23.667  52.954 0.1250000000
110500  38.345  20.666  68.345 0.2500000000
110702  0.357  -12.994  83.512 0.1250000000
111412  -1.132  -4.927  89.036 0.1250000000
112415  36.485  23.081  67.959 0.2500000000
112575  -1.393  -9.708  79.258 0.1250000000
113840  26.081  -3.373  89.390 0.2500000000
114546  21.296  -4.754  93.950 0.1250000000
114738  23.302  -1.943  93.545 0.1250000000
115338  26.014  -2.154  89.913 0.1250000000
116462  31.650  10.413  69.502 0.6250000000
117271  25.483  1.493  92.091 0.1250000000
117283  26.156  0.682  89.869 0.1250000000
117821  13.264  -2.252  77.311 0.8750000000
118303  25.311  -1.138  92.453 0.1250000000
118339  9.890  -1.000  93.096 0.3750000000
118398  24.100  7.858  69.972 1.0000000000
118630  8.506  -3.193  87.199 0.8750000000
120517  9.209  -1.218  90.028 0.3750000000
120761  29.396  9.347  78.817 0.1250000000
120925  23.935  -2.162  80.749 1.0000000000
120962  34.474  12.844  66.136 0.8750000000
120964  -1.462  -6.534  90.760 0.1250000000
121843  31.932  10.011  78.499 0.2500000000
121934  0.960  -9.821  93.296 0.6250000000
122076  -1.298  -11.129  93.236 0.2500000000
122270  25.240  -3.151  84.345 0.6250000000
122496  29.741  8.471  72.522 0.5000000000
122960  16.196  -6.767  87.450 0.2500000000
122991  20.074  -8.045  83.345 0.7500000000
123163  2.535  -5.365  82.851 0.1250000000
