global_signal	global_signal_derivative1	global_signal_power2	global_signal_derivative1_power2	csf	csf_derivative1	csf_derivative1_power2	csf_power2	white_matter	white_matter_derivative1	white_matter_derivative1_power2	white_matter_power2	csf_wm	tcompcor	std_dvars	dvars	framewise_displacement	rmsd	t_comp_cor_00	t_comp_cor_01	t_comp_cor_02	t_comp_cor_03	c_comp_cor_00	c_comp_cor_01	c_comp_cor_02	c_comp_cor_03	c_comp_cor_04	c_comp_cor_05	c_comp_cor_06	w_comp_cor_00	w_comp_cor_01	w_comp_cor_02	w_comp_cor_03	w_comp_cor_04	w_comp_cor_05	w_comp_cor_06	w_comp_cor_07	w_comp_cor_08	w_comp_cor_09	w_comp_cor_10	w_comp_cor_11	w_comp_cor_12	w_comp_cor_13	w_comp_cor_14	w_comp_cor_15	w_comp_cor_16	w_comp_cor_17	w_comp_cor_18	w_comp_cor_19	w_comp_cor_20	w_comp_cor_21	w_comp_cor_22	w_comp_cor_23	w_comp_cor_24	w_comp_cor_25	w_comp_cor_26	w_comp_cor_27	w_comp_cor_28	w_comp_cor_29	w_comp_cor_30	w_comp_cor_31	w_comp_cor_32	w_comp_cor_33	a_comp_cor_00	a_comp_cor_01	a_comp_cor_02	a_comp_cor_03	a_comp_cor_04	a_comp_cor_05	a_comp_cor_06	a_comp_cor_07	a_comp_cor_08	a_comp_cor_09	a_comp_cor_10	a_comp_cor_11	a_comp_cor_12	a_comp_cor_13	a_comp_cor_14	a_comp_cor_15	a_comp_cor_16	a_comp_cor_17	a_comp_cor_18	a_comp_cor_19	a_comp_cor_20	a_comp_cor_21	a_comp_cor_22	a_comp_cor_23	a_comp_cor_24	a_comp_cor_25	a_comp_cor_26	a_comp_cor_27	a_comp_cor_28	a_comp_cor_29	a_comp_cor_30	a_comp_cor_31	a_comp_cor_32	edge_comp_00	edge_comp_01	edge_comp_02	edge_comp_03	edge_comp_04	edge_comp_05	edge_comp_06	edge_comp_07	edge_comp_08	edge_comp_09	edge_comp_10	edge_comp_11	edge_comp_12	edge_comp_13	edge_comp_14	edge_comp_15	edge_comp_16	edge_comp_17	edge_comp_18	edge_comp_19	edge_comp_20	edge_comp_21	edge_comp_22	edge_comp_23	cosine00	cosine01	cosine02	cosine03	trans_x	trans_x_derivative1	trans_x_derivative1_power2	trans_x_power2	trans_y	trans_y_derivative1	trans_y_power2	trans_y_derivative1_power2	trans_z	trans_z_derivative1	trans_z_power2	trans_z_derivative1_power2	rot_x	rot_x_derivative1	rot_x_power2	rot_x_derivative1_power2	rot_y	rot_y_derivative1	rot_y_power2	rot_y_derivative1_power2	rot_z	rot_z_derivative1	rot_z_power2	rot_z_derivative1_power2	motion_outlier00	motion_outlier01	motion_outlier02	motion_outlier03	motion_outlier04	motion_outlier05	motion_outlier06	motion_outlier07	motion_outlier08	motion_outlier09	motion_outlier10	motion_outlier11	motion_outlier12	motion_outlier13	motion_outlier14	motion_outlier15	motion_outlier16	motion_outlier17
881.7297189021153	n/a	777447.2971952034	n/a	971.9316247099188	n/a	n/a	944651.0831112624	803.4686816021381	n/a	n/a	645561.922315478	805.1149847034114	648.4688885392162	n/a	n/a	n/a	n/a	-0.0333302067	-0.1062205832	0.1640527122	-0.0905571488	0.0146749842	-0.0221304435	0.1882238299	-0.0664139263	-0.0190859729	0.1352172078	-0.0815192481	0.0513116568	-0.0285225298	0.1881952991	-0.0271710589	-0.0556739982	0.044734466	-0.0095668561	0.1274024713	-0.1584698188	-0.0318336038	0.0438644292	-0.0668247194	0.0999803745	-0.1539835108	0.0187945485	-0.104896273	0.0954841776	-0.0794991549	0.0272031916	-0.1048180142	0.0178666872	-0.1336423217	-0.0593951713	0.0364517131	0.0559973241	-0.0279744852	-0.0573397724	0.0899458314	-0.0242858039	-0.0001784243	-0.2496222003	0.1220570937	-0.0220837119	-0.1479456551	-0.048883195	0.0137137616	-0.1805236936	0.0207197867	0.0288902121	-0.1650056733	0.0022080629	-0.022869556	0.1841514313	-0.1056893543	0.0557376436	-0.006059946	0.0898057864	-0.0266554292	0.0733886517	-0.0585315906	0.0774407382	-0.1242583154	0.0164134394	-0.0228237282	0.1102256159	-0.0226484176	0.0418840788	0.1459353776	-0.0863485152	0.0723762337	0.0638038134	-0.0185720554	-0.2023834797	0.0127925303	0.066916573	-0.0199409637	-0.2267636883	-0.02079456	-0.1315391853	0.0396770268	-0.0434823781	0.0872971404	-0.0359756886	0.0126875563	-0.1228484386	0.1526884506	-0.0380978814	0.0198403101	-0.0245573938	0.0411415415	-0.1408783079	0.0084844037	-0.1616098885	0.0368280704	-0.0302031131	0.1111033252	-0.251411088	0.013092583	-0.1266862857	0.0284095781	-0.1922388453	0.1290883846	0.1290552057	0.1289999139	0.1289225186	0.1749012580622491	n/a	n/a	0.0305904500717574	-0.1744022813095682	n/a	0.0304161557259817	n/a	-0.384884109826288	n/a	0.1481357779967741	n/a	0.0012279999874573	n/a	1.5079839691951288e-06	n/a	-0.0008399991551681	n/a	7.055985806831217e-07	n/a	1.015845025910183e-06	n/a	1.0319411166664609e-12	n/a	0.0	0.0	0.0	0.0	0.0	0.0	0.0	0.0	0.0	0.0	0.0	0.0	0.0	0.0	0.0	0.0	0.0	0.0
884.8527991593747	3.123080257259403	782964.4761801808	9.75363029328346	969.2656180474066	-2.666006662512132	7.107591524559076	939475.8383288212	803.4752669984792	0.0065853963411655	4.336744497023603e-05	645572.5046782775	805.340246519032	671.3923555826757	1.021918	24.612713	0.1810915493183551	0.0823718788173024	-0.0094500037	-0.0325637828	0.1028562008	-0.0311907167	0.0205307025	0.0083341509	0.1126970837	-0.0104363544	-0.1000227875	0.0374723318	-0.100740366	0.0211016288	-0.0015418271	0.1027312751	0.0469519352	-0.0486820857	0.1696612066	0.1154031722	0.093725869	-0.1167143783	0.0759850042	0.0812740769	-0.008355355	-0.0639491776	-0.0392250488	0.036123847	0.0018198907	0.0722065046	-0.0303079737	0.0373628948	-0.0440624703	-0.0444266834	-0.0316066359	-0.071899634	0.0786988381	0.0471238431	0.0026848862	0.1310324079	0.0313540572	-0.0616139453	-0.0241899878	-0.0645839352	0.0099918875	0.1411179225	0.0761196741	-0.0216239564	-0.0007651392	-0.089443057	-0.0542541629	0.0045527988	-0.1341597685	-0.1004997129	-0.1919672864	0.1145644882	0.0038864073	0.0603803168	0.0014995151	-0.0202753027	0.0986460807	0.0093647583	-0.022125197	0.1074140652	0.0231205042	-0.0293256419	0.1143105259	0.0157402738	-0.0418360979	-0.0440009984	0.1521209293	0.0957275857	0.0563656168	-0.0176620547	0.0313827028	-0.0880183351	-0.108779184	-0.0145492502	0.0180706132	-0.005691446	0.0020777997	-0.1634891479	0.0722926922	0.0592320447	0.0869708335	-0.007305508	-0.0630399056	-0.0935705271	0.1012194052	-0.0126514165	-0.1425893155	-0.0743484536	-0.0185170727	-0.118305395	-0.1142847708	-0.1231672731	0.1995886586	-0.089134349	0.1594908403	-0.0926329831	0.0314953997	-0.178791885	0.0033062257	-0.1708516904	0.1289999139	0.1287014744	0.1282045865	0.1275100165	0.1637196899531829	-0.0111815681090662	0.0001250274653776	0.0268041368783663	-0.2127299353833649	-0.0383276540737967	0.0452540254082106	0.0014690090668006	-0.4267662342838747	-0.0418821244575867	0.182129418724839	0.0017541123490807	0.0008438809160939	-0.0003841190713633	7.1213500054748e-07	1.4754746098508073e-07	-0.0012819085556508	-0.0004419094004826	1.64328954505072e-06	1.9528391823497928e-07	-0.0009669597366861	-0.000967975581712	9.35011132372052e-07	9.369767267907046e-07	0.0	0.0	0.0	0.0	0.0	0.0	0.0	0.0	0.0	0.0	0.0	0.0	0.0	0.0	0.0	0.0	0.0	0.0
889.3503278324981	4.497528673123384	790944.0056157719	20.227764165566985	970.5394478869696	1.27382983956295	1.6226424601609708	941946.8199047436	806.1565668055094	2.6812998070302	7.189368655180188	649888.4102036458	808.1434487931715	693.9467548786338	0.999865	24.081568	0.1912802609128923	0.0986902674557664	0.0549426687	0.0174250123	0.114428987	-0.0142371867	0.0510021189	-0.0120049924	0.1183924932	0.019022354	-0.0418840363	0.0401640326	0.0377596006	-0.0011222611	-0.0749248503	-0.0259056694	0.0640905645	0.0224999914	0.0849174173	0.0124338569	0.0111703896	0.0593006577	-0.072119651	0.1716515875	0.0488658827	-0.1154009507	-0.0590911034	-0.0662217385	-0.0222896115	-0.0019213563	-0.0013412599	0.0211859538	0.0188397514	-0.0584007623	0.1273284842	-0.0775634905	-0.082741951	-0.0333826874	-0.1610926258	0.1929334321	0.0592624594	0.1309757199	-0.1739751022	0.0972377489	-0.0283561505	0.016914188	-0.0238323127	-0.0072349302	0.082785249	0.0160646625	-0.0518031517	0.009199309	0.0189597526	-0.1281155428	0.0044044956	-0.0379115539	0.0386016837	0.1108666212	-0.0617797614	-0.0367720414	0.1490068749	0.0059577011	-0.0379658279	0.0117041557	0.0800077359	0.0429497566	0.0039418506	-0.0927251924	-0.0459194523	0.1480302348	-0.0701792018	0.10803137	-0.0892493144	-0.1244854101	0.197518176	-0.1431906568	0.1015522381	-0.0988697022	-0.031904453	-0.0373568755	-0.0047092656	-0.1222765506	0.0731479519	0.0573249365	0.0404892428	0.0392563032	-0.0239213309	-0.0769986293	0.0177810026	0.0114252147	-0.0572807942	-0.1008821396	-0.0047019272	-0.1295453847	-0.1014804725	0.136730943	0.1349051082	-0.0424352705	0.0917755181	-0.0338873657	-0.0221616085	-0.134444756	-0.0434669906	-0.0339837575	0.1288230331	0.1279949812	0.1266188352	0.124700488	0.1244018484634637	-0.0393178414897192	0.0015458926594106	0.0154758199011265	-0.1954713850341676	0.0172585503491972	0.0382090623671758	0.0002978575601557	-0.4077103364345689	0.0190558978493058	0.1662277184355893	0.0003631272428431	0.0003966674965196	-0.0004472134195743	1.5734510279512688e-07	1.9999984264733895e-07	0.0002597437512841	0.0015416523069349	6.74668163311364e-08	2.376691835477699e-06	-0.0012910534346703	-0.0003240936979842	1.6668189711739788e-06	1.0503672507307389e-07	0.0	0.0	0.0	0.0	0.0	0.0	0.0	0.0	0.0	0.0	0.0	0.0	0.0	0.0	0.0	0.0	0.0	0.0
889.7111575778271	0.3608297453289424	791585.943918477	0.1301981051141494	969.0397330663536	-1.4997148206159636	2.249144543175172	939038.00426131	807.7864924555694	1.6299256500599313	2.6566576247232896	652519.0173936717	809.7336623765659	713.0250181578645	1.061819	25.573711	0.2121843284517075	0.1167349932940995	0.0966540997	0.0672192364	-0.0193273469	0.1283127768	0.0878015398	-0.0066539107	-0.1572555866	0.1642802943	-0.0921423492	0.0541351112	-0.0091586679	-0.0464397413	-0.0783182323	-0.1208979828	0.0251881557	0.0051232603	0.0603730966	0.149664982	-0.0185160062	0.0221856179	-0.1337700744	-0.1445998234	-0.123598864	0.0154165571	-0.1705846089	0.0721551886	0.1177070782	-0.1809633661	0.0403775782	-0.0489955157	-0.0627620251	0.0914337504	-0.0400999687	0.0450493377	-0.0999213815	0.0350722248	0.0059710794	0.0743625964	0.1105704317	-0.0845798493	0.1624143563	0.1442386707	0.0159725537	0.0370261131	-0.1574339975	0.0266382653	0.0871523588	0.1263673163	-0.0219517002	-0.0631754352	0.0763011214	-0.1067967496	-0.0893882679	0.0558492823	-0.0742156559	-0.2004688312	-0.1071711644	0.1706085123	0.0179643313	-0.1046563816	-0.020245358	-0.1028013418	-0.0258341249	0.0386726419	-0.1013546456	0.0623247458	0.0433983555	-0.1293896605	-0.0466854915	-0.0451777595	0.0053224808	-0.1217406189	0.0684390509	-0.1504756996	-0.0854499851	-0.0441143863	0.08483132	0.0460032223	-0.017210706	-0.0279613217	0.0215877364	0.0702745154	0.0369597492	0.0723628019	0.0194103239	0.0191350858	-0.0344998272	0.0692159996	0.052504244	-0.0648384228	-0.0815505782	-0.0344400417	-0.0643198264	0.1763393309	0.0341872669	-0.0420410795	0.0571743848	0.0148818198	0.0430153467	-0.0652450174	0.0582934163	0.0121023068	0.1285578634	0.1269376627	0.1242524367	0.1205247148	0.1057263330825861	-0.0186755153808775	0.0003487748747413	0.0111780575070899	-0.1444312754803292	0.0510401095538384	0.0208603933368747	0.0026050927832678	-0.3126247344243893	0.0950856020101795	0.0977342245739199	0.0090412717096382	2.331930429346049e-05	-0.0003733481922261	5.437899527310049e-10	1.393888726385264e-07	-0.0002865161520411	-0.0005462599033251	8.209150538043874e-08	2.983998819808568e-07	-0.0012629995000854	2.8053934584900027e-05	1.5951677372159705e-06	7.870232456938499e-10	0.0	0.0	0.0	0.0	0.0	0.0	0.0	0.0	0.0	0.0	0.0	0.0	0.0	0.0	0.0	0.0	0.0	0.0
882.5903395854391	-7.12081799238797	778965.7075295408	50.70604888071624	961.9965889633344	-7.0431441030192445	49.60587885589476	925437.4371770906	802.9649167913865	-4.821575664182888	23.24759188544065	644752.6575977983	805.1248530820419	686.5348888193955	1.076938	25.937864	0.1122249687206503	0.061635818043861	0.0087761829	-0.026170768	0.0070050473	0.1539774484	-0.038791481	-0.0399949036	-0.1732015438	0.0826200967	-0.0763020772	0.0804777867	0.0108632177	0.0625962137	0.1136764147	-0.0313035081	0.0900107279	-0.0806201103	0.0738587434	0.0943794406	0.068629379	0.0659467747	-0.0597124646	-0.2057479896	0.1124727479	-0.1169955815	-0.1061559095	-0.0705126557	-0.0423134231	-0.1979893285	-0.0908354744	-0.057736703	0.1756034986	-0.0889613514	-0.0637576651	0.1661014723	0.050139631	0.0101015659	-0.1806135987	-0.0761746074	-0.0297399239	0.0102835594	-0.042732296	-0.0472136028	-0.0600793741	0.0394096927	0.0290296589	-0.0529214196	-0.1094393272	0.0458955042	-0.0887033986	-0.1008741574	0.0698058384	-0.1317782943	0.0256813424	0.0124370724	-0.0270398104	-0.1045678434	0.1672396637	0.1721109811	0.1230325778	-0.0085351325	-0.1065519066	-0.1184821107	-0.0244074649	0.0697345891	0.1246927712	-0.0815026681	0.1223530395	-0.0131238745	-0.1144279165	-0.1135883632	0.0095699858	0.1043137417	0.0495702281	0.0155068227	0.0474781757	-0.0158055169	0.0110537938	0.0837353368	-0.0232291105	-0.0218283057	-0.0161926297	0.0450926947	0.1050305109	0.0152948792	0.022614533	-0.0270219975	-0.0027928866	0.1305058305	0.0982312018	-0.0420794438	-0.015572977	-0.0291029238	0.0224219735	0.103462944	0.0207677518	-0.0245938015	-0.0484426528	0.0358602075	-0.000757454	0.0249187734	0.0512858241	0.0240966348	0.1282045865	0.1255324169	0.1211199807	0.1150284477	0.1248166678225146	0.0190903347399285	0.0003644408804825	0.0155792005663159	-0.12207880755507	0.0223524679252591	0.0149032352540678	0.0004996328223497	-0.2646032811812375	0.0480214532431518	0.070014896411877	0.0023060599715842	2.504187535977702e-05	1.7225710663165304e-06	6.270955215346074e-10	2.9672510785108685e-12	-0.0007070161726159	-0.0004205000205748	4.998718683404361e-07	1.768202673034072e-07	-0.0012959911646905	-3.299166460509991e-05	1.6795930989558387e-06	1.0884499334154023e-09	0.0	0.0	0.0	0.0	0.0	0.0	0.0	0.0	0.0	0.0	0.0	0.0	0.0	0.0	0.0	0.0	0.0	0.0
883.5353257794167	0.94498619397757	780634.6719001399	0.8929989068082138	963.627035592192	1.6304466288576125	2.6583562095531525	928577.0637241956	802.9291478889784	-0.0357689024081082	0.0012794143794807	644695.2165297209	804.293235334108	662.2608853473687	0.925252	22.284534	0.1446818192807162	0.0667013421140964	-0.0165237811	-0.0595417427	0.0587415063	-0.0561988817	-0.0420727604	-0.0609384006	0.0195261011	-0.0474080968	-0.0231524411	0.1230634134	0.0598023826	0.074164291	0.0497757255	0.0925427116	-0.0121952785	-0.0075085942	-0.0291134743	-0.0178089598	0.151592336	0.0938718613	-0.0446845256	0.0349263613	0.0198420116	-0.047820969	-0.0437633212	-0.1418544516	0.0979484843	-0.0285954645	-0.0401387262	-0.1268473609	-0.1212244241	0.0346643344	-0.100384423	0.1165275503	0.0795573248	-0.0781114712	-0.0457505566	-0.115967569	-0.1517458151	0.0154230781	-0.074980886	0.0418145393	-0.0324277586	0.090031253	0.0120270903	-0.0638147906	-0.0604521701	-0.096209344	0.0123119917	0.0229638674	-0.0087922855	-0.0373011573	0.123932462	0.1460944877	0.032565377	0.0150360624	-0.0174713167	0.1159168762	0.1062720081	0.064831213	0.1403643827	0.0260011899	0.0034811771	0.1141805762	-0.0752419123	-0.0755770614	0.1627922853	-0.0206402809	0.0651211704	-0.1285425999	-0.0536631942	0.1301335919	-0.0466111586	0.0457051558	0.0327727729	-0.0742646761	0.0696779665	0.027788472	-0.0306714506	-0.0245451578	-0.0350521504	0.0055757824	0.042811896	-0.0285635414	0.0906562698	-0.0754291145	0.0582810874	0.0660735685	0.0785413862	0.0521487981	0.022109052	-0.0854562079	0.0743645395	0.0015354486	-0.0462349358	0.0701166818	-0.040926243	-0.1143583047	0.0261067378	0.1000176677	0.0419897159	0.0037797235	0.1277634447	0.1237830955	0.1172407796	0.1082719048	0.1520421172571815	0.0272254494346669	0.0007412250969196	0.0231168054200465	-0.0812748324029968	0.0408039751520732	0.0066055983821352	0.001664964388211	-0.2372954788862458	0.0273078022949916	0.0563091442998527	0.0007457160661823	0.0002060393618622	0.0001809974865024	4.2452218636582594e-08	3.2760090120194795e-08	5.88626460855668e-05	0.0007658788187014	3.464811104194692e-09	5.865703649355542e-07	-0.0013360067074663	-4.0015542775800016e-05	1.7849139223949437e-06	1.6012436636418807e-09	0.0	0.0	0.0	0.0	0.0	0.0	0.0	0.0	0.0	0.0	0.0	0.0	0.0	0.0	0.0	0.0	0.0	0.0
886.6381798706157	3.102854091198992	786127.2620042783	9.627703511270324	967.3057746477024	3.678739055510391	13.533121038537486	935680.4616667916	805.2869112512851	2.3577633623067413	5.55904807263599	648487.0094326352	806.6300638658608	681.4573578604092	0.966877	23.287067	0.1017808058099362	0.0493409699385223	0.0322226784	-0.0089947251	0.0157870817	0.0232708248	0.0175649943	-0.023642412	0.0928560164	-0.0213562064	0.0368990142	-0.0349039545	-0.1146612631	0.0015369872	-0.0298262371	0.0251238594	0.0625684375	0.0336260826	-0.0652551929	0.0685481587	0.0526860449	-0.0864722968	0.0686591552	-0.0369135158	-0.0613748714	0.1533928222	0.1723737123	0.0823200759	0.0364656235	0.1065369028	-0.0797152006	0.0759180619	-0.0800829352	0.0409147365	0.067392727	-0.129484096	0.1074297008	0.0562505773	0.1499747226	-0.0617252977	-0.0132247882	0.0303199801	0.0262725021	-0.0249109033	0.00355247	0.0516478008	0.2113058648	-0.0031988164	0.0348408683	-0.0300180955	-0.0616611313	0.0441149374	-0.0280411143	0.0949155659	-0.0641783806	0.124273251	0.0583109066	-0.0227428935	-0.0695784165	-0.0947949251	-0.2104061499	-0.0210728031	0.0554166621	0.1262507022	0.0818285666	-0.0148651271	0.0558454696	0.0365523137	-0.0286795808	0.0166182026	0.1170350985	0.1398098817	0.123481894	0.0428472189	0.0023347494	0.2040957806	-0.1557000047	0.0567214068	0.014926238	-0.0016537841	-0.0252172201	-0.0299444644	-0.0259553561	-0.0104433525	-0.023035656	0.0414463661	-0.0137411083	-0.0400207554	0.1305328896	-0.0413844652	-0.0041549458	0.0988645205	-0.0542292994	0.0048470477	-0.017907237	-0.0502506745	-0.0174669929	-0.0010424949	-0.0834673477	-0.0260000455	0.0154254637	0.0867750311	-0.0187894741	-0.0478916775	0.1272347401	0.1216944932	0.1126387502	0.1003291122	0.133926673486485	-0.0181154437706965	0.0003281693030092	0.0179363538711555	-0.1200475881824161	-0.0387727557794193	0.0144114234284149	0.0015033265907304	-0.2553070831819539	-0.018011604295708	0.0651817067228771	0.0003244178893051	4.3321856349120766e-05	-0.000162717505513	1.876783237533855e-09	2.6476986600398968e-08	-0.0002750285312007	-0.0003338911772862	7.564069297441441e-08	1.1148331826960925e-07	-0.0012949953509834	4.1011356482899925e-05	1.6770129590686195e-06	1.6819313605674975e-09	0.0	0.0	0.0	0.0	0.0	0.0	0.0	0.0	0.0	0.0	0.0	0.0	0.0	0.0	0.0	0.0	0.0	0.0
885.3162089687595	-1.3219709018561616	783784.7898628162	1.7476070653543934	969.6746921744398	2.368917526737391	5.611770248483599	940269.0086435946	805.1862585892654	-0.1006526620196837	0.0101309583716486	648324.9110209794	806.8188028989883	690.7080975087011	0.807428	19.446749	0.0591600417417779	0.0306761948775033	0.0263520486	0.0323256736	-0.0173122001	0.1067775061	-0.0051092312	0.0247363628	0.0047583978	-0.0232560698	0.0923096763	-0.1190946695	-0.081661839	0.0022696124	0.0056673726	-0.0574400772	0.074823873	-0.0286039856	-0.0526448033	-0.0166044781	0.0151410321	-0.0374405186	0.1464102921	0.0606699869	0.0543146419	-0.0237016515	-0.0231770888	0.0286957386	-0.0293848062	-0.0193910325	0.0738087364	-0.0358230239	0.0179435058	-0.0754886405	0.0446286668	-0.019365534	-0.0649570669	-0.1348017273	-0.008134075	0.0168514542	0.091315479	0.1151838434	0.0075112691	-0.144210281	0.1221665398	-0.0990713268	0.081188643	-0.0090183017	-0.0074794473	0.05948761	-0.0546931205	0.002991516	-0.0493986682	0.0887104656	-0.0272119404	-0.0288240579	0.1179829545	0.0867668952	0.0821009954	-0.0208496048	0.0326314313	-0.0557289701	-0.0725264141	-0.0494783436	0.06138521	-0.0686195696	-0.0577820233	-0.003567517	-0.0612660085	-0.0262193932	-0.038735997	0.0232939708	-0.0881870218	0.0018128155	0.0312046871	-0.0304653567	-0.0063006447	0.0653471318	-0.050491352	-0.240133451	-0.0077222119	-0.0137961024	-0.0008593467	0.0071097141	0.0233560723	0.043479089	-0.0353678191	0.0153398747	0.0596307653	0.0209560545	0.0502879592	0.0566829115	-0.0516771915	0.0159263998	-0.067246912	-0.0641258657	-0.0029600078	-0.0356602645	-0.0844955277	0.024277128	0.0549164127	0.032662259	0.0171983884	0.0475243631	0.1266188352	0.1192723348	0.1073422654	0.0912870929	0.1093500448320696	-0.0245766286544153	0.000604010676017	0.0119574323047756	-0.1201576902214895	-0.0001101020390733	0.0144378705193634	1.2122459008120085e-08	-0.2614063616299091	-0.0060992784479552	0.0683332859005868	3.720119758569096e-05	0.00029392274854	0.0002506008921908	8.639058210930808e-08	6.280080716686468e-08	-0.0001381636726272	0.0001368648585735	1.908920043383609e-08	1.8731989512344155e-08	-0.0011149804497411	0.0001800149012423	1.2431814033048658e-06	3.2405364669275025e-08	0.0	0.0	0.0	0.0	0.0	0.0	0.0	0.0	0.0	0.0	0.0	0.0	0.0	0.0	0.0	0.0	0.0	0.0
882.5523900428651	-2.763818925894384	778898.7211703735	7.638695055131986	960.0974640384798	-9.577228135960013	91.7232987682241	921787.14045312	803.3034102379091	-1.8828483513563012	3.5451179142051426	645296.3688998545	804.6012969859528	671.9105922327905	0.823001	19.821838	0.1085798389610378	0.0543514798891183	-0.0152985208	-0.0326631158	-0.0165945942	0.0585127555	-0.0588213792	-0.0408060192	0.0662715029	0.0558227525	0.118598681	-0.1081836182	-0.1157186127	0.0431088226	0.0499854004	0.0614124509	0.0289680089	-0.0007107005	-0.0816261531	-0.0624744498	-0.0385385227	0.0214887588	0.1064423435	0.0197779301	0.0527518985	-0.0061151316	0.0648429095	-0.0551840169	-0.0866103823	0.0438098597	0.0647506184	-0.0290544607	-0.1249485263	-0.0462708849	-0.042080996	-0.0209766686	0.0194748433	0.0551331595	0.0450031272	0.1495105379	0.0538302538	-0.1661118972	0.07555646	-0.0774315318	-0.020731119	-0.0413993969	0.2155601924	-0.0360895259	-0.056161652	-0.0504318737	-0.0457901444	0.0078627924	-0.0291755225	0.1205468264	0.0066957657	-0.0858318764	0.0820930763	0.0768802933	0.0384808436	-0.0582973903	-0.0315331001	0.0914409673	-0.0534204856	0.0520980201	0.0671660244	-0.0581587205	0.0088430838	-0.047848913	0.0688683256	-0.1063379997	0.1332568206	0.0879151288	-0.0017966265	-0.0683586601	-0.1059276961	-0.0754665967	-0.1286599356	0.0738051607	0.0093666288	0.1142211929	-0.0119650876	0.0090248879	-0.0326140438	-0.0134708459	0.0103298265	0.0132271125	-0.0290135375	0.0160804543	0.0885528239	-0.0317994006	0.0324375057	0.1367679792	-0.0654834461	0.0714248566	-0.0086668191	0.0019845364	-0.0573072989	-0.0745110118	-0.0972087126	-0.0086537738	0.0062503761	0.1097088999	0.0535834546	0.0117939401	0.1259161521	0.1165232592	0.1013839798	0.0812449131	0.0856444904857056	-0.0237055543463639	0.0005619533068684	0.0073349787505561	-0.0869258742300758	0.0332318159914137	0.0075561076106629	0.0011043535940871	-0.228166937706689	0.0332394239232201	0.0520601514624481	0.0011048593027475	0.000181940689596	-0.000111982058944	3.310241453066802e-08	1.2539981525337494e-08	-0.0001380782184436	8.545418360000065e-08	1.906559440855852e-08	7.30241749474262e-15	-0.0008589870688679	0.0002559933808732	7.378587844822663e-07	6.55326110508913e-08	0.0	0.0	0.0	0.0	0.0	0.0	0.0	0.0	0.0	0.0	0.0	0.0	0.0	0.0	0.0	0.0	0.0	0.0
886.4298655475862	3.877475504721133	785757.9065347118	15.034816289712404	966.8065597780288	6.709095739549071	45.01196564243549	934714.9240298272	804.3339798988096	1.0305696609004826	1.0620738259685358	646953.1512198587	805.9803469715223	673.8209534719531	0.943565	22.725595	0.1992660472135278	0.0940718025097546	-0.0052081354	0.0184552295	0.022866083	-0.0792370131	0.0080727703	0.0054360707	0.048225624	0.0353968581	0.0764314385	0.0149523505	0.111058453	0.0138232163	-0.0300981963	0.1211777868	-0.0506978184	0.0586225132	0.0195651878	0.0347604437	-0.0568823197	-0.0123044144	0.0320734765	-0.0704968655	0.109871347	-0.1030290528	0.1396088864	-0.2243088368	-0.0474068123	0.1868065841	0.0563769499	0.0584076334	0.0420255278	0.1302040542	-0.0787340694	0.0238010939	-0.1279829745	0.1482266272	0.1284368367	0.0030972202	-0.0997149603	-0.0305111013	0.0095444868	-0.0236897388	-0.0847415393	-0.0563148589	0.001837592	-0.0086326337	0.0283395794	-0.1237968838	0.024536564	0.0053087222	0.1114696734	-0.0250072123	0.0111234268	-0.0602078966	-0.0701907227	0.0004112602	0.2029781296	-0.127869415	0.0207124285	0.1891736367	0.1703185344	0.1659684433	-0.1158207103	-0.0831580501	0.0050729839	-0.0646642197	-0.0155402065	0.013543181	-0.0768714798	-0.107807302	0.0018790093	-0.1882412259	-0.0859656863	0.083906639	-0.0083902289	-0.0029703133	-0.0783529078	0.0673599532	0.0131189926	-0.0077423463	0.0540583537	0.032390602	-0.0458699896	0.018854141	0.0235980284	0.010243395	0.028485107	-0.0373023286	-0.0156482279	0.0054309982	0.1088984085	0.0411781171	-0.0112146466	0.0461115923	0.0146765072	-0.0527075391	-0.000806325	0.1068770054	-0.1065952742	-0.061380744	-0.0642297837	0.0784041614	0.1251271724	0.1134548014	0.0948006283	0.0703125971	0.0934468379242048	0.0078023474384991	6.087662555105497e-05	0.0087323115180326	-0.1102681361852973	-0.0233422619552214	0.0121590618577792	0.0005448611931861	-0.2970035036610312	-0.0688365659543421	0.0882110811869281	0.0047384728123865	-0.0009138061611298	-0.0010957468507258	8.35041700118782e-07	1.2006611608755086e-06	-0.0004168275701326	-0.000278749351689	1.737452232226476e-07	7.770120106703783e-08	-0.0014701883037624	-0.0006112012348945	2.161453648519763e-06	3.7356694953656194e-07	0.0	0.0	0.0	0.0	0.0	0.0	0.0	0.0	0.0	0.0	0.0	0.0	0.0	0.0	0.0	0.0	0.0	0.0
889.1593393368671	2.72947378928086	790604.330729974	7.450027166371216	971.1997041599724	4.393144381943557	19.29971756060224	943228.865360418	807.3272034486243	2.9932235498147293	8.959387219165489	651777.2134281765	808.6539340826984	695.3799758802412	0.928299	22.357914	0.104299964285985	0.059263315934652	0.0461152323	0.0886039032	0.0169426614	-0.0508306208	0.0369337515	0.048830622	0.0039449781	-0.0503235852	0.0479969778	0.0290369203	0.11964489	-0.076039425	-0.0747254218	-0.0843034178	0.0185658702	0.0496415015	0.0024503222	-0.0844655135	0.1014584613	-0.0981412087	0.0057031682	0.0918627535	0.0591592448	0.100261079	0.0829550877	0.0412599039	0.0755899171	-0.0672632348	-0.0054633356	-0.0989948706	-0.0621843541	-0.0292769161	0.0596679882	0.0747111165	-0.0224155027	0.0733066662	0.0483831443	-0.1329932449	-0.0872898924	-0.0280455006	-0.089191952	-0.1189997123	0.0472448523	0.0992778499	-0.0151824108	0.0588762939	0.0819053098	0.0769903986	-0.0003293175	0.0894125205	-0.069590738	-0.0202707678	0.0593146535	0.0704871922	-0.004170972	0.1056364293	0.0283722158	-0.0742730099	-0.0859185377	-0.1199299903	0.0960228572	-0.0545633218	0.0256362743	0.0891024118	-0.0932715479	0.0161325222	0.054473503	-0.0740956887	-0.0336063463	-0.0691154518	0.1600986322	0.0052591063	-0.1000695258	-0.0315427236	0.0696714705	-0.0675814909	0.0242965395	-0.0663884455	0.0204879866	-0.0064599193	0.0503981525	-0.0057707997	-0.0355263469	0.0694746262	-0.0530785203	0.0224002117	0.0351279933	-0.0369996803	0.0050667039	0.0335970728	0.0961777092	-0.0457441547	-0.0987787178	-0.066187678	0.0066638075	0.0793038123	-0.0807750362	0.1784137604	-0.0030850919	-0.0218004641	0.0004520038	0.1136939983	0.1242524367	0.1100753719	0.0876327994	0.0586099215	0.0693703457269947	-0.0240764921972101	0.0005796774765223	0.0048122448662827	-0.1105194943962857	-0.0002513582109884	0.0122145586416106	6.318095023128926e-08	-0.2922451596471873	0.0047583440138438	0.0854072333372099	2.264183775408404e-05	5.388075438745286e-05	0.0009676869155172	2.903135693361021e-09	9.364179664632948e-07	-0.000138046490441	0.0002787810796916	1.9056833523077103e-08	7.771889039401424e-08	-0.0017279957058324	-0.00025780740207	2.9859691593752148e-06	6.646465656208265e-08	0.0	0.0	0.0	0.0	0.0	0.0	0.0	0.0	0.0	0.0	0.0	0.0	0.0	0.0	0.0	0.0	0.0	0.0
885.3013036574245	-3.8580356794426502	783758.3982575353	14.884439303852515	966.350697425104	-4.84900673486834	23.512866314798515	933833.670413985	806.1857394766856	-1.1414639719387196	1.3029399992341182	649935.4465355704	808.0503015292364	690.0042898043381	1.051724	25.330587	0.1535648511769609	0.0738058237851548	0.000913679	0.0484371555	-0.0994141768	0.1101828695	-0.0286869114	0.0658907819	-0.0769565898	-0.0591253103	0.0199454889	-0.1648663213	-0.0792789144	-0.0651416451	0.0123669424	-0.1331792761	-0.0066431918	-0.0787896861	0.0204396917	-0.0403585651	-0.1412704903	-0.0987704236	0.057796271	0.1503499772	-0.1817476174	-0.152969366	-0.001262362	0.0707722009	-0.0203437745	0.1498593812	-0.0266677495	0.1884811744	0.1130809636	-0.1106957379	0.0236202497	-0.0604295389	0.1128257127	-0.0072791719	-0.0774117452	-0.0257383376	0.1644059389	-0.0810185901	-0.0175546952	0.0664016511	-0.0437958602	-0.1236446208	-0.0044057826	0.0552244452	-0.0061370891	0.1450894131	0.0083154876	-0.0359700651	-0.1341658922	0.1005836369	-0.1266075504	-0.1360432308	0.0257406906	0.0166795649	-0.1217743727	-0.1365147473	0.16923192	0.0560311151	-0.0533949301	-0.0145513128	0.0084870939	-0.1097440996	0.1587010599	0.083791962	-0.1475691065	0.1563793002	-0.015613199	0.0638474778	0.0201859408	0.1205533874	-0.0164151214	-0.0337766837	0.0866268555	0.1715081865	0.0468427095	0.0883219886	0.0301756956	0.0625330451	0.0757385686	0.0775121871	-0.0130330241	0.0511135261	-0.1707913276	0.0906260532	-0.0540145166	-0.0294999206	-0.0357173965	-0.0004953429	0.1040617145	0.1450092342	-0.1406770522	0.0438739215	0.0540031272	-0.092952741	-0.0879784385	0.2408445997	-0.0696055149	0.0251904233	-0.0047683167	0.156825729	0.1232925447	0.1063942335	0.0799246852	0.0462651033	0.0112954117721528	-0.0580749339548419	0.0033726979538592	0.0001275863271024	-0.0864072552470958	0.0241122391491898	0.0074662137593367	0.0005814000767877	-0.2838806673938308	0.0083644922533565	0.0805882333199667	6.996473065646096e-05	-0.0004501883319047	-0.0005040690862921	2.026695341831363e-07	2.540856437554059e-07	-0.0007250727099992	-0.0005870262195582	5.25730434785584e-07	3.4459978244879205e-07	-0.0018971641163735	-0.000169168410541	3.5992316844552437e-06	2.8617951125002137e-08	0.0	0.0	0.0	0.0	0.0	0.0	0.0	0.0	0.0	0.0	0.0	0.0	0.0	0.0	0.0	0.0	0.0	0.0
884.0270621852167	-1.274241472207791	781503.846675825	1.6236913294942787	965.9285882724228	-0.422109152681287	0.178176136777314	933018.0376419557	803.552538050128	-2.6332014265576618	6.933749752825305	645696.6814068024	805.1962123238541	668.8315811960819	1.058807	25.501169	0.3730365647074165	0.1706486266718442	-0.0266399137	-0.0196306073	-0.0260094771	0.0344836042	-0.0175370317	-0.0023627916	-0.0496904674	0.0393602957	-0.1201803834	-0.0202368632	-0.0007790155	0.0249644408	0.063221619	-0.0106532177	-0.0048515163	-0.0065626951	0.0091138166	0.0846375782	0.1238961264	0.1561744884	-0.1143659887	-0.1532518769	-0.0659444806	-0.0378426687	0.0299914676	-0.0680829831	-0.0650415218	0.0473751853	-0.0634085375	0.0106309761	-0.0206861149	-0.0678082389	0.1286938045	-0.1471207245	-0.075278256	-0.0516021473	-0.0496889453	0.0866111789	0.0386877341	0.1253904484	-0.0098564714	0.1464757272	0.0350585826	-0.1443541214	-0.0652909821	-0.0171247578	-0.0644075316	0.0204954593	-0.0032470142	-0.0704807736	0.132361973	-0.0920294027	0.053865094	0.1023753348	0.045526028	-0.1390511403	0.0075519048	0.0147924303	0.012283199	0.1054653934	-0.1378989874	-0.0397684485	0.1105735865	0.0632945148	0.0471655813	-0.1712075916	-0.0564164224	0.1888280591	-0.0731316588	0.1080787272	-0.1158543244	-0.0878265911	0.1041691397	0.0730148968	0.0671715603	0.0759477468	-0.0423753834	0.0380495866	0.012611726	0.0230655403	-0.0381524549	0.0707841995	-0.0122216348	-0.0317211063	0.0153647962	-0.0561903185	-0.0769922122	0.1210073546	0.0091999773	0.0085574814	-0.0611967462	-0.0163309824	0.1079371467	0.0842694676	-0.0313515734	-0.0171559727	-0.056039561	0.0880307183	-0.0633493971	0.2218335369	0.0098513363	0.1114362502	0.1222481541	0.1024214758	0.0717238087	0.033413395	0.1158126449780354	0.1045172332058825	0.0109238520370128	0.0134125687368084	-0.0514006396174409	0.0350066156296549	0.002642025753082	0.0012254631378423	-0.1861928665860617	0.097687800807769	0.0346677835675349	0.0095429064266583	-0.0001880954447089	0.0002620928871958	3.5379896320238855e-08	6.869268151863037e-08	0.0008190912891545	0.0015441639991537	6.709105399687807e-07	2.384442456282348e-06	-0.0009869227014408	0.0009102414149327	9.740164186192069e-07	8.285394334586837e-07	0.0	0.0	0.0	0.0	0.0	0.0	0.0	0.0	0.0	0.0	0.0	0.0	0.0	0.0	0.0	0.0	0.0	0.0
882.0870880050588	-1.939974180157833	778077.6308252444	3.763499819679056	958.2392498139412	-7.689338458481529	59.1259259290831	918222.4598839848	802.5347127306535	-1.0178253194744684	1.0359683809633038	644061.9651376725	803.6607349027485	665.7100178223412	0.8265829999999998	19.908104	0.0936145585273307	0.0432380315956113	-0.0528687732	-0.0224713208	-0.0130046995	0.0344667378	-0.0522831298	-0.0084708851	-0.0858882669	0.0178993737	-0.1114971438	0.1335709459	0.0909004401	0.0380183882	0.1179559061	0.0522136282	-0.0621726187	0.0036564363	-0.0044890461	0.0200159564	0.0996608344	0.1499438391	-0.0061806129	-0.0213621683	-0.0068056906	0.0402998963	-0.0228167793	0.0059349216	-0.0720902559	-0.2166392542	0.0871902553	0.0832315005	0.2609773757	0.0371907254	-0.0442247737	-0.0604130708	-0.0768200249	0.0999795712	-0.0184645653	0.00214686	-0.0998819794	0.0833089883	0.0440916161	0.0622343899	-0.0042804053	-0.2003659501	-0.0487129333	-0.0209218919	-0.1260809685	-0.0565051684	0.040340672	-0.0329719151	0.1354438377	-0.085953488	0.0951431769	0.0466963019	0.030308381	0.0067721655	0.0500311518	0.04825354	0.0138810511	0.0223347292	-0.1048183975	-0.2735334916	-0.1614784239	-0.0370478317	0.0315431412	-0.0230369424	-0.0273027822	0.0675446035	-0.025220433	-0.0901741021	0.0443939814	-0.1280471644	0.0359371037	0.2058770771	0.0534730927	0.052574072	-0.1418177121	-0.004826371	0.0291785413	0.006810061	-0.051760539	0.0648601527	-0.0246494581	-0.0495265683	0.0213659092	-0.0472730603	-0.0571721077	0.1634269294	-0.0258546622	-0.0716542549	0.0087063896	-0.049087298	0.1519681542	0.0192375571	-0.1272876462	0.0380712883	-0.119040221	0.0609645104	-0.0032165573	0.1670246106	0.0429436133	0.0485028536	0.1211199807	0.098167988	0.063080731	0.0201956026	0.1306925889464878	0.0148799439684524	0.0002214127325042	0.0170805528055356	-0.0812168365529544	-0.0298161969355135	0.0065961745396693	0.0008890055996973	-0.1981259685664866	-0.0119331019804248	0.0392538994204084	0.0001423989228752	0.0001446083900117	0.0003327038347206	2.0911586461775932e-08	1.1069184163779233e-07	0.0011979287962207	0.0003788375070662	1.4350334008147754e-06	1.4351785676013317e-07	-0.0010150876725128	-2.8164971071999948e-05	1.0304029828874535e-06	7.932655954865939e-10	0.0	0.0	0.0	0.0	0.0	0.0	0.0	0.0	0.0	0.0	0.0	0.0	0.0	0.0	0.0	0.0	0.0	0.0
883.6658988775237	1.5788108724648282	780865.4208390219	2.492643771013152	961.7529928145872	3.5137430006459454	12.346389874588372	924968.8191878154	805.0281399262122	2.493427195558752	6.217179179551983	648070.3060730571	806.3242591760632	660.3763650565638	0.875083	21.076208	0.1265713318159144	0.0693178972355902	-0.0629474685	0.0122624528	0.002751073	-0.1008897894	-0.0334358698	0.0202468622	0.0210548927	-0.0351478001	-0.110200114	0.0323576629	0.1018033029	-0.0450563202	0.0311515004	-0.0350598131	-0.0872118415	-0.009384131	0.0908713326	0.0267963738	0.0606975512	0.0087239412	-0.0670044993	0.0513619766	-0.0532774417	0.1524158606	0.0163300028	0.1354327595	0.0899365145	0.0769693875	0.1150381206	0.0253671091	0.103635259	-0.0646861702	-0.0341463839	0.2219711802	-0.1319285039	0.150598465	0.0692500355	0.0202569124	0.085505885	0.0188953901	0.0142625636	0.0458689074	0.0196516499	0.031157418	-0.1357799086	0.0475162757	-0.0357225838	0.0062822251	0.1157050012	-0.0058121091	-0.0137420634	-0.1367580967	0.0099760715	0.0714932177	0.0214349157	0.0318519846	-0.1306399967	-0.042051341	-0.1195510285	-0.1076686034	0.038662823	-0.0461276092	0.0191335053	-0.1592295648	0.0244720369	0.0393056185	-0.0875888831	-0.1561131288	-0.1486945506	-0.1824598124	0.0675084527	-0.0763977681	-0.0229044538	-0.0889067508	0.0972290514	-0.0054456365	0.0560196615	-0.0197862079	0.0525364088	0.0094335919	0.0161284108	0.0954503401	-0.0500555092	-0.0457759883	0.0806982773	0.0201814144	-0.1184541368	0.1135055932	-0.074733706	-0.0608714136	0.079964732	-0.0817412345	0.0556245119	-0.1024303036	-0.1201708018	0.0934739523	-0.0154396084	0.0448418737	-0.0714378613	0.1027876837	-0.0636694572	0.128175011	0.1199087977	0.0936454286	0.0540487397	0.0067565429	0.1214134897350902	-0.0092790992113976	8.610168217495969e-05	0.0147412354896528	-0.0897136809339969	-0.0084968443810424	0.0080485445467269	7.219636443565338e-05	-0.2343128409680659	-0.0361868724015793	0.0549025074425261	0.0013094897342081	-0.0010478861253609	-0.0011924945153726	1.09806533172388e-06	1.4220431691937326e-06	0.0010731045970158	-0.0001248241992049	1.1515534761364423e-06	1.558108070714459e-08	-0.0011499392743732	-0.0001348516018603	1.3223603347459615e-06	1.818495452431581e-08	0.0	0.0	0.0	0.0	0.0	0.0	0.0	0.0	0.0	0.0	0.0	0.0	0.0	0.0	0.0	0.0	0.0	0.0
884.7383417810439	1.0724429035202547	782761.9334174712	1.1501337813109545	963.5695554056476	1.8165625910604604	3.2998996472402933	928466.2881046374	807.5264964531839	2.4983565269716337	6.241785335861763	652099.042473954	808.8898869452509	673.9100827686258	0.912391	21.974777	0.1380534867732493	0.0625380361154239	-0.0491223892	0.0537552351	-0.0672478379	0.0310768312	-0.0122086334	0.0622492743	0.0015001155	-0.0598333286	-0.1567829457	-0.0587397977	-0.0367712578	-0.1190504294	-0.0163913786	-0.137265684	-0.0778567251	-0.0523614317	-0.0036297719	-0.0136618435	-0.0910017688	0.0072945153	-0.0816285908	0.0745110086	-0.0952063972	0.1939242849	0.0745899578	0.2503776163	-0.0010587181	-0.0254743774	-0.046003441	-0.1976158559	0.0377305229	-0.0015782738	0.0138520241	0.0210181486	-0.1349078273	-0.1784430727	0.0962396205	-0.084471644	-0.1003438511	0.0120059791	-0.0146950479	-0.0216016725	0.0193108151	0.1518364037	0.0298708884	0.1085083202	0.0313971802	0.116846855	0.090186341	-0.0461750913	-0.0321431663	0.0278047083	-0.03160693	-0.0216162478	0.0020628541	-0.028776739	-0.2150097492	-0.117515852	-0.2127221722	-0.2220368091	-0.1263949824	-0.0105220491	-0.0035835174	0.0622582226	-0.1157210345	-0.0008175135	-0.0943785314	-0.1184810791	-0.0353120466	-0.0495137372	-0.1063926566	0.0688687081	-0.0050459043	0.0669482588	-0.0353342576	-0.1728389363	0.0097064171	0.0384539778	0.059691112	0.0445716042	0.0083494223	0.063485427	-0.063207137	-0.0130926148	0.0382858156	0.1068638694	-0.0896756358	0.0491216075	-0.0606882463	0.0200966244	-0.0024141792	0.0509754904	-0.0210402322	-0.0862487208	-0.0774420056	0.0075127778	-0.0373536469	0.0333522941	0.0209557112	0.1032584721	-0.0054193233	0.0013929263	0.1186154352	0.0888661936	0.0446835199	-0.0067565429	0.0762156730205418	-0.0451978167145483	0.0020428426357619	0.0058088288139741	-0.0648071793859514	0.0249065015480454	0.0041999704999628	0.0006203338193627	-0.2046254439208255	0.0296873970472404	0.0418715722997949	0.0008813415434404	-0.0007131058042968	0.0003347803210641	5.08519888121786e-07	1.1207786337178196e-07	0.0007778645067817	-0.000295240090234	6.050731909107374e-07	8.716671088143946e-08	-0.0010147242564031	0.00013521501797	1.0296653165328242e-06	1.8283101084654456e-08	0.0	0.0	0.0	0.0	0.0	0.0	0.0	0.0	0.0	0.0	0.0	0.0	0.0	0.0	0.0	0.0	0.0	0.0
881.7080103256932	-3.030331455350733	777409.0154724927	9.182908729288094	961.509639370826	-2.05991603482164	4.243254070515309	924500.7866030158	804.9615788502265	-2.5649176029573937	6.578802309960702	647963.1434250494	806.9751133690042	665.2656810520011	0.7866659999999999	18.946709	0.1164510123370464	0.0578567463732438	-0.0814810429	0.0295252181	-0.0749910411	0.0352417709	-0.0653749209	0.0893778437	-0.03791639	0.0672828439	-0.0449845101	-0.156727618	-0.0654641203	-0.0678453659	0.0638771671	-0.0575304039	-0.0611715891	0.0019244194	-0.0645113026	0.0352670768	-0.2998534883	-0.0310289495	0.023603006	0.1399426293	-0.0123229582	-0.0429377347	0.0636598782	0.0194500123	0.0507514039	0.0282146659	0.0197818529	0.0376095454	0.0668795104	-0.0910884134	0.0101581242	0.0355311061	0.0848657914	-0.084855455	0.1806923455	0.1482824465	0.0058479383	0.1104969962	0.1040342558	0.061914649	0.1629251317	-0.0272067595	-0.0919791142	0.07396588	-0.055319715	0.0722255691	0.0560069929	-0.0373586811	0.0468193955	0.1293960321	-0.1282698806	-0.2111109481	-0.0328624651	0.0695735319	-0.1084191441	-0.0801354178	0.0378141938	-0.0300388067	0.0262270586	0.0001643307	0.0542376909	-0.0904454752	0.1174076643	-0.0209613653	-0.0613376094	-0.0895346731	0.0165359593	0.0118394597	-0.1123138765	-0.0013951247	0.0776451619	0.1249391172	0.0513584823	-0.0739807189	0.043161168	-0.1106512123	0.0662337376	0.0593280152	0.0168343339	0.0345676632	-0.0674282973	-0.0384033139	0.0642062721	0.1356103516	-0.0640329835	-0.0002773518	-0.0970721928	0.0177507548	-0.0120887885	0.1002585015	-0.0198648124	-0.1252309185	-0.0889353625	-0.0316027176	-0.001954105	-0.0400397397	0.0147436697	0.046803777	-0.0411159243	-0.0328832193	0.1172407796	0.0838433825	0.0350428114	-0.0201956026	0.0684042029680398	-0.007811470052502	6.1019064381135656e-05	0.0046791349836927	-0.0811979731849277	-0.0163907937989763	0.0065931108493402	0.0002686581213605	-0.1795716199169774	0.025053824003848	0.0322459666796073	0.0006276940972157	-0.0013838999981717	-0.0006707941938749	1.915179204939632e-06	4.499648505362771e-07	0.0002101297187333	-0.0005677347880484	4.4154498694935773e-08	3.2232278956036174e-07	-0.000909354748692	0.000105369507711	8.269260589686905e-07	1.1102733155279552e-08	0.0	0.0	0.0	0.0	0.0	0.0	0.0	0.0	0.0	0.0	0.0	0.0	0.0	0.0	0.0	0.0	0.0	0.0
880.6209540948082	-1.0870562308849685	775493.2647908503	1.181691249105834	960.5890373106926	-0.920602060133433	0.8475081531219211	922731.2986014832	802.9065434205523	-2.055035429674149	4.223170617216014	644658.9174675393	804.6666143865533	653.8692915194392	0.779355	18.770617	0.1357339852748981	0.0729120161272059	-0.1042981504	0.0092907496	-0.0830712783	-0.0359982406	-0.0547811154	0.0582094733	-0.0421494707	0.0063199155	-0.0117794802	-0.0916081649	-0.0317371072	-0.0223085975	0.0983852921	0.0888964821	-0.0680560839	0.0149992104	0.0555219267	0.0546225543	-0.2223836249	0.0328811501	-0.0599715904	-0.1138377568	-0.1189447927	-0.0015906155	0.0272607671	0.0088994526	0.027282002	-0.055601849	0.0661002548	-0.0837763243	0.1126575809	0.2188514809	0.11992573	0.0452323376	0.0398094288	-0.2010559207	-0.073405152	0.0377185513	0.0341883787	-0.090981014	0.0452491363	-0.056249646	0.0452965466	0.0956828373	0.0167777267	0.0437184227	-0.0969050192	-0.0799569113	0.0546635831	-0.0164427997	0.0295600306	-0.0019130726	-0.1386168903	-0.1513635741	-0.0776751651	-0.1479059738	-0.1028809237	0.0368004313	-0.0480344115	-0.0191495007	0.0477047527	-0.0478351369	-0.1256249337	0.0059119799	0.0227040063	0.0187817501	0.0946420613	-0.0576140881	-0.1323635482	0.1320206844	-0.2077852581	0.0327973948	-0.0580953539	-0.024140859	-0.1114611628	0.0078798828	0.0183202357	0.0266150292	0.0709733837	0.1036645441	0.0432103254	0.0153048485	-0.0476417369	-0.0330210859	0.0653981627	0.1680652363	-0.087060645	-0.0527962362	-0.0815527225	0.0566810791	0.0357773974	0.1777103997	-0.0326493072	-0.0321218851	-0.0981912408	-0.0185197937	0.1163943964	-0.084126291	0.0212531069	-0.0437038763	-0.0440007735	-0.0641233485	0.1157857731	0.0785907625	0.0251860523	-0.033413395	0.0063458097639568	-0.062058393204083	0.0038512441670725	4.026930156032945e-05	-0.0639466016028365	0.0172513715820912	0.0040891678565518	0.0002976098214633	-0.1518179544670985	0.0277536654498788	0.0230486912985739	0.0007702659459038	-0.001427108600772	-4.320860260029983e-05	2.0366389583974158e-06	1.866983338670637e-09	-0.0002137749491106	-0.0004239046678439	4.5699728867239625e-08	1.7969516741984717e-07	-0.0010156525790247	-0.0001062978303327	1.0315501612795246e-06	1.1299228733439489e-08	0.0	0.0	0.0	0.0	0.0	0.0	0.0	0.0	0.0	0.0	0.0	0.0	0.0	0.0	0.0	0.0	0.0	0.0
881.9745731609225	1.3536190661143337	777879.1477023915	1.832284576148241	964.8450432233911	4.256005912698583	18.1135863289253	930925.9574327476	803.0909231393773	0.1843797188249709	0.0339958807139753	644955.0308288572	804.7616604803255	657.4786676787385	0.759889	18.301794	0.0606824029475699	0.0317887791148853	-0.0841748212	0.0289473884	-0.0736580447	-0.10169341	-0.0088192577	0.0785473113	0.0059989765	0.0033187356	0.0558554143	-0.0693807325	0.0390964821	-0.0158415777	0.047702396	0.1593518194	-0.1218486793	0.0781468431	-0.0590690377	0.0156936736	-0.1644868865	-0.0023052333	0.1451380702	-0.0436801322	-0.0007504039	0.0332206217	0.0812543044	0.0587263862	0.0491999494	0.0005326298	0.1430209185	0.0536537062	0.0185937892	-0.027807898	0.0029042472	-0.0030169277	0.1280011201	-0.15666249	0.0441261675	-0.1207287435	-0.0105400983	-0.0887118864	0.1342578549	0.1109709012	-0.2046329785	0.0281334621	0.0128511575	0.0330401619	-0.0456420223	-0.1606733021	0.0850045595	0.0086521607	0.1249440625	0.0821221535	-0.0985616163	-0.1489215017	-0.0209926316	-0.0355978822	0.0617389918	-0.0285239555	-0.0743602965	-0.0519893682	0.0833760667	-0.0893874154	-0.0297439735	-0.1310625983	-0.0442077284	0.0598305484	-0.0165115432	-0.03258244	0.0735603238	0.0671708063	-0.0289789414	0.2259046761	-0.142407271	0.0551185137	-0.0334175113	0.0105868138	0.0014398445	0.0851782108	0.0693020965	0.1013360884	0.0306372321	5.1199e-05	-0.0969509123	-0.0467074845	0.0809658666	0.1167594241	-0.0561613822	-0.0607213603	-0.1115303661	0.0443006085	0.0522509247	0.1909059948	0.0410681026	-0.0067399639	-0.0670898352	0.0042734278	0.1157910266	-0.0181225424	-0.0571994912	-0.1061658943	-0.0626797214	-0.0616228464	0.1142514127	0.0731227308	0.0151740128	-0.0462651033	0.0159652135172194	0.0096194037532626	9.253292856828264e-05	0.0002548880426504	-0.048799773059315	0.0151468285435214	0.0023814178506406	0.0002294264149268	-0.1310845578614277	0.0207333966056708	0.0171831613097259	0.000429873734808	-0.0017141027638839	-0.0002869941631119	2.938148285154425e-06	8.236564966029995e-08	-0.0001971292869735	1.6645662137100006e-05	3.885995578268051e-08	2.7707806798248475e-10	-0.001015668234678	-1.5655653300009412e-08	1.031581962933925e-06	2.450994802500956e-16	0.0	0.0	0.0	0.0	0.0	0.0	0.0	0.0	0.0	0.0	0.0	0.0	0.0	0.0	0.0	0.0	0.0	0.0
884.0972140294111	2.122640868488588	781627.8838545664	4.505604256577988	963.128035781204	-1.717007442187196	2.948114556526217	927615.61330776	805.1003460638976	2.0094229245203223	4.037780489587805	648186.5672322077	806.1908146963021	663.3643215444156	0.771053	18.570684	0.1439521675817683	0.0699756216604749	-0.0496192805	0.045602637	-0.0572522138	-0.1400804859	0.0242099039	0.0636655782	-0.0019966399	-0.0159855923	0.0838683005	-0.0456928671	0.1784305435	-0.0459176025	-0.0279876166	0.0694679649	-0.0658668618	0.1533851489	-0.0781938732	-0.042754756	-0.0506248152	0.0788419897	0.125481924	-0.0518254241	0.1312705578	0.0692560355	0.1052975885	0.049533825	0.0194691867	-0.0448707484	-0.0570463798	-0.0534245923	0.0697744224	0.0310671042	0.0575651373	0.14323712	0.1857341415	-0.1110354909	-0.2061503173	-0.171085924	-0.0982293466	-0.1021171343	0.1218699915	-0.0379247406	-0.0593760934	0.0618972065	-0.2211328978	0.055559355	0.0290970247	-0.0842728258	0.0555377651	0.0833041551	0.1617431608	0.040254601	0.0568276967	-0.1218502101	0.0629523296	-0.0057464205	0.1195608081	-0.000151193	-0.1132035837	-0.1065645677	0.1255476486	-0.0615887172	-0.042406811	0.0316985081	0.0590152499	0.0191093443	0.1080457979	-0.0034630754	-0.0561192425	-0.0106934694	0.0448401567	0.3297574707	-0.0516534475	-0.1229626569	-0.0442326824	-0.1253710413	-0.0361772142	0.0395382213	0.0589352926	0.1084146906	0.0140284472	-0.0606023642	-0.1291964826	-0.0181069842	0.101800751	0.0694458435	-0.0573382423	-0.1119278952	-0.0369811569	0.0270364663	0.0575399262	0.1972357873	0.1066973811	0.083919671	-0.0571601566	0.0007962085	0.0765380364	-0.0787049562	-0.0482496917	-0.0942013938	-0.0402348052	-0.0412719538	0.1126387502	0.0674542747	0.0050684204	-0.0586099215	0.0209558746384033	0.0049906611211838	2.490669842649651e-05	0.0004391486818604	-0.0045605819384775	0.0442391911208375	2.079890761756719e-05	0.0019571060310259	-0.0895972047975277	0.0414873530639	0.0080276591075301	0.0017212004642486	-0.0012380193134475	0.0004760834504363	1.5326918204690194e-06	2.266554517794281e-07	-5.5147655547260754e-05	0.0001419816314262	3.0412639123593203e-09	2.0158783662456447e-08	-0.0005690340710237	0.0004466341636543	3.237997739858053e-07	1.994820761431761e-07	0.0	0.0	0.0	0.0	0.0	0.0	0.0	0.0	0.0	0.0	0.0	0.0	0.0	0.0	0.0	0.0	0.0	0.0
888.3607497603269	4.263535730915805	789184.8217147302	18.17773692879577	968.9800517584688	5.852015977264841	34.24609099816298	938922.3407058448	806.6945175787944	1.5941715148967432	2.5413828189081773	650756.0446916838	808.2659454669964	681.4624093630648	0.881623	21.233746	0.0825444826052444	0.0481652766096571	0.0120613356	0.0927951041	-0.0234533073	-0.1666715048	0.0996032069	0.0482751788	0.0266196658	0.0272586651	0.0558833767	-0.0029602155	0.19153608	-0.0974974701	-0.0783976014	-0.0187587593	-0.0535873547	0.2007837342	0.0149419944	-0.1222289089	-0.0825413505	0.1405210574	0.0169328589	0.0228373395	0.1724732429	-0.0135350685	0.0826730326	-0.0579943112	0.1429693415	-0.0046903374	-0.117958153	0.0523546963	-0.0592613354	0.0767890257	-0.0053179568	0.0372039238	0.0776582015	-0.0270255453	0.0711410761	-0.0431036256	-0.0779974188	-0.0449128372	-0.0228236895	-0.0040549395	0.0146437828	0.0206257966	0.0216020099	0.0925876429	0.094731785	-0.0012518109	0.0679083121	0.1537294214	0.1278117212	-0.0612390273	0.1495886443	-0.1771812295	0.0194945081	0.0542532854	0.0840911313	-0.0045951411	-0.0263431475	-0.0191333367	0.1751541671	0.073318359	0.0493400758	0.1089791183	0.0414066948	0.0687944303	0.0262651316	0.007199128	0.0149914465	0.0168143081	-0.0179033094	0.0649367065	-0.0420715292	0.1229321375	-0.0211417149	-0.0343719751	0.0375941908	0.0608611749	0.0453824793	0.1068059171	0.0115905099	-0.1080466572	-0.1347174373	0.0327339139	0.1097733782	-0.0086013543	-0.038457805	-0.0753118392	0.0031218356	-0.0178924754	0.1176106784	0.0980018279	0.1545353267	0.0625321827	-0.050975042	0.1274008166	0.0419371605	-0.0351938892	-0.0101803584	-0.1352572164	-0.0740944629	-0.0549992252	0.1109488906	0.0616009311	-0.0050684204	-0.0703125971	0.015987188467136	-0.0049686861712672	2.468784226854289e-05	0.0002555901950837	-0.0031902981013871	0.0013702838370904	1.0178001975714134e-05	1.8776777941911897e-06	-0.0485957345214629	0.0410014702760647	0.0023615454136805	0.001681120564799	-0.0013020291218199	-6.40098083723999e-05	1.6952798340671e-06	4.097255567871357e-09	-0.0003058835139808	-0.0002507358584335	9.356472412524227e-08	6.286847070440382e-08	-0.0001796988914132	0.0003893351796104	3.2291691575133055e-08	1.515818820823403e-07	0.0	0.0	0.0	0.0	0.0	0.0	0.0	0.0	0.0	0.0	0.0	0.0	0.0	0.0	0.0	0.0	0.0	0.0
889.1346423694719	0.773892609144923	790560.4122614886	0.5989097704891365	971.9914711572792	3.0114193988104034	9.068646795531611	944767.420002492	806.5583006222824	-0.1362169565119302	0.018555059241373	650536.2923027042	808.0437262881939	701.0682489821754	0.832674	20.054804	0.2159497601368901	0.0903230765445848	0.0522797338	0.1700184851	-0.0701641373	-0.127902113	0.121303277	0.0978777244	-0.0727482892	-0.0818646892	0.0689229629	0.027796894	0.0713122846	-0.0736191824	-0.0492503971	-0.1218332054	-0.0138953962	0.1302925893	0.0339903785	-0.1606445685	-0.1100924814	0.0252215266	0.0782605345	0.0167630819	0.1181605203	-0.0486865729	-0.0849637638	-0.0001705446	-0.0744022614	-0.0440435796	0.0523944719	0.1593216314	-0.1706994099	0.1528640729	-0.0635159443	0.0316234504	0.050205447	0.023031265	0.0598048962	-0.0409841545	-0.0529397632	-0.0991316785	-0.1614537808	0.0928998026	0.2438748651	-0.2669030682	-0.0177005282	0.0696525746	0.0642007624	0.1096156694	0.042325114	0.1742787036	-0.0462659782	0.0043776002	0.0723642621	-0.1647551938	0.0191914962	0.0415543774	0.0608662166	0.1090986851	0.0043308215	0.0001337614	0.0318145387	0.0868838955	0.0004575132	-0.0379171986	-0.0422081221	0.1355208283	0.1809059158	0.1548951748	0.1023735123	-0.0272487562	0.0114965847	-0.0779487292	-0.1590434359	0.1233376927	0.0473288485	0.0242502404	0.1529709486	-0.1722322041	0.0446164951	0.1296366494	0.0220839468	-0.1325909687	-0.0946314146	0.0690874256	0.0727858782	0.0153235962	-0.0733982571	-0.064325706	0.076581658	-0.0073705243	0.1158041641	0.0611358641	0.0614560958	-0.0111808006	-0.0677235227	0.1547386911	0.0109724649	-0.0322798953	0.0907892263	-0.1383808989	-0.0024431672	-0.0418766774	0.1091829923	0.0555787436	-0.0151740128	-0.0812449131	-0.0220251116588343	-0.0380123001259703	0.0014449349608668	0.0004851055435841	0.0123799185469266	0.0155702166483137	0.0001532623832285	0.0002424316464754	0.0029780455829282	0.0515737801043911	8.868755493998162e-06	0.002659854794256	-0.000372829897709	0.0009291992241109	1.390021326257034e-07	8.634111980882986e-07	-0.0011045593901246	-0.0007986758761437	1.220051446312428e-06	6.378831551340663e-07	0.0003082952734964	0.0004879941649096	9.504597566022009e-08	2.3813830498581795e-07	0.0	0.0	0.0	0.0	0.0	0.0	0.0	0.0	0.0	0.0	0.0	0.0	0.0	0.0	0.0	0.0	0.0	0.0
886.5219675928895	-2.6126747765823666	785921.1990247682	6.826069488189719	970.2802789749636	-1.7111921823155851	2.928178684817976	941443.8197677332	805.5179619060305	-1.0403387162519948	1.0823046445328486	648859.1869532451	806.9845966230253	689.2959223136287	0.962845	23.189943	0.3777849242433672	0.1900204730241526	0.0629824232	0.0796031308	-0.0745271763	-0.1044761075	0.0748232788	0.0236943617	-0.0039954445	-0.1825114948	0.1600282338	-0.0198602334	0.0119512833	-0.0190811704	-0.0496579897	-0.0631386611	0.0288559737	0.1043831682	-0.1326373407	-0.2098741223	0.0583734315	-0.0468031182	0.0286013242	-0.0112424144	0.0545290754	0.0353016245	0.0199116624	-0.0563861919	0.0453391096	-0.0358674697	-0.111299312	-0.0480464181	0.0358412926	0.0262997323	0.0900147764	-0.1010491994	-0.0122502587	0.1904009773	-0.0596641684	0.0359355344	-0.0540223643	0.1166515668	-0.0914271488	0.1758841145	-0.0081991144	-0.0471236745	0.177048242	0.0158448446	0.0543784876	0.0704184572	-0.010087386	0.17542759	-0.0809191823	0.1755554834	0.1459850112	0.008226667	0.0269619513	0.018129223	0.0242493936	0.0448194042	-0.025705518	-0.0090155488	0.0453363519	-0.0309601051	0.062014465	0.1309261743	0.0049039806	-0.1236044538	-0.0417809382	0.1415951191	-0.0223167807	0.0599829389	0.1305135401	-0.1081782576	0.1105244974	0.1376229759	0.0582244688	0.0922698892	-0.0185246749	0.2195684083	-0.0208717424	0.094981743	-0.083347699	-0.1798863713	-0.062881922	0.0421319058	0.0135895348	-0.0517720828	0.0218434622	-0.0737037318	0.1128210843	0.0771226572	-0.0347623956	-0.0751660839	0.0170837917	-0.0417050804	-0.0043069419	0.1822327003	-0.0153076785	-0.0340608427	0.0282706598	-0.0354209122	0.0740683613	0.0343406703	0.1073422654	0.0494042187	-0.0251860523	-0.0912870929	-0.0036869084384534	0.0183382032203809	0.0003362896973519	1.3593293833538887e-05	0.0869924735666245	0.0746125550196979	0.0075676904572398	0.0055670333665674	0.1614571253924666	0.1584790798095384	0.0260684033399986	0.025115618737278	0.0006749456734982	0.0010477755712072	4.555516621739387e-07	1.097833647618574e-06	0.0002501462185346	0.0013547056086592	6.257313064715986e-08	1.8352272861326931e-06	0.000432915817505	0.0001246205440086	1.874161050460225e-07	1.5530279988999422e-08	0.0	0.0	0.0	0.0	0.0	0.0	0.0	0.0	0.0	0.0	0.0	0.0	0.0	0.0	0.0	0.0	0.0	0.0
885.1473273584456	-1.3746402344438593	783485.7911297993	1.8896357741518688	965.0531873395366	-5.227091635426973	27.322486965150627	931327.6543941988	803.7387043127383	-1.7792575932921864	3.165757583287903	645995.9048103193	804.6317915693513	688.2235903119509	0.992246	23.898073	0.1841362653781008	0.0883569816350871	0.0786604679	0.0004336432	-0.0703831122	-0.0214349533	0.0563989868	-0.0446450016	0.0120046531	-0.0724187518	0.1739713524	-0.1517040453	-0.1204842751	0.0680281338	-0.0785775745	0.02580262	0.00471824	0.0318136324	-0.1728656015	-0.1156108793	0.0767119202	-0.0081607717	0.2287197759	0.1224829673	-0.0861186408	0.0834203514	-0.1916770385	0.013899787	-0.0203927538	-0.1106756793	0.1005768725	-0.0356983268	-0.0154944994	-0.0906312613	0.1108572393	0.0436074615	-0.1324903972	0.0008572835	0.0268801477	0.000475785	-0.1196960249	0.0537136566	-0.0885011122	-0.0138260649	-0.1564944996	-0.0502545018	0.0862174836	-0.068924141	0.06588388	-0.0213600149	0.0002684673	0.092427702	-0.0729875063	0.2278878025	0.0198506429	0.0279051389	0.2103117536	0.0856920327	0.0094938594	0.1147948611	0.0368281384	0.0491989486	-0.0554745408	-0.1482930088	0.008673879	-0.0100449179	-0.1973960036	0.0486433003	-0.066629232	-0.0434486805	-0.0630695394	-0.0209657006	0.0265473838	-0.0590844442	-0.0511746149	0.0587211646	0.1301091546	-0.072103271	-0.178313402	0.0799954668	-0.0688160627	0.0729909068	-0.1196392539	-0.1336944804	-0.0557316666	0.0612473792	-0.1383686467	-0.087394053	0.0257693232	-0.1004840914	0.0812782388	0.1347040614	-0.1543135085	-0.0259051173	-0.0014598847	-0.0693956823	-0.0008534886	0.052125452	-0.0002609449	-0.0567203525	0.1632525249	0.0708506457	0.0365836322	-0.0132407339	0.1054279714	0.0430942802	-0.0350428114	-0.1003291122	-0.0161052922878468	-0.0124183838493934	0.0001542162574308	0.0002593804396769	0.1364080490977102	0.0494155755310857	0.0186071558586433	0.0024418991050684	0.2251064651077783	0.0636493397153117	0.0506729206333194	0.0040512384461951	0.0012323123401701	0.0005573666666719	1.518593703735508e-06	3.1065760111694485e-07	0.0004430274215263	0.0001928812029917	1.962732962242419e-07	3.720315846752538e-08	0.0008557272734876	0.0004228114559826	7.322691665905217e-07	1.7876952731012606e-07	0.0	0.0	0.0	0.0	0.0	0.0	0.0	0.0	0.0	0.0	0.0	0.0	0.0	0.0	0.0	0.0	0.0	0.0
884.7509253655504	-0.3964019928952211	782784.1999351977	0.1571345399713029	962.0864695887412	-2.966717750795397	8.801414212884497	925610.374965728	803.8778463550591	0.1391420423208273	0.0193605079412109	646219.591860448	804.98804885225	686.2318570161841	0.879627	21.185661	0.233348336958664	0.1064996589531293	0.0719800759	-0.0161468361	-0.0864473502	0.0266696546	0.0598093015	-0.0584057912	-0.0103233892	0.075886664	0.141169227	-0.1025937941	-0.0861688655	0.0676619505	-0.0450315569	0.0117742698	0.0373307028	0.0571152894	-0.1370115589	-0.0656669181	-0.0247804188	-0.0113003622	0.0126448095	-0.0528669736	-0.0118473355	0.0395800694	-0.1210062251	-0.0645712968	0.0911056852	0.0695548597	0.0526740786	-0.0618158073	-0.0980935521	0.0168516645	-0.0839933936	-0.1180721421	-0.0664762953	0.0221409528	-0.0263910326	-0.0469285968	0.3111439905	-0.0552167046	0.1567715123	0.0491665572	-0.1343144565	-0.0118983711	-0.0655158006	-0.0686702715	0.0406426999	-0.0131002618	-0.0379514218	0.0467675888	0.055721857	0.1344523708	0.0488122025	-0.026590551	0.0197343158	-0.0388854045	0.0154862466	0.0678605845	-0.0304983571	0.044092497	0.0525175873	0.0545089563	0.0350930663	0.0453400047	-0.1551705999	0.0758536344	-0.1248500105	-0.1014945592	0.0164991631	0.0492227363	-0.0132268651	-0.0194605889	0.070317891	-0.2397912055	-0.0241452098	0.2442786979	0.0604235182	0.0172046432	-0.0836339203	0.1057698116	-0.0829371688	-0.1757098979	-0.0042954053	0.0354224467	-0.0759332725	-0.0124080566	-0.0153775538	-0.0374212413	0.0770032053	0.1048547868	-0.1643524392	0.0537643005	-0.020190095	0.1304996288	0.0227260506	-0.0888299367	0.1402759991	-0.0422319131	0.1103407881	-0.0367932929	0.0475034613	-0.0050669603	0.1034414224	0.0366662233	-0.0446835199	-0.1082719048	-0.0854101737818382	-0.0693048814939914	0.0048031665988961	0.0072948977854438	0.1557151246398405	0.0193070755421302	0.024247200041601	0.0003727631659895	0.2896945953296068	0.0645881302218285	0.0839229585631846	0.0041716265655518	0.0008160583904561	-0.0004162539497139	6.659512966338005e-07	1.732673506525052e-07	-7.5376193319876e-05	-0.0005184036148461	5.6815705193953195e-09	2.687423078855824e-07	0.0015240347029417	0.000668307429454	2.322681775770596e-06	4.466348202635468e-07	0.0	0.0	0.0	0.0	0.0	0.0	0.0	0.0	0.0	0.0	0.0	0.0	0.0	0.0	0.0	0.0	0.0	0.0
882.3605991446825	-2.390326220867905	778560.226922963	5.713659442168642	954.2595221406672	-7.8269474480740655	61.261106354913125	910611.2355961344	803.9907353318171	0.1128889767579721	0.0127439210734619	646401.102499396	805.0414827551781	683.8976863780725	0.8810329999999998	21.219528	0.1475690524869608	0.0699388401043761	0.0737994297	-0.0682111966	-0.06196436	0.0588752439	-0.0028189071	-0.0971246626	-0.1330178221	0.1069250865	0.1140544437	0.0862212338	-0.0606979551	0.0583482224	-0.0214167068	-0.1111510942	0.0716747464	0.0116626903	-0.1299072427	-0.0090554216	-0.0196852318	-0.0795801435	-0.0509364085	-0.1096575297	0.0192591176	-0.0532177827	-0.1014023295	-0.0233869131	-0.0907481702	-0.0922519317	0.0145105362	0.0531435709	-0.1103129695	0.0233424317	-0.1201285732	-0.1207514934	0.0049227792	0.0203436111	-0.1479504294	-0.0953917979	-0.0231239021	0.1320349567	0.0359278681	0.0604658797	0.0092664527	0.1074749467	0.0559031368	-0.063265155	0.0179326115	0.1075841722	-0.0714461934	-0.0175578079	0.0622886404	0.0900280764	0.0767812312	0.0342564504	-0.1269583147	-0.070948147	0.0640762421	0.0917625891	0.0430167706	0.0329909226	-0.0877065314	0.0261539263	0.0117665403	-0.0046234539	-0.1382460976	0.1215725718	0.0922069577	0.1011329004	0.1388935564	-0.0548625733	0.0545986424	0.0534871321	0.1690440432	0.0268970699	-0.088045959	0.0205462073	0.0155253795	-0.0174795409	-0.101471313	0.0653238229	-0.113305469	-0.1432021553	0.0174730487	0.0149715274	-0.1316825171	-0.0571480415	-0.0185427067	-0.0152787674	0.1380625785	-0.0337734218	-0.1155934563	0.0045808027	0.1023632531	0.0633304253	0.0350328193	-0.1558959615	0.0468581479	-0.0730724585	-0.0017299073	0.0108769605	0.0651818701	-0.0150522021	0.1013839798	0.0301376669	-0.0540487397	-0.1150284477	-0.0352819472824137	0.0501282264994245	0.0025128390919776	0.001244815804039	0.1808059220894478	0.0250907974496072	0.0326907814626154	0.0006295481166572	0.3121599410649196	0.0224653457353128	0.0974438288056541	0.0005046917590071	0.0013302278530397	0.0005141694625836	1.76950614100261e-06	2.643702362535081e-07	-0.0002412726334013	-0.0001658964400814	5.82124836283981e-08	2.7521628831689505e-08	0.001841662456329	0.0003176277533873	3.391720603051765e-06	1.0088738972186349e-07	0.0	0.0	0.0	0.0	0.0	0.0	0.0	0.0	0.0	0.0	0.0	0.0	0.0	0.0	0.0	0.0	0.0	0.0
882.5237874709535	0.1631883262709834	778848.2354520767	0.0266304298311249	953.9104483409594	-0.3490737997077531	0.1218525176424085	909945.1434540502	803.4856658161626	-0.5050695156544407	0.2550952156434113	645589.2151720421	804.736345514646	664.7984601130715	0.930012	22.399178	0.0826450839134863	0.0408583852843043	0.0238349344	-0.0689430857	-0.0045090992	-0.0606216971	-0.0118598262	-0.0756405226	0.0646800509	0.0502652141	0.0916035063	0.096556235	0.0292162467	0.0567750913	-0.0275461129	0.0012096008	0.0374518832	0.0317619115	-0.1643863556	-0.1094577465	0.0009280947	0.101191881	-0.2016398897	-0.0373846654	0.0413515098	-0.0712136136	-0.0917688162	0.0245031839	-0.0646502037	0.0539186131	-0.0046623955	0.0738013284	-0.1306293402	0.0026592569	-0.0460752142	-0.0629852214	-0.1136617104	-0.0436526493	0.1126658396	0.0715291491	0.0790377792	0.0973602333	-0.1659473905	0.0053427975	-0.1274059843	0.1633055655	-0.0731125141	-0.060749482	0.0194783762	0.00600289	-0.0642889927	-0.0124608928	0.084332734	0.0680954815	0.2209284742	0.0039265046	-0.1127001436	-0.0310922732	-0.0283697022	0.0025332962	0.0139120443	0.0608119676	-0.0814811588	0.179775497	0.0053039537	0.0442995065	-0.0781250828	0.1521859298	-0.073133651	-0.0325498876	0.0216938056	0.0737068628	-0.0746878826	-0.1721843544	0.060788341	-0.1013018824	0.1906407297	-0.1491381757	0.0722731033	-0.044570339	-0.0746753833	0.0532083638	-0.1305537385	-0.1783827158	0.0015763018	-0.009428448	-0.0146746648	-0.0468237095	0.046389958	-0.0039026193	0.0432215867	0.0505970353	-0.1316126146	-0.0911089463	-0.0008559023	0.0183563904	0.0485815146	0.0812468083	0.0575358085	-0.000408943	0.0890947341	0.0550001366	0.0794864555	0.033036933	0.0992570537	0.0235265052	-0.063080731	-0.1205247148	-0.0431153146427334	-0.0078333673603197	6.136164420172212e-05	0.0018589303567419	0.1811042752518119	0.0002983531623641	0.032798758514484	8.901460949267296e-08	0.3425335324924035	0.0303735914274838	0.1173292208817244	0.0009225550562037	0.0015069575879906	0.0001767297349508	2.270921172002447e-06	3.1233399215815323e-08	6.10821136852735e-05	0.0003023547470865	3.731024612260676e-09	9.141839308578584e-08	0.0014379514991001	-0.0004037109572288	2.067704513764225e-06	1.629825369866747e-07	0.0	0.0	0.0	0.0	0.0	0.0	0.0	0.0	0.0	0.0	0.0	0.0	0.0	0.0	0.0	0.0	0.0	0.0
886.2270176838679	3.703230212914377	785398.3268728426	13.713914009841863	960.416398817493	6.505950476533599	42.32739160310776	922399.6591175618	805.3395415025676	1.85387568640499	3.4368550606435733	648571.7771075658	806.5973576706109	693.5574952968138	1.360404	32.765095	0.3177816284904753	0.1755104027698317	0.1415873701	-0.1257208907	-0.0266406608	0.0240071327	0.0747158475	-0.1927847579	-0.0284185695	0.0152801909	0.0512000842	-0.1026223481	0.0328828858	0.1061010122	-0.1545104181	-0.1438247108	-0.0131105933	-0.165452682	-0.1020630347	0.0069401962	0.0741379431	-0.1568446082	-0.0729786565	0.1058807501	0.0532050142	-0.1379995552	0.1816019675	0.0087600263	-0.0372685736	0.0924038521	0.1145706914	0.0831482045	0.1504725721	0.0855838056	0.0087738401	-0.0214213078	-0.068245246	-0.1042782523	0.0047814881	-0.078877487	-0.0767537835	0.1007234063	-0.0250992617	-0.0209230985	-0.0671499145	-0.0411328394	-0.0031589685	-0.1310068579	0.1421967302	0.1264985411	0.036008124	-0.1447742077	-0.0432702379	0.0951943147	0.0439918837	0.0896886529	-0.0929612978	0.1122687077	0.0719160763	-0.227368127	0.0668796425	-0.098664604	0.0526600402	-0.0063867873	-0.1093300583	-0.1329579979	-0.0364083344	0.0297662811	-0.0250822989	0.1218293015	-0.1127634871	-8.85104e-05	-0.1319154206	0.0195018983	0.0181925442	0.0992362573	0.0054002836	0.0037488866	-0.0615899296	-0.0516088204	-0.1749049326	-0.0399072992	-0.1013646832	-0.0077513169	-0.0699249696	-0.0233835956	-0.2508172854	-0.0516491181	-0.1289606308	-0.2044562704	0.1228728822	-0.0669066347	-0.0748343099	0.0093875212	0.0645852043	-0.0070088917	0.0300359279	-0.2274597496	0.0470657042	0.0520699279	-0.1119921245	0.0797324327	-0.1586450186	0.1710522424	0.0970621018	0.016850859	-0.0717238087	-0.124700488	-0.053344166031394	-0.0102288513886605	0.0001046294007313	0.0028456000495849	0.3024125104416271	0.1213082351898151	0.0914533264716072	0.0147156879248675	0.4631011989529767	0.1205676664605732	0.2144627204716845	0.014536562195748	0.0022140488243187	0.000707091236328	4.902012196467017e-06	4.999780164920007e-07	0.0006131545067753	0.00055207239309	3.759584491788614e-07	3.047839272121488e-07	0.0014923253787105	5.4373879610400064e-05	2.2270350359434377e-06	2.9565187838862798e-09	0.0	0.0	0.0	0.0	0.0	0.0	0.0	0.0	0.0	0.0	0.0	0.0	0.0	0.0	0.0	0.0	0.0	0.0
886.8602253294121	0.6332076455441893	786521.0592713355	0.4009519223756156	961.5201530866724	1.103754269179376	1.2182734867316984	924521.004791818	806.2144567896194	0.8749152870517491	0.7654767595168446	649981.750336581	807.3486020911008	699.4066084562772	1.335636	32.168568	0.5536410220826686	0.2637035808559486	0.2082114457	-0.1455648842	0.1613725435	0.1202209903	0.1276289617	-0.2337844895	0.0134727558	0.0097338936	-0.1687404982	-0.0384889364	-0.0597314251	0.1122320401	-0.1986045381	-0.1851464608	0.0018609139	-0.3499403115	0.1012240458	0.1368781729	-0.013937295	-0.0513552759	0.0019565111	-0.0382588725	0.1050782	0.0114424147	-0.01484629	-0.1145572612	-0.013564713	0.0534441895	-0.0207098558	0.0103450985	-0.0699316675	-0.0686650009	0.0585684734	-0.0151329011	-0.0911042299	-0.2754685236	0.089011187	-0.1501249195	-0.1114872606	-0.0523368746	0.0009697986	0.0333616867	-0.0296159464	-0.0202439702	0.0591707589	-0.1454885298	0.1851857847	0.1748045849	0.0247606852	-0.3412224123	-0.1154053954	-0.0810752206	-0.1137576446	0.0485363367	-0.0642429905	0.0803176422	0.1099465692	0.0346110215	-0.0132058145	0.05736575	-0.0124184552	0.0766673654	0.1134290711	0.0836309032	-0.1091647105	0.0167823492	-0.0616165854	0.0641850373	-0.0676790456	-0.045024094	-0.1792392157	0.1396616909	-0.1229699848	0.1663822342	-0.0629706004	-0.0258349295	0.007890441	-0.0074829511	-0.2228700356	-0.2656783273	-0.1346883622	0.1378182722	0.055842434	-0.0330575359	-0.0320940835	0.1566542772	-0.2677579894	-0.2248058629	0.1319145005	-0.178420015	0.118047802	-0.1378506895	0.1577679202	-0.0436486569	0.0861166645	-0.0870951357	0.1565915303	0.0426263063	0.0567926606	0.1224608108	-0.0948082917	-0.1013016872	0.0948006283	0.0101290257	-0.0799246852	-0.1275100165	-0.0010306806935176	0.0523134853378764	0.0027367007481962	1.0623026919899212e-06	0.4084981802125185	0.1060856697708914	0.1668707632369392	0.0112541693307386	0.6430453367413875	0.1799441377884108	0.4135073051048444	0.0323798927244145	0.0054187979740299	0.0032047491497112	2.9363371483350544e-05	1.027041711257466e-05	0.0012976836763065	0.0006845291695312	1.683982923752353e-06	4.685801839390743e-07	0.0019090016431779	0.0004166762644673	3.6442872736559214e-06	1.7361910937050662e-07	1.0	0.0	0.0	0.0	0.0	0.0	0.0	0.0	0.0	0.0	0.0	0.0	0.0	0.0	0.0	0.0	0.0	0.0
885.3380688754347	-1.5221564539773451	783823.496200084	2.3169602703848864	960.7861598025086	-0.7339932841638301	0.5387461411976051	923110.0448680517	805.0160642941574	-1.198392495461917	1.4361445731794409	648050.863771655	806.316949247952	696.6504481432606	1.503315	36.207085	0.7040238878258405	0.3712232748005574	0.1102657575	-0.0326167476	0.011843094	0.1325462815	0.0751685213	-0.0448374834	-0.0265919803	0.0394681224	-0.0518703625	0.2755906307	-0.0535401372	0.0352025326	-0.0639767086	-0.0774446417	0.0963060767	0.0150227791	0.0286245879	-0.1092133479	0.0410688158	-0.1227732197	-0.2957159659	-0.112413416	0.0513897286	0.0026625847	0.0808192652	0.0412857365	-0.1078107458	0.1452922548	-0.0197581106	-0.04972293	0.1396829227	-0.0331876144	0.0922409328	-0.0765722903	-0.0126247865	0.0717460208	0.1355477704	0.0334221366	0.1076168259	-0.2344816164	0.1227204369	-0.0433815059	-0.043418558	-0.065615353	-0.0133990007	-0.0469837946	0.0574219843	0.095037663	-0.0953525071	0.0101664256	-0.0503550737	-0.0406387089	0.1215483762	0.0658227218	-0.3244844262	-0.0500269431	0.0161079656	-0.1478311688	-0.0750370902	0.0287039043	-0.1635254467	0.0520837865	-0.0642978015	-0.0465092365	0.0659182472	-0.0420984858	-0.099317729	-0.0991150003	-0.1228975367	0.1310456045	0.0545918548	-0.0321383968	-0.1658653865	-0.0854628923	-0.0336738401	0.1693141799	0.0800130254	0.1433664272	-0.1030992452	-0.0358254834	-0.1005645053	-0.1472428028	0.1191844875	0.0640999552	-0.0606841787	0.1568208335	0.0857208854	0.1061651785	-0.0335351021	-0.1905674129	-0.0519595183	-0.0629860493	0.0734667298	0.0737150832	-0.0220289507	0.1146024423	0.0053569587	0.0624577249	-0.0305255375	0.0526404742	0.0442608466	-0.0673371264	0.0924741833	0.0033794295	-0.0876327994	-0.1289225186	-0.0610640059844911	-0.0600333252909734	0.0036040001454918	0.0037288128268739	0.108487064636634	-0.3000111155758845	0.0117694431934732	0.0900066694690867	0.455613099377075	-0.1874322373643125	0.2075832963239844	0.0351308436033919	0.0039610974310904	-0.0014577005429395	1.5690292858590965e-05	2.124890872886113e-06	-0.0001002646980519	-0.0013979483743584	1.005300967543868e-08	1.954259657371293e-06	0.0016337063685824	-0.0002752952745955	2.668996498746693e-06	7.578748821461177e-08	0.0	1.0	0.0	0.0	0.0	0.0	0.0	0.0	0.0	0.0	0.0	0.0	0.0	0.0	0.0	0.0	0.0	0.0
874.8163608214035	-10.52170805403125	765303.6651608039	110.70634037426608	947.071099024947	-13.715060777561575	188.10289213220796	896943.6666083209	801.8144768027919	-3.201587491365558	10.250162464868406	642906.4552105349	803.1731927497646	672.3070322388905	1.289272	31.051888	0.19196284657058	0.092567324480311	0.0219476499	-0.1301293446	0.0040257008	0.2496237287	-0.0833572072	-0.1080881963	-0.1826107326	-0.1019751048	-0.0162839368	0.1218636348	-0.0045643157	0.1061675191	0.1110110755	-0.1008984471	0.0783655838	-0.1851364031	0.0637377245	-0.0669731092	0.0428173662	0.0368053739	-0.1403804914	-0.0791066491	-0.0297732466	0.2435710822	-0.0195954353	0.051450973	-0.0343285382	-0.0543583293	-0.0351779319	-0.1627932411	-0.0852910734	0.0289887849	-0.0528347341	0.0069234002	0.2732693074	0.1599653111	-0.0374786064	0.1105436237	-0.202544002	-0.1476788748	0.0178876377	0.0565204582	-0.0044365987	-0.0412286066	0.0507564504	-0.0954657182	-0.1179212075	0.1080801378	-0.0528380854	-0.0673835594	-0.173426369	-0.0695531639	0.1003752632	0.0466144059	-0.0840205079	-0.008651419	-0.1082466935	0.1405700441	-0.1980891068	-0.0330088858	-0.0514828952	0.0007519975	-0.0604772432	0.0682922018	0.070022133	-0.1872016397	0.1784942842	-0.0500078678	0.1859187925	0.0070294595	0.1092101444	0.0042734027	-0.1369793693	-0.0076765643	-0.0561128248	-0.0687780052	-0.1429397529	0.1580089868	-0.0900602905	-0.0380842537	-0.1021448936	-0.0903917962	0.1709652029	-0.0520185559	-0.1030799021	0.1756586869	-0.0762433703	0.1289460333	0.0129659561	-0.1699145085	0.0883531784	-0.0201774182	-0.0625835446	-0.1228700241	0.022837	0.1300514539	-0.1993043004	0.0128823682	-0.0192856297	-0.1478780837	-0.1865865397	-0.1333218674	0.090084361	-0.0033794295	-0.0948006283	-0.1289225186	-0.0483104042410502	0.0127536017434408	0.0001626543574302	0.0023338951579336	0.1847682879876657	0.0762812233510317	0.0341393202458929	0.0058188250359299	0.4329363318956325	-0.0226767674814424	0.1874338674752452	0.0005142357834074	0.003328645551361	-0.0006324518797293	1.1079881206595376e-05	3.999953801732509e-07	-0.0008801021596243	-0.0007798374615724	7.745798113753568e-07	6.081464664716844e-07	0.0014409706299909	-0.0001927357385915	2.076396356496371e-06	3.7147064930411074e-08	0.0	0.0	0.0	0.0	0.0	0.0	0.0	0.0	0.0	0.0	0.0	0.0	0.0	0.0	0.0	0.0	0.0	0.0
867.4634642277216	-7.352896593681862	752492.8617699597	54.06508831737833	938.2543471141528	-8.81675191079421	77.73511425649335	880321.2198786051	801.9519286858374	0.1374518830455144	0.0188930201527577	643126.8959229344	802.6181692553058	626.6874065026918	1.457663	35.107559	0.3348379434416355	0.1730126692066636	-0.1470168153	-0.1624898311	0.0723962607	0.1790469984	-0.2629619385	-0.0467211325	-0.0725451041	-0.0170799492	0.2153002734	0.1176382411	-0.1294565313	-0.0397216823	0.1785909963	-0.0133498357	0.2843767786	-0.1175870991	-0.0791390744	-0.2207971724	-0.0500351718	0.0285696627	-0.0201249978	-0.0752994256	0.0817329977	0.0842574097	0.1474029395	-0.0959340495	-0.043042216	-0.0392024494	-0.0909818232	-0.0523316318	-0.011384223	-0.0404220629	-0.0969069684	-0.0100562793	-0.0087901655	-0.0731963631	0.0234952875	0.0905719966	0.1103457219	-0.0729074604	-0.1953786192	-0.0335116076	-0.0999901904	0.0580922982	-0.0980679255	0.0392126774	-0.1726994023	0.0534841781	-0.2840224147	-0.0515521234	-0.1474434753	0.0962870141	0.1889038819	-0.0880041554	-0.01858034	-0.0272889985	0.0352758511	-0.0647679145	-0.1372388943	0.0626210911	0.0371023623	0.0208731996	0.0112512588	0.128528288	0.0731601595	-0.0919354754	0.0408311964	-0.0448126819	0.0611781347	0.0179951566	-0.1007876274	-0.0370692168	0.0151657902	-0.0467056716	0.1682993936	-0.042367956	0.1132422896	-0.0085896785	0.0030518727	-0.0236657991	-0.0917960195	-0.2179189531	0.1861069295	-0.1794781521	0.0460487784	0.2598777148	0.1829820438	0.0441218632	-0.1571630862	-0.0052714996	0.073039871	-0.0638040287	-0.0974820211	0.0589008038	0.0076802629	0.1595360957	-0.1113402832	0.1189579288	0.1401065515	-0.1506432362	0.0614427889	0.0485558514	0.0876327994	-0.0101290257	-0.1013839798	-0.1275100165	-0.0851097749436746	-0.0367993707026243	0.0013541936841091	0.0072436737909629	0.0675806218360151	-0.1171876661516506	0.0045671404477424	0.0137329490980707	0.387490566500027	-0.0454457653956055	0.1501489391265118	0.0020653175923924	0.0034999520795968	0.0001713065282357	1.2249664559473965e-05	2.934592661620284e-08	0.0011716762373563	0.0020517783969806	1.3728252051854164e-06	4.209794590316281e-06	0.0009559527313722	-0.0004850178986186	9.138456246179696e-07	2.3524236198049945e-07	0.0	0.0	0.0	0.0	0.0	0.0	0.0	0.0	0.0	0.0	0.0	0.0	0.0	0.0	0.0	0.0	0.0	0.0
864.9993521928661	-2.464112034855475	748223.8792940781	6.07184812031959	929.5789895826772	-8.675357531475584	75.26182829893013	864117.0978735511	799.583702291341	-2.368226394496446	5.608496255589637	639334.0969699278	800.0289880350712	601.402639825271	1.517045	36.537762	0.2508974912784487	0.1239172988904308	-0.2028262552	-0.2842388036	-0.0435662493	0.0424695882	-0.3406447526	-0.0889644061	-0.1312472227	-0.0969807176	-0.0441991052	-0.0652084253	0.0329923744	0.062254482	0.2721148593	-0.0348331934	-0.0568876195	-0.1475642781	0.074873785	0.0900542642	0.0379175403	0.0065666935	0.1117981722	0.0332510823	-0.0901689286	-0.0158461007	0.1881396136	-0.0462105864	-0.1227459072	-0.0139552129	0.0235122408	0.0436024851	0.0761650114	0.0992656705	-0.1029887292	0.0516554843	0.0269836413	0.074805641	-0.0245665408	0.0586324316	0.0132414632	0.2521703994	0.0147493924	-0.1325471168	-0.0512013662	-0.1016548459	0.0148692752	-0.0433221773	-0.2892244068	0.0414690912	0.0410438305	-0.1585535457	-0.0420875731	-0.0675339438	-0.0609420811	0.0213091875	0.109359046	-0.0243300606	0.0485384118	-0.1625905039	-0.0025312709	0.1123987602	0.0316104081	-0.0045005647	-0.1540139933	-0.0637725166	0.0609979326	0.0172014039	0.0957058604	-0.0480362209	0.0521764308	-0.0912775056	0.0442582067	-0.031339182	0.1450748622	0.030198882	0.0562559771	0.0890298421	-0.2317774261	-0.0776840164	-0.0101494409	0.039104336	-0.1323553417	0.0699546646	0.2202724658	-0.2822841866	-0.1407463984	-0.1485698043	-0.1484464522	0.0384175034	-0.200075785	0.0147846345	-0.0393698124	0.029496116	-0.0822333285	-0.0679237057	-0.0067419369	0.0529614377	0.0441143241	-0.0867031792	-0.4464369165	-0.1835698977	0.0483267068	0.0976026808	0.0851211787	-0.016850859	-0.1073422654	-0.124700488	-0.0588788146780814	0.0262309602655931	0.0006880632764551	0.0034667148178958	0.1718879650356228	0.1043073431996076	0.0295454725240874	0.0108800218453607	0.3575667965868092	-0.0299237699132178	0.1278540140213525	0.0008954320058192	0.0023880003453868	-0.00111195173421	5.702545649567476e-06	1.2364366592126265e-06	0.0007930229230181	-0.0003786533143381	6.288853564321713e-07	1.4337833245930368e-07	0.0012740560408246	0.0003181033094523	1.6232187951616548e-06	1.011897154845693e-07	0.0	0.0	1.0	0.0	0.0	0.0	0.0	0.0	0.0	0.0	0.0	0.0	0.0	0.0	0.0	0.0	0.0	0.0
872.4911181031453	7.491765910279128	761240.7511688765	56.126556454420445	930.1463254292806	0.5673358466034415	0.3218699628412437	865172.1867095933	803.8499442107715	4.266241919430513	18.200820115106147	646174.7328076604	803.9026560965783	602.030018876181	1.396153	33.626102	0.3627430720760071	0.1797109255946814	-0.1836626701	-0.2188825608	0.2176452064	-0.0390595586	-0.259166403	-0.0816928854	0.1896489828	-0.0310486253	-0.0281688433	0.0332771631	0.0401740934	0.0110874193	-0.0463005998	0.177169291	-0.1533873996	-0.3137154839	-0.063519361	-0.0309369368	-0.025336913	-0.0150222852	0.0623282107	-0.137143552	-0.0510614707	0.0328250152	0.1317287526	0.1170012456	0.0237120811	0.1270974937	-0.2052075377	0.1393834755	-0.0545133649	-0.030965674	0.0083047545	-0.0740271256	0.0262119858	0.2547267137	-0.1089760137	0.0624648473	-0.0621634265	0.0894318853	0.0985375286	0.101681521	0.0595243952	0.0645359271	-0.1390784189	-0.0145253966	0.0148977744	-0.1931869171	0.1255961169	-0.2920949433	-0.1391797846	0.114453683	0.0509354885	0.0115204312	0.0291686048	-0.1559590086	0.0058996064	-0.0666067545	-0.0806159376	-0.0247027482	0.0178206125	0.1203872736	0.0505174223	0.0028678657	0.2039262107	-0.0677600321	-0.0834432595	0.191399151	0.0836464513	-0.0739787017	0.2220011753	-0.0967159938	0.1204285755	-0.0607853916	-0.0742246363	-0.0906334209	-0.0597597008	0.056194875	0.0238136879	-0.138147724	-0.0987261119	0.0581397212	0.1791077425	-0.2733838589	0.1818540256	-0.161695641	0.0031582458	-0.1044871819	-0.1766714402	0.2739544511	0.0330145822	-0.0717606193	-0.0416622286	0.0796563841	0.1809469204	0.0273834248	-0.0967590138	0.1468909035	-0.0651216637	0.0549174135	0.0045557944	0.0043124007	0.0825512202	-0.0235265052	-0.1126387502	-0.1205247148	-0.0017028136237371	0.0571760010543443	0.0032690950965663	2.899574237184674e-06	0.3044551677393343	0.1325672027037115	0.0926929491631861	0.0175740632326869	0.3121215609551129	-0.0454452356316962	0.0974198688130562	0.0020652694416203	0.0034972392628666	0.0011092389174798	1.223068246173572e-05	1.2304109760517591e-06	0.0021445777008306	0.0013515547778125	4.599213514899863e-06	1.8267003174277967e-06	0.0011837570823918	-9.029895843279986e-05	1.401280830112747e-06	8.153901894048518e-09	0.0	0.0	0.0	0.0	0.0	0.0	0.0	0.0	0.0	0.0	0.0	0.0	0.0	0.0	0.0	0.0	0.0	0.0
886.6114237658976	14.120305662752344	786079.8167521921	199.3830320095559	952.674977005169	22.52865157588837	507.54014182777775	907589.6118117992	807.1054559489322	3.255511738160749	10.59835667730242	651419.2170225338	807.6483208494759	649.3783677633958	1.96909	47.425186	1.0465992379140765	0.640726560322487	-0.1460439707	0.1204876111	0.2490843302	-0.1098086859	-0.0553519782	0.202376357	0.2378752868	0.1937311677	0.0544422715	0.1266291407	0.1240165618	-0.2022571213	-0.2073124119	0.2597582979	-0.0282267302	0.0553042142	0.0749850149	0.0619370999	0.1255299115	0.0098764256	-0.1117265883	0.0609711197	-0.033762414	-0.4727540597	0.0797357263	0.0352745041	-0.05863955	-0.1392047763	0.0412735139	-0.1119828414	-0.0487492045	0.0280442595	0.0236444977	-0.0948670354	0.0384121947	0.1320200005	0.1813429563	-0.0516541185	-0.0883420361	0.0504766724	0.0552512666	-0.0512032684	0.0900524771	0.2067414865	0.0385221912	0.2002736604	0.2045063381	-0.2638037131	-0.006990275	-0.0006918342	0.0375526616	-0.0855363471	0.0047628063	0.0898755412	-0.046535647	-0.0734781843	0.0230666623	-0.2481030628	0.4541368561	-0.0358707039	-0.059087507	0.0790658293	-0.0408053617	0.0631548597	-0.093275674	-0.0129510845	0.1094229599	-0.1356848204	0.0293222216	0.1594446484	0.169026306	-0.0889091732	0.0008233006	0.1369503113	-0.0554358108	-0.0853428878	0.0257708474	-0.0638049858	0.2284871139	-0.207850084	0.1927305889	0.0129212762	-0.0916077691	-0.107876185	-0.0563432902	-0.1825558741	0.1442262975	-0.1528427043	-0.3010344516	-0.2393487783	-0.0660204911	0.0262342254	0.305210379	0.1100074554	0.182858741	-0.0082212905	-0.2103862822	-0.0158942999	0.2535486545	0.0775521422	0.0149302308	0.031684888	0.0799246852	-0.0301376669	-0.1172407796	-0.1150284477	-0.0316789964332144	-0.0299761828094773	0.0008985715358272	0.0010035588150156	-0.0946133993403606	-0.3990685670796949	0.0089516953347385	0.1592557212310409	-0.1703539464046812	-0.4824755073597941	0.0290204670556489	0.2327826152020907	0.0050597975403304	0.0015625582774637	2.560155114913356e-05	2.441588370470637e-06	0.0031897815688504	0.0010452038680198	1.017470645697772e-05	1.0924511257235512e-06	0.0010899396145732	-9.38174678186002e-05	1.1879683634159756e-06	8.801717267894086e-09	0.0	0.0	0.0	1.0	0.0	0.0	0.0	0.0	0.0	0.0	0.0	0.0	0.0	0.0	0.0	0.0	0.0	0.0
885.5651281249163	-1.0462956409812705	784225.5961508994	1.0947345683364076	969.6502128519038	16.97523584673479	288.1586320522698	940221.5352837424	805.8666183126553	-1.2388376362769122	1.534718689056167	649421.0065106748	807.6564039729477	678.820610919111	1.725984	41.570011	0.5101456346444798	0.2366464688803146	-0.0990014212	0.2694835417	-0.0594589402	-0.0829750137	0.0408478762	0.2554682738	-0.1138253167	-0.0761971893	-0.1408314464	-0.0272613599	0.1612242695	-0.2021715434	0.0396283349	-0.0757344411	-0.0506730798	0.1230990029	0.2529989005	0.1305247195	-0.0315289263	0.2016997791	-0.0690472021	0.003913277	-0.0856343477	0.0181223087	-0.0089610191	-0.0883672113	0.054050936	0.005033983	-0.1474950843	0.2215490692	-0.1326335427	-0.0541081652	0.1282153557	0.1449435754	0.23407164	0.097319467	-0.1125538947	-0.0004519462	0.0986266932	0.0285285118	-0.0276776963	-0.0307385313	-0.175009681	-0.1085077459	0.0394151178	0.2066079555	-0.0048846602	0.089105735	0.0596221811	0.0876286943	0.0616987851	-0.2926856	-0.1217536962	-0.0489737419	0.0722506139	-0.0207001565	-0.1563280672	0.1125775964	0.018144412	0.1996030702	0.0918344192	0.0611204118	0.1512322775	0.0504419042	0.2734153164	0.1050713115	0.1481218791	0.1041410047	0.0124958002	0.0816357501	0.0890676355	0.0820720494	0.0067598619	-0.0635933802	0.1101403151	0.1049516345	-0.1642776671	0.1213632934	0.2200056402	0.0626145021	0.1945132643	0.1230814104	-0.000729047	0.0169230187	0.1390629975	0.0306424399	-0.1375096809	0.0835828376	0.0330938106	-0.211853344	-0.0816391114	-0.0520166529	-0.1027383175	0.0494447777	0.0033772518	0.1458853777	-0.0375580764	0.0819639028	0.079727567	-0.0234920935	0.0613947711	0.0429896255	0.0772433738	-0.0366662233	-0.1211199807	-0.1082719048	-0.0997447728968268	-0.0680657764636123	0.0046329499255944	0.0099490197202395	0.0148886017810667	0.1095020011214273	0.0002216704629951	0.011990688249597	-0.0700637771475811	0.1002901692571001	0.0049089328681859	0.0100581180496177	0.0022978140512767	-0.0027619834890537	5.279949414244641e-06	7.628552793805249e-06	0.0014391024796551	-0.0017506790891953	2.0710159469494576e-06	3.0648772733456853e-06	0.0009568484367754	-0.0001330911777977	9.155589309595266e-07	1.771326160760559e-08	0.0	0.0	0.0	0.0	1.0	0.0	0.0	0.0	0.0	0.0	0.0	0.0	0.0	0.0	0.0	0.0	0.0	0.0
880.8665420958828	-4.6985860290335495	775925.8649839576	22.07671067222926	960.0982090119392	-9.55200383996464	91.24077735869923	921788.5709479332	802.7475661237899	-3.119052188865453	9.728486556866374	644403.6549176683	803.6021575140244	662.3297884490853	1.345392	32.40353	0.5357223726232176	0.3038520562638704	-0.0761465894	0.0671246964	-0.0623886575	-0.0571330263	-0.0291514888	0.0867080078	0.0408595325	-0.1256177614	-0.0732707351	-0.0159264762	-0.0335942694	-0.0456514965	0.1121355117	0.0204090666	-0.0230246191	-0.0114085818	-0.0885136346	0.0040885687	-0.0235321985	-0.0291466028	0.0129816579	0.030964668	-0.2206799774	0.0191080723	-0.1032882192	-0.1257585742	-0.0166162902	0.1062944529	0.1398457197	-0.0321675935	-0.0399339051	0.0557415435	0.1483057009	0.0008211228	-0.0553498505	0.1306714573	-0.0036153951	0.0159860988	-0.1323713655	-0.0373172781	-0.0867262925	0.0218479619	0.1658635172	0.1292494932	-0.0578257107	0.0573671001	-0.1047054758	-0.0233153235	0.0333608388	0.031665527	-0.0045587531	0.0790302453	-0.0234818697	0.0315792419	0.0623192508	-0.0527054399	-0.2026023799	0.0827006261	0.0352315828	0.070800206	0.0345472833	-0.0694563215	0.002764006	-0.1266884621	-0.1429093463	-0.1276768862	0.0367895423	0.1105833897	-0.0863839918	0.0227329521	0.0951591746	-0.0515482625	-0.0032657095	-0.0452002267	-0.2323549692	-0.226659046	0.112692279	-0.1566804519	0.0876777463	0.0814164461	0.1351222488	0.0950087182	0.0368600598	-0.0036636211	0.0862580135	-0.0654677465	-0.0058395074	0.0061321878	0.1276750543	0.0535679607	-0.0070764415	0.0097284834	-0.1787797747	-0.017317831	0.1015588932	0.0128306074	-0.0209071321	-0.0457514399	0.0135802284	0.0764249189	0.0739841114	0.0234315933	0.0745091236	-0.0430942802	-0.1242524367	-0.1003291122	-0.1359156880951815	-0.0361709151983547	0.0013083351062865	0.0184730742703866	0.1774633623361836	0.1625747605551168	0.0314932449716635	0.0264305527695535	0.17390223411779	0.2439660112653711	0.0302419870311586	0.0595194146527351	0.0018278770251947	-0.000469937026082	3.3411344192346257e-06	2.2084080848279438e-07	0.0004080463438811	-0.001031056135774	1.665018187547329e-07	1.063076755117213e-06	0.0005976278865439	-0.0003592205502314	3.571590907749286e-07	1.2903940370862157e-07	0.0	0.0	0.0	0.0	0.0	1.0	0.0	0.0	0.0	0.0	0.0	0.0	0.0	0.0	0.0	0.0	0.0	0.0
884.6079972708309	3.7414551749481006	782531.3088355103	13.998486826145925	956.6273610104796	-3.470848001459558	12.046785849235809	915135.9078338743	803.5045700648453	0.7570039410554728	0.5730549667735176	645619.594115092	804.3572505448324	668.0245378109012	1.022377	24.623777	0.1457488106518503	0.0642266927922103	-0.0412559693	0.0685620233	-0.0699107545	-0.0714212639	0.014401609	0.0342427935	0.0569877337	0.0658455305	-0.0826462413	-0.0929817449	-0.0007644841	-0.0196611083	0.0171800962	0.0763462589	-0.0439171083	0.1640999919	-0.0032930847	0.0872391421	-0.0260826826	0.1310617034	0.08380304	-0.0985396596	-0.058524462	-0.0244320026	-0.163771171	-0.0929819953	0.0012924871	0.0914831743	-0.1393598854	-0.000326388	-0.101420343	-0.1538961843	-0.0157080521	0.1048040381	-0.1302536043	0.0760447668	0.0255338283	-0.0670544744	-0.0585828825	-0.0461600931	0.0937586168	-0.1396230604	0.0733855124	-0.0205504215	-0.001555685	0.0251014586	-0.0075978274	-0.090159593	0.0297471651	0.1017260756	0.1715544181	-0.0356928325	-0.0487483737	-0.0141413181	0.1124314868	-0.0797237364	-0.0023867991	0.1141238349	0.0299529637	0.1141226361	-0.0299439858	0.0952264768	0.1541091089	0.0944637393	-0.0259598427	0.0188545293	-0.1156946191	-0.0626942433	-0.1167833849	-0.1518357225	0.128128316	0.0281495236	-0.0576196702	-0.0696960424	-0.0644343403	-0.0031639235	-0.0279994461	-0.1092278587	0.0719535055	0.0710179322	0.1227863718	0.0801593246	-0.0084225466	0.0396355439	0.0648318983	-0.0996987238	0.0923878022	0.0526231325	0.1012479238	-0.0312638874	-0.0473446988	0.1526660644	-0.0725643908	0.1025180189	0.1555981839	-0.0081914709	0.0803213635	-0.0348777052	-0.0874639029	-0.1429988704	0.0062764864	-0.1548633177	0.0717238087	-0.0494042187	-0.1266188352	-0.0912870929	-0.1026827893787896	0.0332328987163919	0.0011044255570939	0.0105437552346088	0.155140781811653	-0.0223225805245305	0.0240686621811309	0.0004982976012741	0.1922226838176328	0.0183204496998428	0.0369495601740536	0.0003356388772044	0.0021981449247888	0.0003702678995941	4.83184111037476e-06	1.370983174698267e-07	-0.0002959448295296	-0.0007039911734107	8.7583342125304e-08	4.956035722401743e-07	0.0009608264477608	0.0003631985612169	9.231874627166374e-07	1.3191319487002625e-07	0.0	0.0	0.0	0.0	0.0	0.0	0.0	0.0	0.0	0.0	0.0	0.0	0.0	0.0	0.0	0.0	0.0	0.0
885.9421222887041	1.334125017873248	784893.4440454132	1.7798895633152942	962.678823901761	6.051462891281403	36.62020312455588	926750.5179888778	802.8326636896794	-0.6719063751659178	0.4514581769886031	644540.2858870659	803.9086787971353	688.1704040016826	0.970977	23.385811	0.2052426796192986	0.09519898118306	0.0093962851	0.0888037035	-0.0837324396	-0.0821388521	0.0572932252	0.0557725777	-0.0556752781	0.0261695989	-0.007658662	0.0031237289	0.0135947471	0.0219580103	0.0062520063	0.0785992758	-0.0927093562	0.0410256487	-0.0308739805	0.0566282911	-0.0836842326	0.0570088662	0.0957861005	-0.0585909906	0.0473520704	-0.092967853	-0.1137394318	0.0418147541	0.119473169	-0.0402520396	0.1774001932	-0.035973574	0.1209969932	-0.1076221006	-0.1589384242	-0.1570592137	-0.0536076603	-0.0036774968	-0.0323615712	-0.0255080559	-0.0716721319	-0.0134662389	-0.0387105178	-0.151861316	-0.0617833737	-0.1250209847	0.0398614342	-0.0089332513	-0.0116177416	-0.0817216736	0.0527641612	0.0086297908	0.1457990201	0.0249403035	-0.0358543233	-0.0942098924	0.0024309345	-0.0389855709	0.0705428589	0.1438332347	0.1241058747	-0.0392028118	0.0161753395	-0.1043515926	-0.0342279548	-0.1308363068	-0.0648005434	-0.069571905	-0.139627983	-0.0231030144	0.1791217579	-0.0288713012	-0.0058981193	-0.0258592515	-0.0725480461	0.0323844594	-0.0117470505	0.0696716402	-0.0993301157	-0.0803708886	0.0363930682	0.0604105726	0.0808294218	0.060104128	-0.1359147411	-0.0224918762	0.1275039502	-0.1154270963	0.0817044358	-0.0361444607	0.1716308143	-0.0556352712	-0.0622968466	0.0362625775	-0.0479563607	0.0171348968	0.0168018814	-0.030298529	-0.0697520767	-0.067859246	-0.0413620893	0.004280825	-0.0098315962	-0.0357579484	0.0688893378	-0.0555787436	-0.1282045865	-0.0812449131	-0.0897744214580171	0.0129083679207724	0.000166625962378	0.0080594467481216	0.2093790003511202	0.0542382185394672	0.0438395657880343	0.002941784350335	0.2408589399785867	0.0486362561609539	0.0580130289676084	0.0023654854133539	0.0012018753620766	-0.0009962695627122	1.4445043859667583e-06	9.925530415867584e-07	0.0003139673259004	0.00060991215543	9.8575481733048e-08	3.719928373412685e-07	0.0007778114259409	-0.0001830150218199	6.049906143242161e-07	3.34944982117385e-08	0.0	0.0	0.0	0.0	0.0	0.0	0.0	0.0	0.0	0.0	0.0	0.0	0.0	0.0	0.0	0.0	0.0	0.0
885.8118899050977	-0.130232383606426	784662.7042972409	0.0169604737398113	967.2092678111088	4.5304439093478095	20.524922015746665	935493.7677397012	802.1806867781202	-0.6519769115592453	0.425073893206332	643493.8542398165	803.3254165788383	682.8904837279811	0.991158	23.871855	0.1735413882253225	0.0814448553136787	0.045006463	0.0410769016	-0.0116920784	-0.1157308073	0.054272152	-0.0117722341	0.0794788176	-0.0437385392	0.0421268738	-0.0562965583	0.0523778761	0.0925611597	-0.0096342454	0.1158700252	-0.0971112783	0.0396571728	-0.0186250591	0.1017145662	0.0389422112	-0.1433795743	-0.102879417	0.0434625883	0.1306721988	0.0410905395	-0.0823882261	-0.0186128725	0.0845881724	0.038904253	-0.1095887656	-0.044949549	0.0775689647	0.1553491345	0.0903445741	0.077681925	-0.0576697317	-0.094405268	-0.0114222577	0.1386559811	0.0108437425	-0.0715976702	-0.0174457604	0.0935008926	0.1968914781	0.0536193179	0.1357237163	-0.076072686	0.0021205726	-0.1319478573	0.0979011692	0.0778087664	0.0105255796	0.0181978271	-0.0785537457	0.1016745126	-0.1121310563	0.1578291222	-0.0207127861	0.136179689	-0.0069176552	-0.1264441663	0.0265598411	0.0431383586	-0.0285615493	0.0525508148	0.0989270896	-0.1111116253	0.0356509049	0.0756829294	-0.1522736616	-0.0011002417	-0.1227918948	-0.1204301008	0.0270043994	0.070636571	-0.1528830017	0.002613614	0.1662623102	-0.0193974926	-0.0014183078	0.0031945059	0.0482926816	0.0618809594	-0.0716906995	0.0233855758	0.059700308	-0.1430372384	0.1240433465	-0.0005425134	0.1465321062	0.0099891095	-0.0900388909	-0.0509732132	-0.0804762535	-0.2265924538	0.0361468831	0.0760638332	-0.0411730194	0.0121532156	-0.1117133573	0.0392873154	-0.0159878004	0.0040074132	0.0660076536	-0.0616009311	-0.1289999139	-0.0703125971	-0.0651965321217176	0.0245778893362995	0.0006040726442273	0.0042505878006981	0.2318112431184289	0.0224322427673087	0.0537364524361113	0.0005032055155714	0.294854534226701	0.0539955942481142	0.0869391963540447	0.0029155241982069	0.0020157743636841	0.0008138990016074	4.063346285286038e-06	6.62431584817685e-07	0.0003239162742574	9.948948356999991e-06	1.0492175272879517e-07	9.898157341025284e-11	0.0014046767134484	0.0006268652875075	1.9731166693041988e-06	3.929600886818608e-07	0.0	0.0	0.0	0.0	0.0	0.0	0.0	0.0	0.0	0.0	0.0	0.0	0.0	0.0	0.0	0.0	0.0	0.0
886.9823831468096	1.170493241711938	786737.7480127938	1.3700544288933214	967.3428503057008	0.1335824945920194	0.0178442828614269	935752.1900375576	804.1205224709776	1.9398356928574003	3.7629625152835504	646609.8146589979	804.9589660264683	691.4781581023074	0.937568	22.581165	0.1740233604716904	0.0843932443612351	0.038629018	0.0885140603	-0.0328894007	-0.0423023152	0.0794686067	0.0452911437	0.0646031212	0.0385064722	-0.1145361941	-0.0050577744	-0.0227080716	-0.023140429	0.0004204736	-6.92334e-05	-0.0110729762	0.0813295197	0.0124248267	0.1700341007	-0.0253674392	0.0029374637	0.0119166343	0.1063044863	-0.0643078611	0.0400189485	-0.1429112813	0.1222092112	-0.070516486	-0.0207997872	-0.1225117607	-0.1303279409	-0.00516849	0.0483680631	0.0477601444	0.0437719171	-0.1564188414	0.0272805292	0.0042690778	-0.0820709605	-0.0591305748	0.094999694	0.0435331548	0.0826010362	0.0787613882	-0.0378858024	-0.0018473447	0.0171617773	0.0104009444	-0.003265993	0.0042177615	0.0496671372	0.0715250142	-0.0123902577	-0.1581360152	0.065683723	0.0645487517	0.0494809074	-0.1363444191	0.0468066066	0.0040560411	-0.0523634884	-0.1023859569	0.1077854812	-0.065937281	0.1192817238	-0.1251705217	0.0115388005	-0.0560937601	0.0251375191	-0.1018338301	-0.1106549392	0.0749066786	-0.0425088017	0.050420042	0.0517788649	0.018083733	-0.0293885579	0.0202630655	0.0783601023	0.0249045134	0.0150762799	0.0707681199	0.0953836791	-0.0583821564	0.0611300921	-0.014173504	-0.1333533608	0.0564359698	0.0571807158	0.0668090635	-0.0396150911	-0.0967297117	0.0914705064	-0.0143158239	-0.0171948234	0.1084188117	-0.0178242596	-0.0115392187	-0.0389306549	-0.0747307268	0.0842118499	0.0047934933	-0.0899014648	0.063080731	-0.0674542747	-0.1289999139	-0.0586099215	-0.1132250149749865	-0.0480284828532689	0.0023067351651867	0.0128199040160859	0.2036143643080095	-0.0281968788104194	0.0414588093525548	0.0007950639746494	0.2376762612694847	-0.0571782729572162	0.0564900051710403	0.0032693548983699	0.0023824636958112	0.0003666893321271	5.676133261858362e-06	1.3446106629581866e-07	5.89574125002823e-05	-0.0002649588617571	3.475976488728444e-09	7.02031984236274e-08	0.0012239303903169	-0.0001807463231315	1.498005600341279e-06	3.2669233325556674e-08	0.0	0.0	0.0	0.0	0.0	0.0	0.0	0.0	0.0	0.0	0.0	0.0	0.0	0.0	0.0	0.0	0.0	0.0
885.9477923053106	-1.034590841499039	784903.4906906538	1.0703782093136898	960.845096136934	-6.497754168766846	42.22080923772693	923223.298770394	804.5323530253357	0.4118305543581755	0.1696044055029621	647272.3070644834	805.6155704296787	700.4323287784241	0.95842	23.083364	0.1813062566871491	0.0929017073241608	0.0531928803	0.0877471303	-0.0375238176	0.0579462098	0.0512182766	0.0151242319	-0.1234477965	0.0366212299	-0.1376914931	0.1259911124	0.0623891499	-0.0265555191	0.0307174098	-0.1321063686	0.0206665689	0.100253772	0.1406065302	0.0076981188	0.012026277	0.1715773662	-0.0583734488	0.0424203046	0.0326235973	-0.1441476909	-0.0303916817	-0.0332405878	0.1805860223	0.216026113	0.0852019981	-0.1102321675	-0.0228508098	-0.0417979573	-0.0937057706	-0.0912257078	0.054226923	-0.0268871888	-0.0090205544	-0.0261272356	0.0567849186	0.0202626193	-0.0122416291	-0.1475154637	-0.1394803445	-0.0109996418	0.1157096988	0.0253078127	-0.0195428451	0.1164819925	-0.0031221109	0.0440958888	0.0978963926	-0.2306723687	0.0646860379	-0.0453113164	0.004061379	-0.028155307	-0.0410111736	0.0147893017	0.1426075173	-0.039881546	0.146618243	0.1534194321	-0.0225183233	-0.0507753521	-0.0735926062	-0.0832473675	-0.1437190657	-0.0783848616	0.1111122867	0.0805165817	-0.0667718452	0.115002708	-0.0252718298	-0.0928277867	0.0012442012	0.1201351397	-0.0958698699	-0.0077183977	0.0069726823	0.0322429232	0.1270974878	0.0799032584	0.0437855793	0.0991530018	-0.0299915959	-0.0555008316	-0.0092717867	0.1481232073	0.1313653923	-0.0257155004	0.0853067532	0.0068592119	-0.0141516248	0.0969811719	0.082091312	-0.111485132	-0.0812360931	0.0564586035	-0.0070152381	-0.0091429484	-0.0097947866	-0.0095408174	0.0601105761	-0.0731227308	-0.1282045865	-0.0462651033	-0.1835224078018313	-0.0702973928268448	0.0049417234382517	0.0336804741653816	0.2348016607535044	0.0311872964454948	0.0551318198926037	0.0009726474595791	0.2493199073251233	0.0116436460556385	0.062160416188608	0.0001355744934689	0.0031799191203878	0.0007974554245765	1.011188561220792e-05	6.359351541866452e-07	0.0002132923376569	0.0001543349251566	4.5493621303145044e-08	2.381926912309878e-08	0.0008121623128667	-0.0004117680774501	6.596076224409874e-07	1.695529496070339e-07	0.0	0.0	0.0	0.0	0.0	0.0	0.0	0.0	0.0	0.0	0.0	0.0	0.0	0.0	0.0	0.0	0.0	0.0
883.3226377027688	-2.625154602541784	780258.882278177	6.891436687246311	960.8724416507188	0.0273455137847804	0.0007477771241536	923275.849123814	803.7302237727039	-0.8021292526318575	0.6434113379277423	645982.2726057207	804.7626421244563	678.7642848335087	0.911796	21.960442	0.1542350488262613	0.0727770807559191	0.0112462989	0.0252205856	-0.0039188227	-0.0125639396	-0.010111747	0.0485182846	-0.0426123379	-0.1101593665	-0.0073704289	0.0928781719	0.0182204134	0.0058954537	0.0717235091	-0.0808946118	-0.0507600403	0.023183074	0.1332525053	-0.1577546143	0.0512237782	0.0730721975	0.0392733929	0.0716840802	-0.1106291159	0.0814428434	-0.1449935774	0.0486945974	0.0860849786	-0.1043224346	0.0979816129	0.0485528157	0.004885535	-0.06652061	-0.06682757	-0.0811255861	-0.0158328564	0.0302054105	-0.0317587198	-0.1027481952	-0.0311482969	0.0154361892	0.0700027262	0.0298065974	0.1419333711	0.1344313106	0.0905507602	0.0029503843	-0.0712786432	0.0728094519	0.0764482498	0.0773910566	-0.0997347797	-0.1226683174	0.0844509215	-0.042318654	0.071712491	-0.0217478055	-0.1106887002	0.0887847384	0.0301430163	-0.0090853913	-0.0553227468	-0.1900113446	0.0083250818	-0.0705579674	-0.0930333978	0.0590005836	-0.0887258017	0.0040120433	0.1066881285	-0.0416104763	0.0746769275	0.0561524473	0.0367617522	0.0231182922	-0.1296697959	-0.063837267	0.1143656708	-0.0132482218	0.0052073299	0.014750696	0.1475132514	0.0541208954	0.0913097836	0.0740083007	-0.0523588356	-0.0759716149	-0.0225118366	0.0853389879	0.0888305075	0.0296484277	0.1419246739	-0.0211102279	0.0023730146	-0.0001012566	-0.0813100411	-0.0833224747	-0.0432886398	-0.0743698133	0.0474811235	0.0041281383	0.0394947791	-0.0236008228	0.0570992244	-0.0785907625	-0.1266188352	-0.033413395	-0.2286059171008503	-0.045083509299019	0.0020325228107147	0.0522606653335208	0.2195058983249112	-0.0152957624285932	0.0481828393994262	0.0002339603482719	0.2635531750157724	0.0142332676906491	0.0694602760608943	0.0002025859091536	0.003492138006	0.0003122188856122	1.2195027852949655e-05	9.748063253292421e-08	0.0003858532345395	0.0001725608968826	1.488827186045944e-07	2.9777263132927313e-08	0.0019198327185319	0.0011076704056652	3.6857576671455857e-06	1.2269337275865088e-06	0.0	0.0	0.0	0.0	0.0	0.0	0.0	0.0	0.0	0.0	0.0	0.0	0.0	0.0	0.0	0.0	0.0	0.0
884.3435992447777	1.020961542008877	782063.601525208	1.0423624702611431	966.8549379738428	5.982496323123996	35.790262256192136	934808.4710844032	802.5670249264399	-1.163198846263981	1.3530315559498567	644113.8294992768	803.6383146599849	676.161926141902	0.90182	21.720182	0.2407837576458893	0.1202805774797722	0.0396180733	-0.0260779714	0.0418947895	-0.0505863749	0.0667076333	-0.0466848323	-0.0134559814	-0.1174930595	-0.0777526334	0.0125986292	-0.0432875788	0.0894699602	-0.0146807618	0.1017174219	-0.041849466	0.0198358248	0.1616793187	0.0660623109	-0.013547468	-0.1207217212	-0.007742661	-0.1545009768	-0.0684060664	0.0158272926	0.0176530227	0.0591037747	0.1162164683	-0.0321283933	0.1420521166	-0.0597385991	0.1139375845	0.0256368441	0.0788546862	0.1175501663	0.0088736033	-0.0848208029	-0.0560802957	-0.0902843692	0.2176001327	0.052220321	-0.1490262123	0.0396088075	0.0054139548	0.0354292967	0.0474629942	-0.0832509719	-0.0029000445	-0.0968699593	0.0477730916	0.0298511485	-0.0846757614	-0.0970594472	-0.1659859105	0.0445201148	-0.0635062635	-0.1729538248	0.0083835015	0.0488557747	-0.0510907257	-0.1161257056	0.0992268901	-0.1078017109	0.0148545	-0.1051730418	-0.0226508139	-0.0190586976	0.0565458571	0.000712397	-0.1675014789	0.0456230749	-0.0417483284	0.0293579886	0.0339255211	-0.0022302175	0.2232211508	0.151293031	0.1409032588	-0.0068250672	-0.0457560982	-0.0337482334	0.0996392387	0.0755518009	0.0455341995	0.0356443233	0.0543307653	-0.0235794936	-0.00784648	0.0543338651	0.0790473336	0.0764663259	0.0444830365	-0.1077946292	-0.0587331374	-0.0600086067	-0.1288774267	0.0220610372	0.027839777	0.0265620795	-0.037228703	0.0482947575	-0.0101319072	-0.0102519211	0.0540487397	-0.0838433825	-0.1242524367	-0.0201956026	-0.206886169641038	0.0217197474598122	0.000471747429718	0.0428018871887403	0.2759126251553425	0.0564067268304313	0.0761277767201125	0.0031817188317228	0.3595165155180382	0.0959633405022657	0.1292521249302318	0.0092089627203538	0.0035760416815299	8.39036755299e-05	1.2788074108039196e-05	7.039826767426741e-09	0.001255257075073	0.0008694038405334	1.5756703245208231e-06	7.558630379343994e-07	0.0015392613775277	-0.0003805713410042	2.3693255883484723e-06	1.448345455937351e-07	0.0	0.0	0.0	0.0	0.0	0.0	0.0	0.0	0.0	0.0	0.0	0.0	0.0	0.0	0.0	0.0	0.0	0.0
883.7857179372595	-0.557881307518187	781077.1952298773	0.3112315532782019	966.9149981262864	0.0600601524436115	0.0036072219115498	934924.6136015564	801.8878992092455	-0.679125717194438	0.4612117397548598	643024.202898217	802.8516697006364	676.3911911209277	0.853396	20.553881	0.1251048327896184	0.0802241010904994	0.0604925693	-0.0610974937	0.0650503867	-0.0237821233	0.0640242215	-0.0476118453	0.0950349354	-0.0852526639	0.0364092704	0.0182315595	-0.0759581697	0.1050111696	-0.0151583816	0.1489081746	0.0677360862	0.0259429518	0.107468559	0.0698114119	0.0728273873	-0.1546005048	0.0232333455	0.0259140058	-0.057314172	0.0245300433	-0.0415875771	-0.0143169962	-0.0096873241	0.0258224893	-0.0262616626	0.0084331176	-0.046425546	-0.0294117481	0.0178100726	0.0919220993	0.1227647132	-0.0681415143	-0.1310665806	0.0375480375	-0.1400276186	0.0803411646	-0.1126795239	-0.0659269635	-0.0053786816	-0.2484102811	-0.0949349424	-0.1077315794	0.0097827612	-0.1346670124	-0.0665358952	0.0961891484	-0.1258589542	-0.0292457425	-0.1570572953	0.125662737	-0.035537065	0.0077234609	-0.017008567	0.0416166315	0.0220263998	0.0187818673	0.0198922774	-0.0052394712	0.0463683981	-0.0319729442	0.0902613377	-0.0803806613	0.0539745111	0.0920915467	0.0165616023	-0.0883550868	-0.0686741986	0.0941747367	-0.0361576539	-0.0077945069	0.1514108752	-0.0972942287	-0.1939549185	-0.0745526586	-0.0833119048	-0.0804431473	0.1148839987	0.0527544509	0.0415430414	0.0404036467	0.0676493032	0.1013502863	0.0880566773	-0.0576825491	0.0461398202	0.0589383108	0.0902679185	-0.0967876824	-0.117882579	-0.0928747531	-0.1210519676	-0.0077110935	0.0638247432	-0.0056109989	-0.0459265051	0.0762126217	0.0032240997	0.1037660267	0.0509612127	-0.0888661936	-0.1211199807	-0.0067565429	-0.2117361202858205	-0.0048499506447824	2.352202125682616e-05	0.0448321846336914	0.2823918909501941	0.0064792657948516	0.0797451800744263	4.198088524033447e-05	0.4329230626168225	0.0734065470987843	0.1874223781455292	0.005388521156966	0.0043750581052641	0.0007990164237341	1.9141133424437096e-05	6.384272453969901e-07	0.0012478730066134	-7.384068459600004e-06	1.5571870406343666e-06	5.452446701605959e-11	0.0015382804846975	-9.80892830199998e-07	2.366306849601176e-06	9.621507443377618e-13	0.0	0.0	0.0	0.0	0.0	0.0	0.0	0.0	0.0	0.0	0.0	0.0	0.0	0.0	0.0	0.0	0.0	0.0
885.5911052107022	1.805387273442648	784271.6056283129	3.2594232071086777	966.2229617539272	-0.6920363723592118	0.4789143406680976	933586.811820531	803.1156822032026	1.2277829939571347	1.5074510802503456	644994.7990007155	803.8760831516731	683.5134809179673	0.787154	18.958466	0.1027786336974339	0.0590392208782761	0.0669886576	-0.0508104158	0.0758997121	-0.0183514248	0.0645861541	-0.0654870825	0.1464996373	-0.0467122293	0.020335558	-0.0847003013	-0.0809679043	0.0822325525	-0.0461131792	0.0489724501	0.1158901338	0.0326326086	0.0513209659	0.0555113718	0.0673654671	-0.1599425674	0.0522209719	0.0866858893	0.0818129437	0.0807817903	-0.0145529479	0.0743977943	-0.1115271945	-0.0230302425	-0.0961925943	-0.0621772027	-0.051598794	-0.0799114042	-0.0445922528	0.1053841098	-0.0275553158	-0.0850889536	0.0183906647	-0.0142294266	0.077592165	0.2327892599	0.0597448906	0.1135125733	-0.0377915506	-0.036856701	-0.0727340187	-0.0924334846	0.0434068948	-0.0602160372	-0.0903240631	0.0691738164	-0.1026830878	-0.012458377	-0.1252314068	0.0812850499	0.0136994827	0.1378305801	0.0861025702	-0.0454764438	-0.0862775193	-0.0949568105	-0.1120099221	0.0468520483	0.0928704194	0.0265106913	-0.0371107616	0.0353995409	0.0401329616	-0.0839464708	-0.0782835429	-0.1021796689	-0.039362465	0.1353773596	0.2413057193	0.0175811686	0.0552131243	-0.0572734024	-0.0432900928	-0.0263269556	-0.0666457521	-0.0878951396	0.079467823	0.0657168764	0.0132852946	0.0822963	-0.0368466651	0.0722475856	0.0901434882	-0.0582860384	-0.0420169464	0.1052866664	0.0038497739	-0.0481170922	-0.0577273134	-0.0922659885	-0.1183464762	-0.0048006675	0.0518269231	0.0900576094	0.0077540902	0.0789815404	-0.0331689109	0.0029013897	0.0478387595	-0.0936454286	-0.1172407796	0.0067565429	-0.220060932835949	-0.0083248125501284	6.930250399477673e-05	0.048426814160628	0.2507467621904595	-0.0316451287597346	0.0628739387489988	0.0010014141742201	0.3864735814301667	-0.0464494811866558	0.1493618291434597	0.0021575543025094	0.0043889621544155	1.390404915140031e-05	1.926298879289155e-05	1.9332258280455566e-10	0.0014636694808853	0.0002157964742719	2.1423283492750435e-06	4.656811830818282e-08	0.0014407967841025	-9.748370059499996e-05	2.075895373080106e-06	9.503071881695595e-09	0.0	0.0	0.0	0.0	0.0	0.0	0.0	0.0	0.0	0.0	0.0	0.0	0.0	0.0	0.0	0.0	0.0	0.0
886.2407186994477	0.6496134887455582	785422.6114809136	0.4219976847601755	966.6908267441617	0.4678649902344887	0.2188976490871182	934491.1545113107	804.8271379791113	1.7114557759086892	2.929080872891213	647746.7220276474	805.8693555636195	693.7950214323354	0.890928	21.457838	0.2296170081067026	0.1314782150195372	0.0451902314	0.0437164529	0.0462334649	0.1020471825	0.071333861	0.0602223519	0.0353274973	0.046950243	0.0179064885	-0.0766243617	-0.1171408532	-0.0285274812	-0.0042324619	-0.0296392592	0.1610853622	-0.0080388773	0.0609823025	-0.0719805539	-0.0136191576	-0.0551316746	0.1171072124	0.0199191174	-0.0915144243	-0.0585165373	0.0384951483	-0.0929695196	-0.0078385984	-0.15719617	0.0584578445	0.0406916137	-0.1321290236	-0.0318272109	0.1010685337	0.082638579	-0.0192916662	-0.1127320609	-0.0597886594	0.0836555269	0.0467651648	-0.1722268206	0.1581479693	-0.0773957945	0.0450732594	0.0133331246	-0.0005177291	0.020040184	0.0168072539	0.0434577525	-0.1510242809	0.0331138608	-0.0924415174	0.0288011652	-0.0772660539	-0.077396231	0.0881365001	-0.0331044275	0.0556877408	-0.0904581777	0.0433927475	0.0769580781	0.0008016915	-0.1556946625	0.1193121463	0.0155128574	-0.0256839202	0.0602654039	0.1183243575	-0.0506180679	-0.0315165602	0.0262645727	-0.1270296693	-0.003833918	-0.0861680657	-0.1613186829	-0.1445488278	-0.015204332	-0.0213192682	0.0046269876	-0.0064445481	-0.076235265	0.0913064231	0.0279458354	0.0398893018	0.1180971635	-0.0942398235	0.0929428713	0.06139941	0.0057548776	-0.0740167733	0.1455960189	-0.008750413	0.0393988907	-0.0275854054	0.015359812	-0.1378310616	-0.0366839337	-0.0216897974	0.0544327545	0.0724814082	0.0405306721	-0.0114389732	-0.0203128403	0.0446835199	-0.098167988	-0.1126387502	0.0201956026	-0.2377929360567208	-0.0177320032207718	0.0003144239382214	0.0565454804384757	0.2028619574940933	-0.0478848046963661	0.0411529737983353	0.0022929545208091	0.2777338866717471	-0.1087396947584196	0.0771361118057948	0.0118243212161542	0.0051869752332659	0.0007980130788503	2.6904712070513832e-05	6.36824874016294e-07	0.0016238646281279	0.0001601951472425	2.6369363304849628e-06	2.5662485200078285e-08	0.0012937949015726	-0.0001470018825298	1.6739052473352538e-06	2.1609553467334513e-08	0.0	0.0	0.0	0.0	0.0	0.0	0.0	0.0	0.0	0.0	0.0	0.0	0.0	0.0	0.0	0.0	0.0	0.0
883.2630711502627	-2.977647549185008	780153.6528577941	8.866384927167484	957.3069789845456	-9.38384775961606	88.05659877565135	916436.6520125172	803.2538688508022	-1.5732691283091071	2.475175750090498	645216.7778237817	804.6124539494008	693.050739002346	0.882424	21.253027	0.1553754801368559	0.0885505281978476	0.0635350261	-0.0473776462	0.0145773284	0.1719057537	0.0028010072	-0.0678522558	-0.0418814924	0.1659015749	-0.0408793559	-0.1338984123	-0.1194051118	0.0388531628	0.0612884704	-0.0535500557	0.1549182209	0.051599981	0.129469226	0.0405709122	0.0078778742	-0.0345412221	0.0779472982	0.0044602674	0.045040553	0.0138169832	0.0649397004	0.0209940599	-0.0320979305	0.0012660875	-0.0572958571	-0.0359122518	-0.0362757239	0.0521802579	0.0444015026	0.0049241605	-0.0452686084	0.0139626475	-0.0509093281	0.0821101407	0.0120036845	0.0089037535	0.0298828542	-0.0189382012	0.0215611693	-0.0162875973	-0.0223989006	-0.0432796374	-0.0516778519	0.0805339912	-0.144992186	0.0233204075	-0.0027236546	-0.0781095095	-0.1102785145	-0.0451088984	0.0596124193	0.0001599069	0.119693773	-0.0658993224	-0.0450082689	-0.0384412709	-0.0033385094	0.0060432173	-0.0082279744	0.0878829765	0.0211356321	-0.0182946338	0.0367736324	0.0083576894	-0.0042339728	0.0019381504	-0.0596946384	-0.0084735438	0.0215287128	-0.107554954	-0.0281647359	-0.0240592931	-0.0560042518	-0.0027575289	-0.063623835	-0.0746618888	0.0637706772	0.1055034024	0.0555504098	0.0879219883	-0.1150732647	0.1185390251	0.0089934927	0.0243296065	-0.075316746	0.0997306184	-0.0164586274	0.0514754203	0.0143704752	0.0278455431	-0.1942043964	-0.0691302984	0.0043573402	-0.0449863659	0.0714336977	0.0203999985	0.0240255178	-0.0228089871	0.0414976565	-0.1024214758	-0.1073422654	0.033413395	-0.2496978776943734	-0.0119049416376526	0.0001417276353959	0.0623490301250742	0.2602086996464408	0.0573467421523474	0.0677085673716916	0.0032886488354878	0.3423985484304879	0.0646646617587408	0.1172367659673051	0.0041815184803723	0.0052600346703435	7.305943707760013e-05	2.766796473321565e-05	5.337681346095812e-09	0.0014022683678762	-0.0002215962602517	1.9663565755461817e-06	4.910490255753919e-08	0.0014283218960056	0.0001345269944329	2.040103438609032e-06	1.8097512231176405e-08	0.0	0.0	0.0	0.0	0.0	0.0	0.0	0.0	0.0	0.0	0.0	0.0	0.0	0.0	0.0	0.0	0.0	0.0
882.1673053131243	-1.0957658371384014	778219.154563419	1.2007027698396215	954.813698717343	-2.4932802672026355	6.216446490822046	911669.199258293	802.9224402131571	-0.3314286376451036	0.1098449418512894	644684.4449978508	803.8293164131059	678.1476502456371	0.883818	21.286606	0.189600685719479	0.1002644371196508	-0.0082654944	-0.0093359008	0.0684307363	0.1331454993	-0.0401182221	-0.0167588664	0.0642134261	0.1984493534	-0.0630517043	-0.0160470628	-0.122662943	-0.013672636	0.0794614459	0.0866032521	0.0708370705	-0.0469106061	-0.0221098923	0.0023697547	0.0524953254	-0.0687962171	0.0684358714	-0.0961058242	-0.0566196308	0.0716311951	0.0714267898	-0.0633437169	-0.2074253371	-0.2173211786	0.1362311349	0.0630410732	-0.027239752	0.0634083226	0.0114503153	0.0730438364	-0.0850007618	-0.0826942178	0.0491307389	0.0506218268	0.1006043411	-0.1003773838	0.0602302854	-0.1339964019	-0.0649876768	0.0587751741	0.0496254414	0.0138650983	-0.0745312841	-0.0642706527	-0.096203743	-0.0558784506	-0.0010060625	0.0422058791	-0.0552899165	0.0261401666	0.0297326829	-0.0585944874	0.1127480288	-0.0769565538	-0.1035078611	0.0933857923	-0.1155665009	-0.2025451407	-0.004106332	-0.0057614142	-0.0585267092	0.1755054364	0.1981864091	-0.1060380938	-0.0711134541	0.0158502451	-0.0802554343	-0.0442980877	-0.1214013775	-0.0717602511	-0.0841353293	0.0583072192	-0.0194052202	-0.1242868577	0.0087089431	-0.1040473923	0.0190640995	0.0593390215	0.0646826823	0.055624111	-0.0001038352	0.1135412491	0.0697133785	0.0553787151	-0.1283351104	0.1521330537	-0.0808644255	0.0773282603	0.0151650687	0.0238193244	-0.0456135631	-0.0188183037	0.0129852912	-0.0963455753	0.0649795748	-0.01435772	0.030043165	-0.042002933	0.0382833527	-0.1063942335	-0.1013839798	0.0462651033	-0.1905649337001591	0.0591329439942143	0.0034967050654228	0.036314993956146	0.2134920901302592	-0.0467166095161815	0.0455788725481867	0.0021824416046873	0.2765246634142997	-0.0658738850161881	0.0764658894763917	0.0043393687271259	0.0051877252921044	-7.230937823909933e-05	2.6912493706339685e-05	5.228646181325132e-09	0.0014009796548821	-1.2887129940998554e-06	1.962743993393568e-06	1.660781181161814e-12	0.0011443750433809	-0.0002839468526247	1.3095942399130368e-06	8.062581511547309e-08	0.0	0.0	0.0	0.0	0.0	0.0	0.0	0.0	0.0	0.0	0.0	0.0	0.0	0.0	0.0	0.0	0.0	0.0
884.5309010752117	2.363595762087357	782394.9149569259	5.586584926557314	960.6067272719516	5.793028554608668	33.55917983451139	922765.2844801296	804.7162535826257	1.7938133694685805	3.2177664044842214	647568.2487800567	805.7975079201176	674.62229167189	0.944977	22.759598	0.2694720254008736	0.1200872318465777	-0.0323963852	0.0403733512	0.0835169201	0.0276035962	-0.0161090773	0.02503763	0.0007696351	0.1484211613	0.0813288667	-0.0191129256	-0.0241930857	-0.0481037956	-0.0279675819	0.1147165129	0.0366755756	-0.0198490916	-0.1258524009	0.0643667407	-0.0482203113	-0.0224586551	0.0607407429	0.0101307109	0.1429098	0.0285102911	0.0499311851	-0.0585119331	0.1066508845	-0.0783054311	-0.1368256368	0.1844997768	0.2187134674	-0.0258729821	-0.0406706403	0.0400126375	-0.0114610015	-0.0987666227	0.095356507	-0.073185146	0.0158216935	0.0374397622	0.0608284809	-0.0297131234	0.1521390358	0.0566848198	-0.0086914455	0.0482721302	0.0240552159	-0.1031988126	-0.0670344803	-0.0845801097	0.1057451873	0.0868651085	0.0118819146	-0.0248047755	-0.0291671043	0.0891627525	0.1324066178	0.0071828349	-0.0320483277	-0.0248759472	0.1245493602	-0.1016888579	-0.0432201449	0.0509542062	0.1993425622	0.1454642888	-0.0935182375	-0.0165693933	-0.0553772243	-0.0490551068	0.0151490817	0.0472710499	0.1030540499	0.1166873846	-0.06908361	-0.033874535	0.0987264045	-0.077972529	0.0495699528	-0.0871786844	-0.0240964387	-0.0296953949	-0.0773919816	0.0099637904	0.1384949124	0.0501729934	0.1125478931	-0.0291657034	-0.079212443	0.1006726984	-0.1021236224	-0.0142993354	0.0630946669	0.0986497228	-0.1175337704	-0.1001576982	-0.01792507	-0.0449223649	-0.0584397355	0.0030682481	0.0743279273	0.0458501545	0.0350428114	-0.1100753719	-0.0948006283	0.0586099215	-0.152411947994139	0.03815298570602	0.0014556503182837	0.0232294018913681	0.1772051864832633	-0.0362869036469958	0.0314016781165681	0.0013167393762863	0.189955069563787	-0.0865695938505127	0.0360829284529831	0.0074942945794427	0.0046101907363709	-0.0005775345557335	2.1253858625720065e-05	3.335461630662915e-07	0.002511039463179	0.0011100598082969	6.3053191856422806e-06	1.2322327779961502e-06	0.0006627185634644	-0.0004816564799165	4.39195894360318e-07	2.3199296464555373e-07	0.0	0.0	0.0	0.0	0.0	0.0	0.0	0.0	0.0	0.0	0.0	0.0	0.0	0.0	0.0	0.0	0.0	0.0
887.3701821169742	2.839281041762547	787425.840110312	8.061516834112213	968.8810014622186	8.274274190266965	68.46361337571804	938730.3949944316	804.8133352487523	0.0970816661266553	0.0094248498979273	647724.5045942205	806.0891517032329	686.3357736145549	0.973387	23.443865	0.2923551163976261	0.1433061475472137	0.0481424387	-0.004100907	0.0664851031	-0.0237508626	0.0493494543	-0.0298758423	0.0382129834	-0.0292064835	0.0883038539	-0.042082767	0.0886912044	0.0246358924	-0.0481257587	-0.0147061429	-0.0348313993	0.0084939385	0.0617191482	-0.0076491597	0.0273624573	0.0123290427	0.0433825948	0.1635645436	0.0874232124	0.0474480348	-0.0596373704	0.0594323231	0.1073496562	-0.0316224501	-0.057092096	0.1055359045	-0.0329373056	-0.1299285582	-0.1640136904	-0.0085421907	-0.0182039511	-0.175521323	0.0620138727	0.062166403	0.0493574885	-0.0521478942	-0.11400534	-0.0116709218	0.0186306734	-0.0327661734	-0.0375676811	-0.0301933142	0.0480161713	-0.0012967982	0.0508828785	0.0273478391	-0.0418168683	-0.0455314997	0.0056755719	-0.0375973718	0.0324317163	0.1781579419	0.023321517	0.0057964887	0.0322561504	-0.0284308385	-0.0111282549	-0.015548641	0.0738664016	0.018888383	0.0978138381	0.1227039331	-0.1364286654	-0.0904198201	0.188723572	-0.0684252198	-0.1609317137	0.0094025279	0.0012905119	0.0143001469	0.0842432705	-0.0642807623	0.0859638068	0.0235746048	-0.0289580952	-0.0637619445	-0.0263855806	-0.0053459743	-0.0683360654	0.0559056503	0.0700663965	0.0172069172	0.083315491	0.0024775337	-0.0101485346	-0.0265890509	0.0710519791	-0.0772755842	0.0768953329	0.0495677751	-0.1417225575	-0.162779172	-0.0142118952	-0.0649396913	-0.0922297141	0.0045689537	0.0309398599	0.0354157624	0.0317782535	-0.1134548014	-0.0876327994	0.0703125971	-0.1829155115916592	-0.0305035635975201	0.0009304673921479	0.0334580843808384	0.225055561281664	0.0478503747984007	0.0506500056638048	0.0022896583683474	0.3006853366530322	0.1107302670892452	0.0904116716781473	0.0122611920496555	0.0041001448831619	-0.0005100458532089	1.6811188062918715e-05	2.6014677237569654e-07	0.0014749289617164	-0.0010361105014626	2.1754154421098177e-06	1.0735249712410804e-06	0.001181980427042	0.0005192618635776	1.3970777299103888e-06	2.6963288296608214e-07	0.0	0.0	0.0	0.0	0.0	0.0	0.0	0.0	0.0	0.0	0.0	0.0	0.0	0.0	0.0	0.0	0.0	0.0
887.9742888907325	0.6041067737583035	788498.3377310021	0.364944994100666	969.7485593570176	0.8675578947990061	0.7526567008280834	940412.268375011	805.6689661037767	0.8556308550244012	0.7321041600697878	649102.4829427286	806.8049486689519	698.208931510481	0.895282	21.562719	0.2544679098714112	0.1221367759535601	0.0841968634	-0.0026345143	-0.0432568284	-0.0662084547	0.0687118019	-0.0410923091	-0.0226137696	-0.1102650381	-0.0516958782	0.0257201013	0.0644090969	0.0382764273	-0.0637430138	-0.1109991063	-0.1073983533	-0.0198786444	0.0583217193	-0.0202424372	0.0404251622	-0.0516028949	0.0036139219	0.0283154209	0.1102151869	0.0656892066	-0.1030411763	0.0621907073	-0.1081752816	0.0654973674	0.1072596312	0.0336561827	0.0748178292	-0.0670726922	-0.0039229263	-0.1246305978	0.1150446246	0.0246999108	0.0876871191	0.1407171932	0.0397713797	0.0134646446	0.0710114926	-0.1012118	-0.0029909216	0.104615031	-0.2172644279	-0.049477597	0.0552566197	0.090905401	0.1271284657	0.0290069883	-0.0777444535	-0.0443730256	0.0082445313	0.0049944722	-0.0566535228	0.1297420964	0.0507219475	0.0477681085	-0.0308083433	0.0182227466	-0.1451564088	0.0348975919	-0.07018643	-0.1629209178	0.0479633128	-0.0078517487	-0.0837476633	-0.1076097906	0.1074064492	0.1273093768	0.0392040693	-0.0425534822	0.0340515997	-0.0419672375	-0.0034005883	-0.043367518	-0.0345210453	-0.1076383077	-0.0531765551	0.0215920899	-0.011973649	0.0216782178	-0.0732249412	0.0432723508	0.0271708033	-0.0396051365	-0.0209123501	0.0943265363	0.0323499038	-0.1181955074	0.0952199289	-0.1215186154	-0.0199841539	-0.0526238021	-0.0554849815	-0.0849868983	0.091477133	-0.1124755252	-0.0551354541	-0.0289362011	-0.0617904658	-0.0100600364	0.0284919163	-0.1165232592	-0.0799246852	0.0812449131	-0.2150217151246494	-0.0321062035329902	0.0010308083053017	0.0462343379751458	0.2449716968459512	0.0199161355642871	0.0600111322555846	0.000396652455815	0.3393869351941561	0.0387015985411238	0.1151834917804823	0.0014978137296383	0.0022608866300039	-0.001839258253158	5.111608353730391e-06	3.3828709218098195e-06	0.0006800615523043	-0.0007948674094121	4.624837149225342e-07	6.318141985455031e-07	0.0018227342091321	0.00064075378209	3.322359997140422e-06	4.105654092627672e-07	0.0	0.0	0.0	0.0	0.0	0.0	0.0	0.0	0.0	0.0	0.0	0.0	0.0	0.0	0.0	0.0	0.0	0.0
888.1520547480075	0.1777658572749487	788814.0723531076	0.0316007000126974	969.165821157476	-0.582738199541609	0.3395838092049961	939282.3888998448	805.3394085555309	-0.3295575482458162	0.1086081776057934	648571.5629725723	806.6306453165171	694.4200617312794	0.8656199999999998	20.848297	0.1481607842520468	0.0796155543959038	0.0702669386	0.0217847621	0.0314308665	-0.0532462194	0.0465088974	-0.0252351534	0.0365796569	-0.0177474163	-0.0661682364	-0.003805753	-0.0466524605	0.028051139	-0.082183772	0.0497024795	0.0013667853	0.0167723802	-0.0252764736	0.0500746731	-0.0719194529	0.0922403462	-0.0471389865	-0.0810210225	-0.0747791074	0.07240537	-0.0559657392	0.0540301411	0.0708901158	0.0280164614	0.0103980781	-0.121677875	0.0356419149	0.1472496761	0.0379535264	-0.0081581485	-0.0853546824	0.1308527574	0.1447864302	0.1606859777	0.1520726348	-0.0242026834	-0.0871951331	-0.0113101239	0.0200317241	-0.0648052368	0.0106179659	-0.0326979975	0.079221962	-0.0463240387	-0.0027176296	-0.0012356552	0.0042308659	0.0170375299	-0.0387504257	0.0047416204	0.0172448225	-0.1013826657	-0.1442168383	0.1142334435	-0.0801843879	-0.0150418869	0.0235563528	0.0766883394	-0.0848617708	0.0223739052	-0.0006790644	-0.0614916011	-0.0292709861	-0.1593876146	-0.0738691752	0.0665734481	-0.0219340663	-0.255110867	0.009557056	0.0001984707	0.0813699663	0.1268914452	0.0367960114	0.0167914264	-0.0360907235	-0.0316779727	-0.0415270943	0.0219837183	-0.0431770855	0.0609668694	0.0441465211	0.0265427306	-0.0033172349	0.0234564847	-0.0669983906	0.0370931493	0.0499269748	-0.0375424052	-0.0748697345	-0.034773327	-0.0129736241	-0.0596145274	0.110413105	-0.0198498129	0.0194048458	0.0424527696	-0.0620143598	-0.172071475	0.0251860523	-0.1192723348	-0.0717238087	0.0912870929	-0.2201203304421994	-0.0050986153175499	2.599587815635536e-05	0.048452959873983	0.254805882137191	0.0098341852912398	0.064926037571712	9.671120034243787e-05	0.3360137044763291	-0.0033732307178269	0.1129052095959058	1.137868547569145e-05	0.0031069767034514	0.0008460900734475	9.65330423578973e-06	7.158684123863962e-07	0.0013761964758327	0.0006961349235284	1.893916740094343e-06	4.846038317558913e-07	0.0007678641475994	-0.0010548700615327	5.896153491685531e-07	1.1127508467180025e-06	0.0	0.0	0.0	0.0	0.0	0.0	0.0	0.0	0.0	0.0	0.0	0.0	0.0	0.0	0.0	0.0	0.0	0.0
885.7583471320174	-2.3937076159900244	784567.8495140435	5.729836150848646	966.0924643239669	-3.0733568335091377	9.445522226077314	933334.6496235552	804.6087397574724	-0.7306687980584456	0.5338768924561736	647395.224094108	806.1370391660412	700.0184419955758	1.033611	24.894341	0.3197514117451877	0.1709132942582923	0.0465344329	0.024345029	0.0054574701	0.1303582151	0.0602156712	-0.004375456	-0.0548918118	0.1911236449	-0.0356533853	0.0488875903	-0.0480055552	-0.0007445349	-0.0228321224	0.0004770092	0.0876523279	0.065798037	-0.027438168	0.0361145769	0.0841428781	-0.0898387578	-0.0430636386	0.0836221687	0.0421410086	-0.059576373	0.1620107639	-0.0654737621	-0.118010551	-0.2450876893	-0.0690202514	-0.0509264588	0.1181464773	-0.0506207546	-0.1835859255	0.0170555726	0.20341803	0.0894646694	0.1403235477	-0.1210386719	0.1753286876	-0.033500221	-0.0166269124	0.1386248035	0.0195661209	0.0129840183	0.0485325973	-0.0023004824	0.0310327241	0.0163070506	-0.1107073807	0.0252398207	0.0801398941	-0.0016840656	0.005700898	0.0619770756	-0.0807606237	0.0623325295	0.0775383749	-0.1677621154	0.0494541025	-0.0074823001	-0.0790884421	-0.1589287814	-0.0567007726	0.0753537825	0.0720995523	0.0282111511	0.1681328621	-0.1419649498	0.1461802856	-0.0128552115	0.1484373813	0.0934849736	0.1756601613	0.0986415485	0.076936873	0.0999996904	0.1918871807	0.0742559809	-0.0100957464	-0.0705242892	-0.0682925037	0.0089145203	-0.0015736388	0.1200696354	-0.0818911765	0.0445243668	0.0914757942	0.093386236	-0.1587106431	-0.0880283011	-0.0777477299	0.0217908116	0.135514945	0.0878423715	-0.0713286991	-0.0617654941	0.1126521489	0.0406485107	-0.0520672677	-0.0744541241	0.0636051248	0.0031853636	0.0218629269	-0.1216944932	-0.063080731	0.1003291122	-0.2352419547883073	-0.0151216243461079	0.0002286635228648	0.055338777292624	0.1605111392295839	-0.0942947429076071	0.0257638258167788	0.0088914985400117	0.2518973987751565	-0.0841163057011726	0.0634522995096902	0.0070755528848131	0.0052357321738446	0.0021287554703932	2.74128913962315e-05	4.531599852728974e-06	0.0014304159163602	5.42194405275e-05	2.0460896937765907e-06	2.939747731115109e-09	0.0011092640124847	0.0003413998648852	1.2304666493936564e-06	1.1655386774370105e-07	0.0	0.0	0.0	0.0	0.0	0.0	0.0	0.0	0.0	0.0	0.0	0.0	0.0	0.0	0.0	0.0	0.0	0.0
883.2915846214498	-2.466762510567605	780204.0234630719	6.084917283541794	961.1776676793252	-4.914796644641683	24.155226058181142	923862.5088454672	804.0343229255911	-0.5744168318813081	0.329954696748559	646471.1924424138	804.9131804178467	679.2568054955541	1.13641	27.370235	0.3403890328287499	0.1888179162428923	-0.0087759064	-0.0016704698	-0.0622663785	-0.0158057924	-0.0088889889	0.0113532767	-0.0919961468	0.0057552972	0.0259391602	-0.0261284134	-0.0182318729	0.0049763713	0.0623284062	-0.0567352028	-0.0553149867	0.0184775766	0.0497369405	-0.0063914252	0.1151565138	-0.0404802782	0.150757393	0.1072479567	0.0194353234	-0.110245148	0.1326180486	0.0644187083	-0.0443069916	0.2249345845	0.0426049313	-0.1836498057	0.1505625138	-0.0471240244	0.057960483	0.0659149304	-0.0514509981	0.1441840678	-0.055142349	-0.0348654066	-0.0649199034	-0.2680550592	-0.1000563246	0.2030223575	-0.0369059771	-0.0318447005	-0.1138861996	-0.0021430562	-0.0676616399	0.0578418307	0.070571517	0.0474480678	-0.0621791164	-0.0127751858	-0.0149656978	0.0643225259	0.130128765	0.0504077242	0.1105484182	-0.1846582538	0.0721339319	-0.0765648692	0.0374070351	0.0370296022	-0.1779336895	-0.073958306	-0.0142109152	-0.2626776167	-0.0793786236	0.0588013993	-0.0790279788	-0.0723049171	0.086205565	0.0249841249	-0.2691380378	-0.1006136316	0.1193285232	-0.0538999085	0.1721826235	0.1200695963	-0.0074123718	0.0802809672	0.0108634457	-0.0202792388	9.24174e-05	0.010895685	-0.0981249655	-0.0032487995	-0.0628235104	0.0848558038	-0.0685205761	-0.0026820352	0.1341229289	0.0053061761	-0.0492162667	-0.1136797647	0.0155352634	-0.0058664979	0.0304529252	-0.0875958044	0.1434621892	0.0204523112	-0.0623457068	0.0583526732	0.0185248178	-0.1237830955	-0.0540487397	0.1082719048	-0.2858978041348194	-0.0506558493465121	0.0025660150730165	0.0817375544091115	0.2070433877395174	0.0465322485099334	0.0428669644066561	0.0021652501513902	0.2878749522350858	0.0359775534599293	0.0828719881243529	0.001294384352962	0.0019851725509204	-0.0032505596229242	3.940910056927808e-06	1.0566137862185118e-05	0.000684953003937	-0.0007454629124231	4.6916061760232006e-07	5.557149537984795e-07	0.0009608189175846	-0.0001484450949	9.231729923884424e-07	2.2035946199899672e-08	0.0	0.0	0.0	0.0	0.0	0.0	0.0	0.0	0.0	0.0	0.0	0.0	0.0	0.0	0.0	0.0	0.0	0.0
881.5487522028607	-1.7428324185891595	777128.2025104207	3.03746483928534	958.8818776940786	-2.295789985246529	5.2706516563582575	919454.455370122	803.5480111993446	-0.4863117262465266	0.2364990950848766	645689.406302422	804.7070164776022	676.6346658614489	1.015097	24.448421	0.2151530372205782	0.1126088010793591	-0.0140913618	-0.0836969645	-0.1140227996	0.0784641159	-0.0746149868	-0.04299047	0.0074021879	0.0056356502	0.0356974652	-0.1040404508	-0.0648307301	0.0337835546	0.0910309204	-0.0624760803	0.0178575303	0.0084590835	-0.1302657897	0.0921214953	-0.0907842426	0.0811256337	-0.0081543172	0.0569181172	0.0444934066	-0.0424916488	0.0661594854	0.0277119622	0.0684329216	-0.033024339	-0.0115516995	0.0357600384	-0.1342937778	-0.1293705243	0.0201636405	0.0034423583	0.0327143924	0.0205143066	0.0445731006	0.0208038613	0.0189959194	0.0247439596	0.0542864778	-0.0953483165	0.0098089094	0.0660298476	-0.0381482452	-0.0309453345	-0.0855874139	0.0662257815	-0.0288463931	-0.050724157	0.1100984398	0.0951293104	-0.0143801519	-0.0430081911	0.0796575139	0.0576025112	-0.0765970074	-0.0484329257	0.0479973238	-0.0153877528	0.0225949623	0.074716584	0.1979494192	0.0286982602	0.0328565483	0.0124821738	-0.0037319648	-0.0436891859	0.0567225231	0.0214211276	0.0577838149	-0.0459070083	-0.0466191084	-0.0243006812	0.0692193958	0.0102563683	0.0086818619	-0.0873856007	-0.0416997855	0.0837393132	-0.0514686934	0.0419146892	-0.0475668617	-0.0661388367	-0.1042243913	0.0573140339	-0.0310809111	0.0615043854	-0.0724484152	0.0456790697	0.0981014834	0.0873151476	-0.0669797085	0.0853454089	0.1446928736	-0.1084679131	0.0003484958	-0.0017206474	0.1364330421	-0.0544790848	0.0765673511	0.0909861649	0.0151740128	-0.1255324169	-0.0446835199	0.1150284477	-0.2995236955218558	-0.0136258913870364	0.0001856649160913	0.0897144441790693	0.283725648015448	0.0766822602759305	0.0805002433417858	0.0058801690410255	0.3189408696482871	0.0310659174132013	0.1017232783320056	0.0009650912247238	0.0017297170546707	-0.0002554554962496	2.9919210892186813e-06	6.525751056418044e-08	0.0008200477557549	0.0001350947518179	6.724783217186482e-07	1.825059196874e-08	-0.000524210197236	-0.0014850291148206	2.74796330886206e-07	2.2053114718648546e-06	0.0	0.0	0.0	0.0	0.0	0.0	0.0	0.0	0.0	0.0	0.0	0.0	0.0	0.0	0.0	0.0	0.0	0.0
881.9734031660602	0.4246509631994968	777877.0838923217	0.1803284405462603	953.51578275619	-5.366094937888647	28.794974882434165	909192.3479651496	804.7193386817812	1.1713274824365951	1.3720080711112526	647573.2140484432	805.4912848875026	653.8394903303522	0.991324	23.875853	0.2372927571492994	0.1198985681771893	-0.0903798982	-0.0614903453	-0.0569176005	-0.0579870028	-0.0907726583	-0.0259010274	-0.0111534367	0.0570027382	0.0051956974	0.0267117981	0.0966199292	-0.0042489198	0.0249622528	0.0196555472	-0.1007647129	0.0266774182	0.0254247616	-0.0399715042	0.1307206377	0.0396304151	-0.0345757937	-0.0241548113	-0.0701769342	-0.1093257331	0.1474502839	-0.0294747251	0.0589077805	0.0473300357	-0.0626711669	-0.0908295697	0.030825511	0.0374981921	-0.0524981444	-0.0750081019	-0.1045897982	-0.114965428	-0.2172548243	-0.1292579121	0.024339868	-0.0171636768	-0.0301071787	-0.0395221571	-0.0847518653	0.0456865522	0.0741253524	0.0084992649	-0.028284443	-0.0433830899	0.0982401561	-0.0233902408	0.0942787658	-0.0737693501	0.0964999105	0.0847971588	0.043049728	-0.1250052836	0.0462320247	-0.1744197073	0.0533467142	-0.0461583532	0.050880086	-0.0455890883	-0.0460350044	0.1191091596	-0.0999262142	-0.0221510404	-0.0557899057	0.149714899	-0.0340205923	-0.0638816436	-0.1251537373	0.1582313778	0.034725112	-0.1352275076	-0.0237530038	0.0523048704	0.0025157905	0.0531514236	0.0268093833	0.0900373039	-0.0217183782	0.0167163245	-0.0192216286	-0.0743924049	-0.0704378272	-0.0627191694	-0.117838289	0.0447367174	-0.0966121278	0.0521569778	0.1530831691	0.0313082161	-0.0029259553	0.0822493137	0.1226066705	0.0278137781	0.1084377236	0.0440843876	0.1452639163	0.0241557726	-0.0321433694	0.0589322037	0.0118128082	-0.1269376627	-0.0350428114	0.1205247148	-0.3173967855019413	-0.0178730899800854	0.0003194473454362	0.1007407194469653	0.2107200616761844	-0.0730055863392635	0.0444029443928149	0.0053298156367396	0.2319909385783489	-0.0869499310699382	0.0538197955824632	0.007560290513067	0.0014785583281657	-0.000251158726505	2.1861347297881496e-06	6.308070589961344e-08	0.0013199379476369	0.0004998901918819	1.7422361856119115e-06	2.498902039398227e-07	-8.59761204227567e-05	0.0004382340768132	7.391893282948362e-09	1.9204910608035562e-07	0.0	0.0	0.0	0.0	0.0	0.0	0.0	0.0	0.0	0.0	0.0	0.0	0.0	0.0	0.0	0.0	0.0	0.0
889.8766147837825	7.903211617722377	791880.3895390445	62.460753874501954	972.024736712056	18.50895395586599	342.58137654036733	944832.0887801418	806.6233546862952	1.904016004514005	3.625276945445477	650641.2363253728	807.8288146750306	685.3817940089192	1.133548	27.301296	0.2842673530027019	0.1505907852441373	0.0432960857	-0.0169797462	-0.0372222039	-0.0787460923	0.1005816054	-0.0412876891	0.0443511241	-0.0505674593	-0.0849885466	0.0268755292	-0.0468522515	0.0181344878	-0.1153058099	-0.0173476528	-0.0685430367	0.0072886261	-0.0536360934	0.143426084	-0.0274015619	0.0166733698	-0.0838514122	0.0798946647	-0.0777510138	0.0623891245	-0.0118926058	-0.0955413878	0.0544101845	0.0614287849	0.0875881977	0.1819510399	-0.0797516428	0.1264536423	-0.0859528707	-0.0964792618	0.0664923803	-0.044687576	-0.11080348	0.1248296462	-0.1680015365	-0.0577052428	0.0011607619	0.1842107927	0.0204016713	0.0244282626	0.0149300739	-0.0210985034	0.1123432857	0.0044193927	0.0599461027	-0.0336066572	0.091719303	0.0143059056	-0.0592558277	0.0794950277	-0.0265352731	0.0304559843	-0.1442075484	0.0290415612	-0.0274836304	0.0957307069	0.1158418685	-0.0087887171	-0.0165878873	-0.1021395805	0.0054095625	0.0624368177	0.0108029473	0.1930075257	0.144351337	-0.0035980057	-0.1031811057	-0.0739487652	0.0116180421	0.0250888715	-0.1443650085	-0.0748016984	0.0462153693	0.1654721901	-0.0536312885	0.032525978	-0.0764976358	0.0142044258	-0.1243592254	-0.0113911531	0.0895755493	-0.0573426113	-0.059642232	-0.0059737688	-0.0609382218	-0.0214435695	0.0427457043	-0.0622464329	-0.0217279168	0.0288114889	0.1011989266	0.0776981535	0.1401330458	-0.0838182603	0.0436305415	0.0208762095	0.021816253	0.1589443531	0.0084435077	-0.1279949812	-0.0251860523	0.124700488	-0.2607681119600613	0.05662867354188	0.0032068066671128	0.068000008215215	0.2763139229462723	0.0655938612700878	0.0763493840139585	0.0043025546363195	0.3502182980798451	0.1182273595014962	0.1226528563099432	0.013977708534696	0.0017872059458776	0.0003086476177119	3.194105092980247e-06	9.526335191923123e-08	0.0013688870928687	4.894914523180007e-05	1.8738518730225209e-06	2.396018818923855e-09	0.0004327762904183	0.000518752410841	1.8729531754822479e-07	2.691040637534084e-07	0.0	0.0	0.0	0.0	0.0	0.0	0.0	0.0	0.0	0.0	0.0	0.0	0.0	0.0	0.0	0.0	0.0	0.0
889.432087511367	-0.4445272724155984	791089.4382948279	0.1976044959212516	973.4275282172748	1.4027915052188291	1.967824007114108	947561.1526911934	805.6751126242958	-0.9482420619993944	0.8991630081448636	649112.3871021718	807.2416458917373	701.1934423942992	0.94572	22.777502	0.1992113846389246	0.0895403641877134	0.0610247768	0.0553018403	-0.0238919478	-0.0168151686	0.1042369063	0.0258745064	-0.0277571553	0.0895740945	0.0085646232	0.1549027933	0.0344251667	-0.0038992288	-0.044078414	-0.0639672452	0.0554559004	0.118164942	-0.1164539302	0.0761789444	-0.0048806024	0.0584772996	-0.0686707729	0.0888308575	0.0755664471	0.1145770979	-0.0658356012	0.050274037	0.0265088814	0.058863338	0.0802926383	0.0874920139	0.157330039	0.0525944477	-0.1958816957	-0.0180345649	0.0249041233	0.0306061987	-0.0454078285	0.1151898823	-0.1755360132	-0.022858632	0.0081446268	0.017601502	-0.0273981612	0.0960272745	-0.0269793549	0.0063765388	0.0549515573	0.0649141602	-0.0528581865	0.0657153337	0.1776288618	0.0025907045	0.0765674144	0.0222304274	-0.0496898903	0.1069496665	-0.0710590816	0.0768776937	-0.0461919725	-0.0466950513	0.0229936883	-0.0087045778	-0.1355392207	-0.1852942953	0.0896499759	0.0193817225	-0.0736581612	-0.0369114782	0.1335910941	-0.0710325331	-0.030220936	-0.0447079186	0.0634474504	0.0038571831	-0.1053234581	-0.1193574897	-0.0209041337	0.0539549017	-0.0311358848	0.0376926236	-0.117016509	-0.1037255746	-0.1705618651	0.0242638114	0.1267512178	0.008997897	0.0826479463	0.0593462143	0.0187416574	-0.1364920925	0.0747142897	-0.0532639626	0.0866819662	-0.0390780751	0.0905584296	-0.0389254698	0.018321896	-0.0109630178	0.0129226844	-0.0625086059	-0.0294323047	0.1113744342	0.0050684204	-0.1287014744	-0.0151740128	0.1275100165	-0.2296742163010776	0.0310938956589836	0.0009668303472517	0.0527502456335141	0.2179303014930127	-0.0583836214532595	0.0474936163088354	0.0034086472539975	0.3155760843130437	-0.0346422137668014	0.0995882649903532	0.0012000829746647	0.0010092221040201	-0.0007779838418575	1.0185292552427575e-06	6.052588581913556e-07	0.0008603277457908	-0.0005085593470779	7.401638301774795e-07	2.586326095002999e-07	0.0006480661766805	0.0002152898862621	4.19989769357281e-07	4.634973512679101e-08	0.0	0.0	0.0	0.0	0.0	0.0	0.0	0.0	0.0	0.0	0.0	0.0	0.0	0.0	0.0	0.0	0.0	0.0
886.4461366057993	-2.98595090556762	785786.7531033475	8.91590281046009	967.3228178126838	-6.10471040459106	37.267489123922346	935713.4338610704	803.6511929507449	-2.023919673550949	4.0962508449865815	645855.2399311553	805.1346295836772	697.3829018452205	0.915231	22.043171	0.0935848479851558	0.05200628838435	0.0283477712	0.0519118164	-0.1001508464	0.0195752103	0.0404570424	0.0323274672	-0.0960774396	-0.1074450919	0.0491321927	0.0593039407	0.1430372517	0.0398674808	0.0922339052	-0.0597037065	0.0028282817	0.0327618693	-0.0047138263	-0.070972171	0.0468719553	0.1137783022	-0.0343559483	0.0777728826	0.003261668	0.0350386366	-0.1125302871	0.0532236574	-0.0501394584	0.0159442591	0.06516042	0.0955441801	0.0672199901	-0.0055885198	0.1191520524	-0.0597552906	-0.0207587771	-0.0352790207	-0.039513714	0.0251699699	0.0608585853	-0.13289349	0.0328524743	-0.0285419578	0.0312848109	-0.0201789708	0.1687727648	-0.0278494205	-0.0882134522	0.068586144	0.0140725846	0.0833130763	-0.0018197765	-0.0345380848	0.0958593248	-0.0173301125	0.0408311934	0.1032083234	-0.0713481843	0.0950773005	0.024674966	0.0446295575	-0.1108913854	-0.0626956296	-0.0103552561	-0.0711356165	0.05198763	0.0032802777	-0.0596969596	0.100427972	-0.0729491269	0.0920342562	-0.0366678327	-0.074872819	-0.1744669665	0.0275559807	-0.007991281	0.1019437261	0.0044508656	-0.0214331563	-0.0092692796	0.0900882344	-0.1258767506	-0.0393053348	-0.1072763748	0.0202702944	-0.0491653265	-0.0360219459	0.0292899568	0.1228913813	0.0104070241	-0.1250098959	0.1085973517	-0.033763635	0.0831223732	-0.1319589802	0.0264447667	-0.0044383962	-0.0606258143	0.0756969415	0.0149586613	-0.128921783	0.000699433	0.0879002281	0.0016898595	-0.1290552057	-0.0050684204	0.1289225186	-0.256236003675383	-0.0265617873743054	0.0007055285485178	0.0656568895795309	0.217885359863672	-4.494162934071122e-05	0.0474740300429218	2.0197500477978754e-09	0.283763427054069	-0.0318126572589747	0.0805216825334699	0.0010120451618769	0.0015013080063638	0.0004920859023436	2.253925729972048e-06	2.421485352854134e-07	0.0008673335752247	7.005829433899958e-06	7.522675307120603e-07	4.908164605689901e-11	0.0004438486740074	-0.000204217502673	1.9700164541812727e-07	4.1704788398037584e-08	0.0	0.0	0.0	0.0	0.0	0.0	0.0	0.0	0.0	0.0	0.0	0.0	0.0	0.0	0.0	0.0	0.0	0.0
882.5944321010633	-3.8517045047360634	778972.9315757983	14.835627591804077	962.0307727936776	-5.292045019006196	28.005740483188287	925503.2078020005	802.8267122390256	-0.824480711719275	0.6797684439971222	644530.7298845232	803.9600183548316	675.1917742501108	0.894884	21.553122	0.0511012569081138	0.0296195490444304	-0.0172331163	-0.0252895285	-0.0520383993	-0.0202557468	-0.0754169152	-0.0200783833	0.0388284542	-0.1194367037	0.0790330215	0.0479429063	0.0423713935	0.0448941683	0.1122449275	0.0334087271	0.0173521864	-0.0416132098	-0.1506405309	-0.064149047	0.0689955561	0.0689390762	0.059443794	0.1224855529	0.0038731756	-0.1036007409	-0.0542954822	-0.0276632284	-0.0126138846	0.0445822518	-0.0747240746	0.0248847565	0.029525125	0.0484605221	0.2166229873	-0.1111197631	0.1537245763	-0.0555098668	0.0132576138	-0.0204925826	0.1010605433	-0.0264731727	-0.0568359447	-0.0053421716	0.1025155388	-0.0106898694	-0.1240798729	-0.0306823786	-0.1097960033	-0.0310864848	-0.013310217	0.0196497456	-0.0493036328	0.1240766083	0.0965421202	0.0466815361	0.107621619	0.1270836763	-0.0547067023	0.05456725	0.1139552757	0.0066860521	0.0095352789	0.0107009118	-0.0400146708	0.0578455255	0.0500347026	-0.0144241065	-0.005902689	0.1187894938	-0.0529464483	0.2777940596	-0.001401214	0.0613367955	-0.0125135286	-0.0075179268	0.0547259259	0.0119542046	0.1123358434	-0.0643312532	-0.0067655768	0.064067766	-0.1177061875	-0.067228115	-0.0566093389	-0.0103980951	-0.0342466081	-0.034599667	0.018263563	0.0841350535	0.0056393696	0.0072143185	0.1217208599	0.011627021	0.0022570732	-0.2144270547	0.0999861259	-0.0166450269	-0.0579032595	0.0100757908	0.087205983	-0.0540704752	-0.0599604735	0.1217800246	-0.0016898595	-0.1290552057	0.0050684204	0.1289225186	-0.2621645707276485	-0.0059285670522654	3.514790729320763e-05	0.0687302621448122	0.2454768001029066	0.0275914402392346	0.0602588593887623	0.0007612875744752	0.2880123920008728	0.0042489649468038	0.0829511379460644	1.805370311916762e-05	0.0013353218707061	-0.0001659861356576	1.7830844983860389e-06	2.755139723057633e-08	0.0007798055645273	-8.752801069740002e-05	6.08096718467741e-07	7.661152656644173e-09	0.0004569802210485	1.3131547041099966e-05	2.0883092242953595e-07	1.7243752769262128e-10	0.0	0.0	0.0	0.0	0.0	0.0	0.0	0.0	0.0	0.0	0.0	0.0	0.0	0.0	0.0	0.0	0.0	0.0
885.5940964246398	2.999664323576553	784276.9036221743	8.99798605413798	964.4411099341607	2.4103371404831933	5.809725130792697	930146.654531036	805.6463415552444	2.819629316218766	7.950309480880304	649066.0276613495	806.743130608045	676.0874715046368	0.938138	22.594887	0.0484228797244006	0.0273482656830558	-0.0221395667	-0.0388956689	-0.0893406805	-0.0698903278	-0.0087964934	-0.021258507	0.0526463648	0.0522940775	0.0976982567	-0.1053313175	0.0737850351	0.0007970715	-0.0307970045	0.017453994	-0.0165668957	0.0165128488	-0.2212706967	-0.0031466617	0.0659067611	0.065864471	-0.0543890283	0.0986254395	-0.0731429662	0.1263102337	0.0879052229	0.0001371404	0.0693324299	0.0572144971	0.0970136509	0.0291471925	-0.0276863965	0.0585026789	0.0169360026	0.0591340695	-0.2120456499	0.0561985329	-0.1513703221	-0.0757109359	0.0694765032	-0.0105231885	0.1351597037	-0.1169850078	-0.128082623	-0.0011092396	0.1087450638	-0.0039511786	0.0294436819	-0.0238611828	0.0191460858	-0.0242614452	0.1284612699	0.1489503673	0.1120316021	0.0639112884	0.0826095336	0.0802073511	-0.1037951189	-0.0897076432	-0.0847605007	0.0333153559	0.0612098897	-0.0395310002	0.0207528347	-0.0567415861	-0.0782930271	0.0587486456	-0.0510664064	0.0202566004	-0.140551418	-0.0832680689	-0.0156695635	-0.0374649308	-0.0043904738	-0.1359905283	-0.0913558559	0.1647121462	-0.1661425065	0.1391666702	-0.0116980276	0.0907607138	-0.1563361356	-0.0222852055	-0.1530063905	-0.0256198795	-0.0646603744	-0.0567466826	0.046999936	-0.0775431243	-0.1038779504	0.0213467397	-0.0762158833	0.0811738144	-0.0048906876	-0.0443219331	0.0881599463	-0.0044876491	0.0165553632	0.0519179431	-0.0714151114	-0.0011429157	0.097975031	0.0657400385	-0.0050684204	-0.1287014744	0.0151740128	0.1275100165	-0.2622416665556244	-7.709582797593706e-05	5.943766691295279e-09	0.0687706916778713	0.2467768435577113	0.0013000434548046	0.0608988105163071	1.6901129843805262e-06	0.2861777182869573	-0.0018346737139154	0.0818976864439291	3.3660276365324613e-06	0.0015959588240067	0.0002606369533006	2.547084567924849e-06	6.793162142581915e-08	0.0010530693066588	0.0002732637421314	1.1089549646268457e-06	7.46730727637109e-08	8.665958192650926e-05	-0.0003703206391219	7.509883139677369e-09	1.3713737575971968e-07	0.0	0.0	0.0	0.0	0.0	0.0	0.0	0.0	0.0	0.0	0.0	0.0	0.0	0.0	0.0	0.0	0.0	0.0
888.5755301266465	2.9814337020067114	789566.4727398509	8.888946919461445	971.6258708174512	7.184760883290437	51.62078895006038	944056.8328417704	808.1210106685604	2.474669113316054	6.123987220400465	653059.5678839756	809.8932608515838	683.3491494333582	1.053878	25.382473	0.2759410996244951	0.1466214722144118	-0.0207473778	0.0620385836	0.0341569477	-0.0894373016	0.0411304983	0.0485854787	0.0377331554	-0.0038824416	-0.0674340423	0.0498199128	0.1625814994	-0.0995514565	-0.0742101942	-0.0620454761	-0.1505881385	-0.0211303576	-0.1450377939	-0.041459363	0.0106422944	0.0568678733	-0.0929397999	0.001348557	0.0951434863	0.0153905138	-0.0672049723	0.1136839396	-0.1331451179	-0.0261228452	-0.0632744308	0.1422381061	0.0170599211	0.1041525722	-0.0033221368	0.0651177519	0.0445865389	0.0140958412	-0.1103632288	-0.0140731521	0.0010138685	0.0628567244	0.0299603049	0.0785699344	-0.0540227838	0.0985778007	0.0685382473	0.0874993753	0.0835085429	0.0569609963	0.1420088076	-0.0550912599	0.0824495296	0.0808396522	0.1254839133	-0.008359007	-0.0310649917	0.0403778522	0.0052889538	0.0936479548	-0.0168992252	-0.0168804055	-0.1566862593	0.0503508889	-0.0858046094	-0.042570336	0.1017668446	0.1068882186	0.0930570219	0.1325522893	-0.040331784	-0.0051320806	-0.0029498957	0.0408600867	0.1366657219	-4.57504e-05	-0.0313442364	-0.0868821317	-0.0381847221	0.1462472551	0.0586285423	0.0085086402	-0.1654519017	-0.0173945016	-0.1099995609	0.0202720424	0.0115827146	-0.1318373842	-0.087491043	0.0038198994	-0.016981413	-0.0162067173	0.0621569071	0.0295818942	0.0376431818	-0.0206950301	0.0588995879	0.1212408401	-0.0492298049	0.0230210695	0.0140905754	0.0352999352	-0.1098032328	-0.0919949714	-0.0084435077	-0.1279949812	0.0251860523	0.124700488	-0.2346523473975423	0.0275893191580821	0.0007611705316065	0.0550617241391768	0.1846907060414224	-0.0620861375162888	0.0341106568980791	0.0038546884716915	0.1704297934636187	-0.1157479248233386	0.0290463145000517	0.0133975821009092	0.0024717023765	0.0008757435524933	6.109312637995748e-06	7.669267697335853e-07	0.0011600843463883	0.0001070150397295	1.3457956907351693e-06	1.1452218728306482e-08	-0.0003409361883864	-0.0004275957703129	1.1623748455144683e-07	1.8283814278949026e-07	0.0	0.0	0.0	0.0	0.0	0.0	0.0	0.0	0.0	0.0	0.0	0.0	0.0	0.0	0.0	0.0	0.0	0.0
891.1362566226827	2.5607264960361817	794123.8278674878	6.557320187501741	979.5047482726394	7.878877455188217	62.07670995387316	959429.5518886468	808.3843631443706	0.2633524758101657	0.0693545265153439	653485.2785763296	809.903779275937	699.7663663913769	1.055564	25.42308	0.1472079422821202	0.0820738739806154	0.0153347265	0.083648874	-0.0624368402	-0.0233805161	0.1097347051	0.1038128215	-0.0007130679	-0.003389155	-0.1506577702	-0.0635577063	-0.0339187699	-0.1018561979	-0.0882428511	-0.0970144615	-0.0272687882	0.0158031019	-0.1744240597	0.0804596835	0.0032443173	0.066415188	0.0453686676	-0.1366697498	-0.0630904424	0.1112363201	0.0576013295	-0.0495404191	-0.0961420087	-0.0557379913	-0.0174978816	0.0130982848	-0.0112902936	0.1879250248	-0.03819919	0.0036425162	0.038430822	0.0432748885	-0.0719640513	-0.094032276	0.110981663	0.0730276907	-0.1929848156	-0.0600146111	0.0400217728	-0.1018396045	0.0712515569	0.090294789	0.0890503785	0.0989063441	0.0391604031	-0.0165043563	0.0660887627	0.1263037202	0.0048111638	0.1045847852	0.0718857557	-0.1167919278	-0.0293046829	0.0818996334	-0.187555213	0.0725437136	0.0993637804	0.0359950877	-0.1672554027	0.0299137677	0.0487821818	0.0623433974	0.1939363866	0.0437208738	-0.0107683756	0.0403151042	0.0137706473	-0.0178715995	0.0453481211	0.0424244856	0.1282353418	0.1347235039	0.0416716376	-0.2155302884	0.034757989	0.0281692433	-0.2290898493	0.0256560441	-0.0723292384	0.0789528666	0.0808647893	-0.100300007	-0.0706723211	-0.0257063656	-0.1809422498	0.0882201838	-0.1400700119	-0.0966599355	-0.0618941846	0.0120794795	-0.0536830605	0.2170110044	0.0651772133	0.1635054226	-0.0454300535	0.1330123133	0.1397408572	-0.2866077758	-0.0118128082	-0.1269376627	0.0350428114	0.1205247148	-0.2447400384177598	-0.0100876910202175	0.0001017615101193	0.0598976864047265	0.2079737938811803	0.0232830878397579	0.0432530989413316	0.0005421021793538	0.2329018660426385	0.0624720725790197	0.0542432792061431	0.0039027598523183	0.0024463109845401	-2.539139195989991e-05	5.984437433081554e-06	6.447227856612696e-10	0.0021141442866647	0.0009540599402763	4.4696060648369926e-06	9.102303696402077e-07	-0.0002930857037602	4.7850484626199953e-05	8.589922974861173e-08	2.289668878962198e-09	0.0	0.0	0.0	0.0	0.0	0.0	0.0	0.0	0.0	0.0	0.0	0.0	0.0	0.0	0.0	0.0	0.0	0.0
888.6394806227904	-2.496775999892293	789680.1265215427	6.233890393638159	969.8014166226952	-9.703331649944175	94.15464510880835	940514.7876833864	807.1986715252715	-1.1856916190990887	1.4058646156018184	651569.6953121631	808.6862314174446	701.8355525086508	1.443306	34.76178	0.4750356079954138	0.2381937968603615	-0.0131800879	0.1363547558	0.1394541336	0.1241456611	0.0290467037	0.0929287893	-0.0009250236	0.1222797426	0.0802150885	0.0120155698	-0.1261502987	-0.1397604202	-0.0752522243	0.0689776861	0.0974660408	-0.0626026081	-0.0646736665	-0.0158291918	-0.2351724636	0.0700142456	0.058247839	-0.2354333158	0.1267938304	-0.0756937515	-0.0002108697	0.3297971217	-0.0935019959	0.0016124995	-0.047206548	-0.1258996572	0.0723355713	-0.2399016737	0.0532818878	-0.0034062908	0.099966728	0.094313887	-0.0703708548	0.1448371989	0.0069721289	0.04500173	-0.1162167593	0.0368522114	0.0040445916	0.0784479946	0.1244458697	0.1351647691	0.0938849192	-0.0599185835	-0.1038923227	-0.081830502	0.0617823747	0.1138059344	-0.0087446788	-0.2259300211	0.0400147076	-0.186352445	0.0581815777	0.0999231895	-0.0679096068	-0.292549569	-0.2967844415	0.0786238358	0.0666154481	-0.0690741838	0.2055507704	-0.2120204418	0.0328040942	-0.0542690886	0.0331107828	0.0289031237	0.1120314521	0.0556392572	-0.0176574098	-0.0020681466	0.040703948	-0.0191101024	0.0481960278	-0.0796778544	0.1003558106	-0.103896414	-0.0803993968	-0.2404882494	0.0246783538	0.0773607624	0.1065721971	0.0117962946	-0.1616900024	-0.0766227928	-0.0566675395	0.0714336974	-0.1249999755	0.0289759536	-0.0860705647	0.0395651181	-0.0270396291	-0.2755057764	-0.2574699465	0.1755659938	-0.0886981793	-0.1165112724	-0.25703747	-0.2648954611	-0.0151740128	-0.1255324169	0.0446835199	0.1150284477	-0.3433089749786404	-0.0985689365608805	0.0097158352547429	0.1178610523008847	0.1444019161129688	-0.0635718777682115	0.0208519133770968	0.0040413836429764	0.0583188973535868	-0.1745829686890516	0.0034010937885381	0.0304792129562824	0.0042598506129993	0.0018135396284591	1.8146327245070508e-05	3.288925983991932e-06	0.0021528356343432	3.8691347678500125e-05	4.634701268497888e-06	1.497020385178577e-09	0.0006209198196475	0.0009140055234077	3.855414224310839e-07	8.354060968197838e-07	0.0	0.0	0.0	0.0	0.0	0.0	0.0	0.0	0.0	0.0	0.0	0.0	0.0	0.0	0.0	0.0	0.0	0.0
884.8974481845045	-3.742032438285946	783043.4938034478	14.002806769184264	968.367554449266	-1.4338621734292474	2.055960732391245	937735.7205100522	808.9966836449543	1.7980121196827668	3.232847582526116	654475.6341485342	811.0140221462007	683.9794554444494	1.521878	36.654171	0.4833802531081004	0.3065849288077054	-0.1312122333	0.2357098739	0.1073647635	0.0584757113	-0.0502882484	0.223507131	-0.0615904401	0.0115013127	0.0539255496	-0.0601065252	-0.1474288265	-0.2906189517	0.000193382	-0.0299762128	0.0420308529	-0.1032243827	0.0517923338	-0.0284516249	-0.0146184443	-0.0767146429	0.1257539684	-0.1348991212	0.0710457076	-0.0333033095	-0.0739925868	-0.2084503332	0.1843756546	-0.0212776282	-0.1172842047	-0.1833490959	0.0283940611	0.1706563448	0.0561105232	-0.1394632392	-0.1293019841	-0.0069287621	0.0985109478	0.0482595433	-0.0234061758	-0.0033525964	-0.0756908923	-0.0089707269	-0.0437597949	-0.1764113927	-0.1582629558	0.2881483773	0.0154524947	0.0652933052	-0.0454817527	-0.0635623505	-0.1495993897	0.0065430708	-0.0576599819	-0.0147313476	-0.0909405236	-0.0417326706	0.2209692021	0.129427318	0.0021626505	0.0427864237	0.2326930112	0.0045972859	-0.1234437106	0.2376057047	-0.0984712584	-0.1122535691	-0.1051917352	-0.0883357435	-0.0219199352	0.0661003344	-0.067912229	-0.1447826796	-0.0289289908	0.0124757071	0.0262468113	0.0049733241	-0.0491274756	-0.0457632378	0.2493748064	-0.0985853625	0.0458290155	-0.1728669854	0.0830424483	-0.0093244459	0.1174768707	0.1206325035	-0.3053347424	-0.0692800306	0.1116025589	-0.0884511369	-0.3159378604	-0.1440197969	-0.1376513217	-0.0762026875	-0.0547392442	-0.0545000374	-0.0807573923	-0.1116106106	-0.0396385642	-0.1247010236	-0.1047996514	0.1959481945	-0.0185248178	-0.1237830955	0.0540487397	0.1082719048	-0.3533490893329656	-0.0100401143543252	0.0001008038962479	0.1248555789324361	0.0358220917294147	-0.1085798243835541	0.0012832222558706	0.0117895782631634	-0.2045882819619393	-0.2629071793155261	0.0418563651161379	0.0691201849356461	0.0060100894495139	0.0017502388365146	3.612117519115829e-05	3.063335984843981e-06	0.0021876448290523	3.48091947091002e-05	4.7857898980792674e-06	1.211680036296049e-09	0.0008729344895177	0.0002520146698702	7.620146229895276e-07	6.351139382978593e-08	0.0	0.0	0.0	0.0	0.0	0.0	1.0	0.0	0.0	0.0	0.0	0.0	0.0	0.0	0.0	0.0	0.0	0.0
883.3453639706555	-1.552084213848957	780299.0320484499	2.408965406879135	966.3985818842406	-1.9689725650254104	3.876852961822744	933926.2190678712	807.5818713621541	-1.4148122828001988	2.0016937955623098	652188.4789527988	809.1448393950842	673.897300308965	1.432603	34.503994	0.6771930614090755	0.3734245458126727	-0.119918803	0.0650513678	-0.0470906136	0.049913004	-0.0497668776	0.1483495392	-0.0560459448	-0.1553675216	-0.0980757185	-0.0877496297	0.0307718965	-0.1436768422	0.0300240584	-0.1102357191	-0.1299393414	-0.1221456036	0.0046709195	-0.1784551621	0.0186596268	-0.1503408395	0.0108096111	-0.0861922978	0.0325732997	-0.0264984043	-0.0074689799	-0.0554853738	0.1192057965	-0.1423681407	-0.0344404799	-0.0140812512	-0.1203830748	-0.0770666244	-0.1363206562	-0.0960719572	0.0064883738	0.0764918029	0.0740692571	-0.109651799	0.0217006227	0.0018031241	0.1398138391	-0.0216579166	0.0381649158	-0.1945486119	-0.0743312772	0.149718984	-0.0248175208	0.0987553047	0.1421198824	-0.0619697363	-0.1119674967	0.0546087324	0.0906826196	-0.037117482	-0.1100403911	-0.0508290098	0.1334040267	-0.005213805	0.0507454615	-0.0309929715	0.0566995655	-0.0923503111	0.12696225	0.131705888	-0.1247830848	0.0546424192	-0.0408842473	0.0088216978	0.1414614991	-0.1299565487	0.0909305362	-0.007501411	-0.0109991307	0.0948477598	-0.0001838995	0.2235040471	-0.0986112753	-0.0138098169	0.1274310061	0.0533984958	-0.0253795751	0.0168205569	0.123050154	-0.0289421649	0.0336343061	-0.0378890071	-0.1613451456	-0.0644126498	0.1520978656	0.0998315494	-0.0440459206	-0.1163710771	0.1410361436	0.1370467271	-0.0844244742	-0.0379447088	-0.0874911953	-0.0087686388	-0.1006198314	-0.1229302481	0.2177843394	0.0427294556	-0.0218629269	-0.1216944932	0.063080731	0.1003291122	-0.3838439195678802	-0.0304948302349146	0.0009299346710562	0.1473361545892333	0.2314686594198036	0.1956465676903889	0.053577740293601	0.0382775794490299	0.0688219711190427	0.273410253080982	0.0047364637087103	0.0747531664898066	0.0033508262249675	-0.0026592632245464	1.1228036389929944e-05	7.071680897424917e-06	0.001975825834882	-0.0002118189941703	3.903887729787152e-06	4.486728629131769e-08	0.0001911885001786	-0.0006817459893391	3.655304260054253e-08	4.647775939799484e-07	0.0	0.0	0.0	0.0	0.0	0.0	0.0	1.0	0.0	0.0	0.0	0.0	0.0	0.0	0.0	0.0	0.0	0.0
880.0337811042209	-3.3115828664346054	774459.4558845918	10.966581081263238	964.5474643502184	-1.851117534022137	3.426636124764198	930351.810984436	805.3518930269154	-2.229978335238684	4.972803375633892	648591.6716020361	806.6817240758454	654.1115120062893	1.189579	28.650797	0.3539622887672876	0.1811722120241371	-0.1563417504	0.0155315666	0.0878432576	0.046206807	-0.107234487	0.1493590311	-0.007999635	-0.145483061	0.0547814263	0.0597198437	-0.0340891289	-0.1149010981	0.1052639081	0.0629531103	-0.1410461361	-0.0568261758	0.0980646062	-0.2323850103	-0.0044422067	-0.0590968833	-0.1008992501	0.0214092531	0.0470529746	-0.0066089789	-0.0452318086	0.0196235712	-0.1295610355	0.0322682249	0.0711963837	-0.0399008927	-0.1736119065	-0.0045878332	0.0179431005	0.0160315903	0.0777433537	-0.1879541395	0.0098143609	0.1778931832	-0.1586770251	0.1954211265	0.1752705873	-0.0540146495	-0.1498410654	0.0007456743	-0.1535803575	0.1246793838	-0.1071719672	-0.0623102613	0.1303885902	0.0358357722	-0.1746970202	-0.0273352994	0.1139693566	-0.0797293213	-0.1341698871	0.0192425048	0.0172070857	0.0109078496	0.0105906388	0.0191474417	-0.1360626727	0.0818065177	0.0830457338	-0.0052006056	-0.0828735143	0.0429820662	0.1008699356	-0.0341427837	0.0723738088	0.0538924848	-0.2065896857	0.075508817	0.046083801	-0.045736922	-0.0318872722	-0.1199610797	-0.283108868	-0.0202872932	0.1389907597	-0.0055978039	0.0849651052	-0.1199216957	0.2398265572	-0.0262668649	-0.1249790772	0.018192298	-0.000922755	-0.0433312546	0.1155506549	0.1227048663	0.1116783377	-0.0647412302	0.206488227	0.0601346042	-0.0453725465	0.0311009485	0.0200481428	0.0222242926	0.0922031796	0.0178174838	0.0294697505	-0.0354570255	-0.0251860523	-0.1192723348	0.0717238087	0.0912870929	-0.4824984432242303	-0.09865452365635	0.0097327150378613	0.2328047477138058	0.0946270952296686	-0.136841564190135	0.0089542871516047	0.0187256136900028	0.0709045609771052	0.0020825898580624	0.005027456767356	4.33718051690475e-06	0.0045928692023382	0.0012420429773707	2.1094447509786736e-05	1.5426707576358744e-06	0.0010037049553806	-0.0009721208795014	1.0074236374555722e-06	9.450190043625756e-07	0.0003046968645613	0.0001135083643827	9.284017927348721e-08	1.2884148784835805e-08	0.0	0.0	0.0	0.0	0.0	0.0	0.0	0.0	0.0	0.0	0.0	0.0	0.0	0.0	0.0	0.0	0.0	0.0
879.0138531001306	-1.019928004090275	772665.353941938	1.040253133527572	952.4870186262232	-12.060445723995258	145.45435106143552	907231.5206514712	804.2202543764591	-1.1316386504562388	1.2806060352064177	646770.2175493366	804.5756420327739	631.8463513765489	1.251233	30.135717	0.4455414012568084	0.2364374094267823	-0.1604313178	-0.1003973585	-0.0181074735	-0.1459309087	-0.1207189636	-0.0385426219	0.0992032001	-0.1305237093	-0.1422478848	-0.0508475729	-0.0380735094	0.0069249149	0.0348742325	0.0924447967	-0.1590474588	-0.0552324837	0.0283498687	-0.1050742359	0.0531268809	0.0621009987	-0.0064264809	-0.0873460601	-0.2107265178	-0.1090910918	0.1394619907	0.0268051844	0.0527009049	-0.0427597981	0.0653482299	0.0008182369	-0.1133604026	0.0129484938	-0.13172101	-0.1081894726	-0.0842754433	-0.1064176861	0.081102813	-0.1108295349	0.0338010195	0.0106058786	-0.0907968923	0.2196968804	0.0036512926	-0.0460949384	-0.0610641787	0.0081809636	-0.0571807446	-0.1271513512	0.1659898487	-0.0568740808	-0.0708629603	-0.0085581685	0.0658527418	0.0320262729	0.0779404114	-0.2549780238	-0.0755088114	-0.1401067746	0.0564869305	-0.0128581973	0.0106123662	-0.0387945843	0.1015134904	-0.0081884654	-0.1867268971	0.0323526777	0.0140232918	0.0572243365	0.117989869	-0.0270217896	-0.1194835119	-0.0454017313	0.0826200499	0.1034916002	0.0286534189	0.0155654368	0.1602869259	0.1205235531	0.0736440659	0.1222280337	0.0943466835	0.0128399971	0.1681593911	-0.1162735993	-0.0548179087	-0.0402862906	-0.0612226837	-0.0377333752	0.1165987863	0.1196318734	0.086949825	0.0143894589	0.0333144472	0.1388944455	0.0560349022	0.0345797105	0.1632536176	0.0399251172	-0.0602921378	0.1193217804	-0.0550554751	-0.1199004986	-0.0284919163	-0.1165232592	0.0799246852	0.0812449131	-0.493701532705785	-0.0112030894815546	0.0001255092139317	0.2437412033960412	0.1499580252030057	0.055330929973337	0.0224874093227852	0.0030615118117143	0.2240201051206369	0.1531155441435316	0.0501850074982612	0.0234443698583698	0.0018489759347484	-0.0027438932675898	3.41871200727872e-06	7.528950263924629e-06	-0.0002107357328109	-0.0012144406881914	4.440954908334703e-08	1.4748661851350438e-06	-0.0002548059328251	-0.0005595027973864	6.492606340286938e-08	3.130433802832071e-07	0.0	0.0	0.0	0.0	0.0	0.0	0.0	0.0	0.0	0.0	0.0	0.0	0.0	0.0	0.0	0.0	0.0	0.0
887.6104536985697	8.596600598439068	787852.3175149808	73.90154184908293	964.5421949817288	12.055176355505637	145.32727696234218	930341.6459001714	808.1116909892531	3.891436612793996	15.143278911393606	653044.5051135102	808.7785435614618	666.7292796723461	1.824453	43.941639	0.836398114497579	0.4861127748256523	-0.1673993285	0.2350370694	0.1519591261	-0.0473677387	-0.0305539231	0.288293824	0.1527763459	-0.0450777287	0.1335245619	0.2174877594	-0.0893855068	-0.2967908649	0.0005327237	0.0945641213	0.177926616	0.1509508958	0.1836971784	-0.0818505714	0.0695780544	-0.1208363729	-0.0400485018	-0.1148774852	-0.0318572137	0.1464862294	0.0047429786	0.004265085	-0.0536856252	0.1979257974	-0.0128522547	-0.0099686445	0.0435893602	0.0339341137	0.0507983241	0.0385207358	0.0180037169	-0.0771417295	0.0872380034	-0.0032530675	-0.1079155379	0.1072817889	0.0123268513	0.0337054856	0.0115733885	0.0640968129	0.1341583259	0.2914254862	0.0372563441	-0.0930627378	-0.1748116279	0.2084590697	-0.128009296	-0.1404547254	-0.0206672514	0.062060242	-0.054435385	-0.0767631076	0.0280325726	-0.0801350884	-0.1800100802	0.0324895403	-0.0140782855	0.1658355315	-3.1725e-05	-0.0409318259	-0.0786036792	-0.0276380511	-0.1356616787	0.0358461638	-0.1170677359	0.0082281961	-0.0285399616	0.0605831635	0.0178604182	0.143261924	-0.047955355	-0.1066615279	-0.0316842222	0.0370094251	0.2735765681	-0.0559808539	0.1824710736	-0.1891416579	0.1374125551	0.0515944942	-0.0432219668	0.1072246137	0.0800229964	-0.1540287953	0.1005090876	-0.0708190961	-0.034167614	0.0179889375	0.1520311735	-0.1767026442	0.1763791463	0.181603001	0.2801745789	0.1176558403	-0.1476797585	0.109953331	0.0137841714	0.0481292079	-0.0317782535	-0.1134548014	0.0876327994	0.0703125971	-0.4375127235745566	0.0561888091312283	0.0031571822715856	0.1914173832896264	-0.0798812297075386	-0.2298392549105443	0.0063810108595885	0.0528260830978341	-0.1604422192861676	-0.3844623244068045	0.0257417057294706	0.147811278888283	0.0047770072580335	0.002928031323285	2.2819798343304736e-05	8.57336743013869e-06	-0.0003931142302473	-0.0001823784974363	1.5453879802292718e-07	3.3261916327158955e-08	-4.706123256656468e-05	0.0002077447002585	2.214759610684288e-09	4.315786048550869e-08	0.0	0.0	0.0	0.0	0.0	0.0	0.0	0.0	1.0	0.0	0.0	0.0	0.0	0.0	0.0	0.0	0.0	0.0
881.4483494896941	-6.162104208875576	776951.1928181059	37.97152828104208	962.8826357113418	-1.6595592703870352	2.7541369719275486	927142.9701544204	805.3125117133953	-2.799179275857796	7.835404618391774	648528.2415221375	806.7285275763284	690.625421805305	1.658699	39.949463	0.4710683435371202	0.304559898833973	-0.0739901282	0.0861364268	-0.0530301588	0.0430285036	-0.0853579902	0.1287220528	-0.0420133169	-0.0959276156	0.0922525049	-0.2117469261	0.0468571938	-0.0776992957	0.0380446971	-0.0741584664	-0.0418682042	-0.11117313	0.1306194631	-0.0357313446	-0.1066363366	-0.1206037222	0.0396163755	0.0042199338	0.1033759059	-0.0668550827	-0.1349553548	-0.0216576379	-0.0095065329	-0.0076592777	0.1236252078	-0.0302282881	-0.0975060401	-0.0037421026	0.1681151436	0.2402433236	-0.1664354834	0.071051485	0.0722070499	-0.0189813863	0.0193663832	0.1430498925	0.0691888885	0.0448182628	-0.1350916051	0.0196849961	0.1087711927	0.0893989945	-0.0325116326	0.0731427039	0.0593697689	-0.0188044286	-0.1711319044	-0.0144569056	-0.1244567075	-0.1349670345	-0.0353829155	0.0939125789	0.0540875685	0.0973733787	0.1083287484	-0.0367521372	-0.0269522591	0.0571281926	0.2134580578	-0.0981219568	-0.1422108761	-0.0015940534	0.0878900991	-0.0834035598	-0.2464647255	-0.0736101091	0.0747554027	-0.1173303171	0.0484767186	0.034485114	-0.005877042	0.0480703304	-0.1107220094	0.1223155338	0.1292056194	0.0128994193	0.0560785809	0.0430074401	0.0665387823	0.0272733751	-0.2642728814	-0.0382410402	-0.0586873358	-0.2423356025	0.1231702008	0.0056976711	-0.0370971735	0.1510859293	0.0869375188	-0.0513409958	-0.0428532993	0.0375394051	-0.1893095773	-0.1731328883	0.0095170767	0.0548929844	0.0763951636	0.0096076891	-0.0350428114	-0.1100753719	0.0948006283	0.0586099215	-0.4297507816008163	0.0077619419737403	6.024774320371154e-05	0.1846857342865125	0.1621933621224087	0.2420745918299472	0.0263066867165708	0.0586001080096355	0.0238284266655455	0.184270645951713	0.0005677939173552	0.0339556709594615	0.0051790193175025	0.000402012059469	2.682224109106406e-05	1.61613695958507e-07	-7.066007576073119e-05	0.0003224541544865	4.9928463065122724e-09	1.0397668174564797e-07	-6.181829424538668e-05	-1.4757061678821995e-05	3.821501503409208e-09	2.1777086939255667e-10	0.0	0.0	0.0	0.0	0.0	0.0	0.0	0.0	0.0	1.0	0.0	0.0	0.0	0.0	0.0	0.0	0.0	0.0
885.8563189857352	4.407969496041119	784741.4178869567	19.430195078028994	949.5527427017048	-13.329893009636976	177.6860476483687	901650.41117233	806.5933225447385	1.2808108313431603	1.6404763856859574	650592.7879737605	807.8691237634359	686.0288697040952	2.073637	49.943172	1.308322655378206	0.8007432921024835	0.1138572915	-0.1727474261	0.1788331263	0.0094184236	0.0215653626	-0.2892292356	0.1706369385	0.1208063566	-0.2044004412	-0.1047134254	0.1936611075	0.1470294422	-0.2263097293	-0.0087270774	-0.0418522838	-0.2863136949	0.0060470832	0.1178912776	-0.0960693199	0.071925899	-0.0676909986	-0.0285049593	0.0390750816	0.0468604345	0.0276824912	-0.1951671803	0.0817037475	-0.1004925881	0.1883223171	-0.021704298	-0.1037643017	-0.1336056149	0.2100035996	0.0813130865	0.1832348955	0.0726476689	0.0714655597	-0.0628566631	0.0035729736	-0.1089292065	-0.1023348192	-0.0076020345	0.079876183	-0.0281964121	0.080668396	-0.1724804515	0.2071076589	-0.005890941	0.0358780809	-0.3605464933	0.017673244	-0.0560660903	-0.0390221045	-0.0497641587	-0.0745065642	0.0832394029	-0.0792157017	0.0956502727	-0.0083031244	0.1088974342	0.149897355	-0.0786635102	0.2296633905	-0.0581087738	-0.0816082201	-0.0902461959	0.1667489411	-0.0517700622	-0.0145525193	0.195919892	0.1298415949	0.0649009618	-0.2034528695	0.1000018939	0.0850538054	-0.030198881	0.0779872197	-0.0117127225	-0.1799911496	-0.2751998364	-0.1133844958	0.3092318162	-0.0487441388	-0.1061514648	0.1961425572	0.1327367261	-0.0740474689	-0.3530038365	0.194966229	-0.0366192592	0.1320265057	0.1745640916	0.0090105962	0.0080808592	0.0269945495	0.1742105828	-0.1047857739	0.0119903021	0.1386143498	-0.1626274357	0.2179406877	-0.0053027098	-0.0382833527	-0.1063942335	0.1013839798	0.0462651033	-0.3720853851661445	0.0576653964346718	0.0033252979459678	0.138447533854238	0.5988326453467749	0.4366392832243662	0.3586005371330163	0.1906538636546883	0.6917544990258264	0.6679260723602809	0.478524286922472	0.4461252381386312	0.0055411693873917	0.0003621500698891	3.07045581797669e-05	1.311526731207523e-07	0.0018761433564247	0.0019468034321854	3.519913893856538e-06	3.7900436035689753e-06	-0.0006747028593485	-0.0006128845651031	4.552239484130418e-07	3.756274901416324e-07	0.0	0.0	0.0	0.0	0.0	0.0	0.0	0.0	0.0	0.0	1.0	0.0	0.0	0.0	0.0	0.0	0.0	0.0
890.1634626958877	4.307143710152445	792390.990318733	18.55148693990577	960.931663923366	11.378921221661244	129.47984816877263	923389.6627305289	805.4870928423792	-1.1062297023593146	1.2237441543819778	648809.4567356675	806.830131878184	709.2276778026142	1.529606	36.840279	0.808277082041389	0.5081239000337094	0.1259921642	-0.017243868	0.0551606656	0.0625135008	0.0994871181	-0.0700234703	-0.0162717582	0.2553451146	0.05823192	0.1507926922	0.0162167281	0.0514052059	-0.1600635746	0.1153795489	0.1515863111	0.1049038619	-0.0794001011	0.137662197	0.0285647102	0.0010070571	-0.2093911013	-0.0024304091	0.0810987774	0.0641857532	0.0468961269	-0.0976628882	-0.0388051907	0.0176809559	0.0100102391	0.0887338875	-0.0128440651	-0.1572259612	-0.0113931498	0.0193602486	0.0098016468	0.0143138793	-0.0335336652	0.0073486787	-0.0211992902	0.0218972974	0.1209864055	0.043067066	-0.0668567403	-0.0959593387	-0.093396237	-0.0646822568	0.1509620717	-0.0910905491	-0.1945638271	0.002796486	0.204130755	-0.0343967966	0.0161250549	0.1460387588	-0.1921858897	0.0985365257	-0.0253461665	-0.025839507	-0.0606522144	0.1158913703	-0.0480683451	-0.0461351604	0.1117321968	-0.0309245395	0.084639989	0.0009098194	-0.0138074348	-0.0145339043	-0.0107911457	-0.0369621076	0.0332122075	0.0358915789	-0.0449299834	-0.0536388698	0.0458280766	0.0600023202	-0.0568832915	-0.0012506156	-0.0843113875	-0.0765874052	-0.0600294546	0.0364921291	-0.0020172233	0.0826622533	0.0416043381	0.1759559851	0.2439843903	0.0220546877	0.0746777537	-0.2299416352	-0.16054523	0.1003535603	0.0181983741	0.2017407726	-0.0197158117	0.1996269334	0.1365154023	0.127435335	-0.2741867627	0.1501663651	-0.0803007688	0.0161192162	-0.0414976565	-0.1024214758	0.1073422654	0.033413395	-0.3877388923728091	-0.0156535072066646	0.0002450322878691	0.1503414486584928	0.1206628406136189	-0.478169804733156	0.0145595211049475	0.2286463621585446	0.5605678102110403	-0.1311866888147861	0.3142362698448009	0.0172099473221875	0.003965993783646	-0.0015751756037457	1.5729106691918712e-05	2.4811781826356304e-06	0.0005276345635691	-0.0013485087928555	2.783982326727547e-07	1.818475964408867e-06	6.695436978584272e-05	0.0007416572291343	4.482887633419368e-09	5.50055445527231e-07	0.0	0.0	0.0	0.0	0.0	0.0	0.0	0.0	0.0	0.0	0.0	1.0	0.0	0.0	0.0	0.0	0.0	0.0
883.4888766267243	-6.674586069163411	780552.5951231512	44.55009919467027	956.2913824922296	-4.640281431136486	21.53221176015008	914493.2082288996	802.0681618369549	-3.4189310054242696	11.689089219851407	643313.3362325117	803.307548814784	720.4590773015217	1.268468	30.550835	0.3957949344412664	0.1969578421195754	0.1027256948	-0.034008473	-0.1414851991	0.2418822409	0.0212468789	-0.0777603083	-0.197241929	0.1777458426	-0.0104073933	-0.0375658416	0.0202727081	0.1130880639	0.1099317749	-0.014494696	0.0714862986	-0.0043502118	0.0056289677	0.1713292235	0.0216837424	0.0557416497	-0.0048327994	0.0079900183	0.0701263359	-0.0531453685	-0.021445674	-0.0042739442	-0.0229437817	0.1191904303	-0.1690472458	-0.1629218681	-0.1176910903	-0.110525849	-0.1124848767	-0.0157796014	-0.0790529912	-0.1049537356	0.0320544888	-0.0991865942	-0.1854960396	-0.1314725549	0.0764047336	0.0506370798	0.0737573116	-0.0512945255	-0.0021550234	-0.1021069653	-0.103951207	0.0321965898	-0.0905566319	-0.0208208646	0.129661947	-0.0403501844	-0.082050415	0.0816136881	0.0111346503	0.0530140122	0.0114086522	0.0470258989	0.0591666449	-0.0144306516	-0.0742678926	0.1650764238	0.0151775257	0.1933496218	-0.0531785238	-0.1641491531	-0.0589006191	0.0332371511	0.1198504648	-0.2015629597	-0.0469122337	0.1040251887	-0.1672540786	0.1006263046	-0.1056115419	-0.0381680353	0.0423144506	-0.0060229464	-0.1049402237	0.0167093128	-0.0398813867	0.1172019355	0.002560278	-0.0050099501	-0.1042401211	0.0783929191	0.0322942859	0.0965313701	0.1111598885	-0.1233801366	-0.1180372635	0.14909153	-0.139383524	-0.0153856453	0.0300455182	0.0902715584	-0.1676057946	-0.1278102792	0.0061009806	0.0192040447	-0.0949771607	-0.0813993371	-0.0446835199	-0.098167988	0.1126387502	0.0201956026	-0.4069860074124136	-0.0192471150396044	0.0003704514373477	0.1656376102294971	0.2891849596638423	0.1685221190502233	0.083627940895778	0.0283997046091776	0.5142407139850889	-0.0463270962259514	0.2644435119198939	0.0021461998447285	0.0022274039675568	-0.0017385898160891	4.961328434687775e-06	3.0226945486090773e-06	-0.0005438980161835	-0.0010715325797526	2.958250520083468e-07	1.1481820694712624e-06	-0.0003568953168821	-0.0004238496866679	1.273742672123746e-07	1.7964855688851326e-07	0.0	0.0	0.0	0.0	0.0	0.0	0.0	0.0	0.0	0.0	0.0	0.0	0.0	0.0	0.0	0.0	0.0	0.0
872.4738253907391	-11.015051235985196	761210.5759919499	121.33135373137902	934.8423320811282	-21.449050411101325	460.06176353796593	873930.1858508824	800.5483167934614	-1.5198450434935469	2.3099289562319005	640877.6075208442	801.3034463313832	666.3967477890491	1.397223	33.651859	0.101478560046112	0.0569086236619491	-0.0516355895	-0.1137238488	-0.1015923589	0.1835550227	-0.2428292114	-0.1107926032	-0.1598063366	0.1102346225	0.1221512098	0.0406480322	-0.0125776871	0.0687510993	0.2679350384	-0.0586773625	0.2125028141	-0.005045523	-0.1440920617	-0.0421970239	-0.0455968601	0.0706866777	0.0168070944	0.0243083398	-0.0042286154	-0.0840545563	0.0018029646	0.0219153988	-0.0066226232	0.0745592078	-0.0193468208	-0.0413577868	0.0163786745	0.0064636552	0.070929703	0.0826625423	-0.0761956011	0.0599051878	0.0476389593	-0.0777016467	-0.2091774494	-0.0388585488	0.0276010535	-0.0070480668	0.1404517007	-0.024720643	-0.0092744772	-0.0555780368	-0.2536870826	0.0802587902	-0.2201307874	0.0066516091	0.0385082175	0.0869282127	0.1082436125	-0.0380132288	0.0626452655	0.0270297393	-0.051965807	-0.0026626346	0.0805050484	-0.0186977947	0.0390135824	0.1062930794	-0.0306458206	-0.0171438727	-0.0226399747	-0.0581342052	-0.0027819212	0.0465754414	-0.1285337818	-0.0721212162	0.0724990117	-0.0002192142	-0.0962436492	0.1365514257	-0.0938312351	-0.1356057399	-0.0639638892	-0.0140767837	-0.0441623025	0.071307423	-0.060620328	0.0025010637	0.0746322643	-0.080716689	-0.0304782857	0.1159419471	0.1881946254	0.1284438353	0.1037119075	-0.0381595995	-0.0298367915	0.139713948	-0.035617008	0.0134617531	0.1287264398	-0.0041680886	-0.150378608	-0.0192794468	-0.0833175533	-0.0586534331	0.1336883311	0.0455171511	-0.0478387595	-0.0936454286	0.1172407796	0.0067565429	-0.4407554252612442	-0.0337694178488306	0.0011403735818489	0.1942653448972202	0.2661649223558413	-0.0230200373080009	0.070843765892691	0.0005299221176617	0.4756497685664484	-0.0385909454186404	0.2262427023373159	0.0014892610683044	0.0022273890659266	-1.4901630200191834e-08	4.961262051009372e-06	2.220585826232693e-16	-0.0005059914976301	3.790651855339997e-05	2.560273956739516e-07	1.4369041488392559e-09	-0.0004409370861113	-8.404176922920001e-05	1.9442551390832402e-07	7.063018975174109e-09	0.0	0.0	0.0	0.0	0.0	0.0	0.0	0.0	0.0	0.0	0.0	0.0	0.0	0.0	0.0	0.0	0.0	0.0
872.4865870933244	0.0127617025852941	761232.8446577571	0.0001628610528755	934.7910345754316	-0.0512975056966524	0.002631434090698	873834.2783226058	802.9280375636874	2.379720770226072	5.66307094424537	644693.4335058742	803.6834785354883	623.4896940375497	1.269263	30.569973	0.0723947953900269	0.0412682499244105	-0.1388815241	-0.25937864	-0.0050855964	-0.0642631245	-0.2956268885	-0.1470926627	0.0386995854	0.0128646685	0.0233898307	-0.0485783171	0.0791544139	0.0624632826	0.1447644552	-0.0524454254	-0.1483697214	-0.0561585483	0.0632095861	-0.0922432224	0.0133463689	0.1292884171	0.1196055062	-0.0134085042	-0.014318929	0.0255313291	-0.060715738	-0.1292398619	-0.1078813235	0.0587303448	0.0448426721	0.0785926902	-0.0085257446	-0.1022730042	0.0707709639	-0.0748583282	0.1215154832	0.0282416446	0.0307170989	-0.1853593274	0.0899255186	0.0554567216	-0.0340417653	0.1048781512	0.0839825179	0.2296000468	0.0389921471	-0.0604727301	-0.165662334	0.0361888047	0.144143464	-0.0820793799	-0.0663487504	-0.0795578949	0.075151883	-0.0626258082	0.1293944861	-0.0064553556	0.0633012148	-0.0222542567	-0.0332117892	0.2431511217	-0.0083767721	0.0181590201	0.027000669	-0.0513784176	-0.0895268802	0.0588837558	-0.0723938428	-0.0271176751	-0.0296423202	0.1461426284	0.1917841785	0.1471205568	0.1078693381	-0.0201206112	0.0605103374	-0.105956589	0.2107095136	-0.0290145685	-0.0336840248	0.0669231593	-0.0366986478	0.0467712946	0.1249448759	-0.1713482523	-0.0917537948	-0.0750151423	0.0853477578	0.03906226	0.0163348713	0.0320279776	0.1118162868	0.1610823634	-0.0457304813	0.055674382	-0.0404315918	0.1293171534	-0.0478513738	-0.2282911837	-0.0202372384	0.0050785436	-0.1806089631	-0.0151527448	-0.0509612127	-0.0888661936	0.1211199807	-0.0067565429	-0.4773473920941171	-0.0365919668328728	0.001338972036698	0.2278605327390547	0.2555125684047112	-0.0106523539511301	0.0652866726127722	0.0001134726447001	0.4712208625195444	-0.0044289060469039	0.2220491012736634	1.9615208772302737e-05	0.0022272783063156	-1.1075961099974926e-07	4.960768653784088e-06	1.2267691428815778e-14	-0.0007941326424016	-0.0002881411447715	6.306466537277476e-07	8.302531931023055e-08	-0.0005671165529112	-0.0001261794667998	3.216211845858819e-07	1.592125784190706e-08	0.0	0.0	0.0	0.0	0.0	0.0	0.0	0.0	0.0	0.0	0.0	0.0	0.0	0.0	0.0	0.0	0.0	0.0
882.0198909709576	9.533303877633216	777959.08806842	90.88388282329652	949.1033207062752	14.312286130843631	204.84153429113897	900797.1133756788	804.5430333410084	1.614995777320928	2.6082113607644284	647289.4924975509	805.3000030146994	658.8507823075504	1.300445	31.320978	0.4842228486460309	0.2348305423279991	-0.0239099027	-0.1773399487	-0.0770457863	-0.1373007696	-0.077222089	-0.1533050961	0.0309697639	-0.0401885469	0.0063049333	-0.0072389467	0.1246497974	0.1033500759	-0.0405587196	-0.038854414	-0.0793896391	-0.077667691	0.071267266	-0.0009798085	-0.1263569951	0.0067288578	-0.0232117081	-0.0171825844	-0.2019421887	0.0900159059	0.1185745489	-0.1049208255	0.00359793	-0.0197591421	-0.1676684285	0.1015884217	0.126144785	-0.0734322949	-0.0687481547	0.051526508	-0.0810866837	0.1013043947	0.0916195131	-0.0264430397	-0.1301711606	-0.0753701606	0.0040282289	-0.1265531448	-0.0223183114	0.1242690398	0.0993892849	-0.1092030337	0.0145290705	0.0224901336	0.084580431	-0.0873611296	-0.0584320034	-0.0235522481	-0.0255026199	-0.0736380348	-0.0501146732	-0.1121557875	-0.1273365173	-0.1625427406	-0.1146309207	0.1434163481	0.082056361	-0.0709759877	-0.0652847016	0.1084170085	0.1310059527	0.0697098184	-0.1076325909	-0.0831410423	-0.034029537	-0.1243887011	0.1647183103	-0.0244244859	-0.0734535501	0.0443626754	-0.0943973271	-0.1190032151	0.0125681759	-0.0903053416	-0.0993709785	0.0642414209	0.0676543265	-3.5913e-06	-0.0451884998	-0.2463187698	0.0449751337	-0.0317630934	0.0516382012	-0.051449575	0.0014170829	-0.060822563	-0.1092981542	-0.0596599114	-0.2281336376	0.1214426396	-0.0799185078	0.0223310083	0.1237540578	-0.0209532489	0.1028576961	0.0312250838	-0.0552768471	0.0355653154	-0.0540487397	-0.0838433825	0.1242524367	-0.0201956026	-0.5492316321153368	-0.0718842400212196	0.0051673439634283	0.3016553857160766	0.3298431213368218	0.0743305529321106	0.1087964846932173	0.0055250310991932	0.609647285700845	0.1384264231813006	0.3716698129624077	0.0191618746347685	-0.0004889519332014	-0.002716230239517	2.390739929813863e-07	7.377906714066579e-06	0.0002700868418685	0.0010642194842701	7.294690215050014e-08	1.1325631107001178e-06	-0.0003559336264703	0.0002111829264409	1.2668874645229906e-07	4.4598228420142576e-08	0.0	0.0	0.0	0.0	0.0	0.0	0.0	0.0	0.0	0.0	0.0	0.0	0.0	0.0	0.0	0.0	0.0	0.0
883.7347320255731	1.7148410546154764	780987.0765883115	2.94067984259472	962.3342141592376	13.230893452962391	175.0565415636431	926087.1397414774	803.2595516882014	-1.2834816528069268	1.6473251530920006	645225.9073783304	804.4286515143834	677.8359784193642	0.992677	23.908457	0.1557828372889805	0.0927200594036804	0.0118074752	-0.1067664372	-0.0718269932	-0.125268155	0.010208115	-0.0781821266	-0.0296225683	-0.0702550222	0.101799566	-0.0551938212	0.0319312447	0.1339800052	-0.0355047409	0.0563171687	-0.011203396	0.0108227822	-0.0048255609	0.0480302015	-0.1300768076	-0.0667966709	-0.0446621701	-0.0045176341	-0.1140673633	-0.1203338667	0.0029870039	0.0126610131	0.0778461417	-0.006621506	-0.0246337237	-0.0058638738	0.0518312983	-0.0702788441	-0.1534339089	-0.020276981	-0.0750699482	0.0614430644	-0.0735686921	0.1257028087	-0.0562224112	-0.0126529829	-0.0676881516	-0.1266853361	-0.1015018855	-0.0276521379	0.1470660743	-0.1285115156	0.0145743678	-0.0484543673	0.001472939	-0.0137758522	0.0324435375	0.0831417734	-0.0983628822	-0.0879629873	-0.0865893928	-0.0862287091	-0.0612810641	-0.0585808292	0.1266969248	0.006337391	0.0078371588	-0.0084464401	-0.0195993527	0.0115735434	0.0776954124	-0.0187727763	-0.0686052099	-0.0524953947	0.0780925792	-0.1193649841	-0.0489332784	-0.0816349043	-0.0451644537	-0.0453924283	-0.0276574126	0.050206714	-0.0879253058	-0.0155490165	-0.1040864892	0.0715351965	0.1136039075	-0.0471091895	-0.1467073849	-0.2599562775	0.0252690835	-0.0279849203	0.0306672841	-0.0759701877	0.022296084	-0.1176598284	-0.1363522264	-0.0856275957	-0.1926448462	0.1088571281	-0.118618777	-0.0799433328	0.1214021339	0.0835003417	0.2149496911	0.0313966555	-0.1268904345	0.078732367	-0.0570992244	-0.0785907625	0.1266188352	-0.033413395	-0.5623963632364877	-0.0131647311211509	0.0001733101454921	0.3162896693816274	0.302404086473004	-0.0274390348638178	0.091448231515572	0.0007529006342578	0.6110202499006618	0.0013729641998168	0.3733457457886672	1.8850306939786032e-06	-0.0019573224189621	-0.0014683704857607	3.831111051771646e-06	2.156111883453114e-06	0.0003230873382265	5.300049635799999e-05	1.043854281222848e-07	2.80905261419437e-09	-0.0011106847864355	-0.0007547511599652	1.2336206948192723e-06	5.69649313468815e-07	0.0	0.0	0.0	0.0	0.0	0.0	0.0	0.0	0.0	0.0	0.0	0.0	0.0	0.0	0.0	0.0	0.0	0.0
885.0833515988487	1.3486195732756414	783372.5392774512	1.8187747534221728	965.1449258455666	2.8107116863290003	7.900100183666412	931504.7278854444	804.3382452480429	1.0786935598414402	1.163579796043399	646960.0127687007	805.4727649144426	678.5935901218778	1.07324	25.848803	0.4323160597595988	0.2537478794671027	0.0235302227	-0.0803068858	-0.0125263874	-0.0863140438	0.041137496	-0.0436590853	-0.0048082306	-0.124912301	0.0632693448	0.0417555179	0.0039156406	0.0842699364	-0.0406025243	0.067286173	-0.0412296821	0.0311596538	-0.079403633	-0.0542407098	-0.0039224909	-0.1286759942	0.0469450473	0.0134156944	-0.0540208887	0.0426064832	0.0375729971	0.084034076	0.0624023219	-0.0236868049	-0.0765165006	0.0964290054	-0.047598235	0.1799929082	0.0644072679	0.0628556703	-0.0073631734	0.0354608798	0.0445394392	-0.1071521212	0.0468261513	-0.0424575234	-0.098552766	-0.1207385884	-0.0399403121	-0.0625570206	-0.1574742394	-0.0841996694	0.0242226278	-0.0506402831	0.0364567006	0.0622510343	-0.0640838333	0.123540456	-0.0034906183	0.0271332953	-0.0149949938	-0.0346352784	0.0354360138	-0.0130951537	-0.0278983795	-0.0462629991	0.1500219337	-0.0297089422	-0.0986975687	0.0197567232	0.0243584156	0.1663178351	0.0496369215	0.0947272671	-0.086476136	-0.0196370775	0.074293046	-0.0589749785	-0.0473038897	-0.0827443911	0.166965516	-0.0190744771	-0.0588336024	0.0004150409	-0.0828618288	0.0263806988	0.0748770058	-0.0126755324	-0.0124345202	-0.0454748895	-0.0119997914	-0.0397946587	0.0389121036	-0.0461765402	-0.0036807427	0.0810640064	-0.037573591	-0.0771704242	-0.0517704746	-0.0482517648	-0.0925469585	0.0626929932	-0.065682521	0.0404143525	0.082809514	0.0430701184	0.024808452	0.0191802767	-0.0601105761	-0.0731227308	0.1282045865	-0.0462651033	-0.57240511705335	-0.0100087538168622	0.0001001751529665	0.3276476180288593	0.2913145465205531	-0.0110895399524508	0.0848641650144755	0.000122977896357	0.4887605700034712	-0.1222596798971906	0.238886894790118	0.0149474293285635	0.0018558943936945	0.0038132168126566	3.444344000546676e-06	1.454062246032696e-05	0.0009412210097019	0.0006181336714754	8.858969891042641e-07	3.820892358116578e-07	0.0002371264512944	0.0013478112377299	5.6228953903475466e-08	1.816595132551005e-06	0.0	0.0	0.0	0.0	0.0	0.0	0.0	0.0	0.0	0.0	0.0	0.0	0.0	0.0	0.0	0.0	0.0	0.0
881.5344830684107	-3.5488685304379715	777103.0448386901	12.594467846332968	962.8918888543242	-2.253036991242425	5.076175683906718	927160.789621448	802.9149097968161	-1.4233354512267624	2.025883806718892	644672.3523740293	803.7769882859935	671.3517474064597	0.8902449999999998	21.441402	0.1434711602335363	0.0795301258662101	0.017520786	-0.1270087473	-0.0136931427	-0.0249129765	-0.0253751407	-0.1156253791	0.0586705426	-0.1122818847	0.0190135423	-0.123499351	-0.0833053948	0.1382097005	0.0045053725	0.0496467527	0.0099716525	0.0241273918	0.0118237472	-0.0063085181	-0.1224608322	-0.0675780093	0.0198010162	0.0309163068	-0.1103148776	-0.0694227031	0.0136959702	0.0516209634	0.0119679658	-0.038481934	-0.0653756311	-0.0092165724	-0.0383926067	0.0919656824	0.0959460816	0.0703481409	0.0278618224	-0.005067912	-0.0334825671	0.0440886799	-0.0280484983	0.1460233346	-0.0626730512	0.1128494441	-0.0822366829	0.0303925842	-0.0735466874	-0.1375921942	-0.0200257519	-0.0504090825	-0.0070770091	0.0241385813	-0.0601130318	0.0659037277	-0.1258862773	-0.0759190028	0.0166613954	-0.0782836521	-0.070888836	-0.044736207	0.0371655575	-0.0521564106	0.0440082578	0.0215312282	-0.0299078873	0.0506374392	-0.0018656456	0.0577718912	0.0705633597	0.038368993	-0.0602694573	0.0517820912	-0.0176119567	0.0038987633	0.1570760103	-0.0548554016	0.0656365042	-0.1593231472	-0.0651905193	0.1786945744	-0.1024178329	0.0206805681	0.1021473881	0.0004886018	0.0455072549	-0.0749843648	-0.0540469776	0.0390195493	0.0035554564	0.0161447601	-0.0694594077	0.0315928201	-0.0760206451	0.0168506015	-0.000224008	-0.0298574853	-0.0620894648	0.067361397	-0.0360508524	-0.006437179	0.0591625965	0.0708525105	-0.0712135342	-0.0905799136	-0.063080731	-0.0674542747	0.1289999139	-0.0586099215	-0.584086482483201	-0.011681365429851	0.0001364542983057	0.3411570190195987	0.2737067854678372	-0.0176077610527158	0.0749154044111366	0.0003100332492895	0.5577861864571005	0.0690256164536293	0.3111254298023553	0.0047645357268035	0.0020049832708983	0.0001490888772037	4.019957916582046e-06	2.2227493305889746e-08	0.0003081165847882	-0.0006331044249136	9.493582982154404e-08	4.008212128453067e-07	0.0001161914074651	-0.0001209350438293	1.3500443168720895e-08	1.4625284825994712e-08	0.0	0.0	0.0	0.0	0.0	0.0	0.0	0.0	0.0	0.0	0.0	0.0	0.0	0.0	0.0	0.0	0.0	0.0
884.0506338885752	2.516150820164512	781545.5232787917	6.331014949814546	954.568487762123	-8.323401092201152	69.27900574165533	911200.9978284664	804.2766877161959	1.3617779193797332	1.8544391017101955	646860.9904037352	805.0366104579941	673.8247368397766	0.912444	21.976051	0.1460436706800329	0.0645394283359772	0.0214856383	-0.1035500417	-0.0091087227	-0.1019481773	0.0034618648	-0.0918507795	0.0090159479	0.0240956985	0.0076239383	0.0840886408	0.0602813453	0.0941878236	-0.0146486873	-0.0078463524	-0.0138272058	0.0932017438	0.0566257801	-0.0416659283	-0.0903177709	0.0463140582	-0.118360195	0.0112646372	0.0105299736	0.0114942621	0.030761117	0.1143775686	-0.2234897784	-0.0774414588	-0.0351426609	-0.0056932578	-0.0676874999	0.0125946948	-0.037967677	-0.0730753417	-0.0980463487	0.075650185	-0.030941709	-0.1264172343	-0.0812771312	0.0240124014	0.0021995907	-0.0655651462	-0.1379045939	0.006152559	-0.1530815417	-0.1009772546	0.0067038784	-0.0184941378	0.0046523113	0.0312537487	0.0941217659	-0.0680460018	0.044807906	-0.1286492973	-0.0638428975	-0.0174209559	-0.0056425903	-0.1255857625	-0.0786477913	-0.0179123379	-0.1549351953	0.0641432275	-0.0550996569	0.0847311415	-0.1343030616	0.1397709882	0.0317036226	0.038805989	0.0167768704	-0.047661408	0.103719549	-0.0129812387	-0.0044102804	-0.1210139945	0.0556360465	-0.0981949017	-0.1133785664	-0.0150658339	-0.082468207	0.0608195549	0.1062489715	-0.0430398887	0.005157873	-0.1028335659	-0.0344705737	-0.0137485102	0.0182250359	0.0410395721	-0.0441674402	-0.0135582112	-0.0362484899	0.0034011415	0.0693722649	0.0999904632	-0.0629824049	0.0004904353	0.0170270982	-0.0136148092	-0.0026413781	0.0490308086	-0.0854908127	-0.1001117501	-0.0660076536	-0.0616009311	0.1289999139	-0.0703125971	-0.6067380208505853	-0.0226515383673842	0.000513092190409	0.3681310259456852	0.2556412415779903	-0.0180655438898469	0.0653524443955363	0.0003263638760359	0.5104298997117738	-0.0473562867453267	0.2605386825197714	0.0022426178943056	0.0014460232898676	-0.0005589599810307	2.090983354839517e-06	3.124362603938405e-07	-0.0002183625180618	-0.00052647910285	4.768218929428993e-08	2.7718024573774096e-07	0.0001901583571339	7.396694966880001e-05	3.616020078786386e-08	5.4711096433067945e-09	0.0	0.0	0.0	0.0	0.0	0.0	0.0	0.0	0.0	0.0	0.0	0.0	0.0	0.0	0.0	0.0	0.0	0.0
885.7213530729625	1.6707191843872806	784502.3152893996	2.7913025930797	959.6199220226656	5.051434260542578	25.516988088583343	920870.3947427868	804.4752884172592	0.1986007010633557	0.0394422384628563	647180.4896740324	805.3294539043378	697.884417608325	0.927748	22.344641	0.121202737453641	0.0687526018759693	0.0899501191	-0.0411050463	-0.0307983305	-0.0524773335	0.0152681985	-0.0693853162	-0.1358665582	-0.0367977358	-0.0224597784	0.1605014747	0.0828208572	0.0886100558	0.0138782596	-0.096045858	0.0453658271	0.0641430742	0.1573466599	-0.0183178742	-0.0830098461	0.0215865364	-0.046848009	0.0585873392	0.0076811947	0.0450304241	0.0942837305	0.055549425	0.1162686496	0.0463336769	0.1097094324	-0.0671407607	-0.0190552046	0.1031635437	-0.0427884704	-0.0816290191	0.0149126851	0.0978051799	-0.0221645294	-0.1000234862	0.0163241654	0.1006002321	0.0444166498	-0.0886259366	-0.0232913192	-0.1144406906	-0.026334681	-0.0908521189	-0.0155164934	0.0776200351	-0.0302121475	0.0519314143	0.0327253253	-0.1801985517	0.0155913656	-0.0957657207	-0.0473375138	-0.0111489188	-0.0659241749	-0.0921006934	-0.0664535004	-0.1072958123	0.1230728491	0.0191356426	-0.0554605327	-0.0747201587	-0.1174514426	-0.0268253772	-0.0079010766	0.028242323	0.0745910319	-0.0126688455	0.0638711536	0.0073801176	0.0488305693	-0.0107479809	-0.0120917437	0.1364734888	-0.1088058151	-0.0395422628	-0.0911195896	0.0416218995	0.1293496869	-0.0086017476	0.0250908921	-0.0469401	-0.0410098246	-0.0518261141	-0.0766872184	0.1198166815	-0.0257412129	-0.0298671337	0.0338018411	-0.003391183	0.1428760871	0.0350273402	-0.0103069725	-0.0362734778	-0.0666860086	0.0604791259	-0.0468985899	-0.0212940323	-0.0001341102	-0.1270600835	-0.0688893378	-0.0555787436	0.1282045865	-0.0812449131	-0.6122774854167687	-0.0055394645661834	3.068566768000236e-05	0.3748837191482814	0.31678988181595	0.0611486402379597	0.1003558292209635	0.0037391562029514	0.494843692143661	-0.0155862075681127	0.2448702796543703	0.0002429298663562	0.0017510979602299	0.0003050746703622	3.0663440663213166e-06	9.307055449666598e-08	-0.0004491212562562	-0.0002307587381944	2.017099028211473e-07	5.3249595253071644e-08	0.0004328934502049	0.000242735093071	1.8739673923030225e-07	5.892032540818703e-08	0.0	0.0	0.0	0.0	0.0	0.0	0.0	0.0	0.0	0.0	0.0	0.0	0.0	0.0	0.0	0.0	0.0	0.0
885.6862188445491	-0.0351342284134261	784440.0782511545	0.0012344140062068	961.2161750383276	1.5962530156620005	2.548023690010031	923936.5351553129	803.0212591013081	-1.454029315951061	2.1142012516451105	644843.1425686503	804.3087286795712	695.568041365386	0.8031209999999999	19.343016	0.0329990086183082	0.0182628469173035	0.0926921182	-0.0217667826	0.0142701966	-0.0485389834	0.0269483551	-0.0656420346	-0.0932433038	-0.0832715457	0.0629530075	0.1413682566	0.0355386015	0.1075471534	0.0349451072	0.0040922307	0.0786845225	0.0655564274	0.0988160491	-0.0682938408	-0.0579174067	0.1301222347	-0.1114279285	-0.0843972501	0.0190351202	-0.0246558157	0.0239586129	-0.0869162564	-0.0183454095	0.0039914686	0.0608438175	-0.0320005274	0.0410904429	0.1365571044	-0.0054768893	-0.0613893558	-0.0038956387	-0.0210208457	0.0742228146	0.0816052442	0.0412399637	-0.0003227769	0.0154082852	-0.0881212259	0.1366200375	0.0224771089	-0.0345713672	-0.0980062524	-0.0374069539	-0.0121388108	-0.0777034354	0.0659703054	0.034078796	-0.151194462	0.1177724418	-0.1219254351	-0.079497927	-0.0768691746	-0.0131384738	0.0209249115	-0.0112122654	0.0798288089	0.0099434615	0.0392305789	-0.0847642843	-0.0438507422	-0.029709151	-0.0706173458	0.0528556163	-0.0567866605	0.0089881579	0.0982194333	-0.0677856581	-0.1157320287	0.0570450113	0.0528330045	-0.0927492072	0.011914228	0.0405214787	-0.0936216941	-0.0933629694	0.0273414824	0.1220962095	-0.0733506536	-0.0029365196	-0.0323250064	0.0796915591	-0.0107650074	0.0182539758	0.0549406319	-0.0080508816	0.0166822803	0.0578337518	-0.0489982834	0.1598274268	0.0144038761	-0.0405706925	-0.0661118567	-0.0682563683	0.0544102331	-0.0467513584	-0.0554186689	0.0985438406	-0.0227822127	-0.0717238087	-0.0494042187	0.1266188352	-0.0912870929	-0.6120136127618423	0.0002638726549264	6.96287780179306e-08	0.3745606622058022	0.320196060984685	0.0034061791687349	0.1025255174701081	1.1602056529524116e-05	0.5030107772419328	0.0081670850982717	0.2530198420215333	6.670127900241327e-05	0.0017940334852978	4.293552506789999e-05	3.218556146369772e-06	1.8434593128562683e-09	-0.000138049809734	0.0003110714465221	1.90577499675936e-08	9.676544484141393e-08	0.0005021239125423	6.923046233740001e-05	2.5212842354678737e-07	4.7928569154501616e-09	0.0	0.0	0.0	0.0	0.0	0.0	0.0	0.0	0.0	0.0	0.0	0.0	0.0	0.0	0.0	0.0	0.0	0.0
887.6524620814946	1.9662432369455016	787926.8934393392	3.866112466833925	970.7394374724356	9.523262434108004	90.69252738889271	942335.0554643008	803.0420600833592	0.0208009820510142	0.0004326808542866	644876.5502629254	804.4049755992785	700.2329612375045	0.8609679999999998	20.736259	0.1892370157109973	0.084310789693311	0.1211948975	-0.030560134	-0.0235803398	-0.1599018619	0.1052296215	-0.1001607882	-0.0219329026	-0.1093068951	0.0584604236	0.0289530978	0.0599621959	0.1684942921	-0.0306659414	0.0501102153	-0.1188014087	0.0484296186	0.168253327	-0.2145093799	-0.0233872641	0.0020434135	0.0017522943	0.1289478808	-0.0110102031	0.0112360488	-0.051994611	-0.089305349	0.0284024855	-0.0475858338	-0.0266748728	-0.0413358479	0.1430466054	-0.0122020752	0.0356002288	-0.0658718284	0.0570242156	-0.0013417416	0.0082462566	0.054422068	0.0294168377	0.0029962079	0.0345443313	-0.0093315727	0.0122726468	0.087952106	-0.0318396667	-0.1608299799	0.0110606599	-0.0731945487	0.1372012854	0.1470999377	-0.1397293955	-0.1107242525	0.0482870622	-0.1452521117	-0.0534357905	0.0702990331	-0.0507690468	0.0025439044	0.0780782681	0.0326182815	-0.0049411368	-0.1310005085	-0.0829684117	0.0656553114	0.0569867688	-0.0622988105	-0.0756375609	-0.0503323615	0.0247685943	0.106944115	-0.022655533	0.02212528	0.0701550588	-0.0045676341	-0.0412258011	-0.0046561246	0.0029607348	-0.0420694043	-0.117542421	0.0463566282	0.1954024659	-0.0717891168	-0.0520361581	-0.0993849402	0.0177968554	-0.0559419909	-0.0585028041	0.0189482183	-0.0443612681	-0.0386346883	0.0483917919	-0.1581371364	0.0902983154	0.0295572726	-0.074683486	-0.0612653262	-0.0037924034	0.056094937	-0.0145333726	-0.0743095104	-0.0551935301	-0.023639361	-0.0745091236	-0.0430942802	0.1242524367	-0.1003291122	-0.6633257213564718	-0.0513121085946295	0.002632932488427	0.4400010126130837	0.3372379250255477	0.0170418640408627	0.1137294180755369	0.0002904251299872	0.5406124792812648	0.037601702039332	0.2922618527546359	0.0014138879962547	0.0011415259826803	-0.0006525075026175	1.3030815691342245e-06	4.257660409721268e-07	-0.0007229581296452	-0.0005849083199111	5.226684572200858e-07	3.421177427013426e-07	7.391291434753755e-05	-0.0004282109981947	5.463118907346422e-09	1.8336465897495489e-07	0.0	0.0	0.0	0.0	0.0	0.0	0.0	0.0	0.0	0.0	0.0	0.0	0.0	0.0	0.0	0.0	0.0	0.0
890.4266815146952	2.774219433200642	792859.6751532726	7.696293463548091	977.500998056063	6.761560583627443	45.71870152606428	955508.2012005994	804.3390626338673	1.297002550508182	1.6822156160247297	646961.3276787284	805.3335890176445	704.336223668473	0.804776	19.382883	0.1472858281278576	0.0763105585335755	0.1420669345	0.0135168326	0.0068531184	-0.179956119	0.168350505	-0.0481299898	0.0143221261	-0.1092509099	0.050750669	0.0092158103	-0.042583393	0.1395355676	-0.1339948475	0.1154047276	-0.0006463256	0.1201533657	0.1024463516	-0.1082813363	-0.0579865115	-0.1147081435	0.0250373998	-0.0394721193	0.0873675869	-0.0562464796	-0.0878196338	0.0615498279	-0.0077988943	0.0033842794	0.0716136946	0.0547566045	0.0117315949	-0.0089880246	-0.0115679982	0.1092780099	0.0585473239	-0.0099221646	-0.1413053657	-0.0017444014	-0.0559917526	-0.0389223527	-0.0625670229	-0.001595516	-0.0002314143	-0.0858937921	0.074237229	-0.1382536772	0.1174980424	-0.1262042917	0.0141192036	0.1870871749	-0.0851245613	-0.0178211789	-0.0483309245	-0.0699528152	-0.0794261891	-0.035968201	0.0603800966	0.0996570457	0.0620132301	-0.0756749101	-0.0080587725	-0.002012342	0.0221611415	-0.1173698272	0.0496583995	-0.0349625369	0.0699733665	0.1100897289	-0.001757128	-0.0689124171	-0.0137060923	0.0313367826	-0.049194064	0.0052740274	0.0564879479	0.0110972852	-0.030128073	0.0011799857	-0.1133805554	0.0142196717	0.1934946457	-0.0922790797	-0.046870573	-0.0040455384	0.0697910305	-0.0524022452	0.0021873787	0.0054369964	-0.0619141493	0.0400476609	0.0537821749	-0.133894259	0.0548541936	-0.1397756638	-0.0200966933	-0.0108397018	0.0358042475	0.0660328315	-0.0174603849	0.0126529847	-0.0416024825	0.0359736479	-0.0772433738	-0.0366662233	0.1211199807	-0.1082719048	-0.6297219535069303	0.0336037678495415	0.0011292132136858	0.3965497387285844	0.3169603749083052	-0.0202775501172425	0.1004638792620133	0.0004111790387572	0.5322278368961193	-0.0083846423851454	0.2832664703671221	7.03022279267779e-05	0.0012367206360874	9.519465340709996e-05	1.529477931724423e-06	9.062022037297889e-09	-0.0012587947088351	-0.0005358365791899	1.584564118991244e-06	2.871208395979339e-07	0.0011432790372691	0.0010693661229215	1.3070869570589602e-06	1.1435439048522942e-06	0.0	0.0	0.0	0.0	0.0	0.0	0.0	0.0	0.0	0.0	0.0	0.0	0.0	0.0	0.0	0.0	0.0	0.0
889.8826747584615	-0.5440067562337845	791891.1748352736	0.2959433508280042	974.7183224257602	-2.7826756303028333	7.743283663481271	950075.8080724884	805.1483463028509	0.8092836689835394	0.654940056883459	648263.8595542155	806.2589312740434	718.494090339065	0.829231	19.971888	0.2127622618394062	0.1065906448610405	0.1700107373	0.0342172335	-0.0215505731	-0.0531445054	0.1453935283	-0.0337434981	-0.0420045484	-0.1360487644	0.0807643628	-0.0698383628	-0.0479056004	0.1063715016	-0.0603836347	-0.06538028	0.0101959441	0.1142953687	0.0636107307	-0.0073145823	0.0121170884	-0.1001673184	0.0566089623	0.0013366788	0.0148968273	0.0547847761	-0.0652066806	0.0885117152	-0.0394095713	0.0394146548	-0.0599374166	-0.0299285254	-0.0494669424	0.1206447146	-0.1039696867	-0.0230331734	0.0802733574	-0.03400722	0.082078183	-0.0098691682	0.0961035418	-0.0070612111	-0.1048886154	0.1460387377	-0.0695083982	-0.0188634517	0.1691788534	-0.1082849479	0.0604743463	0.0565220061	0.0152128047	0.1629648357	-0.0617734623	0.0077539213	-0.1078726501	0.0094042391	0.0305541477	0.0087376194	0.016573099	0.0581730379	-0.054330142	-0.058203164	-0.0394535366	0.0965183522	-0.0945695418	0.0290170635	-0.016347135	0.0536978569	0.0166050624	0.0327806997	0.0579348188	-0.0013008499	-0.0461183713	0.0114016449	0.0364292251	0.1108630875	0.0811024808	0.0806838361	0.1004547644	0.1076741671	-0.1248868779	-0.0040752178	0.0856542405	-0.0001264866	-0.0388822999	0.0988410589	-0.0042455114	-0.0799889101	-0.0534786327	0.0365660909	-0.0684658978	0.0166087817	-0.033351165	-0.0104259278	0.0158034532	-0.2703629196	0.075413553	0.0081164714	-0.0430791031	0.0845810557	-0.0239937618	-0.0066423574	0.0941467726	0.0646289899	-0.0799246852	-0.0301376669	0.1172407796	-0.1150284477	-0.5421128447734418	0.0876091087334884	0.0076753559330762	0.2938863364683537	0.3456037809154111	0.0286434060071059	0.1194419733830274	0.0008204447076879	0.5105031161955225	-0.0217247207005968	0.2606134316453391	0.0004719634895189	0.0017168218530426	0.0004801012169552	2.947477275084626e-06	2.3049717852186405e-07	-0.0004723221967506	0.0007864725120844	2.230882575433125e-07	6.185390122645039e-07	0.0013724058361937	0.0002291267989245	1.8834977792185287e-06	5.249908998543405e-08	0.0	0.0	0.0	0.0	0.0	0.0	0.0	0.0	0.0	0.0	0.0	0.0	0.0	0.0	0.0	0.0	0.0	0.0
889.8560917328512	-0.0265830256103072	791843.8639940644	0.0007066572505982	971.7271313410934	-2.991191084666866	8.947224104990543	944253.6177843903	804.9831491095142	-0.1651971933366667	0.027290112686312	647997.8703502704	806.0679778496859	713.7828381076326	0.8134489999999999	19.59178	0.0846012799620016	0.0381954233729269	0.1558436013	0.01968821	-0.031314424	-0.0209453449	0.1227138847	-0.0698233653	-0.0006279579	-0.0430098319	0.0093807666	-0.0993442204	-0.0700919601	0.0930206705	-0.035105054	-0.06661219	0.0847155467	0.0531831152	-0.008700658	0.0349816491	-0.0246267166	0.0138998026	0.0293809671	0.0290985139	0.0135481198	-0.0191401732	0.0008090832	0.0374861949	-0.048477558	-0.0036850381	-0.0646092673	-0.0525244145	0.0284501319	0.0888722893	0.0934558374	-0.0660651168	0.0665832347	-0.0003074047	-0.0692455928	0.0091334808	0.0865811109	0.0454496107	0.1131877667	-0.0610399997	0.024806294	-0.0017222136	0.0803257274	-0.0994818919	0.0383274652	0.0590778228	-0.0625417208	0.052196848	0.0206884262	0.0264513296	-0.0513392334	-0.0325938989	0.0687825044	0.0315622515	-0.0236756714	0.001960035	-0.0097486167	-0.0549615485	-0.0329992141	0.0632677994	-0.0360414683	0.0786291674	0.0094803633	0.0030246714	0.0218164092	0.0283596379	-0.0565236721	0.1120012518	0.0420295095	0.0728023378	0.0630163301	-0.0161227617	-0.0964087402	0.1244883485	-0.0315807969	0.0073292011	-0.1313680164	-0.013350667	0.086746985	0.0333691428	-0.0591965516	0.0778249301	-0.0138242011	-0.0383466158	-0.0633414994	0.0286135669	-0.1237140925	0.0135412495	-0.057104535	0.1063342831	0.0555835914	-0.0981569408	0.0980978612	-0.0155923666	-0.0027234485	0.0083586418	-0.0705015924	-0.0712362188	0.1179431979	-0.0106645881	-0.0825512202	-0.0235265052	0.1126387502	-0.1205247148	-0.548704939742862	-0.0065920949694202	4.3455716085855885e-05	0.3010771108982178	0.3366788675725871	-0.008924913342824	0.1133526598699596	7.965407817691833e-05	0.5285293641270385	0.018026247931516	0.2793432887445317	0.0003249456144884	0.0020289600646976	0.0003121382116549	4.116678944137689e-06	9.743026317518157e-08	7.122445272722544e-05	0.0005435466494778	5.072922666292772e-09	2.954429601585701e-07	0.0012069302229617	-0.0001654756132319	1.456680563098379e-06	2.7382178574506423e-08	0.0	0.0	0.0	0.0	0.0	0.0	0.0	0.0	0.0	0.0	0.0	0.0	0.0	0.0	0.0	0.0	0.0	0.0
889.2791335552715	-0.5769581775796269	790817.3773768145	0.3328807386760042	966.1560764107652	-5.57105493032816	31.036653036733696	933457.5639854444	804.6198605804757	-0.3632885290385275	0.131978555330977	647413.1200405441	806.1791668019298	725.2431916150609	0.860983	20.736635	0.090074402351969	0.0590145065726423	0.1715060713	0.0338680488	-0.0519412973	0.1075712309	0.1270062454	-0.0560366034	-0.0679861446	0.1522109906	-0.1349664264	-0.0385411454	-0.0757750594	0.0944391332	-0.0088494646	-0.10642466	0.0699822152	0.0517656731	0.0269208504	0.1462268353	-0.0229064346	0.0543043138	0.0746780896	0.0069795749	-0.0571111462	-0.0954469853	0.0098411533	0.0699210833	0.079933939	-0.1474909855	-0.2089805085	0.0730123281	-0.0801319994	-0.0065167785	0.0226059671	-0.0395154556	-0.0836311093	-0.0394955574	0.1584137508	-0.0126478491	0.086274724	-0.0491345345	0.0254809845	0.1018637747	-0.0299295757	0.1223801097	-0.1327831815	-0.1028536362	0.018922982	0.1078772145	-0.063821842	-0.0252229485	0.139536411	-0.0521211372	-0.1128197404	-0.0163251542	0.0889555029	-0.0631976139	0.0101163835	-0.0197476876	0.082419711	-0.0832682159	-0.0058292636	-0.0353051085	0.0422711573	0.2324001439	0.0441938636	0.1810974803	-0.0470842282	-0.0472519627	0.0327894896	0.0035002789	-0.0126372789	-0.070212211	0.0217475223	-0.0311306337	-0.0362382052	-0.0670796257	0.1344373399	0.016451933	-0.1257261085	-0.0037075268	0.0473355646	0.0675993536	-0.0211320264	0.132621001	0.0113547954	0.0045971518	-0.1180510769	0.0896980337	-0.1138352965	0.0459733579	-0.0963279451	0.1500911673	0.0268418771	-0.0470005634	0.1353901503	-0.0460751399	-0.0068204506	-0.0335657488	0.0477499587	-0.0230281193	0.0538284424	-0.0948734731	-0.0851211787	-0.016850859	0.1073422654	-0.124700488	-0.5184251986490978	0.0302797410937643	0.0009168627207053	0.2687646865943565	0.3378514493386291	0.001172581766042	0.1141436018202122	1.3749479980542071e-06	0.4778102353184223	-0.0507191288086162	0.2283026209750461	0.002572430027105	0.0020330005584311	4.040493733500124e-06	4.133091270581165e-06	1.6325589610453773e-11	3.138911712996517e-06	-6.808554101422892e-05	9.85276674198673e-12	4.635640895200249e-09	0.0011209972440385	-8.593297892320003e-05	1.2566348211419125e-06	7.384476866615141e-09	0.0	0.0	0.0	0.0	0.0	0.0	0.0	0.0	0.0	0.0	0.0	0.0	0.0	0.0	0.0	0.0	0.0	0.0
886.464010754847	-2.8151228004245468	785818.4423635695	7.924916381470142	959.84461474675	-6.311461664015155	39.83454833633295	921301.684458337	803.7206248962527	-0.8992356842229583	0.808624815779932	645966.842883623	804.6814618738912	704.215943387893	1.062249	25.58407	0.1014077660711414	0.0500405457189464	0.1169972797	0.0007101134	-0.0025367092	0.0547556003	0.0533097059	-0.0787884324	-0.1278724785	0.1248667896	0.1109346703	0.0206145187	-0.1216004629	0.0953474284	0.0091901777	0.0357654593	0.128602501	0.0070911044	-0.0933043052	0.0130530181	-0.0358276121	0.0219538749	0.1585718466	-0.0186257186	0.0914776886	-0.0710721389	-0.0417911246	0.0772148341	0.1611948966	-0.0150417	0.0442579179	-0.0601853591	0.1168151046	-0.0661681658	0.0472409082	0.0038877363	-0.0203336703	0.0966353433	-0.0323146688	-0.006594118	0.0748620336	0.1249280128	0.1388176448	-0.0244270225	0.1675675297	-0.040870311	-0.1052313343	-0.0957266117	-0.0154872682	-0.0209178142	-0.1266946575	-0.0056211973	0.0415416854	0.0936310058	-0.0113455511	-0.0578232505	0.0891991545	-0.0083197644	0.0784464079	0.0831071449	0.093745411	-0.1882207472	0.0888663059	-0.0841459338	0.0297169661	-0.0676523524	0.0429269818	-0.1216099687	-0.0859685706	-0.0327935672	-0.0630099592	-0.0262948889	0.0979389248	0.0034805623	0.082403967	0.0378697325	-0.0076786389	0.100886552	-0.017152829	-0.1450982848	-0.1248689582	-0.0260814651	0.0455031241	-0.0484368755	-0.039910532	0.0728492805	0.160205324	0.0545784057	0.0580525372	-0.0080804993	-0.0383181281	0.0734104351	-0.0210887571	0.0116275459	-0.0016644923	-0.0986343352	0.0509730014	-0.1789673519	-0.0269222792	0.0808921259	-0.1026436778	-0.1343501725	0.2945012245	0.0958252514	-0.0876327994	-0.0101290257	0.1013839798	-0.1275100165	-0.5138180753865242	0.0046071232625735	2.122558475654597e-05	0.2640090145939119	0.3623540271152023	0.0245025777765732	0.1313004409666048	0.000600376317697	0.4929089449996269	0.0150987096812045	0.2429592280606452	0.0002279710340373	0.002766319515405	0.0007333189569739	7.652523661310555e-06	5.377566926572887e-07	0.0002987119056023	0.0002955729938893	8.92288025485574e-08	8.736339471668626e-08	0.0012360924001911	0.0001150951561525	1.5279244218101944e-06	1.3246894969791361e-08	0.0	0.0	0.0	0.0	0.0	0.0	0.0	0.0	0.0	0.0	0.0	0.0	0.0	0.0	0.0	0.0	0.0	0.0
890.2718862693447	3.807875514497709	792584.031481577	14.499915933911195	970.6278429749192	10.78322822816915	116.278011020784	942118.4095581444	806.1319520674477	2.411327171195012	5.814498726543339	649848.7241440739	807.0434847138619	705.6924832709217	1.385389	33.366852	0.5856620313090376	0.3033845612292581	0.1406936488	0.0142393798	0.0982196384	-0.0066518099	0.1066530811	-0.0418439359	0.1267433537	-0.0401693689	-0.0264446924	-0.0656577061	-0.1727283962	0.0217332741	-0.0678928821	-0.0188072687	-0.0144175436	0.0944365431	0.0387575022	0.0659913861	0.2696581408	0.0638842628	0.2527089482	-0.1281266565	0.0182821281	0.1299800344	0.0670566484	-0.1202141478	-0.0729152856	0.124333469	0.0186804329	0.0353112653	0.1015748648	0.0715842326	0.0289383846	-0.0306077567	0.0389445842	-0.1287147643	0.0075924971	0.1717723446	0.0501163992	0.0217556284	0.1019840148	-0.012121642	0.047512677	0.12930554	-0.0709144858	-0.0386077049	0.0734484413	0.0072872686	0.0368929222	0.1019592196	-0.0310599878	-0.0450216853	-0.0220516775	0.1988511151	0.2470827763	-0.0380699004	0.2128560634	-0.0097621799	-0.1468899071	0.1664806447	0.0084724541	-0.0170530343	-0.0311526856	-0.1249597921	0.1252445921	-0.0644319572	-0.0347769707	-0.0871241597	-0.0241436377	0.1119778141	-0.1866429722	0.0513739772	0.1018652086	-0.0016764927	-0.1619610046	-0.0256720643	0.0248412937	-0.0182132399	-0.0597305005	-0.1135552012	0.0166661604	0.0101402256	0.0787291874	0.3081389575	0.0489006509	-0.0129842792	-0.0444987399	-0.0198433625	-0.196826401	0.1318757854	0.041043062	0.0216358643	0.0782814713	0.1180373948	-0.0139755602	0.1387655946	0.0150230485	-0.3010704858	-0.1221127714	0.0530001802	-0.2324394699	0.3034176821	-0.090084361	-0.0033794295	0.0948006283	-0.1289225186	-0.4803619950001092	0.033456080386415	0.0011193093148222	0.2307476462404849	0.1827064660398036	-0.1796475610753987	0.0333816527327539	0.0322732462003391	0.3130642367246281	-0.1798447082749988	0.0980092163159739	0.0323441190945194	0.0056339817131538	0.0028676621977487	3.174174994415142e-05	8.223486480397476e-06	0.0005700034815365	0.0002712915759342	3.249039689637312e-07	7.359911917286181e-08	0.0019514122579526	0.0007153198577615	3.808009800487665e-06	5.116824989079328e-07	0.0	0.0	0.0	0.0	0.0	0.0	0.0	0.0	0.0	0.0	0.0	0.0	1.0	0.0	0.0	0.0	0.0	0.0
891.0394135551627	0.7675272858180051	793951.2365087282	0.5890981344751537	974.7891760795349	4.1613331046156645	17.316693207570246	950213.9378018184	809.748255791772	3.616303724324212	13.077652626561164	655692.2377578169	811.3319331564611	721.0482442836927	1.394098	33.576599	0.3256979311608667	0.1621995450567998	0.1187128523	0.1432707176	0.1231147778	0.1370984487	0.1463752866	0.0688516407	0.1071338406	-0.0639141173	-0.1620995479	0.1136629773	-0.179934349	-0.1021775663	-0.1860136482	-0.1250844078	0.0780553547	0.024531789	-0.0718969088	0.0394333604	0.2346933841	0.0619340337	0.1646990096	-0.0178906389	-0.0578765229	0.0310637566	0.0057703221	-0.0637156047	0.0824929229	-0.0850509727	0.139296493	-0.0278588918	0.0062411413	-0.0779771317	0.0045715518	-0.0999483287	0.064118492	-0.0411050873	-0.0768031708	0.1606468106	-0.093224583	-0.093255441	0.0143656291	0.0327348862	-0.0103948788	0.1404423368	-0.1338513074	0.0773901208	0.2043924879	0.1373908744	-0.0665088926	-0.003740387	0.0356105989	0.0113185156	0.0649433136	0.1804581795	0.1819482084	-0.025264455	0.0893057612	0.0340683485	0.0215077739	0.0453025363	0.0317742901	-0.2069108403	0.0072861209	-0.0506091386	-0.0115100684	-0.0896777043	-0.0468502045	-0.0562408232	0.177607223	0.1064789867	-0.0512687267	-0.0473053087	-0.0451290912	-0.1534522714	-0.0295988273	-0.171059207	-0.0161179096	0.0548389488	0.002677124	-0.0479961521	-0.0911336798	-0.0530942222	0.0813576878	0.2786201236	0.2377214662	0.0429377532	-0.0666868096	0.0593110067	-0.0272700839	0.0145196567	0.0189800901	-0.0552581003	-0.0675626054	0.1172160545	0.1800115618	0.0602382623	-0.0976224608	-0.2262216465	0.1024129882	0.0814744549	-0.0580739091	-0.0343822062	-0.0924741833	0.0033794295	0.0876327994	-0.1289225186	-0.3998653148192659	0.0804966801808432	0.0064797155201369	0.1598922699955106	0.1710576810431661	-0.0116487849966374	0.0292607302438655	0.0001356941918978	0.2610469885147921	-0.052017248209836	0.0681455302126419	0.0027057941113236	0.0030513354035036	-0.0025826463096501	9.310647744674478e-06	6.670061960749795e-06	0.0002933019884332	-0.0002767014931033	8.6026056418869e-08	7.656371628559559e-08	0.0011800557052351	-0.0007713565527175	1.3925314674579095e-06	5.949909314202253e-07	0.0	0.0	0.0	0.0	0.0	0.0	0.0	0.0	0.0	0.0	0.0	0.0	0.0	0.0	0.0	0.0	0.0	0.0
887.1451703772118	-3.894243177950898	787026.5533236122	15.165129929017109	967.7007202640656	-7.088455815469274	50.24620584786017	936444.6839995912	809.3837854648143	-0.3644703269576439	0.1328386192326118	655102.1121733525	811.0143815430281	699.6510179181672	1.664178	40.081432	0.5357282446273177	0.3143337586471555	-0.0663813031	0.1954530419	-0.1138558995	0.0999134543	0.0490797905	0.2226956004	-0.1679337595	0.0085480022	-0.019168891	0.082491726	-0.0074068335	-0.2194526309	-0.0465745023	-0.1096936324	-0.0160615428	-0.0396494165	-0.0998792611	0.0370613719	-0.0031057817	-0.1553717206	-0.0661921215	-0.0886389245	-0.1756209439	-0.1472610039	-0.095744524	0.1318535741	-0.0615666042	0.0190180912	0.0127752097	0.0997434293	0.1099177095	0.0413040032	-0.0518755472	-0.0262224353	0.0744105017	-0.1263606133	-0.0607779712	0.0661898065	-0.1699694461	-0.1582646318	-0.0985384993	-0.2083509608	0.0863705506	-0.1107376488	-0.0201952964	0.2125160086	0.0610000736	0.1418735493	0.0183002019	-0.0312965576	-0.0565012331	0.1393380278	-0.0514895519	0.1205598234	-0.1103560232	-0.1698383276	-0.0444549261	0.0404245405	0.1597024352	-0.0375618437	-0.0657280349	-0.0062824375	-0.1960621238	-0.0766964572	0.1301907653	0.0781324727	-0.0020373152	0.1296160801	0.0650501778	-0.0284370754	-0.0909599095	0.0245674277	-0.2362738047	-0.0299142472	0.0583409937	-0.072401529	-0.0838053286	-0.1595242459	0.1630808256	0.0837329122	-0.1230071038	0.0093895915	-0.01616099	0.1506213203	-0.0399855256	-0.0503131206	-0.106969845	-0.0583545655	-0.1047080858	-0.1945904129	0.1016463096	-0.0842518482	-0.1867772447	-0.0036528742	-0.0235866529	-0.0449066692	-0.0728178994	0.0148489118	0.0053378351	0.2326271914	0.1296109276	-0.158782095	-0.0948006283	0.0101290257	0.0799246852	-0.1275100165	-0.3808006110549229	0.0190647037643429	0.0003634629296221	0.1450091053798027	0.0413809742154427	-0.1296767068277234	0.0017123850270191	0.0168160482936833	-0.0089840155538993	-0.2700310040686914	8.071253547270453e-05	0.0729167431583456	0.0029641610866887	-8.717431681490003e-05	8.786250947839535e-06	7.599361512144562e-09	0.001756085709454	0.0014627837210208	3.0838370189485586e-06	2.139736214483457e-06	0.0003908971437396	-0.0007891585614955	1.528005769837775e-07	6.227712351816471e-07	0.0	0.0	0.0	0.0	0.0	0.0	0.0	0.0	0.0	0.0	0.0	0.0	0.0	1.0	0.0	0.0	0.0	0.0
880.7863964446276	-6.358773932584199	775784.6761619127	40.43400592571233	962.8420992615404	-4.858621002525183	23.60619804617881	927064.90811037	804.7373606607962	-4.646424804018125	21.589263459394868	647602.2196433044	805.7630850091875	673.5425835802062	1.211223	29.172092	0.26945649869111	0.1542390884001816	-0.1082933736	0.0438171935	-0.0584216922	0.1631626473	-0.0486806496	0.1041585974	-0.0411714391	-0.0410363738	-0.1612412053	0.0177265596	-0.1150864647	-0.0990453209	0.1422328561	-0.0356751909	-0.0079857657	-0.0182968637	-0.0970200884	0.0655608731	0.1496179545	0.0366119916	-0.0490935575	-0.0205862915	-0.1556882317	-0.1418380954	-0.1308277533	0.0701315607	-0.2179577196	0.0548870768	-0.0045106993	0.0539299149	-0.0032277994	-0.0091704575	-0.1789913453	0.1975253853	0.0457077053	-0.1588548171	0.0890469184	-0.0407247348	0.1058077396	-0.0546063719	-0.0636767161	0.0865888716	0.1275376759	-0.0136909194	0.0644738769	0.1078483813	-0.1306628503	0.0447829007	-0.00748158	-0.0165596147	0.0073701806	0.0501686724	0.0014061289	0.1737266955	0.0827933688	-0.0742362214	-0.1035642072	0.0141637541	0.1433796738	0.0810757452	-0.2246134134	0.1351097076	-0.0242709277	-0.0677545744	0.0102792031	0.1588786767	0.1057251019	-0.0645450447	-0.0447858258	-0.1232335307	-0.0998729286	0.1242641638	-0.05087998	0.1260848004	0.103012516	0.113579231	0.1942643147	0.0074381421	0.1017749599	0.0610112	-0.1489006529	0.0620864088	0.1216673956	0.0845689503	-0.0394030476	-0.0078163602	-0.0834778055	0.0917000325	0.005565131	-0.0278210106	0.1292962668	0.0290850769	-0.0260913944	0.0460387492	0.1066150605	-0.1022812764	0.1212130125	0.0195837536	0.1451194904	0.1215713638	0.0324178281	-0.0126213487	-0.0970621018	0.016850859	0.0717238087	-0.124700488	-0.3848160310820816	-0.0040154200271587	1.6123597994507266e-05	0.1480833777777656	0.1106397027704133	0.0692587285549705	0.0122411438291254	0.004796771481051	0.1250574550986414	0.1340414706525407	0.0156393670757487	0.0179671158546959	0.0032960848395163	0.0003319237528276	1.0864175269289194e-05	1.1017337769115785e-07	0.0013503145195303	-0.0004057711899236	1.8233493016543448e-06	1.6465025857209536e-07	-0.0001142255026379	-0.0005051226463775	1.30474654528809e-08	2.5514888788340893e-07	0.0	0.0	0.0	0.0	0.0	0.0	0.0	0.0	0.0	0.0	0.0	0.0	0.0	0.0	0.0	0.0	0.0	0.0
878.7805993307943	-2.005797113833296	772255.3417601901	4.02322206186198	957.8186584800802	-5.023440781460181	25.23495728483727	917416.5825325806	803.8116953734096	-0.9256652873865504	0.8568562242724251	646113.2416190751	805.0563092651553	643.6686677968191	1.212864	29.211611	0.0804180123365267	0.0401140129871518	-0.1585252021	-0.0183097611	-0.020692809	0.0307456295	-0.1189444901	0.1024935715	-0.0510117793	0.0225955863	0.0358612154	0.09875742	-0.0192035193	-0.0625092108	0.1295832014	0.1271887711	0.0981625509	-0.069186187	-0.2094921126	-0.107936869	0.1425455322	-0.0819962022	-0.191763179	0.0172176543	-0.1555477615	-0.0220226534	-0.0448151504	-0.0394574143	0.314577637	0.0109138511	0.0955965184	-0.0125237801	-0.0013873435	-0.1203256126	-0.039681647	0.216912808	0.0882056155	-0.0397004091	0.0179630554	0.1355543359	0.0244763293	0.0112954255	-0.037454837	0.0754485323	-0.1055878814	0.0143351357	0.0106049836	0.0897340875	-0.1303133904	-0.1008219142	-0.1146481561	-0.0054553024	-0.0435129918	0.1462969605	0.1741514888	0.1939703155	-0.1393742078	-0.0289777299	-0.2052728134	0.0826338721	0.1209500811	-0.0314327462	0.1768835669	-0.1166776015	0.2039182869	-0.1216147954	0.0678735763	-0.0266527751	0.0050292794	-0.1711378748	-0.0053585629	-0.0698763098	-0.1486332653	0.0537685284	0.006087279	-0.0404003066	0.0341434404	-0.0078132904	-0.007576805	0.1020642868	0.0974126018	0.0692154213	-0.122719026	-0.0637368273	0.086182522	0.0152453208	0.1229527785	0.0958257708	0.1179720068	-0.0588591431	0.0134804283	-0.0175977127	0.1896745963	-0.121763119	-0.1584906008	0.1210386049	0.0531610034	-0.2289352651	-0.0102893626	-0.175482431	0.0187172256	0.0873532476	0.0632086957	0.1299031006	-0.0992570537	0.0235265052	0.063080731	-0.1205247148	-0.4000454797089929	-0.0152294486269112	0.0002319361054797	0.1600363858355982	0.0889062511866569	-0.0217334515837563	0.0079043215000649	0.0004723429177434	0.1127635083798423	-0.0122939467187991	0.0127156088221307	0.0001511411259246	0.0038310852726853	0.0005350004331689	1.4677214366586196e-05	2.862254634910173e-07	0.0012627847116539	-8.752980787640014e-05	1.5946252279868231e-06	7.661467266879521e-09	-0.0001149185697337	-6.930670958000005e-07	1.3206277669639269e-08	4.803419992806471e-13	0.0	0.0	0.0	0.0	0.0	0.0	0.0	0.0	0.0	0.0	0.0	0.0	0.0	0.0	0.0	0.0	0.0	0.0
879.8147842301785	1.0341848993841722	774074.0545499955	1.0695384061142506	957.1199536067184	-0.6987048733618622	0.4881885000596158	916078.6055921268	805.8574041375729	2.045708764163237	4.184924347774278	649406.1558033475	806.9139075658505	636.0809833120088	1.126319	27.127205	0.3136357820495255	0.166393870923083	-0.1947594364	-0.0030256077	0.0743030632	-0.0002521186	-0.1286058019	0.0978570847	0.0991434343	0.0634376571	-0.0266041576	0.0126438437	-0.0119819466	-0.1383473148	0.0968567824	0.047108699	0.0107680961	-0.0585953677	-0.0887055714	0.0224156018	0.1594502269	-0.0176669657	-0.1330650074	0.1928366174	0.1519397995	-0.1028819418	0.1057233537	0.0120620104	0.071472093	-0.0499934708	0.1000797614	0.0054856169	0.0203634634	0.09730853	0.0992638959	0.1007106573	0.1124350354	0.0368660647	0.0025986473	-0.0431967367	0.0243650928	0.0188973248	0.141453004	0.0187879027	-0.0288159161	-0.0853473339	0.0416253746	0.1452970531	-0.0877740527	-0.0548150218	-0.0071694929	-0.0462378299	0.0209851424	-0.0035300288	0.1206161558	0.1301402016	-0.0562995283	0.2081747539	-0.0339536609	-0.116461679	0.086629085	-0.16141735	0.092465188	-0.0011781999	0.009488088	-0.0765087539	0.0388342078	0.0223349326	0.1625920384	-0.0809817541	-0.0841989081	0.1333797081	0.0102275369	0.0646553948	0.0753076334	0.0144901043	-0.1072951474	0.0580501962	-0.0700027375	0.0578925201	0.1630896924	-0.0168088609	-0.1288222424	0.0265920379	0.0953398192	0.0174167583	-0.0367888738	-0.0378415209	0.121757622	-0.0933299146	-0.0742632068	0.0120277123	0.0572280824	0.0381845892	0.0144610216	-0.0699405173	0.0259785939	-0.0588766302	0.1209272724	0.0734895937	0.0138630469	0.0430684449	-0.0218941705	0.1395462079	-0.1013839798	0.0301376669	0.0540487397	-0.1150284477	-0.3380275014906004	0.0620179782183925	0.003846229622297	0.1142625917639778	0.0514182131077376	-0.0374880380789193	0.0026438326391927	0.0014053529990065	-0.0223462523370514	-0.1351097607168937	0.0004993549935111	0.0182546474409762	0.0046402455596885	0.0008091602870032	2.153187885420884e-05	6.547403700631011e-07	0.0019209844657601	0.0006581997541062	3.690181317691617e-06	4.332269163054621e-07	-0.0002279586293307	-0.000113040059597	5.1965136686331474e-08	1.2778055073693312e-08	0.0	0.0	0.0	0.0	0.0	0.0	0.0	0.0	0.0	0.0	0.0	0.0	0.0	0.0	0.0	0.0	0.0	0.0
882.5047073710036	2.689923140825158	778814.5585319807	7.235686503546683	963.9023453086936	6.782391701975257	46.000837199022826	929107.7312916	807.9988029746669	2.141398837094016	4.585588979507604	652862.0656084946	809.5432326705368	654.0783665537687	0.976049	23.507965	0.2356576977353058	0.1189380770037833	-0.1842806856	0.0842742901	-0.075374518	0.0634962804	-0.0500560367	0.1658666243	-0.0001173379	0.0948323697	-0.085599853	-0.0914025541	0.0121885415	-0.1994756319	0.0554906724	-0.0764541505	0.0129714498	-0.0450115589	-0.0814202084	0.2091317327	0.0353048205	-0.1490025289	0.0493542687	-0.0041160064	0.0225380122	0.0443617139	-0.0709413407	0.0240154013	0.0354743696	0.0160734715	0.0226739675	-0.0151857092	-0.0026694551	-0.0179551461	0.0536168336	-0.1029772195	0.0507555828	0.1218522089	-0.1037684786	-0.1455564647	0.0908419859	0.0398663545	-0.0462874876	-0.0258979703	-0.0353752088	-0.0123121219	0.0812599145	0.203512239	-0.0383984267	0.0955933785	-0.0248491171	-0.0761842312	0.0557449908	0.072020035	-0.1578706284	0.1393535979	-0.0359783673	0.0612656906	0.045421815	0.0543652859	-0.0222259161	-0.0539607972	0.0220855582	0.0088487629	0.0050626088	-0.0298066122	-0.0701040378	-0.0458422647	-0.0624521836	0.0800549748	0.0329945026	0.0679672029	0.1617381801	0.0611885879	0.1315601571	-0.0761711588	-0.0461238601	0.0383007662	-0.0339151882	0.0659678472	0.1954242296	0.0303014167	-0.1001567807	0.116586588	0.0188609795	0.0321796221	-0.0601290678	0.0091323716	0.0574814373	-0.1035003106	-0.0645673848	-0.0795692147	-0.0727778633	-0.0046595574	-0.0484997394	-0.2041210587	-0.0337204221	-0.0603768314	0.1017212946	0.0475536016	0.0264445885	-0.051186743	-0.0622322317	0.0470810712	-0.1034414224	0.0366662233	0.0446835199	-0.1082719048	-0.3044911877229168	0.0335363137676836	0.0011246843411245	0.0927148834009125	0.0204695028173205	-0.0309487102904171	0.0004190005455882	0.0009578226686401	-0.1249255174829215	-0.1025792651458701	0.0156063849183757	0.0105225056378667	0.0036559719963938	-0.0009842735632946	1.3366131238415669e-05	9.687944474008454e-07	0.0020977034867406	0.0001767190209804	4.40035991828367e-06	3.1229612376306395e-08	-0.0004388342156822	-0.0002108755863515	1.9257546885341165e-07	4.4468512919088944e-08	0.0	0.0	0.0	0.0	0.0	0.0	0.0	0.0	0.0	0.0	0.0	0.0	0.0	0.0	0.0	0.0	0.0	0.0
879.7286248967944	-2.776082474209261	773922.4534628048	7.706633903611812	960.7704547348844	-3.131890573809187	9.80873856631484	923079.8666914764	805.6559054170102	-2.34289755765667	5.489168965673589	649081.4379333025	807.3894011561771	650.7037985584846	1.072615	25.833748	0.2310541442665704	0.1091460702078526	-0.1940400164	0.0433679671	0.0231284537	0.1282757507	-0.1275039384	0.1165168578	-0.0506392158	0.0887486787	-0.1153248184	-0.068785512	0.00233738	-0.1320767924	0.1662121581	-0.022905297	-0.005021286	-0.0546836719	0.0050859605	0.1651678718	-0.0010166419	-0.0029164191	0.0271484259	0.0286131131	0.178289248	0.1183595579	-0.141687943	-0.0788657328	0.0829985317	0.0287672819	-0.0738865634	0.2148637087	0.0839853803	0.0242743843	-0.0334141492	0.0440544513	-0.0426069502	0.0539703534	0.2538642454	0.013617154	-0.0299499127	0.0114050437	-0.0745484904	-0.0134633675	-0.2596028746	0.0585344201	0.0092820456	0.1417437028	-0.1565118667	0.047608428	-0.0077237383	-0.1091373294	0.0542007911	-0.0531023826	-0.0990335073	0.0469183016	-0.0328218023	0.1834800575	0.0923962031	0.1518097025	-0.0447387286	0.08079605	0.0928020861	0.0552835982	0.0018339829	-0.0140391047	0.1167396667	0.2223744766	-0.1624044394	-0.1510046734	-0.0826352845	-0.0132710275	0.0266685288	-0.1123269292	-0.0232272316	0.0945555809	0.0887547981	-0.1078171196	0.0119044889	0.0800058807	0.1745052312	-0.0135487646	-0.155751471	0.127219028	0.0410299746	-0.0608119751	0.1086377568	0.0178420478	0.0535302599	0.0887223262	0.0903403294	-0.0591770885	-0.0903501372	0.066651129	0.0305239419	-0.0852892156	-0.0613463026	-0.1372299589	0.0241274098	-0.0021927294	0.054145036	-0.0385743532	0.0248571059	0.1053490963	-0.1054279714	0.0430942802	0.0350428114	-0.1003291122	-0.2607813035784119	0.0437098841445048	0.001910553971926	0.0680068882960558	0.0797423847638896	0.0592728819465691	0.0063588479278322	0.0035132745342519	-0.0496048146044501	0.0753207028784714	0.0024606376319418	0.0056732082821069	0.0039272073641727	0.0002712353677789	1.5422957681212286e-05	7.35686247341552e-08	0.0025877290424936	0.000490025555753	6.696341597364845e-06	2.401250452910368e-07	-0.0001450816332736	0.0002937525824085	2.104868031333536e-08	8.629057967172133e-08	0.0	0.0	0.0	0.0	0.0	0.0	0.0	0.0	0.0	0.0	0.0	0.0	0.0	0.0	0.0	0.0	0.0	0.0
881.4446394744477	1.7160145776533682	776944.6524582391	2.9447060307188675	962.5534130629673	1.7829583280828274	3.1789403996799117	926509.0729991673	806.1896343061252	0.5337288891149683	0.2848665270758981	649941.7264626438	807.3449382489569	634.7651314357252	1.153017	27.77022	0.1318976649712847	0.0616700586439899	-0.1705285577	-0.0475904936	-0.0114319736	-0.1290143901	-0.1277589614	0.0239054383	0.187212963	-0.057503949	0.005918143	-0.0732829972	0.0883825835	-0.05414385	0.0205318753	0.1290420698	-0.2688392537	-0.076399397	-0.0588358238	-0.0965903936	0.0647184198	-0.0920964607	-0.0112646983	-0.0885878345	0.1643862429	0.0401750892	-0.1261283403	-0.0709962761	-0.0183007426	0.0197831814	-0.1307065356	-0.0673274881	-0.0443849659	-0.0998433088	0.0228434903	-0.0551988114	-0.0397215269	0.0225982442	-0.0879837033	0.0310753287	0.1182783136	0.0185222009	0.0095400632	-0.1234390105	0.0866160066	0.0699962224	0.1211149702	0.0664021082	-0.0426826073	-0.1477968052	0.253497117	-0.0463877433	-0.0703363932	0.0972085272	0.0743047509	0.0293476195	-0.0876479132	0.0420191989	0.1478436163	0.1156758604	-0.0509026203	0.0102658268	-0.0928396772	0.0365756573	0.134954987	0.118316373	0.0255115852	-0.0716010728	-0.0657150715	-0.030502412	-0.0278530558	0.0186906327	0.0724688002	0.0529261014	0.0741210042	-0.1489146351	-0.0961949976	0.0680727008	0.0467124059	-0.1303705639	0.1184048205	0.0238019806	-0.1304096822	0.0689693934	0.0113690044	-0.0139829829	0.03319378	-0.1286238537	0.1773945844	-0.1411979668	0.0258978481	-0.0197799554	0.1127544864	-0.0341246112	-0.0332318659	-0.0379837807	-0.2104574293	-0.1230821012	-0.0499880369	-0.0160815345	-0.0766276961	-0.0569090126	-0.0944950867	-0.1043826697	-0.1073422654	0.0494042187	0.0251860523	-0.0912870929	-0.2954729021751916	-0.0346915985967797	0.0012035070132	0.0873042359198303	0.1010864665132658	0.0213440817493762	0.0102184737121376	0.000455569825724	-0.0097278004907863	0.0398770141136637	9.46301023885422e-05	0.0015901762546213	0.003882569492832	-4.463787134070026e-05	1.5074345866669733e-05	1.9925395578289093e-09	0.002797136393996	0.0002094073515023	7.823972006616945e-06	4.3851438863249566e-08	0.0003205725541126	0.0004656541873862	1.0276676245027589e-07	2.1683382223030226e-07	0.0	0.0	0.0	0.0	0.0	0.0	0.0	0.0	0.0	0.0	0.0	0.0	0.0	0.0	0.0	0.0	0.0	0.0
885.1264270135368	3.681787539089101	783448.7917977499	13.555559482991772	966.8515380531228	4.298124990155543	18.473878430999587	934801.8966356892	806.5026550502137	0.313020744088476	0.0979819862297032	650446.532603044	807.5962835241247	658.1646909028328	0.996704	24.005447	0.1638870563833059	0.073614596295134	-0.1025851041	0.0106194033	0.038967344	-0.0409343788	-0.0215915762	0.0446631408	0.1267006018	-0.0036935753	-0.0042666588	-0.0099539292	0.1353731054	-0.0626521573	-0.0146496546	0.151435807	-0.0912037529	0.0935478651	-0.0129259473	-0.0110893803	0.0241131865	0.1417657559	-0.1212123203	-0.1034515365	-0.0086897964	0.1141122695	0.1985760617	0.0465809825	-0.0213117033	0.0755644614	0.0108285934	0.0723493292	-0.0294932038	-0.2826907807	0.1014611538	-0.028335562	-0.1471269879	-0.1724803021	0.023253697	-0.0260982281	0.0646263218	-0.0212722963	-0.108676633	-0.0289055293	0.0769439637	-0.1326958116	0.0344152757	0.0630693636	0.0158831755	-0.1592980825	0.0599631297	0.0197180685	0.1339571453	-0.0354643959	0.0825356509	0.0008538924	0.0067268759	-0.0875207293	-0.0018850713	-0.1400431304	-0.1653886641	0.0886213008	-0.1045733309	0.0199002174	0.21135361	-0.0015081806	0.0549394348	-0.0279974829	-0.1493462109	0.0317578255	-0.034276222	0.0130433388	-0.1284145189	-0.001722366	-0.1475635424	0.0108047839	0.1721666467	0.0046175524	0.0144487292	-0.0897755776	0.102506062	0.009386536	-0.0860030951	0.0485741463	0.0199716426	0.0195036749	0.0208214372	-0.038173504	0.1839363063	0.0079245176	0.0642356322	-0.0173017999	0.1231893724	0.1080365233	-0.0274458325	0.0378877996	-0.1053949718	-0.111157288	0.1380114693	0.1940099731	0.0247961533	-0.0070913495	-0.1127154641	-0.1007378008	-0.1091829923	0.0555787436	0.0151740128	-0.0812449131	-0.3229507652498427	-0.027477863074651	0.0007550329591492	0.104297196775459	0.0608590594336249	-0.0402274070796409	0.0037038251151454	0.0016182442803511	0.0193615767171877	0.029089377207974	0.0003748706529755	0.0008461918663477	0.0037137050750081	-0.0001688644178238	1.3791605384140916e-05	2.8515191607004664e-08	0.0021256732317467	-0.0006714631622492	4.518486688164461e-06	4.5086277825782933e-07	-0.000180948046235	-0.0005015206003476	3.274219543626369e-08	2.515229125730172e-07	0.0	0.0	0.0	0.0	0.0	0.0	0.0	0.0	0.0	0.0	0.0	0.0	0.0	0.0	0.0	0.0	0.0	0.0
886.0540794367166	0.9276524231797794	785091.8316864474	0.8605390182313164	966.6791615639964	-0.1723764891263499	0.0297136540035266	934468.6014020712	806.8726758532038	0.3700208029900977	0.1369153946454367	651043.5150385093	808.0125207790984	670.4876688918216	1.150578	27.71146	0.1816750820013921	0.0927192810832599	-0.0393679572	-0.0206852984	-0.0470539803	-0.0631224399	-0.0173962923	0.025762986	0.0627727477	-0.0124240013	-0.150450283	9.70179e-05	0.2013378407	-0.0212007525	0.0551227547	-0.1268389617	-0.2123557829	-0.0112921847	0.0811991975	0.0507227508	0.1709337987	0.0233478264	-0.0705494405	-0.0325070803	0.2328137373	-0.046280527	0.0158873354	0.0589630363	-0.1066719504	0.0014551954	0.0873351099	0.0154662107	-0.0123298131	0.0024694987	0.0900864211	0.0867311443	-0.1589560647	0.1194098406	-0.0919654397	0.0034805662	0.0519709475	-0.163409909	0.1230396019	0.0899297062	0.0694799563	-0.0516005178	0.0278712303	0.0203205244	-0.0513835894	0.0936422725	0.2316482594	-0.0009304867	0.0602600942	-0.1384534483	0.057562238	0.1134613127	0.0008622779	0.1002182564	0.1643868997	-0.00952663	-0.0294915782	-0.076413732	-0.1509205349	0.0112813546	0.0408186583	-0.0822111176	-0.0010846074	-0.0308853061	0.1278048649	0.0450627024	-0.1518285076	-0.0206009047	0.0958898841	-0.1016281612	-0.1187982325	-0.1108769879	-0.1679805492	0.0809741441	0.1078058972	0.0153533593	0.0549327237	0.0152777669	-0.1470361833	0.1591705497	0.0212026005	0.0979128418	-0.0650358068	-0.1930271272	0.1041519003	0.0521783677	0.1084788221	-0.0181094156	0.0186586066	-0.1112800424	0.1193210183	-0.0033995626	-0.2255174349	0.1344048673	-0.0129632685	0.0523586165	0.0193984843	-0.2082236077	-0.0612866898	-0.0323267733	-0.1109488906	0.0616009311	0.0050684204	-0.0703125971	-0.264141878138787	0.0588088871110557	0.0034584852032408	0.0697709317866858	0.1018456537879899	0.040986594354365	0.0103725371955031	0.0016799009167692	0.0204792902427541	0.0011177135255663	0.0004194013288469	1.2492835252340688e-06	0.0046597773427937	0.0009460722677856	2.1713524884413514e-05	8.950527358729883e-07	0.0024069985258727	0.0002813252941259	5.793641903553351e-06	7.914392111508033e-08	0.0002068921320615	0.0003878401782965	4.2804354308953154e-08	1.504200039010609e-07	0.0	0.0	0.0	0.0	0.0	0.0	0.0	0.0	0.0	0.0	0.0	0.0	0.0	0.0	0.0	0.0	0.0	0.0
887.103253449626	1.0491740129093614	786952.1822809114	1.1007661093643328	960.6509585636918	-6.028203000304643	36.3392314128819	922850.26418934	807.8686739716977	0.995998118493958	0.9920122520435042	652651.7943847892	808.784099168899	676.2977360910938	1.53075	36.867844	0.4742679505541822	0.2308644040144784	0.0045257439	-0.006424896	0.3142274179	0.0686621147	-0.0245115621	-0.0541244793	0.2598640561	0.0809103491	-0.1972906882	0.0630394153	-0.1000173506	-0.0601558294	-0.0662358568	0.0419288199	0.0482916701	-0.21058333	0.1094480556	0.0626193544	0.0705381907	0.2355733327	0.1890545619	-0.0947596818	0.1584397793	0.0459028767	0.1240801852	0.2195776851	0.0987469217	0.0537594293	0.1468669297	-0.0061481247	-0.1137621333	0.1192205616	-0.2254602765	0.0036981772	-0.0352417194	-0.0553193618	-0.0571442106	0.1105776194	-0.0128314193	0.1077970104	-0.0983139932	-0.0023816123	0.0981091132	0.0087779815	0.0380598015	0.0435812748	0.0749441435	-0.0590322691	-0.027948192	-0.2194093768	-0.0380433666	-0.1811992941	0.0713222563	-0.0063140724	0.3119789446	-0.0570041853	0.1172210404	0.0581213672	-0.1123355392	-0.2308175163	0.0643238611	0.1265539861	0.0308149719	-0.1583998542	-0.0201150485	0.0030275214	0.037515126	0.0351858355	0.1801622025	-0.0771648886	-0.1570176388	-0.170066562	0.0691034986	0.0353128307	0.0671534082	0.0506669322	0.006260977	0.0029850907	0.0504875877	-0.3089294119	-0.0983975487	0.0021053715	-0.0017883401	-0.0243955508	0.0601769061	-0.175066093	-0.1517894032	0.2832064003	0.1511042875	0.2068070837	-0.1120403596	0.1800028657	0.0291317416	-0.0212787061	-0.0536911694	0.0512635805	0.1577485089	0.2133563165	0.2210553178	-0.1046765499	-0.0939382129	0.0235991615	-0.1126387502	0.0674542747	-0.0050684204	-0.0586099215	-0.273007660197365	-0.008865782058578	7.860209151020392e-05	0.0745331825264399	0.1908193051714022	0.0889736513834122	0.0364120072260967	0.0079163106404969	-0.0709087709329878	-0.0913880611757418	0.0050280537952269	0.0083517777254611	0.0066528592444028	0.001993081901609	4.426053612583579e-05	3.972375466521745e-06	0.0050378506642894	0.0026308521384167	2.5379939315681157e-05	6.921382974211725e-06	0.0012837672107647	0.0010768750787032	1.648058251434578e-06	1.1596599351320236e-06	0.0	0.0	0.0	0.0	0.0	0.0	0.0	0.0	0.0	0.0	0.0	0.0	0.0	0.0	1.0	0.0	0.0	0.0
888.8146691539093	1.711415704283354	789991.5161031733	2.9289437128676887	972.1815121558404	11.530553592148635	132.9536661414118	945136.8925776164	809.0728776499047	1.204203678207023	1.4501064986073229	654598.9213486977	810.3590168677899	703.0809317592351	1.478857	35.618011	0.8523635689076198	0.4341682049470285	0.0377424685	0.1438264755	0.2945593291	0.0243845472	0.0400378404	0.1057542668	0.212790227	0.1462807468	0.2370136323	0.1607041192	0.0485910108	-0.1805735906	-0.1377713918	0.1653681039	0.1673868575	-0.1687275489	0.2029270346	-0.1185128359	-0.0120096796	0.1181746482	0.0014502098	0.2647166994	-0.1129980833	0.1065082055	-0.0069949709	0.0150204259	0.0386639348	-0.1797913028	-0.0976973534	0.0114011935	0.1680894737	-0.0074778787	-0.1433931357	-0.0979131316	-0.0851797925	0.0595518408	-0.0819350974	-0.0056082333	0.022118127	-0.0833123165	0.1484739205	0.078032315	-0.0091288589	-0.0675378187	0.0851539602	0.164277642	0.1628571599	-0.1537383755	-0.1575736455	-0.0626827732	-0.209275596	-0.1817451063	0.0611166303	-0.1123899378	0.0921982227	0.1502170774	-0.1954420631	-0.0376631365	-0.0027657297	0.002845196	-0.0645892971	-0.2868761723	-0.1176126325	0.130496899	0.0643582926	0.0160638465	-0.097391566	0.0342545936	0.0634901143	-0.1699167211	0.0450389249	-0.0412108979	-0.0100216361	0.0427763412	-0.080097646	0.1830123998	0.0502185305	0.0435505763	0.1119294353	-0.3774057215	0.0613085214	-0.2778727456	-0.1961737462	-0.0736192637	-0.2059197373	-0.0468648407	-0.1573353617	0.1773697044	0.0404137726	-0.0713063324	0.1819784372	0.1230102247	-0.2232488223	0.065382101	-0.169049268	0.0784131935	0.1742618063	-0.1229693794	-0.1004476829	0.0331305776	0.3723585391	-0.0120697411	-0.1142514127	0.0731227308	-0.0151740128	-0.0462651033	-0.319010637497584	-0.046002977300219	0.0021162739204844	0.1017677868366149	-0.0878044081631799	-0.2786237133345821	0.0077096140928862	0.0776311736323513	-0.3082691382202114	-0.2373603672872236	0.0950298615790318	0.0563399439587256	0.0104284079154982	0.0037755486710954	0.000108751691652	1.4254767767810246e-05	0.0063803184014974	0.0013424677372079	4.070846290448633e-05	1.8022196254443664e-06	0.0005942533993562	-0.0006895138114085	3.5313710264639934e-07	4.754292961230766e-07	0.0	0.0	0.0	0.0	0.0	0.0	0.0	0.0	0.0	0.0	0.0	0.0	0.0	0.0	0.0	1.0	0.0	0.0
891.5261628304982	2.711493676588816	794818.8990112719	7.352197958181135	978.311052712061	6.129540556220604	37.5712674303532	957092.515858581	809.7801223765341	0.7072447266293693	0.5001951033450514	655743.8465961545	811.9853149766117	714.0888842425529	2.012248	48.464626	1.1153543168939484	0.5766085460886573	0.0120866581	0.1337461127	-0.2398548437	0.0764634948	0.1115345563	0.132816411	-0.1211414871	0.1669939964	0.0579924652	-0.2367531983	0.1558975386	-0.0920444083	-0.0501743681	-0.1534755111	-0.1609036036	0.1219700895	-0.095710183	0.0891871927	-0.1546996429	-0.0898255007	-0.0483024551	0.0924271176	-0.1171302047	0.0972220665	0.0613167593	-0.3156469164	-0.1089523573	-0.0228256032	-0.0673332523	-0.2761152481	0.0408378893	-0.1039092087	-0.1004088343	-0.0561465444	0.0596566865	-0.0655156573	-0.0539619996	0.1081892248	-0.0221381641	0.1972496005	0.1429529084	-0.0037290014	0.0906228723	-0.0392944411	0.1363191463	0.0908376356	0.0692761957	0.1614695078	0.1540322691	0.0874088738	0.0996506366	0.1666677515	-0.172239357	-0.0369139323	-0.1063433429	0.0755323583	-0.1276434408	-0.0785911994	-0.0573809814	0.2501130202	-0.0231337148	-0.0523511965	-0.0170303711	0.138538606	-0.068122926	-0.32517984	0.0396121509	-0.0576812561	0.0499686776	-0.0999228064	-0.0819381089	0.0572356333	0.169289313	0.0954656412	-0.0455600188	0.0842962968	-0.0502559401	-0.1568008741	0.0617979556	0.1272752687	0.0092979176	0.1407284382	-0.215786985	0.0463069598	-0.1942905467	0.1839061986	-0.0951046736	-0.0791110691	-0.0441194708	0.1103059731	0.0157927055	-0.3157423152	-0.0335620408	0.1653123939	0.1247876702	0.0357435791	-0.0873209356	0.0124304003	-0.1306147497	-0.0592716987	0.0812889554	-0.1728131049	-0.1157857731	0.0785907625	-0.0251860523	-0.033413395	-0.3510429895725337	-0.0320323520749497	0.0010260715794535	0.123231180528022	0.1059873524614261	0.193791760624606	0.0112333188817825	0.0375552464859846	-0.0944311588590238	0.2138379793611876	0.0089172437634581	0.0457266814172756	0.0016798533334012	-0.008748554582097	2.821907221739123e-06	7.653720727593043e-05	0.0033220770574176	-0.0030582413440798	1.103619597542038e-05	9.352840118639022e-06	-0.0011127951711311	-0.0017070485704872	1.238313092892694e-06	2.914014822002734e-06	0.0	0.0	0.0	0.0	0.0	0.0	0.0	0.0	0.0	0.0	0.0	0.0	0.0	0.0	0.0	0.0	1.0	0.0
885.8277832517675	-5.698379578730624	784690.8615807404	32.4715298232942	971.4622230939968	-6.848829618064201	46.90646713727343	943738.8508987305	807.1537250521413	-2.6263973243927694	6.897962905577498	651497.1358655478	809.0420949318659	681.5929952028221	1.440822	34.701931	0.1785794400413601	0.0937119495937042	-0.051001466	0.0800340042	0.040653847	0.050102325	-0.0117133651	0.0527520031	-0.0340870442	-0.0146696926	0.0735887559	0.0825660235	-0.066292684	-0.0846508761	0.0154749071	0.0599395432	0.0880494875	0.0190967553	0.0673819568	-0.1113793382	-0.1516222839	-0.0770943018	-0.0921940172	0.0898937145	0.0601726059	0.1064227267	0.1293289503	-0.141348626	-0.0154805487	-0.024758918	0.0169283653	0.1204754636	-0.0241229052	-0.1551217458	0.0274443985	0.0202457122	-0.2335500257	0.0126380639	-0.2576419246	-0.0410790124	0.0007648679	-0.0451944986	-0.1796256891	0.0987409277	0.1895556191	0.0612639554	-0.0978065434	0.0824960922	-0.000362653	-0.040306922	-0.0957112739	0.0360700414	-0.0170963751	-0.02893151	0.0314236409	-0.1552164505	-0.1545055097	0.1029099386	0.0191311318	-0.0620477684	-0.0770055817	0.0813350281	-0.0012635142	-0.1724840577	0.1823716322	-0.0313756708	-0.005635702	-0.0985520529	0.0473233858	0.2921330619	-0.0211012688	-0.1687928638	-0.0554418682	-0.0875921096	0.0319826353	-0.1135256487	0.0515869152	-0.1051118837	0.1988456852	-0.0413737509	0.073022636	-0.011091909	0.0259794686	-0.0289167593	-0.1442177259	-0.0630438006	-0.0688430609	0.1860436191	0.0871171861	0.032736448	0.1512995702	0.1259041692	0.1358006177	-0.1133370523	0.0486515235	0.0265928831	0.1436060767	-0.0220265539	-0.0542023969	0.1054996617	-0.0513203464	0.0084348499	0.0339792885	-0.0981685121	-0.1172407796	0.0838433825	-0.0350428114	-0.0201956026	-0.3165755558027143	0.0344674337698194	0.0011880039906768	0.1002200825317974	0.0512503191773987	-0.0547370332840273	0.0026265952157852	0.0029961428127367	-0.1008820202744971	-0.0064508614154732	0.010177182014664	4.161361300164215e-05	0.003020858786852	0.0013410054534508	9.125587810100936e-06	1.7982956261847864e-06	0.003332796918237	1.0719860819400316e-05	1.1107535298210044e-05	1.1491541598731399e-10	-0.0008060382539605	0.0003067569171705	6.496976668476915e-07	9.40998062320103e-08	0.0	0.0	0.0	0.0	0.0	0.0	0.0	0.0	0.0	0.0	0.0	0.0	0.0	0.0	0.0	0.0	0.0	0.0
884.4337740058576	-1.394009245909956	782223.1006022444	1.943261777682444	967.962904243059	-3.4993188509378115	12.245232420528724	936952.1839906574	805.0568638906813	-2.096861161460083	4.396826730439729	648116.5540974989	806.362745950927	673.3618296619685	1.204593	29.012413	0.1137410908931329	0.0594163764606642	-0.0817863425	0.0309144364	-0.1524345011	0.0470062711	-0.0257230255	0.057573576	-0.0653929193	0.0548351153	-0.0664212446	-0.1789072147	0.0123418465	-0.0320056303	0.1039971722	0.0604909319	-0.1049033934	0.1037900817	-0.0340673806	0.1838466928	-0.0776067074	-0.1320781412	0.0700631391	0.100826265	-0.0136450853	0.0895367247	0.0596829895	-0.0242019117	-0.0748529655	0.0813501284	0.1235550127	-0.2498340143	-0.1123617881	-0.1321942901	-0.1862319695	-0.0197038848	0.0919757746	0.0869629461	-0.0059633041	-0.0087709645	0.1184022632	-0.1105262712	-0.1307634313	0.1024122216	-0.0286001036	-0.0067557187	-0.1506758608	0.0445251954	-0.1023567366	-0.0470325691	0.0680684232	0.0458288222	0.0969980075	0.0801814384	-0.2135661413	0.0393377462	-0.0073172073	0.1017102216	-0.0106388661	-0.0635420106	-0.0530474829	0.0632018701	-0.0032551817	0.0509685944	-0.058139083	-0.0810278227	-0.1317763114	-0.200829439	0.0410118102	-0.0752115562	0.2294880133	-0.0694046364	0.0419938233	0.0301511695	-0.0211938982	-0.1308764246	0.2615343631	0.0407992649	0.1279322213	0.1435431614	0.0787527045	0.0546017069	-0.0107853887	0.1480121895	-0.0994712156	-0.0311908936	-0.1603503833	0.1725778733	0.0208170879	0.0282107432	-0.0103280423	0.0730602202	-0.0966387713	-0.1981020375	0.0286637544	-0.0328467879	-0.0290418799	0.0853537707	0.0041551118	-0.0685933853	0.0491283106	-0.0874826565	0.0004534895	-0.0019280159	-0.1186154352	0.0888661936	-0.0446835199	-0.0067565429	-0.2956717188243374	0.0209038369783768	0.0004369704004185	0.087421765312538	0.0338507268551779	-0.0173995923222208	0.0011458717086238	0.0003027458129794	-0.1392173650686174	-0.0383353447941203	0.0193814747366486	0.001469598660484	0.0036564090795969	0.0006355502927448	1.336932735735865e-05	4.039241746081279e-07	0.0034370422884182	0.0001042453701811	1.1813259692375016e-05	1.086709720421536e-08	-0.0008082889270027	-2.250673042199962e-06	6.533309895151761e-07	5.065529142885633e-12	0.0	0.0	0.0	0.0	0.0	0.0	0.0	0.0	0.0	0.0	0.0	0.0	0.0	0.0	0.0	0.0	0.0	0.0
881.8302163327326	-2.6035576731250103	777624.5304374339	6.778512557288118	958.69624217864	-9.266662064419052	85.87102581614316	919098.4847674456	804.0953390057402	-0.9615248849410136	0.9245301043608296	646569.3142107563	805.3175514374058	662.160637142933	1.075978	25.91473	0.1363658871546342	0.064697334816455	-0.1064960827	0.0026620659	0.0354874626	0.1040298767	-0.132568006	0.0388291921	0.0488746141	0.0876746571	-0.0496417481	-0.0382181729	-0.1268178789	-0.0170928387	0.1531697495	0.1533200905	0.0832090976	-0.0250817986	0.0434404724	0.1381792933	-0.0735342455	-0.0623560729	-0.0356473592	0.1964474837	0.137769942	0.0352699421	0.0441957596	0.077284537	-0.0243260947	-0.0882714443	0.109202531	0.0796676904	-0.2539286354	0.121546489	0.0384404233	-0.1574923963	-0.0555154315	0.0389418796	-0.0184704084	-0.0129748666	-0.0405909857	-0.049217284	-0.0708893992	-0.0251931088	-0.0060451572	0.1025616035	0.0820397562	0.0355858364	-0.1533757798	-0.1363768224	-0.110220953	-0.0521247244	0.0278917499	-0.0277612493	-0.1367363516	-0.0425991076	-0.0140855999	0.2072811396	0.0001204594	-0.0466702894	-0.0584763561	-0.1019212402	0.0113954021	0.0329959854	0.0262327909	-0.0048103363	-0.1521769411	0.1464287657	0.1226539893	0.1500130982	0.1329180295	0.0643620145	0.0143363714	-0.1634218579	-0.0853487913	-0.0372909529	-0.0218789231	-0.023654424	0.0157290976	0.0042995122	0.0827741513	-0.0542187092	0.0014355392	0.0355915864	-0.1004856218	-0.1318466179	-0.0635146955	0.2016933522	0.0814650557	0.1136226389	0.0605811965	0.129618585	-0.0942526368	-0.0168957214	0.1008599441	-0.1502726269	0.0815306704	-0.0481122973	-0.0397215914	-0.0982019416	0.0422024021	0.0043553275	-0.0555736547	-0.0039367782	-0.1199087977	0.0936454286	-0.0540487397	0.0067565429	-0.2495570160478735	0.0461147027764639	0.0021265658121616	0.0622787042587185	0.0427978197856333	0.0089470929304554	0.0018316533784035	8.005047190620507e-05	-0.1636925518544174	-0.0244751867857999	0.0267952515326111	0.0005990347681997	0.0039589728688263	0.0003025637892293	1.5673466176102743e-05	9.154484655285265e-08	0.0039440758981685	0.0005070336097502	1.5555734690513656e-05	2.570830814164193e-07	-0.0004813082327441	0.0003269806942586	2.3165761490724878e-07	1.0691637441783606e-07	0.0	0.0	0.0	0.0	0.0	0.0	0.0	0.0	0.0	0.0	0.0	0.0	0.0	0.0	0.0	0.0	0.0	0.0
885.1941741705225	3.36395783778994	783568.7259854333	11.316212334428366	963.4778469454858	4.781604766845817	22.86374414632264	928289.561554709	805.0506808913024	0.9553418855621204	0.9126781183093874	648106.5988035495	806.3414103977594	663.9810719815033	1.127902	27.165323	0.0670056273985159	0.0320777649794583	-0.0856741513	-0.0196053234	-0.1251966399	-0.0601621583	-0.0995259563	0.032499716	0.0042996892	0.0065026509	-0.1084358724	-0.1358942484	0.1238833738	0.0147672125	0.143977345	0.0171196819	-0.1248620897	-0.0099696962	-0.0282368794	0.0994546027	-0.0954074473	0.0082746828	0.0092610402	0.0801776088	0.0539151169	-0.0391968711	0.116553453	-0.0429864694	-0.0822240902	-0.1886815319	-0.0964411432	-0.0478194542	-0.0147813643	0.1369253471	0.1023022239	-0.1252978862	-0.0756732304	-0.0806840724	-0.067042435	0.2073146581	0.0063128506	-0.1131113442	-0.0515329824	0.0344810497	-0.101726136	-0.0171056665	-0.0088622754	0.0064598641	-0.1432162013	-0.02934235	0.1051127794	-0.0511032657	0.1173901948	0.0232015117	-0.1137257027	-0.0424924505	-0.0039560755	0.0898172871	-0.0063292909	-0.111234061	-0.0412433336	-0.0716476002	-0.0315200436	-0.0526744099	-0.1037612366	0.2245918967	0.0475678171	-0.0381632726	0.1461406071	0.0565993061	0.0106919137	0.158641301	-0.1396714617	-0.1774710588	-0.0167151499	-0.0244667329	-0.059429754	-0.0018282335	-0.0032685156	-0.0175218155	0.0546703227	0.0389260674	-0.0196615596	0.1890513277	-0.1241609783	-0.0808280615	-0.0956474948	0.1217256018	-0.004347363	0.0314171327	-0.065021318	0.1019363606	-0.17848261	-0.1390699354	0.0993040758	0.0589256946	0.0307425644	0.055770405	0.1165440925	-0.1334911459	-0.0045225401	-0.1006151118	-0.0292825338	0.0104890648	-0.1211199807	0.098167988	-0.063080731	0.0201956026	-0.2619333665937517	-0.0123763505458782	0.0001531740528344	0.0686090885351367	0.0536017423627015	0.0108039225770682	0.0028731467843174	0.0001167247430512	-0.1546019285230429	0.0090906233313745	0.023901756303044	8.263943255293048e-05	0.0035051605530572	-0.000453812315769	1.2286150502708256e-05	2.059456179437131e-07	0.0041120533741445	0.000167977475976	1.690898295181317e-05	2.8216432435267833e-08	-0.0005542130598829	-7.290482713879999e-05	3.071521157447669e-07	5.315113820138307e-09	0.0	0.0	0.0	0.0	0.0	0.0	0.0	0.0	0.0	0.0	0.0	0.0	0.0	0.0	0.0	0.0	0.0	0.0
887.6807492149003	2.486575044377787	787977.1125267267	6.183055451322393	964.0056851294732	0.5278381839874555	0.2786131484751749	929306.9609619452	806.723132232185	1.672451340882617	2.7970934876200637	650802.2120785074	807.6545274754185	672.8654705978828	1.45919	35.144325	0.1254757448676102	0.0646599619725151	-0.0186063916	0.0253543701	0.1986235257	-0.0215357493	-0.0370035309	-0.0077612502	0.0897416229	-0.0289995529	-0.0786756449	0.1527793986	0.0092991379	-0.0221479543	-0.0201551027	0.1105763643	0.1122522075	-0.1085201315	-0.0387413948	0.0656033513	0.0024859604	0.1868359494	-0.0659490964	0.1539746431	-0.0668262431	0.0428038664	-0.1470064107	0.1126032738	-0.0472012375	0.075124932	-0.0986361455	-0.0389404371	-0.0250923697	0.0401978382	0.1790610587	-0.1596640684	0.0678175632	-0.0376750623	-0.0062744606	-0.1643902477	0.0192013933	-0.0348594635	0.0547956613	-0.1779384165	-0.0530266435	-0.1039808777	-0.0626831227	0.0225180238	0.0236343927	-0.1188770761	-0.1274943782	-0.1483658	0.0618772793	-0.0603150606	0.0478848034	0.0025255968	0.1279276298	0.0933919011	-0.1862934697	0.0776136258	-0.0121626117	-0.0594130374	-0.064073718	0.0450884188	-0.1081902842	0.1514561853	-0.097610094	0.0571268164	-0.1192504074	0.1488673774	-0.0727599338	0.1303345491	0.0664909974	0.1322765701	-0.1282286112	-0.0444902313	0.0509540189	0.0749945303	-0.1430756815	-0.1389164007	0.0284344025	-0.1222509961	0.0096706512	-0.0500460383	-0.1644600852	-0.1647843196	0.1187491167	0.093015911	-0.0038411574	0.1742813216	0.1564964192	0.1460173276	0.0366020689	-0.017627197	0.1117258606	0.0138838613	0.2417156688	-0.0175114329	-0.0212433199	-0.0656695882	-0.1266918636	0.1309076654	-0.216281052	0.0013128895	-0.1222481541	0.1024214758	-0.0717238087	0.033413395	-0.2458787152060182	0.0160546513877335	0.0002577518311816	0.0604563425913622	0.1059363833976192	0.0523346410349176	0.0112225173273673	0.0027389146522536	-0.1279040157074789	0.0266979128155639	0.016359437234099	0.0007127785487074	0.0035388403139013	3.367976084409996e-05	1.2523390767293053e-05	1.134326290515769e-09	0.0044938847506827	0.0003818313765381	2.0195000152418516e-05	1.4579520010905666e-07	-0.0003619534046773	0.0001922596552055	1.310102671574893e-07	3.6963775019776185e-08	0.0	0.0	0.0	0.0	0.0	0.0	0.0	0.0	0.0	0.0	0.0	0.0	0.0	0.0	0.0	0.0	0.0	0.0
891.3204552492489	3.639706034348592	794452.1539457283	13.247460016473552	969.0739122616347	5.068227132161496	25.686926263177945	939104.2474260704	809.9245079202632	3.201375688078201	10.248806296218175	655977.7085298805	811.3644837528268	693.7194850072542	1.276979	30.755806	0.4501210102915185	0.2598982464757543	0.0751913049	0.035366452	0.2685946699	-0.1276595819	0.0228555101	-0.0607750928	0.1460261346	0.1901565901	0.2520358537	-0.0270388067	0.1327348752	-0.023739834	-0.2679055692	0.109340979	0.0109302702	-0.2150716451	-0.0821768566	-0.1156240902	-0.1142248457	0.2432510478	0.0494009116	0.1336746628	-0.0228424318	-0.0075119618	-0.1323866295	-0.1129035845	-0.1544307322	0.190461131	-0.0817917762	-0.1946269748	0.060080214	0.1834750887	-0.075135074	0.2533819779	0.0670189447	-0.0303344674	0.0160243521	-0.0536618181	0.1064933571	-0.0037857624	0.0154350602	0.0625764637	-0.0724151714	-0.048800809	-0.0370228756	0.0126483424	0.2575024563	-0.1211887729	0.0071135401	-0.1854115317	-0.0748099687	0.0604818913	0.1604722577	-0.1897657912	0.1406400465	0.1049895901	-0.10928488	0.1206451269	0.0518119686	0.1541844683	-0.0041845979	0.1768915001	-0.263409082	0.0255472764	-0.0234470501	-0.0830148207	0.1279997465	-0.1440905697	-0.1431364837	-0.115016193	-0.1070025598	0.1658721869	0.0574227761	-0.0896791442	0.0150260394	0.036148211	0.0254723915	0.1027578494	0.0068079737	-0.2439324096	0.0063940752	-0.1603329587	-0.2317853675	-0.0729999119	-0.1022518637	-0.1352764213	0.0564937381	-0.0778169458	-0.0198435073	0.0032598548	0.0905670572	0.0693355668	-0.1621518973	0.08607766	-0.0535330518	0.0605012218	-0.2139607536	-0.0596083948	-0.1265053715	0.1158603633	-0.1029482989	0.0072450511	-0.1232925447	0.1063942335	-0.0799246852	0.0462651033	-0.23039241191195	0.0154863032940681	0.0002398255897158	0.0530806634666056	0.0733980181910283	-0.0325383652065909	0.0053872690743705	0.0010587452103174	-0.2206694883749733	-0.0927654726674944	0.0486950230996724	0.0086054329192236	0.0078142149478823	0.004275374633981	6.106195525170718e-05	1.827882826088817e-05	0.0053189391315953	0.0008250543809125	2.829111348561576e-05	6.80714731463073e-07	0.0007242349628964	0.0010861883675737	5.245162814815499e-07	1.1798051698524194e-06	0.0	0.0	0.0	0.0	0.0	0.0	0.0	0.0	0.0	0.0	0.0	0.0	0.0	0.0	0.0	0.0	0.0	0.0
899.45758300343	8.137127754181165	809023.9436223722	66.21284808786541	991.1274117910734	22.05349952943868	486.35684149495216	982333.546403672	810.6520908661621	0.7275829458989165	0.5293769431629456	657156.8124256803	812.3655286695137	727.8340539235016	1.665072	40.102974	0.6939983068098691	0.3269887542966996	0.2083620546	0.0564398672	-0.0228533196	-0.1585169432	0.2193587377	-0.0283409831	-0.0090038498	-0.0568193959	0.0845038742	-0.1489252732	0.2991769573	0.0340871828	-0.1968250502	-0.1640015088	-0.0989085653	0.1297775017	-0.0198446566	-0.0355284199	0.1217190575	0.1060215721	0.0727713751	0.0228468786	-0.1128086139	-0.0219881606	0.1573041925	0.0612462416	-0.1378408309	-0.1606610285	-0.0049587621	-0.0115899312	-0.0816099211	-0.1218269836	0.0817064996	0.1958086424	-0.0254832218	0.1017717643	0.1498407348	0.1378954051	-0.0326472454	0.0242979248	-0.1194543567	-0.1995589938	-0.0509178881	-0.0635050006	-0.0764622313	-0.0542532597	0.2050780591	0.1346420922	0.1273688645	0.1540548551	0.0394833925	0.0029166843	0.0631440837	0.0572125132	0.1643271535	-0.0343829389	-0.0318792655	-0.1548117235	0.0258946945	0.0213442595	-0.1018778124	-0.0624080406	0.1186292528	0.0332723479	0.0973723606	-0.0297346698	0.1899237518	-0.1293737443	-0.0254920445	-0.0230840179	0.0796988232	-0.1160506037	-0.0894838088	0.0797808351	0.1241570542	-0.1349069028	-0.1945296595	-0.047018244	-0.103061819	0.0229120938	0.0532136175	0.018256927	0.0017125668	0.2190376247	-0.0797761608	-0.1522761536	0.0108902366	-0.122997274	0.0243540716	0.0631858955	0.0626214839	-0.0665228401	-0.093133323	0.2380806157	0.0282338986	0.1672038132	-0.0301245863	0.1483357502	0.0036723587	-0.2648048339	-0.1143505257	0.1999719532	-0.1242524367	0.1100753719	-0.0876327994	0.0586099215	-0.3315231083104208	-0.1011306963984708	0.0102274177540396	0.109907571343803	0.1704424709731	0.0970444527820717	0.029050635911416	0.0094176258157717	-0.0230290009788518	0.1976404873961215	0.0005303348860839	0.0390617622581764	0.0047640485395355	-0.0030501664083468	2.269615848705033e-05	9.303515118607218e-06	0.0027888306503367	-0.0025301084812586	7.77757639625742e-06	6.401448926936699e-06	0.0003408564478377	-0.0003833785150587	1.1618311803253469e-07	1.469790858086139e-07	0.0	0.0	0.0	0.0	0.0	0.0	0.0	0.0	0.0	0.0	0.0	0.0	0.0	0.0	0.0	0.0	0.0	1.0
893.9889490497015	-5.468633953728499	799216.2410229899	29.9059573198722	984.5370720483924	-6.590339742681067	43.43257792396155	969313.2462376212	808.8988037946046	-1.7532870715574518	3.074015555290505	654317.2747803424	810.7430197478933	720.4713764048863	1.310605	31.56568	0.3557039461199071	0.1643898976541039	0.1109792333	0.1032728972	-0.0029213109	0.0811292436	0.1117597114	0.0486016754	-0.0229319839	-0.0766957377	0.0933834275	-0.0008032323	-0.2246122723	-0.0289243276	-0.086585813	-0.0560929581	0.1856255798	0.0252029954	0.0501966798	-0.046373185	-0.0441013308	-0.1324667367	0.1950838009	-0.1455644123	-0.1626074996	-0.1317744822	0.0096250901	-0.0649892205	-0.0458809537	0.109687615	-0.0611558908	0.169709041	-0.0881637596	0.026561378	-0.0151619771	0.0533010668	-0.1163771167	0.0421908399	-0.1344861681	-0.0256810019	-0.0261246517	-0.0653265146	0.1677984655	0.0931239938	-0.0917696519	0.112069641	0.0059673909	0.0116099565	0.0940994573	0.087161204	-0.1784897457	0.077424909	-0.1371646889	0.0760893541	-0.1319335647	-0.0403737766	0.0696394773	-0.2009673443	0.1028337131	-0.0323252186	0.0768468303	0.1483753112	0.0504475365	0.0348485833	0.0264556774	-0.0477856499	0.0299481431	0.0760632376	-0.0065320107	0.1324758422	-0.0521885153	-0.0970966797	0.0645947391	-0.0138112989	-0.0382913797	-0.0982891851	-0.1959890743	-0.0066070616	0.0609472629	0.0883094536	-0.0343785582	0.0202035146	0.1316374637	-0.1107646707	0.0695264235	0.1540945329	-0.0633772547	0.0343870084	0.0242253994	-0.1175483604	0.0100999027	0.0313107819	-0.0340328051	0.0815046549	-0.1309257068	-0.0645011495	0.1264603257	0.081044419	0.0056640259	0.1276378765	0.0321522596	0.011174532	-0.096239712	-0.0042879315	-0.1251271724	0.1134548014	-0.0948006283	0.0703125971	-0.3326134763195512	-0.0010903680091303	1.1889023953349296e-06	0.1106317246293766	0.0609499112845242	-0.1094925596885758	0.0037148916855913	0.0119886206271563	-0.1024210225373778	-0.079392021558526	0.010490065857602	0.0063030930871494	0.0035310755044379	-0.0012329730350976	1.2468494218041373e-05	1.520222505277788e-06	0.0015616165793428	-0.0012272140709939	2.4386463408783077e-06	1.5060543760454208e-06	0.0011952492790197	0.000854392831182	1.4286208389971123e-06	7.299871099751935e-07	0.0	0.0	0.0	0.0	0.0	0.0	0.0	0.0	0.0	0.0	0.0	0.0	0.0	0.0	0.0	0.0	0.0	0.0
890.44617863774	-3.5427704119615555	792894.3970505539	12.55122219187025	984.1430888432328	-0.3939832051595431	0.1552227659477866	968537.6193178992	806.862826602928	-2.035977191676693	4.145203125027714	651027.6209536666	809.4389653810965	695.4817349222366	1.193222	28.738552	0.1941510838463439	0.0891536024838032	0.0177795108	0.0127748666	-0.0809165486	0.0641950231	0.0629919599	0.0121072206	-0.108433142	0.0098898496	-0.0112447021	-0.0308906081	-0.0491303551	0.0275792118	0.0222322763	0.0343648154	-0.0961511354	0.0264658091	-0.0338130127	-0.0182261156	-0.1149317999	-0.0985058063	0.0348618707	-0.1166877364	0.1122106962	-0.0299893396	-0.1666131827	0.0211807883	-0.0876533707	-0.0978761933	0.0256431571	0.0010462985	0.0888040184	-0.0200793765	-0.0041449962	-0.082452457	-0.0059895738	-0.0085453494	0.0183746057	-0.0131517967	-0.0897696236	-0.1662819826	-0.0011148094	0.0523412912	-0.2057248074	0.0143332586	-0.0234193605	-0.0240134603	-0.0207902827	-0.0098289488	0.0610630256	-0.025843695	0.0659407838	0.0928333587	-0.0702604317	-0.1144069393	-0.1262051049	-0.0427955335	0.1787193707	0.1232042008	0.0573870536	0.0211542412	-0.1420128591	-0.068151682	-0.0916015755	0.0076288823	-0.0462714569	0.0632352764	-0.1010127777	-0.0218683777	0.050797984	0.075973714	0.0151771646	-0.0156438021	-0.0646415839	-0.0402111575	0.0605196488	-0.0971786757	-0.0492008543	0.2929019955	-0.01314439	0.0306770824	0.0318133689	0.0296253832	0.0624960225	0.0426756647	0.0076682495	-0.0400377228	-0.0438556932	-0.0020329494	-0.0226171906	-0.131411267	-0.1367888161	0.0300485807	0.0307761118	0.0477442552	-0.0922614581	-0.0378043163	-0.0013949448	0.0070529103	0.0883369837	-0.1083335894	0.0186050436	0.0276027796	-0.1259161521	0.1165232592	-0.1013839798	0.0812449131	-0.2817909402409668	0.0508225360785843	0.002582930173459	0.0794061340018881	0.0387649786699171	-0.0221849326146071	0.0015027235712791	0.0004921712351146	-0.1431380201042102	-0.0407169975668324	0.0204884927993532	0.0016578738908574	0.0041569492405899	0.0006258737361519	1.7280226988840942e-05	3.9171793360486266e-07	0.0024696524635463	0.0009080358842035	6.099183290700308e-06	8.245291670012323e-07	0.0012698720103906	7.462273137090014e-05	1.6125749227734642e-06	5.5685520372535235e-09	0.0	0.0	0.0	0.0	0.0	0.0	0.0	0.0	0.0	0.0	0.0	0.0	0.0	0.0	0.0	0.0	0.0	0.0
887.4013847400262	-3.0447938977138165	787481.217638516	9.270769879555294	975.868354264126	-8.274734579106848	68.47123235466658	952319.0448541736	806.3048091101434	-0.5580174927845292	0.311383522253532	650127.4451941448	807.6891677806648	680.2574553613769	0.982876	23.672403	0.1119747368346838	0.0547488246776673	0.000292618	-0.0331161117	0.0224871386	0.0561829001	0.0013956205	-0.0338734808	-0.0162631947	-0.0638971708	-0.0076526275	0.071698444	-0.0525802041	0.0334761083	0.0070536527	0.1074310397	0.0809173892	0.0551663641	0.092303509	-0.0285680666	0.0243107213	-0.0148075942	-0.0604842237	-0.126481679	-0.0564534287	0.1525556468	-0.0562918432	-0.0178512761	-0.0803565843	-0.0488896265	0.1513559692	0.0341969821	0.1142942201	0.0089396023	0.0762551264	-0.1568388536	0.0684523838	-0.0630263891	0.1665025642	-0.2231070337	-0.0667855067	0.0630884123	-0.0408419396	0.0726969399	0.0388132955	-0.0620419147	-0.0021550803	-0.0351467175	-0.0169148608	-0.1006801981	-0.0754972811	0.0558319486	-0.0364853577	-0.079758896	-0.016972858	0.0210983121	-0.083539571	-0.0777597878	0.0227741228	0.0696301487	-0.1412645219	0.0528331022	-0.083868512	-0.1267357811	-0.0857197438	-0.0683700374	-0.1853575831	0.0560630869	-0.0716247392	0.0639735883	-0.0195308336	0.1560460497	0.0440632782	0.1015434196	0.0113342408	0.2613279226	0.0546703229	0.0121251953	-0.0143662063	-0.0008481061	-0.0303636786	-0.0181644732	0.0411158175	-0.0615915251	0.1170364717	-0.0026880027	-0.0027510289	-0.0048315762	-0.005886886	0.0364540506	-0.008440961	-0.0642482683	-0.0469887713	0.043305562	0.0512412541	-0.0380754916	0.0083033638	-0.0269565205	-0.0090509817	0.025371944	0.0590682369	-0.0982252865	-0.0186550858	-0.0006148495	-0.1266188352	0.1192723348	-0.1073422654	0.0912870929	-0.2862858391599161	-0.0044948989189493	2.020411629157186e-05	0.0819595817034973	0.0746441971612483	0.0358792184913312	0.0055717561698473	0.0012873183195486	-0.1176669995844719	0.0254710205197383	0.0138455227912121	0.0006487728863169	0.0046821953720188	0.0005252461314289	2.1922953501754272e-05	2.758834985810261e-07	0.0028490314898823	0.0003793790263359	8.116980430340956e-06	1.439284456236512e-07	0.001287838830719	1.7966820328399946e-05	1.6585288539076812e-06	3.2280663271300556e-10	0.0	0.0	0.0	0.0	0.0	0.0	0.0	0.0	0.0	0.0	0.0	0.0	0.0	0.0	0.0	0.0	0.0	0.0
887.2953188477102	-0.1060658923159962	787292.9828490596	0.0112499735127885	969.678949827789	-6.189404436336986	38.30872727654796	940277.2657391236	807.6694876427026	1.3646785325591964	1.8623474972279213	652330.0012690257	809.2935761461565	672.9947870767397	0.953221	22.958151	0.2015684939874137	0.1023796093202412	-0.0233573181	-0.0544596204	-0.0034361419	0.0377399314	-0.0445026801	-0.0121040492	-0.0522435243	0.131919374	0.0473707035	0.0344865117	0.0054521302	-0.0143892984	-0.0139770323	-0.0371993509	0.1693251162	-0.0009971124	0.0140881443	0.0163912778	-0.1583342335	0.0336199515	-0.0560584942	-0.0572168827	0.0226791579	-0.0516986884	-0.0506940099	-0.1577325458	-0.0904011413	0.0947632375	0.2493437181	0.0518643283	0.0763632426	0.0029198012	-0.075989093	0.0504322816	0.025215172	0.1234472983	0.0236114767	-0.1135645231	-0.0153005465	0.1514290502	-0.0401011055	-0.0569728138	0.0935866338	0.1587756699	-0.1316280329	0.0063938663	0.0157981308	0.04923418	-0.1675233486	-0.0603427204	0.0599446816	-0.0497757699	0.0136968351	-0.1151027936	-0.0872018807	-0.0346117673	0.0091430555	-0.0049458999	0.0238469401	0.1591712343	0.0439429031	0.0614744773	-0.0695907917	-0.2975314113	-0.1116953521	-0.0437428828	0.0317815957	-0.0321023159	-0.0641164566	-0.0498942543	0.1336525473	0.0226959609	0.1970539051	0.0179350658	0.0372929419	-0.1154186952	0.0181853903	-0.0983965022	-0.0101145606	-0.0034535059	0.0133954938	-0.0060935726	0.0182071422	-0.0627564029	-0.0408700621	6.01032e-05	0.0327366279	-0.0168266365	-0.098491604	-0.1824883384	-0.064632589	0.045210624	0.0304752611	0.0380152512	-0.079651187	-0.010602301	-0.0915053292	-0.0349721096	0.0948020986	0.0400267852	0.0427228065	0.0416605581	-0.1272347401	0.1216944932	-0.1126387502	0.1003291122	-0.2497842535867107	0.0365015855732054	0.001332365749358	0.0623921733398701	-0.0085243177640279	-0.0831685149252762	7.266399334212162e-05	0.0069170018748758	-0.153866937825839	-0.036199938241367	0.0236750345559006	0.0013104355286787	0.0046861628119673	3.967439948499192e-06	2.196012190026527e-05	1.5740579744947273e-11	0.0033004668899776	0.0004514354000953	1.089308169183841e-05	2.037939204592038e-07	0.0008292725658115	-0.0004585662649075	6.876929884075886e-07	2.1028301931121546e-07	0.0	0.0	0.0	0.0	0.0	0.0	0.0	0.0	0.0	0.0	0.0	0.0	0.0	0.0	0.0	0.0	0.0	0.0
887.432342971304	0.1370241235938465	787536.1633515381	0.0187756104466617	966.2342711007724	-3.444678727016594	11.865811532360665	933608.6666496408	808.5380366575727	0.868549014870041	0.7543773912317187	653733.7567220823	810.5139472373124	678.641294188659	1.059083	25.507822	0.4300394331276872	0.2237134402019079	0.011462666	-0.0895304223	-0.0894115023	0.0367506304	-0.0798193955	-0.0847255851	-0.1706327532	0.0056271427	-0.1077142192	0.0676843001	-0.0252221659	0.0165897554	0.009888714	-0.1675834022	-0.00328828	0.0355495023	0.012814074	0.0266964823	0.0559446682	-0.0840381507	-0.058678793	-0.061677442	-0.022136166	-0.0168107706	0.0265785638	0.0253847771	0.1827913253	0.005429911	-0.0549518276	-0.0706953773	0.0579976062	-0.0171845969	0.1635103086	-0.1223176814	0.0900710149	-0.0241800318	-0.0741039925	-0.0950784145	-0.0566602142	0.0894853359	-0.1395070138	-0.0621380212	-0.1159043402	0.1212760241	-0.1288640174	-0.0247523608	-0.0167393854	0.1696217748	0.021698178	-0.0031139695	0.0219285216	-0.0482308699	0.0121757434	0.1020675912	-0.119197501	-0.0990207435	-0.0051319176	-0.0189000228	0.0081301335	-0.16314876	0.1848202584	-0.079859895	0.0079123309	0.0739042942	-0.0146720863	-0.0274419051	-0.1003325554	0.0627614855	-0.0244477129	0.1752868594	0.056280034	0.1320069322	0.06414763	-0.0899740898	0.1314470598	-0.1601781382	-0.0467992452	-0.0917292427	-0.0752427999	0.091554882	0.0026728129	0.0558191961	0.1343718976	-0.0453685005	0.0516831886	-0.0319386133	-0.1156514116	0.0253570763	-0.0283677131	0.0018545807	-0.0838623244	0.0018552921	-0.0277967143	-0.0361469853	0.036464225	0.0773831979	-0.025866039	0.0227974073	0.002399103	0.1253725838	0.0411918657	0.0590636348	-0.1277634447	0.1237830955	-0.1172407796	0.1082719048	-0.2678237866800685	-0.0180395330933578	0.0003254247542263	0.0717295807116508	0.1356294595738774	0.1441537773379053	0.018395350304302	0.0207803115207863	-0.0376270087095349	0.1162399291163041	0.0014157917844274	0.0135117211209634	0.0024152496079436	-0.0022709132040236	5.833430668671713e-06	5.157046780209186e-06	0.0029169679598421	-0.0003834989301355	8.508702078745383e-06	1.470714294150733e-07	0.0012069843032547	0.0003777117374431	1.4568111083032334e-06	1.4266615660236078e-07	0.0	0.0	0.0	0.0	0.0	0.0	0.0	0.0	0.0	0.0	0.0	0.0	0.0	0.0	0.0	0.0	0.0	0.0
885.9726246540729	-1.459718317231136	784947.4916364268	2.1307775656601	969.9312704763104	3.6969993755379846	13.667804382728248	940766.6694477896	805.2206641361271	-3.317372521445577	11.004960446042189	648380.3179518256	806.6075219534786	672.2944309418973	0.950054	22.881884	0.1019041442800087	0.0638283872157219	-0.0139024437	-0.114068087	-0.0256205346	0.0364444519	-0.0815974015	-0.0820426739	-0.0603877758	-0.060899855	0.0308763119	-0.0337686378	-0.0992484401	0.1102085187	0.0640839284	0.0275710876	0.0057275056	0.0025951641	0.0321067802	-0.0888452056	0.0918080851	0.0590001401	0.0945065874	-0.0188912459	-0.0733570539	-0.0743558669	-0.0582406146	0.0212722929	-9.87687e-05	0.044861955	-0.0905914967	0.0348923727	0.1218407808	-0.100048041	0.0631879407	-0.0545753424	-0.004863788	-0.0243093989	0.1963052477	0.0463893033	-0.1220116765	0.0358646239	0.0109887742	0.1350635215	-0.1192622843	-0.0861490269	0.1215359035	-0.1029862439	-0.0847837217	-0.0307878806	-0.0044393318	0.0317300534	-0.0719854285	0.0078195416	0.0287552441	-0.0002331507	0.0755925966	-0.0638918965	0.0439135823	-0.0123483128	0.0791697656	0.0345127314	-0.0741563617	-0.0190975092	0.015353063	0.0642163958	0.0731965119	0.0319636516	-0.19480528	-0.1307671878	-0.0311080087	0.078245855	-0.0065475198	0.0546631247	-0.0581876214	0.1497440119	-0.0428813696	-0.0560385858	-0.0518377499	0.0882727894	-0.0799084864	0.0579793315	0.0156520955	-0.0421130992	0.1240342857	-0.0667750118	0.0729516816	-0.0012720024	-0.0046480028	-0.0264341176	-0.0041512249	-0.0047257481	0.0113303661	0.0600055348	0.0584581813	0.0295275299	-0.0282507544	-0.1108291554	0.0175665774	-0.0032097379	-0.0140258404	0.062669255	0.0679161921	0.0684529061	-0.1282045865	0.1255324169	-0.1211199807	0.1150284477	-0.2753553695305299	-0.0075315828504614	5.672474023336434e-05	0.0758205795292946	0.1012727593056865	-0.0343567002681909	0.0102561717773875	0.0011803828533183	-0.0374290640765835	0.0001979446329513	0.0014009348376489	3.918207771426373e-08	0.0035062235838829	0.0010909739759393	1.2293603820176648e-05	1.1902242161768046e-06	0.0030071046158792	9.013665603710027e-05	9.042678170841992e-06	8.124616761550528e-09	0.001191736604663	-1.5247698591699811e-05	1.4202361348936958e-06	2.3249231234332442e-10	0.0	0.0	0.0	0.0	0.0	0.0	0.0	0.0	0.0	0.0	0.0	0.0	0.0	0.0	0.0	0.0	0.0	0.0
887.8652693573571	1.8926447032841909	788304.7365310122	3.582103972869702	972.0868725520309	2.155602075720481	4.646620308850444	944952.8877879884	805.5561816272383	0.3355174911112044	0.1125719868415571	648920.7617578561	806.8867585784968	666.8920635213934	0.8543429999999999	20.5767	0.0955898182563289	0.0623958380825257	0.0150844144	-0.1130905437	-0.0518682829	-0.1374819561	-0.0257284925	-0.0988314169	0.0281902759	-0.1205212134	0.0380885756	0.0080139793	0.0130145022	0.1359642346	0.0313970943	0.0312807181	-0.1284400812	0.0320991618	-0.0004734046	-0.0199855564	0.0636573014	-0.0826070612	-0.0433099714	-0.0422721459	-0.0093108417	-0.0029015887	-0.0832700604	-0.0395562641	0.1649290722	-0.0694600558	-0.1458096153	0.0678121142	0.0317347174	0.0617522683	-0.0340875515	0.0875597122	0.0160489279	0.0664769189	0.0649088408	0.0856166234	-0.0059757269	-0.0034704363	-0.0897296863	-0.1102295049	0.109796802	0.0235386463	-0.0185077962	-0.1242248543	-0.0498818726	-0.054357123	0.1242805783	0.0797504763	-0.0684509262	0.0250014188	0.0122239193	0.0904757388	-0.0666727992	-0.0335902107	-0.0065826169	0.0932079527	0.049410475	-0.0032283548	0.1113500894	0.029176432	0.0121628974	0.1172720043	0.1467011817	0.0824820253	-0.0244052322	-0.081083493	0.0033987491	-0.0483372589	0.0181597324	-0.0968238778	0.0074100023	0.0049031878	-0.0039739626	-0.0702513692	0.0298258543	-0.0525609204	-0.0918973983	0.1027600944	0.023447643	-0.0174962913	0.0915647856	-0.0411615208	0.0979595782	-0.0506965748	-0.0248461607	-0.0790848381	-0.0391106758	-0.0489976967	0.0669604074	-0.0131694143	0.0139414881	-0.0633796616	-0.058552917	0.0793732072	0.0158593218	-0.0550621902	0.0201225422	0.082619775	0.0170156963	-0.0197816407	-0.1285578634	0.1269376627	-0.1242524367	0.1205247148	-0.2786427747358857	-0.0032874052053558	1.0807032984200468e-05	0.0776417959125135	0.097383328326515	-0.0038894309791714	0.0094835126359498	1.512767334173892e-05	-0.0376865615213901	-0.0002574974448065	0.0014202769193055	6.63049340819263e-08	0.0024358741965746	-0.0010703493873083	5.933483101537954e-06	1.1456478109112532e-06	0.0024546265547413	-0.0005524780611379	6.025191523241144e-06	3.052320080386934e-07	0.0013320188487567	0.0001402822440936	1.7742742134431245e-06	1.967910800796441e-08	0.0	0.0	0.0	0.0	0.0	0.0	0.0	0.0	0.0	0.0	0.0	0.0	0.0	0.0	0.0	0.0	0.0	0.0
890.6482702722745	2.7830009149174657	793254.3413389946	7.745094092431451	978.704549153646	6.6176766016151305	43.793643603564384	957862.5945340416	806.6299873127195	1.0738056854812612	1.1530586501718814	650651.9364321181	808.2228858591067	682.5050682625658	0.865302	20.840651	0.0497443152051142	0.02474843714757	0.037680292	-0.0591359161	-0.0592151871	-0.0717473328	0.0376962281	-0.0797547247	0.0459976277	-0.0562777181	-0.0167378088	-0.0094673714	-0.0825240927	0.1129679496	-0.0126767638	0.0428304876	0.0230779288	0.0566523443	-0.0921367079	-0.009809311	0.0038649905	-0.0076545535	-0.0083454978	-0.1460557577	-0.0540607834	-0.0005325771	0.0656735601	0.1058156967	0.103864289	-0.0235676733	0.0963767292	-0.0069948185	-0.1579791749	5.4532e-05	0.0868698497	0.0124722075	0.0817426247	-0.001315622	0.0735767332	0.0545073201	-0.0862811919	0.0714945069	0.2029922071	0.1264025631	0.0586462478	-0.1692464002	0.0889574261	-0.1072536447	-0.0020028157	-0.0507388796	-0.0220896636	0.0496652478	0.0228124975	0.0857200384	0.0012039494	0.0516036817	-0.0055624756	-0.1513060651	-0.0623881696	0.0073763428	-0.053220271	-0.0721446647	0.0538800419	0.0726062841	0.1649649207	-0.0388609613	-0.0498472919	0.0306512745	0.0597396356	-0.0418335236	0.0374673301	0.0738569797	0.0181876777	-0.0284775594	-0.0519002014	0.1380267826	-0.0902918303	0.1003211271	-0.1171882612	0.0299298646	-0.0904468498	0.093256599	0.0202754606	-0.0307029163	0.0441602864	-0.0230709956	0.1334496222	0.010726344	-0.0292183008	-0.0679803855	-0.0516673764	-0.0246433808	-0.0567747539	0.1134461121	-0.0080308152	-0.0278166947	0.0787546624	-0.0209522464	0.1030762183	0.0025894874	-0.0538463605	0.0853524173	0.0204184395	-0.0523972515	-0.1288230331	0.1279949812	-0.1266188352	0.124700488	-0.267549924216496	0.0110928505193897	0.0001230513326455	0.0715829619482527	0.1018355019515269	0.0044521736250118	0.0103704694577194	1.982184998725154e-05	-0.0424082528922227	-0.0047216913708326	0.0017984599133707	2.229436940139505e-05	0.0020260205746671	-0.0004098536219075	4.104759368974406e-06	1.679799913906962e-07	0.0023268027280001	-0.0001278238267411	5.414010935028707e-06	1.6338930682764267e-08	0.0012801443036078	-5.187454514890013e-05	1.638769438059499e-06	2.690968434405278e-09	0.0	0.0	0.0	0.0	0.0	0.0	0.0	0.0	0.0	0.0	0.0	0.0	0.0	0.0	0.0	0.0	0.0	0.0
891.2092986945343	0.5610284222597102	794254.0140796036	0.3147528905832196	979.2396535565777	0.5351044029316654	0.2863367220368541	958910.2990976062	808.0222052089804	1.3922178962608314	1.938270670668935	652899.8841107836	809.6890470299782	693.2248246950436	0.840599	20.245678	0.082954492271458	0.0464785412185035	0.0611245	-0.0435508789	-0.0672583852	-0.0240475687	0.0437056566	-0.0508772302	-0.0957973179	-0.1130671932	0.0019745304	0.0881263174	0.0067857185	0.0721473674	0.011410421	-0.1311964793	-0.0056821025	0.0204792708	0.0092280474	-0.0753428229	0.0079304732	-0.0493494987	-0.1354806746	-0.0653383237	0.0881824053	-0.0407106003	0.0461839435	0.0536554233	0.1117735699	0.0932405427	-0.0656901674	0.0917487926	-0.011306072	-0.0043196934	-0.1063443047	0.0592903051	-0.0052787182	-0.092917745	-0.0593060426	-0.0207578022	0.0511630818	0.0428753332	0.1341266315	-0.0198762874	0.1170306245	-0.0550433539	0.010783122	-0.0756751111	-0.0098892844	0.1156848031	0.0155724986	0.0307903079	0.0301677483	-0.0440114334	0.1151408839	-0.0249966246	-0.1176051202	-0.0257233567	0.0322681156	-0.0269778575	0.0311876113	-0.0734231341	0.0241445595	0.0839928521	0.1339813785	-0.0453933021	0.0752315127	0.050735903	-0.0437612863	0.0610242073	-0.0045159793	-0.1439109644	-0.0888762479	0.0700513314	0.0389765965	-0.0099937495	-0.095170218	0.121685361	0.0071058562	-0.0343443584	-0.0956915414	0.0931667514	0.0177567607	-0.0607141554	0.0654185232	-0.004434531	0.1146685407	-0.0215641361	-0.0324600801	-0.0490831803	0.0092079273	-0.1105879697	-0.000875952	0.069160997	0.0958242646	-0.0077103025	-0.0270772196	-0.060869408	-0.0435513553	0.0207264738	-0.0827896166	0.019893036	0.0607755791	-0.0681312189	-0.1289999139	0.1287014744	-0.1282045865	0.1275100165	-0.2677694835123105	-0.0002195592958145	4.820628437856782e-08	0.0717004963004495	0.1149957873213054	0.0131602853697785	0.0132240311016469	0.000173193111014	-0.0556392264219027	-0.01323097352968	0.0030957235168277	0.000175058660543	0.0027425971820285	0.0007165766073614	7.5218393028706704e-06	5.134820342175745e-07	0.0024711298026245	0.0001443270746244	6.106482501419001e-06	2.0830304469637146e-08	0.0015461141031457	0.0002659697995379	2.3904688199460324e-06	7.073993426623076e-08	0.0	0.0	0.0	0.0	0.0	0.0	0.0	0.0	0.0	0.0	0.0	0.0	0.0	0.0	0.0	0.0	0.0	0.0
889.4424335932041	-1.7668651013301542	791107.8426762013	3.121812286298416	977.2716013590494	-1.968052197528209	3.8732294521956128	955059.7828228808	806.7744579040652	-1.2477473049151513	1.5568733369230234	650885.0259263983	808.4749327024404	684.9173733263358	0.821403	19.783342	0.0569740531213027	0.0272226562105603	0.0545060355	-0.0709412606	-0.0563072928	-0.0652640435	-0.0056726205	-0.0601684278	-0.071363168	-0.1404589054	0.0326491903	0.0897915604	0.0230633816	0.1022793365	0.0597121496	-0.1431536156	-0.014220632	-0.0088510923	0.0208053974	-0.1418536187	-0.0176817361	0.0083621683	0.022819362	0.021818578	-0.0073353275	-0.1088658377	0.0718073944	0.0897688969	0.0842682109	0.03937525	-0.0683312749	-0.0316122795	-0.0356830562	0.124944519	-0.0874599523	0.0959041287	0.0245249408	0.0064802386	-0.0294908624	0.0058968701	0.0549082351	0.0060282974	0.0226064157	-0.0954409278	0.0446765973	0.1271308489	0.0789181022	-0.097533768	-0.0648818733	0.1334047858	0.0455154235	0.066718735	-0.1153661667	-0.0039314971	0.1116069611	-0.0523614174	0.0308534747	-0.0424329064	-0.0525068673	-0.0582031914	0.0639125957	-0.108708679	0.1152322312	0.1272156975	-0.0450102869	0.0072002447	0.0666881922	0.0178530772	0.0748700551	-0.0699067972	-0.0160081186	-0.058453129	0.0064442753	0.0002138781	-0.0007512032	-0.0207606499	-0.0770909514	0.0666440387	0.063936865	-0.066555247	-0.1035915314	0.0964401555	0.0406746724	-0.062459935	0.0917800877	-0.0073474723	0.0480684067	-0.0130255354	-0.0350482156	-0.0724429458	0.0044195378	-0.0514134653	0.0639625575	0.0296062117	-0.0004312543	-0.1079043478	-0.0492448754	0.0250277319	-0.0463663782	-0.0461999919	0.0092866785	0.0567599144	0.0795664837	-0.1105027063	-0.1290883846	0.1290552057	-0.1289999139	0.1289225186	-0.2831029180316164	-0.0153334345193059	0.0002351142141578	0.0801472621980161	0.1112789127520414	-0.003716874569264	0.0123829964232764	1.3815156563641487e-05	-0.0565843956376355	-0.0009451692157328	0.0032017938296764	8.933448463689606e-07	0.0029992791112398	0.0002566819292112	8.995675187119405e-06	6.588561278363476e-08	0.0020969867911471	-0.0003741430114774	4.397353602245411e-06	1.39982993037378e-07	0.001654860658797	0.0001087465556512	2.738563800034041e-06	1.1825813366021286e-08	0.0	0.0	0.0	0.0	0.0	0.0	0.0	0.0	0.0	0.0	0.0	0.0	0.0	0.0	0.0	0.0	0.0	0.0
