
Wed Mar 11 11:06:02 CET 2026
cd /out/sourcedata/freesurfer/sub-v2s16x51274_ses-1
setenv SUBJECTS_DIR /out/sourcedata/freesurfer
/opt/freesurfer/bin/recon-all -autorecon1 -i /work/fmriprep_25_2_wf/sub_v2s16x51274_ses_1-2_wf/anat_fit_wf/anat_template_wf/anat_merge/sub-v2s16x51274_ses-1_run-1_T1w_noise_corrected_ras_template.nii.gz -noskullstrip -noT2pial -noFLAIRpial -openmp 16 -subjid sub-v2s16x51274_ses-1 -sd /out/sourcedata/freesurfer

subjid sub-v2s16x51274_ses-1
setenv SUBJECTS_DIR /out/sourcedata/freesurfer
FREESURFER_HOME /opt/freesurfer
Actual FREESURFER_HOME /opt/freesurfer
build-stamp.txt: freesurfer-linux-ubuntu22_x86_64-7.3.2-20220804-6354275
Linux dna048 5.14.0-427.37.1.el9_4.x86_64 #1 SMP PREEMPT_DYNAMIC Fri Sep 13 12:41:50 EDT 2024 x86_64 x86_64 x86_64 GNU/Linux
cputime      unlimited
filesize     unlimited
datasize     unlimited
stacksize    8192 kbytes
coredumpsize 0 kbytes
memoryuse    67108864 kbytes
vmemoryuse   unlimited
descriptors  1024 
memorylocked unlimited
maxproc      2061970 
maxlocks     unlimited
maxsignal    4126352 
maxmessage   819200 
maxnice      0 
maxrtprio    0 
maxrttime    unlimited

               total        used        free      shared  buff/cache   available
Mem:           1.0Ti        51Gi       774Gi        20Gi       181Gi       929Gi
Swap:             0B          0B          0B

########################################
program versions used
7.3.2 (freesurfer-linux-ubuntu22_x86_64-7.3.2-20220804-6354275)
7.3.2

ProgramName: lta_convert  ProgramArguments: lta_convert -all-info  ProgramVersion: 7.3.2  TimeStamp: 2026/03/11-10:06:02-GMT  BuildTime: Aug  4 2022 06:17:15  BuildStamp: freesurfer-linux-ubuntu22_x86_64-7.3.2-20220804-6354275  User: oesteban  Machine: dna048  Platform: Linux  PlatformVersion: 5.14.0-427.37.1.el9_4.x86_64  CompilerName: GCC  CompilerVersion: 8.4.0
ProgramName: mri_and  ProgramArguments: mri_and -all-info  ProgramVersion: 7.3.2  TimeStamp: 2026/03/11-10:06:02-GMT  BuildTime: Aug  4 2022 06:17:15  BuildStamp: freesurfer-linux-ubuntu22_x86_64-7.3.2-20220804-6354275  User: oesteban  Machine: dna048  Platform: Linux  PlatformVersion: 5.14.0-427.37.1.el9_4.x86_64  CompilerName: GCC  CompilerVersion: 8.4.0
ProgramName: mri_annotation2label  ProgramArguments: mri_annotation2label -all-info  ProgramVersion: 7.3.2  TimeStamp: 2026/03/11-10:06:02-GMT  BuildTime: Aug  4 2022 06:17:15  BuildStamp: freesurfer-linux-ubuntu22_x86_64-7.3.2-20220804-6354275  User: oesteban  Machine: dna048  Platform: Linux  PlatformVersion: 5.14.0-427.37.1.el9_4.x86_64  CompilerName: GCC  CompilerVersion: 8.4.0
ProgramName: mri_aparc2aseg  ProgramArguments: mri_aparc2aseg -all-info  ProgramVersion: 7.3.2  TimeStamp: 2026/03/11-10:06:02-GMT  BuildTime: Aug  4 2022 06:17:15  BuildStamp: freesurfer-linux-ubuntu22_x86_64-7.3.2-20220804-6354275  User: oesteban  Machine: dna048  Platform: Linux  PlatformVersion: 5.14.0-427.37.1.el9_4.x86_64  CompilerName: GCC  CompilerVersion: 8.4.0
ProgramName: mri_surf2volseg  ProgramArguments: mri_surf2volseg -all-info  ProgramVersion: 7.3.2  TimeStamp: 2026/03/11-10:06:02-GMT  BuildTime: Aug  4 2022 06:17:15  BuildStamp: freesurfer-linux-ubuntu22_x86_64-7.3.2-20220804-6354275  User: oesteban  Machine: dna048  Platform: Linux  PlatformVersion: 5.14.0-427.37.1.el9_4.x86_64  CompilerName: GCC  CompilerVersion: 8.4.0
ProgramName: mri_binarize  ProgramArguments: mri_binarize -all-info  ProgramVersion: 7.3.2  TimeStamp: 2026/03/11-10:06:02-GMT  BuildTime: Aug  4 2022 06:17:15  BuildStamp: freesurfer-linux-ubuntu22_x86_64-7.3.2-20220804-6354275  User: oesteban  Machine: dna048  Platform: Linux  PlatformVersion: 5.14.0-427.37.1.el9_4.x86_64  CompilerName: GCC  CompilerVersion: 8.4.0
ProgramName: mri_ca_label  ProgramArguments: mri_ca_label -all-info  ProgramVersion: 7.3.2  TimeStamp: 2026/03/11-10:06:02-GMT  BuildTime: Aug  4 2022 06:17:15  BuildStamp: freesurfer-linux-ubuntu22_x86_64-7.3.2-20220804-6354275  User: oesteban  Machine: dna048  Platform: Linux  PlatformVersion: 5.14.0-427.37.1.el9_4.x86_64  CompilerName: GCC  CompilerVersion: 8.4.0
ProgramName: mri_ca_normalize  ProgramArguments: mri_ca_normalize -all-info  ProgramVersion: 7.3.2  TimeStamp: 2026/03/11-10:06:02-GMT  BuildTime: Aug  4 2022 06:17:15  BuildStamp: freesurfer-linux-ubuntu22_x86_64-7.3.2-20220804-6354275  User: oesteban  Machine: dna048  Platform: Linux  PlatformVersion: 5.14.0-427.37.1.el9_4.x86_64  CompilerName: GCC  CompilerVersion: 8.4.0
ProgramName: mri_ca_register  ProgramArguments: mri_ca_register -all-info  ProgramVersion: 7.3.2  TimeStamp: 2026/03/11-10:06:02-GMT  BuildTime: Aug  4 2022 06:17:15  BuildStamp: freesurfer-linux-ubuntu22_x86_64-7.3.2-20220804-6354275  User: oesteban  Machine: dna048  Platform: Linux  PlatformVersion: 5.14.0-427.37.1.el9_4.x86_64  CompilerName: GCC  CompilerVersion: 8.4.0
ProgramName: mri_cc  ProgramArguments: mri_cc -all-info  ProgramVersion: 7.3.2  TimeStamp: 2026/03/11-10:06:02-GMT  BuildTime: Aug  4 2022 06:17:15  BuildStamp: freesurfer-linux-ubuntu22_x86_64-7.3.2-20220804-6354275  User: oesteban  Machine: dna048  Platform: Linux  PlatformVersion: 5.14.0-427.37.1.el9_4.x86_64  CompilerName: GCC  CompilerVersion: 8.4.0
ProgramName: mri_compute_overlap  ProgramArguments: mri_compute_overlap -all-info  ProgramVersion: 7.3.2  TimeStamp: 2026/03/11-10:06:02-GMT  BuildTime: Aug  4 2022 06:17:15  BuildStamp: freesurfer-linux-ubuntu22_x86_64-7.3.2-20220804-6354275  User: oesteban  Machine: dna048  Platform: Linux  PlatformVersion: 5.14.0-427.37.1.el9_4.x86_64  CompilerName: GCC  CompilerVersion: 8.4.0
ProgramName: mri_compute_seg_overlap  ProgramArguments: mri_compute_seg_overlap -all-info  ProgramVersion: 7.3.2  TimeStamp: 2026/03/11-10:06:02-GMT  BuildTime: Aug  4 2022 06:17:15  BuildStamp: freesurfer-linux-ubuntu22_x86_64-7.3.2-20220804-6354275  User: oesteban  Machine: dna048  Platform: Linux  PlatformVersion: 5.14.0-427.37.1.el9_4.x86_64  CompilerName: GCC  CompilerVersion: 8.4.0
ProgramName: mri_concat  ProgramArguments: mri_concat -all-info  ProgramVersion: 7.3.2  TimeStamp: 2026/03/11-10:06:02-GMT  BuildTime: Aug  4 2022 06:17:15  BuildStamp: freesurfer-linux-ubuntu22_x86_64-7.3.2-20220804-6354275  User: oesteban  Machine: dna048  Platform: Linux  PlatformVersion: 5.14.0-427.37.1.el9_4.x86_64  CompilerName: GCC  CompilerVersion: 8.4.0
ProgramName: mri_concatenate_lta  ProgramArguments: mri_concatenate_lta -all-info  ProgramVersion: 7.3.2  TimeStamp: 2026/03/11-10:06:02-GMT  BuildTime: Aug  4 2022 06:17:15  BuildStamp: freesurfer-linux-ubuntu22_x86_64-7.3.2-20220804-6354275  User: oesteban  Machine: dna048  Platform: Linux  PlatformVersion: 5.14.0-427.37.1.el9_4.x86_64  CompilerName: GCC  CompilerVersion: 8.4.0
mri_convert -all-info 
ProgramName: mri_convert  ProgramArguments: mri_convert -all-info  ProgramVersion: 7.3.2  TimeStamp: 2026/03/11-10:06:02-GMT  BuildTime: Aug  4 2022 06:17:15  BuildStamp: freesurfer-linux-ubuntu22_x86_64-7.3.2-20220804-6354275  User: oesteban  Machine: dna048  Platform: Linux  PlatformVersion: 5.14.0-427.37.1.el9_4.x86_64  CompilerName: GCC  CompilerVersion: 8.4.0
ProgramName: mri_diff  ProgramArguments: mri_diff -all-info  ProgramVersion: 7.3.2  TimeStamp: 2026/03/11-10:06:02-GMT  BuildTime: Aug  4 2022 06:17:15  BuildStamp: freesurfer-linux-ubuntu22_x86_64-7.3.2-20220804-6354275  User: oesteban  Machine: dna048  Platform: Linux  PlatformVersion: 5.14.0-427.37.1.el9_4.x86_64  CompilerName: GCC  CompilerVersion: 8.4.0
ProgramName: mri_edit_wm_with_aseg  ProgramArguments: mri_edit_wm_with_aseg -all-info  ProgramVersion: 7.3.2  TimeStamp: 2026/03/11-10:06:02-GMT  BuildTime: Aug  4 2022 06:17:15  BuildStamp: freesurfer-linux-ubuntu22_x86_64-7.3.2-20220804-6354275  User: oesteban  Machine: dna048  Platform: Linux  PlatformVersion: 5.14.0-427.37.1.el9_4.x86_64  CompilerName: GCC  CompilerVersion: 8.4.0
ProgramName: mri_em_register  ProgramArguments: mri_em_register -all-info  ProgramVersion: 7.3.2  TimeStamp: 2026/03/11-10:06:02-GMT  BuildTime: Aug  4 2022 06:17:15  BuildStamp: freesurfer-linux-ubuntu22_x86_64-7.3.2-20220804-6354275  User: oesteban  Machine: dna048  Platform: Linux  PlatformVersion: 5.14.0-427.37.1.el9_4.x86_64  CompilerName: GCC  CompilerVersion: 8.4.0
ProgramName: mri_fill  ProgramArguments: mri_fill -all-info  ProgramVersion: 7.3.2  TimeStamp: 2026/03/11-10:06:02-GMT  BuildTime: Aug  4 2022 06:17:15  BuildStamp: freesurfer-linux-ubuntu22_x86_64-7.3.2-20220804-6354275  User: oesteban  Machine: dna048  Platform: Linux  PlatformVersion: 5.14.0-427.37.1.el9_4.x86_64  CompilerName: GCC  CompilerVersion: 8.4.0
ProgramName: mri_fuse_segmentations  ProgramArguments: mri_fuse_segmentations -all-info  ProgramVersion: 7.3.2  TimeStamp: 2026/03/11-10:06:02-GMT  BuildTime: Aug  4 2022 06:17:15  BuildStamp: freesurfer-linux-ubuntu22_x86_64-7.3.2-20220804-6354275  User: oesteban  Machine: dna048  Platform: Linux  PlatformVersion: 5.14.0-427.37.1.el9_4.x86_64  CompilerName: GCC  CompilerVersion: 8.4.0
ProgramName: mri_fwhm  ProgramArguments: mri_fwhm -all-info  ProgramVersion: 7.3.2  TimeStamp: 2026/03/11-10:06:02-GMT  BuildTime: Aug  4 2022 06:17:15  BuildStamp: freesurfer-linux-ubuntu22_x86_64-7.3.2-20220804-6354275  User: oesteban  Machine: dna048  Platform: Linux  PlatformVersion: 5.14.0-427.37.1.el9_4.x86_64  CompilerName: GCC  CompilerVersion: 8.4.0
ProgramName: mri_gcut  ProgramArguments: mri_gcut -all-info  ProgramVersion: 7.3.2  TimeStamp: 2026/03/11-10:06:02-GMT  BuildTime: Aug  4 2022 06:17:15  BuildStamp: freesurfer-linux-ubuntu22_x86_64-7.3.2-20220804-6354275  User: oesteban  Machine: dna048  Platform: Linux  PlatformVersion: 5.14.0-427.37.1.el9_4.x86_64  CompilerName: GCC  CompilerVersion: 8.4.0
ProgramName: mri_info  ProgramArguments: mri_info -all-info  ProgramVersion: 7.3.2  TimeStamp: 2026/03/11-10:06:02-GMT  BuildTime: Aug  4 2022 06:17:15  BuildStamp: freesurfer-linux-ubuntu22_x86_64-7.3.2-20220804-6354275  User: oesteban  Machine: dna048  Platform: Linux  PlatformVersion: 5.14.0-427.37.1.el9_4.x86_64  CompilerName: GCC  CompilerVersion: 8.4.0
ProgramName: mri_label2label  ProgramArguments: mri_label2label -all-info  ProgramVersion: 7.3.2  TimeStamp: 2026/03/11-10:06:02-GMT  BuildTime: Aug  4 2022 06:17:15  BuildStamp: freesurfer-linux-ubuntu22_x86_64-7.3.2-20220804-6354275  User: oesteban  Machine: dna048  Platform: Linux  PlatformVersion: 5.14.0-427.37.1.el9_4.x86_64  CompilerName: GCC  CompilerVersion: 8.4.0
ProgramName: mri_label2vol  ProgramArguments: mri_label2vol -all-info  ProgramVersion: 7.3.2  TimeStamp: 2026/03/11-10:06:02-GMT  BuildTime: Aug  4 2022 06:17:15  BuildStamp: freesurfer-linux-ubuntu22_x86_64-7.3.2-20220804-6354275  User: oesteban  Machine: dna048  Platform: Linux  PlatformVersion: 5.14.0-427.37.1.el9_4.x86_64  CompilerName: GCC  CompilerVersion: 8.4.0
ProgramName: mri_log_likelihood  ProgramArguments: mri_log_likelihood -all-info  ProgramVersion: 7.3.2  TimeStamp: 2026/03/11-10:06:02-GMT  BuildTime: Aug  4 2022 06:17:15  BuildStamp: freesurfer-linux-ubuntu22_x86_64-7.3.2-20220804-6354275  User: oesteban  Machine: dna048  Platform: Linux  PlatformVersion: 5.14.0-427.37.1.el9_4.x86_64  CompilerName: GCC  CompilerVersion: 8.4.0
ProgramName: mri_mask  ProgramArguments: mri_mask -all-info  ProgramVersion: 7.3.2  TimeStamp: 2026/03/11-10:06:02-GMT  BuildTime: Aug  4 2022 06:17:15  BuildStamp: freesurfer-linux-ubuntu22_x86_64-7.3.2-20220804-6354275  User: oesteban  Machine: dna048  Platform: Linux  PlatformVersion: 5.14.0-427.37.1.el9_4.x86_64  CompilerName: GCC  CompilerVersion: 8.4.0
ProgramName: mri_matrix_multiply  ProgramArguments: mri_matrix_multiply -all-info  ProgramVersion: 7.3.2  TimeStamp: 2026/03/11-10:06:02-GMT  BuildTime: Aug  4 2022 06:17:15  BuildStamp: freesurfer-linux-ubuntu22_x86_64-7.3.2-20220804-6354275  User: oesteban  Machine: dna048  Platform: Linux  PlatformVersion: 5.14.0-427.37.1.el9_4.x86_64  CompilerName: GCC  CompilerVersion: 8.4.0
ProgramName: mri_normalize  ProgramArguments: mri_normalize -all-info  ProgramVersion: 7.3.2  TimeStamp: 2026/03/11-10:06:02-GMT  BuildTime: Aug  4 2022 06:17:15  BuildStamp: freesurfer-linux-ubuntu22_x86_64-7.3.2-20220804-6354275  User: oesteban  Machine: dna048  Platform: Linux  PlatformVersion: 5.14.0-427.37.1.el9_4.x86_64  CompilerName: GCC  CompilerVersion: 8.4.0
ProgramName: mri_normalize_tp2  ProgramArguments: mri_normalize_tp2 -all-info  ProgramVersion: 7.3.2  TimeStamp: 2026/03/11-10:06:02-GMT  BuildTime: Aug  4 2022 06:17:15  BuildStamp: freesurfer-linux-ubuntu22_x86_64-7.3.2-20220804-6354275  User: oesteban  Machine: dna048  Platform: Linux  PlatformVersion: 5.14.0-427.37.1.el9_4.x86_64  CompilerName: GCC  CompilerVersion: 8.4.0
ProgramName: mri_or  ProgramArguments: mri_or -all-info  ProgramVersion: 7.3.2  TimeStamp: 2026/03/11-10:06:03-GMT  BuildTime: Aug  4 2022 06:17:15  BuildStamp: freesurfer-linux-ubuntu22_x86_64-7.3.2-20220804-6354275  User: oesteban  Machine: dna048  Platform: Linux  PlatformVersion: 5.14.0-427.37.1.el9_4.x86_64  CompilerName: GCC  CompilerVersion: 8.4.0
ProgramName: mri_relabel_hypointensities  ProgramArguments: mri_relabel_hypointensities -all-info  ProgramVersion: 7.3.2  TimeStamp: 2026/03/11-10:06:03-GMT  BuildTime: Aug  4 2022 06:17:15  BuildStamp: freesurfer-linux-ubuntu22_x86_64-7.3.2-20220804-6354275  User: oesteban  Machine: dna048  Platform: Linux  PlatformVersion: 5.14.0-427.37.1.el9_4.x86_64  CompilerName: GCC  CompilerVersion: 8.4.0
ProgramName: mri_relabel_nonwm_hypos  ProgramArguments: mri_relabel_nonwm_hypos -all-info  ProgramVersion: 7.3.2  TimeStamp: 2026/03/11-10:06:03-GMT  BuildTime: Aug  4 2022 06:17:15  BuildStamp: freesurfer-linux-ubuntu22_x86_64-7.3.2-20220804-6354275  User: oesteban  Machine: dna048  Platform: Linux  PlatformVersion: 5.14.0-427.37.1.el9_4.x86_64  CompilerName: GCC  CompilerVersion: 8.4.0
ProgramName: mri_remove_neck  ProgramArguments: mri_remove_neck -all-info  ProgramVersion: 7.3.2  TimeStamp: 2026/03/11-10:06:03-GMT  BuildTime: Aug  4 2022 06:17:15  BuildStamp: freesurfer-linux-ubuntu22_x86_64-7.3.2-20220804-6354275  User: oesteban  Machine: dna048  Platform: Linux  PlatformVersion: 5.14.0-427.37.1.el9_4.x86_64  CompilerName: GCC  CompilerVersion: 8.4.0
7.3.2

ProgramName: mri_robust_register  ProgramArguments: mri_robust_register -all-info  ProgramVersion: 7.3.2  TimeStamp: 2026/03/11-10:06:03-GMT  BuildTime: Aug  4 2022 06:17:15  BuildStamp: freesurfer-linux-ubuntu22_x86_64-7.3.2-20220804-6354275  User: oesteban  Machine: dna048  Platform: Linux  PlatformVersion: 5.14.0-427.37.1.el9_4.x86_64  CompilerName: GCC  CompilerVersion: 8.4.0
7.3.2

ProgramName: mri_robust_template  ProgramArguments: mri_robust_template -all-info  ProgramVersion: 7.3.2  TimeStamp: 2026/03/11-10:06:03-GMT  BuildTime: Aug  4 2022 06:17:15  BuildStamp: freesurfer-linux-ubuntu22_x86_64-7.3.2-20220804-6354275  User: oesteban  Machine: dna048  Platform: Linux  PlatformVersion: 5.14.0-427.37.1.el9_4.x86_64  CompilerName: GCC  CompilerVersion: 8.4.0
ProgramName: mris_anatomical_stats  ProgramArguments: mris_anatomical_stats -all-info  ProgramVersion: 7.3.2  TimeStamp: 2026/03/11-10:06:03-GMT  BuildTime: Aug  4 2022 06:17:15  BuildStamp: freesurfer-linux-ubuntu22_x86_64-7.3.2-20220804-6354275  User: oesteban  Machine: dna048  Platform: Linux  PlatformVersion: 5.14.0-427.37.1.el9_4.x86_64  CompilerName: GCC  CompilerVersion: 8.4.0
ProgramName: mris_ca_label  ProgramArguments: mris_ca_label -all-info  ProgramVersion: 7.3.2  TimeStamp: 2026/03/11-10:06:03-GMT  BuildTime: Aug  4 2022 06:17:15  BuildStamp: freesurfer-linux-ubuntu22_x86_64-7.3.2-20220804-6354275  User: oesteban  Machine: dna048  Platform: Linux  PlatformVersion: 5.14.0-427.37.1.el9_4.x86_64  CompilerName: GCC  CompilerVersion: 8.4.0
ProgramName: mris_calc  ProgramArguments: mris_calc -all-info  ProgramVersion: 7.3.2  TimeStamp: 2026/03/11-10:06:03-GMT  BuildTime: Aug  4 2022 06:17:15  BuildStamp: freesurfer-linux-ubuntu22_x86_64-7.3.2-20220804-6354275  User: oesteban  Machine: dna048  Platform: Linux  PlatformVersion: 5.14.0-427.37.1.el9_4.x86_64  CompilerName: GCC  CompilerVersion: 8.4.0
ProgramName: mris_convert  ProgramArguments: mris_convert -all-info  ProgramVersion: 7.3.2  TimeStamp: 2026/03/11-10:06:03-GMT  BuildTime: Aug  4 2022 06:17:15  BuildStamp: freesurfer-linux-ubuntu22_x86_64-7.3.2-20220804-6354275  User: oesteban  Machine: dna048  Platform: Linux  PlatformVersion: 5.14.0-427.37.1.el9_4.x86_64  CompilerName: GCC  CompilerVersion: 8.4.0
ProgramName: mris_curvature  ProgramArguments: mris_curvature -all-info  ProgramVersion: 7.3.2  TimeStamp: 2026/03/11-10:06:03-GMT  BuildTime: Aug  4 2022 06:17:15  BuildStamp: freesurfer-linux-ubuntu22_x86_64-7.3.2-20220804-6354275  User: oesteban  Machine: dna048  Platform: Linux  PlatformVersion: 5.14.0-427.37.1.el9_4.x86_64  CompilerName: GCC  CompilerVersion: 8.4.0
ProgramName: mris_curvature_stats  ProgramArguments: mris_curvature_stats -all-info  ProgramVersion: 7.3.2  TimeStamp: 2026/03/11-10:06:03-GMT  BuildTime: Aug  4 2022 06:17:15  BuildStamp: freesurfer-linux-ubuntu22_x86_64-7.3.2-20220804-6354275  User: oesteban  Machine: dna048  Platform: Linux  PlatformVersion: 5.14.0-427.37.1.el9_4.x86_64  CompilerName: GCC  CompilerVersion: 8.4.0
ProgramName: mris_diff  ProgramArguments: mris_diff -all-info  ProgramVersion: 7.3.2  TimeStamp: 2026/03/11-10:06:03-GMT  BuildTime: Aug  4 2022 06:17:15  BuildStamp: freesurfer-linux-ubuntu22_x86_64-7.3.2-20220804-6354275  User: oesteban  Machine: dna048  Platform: Linux  PlatformVersion: 5.14.0-427.37.1.el9_4.x86_64  CompilerName: GCC  CompilerVersion: 8.4.0
ProgramName: mris_divide_parcellation  ProgramArguments: mris_divide_parcellation -all-info  ProgramVersion: 7.3.2  TimeStamp: 2026/03/11-10:06:03-GMT  BuildTime: Aug  4 2022 06:17:15  BuildStamp: freesurfer-linux-ubuntu22_x86_64-7.3.2-20220804-6354275  User: oesteban  Machine: dna048  Platform: Linux  PlatformVersion: 5.14.0-427.37.1.el9_4.x86_64  CompilerName: GCC  CompilerVersion: 8.4.0
ProgramName: mri_segment  ProgramArguments: mri_segment -all-info  ProgramVersion: 7.3.2  TimeStamp: 2026/03/11-10:06:03-GMT  BuildTime: Aug  4 2022 06:17:15  BuildStamp: freesurfer-linux-ubuntu22_x86_64-7.3.2-20220804-6354275  User: oesteban  Machine: dna048  Platform: Linux  PlatformVersion: 5.14.0-427.37.1.el9_4.x86_64  CompilerName: GCC  CompilerVersion: 8.4.0
ProgramName: mri_segstats  ProgramArguments: mri_segstats -all-info  ProgramVersion: 7.3.2  TimeStamp: 2026/03/11-10:06:03-GMT  BuildTime: Aug  4 2022 06:17:15  BuildStamp: freesurfer-linux-ubuntu22_x86_64-7.3.2-20220804-6354275  User: oesteban  Machine: dna048  Platform: Linux  PlatformVersion: 5.14.0-427.37.1.el9_4.x86_64  CompilerName: GCC  CompilerVersion: 8.4.0
ProgramName: mris_euler_number  ProgramArguments: mris_euler_number -all-info  ProgramVersion: 7.3.2  TimeStamp: 2026/03/11-10:06:03-GMT  BuildTime: Aug  4 2022 06:17:15  BuildStamp: freesurfer-linux-ubuntu22_x86_64-7.3.2-20220804-6354275  User: oesteban  Machine: dna048  Platform: Linux  PlatformVersion: 5.14.0-427.37.1.el9_4.x86_64  CompilerName: GCC  CompilerVersion: 8.4.0
ProgramName: mris_fix_topology  ProgramArguments: mris_fix_topology -all-info  ProgramVersion: 7.3.2  TimeStamp: 2026/03/11-10:06:03-GMT  BuildTime: Aug  4 2022 06:17:15  BuildStamp: freesurfer-linux-ubuntu22_x86_64-7.3.2-20220804-6354275  User: oesteban  Machine: dna048  Platform: Linux  PlatformVersion: 5.14.0-427.37.1.el9_4.x86_64  CompilerName: GCC  CompilerVersion: 8.4.0
ProgramName: mris_topo_fixer  ProgramArguments: mris_topo_fixer -all-info  ProgramVersion: 7.3.2  TimeStamp: 2026/03/11-10:06:03-GMT  BuildTime: Aug  4 2022 06:17:15  BuildStamp: freesurfer-linux-ubuntu22_x86_64-7.3.2-20220804-6354275  User: oesteban  Machine: dna048  Platform: Linux  PlatformVersion: 5.14.0-427.37.1.el9_4.x86_64  CompilerName: GCC  CompilerVersion: 8.4.0
ProgramName: mris_jacobian  ProgramArguments: mris_jacobian -all-info  ProgramVersion: 7.3.2  TimeStamp: 2026/03/11-10:06:03-GMT  BuildTime: Aug  4 2022 06:17:15  BuildStamp: freesurfer-linux-ubuntu22_x86_64-7.3.2-20220804-6354275  User: oesteban  Machine: dna048  Platform: Linux  PlatformVersion: 5.14.0-427.37.1.el9_4.x86_64  CompilerName: GCC  CompilerVersion: 8.4.0
ProgramName: mris_label2annot  ProgramArguments: mris_label2annot -all-info  ProgramVersion: 7.3.2  TimeStamp: 2026/03/11-10:06:03-GMT  BuildTime: Aug  4 2022 06:17:15  BuildStamp: freesurfer-linux-ubuntu22_x86_64-7.3.2-20220804-6354275  User: oesteban  Machine: dna048  Platform: Linux  PlatformVersion: 5.14.0-427.37.1.el9_4.x86_64  CompilerName: GCC  CompilerVersion: 8.4.0
ProgramName: mris_left_right_register  ProgramArguments: mris_left_right_register -all-info  ProgramVersion: 7.3.2  TimeStamp: 2026/03/11-10:06:03-GMT  BuildTime: Aug  4 2022 06:17:15  BuildStamp: freesurfer-linux-ubuntu22_x86_64-7.3.2-20220804-6354275  User: oesteban  Machine: dna048  Platform: Linux  PlatformVersion: 5.14.0-427.37.1.el9_4.x86_64  CompilerName: GCC  CompilerVersion: 8.4.0
ProgramName: mris_place_surface  ProgramArguments: mris_place_surface -all-info  ProgramVersion: 7.3.2  TimeStamp: 2026/03/11-10:06:03-GMT  BuildTime: Aug  4 2022 06:17:15  BuildStamp: freesurfer-linux-ubuntu22_x86_64-7.3.2-20220804-6354275  User: oesteban  Machine: dna048  Platform: Linux  PlatformVersion: 5.14.0-427.37.1.el9_4.x86_64  CompilerName: GCC  CompilerVersion: 8.4.0
ProgramName: mrisp_paint  ProgramArguments: mrisp_paint -all-info  ProgramVersion: 7.3.2  TimeStamp: 2026/03/11-10:06:03-GMT  BuildTime: Aug  4 2022 06:17:15  BuildStamp: freesurfer-linux-ubuntu22_x86_64-7.3.2-20220804-6354275  User: oesteban  Machine: dna048  Platform: Linux  PlatformVersion: 5.14.0-427.37.1.el9_4.x86_64  CompilerName: GCC  CompilerVersion: 8.4.0
ProgramName: mris_register  ProgramArguments: mris_register -all-info  ProgramVersion: 7.3.2  TimeStamp: 2026/03/11-10:06:03-GMT  BuildTime: Aug  4 2022 06:17:15  BuildStamp: freesurfer-linux-ubuntu22_x86_64-7.3.2-20220804-6354275  User: oesteban  Machine: dna048  Platform: Linux  PlatformVersion: 5.14.0-427.37.1.el9_4.x86_64  CompilerName: GCC  CompilerVersion: 8.4.0
ProgramName: mris_smooth  ProgramArguments: mris_smooth -all-info  ProgramVersion: 7.3.2  TimeStamp: 2026/03/11-10:06:03-GMT  BuildTime: Aug  4 2022 06:17:15  BuildStamp: freesurfer-linux-ubuntu22_x86_64-7.3.2-20220804-6354275  User: oesteban  Machine: dna048  Platform: Linux  PlatformVersion: 5.14.0-427.37.1.el9_4.x86_64  CompilerName: GCC  CompilerVersion: 8.4.0
ProgramName: mris_sphere  ProgramArguments: mris_sphere -all-info  ProgramVersion: 7.3.2  TimeStamp: 2026/03/11-10:06:03-GMT  BuildTime: Aug  4 2022 06:17:15  BuildStamp: freesurfer-linux-ubuntu22_x86_64-7.3.2-20220804-6354275  User: oesteban  Machine: dna048  Platform: Linux  PlatformVersion: 5.14.0-427.37.1.el9_4.x86_64  CompilerName: GCC  CompilerVersion: 8.4.0
ProgramName: mris_surface_stats  ProgramArguments: mris_surface_stats -all-info  ProgramVersion: 7.3.2  TimeStamp: 2026/03/11-10:06:03-GMT  BuildTime: Aug  4 2022 06:17:15  BuildStamp: freesurfer-linux-ubuntu22_x86_64-7.3.2-20220804-6354275  User: oesteban  Machine: dna048  Platform: Linux  PlatformVersion: 5.14.0-427.37.1.el9_4.x86_64  CompilerName: GCC  CompilerVersion: 8.4.0
ProgramName: mri_stats2seg  ProgramArguments: mri_stats2seg -all-info  ProgramVersion: 7.3.2  TimeStamp: 2026/03/11-10:06:03-GMT  BuildTime: Aug  4 2022 06:17:15  BuildStamp: freesurfer-linux-ubuntu22_x86_64-7.3.2-20220804-6354275  User: oesteban  Machine: dna048  Platform: Linux  PlatformVersion: 5.14.0-427.37.1.el9_4.x86_64  CompilerName: GCC  CompilerVersion: 8.4.0
ProgramName: mris_thickness  ProgramArguments: mris_thickness -all-info  ProgramVersion: 7.3.2  TimeStamp: 2026/03/11-10:06:03-GMT  BuildTime: Aug  4 2022 06:17:15  BuildStamp: freesurfer-linux-ubuntu22_x86_64-7.3.2-20220804-6354275  User: oesteban  Machine: dna048  Platform: Linux  PlatformVersion: 5.14.0-427.37.1.el9_4.x86_64  CompilerName: GCC  CompilerVersion: 8.4.0
ProgramName: mris_thickness_diff  ProgramArguments: mris_thickness_diff -all-info  ProgramVersion: 7.3.2  TimeStamp: 2026/03/11-10:06:03-GMT  BuildTime: Aug  4 2022 06:17:15  BuildStamp: freesurfer-linux-ubuntu22_x86_64-7.3.2-20220804-6354275  User: oesteban  Machine: dna048  Platform: Linux  PlatformVersion: 5.14.0-427.37.1.el9_4.x86_64  CompilerName: GCC  CompilerVersion: 8.4.0
ProgramName: mris_topo_fixer  ProgramArguments: mris_topo_fixer -all-info  ProgramVersion: 7.3.2  TimeStamp: 2026/03/11-10:06:03-GMT  BuildTime: Aug  4 2022 06:17:15  BuildStamp: freesurfer-linux-ubuntu22_x86_64-7.3.2-20220804-6354275  User: oesteban  Machine: dna048  Platform: Linux  PlatformVersion: 5.14.0-427.37.1.el9_4.x86_64  CompilerName: GCC  CompilerVersion: 8.4.0
ProgramName: mri_surf2surf  ProgramArguments: mri_surf2surf -all-info  ProgramVersion: 7.3.2  TimeStamp: 2026/03/11-10:06:03-GMT  BuildTime: Aug  4 2022 06:17:15  BuildStamp: freesurfer-linux-ubuntu22_x86_64-7.3.2-20220804-6354275  User: oesteban  Machine: dna048  Platform: Linux  PlatformVersion: 5.14.0-427.37.1.el9_4.x86_64  CompilerName: GCC  CompilerVersion: 8.4.0
ProgramName: mri_surf2vol  ProgramArguments: mri_surf2vol -all-info  ProgramVersion: 7.3.2  TimeStamp: 2026/03/11-10:06:03-GMT  BuildTime: Aug  4 2022 06:17:15  BuildStamp: freesurfer-linux-ubuntu22_x86_64-7.3.2-20220804-6354275  User: oesteban  Machine: dna048  Platform: Linux  PlatformVersion: 5.14.0-427.37.1.el9_4.x86_64  CompilerName: GCC  CompilerVersion: 8.4.0
ProgramName: mri_surfcluster  ProgramArguments: mri_surfcluster -all-info  ProgramVersion: 7.3.2  TimeStamp: 2026/03/11-10:06:03-GMT  BuildTime: Aug  4 2022 06:17:15  BuildStamp: freesurfer-linux-ubuntu22_x86_64-7.3.2-20220804-6354275  User: oesteban  Machine: dna048  Platform: Linux  PlatformVersion: 5.14.0-427.37.1.el9_4.x86_64  CompilerName: GCC  CompilerVersion: 8.4.0
ProgramName: mris_volmask  ProgramArguments: mris_volmask -all-info  ProgramVersion: 7.3.2  TimeStamp: 2026/03/11-10:06:03-GMT  BuildTime: Aug  4 2022 06:17:15  BuildStamp: freesurfer-linux-ubuntu22_x86_64-7.3.2-20220804-6354275  User: oesteban  Machine: dna048  Platform: Linux  PlatformVersion: 5.14.0-427.37.1.el9_4.x86_64  CompilerName: GCC  CompilerVersion: 8.4.0
ProgramName: mri_tessellate  ProgramArguments: mri_tessellate -all-info  ProgramVersion: 7.3.2  TimeStamp: 2026/03/11-10:06:03-GMT  BuildTime: Aug  4 2022 06:17:15  BuildStamp: freesurfer-linux-ubuntu22_x86_64-7.3.2-20220804-6354275  User: oesteban  Machine: dna048  Platform: Linux  PlatformVersion: 5.14.0-427.37.1.el9_4.x86_64  CompilerName: GCC  CompilerVersion: 8.4.0
ProgramName: mri_vol2surf  ProgramArguments: mri_vol2surf -all-info  ProgramVersion: 7.3.2  TimeStamp: 2026/03/11-10:06:03-GMT  BuildTime: Aug  4 2022 06:17:15  BuildStamp: freesurfer-linux-ubuntu22_x86_64-7.3.2-20220804-6354275  User: oesteban  Machine: dna048  Platform: Linux  PlatformVersion: 5.14.0-427.37.1.el9_4.x86_64  CompilerName: GCC  CompilerVersion: 8.4.0
ProgramName: mri_vol2vol  ProgramArguments: mri_vol2vol -all-info  ProgramVersion: 7.3.2  TimeStamp: 2026/03/11-10:06:03-GMT  BuildTime: Aug  4 2022 06:17:15  BuildStamp: freesurfer-linux-ubuntu22_x86_64-7.3.2-20220804-6354275  User: oesteban  Machine: dna048  Platform: Linux  PlatformVersion: 5.14.0-427.37.1.el9_4.x86_64  CompilerName: GCC  CompilerVersion: 8.4.0
ProgramName: mri_voldiff  ProgramArguments: mri_voldiff -all-info  ProgramVersion: 7.3.2  TimeStamp: 2026/03/11-10:06:03-GMT  BuildTime: Aug  4 2022 06:17:15  BuildStamp: freesurfer-linux-ubuntu22_x86_64-7.3.2-20220804-6354275  User: oesteban  Machine: dna048  Platform: Linux  PlatformVersion: 5.14.0-427.37.1.el9_4.x86_64  CompilerName: GCC  CompilerVersion: 8.4.0
ProgramName: mri_watershed  ProgramArguments: mri_watershed -all-info  ProgramVersion: 7.3.2  TimeStamp: 2026/03/11-10:06:03-GMT  BuildTime: Aug  4 2022 06:17:15  BuildStamp: freesurfer-linux-ubuntu22_x86_64-7.3.2-20220804-6354275  User: oesteban  Machine: dna048  Platform: Linux  PlatformVersion: 5.14.0-427.37.1.el9_4.x86_64  CompilerName: GCC  CompilerVersion: 8.4.0
ProgramName: tkregister2  ProgramArguments: tkregister2_cmdl -all-info  ProgramVersion: 7.3.2  TimeStamp: 2026/03/11-10:06:03-GMT  BuildTime: Aug  4 2022 06:17:15  BuildStamp: freesurfer-linux-ubuntu22_x86_64-7.3.2-20220804-6354275  User: oesteban  Machine: dna048  Platform: Linux  PlatformVersion: 5.14.0-427.37.1.el9_4.x86_64  CompilerName: GCC  CompilerVersion: 8.4.0
mri_motion_correct.fsl 7.3.2
mri_convert -all-info 
ProgramName: mri_convert  ProgramArguments: mri_convert -all-info  ProgramVersion: 7.3.2  TimeStamp: 2026/03/11-10:06:03-GMT  BuildTime: Aug  4 2022 06:17:15  BuildStamp: freesurfer-linux-ubuntu22_x86_64-7.3.2-20220804-6354275  User: oesteban  Machine: dna048  Platform: Linux  PlatformVersion: 5.14.0-427.37.1.el9_4.x86_64  CompilerName: GCC  CompilerVersion: 8.4.0
Program nu_correct, built from:
Package MNI N3, version 1.12.0, compiled by nicks@terrier (x86_64-unknown-linux-gnu) on 2015-06-19 at 01:25:34
#######################################
GCADIR /opt/freesurfer/average
GCA RB_all_2020-01-02.gca
GCASkull RB_all_withskull_2020_01_02.gca
AvgCurvTif folding.atlas.acfb40.noaparc.i12.2016-08-02.tif
GCSDIR /opt/freesurfer/average
GCS DKaparc.atlas.acfb40.noaparc.i12.2016-08-02.gcs
#######################################
/out/sourcedata/freesurfer/sub-v2s16x51274_ses-1

 mri_convert /work/fmriprep_25_2_wf/sub_v2s16x51274_ses_1-2_wf/anat_fit_wf/anat_template_wf/anat_merge/sub-v2s16x51274_ses-1_run-1_T1w_noise_corrected_ras_template.nii.gz /out/sourcedata/freesurfer/sub-v2s16x51274_ses-1/mri/orig/001.mgz 

mri_convert /work/fmriprep_25_2_wf/sub_v2s16x51274_ses_1-2_wf/anat_fit_wf/anat_template_wf/anat_merge/sub-v2s16x51274_ses-1_run-1_T1w_noise_corrected_ras_template.nii.gz /out/sourcedata/freesurfer/sub-v2s16x51274_ses-1/mri/orig/001.mgz 
reading from /work/fmriprep_25_2_wf/sub_v2s16x51274_ses_1-2_wf/anat_fit_wf/anat_template_wf/anat_merge/sub-v2s16x51274_ses-1_run-1_T1w_noise_corrected_ras_template.nii.gz...
TR=0.00, TE=0.00, TI=0.00, flip angle=0.00
i_ras = (1, 0, 0)
j_ras = (0, 1, 0)
k_ras = (0, 0, 1)
writing to /out/sourcedata/freesurfer/sub-v2s16x51274_ses-1/mri/orig/001.mgz...
#--------------------------------------------
#@# MotionCor Wed Mar 11 11:06:06 CET 2026
Found 1 runs
/out/sourcedata/freesurfer/sub-v2s16x51274_ses-1/mri/orig/001.mgz
Checking for (invalid) multi-frame inputs...
Only one run found so motion
correction will not be performed. I'll
copy the run to rawavg and continue.

 cp /out/sourcedata/freesurfer/sub-v2s16x51274_ses-1/mri/orig/001.mgz /out/sourcedata/freesurfer/sub-v2s16x51274_ses-1/mri/rawavg.mgz 


 mri_info /out/sourcedata/freesurfer/sub-v2s16x51274_ses-1/mri/rawavg.mgz 

rawavg.mgz ========================================
Volume information for /out/sourcedata/freesurfer/sub-v2s16x51274_ses-1/mri/rawavg.mgz
          type: MGH
    dimensions: 160 x 240 x 256
   voxel sizes: 1.200000, 1.000000, 1.000000
          type: FLOAT (3)
           fov: 256.000
           dof: 1
        xstart: -96.0, xend: 96.0
        ystart: -120.0, yend: 120.0
        zstart: -128.0, zend: 128.0
            TR: 0.00 msec, TE: 0.00 msec, TI: 0.00 msec, flip angle: 0.00 degrees
       nframes: 1
       PhEncDir: UNKNOWN
       FieldStrength: 0.000000
ras xform present
    xform info: x_r =   1.0000, y_r =   0.0000, z_r =   0.0000, c_r =     0.5999
              : x_a =   0.0000, y_a =   1.0000, z_a =   0.0000, c_a =     4.6267
              : x_s =   0.0000, y_s =   0.0000, z_s =   1.0000, c_s =    -7.4746

talairach xfm : 
Orientation   : RAS
Primary Slice Direction: axial

voxel to ras transform:
                1.2000   0.0000   0.0000   -95.4001
                0.0000   1.0000   0.0000  -115.3733
                0.0000   0.0000   1.0000  -135.4746
                0.0000   0.0000   0.0000     1.0000

voxel-to-ras determinant 1.2

ras to voxel transform:
                0.8333   0.0000   0.0000    79.5001
                0.0000   1.0000   0.0000   115.3733
                0.0000   0.0000   1.0000   135.4746
                0.0000   0.0000   0.0000     1.0000
/out/sourcedata/freesurfer/sub-v2s16x51274_ses-1

 mri_convert /out/sourcedata/freesurfer/sub-v2s16x51274_ses-1/mri/rawavg.mgz /out/sourcedata/freesurfer/sub-v2s16x51274_ses-1/mri/orig.mgz --conform 

mri_convert /out/sourcedata/freesurfer/sub-v2s16x51274_ses-1/mri/rawavg.mgz /out/sourcedata/freesurfer/sub-v2s16x51274_ses-1/mri/orig.mgz --conform 
reading from /out/sourcedata/freesurfer/sub-v2s16x51274_ses-1/mri/rawavg.mgz...
TR=0.00, TE=0.00, TI=0.00, flip angle=0.00
i_ras = (1, 0, 0)
j_ras = (0, 1, 0)
k_ras = (0, 0, 1)
changing data type from float to uchar (noscale = 0)...
MRIchangeType: Building histogram -54.4999 942.107 1000, flo=0, fhi=0.999, dest_type=0
Reslicing using trilinear interpolation 
writing to /out/sourcedata/freesurfer/sub-v2s16x51274_ses-1/mri/orig.mgz...

 mri_add_xform_to_header -c /out/sourcedata/freesurfer/sub-v2s16x51274_ses-1/mri/transforms/talairach.xfm /out/sourcedata/freesurfer/sub-v2s16x51274_ses-1/mri/orig.mgz /out/sourcedata/freesurfer/sub-v2s16x51274_ses-1/mri/orig.mgz 

INFO: extension is mgz

 mri_info /out/sourcedata/freesurfer/sub-v2s16x51274_ses-1/mri/orig.mgz 

orig.mgz ========================================
Volume information for /out/sourcedata/freesurfer/sub-v2s16x51274_ses-1/mri/orig.mgz
          type: MGH
    dimensions: 256 x 256 x 256
   voxel sizes: 1.000000, 1.000000, 1.000000
          type: UCHAR (0)
           fov: 256.000
           dof: 1
        xstart: -128.0, xend: 128.0
        ystart: -128.0, yend: 128.0
        zstart: -128.0, zend: 128.0
            TR: 0.00 msec, TE: 0.00 msec, TI: 0.00 msec, flip angle: 0.00 degrees
       nframes: 1
       PhEncDir: UNKNOWN
       FieldStrength: 0.000000
ras xform present
    xform info: x_r =  -1.0000, y_r =   0.0000, z_r =   0.0000, c_r =     0.5998
              : x_a =   0.0000, y_a =   0.0000, z_a =   1.0000, c_a =     4.6267
              : x_s =   0.0000, y_s =  -1.0000, z_s =   0.0000, c_s =    -7.4746

talairach xfm : /out/sourcedata/freesurfer/sub-v2s16x51274_ses-1/mri/transforms/talairach.xfm
Orientation   : LIA
Primary Slice Direction: coronal

voxel to ras transform:
               -1.0000   0.0000   0.0000   128.5999
                0.0000   0.0000   1.0000  -123.3733
                0.0000  -1.0000   0.0000   120.5254
                0.0000   0.0000   0.0000     1.0000

voxel-to-ras determinant -1

ras to voxel transform:
               -1.0000  -0.0000  -0.0000   128.5999
               -0.0000  -0.0000  -1.0000   120.5254
               -0.0000   1.0000  -0.0000   123.3733
               -0.0000  -0.0000  -0.0000     1.0000
#--------------------------------------------
#@# Talairach Wed Mar 11 11:06:13 CET 2026
/out/sourcedata/freesurfer/sub-v2s16x51274_ses-1/mri

 mri_nu_correct.mni --no-rescale --i orig.mgz --o orig_nu.mgz --ants-n4 --n 1 --proto-iters 1000 --distance 50 

/usr/bin/bc
/out/sourcedata/freesurfer/sub-v2s16x51274_ses-1/mri
/opt/freesurfer/bin/mri_nu_correct.mni
--no-rescale --i orig.mgz --o orig_nu.mgz --ants-n4 --n 1 --proto-iters 1000 --distance 50
nIters 1
mri_nu_correct.mni 7.3.2
Linux dna048 5.14.0-427.37.1.el9_4.x86_64 #1 SMP PREEMPT_DYNAMIC Fri Sep 13 12:41:50 EDT 2024 x86_64 x86_64 x86_64 GNU/Linux
Wed Mar 11 11:06:13 CET 2026
tmpdir is ./tmp.mri_nu_correct.mni.117970
cd /out/sourcedata/freesurfer/sub-v2s16x51274_ses-1/mri
AntsN4BiasFieldCorrectionFs -i orig.mgz -o ./tmp.mri_nu_correct.mni.117970/nu0.mgz --dtype uchar
AntsN4BiasFieldCorrectionFs done
mri_convert ./tmp.mri_nu_correct.mni.117970/nu0.mgz orig_nu.mgz --like orig.mgz --conform
mri_convert ./tmp.mri_nu_correct.mni.117970/nu0.mgz orig_nu.mgz --like orig.mgz --conform 
reading from ./tmp.mri_nu_correct.mni.117970/nu0.mgz...
TR=0.00, TE=0.00, TI=0.00, flip angle=0.00
i_ras = (-1, 0, 0)
j_ras = (0, 0, -1)
k_ras = (0, 1, 0)
INFO: transform src into the like-volume: orig.mgz
writing to orig_nu.mgz...
 
 
Wed Mar 11 11:09:08 CET 2026
mri_nu_correct.mni done

 talairach_avi --i orig_nu.mgz --xfm transforms/talairach.auto.xfm 

talairach_avi log file is transforms/talairach_avi.log...
mv -f /out/sourcedata/freesurfer/sub-v2s16x51274_ses-1/mri/talsrcimg_to_711-2C_as_mni_average_305_t4_vox2vox.txt /out/sourcedata/freesurfer/sub-v2s16x51274_ses-1/mri/transforms/talsrcimg_to_711-2C_as_mni_average_305_t4_vox2vox.txt
Started at Wed Mar 11 11:09:08 CET 2026
Ended   at Wed Mar 11 11:10:35 CET 2026
talairach_avi done

 cp transforms/talairach.auto.xfm transforms/talairach.xfm 

lta_convert --src orig.mgz --trg /opt/freesurfer/average/mni305.cor.mgz --inxfm transforms/talairach.xfm --outlta transforms/talairach.xfm.lta --subject fsaverage --ltavox2vox
7.3.2

--src: orig.mgz src image (geometry).
--trg: /opt/freesurfer/average/mni305.cor.mgz trg image (geometry).
--inmni: transforms/talairach.xfm input MNI/XFM transform.
--outlta: transforms/talairach.xfm.lta output LTA.
--s: fsaverage subject name
--ltavox2vox: output LTA as VOX_TO_VOX transform.
 LTA read, type : 1
 1.03352  -0.10596   0.00326  -0.47435;
 0.12116   1.06343   0.22481  -18.37024;
-0.02188  -0.19888   1.13327  -2.27344;
 0.00000   0.00000   0.00000   1.00000;
setting subject to fsaverage
Writing  LTA to file transforms/talairach.xfm.lta...
lta_convert successful.
#--------------------------------------------
#@# Talairach Failure Detection Wed Mar 11 11:10:37 CET 2026
/out/sourcedata/freesurfer/sub-v2s16x51274_ses-1/mri

 talairach_afd -T 0.005 -xfm transforms/talairach.xfm 

talairach_afd: Talairach Transform: transforms/talairach.xfm OK (p=0.7475, pval=0.6675 >= threshold=0.0050)

 awk -f /opt/freesurfer/bin/extract_talairach_avi_QA.awk /out/sourcedata/freesurfer/sub-v2s16x51274_ses-1/mri/transforms/talairach_avi.log 


 tal_QC_AZS /out/sourcedata/freesurfer/sub-v2s16x51274_ses-1/mri/transforms/talairach_avi.log 

TalAviQA: 0.98240
z-score: 0
#--------------------------------------------
#@# Nu Intensity Correction Wed Mar 11 11:10:37 CET 2026

 mri_nu_correct.mni --i orig.mgz --o nu.mgz --uchar transforms/talairach.xfm --n 2 --ants-n4 

/usr/bin/bc
/out/sourcedata/freesurfer/sub-v2s16x51274_ses-1/mri
/opt/freesurfer/bin/mri_nu_correct.mni
--i orig.mgz --o nu.mgz --uchar transforms/talairach.xfm --n 2 --ants-n4
nIters 2
mri_nu_correct.mni 7.3.2
Linux dna048 5.14.0-427.37.1.el9_4.x86_64 #1 SMP PREEMPT_DYNAMIC Fri Sep 13 12:41:50 EDT 2024 x86_64 x86_64 x86_64 GNU/Linux
Wed Mar 11 11:10:37 CET 2026
tmpdir is ./tmp.mri_nu_correct.mni.118973
cd /out/sourcedata/freesurfer/sub-v2s16x51274_ses-1/mri
AntsN4BiasFieldCorrectionFs -i orig.mgz -o ./tmp.mri_nu_correct.mni.118973/nu0.mgz --dtype uchar
AntsN4BiasFieldCorrectionFs done
mri_binarize --i ./tmp.mri_nu_correct.mni.118973/nu0.mgz --min -1 --o ./tmp.mri_nu_correct.mni.118973/ones.mgz

7.3.2
cwd /out/sourcedata/freesurfer/sub-v2s16x51274_ses-1/mri
cmdline mri_binarize --i ./tmp.mri_nu_correct.mni.118973/nu0.mgz --min -1 --o ./tmp.mri_nu_correct.mni.118973/ones.mgz 
sysname  Linux
hostname dna048
machine  x86_64
user     oesteban

input      ./tmp.mri_nu_correct.mni.118973/nu0.mgz
frame      0
nErode3d   0
nErode2d   0
output     ./tmp.mri_nu_correct.mni.118973/ones.mgz
Binarizing based on threshold
min        -1
max        +infinity
binval        1
binvalnot     0
fstart = 0, fend = 0, nframes = 1
Starting parallel 1
Found 16777216 values in range
Counting number of voxels in first frame
Found 16777215 voxels in final mask
Writing output to ./tmp.mri_nu_correct.mni.118973/ones.mgz
Count: 16777215 16777215.000000 16777216 99.999994
mri_binarize done
mri_segstats --id 1 --seg ./tmp.mri_nu_correct.mni.118973/ones.mgz --i orig.mgz --sum ./tmp.mri_nu_correct.mni.118973/sum.junk --avgwf ./tmp.mri_nu_correct.mni.118973/input.mean.dat

7.3.2
cwd 
cmdline mri_segstats --id 1 --seg ./tmp.mri_nu_correct.mni.118973/ones.mgz --i orig.mgz --sum ./tmp.mri_nu_correct.mni.118973/sum.junk --avgwf ./tmp.mri_nu_correct.mni.118973/input.mean.dat 
sysname  Linux
hostname dna048
machine  x86_64
user     oesteban
whitesurfname  white
UseRobust  0
Loading ./tmp.mri_nu_correct.mni.118973/ones.mgz
Loading orig.mgz
Voxel Volume is 1 mm^3
Generating list of segmentation ids
Found   1 segmentations
Computing statistics for each segmentation

Reporting on   1 segmentations
Using PrintSegStat
Computing spatial average of each frame

Writing to ./tmp.mri_nu_correct.mni.118973/input.mean.dat
mri_segstats done
mri_segstats --id 1 --seg ./tmp.mri_nu_correct.mni.118973/ones.mgz --i ./tmp.mri_nu_correct.mni.118973/nu0.mgz --sum ./tmp.mri_nu_correct.mni.118973/sum.junk --avgwf ./tmp.mri_nu_correct.mni.118973/output.mean.dat

7.3.2
cwd 
cmdline mri_segstats --id 1 --seg ./tmp.mri_nu_correct.mni.118973/ones.mgz --i ./tmp.mri_nu_correct.mni.118973/nu0.mgz --sum ./tmp.mri_nu_correct.mni.118973/sum.junk --avgwf ./tmp.mri_nu_correct.mni.118973/output.mean.dat 
sysname  Linux
hostname dna048
machine  x86_64
user     oesteban
whitesurfname  white
UseRobust  0
Loading ./tmp.mri_nu_correct.mni.118973/ones.mgz
Loading ./tmp.mri_nu_correct.mni.118973/nu0.mgz
Voxel Volume is 1 mm^3
Generating list of segmentation ids
Found   1 segmentations
Computing statistics for each segmentation

Reporting on   1 segmentations
Using PrintSegStat
Computing spatial average of each frame

Writing to ./tmp.mri_nu_correct.mni.118973/output.mean.dat
mri_segstats done
mris_calc -o ./tmp.mri_nu_correct.mni.118973/nu0.mgz ./tmp.mri_nu_correct.mni.118973/nu0.mgz mul 1.52942940345077115698
Saving result to './tmp.mri_nu_correct.mni.118973/nu0.mgz' (type = MGH )                       [ ok ]
mri_convert ./tmp.mri_nu_correct.mni.118973/nu0.mgz nu.mgz --like orig.mgz
mri_convert ./tmp.mri_nu_correct.mni.118973/nu0.mgz nu.mgz --like orig.mgz 
reading from ./tmp.mri_nu_correct.mni.118973/nu0.mgz...
TR=0.00, TE=0.00, TI=0.00, flip angle=0.00
i_ras = (-1, 0, 0)
j_ras = (0, 0, -1)
k_ras = (0, 1, 0)
INFO: transform src into the like-volume: orig.mgz
writing to nu.mgz...
mri_make_uchar nu.mgz transforms/talairach.xfm nu.mgz
type change took 0 minutes and 6 seconds.
FIRST_PERCENTILE 0.010000
WM_PERCENTILE    0.900000
MAX_R 50.000000
i1 = 14, i2 = 75
#mri_make_uchar# mapping 28 148 to  3 110  :  b -22.1107 m 0.889725 : thresh 24.8511 maxsat 311.457 : nzero 13200350 nsat 0
 
 
Wed Mar 11 11:13:52 CET 2026
mri_nu_correct.mni done

 mri_add_xform_to_header -c /out/sourcedata/freesurfer/sub-v2s16x51274_ses-1/mri/transforms/talairach.xfm nu.mgz nu.mgz 

INFO: extension is mgz
#--------------------------------------------
#@# Intensity Normalization Wed Mar 11 11:13:53 CET 2026
/out/sourcedata/freesurfer/sub-v2s16x51274_ses-1/mri

 mri_normalize -g 1 -seed 1234 -mprage nu.mgz T1.mgz 

using max gradient = 1.000
setting seed for random number genererator to 1234
assuming input volume is MGH (Van der Kouwe) MP-RAGE
reading mri_src from nu.mgz...
normalizing image...
NOT doing gentle normalization with control points/label
talairach transform
 1.03352  -0.10596   0.00326  -0.47435;
 0.12116   1.06343   0.22481  -18.37024;
-0.02188  -0.19888   1.13327  -2.27344;
 0.00000   0.00000   0.00000   1.00000;
processing without aseg, no1d=0
MRInormInit(): 
INFO: Modifying talairach volume c_(r,a,s) based on average_305
MRInormalize(): 
MRIsplineNormalize(): npeaks = 15
Starting OpenSpline(): npoints = 15
building Voronoi diagram...
performing soap bubble smoothing, sigma = 8...

Iterating 2 times
---------------------------------
3d normalization pass 1 of 2
white matter peak found at 110
white matter peak found at 110
gm peak at 54 (54), valley at 41 (41)
csf peak at 27, setting threshold to 45
building Voronoi diagram...
performing soap bubble smoothing, sigma = 8...
---------------------------------
3d normalization pass 2 of 2
white matter peak found at 110
white matter peak found at 110
gm peak at 56 (56), valley at 24 (24)
csf peak at 28, setting threshold to 46
building Voronoi diagram...
performing soap bubble smoothing, sigma = 8...
Done iterating ---------------------------------
writing output to T1.mgz
3D bias adjustment took 1 minutes and 24 seconds.

Started at Wed Mar 11 11:06:02 CET 2026 
Ended   at Wed Mar 11 11:15:18 CET 2026
#@#%# recon-all-run-time-hours 0.154
recon-all -s sub-v2s16x51274_ses-1 finished without error at Wed Mar 11 11:15:18 CET 2026



#New# invocation of recon-all 




Wed Mar 11 11:21:45 CET 2026
cd /out/sourcedata/freesurfer/sub-v2s16x51274_ses-1
setenv SUBJECTS_DIR /out/sourcedata/freesurfer
/opt/freesurfer/bin/recon-all -openmp 16 -subjid sub-v2s16x51274_ses-1 -sd /out/sourcedata/freesurfer -gcareg

subjid sub-v2s16x51274_ses-1
setenv SUBJECTS_DIR /out/sourcedata/freesurfer
FREESURFER_HOME /opt/freesurfer
Actual FREESURFER_HOME /opt/freesurfer
build-stamp.txt: freesurfer-linux-ubuntu22_x86_64-7.3.2-20220804-6354275
Linux dna048 5.14.0-427.37.1.el9_4.x86_64 #1 SMP PREEMPT_DYNAMIC Fri Sep 13 12:41:50 EDT 2024 x86_64 x86_64 x86_64 GNU/Linux
cputime      unlimited
filesize     unlimited
datasize     unlimited
stacksize    8192 kbytes
coredumpsize 0 kbytes
memoryuse    67108864 kbytes
vmemoryuse   unlimited
descriptors  1024 
memorylocked unlimited
maxproc      2061970 
maxlocks     unlimited
maxsignal    4126352 
maxmessage   819200 
maxnice      0 
maxrtprio    0 
maxrttime    unlimited

               total        used        free      shared  buff/cache   available
Mem:           1.0Ti        53Gi       771Gi        20Gi       182Gi       927Gi
Swap:             0B          0B          0B

########################################
program versions used
7.3.2 (freesurfer-linux-ubuntu22_x86_64-7.3.2-20220804-6354275)
7.3.2

ProgramName: lta_convert  ProgramArguments: lta_convert -all-info  ProgramVersion: 7.3.2  TimeStamp: 2026/03/11-10:21:45-GMT  BuildTime: Aug  4 2022 06:17:15  BuildStamp: freesurfer-linux-ubuntu22_x86_64-7.3.2-20220804-6354275  User: oesteban  Machine: dna048  Platform: Linux  PlatformVersion: 5.14.0-427.37.1.el9_4.x86_64  CompilerName: GCC  CompilerVersion: 8.4.0
ProgramName: mri_and  ProgramArguments: mri_and -all-info  ProgramVersion: 7.3.2  TimeStamp: 2026/03/11-10:21:45-GMT  BuildTime: Aug  4 2022 06:17:15  BuildStamp: freesurfer-linux-ubuntu22_x86_64-7.3.2-20220804-6354275  User: oesteban  Machine: dna048  Platform: Linux  PlatformVersion: 5.14.0-427.37.1.el9_4.x86_64  CompilerName: GCC  CompilerVersion: 8.4.0
ProgramName: mri_annotation2label  ProgramArguments: mri_annotation2label -all-info  ProgramVersion: 7.3.2  TimeStamp: 2026/03/11-10:21:45-GMT  BuildTime: Aug  4 2022 06:17:15  BuildStamp: freesurfer-linux-ubuntu22_x86_64-7.3.2-20220804-6354275  User: oesteban  Machine: dna048  Platform: Linux  PlatformVersion: 5.14.0-427.37.1.el9_4.x86_64  CompilerName: GCC  CompilerVersion: 8.4.0
ProgramName: mri_aparc2aseg  ProgramArguments: mri_aparc2aseg -all-info  ProgramVersion: 7.3.2  TimeStamp: 2026/03/11-10:21:45-GMT  BuildTime: Aug  4 2022 06:17:15  BuildStamp: freesurfer-linux-ubuntu22_x86_64-7.3.2-20220804-6354275  User: oesteban  Machine: dna048  Platform: Linux  PlatformVersion: 5.14.0-427.37.1.el9_4.x86_64  CompilerName: GCC  CompilerVersion: 8.4.0
ProgramName: mri_surf2volseg  ProgramArguments: mri_surf2volseg -all-info  ProgramVersion: 7.3.2  TimeStamp: 2026/03/11-10:21:45-GMT  BuildTime: Aug  4 2022 06:17:15  BuildStamp: freesurfer-linux-ubuntu22_x86_64-7.3.2-20220804-6354275  User: oesteban  Machine: dna048  Platform: Linux  PlatformVersion: 5.14.0-427.37.1.el9_4.x86_64  CompilerName: GCC  CompilerVersion: 8.4.0
ProgramName: mri_binarize  ProgramArguments: mri_binarize -all-info  ProgramVersion: 7.3.2  TimeStamp: 2026/03/11-10:21:45-GMT  BuildTime: Aug  4 2022 06:17:15  BuildStamp: freesurfer-linux-ubuntu22_x86_64-7.3.2-20220804-6354275  User: oesteban  Machine: dna048  Platform: Linux  PlatformVersion: 5.14.0-427.37.1.el9_4.x86_64  CompilerName: GCC  CompilerVersion: 8.4.0
ProgramName: mri_ca_label  ProgramArguments: mri_ca_label -all-info  ProgramVersion: 7.3.2  TimeStamp: 2026/03/11-10:21:45-GMT  BuildTime: Aug  4 2022 06:17:15  BuildStamp: freesurfer-linux-ubuntu22_x86_64-7.3.2-20220804-6354275  User: oesteban  Machine: dna048  Platform: Linux  PlatformVersion: 5.14.0-427.37.1.el9_4.x86_64  CompilerName: GCC  CompilerVersion: 8.4.0
ProgramName: mri_ca_normalize  ProgramArguments: mri_ca_normalize -all-info  ProgramVersion: 7.3.2  TimeStamp: 2026/03/11-10:21:45-GMT  BuildTime: Aug  4 2022 06:17:15  BuildStamp: freesurfer-linux-ubuntu22_x86_64-7.3.2-20220804-6354275  User: oesteban  Machine: dna048  Platform: Linux  PlatformVersion: 5.14.0-427.37.1.el9_4.x86_64  CompilerName: GCC  CompilerVersion: 8.4.0
ProgramName: mri_ca_register  ProgramArguments: mri_ca_register -all-info  ProgramVersion: 7.3.2  TimeStamp: 2026/03/11-10:21:45-GMT  BuildTime: Aug  4 2022 06:17:15  BuildStamp: freesurfer-linux-ubuntu22_x86_64-7.3.2-20220804-6354275  User: oesteban  Machine: dna048  Platform: Linux  PlatformVersion: 5.14.0-427.37.1.el9_4.x86_64  CompilerName: GCC  CompilerVersion: 8.4.0
ProgramName: mri_cc  ProgramArguments: mri_cc -all-info  ProgramVersion: 7.3.2  TimeStamp: 2026/03/11-10:21:45-GMT  BuildTime: Aug  4 2022 06:17:15  BuildStamp: freesurfer-linux-ubuntu22_x86_64-7.3.2-20220804-6354275  User: oesteban  Machine: dna048  Platform: Linux  PlatformVersion: 5.14.0-427.37.1.el9_4.x86_64  CompilerName: GCC  CompilerVersion: 8.4.0
ProgramName: mri_compute_overlap  ProgramArguments: mri_compute_overlap -all-info  ProgramVersion: 7.3.2  TimeStamp: 2026/03/11-10:21:45-GMT  BuildTime: Aug  4 2022 06:17:15  BuildStamp: freesurfer-linux-ubuntu22_x86_64-7.3.2-20220804-6354275  User: oesteban  Machine: dna048  Platform: Linux  PlatformVersion: 5.14.0-427.37.1.el9_4.x86_64  CompilerName: GCC  CompilerVersion: 8.4.0
ProgramName: mri_compute_seg_overlap  ProgramArguments: mri_compute_seg_overlap -all-info  ProgramVersion: 7.3.2  TimeStamp: 2026/03/11-10:21:45-GMT  BuildTime: Aug  4 2022 06:17:15  BuildStamp: freesurfer-linux-ubuntu22_x86_64-7.3.2-20220804-6354275  User: oesteban  Machine: dna048  Platform: Linux  PlatformVersion: 5.14.0-427.37.1.el9_4.x86_64  CompilerName: GCC  CompilerVersion: 8.4.0
ProgramName: mri_concat  ProgramArguments: mri_concat -all-info  ProgramVersion: 7.3.2  TimeStamp: 2026/03/11-10:21:45-GMT  BuildTime: Aug  4 2022 06:17:15  BuildStamp: freesurfer-linux-ubuntu22_x86_64-7.3.2-20220804-6354275  User: oesteban  Machine: dna048  Platform: Linux  PlatformVersion: 5.14.0-427.37.1.el9_4.x86_64  CompilerName: GCC  CompilerVersion: 8.4.0
ProgramName: mri_concatenate_lta  ProgramArguments: mri_concatenate_lta -all-info  ProgramVersion: 7.3.2  TimeStamp: 2026/03/11-10:21:45-GMT  BuildTime: Aug  4 2022 06:17:15  BuildStamp: freesurfer-linux-ubuntu22_x86_64-7.3.2-20220804-6354275  User: oesteban  Machine: dna048  Platform: Linux  PlatformVersion: 5.14.0-427.37.1.el9_4.x86_64  CompilerName: GCC  CompilerVersion: 8.4.0
mri_convert -all-info 
ProgramName: mri_convert  ProgramArguments: mri_convert -all-info  ProgramVersion: 7.3.2  TimeStamp: 2026/03/11-10:21:45-GMT  BuildTime: Aug  4 2022 06:17:15  BuildStamp: freesurfer-linux-ubuntu22_x86_64-7.3.2-20220804-6354275  User: oesteban  Machine: dna048  Platform: Linux  PlatformVersion: 5.14.0-427.37.1.el9_4.x86_64  CompilerName: GCC  CompilerVersion: 8.4.0
ProgramName: mri_diff  ProgramArguments: mri_diff -all-info  ProgramVersion: 7.3.2  TimeStamp: 2026/03/11-10:21:45-GMT  BuildTime: Aug  4 2022 06:17:15  BuildStamp: freesurfer-linux-ubuntu22_x86_64-7.3.2-20220804-6354275  User: oesteban  Machine: dna048  Platform: Linux  PlatformVersion: 5.14.0-427.37.1.el9_4.x86_64  CompilerName: GCC  CompilerVersion: 8.4.0
ProgramName: mri_edit_wm_with_aseg  ProgramArguments: mri_edit_wm_with_aseg -all-info  ProgramVersion: 7.3.2  TimeStamp: 2026/03/11-10:21:45-GMT  BuildTime: Aug  4 2022 06:17:15  BuildStamp: freesurfer-linux-ubuntu22_x86_64-7.3.2-20220804-6354275  User: oesteban  Machine: dna048  Platform: Linux  PlatformVersion: 5.14.0-427.37.1.el9_4.x86_64  CompilerName: GCC  CompilerVersion: 8.4.0
ProgramName: mri_em_register  ProgramArguments: mri_em_register -all-info  ProgramVersion: 7.3.2  TimeStamp: 2026/03/11-10:21:45-GMT  BuildTime: Aug  4 2022 06:17:15  BuildStamp: freesurfer-linux-ubuntu22_x86_64-7.3.2-20220804-6354275  User: oesteban  Machine: dna048  Platform: Linux  PlatformVersion: 5.14.0-427.37.1.el9_4.x86_64  CompilerName: GCC  CompilerVersion: 8.4.0
ProgramName: mri_fill  ProgramArguments: mri_fill -all-info  ProgramVersion: 7.3.2  TimeStamp: 2026/03/11-10:21:45-GMT  BuildTime: Aug  4 2022 06:17:15  BuildStamp: freesurfer-linux-ubuntu22_x86_64-7.3.2-20220804-6354275  User: oesteban  Machine: dna048  Platform: Linux  PlatformVersion: 5.14.0-427.37.1.el9_4.x86_64  CompilerName: GCC  CompilerVersion: 8.4.0
ProgramName: mri_fuse_segmentations  ProgramArguments: mri_fuse_segmentations -all-info  ProgramVersion: 7.3.2  TimeStamp: 2026/03/11-10:21:45-GMT  BuildTime: Aug  4 2022 06:17:15  BuildStamp: freesurfer-linux-ubuntu22_x86_64-7.3.2-20220804-6354275  User: oesteban  Machine: dna048  Platform: Linux  PlatformVersion: 5.14.0-427.37.1.el9_4.x86_64  CompilerName: GCC  CompilerVersion: 8.4.0
ProgramName: mri_fwhm  ProgramArguments: mri_fwhm -all-info  ProgramVersion: 7.3.2  TimeStamp: 2026/03/11-10:21:45-GMT  BuildTime: Aug  4 2022 06:17:15  BuildStamp: freesurfer-linux-ubuntu22_x86_64-7.3.2-20220804-6354275  User: oesteban  Machine: dna048  Platform: Linux  PlatformVersion: 5.14.0-427.37.1.el9_4.x86_64  CompilerName: GCC  CompilerVersion: 8.4.0
ProgramName: mri_gcut  ProgramArguments: mri_gcut -all-info  ProgramVersion: 7.3.2  TimeStamp: 2026/03/11-10:21:45-GMT  BuildTime: Aug  4 2022 06:17:15  BuildStamp: freesurfer-linux-ubuntu22_x86_64-7.3.2-20220804-6354275  User: oesteban  Machine: dna048  Platform: Linux  PlatformVersion: 5.14.0-427.37.1.el9_4.x86_64  CompilerName: GCC  CompilerVersion: 8.4.0
ProgramName: mri_info  ProgramArguments: mri_info -all-info  ProgramVersion: 7.3.2  TimeStamp: 2026/03/11-10:21:45-GMT  BuildTime: Aug  4 2022 06:17:15  BuildStamp: freesurfer-linux-ubuntu22_x86_64-7.3.2-20220804-6354275  User: oesteban  Machine: dna048  Platform: Linux  PlatformVersion: 5.14.0-427.37.1.el9_4.x86_64  CompilerName: GCC  CompilerVersion: 8.4.0
ProgramName: mri_label2label  ProgramArguments: mri_label2label -all-info  ProgramVersion: 7.3.2  TimeStamp: 2026/03/11-10:21:45-GMT  BuildTime: Aug  4 2022 06:17:15  BuildStamp: freesurfer-linux-ubuntu22_x86_64-7.3.2-20220804-6354275  User: oesteban  Machine: dna048  Platform: Linux  PlatformVersion: 5.14.0-427.37.1.el9_4.x86_64  CompilerName: GCC  CompilerVersion: 8.4.0
ProgramName: mri_label2vol  ProgramArguments: mri_label2vol -all-info  ProgramVersion: 7.3.2  TimeStamp: 2026/03/11-10:21:45-GMT  BuildTime: Aug  4 2022 06:17:15  BuildStamp: freesurfer-linux-ubuntu22_x86_64-7.3.2-20220804-6354275  User: oesteban  Machine: dna048  Platform: Linux  PlatformVersion: 5.14.0-427.37.1.el9_4.x86_64  CompilerName: GCC  CompilerVersion: 8.4.0
ProgramName: mri_log_likelihood  ProgramArguments: mri_log_likelihood -all-info  ProgramVersion: 7.3.2  TimeStamp: 2026/03/11-10:21:45-GMT  BuildTime: Aug  4 2022 06:17:15  BuildStamp: freesurfer-linux-ubuntu22_x86_64-7.3.2-20220804-6354275  User: oesteban  Machine: dna048  Platform: Linux  PlatformVersion: 5.14.0-427.37.1.el9_4.x86_64  CompilerName: GCC  CompilerVersion: 8.4.0
ProgramName: mri_mask  ProgramArguments: mri_mask -all-info  ProgramVersion: 7.3.2  TimeStamp: 2026/03/11-10:21:45-GMT  BuildTime: Aug  4 2022 06:17:15  BuildStamp: freesurfer-linux-ubuntu22_x86_64-7.3.2-20220804-6354275  User: oesteban  Machine: dna048  Platform: Linux  PlatformVersion: 5.14.0-427.37.1.el9_4.x86_64  CompilerName: GCC  CompilerVersion: 8.4.0
ProgramName: mri_matrix_multiply  ProgramArguments: mri_matrix_multiply -all-info  ProgramVersion: 7.3.2  TimeStamp: 2026/03/11-10:21:45-GMT  BuildTime: Aug  4 2022 06:17:15  BuildStamp: freesurfer-linux-ubuntu22_x86_64-7.3.2-20220804-6354275  User: oesteban  Machine: dna048  Platform: Linux  PlatformVersion: 5.14.0-427.37.1.el9_4.x86_64  CompilerName: GCC  CompilerVersion: 8.4.0
ProgramName: mri_normalize  ProgramArguments: mri_normalize -all-info  ProgramVersion: 7.3.2  TimeStamp: 2026/03/11-10:21:45-GMT  BuildTime: Aug  4 2022 06:17:15  BuildStamp: freesurfer-linux-ubuntu22_x86_64-7.3.2-20220804-6354275  User: oesteban  Machine: dna048  Platform: Linux  PlatformVersion: 5.14.0-427.37.1.el9_4.x86_64  CompilerName: GCC  CompilerVersion: 8.4.0
ProgramName: mri_normalize_tp2  ProgramArguments: mri_normalize_tp2 -all-info  ProgramVersion: 7.3.2  TimeStamp: 2026/03/11-10:21:45-GMT  BuildTime: Aug  4 2022 06:17:15  BuildStamp: freesurfer-linux-ubuntu22_x86_64-7.3.2-20220804-6354275  User: oesteban  Machine: dna048  Platform: Linux  PlatformVersion: 5.14.0-427.37.1.el9_4.x86_64  CompilerName: GCC  CompilerVersion: 8.4.0
ProgramName: mri_or  ProgramArguments: mri_or -all-info  ProgramVersion: 7.3.2  TimeStamp: 2026/03/11-10:21:45-GMT  BuildTime: Aug  4 2022 06:17:15  BuildStamp: freesurfer-linux-ubuntu22_x86_64-7.3.2-20220804-6354275  User: oesteban  Machine: dna048  Platform: Linux  PlatformVersion: 5.14.0-427.37.1.el9_4.x86_64  CompilerName: GCC  CompilerVersion: 8.4.0
ProgramName: mri_relabel_hypointensities  ProgramArguments: mri_relabel_hypointensities -all-info  ProgramVersion: 7.3.2  TimeStamp: 2026/03/11-10:21:45-GMT  BuildTime: Aug  4 2022 06:17:15  BuildStamp: freesurfer-linux-ubuntu22_x86_64-7.3.2-20220804-6354275  User: oesteban  Machine: dna048  Platform: Linux  PlatformVersion: 5.14.0-427.37.1.el9_4.x86_64  CompilerName: GCC  CompilerVersion: 8.4.0
ProgramName: mri_relabel_nonwm_hypos  ProgramArguments: mri_relabel_nonwm_hypos -all-info  ProgramVersion: 7.3.2  TimeStamp: 2026/03/11-10:21:45-GMT  BuildTime: Aug  4 2022 06:17:15  BuildStamp: freesurfer-linux-ubuntu22_x86_64-7.3.2-20220804-6354275  User: oesteban  Machine: dna048  Platform: Linux  PlatformVersion: 5.14.0-427.37.1.el9_4.x86_64  CompilerName: GCC  CompilerVersion: 8.4.0
ProgramName: mri_remove_neck  ProgramArguments: mri_remove_neck -all-info  ProgramVersion: 7.3.2  TimeStamp: 2026/03/11-10:21:45-GMT  BuildTime: Aug  4 2022 06:17:15  BuildStamp: freesurfer-linux-ubuntu22_x86_64-7.3.2-20220804-6354275  User: oesteban  Machine: dna048  Platform: Linux  PlatformVersion: 5.14.0-427.37.1.el9_4.x86_64  CompilerName: GCC  CompilerVersion: 8.4.0
7.3.2

ProgramName: mri_robust_register  ProgramArguments: mri_robust_register -all-info  ProgramVersion: 7.3.2  TimeStamp: 2026/03/11-10:21:45-GMT  BuildTime: Aug  4 2022 06:17:15  BuildStamp: freesurfer-linux-ubuntu22_x86_64-7.3.2-20220804-6354275  User: oesteban  Machine: dna048  Platform: Linux  PlatformVersion: 5.14.0-427.37.1.el9_4.x86_64  CompilerName: GCC  CompilerVersion: 8.4.0
7.3.2

ProgramName: mri_robust_template  ProgramArguments: mri_robust_template -all-info  ProgramVersion: 7.3.2  TimeStamp: 2026/03/11-10:21:45-GMT  BuildTime: Aug  4 2022 06:17:15  BuildStamp: freesurfer-linux-ubuntu22_x86_64-7.3.2-20220804-6354275  User: oesteban  Machine: dna048  Platform: Linux  PlatformVersion: 5.14.0-427.37.1.el9_4.x86_64  CompilerName: GCC  CompilerVersion: 8.4.0
ProgramName: mris_anatomical_stats  ProgramArguments: mris_anatomical_stats -all-info  ProgramVersion: 7.3.2  TimeStamp: 2026/03/11-10:21:45-GMT  BuildTime: Aug  4 2022 06:17:15  BuildStamp: freesurfer-linux-ubuntu22_x86_64-7.3.2-20220804-6354275  User: oesteban  Machine: dna048  Platform: Linux  PlatformVersion: 5.14.0-427.37.1.el9_4.x86_64  CompilerName: GCC  CompilerVersion: 8.4.0
ProgramName: mris_ca_label  ProgramArguments: mris_ca_label -all-info  ProgramVersion: 7.3.2  TimeStamp: 2026/03/11-10:21:45-GMT  BuildTime: Aug  4 2022 06:17:15  BuildStamp: freesurfer-linux-ubuntu22_x86_64-7.3.2-20220804-6354275  User: oesteban  Machine: dna048  Platform: Linux  PlatformVersion: 5.14.0-427.37.1.el9_4.x86_64  CompilerName: GCC  CompilerVersion: 8.4.0
ProgramName: mris_calc  ProgramArguments: mris_calc -all-info  ProgramVersion: 7.3.2  TimeStamp: 2026/03/11-10:21:45-GMT  BuildTime: Aug  4 2022 06:17:15  BuildStamp: freesurfer-linux-ubuntu22_x86_64-7.3.2-20220804-6354275  User: oesteban  Machine: dna048  Platform: Linux  PlatformVersion: 5.14.0-427.37.1.el9_4.x86_64  CompilerName: GCC  CompilerVersion: 8.4.0
ProgramName: mris_convert  ProgramArguments: mris_convert -all-info  ProgramVersion: 7.3.2  TimeStamp: 2026/03/11-10:21:45-GMT  BuildTime: Aug  4 2022 06:17:15  BuildStamp: freesurfer-linux-ubuntu22_x86_64-7.3.2-20220804-6354275  User: oesteban  Machine: dna048  Platform: Linux  PlatformVersion: 5.14.0-427.37.1.el9_4.x86_64  CompilerName: GCC  CompilerVersion: 8.4.0
ProgramName: mris_curvature  ProgramArguments: mris_curvature -all-info  ProgramVersion: 7.3.2  TimeStamp: 2026/03/11-10:21:45-GMT  BuildTime: Aug  4 2022 06:17:15  BuildStamp: freesurfer-linux-ubuntu22_x86_64-7.3.2-20220804-6354275  User: oesteban  Machine: dna048  Platform: Linux  PlatformVersion: 5.14.0-427.37.1.el9_4.x86_64  CompilerName: GCC  CompilerVersion: 8.4.0
ProgramName: mris_curvature_stats  ProgramArguments: mris_curvature_stats -all-info  ProgramVersion: 7.3.2  TimeStamp: 2026/03/11-10:21:45-GMT  BuildTime: Aug  4 2022 06:17:15  BuildStamp: freesurfer-linux-ubuntu22_x86_64-7.3.2-20220804-6354275  User: oesteban  Machine: dna048  Platform: Linux  PlatformVersion: 5.14.0-427.37.1.el9_4.x86_64  CompilerName: GCC  CompilerVersion: 8.4.0
ProgramName: mris_diff  ProgramArguments: mris_diff -all-info  ProgramVersion: 7.3.2  TimeStamp: 2026/03/11-10:21:46-GMT  BuildTime: Aug  4 2022 06:17:15  BuildStamp: freesurfer-linux-ubuntu22_x86_64-7.3.2-20220804-6354275  User: oesteban  Machine: dna048  Platform: Linux  PlatformVersion: 5.14.0-427.37.1.el9_4.x86_64  CompilerName: GCC  CompilerVersion: 8.4.0
ProgramName: mris_divide_parcellation  ProgramArguments: mris_divide_parcellation -all-info  ProgramVersion: 7.3.2  TimeStamp: 2026/03/11-10:21:46-GMT  BuildTime: Aug  4 2022 06:17:15  BuildStamp: freesurfer-linux-ubuntu22_x86_64-7.3.2-20220804-6354275  User: oesteban  Machine: dna048  Platform: Linux  PlatformVersion: 5.14.0-427.37.1.el9_4.x86_64  CompilerName: GCC  CompilerVersion: 8.4.0
ProgramName: mri_segment  ProgramArguments: mri_segment -all-info  ProgramVersion: 7.3.2  TimeStamp: 2026/03/11-10:21:46-GMT  BuildTime: Aug  4 2022 06:17:15  BuildStamp: freesurfer-linux-ubuntu22_x86_64-7.3.2-20220804-6354275  User: oesteban  Machine: dna048  Platform: Linux  PlatformVersion: 5.14.0-427.37.1.el9_4.x86_64  CompilerName: GCC  CompilerVersion: 8.4.0
ProgramName: mri_segstats  ProgramArguments: mri_segstats -all-info  ProgramVersion: 7.3.2  TimeStamp: 2026/03/11-10:21:46-GMT  BuildTime: Aug  4 2022 06:17:15  BuildStamp: freesurfer-linux-ubuntu22_x86_64-7.3.2-20220804-6354275  User: oesteban  Machine: dna048  Platform: Linux  PlatformVersion: 5.14.0-427.37.1.el9_4.x86_64  CompilerName: GCC  CompilerVersion: 8.4.0
ProgramName: mris_euler_number  ProgramArguments: mris_euler_number -all-info  ProgramVersion: 7.3.2  TimeStamp: 2026/03/11-10:21:46-GMT  BuildTime: Aug  4 2022 06:17:15  BuildStamp: freesurfer-linux-ubuntu22_x86_64-7.3.2-20220804-6354275  User: oesteban  Machine: dna048  Platform: Linux  PlatformVersion: 5.14.0-427.37.1.el9_4.x86_64  CompilerName: GCC  CompilerVersion: 8.4.0
ProgramName: mris_fix_topology  ProgramArguments: mris_fix_topology -all-info  ProgramVersion: 7.3.2  TimeStamp: 2026/03/11-10:21:46-GMT  BuildTime: Aug  4 2022 06:17:15  BuildStamp: freesurfer-linux-ubuntu22_x86_64-7.3.2-20220804-6354275  User: oesteban  Machine: dna048  Platform: Linux  PlatformVersion: 5.14.0-427.37.1.el9_4.x86_64  CompilerName: GCC  CompilerVersion: 8.4.0
ProgramName: mris_topo_fixer  ProgramArguments: mris_topo_fixer -all-info  ProgramVersion: 7.3.2  TimeStamp: 2026/03/11-10:21:46-GMT  BuildTime: Aug  4 2022 06:17:15  BuildStamp: freesurfer-linux-ubuntu22_x86_64-7.3.2-20220804-6354275  User: oesteban  Machine: dna048  Platform: Linux  PlatformVersion: 5.14.0-427.37.1.el9_4.x86_64  CompilerName: GCC  CompilerVersion: 8.4.0
ProgramName: mris_jacobian  ProgramArguments: mris_jacobian -all-info  ProgramVersion: 7.3.2  TimeStamp: 2026/03/11-10:21:46-GMT  BuildTime: Aug  4 2022 06:17:15  BuildStamp: freesurfer-linux-ubuntu22_x86_64-7.3.2-20220804-6354275  User: oesteban  Machine: dna048  Platform: Linux  PlatformVersion: 5.14.0-427.37.1.el9_4.x86_64  CompilerName: GCC  CompilerVersion: 8.4.0
ProgramName: mris_label2annot  ProgramArguments: mris_label2annot -all-info  ProgramVersion: 7.3.2  TimeStamp: 2026/03/11-10:21:46-GMT  BuildTime: Aug  4 2022 06:17:15  BuildStamp: freesurfer-linux-ubuntu22_x86_64-7.3.2-20220804-6354275  User: oesteban  Machine: dna048  Platform: Linux  PlatformVersion: 5.14.0-427.37.1.el9_4.x86_64  CompilerName: GCC  CompilerVersion: 8.4.0
ProgramName: mris_left_right_register  ProgramArguments: mris_left_right_register -all-info  ProgramVersion: 7.3.2  TimeStamp: 2026/03/11-10:21:46-GMT  BuildTime: Aug  4 2022 06:17:15  BuildStamp: freesurfer-linux-ubuntu22_x86_64-7.3.2-20220804-6354275  User: oesteban  Machine: dna048  Platform: Linux  PlatformVersion: 5.14.0-427.37.1.el9_4.x86_64  CompilerName: GCC  CompilerVersion: 8.4.0
ProgramName: mris_place_surface  ProgramArguments: mris_place_surface -all-info  ProgramVersion: 7.3.2  TimeStamp: 2026/03/11-10:21:46-GMT  BuildTime: Aug  4 2022 06:17:15  BuildStamp: freesurfer-linux-ubuntu22_x86_64-7.3.2-20220804-6354275  User: oesteban  Machine: dna048  Platform: Linux  PlatformVersion: 5.14.0-427.37.1.el9_4.x86_64  CompilerName: GCC  CompilerVersion: 8.4.0
ProgramName: mrisp_paint  ProgramArguments: mrisp_paint -all-info  ProgramVersion: 7.3.2  TimeStamp: 2026/03/11-10:21:46-GMT  BuildTime: Aug  4 2022 06:17:15  BuildStamp: freesurfer-linux-ubuntu22_x86_64-7.3.2-20220804-6354275  User: oesteban  Machine: dna048  Platform: Linux  PlatformVersion: 5.14.0-427.37.1.el9_4.x86_64  CompilerName: GCC  CompilerVersion: 8.4.0
ProgramName: mris_register  ProgramArguments: mris_register -all-info  ProgramVersion: 7.3.2  TimeStamp: 2026/03/11-10:21:46-GMT  BuildTime: Aug  4 2022 06:17:15  BuildStamp: freesurfer-linux-ubuntu22_x86_64-7.3.2-20220804-6354275  User: oesteban  Machine: dna048  Platform: Linux  PlatformVersion: 5.14.0-427.37.1.el9_4.x86_64  CompilerName: GCC  CompilerVersion: 8.4.0
ProgramName: mris_smooth  ProgramArguments: mris_smooth -all-info  ProgramVersion: 7.3.2  TimeStamp: 2026/03/11-10:21:46-GMT  BuildTime: Aug  4 2022 06:17:15  BuildStamp: freesurfer-linux-ubuntu22_x86_64-7.3.2-20220804-6354275  User: oesteban  Machine: dna048  Platform: Linux  PlatformVersion: 5.14.0-427.37.1.el9_4.x86_64  CompilerName: GCC  CompilerVersion: 8.4.0
ProgramName: mris_sphere  ProgramArguments: mris_sphere -all-info  ProgramVersion: 7.3.2  TimeStamp: 2026/03/11-10:21:46-GMT  BuildTime: Aug  4 2022 06:17:15  BuildStamp: freesurfer-linux-ubuntu22_x86_64-7.3.2-20220804-6354275  User: oesteban  Machine: dna048  Platform: Linux  PlatformVersion: 5.14.0-427.37.1.el9_4.x86_64  CompilerName: GCC  CompilerVersion: 8.4.0
ProgramName: mris_surface_stats  ProgramArguments: mris_surface_stats -all-info  ProgramVersion: 7.3.2  TimeStamp: 2026/03/11-10:21:46-GMT  BuildTime: Aug  4 2022 06:17:15  BuildStamp: freesurfer-linux-ubuntu22_x86_64-7.3.2-20220804-6354275  User: oesteban  Machine: dna048  Platform: Linux  PlatformVersion: 5.14.0-427.37.1.el9_4.x86_64  CompilerName: GCC  CompilerVersion: 8.4.0
ProgramName: mri_stats2seg  ProgramArguments: mri_stats2seg -all-info  ProgramVersion: 7.3.2  TimeStamp: 2026/03/11-10:21:46-GMT  BuildTime: Aug  4 2022 06:17:15  BuildStamp: freesurfer-linux-ubuntu22_x86_64-7.3.2-20220804-6354275  User: oesteban  Machine: dna048  Platform: Linux  PlatformVersion: 5.14.0-427.37.1.el9_4.x86_64  CompilerName: GCC  CompilerVersion: 8.4.0
ProgramName: mris_thickness  ProgramArguments: mris_thickness -all-info  ProgramVersion: 7.3.2  TimeStamp: 2026/03/11-10:21:46-GMT  BuildTime: Aug  4 2022 06:17:15  BuildStamp: freesurfer-linux-ubuntu22_x86_64-7.3.2-20220804-6354275  User: oesteban  Machine: dna048  Platform: Linux  PlatformVersion: 5.14.0-427.37.1.el9_4.x86_64  CompilerName: GCC  CompilerVersion: 8.4.0
ProgramName: mris_thickness_diff  ProgramArguments: mris_thickness_diff -all-info  ProgramVersion: 7.3.2  TimeStamp: 2026/03/11-10:21:46-GMT  BuildTime: Aug  4 2022 06:17:15  BuildStamp: freesurfer-linux-ubuntu22_x86_64-7.3.2-20220804-6354275  User: oesteban  Machine: dna048  Platform: Linux  PlatformVersion: 5.14.0-427.37.1.el9_4.x86_64  CompilerName: GCC  CompilerVersion: 8.4.0
ProgramName: mris_topo_fixer  ProgramArguments: mris_topo_fixer -all-info  ProgramVersion: 7.3.2  TimeStamp: 2026/03/11-10:21:46-GMT  BuildTime: Aug  4 2022 06:17:15  BuildStamp: freesurfer-linux-ubuntu22_x86_64-7.3.2-20220804-6354275  User: oesteban  Machine: dna048  Platform: Linux  PlatformVersion: 5.14.0-427.37.1.el9_4.x86_64  CompilerName: GCC  CompilerVersion: 8.4.0
ProgramName: mri_surf2surf  ProgramArguments: mri_surf2surf -all-info  ProgramVersion: 7.3.2  TimeStamp: 2026/03/11-10:21:46-GMT  BuildTime: Aug  4 2022 06:17:15  BuildStamp: freesurfer-linux-ubuntu22_x86_64-7.3.2-20220804-6354275  User: oesteban  Machine: dna048  Platform: Linux  PlatformVersion: 5.14.0-427.37.1.el9_4.x86_64  CompilerName: GCC  CompilerVersion: 8.4.0
ProgramName: mri_surf2vol  ProgramArguments: mri_surf2vol -all-info  ProgramVersion: 7.3.2  TimeStamp: 2026/03/11-10:21:46-GMT  BuildTime: Aug  4 2022 06:17:15  BuildStamp: freesurfer-linux-ubuntu22_x86_64-7.3.2-20220804-6354275  User: oesteban  Machine: dna048  Platform: Linux  PlatformVersion: 5.14.0-427.37.1.el9_4.x86_64  CompilerName: GCC  CompilerVersion: 8.4.0
ProgramName: mri_surfcluster  ProgramArguments: mri_surfcluster -all-info  ProgramVersion: 7.3.2  TimeStamp: 2026/03/11-10:21:46-GMT  BuildTime: Aug  4 2022 06:17:15  BuildStamp: freesurfer-linux-ubuntu22_x86_64-7.3.2-20220804-6354275  User: oesteban  Machine: dna048  Platform: Linux  PlatformVersion: 5.14.0-427.37.1.el9_4.x86_64  CompilerName: GCC  CompilerVersion: 8.4.0
ProgramName: mris_volmask  ProgramArguments: mris_volmask -all-info  ProgramVersion: 7.3.2  TimeStamp: 2026/03/11-10:21:46-GMT  BuildTime: Aug  4 2022 06:17:15  BuildStamp: freesurfer-linux-ubuntu22_x86_64-7.3.2-20220804-6354275  User: oesteban  Machine: dna048  Platform: Linux  PlatformVersion: 5.14.0-427.37.1.el9_4.x86_64  CompilerName: GCC  CompilerVersion: 8.4.0
ProgramName: mri_tessellate  ProgramArguments: mri_tessellate -all-info  ProgramVersion: 7.3.2  TimeStamp: 2026/03/11-10:21:46-GMT  BuildTime: Aug  4 2022 06:17:15  BuildStamp: freesurfer-linux-ubuntu22_x86_64-7.3.2-20220804-6354275  User: oesteban  Machine: dna048  Platform: Linux  PlatformVersion: 5.14.0-427.37.1.el9_4.x86_64  CompilerName: GCC  CompilerVersion: 8.4.0
ProgramName: mri_vol2surf  ProgramArguments: mri_vol2surf -all-info  ProgramVersion: 7.3.2  TimeStamp: 2026/03/11-10:21:46-GMT  BuildTime: Aug  4 2022 06:17:15  BuildStamp: freesurfer-linux-ubuntu22_x86_64-7.3.2-20220804-6354275  User: oesteban  Machine: dna048  Platform: Linux  PlatformVersion: 5.14.0-427.37.1.el9_4.x86_64  CompilerName: GCC  CompilerVersion: 8.4.0
ProgramName: mri_vol2vol  ProgramArguments: mri_vol2vol -all-info  ProgramVersion: 7.3.2  TimeStamp: 2026/03/11-10:21:46-GMT  BuildTime: Aug  4 2022 06:17:15  BuildStamp: freesurfer-linux-ubuntu22_x86_64-7.3.2-20220804-6354275  User: oesteban  Machine: dna048  Platform: Linux  PlatformVersion: 5.14.0-427.37.1.el9_4.x86_64  CompilerName: GCC  CompilerVersion: 8.4.0
ProgramName: mri_voldiff  ProgramArguments: mri_voldiff -all-info  ProgramVersion: 7.3.2  TimeStamp: 2026/03/11-10:21:46-GMT  BuildTime: Aug  4 2022 06:17:15  BuildStamp: freesurfer-linux-ubuntu22_x86_64-7.3.2-20220804-6354275  User: oesteban  Machine: dna048  Platform: Linux  PlatformVersion: 5.14.0-427.37.1.el9_4.x86_64  CompilerName: GCC  CompilerVersion: 8.4.0
ProgramName: mri_watershed  ProgramArguments: mri_watershed -all-info  ProgramVersion: 7.3.2  TimeStamp: 2026/03/11-10:21:46-GMT  BuildTime: Aug  4 2022 06:17:15  BuildStamp: freesurfer-linux-ubuntu22_x86_64-7.3.2-20220804-6354275  User: oesteban  Machine: dna048  Platform: Linux  PlatformVersion: 5.14.0-427.37.1.el9_4.x86_64  CompilerName: GCC  CompilerVersion: 8.4.0
ProgramName: tkregister2  ProgramArguments: tkregister2_cmdl -all-info  ProgramVersion: 7.3.2  TimeStamp: 2026/03/11-10:21:46-GMT  BuildTime: Aug  4 2022 06:17:15  BuildStamp: freesurfer-linux-ubuntu22_x86_64-7.3.2-20220804-6354275  User: oesteban  Machine: dna048  Platform: Linux  PlatformVersion: 5.14.0-427.37.1.el9_4.x86_64  CompilerName: GCC  CompilerVersion: 8.4.0
mri_motion_correct.fsl 7.3.2
mri_convert -all-info 
ProgramName: mri_convert  ProgramArguments: mri_convert -all-info  ProgramVersion: 7.3.2  TimeStamp: 2026/03/11-10:21:46-GMT  BuildTime: Aug  4 2022 06:17:15  BuildStamp: freesurfer-linux-ubuntu22_x86_64-7.3.2-20220804-6354275  User: oesteban  Machine: dna048  Platform: Linux  PlatformVersion: 5.14.0-427.37.1.el9_4.x86_64  CompilerName: GCC  CompilerVersion: 8.4.0
Program nu_correct, built from:
Package MNI N3, version 1.12.0, compiled by nicks@terrier (x86_64-unknown-linux-gnu) on 2015-06-19 at 01:25:34
#######################################
GCADIR /opt/freesurfer/average
GCA RB_all_2020-01-02.gca
GCASkull RB_all_withskull_2020_01_02.gca
AvgCurvTif folding.atlas.acfb40.noaparc.i12.2016-08-02.tif
GCSDIR /opt/freesurfer/average
GCS DKaparc.atlas.acfb40.noaparc.i12.2016-08-02.gcs
#######################################
#-------------------------------------
#@# EM Registration Wed Mar 11 11:21:46 CET 2026
/out/sourcedata/freesurfer/sub-v2s16x51274_ses-1/mri

 mri_em_register -uns 3 -mask brainmask.mgz nu.mgz /opt/freesurfer/average/RB_all_2020-01-02.gca transforms/talairach.lta 

setting unknown_nbr_spacing = 3
using MR volume brainmask.mgz to mask input volume...

== Number of threads available to mri_em_register for OpenMP = 16 == 
reading 1 input volumes...
logging results to talairach.log
reading '/opt/freesurfer/average/RB_all_2020-01-02.gca'...
GCAread took 0 minutes and 1 seconds.
average std = 7.2   using min determinant for regularization = 5.2
0 singular and 884 ill-conditioned covariance matrices regularized
reading 'nu.mgz'...
MRImask(): AllowDiffGeom = 1
MRImask(): AllowDiffGeom = 1
MRImask(): AllowDiffGeom = 1
MRImask(): AllowDiffGeom = 1
MRImask(): AllowDiffGeom = 1
freeing gibbs priors...done.
accounting for voxel sizes in initial transform
bounding unknown intensity as < 5.9 or > 519.0 
total sample mean = 79.1 (1017 zeros)
************************************************
spacing=8, using 2841 sample points, tol=1.00e-05...
************************************************
register_mri: find_optimal_transform
find_optimal_transform: nsamples 2841, passno 0, spacing 8
resetting wm mean[0]: 98 --> 107
resetting gm mean[0]: 61 --> 61
input volume #1 is the most T1-like
using real data threshold=25.0
skull bounding box = (60, 51, 43) --> (198, 178, 203)
finding center of left hemi white matter
using (106, 93, 123) as brain centroid of Right_Cerebral_White_Matter...
MRImask(): AllowDiffGeom = 1
mean wm in atlas = 107, using box (89,77,103) --> (122, 108,142) to find MRI wm
before smoothing, mri peak at 110
robust fit to distribution - 108 +- 4.1
after smoothing, mri peak at 109, scaling input intensities by 0.982
scaling channel 0 by 0.981651
initial log_p = -4.203
************************************************
First Search limited to translation only.
************************************************
max log p =    -3.949976 @ (-10.526, 10.526, -10.526)
max log p =    -3.778394 @ (5.263, -5.263, -5.263)
max log p =    -3.687230 @ (2.632, 2.632, 2.632)
max log p =    -3.679052 @ (1.316, -3.947, -1.316)
max log p =    -3.671010 @ (-0.658, 0.658, 0.658)
max log p =    -3.671010 @ (0.000, 0.000, 0.000)
max log p =    -3.671010 @ (0.000, 0.000, 0.000)
max log p =    -3.671010 @ (0.000, 0.000, 0.000)
Found translation: (-2.0, 4.6, -13.8): log p = -3.671
****************************************
Nine parameter search.  iteration 0 nscales = 0 ...
****************************************
Result so far: scale 1.000: max_log_p=-3.292, old_max_log_p =-3.671 (thresh=-3.7)
 0.99144  -0.01959   0.12941  -14.05538;
 0.00000   1.14016   0.13053  -27.03270;
-0.14032  -0.15998   1.05669   15.84210;
 0.00000   0.00000   0.00000   1.00000;
iteration took 0 minutes and 11 seconds.
****************************************
Nine parameter search.  iteration 1 nscales = 0 ...
****************************************
Result so far: scale 1.000: max_log_p=-3.292, old_max_log_p =-3.292 (thresh=-3.3)
 0.99144  -0.01959   0.12941  -14.05538;
 0.00000   1.14016   0.13053  -27.03270;
-0.14032  -0.15998   1.05669   15.84210;
 0.00000   0.00000   0.00000   1.00000;
reducing scale to 0.2500
iteration took 0 minutes and 11 seconds.
****************************************
Nine parameter search.  iteration 2 nscales = 1 ...
****************************************
Result so far: scale 0.250: max_log_p=-3.125, old_max_log_p =-3.292 (thresh=-3.3)
 1.05096   0.02577   0.10998  -24.85538;
-0.04224   1.14787   0.19748  -26.78706;
-0.10113  -0.22347   1.01095   25.40265;
 0.00000   0.00000   0.00000   1.00000;
iteration took 0 minutes and 10 seconds.
****************************************
Nine parameter search.  iteration 3 nscales = 1 ...
****************************************
Result so far: scale 0.250: max_log_p=-3.125, old_max_log_p =-3.125 (thresh=-3.1)
 1.05096   0.02577   0.10998  -24.85538;
-0.04224   1.14787   0.19748  -26.78706;
-0.10113  -0.22347   1.01095   25.40265;
 0.00000   0.00000   0.00000   1.00000;
reducing scale to 0.0625
iteration took 0 minutes and 11 seconds.
****************************************
Nine parameter search.  iteration 4 nscales = 2 ...
****************************************
Result so far: scale 0.062: max_log_p=-3.097, old_max_log_p =-3.125 (thresh=-3.1)
 1.04609  -0.00540   0.12215  -22.18227;
-0.01222   1.15771   0.15867  -28.16501;
-0.12002  -0.17674   1.01995   20.61926;
 0.00000   0.00000   0.00000   1.00000;
iteration took 0 minutes and 10 seconds.
****************************************
Nine parameter search.  iteration 5 nscales = 2 ...
****************************************
Result so far: scale 0.062: max_log_p=-3.089, old_max_log_p =-3.097 (thresh=-3.1)
 1.04364  -0.00539   0.12186  -21.83308;
-0.01222   1.15771   0.15867  -28.16501;
-0.12031  -0.17715   1.02234   20.42050;
 0.00000   0.00000   0.00000   1.00000;
iteration took 0 minutes and 10 seconds.
****************************************
Nine parameter search.  iteration 6 nscales = 2 ...
****************************************
Result so far: scale 0.062: max_log_p=-3.089, old_max_log_p =-3.089 (thresh=-3.1)
 1.04364  -0.00539   0.12186  -21.83308;
-0.01222   1.15771   0.15867  -28.16501;
-0.12031  -0.17715   1.02234   20.42050;
 0.00000   0.00000   0.00000   1.00000;
min search scale 0.025000 reached
***********************************************
Computing MAP estimate using 2841 samples...
***********************************************
dt = 5.00e-06, momentum=0.80, tol=1.00e-05
l_intensity = 1.0000
Aligning input volume to GCA...
Transform matrix
 1.04364  -0.00539   0.12186  -21.83308;
-0.01222   1.15771   0.15867  -28.16501;
-0.12031  -0.17715   1.02234   20.42050;
 0.00000   0.00000   0.00000   1.00000;
nsamples 2841
Quasinewton: input matrix
 1.04364  -0.00539   0.12186  -21.83308;
-0.01222   1.15771   0.15867  -28.16501;
-0.12031  -0.17715   1.02234   20.42050;
 0.00000   0.00000   0.00000   1.00000;
 IFLAG= -1  LINE SEARCH FAILED. SEE DOCUMENTATION OF ROUTINE MCSRCH ERROR RETURN OF LINE SEARCH: INFO= 3 POSSIBLE CAUSES: FUNCTION OR GRADIENT ARE INCORRECT OR INCORRECT TOLERANCESoutof QuasiNewtonEMA: 009: -log(p) =   -0.0  tol 0.000010
Resulting transform:
 1.04364  -0.00539   0.12186  -21.83308;
-0.01222   1.15771   0.15867  -28.16501;
-0.12031  -0.17715   1.02234   20.42050;
 0.00000   0.00000   0.00000   1.00000;

pass 1, spacing 8: log(p) = -3.089 (old=-4.203)
transform before final EM align:
 1.04364  -0.00539   0.12186  -21.83308;
-0.01222   1.15771   0.15867  -28.16501;
-0.12031  -0.17715   1.02234   20.42050;
 0.00000   0.00000   0.00000   1.00000;

**************************************************
 EM alignment process ...
 Computing final MAP estimate using 315638 samples. 
**************************************************
dt = 5.00e-06, momentum=0.80, tol=1.00e-07
l_intensity = 1.0000
Aligning input volume to GCA...
Transform matrix
 1.04364  -0.00539   0.12186  -21.83308;
-0.01222   1.15771   0.15867  -28.16501;
-0.12031  -0.17715   1.02234   20.42050;
 0.00000   0.00000   0.00000   1.00000;
nsamples 315638
Quasinewton: input matrix
 1.04364  -0.00539   0.12186  -21.83308;
-0.01222   1.15771   0.15867  -28.16501;
-0.12031  -0.17715   1.02234   20.42050;
 0.00000   0.00000   0.00000   1.00000;
dfp_em_step_func: 010: -log(p) = 3.7
after pass:transform: ( 1.04, -0.01, 0.12, -21.83)
                      ( -0.01, 1.16, 0.16, -28.17)
                      ( -0.12, -0.18, 1.02, 20.42)
 IFLAG= -1  LINE SEARCH FAILED. SEE DOCUMENTATION OF ROUTINE MCSRCH ERROR RETURN OF LINE SEARCH: INFO= 3 POSSIBLE CAUSES: FUNCTION OR GRADIENT ARE INCORRECT OR INCORRECT TOLERANCESoutof QuasiNewtonEMA: 012: -log(p) =    3.7  tol 0.000000
final transform:
 1.04364  -0.00539   0.12186  -21.83308;
-0.01222   1.15771   0.15867  -28.16501;
-0.12031  -0.17715   1.02234   20.42050;
 0.00000   0.00000   0.00000   1.00000;

writing output transformation to transforms/talairach.lta...
#VMPC# mri_em_register VmPeak  891280
FSRUNTIME@ mri_em_register  0.0331 hours 16 threads
registration took 1 minutes and 59 seconds.

Started at Wed Mar 11 11:21:45 CET 2026 
Ended   at Wed Mar 11 11:23:45 CET 2026
#@#%# recon-all-run-time-hours 0.033
recon-all -s sub-v2s16x51274_ses-1 finished without error at Wed Mar 11 11:23:45 CET 2026



#New# invocation of recon-all 




Wed Mar 11 11:23:47 CET 2026
cd /out/sourcedata/freesurfer/sub-v2s16x51274_ses-1
setenv SUBJECTS_DIR /out/sourcedata/freesurfer
/opt/freesurfer/bin/recon-all -autorecon2-volonly -openmp 16 -subjid sub-v2s16x51274_ses-1 -sd /out/sourcedata/freesurfer -nogcareg

subjid sub-v2s16x51274_ses-1
setenv SUBJECTS_DIR /out/sourcedata/freesurfer
FREESURFER_HOME /opt/freesurfer
Actual FREESURFER_HOME /opt/freesurfer
build-stamp.txt: freesurfer-linux-ubuntu22_x86_64-7.3.2-20220804-6354275
Linux dna048 5.14.0-427.37.1.el9_4.x86_64 #1 SMP PREEMPT_DYNAMIC Fri Sep 13 12:41:50 EDT 2024 x86_64 x86_64 x86_64 GNU/Linux
cputime      unlimited
filesize     unlimited
datasize     unlimited
stacksize    8192 kbytes
coredumpsize 0 kbytes
memoryuse    67108864 kbytes
vmemoryuse   unlimited
descriptors  1024 
memorylocked unlimited
maxproc      2061970 
maxlocks     unlimited
maxsignal    4126352 
maxmessage   819200 
maxnice      0 
maxrtprio    0 
maxrttime    unlimited

               total        used        free      shared  buff/cache   available
Mem:           1.0Ti        53Gi       771Gi        20Gi       182Gi       927Gi
Swap:             0B          0B          0B

########################################
program versions used
7.3.2 (freesurfer-linux-ubuntu22_x86_64-7.3.2-20220804-6354275)
7.3.2

ProgramName: lta_convert  ProgramArguments: lta_convert -all-info  ProgramVersion: 7.3.2  TimeStamp: 2026/03/11-10:23:47-GMT  BuildTime: Aug  4 2022 06:17:15  BuildStamp: freesurfer-linux-ubuntu22_x86_64-7.3.2-20220804-6354275  User: oesteban  Machine: dna048  Platform: Linux  PlatformVersion: 5.14.0-427.37.1.el9_4.x86_64  CompilerName: GCC  CompilerVersion: 8.4.0
ProgramName: mri_and  ProgramArguments: mri_and -all-info  ProgramVersion: 7.3.2  TimeStamp: 2026/03/11-10:23:47-GMT  BuildTime: Aug  4 2022 06:17:15  BuildStamp: freesurfer-linux-ubuntu22_x86_64-7.3.2-20220804-6354275  User: oesteban  Machine: dna048  Platform: Linux  PlatformVersion: 5.14.0-427.37.1.el9_4.x86_64  CompilerName: GCC  CompilerVersion: 8.4.0
ProgramName: mri_annotation2label  ProgramArguments: mri_annotation2label -all-info  ProgramVersion: 7.3.2  TimeStamp: 2026/03/11-10:23:47-GMT  BuildTime: Aug  4 2022 06:17:15  BuildStamp: freesurfer-linux-ubuntu22_x86_64-7.3.2-20220804-6354275  User: oesteban  Machine: dna048  Platform: Linux  PlatformVersion: 5.14.0-427.37.1.el9_4.x86_64  CompilerName: GCC  CompilerVersion: 8.4.0
ProgramName: mri_aparc2aseg  ProgramArguments: mri_aparc2aseg -all-info  ProgramVersion: 7.3.2  TimeStamp: 2026/03/11-10:23:47-GMT  BuildTime: Aug  4 2022 06:17:15  BuildStamp: freesurfer-linux-ubuntu22_x86_64-7.3.2-20220804-6354275  User: oesteban  Machine: dna048  Platform: Linux  PlatformVersion: 5.14.0-427.37.1.el9_4.x86_64  CompilerName: GCC  CompilerVersion: 8.4.0
ProgramName: mri_surf2volseg  ProgramArguments: mri_surf2volseg -all-info  ProgramVersion: 7.3.2  TimeStamp: 2026/03/11-10:23:47-GMT  BuildTime: Aug  4 2022 06:17:15  BuildStamp: freesurfer-linux-ubuntu22_x86_64-7.3.2-20220804-6354275  User: oesteban  Machine: dna048  Platform: Linux  PlatformVersion: 5.14.0-427.37.1.el9_4.x86_64  CompilerName: GCC  CompilerVersion: 8.4.0
ProgramName: mri_binarize  ProgramArguments: mri_binarize -all-info  ProgramVersion: 7.3.2  TimeStamp: 2026/03/11-10:23:47-GMT  BuildTime: Aug  4 2022 06:17:15  BuildStamp: freesurfer-linux-ubuntu22_x86_64-7.3.2-20220804-6354275  User: oesteban  Machine: dna048  Platform: Linux  PlatformVersion: 5.14.0-427.37.1.el9_4.x86_64  CompilerName: GCC  CompilerVersion: 8.4.0
ProgramName: mri_ca_label  ProgramArguments: mri_ca_label -all-info  ProgramVersion: 7.3.2  TimeStamp: 2026/03/11-10:23:47-GMT  BuildTime: Aug  4 2022 06:17:15  BuildStamp: freesurfer-linux-ubuntu22_x86_64-7.3.2-20220804-6354275  User: oesteban  Machine: dna048  Platform: Linux  PlatformVersion: 5.14.0-427.37.1.el9_4.x86_64  CompilerName: GCC  CompilerVersion: 8.4.0
ProgramName: mri_ca_normalize  ProgramArguments: mri_ca_normalize -all-info  ProgramVersion: 7.3.2  TimeStamp: 2026/03/11-10:23:47-GMT  BuildTime: Aug  4 2022 06:17:15  BuildStamp: freesurfer-linux-ubuntu22_x86_64-7.3.2-20220804-6354275  User: oesteban  Machine: dna048  Platform: Linux  PlatformVersion: 5.14.0-427.37.1.el9_4.x86_64  CompilerName: GCC  CompilerVersion: 8.4.0
ProgramName: mri_ca_register  ProgramArguments: mri_ca_register -all-info  ProgramVersion: 7.3.2  TimeStamp: 2026/03/11-10:23:47-GMT  BuildTime: Aug  4 2022 06:17:15  BuildStamp: freesurfer-linux-ubuntu22_x86_64-7.3.2-20220804-6354275  User: oesteban  Machine: dna048  Platform: Linux  PlatformVersion: 5.14.0-427.37.1.el9_4.x86_64  CompilerName: GCC  CompilerVersion: 8.4.0
ProgramName: mri_cc  ProgramArguments: mri_cc -all-info  ProgramVersion: 7.3.2  TimeStamp: 2026/03/11-10:23:47-GMT  BuildTime: Aug  4 2022 06:17:15  BuildStamp: freesurfer-linux-ubuntu22_x86_64-7.3.2-20220804-6354275  User: oesteban  Machine: dna048  Platform: Linux  PlatformVersion: 5.14.0-427.37.1.el9_4.x86_64  CompilerName: GCC  CompilerVersion: 8.4.0
ProgramName: mri_compute_overlap  ProgramArguments: mri_compute_overlap -all-info  ProgramVersion: 7.3.2  TimeStamp: 2026/03/11-10:23:47-GMT  BuildTime: Aug  4 2022 06:17:15  BuildStamp: freesurfer-linux-ubuntu22_x86_64-7.3.2-20220804-6354275  User: oesteban  Machine: dna048  Platform: Linux  PlatformVersion: 5.14.0-427.37.1.el9_4.x86_64  CompilerName: GCC  CompilerVersion: 8.4.0
ProgramName: mri_compute_seg_overlap  ProgramArguments: mri_compute_seg_overlap -all-info  ProgramVersion: 7.3.2  TimeStamp: 2026/03/11-10:23:47-GMT  BuildTime: Aug  4 2022 06:17:15  BuildStamp: freesurfer-linux-ubuntu22_x86_64-7.3.2-20220804-6354275  User: oesteban  Machine: dna048  Platform: Linux  PlatformVersion: 5.14.0-427.37.1.el9_4.x86_64  CompilerName: GCC  CompilerVersion: 8.4.0
ProgramName: mri_concat  ProgramArguments: mri_concat -all-info  ProgramVersion: 7.3.2  TimeStamp: 2026/03/11-10:23:47-GMT  BuildTime: Aug  4 2022 06:17:15  BuildStamp: freesurfer-linux-ubuntu22_x86_64-7.3.2-20220804-6354275  User: oesteban  Machine: dna048  Platform: Linux  PlatformVersion: 5.14.0-427.37.1.el9_4.x86_64  CompilerName: GCC  CompilerVersion: 8.4.0
ProgramName: mri_concatenate_lta  ProgramArguments: mri_concatenate_lta -all-info  ProgramVersion: 7.3.2  TimeStamp: 2026/03/11-10:23:47-GMT  BuildTime: Aug  4 2022 06:17:15  BuildStamp: freesurfer-linux-ubuntu22_x86_64-7.3.2-20220804-6354275  User: oesteban  Machine: dna048  Platform: Linux  PlatformVersion: 5.14.0-427.37.1.el9_4.x86_64  CompilerName: GCC  CompilerVersion: 8.4.0
mri_convert -all-info 
ProgramName: mri_convert  ProgramArguments: mri_convert -all-info  ProgramVersion: 7.3.2  TimeStamp: 2026/03/11-10:23:47-GMT  BuildTime: Aug  4 2022 06:17:15  BuildStamp: freesurfer-linux-ubuntu22_x86_64-7.3.2-20220804-6354275  User: oesteban  Machine: dna048  Platform: Linux  PlatformVersion: 5.14.0-427.37.1.el9_4.x86_64  CompilerName: GCC  CompilerVersion: 8.4.0
ProgramName: mri_diff  ProgramArguments: mri_diff -all-info  ProgramVersion: 7.3.2  TimeStamp: 2026/03/11-10:23:47-GMT  BuildTime: Aug  4 2022 06:17:15  BuildStamp: freesurfer-linux-ubuntu22_x86_64-7.3.2-20220804-6354275  User: oesteban  Machine: dna048  Platform: Linux  PlatformVersion: 5.14.0-427.37.1.el9_4.x86_64  CompilerName: GCC  CompilerVersion: 8.4.0
ProgramName: mri_edit_wm_with_aseg  ProgramArguments: mri_edit_wm_with_aseg -all-info  ProgramVersion: 7.3.2  TimeStamp: 2026/03/11-10:23:47-GMT  BuildTime: Aug  4 2022 06:17:15  BuildStamp: freesurfer-linux-ubuntu22_x86_64-7.3.2-20220804-6354275  User: oesteban  Machine: dna048  Platform: Linux  PlatformVersion: 5.14.0-427.37.1.el9_4.x86_64  CompilerName: GCC  CompilerVersion: 8.4.0
ProgramName: mri_em_register  ProgramArguments: mri_em_register -all-info  ProgramVersion: 7.3.2  TimeStamp: 2026/03/11-10:23:47-GMT  BuildTime: Aug  4 2022 06:17:15  BuildStamp: freesurfer-linux-ubuntu22_x86_64-7.3.2-20220804-6354275  User: oesteban  Machine: dna048  Platform: Linux  PlatformVersion: 5.14.0-427.37.1.el9_4.x86_64  CompilerName: GCC  CompilerVersion: 8.4.0
ProgramName: mri_fill  ProgramArguments: mri_fill -all-info  ProgramVersion: 7.3.2  TimeStamp: 2026/03/11-10:23:47-GMT  BuildTime: Aug  4 2022 06:17:15  BuildStamp: freesurfer-linux-ubuntu22_x86_64-7.3.2-20220804-6354275  User: oesteban  Machine: dna048  Platform: Linux  PlatformVersion: 5.14.0-427.37.1.el9_4.x86_64  CompilerName: GCC  CompilerVersion: 8.4.0
ProgramName: mri_fuse_segmentations  ProgramArguments: mri_fuse_segmentations -all-info  ProgramVersion: 7.3.2  TimeStamp: 2026/03/11-10:23:47-GMT  BuildTime: Aug  4 2022 06:17:15  BuildStamp: freesurfer-linux-ubuntu22_x86_64-7.3.2-20220804-6354275  User: oesteban  Machine: dna048  Platform: Linux  PlatformVersion: 5.14.0-427.37.1.el9_4.x86_64  CompilerName: GCC  CompilerVersion: 8.4.0
ProgramName: mri_fwhm  ProgramArguments: mri_fwhm -all-info  ProgramVersion: 7.3.2  TimeStamp: 2026/03/11-10:23:47-GMT  BuildTime: Aug  4 2022 06:17:15  BuildStamp: freesurfer-linux-ubuntu22_x86_64-7.3.2-20220804-6354275  User: oesteban  Machine: dna048  Platform: Linux  PlatformVersion: 5.14.0-427.37.1.el9_4.x86_64  CompilerName: GCC  CompilerVersion: 8.4.0
ProgramName: mri_gcut  ProgramArguments: mri_gcut -all-info  ProgramVersion: 7.3.2  TimeStamp: 2026/03/11-10:23:47-GMT  BuildTime: Aug  4 2022 06:17:15  BuildStamp: freesurfer-linux-ubuntu22_x86_64-7.3.2-20220804-6354275  User: oesteban  Machine: dna048  Platform: Linux  PlatformVersion: 5.14.0-427.37.1.el9_4.x86_64  CompilerName: GCC  CompilerVersion: 8.4.0
ProgramName: mri_info  ProgramArguments: mri_info -all-info  ProgramVersion: 7.3.2  TimeStamp: 2026/03/11-10:23:47-GMT  BuildTime: Aug  4 2022 06:17:15  BuildStamp: freesurfer-linux-ubuntu22_x86_64-7.3.2-20220804-6354275  User: oesteban  Machine: dna048  Platform: Linux  PlatformVersion: 5.14.0-427.37.1.el9_4.x86_64  CompilerName: GCC  CompilerVersion: 8.4.0
ProgramName: mri_label2label  ProgramArguments: mri_label2label -all-info  ProgramVersion: 7.3.2  TimeStamp: 2026/03/11-10:23:47-GMT  BuildTime: Aug  4 2022 06:17:15  BuildStamp: freesurfer-linux-ubuntu22_x86_64-7.3.2-20220804-6354275  User: oesteban  Machine: dna048  Platform: Linux  PlatformVersion: 5.14.0-427.37.1.el9_4.x86_64  CompilerName: GCC  CompilerVersion: 8.4.0
ProgramName: mri_label2vol  ProgramArguments: mri_label2vol -all-info  ProgramVersion: 7.3.2  TimeStamp: 2026/03/11-10:23:47-GMT  BuildTime: Aug  4 2022 06:17:15  BuildStamp: freesurfer-linux-ubuntu22_x86_64-7.3.2-20220804-6354275  User: oesteban  Machine: dna048  Platform: Linux  PlatformVersion: 5.14.0-427.37.1.el9_4.x86_64  CompilerName: GCC  CompilerVersion: 8.4.0
ProgramName: mri_log_likelihood  ProgramArguments: mri_log_likelihood -all-info  ProgramVersion: 7.3.2  TimeStamp: 2026/03/11-10:23:47-GMT  BuildTime: Aug  4 2022 06:17:15  BuildStamp: freesurfer-linux-ubuntu22_x86_64-7.3.2-20220804-6354275  User: oesteban  Machine: dna048  Platform: Linux  PlatformVersion: 5.14.0-427.37.1.el9_4.x86_64  CompilerName: GCC  CompilerVersion: 8.4.0
ProgramName: mri_mask  ProgramArguments: mri_mask -all-info  ProgramVersion: 7.3.2  TimeStamp: 2026/03/11-10:23:47-GMT  BuildTime: Aug  4 2022 06:17:15  BuildStamp: freesurfer-linux-ubuntu22_x86_64-7.3.2-20220804-6354275  User: oesteban  Machine: dna048  Platform: Linux  PlatformVersion: 5.14.0-427.37.1.el9_4.x86_64  CompilerName: GCC  CompilerVersion: 8.4.0
ProgramName: mri_matrix_multiply  ProgramArguments: mri_matrix_multiply -all-info  ProgramVersion: 7.3.2  TimeStamp: 2026/03/11-10:23:47-GMT  BuildTime: Aug  4 2022 06:17:15  BuildStamp: freesurfer-linux-ubuntu22_x86_64-7.3.2-20220804-6354275  User: oesteban  Machine: dna048  Platform: Linux  PlatformVersion: 5.14.0-427.37.1.el9_4.x86_64  CompilerName: GCC  CompilerVersion: 8.4.0
ProgramName: mri_normalize  ProgramArguments: mri_normalize -all-info  ProgramVersion: 7.3.2  TimeStamp: 2026/03/11-10:23:47-GMT  BuildTime: Aug  4 2022 06:17:15  BuildStamp: freesurfer-linux-ubuntu22_x86_64-7.3.2-20220804-6354275  User: oesteban  Machine: dna048  Platform: Linux  PlatformVersion: 5.14.0-427.37.1.el9_4.x86_64  CompilerName: GCC  CompilerVersion: 8.4.0
ProgramName: mri_normalize_tp2  ProgramArguments: mri_normalize_tp2 -all-info  ProgramVersion: 7.3.2  TimeStamp: 2026/03/11-10:23:47-GMT  BuildTime: Aug  4 2022 06:17:15  BuildStamp: freesurfer-linux-ubuntu22_x86_64-7.3.2-20220804-6354275  User: oesteban  Machine: dna048  Platform: Linux  PlatformVersion: 5.14.0-427.37.1.el9_4.x86_64  CompilerName: GCC  CompilerVersion: 8.4.0
ProgramName: mri_or  ProgramArguments: mri_or -all-info  ProgramVersion: 7.3.2  TimeStamp: 2026/03/11-10:23:47-GMT  BuildTime: Aug  4 2022 06:17:15  BuildStamp: freesurfer-linux-ubuntu22_x86_64-7.3.2-20220804-6354275  User: oesteban  Machine: dna048  Platform: Linux  PlatformVersion: 5.14.0-427.37.1.el9_4.x86_64  CompilerName: GCC  CompilerVersion: 8.4.0
ProgramName: mri_relabel_hypointensities  ProgramArguments: mri_relabel_hypointensities -all-info  ProgramVersion: 7.3.2  TimeStamp: 2026/03/11-10:23:47-GMT  BuildTime: Aug  4 2022 06:17:15  BuildStamp: freesurfer-linux-ubuntu22_x86_64-7.3.2-20220804-6354275  User: oesteban  Machine: dna048  Platform: Linux  PlatformVersion: 5.14.0-427.37.1.el9_4.x86_64  CompilerName: GCC  CompilerVersion: 8.4.0
ProgramName: mri_relabel_nonwm_hypos  ProgramArguments: mri_relabel_nonwm_hypos -all-info  ProgramVersion: 7.3.2  TimeStamp: 2026/03/11-10:23:47-GMT  BuildTime: Aug  4 2022 06:17:15  BuildStamp: freesurfer-linux-ubuntu22_x86_64-7.3.2-20220804-6354275  User: oesteban  Machine: dna048  Platform: Linux  PlatformVersion: 5.14.0-427.37.1.el9_4.x86_64  CompilerName: GCC  CompilerVersion: 8.4.0
ProgramName: mri_remove_neck  ProgramArguments: mri_remove_neck -all-info  ProgramVersion: 7.3.2  TimeStamp: 2026/03/11-10:23:47-GMT  BuildTime: Aug  4 2022 06:17:15  BuildStamp: freesurfer-linux-ubuntu22_x86_64-7.3.2-20220804-6354275  User: oesteban  Machine: dna048  Platform: Linux  PlatformVersion: 5.14.0-427.37.1.el9_4.x86_64  CompilerName: GCC  CompilerVersion: 8.4.0
7.3.2

ProgramName: mri_robust_register  ProgramArguments: mri_robust_register -all-info  ProgramVersion: 7.3.2  TimeStamp: 2026/03/11-10:23:48-GMT  BuildTime: Aug  4 2022 06:17:15  BuildStamp: freesurfer-linux-ubuntu22_x86_64-7.3.2-20220804-6354275  User: oesteban  Machine: dna048  Platform: Linux  PlatformVersion: 5.14.0-427.37.1.el9_4.x86_64  CompilerName: GCC  CompilerVersion: 8.4.0
7.3.2

ProgramName: mri_robust_template  ProgramArguments: mri_robust_template -all-info  ProgramVersion: 7.3.2  TimeStamp: 2026/03/11-10:23:48-GMT  BuildTime: Aug  4 2022 06:17:15  BuildStamp: freesurfer-linux-ubuntu22_x86_64-7.3.2-20220804-6354275  User: oesteban  Machine: dna048  Platform: Linux  PlatformVersion: 5.14.0-427.37.1.el9_4.x86_64  CompilerName: GCC  CompilerVersion: 8.4.0
ProgramName: mris_anatomical_stats  ProgramArguments: mris_anatomical_stats -all-info  ProgramVersion: 7.3.2  TimeStamp: 2026/03/11-10:23:48-GMT  BuildTime: Aug  4 2022 06:17:15  BuildStamp: freesurfer-linux-ubuntu22_x86_64-7.3.2-20220804-6354275  User: oesteban  Machine: dna048  Platform: Linux  PlatformVersion: 5.14.0-427.37.1.el9_4.x86_64  CompilerName: GCC  CompilerVersion: 8.4.0
ProgramName: mris_ca_label  ProgramArguments: mris_ca_label -all-info  ProgramVersion: 7.3.2  TimeStamp: 2026/03/11-10:23:48-GMT  BuildTime: Aug  4 2022 06:17:15  BuildStamp: freesurfer-linux-ubuntu22_x86_64-7.3.2-20220804-6354275  User: oesteban  Machine: dna048  Platform: Linux  PlatformVersion: 5.14.0-427.37.1.el9_4.x86_64  CompilerName: GCC  CompilerVersion: 8.4.0
ProgramName: mris_calc  ProgramArguments: mris_calc -all-info  ProgramVersion: 7.3.2  TimeStamp: 2026/03/11-10:23:48-GMT  BuildTime: Aug  4 2022 06:17:15  BuildStamp: freesurfer-linux-ubuntu22_x86_64-7.3.2-20220804-6354275  User: oesteban  Machine: dna048  Platform: Linux  PlatformVersion: 5.14.0-427.37.1.el9_4.x86_64  CompilerName: GCC  CompilerVersion: 8.4.0
ProgramName: mris_convert  ProgramArguments: mris_convert -all-info  ProgramVersion: 7.3.2  TimeStamp: 2026/03/11-10:23:48-GMT  BuildTime: Aug  4 2022 06:17:15  BuildStamp: freesurfer-linux-ubuntu22_x86_64-7.3.2-20220804-6354275  User: oesteban  Machine: dna048  Platform: Linux  PlatformVersion: 5.14.0-427.37.1.el9_4.x86_64  CompilerName: GCC  CompilerVersion: 8.4.0
ProgramName: mris_curvature  ProgramArguments: mris_curvature -all-info  ProgramVersion: 7.3.2  TimeStamp: 2026/03/11-10:23:48-GMT  BuildTime: Aug  4 2022 06:17:15  BuildStamp: freesurfer-linux-ubuntu22_x86_64-7.3.2-20220804-6354275  User: oesteban  Machine: dna048  Platform: Linux  PlatformVersion: 5.14.0-427.37.1.el9_4.x86_64  CompilerName: GCC  CompilerVersion: 8.4.0
ProgramName: mris_curvature_stats  ProgramArguments: mris_curvature_stats -all-info  ProgramVersion: 7.3.2  TimeStamp: 2026/03/11-10:23:48-GMT  BuildTime: Aug  4 2022 06:17:15  BuildStamp: freesurfer-linux-ubuntu22_x86_64-7.3.2-20220804-6354275  User: oesteban  Machine: dna048  Platform: Linux  PlatformVersion: 5.14.0-427.37.1.el9_4.x86_64  CompilerName: GCC  CompilerVersion: 8.4.0
ProgramName: mris_diff  ProgramArguments: mris_diff -all-info  ProgramVersion: 7.3.2  TimeStamp: 2026/03/11-10:23:48-GMT  BuildTime: Aug  4 2022 06:17:15  BuildStamp: freesurfer-linux-ubuntu22_x86_64-7.3.2-20220804-6354275  User: oesteban  Machine: dna048  Platform: Linux  PlatformVersion: 5.14.0-427.37.1.el9_4.x86_64  CompilerName: GCC  CompilerVersion: 8.4.0
ProgramName: mris_divide_parcellation  ProgramArguments: mris_divide_parcellation -all-info  ProgramVersion: 7.3.2  TimeStamp: 2026/03/11-10:23:48-GMT  BuildTime: Aug  4 2022 06:17:15  BuildStamp: freesurfer-linux-ubuntu22_x86_64-7.3.2-20220804-6354275  User: oesteban  Machine: dna048  Platform: Linux  PlatformVersion: 5.14.0-427.37.1.el9_4.x86_64  CompilerName: GCC  CompilerVersion: 8.4.0
ProgramName: mri_segment  ProgramArguments: mri_segment -all-info  ProgramVersion: 7.3.2  TimeStamp: 2026/03/11-10:23:48-GMT  BuildTime: Aug  4 2022 06:17:15  BuildStamp: freesurfer-linux-ubuntu22_x86_64-7.3.2-20220804-6354275  User: oesteban  Machine: dna048  Platform: Linux  PlatformVersion: 5.14.0-427.37.1.el9_4.x86_64  CompilerName: GCC  CompilerVersion: 8.4.0
ProgramName: mri_segstats  ProgramArguments: mri_segstats -all-info  ProgramVersion: 7.3.2  TimeStamp: 2026/03/11-10:23:48-GMT  BuildTime: Aug  4 2022 06:17:15  BuildStamp: freesurfer-linux-ubuntu22_x86_64-7.3.2-20220804-6354275  User: oesteban  Machine: dna048  Platform: Linux  PlatformVersion: 5.14.0-427.37.1.el9_4.x86_64  CompilerName: GCC  CompilerVersion: 8.4.0
ProgramName: mris_euler_number  ProgramArguments: mris_euler_number -all-info  ProgramVersion: 7.3.2  TimeStamp: 2026/03/11-10:23:48-GMT  BuildTime: Aug  4 2022 06:17:15  BuildStamp: freesurfer-linux-ubuntu22_x86_64-7.3.2-20220804-6354275  User: oesteban  Machine: dna048  Platform: Linux  PlatformVersion: 5.14.0-427.37.1.el9_4.x86_64  CompilerName: GCC  CompilerVersion: 8.4.0
ProgramName: mris_fix_topology  ProgramArguments: mris_fix_topology -all-info  ProgramVersion: 7.3.2  TimeStamp: 2026/03/11-10:23:48-GMT  BuildTime: Aug  4 2022 06:17:15  BuildStamp: freesurfer-linux-ubuntu22_x86_64-7.3.2-20220804-6354275  User: oesteban  Machine: dna048  Platform: Linux  PlatformVersion: 5.14.0-427.37.1.el9_4.x86_64  CompilerName: GCC  CompilerVersion: 8.4.0
ProgramName: mris_topo_fixer  ProgramArguments: mris_topo_fixer -all-info  ProgramVersion: 7.3.2  TimeStamp: 2026/03/11-10:23:48-GMT  BuildTime: Aug  4 2022 06:17:15  BuildStamp: freesurfer-linux-ubuntu22_x86_64-7.3.2-20220804-6354275  User: oesteban  Machine: dna048  Platform: Linux  PlatformVersion: 5.14.0-427.37.1.el9_4.x86_64  CompilerName: GCC  CompilerVersion: 8.4.0
ProgramName: mris_jacobian  ProgramArguments: mris_jacobian -all-info  ProgramVersion: 7.3.2  TimeStamp: 2026/03/11-10:23:48-GMT  BuildTime: Aug  4 2022 06:17:15  BuildStamp: freesurfer-linux-ubuntu22_x86_64-7.3.2-20220804-6354275  User: oesteban  Machine: dna048  Platform: Linux  PlatformVersion: 5.14.0-427.37.1.el9_4.x86_64  CompilerName: GCC  CompilerVersion: 8.4.0
ProgramName: mris_label2annot  ProgramArguments: mris_label2annot -all-info  ProgramVersion: 7.3.2  TimeStamp: 2026/03/11-10:23:48-GMT  BuildTime: Aug  4 2022 06:17:15  BuildStamp: freesurfer-linux-ubuntu22_x86_64-7.3.2-20220804-6354275  User: oesteban  Machine: dna048  Platform: Linux  PlatformVersion: 5.14.0-427.37.1.el9_4.x86_64  CompilerName: GCC  CompilerVersion: 8.4.0
ProgramName: mris_left_right_register  ProgramArguments: mris_left_right_register -all-info  ProgramVersion: 7.3.2  TimeStamp: 2026/03/11-10:23:48-GMT  BuildTime: Aug  4 2022 06:17:15  BuildStamp: freesurfer-linux-ubuntu22_x86_64-7.3.2-20220804-6354275  User: oesteban  Machine: dna048  Platform: Linux  PlatformVersion: 5.14.0-427.37.1.el9_4.x86_64  CompilerName: GCC  CompilerVersion: 8.4.0
ProgramName: mris_place_surface  ProgramArguments: mris_place_surface -all-info  ProgramVersion: 7.3.2  TimeStamp: 2026/03/11-10:23:48-GMT  BuildTime: Aug  4 2022 06:17:15  BuildStamp: freesurfer-linux-ubuntu22_x86_64-7.3.2-20220804-6354275  User: oesteban  Machine: dna048  Platform: Linux  PlatformVersion: 5.14.0-427.37.1.el9_4.x86_64  CompilerName: GCC  CompilerVersion: 8.4.0
ProgramName: mrisp_paint  ProgramArguments: mrisp_paint -all-info  ProgramVersion: 7.3.2  TimeStamp: 2026/03/11-10:23:48-GMT  BuildTime: Aug  4 2022 06:17:15  BuildStamp: freesurfer-linux-ubuntu22_x86_64-7.3.2-20220804-6354275  User: oesteban  Machine: dna048  Platform: Linux  PlatformVersion: 5.14.0-427.37.1.el9_4.x86_64  CompilerName: GCC  CompilerVersion: 8.4.0
ProgramName: mris_register  ProgramArguments: mris_register -all-info  ProgramVersion: 7.3.2  TimeStamp: 2026/03/11-10:23:48-GMT  BuildTime: Aug  4 2022 06:17:15  BuildStamp: freesurfer-linux-ubuntu22_x86_64-7.3.2-20220804-6354275  User: oesteban  Machine: dna048  Platform: Linux  PlatformVersion: 5.14.0-427.37.1.el9_4.x86_64  CompilerName: GCC  CompilerVersion: 8.4.0
ProgramName: mris_smooth  ProgramArguments: mris_smooth -all-info  ProgramVersion: 7.3.2  TimeStamp: 2026/03/11-10:23:48-GMT  BuildTime: Aug  4 2022 06:17:15  BuildStamp: freesurfer-linux-ubuntu22_x86_64-7.3.2-20220804-6354275  User: oesteban  Machine: dna048  Platform: Linux  PlatformVersion: 5.14.0-427.37.1.el9_4.x86_64  CompilerName: GCC  CompilerVersion: 8.4.0
ProgramName: mris_sphere  ProgramArguments: mris_sphere -all-info  ProgramVersion: 7.3.2  TimeStamp: 2026/03/11-10:23:48-GMT  BuildTime: Aug  4 2022 06:17:15  BuildStamp: freesurfer-linux-ubuntu22_x86_64-7.3.2-20220804-6354275  User: oesteban  Machine: dna048  Platform: Linux  PlatformVersion: 5.14.0-427.37.1.el9_4.x86_64  CompilerName: GCC  CompilerVersion: 8.4.0
ProgramName: mris_surface_stats  ProgramArguments: mris_surface_stats -all-info  ProgramVersion: 7.3.2  TimeStamp: 2026/03/11-10:23:48-GMT  BuildTime: Aug  4 2022 06:17:15  BuildStamp: freesurfer-linux-ubuntu22_x86_64-7.3.2-20220804-6354275  User: oesteban  Machine: dna048  Platform: Linux  PlatformVersion: 5.14.0-427.37.1.el9_4.x86_64  CompilerName: GCC  CompilerVersion: 8.4.0
ProgramName: mri_stats2seg  ProgramArguments: mri_stats2seg -all-info  ProgramVersion: 7.3.2  TimeStamp: 2026/03/11-10:23:48-GMT  BuildTime: Aug  4 2022 06:17:15  BuildStamp: freesurfer-linux-ubuntu22_x86_64-7.3.2-20220804-6354275  User: oesteban  Machine: dna048  Platform: Linux  PlatformVersion: 5.14.0-427.37.1.el9_4.x86_64  CompilerName: GCC  CompilerVersion: 8.4.0
ProgramName: mris_thickness  ProgramArguments: mris_thickness -all-info  ProgramVersion: 7.3.2  TimeStamp: 2026/03/11-10:23:48-GMT  BuildTime: Aug  4 2022 06:17:15  BuildStamp: freesurfer-linux-ubuntu22_x86_64-7.3.2-20220804-6354275  User: oesteban  Machine: dna048  Platform: Linux  PlatformVersion: 5.14.0-427.37.1.el9_4.x86_64  CompilerName: GCC  CompilerVersion: 8.4.0
ProgramName: mris_thickness_diff  ProgramArguments: mris_thickness_diff -all-info  ProgramVersion: 7.3.2  TimeStamp: 2026/03/11-10:23:48-GMT  BuildTime: Aug  4 2022 06:17:15  BuildStamp: freesurfer-linux-ubuntu22_x86_64-7.3.2-20220804-6354275  User: oesteban  Machine: dna048  Platform: Linux  PlatformVersion: 5.14.0-427.37.1.el9_4.x86_64  CompilerName: GCC  CompilerVersion: 8.4.0
ProgramName: mris_topo_fixer  ProgramArguments: mris_topo_fixer -all-info  ProgramVersion: 7.3.2  TimeStamp: 2026/03/11-10:23:48-GMT  BuildTime: Aug  4 2022 06:17:15  BuildStamp: freesurfer-linux-ubuntu22_x86_64-7.3.2-20220804-6354275  User: oesteban  Machine: dna048  Platform: Linux  PlatformVersion: 5.14.0-427.37.1.el9_4.x86_64  CompilerName: GCC  CompilerVersion: 8.4.0
ProgramName: mri_surf2surf  ProgramArguments: mri_surf2surf -all-info  ProgramVersion: 7.3.2  TimeStamp: 2026/03/11-10:23:48-GMT  BuildTime: Aug  4 2022 06:17:15  BuildStamp: freesurfer-linux-ubuntu22_x86_64-7.3.2-20220804-6354275  User: oesteban  Machine: dna048  Platform: Linux  PlatformVersion: 5.14.0-427.37.1.el9_4.x86_64  CompilerName: GCC  CompilerVersion: 8.4.0
ProgramName: mri_surf2vol  ProgramArguments: mri_surf2vol -all-info  ProgramVersion: 7.3.2  TimeStamp: 2026/03/11-10:23:48-GMT  BuildTime: Aug  4 2022 06:17:15  BuildStamp: freesurfer-linux-ubuntu22_x86_64-7.3.2-20220804-6354275  User: oesteban  Machine: dna048  Platform: Linux  PlatformVersion: 5.14.0-427.37.1.el9_4.x86_64  CompilerName: GCC  CompilerVersion: 8.4.0
ProgramName: mri_surfcluster  ProgramArguments: mri_surfcluster -all-info  ProgramVersion: 7.3.2  TimeStamp: 2026/03/11-10:23:48-GMT  BuildTime: Aug  4 2022 06:17:15  BuildStamp: freesurfer-linux-ubuntu22_x86_64-7.3.2-20220804-6354275  User: oesteban  Machine: dna048  Platform: Linux  PlatformVersion: 5.14.0-427.37.1.el9_4.x86_64  CompilerName: GCC  CompilerVersion: 8.4.0
ProgramName: mris_volmask  ProgramArguments: mris_volmask -all-info  ProgramVersion: 7.3.2  TimeStamp: 2026/03/11-10:23:48-GMT  BuildTime: Aug  4 2022 06:17:15  BuildStamp: freesurfer-linux-ubuntu22_x86_64-7.3.2-20220804-6354275  User: oesteban  Machine: dna048  Platform: Linux  PlatformVersion: 5.14.0-427.37.1.el9_4.x86_64  CompilerName: GCC  CompilerVersion: 8.4.0
ProgramName: mri_tessellate  ProgramArguments: mri_tessellate -all-info  ProgramVersion: 7.3.2  TimeStamp: 2026/03/11-10:23:48-GMT  BuildTime: Aug  4 2022 06:17:15  BuildStamp: freesurfer-linux-ubuntu22_x86_64-7.3.2-20220804-6354275  User: oesteban  Machine: dna048  Platform: Linux  PlatformVersion: 5.14.0-427.37.1.el9_4.x86_64  CompilerName: GCC  CompilerVersion: 8.4.0
ProgramName: mri_vol2surf  ProgramArguments: mri_vol2surf -all-info  ProgramVersion: 7.3.2  TimeStamp: 2026/03/11-10:23:48-GMT  BuildTime: Aug  4 2022 06:17:15  BuildStamp: freesurfer-linux-ubuntu22_x86_64-7.3.2-20220804-6354275  User: oesteban  Machine: dna048  Platform: Linux  PlatformVersion: 5.14.0-427.37.1.el9_4.x86_64  CompilerName: GCC  CompilerVersion: 8.4.0
ProgramName: mri_vol2vol  ProgramArguments: mri_vol2vol -all-info  ProgramVersion: 7.3.2  TimeStamp: 2026/03/11-10:23:48-GMT  BuildTime: Aug  4 2022 06:17:15  BuildStamp: freesurfer-linux-ubuntu22_x86_64-7.3.2-20220804-6354275  User: oesteban  Machine: dna048  Platform: Linux  PlatformVersion: 5.14.0-427.37.1.el9_4.x86_64  CompilerName: GCC  CompilerVersion: 8.4.0
ProgramName: mri_voldiff  ProgramArguments: mri_voldiff -all-info  ProgramVersion: 7.3.2  TimeStamp: 2026/03/11-10:23:48-GMT  BuildTime: Aug  4 2022 06:17:15  BuildStamp: freesurfer-linux-ubuntu22_x86_64-7.3.2-20220804-6354275  User: oesteban  Machine: dna048  Platform: Linux  PlatformVersion: 5.14.0-427.37.1.el9_4.x86_64  CompilerName: GCC  CompilerVersion: 8.4.0
ProgramName: mri_watershed  ProgramArguments: mri_watershed -all-info  ProgramVersion: 7.3.2  TimeStamp: 2026/03/11-10:23:48-GMT  BuildTime: Aug  4 2022 06:17:15  BuildStamp: freesurfer-linux-ubuntu22_x86_64-7.3.2-20220804-6354275  User: oesteban  Machine: dna048  Platform: Linux  PlatformVersion: 5.14.0-427.37.1.el9_4.x86_64  CompilerName: GCC  CompilerVersion: 8.4.0
ProgramName: tkregister2  ProgramArguments: tkregister2_cmdl -all-info  ProgramVersion: 7.3.2  TimeStamp: 2026/03/11-10:23:48-GMT  BuildTime: Aug  4 2022 06:17:15  BuildStamp: freesurfer-linux-ubuntu22_x86_64-7.3.2-20220804-6354275  User: oesteban  Machine: dna048  Platform: Linux  PlatformVersion: 5.14.0-427.37.1.el9_4.x86_64  CompilerName: GCC  CompilerVersion: 8.4.0
mri_motion_correct.fsl 7.3.2
mri_convert -all-info 
ProgramName: mri_convert  ProgramArguments: mri_convert -all-info  ProgramVersion: 7.3.2  TimeStamp: 2026/03/11-10:23:48-GMT  BuildTime: Aug  4 2022 06:17:15  BuildStamp: freesurfer-linux-ubuntu22_x86_64-7.3.2-20220804-6354275  User: oesteban  Machine: dna048  Platform: Linux  PlatformVersion: 5.14.0-427.37.1.el9_4.x86_64  CompilerName: GCC  CompilerVersion: 8.4.0
Program nu_correct, built from:
Package MNI N3, version 1.12.0, compiled by nicks@terrier (x86_64-unknown-linux-gnu) on 2015-06-19 at 01:25:34
#######################################
GCADIR /opt/freesurfer/average
GCA RB_all_2020-01-02.gca
GCASkull RB_all_withskull_2020_01_02.gca
AvgCurvTif folding.atlas.acfb40.noaparc.i12.2016-08-02.tif
GCSDIR /opt/freesurfer/average
GCS DKaparc.atlas.acfb40.noaparc.i12.2016-08-02.gcs
#######################################
#--------------------------------------
#@# CA Normalize Wed Mar 11 11:23:48 CET 2026
/out/sourcedata/freesurfer/sub-v2s16x51274_ses-1/mri

 mri_ca_normalize -c ctrl_pts.mgz -mask brainmask.mgz nu.mgz /opt/freesurfer/average/RB_all_2020-01-02.gca transforms/talairach.lta norm.mgz 

writing control point volume to ctrl_pts.mgz
using MR volume brainmask.mgz to mask input volume...
reading 1 input volume
reading atlas from '/opt/freesurfer/average/RB_all_2020-01-02.gca'...
reading transform from 'transforms/talairach.lta'...
reading input volume from nu.mgz...
resetting wm mean[0]: 98 --> 107
resetting gm mean[0]: 61 --> 61
input volume #1 is the most T1-like
using real data threshold=25.0
skull bounding box = (60, 51, 43) --> (198, 178, 203)
finding center of left hemi white matter
using (106, 93, 123) as brain centroid of Right_Cerebral_White_Matter...
mean wm in atlas = 107, using box (89,77,103) --> (122, 108,142) to find MRI wm
before smoothing, mri peak at 110
robust fit to distribution - 108 +- 4.1
after smoothing, mri peak at 109, scaling input intensities by 0.982
scaling channel 0 by 0.981651
using 246437 sample points...
INFO: compute sample coordinates transform
 1.04364  -0.00539   0.12186  -21.83308;
-0.01222   1.15771   0.15867  -28.16501;
-0.12031  -0.17715   1.02234   20.42050;
 0.00000   0.00000   0.00000   1.00000;
INFO: transform used
finding control points in Left_Cerebral_White_Matter....
found 40230 control points for structure...
bounding box (124, 55, 45) --> (193, 153, 205)
Left_Cerebral_White_Matter: limiting intensities to 95.0 --> 132.0
0 of 8481 (0.0%) samples deleted
finding control points in Right_Cerebral_White_Matter....
found 39478 control points for structure...
bounding box (67, 57, 41) --> (133, 155, 203)
Right_Cerebral_White_Matter: limiting intensities to 93.0 --> 132.0
0 of 8131 (0.0%) samples deleted
finding control points in Left_Cerebellum_White_Matter....
found 3105 control points for structure...
bounding box (133, 129, 72) --> (179, 169, 123)
Left_Cerebellum_White_Matter: limiting intensities to 92.0 --> 132.0
0 of 514 (0.0%) samples deleted
finding control points in Right_Cerebellum_White_Matter....
found 2710 control points for structure...
bounding box (89, 129, 65) --> (133, 168, 121)
Right_Cerebellum_White_Matter: limiting intensities to 92.0 --> 132.0
0 of 443 (0.0%) samples deleted
finding control points in Brain_Stem....
found 3475 control points for structure...
bounding box (113, 122, 103) --> (145, 181, 133)
Brain_Stem: limiting intensities to 92.0 --> 132.0
1 of 946 (0.1%) samples deleted
using 18515 total control points for intensity normalization...
bias field = 0.975 +- 0.072
48 of 18514 control points discarded
finding control points in Left_Cerebral_White_Matter....
found 40230 control points for structure...
bounding box (124, 55, 45) --> (193, 153, 205)
Left_Cerebral_White_Matter: limiting intensities to 91.0 --> 128.0
3 of 8560 (0.0%) samples deleted
finding control points in Right_Cerebral_White_Matter....
found 39478 control points for structure...
bounding box (67, 57, 41) --> (133, 155, 203)
Right_Cerebral_White_Matter: limiting intensities to 88.0 --> 128.0
0 of 8183 (0.0%) samples deleted
finding control points in Left_Cerebellum_White_Matter....
found 3105 control points for structure...
bounding box (133, 129, 72) --> (179, 169, 123)
Left_Cerebellum_White_Matter: limiting intensities to 88.0 --> 128.0
34 of 546 (6.2%) samples deleted
finding control points in Right_Cerebellum_White_Matter....
found 2710 control points for structure...
bounding box (89, 129, 65) --> (133, 168, 121)
Right_Cerebellum_White_Matter: limiting intensities to 88.0 --> 128.0
38 of 472 (8.1%) samples deleted
finding control points in Brain_Stem....
found 3475 control points for structure...
bounding box (113, 122, 103) --> (145, 181, 133)
Brain_Stem: limiting intensities to 88.0 --> 128.0
85 of 1015 (8.4%) samples deleted
using 18776 total control points for intensity normalization...
bias field = 1.021 +- 0.060
78 of 18530 control points discarded
finding control points in Left_Cerebral_White_Matter....
found 40230 control points for structure...
bounding box (124, 55, 45) --> (193, 153, 205)
Left_Cerebral_White_Matter: limiting intensities to 91.0 --> 129.0
5 of 8538 (0.1%) samples deleted
finding control points in Right_Cerebral_White_Matter....
found 39478 control points for structure...
bounding box (67, 57, 41) --> (133, 155, 203)
Right_Cerebral_White_Matter: limiting intensities to 88.0 --> 129.0
3 of 8159 (0.0%) samples deleted
finding control points in Left_Cerebellum_White_Matter....
found 3105 control points for structure...
bounding box (133, 129, 72) --> (179, 169, 123)
Left_Cerebellum_White_Matter: limiting intensities to 88.0 --> 129.0
146 of 543 (26.9%) samples deleted
finding control points in Right_Cerebellum_White_Matter....
found 2710 control points for structure...
bounding box (89, 129, 65) --> (133, 168, 121)
Right_Cerebellum_White_Matter: limiting intensities to 88.0 --> 129.0
153 of 471 (32.5%) samples deleted
finding control points in Brain_Stem....
found 3475 control points for structure...
bounding box (113, 122, 103) --> (145, 181, 133)
Brain_Stem: limiting intensities to 88.0 --> 129.0
132 of 1036 (12.7%) samples deleted
using 18747 total control points for intensity normalization...
bias field = 1.019 +- 0.052
89 of 18171 control points discarded
writing normalized volume to norm.mgz...
writing control points to ctrl_pts.mgz
freeing GCA...done.
normalization took 1 minutes and 20 seconds.
#--------------------------------------
#@# CA Reg Wed Mar 11 11:25:08 CET 2026
/out/sourcedata/freesurfer/sub-v2s16x51274_ses-1/mri

 mri_ca_register -nobigventricles -T transforms/talairach.lta -align-after -mask brainmask.mgz norm.mgz /opt/freesurfer/average/RB_all_2020-01-02.gca transforms/talairach.m3z 

not handling expanded ventricles...
using previously computed transform transforms/talairach.lta
renormalizing sequences with structure alignment, equivalent to:
	-renormalize
	-regularize_mean 0.500
	-regularize 0.500
using MR volume brainmask.mgz to mask input volume...

== Number of threads available to mri_ca_register for OpenMP = 16 == 
reading 1 input volumes...
logging results to talairach.log
reading input volume 'norm.mgz'...
reading GCA '/opt/freesurfer/average/RB_all_2020-01-02.gca'...
label assignment complete, 0 changed (0.00%)
freeing gibbs priors...done.
average std[0] = 5.0
Starting GCAMregister()
label assignment complete, 0 changed (0.00%)
npasses = 1, nlevels = 6
#pass# 1 of 1 ************************
enabling zero nodes
setting smoothness cost coefficient to 0.156

#GCAMreg# pass 0 level1 5 level2 0 tsec 0 sigma 2
l_jacobian=1.00 l_label=1.00 l_log_likelihood=0.20 l_smoothness=0.16 
tol=2.50e-01, dt=5.00e-02, exp_k=20.0, momentum=0.90, levels=6, niter=500, lbl_dist=10.00, avgs=256, sigma=2.0,type=2, relabel=0, neg=no

blurring input image with Gaussian with sigma=2.000...
GCAMRegisterLevel(): init RMS 0.815701
#FOTS# QuadFit found better minimum quadopt=(dt=213.122,rms=0.711316) vs oldopt=(dt=92.48,rms=0.743414)
#GCMRL#    0 dt 213.122433 rms  0.711 12.797% neg 0  invalid 762 tFOTS 4.1270 tGradient 3.2590 tsec 7.7430
#FOTS# QuadFit found better minimum quadopt=(dt=167.03,rms=0.681126) vs oldopt=(dt=92.48,rms=0.687387)
#GCMRL#    1 dt 167.029508 rms  0.681  4.244% neg 0  invalid 762 tFOTS 4.5830 tGradient 3.6640 tsec 8.5880
#FOTS# QuadFit found better minimum quadopt=(dt=191.045,rms=0.670847) vs oldopt=(dt=92.48,rms=0.67384)
#GCMRL#    2 dt 191.044776 rms  0.671  1.509% neg 0  invalid 762 tFOTS 4.6810 tGradient 3.1410 tsec 8.1550
#FOTS# QuadFit found better minimum quadopt=(dt=163.868,rms=0.665764) vs oldopt=(dt=92.48,rms=0.667081)
#GCMRL#    3 dt 163.868132 rms  0.666  0.758% neg 0  invalid 762 tFOTS 4.7660 tGradient 3.1530 tsec 8.2600
#FOTS# QuadFit found better minimum quadopt=(dt=295.936,rms=0.661149) vs oldopt=(dt=369.92,rms=0.661526)
#GCMRL#    4 dt 295.936000 rms  0.661  0.693% neg 0  invalid 762 tFOTS 4.5490 tGradient 2.8730 tsec 7.8070
#FOTS# QuadFit found better minimum quadopt=(dt=129.472,rms=0.658034) vs oldopt=(dt=92.48,rms=0.658365)
#GCMRL#    5 dt 129.472000 rms  0.658  0.471% neg 0  invalid 762 tFOTS 4.8630 tGradient 3.2420 tsec 8.4370
#FOTS# QuadFit found better minimum quadopt=(dt=443.904,rms=0.654716) vs oldopt=(dt=369.92,rms=0.654813)
#GCMRL#    6 dt 443.904000 rms  0.655  0.504% neg 0  invalid 762 tFOTS 4.3160 tGradient 3.2040 tsec 7.8580
#FOTS# QuadFit found better minimum quadopt=(dt=129.472,rms=0.652421) vs oldopt=(dt=92.48,rms=0.652539)
#GCMRL#    7 dt 129.472000 rms  0.652  0.351% neg 0  invalid 762 tFOTS 5.0780 tGradient 3.3280 tsec 8.7610
#GCMRL#    8 dt 369.920000 rms  0.651  0.000% neg 0  invalid 762 tFOTS 4.4400 tGradient 3.3300 tsec 8.1470

#GCAMreg# pass 0 level1 5 level2 1 tsec 87.423 sigma 0.5
l_jacobian=1.00 l_label=1.00 l_log_likelihood=0.20 l_smoothness=0.16 
tol=2.50e-01, dt=5.00e-02, exp_k=20.0, momentum=0.90, levels=6, niter=500, lbl_dist=10.00, avgs=256, sigma=0.5,type=2, relabel=0, neg=no

blurring input image with Gaussian with sigma=0.500...
GCAMRegisterLevel(): init RMS 0.651306
#FOTS# QuadFit found better minimum quadopt=(dt=110.976,rms=0.649632) vs oldopt=(dt=92.48,rms=0.649676)
#GCMRL#   10 dt 110.976000 rms  0.650  0.257% neg 0  invalid 762 tFOTS 4.8210 tGradient 3.3010 tsec 8.4670
#FOTS# QuadFit found better minimum quadopt=(dt=517.888,rms=0.64831) vs oldopt=(dt=369.92,rms=0.648466)
#GCMRL#   11 dt 517.888000 rms  0.648  0.000% neg 0  invalid 762 tFOTS 4.6840 tGradient 2.9040 tsec 7.9540
#GCMRL#   12 dt 517.888000 rms  0.645  0.441% neg 0  invalid 762 tFOTS 0.0000 tGradient 3.0910 tsec 3.4130
#GCMRL#   13 dt 517.888000 rms  0.645  0.129% neg 0  invalid 762 tFOTS 0.0000 tGradient 2.8680 tsec 3.1860
#GCMRL#   14 dt 517.888000 rms  0.643  0.238% neg 0  invalid 762 tFOTS 0.0000 tGradient 2.8350 tsec 3.1570
#GCMRL#   15 dt 517.888000 rms  0.643 -2.167% neg 0  invalid 762 tFOTS 0.0000 tGradient 3.2590 tsec 3.8330
#FOTS# QuadFit found better minimum quadopt=(dt=110.976,rms=0.640132) vs oldopt=(dt=92.48,rms=0.640189)
#GCMRL#   16 dt 110.976000 rms  0.640  0.480% neg 0  invalid 762 tFOTS 4.4330 tGradient 3.1350 tsec 7.9110
#GCMRL#   17 dt 369.920000 rms  0.640  0.000% neg 0  invalid 762 tFOTS 4.8850 tGradient 2.7510 tsec 7.9970
#GCMRL#   18 dt 369.920000 rms  0.639  0.093% neg 0  invalid 762 tFOTS 0.0000 tGradient 2.8690 tsec 3.1970
#GCMRL#   19 dt 369.920000 rms  0.639  0.080% neg 0  invalid 762 tFOTS 0.0000 tGradient 2.8410 tsec 3.1630
#GCMRL#   20 dt 369.920000 rms  0.638  0.151% neg 0  invalid 762 tFOTS 0.0000 tGradient 2.8210 tsec 3.1490
#GCMRL#   21 dt 369.920000 rms  0.636  0.234% neg 0  invalid 762 tFOTS 0.0000 tGradient 3.0510 tsec 3.3700
#GCMRL#   22 dt 369.920000 rms  0.635  0.180% neg 0  invalid 762 tFOTS 0.0000 tGradient 2.9520 tsec 3.3220
#GCMRL#   23 dt 369.920000 rms  0.634  0.183% neg 0  invalid 762 tFOTS 0.0000 tGradient 2.9100 tsec 3.2710
#GCMRL#   24 dt 369.920000 rms  0.632  0.230% neg 0  invalid 762 tFOTS 0.0000 tGradient 3.0480 tsec 3.3670
#GCMRL#   25 dt 369.920000 rms  0.631  0.224% neg 0  invalid 762 tFOTS 0.0000 tGradient 2.9330 tsec 3.2570
#GCMRL#   26 dt 369.920000 rms  0.630  0.182% neg 0  invalid 762 tFOTS 0.0000 tGradient 3.0840 tsec 3.4130
#GCMRL#   27 dt 369.920000 rms  0.629  0.207% neg 0  invalid 762 tFOTS 0.0000 tGradient 3.1170 tsec 3.4470
#GCMRL#   28 dt 369.920000 rms  0.628  0.141% neg 0  invalid 762 tFOTS 0.0000 tGradient 3.1450 tsec 3.4720
#GCMRL#   29 dt 369.920000 rms  0.627  0.139% neg 0  invalid 762 tFOTS 0.0000 tGradient 3.0870 tsec 3.4120
#GCMRL#   30 dt 369.920000 rms  0.626  0.145% neg 0  invalid 762 tFOTS 0.0000 tGradient 3.1530 tsec 3.4830
#GCMRL#   31 dt 369.920000 rms  0.625  0.105% neg 0  invalid 762 tFOTS 0.0000 tGradient 3.0600 tsec 3.3900
#GCMRL#   32 dt 369.920000 rms  0.625  0.074% neg 0  invalid 762 tFOTS 0.0000 tGradient 3.0970 tsec 3.4540
#FOTS# QuadFit found better minimum quadopt=(dt=129.472,rms=0.624667) vs oldopt=(dt=92.48,rms=0.624691)
#GCMRL#   33 dt 129.472000 rms  0.625  0.000% neg 0  invalid 762 tFOTS 4.8530 tGradient 3.0330 tsec 8.3070
#GCMRL#   34 dt 129.472000 rms  0.625  0.012% neg 0  invalid 762 tFOTS 0.0000 tGradient 3.1270 tsec 3.4650
#GCMRL#   35 dt 129.472000 rms  0.625  0.010% neg 0  invalid 762 tFOTS 0.0000 tGradient 3.0320 tsec 3.3730
setting smoothness cost coefficient to 0.615

#GCAMreg# pass 0 level1 4 level2 0 tsec 0 sigma 2
l_jacobian=1.00 l_label=1.00 l_log_likelihood=0.20 l_smoothness=0.62 
tol=2.50e-01, dt=5.00e-02, exp_k=20.0, momentum=0.90, levels=6, niter=500, lbl_dist=10.00, avgs=64, sigma=2.0,type=2, relabel=0, neg=no

blurring input image with Gaussian with sigma=2.000...
GCAMRegisterLevel(): init RMS 0.635573
#FOTS# QuadFit found better minimum quadopt=(dt=36.288,rms=0.633626) vs oldopt=(dt=25.92,rms=0.63387)
#GCMRL#   37 dt  36.288000 rms  0.634  0.306% neg 0  invalid 762 tFOTS 4.9090 tGradient 2.4290 tsec 7.7420
#FOTS# QuadFit found better minimum quadopt=(dt=36.288,rms=0.63298) vs oldopt=(dt=25.92,rms=0.633123)
#GCMRL#   38 dt  36.288000 rms  0.633  0.000% neg 0  invalid 762 tFOTS 4.6360 tGradient 2.6260 tsec 7.6150
#GCMRL#   39 dt  36.288000 rms  0.632  0.124% neg 0  invalid 762 tFOTS 0.0000 tGradient 2.5660 tsec 2.8880
#GCMRL#   40 dt  36.288000 rms  0.631  0.131% neg 0  invalid 762 tFOTS 0.0000 tGradient 2.3990 tsec 2.7160
#GCMRL#   41 dt  36.288000 rms  0.631  0.129% neg 0  invalid 762 tFOTS 0.0000 tGradient 2.3600 tsec 2.6730
#GCMRL#   42 dt  36.288000 rms  0.629  0.173% neg 0  invalid 762 tFOTS 0.0000 tGradient 2.4300 tsec 2.7460
#GCMRL#   43 dt  36.288000 rms  0.628  0.290% neg 0  invalid 762 tFOTS 0.0000 tGradient 2.4080 tsec 2.7230
#GCMRL#   44 dt  36.288000 rms  0.625  0.418% neg 0  invalid 762 tFOTS 0.0000 tGradient 2.4090 tsec 2.7260
#GCMRL#   45 dt  36.288000 rms  0.622  0.511% neg 0  invalid 762 tFOTS 0.0000 tGradient 2.3420 tsec 2.6560
#GCMRL#   46 dt  36.288000 rms  0.619  0.530% neg 0  invalid 762 tFOTS 0.0000 tGradient 2.2630 tsec 2.5740
#GCMRL#   47 dt  36.288000 rms  0.616  0.478% neg 0  invalid 762 tFOTS 0.0000 tGradient 2.2620 tsec 2.5750
#GCMRL#   48 dt  36.288000 rms  0.613  0.373% neg 0  invalid 762 tFOTS 0.0000 tGradient 2.2540 tsec 2.5660
#GCMRL#   49 dt  36.288000 rms  0.612  0.241% neg 0  invalid 762 tFOTS 0.0000 tGradient 2.2980 tsec 2.6150
#GCMRL#   50 dt  36.288000 rms  0.611  0.117% neg 0  invalid 762 tFOTS 0.0000 tGradient 2.2720 tsec 2.5910
#GCMRL#   51 dt  36.288000 rms  0.611  0.034% neg 0  invalid 762 tFOTS 0.0000 tGradient 2.3220 tsec 2.6620
#FOTS# QuadFit found better minimum quadopt=(dt=9.072,rms=0.610875) vs oldopt=(dt=6.48,rms=0.610875)

#GCAMreg# pass 0 level1 4 level2 1 tsec 67.676 sigma 0.5
l_jacobian=1.00 l_label=1.00 l_log_likelihood=0.20 l_smoothness=0.62 
tol=2.50e-01, dt=5.00e-02, exp_k=20.0, momentum=0.90, levels=6, niter=500, lbl_dist=10.00, avgs=64, sigma=0.5,type=2, relabel=0, neg=no

blurring input image with Gaussian with sigma=0.500...
GCAMRegisterLevel(): init RMS 0.611504
#GCMRL#   53 dt   0.000000 rms  0.611  0.103% neg 0  invalid 762 tFOTS 4.6470 tGradient 2.3910 tsec 7.3880
setting smoothness cost coefficient to 2.353

#GCAMreg# pass 0 level1 3 level2 0 tsec 0 sigma 2
l_jacobian=1.00 l_label=1.00 l_log_likelihood=0.20 l_smoothness=2.35 
tol=2.50e-01, dt=5.00e-02, exp_k=20.0, momentum=0.90, levels=6, niter=500, lbl_dist=10.00, avgs=16, sigma=2.0,type=2, relabel=0, neg=no

blurring input image with Gaussian with sigma=2.000...
GCAMRegisterLevel(): init RMS 0.643051
#FOTS# QuadFit found better minimum quadopt=(dt=2.8,rms=0.641674) vs oldopt=(dt=2,rms=0.641758)
#GCMRL#   55 dt   2.800000 rms  0.642  0.214% neg 0  invalid 762 tFOTS 4.3700 tGradient 1.8980 tsec 6.6130
#GCMRL#   56 dt   0.500000 rms  0.642  0.000% neg 0  invalid 762 tFOTS 4.3850 tGradient 1.8900 tsec 6.6490

#GCAMreg# pass 0 level1 3 level2 1 tsec 25.249 sigma 0.5
l_jacobian=1.00 l_label=1.00 l_log_likelihood=0.20 l_smoothness=2.35 
tol=2.50e-01, dt=5.00e-02, exp_k=20.0, momentum=0.90, levels=6, niter=500, lbl_dist=10.00, avgs=16, sigma=0.5,type=2, relabel=0, neg=no

blurring input image with Gaussian with sigma=0.500...
GCAMRegisterLevel(): init RMS 0.64224
#FOTS# QuadFit found better minimum quadopt=(dt=0.3,rms=0.641654) vs oldopt=(dt=0.5,rms=0.641656)
#GCMRL#   58 dt   0.300000 rms  0.642  0.091% neg 0  invalid 762 tFOTS 4.3780 tGradient 1.8840 tsec 6.6100
#FOTS# QuadFit found better minimum quadopt=(dt=0.04375,rms=0.641653) vs oldopt=(dt=0.03125,rms=0.641653)
#GCMRL#   59 dt   0.043750 rms  0.642  0.000% neg 0  invalid 762 tFOTS 4.4280 tGradient 1.9640 tsec 6.7660
#GCMRL#   60 dt   0.043750 rms  0.642  0.000% neg 0  invalid 762 tFOTS 0.0000 tGradient 1.8840 tsec 2.2190
setting smoothness cost coefficient to 8.000

#GCAMreg# pass 0 level1 2 level2 0 tsec 0 sigma 2
l_jacobian=1.00 l_label=1.00 l_log_likelihood=0.20 l_smoothness=8.00 
tol=2.50e-01, dt=5.00e-02, exp_k=20.0, momentum=0.90, levels=6, niter=500, lbl_dist=10.00, avgs=4, sigma=2.0,type=2, relabel=0, neg=no

blurring input image with Gaussian with sigma=2.000...
GCAMRegisterLevel(): init RMS 0.71976
#FOTS# QuadFit found better minimum quadopt=(dt=2.50078,rms=0.695999) vs oldopt=(dt=2.88,rms=0.696541)
#GCMRL#   62 dt   2.500779 rms  0.696  3.301% neg 0  invalid 762 tFOTS 4.4920 tGradient 1.7860 tsec 6.6260
#FOTS# QuadFit found better minimum quadopt=(dt=1.64815,rms=0.693927) vs oldopt=(dt=0.72,rms=0.694555)
#GCMRL#   63 dt   1.648148 rms  0.694  0.298% neg 0  invalid 762 tFOTS 4.4040 tGradient 1.7160 tsec 6.4610
#FOTS# QuadFit found better minimum quadopt=(dt=0.864,rms=0.693662) vs oldopt=(dt=0.72,rms=0.693672)
#GCMRL#   64 dt   0.864000 rms  0.694  0.000% neg 0  invalid 762 tFOTS 4.4080 tGradient 1.6820 tsec 6.4580

#GCAMreg# pass 0 level1 2 level2 1 tsec 31.375 sigma 0.5
l_jacobian=1.00 l_label=1.00 l_log_likelihood=0.20 l_smoothness=8.00 
tol=2.50e-01, dt=5.00e-02, exp_k=20.0, momentum=0.90, levels=6, niter=500, lbl_dist=10.00, avgs=4, sigma=0.5,type=2, relabel=0, neg=no

blurring input image with Gaussian with sigma=0.500...
GCAMRegisterLevel(): init RMS 0.694123
#FOTS# QuadFit found better minimum quadopt=(dt=0.063,rms=0.693653) vs oldopt=(dt=0.045,rms=0.693654)
#GCMRL#   66 dt   0.063000 rms  0.694  0.068% neg 0  invalid 762 tFOTS 4.1070 tGradient 1.6670 tsec 6.1180
#GCMRL#   67 dt   0.045000 rms  0.694  0.000% neg 0  invalid 762 tFOTS 4.0960 tGradient 1.7150 tsec 6.1830
setting smoothness cost coefficient to 20.000

#GCAMreg# pass 0 level1 1 level2 0 tsec 0 sigma 2
l_jacobian=1.00 l_label=1.00 l_log_likelihood=0.20 l_smoothness=20.00 
tol=2.50e-01, dt=5.00e-02, exp_k=20.0, momentum=0.90, levels=6, niter=500, lbl_dist=10.00, avgs=1, sigma=2.0,type=2, relabel=0, neg=no

blurring input image with Gaussian with sigma=2.000...
GCAMRegisterLevel(): init RMS 0.758016
#FOTS# QuadFit found better minimum quadopt=(dt=0.448,rms=0.755634) vs oldopt=(dt=0.32,rms=0.75582)
#GCMRL#   69 dt   0.448000 rms  0.756  0.314% neg 0  invalid 762 tFOTS 4.4980 tGradient 1.5410 tsec 6.3840
#FOTS# QuadFit found better minimum quadopt=(dt=0.827891,rms=0.749293) vs oldopt=(dt=1.28,rms=0.750833)
#GCMRL#   70 dt   0.827891 rms  0.749  0.839% neg 0  invalid 762 tFOTS 4.2890 tGradient 1.5500 tsec 6.1650
#FOTS# QuadFit found better minimum quadopt=(dt=0.112,rms=0.748067) vs oldopt=(dt=0.08,rms=0.748317)
#GCMRL#   71 dt   0.112000 rms  0.748  0.000% neg 0  invalid 762 tFOTS 4.0200 tGradient 1.4540 tsec 5.8310
#GCMRL#   72 dt   0.112000 rms  0.748  0.060% neg 0  invalid 762 tFOTS 0.0000 tGradient 1.5030 tsec 1.8230
#GCMRL#   73 dt   0.112000 rms  0.748  0.013% neg 0  invalid 762 tFOTS 0.0000 tGradient 1.4800 tsec 1.8380
#GCMRL#   74 dt   0.112000 rms  0.747  0.006% neg 0  invalid 762 tFOTS 0.0000 tGradient 1.5340 tsec 1.8740
#FOTS# QuadFit found better minimum quadopt=(dt=0.448,rms=0.743753) vs oldopt=(dt=0.32,rms=0.744266)
#GCMRL#   75 dt   0.448000 rms  0.744  0.498% neg 0  invalid 762 tFOTS 4.2800 tGradient 1.4600 tsec 6.0430
#FOTS# QuadFit found better minimum quadopt=(dt=0.112,rms=0.743437) vs oldopt=(dt=0.08,rms=0.74347)
#GCMRL#   76 dt   0.112000 rms  0.743  0.000% neg 0  invalid 762 tFOTS 3.9040 tGradient 1.4330 tsec 5.6740
#GCMRL#   77 dt   0.112000 rms  0.743  0.016% neg 0  invalid 762 tFOTS 0.0000 tGradient 1.3370 tsec 1.6270
#GCMRL#   78 dt   0.112000 rms  0.743  0.019% neg 0  invalid 762 tFOTS 0.0000 tGradient 1.3380 tsec 1.6390
#GCMRL#   79 dt   0.112000 rms  0.743  0.056% neg 0  invalid 762 tFOTS 0.0000 tGradient 1.3300 tsec 1.6240
#GCMRL#   80 dt   0.112000 rms  0.742  0.131% neg 0  invalid 762 tFOTS 0.0000 tGradient 1.3330 tsec 1.6340
#GCMRL#   81 dt   0.112000 rms  0.741  0.169% neg 0  invalid 762 tFOTS 0.0000 tGradient 1.3710 tsec 1.6810
#GCMRL#   82 dt   0.112000 rms  0.740  0.139% neg 0  invalid 762 tFOTS 0.0000 tGradient 1.3100 tsec 1.6060
#GCMRL#   83 dt   0.112000 rms  0.739  0.084% neg 0  invalid 762 tFOTS 0.0000 tGradient 1.3020 tsec 1.6560
#GCMRL#   84 dt   0.112000 rms  0.739  0.033% neg 0  invalid 762 tFOTS 0.0000 tGradient 1.3260 tsec 1.6500
#GCMRL#   85 dt   0.100000 rms  0.739  0.000% neg 0  invalid 762 tFOTS 3.6920 tGradient 1.4110 tsec 5.4340

#GCAMreg# pass 0 level1 1 level2 1 tsec 66.06 sigma 0.5
l_jacobian=1.00 l_label=1.00 l_log_likelihood=0.20 l_smoothness=20.00 
tol=2.50e-01, dt=5.00e-02, exp_k=20.0, momentum=0.90, levels=6, niter=500, lbl_dist=10.00, avgs=1, sigma=0.5,type=2, relabel=0, neg=no

blurring input image with Gaussian with sigma=0.500...
GCAMRegisterLevel(): init RMS 0.739093
#FOTS# QuadFit found better minimum quadopt=(dt=0.112,rms=0.738561) vs oldopt=(dt=0.08,rms=0.738575)
#GCMRL#   87 dt   0.112000 rms  0.739  0.072% neg 0  invalid 762 tFOTS 3.8710 tGradient 1.3520 tsec 5.5260
#FOTS# QuadFit found better minimum quadopt=(dt=0.384,rms=0.738413) vs oldopt=(dt=0.32,rms=0.738418)
#GCMRL#   88 dt   0.384000 rms  0.738  0.000% neg 0  invalid 762 tFOTS 3.9360 tGradient 1.3190 tsec 5.5900
#GCMRL#   89 dt   0.384000 rms  0.738  0.053% neg 0  invalid 762 tFOTS 0.0000 tGradient 1.3360 tsec 1.6340
#GCMRL#   90 dt   0.384000 rms  0.738  0.037% neg 0  invalid 762 tFOTS 0.0000 tGradient 1.3270 tsec 1.6250
resetting metric properties...
setting smoothness cost coefficient to 40.000

#GCAMreg# pass 0 level1 0 level2 0 tsec 0 sigma 2
l_jacobian=1.00 l_label=1.00 l_log_likelihood=0.20 l_smoothness=40.00 
tol=2.50e-01, dt=5.00e-02, exp_k=20.0, momentum=0.90, levels=6, niter=500, lbl_dist=10.00, avgs=0, sigma=2.0,type=2, relabel=0, neg=no

blurring input image with Gaussian with sigma=2.000...
GCAMRegisterLevel(): init RMS 0.6994
#FOTS# QuadFit found better minimum quadopt=(dt=0.21413,rms=0.694711) vs oldopt=(dt=0.32,rms=0.695461)
#GCMRL#   92 dt   0.214130 rms  0.695  0.670% neg 0  invalid 762 tFOTS 3.7310 tGradient 0.9040 tsec 4.9410
#FOTS# QuadFit found better minimum quadopt=(dt=0.024,rms=0.694453) vs oldopt=(dt=0.02,rms=0.694454)
#GCMRL#   93 dt   0.024000 rms  0.694  0.000% neg 0  invalid 762 tFOTS 3.9830 tGradient 0.8820 tsec 5.1840

#GCAMreg# pass 0 level1 0 level2 1 tsec 21.427 sigma 0.5
l_jacobian=1.00 l_label=1.00 l_log_likelihood=0.20 l_smoothness=40.00 
tol=2.50e-01, dt=5.00e-02, exp_k=20.0, momentum=0.90, levels=6, niter=500, lbl_dist=10.00, avgs=0, sigma=0.5,type=2, relabel=0, neg=no

blurring input image with Gaussian with sigma=0.500...
GCAMRegisterLevel(): init RMS 0.694963
#FOTS# QuadFit found better minimum quadopt=(dt=0.007,rms=0.694435) vs oldopt=(dt=0.005,rms=0.694437)
#GCMRL#   95 dt   0.007000 rms  0.694  0.076% neg 0  invalid 762 tFOTS 3.8550 tGradient 0.9070 tsec 5.0530
#GCMRL#   96 dt   0.001250 rms  0.694  0.000% neg 0  invalid 762 tFOTS 3.9760 tGradient 0.9620 tsec 5.2920
GCAMregister done in 8.28082 min
Starting GCAmapRenormalizeWithAlignment() without scales
renormalizing by structure alignment....
renormalizing input #0
gca peak = 0.10253 (16)
mri peak = 0.09917 ( 9)
Left_Lateral_Ventricle (4): linear fit = 0.31 x + 0.0 (786 voxels, overlap=0.007)
Left_Lateral_Ventricle (4): linear fit = 0.40 x + 0.0 (786 voxels, peak =  5), gca=6.4
gca peak = 0.17690 (16)
mri peak = 0.07177 ( 6)
Right_Lateral_Ventricle (43): linear fit = 0.37 x + 0.0 (618 voxels, overlap=0.051)
Right_Lateral_Ventricle (43): linear fit = 0.40 x + 0.0 (618 voxels, peak =  6), gca=6.4
gca peak = 0.28275 (96)
mri peak = 0.11609 (96)
Right_Pallidum (52): linear fit = 0.99 x + 0.0 (896 voxels, overlap=0.959)
Right_Pallidum (52): linear fit = 0.99 x + 0.0 (896 voxels, peak = 95), gca=94.6
gca peak = 0.18948 (93)
mri peak = 0.09776 (97)
Left_Pallidum (13): linear fit = 1.03 x + 0.0 (767 voxels, overlap=0.960)
Left_Pallidum (13): linear fit = 1.03 x + 0.0 (767 voxels, peak = 96), gca=96.3
gca peak = 0.20755 (55)
mri peak = 0.09858 (63)
Right_Hippocampus (53): linear fit = 1.10 x + 0.0 (939 voxels, overlap=0.462)
Right_Hippocampus (53): linear fit = 1.10 x + 0.0 (939 voxels, peak = 60), gca=60.2
gca peak = 0.31831 (58)
mri peak = 0.11556 (59)
Left_Hippocampus (17): linear fit = 1.00 x + 0.0 (884 voxels, overlap=0.997)
Left_Hippocampus (17): linear fit = 1.00 x + 0.0 (884 voxels, peak = 58), gca=58.0
gca peak = 0.11957 (102)
mri peak = 0.12646 (105)
Right_Cerebral_White_Matter (41): linear fit = 1.01 x + 0.0 (56101 voxels, overlap=0.711)
Right_Cerebral_White_Matter (41): linear fit = 1.01 x + 0.0 (56101 voxels, peak = 104), gca=103.5
gca peak = 0.11429 (102)
mri peak = 0.18989 (106)
Left_Cerebral_White_Matter (2): linear fit = 1.02 x + 0.0 (59533 voxels, overlap=0.521)
Left_Cerebral_White_Matter (2): linear fit = 1.02 x + 0.0 (59533 voxels, peak = 105), gca=104.5
gca peak = 0.14521 (59)
mri peak = 0.05193 (52)
Left_Cerebral_Cortex (3): linear fit = 0.87 x + 0.0 (26346 voxels, overlap=0.429)
Left_Cerebral_Cortex (3): linear fit = 0.87 x + 0.0 (26346 voxels, peak = 51), gca=51.0
gca peak = 0.14336 (58)
mri peak = 0.05193 (51)
Right_Cerebral_Cortex (42): linear fit = 0.88 x + 0.0 (24824 voxels, overlap=0.704)
Right_Cerebral_Cortex (42): linear fit = 0.88 x + 0.0 (24824 voxels, peak = 51), gca=51.3
gca peak = 0.13305 (70)
mri peak = 0.12626 (66)
Right_Caudate (50): linear fit = 0.98 x + 0.0 (881 voxels, overlap=0.915)
Right_Caudate (50): linear fit = 0.98 x + 0.0 (881 voxels, peak = 68), gca=68.2
gca peak = 0.15761 (71)
mri peak = 0.10098 (70)
Left_Caudate (11): linear fit = 0.98 x + 0.0 (959 voxels, overlap=0.835)
Left_Caudate (11): linear fit = 0.98 x + 0.0 (959 voxels, peak = 69), gca=69.2
gca peak = 0.13537 (57)
mri peak = 0.05977 (50)
Left_Cerebellum_Cortex (8): linear fit = 0.93 x + 0.0 (30967 voxels, overlap=0.887)
Left_Cerebellum_Cortex (8): linear fit = 0.93 x + 0.0 (30967 voxels, peak = 53), gca=52.7
gca peak = 0.13487 (56)
mri peak = 0.05234 (51)
Right_Cerebellum_Cortex (47): linear fit = 0.89 x + 0.0 (33747 voxels, overlap=0.828)
Right_Cerebellum_Cortex (47): linear fit = 0.89 x + 0.0 (33747 voxels, peak = 50), gca=50.1
gca peak = 0.19040 (84)
mri peak = 0.08406 (89)
Left_Cerebellum_White_Matter (7): linear fit = 1.07 x + 0.0 (8481 voxels, overlap=0.447)
Left_Cerebellum_White_Matter (7): linear fit = 1.07 x + 0.0 (8481 voxels, peak = 89), gca=89.5
gca peak = 0.18871 (83)
mri peak = 0.07889 (90)
Right_Cerebellum_White_Matter (46): linear fit = 1.10 x + 0.0 (7726 voxels, overlap=0.318)
Right_Cerebellum_White_Matter (46): linear fit = 1.10 x + 0.0 (7726 voxels, peak = 91), gca=90.9
gca peak = 0.24248 (57)
mri peak = 0.16509 (63)
Left_Amygdala (18): linear fit = 1.12 x + 0.0 (418 voxels, overlap=0.216)
Left_Amygdala (18): linear fit = 1.12 x + 0.0 (418 voxels, peak = 64), gca=63.6
gca peak = 0.35833 (56)
mri peak = 0.14205 (61)
Right_Amygdala (54): linear fit = 1.10 x + 0.0 (519 voxels, overlap=0.443)
Right_Amygdala (54): linear fit = 1.10 x + 0.0 (519 voxels, peak = 61), gca=61.3
gca peak = 0.12897 (85)
mri peak = 0.05544 (96)
Left_Thalamus (10): linear fit = 1.09 x + 0.0 (5270 voxels, overlap=0.700)
Left_Thalamus (10): linear fit = 1.09 x + 0.0 (5270 voxels, peak = 92), gca=92.2
gca peak = 0.13127 (83)
mri peak = 0.06209 (92)
Right_Thalamus (49): linear fit = 1.05 x + 0.0 (4438 voxels, overlap=0.777)
Right_Thalamus (49): linear fit = 1.05 x + 0.0 (4438 voxels, peak = 88), gca=87.6
gca peak = 0.12974 (78)
mri peak = 0.13457 (83)
Left_Putamen (12): linear fit = 1.04 x + 0.0 (2159 voxels, overlap=0.817)
Left_Putamen (12): linear fit = 1.04 x + 0.0 (2159 voxels, peak = 82), gca=81.5
gca peak = 0.17796 (79)
mri peak = 0.12494 (79)
Right_Putamen (51): linear fit = 1.02 x + 0.0 (2255 voxels, overlap=0.866)
Right_Putamen (51): linear fit = 1.02 x + 0.0 (2255 voxels, peak = 81), gca=81.0
gca peak = 0.10999 (80)
mri peak = 0.08995 (96)
Brain_Stem (16): linear fit = 1.18 x + 0.0 (11822 voxels, overlap=0.013)
Brain_Stem (16): linear fit = 1.18 x + 0.0 (11822 voxels, peak = 95), gca=94.8
gca peak = 0.13215 (88)
mri peak = 0.08795 (97)
Right_VentralDC (60): linear fit = 1.13 x + 0.0 (1083 voxels, overlap=0.215)
Right_VentralDC (60): linear fit = 1.13 x + 0.0 (1083 voxels, peak = 100), gca=99.9
gca peak = 0.11941 (89)
mri peak = 0.11472 (97)
Left_VentralDC (28): linear fit = 1.10 x + 0.0 (1185 voxels, overlap=0.393)
Left_VentralDC (28): linear fit = 1.10 x + 0.0 (1185 voxels, peak = 97), gca=97.5
gca peak = 0.20775 (25)
mri peak = 0.05802 (19)
gca peak = 0.13297 (21)
mri peak = 0.15661 (16)
Fourth_Ventricle (15): linear fit = 0.81 x + 0.0 (287 voxels, overlap=0.687)
Fourth_Ventricle (15): linear fit = 0.81 x + 0.0 (287 voxels, peak = 17), gca=17.1
gca peak Unknown = 0.94777 ( 0)
gca peak Left_Inf_Lat_Vent = 0.19087 (28)
gca peak Third_Ventricle = 0.20775 (25)
gca peak CSF = 0.16821 (33)
gca peak Left_Accumbens_area = 0.32850 (63)
gca peak Left_undetermined = 0.98480 (28)
gca peak Left_vessel = 0.40887 (53)
gca peak Left_choroid_plexus = 0.10898 (46)
gca peak Right_Inf_Lat_Vent = 0.17798 (26)
gca peak Right_Accumbens_area = 0.30137 (64)
gca peak Right_vessel = 0.47828 (52)
gca peak Right_choroid_plexus = 0.11612 (45)
gca peak Fifth_Ventricle = 0.59466 (35)
gca peak WM_hypointensities = 0.10053 (78)
gca peak non_WM_hypointensities = 0.07253 (60)
gca peak Optic_Chiasm = 0.25330 (73)
not using caudate to estimate GM means
estimating mean gm scale to be 1.01 x + 0.0
estimating mean wm scale to be 1.02 x + 0.0
estimating mean csf scale to be 0.54 x + 0.0
saving intensity scales to talairach.label_intensities.txt
GCAmapRenormalizeWithAlignment() took 3.4215 min
noneg pre
Starting GCAMregister()
label assignment complete, 0 changed (0.00%)
npasses = 1, nlevels = 6
#pass# 1 of 1 ************************
enabling zero nodes
setting smoothness cost coefficient to 0.008

#GCAMreg# pass 0 level1 5 level2 0 tsec 0 sigma 2
l_jacobian=1.00 l_label=1.00 l_log_likelihood=0.20 l_smoothness=0.01 
tol=5.00e-02, dt=5.00e-02, exp_k=20.0, momentum=0.90, levels=6, niter=500, lbl_dist=10.00, avgs=256, sigma=2.0,type=2, relabel=0, neg=no

blurring input image with Gaussian with sigma=2.000...
GCAMRegisterLevel(): init RMS 0.725497
#FOTS# QuadFit found better minimum quadopt=(dt=221.952,rms=0.697919) vs oldopt=(dt=369.92,rms=0.705291)
#GCMRL#   98 dt 221.952000 rms  0.698  3.801% neg 0  invalid 762 tFOTS 4.2650 tGradient 2.3290 tsec 6.9160
#FOTS# QuadFit found better minimum quadopt=(dt=178.824,rms=0.691181) vs oldopt=(dt=92.48,rms=0.693147)
#GCMRL#   99 dt 178.823529 rms  0.691  0.965% neg 0  invalid 762 tFOTS 4.1660 tGradient 2.3000 tsec 6.7930
#FOTS# QuadFit found better minimum quadopt=(dt=174.545,rms=0.686579) vs oldopt=(dt=92.48,rms=0.68788)
#GCMRL#  100 dt 174.545455 rms  0.687  0.666% neg 0  invalid 762 tFOTS 4.4840 tGradient 2.3810 tsec 7.1940
#FOTS# QuadFit found better minimum quadopt=(dt=129.472,rms=0.683982) vs oldopt=(dt=92.48,rms=0.684536)
#GCMRL#  101 dt 129.472000 rms  0.684  0.378% neg 0  invalid 762 tFOTS 4.2380 tGradient 2.4180 tsec 6.9840
#FOTS# QuadFit found better minimum quadopt=(dt=517.888,rms=0.678713) vs oldopt=(dt=369.92,rms=0.679463)
#GCMRL#  102 dt 517.888000 rms  0.679  0.770% neg 0  invalid 762 tFOTS 4.2710 tGradient 2.4340 tsec 7.0260
#FOTS# QuadFit found better minimum quadopt=(dt=129.472,rms=0.676551) vs oldopt=(dt=92.48,rms=0.676717)
#GCMRL#  103 dt 129.472000 rms  0.677  0.318% neg 0  invalid 762 tFOTS 4.3530 tGradient 2.4980 tsec 7.1750
#FOTS# QuadFit found better minimum quadopt=(dt=221.952,rms=0.675243) vs oldopt=(dt=369.92,rms=0.675538)
#GCMRL#  104 dt 221.952000 rms  0.675  0.193% neg 0  invalid 762 tFOTS 4.1320 tGradient 2.5320 tsec 6.9980
#FOTS# QuadFit found better minimum quadopt=(dt=129.472,rms=0.674224) vs oldopt=(dt=92.48,rms=0.67442)
#GCMRL#  105 dt 129.472000 rms  0.674  0.151% neg 0  invalid 762 tFOTS 4.2620 tGradient 2.2450 tsec 6.8400
#FOTS# QuadFit found better minimum quadopt=(dt=517.888,rms=0.672595) vs oldopt=(dt=369.92,rms=0.672691)
#GCMRL#  106 dt 517.888000 rms  0.673  0.242% neg 0  invalid 762 tFOTS 4.1590 tGradient 2.3240 tsec 6.8200
#FOTS# QuadFit found better minimum quadopt=(dt=110.976,rms=0.671091) vs oldopt=(dt=92.48,rms=0.671154)
#GCMRL#  107 dt 110.976000 rms  0.671  0.224% neg 0  invalid 762 tFOTS 4.2980 tGradient 2.6010 tsec 7.2350
#FOTS# QuadFit found better minimum quadopt=(dt=517.888,rms=0.669743) vs oldopt=(dt=369.92,rms=0.669922)
#GCMRL#  108 dt 517.888000 rms  0.670  0.201% neg 0  invalid 762 tFOTS 4.6960 tGradient 2.4890 tsec 7.5140
#FOTS# QuadFit found better minimum quadopt=(dt=129.472,rms=0.66871) vs oldopt=(dt=92.48,rms=0.668796)
#GCMRL#  109 dt 129.472000 rms  0.669  0.154% neg 0  invalid 762 tFOTS 4.0480 tGradient 2.7310 tsec 7.0880
#FOTS# QuadFit found better minimum quadopt=(dt=221.952,rms=0.668137) vs oldopt=(dt=369.92,rms=0.66826)
#GCMRL#  110 dt 221.952000 rms  0.668  0.086% neg 0  invalid 762 tFOTS 3.9740 tGradient 2.4910 tsec 6.7580
#FOTS# QuadFit found better minimum quadopt=(dt=129.472,rms=0.667592) vs oldopt=(dt=92.48,rms=0.667692)
#GCMRL#  111 dt 129.472000 rms  0.668  0.081% neg 0  invalid 762 tFOTS 4.0090 tGradient 2.4040 tsec 6.7130
#FOTS# QuadFit found better minimum quadopt=(dt=517.888,rms=0.666742) vs oldopt=(dt=369.92,rms=0.666791)
#GCMRL#  112 dt 517.888000 rms  0.667  0.127% neg 0  invalid 762 tFOTS 4.3820 tGradient 2.4520 tsec 7.1370
#FOTS# QuadFit found better minimum quadopt=(dt=110.976,rms=0.665807) vs oldopt=(dt=92.48,rms=0.665853)
#GCMRL#  113 dt 110.976000 rms  0.666  0.140% neg 0  invalid 762 tFOTS 4.0300 tGradient 2.6220 tsec 6.9710
#FOTS# QuadFit found better minimum quadopt=(dt=517.888,rms=0.665084) vs oldopt=(dt=369.92,rms=0.66514)
#GCMRL#  114 dt 517.888000 rms  0.665  0.109% neg 0  invalid 762 tFOTS 4.2450 tGradient 2.5290 tsec 7.0770
#FOTS# QuadFit found better minimum quadopt=(dt=129.472,rms=0.66428) vs oldopt=(dt=92.48,rms=0.664335)
#GCMRL#  115 dt 129.472000 rms  0.664  0.121% neg 0  invalid 762 tFOTS 3.9500 tGradient 2.6140 tsec 6.8710
#FOTS# QuadFit found better minimum quadopt=(dt=129.472,rms=0.663986) vs oldopt=(dt=92.48,rms=0.664036)
#GCMRL#  116 dt 129.472000 rms  0.664  0.000% neg 0  invalid 762 tFOTS 4.2300 tGradient 2.5380 tsec 7.0910
#GCMRL#  117 dt 129.472000 rms  0.664  0.041% neg 0  invalid 762 tFOTS 0.0000 tGradient 2.3950 tsec 2.6900
#GCMRL#  118 dt 129.472000 rms  0.663  0.074% neg 0  invalid 762 tFOTS 0.0000 tGradient 2.5030 tsec 2.8020
#GCMRL#  119 dt 129.472000 rms  0.663  0.106% neg 0  invalid 762 tFOTS 0.0000 tGradient 2.5290 tsec 2.8240
#GCMRL#  120 dt 129.472000 rms  0.662  0.119% neg 0  invalid 762 tFOTS 0.0000 tGradient 2.4590 tsec 2.7410
#GCMRL#  121 dt 129.472000 rms  0.661  0.140% neg 0  invalid 762 tFOTS 0.0000 tGradient 2.4930 tsec 2.7930
#GCMRL#  122 dt 129.472000 rms  0.660  0.140% neg 0  invalid 762 tFOTS 0.0000 tGradient 2.4880 tsec 2.7700
#GCMRL#  123 dt 129.472000 rms  0.659  0.145% neg 0  invalid 762 tFOTS 0.0000 tGradient 2.4840 tsec 2.7760
#GCMRL#  124 dt 129.472000 rms  0.658  0.148% neg 0  invalid 762 tFOTS 0.0000 tGradient 2.4820 tsec 2.7740
#GCMRL#  125 dt 129.472000 rms  0.657  0.141% neg 0  invalid 762 tFOTS 0.0000 tGradient 2.5730 tsec 2.8690
#GCMRL#  126 dt 129.472000 rms  0.656  0.139% neg 0  invalid 762 tFOTS 0.0000 tGradient 2.5110 tsec 2.8120
#GCMRL#  127 dt 129.472000 rms  0.655  0.127% neg 0  invalid 762 tFOTS 0.0000 tGradient 2.4860 tsec 2.7810
#GCMRL#  128 dt 129.472000 rms  0.655  0.114% neg 0  invalid 762 tFOTS 0.0000 tGradient 2.4680 tsec 2.7740
#GCMRL#  129 dt 129.472000 rms  0.654  0.103% neg 0  invalid 762 tFOTS 0.0000 tGradient 2.4740 tsec 2.7710
#GCMRL#  130 dt 129.472000 rms  0.653  0.099% neg 0  invalid 762 tFOTS 0.0000 tGradient 2.6830 tsec 2.9810
#GCMRL#  131 dt 129.472000 rms  0.653  0.090% neg 0  invalid 762 tFOTS 0.0000 tGradient 2.6650 tsec 2.9650
#GCMRL#  132 dt 129.472000 rms  0.652  0.083% neg 0  invalid 762 tFOTS 0.0000 tGradient 2.6860 tsec 2.9860
#GCMRL#  133 dt 129.472000 rms  0.652  0.076% neg 0  invalid 762 tFOTS 0.0000 tGradient 2.5800 tsec 2.8860
#GCMRL#  134 dt 129.472000 rms  0.651  0.070% neg 0  invalid 762 tFOTS 0.0000 tGradient 2.6520 tsec 2.9550
#GCMRL#  135 dt 129.472000 rms  0.651  0.069% neg 0  invalid 762 tFOTS 0.0000 tGradient 2.6990 tsec 2.9960
#GCMRL#  136 dt 129.472000 rms  0.650  0.066% neg 0  invalid 762 tFOTS 0.0000 tGradient 2.7370 tsec 3.0490
#GCMRL#  137 dt 129.472000 rms  0.650  0.068% neg 0  invalid 762 tFOTS 0.0000 tGradient 2.6690 tsec 2.9680
#GCMRL#  138 dt 129.472000 rms  0.649  0.069% neg 0  invalid 762 tFOTS 0.0000 tGradient 2.6370 tsec 2.9350
#GCMRL#  139 dt 129.472000 rms  0.649  0.066% neg 0  invalid 762 tFOTS 0.0000 tGradient 2.6870 tsec 2.9930
#GCMRL#  140 dt 129.472000 rms  0.648  0.067% neg 0  invalid 762 tFOTS 0.0000 tGradient 2.6680 tsec 2.9770
#GCMRL#  141 dt 129.472000 rms  0.648  0.065% neg 0  invalid 762 tFOTS 0.0000 tGradient 2.7160 tsec 3.0260
#GCMRL#  142 dt 129.472000 rms  0.648  0.062% neg 0  invalid 762 tFOTS 0.0000 tGradient 2.6910 tsec 2.9990
#GCMRL#  143 dt 129.472000 rms  0.647  0.061% neg 0  invalid 762 tFOTS 0.0000 tGradient 2.5920 tsec 2.8980
#GCMRL#  144 dt 129.472000 rms  0.647  0.063% neg 0  invalid 762 tFOTS 0.0000 tGradient 2.7530 tsec 3.0510
#GCMRL#  145 dt 129.472000 rms  0.646  0.058% neg 0  invalid 762 tFOTS 0.0000 tGradient 2.5970 tsec 2.9040
#GCMRL#  146 dt 129.472000 rms  0.646  0.058% neg 0  invalid 762 tFOTS 0.0000 tGradient 2.6390 tsec 2.9420
#GCMRL#  147 dt 129.472000 rms  0.646  0.057% neg 0  invalid 762 tFOTS 0.0000 tGradient 2.6680 tsec 2.9780
#GCMRL#  148 dt 129.472000 rms  0.645  0.057% neg 0  invalid 762 tFOTS 0.0000 tGradient 2.5460 tsec 2.8620
#GCMRL#  149 dt 129.472000 rms  0.645  0.059% neg 0  invalid 762 tFOTS 0.0000 tGradient 2.6680 tsec 2.9740
#GCMRL#  150 dt 129.472000 rms  0.645  0.059% neg 0  invalid 762 tFOTS 0.0000 tGradient 2.5750 tsec 2.8810
#GCMRL#  151 dt 129.472000 rms  0.644  0.055% neg 0  invalid 762 tFOTS 0.0000 tGradient 2.6990 tsec 3.0010
#GCMRL#  152 dt 129.472000 rms  0.644  0.056% neg 0  invalid 762 tFOTS 0.0000 tGradient 2.7610 tsec 3.0480
#GCMRL#  153 dt 129.472000 rms  0.644  0.054% neg 0  invalid 762 tFOTS 0.0000 tGradient 2.5210 tsec 2.8080
#GCMRL#  154 dt 129.472000 rms  0.643  0.051% neg 0  invalid 762 tFOTS 0.0000 tGradient 2.5170 tsec 2.7930
#GCMRL#  155 dt 129.472000 rms  0.643  0.049% neg 0  invalid 762 tFOTS 0.0000 tGradient 2.5180 tsec 2.7990
#GCMRL#  156 dt 129.472000 rms  0.643  0.045% neg 0  invalid 762 tFOTS 0.0000 tGradient 2.5660 tsec 2.8470
#GCMRL#  157 dt 129.472000 rms  0.642  0.046% neg 0  invalid 762 tFOTS 0.0000 tGradient 2.5680 tsec 2.8480
#GCMRL#  158 dt 129.472000 rms  0.642  0.047% neg 0  invalid 762 tFOTS 0.0000 tGradient 2.5530 tsec 2.8430
#GCMRL#  159 dt 129.472000 rms  0.642  0.047% neg 0  invalid 762 tFOTS 0.0000 tGradient 2.5410 tsec 2.8200
#GCMRL#  160 dt 129.472000 rms  0.641  0.043% neg 0  invalid 762 tFOTS 0.0000 tGradient 2.4920 tsec 2.7720
#GCMRL#  161 dt 129.472000 rms  0.641  0.043% neg 0  invalid 762 tFOTS 0.0000 tGradient 2.5720 tsec 2.8700
#GCMRL#  162 dt 129.472000 rms  0.641  0.040% neg 0  invalid 762 tFOTS 0.0000 tGradient 2.5470 tsec 2.8270
#GCMRL#  163 dt 129.472000 rms  0.641  0.041% neg 0  invalid 762 tFOTS 0.0000 tGradient 2.3780 tsec 2.6600
#GCMRL#  164 dt 129.472000 rms  0.640  0.040% neg 0  invalid 762 tFOTS 0.0000 tGradient 2.5340 tsec 2.8160
#GCMRL#  165 dt 129.472000 rms  0.640  0.040% neg 0  invalid 762 tFOTS 0.0000 tGradient 2.5980 tsec 2.8840
#GCMRL#  166 dt 129.472000 rms  0.640  0.043% neg 0  invalid 762 tFOTS 0.0000 tGradient 2.4730 tsec 2.7600
#GCMRL#  167 dt 129.472000 rms  0.640  0.042% neg 0  invalid 762 tFOTS 0.0000 tGradient 2.5730 tsec 2.8580
#GCMRL#  168 dt 129.472000 rms  0.639  0.041% neg 0  invalid 762 tFOTS 0.0000 tGradient 2.5180 tsec 2.7930
#GCMRL#  169 dt 129.472000 rms  0.639  0.041% neg 0  invalid 762 tFOTS 0.0000 tGradient 2.5780 tsec 2.8620
#GCMRL#  170 dt 129.472000 rms  0.639  0.042% neg 0  invalid 762 tFOTS 0.0000 tGradient 2.5700 tsec 2.8660
#GCMRL#  171 dt 129.472000 rms  0.639  0.041% neg 0  invalid 762 tFOTS 0.0000 tGradient 2.5550 tsec 2.8440
#GCMRL#  172 dt 129.472000 rms  0.638  0.040% neg 0  invalid 762 tFOTS 0.0000 tGradient 2.5100 tsec 2.7970
#GCMRL#  173 dt 129.472000 rms  0.638  0.038% neg 0  invalid 762 tFOTS 0.0000 tGradient 2.5300 tsec 2.8370
#GCMRL#  174 dt 129.472000 rms  0.638  0.037% neg 0  invalid 762 tFOTS 0.0000 tGradient 2.6020 tsec 2.9050
#GCMRL#  175 dt 129.472000 rms  0.638  0.039% neg 0  invalid 762 tFOTS 0.0000 tGradient 2.5480 tsec 2.8460
#GCMRL#  176 dt 129.472000 rms  0.637  0.037% neg 0  invalid 762 tFOTS 0.0000 tGradient 2.4490 tsec 2.7480
#GCMRL#  177 dt 129.472000 rms  0.637  0.039% neg 0  invalid 762 tFOTS 0.0000 tGradient 2.5890 tsec 2.8940
#GCMRL#  178 dt 129.472000 rms  0.637  0.039% neg 0  invalid 762 tFOTS 0.0000 tGradient 2.5690 tsec 2.8610
#GCMRL#  179 dt 129.472000 rms  0.637  0.037% neg 0  invalid 762 tFOTS 0.0000 tGradient 2.5740 tsec 2.8690
#GCMRL#  180 dt 129.472000 rms  0.636  0.036% neg 0  invalid 762 tFOTS 0.0000 tGradient 2.6430 tsec 2.9500
#GCMRL#  181 dt 129.472000 rms  0.636  0.034% neg 0  invalid 762 tFOTS 0.0000 tGradient 2.5660 tsec 2.8710
#GCMRL#  182 dt 129.472000 rms  0.636  0.034% neg 0  invalid 762 tFOTS 0.0000 tGradient 2.5460 tsec 2.8530
#GCMRL#  183 dt 129.472000 rms  0.636  0.034% neg 0  invalid 762 tFOTS 0.0000 tGradient 2.5490 tsec 2.8490
#GCMRL#  184 dt 129.472000 rms  0.635  0.033% neg 0  invalid 762 tFOTS 0.0000 tGradient 2.4740 tsec 2.7830
#GCMRL#  185 dt 129.472000 rms  0.635  0.031% neg 0  invalid 762 tFOTS 0.0000 tGradient 2.6990 tsec 3.0100
#GCMRL#  186 dt 129.472000 rms  0.635  0.030% neg 0  invalid 762 tFOTS 0.0000 tGradient 2.5550 tsec 2.8520
#GCMRL#  187 dt 129.472000 rms  0.635  0.028% neg 0  invalid 762 tFOTS 0.0000 tGradient 2.4640 tsec 2.7620
#GCMRL#  188 dt 129.472000 rms  0.635  0.029% neg 0  invalid 762 tFOTS 0.0000 tGradient 2.5630 tsec 2.8570
#GCMRL#  189 dt 129.472000 rms  0.635  0.027% neg 0  invalid 762 tFOTS 0.0000 tGradient 2.5310 tsec 2.8270
#GCMRL#  190 dt 129.472000 rms  0.634  0.026% neg 0  invalid 762 tFOTS 0.0000 tGradient 2.5940 tsec 2.8890
#GCMRL#  191 dt 129.472000 rms  0.634  0.026% neg 0  invalid 762 tFOTS 0.0000 tGradient 2.6070 tsec 2.9120
#GCMRL#  192 dt 129.472000 rms  0.634  0.025% neg 0  invalid 762 tFOTS 0.0000 tGradient 2.5490 tsec 2.8570
#GCMRL#  193 dt 129.472000 rms  0.634  0.028% neg 0  invalid 762 tFOTS 0.0000 tGradient 2.5880 tsec 2.8800
#GCMRL#  194 dt 129.472000 rms  0.634  0.027% neg 0  invalid 762 tFOTS 0.0000 tGradient 2.6030 tsec 2.9090
#GCMRL#  195 dt 129.472000 rms  0.634  0.025% neg 0  invalid 762 tFOTS 0.0000 tGradient 2.6270 tsec 2.9170
#GCMRL#  196 dt 129.472000 rms  0.633  0.024% neg 0  invalid 762 tFOTS 0.0000 tGradient 2.5420 tsec 2.8570
#FOTS# QuadFit found better minimum quadopt=(dt=2071.55,rms=0.633225) vs oldopt=(dt=1479.68,rms=0.633257)
#GCMRL#  197 dt 2071.552000 rms  0.633  0.029% neg 0  invalid 762 tFOTS 4.3370 tGradient 2.5230 tsec 7.1830
#FOTS# QuadFit found better minimum quadopt=(dt=73.984,rms=0.633162) vs oldopt=(dt=92.48,rms=0.633163)
#GCMRL#  198 dt  73.984000 rms  0.633  0.000% neg 0  invalid 762 tFOTS 4.2410 tGradient 2.5400 tsec 7.1310
#GCMRL#  199 dt  73.984000 rms  0.633  0.001% neg 0  invalid 762 tFOTS 0.0000 tGradient 2.4670 tsec 2.7690
#GCMRL#  200 dt  73.984000 rms  0.633  0.005% neg 0  invalid 762 tFOTS 0.0000 tGradient 2.5560 tsec 2.8530
#GCMRL#  201 dt  73.984000 rms  0.633  0.003% neg 0  invalid 762 tFOTS 0.0000 tGradient 2.4920 tsec 2.7750
#GCMRL#  202 dt  73.984000 rms  0.633  0.006% neg 0  invalid 762 tFOTS 0.0000 tGradient 2.5220 tsec 2.8000
#GCMRL#  203 dt  73.984000 rms  0.633  0.006% neg 0  invalid 762 tFOTS 0.0000 tGradient 2.6120 tsec 2.8950

#GCAMreg# pass 0 level1 5 level2 1 tsec 403.462 sigma 0.5
l_jacobian=1.00 l_label=1.00 l_log_likelihood=0.20 l_smoothness=0.01 
tol=5.00e-02, dt=5.00e-02, exp_k=20.0, momentum=0.90, levels=6, niter=500, lbl_dist=10.00, avgs=256, sigma=0.5,type=2, relabel=0, neg=no

blurring input image with Gaussian with sigma=0.500...
GCAMRegisterLevel(): init RMS 0.633613
#GCMRL#  205 dt  92.480000 rms  0.633  0.112% neg 0  invalid 762 tFOTS 4.1240 tGradient 2.5020 tsec 6.9510
#FOTS# QuadFit found better minimum quadopt=(dt=129.472,rms=0.632814) vs oldopt=(dt=92.48,rms=0.632829)
#GCMRL#  206 dt 129.472000 rms  0.633  0.000% neg 0  invalid 762 tFOTS 4.2170 tGradient 2.5250 tsec 7.0890
#GCMRL#  207 dt 129.472000 rms  0.633  0.020% neg 0  invalid 762 tFOTS 0.0000 tGradient 2.5420 tsec 2.8480
#GCMRL#  208 dt 129.472000 rms  0.633  0.030% neg 0  invalid 762 tFOTS 0.0000 tGradient 2.5590 tsec 2.8580
#GCMRL#  209 dt 129.472000 rms  0.632  0.036% neg 0  invalid 762 tFOTS 0.0000 tGradient 2.6220 tsec 2.9300
#GCMRL#  210 dt 129.472000 rms  0.632  0.043% neg 0  invalid 762 tFOTS 0.0000 tGradient 2.5780 tsec 2.8850
#GCMRL#  211 dt 129.472000 rms  0.632  0.050% neg 0  invalid 762 tFOTS 0.0000 tGradient 2.6370 tsec 2.9410
#GCMRL#  212 dt 129.472000 rms  0.631  0.051% neg 0  invalid 762 tFOTS 0.0000 tGradient 2.3920 tsec 2.6860
#GCMRL#  213 dt 129.472000 rms  0.631  0.046% neg 0  invalid 762 tFOTS 0.0000 tGradient 2.5080 tsec 2.7970
#GCMRL#  214 dt 129.472000 rms  0.631  0.037% neg 0  invalid 762 tFOTS 0.0000 tGradient 2.5160 tsec 2.8060
#GCMRL#  215 dt 129.472000 rms  0.631  0.027% neg 0  invalid 762 tFOTS 0.0000 tGradient 2.5100 tsec 2.8010
#GCMRL#  216 dt 129.472000 rms  0.631  0.021% neg 0  invalid 762 tFOTS 0.0000 tGradient 2.5700 tsec 2.8590
#GCMRL#  217 dt 129.472000 rms  0.630  0.021% neg 0  invalid 762 tFOTS 0.0000 tGradient 2.5310 tsec 2.8200
#GCMRL#  218 dt 1479.680000 rms  0.630  0.064% neg 0  invalid 762 tFOTS 4.3940 tGradient 2.4210 tsec 7.1250
#FOTS# QuadFit found better minimum quadopt=(dt=27.744,rms=0.63) vs oldopt=(dt=23.12,rms=0.63)
#GCMRL#  219 dt  27.744000 rms  0.630  0.000% neg 0  invalid 762 tFOTS 4.3850 tGradient 2.3480 tsec 7.0670
setting smoothness cost coefficient to 0.031

#GCAMreg# pass 0 level1 4 level2 0 tsec 0 sigma 2
l_jacobian=1.00 l_label=1.00 l_log_likelihood=0.20 l_smoothness=0.03 
tol=5.00e-02, dt=5.00e-02, exp_k=20.0, momentum=0.90, levels=6, niter=500, lbl_dist=10.00, avgs=64, sigma=2.0,type=2, relabel=0, neg=no

blurring input image with Gaussian with sigma=2.000...
GCAMRegisterLevel(): init RMS 0.632491
#FOTS# QuadFit found better minimum quadopt=(dt=168.247,rms=0.626699) vs oldopt=(dt=103.68,rms=0.627369)
#GCMRL#  221 dt 168.247423 rms  0.627  0.916% neg 0  invalid 762 tFOTS 4.1440 tGradient 2.0310 tsec 6.4970
#FOTS# QuadFit found better minimum quadopt=(dt=93.5184,rms=0.622283) vs oldopt=(dt=103.68,rms=0.622352)
#GCMRL#  222 dt  93.518367 rms  0.622  0.705% neg 0  invalid 762 tFOTS 4.2310 tGradient 2.1830 tsec 6.7390
#FOTS# QuadFit found better minimum quadopt=(dt=93.0595,rms=0.618852) vs oldopt=(dt=103.68,rms=0.618901)
#GCMRL#  223 dt  93.059459 rms  0.619  0.551% neg 0  invalid 762 tFOTS 3.8320 tGradient 1.9200 tsec 6.0540
#FOTS# QuadFit found better minimum quadopt=(dt=94.3158,rms=0.616217) vs oldopt=(dt=103.68,rms=0.616252)
#GCMRL#  224 dt  94.315789 rms  0.616  0.426% neg 0  invalid 762 tFOTS 4.0370 tGradient 2.1490 tsec 6.4910
#FOTS# QuadFit found better minimum quadopt=(dt=94.9965,rms=0.613564) vs oldopt=(dt=103.68,rms=0.61359)
#GCMRL#  225 dt  94.996516 rms  0.614  0.430% neg 0  invalid 762 tFOTS 3.8750 tGradient 1.9950 tsec 6.1800
#FOTS# QuadFit found better minimum quadopt=(dt=91.9365,rms=0.611359) vs oldopt=(dt=103.68,rms=0.611403)
#GCMRL#  226 dt  91.936508 rms  0.611  0.359% neg 0  invalid 762 tFOTS 4.4900 tGradient 2.1070 tsec 6.9210
#FOTS# QuadFit found better minimum quadopt=(dt=94.5148,rms=0.609201) vs oldopt=(dt=103.68,rms=0.609221)
#GCMRL#  227 dt  94.514768 rms  0.609  0.353% neg 0  invalid 762 tFOTS 3.9930 tGradient 1.8980 tsec 6.1990
#FOTS# QuadFit found better minimum quadopt=(dt=94.08,rms=0.607317) vs oldopt=(dt=103.68,rms=0.607342)
#GCMRL#  228 dt  94.080000 rms  0.607  0.309% neg 0  invalid 762 tFOTS 4.4020 tGradient 2.0990 tsec 6.7970
#FOTS# QuadFit found better minimum quadopt=(dt=90.493,rms=0.605533) vs oldopt=(dt=103.68,rms=0.605573)
#GCMRL#  229 dt  90.493023 rms  0.606  0.294% neg 0  invalid 762 tFOTS 4.3770 tGradient 1.8880 tsec 6.5610
#FOTS# QuadFit found better minimum quadopt=(dt=97.4088,rms=0.603927) vs oldopt=(dt=103.68,rms=0.603937)
#GCMRL#  230 dt  97.408805 rms  0.604  0.265% neg 0  invalid 762 tFOTS 4.3510 tGradient 2.0830 tsec 6.7320
#FOTS# QuadFit found better minimum quadopt=(dt=80.1391,rms=0.602425) vs oldopt=(dt=103.68,rms=0.602554)
#GCMRL#  231 dt  80.139130 rms  0.602  0.249% neg 0  invalid 762 tFOTS 4.2400 tGradient 1.9310 tsec 6.4940
#GCMRL#  232 dt 103.680000 rms  0.601  0.233% neg 0  invalid 762 tFOTS 4.2390 tGradient 2.0140 tsec 6.5820
#FOTS# QuadFit found better minimum quadopt=(dt=79.0588,rms=0.599691) vs oldopt=(dt=103.68,rms=0.599815)
#GCMRL#  233 dt  79.058824 rms  0.600  0.222% neg 0  invalid 762 tFOTS 4.5850 tGradient 1.8430 tsec 6.7990
#GCMRL#  234 dt 103.680000 rms  0.598  0.205% neg 0  invalid 762 tFOTS 4.6180 tGradient 2.1150 tsec 7.0790
#FOTS# QuadFit found better minimum quadopt=(dt=68.8356,rms=0.597324) vs oldopt=(dt=103.68,rms=0.597572)
#GCMRL#  235 dt  68.835556 rms  0.597  0.190% neg 0  invalid 762 tFOTS 4.9090 tGradient 2.0150 tsec 7.2590
#FOTS# QuadFit found better minimum quadopt=(dt=124.416,rms=0.596232) vs oldopt=(dt=103.68,rms=0.596236)
#GCMRL#  236 dt 124.416000 rms  0.596  0.183% neg 0  invalid 762 tFOTS 4.4970 tGradient 1.8860 tsec 6.7200
#FOTS# QuadFit found better minimum quadopt=(dt=36.288,rms=0.595276) vs oldopt=(dt=25.92,rms=0.595469)
#GCMRL#  237 dt  36.288000 rms  0.595  0.160% neg 0  invalid 762 tFOTS 4.3150 tGradient 1.9480 tsec 6.6040
#FOTS# QuadFit found better minimum quadopt=(dt=580.608,rms=0.591475) vs oldopt=(dt=414.72,rms=0.591863)
#GCMRL#  238 dt 580.608000 rms  0.591  0.638% neg 0  invalid 762 tFOTS 4.6020 tGradient 1.9240 tsec 6.8700
#FOTS# QuadFit found better minimum quadopt=(dt=64,rms=0.588846) vs oldopt=(dt=25.92,rms=0.589435)
#GCMRL#  239 dt  64.000000 rms  0.589  0.445% neg 0  invalid 762 tFOTS 4.5790 tGradient 2.0820 tsec 7.0050
#FOTS# QuadFit found better minimum quadopt=(dt=36.288,rms=0.588262) vs oldopt=(dt=25.92,rms=0.588369)
#GCMRL#  240 dt  36.288000 rms  0.588  0.099% neg 0  invalid 762 tFOTS 4.5570 tGradient 1.9040 tsec 6.7980
#FOTS# QuadFit found better minimum quadopt=(dt=580.608,rms=0.585401) vs oldopt=(dt=414.72,rms=0.58594)
#GCMRL#  241 dt 580.608000 rms  0.585  0.486% neg 0  invalid 762 tFOTS 4.5930 tGradient 1.9020 tsec 6.8310
#FOTS# QuadFit found better minimum quadopt=(dt=36.288,rms=0.584094) vs oldopt=(dt=25.92,rms=0.584354)
#GCMRL#  242 dt  36.288000 rms  0.584  0.223% neg 0  invalid 762 tFOTS 4.5440 tGradient 1.8720 tsec 6.7560
#FOTS# QuadFit found better minimum quadopt=(dt=145.152,rms=0.582938) vs oldopt=(dt=103.68,rms=0.583163)
#GCMRL#  243 dt 145.152000 rms  0.583  0.198% neg 0  invalid 762 tFOTS 4.4610 tGradient 1.8760 tsec 6.6880
#FOTS# QuadFit found better minimum quadopt=(dt=82.944,rms=0.582518) vs oldopt=(dt=103.68,rms=0.582572)
#GCMRL#  244 dt  82.944000 rms  0.583  0.072% neg 0  invalid 762 tFOTS 4.1860 tGradient 1.9330 tsec 6.4680
#GCMRL#  245 dt 103.680000 rms  0.582  0.090% neg 0  invalid 762 tFOTS 4.4400 tGradient 1.9860 tsec 6.7520
#FOTS# QuadFit found better minimum quadopt=(dt=62.208,rms=0.581491) vs oldopt=(dt=103.68,rms=0.581624)
#GCMRL#  246 dt  62.208000 rms  0.581  0.086% neg 0  invalid 762 tFOTS 4.4000 tGradient 1.7970 tsec 6.5140
#FOTS# QuadFit found better minimum quadopt=(dt=124.416,rms=0.581049) vs oldopt=(dt=103.68,rms=0.581067)
#GCMRL#  247 dt 124.416000 rms  0.581  0.076% neg 0  invalid 762 tFOTS 4.3750 tGradient 1.8100 tsec 6.5440
#FOTS# QuadFit found better minimum quadopt=(dt=62.208,rms=0.580484) vs oldopt=(dt=103.68,rms=0.580655)
#GCMRL#  248 dt  62.208000 rms  0.580  0.097% neg 0  invalid 762 tFOTS 4.4290 tGradient 1.8300 tsec 6.5810
#GCMRL#  249 dt 103.680000 rms  0.580  0.063% neg 0  invalid 762 tFOTS 4.4090 tGradient 1.8130 tsec 6.5360
#FOTS# QuadFit found better minimum quadopt=(dt=82.944,rms=0.579591) vs oldopt=(dt=103.68,rms=0.579642)
#GCMRL#  250 dt  82.944000 rms  0.580  0.091% neg 0  invalid 762 tFOTS 4.4360 tGradient 1.8210 tsec 6.5670
#FOTS# QuadFit found better minimum quadopt=(dt=36.288,rms=0.579349) vs oldopt=(dt=25.92,rms=0.579403)
#GCMRL#  251 dt  36.288000 rms  0.579  0.000% neg 0  invalid 762 tFOTS 4.5700 tGradient 1.8140 tsec 6.7360
#GCMRL#  252 dt  36.288000 rms  0.579  0.037% neg 0  invalid 762 tFOTS 0.0000 tGradient 1.8410 tsec 2.1490
#GCMRL#  253 dt  36.288000 rms  0.579  0.056% neg 0  invalid 762 tFOTS 0.0000 tGradient 1.9150 tsec 2.2150
#GCMRL#  254 dt  36.288000 rms  0.578  0.081% neg 0  invalid 762 tFOTS 0.0000 tGradient 1.9410 tsec 2.2590
#GCMRL#  255 dt  36.288000 rms  0.578  0.102% neg 0  invalid 762 tFOTS 0.0000 tGradient 1.9470 tsec 2.2660
#GCMRL#  256 dt  36.288000 rms  0.577  0.118% neg 0  invalid 762 tFOTS 0.0000 tGradient 2.0280 tsec 2.3440
#GCMRL#  257 dt  36.288000 rms  0.576  0.131% neg 0  invalid 762 tFOTS 0.0000 tGradient 2.0400 tsec 2.3880
#GCMRL#  258 dt  36.288000 rms  0.576  0.140% neg 0  invalid 762 tFOTS 0.0000 tGradient 2.0990 tsec 2.4050
#GCMRL#  259 dt  36.288000 rms  0.575  0.150% neg 0  invalid 762 tFOTS 0.0000 tGradient 1.8470 tsec 2.1450
#GCMRL#  260 dt  36.288000 rms  0.574  0.154% neg 0  invalid 762 tFOTS 0.0000 tGradient 1.9590 tsec 2.2570
#GCMRL#  261 dt  36.288000 rms  0.573  0.159% neg 0  invalid 762 tFOTS 0.0000 tGradient 1.8330 tsec 2.1410
#GCMRL#  262 dt  36.288000 rms  0.572  0.160% neg 0  invalid 762 tFOTS 0.0000 tGradient 1.8200 tsec 2.1250
#GCMRL#  263 dt  36.288000 rms  0.571  0.158% neg 0  invalid 762 tFOTS 0.0000 tGradient 1.7750 tsec 2.0750
#GCMRL#  264 dt  36.288000 rms  0.570  0.156% neg 0  invalid 762 tFOTS 0.0000 tGradient 1.7940 tsec 2.1050
#GCMRL#  265 dt  36.288000 rms  0.569  0.151% neg 0  invalid 762 tFOTS 0.0000 tGradient 1.8220 tsec 2.1240
#GCMRL#  266 dt  36.288000 rms  0.568  0.149% neg 0  invalid 762 tFOTS 0.0000 tGradient 1.8340 tsec 2.1250
#GCMRL#  267 dt  36.288000 rms  0.568  0.144% neg 0  invalid 762 tFOTS 0.0000 tGradient 1.8480 tsec 2.1520
#GCMRL#  268 dt  36.288000 rms  0.567  0.139% neg 0  invalid 762 tFOTS 0.0000 tGradient 1.8130 tsec 2.1140
#GCMRL#  269 dt  36.288000 rms  0.566  0.137% neg 0  invalid 762 tFOTS 0.0000 tGradient 1.8620 tsec 2.1580
#GCMRL#  270 dt  36.288000 rms  0.565  0.132% neg 0  invalid 762 tFOTS 0.0000 tGradient 1.8530 tsec 2.1560
#GCMRL#  271 dt  36.288000 rms  0.565  0.125% neg 0  invalid 762 tFOTS 0.0000 tGradient 1.8200 tsec 2.1130
#GCMRL#  272 dt  36.288000 rms  0.564  0.123% neg 0  invalid 762 tFOTS 0.0000 tGradient 1.8690 tsec 2.1710
#GCMRL#  273 dt  36.288000 rms  0.563  0.115% neg 0  invalid 762 tFOTS 0.0000 tGradient 1.8710 tsec 2.1750
#GCMRL#  274 dt  36.288000 rms  0.563  0.109% neg 0  invalid 762 tFOTS 0.0000 tGradient 1.8330 tsec 2.1800
#GCMRL#  275 dt  36.288000 rms  0.562  0.107% neg 0  invalid 762 tFOTS 0.0000 tGradient 1.8200 tsec 2.1130
#GCMRL#  276 dt  36.288000 rms  0.561  0.100% neg 0  invalid 762 tFOTS 0.0000 tGradient 1.8940 tsec 2.1950
#GCMRL#  277 dt  36.288000 rms  0.561  0.099% neg 0  invalid 762 tFOTS 0.0000 tGradient 1.8650 tsec 2.1610
#GCMRL#  278 dt  36.288000 rms  0.560  0.095% neg 0  invalid 762 tFOTS 0.0000 tGradient 1.8690 tsec 2.1680
#GCMRL#  279 dt  36.288000 rms  0.560  0.096% neg 0  invalid 762 tFOTS 0.0000 tGradient 1.8220 tsec 2.1250
#GCMRL#  280 dt  36.288000 rms  0.559  0.089% neg 0  invalid 762 tFOTS 0.0000 tGradient 1.8270 tsec 2.1220
#GCMRL#  281 dt  36.288000 rms  0.559  0.085% neg 0  invalid 762 tFOTS 0.0000 tGradient 1.8690 tsec 2.1730
#GCMRL#  282 dt  36.288000 rms  0.558  0.082% neg 0  invalid 762 tFOTS 0.0000 tGradient 1.8970 tsec 2.1950
#GCMRL#  283 dt  36.288000 rms  0.558  0.082% neg 0  invalid 762 tFOTS 0.0000 tGradient 1.8520 tsec 2.1490
#GCMRL#  284 dt  36.288000 rms  0.557  0.081% neg 0  invalid 762 tFOTS 0.0000 tGradient 1.8340 tsec 2.1340
#GCMRL#  285 dt  36.288000 rms  0.557  0.074% neg 0  invalid 762 tFOTS 0.0000 tGradient 1.8590 tsec 2.1530
#GCMRL#  286 dt  36.288000 rms  0.557  0.072% neg 0  invalid 762 tFOTS 0.0000 tGradient 1.8390 tsec 2.1390
#GCMRL#  287 dt  36.288000 rms  0.556  0.068% neg 0  invalid 762 tFOTS 0.0000 tGradient 1.8740 tsec 2.1760
#GCMRL#  288 dt  36.288000 rms  0.556  0.068% neg 0  invalid 762 tFOTS 0.0000 tGradient 1.8610 tsec 2.1590
#GCMRL#  289 dt  36.288000 rms  0.556  0.064% neg 0  invalid 762 tFOTS 0.0000 tGradient 1.8740 tsec 2.1660
#GCMRL#  290 dt  36.288000 rms  0.555  0.063% neg 0  invalid 762 tFOTS 0.0000 tGradient 1.8740 tsec 2.1750
#GCMRL#  291 dt  36.288000 rms  0.555  0.059% neg 0  invalid 762 tFOTS 0.0000 tGradient 1.8620 tsec 2.1610
#GCMRL#  292 dt  36.288000 rms  0.555  0.059% neg 0  invalid 762 tFOTS 0.0000 tGradient 1.8570 tsec 2.1560
#GCMRL#  293 dt  36.288000 rms  0.554  0.056% neg 0  invalid 762 tFOTS 0.0000 tGradient 1.8580 tsec 2.1610
#GCMRL#  294 dt  36.288000 rms  0.554  0.058% neg 0  invalid 762 tFOTS 0.0000 tGradient 1.8600 tsec 2.1550
#GCMRL#  295 dt  36.288000 rms  0.554  0.056% neg 0  invalid 762 tFOTS 0.0000 tGradient 1.8680 tsec 2.1690
#GCMRL#  296 dt  36.288000 rms  0.553  0.053% neg 0  invalid 762 tFOTS 0.0000 tGradient 1.8500 tsec 2.1470
#GCMRL#  297 dt  36.288000 rms  0.553  0.053% neg 0  invalid 762 tFOTS 0.0000 tGradient 1.8420 tsec 2.1390
#GCMRL#  298 dt  36.288000 rms  0.553  0.054% neg 0  invalid 762 tFOTS 0.0000 tGradient 1.8340 tsec 2.1350
#GCMRL#  299 dt  36.288000 rms  0.552  0.049% neg 0  invalid 762 tFOTS 0.0000 tGradient 1.8930 tsec 2.1880
#GCMRL#  300 dt  36.288000 rms  0.552  0.048% neg 0  invalid 762 tFOTS 0.0000 tGradient 1.8910 tsec 2.1880
#GCMRL#  301 dt  36.288000 rms  0.552  0.049% neg 0  invalid 762 tFOTS 0.0000 tGradient 1.9010 tsec 2.2060
#GCMRL#  302 dt  36.288000 rms  0.552  0.047% neg 0  invalid 762 tFOTS 0.0000 tGradient 1.8410 tsec 2.1390
#GCMRL#  303 dt  36.288000 rms  0.551  0.045% neg 0  invalid 762 tFOTS 0.0000 tGradient 1.8330 tsec 2.1290
#GCMRL#  304 dt  36.288000 rms  0.551  0.046% neg 0  invalid 762 tFOTS 0.0000 tGradient 1.8520 tsec 2.1610
#GCMRL#  305 dt  36.288000 rms  0.551  0.042% neg 0  invalid 762 tFOTS 0.0000 tGradient 1.8920 tsec 2.2030
#GCMRL#  306 dt  36.288000 rms  0.551  0.043% neg 0  invalid 762 tFOTS 0.0000 tGradient 1.8420 tsec 2.1490
#GCMRL#  307 dt  36.288000 rms  0.550  0.042% neg 0  invalid 762 tFOTS 0.0000 tGradient 1.8300 tsec 2.1300
#GCMRL#  308 dt  36.288000 rms  0.550  0.042% neg 0  invalid 762 tFOTS 0.0000 tGradient 1.8520 tsec 2.1390
#GCMRL#  309 dt  36.288000 rms  0.550  0.037% neg 0  invalid 762 tFOTS 0.0000 tGradient 1.8490 tsec 2.1440
#GCMRL#  310 dt  36.288000 rms  0.550  0.039% neg 0  invalid 762 tFOTS 0.0000 tGradient 1.8830 tsec 2.1830
#GCMRL#  311 dt  36.288000 rms  0.550  0.037% neg 0  invalid 762 tFOTS 0.0000 tGradient 1.8660 tsec 2.1680
#GCMRL#  312 dt  36.288000 rms  0.549  0.036% neg 0  invalid 762 tFOTS 0.0000 tGradient 1.8610 tsec 2.1680
#GCMRL#  313 dt  36.288000 rms  0.549  0.037% neg 0  invalid 762 tFOTS 0.0000 tGradient 1.8620 tsec 2.1620
#GCMRL#  314 dt  36.288000 rms  0.549  0.035% neg 0  invalid 762 tFOTS 0.0000 tGradient 1.8500 tsec 2.1480
#GCMRL#  315 dt  36.288000 rms  0.549  0.036% neg 0  invalid 762 tFOTS 0.0000 tGradient 1.8540 tsec 2.1550
#GCMRL#  316 dt  36.288000 rms  0.549  0.034% neg 0  invalid 762 tFOTS 0.0000 tGradient 1.8550 tsec 2.1530
#GCMRL#  317 dt  36.288000 rms  0.548  0.034% neg 0  invalid 762 tFOTS 0.0000 tGradient 1.8510 tsec 2.1480
#GCMRL#  318 dt  36.288000 rms  0.548  0.034% neg 0  invalid 762 tFOTS 0.0000 tGradient 1.8350 tsec 2.1310
#GCMRL#  319 dt  36.288000 rms  0.548  0.033% neg 0  invalid 762 tFOTS 0.0000 tGradient 1.8200 tsec 2.1060
#GCMRL#  320 dt  36.288000 rms  0.548  0.032% neg 0  invalid 762 tFOTS 0.0000 tGradient 1.8430 tsec 2.1540
#GCMRL#  321 dt  36.288000 rms  0.548  0.030% neg 0  invalid 762 tFOTS 0.0000 tGradient 1.8480 tsec 2.1620
#GCMRL#  322 dt  36.288000 rms  0.548  0.030% neg 0  invalid 762 tFOTS 0.0000 tGradient 1.8440 tsec 2.1580
#GCMRL#  323 dt  36.288000 rms  0.547  0.029% neg 0  invalid 762 tFOTS 0.0000 tGradient 1.8310 tsec 2.1480
#GCMRL#  324 dt  36.288000 rms  0.547  0.029% neg 0  invalid 762 tFOTS 0.0000 tGradient 1.8370 tsec 2.1450
#GCMRL#  325 dt  36.288000 rms  0.547  0.027% neg 0  invalid 762 tFOTS 0.0000 tGradient 1.8430 tsec 2.1490
#GCMRL#  326 dt  36.288000 rms  0.547  0.027% neg 0  invalid 762 tFOTS 0.0000 tGradient 1.8370 tsec 2.1330
#GCMRL#  327 dt  36.288000 rms  0.547  0.028% neg 0  invalid 762 tFOTS 0.0000 tGradient 1.8540 tsec 2.1710
#GCMRL#  328 dt  36.288000 rms  0.547  0.026% neg 0  invalid 762 tFOTS 0.0000 tGradient 1.8550 tsec 2.1710
#GCMRL#  329 dt  36.288000 rms  0.546  0.031% neg 0  invalid 762 tFOTS 0.0000 tGradient 1.8380 tsec 2.1480
#GCMRL#  330 dt  36.288000 rms  0.546  0.027% neg 0  invalid 762 tFOTS 0.0000 tGradient 1.8470 tsec 2.1570
#GCMRL#  331 dt  36.288000 rms  0.546  0.027% neg 0  invalid 762 tFOTS 0.0000 tGradient 1.8650 tsec 2.1720
#GCMRL#  332 dt  36.288000 rms  0.546  0.028% neg 0  invalid 762 tFOTS 0.0000 tGradient 1.8520 tsec 2.1650
#GCMRL#  333 dt  36.288000 rms  0.546  0.024% neg 0  invalid 762 tFOTS 0.0000 tGradient 1.8480 tsec 2.1560
#GCMRL#  334 dt  36.288000 rms  0.546  0.024% neg 0  invalid 762 tFOTS 0.0000 tGradient 1.8270 tsec 2.1360
#GCMRL#  335 dt  36.288000 rms  0.546  0.024% neg 0  invalid 762 tFOTS 0.0000 tGradient 1.8210 tsec 2.1260
#GCMRL#  336 dt  36.288000 rms  0.546  0.025% neg 0  invalid 762 tFOTS 0.0000 tGradient 1.8100 tsec 2.1140
#GCMRL#  337 dt  36.288000 rms  0.545  0.026% neg 0  invalid 762 tFOTS 0.0000 tGradient 1.8270 tsec 2.1340
#GCMRL#  338 dt  36.288000 rms  0.545  0.022% neg 0  invalid 762 tFOTS 0.0000 tGradient 1.8660 tsec 2.1830
#GCMRL#  339 dt  36.288000 rms  0.545  0.024% neg 0  invalid 762 tFOTS 0.0000 tGradient 1.8640 tsec 2.1870
#GCMRL#  340 dt  36.288000 rms  0.545  0.024% neg 0  invalid 762 tFOTS 0.0000 tGradient 1.8580 tsec 2.1890
#FOTS# QuadFit found better minimum quadopt=(dt=331.776,rms=0.544931) vs oldopt=(dt=414.72,rms=0.544933)
#GCMRL#  341 dt 331.776000 rms  0.545  0.000% neg 0  invalid 762 tFOTS 4.6100 tGradient 1.8240 tsec 6.7830

#GCAMreg# pass 0 level1 4 level2 1 tsec 417.728 sigma 0.5
l_jacobian=1.00 l_label=1.00 l_log_likelihood=0.20 l_smoothness=0.03 
tol=5.00e-02, dt=5.00e-02, exp_k=20.0, momentum=0.90, levels=6, niter=500, lbl_dist=10.00, avgs=64, sigma=0.5,type=2, relabel=0, neg=no

blurring input image with Gaussian with sigma=0.500...
GCAMRegisterLevel(): init RMS 0.545794
#FOTS# QuadFit found better minimum quadopt=(dt=66.5028,rms=0.544112) vs oldopt=(dt=103.68,rms=0.544355)
#GCMRL#  343 dt  66.502793 rms  0.544  0.308% neg 0  invalid 762 tFOTS 4.3840 tGradient 1.8840 tsec 6.6000
#FOTS# QuadFit found better minimum quadopt=(dt=145.152,rms=0.543028) vs oldopt=(dt=103.68,rms=0.543181)
#GCMRL#  344 dt 145.152000 rms  0.543  0.199% neg 0  invalid 762 tFOTS 4.1390 tGradient 1.8500 tsec 6.3260
#FOTS# QuadFit found better minimum quadopt=(dt=31.104,rms=0.542874) vs oldopt=(dt=25.92,rms=0.542881)
#GCMRL#  345 dt  31.104000 rms  0.543  0.000% neg 0  invalid 762 tFOTS 4.3720 tGradient 1.8830 tsec 6.6030
#GCMRL#  346 dt  31.104000 rms  0.543  0.013% neg 0  invalid 762 tFOTS 0.0000 tGradient 1.8980 tsec 2.2160
#GCMRL#  347 dt  31.104000 rms  0.543  0.016% neg 0  invalid 762 tFOTS 0.0000 tGradient 1.9110 tsec 2.2230
#GCMRL#  348 dt  31.104000 rms  0.543  0.032% neg 0  invalid 762 tFOTS 0.0000 tGradient 1.8800 tsec 2.1810
#GCMRL#  349 dt  31.104000 rms  0.542  0.052% neg 0  invalid 762 tFOTS 0.0000 tGradient 1.8800 tsec 2.1870
#GCMRL#  350 dt  31.104000 rms  0.542  0.059% neg 0  invalid 762 tFOTS 0.0000 tGradient 1.9120 tsec 2.2230
#GCMRL#  351 dt  31.104000 rms  0.542  0.058% neg 0  invalid 762 tFOTS 0.0000 tGradient 1.8970 tsec 2.2090
#GCMRL#  352 dt  31.104000 rms  0.541  0.048% neg 0  invalid 762 tFOTS 0.0000 tGradient 1.9050 tsec 2.2210
#GCMRL#  353 dt  31.104000 rms  0.541  0.039% neg 0  invalid 762 tFOTS 0.0000 tGradient 1.8660 tsec 2.1790
#GCMRL#  354 dt  31.104000 rms  0.541  0.031% neg 0  invalid 762 tFOTS 0.0000 tGradient 1.8990 tsec 2.2050
#GCMRL#  355 dt  31.104000 rms  0.541  0.034% neg 0  invalid 762 tFOTS 0.0000 tGradient 1.8780 tsec 2.1900
#GCMRL#  356 dt  31.104000 rms  0.541  0.042% neg 0  invalid 762 tFOTS 0.0000 tGradient 1.8790 tsec 2.1910
#GCMRL#  357 dt  31.104000 rms  0.540  0.047% neg 0  invalid 762 tFOTS 0.0000 tGradient 1.8690 tsec 2.1810
#GCMRL#  358 dt  31.104000 rms  0.540  0.046% neg 0  invalid 762 tFOTS 0.0000 tGradient 1.8760 tsec 2.1840
#GCMRL#  359 dt  31.104000 rms  0.540  0.036% neg 0  invalid 762 tFOTS 0.0000 tGradient 1.9050 tsec 2.2120
#GCMRL#  360 dt  31.104000 rms  0.540  0.027% neg 0  invalid 762 tFOTS 0.0000 tGradient 1.8920 tsec 2.2030
#GCMRL#  361 dt  31.104000 rms  0.540  0.024% neg 0  invalid 762 tFOTS 0.0000 tGradient 1.8520 tsec 2.1590
#GCMRL#  362 dt  31.104000 rms  0.539  0.027% neg 0  invalid 762 tFOTS 0.0000 tGradient 1.8680 tsec 2.1890
#GCMRL#  363 dt  31.104000 rms  0.539  0.033% neg 0  invalid 762 tFOTS 0.0000 tGradient 1.8600 tsec 2.1740
#GCMRL#  364 dt  31.104000 rms  0.539  0.036% neg 0  invalid 762 tFOTS 0.0000 tGradient 1.8670 tsec 2.1790
#GCMRL#  365 dt  31.104000 rms  0.539  0.036% neg 0  invalid 762 tFOTS 0.0000 tGradient 1.8700 tsec 2.1830
#GCMRL#  366 dt  31.104000 rms  0.539  0.033% neg 0  invalid 762 tFOTS 0.0000 tGradient 1.8340 tsec 2.1470
#GCMRL#  367 dt  31.104000 rms  0.539  0.031% neg 0  invalid 762 tFOTS 0.0000 tGradient 1.8390 tsec 2.1440
#GCMRL#  368 dt  31.104000 rms  0.538  0.025% neg 0  invalid 762 tFOTS 0.0000 tGradient 1.8220 tsec 2.1370
#GCMRL#  369 dt  31.104000 rms  0.538  0.025% neg 0  invalid 762 tFOTS 0.0000 tGradient 1.8180 tsec 2.1350
#GCMRL#  370 dt  31.104000 rms  0.538  0.027% neg 0  invalid 762 tFOTS 0.0000 tGradient 1.8970 tsec 2.2120
#GCMRL#  371 dt  31.104000 rms  0.538  0.030% neg 0  invalid 762 tFOTS 0.0000 tGradient 1.8930 tsec 2.2050
#GCMRL#  372 dt  31.104000 rms  0.538  0.030% neg 0  invalid 762 tFOTS 0.0000 tGradient 1.8260 tsec 2.1240
#GCMRL#  373 dt  31.104000 rms  0.538  0.028% neg 0  invalid 762 tFOTS 0.0000 tGradient 1.8070 tsec 2.1160
#GCMRL#  374 dt  31.104000 rms  0.538  0.023% neg 0  invalid 762 tFOTS 0.0000 tGradient 1.8020 tsec 2.0930
#GCMRL#  375 dt  31.104000 rms  0.537  0.020% neg 0  invalid 762 tFOTS 0.0000 tGradient 1.8320 tsec 2.1660
#FOTS# QuadFit found better minimum quadopt=(dt=331.776,rms=0.537308) vs oldopt=(dt=414.72,rms=0.537308)
#GCMRL#  376 dt 331.776000 rms  0.537  0.023% neg 0  invalid 762 tFOTS 4.6190 tGradient 1.8290 tsec 6.7830
#FOTS# QuadFit found better minimum quadopt=(dt=36.288,rms=0.53729) vs oldopt=(dt=25.92,rms=0.537295)
#GCMRL#  377 dt  36.288000 rms  0.537  0.000% neg 0  invalid 762 tFOTS 4.6180 tGradient 1.7770 tsec 6.7440
#GCMRL#  378 dt  36.288000 rms  0.537  0.007% neg 0  invalid 762 tFOTS 0.0000 tGradient 1.8300 tsec 2.1380
#GCMRL#  379 dt  36.288000 rms  0.537  0.005% neg 0  invalid 762 tFOTS 0.0000 tGradient 1.8620 tsec 2.1660
setting smoothness cost coefficient to 0.118

#GCAMreg# pass 0 level1 3 level2 0 tsec 0 sigma 2
l_jacobian=1.00 l_label=1.00 l_log_likelihood=0.20 l_smoothness=0.12 
tol=5.00e-02, dt=5.00e-02, exp_k=20.0, momentum=0.90, levels=6, niter=500, lbl_dist=10.00, avgs=16, sigma=2.0,type=2, relabel=0, neg=no

blurring input image with Gaussian with sigma=2.000...
GCAMRegisterLevel(): init RMS 0.54973
#FOTS# QuadFit found better minimum quadopt=(dt=25.6,rms=0.547131) vs oldopt=(dt=32,rms=0.547198)
#GCMRL#  381 dt  25.600000 rms  0.547  0.473% neg 0  invalid 762 tFOTS 4.2470 tGradient 1.6570 tsec 6.2270
#FOTS# QuadFit found better minimum quadopt=(dt=94.9841,rms=0.543882) vs oldopt=(dt=32,rms=0.544902)
#GCMRL#  382 dt  94.984127 rms  0.544  0.594% neg 0  invalid 762 tFOTS 4.1370 tGradient 1.5790 tsec 6.0390
#FOTS# QuadFit found better minimum quadopt=(dt=54.0914,rms=0.539994) vs oldopt=(dt=32,rms=0.540466)
#GCMRL#  383 dt  54.091371 rms  0.540  0.715% neg 0  invalid 762 tFOTS 4.0640 tGradient 1.5210 tsec 5.9120
#FOTS# QuadFit found better minimum quadopt=(dt=29.9016,rms=0.536429) vs oldopt=(dt=32,rms=0.536464)
#GCMRL#  384 dt  29.901639 rms  0.536  0.660% neg 0  invalid 762 tFOTS 4.2230 tGradient 1.5690 tsec 6.1130
#GCMRL#  385 dt  32.000000 rms  0.535  0.223% neg 0  invalid 762 tFOTS 3.9950 tGradient 1.6250 tsec 5.9310
#FOTS# QuadFit found better minimum quadopt=(dt=69.2706,rms=0.532693) vs oldopt=(dt=32,rms=0.53309)
#GCMRL#  386 dt  69.270588 rms  0.533  0.474% neg 0  invalid 762 tFOTS 4.4890 tGradient 1.6040 tsec 6.4070
#FOTS# QuadFit found better minimum quadopt=(dt=11.2,rms=0.531291) vs oldopt=(dt=8,rms=0.531615)
#GCMRL#  387 dt  11.200000 rms  0.531  0.263% neg 0  invalid 762 tFOTS 3.9680 tGradient 1.6220 tsec 5.9160
#FOTS# QuadFit found better minimum quadopt=(dt=25.6,rms=0.530446) vs oldopt=(dt=32,rms=0.530505)
#GCMRL#  388 dt  25.600000 rms  0.530  0.159% neg 0  invalid 762 tFOTS 3.8720 tGradient 1.5730 tsec 5.7670
#FOTS# QuadFit found better minimum quadopt=(dt=97.0694,rms=0.527892) vs oldopt=(dt=128,rms=0.528123)
#GCMRL#  389 dt  97.069409 rms  0.528  0.481% neg 0  invalid 762 tFOTS 4.2360 tGradient 1.5970 tsec 6.1400
#FOTS# QuadFit found better minimum quadopt=(dt=11.2,rms=0.526791) vs oldopt=(dt=8,rms=0.527079)
#GCMRL#  390 dt  11.200000 rms  0.527  0.209% neg 0  invalid 762 tFOTS 3.8520 tGradient 1.5370 tsec 5.7060
#FOTS# QuadFit found better minimum quadopt=(dt=23.3739,rms=0.526033) vs oldopt=(dt=32,rms=0.526159)
#GCMRL#  391 dt  23.373913 rms  0.526  0.144% neg 0  invalid 762 tFOTS 3.9070 tGradient 1.5110 tsec 5.7330
#FOTS# QuadFit found better minimum quadopt=(dt=153.6,rms=0.52321) vs oldopt=(dt=128,rms=0.523278)
#GCMRL#  392 dt 153.600000 rms  0.523  0.537% neg 0  invalid 762 tFOTS 4.2020 tGradient 1.5900 tsec 6.1070
#FOTS# QuadFit found better minimum quadopt=(dt=11.2,rms=0.521983) vs oldopt=(dt=8,rms=0.522275)
#GCMRL#  393 dt  11.200000 rms  0.522  0.235% neg 0  invalid 762 tFOTS 3.9070 tGradient 1.5930 tsec 5.8000
#FOTS# QuadFit found better minimum quadopt=(dt=19.2,rms=0.521254) vs oldopt=(dt=32,rms=0.521459)
#GCMRL#  394 dt  19.200000 rms  0.521  0.140% neg 0  invalid 762 tFOTS 3.9040 tGradient 1.5080 tsec 5.7080
#FOTS# QuadFit found better minimum quadopt=(dt=179.2,rms=0.519238) vs oldopt=(dt=128,rms=0.519527)
#GCMRL#  395 dt 179.200000 rms  0.519  0.387% neg 0  invalid 762 tFOTS 3.8150 tGradient 1.5130 tsec 5.6540
#FOTS# QuadFit found better minimum quadopt=(dt=25.6,rms=0.518028) vs oldopt=(dt=32,rms=0.518171)
#GCMRL#  396 dt  25.600000 rms  0.518  0.233% neg 0  invalid 762 tFOTS 3.8920 tGradient 1.6850 tsec 5.8880
#FOTS# QuadFit found better minimum quadopt=(dt=38.4,rms=0.517102) vs oldopt=(dt=32,rms=0.51712)
#GCMRL#  397 dt  38.400000 rms  0.517  0.179% neg 0  invalid 762 tFOTS 3.8630 tGradient 1.5450 tsec 5.7450
#FOTS# QuadFit found better minimum quadopt=(dt=11.2,rms=0.516866) vs oldopt=(dt=8,rms=0.516912)
#GCMRL#  398 dt  11.200000 rms  0.517  0.000% neg 0  invalid 762 tFOTS 3.9230 tGradient 1.5030 tsec 5.8200
#GCMRL#  399 dt  11.200000 rms  0.517  0.034% neg 0  invalid 762 tFOTS 0.0000 tGradient 1.4980 tsec 1.8030
#GCMRL#  400 dt  11.200000 rms  0.516  0.048% neg 0  invalid 762 tFOTS 0.0000 tGradient 1.5220 tsec 1.8090
#GCMRL#  401 dt  11.200000 rms  0.516  0.070% neg 0  invalid 762 tFOTS 0.0000 tGradient 1.4910 tsec 1.7810
#GCMRL#  402 dt  11.200000 rms  0.516  0.096% neg 0  invalid 762 tFOTS 0.0000 tGradient 1.4790 tsec 1.7750
#GCMRL#  403 dt  11.200000 rms  0.515  0.107% neg 0  invalid 762 tFOTS 0.0000 tGradient 1.4830 tsec 1.7760
#GCMRL#  404 dt  11.200000 rms  0.514  0.122% neg 0  invalid 762 tFOTS 0.0000 tGradient 1.4990 tsec 1.8000
#GCMRL#  405 dt  11.200000 rms  0.514  0.128% neg 0  invalid 762 tFOTS 0.0000 tGradient 1.5060 tsec 1.8020
#GCMRL#  406 dt  11.200000 rms  0.513  0.134% neg 0  invalid 762 tFOTS 0.0000 tGradient 1.4950 tsec 1.7970
#GCMRL#  407 dt  11.200000 rms  0.513  0.021% neg 0  invalid 762 tFOTS 0.0000 tGradient 1.4830 tsec 1.9360
#GCMRL#  408 dt  11.200000 rms  0.513  0.016% neg 0  invalid 762 tFOTS 0.0000 tGradient 1.4930 tsec 1.9810
#FOTS# QuadFit found better minimum quadopt=(dt=2.4,rms=0.512849) vs oldopt=(dt=2,rms=0.512852)
#GCMRL#  409 dt   2.400000 rms  0.513  0.000% neg 0  invalid 762 tFOTS 3.3210 tGradient 1.4990 tsec 5.1570

#GCAMreg# pass 0 level1 3 level2 1 tsec 142.835 sigma 0.5
l_jacobian=1.00 l_label=1.00 l_log_likelihood=0.20 l_smoothness=0.12 
tol=5.00e-02, dt=5.00e-02, exp_k=20.0, momentum=0.90, levels=6, niter=500, lbl_dist=10.00, avgs=16, sigma=0.5,type=2, relabel=0, neg=no

blurring input image with Gaussian with sigma=0.500...
GCAMRegisterLevel(): init RMS 0.513569
#FOTS# QuadFit found better minimum quadopt=(dt=0.00273437,rms=0.512851) vs oldopt=(dt=0.00195312,rms=0.512851)
#GCMRL#  411 dt   0.002734 rms  0.513  0.140% neg 0  invalid 762 tFOTS 2.1920 tGradient 1.5090 tsec 4.0130
#GCMRL#  412 dt   0.250000 rms  0.513  0.000% neg 0  invalid 762 tFOTS 1.6760 tGradient 1.4920 tsec 3.7070
#GCMRL#  413 dt   0.000244 rms  0.513  0.000% neg 0  invalid 762 tFOTS 0.0000 tGradient 1.5010 tsec 3.4120
#GCMRL#  414 dt   0.000122 rms  0.513  0.000% neg 0  invalid 762 tFOTS 0.0000 tGradient 1.5130 tsec 2.1040
setting smoothness cost coefficient to 0.400

#GCAMreg# pass 0 level1 2 level2 0 tsec 0 sigma 2
l_jacobian=1.00 l_label=1.00 l_log_likelihood=0.20 l_smoothness=0.40 
tol=5.00e-02, dt=5.00e-02, exp_k=20.0, momentum=0.90, levels=6, niter=500, lbl_dist=10.00, avgs=4, sigma=2.0,type=2, relabel=0, neg=no

blurring input image with Gaussian with sigma=2.000...
GCAMRegisterLevel(): init RMS 0.541388
#FOTS# QuadFit found better minimum quadopt=(dt=0.054,rms=0.540707) vs oldopt=(dt=0.045,rms=0.540707)
#GCMRL#  416 dt   0.054000 rms  0.541  0.126% neg 0  invalid 762 tFOTS 4.0060 tGradient 1.3790 tsec 5.6880
#FOTS# QuadFit found better minimum quadopt=(dt=0.0135,rms=0.54071) vs oldopt=(dt=0.01125,rms=0.54071)
#GCMRL#  417 dt   0.013500 rms  0.541  0.000% neg 0  invalid 762 tFOTS 3.9870 tGradient 1.3760 tsec 5.8990
#GCMRL#  418 dt   0.013500 rms  0.541  0.000% neg 0  invalid 762 tFOTS 0.0000 tGradient 1.3670 tsec 1.6500

#GCAMreg# pass 0 level1 2 level2 1 tsec 24.562 sigma 0.5
l_jacobian=1.00 l_label=1.00 l_log_likelihood=0.20 l_smoothness=0.40 
tol=5.00e-02, dt=5.00e-02, exp_k=20.0, momentum=0.90, levels=6, niter=500, lbl_dist=10.00, avgs=4, sigma=0.5,type=2, relabel=0, neg=no

blurring input image with Gaussian with sigma=0.500...
GCAMRegisterLevel(): init RMS 0.541388
#FOTS# QuadFit found better minimum quadopt=(dt=2.42254,rms=0.540327) vs oldopt=(dt=2.88,rms=0.540343)
#GCMRL#  420 dt   2.422535 rms  0.540  0.196% neg 0  invalid 762 tFOTS 3.9010 tGradient 1.4210 tsec 5.6220
#FOTS# QuadFit found better minimum quadopt=(dt=1,rms=0.540293) vs oldopt=(dt=0.72,rms=0.540295)
#GCMRL#  421 dt   1.000000 rms  0.540  0.000% neg 0  invalid 762 tFOTS 3.7050 tGradient 1.3920 tsec 5.4300
setting smoothness cost coefficient to 1.000

#GCAMreg# pass 0 level1 1 level2 0 tsec 0 sigma 2
l_jacobian=1.00 l_label=1.00 l_log_likelihood=0.20 l_smoothness=1.00 
tol=5.00e-02, dt=5.00e-02, exp_k=20.0, momentum=0.90, levels=6, niter=500, lbl_dist=10.00, avgs=1, sigma=2.0,type=2, relabel=0, neg=no

blurring input image with Gaussian with sigma=2.000...
GCAMRegisterLevel(): init RMS 0.590417
#FOTS# QuadFit found better minimum quadopt=(dt=2.11258,rms=0.583826) vs oldopt=(dt=1.28,rms=0.585008)
#GCMRL#  423 dt   2.112583 rms  0.584  1.116% neg 0  invalid 762 tFOTS 3.7150 tGradient 1.2650 tsec 5.2820
#FOTS# QuadFit found better minimum quadopt=(dt=0.768,rms=0.583488) vs oldopt=(dt=1.28,rms=0.58356)
#GCMRL#  424 dt   0.768000 rms  0.583  0.058% neg 0  invalid 762 tFOTS 3.7170 tGradient 1.2680 tsec 5.2860
#FOTS# QuadFit found better minimum quadopt=(dt=0.256,rms=0.583477) vs oldopt=(dt=0.32,rms=0.583478)
#GCMRL#  425 dt   0.256000 rms  0.583  0.000% neg 0  invalid 762 tFOTS 3.8500 tGradient 1.2260 tsec 5.4190

#GCAMreg# pass 0 level1 1 level2 1 tsec 27.179 sigma 0.5
l_jacobian=1.00 l_label=1.00 l_log_likelihood=0.20 l_smoothness=1.00 
tol=5.00e-02, dt=5.00e-02, exp_k=20.0, momentum=0.90, levels=6, niter=500, lbl_dist=10.00, avgs=1, sigma=0.5,type=2, relabel=0, neg=no

blurring input image with Gaussian with sigma=0.500...
GCAMRegisterLevel(): init RMS 0.584049
#FOTS# QuadFit found better minimum quadopt=(dt=1.792,rms=0.582356) vs oldopt=(dt=1.28,rms=0.58244)
#GCMRL#  427 dt   1.792000 rms  0.582  0.290% neg 0  invalid 762 tFOTS 3.7910 tGradient 1.2790 tsec 5.3800
#FOTS# QuadFit found better minimum quadopt=(dt=0.448,rms=0.582314) vs oldopt=(dt=0.32,rms=0.582319)
#GCMRL#  428 dt   0.448000 rms  0.582  0.000% neg 0  invalid 762 tFOTS 3.8100 tGradient 1.2800 tsec 5.3980
#GCMRL#  429 dt   0.448000 rms  0.582  0.001% neg 0  invalid 762 tFOTS 0.0000 tGradient 1.2730 tsec 1.5660
resetting metric properties...
setting smoothness cost coefficient to 2.000

#GCAMreg# pass 0 level1 0 level2 0 tsec 0 sigma 2
l_jacobian=1.00 l_label=1.00 l_log_likelihood=0.20 l_smoothness=2.00 
tol=5.00e-02, dt=5.00e-02, exp_k=20.0, momentum=0.90, levels=6, niter=500, lbl_dist=10.00, avgs=0, sigma=2.0,type=2, relabel=0, neg=no

blurring input image with Gaussian with sigma=2.000...
GCAMRegisterLevel(): init RMS 0.536
#FOTS# QuadFit found better minimum quadopt=(dt=0.448,rms=0.521446) vs oldopt=(dt=0.32,rms=0.525263)
#GCMRL#  431 dt   0.448000 rms  0.521  2.715% neg 0  invalid 762 tFOTS 3.6130 tGradient 0.8650 tsec 4.8000
#FOTS# QuadFit found better minimum quadopt=(dt=0.448,rms=0.517205) vs oldopt=(dt=0.32,rms=0.518392)
#GCMRL#  432 dt   0.448000 rms  0.517  0.813% neg 0  invalid 762 tFOTS 3.8030 tGradient 0.8150 tsec 4.9410
#FOTS# QuadFit found better minimum quadopt=(dt=0.384,rms=0.514962) vs oldopt=(dt=0.32,rms=0.515329)
#GCMRL#  433 dt   0.384000 rms  0.515  0.434% neg 0  invalid 762 tFOTS 3.7230 tGradient 0.8140 tsec 4.8490
#FOTS# QuadFit found better minimum quadopt=(dt=0.448,rms=0.513118) vs oldopt=(dt=0.32,rms=0.513636)
#GCMRL#  434 dt   0.448000 rms  0.513  0.358% neg 0  invalid 762 tFOTS 3.4870 tGradient 0.7770 tsec 4.5660
#FOTS# QuadFit found better minimum quadopt=(dt=0.448,rms=0.51175) vs oldopt=(dt=0.32,rms=0.512135)
#GCMRL#  435 dt   0.448000 rms  0.512  0.266% neg 0  invalid 762 tFOTS 3.4800 tGradient 0.7440 tsec 4.5220
#FOTS# QuadFit found better minimum quadopt=(dt=0.448,rms=0.510726) vs oldopt=(dt=0.32,rms=0.511012)
#GCMRL#  436 dt   0.448000 rms  0.511  0.200% neg 0  invalid 762 tFOTS 3.6200 tGradient 0.7330 tsec 4.6670
#FOTS# QuadFit found better minimum quadopt=(dt=0.448,rms=0.509886) vs oldopt=(dt=0.32,rms=0.510122)
#GCMRL#  437 dt   0.448000 rms  0.510  0.164% neg 0  invalid 762 tFOTS 3.5990 tGradient 0.7370 tsec 4.6520
#FOTS# QuadFit found better minimum quadopt=(dt=0.448,rms=0.509236) vs oldopt=(dt=0.32,rms=0.509418)
#GCMRL#  438 dt   0.448000 rms  0.509  0.128% neg 0  invalid 762 tFOTS 3.6160 tGradient 0.7670 tsec 4.7000
#FOTS# QuadFit found better minimum quadopt=(dt=0.448,rms=0.508658) vs oldopt=(dt=0.32,rms=0.508817)
#GCMRL#  439 dt   0.448000 rms  0.509  0.113% neg 0  invalid 762 tFOTS 3.5190 tGradient 0.7370 tsec 4.5730
#FOTS# QuadFit found better minimum quadopt=(dt=0.448,rms=0.508208) vs oldopt=(dt=0.32,rms=0.508332)
#GCMRL#  440 dt   0.448000 rms  0.508  0.089% neg 0  invalid 762 tFOTS 3.5020 tGradient 0.7590 tsec 4.5790
#FOTS# QuadFit found better minimum quadopt=(dt=0.448,rms=0.507783) vs oldopt=(dt=0.32,rms=0.507898)
#GCMRL#  441 dt   0.448000 rms  0.508  0.083% neg 0  invalid 762 tFOTS 3.5210 tGradient 0.7430 tsec 4.5710
#FOTS# QuadFit found better minimum quadopt=(dt=0.448,rms=0.507444) vs oldopt=(dt=0.32,rms=0.507535)
#GCMRL#  442 dt   0.448000 rms  0.507  0.067% neg 0  invalid 762 tFOTS 3.6370 tGradient 0.7600 tsec 4.7050
#FOTS# QuadFit found better minimum quadopt=(dt=0.448,rms=0.507129) vs oldopt=(dt=0.32,rms=0.507215)
#GCMRL#  443 dt   0.448000 rms  0.507  0.062% neg 0  invalid 762 tFOTS 3.5170 tGradient 0.7510 tsec 4.5660
#FOTS# QuadFit found better minimum quadopt=(dt=0.448,rms=0.506867) vs oldopt=(dt=0.32,rms=0.506935)
#GCMRL#  444 dt   0.448000 rms  0.507  0.052% neg 0  invalid 762 tFOTS 3.4990 tGradient 0.7460 tsec 4.5450
#FOTS# QuadFit found better minimum quadopt=(dt=0.448,rms=0.506624) vs oldopt=(dt=0.32,rms=0.506691)
#GCMRL#  445 dt   0.448000 rms  0.507  0.000% neg 0  invalid 762 tFOTS 3.6230 tGradient 0.7490 tsec 4.6980
#GCMRL#  446 dt   0.448000 rms  0.506  0.041% neg 0  invalid 762 tFOTS 0.0000 tGradient 0.7470 tsec 1.0460
#GCMRL#  447 dt   0.448000 rms  0.506  0.073% neg 0  invalid 762 tFOTS 0.0000 tGradient 0.7590 tsec 1.0590
#GCMRL#  448 dt   0.448000 rms  0.506  0.100% neg 0  invalid 762 tFOTS 0.0000 tGradient 0.7610 tsec 1.0630
#GCMRL#  449 dt   0.448000 rms  0.505  0.106% neg 0  invalid 762 tFOTS 0.0000 tGradient 0.7450 tsec 1.0520
#GCMRL#  450 dt   0.224000 rms  0.505  0.007% neg 0  invalid 762 tFOTS 0.0000 tGradient 0.7450 tsec 1.3700
#GCMRL#  451 dt   0.224000 rms  0.505  0.012% neg 0  invalid 762 tFOTS 0.0000 tGradient 0.7470 tsec 1.0500
#GCMRL#  452 dt   0.224000 rms  0.505  0.008% neg 0  invalid 762 tFOTS 0.0000 tGradient 0.7700 tsec 1.2650
#FOTS# QuadFit found better minimum quadopt=(dt=0.448,rms=0.504834) vs oldopt=(dt=0.32,rms=0.504848)
#GCMRL#  453 dt   0.448000 rms  0.505  0.000% neg 0  invalid 762 tFOTS 3.6230 tGradient 0.7240 tsec 4.7070
#GCMRL#  454 dt   0.224000 rms  0.505  0.007% neg 0  invalid 762 tFOTS 0.0000 tGradient 0.7620 tsec 1.3530
#GCMRL#  455 dt   0.224000 rms  0.505  0.011% neg 0  invalid 762 tFOTS 0.0000 tGradient 0.7450 tsec 1.0390
#GCMRL#  456 dt   0.224000 rms  0.505  0.004% neg 0  invalid 762 tFOTS 0.0000 tGradient 0.7470 tsec 1.2020
#GCMRL#  457 dt   0.224000 rms  0.505  0.008% neg 0  invalid 762 tFOTS 0.0000 tGradient 0.7330 tsec 1.0330
#GCMRL#  458 dt   0.224000 rms  0.505  0.013% neg 0  invalid 762 tFOTS 0.0000 tGradient 0.7250 tsec 1.0130
#GCMRL#  459 dt   0.224000 rms  0.505  0.018% neg 0  invalid 762 tFOTS 0.0000 tGradient 0.7220 tsec 1.0290

#GCAMreg# pass 0 level1 0 level2 1 tsec 99.737 sigma 0.5
l_jacobian=1.00 l_label=1.00 l_log_likelihood=0.20 l_smoothness=2.00 
tol=5.00e-02, dt=5.00e-02, exp_k=20.0, momentum=0.90, levels=6, niter=500, lbl_dist=10.00, avgs=0, sigma=0.5,type=2, relabel=0, neg=no

blurring input image with Gaussian with sigma=0.500...
GCAMRegisterLevel(): init RMS 0.505114
#GCMRL#  461 dt   0.320000 rms  0.502  0.545% neg 0  invalid 762 tFOTS 3.9690 tGradient 0.8010 tsec 5.0920
#GCMRL#  462 dt   0.320000 rms  0.502  0.152% neg 0  invalid 762 tFOTS 3.6410 tGradient 0.7650 tsec 4.7270
#GCMRL#  463 dt   0.320000 rms  0.501  0.064% neg 0  invalid 762 tFOTS 3.5470 tGradient 0.7430 tsec 4.6000
#GCMRL#  464 dt   0.320000 rms  0.501  0.000% neg 0  invalid 762 tFOTS 3.4700 tGradient 0.7490 tsec 4.5650
#GCMRL#  465 dt   0.320000 rms  0.501  0.017% neg 0  invalid 762 tFOTS 0.0000 tGradient 0.7470 tsec 1.0480
#GCMRL#  466 dt   0.320000 rms  0.501  0.031% neg 0  invalid 762 tFOTS 0.0000 tGradient 0.7550 tsec 1.0580
#GCMRL#  467 dt   0.320000 rms  0.501  0.009% neg 0  invalid 762 tFOTS 0.0000 tGradient 0.8200 tsec 1.3630
#GCMRL#  468 dt   0.320000 rms  0.501  0.010% neg 0  invalid 762 tFOTS 0.0000 tGradient 0.7420 tsec 1.0410
#GCMRL#  469 dt   0.320000 rms  0.501  0.015% neg 0  invalid 762 tFOTS 0.0000 tGradient 0.7510 tsec 1.0560
#GCMRL#  470 dt   0.320000 rms  0.501  0.008% neg 0  invalid 762 tFOTS 0.0000 tGradient 0.7430 tsec 1.2110
#GCMRL#  471 dt   0.320000 rms  0.501  0.000% neg 0  invalid 762 tFOTS 3.8000 tGradient 0.7460 tsec 4.8640
#GCMRL#  472 dt   0.320000 rms  0.501  0.009% neg 0  invalid 762 tFOTS 0.0000 tGradient 0.7770 tsec 1.0800
#GCMRL#  473 dt   0.320000 rms  0.501  0.009% neg 0  invalid 762 tFOTS 0.0000 tGradient 0.7550 tsec 1.0620
#GCMRL#  474 dt   0.160000 rms  0.501  0.004% neg 0  invalid 762 tFOTS 0.0000 tGradient 0.7360 tsec 1.3500
GCAMregister done in 22.807 min
********************* ALLOWING NEGATIVE NODES IN DEFORMATION********************************
noneg post
Starting GCAMregister()
label assignment complete, 0 changed (0.00%)
npasses = 1, nlevels = 6
#pass# 1 of 1 ************************
enabling zero nodes
setting smoothness cost coefficient to 0.008

#GCAMreg# pass 0 level1 5 level2 0 tsec 0 sigma 2
l_jacobian=1.00 l_label=1.00 l_log_likelihood=0.20 l_smoothness=0.01 
tol=2.50e-01, dt=5.00e-02, exp_k=20.0, momentum=0.90, levels=6, niter=500, lbl_dist=10.00, avgs=256, sigma=2.0,type=2, relabel=0, neg=yes

blurring input image with Gaussian with sigma=2.000...
GCAMRegisterLevel(): init RMS 0.498381
#FOTS# QuadFit found better minimum quadopt=(dt=129.472,rms=0.497481) vs oldopt=(dt=92.48,rms=0.497504)
#GCMRL#  476 dt 129.472000 rms  0.497  0.181% neg 0  invalid 762 tFOTS 4.5720 tGradient 2.0530 tsec 6.9440
#GCMRL#  477 dt 369.920000 rms  0.497  0.000% neg 0  invalid 762 tFOTS 4.4480 tGradient 1.9940 tsec 6.7810

#GCAMreg# pass 0 level1 5 level2 1 tsec 23.692 sigma 0.5
l_jacobian=1.00 l_label=1.00 l_log_likelihood=0.20 l_smoothness=0.01 
tol=2.50e-01, dt=5.00e-02, exp_k=20.0, momentum=0.90, levels=6, niter=500, lbl_dist=10.00, avgs=256, sigma=0.5,type=2, relabel=0, neg=yes

blurring input image with Gaussian with sigma=0.500...
GCAMRegisterLevel(): init RMS 0.497833
#GCMRL#  479 dt  92.480000 rms  0.497  0.230% neg 0  invalid 762 tFOTS 4.3530 tGradient 1.9370 tsec 6.6060
#FOTS# QuadFit found better minimum quadopt=(dt=110.976,rms=0.496456) vs oldopt=(dt=92.48,rms=0.496462)
#GCMRL#  480 dt 110.976000 rms  0.496  0.000% neg 0  invalid 762 tFOTS 4.3580 tGradient 1.9550 tsec 6.6430
#GCMRL#  481 dt 110.976000 rms  0.496  0.011% neg 0  invalid 762 tFOTS 0.0000 tGradient 1.9270 tsec 2.2280
#GCMRL#  482 dt 110.976000 rms  0.496  0.067% neg 0  invalid 762 tFOTS 0.0000 tGradient 1.9800 tsec 2.2680
#GCMRL#  483 dt 110.976000 rms  0.496  0.048% neg 0  invalid 762 tFOTS 0.0000 tGradient 1.9950 tsec 2.2850
#GCMRL#  484 dt 110.976000 rms  0.496  0.067% neg 0  invalid 762 tFOTS 0.0000 tGradient 1.9500 tsec 2.2440
setting smoothness cost coefficient to 0.031

#GCAMreg# pass 0 level1 4 level2 0 tsec 0 sigma 2
l_jacobian=1.00 l_label=1.00 l_log_likelihood=0.20 l_smoothness=0.03 
tol=2.50e-01, dt=5.00e-02, exp_k=20.0, momentum=0.90, levels=6, niter=500, lbl_dist=10.00, avgs=64, sigma=2.0,type=2, relabel=0, neg=yes

blurring input image with Gaussian with sigma=2.000...
GCAMRegisterLevel(): init RMS 0.496118
#FOTS# QuadFit found better minimum quadopt=(dt=36.288,rms=0.49486) vs oldopt=(dt=25.92,rms=0.494903)
#GCMRL#  486 dt  36.288000 rms  0.495  0.254% neg 0  invalid 762 tFOTS 4.6030 tGradient 1.6530 tsec 6.5690
#GCMRL#  487 dt 103.680000 rms  0.494  0.000% neg 0  invalid 762 tFOTS 4.3390 tGradient 1.6090 tsec 6.2720
#GCMRL#  488 dt 103.680000 rms  0.494  0.086% neg 0  invalid 762 tFOTS 0.0000 tGradient 1.6170 tsec 1.9160
#GCMRL#  489 dt 103.680000 rms  0.492  0.227% neg 0  invalid 762 tFOTS 0.0000 tGradient 1.6520 tsec 1.9530
#GCMRL#  490 dt 103.680000 rms  0.491  0.232% neg 0  invalid 762 tFOTS 0.0000 tGradient 1.6270 tsec 1.9160
iter 0, gcam->neg = 3
after 7 iterations, nbhd size=1, neg = 0
#GCMRL#  491 dt 103.680000 rms  0.490  0.349% neg 0  invalid 762 tFOTS 0.0000 tGradient 1.6530 tsec 5.0940
iter 0, gcam->neg = 2
after 0 iterations, nbhd size=0, neg = 0
#GCMRL#  492 dt 103.680000 rms  0.489  0.128% neg 0  invalid 762 tFOTS 0.0000 tGradient 1.6230 tsec 2.9490
iter 0, gcam->neg = 6
after 3 iterations, nbhd size=0, neg = 0
#GCMRL#  493 dt 103.680000 rms  0.489 -0.022% neg 0  invalid 762 tFOTS 0.0000 tGradient 1.6300 tsec 4.5500
#FOTS# QuadFit found better minimum quadopt=(dt=36.288,rms=0.488682) vs oldopt=(dt=25.92,rms=0.488718)
#GCMRL#  494 dt  36.288000 rms  0.489  0.065% neg 0  invalid 762 tFOTS 4.2150 tGradient 1.6010 tsec 6.1280
#FOTS# QuadFit found better minimum quadopt=(dt=145.152,rms=0.487859) vs oldopt=(dt=103.68,rms=0.487978)
iter 0, gcam->neg = 1
after 1 iterations, nbhd size=0, neg = 0
#GCMRL#  495 dt 145.152000 rms  0.488  0.167% neg 0  invalid 762 tFOTS 4.3410 tGradient 1.6040 tsec 7.7370
#FOTS# QuadFit found better minimum quadopt=(dt=31.104,rms=0.487597) vs oldopt=(dt=25.92,rms=0.487603)

#GCAMreg# pass 0 level1 4 level2 1 tsec 58.927 sigma 0.5
l_jacobian=1.00 l_label=1.00 l_log_likelihood=0.20 l_smoothness=0.03 
tol=2.50e-01, dt=5.00e-02, exp_k=20.0, momentum=0.90, levels=6, niter=500, lbl_dist=10.00, avgs=64, sigma=0.5,type=2, relabel=0, neg=yes

blurring input image with Gaussian with sigma=0.500...
GCAMRegisterLevel(): init RMS 0.488296
#FOTS# QuadFit found better minimum quadopt=(dt=67.5745,rms=0.486045) vs oldopt=(dt=103.68,rms=0.486511)
#GCMRL#  497 dt  67.574468 rms  0.486  0.461% neg 0  invalid 762 tFOTS 4.5080 tGradient 1.6390 tsec 6.4730
#FOTS# QuadFit found better minimum quadopt=(dt=36.288,rms=0.485318) vs oldopt=(dt=25.92,rms=0.485473)
#GCMRL#  498 dt  36.288000 rms  0.485  0.000% neg 0  invalid 762 tFOTS 4.3030 tGradient 1.6840 tsec 6.3420
#GCMRL#  499 dt  36.288000 rms  0.485  0.081% neg 0  invalid 762 tFOTS 0.0000 tGradient 1.6650 tsec 1.9720
#GCMRL#  500 dt  36.288000 rms  0.484  0.120% neg 0  invalid 762 tFOTS 0.0000 tGradient 1.6660 tsec 1.9640
#GCMRL#  501 dt  36.288000 rms  0.484  0.134% neg 0  invalid 762 tFOTS 0.0000 tGradient 1.6530 tsec 1.9600
#GCMRL#  502 dt  36.288000 rms  0.483  0.128% neg 0  invalid 762 tFOTS 0.0000 tGradient 1.6320 tsec 1.9420
#GCMRL#  503 dt  36.288000 rms  0.483  0.112% neg 0  invalid 762 tFOTS 0.0000 tGradient 1.6270 tsec 1.9410
#GCMRL#  504 dt  36.288000 rms  0.482  0.094% neg 0  invalid 762 tFOTS 0.0000 tGradient 1.6320 tsec 1.9600
#FOTS# QuadFit found better minimum quadopt=(dt=145.152,rms=0.481944) vs oldopt=(dt=103.68,rms=0.481953)
#GCMRL#  505 dt 145.152000 rms  0.482  0.000% neg 0  invalid 762 tFOTS 4.2420 tGradient 1.6260 tsec 6.2130
setting smoothness cost coefficient to 0.118

#GCAMreg# pass 0 level1 3 level2 0 tsec 0 sigma 2
l_jacobian=1.00 l_label=1.00 l_log_likelihood=0.20 l_smoothness=0.12 
tol=2.50e-01, dt=5.00e-02, exp_k=20.0, momentum=0.90, levels=6, niter=500, lbl_dist=10.00, avgs=16, sigma=2.0,type=2, relabel=0, neg=yes

blurring input image with Gaussian with sigma=2.000...
GCAMRegisterLevel(): init RMS 0.483536
#FOTS# QuadFit found better minimum quadopt=(dt=37.5598,rms=0.479985) vs oldopt=(dt=32,rms=0.479994)
iter 0, gcam->neg = 3
after 2 iterations, nbhd size=0, neg = 0
#GCMRL#  507 dt  37.559846 rms  0.480  0.733% neg 0  invalid 762 tFOTS 4.4160 tGradient 1.4750 tsec 8.1520
#FOTS# QuadFit found better minimum quadopt=(dt=38.4,rms=0.475881) vs oldopt=(dt=32,rms=0.476054)
iter 0, gcam->neg = 6
after 1 iterations, nbhd size=0, neg = 0
#GCMRL#  508 dt  38.400000 rms  0.476  0.856% neg 0  invalid 762 tFOTS 4.3470 tGradient 1.5070 tsec 7.6750
#FOTS# QuadFit found better minimum quadopt=(dt=22.4218,rms=0.474056) vs oldopt=(dt=32,rms=0.474432)
iter 0, gcam->neg = 1
after 0 iterations, nbhd size=0, neg = 0
#GCMRL#  509 dt  22.421769 rms  0.474  0.385% neg 0  invalid 762 tFOTS 4.4020 tGradient 1.4880 tsec 7.2910
#FOTS# QuadFit found better minimum quadopt=(dt=90.8387,rms=0.470497) vs oldopt=(dt=128,rms=0.471107)
iter 0, gcam->neg = 18
after 3 iterations, nbhd size=0, neg = 0
#GCMRL#  510 dt  90.838710 rms  0.471  0.743% neg 0  invalid 762 tFOTS 4.4020 tGradient 1.4990 tsec 8.6700
#FOTS# QuadFit found better minimum quadopt=(dt=20.6502,rms=0.468319) vs oldopt=(dt=32,rms=0.468978)
#GCMRL#  511 dt  20.650246 rms  0.468  0.470% neg 0  invalid 762 tFOTS 4.3670 tGradient 1.4990 tsec 6.1790
#FOTS# QuadFit found better minimum quadopt=(dt=44.8,rms=0.466787) vs oldopt=(dt=32,rms=0.467028)
iter 0, gcam->neg = 5
after 1 iterations, nbhd size=0, neg = 0
#GCMRL#  512 dt  44.800000 rms  0.467  0.326% neg 0  invalid 762 tFOTS 4.4810 tGradient 1.4980 tsec 7.8330
#FOTS# QuadFit found better minimum quadopt=(dt=25.6,rms=0.466059) vs oldopt=(dt=32,rms=0.46612)
iter 0, gcam->neg = 7
after 10 iterations, nbhd size=1, neg = 0
#GCMRL#  513 dt  25.600000 rms  0.466  0.000% neg 0  invalid 762 tFOTS 4.4220 tGradient 1.4990 tsec 11.9550
iter 0, gcam->neg = 2
after 2 iterations, nbhd size=0, neg = 0
#GCMRL#  514 dt  25.600000 rms  0.465  0.152% neg 0  invalid 762 tFOTS 0.0000 tGradient 1.4750 tsec 3.8000
iter 0, gcam->neg = 7
after 8 iterations, nbhd size=1, neg = 0
#GCMRL#  515 dt  25.600000 rms  0.464  0.277% neg 0  invalid 762 tFOTS 0.0000 tGradient 1.4890 tsec 6.6080
iter 0, gcam->neg = 7
after 3 iterations, nbhd size=0, neg = 0
#GCMRL#  516 dt  25.600000 rms  0.463  0.284% neg 0  invalid 762 tFOTS 0.0000 tGradient 1.4850 tsec 4.2660
iter 0, gcam->neg = 12
after 11 iterations, nbhd size=1, neg = 0
#GCMRL#  517 dt  25.600000 rms  0.461  0.330% neg 0  invalid 762 tFOTS 0.0000 tGradient 1.4920 tsec 7.9740
iter 0, gcam->neg = 19
after 12 iterations, nbhd size=1, neg = 0
#GCMRL#  518 dt  25.600000 rms  0.460  0.341% neg 0  invalid 762 tFOTS 0.0000 tGradient 1.5150 tsec 8.5460
iter 0, gcam->neg = 13
after 9 iterations, nbhd size=1, neg = 0
#GCMRL#  519 dt  25.600000 rms  0.458  0.354% neg 0  invalid 762 tFOTS 0.0000 tGradient 1.5170 tsec 7.0330
iter 0, gcam->neg = 14
after 13 iterations, nbhd size=1, neg = 0
#GCMRL#  520 dt  25.600000 rms  0.457  0.241% neg 0  invalid 762 tFOTS 0.0000 tGradient 1.5060 tsec 8.8400
iter 0, gcam->neg = 18
after 19 iterations, nbhd size=1, neg = 0
#GCMRL#  521 dt  25.600000 rms  0.456  0.224% neg 0  invalid 762 tFOTS 0.0000 tGradient 1.4840 tsec 11.5920
iter 0, gcam->neg = 18
after 8 iterations, nbhd size=0, neg = 0
#GCMRL#  522 dt  25.600000 rms  0.455  0.227% neg 0  invalid 762 tFOTS 0.0000 tGradient 1.4830 tsec 6.6140
iter 0, gcam->neg = 10
after 2 iterations, nbhd size=0, neg = 0
#GCMRL#  523 dt  25.600000 rms  0.454  0.196% neg 0  invalid 762 tFOTS 0.0000 tGradient 1.4940 tsec 3.8330
iter 0, gcam->neg = 15
after 13 iterations, nbhd size=1, neg = 0
#GCMRL#  524 dt  25.600000 rms  0.453  0.122% neg 0  invalid 762 tFOTS 0.0000 tGradient 1.5150 tsec 8.8770
iter 0, gcam->neg = 10
after 3 iterations, nbhd size=0, neg = 0
#GCMRL#  525 dt  25.600000 rms  0.453  0.126% neg 0  invalid 762 tFOTS 0.0000 tGradient 1.5170 tsec 4.3140
iter 0, gcam->neg = 18
after 14 iterations, nbhd size=1, neg = 0
#GCMRL#  526 dt  25.600000 rms  0.452  0.139% neg 0  invalid 762 tFOTS 0.0000 tGradient 1.5060 tsec 9.3570
iter 0, gcam->neg = 22
after 14 iterations, nbhd size=1, neg = 0
#GCMRL#  527 dt  25.600000 rms  0.452  0.075% neg 0  invalid 762 tFOTS 0.0000 tGradient 1.4890 tsec 9.3290
iter 0, gcam->neg = 28
after 6 iterations, nbhd size=0, neg = 0
#GCMRL#  528 dt  25.600000 rms  0.452  0.048% neg 0  invalid 762 tFOTS 0.0000 tGradient 1.4970 tsec 5.6960
#FOTS# QuadFit found better minimum quadopt=(dt=11.2,rms=0.451326) vs oldopt=(dt=8,rms=0.451385)
iter 0, gcam->neg = 2
after 6 iterations, nbhd size=1, neg = 0
#GCMRL#  529 dt  11.200000 rms  0.451  0.060% neg 0  invalid 762 tFOTS 4.7440 tGradient 1.4910 tsec 10.0130
#FOTS# QuadFit found better minimum quadopt=(dt=44.8,rms=0.451009) vs oldopt=(dt=32,rms=0.451061)
iter 0, gcam->neg = 7
after 4 iterations, nbhd size=0, neg = 0
#GCMRL#  530 dt  44.800000 rms  0.451  0.081% neg 0  invalid 762 tFOTS 4.4000 tGradient 1.4560 tsec 8.9160
#FOTS# QuadFit found better minimum quadopt=(dt=11.2,rms=0.450984) vs oldopt=(dt=8,rms=0.450993)
iter 0, gcam->neg = 2
after 0 iterations, nbhd size=0, neg = 0
#GCMRL#  531 dt  11.200000 rms  0.451  0.000% neg 0  invalid 762 tFOTS 4.6250 tGradient 1.4380 tsec 7.4230
iter 0, gcam->neg = 2
after 1 iterations, nbhd size=0, neg = 0
#GCMRL#  532 dt  11.200000 rms  0.451  0.016% neg 0  invalid 762 tFOTS 0.0000 tGradient 1.4250 tsec 3.2240
iter 0, gcam->neg = 4
after 4 iterations, nbhd size=0, neg = 0
#GCMRL#  533 dt  11.200000 rms  0.451  0.013% neg 0  invalid 762 tFOTS 0.0000 tGradient 1.6160 tsec 4.7750
iter 0, gcam->neg = 4
after 6 iterations, nbhd size=0, neg = 0
#GCMRL#  534 dt  11.200000 rms  0.451  0.019% neg 0  invalid 762 tFOTS 0.0000 tGradient 1.5580 tsec 5.7140
iter 0, gcam->neg = 9
after 8 iterations, nbhd size=0, neg = 0

#GCAMreg# pass 0 level1 3 level2 1 tsec 218.403 sigma 0.5
l_jacobian=1.00 l_label=1.00 l_log_likelihood=0.20 l_smoothness=0.12 
tol=2.50e-01, dt=5.00e-02, exp_k=20.0, momentum=0.90, levels=6, niter=500, lbl_dist=10.00, avgs=16, sigma=0.5,type=2, relabel=0, neg=yes

blurring input image with Gaussian with sigma=0.500...
GCAMRegisterLevel(): init RMS 0.451492
iter 0, gcam->neg = 6
after 5 iterations, nbhd size=0, neg = 0
#GCMRL#  536 dt  32.000000 rms  0.449  0.563% neg 0  invalid 762 tFOTS 4.7810 tGradient 1.4580 tsec 9.7200
iter 0, gcam->neg = 3
after 7 iterations, nbhd size=0, neg = 0
#GCMRL#  537 dt  32.000000 rms  0.448  0.000% neg 0  invalid 762 tFOTS 4.5640 tGradient 1.4300 tsec 10.3320
iter 0, gcam->neg = 2
after 3 iterations, nbhd size=0, neg = 0
#GCMRL#  538 dt  32.000000 rms  0.448  0.050% neg 0  invalid 762 tFOTS 0.0000 tGradient 1.4820 tsec 4.1750
iter 0, gcam->neg = 8
after 2 iterations, nbhd size=0, neg = 0
#GCMRL#  539 dt  32.000000 rms  0.447  0.161% neg 0  invalid 762 tFOTS 0.0000 tGradient 1.4540 tsec 3.7440
iter 0, gcam->neg = 7
after 6 iterations, nbhd size=0, neg = 0
#GCMRL#  540 dt  32.000000 rms  0.446  0.134% neg 0  invalid 762 tFOTS 0.0000 tGradient 1.4460 tsec 5.4870
iter 0, gcam->neg = 10
after 7 iterations, nbhd size=0, neg = 0
#GCMRL#  541 dt  32.000000 rms  0.446  0.107% neg 0  invalid 762 tFOTS 0.0000 tGradient 1.4460 tsec 5.9820
iter 0, gcam->neg = 7
after 8 iterations, nbhd size=0, neg = 0
#GCMRL#  542 dt  32.000000 rms  0.446  0.013% neg 0  invalid 762 tFOTS 0.0000 tGradient 1.4570 tsec 6.4440
#FOTS# QuadFit found better minimum quadopt=(dt=19.2,rms=0.445615) vs oldopt=(dt=32,rms=0.445684)
#GCMRL#  543 dt  19.200000 rms  0.446  0.073% neg 0  invalid 762 tFOTS 4.8720 tGradient 1.4490 tsec 6.6450
#FOTS# QuadFit found better minimum quadopt=(dt=11.2,rms=0.445615) vs oldopt=(dt=8,rms=0.44562)
#GCMRL#  544 dt  11.200000 rms  0.446  0.000% neg 0  invalid 762 tFOTS 4.7950 tGradient 1.5040 tsec 6.6450
iter 0, gcam->neg = 1
after 3 iterations, nbhd size=0, neg = 0
#GCMRL#  545 dt  11.200000 rms  0.446  0.015% neg 0  invalid 762 tFOTS 0.0000 tGradient 1.4890 tsec 4.2620
iter 0, gcam->neg = 1
after 0 iterations, nbhd size=0, neg = 0
#GCMRL#  546 dt  11.200000 rms  0.445  0.016% neg 0  invalid 762 tFOTS 0.0000 tGradient 1.5190 tsec 2.9000
iter 0, gcam->neg = 1
after 2 iterations, nbhd size=0, neg = 0
#GCMRL#  547 dt  11.200000 rms  0.445  0.016% neg 0  invalid 762 tFOTS 0.0000 tGradient 1.4990 tsec 3.8190
iter 0, gcam->neg = 1
after 5 iterations, nbhd size=0, neg = 0
#GCMRL#  548 dt  11.200000 rms  0.445  0.015% neg 0  invalid 762 tFOTS 0.0000 tGradient 1.5370 tsec 5.1320
iter 0, gcam->neg = 1
after 2 iterations, nbhd size=0, neg = 0
setting smoothness cost coefficient to 0.400

#GCAMreg# pass 0 level1 2 level2 0 tsec 0 sigma 2
l_jacobian=1.00 l_label=1.00 l_log_likelihood=0.20 l_smoothness=0.40 
tol=2.50e-01, dt=5.00e-02, exp_k=20.0, momentum=0.90, levels=6, niter=500, lbl_dist=10.00, avgs=4, sigma=2.0,type=2, relabel=0, neg=yes

blurring input image with Gaussian with sigma=2.000...
GCAMRegisterLevel(): init RMS 0.455362
#GCMRL#  550 dt   0.000113 rms  0.455  0.173% neg 0  invalid 762 tFOTS 5.8090 tGradient 1.4350 tsec 7.5700

#GCAMreg# pass 0 level1 2 level2 1 tsec 21.338 sigma 0.5
l_jacobian=1.00 l_label=1.00 l_log_likelihood=0.20 l_smoothness=0.40 
tol=2.50e-01, dt=5.00e-02, exp_k=20.0, momentum=0.90, levels=6, niter=500, lbl_dist=10.00, avgs=4, sigma=0.5,type=2, relabel=0, neg=yes

blurring input image with Gaussian with sigma=0.500...
GCAMRegisterLevel(): init RMS 0.455362
#GCMRL#  552 dt   0.000000 rms  0.455  0.173% neg 0  invalid 762 tFOTS 4.3730 tGradient 1.4390 tsec 6.1340
setting smoothness cost coefficient to 1.000

#GCAMreg# pass 0 level1 1 level2 0 tsec 0 sigma 2
l_jacobian=1.00 l_label=1.00 l_log_likelihood=0.20 l_smoothness=1.00 
tol=2.50e-01, dt=5.00e-02, exp_k=20.0, momentum=0.90, levels=6, niter=500, lbl_dist=10.00, avgs=1, sigma=2.0,type=2, relabel=0, neg=yes

blurring input image with Gaussian with sigma=2.000...
GCAMRegisterLevel(): init RMS 0.474496
iter 0, gcam->neg = 1
after 0 iterations, nbhd size=0, neg = 0
#GCMRL#  554 dt   1.280000 rms  0.471  0.647% neg 0  invalid 762 tFOTS 4.5160 tGradient 1.2880 tsec 6.9660
#FOTS# QuadFit found better minimum quadopt=(dt=0.448,rms=0.471276) vs oldopt=(dt=0.32,rms=0.471291)
#GCMRL#  555 dt   0.448000 rms  0.471  0.000% neg 0  invalid 762 tFOTS 4.5740 tGradient 1.2870 tsec 6.2040

#GCAMreg# pass 0 level1 1 level2 1 tsec 22.48 sigma 0.5
l_jacobian=1.00 l_label=1.00 l_log_likelihood=0.20 l_smoothness=1.00 
tol=2.50e-01, dt=5.00e-02, exp_k=20.0, momentum=0.90, levels=6, niter=500, lbl_dist=10.00, avgs=1, sigma=0.5,type=2, relabel=0, neg=yes

blurring input image with Gaussian with sigma=0.500...
GCAMRegisterLevel(): init RMS 0.472013
#FOTS# QuadFit found better minimum quadopt=(dt=1.024,rms=0.470772) vs oldopt=(dt=1.28,rms=0.470823)
iter 0, gcam->neg = 1
after 1 iterations, nbhd size=0, neg = 0
#GCMRL#  557 dt   1.024000 rms  0.471  0.262% neg 0  invalid 762 tFOTS 4.6820 tGradient 1.2710 tsec 7.4140
#FOTS# QuadFit found better minimum quadopt=(dt=0.112,rms=0.470769) vs oldopt=(dt=0.08,rms=0.470771)
#GCMRL#  558 dt   0.112000 rms  0.471  0.000% neg 0  invalid 762 tFOTS 4.3570 tGradient 1.2500 tsec 5.9520
#GCMRL#  559 dt   0.112000 rms  0.471  0.002% neg 0  invalid 762 tFOTS 0.0000 tGradient 1.2620 tsec 1.5690
resetting metric properties...
setting smoothness cost coefficient to 2.000

#GCAMreg# pass 0 level1 0 level2 0 tsec 0 sigma 2
l_jacobian=1.00 l_label=1.00 l_log_likelihood=0.20 l_smoothness=2.00 
tol=2.50e-01, dt=5.00e-02, exp_k=20.0, momentum=0.90, levels=6, niter=500, lbl_dist=10.00, avgs=0, sigma=2.0,type=2, relabel=0, neg=yes

blurring input image with Gaussian with sigma=2.000...
GCAMRegisterLevel(): init RMS 0.454477
#FOTS# QuadFit found better minimum quadopt=(dt=2.12778,rms=0.424927) vs oldopt=(dt=1.28,rms=0.429708)
iter 0, gcam->neg = 854
after 15 iterations, nbhd size=1, neg = 0
#GCMRL#  561 dt   2.127784 rms  0.426  6.323% neg 0  invalid 762 tFOTS 4.6800 tGradient 0.7900 tsec 11.9830
#FOTS# QuadFit found better minimum quadopt=(dt=0.028,rms=0.425653) vs oldopt=(dt=0.02,rms=0.425664)
#GCMRL#  562 dt   0.028000 rms  0.426  0.000% neg 0  invalid 762 tFOTS 4.6830 tGradient 0.8790 tsec 5.8850
#GCMRL#  563 dt   0.028000 rms  0.426  0.002% neg 0  invalid 762 tFOTS 0.0000 tGradient 0.8300 tsec 1.1310

#GCAMreg# pass 0 level1 0 level2 1 tsec 27.816 sigma 0.5
l_jacobian=1.00 l_label=1.00 l_log_likelihood=0.20 l_smoothness=2.00 
tol=2.50e-01, dt=5.00e-02, exp_k=20.0, momentum=0.90, levels=6, niter=500, lbl_dist=10.00, avgs=0, sigma=0.5,type=2, relabel=0, neg=yes

blurring input image with Gaussian with sigma=0.500...
GCAMRegisterLevel(): init RMS 0.426586
#FOTS# QuadFit found better minimum quadopt=(dt=0.028,rms=0.425595) vs oldopt=(dt=0.02,rms=0.425603)
#GCMRL#  565 dt   0.028000 rms  0.426  0.232% neg 0  invalid 762 tFOTS 4.3740 tGradient 0.8160 tsec 5.5030
#FOTS# QuadFit found better minimum quadopt=(dt=0.007,rms=0.425598) vs oldopt=(dt=0.005,rms=0.425598)
label assignment complete, 0 changed (0.00%)
GCAMregister done in 9.28175 min
Starting GCAMcomputeMaxPriorLabels()
Morphing with label term set to 0 *******************************
Starting GCAMregister()
label assignment complete, 0 changed (0.00%)
npasses = 1, nlevels = 6
#pass# 1 of 1 ************************
enabling zero nodes
setting smoothness cost coefficient to 0.008

#GCAMreg# pass 0 level1 5 level2 0 tsec 0 sigma 2
l_jacobian=1.00 l_log_likelihood=0.20 l_smoothness=0.01 
tol=2.50e-01, dt=5.00e-02, exp_k=20.0, momentum=0.90, levels=6, niter=500, lbl_dist=10.00, avgs=256, sigma=2.0,type=2, relabel=0, neg=yes

blurring input image with Gaussian with sigma=2.000...
GCAMRegisterLevel(): init RMS 0.411395

#GCAMreg# pass 0 level1 5 level2 1 tsec 13.561 sigma 0.5
l_jacobian=1.00 l_log_likelihood=0.20 l_smoothness=0.01 
tol=2.50e-01, dt=5.00e-02, exp_k=20.0, momentum=0.90, levels=6, niter=500, lbl_dist=10.00, avgs=256, sigma=0.5,type=2, relabel=0, neg=yes

blurring input image with Gaussian with sigma=0.500...
GCAMRegisterLevel(): init RMS 0.411395
#FOTS# QuadFit found better minimum quadopt=(dt=32.368,rms=0.411351) vs oldopt=(dt=23.12,rms=0.41136)
#GCMRL#  568 dt  32.368000 rms  0.411  0.011% neg 0  invalid 762 tFOTS 4.3310 tGradient 1.5280 tsec 6.1630
#FOTS# QuadFit found better minimum quadopt=(dt=32.368,rms=0.411336) vs oldopt=(dt=23.12,rms=0.411339)
#GCMRL#  569 dt  32.368000 rms  0.411  0.000% neg 0  invalid 762 tFOTS 4.3890 tGradient 1.5280 tsec 6.2450
#GCMRL#  570 dt  32.368000 rms  0.411  0.002% neg 0  invalid 762 tFOTS 0.0000 tGradient 1.5280 tsec 1.8180
#GCMRL#  571 dt  32.368000 rms  0.411  0.001% neg 0  invalid 762 tFOTS 0.0000 tGradient 1.5170 tsec 1.7960
setting smoothness cost coefficient to 0.031

#GCAMreg# pass 0 level1 4 level2 0 tsec 0 sigma 2
l_jacobian=1.00 l_log_likelihood=0.20 l_smoothness=0.03 
tol=2.50e-01, dt=5.00e-02, exp_k=20.0, momentum=0.90, levels=6, niter=500, lbl_dist=10.00, avgs=64, sigma=2.0,type=2, relabel=0, neg=yes

blurring input image with Gaussian with sigma=2.000...
GCAMRegisterLevel(): init RMS 0.4115

#GCAMreg# pass 0 level1 4 level2 1 tsec 13.221 sigma 0.5
l_jacobian=1.00 l_log_likelihood=0.20 l_smoothness=0.03 
tol=2.50e-01, dt=5.00e-02, exp_k=20.0, momentum=0.90, levels=6, niter=500, lbl_dist=10.00, avgs=64, sigma=0.5,type=2, relabel=0, neg=yes

blurring input image with Gaussian with sigma=0.500...
GCAMRegisterLevel(): init RMS 0.4115
#GCMRL#  574 dt 103.680000 rms  0.411  0.116% neg 0  invalid 762 tFOTS 4.1190 tGradient 1.1970 tsec 5.6160
#FOTS# QuadFit found better minimum quadopt=(dt=124.416,rms=0.410645) vs oldopt=(dt=103.68,rms=0.410645)
#GCMRL#  575 dt 124.416000 rms  0.411  0.000% neg 0  invalid 762 tFOTS 4.1200 tGradient 1.1960 tsec 5.6380
setting smoothness cost coefficient to 0.118

#GCAMreg# pass 0 level1 3 level2 0 tsec 0 sigma 2
l_jacobian=1.00 l_log_likelihood=0.20 l_smoothness=0.12 
tol=2.50e-01, dt=5.00e-02, exp_k=20.0, momentum=0.90, levels=6, niter=500, lbl_dist=10.00, avgs=16, sigma=2.0,type=2, relabel=0, neg=yes

blurring input image with Gaussian with sigma=2.000...
GCAMRegisterLevel(): init RMS 0.411326
#FOTS# QuadFit found better minimum quadopt=(dt=19.2,rms=0.41075) vs oldopt=(dt=32,rms=0.410923)
iter 0, gcam->neg = 1
after 0 iterations, nbhd size=0, neg = 0
#GCMRL#  577 dt  19.200000 rms  0.411  0.140% neg 0  invalid 762 tFOTS 4.3300 tGradient 1.0510 tsec 6.6270
#FOTS# QuadFit found better minimum quadopt=(dt=44.8,rms=0.409948) vs oldopt=(dt=32,rms=0.410011)
iter 0, gcam->neg = 16
after 12 iterations, nbhd size=1, neg = 0
#GCMRL#  578 dt  44.800000 rms  0.410  0.168% neg 0  invalid 762 tFOTS 4.2910 tGradient 1.0420 tsec 11.6910
iter 0, gcam->neg = 72
after 18 iterations, nbhd size=1, neg = 0
#GCMRL#  579 dt 128.000000 rms  0.408  0.510% neg 0  invalid 762 tFOTS 4.2870 tGradient 1.0310 tsec 14.2690
#FOTS# QuadFit found better minimum quadopt=(dt=11.2,rms=0.407884) vs oldopt=(dt=8,rms=0.407895)
iter 0, gcam->neg = 1
after 0 iterations, nbhd size=0, neg = 0
#GCMRL#  580 dt  11.200000 rms  0.408  0.000% neg 0  invalid 762 tFOTS 4.3160 tGradient 1.0520 tsec 6.6860
iter 0, gcam->neg = 2
after 0 iterations, nbhd size=0, neg = 0
#GCMRL#  581 dt  11.200000 rms  0.408  0.013% neg 0  invalid 762 tFOTS 0.0000 tGradient 1.0450 tsec 2.4020
iter 0, gcam->neg = 5
after 3 iterations, nbhd size=0, neg = 0
#GCMRL#  582 dt  11.200000 rms  0.408  0.007% neg 0  invalid 762 tFOTS 0.0000 tGradient 1.3520 tsec 4.1200
iter 0, gcam->neg = 8
after 5 iterations, nbhd size=0, neg = 0
#GCMRL#  583 dt  11.200000 rms  0.408  0.019% neg 0  invalid 762 tFOTS 0.0000 tGradient 1.3150 tsec 5.0020
iter 0, gcam->neg = 7
after 11 iterations, nbhd size=1, neg = 0
#GCMRL#  584 dt  11.200000 rms  0.408  0.047% neg 0  invalid 762 tFOTS 0.0000 tGradient 1.1440 tsec 7.4150
iter 0, gcam->neg = 18
after 12 iterations, nbhd size=1, neg = 0
#GCMRL#  585 dt  11.200000 rms  0.407  0.083% neg 0  invalid 762 tFOTS 0.0000 tGradient 1.1020 tsec 7.6550
iter 0, gcam->neg = 12
after 2 iterations, nbhd size=0, neg = 0
#GCMRL#  586 dt  11.200000 rms  0.407  0.112% neg 0  invalid 762 tFOTS 0.0000 tGradient 1.0850 tsec 3.4370
iter 0, gcam->neg = 9
after 9 iterations, nbhd size=1, neg = 0
#GCMRL#  587 dt  11.200000 rms  0.406  0.098% neg 0  invalid 762 tFOTS 0.0000 tGradient 1.0730 tsec 6.6300
#FOTS# QuadFit found better minimum quadopt=(dt=44.8,rms=0.406249) vs oldopt=(dt=32,rms=0.406258)
iter 0, gcam->neg = 7
after 7 iterations, nbhd size=1, neg = 0

#GCAMreg# pass 0 level1 3 level2 1 tsec 93.358 sigma 0.5
l_jacobian=1.00 l_log_likelihood=0.20 l_smoothness=0.12 
tol=2.50e-01, dt=5.00e-02, exp_k=20.0, momentum=0.90, levels=6, niter=500, lbl_dist=10.00, avgs=16, sigma=0.5,type=2, relabel=0, neg=yes

blurring input image with Gaussian with sigma=0.500...
GCAMRegisterLevel(): init RMS 0.406326
#FOTS# QuadFit found better minimum quadopt=(dt=38.4,rms=0.403995) vs oldopt=(dt=32,rms=0.40405)
iter 0, gcam->neg = 6
after 0 iterations, nbhd size=0, neg = 0
#GCMRL#  589 dt  38.400000 rms  0.404  0.568% neg 0  invalid 762 tFOTS 4.9330 tGradient 1.0720 tsec 7.3160
#FOTS# QuadFit found better minimum quadopt=(dt=38.4,rms=0.402947) vs oldopt=(dt=32,rms=0.402962)
iter 0, gcam->neg = 5
after 0 iterations, nbhd size=0, neg = 0
#GCMRL#  590 dt  38.400000 rms  0.403  0.263% neg 0  invalid 762 tFOTS 5.2310 tGradient 1.3110 tsec 7.8770
#FOTS# QuadFit found better minimum quadopt=(dt=25.6,rms=0.402483) vs oldopt=(dt=32,rms=0.402502)
iter 0, gcam->neg = 3
after 1 iterations, nbhd size=0, neg = 0
#GCMRL#  591 dt  25.600000 rms  0.402  0.000% neg 0  invalid 762 tFOTS 4.8830 tGradient 1.3220 tsec 8.0280
iter 0, gcam->neg = 1
after 8 iterations, nbhd size=1, neg = 0
#GCMRL#  592 dt  25.600000 rms  0.402  0.049% neg 0  invalid 762 tFOTS 0.0000 tGradient 1.0590 tsec 5.9680
iter 0, gcam->neg = 1
after 0 iterations, nbhd size=0, neg = 0
#GCMRL#  593 dt  25.600000 rms  0.402  0.118% neg 0  invalid 762 tFOTS 0.0000 tGradient 1.0680 tsec 2.4390
iter 0, gcam->neg = 2
after 1 iterations, nbhd size=0, neg = 0
#GCMRL#  594 dt  25.600000 rms  0.401  0.135% neg 0  invalid 762 tFOTS 0.0000 tGradient 1.3370 tsec 3.2620
iter 0, gcam->neg = 6
after 10 iterations, nbhd size=1, neg = 0
#GCMRL#  595 dt  25.600000 rms  0.401  0.097% neg 0  invalid 762 tFOTS 0.0000 tGradient 1.0870 tsec 6.8500
iter 0, gcam->neg = 3
after 2 iterations, nbhd size=0, neg = 0
#GCMRL#  596 dt  25.600000 rms  0.400  0.120% neg 0  invalid 762 tFOTS 0.0000 tGradient 1.0640 tsec 3.4130
iter 0, gcam->neg = 2
after 0 iterations, nbhd size=0, neg = 0
#GCMRL#  597 dt  25.600000 rms  0.400  0.118% neg 0  invalid 762 tFOTS 0.0000 tGradient 1.0600 tsec 2.4780
#FOTS# QuadFit found better minimum quadopt=(dt=44.8,rms=0.399782) vs oldopt=(dt=32,rms=0.399812)
iter 0, gcam->neg = 4
after 2 iterations, nbhd size=0, neg = 0
#GCMRL#  598 dt  44.800000 rms  0.400  0.000% neg 0  invalid 762 tFOTS 4.3900 tGradient 1.0650 tsec 7.8880
#GCMRL#  599 dt  44.800000 rms  0.400  0.041% neg 0  invalid 762 tFOTS 0.0000 tGradient 1.0670 tsec 1.3580
iter 0, gcam->neg = 2
after 3 iterations, nbhd size=0, neg = 0
#GCMRL#  600 dt  44.800000 rms  0.399  0.057% neg 0  invalid 762 tFOTS 0.0000 tGradient 1.0640 tsec 3.8050
iter 0, gcam->neg = 8
after 13 iterations, nbhd size=0, neg = 0
#GCMRL#  601 dt  44.800000 rms  0.399  0.037% neg 0  invalid 762 tFOTS 0.0000 tGradient 1.0720 tsec 8.4520
iter 0, gcam->neg = 6
after 2 iterations, nbhd size=0, neg = 0
#GCMRL#  602 dt  44.800000 rms  0.399  0.076% neg 0  invalid 762 tFOTS 0.0000 tGradient 1.0700 tsec 3.3600
iter 0, gcam->neg = 3
after 3 iterations, nbhd size=0, neg = 0
setting smoothness cost coefficient to 0.400

#GCAMreg# pass 0 level1 2 level2 0 tsec 0 sigma 2
l_jacobian=1.00 l_log_likelihood=0.20 l_smoothness=0.40 
tol=2.50e-01, dt=5.00e-02, exp_k=20.0, momentum=0.90, levels=6, niter=500, lbl_dist=10.00, avgs=4, sigma=2.0,type=2, relabel=0, neg=yes

blurring input image with Gaussian with sigma=2.000...
GCAMRegisterLevel(): init RMS 0.403505
#FOTS# QuadFit found better minimum quadopt=(dt=0.000140625,rms=0.403505) vs oldopt=(dt=0.000175781,rms=0.403505)
#GCMRL#  604 dt   0.000141 rms  0.404  0.000% neg 0  invalid 762 tFOTS 5.5860 tGradient 0.9760 tsec 6.8720

#GCAMreg# pass 0 level1 2 level2 1 tsec 20.158 sigma 0.5
l_jacobian=1.00 l_log_likelihood=0.20 l_smoothness=0.40 
tol=2.50e-01, dt=5.00e-02, exp_k=20.0, momentum=0.90, levels=6, niter=500, lbl_dist=10.00, avgs=4, sigma=0.5,type=2, relabel=0, neg=yes

blurring input image with Gaussian with sigma=0.500...
GCAMRegisterLevel(): init RMS 0.403505
#FOTS# QuadFit found better minimum quadopt=(dt=2.304,rms=0.403465) vs oldopt=(dt=2.88,rms=0.403467)
#GCMRL#  606 dt   2.304000 rms  0.403  0.010% neg 0  invalid 762 tFOTS 4.6230 tGradient 0.9830 tsec 5.9150
#FOTS# QuadFit found better minimum quadopt=(dt=1.728,rms=0.403446) vs oldopt=(dt=2.88,rms=0.403452)
#GCMRL#  607 dt   1.728000 rms  0.403  0.000% neg 0  invalid 762 tFOTS 4.6900 tGradient 0.9750 tsec 6.0000
#GCMRL#  608 dt   1.728000 rms  0.403  0.002% neg 0  invalid 762 tFOTS 0.0000 tGradient 0.9810 tsec 1.2760
iter 0, gcam->neg = 2
after 0 iterations, nbhd size=0, neg = 0
setting smoothness cost coefficient to 1.000

#GCAMreg# pass 0 level1 1 level2 0 tsec 0 sigma 2
l_jacobian=1.00 l_log_likelihood=0.20 l_smoothness=1.00 
tol=2.50e-01, dt=5.00e-02, exp_k=20.0, momentum=0.90, levels=6, niter=500, lbl_dist=10.00, avgs=1, sigma=2.0,type=2, relabel=0, neg=yes

blurring input image with Gaussian with sigma=2.000...
GCAMRegisterLevel(): init RMS 0.412498

#GCAMreg# pass 0 level1 1 level2 1 tsec 13.26 sigma 0.5
l_jacobian=1.00 l_log_likelihood=0.20 l_smoothness=1.00 
tol=2.50e-01, dt=5.00e-02, exp_k=20.0, momentum=0.90, levels=6, niter=500, lbl_dist=10.00, avgs=1, sigma=0.5,type=2, relabel=0, neg=yes

blurring input image with Gaussian with sigma=0.500...
GCAMRegisterLevel(): init RMS 0.412498
resetting metric properties...
setting smoothness cost coefficient to 2.000

#GCAMreg# pass 0 level1 0 level2 0 tsec 0 sigma 2
l_jacobian=1.00 l_log_likelihood=0.20 l_smoothness=2.00 
tol=2.50e-01, dt=5.00e-02, exp_k=20.0, momentum=0.90, levels=6, niter=500, lbl_dist=10.00, avgs=0, sigma=2.0,type=2, relabel=0, neg=yes

blurring input image with Gaussian with sigma=2.000...
GCAMRegisterLevel(): init RMS 0.397282
#FOTS# QuadFit found better minimum quadopt=(dt=0.93319,rms=0.389804) vs oldopt=(dt=1.28,rms=0.390977)
iter 0, gcam->neg = 602
after 21 iterations, nbhd size=1, neg = 0
#GCMRL#  612 dt   0.933190 rms  0.391  1.545% neg 0  invalid 762 tFOTS 4.6450 tGradient 0.3860 tsec 13.9630
#GCMRL#  613 dt   0.020000 rms  0.391  0.000% neg 0  invalid 762 tFOTS 4.6520 tGradient 0.3870 tsec 5.3720

#GCAMreg# pass 0 level1 0 level2 1 tsec 27.646 sigma 0.5
l_jacobian=1.00 l_log_likelihood=0.20 l_smoothness=2.00 
tol=2.50e-01, dt=5.00e-02, exp_k=20.0, momentum=0.90, levels=6, niter=500, lbl_dist=10.00, avgs=0, sigma=0.5,type=2, relabel=0, neg=yes

blurring input image with Gaussian with sigma=0.500...
GCAMRegisterLevel(): init RMS 0.391137
#FOTS# QuadFit found better minimum quadopt=(dt=0.112,rms=0.390825) vs oldopt=(dt=0.08,rms=0.390882)
#GCMRL#  615 dt   0.112000 rms  0.391  0.080% neg 0  invalid 762 tFOTS 4.6430 tGradient 0.3890 tsec 5.3430
#FOTS# QuadFit found better minimum quadopt=(dt=0.256,rms=0.390512) vs oldopt=(dt=0.32,rms=0.39055)
#GCMRL#  616 dt   0.256000 rms  0.391  0.080% neg 0  invalid 762 tFOTS 4.6540 tGradient 0.3820 tsec 5.3490
#FOTS# QuadFit found better minimum quadopt=(dt=0.448,rms=0.389882) vs oldopt=(dt=0.32,rms=0.389948)
iter 0, gcam->neg = 5
after 3 iterations, nbhd size=0, neg = 0
#GCMRL#  617 dt   0.448000 rms  0.390  0.153% neg 0  invalid 762 tFOTS 4.6450 tGradient 0.3920 tsec 7.1450
#FOTS# QuadFit found better minimum quadopt=(dt=0.256,rms=0.389744) vs oldopt=(dt=0.32,rms=0.389745)
#GCMRL#  618 dt   0.256000 rms  0.390  0.000% neg 0  invalid 762 tFOTS 4.7400 tGradient 0.3820 tsec 5.4610
#GCMRL#  619 dt   0.256000 rms  0.389  0.119% neg 0  invalid 762 tFOTS 0.0000 tGradient 0.3820 tsec 0.6870
iter 0, gcam->neg = 1
after 0 iterations, nbhd size=0, neg = 0
#GCMRL#  620 dt   0.256000 rms  0.389  0.123% neg 0  invalid 762 tFOTS 0.0000 tGradient 0.3830 tsec 1.4240
iter 0, gcam->neg = 1
after 0 iterations, nbhd size=0, neg = 0
#GCMRL#  621 dt   0.256000 rms  0.388  0.094% neg 0  invalid 762 tFOTS 0.0000 tGradient 0.3820 tsec 1.4290
iter 0, gcam->neg = 18
after 5 iterations, nbhd size=0, neg = 0
GCAMregister done in 5.78933 min
writing output transformation to transforms/talairach.m3z...
GCAMwrite
Calls to gcamLogLikelihoodEnergy 4544 tmin = 1.77823
Calls to gcamLabelEnergy         3935 tmin = 1.35212
Calls to gcamJacobianEnergy      4544 tmin = 0.86735
Calls to gcamSmoothnessEnergy    4544 tmin = 5.29352
Calls to gcamLogLikelihoodTerm 623 tmin = 0.8785
Calls to gcamLabelTerm         567 tmin = 5.40055
Calls to gcamJacobianTerm      623 tmin = 1.13115
Calls to gcamSmoothnessTerm    623 tmin = 0.458
Calls to gcamComputeGradient    623 tmin = 18.9091
Calls to gcamComputeMetricProperties    6707 tmin = 2.33658
mri_ca_register took 0 hours, 49 minutes and 48 seconds.
#VMPC# mri_ca_register VmPeak  3131948
FSRUNTIME@ mri_ca_register  0.8301 hours 16 threads
#--------------------------------------
#@# SubCort Seg Wed Mar 11 12:14:56 CET 2026

 mri_ca_label -relabel_unlikely 9 .3 -prior 0.5 -align norm.mgz transforms/talairach.m3z /opt/freesurfer/average/RB_all_2020-01-02.gca aseg.auto_noCCseg.mgz 

sysname  Linux
hostname dna048
machine  x86_64

setenv SUBJECTS_DIR /out/sourcedata/freesurfer
cd /out/sourcedata/freesurfer/sub-v2s16x51274_ses-1/mri
mri_ca_label -relabel_unlikely 9 .3 -prior 0.5 -align norm.mgz transforms/talairach.m3z /opt/freesurfer/average/RB_all_2020-01-02.gca aseg.auto_noCCseg.mgz 

relabeling unlikely voxels with window_size = 9 and prior threshold 0.30
using Gibbs prior factor = 0.500
renormalizing sequences with structure alignment, equivalent to:
	-renormalize
	-renormalize_mean 0.500
	-regularize 0.500

== Number of threads available to for OpenMP = 16 == 
reading 1 input volumes
reading classifier array from /opt/freesurfer/average/RB_all_2020-01-02.gca
reading input volume from norm.mgz
average std[0] = 7.2
reading transform from transforms/talairach.m3z
setting orig areas to linear transform determinant scaled 6.24
Atlas used for the 3D morph was /opt/freesurfer/average/RB_all_2020-01-02.gca
average std = 7.2   using min determinant for regularization = 5.2
0 singular and 0 ill-conditioned covariance matrices regularized
labeling volume...
renormalizing by structure alignment....
renormalizing input #0
gca peak = 0.15521 (20)
mri peak = 0.08981 ( 9)
Left_Lateral_Ventricle (4): linear fit = 0.44 x + 0.0 (411 voxels, overlap=0.016)
Left_Lateral_Ventricle (4): linear fit = 0.44 x + 0.0 (411 voxels, peak =  9), gca=8.9
gca peak = 0.20380 (13)
mri peak = 0.05326 (12)
Right_Lateral_Ventricle (43): linear fit = 0.87 x + 0.0 (223 voxels, overlap=0.495)
Right_Lateral_Ventricle (43): linear fit = 0.87 x + 0.0 (223 voxels, peak = 11), gca=11.2
gca peak = 0.26283 (96)
mri peak = 0.25830 (96)
Right_Pallidum (52): linear fit = 0.99 x + 0.0 (813 voxels, overlap=0.897)
Right_Pallidum (52): linear fit = 0.99 x + 0.0 (813 voxels, peak = 95), gca=94.6
gca peak = 0.15814 (97)
mri peak = 0.20314 (98)
Left_Pallidum (13): linear fit = 1.03 x + 0.0 (827 voxels, overlap=0.861)
Left_Pallidum (13): linear fit = 1.03 x + 0.0 (827 voxels, peak = 100), gca=100.4
gca peak = 0.27624 (56)
mri peak = 0.13100 (61)
Right_Hippocampus (53): linear fit = 1.03 x + 0.0 (1026 voxels, overlap=0.893)
Right_Hippocampus (53): linear fit = 1.03 x + 0.0 (1026 voxels, peak = 58), gca=58.0
gca peak = 0.28723 (59)
mri peak = 0.13528 (59)
Left_Hippocampus (17): linear fit = 0.99 x + 0.0 (962 voxels, overlap=1.009)
Left_Hippocampus (17): linear fit = 0.99 x + 0.0 (962 voxels, peak = 58), gca=58.1
gca peak = 0.07623 (103)
mri peak = 0.14320 (105)
Right_Cerebral_White_Matter (41): linear fit = 1.01 x + 0.0 (45113 voxels, overlap=0.665)
Right_Cerebral_White_Matter (41): linear fit = 1.01 x + 0.0 (45113 voxels, peak = 105), gca=104.5
gca peak = 0.07837 (105)
mri peak = 0.20645 (106)
Left_Cerebral_White_Matter (2): linear fit = 1.01 x + 0.0 (45914 voxels, overlap=0.525)
Left_Cerebral_White_Matter (2): linear fit = 1.01 x + 0.0 (45914 voxels, peak = 107), gca=106.6
gca peak = 0.10165 (58)
mri peak = 0.05946 (52)
Left_Cerebral_Cortex (3): linear fit = 0.88 x + 0.0 (30873 voxels, overlap=0.718)
Left_Cerebral_Cortex (3): linear fit = 0.88 x + 0.0 (30873 voxels, peak = 51), gca=50.8
gca peak = 0.11113 (58)
mri peak = 0.06308 (51)
Right_Cerebral_Cortex (42): linear fit = 0.88 x + 0.0 (30430 voxels, overlap=0.748)
Right_Cerebral_Cortex (42): linear fit = 0.88 x + 0.0 (30430 voxels, peak = 51), gca=51.3
gca peak = 0.27796 (67)
mri peak = 0.17874 (69)
Right_Caudate (50): linear fit = 1.01 x + 0.0 (851 voxels, overlap=1.002)
Right_Caudate (50): linear fit = 1.01 x + 0.0 (851 voxels, peak = 68), gca=68.0
gca peak = 0.14473 (69)
mri peak = 0.18559 (72)
Left_Caudate (11): linear fit = 0.93 x + 0.0 (819 voxels, overlap=0.588)
Left_Caudate (11): linear fit = 0.93 x + 0.0 (819 voxels, peak = 64), gca=63.8
gca peak = 0.14301 (56)
mri peak = 0.07046 (50)
Left_Cerebellum_Cortex (8): linear fit = 0.94 x + 0.0 (27190 voxels, overlap=0.892)
Left_Cerebellum_Cortex (8): linear fit = 0.94 x + 0.0 (27190 voxels, peak = 53), gca=52.9
gca peak = 0.14610 (55)
mri peak = 0.06500 (51)
Right_Cerebellum_Cortex (47): linear fit = 0.89 x + 0.0 (29829 voxels, overlap=0.983)
Right_Cerebellum_Cortex (47): linear fit = 0.89 x + 0.0 (29829 voxels, peak = 49), gca=49.2
gca peak = 0.16309 (85)
mri peak = 0.10082 (89)
Left_Cerebellum_White_Matter (7): linear fit = 1.07 x + 0.0 (7298 voxels, overlap=0.562)
Left_Cerebellum_White_Matter (7): linear fit = 1.07 x + 0.0 (7298 voxels, peak = 91), gca=90.5
gca peak = 0.15172 (84)
mri peak = 0.10751 (93)
Right_Cerebellum_White_Matter (46): linear fit = 1.10 x + 0.0 (7870 voxels, overlap=0.589)
Right_Cerebellum_White_Matter (46): linear fit = 1.10 x + 0.0 (7870 voxels, peak = 92), gca=92.0
gca peak = 0.30461 (58)
mri peak = 0.15860 (63)
Left_Amygdala (18): linear fit = 1.12 x + 0.0 (368 voxels, overlap=0.504)
Left_Amygdala (18): linear fit = 1.12 x + 0.0 (368 voxels, peak = 65), gca=64.7
gca peak = 0.32293 (57)
mri peak = 0.15608 (63)
Right_Amygdala (54): linear fit = 1.12 x + 0.0 (384 voxels, overlap=0.041)
Right_Amygdala (54): linear fit = 1.12 x + 0.0 (384 voxels, peak = 64), gca=63.6
gca peak = 0.11083 (90)
mri peak = 0.06771 (83)
Left_Thalamus (10): linear fit = 1.03 x + 0.0 (4785 voxels, overlap=0.889)
Left_Thalamus (10): linear fit = 1.03 x + 0.0 (4785 voxels, peak = 93), gca=93.1
gca peak = 0.11393 (83)
mri peak = 0.08015 (89)
Right_Thalamus (49): linear fit = 1.05 x + 0.0 (4996 voxels, overlap=0.899)
Right_Thalamus (49): linear fit = 1.05 x + 0.0 (4996 voxels, peak = 88), gca=87.6
gca peak = 0.08575 (81)
mri peak = 0.12719 (83)
Left_Putamen (12): linear fit = 1.04 x + 0.0 (2334 voxels, overlap=0.685)
Left_Putamen (12): linear fit = 1.04 x + 0.0 (2334 voxels, peak = 85), gca=84.6
gca peak = 0.08618 (78)
mri peak = 0.14980 (79)
Right_Putamen (51): linear fit = 1.01 x + 0.0 (2630 voxels, overlap=0.832)
Right_Putamen (51): linear fit = 1.01 x + 0.0 (2630 voxels, peak = 79), gca=79.2
gca peak = 0.08005 (78)
mri peak = 0.09036 (96)
Brain_Stem (16): linear fit = 1.17 x + 0.0 (12461 voxels, overlap=0.099)
Brain_Stem (16): linear fit = 1.17 x + 0.0 (12461 voxels, peak = 92), gca=91.6
gca peak = 0.12854 (88)
mri peak = 0.13716 (100)
Right_VentralDC (60): linear fit = 1.13 x + 0.0 (1691 voxels, overlap=0.214)
Right_VentralDC (60): linear fit = 1.13 x + 0.0 (1691 voxels, peak = 100), gca=99.9
gca peak = 0.15703 (87)
mri peak = 0.12682 (100)
Left_VentralDC (28): linear fit = 1.13 x + 0.0 (1629 voxels, overlap=0.246)
Left_VentralDC (28): linear fit = 1.13 x + 0.0 (1629 voxels, peak = 99), gca=98.7
gca peak = 0.17522 (25)
mri peak = 0.27290 (19)
gca peak = 0.17113 (14)
mri peak = 0.21111 (14)
Fourth_Ventricle (15): linear fit = 0.89 x + 0.0 (178 voxels, overlap=0.707)
Fourth_Ventricle (15): linear fit = 0.89 x + 0.0 (178 voxels, peak = 13), gca=12.5
gca peak Unknown = 0.94777 ( 0)
gca peak Left_Inf_Lat_Vent = 0.16627 (28)
gca peak Third_Ventricle = 0.17522 (25)
gca peak CSF = 0.20346 (36)
gca peak Left_Accumbens_area = 0.70646 (62)
gca peak Left_undetermined = 1.00000 (28)
gca peak Left_vessel = 0.89917 (53)
gca peak Left_choroid_plexus = 0.11689 (35)
gca peak Right_Inf_Lat_Vent = 0.25504 (23)
gca peak Right_Accumbens_area = 0.31650 (65)
gca peak Right_vessel = 0.77268 (52)
gca peak Right_choroid_plexus = 0.13275 (38)
gca peak Fifth_Ventricle = 0.60973 (33)
gca peak WM_hypointensities = 0.11013 (77)
gca peak non_WM_hypointensities = 0.11354 (41)
gca peak Optic_Chiasm = 0.51646 (76)
not using caudate to estimate GM means
estimating mean gm scale to be 1.00 x + 0.0
estimating mean wm scale to be 1.01 x + 0.0
estimating mean csf scale to be 0.73 x + 0.0
saving intensity scales to aseg.auto_noCCseg.label_intensities.txt
renormalizing by structure alignment....
renormalizing input #0
gca peak = 0.31198 ( 8)
mri peak = 0.08981 ( 9)
Left_Lateral_Ventricle (4): linear fit = 1.05 x + 0.0 (411 voxels, overlap=0.987)
Left_Lateral_Ventricle (4): linear fit = 1.05 x + 0.0 (411 voxels, peak =  8), gca=8.4
gca peak = 0.19606 (11)
mri peak = 0.05326 (12)
Right_Lateral_Ventricle (43): linear fit = 1.04 x + 0.0 (223 voxels, overlap=0.644)
Right_Lateral_Ventricle (43): linear fit = 1.04 x + 0.0 (223 voxels, peak = 11), gca=11.5
gca peak = 0.21903 (92)
mri peak = 0.25830 (96)
Right_Pallidum (52): linear fit = 1.01 x + 0.0 (813 voxels, overlap=0.998)
Right_Pallidum (52): linear fit = 1.01 x + 0.0 (813 voxels, peak = 93), gca=93.4
gca peak = 0.16064 (98)
mri peak = 0.20314 (98)
Left_Pallidum (13): linear fit = 0.99 x + 0.0 (827 voxels, overlap=0.999)
Left_Pallidum (13): linear fit = 0.99 x + 0.0 (827 voxels, peak = 97), gca=96.5
gca peak = 0.24482 (57)
mri peak = 0.13100 (61)
Right_Hippocampus (53): linear fit = 1.00 x + 0.0 (1026 voxels, overlap=0.793)
Right_Hippocampus (53): linear fit = 1.00 x + 0.0 (1026 voxels, peak = 57), gca=57.0
gca peak = 0.30549 (58)
mri peak = 0.13528 (59)
Left_Hippocampus (17): linear fit = 1.00 x + 0.0 (962 voxels, overlap=1.003)
Left_Hippocampus (17): linear fit = 1.00 x + 0.0 (962 voxels, peak = 58), gca=58.0
gca peak = 0.07895 (105)
mri peak = 0.14320 (105)
Right_Cerebral_White_Matter (41): linear fit = 1.00 x + 0.0 (45113 voxels, overlap=0.731)
Right_Cerebral_White_Matter (41): linear fit = 1.00 x + 0.0 (45113 voxels, peak = 104), gca=104.5
gca peak = 0.07852 (106)
mri peak = 0.20645 (106)
Left_Cerebral_White_Matter (2): linear fit = 1.00 x + 0.0 (45914 voxels, overlap=0.595)
Left_Cerebral_White_Matter (2): linear fit = 1.00 x + 0.0 (45914 voxels, peak = 105), gca=105.5
gca peak = 0.11070 (51)
mri peak = 0.05946 (52)
Left_Cerebral_Cortex (3): linear fit = 1.00 x + 0.0 (30873 voxels, overlap=0.998)
Left_Cerebral_Cortex (3): linear fit = 1.00 x + 0.0 (30873 voxels, peak = 51), gca=51.0
gca peak = 0.12613 (52)
mri peak = 0.06308 (51)
Right_Cerebral_Cortex (42): linear fit = 1.00 x + 0.0 (30430 voxels, overlap=0.982)
Right_Cerebral_Cortex (42): linear fit = 1.00 x + 0.0 (30430 voxels, peak = 52), gca=52.0
gca peak = 0.26371 (68)
mri peak = 0.17874 (69)
Right_Caudate (50): linear fit = 1.00 x + 0.0 (851 voxels, overlap=1.002)
Right_Caudate (50): linear fit = 1.00 x + 0.0 (851 voxels, peak = 68), gca=68.0
gca peak = 0.13816 (64)
mri peak = 0.18559 (72)
Left_Caudate (11): linear fit = 1.02 x + 0.0 (819 voxels, overlap=0.748)
Left_Caudate (11): linear fit = 1.02 x + 0.0 (819 voxels, peak = 66), gca=65.6
gca peak = 0.14747 (52)
mri peak = 0.07046 (50)
Left_Cerebellum_Cortex (8): linear fit = 0.98 x + 0.0 (27190 voxels, overlap=0.976)
Left_Cerebellum_Cortex (8): linear fit = 0.98 x + 0.0 (27190 voxels, peak = 51), gca=50.7
gca peak = 0.15539 (49)
mri peak = 0.06500 (51)
Right_Cerebellum_Cortex (47): linear fit = 1.01 x + 0.0 (29829 voxels, overlap=0.995)
Right_Cerebellum_Cortex (47): linear fit = 1.01 x + 0.0 (29829 voxels, peak = 50), gca=49.7
gca peak = 0.15285 (90)
mri peak = 0.10082 (89)
Left_Cerebellum_White_Matter (7): linear fit = 1.01 x + 0.0 (7298 voxels, overlap=0.919)
Left_Cerebellum_White_Matter (7): linear fit = 1.01 x + 0.0 (7298 voxels, peak = 91), gca=91.3
gca peak = 0.13735 (93)
mri peak = 0.10751 (93)
Right_Cerebellum_White_Matter (46): linear fit = 0.99 x + 0.0 (7870 voxels, overlap=0.971)
Right_Cerebellum_White_Matter (46): linear fit = 0.99 x + 0.0 (7870 voxels, peak = 92), gca=91.6
gca peak = 0.27414 (65)
mri peak = 0.15860 (63)
Left_Amygdala (18): linear fit = 1.00 x + 0.0 (368 voxels, overlap=0.978)
Left_Amygdala (18): linear fit = 1.00 x + 0.0 (368 voxels, peak = 65), gca=65.0
gca peak = 0.32239 (64)
mri peak = 0.15608 (63)
Right_Amygdala (54): linear fit = 1.02 x + 0.0 (384 voxels, overlap=0.778)
Right_Amygdala (54): linear fit = 1.02 x + 0.0 (384 voxels, peak = 66), gca=65.6
gca peak = 0.10174 (93)
mri peak = 0.06771 (83)
Left_Thalamus (10): linear fit = 1.00 x + 0.0 (4785 voxels, overlap=0.862)
Left_Thalamus (10): linear fit = 1.00 x + 0.0 (4785 voxels, peak = 93), gca=93.5
gca peak = 0.09895 (85)
mri peak = 0.08015 (89)
Right_Thalamus (49): linear fit = 1.00 x + 0.0 (4996 voxels, overlap=0.938)
Right_Thalamus (49): linear fit = 1.00 x + 0.0 (4996 voxels, peak = 85), gca=84.6
gca peak = 0.07585 (81)
mri peak = 0.12719 (83)
Left_Putamen (12): linear fit = 1.00 x + 0.0 (2334 voxels, overlap=0.706)
Left_Putamen (12): linear fit = 1.00 x + 0.0 (2334 voxels, peak = 81), gca=81.0
gca peak = 0.08736 (77)
mri peak = 0.14980 (79)
Right_Putamen (51): linear fit = 1.00 x + 0.0 (2630 voxels, overlap=0.818)
Right_Putamen (51): linear fit = 1.00 x + 0.0 (2630 voxels, peak = 77), gca=77.0
gca peak = 0.07227 (92)
mri peak = 0.09036 (96)
Brain_Stem (16): linear fit = 1.00 x + 0.0 (12461 voxels, overlap=0.719)
Brain_Stem (16): linear fit = 1.00 x + 0.0 (12461 voxels, peak = 92), gca=92.0
gca peak = 0.10995 (100)
mri peak = 0.13716 (100)
Right_VentralDC (60): linear fit = 0.99 x + 0.0 (1691 voxels, overlap=0.737)
Right_VentralDC (60): linear fit = 0.99 x + 0.0 (1691 voxels, peak = 98), gca=98.5
gca peak = 0.14226 (97)
mri peak = 0.12682 (100)
Left_VentralDC (28): linear fit = 1.00 x + 0.0 (1629 voxels, overlap=0.759)
Left_VentralDC (28): linear fit = 1.00 x + 0.0 (1629 voxels, peak = 97), gca=97.0
gca peak = 0.25197 (19)
mri peak = 0.27290 (19)
gca peak = 0.25469 (13)
mri peak = 0.21111 (14)
Fourth_Ventricle (15): linear fit = 1.03 x + 0.0 (178 voxels, overlap=0.792)
Fourth_Ventricle (15): linear fit = 1.03 x + 0.0 (178 voxels, peak = 13), gca=13.5
gca peak Unknown = 0.94777 ( 0)
gca peak Left_Inf_Lat_Vent = 0.17888 (27)
gca peak Third_Ventricle = 0.25197 (19)
gca peak CSF = 0.20500 (27)
gca peak Left_Accumbens_area = 0.55379 (57)
gca peak Left_undetermined = 1.00000 (28)
gca peak Left_vessel = 0.83173 (53)
gca peak Left_choroid_plexus = 0.11689 (35)
gca peak Right_Inf_Lat_Vent = 0.30137 (24)
gca peak Right_Accumbens_area = 0.31650 (66)
gca peak Right_vessel = 0.68623 (52)
gca peak Right_choroid_plexus = 0.13275 (38)
gca peak Fifth_Ventricle = 0.73765 (24)
gca peak WM_hypointensities = 0.09798 (77)
gca peak non_WM_hypointensities = 0.13982 (41)
gca peak Optic_Chiasm = 0.68686 (76)
not using caudate to estimate GM means
estimating mean gm scale to be 1.00 x + 0.0
estimating mean wm scale to be 1.00 x + 0.0
estimating mean csf scale to be 1.04 x + 0.0
saving intensity scales to aseg.auto_noCCseg.label_intensities.txt
saving sequentially combined intensity scales to aseg.auto_noCCseg.label_intensities.txt
28821 voxels changed in iteration 0 of unlikely voxel relabeling
110 voxels changed in iteration 1 of unlikely voxel relabeling
3 voxels changed in iteration 2 of unlikely voxel relabeling
0 voxels changed in iteration 3 of unlikely voxel relabeling
21644 gm and wm labels changed (%26 to gray, %74 to white out of all changed labels)
360 hippocampal voxels changed.
0 amygdala voxels changed.
Reclassifying using Gibbs Priors
pass 1: 54229 changed. image ll: -2.073, PF=0.500
pass 2: 12696 changed. image ll: -2.072, PF=0.500
pass 3: 4284 changed.
16201 voxels changed in iteration 0 of unlikely voxel relabeling
72 voxels changed in iteration 1 of unlikely voxel relabeling
2 voxels changed in iteration 2 of unlikely voxel relabeling
0 voxels changed in iteration 3 of unlikely voxel relabeling
4810 voxels changed in iteration 0 of unlikely voxel relabeling
55 voxels changed in iteration 1 of unlikely voxel relabeling
1 voxels changed in iteration 2 of unlikely voxel relabeling
0 voxels changed in iteration 3 of unlikely voxel relabeling
4646 voxels changed in iteration 0 of unlikely voxel relabeling
31 voxels changed in iteration 1 of unlikely voxel relabeling
0 voxels changed in iteration 2 of unlikely voxel relabeling
4474 voxels changed in iteration 0 of unlikely voxel relabeling
18 voxels changed in iteration 1 of unlikely voxel relabeling
2 voxels changed in iteration 2 of unlikely voxel relabeling
0 voxels changed in iteration 3 of unlikely voxel relabeling
 !!!!!!!!! ventricle segment 1 with volume 2829 above threshold 100 - not erasing !!!!!!!!!!
 !!!!!!!!! ventricle segment 4 with volume 164 above threshold 100 - not erasing !!!!!!!!!!
 !!!!!!!!! ventricle segment 2 with volume 2760 above threshold 100 - not erasing !!!!!!!!!!
writing labeled volume to aseg.auto_noCCseg.mgz
mri_ca_label utimesec    1672.157094
mri_ca_label stimesec    2.989869
mri_ca_label ru_maxrss   2111008
mri_ca_label ru_ixrss    0
mri_ca_label ru_idrss    0
mri_ca_label ru_isrss    0
mri_ca_label ru_minflt   3839444
mri_ca_label ru_majflt   8
mri_ca_label ru_nswap    0
mri_ca_label ru_inblock  1142
mri_ca_label ru_oublock  624
mri_ca_label ru_msgsnd   0
mri_ca_label ru_msgrcv   0
mri_ca_label ru_nsignals 0
mri_ca_label ru_nvcsw    2911
mri_ca_label ru_nivcsw   1213
auto-labeling took 26 minutes and 33 seconds.
#--------------------------------------
#@# CC Seg Wed Mar 11 12:41:29 CET 2026

 mri_cc -aseg aseg.auto_noCCseg.mgz -o aseg.auto.mgz -lta /out/sourcedata/freesurfer/sub-v2s16x51274_ses-1/mri/transforms/cc_up.lta sub-v2s16x51274_ses-1 

will read input aseg from aseg.auto_noCCseg.mgz
writing aseg with cc labels to aseg.auto.mgz
will write lta as /out/sourcedata/freesurfer/sub-v2s16x51274_ses-1/mri/transforms/cc_up.lta
reading aseg from /out/sourcedata/freesurfer/sub-v2s16x51274_ses-1/mri/aseg.auto_noCCseg.mgz
reading norm from /out/sourcedata/freesurfer/sub-v2s16x51274_ses-1/mri/norm.mgz
60307 voxels in left wm, 75687 in right wm, xrange [120, 136]
searching rotation angles z=[-8  6], y=[-1 13]
searching scale 1 Z rot -7.8  searching scale 1 Z rot -7.5  searching scale 1 Z rot -7.3  searching scale 1 Z rot -7.0  searching scale 1 Z rot -6.8  searching scale 1 Z rot -6.5  searching scale 1 Z rot -6.3  searching scale 1 Z rot -6.0  searching scale 1 Z rot -5.8  searching scale 1 Z rot -5.5  searching scale 1 Z rot -5.3  searching scale 1 Z rot -5.0  searching scale 1 Z rot -4.8  searching scale 1 Z rot -4.5  searching scale 1 Z rot -4.3  searching scale 1 Z rot -4.0  searching scale 1 Z rot -3.8  searching scale 1 Z rot -3.5  searching scale 1 Z rot -3.3  searching scale 1 Z rot -3.0  searching scale 1 Z rot -2.8  searching scale 1 Z rot -2.5  searching scale 1 Z rot -2.3  searching scale 1 Z rot -2.0  searching scale 1 Z rot -1.8  searching scale 1 Z rot -1.5  searching scale 1 Z rot -1.3  searching scale 1 Z rot -1.0  searching scale 1 Z rot -0.8  searching scale 1 Z rot -0.5  searching scale 1 Z rot -0.3  searching scale 1 Z rot -0.0  searching scale 1 Z rot 0.2  searching scale 1 Z rot 0.5  searching scale 1 Z rot 0.7  searching scale 1 Z rot 1.0  searching scale 1 Z rot 1.2  searching scale 1 Z rot 1.5  searching scale 1 Z rot 1.7  searching scale 1 Z rot 2.0  searching scale 1 Z rot 2.2  searching scale 1 Z rot 2.5  searching scale 1 Z rot 2.7  searching scale 1 Z rot 3.0  searching scale 1 Z rot 3.2  searching scale 1 Z rot 3.5  searching scale 1 Z rot 3.7  searching scale 1 Z rot 4.0  searching scale 1 Z rot 4.2  searching scale 1 Z rot 4.5  searching scale 1 Z rot 4.7  searching scale 1 Z rot 5.0  searching scale 1 Z rot 5.2  searching scale 1 Z rot 5.5  searching scale 1 Z rot 5.7  searching scale 1 Z rot 6.0  global minimum found at slice 129.6, rotations (5.56, -0.78)
final transformation (x=129.6, yr=5.563, zr=-0.781):
 0.99520   0.01362   0.09693  -12.58257;
-0.01356   0.99991  -0.00132   31.90611;
-0.09694  -0.00000   0.99529   35.06208;
 0.00000   0.00000   0.00000   1.00000;
updating x range to be [126, 131] in xformed coordinates
best xformed slice 128
min_x_fornix = 154
min_x_fornix = 159
min_x_fornix = 159
min_x_fornix = 156
min_x_fornix = 154
cc center is found at 128 98 106
eigenvectors:
-0.00016  -0.00315   0.99999;
-0.00640  -0.99997  -0.00315;
 0.99998  -0.00640   0.00014;
writing aseg with callosum to /out/sourcedata/freesurfer/sub-v2s16x51274_ses-1/mri/aseg.auto.mgz...
corpus callosum segmentation took 0.7 minutes
#VMPC# mri_cc VmPeak  555332
mri_cc done
#--------------------------------------
#@# Merge ASeg Wed Mar 11 12:42:11 CET 2026

 cp aseg.auto.mgz aseg.presurf.mgz 

#--------------------------------------------
#@# Intensity Normalization2 Wed Mar 11 12:42:11 CET 2026
/out/sourcedata/freesurfer/sub-v2s16x51274_ses-1/mri

 mri_normalize -seed 1234 -mprage -aseg aseg.presurf.mgz -mask brainmask.mgz norm.mgz brain.mgz 

setting seed for random number genererator to 1234
assuming input volume is MGH (Van der Kouwe) MP-RAGE
using segmentation for initial intensity normalization
using MR volume brainmask.mgz to mask input volume...
reading mri_src from norm.mgz...
Reading aseg aseg.presurf.mgz
normalizing image...
NOT doing gentle normalization with control points/label
processing with aseg
removing outliers in the aseg WM...
1274 control points removed
Building bias image
building Voronoi diagram...
performing soap bubble smoothing, sigma = 0...
Smoothing with sigma 8
Applying bias correction
building Voronoi diagram...
performing soap bubble smoothing, sigma = 8...

Iterating 2 times
---------------------------------
3d normalization pass 1 of 2
white matter peak found at 110
white matter peak found at 110
gm peak at 55 (55), valley at  0 (-1)
csf peak at 27, setting threshold to 45
building Voronoi diagram...
performing soap bubble smoothing, sigma = 8...
---------------------------------
3d normalization pass 2 of 2
white matter peak found at 110
white matter peak found at 110
gm peak at 57 (57), valley at  0 (-1)
csf peak at 28, setting threshold to 47
building Voronoi diagram...
performing soap bubble smoothing, sigma = 8...
Done iterating ---------------------------------
writing output to brain.mgz
3D bias adjustment took 2 minutes and 14 seconds.
#--------------------------------------------
#@# Mask BFS Wed Mar 11 12:44:26 CET 2026
/out/sourcedata/freesurfer/sub-v2s16x51274_ses-1/mri

 mri_mask -T 5 brain.mgz brainmask.mgz brain.finalsurfs.mgz 

threshold mask volume at 5
DoAbs = 0
Found 1412164 voxels in mask (pct=  8.42)
Writing masked volume to brain.finalsurfs.mgz...done.
#--------------------------------------------
#@# WM Segmentation Wed Mar 11 12:44:27 CET 2026

 AntsDenoiseImageFs -i brain.mgz -o antsdn.brain.mgz 


 mri_segment -wsizemm 13 -mprage antsdn.brain.mgz wm.seg.mgz 

wsizemm = 13, voxres = 1, wsize = 13
Widening wm low from 89 to 79
assuming input volume is MGH (Van der Kouwe) MP-RAGE
wm mean:  110
wsize:    13
wm low:   79
wm hi:    125
gray low: 30
gray hi:  99
Doing initial trinary intensity segmentation 
Using local statistics to label ambiguous voxels
Autodetecting stats
Computing class statistics for intensity windows...
CCS WM (104.0): 104.1 +- 4.5 [79.0 --> 125.0]
CCS GM (72.0) : 71.1 +- 8.8 [30.0 --> 95.0]
 white_mean 104.122
 white_sigma 4.48363
 gray_mean 71.133
 gray_sigma 8.76896
setting bottom of white matter range wm_low to 79.9
setting top of gray matter range gray_hi to 88.7
 wm_low 79.9019
 wm_hi  125
 gray_low 30
 gray_hi  88.6709
Redoing initial intensity segmentation...
Recomputing local statistics to label ambiguous voxels...
 wm_low 79.9019
 wm_hi  125
 gray_low 30
 gray_hi  88.6709
using local geometry to label remaining ambiguous voxels...
polvwsize = 5, polvlen = 3, gray_hi = 88.6709, wm_low = 79.9019
MRIcpolvMedianCurveSegment(): wsize=5, len=3, gmhi=88.6709, wmlow=79.9019
    104387 voxels processed (0.62%)
     47029 voxels white (0.28%)
     57358 voxels non-white (0.34%)

Reclassifying voxels using Gaussian border classifier niter=1
MRIreclassify(): wm_low=74.9019, gray_hi=88.6709, wsize=13
    176799 voxels tested (1.05%)
     35425 voxels changed (0.21%)
     47864 multi-scale searches  (0.29%)
Recovering bright white
MRIrecoverBrightWhite()
 wm_low 79.9019
 wm_hi 125
 slack 4.48363
 pct_thresh 0.33
 intensity_thresh 129.484
 nvox_thresh 8.58
        5 voxels tested (0.00%)
        3 voxels changed (0.00%)

removing voxels with positive offset direction...
MRIremoveWrongDirection() wsize=3, lowthr=74.9019, hithr=88.6709
  smoothing input volume with sigma = 0.250
    56769 voxels tested (0.34%)
    12397 voxels changed (0.07%)
thicken = 1
removing 1-dimensional structures...
MRIremove1dStructures(): max_iter=10000, thresh=2, WM_MIN_VAL=5
 869 sparsely connected voxels removed in 1 iterations
thickening thin strands....
thickness 4
nsegments 20
wm_hi 125
684 diagonally connected voxels added...
MRIthickenThinWMStrands(): thickness=4, nsegments=20
  20 segments, 4918 filled
MRIfindBrightNonWM(): 4 bright non-wm voxels segmented.
MRIfilterMorphology() WM_MIN_VAL=5, DIAGONAL_FILL=230
white matter segmentation took 0.9 minutes
writing output to wm.seg.mgz...

 mri_edit_wm_with_aseg -keep-in wm.seg.mgz brain.mgz aseg.presurf.mgz wm.asegedit.mgz 

preserving editing changes in input volume...
auto filling took 0.42 minutes
reading wm segmentation from wm.seg.mgz...
0 voxels added to wm to prevent paths from MTL structures to cortex
2558 additional wm voxels added
0 additional wm voxels added
SEG EDIT: 28214 voxels turned on, 40109 voxels turned off.
propagating editing to output volume from wm.seg.mgz
writing edited volume to wm.asegedit.mgz....

 mri_pretess wm.asegedit.mgz wm norm.mgz wm.mgz 


Iteration Number : 1
pass   1 (xy+):  10 found -  10 modified     |    TOTAL:  10
pass   2 (xy+):   0 found -  10 modified     |    TOTAL:  10
pass   1 (xy-):   8 found -   8 modified     |    TOTAL:  18
pass   2 (xy-):   0 found -   8 modified     |    TOTAL:  18
pass   1 (yz+):  21 found -  21 modified     |    TOTAL:  39
pass   2 (yz+):   0 found -  21 modified     |    TOTAL:  39
pass   1 (yz-):  19 found -  19 modified     |    TOTAL:  58
pass   2 (yz-):   0 found -  19 modified     |    TOTAL:  58
pass   1 (xz+):  15 found -  15 modified     |    TOTAL:  73
pass   2 (xz+):   0 found -  15 modified     |    TOTAL:  73
pass   1 (xz-):  12 found -  12 modified     |    TOTAL:  85
pass   2 (xz-):   0 found -  12 modified     |    TOTAL:  85
Iteration Number : 1
pass   1 (+++):   0 found -   0 modified     |    TOTAL:   0
pass   1 (+++):   4 found -   4 modified     |    TOTAL:   4
pass   2 (+++):   0 found -   4 modified     |    TOTAL:   4
pass   1 (+++):   4 found -   4 modified     |    TOTAL:   8
pass   2 (+++):   0 found -   4 modified     |    TOTAL:   8
pass   1 (+++):   2 found -   2 modified     |    TOTAL:  10
pass   2 (+++):   0 found -   2 modified     |    TOTAL:  10
Iteration Number : 1
pass   1 (++):  46 found -  46 modified     |    TOTAL:  46
pass   2 (++):   0 found -  46 modified     |    TOTAL:  46
pass   1 (+-):  30 found -  30 modified     |    TOTAL:  76
pass   2 (+-):   0 found -  30 modified     |    TOTAL:  76
pass   1 (--):  25 found -  25 modified     |    TOTAL: 101
pass   2 (--):   0 found -  25 modified     |    TOTAL: 101
pass   1 (-+):  24 found -  24 modified     |    TOTAL: 125
pass   2 (-+):   0 found -  24 modified     |    TOTAL: 125
Iteration Number : 2
pass   1 (xy+):   0 found -   0 modified     |    TOTAL:   0
pass   1 (xy-):   2 found -   2 modified     |    TOTAL:   2
pass   2 (xy-):   0 found -   2 modified     |    TOTAL:   2
pass   1 (yz+):   0 found -   0 modified     |    TOTAL:   2
pass   1 (yz-):   1 found -   1 modified     |    TOTAL:   3
pass   2 (yz-):   0 found -   1 modified     |    TOTAL:   3
pass   1 (xz+):   1 found -   1 modified     |    TOTAL:   4
pass   2 (xz+):   0 found -   1 modified     |    TOTAL:   4
pass   1 (xz-):   1 found -   1 modified     |    TOTAL:   5
pass   2 (xz-):   0 found -   1 modified     |    TOTAL:   5
Iteration Number : 2
pass   1 (+++):   0 found -   0 modified     |    TOTAL:   0
pass   1 (+++):   0 found -   0 modified     |    TOTAL:   0
pass   1 (+++):   0 found -   0 modified     |    TOTAL:   0
pass   1 (+++):   0 found -   0 modified     |    TOTAL:   0
Iteration Number : 2
pass   1 (++):   0 found -   0 modified     |    TOTAL:   0
pass   1 (+-):   0 found -   0 modified     |    TOTAL:   0
pass   1 (--):   0 found -   0 modified     |    TOTAL:   0
pass   1 (-+):   0 found -   0 modified     |    TOTAL:   0
Iteration Number : 3
pass   1 (xy+):   0 found -   0 modified     |    TOTAL:   0
pass   1 (xy-):   0 found -   0 modified     |    TOTAL:   0
pass   1 (yz+):   1 found -   1 modified     |    TOTAL:   1
pass   2 (yz+):   0 found -   1 modified     |    TOTAL:   1
pass   1 (yz-):   0 found -   0 modified     |    TOTAL:   1
pass   1 (xz+):   0 found -   0 modified     |    TOTAL:   1
pass   1 (xz-):   0 found -   0 modified     |    TOTAL:   1
Iteration Number : 3
pass   1 (+++):   0 found -   0 modified     |    TOTAL:   0
pass   1 (+++):   0 found -   0 modified     |    TOTAL:   0
pass   1 (+++):   0 found -   0 modified     |    TOTAL:   0
pass   1 (+++):   0 found -   0 modified     |    TOTAL:   0
Iteration Number : 3
pass   1 (++):   0 found -   0 modified     |    TOTAL:   0
pass   1 (+-):   0 found -   0 modified     |    TOTAL:   0
pass   1 (--):   0 found -   0 modified     |    TOTAL:   0
pass   1 (-+):   0 found -   0 modified     |    TOTAL:   0
Iteration Number : 4
pass   1 (xy+):   0 found -   0 modified     |    TOTAL:   0
pass   1 (xy-):   0 found -   0 modified     |    TOTAL:   0
pass   1 (yz+):   0 found -   0 modified     |    TOTAL:   0
pass   1 (yz-):   0 found -   0 modified     |    TOTAL:   0
pass   1 (xz+):   0 found -   0 modified     |    TOTAL:   0
pass   1 (xz-):   0 found -   0 modified     |    TOTAL:   0
Iteration Number : 4
pass   1 (+++):   0 found -   0 modified     |    TOTAL:   0
pass   1 (+++):   0 found -   0 modified     |    TOTAL:   0
pass   1 (+++):   0 found -   0 modified     |    TOTAL:   0
pass   1 (+++):   0 found -   0 modified     |    TOTAL:   0
Iteration Number : 4
pass   1 (++):   0 found -   0 modified     |    TOTAL:   0
pass   1 (+-):   0 found -   0 modified     |    TOTAL:   0
pass   1 (--):   0 found -   0 modified     |    TOTAL:   0
pass   1 (-+):   0 found -   0 modified     |    TOTAL:   0

Total Number of Modified Voxels = 226 (out of 521021: 0.043376)
binarizing input wm segmentation...
Ambiguous edge configurations... 

mri_pretess done

#--------------------------------------------
#@# Fill Wed Mar 11 12:46:15 CET 2026
/out/sourcedata/freesurfer/sub-v2s16x51274_ses-1/mri

 mri_fill -a ../scripts/ponscc.cut.log -xform transforms/talairach.lta -segmentation aseg.presurf.mgz -ctab /opt/freesurfer/SubCorticalMassLUT.txt wm.mgz filled.mgz 

logging cutting plane coordinates to ../scripts/ponscc.cut.log...
INFO: Using transforms/talairach.lta and its offset for Talairach volume ...
using segmentation aseg.presurf.mgz...
reading input volume...done.
searching for cutting planes...voxel to talairach voxel transform
 1.04364  -0.00539   0.12186  -21.83308;
-0.01222   1.15771   0.15867  -28.16499;
-0.12031  -0.17715   1.02234   20.42050;
 0.00000   0.00000   0.00000   1.00000;
voxel to talairach voxel transform
 1.04364  -0.00539   0.12186  -21.83308;
-0.01222   1.15771   0.15867  -28.16499;
-0.12031  -0.17715   1.02234   20.42050;
 0.00000   0.00000   0.00000   1.00000;
reading segmented volume aseg.presurf.mgz
removing CC from segmentation
Looking for area (min, max) = (350, 1400)
area[0] = 1068 (min = 350, max = 1400), aspect = 0.52 (min = 0.10, max = 0.75)
no need to search
using seed (127, 119, 146), TAL = (1.0, 18.0, 9.0)
talairach voxel to voxel transform
 0.94527  -0.01255  -0.11073   22.54595;
-0.00514   0.84380  -0.13035   26.31520;
 0.11035   0.14474   0.94253  -12.76126;
 0.00000   0.00000   0.00000   1.00000;
segmentation indicates cc at (127,  119,  146) --> (1.0, 18.0, 9.0)
done.
filling took 1.0 minutes
talairach cc position changed to (1.00, 18.00, 9.00)
Erasing brainstem...done.
seed_search_size = 9, min_neighbors = 5
search rh wm seed point around talairach space:(19.00, 18.00, 9.00) SRC: (107.92, 107.14, 154.10)
search lh wm seed point around talairach space (-17.00, 18.00, 9.00), SRC: (141.95, 106.95, 158.07)
compute mri_fill using aseg
Erasing Brain Stem and Cerebellum ...
Define left and right masks using aseg:
Building Voronoi diagram ...
Using the Voronoi diagram for separating WM into two hemispheres ...
Find the largest connected component for each hemisphere ...
Embedding colortable
mri_fill done, writing output to filled.mgz...
 cp filled.mgz filled.auto.mgz

Started at Wed Mar 11 11:23:47 CET 2026 
Ended   at Wed Mar 11 12:47:15 CET 2026
#@#%# recon-all-run-time-hours 1.391
recon-all -s sub-v2s16x51274_ses-1 finished without error at Wed Mar 11 12:47:15 CET 2026



#New# invocation of recon-all 




Wed Mar 11 13:29:55 CET 2026
cd /out/sourcedata/freesurfer/sub-v2s16x51274_ses-1
setenv SUBJECTS_DIR /out/sourcedata/freesurfer
/opt/freesurfer/bin/recon-all -parallel -subjid sub-v2s16x51274_ses-1 -sd /out/sourcedata/freesurfer -cortribbon

subjid sub-v2s16x51274_ses-1
setenv SUBJECTS_DIR /out/sourcedata/freesurfer
FREESURFER_HOME /opt/freesurfer
Actual FREESURFER_HOME /opt/freesurfer
build-stamp.txt: freesurfer-linux-ubuntu22_x86_64-7.3.2-20220804-6354275
Linux dna048 5.14.0-427.37.1.el9_4.x86_64 #1 SMP PREEMPT_DYNAMIC Fri Sep 13 12:41:50 EDT 2024 x86_64 x86_64 x86_64 GNU/Linux
cputime      unlimited
filesize     unlimited
datasize     unlimited
stacksize    8192 kbytes
coredumpsize 0 kbytes
memoryuse    67108864 kbytes
vmemoryuse   unlimited
descriptors  1024 
memorylocked unlimited
maxproc      2061970 
maxlocks     unlimited
maxsignal    4126352 
maxmessage   819200 
maxnice      0 
maxrtprio    0 
maxrttime    unlimited

               total        used        free      shared  buff/cache   available
Mem:           1.0Ti        53Gi       769Gi        20Gi       184Gi       927Gi
Swap:             0B          0B          0B

########################################
program versions used
7.3.2 (freesurfer-linux-ubuntu22_x86_64-7.3.2-20220804-6354275)
7.3.2

ProgramName: lta_convert  ProgramArguments: lta_convert -all-info  ProgramVersion: 7.3.2  TimeStamp: 2026/03/11-12:29:55-GMT  BuildTime: Aug  4 2022 06:17:15  BuildStamp: freesurfer-linux-ubuntu22_x86_64-7.3.2-20220804-6354275  User: oesteban  Machine: dna048  Platform: Linux  PlatformVersion: 5.14.0-427.37.1.el9_4.x86_64  CompilerName: GCC  CompilerVersion: 8.4.0
ProgramName: mri_and  ProgramArguments: mri_and -all-info  ProgramVersion: 7.3.2  TimeStamp: 2026/03/11-12:29:55-GMT  BuildTime: Aug  4 2022 06:17:15  BuildStamp: freesurfer-linux-ubuntu22_x86_64-7.3.2-20220804-6354275  User: oesteban  Machine: dna048  Platform: Linux  PlatformVersion: 5.14.0-427.37.1.el9_4.x86_64  CompilerName: GCC  CompilerVersion: 8.4.0
ProgramName: mri_annotation2label  ProgramArguments: mri_annotation2label -all-info  ProgramVersion: 7.3.2  TimeStamp: 2026/03/11-12:29:55-GMT  BuildTime: Aug  4 2022 06:17:15  BuildStamp: freesurfer-linux-ubuntu22_x86_64-7.3.2-20220804-6354275  User: oesteban  Machine: dna048  Platform: Linux  PlatformVersion: 5.14.0-427.37.1.el9_4.x86_64  CompilerName: GCC  CompilerVersion: 8.4.0
ProgramName: mri_aparc2aseg  ProgramArguments: mri_aparc2aseg -all-info  ProgramVersion: 7.3.2  TimeStamp: 2026/03/11-12:29:55-GMT  BuildTime: Aug  4 2022 06:17:15  BuildStamp: freesurfer-linux-ubuntu22_x86_64-7.3.2-20220804-6354275  User: oesteban  Machine: dna048  Platform: Linux  PlatformVersion: 5.14.0-427.37.1.el9_4.x86_64  CompilerName: GCC  CompilerVersion: 8.4.0
ProgramName: mri_surf2volseg  ProgramArguments: mri_surf2volseg -all-info  ProgramVersion: 7.3.2  TimeStamp: 2026/03/11-12:29:55-GMT  BuildTime: Aug  4 2022 06:17:15  BuildStamp: freesurfer-linux-ubuntu22_x86_64-7.3.2-20220804-6354275  User: oesteban  Machine: dna048  Platform: Linux  PlatformVersion: 5.14.0-427.37.1.el9_4.x86_64  CompilerName: GCC  CompilerVersion: 8.4.0
ProgramName: mri_binarize  ProgramArguments: mri_binarize -all-info  ProgramVersion: 7.3.2  TimeStamp: 2026/03/11-12:29:55-GMT  BuildTime: Aug  4 2022 06:17:15  BuildStamp: freesurfer-linux-ubuntu22_x86_64-7.3.2-20220804-6354275  User: oesteban  Machine: dna048  Platform: Linux  PlatformVersion: 5.14.0-427.37.1.el9_4.x86_64  CompilerName: GCC  CompilerVersion: 8.4.0
ProgramName: mri_ca_label  ProgramArguments: mri_ca_label -all-info  ProgramVersion: 7.3.2  TimeStamp: 2026/03/11-12:29:55-GMT  BuildTime: Aug  4 2022 06:17:15  BuildStamp: freesurfer-linux-ubuntu22_x86_64-7.3.2-20220804-6354275  User: oesteban  Machine: dna048  Platform: Linux  PlatformVersion: 5.14.0-427.37.1.el9_4.x86_64  CompilerName: GCC  CompilerVersion: 8.4.0
ProgramName: mri_ca_normalize  ProgramArguments: mri_ca_normalize -all-info  ProgramVersion: 7.3.2  TimeStamp: 2026/03/11-12:29:55-GMT  BuildTime: Aug  4 2022 06:17:15  BuildStamp: freesurfer-linux-ubuntu22_x86_64-7.3.2-20220804-6354275  User: oesteban  Machine: dna048  Platform: Linux  PlatformVersion: 5.14.0-427.37.1.el9_4.x86_64  CompilerName: GCC  CompilerVersion: 8.4.0
ProgramName: mri_ca_register  ProgramArguments: mri_ca_register -all-info  ProgramVersion: 7.3.2  TimeStamp: 2026/03/11-12:29:55-GMT  BuildTime: Aug  4 2022 06:17:15  BuildStamp: freesurfer-linux-ubuntu22_x86_64-7.3.2-20220804-6354275  User: oesteban  Machine: dna048  Platform: Linux  PlatformVersion: 5.14.0-427.37.1.el9_4.x86_64  CompilerName: GCC  CompilerVersion: 8.4.0
ProgramName: mri_cc  ProgramArguments: mri_cc -all-info  ProgramVersion: 7.3.2  TimeStamp: 2026/03/11-12:29:55-GMT  BuildTime: Aug  4 2022 06:17:15  BuildStamp: freesurfer-linux-ubuntu22_x86_64-7.3.2-20220804-6354275  User: oesteban  Machine: dna048  Platform: Linux  PlatformVersion: 5.14.0-427.37.1.el9_4.x86_64  CompilerName: GCC  CompilerVersion: 8.4.0
ProgramName: mri_compute_overlap  ProgramArguments: mri_compute_overlap -all-info  ProgramVersion: 7.3.2  TimeStamp: 2026/03/11-12:29:55-GMT  BuildTime: Aug  4 2022 06:17:15  BuildStamp: freesurfer-linux-ubuntu22_x86_64-7.3.2-20220804-6354275  User: oesteban  Machine: dna048  Platform: Linux  PlatformVersion: 5.14.0-427.37.1.el9_4.x86_64  CompilerName: GCC  CompilerVersion: 8.4.0
ProgramName: mri_compute_seg_overlap  ProgramArguments: mri_compute_seg_overlap -all-info  ProgramVersion: 7.3.2  TimeStamp: 2026/03/11-12:29:55-GMT  BuildTime: Aug  4 2022 06:17:15  BuildStamp: freesurfer-linux-ubuntu22_x86_64-7.3.2-20220804-6354275  User: oesteban  Machine: dna048  Platform: Linux  PlatformVersion: 5.14.0-427.37.1.el9_4.x86_64  CompilerName: GCC  CompilerVersion: 8.4.0
ProgramName: mri_concat  ProgramArguments: mri_concat -all-info  ProgramVersion: 7.3.2  TimeStamp: 2026/03/11-12:29:55-GMT  BuildTime: Aug  4 2022 06:17:15  BuildStamp: freesurfer-linux-ubuntu22_x86_64-7.3.2-20220804-6354275  User: oesteban  Machine: dna048  Platform: Linux  PlatformVersion: 5.14.0-427.37.1.el9_4.x86_64  CompilerName: GCC  CompilerVersion: 8.4.0
ProgramName: mri_concatenate_lta  ProgramArguments: mri_concatenate_lta -all-info  ProgramVersion: 7.3.2  TimeStamp: 2026/03/11-12:29:55-GMT  BuildTime: Aug  4 2022 06:17:15  BuildStamp: freesurfer-linux-ubuntu22_x86_64-7.3.2-20220804-6354275  User: oesteban  Machine: dna048  Platform: Linux  PlatformVersion: 5.14.0-427.37.1.el9_4.x86_64  CompilerName: GCC  CompilerVersion: 8.4.0
mri_convert -all-info 
ProgramName: mri_convert  ProgramArguments: mri_convert -all-info  ProgramVersion: 7.3.2  TimeStamp: 2026/03/11-12:29:55-GMT  BuildTime: Aug  4 2022 06:17:15  BuildStamp: freesurfer-linux-ubuntu22_x86_64-7.3.2-20220804-6354275  User: oesteban  Machine: dna048  Platform: Linux  PlatformVersion: 5.14.0-427.37.1.el9_4.x86_64  CompilerName: GCC  CompilerVersion: 8.4.0
ProgramName: mri_diff  ProgramArguments: mri_diff -all-info  ProgramVersion: 7.3.2  TimeStamp: 2026/03/11-12:29:55-GMT  BuildTime: Aug  4 2022 06:17:15  BuildStamp: freesurfer-linux-ubuntu22_x86_64-7.3.2-20220804-6354275  User: oesteban  Machine: dna048  Platform: Linux  PlatformVersion: 5.14.0-427.37.1.el9_4.x86_64  CompilerName: GCC  CompilerVersion: 8.4.0
ProgramName: mri_edit_wm_with_aseg  ProgramArguments: mri_edit_wm_with_aseg -all-info  ProgramVersion: 7.3.2  TimeStamp: 2026/03/11-12:29:55-GMT  BuildTime: Aug  4 2022 06:17:15  BuildStamp: freesurfer-linux-ubuntu22_x86_64-7.3.2-20220804-6354275  User: oesteban  Machine: dna048  Platform: Linux  PlatformVersion: 5.14.0-427.37.1.el9_4.x86_64  CompilerName: GCC  CompilerVersion: 8.4.0
ProgramName: mri_em_register  ProgramArguments: mri_em_register -all-info  ProgramVersion: 7.3.2  TimeStamp: 2026/03/11-12:29:55-GMT  BuildTime: Aug  4 2022 06:17:15  BuildStamp: freesurfer-linux-ubuntu22_x86_64-7.3.2-20220804-6354275  User: oesteban  Machine: dna048  Platform: Linux  PlatformVersion: 5.14.0-427.37.1.el9_4.x86_64  CompilerName: GCC  CompilerVersion: 8.4.0
ProgramName: mri_fill  ProgramArguments: mri_fill -all-info  ProgramVersion: 7.3.2  TimeStamp: 2026/03/11-12:29:55-GMT  BuildTime: Aug  4 2022 06:17:15  BuildStamp: freesurfer-linux-ubuntu22_x86_64-7.3.2-20220804-6354275  User: oesteban  Machine: dna048  Platform: Linux  PlatformVersion: 5.14.0-427.37.1.el9_4.x86_64  CompilerName: GCC  CompilerVersion: 8.4.0
ProgramName: mri_fuse_segmentations  ProgramArguments: mri_fuse_segmentations -all-info  ProgramVersion: 7.3.2  TimeStamp: 2026/03/11-12:29:55-GMT  BuildTime: Aug  4 2022 06:17:15  BuildStamp: freesurfer-linux-ubuntu22_x86_64-7.3.2-20220804-6354275  User: oesteban  Machine: dna048  Platform: Linux  PlatformVersion: 5.14.0-427.37.1.el9_4.x86_64  CompilerName: GCC  CompilerVersion: 8.4.0
ProgramName: mri_fwhm  ProgramArguments: mri_fwhm -all-info  ProgramVersion: 7.3.2  TimeStamp: 2026/03/11-12:29:55-GMT  BuildTime: Aug  4 2022 06:17:15  BuildStamp: freesurfer-linux-ubuntu22_x86_64-7.3.2-20220804-6354275  User: oesteban  Machine: dna048  Platform: Linux  PlatformVersion: 5.14.0-427.37.1.el9_4.x86_64  CompilerName: GCC  CompilerVersion: 8.4.0
ProgramName: mri_gcut  ProgramArguments: mri_gcut -all-info  ProgramVersion: 7.3.2  TimeStamp: 2026/03/11-12:29:55-GMT  BuildTime: Aug  4 2022 06:17:15  BuildStamp: freesurfer-linux-ubuntu22_x86_64-7.3.2-20220804-6354275  User: oesteban  Machine: dna048  Platform: Linux  PlatformVersion: 5.14.0-427.37.1.el9_4.x86_64  CompilerName: GCC  CompilerVersion: 8.4.0
ProgramName: mri_info  ProgramArguments: mri_info -all-info  ProgramVersion: 7.3.2  TimeStamp: 2026/03/11-12:29:55-GMT  BuildTime: Aug  4 2022 06:17:15  BuildStamp: freesurfer-linux-ubuntu22_x86_64-7.3.2-20220804-6354275  User: oesteban  Machine: dna048  Platform: Linux  PlatformVersion: 5.14.0-427.37.1.el9_4.x86_64  CompilerName: GCC  CompilerVersion: 8.4.0
ProgramName: mri_label2label  ProgramArguments: mri_label2label -all-info  ProgramVersion: 7.3.2  TimeStamp: 2026/03/11-12:29:55-GMT  BuildTime: Aug  4 2022 06:17:15  BuildStamp: freesurfer-linux-ubuntu22_x86_64-7.3.2-20220804-6354275  User: oesteban  Machine: dna048  Platform: Linux  PlatformVersion: 5.14.0-427.37.1.el9_4.x86_64  CompilerName: GCC  CompilerVersion: 8.4.0
ProgramName: mri_label2vol  ProgramArguments: mri_label2vol -all-info  ProgramVersion: 7.3.2  TimeStamp: 2026/03/11-12:29:55-GMT  BuildTime: Aug  4 2022 06:17:15  BuildStamp: freesurfer-linux-ubuntu22_x86_64-7.3.2-20220804-6354275  User: oesteban  Machine: dna048  Platform: Linux  PlatformVersion: 5.14.0-427.37.1.el9_4.x86_64  CompilerName: GCC  CompilerVersion: 8.4.0
ProgramName: mri_log_likelihood  ProgramArguments: mri_log_likelihood -all-info  ProgramVersion: 7.3.2  TimeStamp: 2026/03/11-12:29:55-GMT  BuildTime: Aug  4 2022 06:17:15  BuildStamp: freesurfer-linux-ubuntu22_x86_64-7.3.2-20220804-6354275  User: oesteban  Machine: dna048  Platform: Linux  PlatformVersion: 5.14.0-427.37.1.el9_4.x86_64  CompilerName: GCC  CompilerVersion: 8.4.0
ProgramName: mri_mask  ProgramArguments: mri_mask -all-info  ProgramVersion: 7.3.2  TimeStamp: 2026/03/11-12:29:55-GMT  BuildTime: Aug  4 2022 06:17:15  BuildStamp: freesurfer-linux-ubuntu22_x86_64-7.3.2-20220804-6354275  User: oesteban  Machine: dna048  Platform: Linux  PlatformVersion: 5.14.0-427.37.1.el9_4.x86_64  CompilerName: GCC  CompilerVersion: 8.4.0
ProgramName: mri_matrix_multiply  ProgramArguments: mri_matrix_multiply -all-info  ProgramVersion: 7.3.2  TimeStamp: 2026/03/11-12:29:55-GMT  BuildTime: Aug  4 2022 06:17:15  BuildStamp: freesurfer-linux-ubuntu22_x86_64-7.3.2-20220804-6354275  User: oesteban  Machine: dna048  Platform: Linux  PlatformVersion: 5.14.0-427.37.1.el9_4.x86_64  CompilerName: GCC  CompilerVersion: 8.4.0
ProgramName: mri_normalize  ProgramArguments: mri_normalize -all-info  ProgramVersion: 7.3.2  TimeStamp: 2026/03/11-12:29:55-GMT  BuildTime: Aug  4 2022 06:17:15  BuildStamp: freesurfer-linux-ubuntu22_x86_64-7.3.2-20220804-6354275  User: oesteban  Machine: dna048  Platform: Linux  PlatformVersion: 5.14.0-427.37.1.el9_4.x86_64  CompilerName: GCC  CompilerVersion: 8.4.0
ProgramName: mri_normalize_tp2  ProgramArguments: mri_normalize_tp2 -all-info  ProgramVersion: 7.3.2  TimeStamp: 2026/03/11-12:29:55-GMT  BuildTime: Aug  4 2022 06:17:15  BuildStamp: freesurfer-linux-ubuntu22_x86_64-7.3.2-20220804-6354275  User: oesteban  Machine: dna048  Platform: Linux  PlatformVersion: 5.14.0-427.37.1.el9_4.x86_64  CompilerName: GCC  CompilerVersion: 8.4.0
ProgramName: mri_or  ProgramArguments: mri_or -all-info  ProgramVersion: 7.3.2  TimeStamp: 2026/03/11-12:29:55-GMT  BuildTime: Aug  4 2022 06:17:15  BuildStamp: freesurfer-linux-ubuntu22_x86_64-7.3.2-20220804-6354275  User: oesteban  Machine: dna048  Platform: Linux  PlatformVersion: 5.14.0-427.37.1.el9_4.x86_64  CompilerName: GCC  CompilerVersion: 8.4.0
ProgramName: mri_relabel_hypointensities  ProgramArguments: mri_relabel_hypointensities -all-info  ProgramVersion: 7.3.2  TimeStamp: 2026/03/11-12:29:55-GMT  BuildTime: Aug  4 2022 06:17:15  BuildStamp: freesurfer-linux-ubuntu22_x86_64-7.3.2-20220804-6354275  User: oesteban  Machine: dna048  Platform: Linux  PlatformVersion: 5.14.0-427.37.1.el9_4.x86_64  CompilerName: GCC  CompilerVersion: 8.4.0
ProgramName: mri_relabel_nonwm_hypos  ProgramArguments: mri_relabel_nonwm_hypos -all-info  ProgramVersion: 7.3.2  TimeStamp: 2026/03/11-12:29:55-GMT  BuildTime: Aug  4 2022 06:17:15  BuildStamp: freesurfer-linux-ubuntu22_x86_64-7.3.2-20220804-6354275  User: oesteban  Machine: dna048  Platform: Linux  PlatformVersion: 5.14.0-427.37.1.el9_4.x86_64  CompilerName: GCC  CompilerVersion: 8.4.0
ProgramName: mri_remove_neck  ProgramArguments: mri_remove_neck -all-info  ProgramVersion: 7.3.2  TimeStamp: 2026/03/11-12:29:55-GMT  BuildTime: Aug  4 2022 06:17:15  BuildStamp: freesurfer-linux-ubuntu22_x86_64-7.3.2-20220804-6354275  User: oesteban  Machine: dna048  Platform: Linux  PlatformVersion: 5.14.0-427.37.1.el9_4.x86_64  CompilerName: GCC  CompilerVersion: 8.4.0
7.3.2

ProgramName: mri_robust_register  ProgramArguments: mri_robust_register -all-info  ProgramVersion: 7.3.2  TimeStamp: 2026/03/11-12:29:55-GMT  BuildTime: Aug  4 2022 06:17:15  BuildStamp: freesurfer-linux-ubuntu22_x86_64-7.3.2-20220804-6354275  User: oesteban  Machine: dna048  Platform: Linux  PlatformVersion: 5.14.0-427.37.1.el9_4.x86_64  CompilerName: GCC  CompilerVersion: 8.4.0
7.3.2

ProgramName: mri_robust_template  ProgramArguments: mri_robust_template -all-info  ProgramVersion: 7.3.2  TimeStamp: 2026/03/11-12:29:55-GMT  BuildTime: Aug  4 2022 06:17:15  BuildStamp: freesurfer-linux-ubuntu22_x86_64-7.3.2-20220804-6354275  User: oesteban  Machine: dna048  Platform: Linux  PlatformVersion: 5.14.0-427.37.1.el9_4.x86_64  CompilerName: GCC  CompilerVersion: 8.4.0
ProgramName: mris_anatomical_stats  ProgramArguments: mris_anatomical_stats -all-info  ProgramVersion: 7.3.2  TimeStamp: 2026/03/11-12:29:55-GMT  BuildTime: Aug  4 2022 06:17:15  BuildStamp: freesurfer-linux-ubuntu22_x86_64-7.3.2-20220804-6354275  User: oesteban  Machine: dna048  Platform: Linux  PlatformVersion: 5.14.0-427.37.1.el9_4.x86_64  CompilerName: GCC  CompilerVersion: 8.4.0
ProgramName: mris_ca_label  ProgramArguments: mris_ca_label -all-info  ProgramVersion: 7.3.2  TimeStamp: 2026/03/11-12:29:55-GMT  BuildTime: Aug  4 2022 06:17:15  BuildStamp: freesurfer-linux-ubuntu22_x86_64-7.3.2-20220804-6354275  User: oesteban  Machine: dna048  Platform: Linux  PlatformVersion: 5.14.0-427.37.1.el9_4.x86_64  CompilerName: GCC  CompilerVersion: 8.4.0
ProgramName: mris_calc  ProgramArguments: mris_calc -all-info  ProgramVersion: 7.3.2  TimeStamp: 2026/03/11-12:29:55-GMT  BuildTime: Aug  4 2022 06:17:15  BuildStamp: freesurfer-linux-ubuntu22_x86_64-7.3.2-20220804-6354275  User: oesteban  Machine: dna048  Platform: Linux  PlatformVersion: 5.14.0-427.37.1.el9_4.x86_64  CompilerName: GCC  CompilerVersion: 8.4.0
ProgramName: mris_convert  ProgramArguments: mris_convert -all-info  ProgramVersion: 7.3.2  TimeStamp: 2026/03/11-12:29:55-GMT  BuildTime: Aug  4 2022 06:17:15  BuildStamp: freesurfer-linux-ubuntu22_x86_64-7.3.2-20220804-6354275  User: oesteban  Machine: dna048  Platform: Linux  PlatformVersion: 5.14.0-427.37.1.el9_4.x86_64  CompilerName: GCC  CompilerVersion: 8.4.0
ProgramName: mris_curvature  ProgramArguments: mris_curvature -all-info  ProgramVersion: 7.3.2  TimeStamp: 2026/03/11-12:29:55-GMT  BuildTime: Aug  4 2022 06:17:15  BuildStamp: freesurfer-linux-ubuntu22_x86_64-7.3.2-20220804-6354275  User: oesteban  Machine: dna048  Platform: Linux  PlatformVersion: 5.14.0-427.37.1.el9_4.x86_64  CompilerName: GCC  CompilerVersion: 8.4.0
ProgramName: mris_curvature_stats  ProgramArguments: mris_curvature_stats -all-info  ProgramVersion: 7.3.2  TimeStamp: 2026/03/11-12:29:56-GMT  BuildTime: Aug  4 2022 06:17:15  BuildStamp: freesurfer-linux-ubuntu22_x86_64-7.3.2-20220804-6354275  User: oesteban  Machine: dna048  Platform: Linux  PlatformVersion: 5.14.0-427.37.1.el9_4.x86_64  CompilerName: GCC  CompilerVersion: 8.4.0
ProgramName: mris_diff  ProgramArguments: mris_diff -all-info  ProgramVersion: 7.3.2  TimeStamp: 2026/03/11-12:29:56-GMT  BuildTime: Aug  4 2022 06:17:15  BuildStamp: freesurfer-linux-ubuntu22_x86_64-7.3.2-20220804-6354275  User: oesteban  Machine: dna048  Platform: Linux  PlatformVersion: 5.14.0-427.37.1.el9_4.x86_64  CompilerName: GCC  CompilerVersion: 8.4.0
ProgramName: mris_divide_parcellation  ProgramArguments: mris_divide_parcellation -all-info  ProgramVersion: 7.3.2  TimeStamp: 2026/03/11-12:29:56-GMT  BuildTime: Aug  4 2022 06:17:15  BuildStamp: freesurfer-linux-ubuntu22_x86_64-7.3.2-20220804-6354275  User: oesteban  Machine: dna048  Platform: Linux  PlatformVersion: 5.14.0-427.37.1.el9_4.x86_64  CompilerName: GCC  CompilerVersion: 8.4.0
ProgramName: mri_segment  ProgramArguments: mri_segment -all-info  ProgramVersion: 7.3.2  TimeStamp: 2026/03/11-12:29:56-GMT  BuildTime: Aug  4 2022 06:17:15  BuildStamp: freesurfer-linux-ubuntu22_x86_64-7.3.2-20220804-6354275  User: oesteban  Machine: dna048  Platform: Linux  PlatformVersion: 5.14.0-427.37.1.el9_4.x86_64  CompilerName: GCC  CompilerVersion: 8.4.0
ProgramName: mri_segstats  ProgramArguments: mri_segstats -all-info  ProgramVersion: 7.3.2  TimeStamp: 2026/03/11-12:29:56-GMT  BuildTime: Aug  4 2022 06:17:15  BuildStamp: freesurfer-linux-ubuntu22_x86_64-7.3.2-20220804-6354275  User: oesteban  Machine: dna048  Platform: Linux  PlatformVersion: 5.14.0-427.37.1.el9_4.x86_64  CompilerName: GCC  CompilerVersion: 8.4.0
ProgramName: mris_euler_number  ProgramArguments: mris_euler_number -all-info  ProgramVersion: 7.3.2  TimeStamp: 2026/03/11-12:29:56-GMT  BuildTime: Aug  4 2022 06:17:15  BuildStamp: freesurfer-linux-ubuntu22_x86_64-7.3.2-20220804-6354275  User: oesteban  Machine: dna048  Platform: Linux  PlatformVersion: 5.14.0-427.37.1.el9_4.x86_64  CompilerName: GCC  CompilerVersion: 8.4.0
ProgramName: mris_fix_topology  ProgramArguments: mris_fix_topology -all-info  ProgramVersion: 7.3.2  TimeStamp: 2026/03/11-12:29:56-GMT  BuildTime: Aug  4 2022 06:17:15  BuildStamp: freesurfer-linux-ubuntu22_x86_64-7.3.2-20220804-6354275  User: oesteban  Machine: dna048  Platform: Linux  PlatformVersion: 5.14.0-427.37.1.el9_4.x86_64  CompilerName: GCC  CompilerVersion: 8.4.0
ProgramName: mris_topo_fixer  ProgramArguments: mris_topo_fixer -all-info  ProgramVersion: 7.3.2  TimeStamp: 2026/03/11-12:29:56-GMT  BuildTime: Aug  4 2022 06:17:15  BuildStamp: freesurfer-linux-ubuntu22_x86_64-7.3.2-20220804-6354275  User: oesteban  Machine: dna048  Platform: Linux  PlatformVersion: 5.14.0-427.37.1.el9_4.x86_64  CompilerName: GCC  CompilerVersion: 8.4.0
ProgramName: mris_jacobian  ProgramArguments: mris_jacobian -all-info  ProgramVersion: 7.3.2  TimeStamp: 2026/03/11-12:29:56-GMT  BuildTime: Aug  4 2022 06:17:15  BuildStamp: freesurfer-linux-ubuntu22_x86_64-7.3.2-20220804-6354275  User: oesteban  Machine: dna048  Platform: Linux  PlatformVersion: 5.14.0-427.37.1.el9_4.x86_64  CompilerName: GCC  CompilerVersion: 8.4.0
ProgramName: mris_label2annot  ProgramArguments: mris_label2annot -all-info  ProgramVersion: 7.3.2  TimeStamp: 2026/03/11-12:29:56-GMT  BuildTime: Aug  4 2022 06:17:15  BuildStamp: freesurfer-linux-ubuntu22_x86_64-7.3.2-20220804-6354275  User: oesteban  Machine: dna048  Platform: Linux  PlatformVersion: 5.14.0-427.37.1.el9_4.x86_64  CompilerName: GCC  CompilerVersion: 8.4.0
ProgramName: mris_left_right_register  ProgramArguments: mris_left_right_register -all-info  ProgramVersion: 7.3.2  TimeStamp: 2026/03/11-12:29:56-GMT  BuildTime: Aug  4 2022 06:17:15  BuildStamp: freesurfer-linux-ubuntu22_x86_64-7.3.2-20220804-6354275  User: oesteban  Machine: dna048  Platform: Linux  PlatformVersion: 5.14.0-427.37.1.el9_4.x86_64  CompilerName: GCC  CompilerVersion: 8.4.0
ProgramName: mris_place_surface  ProgramArguments: mris_place_surface -all-info  ProgramVersion: 7.3.2  TimeStamp: 2026/03/11-12:29:56-GMT  BuildTime: Aug  4 2022 06:17:15  BuildStamp: freesurfer-linux-ubuntu22_x86_64-7.3.2-20220804-6354275  User: oesteban  Machine: dna048  Platform: Linux  PlatformVersion: 5.14.0-427.37.1.el9_4.x86_64  CompilerName: GCC  CompilerVersion: 8.4.0
ProgramName: mrisp_paint  ProgramArguments: mrisp_paint -all-info  ProgramVersion: 7.3.2  TimeStamp: 2026/03/11-12:29:56-GMT  BuildTime: Aug  4 2022 06:17:15  BuildStamp: freesurfer-linux-ubuntu22_x86_64-7.3.2-20220804-6354275  User: oesteban  Machine: dna048  Platform: Linux  PlatformVersion: 5.14.0-427.37.1.el9_4.x86_64  CompilerName: GCC  CompilerVersion: 8.4.0
ProgramName: mris_register  ProgramArguments: mris_register -all-info  ProgramVersion: 7.3.2  TimeStamp: 2026/03/11-12:29:56-GMT  BuildTime: Aug  4 2022 06:17:15  BuildStamp: freesurfer-linux-ubuntu22_x86_64-7.3.2-20220804-6354275  User: oesteban  Machine: dna048  Platform: Linux  PlatformVersion: 5.14.0-427.37.1.el9_4.x86_64  CompilerName: GCC  CompilerVersion: 8.4.0
ProgramName: mris_smooth  ProgramArguments: mris_smooth -all-info  ProgramVersion: 7.3.2  TimeStamp: 2026/03/11-12:29:56-GMT  BuildTime: Aug  4 2022 06:17:15  BuildStamp: freesurfer-linux-ubuntu22_x86_64-7.3.2-20220804-6354275  User: oesteban  Machine: dna048  Platform: Linux  PlatformVersion: 5.14.0-427.37.1.el9_4.x86_64  CompilerName: GCC  CompilerVersion: 8.4.0
ProgramName: mris_sphere  ProgramArguments: mris_sphere -all-info  ProgramVersion: 7.3.2  TimeStamp: 2026/03/11-12:29:56-GMT  BuildTime: Aug  4 2022 06:17:15  BuildStamp: freesurfer-linux-ubuntu22_x86_64-7.3.2-20220804-6354275  User: oesteban  Machine: dna048  Platform: Linux  PlatformVersion: 5.14.0-427.37.1.el9_4.x86_64  CompilerName: GCC  CompilerVersion: 8.4.0
ProgramName: mris_surface_stats  ProgramArguments: mris_surface_stats -all-info  ProgramVersion: 7.3.2  TimeStamp: 2026/03/11-12:29:56-GMT  BuildTime: Aug  4 2022 06:17:15  BuildStamp: freesurfer-linux-ubuntu22_x86_64-7.3.2-20220804-6354275  User: oesteban  Machine: dna048  Platform: Linux  PlatformVersion: 5.14.0-427.37.1.el9_4.x86_64  CompilerName: GCC  CompilerVersion: 8.4.0
ProgramName: mri_stats2seg  ProgramArguments: mri_stats2seg -all-info  ProgramVersion: 7.3.2  TimeStamp: 2026/03/11-12:29:56-GMT  BuildTime: Aug  4 2022 06:17:15  BuildStamp: freesurfer-linux-ubuntu22_x86_64-7.3.2-20220804-6354275  User: oesteban  Machine: dna048  Platform: Linux  PlatformVersion: 5.14.0-427.37.1.el9_4.x86_64  CompilerName: GCC  CompilerVersion: 8.4.0
ProgramName: mris_thickness  ProgramArguments: mris_thickness -all-info  ProgramVersion: 7.3.2  TimeStamp: 2026/03/11-12:29:56-GMT  BuildTime: Aug  4 2022 06:17:15  BuildStamp: freesurfer-linux-ubuntu22_x86_64-7.3.2-20220804-6354275  User: oesteban  Machine: dna048  Platform: Linux  PlatformVersion: 5.14.0-427.37.1.el9_4.x86_64  CompilerName: GCC  CompilerVersion: 8.4.0
ProgramName: mris_thickness_diff  ProgramArguments: mris_thickness_diff -all-info  ProgramVersion: 7.3.2  TimeStamp: 2026/03/11-12:29:56-GMT  BuildTime: Aug  4 2022 06:17:15  BuildStamp: freesurfer-linux-ubuntu22_x86_64-7.3.2-20220804-6354275  User: oesteban  Machine: dna048  Platform: Linux  PlatformVersion: 5.14.0-427.37.1.el9_4.x86_64  CompilerName: GCC  CompilerVersion: 8.4.0
ProgramName: mris_topo_fixer  ProgramArguments: mris_topo_fixer -all-info  ProgramVersion: 7.3.2  TimeStamp: 2026/03/11-12:29:56-GMT  BuildTime: Aug  4 2022 06:17:15  BuildStamp: freesurfer-linux-ubuntu22_x86_64-7.3.2-20220804-6354275  User: oesteban  Machine: dna048  Platform: Linux  PlatformVersion: 5.14.0-427.37.1.el9_4.x86_64  CompilerName: GCC  CompilerVersion: 8.4.0
ProgramName: mri_surf2surf  ProgramArguments: mri_surf2surf -all-info  ProgramVersion: 7.3.2  TimeStamp: 2026/03/11-12:29:56-GMT  BuildTime: Aug  4 2022 06:17:15  BuildStamp: freesurfer-linux-ubuntu22_x86_64-7.3.2-20220804-6354275  User: oesteban  Machine: dna048  Platform: Linux  PlatformVersion: 5.14.0-427.37.1.el9_4.x86_64  CompilerName: GCC  CompilerVersion: 8.4.0
ProgramName: mri_surf2vol  ProgramArguments: mri_surf2vol -all-info  ProgramVersion: 7.3.2  TimeStamp: 2026/03/11-12:29:56-GMT  BuildTime: Aug  4 2022 06:17:15  BuildStamp: freesurfer-linux-ubuntu22_x86_64-7.3.2-20220804-6354275  User: oesteban  Machine: dna048  Platform: Linux  PlatformVersion: 5.14.0-427.37.1.el9_4.x86_64  CompilerName: GCC  CompilerVersion: 8.4.0
ProgramName: mri_surfcluster  ProgramArguments: mri_surfcluster -all-info  ProgramVersion: 7.3.2  TimeStamp: 2026/03/11-12:29:56-GMT  BuildTime: Aug  4 2022 06:17:15  BuildStamp: freesurfer-linux-ubuntu22_x86_64-7.3.2-20220804-6354275  User: oesteban  Machine: dna048  Platform: Linux  PlatformVersion: 5.14.0-427.37.1.el9_4.x86_64  CompilerName: GCC  CompilerVersion: 8.4.0
ProgramName: mris_volmask  ProgramArguments: mris_volmask -all-info  ProgramVersion: 7.3.2  TimeStamp: 2026/03/11-12:29:56-GMT  BuildTime: Aug  4 2022 06:17:15  BuildStamp: freesurfer-linux-ubuntu22_x86_64-7.3.2-20220804-6354275  User: oesteban  Machine: dna048  Platform: Linux  PlatformVersion: 5.14.0-427.37.1.el9_4.x86_64  CompilerName: GCC  CompilerVersion: 8.4.0
ProgramName: mri_tessellate  ProgramArguments: mri_tessellate -all-info  ProgramVersion: 7.3.2  TimeStamp: 2026/03/11-12:29:56-GMT  BuildTime: Aug  4 2022 06:17:15  BuildStamp: freesurfer-linux-ubuntu22_x86_64-7.3.2-20220804-6354275  User: oesteban  Machine: dna048  Platform: Linux  PlatformVersion: 5.14.0-427.37.1.el9_4.x86_64  CompilerName: GCC  CompilerVersion: 8.4.0
ProgramName: mri_vol2surf  ProgramArguments: mri_vol2surf -all-info  ProgramVersion: 7.3.2  TimeStamp: 2026/03/11-12:29:56-GMT  BuildTime: Aug  4 2022 06:17:15  BuildStamp: freesurfer-linux-ubuntu22_x86_64-7.3.2-20220804-6354275  User: oesteban  Machine: dna048  Platform: Linux  PlatformVersion: 5.14.0-427.37.1.el9_4.x86_64  CompilerName: GCC  CompilerVersion: 8.4.0
ProgramName: mri_vol2vol  ProgramArguments: mri_vol2vol -all-info  ProgramVersion: 7.3.2  TimeStamp: 2026/03/11-12:29:56-GMT  BuildTime: Aug  4 2022 06:17:15  BuildStamp: freesurfer-linux-ubuntu22_x86_64-7.3.2-20220804-6354275  User: oesteban  Machine: dna048  Platform: Linux  PlatformVersion: 5.14.0-427.37.1.el9_4.x86_64  CompilerName: GCC  CompilerVersion: 8.4.0
ProgramName: mri_voldiff  ProgramArguments: mri_voldiff -all-info  ProgramVersion: 7.3.2  TimeStamp: 2026/03/11-12:29:56-GMT  BuildTime: Aug  4 2022 06:17:15  BuildStamp: freesurfer-linux-ubuntu22_x86_64-7.3.2-20220804-6354275  User: oesteban  Machine: dna048  Platform: Linux  PlatformVersion: 5.14.0-427.37.1.el9_4.x86_64  CompilerName: GCC  CompilerVersion: 8.4.0
ProgramName: mri_watershed  ProgramArguments: mri_watershed -all-info  ProgramVersion: 7.3.2  TimeStamp: 2026/03/11-12:29:56-GMT  BuildTime: Aug  4 2022 06:17:15  BuildStamp: freesurfer-linux-ubuntu22_x86_64-7.3.2-20220804-6354275  User: oesteban  Machine: dna048  Platform: Linux  PlatformVersion: 5.14.0-427.37.1.el9_4.x86_64  CompilerName: GCC  CompilerVersion: 8.4.0
ProgramName: tkregister2  ProgramArguments: tkregister2_cmdl -all-info  ProgramVersion: 7.3.2  TimeStamp: 2026/03/11-12:29:56-GMT  BuildTime: Aug  4 2022 06:17:15  BuildStamp: freesurfer-linux-ubuntu22_x86_64-7.3.2-20220804-6354275  User: oesteban  Machine: dna048  Platform: Linux  PlatformVersion: 5.14.0-427.37.1.el9_4.x86_64  CompilerName: GCC  CompilerVersion: 8.4.0
mri_motion_correct.fsl 7.3.2
mri_convert -all-info 
ProgramName: mri_convert  ProgramArguments: mri_convert -all-info  ProgramVersion: 7.3.2  TimeStamp: 2026/03/11-12:29:56-GMT  BuildTime: Aug  4 2022 06:17:15  BuildStamp: freesurfer-linux-ubuntu22_x86_64-7.3.2-20220804-6354275  User: oesteban  Machine: dna048  Platform: Linux  PlatformVersion: 5.14.0-427.37.1.el9_4.x86_64  CompilerName: GCC  CompilerVersion: 8.4.0
Program nu_correct, built from:
Package MNI N3, version 1.12.0, compiled by nicks@terrier (x86_64-unknown-linux-gnu) on 2015-06-19 at 01:25:34
#######################################
GCADIR /opt/freesurfer/average
GCA RB_all_2020-01-02.gca
GCASkull RB_all_withskull_2020_01_02.gca
AvgCurvTif folding.atlas.acfb40.noaparc.i12.2016-08-02.tif
GCSDIR /opt/freesurfer/average
GCS DKaparc.atlas.acfb40.noaparc.i12.2016-08-02.gcs
#######################################
#@# white curv lh Wed Mar 11 13:29:56 CET 2026
cd /out/sourcedata/freesurfer/sub-v2s16x51274_ses-1/mri
mris_place_surface --curv-map ../surf/lh.white 2 10 ../surf/lh.curv
   Update not needed
#@# white area lh Wed Mar 11 13:29:56 CET 2026
cd /out/sourcedata/freesurfer/sub-v2s16x51274_ses-1/mri
mris_place_surface --area-map ../surf/lh.white ../surf/lh.area
   Update not needed
#@# pial curv lh Wed Mar 11 13:29:56 CET 2026
cd /out/sourcedata/freesurfer/sub-v2s16x51274_ses-1/mri
mris_place_surface --curv-map ../surf/lh.pial 2 10 ../surf/lh.curv.pial
   Update not needed
#@# pial area lh Wed Mar 11 13:29:56 CET 2026
cd /out/sourcedata/freesurfer/sub-v2s16x51274_ses-1/mri
mris_place_surface --area-map ../surf/lh.pial ../surf/lh.area.pial
   Update not needed
#@# thickness lh Wed Mar 11 13:29:56 CET 2026
cd /out/sourcedata/freesurfer/sub-v2s16x51274_ses-1/mri
mris_place_surface --thickness ../surf/lh.white ../surf/lh.pial 20 5 ../surf/lh.thickness
   Update not needed
#@# area and vertex vol lh Wed Mar 11 13:29:56 CET 2026
cd /out/sourcedata/freesurfer/sub-v2s16x51274_ses-1/mri
mris_place_surface --thickness ../surf/lh.white ../surf/lh.pial 20 5 ../surf/lh.thickness
   Update not needed
#@# white curv rh Wed Mar 11 13:29:56 CET 2026
cd /out/sourcedata/freesurfer/sub-v2s16x51274_ses-1/mri
mris_place_surface --curv-map ../surf/rh.white 2 10 ../surf/rh.curv
   Update not needed
#@# white area rh Wed Mar 11 13:29:56 CET 2026
cd /out/sourcedata/freesurfer/sub-v2s16x51274_ses-1/mri
mris_place_surface --area-map ../surf/rh.white ../surf/rh.area
   Update not needed
#@# pial curv rh Wed Mar 11 13:29:56 CET 2026
cd /out/sourcedata/freesurfer/sub-v2s16x51274_ses-1/mri
mris_place_surface --curv-map ../surf/rh.pial 2 10 ../surf/rh.curv.pial
   Update not needed
#@# pial area rh Wed Mar 11 13:29:56 CET 2026
cd /out/sourcedata/freesurfer/sub-v2s16x51274_ses-1/mri
mris_place_surface --area-map ../surf/rh.pial ../surf/rh.area.pial
   Update not needed
#@# thickness rh Wed Mar 11 13:29:56 CET 2026
cd /out/sourcedata/freesurfer/sub-v2s16x51274_ses-1/mri
mris_place_surface --thickness ../surf/rh.white ../surf/rh.pial 20 5 ../surf/rh.thickness
   Update not needed
#@# area and vertex vol rh Wed Mar 11 13:29:56 CET 2026
cd /out/sourcedata/freesurfer/sub-v2s16x51274_ses-1/mri
mris_place_surface --thickness ../surf/rh.white ../surf/rh.pial 20 5 ../surf/rh.thickness
   Update not needed
#--------------------------------------------
#@# Cortical ribbon mask Wed Mar 11 13:29:56 CET 2026
/out/sourcedata/freesurfer/sub-v2s16x51274_ses-1/mri

 mris_volmask --aseg_name aseg.presurf --label_left_white 2 --label_left_ribbon 3 --label_right_white 41 --label_right_ribbon 42 --save_ribbon sub-v2s16x51274_ses-1 

SUBJECTS_DIR is /out/sourcedata/freesurfer
loading input data...
Running hemis serially
Processing left hemi
computing distance to left white surface 
computing distance to left pial surface 
Processing right hemi
computing distance to right white surface 
computing distance to right pial surface 
 hemi masks overlap voxels = 240
writing volume /out/sourcedata/freesurfer/sub-v2s16x51274_ses-1/mri/ribbon.mgz
mris_volmask took 4.54 minutes
 writing ribbon files

Started at Wed Mar 11 13:29:55 CET 2026 
Ended   at Wed Mar 11 13:34:28 CET 2026
#@#%# recon-all-run-time-hours 0.076
recon-all -s sub-v2s16x51274_ses-1 finished without error at Wed Mar 11 13:34:28 CET 2026



#New# invocation of recon-all 




Wed Mar 11 13:40:20 CET 2026
cd /out/sourcedata/freesurfer/sub-v2s16x51274_ses-1
setenv SUBJECTS_DIR /out/sourcedata/freesurfer
/opt/freesurfer/bin/recon-all -autorecon3 -openmp 16 -subjid sub-v2s16x51274_ses-1 -sd /out/sourcedata/freesurfer -nosphere -nosurfreg -nojacobian_white -noavgcurv -nocortparc -nopial -noparcstats -nocortparc2 -noparcstats2 -nocortparc3 -noparcstats3 -nopctsurfcon -nocortribbon -nobalabels

subjid sub-v2s16x51274_ses-1
setenv SUBJECTS_DIR /out/sourcedata/freesurfer
FREESURFER_HOME /opt/freesurfer
Actual FREESURFER_HOME /opt/freesurfer
build-stamp.txt: freesurfer-linux-ubuntu22_x86_64-7.3.2-20220804-6354275
Linux dna048 5.14.0-427.37.1.el9_4.x86_64 #1 SMP PREEMPT_DYNAMIC Fri Sep 13 12:41:50 EDT 2024 x86_64 x86_64 x86_64 GNU/Linux
cputime      unlimited
filesize     unlimited
datasize     unlimited
stacksize    8192 kbytes
coredumpsize 0 kbytes
memoryuse    67108864 kbytes
vmemoryuse   unlimited
descriptors  1024 
memorylocked unlimited
maxproc      2061970 
maxlocks     unlimited
maxsignal    4126352 
maxmessage   819200 
maxnice      0 
maxrtprio    0 
maxrttime    unlimited

               total        used        free      shared  buff/cache   available
Mem:           1.0Ti        53Gi       769Gi        20Gi       184Gi       927Gi
Swap:             0B          0B          0B

########################################
program versions used
7.3.2 (freesurfer-linux-ubuntu22_x86_64-7.3.2-20220804-6354275)
7.3.2

ProgramName: lta_convert  ProgramArguments: lta_convert -all-info  ProgramVersion: 7.3.2  TimeStamp: 2026/03/11-12:40:20-GMT  BuildTime: Aug  4 2022 06:17:15  BuildStamp: freesurfer-linux-ubuntu22_x86_64-7.3.2-20220804-6354275  User: oesteban  Machine: dna048  Platform: Linux  PlatformVersion: 5.14.0-427.37.1.el9_4.x86_64  CompilerName: GCC  CompilerVersion: 8.4.0
ProgramName: mri_and  ProgramArguments: mri_and -all-info  ProgramVersion: 7.3.2  TimeStamp: 2026/03/11-12:40:20-GMT  BuildTime: Aug  4 2022 06:17:15  BuildStamp: freesurfer-linux-ubuntu22_x86_64-7.3.2-20220804-6354275  User: oesteban  Machine: dna048  Platform: Linux  PlatformVersion: 5.14.0-427.37.1.el9_4.x86_64  CompilerName: GCC  CompilerVersion: 8.4.0
ProgramName: mri_annotation2label  ProgramArguments: mri_annotation2label -all-info  ProgramVersion: 7.3.2  TimeStamp: 2026/03/11-12:40:20-GMT  BuildTime: Aug  4 2022 06:17:15  BuildStamp: freesurfer-linux-ubuntu22_x86_64-7.3.2-20220804-6354275  User: oesteban  Machine: dna048  Platform: Linux  PlatformVersion: 5.14.0-427.37.1.el9_4.x86_64  CompilerName: GCC  CompilerVersion: 8.4.0
ProgramName: mri_aparc2aseg  ProgramArguments: mri_aparc2aseg -all-info  ProgramVersion: 7.3.2  TimeStamp: 2026/03/11-12:40:20-GMT  BuildTime: Aug  4 2022 06:17:15  BuildStamp: freesurfer-linux-ubuntu22_x86_64-7.3.2-20220804-6354275  User: oesteban  Machine: dna048  Platform: Linux  PlatformVersion: 5.14.0-427.37.1.el9_4.x86_64  CompilerName: GCC  CompilerVersion: 8.4.0
ProgramName: mri_surf2volseg  ProgramArguments: mri_surf2volseg -all-info  ProgramVersion: 7.3.2  TimeStamp: 2026/03/11-12:40:20-GMT  BuildTime: Aug  4 2022 06:17:15  BuildStamp: freesurfer-linux-ubuntu22_x86_64-7.3.2-20220804-6354275  User: oesteban  Machine: dna048  Platform: Linux  PlatformVersion: 5.14.0-427.37.1.el9_4.x86_64  CompilerName: GCC  CompilerVersion: 8.4.0
ProgramName: mri_binarize  ProgramArguments: mri_binarize -all-info  ProgramVersion: 7.3.2  TimeStamp: 2026/03/11-12:40:20-GMT  BuildTime: Aug  4 2022 06:17:15  BuildStamp: freesurfer-linux-ubuntu22_x86_64-7.3.2-20220804-6354275  User: oesteban  Machine: dna048  Platform: Linux  PlatformVersion: 5.14.0-427.37.1.el9_4.x86_64  CompilerName: GCC  CompilerVersion: 8.4.0
ProgramName: mri_ca_label  ProgramArguments: mri_ca_label -all-info  ProgramVersion: 7.3.2  TimeStamp: 2026/03/11-12:40:20-GMT  BuildTime: Aug  4 2022 06:17:15  BuildStamp: freesurfer-linux-ubuntu22_x86_64-7.3.2-20220804-6354275  User: oesteban  Machine: dna048  Platform: Linux  PlatformVersion: 5.14.0-427.37.1.el9_4.x86_64  CompilerName: GCC  CompilerVersion: 8.4.0
ProgramName: mri_ca_normalize  ProgramArguments: mri_ca_normalize -all-info  ProgramVersion: 7.3.2  TimeStamp: 2026/03/11-12:40:20-GMT  BuildTime: Aug  4 2022 06:17:15  BuildStamp: freesurfer-linux-ubuntu22_x86_64-7.3.2-20220804-6354275  User: oesteban  Machine: dna048  Platform: Linux  PlatformVersion: 5.14.0-427.37.1.el9_4.x86_64  CompilerName: GCC  CompilerVersion: 8.4.0
ProgramName: mri_ca_register  ProgramArguments: mri_ca_register -all-info  ProgramVersion: 7.3.2  TimeStamp: 2026/03/11-12:40:20-GMT  BuildTime: Aug  4 2022 06:17:15  BuildStamp: freesurfer-linux-ubuntu22_x86_64-7.3.2-20220804-6354275  User: oesteban  Machine: dna048  Platform: Linux  PlatformVersion: 5.14.0-427.37.1.el9_4.x86_64  CompilerName: GCC  CompilerVersion: 8.4.0
ProgramName: mri_cc  ProgramArguments: mri_cc -all-info  ProgramVersion: 7.3.2  TimeStamp: 2026/03/11-12:40:20-GMT  BuildTime: Aug  4 2022 06:17:15  BuildStamp: freesurfer-linux-ubuntu22_x86_64-7.3.2-20220804-6354275  User: oesteban  Machine: dna048  Platform: Linux  PlatformVersion: 5.14.0-427.37.1.el9_4.x86_64  CompilerName: GCC  CompilerVersion: 8.4.0
ProgramName: mri_compute_overlap  ProgramArguments: mri_compute_overlap -all-info  ProgramVersion: 7.3.2  TimeStamp: 2026/03/11-12:40:20-GMT  BuildTime: Aug  4 2022 06:17:15  BuildStamp: freesurfer-linux-ubuntu22_x86_64-7.3.2-20220804-6354275  User: oesteban  Machine: dna048  Platform: Linux  PlatformVersion: 5.14.0-427.37.1.el9_4.x86_64  CompilerName: GCC  CompilerVersion: 8.4.0
ProgramName: mri_compute_seg_overlap  ProgramArguments: mri_compute_seg_overlap -all-info  ProgramVersion: 7.3.2  TimeStamp: 2026/03/11-12:40:20-GMT  BuildTime: Aug  4 2022 06:17:15  BuildStamp: freesurfer-linux-ubuntu22_x86_64-7.3.2-20220804-6354275  User: oesteban  Machine: dna048  Platform: Linux  PlatformVersion: 5.14.0-427.37.1.el9_4.x86_64  CompilerName: GCC  CompilerVersion: 8.4.0
ProgramName: mri_concat  ProgramArguments: mri_concat -all-info  ProgramVersion: 7.3.2  TimeStamp: 2026/03/11-12:40:20-GMT  BuildTime: Aug  4 2022 06:17:15  BuildStamp: freesurfer-linux-ubuntu22_x86_64-7.3.2-20220804-6354275  User: oesteban  Machine: dna048  Platform: Linux  PlatformVersion: 5.14.0-427.37.1.el9_4.x86_64  CompilerName: GCC  CompilerVersion: 8.4.0
ProgramName: mri_concatenate_lta  ProgramArguments: mri_concatenate_lta -all-info  ProgramVersion: 7.3.2  TimeStamp: 2026/03/11-12:40:20-GMT  BuildTime: Aug  4 2022 06:17:15  BuildStamp: freesurfer-linux-ubuntu22_x86_64-7.3.2-20220804-6354275  User: oesteban  Machine: dna048  Platform: Linux  PlatformVersion: 5.14.0-427.37.1.el9_4.x86_64  CompilerName: GCC  CompilerVersion: 8.4.0
mri_convert -all-info 
ProgramName: mri_convert  ProgramArguments: mri_convert -all-info  ProgramVersion: 7.3.2  TimeStamp: 2026/03/11-12:40:20-GMT  BuildTime: Aug  4 2022 06:17:15  BuildStamp: freesurfer-linux-ubuntu22_x86_64-7.3.2-20220804-6354275  User: oesteban  Machine: dna048  Platform: Linux  PlatformVersion: 5.14.0-427.37.1.el9_4.x86_64  CompilerName: GCC  CompilerVersion: 8.4.0
ProgramName: mri_diff  ProgramArguments: mri_diff -all-info  ProgramVersion: 7.3.2  TimeStamp: 2026/03/11-12:40:20-GMT  BuildTime: Aug  4 2022 06:17:15  BuildStamp: freesurfer-linux-ubuntu22_x86_64-7.3.2-20220804-6354275  User: oesteban  Machine: dna048  Platform: Linux  PlatformVersion: 5.14.0-427.37.1.el9_4.x86_64  CompilerName: GCC  CompilerVersion: 8.4.0
ProgramName: mri_edit_wm_with_aseg  ProgramArguments: mri_edit_wm_with_aseg -all-info  ProgramVersion: 7.3.2  TimeStamp: 2026/03/11-12:40:20-GMT  BuildTime: Aug  4 2022 06:17:15  BuildStamp: freesurfer-linux-ubuntu22_x86_64-7.3.2-20220804-6354275  User: oesteban  Machine: dna048  Platform: Linux  PlatformVersion: 5.14.0-427.37.1.el9_4.x86_64  CompilerName: GCC  CompilerVersion: 8.4.0
ProgramName: mri_em_register  ProgramArguments: mri_em_register -all-info  ProgramVersion: 7.3.2  TimeStamp: 2026/03/11-12:40:20-GMT  BuildTime: Aug  4 2022 06:17:15  BuildStamp: freesurfer-linux-ubuntu22_x86_64-7.3.2-20220804-6354275  User: oesteban  Machine: dna048  Platform: Linux  PlatformVersion: 5.14.0-427.37.1.el9_4.x86_64  CompilerName: GCC  CompilerVersion: 8.4.0
ProgramName: mri_fill  ProgramArguments: mri_fill -all-info  ProgramVersion: 7.3.2  TimeStamp: 2026/03/11-12:40:20-GMT  BuildTime: Aug  4 2022 06:17:15  BuildStamp: freesurfer-linux-ubuntu22_x86_64-7.3.2-20220804-6354275  User: oesteban  Machine: dna048  Platform: Linux  PlatformVersion: 5.14.0-427.37.1.el9_4.x86_64  CompilerName: GCC  CompilerVersion: 8.4.0
ProgramName: mri_fuse_segmentations  ProgramArguments: mri_fuse_segmentations -all-info  ProgramVersion: 7.3.2  TimeStamp: 2026/03/11-12:40:20-GMT  BuildTime: Aug  4 2022 06:17:15  BuildStamp: freesurfer-linux-ubuntu22_x86_64-7.3.2-20220804-6354275  User: oesteban  Machine: dna048  Platform: Linux  PlatformVersion: 5.14.0-427.37.1.el9_4.x86_64  CompilerName: GCC  CompilerVersion: 8.4.0
ProgramName: mri_fwhm  ProgramArguments: mri_fwhm -all-info  ProgramVersion: 7.3.2  TimeStamp: 2026/03/11-12:40:20-GMT  BuildTime: Aug  4 2022 06:17:15  BuildStamp: freesurfer-linux-ubuntu22_x86_64-7.3.2-20220804-6354275  User: oesteban  Machine: dna048  Platform: Linux  PlatformVersion: 5.14.0-427.37.1.el9_4.x86_64  CompilerName: GCC  CompilerVersion: 8.4.0
ProgramName: mri_gcut  ProgramArguments: mri_gcut -all-info  ProgramVersion: 7.3.2  TimeStamp: 2026/03/11-12:40:20-GMT  BuildTime: Aug  4 2022 06:17:15  BuildStamp: freesurfer-linux-ubuntu22_x86_64-7.3.2-20220804-6354275  User: oesteban  Machine: dna048  Platform: Linux  PlatformVersion: 5.14.0-427.37.1.el9_4.x86_64  CompilerName: GCC  CompilerVersion: 8.4.0
ProgramName: mri_info  ProgramArguments: mri_info -all-info  ProgramVersion: 7.3.2  TimeStamp: 2026/03/11-12:40:20-GMT  BuildTime: Aug  4 2022 06:17:15  BuildStamp: freesurfer-linux-ubuntu22_x86_64-7.3.2-20220804-6354275  User: oesteban  Machine: dna048  Platform: Linux  PlatformVersion: 5.14.0-427.37.1.el9_4.x86_64  CompilerName: GCC  CompilerVersion: 8.4.0
ProgramName: mri_label2label  ProgramArguments: mri_label2label -all-info  ProgramVersion: 7.3.2  TimeStamp: 2026/03/11-12:40:20-GMT  BuildTime: Aug  4 2022 06:17:15  BuildStamp: freesurfer-linux-ubuntu22_x86_64-7.3.2-20220804-6354275  User: oesteban  Machine: dna048  Platform: Linux  PlatformVersion: 5.14.0-427.37.1.el9_4.x86_64  CompilerName: GCC  CompilerVersion: 8.4.0
ProgramName: mri_label2vol  ProgramArguments: mri_label2vol -all-info  ProgramVersion: 7.3.2  TimeStamp: 2026/03/11-12:40:20-GMT  BuildTime: Aug  4 2022 06:17:15  BuildStamp: freesurfer-linux-ubuntu22_x86_64-7.3.2-20220804-6354275  User: oesteban  Machine: dna048  Platform: Linux  PlatformVersion: 5.14.0-427.37.1.el9_4.x86_64  CompilerName: GCC  CompilerVersion: 8.4.0
ProgramName: mri_log_likelihood  ProgramArguments: mri_log_likelihood -all-info  ProgramVersion: 7.3.2  TimeStamp: 2026/03/11-12:40:20-GMT  BuildTime: Aug  4 2022 06:17:15  BuildStamp: freesurfer-linux-ubuntu22_x86_64-7.3.2-20220804-6354275  User: oesteban  Machine: dna048  Platform: Linux  PlatformVersion: 5.14.0-427.37.1.el9_4.x86_64  CompilerName: GCC  CompilerVersion: 8.4.0
ProgramName: mri_mask  ProgramArguments: mri_mask -all-info  ProgramVersion: 7.3.2  TimeStamp: 2026/03/11-12:40:20-GMT  BuildTime: Aug  4 2022 06:17:15  BuildStamp: freesurfer-linux-ubuntu22_x86_64-7.3.2-20220804-6354275  User: oesteban  Machine: dna048  Platform: Linux  PlatformVersion: 5.14.0-427.37.1.el9_4.x86_64  CompilerName: GCC  CompilerVersion: 8.4.0
ProgramName: mri_matrix_multiply  ProgramArguments: mri_matrix_multiply -all-info  ProgramVersion: 7.3.2  TimeStamp: 2026/03/11-12:40:20-GMT  BuildTime: Aug  4 2022 06:17:15  BuildStamp: freesurfer-linux-ubuntu22_x86_64-7.3.2-20220804-6354275  User: oesteban  Machine: dna048  Platform: Linux  PlatformVersion: 5.14.0-427.37.1.el9_4.x86_64  CompilerName: GCC  CompilerVersion: 8.4.0
ProgramName: mri_normalize  ProgramArguments: mri_normalize -all-info  ProgramVersion: 7.3.2  TimeStamp: 2026/03/11-12:40:20-GMT  BuildTime: Aug  4 2022 06:17:15  BuildStamp: freesurfer-linux-ubuntu22_x86_64-7.3.2-20220804-6354275  User: oesteban  Machine: dna048  Platform: Linux  PlatformVersion: 5.14.0-427.37.1.el9_4.x86_64  CompilerName: GCC  CompilerVersion: 8.4.0
ProgramName: mri_normalize_tp2  ProgramArguments: mri_normalize_tp2 -all-info  ProgramVersion: 7.3.2  TimeStamp: 2026/03/11-12:40:20-GMT  BuildTime: Aug  4 2022 06:17:15  BuildStamp: freesurfer-linux-ubuntu22_x86_64-7.3.2-20220804-6354275  User: oesteban  Machine: dna048  Platform: Linux  PlatformVersion: 5.14.0-427.37.1.el9_4.x86_64  CompilerName: GCC  CompilerVersion: 8.4.0
ProgramName: mri_or  ProgramArguments: mri_or -all-info  ProgramVersion: 7.3.2  TimeStamp: 2026/03/11-12:40:20-GMT  BuildTime: Aug  4 2022 06:17:15  BuildStamp: freesurfer-linux-ubuntu22_x86_64-7.3.2-20220804-6354275  User: oesteban  Machine: dna048  Platform: Linux  PlatformVersion: 5.14.0-427.37.1.el9_4.x86_64  CompilerName: GCC  CompilerVersion: 8.4.0
ProgramName: mri_relabel_hypointensities  ProgramArguments: mri_relabel_hypointensities -all-info  ProgramVersion: 7.3.2  TimeStamp: 2026/03/11-12:40:20-GMT  BuildTime: Aug  4 2022 06:17:15  BuildStamp: freesurfer-linux-ubuntu22_x86_64-7.3.2-20220804-6354275  User: oesteban  Machine: dna048  Platform: Linux  PlatformVersion: 5.14.0-427.37.1.el9_4.x86_64  CompilerName: GCC  CompilerVersion: 8.4.0
ProgramName: mri_relabel_nonwm_hypos  ProgramArguments: mri_relabel_nonwm_hypos -all-info  ProgramVersion: 7.3.2  TimeStamp: 2026/03/11-12:40:20-GMT  BuildTime: Aug  4 2022 06:17:15  BuildStamp: freesurfer-linux-ubuntu22_x86_64-7.3.2-20220804-6354275  User: oesteban  Machine: dna048  Platform: Linux  PlatformVersion: 5.14.0-427.37.1.el9_4.x86_64  CompilerName: GCC  CompilerVersion: 8.4.0
ProgramName: mri_remove_neck  ProgramArguments: mri_remove_neck -all-info  ProgramVersion: 7.3.2  TimeStamp: 2026/03/11-12:40:20-GMT  BuildTime: Aug  4 2022 06:17:15  BuildStamp: freesurfer-linux-ubuntu22_x86_64-7.3.2-20220804-6354275  User: oesteban  Machine: dna048  Platform: Linux  PlatformVersion: 5.14.0-427.37.1.el9_4.x86_64  CompilerName: GCC  CompilerVersion: 8.4.0
7.3.2

ProgramName: mri_robust_register  ProgramArguments: mri_robust_register -all-info  ProgramVersion: 7.3.2  TimeStamp: 2026/03/11-12:40:20-GMT  BuildTime: Aug  4 2022 06:17:15  BuildStamp: freesurfer-linux-ubuntu22_x86_64-7.3.2-20220804-6354275  User: oesteban  Machine: dna048  Platform: Linux  PlatformVersion: 5.14.0-427.37.1.el9_4.x86_64  CompilerName: GCC  CompilerVersion: 8.4.0
7.3.2

ProgramName: mri_robust_template  ProgramArguments: mri_robust_template -all-info  ProgramVersion: 7.3.2  TimeStamp: 2026/03/11-12:40:20-GMT  BuildTime: Aug  4 2022 06:17:15  BuildStamp: freesurfer-linux-ubuntu22_x86_64-7.3.2-20220804-6354275  User: oesteban  Machine: dna048  Platform: Linux  PlatformVersion: 5.14.0-427.37.1.el9_4.x86_64  CompilerName: GCC  CompilerVersion: 8.4.0
ProgramName: mris_anatomical_stats  ProgramArguments: mris_anatomical_stats -all-info  ProgramVersion: 7.3.2  TimeStamp: 2026/03/11-12:40:20-GMT  BuildTime: Aug  4 2022 06:17:15  BuildStamp: freesurfer-linux-ubuntu22_x86_64-7.3.2-20220804-6354275  User: oesteban  Machine: dna048  Platform: Linux  PlatformVersion: 5.14.0-427.37.1.el9_4.x86_64  CompilerName: GCC  CompilerVersion: 8.4.0
ProgramName: mris_ca_label  ProgramArguments: mris_ca_label -all-info  ProgramVersion: 7.3.2  TimeStamp: 2026/03/11-12:40:20-GMT  BuildTime: Aug  4 2022 06:17:15  BuildStamp: freesurfer-linux-ubuntu22_x86_64-7.3.2-20220804-6354275  User: oesteban  Machine: dna048  Platform: Linux  PlatformVersion: 5.14.0-427.37.1.el9_4.x86_64  CompilerName: GCC  CompilerVersion: 8.4.0
ProgramName: mris_calc  ProgramArguments: mris_calc -all-info  ProgramVersion: 7.3.2  TimeStamp: 2026/03/11-12:40:20-GMT  BuildTime: Aug  4 2022 06:17:15  BuildStamp: freesurfer-linux-ubuntu22_x86_64-7.3.2-20220804-6354275  User: oesteban  Machine: dna048  Platform: Linux  PlatformVersion: 5.14.0-427.37.1.el9_4.x86_64  CompilerName: GCC  CompilerVersion: 8.4.0
ProgramName: mris_convert  ProgramArguments: mris_convert -all-info  ProgramVersion: 7.3.2  TimeStamp: 2026/03/11-12:40:20-GMT  BuildTime: Aug  4 2022 06:17:15  BuildStamp: freesurfer-linux-ubuntu22_x86_64-7.3.2-20220804-6354275  User: oesteban  Machine: dna048  Platform: Linux  PlatformVersion: 5.14.0-427.37.1.el9_4.x86_64  CompilerName: GCC  CompilerVersion: 8.4.0
ProgramName: mris_curvature  ProgramArguments: mris_curvature -all-info  ProgramVersion: 7.3.2  TimeStamp: 2026/03/11-12:40:20-GMT  BuildTime: Aug  4 2022 06:17:15  BuildStamp: freesurfer-linux-ubuntu22_x86_64-7.3.2-20220804-6354275  User: oesteban  Machine: dna048  Platform: Linux  PlatformVersion: 5.14.0-427.37.1.el9_4.x86_64  CompilerName: GCC  CompilerVersion: 8.4.0
ProgramName: mris_curvature_stats  ProgramArguments: mris_curvature_stats -all-info  ProgramVersion: 7.3.2  TimeStamp: 2026/03/11-12:40:20-GMT  BuildTime: Aug  4 2022 06:17:15  BuildStamp: freesurfer-linux-ubuntu22_x86_64-7.3.2-20220804-6354275  User: oesteban  Machine: dna048  Platform: Linux  PlatformVersion: 5.14.0-427.37.1.el9_4.x86_64  CompilerName: GCC  CompilerVersion: 8.4.0
ProgramName: mris_diff  ProgramArguments: mris_diff -all-info  ProgramVersion: 7.3.2  TimeStamp: 2026/03/11-12:40:20-GMT  BuildTime: Aug  4 2022 06:17:15  BuildStamp: freesurfer-linux-ubuntu22_x86_64-7.3.2-20220804-6354275  User: oesteban  Machine: dna048  Platform: Linux  PlatformVersion: 5.14.0-427.37.1.el9_4.x86_64  CompilerName: GCC  CompilerVersion: 8.4.0
ProgramName: mris_divide_parcellation  ProgramArguments: mris_divide_parcellation -all-info  ProgramVersion: 7.3.2  TimeStamp: 2026/03/11-12:40:20-GMT  BuildTime: Aug  4 2022 06:17:15  BuildStamp: freesurfer-linux-ubuntu22_x86_64-7.3.2-20220804-6354275  User: oesteban  Machine: dna048  Platform: Linux  PlatformVersion: 5.14.0-427.37.1.el9_4.x86_64  CompilerName: GCC  CompilerVersion: 8.4.0
ProgramName: mri_segment  ProgramArguments: mri_segment -all-info  ProgramVersion: 7.3.2  TimeStamp: 2026/03/11-12:40:20-GMT  BuildTime: Aug  4 2022 06:17:15  BuildStamp: freesurfer-linux-ubuntu22_x86_64-7.3.2-20220804-6354275  User: oesteban  Machine: dna048  Platform: Linux  PlatformVersion: 5.14.0-427.37.1.el9_4.x86_64  CompilerName: GCC  CompilerVersion: 8.4.0
ProgramName: mri_segstats  ProgramArguments: mri_segstats -all-info  ProgramVersion: 7.3.2  TimeStamp: 2026/03/11-12:40:20-GMT  BuildTime: Aug  4 2022 06:17:15  BuildStamp: freesurfer-linux-ubuntu22_x86_64-7.3.2-20220804-6354275  User: oesteban  Machine: dna048  Platform: Linux  PlatformVersion: 5.14.0-427.37.1.el9_4.x86_64  CompilerName: GCC  CompilerVersion: 8.4.0
ProgramName: mris_euler_number  ProgramArguments: mris_euler_number -all-info  ProgramVersion: 7.3.2  TimeStamp: 2026/03/11-12:40:20-GMT  BuildTime: Aug  4 2022 06:17:15  BuildStamp: freesurfer-linux-ubuntu22_x86_64-7.3.2-20220804-6354275  User: oesteban  Machine: dna048  Platform: Linux  PlatformVersion: 5.14.0-427.37.1.el9_4.x86_64  CompilerName: GCC  CompilerVersion: 8.4.0
ProgramName: mris_fix_topology  ProgramArguments: mris_fix_topology -all-info  ProgramVersion: 7.3.2  TimeStamp: 2026/03/11-12:40:20-GMT  BuildTime: Aug  4 2022 06:17:15  BuildStamp: freesurfer-linux-ubuntu22_x86_64-7.3.2-20220804-6354275  User: oesteban  Machine: dna048  Platform: Linux  PlatformVersion: 5.14.0-427.37.1.el9_4.x86_64  CompilerName: GCC  CompilerVersion: 8.4.0
ProgramName: mris_topo_fixer  ProgramArguments: mris_topo_fixer -all-info  ProgramVersion: 7.3.2  TimeStamp: 2026/03/11-12:40:20-GMT  BuildTime: Aug  4 2022 06:17:15  BuildStamp: freesurfer-linux-ubuntu22_x86_64-7.3.2-20220804-6354275  User: oesteban  Machine: dna048  Platform: Linux  PlatformVersion: 5.14.0-427.37.1.el9_4.x86_64  CompilerName: GCC  CompilerVersion: 8.4.0
ProgramName: mris_jacobian  ProgramArguments: mris_jacobian -all-info  ProgramVersion: 7.3.2  TimeStamp: 2026/03/11-12:40:20-GMT  BuildTime: Aug  4 2022 06:17:15  BuildStamp: freesurfer-linux-ubuntu22_x86_64-7.3.2-20220804-6354275  User: oesteban  Machine: dna048  Platform: Linux  PlatformVersion: 5.14.0-427.37.1.el9_4.x86_64  CompilerName: GCC  CompilerVersion: 8.4.0
ProgramName: mris_label2annot  ProgramArguments: mris_label2annot -all-info  ProgramVersion: 7.3.2  TimeStamp: 2026/03/11-12:40:20-GMT  BuildTime: Aug  4 2022 06:17:15  BuildStamp: freesurfer-linux-ubuntu22_x86_64-7.3.2-20220804-6354275  User: oesteban  Machine: dna048  Platform: Linux  PlatformVersion: 5.14.0-427.37.1.el9_4.x86_64  CompilerName: GCC  CompilerVersion: 8.4.0
ProgramName: mris_left_right_register  ProgramArguments: mris_left_right_register -all-info  ProgramVersion: 7.3.2  TimeStamp: 2026/03/11-12:40:20-GMT  BuildTime: Aug  4 2022 06:17:15  BuildStamp: freesurfer-linux-ubuntu22_x86_64-7.3.2-20220804-6354275  User: oesteban  Machine: dna048  Platform: Linux  PlatformVersion: 5.14.0-427.37.1.el9_4.x86_64  CompilerName: GCC  CompilerVersion: 8.4.0
ProgramName: mris_place_surface  ProgramArguments: mris_place_surface -all-info  ProgramVersion: 7.3.2  TimeStamp: 2026/03/11-12:40:20-GMT  BuildTime: Aug  4 2022 06:17:15  BuildStamp: freesurfer-linux-ubuntu22_x86_64-7.3.2-20220804-6354275  User: oesteban  Machine: dna048  Platform: Linux  PlatformVersion: 5.14.0-427.37.1.el9_4.x86_64  CompilerName: GCC  CompilerVersion: 8.4.0
ProgramName: mrisp_paint  ProgramArguments: mrisp_paint -all-info  ProgramVersion: 7.3.2  TimeStamp: 2026/03/11-12:40:20-GMT  BuildTime: Aug  4 2022 06:17:15  BuildStamp: freesurfer-linux-ubuntu22_x86_64-7.3.2-20220804-6354275  User: oesteban  Machine: dna048  Platform: Linux  PlatformVersion: 5.14.0-427.37.1.el9_4.x86_64  CompilerName: GCC  CompilerVersion: 8.4.0
ProgramName: mris_register  ProgramArguments: mris_register -all-info  ProgramVersion: 7.3.2  TimeStamp: 2026/03/11-12:40:20-GMT  BuildTime: Aug  4 2022 06:17:15  BuildStamp: freesurfer-linux-ubuntu22_x86_64-7.3.2-20220804-6354275  User: oesteban  Machine: dna048  Platform: Linux  PlatformVersion: 5.14.0-427.37.1.el9_4.x86_64  CompilerName: GCC  CompilerVersion: 8.4.0
ProgramName: mris_smooth  ProgramArguments: mris_smooth -all-info  ProgramVersion: 7.3.2  TimeStamp: 2026/03/11-12:40:20-GMT  BuildTime: Aug  4 2022 06:17:15  BuildStamp: freesurfer-linux-ubuntu22_x86_64-7.3.2-20220804-6354275  User: oesteban  Machine: dna048  Platform: Linux  PlatformVersion: 5.14.0-427.37.1.el9_4.x86_64  CompilerName: GCC  CompilerVersion: 8.4.0
ProgramName: mris_sphere  ProgramArguments: mris_sphere -all-info  ProgramVersion: 7.3.2  TimeStamp: 2026/03/11-12:40:20-GMT  BuildTime: Aug  4 2022 06:17:15  BuildStamp: freesurfer-linux-ubuntu22_x86_64-7.3.2-20220804-6354275  User: oesteban  Machine: dna048  Platform: Linux  PlatformVersion: 5.14.0-427.37.1.el9_4.x86_64  CompilerName: GCC  CompilerVersion: 8.4.0
ProgramName: mris_surface_stats  ProgramArguments: mris_surface_stats -all-info  ProgramVersion: 7.3.2  TimeStamp: 2026/03/11-12:40:20-GMT  BuildTime: Aug  4 2022 06:17:15  BuildStamp: freesurfer-linux-ubuntu22_x86_64-7.3.2-20220804-6354275  User: oesteban  Machine: dna048  Platform: Linux  PlatformVersion: 5.14.0-427.37.1.el9_4.x86_64  CompilerName: GCC  CompilerVersion: 8.4.0
ProgramName: mri_stats2seg  ProgramArguments: mri_stats2seg -all-info  ProgramVersion: 7.3.2  TimeStamp: 2026/03/11-12:40:20-GMT  BuildTime: Aug  4 2022 06:17:15  BuildStamp: freesurfer-linux-ubuntu22_x86_64-7.3.2-20220804-6354275  User: oesteban  Machine: dna048  Platform: Linux  PlatformVersion: 5.14.0-427.37.1.el9_4.x86_64  CompilerName: GCC  CompilerVersion: 8.4.0
ProgramName: mris_thickness  ProgramArguments: mris_thickness -all-info  ProgramVersion: 7.3.2  TimeStamp: 2026/03/11-12:40:20-GMT  BuildTime: Aug  4 2022 06:17:15  BuildStamp: freesurfer-linux-ubuntu22_x86_64-7.3.2-20220804-6354275  User: oesteban  Machine: dna048  Platform: Linux  PlatformVersion: 5.14.0-427.37.1.el9_4.x86_64  CompilerName: GCC  CompilerVersion: 8.4.0
ProgramName: mris_thickness_diff  ProgramArguments: mris_thickness_diff -all-info  ProgramVersion: 7.3.2  TimeStamp: 2026/03/11-12:40:20-GMT  BuildTime: Aug  4 2022 06:17:15  BuildStamp: freesurfer-linux-ubuntu22_x86_64-7.3.2-20220804-6354275  User: oesteban  Machine: dna048  Platform: Linux  PlatformVersion: 5.14.0-427.37.1.el9_4.x86_64  CompilerName: GCC  CompilerVersion: 8.4.0
ProgramName: mris_topo_fixer  ProgramArguments: mris_topo_fixer -all-info  ProgramVersion: 7.3.2  TimeStamp: 2026/03/11-12:40:20-GMT  BuildTime: Aug  4 2022 06:17:15  BuildStamp: freesurfer-linux-ubuntu22_x86_64-7.3.2-20220804-6354275  User: oesteban  Machine: dna048  Platform: Linux  PlatformVersion: 5.14.0-427.37.1.el9_4.x86_64  CompilerName: GCC  CompilerVersion: 8.4.0
ProgramName: mri_surf2surf  ProgramArguments: mri_surf2surf -all-info  ProgramVersion: 7.3.2  TimeStamp: 2026/03/11-12:40:20-GMT  BuildTime: Aug  4 2022 06:17:15  BuildStamp: freesurfer-linux-ubuntu22_x86_64-7.3.2-20220804-6354275  User: oesteban  Machine: dna048  Platform: Linux  PlatformVersion: 5.14.0-427.37.1.el9_4.x86_64  CompilerName: GCC  CompilerVersion: 8.4.0
ProgramName: mri_surf2vol  ProgramArguments: mri_surf2vol -all-info  ProgramVersion: 7.3.2  TimeStamp: 2026/03/11-12:40:20-GMT  BuildTime: Aug  4 2022 06:17:15  BuildStamp: freesurfer-linux-ubuntu22_x86_64-7.3.2-20220804-6354275  User: oesteban  Machine: dna048  Platform: Linux  PlatformVersion: 5.14.0-427.37.1.el9_4.x86_64  CompilerName: GCC  CompilerVersion: 8.4.0
ProgramName: mri_surfcluster  ProgramArguments: mri_surfcluster -all-info  ProgramVersion: 7.3.2  TimeStamp: 2026/03/11-12:40:20-GMT  BuildTime: Aug  4 2022 06:17:15  BuildStamp: freesurfer-linux-ubuntu22_x86_64-7.3.2-20220804-6354275  User: oesteban  Machine: dna048  Platform: Linux  PlatformVersion: 5.14.0-427.37.1.el9_4.x86_64  CompilerName: GCC  CompilerVersion: 8.4.0
ProgramName: mris_volmask  ProgramArguments: mris_volmask -all-info  ProgramVersion: 7.3.2  TimeStamp: 2026/03/11-12:40:20-GMT  BuildTime: Aug  4 2022 06:17:15  BuildStamp: freesurfer-linux-ubuntu22_x86_64-7.3.2-20220804-6354275  User: oesteban  Machine: dna048  Platform: Linux  PlatformVersion: 5.14.0-427.37.1.el9_4.x86_64  CompilerName: GCC  CompilerVersion: 8.4.0
ProgramName: mri_tessellate  ProgramArguments: mri_tessellate -all-info  ProgramVersion: 7.3.2  TimeStamp: 2026/03/11-12:40:20-GMT  BuildTime: Aug  4 2022 06:17:15  BuildStamp: freesurfer-linux-ubuntu22_x86_64-7.3.2-20220804-6354275  User: oesteban  Machine: dna048  Platform: Linux  PlatformVersion: 5.14.0-427.37.1.el9_4.x86_64  CompilerName: GCC  CompilerVersion: 8.4.0
ProgramName: mri_vol2surf  ProgramArguments: mri_vol2surf -all-info  ProgramVersion: 7.3.2  TimeStamp: 2026/03/11-12:40:20-GMT  BuildTime: Aug  4 2022 06:17:15  BuildStamp: freesurfer-linux-ubuntu22_x86_64-7.3.2-20220804-6354275  User: oesteban  Machine: dna048  Platform: Linux  PlatformVersion: 5.14.0-427.37.1.el9_4.x86_64  CompilerName: GCC  CompilerVersion: 8.4.0
ProgramName: mri_vol2vol  ProgramArguments: mri_vol2vol -all-info  ProgramVersion: 7.3.2  TimeStamp: 2026/03/11-12:40:20-GMT  BuildTime: Aug  4 2022 06:17:15  BuildStamp: freesurfer-linux-ubuntu22_x86_64-7.3.2-20220804-6354275  User: oesteban  Machine: dna048  Platform: Linux  PlatformVersion: 5.14.0-427.37.1.el9_4.x86_64  CompilerName: GCC  CompilerVersion: 8.4.0
ProgramName: mri_voldiff  ProgramArguments: mri_voldiff -all-info  ProgramVersion: 7.3.2  TimeStamp: 2026/03/11-12:40:20-GMT  BuildTime: Aug  4 2022 06:17:15  BuildStamp: freesurfer-linux-ubuntu22_x86_64-7.3.2-20220804-6354275  User: oesteban  Machine: dna048  Platform: Linux  PlatformVersion: 5.14.0-427.37.1.el9_4.x86_64  CompilerName: GCC  CompilerVersion: 8.4.0
ProgramName: mri_watershed  ProgramArguments: mri_watershed -all-info  ProgramVersion: 7.3.2  TimeStamp: 2026/03/11-12:40:20-GMT  BuildTime: Aug  4 2022 06:17:15  BuildStamp: freesurfer-linux-ubuntu22_x86_64-7.3.2-20220804-6354275  User: oesteban  Machine: dna048  Platform: Linux  PlatformVersion: 5.14.0-427.37.1.el9_4.x86_64  CompilerName: GCC  CompilerVersion: 8.4.0
ProgramName: tkregister2  ProgramArguments: tkregister2_cmdl -all-info  ProgramVersion: 7.3.2  TimeStamp: 2026/03/11-12:40:20-GMT  BuildTime: Aug  4 2022 06:17:15  BuildStamp: freesurfer-linux-ubuntu22_x86_64-7.3.2-20220804-6354275  User: oesteban  Machine: dna048  Platform: Linux  PlatformVersion: 5.14.0-427.37.1.el9_4.x86_64  CompilerName: GCC  CompilerVersion: 8.4.0
mri_motion_correct.fsl 7.3.2
mri_convert -all-info 
ProgramName: mri_convert  ProgramArguments: mri_convert -all-info  ProgramVersion: 7.3.2  TimeStamp: 2026/03/11-12:40:20-GMT  BuildTime: Aug  4 2022 06:17:15  BuildStamp: freesurfer-linux-ubuntu22_x86_64-7.3.2-20220804-6354275  User: oesteban  Machine: dna048  Platform: Linux  PlatformVersion: 5.14.0-427.37.1.el9_4.x86_64  CompilerName: GCC  CompilerVersion: 8.4.0
Program nu_correct, built from:
Package MNI N3, version 1.12.0, compiled by nicks@terrier (x86_64-unknown-linux-gnu) on 2015-06-19 at 01:25:34
#######################################
GCADIR /opt/freesurfer/average
GCA RB_all_2020-01-02.gca
GCASkull RB_all_withskull_2020_01_02.gca
AvgCurvTif folding.atlas.acfb40.noaparc.i12.2016-08-02.tif
GCSDIR /opt/freesurfer/average
GCS DKaparc.atlas.acfb40.noaparc.i12.2016-08-02.gcs
#######################################
#--------------------------------------------
#@# WhiteSurfs lh Wed Mar 11 13:40:20 CET 2026
cd /out/sourcedata/freesurfer/sub-v2s16x51274_ses-1/mri
mris_place_surface --adgws-in ../surf/autodet.gw.stats.lh.dat --seg aseg.presurf.mgz --threads 16 --wm wm.mgz --invol brain.finalsurfs.mgz --lh --i ../surf/lh.white.preaparc --o ../surf/lh.white --white --nsmooth 0 --rip-label ../label/lh.cortex.label --rip-bg --rip-surf ../surf/lh.white.preaparc --aparc ../label/lh.aparc.annot
   Update not needed
#--------------------------------------------
#@# WhiteSurfs rh Wed Mar 11 13:40:20 CET 2026
cd /out/sourcedata/freesurfer/sub-v2s16x51274_ses-1/mri
mris_place_surface --adgws-in ../surf/autodet.gw.stats.rh.dat --seg aseg.presurf.mgz --threads 16 --wm wm.mgz --invol brain.finalsurfs.mgz --rh --i ../surf/rh.white.preaparc --o ../surf/rh.white --white --nsmooth 0 --rip-label ../label/rh.cortex.label --rip-bg --rip-surf ../surf/rh.white.preaparc --aparc ../label/rh.aparc.annot
   Update not needed
#@# white curv lh Wed Mar 11 13:40:20 CET 2026
cd /out/sourcedata/freesurfer/sub-v2s16x51274_ses-1/mri
mris_place_surface --curv-map ../surf/lh.white 2 10 ../surf/lh.curv
   Update not needed
#@# white area lh Wed Mar 11 13:40:20 CET 2026
cd /out/sourcedata/freesurfer/sub-v2s16x51274_ses-1/mri
mris_place_surface --area-map ../surf/lh.white ../surf/lh.area
   Update not needed
#@# pial curv lh Wed Mar 11 13:40:20 CET 2026
cd /out/sourcedata/freesurfer/sub-v2s16x51274_ses-1/mri
mris_place_surface --curv-map ../surf/lh.pial 2 10 ../surf/lh.curv.pial
   Update not needed
#@# pial area lh Wed Mar 11 13:40:20 CET 2026
cd /out/sourcedata/freesurfer/sub-v2s16x51274_ses-1/mri
mris_place_surface --area-map ../surf/lh.pial ../surf/lh.area.pial
   Update not needed
#@# thickness lh Wed Mar 11 13:40:20 CET 2026
cd /out/sourcedata/freesurfer/sub-v2s16x51274_ses-1/mri
mris_place_surface --thickness ../surf/lh.white ../surf/lh.pial 20 5 ../surf/lh.thickness
   Update not needed
#@# area and vertex vol lh Wed Mar 11 13:40:20 CET 2026
cd /out/sourcedata/freesurfer/sub-v2s16x51274_ses-1/mri
mris_place_surface --thickness ../surf/lh.white ../surf/lh.pial 20 5 ../surf/lh.thickness
   Update not needed
#@# white curv rh Wed Mar 11 13:40:20 CET 2026
cd /out/sourcedata/freesurfer/sub-v2s16x51274_ses-1/mri
mris_place_surface --curv-map ../surf/rh.white 2 10 ../surf/rh.curv
   Update not needed
#@# white area rh Wed Mar 11 13:40:20 CET 2026
cd /out/sourcedata/freesurfer/sub-v2s16x51274_ses-1/mri
mris_place_surface --area-map ../surf/rh.white ../surf/rh.area
   Update not needed
#@# pial curv rh Wed Mar 11 13:40:20 CET 2026
cd /out/sourcedata/freesurfer/sub-v2s16x51274_ses-1/mri
mris_place_surface --curv-map ../surf/rh.pial 2 10 ../surf/rh.curv.pial
   Update not needed
#@# pial area rh Wed Mar 11 13:40:20 CET 2026
cd /out/sourcedata/freesurfer/sub-v2s16x51274_ses-1/mri
mris_place_surface --area-map ../surf/rh.pial ../surf/rh.area.pial
   Update not needed
#@# thickness rh Wed Mar 11 13:40:20 CET 2026
cd /out/sourcedata/freesurfer/sub-v2s16x51274_ses-1/mri
mris_place_surface --thickness ../surf/rh.white ../surf/rh.pial 20 5 ../surf/rh.thickness
   Update not needed
#@# area and vertex vol rh Wed Mar 11 13:40:20 CET 2026
cd /out/sourcedata/freesurfer/sub-v2s16x51274_ses-1/mri
mris_place_surface --thickness ../surf/rh.white ../surf/rh.pial 20 5 ../surf/rh.thickness
   Update not needed

#-----------------------------------------
#@# Curvature Stats lh Wed Mar 11 13:40:20 CET 2026
/out/sourcedata/freesurfer/sub-v2s16x51274_ses-1/surf

 mris_curvature_stats -m --writeCurvatureFiles -G -o ../stats/lh.curv.stats -F smoothwm sub-v2s16x51274_ses-1 lh curv sulc 

             Toggling save flag on curvature files                       [ ok ]
                 Outputting results using filestem   [ ../stats/lh.curv.stats ]
             Toggling save flag on curvature files                       [ ok ]
                                   Setting surface [ sub-v2s16x51274_ses-1/lh.smoothwm ]
                                Reading surface...                       [ ok ]
                                   Setting texture                     [ curv ]
                                Reading texture...                       [ ok ]
                                   Setting texture                     [ sulc ]
                                Reading texture...Gb_filter = 0
                       [ ok ]
      Calculating Discrete Principal Curvatures...
      Determining geometric order for vno faces... [####################] [ ok ]
                      Determining KH curvatures... [####################] [ ok ]
                    Determining k1k2 curvatures... [####################] [ ok ]
                                   deltaViolations                      [ 230 ]
Gb_filter = 0

WARN:    S lookup   min:                          -0.306028
WARN:    S explicit min:                          0.000000	vertex = 1504

#-----------------------------------------
#@# Curvature Stats rh Wed Mar 11 13:40:23 CET 2026
/out/sourcedata/freesurfer/sub-v2s16x51274_ses-1/surf

 mris_curvature_stats -m --writeCurvatureFiles -G -o ../stats/rh.curv.stats -F smoothwm sub-v2s16x51274_ses-1 rh curv sulc 

             Toggling save flag on curvature files                       [ ok ]
                 Outputting results using filestem   [ ../stats/rh.curv.stats ]
             Toggling save flag on curvature files                       [ ok ]
                                   Setting surface [ sub-v2s16x51274_ses-1/rh.smoothwm ]
                                Reading surface...                       [ ok ]
                                   Setting texture                     [ curv ]
                                Reading texture...                       [ ok ]
                                   Setting texture                     [ sulc ]
                                Reading texture...Gb_filter = 0
                       [ ok ]
      Calculating Discrete Principal Curvatures...
      Determining geometric order for vno faces... [####################] [ ok ]
                      Determining KH curvatures... [####################] [ ok ]
                    Determining k1k2 curvatures... [####################] [ ok ]
                                   deltaViolations                      [ 191 ]
Gb_filter = 0

WARN:    S lookup   min:                          -0.162581
WARN:    S explicit min:                          0.000000	vertex = 281
#-----------------------------------------
#@# Relabel Hypointensities Wed Mar 11 13:40:25 CET 2026
/out/sourcedata/freesurfer/sub-v2s16x51274_ses-1/mri

 mri_relabel_hypointensities aseg.presurf.mgz ../surf aseg.presurf.hypos.mgz 

reading input surface ../surf/lh.white...
relabeling lh hypointensities...
2017 voxels changed to hypointensity...
reading input surface ../surf/rh.white...
relabeling rh hypointensities...
1882 voxels changed to hypointensity...
4106 hypointense voxels neighboring cortex changed
#-----------------------------------------
#@# APas-to-ASeg Wed Mar 11 13:40:39 CET 2026
/out/sourcedata/freesurfer/sub-v2s16x51274_ses-1/mri

 mri_surf2volseg --o aseg.mgz --i aseg.presurf.hypos.mgz --fix-presurf-with-ribbon /out/sourcedata/freesurfer/sub-v2s16x51274_ses-1/mri/ribbon.mgz --threads 16 --lh-cortex-mask /out/sourcedata/freesurfer/sub-v2s16x51274_ses-1/label/lh.cortex.label --lh-white /out/sourcedata/freesurfer/sub-v2s16x51274_ses-1/surf/lh.white --lh-pial /out/sourcedata/freesurfer/sub-v2s16x51274_ses-1/surf/lh.pial --rh-cortex-mask /out/sourcedata/freesurfer/sub-v2s16x51274_ses-1/label/rh.cortex.label --rh-white /out/sourcedata/freesurfer/sub-v2s16x51274_ses-1/surf/rh.white --rh-pial /out/sourcedata/freesurfer/sub-v2s16x51274_ses-1/surf/rh.pial 

SUBJECTS_DIR /out/sourcedata/freesurfer
outvol aseg.mgz
16 avail.processors, using 16
Loading aseg.presurf.hypos.mgz
Loading /out/sourcedata/freesurfer/sub-v2s16x51274_ses-1/mri/ribbon.mgz
Loading /out/sourcedata/freesurfer/sub-v2s16x51274_ses-1/surf/lh.white
Loading /out/sourcedata/freesurfer/sub-v2s16x51274_ses-1/surf/lh.pial
Loading /out/sourcedata/freesurfer/sub-v2s16x51274_ses-1/label/lh.cortex.label
Loading /out/sourcedata/freesurfer/sub-v2s16x51274_ses-1/surf/rh.white
Loading /out/sourcedata/freesurfer/sub-v2s16x51274_ses-1/surf/rh.pial
Loading /out/sourcedata/freesurfer/sub-v2s16x51274_ses-1/label/rh.cortex.label
Done loading
144  80  64 208  96 240  48 112   0  32 160  16 224 192 176 128 241 225 209  33  17  49   1 242 210 226  65  34 193  18  50   2  81 243 227 211 113 177  35 161  97  66  19 
 51   3 194 244 228 212 145  36   4 245 229 213  52  82  20  67 178 195  37 230   5 246 214 129 114  53 162  21  98  68 231  38   6 247 215 146 196  54  83  22 232 248 216  39 
  7 179 
 69  55  23 197 233 249 217 163  40   8 147  56 115 234  84 250  70 218  24  99 
 41  57 198   9 235 251 219 
180  25  42  58  71  10 130 199 
236 164 252 220 148  26  85  43  59 
237 200  11 253 221 100  72 116  27 238 201  44  12 254 222 181  60 165  86 149 239 
202  28 223  45  13 255  73  61 203  29 101  46  14 131 204 182  87  62 117 150  15  30 166  47  74 205  31  63 102 206  88 151  75 183 167 207 118 103 152  76  89 132 184 168 119 
 77 185 153  90 104 169  78 186 154  91 120 133 105  79 
187 170  92 155 188 121 106 156  93 189 171 134 190 122 107 157  94 172 191 135 173 158 108  95 123 174 159 
109 136 124 175 110 137 111 125 138 139 
126 140 127 141 142 143 
nrelabeled = 136482
ndotcheck = 0
Starting Surf2VolSeg free
free done
#VMPC# mri_surf2volseg VmPeak  1900372
mri_surf2volseg done

 mri_brainvol_stats sub-v2s16x51274_ses-1 

ComputeBrainVolumeStats2 VoxelVol=1, KeepCSF=1
  #CBVS2 MaskVol              1413265.0
  #CBVS2 BrainSegVol          1174751.0
  #CBVS2 BrainSegVolNotVent   1165120.0
  #CBVS2 SupraTentVol         1028294.0
  #CBVS2 SupraTentVolNotVent  1018663.0
  #CBVS2 lhCtxGM               247620.2
  #CBVS2 rhCtxGM               249916.1
  #CBVS2 lhCerebralWM          230013.0
  #CBVS2 rhCerebralWM          228533.0
  #CBVS2 SubCortGMVol           63619.0
  #CBVS2 CerebellumVol         146457.0
  #CBVS2 CerebellumGMVol       113754.0
  #CBVS2 VentChorVol             6939.0
  #CBVS2 3rd4th5thCSF            2692.0
  #CBVS2 AllCSF                  9631.0
  #CBVS2 CCVol                   3780.0
#-----------------------------------------
#@# AParc-to-ASeg aparc Wed Mar 11 13:40:46 CET 2026
/out/sourcedata/freesurfer/sub-v2s16x51274_ses-1/mri

 mri_surf2volseg --o aparc+aseg.mgz --label-cortex --i aseg.mgz --threads 16 --lh-annot /out/sourcedata/freesurfer/sub-v2s16x51274_ses-1/label/lh.aparc.annot 1000 --lh-cortex-mask /out/sourcedata/freesurfer/sub-v2s16x51274_ses-1/label/lh.cortex.label --lh-white /out/sourcedata/freesurfer/sub-v2s16x51274_ses-1/surf/lh.white --lh-pial /out/sourcedata/freesurfer/sub-v2s16x51274_ses-1/surf/lh.pial --rh-annot /out/sourcedata/freesurfer/sub-v2s16x51274_ses-1/label/rh.aparc.annot 2000 --rh-cortex-mask /out/sourcedata/freesurfer/sub-v2s16x51274_ses-1/label/rh.cortex.label --rh-white /out/sourcedata/freesurfer/sub-v2s16x51274_ses-1/surf/rh.white --rh-pial /out/sourcedata/freesurfer/sub-v2s16x51274_ses-1/surf/rh.pial 

SUBJECTS_DIR /out/sourcedata/freesurfer
outvol aparc+aseg.mgz
16 avail.processors, using 16
Loading aseg.mgz
Loading /out/sourcedata/freesurfer/sub-v2s16x51274_ses-1/surf/lh.white
Loading /out/sourcedata/freesurfer/sub-v2s16x51274_ses-1/surf/lh.pial
Loading /out/sourcedata/freesurfer/sub-v2s16x51274_ses-1/label/lh.cortex.label
Ripping lh vertices labeled not in lh.cortex.label
  ripped 8193 vertices from lh hemi
Loading /out/sourcedata/freesurfer/sub-v2s16x51274_ses-1/label/lh.aparc.annot
Loading /out/sourcedata/freesurfer/sub-v2s16x51274_ses-1/surf/rh.white
Loading /out/sourcedata/freesurfer/sub-v2s16x51274_ses-1/surf/rh.pial
Loading /out/sourcedata/freesurfer/sub-v2s16x51274_ses-1/label/rh.cortex.label
Ripping rh vertices labeled not in rh.cortex.label
  ripped 8090 vertices from rh hemi
Loading /out/sourcedata/freesurfer/sub-v2s16x51274_ses-1/label/rh.aparc.annot
Done loading
  0 112  80 176  64 224 240  96  48  32 160 208 192 128  16 144   1  49  17 209 241 225  33   2  50  18 242  34 210 226   3  51  19 
243  35   4  20  52 211 227 244  36   5  21  53  37 212 245 228   6  22  54  38   7 213 246 229  23  55  39 
  8 247  24  56 214 230  40   9 248  25  57  41  10 215 231 249  26  58  42  11  27 216 232 250  43  12  59 
 28  44 251  13 217 233  29  45 252  14  60  30 218 234  46 253  15  31  47 254 219 
235 255 220 236 221 237  61 222 238 223 239 
 62  65  63 193  66 194 113 195 145  67 196 197 198 199 
200 201 202 203 204 205 206 207  97 161 177  81  68 114 129 146  69  98  70 162 115 178  82 147  71 130  99 
 72 116 163 148 179 
 83  73 100 117 149 131 164  74 180  84 101 118 150  75 132 102 165  85 181  76 151 119 
133 103 152  77 166 182  86 120 104 134 153 105  78 183 121 135 167  87 154 106 184  79 
122 136 168  88 155 185 107 123 169 186 156 137 108  89 187 124 170 188 109 157 138 189  90 125 190 171 110 158 191 139 
111  91 172 126 159 
140 173  92 127 141 174  93 142 175  94 143  95 
nrelabeled = 496467
ndotcheck = 36072
Starting Surf2VolSeg free
free done
#VMPC# mri_surf2volseg VmPeak  1943180
mri_surf2volseg done
#-----------------------------------------
#@# AParc-to-ASeg aparc.a2009s Wed Mar 11 13:41:16 CET 2026
/out/sourcedata/freesurfer/sub-v2s16x51274_ses-1/mri

 mri_surf2volseg --o aparc.a2009s+aseg.mgz --label-cortex --i aseg.mgz --threads 16 --lh-annot /out/sourcedata/freesurfer/sub-v2s16x51274_ses-1/label/lh.aparc.a2009s.annot 11100 --lh-cortex-mask /out/sourcedata/freesurfer/sub-v2s16x51274_ses-1/label/lh.cortex.label --lh-white /out/sourcedata/freesurfer/sub-v2s16x51274_ses-1/surf/lh.white --lh-pial /out/sourcedata/freesurfer/sub-v2s16x51274_ses-1/surf/lh.pial --rh-annot /out/sourcedata/freesurfer/sub-v2s16x51274_ses-1/label/rh.aparc.a2009s.annot 12100 --rh-cortex-mask /out/sourcedata/freesurfer/sub-v2s16x51274_ses-1/label/rh.cortex.label --rh-white /out/sourcedata/freesurfer/sub-v2s16x51274_ses-1/surf/rh.white --rh-pial /out/sourcedata/freesurfer/sub-v2s16x51274_ses-1/surf/rh.pial 

SUBJECTS_DIR /out/sourcedata/freesurfer
outvol aparc.a2009s+aseg.mgz
16 avail.processors, using 16
Loading aseg.mgz
Loading /out/sourcedata/freesurfer/sub-v2s16x51274_ses-1/surf/lh.white
Loading /out/sourcedata/freesurfer/sub-v2s16x51274_ses-1/surf/lh.pial
Loading /out/sourcedata/freesurfer/sub-v2s16x51274_ses-1/label/lh.cortex.label
Ripping lh vertices labeled not in lh.cortex.label
  ripped 8193 vertices from lh hemi
Loading /out/sourcedata/freesurfer/sub-v2s16x51274_ses-1/label/lh.aparc.a2009s.annot
Loading /out/sourcedata/freesurfer/sub-v2s16x51274_ses-1/surf/rh.white
Loading /out/sourcedata/freesurfer/sub-v2s16x51274_ses-1/surf/rh.pial
Loading /out/sourcedata/freesurfer/sub-v2s16x51274_ses-1/label/rh.cortex.label
Ripping rh vertices labeled not in rh.cortex.label
  ripped 8090 vertices from rh hemi
Loading /out/sourcedata/freesurfer/sub-v2s16x51274_ses-1/label/rh.aparc.a2009s.annot
Done loading
  0 112  16  48 192  32  96 240 128  80 144  64 160 208  33  49 209  17 224   1 241 176  50 210   2 225  18  51  34   3 242  19 
211 226  52   4  35  20 212 227 243   5  53  21  36 213 228   6 244  22  37 214  54 229   7  38  23  55 215 230 245   8  56  39 
 24 216 231   9 246  40  57  25 217 232  10  41  58  26 218 233 247  11  42  27 219 
234  59 
 12 248  43 220  28 235  13  44  29 249 236 221  60  14  45  30 237  15 250 222  46  31 238  47 251 223 239 
252  61 253 254 255  62  65  63 193  66 113 194 145 195  67 196 197  97 198 199 
200 201 202 203 204 205 206 207 161 177  81  68 129 114 146  69  98  70 162 115 178  82 130 147  71  99 
 72 116 163 148 179 
131  83  73 100 117 149 164 132  74 180 101 150  84 118  75 133 102 165 181 151  76  85 119 
103 152 134 182 166  77 104 153 120  86 105 183 135  78 167 154 121 106 184  87 136  79 
155 168 122 185 107  88 156 186 169 137 123 108 187 157 170  89 188 138 124 109 189 158 190 171 110 139 
191  90 125 159 
172 111 140  91 126 173 141  92 174 127 142  93 175 143  94  95 
nrelabeled = 496467
ndotcheck = 36072
Starting Surf2VolSeg free
free done
#VMPC# mri_surf2volseg VmPeak  1884612
mri_surf2volseg done
#-----------------------------------------
#@# AParc-to-ASeg aparc.DKTatlas Wed Mar 11 13:41:46 CET 2026
/out/sourcedata/freesurfer/sub-v2s16x51274_ses-1/mri

 mri_surf2volseg --o aparc.DKTatlas+aseg.mgz --label-cortex --i aseg.mgz --threads 16 --lh-annot /out/sourcedata/freesurfer/sub-v2s16x51274_ses-1/label/lh.aparc.DKTatlas.annot 1000 --lh-cortex-mask /out/sourcedata/freesurfer/sub-v2s16x51274_ses-1/label/lh.cortex.label --lh-white /out/sourcedata/freesurfer/sub-v2s16x51274_ses-1/surf/lh.white --lh-pial /out/sourcedata/freesurfer/sub-v2s16x51274_ses-1/surf/lh.pial --rh-annot /out/sourcedata/freesurfer/sub-v2s16x51274_ses-1/label/rh.aparc.DKTatlas.annot 2000 --rh-cortex-mask /out/sourcedata/freesurfer/sub-v2s16x51274_ses-1/label/rh.cortex.label --rh-white /out/sourcedata/freesurfer/sub-v2s16x51274_ses-1/surf/rh.white --rh-pial /out/sourcedata/freesurfer/sub-v2s16x51274_ses-1/surf/rh.pial 

SUBJECTS_DIR /out/sourcedata/freesurfer
outvol aparc.DKTatlas+aseg.mgz
16 avail.processors, using 16
Loading aseg.mgz
Loading /out/sourcedata/freesurfer/sub-v2s16x51274_ses-1/surf/lh.white
Loading /out/sourcedata/freesurfer/sub-v2s16x51274_ses-1/surf/lh.pial
Loading /out/sourcedata/freesurfer/sub-v2s16x51274_ses-1/label/lh.cortex.label
Ripping lh vertices labeled not in lh.cortex.label
  ripped 8193 vertices from lh hemi
Loading /out/sourcedata/freesurfer/sub-v2s16x51274_ses-1/label/lh.aparc.DKTatlas.annot
Loading /out/sourcedata/freesurfer/sub-v2s16x51274_ses-1/surf/rh.white
Loading /out/sourcedata/freesurfer/sub-v2s16x51274_ses-1/surf/rh.pial
Loading /out/sourcedata/freesurfer/sub-v2s16x51274_ses-1/label/rh.cortex.label
Ripping rh vertices labeled not in rh.cortex.label
  ripped 8090 vertices from rh hemi
Loading /out/sourcedata/freesurfer/sub-v2s16x51274_ses-1/label/rh.aparc.DKTatlas.annot
Done loading
128 160 208 144 176  48  64   0  80 240 224  32  16  96 192 112  33  17   1 209 241  49 225  18  34   2 242 210  50  19 
226  35   3 243  20 211  51  36   4 227 244  21  37 212  52   5 228 245  22  38 213  53   6  23  39 
229 246 214  24  40  54   7 230 247  41  25   8 215  55 231 248  26  42   9 216  56  27  43 232 249  10 217  57  44  28  11 233 250  45  29  12 218  58 234 251  46  30  13 219 
 47 235 252  59 
 14  31 253 220 236  15 254 221 237  60 255 222 238 223 239 
 61  62  65  63 193  66 113 194  67 195  97 196 145 197 198 199 
200 201 202 203 204 205 206 207 161  68  81 114 177 129  69  98  70 115 162 146  71  82 130 178  99 
116  72 163 147  73 100 117  83 131 164 179 
 74 101 118 148 132  75  84 102 165 119 
180  76 103 149 133  85 120 166 104  77 181 150 121 105 134  86 167  78 122 106 151 182 135 168  79 
 87 107 123 152 183 169 136 108  88 124 153 184 170 109 125 185  89 171 110 154 137 186 126 111 187 172  90 188 155 138 189 127 173 190  91 191 139 
174 156  92 140 175 157  93 141 158  94 142  95 159 
143 
nrelabeled = 496467
ndotcheck = 36072
Starting Surf2VolSeg free
free done
#VMPC# mri_surf2volseg VmPeak  1884556
mri_surf2volseg done
#-----------------------------------------
#@# WMParc Wed Mar 11 13:42:17 CET 2026
/out/sourcedata/freesurfer/sub-v2s16x51274_ses-1/mri

 mri_surf2volseg --o wmparc.mgz --label-wm --i aparc+aseg.mgz --threads 16 --lh-annot /out/sourcedata/freesurfer/sub-v2s16x51274_ses-1/label/lh.aparc.annot 3000 --lh-cortex-mask /out/sourcedata/freesurfer/sub-v2s16x51274_ses-1/label/lh.cortex.label --lh-white /out/sourcedata/freesurfer/sub-v2s16x51274_ses-1/surf/lh.white --lh-pial /out/sourcedata/freesurfer/sub-v2s16x51274_ses-1/surf/lh.pial --rh-annot /out/sourcedata/freesurfer/sub-v2s16x51274_ses-1/label/rh.aparc.annot 4000 --rh-cortex-mask /out/sourcedata/freesurfer/sub-v2s16x51274_ses-1/label/rh.cortex.label --rh-white /out/sourcedata/freesurfer/sub-v2s16x51274_ses-1/surf/rh.white --rh-pial /out/sourcedata/freesurfer/sub-v2s16x51274_ses-1/surf/rh.pial 

SUBJECTS_DIR /out/sourcedata/freesurfer
outvol wmparc.mgz
16 avail.processors, using 16
Loading aparc+aseg.mgz
Loading /out/sourcedata/freesurfer/sub-v2s16x51274_ses-1/surf/lh.white
Loading /out/sourcedata/freesurfer/sub-v2s16x51274_ses-1/surf/lh.pial
Loading /out/sourcedata/freesurfer/sub-v2s16x51274_ses-1/label/lh.cortex.label
Ripping lh vertices labeled not in lh.cortex.label
  ripped 8193 vertices from lh hemi
Loading /out/sourcedata/freesurfer/sub-v2s16x51274_ses-1/label/lh.aparc.annot
Loading /out/sourcedata/freesurfer/sub-v2s16x51274_ses-1/surf/rh.white
Loading /out/sourcedata/freesurfer/sub-v2s16x51274_ses-1/surf/rh.pial
Loading /out/sourcedata/freesurfer/sub-v2s16x51274_ses-1/label/rh.cortex.label
Ripping rh vertices labeled not in rh.cortex.label
  ripped 8090 vertices from rh hemi
Loading /out/sourcedata/freesurfer/sub-v2s16x51274_ses-1/label/rh.aparc.annot
Done loading
 80 240  16 176 112  64  48 160 208  96 128 144 224 192   0  32 241 225  33 209  17   1 226  49  18 242 210   2  34 227 193  19 
  3 211  65 243 228  35  20 212   4  50 244 194 229 213  36  21   5 230 245 214 195  37   6  22 231  51 215   7 246 196  23 232  38 216   8  24 233 247 197  39 
 66 217  52   9  25 234 248 198 218  40  10 235  26  53 249  11 199 
219 
236  27  41  54  12 220 237  28 250 200  42  55 221 238  13  29  67 251 201 239 
222  43  14  56  30  57 252 223 202  31  44  15  58 203 253  45 129  59 
204 254  68 205  46  60 206  61 255  47  81 207  62  63  69 177  97  70 130 161 145 113  71  82 178  72 131  73 132  98  83  74 162 133 179 
114 146 134  84  75 180  99 
135  76 163  85 115 181 136  77 147 182 100  86 137  78 164 116 183 184  79 
 87 138 185 148 101 186 165 117  88 187 188 139 
189  89 166 118 190 102 191 149  90 140 167 119 
 91 150 103 168 120 141 121  92 169 151 122 142 104 170  93 123 152 171 124 143  94 105 125 172 153  95 126 173 106 127 174 154 175 155 107 156 108 157 109 158 159 
110 111 
nrelabeled = 454766
ndotcheck = 3346
Starting Surf2VolSeg free
free done
#VMPC# mri_surf2volseg VmPeak  1884508
mri_surf2volseg done

 mri_segstats --seed 1234 --seg mri/wmparc.mgz --sum stats/wmparc.stats --pv mri/norm.mgz --excludeid 0 --brainmask mri/brainmask.mgz --in mri/norm.mgz --in-intensity-name norm --in-intensity-units MR --subject sub-v2s16x51274_ses-1 --surf-wm-vol --ctab /opt/freesurfer/WMParcStatsLUT.txt --etiv 

setting seed for random number genererator to 1234

7.3.2
cwd 
cmdline mri_segstats --seed 1234 --seg mri/wmparc.mgz --sum stats/wmparc.stats --pv mri/norm.mgz --excludeid 0 --brainmask mri/brainmask.mgz --in mri/norm.mgz --in-intensity-name norm --in-intensity-units MR --subject sub-v2s16x51274_ses-1 --surf-wm-vol --ctab /opt/freesurfer/WMParcStatsLUT.txt --etiv 
sysname  Linux
hostname dna048
machine  x86_64
user     oesteban
whitesurfname  white
UseRobust  0
atlas_icv (eTIV) = 1490713 mm^3    (det: 1.306828 )
Loading mri/wmparc.mgz
Getting Brain Volume Statistics
Loading mri/norm.mgz
Loading mri/norm.mgz
Voxel Volume is 1 mm^3
Generating list of segmentation ids
Found 390 segmentations
Computing statistics for each segmentation

Reporting on  70 segmentations
Using PrintSegStat
mri_segstats done
#--------------------------------------------
#@# ASeg Stats Wed Mar 11 13:46:21 CET 2026
/out/sourcedata/freesurfer/sub-v2s16x51274_ses-1

 mri_segstats --seed 1234 --seg mri/aseg.mgz --sum stats/aseg.stats --pv mri/norm.mgz --empty --brainmask mri/brainmask.mgz --brain-vol-from-seg --excludeid 0 --excl-ctxgmwm --supratent --subcortgray --in mri/norm.mgz --in-intensity-name norm --in-intensity-units MR --etiv --surf-wm-vol --surf-ctx-vol --totalgray --euler --ctab /opt/freesurfer/ASegStatsLUT.txt --subject sub-v2s16x51274_ses-1 

setting seed for random number genererator to 1234

7.3.2
cwd 
cmdline mri_segstats --seed 1234 --seg mri/aseg.mgz --sum stats/aseg.stats --pv mri/norm.mgz --empty --brainmask mri/brainmask.mgz --brain-vol-from-seg --excludeid 0 --excl-ctxgmwm --supratent --subcortgray --in mri/norm.mgz --in-intensity-name norm --in-intensity-units MR --etiv --surf-wm-vol --surf-ctx-vol --totalgray --euler --ctab /opt/freesurfer/ASegStatsLUT.txt --subject sub-v2s16x51274_ses-1 
sysname  Linux
hostname dna048
machine  x86_64
user     oesteban
whitesurfname  white
UseRobust  0
atlas_icv (eTIV) = 1490713 mm^3    (det: 1.306828 )
Computing euler number
orig.nofix lheno =   -8, rheno = -4
orig.nofix lhholes =    5, rhholes = 3
Loading mri/aseg.mgz
Getting Brain Volume Statistics
Loading mri/norm.mgz
Loading mri/norm.mgz
Voxel Volume is 1 mm^3
Generating list of segmentation ids
Found  50 segmentations
Computing statistics for each segmentation

Reporting on  45 segmentations
Using PrintSegStat
mri_segstats done

Started at Wed Mar 11 13:40:20 CET 2026 
Ended   at Wed Mar 11 13:47:00 CET 2026
#@#%# recon-all-run-time-hours 0.111
recon-all -s sub-v2s16x51274_ses-1 finished without error at Wed Mar 11 13:47:00 CET 2026
