#!ascii label  , from subject sub-v2s16x51246_ses-1 vox2ras=TkReg
12430
64607  -19.874  -2.688  64.855 1.0000000000
130144  -19.292  -2.198  64.520 1.0000000000
63625  -20.085  -3.587  64.616 1.0000000000
68778  -17.512  1.093  65.452 1.0000000000
64623  -18.908  -2.555  63.760 1.0000000000
67698  -17.061  0.572  64.824 1.0000000000
69816  -19.261  2.135  66.990 1.0000000000
68766  -18.521  1.620  66.377 1.0000000000
133257  -17.865  1.526  65.892 1.0000000000
63636  -19.334  -3.429  63.358 1.0000000000
68777  -16.811  1.445  65.167 1.0000000000
66636  -16.932  -0.009  64.287 1.0000000000
67696  -15.825  0.658  63.848 1.0000000000
66653  -16.451  -0.049  63.790 1.0000000000
62498  -4.638  -4.221  81.455 0.3750000000
116739  -24.984  -7.039  68.108 1.0000000000
116649  -25.245  -7.128  69.154 0.8750000000
119372  -24.165  -6.694  67.004 1.0000000000
60592  -24.199  -6.743  67.834 1.0000000000
60608  -23.454  -6.525  66.621 1.0000000000
60591  -23.475  -6.505  67.487 1.0000000000
61633  -22.139  -6.075  65.782 1.0000000000
60607  -22.762  -6.262  67.121 1.0000000000
69792  -20.774  3.021  68.651 1.0000000000
61632  -21.564  -5.651  65.262 1.0000000000
69802  -19.253  2.800  67.311 1.0000000000
130518  -19.957  2.560  67.693 1.0000000000
127609  -20.451  -4.478  64.357 1.0000000000
62647  -20.958  -5.056  64.834 1.0000000000
69815  -18.511  2.625  66.749 1.0000000000
63637  -19.854  -4.018  63.846 1.0000000000
69828  -17.325  1.858  65.670 1.0000000000
68765  -17.847  2.167  66.184 1.0000000000
63635  -18.749  -2.979  62.874 1.0000000000
67697  -16.491  0.434  64.286 1.0000000000
66671  -16.269  -0.734  62.692 1.0000000000
66652  -15.866  -0.072  63.100 1.0000000000
66670  -15.787  -0.410  62.368 1.0000000000
66683  -16.109  -0.959  61.884 1.0000000000
63504  -4.661  -3.559  81.065 0.5000000000
66588  -15.022  -0.118  68.148 1.0000000000
116948  -27.044  -6.862  68.167 1.0000000000
61576  -31.683  -5.774  69.438 0.7500000000
60569  -31.880  -6.273  69.355 0.6250000000
67634  -16.307  0.728  68.627 1.0000000000
60594  -26.391  -6.660  67.395 1.0000000000
61577  -32.080  -5.670  69.054 0.6250000000
61594  -32.372  -5.644  68.320 0.6250000000
69785  -19.274  2.676  70.338 1.0000000000
60593  -25.471  -6.798  67.390 1.0000000000
132033  -32.459  -5.019  67.963 0.7500000000
70836  -20.843  3.841  69.775 1.0000000000
70837  -21.334  3.173  70.148 1.0000000000
60627  -24.239  -6.561  66.172 1.0000000000
70843  -20.323  3.805  68.816 1.0000000000
70844  -21.078  3.369  69.519 1.0000000000
60626  -23.462  -6.462  65.783 1.0000000000
70857  -18.906  3.368  67.345 1.0000000000
69803  -19.772  3.284  67.925 1.0000000000
138077  -17.777  2.832  66.421 1.0000000000
61650  -20.917  -5.185  64.027 1.0000000000
69814  -17.207  2.612  65.985 1.0000000000
62660  -20.517  -4.770  63.412 1.0000000000
69827  -16.627  2.277  65.441 1.0000000000
62659  -19.813  -4.210  62.970 1.0000000000
69836  -16.114  1.890  64.858 1.0000000000
68790  -16.294  1.076  64.558 1.0000000000
64635  -18.138  -2.613  62.372 1.0000000000
63644  -18.674  -3.337  61.923 1.0000000000
64643  -17.407  -2.230  61.915 1.0000000000
122999  -15.359  0.663  63.091 1.0000000000
65666  -16.965  -2.017  61.108 1.0000000000
67730  -15.275  0.247  62.302 1.0000000000
65658  -16.716  -1.611  61.851 1.0000000000
62501  -5.461  -4.400  81.125 0.3750000000
62499  -6.070  -5.393  81.284 0.3750000000
61490  -7.183  -6.256  80.578 0.3750000000
61491  -7.771  -6.566  80.166 0.3750000000
61496  -9.173  -6.294  79.195 0.3750000000
128755  -2.881  -1.037  80.477 0.3750000000
63508  -3.978  -2.715  80.856 0.3750000000
62503  -6.988  -5.463  80.460 0.3750000000
61494  -7.652  -5.936  79.860 0.3750000000
61495  -8.503  -5.796  79.277 0.3750000000
136225  -2.274  -1.265  80.568 0.2500000000
63510  -5.946  -4.037  80.495 0.3750000000
62505  -6.618  -4.553  80.116 0.3750000000
64510  -0.898  -1.732  78.439 0.2500000000
64512  -2.698  -2.563  77.118 0.2500000000
65578  -11.624  -2.106  69.119 0.8750000000
63566  -11.294  -3.386  69.291 0.8750000000
66576  -13.434  -0.268  69.567 0.8750000000
66585  -12.910  -0.725  68.978 1.0000000000
64577  -12.587  -2.530  67.943 1.0000000000
63577  -12.289  -3.349  68.251 1.0000000000
67622  -14.038  0.270  70.125 1.0000000000
66577  -14.084  0.022  69.154 1.0000000000
66586  -13.596  -0.496  68.709 1.0000000000
65601  -12.968  -1.879  67.857 1.0000000000
68728  -15.749  1.325  70.117 1.0000000000
131952  -16.158  1.242  69.340 1.0000000000
67649  -15.308  0.417  68.668 1.0000000000
60595  -27.478  -6.291  67.398 1.0000000000
62584  -31.371  -4.970  69.378 0.7500000000
62585  -31.852  -4.979  69.227 0.7500000000
62601  -32.272  -4.816  68.696 0.7500000000
69777  -17.774  2.839  70.735 1.0000000000
69783  -17.100  2.354  70.255 1.0000000000
69784  -18.070  2.535  70.110 1.0000000000
130138  -32.023  -4.105  69.209 0.7500000000
123931  -32.395  -3.849  68.682 0.7500000000
62616  -32.597  -4.319  68.040 0.7500000000
70833  -20.994  3.395  70.400 1.0000000000
60610  -25.794  -6.440  66.629 1.0000000000
63573  -32.161  -3.206  69.225 0.7500000000
63584  -32.487  -2.924  68.485 0.7500000000
137363  -20.404  4.249  69.265 1.0000000000
60628  -25.149  -6.299  65.812 1.0000000000
71837  -19.372  3.976  68.017 1.0000000000
70856  -18.505  4.063  67.418 1.0000000000
61663  -21.291  -5.395  63.374 1.0000000000
122042  -21.966  -5.681  63.363 1.0000000000
61652  -22.415  -6.170  64.781 1.0000000000
60643  -23.369  -6.350  64.977 1.0000000000
70865  -17.288  3.393  66.398 1.0000000000
71861  -15.763  4.051  65.878 1.0000000000
61673  -20.996  -5.203  62.762 1.0000000000
61651  -21.613  -5.696  64.188 1.0000000000
70875  -16.415  3.229  65.798 1.0000000000
69826  -15.843  2.665  65.174 1.0000000000
69848  -15.049  2.089  63.925 1.0000000000
62667  -19.771  -4.362  62.044 1.0000000000
68789  -15.618  1.544  64.232 1.0000000000
68802  -15.201  1.361  63.494 1.0000000000
68815  -14.786  1.198  62.626 1.0000000000
117327  -17.567  -2.507  61.066 1.0000000000
65674  -16.351  -1.420  61.116 1.0000000000
63511  -5.539  -3.221  80.138 0.5000000000
128285  -0.285  0.250  74.095 0.5000000000
67589  -0.542  0.846  74.263 0.5000000000
65524  -3.504  -1.847  80.628 0.3750000000
64504  -4.809  -2.916  80.581 0.5000000000
63509  -5.275  -3.625  80.735 0.5000000000
63512  -6.220  -3.694  79.652 0.3750000000
62506  -7.265  -5.036  79.684 0.3750000000
61503  -8.734  -5.319  77.697 0.5000000000
130889  -0.406  0.660  74.852 0.5000000000
67582  -0.322  0.886  76.460 0.5000000000
66529  -0.272  0.583  78.271 0.3750000000
66523  -1.301  -0.162  80.112 0.2500000000
62509  -6.825  -4.272  79.236 0.3750000000
66539  -0.803  0.164  75.712 0.3750000000
66534  -0.634  0.064  76.797 0.3750000000
66530  -0.326  -0.197  77.939 0.2500000000
63528  -8.643  -3.419  73.084 0.7500000000
67601  -1.289  0.029  72.204 0.5000000000
66535  -1.451  -0.554  76.206 0.2500000000
64515  -1.824  -1.736  77.365 0.2500000000
65561  -10.021  -2.052  71.325 0.8750000000
63538  -8.984  -3.342  72.265 0.8750000000
62550  -9.480  -3.895  71.913 0.6250000000
66558  -1.553  -0.239  71.440 0.6250000000
65540  -2.922  -1.751  75.808 0.2500000000
66566  -12.246  -0.532  70.633 0.8750000000
64551  -10.402  -2.388  70.504 0.8750000000
63559  -10.366  -3.170  70.323 0.8750000000
62551  -10.199  -4.251  71.443 0.8750000000
65567  -0.960  -1.655  70.592 0.6250000000
131908  -3.200  -1.807  75.047 0.2500000000
64516  -3.365  -2.536  76.354 0.2500000000
67613  -13.518  0.383  71.406 0.8750000000
66567  -13.246  -0.105  70.541 0.8750000000
66575  -12.689  -0.597  69.793 0.8750000000
137717  -1.096  -2.243  69.735 0.6250000000
116204  -14.216  0.574  70.999 1.0000000000
67623  -14.891  0.815  70.368 1.0000000000
64563  -0.406  -3.141  69.752 0.5000000000
123428  -15.382  1.371  71.043 1.0000000000
68724  -16.244  1.957  70.798 1.0000000000
130473  -31.669  -4.305  69.358 0.7500000000
63572  -31.698  -3.367  69.523 0.7500000000
117330  -18.313  3.805  72.025 1.0000000000
70827  -18.618  3.471  71.139 1.0000000000
69778  -18.711  3.010  70.565 1.0000000000
70832  -19.926  3.455  70.766 1.0000000000
60611  -26.715  -6.193  66.656 1.0000000000
64562  -31.963  -2.555  69.699 0.7500000000
70828  -19.532  4.149  71.383 1.0000000000
70829  -20.527  4.015  70.797 1.0000000000
120938  -20.830  3.813  70.342 1.0000000000
60629  -26.159  -5.965  65.969 1.0000000000
64573  -32.415  -2.406  69.159 0.7500000000
64574  -32.641  -2.171  68.541 0.7500000000
135660  -32.637  0.374  65.402 0.6250000000
68782  -32.677  1.089  65.463 0.3750000000
71814  -20.455  4.692  70.627 1.0000000000
72775  -20.134  5.495  69.883 1.0000000000
71819  -20.488  4.591  69.760 1.0000000000
71826  -19.823  4.694  68.746 1.0000000000
71825  -18.881  5.268  68.291 1.0000000000
118668  -18.093  4.861  67.585 1.0000000000
71849  -17.655  4.148  66.903 1.0000000000
61653  -23.316  -6.152  64.123 1.0000000000
61634  -24.950  -6.036  64.852 1.0000000000
72793  -18.113  5.731  67.952 1.0000000000
138315  -17.511  5.411  67.492 1.0000000000
134340  -16.511  5.013  66.702 1.0000000000
61664  -22.542  -5.935  63.765 1.0000000000
61665  -23.377  -5.795  63.337 1.0000000000
138122  -24.689  -5.503  63.425 1.0000000000
134644  -16.640  4.205  66.437 1.0000000000
70874  -15.503  3.438  65.368 1.0000000000
61675  -22.645  -5.673  62.978 1.0000000000
61676  -23.435  -5.524  62.609 1.0000000000
61677  -24.201  -5.228  62.279 1.0000000000
70873  -14.832  3.698  65.027 1.0000000000
69835  -14.931  2.676  64.274 1.0000000000
61674  -21.825  -5.453  62.504 1.0000000000
61686  -22.459  -5.330  61.658 1.0000000000
61687  -23.434  -5.258  61.779 1.0000000000
61688  -24.232  -4.923  61.629 1.0000000000
63662  -24.952  -3.797  60.383 1.0000000000
70892  -14.178  3.326  63.555 1.0000000000
68801  -14.656  1.990  63.224 1.0000000000
140375  -19.511  -4.251  61.376 1.0000000000
62677  -20.844  -4.946  61.283 1.0000000000
61695  -22.188  -5.103  60.848 1.0000000000
62690  -23.449  -4.661  60.299 1.0000000000
62691  -24.245  -4.327  60.310 1.0000000000
121218  -24.487  -3.760  59.761 0.8750000000
118962  -14.299  2.018  62.453 1.0000000000
130502  -14.372  1.463  61.952 1.0000000000
63660  -18.673  -3.576  60.541 1.0000000000
131023  -19.629  -4.365  60.695 1.0000000000
62688  -21.337  -4.914  60.520 1.0000000000
62706  -22.425  -4.589  59.566 1.0000000000
63677  -23.752  -4.165  59.474 1.0000000000
69880  -13.996  2.021  61.652 1.0000000000
68831  -14.240  1.351  61.232 1.0000000000
67745  -15.061  0.039  61.343 1.0000000000
64651  -18.127  -3.030  60.532 1.0000000000
62686  -19.865  -4.439  59.782 1.0000000000
62704  -20.579  -4.441  59.000 1.0000000000
62716  -22.156  -4.353  58.828 1.0000000000
67754  -14.550  0.648  60.853 1.0000000000
67755  -14.927  -0.086  60.406 1.0000000000
66691  -15.825  -1.123  60.089 1.0000000000
64662  -17.470  -2.498  59.118 1.0000000000
63685  -18.606  -3.455  59.037 1.0000000000
62703  -19.763  -4.229  58.976 1.0000000000
63688  -20.945  -4.154  58.090 1.0000000000
67766  -14.891  -0.035  59.469 1.0000000000
66690  -15.407  -0.648  59.864 1.0000000000
65696  -16.410  -1.508  58.990 1.0000000000
64676  -17.586  -2.511  58.233 1.0000000000
63700  -18.657  -3.313  58.194 1.0000000000
63687  -20.058  -4.098  58.249 1.0000000000
66699  -15.444  -0.534  58.983 1.0000000000
66711  -15.984  -0.998  58.543 1.0000000000
65717  -17.150  -2.023  57.688 1.0000000000
64509  -5.795  -2.737  79.209 0.5000000000
137230  -0.592  0.522  73.694 0.5000000000
65526  -3.456  -0.413  79.948 0.3750000000
65527  -3.890  -1.245  80.188 0.5000000000
65528  -4.696  -1.529  79.771 0.5000000000
64506  -5.108  -2.370  79.953 0.5000000000
62515  -7.485  -4.574  77.888 0.3750000000
62519  -8.554  -4.958  76.610 0.6250000000
68688  -1.241  1.380  74.325 0.5000000000
68668  -1.009  1.525  75.758 0.5000000000
67578  -0.468  1.102  77.149 0.5000000000
67574  -0.567  0.928  78.783 0.2500000000
67576  -2.605  1.074  79.263 0.3750000000
63518  -6.825  -3.805  77.652 0.5000000000
63521  -7.271  -3.505  75.988 0.7500000000
62522  -8.333  -4.610  75.596 0.6250000000
62523  -9.056  -4.929  75.227 0.6250000000
123148  -1.177  0.503  72.935 0.5000000000
67602  -2.039  1.043  72.771 0.5000000000
67595  -1.412  1.133  73.555 0.5000000000
65554  -9.558  -1.253  73.132 0.8750000000
65553  -8.825  -2.010  73.078 0.7500000000
64531  -8.389  -2.713  73.412 0.7500000000
62527  -9.188  -4.751  74.421 0.6250000000
67606  -2.101  0.285  71.482 0.6250000000
122421  -2.040  0.702  72.161 0.6250000000
67603  -2.891  1.158  72.240 0.6250000000
66553  -10.383  -0.486  73.121 0.8750000000
65557  -9.430  -2.179  71.974 0.8750000000
64538  -8.748  -2.784  72.654 0.8750000000
66572  -2.627  -0.442  70.003 0.6250000000
67615  -2.773  0.423  70.940 0.6250000000
120966  -2.662  0.708  71.613 0.6250000000
67607  -3.507  0.794  71.349 0.6250000000
67604  -12.841  0.735  72.888 0.8750000000
66555  -12.057  0.222  72.600 0.8750000000
65563  -11.411  -0.817  71.136 0.8750000000
65576  -1.796  -1.537  69.731 0.6250000000
67612  -12.809  0.326  71.998 0.8750000000
66562  -12.825  -0.057  71.254 0.8750000000
65586  -1.918  -2.026  69.053 0.6250000000
67605  -13.974  1.189  72.750 1.0000000000
68718  -15.018  1.413  71.951 1.0000000000
61619  -28.553  -4.999  67.045 1.0000000000
62614  -29.086  -4.446  67.448 1.0000000000
63595  -28.893  -3.804  66.787 1.0000000000
62632  -28.471  -3.877  65.956 1.0000000000
63571  -31.294  -3.133  69.655 0.7500000000
64564  -1.384  -2.776  68.848 0.6250000000
68710  -15.418  1.916  72.743 1.0000000000
69771  -16.035  2.312  72.515 1.0000000000
61605  -28.163  -5.601  67.162 1.0000000000
134880  -27.826  -5.153  66.410 1.0000000000
63603  -28.758  -3.264  66.316 1.0000000000
64561  -31.485  -2.527  69.885 0.8750000000
63574  -0.564  -3.609  68.835 0.6250000000
69766  -17.503  3.050  71.745 1.0000000000
61618  -27.013  -5.602  66.132 1.0000000000
62631  -27.790  -4.540  65.704 1.0000000000
63612  -28.520  -3.120  65.457 1.0000000000
64608  -28.345  -2.618  64.536 1.0000000000
130304  -31.693  -2.013  69.998 0.7500000000
65584  -31.607  -1.327  70.014 1.0000000000
69806  -32.552  1.921  67.451 1.0000000000
69807  -32.686  1.677  66.606 1.0000000000
69818  -32.608  2.557  66.741 0.8750000000
70867  -32.656  3.239  66.155 0.8750000000
71807  -19.750  5.053  71.550 1.0000000000
61636  -26.604  -5.430  65.487 1.0000000000
61637  -27.269  -5.126  65.761 1.0000000000
133853  -27.457  -4.403  64.998 1.0000000000
140351  -28.241  -3.287  64.823 1.0000000000
65633  -28.544  -1.610  64.575 1.0000000000
65585  -32.211  -1.777  69.645 0.7500000000
65596  -32.615  -1.715  68.859 0.7500000000
129988  -32.641  -1.094  68.342 0.7500000000
66608  -32.720  -0.410  67.723 0.8750000000
67664  -32.745  0.256  67.445 0.8750000000
68771  -32.694  1.157  66.188 0.7500000000
132917  -32.655  1.714  65.789 0.7500000000
132664  -32.664  3.030  65.651 0.7500000000
71811  -20.112  4.570  71.194 1.0000000000
72769  -20.130  5.596  70.703 1.0000000000
61635  -25.789  -5.736  65.214 1.0000000000
62649  -26.895  -4.579  64.439 1.0000000000
136657  -27.235  -4.027  63.745 1.0000000000
63639  -27.541  -3.316  63.464 1.0000000000
120469  -27.780  -2.062  63.216 1.0000000000
129755  -27.866  -1.297  63.201 1.0000000000
138481  -32.633  2.305  65.217 0.7500000000
61655  -25.564  -5.499  64.411 1.0000000000
62662  -26.560  -4.477  63.717 1.0000000000
63638  -27.054  -3.584  62.983 1.0000000000
64637  -27.445  -2.720  62.844 1.0000000000
66655  -27.863  -0.366  63.274 1.0000000000
116131  -17.327  6.058  67.702 1.0000000000
61667  -25.362  -5.257  63.631 1.0000000000
62661  -25.933  -4.598  63.188 1.0000000000
121818  -26.793  -3.184  62.250 1.0000000000
65660  -26.957  -1.290  62.063 0.8750000000
66673  -27.398  -0.794  62.615 0.8750000000
71848  -15.851  4.807  66.313 1.0000000000
62670  -25.645  -4.425  62.268 1.0000000000
63646  -26.104  -3.671  61.675 1.0000000000
64646  -26.493  -2.714  61.542 1.0000000000
66685  -26.420  -0.900  61.548 0.8750000000
71859  -14.627  4.504  65.215 1.0000000000
62681  -25.382  -4.233  61.589 1.0000000000
63653  -25.441  -3.744  61.028 1.0000000000
65667  -26.174  -2.152  60.971 0.8750000000
71880  -14.023  4.071  64.034 1.0000000000
64665  -25.210  -2.143  59.692 0.8750000000
63678  -24.250  -3.215  59.090 0.8750000000
64652  -25.047  -3.015  59.780 0.8750000000
63704  -23.036  -3.154  58.024 1.0000000000
64678  -23.703  -2.746  58.426 0.8750000000
68845  -14.175  1.289  60.362 1.0000000000
63690  -22.636  -3.887  58.336 1.0000000000
64695  -22.703  -2.723  57.399 0.8750000000
64693  -19.423  -3.142  56.933 1.0000000000
63702  -21.383  -3.593  57.363 0.8750000000
63703  -22.296  -3.453  57.654 0.8750000000
66710  -15.556  -0.394  58.143 0.8750000000
65726  -16.734  -1.379  57.180 1.0000000000
65727  -17.484  -1.914  56.700 1.0000000000
64704  -18.279  -2.434  56.625 1.0000000000
64706  -19.988  -2.902  56.384 0.8750000000
66743  -16.281  -0.603  56.744 0.8750000000
66744  -16.966  -1.166  56.267 0.8750000000
69727  -2.739  2.279  76.497 0.5000000000
68659  -2.844  1.946  77.996 0.5000000000
66526  -3.023  0.406  79.701 0.3750000000
65530  -4.335  -0.699  79.568 0.5000000000
65531  -5.094  -1.049  78.954 0.5000000000
64513  -5.705  -1.890  78.596 0.5000000000
126832  -6.145  -2.587  78.346 0.6250000000
63520  -6.794  -3.236  76.822 0.7500000000
68669  -1.952  1.975  75.862 0.5000000000
119671  -2.319  2.030  77.352 0.5000000000
68655  -2.231  1.507  78.668 0.5000000000
64517  -6.498  -2.076  76.838 0.7500000000
128914  -7.530  -3.252  75.255 0.7500000000
68700  -2.574  1.446  73.152 0.5000000000
65549  -9.050  -1.188  73.836 0.8750000000
122774  -8.352  -1.941  73.885 0.8750000000
64525  -7.631  -2.601  74.906 0.7500000000
64526  -8.002  -2.656  74.176 0.7500000000
66549  -9.748  -0.382  73.822 0.8750000000
65577  -2.978  -0.743  69.318 0.6250000000
67616  -3.474  0.424  70.443 0.6250000000
66554  -11.208  -0.096  72.842 0.8750000000
123767  -2.483  -1.391  69.122 0.6250000000
67626  -4.006  0.413  69.895 0.6250000000
118128  -4.772  0.508  69.694 0.6250000000
67617  -4.342  0.678  70.646 0.6250000000
123254  -30.133  -2.056  68.795 1.0000000000
64565  -2.062  -2.331  68.435 0.7500000000
64572  -30.825  -2.479  69.631 1.0000000000
65595  -30.581  -1.431  69.605 1.0000000000
63575  -1.887  -2.721  68.074 0.7500000000
68709  -14.628  1.525  72.919 1.0000000000
69764  -15.874  2.483  73.352 1.0000000000
63604  -29.184  -2.955  67.097 1.0000000000
64595  -28.853  -2.592  66.191 1.0000000000
63586  -1.415  -3.702  67.005 0.6250000000
69765  -16.742  2.867  72.839 1.0000000000
64596  -29.018  -1.808  66.125 1.0000000000
65583  -31.171  -1.743  70.064 0.8750000000
66580  -30.904  -0.625  69.934 1.0000000000
67642  -31.862  0.116  69.569 1.0000000000
124355  -32.519  0.597  68.379 1.0000000000
68749  -32.695  0.699  67.682 1.0000000000
70849  -32.277  2.695  67.624 1.0000000000
70860  -32.434  3.363  66.890 0.8750000000
70824  -18.725  4.404  72.139 1.0000000000
72767  -19.825  5.754  71.332 1.0000000000
66638  -28.664  -0.707  64.665 1.0000000000
66581  -31.653  -0.561  69.859 0.8750000000
66595  -32.275  -0.516  69.398 0.8750000000
67655  -32.721  0.111  68.102 1.0000000000
121499  -32.565  3.727  65.626 0.7500000000
67715  -28.383  0.046  64.082 0.8750000000
116377  -32.404  4.010  65.138 0.7500000000
72774  -19.419  6.436  69.484 1.0000000000
73696  -18.580  6.992  68.913 1.0000000000
66672  -26.746  -0.382  62.118 0.8750000000
67733  -27.167  0.210  62.738 0.8750000000
71885  -31.841  4.079  64.210 0.7500000000
70886  -32.246  3.705  64.638 0.6250000000
71872  -32.107  4.606  64.781 0.7500000000
72781  -18.790  6.123  68.620 1.0000000000
139528  -15.901  6.269  66.929 1.0000000000
73724  -15.438  6.235  66.573 1.0000000000
134136  -26.174  -1.393  61.136 0.8750000000
66684  -25.843  -0.698  61.041 0.8750000000
130607  -26.451  0.380  62.248 0.8750000000
72804  -14.692  5.342  65.605 1.0000000000
72825  -14.256  5.192  65.095 1.0000000000
65676  -25.807  -1.469  60.633 0.8750000000
67758  -25.322  0.117  60.873 0.8750000000
67747  -25.394  0.688  61.507 0.8750000000
120459  -13.511  4.579  63.428 1.0000000000
132563  -25.056  -0.868  59.878 0.8750000000
66693  -25.401  -0.735  60.424 0.8750000000
67757  -24.577  0.510  60.505 0.8750000000
70900  -13.558  3.498  62.342 1.0000000000
69861  -13.785  2.769  62.207 1.0000000000
64664  -24.711  -2.331  59.234 0.8750000000
65684  -24.836  -1.448  59.418 0.8750000000
66702  -24.572  -0.576  59.489 0.8750000000
66692  -24.854  -0.214  60.174 0.8750000000
69879  -13.594  2.655  61.251 1.0000000000
65698  -23.928  -1.771  58.300 0.8750000000
66713  -24.337  -1.064  58.790 0.8750000000
66701  -24.006  -0.151  58.910 0.8750000000
69896  -13.795  1.930  60.787 1.0000000000
68855  -14.198  1.256  59.505 1.0000000000
132826  -23.325  -2.313  57.813 0.8750000000
66712  -23.729  -0.775  58.133 0.8750000000
67791  -14.695  0.806  58.219 1.0000000000
67778  -15.003  0.103  58.589 1.0000000000
63716  -21.347  -3.108  56.713 0.8750000000
64709  -22.391  -2.243  56.828 0.8750000000
65730  -22.761  -1.326  56.916 0.8750000000
64716  -19.523  -2.342  55.775 0.8750000000
64717  -20.381  -2.311  55.737 0.8750000000
65746  -21.249  -2.057  55.886 0.8750000000
66726  -15.742  -0.202  57.333 0.8750000000
67813  -16.025  0.023  56.239 0.8750000000
65744  -19.065  -1.829  55.254 0.8750000000
121619  -16.587  -0.479  55.839 0.8750000000
66757  -17.249  -0.888  55.450 0.8750000000
65743  -18.312  -1.717  55.467 0.8750000000
68670  -2.612  2.106  75.603 0.5000000000
68660  -3.821  2.048  77.835 0.5000000000
67577  -4.367  1.396  78.118 0.6250000000
66531  -5.176  -0.181  78.371 0.6250000000
65533  -5.688  -1.020  78.096 0.7500000000
68677  -1.770  1.727  75.021 0.5000000000
126874  -5.200  0.709  77.908 0.6250000000
66532  -5.739  -0.118  77.612 0.7500000000
65534  -6.174  -1.004  77.287 0.7500000000
64521  -6.914  -1.775  75.979 0.7500000000
68701  -3.599  1.561  72.883 0.6250000000
68690  -3.321  1.758  73.768 0.6250000000
68702  -4.578  1.585  72.745 0.7500000000
66547  -9.161  -0.209  74.413 0.8750000000
65542  -7.966  -0.862  75.148 0.7500000000
64518  -6.894  -2.664  76.198 0.7500000000
68711  -3.969  1.235  72.110 0.6250000000
67596  -10.310  0.233  73.890 0.8750000000
65588  -3.192  -1.149  68.512 0.6250000000
137285  -4.368  0.959  71.482 0.6250000000
67608  -5.057  0.943  71.244 0.7500000000
68713  -5.766  1.212  71.862 0.7500000000
66550  -10.906  0.360  73.643 0.8750000000
65598  -3.033  -1.714  67.961 0.7500000000
66583  -4.292  -0.168  68.444 0.6250000000
67619  -6.623  0.653  70.203 0.7500000000
67609  -5.985  0.795  70.939 0.7500000000
123366  -12.281  0.788  73.526 0.8750000000
64586  -2.699  -2.575  66.875 0.8750000000
67628  -6.280  0.502  69.349 0.7500000000
67620  -7.513  0.739  70.412 0.7500000000
68708  -14.035  1.465  73.407 1.0000000000
68698  -14.429  1.879  73.959 1.0000000000
140239  -29.340  -3.726  67.460 1.0000000000
121337  -29.484  -2.219  67.291 1.0000000000
65606  -29.716  -1.772  67.890 1.0000000000
65594  -29.982  -1.109  68.692 1.0000000000
63600  -2.199  -3.223  66.412 0.7500000000
63599  -1.629  -3.834  65.899 0.8750000000
68699  -15.156  2.117  73.627 1.0000000000
64590  -29.215  -2.239  66.709 1.0000000000
66628  -29.198  -0.948  66.204 1.0000000000
128962  -29.667  -1.097  67.760 1.0000000000
66593  -29.949  -0.159  68.946 1.0000000000
67653  -29.890  0.802  69.080 1.0000000000
68735  -29.925  1.761  69.112 1.0000000000
62618  -0.939  -4.323  66.322 0.8750000000
70822  -17.123  3.606  73.389 1.0000000000
71802  -18.192  5.063  73.033 1.0000000000
66627  -28.975  -0.431  65.457 1.0000000000
137600  -30.372  -0.607  69.473 1.0000000000
124532  -30.783  0.799  69.550 1.0000000000
68736  -30.382  1.483  69.258 1.0000000000
69796  -31.236  2.006  68.934 1.0000000000
121962  -31.829  3.374  67.787 1.0000000000
71842  -32.086  4.085  67.156 0.8750000000
61627  0.779  -5.391  65.760 0.8750000000
71805  -18.228  4.575  72.766 1.0000000000
71806  -18.957  4.940  72.216 1.0000000000
67700  -28.506  0.685  64.843 1.0000000000
137768  -28.187  1.347  64.899 1.0000000000
128926  -31.580  4.552  67.385 1.0000000000
72798  -32.108  4.834  66.666 1.0000000000
133118  1.348  -5.581  65.828 0.8750000000
61625  3.662  -5.789  66.320 0.8750000000
73682  -19.752  6.398  70.814 1.0000000000
122702  -18.961  7.298  69.570 1.0000000000
67699  -28.009  0.962  64.221 0.8750000000
72809  -32.263  5.078  65.809 1.0000000000
130891  4.098  -5.869  64.660 0.8750000000
139439  4.060  -6.072  66.230 0.8750000000
73687  -19.853  6.211  70.264 1.0000000000
74568  -18.280  7.914  69.210 1.0000000000
67714  -27.673  0.529  63.503 0.8750000000
68791  -26.927  2.088  64.092 0.8750000000
72827  -31.830  5.326  64.728 0.7500000000
59636  3.430  -7.938  63.555 0.7500000000
59627  3.565  -7.773  64.477 0.7500000000
132186  3.885  -6.681  65.279 0.6250000000
59614  3.727  -7.023  66.264 0.6250000000
74579  -16.886  7.657  68.027 1.0000000000
120471  -16.473  7.110  67.561 1.0000000000
68804  -26.605  1.603  63.381 0.8750000000
71884  -31.461  4.312  63.914 0.7500000000
130963  -31.334  4.964  64.144 0.7500000000
73706  -15.779  6.921  67.070 1.0000000000
73734  -14.139  6.086  65.263 1.0000000000
67732  -26.515  1.003  62.715 0.8750000000
71898  -30.579  4.261  63.028 0.7500000000
72838  -31.008  5.422  63.977 0.7500000000
136065  -4.188  0.301  56.332 0.1250000000
73723  -14.791  6.184  66.008 1.0000000000
72824  -13.810  5.406  64.627 1.0000000000
67731  -25.788  1.006  62.128 0.8750000000
71879  -13.729  4.825  64.145 1.0000000000
72848  -13.107  5.209  63.115 1.0000000000
68848  -24.168  1.219  60.800 0.8750000000
67746  -24.794  0.904  61.171 0.8750000000
136091  -13.529  3.995  62.792 1.0000000000
119728  -13.317  4.074  62.094 1.0000000000
67768  -24.297  0.211  59.781 0.8750000000
67756  -24.037  0.844  60.179 0.8750000000
69895  -13.542  2.626  60.339 1.0000000000
69908  -13.884  1.708  59.125 0.7500000000
67794  -23.233  -0.068  57.839 0.8750000000
67779  -22.921  0.777  58.120 0.8750000000
67767  -23.636  0.775  59.485 0.8750000000
68875  -14.331  1.469  57.860 0.8750000000
66729  -23.222  -0.806  57.466 0.8750000000
68876  -14.873  0.962  57.341 0.8750000000
125641  -21.567  -1.189  55.655 0.8750000000
67815  -22.060  0.175  56.199 0.8750000000
67793  -22.674  0.406  57.335 0.8750000000
67832  -15.660  0.637  55.881 0.8750000000
65760  -20.226  -1.151  54.676 0.8750000000
66759  -21.655  -0.227  55.634 0.8750000000
66756  -16.892  -0.260  55.031 0.8750000000
66768  -17.572  -0.620  54.709 0.8750000000
65759  -19.384  -1.298  54.647 0.8750000000
69731  -3.614  2.310  75.890 0.6250000000
69728  -3.697  2.382  76.782 0.6250000000
68661  -4.532  1.927  77.521 0.6250000000
67580  -5.177  1.437  77.367 0.7500000000
67581  -5.923  0.797  77.119 0.7500000000
68678  -4.101  2.064  74.390 0.6250000000
66537  -6.858  0.077  76.353 0.7500000000
68691  -4.316  1.839  73.541 0.7500000000
68692  -5.257  1.884  73.425 0.7500000000
66546  -8.523  -0.040  74.957 0.8750000000
66542  -7.875  0.142  75.506 0.8750000000
68703  -5.509  1.582  72.662 0.7500000000
68704  -6.450  1.602  72.578 0.7500000000
67597  -10.647  0.873  74.496 0.8750000000
67590  -9.093  0.783  75.002 0.8750000000
65599  -3.596  -1.200  67.654 0.8750000000
66597  -3.857  -0.635  68.120 0.6250000000
68714  -6.823  1.260  71.695 0.7500000000
136139  -11.879  0.945  74.092 0.8750000000
119743  -3.713  -1.520  66.829 0.8750000000
66584  -4.802  -0.035  68.070 0.7500000000
67627  -5.432  0.440  69.119 0.7500000000
67610  -6.944  0.853  70.907 0.7500000000
67611  -7.638  1.101  71.176 0.7500000000
67599  -12.894  1.230  73.768 0.8750000000
68687  -14.043  2.402  74.717 1.0000000000
77618  -10.705  10.458  70.277 1.0000000000
137052  -9.967  10.228  69.475 1.0000000000
64592  -2.966  -2.743  65.859 0.8750000000
63610  -2.278  -3.386  65.416 0.8750000000
67645  -6.653  0.321  67.951 0.7500000000
116735  -6.954  0.427  68.780 0.8750000000
117450  -8.138  0.628  69.850 0.7500000000
68720  -8.296  0.946  70.641 0.8750000000
69757  -15.548  2.701  74.086 1.0000000000
77620  -13.108  11.203  69.560 1.0000000000
117012  -12.286  10.895  69.405 1.0000000000
77633  -11.397  10.577  69.135 1.0000000000
77632  -9.653  10.222  68.507 0.8750000000
63609  -1.653  -3.844  64.995 0.8750000000
67647  -8.511  0.432  68.430 0.7500000000
67630  -8.721  0.567  69.245 0.7500000000
69758  -16.274  3.146  73.849 1.0000000000
70818  -16.584  3.854  73.959 1.0000000000
76595  -16.977  10.021  69.551 1.0000000000
77622  -14.783  11.119  69.605 1.0000000000
77634  -12.815  10.812  68.615 1.0000000000
120670  -12.108  10.646  68.295 1.0000000000
77648  -10.346  10.334  67.771 1.0000000000
67685  -29.349  -0.026  66.250 1.0000000000
68770  -29.325  1.135  67.473 1.0000000000
68757  -29.471  1.452  68.558 1.0000000000
69795  -29.479  2.298  68.921 1.0000000000
69788  -29.949  2.188  69.095 1.0000000000
136192  -0.538  -4.540  64.970 0.8750000000
70819  -17.434  4.382  73.440 1.0000000000
73676  -18.961  6.900  71.700 1.0000000000
76596  -17.859  9.498  70.012 1.0000000000
77637  -15.216  10.619  68.974 1.0000000000
77635  -13.542  10.736  68.506 1.0000000000
77649  -11.953  10.489  67.363 1.0000000000
67673  -29.095  0.809  66.437 1.0000000000
68781  -28.568  1.298  65.715 1.0000000000
70839  -30.486  2.600  68.952 1.0000000000
71830  -30.469  3.841  68.518 1.0000000000
71841  -31.291  3.970  67.937 1.0000000000
62626  0.230  -4.830  64.920 0.8750000000
73677  -19.503  6.497  71.318 1.0000000000
75558  -18.459  8.750  70.223 1.0000000000
76604  -16.492  9.673  68.890 1.0000000000
76602  -14.802  10.193  68.268 1.0000000000
77663  -13.181  10.240  66.982 1.0000000000
77662  -12.508  10.333  66.799 1.0000000000
68780  -27.974  1.983  65.389 1.0000000000
72786  -29.660  4.814  68.359 1.0000000000
72796  -30.356  5.453  67.643 1.0000000000
72808  -31.899  5.680  66.338 1.0000000000
61644  2.114  -5.069  65.238 0.8750000000
62625  4.126  -4.869  66.003 0.8750000000
74569  -18.814  7.953  70.021 1.0000000000
137290  -17.855  8.520  69.192 1.0000000000
75564  -15.989  9.259  68.258 1.0000000000
75572  -14.669  9.224  67.130 1.0000000000
76618  -13.476  9.902  66.496 1.0000000000
68792  -27.639  1.701  64.538 1.0000000000
73727  -31.656  6.503  66.060 1.0000000000
119419  -31.683  6.645  65.313 0.8750000000
134107  4.162  -5.024  65.294 0.8750000000
75573  -15.488  8.698  67.527 1.0000000000
75585  -14.829  8.542  66.867 1.0000000000
72839  -31.458  5.643  64.460 0.7500000000
73746  -31.385  6.421  64.673 0.8750000000
60649  3.560  -6.966  63.770 0.8750000000
61661  3.847  -5.140  64.072 0.8750000000
117413  3.809  -4.390  63.633 0.8750000000
74590  -16.041  7.768  67.551 1.0000000000
119138  -14.632  7.883  66.335 1.0000000000
74615  -14.058  7.998  65.646 1.0000000000
131880  -13.510  8.061  65.159 1.0000000000
73754  -30.951  6.333  64.212 0.7500000000
74626  -31.081  7.275  64.633 0.8750000000
123090  3.679  -6.026  63.263 0.8750000000
125300  3.527  -6.099  62.105 0.8750000000
62666  3.738  -4.471  62.151 0.8750000000
74601  -15.039  7.015  66.451 1.0000000000
74614  -13.688  7.169  65.065 1.0000000000
124602  -13.175  6.973  64.395 1.0000000000
68803  -25.777  1.799  62.862 0.8750000000
72852  -29.741  5.875  63.113 0.6250000000
72837  -30.510  5.874  63.713 0.6250000000
60669  3.324  -7.027  61.818 0.7500000000
61693  3.445  -5.263  60.607 0.8750000000
62685  3.459  -4.389  60.150 0.8750000000
62696  3.088  -4.253  59.748 0.8750000000
64659  0.727  -2.643  58.972 0.8750000000
130151  -0.127  -1.605  58.360 0.3750000000
66709  -1.813  -0.917  58.163 0.2500000000
66723  -2.436  -0.510  57.695 0.2500000000
67810  -3.316  0.433  56.592 0.1250000000
73744  -13.488  6.251  64.544 1.0000000000
72834  -12.828  5.889  63.209 1.0000000000
73763  -12.426  6.254  62.542 0.8750000000
69865  -24.977  2.294  62.671 0.8750000000
72851  -29.265  5.559  62.324 0.6250000000
60680  3.444  -6.217  61.070 0.8750000000
61694  3.085  -6.178  60.413 0.8750000000
61700  3.096  -5.137  60.106 0.8750000000
62697  2.506  -4.170  59.552 0.8750000000
63670  2.281  -3.331  59.258 0.8750000000
63671  1.333  -3.236  59.257 0.8750000000
72847  -12.824  5.428  62.424 1.0000000000
68833  -24.349  1.597  61.493 0.8750000000
68916  -4.140  1.364  55.467 0.2500000000
71893  -13.049  4.777  61.836 0.8750000000
68847  -23.511  1.503  60.289 0.8750000000
68832  -23.680  1.896  61.157 0.8750000000
68936  -4.551  1.748  54.840 0.1250000000
70928  -13.328  3.374  60.799 0.8750000000
70939  -13.301  3.357  59.780 0.8750000000
134405  -22.604  1.755  59.288 0.8750000000
133751  -23.140  1.452  59.604 0.8750000000
69921  -13.795  2.014  58.436 0.7500000000
69920  -13.557  2.774  57.907 0.7500000000
68867  -22.501  1.476  58.485 0.8750000000
68894  -14.481  1.648  56.918 0.8750000000
67814  -22.168  0.834  56.740 0.8750000000
68895  -15.080  1.150  56.393 0.8750000000
66771  -20.428  -0.238  54.378 0.8750000000
120678  -21.141  0.270  55.019 0.8750000000
67835  -21.642  0.800  55.823 0.8750000000
67848  -15.899  0.815  55.029 0.8750000000
66767  -17.273  0.005  54.261 0.8750000000
66769  -18.854  -0.709  54.123 0.8750000000
137759  -19.898  -0.219  53.950 0.8750000000
69732  -4.600  2.253  75.814 0.6250000000
69730  -5.098  2.086  76.349 0.6250000000
67583  -5.921  1.523  76.567 0.7500000000
69737  -4.828  2.242  75.043 0.7500000000
69738  -5.711  2.255  74.994 0.7500000000
68671  -5.746  1.898  76.222 0.7500000000
68666  -6.700  1.462  76.078 0.8750000000
130399  -6.464  0.590  76.606 0.7500000000
68693  -6.185  1.927  73.378 0.7500000000
69749  -5.969  2.143  74.187 0.7500000000
67587  -7.616  1.109  75.729 0.8750000000
66541  -7.321  0.332  75.911 0.7500000000
140286  -7.703  1.476  71.851 0.8750000000
122522  -10.203  1.768  74.979 0.8750000000
129764  -9.462  1.713  75.178 0.8750000000
76593  -8.242  10.078  70.546 1.0000000000
117156  -6.837  10.556  70.665 0.8750000000
66598  -4.439  -0.413  67.674 0.8750000000
67591  -10.969  1.718  74.887 0.8750000000
69745  -12.114  2.856  75.103 0.8750000000
76594  -9.206  10.199  71.405 1.0000000000
132961  -7.398  10.343  70.150 0.8750000000
65608  -3.761  -1.923  65.878 0.8750000000
67656  -5.878  0.211  67.674 0.8750000000
67593  -12.324  1.327  74.311 0.8750000000
68686  -13.029  2.420  74.977 0.8750000000
135207  -2.787  -3.008  64.972 0.8750000000
63623  -2.163  -3.343  64.433 0.8750000000
67657  -7.281  0.321  67.408 1.0000000000
67646  -7.594  0.383  68.207 0.8750000000
70811  -14.564  3.620  74.744 1.0000000000
70813  -16.003  4.046  74.337 1.0000000000
78604  -14.368  11.490  70.501 1.0000000000
77616  -9.041  10.123  69.600 1.0000000000
62645  -1.048  -4.152  64.645 0.8750000000
67659  -9.246  0.388  67.798 0.8750000000
67621  -9.011  0.815  70.057 0.8750000000
124558  -16.023  3.576  74.247 1.0000000000
71801  -16.619  4.477  73.905 1.0000000000
72761  -17.227  5.849  73.239 1.0000000000
77624  -16.326  10.627  70.060 1.0000000000
77631  -8.653  10.233  68.255 0.8750000000
68756  -28.955  1.912  67.898 1.0000000000
68745  -29.101  2.257  68.732 1.0000000000
126069  -29.276  2.846  68.884 1.0000000000
70838  -29.728  2.847  68.968 1.0000000000
128785  0.198  -4.384  64.291 0.8750000000
72762  -18.034  5.799  73.030 1.0000000000
74548  -18.218  7.210  72.160 1.0000000000
76573  -17.516  9.665  71.226 1.0000000000
77610  -17.240  10.302  70.996 1.0000000000
125883  -11.080  10.382  67.132 1.0000000000
77647  -9.417  10.283  67.563 0.8750000000
132271  -28.245  2.834  67.194 1.0000000000
117039  -28.601  2.245  67.273 1.0000000000
134839  -29.242  3.478  68.835 1.0000000000
125063  -29.223  4.435  68.664 1.0000000000
62643  1.045  -4.616  64.556 0.8750000000
132407  2.482  -3.179  64.770 0.8750000000
76617  -12.901  10.097  66.302 1.0000000000
77661  -11.729  10.362  66.573 1.0000000000
69830  -27.679  2.854  66.025 1.0000000000
73714  -31.117  6.118  66.875 1.0000000000
73726  -30.856  6.960  66.510 1.0000000000
62642  2.348  -4.230  64.861 0.8750000000
63608  4.180  -4.154  65.635 0.8750000000
63618  3.893  -3.415  65.193 0.8750000000
76619  -14.055  9.610  66.725 1.0000000000
75583  -13.642  9.462  66.022 1.0000000000
69839  -27.324  2.468  64.927 0.8750000000
74608  -31.321  7.241  65.806 0.8750000000
75599  -30.798  8.720  65.179 0.8750000000
121535  -30.741  9.189  64.661 0.8750000000
62656  4.077  -3.669  64.810 0.8750000000
139337  3.754  -2.880  63.449 0.8750000000
75596  -13.615  8.761  65.554 1.0000000000
75608  -13.043  8.587  64.958 1.0000000000
75607  -12.567  9.045  64.791 0.8750000000
75610  -30.948  8.362  64.642 0.8750000000
76652  -30.685  9.946  64.295 0.8750000000
63643  3.703  -3.568  63.195 0.8750000000
127533  3.594  -2.962  62.456 0.8750000000
64642  3.694  -2.884  61.042 0.8750000000
64650  3.604  -3.054  60.055 0.8750000000
74624  -12.414  8.326  64.242 0.8750000000
69851  -26.025  2.457  63.667 0.8750000000
121859  -30.642  7.135  64.123 0.7500000000
74640  -30.699  8.000  64.141 0.8750000000
76665  -30.795  10.171  63.736 0.8750000000
63650  3.728  -3.697  61.602 0.8750000000
63659  3.725  -3.703  60.445 0.8750000000
63668  3.393  -3.592  59.760 0.8750000000
64656  3.237  -2.726  59.392 0.8750000000
125311  2.637  -2.150  58.564 0.8750000000
116164  -12.070  7.107  63.063 0.8750000000
74647  -11.670  7.445  62.599 0.8750000000
69850  -25.305  3.029  63.601 0.8750000000
74639  -30.128  7.519  63.535 0.7500000000
76664  -30.469  9.386  63.171 0.8750000000
63669  2.937  -3.404  59.422 0.8750000000
64658  2.206  -2.613  58.835 0.8750000000
65692  0.804  -1.641  58.069 0.6250000000
65711  0.050  -1.039  57.832 0.5000000000
65712  -0.954  -0.748  57.870 0.2500000000
67789  -2.159  0.014  57.251 0.2500000000
134090  -12.550  6.570  63.329 0.8750000000
73762  -11.963  6.903  62.148 0.8750000000
74649  -29.104  7.219  62.120 0.6250000000
74650  -29.650  7.814  62.758 0.8750000000
76673  -30.352  9.402  62.308 0.7500000000
67809  -2.332  0.533  56.707 0.2500000000
68893  -2.844  1.031  56.169 0.1250000000
120338  -12.265  6.125  61.598 0.8750000000
73776  -12.040  6.195  60.682 0.8750000000
69864  -24.280  2.655  62.431 0.8750000000
74656  -29.411  7.965  61.968 0.6250000000
75640  -29.752  8.640  61.761 0.7500000000
76683  -30.257  9.270  61.410 0.6250000000
76685  -31.688  10.662  61.772 0.5000000000
76696  -32.038  10.365  60.988 0.5000000000
68915  -3.253  1.504  55.650 0.2500000000
71919  -12.841  4.798  61.059 0.8750000000
117159  -12.683  4.870  60.219 0.8750000000
70915  -23.196  3.239  61.570 0.8750000000
69863  -23.658  2.932  62.074 0.8750000000
76695  -30.966  9.816  60.941 0.5000000000
133444  -31.594  9.650  60.369 0.5000000000
139509  -32.822  9.337  59.532 0.5000000000
71920  -13.018  4.112  60.460 0.8750000000
71934  -12.853  4.192  59.558 0.8750000000
69898  -23.074  2.274  60.753 0.8750000000
69882  -23.334  2.609  61.465 0.8750000000
75651  -30.251  9.038  60.682 0.5000000000
119411  -13.469  2.856  58.847 0.7500000000
70951  -13.292  3.338  58.216 0.7500000000
68846  -22.800  1.990  60.028 0.8750000000
70965  -13.231  3.411  57.494 0.7500000000
69923  -22.007  2.097  58.900 0.8750000000
70942  -21.936  3.081  60.026 0.8750000000
69954  -14.083  2.322  56.560 0.8750000000
68918  -14.663  1.879  55.885 0.8750000000
133857  -21.962  1.542  57.238 0.7500000000
69937  -21.483  2.244  57.346 0.8750000000
68919  -15.313  1.299  55.488 0.8750000000
68939  -15.580  1.472  54.671 0.8750000000
67834  -21.070  1.245  55.115 0.7500000000
69956  -21.182  2.263  56.334 0.7500000000
68940  -16.222  1.070  54.235 0.7500000000
67864  -17.788  0.380  53.573 0.7500000000
130256  -19.299  0.612  53.445 0.7500000000
68941  -20.561  1.681  54.525 0.7500000000
118596  -20.497  3.084  55.241 0.7500000000
69739  -6.640  2.351  74.987 0.7500000000
68672  -6.531  1.850  75.913 0.8750000000
68673  -7.327  1.826  75.683 0.8750000000
136982  -7.146  1.355  75.879 0.8750000000
68694  -7.098  2.024  73.366 0.8750000000
69735  -7.075  2.171  75.379 0.8750000000
68681  -8.823  2.431  75.150 0.8750000000
130014  -8.854  1.635  75.310 0.8750000000
66621  -5.739  -0.445  65.710 0.8750000000
66620  -4.975  -0.788  65.911 0.8750000000
66609  -4.738  -0.537  66.846 0.8750000000
66610  -5.459  -0.296  66.507 0.8750000000
68705  -7.380  1.719  72.524 0.8750000000
68683  -10.436  2.647  74.976 0.8750000000
68684  -11.340  2.538  75.016 0.8750000000
78602  -6.447  11.178  70.089 0.8750000000
66611  -6.211  -0.095  66.170 1.0000000000
68715  -8.462  1.468  71.523 0.8750000000
70808  -12.091  3.407  74.666 0.8750000000
77617  -9.889  10.312  70.780 1.0000000000
77614  -6.915  10.760  69.455 0.8750000000
65615  -4.097  -1.800  64.930 0.8750000000
64604  -2.852  -2.752  64.239 0.8750000000
127776  -6.488  0.239  67.282 1.0000000000
118142  -7.859  0.304  66.814 1.0000000000
68706  -8.216  1.851  72.464 0.8750000000
124988  -8.955  1.222  70.838 1.0000000000
69747  -13.628  3.207  75.025 0.8750000000
71798  -15.251  4.177  74.520 1.0000000000
78603  -13.445  11.497  70.943 1.0000000000
77619  -11.622  10.832  70.618 1.0000000000
77629  -7.012  10.942  68.392 0.8750000000
63634  -1.497  -3.283  63.611 0.8750000000
67658  -8.212  0.353  67.613 0.8750000000
67648  -9.972  0.526  68.260 1.0000000000
68726  -9.903  0.980  69.786 1.0000000000
120623  -9.608  1.309  70.574 1.0000000000
71797  -14.356  4.292  74.317 1.0000000000
72757  -16.546  5.212  73.712 1.0000000000
77608  -15.644  11.261  71.067 1.0000000000
77630  -7.752  10.566  67.865 0.8750000000
77615  -7.765  10.331  69.073 0.8750000000
70858  -27.933  4.052  67.911 1.0000000000
70859  -28.413  3.376  68.153 1.0000000000
69805  -28.860  2.892  68.639 1.0000000000
63632  0.431  -3.365  63.615 0.8750000000
64617  0.772  -2.518  63.566 0.8750000000
67632  -10.777  0.970  68.293 1.0000000000
118704  -10.806  1.290  69.384 1.0000000000
68721  -10.400  1.513  70.328 1.0000000000
69774  -11.550  2.440  70.860 1.0000000000
122928  -16.459  5.810  73.093 1.0000000000
73670  -17.021  6.522  72.653 1.0000000000
74551  -17.851  8.102  71.969 1.0000000000
120371  -10.131  10.356  66.806 0.8750000000
77646  -8.533  10.394  67.316 0.8750000000
69817  -27.766  3.557  67.112 1.0000000000
71827  -28.673  4.053  68.634 1.0000000000
72784  -28.520  4.748  68.560 1.0000000000
72785  -29.104  5.004  68.486 1.0000000000
64602  3.497  -2.055  65.160 0.8750000000
68739  -11.471  1.579  68.684 1.0000000000
69790  -11.977  2.149  69.036 1.0000000000
69775  -12.304  2.748  70.463 1.0000000000
74547  -17.431  7.315  72.241 1.0000000000
75532  -17.312  8.932  71.652 1.0000000000
77675  -11.436  10.246  65.866 0.8750000000
77660  -10.964  10.331  66.420 0.8750000000
77658  -8.567  10.464  66.500 0.8750000000
77645  -7.792  10.700  66.968 0.8750000000
69829  -26.909  3.210  65.288 1.0000000000
72795  -29.373  5.596  68.063 1.0000000000
74595  -30.002  7.327  66.751 1.0000000000
134747  -29.441  8.751  66.116 1.0000000000
139681  3.704  -2.625  65.010 0.8750000000
76631  -11.921  10.018  65.381 0.8750000000
76630  -11.119  10.198  65.113 0.8750000000
77673  -9.660  10.314  65.412 0.8750000000
70885  -26.221  3.583  64.799 0.8750000000
74607  -30.610  7.754  66.210 1.0000000000
75589  -29.958  9.202  65.631 0.8750000000
76638  -30.417  9.773  64.958 0.8750000000
65652  3.401  -1.692  62.843 0.8750000000
65665  3.228  -1.934  61.230 0.8750000000
76649  -12.318  9.584  65.025 0.8750000000
76648  -11.601  9.784  64.677 0.8750000000
76647  -10.834  9.956  64.388 0.8750000000
69838  -26.507  2.836  64.478 0.8750000000
77689  -30.454  11.355  64.002 0.8750000000
78654  -30.681  12.394  63.477 0.7500000000
65672  3.525  -2.393  60.036 0.8750000000
76661  -11.270  9.415  63.966 0.8750000000
136990  -25.271  4.461  64.129 0.8750000000
70893  -25.090  3.760  63.751 0.8750000000
119303  -30.874  11.105  63.509 0.7500000000
77706  -31.348  11.787  63.283 0.7500000000
79663  -31.617  12.906  62.618 0.8750000000
64657  2.973  -2.029  58.697 0.8750000000
65690  2.561  -1.528  57.924 0.7500000000
65710  1.321  -1.179  57.534 0.5000000000
66720  0.694  -0.564  57.223 0.6250000000
74636  -12.074  7.820  63.555 0.8750000000
74635  -11.694  7.765  63.107 0.8750000000
140095  -10.910  9.070  63.348 0.8750000000
71896  -24.789  4.557  62.881 0.8750000000
71882  -25.017  4.484  63.567 0.8750000000
116277  -25.656  8.431  57.208 0.8750000000
116254  -26.357  8.322  55.570 0.8750000000
132603  -26.927  8.408  55.042 0.8750000000
76674  -30.917  10.532  62.954 0.6250000000
77707  -31.766  12.464  62.764 0.7500000000
78671  -32.299  12.685  62.134 0.7500000000
79674  -32.627  12.905  61.725 0.8750000000
66721  -0.523  -0.274  57.321 0.2500000000
67788  -1.458  0.226  57.022 0.2500000000
74654  -11.413  7.470  61.897 0.8750000000
75629  -11.307  7.961  62.695 0.8750000000
72864  -24.581  5.069  61.185 0.8750000000
71881  -24.560  3.884  63.112 0.8750000000
132135  -25.095  8.100  56.784 0.8750000000
75709  -25.665  8.210  56.205 0.8750000000
77717  -31.544  11.239  62.551 0.6250000000
77718  -32.216  11.747  62.237 0.7500000000
79675  -33.008  12.715  61.473 0.8750000000
79699  -33.283  12.634  60.492 0.8750000000
67808  -1.454  0.814  56.466 0.2500000000
68914  -2.410  1.578  55.778 0.2500000000
73771  -11.756  6.805  61.291 0.8750000000
71910  -23.935  4.348  61.573 0.8750000000
71895  -24.186  4.088  62.451 0.8750000000
74726  -24.904  7.722  55.985 0.8750000000
74741  -25.619  7.984  55.258 0.8750000000
74772  -26.000  7.768  53.765 0.8750000000
76684  -30.955  10.132  61.989 0.6250000000
77732  -33.131  10.894  61.147 0.5000000000
77720  -33.478  11.682  61.247 0.5000000000
131034  -34.027  12.069  60.463 0.6250000000
78697  -34.652  11.209  60.069 0.6250000000
69972  -2.814  2.098  55.275 0.2500000000
73783  -11.801  6.258  59.844 0.8750000000
71924  -23.340  4.370  60.875 0.8750000000
70916  -23.662  3.607  62.026 0.8750000000
74754  -24.080  7.406  54.563 0.8750000000
118044  -24.858  7.627  54.947 0.8750000000
74755  -25.484  7.716  54.316 0.8750000000
76711  -32.706  9.901  60.311 0.5000000000
76697  -33.745  10.386  60.515 0.5000000000
78685  -34.212  11.370  60.580 0.6250000000
119429  -12.468  4.952  59.328 0.7500000000
72899  -12.283  5.086  58.485 0.7500000000
70931  -22.754  3.694  61.044 0.8750000000
117746  -24.654  7.505  54.056 0.8750000000
136100  -24.658  7.441  52.683 0.8750000000
76712  -33.818  9.710  59.838 0.5000000000
76699  -34.533  10.619  60.259 0.6250000000
70950  -13.098  3.657  58.861 0.7500000000
70964  -12.918  3.898  58.031 0.7500000000
71922  -21.688  4.297  60.195 0.8750000000
70929  -21.873  3.697  60.276 0.8750000000
74770  -24.305  7.415  53.303 0.8750000000
117745  -24.483  7.455  51.893 0.8750000000
123996  -34.873  9.615  59.709 0.5000000000
70980  -13.223  3.478  56.634 0.7500000000
70952  -21.138  3.267  58.822 0.8750000000
70941  -21.426  3.676  59.741 0.8750000000
124188  -14.179  2.514  55.788 0.8750000000
69974  -14.532  2.417  54.955 0.8750000000
69994  -15.232  2.109  54.369 0.8750000000
68954  -15.882  1.757  53.912 0.7500000000
69955  -20.736  2.934  56.092 0.7500000000
71961  -20.175  4.076  57.667 0.7500000000
68956  -17.436  1.132  53.139 0.7500000000
68957  -18.466  1.012  53.050 0.7500000000
70009  -19.744  2.038  53.454 0.7500000000
71007  -20.419  2.519  54.584 0.7500000000
125222  -20.334  3.611  55.939 0.7500000000
69750  -6.884  2.268  74.228 0.7500000000
69740  -7.521  2.517  75.003 0.8750000000
66634  -6.034  -0.508  64.866 0.8750000000
68680  -7.921  2.354  75.234 0.8750000000
69742  -9.185  2.749  74.871 0.8750000000
69754  -10.072  2.968  74.128 0.8750000000
65630  -5.348  -0.935  64.315 0.8750000000
69743  -9.916  2.933  74.819 0.8750000000
135460  -10.657  3.155  74.044 0.8750000000
137399  -8.675  10.188  72.137 1.0000000000
66622  -6.372  -0.256  65.489 1.0000000000
68707  -9.030  2.040  72.392 0.8750000000
129935  -10.670  3.070  74.677 0.8750000000
69755  -11.270  3.266  74.354 0.8750000000
117596  -6.437  11.629  68.960 0.8750000000
65644  -4.161  -1.576  63.249 0.8750000000
64621  -2.771  -2.477  63.384 0.8750000000
66623  -6.962  0.011  65.711 1.0000000000
138668  -8.192  0.208  65.699 1.0000000000
69767  -9.721  2.298  72.376 0.8750000000
69768  -10.281  2.217  71.829 1.0000000000
70816  -13.394  4.089  74.282 0.8750000000
117138  -12.495  11.246  70.882 1.0000000000
73697  -28.090  5.332  68.410 1.0000000000
72783  -28.175  4.722  68.438 1.0000000000
65643  -3.322  -1.930  62.919 0.8750000000
64633  -2.393  -2.005  62.644 0.8750000000
67667  -8.413  0.281  66.217 1.0000000000
67669  -10.224  0.588  66.621 1.0000000000
68717  -10.101  1.740  71.034 1.0000000000
69769  -11.181  2.660  72.076 1.0000000000
70810  -13.723  3.814  74.692 0.8750000000
77607  -12.628  11.336  72.235 1.0000000000
78619  -7.119  11.119  67.441 0.8750000000
72794  -27.658  5.566  68.060 1.0000000000
71839  -27.758  4.705  68.075 1.0000000000
70845  -28.287  3.907  68.319 1.0000000000
73698  -28.502  5.644  68.302 1.0000000000
73710  -27.835  6.158  68.054 1.0000000000
64631  -0.653  -1.921  62.780 0.8750000000
68751  -10.987  1.084  67.409 1.0000000000
134889  -11.448  1.550  67.145 1.0000000000
69773  -10.787  2.090  71.043 1.0000000000
72756  -15.658  5.194  73.539 1.0000000000
76572  -16.717  9.808  71.575 1.0000000000
77598  -16.119  10.479  71.479 1.0000000000
78627  -7.228  11.245  66.604 0.8750000000
71838  -27.230  5.340  67.429 1.0000000000
71851  -27.340  4.447  67.072 1.0000000000
73711  -28.271  6.703  67.768 1.0000000000
74593  -28.159  7.519  67.349 1.0000000000
64616  1.811  -2.423  64.320 0.8750000000
64603  2.942  -2.198  65.215 0.8750000000
68752  -11.489  1.507  67.827 1.0000000000
69800  -12.018  2.048  68.171 1.0000000000
77657  -7.862  10.805  66.134 0.8750000000
72818  -26.356  6.249  66.096 1.0000000000
119821  -26.470  5.395  66.021 1.0000000000
122170  -26.670  4.529  65.951 1.0000000000
70876  -27.166  3.734  66.124 1.0000000000
75588  -28.627  8.559  66.506 1.0000000000
76636  -28.510  9.897  65.658 1.0000000000
77677  -28.941  10.521  65.304 1.0000000000
70830  -12.950  3.162  69.993 1.0000000000
77672  -8.688  10.421  65.554 0.8750000000
72817  -26.095  5.638  65.351 1.0000000000
71862  -26.162  4.951  65.396 1.0000000000
134342  -26.553  3.835  65.463 1.0000000000
76637  -29.448  9.885  65.454 0.8750000000
77678  -29.265  11.172  64.735 1.0000000000
78653  -30.106  12.358  63.658 1.0000000000
65639  3.645  -1.477  64.214 0.8750000000
65653  3.005  -1.160  62.206 0.8750000000
76646  -9.986  9.982  64.173 0.8750000000
73736  -26.146  6.504  65.447 0.8750000000
119561  -25.682  4.888  64.744 1.0000000000
71870  -26.087  4.290  65.121 0.8750000000
76706  -25.811  9.068  59.713 0.8750000000
76722  -26.112  9.121  58.883 0.8750000000
76707  -26.437  9.494  59.578 0.8750000000
77688  -30.023  11.316  64.365 0.8750000000
79655  -30.556  12.624  63.250 1.0000000000
79662  -30.920  12.945  62.880 0.8750000000
66677  2.856  -1.145  60.862 0.8750000000
66689  2.877  -0.987  59.654 0.8750000000
76659  -9.567  9.696  63.322 0.8750000000
72826  -25.824  5.769  64.729 0.8750000000
116265  -25.381  5.120  64.097 0.8750000000
70884  -25.588  4.037  64.466 0.8750000000
75661  -25.334  8.510  59.030 0.8750000000
75679  -25.917  8.717  58.108 0.8750000000
75697  -26.468  8.763  57.267 0.8750000000
76733  -26.694  9.148  58.004 0.8750000000
76734  -27.592  9.489  57.944 0.8750000000
78661  -31.198  12.630  63.148 0.7500000000
79672  -31.185  13.128  62.316 0.8750000000
79685  -32.229  13.067  61.313 0.8750000000
65680  3.267  -2.086  59.270 0.8750000000
66698  2.963  -0.905  58.550 0.8750000000
65709  2.273  -1.128  57.534 0.7500000000
119487  -10.381  8.613  62.066 0.8750000000
121878  -26.182  7.091  64.326 0.8750000000
72836  -25.267  5.186  63.362 0.8750000000
75678  -24.871  8.002  58.381 0.8750000000
75696  -25.314  8.349  58.107 0.8750000000
139910  -26.843  8.687  56.666 0.8750000000
75711  -28.075  8.979  56.448 0.8750000000
76750  -28.658  9.385  56.849 1.0000000000
79673  -31.959  12.970  62.029 0.8750000000
66719  1.780  -0.625  57.109 0.7500000000
66738  1.236  -0.157  56.630 0.3750000000
66739  0.274  -0.029  56.852 0.3750000000
74661  -10.705  7.717  60.826 0.8750000000
72865  -25.143  5.447  61.604 0.8750000000
74709  -24.936  8.088  57.559 0.8750000000
132184  -27.110  8.361  54.300 0.8750000000
75730  -27.632  8.559  54.889 0.8750000000
75720  -28.252  8.811  55.521 0.8750000000
76799  -29.221  9.220  54.162 1.0000000000
120788  -33.643  12.286  59.579 0.8750000000
67806  1.746  0.315  56.188 0.7500000000
67807  -0.574  0.392  56.707 0.2500000000
68891  -1.465  1.487  55.876 0.2500000000
126182  -11.319  6.888  59.679 0.8750000000
74672  -10.978  7.069  58.855 0.7500000000
72876  -24.475  5.427  60.430 0.8750000000
123843  -24.466  7.697  56.962 0.8750000000
75741  -26.722  8.061  53.620 0.8750000000
75753  -27.394  8.310  53.258 0.8750000000
75754  -28.244  8.642  53.082 1.0000000000
126738  -29.030  9.032  53.329 1.0000000000
78710  -34.382  11.837  59.568 0.7500000000
69990  -2.363  2.671  54.812 0.2500000000
72898  -11.839  5.768  58.305 0.7500000000
73794  -11.332  6.449  58.176 0.7500000000
72890  -23.467  5.404  59.635 0.8750000000
71925  -24.077  4.800  60.799 0.8750000000
74740  -24.198  7.442  55.453 0.8750000000
74800  -26.123  7.634  52.100 0.8750000000
75752  -26.810  7.908  52.701 0.8750000000
126997  -27.635  8.231  51.522 0.8750000000
75767  -28.458  8.630  52.114 1.0000000000
75755  -28.911  8.891  52.716 1.0000000000
72914  -12.161  5.247  57.702 0.7500000000
72903  -23.102  5.733  59.014 0.8750000000
72874  -22.898  4.683  60.275 0.8750000000
74753  -23.257  7.280  54.181 0.7500000000
132332  -23.947  7.378  53.863 0.8750000000
74786  -25.328  7.511  52.381 0.8750000000
134298  -26.232  7.672  51.364 0.8750000000
75780  -26.851  7.887  50.974 0.8750000000
75781  -27.675  8.232  50.522 1.0000000000
138670  -28.356  8.485  51.267 1.0000000000
77742  -35.098  10.252  59.846 0.6250000000
70979  -12.690  4.092  57.130 0.7500000000
131349  -21.734  5.149  60.043 0.8750000000
116729  -23.498  7.393  53.313 0.8750000000
116728  -23.576  7.598  51.724 0.8750000000
120643  -24.257  7.605  50.889 0.8750000000
74813  -25.949  7.688  50.608 0.8750000000
116198  -26.633  7.946  50.032 0.8750000000
75796  -27.293  8.216  49.460 1.0000000000
118157  -29.133  8.489  49.849 1.0000000000
70990  -13.351  3.529  55.710 0.7500000000
71004  -13.508  3.585  54.767 0.8750000000
71935  -21.079  4.527  60.011 0.7500000000
75765  -22.601  8.607  51.444 0.7500000000
74798  -23.271  8.050  50.901 0.8750000000
74811  -24.458  7.771  50.153 0.8750000000
74818  -24.873  7.840  49.777 0.7500000000
75813  -26.076  8.428  48.333 0.7500000000
75814  -27.083  8.336  48.440 0.7500000000
75797  -28.623  8.404  49.015 1.0000000000
69973  -13.880  2.991  55.293 0.8750000000
71005  -14.129  3.101  54.406 0.7500000000
127193  -20.289  4.357  58.767 0.7500000000
76857  -22.731  9.215  51.009 0.6250000000
75778  -23.068  8.788  50.576 0.6250000000
76878  -23.485  8.961  49.749 0.6250000000
75811  -24.340  8.710  48.911 0.7500000000
75828  -25.779  8.845  47.718 0.7500000000
76906  -26.294  9.101  47.157 0.7500000000
75829  -27.483  8.593  47.566 0.7500000000
70007  -16.232  2.087  53.154 0.7500000000
71960  -19.744  4.785  57.248 0.7500000000
71948  -19.861  4.833  58.370 0.7500000000
76858  -23.173  9.583  50.339 0.6250000000
77880  -23.648  9.781  49.404 0.7500000000
76893  -23.902  9.158  49.010 0.7500000000
76905  -25.027  9.868  47.710 0.7500000000
135296  -26.109  9.719  46.939 0.7500000000
75836  -27.027  8.918  46.964 0.7500000000
126248  -17.412  2.364  52.360 0.7500000000
68972  -18.701  1.934  52.681 0.7500000000
71026  -19.760  3.444  53.656 0.7500000000
70991  -20.140  3.841  55.134 0.7500000000
71970  -19.725  4.745  56.203 0.7500000000
77881  -24.150  10.443  48.887 0.7500000000
77895  -24.508  10.150  48.209 0.7500000000
77903  -25.709  10.351  47.189 0.7500000000
127465  -26.707  10.916  46.138 0.7500000000
70008  -19.533  2.737  53.231 0.7500000000
72953  -19.441  5.134  54.659 0.6250000000
69751  -7.755  2.420  74.262 0.8750000000
68695  -7.966  2.185  73.352 0.8750000000
69741  -8.365  2.648  74.949 0.8750000000
69759  -8.779  2.381  73.312 0.8750000000
69752  -8.592  2.565  74.251 0.8750000000
69753  -9.372  2.744  74.218 0.8750000000
79616  -5.940  12.554  70.182 0.7500000000
66650  -5.586  -0.704  63.355 0.8750000000
126225  -6.478  -0.409  64.298 0.8750000000
67710  -7.262  0.019  63.406 1.0000000000
69760  -9.546  2.597  73.242 0.8750000000
69761  -10.365  2.793  73.028 0.8750000000
133282  -10.484  10.514  71.878 1.0000000000
134406  -6.119  11.873  69.745 0.7500000000
80541  -6.102  13.392  69.566 0.7500000000
138310  -5.066  -0.885  62.993 0.8750000000
66635  -6.899  -0.201  64.831 1.0000000000
67692  -7.588  -0.013  64.168 1.0000000000
67693  -8.443  0.317  64.143 1.0000000000
77605  -11.199  10.772  72.178 1.0000000000
79617  -6.068  12.522  69.193 0.7500000000
124197  -4.033  -0.705  61.991 0.8750000000
67678  -7.926  0.056  65.103 1.0000000000
125042  -8.844  0.338  64.760 1.0000000000
69763  -11.856  3.318  72.667 0.8750000000
70820  -12.493  3.709  73.143 1.0000000000
70821  -13.144  4.105  73.471 1.0000000000
77606  -11.945  11.110  72.366 1.0000000000
133142  -6.070  13.200  68.701 0.7500000000
131033  -6.322  14.073  68.718 0.7500000000
66667  -2.542  -0.657  61.890 0.8750000000
65654  -1.183  -1.226  62.502 0.8750000000
67695  -10.195  0.986  64.565 1.0000000000
133078  -10.240  0.788  65.268 1.0000000000
69770  -12.049  2.957  71.523 1.0000000000
139418  -13.051  3.854  72.573 1.0000000000
71808  -13.647  4.258  72.592 1.0000000000
78588  -14.978  11.283  71.429 1.0000000000
78587  -14.110  11.355  71.753 1.0000000000
79623  -6.182  12.504  68.333 0.7500000000
74592  -27.431  7.281  67.469 1.0000000000
65642  -0.373  -1.196  62.872 0.8750000000
121430  0.440  -1.124  63.483 0.8750000000
118763  -10.614  0.967  65.883 1.0000000000
69825  -11.595  2.482  65.982 1.0000000000
70825  -12.800  3.281  71.005 1.0000000000
133209  -12.592  3.482  72.064 1.0000000000
71804  -14.465  4.796  72.507 1.0000000000
137093  -16.554  9.114  71.637 1.0000000000
78626  -6.800  11.917  66.164 0.8750000000
78618  -6.672  11.881  67.009 0.7500000000
80555  -6.232  13.466  67.067 0.7500000000
72807  -26.769  5.865  66.754 1.0000000000
129443  -27.417  6.464  67.632 1.0000000000
65640  1.103  -1.770  63.784 0.8750000000
66632  2.300  -0.690  65.147 0.8750000000
69812  -12.069  2.784  66.740 1.0000000000
69791  -12.482  2.637  68.583 1.0000000000
70826  -13.401  3.829  71.607 1.0000000000
135918  -14.029  4.382  71.773 1.0000000000
72755  -15.134  5.250  72.872 1.0000000000
79638  -6.371  12.732  66.466 0.7500000000
73725  -26.576  6.759  66.864 1.0000000000
74604  -26.540  7.518  66.790 1.0000000000
75576  -27.079  8.142  67.040 1.0000000000
118709  -27.921  8.910  66.454 1.0000000000
123517  -27.989  10.391  65.510 1.0000000000
78637  -28.434  11.017  65.104 1.0000000000
66631  2.875  -0.589  65.298 0.8750000000
70842  -12.866  3.273  68.169 1.0000000000
72759  -15.153  5.320  71.887 1.0000000000
72766  -15.653  5.917  71.586 1.0000000000
77671  -7.653  10.937  65.227 0.8750000000
73737  -26.240  7.124  66.219 1.0000000000
125556  -26.218  7.547  65.387 1.0000000000
131158  -26.275  7.968  64.569 0.8750000000
75620  -26.307  8.564  62.984 0.8750000000
76671  -26.277  9.253  62.377 0.8750000000
119534  -26.280  9.551  60.935 0.8750000000
76694  -26.734  9.926  60.355 0.8750000000
78643  -28.530  11.660  64.508 1.0000000000
79647  -29.256  12.272  63.872 1.0000000000
66630  3.126  -0.656  65.102 0.8750000000
66663  3.289  -0.960  63.504 0.8750000000
77684  -8.412  10.414  64.623 0.8750000000
74638  -26.288  7.801  63.649 0.8750000000
75630  -26.066  8.431  61.821 0.8750000000
76693  -25.878  9.088  60.479 0.8750000000
138959  -26.157  9.417  60.233 0.8750000000
76708  -27.177  9.889  59.459 0.8750000000
76723  -27.700  9.860  58.753 0.8750000000
79661  -29.909  12.680  63.039 1.0000000000
66664  2.908  -0.577  62.923 0.8750000000
65673  3.266  -1.695  59.873 0.8750000000
77694  -8.203  10.353  63.799 0.8750000000
73745  -26.046  6.547  64.821 0.8750000000
75638  -25.713  8.599  60.794 0.8750000000
121548  -26.932  9.513  58.767 0.8750000000
76724  -28.210  9.840  58.242 1.0000000000
79683  -30.438  12.742  61.592 1.0000000000
79684  -31.344  13.011  61.462 0.8750000000
79697  -31.493  12.690  60.533 0.8750000000
120610  2.558  -0.563  61.926 0.8750000000
65689  2.913  -1.417  58.122 0.8750000000
76669  -9.383  9.381  62.373 0.8750000000
73752  -26.115  6.860  63.303 0.8750000000
136034  -25.953  7.530  61.810 0.8750000000
74665  -25.387  8.056  60.287 0.8750000000
75649  -25.501  8.623  59.972 0.8750000000
76749  -28.007  9.282  57.195 0.8750000000
76736  -29.173  9.764  57.317 1.0000000000
79698  -32.457  12.854  60.487 0.8750000000
67753  1.728  0.354  60.123 0.8750000000
66708  2.705  -0.651  57.739 0.8750000000
66737  2.142  -0.076  56.620 0.7500000000
75635  -9.864  8.679  61.249 0.8750000000
128725  -25.611  6.015  61.946 0.8750000000
73779  -25.391  6.527  60.574 0.8750000000
74677  -25.208  8.117  59.608 0.8750000000
76782  -29.063  9.132  55.125 1.0000000000
76783  -29.842  9.507  54.776 1.0000000000
76766  -30.463  9.854  55.281 1.0000000000
76767  -31.264  10.234  54.998 1.0000000000
78696  -32.663  12.418  59.555 0.8750000000
66718  2.458  -0.417  57.279 0.7500000000
68889  0.505  0.498  56.295 0.5000000000
68890  -0.588  1.002  56.151 0.2500000000
130055  -10.355  7.768  59.115 0.8750000000
73778  -24.941  6.206  60.063 0.8750000000
74676  -24.869  7.676  58.976 0.8750000000
74689  -24.637  7.608  58.430 0.8750000000
132273  -29.962  9.524  54.069 1.0000000000
76784  -30.679  9.799  54.406 1.0000000000
139969  -31.112  9.822  53.826 1.0000000000
76785  -31.531  10.096  54.298 1.0000000000
138433  -33.897  11.796  58.595 0.8750000000
69969  0.219  1.891  55.215 0.2500000000
69970  -0.955  2.090  55.311 0.2500000000
75673  -10.022  7.950  58.244 0.8750000000
74685  -10.815  7.012  57.970 0.7500000000
73787  -23.959  6.132  59.018 0.8750000000
73813  -23.906  7.084  57.749 0.8750000000
76818  -29.503  9.225  52.796 1.0000000000
76834  -29.970  9.299  52.145 1.0000000000
138615  -30.654  9.490  52.497 1.0000000000
76802  -31.703  9.890  53.646 1.0000000000
78698  -35.129  10.642  59.665 0.8750000000
72913  -11.645  5.889  57.409 0.7500000000
73812  -23.187  6.709  57.551 0.8750000000
73824  -22.908  6.872  56.666 0.8750000000
131247  -23.425  7.163  55.881 0.8750000000
75769  -30.186  9.090  51.323 1.0000000000
76835  -30.771  9.356  51.865 1.0000000000
129598  -31.314  9.539  52.439 1.0000000000
76820  -31.729  9.720  53.012 1.0000000000
76714  -35.706  9.576  59.520 0.7500000000
72939  -12.021  5.351  55.876 0.7500000000
73810  -21.691  6.440  58.056 0.8750000000
73836  -21.692  6.904  56.117 0.7500000000
117363  -22.316  7.335  54.240 0.7500000000
74784  -22.988  7.580  52.579 0.7500000000
75783  -29.656  8.714  50.663 1.0000000000
120668  -30.036  8.570  49.914 1.0000000000
75785  -31.242  8.770  50.293 1.0000000000
76821  -32.128  9.533  52.427 1.0000000000
74698  -37.254  8.778  58.626 0.7500000000
122412  -12.632  4.619  54.756 0.7500000000
73786  -20.274  6.653  60.730 0.7500000000
72888  -21.055  5.766  60.191 0.7500000000
75739  -21.025  8.949  53.641 0.7500000000
76816  -21.496  9.121  52.968 0.6250000000
74783  -22.336  8.013  52.404 0.7500000000
75816  -28.924  8.496  48.237 1.0000000000
75817  -30.321  8.651  48.520 1.0000000000
75800  -31.247  8.711  49.517 1.0000000000
72009  -14.079  3.938  53.216 0.8750000000
71024  -14.429  3.345  53.606 0.7500000000
73785  -19.845  6.783  60.916 0.7500000000
72901  -20.300  5.301  59.948 0.7500000000
77846  -22.623  10.474  51.849 0.6250000000
77864  -22.801  9.980  51.125 0.6250000000
75837  -27.891  8.938  46.928 0.7500000000
76907  -28.797  8.995  46.920 0.7500000000
76909  -30.446  9.364  47.338 0.7500000000
76896  -30.828  8.964  48.011 1.0000000000
71037  -14.734  3.626  52.864 0.7500000000
70018  -16.656  2.513  52.479 0.7500000000
73808  -19.155  6.180  58.496 0.7500000000
127789  -20.072  4.909  59.287 0.7500000000
78795  -23.155  11.323  52.105 0.5000000000
116381  -23.559  11.267  51.048 0.6250000000
78827  -24.496  11.350  49.291 0.7500000000
123868  -26.997  10.202  46.151 0.7500000000
76916  -27.427  9.519  46.487 0.7500000000
76917  -28.307  9.552  46.446 0.7500000000
76919  -30.008  9.797  46.692 0.7500000000
71057  -16.683  3.769  51.642 0.6250000000
71041  -18.692  3.469  52.352 0.7500000000
72941  -19.421  5.325  55.671 0.7500000000
72927  -19.399  5.449  56.732 0.7500000000
78809  -24.291  11.677  50.106 0.7500000000
78850  -24.754  11.025  48.521 0.6250000000
77911  -26.197  11.090  46.777 0.7500000000
78893  -26.620  11.602  46.464 0.7500000000
78894  -27.078  11.617  45.922 0.7500000000
77925  -28.238  10.853  45.670 0.7500000000
77926  -29.117  10.911  45.724 0.7500000000
77915  -29.546  10.339  46.199 0.7500000000
72045  -16.982  4.559  51.397 0.6250000000
72046  -17.800  4.428  51.652 0.6250000000
72029  -18.517  4.352  52.112 0.6250000000
72969  -19.333  4.932  53.672 0.6250000000
73835  -19.001  6.054  56.177 0.7500000000
135817  -25.574  12.252  48.683 0.6250000000
78876  -26.324  12.065  47.223 0.7500000000
133775  -26.638  12.817  47.166 0.7500000000
79881  -26.889  12.412  46.451 0.7500000000
79894  -28.250  12.319  45.529 0.7500000000
78910  -28.686  11.595  45.550 0.7500000000
80766  -27.034  13.409  46.676 0.6250000000
76592  -7.641  10.149  71.700 1.0000000000
78593  -6.022  11.666  70.751 0.8750000000
81382  -6.517  14.337  70.007 0.7500000000
66669  -5.950  -0.267  62.560 0.8750000000
67728  -7.608  0.742  62.062 1.0000000000
139766  -7.637  0.425  62.779 1.0000000000
77592  -10.587  10.492  73.203 1.0000000000
126101  -4.789  0.238  61.426 1.0000000000
67727  -6.119  0.252  61.787 1.0000000000
117061  -8.034  0.371  63.392 1.0000000000
67711  -8.888  0.749  63.375 1.0000000000
82196  -6.840  15.034  69.174 0.7500000000
66678  -3.038  -0.031  61.580 1.0000000000
67712  -9.506  1.128  63.468 1.0000000000
78586  -13.382  11.444  72.037 1.0000000000
80548  -6.144  13.346  67.956 0.7500000000
81386  -6.619  14.687  68.222 0.7500000000
129149  -2.398  -0.006  61.783 0.8750000000
66665  -0.909  -0.470  62.661 0.8750000000
68788  -10.551  1.847  64.358 1.0000000000
130910  -10.709  1.409  65.163 1.0000000000
81393  -6.355  14.137  67.665 0.7500000000
67724  -0.710  0.209  63.036 1.0000000000
67706  0.428  0.157  64.173 0.8750000000
68776  -11.191  1.704  65.879 1.0000000000
140058  -11.838  3.176  66.070 1.0000000000
81399  -6.383  14.235  66.764 0.7500000000
74591  -26.877  7.079  67.319 1.0000000000
75575  -26.815  7.810  67.051 1.0000000000
124888  -26.773  8.464  66.640 1.0000000000
75598  -26.460  9.404  65.917 1.0000000000
77687  -26.613  10.592  65.042 1.0000000000
66646  1.321  -1.010  64.216 0.8750000000
69813  -12.155  3.753  66.413 1.0000000000
134524  -13.144  3.884  67.896 1.0000000000
72760  -15.766  5.677  72.524 1.0000000000
73669  -16.342  6.284  72.234 1.0000000000
73675  -16.697  7.141  72.005 1.0000000000
74550  -16.929  8.173  71.875 1.0000000000
78634  -6.981  11.785  65.393 0.7500000000
135211  -6.360  13.157  65.778 0.7500000000
75587  -27.208  8.767  66.602 1.0000000000
76635  -27.180  10.312  65.646 1.0000000000
78636  -27.471  11.084  65.170 1.0000000000
66618  2.919  -0.318  65.351 0.8750000000
70834  -12.981  3.161  69.053 1.0000000000
70835  -13.476  3.694  69.520 1.0000000000
71818  -14.251  4.783  69.661 1.0000000000
71813  -14.462  4.775  70.398 1.0000000000
72765  -15.038  5.489  70.841 1.0000000000
73674  -15.971  6.665  71.435 1.0000000000
77683  -7.611  10.893  64.234 0.7500000000
75597  -26.319  8.417  65.801 1.0000000000
75609  -26.316  8.668  65.135 1.0000000000
129459  -26.320  8.659  64.066 0.8750000000
76662  -26.375  9.363  63.489 0.8750000000
76682  -26.401  9.732  61.887 0.8750000000
77728  -26.702  10.155  61.400 0.8750000000
78652  -28.296  12.140  63.979 1.0000000000
78659  -28.782  12.218  62.986 1.0000000000
67703  3.145  -0.211  64.669 0.8750000000
66645  3.098  -0.333  63.845 0.8750000000
77693  -7.547  10.848  63.359 0.7500000000
77749  -27.833  10.203  59.327 0.8750000000
77740  -28.345  10.610  59.693 1.0000000000
78660  -29.506  12.495  62.488 1.0000000000
78670  -29.604  12.338  61.783 1.0000000000
67722  2.536  0.058  62.931 0.8750000000
77703  -7.961  10.076  62.254 0.7500000000
77750  -28.484  10.272  58.843 1.0000000000
67736  2.091  0.037  61.863 0.8750000000
67752  2.271  -0.337  60.697 0.8750000000
76688  -8.403  9.537  60.113 0.8750000000
76677  -8.473  9.565  61.008 0.8750000000
77762  -28.878  10.033  58.065 1.0000000000
77778  -30.016  9.917  57.022 1.0000000000
78695  -31.681  12.238  59.633 0.8750000000
78709  -32.920  11.942  58.650 0.8750000000
67776  2.281  0.397  58.220 1.0000000000
67787  2.551  -0.066  57.135 1.0000000000
76752  -30.244  9.851  56.155 1.0000000000
140059  -33.656  11.318  57.670 1.0000000000
68862  2.596  0.046  57.515 1.0000000000
67804  2.445  0.309  56.655 1.0000000000
67826  2.181  0.683  55.928 0.5000000000
137967  1.054  1.365  55.424 0.3750000000
75655  -9.157  8.906  59.677 0.8750000000
77792  -31.029  10.267  55.810 1.0000000000
77793  -31.833  10.483  55.586 1.0000000000
77768  -34.391  11.252  57.953 0.8750000000
117083  -35.177  10.735  57.758 1.0000000000
69988  -0.355  2.558  54.671 0.2500000000
135112  -10.499  7.476  58.380 0.7500000000
74705  -20.678  7.228  57.559 0.6250000000
78722  -35.083  11.063  58.724 0.8750000000
77784  -36.058  10.242  57.550 1.0000000000
76754  -36.949  9.836  57.335 1.0000000000
74702  -10.345  7.534  57.683 0.7500000000
73805  -10.737  7.027  57.179 0.7500000000
75695  -20.093  7.947  57.452 0.6250000000
76803  -32.451  9.806  53.351 1.0000000000
76822  -33.136  9.500  52.530 1.0000000000
77754  -36.244  10.028  59.062 0.8750000000
76725  -36.964  9.191  59.001 0.8750000000
76738  -38.182  8.978  58.566 0.8750000000
73818  -10.727  7.001  56.347 0.7500000000
72925  -11.744  5.679  56.567 0.7500000000
73809  -20.970  6.699  58.825 0.7500000000
125227  -20.456  7.684  56.359 0.6250000000
76748  -19.909  9.616  56.017 0.6250000000
76859  -31.882  9.034  50.787 1.0000000000
76837  -32.642  9.264  51.469 1.0000000000
76823  -34.102  9.357  52.138 1.0000000000
75699  -39.300  8.877  58.336 0.8750000000
75700  -39.888  9.003  58.161 0.8750000000
73846  -10.701  7.017  54.596 0.7500000000
123059  -11.628  5.686  55.211 0.7500000000
74687  -20.432  7.472  58.915 0.6250000000
74688  -20.561  7.139  60.182 0.7500000000
73797  -20.674  6.519  60.265 0.7500000000
127107  -20.455  8.497  54.824 0.7500000000
77806  -21.043  10.366  54.469 0.6250000000
75786  -32.056  8.870  49.794 1.0000000000
76880  -32.826  9.222  49.538 1.0000000000
74730  -38.852  8.408  57.524 0.7500000000
74731  -39.247  8.319  57.064 1.0000000000
74744  -38.761  7.823  56.117 0.8750000000
71989  -12.571  4.939  54.073 0.6250000000
75677  -20.363  7.904  60.722 0.6250000000
74675  -20.238  7.454  61.223 0.6250000000
77820  -21.490  10.414  53.787 0.5000000000
76911  -32.051  9.773  47.713 0.8750000000
76899  -33.162  9.642  48.817 1.0000000000
73843  -37.428  7.416  55.934 0.5000000000
74743  -37.929  7.480  55.504 0.7500000000
74775  -38.909  7.806  54.418 0.8750000000
72026  -13.660  4.497  52.845 0.6250000000
72027  -14.360  4.224  52.492 0.7500000000
74674  -19.775  7.367  61.369 0.7500000000
78796  -23.619  11.624  51.651 0.5000000000
76910  -31.239  9.549  47.532 0.7500000000
77904  -31.559  10.188  47.143 0.7500000000
72028  -15.106  3.992  52.176 0.6250000000
139208  -18.559  7.192  58.443 0.7500000000
121895  -24.797  12.382  50.540 0.5000000000
79833  -25.520  12.533  49.317 0.5000000000
78911  -29.552  11.674  45.637 0.7500000000
120202  -30.624  11.073  46.263 0.7500000000
78897  -31.386  11.472  46.504 0.7500000000
74774  -38.863  7.910  53.493 0.8750000000
125422  -16.266  4.293  51.497 0.6250000000
72985  -18.548  5.215  52.307 0.6250000000
73848  -18.564  6.464  54.558 0.6250000000
79865  -26.347  12.812  47.903 0.6250000000
80751  -26.734  13.387  47.567 0.5000000000
129000  -27.817  13.044  45.677 0.7500000000
125316  -28.576  13.074  45.475 0.7500000000
79896  -29.914  12.495  45.570 0.7500000000
80785  -30.166  13.317  45.547 0.7500000000
75771  -39.349  8.393  51.891 0.8750000000
73001  -18.149  4.980  51.801 0.6250000000
73858  -18.515  6.260  53.548 0.6250000000
81582  -27.327  14.368  46.514 0.5000000000
80782  -27.492  13.713  46.033 0.6250000000
81596  -29.355  14.448  45.386 0.7500000000
126987  -29.613  13.776  45.427 0.7500000000
75789  -40.043  9.044  50.477 0.6250000000
76865  -41.521  9.597  50.783 1.0000000000
76866  -42.623  9.727  50.759 1.0000000000
131425  -43.627  9.663  50.389 1.0000000000
75803  -40.271  8.898  49.564 0.8750000000
76884  -41.849  9.401  49.966 0.8750000000
76885  -42.857  9.361  49.808 0.8750000000
76886  -44.619  9.551  49.989 0.7500000000
134711  -43.699  9.314  49.652 0.7500000000
74827  -40.925  7.914  48.014 0.6250000000
75821  -41.551  8.479  48.554 0.7500000000
75806  -43.167  8.921  49.056 0.8750000000
131597  -44.163  8.927  49.095 0.7500000000
75807  -45.155  9.074  49.167 0.8750000000
75825  -45.373  8.720  48.399 0.6250000000
75822  -42.555  8.390  48.445 0.7500000000
75823  -43.591  8.316  48.380 0.6250000000
75824  -44.546  8.421  48.358 0.6250000000
126669  -43.259  7.204  47.207 0.6250000000
74831  -44.706  8.089  47.712 0.6250000000
74839  -44.175  7.537  47.134 0.6250000000
131360  -44.690  7.992  47.281 0.6250000000
74840  -43.659  7.149  46.417 0.5000000000
123010  -44.460  8.204  46.518 0.6250000000
77604  -6.841  10.329  72.009 0.8750000000
78594  -6.296  10.835  71.587 0.8750000000
79612  -5.806  12.448  71.460 0.7500000000
76581  -9.443  10.339  73.305 1.0000000000
76580  -8.756  10.215  73.613 1.0000000000
80535  -6.120  13.523  70.921 0.7500000000
69892  -5.827  2.450  60.541 1.0000000000
68830  -7.653  1.903  61.084 1.0000000000
69878  -8.418  2.314  61.553 1.0000000000
69859  -9.044  2.740  62.170 1.0000000000
68841  -5.499  1.617  60.755 1.0000000000
68828  -6.079  0.895  61.032 1.0000000000
68798  -9.235  1.381  62.867 1.0000000000
132686  -9.493  2.169  62.707 1.0000000000
70899  -9.501  3.055  62.906 1.0000000000
77593  -11.408  10.578  73.119 1.0000000000
131029  -7.325  15.570  67.838 0.6250000000
68827  -3.887  1.525  61.269 1.0000000000
69846  -10.300  2.562  63.933 1.0000000000
70890  -9.895  3.242  63.608 1.0000000000
119023  -13.928  10.604  72.210 1.0000000000
82203  -6.713  14.905  67.420 0.7500000000
68812  -2.377  1.489  62.114 1.0000000000
67725  -1.304  0.365  62.593 0.8750000000
132644  -10.679  2.671  64.501 1.0000000000
121422  -15.184  10.743  71.677 1.0000000000
77597  -14.344  11.057  72.013 1.0000000000
81402  -6.406  14.282  65.897 0.7500000000
82211  -6.663  14.886  66.397 0.7500000000
68797  -1.168  1.671  63.545 1.0000000000
68796  -0.614  1.369  64.010 1.0000000000
66648  -0.114  -0.339  63.334 0.8750000000
70872  -10.858  3.384  64.905 1.0000000000
70864  -11.657  3.826  65.804 1.0000000000
80563  -6.455  13.708  64.704 0.7500000000
80559  -6.294  13.619  66.229 0.7500000000
68785  -0.267  1.735  64.916 1.0000000000
67690  1.021  0.418  65.079 1.0000000000
66633  1.278  -0.286  64.693 0.8750000000
71847  -12.508  4.528  66.789 1.0000000000
71835  -13.062  4.451  67.457 1.0000000000
122487  -6.557  13.068  64.342 0.7500000000
130525  -6.710  12.423  64.842 0.7500000000
134461  -26.305  8.983  65.779 1.0000000000
76633  -26.412  9.446  65.325 1.0000000000
76651  -26.482  10.106  64.838 1.0000000000
78641  -26.838  11.120  64.910 1.0000000000
78642  -27.513  11.488  64.429 1.0000000000
67676  2.307  0.427  66.203 0.8750000000
70855  -13.339  3.793  68.627 1.0000000000
71823  -13.884  4.411  69.046 1.0000000000
72772  -14.678  5.488  69.773 1.0000000000
72768  -15.472  6.220  70.913 1.0000000000
74549  -16.102  7.646  71.427 1.0000000000
78657  -7.218  11.558  62.809 0.7500000000
76650  -26.389  9.427  64.511 1.0000000000
77714  -26.744  10.384  62.490 0.8750000000
77705  -27.202  11.147  63.126 1.0000000000
78658  -27.958  11.691  63.247 1.0000000000
67675  2.664  0.247  65.755 0.8750000000
121939  -7.285  11.456  61.866 0.7500000000
77702  -7.521  10.770  62.533 0.7500000000
77715  -27.276  10.774  61.962 0.8750000000
77730  -28.188  10.838  60.550 1.0000000000
78681  -28.900  11.471  61.142 1.0000000000
68795  2.069  1.533  64.363 1.0000000000
68783  2.648  0.865  65.136 0.8750000000
67704  2.846  0.203  64.102 0.8750000000
77711  -7.438  10.822  61.118 0.7500000000
77751  -29.415  10.500  58.602 1.0000000000
77741  -29.179  10.816  59.411 1.0000000000
78693  -29.834  11.544  59.989 1.0000000000
78683  -30.562  12.348  60.671 0.8750000000
70869  1.681  3.273  65.174 1.0000000000
69833  1.767  2.326  64.817 1.0000000000
69854  1.444  1.881  63.317 0.8750000000
67723  1.716  0.720  62.397 0.8750000000
67737  1.558  0.449  61.252 0.8750000000
77736  -7.805  10.154  59.681 0.7500000000
77724  -7.776  10.119  60.560 0.7500000000
77764  -30.578  10.432  57.554 1.0000000000
77752  -30.316  10.717  58.379 1.0000000000
78707  -30.954  11.451  58.945 0.8750000000
71865  1.625  4.231  64.621 1.0000000000
70878  1.303  3.317  64.072 1.0000000000
69843  1.051  2.825  63.229 1.0000000000
125285  1.060  1.186  61.674 0.8750000000
68839  1.353  0.974  59.663 0.8750000000
68853  1.721  0.954  58.686 1.0000000000
77779  -30.820  10.274  56.693 1.0000000000
77765  -31.462  10.676  57.317 1.0000000000
78720  -32.149  11.252  57.948 1.0000000000
77767  -33.771  10.991  57.008 1.0000000000
71874  1.460  4.469  63.641 1.0000000000
70887  0.954  3.782  63.082 1.0000000000
133235  0.746  1.872  61.945 0.8750000000
68840  0.802  1.713  60.148 1.0000000000
68864  1.489  1.561  58.338 1.0000000000
68887  2.463  0.877  56.237 1.0000000000
68911  1.854  1.199  55.547 0.5000000000
68934  1.510  1.830  55.072 0.3750000000
76718  -8.332  9.675  58.353 0.8750000000
76719  -8.888  9.008  58.719 0.8750000000
77766  -32.345  10.923  57.105 1.0000000000
78732  -33.097  11.035  56.991 1.0000000000
133950  -33.814  10.659  56.301 1.0000000000
77797  -35.136  10.370  56.648 1.0000000000
71873  2.084  5.033  64.156 1.0000000000
70908  0.548  3.535  61.758 1.0000000000
70923  0.450  3.460  60.964 1.0000000000
69919  0.877  2.398  58.555 1.0000000000
68874  2.354  1.281  56.723 1.0000000000
127327  2.331  1.403  55.793 0.7500000000
69968  2.238  1.791  55.348 0.5000000000
69987  0.901  2.465  54.564 0.3750000000
71000  0.275  3.115  54.033 0.3750000000
76729  -8.851  9.037  57.886 0.8750000000
75692  -9.246  8.674  57.166 0.8750000000
77808  -32.794  10.303  54.754 1.0000000000
77795  -33.468  10.403  55.462 1.0000000000
76768  -34.170  10.032  55.063 1.0000000000
76769  -35.047  10.014  55.621 1.0000000000
76770  -36.906  9.702  56.144 1.0000000000
72830  2.173  5.260  63.118 1.0000000000
71900  1.284  4.823  61.866 1.0000000000
71901  0.793  4.227  61.377 1.0000000000
137053  0.482  3.097  59.208 1.0000000000
70948  1.028  3.777  57.774 0.8750000000
69952  2.243  2.501  55.853 0.8750000000
69985  2.329  2.530  54.876 0.5000000000
70998  2.365  3.232  54.260 0.3750000000
75704  -9.313  8.708  56.239 0.7500000000
75708  -19.958  8.324  56.500 0.6250000000
77809  -33.450  10.131  54.676 1.0000000000
76805  -33.999  9.563  53.082 1.0000000000
137409  -35.329  9.547  53.884 1.0000000000
116725  -35.937  9.728  55.258 1.0000000000
76771  -37.953  9.684  56.238 1.0000000000
119528  -39.030  9.511  57.511 1.0000000000
72842  1.880  5.219  62.288 0.8750000000
123359  1.674  5.067  60.237 0.8750000000
71933  0.741  3.933  59.377 0.8750000000
73832  -10.702  6.997  55.504 0.7500000000
75676  -19.797  8.478  58.708 0.6250000000
76732  -19.568  9.411  57.775 0.6250000000
77776  -19.673  10.048  57.246 0.6250000000
78742  -20.714  10.838  56.034 0.5000000000
76839  -34.168  9.341  51.331 1.0000000000
135439  -34.955  9.392  51.570 1.0000000000
76824  -35.703  9.431  52.153 1.0000000000
76756  -39.819  9.080  58.156 1.0000000000
72857  2.122  5.320  61.525 0.8750000000
72871  2.383  5.345  60.667 0.8750000000
73847  -11.161  6.320  55.068 0.7500000000
136781  -19.974  8.658  60.432 0.6250000000
77748  -19.501  10.343  59.600 0.5000000000
78719  -21.179  11.633  57.332 0.5000000000
78730  -21.322  11.465  56.487 0.5000000000
76882  -34.379  9.732  49.843 1.0000000000
77866  -35.056  9.940  50.140 1.0000000000
75713  -40.025  8.833  57.760 1.0000000000
74745  -39.604  8.289  56.382 1.0000000000
72966  -11.743  5.882  53.627 0.6250000000
75648  -20.056  8.127  61.929 0.6250000000
77738  -19.470  10.450  61.170 0.6250000000
78756  -22.554  11.797  54.839 0.5000000000
79754  -23.627  12.487  54.544 0.3750000000
77897  -32.819  10.062  48.022 0.8750000000
77906  -33.063  11.064  47.868 0.8750000000
75721  -40.549  9.042  57.093 1.0000000000
72007  -13.036  4.718  53.375 0.5000000000
75658  -18.683  8.353  60.794 0.6250000000
76691  -19.235  9.516  61.923 0.6250000000
78757  -23.017  11.981  54.239 0.5000000000
79784  -24.514  12.629  52.668 0.5000000000
78877  -32.651  11.646  47.330 0.7500000000
79867  -33.402  12.927  47.769 0.7500000000
75743  -39.566  8.205  54.478 0.8750000000
72983  -13.933  4.812  52.042 0.5000000000
75675  -18.197  8.293  59.220 0.6250000000
75657  -17.923  9.073  59.883 0.6250000000
79797  -24.746  12.542  51.405 0.5000000000
79834  -26.023  13.094  49.701 0.3750000000
128890  -31.425  13.075  46.033 0.7500000000
119673  -32.003  12.992  46.407 0.7500000000
119335  -39.672  8.403  53.704 0.8750000000
75757  -40.185  8.846  53.336 1.0000000000
72044  -15.564  4.439  51.578 0.6250000000
72999  -16.752  5.474  51.217 0.6250000000
74751  -18.173  7.210  54.992 0.6250000000
74735  -18.199  7.341  55.977 0.7500000000
80725  -26.601  13.601  49.365 0.3750000000
134769  -26.922  13.870  48.016 0.5000000000
80786  -31.012  13.557  45.752 0.7500000000
75756  -39.413  8.369  52.826 0.8750000000
122608  -39.942  8.838  52.423 1.0000000000
130863  -41.163  9.630  51.619 1.0000000000
73000  -17.559  5.197  51.526 0.6250000000
73879  -17.367  6.046  51.486 0.6250000000
73868  -18.398  6.019  52.576 0.6250000000
74766  -18.111  7.030  54.014 0.6250000000
81572  -27.171  14.963  47.040 0.5000000000
135324  -28.093  15.833  45.870 0.3750000000
82423  -29.678  15.881  45.286 0.6250000000
133935  -30.275  15.471  45.361 0.6250000000
126969  -40.137  9.089  51.548 1.0000000000
83303  -29.197  16.721  45.318 0.5000000000
84275  -30.358  17.775  44.901 0.5000000000
75788  -39.394  8.428  50.951 0.8750000000
139475  -42.030  9.891  51.457 1.0000000000
135348  -43.547  10.006  51.133 0.8750000000
76867  -44.394  9.999  50.926 0.8750000000
76846  -45.003  10.330  51.453 0.8750000000
76887  -45.688  9.589  49.955 0.7500000000
136199  -46.015  9.067  48.382 0.7500000000
75833  -45.378  8.567  47.720 0.6250000000
75839  -45.509  8.890  47.265 0.6250000000
79869  -38.357  11.991  46.813 0.3750000000
76921  -45.011  8.927  46.543 0.6250000000
75843  -44.224  8.502  45.929 0.7500000000
75520  -7.432  9.642  74.277 1.0000000000
76562  -7.378  9.776  74.297 1.0000000000
77591  -6.520  10.331  73.506 1.0000000000
75521  -8.634  9.744  74.143 1.0000000000
69893  -6.660  2.562  60.493 1.0000000000
69877  -7.866  2.883  61.021 1.0000000000
70913  -8.447  3.313  61.671 1.0000000000
75530  -10.793  9.706  73.208 1.0000000000
76566  -10.484  10.252  73.496 1.0000000000
76565  -9.836  10.165  73.733 1.0000000000
82197  -7.461  15.625  68.815 0.6250000000
70925  -5.337  3.154  60.684 1.0000000000
71906  -7.482  4.605  61.546 1.0000000000
71907  -8.208  4.251  61.985 1.0000000000
76583  -11.997  9.804  72.668 1.0000000000
76568  -12.173  10.474  72.890 1.0000000000
77594  -11.991  10.844  72.918 1.0000000000
83075  -7.852  16.105  67.392 0.6250000000
118301  -3.918  3.101  61.507 1.0000000000
71891  -8.472  4.738  62.798 1.0000000000
135360  -8.988  4.496  63.175 1.0000000000
76585  -13.632  9.836  71.846 1.0000000000
77595  -12.672  11.099  72.628 1.0000000000
82204  -7.162  15.521  66.899 0.7500000000
69857  -2.541  3.127  62.629 1.0000000000
71892  -9.449  3.912  63.299 1.0000000000
76570  -14.537  9.891  71.843 1.0000000000
136385  -14.650  10.494  71.897 1.0000000000
82216  -6.672  14.875  65.520 0.7500000000
82212  -7.099  15.529  65.984 0.6250000000
69845  -1.954  3.078  63.319 1.0000000000
68786  -1.054  2.231  64.251 1.0000000000
71868  -10.271  4.158  64.592 1.0000000000
124796  -11.248  4.341  65.580 1.0000000000
126983  -16.033  8.759  71.582 1.0000000000
76571  -15.619  9.876  71.744 1.0000000000
81406  -6.741  14.848  64.697 0.7500000000
127602  -6.364  13.718  65.464 0.7500000000
68775  -0.205  2.304  65.624 1.0000000000
68784  0.634  1.082  65.420 1.0000000000
71846  -11.689  4.722  66.151 1.0000000000
126745  -13.381  5.067  67.731 1.0000000000
72791  -13.283  5.823  67.777 1.0000000000
73680  -15.549  6.990  70.578 1.0000000000
79651  -6.628  13.029  63.507 0.7500000000
69799  1.595  2.407  67.872 1.0000000000
68762  1.620  1.418  67.065 1.0000000000
68774  1.160  1.213  66.276 1.0000000000
67677  1.633  0.550  66.072 1.0000000000
127206  -13.492  4.459  68.155 1.0000000000
73693  -13.705  6.310  68.396 1.0000000000
72780  -14.304  5.913  68.945 1.0000000000
72773  -15.193  6.196  70.207 1.0000000000
79660  -7.024  12.275  62.299 0.7500000000
70850  2.052  2.554  68.243 1.0000000000
69798  2.055  1.931  67.933 1.0000000000
68773  2.080  0.750  66.851 1.0000000000
78664  -7.297  11.769  60.903 0.7500000000
133439  -7.153  12.238  61.596 0.7500000000
71844  2.421  3.633  67.601 1.0000000000
69820  2.515  1.850  66.895 1.0000000000
124272  2.613  1.214  66.483 1.0000000000
68772  2.633  0.694  66.044 1.0000000000
77723  -7.476  10.959  60.143 0.7500000000
71853  2.269  4.200  66.222 1.0000000000
69821  2.204  2.203  65.862 1.0000000000
138878  -7.651  10.815  59.338 0.7500000000
72811  2.734  5.193  65.667 1.0000000000
71854  1.810  4.020  65.474 1.0000000000
128963  -7.877  10.299  58.842 0.8750000000
72820  3.369  5.939  65.084 1.0000000000
71864  2.098  4.767  65.130 1.0000000000
130593  -8.399  9.812  57.491 0.8750000000
76728  -8.582  9.871  56.634 0.8750000000
72821  2.741  5.464  64.630 1.0000000000
136951  -8.771  9.280  57.150 0.8750000000
76744  -8.915  9.170  56.632 0.7500000000
72829  3.692  5.941  63.910 0.8750000000
119097  2.782  5.519  63.779 1.0000000000
71946  1.192  4.334  58.647 0.8750000000
71958  1.581  4.233  57.102 0.8750000000
70988  2.349  3.419  55.434 0.7500000000
138155  2.676  3.794  54.308 0.5000000000
70999  1.538  3.098  54.002 0.3750000000
75715  -9.603  8.461  55.372 0.7500000000
76826  -37.352  9.825  52.907 1.0000000000
76808  -37.620  9.745  54.026 1.0000000000
76789  -38.326  9.794  55.415 1.0000000000
136210  -38.967  9.690  56.725 1.0000000000
122496  3.344  5.670  63.019 0.8750000000
71932  1.481  4.779  59.512 0.8750000000
72897  2.176  5.115  58.718 0.8750000000
71945  1.548  4.560  57.985 0.8750000000
74749  -10.351  7.624  54.118 0.7500000000
80626  -25.308  13.973  56.233 0.3750000000
81463  -26.031  14.357  56.355 0.3750000000
77867  -35.642  10.250  50.505 1.0000000000
76841  -37.127  9.988  51.970 1.0000000000
76772  -39.642  9.828  56.707 1.0000000000
76757  -40.119  9.032  57.943 1.0000000000
72841  2.940  5.530  62.155 0.8750000000
73855  -10.727  7.083  53.834 0.7500000000
119435  -11.422  6.408  53.110 0.6250000000
78691  -20.262  11.667  60.360 0.3750000000
79715  -22.494  12.579  57.560 0.3750000000
80624  -23.875  13.333  56.933 0.3750000000
80645  -25.572  13.690  54.610 0.3750000000
77883  -34.671  10.434  49.468 1.0000000000
77884  -35.310  10.779  49.877 1.0000000000
78798  -36.806  11.400  51.215 1.0000000000
76791  -40.065  10.201  56.429 1.0000000000
76773  -40.511  9.319  57.163 1.0000000000
128124  4.020  5.705  61.604 0.8750000000
139398  -11.886  5.936  52.932 0.5000000000
132601  -11.674  6.893  51.801 0.5000000000
77713  -19.066  11.123  62.345 0.6250000000
79725  -22.667  12.411  56.604 0.3750000000
79739  -23.620  12.765  55.412 0.3750000000
80660  -24.940  13.229  53.836 0.3750000000
79851  -33.779  12.477  48.319 0.8750000000
79836  -35.188  12.399  49.828 1.0000000000
126465  -36.250  11.883  50.788 1.0000000000
76774  -41.221  9.515  56.824 1.0000000000
75733  -41.146  9.055  56.258 1.0000000000
72995  -12.918  5.933  51.668 0.5000000000
73866  -12.241  6.443  51.686 0.5000000000
77737  -17.318  10.855  60.355 0.6250000000
78677  -17.587  11.499  60.965 0.6250000000
80681  -25.732  13.355  52.445 0.3750000000
80700  -27.063  13.980  51.040 0.3750000000
80753  -33.003  13.311  47.214 0.7500000000
128594  -34.236  14.055  48.643 0.7500000000
79852  -34.226  12.822  48.766 0.7500000000
76810  -41.335  9.164  55.417 1.0000000000
76793  -41.813  9.485  55.873 1.0000000000
72997  -14.433  5.289  51.382 0.5000000000
73012  -14.866  5.893  50.796 0.5000000000
75694  -17.628  8.671  57.836 0.6250000000
76720  -17.275  9.798  59.034 0.6250000000
128977  -16.923  10.632  59.220 0.6250000000
80712  -26.256  13.487  50.977 0.3750000000
80714  -27.138  14.087  50.072 0.3750000000
81583  -32.137  14.433  46.207 0.7500000000
80769  -33.101  13.989  47.083 0.7500000000
128772  -34.059  14.967  47.780 0.7500000000
75744  -40.446  8.718  54.677 1.0000000000
76811  -41.725  9.620  54.711 1.0000000000
76828  -41.671  9.836  53.530 1.0000000000
72998  -15.293  5.154  51.213 0.5000000000
73013  -15.840  5.776  50.897 0.5000000000
74796  -17.106  6.947  51.687 0.6250000000
74750  -17.572  7.753  54.494 0.6250000000
74721  -17.731  7.981  56.334 0.6250000000
76746  -17.102  9.407  57.130 0.6250000000
81563  -27.399  14.836  48.732 0.3750000000
82399  -27.416  15.435  47.805 0.3750000000
82425  -31.603  15.665  45.654 0.7500000000
83306  -32.297  16.310  45.700 0.7500000000
83307  -33.107  16.651  45.995 0.7500000000
76812  -42.300  10.122  54.064 1.0000000000
73867  -17.794  6.477  52.112 0.6250000000
73857  -17.992  6.776  53.031 0.6250000000
75728  -17.038  8.504  54.911 0.6250000000
83290  -27.835  16.305  46.479 0.3750000000
84273  -28.852  17.407  45.651 0.3750000000
121669  -30.918  17.207  44.908 0.6250000000
84276  -31.748  17.110  45.134 0.6250000000
121375  -33.249  17.391  45.654 0.7500000000
122848  -42.820  10.343  52.683 1.0000000000
77850  -43.642  10.492  52.464 1.0000000000
77836  -44.097  10.673  52.891 0.8750000000
85209  -29.837  18.391  45.185 0.3750000000
85225  -31.526  18.654  44.583 0.6250000000
76844  -42.919  10.266  51.799 1.0000000000
76845  -44.060  10.334  51.689 0.8750000000
77851  -44.556  10.611  52.117 0.8750000000
77852  -45.411  10.665  51.751 0.7500000000
76868  -45.323  9.982  50.711 0.8750000000
76869  -46.131  10.027  50.508 0.7500000000
79837  -39.154  12.859  49.122 0.3750000000
128012  -46.370  9.767  49.897 0.7500000000
76889  -46.849  9.882  49.433 0.7500000000
79854  -39.501  11.964  48.692 0.3750000000
76888  -46.111  9.296  49.180 0.7500000000
76900  -46.703  9.592  48.652 0.7500000000
79853  -38.889  12.296  48.131 0.3750000000
78854  -39.349  11.750  47.976 0.3750000000
78855  -39.969  11.559  48.229 0.3750000000
76913  -47.156  10.068  48.177 0.7500000000
77907  -47.494  10.750  47.763 0.7500000000
78880  -39.639  11.549  47.494 0.3750000000
76912  -46.278  9.364  47.862 0.7500000000
76923  -46.866  10.205  47.458 0.6250000000
77919  -46.526  10.433  46.606 0.6250000000
78879  -38.910  11.738  47.336 0.3750000000
76922  -45.942  9.608  46.988 0.6250000000
76926  -45.492  9.901  46.168 0.6250000000
77928  -46.051  10.738  45.778 0.6250000000
78899  -38.050  11.823  46.083 0.2500000000
78900  -38.685  11.652  46.499 0.3750000000
78901  -39.330  11.509  46.816 0.3750000000
77927  -45.000  10.319  45.374 0.6250000000
118352  -39.162  11.463  46.086 0.2500000000
76932  -44.112  9.916  44.982 0.7500000000
77934  -44.513  10.739  44.610 0.7500000000
77935  -45.485  11.126  44.999 0.7500000000
78914  -38.506  11.569  45.722 0.2500000000
77589  -4.070  10.497  72.510 0.8750000000
76560  -4.604  9.645  72.901 0.8750000000
77586  -4.379  10.410  73.999 0.8750000000
76557  -4.996  9.668  74.048 0.8750000000
77584  -5.156  10.325  74.631 0.8750000000
77585  -5.749  10.076  74.683 0.8750000000
75518  -5.666  9.230  74.072 0.8750000000
76559  -6.889  9.855  74.489 1.0000000000
77587  -5.637  10.464  74.476 0.8750000000
77590  -5.865  10.916  73.174 0.8750000000
78585  -5.822  11.524  72.281 0.8750000000
76577  -4.569  9.628  71.494 0.8750000000
76561  -5.115  9.012  72.160 0.8750000000
75524  -5.785  8.746  73.205 0.8750000000
75525  -6.783  8.642  73.348 1.0000000000
75526  -7.943  8.829  73.609 1.0000000000
78583  -5.169  11.616  74.257 0.8750000000
79607  -5.516  12.483  73.106 0.7500000000
80530  -5.809  13.204  72.148 0.7500000000
71917  -5.639  3.980  60.691 1.0000000000
71918  -6.472  4.122  60.706 1.0000000000
130374  -5.908  8.504  71.642 0.8750000000
121095  -8.035  8.433  72.146 1.0000000000
75529  -10.124  9.467  73.161 1.0000000000
81376  -6.611  14.562  71.327 0.6250000000
83076  -8.673  16.588  67.927 0.6250000000
70911  -4.954  3.725  60.894 1.0000000000
71904  -4.982  4.528  61.033 1.0000000000
118657  -6.722  4.815  61.142 1.0000000000
75538  -8.645  8.407  71.554 1.0000000000
75540  -10.451  8.988  72.124 1.0000000000
75541  -11.272  9.349  71.944 1.0000000000
83084  -8.543  16.544  66.963 0.6250000000
135936  -9.524  17.069  65.652 0.6250000000
71903  -4.154  4.543  61.506 1.0000000000
72859  -4.635  5.193  61.349 1.0000000000
72861  -6.182  5.599  61.412 1.0000000000
72846  -7.429  5.710  62.682 1.0000000000
75553  -11.532  8.553  70.404 1.0000000000
138567  -12.783  9.125  71.036 1.0000000000
76584  -12.724  9.708  71.943 1.0000000000
123456  -8.387  16.545  66.194 0.6250000000
83100  -10.639  16.967  64.573 0.6250000000
83106  -10.378  16.572  63.220 0.6250000000
83120  -11.218  16.203  61.890 0.6250000000
70897  -2.892  3.934  62.448 1.0000000000
73743  -7.629  6.382  64.250 1.0000000000
71877  -8.664  5.135  63.563 1.0000000000
74564  -11.876  8.157  69.254 1.0000000000
132827  -12.261  8.485  69.991 1.0000000000
75554  -12.957  8.690  70.239 1.0000000000
75544  -14.300  9.046  71.015 1.0000000000
82221  -7.180  15.439  64.310 0.7500000000
83089  -7.755  16.195  65.560 0.6250000000
83105  -8.640  16.403  63.465 0.6250000000
117888  -9.792  16.455  62.814 0.6250000000
133942  -10.880  15.855  61.189 0.6250000000
71876  -1.968  4.296  63.703 1.0000000000
70879  -1.472  3.513  64.483 1.0000000000
72833  -8.193  5.840  64.138 1.0000000000
72823  -8.929  5.340  64.305 1.0000000000
71857  -10.072  4.885  65.044 1.0000000000
74565  -12.776  8.050  69.269 1.0000000000
74566  -13.602  8.025  69.606 1.0000000000
75531  -15.189  9.255  71.523 1.0000000000
81410  -6.842  14.751  63.895 0.7500000000
83097  -7.914  16.168  63.978 0.6250000000
83112  -9.166  15.993  61.881 0.6250000000
82235  -11.005  15.670  60.518 0.6250000000
70871  -1.204  3.646  65.113 1.0000000000
69823  -0.771  3.022  65.476 1.0000000000
72814  -9.004  6.024  65.521 1.0000000000
72816  -10.771  5.021  65.598 1.0000000000
130397  -11.606  5.537  66.430 1.0000000000
73692  -12.939  6.707  67.983 1.0000000000
74578  -13.445  7.308  68.751 1.0000000000
75556  -14.368  8.124  70.116 1.0000000000
74556  -15.273  8.204  70.847 1.0000000000
80571  -6.912  13.760  62.245 0.6250000000
81413  -6.889  14.515  63.006 0.7500000000
122840  -7.170  14.578  62.233 0.6250000000
82232  -8.526  15.486  61.491 0.6250000000
82233  -9.362  15.628  61.187 0.6250000000
82234  -10.194  15.628  60.824 0.6250000000
134585  -11.192  15.575  59.738 0.6250000000
70853  0.371  3.861  67.566 1.0000000000
69811  -0.031  2.849  66.393 1.0000000000
73694  -14.144  6.711  68.925 1.0000000000
81415  -7.379  14.303  61.576 0.7500000000
81416  -8.031  14.908  61.085 0.6250000000
81420  -8.554  14.707  60.296 0.6250000000
81429  -10.030  14.980  59.318 0.6250000000
71822  1.274  4.210  68.930 1.0000000000
71821  1.929  3.978  69.568 1.0000000000
79679  -7.393  12.480  60.325 0.7500000000
80574  -7.213  13.458  61.357 0.6250000000
80581  -7.466  13.244  60.547 0.7500000000
81427  -8.742  14.331  59.442 0.6250000000
125161  -9.457  14.604  59.004 0.6250000000
81438  -10.168  14.874  58.692 0.6250000000
70840  2.176  3.416  68.956 1.0000000000
71820  2.444  4.005  69.455 1.0000000000
78676  -7.402  11.809  60.077 0.7500000000
80589  -7.692  13.040  59.733 0.7500000000
79691  -7.919  12.787  58.921 0.6250000000
80599  -9.051  13.824  57.925 0.6250000000
71843  2.862  4.440  68.182 1.0000000000
78689  -7.535  11.517  59.405 0.7500000000
79702  -8.092  12.507  58.130 0.7500000000
80608  -8.657  13.062  57.629 0.6250000000
80609  -9.174  13.597  57.194 0.6250000000
72810  3.293  5.676  66.177 1.0000000000
72800  2.769  4.810  66.858 1.0000000000
77746  -7.714  11.172  58.687 0.7500000000
78715  -8.062  11.322  57.348 0.8750000000
79709  -8.255  12.186  57.266 0.6250000000
83162  -31.716  16.898  57.917 0.3750000000
84150  -32.392  17.092  57.091 0.3750000000
85081  -33.089  17.818  57.226 0.3750000000
119484  -7.967  10.624  57.933 0.8750000000
77757  -8.251  10.608  57.040 0.8750000000
77774  -8.519  10.734  56.300 0.8750000000
82280  -29.178  15.818  57.588 0.3750000000
82282  -30.527  16.139  57.136 0.3750000000
83174  -31.669  16.621  56.714 0.3750000000
85080  -32.531  17.578  55.915 0.3750000000
77788  -8.801  10.808  55.617 0.7500000000
81451  -26.852  15.398  57.937 0.3750000000
82288  -28.289  15.417  56.365 0.3750000000
82289  -29.068  15.544  56.142 0.3750000000
82291  -30.322  15.920  55.724 0.3750000000
83185  -31.415  16.665  55.239 0.3750000000
71967  2.590  4.697  55.673 0.8750000000
71977  2.720  4.045  54.763 0.7500000000
71014  2.768  4.092  53.717 0.5000000000
71015  2.033  3.893  53.341 0.3750000000
121978  -9.411  9.040  54.743 0.7500000000
75725  -9.706  8.934  53.855 0.7500000000
81442  -25.400  15.237  59.543 0.3750000000
133583  -25.828  14.822  57.753 0.3750000000
81465  -27.455  15.146  56.286 0.3750000000
81472  -28.266  15.261  55.188 0.3750000000
82299  -29.768  15.675  54.383 0.3750000000
83196  -30.770  16.524  54.121 0.3750000000
77822  -38.162  10.251  53.269 1.0000000000
72882  3.407  5.555  59.040 0.8750000000
71944  2.233  5.063  57.700 0.8750000000
71957  2.402  4.912  56.744 0.8750000000
72937  3.412  5.458  55.436 0.7500000000
120445  3.159  4.560  54.096 0.7500000000
72001  2.809  4.577  52.998 0.5000000000
75726  -9.865  8.311  54.451 0.7500000000
75736  -10.148  8.242  53.555 0.7500000000
80604  -23.664  13.805  59.293 0.3750000000
81449  -25.259  14.565  58.246 0.3750000000
116603  -27.048  14.659  55.296 0.3750000000
81482  -28.313  15.025  54.094 0.3750000000
82309  -30.138  16.051  53.633 0.3750000000
77833  -37.836  10.500  52.354 1.0000000000
77834  -38.553  10.917  52.823 1.0000000000
77823  -38.887  10.697  53.722 1.0000000000
72828  4.284  6.093  62.813 0.8750000000
72883  2.598  5.351  59.744 0.8750000000
72912  3.375  5.588  57.445 0.8750000000
74764  -10.968  6.875  53.316 0.6250000000
74779  -10.730  7.854  52.305 0.6250000000
79696  -22.169  13.079  60.214 0.3750000000
80614  -23.072  13.166  58.324 0.3750000000
80625  -24.537  13.643  56.596 0.3750000000
134183  -26.869  14.022  52.811 0.3750000000
126806  -27.910  14.508  52.311 0.3750000000
82320  -29.214  15.547  52.250 0.3750000000
77849  -37.391  10.801  51.683 1.0000000000
78783  -38.024  11.319  52.180 1.0000000000
77824  -39.620  10.986  54.365 1.0000000000
77798  -40.853  10.072  56.861 1.0000000000
72855  4.218  5.748  60.821 0.8750000000
72870  3.462  5.540  60.358 0.8750000000
73874  -12.111  7.163  51.083 0.5000000000
79681  -20.485  12.799  62.731 0.3750000000
79667  -18.848  12.194  62.386 0.6250000000
80683  -27.177  14.129  52.070 0.3750000000
81536  -28.346  14.864  51.229 0.3750000000
81518  -28.552  14.887  52.090 0.3750000000
79815  -35.505  12.920  50.264 0.8750000000
79816  -36.027  12.917  50.844 0.8750000000
78799  -37.333  11.851  51.724 1.0000000000
76775  -41.654  9.673  56.709 1.0000000000
73876  -13.509  6.157  51.024 0.5000000000
128279  -14.765  6.592  50.664 0.5000000000
78665  -18.805  11.493  62.386 0.6250000000
79680  -17.978  12.124  61.464 0.6250000000
81550  -27.659  14.595  50.088 0.3750000000
81564  -34.479  14.806  48.450 0.8750000000
81537  -35.292  14.078  50.167 0.8750000000
80715  -35.571  13.624  50.531 0.8750000000
77813  -42.160  10.009  56.165 1.0000000000
76794  -42.276  9.896  55.118 1.0000000000
77814  -42.751  10.575  55.513 0.8750000000
73877  -14.133  5.829  50.972 0.5000000000
73888  -15.397  6.417  50.751 0.5000000000
74794  -15.541  7.710  51.087 0.5000000000
77747  -16.528  11.067  58.424 0.6250000000
82387  -27.701  15.488  48.778 0.3750000000
83280  -34.160  16.123  47.244 0.8750000000
82389  -34.481  15.690  47.838 0.8750000000
81565  -35.005  14.866  49.200 0.8750000000
74809  -15.826  6.891  50.901 0.5000000000
73878  -16.483  6.408  51.123 0.5000000000
74781  -16.621  7.769  52.167 0.6250000000
76762  -16.888  9.340  56.273 0.6250000000
130770  -16.619  9.890  56.705 0.6250000000
122464  -27.936  16.931  47.831 0.3750000000
84259  -28.319  17.277  46.350 0.3750000000
121468  -33.958  18.520  45.417 0.6250000000
84278  -33.871  17.760  45.864 0.7500000000
84261  -34.408  17.505  46.512 0.7500000000
77835  -43.144  10.429  53.369 0.8750000000
77825  -43.760  10.681  53.788 0.8750000000
74765  -17.500  7.553  53.513 0.6250000000
75738  -16.922  8.308  53.966 0.6250000000
85173  -28.940  18.749  46.922 0.3750000000
86118  -29.518  18.880  45.681 0.3750000000
86136  -31.923  19.392  44.430 0.6250000000
85227  -33.214  19.107  44.634 0.6250000000
82356  -39.317  15.803  50.472 0.3750000000
86990  -30.982  20.052  44.863 0.5000000000
86991  -31.673  20.214  44.584 0.6250000000
86137  -32.537  19.955  44.317 0.6250000000
81539  -39.525  15.070  50.883 0.3750000000
126773  -39.678  14.199  50.861 0.3750000000
77837  -44.923  10.861  52.378 0.7500000000
88686  -41.480  23.046  44.931 0.3750000000
124566  -38.982  14.212  49.634 0.3750000000
135825  -39.449  12.926  50.009 0.3750000000
76847  -45.801  10.378  51.150 0.7500000000
79838  -39.754  12.322  49.606 0.3750000000
77869  -46.401  10.541  50.730 0.7500000000
138676  -40.861  11.628  49.367 0.3750000000
76870  -46.720  10.233  50.120 0.7500000000
78831  -40.200  11.716  49.041 0.3750000000
78856  -40.894  11.487  48.582 0.3750000000
76901  -47.293  10.202  48.819 0.7500000000
119167  -41.394  11.445  47.994 0.3750000000
78857  -42.198  11.441  48.760 0.3750000000
76902  -47.473  10.577  48.304 0.7500000000
78881  -40.528  11.454  47.599 0.3750000000
78858  -42.804  11.474  48.116 0.3750000000
135232  -39.969  11.445  47.003 0.3750000000
78882  -41.495  11.510  47.220 0.3750000000
78883  -42.582  11.599  47.438 0.3750000000
119700  -39.870  11.447  46.362 0.3750000000
78903  -41.356  11.602  46.313 0.2500000000
117418  -42.225  11.721  46.679 0.5000000000
78919  -46.656  11.494  45.392 0.6250000000
78931  -46.028  11.825  44.589 0.7500000000
78916  -40.535  11.509  45.915 0.2500000000
79884  -42.814  12.175  46.220 0.3750000000
79885  -43.743  12.454  46.419 0.5000000000
125440  -39.030  11.445  45.419 0.2500000000
78915  -39.723  11.468  45.607 0.2500000000
78918  -42.038  11.886  46.004 0.2500000000
79901  -42.396  12.416  45.452 0.3750000000
78930  -44.950  11.472  44.218 0.6250000000
79935  -45.605  12.529  43.288 0.8750000000
78929  -40.370  11.625  45.099 0.2500000000
117095  -4.955  10.904  74.650 0.7500000000
77603  -4.239  10.365  70.803 0.8750000000
78592  -3.898  11.249  71.361 0.8750000000
78584  -3.745  11.489  72.946 0.7500000000
78582  -3.904  11.807  74.250 0.8750000000
78581  -4.384  11.977  74.502 0.7500000000
76600  -4.721  9.561  68.184 0.8750000000
77628  -4.387  10.238  68.577 0.8750000000
77613  -4.352  10.288  69.569 0.8750000000
76578  -5.127  8.997  70.788 0.8750000000
79603  -4.412  13.068  74.193 0.6250000000
80525  -5.538  13.500  73.292 0.7500000000
80531  -6.174  14.015  72.266 0.6250000000
71905  -5.894  4.798  60.906 1.0000000000
73769  -5.463  6.079  61.501 1.0000000000
76606  -4.711  9.554  67.295 0.8750000000
76601  -5.152  8.961  68.634 0.8750000000
75562  -5.659  8.413  69.036 0.8750000000
137235  -6.495  8.217  70.463 0.8750000000
75549  -7.525  8.155  70.634 1.0000000000
82183  -7.614  15.929  71.195 0.6250000000
82189  -7.022  15.185  70.571 0.6250000000
83068  -8.188  16.224  69.442 0.6250000000
83069  -8.829  16.605  68.970 0.6250000000
83085  -9.366  16.914  67.449 0.6250000000
117087  -9.265  16.955  66.419 0.6250000000
136587  -10.302  17.266  66.151 0.6250000000
73757  -3.710  6.156  61.834 1.0000000000
73759  -5.204  6.792  61.796 1.0000000000
76607  -5.178  8.987  67.742 0.8750000000
75581  -5.687  8.466  67.239 0.8750000000
75563  -6.237  7.971  68.461 0.8750000000
123269  -6.261  8.064  69.382 0.8750000000
75550  -8.319  8.047  70.029 1.0000000000
75551  -9.943  8.373  70.437 1.0000000000
75552  -10.795  8.605  70.838 1.0000000000
129238  -8.209  16.469  70.532 0.6250000000
84070  -10.009  17.225  67.015 0.6250000000
117075  -11.099  16.733  63.818 0.6250000000
72844  -3.211  5.313  62.165 1.0000000000
74646  -5.658  7.276  62.484 1.0000000000
74634  -6.251  7.431  63.491 1.0000000000
75571  -6.247  7.969  67.556 0.8750000000
74584  -7.693  7.343  67.672 1.0000000000
74561  -8.277  7.627  68.968 1.0000000000
74562  -9.059  7.969  69.536 1.0000000000
74563  -10.853  8.142  69.523 1.0000000000
72831  -1.804  5.664  63.717 1.0000000000
73742  -7.062  6.718  63.726 1.0000000000
74623  -7.306  6.869  64.706 1.0000000000
73719  -7.885  6.862  66.206 1.0000000000
74600  -7.481  7.276  67.014 1.0000000000
73720  -8.322  6.997  67.087 1.0000000000
122731  -9.796  7.379  68.151 1.0000000000
74577  -11.421  7.781  68.651 1.0000000000
83124  -11.702  15.919  61.064 0.6250000000
72813  -0.824  5.069  65.637 1.0000000000
72822  -8.558  5.904  64.930 1.0000000000
134246  -9.784  6.991  67.490 1.0000000000
74588  -11.394  7.315  67.962 1.0000000000
122932  -12.312  7.511  68.410 1.0000000000
72812  -0.329  5.068  66.394 1.0000000000
73733  -8.289  6.422  65.554 1.0000000000
119984  -8.720  6.530  66.196 1.0000000000
73721  -11.007  6.120  66.528 1.0000000000
73704  -11.317  6.664  67.269 1.0000000000
82249  -11.385  15.640  58.896 0.6250000000
71834  0.353  4.483  67.699 1.0000000000
82248  -10.680  15.256  59.174 0.6250000000
82256  -10.818  15.273  58.360 0.6250000000
72778  1.370  4.664  69.300 1.0000000000
81446  -10.229  14.788  57.918 0.6250000000
82265  -10.841  15.221  57.491 0.6250000000
81445  -9.616  14.269  57.514 0.6250000000
82284  -10.624  14.951  55.660 0.6250000000
85982  -32.780  18.728  58.340 0.3750000000
85976  -33.164  19.075  58.050 0.3750000000
72787  3.459  4.990  68.632 1.0000000000
80619  -8.774  12.897  56.859 0.6250000000
80620  -9.240  13.413  56.455 0.6250000000
81460  -9.676  13.899  56.014 0.6250000000
81467  -10.226  14.419  55.004 0.6250000000
84140  -32.480  17.427  58.016 0.3750000000
85072  -32.980  17.931  58.051 0.3750000000
85983  -33.374  19.255  57.268 0.3750000000
72799  3.319  5.358  67.372 1.0000000000
79720  -9.255  13.142  55.652 0.7500000000
80628  -9.756  13.815  55.274 0.6250000000
126295  -33.345  18.641  56.924 0.3750000000
73716  3.799  6.162  66.653 1.0000000000
79732  -8.871  12.299  55.777 0.7500000000
79733  -9.197  12.388  55.079 0.7500000000
82281  -29.908  15.922  57.155 0.3750000000
85088  -32.939  18.520  55.744 0.3750000000
85999  -32.797  19.586  54.886 0.3750000000
73729  4.205  6.733  66.031 1.0000000000
73730  3.866  6.350  65.559 1.0000000000
77803  -9.080  10.899  54.920 0.6250000000
78751  -9.243  11.663  54.600 0.6250000000
82279  -28.254  15.660  57.644 0.3750000000
82271  -28.481  16.099  58.838 0.3750000000
84160  -31.849  17.400  54.801 0.3750000000
119313  -31.654  18.954  53.262 0.3750000000
85998  -32.279  18.839  54.389 0.3750000000
73739  4.122  6.461  64.524 0.8750000000
139983  -9.281  10.367  54.459 0.7500000000
77817  -9.490  10.330  53.755 0.6250000000
77841  -9.936  10.386  52.079 0.6250000000
82252  -25.348  16.444  61.423 0.3750000000
83197  -31.271  17.035  54.231 0.3750000000
85102  -31.211  18.044  53.210 0.3750000000
120951  4.602  6.927  64.140 0.8750000000
72936  4.073  6.118  55.222 0.8750000000
125627  3.684  5.533  54.428 0.7500000000
72949  3.517  5.187  53.606 0.6250000000
72965  2.645  5.266  52.493 0.5000000000
76815  -9.963  9.658  52.485 0.6250000000
75760  -10.557  8.867  51.390 0.5000000000
133807  -24.094  14.487  60.289 0.3750000000
81425  -24.425  15.941  61.919 0.3750000000
82245  -24.776  16.232  61.867 0.3750000000
84176  -30.652  17.811  52.501 0.3750000000
78784  -38.592  11.895  52.829 1.0000000000
139433  3.933  5.735  62.304 0.8750000000
72868  4.774  6.164  59.753 0.8750000000
72881  4.353  5.841  59.345 0.8750000000
132972  4.275  6.225  57.672 0.8750000000
73854  3.178  5.983  52.789 0.5000000000
75747  -10.250  9.123  52.109 0.6250000000
75761  -11.042  8.305  51.168 0.5000000000
80595  -22.749  13.950  61.486 0.3750000000
80586  -22.177  14.458  62.620 0.3750000000
81423  -22.622  14.944  62.412 0.3750000000
83224  -29.562  16.186  51.977 0.3750000000
78772  -39.125  11.374  53.493 1.0000000000
78773  -39.768  11.880  54.249 1.0000000000
77812  -40.871  10.776  56.455 1.0000000000
78759  -41.056  11.673  55.950 1.0000000000
72840  4.501  5.966  61.898 0.8750000000
133772  4.575  5.951  61.222 0.8750000000
132380  3.727  5.596  59.700 0.8750000000
73844  4.225  6.597  54.661 0.7500000000
121163  4.039  6.904  54.056 0.7500000000
74806  -13.395  7.617  50.478 0.5000000000
80594  -21.989  13.606  62.129 0.3750000000
80577  -20.397  13.284  62.907 0.5000000000
83250  -29.152  16.818  50.378 0.3750000000
82338  -29.111  15.800  51.440 0.3750000000
81500  -36.655  14.964  52.349 0.8750000000
80685  -37.583  13.657  52.663 1.0000000000
127638  -41.323  10.092  56.890 1.0000000000
78745  -41.407  10.717  56.613 1.0000000000
78746  -41.931  11.223  56.434 1.0000000000
73885  -12.830  7.150  50.675 0.5000000000
75777  -14.832  7.992  50.702 0.5000000000
80575  -18.799  12.813  61.738 0.6250000000
83249  -28.640  16.365  49.864 0.3750000000
83267  -36.394  17.226  49.266 0.7500000000
82354  -35.910  15.459  50.517 0.8750000000
81538  -35.718  14.536  50.777 0.8750000000
77799  -41.752  10.377  56.726 1.0000000000
77800  -42.210  10.681  56.369 1.0000000000
78747  -42.466  11.172  56.029 0.8750000000
74807  -14.274  7.245  50.559 0.5000000000
74808  -15.124  7.122  50.702 0.5000000000
79703  -16.850  11.957  58.715 0.6250000000
78702  -16.796  11.388  59.146 0.6250000000
84229  -28.353  17.623  48.175 0.3750000000
84262  -35.589  18.015  47.220 0.6250000000
117804  -35.091  17.251  47.344 0.7500000000
83265  -35.132  16.400  48.055 0.8750000000
82373  -35.617  15.685  49.559 0.8750000000
122187  -42.881  10.340  54.338 0.8750000000
78762  -43.957  11.423  54.082 0.6250000000
75764  -15.879  8.227  51.768 0.5000000000
75751  -16.818  8.091  53.045 0.6250000000
75737  -16.106  8.847  53.506 0.6250000000
76761  -16.365  10.050  56.024 0.6250000000
77758  -16.322  10.975  57.534 0.6250000000
123281  -35.107  19.664  45.287 0.5000000000
85211  -34.706  18.769  45.726 0.6250000000
85193  -35.050  18.167  46.548 0.6250000000
85126  -39.027  18.817  50.944 0.5000000000
84189  -38.947  18.446  52.201 0.5000000000
83226  -39.872  17.155  52.487 0.5000000000
82324  -40.685  16.403  53.000 0.5000000000
76848  -0.785  9.915  51.478 0.1250000000
75716  -16.459  9.378  55.329 0.6250000000
86102  -29.410  19.190  46.367 0.3750000000
86950  -31.091  20.788  45.920 0.5000000000
131350  -34.186  20.724  44.178 0.3750000000
86139  -34.441  20.064  44.572 0.5000000000
86120  -34.165  19.354  44.933 0.6250000000
85145  -39.264  19.099  50.239 0.5000000000
83239  -39.541  17.297  51.330 0.3750000000
82340  -40.172  15.862  51.848 0.3750000000
81521  -40.989  15.356  52.299 0.3750000000
78774  -44.477  11.043  53.166 0.5000000000
86992  -32.415  20.882  44.408 0.3750000000
87849  -32.860  21.672  44.317 0.3750000000
87003  -33.976  21.353  43.954 0.5000000000
86138  -33.519  20.095  44.310 0.5000000000
87822  -40.701  22.071  46.666 0.5000000000
86085  -39.270  20.475  48.568 0.6250000000
81520  -40.178  14.702  51.493 0.3750000000
80703  -41.085  14.236  51.718 0.3750000000
78785  -45.128  11.520  52.501 0.5000000000
77855  -0.612  10.535  50.707 0.1250000000
88684  -39.503  22.954  45.198 0.3750000000
87843  -40.313  22.645  45.963 0.5000000000
79801  -40.667  13.123  51.331 0.3750000000
79818  -41.101  12.445  50.911 0.3750000000
77838  -45.674  11.103  51.946 0.3750000000
77853  -46.093  10.800  51.385 0.7500000000
88699  -40.927  23.809  44.455 0.3750000000
78812  -42.124  12.234  50.675 0.3750000000
79839  -40.505  12.019  49.971 0.3750000000
78800  -46.092  11.418  51.402 0.3750000000
77854  -46.557  11.013  50.790 0.7500000000
78832  -42.274  11.654  49.865 0.3750000000
78811  -41.363  11.783  50.050 0.3750000000
120141  -41.494  11.541  49.318 0.3750000000
79823  -45.671  12.310  51.182 0.3750000000
78816  -46.291  11.695  50.594 0.3750000000
77885  -47.221  10.593  49.535 0.6250000000
128937  -46.636  11.543  49.759 0.3750000000
78817  -47.054  11.106  49.946 0.5000000000
77886  -47.416  10.996  49.106 0.7500000000
88730  -37.469  23.070  41.565 0.1250000000
78859  -43.454  11.451  48.726 0.3750000000
78863  -47.613  11.243  48.299 0.5000000000
138527  -44.460  11.561  48.588 0.3750000000
79856  -47.734  11.701  47.840 0.5000000000
79874  -48.147  11.949  47.276 0.6250000000
77921  -47.850  11.437  47.345 0.6250000000
78885  -44.812  11.821  47.890 0.3750000000
79870  -44.262  12.144  47.141 0.3750000000
78921  -48.158  12.232  46.290 0.5000000000
78905  -47.994  11.694  46.632 0.6250000000
78920  -47.852  11.899  45.831 0.6250000000
78932  -47.183  12.242  45.080 0.7500000000
79902  -43.339  12.711  45.763 0.3750000000
80792  -44.760  13.546  45.888 0.5000000000
79914  -46.525  12.596  44.174 0.8750000000
78917  -41.335  11.833  45.444 0.2500000000
80791  -43.827  13.350  45.525 0.3750000000
137074  -45.048  12.150  43.281 0.5000000000
123073  -40.958  12.004  44.679 0.2500000000
79913  -41.739  12.429  44.735 0.2500000000
122711  -42.441  12.845  44.797 0.3750000000
78956  -44.802  12.245  42.709 0.6250000000
79934  -45.536  12.901  42.548 0.5000000000
79945  -45.418  13.279  41.701 0.6250000000
79912  -41.114  12.487  43.911 0.2500000000
79954  -44.940  13.361  40.846 0.6250000000
79611  -3.725  12.157  71.842 0.8750000000
79606  -3.673  12.426  73.373 0.7500000000
79604  -3.955  12.709  74.250 0.7500000000
80522  -4.076  13.681  73.998 0.6250000000
79622  -4.081  11.875  69.191 0.8750000000
78601  -4.107  11.126  70.002 0.8750000000
136846  -3.927  12.725  71.016 0.7500000000
119371  -3.964  14.104  72.268 0.7500000000
80524  -3.832  13.757  73.270 0.7500000000
82174  -4.754  15.285  73.183 0.6250000000
81366  -4.970  14.667  73.764 0.6250000000
81371  -6.515  14.899  72.628 0.6250000000
76615  -5.165  9.005  66.878 0.8750000000
79621  -4.080  12.610  68.420 0.8750000000
123410  -4.122  12.709  69.404 0.7500000000
81381  -4.336  14.197  70.040 0.7500000000
81375  -4.267  14.367  71.085 0.7500000000
82181  -5.240  16.265  71.336 0.6250000000
130320  -4.907  15.812  72.167 0.6250000000
82175  -5.392  15.602  73.271 0.6250000000
83047  -6.011  16.242  72.775 0.6250000000
82179  -7.232  16.091  71.963 0.6250000000
83101  -11.462  16.969  64.659 0.6250000000
74644  -3.394  6.951  62.164 1.0000000000
75626  -3.086  7.743  62.623 1.0000000000
75627  -3.971  8.189  62.634 1.0000000000
75593  -5.654  8.529  66.339 0.8750000000
75582  -6.239  8.013  66.651 0.8750000000
120825  -4.365  14.186  69.085 0.7500000000
118810  -4.661  15.002  69.631 0.7500000000
82188  -5.147  16.051  69.983 0.7500000000
83054  -5.636  16.841  70.678 0.6250000000
139295  -5.323  16.297  72.122 0.6250000000
83049  -6.529  16.795  72.092 0.6250000000
83056  -8.213  16.843  70.874 0.6250000000
83060  -8.883  16.738  69.906 0.6250000000
83077  -9.517  16.949  68.495 0.6250000000
127026  -11.246  17.347  66.307 0.6250000000
133641  -11.882  16.792  64.073 0.6250000000
83114  -12.023  16.382  62.451 0.6250000000
73749  -2.240  6.331  63.085 1.0000000000
75615  -2.476  8.293  63.249 1.0000000000
74633  -5.396  7.913  63.057 0.8750000000
75594  -6.168  8.058  65.591 0.8750000000
74612  -6.816  7.570  66.060 0.8750000000
74599  -6.816  7.590  66.924 1.0000000000
82195  -4.860  15.692  68.838 0.7500000000
83067  -5.294  16.441  68.939 0.7500000000
84033  -5.969  17.408  70.030 0.6250000000
84025  -6.189  17.320  70.945 0.6250000000
84027  -7.646  17.666  70.864 0.6250000000
84029  -9.190  17.587  70.443 0.6250000000
84036  -10.273  17.492  69.987 0.6250000000
84058  -11.100  17.453  68.580 0.6250000000
84059  -11.963  17.576  68.112 0.6250000000
83093  -11.838  17.141  65.264 0.6250000000
82242  -11.979  15.997  59.546 0.6250000000
73740  -0.697  6.869  64.930 1.0000000000
74622  -6.796  7.242  64.352 1.0000000000
119903  -6.830  7.423  65.162 1.0000000000
121861  -7.297  7.287  66.360 1.0000000000
84045  -6.406  17.811  69.430 0.6250000000
85858  -8.165  19.025  68.726 0.6250000000
84983  -8.490  18.876  69.408 0.6250000000
85853  -10.870  18.735  69.340 0.5000000000
84039  -12.113  17.965  69.391 0.5000000000
84060  -13.404  17.756  68.346 0.5000000000
117074  -12.826  17.576  67.664 0.5000000000
120853  -12.334  16.946  64.774 0.6250000000
116721  -11.922  16.591  63.321 0.6250000000
125224  -12.093  16.216  61.728 0.5000000000
83125  -12.278  16.114  60.456 0.5000000000
82250  -11.983  16.117  58.596 0.5000000000
83138  -12.093  16.299  57.913 0.5000000000
73718  -0.105  5.785  66.468 1.0000000000
138130  -7.859  6.686  65.587 1.0000000000
85859  -8.929  19.267  68.668 0.6250000000
85861  -10.531  19.341  68.643 0.5000000000
136285  -12.106  18.362  69.191 0.5000000000
84061  -14.109  17.944  68.358 0.5000000000
84075  -15.525  17.555  66.931 0.5000000000
83108  -13.560  16.789  64.068 0.5000000000
83107  -12.669  16.717  63.862 0.5000000000
83115  -12.730  16.495  62.940 0.5000000000
83121  -12.540  16.242  61.251 0.5000000000
116978  -12.710  16.456  59.836 0.5000000000
83146  -11.957  16.267  57.235 0.5000000000
72801  0.551  5.450  67.928 1.0000000000
85872  -10.990  20.058  67.947 0.5000000000
85863  -12.492  19.162  68.520 0.5000000000
84986  -14.552  18.984  68.244 0.5000000000
84062  -15.115  17.783  67.864 0.5000000000
83117  -14.299  16.932  62.622 0.5000000000
119485  -14.160  16.814  63.461 0.5000000000
84109  -14.470  17.141  61.785 0.5000000000
83127  -13.801  16.905  60.980 0.5000000000
83132  -13.175  16.842  59.236 0.5000000000
83140  -12.966  16.904  58.377 0.5000000000
83165  -11.661  16.215  55.494 0.5000000000
73691  0.993  5.324  68.785 1.0000000000
74559  1.967  6.454  70.187 1.0000000000
84110  -15.553  17.478  61.603 0.3750000000
139472  -14.242  17.204  60.637 0.3750000000
84114  -14.012  17.179  60.168 0.5000000000
84129  -13.428  17.415  57.550 0.3750000000
82257  -11.502  15.790  57.930 0.6250000000
83153  -11.808  16.251  56.379 0.5000000000
83188  -11.658  16.200  53.973 0.1250000000
72771  2.444  4.915  70.299 1.0000000000
73684  2.818  5.629  70.676 1.0000000000
73679  3.246  6.378  71.182 1.0000000000
84116  -16.395  17.931  61.032 0.3750000000
84115  -15.416  17.620  60.615 0.3750000000
84120  -14.407  17.566  59.404 0.3750000000
84130  -14.205  17.915  57.813 0.3750000000
116097  -14.081  17.929  57.102 0.3750000000
84134  -13.690  17.645  56.580 0.3750000000
82266  -11.393  15.677  56.964 0.6250000000
83177  -11.509  16.108  54.745 0.5000000000
71815  2.802  4.536  69.864 1.0000000000
125983  3.708  5.594  70.119 1.0000000000
73688  4.085  6.280  70.654 1.0000000000
138596  4.166  6.058  69.646 1.0000000000
85046  -15.889  18.274  59.227 0.3750000000
126249  -15.039  18.210  58.420 0.3750000000
85060  -14.788  18.255  57.162 0.2500000000
84135  -14.539  18.021  56.456 0.2500000000
118666  -14.208  17.711  55.755 0.2500000000
82275  -10.769  15.106  56.606 0.6250000000
82293  -10.705  15.027  54.707 0.6250000000
73689  3.875  5.549  69.108 1.0000000000
73699  4.225  6.403  68.523 1.0000000000
85054  -15.709  18.407  58.325 0.3750000000
85068  -16.634  18.574  56.375 0.2500000000
85075  -16.244  18.358  55.712 0.2500000000
84136  -15.213  18.052  55.728 0.2500000000
126998  -10.337  14.444  54.157 0.6250000000
81477  -10.474  14.362  53.327 0.5000000000
85070  -31.498  18.016  58.042 0.3750000000
85981  -31.902  18.782  58.104 0.3750000000
121597  4.502  8.222  67.705 1.0000000000
84146  -16.038  18.076  55.059 0.2500000000
80641  -9.906  13.838  54.459 0.6250000000
80657  -10.223  13.535  52.949 0.5000000000
118662  -30.280  16.437  57.949 0.3750000000
84138  -30.095  16.578  58.040 0.3750000000
84149  -30.253  17.014  58.021 0.3750000000
129626  -30.963  17.290  58.167 0.3750000000
73700  3.872  5.859  67.870 1.0000000000
73715  4.300  6.787  67.093 1.0000000000
74596  4.469  7.831  66.917 1.0000000000
76622  4.358  9.090  65.959 1.0000000000
80640  -9.507  13.155  54.761 0.6250000000
119085  -9.658  12.340  53.428 0.6250000000
79779  -10.131  12.830  52.347 0.5000000000
82272  -28.837  16.158  58.458 0.3750000000
83159  -28.824  16.165  58.434 0.3750000000
129603  4.401  7.421  66.012 0.8750000000
74609  4.431  7.902  65.217 0.8750000000
139730  4.331  8.593  65.390 1.0000000000
78765  -9.461  11.679  53.821 0.6250000000
79791  -10.029  12.059  51.954 0.5000000000
79792  -10.382  12.754  51.409 0.5000000000
135495  -27.026  16.568  59.531 0.3750000000
74618  4.466  7.574  64.292 0.8750000000
75600  4.235  8.425  64.710 0.8750000000
118302  -9.321  10.991  54.166 0.6250000000
78789  -9.970  11.199  51.849 0.5000000000
78790  -10.254  11.656  51.020 0.2500000000
73747  4.429  6.528  63.595 0.8750000000
74628  4.588  7.157  63.459 0.8750000000
77842  -10.249  10.524  51.123 0.2500000000
81432  -22.529  15.276  61.788 0.5000000000
82243  -23.431  15.629  61.932 0.3750000000
85101  -30.971  18.628  52.479 0.3750000000
123748  4.594  6.715  62.885 0.8750000000
73793  4.505  6.348  58.374 0.8750000000
72911  3.987  6.009  56.896 0.8750000000
72923  4.031  6.082  56.077 0.8750000000
74761  2.292  6.880  52.989 0.3750000000
76851  -10.574  9.622  50.822 0.5000000000
76853  -11.642  9.351  49.993 0.3750000000
81421  -21.169  14.496  62.275 0.5000000000
134413  -22.021  14.831  62.421 0.3750000000
84197  -30.051  18.053  51.230 0.3750000000
80663  -38.197  14.432  53.700 0.8750000000
79772  -39.170  12.498  53.584 1.0000000000
79756  -40.385  12.539  55.158 1.0000000000
73767  4.735  6.398  61.321 0.8750000000
72869  4.427  5.783  60.058 0.8750000000
72880  4.594  6.233  59.051 0.8750000000
126262  4.438  6.655  56.815 0.8750000000
74718  4.453  7.459  56.160 0.8750000000
74746  4.281  7.464  54.704 0.8750000000
74747  3.659  7.694  54.186 0.7500000000
75773  -11.138  8.877  50.565 0.5000000000
75774  -12.173  8.658  50.158 0.5000000000
80593  -20.205  14.051  60.927 0.5000000000
84214  -29.293  17.660  49.931 0.3750000000
84196  -29.655  17.388  50.985 0.3750000000
82321  -37.015  15.903  52.794 0.7500000000
80664  -38.980  13.786  53.987 0.8750000000
79773  -39.658  13.198  54.495 0.8750000000
129477  -40.330  13.850  54.969 0.8750000000
74667  4.677  6.721  59.903 0.8750000000
74748  2.622  7.802  53.720 0.6250000000
75776  -14.078  8.309  50.377 0.3750000000
80591  -18.792  13.157  60.191 0.6250000000
85155  -28.777  18.259  48.453 0.3750000000
83252  -36.577  17.007  50.012 0.8750000000
134218  -37.035  16.655  52.386 0.7500000000
81484  -38.519  15.557  54.353 0.7500000000
81485  -39.392  15.563  54.649 0.7500000000
81473  -40.016  14.925  54.839 0.7500000000
79757  -41.003  12.937  55.636 0.8750000000
79741  -42.281  11.945  55.753 0.8750000000
78716  -16.461  11.633  58.016 0.6250000000
79704  -17.359  12.218  59.419 0.6250000000
86065  -29.581  19.358  48.326 0.3750000000
85194  -35.840  18.583  46.808 0.6250000000
117495  -36.250  18.350  47.544 0.6250000000
84230  -36.391  17.679  48.638 0.7500000000
85142  -37.074  18.238  49.412 0.6250000000
139146  -37.240  17.425  51.953 0.6250000000
83225  -37.566  17.697  52.921 0.7500000000
134112  -38.528  17.173  54.247 0.7500000000
82311  -38.953  16.550  54.545 0.6250000000
81486  -40.369  15.728  54.483 0.7500000000
81474  -40.817  14.883  54.851 0.7500000000
80648  -42.180  13.819  54.761 0.7500000000
78761  -43.046  11.511  55.137 0.6250000000
77815  -43.363  10.808  54.604 0.6250000000
75763  -15.158  8.750  51.364 0.5000000000
75749  -15.394  9.043  52.190 0.6250000000
76745  -16.329  10.540  56.696 0.6250000000
86103  -29.965  19.805  46.797 0.3750000000
123789  -35.963  20.282  45.352 0.5000000000
138592  -35.842  19.607  45.841 0.5000000000
85212  -36.193  19.253  46.445 0.6250000000
85195  -36.610  18.950  47.165 0.6250000000
85174  -37.072  18.768  47.989 0.6250000000
85157  -37.439  18.800  48.883 0.6250000000
84216  -37.848  18.644  50.533 0.6250000000
84199  -38.047  18.552  51.668 0.6250000000
84188  -38.351  18.578  52.500 0.6250000000
83214  -39.217  17.799  53.522 0.6250000000
81487  -41.911  15.225  53.489 0.5000000000
80649  -43.120  13.529  53.966 0.6250000000
79760  -43.460  12.317  54.454 0.6250000000
77840  -0.194  10.666  51.585 0.1250000000
76830  -0.697  9.188  52.002 0.1250000000
75727  -16.271  9.054  54.374 0.6250000000
76779  -15.814  9.873  54.598 0.6250000000
87838  -31.704  21.262  45.460 0.3750000000
88695  -33.383  22.354  44.341 0.3750000000
87850  -34.715  21.333  44.040 0.5000000000
86994  -36.218  21.066  44.846 0.3750000000
86975  -37.011  20.839  45.567 0.5000000000
86951  -37.453  20.372  46.464 0.6250000000
86105  -37.886  20.099  47.333 0.6250000000
86084  -38.295  19.973  48.191 0.7500000000
133701  -38.617  19.858  48.942 0.7500000000
85125  -38.683  18.839  50.975 0.5000000000
81502  -41.566  15.481  53.041 0.5000000000
81503  -42.500  14.992  52.844 0.5000000000
80668  -43.762  13.781  53.097 0.3750000000
79775  -44.584  12.023  53.121 0.5000000000
77827  -0.373  10.045  52.250 0.1250000000
88706  -34.633  22.415  43.843 0.3750000000
87861  -35.102  22.003  43.797 0.5000000000
87862  -36.014  22.270  43.869 0.3750000000
87852  -36.597  21.843  44.405 0.3750000000
87840  -37.076  21.553  44.971 0.5000000000
86976  -38.141  21.207  46.154 0.6250000000
86952  -38.439  20.838  46.982 0.6250000000
86930  -38.845  20.689  47.868 0.6250000000
81522  -41.952  14.870  52.290 0.3750000000
124275  -43.531  14.359  51.969 0.3750000000
80687  -43.822  14.216  52.268 0.3750000000
80688  -44.491  13.640  51.995 0.3750000000
79789  -44.995  12.671  52.314 0.3750000000
90404  -36.236  24.275  43.881 0.5000000000
90405  -37.390  24.796  43.758 0.5000000000
89580  -36.947  24.004  43.616 0.5000000000
88709  -38.227  23.431  44.117 0.3750000000
88698  -39.736  23.709  44.500 0.5000000000
87841  -37.977  21.838  45.429 0.5000000000
87842  -38.991  22.075  45.900 0.5000000000
79802  -41.522  13.327  51.493 0.3750000000
79803  -42.560  13.744  51.570 0.3750000000
79805  -44.308  13.483  51.576 0.3750000000
79790  -45.579  12.023  51.880 0.3750000000
78801  0.909  11.648  50.552 0.1250000000
90407  -40.483  25.383  43.083 0.3750000000
121252  -40.380  24.741  43.289 0.3750000000
79819  -41.998  12.796  51.289 0.3750000000
79821  -43.909  13.041  51.106 0.3750000000
79822  -44.844  12.728  50.938 0.3750000000
90438  -39.827  25.178  41.978 0.1250000000
89586  -40.327  24.489  42.998 0.1250000000
78813  -43.164  12.245  50.515 0.3750000000
132341  -45.526  12.252  50.536 0.3750000000
89597  -38.239  24.057  41.389 0.1250000000
78833  -43.267  11.627  49.623 0.3750000000
78834  -44.311  11.649  49.443 0.3750000000
78836  -45.896  11.937  49.916 0.3750000000
89596  -37.201  23.829  40.700 0.1250000000
78860  -45.347  11.715  48.556 0.3750000000
78862  -47.228  11.363  48.890 0.3750000000
79855  -47.089  12.025  48.185 0.3750000000
134932  -35.838  22.351  40.740 0.1250000000
87879  -35.612  21.685  41.200 0.1250000000
78886  -45.937  12.046  48.060 0.3750000000
79873  -47.751  12.227  47.406 0.6250000000
79889  -48.131  12.301  46.625 0.5000000000
79887  -46.038  12.803  46.747 0.3750000000
79888  -47.320  12.750  46.782 0.5000000000
79905  -48.057  12.683  45.870 0.5000000000
133923  -47.978  12.983  45.382 0.6250000000
79871  -45.374  12.358  47.283 0.3750000000
80773  -46.652  13.362  46.314 0.5000000000
79904  -47.972  12.697  45.590 0.6250000000
79916  -47.848  13.165  45.021 0.6250000000
80793  -45.830  13.998  45.865 0.5000000000
79915  -47.555  12.844  44.853 0.7500000000
79936  -46.470  13.271  43.304 0.7500000000
80790  -43.069  13.074  45.165 0.3750000000
80804  -43.587  13.724  44.933 0.3750000000
81601  -44.260  13.896  45.344 0.3750000000
81602  -44.897  14.266  45.557 0.5000000000
80823  -46.832  13.975  42.892 0.7500000000
80832  -46.118  13.961  41.782 0.8750000000
80802  -42.073  12.997  44.176 0.3750000000
80803  -42.820  13.403  44.528 0.3750000000
81613  -44.250  14.541  44.824 0.3750000000
80822  -46.178  13.610  42.393 0.7500000000
80844  -45.677  14.027  41.171 0.7500000000
134669  -44.755  14.149  39.888 0.3750000000
81659  -44.592  14.652  39.585 0.3750000000
78616  -3.822  11.609  67.211 0.8750000000
78610  -4.025  11.752  68.170 0.8750000000
77656  -4.290  10.140  66.781 0.8750000000
78617  -4.116  10.910  67.958 0.8750000000
76614  -4.656  9.543  66.431 0.8750000000
80540  -4.203  13.415  68.733 0.7500000000
84057  -10.222  17.182  67.962 0.6250000000
76655  -2.801  9.029  63.499 1.0000000000
76657  -4.135  9.294  64.033 1.0000000000
76645  -4.994  9.008  65.137 0.8750000000
76629  -5.110  9.049  66.004 0.8750000000
83066  -4.910  16.163  68.181 0.7500000000
83074  -5.277  16.764  68.024 0.7500000000
84071  -10.971  17.370  67.254 0.6250000000
74619  -0.640  7.800  64.815 1.0000000000
75602  -1.188  8.346  64.267 1.0000000000
139554  -5.757  8.048  63.849 0.8750000000
133754  -5.506  8.613  65.556 0.8750000000
84044  -5.799  17.283  68.946 0.6250000000
84072  -11.990  17.428  66.918 0.6250000000
84083  -11.932  17.272  65.964 0.6250000000
74611  -0.208  7.399  65.555 1.0000000000
75592  -0.288  8.163  65.254 1.0000000000
116288  -7.479  18.742  68.565 0.6250000000
85869  -8.590  19.392  67.908 0.6250000000
84074  -14.374  17.432  66.825 0.5000000000
84073  -13.046  17.317  66.442 0.6250000000
125817  -12.439  17.162  65.551 0.6250000000
74597  0.584  6.949  67.037 1.0000000000
74610  0.326  7.646  66.250 1.0000000000
75569  0.865  7.911  66.943 1.0000000000
85870  -9.444  19.712  67.766 0.5000000000
84085  -15.580  17.373  66.151 0.5000000000
84091  -14.856  17.165  65.381 0.5000000000
83109  -14.456  16.969  64.374 0.5000000000
83102  -13.068  16.864  64.602 0.6250000000
83139  -12.432  16.505  58.278 0.5000000000
73701  0.881  6.171  68.007 1.0000000000
74582  1.109  7.133  67.784 1.0000000000
75568  1.387  8.086  67.841 1.0000000000
75561  1.971  8.277  68.970 1.0000000000
75560  2.487  8.040  70.376 1.0000000000
86741  -12.314  21.175  67.449 0.5000000000
85876  -14.917  19.690  67.673 0.5000000000
84064  -16.890  18.336  67.316 0.5000000000
133210  -17.525  17.675  65.945 0.5000000000
84093  -16.861  17.418  65.001 0.5000000000
84092  -15.496  17.198  64.692 0.5000000000
139184  -14.985  17.064  63.948 0.5000000000
84133  -12.952  17.226  56.742 0.5000000000
73690  1.425  6.016  69.191 1.0000000000
74571  2.066  7.382  69.916 1.0000000000
75547  3.289  7.926  71.586 1.0000000000
86743  -14.563  20.394  67.172 0.5000000000
85878  -17.233  18.916  67.100 0.5000000000
85008  -18.956  18.749  65.895 0.5000000000
84094  -18.392  17.936  65.429 0.3750000000
130463  -16.149  17.390  63.259 0.3750000000
83166  -12.857  17.141  55.086 0.5000000000
82304  -11.838  16.162  53.084 0.3750000000
83202  -12.651  16.417  52.819 0.1250000000
123944  2.571  6.101  70.778 1.0000000000
74555  3.652  7.219  71.714 1.0000000000
84106  -18.927  18.336  63.848 0.3750000000
84105  -17.332  17.753  63.063 0.3750000000
84111  -16.863  17.828  62.005 0.3750000000
84153  -13.817  17.434  54.862 0.2500000000
83179  -13.040  17.026  54.251 0.2500000000
82294  -11.156  15.619  54.323 0.5000000000
82316  -12.134  15.906  52.247 0.1250000000
86824  -31.487  20.351  58.363 0.3750000000
74557  4.345  7.118  71.135 1.0000000000
85024  -18.502  18.356  62.655 0.3750000000
85039  -17.158  18.377  60.464 0.3750000000
85038  -16.092  18.121  60.111 0.3750000000
84145  -14.980  17.724  55.007 0.2500000000
84154  -14.870  17.432  54.192 0.2500000000
82315  -11.461  15.464  52.582 0.2500000000
74570  4.454  6.979  69.575 1.0000000000
121598  4.570  8.054  68.776 1.0000000000
85047  -16.859  18.462  59.534 0.3750000000
137742  -17.024  18.728  56.956 0.2500000000
117099  -15.979  17.718  54.359 0.2500000000
84162  -15.847  17.426  53.550 0.2500000000
121179  -11.057  14.749  52.100 0.3750000000
86836  -32.213  19.489  58.350 0.3750000000
75578  4.430  8.839  66.961 1.0000000000
131364  -16.877  18.665  57.796 0.2500000000
84170  -16.716  17.437  52.849 0.2500000000
80695  -10.736  13.622  51.272 0.3750000000
81513  -10.760  14.131  51.796 0.3750000000
130897  -17.715  18.961  56.245 0.2500000000
85076  -17.371  18.706  55.552 0.2500000000
85083  -17.758  18.634  53.999 0.2500000000
84155  -17.069  17.874  53.655 0.2500000000
84171  -17.348  17.534  52.107 0.2500000000
80708  -10.761  13.083  50.644 0.3750000000
75591  4.073  9.110  65.200 1.0000000000
129229  -17.668  18.755  54.772 0.2500000000
85091  -17.768  18.486  53.281 0.2500000000
84163  -17.597  17.974  52.735 0.2500000000
119038  -10.534  12.392  50.627 0.3750000000
86022  -31.262  19.351  52.423 0.3750000000
75611  4.152  8.196  63.936 0.8750000000
77858  -10.993  10.623  49.752 0.2500000000
85113  -30.487  18.340  51.763 0.3750000000
86021  -30.786  19.241  51.670 0.3750000000
86042  -31.050  20.135  51.246 0.3750000000
74629  4.174  7.723  63.169 0.8750000000
127748  -10.632  10.293  50.405 0.3750000000
76874  -11.627  10.069  49.671 0.3750000000
81430  -20.808  14.488  60.213 0.5000000000
86894  -30.830  20.259  50.329 0.3750000000
74641  4.567  7.087  62.556 0.8750000000
73755  4.664  6.563  62.159 0.8750000000
74657  4.678  6.687  60.684 0.8750000000
74681  4.533  6.825  59.129 0.8750000000
74699  4.407  7.014  58.216 0.8750000000
116422  4.366  7.244  57.229 0.8750000000
117229  4.088  8.217  56.052 0.8750000000
76875  -12.390  9.605  49.663 0.3750000000
76877  -14.056  9.771  49.764 0.3750000000
86051  -29.741  19.274  49.297 0.3750000000
86052  -30.303  19.748  49.803 0.3750000000
125127  -31.296  20.844  49.952 0.3750000000
75722  3.853  8.279  55.003 0.8750000000
76876  -13.282  9.668  49.614 0.3750000000
76855  -14.287  9.252  50.248 0.5000000000
86066  -30.137  19.868  48.872 0.3750000000
86913  -30.635  20.388  48.430 0.3750000000
75734  0.912  8.925  53.865 0.5000000000
139787  -14.895  9.493  51.227 0.5000000000
76833  -15.110  9.738  52.019 0.5000000000
77775  -16.189  11.227  56.596 0.6250000000
86928  -30.548  20.378  47.390 0.5000000000
86914  -31.165  20.896  48.048 0.3750000000
131461  -15.398  10.124  53.518 0.6250000000
76797  -15.505  10.355  54.085 0.6250000000
117602  -15.797  11.028  55.086 0.6250000000
86929  -31.063  20.879  46.962 0.3750000000
76813  0.383  9.553  53.513 0.2500000000
139383  -32.148  21.677  45.459 0.3750000000
77826  0.159  10.223  52.977 0.1250000000
88696  -34.137  22.772  44.108 0.3750000000
77839  0.200  10.848  52.418 0.1250000000
89564  -35.256  23.963  44.203 0.3750000000
78787  0.656  11.498  51.742 0.1250000000
91211  -38.003  25.881  44.048 0.3750000000
90406  -39.028  25.330  43.609 0.3750000000
79807  2.878  12.515  50.504 0.1250000000
91212  -39.500  26.490  43.590 0.3750000000
92055  -40.167  26.251  42.654 0.1250000000
79826  2.424  11.680  49.171 0.1250000000
88729  -36.463  23.026  40.700 0.1250000000
88742  -35.558  22.867  40.077 0.1250000000
80774  -47.755  13.094  46.129 0.5000000000
80794  -46.969  13.795  45.790 0.5000000000
81604  -47.255  14.252  45.281 0.5000000000
79926  -47.304  13.283  44.256 0.7500000000
81603  -46.467  14.508  45.575 0.5000000000
80814  -47.584  13.778  44.468 0.6250000000
80813  -47.334  13.953  43.610 0.7500000000
81614  -45.507  14.945  45.389 0.5000000000
82428  -46.675  15.220  45.138 0.5000000000
81631  -47.414  15.435  43.034 0.7500000000
80833  -46.705  14.382  42.276 0.8750000000
80812  -42.497  13.692  43.802 0.3750000000
81612  -43.283  14.091  44.266 0.3750000000
82438  -44.897  15.499  44.765 0.5000000000
81638  -46.396  14.714  41.588 0.8750000000
80810  -40.822  12.922  42.988 0.2500000000
80811  -41.679  13.276  43.408 0.2500000000
81647  -45.844  14.940  40.852 0.8750000000
81667  -43.873  14.563  39.000 0.3750000000
81666  -43.261  14.494  38.325 0.2500000000
81676  -42.823  14.405  37.605 0.1250000000
79642  -3.097  11.921  65.875 1.0000000000
78625  -3.545  11.423  66.346 0.8750000000
79629  -3.802  12.570  67.334 0.8750000000
78632  -2.707  11.462  65.487 1.0000000000
78633  -3.245  11.179  65.661 1.0000000000
121052  -2.334  10.989  65.197 1.0000000000
77669  -3.551  10.530  65.387 1.0000000000
77655  -3.782  10.684  66.192 0.8750000000
80546  -3.643  13.481  66.934 0.8750000000
80539  -4.020  13.399  67.772 0.7500000000
77681  -2.350  10.403  64.683 1.0000000000
77682  -3.259  10.280  64.675 1.0000000000
76644  -4.379  9.454  64.721 0.8750000000
76628  -4.558  9.526  65.566 0.8750000000
81392  -4.271  14.867  67.492 0.7500000000
76626  -1.342  10.008  64.794 1.0000000000
77666  -0.609  10.319  65.436 1.0000000000
82202  -4.579  15.597  67.842 0.7500000000
84055  -5.707  17.478  67.815 0.7500000000
76624  0.049  9.542  65.734 1.0000000000
77642  0.712  10.473  66.852 1.0000000000
76605  1.183  9.770  67.303 1.0000000000
84992  -7.384  18.885  67.683 0.6250000000
137776  -7.951  19.090  68.047 0.6250000000
76613  0.629  9.619  66.486 1.0000000000
75579  1.105  8.857  67.009 1.0000000000
123399  1.724  9.944  68.237 1.0000000000
86737  -8.825  19.964  67.234 0.5000000000
83154  -12.391  16.726  56.659 0.5000000000
120212  1.598  9.043  67.943 1.0000000000
130440  2.358  8.815  69.728 1.0000000000
76589  2.813  8.822  70.967 1.0000000000
138370  -10.925  21.735  67.297 0.5000000000
128557  -13.264  16.777  53.382 0.2500000000
86742  -13.686  20.870  67.203 0.5000000000
85886  -15.645  19.804  67.201 0.5000000000
83203  -13.583  16.571  52.612 0.1250000000
82333  -13.372  15.892  51.219 0.1250000000
75535  4.152  8.332  71.973 1.0000000000
121293  -15.334  20.102  66.282 0.5000000000
85900  -18.402  19.198  66.024 0.5000000000
85012  -19.989  18.977  65.056 0.5000000000
83190  -13.963  17.150  53.856 0.2500000000
83218  -13.995  16.365  51.831 0.1250000000
82332  -12.442  15.622  51.424 0.2500000000
81546  -13.303  14.452  49.039 0.2500000000
75546  4.595  7.944  70.158 1.0000000000
85911  -19.847  19.151  64.951 0.5000000000
131095  -19.635  18.938  62.833 0.3750000000
85031  -17.670  18.301  61.456 0.3750000000
83191  -14.838  17.123  53.338 0.2500000000
83204  -14.690  16.704  52.507 0.2500000000
83219  -15.114  16.451  51.626 0.1250000000
82334  -14.414  16.121  51.003 0.1250000000
81547  -14.246  14.767  48.736 0.1250000000
86835  -31.133  19.752  57.373 0.2500000000
75567  4.497  8.885  68.157 1.0000000000
85040  -18.456  18.739  60.870 0.3750000000
85056  -17.705  18.872  58.907 0.3750000000
137780  -17.270  18.726  58.315 0.3750000000
83192  -15.701  17.067  52.766 0.2500000000
83220  -16.389  16.724  51.375 0.1250000000
83232  -15.636  16.301  50.754 0.1250000000
82331  -11.659  15.204  51.701 0.2500000000
81514  -11.903  14.976  50.807 0.2500000000
81558  -14.555  14.298  48.086 0.2500000000
76611  4.171  9.650  66.676 1.0000000000
133268  4.334  9.583  67.662 1.0000000000
85069  -17.818  19.086  57.082 0.2500000000
83206  -17.120  17.218  51.584 0.1250000000
81530  -11.642  14.121  50.195 0.2500000000
81545  -12.369  14.123  49.398 0.2500000000
80722  -12.869  13.634  48.642 0.2500000000
81557  -13.687  13.951  48.305 0.2500000000
125940  3.638  9.669  65.058 1.0000000000
76623  3.902  9.733  65.795 1.0000000000
85077  -17.920  19.358  55.339 0.2500000000
84181  -17.694  18.083  51.442 0.1250000000
80709  -11.199  13.291  50.035 0.2500000000
80721  -12.242  13.372  48.930 0.2500000000
85994  -17.958  19.387  54.048 0.2500000000
85092  -17.994  19.078  53.484 0.2500000000
85110  -17.761  18.409  51.862 0.2500000000
79828  -11.003  11.971  49.533 0.2500000000
79845  -13.039  12.235  48.217 0.2500000000
80734  -13.387  13.045  48.008 0.2500000000
75601  3.686  9.088  64.377 1.0000000000
85097  -17.748  18.899  52.237 0.2500000000
78823  -12.035  11.289  48.964 0.2500000000
86885  -31.588  20.444  51.852 0.3750000000
125479  -12.202  10.468  49.313 0.2500000000
77889  -13.311  10.807  48.797 0.2500000000
138813  -31.482  20.594  51.313 0.3750000000
119674  -12.914  10.284  49.278 0.3750000000
77890  -14.141  10.700  48.770 0.2500000000
74682  3.856  7.243  58.784 0.8750000000
74700  3.503  7.560  57.751 0.8750000000
75687  3.752  8.026  56.708 0.8750000000
75701  3.604  8.682  56.185 0.8750000000
77874  -13.684  10.269  49.277 0.3750000000
86903  -31.220  20.909  49.039 0.3750000000
87782  -31.796  21.437  49.609 0.3750000000
74652  4.361  7.256  61.343 0.8750000000
74658  4.354  7.142  60.518 0.8750000000
74669  3.047  7.490  59.441 0.8750000000
75714  3.697  8.739  55.790 0.8750000000
75723  2.917  8.602  54.741 0.7500000000
75724  1.809  8.633  54.194 0.5000000000
138472  -14.692  9.578  50.712 0.5000000000
77843  -15.302  10.206  51.908 0.5000000000
87798  -31.627  21.426  47.606 0.3750000000
76758  3.255  9.436  55.909 0.8750000000
76759  2.421  10.294  55.754 0.6250000000
76856  -14.921  9.956  51.255 0.5000000000
77844  -15.815  10.691  52.485 0.5000000000
77830  -15.641  10.772  53.196 0.5000000000
78752  -16.066  11.341  54.890 0.6250000000
78741  -16.604  11.789  55.498 0.6250000000
87819  -31.585  21.361  46.522 0.3750000000
76777  1.742  10.232  55.043 0.6250000000
134996  -15.437  9.531  52.998 0.6250000000
77818  -15.524  10.630  53.624 0.5000000000
136622  -15.662  10.592  54.640 0.6250000000
88663  -32.605  22.364  46.673 0.3750000000
77816  0.707  10.668  53.888 0.2500000000
137799  -34.736  24.022  44.826 0.3750000000
80650  1.526  13.692  53.951 0.2500000000
79761  1.354  13.243  54.269 0.2500000000
78775  1.382  12.553  53.688 0.2500000000
135691  0.501  10.994  53.175 0.1250000000
90368  -35.405  24.615  45.018 0.3750000000
81508  -0.358  14.067  52.057 0.1250000000
81491  0.403  14.205  52.802 0.2500000000
81475  1.760  13.981  53.726 0.2500000000
79777  1.815  13.455  53.476 0.2500000000
78776  0.856  11.648  52.889 0.1250000000
90383  -36.734  25.147  44.256 0.3750000000
122036  0.364  14.477  51.851 0.1250000000
81490  1.414  14.375  52.982 0.1250000000
81489  2.427  14.152  53.030 0.1250000000
80669  2.656  13.986  52.851 0.1250000000
79776  2.143  13.033  52.282 0.1250000000
118746  1.448  12.377  52.609 0.1250000000
80690  3.478  14.074  52.088 0.1250000000
139027  2.254  12.638  51.269 0.1250000000
91254  -39.889  25.822  42.097 0.1250000000
91252  -37.643  25.774  41.168 0.1250000000
134695  -37.732  24.505  40.880 0.1250000000
91267  -36.839  25.126  40.562 0.1250000000
89612  -36.975  24.483  40.479 0.1250000000
89611  -36.255  23.749  40.250 0.1250000000
81605  -47.602  13.965  45.007 0.6250000000
81615  -47.457  14.669  44.783 0.5000000000
81616  -47.602  14.176  44.556 0.5000000000
81624  -47.587  14.633  43.843 0.7500000000
82439  -45.735  15.764  44.850 0.5000000000
81623  -47.249  14.698  42.998 0.7500000000
81622  -43.647  14.727  44.076 0.3750000000
82437  -44.195  15.188  44.260 0.5000000000
125182  -46.517  15.956  44.490 0.5000000000
83333  -47.306  16.136  43.124 0.7500000000
82461  -47.094  15.368  42.198 0.7500000000
80820  -40.487  13.458  42.278 0.2500000000
81621  -42.935  14.520  43.501 0.3750000000
82447  -44.517  15.874  44.065 0.5000000000
83322  -45.219  16.133  44.463 0.5000000000
83324  -46.491  16.557  44.015 0.5000000000
83332  -46.905  16.818  43.413 0.6250000000
83349  -47.046  16.221  41.847 0.8750000000
82471  -46.614  15.647  41.432 0.8750000000
80821  -41.317  13.685  42.640 0.2500000000
83341  -47.008  16.864  42.542 0.6250000000
139673  -47.102  16.551  42.121 0.7500000000
82470  -46.098  15.890  40.827 0.6250000000
134227  -45.595  15.411  40.382 0.5000000000
83359  -46.569  16.490  41.306 0.8750000000
82485  -45.092  15.365  39.830 0.3750000000
82493  -43.502  15.374  38.634 0.2500000000
82511  -42.663  15.163  37.114 0.2500000000
82510  -42.573  14.870  36.166 0.1250000000
81693  -42.877  14.975  34.788 0.1250000000
82526  -43.420  15.560  34.458 0.2500000000
82544  -43.879  15.365  33.806 0.2500000000
123982  -50.269  15.188  31.593 0.2500000000
79637  -3.451  12.238  66.467 0.8750000000
79641  -2.446  12.121  65.775 0.8750000000
78631  -1.807  11.484  65.514 1.0000000000
79635  -2.098  12.803  66.060 0.8750000000
79636  -3.003  12.776  66.031 0.8750000000
122742  -3.424  12.943  66.549 0.8750000000
78630  -1.017  11.057  65.536 1.0000000000
81398  -3.857  14.881  66.787 0.8750000000
82210  -4.202  15.560  66.948 0.7500000000
77654  -0.338  11.021  65.911 1.0000000000
78622  0.238  11.121  66.492 1.0000000000
83073  -4.604  16.334  67.260 0.7500000000
84990  -6.197  18.128  67.549 0.6250000000
77641  1.261  10.639  67.753 1.0000000000
85885  -7.975  19.501  67.255 0.6250000000
129329  2.204  10.038  69.182 1.0000000000
76598  2.472  9.550  70.043 1.0000000000
87598  -10.304  21.630  67.266 0.5000000000
139477  -11.964  21.685  67.203 0.5000000000
83217  -12.984  16.220  52.001 0.1250000000
82347  -12.725  15.316  50.602 0.1250000000
76576  3.597  8.911  71.990 1.0000000000
132304  -12.783  21.758  66.502 0.5000000000
82348  -13.722  15.544  50.413 0.1250000000
82365  -14.006  15.199  49.544 0.2500000000
82366  -15.265  15.471  49.219 0.1250000000
76574  4.471  9.069  71.573 1.0000000000
86761  -14.866  20.365  66.662 0.5000000000
116313  -15.896  19.526  65.319 0.5000000000
82350  -16.112  16.089  49.875 0.1250000000
81559  -15.440  14.755  47.888 0.1250000000
76597  4.512  9.576  68.820 1.0000000000
85909  -17.419  19.542  65.468 0.5000000000
81578  -16.271  14.274  46.476 0.2500000000
81568  -14.979  13.906  47.538 0.2500000000
131905  4.123  10.151  67.320 1.0000000000
83233  -16.845  16.673  50.344 0.1250000000
76612  3.786  10.446  66.499 1.0000000000
85041  -19.520  19.490  61.484 0.3750000000
85964  -18.533  19.318  59.507 0.3750000000
126015  -18.397  19.724  57.453 0.3750000000
86833  -18.288  20.177  56.686 0.2500000000
83221  -17.275  17.295  50.843 0.1250000000
83234  -17.292  17.375  49.855 0.1250000000
80735  -14.188  13.498  47.783 0.2500000000
134060  -15.847  12.717  46.757 0.2500000000
85980  -18.099  19.574  56.368 0.2500000000
85987  -17.902  19.627  54.825 0.2500000000
85136  -17.176  17.945  50.098 0.1250000000
78868  -13.801  12.252  47.803 0.2500000000
80746  -14.097  12.837  47.656 0.2500000000
76639  3.172  9.970  64.564 1.0000000000
86007  -17.681  19.397  53.492 0.2500000000
85120  -17.320  18.280  50.898 0.1250000000
78869  -14.346  11.720  47.823 0.2500000000
78870  -15.133  11.573  47.675 0.2500000000
86886  -31.935  21.101  51.431 0.3750000000
75612  3.542  8.642  63.495 1.0000000000
75613  2.869  9.124  63.067 1.0000000000
86030  -17.100  19.107  51.968 0.2500000000
85108  -16.692  18.763  51.298 0.1250000000
78843  -14.683  11.155  48.268 0.2500000000
87783  -32.445  22.000  50.192 0.3750000000
87776  -31.883  21.339  50.513 0.3750000000
119193  3.514  8.252  62.672 0.8750000000
75624  2.786  8.715  62.185 0.8750000000
75632  2.266  8.504  61.469 0.8750000000
123421  1.037  8.562  60.536 0.8750000000
77891  -15.017  10.584  48.864 0.2500000000
75623  3.602  7.861  61.873 0.8750000000
140264  3.036  8.108  61.545 0.8750000000
75641  1.838  8.281  60.730 0.8750000000
74670  1.934  7.720  59.219 0.8750000000
74684  1.669  7.898  58.378 0.8750000000
75690  0.607  8.666  57.296 0.8750000000
131558  -15.770  10.553  48.943 0.2500000000
87799  -32.214  21.970  48.242 0.3750000000
87790  -32.316  22.007  49.235 0.3750000000
74642  4.226  7.450  62.227 0.8750000000
74659  3.421  7.511  60.334 0.8750000000
74701  2.408  7.901  57.872 0.8750000000
132878  2.259  8.748  56.799 0.8750000000
126609  2.532  9.548  56.373 0.8750000000
76741  1.906  10.368  56.330 0.8750000000
77876  -15.342  10.360  49.800 0.3750000000
77860  -15.298  10.254  50.908 0.5000000000
87820  -32.118  21.904  47.162 0.3750000000
76740  3.178  9.509  56.073 0.8750000000
77770  2.650  10.206  56.073 0.8750000000
78723  1.542  11.354  56.105 0.7500000000
78791  -16.778  11.038  52.094 0.5000000000
78766  -16.105  11.350  54.026 0.6250000000
79749  -17.551  12.065  55.115 0.6250000000
88643  -33.307  22.902  47.341 0.3750000000
78733  1.509  11.570  55.816 0.6250000000
127307  -16.312  11.178  53.106 0.5000000000
89543  -33.648  23.284  45.628 0.3750000000
78748  1.447  11.763  55.292 0.6250000000
89544  -34.296  23.848  46.163 0.3750000000
91198  -38.498  27.277  44.474 0.3750000000
80636  1.228  13.337  54.450 0.3750000000
78749  1.277  11.569  54.538 0.3750000000
80693  -3.217  13.876  51.708 0.2500000000
80673  -1.651  13.369  52.517 0.2500000000
80672  -0.486  13.774  52.646 0.2500000000
80671  0.374  13.880  53.427 0.2500000000
80651  1.190  13.774  54.056 0.2500000000
80692  -2.307  13.693  51.644 0.1250000000
80691  -1.232  13.762  51.785 0.1250000000
132880  -39.315  27.355  43.478 0.2500000000
92039  -38.998  27.394  43.941 0.3750000000
81509  -1.824  14.081  51.037 0.1250000000
120519  -0.791  14.265  51.313 0.1250000000
125628  -39.088  27.151  42.308 0.1250000000
92068  -37.259  26.686  41.633 0.1250000000
81629  -41.740  14.452  42.437 0.2500000000
82445  -42.997  15.140  43.010 0.3750000000
83330  -45.062  16.750  43.866 0.5000000000
83331  -46.056  17.135  43.679 0.6250000000
81628  -40.914  14.297  41.942 0.2500000000
84299  -45.433  17.513  43.257 0.6250000000
84300  -45.999  17.600  43.188 0.6250000000
84301  -46.491  17.467  42.978 0.6250000000
128157  -46.767  17.055  41.822 0.6250000000
84326  -46.309  17.361  41.173 0.8750000000
82486  -45.581  16.048  40.206 0.6250000000
83374  -44.877  16.173  39.594 0.5000000000
128834  -44.058  16.032  39.115 0.5000000000
83383  -43.560  16.398  38.545 0.3750000000
82500  -42.973  15.829  37.884 0.3750000000
121148  -42.823  16.195  36.921 0.2500000000
117679  -43.042  16.509  35.786 0.2500000000
127603  -42.699  15.643  36.246 0.2500000000
83413  -43.671  16.447  34.836 0.2500000000
81692  -42.604  14.596  35.436 0.1250000000
82518  -42.866  15.532  35.318 0.2500000000
82527  -44.251  16.151  34.087 0.2500000000
83414  -44.757  16.920  34.432 0.2500000000
82545  -44.725  15.805  33.506 0.2500000000
83438  -46.264  16.892  33.726 0.2500000000
82547  -46.714  16.260  33.304 0.2500000000
82549  -48.439  16.420  33.137 0.2500000000
82560  -49.155  16.520  32.940 0.2500000000
82561  -49.690  15.890  32.374 0.2500000000
82562  -50.313  15.977  32.022 0.2500000000
125432  -50.959  16.479  30.903 0.2500000000
82567  -50.924  15.729  31.194 0.2500000000
83474  -51.407  15.913  30.344 0.2500000000
79634  -1.125  12.764  66.393 1.0000000000
78624  -1.499  12.165  65.949 1.0000000000
138891  -1.953  14.070  66.444 1.0000000000
81396  -2.730  14.321  66.382 1.0000000000
129222  -2.643  15.083  66.447 0.8750000000
126479  -3.282  14.945  66.467 0.7500000000
82209  -3.678  15.571  66.475 0.7500000000
84067  -3.931  17.025  66.007 0.7500000000
84082  -4.218  17.904  65.830 0.7500000000
79628  -0.309  12.668  66.832 1.0000000000
78623  -0.891  11.598  65.872 1.0000000000
80553  -2.478  13.499  66.247 1.0000000000
80554  -3.190  13.542  66.401 0.8750000000
134032  -4.435  16.822  66.530 0.7500000000
84068  -4.647  17.471  66.342 0.7500000000
84998  -5.012  18.195  66.144 0.7500000000
85007  -5.280  18.927  65.880 0.7500000000
79633  0.162  11.933  66.828 1.0000000000
78615  0.749  11.297  67.261 1.0000000000
84054  -5.015  17.104  67.110 0.7500000000
84999  -5.992  18.546  66.590 0.6250000000
85883  -6.109  19.325  66.026 0.7500000000
78614  1.285  11.498  68.301 1.0000000000
77627  1.919  10.809  68.989 1.0000000000
78609  1.822  11.771  69.742 1.0000000000
134933  -8.236  20.243  66.809 0.5000000000
128327  -7.803  20.974  66.432 0.5000000000
85884  -6.769  19.787  66.135 0.5000000000
137823  2.191  11.159  70.061 1.0000000000
86749  -9.650  21.426  67.167 0.5000000000
87609  -10.051  22.439  66.984 0.5000000000
86748  -8.843  20.986  66.850 0.5000000000
77602  3.362  10.692  71.781 1.0000000000
87600  -11.530  22.189  66.954 0.5000000000
87610  -10.454  23.051  66.684 0.5000000000
81590  -17.750  14.382  45.198 0.2500000000
121004  4.108  9.933  71.903 1.0000000000
87612  -13.386  21.494  66.349 0.5000000000
82394  -16.338  15.427  47.715 0.1250000000
82382  -15.056  14.973  48.455 0.1250000000
81569  -15.745  14.385  47.135 0.1250000000
80777  -16.688  14.181  45.925 0.2500000000
122363  4.519  10.104  70.953 1.0000000000
85908  -14.867  19.619  65.272 0.5000000000
85011  -16.136  19.327  64.205 0.5000000000
82383  -16.005  15.424  48.489 0.1250000000
77639  4.347  10.266  68.272 1.0000000000
85920  -18.732  19.566  64.395 0.5000000000
85933  -18.364  19.754  63.318 0.2500000000
129634  -16.806  16.202  47.932 0.1250000000
77640  4.049  10.811  67.593 1.0000000000
85935  -19.702  19.470  62.812 0.3750000000
83245  -17.043  16.648  49.444 0.1250000000
80760  -16.611  13.505  46.151 0.2500000000
80778  -17.272  13.691  45.645 0.2500000000
78620  3.615  11.295  66.862 1.0000000000
85957  -19.747  20.094  60.961 0.3750000000
86815  -19.211  20.426  59.170 0.3750000000
83263  -17.021  16.681  48.501 0.1250000000
79877  -17.344  12.364  46.333 0.2500000000
123373  -17.093  12.977  46.017 0.2500000000
78628  3.290  11.091  65.944 1.0000000000
85971  -18.874  20.167  58.225 0.3750000000
84210  -16.893  17.437  49.168 0.1250000000
135423  -16.531  12.662  46.448 0.2500000000
77665  2.908  11.003  65.294 1.0000000000
77680  2.754  10.673  64.745 1.0000000000
86844  -17.645  20.180  55.480 0.2500000000
78871  -16.151  11.476  47.410 0.2500000000
76653  3.028  9.538  63.821 1.0000000000
86854  -16.335  20.133  54.504 0.2500000000
135238  -16.935  19.838  53.809 0.2500000000
85119  -16.452  18.428  50.519 0.1250000000
76666  2.129  9.562  62.749 0.8750000000
76675  0.899  9.505  61.590 0.8750000000
86016  -16.341  19.418  52.496 0.2500000000
78845  -16.665  10.854  47.972 0.2500000000
77690  2.537  10.298  64.105 1.0000000000
75625  1.831  9.221  61.991 0.8750000000
75633  1.418  8.820  61.254 0.8750000000
137559  0.766  8.439  60.091 0.8750000000
77892  -16.331  10.649  48.596 0.2500000000
77893  -17.042  10.637  48.677 0.2500000000
75653  0.520  8.391  59.602 0.8750000000
75669  0.729  8.214  58.122 0.8750000000
75703  1.545  9.068  56.738 0.8750000000
77877  -16.396  10.543  49.456 0.2500000000
77845  -17.223  10.876  51.152 0.3750000000
88625  -32.871  22.526  48.828 0.3750000000
76726  0.656  9.452  56.718 0.8750000000
77861  -16.811  10.658  50.368 0.5000000000
88642  -32.757  22.437  47.800 0.3750000000
89515  -34.132  23.475  48.010 0.3750000000
136715  -16.103  10.628  51.361 0.5000000000
78778  -17.551  11.405  52.661 0.5000000000
89525  -33.806  23.420  46.782 0.3750000000
90355  -34.971  24.384  46.546 0.3750000000
91173  -36.528  25.576  46.945 0.3750000000
91184  -36.157  25.264  45.710 0.3750000000
91197  -37.438  26.283  44.878 0.3750000000
81466  -4.502  14.513  54.202 0.6250000000
80655  -4.266  13.793  53.703 0.6250000000
80676  -4.114  13.958  52.927 0.5000000000
80654  -3.636  13.302  53.271 0.3750000000
80637  0.761  13.330  54.535 0.2500000000
79742  1.188  12.966  54.843 0.3750000000
91196  -36.348  25.366  44.965 0.3750000000
92016  -38.253  27.866  44.974 0.2500000000
132741  -3.980  14.092  52.449 0.3750000000
80675  -3.524  13.681  52.467 0.2500000000
126183  -0.545  13.446  53.329 0.2500000000
80694  -3.839  14.240  51.991 0.2500000000
81527  -1.332  14.490  50.491 0.1250000000
92053  -38.100  27.319  42.182 0.1250000000
92051  -35.847  27.042  42.472 0.1250000000
82460  -42.043  15.728  41.864 0.3750000000
83338  -42.846  16.229  42.266 0.5000000000
84305  -44.047  17.622  42.464 0.6250000000
85239  -44.539  18.531  42.183 0.6250000000
81637  -41.469  14.997  41.904 0.2500000000
135814  -42.057  15.069  42.310 0.2500000000
82453  -42.605  15.438  42.514 0.3750000000
83339  -43.661  16.685  42.670 0.5000000000
84306  -44.972  18.018  42.736 0.6250000000
85241  -45.898  18.557  41.996 0.8750000000
84316  -46.261  17.957  41.564 0.8750000000
82454  -43.333  15.807  42.851 0.5000000000
84308  -46.399  17.780  42.174 0.6250000000
119415  -45.816  17.583  40.523 0.7500000000
83384  -44.387  16.903  39.155 0.5000000000
83390  -43.179  16.819  37.745 0.2500000000
83398  -43.144  17.176  36.700 0.2500000000
83407  -43.511  17.371  35.735 0.2500000000
83408  -44.209  17.348  35.054 0.2500000000
83415  -45.797  17.325  34.186 0.2500000000
83416  -46.716  17.611  34.099 0.2500000000
132790  -47.794  17.654  33.778 0.2500000000
83440  -48.674  17.135  33.339 0.2500000000
83458  -49.797  16.683  32.579 0.2500000000
84415  -50.089  17.176  32.243 0.2500000000
83466  -50.468  16.499  31.784 0.2500000000
83473  -51.209  16.718  30.003 0.2500000000
80552  -1.589  13.450  66.432 1.0000000000
82208  -3.016  15.635  66.316 0.7500000000
80551  -0.715  13.406  66.860 1.0000000000
81395  -1.187  14.155  66.821 1.0000000000
82207  -2.215  15.704  66.552 1.0000000000
84081  -3.479  17.739  65.742 0.7500000000
85893  -4.064  19.244  65.470 0.7500000000
135628  -0.256  11.563  66.282 1.0000000000
136271  0.262  12.556  67.301 1.0000000000
80545  0.037  13.229  67.400 1.0000000000
85896  -6.108  20.178  65.703 0.5000000000
120876  0.734  12.085  67.678 1.0000000000
79626  1.209  12.363  68.729 1.0000000000
87607  -8.457  21.960  66.586 0.5000000000
79619  1.528  12.719  70.131 1.0000000000
122299  -10.101  23.456  66.363 0.5000000000
88441  -10.836  23.178  66.323 0.5000000000
78600  2.282  12.396  70.909 1.0000000000
87621  -12.765  21.884  66.164 0.5000000000
87620  -11.752  22.051  65.610 0.5000000000
88449  -11.636  22.639  66.185 0.5000000000
81608  -18.916  15.038  44.762 0.2500000000
78590  3.835  12.249  71.501 1.0000000000
85907  -13.322  19.877  64.851 0.5000000000
82419  -20.374  15.624  45.127 0.2500000000
78598  4.255  12.247  70.359 1.0000000000
85018  -14.788  19.242  64.192 0.5000000000
81592  -19.441  14.476  45.157 0.2500000000
78607  4.387  11.075  68.897 1.0000000000
117057  -17.084  19.480  63.638 0.3750000000
79631  3.404  12.052  67.162 1.0000000000
87641  -19.373  21.072  61.431 0.2500000000
80762  -18.617  12.929  45.768 0.2500000000
80780  -19.055  13.674  45.435 0.2500000000
78621  3.046  11.745  66.290 1.0000000000
86804  -19.583  20.817  60.422 0.2500000000
86814  -18.917  20.917  58.630 0.3750000000
79878  -18.187  12.298  46.281 0.2500000000
80763  -19.516  13.114  45.965 0.2500000000
78629  2.704  11.523  65.531 1.0000000000
86832  -17.748  20.461  56.281 0.2500000000
78892  -17.684  11.738  46.789 0.2500000000
78646  2.172  10.996  64.292 1.0000000000
77691  1.933  10.667  63.706 1.0000000000
77692  1.273  10.999  63.376 0.8750000000
78846  -17.521  10.887  48.028 0.2500000000
76654  2.337  9.919  63.455 1.0000000000
77700  0.946  10.648  62.779 0.8750000000
77708  0.552  10.284  62.099 0.8750000000
86843  -16.438  20.437  55.326 0.2500000000
85118  -15.054  18.438  50.299 0.1250000000
76686  0.353  9.327  60.867 0.8750000000
75654  -0.220  8.728  59.539 0.8750000000
86006  -16.643  19.629  53.175 0.2500000000
86029  -15.931  19.162  51.845 0.2500000000
77879  -17.862  10.768  48.844 0.2500000000
77863  -18.112  10.887  49.687 0.2500000000
78780  -19.261  11.789  52.229 0.2500000000
88614  -33.019  22.597  49.812 0.3750000000
75671  -0.601  8.713  58.651 0.8750000000
75691  -0.290  8.947  57.175 0.8750000000
139238  -18.260  11.050  50.367 0.2500000000
78804  -18.008  11.070  50.976 0.2500000000
78779  -18.490  11.591  52.547 0.3750000000
88615  -33.604  23.154  49.423 0.3750000000
76742  -0.399  9.662  56.642 0.7500000000
77771  0.830  10.633  56.388 0.7500000000
78793  -18.574  11.468  51.753 0.3750000000
88626  -33.492  23.003  48.430 0.3750000000
89516  -34.991  24.247  48.780 0.3750000000
90326  -35.741  25.207  49.412 0.3750000000
77772  -0.253  10.597  56.222 0.7500000000
131492  -35.409  24.587  47.414 0.3750000000
90345  -35.658  24.800  48.384 0.3750000000
78724  0.803  11.526  56.145 0.7500000000
78734  1.205  11.967  55.857 0.6250000000
90346  -36.163  25.218  47.834 0.3750000000
79729  -0.216  12.064  55.402 0.3750000000
79728  0.874  12.431  55.499 0.3750000000
79727  1.183  12.343  55.357 0.5000000000
91185  -37.232  26.358  46.130 0.3750000000
80638  -3.861  13.029  54.075 0.6250000000
79745  -0.960  12.348  54.632 0.5000000000
79744  0.320  12.811  54.988 0.3750000000
92015  -37.945  27.364  45.855 0.3750000000
139847  -2.257  12.743  53.414 0.2500000000
79763  -1.777  12.537  53.879 0.2500000000
79762  -0.449  13.055  54.132 0.3750000000
81476  -4.419  14.581  53.350 0.6250000000
81492  -4.250  14.605  52.492 0.5000000000
92027  -38.876  27.479  44.036 0.1250000000
92771  -37.883  27.920  44.332 0.1250000000
81511  -3.589  14.505  51.284 0.3750000000
92780  -37.873  27.641  43.094 0.1250000000
92779  -36.743  27.516  43.243 0.1250000000
83346  -41.567  16.346  41.248 0.3750000000
83347  -42.371  16.675  41.630 0.5000000000
83348  -43.174  17.137  42.054 0.6250000000
82459  -41.189  15.575  41.421 0.3750000000
85240  -45.313  18.665  42.206 0.6250000000
84315  -45.771  18.766  41.404 0.8750000000
84325  -45.991  18.314  40.983 0.8750000000
85260  -45.546  19.218  40.825 0.8750000000
84342  -45.146  17.638  39.714 0.6250000000
84351  -43.777  17.378  38.454 0.5000000000
84357  -43.560  17.780  37.579 0.3750000000
133215  -43.985  17.987  35.545 0.2500000000
84372  -44.704  18.239  35.175 0.2500000000
84379  -46.325  17.980  34.504 0.2500000000
84378  -45.288  17.708  34.656 0.2500000000
83417  -47.385  17.895  34.049 0.2500000000
84394  -48.259  17.713  33.640 0.2500000000
84396  -48.767  17.740  33.419 0.2500000000
84414  -49.413  17.640  32.914 0.2500000000
85353  -49.220  18.461  32.705 0.2500000000
84429  -49.894  17.883  32.080 0.2500000000
84441  -50.463  17.183  31.317 0.2500000000
84453  -50.109  17.737  29.981 0.2500000000
125827  -50.531  17.447  28.979 0.3750000000
85892  -3.319  19.158  65.545 0.6250000000
126243  -3.679  19.840  65.465 0.6250000000
86753  -3.625  20.844  65.662 0.6250000000
87614  -4.050  22.151  66.019 0.5000000000
82201  -1.333  15.770  67.060 1.0000000000
126515  -1.845  14.870  66.647 1.0000000000
83079  -1.812  16.532  66.786 0.8750000000
84066  -2.276  17.182  66.425 0.8750000000
128897  -4.611  21.230  65.505 0.5000000000
87615  -4.954  22.238  65.777 0.5000000000
89305  -4.915  24.091  66.407 0.5000000000
81389  -0.263  14.163  67.540 1.0000000000
81390  -0.874  14.958  67.296 1.0000000000
85005  -3.773  18.491  65.590 0.7500000000
86754  -4.467  20.101  65.362 0.6250000000
136566  -5.362  21.485  65.569 0.5000000000
88445  -5.407  23.281  66.203 0.5000000000
131970  -0.204  14.984  67.961 1.0000000000
82200  -0.398  15.830  67.899 1.0000000000
84053  -1.435  17.453  67.167 0.8750000000
84989  -1.386  18.302  67.079 0.8750000000
85895  -5.333  19.719  65.552 0.6250000000
86756  -6.188  21.214  65.682 0.5000000000
87616  -5.841  22.313  65.855 0.5000000000
88446  -6.404  23.543  66.338 0.5000000000
89306  -6.319  24.680  66.360 0.5000000000
80544  0.468  13.682  68.277 1.0000000000
81384  0.376  14.617  68.685 1.0000000000
82194  0.122  15.369  68.580 1.0000000000
129216  -0.325  16.771  68.448 1.0000000000
84052  -0.721  17.412  67.999 1.0000000000
84988  -0.836  18.191  67.713 0.8750000000
130343  -8.897  22.842  66.681 0.5000000000
128155  -8.212  22.938  66.528 0.5000000000
88447  -7.401  23.190  66.410 0.5000000000
89300  -7.256  24.247  66.449 0.5000000000
79620  1.034  13.201  69.067 1.0000000000
80538  0.892  14.008  69.386 1.0000000000
83065  0.286  16.108  69.079 1.0000000000
84043  -0.099  17.527  68.780 1.0000000000
130011  -0.368  18.068  68.369 0.8750000000
89303  -9.396  23.856  66.232 0.5000000000
89302  -8.652  24.162  66.224 0.5000000000
89301  -8.053  24.201  66.363 0.5000000000
80537  1.380  13.585  70.346 1.0000000000
133383  1.254  14.254  70.402 1.0000000000
82193  0.565  15.329  69.498 1.0000000000
129703  0.282  16.988  69.401 1.0000000000
86764  -11.813  20.911  64.950 0.5000000000
87619  -11.114  22.778  65.700 0.5000000000
87623  -10.335  22.664  65.118 0.5000000000
87622  -9.531  22.791  64.614 0.5000000000
89308  -9.485  23.900  65.818 0.5000000000
79609  2.952  13.411  71.767 1.0000000000
80533  1.808  14.161  71.278 1.0000000000
82185  1.721  15.320  71.037 1.0000000000
136963  0.779  17.227  70.119 1.0000000000
84042  0.489  17.724  69.640 1.0000000000
85918  -13.709  19.253  63.955 0.3750000000
85906  -12.349  20.046  64.443 0.5000000000
85905  -11.663  20.178  64.085 0.3750000000
86763  -10.884  21.599  64.820 0.5000000000
126699  -21.341  16.275  45.754 0.2500000000
79608  3.513  13.203  71.655 1.0000000000
81373  2.587  14.850  71.193 1.0000000000
83058  1.532  16.077  70.756 1.0000000000
116342  -12.814  19.403  63.774 0.5000000000
82420  -20.999  15.595  45.602 0.2500000000
79624  3.733  12.426  68.149 1.0000000000
79618  4.055  12.848  69.401 1.0000000000
81377  3.435  14.325  70.644 1.0000000000
81372  3.171  14.300  71.334 1.0000000000
85945  -18.057  20.128  62.342 0.3750000000
85932  -15.848  19.237  63.157 0.3750000000
81581  -21.226  14.860  46.120 0.2500000000
81593  -20.380  14.814  45.453 0.2500000000
80549  2.532  13.238  66.819 1.0000000000
79632  2.779  12.456  66.566 1.0000000000
79625  3.161  12.841  67.441 1.0000000000
78613  3.914  11.601  67.890 1.0000000000
81580  -20.656  14.190  46.016 0.2500000000
80749  -20.984  13.368  47.229 0.2500000000
124919  -21.497  13.636  47.892 0.2500000000
86823  -18.552  20.536  57.632 0.2500000000
86822  -17.946  20.933  57.146 0.2500000000
79863  -19.440  12.108  47.159 0.2500000000
79864  -20.346  12.601  47.500 0.2500000000
79639  2.462  12.166  65.752 1.0000000000
78874  -18.914  11.558  47.691 0.2500000000
79846  -19.753  11.947  48.068 0.2500000000
79640  1.830  12.528  65.269 1.0000000000
78638  1.838  11.618  64.485 1.0000000000
78647  1.568  11.325  63.925 1.0000000000
78655  0.606  11.326  63.036 0.8750000000
86831  -16.670  20.763  56.050 0.2500000000
78847  -18.373  11.139  48.267 0.2500000000
78825  -19.370  11.449  49.511 0.3750000000
78807  -20.106  11.825  49.955 0.2500000000
79810  -20.812  12.445  50.452 0.2500000000
77709  -0.203  10.652  61.731 0.8750000000
76676  0.093  9.918  61.280 0.8750000000
78824  -18.634  11.097  49.140 0.2500000000
78805  -18.766  11.185  49.990 0.3750000000
79794  -20.740  12.495  51.380 0.2500000000
75644  -0.373  9.375  60.350 0.8750000000
76687  -1.205  9.853  60.011 0.8750000000
78806  -19.424  11.518  50.412 0.2500000000
76701  -1.635  9.687  59.090 0.7500000000
138598  -0.776  8.827  57.840 0.8750000000
78794  -19.363  11.651  51.326 0.2500000000
76717  -1.938  9.706  58.138 0.7500000000
77755  -1.357  9.952  56.566 0.7500000000
78725  -2.554  10.696  56.752 0.7500000000
77786  -1.296  10.624  56.019 0.7500000000
78736  -2.430  11.383  55.588 0.7500000000
129153  -0.191  11.380  55.851 0.6250000000
82292  -4.509  15.275  54.725 0.7500000000
81459  -4.476  14.476  55.065 0.7500000000
79730  -2.840  11.892  55.102 0.6250000000
121610  0.678  11.985  55.835 0.5000000000
80639  -4.337  13.694  54.547 0.6250000000
130159  -4.059  12.934  54.938 0.6250000000
79747  -3.345  12.423  54.577 0.5000000000
79746  -2.301  12.195  54.465 0.3750000000
82301  -4.523  15.349  53.860 0.6250000000
79764  -2.890  12.630  53.727 0.5000000000
81510  -2.841  14.178  51.014 0.1250000000
81543  -2.690  14.929  49.710 0.2500000000
81542  -1.840  14.772  49.762 0.2500000000
82330  -4.343  15.288  52.199 0.6250000000
81512  -4.119  14.861  51.719 0.5000000000
81528  -2.365  14.474  50.335 0.1250000000
122189  -1.389  15.189  49.419 0.2500000000
84312  -41.899  17.176  41.008 0.5000000000
84313  -42.682  17.601  41.436 0.5000000000
85247  -43.046  18.560  41.247 0.6250000000
85248  -44.128  19.140  41.598 0.6250000000
86157  -44.936  19.638  41.382 0.6250000000
121702  -44.938  19.152  41.861 0.7500000000
86170  -45.337  19.591  41.137 0.8750000000
84343  -45.533  18.594  40.327 0.7500000000
126916  -44.915  18.904  39.514 0.6250000000
84352  -44.420  17.872  39.067 0.6250000000
84362  -43.648  18.145  36.445 0.3750000000
84380  -47.008  18.129  34.355 0.2500000000
123282  -47.444  18.441  34.238 0.2500000000
138974  -47.861  18.142  33.934 0.2500000000
85334  -48.713  18.443  33.428 0.3750000000
86247  -48.858  19.051  32.399 0.2500000000
85373  -49.400  18.513  31.778 0.2500000000
84440  -50.043  17.932  31.052 0.2500000000
85407  -49.259  17.982  30.107 0.3750000000
84452  -49.739  17.601  29.158 0.3750000000
135289  -49.086  17.742  29.638 0.3750000000
129601  -48.815  17.501  29.079 0.3750000000
84464  -49.653  17.517  28.039 0.2500000000
83498  -48.286  17.307  28.000 0.3750000000
84485  -46.914  17.269  25.938 0.2500000000
84494  -47.687  17.600  25.255 0.2500000000
85882  -2.515  19.125  65.873 0.7500000000
86752  -2.929  19.972  65.740 0.7500000000
87606  -3.247  21.684  66.162 0.7500000000
84996  -1.925  17.991  66.492 0.8750000000
84997  -2.344  18.430  66.067 0.8750000000
86746  -2.552  20.997  66.283 0.7500000000
85881  -1.735  18.933  66.567 0.8750000000
87605  -2.686  22.080  66.702 0.7500000000
125710  -3.384  22.502  66.510 0.7500000000
85868  -1.323  19.870  67.214 0.7500000000
88438  -3.961  23.625  66.585 0.6250000000
89298  -4.529  24.732  66.566 0.5000000000
137028  -5.721  24.295  66.416 0.5000000000
130303  -1.045  19.008  67.513 0.7500000000
86745  -1.621  20.803  67.028 0.7500000000
87604  -1.918  21.718  67.125 0.7500000000
89296  -3.413  24.202  67.202 0.6250000000
90149  -6.113  25.115  65.798 0.5000000000
90150  -6.945  24.774  65.483 0.5000000000
86736  -0.951  20.772  67.914 0.7500000000
126700  -1.320  21.473  67.743 0.7500000000
88460  -7.972  22.992  63.696 0.3750000000
133002  -7.882  24.177  64.688 0.5000000000
90151  -7.730  24.558  65.304 0.5000000000
84981  -0.315  18.964  68.479 0.7500000000
86735  -0.270  20.849  68.840 0.7500000000
88461  -8.732  22.941  64.140 0.5000000000
89317  -9.109  23.809  65.065 0.5000000000
84980  0.435  19.226  69.517 0.8750000000
86766  -9.529  21.134  63.367 0.3750000000
84258  -22.377  17.783  46.788 0.2500000000
83052  1.960  16.657  70.834 1.0000000000
84032  1.148  17.778  70.414 1.0000000000
85916  -11.122  19.838  63.385 0.3750000000
82407  -22.159  16.113  46.623 0.2500000000
83288  -21.814  16.575  46.223 0.2500000000
137778  3.327  13.795  68.564 1.0000000000
81378  3.060  15.019  70.698 1.0000000000
82184  2.451  15.793  70.676 1.0000000000
132932  -14.246  19.023  62.182 0.3750000000
82397  -22.622  16.049  47.210 0.2500000000
81394  1.828  14.479  66.823 1.0000000000
80543  2.885  13.698  67.784 1.0000000000
80536  3.078  14.410  68.727 1.0000000000
117885  -16.526  19.538  62.515 0.3750000000
124123  -21.680  14.727  46.803 0.2500000000
81571  -22.233  14.835  47.497 0.2500000000
87655  -19.473  21.450  61.034 0.2500000000
80750  -21.587  14.137  47.350 0.2500000000
81560  -21.997  14.184  48.103 0.2500000000
80550  1.818  13.705  66.268 1.0000000000
87679  -18.801  21.866  59.421 0.3750000000
80736  -21.124  12.993  48.118 0.2500000000
80556  2.170  12.875  65.988 1.0000000000
78849  -19.978  11.824  49.020 0.2500000000
80557  1.533  13.245  65.454 1.0000000000
80560  1.248  12.908  64.794 1.0000000000
79648  1.238  11.968  64.123 1.0000000000
79656  0.256  11.980  63.188 0.8750000000
79831  -20.650  12.340  49.490 0.2500000000
78656  0.056  11.617  62.687 0.8750000000
77710  -0.942  11.032  61.349 0.8750000000
77721  -0.684  10.232  60.912 0.8750000000
137136  -1.797  10.856  60.188 0.8750000000
77744  -2.166  10.242  58.848 0.7500000000
77745  -2.482  10.414  58.084 0.7500000000
77773  -2.009  10.342  56.504 0.7500000000
81452  -4.368  14.448  55.933 0.6250000000
80607  -4.145  13.561  57.104 0.6250000000
123239  -3.706  12.267  56.953 0.7500000000
78726  -3.365  11.668  56.612 0.7500000000
125204  -2.865  11.201  56.300 0.7500000000
82283  -4.408  15.274  55.573 0.7500000000
80627  -4.340  13.649  55.410 0.7500000000
79718  -4.122  12.898  55.786 0.7500000000
79717  -3.750  12.266  56.196 0.7500000000
78737  -3.229  11.726  55.849 0.7500000000
83164  -4.416  15.907  55.188 0.6250000000
79731  -3.645  12.309  55.393 0.6250000000
83187  -4.410  16.245  53.439 0.6250000000
81529  -3.268  14.792  50.405 0.3750000000
85258  -42.553  18.926  40.628 0.5000000000
86168  -44.021  20.294  40.649 0.7500000000
84324  -42.212  18.047  40.806 0.5000000000
85259  -43.478  19.472  40.983 0.6250000000
86156  -44.380  19.862  41.097 0.7500000000
86184  -44.863  20.397  40.058 0.7500000000
85279  -45.220  19.616  40.235 0.7500000000
123991  -44.975  20.016  39.680 0.6250000000
85288  -44.751  19.727  38.911 0.6250000000
84376  -40.945  16.979  34.515 0.1250000000
85287  -44.237  18.487  38.431 0.6250000000
129840  -44.389  19.387  38.098 0.6250000000
85296  -43.969  18.744  37.443 0.6250000000
84373  -45.786  18.503  34.831 0.3750000000
85322  -46.823  18.662  34.568 0.2500000000
85323  -47.481  19.084  34.366 0.3750000000
84381  -47.910  18.658  34.079 0.3750000000
85352  -48.756  18.987  33.111 0.2500000000
130257  -48.399  19.486  32.164 0.5000000000
85393  -48.686  18.577  30.794 0.3750000000
85406  -48.465  17.998  30.008 0.3750000000
84451  -47.845  17.494  29.278 0.3750000000
123267  -47.261  17.208  28.671 0.3750000000
137286  -47.718  17.177  27.341 0.3750000000
84473  -48.541  17.413  26.741 0.2500000000
83513  -47.260  17.087  26.782 0.3750000000
84506  -45.104  18.259  24.571 0.3750000000
84493  -46.436  17.528  25.213 0.2500000000
127020  -44.620  19.125  24.382 0.3750000000
84507  -46.367  18.184  24.541 0.2500000000
85427  -45.654  18.958  24.224 0.2500000000
116224  -4.448  25.024  66.505 0.6250000000
90140  -5.555  25.173  66.175 0.5000000000
89313  -5.570  24.623  64.885 0.5000000000
89297  -3.938  24.811  66.947 0.6250000000
89314  -6.425  24.473  64.754 0.5000000000
89324  -5.900  23.705  64.062 0.5000000000
87596  -1.436  22.407  68.069 0.7500000000
88434  -1.994  23.303  67.804 0.7500000000
87625  -8.342  22.171  63.414 0.3750000000
88459  -7.146  22.918  63.518 0.3750000000
88458  -6.290  22.908  63.436 0.3750000000
87595  -0.692  21.752  68.699 0.7500000000
87633  -8.791  21.366  63.011 0.3750000000
85856  0.810  20.169  70.019 0.8750000000
85929  -11.006  19.459  62.271 0.3750000000
85938  -9.743  19.812  61.536 0.3750000000
84968  2.352  18.178  70.400 0.8750000000
84973  1.214  19.347  70.273 0.8750000000
85030  -12.761  18.991  61.757 0.3750000000
85940  -11.391  19.320  61.269 0.3750000000
82191  2.713  15.914  70.166 1.0000000000
83057  2.585  16.787  70.345 1.0000000000
126499  -15.514  19.576  61.539 0.3750000000
85942  -13.570  19.083  61.551 0.3750000000
83276  -23.036  16.804  47.459 0.2500000000
133286  2.278  13.924  67.065 1.0000000000
82199  2.144  15.578  67.914 1.0000000000
82198  2.635  15.123  68.517 1.0000000000
86779  -17.555  20.605  61.615 0.2500000000
85956  -16.237  20.324  61.128 0.2500000000
82385  -22.807  15.502  47.913 0.2500000000
83277  -23.581  16.718  48.066 0.2500000000
81400  1.322  14.504  66.092 1.0000000000
86792  -18.527  21.414  61.424 0.2500000000
86791  -17.177  21.249  61.075 0.2500000000
81561  -22.570  14.763  48.411 0.2500000000
87666  -18.826  22.380  60.389 0.3750000000
81401  0.815  14.468  65.448 0.8750000000
123919  0.336  13.804  64.529 1.0000000000
87678  -17.856  22.264  58.930 0.3750000000
125386  1.281  13.914  65.609 1.0000000000
80558  0.875  13.674  64.985 1.0000000000
80564  0.232  13.012  63.837 1.0000000000
79657  -0.448  12.227  62.605 0.8750000000
79676  -1.883  12.248  61.099 0.7500000000
79664  -1.550  12.628  61.688 0.6250000000
78674  -1.666  11.400  60.740 0.7500000000
79677  -2.368  12.685  60.567 0.6250000000
78686  -2.222  11.078  59.803 0.7500000000
79688  -2.725  12.470  59.775 0.6250000000
77735  -2.586  10.918  58.899 0.7500000000
79700  -3.459  12.873  58.530 0.6250000000
78700  -3.297  11.932  58.251 0.7500000000
82273  -3.934  15.925  57.021 0.6250000000
81444  -4.209  14.368  56.818 0.6250000000
139028  -3.905  12.891  57.233 0.6250000000
79708  -3.625  12.457  57.702 0.6250000000
78714  -3.293  11.593  57.419 0.7500000000
83152  -4.200  16.160  56.017 0.6250000000
82274  -4.191  15.235  56.452 0.6250000000
83163  -4.136  16.565  55.090 0.6250000000
83176  -4.435  16.053  54.435 0.6250000000
83175  -4.130  16.808  54.227 0.6250000000
83216  -4.222  15.553  51.577 0.5000000000
82329  -3.885  15.149  51.001 0.3750000000
81544  -3.210  15.259  49.757 0.3750000000
82362  -2.164  15.267  49.223 0.3750000000
83201  -4.371  16.075  52.329 0.5000000000
82346  -3.637  15.597  50.254 0.3750000000
85278  -42.203  19.191  40.085 0.3750000000
86167  -42.985  19.776  40.374 0.5000000000
87034  -44.447  20.686  40.045 0.7500000000
85257  -41.800  18.466  40.216 0.5000000000
86191  -44.766  20.790  39.232 0.6250000000
84361  -41.345  17.966  35.578 0.2500000000
85297  -44.443  19.787  37.353 0.6250000000
84371  -44.256  18.689  35.805 0.6250000000
85311  -45.027  19.235  35.382 0.6250000000
86211  -45.591  20.160  35.435 0.6250000000
85312  -46.116  19.337  34.905 0.3750000000
86234  -48.391  19.280  33.659 0.3750000000
86246  -48.514  19.551  32.968 0.5000000000
86245  -47.806  19.810  31.941 0.5000000000
86264  -48.197  19.193  31.430 0.5000000000
85391  -47.019  18.784  30.667 0.3750000000
85405  -47.459  18.103  30.075 0.3750000000
84450  -46.896  17.494  29.410 0.3750000000
84463  -46.406  17.061  28.682 0.3750000000
83496  -45.944  16.712  27.934 0.3750000000
83497  -47.005  16.960  27.816 0.3750000000
83511  -45.576  16.586  27.210 0.3750000000
83512  -46.359  16.743  27.268 0.3750000000
83523  -46.169  16.804  26.598 0.3750000000
84484  -45.828  17.077  25.900 0.3750000000
126878  -45.412  17.616  24.982 0.3750000000
84492  -44.477  17.764  24.968 0.3750000000
135017  -43.977  19.649  24.446 0.3750000000
85426  -44.289  18.424  24.638 0.3750000000
90138  -4.147  25.095  66.555 0.6250000000
90147  -4.272  25.054  65.826 0.5000000000
89312  -4.644  24.590  64.900 0.5000000000
89323  -4.967  23.666  64.137 0.5000000000
89293  -3.333  24.923  67.502 0.7500000000
90131  -3.802  25.116  67.008 0.6250000000
88467  -4.752  22.436  62.734 0.3750000000
89292  -2.671  24.147  67.625 0.7500000000
90965  -3.396  25.339  66.973 0.7500000000
88469  -6.709  22.259  62.739 0.3750000000
88468  -5.849  22.404  62.761 0.3750000000
88433  -1.319  23.299  68.762 0.7500000000
89291  -1.828  24.069  68.279 0.7500000000
88470  -7.568  22.243  63.077 0.3750000000
140399  -6.688  21.739  61.962 0.3750000000
87591  0.554  21.771  70.044 0.8750000000
87592  -0.124  22.426  69.704 0.7500000000
86771  -8.563  20.825  62.237 0.3750000000
86776  -7.793  20.728  60.912 0.3750000000
85850  1.479  20.136  70.376 0.8750000000
85950  -10.012  19.604  60.659 0.3750000000
83062  2.599  16.658  69.657 1.0000000000
85847  2.185  19.036  70.495 0.8750000000
85963  -12.839  19.919  59.761 0.2500000000
85953  -12.529  19.473  60.376 0.3750000000
81388  1.877  15.080  67.224 1.0000000000
117670  -14.170  19.839  60.409 0.2500000000
85955  -15.149  20.042  60.688 0.2500000000
81562  -23.150  15.316  48.821 0.2500000000
82206  1.175  16.111  66.659 0.8750000000
86789  -14.657  20.733  60.068 0.2500000000
86790  -15.857  20.951  60.635 0.2500000000
88486  -18.356  22.656  60.806 0.2500000000
82214  0.819  15.353  65.908 0.8750000000
82218  0.334  15.033  65.298 0.8750000000
81403  0.330  14.397  64.896 1.0000000000
81404  -0.160  14.282  64.412 0.8750000000
88503  -18.374  22.760  59.903 0.3750000000
81407  -0.633  14.138  63.869 0.8750000000
81408  -1.209  13.950  63.188 0.6250000000
80567  -0.741  13.073  62.885 0.7500000000
80569  -1.865  13.697  62.067 0.6250000000
80573  -2.196  13.654  61.415 0.6250000000
117665  -2.362  13.302  60.827 0.6250000000
81418  -2.957  14.555  59.751 0.6250000000
80588  -3.143  13.825  59.422 0.6250000000
130778  -3.637  14.974  57.989 0.6250000000
81426  -3.295  14.558  59.060 0.6250000000
121062  -3.356  13.394  58.971 0.6250000000
82264  -3.878  15.071  57.309 0.6250000000
81436  -3.576  14.576  58.411 0.6250000000
84152  -3.643  17.266  54.806 0.6250000000
133839  -3.699  17.404  54.061 0.6250000000
117200  -4.028  15.772  50.957 0.3750000000
82364  -3.353  15.800  49.438 0.3750000000
82363  -2.910  15.466  49.213 0.3750000000
82381  -3.129  16.046  48.790 0.3750000000
132071  -4.171  16.887  52.012 0.3750000000
83231  -3.888  16.344  50.619 0.3750000000
134826  -3.422  16.343  49.099 0.3750000000
86182  -42.492  19.871  39.563 0.5000000000
86183  -43.573  20.630  39.991 0.7500000000
87043  -43.202  20.945  39.273 0.5000000000
87044  -44.088  21.225  39.492 0.7500000000
87901  -44.403  21.448  38.891 0.6250000000
87045  -44.578  20.986  39.385 0.7500000000
128354  -44.612  21.278  38.843 0.6250000000
87051  -44.692  21.403  38.405 0.6250000000
86203  -41.936  19.462  36.408 0.3750000000
86204  -42.457  20.520  37.076 0.3750000000
120705  -44.687  20.399  38.349 0.6250000000
86199  -44.782  20.886  37.798 0.6250000000
85302  -41.292  18.289  36.525 0.2500000000
85310  -41.626  18.690  35.802 0.2500000000
87056  -44.834  21.583  37.693 0.6250000000
87064  -44.979  21.809  37.035 0.6250000000
86210  -45.012  20.150  35.940 0.6250000000
135670  -45.224  21.106  36.084 0.6250000000
85304  -44.508  19.587  36.263 0.6250000000
86212  -46.454  20.075  34.882 0.6250000000
87079  -46.634  20.667  34.757 0.6250000000
86220  -47.202  19.805  34.551 0.5000000000
85313  -46.898  19.342  34.657 0.5000000000
128861  -47.397  20.315  34.291 0.6250000000
86221  -47.679  19.621  34.271 0.5000000000
87092  -47.373  20.812  33.664 0.6250000000
87106  -47.691  20.481  33.210 0.5000000000
87107  -48.193  19.998  33.491 0.5000000000
135601  -48.090  20.045  32.687 0.5000000000
86263  -47.063  20.012  31.748 0.6250000000
119348  -45.083  18.677  30.576 0.3750000000
85390  -46.046  18.767  30.576 0.3750000000
86282  -47.478  19.392  31.293 0.3750000000
84449  -45.966  17.455  29.432 0.3750000000
83495  -44.931  16.570  27.900 0.3750000000
83510  -44.208  16.505  27.280 0.3750000000
124258  -44.872  16.520  27.081 0.3750000000
84491  -43.743  17.456  25.502 0.3750000000
83522  -45.263  16.706  26.492 0.3750000000
84483  -44.797  17.119  25.718 0.3750000000
85422  -43.639  18.167  24.923 0.3750000000
85425  -43.756  18.955  24.593 0.3750000000
90146  -3.045  24.746  65.357 0.6250000000
89322  -3.999  23.628  64.110 0.5000000000
90137  -3.423  25.207  66.293 0.6250000000
89311  -3.615  24.332  64.737 0.6250000000
88455  -3.292  23.014  63.341 0.6250000000
88456  -4.373  22.946  63.426 0.3750000000
89287  -0.417  23.746  69.323 0.7500000000
90127  -0.862  25.038  68.348 0.7500000000
90128  -2.536  24.826  67.940 0.7500000000
87630  -6.071  21.931  62.117 0.3750000000
88429  0.794  22.816  69.653 0.7500000000
90124  -0.865  24.337  68.907 0.7500000000
89288  -1.105  23.871  68.985 0.7500000000
123897  -7.186  21.049  60.514 0.3750000000
87639  -7.081  21.327  61.324 0.3750000000
86730  2.623  20.238  69.213 0.8750000000
87586  2.309  20.712  69.737 0.7500000000
87587  1.698  21.158  70.107 0.8750000000
86786  -8.540  20.342  60.454 0.3750000000
128241  1.797  18.105  67.954 0.8750000000
84987  2.055  18.712  68.205 0.8750000000
85854  2.775  19.601  69.539 0.8750000000
129328  2.556  19.877  70.084 0.8750000000
85849  2.143  19.867  70.416 0.8750000000
86799  -10.822  19.827  59.070 0.2500000000
85960  -10.380  19.594  59.784 0.3750000000
127967  1.235  16.902  67.219 0.8750000000
84051  1.881  17.258  68.065 1.0000000000
84041  2.329  17.216  69.131 0.8750000000
85848  2.576  19.118  70.110 0.8750000000
85952  -11.719  19.408  60.478 0.3750000000
82205  1.645  15.641  67.171 0.8750000000
83071  1.676  16.333  67.572 1.0000000000
83063  2.170  16.469  68.577 1.0000000000
87651  -15.440  21.806  60.471 0.2500000000
87653  -18.041  22.239  61.120 0.2500000000
117884  -17.598  23.482  60.672 0.2500000000
82215  0.128  15.935  65.363 0.8750000000
82219  -0.252  15.156  64.804 0.8750000000
138988  -18.376  22.758  60.483 0.2500000000
126275  -0.489  16.055  64.853 0.8750000000
82223  -1.344  15.010  63.714 0.6250000000
82226  -1.965  15.832  63.150 0.6250000000
81411  -1.873  14.148  62.505 0.6250000000
81412  -2.247  14.277  61.829 0.6250000000
129947  -2.515  14.882  61.537 0.6250000000
82236  -2.731  15.240  60.834 0.6250000000
81417  -2.732  14.541  60.424 0.6250000000
83130  -2.933  15.929  59.210 0.6250000000
82247  -3.010  15.205  59.467 0.6250000000
83145  -3.390  16.382  57.596 0.6250000000
83137  -3.159  16.139  58.423 0.6250000000
82255  -3.302  15.300  58.630 0.6250000000
82263  -3.560  15.661  57.837 0.6250000000
84142  -3.575  17.090  55.817 0.6250000000
84141  -2.948  17.754  55.231 0.6250000000
84151  -3.143  17.873  54.359 0.5000000000
118977  -2.642  18.484  53.855 0.5000000000
83186  -4.054  17.131  53.441 0.6250000000
85096  -3.433  18.211  52.468 0.5000000000
85089  -2.819  18.684  52.998 0.5000000000
85095  -2.971  18.956  52.187 0.5000000000
84161  -4.252  16.767  52.767 0.5000000000
119121  -3.661  17.832  50.994 0.3750000000
85114  -3.576  18.040  50.307 0.3750000000
83244  -3.631  16.328  49.782 0.3750000000
87907  -43.791  21.539  38.871 0.7500000000
86190  -42.369  20.220  38.710 0.5000000000
87050  -42.975  21.212  38.521 0.6250000000
87908  -44.501  21.643  38.376 0.6250000000
85286  -41.695  19.421  38.120 0.3750000000
86198  -42.362  20.408  37.915 0.5000000000
87055  -42.939  21.402  37.735 0.6250000000
87906  -43.684  21.805  38.225 0.6250000000
86197  -41.964  19.717  37.357 0.3750000000
87916  -43.679  22.096  37.561 0.7500000000
87063  -43.759  22.248  36.919 0.7500000000
87912  -44.674  21.962  37.732 0.6250000000
87929  -44.206  22.296  35.624 0.6250000000
87923  -44.757  22.455  35.828 0.6250000000
87065  -45.235  21.950  36.237 0.6250000000
133508  -45.188  22.450  35.202 0.6250000000
87073  -45.822  21.135  35.417 0.6250000000
87941  -45.384  22.202  34.515 0.6250000000
87925  -46.175  21.591  35.062 0.6250000000
87942  -46.205  21.858  34.123 0.6250000000
87932  -46.652  21.264  34.447 0.6250000000
87954  -46.338  21.450  33.433 0.6250000000
87943  -46.863  21.281  33.792 0.6250000000
87933  -47.304  20.827  34.067 0.6250000000
87118  -46.580  20.507  32.305 0.6250000000
87105  -46.943  20.962  33.038 0.6250000000
86262  -46.140  19.951  31.672 0.5000000000
87119  -47.403  20.365  32.450 0.6250000000
86280  -45.621  19.392  31.061 0.5000000000
86281  -46.589  19.457  31.142 0.5000000000
90164  -1.107  24.483  63.476 0.6250000000
89320  -1.722  23.674  63.106 0.6250000000
90125  0.307  25.366  67.575 0.7500000000
90957  -0.357  25.779  67.682 0.7500000000
119425  -1.592  25.437  65.335 0.7500000000
90145  -1.992  24.808  64.838 0.6250000000
90158  -1.869  24.191  63.957 0.6250000000
121181  -2.387  23.075  62.809 0.6250000000
88466  -3.823  22.459  62.638 0.3750000000
89290  0.478  24.244  68.140 0.7500000000
90122  0.051  24.648  68.511 0.7500000000
90962  -0.488  26.184  67.296 0.7500000000
90958  -1.211  25.483  67.637 0.7500000000
90968  -1.618  25.636  66.177 0.7500000000
90136  -2.374  25.162  65.767 0.7500000000
87637  -3.829  21.671  61.184 0.3750000000
88478  -4.304  21.966  62.001 0.3750000000
88432  1.760  22.323  67.726 0.7500000000
89289  1.095  23.268  68.660 0.7500000000
139922  -1.514  25.110  68.168 0.7500000000
90959  -2.144  25.126  67.923 0.7500000000
138401  -6.366  21.373  60.023 0.3750000000
117173  -5.108  21.554  60.262 0.3750000000
86733  2.442  20.413  68.370 0.8750000000
87590  1.986  21.501  69.362 0.7500000000
88426  1.284  22.017  69.969 0.7500000000
85880  1.516  19.482  66.691 0.7500000000
84994  1.465  18.655  67.272 0.8750000000
85866  2.037  19.414  67.813 0.8750000000
122314  0.776  18.118  66.629 0.8750000000
84065  1.260  17.665  67.268 0.8750000000
85962  -12.066  19.691  59.801 0.2500000000
86788  -13.647  20.251  59.829 0.2500000000
83078  0.628  17.104  66.581 0.8750000000
87665  -14.417  21.689  59.814 0.2500000000
126274  0.569  16.298  66.024 0.8750000000
88484  -16.373  23.034  60.943 0.2500000000
83086  0.148  16.892  65.744 0.8750000000
88502  -17.521  23.244  59.544 0.3750000000
83087  -0.401  16.770  65.159 0.8750000000
83095  -0.908  16.721  64.590 0.8750000000
82220  -0.995  15.762  64.332 0.7500000000
126775  -1.547  16.013  63.731 0.6250000000
83110  -2.520  16.423  61.749 0.6250000000
84118  -2.465  17.274  59.768 0.6250000000
83123  -2.666  16.677  60.250 0.6250000000
83129  -2.730  16.667  59.004 0.6250000000
83144  -3.038  17.064  57.354 0.6250000000
83136  -2.868  16.862  58.189 0.6250000000
122371  -3.595  16.640  56.736 0.6250000000
84132  -3.137  17.255  56.617 0.6250000000
84131  -2.720  17.716  56.136 0.6250000000
85074  -2.223  18.268  55.583 0.6250000000
85082  -2.439  18.347  54.709 0.6250000000
86001  -1.399  19.526  53.689 0.5000000000
85991  -1.917  18.915  54.186 0.6250000000
86002  -2.106  19.139  53.383 0.5000000000
86010  -1.565  19.755  52.906 0.5000000000
86011  -2.303  19.377  52.603 0.5000000000
85104  -3.404  18.431  51.633 0.3750000000
85103  -3.036  19.177  51.410 0.2500000000
130156  -2.499  19.612  51.879 0.3750000000
120130  -3.796  17.659  51.817 0.3750000000
117303  -3.380  18.617  50.836 0.2500000000
86023  -2.601  19.853  51.183 0.2500000000
84179  -3.914  17.026  51.174 0.3750000000
84192  -3.722  17.169  50.220 0.3750000000
125480  -3.455  18.772  49.946 0.3750000000
86074  -2.916  19.205  46.834 0.1250000000
89331  -1.731  23.273  62.239 0.5000000000
89335  -1.430  22.969  60.926 0.3750000000
89309  1.235  23.911  65.158 0.7500000000
90135  1.149  25.152  65.838 0.7500000000
90961  0.622  26.279  67.166 0.7500000000
91816  -0.159  26.584  66.088 0.7500000000
90973  -0.862  26.175  65.414 0.7500000000
139138  -1.329  24.837  64.197 0.7500000000
89336  -1.849  22.869  61.533 0.5000000000
88475  -1.978  22.566  60.937 0.3750000000
134969  1.306  23.109  65.553 0.7500000000
89304  1.023  23.835  66.131 0.7500000000
89294  1.066  23.519  67.339 0.7500000000
91812  -0.287  26.494  66.847 0.7500000000
91813  -0.785  26.325  66.305 0.7500000000
87645  -2.516  22.107  60.513 0.3750000000
128660  1.771  21.645  64.918 0.7500000000
88443  1.634  22.225  65.636 0.7500000000
129932  1.823  21.961  66.494 0.7500000000
87658  -2.946  21.757  59.623 0.3750000000
87613  1.930  21.244  65.883 0.7500000000
86744  1.994  20.564  66.467 0.7500000000
86734  2.262  20.563  67.421 0.7500000000
86751  1.781  20.578  65.672 0.7500000000
85890  1.638  20.080  66.058 0.7500000000
85879  2.019  19.989  66.995 0.7500000000
86827  3.580  20.778  57.508 0.5000000000
85891  0.912  19.535  65.666 0.7500000000
84995  0.881  18.902  66.385 0.7500000000
85966  3.400  19.505  59.505 0.5000000000
128480  2.719  19.300  59.094 0.5000000000
136594  0.553  18.445  66.170 0.8750000000
85958  2.922  19.365  59.588 0.6250000000
84078  0.262  17.850  65.935 0.8750000000
86807  3.269  19.943  58.277 0.5000000000
85003  -0.147  18.278  65.242 0.8750000000
85972  2.695  19.501  58.562 0.5000000000
84089  -0.694  17.656  64.783 0.7500000000
84090  -1.191  17.442  64.221 0.6250000000
83096  -1.405  16.744  63.985 0.6250000000
84096  -1.558  17.736  63.513 0.6250000000
83104  -1.895  16.770  63.310 0.6250000000
84102  -2.298  16.630  62.518 0.6250000000
85977  1.547  19.844  56.893 0.5000000000
85021  -1.428  18.477  62.612 0.6250000000
85974  1.136  19.333  57.441 0.5000000000
84113  -2.477  17.281  60.806 0.6250000000
84108  -2.354  17.320  61.758 0.6250000000
84117  -1.841  17.979  59.383 0.6250000000
121184  -2.394  17.468  57.913 0.6250000000
84123  -2.387  17.381  58.799 0.6250000000
84128  -2.487  17.615  57.021 0.6250000000
85066  -1.859  18.222  56.562 0.6250000000
125448  -1.478  18.664  55.822 0.6250000000
84127  -1.743  18.032  57.593 0.6250000000
85990  -1.275  19.353  54.500 0.5000000000
86859  -0.915  20.138  53.253 0.5000000000
87742  -0.174  21.316  53.151 0.5000000000
86866  -0.611  20.751  52.978 0.5000000000
86868  -1.859  20.006  52.197 0.5000000000
86877  -1.657  20.589  51.720 0.5000000000
86867  -1.160  20.513  52.459 0.5000000000
86887  -2.767  20.203  50.422 0.3750000000
86878  -2.176  20.503  51.123 0.2500000000
86896  -3.195  20.119  49.509 0.2500000000
134446  -3.238  19.590  49.974 0.3750000000
86906  -3.255  20.756  48.845 0.1250000000
86907  -3.371  19.861  48.569 0.3750000000
121704  -3.258  20.337  47.073 0.1250000000
126206  -2.794  19.951  46.354 0.1250000000
90972  2.023  26.012  65.239 0.7500000000
91818  1.898  26.740  64.765 0.7500000000
90163  -0.278  25.060  63.094 0.6250000000
89330  -0.941  23.963  62.467 0.5000000000
133606  -0.629  23.819  61.615 0.3750000000
90967  1.367  26.185  65.786 0.7500000000
91814  1.319  26.443  65.426 0.7500000000
91826  0.435  26.496  64.375 0.7500000000
90978  -0.010  25.967  63.768 0.7500000000
90169  -0.133  24.489  62.101 0.5000000000
88450  1.432  22.824  64.689 0.7500000000
88496  -2.372  22.193  58.943 0.3750000000
88490  -2.229  22.258  59.739 0.3750000000
87657  4.715  20.864  59.575 0.5000000000
86782  4.241  20.220  59.992 0.6250000000
86794  4.246  20.137  59.255 0.5000000000
87686  4.711  21.356  57.988 0.5000000000
87687  4.178  21.223  57.564 0.5000000000
86783  3.694  19.831  60.293 0.6250000000
86795  3.788  19.690  59.705 0.6250000000
86805  4.094  20.490  58.328 0.5000000000
86775  2.840  19.988  61.244 0.6250000000
85947  3.338  19.527  59.974 0.6250000000
86806  3.712  19.691  59.062 0.5000000000
86784  3.161  19.700  60.532 0.6250000000
85948  2.817  19.457  60.177 0.6250000000
85002  0.390  18.730  65.736 0.7500000000
86817  2.620  19.864  57.890 0.5000000000
122309  2.173  19.395  60.421 0.6250000000
85034  1.726  19.091  59.605 0.6250000000
85959  2.322  19.199  59.340 0.5000000000
85973  2.005  19.532  57.900 0.5000000000
85009  0.111  19.136  65.010 0.7500000000
85010  -0.485  18.644  64.511 0.7500000000
85968  2.182  19.237  58.750 0.5000000000
85969  1.413  19.123  58.294 0.5000000000
86818  2.219  20.105  57.214 0.5000000000
119609  -0.674  18.909  63.734 0.6250000000
133808  -1.177  18.545  63.404 0.6250000000
85042  1.632  19.024  59.002 0.6250000000
85050  0.801  18.871  58.576 0.6250000000
86829  1.836  20.550  56.406 0.5000000000
126093  -1.897  18.082  61.990 0.6250000000
85029  -1.303  18.638  61.619 0.6250000000
85978  0.782  19.610  56.568 0.5000000000
86839  0.665  20.441  55.273 0.5000000000
84112  -1.952  18.037  60.297 0.6250000000
136061  0.073  18.654  58.213 0.6250000000
85058  -0.326  18.845  56.963 0.5000000000
85984  0.398  19.837  55.771 0.5000000000
84122  -1.740  17.965  58.485 0.6250000000
85059  -1.059  18.482  57.280 0.5000000000
85979  0.022  19.337  56.324 0.5000000000
125124  0.338  20.526  54.687 0.5000000000
85064  -0.753  19.021  56.064 0.6250000000
85985  -0.361  19.526  55.536 0.5000000000
86840  0.049  20.059  55.064 0.5000000000
86849  0.229  20.768  54.215 0.5000000000
85065  -1.130  18.662  56.526 0.6250000000
85986  -1.092  19.204  55.292 0.5000000000
86850  -0.188  20.263  54.389 0.5000000000
127390  -0.273  21.934  52.690 0.5000000000
87751  -1.180  21.225  51.838 0.5000000000
87750  -0.669  21.273  52.500 0.5000000000
124724  -2.497  21.945  49.889 0.1250000000
87770  -2.502  21.420  50.079 0.2500000000
87761  -2.302  20.992  50.548 0.2500000000
87760  -1.731  21.167  51.172 0.3750000000
126463  -1.342  21.915  51.297 0.3750000000
88584  -0.790  22.023  52.043 0.3750000000
86895  -2.835  20.840  49.843 0.2500000000
88608  -2.894  22.373  49.181 0.1250000000
87778  -2.898  21.493  49.415 0.1250000000
87784  -3.262  21.596  48.523 0.1250000000
86921  -3.378  20.312  47.966 0.1250000000
122963  -3.362  20.959  47.827 0.1250000000
90156  1.947  24.709  64.212 0.6250000000
90155  2.741  25.101  63.808 0.6250000000
90143  2.494  25.709  64.673 0.7500000000
90971  2.703  26.400  64.724 0.6250000000
91823  2.824  26.950  64.105 0.5000000000
91824  2.186  26.910  64.283 0.6250000000
89318  1.909  23.984  63.550 0.6250000000
90144  1.581  24.884  64.894 0.7500000000
91833  1.478  26.660  63.596 0.6250000000
121549  1.048  25.716  62.292 0.5000000000
90162  0.412  25.369  62.585 0.5000000000
90168  0.565  24.903  61.757 0.5000000000
90176  -0.046  24.063  61.074 0.3750000000
127841  -0.451  23.543  60.150 0.3750000000
88454  1.591  22.875  63.722 0.7500000000
89319  1.468  23.868  64.271 0.7500000000
88489  -1.687  22.594  59.377 0.5000000000
140203  -1.108  23.132  60.380 0.3750000000
87644  4.010  20.542  60.591 0.6250000000
87643  4.585  21.116  60.262 0.6250000000
87668  5.150  21.547  59.143 0.5000000000
88495  -2.155  22.443  58.070 0.5000000000
128523  1.600  22.077  64.131 0.7500000000
87669  4.707  20.920  58.774 0.5000000000
86762  1.878  20.886  64.984 0.7500000000
86774  3.433  20.196  60.897 0.6250000000
87703  4.579  22.048  57.183 0.5000000000
117278  2.550  19.649  60.811 0.6250000000
85923  2.143  19.831  61.784 0.7500000000
87704  3.852  21.589  56.924 0.5000000000
87705  3.135  21.228  56.753 0.5000000000
88528  3.404  21.996  56.249 0.5000000000
86828  2.819  20.459  57.299 0.5000000000
87720  2.663  21.641  56.047 0.5000000000
130240  1.766  19.193  60.106 0.6250000000
87706  2.460  20.950  56.537 0.5000000000
85914  -0.145  19.290  63.309 0.6250000000
85035  0.890  19.036  60.028 0.6250000000
87721  1.965  21.289  55.825 0.5000000000
85014  -0.726  19.039  62.936 0.7500000000
85020  -0.610  19.085  62.034 0.6250000000
85043  0.911  18.930  59.267 0.6250000000
86830  1.099  20.183  56.041 0.5000000000
88547  2.108  22.039  55.415 0.5000000000
85037  -1.203  18.607  60.744 0.6250000000
85044  -0.034  18.763  59.550 0.6250000000
86838  1.310  20.857  55.510 0.5000000000
85045  -1.050  18.484  59.879 0.6250000000
85052  -0.916  18.439  59.030 0.6250000000
85051  0.046  18.682  58.798 0.6250000000
87734  0.774  21.063  54.641 0.5000000000
124173  0.895  22.000  54.171 0.5000000000
88576  0.268  21.983  53.326 0.5000000000
88583  -0.024  22.682  52.781 0.5000000000
138381  -0.430  22.357  52.391 0.5000000000
88592  -0.546  22.783  52.133 0.3750000000
87769  -1.976  21.806  50.547 0.3750000000
88600  -1.580  22.649  50.786 0.3750000000
88593  -1.004  22.706  51.479 0.3750000000
88601  -2.220  22.611  50.059 0.1250000000
89456  -2.468  23.396  49.426 0.1250000000
129078  -3.051  23.108  48.556 0.1250000000
88616  -3.333  22.326  47.992 0.1250000000
87793  -3.294  21.140  46.950 0.1250000000
90154  3.834  25.819  63.800 0.6250000000
91822  3.516  26.655  63.729 0.5000000000
91831  2.945  26.999  63.352 0.5000000000
90995  1.424  25.330  60.984 0.5000000000
90191  0.599  24.368  59.057 0.5000000000
119926  0.522  24.395  58.135 0.5000000000
89333  4.527  23.764  61.833 0.6250000000
90167  5.442  24.752  62.400 0.6250000000
91837  2.920  26.892  62.341 0.5000000000
91838  2.232  26.687  62.632 0.5000000000
90988  1.654  26.005  61.904 0.5000000000
135478  1.105  25.318  61.555 0.5000000000
90183  0.673  24.409  59.873 0.5000000000
89355  0.005  23.907  58.679 0.5000000000
89370  -0.105  23.959  57.740 0.5000000000
89371  -0.750  23.552  57.383 0.5000000000
89329  2.625  24.028  62.949 0.6250000000
88473  4.063  22.353  61.277 0.6250000000
89332  5.442  23.805  61.548 0.6250000000
89339  5.777  23.693  61.009 0.5000000000
130981  -1.721  22.595  58.669 0.5000000000
90204  -0.323  24.121  56.867 0.5000000000
88453  1.973  23.071  62.992 0.6250000000
87635  3.685  21.108  61.126 0.6250000000
88472  4.849  22.795  61.105 0.6250000000
87642  4.964  22.133  60.552 0.6250000000
88480  5.415  22.690  60.324 0.5000000000
88488  5.444  22.363  59.458 0.5000000000
88511  -2.741  22.347  57.388 0.3750000000
139135  1.785  22.441  63.224 0.6250000000
88494  5.356  22.111  58.690 0.5000000000
89369  5.464  23.213  57.599 0.5000000000
88509  5.237  22.254  57.886 0.5000000000
88526  5.157  22.837  57.000 0.5000000000
87624  1.987  21.156  64.099 0.7500000000
86769  2.579  20.350  61.955 0.7500000000
85924  1.610  20.008  62.779 0.7500000000
132570  4.678  22.772  56.598 0.5000000000
85902  1.410  20.242  65.015 0.7500000000
133140  1.807  20.528  64.295 0.7500000000
88527  4.110  22.403  56.465 0.5000000000
85903  0.771  19.693  64.517 0.7500000000
85913  0.734  19.675  63.293 0.7500000000
88545  3.626  22.842  55.860 0.5000000000
85936  1.802  19.569  61.104 0.6250000000
85904  -0.009  19.276  64.085 0.7500000000
85937  0.446  19.365  61.446 0.6250000000
88546  2.845  22.422  55.658 0.5000000000
85926  0.119  19.373  62.502 0.7500000000
85027  0.407  19.200  60.703 0.6250000000
88562  2.279  22.771  55.079 0.5000000000
85028  -0.443  19.048  61.130 0.6250000000
85036  -0.228  18.869  60.329 0.6250000000
88563  1.634  22.381  54.721 0.5000000000
88574  1.299  22.876  54.117 0.5000000000
88575  0.629  22.762  53.503 0.5000000000
89430  0.375  23.487  53.030 0.5000000000
89444  -0.688  23.489  51.742 0.3750000000
91968  -0.840  26.935  49.775 0.3750000000
91124  -1.292  25.286  50.196 0.2500000000
90297  -1.412  24.332  50.467 0.2500000000
89445  -1.215  23.466  51.010 0.2500000000
92711  -0.986  27.216  49.133 0.3750000000
125932  -1.657  25.578  49.408 0.2500000000
90313  -1.821  24.767  49.663 0.2500000000
89455  -1.831  23.432  50.287 0.1250000000
92718  -1.413  27.135  48.354 0.2500000000
91142  -2.034  25.771  48.637 0.1250000000
91133  -2.261  25.049  48.937 0.1250000000
89484  -3.192  23.685  48.024 0.1250000000
128185  -2.970  25.070  47.580 0.1250000000
90161  3.427  24.855  63.160 0.6250000000
132359  4.505  25.031  62.952 0.6250000000
90153  4.737  25.855  63.519 0.5000000000
91830  3.933  26.759  63.028 0.5000000000
90994  1.794  25.391  60.193 0.5000000000
90182  1.216  24.810  59.510 0.5000000000
89328  3.490  24.003  62.385 0.6250000000
90159  5.869  25.322  62.655 0.5000000000
90987  2.313  26.419  61.728 0.5000000000
90173  6.036  24.392  61.300 0.5000000000
89372  -1.354  23.269  56.932 0.3750000000
88462  3.527  23.060  61.740 0.6250000000
89346  5.752  23.344  59.953 0.5000000000
131979  5.685  23.840  59.148 0.5000000000
88530  -3.434  22.337  56.663 0.3750000000
88529  -2.534  22.759  56.511 0.3750000000
88463  2.658  22.869  62.257 0.6250000000
88474  3.185  21.969  61.606 0.6250000000
89354  5.579  22.966  58.682 0.5000000000
128439  1.747  21.941  63.459 0.7500000000
126213  2.559  21.736  62.054 0.6250000000
90189  5.592  23.917  58.210 0.5000000000
129076  5.536  23.974  57.362 0.5000000000
87629  2.140  21.098  63.177 0.7500000000
87628  2.500  21.029  62.402 0.7500000000
86765  1.948  20.509  63.455 0.7500000000
89383  5.393  23.615  56.779 0.5000000000
89384  5.057  23.376  56.303 0.5000000000
85912  1.495  20.068  63.862 0.7500000000
85925  1.173  19.593  62.016 0.7500000000
89400  4.939  23.836  55.646 0.5000000000
138193  1.200  19.502  61.262 0.7500000000
89401  3.925  23.772  55.456 0.5000000000
89402  3.007  23.247  55.326 0.5000000000
89415  2.385  23.459  54.740 0.5000000000
133556  1.840  23.021  54.583 0.5000000000
89429  1.054  23.555  53.630 0.5000000000
90261  0.761  24.257  53.209 0.5000000000
90270  0.184  24.196  52.638 0.3750000000
89437  -0.212  23.489  52.420 0.3750000000
92709  0.063  28.082  49.988 0.3750000000
92705  -0.314  27.383  50.291 0.3750000000
91960  -0.155  27.096  50.958 0.3750000000
90281  -0.381  24.232  52.064 0.3750000000
92710  -0.499  27.639  49.538 0.3750000000
91961  -0.606  26.640  50.525 0.3750000000
91123  -0.798  25.842  50.735 0.2500000000
140314  -0.521  25.569  51.349 0.3750000000
91111  -0.886  25.039  50.964 0.2500000000
90282  -0.827  24.247  51.319 0.2500000000
93375  -0.155  28.316  49.172 0.3750000000
92717  -0.724  27.785  48.767 0.2500000000
91978  -2.452  25.880  47.794 0.1250000000
91977  -2.031  26.667  47.652 0.1250000000
120688  5.576  27.096  62.935 0.5000000000
91829  5.020  26.598  63.187 0.5000000000
91836  3.775  26.866  61.889 0.5000000000
91003  1.732  25.327  59.147 0.5000000000
90190  1.149  24.825  58.620 0.5000000000
90202  1.022  24.941  57.677 0.5000000000
90979  6.428  26.353  62.603 0.5000000000
92587  4.445  27.369  61.618 0.5000000000
91844  2.938  26.649  61.314 0.5000000000
91002  2.361  25.862  59.657 0.5000000000
91011  2.212  25.821  58.700 0.5000000000
91027  0.822  25.206  56.767 0.3750000000
90203  0.358  24.536  57.206 0.5000000000
90992  6.353  25.526  61.262 0.5000000000
90218  -0.705  24.233  56.110 0.3750000000
91001  6.065  25.286  60.067 0.5000000000
90188  5.727  24.737  58.909 0.5000000000
89386  -1.438  23.678  56.078 0.3750000000
91009  5.855  25.588  59.080 0.5000000000
91010  5.613  24.793  57.660 0.5000000000
127586  5.585  25.153  56.801 0.5000000000
90201  5.538  24.396  56.729 0.5000000000
89399  5.403  24.015  55.991 0.5000000000
90229  5.196  24.715  55.449 0.5000000000
90230  4.603  24.413  55.265 0.5000000000
90243  3.902  24.675  54.883 0.5000000000
89414  3.117  23.994  54.900 0.5000000000
90245  2.381  24.160  54.395 0.5000000000
90260  1.611  24.397  53.755 0.5000000000
90269  1.095  25.033  53.183 0.3750000000
137828  0.520  24.786  52.791 0.3750000000
93373  1.174  29.164  50.006 0.2500000000
93367  0.710  28.509  50.386 0.3750000000
91098  0.007  24.909  52.334 0.3750000000
93374  0.482  28.763  49.571 0.3750000000
92704  0.340  27.765  50.846 0.3750000000
91955  0.349  27.101  51.547 0.3750000000
91109  -0.094  25.634  51.948 0.3750000000
91956  -0.258  26.346  51.339 0.3750000000
91110  -0.481  24.949  51.693 0.3750000000
93384  -0.378  28.449  48.364 0.1250000000
92726  -1.626  27.400  47.438 0.2500000000
93385  -0.979  27.899  47.927 0.1250000000
92727  -2.223  26.898  46.856 0.1250000000
91165  -3.117  25.289  45.950 0.1250000000
92737  -2.351  27.100  46.022 0.1250000000
91835  4.715  27.100  62.655 0.5000000000
93265  5.841  28.595  62.353 0.5000000000
92576  6.847  27.691  62.489 0.5000000000
91834  6.828  26.696  62.294 0.5000000000
125826  3.535  27.103  59.514 0.5000000000
91856  2.854  26.352  59.066 0.5000000000
91025  2.040  25.949  57.832 0.5000000000
90217  0.080  24.786  56.252 0.3750000000
124564  6.977  27.447  62.373 0.5000000000
136076  6.681  26.225  61.726 0.5000000000
92585  7.052  27.693  61.674 0.5000000000
121205  6.446  27.002  60.564 0.5000000000
91023  5.798  26.191  58.590 0.5000000000
133624  5.864  27.580  58.374 0.5000000000
91866  5.721  26.832  57.969 0.5000000000
95698  6.186  32.780  61.673 0.5000000000
95700  6.350  32.644  60.088 0.5000000000
95080  6.689  31.816  59.317 0.5000000000
94500  6.634  30.574  58.546 0.5000000000
93298  5.923  28.302  58.161 0.5000000000
91024  5.623  25.859  57.463 0.5000000000
122260  6.060  29.003  57.930 0.5000000000
92631  5.723  28.407  57.129 0.5000000000
90216  5.496  24.894  56.084 0.5000000000
96382  5.842  33.381  60.749 0.5000000000
119482  5.686  33.162  59.138 0.5000000000
130035  6.844  31.150  59.063 0.5000000000
94508  6.195  30.273  57.514 0.5000000000
92632  5.615  27.470  56.446 0.5000000000
128676  5.583  25.986  55.289 0.5000000000
91052  5.447  25.387  55.572 0.5000000000
135635  6.172  32.399  58.901 0.5000000000
95088  6.460  31.164  58.134 0.5000000000
133190  5.678  28.920  56.603 0.5000000000
92645  5.561  27.387  55.435 0.5000000000
91066  5.343  25.505  54.981 0.5000000000
93309  5.613  28.207  56.093 0.5000000000
91894  5.531  26.622  55.092 0.5000000000
92662  5.421  27.122  54.593 0.5000000000
90242  4.782  25.096  54.922 0.5000000000
91928  5.215  26.818  54.069 0.5000000000
91910  5.152  26.248  54.160 0.5000000000
91084  4.723  26.043  54.058 0.5000000000
91069  3.411  25.202  54.337 0.5000000000
91086  2.856  25.611  53.803 0.5000000000
91087  1.915  25.313  53.548 0.3750000000
93993  1.754  29.694  49.522 0.2500000000
93983  2.023  29.414  50.353 0.3750000000
93366  1.472  28.815  50.767 0.3750000000
92701  1.001  27.732  51.559 0.3750000000
91954  1.096  27.076  52.250 0.3750000000
91946  1.008  26.282  52.566 0.3750000000
93994  0.988  29.401  49.158 0.2500000000
93357  1.012  28.268  51.047 0.3750000000
91947  0.388  26.362  52.091 0.3750000000
93383  0.281  29.015  48.678 0.1250000000
94003  -0.085  28.996  47.975 0.1250000000
93393  -0.611  28.605  47.564 0.1250000000
93394  -1.240  28.134  47.139 0.1250000000
93403  -1.488  28.368  46.386 0.1250000000
92586  4.793  28.020  61.576 0.5000000000
93264  6.713  28.995  62.399 0.5000000000
92593  4.466  28.188  60.501 0.5000000000
93277  4.120  27.946  59.582 0.5000000000
119875  2.550  26.294  58.291 0.5000000000
91868  2.830  27.168  57.355 0.5000000000
91870  1.879  26.253  57.047 0.3750000000
93889  6.631  29.969  62.306 0.5000000000
92578  6.987  28.266  62.342 0.5000000000
93287  4.061  28.529  58.829 0.5000000000
92602  3.625  27.737  58.628 0.5000000000
92617  3.246  27.648  57.719 0.5000000000
91053  0.968  26.093  55.708 0.3750000000
91055  -0.332  25.552  54.944 0.3750000000
93888  6.943  30.314  62.188 0.5000000000
93268  7.127  28.564  61.549 0.5000000000
95067  7.041  31.404  61.772 0.5000000000
93275  6.867  28.729  60.217 0.5000000000
92601  6.263  28.111  59.180 0.5000000000
95697  6.808  32.072  61.018 0.5000000000
137535  7.250  31.029  61.135 0.5000000000
94486  7.194  30.508  60.483 0.5000000000
93899  7.075  29.598  60.235 0.5000000000
93285  6.505  29.079  58.975 0.5000000000
94494  6.970  30.747  59.444 0.5000000000
93906  6.832  30.056  59.246 0.5000000000
134396  5.367  33.867  59.847 0.5000000000
125090  5.318  33.355  58.089 0.5000000000
95707  6.200  31.926  58.159 0.5000000000
95100  6.097  30.867  57.225 0.5000000000
93926  5.773  29.611  56.675 0.5000000000
95089  6.001  31.486  57.354 0.5000000000
134079  5.654  29.719  56.080 0.5000000000
122217  5.612  28.967  55.832 0.5000000000
93318  5.601  28.120  55.219 0.5000000000
96391  5.297  33.083  57.305 0.5000000000
121826  5.723  32.250  57.335 0.5000000000
123927  5.796  31.082  56.437 0.5000000000
91085  3.807  25.880  54.022 0.3750000000
91930  3.253  26.315  53.520 0.3750000000
91931  2.275  26.080  53.305 0.3750000000
92700  1.659  27.705  52.018 0.3750000000
92691  2.076  27.305  52.528 0.3750000000
93365  2.413  28.995  51.088 0.2500000000
94577  2.389  30.188  49.121 0.2500000000
94588  2.395  30.542  48.321 0.2500000000
94001  1.553  30.026  48.635 0.1250000000
94601  1.663  30.473  47.777 0.1250000000
116251  1.107  30.395  47.310 0.1250000000
138178  0.840  29.596  48.474 0.1250000000
94611  1.633  30.843  46.882 0.1250000000
93269  4.908  28.799  61.423 0.5000000000
93890  5.853  29.405  62.183 0.5000000000
132491  4.904  29.566  61.116 0.5000000000
93276  4.449  28.821  59.953 0.5000000000
91895  1.452  26.674  55.747 0.3750000000
132140  5.716  30.167  61.992 0.5000000000
93900  4.528  29.739  59.776 0.5000000000
93299  3.625  28.381  57.925 0.5000000000
92633  3.168  28.198  57.031 0.5000000000
92634  2.663  27.589  56.640 0.5000000000
93286  4.301  29.222  58.992 0.5000000000
94495  4.177  30.703  58.635 0.5000000000
120085  3.542  29.033  57.219 0.5000000000
126432  2.771  28.260  56.325 0.5000000000
92646  2.341  27.909  55.881 0.3750000000
91071  -0.845  26.072  54.228 0.3750000000
95068  5.570  32.125  62.457 0.5000000000
95701  4.685  32.452  62.048 0.5000000000
94496  3.868  31.179  58.263 0.5000000000
94510  3.476  30.451  57.114 0.5000000000
95695  6.363  32.037  62.268 0.5000000000
95066  5.675  32.309  62.494 0.5000000000
134135  5.524  32.798  62.530 0.5000000000
96376  4.850  33.533  62.689 0.5000000000
95699  4.225  33.428  62.495 0.5000000000
96379  5.473  33.496  62.158 0.5000000000
96380  3.676  34.244  62.604 0.5000000000
96383  3.106  33.793  61.515 0.5000000000
97047  5.266  34.130  61.198 0.5000000000
96378  3.205  34.959  62.604 0.5000000000
96381  2.639  34.614  61.981 0.5000000000
121737  4.429  35.619  60.069 0.5000000000
97048  4.695  35.040  61.375 0.5000000000
97051  4.843  34.611  59.898 0.5000000000
96386  4.958  34.068  58.647 0.5000000000
96392  4.810  33.938  57.491 0.5000000000
95729  5.251  32.691  56.378 0.5000000000
91945  2.652  26.835  53.059 0.3750000000
124030  1.725  26.573  52.806 0.3750000000
94587  3.251  30.471  48.810 0.2500000000
92648  1.062  27.162  55.106 0.3750000000
91070  -0.140  26.208  54.634 0.3750000000
93893  4.896  30.376  60.918 0.5000000000
94487  4.463  30.574  59.609 0.5000000000
93311  2.520  28.726  55.819 0.3750000000
92663  0.600  27.558  54.664 0.3750000000
140452  5.525  30.829  61.901 0.5000000000
95072  4.845  31.334  61.135 0.5000000000
95082  3.734  31.854  58.872 0.5000000000
94522  2.142  30.161  55.818 0.3750000000
93954  0.815  28.782  54.695 0.3750000000
92664  -0.160  27.638  54.318 0.3750000000
117377  3.496  32.498  59.608 0.5000000000
95090  3.216  31.698  57.889 0.5000000000
95102  2.162  31.344  56.811 0.3750000000
93938  0.850  29.591  54.982 0.3750000000
95703  2.695  33.343  59.869 0.5000000000
95719  2.304  32.357  57.917 0.5000000000
94523  1.337  30.278  55.588 0.3750000000
96384  1.970  34.241  60.793 0.5000000000
96387  1.350  33.908  59.596 0.5000000000
95720  1.199  32.751  58.019 0.5000000000
95093  0.416  32.313  57.527 0.3750000000
95103  1.154  31.565  56.790 0.3750000000
97715  3.123  36.163  62.321 0.5000000000
97716  2.475  36.075  62.148 0.5000000000
97046  1.801  35.585  61.429 0.5000000000
135934  0.833  34.602  59.605 0.5000000000
95711  0.773  33.510  58.650 0.5000000000
98427  3.351  37.417  60.929 0.5000000000
116879  4.500  35.083  58.811 0.5000000000
91912  -0.536  26.875  54.187 0.3750000000
93955  0.151  29.104  54.599 0.3750000000
94525  -0.665  30.431  55.859 0.3750000000
121076  0.210  32.974  58.213 0.3750000000
95721  -0.315  32.877  57.887 0.3750000000
95105  -0.938  31.624  56.912 0.3750000000
98424  2.864  36.810  61.742 0.5000000000
98425  2.091  36.473  61.396 0.5000000000
97052  0.723  34.980  59.500 0.5000000000
128782  0.455  34.311  58.882 0.5000000000
96393  -0.405  33.328  57.885 0.5000000000
95731  -1.233  32.272  56.915 0.3750000000
117537  -1.594  32.285  55.266 0.3750000000
97058  -0.034  34.309  56.845 0.5000000000
96412  -0.787  33.354  55.633 0.3750000000
137589  -1.156  32.883  54.154 0.3750000000
97719  4.305  36.324  59.040 0.5000000000
96419  0.062  33.795  54.240 0.3750000000
63624  -19.552  -3.071  64.155 1.0000000000
68779  -18.195  0.901  65.803 1.0000000000
60578  -26.012  -7.177  68.382 1.0000000000
132368  -24.751  -6.788  67.372 1.0000000000
60642  -22.786  -6.321  65.505 1.0000000000
66682  -15.659  -0.760  60.885 1.0000000000
66589  -15.910  0.051  67.991 1.0000000000
135024  -14.649  0.143  68.739 1.0000000000
66601  -13.885  -0.858  67.988 1.0000000000
66603  -15.502  -0.633  67.631 1.0000000000
126680  -14.273  -1.272  67.470 1.0000000000
68740  -16.927  1.399  69.049 1.0000000000
67650  -17.444  0.737  68.657 1.0000000000
68730  -18.513  1.998  69.737 1.0000000000
68731  -19.849  2.061  70.237 1.0000000000
119829  -17.449  1.965  69.588 1.0000000000
69779  -20.685  2.955  70.514 1.0000000000
60609  -24.933  -6.620  66.697 1.0000000000
70866  -18.115  3.418  66.823 1.0000000000
63645  -19.232  -3.714  62.518 1.0000000000
117318  -15.454  2.319  64.537 1.0000000000
64644  -18.091  -2.808  61.498 1.0000000000
65675  -16.629  -1.783  60.379 1.0000000000
67744  -14.657  0.795  61.738 1.0000000000
61489  -6.713  -5.800  80.984 0.3750000000
64503  -4.328  -2.087  80.386 0.5000000000
62507  -7.840  -5.327  79.269 0.3750000000
137775  -8.033  -5.033  77.801 0.5000000000
66524  -2.406  -0.178  80.194 0.3750000000
65529  -0.433  -0.803  78.813 0.2500000000
65532  -0.765  -1.115  77.950 0.2500000000
65536  -2.118  -1.365  76.457 0.2500000000
135752  -2.678  -2.022  76.616 0.2500000000
64567  -11.941  -2.642  68.517 0.8750000000
64557  -11.111  -2.706  69.478 0.8750000000
65589  -12.400  -1.782  68.434 0.8750000000
65579  -12.234  -1.213  69.170 0.8750000000
124892  -11.607  -1.524  69.632 0.8750000000
138446  -13.756  0.280  70.778 0.8750000000
65590  -13.128  -1.175  68.288 1.0000000000
63588  -12.865  -3.119  67.664 1.0000000000
67633  -15.456  0.885  69.422 1.0000000000
64578  -13.363  -2.484  67.388 1.0000000000
68729  -16.549  1.753  69.784 1.0000000000
60612  -27.463  -5.796  66.696 1.0000000000
69776  -16.993  2.561  70.988 1.0000000000
122330  -24.214  -6.375  65.320 1.0000000000
71836  -18.917  4.584  67.987 1.0000000000
117927  -20.478  -4.773  61.842 1.0000000000
61684  -21.053  -5.127  62.058 1.0000000000
70883  -15.163  3.009  64.797 1.0000000000
69862  -14.188  2.667  63.030 1.0000000000
130690  -19.205  -3.916  61.818 1.0000000000
63651  -18.501  -3.358  61.103 1.0000000000
118393  -17.353  -2.408  60.188 1.0000000000
65682  -16.273  -1.488  59.802 1.0000000000
130616  -0.460  0.520  75.169 0.5000000000
68676  -0.673  1.251  74.910 0.5000000000
62514  -6.970  -4.199  78.430 0.3750000000
133598  -7.928  -4.751  77.155 0.5000000000
66538  -0.404  0.675  76.173 0.3750000000
68675  -0.370  1.029  75.462 0.5000000000
68667  -0.392  1.080  76.159 0.5000000000
66533  -0.329  0.667  77.306 0.2500000000
66525  -0.350  0.139  78.941 0.2500000000
68657  -0.790  1.290  78.068 0.3750000000
67575  -1.504  1.070  79.269 0.3750000000
67572  -0.879  0.432  79.565 0.2500000000
65535  -1.167  -0.845  77.099 0.2500000000
62537  -9.209  -4.170  72.848 0.8750000000
62530  -8.727  -4.107  73.694 0.7500000000
126073  -2.139  -1.068  75.766 0.2500000000
63550  -9.410  -3.202  71.526 0.8750000000
63558  -9.816  -2.815  70.953 0.8750000000
64539  -9.067  -2.764  71.984 0.8750000000
65569  -10.740  -1.586  70.729 0.8750000000
66563  -1.308  -0.816  71.062 0.5000000000
66564  -2.152  -0.171  70.740 0.6250000000
66561  -12.165  -0.243  71.634 0.8750000000
65571  -12.011  -0.941  69.866 0.8750000000
65570  -11.425  -1.209  70.263 0.8750000000
62563  -10.541  -3.971  70.609 0.8750000000
63551  -9.932  -3.486  70.993 0.8750000000
65568  -1.890  -0.925  70.288 0.6250000000
64519  -3.784  -2.453  75.424 0.2500000000
67614  -14.241  0.943  71.949 1.0000000000
68723  -14.746  0.994  71.266 1.0000000000
69772  -16.517  2.433  71.776 1.0000000000
68719  -15.737  1.885  71.799 1.0000000000
123785  -1.388  -3.302  68.012 0.7500000000
71810  -19.471  4.611  71.657 1.0000000000
138611  -32.642  1.645  65.312 0.6250000000
138082  -20.196  5.109  71.113 1.0000000000
72782  -19.576  5.566  69.010 1.0000000000
137796  -20.058  5.119  69.314 1.0000000000
72792  -17.226  4.879  67.007 1.0000000000
60644  -24.126  -6.174  64.470 1.0000000000
61654  -24.807  -5.743  64.057 1.0000000000
124703  -16.830  5.541  67.183 1.0000000000
61666  -24.146  -5.523  63.008 1.0000000000
124470  -24.090  -5.851  63.702 1.0000000000
61678  -25.007  -5.104  62.790 1.0000000000
71860  -15.201  4.687  65.787 1.0000000000
137606  -22.758  -5.496  62.308 1.0000000000
62669  -24.865  -4.735  61.948 1.0000000000
71869  -14.130  4.663  64.646 1.0000000000
136499  -14.410  4.040  64.668 1.0000000000
70882  -14.567  3.346  64.308 1.0000000000
61685  -21.617  -5.197  61.489 1.0000000000
62679  -23.865  -4.816  61.024 1.0000000000
62678  -23.020  -5.105  60.970 1.0000000000
62680  -24.728  -4.399  61.128 1.0000000000
70901  -13.804  3.327  62.899 1.0000000000
70891  -13.806  3.851  63.349 1.0000000000
63661  -19.127  -4.008  60.212 1.0000000000
62687  -20.396  -4.681  60.548 1.0000000000
62689  -22.691  -4.826  60.268 1.0000000000
118965  -22.044  -4.845  60.144 1.0000000000
127225  -23.074  -4.540  59.700 1.0000000000
63675  -18.609  -3.526  59.867 1.0000000000
63676  -19.181  -3.938  59.403 1.0000000000
135359  -20.719  -4.657  59.855 1.0000000000
62705  -21.535  -4.625  59.507 1.0000000000
137087  -21.393  -4.367  58.691 1.0000000000
120412  -23.418  -3.662  58.674 1.0000000000
62717  -22.956  -4.292  59.024 1.0000000000
64663  -18.038  -2.991  59.558 1.0000000000
63686  -19.267  -3.777  58.585 1.0000000000
63689  -21.817  -4.028  58.119 1.0000000000
67765  -14.521  0.628  59.946 1.0000000000
66700  -15.870  -1.092  59.367 1.0000000000
65697  -16.966  -2.012  58.608 1.0000000000
65683  -16.831  -1.960  59.513 1.0000000000
64677  -18.072  -2.962  58.675 1.0000000000
131585  -19.472  -3.526  57.661 1.0000000000
63701  -20.429  -3.722  57.501 0.8750000000
67777  -14.565  0.679  59.065 1.0000000000
65716  -16.549  -1.470  58.121 1.0000000000
64692  -18.667  -2.966  57.311 1.0000000000
64691  -17.846  -2.502  57.408 1.0000000000
66727  -16.134  -0.848  57.687 1.0000000000
63515  -6.465  -3.456  78.572 0.6250000000
66527  -4.002  0.115  79.376 0.5000000000
64508  -5.311  -1.909  79.298 0.5000000000
62518  -7.246  -4.110  76.885 0.5000000000
63522  -7.754  -3.934  75.308 0.7500000000
62521  -7.746  -4.365  76.182 0.5000000000
119214  -1.720  1.835  76.553 0.5000000000
68654  -1.326  1.349  78.645 0.5000000000
68656  -3.268  1.541  78.463 0.6250000000
62526  -8.337  -4.203  74.613 0.6250000000
125396  -9.324  -1.847  72.550 0.8750000000
63524  -7.841  -3.386  74.636 0.7500000000
63525  -8.250  -3.429  73.891 0.7500000000
66559  -10.791  -0.795  72.402 0.8750000000
65558  -10.011  -1.447  72.297 0.8750000000
65562  -10.705  -1.231  71.647 0.8750000000
65556  -9.056  -2.346  72.429 0.8750000000
66565  -2.872  0.082  70.329 0.6250000000
67600  -13.476  1.180  73.209 0.8750000000
66560  -11.456  -0.556  72.075 0.8750000000
132517  -2.379  -1.010  69.693 0.6250000000
121889  -13.491  0.763  72.353 0.8750000000
65587  -2.540  -1.827  68.471 0.6250000000
62620  -28.469  -4.476  66.539 1.0000000000
64575  -2.501  -2.307  67.783 0.7500000000
138580  -17.523  3.486  72.635 1.0000000000
117463  -28.681  -2.172  65.373 1.0000000000
63611  -28.034  -3.869  65.084 1.0000000000
64625  -28.205  -1.880  63.795 1.0000000000
134567  -32.107  -1.086  69.715 0.7500000000
68759  -32.781  0.805  66.899 0.8750000000
68748  -32.431  1.277  68.166 1.0000000000
69797  -32.076  2.076  68.345 1.0000000000
69819  -32.687  2.437  66.014 0.7500000000
62630  -27.058  -4.878  65.197 1.0000000000
61656  -26.350  -5.213  64.777 1.0000000000
62650  -27.527  -4.106  64.494 1.0000000000
63626  -27.853  -3.433  64.254 1.0000000000
64624  -27.911  -2.684  63.655 1.0000000000
66656  -28.341  -0.959  63.864 1.0000000000
129067  -32.656  -1.043  67.723 0.8750000000
66596  -32.610  -0.512  68.593 0.8750000000
69840  -32.441  2.825  64.538 0.7500000000
62648  -26.100  -4.938  64.026 1.0000000000
139042  -26.664  -4.164  63.214 1.0000000000
65661  -27.437  -1.732  62.644 0.8750000000
64636  -26.962  -2.233  62.140 1.0000000000
73695  -17.971  6.544  68.239 1.0000000000
73707  -16.471  6.326  67.328 1.0000000000
62671  -26.422  -3.987  62.547 1.0000000000
65668  -26.564  -1.780  61.544 0.8750000000
72806  -16.016  5.633  66.746 1.0000000000
72805  -15.298  5.451  66.197 1.0000000000
64645  -25.963  -3.021  60.947 0.8750000000
64653  -25.634  -2.376  60.321 0.8750000000
64679  -24.245  -2.368  58.744 0.8750000000
68844  -13.760  1.907  59.840 0.8750000000
64694  -22.017  -3.042  56.960 0.8750000000
122983  -19.092  -2.690  56.473 0.8750000000
63715  -20.664  -3.299  56.821 0.8750000000
67792  -15.211  0.286  57.745 0.8750000000
65728  -18.050  -2.027  56.065 0.8750000000
64705  -18.707  -2.224  55.906 0.8750000000
68663  -3.318  2.290  77.370 0.6250000000
123047  -3.665  0.844  78.924 0.6250000000
66528  -4.554  0.465  78.624 0.6250000000
64514  -6.109  -1.942  77.776 0.6250000000
126039  -6.443  -2.887  77.638 0.7500000000
68689  -2.218  1.632  74.059 0.5000000000
64522  -7.241  -2.607  75.573 0.7500000000
65548  -8.526  -1.073  74.509 0.8750000000
65547  -7.914  -1.839  74.623 0.7500000000
65541  -7.453  -1.731  75.323 0.7500000000
66582  -3.643  -0.408  68.869 0.6250000000
66573  -3.379  -0.022  69.686 0.6250000000
67598  -11.614  0.497  73.479 0.8750000000
66574  -4.142  0.147  69.198 0.6250000000
67618  -5.677  0.603  69.958 0.7500000000
129971  -5.140  0.732  70.481 0.7500000000
64576  -3.167  -1.939  67.289 0.7500000000
63587  -2.034  -2.973  67.362 0.7500000000
62604  -0.751  -4.282  67.169 0.7500000000
65621  -28.836  -1.290  65.384 1.0000000000
67641  -31.159  0.110  69.794 1.0000000000
67654  -32.444  0.108  68.909 1.0000000000
127527  -31.355  0.625  69.548 1.0000000000
68737  -31.135  1.319  69.331 1.0000000000
73673  -19.278  6.149  71.893 1.0000000000
135285  -28.742  0.007  64.865 1.0000000000
71863  -32.386  4.512  65.411 0.8750000000
74580  -17.733  7.399  68.504 1.0000000000
73708  -17.159  6.860  67.882 1.0000000000
67748  -26.034  0.067  61.595 0.8750000000
67713  -27.090  0.948  63.177 0.8750000000
70894  -31.655  3.538  63.593 0.7500000000
72819  -32.139  5.278  65.108 0.8750000000
68834  -25.044  1.331  61.767 0.8750000000
70914  -13.439  3.402  61.670 1.0000000000
65718  -23.356  -1.498  57.611 0.8750000000
67780  -23.427  0.399  58.602 0.8750000000
138168  -23.594  -0.151  58.371 0.8750000000
68865  -14.247  1.315  58.699 0.8750000000
137869  -22.980  -2.028  57.251 0.8750000000
65729  -22.023  -1.683  56.278 0.8750000000
66728  -22.793  -0.393  57.052 0.8750000000
66745  -22.241  -0.663  56.278 0.8750000000
122183  -20.763  -1.589  55.301 0.8750000000
65745  -19.884  -1.819  55.167 0.8750000000
67812  -15.504  0.424  56.813 0.8750000000
67833  -16.272  0.190  55.436 0.8750000000
122745  -18.179  -0.871  54.520 0.8750000000
66536  -6.339  -0.054  76.944 0.7500000000
65537  -6.676  -0.882  76.536 0.7500000000
65538  -7.301  -0.653  75.825 0.7500000000
126627  -9.864  0.633  74.599 0.8750000000
68712  -4.868  1.273  72.001 0.6250000000
127879  -11.323  0.929  74.283 0.8750000000
127777  -5.338  0.320  68.608 0.7500000000
64587  -3.292  -2.183  66.534 0.8750000000
119367  -7.263  0.560  69.614 0.8750000000
68697  -13.576  1.682  74.186 1.0000000000
65612  -29.428  -1.532  66.989 1.0000000000
66607  -29.766  -0.510  68.152 1.0000000000
66616  -29.566  -0.490  67.186 1.0000000000
133272  -29.487  0.373  67.046 1.0000000000
67663  -29.703  0.396  68.137 1.0000000000
66594  -30.382  0.150  69.493 1.0000000000
67639  -30.263  1.019  69.300 1.0000000000
68746  -29.699  1.669  68.990 1.0000000000
69789  -30.550  1.884  69.155 1.0000000000
62628  -1.048  -4.304  65.389 0.8750000000
62627  -0.217  -4.889  65.806 0.8750000000
72763  -18.754  5.634  72.435 1.0000000000
67684  -28.911  0.393  65.551 1.0000000000
129448  -31.502  2.707  68.458 1.0000000000
70848  -30.926  3.327  68.548 1.0000000000
68805  -27.361  1.337  63.770 0.8750000000
72797  -31.396  5.229  67.167 1.0000000000
61645  1.164  -5.249  65.291 0.8750000000
137468  3.223  -5.236  65.878 0.8750000000
73681  -19.418  7.059  70.268 1.0000000000
73728  -32.027  5.896  65.504 1.0000000000
61643  4.231  -5.479  65.840 0.7500000000
62640  4.166  -4.624  65.861 0.8750000000
132499  -17.369  8.318  68.683 1.0000000000
120096  -31.767  6.019  64.900 0.7500000000
74602  -15.279  7.800  66.978 1.0000000000
132089  -25.242  1.684  62.305 0.8750000000
71899  -31.193  3.831  63.310 0.7500000000
73735  -14.402  7.068  65.772 1.0000000000
67828  -3.691  0.914  56.007 0.1250000000
72835  -13.311  5.497  63.876 1.0000000000
71908  -13.169  4.103  61.312 0.8750000000
138269  -13.541  2.588  59.590 0.7500000000
68856  -23.079  1.145  58.916 0.8750000000
68877  -22.411  1.165  57.630 0.8750000000
69935  -13.932  2.139  57.469 0.8750000000
66758  -21.039  -0.726  55.030 0.8750000000
140134  -22.430  0.083  56.683 0.8750000000
67849  -16.569  0.400  54.616 0.8750000000
66784  -18.044  -0.350  54.035 0.8750000000
69736  -4.052  2.225  75.167 0.6250000000
69729  -4.435  2.289  76.601 0.6250000000
68665  -5.018  1.923  76.890 0.6250000000
68679  -5.031  2.126  74.221 0.7500000000
67592  -11.714  1.509  74.696 0.8750000000
65600  -4.148  -0.899  67.187 0.8750000000
65609  -4.306  -1.157  66.394 0.8750000000
66599  -5.187  -0.071  67.387 0.7500000000
116736  -5.943  0.352  68.499 0.7500000000
68696  -12.837  1.691  74.550 0.8750000000
69748  -15.133  3.071  74.565 1.0000000000
118341  -10.548  10.345  68.785 1.0000000000
64593  -3.393  -2.453  64.963 0.8750000000
70817  -15.714  3.208  74.295 1.0000000000
77621  -13.966  11.213  69.573 1.0000000000
63622  -1.467  -3.710  64.315 0.8750000000
134887  -9.331  0.527  68.674 0.8750000000
67631  -10.062  0.731  68.968 1.0000000000
72758  -17.392  5.109  73.526 1.0000000000
77638  -16.030  10.337  69.254 1.0000000000
77623  -15.509  10.895  69.769 1.0000000000
76586  -17.644  9.825  70.709 1.0000000000
77636  -14.411  10.727  68.776 1.0000000000
78605  -15.073  11.385  70.410 1.0000000000
118926  -11.236  10.455  68.033 1.0000000000
62644  -0.403  -4.307  64.422 0.8750000000
73672  -18.527  6.401  72.360 1.0000000000
74552  -18.601  7.776  71.526 1.0000000000
75545  -18.732  8.191  70.774 1.0000000000
76587  -18.150  9.149  70.724 1.0000000000
76603  -15.605  9.963  68.580 1.0000000000
77652  -14.072  10.332  67.956 1.0000000000
77650  -12.829  10.524  67.695 1.0000000000
68769  -28.800  1.608  66.840 1.0000000000
69831  -28.332  2.163  66.374 1.0000000000
70847  -29.992  3.331  68.870 1.0000000000
138013  -19.100  7.603  70.504 1.0000000000
75557  -18.202  8.676  69.630 1.0000000000
75566  -17.421  9.144  69.208 1.0000000000
75565  -16.755  8.987  68.624 1.0000000000
76609  -14.410  9.841  67.512 1.0000000000
76610  -15.165  9.566  67.854 1.0000000000
62641  3.523  -4.496  65.609 0.8750000000
75574  -16.435  8.474  68.113 1.0000000000
140021  -13.176  9.793  65.949 1.0000000000
74617  -31.378  7.294  65.236 0.8750000000
122789  4.173  -4.334  65.158 0.8750000000
119107  4.205  -3.919  65.638 0.8750000000
75584  -14.247  8.871  66.275 1.0000000000
74627  -31.239  7.790  64.995 0.8750000000
61671  3.621  -5.241  62.722 0.8750000000
74625  -13.088  7.740  64.612 1.0000000000
61683  3.687  -5.307  61.478 0.8750000000
62676  3.724  -4.489  60.924 0.8750000000
73751  -12.948  6.398  63.894 1.0000000000
74637  -12.601  7.268  63.878 1.0000000000
129876  -25.315  2.529  63.206 0.8750000000
64672  0.252  -2.108  58.624 0.6250000000
64671  1.310  -2.102  58.382 0.7500000000
131187  1.625  -2.504  58.726 0.8750000000
65693  -0.944  -1.332  58.302 0.3750000000
66722  -1.574  -0.340  57.553 0.2500000000
67790  -2.926  -0.059  57.192 0.2500000000
139658  -12.536  5.794  62.048 0.8750000000
68816  -24.598  1.961  62.116 0.8750000000
73766  -29.492  6.910  63.000 0.6250000000
73765  -29.106  6.337  62.249 0.6250000000
72863  -12.667  5.405  61.637 0.8750000000
69883  -23.925  2.275  61.840 0.8750000000
68935  -3.692  1.993  55.132 0.2500000000
72872  -12.466  5.500  60.875 0.8750000000
69934  -13.584  2.819  57.045 0.7500000000
68866  -21.944  1.826  58.027 0.8750000000
68896  -21.665  1.561  56.525 0.7500000000
68920  -21.314  1.631  55.800 0.7500000000
67866  -19.964  0.280  53.839 0.7500000000
128699  -20.573  0.750  54.390 0.7500000000
67863  -16.931  0.668  53.812 0.8750000000
67865  -18.649  0.063  53.546 0.7500000000
69734  -6.258  2.108  75.607 0.7500000000
67585  -6.909  0.884  76.123 0.8750000000
68674  -8.191  1.856  75.484 0.8750000000
67588  -8.414  0.965  75.418 0.8750000000
68685  -12.252  2.021  75.012 0.8750000000
69746  -12.713  3.195  75.063 0.8750000000
66600  -5.974  0.067  66.922 1.0000000000
121494  -2.268  -2.951  63.701 0.8750000000
70812  -15.466  3.616  74.487 1.0000000000
78596  -14.679  11.556  71.099 1.0000000000
63621  -0.896  -3.856  64.001 0.8750000000
67660  -10.245  0.585  67.506 1.0000000000
134263  -9.571  0.391  67.068 1.0000000000
73671  -17.733  6.522  72.634 1.0000000000
126207  -28.704  2.631  68.087 1.0000000000
63633  -0.597  -3.353  63.454 0.8750000000
62658  -0.169  -3.980  63.848 0.8750000000
75533  -18.111  8.696  71.356 1.0000000000
77659  -9.217  10.334  66.866 0.8750000000
117976  1.347  -3.798  64.168 0.8750000000
62657  0.527  -4.094  63.965 0.8750000000
63619  3.726  -3.656  65.343 0.8750000000
76616  -12.221  10.173  66.081 1.0000000000
73713  -29.977  6.477  67.319 1.0000000000
74606  -29.525  8.056  66.536 1.0000000000
139319  4.103  -3.835  65.486 0.8750000000
76632  -12.623  9.866  65.680 1.0000000000
75595  -13.031  9.360  65.407 1.0000000000
74616  -31.030  7.921  65.522 0.8750000000
75590  -30.323  8.473  65.878 1.0000000000
75622  -30.725  9.106  64.077 0.8750000000
125713  -30.381  10.630  64.409 0.8750000000
63631  3.903  -2.862  64.520 0.8750000000
64615  3.793  -2.088  64.766 0.8750000000
64630  3.761  -2.289  63.589 0.8750000000
75606  -11.973  9.158  64.356 0.8750000000
118257  3.441  -2.378  62.179 0.8750000000
75619  -11.561  8.538  63.513 0.8750000000
69837  -25.734  3.281  64.142 0.8750000000
75621  -30.246  8.455  63.378 0.8750000000
120178  2.751  -2.640  59.016 0.8750000000
64670  2.224  -2.034  58.292 0.8750000000
64669  2.722  -1.781  58.256 0.8750000000
69849  -24.707  3.075  63.109 0.8750000000
75631  -29.927  8.611  62.548 0.7500000000
65691  1.849  -1.664  57.865 0.7500000000
73775  -11.542  6.800  60.469 0.8750000000
72885  -12.287  5.595  60.019 0.8750000000
70902  -24.147  3.362  62.555 0.8750000000
77731  -32.429  11.115  61.638 0.6250000000
72884  -12.039  5.671  59.165 0.7500000000
69881  -22.736  2.948  61.071 0.8750000000
69991  -3.244  2.591  54.712 0.2500000000
71947  -12.665  4.371  58.672 0.7500000000
69897  -22.471  2.667  60.386 0.8750000000
69910  -22.223  2.399  59.670 0.8750000000
69909  -21.659  2.818  59.284 0.8750000000
70930  -22.288  3.349  60.588 0.8750000000
69953  -13.715  2.943  56.186 0.7500000000
69922  -21.524  2.531  58.393 0.8750000000
70967  -21.041  2.993  57.895 0.7500000000
69976  -20.858  2.207  55.367 0.7500000000
130300  -20.632  3.418  57.504 0.7500000000
69936  -20.929  2.896  56.974 0.7500000000
68955  -16.600  1.402  53.473 0.7500000000
68958  -19.263  1.483  53.170 0.7500000000
69996  -20.194  2.039  54.022 0.7500000000
68959  -20.006  1.249  53.745 0.7500000000
71006  -20.157  3.321  54.452 0.7500000000
68682  -9.689  2.600  75.017 0.8750000000
69744  -11.459  3.074  74.770 0.8750000000
65616  -4.807  -1.235  65.019 0.8750000000
65629  -4.505  -1.503  64.151 0.8750000000
64605  -3.641  -2.153  63.967 0.8750000000
66612  -6.877  0.190  66.599 1.0000000000
68716  -9.435  1.732  71.479 0.8750000000
70809  -12.949  3.635  74.714 0.8750000000
70815  -12.610  3.838  74.162 0.8750000000
130079  -15.166  4.657  74.138 1.0000000000
78612  -6.564  11.771  67.912 0.8750000000
64620  -1.890  -2.613  63.021 0.8750000000
64619  -1.018  -2.663  62.944 0.8750000000
118829  -8.763  0.330  66.990 1.0000000000
71803  -13.905  4.473  73.551 1.0000000000
71799  -14.738  4.861  73.601 1.0000000000
64618  -0.152  -2.595  63.186 0.8750000000
63620  1.347  -3.079  63.947 0.8750000000
68727  -11.483  1.784  69.440 1.0000000000
68722  -11.194  1.842  70.172 1.0000000000
69781  -11.831  2.266  69.910 1.0000000000
132751  -9.446  10.319  66.160 0.8750000000
131136  3.536  -2.775  65.144 0.8750000000
65627  3.037  -1.280  65.192 0.8750000000
129306  -11.897  2.056  67.330 1.0000000000
69782  -12.459  2.655  69.497 1.0000000000
77674  -10.446  10.309  65.792 0.8750000000
73712  -28.990  6.352  67.838 1.0000000000
74594  -29.055  7.252  67.277 1.0000000000
76621  -28.748  9.282  66.006 1.0000000000
77686  -10.279  10.255  64.894 0.8750000000
77685  -9.355  10.225  64.776 0.8750000000
77679  -29.791  10.558  64.893 1.0000000000
76660  -10.509  9.584  63.666 0.8750000000
77698  -30.845  11.842  63.624 0.7500000000
78645  -30.335  11.952  63.860 0.8750000000
65681  3.110  -1.560  58.900 0.8750000000
65708  2.664  -1.056  57.737 0.7500000000
75628  -10.870  8.563  62.775 0.8750000000
76670  -10.247  9.155  62.802 0.8750000000
72850  -25.195  5.276  62.484 0.8750000000
72849  -24.655  4.748  62.050 0.8750000000
75698  -27.279  8.993  57.075 0.8750000000
77719  -32.897  11.974  61.719 0.5000000000
117702  -11.235  7.294  61.032 0.8750000000
133463  -10.927  7.727  61.456 0.8750000000
75637  -10.883  8.073  62.074 0.8750000000
72877  -25.096  5.746  60.786 0.8750000000
79686  -32.934  12.921  61.214 0.8750000000
79687  -33.412  12.516  61.097 0.7500000000
69971  -1.923  2.135  55.360 0.2500000000
74662  -11.053  7.322  60.274 0.8750000000
74787  -26.061  7.688  52.984 0.8750000000
77733  -33.961  10.999  60.755 0.6250000000
73782  -11.559  6.363  59.007 0.7500000000
139959  -22.761  4.220  60.735 0.8750000000
132408  -23.553  7.286  54.995 0.8750000000
76698  -34.429  10.244  60.193 0.5000000000
71959  -12.518  4.575  57.864 0.7500000000
71923  -22.263  4.084  60.560 0.8750000000
71969  -12.373  4.802  57.236 0.7500000000
70989  -12.806  4.090  56.128 0.7500000000
70940  -20.797  4.022  59.268 0.7500000000
69993  -14.786  2.693  53.998 0.8750000000
70966  -20.625  3.664  58.322 0.7500000000
70006  -15.509  2.399  53.581 0.7500000000
70981  -20.472  3.507  56.789 0.7500000000
68971  -17.886  1.777  52.601 0.7500000000
68973  -19.265  2.149  52.960 0.7500000000
71971  -20.049  4.144  56.632 0.7500000000
71981  -20.015  4.184  55.819 0.7500000000
116507  -5.998  -0.601  64.093 0.8750000000
69762  -11.166  3.193  73.407 0.8750000000
70814  -11.874  3.511  73.824 0.8750000000
66649  -4.550  -0.980  62.646 0.8750000000
65656  -2.877  -1.372  62.217 0.8750000000
67679  -8.868  0.302  65.545 1.0000000000
66668  -3.325  -0.698  61.837 0.8750000000
65655  -2.007  -1.289  62.258 0.8750000000
64632  -1.472  -1.951  62.603 0.8750000000
67680  -9.843  0.510  65.783 1.0000000000
137434  -10.666  0.832  67.050 1.0000000000
79630  -6.269  12.626  67.440 0.7500000000
65641  0.176  -1.852  63.196 0.8750000000
68763  -11.024  1.228  66.644 1.0000000000
75577  -27.783  8.165  66.891 1.0000000000
65628  2.175  -1.574  64.703 0.8750000000
69801  -12.387  2.695  67.685 1.0000000000
78635  -7.323  11.331  65.919 0.8750000000
138349  -27.512  9.626  66.112 1.0000000000
65614  3.059  -0.787  65.197 0.8750000000
65626  3.356  -1.297  64.948 0.8750000000
78644  -29.643  11.917  64.210 1.0000000000
66644  3.278  -0.727  64.609 0.8750000000
135503  -8.719  9.965  63.405 0.8750000000
77695  -9.043  10.043  64.036 0.8750000000
79671  -30.319  12.876  62.429 1.0000000000
76658  -8.681  9.750  62.727 0.8750000000
120217  -25.758  6.023  63.998 0.8750000000
76679  -9.868  9.009  62.005 0.8750000000
73764  -25.699  5.977  62.902 0.8750000000
76735  -28.412  9.622  57.608 1.0000000000
75636  -10.484  8.157  61.398 0.8750000000
74671  -10.535  7.783  60.042 0.8750000000
75646  -10.200  8.194  60.631 0.8750000000
136668  -25.449  6.076  61.190 0.8750000000
74708  -24.447  7.614  57.868 0.8750000000
75742  -27.803  8.544  53.953 0.8750000000
116416  -28.553  8.816  53.815 1.0000000000
76765  -29.653  9.490  55.640 1.0000000000
67827  1.356  0.803  55.766 0.5000000000
68912  0.288  1.184  55.757 0.3750000000
68913  -0.557  1.530  55.667 0.2500000000
131063  -10.859  7.374  59.601 0.8750000000
72875  -23.792  5.056  60.244 0.8750000000
72891  -24.264  5.775  59.718 0.8750000000
73788  -24.718  6.612  59.287 0.8750000000
74725  -24.166  7.427  56.243 0.8750000000
129856  -27.565  8.277  52.418 0.8750000000
78711  -34.895  11.249  59.409 0.8750000000
123360  -34.577  11.570  58.904 0.8750000000
73806  -11.165  6.546  57.474 0.7500000000
72889  -22.577  5.168  59.814 0.8750000000
74799  -25.329  7.520  51.343 0.8750000000
75768  -29.260  8.832  51.493 1.0000000000
72926  -12.098  5.299  56.989 0.7500000000
72902  -22.110  5.560  59.496 0.8750000000
74739  -22.807  7.118  55.041 0.8750000000
74769  -22.715  7.449  53.452 0.7500000000
116952  -28.203  8.364  49.752 1.0000000000
75782  -28.713  8.516  50.614 1.0000000000
117329  -12.389  4.817  56.496 0.7500000000
72873  -22.041  4.667  60.201 0.8750000000
71921  -21.254  5.043  60.176 0.7500000000
74797  -22.788  7.959  51.796 0.7500000000
74812  -25.067  7.626  50.378 0.8750000000
74819  -25.627  7.872  49.690 0.7500000000
117001  -27.840  8.328  48.981 1.0000000000
75798  -29.629  8.482  49.017 1.0000000000
71979  -12.938  4.090  55.175 0.8750000000
71978  -12.499  4.702  55.549 0.7500000000
71990  -13.116  4.245  54.208 0.6250000000
71023  -13.763  3.703  53.926 0.7500000000
127834  -20.745  5.094  60.136 0.7500000000
139800  -22.009  8.669  52.363 0.7500000000
75793  -23.737  8.459  49.804 0.7500000000
75812  -25.145  8.662  48.391 0.7500000000
120646  -26.600  8.637  47.635 0.7500000000
75815  -28.046  8.415  48.262 0.7500000000
75830  -28.387  8.636  47.518 0.7500000000
71949  -20.514  4.713  59.654 0.7500000000
76817  -21.867  9.401  52.450 0.6250000000
76894  -24.533  9.354  48.344 0.7500000000
133605  -25.654  9.482  47.384 0.7500000000
71025  -15.118  3.026  53.233 0.7500000000
71038  -15.474  3.380  52.507 0.7500000000
71039  -16.280  3.184  52.161 0.7500000000
72915  -19.448  5.478  57.886 0.7500000000
72900  -19.721  5.500  59.270 0.7500000000
77865  -23.281  10.531  50.709 0.6250000000
119472  -23.497  10.343  50.072 0.7500000000
71040  -17.254  3.091  51.898 0.6250000000
70019  -18.166  2.676  52.238 0.7500000000
70020  -18.964  2.709  52.665 0.7500000000
72011  -19.450  4.162  53.281 0.7500000000
71991  -19.792  4.226  54.267 0.7500000000
77896  -25.119  10.694  47.805 0.6250000000
77924  -27.385  10.859  45.782 0.7500000000
72030  -19.068  4.044  52.627 0.7500000000
72940  -18.998  5.903  55.146 0.6250000000
72952  -18.949  5.695  54.114 0.6250000000
67709  -6.462  -0.347  63.475 1.0000000000
119007  -5.192  -0.584  62.540 0.8750000000
66679  -3.905  -0.023  61.511 0.8750000000
66680  -4.635  -0.396  61.919 0.8750000000
67694  -9.409  0.700  64.118 1.0000000000
66666  -1.753  -0.421  62.165 0.8750000000
68787  -10.009  1.338  63.868 1.0000000000
66647  0.655  -0.507  63.927 0.8750000000
122065  -11.427  3.147  65.526 1.0000000000
70831  -13.483  3.679  70.480 1.0000000000
79643  -6.580  12.529  65.629 0.7500000000
71812  -14.035  4.223  70.904 1.0000000000
71809  -14.577  4.790  71.340 1.0000000000
66619  2.585  -0.040  65.557 0.8750000000
67687  3.043  -0.266  65.177 0.8750000000
74648  -26.210  7.663  62.629 0.8750000000
128209  -25.676  7.867  61.083 0.8750000000
77739  -27.563  10.350  60.021 0.8750000000
127019  -8.037  10.201  63.037 0.7500000000
67763  2.450  -0.285  59.383 1.0000000000
76668  -8.569  9.616  61.881 0.8750000000
124201  -25.932  6.792  62.302 0.8750000000
124088  -25.521  7.303  60.579 0.8750000000
73772  -25.699  6.861  61.330 0.8750000000
73789  -25.329  7.107  59.808 0.8750000000
67764  2.039  0.366  59.071 1.0000000000
67805  2.292  0.408  56.318 0.7500000000
76689  -9.160  9.088  60.653 0.8750000000
75645  -9.679  8.609  60.409 0.8750000000
76678  -9.247  9.219  61.512 0.8750000000
75656  -9.947  8.290  59.791 0.8750000000
121721  -9.593  8.428  58.840 0.8750000000
73801  -24.334  7.004  58.475 0.8750000000
76801  -30.442  9.605  53.636 1.0000000000
76786  -32.254  10.139  54.156 1.0000000000
77807  -32.044  10.383  54.835 1.0000000000
69989  -1.427  2.662  54.797 0.2500000000
139818  -9.193  8.712  58.357 0.8750000000
73800  -23.576  6.485  58.336 0.8750000000
74707  -23.736  7.208  56.898 0.8750000000
77743  -35.741  9.978  59.547 0.8750000000
73819  -11.249  6.390  56.683 0.7500000000
73799  -22.566  6.129  58.425 0.8750000000
73811  -22.390  6.571  57.365 0.8750000000
74724  -22.487  6.911  55.884 0.8750000000
73823  -22.215  6.737  56.572 0.8750000000
75784  -30.481  8.792  50.570 1.0000000000
75770  -31.009  9.095  51.109 1.0000000000
76715  -36.352  9.294  59.287 0.7500000000
72938  -11.476  5.981  55.884 0.7500000000
73798  -21.544  6.058  59.367 0.8750000000
73822  -21.691  6.741  57.004 0.8750000000
74706  -21.187  6.798  57.562 0.7500000000
119931  -21.110  7.592  54.940 0.7500000000
74738  -21.806  7.182  55.140 0.8750000000
74723  -21.083  7.076  56.677 0.7500000000
74737  -21.067  7.325  55.704 0.6250000000
117637  -21.489  7.655  54.300 0.7500000000
74767  -21.815  8.136  52.961 0.7500000000
75684  -37.140  9.036  58.943 0.8750000000
72951  -12.157  5.217  54.850 0.7500000000
123727  -12.102  5.442  54.048 0.6250000000
72887  -20.632  5.744  60.256 0.7500000000
129797  -21.510  8.609  53.125 0.7500000000
75740  -21.286  8.230  53.705 0.7500000000
76763  -20.106  9.206  55.273 0.7500000000
76781  -20.897  9.674  54.033 0.7500000000
77831  -21.663  9.872  52.988 0.6250000000
75832  -30.059  8.834  47.773 0.8750000000
76879  -31.810  8.967  48.978 1.0000000000
72008  -13.537  4.225  53.516 0.6250000000
73777  -20.033  7.411  61.510 0.6250000000
72886  -20.071  6.004  60.342 0.7500000000
73796  -19.490  6.352  59.803 0.7500000000
78781  -22.658  11.053  52.606 0.5000000000
77832  -22.138  10.148  52.415 0.6250000000
76908  -29.665  9.170  47.094 0.7500000000
76897  -31.579  9.221  48.237 1.0000000000
78771  -22.827  11.571  53.419 0.5000000000
78782  -23.300  11.758  52.824 0.5000000000
78808  -23.730  11.107  50.415 0.6250000000
77914  -28.701  10.223  46.021 0.7500000000
77917  -31.037  10.659  46.681 0.7500000000
78895  -29.943  11.023  45.957 0.7500000000
71056  -15.872  3.793  51.846 0.6250000000
71058  -17.385  3.885  51.608 0.6250000000
130442  -18.012  3.618  51.838 0.7500000000
73821  -19.012  6.142  57.276 0.7500000000
78797  -24.076  11.915  51.010 0.5000000000
78828  -25.077  11.872  48.947 0.6250000000
78851  -25.370  11.587  48.257 0.6250000000
72010  -19.006  4.711  52.816 0.6250000000
72968  -18.815  5.474  53.146 0.6250000000
73834  -18.574  6.619  55.592 0.7500000000
79850  -26.061  12.887  48.792 0.3750000000
131846  -6.864  0.168  62.514 1.0000000000
67743  -7.486  1.165  61.460 1.0000000000
67729  -8.402  0.906  62.564 1.0000000000
67740  -4.295  0.796  61.206 1.0000000000
118684  -5.123  0.877  61.031 1.0000000000
67741  -5.492  0.419  61.413 1.0000000000
67738  -2.729  0.670  61.675 1.0000000000
67739  -3.489  0.707  61.404 1.0000000000
69860  -9.874  2.437  63.348 1.0000000000
67726  -1.987  0.572  62.073 0.8750000000
69824  -11.097  2.335  65.152 1.0000000000
67707  -0.317  0.558  63.691 1.0000000000
67691  0.125  0.912  64.523 0.8750000000
136555  -11.213  3.791  65.372 1.0000000000
67689  1.937  -0.017  65.668 0.8750000000
70854  -12.652  3.597  67.270 1.0000000000
78640  -7.112  11.655  64.573 0.7500000000
71824  -14.228  5.157  69.132 1.0000000000
78649  -7.168  11.604  63.688 0.7500000000
76663  -26.468  10.080  63.990 1.0000000000
78651  -27.523  11.707  63.940 1.0000000000
78669  -28.823  11.784  62.051 1.0000000000
67688  2.879  0.225  65.148 0.8750000000
67705  2.255  0.733  63.387 0.8750000000
77729  -27.375  10.506  60.937 0.8750000000
78692  -28.983  11.216  60.218 1.0000000000
78682  -29.718  11.907  60.883 1.0000000000
77712  -7.854  10.064  61.431 0.7500000000
136919  -7.547  10.645  61.834 0.7500000000
77763  -29.699  10.220  57.813 1.0000000000
78708  -31.903  11.736  58.768 1.0000000000
68863  2.142  0.935  57.675 1.0000000000
68873  2.500  0.483  56.863 1.0000000000
76702  -8.352  9.562  59.222 0.8750000000
78721  -33.043  11.429  57.796 1.0000000000
68910  2.400  1.041  55.854 0.5000000000
77781  -32.460  10.689  56.266 1.0000000000
77783  -34.402  10.750  56.914 1.0000000000
77769  -35.889  10.398  58.637 0.8750000000
76737  -36.971  9.659  58.586 0.8750000000
76753  -35.972  9.991  56.368 1.0000000000
139306  -37.904  9.452  58.197 1.0000000000
75705  -9.671  8.201  56.764 0.7500000000
74720  -10.207  7.614  56.803 0.7500000000
76804  -33.279  9.749  53.448 1.0000000000
76838  -33.506  9.320  51.659 1.0000000000
132023  -37.944  9.662  57.266 1.0000000000
75686  -38.959  8.875  58.332 0.8750000000
76755  -38.900  9.231  58.197 0.8750000000
73833  -11.092  6.556  55.905 0.7500000000
74719  -9.859  8.007  56.070 0.7500000000
75718  -20.129  8.374  55.685 0.6250000000
77790  -20.288  10.088  55.597 0.7500000000
76747  -19.701  9.536  56.737 0.6250000000
77777  -20.044  10.300  56.521 0.7500000000
75707  -19.776  8.964  56.147 0.7500000000
76860  -32.776  9.081  50.351 1.0000000000
74717  -38.438  8.567  57.971 0.7500000000
72950  -11.618  5.798  54.460 0.7500000000
74752  -20.886  8.030  54.487 0.7500000000
78755  -21.696  11.130  54.749 0.5000000000
76898  -32.347  9.475  48.440 1.0000000000
137522  -34.081  9.478  50.216 1.0000000000
77882  -34.019  9.994  49.068 1.0000000000
74729  -37.786  7.898  57.038 0.6250000000
117715  -38.318  7.811  56.509 0.6250000000
74758  -38.635  7.660  55.129 0.8750000000
74759  -39.381  8.033  55.203 0.8750000000
72967  -12.392  5.405  53.263 0.6250000000
75660  -20.169  7.968  61.758 0.6250000000
78770  -22.272  11.337  54.021 0.5000000000
77898  -33.515  10.498  48.454 0.8750000000
124551  -38.205  7.494  53.985 0.8750000000
72982  -13.098  5.204  52.433 0.5000000000
72043  -14.732  4.589  51.781 0.5000000000
74663  -19.976  7.805  61.871 0.6250000000
74673  -19.379  7.749  61.289 0.6250000000
73784  -19.234  7.125  60.371 0.7500000000
79796  -24.158  12.243  51.986 0.5000000000
77905  -32.297  10.687  47.412 0.7500000000
132696  -18.751  7.741  60.246 0.6250000000
73807  -18.616  6.870  57.795 0.7500000000
79813  -25.476  12.985  50.980 0.3750000000
78896  -30.520  11.809  45.909 0.7500000000
79882  -31.408  12.381  46.209 0.7500000000
79883  -32.190  12.175  46.731 0.7500000000
74789  -38.598  7.830  52.340 0.8750000000
137378  -38.041  7.398  52.275 0.8750000000
119825  -16.153  4.943  51.217 0.5000000000
73820  -18.585  6.748  56.616 0.7500000000
80739  -26.584  13.445  48.427 0.3750000000
80783  -28.102  13.812  45.608 0.6250000000
80784  -29.372  13.131  45.446 0.7500000000
75787  -38.730  7.887  51.381 0.6250000000
82421  -27.602  15.302  46.347 0.5000000000
81594  -27.730  14.540  45.919 0.6250000000
139466  -28.427  15.393  45.592 0.6250000000
127284  -29.908  15.051  45.374 0.6250000000
82424  -30.880  15.086  45.587 0.7500000000
76864  -40.707  9.413  50.892 1.0000000000
76883  -40.874  9.357  50.130 1.0000000000
75804  -41.185  9.047  49.298 0.8750000000
75820  -40.586  8.510  48.761 0.6250000000
75805  -42.182  9.002  49.143 0.8750000000
74826  -39.872  7.973  48.355 0.5000000000
74829  -43.009  7.694  47.791 0.7500000000
74837  -42.524  7.121  47.214 0.6250000000
74830  -43.913  7.671  47.613 0.6250000000
74838  -43.552  7.119  46.868 0.6250000000
74841  -44.324  7.733  46.780 0.5000000000
75838  -44.939  8.272  47.044 0.6250000000
76579  -7.763  10.094  73.654 1.0000000000
68843  -7.036  1.970  60.649 1.0000000000
68842  -6.358  1.763  60.664 1.0000000000
68814  -8.879  1.784  62.178 1.0000000000
70898  -8.925  3.813  62.537 1.0000000000
70924  -4.607  3.077  61.058 1.0000000000
128314  -4.666  1.566  60.982 1.0000000000
69875  -3.529  2.337  61.590 1.0000000000
68826  -3.123  1.514  61.623 1.0000000000
76569  -13.061  10.576  72.491 1.0000000000
68811  -1.609  1.401  62.766 1.0000000000
69856  -1.565  2.306  63.426 1.0000000000
119012  -2.118  2.326  62.695 1.0000000000
67708  -0.961  0.942  63.258 1.0000000000
70881  -10.336  3.351  64.232 1.0000000000
69844  -1.536  2.970  64.041 1.0000000000
71858  -10.737  4.283  65.147 1.0000000000
81405  -6.563  14.242  64.317 0.7500000000
138548  0.325  1.664  65.707 1.0000000000
131830  -12.208  5.337  66.687 1.0000000000
72790  -12.833  5.311  67.198 1.0000000000
78639  -6.782  12.353  64.002 0.7500000000
77704  -26.724  10.594  63.520 1.0000000000
67665  2.463  0.840  66.621 1.0000000000
72779  -13.809  5.287  68.419 1.0000000000
73686  -14.739  6.558  69.512 1.0000000000
79659  -6.745  13.004  62.661 0.7500000000
78668  -27.995  11.427  62.456 1.0000000000
68794  2.508  0.813  64.278 0.8750000000
77716  -28.056  11.113  61.478 1.0000000000
69832  2.469  1.394  65.503 1.0000000000
133635  2.018  1.240  63.659 0.8750000000
78706  -30.056  11.110  59.175 1.0000000000
78694  -30.744  11.879  59.802 0.8750000000
69842  1.450  2.365  63.940 1.0000000000
123529  1.728  1.222  63.064 0.8750000000
68810  1.258  1.547  62.493 0.8750000000
68824  1.047  1.002  60.669 0.8750000000
77753  -31.228  10.964  58.158 1.0000000000
69855  0.882  2.334  62.532 0.8750000000
68854  1.140  1.658  59.175 1.0000000000
71887  0.788  4.067  62.239 1.0000000000
71886  1.320  4.672  62.722 1.0000000000
70896  0.666  3.212  62.440 1.0000000000
69873  0.464  2.671  61.665 1.0000000000
68825  0.620  1.786  61.144 1.0000000000
69890  0.413  2.554  60.600 1.0000000000
69906  0.582  2.444  59.620 1.0000000000
69933  0.974  2.870  57.622 1.0000000000
69918  1.578  1.926  57.576 1.0000000000
68888  2.391  1.672  56.064 0.7500000000
67825  2.438  0.669  56.221 0.7500000000
69986  2.036  2.432  54.651 0.3750000000
77782  -33.212  10.709  56.238 1.0000000000
77796  -34.314  10.396  55.956 1.0000000000
70938  0.424  3.320  60.018 1.0000000000
71916  0.872  4.320  60.351 1.0000000000
70949  0.688  3.426  58.501 1.0000000000
69932  1.855  2.362  56.665 1.0000000000
69951  2.301  2.235  55.387 0.5000000000
76788  -34.991  9.718  54.522 1.0000000000
116951  -33.927  9.829  54.074 1.0000000000
116963  -34.786  9.557  53.577 1.0000000000
71915  1.421  4.955  60.994 0.8750000000
70963  1.314  3.350  57.097 0.8750000000
70978  1.780  3.383  56.344 0.8750000000
70997  2.486  3.119  54.768 0.3750000000
132764  -9.190  9.103  55.523 0.7500000000
116723  -34.884  9.402  52.613 1.0000000000
131118  -35.913  9.558  54.209 1.0000000000
76806  -35.690  9.458  53.217 1.0000000000
116724  -36.997  9.600  54.900 1.0000000000
74733  -10.181  7.675  55.144 0.7500000000
76721  -19.524  9.436  59.203 0.6250000000
77760  -19.579  10.170  58.155 0.6250000000
77761  -19.969  10.628  57.443 0.5000000000
78729  -20.577  11.045  56.900 0.5000000000
116586  -34.557  9.505  50.644 1.0000000000
76862  -35.353  9.649  50.876 1.0000000000
133243  -35.668  9.582  51.484 1.0000000000
76825  -36.509  9.586  52.558 1.0000000000
76807  -36.662  9.566  53.612 1.0000000000
129617  -39.966  9.404  57.693 1.0000000000
73856  -11.181  6.475  53.994 0.6250000000
78717  -19.856  10.866  58.486 0.5000000000
78703  -19.761  11.072  59.766 0.6250000000
76705  -19.727  9.269  61.316 0.6250000000
78704  -20.500  11.570  58.947 0.3750000000
78705  -21.048  11.806  58.135 0.3750000000
78718  -20.498  11.263  57.803 0.5000000000
78744  -22.177  11.680  55.403 0.5000000000
121267  -19.782  8.736  61.992 0.6250000000
75647  -19.625  8.450  61.895 0.6250000000
76692  -19.308  9.646  61.894 0.6250000000
76680  -19.074  10.396  62.062 0.6250000000
77727  -19.207  10.680  62.071 0.6250000000
78731  -22.100  11.862  56.113 0.5000000000
79724  -21.903  12.035  56.971 0.3750000000
79753  -23.137  12.270  54.933 0.3750000000
79740  -24.103  12.953  54.866 0.3750000000
79769  -23.610  12.231  53.640 0.5000000000
79770  -24.344  12.670  53.392 0.3750000000
77899  -34.216  10.949  48.836 0.8750000000
78852  -33.678  11.536  48.338 0.8750000000
75732  -40.189  8.491  55.733 1.0000000000
72981  -12.342  5.841  52.374 0.5000000000
76704  -18.547  9.177  61.254 0.6250000000
76690  -18.204  10.077  61.297 0.6250000000
124128  -18.683  10.338  61.964 0.6250000000
79798  -25.291  12.984  51.857 0.3750000000
79771  -24.842  12.985  53.122 0.3750000000
79866  -32.866  12.518  47.279 0.7500000000
80741  -33.912  13.417  48.363 0.7500000000
72996  -13.641  5.511  51.579 0.5000000000
74704  -18.266  7.738  58.023 0.6250000000
75674  -17.585  9.064  58.771 0.6250000000
76703  -17.588  9.915  60.180 0.6250000000
80713  -26.515  13.567  50.251 0.3750000000
80767  -31.772  13.680  46.117 0.7500000000
80768  -32.509  13.704  46.644 0.7500000000
76827  -40.949  9.342  54.036 1.0000000000
74734  -17.642  7.886  55.434 0.6250000000
74722  -18.256  7.480  56.944 0.7500000000
80726  -27.005  14.081  48.784 0.3750000000
81598  -31.357  14.321  45.804 0.7500000000
76842  -40.816  9.425  52.676 1.0000000000
76843  -41.934  10.094  52.421 1.0000000000
82408  -27.415  15.694  46.923 0.3750000000
83302  -28.432  16.621  45.775 0.5000000000
83304  -30.180  16.795  45.055 0.6250000000
83305  -31.278  16.464  45.262 0.6250000000
85208  -29.223  18.146  45.645 0.3750000000
76925  -44.594  9.411  45.697 0.7500000000
76563  -8.400  9.942  74.230 1.0000000000
75519  -6.391  9.071  74.155 1.0000000000
76564  -9.218  10.076  74.079 1.0000000000
75522  -9.377  9.846  74.027 1.0000000000
75527  -8.852  9.042  73.365 1.0000000000
70912  -7.763  3.804  61.216 1.0000000000
76567  -11.422  10.316  73.231 1.0000000000
70910  -4.346  3.800  61.312 1.0000000000
71890  -7.813  5.037  62.355 1.0000000000
72845  -6.728  6.025  62.201 1.0000000000
70909  -3.631  3.850  61.803 1.0000000000
69858  -3.212  3.140  62.025 1.0000000000
132809  -8.050  5.448  63.194 1.0000000000
70889  -2.238  3.768  63.187 1.0000000000
69874  -2.807  2.351  62.102 1.0000000000
70880  -9.849  4.050  63.959 1.0000000000
71878  -9.273  4.662  63.774 1.0000000000
70888  -1.774  3.663  63.892 1.0000000000
69834  -1.197  2.979  64.748 1.0000000000
135319  -0.743  2.483  64.990 1.0000000000
71867  -9.620  4.785  64.438 1.0000000000
72815  -9.827  5.546  65.543 1.0000000000
127874  -11.101  5.439  66.119 1.0000000000
73705  -12.524  6.158  67.358 1.0000000000
138163  -15.172  6.770  69.995 1.0000000000
70851  2.002  2.746  68.402 1.0000000000
69822  0.586  1.922  66.396 1.0000000000
70862  0.589  3.023  67.386 1.0000000000
70852  1.194  3.255  68.159 1.0000000000
69809  1.985  1.617  67.727 1.0000000000
118195  -6.962  12.909  61.856 0.7500000000
71832  2.455  3.571  68.868 1.0000000000
69808  2.230  1.724  67.586 1.0000000000
68750  2.193  1.490  67.538 1.0000000000
70861  2.303  2.560  67.367 1.0000000000
70868  2.071  3.144  66.262 1.0000000000
134424  2.277  3.401  66.833 1.0000000000
68760  2.478  1.198  67.067 1.0000000000
139056  2.617  0.946  66.652 1.0000000000
79701  -7.655  12.018  58.742 0.7500000000
122577  -8.913  9.479  56.025 0.7500000000
71968  2.005  4.194  56.234 0.8750000000
81457  -25.247  14.151  57.231 0.3750000000
126095  -25.156  13.688  55.318 0.3750000000
80635  -26.358  14.216  55.027 0.3750000000
121888  -25.957  14.513  57.031 0.3750000000
81464  -26.599  14.626  56.055 0.3750000000
77868  -36.109  10.519  50.809 1.0000000000
76840  -36.322  9.694  51.736 1.0000000000
77848  -36.612  10.403  51.313 1.0000000000
76790  -39.129  10.049  55.513 1.0000000000
76809  -38.547  10.104  54.362 1.0000000000
74780  -11.149  7.036  52.498 0.5000000000
78680  -20.126  11.898  61.976 0.3750000000
78690  -19.727  11.216  61.256 0.6250000000
79705  -20.906  12.082  59.939 0.3750000000
79706  -21.445  12.287  59.105 0.3750000000
79726  -23.347  12.811  56.298 0.3750000000
79714  -21.706  12.196  57.898 0.3750000000
79707  -22.313  12.740  58.711 0.3750000000
80633  -24.438  13.403  55.578 0.3750000000
80615  -23.818  13.522  57.994 0.3750000000
80632  -23.912  13.242  56.124 0.3750000000
131207  -25.691  13.555  53.770 0.3750000000
80644  -24.716  13.305  54.711 0.3750000000
80646  -26.296  13.901  54.115 0.3750000000
78829  -34.835  11.562  49.383 1.0000000000
78853  -34.246  12.008  48.794 1.0000000000
78810  -35.868  11.192  50.372 1.0000000000
79799  -36.672  12.405  51.324 1.0000000000
77810  -39.372  10.471  54.873 1.0000000000
78679  -19.424  11.533  62.321 0.6250000000
77725  -18.040  10.844  61.548 0.6250000000
80661  -25.408  13.314  53.147 0.3750000000
79835  -34.654  12.635  49.301 1.0000000000
80728  -35.077  13.346  49.829 1.0000000000
76792  -41.524  9.318  56.398 1.0000000000
73875  -12.818  6.580  51.043 0.5000000000
79692  -17.379  11.987  60.305 0.6250000000
80699  -26.597  13.733  51.609 0.3750000000
80682  -26.443  13.706  52.297 0.3750000000
81517  -27.835  14.462  51.570 0.3750000000
80754  -33.463  13.760  47.656 0.8750000000
80727  -34.493  13.530  49.099 0.8750000000
76731  -17.145  9.599  58.048 0.6250000000
74703  -17.860  8.098  57.151 0.6250000000
77759  -16.728  10.423  58.269 0.6250000000
136015  -27.332  14.439  49.461 0.3750000000
81584  -32.857  14.570  46.671 0.7500000000
82410  -32.428  15.333  46.167 0.7500000000
81585  -33.504  14.629  47.319 0.7500000000
82400  -33.840  15.506  47.273 0.7500000000
74795  -16.299  7.348  51.395 0.5000000000
75717  -17.222  8.628  55.822 0.6250000000
83264  -27.825  16.154  48.350 0.3750000000
83278  -27.614  16.280  47.320 0.3750000000
83291  -32.946  15.979  46.279 0.7500000000
82411  -33.235  15.366  46.709 0.7500000000
83292  -33.617  16.208  46.686 0.8750000000
84260  -33.751  17.046  46.300 0.7500000000
76829  -42.380  10.214  53.235 1.0000000000
74782  -17.375  7.298  52.554 0.6250000000
85207  -28.767  17.911  46.041 0.3750000000
84291  -31.164  17.895  44.726 0.6250000000
84277  -32.560  17.151  45.443 0.8750000000
85210  -33.285  18.147  45.211 0.7500000000
85224  -30.608  18.715  44.803 0.3750000000
140411  -30.027  19.081  45.225 0.3750000000
85226  -32.482  18.550  44.668 0.6250000000
86135  -31.156  19.475  44.667 0.6250000000
77920  -47.460  10.967  47.022 0.6250000000
77929  -47.182  11.203  46.201 0.6250000000
75516  -6.115  9.563  74.568 0.8750000000
75537  -7.096  8.374  71.891 1.0000000000
79605  -4.912  12.751  74.214 0.6250000000
137690  -9.189  8.769  72.660 1.0000000000
82182  -6.989  15.488  71.845 0.6250000000
72860  -5.317  5.408  61.227 1.0000000000
132214  -9.089  8.305  70.608 1.0000000000
75539  -9.609  8.631  72.024 1.0000000000
83090  -8.730  16.736  65.598 0.6250000000
83091  -10.093  17.148  65.179 0.6250000000
71902  -3.419  4.589  61.978 1.0000000000
73770  -5.968  6.374  61.854 1.0000000000
73761  -7.111  6.283  62.940 1.0000000000
73750  -7.589  6.047  63.519 1.0000000000
75542  -12.197  9.108  71.135 1.0000000000
75543  -13.336  9.162  71.014 1.0000000000
139793  -10.299  16.756  63.927 0.6250000000
83099  -9.792  16.872  64.397 0.6250000000
139700  -9.708  16.266  62.274 0.6250000000
71889  -2.886  4.664  62.464 1.0000000000
71888  -2.434  4.432  63.017 1.0000000000
75555  -13.704  8.592  70.340 1.0000000000
124120  -8.327  16.483  64.834 0.6250000000
82225  -8.055  15.955  63.044 0.6250000000
83119  -10.145  16.017  61.649 0.6250000000
132481  -1.368  5.201  64.707 1.0000000000
71866  -1.563  4.214  64.515 1.0000000000
122319  -9.315  5.418  64.969 1.0000000000
121779  -14.247  7.388  69.395 1.0000000000
82224  -7.301  15.365  63.462 0.6250000000
82229  -8.289  15.758  62.222 0.6250000000
71856  -1.120  4.380  65.375 1.0000000000
71855  -0.593  4.427  66.163 1.0000000000
70870  -0.747  3.702  65.900 1.0000000000
70863  -0.148  3.756  66.720 1.0000000000
72803  -10.368  5.740  66.071 1.0000000000
73722  -11.927  6.063  66.838 1.0000000000
74589  -12.093  6.840  67.662 1.0000000000
82231  -7.706  15.090  61.834 0.6250000000
82240  -10.293  15.313  59.967 0.6250000000
71845  -0.043  4.488  66.936 1.0000000000
71833  0.804  4.025  68.349 1.0000000000
81419  -7.713  14.071  60.793 0.6250000000
70841  1.650  3.546  68.866 1.0000000000
80582  -8.044  13.814  59.997 0.6250000000
81437  -8.894  14.079  58.663 0.6250000000
71831  2.996  4.265  69.240 1.0000000000
72776  3.380  4.922  69.626 1.0000000000
79690  -7.546  12.296  59.532 0.7500000000
80598  -8.523  13.302  58.398 0.6250000000
78701  -7.866  11.667  57.982 0.7500000000
78727  -8.344  11.442  56.704 0.8750000000
121362  -8.899  12.815  56.224 0.6250000000
118595  -31.697  17.291  58.156 0.3750000000
78739  -8.951  11.599  55.338 0.6250000000
83173  -31.016  16.236  56.255 0.3750000000
76760  -9.074  9.941  55.192 0.7500000000
82269  -27.462  15.994  59.242 0.3750000000
81450  -26.267  15.491  58.925 0.3750000000
82298  -29.000  15.434  54.790 0.3750000000
83184  -30.802  16.287  55.110 0.3750000000
133636  3.101  4.846  54.880 0.7500000000
72964  3.393  5.247  53.000 0.5000000000
72002  1.986  4.610  52.528 0.5000000000
76778  -9.441  9.687  54.227 0.7500000000
76796  -9.704  9.623  53.352 0.7500000000
80605  -24.532  14.249  59.014 0.3750000000
81434  -24.872  15.901  61.745 0.3750000000
129637  -27.663  15.071  55.484 0.3750000000
82308  -28.995  15.316  53.677 0.3750000000
119479  -30.313  16.534  53.110 0.3750000000
84167  -30.847  17.206  53.332 0.3750000000
72896  3.049  5.475  58.275 0.8750000000
72895  4.120  5.873  58.460 0.8750000000
72924  3.244  5.495  56.384 0.8750000000
122147  -10.368  8.212  52.813 0.6250000000
80616  -24.545  13.852  57.623 0.3750000000
80596  -23.484  14.280  60.892 0.3750000000
80603  -22.931  13.450  59.726 0.3750000000
81470  -26.846  14.320  54.522 0.3750000000
81471  -27.544  14.698  54.522 0.3750000000
123825  -29.505  15.641  53.207 0.3750000000
82319  -28.951  15.229  52.816 0.3750000000
81481  -27.739  14.587  53.605 0.3750000000
83210  -29.776  16.070  52.760 0.3750000000
74793  -11.305  7.622  51.596 0.5000000000
75748  -10.450  8.539  52.193 0.5000000000
124447  -11.669  8.017  50.793 0.5000000000
79695  -21.484  12.709  60.798 0.3750000000
81498  -27.503  14.374  52.895 0.3750000000
79786  -37.858  12.472  52.344 1.0000000000
77811  -40.140  10.701  55.721 1.0000000000
72854  4.779  6.147  60.504 0.8750000000
79670  -20.865  13.561  63.121 0.5000000000
79669  -20.346  13.004  62.915 0.5000000000
78667  -19.869  12.323  62.709 0.6250000000
80583  -19.692  13.284  62.430 0.5000000000
82353  -28.627  15.410  50.940 0.3750000000
81551  -28.157  14.961  50.470 0.3750000000
79800  -37.143  12.910  51.919 0.8750000000
124976  -36.531  13.332  51.546 0.8750000000
73887  -14.174  6.405  50.700 0.5000000000
73886  -13.483  6.832  50.651 0.5000000000
82371  -27.833  15.102  49.595 0.3750000000
81553  -34.909  14.144  49.597 0.8750000000
128777  -35.420  14.775  49.949 0.8750000000
82388  -28.153  15.899  49.294 0.3750000000
84246  -34.281  16.752  46.915 0.8750000000
83281  -34.613  16.449  47.478 0.8750000000
82390  -35.073  15.616  48.638 0.8750000000
75750  -15.995  8.607  52.635 0.6250000000
120357  -28.384  16.788  48.911 0.3750000000
85172  -28.567  18.239  47.519 0.3750000000
84279  -34.407  18.127  46.042 0.6250000000
124161  -29.033  18.840  47.877 0.3750000000
86081  -29.457  19.333  47.324 0.3750000000
82357  -39.711  16.177  51.283 0.3750000000
86974  -31.264  20.599  45.085 0.5000000000
86119  -30.007  19.625  45.769 0.5000000000
132007  -32.888  20.520  44.235 0.6250000000
80702  -40.106  13.673  51.175 0.3750000000
79817  -40.042  12.731  50.655 0.3750000000
77870  -46.860  10.730  50.250 0.6250000000
78887  -47.928  11.635  47.594 0.6250000000
78902  -40.595  11.474  46.732 0.3750000000
78884  -43.654  11.613  47.837 0.3750000000
78904  -43.216  11.873  46.955 0.3750000000
78945  -45.426  12.050  43.802 0.7500000000
78928  -39.437  11.518  44.748 0.2500000000
120588  -4.634  9.589  70.180 0.8750000000
76590  -4.688  9.566  69.112 0.8750000000
78611  -4.176  11.013  68.908 0.8750000000
76591  -5.128  8.962  69.608 0.8750000000
75548  -5.710  8.479  70.088 0.8750000000
80523  -5.075  13.737  73.931 0.6250000000
73758  -4.242  6.924  61.815 1.0000000000
77644  -4.360  10.188  67.675 0.8750000000
75570  -5.682  8.434  68.120 0.8750000000
137145  -6.889  7.900  69.680 0.8750000000
73756  -2.859  6.064  62.489 1.0000000000
74645  -4.709  7.611  62.321 1.0000000000
74573  -6.860  7.717  68.842 1.0000000000
74583  -6.942  7.582  67.839 0.8750000000
74560  -7.531  7.748  69.387 1.0000000000
120214  -9.869  7.903  69.035 1.0000000000
84046  -10.304  17.316  69.038 0.6250000000
74574  -7.566  7.516  68.439 1.0000000000
74575  -9.042  7.543  68.546 1.0000000000
74585  -8.288  7.337  68.045 1.0000000000
72832  -2.320  5.604  63.091 1.0000000000
73741  -1.292  6.372  64.287 1.0000000000
73732  -0.832  5.910  65.178 1.0000000000
116099  -7.892  6.447  64.982 1.0000000000
74586  -9.068  7.138  67.686 1.0000000000
74576  -10.631  7.618  68.468 1.0000000000
74587  -10.515  7.134  67.700 1.0000000000
126300  -0.482  5.602  65.881 1.0000000000
73702  -9.397  6.676  66.846 1.0000000000
72802  -9.551  6.157  66.095 1.0000000000
73703  -10.346  6.658  67.032 1.0000000000
72789  0.168  5.142  67.283 1.0000000000
72788  0.676  4.762  68.379 1.0000000000
130264  1.485  5.167  69.627 1.0000000000
81454  -10.226  14.663  57.098 0.6250000000
126076  -10.170  14.515  56.297 0.6250000000
82285  -11.153  15.583  55.189 0.6250000000
79748  -9.443  12.408  54.237 0.6250000000
83160  -29.536  16.284  57.875 0.3750000000
85087  -32.330  18.063  54.895 0.3750000000
73738  4.367  7.032  65.079 0.8750000000
83151  -28.398  16.113  58.784 0.3750000000
82261  -27.541  16.169  59.369 0.3750000000
84168  -31.400  17.541  53.864 0.3750000000
127298  -9.725  11.033  52.621 0.7500000000
78777  -9.655  11.658  53.067 0.6250000000
76832  -10.238  9.678  51.640 0.6250000000
82260  -26.902  16.241  59.868 0.3750000000
82254  -26.612  16.468  60.132 0.3750000000
73831  4.428  6.707  55.691 0.8750000000
73845  3.762  6.003  53.598 0.5000000000
80587  -23.121  14.836  62.162 0.3750000000
83211  -30.304  17.070  52.484 0.3750000000
84185  -30.163  17.577  51.799 0.3750000000
73804  4.519  6.702  57.868 0.8750000000
74760  3.324  6.870  53.488 0.6250000000
81422  -21.842  14.330  62.776 0.5000000000
84184  -29.827  16.871  51.824 0.3750000000
121090  -29.390  16.505  51.201 0.3750000000
79787  -38.439  13.123  53.106 1.0000000000
78758  -40.272  11.384  55.282 1.0000000000
139629  4.487  7.247  55.309 0.8750000000
74805  -12.517  7.799  50.540 0.5000000000
75775  -13.154  8.371  50.190 0.3750000000
80585  -21.458  14.020  63.148 0.5000000000
127442  -19.501  13.525  61.312 0.5000000000
80584  -20.381  13.817  62.485 0.5000000000
84213  -28.765  17.604  49.092 0.3750000000
83237  -28.881  16.080  50.686 0.3750000000
80684  -37.022  14.371  52.547 1.0000000000
127460  -37.494  14.610  53.200 0.8750000000
82339  -36.569  15.590  51.935 0.8750000000
80701  -36.530  14.150  51.894 0.8750000000
81519  -36.231  14.721  51.570 0.8750000000
136256  -36.914  13.673  52.121 0.8750000000
78760  -41.589  12.141  55.832 0.8750000000
75762  -14.685  8.891  50.704 0.5000000000
79693  -17.970  12.510  60.413 0.6250000000
82372  -28.408  15.605  50.154 0.3750000000
83282  -35.778  17.093  48.320 0.8750000000
83266  -35.680  16.390  48.875 0.8750000000
82374  -36.291  16.341  50.284 0.8750000000
82355  -36.582  16.262  51.291 0.8750000000
84247  -35.962  17.735  47.885 0.7500000000
135332  -35.457  18.976  46.099 0.6250000000
77789  -16.084  10.839  55.890 0.6250000000
124326  -35.185  20.631  44.604 0.3750000000
84201  -39.200  18.404  51.231 0.5000000000
84200  -38.720  18.763  51.682 0.6250000000
136186  -39.232  18.006  52.654 0.5000000000
82323  -40.038  17.067  53.632 0.5000000000
86949  -30.493  20.320  46.323 0.5000000000
88705  -34.292  21.863  43.842 0.5000000000
79774  -43.975  12.720  53.663 0.6250000000
87848  -32.273  21.547  44.868 0.3750000000
136422  -33.955  22.237  43.943 0.3750000000
87821  -39.417  21.675  46.691 0.5000000000
80704  -42.075  14.252  51.813 0.3750000000
78788  0.132  11.120  50.914 0.1250000000
78861  -46.286  11.695  48.972 0.3750000000
79872  -46.634  12.453  47.446 0.3750000000
78906  -48.208  11.930  46.980 0.6250000000
79886  -44.813  12.766  46.500 0.3750000000
79903  -44.112  12.964  45.995 0.3750000000
80772  -45.607  13.319  46.285 0.5000000000
79925  -40.181  12.286  43.407 0.2500000000
80529  -3.727  13.203  72.214 0.7500000000
127271  -3.930  12.077  70.376 0.8750000000
79615  -4.075  12.875  70.194 0.7500000000
82177  -4.389  14.952  72.205 0.6250000000
81369  -6.031  15.094  73.401 0.6250000000
119614  -6.493  15.717  72.687 0.6250000000
140158  -4.513  14.715  70.354 0.7500000000
82187  -4.704  15.341  70.933 0.6250000000
82178  -5.362  16.046  72.668 0.6250000000
83050  -7.213  16.579  71.792 0.6250000000
74631  -2.174  7.280  63.170 1.0000000000
123573  -3.860  7.536  62.224 1.0000000000
75617  -4.217  8.772  63.407 1.0000000000
75616  -3.331  8.593  63.113 1.0000000000
81385  -4.520  14.913  68.481 0.7500000000
83059  -5.568  16.809  69.704 0.6250000000
84019  -6.436  17.155  71.530 0.6250000000
84021  -7.746  16.962  71.247 0.6250000000
83061  -8.887  16.998  70.441 0.6250000000
73748  -1.768  6.537  63.570 1.0000000000
74630  -1.574  7.102  63.761 1.0000000000
75614  -1.709  7.927  63.690 1.0000000000
75603  -1.949  8.984  63.776 1.0000000000
75618  -5.086  8.444  63.651 1.0000000000
75605  -5.532  8.431  64.649 0.8750000000
74613  -7.432  7.034  65.591 1.0000000000
84982  -6.957  18.170  69.744 0.6250000000
84035  -7.143  18.015  70.352 0.6250000000
139856  -8.231  18.582  70.002 0.6250000000
84970  -8.524  18.081  70.534 0.6250000000
84975  -9.811  18.344  70.110 0.6250000000
84030  -10.028  17.789  70.292 0.6250000000
84038  -11.356  17.964  69.638 0.6250000000
84047  -10.984  17.710  69.529 0.6250000000
73731  -0.371  6.383  65.714 1.0000000000
84056  -6.321  17.927  68.523 0.6250000000
132910  -7.631  18.594  69.473 0.6250000000
84974  -8.946  18.541  70.064 0.6250000000
85860  -9.746  19.350  68.604 0.5000000000
84977  -11.455  18.206  69.548 0.6250000000
85862  -11.457  19.116  68.731 0.5000000000
85864  -13.528  19.110  68.407 0.5000000000
84050  -13.287  17.933  68.838 0.5000000000
84049  -12.641  17.930  69.172 0.5000000000
116451  -13.820  17.608  67.613 0.5000000000
139487  -13.324  16.632  63.381 0.5000000000
119094  -12.834  16.428  62.059 0.5000000000
83126  -13.392  16.812  60.072 0.5000000000
74598  0.093  6.702  66.342 1.0000000000
122853  -15.472  18.941  67.897 0.5000000000
133607  -14.826  17.296  66.214 0.5000000000
84076  -16.347  17.872  67.383 0.5000000000
83116  -13.504  16.618  62.720 0.5000000000
85873  -11.929  20.194  67.926 0.5000000000
85871  -10.230  19.857  67.869 0.5000000000
86740  -11.461  21.197  67.484 0.5000000000
85874  -13.016  20.332  67.800 0.5000000000
85875  -14.118  20.007  67.820 0.5000000000
127380  -14.649  17.290  60.998 0.3750000000
84103  -15.201  17.288  62.508 0.5000000000
84124  -13.738  17.415  58.638 0.5000000000
82276  -11.268  15.595  56.071 0.6250000000
83178  -12.167  16.622  54.718 0.2500000000
84104  -16.146  17.513  62.447 0.3750000000
73678  3.865  6.723  71.425 1.0000000000
85061  -15.879  18.479  57.286 0.3750000000
84144  -13.168  17.387  55.857 0.2500000000
85055  -16.666  18.542  58.675 0.3750000000
82302  -10.776  15.051  53.811 0.5000000000
130667  -10.112  13.877  53.708 0.5000000000
81493  -10.610  14.236  52.501 0.5000000000
80656  -9.762  13.164  53.770 0.6250000000
80677  -10.450  13.540  52.031 0.5000000000
84137  -29.706  16.647  57.763 0.3750000000
121421  4.450  8.323  66.023 1.0000000000
79778  -9.846  12.238  52.708 0.6250000000
134700  -9.826  11.644  52.442 0.5000000000
77857  -10.481  11.010  50.279 0.3750000000
76852  -11.057  9.771  50.142 0.3750000000
85123  -29.771  18.248  50.510 0.3750000000
85124  -30.289  18.732  50.990 0.3750000000
74732  4.274  7.924  55.495 0.8750000000
80592  -19.543  13.600  59.974 0.5000000000
81501  -37.176  15.215  53.098 0.8750000000
81483  -37.800  15.398  53.773 0.7500000000
119276  -38.843  14.786  54.419 0.8750000000
80665  -39.523  14.429  54.585 0.8750000000
74668  4.144  7.136  59.699 0.8750000000
76854  -13.680  9.034  49.933 0.3750000000
80600  -18.181  12.739  59.178 0.6250000000
84248  -36.683  18.235  48.398 0.6250000000
84215  -36.985  17.852  50.227 0.6250000000
83238  -36.929  17.345  50.913 0.6250000000
82322  -37.579  16.194  53.550 0.7500000000
127733  -37.500  16.976  53.248 0.7500000000
82310  -38.210  16.406  54.167 0.7500000000
80647  -41.248  13.952  55.244 0.7500000000
79758  -41.821  12.990  55.538 0.8750000000
86082  -30.047  19.871  47.848 0.3750000000
84198  -37.437  18.187  51.039 0.6250000000
85143  -37.983  19.002  49.672 0.7500000000
84186  -37.491  18.054  51.644 0.7500000000
83212  -37.881  17.751  53.539 0.7500000000
84187  -37.781  18.232  52.451 0.7500000000
83199  -39.217  17.325  54.177 0.6250000000
83213  -38.409  17.817  53.784 0.6250000000
82312  -39.852  16.570  54.293 0.6250000000
82313  -40.608  16.237  53.654 0.6250000000
121707  -41.664  14.764  54.420 0.7500000000
79759  -42.696  12.711  55.029 0.7500000000
77829  -15.388  10.275  52.888 0.5000000000
86121  -36.550  19.958  46.060 0.5000000000
86104  -37.008  19.609  46.807 0.5000000000
86083  -37.440  19.411  47.657 0.6250000000
85175  -37.816  19.341  48.496 0.6250000000
134066  -38.119  19.310  49.144 0.7500000000
85144  -38.766  19.166  50.174 0.6250000000
84178  -38.631  18.285  53.089 0.6250000000
80666  -42.453  14.561  53.707 0.5000000000
120921  -41.262  15.571  53.990 0.6250000000
80667  -43.221  14.511  52.919 0.5000000000
88683  -33.115  22.680  45.088 0.3750000000
89562  -33.747  23.073  44.719 0.3750000000
81523  -42.469  14.837  52.501 0.5000000000
80686  -43.111  14.578  52.320 0.3750000000
79788  -44.347  13.282  52.742 0.3750000000
89579  -35.844  23.508  43.791 0.5000000000
88708  -36.640  23.200  43.767 0.5000000000
88697  -37.010  22.589  44.116 0.5000000000
87853  -37.885  22.512  44.705 0.5000000000
80705  -42.883  14.526  51.991 0.3750000000
79804  -43.556  13.927  51.665 0.3750000000
80706  -43.986  14.101  51.857 0.3750000000
89581  -38.654  24.654  43.641 0.5000000000
89565  -40.160  24.318  44.025 0.3750000000
79806  -45.053  12.937  51.648 0.3750000000
78818  1.678  11.677  49.715 0.1250000000
78802  0.028  11.168  50.109 0.1250000000
90426  -40.373  25.490  42.630 0.1250000000
91253  -38.912  25.660  41.487 0.1250000000
78814  -44.145  12.245  50.335 0.3750000000
78815  -45.067  12.124  50.110 0.3750000000
78835  -45.279  11.666  49.271 0.3750000000
80795  -47.747  13.359  45.394 0.5000000000
80805  -47.749  13.430  44.967 0.6250000000
77643  -3.990  10.813  67.041 0.8750000000
80547  -4.241  14.154  68.120 0.7500000000
76642  -2.775  9.714  64.031 1.0000000000
76656  -3.489  9.243  63.671 1.0000000000
136069  -1.922  9.701  64.307 1.0000000000
75604  -4.741  8.920  64.254 0.8750000000
76643  -3.679  9.701  64.344 1.0000000000
76640  -0.632  8.632  64.847 1.0000000000
76641  -1.232  9.214  64.457 1.0000000000
76625  -0.604  9.429  65.082 1.0000000000
137197  0.057  8.144  65.705 1.0000000000
120815  -0.143  8.776  65.450 1.0000000000
75580  0.457  8.655  66.173 1.0000000000
84084  -13.967  17.154  65.836 0.5000000000
86738  -9.939  20.663  67.514 0.5000000000
139258  1.250  6.607  68.410 1.0000000000
74572  1.580  7.154  68.855 1.0000000000
85877  -16.432  18.960  67.454 0.5000000000
84088  -18.236  18.522  66.374 0.5000000000
84099  -17.608  17.673  64.251 0.5000000000
75536  3.915  8.133  72.001 1.0000000000
116519  -15.909  19.835  66.659 0.5000000000
85899  -16.925  19.493  66.288 0.5000000000
85901  -19.435  19.020  65.672 0.5000000000
85019  -20.197  18.959  64.352 0.3750000000
75534  4.391  8.078  71.392 1.0000000000
85032  -19.051  18.810  61.918 0.3750000000
85048  -17.956  18.774  59.900 0.3750000000
125218  -11.256  14.363  51.209 0.2500000000
79809  -10.833  12.566  50.018 0.3750000000
131906  -11.620  10.752  49.393 0.2500000000
78822  -11.330  11.342  49.374 0.2500000000
86041  -30.511  19.548  50.700 0.3750000000
86902  -30.718  20.358  49.417 0.3750000000
74653  3.652  7.617  61.131 0.8750000000
77875  -14.477  10.240  49.466 0.3750000000
136809  3.352  8.919  55.475 0.8750000000
127351  2.174  9.408  55.038 0.6250000000
77859  -14.678  9.966  50.346 0.3750000000
132365  1.425  9.401  54.482 0.6250000000
74762  1.249  7.849  53.310 0.5000000000
78740  -16.203  11.359  55.732 0.6250000000
87789  -31.706  21.463  48.659 0.3750000000
75745  0.264  8.530  53.151 0.3750000000
76795  0.931  9.918  54.338 0.5000000000
77804  -15.587  10.999  54.287 0.6250000000
78786  1.546  12.205  51.481 0.1250000000
79808  1.953  12.055  50.537 0.1250000000
79825  3.225  11.969  49.521 0.1250000000
129287  2.467  11.878  49.848 0.1250000000
81620  -42.140  14.007  43.045 0.2500000000
82494  -44.321  15.332  39.320 0.3750000000
130475  -42.914  15.035  37.968 0.2500000000
77668  -2.965  10.873  65.084 1.0000000000
77667  -1.576  10.728  65.174 1.0000000000
77670  -4.151  10.076  65.915 0.8750000000
76627  -3.960  9.967  65.088 1.0000000000
81391  -3.924  14.171  67.251 0.7500000000
77653  0.167  10.362  66.102 1.0000000000
118862  -6.709  18.614  67.318 0.6250000000
76599  2.099  9.292  68.885 1.0000000000
130019  3.084  9.754  71.496 1.0000000000
76575  4.058  9.006  72.223 1.0000000000
86760  -14.159  20.985  66.275 0.5000000000
81532  -13.004  14.939  49.813 0.2500000000
76588  4.623  9.442  70.172 1.0000000000
85922  -20.119  19.179  63.647 0.3750000000
121125  -15.681  16.719  52.119 0.2500000000
81531  -12.265  14.728  50.121 0.2500000000
77664  3.369  10.390  65.396 1.0000000000
79829  -11.342  12.686  49.443 0.2500000000
80733  -12.571  12.871  48.499 0.2500000000
78841  -11.577  12.033  49.024 0.2500000000
79844  -12.269  12.119  48.617 0.2500000000
124668  -12.812  11.456  48.569 0.2500000000
78842  -13.724  11.467  48.287 0.2500000000
74683  2.675  7.590  58.583 0.8750000000
75688  2.760  8.226  57.186 0.8750000000
75702  3.031  8.769  56.473 0.8750000000
132195  2.745  7.912  60.945 0.8750000000
76776  2.933  9.517  55.617 0.8750000000
135854  2.826  10.038  56.025 0.8750000000
77801  1.856  11.038  55.639 0.7500000000
77802  1.428  10.933  54.805 0.6250000000
78764  1.003  11.674  53.817 0.3750000000
90356  -35.513  24.759  46.044 0.3750000000
140283  1.149  14.152  53.576 0.2500000000
80670  1.994  13.938  53.562 0.1250000000
123389  2.871  13.327  51.716 0.1250000000
92069  -38.447  26.598  41.690 0.1250000000
82441  -47.603  14.828  44.257 0.5000000000
82440  -47.277  15.397  44.400 0.5000000000
82449  -47.479  15.385  43.713 0.5000000000
82446  -43.671  15.343  43.570 0.3750000000
82448  -47.105  16.097  43.887 0.6250000000
83323  -45.826  16.448  44.310 0.5000000000
128199  -47.285  16.128  42.433 0.6250000000
83329  -44.112  16.266  43.347 0.5000000000
83358  -46.012  16.706  40.729 0.8750000000
81684  -42.617  14.300  36.818 0.1250000000
81397  -3.451  14.227  66.647 0.8750000000
83082  -4.064  16.231  66.448 0.7500000000
84069  -5.450  17.785  66.857 0.7500000000
85000  -7.010  19.139  66.698 0.6250000000
77612  2.505  10.530  70.483 1.0000000000
87611  -12.107  22.198  66.425 0.5000000000
129265  3.770  9.844  72.057 1.0000000000
82349  -14.866  15.765  50.176 0.1250000000
77626  4.566  10.264  69.563 1.0000000000
80748  -15.377  13.321  47.026 0.2500000000
80747  -14.730  13.044  47.385 0.2500000000
86793  -19.701  20.577  61.360 0.2500000000
79861  -15.401  12.305  47.193 0.2500000000
79860  -14.571  12.252  47.541 0.2500000000
78890  -16.126  12.125  46.850 0.2500000000
77699  1.665  10.311  63.116 0.8750000000
78844  -15.697  10.927  48.207 0.2500000000
75643  0.360  8.784  60.292 0.8750000000
75642  1.326  8.125  59.900 0.8750000000
75652  0.977  8.030  58.992 0.8750000000
132044  0.152  8.375  58.795 0.8750000000
75689  1.662  8.365  57.462 0.8750000000
128163  -15.972  10.507  50.393 0.3750000000
77785  2.170  10.782  56.020 0.7500000000
79743  1.072  12.961  55.040 0.3750000000
78763  1.319  12.446  54.693 0.2500000000
80674  -2.752  13.481  52.211 0.2500000000
135724  0.311  13.546  53.931 0.2500000000
81630  -42.424  14.744  42.785 0.2500000000
83340  -44.523  17.150  43.071 0.6250000000
84307  -45.835  18.002  42.657 0.6250000000
83375  -45.476  16.817  40.033 0.7500000000
139975  -45.028  16.865  39.608 0.5000000000
139267  -43.585  16.908  35.312 0.2500000000
83437  -45.246  16.574  33.834 0.2500000000
83439  -47.260  17.164  33.688 0.2500000000
125095  -48.055  17.101  33.524 0.2500000000
83457  -49.190  17.153  33.122 0.2500000000
121925  -50.617  17.313  30.375 0.2500000000
83080  -2.661  16.383  66.318 0.8750000000
83081  -3.435  16.291  66.224 0.7500000000
86747  -6.904  20.552  66.050 0.5000000000
87618  -7.622  22.066  66.297 0.5000000000
78599  2.734  11.575  71.209 1.0000000000
78591  3.641  11.524  71.735 1.0000000000
81591  -18.573  14.334  45.067 0.2500000000
123395  4.050  11.396  71.838 1.0000000000
77600  4.312  10.837  71.580 1.0000000000
85898  -13.708  20.883  65.667 0.5000000000
77611  4.590  10.936  70.383 1.0000000000
82367  -16.506  15.991  49.088 0.1250000000
85934  -19.538  19.802  62.876 0.2500000000
80779  -18.163  13.610  45.423 0.2500000000
78891  -16.818  11.838  46.780 0.2500000000
126097  2.419  11.295  64.883 1.0000000000
78872  -17.144  11.289  47.356 0.2500000000
76667  1.328  9.933  62.448 0.8750000000
75670  -0.108  8.532  57.927 0.8750000000
80653  -2.679  13.074  52.924 0.2500000000
80652  -1.537  12.967  53.304 0.2500000000
84314  -43.574  18.093  41.839 0.6250000000
84454  -50.877  17.233  29.389 0.2500000000
83088  -3.117  17.015  65.940 0.7500000000
85004  -2.998  18.417  65.660 0.8750000000
84080  -2.684  17.761  65.949 0.7500000000
79627  0.658  12.860  67.997 1.0000000000
88448  -10.083  23.645  66.082 0.5000000000
79610  2.205  13.303  71.413 1.0000000000
79614  3.095  12.603  71.701 1.0000000000
79613  4.056  13.100  70.802 1.0000000000
78597  4.437  11.567  69.915 1.0000000000
85017  -14.092  18.882  63.137 0.3750000000
85931  -15.139  19.190  62.424 0.3750000000
78608  4.127  11.950  69.030 1.0000000000
86780  -19.039  20.673  61.955 0.2500000000
80781  -19.935  13.902  45.663 0.2500000000
79862  -18.572  11.811  46.893 0.2500000000
79880  -19.898  12.718  46.676 0.2500000000
80764  -20.394  13.450  46.410 0.2500000000
78873  -18.034  11.350  47.458 0.2500000000
78648  0.916  11.663  63.585 0.8750000000
77701  0.247  10.990  62.438 0.8750000000
76700  -0.975  9.152  59.386 0.8750000000
79780  -20.057  12.119  51.833 0.2500000000
76716  -1.289  9.142  58.414 0.8750000000
76727  -1.269  9.335  57.321 0.7500000000
89500  -34.336  23.638  49.119 0.3750000000
78750  -1.711  11.772  55.041 0.5000000000
83072  -1.037  16.651  67.552 1.0000000000
87617  -6.758  22.246  66.044 0.5000000000
81380  0.898  14.730  69.939 1.0000000000
89316  -8.402  24.314  65.185 0.5000000000
82186  1.156  15.355  70.527 1.0000000000
129964  0.859  15.893  70.050 1.0000000000
129758  0.148  18.332  69.106 0.8750000000
87627  -9.921  21.785  64.262 0.3750000000
123064  2.594  14.046  71.602 1.0000000000
81374  2.069  14.795  71.321 1.0000000000
83053  1.436  17.080  70.633 1.0000000000
127792  0.843  18.483  69.991 0.8750000000
85016  -13.294  18.954  63.159 0.3750000000
85917  -11.980  19.551  63.536 0.3750000000
86767  -10.384  20.728  63.691 0.3750000000
82180  2.077  15.690  71.009 1.0000000000
136083  -12.514  19.070  62.751 0.3750000000
80542  3.551  13.252  68.415 1.0000000000
80532  3.652  13.794  69.660 1.0000000000
81383  3.266  14.548  69.857 1.0000000000
80765  -21.133  14.090  46.622 0.2500000000
78848  -19.192  11.462  48.605 0.2500000000
79645  1.545  12.244  64.657 1.0000000000
79649  0.590  12.385  63.778 1.0000000000
79793  -20.137  11.942  50.896 0.2500000000
78662  -0.397  11.437  62.106 0.8750000000
77756  -2.138  10.085  57.232 0.7500000000
133247  -3.029  11.150  56.910 0.7500000000
78735  -1.380  11.253  55.538 0.6250000000
80618  -4.286  13.624  56.274 0.7500000000
86185  -45.140  19.868  40.655 0.7500000000
85303  -44.087  18.982  36.629 0.5000000000
85324  -48.264  18.770  33.871 0.3750000000
85372  -48.803  18.917  31.562 0.3750000000
85394  -49.384  18.345  30.862 0.3750000000
119951  -2.088  19.929  66.372 0.7500000000
90139  -4.924  25.138  66.264 0.6250000000
87597  -2.173  22.523  67.323 0.7500000000
89315  -7.232  24.290  64.654 0.5000000000
85867  -0.607  19.920  68.143 0.7500000000
85857  0.084  20.028  69.118 0.8750000000
86732  0.430  20.961  69.687 0.7500000000
86772  -9.225  20.654  62.590 0.3750000000
86773  -9.856  20.353  62.829 0.3750000000
83289  -22.453  16.882  46.788 0.2500000000
84022  2.293  17.199  70.591 1.0000000000
84969  1.700  18.451  70.572 0.8750000000
116487  -11.682  19.333  62.771 0.3750000000
85943  -14.447  19.392  61.212 0.2500000000
81387  2.407  14.615  67.674 1.0000000000
79646  0.986  12.588  64.285 1.0000000000
79650  -0.091  12.675  63.311 1.0000000000
78663  -1.133  11.974  61.729 0.8750000000
77734  -1.831  10.401  59.673 0.7500000000
78699  -2.935  11.165  58.123 0.7500000000
78713  -2.762  10.816  57.413 0.7500000000
81443  -3.969  14.239  57.761 0.6250000000
80617  -4.051  12.896  56.589 0.7500000000
86222  -48.012  19.209  34.119 0.5000000000
85392  -47.925  18.728  30.741 0.3750000000
137209  -45.586  17.336  25.465 0.3750000000
87631  -7.304  21.669  62.258 0.3750000000
87593  -0.864  22.671  69.088 0.7500000000
86731  1.045  21.007  70.289 0.8750000000
86787  -9.202  20.025  60.951 0.3750000000
86777  -8.511  20.509  61.372 0.3750000000
85930  -11.925  19.146  61.953 0.3750000000
126702  2.924  15.151  69.557 1.0000000000
84978  2.727  18.271  69.952 0.8750000000
87652  -16.755  22.098  60.896 0.2500000000
80562  -0.021  13.595  64.098 1.0000000000
80565  -0.394  13.391  63.519 1.0000000000
79658  -1.148  12.744  62.253 0.6250000000
79678  -2.703  13.328  60.084 0.6250000000
78687  -2.677  11.675  59.413 0.6250000000
79689  -3.096  13.022  59.307 0.6250000000
130637  -2.927  11.570  58.718 0.6250000000
80606  -3.850  13.317  57.834 0.6250000000
85404  -46.494  18.095  30.071 0.3750000000
84462  -45.468  16.930  28.726 0.3750000000
88479  -5.261  22.040  62.178 0.3750000000
90964  -2.191  25.429  67.154 0.7500000000
87638  -6.286  21.620  61.376 0.3750000000
87588  1.036  21.672  70.203 0.7500000000
87589  0.506  22.298  69.999 0.7500000000
88431  -0.598  23.210  69.435 0.7500000000
84040  2.731  17.511  69.870 0.8750000000
82222  -0.716  14.828  64.274 0.6250000000
80568  -1.396  13.439  62.492 0.6250000000
124584  -1.890  14.901  62.909 0.6250000000
81414  -2.516  14.399  61.138 0.6250000000
80580  -2.787  14.036  60.063 0.6250000000
85090  -3.432  17.919  53.422 0.5000000000
130202  -3.584  16.963  49.250 0.3750000000
87911  -44.348  22.088  37.999 0.6250000000
86205  -44.868  20.766  36.891 0.6250000000
87918  -44.818  22.245  36.866 0.6250000000
87080  -48.012  19.826  34.003 0.5000000000
85403  -45.536  18.040  30.068 0.3750000000
126088  -45.036  17.416  29.468 0.3750000000
83521  -44.438  16.646  26.557 0.3750000000
89310  -2.686  24.140  64.431 0.6250000000
89321  -2.512  23.543  63.618 0.6250000000
89286  0.244  23.787  69.229 0.7500000000
90126  -0.200  25.218  68.065 0.7500000000
88430  0.137  22.976  69.803 0.7500000000
117961  -4.844  21.638  61.209 0.3750000000
126567  2.275  21.278  68.191 0.7500000000
85855  2.694  19.114  68.825 0.8750000000
85865  2.582  19.797  68.600 0.8750000000
84979  2.529  18.151  69.016 0.8750000000
128929  2.794  18.881  69.575 0.8750000000
86812  -11.318  20.438  58.609 0.2500000000
87664  -13.506  21.744  59.257 0.2500000000
82227  -2.327  15.719  62.365 0.6250000000
83118  -2.676  16.301  60.946 0.6250000000
82246  -2.764  15.829  60.067 0.6250000000
130786  -2.713  16.498  59.663 0.6250000000
84169  -3.911  17.449  52.655 0.5000000000
86034  -3.117  19.394  50.644 0.3750000000
84207  -3.559  17.823  49.548 0.3750000000
87917  -44.376  22.349  37.342 0.6250000000
139355  -44.782  22.456  36.430 0.6250000000
87922  -44.351  22.424  36.503 0.6250000000
87924  -45.602  22.055  35.604 0.6250000000
87931  -45.881  22.174  34.991 0.6250000000
87091  -45.523  21.617  33.536 0.6250000000
91811  0.385  26.559  66.746 0.7500000000
90974  -1.140  25.505  64.686 0.7500000000
88476  -2.544  22.373  61.491 0.5000000000
88477  -3.387  22.077  61.832 0.3750000000
89295  0.659  24.700  66.918 0.7500000000
87646  -3.354  21.671  60.453 0.3750000000
88436  1.414  22.807  66.434 0.7500000000
139688  2.018  21.909  68.624 0.7500000000
88428  1.585  22.383  69.118 0.7500000000
119763  -5.921  21.409  58.876 0.3750000000
87603  2.082  21.290  67.002 0.7500000000
139317  -2.581  16.874  61.317 0.6250000000
85073  -1.743  18.774  55.010 0.5000000000
86000  -0.744  19.888  54.009 0.5000000000
86045  -3.392  19.314  49.220 0.3750000000
86075  -3.245  18.746  47.516 0.1250000000
86922  -3.309  19.610  47.562 0.1250000000
90157  -0.709  25.359  63.939 0.7500000000
90129  1.074  26.058  66.875 0.7500000000
90960  0.959  26.352  66.449 0.7500000000
91820  0.074  26.575  65.179 0.7500000000
91819  1.010  26.697  65.026 0.7500000000
118784  -0.426  26.143  64.499 0.7500000000
87659  -3.678  21.605  59.112 0.3750000000
84101  -2.021  17.559  62.659 0.6250000000
84107  -1.982  18.089  61.214 0.6250000000
85057  0.485  18.873  57.754 0.5000000000
85975  0.428  19.168  57.019 0.5000000000
86858  -0.287  20.620  53.669 0.5000000000
87741  0.323  21.286  53.836 0.5000000000
133972  -3.017  20.683  46.379 0.1250000000
90966  2.078  26.530  65.010 0.7500000000
91817  2.530  26.756  64.524 0.6250000000
91825  1.330  26.712  64.305 0.7500000000
90984  0.348  25.821  63.224 0.6250000000
90983  0.890  26.158  63.011 0.7500000000
85949  1.282  19.361  60.685 0.6250000000
117682  -0.811  18.404  58.163 0.6250000000
122664  -0.322  18.609  57.689 0.5000000000
131858  -3.371  21.582  47.649 0.1250000000
90976  3.143  26.060  64.403 0.6250000000
90970  3.241  26.511  64.187 0.6250000000
91832  2.218  26.874  63.506 0.5000000000
90982  1.551  26.444  62.816 0.5000000000
89347  0.080  23.944  59.532 0.5000000000
89348  -0.516  23.441  59.218 0.5000000000
89356  -0.614  23.434  58.290 0.5000000000
87634  4.355  21.615  60.801 0.6250000000
87656  5.145  21.707  59.926 0.5000000000
88510  -1.950  22.732  57.174 0.5000000000
87733  1.452  21.600  55.030 0.5000000000
90314  -2.382  24.275  49.160 0.1250000000
89468  -2.805  23.800  48.715 0.1250000000
90975  4.158  26.260  63.727 0.5000000000
91821  4.353  26.403  63.534 0.5000000000
122743  1.922  25.862  61.141 0.5000000000
90166  5.922  24.671  61.941 0.5000000000
89338  5.994  24.027  60.655 0.5000000000
88464  2.036  22.035  62.708 0.6250000000
87636  2.990  20.828  61.617 0.7500000000
91962  -1.130  26.127  49.955 0.2500000000
91969  -1.433  26.459  49.090 0.1250000000
90298  -2.009  24.060  49.830 0.2500000000
137735  -1.872  26.385  48.312 0.2500000000
91143  -2.554  25.270  48.271 0.1250000000
90327  -2.843  24.506  48.329 0.1250000000
90337  -3.251  24.216  47.384 0.1250000000
90160  5.404  25.561  63.092 0.5000000000
90981  5.141  26.166  63.378 0.5000000000
90980  5.934  25.942  62.976 0.5000000000
90993  2.390  26.110  60.733 0.5000000000
90985  6.555  25.897  62.112 0.5000000000
90986  6.202  25.544  62.423 0.5000000000
90172  6.147  24.692  60.849 0.5000000000
138259  -4.185  22.163  56.380 0.3750000000
89416  1.729  23.593  54.225 0.5000000000
91986  -2.508  26.266  47.091 0.1250000000
90347  -3.238  24.754  46.647 0.1250000000
92577  6.280  27.435  62.768 0.5000000000
91828  5.961  26.681  62.975 0.5000000000
91843  3.654  26.969  60.766 0.5000000000
91827  6.665  27.111  62.566 0.5000000000
92594  4.197  27.570  60.501 0.5000000000
91849  3.004  26.453  60.135 0.5000000000
91042  0.651  25.509  55.952 0.3750000000
91842  6.393  26.178  60.838 0.5000000000
91848  6.081  26.223  59.686 0.5000000000
134105  5.690  25.454  58.315 0.5000000000
91854  6.070  27.115  59.214 0.5000000000
91867  5.621  26.691  56.871 0.5000000000
91881  5.582  26.643  55.855 0.5000000000
91068  4.316  25.451  54.463 0.5000000000
90244  3.066  24.591  54.545 0.5000000000
90259  2.511  24.889  54.094 0.5000000000
91097  0.601  25.550  52.571 0.3750000000
91993  -2.709  26.204  46.184 0.1250000000
92736  -1.837  27.637  46.633 0.1250000000
92580  5.547  27.711  62.529 0.5000000000
92579  6.577  28.137  62.557 0.5000000000
91855  3.112  26.898  58.280 0.5000000000
92592  6.635  27.865  60.369 0.5000000000
92616  5.695  27.544  57.463 0.5000000000
135216  7.070  31.289  60.285 0.5000000000
93916  6.379  29.755  58.206 0.5000000000
95708  5.734  32.640  58.123 0.5000000000
94509  5.841  30.310  56.632 0.5000000000
91067  5.084  25.715  54.446 0.5000000000
91932  1.409  25.809  53.009 0.3750000000
93356  1.814  28.312  51.504 0.3750000000
93263  7.025  29.347  62.119 0.5000000000
93908  3.977  29.152  58.137 0.5000000000
94480  6.818  30.987  62.326 0.5000000000
131904  7.206  30.760  61.740 0.5000000000
119799  7.168  29.265  61.221 0.5000000000
94482  5.839  31.368  62.338 0.5000000000
93917  3.810  29.820  57.515 0.5000000000
93928  2.706  29.600  56.003 0.3750000000
93319  1.886  28.371  55.358 0.3750000000
95696  5.055  32.966  62.750 0.5000000000
95073  4.136  31.976  60.206 0.5000000000
95702  3.740  32.895  61.017 0.5000000000
95709  3.002  32.543  58.681 0.5000000000
95101  3.005  31.144  57.117 0.3750000000
97043  4.770  34.273  62.342 0.5000000000
97041  4.091  34.427  62.675 0.5000000000
96377  4.455  33.708  62.696 0.5000000000
97044  4.199  35.235  62.327 0.5000000000
97717  4.108  36.158  61.344 0.5000000000
93937  1.882  29.382  55.421 0.3750000000
95091  2.485  31.709  57.375 0.3750000000
94514  -0.332  31.012  56.384 0.3750000000
96385  1.196  34.519  60.146 0.5000000000
95730  -0.614  32.269  57.355 0.3750000000
97718  1.142  35.799  60.000 0.5000000000
97054  -0.174  34.110  58.030 0.5000000000
98426  3.799  37.265  60.737 0.5000000000
93940  -1.065  29.789  55.532 0.3750000000
95722  -0.746  32.838  57.434 0.5000000000
95740  -1.581  31.965  56.158 0.3750000000
97068  -0.422  33.820  56.196 0.5000000000
95739  -1.311  32.649  56.043 0.3750000000
96411  -0.179  33.934  55.164 0.3750000000
96420  -0.540  33.487  54.771 0.3750000000
59539  -13.348  -7.487  74.809 0.3750000000
137575  -13.582  -7.945  73.941 0.3750000000
133682  -14.829  -8.078  73.779 0.5000000000
58568  -14.894  -8.706  73.130 0.3750000000
58541  -12.521  -7.636  75.070 0.3750000000
58548  -13.726  -7.673  74.384 0.3750000000
57507  -15.345  -9.152  72.473 0.5000000000
57525  -15.812  -9.446  71.916 0.5000000000
57526  -16.440  -9.677  71.748 0.5000000000
137595  -16.891  -9.620  72.260 0.5000000000
119849  -16.087  -9.593  71.222 0.5000000000
56528  -17.135  -9.977  71.580 0.5000000000
119823  -17.933  -10.285  71.535 0.5000000000
57493  -8.450  -8.728  75.780 0.1250000000
59544  -14.301  -7.786  74.076 0.5000000000
129431  -9.380  -8.441  75.908 0.1250000000
58540  -10.892  -8.015  75.712 0.3750000000
116306  -14.382  -8.323  73.450 0.3750000000
116742  -11.578  -7.954  75.041 0.3750000000
133236  -18.374  -10.071  72.068 0.5000000000
56517  -19.154  -10.152  72.103 0.5000000000
56518  -20.150  -9.988  72.350 0.5000000000
57513  -21.811  -9.354  72.637 0.5000000000
56520  -22.225  -10.089  72.269 0.5000000000
57527  -17.659  -9.722  72.317 0.5000000000
57515  -23.428  -9.568  72.369 0.5000000000
58532  -10.168  -8.133  76.421 0.3750000000
58534  -11.762  -7.657  75.793 0.3750000000
59534  -12.992  -7.284  75.303 0.3750000000
58539  -9.972  -8.339  75.454 0.3750000000
58555  -15.379  -8.078  73.713 0.3750000000
57511  -19.343  -9.436  72.428 0.5000000000
138595  -20.783  -10.070  72.364 0.5000000000
56519  -21.389  -10.087  72.351 0.5000000000
57514  -22.770  -9.475  72.637 0.5000000000
58577  -23.577  -8.977  72.999 0.6250000000
66548  -0.392  -0.418  73.637 0.3750000000
62571  0.512  -4.176  69.851 0.3750000000
61578  1.447  -6.267  69.475 0.3750000000
59585  1.370  -7.178  69.065 0.6250000000
60602  1.780  -6.618  67.881 0.7500000000
130292  2.455  -6.997  67.751 0.7500000000
126611  -9.805  -8.086  77.171 0.2500000000
59524  -11.739  -6.946  77.115 0.3750000000
59525  -12.340  -6.944  76.492 0.3750000000
59530  -11.842  -7.320  76.529 0.3750000000
59533  -12.452  -7.303  75.840 0.3750000000
58533  -11.090  -7.669  76.479 0.3750000000
58569  -15.661  -8.746  73.250 0.5000000000
58576  -22.602  -8.559  73.023 0.5000000000
58560  -25.130  -7.893  73.259 0.6250000000
58578  -24.599  -8.720  72.819 0.6250000000
66617  -32.698  -0.653  67.049 0.6250000000
66552  -0.496  -0.524  72.743 0.3750000000
66557  -0.811  -0.678  71.907 0.3750000000
64550  -0.250  -2.571  70.540 0.3750000000
62587  0.079  -4.466  68.749 0.3750000000
61596  0.353  -5.277  67.708 0.5000000000
61610  0.707  -5.654  66.944 0.6250000000
61609  1.697  -6.133  66.678 0.7500000000
60620  3.058  -6.781  67.020 0.7500000000
61626  2.225  -5.767  65.996 0.7500000000
60619  3.679  -6.350  66.453 0.7500000000
60495  -11.987  -6.575  76.869 0.3750000000
128086  -12.899  -6.922  75.781 0.3750000000
60504  -13.721  -6.635  75.098 0.3750000000
59535  -13.446  -7.038  75.213 0.3750000000
59540  -14.006  -7.231  74.748 0.3750000000
59541  -14.527  -7.151  74.520 0.3750000000
57508  -15.894  -9.251  72.753 0.5000000000
131384  -20.215  -9.265  72.471 0.5000000000
58574  -21.047  -8.972  72.578 0.5000000000
60537  -26.574  -6.919  72.574 0.7500000000
59551  -25.495  -6.990  73.347 0.6250000000
67674  -32.761  0.081  66.914 0.7500000000
62617  -0.263  -4.863  66.933 0.7500000000
61505  -11.141  -6.253  77.549 0.3750000000
61506  -11.687  -6.304  77.134 0.3750000000
60499  -12.589  -6.498  76.236 0.5000000000
60503  -13.190  -6.491  75.568 0.5000000000
60507  -14.094  -6.473  74.701 0.5000000000
59545  -14.991  -7.412  74.109 0.5000000000
62532  -10.115  -4.937  73.404 0.5000000000
62552  -11.117  -4.663  71.125 0.6250000000
58556  -16.000  -8.035  73.562 0.3750000000
57510  -18.487  -9.573  72.428 0.5000000000
58575  -21.749  -8.593  72.774 0.5000000000
58558  -23.394  -8.058  73.244 0.6250000000
134779  -16.378  -9.423  72.547 0.5000000000
57509  -17.068  -9.160  72.908 0.5000000000
58559  -24.181  -8.030  73.307 0.6250000000
59550  -24.687  -7.019  73.527 0.7500000000
59552  -26.160  -6.999  73.054 0.7500000000
60528  -25.817  -6.205  73.053 0.7500000000
136053  -26.097  -6.470  72.571 0.7500000000
60562  -26.141  -6.936  70.816 0.7500000000
67686  -32.688  0.559  66.168 0.7500000000
63596  -29.730  -3.312  67.973 0.8750000000
63582  -30.138  -3.626  68.596 0.7500000000
59644  3.099  -8.020  61.837 0.6250000000
59656  2.968  -8.631  61.027 0.6250000000
59655  3.088  -7.393  60.855 0.6250000000
58712  2.690  -8.950  60.435 0.6250000000
129095  2.632  -8.230  60.355 0.6250000000
136770  -0.644  -6.922  58.611 0.3750000000
58726  2.444  -8.775  59.861 0.5000000000
58727  2.115  -8.831  59.326 0.5000000000
59695  1.290  -8.513  58.634 0.5000000000
59680  0.756  -7.789  58.818 0.5000000000
58744  1.612  -8.880  58.775 0.5000000000
61516  -12.854  -6.068  75.989 0.5000000000
61517  -13.469  -6.105  75.299 0.5000000000
116173  -13.663  -5.903  74.634 0.5000000000
133588  -11.428  -5.866  76.833 0.3750000000
61515  -12.165  -5.771  76.078 0.5000000000
60508  -14.637  -6.759  74.257 0.5000000000
61514  -11.118  -5.497  75.788 0.5000000000
119567  -11.833  -5.490  75.090 0.5000000000
61524  -12.089  -5.447  74.218 0.5000000000
60512  -15.231  -6.961  73.851 0.5000000000
127217  -10.803  -5.317  74.920 0.5000000000
61519  -11.010  -5.335  74.178 0.5000000000
61523  -11.244  -5.265  73.207 0.5000000000
62539  -11.075  -5.016  72.074 0.6250000000
59546  -15.489  -7.496  73.788 0.5000000000
58570  -16.310  -8.875  73.188 0.5000000000
58573  -19.634  -8.839  72.273 0.5000000000
58557  -16.693  -8.319  73.156 0.5000000000
117343  -17.856  -9.144  72.754 0.5000000000
58572  -18.564  -8.914  72.454 0.5000000000
63560  -10.932  -3.688  69.940 0.7500000000
60519  -25.722  -6.416  73.242 0.7500000000
60546  -25.823  -6.367  71.786 0.7500000000
117423  -26.290  -7.286  69.634 0.7500000000
60563  -27.089  -7.273  70.694 0.7500000000
60581  -28.706  -6.557  68.906 0.8750000000
116656  -27.892  -6.549  68.240 0.8750000000
60596  -28.508  -6.027  67.929 0.8750000000
62615  -29.750  -4.057  68.083 0.8750000000
69841  -32.546  2.011  64.407 0.5000000000
61606  -28.900  -5.235  67.768 0.8750000000
61711  -1.520  -5.800  58.762 0.2500000000
61712  -2.310  -5.295  58.305 0.2500000000
61719  -2.910  -5.488  57.016 0.1250000000
62724  -3.434  -5.038  56.954 0.1250000000
61730  -3.700  -5.246  56.278 0.1250000000
59667  2.654  -7.178  60.178 0.6250000000
60692  0.856  -7.043  59.520 0.6250000000
60693  0.018  -7.029  59.197 0.5000000000
60705  -1.216  -6.647  58.191 0.2500000000
127790  2.308  -7.059  59.875 0.6250000000
59679  1.418  -7.848  59.244 0.5000000000
118906  -12.816  -5.808  75.463 0.5000000000
61525  -13.005  -5.600  74.365 0.6250000000
60511  -14.162  -6.129  74.199 0.6250000000
118122  -12.460  -5.486  73.529 0.5000000000
61535  -12.801  -5.581  72.815 0.6250000000
132151  -11.920  -5.373  72.671 0.5000000000
61534  -12.033  -5.312  71.769 0.6250000000
61545  -11.780  -4.983  70.815 0.6250000000
60513  -15.789  -7.397  73.559 0.6250000000
62564  -11.304  -4.397  70.317 0.6250000000
134781  -20.448  -8.714  72.347 0.5000000000
59556  -17.140  -8.161  72.771 0.6250000000
59557  -17.791  -8.234  72.319 0.5000000000
58590  -19.169  -8.507  71.992 0.5000000000
58589  -18.319  -8.505  72.304 0.5000000000
59549  -23.810  -7.132  73.542 0.6250000000
60517  -24.347  -6.137  73.872 0.6250000000
61531  -25.303  -5.903  73.503 0.7500000000
60518  -25.105  -6.226  73.672 0.7500000000
60536  -25.403  -5.734  72.634 0.7500000000
60545  -25.126  -5.855  71.694 0.7500000000
116478  -25.262  -6.331  70.918 0.7500000000
61604  -22.255  -5.611  67.634 0.8750000000
60590  -22.833  -6.066  68.047 0.8750000000
60576  -23.553  -6.409  68.405 0.8750000000
61603  -21.760  -5.104  67.202 0.8750000000
61616  -21.594  -5.434  66.247 0.8750000000
70905  -31.897  2.760  63.311 0.3750000000
70895  -32.103  3.250  63.974 0.5000000000
126772  -1.112  -5.042  59.390 0.5000000000
62713  -1.997  -4.786  59.075 0.2500000000
62723  -3.000  -4.884  57.717 0.2500000000
127382  -3.713  -4.173  57.445 0.2500000000
62725  -4.013  -4.565  56.724 0.1250000000
61701  2.734  -6.059  60.018 0.7500000000
60691  1.705  -7.010  59.690 0.6250000000
61704  0.333  -6.090  59.526 0.6250000000
61705  -0.671  -6.111  59.257 0.3750000000
119578  -14.100  -5.999  73.652 0.7500000000
61526  -14.611  -6.436  73.803 0.7500000000
60524  -14.993  -6.632  73.345 0.6250000000
117756  -13.512  -5.699  73.816 0.7500000000
60514  -16.173  -7.439  73.103 0.6250000000
61546  -12.595  -5.406  71.034 0.7500000000
59555  -16.687  -7.820  72.953 0.6250000000
59548  -22.945  -7.416  73.379 0.6250000000
59567  -18.677  -8.048  71.688 0.6250000000
58591  -20.148  -8.311  71.991 0.5000000000
59558  -21.108  -8.170  72.414 0.5000000000
59568  -19.659  -7.834  71.599 0.6250000000
61541  -25.052  -5.552  73.419 0.7500000000
61530  -24.722  -5.607  73.787 0.7500000000
61551  -24.690  -5.230  72.034 0.7500000000
62598  -22.392  -4.211  68.873 0.7500000000
61573  -22.729  -4.858  69.358 0.7500000000
61561  -23.799  -5.292  70.434 0.7500000000
61562  -24.594  -5.630  71.063 0.7500000000
62613  -22.049  -4.712  68.054 0.8750000000
61589  -22.462  -5.243  68.522 0.8750000000
61590  -23.008  -5.720  68.941 0.7500000000
60560  -23.697  -6.047  69.412 0.7500000000
60561  -24.579  -6.338  70.015 0.7500000000
62619  -21.401  -4.457  66.729 0.8750000000
62646  -20.556  -4.016  65.326 0.8750000000
62629  -21.073  -4.789  65.807 0.8750000000
70904  -31.432  3.071  62.921 0.5000000000
62701  -1.490  -4.142  59.360 0.5000000000
62714  -2.664  -4.365  58.540 0.2500000000
129136  2.665  -5.054  59.837 0.7500000000
61702  1.957  -5.048  59.681 0.6250000000
126947  0.924  -5.111  59.631 0.6250000000
62700  -0.536  -4.224  59.528 0.5000000000
127849  2.229  -6.013  59.779 0.7500000000
61536  -13.655  -5.836  72.999 0.7500000000
61537  -14.347  -6.230  72.988 0.7500000000
60531  -14.968  -6.579  72.453 0.7500000000
127257  -15.622  -6.951  73.173 0.7500000000
118040  -13.073  -5.685  72.031 0.7500000000
61556  -12.164  -4.921  70.098 0.7500000000
60533  -16.067  -7.198  72.622 0.6250000000
59565  -16.659  -7.552  72.226 0.6250000000
62577  -11.551  -4.165  69.559 0.8750000000
59566  -17.244  -7.900  72.333 0.6250000000
132078  -17.494  -7.555  71.326 0.6250000000
59559  -22.046  -7.663  73.027 0.5000000000
63567  -11.838  -3.848  68.856 0.8750000000
59573  -18.373  -7.571  71.031 0.6250000000
122067  -21.382  -7.256  72.722 0.6250000000
60527  -22.578  -6.756  73.420 0.6250000000
60535  -20.587  -7.304  72.114 0.7500000000
60516  -23.402  -6.200  73.744 0.6250000000
61529  -23.999  -5.180  74.049 0.7500000000
62543  -24.210  -4.235  73.487 0.7500000000
61540  -24.679  -4.979  73.073 0.7500000000
129757  -24.406  -4.947  73.734 0.7500000000
62567  -22.986  -3.689  70.446 0.7500000000
62568  -23.607  -4.244  71.104 0.7500000000
62582  -22.673  -3.988  69.682 0.7500000000
62569  -24.135  -4.956  71.390 0.7500000000
63594  -21.949  -3.253  68.017 0.8750000000
139448  -22.104  -3.890  68.287 0.7500000000
63601  -20.652  -3.003  65.869 0.8750000000
63602  -21.046  -3.710  66.284 0.8750000000
62612  -21.744  -4.140  67.611 0.8750000000
131581  -20.269  -3.143  65.221 0.8750000000
70903  -30.845  3.411  62.578 0.6250000000
63672  0.124  -3.373  59.402 0.6250000000
62702  -2.253  -3.890  59.081 0.2500000000
62698  1.644  -4.163  59.496 0.7500000000
127695  -0.135  -5.144  59.579 0.6250000000
61548  -14.230  -6.192  71.815 0.7500000000
121748  -13.780  -5.949  72.277 0.7500000000
60532  -15.618  -6.846  72.095 0.7500000000
61547  -13.471  -5.763  71.330 0.7500000000
61557  -13.075  -5.447  70.359 0.7500000000
62578  -12.256  -4.539  69.245 0.7500000000
59574  -19.198  -7.335  71.015 0.6250000000
60525  -21.303  -6.362  72.656 0.6250000000
60526  -21.943  -6.595  73.167 0.7500000000
61527  -22.559  -4.730  73.752 0.7500000000
60515  -22.610  -5.821  73.543 0.6250000000
63530  -22.998  -3.629  73.844 0.7500000000
61528  -23.393  -4.478  74.035 0.7500000000
130702  -22.677  -2.961  72.846 0.7500000000
63542  -23.123  -3.384  73.315 0.7500000000
62554  -23.748  -3.709  72.932 0.7500000000
62535  -23.929  -4.324  74.055 0.7500000000
64555  -22.442  -1.958  71.109 0.7500000000
63562  -22.817  -2.861  70.778 0.7500000000
120905  -23.614  -3.789  71.961 0.7500000000
62555  -24.154  -4.392  72.293 0.7500000000
129374  -22.248  -2.417  68.469 0.7500000000
64570  -22.541  -2.393  69.363 0.7500000000
63570  -22.624  -3.170  69.788 0.7500000000
120629  -21.781  -2.527  67.633 0.8750000000
63581  -22.359  -3.254  68.857 0.7500000000
64588  -20.795  -2.091  66.114 0.8750000000
64589  -21.291  -2.583  66.711 0.8750000000
63593  -21.515  -3.442  67.164 0.8750000000
137185  -18.827  -2.048  64.212 0.8750000000
71897  -29.795  4.882  62.761 0.6250000000
64634  -17.619  -2.135  62.723 0.8750000000
64622  -18.188  -2.321  63.202 0.8750000000
64661  -1.598  -2.738  59.088 0.3750000000
62699  0.545  -4.216  59.558 0.7500000000
61558  -13.976  -5.886  70.499 0.7500000000
132792  -15.762  -6.784  71.124 0.7500000000
123802  -16.219  -7.138  71.695 0.6250000000
132401  -16.814  -7.319  71.211 0.6250000000
60544  -18.004  -7.237  70.465 0.6250000000
124425  -18.756  -6.827  70.292 0.6250000000
122351  -19.532  -6.389  70.747 0.7500000000
61550  -20.709  -6.062  71.983 0.7500000000
61538  -21.214  -5.186  72.779 0.6250000000
61549  -20.134  -5.654  71.388 0.7500000000
61539  -21.870  -5.529  73.245 0.7500000000
124778  -20.465  -3.696  72.438 0.7500000000
62540  -21.039  -4.120  73.000 0.7500000000
63529  -22.345  -3.612  73.615 0.7500000000
62533  -22.837  -4.017  73.969 0.7500000000
64546  -21.610  -2.019  72.279 0.7500000000
63540  -21.757  -3.071  73.332 0.7500000000
63541  -22.470  -3.196  73.369 0.7500000000
65575  -22.284  -0.986  70.742 0.7500000000
65565  -21.949  -1.541  71.595 0.7500000000
64547  -22.181  -2.041  72.015 0.7500000000
63554  -22.702  -2.608  71.963 0.7500000000
66579  -22.330  -0.344  69.977 0.7500000000
65593  -22.476  -1.520  69.008 0.7500000000
65582  -22.577  -1.679  70.038 0.7500000000
66615  -21.097  -0.837  67.005 0.8750000000
139351  -22.053  -0.472  68.054 0.7500000000
131910  -21.661  -1.882  67.345 0.7500000000
65610  -20.638  -1.345  66.325 0.8750000000
66624  -18.412  -0.630  65.055 0.8750000000
65618  -19.218  -1.227  65.191 0.8750000000
65620  -20.318  -1.735  65.736 0.8750000000
72853  -30.425  5.126  63.446 0.6250000000
65631  -17.916  -1.136  64.272 0.8750000000
65648  -18.348  -1.879  63.924 0.8750000000
65646  -16.818  -1.103  63.056 0.8750000000
65659  -17.078  -1.677  62.578 0.8750000000
64660  -0.397  -2.696  59.126 0.3750000000
60541  -14.952  -6.455  71.097 0.7500000000
61567  -12.765  -5.109  69.639 0.7500000000
60542  -16.380  -6.922  70.648 0.6250000000
60543  -17.267  -7.026  70.261 0.7500000000
61560  -19.698  -5.376  70.847 0.7500000000
62553  -19.957  -4.377  71.521 0.7500000000
63552  -19.908  -3.271  71.849 0.7500000000
64554  -20.376  -1.832  71.678 0.7500000000
64545  -20.755  -2.200  72.267 0.7500000000
64544  -20.044  -2.527  71.871 0.7500000000
66571  -21.961  -0.211  70.686 0.7500000000
65574  -21.678  -0.958  71.223 0.7500000000
65564  -21.257  -1.577  71.807 0.7500000000
67662  -21.917  0.684  68.423 0.8750000000
119339  -22.231  0.033  68.484 0.7500000000
66614  -20.810  -0.113  67.136 0.8750000000
66606  -21.663  -0.170  67.728 0.7500000000
67682  -18.584  0.131  65.686 0.8750000000
66625  -19.733  -0.303  66.231 0.8750000000
121227  -19.169  -0.514  65.670 0.8750000000
129088  -16.491  -0.547  63.304 0.8750000000
73773  -28.634  6.619  61.352 0.5000000000
74655  -28.933  7.467  61.356 0.5000000000
74678  -28.729  7.051  60.033 0.3750000000
74666  -29.088  7.778  60.608 0.3750000000
122935  -14.076  -5.646  69.493 0.7500000000
61569  -14.700  -6.090  69.772 0.7500000000
62608  -13.690  -4.189  67.626 0.8750000000
62593  -13.317  -4.577  68.311 0.7500000000
60556  -15.641  -6.498  70.015 0.7500000000
63578  -12.970  -3.830  67.877 0.8750000000
62592  -12.534  -4.213  68.533 0.8750000000
60557  -16.567  -6.604  69.599 0.7500000000
60559  -18.031  -6.688  69.748 0.7500000000
136845  -18.596  -6.180  69.632 0.7500000000
61559  -19.240  -5.620  70.133 0.7500000000
62565  -19.091  -4.316  70.191 0.7500000000
64553  -19.138  -2.522  70.585 0.7500000000
133892  -19.452  -3.709  71.030 0.7500000000
67624  -20.793  0.329  70.633 0.8750000000
65581  -19.809  -1.083  70.526 0.7500000000
65572  -20.083  -1.438  71.114 0.7500000000
67638  -22.013  1.479  70.344 0.8750000000
66570  -21.400  -0.481  70.937 0.7500000000
65573  -20.932  -1.126  71.367 0.7500000000
68743  -21.632  1.992  68.781 0.8750000000
68744  -22.146  1.551  69.243 0.8750000000
66578  -22.239  0.580  70.061 0.7500000000
68754  -20.819  1.375  67.750 0.8750000000
67661  -21.215  0.592  67.700 0.8750000000
67670  -18.882  0.750  66.210 0.8750000000
67671  -19.655  0.496  66.587 0.8750000000
67681  -17.871  0.292  65.251 0.8750000000
75639  -29.307  8.089  61.337 0.5000000000
75650  -29.629  8.586  60.977 0.5000000000
73791  -29.006  7.059  59.365 0.3750000000
74680  -29.612  7.401  58.979 0.3750000000
74679  -29.331  7.617  59.708 0.3750000000
61585  -13.708  -5.254  68.821 0.7500000000
60558  -17.359  -6.451  69.250 0.7500000000
61571  -18.120  -6.014  69.060 0.7500000000
60575  -17.465  -5.712  68.603 0.7500000000
61572  -18.653  -5.173  69.489 0.7500000000
63568  -17.912  -3.951  68.650 0.7500000000
122229  -18.324  -1.641  68.953 0.7500000000
64569  -18.274  -2.526  69.127 0.7500000000
62581  -18.541  -3.923  69.484 0.7500000000
63561  -19.025  -3.304  70.431 0.7500000000
122781  -19.158  0.173  69.516 0.8750000000
137581  -19.188  -0.514  69.587 0.7500000000
64558  -18.778  -2.135  69.875 0.7500000000
68733  -21.807  2.064  70.474 0.8750000000
67637  -21.357  1.199  70.629 0.8750000000
139937  -22.077  2.084  69.517 0.8750000000
68734  -22.190  2.091  70.009 0.8750000000
68753  -20.026  1.800  67.373 0.8750000000
68767  -19.368  1.323  66.743 0.8750000000
75662  -29.896  8.399  60.080 0.3750000000
137466  -29.997  7.951  59.309 0.3750000000
74690  -29.868  7.113  58.277 0.3750000000
73815  -30.525  6.872  57.007 0.2500000000
74710  -30.628  7.284  57.741 0.3750000000
126447  -15.313  -5.531  68.257 0.7500000000
60573  -16.043  -6.302  69.031 0.7500000000
63591  -15.935  -3.471  67.021 0.7500000000
135028  -15.794  -5.026  67.743 0.7500000000
62596  -16.679  -4.910  67.871 0.7500000000
61588  -16.868  -5.491  68.270 0.7500000000
66605  -17.202  -0.906  67.810 0.8750000000
137481  -16.640  -2.059  67.326 0.7500000000
63592  -16.869  -3.286  67.588 0.7500000000
63579  -17.253  -4.031  67.947 0.7500000000
67651  -18.468  0.684  69.112 0.8750000000
128109  -17.843  -0.801  68.340 0.8750000000
64568  -17.810  -2.245  68.512 0.7500000000
63580  -17.684  -3.056  68.402 0.7500000000
137572  -18.590  0.074  68.965 0.8750000000
120424  -18.643  -0.577  69.023 0.7500000000
68725  -21.330  2.509  70.436 0.8750000000
75663  -30.717  8.464  59.381 0.3750000000
119773  -31.514  8.414  58.809 0.3750000000
74691  -30.632  7.800  58.565 0.3750000000
74692  -31.569  7.706  57.848 0.3750000000
73816  -31.312  7.307  57.138 0.3750000000
73825  -30.677  6.728  56.163 0.1250000000
131870  -31.185  7.101  56.505 0.2500000000
72944  -30.716  6.468  55.299 0.1250000000
126679  -14.117  -3.734  67.144 0.8750000000
62594  -14.077  -4.909  68.070 0.7500000000
61586  -14.555  -5.560  68.708 0.7500000000
64579  -14.176  -2.956  66.913 0.8750000000
62609  -14.508  -4.353  67.432 0.7500000000
62595  -14.924  -5.054  67.820 0.7500000000
65603  -15.143  -1.430  67.190 0.8750000000
64580  -15.267  -2.546  66.836 0.8750000000
62610  -15.410  -4.329  67.346 0.7500000000
65604  -16.772  -1.507  67.506 0.8750000000
76710  -31.785  9.098  59.594 0.3750000000
118551  -32.055  7.511  57.214 0.3750000000
73817  -31.912  7.273  56.578 0.2500000000
75664  -32.483  8.795  58.925 0.3750000000
74693  -32.709  7.816  57.724 0.3750000000
73827  -32.646  7.111  56.069 0.2500000000
134990  -34.216  9.055  59.245 0.3750000000
74711  -32.692  7.434  56.905 0.3750000000
74694  -33.767  8.005  57.966 0.3750000000
131878  -33.341  7.610  57.313 0.3750000000
73828  -33.602  7.064  55.900 0.3750000000
73839  -33.747  6.776  55.257 0.3750000000
75667  -35.657  9.427  59.485 0.5000000000
75682  -34.293  8.522  58.655 0.3750000000
75666  -35.239  8.941  59.195 0.3750000000
74712  -34.091  7.608  57.347 0.3750000000
74695  -34.858  8.183  58.223 0.3750000000
73829  -34.260  7.324  56.517 0.3750000000
75683  -36.054  8.984  59.236 0.6250000000
74696  -35.904  8.670  58.831 0.5000000000
74713  -34.900  7.609  57.300 0.3750000000
73830  -35.080  7.349  56.453 0.3750000000
73840  -34.500  6.983  55.618 0.3750000000
73850  -34.234  6.651  54.700 0.3750000000
72959  -33.745  6.475  53.838 0.3750000000
74697  -36.651  8.965  59.072 0.5000000000
75668  -36.474  9.153  59.219 0.5000000000
120845  -36.474  8.463  58.411 0.5000000000
132030  -36.230  7.884  57.540 0.3750000000
74714  -35.659  8.073  57.934 0.3750000000
116450  -35.909  7.454  56.624 0.3750000000
73841  -35.466  7.145  55.717 0.3750000000
117752  -35.111  6.745  54.912 0.3750000000
73860  -35.638  6.679  53.821 0.3750000000
72974  -34.270  6.480  53.314 0.3750000000
135121  -35.039  6.513  53.163 0.3750000000
72989  -34.083  6.435  52.551 0.2500000000
72990  -34.884  6.456  52.310 0.2500000000
73007  -34.932  6.430  51.489 0.1250000000
87697  -17.098  21.761  57.868 0.2500000000
87698  -18.230  21.395  58.203 0.2500000000
75685  -38.273  8.908  58.551 0.6250000000
74716  -37.623  8.398  57.938 0.6250000000
74742  -36.305  7.288  55.974 0.3750000000
117408  -35.903  6.949  55.108 0.3750000000
73851  -35.565  6.745  54.431 0.3750000000
123078  -35.750  6.470  50.410 0.1250000000
73891  -37.186  6.753  50.707 0.1250000000
74821  -38.745  7.682  49.603 0.3750000000
134810  -35.138  6.436  50.783 0.1250000000
75819  -39.855  8.461  49.083 0.3750000000
94493  -14.299  30.715  61.018 0.2500000000
93905  -14.461  29.909  60.909 0.2500000000
93273  -14.688  29.261  61.698 0.2500000000
93284  -15.008  28.449  61.371 0.2500000000
92598  -14.598  28.076  60.100 0.2500000000
91852  -15.550  26.586  60.424 0.2500000000
91007  -15.508  25.826  59.640 0.2500000000
88519  -16.969  22.559  58.591 0.2500000000
89363  -16.809  23.953  59.447 0.2500000000
91853  -15.982  26.286  61.115 0.2500000000
73852  -36.252  6.940  54.467 0.3750000000
73869  -35.805  6.630  53.276 0.3750000000
74802  -38.132  7.425  51.716 0.3750000000
116207  -35.646  6.552  52.672 0.2500000000
73881  -36.219  6.614  52.002 0.2500000000
73882  -37.018  6.787  51.573 0.1250000000
74801  -37.684  7.049  51.263 0.3750000000
117350  -38.351  7.430  50.267 0.3750000000
73880  -35.470  6.496  51.999 0.1250000000
73889  -35.654  6.484  51.294 0.1250000000
74814  -37.851  7.055  50.497 0.2500000000
75802  -39.445  8.404  49.881 0.3750000000
95070  -13.127  31.211  61.578 0.2500000000
93898  -14.311  30.034  61.780 0.2500000000
92599  -15.260  27.589  60.905 0.2500000000
73853  -37.067  7.207  54.960 0.3750000000
73861  -36.271  6.826  53.662 0.3750000000
73870  -36.401  6.731  52.923 0.2500000000
73871  -36.877  6.818  52.325 0.3750000000
74788  -37.539  7.097  52.144 0.3750000000
132707  -37.384  7.176  53.623 0.3750000000
119857  -37.155  6.976  52.904 0.5000000000
87104  -46.063  21.086  32.821 0.5000000000
87930  -44.603  22.379  34.983 0.5000000000
123147  -44.512  20.972  33.328 0.5000000000
124706  -45.137  20.795  32.747 0.5000000000
58522  -9.878  -7.360  78.430 0.3750000000
57489  -8.269  -8.738  76.800 0.1250000000
57488  -7.566  -9.213  76.127 0.1250000000
56499  -7.007  -9.834  75.514 0.1250000000
57492  -7.687  -9.375  75.139 0.1250000000
58531  -9.203  -8.424  76.638 0.1250000000
58526  -9.019  -8.350  77.537 0.1250000000
117213  -9.199  -7.910  78.331 0.2500000000
138405  -9.581  -5.244  75.688 0.5000000000
59523  -11.042  -7.008  77.682 0.3750000000
119629  -10.555  -5.818  77.437 0.3750000000
61513  -9.970  -5.253  75.215 0.5000000000
61511  -10.214  -5.468  76.327 0.5000000000
58546  -10.582  -8.261  74.814 0.3750000000
58517  -9.126  -7.378  79.043 0.3750000000
57516  -24.105  -9.333  72.252 0.6250000000
60549  -29.867  -7.223  70.672 0.7500000000
135485  -29.939  -5.476  69.016 0.8750000000
118217  -29.336  -6.796  69.946 0.8750000000
59560  -26.865  -7.471  72.700 0.7500000000
59575  -28.611  -7.509  71.313 0.7500000000
60582  -29.711  -6.210  69.318 0.8750000000
60565  -28.991  -7.245  70.650 0.7500000000
58561  -26.040  -7.689  73.043 0.7500000000
60547  -26.781  -6.994  71.843 0.7500000000
61607  -29.675  -4.858  68.413 0.8750000000
65619  -19.768  -1.844  65.184 0.8750000000
64594  -20.288  -2.396  65.471 0.8750000000
66637  -17.547  -0.272  64.601 0.8750000000
66654  -17.094  -0.688  63.837 0.8750000000
60577  -24.332  -6.755  68.817 0.7500000000
127292  -25.460  -6.946  70.108 0.7500000000
61617  -22.122  -5.903  66.718 0.8750000000
69793  -21.557  2.882  69.645 0.8750000000
69804  -20.804  2.254  68.178 0.8750000000
60579  -26.883  -7.306  68.928 0.7500000000
60580  -27.747  -7.122  68.873 0.8750000000
69780  -21.396  2.956  70.284 0.8750000000
66543  -0.329  0.105  74.312 0.3750000000
67594  -0.391  -0.121  73.396 0.3750000000
62538  -10.141  -4.646  72.428 0.6250000000
62531  -9.366  -4.617  73.682 0.5000000000
65566  -0.091  -2.233  71.342 0.3750000000
65560  -0.467  -1.446  71.603 0.3750000000
62520  -9.160  -5.191  76.056 0.5000000000
61510  -9.549  -5.403  77.078 0.3750000000
63585  -0.713  -3.951  67.904 0.3750000000
69852  -32.304  2.432  63.836 0.3750000000
64584  -29.731  -2.536  67.947 0.8750000000
59600  3.501  -7.035  66.891 0.6250000000
124637  3.386  -7.637  62.746 0.6250000000
76709  -30.799  9.104  60.132 0.3750000000
75665  -33.345  9.066  59.194 0.3750000000
74715  -36.915  8.242  57.973 0.5000000000
74757  -37.620  7.326  54.518 0.6250000000
74822  -39.337  8.078  49.092 0.5000000000
124716  -44.614  12.672  41.315 0.3750000000
80856  -45.180  14.089  40.448 0.3750000000
87078  -44.576  21.739  34.141 0.5000000000
87117  -45.662  20.391  32.209 0.5000000000
130661  -21.487  2.597  69.017 0.8750000000
139637  -16.002  -1.197  67.314 0.8750000000
66604  -16.418  -0.669  67.647 0.8750000000
66590  -17.059  -0.073  68.098 0.8750000000
68742  -18.779  1.425  69.563 0.8750000000
63589  -13.472  -3.391  67.358 0.8750000000
62603  -0.175  -4.662  67.813 0.3750000000
139631  -37.004  7.424  56.263 0.3750000000
73842  -36.637  7.204  55.405 0.5000000000
74773  -37.967  7.342  52.947 0.5000000000
74815  -38.268  7.409  50.942 0.3750000000
75801  -38.803  7.874  50.500 0.3750000000
62602  0.621  -5.332  68.617 0.3750000000
61595  1.200  -6.029  68.344 0.5000000000
60585  1.818  -6.854  68.906 0.5000000000
120234  2.111  -7.303  68.353 0.6250000000
60601  2.454  -7.454  67.777 0.7500000000
58528  -10.540  -7.600  77.241 0.3750000000
58527  -9.841  -7.778  77.785 0.3750000000
59529  -11.295  -7.295  77.065 0.3750000000
58579  -25.629  -8.494  72.658 0.6250000000
60498  -12.205  -6.128  76.621 0.5000000000
61499  -10.449  -6.248  78.069 0.3750000000
60491  -10.752  -6.586  77.886 0.3750000000
60494  -11.402  -6.589  77.401 0.3750000000
61520  -13.212  -5.791  74.969 0.5000000000
62528  -10.026  -5.140  74.277 0.5000000000
58571  -17.531  -8.645  72.674 0.5000000000
59678  2.233  -8.131  59.761 0.6250000000
60704  0.072  -7.679  58.198 0.5000000000
59694  1.837  -8.475  59.156 0.5000000000
132009  1.914  -7.799  59.577 0.6250000000
58745  1.035  -8.876  58.243 0.2500000000
59547  -16.224  -7.753  73.312 0.6250000000
60548  -27.799  -7.404  71.547 0.7500000000
60564  -28.064  -7.318  70.619 0.7500000000
121731  -27.407  -7.408  72.168 0.7500000000
117410  -27.399  -7.302  69.714 0.7500000000
61591  -29.297  -5.728  68.533 0.8750000000
61717  -1.844  -6.200  57.837 0.2500000000
61718  -2.444  -5.740  57.409 0.1250000000
61703  1.347  -6.052  59.626 0.6250000000
63674  -1.770  -3.477  59.262 0.3750000000
131041  -17.937  -7.883  71.806 0.6250000000
62583  -23.126  -4.533  70.150 0.7500000000
134242  -23.226  -5.307  69.689 0.7500000000
63673  -0.982  -3.436  59.369 0.3750000000
60534  -19.971  -6.829  71.432 0.7500000000
119523  -23.241  -5.213  73.873 0.7500000000
63563  -23.218  -3.380  71.377 0.7500000000
133460  -22.507  -3.615  69.302 0.7500000000
61568  -13.437  -5.414  69.628 0.7500000000
62542  -23.658  -3.800  73.797 0.7500000000
63555  -23.188  -3.266  72.410 0.7500000000
64541  -22.090  -2.511  72.792 0.7500000000
64560  -22.663  -2.407  70.186 0.7500000000
64583  -22.104  -1.678  68.058 0.7500000000
65611  -21.259  -1.626  66.812 0.8750000000
64606  -18.748  -1.553  64.587 0.8750000000
122974  -20.595  -4.770  72.224 0.7500000000
62541  -21.722  -4.495  73.399 0.7500000000
63553  -20.483  -2.884  72.505 0.7500000000
63539  -21.020  -3.282  73.063 0.7500000000
121891  -21.650  -3.728  73.413 0.7500000000
64540  -21.225  -2.606  72.833 0.7500000000
134968  -22.493  -1.034  69.797 0.7500000000
66591  -22.450  -0.005  69.218 0.7500000000
65592  -22.283  -0.753  68.488 0.7500000000
65605  -21.751  -1.061  67.622 0.7500000000
118888  -20.397  -0.638  66.521 0.8750000000
66626  -19.918  -1.093  65.810 0.8750000000
65647  -17.547  -1.595  63.398 0.8750000000
62566  -19.507  -4.650  70.716 0.7500000000
125837  -19.471  -2.865  71.243 0.7500000000
67652  -22.338  0.781  69.234 0.7500000000
68755  -21.569  1.252  68.340 0.8750000000
66613  -20.190  -0.019  66.709 0.8750000000
67683  -19.177  0.095  66.077 0.8750000000
131992  -28.610  7.082  60.750 0.3750000000
60574  -16.708  -6.180  68.733 0.7500000000
63569  -18.636  -2.900  69.817 0.7500000000
64559  -19.387  -1.807  70.577 0.7500000000
67636  -20.187  0.750  70.338 0.8750000000
66568  -19.816  -0.301  70.222 0.7500000000
66569  -20.705  -0.535  70.876 0.7500000000
118076  -19.667  -2.173  71.262 0.7500000000
131478  -22.294  1.434  69.864 0.8750000000
67625  -21.568  0.403  70.620 0.7500000000
67672  -20.428  0.559  67.148 0.8750000000
68768  -20.035  1.110  67.097 0.8750000000
61570  -15.340  -6.041  68.962 0.7500000000
62580  -18.082  -4.926  68.837 0.7500000000
62597  -17.430  -4.809  68.293 0.7500000000
136090  -18.249  -3.218  69.098 0.7500000000
65591  -17.563  -1.588  68.105 0.7500000000
67635  -19.472  1.150  69.839 0.8750000000
68732  -20.776  1.696  70.518 0.8750000000
65580  -19.172  -1.206  69.760 0.7500000000
69787  -21.929  2.433  69.632 0.8750000000
69786  -21.769  2.630  70.152 0.8750000000
132387  -30.006  6.845  57.661 0.2500000000
61587  -16.075  -5.733  68.303 0.7500000000
62611  -16.365  -4.202  67.497 0.7500000000
64581  -16.376  -2.587  67.167 0.8750000000
126123  -18.032  0.020  68.590 0.8750000000
64582  -17.188  -2.340  67.753 0.8750000000
75680  -32.162  8.217  58.317 0.3750000000
75681  -33.289  8.486  58.544 0.3750000000
74727  -33.438  7.361  56.649 0.3750000000
132615  -33.023  6.781  55.351 0.3750000000
138113  -35.535  7.616  57.173 0.3750000000
73859  -34.834  6.557  54.008 0.3750000000
74728  -36.840  7.715  57.063 0.3750000000
73890  -36.408  6.569  50.983 0.1250000000
90195  -16.297  24.534  59.422 0.2500000000
138094  -36.785  6.947  53.432 0.3750000000
73862  -36.838  7.092  54.084 0.3750000000
87090  -43.815  20.887  33.868 0.5000000000
87102  -44.293  20.291  32.674 0.3750000000
59519  -9.864  -6.954  78.908 0.3750000000
61504  -9.807  -5.825  78.018 0.3750000000
58523  -10.393  -7.315  77.933 0.3750000000
58580  -26.602  -8.267  72.556 0.6250000000
60529  -27.087  -7.326  72.391 0.7500000000
116375  -28.383  -7.138  69.742 0.8750000000
59569  -28.376  -7.722  71.796 0.7500000000
59561  -27.801  -7.661  72.122 0.7500000000
59577  -30.061  -7.649  70.891 0.6250000000
126895  -27.404  -8.140  72.362 0.6250000000
120732  -27.506  -7.664  72.348 0.6250000000
58582  -28.405  -7.878  71.939 0.6250000000
58581  -27.996  -8.040  72.150 0.6250000000
57544  -26.516  -9.069  70.845 0.1250000000
57533  -28.167  -8.660  71.156 0.3750000000
57534  -28.746  -8.484  71.179 0.5000000000
57547  -29.047  -8.523  70.792 0.5000000000
58594  -30.038  -7.925  70.968 0.5000000000
60551  -31.030  -7.073  70.220 0.3750000000
59579  -31.168  -7.329  70.112 0.2500000000
60568  -31.458  -6.638  69.778 0.3750000000
56534  -23.919  -10.021  71.174 0.5000000000
57529  -24.378  -9.546  71.561 0.5000000000
57517  -25.087  -9.040  71.925 0.5000000000
139865  -25.048  -9.338  71.328 0.3750000000
57530  -25.872  -9.119  71.374 0.5000000000
57531  -26.833  -8.818  71.422 0.3750000000
136540  -22.099  -11.433  69.862 0.1250000000
56545  -23.435  -10.453  70.702 0.2500000000
56546  -24.048  -10.049  70.485 0.2500000000
57556  -25.781  -9.340  70.212 0.1250000000
127765  -29.611  -7.885  71.245 0.5000000000
59578  -30.612  -7.593  70.493 0.3750000000
60567  -30.946  -6.553  69.989 0.3750000000
61575  -31.207  -5.869  69.577 0.6250000000
63597  -32.661  -3.779  67.403 0.6250000000
63598  -32.618  -2.979  67.657 0.6250000000
59513  -7.867  -7.004  80.350 0.2500000000
135956  -8.732  -7.170  79.679 0.2500000000
60481  -7.010  -6.597  80.693 0.2500000000
59515  -8.572  -6.968  79.916 0.2500000000
57528  -23.693  -9.835  71.816 0.5000000000
58516  -8.279  -7.678  79.535 0.2500000000
56533  -23.293  -10.307  71.405 0.3750000000
56532  -22.544  -10.550  71.529 0.2500000000
139568  -21.608  -11.192  70.772 0.2500000000
56544  -22.924  -10.647  70.939 0.2500000000
57532  -27.704  -8.570  71.695 0.3750000000
55570  -20.745  -11.573  69.576 0.2500000000
59570  -29.013  -7.924  71.596 0.5000000000
61574  -30.479  -5.857  69.502 0.6250000000
61593  -30.848  -5.227  69.382 0.6250000000
62599  -30.273  -4.265  68.809 0.6250000000
125846  -31.300  -3.982  69.447 0.6250000000
121674  -8.398  -6.451  79.697 0.2500000000
59520  -10.425  -6.922  78.298 0.2500000000
58547  -12.188  -7.925  74.542 0.2500000000
58553  -11.281  -8.233  74.099 0.1250000000
58554  -12.212  -8.080  73.924 0.1250000000
56521  -23.025  -10.039  72.063 0.3750000000
58564  -10.947  -8.621  72.258 0.1250000000
55558  -20.336  -11.331  70.170 0.2500000000
55548  -21.235  -10.986  71.172 0.3750000000
57518  -26.204  -8.815  71.935 0.5000000000
56554  -18.492  -10.800  69.798 0.2500000000
56571  -17.242  -10.009  68.077 0.2500000000
56553  -17.744  -10.408  69.443 0.2500000000
55567  -18.498  -10.950  68.873 0.2500000000
55569  -19.990  -11.470  69.392 0.2500000000
63583  -30.745  -3.556  69.235 0.6250000000
65597  -32.705  -1.616  68.140 0.6250000000
60487  -8.917  -6.778  79.552 0.2500000000
60488  -9.585  -6.674  79.038 0.2500000000
116741  -12.988  -7.828  74.317 0.2500000000
56530  -20.850  -10.490  71.940 0.3750000000
56531  -21.726  -10.592  71.784 0.3750000000
117892  -11.630  -8.306  73.162 0.1250000000
116740  -12.771  -8.190  73.360 0.1250000000
55547  -19.978  -10.545  71.730 0.3750000000
56542  -18.512  -10.649  70.802 0.2500000000
56543  -19.269  -10.695  71.267 0.3750000000
58585  -11.284  -8.667  71.487 0.1250000000
56562  -17.138  -9.919  69.004 0.2500000000
57567  -16.575  -9.470  68.552 0.2500000000
58653  -12.937  -8.632  66.585 0.1250000000
61498  -9.827  -6.254  78.657 0.2500000000
58566  -13.726  -8.283  73.358 0.1250000000
58565  -11.995  -8.412  72.313 0.1250000000
132823  -13.139  -8.452  72.304 0.1250000000
124012  -13.159  -8.506  71.350 0.1250000000
58587  -13.897  -8.696  71.725 0.1250000000
57539  -14.901  -8.994  71.110 0.1250000000
58600  -13.630  -8.588  70.744 0.1250000000
58601  -14.398  -8.725  70.492 0.1250000000
57540  -15.534  -9.316  70.943 0.2500000000
57541  -16.193  -9.521  70.459 0.2500000000
56552  -16.949  -9.864  69.991 0.2500000000
58607  -12.028  -8.680  69.947 0.1250000000
58609  -13.687  -8.546  69.812 0.1250000000
58610  -14.455  -8.633  69.629 0.1250000000
57553  -15.712  -9.140  69.968 0.2500000000
58618  -12.024  -8.786  69.158 0.1250000000
121154  -12.850  -8.629  69.107 0.1250000000
58620  -13.624  -8.542  68.929 0.1250000000
58611  -15.186  -8.751  69.378 0.1250000000
57566  -15.934  -8.974  69.021 0.2500000000
136455  -12.345  -8.756  68.718 0.1250000000
58619  -12.708  -8.628  68.283 0.1250000000
58621  -14.462  -8.547  68.685 0.1250000000
58622  -15.293  -8.675  68.397 0.1250000000
57565  -11.937  -8.911  68.341 0.1250000000
58630  -14.450  -8.486  67.682 0.1250000000
58631  -15.332  -8.630  67.342 0.1250000000
57578  -12.111  -8.954  67.572 0.1250000000
58628  -12.831  -8.585  67.352 0.1250000000
58629  -13.579  -8.459  67.976 0.1250000000
61497  -9.157  -5.789  78.660 0.2500000000
58588  -14.673  -8.985  72.000 0.2500000000
57552  -15.066  -8.878  70.293 0.2500000000
132942  -28.699  25.550  57.220 0.1250000000
91880  -28.182  26.549  56.703 0.1250000000
124592  -28.842  24.540  57.948 0.1250000000
91050  -29.621  25.595  56.416 0.1250000000
91893  -29.129  26.294  56.183 0.1250000000
91039  -29.428  25.068  57.143 0.2500000000
124766  -29.854  25.991  55.230 0.1250000000
91051  -30.319  25.311  55.908 0.1250000000
90227  -30.635  24.535  56.263 0.2500000000
91065  -30.492  25.525  55.145 0.1250000000
90215  -30.371  24.120  57.123 0.2500000000
90228  -31.033  24.084  55.903 0.2500000000
90240  -30.864  24.788  55.515 0.1250000000
136467  -30.919  25.239  54.325 0.1250000000
89381  -30.669  23.286  57.622 0.2500000000
89382  -31.358  22.877  57.230 0.2500000000
89397  -30.968  23.738  56.669 0.2500000000
90241  -31.387  24.121  55.291 0.2500000000
122623  -31.172  24.819  54.797 0.2500000000
87684  -31.641  21.072  58.632 0.2500000000
88524  -31.810  22.108  58.036 0.2500000000
88542  -32.063  22.363  56.993 0.2500000000
89398  -31.586  23.308  56.116 0.2500000000
89427  -31.773  24.215  54.527 0.2500000000
90258  -31.545  24.734  54.169 0.2500000000
90268  -32.171  24.332  53.661 0.2500000000
86816  -31.348  20.869  58.610 0.2500000000
87701  -32.346  20.819  58.308 0.2500000000
88525  -32.357  21.555  57.821 0.2500000000
88543  -32.619  21.681  56.844 0.2500000000
88560  -32.325  22.573  55.978 0.2500000000
89412  -31.980  23.427  55.169 0.2500000000
89428  -32.350  23.588  54.328 0.2500000000
89436  -32.751  23.638  53.515 0.2500000000
89442  -33.104  23.642  52.901 0.2500000000
86837  -33.236  20.021  57.527 0.2500000000
86848  -33.198  20.244  56.483 0.2500000000
87732  -32.932  21.212  55.674 0.2500000000
89413  -32.509  22.727  55.034 0.2500000000
87749  -33.010  22.028  54.047 0.2500000000
88591  -33.510  23.636  51.966 0.2500000000
88598  -33.165  22.770  51.791 0.2500000000
86857  -32.962  20.535  55.213 0.2500000000
87740  -32.922  21.445  54.792 0.2500000000
123983  -32.853  21.171  54.146 0.2500000000
87759  -32.805  21.691  53.111 0.2500000000
87768  -32.579  21.803  52.075 0.2500000000
86009  -32.268  19.747  53.802 0.2500000000
119072  -32.455  20.656  53.386 0.2500000000
86876  -32.189  20.939  52.418 0.2500000000
83150  -26.385  17.059  58.851 0.2500000000
83142  -25.470  17.074  60.607 0.2500000000
83143  -26.270  17.004  60.100 0.2500000000
83134  -25.207  16.656  61.492 0.2500000000
82258  -23.000  15.834  60.840 0.3750000000
81431  -21.659  14.898  61.042 0.3750000000
90212  -27.822  24.563  58.533 0.1250000000
91038  -27.641  25.701  57.867 0.1250000000
90200  -27.602  23.478  59.072 0.1250000000
91908  -28.630  26.662  55.919 0.1250000000
91927  -29.302  26.305  55.543 0.1250000000
89379  -29.093  23.696  58.471 0.1250000000
89366  -28.481  23.008  59.119 0.1250000000
91926  -28.829  26.491  55.248 0.1250000000
91083  -29.547  26.180  55.103 0.1250000000
87681  -29.071  22.046  58.934 0.1250000000
89367  -29.396  22.858  58.933 0.1250000000
89380  -29.916  23.546  58.082 0.1250000000
91082  -29.427  26.015  54.466 0.1250000000
122599  -30.142  25.809  54.771 0.1250000000
128128  -28.998  21.703  58.111 0.1250000000
87699  -29.865  21.601  58.711 0.1250000000
87682  -29.812  21.929  59.105 0.1250000000
88507  -30.436  22.022  58.969 0.2500000000
87717  -30.056  21.147  57.830 0.1250000000
87683  -30.698  21.455  58.803 0.2500000000
90266  -30.965  25.139  53.658 0.1250000000
90267  -31.554  24.823  53.620 0.1250000000
87700  -30.702  21.003  58.550 0.2500000000
85078  -30.243  19.061  55.518 0.1250000000
85988  -30.783  19.184  56.579 0.1250000000
123067  -32.827  24.216  52.742 0.1250000000
89443  -33.365  23.987  52.325 0.2500000000
85079  -30.555  18.218  56.767 0.1250000000
90280  -33.328  24.438  51.963 0.2500000000
89453  -33.759  24.259  51.733 0.2500000000
88599  -33.767  23.644  51.263 0.2500000000
88606  -33.152  22.696  50.783 0.2500000000
84159  -29.785  17.590  56.526 0.1250000000
89454  -34.321  24.524  51.166 0.2500000000
89467  -34.312  23.992  50.735 0.2500000000
88607  -33.707  23.328  50.356 0.2500000000
84158  -29.052  17.050  56.498 0.1250000000
83172  -29.006  16.465  57.760 0.1250000000
89482  -34.386  23.853  50.055 0.2500000000
83158  -27.941  16.437  58.190 0.1250000000
117251  -27.787  16.259  59.105 0.1250000000
83149  -25.461  17.114  59.122 0.1250000000
82259  -23.609  16.308  59.995 0.2500000000
81441  -22.134  15.245  59.984 0.3750000000
82267  -22.733  15.539  59.044 0.3750000000
82268  -23.449  15.866  58.113 0.2500000000
81440  -21.400  14.660  59.252 0.3750000000
81448  -21.943  14.849  58.276 0.3750000000
80610  -18.459  12.822  58.087 0.3750000000
80602  -20.103  13.817  59.195 0.3750000000
121425  -17.477  12.413  58.436 0.5000000000
90199  -26.943  23.939  59.143 0.1250000000
129506  -27.522  27.070  56.653 0.1250000000
129014  -27.082  23.370  59.052 0.1250000000
92660  -26.412  27.846  56.361 0.1250000000
137884  -27.001  27.615  56.054 0.1250000000
91907  -28.189  26.836  55.717 0.1250000000
88521  -27.463  22.598  58.233 0.1250000000
134647  -25.880  27.834  55.852 0.1250000000
92675  -26.565  27.493  55.574 0.1250000000
88540  -27.333  22.492  57.105 0.1250000000
88522  -28.307  22.356  58.591 0.1250000000
92674  -25.637  27.540  55.190 0.1250000000
118891  -24.767  27.716  54.831 0.1250000000
91923  -26.161  27.084  54.692 0.1250000000
91940  -26.624  26.508  54.123 0.1250000000
91942  -28.435  26.314  54.460 0.1250000000
88559  -28.027  22.202  56.412 0.1250000000
129309  -28.696  25.796  53.738 0.1250000000
91107  -29.565  25.512  53.521 0.1250000000
87729  -28.033  22.043  55.280 0.1250000000
88541  -28.111  22.206  57.622 0.1250000000
87737  -27.026  21.978  54.172 0.1250000000
87738  -27.872  21.720  54.368 0.1250000000
87730  -28.799  21.661  55.844 0.1250000000
86834  -30.351  20.577  56.633 0.1250000000
87718  -30.767  20.528  57.823 0.1250000000
130980  -28.810  25.322  53.079 0.1250000000
91108  -30.423  25.174  53.212 0.1250000000
90278  -31.338  24.798  52.948 0.1250000000
120903  -31.989  24.612  52.316 0.1250000000
87747  -27.551  21.408  53.610 0.1250000000
128941  -28.759  21.417  54.735 0.1250000000
86846  -29.674  20.883  55.399 0.1250000000
86847  -30.363  20.055  55.806 0.1250000000
90279  -32.146  24.554  52.897 0.1250000000
118154  -32.683  24.539  52.171 0.1250000000
87758  -27.243  21.069  52.899 0.1250000000
86863  -28.039  20.710  53.215 0.1250000000
86864  -28.714  20.338  53.644 0.1250000000
86008  -29.353  19.943  54.147 0.1250000000
85995  -29.347  19.225  54.269 0.1250000000
85086  -29.727  18.593  55.147 0.1250000000
86873  -27.654  20.386  52.582 0.1250000000
86874  -28.255  19.963  52.995 0.1250000000
129409  -28.766  19.427  53.588 0.1250000000
85085  -28.934  18.566  54.224 0.1250000000
131437  -29.079  17.821  55.184 0.1250000000
90296  -33.869  24.799  51.508 0.2500000000
86019  -27.732  19.523  52.380 0.1250000000
85100  -27.771  18.534  52.766 0.1250000000
85093  -28.293  18.492  53.481 0.1250000000
84166  -28.337  17.807  54.353 0.1250000000
90311  -34.302  25.096  51.129 0.2500000000
85099  -27.377  18.744  52.055 0.1250000000
84175  -27.245  17.891  52.460 0.1250000000
84156  -27.492  17.543  53.592 0.1250000000
83182  -27.015  16.828  54.633 0.1250000000
84157  -27.834  17.087  54.913 0.1250000000
83183  -27.497  16.761  55.810 0.1250000000
84148  -28.317  16.837  56.239 0.1250000000
89501  -35.025  24.482  49.794 0.2500000000
83195  -26.536  16.850  53.630 0.1250000000
120685  -26.036  16.659  54.635 0.1250000000
136340  -26.755  16.712  55.469 0.1250000000
123252  -27.166  16.715  56.591 0.1250000000
117444  -27.031  16.762  58.378 0.1250000000
83194  -25.594  16.538  53.537 0.1250000000
83181  -25.335  16.541  55.222 0.1250000000
83169  -25.608  16.665  56.297 0.1250000000
83157  -26.000  16.900  57.503 0.1250000000
118910  -25.082  16.411  54.260 0.1250000000
83180  -24.549  16.284  54.768 0.1250000000
83168  -24.718  16.418  55.694 0.1250000000
83156  -24.989  16.684  56.791 0.1250000000
121875  -25.423  16.939  57.908 0.1250000000
83155  -24.181  16.220  56.194 0.1250000000
83148  -24.459  16.519  57.648 0.2500000000
80612  -20.354  13.748  57.978 0.3750000000
128591  -21.157  14.317  57.945 0.3750000000
80611  -19.463  13.268  57.684 0.3750000000
80622  -20.233  13.481  57.021 0.3750000000
79721  -16.982  12.278  56.938 0.5000000000
91022  -26.859  24.828  58.801 0.1250000000
91037  -26.761  25.783  58.402 0.1250000000
91879  -27.308  26.564  57.449 0.1250000000
89395  -25.655  23.481  57.207 0.1250000000
138421  -26.466  23.422  58.509 0.1250000000
92658  -25.129  27.993  55.621 0.1250000000
91095  -27.112  25.934  53.552 0.1250000000
88557  -26.150  22.722  55.823 0.1250000000
88538  -25.957  23.040  56.740 0.1250000000
89396  -26.302  23.166  57.823 0.1250000000
93340  -23.533  28.718  54.833 0.1250000000
92673  -24.332  28.303  55.225 0.1250000000
92686  -25.225  27.180  54.373 0.1250000000
123086  -27.947  26.030  53.807 0.1250000000
119840  -25.643  22.639  54.707 0.1250000000
88558  -27.138  22.421  55.863 0.1250000000
88539  -26.559  22.761  56.885 0.1250000000
93345  -23.269  28.606  53.963 0.1250000000
92684  -23.926  28.069  54.400 0.1250000000
92685  -24.332  27.444  53.938 0.1250000000
91939  -25.678  26.597  53.876 0.1250000000
91106  -27.852  25.422  53.106 0.1250000000
91105  -26.672  25.254  52.724 0.1250000000
88572  -27.335  22.164  54.874 0.1250000000
93972  -22.881  29.306  52.662 0.1250000000
116195  -23.584  27.929  53.484 0.1250000000
90276  -28.368  24.850  52.495 0.1250000000
90291  -28.796  24.385  51.800 0.1250000000
87746  -26.571  21.741  53.404 0.1250000000
90277  -29.504  24.942  52.605 0.1250000000
139510  -31.632  24.594  51.837 0.1250000000
87757  -26.382  21.283  52.521 0.1250000000
130780  -32.194  24.803  50.433 0.1250000000
90308  -31.462  24.499  51.049 0.1250000000
90294  -32.285  24.688  51.703 0.1250000000
86032  -27.198  19.503  51.740 0.1250000000
86872  -27.051  20.724  52.320 0.1250000000
90324  -32.958  25.297  49.973 0.1250000000
91131  -33.866  25.547  50.648 0.1250000000
90309  -32.457  24.834  51.161 0.1250000000
86031  -26.751  19.427  51.230 0.1250000000
91990  -34.726  26.619  48.284 0.1250000000
91138  -33.994  25.880  49.992 0.1250000000
91132  -34.486  25.463  50.793 0.1250000000
84195  -25.830  17.753  50.298 0.1250000000
84183  -26.397  17.796  51.088 0.1250000000
92734  -36.598  27.300  48.201 0.1250000000
91976  -35.694  26.237  49.601 0.1250000000
91141  -35.659  25.742  49.773 0.2500000000
83235  -24.734  16.237  51.000 0.1250000000
84182  -25.805  17.237  50.903 0.1250000000
84174  -26.646  17.453  52.041 0.1250000000
84165  -26.821  17.272  52.862 0.1250000000
91992  -37.211  27.082  48.179 0.1250000000
82352  -24.103  15.760  50.765 0.1250000000
83223  -25.392  16.674  51.280 0.1250000000
83208  -25.528  16.586  52.016 0.1250000000
83209  -26.092  16.808  52.624 0.1250000000
82351  -23.552  15.323  50.521 0.1250000000
118568  -23.651  15.346  51.280 0.1250000000
82318  -24.301  15.901  52.633 0.1250000000
83193  -24.735  16.241  53.450 0.1250000000
82287  -23.530  15.677  55.612 0.2500000000
82335  -23.653  15.376  52.130 0.1250000000
82317  -23.571  15.416  53.011 0.1250000000
130512  -24.442  16.153  54.064 0.1250000000
83167  -24.029  16.086  55.181 0.2500000000
82277  -23.550  15.775  56.680 0.1250000000
131494  -22.812  15.254  56.938 0.2500000000
81455  -21.717  14.290  56.118 0.3750000000
81456  -22.074  14.690  57.094 0.3750000000
80613  -20.840  13.834  57.239 0.3750000000
139025  -20.196  13.338  56.311 0.3750000000
79723  -18.953  12.699  56.218 0.3750000000
80621  -19.551  13.097  56.686 0.3750000000
130688  -26.040  25.847  58.818 0.1250000000
91021  -26.038  25.044  59.116 0.1250000000
92644  -26.493  27.835  57.111 0.1250000000
89364  -26.129  24.216  58.766 0.1250000000
92643  -25.859  28.251  57.061 0.1250000000
90225  -25.361  24.087  57.683 0.1250000000
92659  -25.451  28.260  56.373 0.1250000000
93329  -23.905  28.819  55.562 0.1250000000
91094  -26.142  25.975  53.340 0.1250000000
94558  -22.720  29.818  53.138 0.1250000000
93963  -22.892  29.436  54.424 0.1250000000
91938  -24.768  26.796  53.509 0.1250000000
91093  -25.233  26.189  53.051 0.1250000000
88581  -26.303  22.243  54.122 0.1250000000
94559  -22.950  30.212  52.483 0.1250000000
93351  -23.126  28.713  52.169 0.1250000000
92696  -23.915  27.230  52.883 0.1250000000
92695  -23.463  27.493  51.917 0.1250000000
131468  -27.453  24.814  52.427 0.1250000000
94565  -23.358  30.271  51.555 0.1250000000
93973  -23.120  29.489  51.868 0.1250000000
93362  -23.297  28.798  51.290 0.1250000000
93988  -23.502  29.356  50.558 0.1250000000
90290  -27.764  24.362  51.830 0.1250000000
90292  -29.886  24.451  51.760 0.1250000000
95165  -24.174  31.947  51.457 0.1250000000
90323  -31.955  24.689  49.483 0.1250000000
86883  -26.522  20.630  51.784 0.1250000000
86893  -26.243  20.086  51.072 0.1250000000
91151  -32.990  25.428  48.226 0.1250000000
85122  -26.152  18.514  50.479 0.1250000000
91172  -33.675  25.904  46.832 0.1250000000
92001  -35.115  26.917  47.475 0.1250000000
83236  -25.233  16.927  50.334 0.1250000000
84212  -25.248  17.679  49.606 0.1250000000
125489  -35.643  27.338  46.504 0.1250000000
92745  -36.715  27.513  47.317 0.1250000000
81534  -23.062  14.803  50.318 0.1250000000
129392  -24.510  16.272  50.157 0.1250000000
92003  -37.467  27.113  47.511 0.1250000000
80724  -22.200  13.968  49.601 0.1250000000
80723  -21.647  13.341  49.725 0.1250000000
81533  -22.574  14.321  50.192 0.1250000000
81516  -23.173  14.865  51.651 0.1250000000
81497  -23.095  14.876  52.481 0.2500000000
82305  -22.975  15.016  54.278 0.2500000000
131226  -21.451  13.099  50.470 0.1250000000
80680  -21.880  13.645  51.963 0.1250000000
122349  -22.611  14.447  52.729 0.2500000000
81479  -22.917  14.858  53.369 0.2500000000
79782  -21.364  13.240  52.333 0.1250000000
80679  -21.741  13.604  52.767 0.1250000000
81468  -21.841  14.009  54.240 0.2500000000
127096  -22.469  14.515  53.972 0.2500000000
82295  -22.971  15.105  55.129 0.2500000000
82286  -22.950  15.190  56.009 0.2500000000
79781  -20.756  12.706  52.310 0.1250000000
80678  -21.146  13.152  52.953 0.3750000000
80659  -21.489  13.572  53.523 0.3750000000
81461  -21.820  14.146  55.147 0.2500000000
81462  -22.395  14.646  55.557 0.2500000000
78769  -19.099  11.886  53.090 0.2500000000
79768  -20.176  12.666  53.655 0.3750000000
79752  -20.431  13.043  54.335 0.3750000000
80631  -21.181  13.763  55.503 0.2500000000
80623  -20.889  13.718  56.395 0.3750000000
78768  -18.216  11.665  53.345 0.3750000000
79766  -18.884  12.028  53.913 0.3750000000
79751  -19.601  12.547  54.400 0.3750000000
80629  -19.767  13.008  55.889 0.3750000000
80630  -20.476  13.386  55.673 0.3750000000
78767  -17.134  11.540  53.639 0.5000000000
78754  -17.917  11.812  54.218 0.3750000000
79750  -18.609  12.273  54.779 0.3750000000
78753  -16.854  11.674  54.555 0.5000000000
79735  -18.269  12.425  55.678 0.5000000000
92629  -26.212  27.277  57.999 0.1250000000
92628  -25.780  27.903  57.957 0.1250000000
135102  -24.633  27.031  59.243 0.1250000000
90211  -25.605  24.465  58.580 0.1250000000
93308  -25.234  28.400  57.908 0.1250000000
93316  -24.722  28.819  56.756 0.1250000000
88556  -25.344  23.262  55.894 0.1250000000
93951  -23.258  29.385  55.416 0.1250000000
88570  -24.933  23.026  54.830 0.1250000000
91103  -24.773  25.786  52.292 0.1250000000
91104  -25.631  25.514  52.591 0.1250000000
90274  -25.927  24.905  52.117 0.1250000000
88580  -25.713  22.251  53.658 0.1250000000
94551  -23.090  31.037  52.857 0.1250000000
123628  -23.511  27.026  51.219 0.1250000000
91952  -23.780  26.748  51.981 0.1250000000
89450  -27.191  23.923  51.181 0.1250000000
89464  -27.556  23.577  50.511 0.1250000000
87756  -25.488  21.608  52.467 0.1250000000
93372  -23.435  28.352  50.366 0.1250000000
89451  -28.134  23.885  51.166 0.1250000000
131283  -28.325  23.582  50.514 0.1250000000
133925  -30.666  24.102  50.408 0.1250000000
86882  -25.704  20.812  51.420 0.1250000000
138290  -28.967  23.284  48.922 0.1250000000
89480  -29.458  23.485  49.351 0.1250000000
89481  -30.449  23.880  49.641 0.1250000000
86892  -25.448  20.404  50.768 0.1250000000
86891  -24.712  20.678  50.494 0.1250000000
89499  -30.223  23.724  48.738 0.1250000000
90334  -31.702  24.521  48.521 0.1250000000
86039  -25.742  19.176  50.194 0.1250000000
85121  -25.581  18.450  49.869 0.1250000000
85138  -24.931  18.517  49.230 0.1250000000
90343  -31.623  24.446  47.620 0.1250000000
84211  -24.676  17.624  48.983 0.1250000000
134974  -24.425  17.107  48.888 0.1250000000
140416  -24.187  16.266  49.521 0.1250000000
83248  -24.677  16.907  49.425 0.1250000000
83247  -24.054  16.588  48.831 0.1250000000
82369  -23.716  15.853  49.215 0.1250000000
81548  -22.768  14.652  49.434 0.1250000000
91019  -24.806  25.876  59.047 0.1250000000
91864  -24.908  26.332  59.215 0.1250000000
93297  -24.306  28.444  58.862 0.1250000000
92614  -24.902  27.748  58.806 0.1250000000
93924  -23.952  29.111  58.553 0.1250000000
90210  -24.973  24.731  58.223 0.1250000000
93935  -24.078  29.352  57.475 0.1250000000
89394  -25.113  23.772  56.771 0.1250000000
93952  -23.895  29.282  56.350 0.1250000000
130558  -23.020  30.016  56.300 0.1250000000
93950  -22.720  30.199  55.352 0.1250000000
91959  -23.778  26.265  51.302 0.1250000000
91121  -25.163  25.159  51.853 0.1250000000
88579  -24.838  22.694  53.893 0.1250000000
94550  -22.746  30.543  53.503 0.1250000000
90288  -24.805  24.920  51.178 0.1250000000
137034  -25.631  24.476  51.257 0.1250000000
90306  -25.990  23.980  50.662 0.1250000000
87755  -24.698  21.875  52.386 0.1250000000
95164  -23.491  31.206  52.051 0.1250000000
92708  -23.441  27.378  50.489 0.1250000000
91130  -24.289  25.122  50.528 0.1250000000
90304  -24.916  24.597  50.680 0.1250000000
86901  -24.405  20.276  49.818 0.1250000000
116162  -27.972  23.069  49.053 0.1250000000
86038  -25.171  19.865  50.102 0.1250000000
89497  -28.555  23.087  48.547 0.1250000000
84244  -23.444  17.440  47.795 0.1250000000
85137  -24.275  18.274  48.644 0.1250000000
130984  -30.405  23.644  47.305 0.1250000000
88640  -28.260  22.800  47.773 0.1250000000
91862  -23.768  27.088  59.196 0.1250000000
92613  -23.987  27.516  59.369 0.1250000000
91035  -24.658  25.492  58.618 0.1250000000
90224  -24.778  24.347  57.075 0.1250000000
93934  -23.352  29.902  57.304 0.1250000000
89411  -24.678  23.897  56.046 0.1250000000
89425  -24.406  23.347  54.470 0.1250000000
95155  -23.409  31.735  52.797 0.1250000000
95144  -23.095  31.712  53.663 0.1250000000
88589  -25.109  22.126  53.056 0.1250000000
95787  -23.859  32.450  52.349 0.1250000000
87765  -24.442  21.604  51.679 0.1250000000
95788  -24.584  32.962  51.834 0.1250000000
118693  -24.701  24.502  49.993 0.1250000000
89462  -25.911  23.737  50.041 0.1250000000
86048  -24.029  19.916  49.184 0.1250000000
86900  -23.734  20.639  49.600 0.1250000000
88623  -26.850  22.780  48.276 0.1250000000
85154  -23.677  18.178  48.100 0.1250000000
84243  -22.871  17.548  47.288 0.1250000000
83300  -20.706  16.421  45.204 0.1250000000
86067  -39.476  20.129  49.146 0.5000000000
92612  -23.394  27.725  59.301 0.1250000000
91049  -24.435  25.118  57.482 0.1250000000
90239  -24.218  24.630  56.277 0.1250000000
89426  -24.686  23.503  55.250 0.1250000000
95143  -22.691  31.352  54.559 0.1250000000
89435  -24.074  23.131  53.663 0.1250000000
128666  -23.553  32.520  53.264 0.1250000000
127954  -23.372  32.753  54.101 0.1250000000
88597  -23.989  22.127  52.150 0.1250000000
88588  -24.281  22.534  52.950 0.1250000000
95776  -24.349  33.437  52.646 0.1250000000
87764  -23.786  21.836  51.398 0.1250000000
128182  -23.811  18.832  48.412 0.1250000000
86080  -23.169  19.002  47.844 0.1250000000
136500  -22.536  19.652  47.724 0.1250000000
85170  -22.709  18.355  47.266 0.1250000000
85190  -22.205  18.516  46.794 0.1250000000
83301  -21.356  17.106  45.664 0.1250000000
129844  -20.718  17.272  45.145 0.1250000000
82418  -19.712  15.278  44.884 0.1250000000
82433  -19.903  16.098  44.712 0.1250000000
83316  -19.240  16.586  44.480 0.1250000000
133170  -18.504  15.564  44.646 0.1250000000
82417  -18.160  15.004  44.809 0.1250000000
81589  -17.022  14.632  45.537 0.1250000000
82415  -16.875  15.570  45.672 0.1250000000
88587  -23.616  22.770  52.450 0.1250000000
96455  -25.058  33.834  52.374 0.1250000000
81579  -16.597  14.922  46.146 0.1250000000
82431  -17.877  15.746  44.722 0.1250000000
82296  -23.504  15.570  54.716 0.2500000000
62600  -30.821  -4.498  69.267 0.6250000000
64571  -30.213  -2.931  68.742 0.6250000000
86826  -32.880  19.999  58.178 0.2500000000
129551  -33.212  19.458  56.108 0.2500000000
82251  -23.933  16.248  61.482 0.2500000000
86054  -39.555  19.599  49.535 0.5000000000
80601  -19.186  13.299  58.861 0.3750000000
86875  -31.758  20.013  52.743 0.2500000000
81439  -20.742  14.233  58.823 0.3750000000
79722  -17.962  12.512  56.572 0.5000000000
87777  -32.518  21.933  51.138 0.2500000000
91174  -37.406  26.656  47.475 0.2500000000
118914  -19.935  12.317  52.829 0.2500000000
90336  -36.424  25.665  48.781 0.1250000000
91163  -36.957  26.073  48.140 0.2500000000
80737  -21.712  13.592  48.753 0.1250000000
79832  -21.194  12.777  49.846 0.1250000000
79795  -21.285  13.064  51.702 0.1250000000
80738  -22.275  14.214  48.846 0.1250000000
79848  -21.200  12.851  49.044 0.1250000000
84228  -24.064  17.398  48.452 0.1250000000
58567  -14.131  -8.603  72.667 0.2500000000
136074  -15.245  -9.215  71.663 0.2500000000
56527  -16.676  -9.839  70.946 0.2500000000
56541  -17.594  -10.308  70.585 0.2500000000
56529  -18.647  -10.412  71.608 0.2500000000
59576  -29.319  -7.683  71.277 0.6250000000
60566  -30.238  -6.617  70.074 0.7500000000
60490  -10.169  -6.631  78.484 0.2500000000
61592  -30.392  -5.007  69.107 0.6250000000
60550  -30.560  -7.165  70.433 0.6250000000
58592  -28.490  -8.289  71.655 0.5000000000
57545  -27.470  -8.800  71.063 0.1250000000
57542  -24.580  -9.663  70.973 0.3750000000
57543  -25.426  -9.359  70.889 0.3750000000
55560  -21.972  -11.307  70.432 0.1250000000
55559  -21.158  -11.370  70.378 0.2500000000
55571  -21.478  -11.548  69.755 0.2500000000
129033  -10.563  -8.568  73.082 0.1250000000
129782  -19.393  -11.066  70.183 0.2500000000
133744  -20.022  -11.009  70.913 0.2500000000
134946  -20.559  -10.866  71.313 0.3750000000
137327  -20.666  -11.147  70.777 0.3750000000
55568  -19.219  -11.284  69.177 0.2500000000
58586  -12.213  -8.501  71.368 0.1250000000
137537  -11.464  -8.673  70.980 0.1250000000
57579  -16.087  -8.880  68.022 0.1250000000
57554  -16.407  -9.466  69.510 0.2500000000
120173  -14.348  -8.813  71.228 0.1250000000
58598  -11.688  -8.700  70.510 0.1250000000
58599  -12.649  -8.503  70.642 0.1250000000
58608  -12.856  -8.513  69.893 0.1250000000
57564  -11.343  -9.292  68.662 0.1250000000
87702  -32.790  20.788  57.645 0.2500000000
88582  -33.027  22.795  53.242 0.2500000000
130703  -32.983  22.444  52.552 0.2500000000
83141  -24.495  16.736  59.414 0.2500000000
91924  -27.092  26.975  54.968 0.1250000000
85997  -30.179  19.656  55.361 0.1250000000
90295  -33.164  24.815  51.547 0.1250000000
89483  -34.769  24.596  50.512 0.2500000000
138024  -22.578  15.215  57.800 0.2500000000
136908  -21.622  14.514  57.525 0.3750000000
79713  -18.702  12.787  57.112 0.3750000000
87716  -28.666  21.825  56.951 0.1250000000
87748  -28.430  21.084  53.903 0.1250000000
87731  -29.517  21.320  56.685 0.1250000000
116895  -30.596  24.742  52.436 0.1250000000
87739  -29.193  20.665  54.355 0.1250000000
86856  -29.832  20.149  54.856 0.1250000000
91122  -33.886  25.230  51.199 0.1250000000
90325  -35.316  25.210  50.209 0.2500000000
93330  -24.633  28.591  55.986 0.1250000000
93344  -23.106  28.572  53.051 0.1250000000
87745  -25.844  21.826  53.000 0.1250000000
90307  -30.328  24.146  51.048 0.1250000000
90335  -32.505  25.042  48.921 0.1250000000
91152  -34.155  26.221  49.084 0.1250000000
86040  -26.275  19.300  50.707 0.1250000000
91984  -35.398  26.576  49.157 0.1250000000
91991  -35.760  27.105  48.417 0.1250000000
91162  -33.770  25.993  47.820 0.1250000000
91140  -35.117  25.771  50.281 0.1250000000
84173  -26.032  17.041  51.646 0.1250000000
91154  -37.023  26.944  48.524 0.1250000000
82336  -24.224  15.771  51.621 0.1250000000
82307  -24.064  15.871  53.561 0.1250000000
82370  -23.909  15.781  49.997 0.1250000000
82306  -23.498  15.470  53.868 0.1250000000
124256  -22.629  30.365  54.434 0.1250000000
91953  -24.420  26.473  52.630 0.1250000000
92703  -23.347  27.866  51.163 0.1250000000
94572  -23.634  30.177  50.755 0.1250000000
89452  -29.190  23.853  50.996 0.1250000000
90322  -31.294  24.356  50.005 0.1250000000
136832  -32.220  24.827  48.116 0.1250000000
90344  -32.302  24.900  47.362 0.1250000000
92012  -34.356  26.449  46.491 0.1250000000
80711  -22.099  13.756  50.511 0.1250000000
81515  -22.709  14.417  50.993 0.1250000000
80710  -21.690  13.402  51.170 0.1250000000
81496  -22.559  14.316  51.949 0.1250000000
81478  -22.212  14.125  53.305 0.2500000000
81469  -22.422  14.551  54.711 0.2500000000
126404  -20.588  12.771  53.089 0.2500000000
80642  -21.111  13.486  54.243 0.2500000000
122193  -20.752  13.428  54.933 0.3750000000
79736  -19.250  12.629  55.356 0.3750000000
91119  -23.835  25.785  50.759 0.1250000000
89478  -27.934  23.295  49.794 0.1250000000
121344  -27.171  23.383  49.904 0.1250000000
87766  -25.178  21.372  51.849 0.1250000000
89466  -29.834  23.742  50.282 0.1250000000
87775  -24.965  21.076  51.171 0.1250000000
89498  -29.367  23.362  48.539 0.1250000000
87774  -24.262  21.329  50.932 0.1250000000
90342  -30.852  24.046  48.021 0.1250000000
86064  -24.280  19.108  48.860 0.1250000000
86049  -24.698  19.481  49.450 0.1250000000
90352  -31.032  23.975  47.028 0.1250000000
86890  -24.037  20.971  50.242 0.1250000000
88624  -27.690  22.844  48.425 0.1250000000
89477  -26.513  23.407  49.627 0.1250000000
89512  -29.115  23.114  47.829 0.1250000000
85171  -23.207  18.109  47.622 0.1250000000
86912  -23.351  20.358  48.945 0.1250000000
86063  -23.606  19.540  48.588 0.1250000000
86911  -22.574  20.840  48.696 0.1250000000
58602  -29.754  -8.321  70.731 0.2500000000
126304  -30.424  2.967  61.743 0.3750000000
70933  -29.626  3.087  61.050 0.3750000000
70934  -30.373  2.350  61.083 0.3750000000
69900  -29.974  2.228  60.477 0.3750000000
70917  -29.066  4.105  61.382 0.3750000000
61628  -4.873  -5.424  65.605 0.3750000000
59593  0.539  -7.444  68.377 0.5000000000
59592  1.623  -7.480  68.399 0.5000000000
60586  -1.196  -6.780  68.158 0.3750000000
72866  -28.553  5.136  61.199 0.3750000000
72867  -29.155  4.897  61.937 0.3750000000
127688  1.873  -7.885  67.769 0.3750000000
116448  -0.374  -7.384  67.586 0.3750000000
60604  -1.988  -6.694  66.857 0.3750000000
61598  -3.313  -5.801  67.007 0.2500000000
71926  -27.973  4.929  59.858 0.2500000000
71927  -28.380  4.583  60.620 0.2500000000
58637  2.069  -8.179  66.928 0.3750000000
59603  1.085  -8.037  66.784 0.3750000000
59605  -1.124  -7.178  66.868 0.3750000000
61611  -3.865  -5.674  66.170 0.3750000000
59616  0.429  -8.000  65.906 0.3750000000
59617  -0.321  -7.737  65.512 0.3750000000
59604  -0.929  -7.420  66.075 0.3750000000
60621  -2.298  -6.654  65.942 0.3750000000
60622  -3.131  -6.291  65.571 0.3750000000
59628  -0.556  -7.812  64.547 0.3750000000
59618  -1.149  -7.482  65.054 0.3750000000
59619  -1.740  -7.081  65.498 0.3750000000
59629  -1.311  -7.543  64.081 0.3750000000
120611  -28.791  5.765  61.658 0.3750000000
72878  -28.239  5.463  60.444 0.2500000000
72893  -28.180  5.661  59.656 0.2500000000
58649  2.204  -8.381  66.012 0.3750000000
59601  3.373  -7.466  66.758 0.5000000000
59645  2.835  -8.822  61.832 0.5000000000
58687  2.511  -8.802  62.758 0.5000000000
58676  2.809  -8.521  63.804 0.3750000000
120515  2.837  -8.358  65.564 0.3750000000
57666  1.591  -9.423  61.027 0.3750000000
73780  -28.420  6.331  60.360 0.2500000000
73790  -28.542  6.390  59.380 0.2500000000
122856  -28.213  5.513  58.002 0.1250000000
73802  -28.641  6.153  58.475 0.2500000000
137492  2.795  -9.071  61.088 0.5000000000
73838  -32.285  6.739  55.410 0.2500000000
73849  -32.491  6.539  54.755 0.2500000000
73914  -40.294  6.052  46.582 0.2500000000
73907  -40.623  6.642  47.001 0.2500000000
74835  -40.264  7.373  47.545 0.3750000000
74836  -41.413  7.077  47.227 0.3750000000
73053  -40.759  5.342  46.050 0.2500000000
130664  -42.124  5.800  46.114 0.5000000000
73062  -41.048  4.787  45.375 0.3750000000
73055  -42.168  5.626  45.551 0.5000000000
73064  -42.111  5.490  45.080 0.5000000000
73936  -42.193  5.931  44.834 0.5000000000
72124  -41.026  4.875  44.280 0.1250000000
73078  -41.578  5.259  44.626 0.5000000000
73935  -41.485  5.988  44.290 0.3750000000
76948  -41.325  9.676  42.950 0.1250000000
76949  -41.989  10.072  43.171 0.2500000000
77959  -42.747  11.132  41.841 0.2500000000
73908  -42.266  6.400  46.608 0.5000000000
73916  -42.704  6.141  46.068 0.5000000000
73917  -43.049  6.511  45.864 0.5000000000
74845  -43.879  7.751  46.181 0.5000000000
75842  -43.489  8.024  45.523 0.5000000000
73922  -42.681  6.513  45.323 0.5000000000
73937  -42.368  6.673  44.857 0.5000000000
75848  -43.111  8.511  44.886 0.5000000000
75849  -43.788  8.978  45.264 0.6250000000
73084  -40.338  5.387  43.713 0.1250000000
74851  -41.958  6.507  44.547 0.3750000000
75847  -42.556  8.190  44.621 0.3750000000
76930  -42.698  9.098  44.391 0.3750000000
76938  -42.944  10.042  44.060 0.3750000000
77939  -44.109  11.078  43.854 0.3750000000
73947  -40.764  5.964  43.862 0.1250000000
118667  -41.010  6.603  44.001 0.2500000000
75860  -42.125  8.599  44.214 0.3750000000
77938  -43.393  10.730  43.538 0.3750000000
78944  -44.565  11.700  43.352 0.3750000000
74868  -39.492  7.066  43.453 0.1250000000
74863  -40.354  6.842  43.745 0.1250000000
75873  -41.045  8.740  43.449 0.2500000000
76936  -41.696  9.166  43.650 0.2500000000
77937  -42.687  10.425  43.319 0.2500000000
77948  -43.227  11.077  42.668 0.2500000000
132646  -43.835  11.255  43.175 0.3750000000
74869  -40.047  7.805  43.406 0.1250000000
77947  -42.432  10.665  42.539 0.2500000000
78971  -43.502  11.602  41.846 0.2500000000
79944  -44.913  12.607  42.015 0.3750000000
78972  -44.269  12.115  41.900 0.2500000000
87062  -43.062  21.598  36.936 0.5000000000
58675  3.250  -8.191  63.911 0.3750000000
58686  3.093  -8.367  62.916 0.5000000000
58662  3.262  -8.253  64.847 0.5000000000
129180  3.633  -7.657  65.420 0.5000000000
59615  3.402  -7.902  66.017 0.5000000000
74828  -41.982  7.805  47.854 0.5000000000
73909  -42.986  6.704  46.687 0.5000000000
74844  -43.314  7.120  45.726 0.5000000000
77933  -43.674  10.392  44.305 0.3750000000
79953  -44.310  12.755  40.516 0.3750000000
60570  1.620  -6.872  69.405 0.5000000000
59586  0.377  -7.160  69.068 0.5000000000
122639  3.025  -7.471  67.237 0.5000000000
70918  -31.122  2.612  62.188 0.3750000000
138060  -29.762  3.491  61.621 0.5000000000
130705  -33.530  6.428  53.022 0.2500000000
59602  2.499  -7.797  67.631 0.5000000000
70932  -28.787  3.731  60.686 0.2500000000
59594  -0.460  -7.165  68.271 0.5000000000
120543  0.690  -7.697  67.527 0.3750000000
60603  -1.209  -6.940  67.568 0.3750000000
60587  -1.990  -6.430  67.769 0.3750000000
137482  -0.375  -7.521  66.901 0.3750000000
60605  -2.868  -6.247  66.453 0.3750000000
59606  -1.634  -7.008  66.253 0.3750000000
60588  -2.612  -6.236  67.142 0.3750000000
71936  -27.836  4.345  59.296 0.2500000000
58650  1.222  -8.329  65.713 0.3750000000
132497  0.088  -7.774  66.475 0.3750000000
58651  0.258  -8.091  64.998 0.3750000000
72892  -27.903  5.102  59.103 0.1250000000
121342  2.595  -8.557  64.601 0.3750000000
58664  0.961  -8.511  64.337 0.3750000000
58663  1.949  -8.573  65.002 0.3750000000
72905  -28.175  5.671  58.868 0.2500000000
72904  -27.929  5.173  58.507 0.2500000000
72917  -28.915  6.035  57.597 0.2500000000
73915  -41.364  6.024  46.490 0.3750000000
73054  -41.616  5.391  45.740 0.5000000000
73063  -41.710  5.119  45.137 0.5000000000
73921  -42.486  5.969  45.431 0.5000000000
73085  -40.999  5.316  44.114 0.2500000000
73910  -43.213  6.684  46.341 0.5000000000
74852  -42.810  7.431  45.065 0.5000000000
76931  -43.356  9.512  44.640 0.3750000000
74864  -41.476  6.983  44.251 0.3750000000
74865  -42.111  7.442  44.537 0.3750000000
75858  -40.829  7.624  43.800 0.2500000000
75859  -41.506  8.085  44.058 0.2500000000
76937  -42.327  9.608  43.826 0.3750000000
78955  -44.020  11.648  42.587 0.3750000000
59505  -1.543  -7.701  81.129 0.1250000000
60472  -2.101  -6.685  81.502 0.1250000000
58500  -3.718  -8.091  81.700 0.1250000000
60482  -1.350  -6.964  80.576 0.1250000000
61492  -1.311  -6.190  80.383 0.1250000000
60475  -4.472  -6.497  81.976 0.1250000000
123139  -5.623  -7.881  81.154 0.1250000000
58506  -6.198  -7.717  80.838 0.1250000000
59518  -0.951  -7.139  78.725 0.1250000000
122803  -1.279  -6.348  78.518 0.1250000000
58515  -7.374  -8.012  79.967 0.1250000000
60492  -1.668  -6.760  77.563 0.1250000000
60493  -2.202  -6.047  77.460 0.1250000000
61501  -2.091  -5.152  77.741 0.1250000000
58521  -8.443  -8.043  78.848 0.1250000000
59528  -1.868  -7.453  76.805 0.1250000000
60500  -2.906  -6.830  75.926 0.1250000000
60501  -3.555  -6.350  75.532 0.1250000000
59532  -3.258  -7.132  75.218 0.1250000000
60505  -3.932  -6.671  74.843 0.1250000000
60502  -4.232  -5.868  75.129 0.1250000000
59537  -3.570  -7.428  74.485 0.1250000000
59538  -4.248  -6.956  74.123 0.1250000000
60509  -4.896  -6.416  73.739 0.1250000000
58550  -3.423  -8.387  73.311 0.1250000000
59543  -4.534  -7.214  73.377 0.1250000000
60521  -5.220  -6.641  72.992 0.1250000000
58551  -4.074  -7.925  72.950 0.1250000000
139124  -1.619  -5.642  80.668 0.1250000000
61483  -2.434  -5.330  81.435 0.1250000000
61484  -3.382  -5.070  81.729 0.1250000000
61479  -3.956  -5.754  81.989 0.1250000000
62504  -1.240  -4.734  79.914 0.1250000000
131976  -2.020  -5.331  81.060 0.1250000000
61478  -2.995  -5.904  81.875 0.1250000000
59504  -4.871  -7.131  81.738 0.1250000000
59508  -6.282  -7.133  80.988 0.1250000000
124237  -1.753  -5.945  78.022 0.1250000000
60497  -3.138  -6.044  76.252 0.1250000000
61507  -2.685  -5.653  76.963 0.1250000000
58520  -7.740  -8.255  79.296 0.1250000000
127652  -4.549  -4.969  75.323 0.1250000000
61521  -5.093  -5.618  74.069 0.1250000000
136101  -4.774  -5.471  74.703 0.1250000000
60510  -5.460  -5.801  73.347 0.1250000000
61522  -5.537  -5.080  73.642 0.1250000000
60522  -5.831  -5.958  72.607 0.1250000000
121304  -3.702  -8.639  72.560 0.1250000000
58563  -4.338  -8.196  72.198 0.1250000000
59562  -5.056  -7.764  71.816 0.1250000000
59554  -5.598  -6.876  72.166 0.1250000000
137777  -6.039  -6.705  71.687 0.1250000000
61533  -6.276  -5.288  72.170 0.1250000000
58562  -3.949  -8.878  71.819 0.1250000000
59563  -5.824  -7.290  71.349 0.1250000000
60530  -6.429  -6.428  71.206 0.1250000000
61544  -6.554  -5.468  71.428 0.1250000000
57521  -4.189  -9.165  71.110 0.1250000000
58595  -4.779  -8.822  70.738 0.1250000000
58584  -5.206  -8.111  71.036 0.1250000000
59564  -6.339  -7.103  70.721 0.1250000000
60539  -6.816  -6.467  70.401 0.1250000000
61555  -6.854  -5.636  70.669 0.1250000000
58596  -5.353  -8.502  70.353 0.1250000000
59571  -5.860  -7.795  70.560 0.1250000000
59572  -6.558  -7.398  69.962 0.1250000000
128324  -2.256  -4.498  81.104 0.1250000000
61480  -4.934  -5.724  81.939 0.1250000000
60479  -6.152  -6.556  81.388 0.1250000000
61493  -1.246  -5.513  80.126 0.1250000000
63505  -1.413  -3.908  80.338 0.1250000000
59512  -7.223  -6.937  80.593 0.1250000000
122595  -1.266  -4.752  79.261 0.1250000000
59509  -6.804  -6.853  80.766 0.1250000000
58510  -7.317  -7.370  80.417 0.1250000000
61502  -2.834  -4.815  77.100 0.1250000000
61509  -3.962  -4.763  76.126 0.1250000000
61532  -5.948  -5.093  72.942 0.1250000000
57505  -3.356  -9.260  72.141 0.1250000000
57520  -3.625  -9.510  71.471 0.1250000000
57535  -3.845  -9.798  70.774 0.1250000000
60540  -7.171  -5.818  70.027 0.1250000000
58597  -5.897  -8.260  69.891 0.1250000000
58605  -5.790  -8.722  69.408 0.1250000000
58606  -6.427  -8.186  69.192 0.1250000000
62495  -1.893  -4.446  80.803 0.1250000000
62496  -2.527  -3.816  81.148 0.1250000000
61485  -4.373  -4.956  81.787 0.1250000000
128140  -5.834  -5.868  81.680 0.1250000000
121458  -0.997  -3.053  80.044 0.1250000000
63506  -1.643  -2.997  80.566 0.1250000000
63513  -1.013  -3.229  79.221 0.1250000000
135614  -3.429  -4.586  76.652 0.1250000000
62513  -3.116  -4.043  77.085 0.1250000000
62517  -4.331  -4.112  75.717 0.1250000000
61518  -5.123  -4.832  74.392 0.1250000000
127038  -5.731  -4.764  73.293 0.1250000000
62529  -5.483  -4.495  73.637 0.1250000000
135760  -6.195  -4.671  72.333 0.1250000000
62536  -5.836  -4.340  72.888 0.1250000000
62549  -6.430  -4.742  71.663 0.1250000000
62562  -6.699  -4.904  70.898 0.1250000000
56537  -4.096  -10.101  70.050 0.1250000000
57536  -4.438  -9.475  70.412 0.1250000000
120058  -6.985  -5.132  69.981 0.1250000000
57548  -4.706  -9.757  69.697 0.1250000000
57537  -4.996  -9.118  70.056 0.1250000000
59587  -7.079  -7.275  69.117 0.1250000000
60555  -7.279  -5.739  69.337 0.1250000000
57549  -5.316  -9.300  69.318 0.1250000000
58615  -5.928  -8.965  68.798 0.1250000000
135311  -7.005  -7.865  68.628 0.1250000000
59582  -7.390  -6.442  68.807 0.1250000000
58616  -6.578  -8.544  68.357 0.1250000000
58617  -7.209  -8.023  67.987 0.1250000000
59588  -7.357  -7.223  68.358 0.1250000000
63503  -3.987  -3.477  81.255 0.1250000000
61486  -5.266  -5.072  81.589 0.1250000000
61488  -6.791  -6.271  80.909 0.1250000000
132354  -2.817  -2.401  80.872 0.1250000000
63501  -1.988  -3.730  80.861 0.1250000000
64505  -0.777  -2.329  79.777 0.1250000000
64511  -1.812  -2.500  77.970 0.1250000000
62516  -3.748  -4.040  76.442 0.1250000000
62524  -4.805  -4.153  74.916 0.1250000000
56548  -4.367  -10.394  69.311 0.1250000000
56549  -4.969  -10.046  68.969 0.1250000000
57561  -5.481  -9.654  68.492 0.1250000000
63507  -3.336  -2.882  81.011 0.1250000000
65523  -1.676  -1.528  80.498 0.1250000000
63516  -2.564  -3.311  77.532 0.1250000000
66544  -0.642  -0.171  74.633 0.2500000000
66540  -1.484  -0.556  75.392 0.1250000000
65539  -2.349  -1.160  75.068 0.1250000000
63517  -3.349  -3.298  76.825 0.1250000000
64523  -3.697  -2.204  74.615 0.1250000000
138840  -4.168  -2.633  74.886 0.1250000000
127751  -4.817  -3.510  74.508 0.1250000000
64520  -4.447  -3.254  75.159 0.1250000000
64524  -4.362  -2.720  74.290 0.1250000000
62525  -5.178  -4.030  74.163 0.1250000000
134687  -28.477  -8.621  70.813 0.2500000000
63526  -4.869  -3.054  72.915 0.1250000000
63527  -5.386  -3.794  73.375 0.1250000000
125800  -28.654  -8.589  70.434 0.1250000000
138541  -30.030  -8.424  70.271 0.1250000000
62548  -6.072  -4.060  71.916 0.1250000000
58623  -30.170  -8.385  69.075 0.1250000000
121121  -6.363  -4.403  71.188 0.1250000000
61566  -7.073  -5.199  68.993 0.1250000000
60589  -7.535  -6.473  67.934 0.1250000000
61584  -7.384  -5.768  68.496 0.1250000000
66521  -1.867  -0.807  80.455 0.1250000000
117598  -2.659  -1.775  80.715 0.1250000000
64507  -0.970  -2.459  78.887 0.1250000000
124843  -0.543  -1.484  79.509 0.1250000000
63519  -3.928  -3.299  76.029 0.1250000000
65543  -0.451  -0.613  73.756 0.2500000000
65545  -1.767  -1.138  74.425 0.1250000000
65546  -2.650  -1.697  74.362 0.1250000000
66551  -0.254  -0.967  73.102 0.2500000000
65552  -1.358  -1.512  73.802 0.2500000000
64529  -2.245  -2.010  73.533 0.1250000000
122470  -3.468  -2.237  73.808 0.1250000000
64530  -4.200  -2.652  73.324 0.1250000000
58603  -30.423  -8.101  70.531 0.2500000000
65551  -0.515  -1.408  73.393 0.2500000000
64528  -0.834  -2.028  73.251 0.1250000000
64535  -1.675  -2.513  72.956 0.1250000000
64536  -3.180  -2.510  72.925 0.1250000000
64537  -4.114  -2.781  72.599 0.1250000000
63537  -5.428  -3.568  72.498 0.1250000000
58613  -30.573  -8.234  69.885 0.1250000000
63534  -2.358  -3.053  72.390 0.1250000000
63535  -3.552  -2.987  72.020 0.1250000000
63548  -4.236  -3.243  71.519 0.1250000000
63549  -5.146  -3.433  71.600 0.1250000000
58625  -31.217  -7.657  68.637 0.1250000000
62561  -5.691  -3.799  70.857 0.1250000000
121751  -6.456  -4.436  70.404 0.1250000000
63557  -4.366  -3.559  70.813 0.1250000000
62576  -6.478  -4.507  69.364 0.1250000000
58604  -30.876  -7.821  70.217 0.1250000000
65555  -0.029  -1.901  72.704 0.2500000000
58614  -31.182  -7.663  69.625 0.1250000000
60583  -31.865  -6.841  69.273 0.1250000000
64527  -0.138  -2.051  73.013 0.2500000000
64534  -0.379  -2.675  72.844 0.1250000000
140174  -31.954  -6.967  68.652 0.1250000000
60584  -32.166  -6.384  68.672 0.1250000000
63533  -1.000  -3.268  72.581 0.1250000000
126896  -2.721  -3.421  71.771 0.1250000000
59590  -32.036  -6.788  67.968 0.1250000000
63547  -3.412  -3.499  71.287 0.1250000000
59596  -31.585  -7.017  67.259 0.1250000000
62559  -3.134  -4.078  70.566 0.1250000000
117490  -4.882  -3.762  70.180 0.1250000000
62575  -5.705  -3.970  69.885 0.1250000000
131273  -31.736  -6.563  66.621 0.1250000000
62574  -4.530  -4.125  69.444 0.1250000000
62591  -6.623  -4.774  68.441 0.1250000000
59583  -31.516  -7.178  69.671 0.1250000000
66556  -0.219  -1.340  72.489 0.2500000000
65559  0.204  -2.056  72.122 0.2500000000
64533  0.130  -2.652  72.618 0.2500000000
64532  0.299  -2.612  72.231 0.2500000000
134334  0.505  -3.111  71.894 0.2500000000
63532  -0.043  -3.327  72.467 0.1250000000
63546  -1.740  -3.672  71.967 0.1250000000
62547  -2.403  -3.935  71.312 0.1250000000
60598  -32.306  -6.235  67.778 0.2500000000
63531  0.356  -3.240  72.184 0.2500000000
63544  0.281  -3.980  71.993 0.2500000000
60597  -32.016  -6.576  67.303 0.1250000000
60613  -32.230  -6.149  66.944 0.2500000000
124957  -5.505  -4.173  69.145 0.1250000000
61583  -7.111  -5.294  68.136 0.1250000000
62607  -6.645  -4.938  67.743 0.1250000000
130787  -7.560  -6.296  67.251 0.1250000000
61615  -7.419  -5.851  66.786 0.1250000000
140128  -7.580  -6.097  66.226 0.1250000000
60606  -7.722  -6.613  66.491 0.1250000000
131287  -7.990  -6.931  65.739 0.1250000000
60624  -8.129  -6.845  65.088 0.1250000000
58668  -8.264  -8.222  64.223 0.1250000000
58681  -8.441  -8.008  63.549 0.1250000000
60641  -8.240  -6.787  64.321 0.1250000000
62621  -32.488  -4.699  67.192 0.5000000000
63613  -32.515  -3.310  66.026 0.3750000000
63605  -32.554  -3.947  66.550 0.5000000000
64549  0.355  -2.825  71.154 0.2500000000
63543  0.511  -3.789  71.699 0.2500000000
62546  -1.288  -4.341  71.561 0.2500000000
62558  -1.995  -4.576  70.864 0.1250000000
129494  -32.331  -3.091  65.218 0.2500000000
62633  -32.272  -4.719  66.168 0.1250000000
63556  0.475  -3.464  70.667 0.2500000000
62544  0.706  -4.689  71.500 0.2500000000
61542  0.321  -5.312  71.284 0.2500000000
61543  -0.849  -5.044  71.179 0.2500000000
62573  -3.282  -4.564  69.681 0.1250000000
62588  -3.731  -4.686  68.848 0.1250000000
62589  -4.688  -4.450  68.563 0.1250000000
62590  -5.844  -4.390  68.533 0.1250000000
62606  -6.001  -4.599  67.808 0.1250000000
61601  -7.033  -5.299  67.309 0.1250000000
128235  -7.756  -6.305  65.639 0.1250000000
60654  -7.897  -6.147  63.956 0.1250000000
59638  -8.501  -7.409  63.112 0.1250000000
59631  -8.392  -7.447  63.905 0.1250000000
60664  -7.496  -5.822  62.688 0.1250000000
60665  -8.298  -6.562  62.617 0.1250000000
64597  -32.564  -2.435  65.852 0.3750000000
135056  0.864  -4.430  70.675 0.2500000000
62557  0.982  -5.336  71.092 0.2500000000
61554  -1.633  -5.219  70.444 0.2500000000
61564  -2.307  -5.238  69.753 0.3750000000
138963  -3.955  -4.778  68.328 0.1250000000
64609  -32.465  -2.135  64.863 0.2500000000
62570  1.163  -5.161  70.509 0.2500000000
61553  0.694  -5.946  70.718 0.2500000000
122490  -2.052  -5.709  69.278 0.2500000000
61565  -2.840  -5.246  69.039 0.1250000000
62605  -5.170  -4.547  67.980 0.1250000000
61581  -3.338  -5.262  68.233 0.1250000000
61582  -4.244  -4.871  67.817 0.1250000000
61599  -5.120  -4.775  67.308 0.1250000000
61600  -6.161  -4.900  66.992 0.1250000000
61614  -6.838  -5.358  66.441 0.1250000000
60640  -7.839  -6.225  64.750 0.1250000000
120393  -7.946  -6.122  63.268 0.1250000000
61648  -6.484  -5.537  64.074 0.1250000000
61672  -6.654  -5.602  62.797 0.1250000000
61662  -7.160  -5.671  63.484 0.1250000000
60663  -6.751  -5.696  62.129 0.2500000000
122537  -32.654  -1.901  66.545 0.5000000000
60538  1.204  -6.288  70.229 0.2500000000
60552  0.699  -6.517  70.179 0.2500000000
61579  -1.234  -6.311  69.260 0.2500000000
121011  1.430  -6.545  69.863 0.2500000000
59581  0.030  -6.768  69.614 0.3750000000
61580  -2.284  -5.901  68.518 0.2500000000
59580  1.149  -6.872  69.765 0.2500000000
121370  -3.556  -5.417  67.542 0.1250000000
61612  -4.991  -5.118  66.483 0.1250000000
61613  -5.895  -5.173  66.015 0.1250000000
127288  -7.346  -5.772  65.975 0.1250000000
61630  -6.599  -5.428  65.456 0.1250000000
61631  -7.314  -5.788  65.143 0.1250000000
118663  -6.012  -5.396  64.669 0.1250000000
61649  -7.281  -5.757  64.348 0.1250000000
60653  -5.013  -5.814  63.076 0.2500000000
134906  -6.097  -5.532  63.300 0.2500000000
60661  -4.182  -6.330  62.534 0.2500000000
117309  -4.980  -6.039  62.144 0.2500000000
60672  -5.850  -5.904  61.723 0.2500000000
65607  -32.688  -1.508  67.320 0.5000000000
66629  -32.674  -0.189  66.113 0.5000000000
64610  -32.600  -1.368  65.546 0.3750000000
60623  -3.986  -5.882  65.131 0.2500000000
61629  -5.663  -5.339  65.266 0.2500000000
60638  -4.034  -6.035  64.230 0.2500000000
61646  -4.963  -5.592  64.660 0.2500000000
60660  -3.393  -6.567  62.867 0.2500000000
61647  -5.538  -5.578  63.935 0.2500000000
60652  -4.108  -6.195  63.388 0.2500000000
60639  -4.696  -5.812  63.845 0.2500000000
60670  -3.396  -6.682  62.047 0.2500000000
59657  -2.643  -7.470  61.173 0.2500000000
116298  -2.834  -7.080  61.730 0.2500000000
130657  -1.685  -8.322  60.672 0.2500000000
67701  -32.624  0.766  64.696 0.2500000000
116875  -32.599  0.168  64.837 0.2500000000
60636  -2.476  -6.707  65.059 0.2500000000
60637  -3.263  -6.387  64.650 0.2500000000
60651  -3.340  -6.473  63.750 0.2500000000
60650  -2.588  -6.765  64.137 0.2500000000
59637  -2.681  -6.835  63.216 0.2500000000
124234  -0.386  -8.730  61.513 0.2500000000
137964  -1.279  -7.922  62.563 0.2500000000
121623  -2.159  -7.331  62.737 0.2500000000
58699  -1.260  -8.348  61.219 0.2500000000
58692  -1.676  -7.934  61.750 0.2500000000
59647  -2.258  -7.491  61.891 0.2500000000
58700  -1.981  -7.902  61.188 0.2500000000
58713  -0.709  -8.772  60.785 0.2500000000
119049  1.251  -9.458  59.549 0.2500000000
116858  0.300  -9.497  59.648 0.2500000000
57689  -0.877  -9.295  59.224 0.2500000000
59630  -1.882  -7.138  64.578 0.2500000000
58677  1.956  -8.737  63.796 0.2500000000
58666  -0.742  -7.934  63.611 0.2500000000
116229  -2.018  -7.216  63.634 0.2500000000
58689  0.907  -8.881  62.602 0.2500000000
123305  -1.440  -7.665  63.090 0.2500000000
57649  1.230  -9.231  61.965 0.2500000000
57668  -0.061  -9.275  60.658 0.2500000000
57687  1.827  -9.182  59.118 0.3750000000
57678  0.907  -9.490  60.383 0.2500000000
59707  -0.034  -8.358  57.331 0.3750000000
80729  -38.802  13.733  49.100 0.2500000000
82375  -38.954  15.572  49.615 0.2500000000
81554  -39.069  14.897  49.983 0.2500000000
81555  -39.289  14.218  50.263 0.2500000000
82402  -38.608  15.752  47.803 0.2500000000
82391  -38.752  15.592  48.717 0.2500000000
83294  -38.557  16.795  46.822 0.2500000000
81566  -38.702  14.684  49.084 0.2500000000
82412  -38.295  15.967  47.071 0.2500000000
125923  -38.481  14.873  48.107 0.2500000000
82401  -38.154  15.092  47.338 0.2500000000
80742  -38.511  13.909  48.340 0.2500000000
125950  -38.703  13.139  48.498 0.2500000000
81575  -38.185  14.106  47.558 0.2500000000
80756  -38.370  13.050  47.742 0.2500000000
137915  -38.527  12.247  47.436 0.2500000000
87800  -40.125  21.596  47.388 0.3750000000
86069  -40.404  20.356  48.497 0.3750000000
85158  -40.339  19.727  48.935 0.3750000000
84217  -39.439  18.540  50.215 0.3750000000
85159  -40.663  20.119  48.168 0.2500000000
129651  -40.269  18.979  48.832 0.2500000000
84231  -39.732  18.246  49.106 0.2500000000
118512  -39.401  17.347  50.295 0.2500000000
84250  -39.939  18.261  48.129 0.2500000000
83253  -39.114  16.351  49.399 0.2500000000
83269  -39.473  17.290  48.209 0.2500000000
84249  -39.288  17.442  47.337 0.2500000000
83268  -39.072  16.411  48.414 0.2500000000
83283  -38.888  16.590  47.526 0.2500000000
81574  -37.728  14.352  46.871 0.2500000000
134622  -38.207  12.612  47.068 0.2500000000
80771  -37.400  13.556  46.390 0.2500000000
79868  -37.761  12.546  46.409 0.2500000000
79962  -44.010  12.808  39.895 0.2500000000
80865  -44.205  13.925  39.385 0.2500000000
80855  -43.814  13.206  39.356 0.2500000000
138247  -40.344  15.902  40.652 0.2500000000
82469  -40.821  16.079  40.882 0.2500000000
83357  -41.132  16.845  40.624 0.3750000000
84323  -41.459  17.656  40.401 0.3750000000
84322  -40.765  17.313  40.028 0.3750000000
84340  -40.633  17.632  39.356 0.3750000000
84341  -41.175  18.040  39.796 0.3750000000
84350  -40.709  17.904  38.615 0.3750000000
85276  -41.062  18.223  39.193 0.3750000000
85277  -41.623  18.856  39.508 0.3750000000
85285  -41.319  18.699  38.709 0.2500000000
134631  -41.812  19.428  38.907 0.2500000000
84356  -40.639  17.789  37.829 0.2500000000
85294  -41.130  18.481  37.994 0.2500000000
85301  -41.060  18.202  37.364 0.2500000000
120397  -40.711  17.622  37.059 0.2500000000
93331  5.560  27.855  54.444 0.3750000000
91929  4.908  26.662  53.814 0.3750000000
122505  4.224  26.516  53.695 0.3750000000
91944  3.659  27.016  53.223 0.2500000000
123763  -42.649  20.642  36.188 0.3750000000
87072  -43.485  21.731  36.032 0.3750000000
87071  -42.953  20.686  35.250 0.2500000000
87077  -43.776  21.643  34.829 0.2500000000
87103  -44.797  20.108  32.154 0.3750000000
86261  -45.221  19.785  31.622 0.3750000000
93936  5.623  29.462  55.439 0.3750000000
117064  5.623  28.750  54.731 0.3750000000
92677  5.384  27.484  53.836 0.3750000000
92678  5.148  27.278  53.492 0.3750000000
91943  4.616  27.131  53.328 0.3750000000
92688  5.152  27.677  52.762 0.2500000000
92689  4.146  27.533  52.717 0.2500000000
95114  5.593  31.072  55.410 0.3750000000
125926  5.604  30.423  54.920 0.3750000000
120794  5.572  30.151  53.988 0.3750000000
117606  5.635  29.677  54.791 0.3750000000
93953  5.650  29.117  53.858 0.3750000000
93964  5.644  28.666  53.061 0.3750000000
94541  5.665  29.397  53.056 0.2500000000
116260  5.627  28.192  53.608 0.3750000000
93341  5.630  28.151  52.710 0.2500000000
139434  5.500  27.956  52.632 0.3750000000
92697  4.657  28.008  52.153 0.2500000000
92698  3.557  27.982  52.164 0.2500000000
92699  2.495  27.916  52.120 0.2500000000
92690  3.078  27.466  52.663 0.2500000000
135630  5.671  31.864  56.684 0.3750000000
96409  5.171  32.653  55.304 0.3750000000
95738  5.373  31.865  54.890 0.3750000000
130311  5.459  31.877  55.845 0.3750000000
95123  5.471  31.053  54.485 0.3750000000
131844  5.444  30.974  53.686 0.3750000000
95134  5.602  30.364  53.031 0.2500000000
94552  5.838  29.551  52.200 0.2500000000
93969  5.753  28.692  52.242 0.2500000000
93352  5.703  28.741  51.549 0.2500000000
93353  5.093  28.491  51.611 0.2500000000
93363  4.515  28.775  51.174 0.2500000000
93354  4.045  28.450  51.661 0.2500000000
97720  1.044  35.735  58.988 0.3750000000
97723  0.496  34.872  58.544 0.3750000000
97056  4.549  34.818  56.800 0.3750000000
96410  4.888  33.485  55.573 0.3750000000
95747  5.309  31.789  53.921 0.3750000000
95757  5.282  32.564  53.311 0.2500000000
95765  5.442  32.061  52.401 0.3750000000
94560  6.116  29.741  51.285 0.2500000000
138774  5.976  29.001  51.527 0.2500000000
118835  6.301  30.297  50.666 0.1250000000
93974  6.079  29.057  50.921 0.1250000000
94567  6.252  29.607  50.389 0.1250000000
93975  5.447  28.908  50.921 0.2500000000
139087  5.199  29.298  50.408 0.1250000000
93981  4.295  29.290  50.585 0.1250000000
98430  4.192  37.691  59.827 0.3750000000
99094  3.818  38.068  60.050 0.3750000000
99098  3.173  38.355  59.356 0.3750000000
119957  2.369  37.607  58.928 0.3750000000
97722  1.153  35.669  57.844 0.3750000000
98444  2.020  36.269  56.146 0.3750000000
99100  4.500  38.845  58.244 0.3750000000
97725  1.340  35.599  56.692 0.3750000000
97732  1.509  35.531  55.581 0.3750000000
97721  4.511  36.454  57.862 0.3750000000
97067  0.271  34.414  55.652 0.3750000000
97079  0.530  34.365  54.641 0.3750000000
97724  4.603  35.932  56.865 0.3750000000
98442  5.038  36.493  56.313 0.3750000000
96436  0.261  33.698  52.316 0.3750000000
97065  4.736  34.463  55.782 0.3750000000
97741  4.960  35.098  55.123 0.3750000000
97077  4.925  34.094  54.763 0.3750000000
97076  5.278  34.795  54.243 0.2500000000
96417  5.170  33.395  54.029 0.2500000000
97084  5.550  34.503  53.379 0.3750000000
126851  5.408  32.865  52.548 0.2500000000
96435  5.644  33.466  52.190 0.2500000000
96447  5.936  33.375  51.503 0.2500000000
95156  5.852  31.267  51.524 0.2500000000
95777  5.676  32.585  51.738 0.2500000000
130283  6.381  29.810  49.838 0.1250000000
93980  5.945  29.402  50.293 0.1250000000
93989  6.017  29.843  49.563 0.1250000000
94575  5.079  30.123  49.248 0.1250000000
93991  3.626  29.796  49.951 0.1250000000
93992  2.617  29.822  49.836 0.1250000000
99106  3.739  39.054  58.156 0.3750000000
99107  3.001  38.222  57.464 0.3750000000
98438  2.468  37.154  56.753 0.3750000000
98443  2.499  37.004  55.706 0.3750000000
97731  2.083  36.213  55.100 0.3750000000
99661  4.079  38.966  58.733 0.3750000000
98439  1.852  36.430  57.228 0.3750000000
98437  4.805  37.081  57.204 0.3750000000
98441  5.672  36.988  55.843 0.3750000000
97740  5.574  35.677  54.573 0.3750000000
97748  5.873  35.362  53.702 0.2500000000
97095  5.801  34.261  52.521 0.2500000000
97107  6.106  34.072  51.700 0.2500000000
96446  6.373  33.799  50.904 0.1250000000
96459  6.692  33.293  50.134 0.1250000000
95790  6.544  32.144  50.050 0.1250000000
94566  6.552  30.152  49.884 0.1250000000
94574  6.668  30.330  49.219 0.1250000000
116418  5.962  30.346  48.836 0.1250000000
94586  4.524  30.592  48.586 0.1250000000
94598  4.593  31.006  47.765 0.1250000000
94599  3.443  30.916  47.913 0.1250000000
94600  2.432  30.890  47.460 0.1250000000
99110  3.538  38.770  57.055 0.3750000000
99111  2.940  37.871  56.361 0.3750000000
99666  4.220  39.244  57.483 0.3750000000
99119  2.868  37.647  55.423 0.3750000000
98456  2.547  37.014  54.631 0.3750000000
99662  4.431  39.112  58.037 0.3750000000
99104  5.591  38.454  56.989 0.3750000000
99109  6.027  37.832  56.313 0.3750000000
98455  5.965  36.583  54.967 0.3750000000
98461  6.307  36.203  54.066 0.3750000000
97094  6.382  34.864  51.950 0.1250000000
97106  6.647  34.676  51.068 0.1250000000
97122  6.889  34.317  50.122 0.1250000000
97136  7.026  34.256  49.333 0.1250000000
96475  7.075  33.559  49.411 0.1250000000
133953  6.981  32.792  49.469 0.1250000000
131519  7.195  33.557  48.801 0.1250000000
121829  7.275  32.825  48.741 0.1250000000
95188  7.138  31.014  48.445 0.1250000000
134403  7.329  32.911  47.952 0.1250000000
95818  7.378  31.927  48.035 0.1250000000
95199  7.200  31.438  47.423 0.1250000000
94585  6.789  30.834  48.215 0.1250000000
95189  5.728  30.857  47.962 0.1250000000
97158  6.711  33.482  47.396 0.1250000000
95830  7.365  32.004  47.205 0.1250000000
95200  6.606  31.223  47.201 0.1250000000
96496  7.131  32.589  47.074 0.1250000000
96502  7.100  32.050  46.487 0.1250000000
95214  6.994  31.645  46.640 0.1250000000
95201  5.391  31.263  47.123 0.1250000000
95216  5.040  31.548  46.280 0.1250000000
95202  4.167  31.313  47.127 0.1250000000
96503  6.499  32.450  45.820 0.1250000000
95841  6.566  31.912  45.927 0.1250000000
95215  6.234  31.555  46.335 0.1250000000
95203  3.165  31.266  47.055 0.1250000000
133430  5.983  32.254  45.360 0.1250000000
95234  5.804  31.853  45.562 0.1250000000
96510  5.926  32.927  45.265 0.1250000000
99670  3.964  39.071  56.475 0.3750000000
99118  3.353  38.361  55.873 0.3750000000
99669  4.678  39.391  56.840 0.3750000000
120710  3.676  38.822  55.260 0.3750000000
99677  3.447  38.815  54.204 0.3750000000
100254  5.387  39.316  56.778 0.3750000000
99103  6.038  38.515  56.564 0.3750000000
134294  7.081  38.001  55.116 0.2500000000
98454  6.699  37.080  54.528 0.2500000000
98460  6.935  36.740  53.505 0.1250000000
97754  6.696  35.653  52.209 0.1250000000
97769  6.859  35.470  51.344 0.1250000000
97783  6.960  34.882  49.810 0.1250000000
135582  6.923  35.308  50.462 0.1250000000
97807  6.705  34.995  49.246 0.1250000000
97147  6.836  34.150  48.447 0.1250000000
97148  5.873  35.180  48.535 0.1250000000
97159  5.814  34.474  47.575 0.1250000000
136901  6.120  33.691  46.830 0.1250000000
96497  6.738  32.850  46.514 0.1250000000
134037  6.123  33.325  45.988 0.1250000000
97168  5.436  33.853  45.602 0.1250000000
97176  5.048  34.482  45.102 0.1250000000
100894  4.758  40.611  53.736 0.2500000000
100897  4.395  40.862  52.933 0.1250000000
100893  5.652  41.055  54.162 0.1250000000
100895  4.043  40.115  53.265 0.2500000000
101566  4.070  41.167  52.182 0.2500000000
100898  3.783  40.373  52.426 0.2500000000
100891  5.127  40.404  54.609 0.3750000000
100267  4.367  39.933  54.154 0.2500000000
100268  3.739  39.433  53.715 0.2500000000
100890  6.002  40.683  54.871 0.2500000000
100256  5.859  39.541  56.011 0.3750000000
100258  4.323  39.296  55.733 0.3750000000
99684  3.269  38.941  53.392 0.3750000000
100253  6.125  39.165  56.379 0.3750000000
99667  7.110  39.399  55.406 0.2500000000
99668  6.847  38.869  55.846 0.3750000000
99683  7.516  39.031  54.034 0.1250000000
99124  7.405  38.257  54.362 0.1250000000
99135  7.453  38.131  53.516 0.1250000000
99136  7.343  37.337  52.896 0.1250000000
98471  7.110  36.501  52.425 0.1250000000
137580  7.346  37.033  52.195 0.1250000000
129973  7.064  36.136  51.643 0.1250000000
98491  6.783  36.852  50.679 0.1250000000
120480  7.088  36.102  50.940 0.1250000000
98502  6.718  36.091  50.186 0.1250000000
97793  6.745  35.452  49.823 0.1250000000
97794  5.935  35.998  49.337 0.1250000000
97808  5.078  35.916  48.457 0.1250000000
97823  5.163  35.313  47.900 0.1250000000
97160  4.865  35.078  47.154 0.1250000000
97830  4.184  35.693  46.862 0.1250000000
122794  5.436  34.243  46.580 0.1250000000
119980  4.688  34.909  46.163 0.1250000000
96518  5.342  33.527  44.886 0.1250000000
97187  4.982  34.350  44.340 0.1250000000
101562  5.243  41.313  53.382 0.1250000000
101565  4.836  41.593  52.653 0.1250000000
101561  6.255  41.633  53.706 0.1250000000
102193  5.442  42.289  52.374 0.1250000000
101558  6.534  41.233  54.309 0.1250000000
100889  6.760  40.679  54.757 0.1250000000
100266  7.527  40.069  53.993 0.1250000000
131027  7.479  39.678  52.727 0.1250000000
100280  7.353  39.841  51.990 0.1250000000
99141  7.403  38.105  52.720 0.1250000000
100290  7.183  40.201  51.313 0.1250000000
99146  6.872  37.616  51.147 0.1250000000
99702  6.527  38.548  50.807 0.1250000000
99147  6.339  37.675  50.437 0.1250000000
98492  6.119  36.942  49.887 0.1250000000
140338  5.631  36.770  49.380 0.1250000000
98512  5.192  36.698  48.886 0.1250000000
99166  4.212  37.518  48.076 0.1250000000
98513  4.436  36.639  48.137 0.1250000000
130814  3.895  36.966  47.644 0.1250000000
97809  4.526  35.819  47.667 0.1250000000
98524  3.560  36.889  47.064 0.1250000000
98523  3.960  36.359  47.363 0.1250000000
97831  3.924  35.778  46.122 0.1250000000
102197  4.985  42.654  51.722 0.1250000000
102198  4.093  42.231  51.250 0.1250000000
102191  7.117  42.563  52.527 0.1250000000
102196  6.355  42.871  52.031 0.1250000000
101559  7.309  41.694  53.336 0.1250000000
102190  7.531  42.386  52.132 0.1250000000
102194  7.724  42.620  51.399 0.1250000000
101557  7.147  41.241  54.152 0.1250000000
101563  7.586  41.941  52.548 0.1250000000
101567  7.767  42.112  51.809 0.1250000000
101580  7.765  42.367  50.083 0.1250000000
101588  7.576  42.380  49.112 0.1250000000
117681  7.559  40.628  52.540 0.1250000000
100907  7.554  41.329  51.327 0.1250000000
100913  7.417  41.488  50.367 0.1250000000
101581  7.201  41.595  49.461 0.1250000000
102214  7.350  42.457  48.220 0.1250000000
100908  7.014  40.550  50.582 0.1250000000
101589  6.927  41.708  48.576 0.1250000000
100281  6.936  39.193  51.425 0.1250000000
100914  6.713  40.782  49.785 0.1250000000
100920  6.402  40.994  48.975 0.1250000000
101590  6.148  41.197  48.160 0.1250000000
100292  6.226  39.124  50.261 0.1250000000
100297  6.363  39.895  50.048 0.1250000000
100915  6.029  40.150  49.301 0.1250000000
100921  5.715  40.429  48.536 0.1250000000
101595  5.920  41.446  47.401 0.1250000000
99703  6.006  38.436  50.104 0.1250000000
99154  5.839  37.758  49.895 0.1250000000
99710  5.505  38.330  49.548 0.1250000000
99159  5.405  37.450  49.346 0.1250000000
99714  4.975  38.212  49.004 0.1250000000
99160  4.762  37.440  48.675 0.1250000000
99721  4.135  38.342  47.933 0.1250000000
99722  3.719  38.430  47.224 0.1250000000
100315  3.523  39.356  46.273 0.1250000000
99729  3.380  38.478  46.495 0.1250000000
135130  3.279  39.718  45.417 0.1250000000
100955  3.403  40.545  44.839 0.1250000000
131881  3.736  36.278  46.710 0.1250000000
99736  3.051  38.622  45.724 0.1250000000
99178  3.082  37.696  45.967 0.1250000000
99737  2.727  38.738  44.819 0.1250000000
98535  3.395  36.730  46.193 0.1250000000
99179  2.821  37.920  45.217 0.1250000000
97839  4.500  35.281  45.453 0.1250000000
98543  3.934  36.072  45.248 0.1250000000
118071  3.224  37.114  45.369 0.1250000000
123523  4.811  35.231  44.658 0.1250000000
123988  4.707  44.412  49.558 0.1250000000
103272  4.001  44.310  49.311 0.1250000000
102769  3.587  43.552  49.500 0.1250000000
102758  6.085  43.748  50.643 0.1250000000
102203  4.467  42.986  51.034 0.1250000000
102760  4.003  43.243  50.307 0.1250000000
102215  3.074  42.859  49.188 0.1250000000
102757  7.266  43.673  50.537 0.1250000000
102765  7.860  43.308  50.196 0.1250000000
102773  7.842  43.530  48.763 0.1250000000
102220  7.685  43.188  48.016 0.1250000000
102221  7.074  42.655  47.276 0.1250000000
102236  6.203  43.112  45.802 0.1250000000
101600  5.766  41.773  46.687 0.1250000000
101610  5.593  42.213  46.009 0.1250000000
100298  5.782  39.204  49.624 0.1250000000
100927  5.428  40.726  47.775 0.1250000000
102237  5.183  42.674  45.358 0.1250000000
100302  5.409  39.585  48.880 0.1250000000
100934  5.184  41.086  47.035 0.1250000000
101601  4.976  41.464  46.307 0.1250000000
100307  4.986  39.899  48.152 0.1250000000
100935  4.474  40.677  46.589 0.1250000000
101611  4.739  41.834  45.618 0.1250000000
101622  4.469  42.146  45.072 0.1250000000
119344  5.267  38.864  49.127 0.1250000000
100303  4.730  38.929  48.513 0.1250000000
100308  4.225  39.286  47.600 0.1250000000
100944  4.288  41.045  45.858 0.1250000000
126189  3.956  42.022  44.559 0.1250000000
99715  4.527  38.106  48.467 0.1250000000
100314  4.044  39.839  46.823 0.1250000000
100936  3.822  40.253  46.114 0.1250000000
100945  3.741  40.616  45.474 0.1250000000
101623  3.486  41.248  44.374 0.1250000000
100328  2.861  39.725  44.551 0.1250000000
127007  2.606  39.664  43.795 0.1250000000
99181  3.086  37.456  44.655 0.1250000000
99744  2.617  38.428  44.043 0.1250000000
97846  5.092  35.363  43.786 0.1250000000
103271  5.555  44.699  49.370 0.1250000000
103277  4.668  44.851  49.012 0.1250000000
103264  6.594  44.315  49.877 0.1250000000
127658  3.455  44.183  48.820 0.1250000000
103279  3.079  44.092  48.301 0.1250000000
103285  2.869  44.511  47.668 0.1250000000
102766  7.611  43.938  49.767 0.1250000000
102774  3.085  43.542  48.751 0.1250000000
130768  7.851  43.514  49.500 0.1250000000
102777  7.785  43.881  47.898 0.1250000000
102778  7.524  43.544  47.241 0.1250000000
102228  6.999  43.280  46.510 0.1250000000
102229  6.380  42.492  46.509 0.1250000000
138657  5.075  43.118  45.006 0.1250000000
102248  4.553  42.761  44.711 0.1250000000
102249  3.895  42.629  44.106 0.1250000000
101624  3.019  41.119  43.687 0.1250000000
100963  2.622  40.303  43.373 0.1250000000
125749  2.358  40.094  42.609 0.1250000000
135123  2.556  38.938  43.542 0.1250000000
98552  3.699  36.691  44.598 0.1250000000
99751  2.728  38.317  43.335 0.1250000000
98551  4.659  36.000  44.204 0.1250000000
103270  6.591  44.994  49.087 0.1250000000
103770  4.575  45.518  48.558 0.1250000000
103775  7.705  45.279  47.814 0.1250000000
103288  7.691  44.694  46.926 0.1250000000
103289  7.355  44.680  46.263 0.1250000000
102793  6.916  43.955  46.003 0.1250000000
102794  6.262  43.988  45.438 0.1250000000
102802  4.319  43.242  44.260 0.1250000000
102810  3.738  43.350  43.702 0.1250000000
101636  3.443  41.896  43.938 0.1250000000
102811  3.021  43.161  43.121 0.1250000000
101637  2.906  41.769  43.308 0.1250000000
100972  2.539  40.945  42.967 0.1250000000
136936  3.540  37.122  44.128 0.1250000000
98558  4.377  36.614  43.827 0.1250000000
103276  5.533  45.301  48.853 0.1250000000
104283  4.309  46.205  48.230 0.1250000000
135884  4.781  46.090  48.435 0.1250000000
103768  7.428  45.622  48.156 0.1250000000
104279  7.628  45.934  47.559 0.1250000000
104286  7.401  46.677  47.141 0.1250000000
103781  7.566  45.341  46.628 0.1250000000
104902  7.005  46.894  46.416 0.1250000000
103788  7.171  45.374  45.996 0.1250000000
103789  6.553  45.400  45.480 0.1250000000
104298  6.811  46.138  45.887 0.1250000000
103296  6.147  44.710  45.197 0.1250000000
103302  5.536  44.752  44.728 0.1250000000
104905  6.373  47.003  45.730 0.1250000000
104299  6.160  46.168  45.321 0.1250000000
127201  5.121  44.222  44.569 0.1250000000
127651  5.621  46.996  45.105 0.1250000000
103794  5.890  45.418  44.995 0.1250000000
103795  5.234  45.421  44.534 0.1250000000
103303  4.871  44.734  44.317 0.1250000000
102809  4.440  43.969  44.130 0.1250000000
103309  4.177  44.691  43.830 0.1250000000
127200  3.826  44.102  43.635 0.1250000000
102260  2.737  42.400  42.927 0.1250000000
102267  2.177  42.299  42.263 0.1250000000
100343  2.427  39.147  42.257 0.1250000000
120898  3.829  37.139  43.539 0.1250000000
99193  3.223  37.730  43.072 0.1250000000
140443  2.581  38.815  42.930 0.1250000000
104280  7.049  46.629  48.020 0.1250000000
104891  6.384  47.640  48.280 0.1250000000
126028  5.831  48.315  48.430 0.1250000000
105531  6.347  48.334  48.112 0.1250000000
105533  4.776  49.186  48.678 0.1250000000
129911  4.102  49.224  48.547 0.1250000000
104897  6.892  47.535  47.697 0.1250000000
106121  4.404  49.794  48.618 0.1250000000
106655  3.606  50.656  48.346 0.1250000000
105544  6.289  48.883  46.717 0.1250000000
105539  6.123  49.022  47.750 0.1250000000
106649  5.154  50.285  48.377 0.1250000000
133566  6.458  47.888  46.330 0.1250000000
105548  5.819  47.838  45.484 0.1250000000
104304  5.506  46.149  44.802 0.1250000000
128044  4.810  46.146  44.366 0.1250000000
126857  5.320  47.764  44.873 0.1250000000
128048  4.099  46.174  43.822 0.1250000000
104912  4.853  47.500  44.465 0.1250000000
103802  3.786  45.402  43.574 0.1250000000
103804  3.139  45.375  43.039 0.1250000000
102814  3.244  43.936  43.226 0.1250000000
102815  2.578  43.777  42.587 0.1250000000
124184  2.789  38.298  42.540 0.1250000000
99204  3.384  37.702  42.171 0.1250000000
106125  3.273  50.034  47.898 0.1250000000
106651  4.106  50.340  48.572 0.1250000000
106656  2.929  50.952  47.833 0.1250000000
106129  6.051  49.785  47.090 0.1250000000
106134  6.114  49.412  46.195 0.1250000000
130167  4.990  48.998  44.583 0.1250000000
105555  4.871  48.276  44.494 0.1250000000
104918  4.221  47.869  43.873 0.1250000000
104312  4.469  46.922  44.124 0.1250000000
104923  3.441  47.842  43.142 0.1250000000
104313  3.784  46.999  43.500 0.1250000000
104318  3.148  46.985  42.834 0.1250000000
128042  3.399  46.177  43.282 0.1250000000
104319  2.531  46.933  42.159 0.1250000000
128047  2.799  46.142  42.668 0.1250000000
103805  2.597  45.333  42.425 0.1250000000
103313  2.902  44.607  42.819 0.1250000000
103806  2.094  45.267  41.781 0.1250000000
102817  2.032  43.988  42.014 0.1250000000
102816  1.952  43.135  41.995 0.1250000000
129492  1.544  42.897  41.328 0.1250000000
100973  2.158  40.779  42.203 0.1250000000
99758  2.790  38.364  41.672 0.1250000000
124556  5.918  48.772  45.772 0.1250000000
105554  5.435  48.633  45.049 0.1250000000
106141  5.468  49.568  44.858 0.1250000000
106673  5.803  50.424  44.992 0.1250000000
106147  4.847  49.600  44.254 0.1250000000
106148  4.186  49.529  43.645 0.1250000000
105564  3.802  48.701  43.405 0.1250000000
106150  3.511  49.478  42.987 0.1250000000
104924  2.797  47.809  42.419 0.1250000000
105568  3.162  48.649  42.662 0.1250000000
105569  2.541  48.614  42.004 0.1250000000
104323  1.967  46.780  41.516 0.1250000000
102818  1.580  43.756  41.365 0.1250000000
101650  1.907  41.494  41.877 0.1250000000
130115  1.234  40.704  40.052 0.1250000000
100984  2.090  39.953  41.788 0.1250000000
101004  1.444  40.697  40.679 0.1250000000
100349  2.279  39.217  41.308 0.1250000000
100357  2.162  39.300  40.294 0.1250000000
106674  5.289  50.337  44.423 0.1250000000
127495  5.147  50.892  44.035 0.1250000000
106681  4.651  50.272  43.856 0.1250000000
106682  3.919  50.278  43.298 0.1250000000
106151  2.862  49.452  42.265 0.1250000000
103807  1.727  45.131  41.286 0.1250000000
103317  1.472  44.580  41.041 0.1250000000
102271  1.291  42.237  40.910 0.1250000000
101677  1.114  41.448  40.348 0.1250000000
101663  1.480  41.445  41.145 0.1250000000
107145  5.688  51.169  44.584 0.1250000000
107153  4.561  50.991  43.517 0.1250000000
104929  2.173  47.753  41.643 0.1250000000
104324  1.728  45.907  41.286 0.1250000000
105574  2.028  48.638  41.349 0.1250000000
86279  -44.713  19.230  31.083 0.3750000000
62497  -3.787  -4.232  81.545 0.1250000000
61608  -32.406  -5.564  67.475 0.2500000000
61487  -6.498  -6.099  81.277 0.1250000000
64502  -3.266  -2.309  80.832 0.1250000000
65525  -0.973  -0.957  80.207 0.1250000000
64591  -32.686  -2.305  67.272 0.5000000000
138579  -32.632  1.512  64.860 0.3750000000
133708  -39.257  16.368  50.174 0.2500000000
86932  -40.663  21.119  47.818 0.3750000000
85295  -41.484  18.917  37.295 0.2500000000
96400  4.816  33.721  56.541 0.3750000000
93355  2.952  28.458  51.641 0.2500000000
93982  3.035  29.439  50.534 0.1250000000
132068  3.128  30.144  49.433 0.1250000000
97053  4.535  34.781  57.806 0.3750000000
99095  3.346  37.988  60.146 0.3750000000
126407  4.486  35.471  57.409 0.3750000000
98431  2.456  37.578  59.926 0.3750000000
98432  1.639  36.711  59.451 0.3750000000
97726  0.509  34.910  57.398 0.3750000000
97057  0.784  34.937  56.169 0.3750000000
119221  4.412  37.436  58.818 0.3750000000
66522  -0.567  -0.426  79.652 0.1250000000
65613  -32.671  -1.007  66.379 0.5000000000
63564  0.733  -4.164  71.197 0.2500000000
62586  0.944  -5.279  69.636 0.2500000000
57677  1.874  -9.426  60.020 0.2500000000
133633  -44.504  13.423  40.001 0.2500000000
63606  -32.631  -2.961  66.781 0.5000000000
58511  -8.078  -7.318  80.076 0.1250000000
117356  -4.149  -5.275  67.040 0.1250000000
57648  2.312  -9.230  61.720 0.2500000000
58688  1.691  -9.009  62.714 0.2500000000
57667  0.565  -9.250  61.313 0.2500000000
136570  0.424  -8.485  63.525 0.2500000000
60478  -1.867  -6.658  81.259 0.1250000000
60477  -1.648  -7.110  81.108 0.1250000000
61481  -1.771  -6.281  81.029 0.1250000000
60485  -1.040  -6.776  79.879 0.1250000000
60486  -1.036  -6.087  79.838 0.1250000000
60474  -3.546  -6.600  81.999 0.1250000000
59507  -5.589  -7.228  81.431 0.1250000000
58509  -6.576  -8.017  80.514 0.1250000000
128909  -1.159  -5.594  79.389 0.1250000000
61500  -1.514  -5.332  78.612 0.1250000000
60496  -2.458  -6.600  76.760 0.1250000000
134399  -2.395  -7.305  76.244 0.1250000000
61512  -3.856  -5.544  75.843 0.1250000000
60506  -4.566  -6.172  74.454 0.1250000000
59542  -3.833  -7.693  73.724 0.1250000000
59553  -4.820  -7.470  72.609 0.1250000000
119925  -1.080  -3.960  79.657 0.1250000000
62508  -1.506  -4.250  78.587 0.1250000000
58583  -4.576  -8.503  71.458 0.1250000000
116593  -5.454  -8.797  69.808 0.1250000000
62512  -2.279  -4.158  77.686 0.1250000000
63514  -1.691  -3.324  78.334 0.1250000000
63502  -3.197  -3.590  81.266 0.1250000000
64500  -1.244  -2.263  80.315 0.1250000000
64501  -2.105  -2.267  80.702 0.1250000000
65522  -0.897  -1.672  80.136 0.1250000000
66545  -1.378  -0.725  74.709 0.1250000000
63523  -4.931  -3.250  73.804 0.1250000000
58612  -29.782  -8.535  69.800 0.1250000000
65544  -0.869  -0.868  74.024 0.2500000000
63536  -4.578  -3.076  72.124 0.1250000000
59589  -31.642  -7.309  69.055 0.1250000000
62560  -4.023  -3.929  70.086 0.1250000000
63545  -0.565  -3.894  72.098 0.2500000000
62545  -0.085  -4.650  71.738 0.2500000000
62572  -2.483  -4.743  70.233 0.2500000000
123957  -0.544  -5.688  70.675 0.2500000000
132423  -1.393  -5.781  69.922 0.2500000000
61552  1.162  -5.622  70.640 0.2500000000
60553  -0.307  -6.307  70.160 0.2500000000
60662  -5.856  -5.690  62.507 0.2500000000
60572  -1.522  -6.469  68.488 0.2500000000
61597  -2.850  -5.845  67.687 0.2500000000
57679  -0.686  -9.172  60.060 0.2500000000
58690  -0.343  -8.501  62.420 0.2500000000
58691  -1.099  -8.210  62.091 0.2500000000
58679  -0.222  -8.331  63.199 0.2500000000
59646  -1.665  -7.741  62.337 0.2500000000
123331  0.348  -8.621  62.845 0.2500000000
80755  -37.917  13.357  47.010 0.2500000000
83254  -39.430  17.310  49.286 0.2500000000
93346  5.454  28.219  52.210 0.2500000000
96418  5.041  33.277  54.799 0.3750000000
119708  5.209  32.624  54.362 0.3750000000
128344  5.401  31.440  52.970 0.3750000000
123960  5.721  30.623  52.230 0.3750000000
93364  3.518  28.934  51.150 0.2500000000
98435  1.712  36.596  58.358 0.3750000000
97730  4.768  35.475  56.021 0.3750000000
96426  5.360  33.591  53.114 0.2500000000
122765  6.079  32.027  50.962 0.1250000000
95166  6.364  31.091  50.399 0.1250000000
93990  4.916  29.657  49.887 0.1250000000
99096  4.160  38.517  59.140 0.3750000000
99097  3.813  38.570  59.346 0.3750000000
99099  5.025  38.988  57.593 0.3750000000
98433  4.631  37.865  58.181 0.3750000000
97066  0.991  34.928  55.085 0.3750000000
97729  5.295  36.040  55.459 0.3750000000
95791  6.178  32.891  50.914 0.1250000000
94576  4.017  30.209  49.354 0.1250000000
98440  6.355  37.440  55.464 0.3750000000
97755  6.169  35.081  52.838 0.1250000000
97747  6.560  35.904  53.131 0.2500000000
95176  6.862  30.864  49.376 0.1250000000
99665  4.900  39.226  57.437 0.3750000000
99664  5.616  39.021  56.955 0.3750000000
99108  6.519  38.257  56.017 0.3750000000
95806  7.043  31.904  48.972 0.1250000000
137192  7.228  31.744  46.883 0.1250000000
100257  5.094  39.539  56.047 0.3750000000
100255  6.588  39.514  55.774 0.3750000000
99125  7.255  37.543  54.018 0.2500000000
99676  7.372  38.842  55.018 0.2500000000
101568  4.435  41.928  51.963 0.1250000000
100888  7.258  40.504  54.490 0.1250000000
100259  7.356  39.663  54.743 0.2500000000
99692  7.490  38.841  53.080 0.1250000000
99142  7.283  37.654  52.009 0.1250000000
98484  7.179  36.810  51.557 0.1250000000
100896  7.598  41.299  53.007 0.1250000000
99696  7.265  38.774  52.185 0.1250000000
100291  6.658  39.576  50.746 0.1250000000
99167  3.763  37.628  47.473 0.1250000000
99174  3.416  37.640  46.754 0.1250000000
136332  5.602  43.296  51.305 0.1250000000
102195  7.386  42.910  51.829 0.1250000000
102754  6.872  43.396  51.344 0.1250000000
102202  7.919  42.851  50.607 0.1250000000
102753  7.719  43.157  51.059 0.1250000000
100899  7.625  41.454  52.227 0.1250000000
101573  7.809  42.258  50.998 0.1250000000
102208  7.980  43.042  49.614 0.1250000000
102222  6.370  42.034  47.088 0.1250000000
102759  4.883  43.606  50.623 0.1250000000
102768  4.340  43.896  49.947 0.1250000000
136341  7.360  44.562  49.168 0.1250000000
103274  7.772  44.160  48.369 0.1250000000
102795  5.576  43.431  45.205 0.1250000000
103290  2.439  44.568  46.845 0.1250000000
103269  7.741  44.049  49.019 0.1250000000
103780  7.740  45.313  47.257 0.1250000000
103769  6.567  45.801  48.543 0.1250000000
137633  7.229  45.172  48.697 0.1250000000
104291  7.691  45.895  46.987 0.1250000000
104281  6.017  46.829  48.451 0.1250000000
135639  7.039  47.486  46.993 0.1250000000
105538  6.672  48.261  47.337 0.1250000000
105532  5.559  49.001  48.450 0.1250000000
129759  3.526  49.234  48.059 0.1250000000
55579  -19.146  -11.349  68.394 0.1250000000
55581  -20.421  -11.682  68.857 0.1250000000
56563  -17.832  -10.507  68.510 0.1250000000
55578  -18.519  -10.988  68.061 0.1250000000
56572  -17.883  -10.561  67.650 0.1250000000
133130  -32.228  -2.886  64.366 0.1250000000
63640  -31.963  -3.267  63.550 0.1250000000
64626  -32.300  -2.145  63.757 0.1250000000
63647  -31.757  -3.034  62.619 0.1250000000
63654  -31.514  -3.303  61.953 0.1250000000
63664  -31.419  -3.264  60.988 0.1250000000
63665  -31.565  -2.475  60.603 0.1250000000
65634  -32.497  -1.132  64.442 0.1250000000
65635  -32.570  -0.675  65.090 0.1250000000
130659  -32.266  -1.895  62.908 0.1250000000
121349  -32.043  -2.187  62.352 0.1250000000
65649  -32.371  -1.221  63.353 0.1250000000
63655  -31.768  -2.455  61.863 0.1250000000
64654  -31.654  -1.782  60.383 0.1250000000
66639  -32.564  -0.321  64.625 0.1250000000
64647  -31.904  -1.713  61.655 0.1250000000
120139  -32.320  -0.543  62.895 0.1250000000
118831  -31.726  -2.005  61.139 0.1250000000
66657  -32.486  -0.465  63.854 0.1250000000
66658  -32.556  0.168  64.245 0.1250000000
120335  -32.436  0.102  63.417 0.1250000000
65669  -31.854  -1.027  61.463 0.1250000000
122861  -32.222  0.069  62.503 0.1250000000
129854  -31.694  -1.374  60.964 0.1250000000
66686  -31.754  -0.452  61.228 0.1250000000
135698  -32.046  0.547  62.275 0.1250000000
65677  -31.668  -0.858  60.893 0.1250000000
65686  -31.583  -1.101  60.271 0.1250000000
66703  -31.411  -0.454  59.893 0.1250000000
67716  -32.496  0.719  63.876 0.1250000000
129804  -32.330  0.651  63.015 0.1250000000
68806  -32.377  1.277  63.450 0.2500000000
68818  -32.089  1.136  62.622 0.1250000000
66695  -31.592  -0.447  60.645 0.1250000000
68835  -31.717  0.790  61.750 0.1250000000
66694  -31.472  0.144  60.520 0.1250000000
65701  -31.468  -1.238  59.399 0.1250000000
67770  -31.222  0.179  59.917 0.1250000000
69867  -32.122  1.923  63.106 0.2500000000
126513  -31.431  1.284  61.546 0.1250000000
68850  -31.396  0.820  60.927 0.1250000000
67769  -30.867  0.461  59.610 0.1250000000
68859  -31.144  0.649  60.215 0.1250000000
69866  -31.599  2.301  62.614 0.1250000000
69885  -31.299  1.879  61.847 0.1250000000
68849  -31.044  1.119  60.523 0.1250000000
69901  -30.682  1.646  60.655 0.1250000000
69884  -30.888  2.116  61.429 0.2500000000
69913  -30.278  1.594  60.070 0.1250000000
69899  -28.978  2.975  60.162 0.2500000000
71937  -28.269  4.005  60.041 0.2500000000
138641  -37.718  6.861  49.325 0.1250000000
138409  -38.157  6.199  47.114 0.1250000000
73912  -38.514  5.907  46.700 0.1250000000
74824  -38.302  7.158  49.021 0.2500000000
74825  -38.476  6.992  48.147 0.1250000000
72084  -38.847  4.617  45.732 0.1250000000
72104  -40.364  4.312  44.994 0.1250000000
72105  -41.041  4.673  44.683 0.1250000000
129892  -39.000  7.571  48.657 0.1250000000
73905  -38.732  6.563  47.306 0.1250000000
73052  -39.119  5.341  46.221 0.1250000000
74834  -39.325  7.291  47.813 0.1250000000
73913  -39.358  6.065  46.648 0.1250000000
73906  -39.734  6.718  47.145 0.1250000000
130093  -39.908  5.502  46.244 0.1250000000
68817  -31.674  1.537  62.256 0.2500000000
73061  -39.983  4.766  45.690 0.1250000000
63627  -32.071  -3.758  64.545 0.1250000000
138164  -31.586  -3.592  62.566 0.1250000000
64638  -32.087  -2.542  62.979 0.1250000000
67749  -31.880  0.099  61.645 0.1250000000
67759  -31.627  0.317  61.139 0.1250000000
58701  -8.680  -8.160  61.244 0.1250000000
139026  -8.614  -9.714  60.835 0.1250000000
57680  -8.762  -9.366  60.425 0.1250000000
59660  -8.630  -7.686  60.642 0.1250000000
58717  -8.765  -8.520  60.543 0.1250000000
58732  -8.767  -7.931  59.928 0.1250000000
60683  -6.923  -6.100  60.522 0.1250000000
60684  -7.709  -6.433  60.201 0.1250000000
60696  -7.613  -6.608  59.441 0.1250000000
60695  -6.772  -6.608  59.035 0.1250000000
60697  -8.235  -6.871  59.835 0.1250000000
138302  -5.057  -6.248  61.450 0.1250000000
58715  -2.368  -8.069  60.450 0.1250000000
58729  -2.375  -8.451  59.587 0.1250000000
60681  -4.631  -6.552  60.828 0.1250000000
58716  -2.916  -8.008  59.927 0.1250000000
59668  -4.073  -7.013  60.161 0.1250000000
60694  -6.032  -6.586  59.469 0.1250000000
59681  -3.540  -7.640  59.655 0.1250000000
59697  -5.055  -7.391  58.628 0.1250000000
137340  -4.396  -7.810  58.563 0.1250000000
59709  -5.720  -7.400  58.099 0.1250000000
58730  -3.015  -8.197  59.227 0.1250000000
58749  -4.852  -7.975  57.942 0.1250000000
58748  -3.997  -8.358  58.167 0.1250000000
116859  -1.531  -9.383  58.074 0.1250000000
57703  -2.788  -9.127  57.786 0.1250000000
58747  -3.115  -8.600  58.418 0.1250000000
57699  0.684  -9.199  58.017 0.1250000000
57688  0.988  -9.381  58.838 0.1250000000
57700  -0.078  -9.392  57.684 0.1250000000
57712  -0.897  -9.480  57.410 0.1250000000
57711  -0.293  -9.221  56.823 0.1250000000
58761  0.461  -8.874  57.597 0.1250000000
57710  0.241  -9.095  57.347 0.1250000000
58762  0.001  -8.884  56.965 0.1250000000
58774  -0.380  -8.898  56.427 0.1250000000
59696  0.675  -8.473  58.035 0.2500000000
59721  -0.431  -8.500  56.505 0.1250000000
64673  -0.844  -2.068  58.688 0.1250000000
65694  -1.967  -1.801  58.621 0.1250000000
64675  -3.373  -2.554  58.311 0.1250000000
63698  -3.672  -3.306  58.002 0.1250000000
65714  -3.628  -1.676  57.951 0.1250000000
64689  -4.145  -2.496  57.693 0.1250000000
131367  -4.622  -2.779  57.223 0.1250000000
66724  -4.026  -1.114  57.431 0.1250000000
65715  -4.422  -1.726  57.369 0.1250000000
65725  -5.120  -1.776  56.742 0.1250000000
137125  -5.530  -2.167  56.395 0.1250000000
122154  -4.124  2.429  54.515 0.1250000000
71001  -0.881  3.198  54.176 0.1250000000
71019  -2.345  3.767  53.693 0.1250000000
72005  -1.881  4.235  52.999 0.1250000000
70002  -3.670  3.099  54.127 0.1250000000
136050  0.355  4.815  51.924 0.1250000000
72022  -0.412  4.717  52.110 0.1250000000
71018  -1.383  3.779  53.635 0.1250000000
71017  -0.307  3.716  53.455 0.1250000000
138536  1.364  5.998  51.915 0.1250000000
72977  0.741  5.458  51.743 0.1250000000
134025  1.273  4.211  52.757 0.2500000000
71016  0.853  3.703  53.361 0.1250000000
72003  0.292  4.286  52.607 0.1250000000
73863  2.179  6.018  52.306 0.2500000000
74776  1.266  6.789  52.501 0.2500000000
89566  -41.058  24.081  44.050 0.2500000000
88700  -41.163  23.552  44.313 0.2500000000
87844  -41.440  22.375  45.573 0.2500000000
87801  -40.758  21.514  47.294 0.2500000000
86087  -40.875  20.721  47.865 0.2500000000
138783  -6.520  21.246  59.026 0.2500000000
86796  -7.757  20.631  59.176 0.2500000000
86797  -8.488  20.327  59.530 0.2500000000
86798  -9.372  19.863  59.853 0.2500000000
87647  -4.225  21.566  60.402 0.2500000000
83356  -40.353  16.471  40.278 0.2500000000
83373  -40.175  16.968  39.583 0.2500000000
83372  -39.702  16.724  39.202 0.2500000000
87663  -7.118  20.958  58.682 0.2500000000
85320  -41.792  18.577  34.990 0.1250000000
86209  -42.362  19.809  35.519 0.1250000000
86218  -42.198  19.252  35.011 0.1250000000
86219  -42.581  19.833  34.724 0.1250000000
84393  -41.540  17.684  33.342 0.1250000000
85321  -42.311  19.087  34.268 0.1250000000
87670  -3.056  21.757  58.847 0.2500000000
87672  -4.333  21.572  58.598 0.2500000000
136985  -42.767  19.745  34.063 0.1250000000
87076  -43.161  20.462  34.354 0.1250000000
85349  -42.020  18.335  33.051 0.1250000000
86232  -42.694  19.356  33.548 0.1250000000
86242  -42.671  18.999  32.861 0.1250000000
83456  -41.378  17.174  31.995 0.1250000000
84412  -41.729  17.758  32.527 0.1250000000
84428  -41.773  17.407  31.271 0.1250000000
86233  -43.227  19.991  33.528 0.1250000000
86243  -43.468  19.638  32.668 0.1250000000
85350  -42.333  18.342  32.158 0.1250000000
86259  -43.700  19.298  31.865 0.1250000000
84413  -42.294  17.967  31.390 0.1250000000
88512  -3.477  21.907  57.589 0.2500000000
86244  -44.125  19.768  32.181 0.1250000000
85370  -43.338  18.830  31.512 0.1250000000
86260  -44.411  19.537  31.667 0.2500000000
117945  -42.932  17.842  30.605 0.1250000000
83472  -42.032  16.864  29.901 0.1250000000
84438  -43.604  17.783  30.235 0.2500000000
83481  -41.581  16.533  29.083 0.1250000000
84447  -43.397  17.041  29.475 0.2500000000
88513  -4.151  21.837  57.060 0.2500000000
84439  -44.577  17.964  30.116 0.2500000000
83494  -42.946  16.503  28.078 0.2500000000
86323  -44.603  20.058  24.321 0.2500000000
87175  -44.743  20.959  24.327 0.2500000000
88025  -43.331  21.781  24.871 0.2500000000
88029  -45.104  21.996  24.532 0.2500000000
88873  -44.275  23.253  25.359 0.2500000000
91379  -44.655  25.561  27.335 0.1250000000
91380  -45.596  26.031  27.234 0.1250000000
83483  -43.343  16.665  28.749 0.2500000000
84461  -44.568  16.858  28.845 0.2500000000
118399  -43.897  16.572  28.173 0.2500000000
83509  -43.395  16.499  27.303 0.1250000000
88027  -43.256  21.058  24.654 0.2500000000
88872  -43.504  22.517  25.177 0.2500000000
89729  -43.511  23.899  26.098 0.2500000000
89387  -2.243  23.320  55.817 0.2500000000
122689  -3.826  22.544  55.871 0.2500000000
88564  -4.845  22.726  55.067 0.2500000000
83262  -3.289  16.801  48.485 0.2500000000
83520  -43.785  16.575  26.749 0.1250000000
84482  -43.805  16.843  26.152 0.2500000000
132938  -42.994  18.802  24.884 0.2500000000
87170  -42.037  20.279  25.076 0.2500000000
88024  -42.502  21.217  25.035 0.2500000000
86322  -43.269  19.638  24.623 0.2500000000
89727  -41.917  23.324  26.481 0.2500000000
89714  -42.496  24.083  26.911 0.2500000000
89728  -42.709  23.568  26.232 0.2500000000
88871  -42.759  22.199  25.328 0.2500000000
90537  -42.421  24.579  27.783 0.2500000000
90549  -43.181  24.226  26.629 0.1250000000
91355  -44.115  26.813  29.238 0.1250000000
90538  -43.427  24.905  27.383 0.1250000000
124203  -44.058  24.644  26.652 0.1250000000
91366  -44.326  26.080  28.213 0.1250000000
91367  -45.147  26.622  27.795 0.1250000000
90232  -1.244  24.339  55.362 0.2500000000
89403  -1.924  23.888  55.272 0.2500000000
137171  -3.296  23.359  54.973 0.2500000000
89405  -4.004  23.045  54.987 0.2500000000
88565  -5.567  22.821  54.833 0.2500000000
85131  -3.473  18.456  48.961 0.2500000000
90233  -1.857  24.460  54.703 0.2500000000
89417  -2.608  24.400  54.279 0.2500000000
91072  -1.655  25.925  53.877 0.2500000000
90247  -2.067  25.128  54.087 0.2500000000
90248  -3.390  24.809  53.794 0.2500000000
90249  -4.193  24.461  53.776 0.2500000000
89418  -3.447  23.828  54.290 0.2500000000
94515  -1.123  31.024  56.402 0.2500000000
91884  -6.455  27.152  56.268 0.2500000000
91915  -2.848  26.810  53.952 0.2500000000
91916  -4.261  26.156  54.028 0.2500000000
91898  -5.288  26.930  55.236 0.2500000000
91914  -2.105  26.607  53.768 0.2500000000
93333  -0.632  28.552  54.430 0.2500000000
93334  -1.631  28.357  54.540 0.2500000000
126605  -2.491  25.933  53.713 0.2500000000
91074  -4.031  25.295  53.721 0.2500000000
91075  -4.865  25.173  53.799 0.2500000000
93335  -2.491  28.265  54.863 0.2500000000
93957  -1.358  29.128  55.048 0.2500000000
93941  -1.874  29.692  55.607 0.2500000000
93942  -2.565  29.390  55.521 0.2500000000
93943  -3.163  29.135  55.581 0.2500000000
93958  -3.779  29.279  55.256 0.2500000000
95116  -2.091  30.938  55.410 0.2500000000
94527  -2.914  29.664  55.373 0.2500000000
95126  -3.068  30.882  54.208 0.2500000000
94542  -3.900  30.578  53.737 0.2500000000
92650  -4.480  27.456  55.433 0.2500000000
92667  -3.404  27.373  54.602 0.2500000000
126208  -2.810  27.628  54.488 0.2500000000
93336  -3.257  28.134  55.228 0.2500000000
92649  -3.835  27.789  55.384 0.2500000000
129440  -3.506  28.667  55.615 0.2500000000
93959  -4.822  29.323  54.890 0.2500000000
93965  -5.251  29.930  54.042 0.2500000000
94533  -4.381  29.901  54.261 0.2500000000
95124  -1.876  31.608  55.378 0.2500000000
95137  -4.258  31.029  52.956 0.2500000000
94543  -4.771  30.440  53.469 0.2500000000
95749  -2.013  31.936  54.548 0.2500000000
95136  -3.360  31.280  53.316 0.2500000000
95147  -3.664  31.591  52.451 0.2500000000
135068  -4.485  27.984  56.157 0.2500000000
92636  -5.008  27.970  56.895 0.2500000000
93944  -4.178  28.532  55.748 0.2500000000
93946  -5.575  29.302  55.878 0.2500000000
120595  -4.999  29.067  55.503 0.2500000000
133491  -5.904  30.163  54.013 0.2500000000
95760  -2.004  32.186  53.621 0.2500000000
95767  -2.371  32.314  52.176 0.2500000000
95148  -4.616  31.440  52.268 0.2500000000
95149  -5.441  31.457  52.373 0.2500000000
95158  -4.977  31.941  51.646 0.2500000000
93300  -5.546  28.498  57.516 0.2500000000
93945  -4.756  28.331  56.314 0.2500000000
135946  -6.470  30.260  55.818 0.2500000000
94535  -6.351  30.344  54.555 0.2500000000
95139  -6.384  31.380  53.291 0.2500000000
120747  -1.887  32.400  52.724 0.2500000000
95769  -5.747  31.980  52.033 0.2500000000
95792  -2.936  32.630  51.137 0.2500000000
95157  -4.065  31.942  51.711 0.2500000000
94516  -6.505  30.148  57.085 0.2500000000
95127  -6.810  31.196  55.079 0.2500000000
95758  -0.648  33.281  53.927 0.2500000000
96438  -0.925  33.049  51.859 0.2500000000
137985  -2.436  32.525  51.597 0.2500000000
97085  1.281  34.726  53.215 0.2500000000
97096  1.299  34.779  52.281 0.2500000000
97097  0.787  34.187  52.771 0.2500000000
97742  2.022  36.156  54.086 0.2500000000
98462  2.336  36.722  53.724 0.2500000000
97749  1.639  35.405  53.635 0.2500000000
127739  1.617  35.266  52.876 0.2500000000
99137  2.633  37.697  53.018 0.2500000000
98472  2.280  36.984  52.412 0.2500000000
99685  3.004  38.271  53.628 0.2500000000
99143  2.257  37.539  51.702 0.2500000000
98485  1.899  37.132  51.064 0.2500000000
100274  2.889  39.174  51.944 0.2500000000
99693  2.868  38.583  52.704 0.2500000000
99698  2.567  38.919  51.298 0.2500000000
61728  -2.501  -6.119  56.568 0.1250000000
60716  -1.913  -6.549  56.915 0.1250000000
62715  -3.243  -4.032  58.111 0.1250000000
63683  -2.280  -3.204  59.056 0.1250000000
58775  -0.725  -8.669  55.901 0.1250000000
118043  -42.006  16.516  28.166 0.2500000000
84448  -44.164  17.327  29.542 0.2500000000
83482  -42.596  16.657  29.063 0.1250000000
65713  -2.720  -1.224  58.191 0.1250000000
126422  -3.306  -0.783  57.644 0.1250000000
71002  -1.891  3.272  54.295 0.1250000000
86998  -41.473  22.689  45.134 0.2500000000
90425  -40.754  24.992  43.009 0.1250000000
89582  -40.886  24.066  43.795 0.1250000000
84377  -41.398  17.755  34.737 0.1250000000
86324  -45.218  19.676  24.211 0.2500000000
86208  -41.943  19.146  35.545 0.1250000000
86319  -42.481  19.546  24.912 0.2500000000
85389  -44.161  18.566  30.669 0.2500000000
86059  -3.431  19.032  48.300 0.1250000000
92665  -1.089  27.669  54.048 0.2500000000
95766  -1.262  32.775  52.488 0.2500000000
122476  -3.465  17.603  48.675 0.1250000000
84460  -43.884  16.819  29.003 0.2500000000
63684  -2.921  -3.407  58.613 0.1250000000
136419  -43.843  20.368  33.182 0.1250000000
60673  -6.859  -5.812  61.322 0.1250000000
60671  -4.177  -6.511  61.612 0.1250000000
59659  -3.812  -6.827  60.874 0.1250000000
123290  -3.208  -7.427  60.509 0.1250000000
58728  -1.580  -8.717  59.935 0.1250000000
139040  -0.336  -9.427  59.419 0.1250000000
57690  -1.721  -8.969  58.914 0.1250000000
84339  -40.104  17.250  38.945 0.2500000000
122609  -40.792  17.325  36.115 0.1250000000
133405  -8.564  -7.435  61.342 0.1250000000
60685  -8.334  -6.880  60.682 0.1250000000
59670  -8.509  -7.322  60.107 0.1250000000
116159  -8.943  -8.846  59.694 0.1250000000
131341  -7.801  -6.126  61.009 0.1250000000
60682  -5.784  -6.220  60.857 0.1250000000
129015  -6.890  -6.394  59.783 0.1250000000
59684  -5.870  -6.891  58.752 0.1250000000
59683  -5.265  -6.915  59.196 0.1250000000
138871  -6.169  -6.382  60.123 0.1250000000
59669  -5.161  -6.660  59.975 0.1250000000
59682  -4.421  -7.309  59.269 0.1250000000
58731  -3.730  -7.965  58.866 0.1250000000
58746  -2.499  -8.625  58.897 0.1250000000
57702  -2.289  -9.058  58.283 0.1250000000
57701  -0.811  -9.464  58.311 0.1250000000
116745  0.030  -9.483  58.679 0.1250000000
65695  -2.914  -1.946  58.480 0.1250000000
64674  -2.560  -2.593  58.768 0.1250000000
63699  -4.226  -3.322  57.428 0.1250000000
64690  -4.714  -2.260  57.176 0.1250000000
64702  -5.164  -2.611  56.721 0.1250000000
66740  -3.910  -0.306  57.031 0.1250000000
70003  -4.480  2.829  53.810 0.1250000000
72004  -0.862  4.252  52.864 0.1250000000
72976  1.724  5.327  52.047 0.2500000000
72021  1.102  4.712  52.115 0.2500000000
85332  -41.775  18.274  33.982 0.1250000000
85333  -42.301  18.795  33.543 0.1250000000
85351  -43.025  18.942  32.072 0.1250000000
85369  -42.810  18.463  31.491 0.1250000000
85387  -42.706  18.090  31.006 0.1250000000
85388  -43.314  18.426  30.931 0.2500000000
84446  -42.813  17.274  30.021 0.1250000000
89742  -43.199  23.121  25.617 0.2500000000
89730  -44.459  24.164  25.926 0.1250000000
89743  -45.677  23.714  25.322 0.1250000000
88870  -41.907  21.852  25.563 0.2500000000
91354  -43.156  26.185  29.539 0.1250000000
92163  -44.780  27.570  28.710 0.1250000000
91917  -5.121  26.112  54.332 0.2500000000
95135  -2.584  31.589  53.862 0.2500000000
137240  -6.141  29.799  55.107 0.2500000000
98473  2.024  36.110  53.016 0.2500000000
56556  -24.188  -9.972  69.733 0.1250000000
69912  -29.588  2.023  59.775 0.1250000000
73803  -29.111  6.787  58.752 0.1250000000
118481  -29.351  6.539  58.027 0.1250000000
116549  -33.350  6.596  54.639 0.1250000000
72958  -32.794  6.440  54.000 0.1250000000
84263  -37.995  17.065  46.194 0.1250000000
139450  -36.791  16.882  45.427 0.1250000000
83310  -37.277  16.544  45.845 0.1250000000
134515  -37.700  15.332  46.647 0.1250000000
83309  -36.542  16.237  45.487 0.1250000000
81586  -37.153  14.559  46.215 0.1250000000
83308  -35.766  16.019  45.121 0.1250000000
82426  -36.260  15.397  45.496 0.1250000000
81600  -36.633  14.164  45.770 0.1250000000
80789  -37.104  12.897  45.829 0.1250000000
83320  -35.284  16.546  44.642 0.1250000000
82436  -35.532  15.125  45.086 0.1250000000
80788  -36.416  13.343  45.469 0.1250000000
79900  -37.386  12.098  45.653 0.1250000000
82435  -34.929  14.918  44.739 0.1250000000
81611  -35.235  14.186  44.921 0.1250000000
79899  -36.707  12.389  45.246 0.1250000000
82434  -34.321  15.226  44.388 0.1250000000
80787  -35.663  13.402  44.988 0.1250000000
79898  -36.042  12.618  44.891 0.1250000000
78912  -37.089  11.801  44.954 0.1250000000
81610  -34.517  14.202  44.549 0.1250000000
80800  -34.876  13.238  44.540 0.1250000000
80801  -35.447  12.706  44.610 0.1250000000
78925  -36.824  11.603  44.232 0.1250000000
80799  -34.090  13.434  44.209 0.1250000000
79909  -35.004  12.334  44.219 0.1250000000
79910  -35.687  12.087  44.374 0.1250000000
79922  -35.296  11.797  43.807 0.1250000000
80809  -33.400  13.547  43.855 0.1250000000
79908  -34.331  12.625  44.030 0.1250000000
84280  -36.709  17.505  45.139 0.1250000000
84281  -37.377  17.288  45.634 0.1250000000
84295  -36.056  17.671  44.585 0.1250000000
120677  -36.779  18.358  44.697 0.1250000000
84293  -34.816  17.080  44.193 0.1250000000
133258  -35.507  17.215  44.501 0.1250000000
83321  -36.089  16.881  44.996 0.1250000000
78913  -37.809  11.660  45.319 0.1250000000
79911  -36.385  11.936  44.633 0.1250000000
78926  -37.598  11.556  44.514 0.1250000000
78927  -38.453  11.485  44.851 0.1250000000
134077  -38.834  11.524  44.169 0.1250000000
78940  -37.365  11.521  43.694 0.1250000000
120025  -38.147  11.501  43.965 0.1250000000
129999  -33.724  12.868  43.835 0.1250000000
79920  -33.811  12.248  43.537 0.1250000000
79921  -34.551  11.981  43.666 0.1250000000
78939  -36.553  11.549  43.467 0.1250000000
130864  -39.306  19.368  45.822 0.1250000000
137584  -40.103  19.557  46.467 0.1250000000
84265  -39.747  18.365  47.199 0.1250000000
126537  -38.518  18.709  45.682 0.1250000000
84264  -38.853  17.661  46.568 0.1250000000
85234  -36.242  18.851  44.016 0.1250000000
126852  -37.469  19.002  44.747 0.1250000000
85213  -37.320  17.910  45.347 0.1250000000
85228  -35.967  18.257  44.218 0.1250000000
78942  -39.472  11.757  43.825 0.1250000000
78941  -38.728  11.693  43.443 0.1250000000
78936  -34.051  11.698  43.077 0.1250000000
78938  -35.715  11.591  43.261 0.1250000000
78953  -36.275  11.610  42.601 0.1250000000
123060  -37.136  11.608  42.841 0.1250000000
78951  -34.385  11.487  42.411 0.1250000000
78952  -35.316  11.554  42.337 0.1250000000
123540  -34.702  11.456  41.734 0.1250000000
78968  -36.060  11.792  41.650 0.1250000000
78966  -33.930  11.224  41.598 0.1250000000
118454  -34.652  11.420  40.928 0.1250000000
78978  -33.988  11.080  40.626 0.1250000000
86086  -40.797  20.233  47.517 0.1250000000
85176  -40.492  19.275  48.029 0.1250000000
86978  -40.757  21.114  45.555 0.1250000000
85197  -40.380  19.334  47.075 0.1250000000
87004  -36.262  20.138  43.226 0.1250000000
86147  -37.157  20.092  43.800 0.1250000000
86141  -38.701  20.257  44.673 0.1250000000
86123  -39.488  20.168  45.336 0.1250000000
86146  -36.467  19.499  43.762 0.1250000000
85229  -36.929  19.247  44.273 0.1250000000
86145  -35.820  19.295  43.470 0.1250000000
85233  -35.531  18.576  43.706 0.1250000000
78943  -40.256  11.871  44.261 0.1250000000
78954  -37.955  11.630  43.118 0.1250000000
79923  -38.579  12.072  42.600 0.1250000000
78969  -36.878  11.914  41.958 0.1250000000
79931  -37.736  11.996  42.240 0.1250000000
78967  -35.333  11.648  41.287 0.1250000000
85992  -15.640  19.849  53.724 0.1250000000
86005  -14.741  19.644  53.182 0.1250000000
87854  -40.328  22.154  44.210 0.1250000000
86979  -41.452  21.970  45.686 0.1250000000
127429  -41.390  21.120  46.870 0.1250000000
122806  -37.010  20.699  43.251 0.1250000000
87012  -37.428  21.436  43.003 0.1250000000
87006  -38.956  21.555  43.797 0.1250000000
79933  -40.007  12.713  42.592 0.1250000000
79924  -39.378  12.143  42.999 0.1250000000
136129  -38.360  12.723  41.705 0.1250000000
79943  -37.390  12.588  41.432 0.1250000000
79942  -36.600  12.402  41.111 0.1250000000
78979  -35.263  11.820  40.389 0.1250000000
78980  -35.901  12.161  40.744 0.1250000000
78988  -34.610  11.427  40.045 0.1250000000
77979  -33.316  10.515  39.564 0.1250000000
87715  -16.931  21.189  56.834 0.1250000000
87714  -15.775  21.330  56.581 0.1250000000
86853  -14.894  20.244  54.453 0.1250000000
86842  -15.213  20.539  55.173 0.1250000000
86004  -13.836  19.745  53.356 0.1250000000
86862  -14.360  19.966  53.860 0.1250000000
86014  -13.969  19.444  52.577 0.1250000000
85117  -13.808  18.510  50.311 0.1250000000
85116  -12.834  18.575  50.117 0.1250000000
85134  -14.286  18.252  49.789 0.1250000000
88710  -40.461  23.689  43.429 0.1250000000
134082  -38.516  21.919  43.285 0.1250000000
87864  -41.147  23.284  44.019 0.1250000000
134803  -39.065  13.169  41.646 0.1250000000
80819  -39.714  13.276  41.952 0.1250000000
80830  -39.316  13.818  41.402 0.1250000000
80828  -37.786  13.370  40.976 0.1250000000
80829  -38.571  13.612  41.183 0.1250000000
79950  -35.721  12.420  39.902 0.1250000000
79951  -36.350  12.805  40.303 0.1250000000
77967  -33.987  10.922  39.780 0.1250000000
78989  -35.179  11.854  39.506 0.1250000000
79003  -34.554  11.289  39.167 0.1250000000
135085  -15.147  21.820  57.008 0.1250000000
87696  -15.967  21.771  57.335 0.1250000000
87727  -14.432  21.036  55.671 0.1250000000
86852  -13.176  20.800  54.708 0.1250000000
86841  -14.123  20.635  55.025 0.1250000000
117664  -13.304  20.225  53.888 0.1250000000
86003  -13.029  19.755  53.122 0.1250000000
86026  -12.530  19.285  51.452 0.1250000000
86025  -11.630  19.526  51.183 0.1250000000
86037  -12.197  18.957  50.644 0.1250000000
85132  -12.710  18.436  49.417 0.1250000000
83243  0.710  16.228  49.342 0.1250000000
80831  -40.075  13.992  41.658 0.1250000000
81636  -40.291  14.708  41.376 0.1250000000
80841  -37.402  13.824  40.260 0.1250000000
80842  -38.120  14.103  40.555 0.1250000000
80840  -36.724  13.493  39.903 0.1250000000
79959  -35.650  12.437  39.038 0.1250000000
79960  -36.169  13.010  39.472 0.1250000000
76985  -32.628  9.866  38.412 0.1250000000
79015  -34.460  10.966  38.318 0.1250000000
79004  -35.168  11.679  38.520 0.1250000000
76997  -32.184  9.608  37.543 0.1250000000
76998  -33.081  9.878  37.483 0.1250000000
131223  -33.665  10.335  38.122 0.1250000000
86813  -12.152  20.580  58.867 0.1250000000
86811  -10.436  20.362  58.437 0.1250000000
86819  -8.291  20.755  57.540 0.1250000000
86810  -9.573  20.386  58.314 0.1250000000
86808  -7.926  20.624  58.316 0.1250000000
88537  -14.432  22.339  57.012 0.1250000000
89377  -15.492  23.197  58.079 0.1250000000
87713  -14.653  21.566  56.388 0.1250000000
87660  -4.527  21.555  59.486 0.1250000000
87674  -6.466  21.240  58.294 0.1250000000
87725  -12.792  21.618  55.188 0.1250000000
87726  -13.568  21.231  55.425 0.1250000000
87673  -5.146  21.528  58.776 0.1250000000
87736  -12.357  21.289  54.539 0.1250000000
87744  -11.959  20.965  53.932 0.1250000000
86871  -12.166  20.008  52.816 0.1250000000
86881  -11.140  20.136  51.662 0.1250000000
86880  -10.478  20.535  51.337 0.1250000000
86024  -10.864  19.874  50.879 0.1250000000
119784  -10.247  20.360  50.521 0.1250000000
86909  -9.986  20.320  47.931 0.1250000000
82379  -1.385  15.673  48.813 0.1250000000
82361  -0.587  15.422  49.480 0.1250000000
86096  -10.781  20.092  46.909 0.1250000000
83259  -0.825  16.360  48.353 0.1250000000
81646  -39.863  15.065  40.907 0.1250000000
134715  -40.863  14.983  41.535 0.1250000000
80843  -38.871  14.322  40.831 0.1250000000
79968  -36.153  12.953  38.598 0.1250000000
78004  -34.313  10.692  37.468 0.1250000000
126107  -11.804  21.198  58.371 0.1250000000
90187  -17.064  24.701  60.804 0.1250000000
89345  -17.195  24.246  60.801 0.1250000000
87676  -10.959  21.021  57.996 0.1250000000
89353  -17.337  24.041  60.349 0.1250000000
86821  -10.047  20.845  57.757 0.1250000000
87693  -8.771  21.205  56.966 0.1250000000
87675  -7.271  20.968  57.630 0.1250000000
87692  -7.897  21.143  56.837 0.1250000000
89393  -13.747  23.030  56.863 0.1250000000
89375  -13.721  23.878  57.214 0.1250000000
87691  -6.302  21.341  57.424 0.1250000000
88554  -12.575  22.493  55.506 0.1250000000
88535  -13.069  22.936  56.205 0.1250000000
87690  -5.428  21.542  57.339 0.1250000000
88569  -12.087  22.067  54.919 0.1250000000
89409  -11.951  22.944  55.145 0.1250000000
89410  -12.405  23.358  55.707 0.1250000000
86860  -11.322  21.378  53.561 0.1250000000
88578  -11.069  22.163  53.862 0.1250000000
89423  -11.401  23.432  54.733 0.1250000000
87743  -10.635  21.772  53.141 0.1250000000
88577  -10.460  22.598  53.388 0.1250000000
87763  -10.192  21.200  51.712 0.1250000000
86888  -9.672  20.870  50.140 0.1250000000
87785  -9.201  21.398  48.815 0.1250000000
128200  -9.283  21.356  48.095 0.1250000000
83260  -1.857  16.281  48.174 0.1250000000
82458  -40.436  15.426  41.047 0.1250000000
81644  -38.447  14.836  40.217 0.1250000000
81645  -39.225  15.018  40.567 0.1250000000
82468  -39.801  15.687  40.438 0.1250000000
82484  -39.183  16.220  39.173 0.1250000000
80863  -37.039  14.108  38.589 0.1250000000
80854  -37.137  14.084  39.471 0.1250000000
81675  -38.133  14.975  37.570 0.1250000000
82491  -38.634  15.743  37.967 0.1250000000
82483  -38.552  15.755  38.952 0.1250000000
80862  -36.619  13.455  38.127 0.1250000000
81665  -37.998  15.220  38.532 0.1250000000
132092  -34.927  11.260  37.664 0.1250000000
80878  -36.864  13.078  36.201 0.1250000000
78016  -33.405  10.060  36.813 0.1250000000
78017  -34.093  10.492  36.522 0.1250000000
138610  -35.335  11.586  37.062 0.1250000000
79998  -36.437  12.556  35.758 0.1250000000
123022  -33.346  10.102  36.033 0.1250000000
88491  -13.559  22.619  59.295 0.1250000000
88483  -15.007  22.625  60.366 0.1250000000
88500  -12.929  22.451  58.761 0.1250000000
89344  -16.719  24.130  61.111 0.1250000000
88498  -11.503  22.031  57.899 0.1250000000
130503  -12.206  22.788  58.273 0.1250000000
90999  -16.278  25.733  61.186 0.1250000000
90171  -16.397  25.306  61.314 0.1250000000
87695  -10.500  21.763  57.433 0.1250000000
90186  -16.582  24.979  60.298 0.1250000000
88514  -9.869  22.145  56.872 0.1250000000
91033  -14.260  25.141  58.061 0.1250000000
91017  -14.977  25.351  58.732 0.1250000000
91032  -13.554  25.328  57.584 0.1250000000
90208  -13.972  24.612  57.630 0.1250000000
91046  -12.412  25.327  56.543 0.1250000000
91047  -12.943  25.089  57.070 0.1250000000
87709  -7.001  21.379  56.617 0.1250000000
90236  -11.852  24.463  55.594 0.1250000000
89391  -12.729  23.876  56.287 0.1250000000
87688  -4.185  21.646  57.837 0.1250000000
87708  -6.016  21.557  56.570 0.1250000000
90254  -11.320  24.365  54.953 0.1250000000
131039  -11.846  23.763  55.347 0.1250000000
89432  -10.364  23.455  53.598 0.1250000000
87752  -10.005  21.798  51.994 0.1250000000
89439  -10.004  23.044  52.986 0.1250000000
88585  -9.685  22.385  51.844 0.1250000000
87771  -9.515  21.638  50.604 0.1250000000
88610  -8.954  22.176  49.217 0.1250000000
88617  -8.748  22.839  48.659 0.1250000000
88629  -8.917  22.656  47.725 0.1250000000
81657  -37.742  14.505  39.862 0.1250000000
81658  -38.121  15.167  39.454 0.1250000000
81664  -37.522  14.685  39.038 0.1250000000
79979  -36.249  12.737  37.676 0.1250000000
81674  -37.545  14.575  38.105 0.1250000000
77970  -42.138  11.080  41.093 0.1250000000
78981  -42.493  11.530  40.293 0.1250000000
79978  -35.763  12.165  37.314 0.1250000000
79987  -36.256  12.505  36.645 0.1250000000
81689  -37.872  14.053  36.280 0.1250000000
81681  -37.711  14.305  37.163 0.1250000000
79970  -43.193  12.963  38.695 0.1250000000
77022  -32.556  9.795  35.635 0.1250000000
79025  -34.795  11.034  36.821 0.1250000000
80879  -37.334  13.658  36.709 0.1250000000
80864  -43.496  13.763  38.666 0.1250000000
130974  -43.059  13.956  37.998 0.1250000000
81706  -43.192  14.813  34.193 0.1250000000
81721  -43.593  14.561  33.445 0.1250000000
90185  -13.574  24.522  59.875 0.1250000000
89351  -13.960  23.867  59.893 0.1250000000
90177  -14.273  24.693  60.561 0.1250000000
90178  -15.206  25.050  61.289 0.1250000000
127988  -12.607  24.125  58.920 0.1250000000
90989  -15.839  25.918  61.484 0.1250000000
89374  -11.599  23.068  57.788 0.1250000000
89359  -12.747  23.409  58.758 0.1250000000
92610  -14.703  27.137  59.669 0.1250000000
89373  -10.949  23.433  57.369 0.1250000000
88534  -9.982  22.815  56.712 0.1250000000
91031  -12.843  25.794  57.220 0.1250000000
91874  -12.699  26.654  57.425 0.1250000000
92624  -13.240  27.081  58.124 0.1250000000
125168  -8.391  21.697  56.382 0.1250000000
91060  -11.347  25.735  55.508 0.1250000000
87724  -7.273  21.749  55.950 0.1250000000
91059  -10.844  26.040  54.936 0.1250000000
87707  -5.003  21.831  56.472 0.1250000000
87723  -6.570  21.768  55.913 0.1250000000
91079  -11.050  25.271  54.904 0.1250000000
87722  -5.819  21.850  55.899 0.1250000000
90262  -9.845  24.730  53.148 0.1250000000
89431  -9.774  23.875  52.941 0.1250000000
89438  -9.659  23.081  52.354 0.1250000000
89458  -9.066  23.104  50.850 0.1250000000
90299  -8.810  24.528  50.184 0.1250000000
91125  -8.790  25.368  49.988 0.1250000000
134731  -8.870  23.197  50.231 0.1250000000
89503  -8.756  23.649  48.069 0.1250000000
91144  -8.889  25.308  48.381 0.1250000000
136710  -8.932  24.002  47.312 0.1250000000
82467  -38.941  15.594  39.829 0.1250000000
78983  -43.798  12.144  41.033 0.1250000000
80871  -36.750  13.217  37.167 0.1250000000
80872  -37.145  13.905  37.649 0.1250000000
78970  -42.974  11.582  41.079 0.1250000000
78982  -43.208  11.998  40.292 0.1250000000
79986  -35.687  11.950  36.596 0.1250000000
79961  -43.380  12.513  39.537 0.1250000000
78035  -34.063  10.518  35.376 0.1250000000
79026  -35.279  11.446  36.228 0.1250000000
126490  -35.823  11.988  35.752 0.1250000000
78033  -32.566  9.993  34.915 0.1250000000
78053  -33.734  10.567  34.517 0.1250000000
122768  -44.297  15.160  33.285 0.1250000000
81729  -44.312  14.662  32.813 0.1250000000
91006  -13.664  25.321  60.388 0.1250000000
126153  -14.574  25.401  61.084 0.1250000000
91014  -11.751  25.354  58.586 0.1250000000
90207  -11.084  24.340  57.661 0.1250000000
91873  -10.331  26.075  57.733 0.1250000000
91888  -11.670  26.717  56.344 0.1250000000
92640  -12.068  27.113  56.963 0.1250000000
92623  -12.556  27.531  57.643 0.1250000000
88533  -9.445  22.609  56.440 0.1250000000
91903  -11.380  26.397  55.849 0.1250000000
132396  -11.483  27.598  56.393 0.1250000000
88531  -7.930  22.142  55.760 0.1250000000
92653  -10.682  27.375  55.157 0.1250000000
93325  -10.944  28.070  55.681 0.1250000000
88552  -7.115  22.247  55.472 0.1250000000
91919  -10.522  26.713  54.673 0.1250000000
92669  -10.318  27.549  54.458 0.1250000000
88551  -6.232  22.368  55.275 0.1250000000
91078  -10.435  25.835  54.291 0.1250000000
91934  -10.062  26.826  53.842 0.1250000000
91088  -9.669  25.533  52.940 0.1250000000
134566  -9.968  25.975  53.568 0.1250000000
92679  -9.708  27.312  53.091 0.1250000000
119359  -9.406  23.887  52.042 0.1250000000
91099  -9.343  25.493  52.137 0.1250000000
92702  -9.359  27.254  51.696 0.1250000000
89446  -9.147  23.843  51.257 0.1250000000
90284  -9.189  24.741  51.598 0.1250000000
91112  -8.956  25.241  50.832 0.1250000000
91979  -9.020  26.039  48.789 0.1250000000
133029  -9.127  25.881  48.069 0.1250000000
91156  -9.079  25.338  47.565 0.1250000000
91166  -9.379  25.432  46.681 0.1250000000
120007  -39.595  16.714  38.592 0.1250000000
82492  -39.314  16.388  37.956 0.1250000000
82499  -39.290  15.960  37.236 0.1250000000
82498  -38.748  15.319  36.979 0.1250000000
82509  -39.380  15.622  36.386 0.1250000000
82546  -45.703  16.076  33.345 0.1250000000
81722  -45.079  15.303  32.875 0.1250000000
82557  -46.166  15.499  32.845 0.1250000000
81730  -45.689  14.793  32.360 0.1250000000
81731  -46.632  14.896  32.301 0.1250000000
92583  -15.147  27.953  62.124 0.1250000000
93303  -12.481  28.425  57.882 0.1250000000
90205  -9.922  24.822  56.822 0.1250000000
134786  -11.925  27.997  57.141 0.1250000000
90219  -8.781  24.720  55.874 0.1250000000
89389  -9.726  23.356  56.481 0.1250000000
130605  -8.824  23.816  55.775 0.1250000000
124715  -10.521  28.057  54.970 0.1250000000
88566  -6.231  23.016  54.723 0.1250000000
92680  -9.979  27.834  53.744 0.1250000000
92692  -9.539  27.638  52.417 0.1250000000
92706  -9.341  27.382  50.821 0.1250000000
91970  -8.910  26.104  49.649 0.1250000000
91980  -9.231  26.871  49.238 0.1250000000
124664  -39.820  16.846  37.969 0.1250000000
83382  -40.188  17.274  38.279 0.1250000000
83389  -40.257  17.167  37.577 0.1250000000
82558  -47.146  15.587  32.832 0.1250000000
81732  -47.564  14.964  32.227 0.1250000000
81733  -48.463  15.050  32.171 0.1250000000
81752  -51.498  14.644  30.239 0.1250000000
128838  -51.607  13.969  29.549 0.1250000000
91851  -12.695  26.566  60.109 0.1250000000
91845  -13.386  27.197  61.113 0.1250000000
90996  -13.511  26.281  60.718 0.1250000000
91004  -12.188  26.007  59.271 0.1250000000
92582  -14.724  28.334  62.248 0.1250000000
91859  -11.474  26.278  58.806 0.1250000000
93283  -14.506  28.992  60.586 0.1250000000
91028  -9.960  25.606  57.232 0.1250000000
93912  -13.903  29.420  59.755 0.1250000000
93302  -11.956  28.915  57.312 0.1250000000
126737  -11.156  28.910  55.838 0.1250000000
90235  -8.273  24.060  55.429 0.1250000000
93961  -10.829  29.643  54.807 0.1250000000
89420  -5.784  23.552  54.319 0.1250000000
90252  -7.070  23.931  54.702 0.1250000000
94536  -10.710  30.085  54.088 0.1250000000
130281  -10.180  29.463  52.682 0.1250000000
93342  -9.726  28.127  53.037 0.1250000000
136785  -9.951  28.939  52.322 0.1250000000
93358  -9.521  28.040  51.457 0.1250000000
93368  -9.583  28.068  50.581 0.1250000000
92712  -9.412  27.470  49.983 0.1250000000
121505  -9.550  27.579  49.304 0.1250000000
83388  -39.815  16.596  37.382 0.1250000000
82559  -48.040  15.668  32.768 0.1250000000
134363  -48.879  15.786  32.611 0.1250000000
81742  -49.324  15.137  32.005 0.1250000000
82568  -51.379  15.258  30.502 0.1250000000
83484  -51.523  16.074  29.476 0.1250000000
82575  -51.616  15.212  29.837 0.1250000000
82583  -51.555  15.558  29.177 0.1250000000
82588  -51.395  15.582  28.656 0.1250000000
81767  -49.322  14.618  27.759 0.1250000000
80968  -48.785  13.634  27.709 0.1250000000
81766  -48.382  14.231  27.529 0.1250000000
92597  -12.503  27.488  60.456 0.1250000000
92588  -12.312  28.431  60.938 0.1250000000
92589  -13.222  28.114  61.501 0.1250000000
92595  -10.854  28.058  59.520 0.1250000000
92596  -11.711  27.811  59.921 0.1250000000
93266  -13.690  29.361  62.272 0.1250000000
91858  -10.725  26.586  58.417 0.1250000000
92607  -11.170  27.156  59.116 0.1250000000
91857  -9.973  26.947  58.015 0.1250000000
121781  -14.254  30.500  60.049 0.1250000000
91872  -9.494  26.378  57.352 0.1250000000
94504  -12.787  30.829  57.947 0.1250000000
128640  -12.891  30.187  58.314 0.1250000000
91043  -8.859  25.575  56.355 0.1250000000
94517  -12.158  30.494  56.960 0.1250000000
91058  -8.270  25.536  55.844 0.1250000000
91886  -8.265  26.370  56.445 0.1250000000
91871  -8.632  26.862  57.166 0.1250000000
94528  -11.670  30.388  56.072 0.1250000000
93947  -11.186  29.625  55.558 0.1250000000
93931  -11.620  29.515  56.527 0.1250000000
91057  -7.567  25.451  55.305 0.1250000000
91901  -7.754  26.147  55.869 0.1250000000
94537  -11.315  30.448  55.067 0.1250000000
125819  -5.077  24.089  53.872 0.1250000000
91076  -5.570  25.441  54.163 0.1250000000
91056  -6.727  25.784  54.938 0.1250000000
91900  -7.062  26.391  55.643 0.1250000000
94546  -10.477  30.143  53.124 0.1250000000
91899  -6.190  26.640  55.475 0.1250000000
94554  -10.453  30.097  52.226 0.1250000000
93971  -10.150  29.383  51.912 0.1250000000
93369  -10.028  28.764  50.351 0.1250000000
83500  -51.422  16.217  28.655 0.1250000000
140016  -51.012  16.473  27.445 0.1250000000
82592  -51.086  15.719  28.110 0.1250000000
83514  -50.842  16.883  26.686 0.1250000000
81768  -50.473  14.665  28.268 0.1250000000
82605  -50.351  16.560  26.309 0.1250000000
82623  -49.221  16.326  25.598 0.1250000000
82604  -49.416  15.998  26.291 0.1250000000
81783  -48.615  15.020  27.175 0.1250000000
93282  -11.398  28.694  60.459 0.1250000000
94484  -13.009  30.531  62.050 0.1250000000
93904  -10.186  29.756  60.570 0.1250000000
93281  -10.484  28.917  60.092 0.1250000000
93895  -10.821  30.235  61.190 0.1250000000
93292  -9.993  28.316  59.216 0.1250000000
93291  -9.057  28.563  59.028 0.1250000000
92605  -9.522  27.741  58.499 0.1250000000
92622  -9.088  27.285  57.794 0.1250000000
95096  -13.568  31.888  58.445 0.1250000000
92604  -8.562  28.040  58.356 0.1250000000
94518  -12.696  31.407  57.333 0.1250000000
95727  -13.575  32.525  57.650 0.1250000000
92620  -7.042  27.906  57.734 0.1250000000
95120  -12.303  31.924  55.617 0.1250000000
91885  -7.360  26.834  56.353 0.1250000000
95140  -11.613  31.561  53.898 0.1250000000
95129  -11.697  31.345  54.893 0.1250000000
92638  -6.715  27.547  57.018 0.1250000000
94547  -11.023  30.822  53.506 0.1250000000
140356  -10.711  30.032  50.671 0.1250000000
93985  -10.960  30.018  50.130 0.1250000000
84466  -51.061  17.157  28.379 0.1250000000
84465  -50.597  17.414  28.108 0.1250000000
84476  -51.073  17.095  27.403 0.1250000000
83526  -50.838  17.034  26.569 0.1250000000
84497  -50.230  17.193  25.389 0.1250000000
83524  -50.193  16.852  25.449 0.1250000000
132983  -50.298  17.123  25.333 0.1250000000
133337  -12.163  30.837  61.712 0.1250000000
95078  -13.336  32.031  60.757 0.1250000000
94483  -11.069  30.834  61.337 0.1250000000
95079  -14.123  32.032  60.327 0.1250000000
93894  -10.105  30.396  60.691 0.1250000000
95097  -14.181  32.868  58.761 0.1250000000
95087  -14.081  32.347  59.589 0.1250000000
94490  -9.038  30.518  60.249 0.1250000000
93290  -8.034  28.787  58.938 0.1250000000
95734  -13.141  32.648  56.486 0.1250000000
92603  -7.496  28.296  58.371 0.1250000000
95141  -12.231  32.348  53.763 0.1250000000
95130  -12.164  32.104  54.668 0.1250000000
92619  -5.990  28.090  57.819 0.1250000000
95152  -12.005  32.044  52.410 0.1250000000
136792  -11.917  32.004  53.174 0.1250000000
95167  -11.748  31.290  51.132 0.1250000000
95159  -11.489  31.439  52.025 0.1250000000
84474  -49.700  17.500  26.869 0.1250000000
84475  -50.628  17.321  27.037 0.1250000000
84488  -50.473  17.165  25.999 0.1250000000
84487  -49.876  17.481  25.783 0.1250000000
84495  -49.081  17.733  24.847 0.1250000000
84496  -49.880  17.431  25.133 0.1250000000
135571  -12.124  32.596  60.116 0.1250000000
95716  -12.737  33.103  59.716 0.1250000000
95704  -11.194  32.181  60.206 0.1250000000
94492  -11.087  31.524  60.746 0.1250000000
95718  -14.158  33.303  59.210 0.1250000000
94491  -10.144  30.971  60.531 0.1250000000
95075  -9.178  31.145  59.886 0.1250000000
95735  -14.214  33.583  57.487 0.1250000000
135246  -8.567  30.811  60.004 0.1250000000
93910  -6.839  29.375  59.245 0.1250000000
95742  -12.865  32.739  55.431 0.1250000000
93288  -6.428  28.914  58.836 0.1250000000
92637  -5.712  27.759  57.076 0.1250000000
95160  -12.438  31.963  51.510 0.1250000000
95168  -13.544  32.219  50.775 0.1250000000
94569  -12.191  31.116  50.301 0.1250000000
84486  -48.504  17.552  25.767 0.1250000000
84508  -47.751  17.916  24.699 0.1250000000
131389  -11.503  32.655  59.601 0.1250000000
96397  -12.889  33.989  58.345 0.1250000000
96398  -13.946  34.328  58.277 0.1250000000
95726  -10.720  32.625  58.810 0.1250000000
125381  -14.473  34.127  57.978 0.1250000000
95085  -9.487  31.812  59.398 0.1250000000
95076  -10.284  31.577  60.048 0.1250000000
96408  -14.493  34.514  57.295 0.1250000000
95743  -13.833  33.582  56.345 0.1250000000
95095  -7.352  31.531  58.285 0.1250000000
139167  -6.522  30.068  57.776 0.1250000000
124937  -12.648  32.604  52.855 0.1250000000
93918  -5.992  28.678  58.243 0.1250000000
93930  -5.873  29.374  56.845 0.1250000000
95783  -13.468  32.522  51.459 0.1250000000
95169  -14.563  32.617  50.011 0.1250000000
95177  -13.386  31.704  49.974 0.1250000000
139512  -44.957  23.895  25.595 0.1250000000
96407  -12.097  34.071  57.378 0.1250000000
119876  -11.633  33.554  57.864 0.1250000000
135142  -13.325  34.461  57.835 0.1250000000
136599  -9.992  32.672  58.218 0.1250000000
97073  -13.866  35.354  56.711 0.1250000000
97055  -14.314  34.415  57.779 0.1250000000
95715  -9.735  32.322  58.811 0.1250000000
116141  -14.623  35.066  56.625 0.1250000000
96415  -14.437  34.541  56.140 0.1250000000
95732  -7.530  32.827  56.784 0.1250000000
95713  -7.884  32.108  58.621 0.1250000000
97074  -14.569  35.482  55.852 0.1250000000
96414  -13.523  33.608  55.185 0.1250000000
95118  -7.215  32.181  55.719 0.1250000000
130247  -7.195  31.560  57.406 0.1250000000
96422  -14.235  34.512  54.766 0.1250000000
96421  -13.464  33.566  54.054 0.1250000000
95117  -6.938  31.327  55.964 0.1250000000
95094  -6.825  30.775  57.782 0.1250000000
96430  -14.315  34.251  53.376 0.1250000000
137015  -12.846  32.922  53.612 0.1250000000
123183  -14.589  33.969  52.300 0.1250000000
95763  -13.574  33.352  53.037 0.1250000000
95784  -14.740  33.155  50.837 0.1250000000
95796  -15.321  33.507  49.851 0.1250000000
84490  -42.820  17.891  25.345 0.1250000000
88023  -41.568  20.937  25.405 0.1250000000
89713  -41.720  23.806  27.270 0.1250000000
97062  -12.854  34.741  56.962 0.1250000000
96406  -10.666  33.633  57.095 0.1250000000
96405  -9.191  33.775  56.912 0.1250000000
97739  -14.405  36.138  55.376 0.1250000000
96403  -7.754  33.590  56.649 0.1250000000
97082  -14.792  35.861  54.029 0.1250000000
123062  -7.475  33.086  56.042 0.1250000000
97059  -7.843  34.354  56.476 0.1250000000
96431  -15.023  34.894  52.542 0.1250000000
95128  -6.939  32.013  54.641 0.1250000000
95750  -6.648  31.207  54.095 0.1250000000
96453  -15.377  34.207  50.586 0.1250000000
97118  -15.375  34.883  51.116 0.1250000000
97061  -11.333  34.385  56.435 0.1250000000
97072  -12.003  35.053  55.763 0.1250000000
97738  -13.051  35.984  55.544 0.1250000000
125915  -10.110  34.288  56.393 0.1250000000
120387  -13.800  36.817  55.183 0.1250000000
97060  -8.887  34.627  56.545 0.1250000000
97070  -7.808  35.075  56.342 0.1250000000
98470  -14.707  36.997  53.939 0.1250000000
136036  -7.392  33.968  55.061 0.1250000000
97080  -7.354  35.020  55.302 0.1250000000
97090  -15.036  35.630  52.966 0.1250000000
97764  -14.975  35.786  52.661 0.1250000000
95741  -7.258  32.979  55.097 0.1250000000
97088  -7.095  34.242  54.110 0.1250000000
97776  -14.682  35.456  51.683 0.1250000000
95751  -6.936  32.589  54.243 0.1250000000
96429  -7.062  33.305  54.238 0.1250000000
95761  -6.524  32.103  53.002 0.1250000000
96428  -6.824  33.404  53.517 0.1250000000
95782  -6.026  32.678  51.969 0.1250000000
97736  -10.842  35.412  55.566 0.1250000000
98450  -12.535  37.445  55.223 0.1250000000
98451  -13.522  38.074  54.557 0.1250000000
99133  -13.302  38.517  54.151 0.1250000000
117230  -9.761  36.097  55.838 0.1250000000
98469  -14.376  37.565  53.913 0.1250000000
97735  -8.570  35.684  56.332 0.1250000000
98483  -14.644  36.531  53.446 0.1250000000
98482  -14.217  36.938  53.387 0.1250000000
97762  -13.580  35.923  52.490 0.1250000000
97751  -6.986  35.478  54.556 0.1250000000
124775  -6.713  33.870  53.075 0.1250000000
97099  -6.354  34.327  52.444 0.1250000000
136786  -5.477  32.466  51.597 0.1250000000
123004  -11.050  36.744  55.651 0.1250000000
99123  -12.704  38.710  54.610 0.1250000000
98449  -9.876  37.636  55.921 0.1250000000
98448  -8.603  36.871  56.522 0.1250000000
98481  -12.838  37.061  53.360 0.1250000000
98447  -7.784  37.241  56.662 0.1250000000
97761  -11.978  35.812  52.677 0.1250000000
98458  -6.785  37.079  56.093 0.1250000000
97744  -6.701  36.532  54.988 0.1250000000
96461  -2.790  33.119  50.530 0.1250000000
97087  -6.699  34.861  53.430 0.1250000000
95793  -3.668  32.864  50.687 0.1250000000
97758  -6.275  35.463  52.818 0.1250000000
95794  -4.439  32.941  50.723 0.1250000000
97127  -5.365  33.987  50.854 0.1250000000
99116  -11.362  38.389  55.417 0.1250000000
99691  -11.599  39.113  54.781 0.1250000000
99114  -8.681  37.893  56.166 0.1250000000
98467  -12.912  38.541  53.884 0.1250000000
99113  -7.769  38.119  56.287 0.1250000000
131241  -12.025  37.818  53.550 0.1250000000
136309  -0.283  33.439  51.869 0.1250000000
98445  -6.593  37.975  56.043 0.1250000000
99121  -6.069  38.141  55.545 0.1250000000
98480  -11.479  36.714  53.091 0.1250000000
96460  -1.385  33.449  50.603 0.1250000000
98464  -6.140  36.969  54.366 0.1250000000
99128  -5.140  38.279  54.320 0.1250000000
97757  -5.676  36.093  52.367 0.1250000000
97772  -5.363  35.710  51.521 0.1250000000
96463  -4.147  33.563  50.283 0.1250000000
131453  -5.472  34.812  51.161 0.1250000000
95795  -4.927  33.381  50.723 0.1250000000
140268  -5.100  34.628  50.614 0.1250000000
99115  -10.433  38.695  55.631 0.1250000000
99674  -10.249  39.047  55.463 0.1250000000
99131  -10.694  38.731  54.177 0.1250000000
99672  -7.630  38.774  56.128 0.1250000000
126648  -11.935  38.693  54.047 0.1250000000
99678  -6.331  39.014  55.461 0.1250000000
99671  -6.826  38.688  56.065 0.1250000000
98466  -11.055  37.676  53.460 0.1250000000
121024  -0.648  33.552  51.128 0.1250000000
99687  -5.086  38.777  54.251 0.1250000000
98479  -10.495  36.726  52.878 0.1250000000
136175  -9.523  37.643  52.876 0.1250000000
121069  -2.160  33.871  49.669 0.1250000000
98488  -5.155  36.683  51.957 0.1250000000
98474  -4.838  37.604  52.514 0.1250000000
98478  -9.709  36.910  52.598 0.1250000000
96477  -2.747  33.610  49.947 0.1250000000
97771  -4.831  36.233  51.172 0.1250000000
96479  -4.135  34.388  49.916 0.1250000000
97787  -5.039  35.352  50.798 0.1250000000
99673  -8.794  38.849  55.890 0.1250000000
119943  0.780  34.182  52.002 0.1250000000
99680  -8.395  39.222  55.597 0.1250000000
99681  -9.527  39.252  55.293 0.1250000000
99690  -9.774  39.145  54.457 0.1250000000
97138  -0.571  34.438  49.826 0.1250000000
100264  -8.019  39.496  54.890 0.1250000000
100265  -8.934  39.402  54.661 0.1250000000
97125  -1.422  33.936  49.800 0.1250000000
100269  -4.923  39.060  53.870 0.1250000000
100278  -7.687  39.558  52.826 0.1250000000
99689  -9.057  39.127  53.529 0.1250000000
99130  -9.662  38.442  53.532 0.1250000000
97150  -2.691  34.755  49.042 0.1250000000
97798  -3.684  35.623  49.246 0.1250000000
98505  -3.821  36.481  49.321 0.1250000000
98495  -4.433  36.695  50.748 0.1250000000
98487  -4.664  37.198  51.587 0.1250000000
99144  -4.467  38.144  52.116 0.1250000000
99686  -4.685  38.859  53.552 0.1250000000
99695  -8.687  38.843  52.486 0.1250000000
98477  -9.117  37.323  52.283 0.1250000000
97140  -3.455  34.752  49.364 0.1250000000
97799  -4.168  35.215  49.758 0.1250000000
98489  -8.653  36.953  51.639 0.1250000000
120255  0.403  34.516  50.834 0.1250000000
97795  0.016  35.398  49.315 0.1250000000
97796  -0.607  35.093  49.138 0.1250000000
98516  -1.235  35.674  48.214 0.1250000000
123892  -3.642  39.145  50.548 0.1250000000
100902  -3.749  40.850  51.210 0.1250000000
100903  -4.176  41.064  51.559 0.1250000000
101572  -4.744  41.448  51.360 0.1250000000
102206  -5.566  42.075  50.729 0.1250000000
97812  -1.429  35.152  48.702 0.1250000000
97813  -2.276  35.178  48.639 0.1250000000
98517  -2.663  35.862  48.218 0.1250000000
100284  -3.938  40.082  51.541 0.1250000000
119636  -4.365  40.062  51.827 0.1250000000
100905  -5.900  40.194  51.428 0.1250000000
101578  -6.518  41.556  50.060 0.1250000000
97814  -3.017  35.310  48.770 0.1250000000
98518  -3.319  36.041  48.602 0.1250000000
98494  -4.116  37.063  50.147 0.1250000000
99707  -3.810  38.543  50.922 0.1250000000
100275  -4.604  39.281  52.807 0.1250000000
101579  -7.623  40.998  49.784 0.1250000000
100918  -8.327  40.500  49.560 0.1250000000
97770  1.459  35.428  51.569 0.1250000000
98503  1.112  36.458  49.658 0.1250000000
99156  0.940  36.841  48.988 0.1250000000
99168  0.181  37.326  47.767 0.1250000000
123679  -3.527  41.997  48.711 0.1250000000
135891  -3.570  42.557  49.673 0.1250000000
102210  -3.642  43.267  50.094 0.1250000000
103265  -4.038  44.881  50.726 0.1250000000
139050  1.169  35.191  51.062 0.1250000000
98504  0.504  35.981  49.264 0.1250000000
98514  0.150  36.499  48.358 0.1250000000
98525  -0.662  36.735  47.577 0.1250000000
99726  -3.190  38.429  47.192 0.1250000000
100305  -3.479  39.001  47.841 0.1250000000
101592  -3.506  41.090  48.039 0.1250000000
101584  -3.587  41.904  49.960 0.1250000000
102199  -3.978  42.755  51.246 0.1250000000
102761  -3.872  43.427  50.962 0.1250000000
103263  -4.575  44.364  51.264 0.1250000000
98515  -0.656  35.979  48.129 0.1250000000
99171  -2.087  37.114  46.937 0.1250000000
121689  -3.564  38.782  48.625 0.1250000000
136711  -3.596  39.761  50.032 0.1250000000
127582  -3.580  41.122  50.311 0.1250000000
101570  -3.985  41.492  51.400 0.1250000000
102201  -4.593  42.523  51.333 0.1250000000
98527  -2.273  36.434  47.564 0.1250000000
98528  -3.177  36.643  47.856 0.1250000000
99712  -3.596  38.181  48.991 0.1250000000
125000  -5.466  43.258  50.987 0.1250000000
102756  -4.560  43.502  51.335 0.1250000000
128773  -3.581  36.731  48.646 0.1250000000
101585  -7.638  42.066  49.536 0.1250000000
101586  -8.456  41.479  49.235 0.1250000000
98493  1.504  36.552  50.396 0.1250000000
99155  1.462  37.232  49.679 0.1250000000
99717  0.839  37.992  47.991 0.1250000000
99725  -0.413  38.295  46.842 0.1250000000
99732  -2.106  38.419  46.430 0.1250000000
103266  -4.503  45.054  51.185 0.1250000000
99177  -2.616  37.835  46.806 0.1250000000
99733  -2.645  38.793  46.604 0.1250000000
101598  -3.481  41.697  47.561 0.1250000000
102217  -3.567  42.957  48.922 0.1250000000
100319  -2.566  39.755  46.262 0.1250000000
100941  -3.345  40.972  46.895 0.1250000000
103267  -5.164  45.337  51.291 0.1250000000
103763  -4.929  45.874  51.231 0.1250000000
99148  2.205  38.159  50.957 0.1250000000
102764  -6.457  43.948  50.449 0.1250000000
102763  -5.557  44.507  51.084 0.1250000000
99704  2.374  39.173  50.542 0.1250000000
99705  1.848  38.319  49.918 0.1250000000
102211  -8.198  43.233  49.371 0.1250000000
128449  -7.035  44.989  50.402 0.1250000000
100300  1.945  39.727  49.322 0.1250000000
100304  1.562  39.577  48.589 0.1250000000
102771  -7.700  44.242  49.804 0.1250000000
100900  3.549  40.676  51.647 0.1250000000
100299  2.360  39.859  49.966 0.1250000000
100929  1.487  40.180  48.025 0.1250000000
100938  0.690  40.169  46.703 0.1250000000
100916  2.696  40.628  50.010 0.1250000000
100923  1.897  40.340  48.799 0.1250000000
100947  -0.458  40.664  45.585 0.1250000000
101625  -1.340  41.515  44.857 0.1250000000
100937  1.351  40.747  47.284 0.1250000000
100946  0.366  40.759  46.027 0.1250000000
101591  1.826  40.964  48.191 0.1250000000
99149  1.793  37.475  50.393 0.1250000000
99731  -1.213  38.628  46.379 0.1250000000
102775  -3.630  43.824  49.342 0.1250000000
136787  -3.736  44.756  49.668 0.1250000000
103766  -4.021  45.550  50.264 0.1250000000
99161  1.264  37.906  48.909 0.1250000000
100318  -2.036  39.112  46.119 0.1250000000
140391  -4.308  46.003  50.545 0.1250000000
99716  1.248  38.770  48.341 0.1250000000
99730  -0.364  38.881  46.548 0.1250000000
135870  -1.376  39.378  45.964 0.1250000000
102781  -3.542  43.525  48.162 0.1250000000
103772  -3.696  45.595  49.348 0.1250000000
100311  0.723  39.417  47.184 0.1250000000
103268  -6.263  45.589  50.813 0.1250000000
100939  -0.152  40.032  46.056 0.1250000000
124912  -7.190  45.650  50.162 0.1250000000
100930  1.135  39.984  47.404 0.1250000000
101569  3.792  41.454  51.426 0.1250000000
100909  3.250  40.876  50.783 0.1250000000
101596  2.184  41.687  48.299 0.1250000000
101613  0.077  41.421  45.428 0.1250000000
125325  0.965  40.911  46.525 0.1250000000
100949  -2.318  40.509  45.677 0.1250000000
101604  -2.892  41.266  45.913 0.1250000000
136334  -3.102  42.076  45.932 0.1250000000
102232  -3.272  42.690  46.499 0.1250000000
102790  -3.401  43.421  47.103 0.1250000000
103286  -3.455  44.809  47.693 0.1250000000
102225  -3.502  42.593  47.634 0.1250000000
128618  -3.565  44.323  48.501 0.1250000000
100948  -1.429  40.691  45.358 0.1250000000
101605  -3.357  41.868  46.684 0.1250000000
104275  -4.081  46.471  49.984 0.1250000000
100317  -0.659  39.362  46.154 0.1250000000
104274  -6.012  46.745  50.746 0.1250000000
103778  -3.515  45.593  48.339 0.1250000000
101615  -2.130  41.258  45.162 0.1250000000
125965  -3.600  46.219  49.004 0.1250000000
101616  -2.585  41.937  45.274 0.1250000000
104284  -3.678  46.971  49.094 0.1250000000
104273  -5.376  47.083  50.817 0.1250000000
104888  -5.347  47.781  50.494 0.1250000000
104277  -5.937  47.371  50.435 0.1250000000
101626  -1.970  41.954  44.689 0.1250000000
102252  -2.301  42.601  44.952 0.1250000000
102798  -2.556  43.358  45.340 0.1250000000
104285  -6.136  47.574  49.763 0.1250000000
102241  -2.809  42.701  45.682 0.1250000000
102789  -3.069  43.425  46.156 0.1250000000
104889  -4.221  47.569  49.808 0.1250000000
104276  -4.700  47.318  50.526 0.1250000000
133478  -3.241  44.217  46.721 0.1250000000
136852  -5.302  48.324  50.171 0.1250000000
130917  -2.828  44.091  45.740 0.1250000000
134677  -5.756  48.055  50.138 0.1250000000
103785  -3.363  45.568  47.363 0.1250000000
104289  -3.450  46.411  48.066 0.1250000000
131116  -3.532  47.251  48.385 0.1250000000
104895  -3.783  47.803  49.029 0.1250000000
103784  -3.118  45.465  46.465 0.1250000000
104296  -3.273  46.232  46.938 0.1250000000
104900  -3.519  47.919  48.166 0.1250000000
119156  -3.880  48.485  48.836 0.1250000000
105528  -4.424  48.526  49.617 0.1250000000
106118  -5.312  49.228  49.551 0.1250000000
130163  -3.307  47.940  46.965 0.1250000000
83355  -39.651  16.280  39.756 0.1250000000
77946  -41.729  10.373  42.404 0.1250000000
130893  -42.142  10.778  41.879 0.1250000000
91841  -15.701  26.325  61.470 0.1250000000
91847  -15.035  26.690  61.987 0.1250000000
93294  -13.809  28.474  59.369 0.1250000000
92590  -14.270  27.871  62.191 0.1250000000
91860  -14.006  26.642  58.647 0.1250000000
91005  -12.867  25.701  59.778 0.1250000000
91030  -11.227  25.005  58.026 0.1250000000
90206  -10.490  24.182  57.137 0.1250000000
86015  -15.205  19.420  52.478 0.1250000000
82548  -47.639  16.356  33.256 0.1250000000
85106  -14.300  18.809  51.053 0.1250000000
87728  -15.479  20.919  55.875 0.1250000000
86028  -14.742  19.151  51.802 0.1250000000
82380  -2.437  15.798  48.670 0.1250000000
116573  -9.944  19.878  58.996 0.1250000000
87677  -12.636  21.379  58.723 0.1250000000
89342  -14.900  24.166  60.788 0.1250000000
90196  -16.923  24.478  60.089 0.1250000000
84467  -51.317  16.757  28.923 0.1250000000
73826  -31.582  6.886  55.832 0.1250000000
88517  -15.223  22.427  57.502 0.1250000000
94499  -14.246  31.421  60.231 0.1250000000
91861  -14.823  26.224  59.188 0.1250000000
89361  -15.037  23.950  58.142 0.1250000000
57555  -24.802  -9.606  70.318 0.1250000000
135156  -43.751  12.435  40.248 0.1250000000
83293  -37.820  16.218  46.419 0.1250000000
82427  -37.070  15.620  45.981 0.1250000000
129689  -36.632  14.849  45.794 0.1250000000
80770  -36.951  13.702  45.924 0.1250000000
97109  0.243  33.961  51.429 0.1250000000
100273  3.398  39.519  52.751 0.1250000000
123616  -9.104  20.169  58.919 0.1250000000
87176  -45.432  20.432  24.120 0.1250000000
90250  -5.641  24.688  53.977 0.1250000000
118638  1.900  36.144  52.024 0.1250000000
100901  3.140  40.207  51.207 0.1250000000
100283  2.834  39.571  51.232 0.1250000000
81599  -36.019  14.343  45.413 0.1250000000
78937  -34.872  11.623  43.133 0.1250000000
85196  -39.289  18.630  46.343 0.1250000000
85215  -40.404  20.248  46.077 0.1250000000
86122  -38.336  19.359  45.153 0.1250000000
85214  -37.717  18.525  45.267 0.1250000000
78935  -33.243  11.913  43.019 0.1250000000
86106  -41.010  20.452  46.891 0.1250000000
86996  -39.101  21.057  44.302 0.1250000000
87005  -37.821  20.985  43.517 0.1250000000
86140  -37.730  19.720  44.458 0.1250000000
87863  -40.187  22.841  43.553 0.1250000000
79932  -39.213  12.634  42.220 0.1250000000
86861  -12.429  20.368  53.535 0.1250000000
86013  -12.827  19.526  52.278 0.1250000000
86027  -13.599  19.177  51.683 0.1250000000
85105  -13.176  18.834  50.896 0.1250000000
88716  -38.289  22.812  42.459 0.1250000000
79952  -37.011  13.146  40.695 0.1250000000
77994  -33.904  10.707  38.956 0.1250000000
88536  -13.793  22.216  56.397 0.1250000000
131923  -11.681  20.671  53.213 0.1250000000
82378  -0.273  15.942  48.982 0.1250000000
81635  -39.594  14.500  41.136 0.1250000000
87754  -10.969  21.042  52.824 0.1250000000
86869  -10.719  20.764  52.086 0.1250000000
80853  -36.575  13.601  39.047 0.1250000000
126491  -35.723  12.314  38.162 0.1250000000
78003  -33.737  10.289  37.291 0.1250000000
128870  -14.372  24.074  57.691 0.1250000000
129400  -13.176  24.119  56.767 0.1250000000
88567  -10.901  23.006  54.116 0.1250000000
86897  -9.508  20.770  49.237 0.1250000000
88602  -9.094  22.418  50.200 0.1250000000
87808  -9.622  21.974  46.780 0.1250000000
132685  -35.403  11.787  37.747 0.1250000000
89360  -13.373  23.251  59.236 0.1250000000
119864  -11.506  24.976  55.376 0.1250000000
90253  -10.661  24.792  54.339 0.1250000000
89485  -8.666  23.671  49.090 0.1250000000
89504  -8.992  23.279  47.125 0.1250000000
118633  -34.716  10.917  35.876 0.1250000000
90192  -11.635  24.490  58.210 0.1250000000
92608  -13.132  27.975  58.408 0.1250000000
89457  -8.929  23.807  50.558 0.1250000000
90315  -8.737  24.820  49.546 0.1250000000
91963  -8.931  26.031  50.474 0.1250000000
127035  -9.209  23.874  46.606 0.1250000000
79039  -34.690  10.907  35.094 0.1250000000
79055  -34.355  10.795  34.619 0.1250000000
126103  -44.923  14.659  32.390 0.1250000000
91029  -10.595  25.113  57.518 0.1250000000
93313  -11.454  28.498  56.467 0.1250000000
89407  -7.682  23.535  55.136 0.1250000000
93337  -10.314  28.365  54.357 0.1250000000
130933  -9.461  26.126  52.472 0.1250000000
91957  -9.067  25.956  51.121 0.1250000000
93911  -13.406  29.896  58.988 0.1250000000
93966  -10.274  29.399  53.461 0.1250000000
81759  -51.561  14.746  29.295 0.1250000000
91077  -7.011  24.849  54.652 0.1250000000
93976  -10.107  29.143  51.167 0.1250000000
82593  -51.216  16.356  27.968 0.1250000000
82591  -50.481  15.886  27.433 0.1250000000
82590  -49.604  15.610  27.062 0.1250000000
93272  -13.025  28.993  62.028 0.1250000000
94498  -13.726  31.072  59.129 0.1250000000
95151  -11.429  31.460  52.936 0.1250000000
94562  -10.983  30.741  51.646 0.1250000000
83499  -51.257  16.799  27.999 0.1250000000
83515  -51.064  16.858  27.238 0.1250000000
83525  -50.394  17.123  25.730 0.1250000000
93896  -11.818  30.200  61.691 0.1250000000
93279  -8.556  29.362  59.628 0.1250000000
130624  -11.223  30.558  50.694 0.1250000000
95706  -13.859  32.694  59.981 0.1250000000
93902  -8.180  29.972  59.993 0.1250000000
95752  -12.786  32.826  54.434 0.1250000000
95771  -12.785  32.449  52.055 0.1250000000
94488  -7.456  30.592  59.593 0.1250000000
95084  -8.481  31.620  59.279 0.1250000000
94497  -6.864  30.093  59.282 0.1250000000
95714  -8.763  32.234  58.727 0.1250000000
96440  -14.962  33.810  51.416 0.1250000000
95725  -9.053  32.744  58.178 0.1250000000
135173  -13.943  35.913  55.787 0.1250000000
95724  -8.162  32.779  58.096 0.1250000000
97089  -14.716  35.103  53.745 0.1250000000
96394  -8.552  33.264  57.525 0.1250000000
98459  -14.338  37.610  54.195 0.1250000000
97727  -8.048  34.838  56.590 0.1250000000
131852  -9.819  35.065  55.903 0.1250000000
117599  -7.923  36.539  56.577 0.1250000000
97745  -7.196  36.121  55.674 0.1250000000
97750  -6.586  35.993  53.819 0.1250000000
98476  -5.944  36.517  53.319 0.1250000000
99138  -4.577  38.380  53.113 0.1250000000
99679  -7.332  39.217  55.734 0.1250000000
100263  -6.517  39.396  54.505 0.1250000000
99151  -4.210  37.775  51.100 0.1250000000
100271  -8.472  39.450  53.992 0.1250000000
135755  -6.945  39.600  53.548 0.1250000000
123558  -5.970  39.326  53.711 0.1250000000
100279  -8.366  39.347  53.110 0.1250000000
100906  -7.161  40.064  51.175 0.1250000000
100277  -6.693  39.641  52.730 0.1250000000
99699  -3.811  39.331  51.356 0.1250000000
99694  -4.367  38.901  52.661 0.1250000000
99145  -8.675  37.918  51.975 0.1250000000
121287  -1.534  36.709  47.308 0.1250000000
99706  -3.741  38.355  50.022 0.1250000000
118495  -3.619  38.974  49.528 0.1250000000
100294  -3.640  39.941  50.967 0.1250000000
140199  -4.016  40.767  51.564 0.1250000000
101576  -3.797  41.878  51.035 0.1250000000
101571  -4.163  41.938  51.350 0.1250000000
100904  -4.778  40.500  51.667 0.1250000000
101577  -5.707  41.194  50.649 0.1250000000
102207  -6.707  42.857  50.025 0.1250000000
130608  -2.760  37.055  47.211 0.1250000000
100286  -5.101  39.855  52.250 0.1250000000
100911  -6.563  40.651  50.549 0.1250000000
100912  -7.832  40.229  50.385 0.1250000000
128058  0.229  38.105  47.375 0.1250000000
124851  -3.544  41.162  49.188 0.1250000000
102205  -3.702  42.659  50.623 0.1250000000
99175  -0.993  37.898  46.767 0.1250000000
99718  -3.473  38.196  48.000 0.1250000000
121073  -3.467  39.732  47.903 0.1250000000
122943  -3.119  40.185  46.744 0.1250000000
126453  -3.565  39.584  48.847 0.1250000000
102755  -4.169  43.487  51.274 0.1250000000
100922  2.449  41.213  49.150 0.1250000000
122811  -3.372  47.095  47.470 0.1250000000
55549  -21.958  -10.970  71.108 0.2500000000
55550  -22.453  -10.902  70.845 0.2500000000
56555  -23.523  -10.546  69.992 0.1250000000
57469  -4.807  -8.619  81.148 0.1250000000
57512  -20.919  -9.604  72.477 0.5000000000
57519  -27.012  -8.620  71.984 0.6250000000
57665  2.453  -9.250  60.644 0.3750000000
57676  2.365  -9.071  59.816 0.5000000000
57698  1.323  -9.089  58.515 0.5000000000
58593  -29.375  -8.189  71.252 0.5000000000
58636  2.907  -7.980  66.735 0.3750000000
58665  -0.014  -8.240  64.035 0.2500000000
58678  1.050  -8.713  63.297 0.2500000000
58680  -0.871  -8.113  62.818 0.2500000000
58698  0.347  -8.875  62.122 0.2500000000
58714  -1.181  -8.648  60.530 0.2500000000
59503  -4.081  -7.327  81.855 0.1250000000
59506  -1.828  -7.345  81.379 0.1250000000
59511  -6.739  -7.286  80.688 0.1250000000
59516  -9.203  -6.920  79.387 0.2500000000
59584  1.836  -7.183  68.762 0.6250000000
59591  2.114  -7.497  68.184 0.5000000000
59620  -8.123  -7.521  65.368 0.1250000000
59621  -8.270  -7.488  64.648 0.1250000000
59648  -2.749  -6.939  62.374 0.2500000000
59658  -3.280  -6.941  61.306 0.2500000000
59708  -0.748  -7.756  56.819 0.1250000000
60476  -5.392  -6.499  81.787 0.1250000000
60480  -6.625  -6.546  80.967 0.1250000000
60483  -7.518  -6.753  80.430 0.2500000000
60484  -8.216  -6.849  80.081 0.2500000000
60520  -26.388  -6.823  72.775 0.7500000000
60523  -6.179  -6.126  71.904 0.1250000000
60554  -7.171  -6.476  69.631 0.1250000000
60571  -0.690  -6.824  68.801 0.2500000000
60625  -22.752  -6.316  66.243 1.0000000000
60655  -8.311  -6.721  63.533 0.1250000000
60659  3.543  -6.780  62.681 0.8750000000
60675  -8.354  -6.694  61.622 0.1250000000
61477  -2.356  -6.116  81.562 0.1250000000
61482  -2.028  -6.049  81.288 0.1250000000
61508  -3.347  -5.244  76.504 0.1250000000
61563  1.306  -5.963  70.184 0.2500000000
62500  -1.636  -4.931  80.494 0.1250000000
62502  -6.347  -4.952  80.817 0.3750000000
62510  -7.452  -4.737  78.870 0.3750000000
62511  -8.178  -5.260  78.531 0.5000000000
62534  -23.410  -3.995  74.069 0.7500000000
62556  1.079  -5.008  71.031 0.2500000000
62579  -12.969  -4.934  68.987 0.7500000000
62668  -20.445  -4.749  62.518 1.0000000000
63565  -10.825  -3.120  69.764 0.7500000000
63576  -11.722  -3.225  68.752 0.8750000000
63590  -14.895  -3.602  66.961 0.7500000000
63652  -19.010  -3.874  61.088 1.0000000000
63663  -25.450  -3.225  60.470 0.8750000000
63712  -4.735  -3.341  56.924 0.1250000000
63714  -19.983  -3.379  57.006 0.8750000000
64499  -2.535  -3.043  80.945 0.1250000000
64542  0.412  -2.692  71.745 0.2500000000
64543  -9.491  -2.619  71.516 0.8750000000
64548  0.554  -3.316  71.421 0.2500000000
64552  -10.985  -2.020  69.884 0.8750000000
64556  -10.694  -2.697  69.961 0.8750000000
64566  -11.489  -2.820  68.995 0.8750000000
64585  -32.715  -2.236  67.931 0.7500000000
64707  -20.905  -2.756  56.275 0.8750000000
64708  -21.668  -2.510  56.452 0.8750000000
65550  -0.317  -1.242  73.192 0.2500000000
65602  -13.605  -1.576  67.605 1.0000000000
65617  -5.400  -0.784  65.184 0.8750000000
65622  -32.630  -0.647  65.659 0.1250000000
65632  -19.269  -1.701  64.869 0.8750000000
65645  -4.891  -1.130  63.453 0.8750000000
65657  -3.743  -1.282  62.430 0.8750000000
65662  -32.148  -1.304  62.332 0.1250000000
65685  -25.387  -1.500  60.017 0.8750000000
65699  -24.442  -1.767  58.876 0.8750000000
65742  -17.637  -1.524  55.815 0.8750000000
65757  -17.888  -1.222  55.074 0.8750000000
65758  -18.596  -1.316  54.802 0.8750000000
66587  -14.297  -0.312  68.409 1.0000000000
66592  -22.474  -0.728  69.257 0.7500000000
66602  -14.654  -0.715  67.759 1.0000000000
66651  -6.956  -0.248  64.055 1.0000000000
66674  -32.040  -0.515  61.963 0.1250000000
66681  -5.377  -0.116  61.879 1.0000000000
66742  -15.891  -0.065  56.775 0.8750000000
66770  -19.731  -0.682  54.182 0.8750000000
66785  -19.421  -0.170  53.727 0.7500000000
67573  -1.898  0.573  79.874 0.3750000000
67579  -0.313  0.971  78.011 0.3750000000
67584  -6.367  1.072  76.484 0.8750000000
67586  -0.347  0.842  75.692 0.5000000000
67629  -7.888  0.481  69.041 0.8750000000
67640  -30.694  0.296  69.641 1.0000000000
67643  -4.839  0.239  68.735 0.6250000000
67644  -5.296  0.178  68.146 0.7500000000
67666  -7.661  0.188  66.006 1.0000000000
67668  -9.295  0.369  66.376 1.0000000000
67742  -6.881  0.694  61.587 1.0000000000
67760  -31.663  -0.073  61.007 0.1250000000
67775  2.650  -0.237  58.298 1.0000000000
68658  -1.800  1.680  78.070 0.5000000000
68662  -1.291  1.587  77.322 0.5000000000
68664  -4.197  2.214  77.255 0.6250000000
68738  -32.006  0.824  69.082 1.0000000000
68741  -17.902  1.400  69.176 0.8750000000
68747  -31.818  1.510  68.836 1.0000000000
68758  -32.690  1.258  67.334 0.8750000000
68761  2.256  1.212  67.265 1.0000000000
68764  -11.595  1.945  66.600 1.0000000000
68793  -32.540  1.345  64.206 0.5000000000
68799  -9.760  1.725  63.297 1.0000000000
68800  -10.178  1.946  63.713 1.0000000000
68813  -8.134  1.409  61.750 1.0000000000
68829  -6.951  1.333  60.993 1.0000000000
68892  -2.117  1.138  56.250 0.2500000000
68970  -17.026  1.824  52.771 0.7500000000
69733  -5.430  2.172  75.742 0.7500000000
69756  -14.826  2.486  74.356 1.0000000000
69794  -29.084  2.731  68.799 1.0000000000
69810  1.058  2.176  67.195 1.0000000000
69847  -14.582  2.675  63.728 1.0000000000
69876  -4.256  2.332  61.175 1.0000000000
69891  -4.999  2.357  60.784 1.0000000000
69894  -7.303  2.532  60.690 1.0000000000
69902  -31.123  1.463  61.105 0.1250000000
69907  -13.647  2.186  59.162 0.7500000000
69975  -15.052  1.832  55.069 0.8750000000
69995  -20.015  2.691  53.889 0.7500000000
70017  -15.829  2.716  52.809 0.7500000000
70823  -17.878  4.072  72.802 1.0000000000
70846  -28.844  3.311  68.676 1.0000000000
70877  -32.539  3.281  65.155 0.7500000000
70926  -6.186  3.310  60.485 1.0000000000
70927  -7.114  3.393  60.625 1.0000000000
71042  -19.295  3.437  52.923 0.7500000000
71800  -15.869  4.651  74.158 1.0000000000
71816  2.279  4.386  69.888 1.0000000000
71817  -13.988  4.202  69.980 1.0000000000
71828  -28.978  4.232  68.750 1.0000000000
71829  -29.654  4.060  68.723 1.0000000000
71840  -30.632  4.555  67.997 1.0000000000
71850  -26.853  5.111  66.689 1.0000000000
71852  -32.464  4.149  66.208 0.7500000000
71871  -31.651  4.856  64.399 0.7500000000
71875  -1.775  4.827  64.036 1.0000000000
71883  -31.024  4.616  63.695 0.7500000000
71894  -13.222  4.686  62.608 1.0000000000
71909  -23.292  3.825  61.488 0.8750000000
71911  -29.934  3.951  62.194 0.5000000000
71980  -19.774  4.578  55.268 0.7500000000
72764  -19.382  5.485  71.905 1.0000000000
72770  3.114  5.183  70.336 1.0000000000
72777  1.887  4.670  70.006 1.0000000000
72843  -2.625  5.155  62.768 1.0000000000
72856  3.214  5.513  61.185 0.8750000000
72858  -3.956  5.329  61.641 1.0000000000
72862  -7.106  5.357  61.815 1.0000000000
72980  -11.750  6.393  52.374 0.5000000000
72984  -18.059  5.674  51.854 0.6250000000
73683  3.471  5.965  70.816 1.0000000000
73685  2.006  5.440  70.357 1.0000000000
73709  -27.100  6.224  67.396 1.0000000000
73717  0.331  6.005  67.169 1.0000000000
73753  -30.238  6.601  63.659 0.7500000000
73760  -6.416  6.735  62.647 1.0000000000
73768  -4.661  6.051  61.482 1.0000000000
73774  4.844  6.404  60.019 0.8750000000
73781  4.755  6.465  59.446 0.8750000000
73792  4.641  6.608  58.688 0.8750000000
73795  -18.866  6.793  59.030 0.7500000000
74553  -19.283  7.248  70.989 1.0000000000
74554  4.077  7.525  71.841 1.0000000000
74558  2.684  6.964  71.098 1.0000000000
74567  -14.969  7.371  69.963 1.0000000000
74581  4.462  7.374  68.036 1.0000000000
74603  -26.384  7.932  66.202 1.0000000000
74605  -28.578  7.932  66.891 1.0000000000
74620  -1.156  7.395  64.276 1.0000000000
74621  -6.270  7.795  64.522 1.0000000000
74632  -4.675  8.258  62.938 0.8750000000
74643  -2.718  6.913  62.631 1.0000000000
74651  4.624  6.932  61.654 0.8750000000
74660  2.364  7.825  60.098 0.8750000000
74664  -20.090  7.830  61.830 0.6250000000
74686  -18.579  7.436  59.184 0.7500000000
74736  -20.621  7.859  55.275 0.7500000000
74756  -26.327  8.115  54.547 0.8750000000
74763  -10.582  7.523  53.195 0.6250000000
74768  -21.929  7.691  53.545 0.7500000000
74771  -25.246  7.552  53.354 0.8750000000
74785  -23.884  7.415  52.562 0.8750000000
74792  -10.802  8.243  51.710 0.5000000000
74810  -23.853  7.993  50.209 0.8750000000
74820  -38.087  7.139  49.788 0.3750000000
75515  -5.581  9.746  74.527 0.8750000000
75517  -6.656  9.646  74.504 1.0000000000
75523  -9.812  9.960  73.848 1.0000000000
75528  -9.485  9.348  73.333 1.0000000000
75559  4.600  8.796  69.390 1.0000000000
75586  -26.455  8.698  66.212 1.0000000000
75634  0.787  8.994  60.908 0.8750000000
75659  -20.141  8.333  61.791 0.6250000000
75672  -9.458  8.457  57.987 0.8750000000
75693  -9.818  8.062  57.450 0.7500000000
75706  -17.429  8.683  56.726 0.6250000000
75710  -26.370  8.501  56.468 0.8750000000
75712  -39.647  8.777  57.949 0.8750000000
75719  -27.244  8.566  55.963 0.8750000000
75729  -20.812  8.566  54.184 0.7500000000
75731  -28.447  8.804  54.589 0.8750000000
75735  -10.057  8.894  52.895 0.7500000000
75766  -26.884  7.861  51.842 0.8750000000
75779  -23.475  8.467  50.239 0.7500000000
75792  -12.941  9.004  49.822 0.3750000000
75794  -24.262  8.201  49.594 0.7500000000
75795  -24.944  8.200  49.172 0.7500000000
75799  -30.517  8.592  49.295 1.0000000000
75810  -23.866  8.712  49.363 0.7500000000
75818  -31.075  8.771  48.766 1.0000000000
75831  -29.246  8.717  47.565 0.7500000000
76555  -5.827  9.902  74.718 0.8750000000
76556  -6.358  9.853  74.625 1.0000000000
76558  -5.189  9.180  73.255 0.8750000000
76582  -9.966  10.472  72.685 1.0000000000
76608  -13.783  10.057  67.185 1.0000000000
76620  -26.753  9.876  65.883 1.0000000000
76634  -26.560  9.988  65.414 1.0000000000
76672  -26.521  9.905  62.972 0.8750000000
76681  -26.064  9.157  61.337 0.8750000000
76713  -35.065  9.923  59.850 0.5000000000
76730  -16.632  10.162  57.404 0.6250000000
76739  -39.380  8.887  58.264 0.8750000000
76743  -8.743  10.164  55.950 0.7500000000
76751  -29.437  9.558  56.502 1.0000000000
76764  -28.880  9.155  56.025 1.0000000000
76780  -20.560  9.091  54.396 0.7500000000
76787  -33.006  10.015  54.084 1.0000000000
76798  -15.658  9.639  53.860 0.6250000000
76800  -29.703  9.388  53.471 1.0000000000
76819  -30.197  9.482  52.937 1.0000000000
76836  -31.600  9.325  51.692 1.0000000000
76861  -33.611  9.271  50.766 1.0000000000
76863  -35.976  9.910  51.120 1.0000000000
76881  -33.584  9.434  49.748 1.0000000000
76895  -25.169  9.224  47.837 0.7500000000
76915  -26.676  9.568  46.659 0.7500000000
76918  -29.194  9.638  46.515 0.7500000000
76920  -30.784  9.961  46.891 0.7500000000
77010  -32.593  9.699  36.655 0.1250000000
77588  -6.516  10.005  74.579 0.8750000000
77596  -13.504  11.181  72.324 1.0000000000
77599  -16.882  10.294  71.270 1.0000000000
77601  3.913  10.741  72.018 1.0000000000
77609  -16.444  10.824  70.983 1.0000000000
77625  -17.179  10.265  70.418 1.0000000000
77651  -13.483  10.361  67.638 1.0000000000
77676  -26.818  10.523  65.339 1.0000000000
77696  -26.695  10.767  64.439 1.0000000000
77697  -27.014  11.132  63.941 1.0000000000
77722  -1.383  10.609  60.497 0.8750000000
77726  -18.662  10.926  62.161 0.6250000000
77780  -31.647  10.553  56.433 1.0000000000
77787  -2.199  10.809  56.064 0.7500000000
77791  -20.908  10.630  55.190 0.5000000000
77794  -32.632  10.508  55.483 1.0000000000
77805  -20.547  9.834  54.778 0.7500000000
77819  -15.668  11.039  53.676 0.5000000000
77821  -22.143  10.734  53.181 0.5000000000
77828  -9.698  10.334  52.943 0.7500000000
77847  -23.140  10.911  51.401 0.6250000000
77862  -17.654  10.838  50.344 0.2500000000
77878  -17.341  10.665  49.536 0.2500000000
77894  -24.094  9.723  48.710 0.7500000000
77900  -47.510  10.773  48.683 0.7500000000
77908  -47.693  11.088  47.989 0.7500000000
77912  -26.372  10.295  46.584 0.7500000000
77913  -27.799  10.179  45.988 0.7500000000
77916  -30.310  10.468  46.431 0.7500000000
77918  -31.686  10.876  46.944 0.7500000000
77993  -33.241  10.285  38.890 0.1250000000
78034  -33.245  10.195  35.131 0.1250000000
78589  4.362  11.566  71.091 1.0000000000
78595  -14.037  11.535  71.334 1.0000000000
78606  -15.702  11.158  70.583 1.0000000000
78650  -27.053  11.279  64.368 1.0000000000
78666  -19.294  11.864  62.533 0.6250000000
78672  -32.818  12.637  61.690 0.8750000000
78673  -33.253  12.331  61.379 0.8750000000
78675  -2.328  11.898  60.271 0.6250000000
78678  -18.256  11.520  61.959 0.6250000000
78684  -33.809  11.899  61.013 0.6250000000
78688  -3.083  12.233  59.002 0.6250000000
78712  -35.498  10.555  59.244 0.8750000000
78728  -16.461  11.852  56.483 0.6250000000
78738  -8.654  11.519  56.015 0.8750000000
78743  -21.475  11.294  55.657 0.5000000000
78792  -17.798  11.245  51.746 0.3750000000
78803  -10.582  11.803  50.150 0.2500000000
78821  -10.817  11.337  49.740 0.2500000000
78826  -23.903  10.793  49.656 0.7500000000
78830  -35.387  11.630  49.927 1.0000000000
78875  -25.754  11.354  47.534 0.6250000000
78878  -33.278  12.037  47.792 0.7500000000
78898  -32.074  11.370  46.966 0.7500000000
78909  -27.842  11.568  45.617 0.7500000000
78924  -36.052  11.651  44.004 0.1250000000
79644  2.127  11.888  65.078 1.0000000000
79652  -6.882  12.317  63.138 0.7500000000
79653  -29.094  12.378  63.543 1.0000000000
79654  -29.851  12.483  63.455 1.0000000000
79665  -2.031  12.949  61.280 0.6250000000
79666  -7.210  12.686  61.093 0.7500000000
79668  -19.755  12.622  62.728 0.5000000000
79682  -21.238  13.230  62.590 0.5000000000
79694  -20.797  12.349  61.337 0.3750000000
79710  -16.503  11.961  57.286 0.5000000000
79711  -16.843  12.168  57.806 0.5000000000
79712  -17.700  12.515  57.481 0.5000000000
79716  -23.203  12.978  57.223 0.3750000000
79719  -8.587  12.210  56.452 0.6250000000
79734  -17.183  12.253  56.045 0.6250000000
79737  -20.066  12.995  55.108 0.3750000000
79738  -22.823  12.237  55.647 0.3750000000
79755  -24.226  12.785  54.170 0.3750000000
79765  -9.899  12.831  53.025 0.6250000000
79767  -19.548  12.298  53.575 0.3750000000
79783  -23.912  12.261  52.810 0.5000000000
79785  -25.080  12.998  52.554 0.3750000000
79811  -21.228  12.874  51.042 0.1250000000
79812  -24.889  12.158  49.688 0.7500000000
79814  -25.942  13.186  50.388 0.3750000000
79820  -42.930  12.949  51.248 0.3750000000
79830  -11.905  12.756  48.912 0.2500000000
79847  -20.527  12.399  48.524 0.2500000000
79849  -25.914  12.201  48.087 0.6250000000
79879  -19.057  12.420  46.387 0.2500000000
79893  -27.497  12.325  45.792 0.7500000000
79895  -29.069  12.367  45.469 0.7500000000
79897  -30.765  12.771  45.810 0.7500000000
80521  -4.666  14.024  73.918 0.6250000000
80526  -5.853  14.354  73.335 0.6250000000
80527  3.618  13.784  71.132 1.0000000000
80528  3.193  13.735  71.661 1.0000000000
80534  -4.203  13.471  69.667 0.7500000000
80561  0.615  13.188  64.354 1.0000000000
80566  -6.559  13.667  63.931 0.7500000000
80570  -6.668  13.697  63.139 0.7500000000
80572  -1.663  13.180  61.893 0.6250000000
80576  -19.518  12.862  62.582 0.5000000000
80578  -21.175  13.894  63.158 0.5000000000
80579  -2.545  13.878  60.658 0.6250000000
80590  -8.325  13.556  59.177 0.6250000000
80597  -3.616  13.828  58.598 0.6250000000
80634  -25.835  14.080  55.595 0.3750000000
80643  -21.351  13.749  54.812 0.2500000000
80658  -20.822  13.132  53.635 0.3750000000
80662  -26.222  13.695  53.174 0.3750000000
80696  -11.097  13.710  50.653 0.2500000000
80697  -22.226  13.882  51.320 0.1250000000
80698  -25.962  13.386  51.684 0.3750000000
80716  -36.003  13.885  51.247 0.8750000000
80717  -39.534  13.488  50.500 0.3750000000
80720  -11.728  13.423  49.426 0.2500000000
80730  -39.177  13.565  49.768 0.3750000000
80740  -27.158  14.524  47.936 0.5000000000
80752  -27.008  14.088  47.267 0.5000000000
80759  -15.981  13.486  46.584 0.2500000000
80761  -17.762  12.910  45.799 0.2500000000
81367  -5.322  14.532  73.682 0.6250000000
81368  -4.606  14.486  73.684 0.6250000000
81370  -4.187  14.419  73.309 0.6250000000
81379  1.494  14.800  70.929 1.0000000000
81409  -6.653  14.185  63.637 0.7500000000
81424  -23.643  15.575  61.896 0.3750000000
81428  -9.403  14.913  59.717 0.6250000000
81433  -24.098  15.258  61.701 0.3750000000
81435  -25.597  15.940  60.951 0.3750000000
81447  -21.388  14.207  57.016 0.3750000000
81453  -9.651  14.093  56.751 0.6250000000
81458  -27.228  15.223  57.119 0.3750000000
81480  -26.998  14.208  53.648 0.3750000000
81494  -10.894  14.973  52.946 0.5000000000
81495  -22.235  14.008  52.545 0.1250000000
81499  -28.332  14.783  53.029 0.3750000000
81535  -27.736  14.474  50.751 0.3750000000
81541  -0.876  14.905  49.978 0.2500000000
81549  -23.376  15.276  49.731 0.1250000000
81552  -34.588  14.271  49.025 0.8750000000
81573  -33.900  14.274  48.081 0.7500000000
81595  -28.448  14.643  45.535 0.6250000000
81597  -30.334  14.215  45.506 0.7500000000
81609  -33.820  14.320  44.190 0.1250000000
81660  -45.205  14.755  40.134 0.3750000000
82172  -4.995  15.052  73.609 0.6250000000
82173  -5.471  15.082  73.562 0.6250000000
82176  -5.936  15.550  73.251 0.6250000000
82190  -7.626  15.710  69.995 0.6250000000
82192  2.539  15.807  69.055 1.0000000000
82213  1.438  15.184  66.623 1.0000000000
82217  -7.097  15.493  65.127 0.7500000000
82228  -7.459  15.246  62.606 0.6250000000
82230  -2.544  15.596  61.596 0.6250000000
82237  -2.857  15.083  60.114 0.6250000000
82238  -8.733  15.267  60.864 0.6250000000
82239  -9.406  15.294  60.445 0.6250000000
82241  -11.652  15.807  60.278 0.6250000000
82244  -24.236  16.035  61.934 0.3750000000
82253  -26.141  16.427  60.643 0.3750000000
82262  -28.232  16.151  58.964 0.3750000000
82270  -28.110  16.028  59.018 0.3750000000
82278  -27.869  15.693  58.155 0.3750000000
82290  -29.640  15.640  55.610 0.3750000000
82297  -23.986  15.948  54.343 0.1250000000
82300  -30.385  16.090  54.531 0.3750000000
82303  -11.275  15.618  53.444 0.3750000000
82314  -4.460  15.367  52.950 0.6250000000
82337  -28.786  15.291  51.600 0.3750000000
82368  -17.027  16.565  48.877 0.1250000000
82384  -16.767  16.059  48.456 0.1250000000
82386  -23.432  16.014  48.403 0.2500000000
82396  -22.112  15.395  46.854 0.2500000000
82398  -23.114  16.209  47.782 0.2500000000
82406  -21.636  15.703  46.221 0.2500000000
82409  -31.720  14.973  45.890 0.7500000000
82416  -17.398  15.201  45.075 0.1250000000
82422  -28.774  15.962  45.470 0.5000000000
82432  -19.136  15.788  44.582 0.1250000000
83048  -5.808  16.750  71.921 0.6250000000
83051  2.227  16.452  70.733 1.0000000000
83055  -7.719  16.461  71.316 0.6250000000
83064  0.813  16.568  70.105 1.0000000000
83070  -9.600  17.021  69.633 0.6250000000
83083  -7.717  16.117  66.482 0.7500000000
83092  -11.065  17.207  65.423 0.6250000000
83094  -13.091  17.066  65.349 0.6250000000
83098  -8.872  16.670  64.173 0.6250000000
83103  -13.805  16.990  64.918 0.6250000000
83111  -9.001  16.322  62.699 0.6250000000
83113  -10.410  16.361  62.433 0.6250000000
83122  -13.667  16.737  61.928 0.5000000000
83128  -24.611  16.378  61.748 0.3750000000
83131  -12.543  16.445  58.981 0.5000000000
83133  -24.581  16.749  61.000 0.2500000000
83135  -25.946  16.809  60.996 0.3750000000
83147  -12.592  16.772  57.538 0.5000000000
83161  -30.978  16.490  57.614 0.3750000000
83170  -26.655  16.768  57.087 0.1250000000
83171  -28.209  16.589  57.359 0.1250000000
83189  -12.398  16.560  53.690 0.1250000000
83198  -37.977  17.210  53.910 0.7500000000
83200  -4.159  16.283  51.436 0.3750000000
83205  -16.538  17.041  52.155 0.1250000000
83207  -25.166  16.395  52.690 0.1250000000
83222  -24.879  16.235  51.878 0.1250000000
83246  -17.266  17.045  48.976 0.1250000000
83251  -36.098  16.506  49.580 0.8750000000
83279  -27.854  16.922  46.976 0.3750000000
84020  -7.087  17.201  71.552 0.6250000000
84023  1.957  17.550  70.786 1.0000000000
84024  1.598  17.709  70.671 0.8750000000
84026  -6.811  17.576  70.959 0.6250000000
84028  -8.392  17.322  70.702 0.6250000000
84031  2.602  17.597  70.219 0.8750000000
84034  -6.559  17.730  70.244 0.6250000000
84037  -10.661  17.856  69.902 0.6250000000
84048  -11.975  17.810  69.273 0.5000000000
84063  -15.929  18.187  67.812 0.5000000000
84077  -17.373  18.076  66.922 0.5000000000
84079  -0.196  17.466  65.383 0.8750000000
84086  -16.709  17.655  66.620 0.5000000000
84087  -18.549  18.192  66.030 0.5000000000
84095  -19.320  18.657  65.575 0.5000000000
84097  -15.056  17.160  63.307 0.5000000000
84098  -15.977  17.260  64.057 0.3750000000
84100  -19.341  18.488  64.909 0.5000000000
84119  -13.712  17.190  59.510 0.5000000000
84121  -15.244  17.814  59.762 0.3750000000
84125  -14.531  17.908  58.524 0.3750000000
84126  -15.097  18.065  58.955 0.3750000000
84139  -30.779  16.886  58.103 0.3750000000
84143  -12.373  16.789  55.780 0.5000000000
84147  -16.987  18.172  54.509 0.2500000000
84164  -17.834  18.684  52.599 0.2500000000
84172  -17.761  18.092  51.984 0.2500000000
84177  -38.037  18.239  53.203 0.6250000000
84180  -17.549  17.748  51.409 0.1250000000
84193  -17.559  17.911  50.758 0.1250000000
84194  -17.616  18.205  51.312 0.1250000000
84227  -16.958  17.037  48.473 0.1250000000
84245  -28.192  17.556  47.206 0.3750000000
84274  -29.575  17.556  45.226 0.5000000000
84282  -38.144  17.932  45.867 0.1250000000
84292  -32.058  17.816  44.861 0.6250000000
84395  -48.295  18.266  33.757 0.3750000000
84971  -9.356  18.089  70.448 0.6250000000
84972  1.793  19.404  70.500 0.8750000000
84976  -10.700  18.136  69.921 0.6250000000
84984  -12.922  18.124  69.079 0.5000000000
84985  -13.890  18.232  68.542 0.5000000000
84991  -6.808  18.484  68.160 0.6250000000
84993  -14.899  18.187  68.249 0.5000000000
85001  -17.584  18.556  66.877 0.5000000000
85006  -4.492  18.669  65.697 0.7500000000
85013  -20.254  18.998  64.295 0.5000000000
85015  -1.083  18.226  64.085 0.6250000000
85022  -13.384  18.903  62.425 0.3750000000
85023  -14.995  19.047  63.277 0.3750000000
85025  -19.895  18.863  63.583 0.3750000000
85026  -19.992  19.174  63.422 0.3750000000
85033  -19.749  19.397  62.519 0.3750000000
85049  -18.999  19.381  60.398 0.3750000000
85053  -14.969  18.287  57.915 0.3750000000
85062  -17.888  19.052  57.981 0.3750000000
85063  -33.018  18.326  58.185 0.3750000000
85067  -15.485  18.329  56.440 0.2500000000
85071  -32.508  17.918  58.294 0.3750000000
85084  -17.985  19.246  54.315 0.2500000000
85094  -31.783  18.136  54.014 0.3750000000
85098  -26.956  18.200  51.684 0.1250000000
85107  -15.505  18.806  51.142 0.1250000000
85109  -17.466  18.598  51.600 0.2500000000
85111  -26.665  18.675  51.072 0.1250000000
85112  -27.041  18.912  51.518 0.1250000000
85139  -29.113  18.174  49.222 0.3750000000
85140  -29.514  18.539  49.673 0.3750000000
85141  -29.965  19.054  50.181 0.3750000000
85156  -29.272  18.772  48.820 0.3750000000
85189  -21.713  18.626  46.350 0.1250000000
85191  -28.593  18.070  46.638 0.3750000000
85192  -29.014  18.532  46.159 0.3750000000
85242  -46.089  18.306  41.792 0.8750000000
85249  -45.374  19.135  41.651 0.8750000000
85371  -43.928  19.012  31.245 0.2500000000
85424  -42.243  18.716  25.221 0.1250000000
85851  -9.319  18.927  69.406 0.6250000000
85852  -10.165  18.828  69.373 0.5000000000
85887  -16.765  19.380  66.885 0.5000000000
85888  -17.845  19.040  66.547 0.5000000000
85889  -18.775  18.964  66.150 0.5000000000
85894  -4.703  19.319  65.542 0.7500000000
85897  -12.809  20.756  65.320 0.5000000000
85910  -18.802  19.355  65.369 0.5000000000
85915  -10.446  19.925  62.903 0.3750000000
85919  -17.602  19.532  64.639 0.5000000000
85921  -19.790  19.385  63.978 0.2500000000
85927  -9.591  20.142  62.199 0.3750000000
85928  -10.153  19.770  62.194 0.3750000000
85939  -10.530  19.508  61.392 0.3750000000
85941  -12.223  19.199  61.115 0.3750000000
85944  -16.676  19.868  61.740 0.3750000000
85946  -19.948  19.962  61.943 0.2500000000
85951  -10.880  19.438  60.545 0.3750000000
85954  -13.315  19.639  60.311 0.2500000000
85961  -11.244  19.566  59.786 0.2500000000
85965  -19.338  19.938  59.837 0.3750000000
85967  3.182  19.432  59.046 0.5000000000
85970  -18.607  19.671  58.680 0.3750000000
85989  -0.618  19.712  54.785 0.5000000000
85993  -17.621  19.764  54.220 0.2500000000
85996  -29.808  19.482  54.763 0.1250000000
86012  -11.904  19.772  51.989 0.1250000000
86017  -17.411  19.280  52.669 0.2500000000
86018  -17.878  19.050  52.891 0.2500000000
86020  -28.195  19.226  52.979 0.1250000000
86033  -31.248  19.859  51.991 0.3750000000
86036  -11.380  19.311  50.346 0.1250000000
86050  -25.279  19.102  49.707 0.1250000000
86053  -38.788  19.565  49.501 0.6250000000
86068  -40.064  20.180  49.028 0.3750000000
86107  -41.240  20.846  47.233 0.2500000000
86134  -30.510  19.566  45.043 0.5000000000
86169  -44.826  20.116  40.709 0.7500000000
86727  2.619  20.172  69.850 0.8750000000
86728  2.230  20.432  70.209 0.8750000000
86729  1.598  20.731  70.270 0.8750000000
86739  -10.593  20.876  67.552 0.5000000000
86750  -13.973  21.012  66.654 0.5000000000
86755  -5.341  20.628  65.428 0.6250000000
86757  -7.046  21.374  66.072 0.5000000000
86758  -12.551  21.719  65.737 0.5000000000
86759  -13.382  21.567  65.970 0.5000000000
86768  -11.139  20.620  64.197 0.3750000000
86770  2.213  20.421  62.607 0.7500000000
86778  -9.125  20.306  61.822 0.3750000000
86781  -19.800  20.252  62.012 0.2500000000
86785  -7.760  20.638  60.053 0.3750000000
86800  -11.669  19.976  59.212 0.2500000000
86801  -12.349  20.150  59.375 0.1250000000
86802  -13.013  20.658  59.273 0.2500000000
86803  -13.867  20.945  59.543 0.2500000000
86809  -8.741  20.474  58.218 0.1250000000
86820  -9.176  20.744  57.597 0.1250000000
86825  -32.152  20.238  58.419 0.2500000000
86845  -18.101  19.897  55.776 0.2500000000
86851  -12.597  20.693  54.154 0.1250000000
86855  -17.401  20.028  54.846 0.2500000000
86865  -32.710  20.370  54.285 0.2500000000
86870  -11.399  20.389  52.433 0.1250000000
86879  -9.885  20.990  50.995 0.1250000000
86884  -27.248  20.165  51.984 0.1250000000
86908  -9.509  20.785  48.387 0.1250000000
86915  -40.161  20.674  48.515 0.3750000000
86923  -9.613  20.981  47.628 0.1250000000
86931  -39.977  21.254  48.100 0.3750000000
86933  -41.272  21.228  47.134 0.2500000000
86953  -39.384  21.218  47.505 0.6250000000
86954  -41.292  21.185  46.357 0.1250000000
86955  -41.354  21.631  46.341 0.1250000000
86973  -30.668  20.190  45.424 0.5000000000
86977  -39.867  21.093  44.829 0.1250000000
86993  -33.289  21.032  44.123 0.5000000000
86995  -38.164  20.563  44.087 0.1250000000
86997  -41.138  22.063  44.952 0.2500000000
87093  -47.738  20.383  33.876 0.6250000000
87173  -42.849  20.382  24.714 0.2500000000
87174  -43.785  20.462  24.481 0.2500000000
87594  2.348  20.799  68.987 0.7500000000
87599  -10.743  22.470  67.008 0.5000000000
87601  -12.439  21.739  66.912 0.5000000000
87602  -13.247  21.457  66.762 0.5000000000
87608  -9.281  22.163  66.847 0.5000000000
87626  -9.110  22.029  63.804 0.5000000000
87632  -8.053  21.528  62.640 0.3750000000
87640  -7.849  21.021  61.798 0.3750000000
87648  -5.705  21.580  60.852 0.3750000000
87649  -6.504  21.394  60.574 0.3750000000
87650  -6.920  21.129  59.706 0.2500000000
87654  -18.985  21.940  61.174 0.2500000000
87661  -5.458  21.503  59.503 0.3750000000
87662  -6.174  21.393  59.548 0.3750000000
87667  -19.331  21.728  60.382 0.3750000000
87671  -3.584  21.685  58.361 0.2500000000
87680  -19.272  21.189  59.600 0.3750000000
87685  5.064  21.598  58.461 0.5000000000
87689  -4.726  21.656  57.360 0.1250000000
87694  -9.577  21.378  57.192 0.1250000000
87710  -7.706  21.574  56.272 0.1250000000
87711  -9.146  21.874  56.621 0.1250000000
87712  -13.903  21.579  55.956 0.1250000000
87719  -32.942  20.952  56.704 0.2500000000
87735  -11.682  21.702  54.266 0.1250000000
87753  -10.410  21.461  52.399 0.1250000000
87762  -9.774  21.721  51.389 0.1250000000
87767  -25.863  21.181  51.979 0.1250000000
87779  -9.293  21.523  49.709 0.1250000000
87794  -9.329  21.809  47.466 0.1250000000
87823  -41.246  21.892  46.413 0.2500000000
87839  -32.097  21.791  46.119 0.3750000000
87847  -31.801  20.930  44.782 0.3750000000
87851  -35.617  21.497  44.221 0.3750000000
87855  -41.375  23.024  44.564 0.2500000000
87860  -33.570  21.777  43.999 0.3750000000
87870  -39.170  22.796  43.035 0.1250000000
87892  -35.261  21.999  40.397 0.1250000000
87919  -45.091  22.325  36.200 0.6250000000
88028  -44.021  21.417  24.570 0.2500000000
88427  0.685  22.337  70.001 0.7500000000
88435  -11.011  22.839  66.725 0.5000000000
88437  -2.890  23.193  67.067 0.6250000000
88439  -7.967  23.788  66.510 0.5000000000
88440  -8.729  23.683  66.448 0.5000000000
88442  -11.382  22.673  66.523 0.5000000000
88444  -4.652  23.056  66.247 0.5000000000
88451  -9.884  23.450  65.470 0.5000000000
88452  -10.539  23.333  65.830 0.5000000000
88457  -5.360  22.867  63.365 0.3750000000
88465  -2.909  22.561  62.389 0.3750000000
88471  5.321  23.035  60.911 0.5000000000
88481  -1.699  22.641  60.228 0.3750000000
88482  -3.077  21.832  61.124 0.3750000000
88485  -17.507  23.011  60.944 0.2500000000
88487  -19.085  22.073  60.878 0.3750000000
88492  -14.142  22.514  59.702 0.1250000000
88493  -17.879  23.323  60.489 0.2500000000
88497  -2.868  21.990  58.197 0.5000000000
88499  -12.221  21.968  58.370 0.1250000000
88501  -16.444  23.215  58.695 0.2500000000
88504  -27.706  22.890  59.018 0.1250000000
88505  -28.516  22.522  59.028 0.1250000000
88506  -29.158  22.369  59.054 0.1250000000
88508  -31.294  21.719  58.643 0.2500000000
88515  -10.458  22.673  57.095 0.1250000000
88516  -11.028  22.580  57.474 0.1250000000
88518  -16.127  22.441  58.006 0.2500000000
88520  -26.830  22.767  57.816 0.1250000000
88523  -30.989  22.471  58.253 0.2500000000
88532  -8.747  22.408  56.100 0.1250000000
88544  4.386  23.188  56.065 0.5000000000
88548  -3.118  22.956  55.667 0.2500000000
88549  -4.522  22.393  55.725 0.2500000000
88550  -5.319  22.288  55.530 0.1250000000
88553  -7.629  22.771  55.329 0.1250000000
88555  -13.255  22.007  55.793 0.1250000000
88561  -32.767  21.881  55.861 0.2500000000
88568  -11.504  22.551  54.530 0.1250000000
88571  -26.587  22.390  54.900 0.1250000000
88573  -32.862  22.038  54.907 0.2500000000
88586  -10.073  22.280  52.600 0.1250000000
88590  -33.260  23.230  52.501 0.2500000000
88594  -9.394  22.389  51.095 0.1250000000
88609  -8.763  22.990  49.563 0.1250000000
88618  -9.007  22.014  48.311 0.1250000000
88630  -9.273  22.531  46.934 0.1250000000
88664  -33.115  22.824  46.156 0.3750000000
88665  -41.198  22.592  45.636 0.3750000000
88682  -32.531  22.166  45.530 0.3750000000
88685  -41.081  23.312  45.032 0.3750000000
88694  -32.756  22.126  44.749 0.3750000000
88707  -35.473  22.719  43.761 0.5000000000
88711  -41.071  23.785  43.913 0.1250000000
88765  -45.298  22.345  35.602 0.6250000000
88859  -41.468  22.478  26.131 0.1250000000
88860  -42.275  22.772  25.832 0.2500000000
88881  -44.168  22.307  24.828 0.2500000000
89299  -5.356  25.004  66.360 0.5000000000
89307  -8.830  24.289  65.822 0.5000000000
89325  -6.763  23.664  64.033 0.3750000000
89326  -7.557  23.617  64.132 0.5000000000
89327  -8.301  23.680  64.444 0.5000000000
89334  -0.807  23.440  60.941 0.3750000000
89337  -16.820  24.803  61.189 0.1250000000
89340  0.197  24.085  60.254 0.5000000000
89341  -1.090  23.035  59.711 0.5000000000
89343  -15.608  23.642  60.864 0.1250000000
89349  -1.123  22.943  58.882 0.5000000000
89350  -13.155  23.989  59.341 0.1250000000
89352  -14.543  23.310  60.203 0.1250000000
89357  -1.356  22.934  57.927 0.5000000000
89358  -12.085  23.773  58.344 0.1250000000
89362  -15.898  23.909  58.721 0.1250000000
89365  -26.568  23.696  58.847 0.1250000000
89368  -30.186  22.722  58.589 0.1250000000
89376  -14.525  23.266  57.506 0.1250000000
89378  -26.854  23.084  58.643 0.1250000000
89385  -0.893  23.750  56.653 0.3750000000
89388  -9.136  23.201  56.020 0.1250000000
89390  -10.293  23.406  56.883 0.1250000000
89392  -13.276  23.585  56.650 0.1250000000
89404  -2.666  23.643  54.967 0.2500000000
89406  -6.970  23.010  54.927 0.1250000000
89408  -8.363  23.078  55.551 0.1250000000
89419  -4.935  23.280  54.462 0.2500000000
89421  -6.493  23.540  54.568 0.1250000000
89422  -10.824  23.891  54.271 0.1250000000
89447  -9.337  23.097  51.592 0.1250000000
89463  -26.669  23.673  50.450 0.1250000000
89465  -28.871  23.460  50.064 0.1250000000
89469  -8.754  23.742  49.873 0.1250000000
89479  -28.592  23.265  49.284 0.1250000000
89496  -27.195  23.056  49.153 0.1250000000
89514  -29.958  23.533  47.912 0.1250000000
89526  -34.706  24.088  47.425 0.3750000000
89563  -34.192  23.701  45.145 0.3750000000
89578  -34.924  23.108  43.887 0.3750000000
89598  -39.576  24.597  42.053 0.1250000000
90123  -0.313  24.469  68.855 0.7500000000
90130  -3.086  25.147  67.511 0.7500000000
90132  -6.879  24.798  66.239 0.5000000000
90133  -7.526  24.510  66.245 0.5000000000
90134  -8.125  24.456  66.112 0.5000000000
90141  -6.709  25.023  66.077 0.5000000000
90142  -7.446  24.767  65.984 0.5000000000
90148  -5.254  25.183  65.776 0.5000000000
90152  -8.144  24.516  65.722 0.5000000000
90165  6.222  25.081  61.737 0.5000000000
90170  -15.871  25.455  61.485 0.1250000000
90174  1.198  24.853  60.248 0.5000000000
90175  0.756  24.639  60.797 0.5000000000
90179  -16.053  24.682  61.367 0.1250000000
90180  -16.897  24.986  61.119 0.1250000000
90181  5.956  24.254  59.963 0.5000000000
90184  -12.898  24.789  59.418 0.1250000000
90193  -12.242  24.649  58.727 0.1250000000
90194  -15.465  24.608  58.720 0.2500000000
90197  -25.788  24.804  58.977 0.1250000000
90198  -26.373  24.369  58.918 0.1250000000
90209  -14.665  24.626  58.148 0.1250000000
90213  -28.328  23.829  58.779 0.1250000000
90214  -29.639  24.341  57.550 0.1250000000
90220  -9.409  24.129  56.269 0.1250000000
90221  -9.993  23.985  56.691 0.1250000000
90222  -12.807  24.584  56.661 0.1250000000
90223  -13.336  24.591  57.162 0.1250000000
90226  -30.087  24.922  56.726 0.2500000000
90231  -0.512  24.844  55.461 0.3750000000
90234  -7.661  24.446  55.075 0.1250000000
90237  -12.320  24.563  56.136 0.1250000000
90246  -1.165  25.125  54.582 0.2500000000
90251  -6.323  24.246  54.274 0.1250000000
90263  -10.263  24.314  53.700 0.1250000000
90271  -9.509  24.712  52.476 0.1250000000
90275  -26.697  24.479  51.836 0.1250000000
90283  -8.994  24.434  50.891 0.1250000000
90289  -26.423  24.060  51.090 0.1250000000
90293  -30.900  24.475  51.756 0.1250000000
90305  -25.383  24.189  50.387 0.1250000000
90310  -33.095  25.176  50.897 0.1250000000
90312  -34.750  25.180  50.712 0.2500000000
90328  -8.716  24.536  48.807 0.1250000000
90333  -31.080  24.206  49.050 0.1250000000
90338  -8.844  24.590  47.846 0.1250000000
90339  -9.068  24.638  47.002 0.1250000000
90367  -34.777  24.227  45.549 0.3750000000
90382  -35.893  24.625  44.437 0.3750000000
90408  -40.630  25.264  43.008 0.3750000000
90437  -38.719  24.849  41.315 0.1250000000
90956  0.128  26.018  67.611 0.7500000000
90963  -1.030  25.950  66.907 0.7500000000
90969  -2.651  25.374  66.520 0.7500000000
90977  0.713  26.384  63.674 0.7500000000
90990  -16.167  25.665  61.317 0.1250000000
90991  -16.533  25.349  61.168 0.1250000000
90997  -14.444  26.080  61.392 0.1250000000
90998  -15.318  25.964  61.634 0.1250000000
91000  -16.756  25.267  61.023 0.1250000000
91008  -16.180  25.710  60.569 0.1250000000
91012  1.614  25.385  58.220 0.5000000000
91013  -11.022  25.725  58.176 0.1250000000
91015  -12.382  25.293  59.112 0.1250000000
91016  -14.150  25.796  58.323 0.1250000000
91018  -15.865  25.178  59.524 0.2500000000
91020  -25.345  25.500  59.086 0.1250000000
91026  1.462  25.594  57.300 0.3750000000
91034  -24.261  26.344  58.864 0.1250000000
91036  -25.165  25.106  58.948 0.1250000000
91040  5.581  25.801  56.229 0.5000000000
91041  1.329  25.952  56.376 0.3750000000
91044  -9.433  25.611  56.819 0.1250000000
91045  -11.781  25.896  56.199 0.1250000000
91054  0.412  25.943  55.228 0.3750000000
91061  -11.854  25.135  55.913 0.1250000000
91064  -29.799  25.917  55.654 0.1250000000
91073  -3.361  25.849  53.745 0.2500000000
91089  -10.125  25.201  53.670 0.1250000000
91096  -30.319  25.550  54.042 0.1250000000
91113  -9.163  25.547  51.498 0.1250000000
91120  -24.339  25.561  51.423 0.1250000000
91134  -8.810  25.377  49.195 0.1250000000
91139  -34.940  26.244  49.969 0.1250000000
91153  -36.834  26.417  48.700 0.1250000000
91155  -2.893  25.589  46.881 0.1250000000
91161  -32.990  25.439  47.116 0.1250000000
91164  -37.274  26.798  48.195 0.1250000000
91213  -40.272  26.078  43.031 0.3750000000
91235  -40.410  25.878  42.925 0.1250000000
91268  -37.831  25.035  40.832 0.1250000000
91810  0.087  26.395  67.296 0.7500000000
91815  0.658  26.510  65.884 0.7500000000
91839  -15.052  27.477  62.177 0.1250000000
91840  -15.361  26.695  61.796 0.1250000000
91846  -14.358  26.949  61.715 0.1250000000
91850  -11.948  26.877  59.545 0.1250000000
91863  -24.364  26.693  59.162 0.1250000000
91865  -25.738  26.454  58.782 0.1250000000
91869  2.468  26.549  57.583 0.5000000000
91875  -13.429  26.224  57.822 0.1250000000
91878  -26.548  26.595  58.119 0.1250000000
91882  2.306  26.865  56.825 0.5000000000
91883  1.819  26.573  56.396 0.3750000000
91887  -8.966  26.186  56.803 0.1250000000
91889  -12.269  26.251  56.756 0.1250000000
91892  -27.901  27.032  56.165 0.1250000000
91896  0.866  26.520  55.311 0.3750000000
91897  -4.654  26.795  54.705 0.2500000000
91902  -10.960  26.583  55.316 0.1250000000
91909  5.401  26.219  54.577 0.5000000000
91911  0.366  26.795  54.717 0.3750000000
91913  -1.386  26.799  53.847 0.2500000000
91918  -5.906  26.045  54.669 0.1250000000
91925  -27.978  26.779  55.151 0.1250000000
91933  -9.691  26.449  53.059 0.1250000000
91941  -27.540  26.450  54.325 0.1250000000
91948  -9.471  26.853  52.423 0.1250000000
91958  -9.268  26.272  51.771 0.1250000000
91964  -9.157  26.620  51.016 0.1250000000
91967  -23.568  26.470  50.491 0.1250000000
91971  -9.129  26.761  50.196 0.1250000000
91985  -36.448  26.809  48.903 0.1250000000
92000  -34.278  26.386  47.371 0.1250000000
92002  -35.949  27.418  47.660 0.1250000000
92004  -37.622  27.401  46.371 0.3750000000
92040  -39.732  27.041  43.354 0.2500000000
92041  -40.227  26.547  42.991 0.1250000000
92052  -36.934  27.287  42.289 0.1250000000
92054  -39.848  27.103  42.872 0.2500000000
92070  -39.533  26.541  42.104 0.1250000000
92581  -13.991  28.717  62.361 0.1250000000
92584  -15.331  27.298  61.881 0.1250000000
92591  -15.320  27.865  61.837 0.1250000000
92600  -15.567  27.031  61.411 0.2500000000
92606  -10.388  27.466  58.740 0.1250000000
92609  -13.852  27.546  59.009 0.1250000000
92611  -22.873  28.223  59.278 0.1250000000
92615  -25.382  27.146  58.817 0.1250000000
92618  -5.476  28.219  57.480 0.1250000000
92621  -8.124  27.635  57.687 0.1250000000
92627  -23.207  27.487  59.057 0.1250000000
92630  -26.936  27.256  57.231 0.1250000000
92635  2.105  27.155  56.097 0.5000000000
92639  -7.730  27.249  57.011 0.1250000000
92647  1.708  27.527  55.475 0.3750000000
92651  -4.893  27.663  56.087 0.2500000000
92652  -5.579  27.420  56.195 0.2500000000
92654  -11.156  27.143  55.783 0.1250000000
92661  -27.157  27.480  56.412 0.1250000000
92666  -2.054  27.474  54.051 0.2500000000
92668  -4.048  27.088  54.688 0.2500000000
92676  -27.482  27.258  55.767 0.1250000000
92687  5.476  27.769  53.074 0.3750000000
92725  -36.992  27.123  48.421 0.1250000000
92735  -37.175  27.259  47.871 0.1250000000
92746  -37.382  27.451  46.918 0.1250000000
92762  -38.403  27.833  44.560 0.1250000000
92772  -38.680  27.652  43.877 0.1250000000
92781  -38.970  27.529  42.931 0.1250000000
93267  -14.388  29.204  62.205 0.2500000000
93270  -11.104  29.574  60.952 0.1250000000
93271  -12.065  29.318  61.452 0.1250000000
93274  -14.959  28.529  62.084 0.2500000000
93278  -7.539  29.444  59.475 0.1250000000
93280  -9.560  29.156  59.821 0.1250000000
93289  -6.935  28.833  59.065 0.1250000000
93293  -13.135  28.896  58.717 0.1250000000
93301  -6.477  28.530  58.422 0.1250000000
93307  -24.716  28.900  57.728 0.1250000000
93310  3.069  28.925  56.432 0.5000000000
93312  -5.060  28.044  57.002 0.2500000000
93317  -25.254  28.570  57.064 0.1250000000
93320  1.186  28.048  54.859 0.3750000000
93321  -2.199  28.962  55.402 0.2500000000
93322  -2.911  28.777  55.524 0.2500000000
93323  -3.803  28.181  55.601 0.2500000000
93324  -10.708  28.843  55.079 0.1250000000
93332  0.354  28.288  54.495 0.3750000000
93343  -10.092  28.633  53.630 0.1250000000
93347  -9.673  28.315  52.279 0.1250000000
93348  -9.943  28.821  52.922 0.1250000000
93359  -9.769  28.556  51.070 0.1250000000
93891  -13.798  30.006  62.172 0.1250000000
93892  7.187  30.007  61.498 0.5000000000
93897  -12.898  29.764  62.081 0.1250000000
93901  -7.408  29.984  59.673 0.1250000000
93903  -9.197  29.904  60.262 0.1250000000
93907  4.221  29.959  58.573 0.5000000000
93909  -6.428  29.252  58.855 0.1250000000
93915  -23.647  28.786  59.096 0.1250000000
93919  -12.296  29.850  57.505 0.1250000000
93920  -12.582  29.337  58.131 0.1250000000
93925  5.934  29.360  57.329 0.5000000000
93927  3.343  29.724  56.669 0.5000000000
93929  -5.282  28.644  56.788 0.2500000000
93933  -22.758  30.485  57.209 0.1250000000
93939  -0.118  29.838  55.054 0.3750000000
93956  -0.559  29.300  54.816 0.3750000000
93960  -10.436  29.181  54.248 0.1250000000
93968  -22.858  29.223  53.502 0.1250000000
93970  -9.836  28.732  51.718 0.1250000000
93979  -23.367  29.637  51.189 0.1250000000
94481  6.351  30.805  62.366 0.5000000000
94485  -13.945  30.771  61.857 0.2500000000
94489  -8.066  30.479  59.972 0.1250000000
94501  3.906  30.522  57.868 0.5000000000
94502  -6.547  29.925  58.459 0.1250000000
94503  -6.946  30.792  58.829 0.1250000000
94511  2.740  30.498  56.446 0.3750000000
94512  1.746  30.828  56.233 0.3750000000
94513  0.744  30.970  56.219 0.3750000000
94521  5.660  30.242  55.712 0.3750000000
94524  0.367  30.387  55.554 0.3750000000
94526  -1.422  30.426  55.879 0.2500000000
94531  -2.652  30.475  55.064 0.2500000000
94532  -3.461  30.094  54.639 0.2500000000
94534  -5.700  29.665  54.749 0.2500000000
94544  -5.566  30.495  53.441 0.2500000000
94545  -6.225  30.687  53.639 0.2500000000
94553  -5.144  30.881  52.812 0.2500000000
94555  -10.887  30.829  52.588 0.1250000000
94561  -10.505  29.948  51.273 0.1250000000
94568  -10.447  29.534  50.576 0.1250000000
94602  1.017  30.003  47.917 0.1250000000
95064  6.642  31.469  62.295 0.5000000000
95065  6.213  31.572  62.403 0.5000000000
95069  -12.078  31.470  61.240 0.1250000000
95071  -14.062  31.455  61.024 0.2500000000
95074  -8.140  31.030  59.767 0.1250000000
95077  -12.119  32.164  60.622 0.1250000000
95081  4.224  31.254  59.310 0.5000000000
95083  -7.543  31.264  59.172 0.1250000000
95086  -10.470  32.174  59.544 0.1250000000
95092  1.643  32.032  57.344 0.3750000000
95104  -0.011  31.621  56.945 0.3750000000
95106  -1.335  31.612  56.561 0.3750000000
95107  -6.875  31.020  56.740 0.1250000000
95108  -7.254  31.898  56.684 0.1250000000
95109  -12.144  31.025  56.521 0.1250000000
95110  -12.541  31.746  56.548 0.1250000000
95115  -1.631  31.125  55.977 0.2500000000
95119  -11.904  31.138  55.777 0.1250000000
95125  -2.375  31.250  54.746 0.2500000000
95133  -23.009  32.534  54.744 0.1250000000
95138  -5.857  30.989  52.950 0.2500000000
95145  5.570  31.405  52.303 0.2500000000
95146  -2.688  31.891  52.838 0.2500000000
95150  -6.098  31.630  52.626 0.2500000000
95705  -13.105  32.745  60.227 0.1250000000
95710  1.919  33.180  58.692 0.5000000000
95712  0.025  33.588  58.427 0.5000000000
95717  -13.651  33.172  59.696 0.1250000000
95723  -7.626  32.397  57.695 0.1250000000
95728  -14.280  33.573  58.372 0.1250000000
95733  -7.878  33.204  57.346 0.1250000000
95748  -1.134  32.953  54.903 0.3750000000
95759  -1.291  32.743  53.423 0.2500000000
95762  -6.750  32.711  53.561 0.1250000000
95768  -3.098  32.155  51.868 0.2500000000
95770  -6.228  32.227  52.429 0.2500000000
95772  -13.834  33.106  51.997 0.1250000000
95775  -23.863  33.158  53.024 0.1250000000
95778  -1.720  32.658  51.843 0.2500000000
95779  -3.599  32.398  51.311 0.2500000000
95780  -4.284  32.451  51.191 0.2500000000
95781  -4.982  32.685  51.136 0.1250000000
96388  0.698  34.147  59.152 0.5000000000
96389  -11.976  33.301  58.844 0.1250000000
96390  -13.583  33.656  59.043 0.1250000000
96395  -9.692  33.153  57.603 0.1250000000
96396  -10.749  33.071  57.978 0.1250000000
96399  -14.229  33.931  58.401 0.1250000000
96401  -0.505  33.536  57.255 0.5000000000
96402  -0.958  33.074  56.688 0.5000000000
96404  -8.103  33.907  56.883 0.1250000000
96413  -7.569  33.793  55.934 0.1250000000
96427  0.160  33.689  53.268 0.3750000000
96437  -0.571  33.241  52.728 0.2500000000
96439  -6.509  32.973  52.719 0.1250000000
96441  -15.267  34.645  51.492 0.1250000000
96448  -1.337  33.106  51.274 0.2500000000
96449  -2.072  32.931  50.999 0.2500000000
96450  -5.611  33.218  51.346 0.1250000000
96451  -6.182  33.456  52.057 0.1250000000
96462  -3.354  33.402  50.234 0.1250000000
96476  -2.077  33.447  50.228 0.1250000000
96478  -3.456  33.936  49.788 0.1250000000
97042  2.923  35.595  62.523 0.5000000000
97045  2.442  35.286  62.114 0.5000000000
97049  1.770  34.879  61.199 0.5000000000
97050  1.170  35.104  60.428 0.5000000000
97063  -14.103  34.860  57.562 0.1250000000
97064  -14.423  34.933  57.219 0.1250000000
97069  -7.587  34.646  55.975 0.1250000000
97071  -10.800  34.750  55.837 0.1250000000
97075  -14.676  36.092  54.926 0.1250000000
97078  1.199  34.807  54.130 0.3750000000
97081  -14.669  35.403  54.932 0.1250000000
97086  0.717  34.236  53.701 0.3750000000
97098  -5.896  35.071  51.938 0.1250000000
97102  -15.221  35.249  51.964 0.1250000000
97108  0.928  34.690  51.376 0.1250000000
97110  -0.186  34.157  50.613 0.1250000000
97111  -5.846  34.115  51.596 0.1250000000
97123  0.148  34.730  50.205 0.1250000000
97124  -0.816  33.856  50.345 0.1250000000
97126  -4.762  34.116  50.363 0.1250000000
97137  -0.098  34.972  49.644 0.1250000000
97139  -2.743  34.197  49.453 0.1250000000
97149  -1.962  34.476  49.185 0.1250000000
97713  3.459  35.366  62.525 0.5000000000
97714  3.664  35.956  62.139 0.5000000000
97728  -14.436  35.266  56.513 0.1250000000
97733  -7.424  36.644  56.389 0.1250000000
97734  -7.836  35.790  56.324 0.1250000000
97737  -11.883  35.904  55.431 0.1250000000
97743  1.579  35.495  54.574 0.2500000000
97746  -14.736  36.467  54.183 0.1250000000
97752  -14.832  36.265  53.496 0.1250000000
97756  1.670  35.517  52.338 0.2500000000
97763  -14.780  36.000  52.540 0.1250000000
97777  -15.147  35.300  51.766 0.1250000000
97784  0.958  35.831  50.082 0.1250000000
97785  0.785  35.119  50.592 0.1250000000
97786  -4.559  35.761  50.429 0.1250000000
97797  -1.187  34.590  49.296 0.1250000000
97810  -0.215  35.706  48.757 0.1250000000
97811  -0.821  35.500  48.562 0.1250000000
97824  -1.886  35.697  48.110 0.1250000000
98423  3.471  36.727  61.660 0.5000000000
98428  2.654  37.321  60.928 0.5000000000
98429  1.802  36.689  60.478 0.5000000000
98434  2.405  37.412  57.851 0.3750000000
98436  5.426  37.518  56.724 0.3750000000
98446  -7.135  37.535  56.416 0.1250000000
98452  -14.215  37.129  54.733 0.1250000000
98453  -14.554  36.799  54.550 0.1250000000
98457  -6.309  37.483  55.430 0.1250000000
98463  -5.511  37.466  53.872 0.1250000000
98465  -10.152  37.619  53.252 0.1250000000
98468  -13.820  38.113  53.905 0.1250000000
98475  -5.384  37.090  52.869 0.1250000000
98486  1.714  36.258  51.240 0.1250000000
98506  -4.181  36.135  49.925 0.1250000000
98526  -1.374  36.146  47.742 0.1250000000
99101  3.680  38.814  58.883 0.3750000000
99102  3.070  38.415  58.503 0.3750000000
99105  5.072  38.276  57.550 0.3750000000
99112  -7.128  38.263  56.291 0.1250000000
99117  -12.461  38.600  54.994 0.1250000000
99120  -5.727  38.561  55.021 0.1250000000
99122  -11.925  39.060  55.032 0.1250000000
99126  2.679  37.460  53.809 0.3750000000
99127  -4.792  38.482  53.817 0.1250000000
99129  -5.729  37.880  54.859 0.1250000000
99132  -12.475  38.856  54.465 0.1250000000
99134  -13.987  38.133  54.050 0.1250000000
99139  -4.855  37.911  53.511 0.1250000000
99140  -9.087  38.206  52.781 0.1250000000
99150  -3.930  37.847  50.359 0.1250000000
99157  -3.781  37.424  49.417 0.1250000000
99162  0.708  37.284  48.372 0.1250000000
99163  -3.534  37.398  48.306 0.1250000000
99169  -0.469  37.589  47.203 0.1250000000
99170  -1.234  37.283  47.021 0.1250000000
99172  -3.222  37.546  47.460 0.1250000000
99176  -1.721  37.828  46.644 0.1250000000
99182  2.697  38.000  44.551 0.1250000000
99185  2.990  37.692  43.892 0.1250000000
99663  6.260  38.819  56.406 0.3750000000
99675  -11.074  39.042  55.340 0.1250000000
99682  -11.193  39.146  55.164 0.1250000000
99688  -5.534  38.993  54.669 0.1250000000
99697  6.968  38.337  51.487 0.1250000000
99700  -4.105  38.755  51.738 0.1250000000
99701  -8.412  38.616  51.637 0.1250000000
99711  1.651  38.939  49.165 0.1250000000
99723  0.775  38.755  47.619 0.1250000000
99724  0.217  38.791  46.986 0.1250000000
100260  6.964  40.043  55.193 0.2500000000
100261  4.691  39.791  55.127 0.3750000000
100262  4.020  39.330  54.675 0.3750000000
100270  -7.644  39.572  53.971 0.1250000000
100272  7.530  39.604  53.416 0.1250000000
100276  -5.473  39.494  52.952 0.1250000000
100282  3.302  39.897  51.836 0.1250000000
100285  -4.211  39.415  52.009 0.1250000000
100287  -6.326  39.766  51.979 0.1250000000
100293  2.756  40.057  50.626 0.1250000000
100309  3.721  39.094  46.915 0.1250000000
100310  1.202  39.445  47.855 0.1250000000
100312  -3.200  39.423  47.037 0.1250000000
100316  0.113  39.423  46.566 0.1250000000
100322  -1.002  39.955  45.696 0.1250000000
100323  -1.837  39.845  45.706 0.1250000000
100329  2.596  39.080  44.152 0.1250000000
100337  2.497  39.488  43.061 0.1250000000
100350  1.768  39.946  40.952 0.1250000000
100886  6.340  40.122  55.394 0.3750000000
100887  5.518  40.058  55.397 0.3750000000
100892  7.488  40.971  53.774 0.1250000000
100910  -5.514  40.716  51.141 0.1250000000
100917  -3.556  40.421  49.579 0.1250000000
100924  -3.519  40.380  48.497 0.1250000000
100928  4.675  40.276  47.355 0.1250000000
100931  -3.386  40.289  47.489 0.1250000000
100940  -2.873  40.519  46.256 0.1250000000
100956  2.983  40.460  44.114 0.1250000000
100985  1.753  40.684  41.432 0.1250000000
101560  6.917  41.666  53.794 0.1250000000
101564  5.860  41.956  53.032 0.1250000000
101594  6.633  41.900  47.759 0.1250000000
101603  0.819  41.453  46.037 0.1250000000
101612  3.985  41.376  45.124 0.1250000000
101614  -0.706  41.224  45.187 0.1250000000
101649  2.396  41.608  42.586 0.1250000000
102188  7.340  42.197  52.774 0.1250000000
102189  6.889  42.160  53.230 0.1250000000
102192  6.407  42.425  52.667 0.1250000000
102200  -4.140  42.749  51.346 0.1250000000
102213  7.840  42.973  48.753 0.1250000000
102259  3.320  42.531  43.518 0.1250000000
102268  1.693  42.244  41.594 0.1250000000
102762  -4.147  44.196  51.069 0.1250000000
102767  5.316  44.175  50.078 0.1250000000
102770  -3.833  44.069  50.441 0.1250000000
102785  7.710  44.173  47.269 0.1250000000
102786  7.458  44.052  46.650 0.1250000000
102800  5.650  44.105  44.939 0.1250000000
102801  4.967  43.559  44.706 0.1250000000
103275  7.632  44.783  48.413 0.1250000000
103280  -3.604  45.002  48.677 0.1250000000
103283  7.765  44.623  47.702 0.1250000000
103292  -2.979  44.775  46.121 0.1250000000
103293  -3.259  44.955  46.839 0.1250000000
103295  6.814  44.678  45.672 0.1250000000
103299  -2.622  44.675  45.428 0.1250000000
103310  3.507  44.668  43.352 0.1250000000
103314  2.363  44.597  42.213 0.1250000000
103316  1.873  44.567  41.605 0.1250000000
103762  -4.433  45.613  50.876 0.1250000000
103764  -5.722  46.125  51.056 0.1250000000
103765  -6.587  46.278  50.488 0.1250000000
103767  -7.016  46.046  50.119 0.1250000000
103801  4.522  45.412  44.087 0.1250000000
104272  -4.716  46.440  50.871 0.1250000000
104282  4.929  46.858  48.511 0.1250000000
104292  7.342  46.054  46.481 0.1250000000
104305  5.089  46.833  44.601 0.1250000000
104887  -4.826  48.149  50.250 0.1250000000
105529  -5.061  48.792  49.985 0.1250000000
105530  -5.528  48.658  49.846 0.1250000000
105536  -4.887  49.227  49.615 0.1250000000
105563  4.489  48.834  44.050 0.1250000000
106120  5.000  49.727  48.599 0.1250000000
106124  3.829  49.888  48.456 0.1250000000
107126  4.111  50.979  48.493 0.1250000000
116301  -25.621  8.209  48.918 0.7500000000
116305  -12.984  16.476  60.679 0.5000000000
116454  -14.280  20.215  65.579 0.5000000000
116499  -39.895  19.184  49.560 0.3750000000
116938  -12.631  -5.606  74.839 0.5000000000
116940  -4.083  13.496  70.759 0.7500000000
116958  -16.144  17.367  65.625 0.5000000000
116967  -11.173  16.483  62.846 0.6250000000
117149  2.362  19.259  59.870 0.6250000000
117255  -12.773  17.747  68.788 0.5000000000
117311  -13.008  19.191  60.968 0.3750000000
117315  -10.125  6.283  66.493 1.0000000000
117642  -23.278  28.174  51.791 0.1250000000
117737  -9.228  16.905  64.965 0.6250000000
117891  -22.333  7.731  52.967 0.7500000000
118099  -9.524  16.603  63.518 0.6250000000
118129  -5.884  21.495  60.145 0.3750000000
118173  0.392  35.333  49.850 0.1250000000
118242  -4.397  11.147  74.528 0.8750000000
118721  -3.759  13.188  73.665 0.7500000000
119071  -42.059  11.486  47.893 0.3750000000
119166  -23.628  11.872  52.290 0.5000000000
119188  -25.460  12.725  50.100 0.3750000000
119297  1.312  35.688  50.801 0.1250000000
119723  -15.957  10.341  55.246 0.6250000000
119972  -36.162  15.282  51.213 0.8750000000
120474  -24.755  12.669  52.091 0.5000000000
120617  -3.593  26.658  54.132 0.2500000000
120651  -26.023  23.751  58.316 0.1250000000
120758  -28.381  5.896  61.017 0.2500000000
120770  -16.307  11.558  57.185 0.6250000000
120870  -1.578  24.630  68.403 0.7500000000
121067  -31.458  6.896  64.915 0.8750000000
121186  -43.159  16.667  26.594 0.1250000000
121278  -4.909  21.572  58.018 0.1250000000
121373  -26.499  14.764  56.867 0.3750000000
121486  -9.518  11.003  53.390 0.6250000000
121699  -29.232  8.993  52.257 1.0000000000
121986  -0.618  12.129  66.341 1.0000000000
122143  -30.676  15.887  45.344 0.6250000000
122201  -17.232  23.722  60.975 0.1250000000
122423  6.870  26.874  61.697 0.5000000000
122430  -1.244  23.374  61.591 0.3750000000
122459  -4.014  42.189  51.316 0.1250000000
122466  -15.677  19.605  53.007 0.1250000000
122524  -32.810  22.829  54.162 0.2500000000
122554  -10.354  7.456  55.974 0.7500000000
122957  -36.378  11.081  50.830 1.0000000000
123245  -32.727  19.391  58.274 0.3750000000
123378  -32.521  12.952  46.870 0.7500000000
123427  -13.693  19.376  60.869 0.3750000000
123440  -23.244  14.943  50.959 0.1250000000
123475  -5.691  21.456  58.143 0.1250000000
123501  -28.894  13.808  45.400 0.7500000000
123524  -12.256  22.249  66.075 0.5000000000
123547  -3.104  1.931  74.828 0.5000000000
123722  -15.561  -0.389  61.769 1.0000000000
123954  -28.314  12.135  63.669 1.0000000000
124048  -6.899  18.339  69.012 0.6250000000
124049  -31.629  -3.842  63.048 0.1250000000
124307  -26.730  9.197  66.314 1.0000000000
124402  -18.678  11.302  50.876 0.2500000000
124441  7.462  40.716  51.866 0.1250000000
124623  -26.232  16.680  55.846 0.1250000000
124670  -30.690  10.848  63.936 0.8750000000
124733  -6.249  46.720  49.221 0.1250000000
124870  -14.649  17.432  60.263 0.3750000000
124930  4.080  -5.465  66.115 0.8750000000
124931  -31.032  9.679  53.141 1.0000000000
124991  -3.193  23.626  64.057 0.6250000000
125001  -32.453  9.215  49.101 1.0000000000
125121  -7.719  18.291  70.243 0.6250000000
125195  2.556  38.394  51.818 0.2500000000
125312  -18.143  -2.879  57.959 1.0000000000
125321  -6.936  15.171  68.268 0.6250000000
125521  -21.973  18.047  46.419 0.1250000000
125655  -20.081  -4.595  61.282 1.0000000000
125691  -4.395  -1.386  65.626 0.8750000000
125745  -29.059  15.234  45.388 0.6250000000
125879  3.073  38.057  54.674 0.3750000000
125994  -23.340  27.993  52.534 0.1250000000
126106  -14.703  0.463  69.417 1.0000000000
126298  -8.701  24.264  49.513 0.1250000000
126410  -7.505  19.967  66.500 0.6250000000
126519  -34.592  25.796  50.432 0.1250000000
126599  2.420  36.960  53.184 0.2500000000
126653  -9.553  14.428  58.270 0.6250000000
126817  -14.664  34.993  55.807 0.1250000000
126834  -19.713  8.742  57.144 0.6250000000
127043  -33.297  18.425  57.772 0.3750000000
127062  -7.581  35.609  56.081 0.1250000000
127129  -35.685  12.187  50.338 1.0000000000
127133  -26.369  8.139  49.120 0.8750000000
127191  -24.756  15.175  60.552 0.3750000000
127248  2.510  42.964  42.593 0.1250000000
127766  -12.988  21.258  67.229 0.5000000000
127791  4.165  36.694  60.254 0.5000000000
127839  -13.905  23.115  59.621 0.1250000000
127890  -6.103  29.364  57.857 0.1250000000
127952  -32.044  16.998  55.923 0.3750000000
127957  1.376  28.826  54.980 0.3750000000
127965  -9.585  0.547  64.981 1.0000000000
128046  2.227  46.064  42.028 0.1250000000
128079  -32.432  1.799  63.813 0.2500000000
128094  -0.009  21.600  69.486 0.7500000000
128097  -4.301  23.690  54.176 0.1250000000
128160  -1.529  32.507  54.328 0.3750000000
128196  -6.473  13.119  65.124 0.7500000000
128246  -26.875  20.001  51.488 0.1250000000
128296  -6.158  25.032  66.208 0.5000000000
128388  -5.626  21.723  61.534 0.3750000000
128723  7.577  40.436  53.280 0.1250000000
128945  -13.922  20.349  54.403 0.1250000000
128966  -25.783  19.777  50.549 0.1250000000
129028  -10.609  39.296  55.020 0.1250000000
129130  -31.958  21.451  58.408 0.2500000000
129145  -2.188  4.969  63.432 1.0000000000
129318  5.382  45.983  48.540 0.1250000000
129337  -6.462  14.287  65.089 0.7500000000
129338  -37.739  27.022  46.940 0.1250000000
129480  -6.245  25.183  54.351 0.1250000000
129632  -22.662  29.856  53.747 0.1250000000
129837  -10.082  14.336  55.658 0.6250000000
129849  -32.495  -1.147  69.132 0.7500000000
129891  -29.766  22.266  59.073 0.1250000000
129906  -8.405  20.418  58.818 0.1250000000
129984  -16.076  -1.858  67.066 0.8750000000
130040  -32.601  -0.189  65.264 0.1250000000
130054  2.344  20.012  67.810 0.8750000000
130102  -11.273  30.838  54.298 0.1250000000
130120  -21.266  9.562  53.450 0.6250000000
130187  -6.276  38.495  55.729 0.1250000000
130238  -4.661  34.894  50.240 0.1250000000
130271  -31.339  24.631  52.283 0.1250000000
130398  -15.146  4.058  65.477 1.0000000000
130400  -8.157  24.856  55.447 0.1250000000
130506  3.551  31.007  57.570 0.5000000000
130676  -9.318  24.987  56.392 0.1250000000
130704  -7.145  30.701  59.285 0.1250000000
130916  -2.870  -4.393  81.415 0.1250000000
131045  -2.325  14.909  62.163 0.6250000000
131132  -0.888  1.433  76.578 0.5000000000
131145  -8.034  16.166  68.386 0.6250000000
131219  -22.403  14.777  56.317 0.2500000000
131290  -9.578  38.576  55.832 0.1250000000
131361  -6.199  29.186  58.483 0.1250000000
131378  -36.273  26.026  49.297 0.1250000000
131397  -33.293  25.570  49.232 0.1250000000
131407  -11.487  23.820  57.848 0.1250000000
131515  -5.320  22.421  62.762 0.3750000000
131848  -6.715  31.978  53.770 0.1250000000
131851  0.079  25.304  55.570 0.3750000000
131917  -3.303  23.030  47.789 0.1250000000
132074  -27.296  12.988  46.091 0.6250000000
132115  -2.245  24.072  54.786 0.2500000000
132243  -4.668  -0.231  79.014 0.6250000000
132274  -14.140  19.539  64.786 0.3750000000
132336  -36.129  9.233  59.353 0.6250000000
132403  -5.813  6.808  62.142 1.0000000000
132643  -31.596  -2.644  61.334 0.1250000000
132679  -17.047  11.810  59.481 0.6250000000
132777  3.202  4.714  53.420 0.6250000000
132804  -28.844  17.042  49.660 0.3750000000
133022  2.351  20.503  56.864 0.5000000000
133313  -3.732  21.594  59.801 0.3750000000
133472  -1.880  23.123  56.480 0.3750000000
133764  -3.586  40.434  50.489 0.1250000000
133803  -31.408  20.706  50.783 0.3750000000
133834  -27.963  15.183  45.800 0.3750000000
133965  -5.340  46.496  51.050 0.1250000000
133987  2.051  39.216  49.790 0.1250000000
134110  -12.642  10.842  48.930 0.2500000000
134282  -9.488  27.834  51.963 0.1250000000
134314  -2.790  25.223  53.802 0.2500000000
134452  -14.045  16.877  53.129 0.1250000000
134551  -34.444  23.450  44.423 0.3750000000
134568  -30.719  8.617  49.933 1.0000000000
134599  -32.756  17.771  45.156 0.8750000000
134812  -3.126  19.767  46.900 0.1250000000
134842  1.476  35.886  60.798 0.5000000000
134864  -15.243  11.466  70.931 1.0000000000
135009  -12.247  24.018  55.797 0.1250000000
135014  -13.175  16.521  61.395 0.5000000000
135063  -32.615  -3.601  68.076 0.7500000000
135118  -29.659  8.596  48.217 1.0000000000
135243  -14.259  -2.012  67.049 0.8750000000
135480  -7.139  4.190  60.934 1.0000000000
135494  2.000  36.802  51.686 0.2500000000
135557  -3.449  44.055  47.615 0.1250000000
135605  -6.760  -5.543  64.731 0.1250000000
135803  -3.937  11.074  73.934 0.8750000000
135849  -9.602  17.295  70.227 0.6250000000
135876  5.194  34.076  53.908 0.2500000000
135982  -2.101  30.240  55.615 0.2500000000
136038  -15.695  11.027  71.335 1.0000000000
136359  -21.672  15.162  46.487 0.2500000000
136361  -14.465  2.940  74.826 1.0000000000
136375  -35.691  24.805  46.928 0.3750000000
136424  4.432  35.553  58.092 0.5000000000
136487  -20.334  19.129  63.969 0.3750000000
136504  -7.582  15.981  64.756 0.6250000000
136514  -44.255  21.781  38.476 0.6250000000
136547  -12.628  31.632  50.748 0.1250000000
136700  -40.515  24.983  42.721 0.1250000000
137144  -3.975  13.778  71.511 0.7500000000
137439  -8.435  34.273  56.735 0.1250000000
137493  -9.397  0.687  69.358 1.0000000000
137506  -22.458  15.429  47.353 0.2500000000
137545  -14.560  18.954  62.766 0.3750000000
137583  -20.447  12.987  46.922 0.2500000000
137621  -50.867  16.921  30.648 0.2500000000
137711  -17.816  17.963  66.455 0.5000000000
137722  6.736  30.538  62.360 0.5000000000
137803  -24.162  26.133  51.959 0.1250000000
137863  2.277  40.349  49.463 0.1250000000
137911  -17.174  11.533  59.998 0.6250000000
137944  -12.404  5.739  66.992 1.0000000000
138031  -5.707  24.111  54.028 0.1250000000
138087  -26.574  8.109  66.598 1.0000000000
138138  -22.416  8.331  51.992 0.7500000000
138232  0.605  12.798  64.066 1.0000000000
138271  4.640  8.681  70.600 1.0000000000
138318  -2.270  22.814  62.077 0.5000000000
138330  -6.740  16.253  72.310 0.6250000000
138450  -43.791  23.593  25.705 0.2500000000
138556  -31.457  8.032  58.356 0.3750000000
138575  -22.300  9.438  51.738 0.6250000000
138678  -27.001  14.039  49.431 0.3750000000
138703  -19.788  13.532  58.353 0.3750000000
138721  -9.401  20.493  67.278 0.5000000000
138727  -0.755  -0.030  72.858 0.3750000000
138801  -15.910  6.372  50.851 0.5000000000
138916  -32.519  19.268  44.440 0.6250000000
138955  -14.793  19.261  61.798 0.2500000000
138979  5.546  27.611  54.899 0.5000000000
139049  -28.954  -8.204  71.467 0.5000000000
139115  -27.255  8.338  53.782 0.8750000000
139125  -12.691  17.079  56.255 0.5000000000
139141  -27.102  16.726  59.041 0.2500000000
139198  -29.573  2.533  68.945 1.0000000000
139250  -24.155  7.398  57.351 0.8750000000
139253  -18.276  11.278  51.344 0.2500000000
139336  -37.950  23.926  43.675 0.5000000000
139353  -28.473  17.291  55.355 0.1250000000
139367  -2.242  10.631  59.305 0.7500000000
139423  -4.013  -0.747  67.657 0.8750000000
139430  -9.317  16.964  70.103 0.6250000000
139531  -6.455  33.624  52.550 0.1250000000
139548  -42.993  19.498  33.135 0.1250000000
139580  -14.281  35.100  57.158 0.1250000000
139614  5.228  47.279  44.752 0.1250000000
139729  -16.921  18.375  55.107 0.2500000000
139752  -16.132  -1.336  60.474 1.0000000000
139783  -1.823  42.602  44.566 0.1250000000
139870  -26.254  15.936  60.208 0.3750000000
139874  -11.979  6.451  67.264 1.0000000000
139955  -12.659  -1.185  68.685 0.8750000000
139960  -22.221  -4.061  73.697 0.7500000000
139992  -7.110  39.457  55.044 0.1250000000
140002  -9.614  23.199  66.646 0.5000000000
140022  2.992  27.648  57.178 0.5000000000
140051  -18.115  11.431  52.184 0.3750000000
140109  -29.941  16.539  52.434 0.3750000000
140149  -2.141  20.136  51.628 0.3750000000
140269  -1.065  -6.395  58.760 0.3750000000
140370  -16.587  -1.223  62.416 0.8750000000
140371  4.402  7.636  63.702 0.8750000000
140379  -7.338  18.295  69.951 0.6250000000
140386  -9.707  -3.682  71.434 0.8750000000
140398  2.513  37.828  52.322 0.2500000000
140428  -12.096  5.302  56.495 0.7500000000
140441  5.651  49.177  45.296 0.1250000000
