#!ascii label  , from subject sub-v2s16x51246_ses-1 vox2ras=TkReg
3261
48951  -8.916  -17.037  81.027 0.4444440007
47910  -8.302  -17.718  81.040 0.4444440007
50080  -9.027  -16.254  80.889 0.5555559993
47913  -8.947  -17.918  80.273 0.4444440007
46917  -8.532  -18.779  79.733 0.4444440007
47916  -9.237  -18.368  79.303 0.4444440007
48954  -9.367  -16.948  80.305 0.5555559993
45972  -7.734  -19.999  78.722 0.4444440007
137817  -8.257  -19.519  78.766 0.4444440007
48958  -9.775  -17.539  79.698 0.4444440007
118500  -7.708  -20.276  77.824 0.4444440007
46926  -9.462  -18.660  78.508 0.4444440007
45043  -6.903  -21.804  77.167 0.3333329856
121155  -7.167  -20.989  77.495 0.4444440007
46925  -8.431  -19.630  78.207 0.4444440007
134156  -7.279  -21.184  76.860 0.4444440007
45975  -7.649  -20.580  77.044 0.4444440007
44147  -7.143  -22.383  76.560 0.3333329856
43203  -8.255  -23.483  75.659 0.3333329856
44148  -7.563  -22.860  76.065 0.3333329856
51251  -8.440  -15.853  81.004 0.5555559993
51257  -8.939  -15.545  79.883 0.4444440007
52377  -9.312  -15.466  80.004 0.4444440007
50084  -9.487  -16.107  80.178 0.5555559993
48959  -10.412  -17.240  79.023 0.5555559993
50089  -11.263  -15.834  79.015 0.4444440007
46930  -9.575  -18.874  77.663 0.4444440007
47921  -10.053  -18.286  78.114 0.5555559993
48960  -11.039  -16.710  78.667 0.4444440007
45976  -8.380  -19.937  77.261 0.4444440007
46929  -8.926  -19.387  77.681 0.4444440007
47926  -10.881  -17.576  77.495 0.5555559993
120551  -8.047  -20.355  76.587 0.5555559993
126089  -9.107  -19.375  76.984 0.5555559993
47934  -10.945  -17.765  76.711 0.6666669846
45049  -7.216  -21.645  76.345 0.3333329856
45978  -7.592  -20.919  76.355 0.4444440007
47933  -10.467  -18.321  76.303 0.5555559993
44152  -7.298  -22.156  75.863 0.3333329856
135771  -7.693  -22.436  75.155 0.3333329856
45992  -8.193  -20.686  75.084 0.4444440007
46950  -9.400  -19.430  75.252 0.5555559993
46951  -9.981  -18.898  75.806 0.4444440007
45066  -7.942  -21.488  74.639 0.3333329856
47960  -10.771  -18.703  73.758 0.3333329856
52381  -9.816  -15.346  79.382 0.4444440007
50085  -10.092  -15.992  79.657 0.5555559993
52398  -10.223  -15.080  78.011 0.3333329856
123905  -10.567  -16.417  79.116 0.4444440007
52383  -11.450  -14.650  78.965 0.3333329856
51261  -11.640  -15.004  78.973 0.4444440007
50090  -11.868  -15.600  78.799 0.4444440007
48968  -11.952  -16.465  77.361 0.4444440007
48967  -11.409  -17.180  77.004 0.5555559993
47950  -11.127  -17.878  75.904 0.6666669846
48975  -11.464  -17.422  76.315 0.6666669846
48976  -11.975  -16.902  76.409 0.6666669846
50168  -30.375  -16.491  73.414 0.7777780294
50182  -30.826  -16.253  72.837 0.7777780294
46963  -10.081  -18.922  74.936 0.4444440007
47949  -10.608  -18.374  75.422 0.4444440007
126014  -11.312  -17.939  75.035 0.5555559993
50183  -31.747  -16.829  72.631 0.8888890147
130852  -10.751  -18.477  74.573 0.3333329856
53522  -11.865  -14.041  78.962 0.3333329856
51269  -12.148  -15.075  78.607 0.4444440007
50096  -12.181  -15.756  78.112 0.4444440007
50110  -12.574  -16.309  76.620 0.6666669846
50102  -12.660  -15.789  77.427 0.6666669846
48981  -25.776  -17.735  75.736 0.6666669846
48991  -11.865  -17.359  75.586 0.6666669846
48984  -27.894  -17.968  75.431 0.7777780294
50140  -28.715  -17.083  74.827 0.7777780294
50167  -29.380  -16.502  74.002 0.7777780294
48992  -12.488  -17.140  75.084 0.6666669846
51342  -30.088  -16.015  73.085 0.7777780294
51359  -31.233  -15.947  72.195 0.7777780294
51395  -31.863  -16.116  70.490 0.8888890147
50235  -32.696  -16.717  70.159 0.8888890147
47961  -11.548  -18.130  74.052 0.3333329856
123963  -12.125  -18.106  73.206 0.4444440007
50184  -32.431  -17.162  72.198 0.7777780294
125601  -32.841  -17.130  71.678 0.6666669846
53537  -13.077  -13.835  77.567 0.3333329856
53530  -12.944  -13.820  78.080 0.4444440007
53528  -12.051  -13.914  78.323 0.3333329856
51270  -12.797  -15.210  78.097 0.4444440007
51277  -13.221  -15.286  77.316 0.5555559993
50103  -13.086  -15.797  76.858 0.6666669846
121346  -25.080  -17.874  75.909 0.6666669846
50111  -13.246  -16.096  76.171 0.6666669846
137661  -24.089  -18.945  75.679 0.7777780294
48993  -13.077  -16.826  74.960 0.6666669846
50131  -12.639  -16.683  75.715 0.6666669846
133793  -24.799  -19.141  75.579 0.4444440007
117439  -26.171  -19.205  75.843 0.6666669846
48999  -28.021  -17.087  75.251 0.7777780294
125409  -28.761  -16.614  74.433 0.8888890147
47962  -12.087  -17.593  74.698 0.5555559993
49007  -12.780  -17.238  74.481 0.5555559993
125799  -24.824  -19.416  75.262 0.3333329856
50166  -28.821  -16.358  74.077 0.7777780294
51341  -29.297  -16.102  73.436 0.7777780294
49020  -13.219  -17.279  73.861 0.4444440007
46014  -25.963  -19.717  75.161 0.3333329856
122672  -28.594  -15.955  73.150 0.6666669846
51375  -29.082  -15.393  71.778 0.6666669846
51376  -29.990  -15.379  71.759 0.6666669846
51377  -30.703  -15.502  71.628 0.6666669846
51394  -31.307  -15.602  70.814 0.8888890147
138461  -32.617  -16.624  69.188 0.8888890147
47988  -12.482  -18.115  72.393 0.2222220004
47974  -13.001  -17.635  73.065 0.3333329856
52460  -29.515  -15.191  71.016 0.6666669846
52461  -30.257  -15.171  70.995 0.6666669846
50216  -32.826  -16.856  71.061 0.7777780294
117359  -12.783  -18.192  71.598 0.2222220004
47990  -14.020  -17.763  71.889 0.2222220004
52466  -29.831  -14.901  70.384 0.6666669846
48021  -33.740  -18.648  71.395 0.5555559993
49058  -34.073  -18.292  71.103 0.6666669846
49070  -34.368  -18.223  70.574 0.6666669846
49085  -34.504  -17.967  69.779 0.6666669846
48028  -13.754  -18.363  70.082 0.1111110002
52401  -14.069  -14.363  77.065 0.5555559993
51278  -14.418  -14.907  77.018 0.6666669846
133768  -13.727  -14.914  77.056 0.6666669846
128009  -14.737  -15.822  75.568 0.6666669846
48980  -24.347  -17.357  75.985 0.6666669846
50138  -25.206  -16.352  75.739 0.6666669846
51285  -13.799  -15.480  76.716 0.6666669846
50133  -14.322  -16.224  75.156 0.5555559993
47938  -24.593  -18.462  75.799 0.6666669846
50145  -13.806  -16.650  74.732 0.5555559993
46940  -24.029  -19.388  75.311 0.4444440007
48982  -26.572  -17.499  75.632 0.7777780294
139715  -13.375  -16.990  74.406 0.4444440007
44153  -22.071  -20.845  74.629 0.3333329856
45061  -23.048  -20.421  74.935 0.3333329856
51309  -26.964  -16.239  75.015 0.7777780294
49021  -13.710  -17.271  73.341 0.3333329856
44159  -22.122  -21.112  74.161 0.3333329856
45996  -23.673  -19.992  74.826 0.3333329856
51325  -28.411  -16.154  73.921 0.6666669846
50249  -32.368  -16.196  68.374 0.8888890147
50263  -33.078  -16.421  67.802 0.8888890147
49036  -13.849  -17.498  72.658 0.3333329856
49022  -14.529  -17.127  73.169 0.3333329856
45068  -22.229  -21.129  74.009 0.3333329856
46012  -23.331  -20.145  74.259 0.3333329856
51374  -28.098  -15.638  71.780 0.6666669846
52475  -30.028  -14.674  69.826 0.6666669846
52467  -30.425  -14.964  70.378 0.7777780294
51410  -31.291  -15.468  69.979 0.8888890147
51411  -31.788  -16.060  69.276 0.8888890147
49098  -34.148  -17.329  68.328 0.8888890147
46024  -23.005  -20.250  73.530 0.3333329856
51392  -28.409  -15.394  70.841 0.6666669846
134816  -29.120  -15.089  70.334 0.6666669846
49099  -34.999  -17.537  67.857 0.7777780294
48009  -14.112  -17.994  71.013 0.2222220004
116433  -14.904  -17.908  70.903 0.2222220004
136187  -15.013  -14.441  76.668 0.6666669846
51287  -16.313  -15.183  75.959 0.6666669846
129333  -16.844  -15.489  76.024 0.6666669846
51279  -14.775  -14.303  77.075 0.4444440007
51286  -14.995  -14.832  76.685 0.6666669846
50114  -16.216  -15.739  75.650 0.6666669846
47937  -22.442  -18.678  75.920 0.6666669846
134044  -22.726  -17.066  75.926 0.5555559993
50134  -15.452  -16.180  75.014 0.5555559993
46937  -22.026  -19.393  75.678 0.6666669846
50121  -23.911  -16.334  76.096 0.5555559993
131340  -24.633  -16.452  76.032 0.6666669846
46938  -22.860  -19.461  75.675 0.6666669846
49023  -15.542  -17.000  73.407 0.4444440007
50146  -14.637  -16.582  74.493 0.4444440007
45981  -21.953  -20.222  75.308 0.4444440007
45051  -22.274  -20.541  75.051 0.4444440007
51308  -26.109  -16.182  75.232 0.5555559993
138317  -14.827  -16.831  73.846 0.3333329856
45073  -21.566  -21.438  73.945 0.3333329856
45060  -21.839  -20.967  74.506 0.4444440007
51324  -27.496  -16.196  74.450 0.6666669846
129517  -15.231  -17.262  72.731 0.3333329856
130517  -21.976  -21.840  74.112 0.3333329856
51355  -27.888  -15.896  72.585 0.4444440007
50264  -33.938  -16.533  67.386 0.8888890147
47991  -14.774  -17.710  71.577 0.2222220004
49038  -15.444  -17.542  72.080 0.2222220004
45079  -21.778  -22.050  73.545 0.3333329856
45075  -21.983  -21.937  73.791 0.3333329856
51391  -27.354  -15.805  71.082 0.4444440007
52476  -30.624  -14.804  69.801 0.6666669846
51425  -31.931  -15.526  68.317 0.7777780294
44174  -22.079  -22.534  72.970 0.3333329856
45080  -22.009  -22.314  73.312 0.3333329856
51409  -28.320  -15.218  69.778 0.5555559993
51424  -28.672  -14.848  68.408 0.5555559993
128732  -30.262  -14.574  69.265 0.6666669846
48029  -14.644  -18.140  70.255 0.1111110002
48030  -15.448  -18.064  70.432 0.2222220004
46030  -22.342  -21.443  72.811 0.3333329856
48062  -14.627  -18.561  68.753 0.1111110002
48050  -15.231  -18.309  69.545 0.1111110002
44187  -22.126  -22.980  72.227 0.3333329856
48063  -15.448  -18.520  68.729 0.1111110002
126689  -21.496  -17.563  76.064 0.6666669846
48978  -22.160  -17.703  76.079 0.6666669846
48994  -16.718  -16.328  75.129 0.6666669846
47935  -20.994  -17.860  75.925 0.6666669846
47936  -21.648  -18.360  75.973 0.7777780294
50147  -16.357  -16.627  74.497 0.4444440007
46952  -20.838  -19.211  75.054 0.5555559993
49009  -15.487  -16.674  74.206 0.4444440007
49010  -16.946  -17.000  74.008 0.4444440007
129142  -20.503  -20.087  73.912 0.4444440007
46953  -21.438  -19.678  75.237 0.4444440007
49024  -16.514  -17.223  73.386 0.4444440007
46010  -20.967  -20.495  74.274 0.4444440007
49039  -16.032  -17.366  72.709 0.2222220004
46022  -20.908  -20.959  73.639 0.3333329856
51437  -33.424  -15.464  67.375 0.8888890147
48011  -16.450  -17.740  71.838 0.2222220004
46029  -20.390  -20.547  72.357 0.3333329856
129059  -20.959  -21.383  72.950 0.3333329856
52498  -31.928  -15.134  68.257 0.7777780294
51436  -32.575  -15.614  67.726 0.8888890147
50265  -34.731  -16.508  67.075 0.8888890147
48010  -15.566  -17.798  71.250 0.2222220004
116330  -16.383  -18.106  70.705 0.2222220004
116120  -20.857  -21.569  72.071 0.3333329856
120366  -21.525  -22.183  72.821 0.3333329856
50282  -35.317  -16.336  66.938 0.8888890147
127433  -21.143  -22.274  71.486 0.3333329856
45084  -21.679  -22.616  72.302 0.3333329856
117202  -15.961  -18.286  69.935 0.2222220004
48031  -16.674  -18.476  69.790 0.2222220004
121958  -21.510  -22.822  71.043 0.3333329856
49100  -36.584  -18.805  68.243 0.6666669846
49111  -35.810  -17.453  67.339 0.7777780294
48065  -16.855  -18.678  68.881 0.2222220004
49101  -37.081  -18.885  67.764 0.5555559993
52409  -16.914  -15.093  76.070 0.6666669846
51288  -17.611  -15.414  76.056 0.6666669846
117375  -18.183  -17.071  74.957 0.4444440007
48996  -19.015  -17.450  75.113 0.6666669846
49011  -17.754  -17.308  74.241 0.4444440007
49012  -18.546  -17.603  74.471 0.4444440007
47951  -19.206  -17.974  74.694 0.4444440007
47965  -20.296  -18.789  74.839 0.5555559993
49025  -17.370  -17.467  73.510 0.4444440007
47976  -18.602  -18.291  73.203 0.4444440007
47963  -18.935  -18.144  73.997 0.4444440007
46964  -19.994  -19.375  73.773 0.4444440007
47975  -17.827  -17.882  72.923 0.4444440007
49026  -18.183  -17.751  73.698 0.4444440007
46979  -19.698  -19.288  73.068 0.4444440007
47992  -17.465  -17.969  72.116 0.3333329856
46996  -19.780  -19.715  71.967 0.3333329856
46997  -19.979  -19.874  72.688 0.3333329856
52500  -33.292  -14.864  67.524 0.8888890147
119473  -17.244  -18.174  71.287 0.2222220004
46036  -20.209  -20.390  71.479 0.3333329856
52499  -32.506  -15.122  67.846 0.8888890147
51438  -34.309  -14.621  67.295 1.0000000000
51451  -34.862  -15.382  67.054 0.8888890147
48052  -17.486  -18.731  69.550 0.2222220004
48032  -17.306  -18.474  70.425 0.2222220004
46037  -20.592  -21.110  70.974 0.3333329856
50283  -36.142  -16.667  66.862 0.8888890147
48033  -18.095  -18.798  70.180 0.2222220004
45089  -20.880  -21.825  70.464 0.3333329856
49112  -36.967  -18.056  67.304 0.8888890147
48082  -37.299  -19.049  67.458 0.2222220004
49113  -37.608  -18.682  67.066 0.6666669846
48094  -37.753  -19.071  66.826 0.4444440007
51289  -18.377  -15.598  76.154 0.6666669846
50116  -18.182  -16.074  76.079 0.6666669846
50136  -18.701  -16.672  75.651 0.6666669846
47977  -19.344  -18.723  73.512 0.4444440007
47993  -18.350  -18.387  72.291 0.3333329856
47994  -19.122  -18.766  72.718 0.4444440007
118510  -17.884  -18.335  71.648 0.3333329856
47012  -18.437  -18.608  71.511 0.3333329856
136551  -19.541  -19.233  72.431 0.3333329856
48012  -17.962  -18.542  70.981 0.2222220004
47025  -18.793  -18.938  70.801 0.3333329856
47013  -19.564  -19.531  71.103 0.3333329856
51439  -35.455  -14.475  67.276 1.0000000000
51452  -35.690  -15.477  67.032 0.8888890147
47026  -19.336  -19.522  70.201 0.2222220004
46043  -20.020  -20.174  70.541 0.3333329856
51453  -36.555  -15.795  66.973 0.8888890147
122880  -18.705  -19.160  69.960 0.2222220004
47035  -19.045  -19.567  69.288 0.2222220004
50284  -37.325  -17.135  66.675 0.7777780294
52501  -36.167  -14.154  67.426 1.0000000000
52502  -36.321  -14.584  67.432 0.8888890147
51454  -37.570  -15.792  66.933 0.7777780294
124777  -38.507  -17.562  65.999 0.7777780294
49122  -38.527  -17.744  65.605 0.5555559993
49149  -38.989  -17.135  64.535 0.3333329856
135169  -38.937  -16.940  64.031 0.2222220004
52513  -35.186  -14.147  67.199 0.7777780294
137639  -36.812  -14.237  67.586 1.0000000000
127310  -37.419  -14.216  67.737 1.0000000000
51441  -38.584  -14.514  67.581 0.8888890147
51455  -38.522  -15.582  66.791 0.8888890147
50287  -39.389  -16.216  65.670 0.7777780294
50301  -39.501  -16.416  65.071 0.6666669846
50338  -38.853  -16.248  63.309 0.2222220004
50326  -39.284  -16.544  64.183 0.5555559993
51491  -39.554  -15.819  63.833 0.4444440007
51503  -38.817  -15.628  62.485 0.1111110002
51516  -39.106  -15.074  62.131 0.2222220004
51515  -38.500  -15.400  61.751 0.1111110002
134498  -36.102  -13.831  67.171 0.8888890147
53598  -36.853  -14.019  67.534 1.0000000000
53599  -37.709  -13.829  67.645 1.0000000000
52503  -38.118  -14.144  67.877 1.0000000000
52504  -38.734  -14.030  67.799 0.8888890147
117627  -39.200  -15.832  66.278 0.7777780294
52514  -39.703  -14.653  66.721 0.8888890147
51465  -39.759  -15.724  65.355 0.7777780294
51466  -40.090  -15.261  65.073 0.7777780294
51479  -40.014  -15.363  64.666 0.6666669846
135620  -40.300  -14.912  64.421 0.7777780294
51505  -39.923  -15.097  63.476 0.4444440007
52548  -40.397  -14.696  63.873 0.6666669846
52560  -39.723  -14.750  62.571 0.5555559993
53669  -40.670  -13.633  62.622 0.5555559993
52574  -39.449  -14.401  61.750 0.5555559993
52589  -39.125  -14.045  61.013 0.2222220004
53601  -39.070  -13.528  67.501 1.0000000000
54615  -39.017  -12.931  67.160 1.0000000000
52505  -39.363  -13.988  67.466 1.0000000000
52515  -40.282  -14.329  66.153 0.8888890147
123593  -40.175  -12.888  67.008 1.0000000000
52539  -40.782  -14.076  64.915 0.8888890147
53616  -41.025  -13.171  65.761 0.8888890147
131565  -40.755  -14.208  64.320 0.8888890147
53631  -41.183  -13.431  65.123 0.8888890147
53670  -41.249  -13.190  63.084 0.6666669846
53656  -41.305  -13.427  63.904 0.8888890147
53681  -39.759  -13.673  61.402 0.4444440007
53700  -40.034  -12.914  61.092 0.5555559993
53600  -38.472  -13.781  67.679 1.0000000000
54616  -39.583  -12.622  67.103 1.0000000000
54629  -40.709  -12.729  66.412 1.0000000000
135270  -41.422  -12.857  65.276 1.0000000000
54645  -41.747  -12.187  65.058 1.0000000000
54658  -41.907  -12.182  64.442 0.8888890147
54667  -41.672  -12.683  63.503 0.7777780294
53683  -41.005  -12.875  62.287 0.6666669846
55644  -41.749  -11.714  62.544 0.7777780294
54704  -40.319  -12.174  60.744 0.5555559993
119547  -39.456  -11.839  66.779 1.0000000000
54617  -40.216  -12.178  66.933 1.0000000000
56578  -40.548  -10.497  66.408 1.0000000000
54631  -41.651  -11.815  65.414 1.0000000000
55615  -42.161  -11.478  64.648 1.0000000000
54679  -41.977  -11.980  63.188 0.7777780294
55653  -40.937  -11.792  61.354 0.5555559993
56630  -41.855  -11.082  62.406 0.6666669846
55665  -40.612  -11.302  60.738 0.6666669846
57588  -40.355  -8.845  66.403 1.0000000000
59598  -40.012  -7.430  66.403 1.0000000000
56619  -42.770  -10.275  63.738 1.0000000000
122218  -42.323  -10.833  64.979 1.0000000000
56631  -42.214  -10.405  62.670 0.7777780294
56642  -41.611  -10.668  61.877 0.6666669846
55645  -42.188  -11.187  63.037 0.7777780294
56650  -40.567  -10.381  60.494 0.6666669846
56651  -41.069  -10.593  61.185 0.6666669846
60600  -40.204  -6.873  66.406 0.8888890147
57603  -41.895  -9.087  65.618 1.0000000000
58648  -41.521  -8.217  65.858 1.0000000000
57647  -42.914  -9.634  63.753 0.8888890147
58661  -42.847  -8.504  64.743 1.0000000000
59626  -42.880  -7.647  64.595 1.0000000000
57664  -42.409  -9.509  62.757 0.7777780294
57646  -42.803  -9.046  63.435 0.8888890147
120704  -43.065  -8.227  63.806 0.8888890147
57675  -41.918  -9.821  62.099 0.7777780294
58711  -42.088  -8.967  62.239 0.7777780294
57685  -40.514  -9.423  60.403 0.5555559993
57686  -41.019  -9.802  61.020 0.6666669846
57697  -40.016  -9.972  59.714 0.5555559993
59676  -40.640  -8.502  60.356 0.5555559993
58743  -40.094  -8.829  59.771 0.4444440007
61725  -40.483  -5.600  57.681 0.2222220004
63707  -41.565  -3.759  57.686 0.3333329856
62730  -40.796  -4.825  57.229 0.2222220004
62741  -40.949  -4.235  56.939 0.3333329856
60616  -40.267  -6.299  66.363 1.0000000000
125186  -40.648  -5.982  66.317 1.0000000000
61624  -41.476  -5.567  65.769 1.0000000000
59625  -42.490  -7.707  65.166 1.0000000000
60635  -42.442  -6.316  64.785 1.0000000000
129803  -42.791  -6.923  64.421 1.0000000000
60648  -42.729  -6.158  64.237 1.0000000000
59643  -42.911  -7.393  63.590 1.0000000000
121705  -42.899  -6.725  63.934 1.0000000000
57674  -41.494  -9.191  61.542 0.6666669846
58710  -41.804  -8.401  61.751 0.6666669846
59654  -42.637  -7.271  62.828 0.7777780294
121703  -40.930  -9.020  60.928 0.6666669846
59665  -41.811  -7.615  61.521 0.6666669846
59666  -42.290  -7.059  62.020 0.7777780294
117541  -42.717  -1.831  61.205 0.8888890147
65671  -42.555  -1.085  61.253 0.8888890147
135073  -40.366  -7.936  59.745 0.5555559993
139698  -40.868  -7.792  60.314 0.6666669846
63682  -42.407  -3.535  59.519 0.5555559993
118873  -42.681  -2.482  60.621 0.6666669846
65679  -42.572  -1.569  60.510 0.7777780294
58742  -39.821  -8.225  59.139 0.1111110002
62712  -42.273  -4.088  59.418 0.3333329856
64668  -42.502  -2.821  59.674 0.4444440007
59705  -39.615  -7.719  58.514 0.2222220004
60702  -40.578  -6.669  59.097 0.2222220004
135149  -40.983  -5.548  58.395 0.3333329856
62711  -41.978  -4.340  59.024 0.3333329856
63695  -42.113  -3.749  58.855 0.3333329856
65688  -42.465  -2.027  59.807 0.6666669846
66697  -42.401  -0.718  60.475 0.8888890147
60712  -40.491  -6.210  58.402 0.2222220004
61726  -41.195  -4.921  57.971 0.3333329856
62722  -41.714  -4.197  58.269 0.3333329856
64684  -41.951  -2.564  58.287 0.3333329856
64685  -42.277  -2.341  59.048 0.5555559993
128015  -41.847  -3.344  58.110 0.3333329856
64698  -41.590  -2.691  57.386 0.3333329856
61622  -40.467  -5.618  66.175 1.0000000000
62638  -41.721  -4.813  65.368 1.0000000000
61660  -42.746  -5.447  64.077 1.0000000000
131164  -42.771  -6.428  63.222 0.8888890147
60668  -42.571  -6.557  62.469 0.7777780294
63657  -42.779  -3.210  61.178 0.7777780294
65664  -42.739  -1.561  61.966 0.8888890147
59677  -41.345  -7.314  60.691 0.6666669846
61699  -42.110  -5.801  60.767 0.6666669846
62684  -42.724  -3.968  60.888 0.5555559993
60690  -41.494  -6.497  60.313 0.5555559993
116614  -42.426  -4.823  60.668 0.5555559993
62695  -42.506  -4.093  60.063 0.5555559993
63667  -42.642  -3.362  60.312 0.6666669846
66688  -42.356  -0.099  61.302 0.8888890147
59692  -40.176  -7.420  59.128 0.2222220004
59693  -40.801  -7.115  59.850 0.3333329856
61709  -41.681  -5.665  59.792 0.4444440007
61710  -42.132  -4.770  59.706 0.3333329856
124650  -42.137  0.164  60.333 0.8888890147
60713  -41.078  -5.932  59.036 0.3333329856
61716  -41.580  -5.059  58.875 0.3333329856
128531  -42.380  -1.240  59.801 0.7777780294
66707  -42.084  -0.436  59.720 0.8888890147
65704  -41.909  -1.647  58.514 0.5555559993
66717  -41.989  -0.993  59.133 0.6666669846
65721  -41.675  -1.977  57.770 0.3333329856
64713  -41.278  -2.288  56.324 0.2222220004
65736  -41.467  -1.769  57.022 0.2222220004
127270  -41.370  -1.365  56.208 0.2222220004
62622  -40.334  -4.949  65.870 1.0000000000
136735  -40.826  -3.924  65.504 1.0000000000
122086  -41.638  -4.072  65.246 1.0000000000
126547  -42.799  -4.175  64.153 1.0000000000
61682  -42.769  -5.402  63.107 0.8888890147
63658  -42.785  -3.770  61.723 0.8888890147
62674  -42.730  -4.985  62.349 0.7777780294
61692  -42.521  -5.358  61.587 0.6666669846
64649  -42.808  -3.173  61.916 0.8888890147
129654  -42.170  -0.286  62.720 1.0000000000
139194  -42.323  0.051  62.099 0.8888890147
67751  -42.172  0.704  61.813 0.8888890147
67762  -42.108  0.850  60.957 0.8888890147
67774  -41.806  0.395  59.528 0.7777780294
68852  -42.075  1.778  60.705 0.8888890147
66716  -41.643  -0.673  58.403 0.5555559993
68861  -41.925  1.992  59.734 0.7777780294
69917  -42.246  2.912  59.808 0.8888890147
137920  -41.478  -0.048  58.398 0.4444440007
68872  -41.549  1.505  58.174 0.6666669846
69916  -41.798  2.089  58.837 0.7777780294
69931  -42.227  2.706  58.711 0.7777780294
66733  -41.348  -0.290  56.952 0.2222220004
117643  -41.380  0.007  57.765 0.3333329856
69945  -42.341  2.531  57.712 0.6666669846
70972  -42.858  3.328  58.546 0.7777780294
119727  -41.398  0.052  55.617 0.2222220004
66749  -41.361  -0.481  56.199 0.2222220004
67821  -41.364  0.334  56.370 0.3333329856
62636  -40.232  -4.078  65.550 1.0000000000
64599  -40.316  -2.691  65.103 1.0000000000
136173  -40.191  -2.088  64.820 1.0000000000
65625  -41.264  -2.313  64.777 1.0000000000
64601  -41.439  -2.973  64.984 1.0000000000
65637  -41.005  -1.563  64.499 1.0000000000
63629  -42.562  -3.526  64.325 1.0000000000
65638  -41.827  -1.835  64.296 1.0000000000
66643  -41.529  -1.041  64.058 1.0000000000
63630  -42.917  -3.635  63.639 0.8888890147
63642  -42.948  -3.370  63.011 0.8888890147
64628  -42.513  -2.232  63.858 1.0000000000
118065  -42.232  -1.445  63.687 1.0000000000
66661  -41.203  -0.278  63.758 1.0000000000
62665  -42.968  -4.013  63.053 0.8888890147
63649  -42.859  -3.565  62.449 0.8888890147
134778  -42.656  -1.934  63.274 0.8888890147
65651  -42.480  -1.220  62.851 0.8888890147
62675  -42.821  -4.231  62.364 0.7777780294
67735  -41.994  0.492  62.451 1.0000000000
69872  -41.244  1.825  62.171 1.0000000000
68823  -41.858  1.282  62.132 0.8888890147
123260  -41.896  2.519  61.243 0.8888890147
120532  -41.765  3.488  61.223 1.0000000000
129933  -42.106  2.553  60.492 0.8888890147
70946  -42.561  4.105  60.480 1.0000000000
71941  -42.683  4.881  60.392 1.0000000000
72894  -43.189  5.385  59.905 1.0000000000
68903  -41.457  1.041  56.735 0.3333329856
68882  -41.699  1.719  57.344 0.5555559993
70947  -43.078  4.578  60.099 1.0000000000
71942  -43.472  5.122  59.909 1.0000000000
68904  -41.893  1.568  56.414 0.4444440007
120272  -42.953  2.593  57.046 0.6666669846
133542  -43.089  3.024  57.812 0.6666669846
70959  -43.522  4.312  59.426 1.0000000000
71953  -44.028  5.047  59.538 1.0000000000
67840  -41.633  0.312  55.148 0.2222220004
68928  -41.634  0.817  55.830 0.2222220004
69946  -43.872  2.996  57.636 0.8888890147
136947  -42.108  0.757  54.961 0.2222220004
136641  -42.356  0.444  54.224 0.2222220004
65623  -39.885  -1.713  64.560 1.0000000000
65636  -40.316  -1.428  64.493 1.0000000000
128595  -39.884  -1.076  64.267 1.0000000000
66640  -39.859  0.025  63.663 1.0000000000
67702  -40.441  -0.079  63.775 1.0000000000
68809  -40.569  1.160  62.941 1.0000000000
68822  -41.329  0.957  62.681 1.0000000000
69853  -39.641  2.020  62.606 1.0000000000
68821  -40.397  1.901  62.512 1.0000000000
125853  -41.795  1.964  61.795 1.0000000000
69871  -40.756  2.682  61.945 1.0000000000
69888  -41.166  3.487  61.448 1.0000000000
70922  -41.637  4.199  61.131 1.0000000000
71931  -42.063  4.743  60.831 1.0000000000
72879  -42.410  5.055  60.391 1.0000000000
71943  -43.879  5.394  59.482 1.0000000000
123798  -42.261  2.147  56.886 0.6666669846
69962  -42.783  2.045  56.218 0.6666669846
70960  -44.297  4.465  59.057 1.0000000000
71954  -44.504  5.185  59.031 1.0000000000
68930  -43.177  1.638  55.475 0.3333329856
69981  -43.621  1.977  55.950 0.5555559993
69964  -44.541  2.498  57.077 0.5555559993
69947  -45.091  3.007  58.036 0.8888890147
70961  -44.962  4.427  58.642 1.0000000000
67855  -42.923  0.836  54.447 0.2222220004
68949  -43.549  1.215  54.875 0.4444440007
68931  -44.164  1.612  55.436 0.4444440007
69965  -45.512  2.294  57.632 0.6666669846
67875  -43.049  0.323  53.667 0.2222220004
67857  -44.800  0.687  54.447 0.4444440007
67858  -45.583  0.549  54.716 0.4444440007
67822  -46.167  1.071  56.643 0.5555559993
133303  -45.820  1.653  57.176 0.6666669846
67878  -45.254  0.218  54.112 0.3333329856
67859  -46.318  0.171  55.037 0.2222220004
65793  -46.299  -1.809  53.317 0.2222220004
126686  -39.463  -1.252  64.034 1.0000000000
66660  -39.679  -0.518  63.893 1.0000000000
67717  -39.251  0.433  63.193 1.0000000000
67718  -39.510  0.622  63.248 1.0000000000
68808  -39.514  1.342  62.938 1.0000000000
68807  -39.165  1.251  62.876 1.0000000000
69870  -40.001  2.712  62.210 1.0000000000
70906  -39.752  3.286  61.856 1.0000000000
71913  -40.833  4.245  61.161 1.0000000000
71928  -40.444  4.284  60.737 1.0000000000
71929  -41.271  4.682  60.732 1.0000000000
71939  -40.778  4.563  60.091 0.8888890147
71940  -41.746  5.077  60.103 1.0000000000
72919  -42.914  5.571  59.199 1.0000000000
72906  -42.194  5.256  59.403 1.0000000000
72907  -43.739  5.645  59.189 1.0000000000
118123  -44.256  5.844  58.542 1.0000000000
72908  -44.799  5.654  58.427 1.0000000000
72909  -45.399  5.335  58.070 1.0000000000
69948  -46.018  2.637  58.201 0.8888890147
71956  -45.794  4.678  58.087 1.0000000000
68907  -46.514  1.275  57.648 0.6666669846
68906  -46.293  1.899  58.015 0.6666669846
70976  -46.132  3.793  58.161 1.0000000000
72910  -45.960  5.241  57.634 1.0000000000
66780  -46.474  -0.591  54.506 0.3333329856
66764  -46.880  -0.506  55.654 0.3333329856
67843  -46.516  0.378  56.131 0.3333329856
68883  -46.814  1.509  58.087 0.6666669846
128247  -46.294  3.002  58.234 0.8888890147
70977  -46.849  3.123  58.067 1.0000000000
65779  -46.461  -1.221  53.906 0.2222220004
65768  -46.947  -1.295  54.709 0.2222220004
66750  -46.954  -0.062  56.844 0.5555559993
67801  -47.037  0.862  57.962 0.5555559993
69949  -47.337  2.214  58.040 0.7777780294
64739  -46.649  -2.642  53.434 0.2222220004
63750  -47.204  -2.785  54.226 0.2222220004
65769  -47.295  -2.117  54.864 0.3333329856
66751  -47.244  -0.928  57.118 0.5555559993
66734  -47.258  -0.014  57.811 0.6666669846
63749  -46.947  -3.542  53.666 0.2222220004
67734  -38.806  0.848  62.508 1.0000000000
68820  -39.134  1.985  62.649 1.0000000000
123333  -38.843  2.482  62.123 1.0000000000
69868  -39.128  3.120  61.828 1.0000000000
70919  -39.606  3.612  61.475 1.0000000000
130080  -40.055  4.092  60.134 0.8888890147
71938  -40.219  3.948  59.233 0.8888890147
127268  -40.991  4.550  59.325 0.8888890147
71952  -41.514  4.815  58.961 0.8888890147
72920  -43.571  5.771  58.444 1.0000000000
116557  -44.171  5.990  57.757 1.0000000000
72921  -44.730  5.991  57.957 1.0000000000
117438  -45.451  5.972  56.139 1.0000000000
121226  -46.118  5.816  56.259 1.0000000000
71966  -46.533  4.340  57.626 1.0000000000
71974  -46.481  5.121  57.062 1.0000000000
70986  -47.318  3.736  57.215 1.0000000000
67802  -47.484  0.512  58.054 0.6666669846
63739  -47.390  -3.782  54.477 0.2222220004
129968  -47.741  -3.545  56.248 0.5555559993
64699  -47.756  -2.298  57.672 0.6666669846
128760  -47.710  0.900  58.037 0.7777780294
63708  -48.131  -3.221  57.681 0.5555559993
72918  -42.066  5.133  58.556 1.0000000000
134084  -42.663  5.366  58.037 0.8888890147
116289  -43.279  5.550  57.366 0.8888890147
72931  -43.909  5.757  56.664 0.8888890147
72932  -44.902  6.064  57.051 1.0000000000
118398  -45.210  5.707  55.180 0.8888890147
72962  -46.585  5.505  54.851 0.8888890147
72948  -46.679  5.551  55.590 1.0000000000
135702  -47.494  2.918  57.544 1.0000000000
66736  -48.009  -0.641  58.324 0.7777780294
68886  -48.186  0.918  57.763 0.8888890147
62732  -48.313  -4.024  57.167 0.5555559993
64687  -48.127  -2.559  58.058 0.6666669846
62743  -48.489  -5.072  56.693 0.5555559993
72935  -47.159  5.126  55.670 1.0000000000
71976  -47.670  3.995  56.110 1.0000000000
72963  -47.156  5.243  54.955 1.0000000000
124981  -48.581  -0.984  57.882 0.8888890147
69966  -48.461  2.519  56.182 0.8888890147
62734  -49.222  -5.041  56.811 0.7777780294
65723  -48.741  -1.885  57.938 0.8888890147
139271  -49.070  -0.643  57.390 0.8888890147
133149  -49.121  -6.213  56.426 0.7777780294
71013  -48.366  3.666  54.688 1.0000000000
71988  -47.905  4.184  55.182 1.0000000000
69984  -48.922  2.049  55.362 0.8888890147
62744  -50.064  -5.005  56.237 0.7777780294
62735  -49.776  -4.265  56.791 0.7777780294
66752  -49.608  -0.480  56.653 1.0000000000
62753  -50.627  -4.721  55.255 0.7777780294
69983  -48.687  2.906  55.062 0.7777780294
68951  -49.504  1.543  54.894 0.7777780294
126557  -50.177  -1.987  56.577 0.7777780294
66753  -50.440  -0.798  55.852 0.8888890147
63723  -50.941  -3.226  55.679 0.8888890147
64724  -51.195  -2.250  55.273 0.8888890147
70001  -49.066  2.300  54.556 0.7777780294
67844  -49.882  0.837  55.229 0.7777780294
67861  -50.824  0.406  53.849 0.6666669846
65754  -51.074  -1.201  55.200 0.7777780294
66781  -51.026  -0.041  54.316 0.6666669846
66782  -51.386  -0.689  54.447 0.8888890147
65780  -51.891  -1.062  53.792 0.6666669846
65770  -51.607  -1.626  54.488 0.7777780294
64734  -52.076  -2.077  53.741 0.6666669846
63768  -52.479  -2.722  52.449 0.4444440007
64748  -52.760  -2.210  51.949 0.2222220004
65803  -52.814  -1.609  51.496 0.2222220004
64761  -52.748  -2.076  51.358 0.3333329856
123420  -52.758  -1.648  50.379 0.3333329856
64783  -52.734  -2.014  49.638 0.3333329856
68968  -50.213  0.947  53.785 0.6666669846
67860  -50.116  0.974  54.413 0.7777780294
67880  -50.812  0.369  53.305 0.5555559993
67881  -51.324  0.007  53.162 0.5555559993
67862  -51.433  -0.228  53.737 0.6666669846
66795  -51.939  -0.538  53.112 0.5555559993
66808  -51.829  -0.182  52.554 0.5555559993
65781  -52.453  -1.554  53.003 0.4444440007
66796  -52.419  -0.756  52.489 0.3333329856
66809  -52.696  -0.820  51.882 0.3333329856
66820  -52.756  -0.756  51.295 0.3333329856
65815  -52.803  -1.374  50.860 0.3333329856
64784  -52.779  -1.738  49.917 0.4444440007
132229  -52.840  -1.778  49.241 0.3333329856
68980  -49.410  1.346  52.946 0.6666669846
67879  -50.169  0.817  53.286 0.6666669846
67893  -50.854  0.246  52.928 0.5555559993
67894  -51.276  0.011  52.846 0.5555559993
127027  -52.021  -0.002  52.088 0.5555559993
66819  -52.378  -0.106  51.648 0.4444440007
66833  -52.790  -0.626  50.678 0.4444440007
128589  -52.834  -1.225  50.156 0.4444440007
65830  -52.850  -1.588  49.475 0.4444440007
67892  -49.892  0.336  52.615 0.6666669846
66806  -50.679  -0.120  52.374 0.5555559993
66807  -51.448  -0.083  52.379 0.5555559993
66817  -50.841  -0.346  51.703 0.5555559993
66818  -51.862  0.114  51.811 0.5555559993
66832  -51.603  0.113  51.276 0.4444440007
67921  -51.988  0.792  50.677 0.5555559993
67909  -52.553  0.036  51.041 0.4444440007
67923  -52.667  0.211  50.371 0.4444440007
66853  -52.874  -0.492  49.926 0.3333329856
121969  -53.007  -1.153  49.248 0.4444440007
138835  -53.063  -1.598  48.618 0.4444440007
64796  -53.054  -1.821  48.471 0.4444440007
69011  -52.158  1.916  49.739 0.4444440007
133609  -53.256  -1.194  48.198 0.3333329856
127461  -53.365  -0.359  47.845 0.3333329856
119130  -53.820  -0.535  45.953 0.2222220004
128763  -51.936  -0.175  45.253 0.2222220004
135684  -50.899  1.044  44.848 0.2222220004
67998  -50.775  0.288  44.930 0.2222220004
70052  -52.279  2.274  49.361 0.3333329856
69013  -52.764  1.411  49.440 0.3333329856
69019  -53.063  1.604  48.641 0.3333329856
126112  -52.822  0.466  49.670 0.2222220004
67939  -53.084  0.613  48.766 0.3333329856
67951  -53.369  0.645  47.700 0.3333329856
67966  -53.711  -0.263  46.798 0.2222220004
128381  -54.121  -1.582  45.928 0.2222220004
67980  -53.745  0.030  46.148 0.2222220004
67990  -53.321  0.236  45.748 0.2222220004
68000  -52.740  1.352  45.275 0.2222220004
69061  -52.556  2.006  44.966 0.2222220004
137155  -52.748  0.444  45.431 0.2222220004
67999  -51.883  1.114  45.048 0.2222220004
135547  -51.849  2.021  44.720 0.2222220004
69060  -50.939  1.665  44.677 0.2222220004
69012  -52.405  1.781  49.650 0.3333329856
136071  -53.303  1.583  47.558 0.2222220004
69040  -53.439  1.035  46.246 0.2222220004
126632  -53.039  1.397  45.527 0.2222220004
135420  -52.917  2.002  45.225 0.2222220004
70103  -51.112  2.562  44.414 0.2222220004
124486  -50.215  1.062  44.510 0.2222220004
129893  -52.163  2.788  49.002 0.2222220004
70058  -52.975  2.549  48.399 0.2222220004
70063  -51.895  3.440  48.498 0.2222220004
71084  -52.668  3.337  48.368 0.2222220004
71085  -53.103  3.123  47.913 0.2222220004
70064  -53.260  2.385  47.284 0.2222220004
71092  -53.234  3.139  47.057 0.2222220004
120590  -53.365  1.562  46.665 0.2222220004
70074  -53.283  2.230  46.165 0.2222220004
69053  -53.120  1.679  45.611 0.2222220004
70088  -53.140  2.629  45.387 0.2222220004
132378  -53.170  3.303  45.208 0.2222220004
69052  -52.991  2.263  45.237 0.2222220004
70105  -52.836  2.690  44.930 0.3333329856
70104  -52.230  2.688  44.630 0.2222220004
135552  -52.926  3.605  47.832 0.2222220004
72073  -53.039  3.948  47.162 0.3333329856
72088  -53.092  4.196  46.381 0.3333329856
71099  -53.274  3.332  46.019 0.2222220004
71120  -53.071  3.003  45.012 0.2222220004
71143  -52.639  3.953  44.499 0.3333329856
71142  -52.517  3.395  44.565 0.2222220004
71141  -51.779  3.403  44.214 0.2222220004
70120  -50.711  3.256  43.935 0.2222220004
71152  -50.043  3.640  43.395 0.2222220004
125478  -49.237  4.172  40.997 0.2222220004
73112  -49.645  5.406  40.360 0.2222220004
72072  -52.030  4.803  47.545 0.2222220004
136123  -52.583  4.673  47.147 0.2222220004
73057  -51.441  5.992  46.581 0.2222220004
73067  -52.051  6.036  46.147 0.3333329856
72087  -52.854  4.826  46.144 0.3333329856
73924  -50.744  7.098  45.735 0.2222220004
73068  -52.562  5.482  45.764 0.3333329856
72109  -52.887  4.654  45.183 0.3333329856
73925  -51.525  6.664  45.891 0.3333329856
73926  -52.284  6.103  45.348 0.3333329856
73082  -52.614  5.329  44.824 0.3333329856
73081  -52.455  6.020  44.485 0.3333329856
73089  -52.492  5.197  44.128 0.3333329856
71154  -52.245  4.110  44.126 0.3333329856
71153  -51.259  4.154  43.597 0.2222220004
138032  -51.934  5.599  43.149 0.3333329856
72143  -51.296  5.005  42.987 0.2222220004
72142  -50.215  4.438  42.895 0.2222220004
73098  -51.273  5.762  42.545 0.3333329856
71160  -49.420  3.748  42.584 0.2222220004
72149  -49.469  4.464  42.024 0.2222220004
73106  -49.627  5.187  41.293 0.2222220004
73980  -50.518  6.822  39.671 0.2222220004
73981  -50.980  6.848  38.853 0.2222220004
129829  -51.721  7.100  38.472 0.2222220004
74900  -51.425  7.836  39.007 0.2222220004
75909  -53.456  8.448  37.524 0.2222220004
74846  -51.344  7.407  45.224 0.3333329856
73940  -52.049  6.765  44.982 0.3333329856
73088  -52.377  5.943  43.684 0.3333329856
72133  -52.121  4.961  43.670 0.3333329856
73099  -52.040  6.334  43.009 0.3333329856
73107  -50.492  5.900  41.789 0.3333329856
73964  -50.804  6.649  41.415 0.3333329856
73963  -49.942  6.052  40.899 0.3333329856
73971  -50.424  6.742  40.650 0.2222220004
74884  -51.015  7.280  41.206 0.3333329856
74893  -50.963  7.729  39.650 0.2222220004
75907  -51.809  9.113  39.105 0.2222220004
74901  -52.191  7.855  38.368 0.2222220004
75908  -52.634  8.775  38.203 0.2222220004
77016  -54.344  9.715  35.922 0.2222220004
128299  -54.182  8.952  36.715 0.2222220004
136892  -52.303  6.629  44.246 0.3333329856
73950  -52.264  6.994  43.692 0.3333329856
73957  -52.088  7.315  42.965 0.3333329856
73956  -51.442  6.575  42.299 0.3333329856
74892  -50.874  7.539  40.556 0.3333329856
127056  -51.373  8.609  39.703 0.2222220004
76977  -52.759  10.817  38.494 0.2222220004
76990  -52.359  10.051  38.793 0.2222220004
78010  -53.398  11.409  37.143 0.2222220004
77998  -53.371  10.496  37.662 0.2222220004
76992  -53.728  9.283  37.296 0.2222220004
78022  -53.629  11.190  36.306 0.2222220004
77015  -53.931  10.264  36.776 0.2222220004
74866  -51.792  8.172  43.931 0.3333329856
75884  -51.717  9.079  41.810 0.3333329856
76975  -49.030  9.520  38.632 0.2222220004
76976  -49.736  10.312  39.335 0.2222220004
139559  -50.166  11.313  38.874 0.2222220004
127549  -51.651  9.855  41.442 0.3333329856
135202  -50.529  12.049  38.455 0.2222220004
75898  -51.659  9.776  40.475 0.2222220004
77985  -52.362  11.830  38.991 0.2222220004
137596  -52.308  11.210  39.329 0.2222220004
79972  -51.418  12.773  38.232 0.2222220004
79990  -51.796  12.789  37.324 0.2222220004
76940  -50.996  9.453  43.339 0.2222220004
75864  -51.346  8.929  43.765 0.3333329856
131966  -51.711  8.696  43.538 0.3333329856
76952  -51.238  9.605  42.674 0.3333329856
74871  -51.978  8.288  43.037 0.3333329856
77949  -51.085  10.180  42.193 0.3333329856
131934  -51.669  9.259  42.441 0.3333329856
118315  -51.843  8.558  42.331 0.3333329856
77961  -51.304  10.467  41.701 0.4444440007
122182  -50.576  11.089  40.077 0.3333329856
77984  -51.633  11.339  40.494 0.2222220004
76967  -51.618  10.683  41.069 0.2222220004
78993  -51.619  11.967  39.835 0.2222220004
124921  -52.026  10.786  40.064 0.2222220004
78994  -51.908  12.403  38.982 0.2222220004
131028  -52.069  11.775  39.833 0.2222220004
77972  -51.261  10.984  41.208 0.3333329856
77983  -51.247  11.479  40.526 0.2222220004
50123  -25.932  -16.910  75.723 0.6666669846
64811  -52.224  -2.729  47.628 0.3333329856
64795  -52.914  -2.052  48.492 0.3333329856
64794  -52.463  -2.338  48.693 0.3333329856
66883  -53.053  -0.388  48.971 0.4444440007
46912  -8.151  -18.490  80.576 0.4444440007
51254  -9.032  -15.637  80.456 0.5555559993
117489  -8.758  -19.090  78.869 0.4444440007
48955  -10.034  -16.666  79.766 0.5555559993
45971  -7.080  -20.722  78.278 0.4444440007
47917  -9.897  -18.022  78.837 0.5555559993
133059  -9.052  -19.130  78.201 0.4444440007
43195  -7.382  -23.152  76.859 0.3333329856
45050  -7.593  -21.377  75.561 0.4444440007
48963  -11.291  -16.952  77.851 0.4444440007
50088  -10.688  -16.079  79.078 0.4444440007
139363  -10.492  -17.872  77.914 0.5555559993
47925  -10.320  -18.217  77.270 0.5555559993
45980  -8.646  -19.931  76.421 0.5555559993
46935  -9.811  -18.849  76.702 0.5555559993
45979  -8.100  -20.514  75.913 0.5555559993
46934  -9.299  -19.395  76.134 0.5555559993
46008  -8.406  -20.820  74.268 0.3333329856
46962  -9.535  -19.548  74.307 0.4444440007
43214  -8.506  -23.202  74.745 0.3333329856
134155  -10.269  -19.006  74.224 0.4444440007
52382  -10.554  -14.977  79.033 0.4444440007
52390  -10.083  -15.125  78.822 0.3333329856
52391  -10.783  -14.691  78.748 0.3333329856
52392  -11.472  -14.224  78.652 0.2222220004
50095  -11.613  -16.241  78.300 0.4444440007
50199  -31.991  -16.412  71.959 0.8888890147
53529  -12.195  -14.035  78.346 0.3333329856
52393  -12.454  -14.540  78.206 0.4444440007
47939  -25.506  -18.736  75.831 0.7777780294
47940  -26.346  -18.442  75.769 0.7777780294
48983  -27.314  -17.253  75.506 0.7777780294
49000  -28.620  -17.847  75.142 0.6666669846
127550  -26.780  -18.989  75.831 0.6666669846
134225  -28.087  -16.593  74.867 0.7777780294
137685  -29.157  -15.810  72.942 0.6666669846
51357  -29.610  -15.662  72.601 0.6666669846
51358  -30.442  -15.708  72.382 0.7777780294
50236  -33.650  -17.550  70.814 0.7777780294
47972  -11.325  -18.491  73.156 0.3333329856
51378  -31.349  -15.770  71.504 0.8888890147
47973  -12.463  -17.661  73.897 0.4444440007
51379  -32.025  -16.247  71.334 0.8888890147
49049  -33.571  -18.012  71.585 0.5555559993
50217  -33.483  -17.615  71.295 0.6666669846
130375  -12.594  -13.831  78.056 0.3333329856
52394  -13.175  -14.545  77.499 0.5555559993
53538  -13.473  -13.900  77.137 0.5555559993
50132  -13.496  -16.391  75.422 0.5555559993
46939  -23.544  -19.219  75.593 0.6666669846
45983  -23.759  -19.803  75.117 0.3333329856
46941  -25.580  -19.364  75.589 0.5555559993
128698  -27.332  -16.575  75.179 0.7777780294
137175  -25.560  -19.565  75.351 0.3333329856
45997  -24.873  -19.616  74.991 0.3333329856
50152  -27.615  -16.352  74.845 0.6666669846
49008  -14.005  -16.944  73.977 0.4444440007
46013  -24.352  -19.625  74.500 0.3333329856
51356  -28.772  -15.670  72.486 0.6666669846
51393  -30.804  -15.329  70.928 0.6666669846
52468  -30.897  -15.111  70.308 0.7777780294
47989  -13.272  -17.870  72.190 0.2222220004
50250  -33.224  -16.992  68.727 0.7777780294
136343  -33.619  -17.353  69.984 0.6666669846
136029  -13.487  -18.029  71.524 0.2222220004
52474  -29.301  -14.878  69.766 0.6666669846
118309  -29.510  -14.661  69.041 0.6666669846
49071  -34.909  -18.813  70.120 0.6666669846
48060  -34.595  -19.004  70.445 0.5555559993
53539  -14.534  -13.875  76.935 0.4444440007
123471  -14.711  -15.394  76.318 0.5555559993
50112  -14.031  -15.895  75.879 0.6666669846
121196  -23.725  -18.320  75.864 0.6666669846
45982  -22.597  -20.085  75.466 0.4444440007
45052  -22.931  -20.323  75.233 0.3333329856
50124  -26.642  -16.731  75.474 0.6666669846
45067  -21.912  -21.527  74.058 0.3333329856
45069  -22.876  -20.521  74.415 0.3333329856
51340  -27.719  -16.057  73.454 0.6666669846
49037  -14.635  -17.471  72.347 0.3333329856
46011  -22.507  -20.824  73.915 0.3333329856
46023  -22.345  -21.228  73.442 0.3333329856
49086  -35.405  -18.598  69.363 0.7777780294
48049  -14.421  -18.381  69.566 0.1111110002
52408  -15.692  -14.928  76.075 0.6666669846
122990  -15.543  -15.243  76.047 0.6666669846
50113  -15.333  -15.642  75.704 0.6666669846
50115  -17.172  -16.029  75.694 0.6666669846
45994  -21.012  -19.893  74.799 0.4444440007
45059  -21.534  -21.001  74.296 0.4444440007
45074  -21.981  -22.028  73.792 0.3333329856
51339  -26.809  -16.140  73.759 0.6666669846
121234  -21.974  -22.258  73.547 0.3333329856
51373  -27.170  -16.000  71.943 0.4444440007
138748  -34.128  -15.679  67.122 1.0000000000
52486  -30.908  -14.676  69.049 0.7777780294
140417  -28.763  -14.977  69.158 0.6666669846
52484  -29.281  -14.575  68.230 0.6666669846
53547  -16.411  -14.672  75.783 0.6666669846
46936  -21.270  -18.809  75.555 0.5555559993
47953  -20.706  -18.449  75.116 0.6666669846
48995  -17.312  -16.808  74.692 0.4444440007
46965  -20.470  -19.496  74.453 0.4444440007
116546  -16.183  -16.864  73.882 0.4444440007
46980  -20.242  -20.027  73.355 0.4444440007
49040  -16.954  -17.591  72.759 0.2222220004
121330  -20.484  -20.552  73.004 0.3333329856
140384  -21.765  -22.946  71.807 0.3333329856
50135  -17.717  -16.516  75.376 0.6666669846
47964  -19.700  -18.657  74.351 0.4444440007
47952  -19.809  -18.099  74.991 0.6666669846
47034  -18.247  -19.085  69.360 0.2222220004
49121  -37.982  -18.680  66.494 0.5555559993
46995  -19.142  -18.921  71.797 0.3333329856
46050  -19.815  -20.077  69.640 0.2222220004
46058  -19.131  -19.777  68.509 0.2222220004
49114  -38.077  -18.071  66.439 0.5555559993
50285  -38.208  -16.904  66.344 0.6666669846
125309  -37.104  -14.711  67.554 0.8888890147
50286  -38.903  -16.614  66.046 0.7777780294
49133  -39.052  -17.199  65.052 0.6666669846
49123  -39.004  -17.008  65.547 0.6666669846
50314  -39.337  -16.688  64.663 0.6666669846
51440  -37.889  -14.689  67.652 0.8888890147
51442  -39.162  -15.091  66.862 0.8888890147
121448  -39.104  -14.397  67.453 1.0000000000
51456  -39.617  -15.484  66.077 0.7777780294
136035  -39.810  -15.766  64.907 0.6666669846
51478  -39.629  -15.998  64.538 0.5555559993
50337  -38.291  -15.979  62.253 0.1111110002
51504  -39.357  -15.457  62.973 0.5555559993
52573  -38.771  -14.729  61.385 0.2222220004
131931  -39.976  -14.005  66.940 1.0000000000
51457  -40.020  -15.055  65.729 0.7777780294
52538  -40.393  -14.781  64.777 0.8888890147
52526  -40.419  -14.610  65.324 0.7777780294
51492  -39.993  -15.347  64.212 0.6666669846
52561  -40.318  -14.394  63.016 0.6666669846
52562  -40.794  -13.929  63.498 0.6666669846
52575  -40.075  -14.039  62.168 0.5555559993
53698  -38.826  -13.722  60.308 0.2222220004
139719  -38.942  -12.714  67.012 1.0000000000
53602  -39.741  -13.423  67.211 1.0000000000
52516  -40.445  -13.515  66.525 1.0000000000
52527  -40.726  -13.885  65.598 0.8888890147
54630  -41.327  -12.405  65.731 1.0000000000
53643  -41.234  -13.499  64.561 0.8888890147
54644  -41.562  -12.882  64.787 0.8888890147
54678  -41.555  -12.447  62.753 0.7777780294
54657  -41.643  -12.832  64.198 0.8888890147
53682  -40.396  -13.294  61.818 0.5555559993
53699  -39.450  -13.328  60.678 0.3333329856
54690  -40.671  -12.519  61.530 0.5555559993
54618  -40.867  -11.959  66.334 1.0000000000
55596  -40.335  -11.357  66.666 1.0000000000
55606  -41.975  -11.495  65.098 1.0000000000
54668  -41.999  -12.140  63.836 0.8888890147
55626  -42.295  -11.516  64.081 1.0000000000
54691  -41.265  -12.128  62.036 0.6666669846
123980  -40.063  -9.707  66.558 1.0000000000
126195  -40.810  -9.664  66.244 1.0000000000
55605  -41.732  -11.085  65.528 1.0000000000
56610  -42.606  -10.707  64.284 1.0000000000
55636  -42.222  -11.563  63.561 0.8888890147
55654  -41.441  -11.430  61.919 0.6666669846
55666  -41.127  -11.175  61.414 0.6666669846
58647  -40.695  -8.074  66.263 1.0000000000
57602  -41.129  -8.925  66.053 1.0000000000
57587  -39.738  -8.817  66.418 1.0000000000
128765  -42.497  -10.546  63.295 0.8888890147
56600  -42.958  -9.845  64.153 1.0000000000
56590  -42.107  -10.065  65.443 1.0000000000
57618  -42.535  -9.246  65.111 1.0000000000
118742  -42.652  -9.919  63.291 0.8888890147
55677  -40.087  -11.002  59.972 0.5555559993
126715  -41.459  -10.049  61.539 0.6666669846
59612  -41.090  -7.399  66.128 1.0000000000
58660  -42.280  -8.395  65.392 1.0000000000
59613  -41.883  -7.595  65.686 1.0000000000
57633  -43.099  -8.990  64.080 1.0000000000
130543  -42.480  -7.029  64.988 1.0000000000
59635  -43.055  -7.525  64.110 1.0000000000
58697  -42.748  -8.134  63.176 0.7777780294
122034  -42.298  -8.029  62.346 0.7777780294
127053  -41.537  -3.333  57.419 0.3333329856
130583  -42.073  -7.111  65.450 1.0000000000
61623  -40.896  -5.536  66.154 1.0000000000
62624  -41.169  -5.056  65.827 1.0000000000
62639  -42.224  -5.023  64.769 1.0000000000
60658  -42.811  -5.817  63.762 1.0000000000
58725  -41.260  -8.245  61.038 0.6666669846
60679  -41.881  -6.732  61.181 0.6666669846
61681  -42.648  -5.826  62.428 0.8888890147
135850  -42.383  -6.218  61.735 0.6666669846
66676  -42.492  -0.685  62.054 0.8888890147
125344  -42.252  -3.076  58.884 0.3333329856
59706  -40.017  -6.969  58.458 0.2222220004
60724  -39.862  -6.485  57.714 0.2222220004
62654  -42.266  -4.245  64.738 1.0000000000
139191  -42.118  -5.266  60.217 0.4444440007
123434  -42.689  -4.507  61.591 0.5555559993
60703  -41.119  -6.382  59.620 0.4444440007
120863  -41.978  1.061  60.030 0.7777780294
66706  -41.613  -0.114  58.979 0.5555559993
128333  -41.567  -1.078  57.602 0.3333329856
63614  -40.116  -3.201  65.272 1.0000000000
134414  -42.856  -4.734  63.673 1.0000000000
125081  -42.832  -4.651  62.952 0.8888890147
67721  -41.630  0.140  63.134 1.0000000000
68838  -42.018  1.549  61.577 0.8888890147
67773  -41.636  1.215  59.065 0.5555559993
70958  -42.753  3.697  59.568 1.0000000000
67786  -41.444  0.601  58.413 0.5555559993
69930  -41.815  2.089  58.117 0.6666669846
137268  -41.325  0.463  57.056 0.2222220004
64613  -42.101  -2.729  64.486 1.0000000000
66641  -40.132  -0.650  64.061 1.0000000000
66642  -40.731  -0.825  64.149 1.0000000000
64614  -42.722  -2.945  63.938 1.0000000000
67719  -40.065  0.722  63.317 1.0000000000
69889  -41.420  2.646  61.592 1.0000000000
69905  -42.153  3.398  60.837 1.0000000000
70937  -42.160  4.257  60.942 1.0000000000
125547  -42.595  5.322  59.927 1.0000000000
70973  -43.680  3.617  58.512 1.0000000000
69963  -43.637  2.396  56.622 0.5555559993
70974  -44.605  3.739  58.458 0.8888890147
66659  -39.369  -0.320  63.557 1.0000000000
70920  -40.263  3.838  61.491 1.0000000000
69982  -44.313  2.038  56.212 0.4444440007
70962  -45.518  4.286  58.304 1.0000000000
71955  -45.172  4.979  58.471 1.0000000000
67856  -43.886  0.711  54.173 0.2222220004
68950  -44.316  1.113  54.809 0.4444440007
67841  -45.087  1.224  55.214 0.4444440007
133770  -44.863  1.702  55.858 0.4444440007
68905  -45.083  1.971  56.620 0.4444440007
67877  -44.625  0.232  53.793 0.3333329856
67842  -45.937  0.896  55.549 0.3333329856
66794  -46.020  -0.669  53.872 0.2222220004
65778  -45.809  -1.108  53.371 0.2222220004
71912  -40.121  4.008  61.231 1.0000000000
72922  -45.390  5.806  57.640 1.0000000000
67823  -46.759  0.612  57.317 0.5555559993
117091  -46.065  5.649  57.013 1.0000000000
127073  -46.723  2.195  58.202 0.7777780294
65752  -47.248  -1.500  55.761 0.5555559993
68884  -47.252  1.345  58.087 0.7777780294
64722  -47.508  -3.071  55.228 0.3333329856
134267  -47.450  -2.380  55.854 0.5555559993
64714  -47.667  -2.829  56.822 0.5555559993
65737  -47.586  -1.560  57.700 0.6666669846
70936  -39.559  3.799  60.806 0.8888890147
72946  -44.556  5.794  55.895 0.8888890147
72947  -46.024  5.776  55.466 0.8888890147
71975  -47.113  4.700  56.557 1.0000000000
124545  -47.712  -0.165  58.149 0.6666669846
69950  -47.959  2.374  57.364 0.8888890147
62763  -47.438  -4.869  54.751 0.3333329856
65706  -48.070  -2.150  58.212 0.6666669846
71965  -42.422  4.902  56.997 0.8888890147
72945  -43.600  5.323  55.650 0.8888890147
138943  -48.662  -0.001  57.603 0.8888890147
70987  -47.880  3.175  56.651 1.0000000000
63710  -48.781  -3.202  57.694 0.6666669846
61727  -48.798  -5.370  56.774 0.6666669846
120321  -48.837  -6.298  56.505 0.5555559993
70996  -48.225  3.448  55.602 1.0000000000
69967  -48.756  1.723  56.180 0.8888890147
68909  -48.778  1.024  56.760 0.8888890147
64700  -49.180  -2.649  57.649 0.8888890147
65738  -49.314  -1.186  57.333 0.8888890147
67824  -49.431  0.482  56.255 0.8888890147
68933  -49.255  1.305  55.735 0.8888890147
61749  -49.926  -5.515  55.653 0.7777780294
63730  -50.582  -4.165  55.956 0.7777780294
65739  -50.007  -1.314  56.599 0.8888890147
67845  -50.127  0.032  55.575 0.8888890147
70000  -48.746  3.112  54.230 0.8888890147
68967  -49.567  1.618  54.200 0.7777780294
65753  -50.615  -1.652  55.950 0.7777780294
122165  -50.512  0.366  54.698 0.7777780294
129269  -51.483  -3.133  54.954 0.8888890147
70013  -48.624  3.245  53.419 0.7777780294
64740  -52.503  -2.582  53.046 0.4444440007
136130  -52.691  -2.236  52.497 0.2222220004
65794  -52.782  -1.594  52.213 0.3333329856
63782  -52.616  -2.427  51.849 0.3333329856
64773  -52.770  -1.809  50.948 0.3333329856
130057  -52.278  -0.285  52.084 0.3333329856
67908  -52.136  0.355  51.246 0.4444440007
66831  -50.577  -0.554  50.807 0.4444440007
67922  -52.250  0.629  50.532 0.5555559993
69000  -52.173  1.386  50.057 0.5555559993
65854  -53.401  -1.754  47.675 0.3333329856
64812  -52.948  -2.508  47.500 0.3333329856
67937  -51.224  0.461  49.328 0.4444440007
69001  -52.508  1.066  49.972 0.4444440007
66908  -53.793  -1.299  46.984 0.3333329856
65885  -53.856  -2.011  46.788 0.3333329856
67991  -53.362  0.599  45.844 0.2222220004
70053  -52.659  2.163  49.200 0.2222220004
66919  -54.041  -0.987  46.198 0.2222220004
69027  -53.519  0.725  46.710 0.2222220004
139737  -50.376  2.683  44.089 0.2222220004
70057  -52.455  2.770  48.862 0.2222220004
72110  -53.161  3.997  45.513 0.2222220004
132475  -52.858  3.366  44.801 0.3333329856
71119  -52.990  3.785  44.863 0.3333329856
72127  -52.665  4.540  44.539 0.3333329856
73979  -49.896  5.989  39.823 0.2222220004
72071  -51.511  5.389  47.157 0.2222220004
73058  -52.157  5.452  46.780 0.2222220004
73918  -50.832  6.425  46.368 0.1111110002
72134  -52.442  4.554  44.182 0.3333329856
73097  -50.285  5.169  42.303 0.2222220004
76991  -53.093  9.615  37.986 0.2222220004
73965  -51.636  7.499  42.066 0.3333329856
75883  -51.394  8.101  41.445 0.3333329856
75897  -51.367  8.682  40.708 0.2222220004
79020  -52.596  12.368  37.451 0.2222220004
76960  -51.521  9.798  42.097 0.3333329856
78992  -50.975  11.891  39.549 0.2222220004
79007  -50.818  12.574  38.010 0.2222220004
79008  -52.337  12.365  38.379 0.2222220004
79032  -52.313  12.457  36.546 0.2222220004
118921  -34.092  -19.283  69.734 0.1111110002
137007  -36.020  -18.593  68.653 0.5555559993
47061  -34.746  -19.437  68.766 0.1111110002
47049  -35.704  -19.133  69.279 0.2222220004
49087  -36.019  -19.032  69.031 0.5555559993
48071  -33.820  -19.260  68.652 0.1111110002
47062  -35.458  -19.445  68.355 0.2222220004
47050  -36.085  -19.118  68.803 0.2222220004
48042  -33.599  -19.002  71.296 0.4444440007
48044  -34.477  -18.718  70.645 0.4444440007
117609  -32.808  -19.022  70.638 0.2222220004
124033  -33.886  -19.155  70.636 0.1111110002
131883  -31.918  -18.691  69.765 0.1111110002
48059  -32.883  -18.931  69.703 0.1111110002
48069  -31.818  -18.548  68.873 0.1111110002
48070  -32.862  -18.840  68.704 0.1111110002
48079  -32.947  -18.834  67.582 0.1111110002
131220  -33.896  -19.250  67.873 0.1111110002
116790  -30.929  -18.093  68.169 0.1111110002
116789  -28.391  -17.782  67.521 0.1111110002
116788  -29.281  -17.783  67.483 0.1111110002
116786  -31.080  -18.149  67.353 0.1111110002
48041  -32.686  -19.087  71.514 0.2222220004
48040  -30.607  -18.742  71.043 0.2222220004
116676  -31.501  -18.734  70.539 0.2222220004
48058  -30.157  -18.270  70.084 0.2222220004
116795  -30.796  -18.206  69.246 0.1111110002
116797  -28.494  -17.793  69.088 0.1111110002
116796  -29.552  -17.863  69.150 0.1111110002
116794  -27.153  -17.830  68.241 0.1111110002
116792  -28.932  -17.728  68.289 0.1111110002
116793  -28.008  -17.769  68.257 0.1111110002
45957  -6.119  -19.907  81.706 0.3333329856
49029  -32.416  -17.769  72.680 0.6666669846
47996  -32.662  -18.519  72.299 0.4444440007
48018  -30.819  -19.103  71.970 0.2222220004
48017  -30.016  -18.790  71.479 0.2222220004
138734  -32.706  -14.262  67.636 0.5555559993
53611  -33.524  -13.684  66.945 0.5555559993
131943  -34.469  -14.244  67.283 0.7777780294
53628  -35.324  -13.707  66.652 0.5555559993
48038  -28.642  -18.294  70.688 0.1111110002
125310  -29.214  -18.673  71.460 0.2222220004
124323  -31.940  -13.609  66.300 0.3333329856
53610  -32.732  -13.638  66.962 0.5555559993
53626  -33.946  -13.540  66.010 0.5555559993
48055  -26.980  -17.963  69.602 0.1111110002
48056  -27.949  -17.960  69.935 0.1111110002
116798  -27.570  -17.811  68.995 0.1111110002
47901  -4.442  -18.384  82.373 0.2222220004
134843  -5.469  -19.653  82.427 0.3333329856
46914  -4.020  -18.776  80.741 0.1111110002
47914  -4.810  -18.797  79.624 0.1111110002
47919  -5.454  -18.717  78.799 0.1111110002
47967  -30.643  -18.458  74.021 0.3333329856
49027  -31.068  -17.068  73.296 0.7777780294
46987  -29.903  -19.536  73.788 0.2222220004
47978  -32.016  -18.283  73.017 0.2222220004
47005  -30.411  -19.402  73.174 0.2222220004
47021  -31.558  -19.130  72.481 0.2222220004
53615  -38.430  -13.386  67.301 0.8888890147
47018  -28.876  -18.999  72.233 0.2222220004
47019  -29.969  -19.122  72.313 0.2222220004
118958  -31.009  -14.354  68.253 0.5555559993
52487  -31.438  -15.267  69.006 0.6666669846
53614  -37.862  -13.363  66.736 0.6666669846
124947  -27.894  -18.856  72.127 0.2222220004
52497  -31.133  -14.061  67.526 0.4444440007
136446  -31.788  -14.566  68.147 0.4444440007
48015  -27.426  -18.507  71.284 0.2222220004
48016  -28.309  -18.572  71.413 0.2222220004
52525  -30.486  -14.014  65.732 0.3333329856
53623  -31.281  -13.765  65.715 0.4444440007
53639  -31.838  -13.695  65.180 0.3333329856
117829  -33.518  -13.645  65.054 0.3333329856
117828  -34.515  -13.777  64.948 0.4444440007
53641  -36.200  -13.767  64.925 0.5555559993
53654  -36.484  -13.828  63.972 0.5555559993
48036  -26.211  -18.328  70.117 0.1111110002
48037  -27.140  -18.236  70.449 0.1111110002
52536  -29.400  -14.339  64.517 0.2222220004
127820  -31.507  -13.904  64.296 0.2222220004
125451  -32.254  -13.858  64.287 0.3333329856
123686  -33.087  -13.883  64.241 0.3333329856
53652  -34.665  -14.168  63.594 0.3333329856
135910  -35.545  -13.963  64.325 0.3333329856
48053  -25.310  -18.485  69.486 0.1111110002
52537  -30.071  -14.139  64.923 0.2222220004
53648  -30.862  -14.065  63.696 0.2222220004
53664  -32.231  -14.175  62.736 0.1111110002
53651  -33.598  -14.175  63.461 0.1111110002
53666  -34.113  -14.294  62.639 0.1111110002
47908  -6.962  -18.569  81.654 0.3333329856
46916  -7.122  -19.640  80.372 0.3333329856
126411  -7.781  -19.187  80.033 0.3333329856
127920  -5.722  -17.929  82.468 0.2222220004
128334  -6.418  -18.051  82.276 0.3333329856
46910  -6.757  -19.370  81.243 0.3333329856
45962  -6.788  -20.312  79.922 0.3333329856
46920  -7.439  -19.866  79.560 0.3333329856
48948  -4.923  -17.820  82.077 0.2222220004
47902  -5.060  -18.477  82.526 0.2222220004
47903  -5.606  -18.640  82.488 0.3333329856
47911  -4.435  -18.159  81.642 0.2222220004
120634  -4.836  -18.185  80.567 0.2222220004
48961  -5.987  -18.080  78.896 0.1111110002
119890  -5.996  -18.492  78.074 0.1111110002
49014  -30.686  -17.527  73.879 0.5555559993
140433  -29.465  -19.515  74.275 0.2222220004
47004  -29.460  -19.439  73.107 0.2222220004
54627  -38.539  -12.929  66.468 0.8888890147
123617  -39.329  -11.939  66.769 0.8888890147
130923  -26.584  -18.938  72.590 0.1111110002
47003  -28.426  -19.352  73.017 0.2222220004
52496  -30.144  -14.252  67.452 0.4444440007
47001  -25.984  -18.972  72.767 0.1111110002
47017  -26.946  -18.726  71.974 0.2222220004
52511  -29.535  -14.368  66.465 0.3333329856
53630  -37.390  -13.447  65.844 0.5555559993
54655  -37.885  -13.105  64.368 0.5555559993
55595  -39.825  -11.605  66.934 0.8888890147
47016  -25.954  -18.774  71.937 0.1111110002
52524  -29.529  -14.334  65.492 0.1111110002
53642  -37.090  -13.587  64.802 0.5555559993
48035  -25.401  -18.568  70.384 0.1111110002
138492  -25.927  -18.506  70.659 0.1111110002
133961  -35.086  -14.121  62.477 0.1111110002
128002  -36.709  -13.639  63.176 0.2222220004
53667  -36.546  -13.483  62.458 0.1111110002
48034  -24.521  -18.775  70.079 0.1111110002
128108  -30.444  -14.213  62.830 0.1111110002
53663  -31.318  -14.141  62.809 0.1111110002
117826  -32.701  -14.298  61.957 0.1111110002
117825  -33.615  -14.275  61.896 0.1111110002
117824  -34.507  -14.095  61.780 0.1111110002
53679  -35.430  -13.676  61.488 0.1111110002
52547  -29.372  -14.332  63.569 0.1111110002
53662  -29.749  -14.288  62.896 0.1111110002
118147  -30.866  -14.207  62.036 0.1111110002
53676  -31.382  -14.189  61.275 0.1111110002
53678  -33.125  -14.162  61.200 0.1111110002
117249  -33.994  -13.979  61.139 0.1111110002
135916  -34.736  -13.765  61.085 0.1111110002
117628  -29.861  -14.233  62.037 0.1111110002
53677  -32.249  -14.222  61.265 0.1111110002
116670  -32.625  -13.995  60.575 0.1111110002
124243  -24.764  -22.622  68.639 0.1111110002
48946  -6.266  -17.439  82.197 0.2222220004
47904  -7.135  -17.886  81.822 0.3333329856
46911  -7.431  -18.938  80.870 0.3333329856
48949  -5.527  -17.376  81.933 0.2222220004
117069  -5.084  -17.668  81.401 0.2222220004
46921  -8.090  -19.407  79.271 0.3333329856
48956  -5.963  -17.661  79.676 0.1111110002
121438  -6.525  -17.514  79.061 0.1111110002
47915  -5.432  -18.215  79.637 0.1111110002
47920  -6.543  -17.874  78.274 0.2222220004
47924  -6.530  -18.189  77.469 0.1111110002
46978  -10.065  -19.343  73.456 0.3333329856
49001  -29.361  -17.791  74.786 0.4444440007
50154  -29.421  -17.017  74.432 0.6666669846
47955  -29.121  -18.648  75.029 0.3333329856
50155  -30.047  -16.859  73.933 0.6666669846
47987  -11.118  -18.909  72.315 0.2222220004
45999  -27.391  -19.739  75.030 0.1111110002
46956  -28.660  -19.255  75.090 0.3333329856
48006  -11.902  -18.546  71.722 0.2222220004
46968  -27.151  -19.648  74.401 0.1111110002
132912  -28.425  -19.734  74.243 0.2222220004
54628  -39.076  -12.132  66.407 0.8888890147
46984  -26.664  -19.291  73.452 0.1111110002
46985  -27.894  -19.636  73.815 0.2222220004
54643  -38.742  -12.476  65.476 0.7777780294
55604  -39.204  -11.093  66.289 0.8888890147
48007  -12.395  -18.542  70.906 0.1111110002
48008  -13.221  -18.259  70.877 0.1111110002
47000  -25.182  -18.900  72.518 0.1111110002
132298  -29.499  -14.455  67.754 0.4444440007
54642  -38.115  -13.107  65.438 0.6666669846
129800  -39.561  -10.854  66.522 0.8888890147
56577  -39.945  -10.678  66.723 0.8888890147
47015  -24.952  -18.792  71.683 0.1111110002
52523  -28.745  -14.647  65.898 0.2222220004
47033  -17.684  -18.971  68.647 0.1111110002
47014  -24.016  -19.005  71.424 0.1111110002
47046  -18.473  -19.419  68.548 0.1111110002
46045  -22.618  -20.910  71.161 0.1111110002
46046  -22.842  -19.789  70.577 0.1111110002
53680  -36.309  -13.209  61.655 0.1111110002
46072  -18.861  -19.767  67.807 0.1111110002
46073  -19.388  -20.304  67.280 0.1111110002
120429  -23.508  -19.180  69.735 0.1111110002
54688  -35.923  -12.843  60.944 0.1111110002
46088  -19.273  -20.447  66.405 0.1111110002
45140  -19.891  -20.971  66.863 0.1111110002
45103  -23.448  -22.850  70.519 0.1111110002
52559  -29.008  -14.359  62.587 0.1111110002
116766  -31.842  -14.091  60.596 0.1111110002
53695  -33.485  -13.764  60.374 0.1111110002
54701  -34.771  -12.799  60.020 0.1111110002
45141  -20.371  -21.590  66.410 0.1111110002
45116  -22.847  -21.604  69.723 0.1111110002
125647  -29.680  -14.142  61.016 0.1111110002
53675  -30.521  -14.151  61.236 0.1111110002
116767  -31.059  -14.062  60.552 0.1111110002
132993  -32.815  -13.746  59.961 0.1111110002
53696  -34.406  -13.535  60.478 0.1111110002
44256  -20.854  -22.192  65.978 0.1111110002
44224  -24.081  -23.398  70.087 0.1111110002
53693  -31.504  -13.958  60.016 0.1111110002
53694  -32.166  -13.886  59.961 0.1111110002
44257  -21.376  -22.767  66.402 0.1111110002
42299  -24.591  -24.017  69.756 0.1111110002
45117  -23.711  -22.604  69.699 0.1111110002
43305  -22.544  -23.618  66.184 0.1111110002
135553  -23.201  -23.992  66.757 0.1111110002
42306  -24.626  -24.250  69.334 0.1111110002
43279  -25.115  -23.978  69.556 0.1111110002
44236  -24.631  -23.051  69.555 0.1111110002
42342  -23.317  -24.021  65.986 0.1111110002
44237  -25.321  -23.249  69.239 0.1111110002
42332  -23.759  -24.330  66.739 0.1111110002
139046  -24.608  -24.463  68.556 0.1111110002
42333  -24.526  -24.554  66.643 0.1111110002
126441  -25.379  -24.200  68.989 0.1111110002
42318  -24.981  -24.537  67.881 0.1111110002
42319  -25.839  -24.358  68.187 0.1111110002
47905  -7.692  -17.413  81.574 0.3333329856
48952  -5.678  -17.232  81.124 0.2222220004
48953  -6.244  -16.885  80.748 0.1111110002
50092  -7.138  -16.901  79.271 0.2222220004
48962  -6.977  -17.347  78.508 0.2222220004
48966  -7.125  -17.515  77.697 0.2222220004
126850  -7.870  -16.970  77.515 0.1111110002
48973  -6.972  -17.902  76.991 0.1111110002
48974  -7.504  -17.448  76.890 0.1111110002
46954  -27.381  -19.481  75.347 0.3333329856
47954  -28.396  -18.693  75.377 0.4444440007
46994  -10.691  -18.955  73.039 0.2222220004
46015  -26.737  -19.738  74.900 0.1111110002
125050  -25.258  -19.594  74.665 0.1111110002
46031  -22.717  -20.395  72.848 0.2222220004
46982  -24.497  -19.128  73.128 0.2222220004
55625  -38.857  -11.887  64.623 0.6666669846
56598  -38.808  -10.372  65.766 0.8888890147
55594  -39.399  -10.986  66.454 0.8888890147
46998  -22.870  -19.874  72.249 0.1111110002
52495  -28.760  -14.690  67.554 0.3333329856
54666  -38.453  -12.294  63.889 0.4444440007
57600  -38.879  -9.317  66.063 0.8888890147
129317  -22.623  -20.514  72.282 0.1111110002
137036  -23.277  -19.364  71.906 0.1111110002
52494  -28.066  -14.952  66.930 0.2222220004
52510  -28.747  -14.659  66.702 0.2222220004
55635  -38.109  -11.694  63.135 0.4444440007
55643  -37.431  -11.072  62.624 0.3333329856
46051  -20.162  -20.717  69.148 0.1111110002
46038  -22.481  -21.248  72.036 0.1111110002
46039  -22.738  -20.044  71.594 0.1111110002
54676  -36.963  -12.684  61.999 0.1111110002
56629  -36.637  -10.359  62.276 0.1111110002
46059  -19.546  -20.193  68.098 0.1111110002
134091  -19.974  -20.629  68.480 0.1111110002
45115  -20.430  -21.248  68.597 0.1111110002
45090  -22.638  -22.477  71.583 0.1111110002
52522  -27.980  -14.939  65.617 0.1111110002
52535  -28.585  -14.663  64.925 0.1111110002
132950  -36.346  -11.505  61.264 0.1111110002
132252  -36.209  -10.655  61.588 0.1111110002
45130  -20.021  -20.947  67.791 0.1111110002
125966  -20.617  -21.602  68.017 0.1111110002
44206  -22.831  -23.092  71.262 0.1111110002
52534  -27.658  -15.020  64.843 0.1111110002
122915  -28.781  -14.503  64.076 0.1111110002
54702  -35.472  -12.361  60.316 0.1111110002
55664  -35.399  -11.319  60.367 0.1111110002
45131  -20.487  -21.564  67.266 0.1111110002
118789  -20.987  -22.210  67.721 0.1111110002
43270  -23.103  -23.377  70.746 0.1111110002
45091  -23.092  -22.869  71.052 0.1111110002
45102  -22.844  -22.025  70.874 0.1111110002
53674  -28.886  -14.300  61.610 0.1111110002
44244  -20.928  -22.180  66.830 0.1111110002
44245  -21.438  -22.818  67.277 0.1111110002
43295  -22.004  -23.389  67.779 0.1111110002
53714  -34.027  -13.185  59.756 0.1111110002
54715  -34.343  -12.336  59.343 0.1111110002
43304  -21.951  -23.280  66.815 0.1111110002
125811  -22.596  -23.785  68.323 0.1111110002
43287  -22.943  -24.011  69.237 0.1111110002
43278  -24.164  -23.803  70.001 0.1111110002
53692  -30.337  -14.040  60.506 0.1111110002
53713  -33.232  -13.391  59.547 0.1111110002
43296  -22.714  -23.770  67.386 0.1111110002
42305  -23.270  -24.189  68.491 0.1111110002
116965  -30.758  -13.915  59.723 0.1111110002
53711  -31.636  -13.716  59.308 0.1111110002
53712  -32.476  -13.537  59.364 0.1111110002
42331  -23.505  -24.254  67.597 0.1111110002
42317  -23.976  -24.452  68.593 0.1111110002
53691  -29.672  -13.977  60.001 0.1111110002
120994  -24.173  -24.496  67.661 0.1111110002
50074  -6.754  -16.876  81.927 0.2222220004
48950  -8.248  -17.159  81.177 0.3333329856
129406  -7.218  -16.504  81.466 0.2222220004
50081  -6.115  -16.895  81.519 0.2222220004
50082  -6.571  -16.597  81.140 0.2222220004
51249  -7.020  -16.370  81.072 0.2222220004
50078  -7.835  -16.286  81.397 0.4444440007
50083  -6.953  -16.544  80.408 0.2222220004
50086  -7.717  -16.284  79.853 0.2222220004
50093  -7.847  -16.577  79.013 0.3333329856
50101  -7.546  -16.963  78.358 0.2222220004
50094  -8.332  -16.423  78.311 0.2222220004
132996  -8.568  -16.484  77.249 0.1111110002
50108  -8.110  -16.961  76.660 0.1111110002
55624  -38.479  -11.222  63.934 0.4444440007
56597  -38.179  -9.691  65.314 0.7777780294
127759  -38.570  -9.660  65.863 0.8888890147
56608  -37.952  -10.088  64.363 0.7777780294
57616  -37.966  -9.109  65.258 0.7777780294
57601  -39.094  -8.665  66.164 0.8888890147
45085  -22.190  -22.574  72.473 0.2222220004
51407  -26.687  -15.774  69.645 0.1111110002
137897  -27.426  -15.474  69.433 0.2222220004
51423  -27.871  -15.258  68.756 0.2222220004
56618  -37.771  -10.588  63.430 0.4444440007
57632  -37.699  -9.333  64.639 0.7777780294
60599  -40.014  -7.005  66.351 0.8888890147
46044  -20.388  -20.842  70.007 0.1111110002
44188  -22.338  -22.954  71.825 0.2222220004
51422  -26.880  -15.614  68.822 0.1111110002
116534  -27.117  -15.448  67.973 0.1111110002
52483  -27.955  -15.099  67.773 0.1111110002
57663  -36.986  -10.013  63.083 0.1111110002
117563  -37.007  -9.223  63.280 0.3333329856
59652  -37.578  -8.027  62.406 0.4444440007
45101  -20.694  -21.526  69.468 0.1111110002
43261  -22.220  -23.204  71.560 0.2222220004
51434  -26.499  -15.695  67.288 0.1111110002
51435  -27.307  -15.327  67.080 0.1111110002
55652  -36.023  -11.896  60.755 0.1111110002
118018  -36.157  -9.344  61.418 0.1111110002
58709  -37.090  -8.454  61.827 0.3333329856
44234  -20.979  -22.223  68.779 0.1111110002
44205  -21.981  -23.333  70.719 0.1111110002
140285  -22.557  -23.349  71.035 0.1111110002
121414  -28.049  -14.773  64.061 0.1111110002
126830  -35.787  -10.944  61.003 0.1111110002
57672  -35.775  -9.728  61.069 0.1111110002
58708  -36.529  -9.117  61.977 0.2222220004
44235  -21.500  -22.963  68.284 0.1111110002
44223  -21.783  -23.263  69.538 0.1111110002
43276  -22.586  -23.538  70.426 0.1111110002
117966  -27.625  -14.754  63.139 0.1111110002
43286  -22.166  -23.581  68.799 0.1111110002
136983  -22.550  -23.719  69.668 0.1111110002
137900  -28.535  -14.413  62.140 0.1111110002
43277  -23.346  -23.762  70.127 0.1111110002
54727  -33.166  -12.247  58.488 0.1111110002
51252  -7.689  -16.036  80.724 0.3333329856
51256  -8.332  -15.815  80.332 0.2222220004
51258  -9.543  -15.393  79.375 0.3333329856
50087  -8.395  -16.050  79.407 0.2222220004
119835  -8.998  -15.775  78.909 0.2222220004
51267  -9.025  -15.930  77.882 0.1111110002
53545  -14.737  -13.751  76.806 0.1111110002
51354  -26.999  -16.121  72.802 0.3333329856
58674  -38.148  -8.106  65.181 0.7777780294
59610  -38.987  -7.782  65.995 0.8888890147
51390  -26.593  -15.969  70.496 0.1111110002
59633  -37.813  -8.173  64.402 0.7777780294
60614  -39.349  -7.074  66.031 0.7777780294
60633  -39.673  -6.327  66.020 0.7777780294
62635  -40.059  -4.818  65.746 0.8888890147
51406  -25.898  -16.182  69.972 0.1111110002
59641  -37.486  -8.242  63.437 0.6666669846
59642  -38.186  -7.525  63.871 0.7777780294
51421  -25.943  -16.005  69.024 0.1111110002
59664  -38.338  -7.319  61.847 0.4444440007
60678  -38.867  -6.272  61.680 0.4444440007
51268  -9.585  -15.495  78.425 0.1111110002
52399  -10.854  -14.638  78.023 0.1111110002
125796  -9.675  -15.578  77.577 0.1111110002
52405  -10.937  -14.856  77.058 0.1111110002
52400  -11.580  -14.238  77.791 0.1111110002
52416  -11.695  -14.673  75.758 0.1111110002
125212  -20.528  -17.803  75.102 0.5555559993
51307  -25.268  -16.116  75.526 0.4444440007
51353  -26.157  -16.333  73.034 0.4444440007
122720  -24.712  -15.965  75.482 0.4444440007
51338  -25.890  -16.250  73.978 0.4444440007
50181  -26.310  -16.299  72.192 0.2222220004
50151  -24.109  -16.548  73.976 0.3333329856
50198  -25.544  -16.540  71.686 0.2222220004
132231  -26.454  -16.198  71.352 0.2222220004
123480  -39.358  -6.188  65.535 0.7777780294
62634  -39.650  -4.807  65.333 0.7777780294
50178  -23.957  -16.918  72.366 0.2222220004
50179  -24.937  -16.702  72.402 0.2222220004
50215  -25.796  -16.396  70.810 0.1111110002
61659  -39.138  -6.088  64.816 0.7777780294
62652  -39.422  -4.187  64.715 0.8888890147
50197  -24.608  -16.813  71.609 0.1111110002
61670  -39.095  -6.050  63.792 0.7777780294
140015  -39.204  -5.337  63.430 0.7777780294
120308  -15.031  -13.938  76.335 0.5555559993
53548  -17.318  -14.733  75.982 0.5555559993
137269  -16.806  -14.708  75.183 0.5555559993
52421  -17.773  -14.721  76.020 0.5555559993
52411  -18.174  -15.012  76.073 0.5555559993
51292  -21.723  -16.143  76.018 0.5555559993
51304  -22.157  -16.466  74.984 0.3333329856
51293  -22.607  -16.047  75.935 0.4444440007
50120  -23.119  -16.320  76.146 0.4444440007
138853  -39.299  -1.818  64.090 0.8888890147
50150  -22.761  -16.767  73.995 0.3333329856
51320  -23.472  -16.426  74.653 0.4444440007
51306  -23.975  -15.929  75.570 0.4444440007
64627  -39.164  -2.305  63.930 0.8888890147
50162  -22.961  -16.960  73.291 0.2222220004
130950  -23.414  -16.736  73.818 0.3333329856
62664  -39.202  -3.944  63.108 0.7777780294
64598  -40.004  -2.442  64.923 0.8888890147
116778  -23.027  -17.230  72.066 0.1111110002
50196  -23.693  -17.026  71.445 0.1111110002
51290  -18.636  -15.353  76.028 0.5555559993
119516  -18.036  -15.256  74.960 0.6666669846
52422  -18.416  -14.942  75.862 0.6666669846
50118  -21.041  -16.676  75.992 0.5555559993
51303  -21.325  -16.322  75.339 0.4444440007
65650  -39.124  -1.720  63.507 0.8888890147
64639  -39.115  -2.565  62.782 0.7777780294
122675  -39.168  -3.284  61.931 0.6666669846
119353  -39.137  -0.915  63.223 0.7777780294
66675  -38.996  -0.030  62.962 0.8888890147
65663  -39.021  -1.654  62.452 0.7777780294
66687  -38.716  -0.515  61.304 0.7777780294
64655  -39.016  -2.004  60.634 0.5555559993
65687  -38.782  -1.481  59.849 0.6666669846
125343  -38.717  -2.092  59.042 0.5555559993
66696  -38.585  -0.626  60.353 0.6666669846
122495  -38.366  0.102  60.785 0.7777780294
68819  -38.754  1.801  62.370 0.8888890147
68837  -38.343  2.223  61.663 0.7777780294
66705  -38.409  -0.638  59.542 0.6666669846
139651  -38.258  -0.637  58.999 0.6666669846
65702  -38.425  -1.794  58.254 0.5555559993
61736  -48.148  -5.778  56.389 0.4444440007
67772  -38.164  0.169  60.021 0.6666669846
67761  -38.009  1.065  60.676 0.6666669846
69887  -38.538  2.791  61.480 0.8888890147
67771  -37.626  1.113  59.672 0.6666669846
128013  -38.056  -0.698  58.389 0.5555559993
60753  -47.971  -6.996  56.128 0.4444440007
58826  -47.991  -8.224  54.058 0.4444440007
58797  -47.810  -7.776  55.417 0.4444440007
69886  -38.111  2.453  61.046 0.6666669846
68851  -37.587  1.835  60.001 0.6666669846
117675  -37.438  0.357  58.291 0.6666669846
133342  -37.538  -0.322  57.598 0.4444440007
65734  -37.520  -0.946  56.775 0.3333329856
137336  -37.257  -1.249  56.048 0.3333329856
65749  -36.864  -1.098  55.409 0.2222220004
65765  -36.846  -1.841  54.921 0.1111110002
62742  -48.086  -4.583  56.532 0.4444440007
59768  -48.690  -7.607  54.352 0.5555559993
59754  -48.496  -7.530  55.241 0.4444440007
59793  -48.301  -7.585  51.536 0.4444440007
59782  -48.621  -7.547  52.349 0.6666669846
69904  -38.287  2.786  60.744 0.6666669846
68860  -37.318  1.716  59.237 0.6666669846
67784  -36.918  1.153  58.040 0.6666669846
66732  -36.845  0.147  57.016 0.4444440007
66748  -36.685  -0.324  56.143 0.3333329856
66777  -36.284  -0.908  54.613 0.1111110002
65764  -35.866  -1.342  53.657 0.1111110002
63721  -47.980  -3.588  57.201 0.4444440007
59808  -48.279  -7.171  51.143 0.4444440007
60836  -47.264  -6.317  49.981 0.3333329856
132072  -51.117  -3.679  53.412 0.5555559993
64733  -52.109  -3.003  53.676 0.6666669846
61811  -46.765  -5.677  49.531 0.4444440007
62804  -48.050  -4.097  51.130 0.4444440007
63778  -48.771  -3.515  51.344 0.4444440007
61823  -46.422  -5.092  49.038 0.4444440007
62811  -46.757  -4.277  49.133 0.4444440007
140047  -47.562  -3.707  49.875 0.4444440007
70944  -38.732  3.114  60.365 0.6666669846
69903  -37.892  2.294  60.303 0.6666669846
68871  -37.093  1.648  58.409 0.6666669846
136609  -36.715  1.455  57.596 0.6666669846
67798  -36.389  1.061  57.262 0.3333329856
67820  -36.101  0.722  56.585 0.3333329856
66747  -35.792  0.538  55.834 0.3333329856
66762  -36.225  -0.331  55.409 0.3333329856
59744  -48.845  -7.104  55.723 0.6666669846
130091  -48.729  -7.614  53.326 0.6666669846
60784  -49.369  -6.549  53.513 0.6666669846
60812  -48.705  -6.971  51.870 0.6666669846
60783  -49.101  -7.022  52.842 0.6666669846
60799  -49.189  -6.397  53.001 0.6666669846
60824  -48.238  -6.575  51.208 0.5555559993
61782  -49.125  -5.601  52.791 0.4444440007
137460  -49.792  -5.091  53.490 0.6666669846
63751  -50.538  -4.447  53.844 0.6666669846
62754  -51.212  -3.888  55.092 0.7777780294
61803  -47.633  -5.998  50.666 0.4444440007
61794  -48.515  -5.885  51.963 0.4444440007
62783  -48.713  -4.798  52.207 0.4444440007
62784  -49.473  -4.447  52.796 0.4444440007
138646  -51.051  -4.028  53.968 0.7777780294
122437  -51.756  -2.592  54.405 0.7777780294
61812  -47.142  -5.364  50.122 0.4444440007
136085  -47.579  -4.894  50.791 0.4444440007
135097  -48.480  -4.220  51.695 0.4444440007
62796  -49.091  -3.823  52.143 0.4444440007
63766  -50.295  -3.975  53.258 0.4444440007
132013  -46.768  -4.915  49.593 0.4444440007
62812  -47.236  -4.365  49.901 0.4444440007
62820  -46.316  -4.444  48.415 0.4444440007
70945  -39.436  3.490  59.804 0.6666669846
70955  -38.562  2.890  59.462 0.6666669846
70956  -39.438  3.192  58.860 0.6666669846
69928  -37.238  1.893  58.404 0.6666669846
69927  -36.829  1.576  57.597 0.6666669846
138258  -35.971  1.152  56.757 0.4444440007
67819  -35.728  1.064  56.214 0.3333329856
66761  -35.446  0.265  55.064 0.2222220004
66776  -35.156  -0.175  54.235 0.1111110002
65775  -34.855  -0.402  53.433 0.1111110002
60739  -49.456  -6.203  55.973 0.6666669846
60767  -49.546  -6.563  54.217 0.6666669846
61772  -49.704  -5.920  53.870 0.6666669846
117421  -50.213  -5.388  54.885 0.6666669846
70028  -49.066  2.331  53.105 0.5555559993
60798  -48.910  -6.470  52.512 0.6666669846
61783  -49.417  -5.947  53.353 0.6666669846
61773  -50.175  -5.276  54.179 0.6666669846
62764  -50.639  -4.652  54.434 0.6666669846
68979  -48.654  1.835  52.419 0.5555559993
129394  -49.569  1.579  53.556 0.5555559993
68986  -47.253  1.698  51.231 0.4444440007
68987  -48.150  1.284  51.754 0.5555559993
69010  -45.073  1.086  49.825 0.3333329856
136577  -45.799  1.182  50.213 0.3333329856
67905  -47.738  0.586  51.240 0.4444440007
67891  -48.887  0.811  52.272 0.5555559993
67948  -43.454  0.176  48.933 0.3333329856
67935  -44.693  0.571  49.496 0.3333329856
67936  -45.461  0.408  49.725 0.3333329856
68999  -46.837  0.699  50.643 0.4444440007
67906  -48.432  0.472  51.664 0.5555559993
133092  -44.236  -0.034  49.097 0.3333329856
66827  -46.288  0.144  50.043 0.3333329856
66828  -47.616  -0.159  50.724 0.4444440007
67907  -49.087  0.004  51.850 0.5555559993
66877  -44.665  -0.956  48.610 0.2222220004
126963  -45.115  -0.333  49.226 0.3333329856
119065  -46.099  -0.589  49.422 0.3333329856
133119  -46.973  -0.211  50.312 0.3333329856
66815  -48.384  -0.127  51.248 0.5555559993
66878  -45.667  -1.089  48.711 0.3333329856
65851  -45.406  -1.448  48.104 0.2222220004
66879  -46.597  -1.198  48.637 0.3333329856
70969  -38.585  2.624  58.596 0.6666669846
70957  -40.096  3.476  58.347 0.6666669846
119365  -37.842  2.189  58.160 0.6666669846
69943  -38.719  2.423  57.773 0.6666669846
69941  -36.515  1.630  57.037 0.6666669846
68901  -36.144  1.503  56.518 0.2222220004
71951  -40.785  4.096  58.359 0.7777780294
68923  -35.726  1.245  55.960 0.2222220004
67839  -35.194  1.039  55.402 0.2222220004
67852  -34.848  0.753  54.554 0.2222220004
71066  -46.571  3.029  51.427 0.5555559993
70026  -47.764  3.188  52.074 0.6666669846
70014  -49.126  2.424  53.830 0.6666669846
70048  -45.682  2.141  50.651 0.4444440007
70038  -46.505  2.375  51.100 0.4444440007
70040  -47.966  2.329  51.832 0.5555559993
68997  -44.996  1.666  50.137 0.3333329856
69009  -44.431  1.244  49.747 0.3333329856
67934  -43.924  0.741  49.358 0.3333329856
123312  -50.026  -0.631  51.208 0.3333329856
66829  -48.457  -0.621  50.578 0.4444440007
119091  -49.230  -0.523  51.211 0.4444440007
127605  -46.787  -0.519  49.831 0.3333329856
122788  -47.072  -0.949  49.269 0.3333329856
118318  -47.612  -0.715  49.973 0.3333329856
70971  -40.357  3.390  57.617 0.6666669846
69960  -38.178  2.056  57.081 0.6666669846
70970  -39.507  2.950  57.883 0.6666669846
136957  -37.139  1.819  57.038 0.6666669846
69944  -39.294  2.469  57.119 0.6666669846
70983  -39.936  2.941  57.133 0.6666669846
71964  -41.853  4.660  57.576 0.7777780294
68902  -36.620  1.625  56.513 0.5555559993
70984  -40.508  3.256  56.789 0.6666669846
71963  -41.057  3.983  57.317 0.7777780294
68924  -36.043  1.469  55.780 0.3333329856
123904  -48.414  3.731  54.012 0.7777780294
71033  -48.135  4.030  53.500 0.7777780294
71067  -47.136  3.298  51.807 0.6666669846
71051  -47.353  3.840  52.357 0.6666669846
68994  -42.295  2.085  50.165 0.3333329856
68995  -43.227  2.019  50.084 0.3333329856
70047  -44.736  2.318  50.543 0.4444440007
70037  -45.287  2.793  51.043 0.5555559993
68996  -44.148  1.851  50.109 0.3333329856
69008  -43.608  1.391  49.679 0.3333329856
66849  -48.598  -0.813  49.726 0.4444440007
66830  -49.520  -0.729  50.426 0.4444440007
118622  -47.906  -0.944  49.131 0.3333329856
66880  -47.415  -1.115  48.526 0.2222220004
69978  -38.512  1.888  56.053 0.6666669846
128759  -39.101  2.215  56.469 0.6666669846
68926  -37.884  1.458  55.557 0.6666669846
70985  -41.115  3.670  56.387 0.6666669846
116333  -42.235  4.501  56.125 0.7777780294
68945  -37.010  1.225  55.081 0.5555559993
69959  -37.556  1.696  56.372 0.5555559993
70995  -41.267  3.567  55.570 0.7777780294
71985  -42.777  4.749  55.476 0.7777780294
72960  -44.195  5.303  54.797 0.7777780294
68925  -36.985  1.492  55.896 0.3333329856
71045  -42.058  3.547  52.534 0.5555559993
72975  -46.201  5.265  54.123 0.7777780294
71999  -47.483  4.855  54.441 0.7777780294
72000  -47.959  4.315  54.327 0.7777780294
71062  -43.120  3.496  51.607 0.5555559993
71047  -43.610  3.923  52.103 0.5555559993
72020  -47.539  4.626  53.654 0.6666669846
71063  -43.998  3.517  51.536 0.5555559993
72038  -47.130  4.456  52.861 0.6666669846
71032  -47.751  4.215  52.980 0.6666669846
70044  -41.894  2.562  50.859 0.3333329856
70045  -42.858  2.585  50.597 0.4444440007
70035  -43.442  3.045  51.048 0.5555559993
71064  -44.966  3.428  51.527 0.5555559993
71050  -46.567  3.588  51.875 0.5555559993
70046  -43.803  2.466  50.540 0.3333329856
70036  -44.368  2.937  51.032 0.4444440007
66850  -49.440  -0.693  49.429 0.3333329856
118408  -50.262  -0.633  49.981 0.3333329856
66881  -48.657  -0.797  48.876 0.3333329856
128454  -48.071  -0.941  48.456 0.4444440007
66882  -49.379  -0.513  48.542 0.3333329856
69979  -39.364  2.162  55.740 0.6666669846
69961  -39.885  2.636  56.380 0.6666669846
70994  -40.594  3.134  55.941 0.6666669846
69980  -40.096  2.583  55.445 0.6666669846
69999  -40.277  2.554  54.574 0.6666669846
71010  -40.767  3.083  55.073 0.6666669846
71994  -42.085  4.031  54.395 0.7777780294
71986  -43.318  4.919  54.915 0.7777780294
121720  -39.578  2.069  54.907 0.6666669846
71995  -42.592  4.248  53.834 0.6666669846
71996  -43.420  4.716  54.087 0.6666669846
71997  -45.153  5.270  54.178 0.7777780294
71012  -41.753  3.612  53.585 0.6666669846
72015  -43.130  4.401  53.362 0.6666669846
117952  -44.261  4.947  53.917 0.6666669846
72017  -44.770  4.771  53.357 0.7777780294
72018  -45.710  4.886  53.397 0.7777780294
71030  -42.583  4.043  53.019 0.5555559993
71031  -43.300  4.217  52.731 0.5555559993
72036  -45.239  4.457  52.709 0.6666669846
132944  -46.214  4.507  52.754 0.6666669846
71048  -44.553  4.034  52.141 0.5555559993
71049  -45.723  3.941  52.076 0.5555559993
66852  -51.225  -0.060  50.179 0.3333329856
66851  -50.372  -0.287  49.094 0.3333329856
53553  -14.121  -13.782  76.320 0.1111110002
53544  -13.202  -13.767  77.040 0.1111110002
53536  -12.462  -13.847  77.609 0.1111110002
52407  -12.431  -14.217  76.429 0.1111110002
53540  -15.020  -13.875  76.952 0.5555559993
53546  -15.331  -14.406  76.126 0.5555559993
53554  -14.972  -13.947  75.946 0.2222220004
48998  -20.712  -17.167  75.249 0.6666669846
50117  -18.917  -16.151  75.869 0.5555559993
48977  -21.115  -17.097  76.142 0.5555559993
48997  -19.857  -17.190  75.153 0.5555559993
51276  -10.301  -15.222  77.328 0.1111110002
139962  -30.527  -16.926  73.638 0.6666669846
47942  -27.793  -18.762  75.615 0.3333329856
49041  -32.977  -17.867  72.082 0.5555559993
52406  -11.671  -14.491  76.764 0.1111110002
45984  -26.157  -19.568  75.536 0.4444440007
45998  -26.754  -19.658  75.297 0.2222220004
48020  -33.183  -18.834  71.782 0.3333329856
47997  -33.316  -18.463  71.798 0.4444440007
119714  -13.931  -13.737  77.026 0.2222220004
48979  -23.453  -17.186  76.056 0.6666669846
51295  -24.456  -16.045  75.768 0.4444440007
51323  -26.481  -16.116  74.728 0.5555559993
46025  -23.866  -19.514  73.756 0.2222220004
46966  -24.928  -19.386  73.978 0.2222220004
52477  -31.076  -14.974  69.686 0.6666669846
139508  -22.375  -16.473  76.028 0.4444440007
51294  -23.535  -16.020  75.883 0.4444440007
51408  -27.441  -15.561  70.201 0.3333329856
52485  -30.103  -14.415  68.462 0.5555559993
138530  -21.812  -16.851  75.987 0.5555559993
53595  -32.377  -14.702  67.881 0.5555559993
139587  -31.530  -14.836  68.613 0.5555559993
44222  -21.263  -22.539  69.987 0.1111110002
53596  -33.084  -14.515  67.632 0.6666669846
53597  -33.894  -14.336  67.392 0.7777780294
52410  -17.698  -14.910  76.033 0.5555559993
121383  -19.641  -20.109  68.844 0.1111110002
53613  -36.997  -13.609  67.021 0.8888890147
59597  -39.711  -7.688  66.259 0.8888890147
61640  -39.787  -5.549  65.768 0.7777780294
62653  -39.902  -3.883  65.219 0.8888890147
63628  -39.795  -2.975  64.875 0.8888890147
67750  -38.446  0.509  61.547 0.7777780294
130447  -38.324  1.466  61.666 0.7777780294
70935  -38.916  3.255  61.191 0.7777780294
72930  -42.985  5.194  56.343 0.7777780294
66816  -49.971  -0.375  51.829 0.5555559993
138862  -11.780  -18.400  72.559 0.2222220004
53555  -15.720  -14.423  75.690 0.5555559993
57586  -39.293  -9.146  66.217 0.8888890147
64612  -39.567  -2.154  64.424 0.8888890147
122254  -38.730  0.017  62.152 0.7777780294
71973  -41.689  4.258  56.713 0.7777780294
62765  -51.146  -4.045  54.414 0.7777780294
70027  -48.399  2.840  52.588 0.6666669846
71052  -48.086  3.664  52.773 0.6666669846
137804  -34.458  -19.380  69.285 0.1111110002
48072  -35.505  -19.011  69.595 0.3333329856
47038  -35.103  -19.157  69.799 0.1111110002
48043  -34.184  -18.854  70.962 0.4444440007
48078  -31.861  -18.481  67.893 0.1111110002
116791  -29.941  -17.806  68.289 0.1111110002
116787  -30.232  -17.893  67.407 0.1111110002
48091  -31.838  -18.430  66.805 0.1111110002
48090  -30.706  -18.097  66.501 0.1111110002
48019  -32.421  -18.993  72.183 0.2222220004
116877  -31.667  -19.060  71.675 0.2222220004
48039  -29.585  -18.453  70.748 0.2222220004
48057  -29.044  -18.028  69.941 0.2222220004
49028  -31.831  -17.636  73.110 0.5555559993
47995  -31.905  -18.834  72.735 0.2222220004
47020  -30.864  -19.287  72.684 0.2222220004
132586  -31.827  -14.074  67.591 0.4444440007
53609  -32.157  -13.867  67.289 0.3333329856
53612  -34.439  -13.786  66.962 0.6666669846
53627  -34.692  -13.594  66.054 0.5555559993
138627  -27.878  -18.281  70.742 0.1111110002
53624  -32.447  -13.540  65.905 0.4444440007
53625  -33.126  -13.509  66.002 0.4444440007
130969  -31.310  -18.679  73.342 0.3333329856
47968  -31.385  -18.026  73.553 0.5555559993
46988  -30.652  -19.154  73.678 0.2222220004
47966  -29.837  -18.560  74.576 0.4444440007
46970  -30.049  -19.145  74.239 0.3333329856
47006  -31.182  -19.190  73.081 0.2222220004
52512  -30.428  -14.081  66.624 0.4444440007
53608  -31.309  -13.809  66.680 0.4444440007
118939  -35.437  -13.701  65.508 0.5555559993
53629  -36.342  -13.617  66.070 0.5555559993
48014  -26.457  -18.523  71.061 0.1111110002
53640  -32.690  -13.621  65.086 0.3333329856
53653  -35.878  -13.999  63.158 0.2222220004
53638  -30.866  -13.925  64.801 0.2222220004
53649  -31.796  -14.013  63.540 0.1111110002
123685  -33.870  -13.968  64.232 0.3333329856
53650  -32.684  -14.078  63.475 0.1111110002
53637  -30.108  -14.167  64.153 0.1111110002
53647  -30.096  -14.212  63.434 0.1111110002
53665  -33.162  -14.278  62.683 0.1111110002
117827  -31.784  -14.242  62.008 0.1111110002
49013  -30.092  -17.692  74.391 0.4444440007
46969  -29.377  -19.188  74.678 0.3333329856
117995  -28.741  -19.590  74.576 0.3333329856
46986  -28.940  -19.696  73.864 0.2222220004
47002  -27.404  -19.124  72.840 0.2222220004
122802  -29.314  -14.465  67.166 0.2222220004
139110  -37.665  -13.351  65.057 0.5555559993
54665  -37.819  -12.692  63.315 0.5555559993
53655  -37.247  -13.425  63.691 0.5555559993
56575  -39.275  -10.031  66.293 0.8888890147
48013  -25.586  -18.642  71.094 0.1111110002
47028  -24.729  -18.765  70.884 0.1111110002
132697  -35.884  -13.763  62.216 0.1111110002
47027  -23.764  -19.056  70.642 0.1111110002
53697  -35.197  -13.253  60.648 0.1111110002
46955  -27.963  -19.241  75.425 0.3333329856
46000  -28.053  -19.596  75.061 0.3333329856
46967  -26.053  -19.538  74.337 0.1111110002
55614  -39.032  -11.446  65.592 0.7777780294
46983  -25.551  -19.174  73.369 0.1111110002
54656  -38.444  -12.650  64.679 0.4444440007
46999  -24.201  -19.020  72.245 0.1111110002
138881  -23.198  -19.371  71.212 0.1111110002
53668  -37.219  -13.085  62.791 0.1111110002
116355  -17.933  -19.321  67.656 0.1111110002
54689  -36.519  -12.307  61.320 0.1111110002
46087  -18.545  -19.839  66.814 0.1111110002
52546  -28.505  -14.517  63.324 0.1111110002
46052  -22.673  -20.662  70.191 0.1111110002
44207  -23.386  -23.179  70.678 0.1111110002
54713  -32.873  -13.019  58.842 0.1111110002
44265  -21.342  -22.782  65.576 0.1111110002
119953  -21.818  -23.195  66.027 0.1111110002
44225  -24.831  -23.699  69.756 0.1111110002
43280  -25.375  -23.728  69.382 0.1111110002
46981  -23.390  -19.484  72.829 0.2222220004
56609  -38.656  -10.744  64.899 0.7777780294
57617  -38.309  -9.183  65.722 0.7777780294
58645  -38.713  -8.540  65.949 0.7777780294
54677  -37.596  -12.159  62.477 0.2222220004
55642  -36.957  -11.546  61.820 0.1111110002
51450  -27.569  -15.170  66.276 0.1111110002
57673  -36.113  -9.783  61.813 0.1111110002
56641  -35.761  -10.197  61.256 0.1111110002
43271  -23.645  -23.464  70.328 0.1111110002
43288  -23.886  -24.211  69.536 0.1111110002
57645  -37.394  -9.630  63.823 0.6666669846
58659  -38.171  -8.628  65.487 0.7777780294
58673  -37.786  -8.692  64.875 0.7777780294
58685  -37.401  -8.854  63.993 0.5555559993
57662  -36.631  -9.484  62.560 0.2222220004
140451  -36.994  -8.741  62.721 0.3333329856
139176  -37.153  -8.752  63.355 0.4444440007
119360  -36.044  -9.128  60.756 0.1111110002
57684  -35.504  -9.517  60.186 0.1111110002
59634  -38.319  -7.515  64.813 0.7777780294
60647  -38.889  -6.835  65.178 0.7777780294
132130  -39.431  -5.532  65.278 0.7777780294
59653  -38.251  -7.503  62.862 0.7777780294
60657  -38.752  -6.808  64.285 0.7777780294
123214  -38.732  -6.802  62.449 0.4444440007
60677  -38.453  -6.820  61.011 0.3333329856
61680  -39.128  -5.969  62.707 0.7777780294
51322  -25.402  -15.985  74.987 0.4444440007
51321  -24.462  -16.062  74.942 0.4444440007
50180  -25.641  -16.492  72.472 0.3333329856
50165  -25.348  -16.507  73.161 0.2222220004
51337  -24.973  -16.393  74.034 0.4444440007
50163  -23.707  -16.861  73.215 0.2222220004
50164  -24.517  -16.704  73.181 0.2222220004
118923  -39.282  -5.203  64.472 0.7777780294
120032  -39.242  -4.531  63.735 0.7777780294
116636  -39.264  -3.664  64.081 0.7777780294
136777  -39.182  -5.452  61.932 0.7777780294
52420  -16.364  -14.737  74.838 0.4444440007
122660  -16.890  -14.636  75.639 0.6666669846
117655  -17.284  -14.850  75.116 0.5555559993
51291  -21.129  -16.433  75.732 0.4444440007
51318  -21.682  -16.544  74.751 0.3333329856
51319  -22.502  -16.565  74.663 0.3333329856
51305  -23.031  -16.248  75.317 0.4444440007
64611  -39.383  -2.905  64.357 0.8888890147
119369  -23.220  -17.051  72.713 0.1111110002
63641  -39.185  -3.127  63.498 0.6666669846
50137  -20.356  -16.660  75.068 0.5555559993
65670  -38.965  -1.458  61.455 0.7777780294
64648  -39.120  -2.454  61.543 0.6666669846
65678  -38.855  -1.240  60.698 0.7777780294
128579  -39.118  -2.862  60.559 0.5555559993
64667  -38.940  -2.458  59.800 0.5555559993
65703  -38.494  -1.240  58.995 0.6666669846
66704  -37.903  0.124  59.111 0.6666669846
65720  -37.982  -1.275  57.574 0.4444440007
67785  -37.248  1.188  58.832 0.6666669846
69914  -37.487  2.028  59.339 0.6666669846
67799  -37.001  0.525  57.664 0.6666669846
59755  -49.248  -7.082  54.822 0.6666669846
69915  -38.027  2.565  59.907 0.6666669846
63765  -50.079  -3.535  52.487 0.3333329856
68881  -36.291  1.439  57.019 0.6666669846
62795  -48.140  -4.930  51.548 0.4444440007
69929  -37.813  2.339  59.071 0.6666669846
69942  -37.125  1.836  57.591 0.6666669846
68998  -46.391  1.676  50.731 0.3333329856
70039  -47.234  2.718  51.525 0.5555559993
118477  -45.999  2.739  51.107 0.4444440007
71065  -45.882  3.269  51.449 0.5555559993
71984  -41.994  4.136  55.266 0.7777780294
71011  -41.484  3.561  54.686 0.6666669846
123884  -42.684  4.468  54.656 0.7777780294
70034  -42.579  3.049  51.183 0.5555559993
72016  -43.874  4.567  53.242 0.5555559993
71029  -40.955  3.074  54.179 0.6666669846
135625  -13.088  -14.092  76.019 0.1111110002
47082  -37.229  -19.356  66.818 0.3333329856
48106  -37.941  -18.899  66.231 0.4444440007
47083  -37.527  -19.208  66.120 0.3333329856
134941  -38.252  -18.213  66.124 0.4444440007
48107  -38.207  -18.425  65.881 0.4444440007
49132  -38.507  -17.842  65.058 0.3333329856
48123  -36.934  -19.093  65.124 0.2222220004
48142  -37.449  -18.514  64.741 0.3333329856
49148  -38.579  -17.422  64.325 0.2222220004
48140  -35.874  -18.234  63.874 0.2222220004
125551  -37.331  -17.887  64.173 0.2222220004
49147  -37.967  -17.458  63.928 0.2222220004
130349  -37.687  -7.867  61.609 0.2222220004
58724  -37.322  -8.002  60.917 0.2222220004
58741  -36.301  -8.297  59.447 0.2222220004
61691  -39.016  -5.386  61.099 0.5555559993
60689  -38.735  -6.095  60.879 0.2222220004
135896  -38.906  -5.020  60.425 0.4444440007
127179  -39.243  -4.871  62.644 0.6666669846
63648  -39.174  -4.032  62.204 0.5555559993
62673  -39.215  -4.717  61.656 0.5555559993
63656  -39.176  -3.938  61.359 0.5555559993
62683  -39.098  -4.544  60.839 0.5555559993
63666  -39.083  -3.724  60.479 0.5555559993
62694  -38.892  -4.440  60.065 0.4444440007
132448  -38.973  -3.183  59.864 0.4444440007
64683  -38.744  -3.028  58.964 0.3333329856
138814  -38.588  -2.428  58.540 0.3333329856
68927  -38.790  1.670  55.223 0.5555559993
68946  -38.161  1.223  54.724 0.5555559993
68947  -39.042  1.494  54.396 0.4444440007
68976  -38.922  0.917  53.081 0.3333329856
68965  -39.313  1.420  53.554 0.4444440007
69998  -39.793  2.002  54.065 0.5555559993
68966  -40.004  2.028  53.177 0.3333329856
123332  -41.007  3.044  53.405 0.3333329856
68978  -40.299  2.081  52.195 0.3333329856
70023  -40.944  2.770  52.092 0.3333329856
70025  -42.336  3.378  51.789 0.4444440007
135366  -40.805  2.361  51.608 0.3333329856
136628  -41.917  3.006  51.426 0.3333329856
70033  -41.327  2.728  51.481 0.3333329856
66906  -48.597  -0.692  47.966 0.3333329856
67963  -48.910  -0.172  47.231 0.3333329856
67978  -48.505  0.160  46.467 0.2222220004
122441  -48.039  0.661  45.773 0.1111110002
70102  -46.698  2.202  44.191 0.1111110002
67988  -48.104  1.695  45.460 0.2222220004
70087  -47.866  2.460  45.082 0.2222220004
119364  -47.438  2.915  44.517 0.2222220004
69051  -47.390  1.975  44.859 0.1111110002
71138  -46.803  3.120  43.806 0.1111110002
71151  -46.774  3.868  43.331 0.2222220004
137220  -47.785  3.532  44.601 0.1111110002
71139  -47.429  3.853  44.091 0.2222220004
72132  -47.305  4.584  43.449 0.2222220004
72140  -46.743  4.537  42.747 0.1111110002
71140  -48.133  3.201  45.086 0.1111110002
72126  -48.174  4.129  44.795 0.1111110002
73095  -46.763  5.207  42.191 0.1111110002
72141  -47.230  5.241  42.890 0.2222220004
72106  -48.914  4.575  45.448 0.1111110002
72125  -47.908  4.746  44.134 0.2222220004
120293  -48.267  5.470  44.129 0.1111110002
73086  -47.768  5.312  43.545 0.2222220004
73087  -48.279  6.134  43.685 0.1111110002
132767  -47.667  5.826  43.070 0.2222220004
74853  -49.049  6.896  44.212 0.2222220004
73949  -48.627  7.026  43.457 0.2222220004
73948  -47.941  6.503  42.918 0.2222220004
73954  -47.741  6.763  42.298 0.2222220004
74854  -49.802  7.734  44.527 0.2222220004
75861  -49.101  7.942  43.382 0.2222220004
132381  -47.909  7.312  41.913 0.2222220004
73955  -48.316  7.353  42.678 0.1111110002
123162  -49.414  8.656  42.991 0.1111110002
74877  -47.788  7.275  41.136 0.3333329856
74870  -48.400  7.918  42.098 0.1111110002
75881  -48.650  8.362  41.500 0.1111110002
76950  -50.188  9.776  42.421 0.1111110002
74878  -48.164  7.762  41.479 0.2222220004
122610  -48.270  7.951  40.698 0.1111110002
75882  -49.447  9.202  41.730 0.1111110002
121729  -48.665  8.421  40.012 0.1111110002
75896  -48.690  8.557  39.114 0.1111110002
74899  -48.265  8.023  38.625 0.1111110002
75890  -49.557  9.557  40.943 0.1111110002
76966  -50.015  10.343  40.615 0.2222220004
76965  -49.241  9.299  39.905 0.2222220004
76939  -50.239  9.372  43.193 0.2222220004
77960  -50.972  10.686  41.830 0.3333329856
77971  -50.822  10.980  41.205 0.2222220004
123030  -39.202  -3.262  61.154 0.5555559993
132404  -38.206  -2.032  57.510 0.3333329856
70012  -41.312  3.156  52.719 0.4444440007
70024  -41.595  3.140  51.973 0.4444440007
121367  -40.459  2.550  53.719 0.4444440007
48124  -37.873  -18.660  65.426 0.3333329856
49131  -38.044  -18.021  64.630 0.2222220004
48141  -36.673  -18.411  64.354 0.2222220004
63694  -38.552  -3.851  58.929 0.3333329856
70011  -40.665  2.624  52.871 0.3333329856
73096  -47.270  5.999  42.298 0.2222220004
132005  -49.204  7.547  43.943 0.2222220004
131964  -48.804  8.077  42.686 0.1111110002
75874  -49.014  8.554  42.253 0.1111110002
75875  -49.627  9.148  42.539 0.1111110002
74891  -48.168  7.755  39.592 0.2222220004
75889  -48.905  8.799  40.794 0.1111110002
76959  -50.688  10.215  42.198 0.3333329856
76958  -50.305  10.250  41.691 0.2222220004
47063  -36.087  -19.407  67.912 0.1111110002
47100  -35.781  -19.534  65.878 0.1111110002
46009  -8.853  -20.113  74.753 0.3333329856
123221  -8.949  -20.278  74.052 0.2222220004
52432  -18.779  -15.503  75.438 0.5555559993
51301  -19.218  -16.018  75.217 0.3333329856
45993  -8.783  -20.019  75.607 0.3333329856
46977  -9.357  -20.076  73.480 0.2222220004
132316  -15.407  -14.526  74.984 0.1111110002
54717  -40.007  -11.770  60.168 0.3333329856
66805  -45.021  -0.946  52.951 0.1111110002
64746  -45.054  -2.521  52.247 0.1111110002
127233  -41.003  -9.951  51.076 0.1111110002
57832  -41.861  -9.693  51.313 0.1111110002
57849  -43.613  -9.645  49.713 0.1111110002
57833  -44.291  -9.609  50.301 0.1111110002
134349  -41.103  -10.136  50.947 0.1111110002
57848  -42.305  -9.806  50.366 0.1111110002
137202  -44.954  -10.080  49.151 0.1111110002
131184  -46.778  -8.638  49.053 0.1111110002
59807  -47.888  -7.667  50.791 0.1111110002
59834  -46.408  -7.967  48.535 0.1111110002
59822  -47.032  -7.919  49.306 0.1111110002
65792  -45.529  -1.710  52.790 0.1111110002
63762  -44.872  -3.648  51.933 0.1111110002
61792  -43.646  -5.457  51.671 0.1111110002
62794  -44.294  -4.535  51.710 0.1111110002
61780  -44.515  -5.569  52.354 0.1111110002
63764  -46.246  -3.585  52.915 0.1111110002
60810  -42.536  -7.002  51.737 0.1111110002
60811  -43.252  -6.528  52.057 0.1111110002
132605  -43.870  -6.240  52.358 0.1111110002
61781  -45.083  -6.223  53.156 0.1111110002
138375  -42.322  -8.738  52.543 0.1111110002
59780  -42.673  -8.441  52.792 0.1111110002
57816  -43.424  -9.487  52.366 0.1111110002
57800  -46.889  -9.093  52.658 0.1111110002
58811  -47.443  -8.232  54.958 0.1111110002
58845  -41.633  -8.639  51.625 0.1111110002
134886  -42.016  -9.046  52.284 0.1111110002
120726  -42.788  -9.531  51.988 0.1111110002
118150  -43.809  -9.533  51.424 0.1111110002
57817  -44.278  -9.531  52.075 0.1111110002
57818  -45.247  -9.568  51.694 0.1111110002
57799  -46.109  -9.343  53.026 0.1111110002
58835  -47.600  -8.533  52.236 0.1111110002
58836  -48.196  -8.140  52.840 0.3333329856
120142  -43.106  -9.586  50.871 0.1111110002
117470  -45.612  -9.899  49.848 0.1111110002
57835  -46.200  -9.713  50.276 0.1111110002
58859  -47.168  -8.854  50.532 0.1111110002
58847  -47.708  -8.268  51.263 0.1111110002
57860  -45.634  -10.068  48.838 0.1111110002
57850  -46.187  -9.766  49.408 0.1111110002
58875  -47.131  -8.669  49.740 0.1111110002
132245  -47.486  -8.260  50.462 0.1111110002
57870  -45.858  -9.612  48.113 0.1111110002
57861  -46.051  -9.738  48.681 0.1111110002
58874  -46.583  -9.265  49.202 0.1111110002
62774  -46.623  -4.290  53.362 0.1111110002
61770  -45.860  -5.774  53.428 0.1111110002
60782  -45.597  -6.762  53.947 0.1111110002
118525  -43.266  -8.027  53.174 0.1111110002
59765  -43.811  -8.573  53.667 0.1111110002
59767  -45.353  -7.700  54.314 0.1111110002
132851  -46.132  -7.293  54.667 0.1111110002
59752  -46.679  -7.662  55.109 0.1111110002
57796  -42.918  -9.317  52.814 0.1111110002
57777  -43.413  -9.174  53.315 0.1111110002
57779  -44.810  -9.217  53.875 0.1111110002
58823  -45.313  -8.890  54.290 0.1111110002
57781  -46.519  -9.067  53.729 0.1111110002
57798  -44.666  -9.459  52.929 0.1111110002
119908  -45.664  -9.487  52.372 0.1111110002
69006  -41.813  1.510  49.745 0.1111110002
67933  -43.102  0.870  49.263 0.2222220004
68964  -38.421  0.967  53.815 0.3333329856
68977  -39.553  1.364  52.687 0.2222220004
68985  -40.403  1.861  51.334 0.1111110002
127782  -41.056  2.220  51.028 0.1111110002
67920  -40.878  1.248  49.909 0.1111110002
69007  -42.709  1.511  49.666 0.2222220004
67938  -51.891  1.447  50.032 0.2222220004
69018  -51.997  2.229  49.548 0.2222220004
66918  -48.053  -0.665  47.028 0.2222220004
69024  -49.983  1.107  47.123 0.2222220004
69038  -49.487  1.687  46.472 0.1111110002
68993  -41.403  1.925  50.367 0.1111110002
69017  -50.809  0.457  48.494 0.2222220004
66907  -49.301  -0.302  47.853 0.2222220004
67949  -49.990  -0.039  48.142 0.2222220004
67950  -51.471  1.366  49.051 0.2222220004
67979  -49.228  0.643  46.768 0.2222220004
135188  -51.048  1.199  48.191 0.2222220004
73105  -46.929  6.053  41.400 0.1111110002
73962  -47.441  6.686  41.640 0.1111110002
67964  -49.638  0.256  47.445 0.2222220004
48081  -36.636  -18.955  68.204 0.2222220004
47064  -36.768  -19.337  67.421 0.1111110002
66793  -45.324  -0.351  53.592 0.1111110002
64747  -45.958  -2.535  52.787 0.1111110002
62762  -47.127  -4.510  53.915 0.1111110002
61771  -46.580  -5.164  53.640 0.1111110002
124442  -47.678  -4.189  55.471 0.2222220004
61759  -46.478  -6.229  54.304 0.1111110002
61760  -47.272  -5.922  54.994 0.2222220004
120470  -21.060  -16.444  74.887 0.3333329856
60752  -47.688  -6.494  55.866 0.3333329856
59742  -47.393  -7.288  55.558 0.2222220004
127784  -47.393  -8.686  53.347 0.1111110002
59753  -47.220  -7.830  55.356 0.1111110002
58848  -48.220  -8.038  51.988 0.1111110002
51302  -20.546  -16.451  75.033 0.3333329856
47101  -36.675  -19.476  65.907 0.2222220004
134244  -36.476  -19.553  66.549 0.1111110002
135392  -48.356  2.489  45.439 0.1111110002
69037  -48.706  1.134  46.119 0.1111110002
57815  -41.611  -9.499  51.457 0.1111110002
58846  -42.502  -9.072  52.698 0.1111110002
137198  -45.059  -9.825  50.005 0.1111110002
58887  -46.371  -9.078  48.580 0.1111110002
62782  -45.545  -4.169  52.431 0.1111110002
60797  -44.316  -6.654  52.970 0.1111110002
120935  -45.347  -5.192  52.701 0.1111110002
62773  -46.068  -4.720  52.992 0.1111110002
59792  -42.887  -7.490  52.501 0.1111110002
60796  -43.590  -7.054  52.766 0.1111110002
60781  -44.820  -7.193  53.656 0.1111110002
59781  -44.024  -7.614  53.447 0.1111110002
59791  -42.227  -8.135  52.183 0.1111110002
57797  -43.682  -9.430  52.969 0.1111110002
139445  -46.552  -9.354  51.342 0.1111110002
57834  -44.916  -9.639  50.846 0.1111110002
117795  -46.098  -9.579  51.276 0.1111110002
57780  -45.651  -9.210  53.952 0.1111110002
57836  -46.650  -9.350  50.750 0.1111110002
57851  -46.733  -9.359  49.916 0.1111110002
59766  -44.578  -8.190  54.019 0.1111110002
58808  -45.251  -8.465  54.364 0.1111110002
58810  -46.557  -8.281  54.899 0.1111110002
58809  -45.832  -8.493  54.558 0.1111110002
67965  -50.414  0.681  47.748 0.2222220004
121841  -39.495  -12.282  59.804 0.1111110002
55676  -39.589  -11.553  59.507 0.1111110002
63681  -38.838  -3.780  59.590 0.2222220004
63693  -38.291  -3.632  58.267 0.2222220004
63718  -37.477  -3.480  56.550 0.2222220004
62720  -37.787  -4.319  57.869 0.1111110002
63706  -37.883  -3.524  57.424 0.2222220004
62738  -36.943  -4.255  56.218 0.1111110002
62749  -36.588  -4.221  55.460 0.1111110002
64682  -38.339  -2.717  57.966 0.2222220004
64697  -37.898  -2.568  56.962 0.2222220004
63728  -37.451  -2.646  56.074 0.1111110002
65750  -37.265  -1.893  55.650 0.2222220004
68963  -37.588  0.975  54.286 0.2222220004
118579  -46.714  -7.060  48.984 0.1111110002
121830  -46.427  -6.075  48.943 0.2222220004
63806  -46.878  -3.633  48.423 0.3333329856
63797  -47.424  -3.479  49.258 0.3333329856
134921  -47.811  -6.986  50.466 0.3333329856
116457  -48.094  -3.165  49.892 0.3333329856
63798  -48.351  -2.801  49.031 0.2222220004
63767  -52.001  -3.245  52.901 0.2222220004
128403  -50.982  -2.974  51.871 0.2222220004
64760  -52.569  -2.300  51.306 0.2222220004
124040  -52.684  -2.048  50.178 0.2222220004
63791  -49.343  -2.844  50.663 0.2222220004
64769  -50.378  -2.534  50.018 0.2222220004
121722  -52.387  -2.274  49.811 0.2222220004
64813  -53.400  -2.226  47.292 0.2222220004
64768  -49.132  -2.659  49.685 0.2222220004
64793  -50.966  -2.566  48.543 0.2222220004
63822  -51.894  -3.200  46.891 0.2222220004
64780  -49.284  -2.609  48.850 0.2222220004
63821  -50.583  -3.162  46.804 0.2222220004
54703  -39.732  -12.638  60.407 0.2222220004
63753  -52.275  -3.127  53.071 0.3333329856
64772  -52.759  -1.951  50.572 0.2222220004
64771  -52.466  -2.261  50.567 0.2222220004
136900  -51.718  -2.595  48.366 0.2222220004
53717  -39.177  -13.009  60.000 0.1111110002
64759  -51.842  -2.599  51.172 0.2222220004
63781  -52.167  -2.828  52.078 0.2222220004
63824  -53.557  -2.909  46.513 0.2222220004
133951  -46.876  -6.486  49.433 0.2222220004
63780  -51.209  -3.359  52.724 0.3333329856
63790  -48.382  -3.362  50.621 0.3333329856
63779  -49.763  -3.155  51.618 0.3333329856
61822  -45.973  -5.366  48.439 0.2222220004
122500  -37.930  -1.742  57.003 0.2222220004
54730  -39.062  -12.008  59.071 0.1111110002
65735  -37.672  -1.838  56.364 0.2222220004
63807  -47.735  -3.033  48.333 0.2222220004
140373  -48.678  -2.921  50.215 0.2222220004
64758  -50.629  -2.655  50.954 0.2222220004
64770  -51.637  -2.493  50.302 0.2222220004
64782  -51.505  -2.500  49.277 0.2222220004
63823  -52.906  -3.134  46.775 0.2222220004
64781  -50.213  -2.541  49.126 0.2222220004
64810  -51.093  -2.762  47.701 0.2222220004
56657  -39.630  -10.783  59.253 0.1111110002
126170  -41.319  -3.131  56.740 0.1111110002
64712  -40.971  -2.938  55.864 0.1111110002
63737  -39.890  -3.748  54.600 0.1111110002
62751  -40.144  -4.327  55.728 0.1111110002
63719  -40.780  -3.762  56.325 0.1111110002
64721  -40.643  -2.668  55.008 0.1111110002
63738  -40.212  -3.155  54.415 0.1111110002
63729  -40.351  -3.511  55.297 0.1111110002
65766  -40.970  -1.882  54.695 0.1111110002
63748  -40.151  -2.966  53.535 0.1111110002
63761  -40.250  -2.831  52.588 0.1111110002
66803  -43.263  -0.782  52.489 0.1111110002
67876  -43.919  0.201  53.532 0.1111110002
63773  -39.862  -3.373  51.878 0.1111110002
65751  -41.205  -1.624  55.502 0.1111110002
120958  -41.368  -0.814  55.485 0.1111110002
64731  -40.569  -2.460  54.115 0.1111110002
139582  -41.182  -1.310  54.116 0.1111110002
65776  -40.923  -1.802  53.733 0.1111110002
65777  -41.342  -1.201  53.361 0.1111110002
64738  -40.577  -2.308  53.188 0.1111110002
65787  -41.051  -1.718  52.835 0.1111110002
65788  -41.717  -1.301  52.480 0.1111110002
66791  -43.586  -0.231  53.055 0.1111110002
64744  -40.802  -2.234  52.308 0.1111110002
64745  -41.350  -1.827  52.158 0.1111110002
65801  -42.601  -1.811  51.679 0.1111110002
66763  -41.481  -0.292  54.876 0.1111110002
66778  -41.535  -0.604  54.019 0.1111110002
67874  -42.155  -0.046  53.714 0.1111110002
66790  -42.710  -0.326  53.046 0.1111110002
66789  -41.913  -0.662  53.132 0.1111110002
66802  -42.438  -0.916  52.461 0.1111110002
62740  -40.467  -4.610  56.504 0.1111110002
61708  -38.613  -5.097  59.786 0.2222220004
62710  -38.568  -4.455  59.304 0.2222220004
65767  -41.289  -1.091  54.759 0.1111110002
51317  -20.528  -16.497  74.555 0.2222220004
50148  -21.215  -16.683  74.272 0.2222220004
50149  -21.969  -16.763  74.148 0.2222220004
51316  -19.643  -15.985  74.925 0.2222220004
51336  -19.966  -16.494  74.100 0.2222220004
50160  -20.702  -16.803  73.590 0.2222220004
50161  -21.508  -16.886  73.633 0.2222220004
131313  -22.196  -16.979  73.420 0.1111110002
51335  -19.169  -16.260  73.981 0.1111110002
52431  -17.750  -15.474  74.421 0.1111110002
132471  -17.052  -15.172  74.372 0.2222220004
51315  -18.641  -15.704  74.689 0.1111110002
50325  -38.423  -16.941  63.665 0.1111110002
47115  -35.042  -19.308  65.201 0.1111110002
48122  -35.972  -18.818  64.531 0.1111110002
49146  -36.506  -17.750  63.657 0.1111110002
50324  -37.755  -16.956  63.321 0.1111110002
67872  -37.481  0.662  53.625 0.1111110002
67873  -38.249  0.513  53.007 0.1111110002
66905  -47.741  -1.024  47.834 0.1111110002
69026  -51.564  2.270  48.578 0.1111110002
65852  -46.155  -1.438  47.997 0.1111110002
65883  -46.457  -1.428  47.276 0.1111110002
65884  -47.225  -1.169  47.184 0.1111110002
67932  -42.222  0.960  49.252 0.1111110002
119031  -43.843  -0.498  48.657 0.1111110002
131310  -44.783  -1.600  47.758 0.1111110002
69025  -50.818  1.595  47.595 0.1111110002
73991  -51.844  6.205  38.338 0.1111110002
134804  -53.852  6.064  37.130 0.1111110002
70062  -51.152  2.722  47.688 0.1111110002
71083  -52.249  3.421  48.505 0.1111110002
73149  -54.166  5.866  36.673 0.1111110002
73148  -53.706  5.708  37.005 0.1111110002
73159  -54.016  5.469  36.509 0.1111110002
69039  -50.353  2.054  46.978 0.1111110002
70072  -49.896  2.503  46.564 0.1111110002
71090  -52.020  4.155  48.066 0.1111110002
71091  -52.411  4.035  47.954 0.1111110002
74018  -54.471  5.858  36.185 0.1111110002
119681  -51.403  3.853  47.732 0.1111110002
72070  -51.515  4.694  47.535 0.1111110002
71098  -50.674  4.127  47.098 0.1111110002
70073  -50.558  3.054  47.000 0.1111110002
74910  -54.249  7.175  36.741 0.1111110002
73134  -53.324  5.987  37.505 0.1111110002
74920  -54.533  6.627  36.173 0.1111110002
72086  -50.824  5.080  47.142 0.1111110002
73056  -50.880  5.776  46.858 0.1111110002
75920  -54.276  8.020  36.656 0.1111110002
74935  -54.682  7.626  35.682 0.1111110002
122684  -54.730  6.540  35.549 0.1111110002
74029  -54.909  6.000  34.991 0.1111110002
74936  -54.896  7.087  34.908 0.1111110002
73938  -49.779  6.922  45.070 0.1111110002
75947  -54.634  8.994  35.349 0.1111110002
74949  -54.912  8.416  34.698 0.1111110002
74950  -55.199  7.829  34.025 0.1111110002
74981  -55.638  8.059  32.414 0.1111110002
72330  -55.236  4.831  25.961 0.1111110002
77040  -54.598  9.735  34.297 0.1111110002
75953  -54.928  9.118  33.641 0.1111110002
75967  -55.323  8.913  32.252 0.1111110002
123212  -56.151  7.005  30.871 0.1111110002
73197  -56.362  5.879  29.497 0.1111110002
73228  -56.479  5.910  27.774 0.1111110002
73238  -56.487  6.089  27.063 0.1111110002
72329  -54.612  4.378  25.800 0.1111110002
73237  -56.039  5.641  26.372 0.1111110002
72323  -55.481  4.627  26.710 0.1111110002
73245  -54.793  5.117  25.477 0.1111110002
75850  -50.382  8.462  44.322 0.1111110002
116988  -51.924  7.387  44.504 0.2222220004
78060  -54.215  10.394  34.471 0.1111110002
77038  -53.246  10.467  33.884 0.1111110002
77039  -53.950  10.446  33.788 0.1111110002
75958  -53.912  9.665  32.758 0.1111110002
75965  -54.148  8.997  31.455 0.1111110002
75966  -54.889  9.222  31.840 0.1111110002
75977  -54.844  9.067  31.183 0.1111110002
75978  -55.579  8.736  31.587 0.1111110002
75986  -55.423  8.840  30.905 0.1111110002
75001  -56.155  8.186  30.077 0.1111110002
75000  -55.491  8.745  30.154 0.1111110002
74060  -56.377  7.020  29.893 0.1111110002
139402  -55.862  8.583  29.480 0.1111110002
74069  -56.546  7.176  28.883 0.1111110002
75008  -56.049  8.574  28.683 0.1111110002
75020  -56.491  7.807  28.012 0.1111110002
74124  -56.523  7.054  26.529 0.1111110002
73246  -55.534  5.755  25.543 0.1111110002
73252  -55.118  6.084  24.949 0.1111110002
73244  -54.339  5.457  25.089 0.1111110002
74143  -54.797  6.554  24.448 0.1111110002
75862  -49.910  8.751  43.752 0.1111110002
74855  -51.370  7.984  44.664 0.2222220004
76951  -50.748  9.831  42.706 0.1111110002
79031  -51.441  12.538  36.585 0.1111110002
79033  -53.070  11.861  36.429 0.1111110002
78042  -52.426  11.638  35.186 0.1111110002
74966  -53.414  8.830  32.556 0.1111110002
74980  -53.527  8.417  31.888 0.1111110002
135293  -54.255  8.768  30.985 0.1111110002
74999  -54.669  8.483  29.986 0.1111110002
75019  -55.985  8.649  27.781 0.1111110002
75042  -55.930  8.519  26.976 0.1111110002
74137  -56.182  7.709  25.647 0.1111110002
74136  -55.816  6.778  25.088 0.1111110002
127754  -54.341  6.925  24.082 0.1111110002
74144  -55.456  7.145  24.410 0.1111110002
79971  -51.077  12.749  37.720 0.1111110002
78058  -52.879  11.055  34.503 0.1111110002
127604  -52.885  9.683  33.674 0.1111110002
75957  -53.224  9.259  33.166 0.1111110002
74054  -53.386  7.192  30.935 0.1111110002
74068  -54.479  8.051  29.364 0.1111110002
121441  -55.457  8.735  28.225 0.1111110002
75041  -55.554  8.739  27.541 0.1111110002
75061  -55.797  8.460  25.879 0.1111110002
75076  -55.805  8.407  24.947 0.1111110002
76072  -55.439  8.852  24.320 0.1111110002
129514  -55.831  7.681  24.766 0.1111110002
138039  -53.848  7.117  23.929 0.1111110002
75088  -55.120  7.680  23.726 0.1111110002
75087  -54.361  7.750  23.518 0.1111110002
132170  -54.862  8.589  23.273 0.1111110002
79018  -50.190  11.979  37.557 0.1111110002
74059  -53.733  7.273  30.001 0.1111110002
74058  -52.783  6.678  30.431 0.1111110002
133018  -52.942  6.592  29.649 0.1111110002
118615  -52.300  6.577  28.860 0.1111110002
74084  -54.980  8.438  27.651 0.1111110002
74122  -54.490  7.699  26.704 0.1111110002
75060  -55.504  8.575  26.673 0.1111110002
76032  -55.576  8.712  25.038 0.1111110002
74142  -51.987  7.074  24.348 0.1111110002
77109  -54.362  10.119  23.102 0.1111110002
75095  -55.227  8.813  23.559 0.1111110002
75085  -52.070  8.065  23.530 0.1111110002
75094  -54.250  8.809  23.049 0.1111110002
74067  -53.722  6.885  28.972 0.1111110002
74082  -53.115  6.655  28.051 0.1111110002
138321  -54.099  7.194  28.110 0.1111110002
74121  -53.511  7.386  26.505 0.1111110002
75075  -55.507  8.666  25.499 0.1111110002
75059  -54.483  8.010  25.962 0.1111110002
75074  -54.828  8.856  25.051 0.1111110002
76071  -54.823  9.538  23.629 0.1111110002
76070  -54.312  10.252  23.281 0.1111110002
76050  -54.656  9.652  24.145 0.1111110002
75093  -53.261  9.057  22.948 0.1111110002
76091  -54.196  10.033  22.885 0.1111110002
77094  -54.188  10.455  23.013 0.1111110002
77108  -54.001  10.517  22.960 0.1111110002
74902  -53.104  7.601  37.702 0.1111110002
74909  -53.821  7.384  37.206 0.1111110002
73992  -52.648  6.675  37.923 0.1111110002
78043  -54.081  10.578  35.110 0.1111110002
79044  -51.927  12.188  35.848 0.1111110002
78059  -53.662  10.804  34.416 0.1111110002
78057  -51.906  10.933  34.856 0.1111110002
73939  -50.698  7.896  44.975 0.1111110002
78023  -53.943  10.675  35.875 0.1111110002
75919  -54.015  8.176  37.033 0.1111110002
130335  -53.389  11.376  35.342 0.1111110002
137727  -49.858  11.546  37.933 0.1111110002
75863  -50.686  9.037  43.881 0.1111110002
47116  -35.904  -19.302  65.185 0.1111110002
74003  -54.083  6.506  36.974 0.1111110002
74004  -54.326  6.337  36.571 0.1111110002
121112  -54.429  7.535  36.362 0.1111110002
73993  -53.543  6.640  37.387 0.1111110002
133769  -50.307  5.239  46.651 0.1111110002
75932  -54.467  8.446  36.216 0.1111110002
77044  -54.253  9.902  33.334 0.1111110002
75960  -55.315  8.565  33.056 0.1111110002
74967  -55.425  7.219  33.344 0.1111110002
74993  -55.895  7.578  31.701 0.1111110002
75959  -54.702  9.358  32.644 0.1111110002
119738  -55.932  8.395  30.886 0.1111110002
74085  -56.620  6.690  28.142 0.1111110002
74107  -56.629  6.925  27.444 0.1111110002
75043  -56.425  8.048  27.189 0.1111110002
72321  -54.068  3.729  25.873 0.1111110002
74123  -56.176  6.569  25.783 0.1111110002
77043  -53.571  10.061  33.325 0.1111110002
128921  -54.119  9.304  32.096 0.1111110002
74992  -53.701  8.084  31.243 0.1111110002
75976  -54.762  8.838  30.616 0.1111110002
75007  -55.309  8.697  29.190 0.1111110002
135394  -56.292  8.100  29.387 0.1111110002
75062  -56.306  8.105  26.485 0.1111110002
75851  -51.076  8.566  44.362 0.2222220004
79045  -52.690  11.954  35.850 0.1111110002
125668  -54.031  8.237  30.588 0.1111110002
74083  -54.768  8.248  28.606 0.1111110002
77037  -52.358  10.068  34.407 0.1111110002
76051  -55.266  9.015  24.582 0.1111110002
75086  -53.195  7.562  23.717 0.1111110002
46909  -3.194  -19.210  82.153 0.1111110002
45956  -5.539  -20.721  82.069 0.2222220004
46907  -3.682  -19.053  82.462 0.2222220004
46908  -5.012  -19.074  82.671 0.2222220004
138749  -6.349  -20.728  80.339 0.2222220004
45034  -6.287  -21.757  79.317 0.2222220004
44137  -6.472  -22.534  78.917 0.2222220004
130775  -6.047  -20.776  81.234 0.2222220004
45030  -6.123  -21.544  80.465 0.2222220004
43196  -7.994  -23.682  76.484 0.2222220004
44155  -8.185  -22.294  74.265 0.2222220004
138345  -8.542  -22.200  73.617 0.2222220004
44162  -9.074  -22.594  73.220 0.2222220004
44181  -9.704  -22.050  71.900 0.2222220004
44170  -10.092  -22.740  72.165 0.2222220004
44182  -10.254  -22.432  71.464 0.2222220004
44183  -11.024  -22.921  71.103 0.2222220004
44199  -10.451  -22.118  70.600 0.2222220004
44217  -11.368  -22.155  69.312 0.2222220004
44218  -12.315  -22.587  69.508 0.1111110002
47906  -3.700  -18.658  81.956 0.1111110002
46915  -6.543  -20.107  80.797 0.2222220004
45966  -6.575  -21.213  78.742 0.2222220004
134253  -6.390  -21.850  78.496 0.2222220004
44141  -6.527  -22.202  77.926 0.2222220004
44142  -6.926  -22.643  77.352 0.2222220004
44138  -6.763  -22.825  78.118 0.2222220004
45071  -8.364  -21.577  73.856 0.2222220004
44169  -9.371  -22.272  72.499 0.2222220004
44216  -10.827  -22.049  69.846 0.2222220004
44231  -11.922  -22.208  68.610 0.2222220004
44232  -12.373  -22.213  68.096 0.1111110002
45127  -11.813  -20.745  67.860 0.1111110002
44241  -12.530  -21.914  67.444 0.1111110002
46021  -8.764  -20.855  73.523 0.2222220004
46034  -9.657  -20.723  71.848 0.2222220004
45078  -9.403  -21.471  72.212 0.2222220004
45083  -9.875  -21.512  71.349 0.2222220004
46035  -10.045  -20.572  71.087 0.2222220004
45088  -10.168  -21.254  70.641 0.2222220004
45099  -10.506  -21.419  70.043 0.2222220004
45113  -11.411  -21.402  68.616 0.2222220004
133366  -45.516  -5.534  47.878 0.1111110002
61839  -44.486  -5.358  46.380 0.1111110002
60868  -43.993  -5.833  45.906 0.1111110002
60884  -43.040  -6.074  43.790 0.1111110002
139061  -43.326  -6.021  42.100 0.1111110002
57927  -44.021  -9.268  38.290 0.1111110002
62831  -45.749  -4.730  47.808 0.1111110002
62838  -45.030  -4.657  46.430 0.1111110002
62865  -44.657  -4.734  45.163 0.1111110002
60897  -43.245  -6.268  41.400 0.1111110002
60903  -43.594  -6.548  40.088 0.1111110002
61865  -43.706  -5.546  43.405 0.1111110002
58949  -43.383  -8.344  38.946 0.1111110002
57929  -44.647  -9.309  37.732 0.1111110002
56871  -45.522  -10.136  37.157 0.1111110002
55878  -45.786  -11.157  37.696 0.1111110002
62832  -46.367  -3.874  47.582 0.1111110002
119510  -45.623  -4.342  47.028 0.1111110002
129624  -44.605  -5.164  42.989 0.1111110002
133722  -44.248  -6.179  40.034 0.1111110002
60904  -44.128  -6.577  39.445 0.1111110002
59899  -44.375  -7.762  38.342 0.1111110002
62839  -45.749  -4.170  46.126 0.1111110002
61866  -44.894  -4.832  43.602 0.1111110002
61872  -43.956  -5.752  41.662 0.1111110002
60909  -44.688  -6.586  38.929 0.1111110002
58953  -45.118  -8.585  37.461 0.1111110002
45967  -6.983  -20.504  79.106 0.2222220004
45039  -6.675  -21.506  77.970 0.2222220004
44156  -8.834  -22.887  73.970 0.2222220004
120008  -6.430  -20.983  79.583 0.2222220004
43191  -7.773  -23.776  77.153 0.2222220004
45072  -8.860  -21.661  73.049 0.2222220004
44200  -11.430  -22.629  70.237 0.1111110002
117446  -12.747  -22.521  68.681 0.1111110002
45100  -10.892  -21.481  69.395 0.2222220004
45114  -11.972  -21.606  67.907 0.1111110002
45129  -12.833  -21.476  66.710 0.1111110002
46027  -9.271  -20.688  72.717 0.2222220004
61830  -45.063  -5.167  47.209 0.1111110002
61829  -44.643  -5.836  46.976 0.1111110002
61846  -43.672  -5.731  45.219 0.1111110002
62848  -44.630  -4.817  45.869 0.1111110002
60861  -44.271  -6.221  46.462 0.1111110002
61856  -44.146  -5.144  44.756 0.1111110002
60900  -42.586  -6.831  41.095 0.1111110002
60894  -43.099  -6.021  42.850 0.1111110002
130592  -43.867  -5.596  42.496 0.1111110002
56865  -44.337  -10.117  38.257 0.1111110002
58950  -43.850  -8.458  38.495 0.1111110002
62849  -45.201  -4.457  45.619 0.1111110002
124133  -44.268  -5.140  43.898 0.1111110002
62866  -45.411  -4.459  44.735 0.1111110002
62886  -44.786  -4.748  44.318 0.1111110002
60901  -43.210  -6.518  40.705 0.1111110002
60898  -43.950  -6.048  40.767 0.1111110002
59893  -43.449  -7.189  39.486 0.1111110002
59898  -43.699  -7.737  38.860 0.1111110002
56870  -44.904  -9.931  37.588 0.1111110002
58952  -44.495  -8.518  37.965 0.1111110002
61873  -44.705  -5.339  42.060 0.1111110002
62850  -46.026  -4.179  45.223 0.1111110002
41313  -10.934  -25.936  80.965 0.1111110002
41322  -11.360  -25.593  80.573 0.1111110002
41323  -12.119  -25.491  80.472 0.1111110002
139248  -10.694  -25.732  80.740 0.1111110002
135838  -2.429  -22.074  82.178 0.1111110002
44121  -3.199  -22.016  82.376 0.1111110002
44127  -3.904  -22.659  82.240 0.1111110002
42194  -11.747  -25.301  80.106 0.1111110002
42195  -12.541  -25.051  79.766 0.1111110002
126181  -4.561  -23.216  81.946 0.1111110002
40395  -10.550  -26.153  81.066 0.1111110002
42193  -10.964  -25.335  80.165 0.1111110002
42207  -11.730  -24.964  79.591 0.1111110002
40394  -9.960  -26.325  81.026 0.1111110002
45021  -2.430  -21.364  82.410 0.1111110002
45022  -3.327  -21.190  82.654 0.1111110002
44122  -4.102  -21.927  82.544 0.1111110002
44123  -4.782  -21.776  82.460 0.1111110002
41312  -10.068  -25.901  81.043 0.1111110002
44128  -4.759  -22.651  82.266 0.1111110002
42206  -10.910  -24.925  79.366 0.1111110002
117977  -9.130  -25.849  81.153 0.1111110002
136474  -10.059  -25.167  79.908 0.1111110002
40393  -8.416  -25.914  81.321 0.1111110002
45953  -2.609  -20.564  82.493 0.1111110002
45023  -4.187  -20.989  82.753 0.1111110002
41321  -10.055  -25.635  80.702 0.1111110002
116122  -5.809  -23.634  81.958 0.1111110002
44130  -5.796  -22.926  81.702 0.1111110002
43172  -5.400  -23.383  81.979 0.1111110002
41320  -9.130  -25.744  81.117 0.1111110002
117814  -9.191  -25.366  80.527 0.1111110002
42205  -9.096  -24.970  79.457 0.1111110002
118127  -10.018  -24.906  78.918 0.1111110002
42183  -6.210  -24.115  82.004 0.1111110002
43174  -7.163  -24.598  81.791 0.1111110002
42185  -7.754  -25.010  81.673 0.1111110002
42219  -8.501  -24.508  78.533 0.1111110002
42233  -8.859  -24.538  77.554 0.1111110002
43245  -10.707  -23.352  72.553 0.1111110002
43258  -10.836  -23.114  71.841 0.1111110002
45027  -5.223  -21.575  82.275 0.1111110002
43180  -6.308  -23.176  81.224 0.1111110002
43173  -6.488  -24.021  81.996 0.1111110002
43181  -7.042  -23.897  81.405 0.1111110002
42203  -7.898  -24.347  79.966 0.1111110002
42218  -7.707  -24.076  78.857 0.1111110002
42232  -8.024  -24.161  77.772 0.1111110002
42246  -8.941  -24.341  76.412 0.1111110002
43204  -9.154  -24.029  75.318 0.1111110002
43229  -9.624  -23.360  73.641 0.1111110002
43244  -9.820  -23.096  72.841 0.1111110002
46042  -10.395  -20.556  70.327 0.1111110002
133087  -10.638  -20.796  69.690 0.1111110002
45128  -12.307  -20.965  67.156 0.1111110002
132055  -3.018  -19.742  82.417 0.1111110002
45955  -4.233  -20.008  82.783 0.1111110002
45024  -4.928  -20.644  82.587 0.1111110002
124478  -5.662  -21.848  81.781 0.1111110002
44132  -6.005  -22.414  81.173 0.1111110002
44134  -6.239  -22.454  80.131 0.1111110002
43184  -6.704  -23.184  80.062 0.1111110002
43190  -7.343  -23.442  77.819 0.1111110002
46048  -10.832  -19.988  69.805 0.1111110002
46057  -11.462  -20.354  68.522 0.1111110002
46070  -12.015  -19.918  67.996 0.1111110002
125487  -4.386  -19.144  82.666 0.1111110002
125512  -4.774  -19.672  82.713 0.1111110002
138622  -9.701  -19.899  72.888 0.1111110002
122447  -10.078  -19.988  71.688 0.1111110002
47009  -10.570  -19.711  70.855 0.1111110002
47023  -11.245  -19.354  70.350 0.1111110002
47040  -11.788  -19.618  68.766 0.1111110002
47041  -12.498  -19.379  68.364 0.1111110002
119883  -10.248  -19.486  72.489 0.1111110002
47010  -11.164  -19.112  71.415 0.1111110002
47011  -11.659  -18.939  70.915 0.1111110002
47024  -12.014  -18.962  70.203 0.1111110002
47030  -11.528  -19.449  69.561 0.1111110002
59674  -37.264  -7.735  60.126 0.1111110002
59691  -37.437  -7.270  59.702 0.1111110002
58723  -36.049  -8.863  60.001 0.1111110002
59675  -37.861  -7.205  60.377 0.1111110002
60701  -37.791  -6.622  59.655 0.1111110002
60711  -37.587  -6.070  58.969 0.1111110002
60688  -38.355  -6.369  60.306 0.1111110002
62709  -38.027  -5.168  58.988 0.1111110002
61723  -37.340  -5.065  57.684 0.1111110002
68943  -35.284  1.298  55.164 0.1111110002
134071  -34.913  1.142  54.665 0.1111110002
68944  -35.737  1.340  54.842 0.1111110002
140422  -49.374  2.425  43.427 0.1111110002
66934  -49.804  0.262  44.344 0.1111110002
130647  -49.415  1.035  43.916 0.1111110002
69073  -49.069  1.746  43.324 0.1111110002
65940  -50.680  -1.916  43.778 0.1111110002
66943  -49.504  -0.504  43.771 0.1111110002
64889  -50.940  -2.824  42.646 0.1111110002
63908  -53.720  -3.699  42.511 0.1111110002
62912  -54.229  -4.261  42.562 0.1111110002
123796  -53.576  -4.676  42.478 0.1111110002
62907  -50.246  -4.692  42.516 0.1111110002
62868  -47.343  -4.313  44.039 0.1111110002
62869  -48.405  -4.269  43.982 0.1111110002
62890  -48.722  -4.483  43.138 0.1111110002
120137  -49.352  3.050  43.056 0.1111110002
69059  -49.916  2.045  44.154 0.1111110002
66935  -50.275  -0.566  44.464 0.1111110002
65930  -50.916  -1.372  44.508 0.1111110002
122530  -51.087  -0.717  44.989 0.1111110002
63909  -54.228  -4.091  42.786 0.1111110002
65931  -51.734  -2.257  44.382 0.1111110002
66936  -52.051  -1.461  45.184 0.1111110002
63896  -54.063  -3.940  43.406 0.1111110002
65932  -53.010  -2.592  45.063 0.1111110002
63818  -46.929  -3.412  46.929 0.1111110002
63835  -47.599  -3.359  46.328 0.1111110002
63858  -48.543  -3.530  45.618 0.1111110002
62910  -53.632  -4.558  43.240 0.1111110002
63882  -54.039  -4.025  44.289 0.1111110002
130073  -46.293  -3.798  46.626 0.1111110002
139261  -46.908  -3.556  46.244 0.1111110002
63881  -49.055  -3.988  44.662 0.1111110002
62870  -50.066  -4.190  44.547 0.1111110002
62893  -52.658  -4.621  43.577 0.1111110002
63834  -46.525  -3.838  45.752 0.1111110002
133477  -47.396  -3.643  45.570 0.1111110002
132591  -47.951  -3.898  44.743 0.1111110002
117680  -49.706  -4.528  43.163 0.1111110002
69072  -48.779  0.807  43.098 0.1111110002
65924  -53.870  -2.921  45.501 0.1111110002
65923  -53.528  -1.834  45.511 0.1111110002
66954  -49.297  -1.457  42.952 0.1111110002
66942  -48.903  -0.170  43.188 0.1111110002
132153  -47.220  -3.295  47.641 0.1111110002
63819  -48.124  -2.931  47.453 0.1111110002
63836  -48.424  -3.151  46.596 0.1111110002
63837  -49.577  -3.351  46.235 0.1111110002
62873  -53.506  -4.216  44.695 0.1111110002
62855  -53.827  -3.936  45.160 0.1111110002
65949  -48.933  -1.971  42.390 0.1111110002
63859  -49.976  -3.785  45.373 0.1111110002
62871  -51.060  -4.418  44.495 0.1111110002
62872  -52.435  -4.439  44.457 0.1111110002
63930  -50.126  -3.303  39.758 0.1111110002
62852  -50.777  -4.152  45.050 0.1111110002
62853  -51.776  -4.217  45.143 0.1111110002
63940  -50.145  -3.236  38.874 0.1111110002
64941  -50.560  -2.693  37.070 0.1111110002
129032  -50.331  -2.451  35.616 0.1111110002
64970  -48.515  -2.503  35.577 0.1111110002
64951  -47.679  -2.470  36.034 0.1111110002
64969  -47.569  -2.493  35.270 0.1111110002
67989  -53.041  -0.657  45.557 0.1111110002
70129  -48.925  2.389  42.656 0.1111110002
63808  -48.916  -2.693  48.079 0.1111110002
64809  -49.995  -2.760  47.553 0.1111110002
64852  -54.014  -3.037  45.753 0.1111110002
120778  -54.112  -2.191  45.799 0.1111110002
68017  -48.542  0.160  42.643 0.1111110002
63838  -51.588  -3.614  46.244 0.1111110002
63861  -52.312  -3.953  45.740 0.1111110002
66953  -48.600  -0.831  42.540 0.1111110002
63860  -51.186  -3.891  45.616 0.1111110002
63922  -49.255  -3.205  40.345 0.1111110002
63929  -49.045  -3.264  39.389 0.1111110002
64918  -47.817  -3.054  39.671 0.1111110002
130967  -48.508  -2.936  37.737 0.1111110002
64929  -48.180  -3.108  38.657 0.1111110002
64940  -48.257  -2.645  36.776 0.1111110002
136624  -46.806  -2.528  39.962 0.1111110002
119519  -46.570  -2.661  38.496 0.1111110002
64928  -47.077  -2.916  39.038 0.1111110002
64938  -46.450  -2.552  37.683 0.1111110002
118941  -46.268  -2.406  36.679 0.1111110002
63863  -53.839  -3.562  45.579 0.1111110002
69082  -48.642  1.676  42.384 0.1111110002
134829  -50.604  -3.583  46.059 0.1111110002
63862  -53.406  -3.842  45.680 0.1111110002
71159  -48.990  3.024  42.129 0.1111110002
118659  -48.203  0.120  42.039 0.1111110002
117918  -48.420  0.922  42.207 0.1111110002
65960  -48.233  -1.655  41.814 0.1111110002
66964  -47.939  -0.744  41.693 0.1111110002
64912  -48.444  -2.842  40.926 0.1111110002
64901  -47.855  -2.249  41.205 0.1111110002
68027  -48.151  0.857  41.612 0.1111110002
65959  -47.563  -1.539  41.206 0.1111110002
68026  -47.715  0.200  41.310 0.1111110002
66970  -47.026  -1.399  40.699 0.1111110002
68036  -47.994  1.165  40.970 0.1111110002
66969  -46.634  -0.787  40.375 0.1111110002
136929  -47.212  -0.110  40.730 0.1111110002
68035  -47.464  0.639  40.600 0.1111110002
64917  -46.049  -2.051  39.658 0.1111110002
68034  -46.778  0.155  40.243 0.1111110002
64926  -45.610  -2.014  39.166 0.1111110002
66979  -46.082  -0.257  39.807 0.1111110002
63841  -53.987  -3.140  45.894 0.1111110002
63839  -52.714  -3.615  46.243 0.1111110002
63840  -53.574  -3.466  46.070 0.1111110002
71167  -49.113  3.623  41.614 0.1111110002
69087  -48.434  1.661  41.432 0.1111110002
70144  -48.816  2.392  40.792 0.1111110002
70145  -49.240  2.914  40.319 0.1111110002
69094  -48.457  1.854  40.465 0.1111110002
126964  -49.207  3.378  40.756 0.1111110002
70155  -48.966  2.474  39.954 0.1111110002
68048  -47.124  0.936  39.972 0.1111110002
139173  -45.802  -1.852  39.497 0.1111110002
65911  -54.175  -2.424  45.892 0.1111110002
72154  -49.469  4.583  40.211 0.1111110002
66927  -53.866  -1.109  45.812 0.1111110002
129830  -54.150  -1.880  46.202 0.1111110002
70119  -49.892  2.873  43.737 0.1111110002
70138  -49.020  2.913  41.156 0.1111110002
124862  -10.596  -19.432  71.751 0.1111110002
118252  -36.635  -8.382  60.270 0.1111110002
61707  -38.221  -5.830  59.663 0.1111110002
62721  -38.175  -4.381  58.589 0.1111110002
64792  -50.074  -2.605  48.303 0.1111110002
64831  -54.004  -2.570  46.199 0.1111110002
43187  -7.014  -23.324  78.901 0.1111110002
46049  -11.003  -20.647  69.142 0.1111110002
46028  -9.735  -20.136  72.308 0.1111110002
42245  -8.285  -24.183  77.029 0.1111110002
117944  -2.924  -22.675  82.049 0.1111110002
41311  -8.313  -25.504  81.297 0.1111110002
44129  -5.313  -22.646  82.093 0.1111110002
42204  -8.472  -24.852  80.421 0.1111110002
134046  -9.225  -24.767  78.433 0.1111110002
42192  -8.362  -25.273  81.208 0.1111110002
120847  -8.303  -24.522  79.414 0.1111110002
43230  -10.571  -23.584  73.360 0.1111110002
43185  -7.392  -23.839  80.077 0.1111110002
127408  -7.741  -24.577  81.176 0.1111110002
46071  -12.253  -20.259  67.399 0.1111110002
137525  -11.251  -19.954  69.119 0.1111110002
47031  -12.420  -19.067  69.330 0.1111110002
68007  -49.214  0.268  43.685 0.1111110002
116250  -51.234  -2.566  43.430 0.1111110002
66944  -50.096  -1.238  43.894 0.1111110002
65939  -49.935  -1.725  43.319 0.1111110002
64876  -50.427  -2.325  43.081 0.1111110002
64890  -51.815  -3.147  42.886 0.1111110002
63907  -52.577  -3.399  42.212 0.1111110002
132374  -54.319  -4.004  42.203 0.1111110002
63895  -52.961  -3.475  43.172 0.1111110002
62911  -54.069  -4.428  42.884 0.1111110002
62922  -54.034  -4.517  42.170 0.1111110002
119497  -52.754  -4.734  41.989 0.1111110002
62891  -50.452  -4.544  43.237 0.1111110002
136794  -50.942  -4.576  42.992 0.1111110002
62851  -46.925  -3.979  44.899 0.1111110002
116407  -49.366  -4.333  43.888 0.1111110002
136262  -52.240  -2.996  43.755 0.1111110002
64877  -53.367  -3.565  44.056 0.1111110002
64865  -52.820  -3.003  44.426 0.1111110002
62895  -54.081  -4.163  43.507 0.1111110002
64866  -53.635  -3.525  44.868 0.1111110002
138350  -47.602  -3.171  47.010 0.1111110002
132680  -53.784  -3.754  45.197 0.1111110002
62874  -54.010  -4.017  44.443 0.1111110002
119399  -50.290  -4.453  43.847 0.1111110002
62892  -51.322  -4.561  43.692 0.1111110002
62894  -53.630  -4.371  44.012 0.1111110002
63820  -49.269  -2.912  47.069 0.1111110002
64903  -49.637  -2.720  42.030 0.1111110002
64913  -49.361  -3.022  41.187 0.1111110002
64902  -48.671  -2.450  41.648 0.1111110002
62854  -52.947  -4.158  45.211 0.1111110002
63923  -50.169  -3.293  40.565 0.1111110002
133091  -51.080  -3.072  38.609 0.1111110002
64931  -50.293  -3.041  37.951 0.1111110002
119873  -51.308  -2.798  37.821 0.1111110002
64930  -49.270  -3.152  38.270 0.1111110002
128023  -49.433  -2.778  37.180 0.1111110002
118585  -50.884  -2.496  36.228 0.1111110002
64952  -49.161  -2.538  36.239 0.1111110002
64971  -49.612  -2.478  35.424 0.1111110002
116287  -49.129  -2.604  34.822 0.1111110002
128978  -49.818  -2.536  34.749 0.1111110002
123607  -47.140  -2.566  36.842 0.1111110002
64988  -48.259  -2.671  34.777 0.1111110002
127538  -48.403  -3.090  40.208 0.1111110002
116548  -47.656  -2.661  40.538 0.1111110002
64939  -47.413  -2.821  37.909 0.1111110002
65969  -46.494  -1.745  40.250 0.1111110002
119977  -45.871  -2.366  38.467 0.1111110002
64927  -46.249  -2.468  39.202 0.1111110002
137888  -54.135  -2.857  45.857 0.1111110002
70137  -48.743  2.359  41.708 0.1111110002
66963  -47.354  -0.758  41.012 0.1111110002
64911  -47.168  -2.069  40.682 0.1111110002
65977  -45.840  -1.372  39.627 0.1111110002
44149  -21.952  -20.788  74.754 0.4444440007
44158  -21.930  -21.224  74.300 0.3333329856
44160  -22.474  -20.707  74.478 0.3333329856
45954  -3.477  -20.288  82.715 0.1111110002
45995  -21.508  -20.455  74.799 0.4444440007
46942  -26.766  -19.384  75.613 0.4444440007
46943  -27.346  -19.116  75.676 0.3333329856
47907  -6.249  -19.006  82.094 0.3333329856
47909  -7.657  -18.196  81.308 0.3333329856
47912  -5.475  -17.717  80.438 0.1111110002
47922  -10.775  -17.392  78.247 0.4444440007
47941  -27.170  -18.305  75.675 0.7777780294
48944  -5.224  -17.854  82.371 0.2222220004
48945  -5.757  -17.501  82.278 0.2222220004
48947  -6.916  -17.350  81.973 0.2222220004
48957  -6.441  -17.108  79.889 0.1111110002
50073  -6.176  -17.116  81.975 0.2222220004
50075  -7.393  -16.814  81.689 0.2222220004
50076  -8.040  -16.915  81.461 0.3333329856
50077  -6.654  -16.699  81.594 0.2222220004
50079  -8.372  -16.521  81.128 0.4444440007
50119  -21.373  -16.590  76.022 0.5555559993
50122  -25.183  -17.015  76.014 0.6666669846
50139  -25.928  -16.374  75.443 0.6666669846
50153  -28.182  -16.369  74.483 0.7777780294
51250  -7.770  -16.057  81.118 0.4444440007
51253  -8.697  -15.706  80.474 0.5555559993
51255  -9.709  -15.444  80.027 0.4444440007
51259  -10.184  -15.507  79.207 0.4444440007
51260  -11.045  -15.233  78.965 0.4444440007
52384  -12.046  -14.485  79.074 0.3333329856
52509  -28.201  -14.875  66.271 0.1111110002
52558  -28.226  -14.500  62.551 0.1111110002
54714  -33.604  -12.741  59.092 0.1111110002
55597  -41.047  -11.184  66.128 1.0000000000
56576  -39.594  -9.865  66.442 0.8888890147
56588  -39.065  -10.136  66.125 0.8888890147
56589  -41.322  -10.366  65.946 1.0000000000
56599  -42.658  -10.018  64.764 1.0000000000
57619  -42.873  -9.331  64.536 1.0000000000
57778  -44.001  -9.219  53.603 0.1111110002
57795  -42.237  -9.352  52.195 0.1111110002
57819  -47.033  -9.005  51.499 0.1111110002
57847  -41.293  -10.200  50.730 0.1111110002
58633  -39.448  -8.371  66.225 0.8888890147
58634  -39.793  -8.024  66.326 1.0000000000
58635  -40.072  -8.021  66.438 1.0000000000
58646  -39.247  -8.071  66.154 0.8888890147
58696  -42.504  -8.756  62.808 0.7777780294
58812  -48.104  -7.997  54.917 0.4444440007
58822  -44.440  -8.911  54.028 0.1111110002
58824  -46.104  -8.827  54.430 0.1111110002
58825  -46.992  -8.660  54.365 0.1111110002
58834  -43.102  -8.939  53.269 0.1111110002
59599  -40.364  -7.330  66.390 1.0000000000
59611  -39.571  -7.361  66.175 0.8888890147
59624  -38.711  -7.485  65.574 0.7777780294
59663  -37.997  -7.466  61.127 0.2222220004
59733  -48.469  -6.562  56.364 0.5555559993
59743  -48.164  -7.319  55.833 0.4444440007
59769  -49.234  -7.106  53.804 0.6666669846
59823  -47.477  -7.773  50.038 0.1111110002
59894  -44.175  -7.110  38.858 0.1111110002
60615  -39.892  -6.603  66.247 0.7777780294
60617  -40.689  -6.622  66.317 1.0000000000
60618  -41.172  -6.099  66.118 1.0000000000
60632  -39.210  -6.814  65.716 0.7777780294
60634  -41.924  -6.377  65.524 1.0000000000
60667  -38.778  -6.809  63.288 0.7777780294
60737  -48.187  -6.434  56.331 0.4444440007
60738  -48.989  -6.660  56.228 0.5555559993
60754  -49.351  -6.659  55.521 0.6666669846
60766  -46.916  -6.921  55.180 0.2222220004
61621  -40.099  -5.725  66.155 0.7777780294
61641  -42.046  -5.628  65.115 1.0000000000
61642  -42.503  -5.590  64.497 1.0000000000
61698  -38.687  -5.630  60.355 0.2222220004
61737  -48.548  -5.972  56.587 0.5555559993
61738  -48.996  -5.864  56.689 0.7777780294
61739  -49.463  -5.679  56.347 0.7777780294
61761  -49.796  -5.942  54.530 0.6666669846
61793  -47.977  -5.672  51.260 0.4444440007
61847  -44.223  -5.247  45.569 0.1111110002
61855  -43.611  -5.590  44.314 0.1111110002
62623  -40.712  -5.001  65.920 1.0000000000
62637  -41.115  -4.367  65.599 1.0000000000
62655  -42.630  -4.864  64.301 1.0000000000
62731  -41.285  -4.276  57.523 0.3333329856
62733  -48.705  -4.525  57.046 0.6666669846
62752  -47.778  -5.403  55.727 0.3333329856
62781  -44.938  -4.629  52.168 0.1111110002
62896  -54.193  -4.249  42.993 0.1111110002
62908  -51.703  -4.622  43.094 0.1111110002
63607  -40.565  -4.298  65.636 1.0000000000
63615  -40.520  -3.504  65.371 1.0000000000
63616  -41.174  -3.576  65.308 1.0000000000
63617  -41.910  -3.495  64.905 1.0000000000
63696  -48.150  -2.939  57.899 0.6666669846
63697  -48.304  -2.953  57.899 0.6666669846
63709  -48.412  -3.486  57.536 0.5555559993
63711  -49.479  -3.457  57.308 0.8888890147
63720  -41.284  -3.722  57.116 0.3333329856
63722  -50.268  -3.398  56.527 0.7777780294
63740  -51.610  -3.411  54.321 0.7777780294
63752  -51.633  -3.513  53.636 0.6666669846
63763  -45.553  -3.278  52.424 0.1111110002
63789  -47.720  -3.901  50.409 0.3333329856
64600  -40.836  -2.843  65.127 1.0000000000
64629  -42.839  -2.720  63.280 0.8888890147
64640  -42.828  -2.109  62.627 0.8888890147
64641  -42.866  -2.887  62.516 0.8888890147
64686  -48.044  -2.608  58.062 0.5555559993
64688  -48.495  -2.583  57.975 0.8888890147
64701  -49.922  -2.659  56.963 0.7777780294
64723  -50.552  -2.509  56.159 0.7777780294
64732  -46.901  -1.930  54.006 0.2222220004
64953  -49.988  -2.541  36.288 0.1111110002
65624  -40.585  -2.147  64.844 1.0000000000
65705  -42.243  -1.670  59.262 0.5555559993
65707  -48.213  -2.160  58.182 0.6666669846
65722  -48.093  -1.559  58.266 0.6666669846
65724  -49.602  -1.932  57.235 0.8888890147
65789  -42.290  -1.383  52.026 0.1111110002
65790  -42.940  -1.336  51.993 0.1111110002
65853  -46.970  -1.319  47.898 0.1111110002
66662  -41.933  -0.631  63.463 1.0000000000
66735  -47.687  -0.894  58.087 0.6666669846
66765  -50.797  -0.348  55.003 0.7777780294
66779  -45.853  -0.112  54.257 0.3333329856
67720  -40.870  0.444  63.328 1.0000000000
67800  -41.351  0.962  57.551 0.4444440007
67803  -47.928  0.255  58.181 0.7777780294
67854  -41.784  0.139  54.465 0.2222220004
68836  -37.939  1.953  60.914 0.7777780294
68885  -47.790  1.570  57.883 0.7777780294
68900  -35.957  1.266  56.478 0.4444440007
68908  -48.360  1.710  57.118 0.8888890147
68929  -42.297  1.393  55.621 0.3333329856
68932  -45.514  1.475  56.100 0.3333329856
68948  -42.775  1.201  55.051 0.2222220004
68992  -40.615  1.653  50.634 0.1111110002
69869  -39.377  2.623  62.243 1.0000000000
70907  -40.449  3.389  61.682 1.0000000000
70921  -40.993  4.073  61.351 1.0000000000
70975  -45.569  3.567  58.292 1.0000000000
71046  -42.820  3.814  52.258 0.5555559993
71914  -41.496  4.537  61.002 1.0000000000
71930  -41.869  4.874  60.736 1.0000000000
71987  -47.557  4.783  55.013 1.0000000000
71998  -47.048  5.160  54.243 0.7777780294
72019  -46.682  4.880  53.461 0.7777780294
72034  -43.941  4.275  52.566 0.5555559993
72035  -44.462  4.444  52.780 0.6666669846
72037  -46.611  4.105  52.356 0.6666669846
72192  -53.471  5.432  36.865 0.1111110002
72933  -45.632  5.944  56.863 1.0000000000
72934  -46.629  5.401  56.359 1.0000000000
72961  -45.847  5.566  54.739 0.7777780294
73079  -48.842  6.085  44.525 0.1111110002
73251  -54.147  6.135  24.624 0.1111110002
75089  -55.608  8.160  24.178 0.1111110002
75876  -51.612  9.076  43.127 0.3333329856
76092  -54.752  9.463  23.116 0.1111110002
77029  -54.449  9.947  35.025 0.1111110002
78009  -52.859  11.603  38.046 0.2222220004
79019  -50.624  12.377  37.326 0.1111110002
79043  -51.135  12.154  36.017 0.1111110002
79980  -51.434  12.855  37.755 0.2222220004
79981  -51.938  12.863  38.097 0.2222220004
79989  -51.118  12.689  37.257 0.2222220004
116413  -41.439  4.491  58.111 0.8888890147
116914  -23.272  -19.837  75.438 0.4444440007
117098  -38.923  -0.763  62.257 0.7777780294
117671  -37.753  -4.900  58.265 0.1111110002
118251  -38.485  -8.106  65.678 0.7777780294
120475  -45.925  -8.028  54.762 0.1111110002
120795  -26.589  -16.363  75.242 0.5555559993
120919  -5.941  -17.313  80.352 0.2222220004
121197  -22.917  -17.904  75.943 0.6666669846
121311  -29.854  -16.329  73.607 0.7777780294
121500  -42.483  -10.962  63.672 1.0000000000
122536  -47.473  -1.910  56.831 0.5555559993
123056  -36.583  -8.767  61.224 0.2222220004
124194  -47.505  4.623  55.671 1.0000000000
124748  -41.383  -11.741  65.815 1.0000000000
125961  -49.045  -4.073  57.366 0.7777780294
126318  -41.485  -9.634  65.857 1.0000000000
126364  -47.931  -1.764  58.200 0.6666669846
126654  -46.423  -9.364  52.005 0.1111110002
126845  -27.991  -19.765  74.586 0.2222220004
127964  -43.098  -8.187  64.250 0.8888890147
128375  -8.232  -15.813  80.838 0.5555559993
128501  -21.882  -20.621  74.923 0.4444440007
128602  -44.237  5.630  58.993 1.0000000000
129359  -41.455  -1.021  56.786 0.2222220004
129563  -49.708  -6.044  55.236 0.6666669846
130566  -41.489  -6.838  65.932 1.0000000000
131133  -39.513  0.042  63.516 1.0000000000
131410  -51.248  12.421  38.877 0.2222220004
131928  -43.699  -9.033  53.619 0.1111110002
132312  -39.514  -3.463  64.732 0.7777780294
132560  -39.984  1.457  62.934 1.0000000000
132623  -39.162  -3.400  62.675 0.6666669846
132668  -41.009  -2.263  55.500 0.1111110002
132919  -45.689  -9.703  50.743 0.1111110002
133037  -10.346  -17.792  78.424 0.5555559993
133662  -49.573  -6.498  54.861 0.6666669846
133859  -42.814  -2.455  61.724 0.8888890147
134335  -22.573  -20.566  74.891 0.3333329856
134575  -45.346  -9.374  53.304 0.1111110002
135799  -41.623  4.024  56.004 0.7777780294
136200  -47.933  -2.982  57.666 0.5555559993
136393  -47.686  -7.448  55.683 0.4444440007
137045  -48.469  -6.945  56.140 0.5555559993
137163  -47.065  -5.372  54.226 0.1111110002
137236  -47.945  -1.192  58.304 0.6666669846
137443  -35.666  1.197  54.115 0.1111110002
137620  -40.882  1.457  62.604 1.0000000000
137821  -13.679  -13.723  76.755 0.1111110002
138106  -49.665  8.118  44.019 0.1111110002
138136  -29.972  -14.197  66.060 0.4444440007
138250  -47.563  -2.944  55.987 0.5555559993
138339  -39.886  -12.210  60.277 0.2222220004
139287  -23.128  -18.775  75.800 0.6666669846
139375  -11.132  -19.251  70.871 0.1111110002
139441  -41.581  0.521  58.999 0.5555559993
