global_signal	global_signal_derivative1	global_signal_power2	global_signal_derivative1_power2	csf	csf_derivative1	csf_power2	csf_derivative1_power2	white_matter	white_matter_derivative1	white_matter_derivative1_power2	white_matter_power2	csf_wm	tcompcor	std_dvars	dvars	framewise_displacement	rmsd	t_comp_cor_00	t_comp_cor_01	t_comp_cor_02	t_comp_cor_03	c_comp_cor_00	c_comp_cor_01	c_comp_cor_02	c_comp_cor_03	c_comp_cor_04	c_comp_cor_05	c_comp_cor_06	c_comp_cor_07	c_comp_cor_08	c_comp_cor_09	c_comp_cor_10	w_comp_cor_00	w_comp_cor_01	w_comp_cor_02	w_comp_cor_03	w_comp_cor_04	w_comp_cor_05	w_comp_cor_06	w_comp_cor_07	w_comp_cor_08	w_comp_cor_09	w_comp_cor_10	w_comp_cor_11	w_comp_cor_12	w_comp_cor_13	w_comp_cor_14	w_comp_cor_15	w_comp_cor_16	w_comp_cor_17	w_comp_cor_18	w_comp_cor_19	w_comp_cor_20	w_comp_cor_21	w_comp_cor_22	w_comp_cor_23	w_comp_cor_24	w_comp_cor_25	w_comp_cor_26	w_comp_cor_27	w_comp_cor_28	w_comp_cor_29	w_comp_cor_30	w_comp_cor_31	w_comp_cor_32	w_comp_cor_33	w_comp_cor_34	a_comp_cor_00	a_comp_cor_01	a_comp_cor_02	a_comp_cor_03	a_comp_cor_04	a_comp_cor_05	a_comp_cor_06	a_comp_cor_07	a_comp_cor_08	a_comp_cor_09	a_comp_cor_10	a_comp_cor_11	a_comp_cor_12	a_comp_cor_13	a_comp_cor_14	a_comp_cor_15	a_comp_cor_16	a_comp_cor_17	a_comp_cor_18	a_comp_cor_19	a_comp_cor_20	a_comp_cor_21	a_comp_cor_22	a_comp_cor_23	a_comp_cor_24	a_comp_cor_25	a_comp_cor_26	a_comp_cor_27	a_comp_cor_28	a_comp_cor_29	a_comp_cor_30	a_comp_cor_31	edge_comp_00	edge_comp_01	edge_comp_02	edge_comp_03	edge_comp_04	edge_comp_05	edge_comp_06	edge_comp_07	edge_comp_08	edge_comp_09	edge_comp_10	edge_comp_11	edge_comp_12	edge_comp_13	edge_comp_14	edge_comp_15	edge_comp_16	edge_comp_17	edge_comp_18	edge_comp_19	edge_comp_20	edge_comp_21	edge_comp_22	edge_comp_23	cosine00	cosine01	cosine02	cosine03	trans_x	trans_x_derivative1	trans_x_derivative1_power2	trans_x_power2	trans_y	trans_y_derivative1	trans_y_derivative1_power2	trans_y_power2	trans_z	trans_z_derivative1	trans_z_power2	trans_z_derivative1_power2	rot_x	rot_x_derivative1	rot_x_power2	rot_x_derivative1_power2	rot_y	rot_y_derivative1	rot_y_power2	rot_y_derivative1_power2	rot_z	rot_z_derivative1	rot_z_power2	rot_z_derivative1_power2	motion_outlier00	motion_outlier01	motion_outlier02	motion_outlier03
923.3279397507232	n/a	852534.4843243151	n/a	1122.3276593930254	n/a	1259619.3750386268	n/a	876.6767728812529	n/a	n/a	768562.1641094878	898.6105794362966	740.5927621619102	n/a	n/a	n/a	n/a	-0.0288231343	-0.0097119552	0.0105810922	-0.0725772271	-0.0069368351	0.0249898625	-0.116198185	0.022501494	-0.0257965729	0.1820398038	-0.2559567078	0.0842153846	-0.0046230383	0.1612689206	-0.0287990185	-0.0178789022	0.0705835539	-0.0857940312	0.0693487622	-0.0732242975	0.0558640139	-0.0488836574	0.1353851933	-0.0011198855	0.1383869015	-0.03119712	0.123419942	-0.0612208282	0.0048912015	-0.0267896006	0.0114329946	-0.0735744465	0.0186967829	-0.0086200805	0.0042377653	0.0197845471	-0.0476610626	0.1873435411	-0.0364249196	0.1749425162	0.2056686324	-0.0772493649	0.1267143782	-0.0805780904	-0.0084606921	-0.0139107321	0.1975815012	0.0996340362	-0.2081176494	-0.1485513476	0.0176773567	-0.0621123773	0.0292816446	-0.022476254	0.0877110489	-0.0934788141	0.163973142	-0.0283802105	0.0356808052	-0.0122730258	0.0964657185	-0.0503035771	0.1026621381	-0.0735361965	0.0032331765	-0.0798007589	0.0844379582	-0.1213869812	0.0404890006	-0.1724959538	0.0986139592	-0.0648975042	0.0444702676	-0.0054732248	0.1750976352	-0.116813363	-0.190942759	0.0468023251	0.0727038529	-0.0313192939	-0.0390938662	0.0913960742	-0.0098994326	-0.0470111567	0.0485646923	-0.0286591976	0.013024421	0.0478937657	-0.0716038814	0.019220721	-0.1125165178	0.1423552789	-0.0069584821	0.188279667	-0.1148457679	0.0421077978	-0.1517681963	0.1811149507	-0.0204603593	-0.0036991068	0.0232671031	-0.0521531977	0.0399422115	-0.0314404698	0.1155108895	-0.0315492091	0.1290883846	0.1290552057	0.1289999139	0.1289225186	-0.1330241884766252	n/a	n/a	0.0176954347198647	-0.1258073278812475	n/a	n/a	0.0158274837486197	0.0949165495953536	n/a	0.0090091513870872	n/a	0.0001438827345501	n/a	2.0702241301614536e-08	n/a	-0.0002235756723913	n/a	4.998608128522191e-08	n/a	-0.001053484533145	n/a	1.1098296615757387e-06	n/a	0.0	0.0	0.0	0.0
917.4757128970562	-5.852226853667048	841761.6837559614	34.24855914678172	1112.06767215907	-10.259987233955371	1236694.507461293	105.2673380409272	873.4734986469423	-3.203274234310584	10.260965820198058	762955.95283853	895.9342293838396	730.6786140886552	0.985889	23.097687	0.1026228304563253	0.0482293280031646	-0.0042317607	-0.0126010829	-0.0118961298	-0.0055751433	-0.0134908954	-0.0110721282	0.0889653498	0.1667097122	0.0553337626	0.2138202989	-0.1362880104	0.0958906263	0.0423770133	0.00614857	-0.111753123	6.51686e-05	-0.0279301338	-0.1030561511	0.0029770005	-0.0600599245	-0.0715394623	0.0213410135	0.0328575326	-0.1274214228	0.1202144896	0.0784689085	0.2976087892	-0.0606745509	0.0113060769	-0.1281075399	0.0378967618	0.0001199851	0.081802724	-0.224089404	-0.016362328	-0.0347114476	0.0883943851	0.0048818859	-0.0548236061	0.119777911	0.0684599025	-0.1426806197	-0.0286978845	0.074191951	0.086077492	-0.0096802781	0.1164978088	0.0208165838	0.0606412846	0.0841741929	0.0186049795	-0.0574295203	0.0766980589	-0.0597713829	0.0881823082	0.0087355063	0.0545831171	-0.1332440588	-0.0705830812	0.0225414544	0.0610503814	-0.071156177	0.2627543083	-0.0355140098	-0.1795871611	-0.1384423796	-0.0803204438	-0.1111502313	-0.0428208856	-0.0524872006	0.1785212228	-0.1234675874	0.0842247625	-0.0479365026	0.0826845445	-0.0939435235	-0.1694118818	0.1294920767	0.0423858799	-0.1478465909	-0.1201463902	0.172612074	-0.0184867328	-0.0402362173	0.0533841519	0.0079757414	0.0125324952	0.007677666	-0.0489606452	0.0428515528	-0.148914812	0.1347608654	-0.0161632076	0.2419600638	-0.1348021331	0.1130552672	-0.1085464761	0.0883900777	-0.0578258501	0.1033817699	0.0142493786	-0.1101418337	0.0651743232	-0.0373440808	0.1203482907	0.0276202344	0.1289999139	0.1287014744	0.1282045865	0.1275100165	-0.1393593195079319	-0.0063351310313067	4.013388518382511e-05	0.0194210199337138	-0.1541169379255507	-0.0283096100443032	0.0008014340208605	0.023752030555548	0.1255918439701417	0.030675294374788	0.0157733112718204	0.0009409736849799	-0.00025299087077	-0.0003968736053201	6.400438069296285e-08	1.575086585997745e-07	2.011978551874627e-05	0.00024369545791	4.0480576932035206e-10	5.938747620598714e-08	-0.0009479976962566	0.0001054868368884	8.986996321078208e-07	1.112747275671992e-08	0.0	0.0	0.0	0.0
916.2850144587784	-1.1906984382777637	839578.2277217237	1.4177627709171057	1104.7162372909977	-7.351434868072374	1220397.96493438	54.04359461951029	872.3786617516598	-1.0948368952824694	1.1986678272717568	761044.5294796169	894.6931199168803	721.1741393013234	0.954882	22.371239	0.0548596332473762	0.0308896214529558	-0.0095556242	-0.0273174213	-0.0621216992	0.0352751255	0.0158518561	-0.00030496	0.0707013755	0.1048658361	-0.0288777683	0.0540359468	-0.0002815555	-0.113749931	0.0575837593	-0.1242334807	0.0648356477	-0.0250199127	-0.2154469198	-0.1157850047	-0.1442925425	-0.0371077383	-0.0588371569	0.11041511	0.0094270481	-0.0906915777	-0.0574454218	-0.0383043532	-0.0138440084	0.0225281174	-0.0973453644	-0.0201456176	-0.0057528451	0.056448367	0.0385704435	0.0569019131	0.0091675529	-0.0509871325	0.0486787693	0.0553112083	0.0870801903	0.1547195127	0.0530188017	0.0335716569	0.0436227951	0.0162960188	-0.0148198636	0.091710761	0.0590460109	-0.0756746341	0.0747961657	0.1052004349	0.0330022747	0.0748050657	0.1658186385	0.0484738236	0.002166219	0.0839313171	-0.0882176926	-0.0242159235	-0.0978181717	0.1415359136	-0.1362116688	-0.0475067692	0.0355119604	0.0519390321	-0.088566994	-0.1244109445	-0.0140509665	-0.1004521576	0.0862842952	-0.048557808	-0.0128558541	0.1398609101	0.0157984567	-0.0754466692	0.0409955671	-0.029952391	-0.004374669	-0.012874905	0.0816885802	0.0838822873	-0.087029789	0.0191703423	-0.0205102537	-0.0459409147	0.0484358871	-0.0091732571	-0.0285386108	-0.0082847185	-0.0192130859	-0.0062990606	-0.0758017349	0.0627267576	0.0306617238	0.1496278575	-0.0675171834	0.0834485683	-0.1249681985	0.084779729	-0.0070280511	-0.0706200632	-0.0833453275	-0.043524865	-0.0900845979	-0.0611135439	-0.0085046619	-0.0543293509	0.1288230331	0.1279949812	0.1266188352	0.124700488	-0.1156655132993051	0.0236938062086267	0.0005613964526519	0.0133785109667917	-0.1357624585047858	0.0183544794207649	0.0003368869148072	0.0184314451392636	0.1257571442985039	0.0001653003283622	0.0158148593421147	2.7324198556653014e-08	-6.298256759027003e-05	0.0001900083031797	3.9668038202629335e-09	3.610315527724019e-08	3.5031264569163056e-05	1.4911479050416789e-05	1.227189497314699e-09	2.2235220747101872e-10	-0.0009959988598189	-4.800116356229998e-05	9.920137287605488e-07	2.304111703334675e-09	0.0	0.0	0.0	0.0
918.7963931121584	2.5113786533800067	844186.8119959119	6.307022740652776	1109.9735700660776	5.257332775079931	1232041.3262452336	27.639547907929646	874.8529847085695	2.4743229569096457	6.122274095090092	765367.7448534925	896.5625186568572	724.7118610171452	0.938074	21.977474	0.0721120583735583	0.0359750877692971	-0.0112581293	-0.0145906526	-0.0570026789	-0.0240241925	-0.0278175314	-0.0650261717	-0.0255734276	-0.0240383247	0.0316607794	0.0385690798	-0.0208776182	0.1202807178	0.0295070464	-0.0549785254	-0.0242603236	0.0095663812	-0.0213649994	0.0341714592	0.0239200548	-0.0090147392	0.0230639742	0.0056799238	-0.042438585	-0.0543223965	0.1320373505	-0.1358026277	-0.1416955204	-0.1200173352	0.0117274533	-0.022391864	-0.1169086803	0.2043090946	0.1474430685	0.1022071319	-0.1519874349	0.1661381492	-0.0413330983	0.0818764538	-0.1251108428	-0.0128108886	0.0085769968	-0.0160077828	-0.0207176119	-0.0694699617	0.145281476	-0.0352776675	-0.101972919	-0.2583848865	-0.0623558737	0.1447163472	-0.0096519501	0.027608381	-0.0002124008	-0.0109758343	-0.022567156	-0.0524487454	-0.043190071	-0.0535818255	-0.0441510417	-0.0440673995	0.0484330599	-0.1209185784	-0.044978687	0.0357125895	0.1284824837	-0.1012806124	0.0393213756	0.0636931928	0.1362347569	0.030943849	-0.0168413738	-0.0203736982	-0.2385932962	0.0513450926	0.1615527093	0.0167926981	-0.2008550762	-0.016305555	0.1890299048	0.0066303485	-0.0639757077	-0.1478368712	-0.0056528279	-0.0529965294	0.0542404856	-0.0183979165	0.0438454827	-0.0105903772	-0.0203928214	0.0751095725	-0.101576993	-0.0451916335	0.007943978	0.0850743049	0.043495292	0.0398168426	0.0382763655	0.042822742	0.0332889014	-0.0073716674	0.0521503117	0.033117741	-0.0939211788	0.0474763247	0.0351041336	-0.1204591379	0.1285578634	0.1269376627	0.1242524367	0.1205247148	-0.1010367854350704	0.0146287278642347	0.0002139996789258	0.0102084320110524	-0.1149724261944697	0.020790032310316	0.0004322254434639	0.0132186587850427	0.100866806619436	-0.0248903376790678	0.0101741126776026	0.000619528909778	-0.0001320657133658	-6.908314577552997e-05	1.7441352646817645e-08	4.772481030243124e-09	-0.000131934426097	-0.0001669656906661	1.7406692789544754e-08	2.7877541859628852e-08	-0.000996009233776	-1.0373957100035663e-08	9.920343937670547e-07	1.0761898591338035e-16	0.0	0.0	0.0	0.0
913.4532186489704	-5.343174463188007	834396.7826601637	28.54951334406444	1100.763207836686	-9.210362229391649	1211679.6397269112	84.8307723966043	874.6607205233731	-0.1922641851963362	0.036965516909211	765031.3760264663	896.6824502838249	710.6098119209149	0.952506	22.315592	0.2098286524032326	0.1084912565472516	0.0053635881	-0.0369277359	-0.0814949777	0.0732614102	0.0419067662	-0.0298322207	0.1911162436	0.1033358773	0.0792018375	-0.020949503	0.0037776888	0.1215274725	-0.0032378565	0.0646278366	0.0623476606	0.0086513734	0.0019118622	-0.0855775138	0.1510772258	-0.0619957437	-0.170816069	0.1192796963	-0.0140263211	0.0989291549	0.1198740207	-0.0795373929	0.089419805	0.0594834014	0.0099854883	0.1791476362	0.0799688033	0.0380701311	0.0045185932	-0.0588258317	-0.0372383042	0.076864466	-0.0425542879	0.1001810109	0.1061835888	-0.2175751323	-0.1731354671	0.0382181062	-0.0613062012	0.0490101021	-0.0114286262	-0.0317888196	0.0032096027	0.0138348125	-0.1007458241	0.1005966487	-0.0124181353	-0.014451126	0.0271311321	-0.1071770333	0.1498653393	0.060284449	-0.0627944838	-0.0958686481	0.0851105936	-0.0785981661	0.0644273695	-0.2441522206	-0.1300355514	0.0637476619	0.0011057196	0.013347321	-0.1148651569	-0.0055747208	-0.0841160272	-0.0159572475	0.0126007032	0.0640664906	-0.0568805618	-0.0838356946	-0.2259057129	-0.0115242336	0.1257012018	-0.1396573882	0.019697837	0.0539482512	-0.0996269476	-0.0207848968	-0.0129961213	-0.0653820576	0.0620503318	-0.0388748004	-0.0160122814	-0.0365870041	-0.0332941182	0.0585888418	-0.0986241806	-0.0778757119	-0.0197534061	0.0570539842	0.1449769073	0.0043046185	0.0363151634	-0.0439809363	0.041103224	-0.0565830357	0.0981115063	0.0553626314	-0.0201474768	0.0734513725	-0.2010398774	0.0188700716	0.1282045865	0.1255324169	0.1211199807	0.1150284477	-0.0862994765559079	0.0147373088791624	0.0002171882729998	0.0074475996538236	-0.0409483568115405	0.0740240693829292	0.0054795628480087	0.0016767679255652	0.1710297388214883	0.0701629322020523	0.0292511715613465	0.0049228370551897	-2.393180743642776e-05	0.0001081339059293	5.72731407174259e-10	1.1692941611542325e-08	0.0002760058340074	0.0004079402601044	7.617922040612044e-08	1.6641525581404556e-07	-0.000493996561028	0.000502012672748	2.4403260230749055e-07	2.5201672359959056e-07	0.0	0.0	0.0	0.0
913.8367186401716	0.3834999912012335	835097.5483350361	0.1470722432513462	1104.2922535833911	3.529045746705151	1219461.3813242847	12.454163882337715	872.3553549965659	-2.305365526807236	5.314710212191206	761003.8653911845	893.8896298050308	708.2382842684085	1.028685	24.100328	0.0800156017054978	0.046574686201196	0.0197247945	-0.0437020197	-0.1120646791	0.0825288765	0.0418500495	0.010010136	0.0130461576	0.1126156714	0.0073904598	-0.2237734196	0.1531589555	-0.0496852008	0.1012979551	-0.1308995414	0.0529435507	0.0119854795	-0.1791911111	0.0099660868	-0.114363241	0.0686392128	-0.1018531917	0.1451153626	-0.0695201492	-0.110604672	0.0860535924	-0.0060930812	0.0331936224	0.1428934345	0.038387475	0.116128332	-0.150332894	0.0306472293	-0.0607810356	-0.0462050013	-0.1190291036	0.0221649613	0.0924180202	-0.0133028106	0.0944404285	-0.1976974407	-0.1340599008	-0.0453405439	-0.0478820738	0.0754428629	0.014563436	-0.0468951354	0.0743517913	0.2457600199	-0.0743684842	0.1216135066	-0.0092835593	0.1192427055	0.1084453136	0.0770780796	-0.077976626	0.0770922446	-0.1900007093	-0.1526310831	-0.0194354035	0.031583011	-0.0066737267	-0.1061747067	-0.0550936296	-0.0655160432	0.0235480788	0.0709625565	-0.2563114716	0.1375454011	0.0044361395	0.0044224535	-0.1063858969	0.0501026679	0.0088203722	-0.0481603585	-0.2454984132	0.0649291909	-0.038490874	0.0005333881	-0.0486984488	0.0445115181	-0.1309996633	-0.0114313953	-0.0032825732	-0.0582545907	0.0446089514	-0.0409190178	0.0919031241	0.0200882686	0.0438362409	0.0783384385	-0.136613815	-0.1346810253	0.0486322389	0.0289356485	0.0559973535	-0.0094417112	0.0267023487	-0.1882122648	0.0477931849	0.007699133	-0.0156692431	-0.0543478105	0.0366124933	-0.018431861	-0.1038336741	0.1252729181	0.1277634447	0.1237830955	0.1172407796	0.1082719048	-0.0942752836511289	-0.007975807095221	6.361349882017763e-05	0.0088878291075008	-0.0463196982556723	-0.0053713414441318	2.885130890944792e-05	0.0021455144464965	0.1334603837140946	-0.0375693551073937	0.0178116740211133	0.0014114564431854	0.0003690421426967	0.0003929739501331	1.361921030861715e-07	1.5442852548323397e-07	0.0002759435810737	-6.225293369997244e-08	7.614485993577765e-08	3.875427754253163e-15	-0.0003050508029198	0.0001889457581082	9.305599236201466e-08	3.5700499507082434e-08	0.0	0.0	0.0	0.0
916.6314346039712	2.794715963799604	840213.1869041343	7.810437318316348	1106.7101183739778	2.417864790586691	1224807.286111344	5.846070145558823	874.3567966335422	2.001441636976324	4.005768626222467	764499.8078192695	895.0929967182141	708.749967917928	1.050174	24.603771	0.145691464272809	0.0875071857110661	0.0121696081	-0.0407918364	-0.0758360369	-0.0803118155	0.0311227413	-0.0290764071	0.0040978659	-0.0760405072	-0.0052935108	-0.3038008471	0.088468345	0.2051789046	0.0916114726	0.0273530887	-0.0124265372	0.0213527765	-0.1314881804	0.1718904323	-0.1233695596	0.0393880735	0.0251491195	0.0619982754	-0.1135306062	-0.1688538429	0.1830844011	-0.0006066272	-0.0862332846	0.0002944223	0.1946824006	-0.152792593	0.0666487422	-0.0740118866	-0.0811937348	-0.0480457149	-0.0757612791	-0.1267362386	0.0990967905	-0.3050631985	-0.0166571284	0.0293581788	0.1478678228	0.0532158041	-0.0406761498	-0.0452521949	-0.1282640932	-0.1403235778	-0.0122755104	0.0065120989	0.1113150283	-0.2091764335	-0.0114234248	0.1853715175	-0.0076336422	0.146813763	-0.150704114	0.0625609842	-0.1059983848	-0.1613482308	-0.0796329947	-0.1664334749	0.0544018297	-0.002343658	-0.0361247251	-0.0898315202	-0.0828408981	0.0379386913	0.099088649	0.1591077334	0.0163608521	0.0332255173	-0.030622115	-0.2213335428	0.227341438	0.0867518458	-0.0733621021	-0.1646581864	-0.0482656836	0.0614698982	-0.2841608993	0.001517924	0.040249391	-0.0906157136	-0.0025418456	-0.0669910099	0.0479279396	-0.0298667147	0.1675661009	-0.0437193211	0.0955696805	0.1169913912	-0.0838542315	-0.2187489496	0.0870423943	-0.0680835967	0.0804739577	-0.0528845535	0.0807283651	-0.0813081945	-0.0247858936	0.1695700675	0.0197877961	0.0021001874	0.0373573812	0.0250247696	0.1100806269	0.0814525667	0.1272347401	0.1216944932	0.1126387502	0.1003291122	-0.0778871663381437	0.0163881173129852	0.0002685703890641	0.0060664106801856	0.0262793643843366	0.0725990626400089	0.0052706238962079	0.0006906049924447	0.1531150477207745	0.0196546640066798	0.023444217838535	0.0003863058172154	-0.0002729731735965	-0.0006420153162932	7.451435350334492e-08	4.121836663550576e-07	0.0001770414262443	-9.890215482940004e-05	3.134366660661591e-08	9.781636229898616e-09	-0.0003049758677797	7.493514009998536e-08	9.301027992798108e-08	5.615275221804434e-15	0.0	0.0	0.0	0.0
916.7451701283104	0.1137355243391766	840421.7069535848	0.0129357694967074	1106.4524195305655	-0.2576988434122995	1224236.9566850425	0.0664086938960368	874.9994547526042	0.6426581190619345	0.4130094579962236	765624.0458173546	896.6418576288808	724.3565412375093	0.990032	23.194742	0.2056446483956281	0.1216196675698511	0.000336596	-0.0105391929	-0.0356374221	-0.0242649975	0.0059213934	-0.0081385873	0.126845473	-0.148270614	-0.0001981156	-0.2051514788	0.1353338733	0.0459915338	0.0402760626	0.0484666486	0.0442076998	0.0019796156	-0.0232745008	0.0476960529	0.0395202134	0.0913780762	-0.0882814079	-0.017777815	0.0759068749	0.1988603741	0.0413266048	0.0337253234	-0.0575164886	0.1848494279	0.2122085099	-0.0032186572	0.2139588197	-0.0697703368	0.090804353	0.0014888732	0.0626606302	0.0812208832	-0.0640590126	-0.0982738554	-0.0291074106	-0.1365026712	0.0733678703	0.1643679413	-0.0327243004	-0.0270498278	-0.0033734047	-0.0603511791	-0.1798431813	0.023386896	0.0729185603	0.0370932883	0.0030589585	0.0474550969	-0.0494570022	-0.00877728	-0.0885614162	0.1380829913	0.039157945	0.035384974	0.1444879599	-0.136213117	-0.0156177128	-0.0601041857	-0.2128994811	0.0272090924	-0.2277035978	0.1331068409	0.0747053162	-0.1800846812	-0.1958576488	0.1661771634	-0.0025247426	-0.0951653069	-0.0637435141	0.1335956799	-0.0462624599	0.0641966105	0.0671625122	-0.0044153723	-0.0116829864	-0.0119805204	0.0589998086	-0.0170259537	0.0012963735	-0.0318183647	0.0333608889	-0.0035883324	0.0705720442	-0.0225671562	0.0158803869	0.108039106	-0.1125880955	-0.0950471903	-0.0356936526	0.0116825009	0.0895313301	-0.0086240061	-0.0005965325	-0.0885621065	0.0888884085	-0.0297240773	0.0072104824	-0.0278848433	-0.0283833898	-0.0097009819	-0.1627181233	0.0354675237	0.1266188352	0.1192723348	0.1073422654	0.0912870929	-0.098612504875291	-0.0207253385371472	0.0004295396574793	0.0097244261177792	-0.0752545682743885	-0.1015339326587251	0.0103091394811465	0.0056632500461646	0.0940333352046138	-0.0590817125161607	0.0088422681297032	0.0034906487538422	-0.0002069031051429	6.607006845359999e-05	4.2808894917773945e-08	4.365253945463389e-09	0.000351056799656	0.0001740153734117	1.2324087658471294e-07	3.0281350183613394e-08	-0.0005509637195863	-0.0002459878518065	3.0356102030037095e-07	6.051002323642579e-08	0.0	0.0	0.0	0.0
918.4103897137156	1.6652195854052252	843477.643934099	2.77295626761715	1113.825193030812	7.372773500246467	1240606.5606301257	54.35778908593654	875.5369297348973	0.5374749822931335	0.2888793565910041	766564.9153296105	897.4672472897399	722.8544484893238	0.91447	21.424471	0.0767802429586362	0.0344466689870947	-0.0020081188	-0.0083130216	-0.0444214679	0.046701231	0.0033747811	-0.0081009335	0.0012734128	-0.0610024321	0.0531788421	-0.126237641	0.0211213262	0.0371907922	0.0595059941	0.0885896524	-0.0436247475	0.0075005017	0.00895392	0.0754379313	0.0826004887	-0.0069504967	-0.0928879056	0.1503745469	0.012201417	-0.0115600125	0.0903229179	-0.1446870171	-0.1114018534	-0.0357767763	-0.0560665633	-0.0687388366	-0.1668143538	0.0531118029	0.0023403211	0.0691812262	-0.0230791251	0.0978350031	-0.0586339972	-0.0854177243	-0.0761955986	0.0016419836	-0.2114660817	0.1443463592	-0.0887472125	0.0052861739	0.0061837864	0.0142629701	-0.0770195218	-0.0828586669	0.067302875	-0.1618338924	-0.0125574166	0.0369371807	-0.0567805492	-0.0075558224	0.030797039	0.0596497789	-0.0854234753	-0.0977609881	0.0902928109	-0.0361382647	0.0609086742	-0.0691760836	-0.152410625	0.0150669725	0.1624237831	-0.0015392567	-0.0390243019	0.1124212653	0.228568013	0.0370707211	-0.048454486	-0.0149553739	-0.0323397645	0.0601273885	0.0789510756	0.1107799865	0.1065420136	0.0657490713	0.0215824788	-0.2132958426	0.0592811725	-0.112391964	-0.0050420164	-0.0286762881	0.0260242049	-0.0041073888	0.022134286	-0.0359778831	-0.0125254616	0.0582879675	-0.0274951105	-0.0559944948	0.0027826587	-0.0084686339	0.0920651838	0.0193785342	0.0044614679	-0.0199203575	-0.000289279	0.0258622232	0.0386046091	0.0635721461	-0.1045500581	0.0339716914	-0.0025758864	-0.0385183126	0.1259161521	0.1165232592	0.1013839798	0.0812449131	-0.0776203567947533	0.0209921480805376	0.0004406702810352	0.0060249197889448	-0.0949969670410553	-0.0197423987666667	0.000389762309062	0.0090244237469993	0.1083347923235606	0.0143014571189468	0.011736427227789	0.000204531675725	-0.0003888944769484	-0.0001819913718055	1.5123891420096966e-07	3.3120859411647756e-08	0.0002851438913329	-6.59129083231e-05	8.130703876446868e-08	4.3445114836093855e-09	-0.0007379442193074	-0.0001869804997211	5.44561670809208e-07	3.4961707275952285e-08	0.0	0.0	0.0	0.0
920.3331405928484	1.922750879132764	847013.0896734956	3.696970943205816	1113.7871052394405	-0.0380877913714812	1240521.7157976525	0.0014506798515574	875.622338464758	0.08540872986066	0.0072946511364112	766714.4796184911	897.0974286363426	733.1077587209596	0.906317	21.233459	0.1037304460536213	0.0540926197401464	-0.0126298713	-0.0090100392	-0.0112619955	-0.0213719967	-0.0083581723	0.0437513526	-0.0856053682	0.0626499857	0.0320725645	-0.0208954848	0.0287636919	0.1246441089	0.0711904411	-0.0236857493	-0.0893760879	0.0197365074	-0.0035333756	0.1342301583	0.0229047937	-0.0808620837	-0.0530522241	0.0508992153	-0.0764008832	0.0360801023	0.0805742802	0.0636241977	0.1502573481	-0.2115143337	-0.0825393506	0.0221282354	-0.0830989992	-0.091175061	-0.0946266396	0.0268549642	0.2872932649	-0.068707995	-0.1394568722	0.0320752869	0.0300449481	0.134830552	0.0364380603	0.073121405	-0.0320761146	-0.0339709053	0.0155737786	0.061764126	-0.0161490308	-0.0487619362	0.0408174913	-0.1008817544	-0.0114168855	0.0982242233	-0.1003654802	0.0665124199	0.0605349704	-0.0079909865	-0.0432402183	0.0004072917	-0.0340703632	-0.0313732771	0.0456187575	-0.122191804	0.1916490619	-0.0284277394	0.1061289691	0.0494652198	0.0723777675	-0.0266094942	0.0457026616	-0.0374641227	0.1679751377	0.1591648641	0.1010791471	0.0976370727	0.0563849074	0.0189919743	0.1027042883	-0.1182446804	-0.0036097658	-0.050660988	0.2020136176	0.0620682513	-0.0049288043	-0.0267682056	0.0306253493	-0.0222983788	0.0150572732	-0.0420938554	-0.015780636	0.0523239009	0.0311324849	-0.0039410539	-0.0210237442	-0.0144273819	0.0270159688	-0.0640662096	0.0174370107	0.0290849721	-0.0545512658	0.1525302042	0.1561510689	0.1212776285	0.0502748976	-0.0423273232	0.0607581324	0.0092721908	0.1251271724	0.1134548014	0.0948006283	0.0703125971	-0.0449903484825995	0.0326300083121538	0.0010647174424512	0.0020241314565857	-0.0533469548169733	0.041650012224082	0.0017347235182661	0.0028458975882441	0.1136820035961534	0.0053472112725928	0.0129235979416358	2.8592668393743517e-05	-0.000130977473604	0.0002579170033444	1.7155098591686513e-08	6.652118061415526e-08	6.104835962994493e-05	-0.0002240955317029	3.7269022135070904e-09	5.0218807329230135e-08	-0.0007379959691559	-5.1749848500068196e-08	5.446380504903562e-07	2.6780468197800103e-15	0.0	0.0	0.0	0.0
919.4815564829012	-0.8515841099472254	845446.3327122186	0.7251954963146081	1109.6726228232696	-4.114482416170858	1231373.3298434746	16.928965552979186	875.4087371267242	-0.2136013380337544	0.0456255316098102	766340.457037806	897.0653674817174	719.2012668516007	0.8615859999999999	20.18548	0.0667000840105708	0.038914715080915	-0.0001674987	-0.0268014324	-0.0286195871	0.0787999465	-0.0087905673	0.0560111738	-0.0089217422	0.0078710169	0.0281457379	-0.0123264702	-0.0670562247	-0.0800680114	0.0861796235	-0.1018706559	-0.0093652962	-0.0052485105	-0.0661362809	0.1551638775	-0.032935116	-0.0331824474	-0.0263040687	-0.013297173	-0.0950116344	0.1885580355	-0.078750997	0.0670574314	-0.1051192479	-0.0343204953	0.020734825	0.0181070777	0.0313063786	0.0616739037	-0.1160575502	0.0064947223	0.2664510762	-0.0977830712	-0.0042834839	0.1127773496	-0.0708154622	0.1000271944	0.0240263908	0.006908976	-0.0067658468	0.1057036547	-0.0183388274	0.0556394433	-0.0750102865	0.0674766774	-0.0827185602	0.1016763736	2.42436e-05	0.1459572801	-0.0935330308	0.0721399575	0.0181261802	0.0485646598	-6.77993e-05	0.081115358	-0.0055261595	-0.0100422695	0.066817843	0.1073205192	0.037471679	-0.0164214296	0.054191936	-0.0628564805	0.1367235258	0.0036971804	-0.1235027689	0.0992089561	0.1445270797	0.2285605025	-0.0659195568	-0.0911722133	0.0724981559	-0.0889810898	0.1376007832	-0.0845988729	0.102386008	-0.0230007709	0.0411728731	0.0200539206	-0.0074940615	-0.0204770128	0.0179672475	-0.04353249	-0.0049692654	-0.0421617971	0.0422029471	0.0119522214	0.1059541715	-0.0234347875	0.0023179081	-0.0881479285	0.0379536834	0.0007406777	-0.0240011328	0.0721526188	-0.1431285543	0.0461697552	-0.0943799608	0.1155748938	0.1359954438	-0.0873182164	-0.025644328	0.0643366566	0.1242524367	0.1100753719	0.0876327994	0.0586099215	-0.0137529173371149	0.0312374311454846	0.0009757771045688	0.0001891427352815	-0.0534557163858693	-0.000108761568896	1.1829078868720569e-08	0.0028575136143264	0.1252822452616158	0.0116002416654624	0.0156956409777916	0.0001345656066971	1.814279586430265e-05	0.0001491202694683	3.2916104177375726e-10	2.2236854766299192e-08	0.0003869934447184	0.0003259450850884	1.497639262550133e-07	1.0624019849332021e-07	-0.0007380036072137	-7.638057799956577e-09	5.446493242604332e-07	5.83399269554775e-17	0.0	0.0	0.0	0.0
921.603357961582	2.1218014786808226	849352.7494060638	4.502041514932126	1115.5743053115416	5.901682488271945	1244506.0306713283	34.829856192375736	876.5499213026557	1.1411841759314711	1.302301323396391	768339.7645356918	898.7984785873584	730.3082392593103	0.929288	21.771624	0.0346217338406383	0.023787663958575	0.0039307468	-0.0184438547	0.0327495393	0.0334126081	0.003752379	0.0501770066	-0.0315661836	-0.0922221753	0.0079843118	0.0062743996	-0.0801276913	-0.1298358446	-0.0737801558	-0.0044875239	0.112958679	-0.0215749197	0.0307984203	0.0693741645	-0.0501438907	0.0088767974	0.0898023654	-0.0660804209	0.0679733414	0.1726494913	-0.1047344661	0.1502702708	-0.1450061782	0.0803190527	-0.0904411737	-0.0943311366	0.0738909464	-0.0697367414	-0.2592665793	-0.1766139373	0.1291419991	-0.0237256091	0.0501248685	0.0654852193	-0.019482898	-0.1879439924	0.0304562147	-0.0523130733	-0.0306017589	-0.0950729889	-0.0688781467	0.0476295418	0.1749056566	-0.230336391	-0.2668573883	0.0582622135	0.009993388	0.0385079064	-0.0557410665	0.0354521319	-0.0165840846	-0.0095955078	0.1421785662	0.0939693074	0.0837245633	-0.0408356245	0.0071241514	0.2372179872	0.0005601369	-0.0947230678	-0.0986078439	-0.1349693595	0.1397399826	0.15357859	-0.1662652939	0.0094266764	-0.0056534558	0.1226770461	-0.0128230435	0.0701281634	-0.1689410385	0.0571643099	0.1473723739	-0.0356710835	-0.0058845631	0.1817257302	0.142284625	0.1487863215	-0.0158960736	-0.0092322863	8.21798e-05	-0.0405611048	-0.0062439854	-0.0126251685	0.0556461132	-0.0244243118	0.0619368139	-0.0781921655	-0.0226592067	-0.0880740034	0.0791052692	-0.0834590899	0.0023669443	-0.08016034	-0.0318599247	-0.0690140986	-0.1390899177	-0.0412928249	0.015083385	0.026514108	-0.0279922383	-0.0434108298	0.1232925447	0.1063942335	0.0799246852	0.0462651033	-0.0219831126789671	-0.0082301953418522	6.773611536504566e-05	0.0004832572430561	-0.0754088552642144	-0.021953138878345	0.0004819403066119	0.0056864954522592	0.1268700789573813	0.0015878336957655	0.0160960169346521	2.521215845408363e-06	5.313482063491271e-05	3.499202477061006e-05	2.8233091639043444e-09	1.2244417975469882e-09	0.000364980282693	-2.2013162025399967e-05	1.3321060675466222e-07	4.845793023565112e-10	-0.0007380097389112	-6.1316975000051685e-09	5.446583747277776e-07	3.759771423156962e-17	0.0	0.0	0.0	0.0
916.8399347940456	-4.763423167536416	840595.4660331497	22.690200273022665	1113.3158286977036	-2.2584766138379564	1239472.1344288546	5.100716615252962	875.57841685089	-0.971504451765668	0.943820899800511	766637.5640551109	897.6921188362621	712.8828404221798	0.974054	22.820417	0.2103138713493553	0.1132966647650686	0.0144612836	-0.0497868935	0.016903919	0.0130424568	0.0490431349	0.0453558895	0.0784369738	-0.1381138775	0.0044043751	0.0036684738	-0.1037141624	-0.1931691677	-0.189568735	-0.0521699808	0.0951199372	-0.0365168565	0.0264582768	-0.0225009538	-0.003130492	-0.060627812	-0.0506410672	-0.1234929413	0.0723959693	0.056451054	-0.2263261402	0.1272590284	0.0258316299	0.08622776	-0.0124953431	-0.0804952703	-0.0643886351	-0.128937752	0.2530203768	-0.0432748039	-0.121040362	-0.2318363537	0.0870177048	-0.0970666297	0.0388134041	-0.179240853	-0.1600981018	0.1823702022	0.0126129066	-0.0377037643	-0.007962964	0.145449366	0.0030834665	-0.1029399816	0.1514423283	-0.0557687949	0.0417162787	-0.0309486145	-0.0084168793	-0.0274312264	0.0830923306	0.093496736	0.1777759481	0.1271499451	0.0237598568	0.0371426532	-0.1232241299	0.2038643059	0.0812216784	0.0517489352	-0.0217403863	-0.0391835101	-0.1088150396	-0.1868772701	0.0531768678	0.105635023	-0.1536968263	-0.1527707694	-0.017580667	0.0925281222	-0.2222322437	0.045706842	0.2065099969	0.0157119753	-0.0009523042	-0.0736882777	-0.0730039734	-0.0677380211	-0.0480643979	0.0192754731	-0.0136995848	-0.0454924688	-0.1160757791	-0.0126123834	0.0725499547	-0.1442439704	0.1422167669	0.0300040031	-0.0271562641	-0.0868671223	0.0360086413	-0.096151025	0.0143884114	-0.1345897969	-0.1115761635	-0.0591921864	-0.1303410135	-0.0523306147	-0.0869286763	0.0660638954	0.1853340158	-0.2813719319	0.1222481541	0.1024214758	0.0717238087	0.033413395	-0.003867163511245	0.0181159491677221	0.0003281876142474	1.4954953622704758e-05	-0.1605166574405814	-0.085107802176367	0.0072433379912916	0.0257655973158969	0.1938671010036472	0.0669970220462659	0.0375844528515583	0.0044886009630678	0.0001059773844538	5.2842563818887296e-05	1.123120601566853e-08	2.7923365509531772e-09	-9.902381059911924e-05	-0.0004640040932921	9.80571506557024e-09	2.1529979859184173e-07	-0.0004529944368422	0.000285015302069	2.0520395980998198e-07	8.12337224134833e-08	0.0	0.0	0.0	0.0
921.1600352794292	4.320100485383591	848535.8105959992	18.66326820381154	1121.6722202479282	8.356391550224544	1258148.5696759168	69.82927974066415	877.3763026646205	1.7978858137305451	3.2323933992135445	769789.1764774398	897.9490570247206	723.0631637620048	1.006639	23.583828	0.1009600958782774	0.0733340339522574	0.0116913919	-0.0367021134	0.0296680241	0.1173205187	0.0056743245	0.0995792193	-0.1633517358	0.0230116726	-0.1433497491	-0.0397696093	-0.0386484076	-0.0898671687	-0.0952951053	0.0154952614	-0.0525882522	-0.035375895	0.0531681619	0.058916255	-0.010868392	-0.1104217571	0.1878534091	-0.0880203971	-0.0245795683	0.0472528209	-0.097338981	-0.0074765608	-0.0378899585	-0.1594364939	-0.0580092197	0.0251271476	-0.0664560827	0.0666298345	0.0858435533	-0.0318784898	-0.1186548533	-0.0877012163	-0.0626186062	0.0528125043	-0.1569124591	-0.1213255667	0.0858506896	0.0260803221	0.16222075	0.1798512699	-0.0114705148	0.1756619657	-0.1011605952	0.2685682663	0.0610498036	-0.0643343652	0.0344285619	0.0214446289	-0.0165334606	0.0781516022	0.0327899464	-0.1626867709	0.03436954	0.1364304388	-0.0230297161	0.0057728379	-0.0172934786	0.1791344481	-0.0017550247	0.0740943589	0.1705007347	0.0132306088	-0.1301695389	0.0773451014	0.0384084341	0.1327401449	0.0038464871	-0.1282628375	0.0079805717	0.0150721203	-0.0289314622	0.0582567627	0.0026194748	-0.0447367525	0.1071161458	-0.2062494839	-0.1327220575	0.0779450492	-0.0389079144	0.0189467677	-0.0021291012	-0.0726741261	-0.1251339911	-0.0036425591	0.017443273	-0.1524642568	0.1409382766	-0.0151245085	0.0226026801	-0.0817250574	0.0758736321	-0.117173343	0.1070039569	0.0395771727	-0.0259044781	-0.0338576481	-0.0391045503	0.0371768666	-0.0587619641	0.1144715973	0.1289139366	-0.0585560165	0.1211199807	0.098167988	0.063080731	0.0201956026	0.0098711297232654	0.0137382932345104	0.0001887407009973	9.743920201353364e-05	-0.091268758952637	0.0692478984879444	0.0047952714449966	0.0083299863607545	0.1938416792191475	-2.5421784499712885e-05	0.0375745966024988	6.462671271498422e-10	7.29891903169233e-05	-3.29881941368767e-05	5.327421903120051e-09	1.0882209524122666e-09	-0.0001340058040899	-3.4981993490780755e-05	1.7957555529780663e-08	1.2237398685890272e-09	-0.0001619949770434	0.0002909994597988	2.6242372587291697e-08	8.468068560319344e-08	0.0	0.0	0.0	0.0
920.0010527981028	-1.1589824813263476	846401.9371496176	1.3432403920213778	1112.5623863434123	-9.10983390451588	1237795.0635061483	82.98907376786705	877.6886027465373	0.31230008191676	0.097531341165215	770337.2833911689	899.1842336923947	727.4277401415117	0.948771	22.228081	0.1581138090505174	0.0951136204980236	0.0219575599	-0.0248943461	0.0714190469	-0.0042637036	0.0350359853	0.057638303	-0.0748095755	0.1044085618	-0.0285279506	0.2147574892	-0.1290681379	-0.0313688077	0.0138352124	0.003483385	-0.1054816855	-0.0257463364	0.0897593874	-0.0815476225	0.0637835093	-0.1357453261	0.1888455293	-0.2244836978	0.108570282	-0.0579138876	-0.0014783586	0.1438314846	-0.0200217471	-0.0155260468	0.016900751	-0.0125606435	0.0361210065	0.0446970276	0.0933039543	0.1186897357	0.049679787	-0.0999842953	-0.1635903834	-0.0834831771	0.0104794562	-0.0531951745	-0.0392051282	-0.0548254374	0.038337982	-0.1150388651	-0.0905695879	-0.2167711978	-0.0504210525	0.2116081654	-0.0228385205	0.1331333971	0.0392744898	-0.0652695493	0.0315016103	-0.0099688275	0.1134017703	-0.1697487024	0.1985486545	0.1657226455	-0.0202033817	-0.0117423561	-0.1097485445	0.0102590186	0.1007489353	-0.0496313007	-0.0338083035	0.0051570538	0.0567424439	-0.0027180475	0.0499347649	0.0795137192	-0.0828494702	-0.1310400992	-0.011296743	0.0467504545	0.0825985579	-0.0714800854	0.0635169916	-0.1007470605	-0.22193566	0.0766653625	0.09809901	-0.1135581281	-0.0379027614	0.049812295	-0.0203057946	-0.0337809566	-0.1211181608	0.0191773853	0.0228539283	-0.182245877	0.1566650407	0.1232622896	-0.0719388179	-0.0055584435	-0.0562943465	0.0247712851	0.0414328441	0.0380834659	-0.1153293992	0.046524127	0.0494353374	-0.0526278434	0.1153733008	-0.001493791	0.1557565178	0.118245578	0.1199087977	0.0936454286	0.0540487397	0.0067565429	0.0199803038078272	0.0101091740845617	0.0001021954006719	0.000399212540253	-0.173629739247886	-0.0823609802952489	0.0067833310751943	0.0301472863512888	0.1535477330078833	-0.0402939462112642	0.0235769063118602	0.0016236021012762	0.0001059997216552	3.301053133827669e-05	1.1235940990979877e-08	1.0896951792353475e-09	-2.02684216232818e-06	0.0001319789619275	4.108089150991173e-12	1.741844639147945e-08	-0.0005039996529664	-0.000342004675923	2.5401565019025164e-07	1.1696719835319627e-07	0.0	0.0	0.0	0.0
917.1324704197544	-2.8685823783483784	841131.9682982417	8.22876486137084	1108.6756089825496	-3.886777360862652	1229161.6059528273	15.107038252914442	875.7616439875229	-1.9269587590143828	3.7131700589422505	766958.4570797288	897.6152284568335	716.6423245599665	0.961226	22.51988	0.0988701219917781	0.0504039737261012	0.0164313807	-0.025358773	0.0495336416	0.0158233488	0.0377520656	0.0123101617	0.0271467677	0.11376901	-0.0071484306	0.0679488603	-0.0300282275	-0.0844395319	-0.0162037246	-0.140033042	0.0129742992	-0.037009038	0.0066050527	-0.1017703475	-0.0581324916	-0.0545868862	0.0096042181	-0.1014783389	0.0937317059	-0.0954156369	-0.1787668016	-0.0509053023	0.0355210039	-0.1209598915	0.0176971152	0.0169347331	0.0352999614	0.0317228758	-0.2623362636	0.109034123	0.0353934102	0.0493689701	0.050773215	-0.001422917	0.0652409024	0.0002820468	-0.0333983395	-0.0632893294	0.2141008496	-0.0091263408	0.0646550167	-0.220546996	-0.0472224933	-0.2374189133	0.1352020859	-0.0551034711	0.0432480591	-0.0608814547	0.0854391864	0.0058629498	0.0876003482	-0.0444280127	0.0584249392	0.0070329955	-0.08467451	0.2047131774	-0.1232349884	0.1056792605	0.0788007371	0.02356851	0.0812948882	0.140258255	0.0952372186	0.1149484808	0.0686331703	-0.0272010396	0.0206778498	0.1050627565	0.0857038183	-0.0375956451	-0.0721146384	-0.1109613551	-0.0106390873	0.0974645199	-0.14230448	0.1869751671	-0.0063585031	0.0515300121	-0.0316236888	0.0587107008	-0.030479536	-0.0113273343	-0.1153826917	-0.0026207717	0.0700133676	-0.1719909245	0.2063058213	-0.003013822	-0.0073053244	-0.0840911928	-0.058161135	0.0020845729	0.0149311602	0.0042394235	-0.089774529	0.0335899141	-0.0804080477	-0.1120515253	0.003915339	-0.0525907486	0.0032026948	0.0626182124	0.1186154352	0.0888661936	0.0446835199	-0.0067565429	0.025699783539423	0.0057194797315958	3.271244840013517e-05	0.0006604788739731	-0.141706215469739	0.031923523778147	0.0010191113704139	0.020080651502756	0.1634265857826022	0.0098788527747188	0.0267082489405582	9.75917321445712e-05	-0.0004378854606275	-0.0005438851822827	1.917436766289579e-07	2.958110915066859e-07	0.0003721342575946	0.0003741610997569	1.384839056754841e-07	1.3999652857131394e-07	-0.0006129186850731	-0.0001089190321066	3.756693145117379e-07	1.186335555506034e-08	0.0	0.0	0.0	0.0
920.3654630075124	3.2329925877579626	847072.5854970327	10.452241072497928	1111.717880106418	3.0422711238684315	1235916.644948308	9.25541359112369	875.0914395175138	-0.6702044700091392	0.4491740316202312	765785.0275168344	898.0140858621247	737.2794345083412	0.906512	21.238026	0.0992816617078454	0.051259439480158	0.0065086277	-0.0084563051	0.0781680794	-0.0086497453	0.0034803047	0.0266498234	-0.0287658433	-0.0464040684	-0.0325288107	0.0342615703	0.0450401763	-0.0242332126	-0.1921848985	-0.0553191841	0.0891290736	-0.0398613561	-0.0003199651	-0.1610046832	-0.0016990336	-0.0288219951	0.0243669153	0.0059985532	0.1638997474	0.0107257531	-0.1545627186	0.0895538101	-0.1564417889	0.1086438983	-0.0291262023	-0.095816746	0.1279590594	0.0345679199	0.0211203073	0.0436251576	-0.0658864878	0.0738441409	0.0735380965	0.145744874	-0.0448305485	0.0587997047	-0.0677260872	0.0607569872	-0.1889072295	0.0189980025	-0.0169979591	0.06529504	-0.10195959	0.076599096	0.2007634328	0.0328912359	0.0448789137	-0.0696992564	0.104501718	-0.0338351192	0.0238226669	-0.0447408001	0.0543361792	0.0456339355	0.0584950782	0.0717606171	-0.1935113746	0.0627636773	-0.1516619232	0.0039912728	-0.1010250876	0.0062702279	0.1215440935	0.0450952902	-0.0391720191	0.0225485367	-0.1705861822	0.0299453282	-0.1174862243	-0.0508392159	0.0754591563	0.0136846611	-0.0145810236	-0.0885465795	0.0506400085	-0.2066086524	0.0802831249	0.0473326853	-0.0326288696	0.0524851243	-0.0256305238	-0.0194383274	-0.1450425633	-0.0061379817	0.0170207067	-0.1730982196	0.1234000437	0.0327455143	-0.0512596371	-0.0194790569	0.0504571731	0.085776702	0.0331196538	-0.0601115077	0.0163041027	-0.1368322072	0.0246478802	-0.0228273027	-0.1235792191	0.0303175095	-0.0490658996	0.1438606416	0.1172407796	0.0838433825	0.0350428114	-0.0201956026	-0.0118116247725481	-0.0375114083119711	0.0014071057535474	0.0001395144797674	-0.1587746784275907	-0.0170684629578516	0.0002913324277435	0.0252093985097848	0.1534341022593395	-0.0099924835232626	0.0235420237361294	9.984972696267612e-05	-0.0003127348315417	0.0001251506290858	9.780307485941549e-08	1.5662679960571496e-08	0.0005071657449609	0.0001350314873663	2.5721709286174465e-07	1.823350258035524e-08	-0.0010469227069162	-0.0004340040218431	1.096047154256744e-06	1.883594909759861e-07	0.0	0.0	0.0	0.0
918.9179400759954	-1.4475229315170282	844410.1805935106	2.095322637267651	1107.9935305586484	-3.724349547769634	1227649.6637598183	13.87077955397188	875.4577746492603	0.3663351317464958	0.1342014287517224	766426.315193835	897.4220868183313	723.5559976215012	0.80743	18.916704	0.0452049541989388	0.0223813163849536	0.0062480359	-0.022330289	0.0812720966	0.0057486057	0.0398951005	-0.0042013314	0.0015637389	0.041840086	-0.0456049198	-0.0152653935	-0.0230135707	-0.0406469533	-0.0321049008	-0.0815794515	0.0041622006	-0.0150193218	-0.0278053552	-0.0766215716	-0.0262034779	-0.1029057879	0.0752056832	0.0126232631	0.1266766829	-0.2018007596	-0.2013543658	-0.1083774375	-0.0413365624	-0.1874532253	-0.0513192311	0.0974470154	0.1465699237	0.0197242513	0.0221447587	0.0430060867	-0.0743039825	-0.0106561576	-0.0480673835	-0.0523141158	0.2693042893	-0.0078841102	0.0663435105	0.1424320527	0.0753008922	-0.0464378187	0.001146477	0.0624839774	0.0750884446	0.042243352	-0.0013904506	-0.0330350397	0.022408447	-0.014565461	0.0792131954	-0.0032808838	0.0658429247	-0.0991899179	0.0338295814	-0.0262269159	-0.0666417122	0.2090558511	-0.2182437858	0.0146509835	-0.0542229555	0.1575244608	0.0632144914	0.1153645108	0.1035188366	0.0830274829	0.1540028222	-0.0329719181	0.0264038573	-0.0754389211	0.098945448	-0.0704196978	0.0148166349	0.060467741	-0.076838682	-0.1235937598	-0.0866893906	0.0600667874	-0.0445629225	0.0296058535	-0.0420649182	0.0685641848	-0.0243030985	-0.0222607679	-0.1523744381	-0.0184212821	0.0364022993	-0.1767314753	0.139186948	0.032125136	-0.0107932088	-0.0152400727	-0.0858433986	0.0187744073	-0.0700787551	-0.0148611527	-0.0461187998	-0.0230492365	0.0358833233	-0.0070351471	-0.2292603163	-0.0454597023	0.0046824395	0.027282098	0.1157857731	0.0785907625	0.0251860523	-0.033413395	-0.0076703396995725	0.0041412850729756	1.715024205565052e-05	5.883411110683794e-05	-0.1732938353253956	-0.0145191568978049	0.000210805917023	0.0300307533617853	0.1534804200327642	4.631777342467558e-05	0.0235562393334337	2.1453361350195833e-09	-8.883704210962701e-05	0.000223897789432	7.892020050787644e-09	5.013022011256888e-08	0.0003720390302224	-0.0001351267147385	1.3841304000882388e-07	1.8259229036019952e-08	-0.0008759833219921	0.0001709393849241	7.673467804083151e-07	2.9220273318229677e-08	0.0	0.0	0.0	0.0
920.6990331605284	1.7810930845330404	847686.7096627319	3.17229257577142	1112.1758703784408	4.1823398197923325	1236935.1666520422	17.49196636822056	876.8942127046131	1.4364380553528235	2.063354286865801	768943.4602748433	899.2056627471712	735.4980395147405	1.010261	23.668682	0.2298022010975671	0.1488748944116726	0.0108517891	0.018875278	0.0758301391	0.0387333409	0.015381037	-0.0163556881	-0.0707717006	0.0815666461	-0.0811127144	0.0560930289	0.1340598394	0.0298352983	-0.203779826	0.1181132206	0.0666686392	-0.0202284708	0.1315080457	-0.1700904515	0.0909471565	-0.0490007098	0.1787907835	-0.0083112906	0.0424322264	0.1066281347	0.0062597094	-0.0323186881	-0.1511435456	0.0952774573	-0.0121533483	0.1751105715	0.056308885	-0.1084320336	-0.072018243	-0.1344988852	-0.1621352518	0.1089210258	0.1344553257	-0.0427717421	0.0536890529	0.2462192173	-0.0314834721	-0.170995464	-0.1723081733	-0.1684230642	0.0942957024	0.1941954559	-0.1314936978	0.0386605765	-0.0363002796	-0.0941072772	0.0140979936	-0.1312447224	0.0533966875	-0.0454624341	0.0706545315	-0.1969598011	0.0003042332	0.106776639	0.100959987	-0.0670176915	-0.0453488886	0.0218226538	-0.2345376598	-0.0015180236	-0.0660586765	0.0740229504	0.048291807	0.0025885883	-0.0712697539	-0.1211241711	-0.0048748381	0.0660737514	-0.078782458	-0.1134259329	-0.0038741803	0.1372792381	-0.2019650092	0.0442014976	0.0217015505	0.0033726812	0.0258486137	-0.0138643984	-0.0022018605	0.0596688208	-0.0389125125	-0.0394312832	-0.1650968973	0.0156428509	-0.099550219	-0.1242890832	0.0609873515	0.0764108635	-0.056595871	-0.0973038598	0.1299598003	0.0586012056	0.0512168893	0.0970061031	0.0571554845	-0.12685713	-0.0491449995	0.0597570056	0.0569587999	0.1159678411	-0.1817693484	0.1370515953	0.1142514127	0.0731227308	0.0151740128	-0.0462651033	-0.0034015125226574	0.0042688271769151	1.822288546636894e-05	1.157028744179511e-05	-0.0503889855881283	0.1229048497372673	0.0151056020889402	0.0025390498686006	0.0738071083480491	-0.079673311684715	0.0054474892427006	0.0063478365948097	-8.892465045572004e-05	-8.760834609302478e-08	7.90759345867199e-09	7.675222305155208e-15	0.0003240202309995	-4.801879922289998e-05	1.0498911009696937e-07	2.3058050788091795e-09	-0.0004649854795877	0.0004109978424043	2.162114962274034e-07	1.68919226461072e-07	0.0	0.0	0.0	0.0
921.3004408758222	0.6014077152938171	848794.5023579844	0.3616912400149289	1107.1122834392795	-5.063586939161269	1225697.6081421357	25.639912690444586	876.94853850983	0.0543258052168766	0.002951293112462	769038.7391945267	897.697505367647	721.0766230390116	1.235647	28.949102	0.3591469673721135	0.1958229826669954	0.0518216065	0.0663984173	0.0582521107	-0.0038188249	0.0079172007	-0.1274397476	-0.130992833	0.0166548694	0.147654226	0.0585946701	0.1308394476	0.0731894768	0.0009528888	-0.0470526879	0.0273118538	-0.0104760027	0.1423712424	0.0414303492	-0.0341452328	0.0884445457	-0.0179155096	-0.0321378927	-0.1231503554	-0.0095774347	-0.2678277661	-0.0704642386	0.0558340091	-0.0507430035	0.2231591129	0.0383992517	-0.2425817436	-0.0492142236	0.0766486094	-0.1640511828	-0.0191698897	0.2343978243	0.066574793	0.0750707014	0.0812679516	0.0442664896	-0.1817731784	-0.2046630591	0.0223698506	0.0555432507	-0.0652941388	-0.0968428634	0.137561298	-0.0463145234	0.0288920112	0.0126367445	-0.0018268407	-0.1382912405	-0.1343684066	-0.0393649668	-0.0681338514	-0.0128883115	-0.1573955979	-0.1012831086	-0.0878496886	0.167001341	0.0417073198	0.0701866339	0.044991553	-0.1460297968	0.1101905783	0.1751545384	0.0001709816	-0.0878860214	-0.045032405	-0.0657708894	0.0724064438	-0.1192496293	-0.3404340552	-0.0450567465	-0.2135607664	0.1770415621	0.0025481058	0.2012351531	0.0475047488	0.1650469303	0.0175724287	0.0519390989	0.0245645737	0.1371145264	-0.0811467943	0.07327807	0.1044983715	0.0712577338	-0.0958320225	0.0761271446	-0.0588538401	0.2146555999	-0.11247857	-0.023102484	-0.1817633607	-0.2196454822	-0.0935254964	-0.235408711	0.243546971	0.0108520726	-0.0817702487	0.02589949	0.0177027666	-0.2401398609	-0.0451646518	-0.0460596825	0.1126387502	0.0674542747	0.0050684204	-0.0586099215	-0.0473709240271915	-0.0439694115045341	0.001933309148055	0.0022440044431899	-0.097861587361038	-0.0474726017729097	0.0022536479190892	0.009576890280822	-0.1010963855362803	-0.1749034938843294	0.0102204791685002	0.0305912321729456	0.0004090229371019	0.0004979475875576	1.672997630754649e-07	2.479517999544537e-07	-0.0004699798993192	-0.0007940001303187	2.2088110576408533e-07	6.304362069461127e-07	9.909600674278652e-05	0.0005640814863304	9.820018552366391e-09	3.1818792322081085e-07	0.0	0.0	0.0	0.0
920.3017124329972	-0.9987284428250404	846955.2419071071	0.9974585025077302	1113.9301779203329	6.817894481053372	1240840.4412816244	46.48368515477803	875.5816925607758	-1.366845949054209	1.8682678484459012	766643.3003475928	897.278043678865	726.0409865300348	1.072866	25.135408	0.3044832937239623	0.154944385192541	0.0398094204	0.0278529735	0.0868355015	-0.0510672838	0.0521807036	-0.06055498	-0.1007349988	-0.0136812949	-0.1372816914	0.0031338561	0.080637387	-0.0213640747	-0.0231342144	0.0424268229	-0.0128949709	-0.0249015555	0.0465998286	-0.0838845576	-0.0968549558	0.0570516737	-0.0162347807	-0.0256674725	-0.1462648914	-0.0977480106	-0.1300676492	0.240637495	0.1849984198	0.193544999	0.0465402676	0.0830352238	-0.3323655687	0.1367327324	-0.1867732689	0.1426529354	0.1012470523	0.1334865134	-0.1854688779	-0.0994081488	0.0103273115	-0.014313701	0.1694504131	-0.0705974337	0.0648863355	-0.0590024157	-0.1255039278	0.1469236591	-0.1546164671	0.0262487039	-0.0210003081	0.0138038456	0.0281688731	-0.1014675549	0.0591926235	0.0590678439	-0.0639628777	-0.0093760978	-0.0882325054	-0.0019547595	-0.0355704656	0.0596685542	0.0241863174	0.0891144107	0.086285374	-0.2421315066	-0.0687148781	0.2422733863	-0.2895119954	0.1093276168	-0.0017474517	0.0720122101	-0.0211306485	0.1560337157	0.0501738903	0.0702398123	0.2024982686	0.0063139693	0.0420607802	-0.0134854513	0.2650603298	0.2492763212	0.2285945805	-0.1238586319	0.0124987599	0.1187872302	-0.0588860136	0.0442271036	0.0396987021	0.06094452	-0.0444908494	-0.0004720303	0.0442827275	0.095467608	0.0019739514	-0.1323148803	-0.1540348383	-0.4316079279	0.0917568005	-0.066618932	0.334910948	0.1331015409	0.0222886857	-0.0694157801	0.0266724145	0.0401455985	-0.1898936745	0.039661023	0.1109488906	0.0616009311	-0.0050684204	-0.0703125971	0.0010290866633511	0.0484000106905426	0.0023425610348446	1.0590193606871005e-06	-0.0033894251450874	0.0944721622159506	0.0089249894337568	1.1488202814150744e-05	-0.0161166101780168	0.0849797753582635	0.0002597451236301	0.0072215622199409	-0.0006509530622747	-0.0010599759993766	4.237398892848094e-07	1.123549119254422e-06	-0.0009415328125359	-0.0004715529132167	8.864840370817623e-07	2.2236214996315667e-07	0.0001001940033336	1.0979965908134744e-06	1.0038838304013448e-08	1.2055965134380124e-12	0.0	0.0	0.0	0.0
921.5163614536262	1.2146490206290537	849192.4044267304	1.4753722433151193	1109.106726958373	-4.823450961959907	1230117.7317843148	23.26567918243195	877.230375676976	1.6486831162002318	2.718156017643707	769533.1320103684	898.7624558137336	728.6107877193053	1.05487	24.713793	0.1965709711696754	0.098784494575497	0.0138990966	0.0718698175	0.0573933896	-0.1203045744	-0.0568886827	-0.0969236781	0.0096513863	-0.0874744442	-0.0391908331	0.0484461513	0.1599388478	-0.0118559518	0.1169423915	0.1011925089	-0.0003991664	0.0092666477	0.1363023728	0.0463732268	0.0592548346	0.1746519889	0.1502936811	0.13320652	-0.1022652716	0.0243513078	0.1289190113	0.0697719844	-0.0781946603	-0.0617273327	-0.140818925	-0.0225403569	0.1303247143	0.0183422679	0.0725939099	-0.0088850449	0.171620986	0.0417367541	-0.0576125839	-0.1316721891	0.2447324945	-0.0056957589	0.0124520545	-0.2781236058	-0.1088113563	0.2510271093	0.0212339787	-0.0401810496	-0.0285464703	0.0644164442	0.1069201748	-0.048189653	-0.0339398489	-0.1090526207	-0.0921979414	-0.0882178628	-0.175905751	-0.0889715411	-0.1108939404	0.0553695529	0.07119635	-0.1619664361	0.0599706841	-0.0378247893	0.0523687819	0.0580819399	-0.1214968939	-0.1137070299	0.0391116856	0.0629504904	-0.0584100997	-0.111470125	0.1517789013	-0.0848963126	0.0640712254	-0.1736065898	0.1979493575	0.4242576383	0.0769021032	0.0483300068	-0.1188720307	0.0386853768	0.1281497153	0.0372489479	0.0427690885	0.1035141973	-0.1030174794	0.0886472903	0.1009169378	0.105652072	-0.1014942106	0.0990404192	-0.015707919	0.0466205516	0.0382585615	-0.1843220099	-0.054353119	0.0350393016	0.0362568234	0.1276939672	0.0452063932	0.1044266391	-0.0228668126	0.0616002003	0.0438695554	0.0390227014	-0.0278777656	0.2292560252	0.1091829923	0.0555787436	-0.0151740128	-0.0812449131	-0.0142468444745702	-0.0152759311379213	0.0002333540721305	0.0002029725774825	-0.037989133333383	-0.0345997081882956	0.0011971398067152	0.0014431742514215	-0.0931095995545803	-0.0769929893765635	0.0086693975292143	0.0059279204131396	-0.0006769462655794	-2.599320330470009e-05	4.582562464818957e-07	6.756466180394718e-10	-0.0001572312996538	0.0007843015128821	2.472168159082305e-08	6.151288631091509e-07	0.0006839461364847	0.0005837521331511	4.67782317612348e-07	3.407665529584597e-07	0.0	0.0	0.0	0.0
926.4799853555784	4.963623901952133	858365.1632644727	24.637562240030515	1119.7467055276177	10.639978569244704	1253832.6845399532	113.20914395398658	878.3226274315691	1.0922517545931214	1.1930138954117524	771450.637858295	900.6955011578145	741.876320963842	1.009432	23.649273	0.1718563672325984	0.1158760626259829	0.012847927	0.1018330309	0.07696322	-0.1868254374	-0.0831954773	-0.014605647	-0.1036566666	-0.2049810669	-0.0103303355	0.0302032089	0.1415431903	-0.0176564297	0.0523258724	0.1526014201	-0.2312497472	0.0216026191	0.1187763827	0.1579629982	0.0116987094	0.2371696271	0.1087210674	-0.1081875253	-0.0536889007	0.2073864918	0.1792381789	-0.0704986834	-0.1307264924	0.0733144749	-0.0487172816	-0.2888885215	-0.0007846201	0.1626374681	-0.0244665457	0.1903604634	-0.1071822273	-0.1698297319	-0.1260360711	0.0573927472	0.1399861103	0.1280119421	-0.1624207923	-0.1505134281	0.0630875334	-0.0242197159	0.021844206	-0.0378339093	0.1693132185	0.0324104467	-0.0218902684	0.0450110155	-0.0560866682	-0.0627904283	-0.2001234742	-0.0553344689	-0.2362021686	0.0440991609	0.0094609862	0.1425992819	0.0368971081	-0.0701084292	0.2731438443	0.0023526083	-0.0220536885	-0.0808898489	0.0467315904	-0.185549066	0.1741642976	0.0152729552	0.2220350768	0.0667879713	-0.1710902965	-0.0240543873	-0.0312843787	-0.1647249365	0.212420466	0.0003507849	0.1001524544	-0.0481364491	-0.1034640417	0.1603978769	-0.2059248743	0.1173037019	0.0608429495	0.0649060728	-0.0975540182	0.1139112528	0.2110748608	0.0678831167	-0.0237708497	0.1309225447	0.0057689573	-0.0460592277	0.1012341079	-0.1926000341	-0.0713146101	-0.0130713012	0.0269155927	0.125573659	-0.0650082023	0.127425485	-0.1036377004	0.1316536114	0.0773140744	0.0860302354	0.1855659972	-0.0028361731	0.1073422654	0.0494042187	-0.0251860523	-0.0912870929	0.0011549823926344	0.0154018268672046	0.0002372162708473	1.3339843272954833e-06	0.0658725460417883	0.1038616793751713	0.0107872484426308	0.0043391923220275	-0.1055615882497278	-0.0124519886951475	0.011143248913805	0.000155052022464	-0.0014639437261641	-0.0007869974605847	2.1431312333752296e-06	6.193650029667665e-07	-0.0001579890429619	-7.577433080999867e-07	2.4960537696017083e-08	5.741749209703115e-13	0.000668883894476	-1.5062242008700012e-05	4.474056642893807e-07	2.2687113432864735e-10	0.0	0.0	0.0	0.0
922.0352797735324	-4.444705582046026	850149.0571470561	19.755407711071108	1111.8294242787583	-7.917281248859354	1236164.6686920351	62.68334237353992	876.2702721005394	-2.0523553310297302	4.212162404806153	767849.5897671534	898.3830822277527	736.4437877865656	1.016713	23.819851	0.1100845548311408	0.0497414918560432	0.0063132989	0.0656933959	0.0796131769	-0.1032634214	-0.03680569	-0.040686501	0.0765956871	-0.1565861769	0.0787413736	0.1126454656	0.0486853701	-0.1246085877	-0.0582647698	0.0435266022	0.0950007092	0.0210886887	0.1171355157	-0.0470087689	0.0763653117	0.2087980496	-0.1336122131	-0.0636554125	-0.0948493188	-0.0653178191	0.009733043	-0.0337532213	-0.1282162758	0.0122383107	0.0983974325	-0.0392230236	-0.0731070946	-0.1795751867	0.1218342632	0.0298001446	0.0590182321	-0.1265501583	0.1188934608	0.0706466532	-0.0343692255	0.0740307013	-0.0073253639	0.1942322342	-0.0636892175	0.0208699913	0.0065318676	0.0310800002	-0.1381673073	-0.0773989753	-0.0880434175	0.0459988968	-0.0343398949	-0.1494431453	-0.0741716888	-0.1221577064	-0.0842503166	0.1540287118	-0.0356856791	0.0520008934	0.0287901325	-0.0924489925	-0.051513643	-0.0097523302	0.0070764012	-0.1257300527	0.1469874801	-0.07029835	0.042578556	-0.2060693752	-0.0655204244	-0.0048923188	-0.094382883	-0.0148305693	0.048055693	-0.016088176	-0.0362036182	-0.2022881878	0.0436448332	-0.0139713661	0.0163490266	-0.0938808969	0.0398330737	-0.1070142774	0.0462047802	0.0771770368	-0.0867611185	0.0848581545	0.0856786238	0.0623035689	-0.0638817972	0.0645521678	-0.0322375238	0.0471772007	-0.0522887606	-0.062923926	0.0036338021	0.0689840699	-0.0150679428	-0.0952070795	-0.020490524	-0.0990379587	0.1133016199	0.0558858275	0.0828240518	-0.0432444768	-0.0484440082	0.10068266	0.1054279714	0.0430942802	-0.0350428114	-0.1003291122	-0.0025206286049268	-0.0036756109975612	1.351011620539284e-05	6.353568563975226e-06	0.0439838450352425	-0.0218887010065458	0.0004791152317539	0.0019345786240842	-0.077862616223669	0.0276989720260588	0.0060625870051943	0.0007672330513003	-0.0009180588074351	0.000545884918729	8.428319739091581e-07	2.97990344495767e-07	0.0002437794737624	0.0004017685167243	5.9428431827872674e-08	1.6141794103084414e-07	0.0004801119139098	-0.0001887719805661	2.3050744987813126e-07	3.563486064688578e-08	0.0	0.0	0.0	0.0
924.1448708557303	2.109591082197994	854043.7423289545	4.450374534089304	1114.2963266818324	2.466902403074073	1241656.3036566249	6.085607466292636	877.7085787036043	1.438306603064916	2.068725884420138	770372.3491299012	899.5007926766137	737.2263813954921	0.974507	22.83102	0.1059856971933767	0.0573713814790739	-0.0007701125	0.0697944386	0.0706034358	-0.0581072749	-0.0357856417	-0.0143097169	-0.0414307522	-0.0882538867	-0.0993252752	0.0892431324	0.0408357267	-0.0248601331	0.0958349927	0.0366053592	0.0078558065	-0.0095405067	0.095719817	-0.0680087993	-0.1223307545	0.1115398189	0.1517466694	-0.002066664	-0.0090618792	-0.0285509753	-0.0941665661	-0.2981725113	0.0854444314	0.0801675652	-0.1273214409	0.0354048158	0.1014323883	-0.1805534213	-0.0455789719	0.1063599138	-0.0258461627	-0.0514193847	-0.0926281427	-0.1237584018	-0.0203173168	0.0289312842	-0.0443667645	0.1076499849	0.1293758916	0.1947041557	-0.0805917234	0.0072536135	0.0086262294	-0.1497359185	-0.0680424321	-0.1318575292	-0.0004340682	-0.1398287038	0.0331584057	0.0350858689	-0.1962255696	-0.1221411107	-0.0372380363	0.0130452125	-0.043678814	0.1754264346	0.080623666	0.0679206337	-0.1454908727	0.1520035897	0.0687498929	-0.0296742266	-0.0371258729	-0.1363830626	0.0807242087	-0.1930595253	0.0163569809	-0.0113886	0.1981039621	0.0467312651	-0.0332713823	-0.0238229894	0.1063462191	0.1389511918	-0.0752178351	0.0821569567	0.0031411657	-0.0028259353	0.048833204	0.0725952669	-0.0798484719	0.0637993509	0.0153044478	0.0859399268	-0.1055017389	0.0210595318	-0.0548180399	-0.0061995523	0.0780566502	-0.012518294	-0.0818619735	0.0145039367	-0.0499058868	0.1553681157	0.043875049	-0.2158303268	-0.0028686994	0.1237072966	-0.0918354133	-0.0259482793	-0.0301622763	-0.0954345292	0.1034414224	0.0366662233	-0.0446835199	-0.1082719048	-0.0147635031466819	-0.0122428745417551	0.0001498879770451	0.000217961025162	0.0523581705760989	0.0083743255408564	7.012932826423989e-05	0.0027413780260758	-0.1265321695301793	-0.0486695533065102	0.016010389926014	0.0023687254190552	-0.0006661017172178	0.0002519570902173	4.4369149768050214e-07	6.348237531076867e-08	0.0005898852315104	0.0003461057577479	3.479645863540782e-07	1.1978919554631725e-07	0.00034419588579	-0.0001359160281198	1.1847080779476273e-07	1.8473166699862272e-08	0.0	0.0	0.0	0.0
924.6913080037698	0.5464371480394448	855054.0150977226	0.298593556757482	1119.3573608398438	5.061034158011353	1252960.9012663402	25.614066748557683	877.4114242609604	-0.2971544426438868	0.088300762782999	769850.807423647	898.9468258028026	743.10057013459	0.953628	22.34186	0.1035621048008625	0.0587194530250021	0.0005720959	0.0825744651	0.0787138445	-0.0078833504	-0.047736995	0.001319191	-0.207445347	-0.0308025002	-0.045649755	0.0774827786	0.0351467481	0.0497073962	-0.1354402882	0.0999891992	-0.0314169345	0.0101566048	0.1245757531	0.0062125382	0.121912568	0.0405929705	0.1850587102	0.1774704148	-0.1400746328	0.0659951944	0.1125514692	-0.081127699	0.3025488798	0.0893273937	-0.0590414607	0.2801293609	0.0535107402	-0.1295721661	0.0360471781	0.1287675336	0.0132342261	-0.0742376053	0.1406328812	0.0981881209	0.0158976332	0.012832659	-0.0658665169	-0.010556917	-0.1069942561	-0.0561495067	-0.1054727742	-0.0640409096	0.0242263876	-0.1300085713	0.0607479088	-0.1037610189	-0.0103286043	-0.0806232818	-0.0795664752	-0.0451913431	-0.0487093121	-0.2162655727	-0.1236586799	0.0250258334	0.0365160458	-0.0708498115	0.0869134652	-0.1375402085	0.013297459	0.2198810012	0.0161461196	0.1300589064	-0.2040611191	-0.3134292354	-0.043033743	-0.0911283144	-0.0491699341	0.1485672738	-0.0046315391	-0.0463945702	-0.0127541513	-0.0914982921	0.028236736	0.0190778704	-0.2106491773	-0.098864717	0.168398223	-0.0509542726	0.0494869292	0.0621106639	-0.0760165392	0.0642823603	-0.0317979827	0.0169006036	-0.160993425	0.0823719973	-0.0074503572	0.1455275435	-0.0563577085	-0.0058309933	0.0409296164	0.1216074314	0.0630014563	0.1797063868	0.0801456731	-0.1540296776	0.0623516444	0.1908033886	0.074957927	0.0505708103	0.0398972743	-0.163577202	0.1013839798	0.0301376669	-0.0540487397	-0.1150284477	-0.0077127300958181	0.0070507730508638	4.971340061478722e-05	5.948620553093828e-05	0.00162357182964	-0.0507345987464589	0.0025739995099641	2.635985486000577e-06	-0.1322044061337806	-0.0056722366036013	0.0174780050011856	3.217426808723447e-05	-0.0005099899145855	0.0001561118026323	2.600897129789256e-07	2.4370894921106203e-08	0.0003460146967031	-0.0002438705348073	1.197261703345383e-07	5.9472837747198524e-08	-5.7911704769170224e-05	-0.0004021075905591	3.353765549271533e-09	1.6169051438530128e-07	0.0	0.0	0.0	0.0
922.343031506213	-2.3482764975567534	850716.667768071	5.514402508977413	1110.038309614235	-9.319051225608746	1232185.0488112282	86.84471574551986	877.2782820146163	-0.133142246344164	0.01772685776157	769617.1840945166	898.8088192662852	724.168016113094	0.99897	23.404167	0.1426237908726956	0.0814980249588431	0.010009468	0.054237224	0.0329041277	0.0374506805	-0.062896453	-0.0340761705	-0.0654643471	0.1091482943	0.1376123965	0.0090262515	-0.0105415007	0.0618198486	0.0630810286	0.1133170062	0.0073159399	0.0076698484	0.07343672	0.0468974355	0.1500885263	0.0308523833	-0.1610036052	0.0546164269	0.0941229579	0.1000943354	-0.0034983635	-0.1001162473	-0.0143171081	0.0111208956	-0.1016146167	-0.0057357396	-0.0983819968	-0.0073676319	-0.0844933185	0.1851614282	0.107010517	0.1321320576	0.1087204559	-0.1603201668	-0.1425623832	-0.0310474856	0.1279784666	0.0067685468	0.1127672682	-0.2869557589	0.1872723849	-0.0660668117	0.1754195763	-0.007571184	0.0355276936	-0.0304889054	-0.0327739291	-0.0247532681	-0.1410855221	-0.0828377413	0.1107208251	0.0645022824	-0.0003016424	-0.042787883	0.1121722012	0.0239600534	0.1023346573	-0.0284506287	0.0357414516	0.0184196367	0.0633661475	-0.0246588309	0.0724228365	0.0337025755	-0.0718043278	-0.014313617	-0.0790077023	0.3208607899	0.066580909	0.2130307867	0.060890879	-0.0879465914	-0.1902480963	0.1387146139	-0.0813477467	0.0910312094	-0.1088521972	-0.1848767495	0.0407644207	0.0414804575	-0.044873346	0.0331167199	0.0184601805	-0.0417785118	-0.0204046392	0.0938399985	0.0470647136	0.0320854705	0.0340560634	-0.0200006395	-0.0265736415	0.1053278737	-0.068183006	0.0966444461	-0.0419510606	-0.055695346	-0.0472286722	0.1331232781	0.1036558719	-0.0976298626	-0.0508380351	-0.1793477688	0.0992570537	0.0235265052	-0.063080731	-0.1205247148	-0.0128813802166263	-0.0051686501208082	2.6714944071330617e-05	0.0001659299562852	0.0645477071394822	0.0629241353098422	0.0039594468044913	0.0041664064969643	-0.0844208666372168	0.0477835394965637	0.0071268827237787	0.0022832666468196	-0.0004849517080656	2.503820651989999e-05	2.351781591557429e-07	6.269117857331624e-10	0.0007920295241734	0.0004460148274702	6.273107671623423e-07	1.9892922632336146e-07	-0.0001218079896886	-6.389628491942978e-05	1.4837186351978085e-08	4.082735226504949e-09	0.0	0.0	0.0	0.0
919.8048097469514	-2.53822175926166	846040.8880336254	6.442569699189355	1107.544164069345	-2.4941455448899887	1226654.0753640642	6.220761999094579	876.0578977256467	-1.2203842889695125	1.4893378127636223	767477.4401674797	897.891641867815	718.0909253243289	0.914828	21.432863	0.083936445760763	0.0456808248828483	-0.0012105623	0.0451498582	0.0168722238	0.0953393353	-0.0191986322	-0.0360974344	0.1545706304	-0.0134884116	0.1171196698	0.0255978243	-0.0960213033	-0.1202863343	-0.0198535846	0.0330238745	0.1705228592	0.0398548833	0.0141782668	0.0379915644	0.0920205026	0.0053596028	-0.0724029807	0.0865430198	0.0961147411	0.0502507543	-0.0920527337	-0.0778571068	0.0303564485	0.1594200937	-0.1282300014	0.2183702486	0.0856300561	0.0194282851	0.0970786602	-0.0514926875	0.0276862456	-0.0848843413	0.0326121291	0.0321622196	-0.3374199931	0.0739722789	0.1787068968	-0.0208397547	0.1729905688	0.0034354771	0.0922540631	0.0048256054	0.187748491	0.0445915931	0.0636128742	0.1284937786	-0.034996011	-0.0155663704	-0.0563467662	-0.0923917272	0.0738862652	0.0602223418	0.0268854305	-0.0739249735	0.0756817306	0.0104605865	0.0322009772	0.1633265786	0.0208675648	0.2386531789	-0.0354551421	-0.1769194757	-0.1255920247	-0.0216627931	-0.2444050613	-0.0969780489	0.0379141507	0.1139717684	-0.0486356749	0.0662291724	0.0059666781	-0.1504543521	-0.1607438213	0.0463970164	-0.0833460127	-0.0403988269	-0.0857646378	-0.0076258962	0.0352864248	0.0268003283	-0.0502468796	0.0569824259	0.0262545893	-0.0654781795	0.0012206471	0.070026334	0.0297240197	-0.0673374065	0.0044913118	6.46606e-05	0.0729665309	0.092296531	0.0030458797	-0.0060174438	0.0659895912	-0.1687092048	0.0046007202	0.0327521697	-0.0173335016	0.0235987814	-0.1002140973	-0.1579222549	0.0970621018	0.016850859	-0.0717238087	-0.124700488	-0.0186917988664561	-0.0058104186498298	3.376096488628996e-05	0.000349383344864	0.0855254624055561	0.0209777552660739	0.0004400662160032	0.0073146047196841	-0.0564607218701525	0.0279601447670643	0.0031878131140987	0.0007817696953951	-0.0009584452692272	-0.0004734935611616	9.18617334104e-07	2.241961524614939e-07	0.0009020584631977	0.0001100289390243	8.137094710265963e-07	1.2106367422813132e-08	-0.0001215679483186	2.4004137000000695e-07	1.47787660583938e-08	5.761985931148024e-14	0.0	0.0	0.0	0.0
922.7913764193388	2.9865666723874256	851543.9243938979	8.919580488615301	1114.5893216712452	7.0451576019002005	1242309.3559835665	49.63424563561218	877.1162013462612	1.0583036206144243	1.1200065534055994	769332.830664095	898.4756973095886	730.0610952880485	1.034949	24.247084	0.0928506981705902	0.0569220038590654	-0.0037465927	0.03669069	0.0200944637	0.0791151813	-0.0129601897	0.0493461522	-0.0776063362	0.0400101338	0.0006234711	-0.1093050994	0.0369580604	-0.1559930572	0.1649375623	-0.0697610261	0.0260182242	0.0129742271	0.0049991993	0.1393533444	-0.1253601084	0.0422174711	0.0240427251	-0.1448764192	-0.0913784455	-0.0373322519	-0.1103927666	0.0411988483	0.0973038296	-0.183730886	-0.3016323438	-0.0489369244	0.1243899632	-0.1466639288	0.0659491973	-0.0163951881	-0.0214575474	0.1150573524	0.0196425869	0.068562889	-0.1377559475	0.033480964	-0.1206524907	-0.0114267022	-0.1668914665	-0.1333505345	0.0076366391	-0.0963287685	-0.1410744219	0.2664695926	0.0282226006	0.0357479316	-0.0130942521	0.0608378828	-0.1013897449	0.0939704792	-0.0735989682	0.0193199277	-0.0204540016	0.1667555469	-0.1229540998	0.1757248853	-0.0053787075	-0.0441338405	0.1282162501	0.0985684854	0.0829138223	0.0281509937	0.0271655909	0.1199391526	-0.1558014234	-0.1718634798	-0.0753832138	-0.066581109	0.1348238168	-0.0483746932	-0.0523104021	0.1584215979	0.0272464161	-0.0224718451	0.0868024075	-0.306866834	0.0091576637	-0.0569617097	0.0209861666	0.0477945355	-0.0526808111	0.0843289929	0.0479472808	-0.0023863704	0.0541897852	0.0035463492	0.0018746056	-0.0709367892	0.0790571436	0.0483994513	-0.1438342803	0.0760304919	-0.0138239902	0.0160259259	0.0718438279	0.0578626704	0.1873623372	-0.1985164744	0.0097249437	-0.1097359621	-0.0267260779	-0.0312222581	0.0948006283	0.0101290257	-0.0799246852	-0.1275100165	-0.0354078489359324	-0.0167160500694763	0.0002794263299252	0.0012537157662698	0.0335686943672044	-0.0519567680383517	0.002699505744991	0.0011268572415187	-0.0413370582542853	0.0151236636158672	0.0017087523851181	0.0002287252011659	-0.0010119383736292	-5.349310440200001e-05	1.0240192720233104e-06	2.8615122185632732e-09	0.0010290611927086	0.0001270027295108	1.058966938338846e-06	1.6129693303218804e-08	-0.0001209794532936	5.88495024999997e-07	1.4636028119218344e-08	3.4632639444974723e-13	0.0	0.0	0.0	0.0
921.1095996711244	-1.6817767482143609	848442.8946062991	2.8283730308344697	1109.3079698509146	-5.281351820330656	1230564.1719747577	27.89267705010993	877.0988843086438	-0.0173170376173175	0.0002998797918395	769302.4528554678	899.1795295142213	731.7178687674867	1.032942	24.200073	0.0935625414707739	0.0459873059047111	-0.01762883	0.0333341396	0.0589769633	-0.0688322173	0.0093481155	-0.0410571938	0.0368642657	-0.0438542546	-0.011795584	0.0791498727	0.0232802138	-0.0613849385	-0.2889166211	0.0045073543	0.0112739432	0.0029191745	0.1336147127	-0.097836662	-0.0102091915	0.1182522719	-0.1214250606	-0.08712958	0.0434752534	-0.0227482696	-0.0359659467	0.1575805362	-0.0226087211	0.0566289205	0.1020068719	-0.0578999432	0.0531270019	-0.1940539663	0.0242108528	-0.055205667	0.0522125355	0.0914004636	0.0233902697	-0.1753868959	-0.066204349	-0.047934273	0.2335198622	-0.0513690136	-0.0650149061	0.1023907852	0.0642455302	-0.2099558727	-0.017387158	0.0016971657	-0.092957854	0.0807567929	-0.0119441869	-0.1548498067	-0.0078944806	-0.0641193938	0.0208070122	0.0583102176	0.0540573031	0.0414161145	0.1051513806	-0.0304480985	-0.0446463846	0.0706290663	0.0012736375	-0.2221386738	-0.0767025939	0.1435597805	-0.0309498916	0.0261715667	-0.2459594029	-0.0016886259	0.0011878857	-0.0997114266	0.240349433	0.1354547072	0.006909532	0.0427788746	-0.1762296698	-0.0817977249	0.026235701	0.0161845848	-0.1172956835	0.1053439806	0.0120474152	0.0270753111	-0.0270557092	0.0579835671	-0.0340480195	0.0069780462	0.0458327158	-0.0378607964	-0.0584799642	0.0331398685	0.0258489465	0.108333666	-0.0953103546	0.1793157632	0.0124557584	-0.0526724756	-0.0038297756	0.024430691	0.05948674	-0.3220922493	0.0229751079	0.0994638562	-0.1919512412	-0.1146965344	0.0924741833	0.0033794295	-0.0876327994	-0.1289225186	-0.0441123157070819	-0.0087044667711495	7.576774177004579e-05	0.0019458963970412	0.0511714567182508	0.0176027623510464	0.0003098572423874	0.0026185179826678	-0.0018730544824023	0.039464003771883	3.508333094047348e-06	0.0015574075937071	-0.0007612995920199	0.0002506387816093	5.795770688096663e-07	6.28197988465944e-08	0.0010851412507835	5.608005807490016e-05	1.1775315341519789e-06	3.144972913684174e-09	-0.0003700867851433	-0.0002491073318497	1.369642285377031e-07	6.205446278127655e-08	0.0	0.0	0.0	0.0
915.653669240936	-5.45593043018846	838421.6419943894	29.767176859056427	1107.636344339246	-1.6716255116684806	1226858.271301209	2.794331851260909	874.1381736895104	-2.960710619133465	8.765807370249666	764117.5467012327	896.8647133487301	712.1832001648066	1.056476	24.751415	0.1896410069165948	0.1026766103298294	-0.0116653437	-0.0056920623	-0.0099264094	0.0114645552	0.0270462879	-0.0214501523	0.2095022667	-0.099282859	-0.1294537685	-0.0351053547	0.0054135052	-0.1720012656	-0.0931701688	-0.0070158095	0.182270504	0.0145113351	-0.113858805	-0.0328050028	-0.0896580281	0.1079554103	-0.132418931	0.0206673366	-0.0086823845	-0.2231423707	-0.1733993311	0.0252982485	-0.1353214671	-0.0107056348	-0.0784294768	0.1055684007	0.0650893452	0.1970300637	0.0764277506	0.1121938881	-0.0292845875	-0.1253881302	-0.0552485408	-0.0080675913	-0.197149977	-0.1915135837	0.1039542945	-0.2018347753	-0.1480226599	0.1176610261	0.0124581092	0.0752383129	0.0632516352	0.0032718985	-0.2701735419	-0.1412655897	-0.0038234077	-0.0261947903	0.1066715068	-0.0111485495	-0.086193963	0.2066526555	-0.003146167	-0.084250334	-0.0155272821	0.0312573261	-0.2151612883	0.1730939694	-0.0132840196	0.141069567	0.1013999511	-0.0578847169	-0.1235867277	0.087013065	-0.1277426377	0.1013868469	-0.0330729048	-0.1145798982	0.0900730167	-0.1014051724	0.232420673	0.0453061584	-0.0369142197	-0.0411831798	0.0996674728	0.0306356623	-0.0143999623	-0.2380271399	-0.0157774371	0.0030713683	-0.0335272878	0.0037112559	-0.0517439097	-0.0061118053	0.1674673937	-0.1386854485	0.0382944581	-0.0690533431	0.0877718392	0.0431110055	-0.1352150733	0.1317625738	-0.0113824655	-0.1541638713	-0.0645730201	0.0823903334	0.0360760131	-0.2998899857	0.0833661057	-0.0003899353	-0.1118036099	-0.0491230129	0.090084361	-0.0033794295	-0.0948006283	-0.1289225186	-0.0132271411169	0.0308851745901818	0.000953894009466	0.0001749572621263	0.0467706528537235	-0.0044008038645273	1.9367074654038467e-05	0.0021874939683635	0.0907619350909811	0.0926349895733834	0.0082377288614594	0.0085812412932608	-9.191460136895584e-05	0.0006693849906509	8.448293944814058e-09	4.480762657087646e-07	0.0014020065319997	0.0003168652812162	1.965622315769826e-06	1.0040360644022153e-07	-0.0001219362792404	0.0002481505059028	1.4868456194992804e-08	6.157867357986519e-08	0.0	0.0	0.0	0.0
921.5337494105617	5.880080169625671	849224.4513026879	34.57534280122506	1110.6918102513964	3.055465912150339	1233636.297359524	9.335871940312703	876.1470161857186	2.008842496208217	4.035448174572061	767633.5939711379	896.2601821240937	716.0947217098775	1.132676	26.536663	0.3138844693861646	0.1722950761444885	-0.02341414	0.0012527344	-0.0009977913	-0.0059561382	-0.0085373124	0.0297492237	0.0536861121	-0.1982268533	-0.1397690499	-0.1110196993	-0.0369403516	0.1441206831	0.177885564	-0.0316416138	-0.1384816189	0.0198083886	-0.1184831651	0.1859986393	-0.1683594003	0.0710539868	0.12852149	-0.0480018948	-0.099126509	0.0358619339	0.0124946095	0.0057742648	-0.0132447119	-0.0927230385	0.1682325012	0.1578342987	0.110778337	0.1826887569	-0.0502996956	-0.0571909172	-0.095399655	0.0550078958	0.2120795749	-0.0010890829	-0.0878617233	0.0137258177	0.1101325732	0.0919796864	0.0618302273	-0.0880774929	0.1218154923	0.0390516654	-0.1468441561	-0.0967656985	0.0485863648	-0.0910100416	-0.001825471	0.145565192	0.0080373997	0.1723014519	-0.183528375	0.006897807	-0.0168802312	0.0513841262	-0.0620336728	-0.1126102895	0.0026249178	0.0956166526	0.0296086865	0.2355041778	0.0128246781	0.0887164882	0.0880205109	0.1183476661	-0.022088987	0.136366193	0.1125292797	-0.0181466959	-0.1479251446	0.0363378278	-0.0602626591	-0.1791712412	-0.2549100857	0.0923818964	-0.0341318725	0.0699803472	0.0880964575	-0.0940308209	0.0240593887	-0.0243600899	-0.027942086	0.0285569439	0.0475869649	-0.0442513562	0.1147682318	-0.0121098862	0.1025071634	-0.164143878	0.0656094996	-0.0985074685	0.0362238864	0.0326247497	0.1706395238	0.0153129077	-0.0119117117	0.0476377352	0.1027136844	0.0156030361	0.0748273372	0.0128252278	0.1368099827	0.0059137499	0.0876327994	-0.0101290257	-0.1013839798	-0.1275100165	0.0307564466125569	0.0439835877294569	0.0019345559895548	0.000945959008231	0.1364762171175471	0.0897055642638235	0.0080470882598909	0.0186257578387158	-0.0456074667398809	-0.136369401830862	0.0020800410224293	0.0185966137557071	-0.0006623973434929	-0.0005704827421239	4.38770240666451e-07	3.254505590612546e-07	0.001707041107861	0.0003050345758612	2.91398934392731e-06	9.30460924708831e-08	-0.0001209352859852	1.0009932551999955e-06	1.4625343396322112e-08	1.0019874969558833e-12	0.0	0.0	0.0	0.0
922.2302068466402	0.6964574360785036	850508.5544203967	0.485052960269043	1115.9556121826172	5.263801931220769	1245356.92836188	27.70761077112349	877.2012204348385	1.054204249119948	1.1113465988625535	769481.9811323702	898.5859309314856	741.0798549301054	1.054737	24.710691	0.2103319037194246	0.1111577592730149	-0.0471491485	0.0063850118	0.0485945958	-0.0293249551	0.0032961984	0.0570062553	0.0113125959	-0.1105518751	-0.0166310822	0.0463644624	-0.0861598692	0.054692658	0.0140451956	0.0108252551	-0.163403573	-0.0034205697	0.0477553345	0.0698284339	-0.012020804	-0.0315881154	-0.0471087093	-0.0824152715	0.0007577046	0.0439544598	0.0673171509	0.1065096383	0.2450748824	-0.0559973051	0.1205467876	-0.1813313965	0.2120740148	0.0975583634	0.0144224597	0.1395466177	-0.1875676256	0.1732831674	0.0511883343	0.0113258837	-0.05985239	-0.0158458731	-0.1588519514	0.0113020084	0.1028637177	0.1650443266	0.0944648841	0.3011950383	0.0141416823	-0.0384553271	-0.0983070567	0.1366253974	0.0085863731	0.0246378488	-0.0851845783	0.0794679072	0.0039060058	0.0321822872	0.1106943683	0.1702573462	-0.0208790823	-0.0303582479	-0.0224161321	-0.2375184942	0.0943647754	0.1994389624	-0.1006238109	0.2788038457	0.0776724949	-0.0512348499	0.0265407974	0.1996385449	-0.1247832335	-0.0034451724	-0.0192897098	-0.0603355762	0.0659482094	-0.0555221383	0.0978383439	0.1858677085	0.300345778	-0.02524697	-0.1767609847	0.1519332849	-0.0008145637	-0.023236212	-0.0240703321	0.0435469232	-0.0771512075	-0.0311369617	0.102680376	-0.085921309	0.0996600773	-0.0756059629	-0.0266512269	0.0552718059	-0.0656155867	0.0195105329	0.0805836634	0.0439610142	0.0865061426	0.0057064123	0.3148439443	0.013129706	0.0988021852	-0.1191735377	0.0800911579	-0.2124260868	0.0851211787	-0.016850859	-0.1073422654	-0.124700488	0.0156383925660748	-0.0151180540464821	0.0002285555581523	0.0002445593220506	0.0453905624424919	-0.0910856546750552	0.0082965964875834	0.0020603031588457	-0.0216494402599636	0.0239580264799172	0.0004686982635697	0.0005739870328124	0.0001473235855686	0.0008097209290615	2.1704238864788604e-08	6.556479829602188e-07	0.0023459838197725	0.0006389427119115	5.5036400826343705e-06	4.082477891048224e-07	-0.0002756750153716	-0.0001547397293864	7.59967141001319e-08	2.3944383850576303e-08	0.0	0.0	0.0	0.0
920.3676823032548	-1.862524543385348	847076.670628265	3.468997674712799	1102.1521244227329	-13.80348775988432	1214739.3053695431	190.53627433727624	876.2339492294815	-0.9672712053570648	0.9356135847129092	767785.9337822936	898.5718954225518	731.715117724834	1.193746	27.967434	0.4257934896770678	0.2185951974367828	-0.0365129653	0.0615466358	-0.0210223562	-0.0902348405	-0.0345231941	-0.0470873564	0.080350468	0.0733501691	0.1618648092	0.0502327466	0.0781147725	0.0177563766	0.0508904624	-0.0922002191	-0.0194947307	0.0248439627	0.0539872434	-0.0264777873	0.1856936926	0.1006874423	-0.1687568577	-0.1348466081	-0.0549116111	-0.1161968429	0.0492946206	0.1123176626	0.1106861754	0.1166250292	0.2324884012	0.0548217711	-0.0467465503	0.14440768	-0.0386477096	0.1030867318	-0.1033826548	-0.2481305106	-0.1079990438	0.1781521837	0.0440903931	0.0856718445	-0.058687419	0.0816184789	-0.0441094538	0.0075939783	-0.0910913817	-0.0501052318	0.0850886175	0.0691386905	0.1304031174	-0.1429937253	-0.035107221	-0.0886362472	-0.0507259548	-0.2165195951	-0.0125007161	0.0623007903	0.0349920216	-0.1610147787	-0.153328634	-0.0528479517	0.0914174126	0.0127670421	0.0427596279	-0.1928169261	-0.0574801154	0.1790182668	-0.1627403837	0.0103921552	0.0371873504	0.0412348976	-0.0014171725	-0.0593806218	-0.2020866554	-0.2333276564	0.0455042587	-0.2273896974	0.110650629	-0.2040483248	-0.1418433779	-0.0405442134	-0.0728633234	-0.0017743951	0.0579055492	-0.023853529	-0.0747219533	0.1594661363	0.1561116736	0.0690589965	0.0318447505	0.0417047295	-0.0578201416	0.1138554082	-0.0209345105	0.1243535425	-0.0583061478	0.1888096259	-0.0430854189	-0.0208558605	-0.1551003636	0.038411531	-0.1394591339	-0.1214859139	0.0525417655	-0.0346541419	0.153365807	0.083467673	0.0825512202	-0.0235265052	-0.1126387502	-0.1205247148	-0.0312254581318143	-0.0468638506978891	0.002196220502234	0.0009750292355416	0.0672867907891969	0.021896228346705	0.000479444815811	0.0045275122147091	-0.2198033139125073	-0.1981538736525437	0.0483134968069202	0.0392649576435082	-0.000764906056613	-0.0009122296421816	5.850812754432499e-07	8.321629200747699e-07	0.0010962187617287	-0.0012497650580438	1.2016955735660044e-06	1.5619127003072232e-06	0.0007399210240016	0.0010155960393732	5.474831217595764e-07	1.0314353151905306e-06	0.0	0.0	0.0	0.0
918.4902139620508	-1.877468341204008	843624.2731440539	3.524887372223328	1103.177714838046	1.0255904153132178	1217001.0705152934	1.0518356999823386	875.4788017077324	-0.7551475217491088	0.5702477796038208	766463.1322396069	897.3248229232569	713.6349881388659	1.148561	26.908819	0.2957542077773351	0.1922461861957312	-0.0196354471	0.0529675981	-0.084559167	0.0184285439	-0.0609708652	-0.0400609761	0.2528721555	-0.1151117221	0.0694598534	-0.0097030931	0.0995669716	-0.023860767	-0.0708688817	-0.1532150412	-0.0005646413	0.0651201855	-0.0671654317	0.0582459116	0.0866105545	0.0636643001	-0.1706211808	0.0453691956	-0.1085027955	-0.1000931799	-0.0158849821	-0.0311959619	-0.0788440138	0.0152392304	-0.086354015	-0.0832563493	-0.1038276361	0.0519303154	-0.2143891916	-0.3078380412	0.0093929261	-0.1099975485	0.0144704681	-0.0743199447	-0.0646046383	0.0672955792	-0.1929586917	-0.0288306542	0.1644426445	0.0343426863	0.0588867406	0.0021041151	-0.111335443	0.0569055232	-0.066497818	-0.0293655752	-0.0777847403	0.0425353281	-0.029899022	-0.1145556352	-0.0424052567	0.2271379751	-0.0288665161	-0.1182595321	-0.0780684852	-0.1197252437	-0.0240511118	0.161953964	-0.0791734169	-0.0995486984	-0.0540036996	-0.1416582095	-0.0752308415	0.0144258796	0.1685657602	0.0522574538	0.1139233404	0.0427385835	0.0730132481	0.030053028	-0.1338079525	0.0108400676	0.0783146419	0.1756265391	0.1834351696	-0.0988795823	0.0642376225	-0.0141837129	0.056064291	-0.073723033	0.0026127412	0.0767545632	0.0992800836	-0.0728090965	0.0251065767	0.115433171	-0.0431267085	-0.0664033487	0.0619763741	0.0106156182	0.1081969598	0.0737553657	-0.0097637546	-0.0951892885	-0.2051917094	-0.0114230722	-0.198781903	-0.0136663082	-0.0921958783	0.1525305009	-0.0777070661	-0.0615162711	0.0799246852	-0.0301376669	-0.1172407796	-0.1150284477	-0.0299146181087195	0.0013108400230948	1.7183015661471784e-06	0.0008948843765905	0.2290944162617734	0.1618076254725765	0.0261817076610735	0.0524842515623227	-0.1246589201364685	0.0951443937760388	0.0155398463695904	0.0090524556670099	-0.0011960466876258	-0.0004311406310127	1.430527678980648e-06	1.858822437101153e-07	0.0013510191702272	0.0002548004084984	1.825252798321392e-06	6.492324817100243e-08	0.0008038069546028	6.388593060120001e-05	6.461056202678278e-07	4.081412128781344e-09	0.0	0.0	0.0	0.0
920.06718921098	1.576975248929216	846523.6326625933	2.4868509357353625	1112.7017932071865	9.524078369140398	1238105.2806064885	90.708068781528	875.3764297876603	-0.1023719200720734	0.0104800100192429	766283.8938277905	896.6264774605005	716.2419058331683	1.028073	24.086	0.1677585242779174	0.0784709762793749	-0.0533936836	0.0132482861	-0.1264033156	0.1049521412	-0.0684542013	0.0723018142	0.0947255677	-0.0120401399	0.0542380313	-0.054606624	0.0161965434	-0.1289529186	0.1165270144	0.0499233342	0.0191070884	0.0536996879	-0.1749978956	-0.013266259	0.0208150006	0.0209645332	0.0463793426	-0.0045394188	-0.0088328965	0.0388543061	0.0939415087	0.0008297369	-0.2382480908	0.0448919837	-0.1105572746	0.0563171407	-0.0376895125	0.0892985102	-0.0455206772	-0.2152755394	-0.0427631053	0.031216524	0.0312286356	0.0442784527	0.0973476777	-0.0245408437	-0.0732641342	0.1282514129	0.0836610223	-0.1338620963	-0.1339765021	0.0020115565	0.2668269096	0.0907902085	-0.0126119286	-0.0579070309	-0.0585225069	0.1465152062	0.0917552487	-0.0093223142	-0.0129113377	0.0603940691	-0.0529057776	0.1554232153	0.0006196629	-0.0708494904	-0.0626011678	-0.0040690657	-0.1469918072	0.0401187087	-0.0629247599	-0.2378169895	-0.0107360979	0.1527345952	0.1524724193	-0.1601987519	0.0138426815	0.0432258599	-0.1276661225	-0.0094511081	-0.1238918211	-0.0959486228	0.0228802518	0.065350046	0.0341879567	-0.0243404885	-0.0251277198	0.0430429447	0.0491040257	-0.0886925197	-0.007168545	0.0845817538	0.011962703	-0.0353804182	0.048126717	0.0355114628	-0.0119891904	-0.0953120843	0.0297558191	0.022579722	0.1694129618	0.028197898	0.0290123809	-0.0452237031	0.0236038065	-0.2083657482	-0.2271254488	0.0179570788	0.0007980864	-0.0406694585	-0.0254222364	0.1470749263	0.0772433738	-0.0366662233	-0.1211199807	-0.1082719048	-0.0021147549117017	0.0277998631970178	0.0007728323937729	4.472188336566465e-06	0.1919769808702369	-0.0371174353915365	0.0013777040100448	0.0368551611840513	-0.1606822350424721	-0.0360233149060035	0.0258187806582442	0.0012976792168171	-0.0005785583800973	0.0006174883075285	3.347297991808118e-07	3.812918099344114e-07	0.0013519747152841	9.55545056900188e-07	1.827835630767524e-06	9.130663557663837e-13	8.589259152101008e-05	-0.0007179143630817	7.377537278195093e-09	5.154010327191321e-07	0.0	0.0	0.0	0.0
923.6791713309524	3.611982119972368	853183.2115506349	13.046414835000078	1120.9020509808977	8.2002577737112	1256421.407893183	67.24422755531097	876.4378201103909	1.061390322730631	1.126549417186233	768143.252519854	897.9297116604268	731.5382035960449	0.979988	22.959431	0.0526988297128442	0.030816234376315	-0.0693235747	0.0183074063	-0.0718784057	-0.0200979132	-0.0697931676	0.0782093055	-0.0647279076	-0.1243845064	0.0008904755	-0.1757561571	-0.032000323	0.0388559483	-0.0281958803	0.0336593112	-0.1502307134	0.0519173966	-0.1258936632	0.030035206	-0.0554451716	0.0062626387	0.0699634966	-0.0259432836	-0.097956538	-0.0508565958	0.1458285359	0.0418013205	-0.001514463	0.0310134135	-0.032193633	0.1289969716	-0.0298900471	-0.1724776307	-0.0610772256	-0.1122550099	-0.0631198875	0.236213942	-0.17351399	0.0749115373	0.0374406938	-0.0381721501	0.0989335775	0.1275443073	0.1401303147	0.0300167062	-0.0877207028	-0.1205231991	-0.008358114	0.0018221288	0.2151131041	0.1675327963	-0.0675500556	0.1215089972	0.0398582576	0.0414818647	-0.0912264999	0.0075954792	-0.0131607633	0.0273560829	-0.0737941702	-0.0272505934	0.0230436866	-0.1066099845	-0.058053352	0.0271806233	-0.0347765644	0.0606212069	-0.081080121	0.0214681525	-0.0116330312	-0.1854910851	0.0015742368	-0.0044478162	-0.105923143	0.3136848467	1.59798e-05	-0.0079011256	0.0057080113	-0.1261286649	-0.0341067195	-0.0099887404	0.0099151074	0.2720620222	0.0427809834	-0.1067724669	0.0346018234	0.055324242	0.0414586648	-0.0534387042	0.0458042052	0.0613975095	-0.0432269028	-0.1064180195	-0.0070978476	0.0544530384	0.105292336	-0.0118284101	0.0518880627	-0.0227941825	0.0167209323	-0.0753285109	0.0624833291	0.0738292236	-0.103381539	0.0625639261	0.0501545765	-0.0496382176	0.0745091236	-0.0430942802	-0.1242524367	-0.1003291122	-0.0240073603788744	-0.0218926054671727	0.0004792861741412	0.0005763533523611	0.1974292609230588	0.0054522800528218	2.9727357774399467e-05	0.0389783130686252	-0.1407084536107561	0.0199737814317159	0.0197988689175303	0.0003989519446819	-0.0005689925223909	9.565857706399943e-06	3.2375249053675885e-07	9.15056336590912e-11	0.0013520045365065	2.982122239989296e-08	1.827916266734156e-06	8.893053054238777e-16	-1.2114984772863867e-05	-9.800757629387396e-05	1.4677285604672334e-10	9.605485010999525e-09	0.0	0.0	0.0	0.0
920.4864283197352	-3.1927430112172037	847295.264720823	10.193607935676294	1112.1472215028566	-8.754829478041074	1236871.442296524	76.64703918957694	876.8997385101877	0.4619183997967866	0.213368608070824	768953.1513992356	898.7320718902441	726.2598842129386	0.928404	21.750906	0.1371214052198218	0.0780014582578616	-0.072414474	-0.0156638859	-0.0821931305	-0.0443347012	-0.0311272037	0.0523208085	0.1215654585	0.0564913474	0.042654487	-0.0890214671	-0.1044511477	0.1909954144	0.0661663251	0.1039319609	-0.017374147	0.058978821	-0.0913499488	0.1074503793	0.0272038442	-0.0320780957	-0.0633182511	-0.0608897998	0.0216257989	-0.0383903417	0.1446390103	-0.137806453	0.1001291442	-0.0999089171	0.0793579961	-0.0697984803	0.0758227	-0.1175089516	0.0044960551	0.0144773105	-0.0292081179	0.1133895848	-0.1045020736	0.2065815129	-3.87486e-05	-0.1852160182	0.0925159353	0.079752155	-0.0137493371	-0.0520831489	-0.3377591176	0.0985983023	-0.0579416421	-0.0264637238	-0.1148045807	0.0096457545	-0.0535073586	0.1277595214	0.0029335828	-0.0057541971	0.0659547845	0.0401418139	0.0452471929	-0.0644878504	-0.0181237871	-0.0469842931	0.0364350813	-0.2078401448	0.0302812984	0.1053183281	0.1325540571	0.0174543936	0.0089856058	0.0382605764	-0.08475284	0.0047176458	-0.1096872678	-0.2213299164	0.033397054	0.0871627307	-0.0624714973	-0.1148401221	0.0470120776	-0.1078081931	0.1484404642	0.1073595565	0.1819278927	0.1953737555	0.0296909561	-0.1236401896	0.0466177752	-0.016736617	0.0145235034	-0.0358805467	0.0751269748	0.0132293873	-0.0547440475	-0.1081168336	0.0177532085	0.0575288511	0.0321846413	-0.0824835446	0.0149691055	-0.0612086692	0.0330143451	0.110071583	0.1809698772	0.0932135631	-0.045513766	0.0442957829	0.0891001387	0.0296176319	0.0717238087	-0.0494042187	-0.1266188352	-0.0912870929	-0.0373338215027985	-0.0133264611239241	0.0001775945660874	0.0013938142280028	0.2249411124791436	0.0275118515560848	0.000756901976044	0.0505985040833547	-0.1280716851922392	0.0126367684185169	0.01640235654798	0.0001596879160632	0.0008864384558005	0.0014554309781914	7.85773135921975e-07	2.118279332279176e-06	0.001473536578064	0.0001215320415575	2.1713100468925628e-06	1.4770037125133906e-08	8.384847790415557e-05	9.596346267701943e-05	7.0305672468436645e-09	9.208986168963704e-09	0.0	0.0	0.0	0.0
921.9069885919654	1.4205602722302046	849912.4956147062	2.017991487038753	1112.306715920707	0.1594944178502828	1237226.230282308	0.0254384693254006	876.6340051895532	-0.2657333206344674	0.0706141976954206	768487.1790546777	898.6312639402086	720.0406408766296	0.844384	19.782478	0.0861108178028166	0.0477401083998142	-0.0797929486	-0.0131213692	-0.1185529794	-0.0453196641	-0.0322197175	0.0480998507	0.029039583	0.0561938141	-0.0411998765	-0.092252755	-0.0172860169	0.1168940035	0.0517428272	-0.0545386933	-0.1176868895	0.0612039146	-0.1062104281	0.0665190428	-0.0351593255	-0.0229355698	-0.0546249053	-0.0088875568	-0.0055246307	0.0433129012	0.1028793035	-0.1562569537	0.1200513075	-0.0023580255	-0.1315764071	-0.0532964919	-0.0207439527	0.0150031029	0.1402561256	-0.0017045999	0.0758982857	-0.165812834	-0.1146509582	-0.1813760281	0.068091976	0.0668633609	0.1256069025	-0.0074490309	-0.1022121353	-0.0025353053	0.0920930194	0.1461735302	-0.0827916143	-0.0437546976	-0.0489176197	0.1959705898	-0.0581937271	0.1092407651	0.0129451182	0.0200924077	0.0130378735	0.056541136	0.0361134612	-0.0322617645	-0.0396151801	0.0558960047	0.1704713743	-0.1211558327	0.0255312892	0.015294487	0.0390367185	-0.1124582035	-0.0245539636	-0.0659608178	0.078301837	0.0758449242	0.0661637837	-0.0569876977	0.2107041712	0.028923203	0.0177611997	0.099573672	-0.0351356254	-0.1737245598	0.0221227424	0.1355888301	0.002611017	-0.0070958091	0.0290310844	-0.1403306947	0.058059006	-0.0034421162	0.0078099665	-0.0363915084	0.0695980984	0.011497861	-0.0053695229	-0.0921908318	0.0607657358	0.0329018159	0.0096460363	-0.1124223096	-0.0005259957	-0.0093999868	-0.0245651696	0.1333369317	0.0872833636	0.0591181526	-0.0771345645	0.1052990681	0.0760613888	0.0408501503	0.0688893378	-0.0555787436	-0.1282045865	-0.0812449131	-0.0241214476775581	0.0132123738252404	0.0001745668220978	0.0005818442380611	0.2332558696572135	0.0083147571780698	6.91351869302649e-05	0.0544083007295429	-0.1139428820496277	0.0141288031426114	0.0129829803697753	0.0001996230782426	0.0001219478896438	-0.0007644905661567	1.4871287788576424e-08	5.844458257425917e-07	0.001230006203454	-0.0002435303746099	1.512915260535323e-06	5.9307043357686926e-08	8.492521027535236e-05	1.076732371196797e-06	7.212291340312815e-09	1.1593525991830773e-12	0.0	0.0	0.0	0.0
921.6630667934572	-0.2439217985081541	849462.8086911208	0.0594978437874525	1106.5123212582598	-5.794394662447076	1224369.5170963423	33.57500950419516	876.7002084585337	0.0662032689804164	0.0043828728236933	768603.2555112364	897.2796566718807	715.0816439517437	0.969134	22.705139	0.1075684311508927	0.0537988841969614	-0.1007006524	-0.0245312538	-0.1216239112	-0.0459852809	-0.0040918389	0.0483308901	0.0739664036	0.0952554416	0.0165494423	0.1880504847	-0.1256106912	-0.0620105476	0.1517304982	-0.0580569757	-0.086227382	0.067506142	-0.1265458731	-0.0958642066	0.0765281371	-0.1640851199	0.0811317301	-0.1041235371	0.0413849241	0.0419983504	-0.0098472801	0.0474100829	0.0968126855	0.0017385322	-0.0146324047	-0.185203742	-0.2140701699	-0.0875074038	0.1371566362	-0.0163047987	0.0330800816	-0.0452921347	0.1266797077	-0.0682188514	0.0114303793	0.1300132971	-0.0518735439	0.0051251296	0.0298260663	0.0394424211	0.0608671461	-0.2036521271	-0.0570036382	-0.0542519952	-0.2354951662	-0.0159991202	-0.0498073589	0.0962726445	0.1415912221	-0.0380020405	0.1054400921	-0.0570274368	0.0669437225	0.0646023137	-0.0836547486	-0.0133442172	0.0738507849	-0.0036910694	0.1212711356	-0.2036556467	-0.0596065114	-0.0946368433	0.1155790169	-0.1961668111	0.1737939974	-0.0090415258	-0.086434407	-0.0564861313	-0.0271878375	-0.0244804023	-0.1108014999	0.0018733147	-0.0595813059	0.1639005701	-0.0553887932	-0.0917731799	0.1711988104	-0.1787242112	0.0285533932	-0.1527647908	0.0606865857	0.0161757881	-0.0901383907	-0.0194613465	0.0142129372	-0.0239586874	-0.0157982458	0.0798785735	0.0124628432	0.1022494407	-0.0303430718	-0.0358710881	-0.0515326755	0.0711321022	-0.0553872913	0.0906729352	-0.078352402	0.0106886291	0.0662013045	0.0739307988	0.0090415054	0.183477312	0.0660076536	-0.0616009311	-0.1289999139	-0.0703125971	-0.0407347149268844	-0.0166132672493263	0.0002760006486975	0.0016593170001745	0.1948173013790892	-0.0384385682781243	0.001477523531272	0.0379537809166308	-0.1445061530952074	-0.0305632710455796	0.0208820282823755	0.0009341135370055	0.000105902764834	-1.60451248098e-05	1.1215395599485509e-08	2.574460301620595e-10	0.0009310106230882	-0.0002989955803658	8.667807803030784e-07	8.93983570782816e-08	0.000208950996657	0.0001240257863816	4.366051900395362e-08	1.5382395687586087e-08	0.0	0.0	0.0	0.0
921.8870289159228	0.2239621224655366	849875.6940834274	0.050159032299268	1113.9261111678363	7.413789909576508	1240831.381141499	54.96428082333844	876.2057091569726	-0.4944993015610635	0.2445295592443796	767736.4447592733	898.2857926642571	730.251547793523	0.980578	22.973274	0.0747962609576553	0.0449325487368926	-0.1073062124	-0.0127256776	-0.1513777925	0.0919516346	-0.0489633294	0.0801834291	0.021157942	0.187968805	0.102642311	-0.0090862574	-0.0659578619	-0.1126401161	-0.1069807141	-0.1750269329	-0.1124176987	0.0751390408	-0.1455396304	-0.0513667132	0.0331033392	-0.1127646932	-0.0517100236	-0.064102882	-0.0078626081	0.0456310423	0.0178249303	-0.0101645961	-0.0575711675	0.0457315619	-0.1545035087	-0.0025747791	-0.1798152031	-0.0636013218	0.0746549152	-0.0607789406	-0.0388064231	0.0193315846	-0.1655055244	-0.0818448234	0.2346892159	-0.136880056	0.1065007442	-0.1298016165	-0.0974515427	-0.1966787726	0.1168019466	0.0796406262	-0.072528976	-0.1134521148	0.2026167671	0.0833884789	-0.06991284	0.1116038476	0.0948996738	-0.0278189518	0.1252095544	0.0328893061	0.0260498143	0.0320582638	-0.1000454688	0.0694331458	0.0438534822	0.0269552705	-0.002412556	-0.1031662352	-0.0032549875	-0.1110799433	-0.0799958784	-0.0656272015	0.0931490451	-0.1477943373	0.0596331396	0.1090428372	0.0475358284	0.1192587966	0.0242621968	0.1754007408	-0.0460377281	-0.1235204692	0.0532438504	0.1110059174	-0.0560169253	-0.0871650689	0.0293503269	-0.1730187062	0.0773312153	0.0029784154	-0.064627554	-0.0304424806	0.0217137889	-0.0198650898	-0.047135927	0.0368755154	0.0197014129	0.0807774068	0.0097843079	-0.0856192498	-0.1069336222	-0.0128032098	-0.0313784632	-0.0155045124	-0.1206428316	0.0447216434	-0.0551772759	0.0336718246	0.0359113293	-0.1042194324	0.063080731	-0.0674542747	-0.1289999139	-0.0586099215	-0.0405786713555329	0.0001560435713515	2.4349596160131413e-08	0.0016466285689803	0.2364922647049496	0.0416749633258604	0.0017368025682118	0.0559285912652759	-0.1546790570300658	-0.0101729039348583	0.0239256106837103	0.0001034879744678	0.0003618491667344	0.0002559464019004	1.3093481946637966e-07	6.550856064576108e-08	0.0010530526340366	0.0001220420109484	1.1089198500514214e-06	1.4894252436329389e-08	0.0002868095863199	7.785858966289998e-05	8.225973880499217e-08	6.061959984295836e-09	0.0	0.0	0.0	0.0
922.4584443654855	0.5714154495627781	850929.5815811916	0.3265156159990318	1111.2772412879444	-2.6488698798918904	1234937.1070045442	7.016511640598478	876.8160173688616	0.6103082118889915	0.3724761134991382	768806.3283145918	898.8797474425717	729.7054177225733	0.938266	21.981972	0.054660920682493	0.0291566093002237	-0.1310389446	-0.0152222308	-0.1669650918	0.0103119328	-0.0577775351	0.0321875269	0.1018074384	0.1426303717	-0.0549725179	-0.0284617513	-0.0397941982	0.0209563348	-0.1388613938	0.0657976291	0.0107173918	0.0445620682	-0.0991550691	-0.1921115066	0.0827142955	-0.1284703627	0.0575759619	-0.0698196459	0.0136926559	0.0099946986	0.1662209509	-0.0333617707	-0.1344012994	0.0808721617	0.0262359168	0.0394177365	0.0390952995	0.1993275336	0.1195508051	-0.0517219377	0.0441060791	-0.0630875074	-0.0074821559	0.1858550193	0.0671632745	-0.0738726849	0.1642377224	-0.0138590076	-0.0097768963	0.157817163	0.0500300211	-0.1350502296	-0.0543853798	-0.1618844877	0.1049781367	-0.1989421699	-0.0394018625	0.001827013	0.2005524884	-0.0848091224	0.1269105018	-0.079359413	0.0347623573	0.0445770191	-0.0331560468	-0.1042361637	-0.0118277468	-0.0849662072	-0.1457465983	-0.0424582241	0.0092013556	-0.1244366506	-0.0279368186	0.0755449712	-0.0743867476	0.016418285	-0.0150025392	-0.1106376142	-0.1277512846	-0.0692803191	0.0133176996	0.0290967446	-0.0788401287	-0.2159086762	-0.0084673168	0.0896241532	-0.1201709439	-0.0808782848	0.0306810628	-0.1921978338	0.0820584715	0.0013444221	-0.1412940781	0.0280267664	-0.0434939397	-0.0795324422	-0.1258377163	0.0743885115	-0.0118006016	0.0835904267	0.0873976141	-0.0492707808	0.0161728626	-0.0471763114	0.1188467375	-0.138846278	-0.0620186284	0.0623352037	-0.0737130345	0.1398676294	-0.1459576092	0.0507867503	0.0601105761	-0.0731227308	-0.1282045865	-0.0462651033	-0.0350669895747302	0.0055116817808026	3.03786360528324e-05	0.0012296937578342	0.2462123581290285	0.0097200934240788	9.44802161728218e-05	0.0606205252954569	-0.1730217209301372	-0.0183426639000714	0.0299365159136262	0.0003364533189509	0.0007263311775051	0.0003644820107707	5.275569794159451e-07	1.328471361754527e-07	0.0010361189703582	-1.6933663678400006e-05	1.0735425207361365e-06	2.8674896557316364e-10	0.0003271235434216	4.031395710170002e-05	1.0700981266070343e-07	1.6252151371977095e-09	0.0	0.0	0.0	0.0
922.701068163946	0.2426237984604995	851377.261190887	0.058866307579401	1112.0419125423252	0.7646712543808007	1236637.2152507924	0.5847221272763072	878.131496488131	1.315479119269412	1.7304853132338278	771114.9251244845	900.7324940798824	738.0985817704465	1.022592	23.957581	0.1377171622731791	0.0760770826520392	-0.1302077164	-0.0306243225	-0.1431876847	-0.0825134717	-0.0625016118	-0.0122796225	0.0318545196	0.197307762	0.0274704676	-0.0279524858	-0.0816619161	0.1385144827	-0.0672367728	-0.0772379355	-0.0415773424	0.0748915693	-0.0371979448	-0.0754400367	0.0781682649	-0.1368169019	-0.0228731033	-0.0827830001	0.0448770599	0.0850790022	-0.0913206983	-0.1626716243	-0.0261180458	-0.1616479436	0.0891233673	-0.0706619279	-0.0565682565	-0.0203461287	-0.0029486657	-0.1853531866	0.0603313038	0.0399724721	-0.0865034148	0.0300801813	0.0652861984	-0.0547097745	-0.0005380338	0.1536245594	-0.1101955303	0.2318548124	0.0305658999	-0.1261307823	0.0236477874	-0.0572164987	-0.1525562597	0.0329646804	-0.0649330702	0.0103470183	0.0952820154	-0.0624926475	0.1600156746	-0.0489057619	0.1051225431	-0.0920143894	-0.0359077723	0.1217013845	0.1046762693	0.0045048189	-0.0702886576	-0.0175524668	0.1929704093	0.0548150224	0.1272483698	0.0415688246	0.0115404169	0.0295150202	0.1155295802	-0.1014658107	-0.0786720442	0.1592522443	-0.1179036747	0.0816686177	0.058316684	-0.071531384	-0.0483197371	-0.0222307785	0.1031439251	0.1244835829	0.0270016936	-0.1983541631	0.0882610783	-0.0265912244	-0.1018848496	0.016450698	0.002082104	-0.0417122018	-0.0472117432	0.1322503894	-0.0335903675	0.1137590914	-0.084228619	-0.0899641374	-0.1136162685	-0.0111460084	-0.0585354107	0.0632812789	0.038931904	0.1566269434	0.0762101309	-0.077009351	0.0501531645	0.139857331	0.0570992244	-0.0785907625	-0.1266188352	-0.033413395	-0.0241126933215838	0.0109542962531464	0.0001199966064016	0.0005814219792207	0.1978466745698455	-0.048365683559183	0.002339239346147	0.0391433066383463	-0.1976344178973619	-0.0246126969672247	0.039059363137629	0.0006057848520004	0.0015788242631977	0.0008524930856925	2.49268605406176e-06	7.267444611536904e-07	0.0012202287815603	0.0001841098112021	1.4889582793481344e-06	3.3896422580872944e-08	0.0002880367304438	-3.9086812977800014e-05	8.29651580847543e-08	1.5277789487615156e-09	0.0	0.0	0.0	0.0
918.9191586860236	-3.7819094779224542	844412.4202002294	14.30283929919969	1109.2645374904168	-2.7773750519083933	1230467.8141338285	7.71381217896315	875.2605506757241	-2.870945812406944	8.24232985777697	766081.0315691717	897.1049649010456	725.0287962182168	1.077966	25.2549	0.1533498625823653	0.0858015241492244	-0.1724314551	-0.0434723071	-0.1679920632	0.0855125164	-0.030221768	0.0319923044	0.2050492358	0.16853831	-0.1137956091	-0.000771997	-0.0971196042	-0.0151593602	0.0355136051	0.0916306641	-0.0547906942	0.0662139257	-0.2499208617	-0.1163856471	0.046760209	-0.1509773029	-0.1098457307	-0.0100078284	0.0515791354	0.1611953121	-0.0385549358	-0.0966652067	0.0043615489	0.0134020835	0.083886317	-0.0104284322	0.042274346	0.0372853496	-0.0311049839	0.1122400456	0.0782776005	-0.0531531454	0.216278842	0.0620949615	0.0515318915	0.1640713943	-0.0618683197	-0.0744188207	0.0314368377	-0.0480695562	-0.0482804749	0.0086530637	-0.0609157461	0.2184615972	0.1223870043	0.0993703142	-0.0433405967	0.1532253037	0.2306127874	-0.0642106311	0.134262604	0.0832631158	0.0508918163	-0.0361442007	-0.0143505777	0.0428062609	0.083270455	-0.0135721685	-0.0530019543	0.0325141354	-0.0260996204	-0.0313907588	0.1498820864	-0.1369034852	-0.0360293433	0.1914579481	0.0193841424	0.1410282818	-0.0342585132	-0.212232084	0.0003790483	0.0370954638	-0.0567533293	0.025365511	-0.0208960174	-0.0903531864	0.0467527715	0.0831728834	0.0118827558	-0.2160478526	0.0804451241	-0.0730119165	-0.1518913744	-0.0105759889	0.0857020194	-0.0310696553	-0.0079390653	0.0832812825	0.006465528	0.0265215722	-0.0601272649	-0.2097058416	-0.1210180392	0.0264879616	0.0371299118	0.0795092207	-0.1526611588	0.0519894831	0.1557177566	-0.0382355938	-0.0585826898	0.1404418861	0.0540487397	-0.0838433825	-0.1242524367	-0.0201956026	-0.0137361908157203	0.0103765025058635	0.0001076718042541	0.0001886829381258	0.2468746388651652	0.0490279642953196	0.0024037412829431	0.0609470873148057	-0.1847534759016298	0.0128809419957321	0.0341338468577341	0.0001659186666974	0.0030352609995615	0.0014564367363638	9.212809335459076e-06	2.121207967030038e-06	0.0012940794498343	7.385066827400003e-05	1.6746416224834447e-06	5.453921204516394e-09	0.000379038401515	9.100167107120002e-05	1.4367010982304636e-07	8.281304137750883e-09	0.0	0.0	0.0	0.0
924.7835639414512	5.864405255427641	855224.6401362523	34.39124899988734	1121.797469522351	12.532932031934251	1258429.5626267502	157.0743853170836	877.5358010540078	2.275250378283772	5.176764283880448	770069.0821314992	897.6669820258131	698.4981742367422	1.412289	33.087502	0.2383896008605917	0.1229683668595939	0.0353875072	-0.0283346814	-0.1889195599	0.1009583826	-0.0329035554	0.0570432846	-0.2434394782	0.0493827016	-0.1226624006	-0.1720493004	-0.1177579428	-0.074159424	-0.1674624626	-0.178711408	0.0026646653	0.0523244622	-0.0815810585	0.0343126575	-0.1529745591	-0.2545139066	0.1862102211	-0.0463146254	-0.0473172008	0.1446725731	0.006496547	0.1218995824	-0.0203325812	-0.0303491906	0.2106931679	0.1086405855	-0.0942016328	0.0007310141	-0.0490241676	0.060206498	0.0471795933	0.1029519334	-0.028702487	-0.119879496	-0.1138358289	0.0214910781	-0.1610503893	0.0235394305	-0.1563464433	0.1220693384	0.0265864185	0.0831148751	0.1354645547	0.021123751	-0.0165693827	-0.1682660739	-0.0317164126	0.1267396944	0.0878386176	0.2696744418	0.0890974402	-0.1553610247	-0.0158386142	0.154490982	-0.0307055717	-0.047547941	-0.0015367939	0.0812869391	-0.0498231661	-0.2194818214	0.0622384557	0.1251943847	-0.0982339258	-0.0212554946	-0.005679027	0.0912867419	0.2072255839	0.0242029752	-0.11746686	-0.0120166655	0.1042636515	0.0673227809	0.0750548614	0.1370820011	-0.165668998	-0.166104588	-0.1072040563	0.0467714719	0.0165079357	-0.1068037104	0.199014382	-0.0987973945	-0.0063706	-0.0261346738	-0.1312058862	-0.0554055725	0.0213457287	-0.0773114714	-0.0687964266	-0.0760595039	0.1001801233	-0.079735511	0.0246658721	0.1300721596	0.1448956005	0.0148139332	0.0740825426	-0.0752445368	-0.1147247314	-0.2006099211	0.0269661136	0.071058399	0.0509612127	-0.0888661936	-0.1211199807	-0.0067565429	-0.0229928233620029	-0.0092566325462826	8.568524609689829e-05	0.0005286699261562	0.3410317692163289	0.0941571303511636	0.008865565195966	0.1163026676148194	-0.2325571145514402	-0.0478036386498104	0.0540828115284916	0.0022851878681616	0.002279917560505	-0.0007553434390565	5.19802408269907e-06	5.70543710925701e-07	0.0003760125220417	-0.0009180669277926	1.4138541673215997e-07	8.428468839065432e-07	0.0004490720209326	7.00336194176e-05	2.016656799844896e-07	4.904707848729241e-09	0.0	0.0	0.0	0.0
923.1879203417418	-1.5956435997094331	852275.9362649102	2.546078497293678	1110.0087756575824	-11.788693864768677	1232119.482036845	138.9733030372346	878.491329721304	0.9555286672962212	0.9130350340248924	771747.0163955049	898.5096623334849	670.0205573871823	1.298994	30.433193	0.1602351254300001	0.0728653807443423	0.1857548674	-0.0118753436	-0.2565501933	-0.0437276245	0.0533200666	-0.1038970351	-0.0964122223	0.0515667796	0.0533261591	-0.0313383672	-0.2132457553	0.2319562272	0.1061966215	-0.0937451282	-0.0176455031	0.0443095823	0.104184519	0.0566988957	-0.0181238916	-0.3594199765	-0.0627541731	0.0350182636	0.0013982818	-0.2265237609	0.1199599227	0.2129837256	-0.0600383045	0.0867592613	-0.0517409043	-0.1005530504	0.1507545296	-0.0033901512	-0.1552383874	0.2279087316	-0.0228050991	0.0963788996	0.1054262537	-0.1019105912	0.1039522147	0.0987284357	-0.0606647163	0.0609800692	-0.0526964567	-0.073172662	-0.1143858867	0.067071425	0.0188039677	-0.0931065554	-0.1343437943	0.0921146763	-0.0138877956	0.0414357528	-0.072169518	0.1952020053	0.2086670495	-0.1138472441	0.1055554855	-0.144674364	-0.1540160755	-0.1915547194	-0.1727401932	-0.1349092705	-0.0225361711	-0.0561999738	-0.2110976538	0.0906754908	0.0691189604	0.0951334096	0.1070332692	-0.0879402507	-0.1739628651	0.101139641	0.1577057038	-0.1487025391	0.0974862528	-0.0588319566	0.1336523157	0.1480260245	0.0431668929	0.1010124137	0.0528174727	-0.0459316853	0.0017700742	-0.0565854564	0.2667174322	-0.1043780889	0.0666334256	-0.1505002922	-0.1987544576	0.0226648848	0.0918158322	0.0428641185	-0.3144806551	-0.091693916	0.079675588	0.0255466259	0.1033812148	0.0735952469	-0.0129441588	0.1540513982	0.181499475	-0.1415440181	-0.0730483567	-0.2495012954	0.0209285155	-0.0755142815	0.0478387595	-0.0936454286	-0.1172407796	0.0067565429	-0.0298884112322355	-0.0068955878702325	4.754913207609896e-05	0.0008933171259872	0.3881631444998845	0.0471313752835556	0.0022213665361193	0.1506706267480382	-0.2555147823841821	-0.0229576678327419	0.0652878040168359	0.0005270545123185	0.0029961111486392	0.0007161935881342	8.976682015000107e-06	5.129332556845403e-07	-0.0003019219524369	-0.0006779344744786	9.11568653633097e-08	4.595951516865756e-07	0.0007199538471892	0.0002708818262566	5.1833354208253e-07	7.337696379611084e-08	0.0	0.0	0.0	0.0
923.8039921151684	0.6160717734265972	853413.8158479221	0.3795444300129926	1107.7760139536636	-2.232761703918868	1227167.6970910674	4.985224826486687	879.8736216115427	1.3822918902386618	1.9107308698195729	774177.5900078123	900.0277744754553	661.0736515185584	1.153909	27.0341	0.4685608562234216	0.2359116267381373	0.2416289275	0.0071490632	-0.1670204869	0.1415264949	0.0688225892	-0.0984719489	-0.1598186101	0.1215412024	0.1269370409	-0.1628307312	-0.0887032768	0.0043433653	0.0862332204	-0.1920764023	0.0688518493	-0.0296991207	0.1615122185	0.1803986753	-0.0726391493	-0.2405488915	-0.1392884169	0.2444666316	0.0886092135	-0.0977070611	0.0400305538	0.0232777772	-0.0326322716	0.1721241427	-0.0449555267	-0.0324876846	-0.0129979943	-0.0361041322	-0.101064311	0.0123221139	0.0495920586	-0.0554692553	0.0915771183	0.1238122775	-0.0823085647	-0.0263720859	-0.0732498034	-0.0627248846	-0.0262877942	0.1412612299	0.0459961818	0.0387200683	0.0147532049	-0.04003748	0.0961982136	-0.0859764661	0.0356112848	0.0037099026	-0.2211030527	0.1859906027	0.1710935755	0.0074007559	0.0081832302	-0.2567163746	0.0211650299	-0.0259398712	-0.0784666681	0.0278576914	-0.0277395632	-0.0572178969	-0.0644549861	-0.0569037665	-0.1224731079	0.0421814268	-0.0771221542	-0.0169647425	-0.0670860801	0.1351060064	0.0247486562	-0.1292937245	0.0095308923	0.1311066732	0.0670081371	0.0714774174	-0.0589242934	-0.1095229826	-0.1021116755	0.0712090056	-0.009855431	0.0982201565	0.2235170097	-0.1256719436	0.2070450163	-0.1387274275	-0.1468737397	0.0660252226	0.0693547478	0.0465241071	-0.1080510306	-0.0623406741	0.0522524988	-0.0896275002	-0.0223591095	0.0592298318	-0.120445378	0.0094229245	-0.3254395623	-0.1786424678	-0.0803923389	-0.1653820929	-0.0163995717	-0.1511218879	0.0446835199	-0.098167988	-0.1126387502	0.0201956026	-0.0503901068314434	-0.0205016955992079	0.0004203195224425	0.0025391628664842	0.567822191594658	0.1796590470947734	0.032277373203002	0.3224220412673604	-0.3519236332765274	-0.0964088508923453	0.1238502436585517	0.0092946665303824	0.0053160737631617	0.0023199626145225	2.82606402553762e-05	5.382226532782073e-06	-0.0008310223415799	-0.000529100389143	6.9059813220494e-07	2.799472217912741e-07	0.0013107160962656	0.0005907622490764	1.7179766850097338e-06	3.490000349338065e-07	0.0	0.0	0.0	0.0
929.047708190766	5.243716075597604	863129.6440945147	27.49655828148073	1121.0428245045314	13.266810550867833	1256737.0143730976	176.008262192618	881.7027311555632	1.8291095440205252	3.3456417240269745	777399.7061271794	902.9890009575724	669.4844155153614	1.460446	34.215759	0.6267214153882876	0.4128620814276188	0.316073877	-0.0239294026	0.2014522839	0.0724509796	0.1029944558	-0.0559924223	-0.2983273938	-0.0777615965	0.0421126728	-0.0270844024	-0.0426614316	-0.0152725085	0.0143414449	0.1330264149	0.1325484171	-0.1226310686	0.269119899	0.0501455569	-0.1665524541	-0.0182228829	0.0433573831	0.1301253583	0.1237699201	0.0663002659	0.1166027843	-0.0184710769	-0.0958208585	-0.112788309	0.1142501715	0.0107567249	-0.141383975	0.1089728047	0.0642496418	-0.0219531978	0.0739645655	-0.0336770464	-0.019257002	0.0747536691	0.0484296999	-0.0621102191	-0.0019991677	0.0942963647	0.0308838993	0.0337516982	0.1109970323	0.0105420039	0.071476744	0.0687290843	0.019491324	0.0534107342	0.125037334	-0.1610743667	-0.168069076	0.2113413503	0.0015871149	-0.0962643293	-0.0232822333	-0.0202391151	0.1967601741	0.042831119	-0.0423369733	-0.1347424338	-0.0140782281	-0.1128723244	0.0923249999	-0.1257637037	0.0425706241	0.0534904674	0.1032818782	0.0467924547	0.0440107395	0.0201396321	-0.0770969998	0.0339738926	-0.0838208871	-0.1063369234	-0.0068902726	-0.1083328614	0.0967670162	-0.0067311409	-0.133786875	-0.0355151985	-0.0956348279	0.328202538	0.1294667652	-0.2151039689	0.1556042722	0.0103700157	-0.0401539148	-0.0816569508	-0.0915629561	-0.1119331165	0.0040187108	0.1624143345	0.0084920376	0.0054808212	0.1752235417	0.1020199328	0.0023943659	-0.095053614	-0.0260819084	0.0475708413	-0.001628487	-0.0406899058	0.0523990001	-0.0252825971	0.0414976565	-0.1024214758	-0.1073422654	0.033413395	-0.0500287349858155	0.0003613718456279	1.3058961081251497e-07	0.0025028743242809	0.6576497154891712	0.0898275238945132	0.0080689840490193	0.4325031482829878	-0.4829754745303489	-0.1310518412538214	0.2332653089978157	0.0171745850960168	0.0126293930504883	0.0073133192873266	0.0001595015688237	5.348463899838326e-05	-0.0012639787783679	-0.000432956436788	1.5976423521644092e-06	1.874512761561615e-07	0.0016740539400375	0.0003633378437719	2.802456594155078e-06	1.3201438871681366e-07	1.0	0.0	0.0	0.0
924.8505914676338	-4.19711672313224	855348.616538032	17.61578878759631	1105.9149346752702	-15.12788982926122	1223047.842737807	228.8530506862651	879.4928486024068	-2.20988255315649	4.883580898745446	773507.670742776	900.9626646616006	693.147471454831	1.07316	25.142294	0.2106021409377227	0.1453970898921381	0.1823448288	-0.0526302971	0.2329340285	0.0558700257	0.0760209014	-0.1132788098	-0.0262156419	0.0538027986	0.0072976853	0.0405806119	0.0535001192	0.0934086912	0.0306738248	0.0120190421	0.1924907287	-0.1133049063	0.0731415057	-0.0311879947	-0.1462962177	0.1243270502	-0.0414402096	0.1608978022	0.2916158463	-0.046847375	0.0581850818	0.0325288079	-0.0436038492	-0.0980803721	0.0602699386	-0.0500361226	-0.1515091054	0.0321337207	-0.0435802161	-0.0442925956	0.0574766455	0.0839222248	0.0351674628	0.0096357308	-0.0791011048	0.1097265537	0.0467201696	0.0511570718	-0.0880096463	0.0788528205	-0.0448696955	-0.065717267	0.0518916872	0.073038959	0.0692344356	0.0740372182	0.1130370464	-0.1056175143	-0.0019857157	0.0702996352	-0.0700284567	0.0320272166	-0.0290282222	-0.1910200566	0.2488589752	0.1160277942	-0.1533384094	-0.0722304599	0.0676784859	-0.0984554683	0.0747419027	-0.0529903653	0.026493003	0.1170935544	0.0123131969	0.0492223298	0.0004695107	0.1045048769	-0.0873602022	0.0137022738	0.0394661139	-0.1190053852	-0.0180983828	0.0666282351	-0.0363913129	-0.0777891269	0.0175838643	0.132781683	-0.0944531559	0.2433051767	0.0233198734	-0.2306723342	0.0452618449	0.0824569631	0.05686758	0.0081283928	-0.1057928575	-0.0654189541	-0.0283668397	0.0984404347	-0.1169128186	0.060088435	0.0362477572	0.0013691272	-0.1040590275	-0.0620865591	-0.065274782	0.1184647346	-0.0285724857	-0.1251009991	-0.1102959925	0.0361701652	0.0382833527	-0.1063942335	-0.1013839798	0.0462651033	-0.052007419067749	-0.0019786840819335	3.91519069609703e-06	0.0027047716380884	0.5317244422876115	-0.1259252732015596	0.0158571744308874	0.2827308825260715	-0.4918423905833435	-0.0088669160529946	0.2419089371747382	7.862220029085353e-05	0.0136363946951898	0.0010070016447014	0.000185951260283	1.0140523124315243e-06	-0.0017034595265508	-0.0004394807481828	2.901774358596676e-06	1.9314332802340145e-07	0.0017041968991778	3.014295914029988e-05	2.9042870711672285e-06	9.085979857337882e-10	0.0	0.0	0.0	0.0
924.959549554392	0.1089580867582071	855550.1683118637	0.011871864670009	1112.3822878543465	6.467353179076326	1237394.35433207	41.826657142908665	877.9955531529018	-1.497295449504918	2.2418936631081343	770876.1913562701	900.1883919359714	716.6508242408191	1.047856	24.549475	0.1868908262925212	0.0866788885403621	0.0413629535	-0.0746286286	0.2842628331	-0.088349399	0.0281074047	-0.0671515338	0.0552739571	-0.0731020259	-0.1513960598	-0.0458125619	0.0416767879	0.0797722384	-0.0151381319	0.1238124569	0.147499084	-0.0627300408	-0.08506259	0.0238462016	-0.0840114976	0.1555908589	0.0472177895	0.2295194039	0.2487570657	0.0504943491	0.0870295515	0.1797168232	-0.000808115	-0.1189046831	-0.0434361293	0.0235680323	0.0042996791	-0.119896615	0.128561211	-0.0436885196	-0.0537529388	-0.029424084	-0.2037003919	-0.0008259191	-0.1185456671	0.0631969128	-0.0791717808	-0.004636225	0.1751831135	-0.1243616099	-0.1249641114	0.0643599746	-0.050132654	-0.0234722583	-0.0260952987	0.0646710777	0.0724073518	0.0456689928	0.0744997939	0.0523372269	-0.1518610884	0.0505318271	0.0052842898	-0.1194354586	0.3375819986	-0.0639187056	-0.1010747193	0.0511407368	0.1787806591	0.0566447418	-0.0085245303	-0.0236048878	-0.0287565005	-0.0335223099	0.1172221143	0.003490933	0.0473640049	-0.0792726679	-0.0708634556	0.1685923415	0.111683226	0.0355578905	0.036491251	-0.0662111612	-0.0497578405	-0.0190184171	0.0406439972	0.1909933111	-0.0842935907	0.1425673165	-0.0234945285	-0.2922050127	-0.0078984748	0.1408690374	0.1362007362	0.0492097266	-0.0829074689	-0.0591888033	-0.0287249779	-0.0581835605	-0.0723762107	0.0732902877	0.1051497052	0.0002957737	0.0670201633	0.0259705904	-0.0291467205	0.0358659263	-0.0041637044	0.0590089681	0.0717112165	0.0306870716	0.0350428114	-0.1100753719	-0.0948006283	0.0586099215	-0.0351952566319084	0.0168121624358406	0.000282648805769	0.0012387060893858	0.4702345062881505	-0.061489935999461	0.0037810122292178	0.2211204909040606	-0.4490426275935988	0.0427997629897446	0.2016392813961634	0.0018318197119783	0.0130985800550673	-0.0005378146401224	0.000171572799459	2.892445871300936e-07	-0.0022403606192054	-0.0005369010926545	5.019215704086403e-06	2.882627832937033e-07	0.0019452604637502	0.0002410635645724	3.784038271829643e-06	5.8111642164351685e-08	0.0	0.0	0.0	0.0
923.604652182142	-1.3548973722499795	853045.5535324955	1.8357468893299	1105.9278597252392	-6.454428129107328	1223076.4309164484	41.65964247381192	877.2126102657109	-0.782942887190984	0.6129995646029539	769501.9636091819	899.5646815272044	733.8299887253463	0.8885189999999998	20.816479	0.0567373963298763	0.0300800095297755	-0.0494266485	-0.074414817	0.2531241522	-0.0590393513	-0.004660271	-0.037036513	0.1014760122	-0.0941444933	-0.0069073372	-0.0128294883	0.0459716815	0.2072690548	0.0205352694	-0.021021827	0.1567170378	-0.0294084987	-0.1096807633	-0.0550335798	-0.0485548812	0.1681391705	-0.1215096027	0.1989726175	0.1528301889	-0.026765227	-0.115211988	-0.0546871387	-0.0053057492	-0.2125289537	0.1083082508	-0.0042074058	0.0577989777	-0.0490731901	-0.0021233346	0.1918802122	0.0253292677	0.0120671942	0.0193388892	0.0090497927	0.0631473859	-0.047235716	-0.0078068456	-0.1338289794	-0.1455798876	-0.0822906997	-0.0552611471	-0.1167027912	-0.0427069854	0.0867017084	-0.0386266414	-0.0218069478	0.0470840068	0.0507005526	0.1039285063	-0.0136882081	-0.1103648049	0.1066295732	-0.0316915155	-0.1551396514	0.2488022041	0.1043283689	-0.1507103196	-0.0993953738	0.0813382475	0.0491789344	0.0725890997	0.1326912137	0.2047222517	-0.0641613338	-0.0368559777	0.0606406327	0.0094773151	0.0061473551	0.0596971074	-0.0467880596	0.019661979	0.1149857863	-0.0336166259	-0.0525121297	-0.1143340214	-0.0225430682	0.046879603	-0.1735690835	-0.0722501409	0.0495685727	-0.0638867521	-0.2752870374	-0.0501236435	0.1622470521	0.1813392579	0.0419247982	-0.098126078	0.0136177783	-0.0215618102	-0.0908438382	-0.1238865666	0.0860807799	-0.1067070137	-0.1816614231	-0.0766649961	0.0709789559	0.0320430341	0.1616576815	-0.0598253043	0.000142314	-0.0234825552	-0.0174924335	0.0317782535	-0.1134548014	-0.0876327994	0.0703125971	-0.039948784498307	-0.0047535278663985	2.259602717662802e-05	0.0015959053828921	0.488142992397897	0.0179084861097464	0.0003207138747429	0.2382835810271733	-0.4392994919391526	0.0097431356544462	0.1929840436179976	9.492869238094144e-05	0.013010465816325	-8.811423874230048e-05	0.0001692722207577	7.764119069135128e-09	-0.002633929326234	-0.0003935687070286	6.937583695595493e-06	1.548963271521641e-07	0.001950222451965	4.961988214800079e-06	3.803367612148377e-06	2.462132704381488e-11	0.0	0.0	0.0	0.0
926.1440967023526	2.5394445202106226	857742.8878566166	6.448778471227759	1114.9887739163694	9.060914191130223	1243199.9659595287	82.10016597902506	879.1929349906279	1.980324724917068	3.9216860161178615	772980.2169374345	900.5315114073634	733.6024534494599	1.077435	25.242456	0.2352155278719804	0.1128314886716293	-0.047774269	-0.0531721583	0.2546383936	-0.1496893199	0.0515568999	0.1095631836	-0.064192474	0.0521600383	-0.2743818659	0.0837240676	0.087687249	-0.0515049375	0.0298238934	-0.0043252723	-0.0327150275	-0.0677204154	-0.0430512831	-0.2268994379	-0.1059157715	0.1550237579	0.2125274387	0.0718500293	0.1419901658	0.1010903686	0.1146787592	0.0794665131	0.1289562835	0.1379146911	-0.0448827148	-0.1618785231	-0.055161678	-0.023439079	-0.1246589976	-0.0542439118	-0.0887505565	-0.0166694903	0.0252336392	-0.0534610575	-0.0060786499	-0.1744828571	-0.0558583385	0.1067428727	-0.0249623424	-0.0222189632	0.1833421474	-0.0744641664	0.0562699199	0.0843696474	0.017530399	-0.122873775	0.0806908591	-0.0593913047	0.2453559046	0.051438218	-0.1828409231	-0.1517675734	0.0647924591	0.0129907765	0.2472478544	0.0452259964	0.1778980431	-0.0182672537	0.0541985285	-0.0916177829	-0.2212451089	-0.0005311736	-0.0470302369	0.0836265362	0.0298183818	-0.0476188998	-0.1310420512	0.0454797552	0.0611812556	0.0508933309	-0.1619969122	0.0095545426	0.0159994854	-0.0058312092	-0.0916349151	-0.0590574252	-0.1710476771	-0.0885344926	-0.0516873901	0.0484416887	-0.0891927487	-0.1851113887	-0.1353762963	0.2510955328	0.022408146	0.0011405194	-0.1921232094	-0.0863160018	-0.0064301792	-0.0313579634	-0.0832166494	-0.0155335869	0.0286661935	0.1295786724	0.076190124	-0.053153075	-0.1241112614	-0.0757450913	-0.0262839634	0.1202782792	0.1541479422	0.0707756043	0.0284919163	-0.1165232592	-0.0799246852	0.0812449131	-0.0724602658122393	-0.0325114813139323	0.0010569964172261	0.0052504901215803	0.4560071447171907	-0.0321358476807062	0.0010327127061575	0.2079425160331249	-0.5336322551923445	-0.0943327632531919	0.2847633837816674	0.0088986702229827	0.0118889996735012	-0.0011214661428237	0.0001413483132365	1.2576863095000906e-06	-0.0022380353696001	0.0003958939566339	5.008802315581056e-06	1.5673202489924441e-07	0.0019428738389397	-7.34861302530013e-06	3.7747587540362872e-06	5.4002113395610734e-11	0.0	0.0	0.0	0.0
928.0818348077464	1.9377381053938048	861335.8921001131	3.754828965095174	1117.0095415917513	2.020767675381876	1247710.3160070144	4.083501997868271	880.633235744155	1.4403007535270262	2.0744662606105195	775514.8958972204	902.8796783187126	730.8000495395777	1.273289	29.830969	0.351444189883654	0.161843943849386	-0.0208459777	0.0052370214	0.124629779	-0.1554169063	0.0205328888	-0.0930485232	-0.0662453926	-0.109025554	0.0585696356	0.1440663689	0.0511401458	0.223500647	-0.1539263014	0.0257824931	0.0165658531	-0.0573322175	0.1627370991	-0.0661982612	0.1845859473	-0.004787118	0.0535482732	0.1108111767	-0.0063266343	-0.1014345379	0.0513801868	0.046462574	0.027825746	-0.2114535405	0.103803078	0.1365636576	0.0472047814	-0.0198472445	-0.0970082938	-0.0598474475	-0.2261837596	-0.0818785243	0.1105590316	-0.1052556248	-0.0055256558	-0.0454933046	-0.0279873525	-0.1056642529	0.0864011987	-0.0506317869	0.064735709	0.0039438195	-0.1704385971	-0.0753016981	-0.0057435541	0.1026479084	0.0484236007	-0.1342016075	-0.0620234015	-0.1208105607	-0.0440931432	-0.162800879	-0.0180113243	-0.2016170328	-0.0399686392	-0.290547803	-0.0805262961	0.0759590169	0.0245033659	0.1742496882	-0.0775681144	0.1366131641	0.1222343725	-0.0842670714	0.1209674389	0.0017360754	0.1730172324	-0.0446677366	0.0196438209	-0.051143472	-0.180687287	0.093701128	-0.1526929258	-0.0117910442	0.1312305917	-0.0166025738	-0.0326291664	0.0330224499	-0.0152987344	0.0294593564	-0.0605867939	-0.053655297	-0.0412070463	0.0601313662	-0.1569139953	0.2190577778	-0.030003509	0.1920972025	-0.2278774354	-0.1401109897	0.0119744884	0.0297354926	0.0419152587	-0.1512834152	-0.1310906563	0.0354467181	0.1776422225	-0.0578577777	-0.1278271464	0.3154779801	0.0707031855	0.0455735637	0.0251860523	-0.1192723348	-0.0717238087	0.0912870929	-0.076131832860554	-0.0036715670483147	1.3480404590270318e-05	0.0057960559747073	0.428520901457432	-0.0274862432597587	0.0007554935685346	0.1836301629858901	-0.6078592593194401	-0.0742270041270956	0.3694928791403783	0.0055096481416838	0.0095708524901691	-0.0023181471833321	9.160121738857605e-05	5.373806363590553e-06	-0.0038370043321596	-0.0015989689625595	1.4722602245011538e-05	2.556701743228604e-06	0.0029469452020178	0.0010040713630781	8.684486023695731e-06	1.0081593021535136e-06	0.0	0.0	0.0	0.0
925.4341368887516	-2.6476979189948224	856428.3417190287	7.010304270249513	1110.3819309127664	-6.6276106789848654	1232948.0324975636	43.92522331219423	879.2485970186226	-1.384638725532341	1.9172244002438248	773078.0953592162	900.8392093355628	704.831694639241	1.450894	33.991951	0.22330921566286	0.1460733104119559	0.0248929877	0.0169082816	-0.007767627	0.0514585417	0.0463849526	-0.0913581474	-0.0418535582	0.1058832244	0.0082923428	0.1261217957	0.1512194545	-0.0668607865	0.0749285451	0.14117157	-0.1320979	-0.0286793436	-0.0087134321	-0.1550888764	0.0846752328	0.0216505762	-0.0518798846	-0.0008360074	-0.1534139682	0.0573092794	-0.1453462281	-0.1916031957	0.034572052	-0.0601775414	0.2114342697	-0.1360977407	0.0575873304	0.0404778931	-0.0184729876	0.0392511105	0.1984118124	-0.1165061069	-0.04859706	-0.104326291	0.0012347683	-0.1123208625	-0.1234614917	-0.1263414935	0.1382471	-0.2191275489	-0.0142848481	0.1995190043	0.0358245459	0.0710433669	0.1092219171	0.0325035199	0.0076345099	-0.0983468386	0.0422155388	-0.1332212766	0.0461753917	0.0497523951	-0.1112748167	0.0169111155	-0.080968747	0.1452363674	0.1404250106	0.0273228264	-0.0073639528	-0.0262290403	-0.0545038072	0.0244187119	0.1505677939	-0.0810913965	-0.0487735926	0.2607441968	0.2259642052	-0.0237111042	0.0550043051	0.0708115019	-0.0027886087	0.0702983107	0.1911456621	0.1080646106	-0.0418193355	0.0496012486	-0.2181665151	-0.1418909755	-0.0001509468	0.0140682054	-0.0314442662	0.0201974061	-0.078794585	0.1255994497	-0.2288509541	0.0122575143	0.0021769141	0.0752353909	0.2352831679	-0.2262073662	0.1571060511	-0.0240356163	-0.3770550123	-0.0048152475	0.0460680055	0.1114447995	0.0069770548	-0.058664406	-0.0466200148	0.0467934541	-0.0163172304	-0.0713499388	0.0218629269	-0.1216944932	-0.063080731	0.1003291122	-0.0636734244259429	0.0124584084346111	0.0001552119407235	0.0040543049781262	0.5646437778927833	0.1361228764353513	0.0185294374890339	0.3188225959130348	-0.5914145010446674	0.0164447582747726	0.3497711120459129	0.0002704300747157	0.0092033439256635	-0.0003675085645055	8.470153941404724e-05	1.3506254498496626e-07	-0.0040528646032178	-0.0002158602710582	1.6425711492015775e-05	4.659565662131966e-08	0.0035292398168165	0.0005822946147986	1.245553368460296e-05	3.390670184235663e-07	0.0	0.0	0.0	0.0
925.7652946283822	0.331157739630612	857041.3807383754	0.1096654485172562	1114.0943555029753	3.712424590208912	1241206.23296359	13.782096337987804	879.3051989433093	0.0566019246866744	0.0032037778782359	773177.6328887327	900.727610486965	675.2868499662247	1.213367	28.427116	0.3594294809921377	0.2072616803967056	0.1842468107	-0.0254569701	-0.007766769	0.1758276338	0.117699633	-0.1097127262	-0.1426323517	0.0377857881	-0.0181359209	0.0029670646	0.0583015282	-0.0570292869	0.017222518	0.135026617	0.0736982655	-0.0521710371	0.035343432	-0.063417438	-0.0786879074	-0.0366707197	0.0792688081	0.0544319679	-0.1258294323	0.0099163845	-0.0302626658	0.0332677797	-0.0271633272	-0.0325315144	0.0832776678	-0.0582520277	0.1244751312	0.0120009098	0.208317955	-0.0763627718	0.2331512847	0.0277499952	-0.0596176838	0.0315466478	-0.1194932918	-0.1081995297	0.0077048885	-0.2375449481	-0.0176834829	-0.1598728222	-0.1062467721	0.0815801306	0.058531506	-0.1426388816	0.1328882678	-0.1235519139	0.0751950366	-0.0438514765	0.0260706577	0.1202781714	0.0809818025	-0.0960731935	-0.1555054022	0.0843899915	0.0348914962	0.0278227043	0.0019366064	-0.0849845566	0.068412104	-0.0291178891	0.0459520577	-0.1331137334	-0.0609164442	0.0175759482	-0.2210414322	0.0411627563	0.1509804642	-0.180894679	-0.0724745215	0.0685221553	0.1573967223	-0.0509694968	0.1156888059	0.146333605	-0.0056809443	0.0734447132	-0.0091152748	-0.1884116231	-0.0511480738	0.1409406318	0.0513640233	-0.0092041933	-0.0224438723	0.0154578499	-0.2045945794	-0.168529175	0.0042723459	-0.0068613347	0.3006733791	-0.083827964	0.256122813	0.1737130729	-0.2096140581	-0.1331624232	0.1198168348	0.0513480322	0.1223387779	0.0125907087	0.1303841743	-0.0613305479	0.0734596927	-0.0109293383	0.0185248178	-0.1237830955	-0.0540487397	0.1082719048	-0.0366648544082153	0.0270085700177276	0.0007294628544024	0.0013443115487756	0.7341219040363427	0.1694781261435594	0.0287228352411322	0.5389349699859451	-0.5896654540889017	0.0017490469557657	0.3477053477458706	3.0591652534733342e-06	0.0119443333168987	0.0027409893912351	0.0001426670983851	7.5130228428639105e-06	-0.0043989219310205	-0.0003460573278027	1.9350514155213128e-05	1.1975567412594553e-07	0.0033924117783527	-0.0001368280384637	1.1508457673906129e-05	1.8721912109851053e-08	0.0	0.0	0.0	0.0
925.4248131096656	-0.340481518716615	856411.0847190595	0.1159276645875726	1108.92087020161	-5.173485301365417	1229705.4963686955	26.764950163444023	880.2398358355512	0.9346368922418832	0.8735461203395658	774822.168591798	900.9191854860024	701.8583517390526	1.407478	32.974792	0.1850411284517809	0.1099416665644388	0.0582031706	-0.0128660201	0.075158926	0.0247093223	0.0640515462	-0.0321279667	-0.0443410704	0.083647892	0.0006953195	0.0117154231	0.101635958	0.0560992367	0.0977250961	0.0961759807	0.0450379595	-0.0873977532	0.0881889527	0.0728646709	0.0646257671	-0.048917212	0.0145574286	0.1997717878	-0.0814370266	-0.0377838347	-0.1519266784	-0.0334324245	-0.0768642698	0.0148686924	-0.0691588301	0.0029802878	0.0851929145	0.0788728438	-0.1474653878	-0.0285109418	-0.1170286002	-0.120020862	-0.1592872751	0.1033902014	0.1875584135	0.0526172451	0.0572515953	0.0237094542	0.0904129126	-0.0256691117	0.0518600402	-0.0650527721	-0.2219072695	0.0538867791	-0.1184278419	-0.0456966977	0.0743182583	-0.0057090462	-0.1377735034	-0.0294358361	0.0483911083	-0.056985263	-0.1625920488	-0.1128749064	-0.0343747774	-0.0046685437	0.007656002	0.1214189573	-0.0492799078	0.1274497205	-0.0691187147	-0.036460199	0.1291689786	-0.0209446716	0.0923602944	-0.051562445	-0.0087816611	0.0243733362	0.0535531654	-0.1300398534	-0.0559205741	0.044879771	0.1041144185	-0.2383871206	0.0395064247	0.069578564	0.0458639309	-0.0458349088	-0.050408549	0.0945247364	-0.0320178471	-0.0118555151	0.0273615872	-0.0955828895	-0.0528544703	0.1218640521	0.1302133866	0.1743877205	0.0102926305	-0.035093798	0.0017307832	-0.0433508865	0.0782308362	0.0130540482	-0.2076342639	0.0646411959	0.0916563697	0.0090651232	0.0208546856	0.2454928357	-0.0461630075	-0.0004965378	0.0151740128	-0.1255324169	-0.0446835199	0.1150284477	-0.037288879974298	-0.0006240255660827	3.894079071248365e-07	0.0013904605697376	0.649269997222035	-0.0848519068143076	0.0071998460900239	0.4215515292927014	-0.6493274088900023	-0.0596619548011005	0.4216260839358042	0.0035595488506885	0.0123505405262103	0.0004062072093115	0.0001525358512895	1.650042968967178e-07	-0.0042238980003712	0.0001750239306493	1.784131431753982e-05	3.0633376299931165e-08	0.0036092454637976	0.0002168336854448	1.3026652817943553e-05	4.7016847143617696e-08	0.0	0.0	0.0	0.0
923.5587029988992	-1.866110110766385	852960.6778850089	3.482366945504531	1110.4153213500977	1.4944511484877694	1233022.1858890406	2.233384235216413	879.3311576647636	-0.9086781707875388	0.8256960180657876	773223.2848400534	900.96224837387	672.3472014573454	1.102147	25.821411	0.2088200502282134	0.1251723541829806	0.1612015669	-0.0158216773	-0.0273315572	0.1486888822	0.0957883161	-0.0317589389	-0.0134302985	-0.0117351714	0.1716623904	0.0180310472	-0.0180831746	-0.1987933678	0.0807557233	-0.0228319206	0.029716477	-0.0512495974	0.0649944543	-0.0084382586	-0.0200454532	-0.0241075729	-0.0693672045	0.0259729195	-0.0892878036	-0.0410543377	-0.083676899	0.0616062713	0.0898004463	0.1220409979	-0.1951879163	-0.0242560115	0.1578543026	-0.0923435169	0.0095423415	-0.1522050684	0.0303392899	-0.0204967421	0.0555297932	0.081562137	0.0735931707	-0.0410133266	-0.0425426507	0.0760398261	-0.060884415	0.0401033376	-0.004304679	-0.006129596	0.1156263075	-0.0317946488	0.0526726061	0.0200143941	0.0578245898	-0.0563967784	-0.0903533713	0.0112924788	0.0925314992	0.0605926514	-0.0738295342	0.0815668606	-0.0959890849	0.0738195749	-0.0552147731	-0.0161639688	0.065969027	0.091151736	-0.1862874871	-0.0936685396	-0.0774164629	-0.0149276254	-0.0892677874	-0.1724462024	-0.0238801737	-0.0239687108	0.005539507	-0.0413253242	-0.0530273844	-0.0073541438	0.1088907622	0.0031741434	0.0141021093	-0.0991372485	0.0355911117	0.0748422186	-0.0567963063	0.114201212	0.0093595327	0.0264286949	0.040433813	-0.0900479286	-0.0260928914	-0.0362885464	0.0748996624	0.0036239211	0.0855482338	-0.0387559191	0.1838899212	0.0434911636	-0.135579773	-0.0799631195	-0.0661516592	-0.0654227565	-0.0164618197	-0.1097706864	0.0349523246	-0.0206123256	-0.0612829152	0.0902085549	0.0118128082	-0.1269376627	-0.0350428114	0.1205247148	-0.0550334213237277	-0.0177445413494297	0.0003148687477016	0.0030286774625949	0.7712411496256948	0.1219711524036597	0.0148769620186767	0.5948129108759633	-0.6264807503972634	0.0228466584927389	0.3924781306183182	0.0005219698042838	0.013046647778539	0.0006961072523287	0.0001702150182572	4.845653067446138e-07	-0.0042030175121843	2.088048818689979e-05	1.7665356207727903e-05	4.3599478692326164e-10	0.0034010792446655	-0.000208166219132	1.1567340028494449e-05	4.333317478775335e-08	0.0	0.0	0.0	0.0
927.8755100851022	4.316807086202971	860952.9622156885	18.634823419492182	1119.369303765698	8.953982415600422	1252987.6382129036	80.17380109888155	882.6830768068195	3.3519191420558627	11.23536193488051	779129.4140811536	904.6001410994938	645.9565775777664	1.208454	28.312008	0.3124233106745696	0.1543594349109781	0.3233740744	-0.0510019092	-0.0378328895	0.1312346741	0.085771543	-0.0088048357	-0.1769423534	-0.1173394893	-0.0865403263	0.0133626306	-0.0802421343	-0.1282724558	0.1778993275	-0.0858284385	0.0321143801	-0.1130634969	0.2051569429	0.2163512834	-0.2256714508	-0.1114300133	0.0265658348	-0.0155052126	-0.0682592085	-0.0346840753	-0.0095194171	-0.1829040143	0.0677490919	0.1931495908	0.0386491334	-0.0025320893	-0.0398865768	0.0191035219	0.2317808781	-0.0729897413	0.0323749552	-0.0801580681	0.1274838286	-0.0283125721	0.100753548	-0.0887029885	0.0628884388	-0.0043947843	0.056108542	-0.0833837255	0.0142143625	-0.0149312747	-0.0155282803	0.0711694241	-0.0372277699	0.1113999955	0.1072113477	-0.0768513433	-0.2510604868	0.2543191765	-0.0345907517	-0.037163525	0.040150512	0.0018382932	-0.1200967543	0.11874087	0.015254592	-0.0405291963	-0.0861078892	-0.024658954	0.0537983038	-0.2436034881	-0.1241712952	-0.1701937807	-0.0844908582	0.1392002977	-0.0966233107	-0.1335704147	0.0525737656	-0.026647611	-0.1180030543	-0.0635413568	-0.1462039087	-0.0310308523	0.001875661	0.0955513175	0.0917934356	0.002066223	-0.1193362479	0.236811118	0.1135721074	0.1261504586	0.2102958782	-0.2456075317	0.0212605214	-0.1956186614	0.0593869728	0.0657721551	0.2881132352	0.2513794921	-0.016876801	-0.1024439459	-0.0185101082	-0.0342881629	0.1338510309	-0.004102798	0.0430776302	0.1042394955	0.1694963225	0.1741202985	0.0938380757	0.0697451512	0.0084435077	-0.1279949812	-0.0251860523	0.124700488	-0.0810555161936577	-0.0260220948699299	0.0006771494214196	0.0065699967054203	0.9003523222901748	0.12911117266448	0.0166696949067971	0.8106343042533108	-0.657434214343013	-0.0309534639457496	0.4322197461888147	0.0009581169302408	0.0146323384722171	0.0015856906936781	0.0002141053291655	2.5144149760173342e-06	-0.0047751021719901	-0.0005720846598057	2.280160075294457e-05	3.272808579851178e-07	0.0030321230142612	-0.0003689562304042	9.193769973612426e-06	1.3612869995415086e-07	0.0	0.0	0.0	0.0
927.4657013049416	-0.4098087801605743	860192.6270970672	0.1679432362966979	1113.7615171771183	-5.607786588579756	1240464.7171446765	31.44727042305498	882.1628436301654	-0.5202331766540738	0.2706425580915887	778211.2826816597	904.350089445607	698.4798595410914	1.469301	34.423203	0.4138475415624939	0.2536176745935755	0.0640251586	-0.0969026321	0.1269952994	-0.0261265556	0.1189230465	0.0500783883	0.0007799645	-0.1037509651	0.18707104	0.132037216	-0.0750768977	-0.0684345418	0.0478790612	0.0035074945	0.1160134971	-0.1739626587	0.1374236027	0.0915432434	0.0679202807	-0.028070026	-0.0097064016	-0.0823485063	0.0656286851	-0.0247242703	-0.1138957672	0.0695537355	-0.0941287445	0.0615022794	-0.0388134269	0.0407896071	-0.0960841255	0.0717528105	0.0681989149	0.0471288751	-0.0918861399	-0.0404479536	-0.0092774846	-0.0840975385	-0.0337181899	0.1209795042	0.0380636791	0.0606169361	0.025265513	-0.0274438771	-0.0593025007	-0.1336129876	0.0255552222	-0.0702588722	-0.000630354	0.0425559028	0.1498392367	-0.057565652	-0.1793304402	-0.0697894514	0.0460661198	0.0206281923	0.0941045936	0.03545606	-0.0006748855	-0.0174161084	-0.0581522718	0.2192163074	0.0194533854	0.0297576899	0.0031595856	-0.0502855408	0.0100068173	0.020578618	0.135966138	-0.0474341775	-0.0964581613	0.0202032313	-0.0554118792	0.0189071303	-0.0031824158	-0.0370784427	-0.0830993972	-0.0324407766	-0.0327180804	0.0963409001	0.0410491038	-0.0433702856	-0.1246248964	0.1273138842	-0.0958336105	0.1096225433	0.0017326744	-0.1927804241	0.0753604788	0.1144044833	0.0908853271	0.0792481679	-0.1279723623	0.2453751019	-0.0608228307	-0.1844906942	0.1058007887	-0.0476493725	0.0117120367	-0.1135173085	-0.0535318936	-0.0125870846	0.0396873836	0.1006983249	-0.0643652663	0.0011460787	0.0050684204	-0.1287014744	-0.0151740128	0.1275100165	-0.0845263267432159	-0.0034708105495582	1.204652587092456e-05	0.0071446999127008	0.706570851391092	-0.1937814708990828	0.037551258463812	0.4992423680355326	-0.759602646168716	-0.102168431825703	0.5769961800665155	0.0104383884617233	0.0163478151505439	0.0017154766783267	0.0002672510601963	2.9428602338831444e-06	-0.0049280105944531	-0.0001529084224629	2.428528841904199e-05	2.3380985660123187e-08	0.002611971549288	-0.0004201514649732	6.822395374289954e-06	1.7652725351912634e-07	0.0	0.0	0.0	0.0
924.3062565652208	-3.1594447397208114	854342.0559256118	9.982091063349506	1113.3483475301866	-0.4131696469316921	1239544.542948197	0.1707091571456591	878.7133988935868	-3.4494447365785845	11.8986689907097	772137.2373951199	901.053343970533	727.0092868325169	1.165542	27.306662	0.2676935144054802	0.1674770891124419	-0.1048603616	-0.0789502418	0.1199198277	0.0210140667	0.0861131135	0.1738279988	0.1121264581	0.0173667561	0.0981194924	0.0333620785	0.1045214101	-0.1355950436	0.1201887097	0.0887236842	0.0781425895	-0.1226002012	-0.1033076399	0.002106177	0.117943029	0.1361002226	0.0531177673	-0.0467448806	-0.060427631	0.0067026192	-0.1186217337	0.0651300569	0.1207882582	-0.0767065672	-0.1189818614	-0.1050666097	0.109603438	0.137098959	-0.0591417042	-0.0122300813	-0.0623951197	0.027921068	-0.0407179439	-0.1680590772	-0.0486353086	0.0346844749	0.004021472	0.0863469384	-0.1744763216	0.1298590283	-0.0576235899	-0.0126964619	0.094664895	-0.0256854282	0.1012056307	-0.0960483633	0.0953046575	0.0587874337	-0.0090175585	-0.190674448	-0.0479191222	0.03056797	-0.0699030802	0.1198906277	-0.0364122185	0.110976812	0.0605313418	0.0695868425	0.0967475088	0.112828285	-0.1248297477	0.0861844068	0.0049701479	0.1831569969	0.0789167761	-0.0098899897	-0.0305314378	-0.0695488979	0.0648197112	-0.0079268082	0.0750234802	-0.0498031393	0.1030650865	0.0631740581	-0.0293908018	-0.093869577	0.004187465	-0.0161022359	-0.0922782597	-0.0062893334	-0.2285074254	0.0943870372	-0.12337389	0.0177582897	0.0743198717	0.1352957202	0.0165955401	-0.138385936	-0.0338905545	0.010584016	0.0515234289	-0.0762277489	-0.1118134019	0.0536402131	0.0482105502	0.0968538465	-0.0066202155	-0.0882642252	-0.1010205498	-0.094717433	-0.0834437594	-0.1347480341	0.0016898595	-0.1290552057	-0.0050684204	0.1289225186	-0.0817961921031695	0.0027301346400464	7.453635152781286e-06	0.0066906170425786	0.5526001877340576	-0.1539706636570343	0.0237069652669876	0.3053669674837157	-0.8130921925961303	-0.0534895464274143	0.6611189136607827	0.0028611315770105	0.0165341302866576	0.0001863151361137	0.0002733774643361	3.471332994506769e-08	-0.0045360185583895	0.0003919920360635	2.0575464362053955e-05	1.536577563372866e-07	0.0031837277707304	0.0005717562214424	1.0136122518119962e-05	3.269051767580909e-07	0.0	0.0	0.0	0.0
926.37314314714	2.0668865819192206	858167.2003443115	4.272020142517719	1114.1392743832598	0.7909268530731879	1241306.322723257	0.6255652869122561	879.6340877994077	0.920688905820839	0.8476680613015737	773756.128418696	900.9848146677398	721.2291868514078	0.90711	21.252028	0.164928299947755	0.1243474149108624	-0.0719668844	-0.0699624595	0.0925109235	0.1251702763	0.0593560772	0.1226978242	0.0053207536	-0.0091105879	0.0867333849	0.0253810749	0.0901729481	-0.0209888	-0.0429347951	0.1134595779	0.0305482884	-0.1063419964	-0.0395781761	0.0443359007	0.0826625958	0.0763569502	0.0517795234	-0.0198819058	-0.0900825524	0.0682115494	-0.0534304989	0.0562468415	0.0243462997	-0.0734993554	0.0021997053	0.057478004	0.0497235903	0.1105035466	0.0346547265	-0.0097566939	0.0458425961	0.0017422199	0.0833175605	0.0932826029	0.0607977719	-0.0285976803	0.1006394469	0.0912415563	0.0710811134	0.0050009092	-0.0934310809	-0.0382218768	-0.0303514446	0.0116942756	0.0628097982	-0.0677214176	0.0792285787	0.0709290587	-0.0406609944	-0.0850401817	-0.0031240966	-0.0174805329	-0.156525003	0.1598513771	0.0228701474	0.0010530559	0.0107996253	0.0288877543	0.0318916161	-0.0128030115	0.0133960756	0.0286276897	-0.0282136049	0.0505519076	-0.022395823	0.0284423094	0.0456381598	-0.0452662965	0.0074334008	-0.0994150694	-0.0615795971	-0.0791672144	-0.1019861163	-0.0968405535	0.0388279522	0.0325542851	0.0862264255	0.0223472529	-0.0851220489	0.0141976868	-0.1929724658	0.0977180458	-0.0830517116	-0.0793457758	0.0713548351	0.1048931577	0.0473244	-0.0061096401	-0.076062214	0.0590783192	0.1047835972	0.0256943931	0.0268551438	0.0160407519	0.0355937959	0.0521306664	-0.0162142475	-0.0246684059	0.0545002389	-0.0420591698	-0.0404747233	0.0331027998	-0.0016898595	-0.1290552057	0.0050684204	0.1289225186	-0.0707988910856869	0.0109973010174826	0.0001209406296691	0.0050124829789629	0.6737179736790893	0.1211177859450316	0.0146695180722265	0.453895908058258	-0.8131479980627461	-5.580546661576591e-05	0.6612096667534517	3.1142501042033635e-09	0.0163430000680841	-0.0001911302185735	0.0002670936512253	3.653076045195416e-08	-0.0048057485424508	-0.0002697299840613	2.309521905326799e-05	7.275426430170924e-08	0.0033780157184681	0.0001942879477376	1.1410990194217554e-05	3.774780663612724e-08	0.0	0.0	0.0	0.0
925.64526392136	-0.7278792257800433	856819.1546200442	0.5298081673221552	1115.3220839455862	1.1828095623263837	1243943.3509367253	1.399038460730731	878.8743319445041	-0.7597558549035739	0.5772289590602604	772420.0913508984	901.5926821449048	733.6894041728389	0.872101	20.431833	0.1140659079223583	0.0707240243476406	-0.0953078369	-0.0618663532	0.0957745362	-3.8081e-06	0.0709271143	0.1079243346	-0.0231931132	0.0734710746	0.0530505437	0.0521647614	0.1803343947	0.0198640777	-0.039588599	0.0443477383	0.0249819118	-0.0824154167	-0.0727741929	-0.0691892454	0.1131893918	0.1261876801	0.0294318488	0.0276677323	-0.1522293151	-0.0098239925	-0.0234020764	-0.0354403125	0.0418744198	-0.0379628936	-0.0050437699	-0.0915448385	0.0096014086	-0.0230684832	0.1000117809	-0.0018383334	-0.0437778949	0.2380978283	-0.0715679686	-0.027734705	0.015262593	0.1057056669	0.003554058	0.1262670196	-0.0698968301	-0.0603738095	0.0785821512	0.16180061	0.0998070971	-0.0423936932	-0.1643055418	-0.0163612485	0.0570105681	6.34863e-05	0.0295934597	-0.1648723052	-0.0166583522	-0.0145020038	-0.1897259311	0.0971943677	-0.0341144285	0.0935196837	0.0168010455	-0.0827247737	-0.0286508272	0.0311199371	0.0052320594	0.0628823768	0.0901225857	0.0582316022	0.0513218893	-0.0799771511	-0.0565811385	-0.0627874599	-0.0220838784	0.1450832812	0.0439280628	-0.0531109368	0.0023263844	0.057944211	0.1377725884	0.0217572367	0.0488176235	-0.0298504567	-0.071784427	-0.0166644846	-0.1910298052	0.1141384711	-0.1716010857	0.03309554	-0.0274433236	0.0576458254	-0.0297159284	-0.1372728753	-0.0526256049	0.1228832176	0.0208197731	-0.0393500541	-0.0385824117	-0.0094745254	-0.0122822949	0.051859647	0.1110492181	0.0625833997	-0.1107192323	-0.160480318	-0.0411186154	-0.1155307175	-0.0050684204	-0.1287014744	0.0151740128	0.1275100165	-0.0817854306733636	-0.0109865395876766	0.0001207040521115	0.0066888566704275	0.605603655374324	-0.0681143183047652	0.0046395603581228	0.366755787402743	-0.8151822155449224	-0.0020342174821763	0.6645220445407284	4.138040764791927e-06	0.0158466984552964	-0.0004963016127877	0.000251117851933	2.463152908556722e-07	-0.0049610310124343	-0.0001552824699835	2.46118287063349e-05	2.4112645484176743e-08	0.0033850482866517	7.032568183600128e-06	1.145855190296361e-05	4.9457015256984794e-11	0.0	0.0	0.0	0.0
927.0007264160904	1.355462494730432	859330.3467759592	1.8372785746208464	1115.759788370578	0.4377044249918072	1244919.905344757	0.1915851636574085	879.5900334061283	0.715701461624235	0.5122285821710663	773678.626867394	900.6956424296505	714.4865814817464	0.929081	21.766769	0.100345609539962	0.0573473819981467	-0.0581751219	-0.0526112838	0.0338954866	0.1175329144	0.0557196131	0.1247299036	-0.0239370639	0.0063261339	-0.063824851	-0.0588004094	0.1531352664	-0.039488518	-0.0452081716	0.0752459463	-0.0524229746	-0.0893649091	-0.044790289	-0.0148063009	0.077581067	0.0619989381	0.1154494128	0.0154808379	-0.2304165531	0.0797604771	-0.0938471006	0.0348054355	-0.0400041692	0.0575753268	0.0044482156	0.0297052569	-0.0541075709	-0.0076066433	-0.050352693	0.1212034462	-0.1576014647	0.0494911183	0.0630422529	0.0122403186	0.0831995264	0.0240978234	0.1989213873	0.0148731813	-0.0398461906	0.063794746	-0.0691909478	-0.0013814362	0.1558238161	-0.0099844836	-0.0870498391	0.1787087764	0.0671668183	0.0472167057	0.0172360587	-0.0654040139	-0.0197056427	-0.0756920641	-0.213577966	0.1519035018	-0.0362779961	-0.0741437153	0.0737749951	0.1576625466	-0.0382998594	-0.049925018	0.0332570943	0.123962939	-0.0845044424	-0.010679694	0.0013159922	0.0664558454	-0.1304392887	0.0374604283	0.0861577259	-0.0800452721	0.0300514329	-0.044345759	-0.1618580867	-0.0569079072	0.0739694442	0.0508357319	-0.0204098951	0.1477276771	-0.0601950508	-0.00636521	-0.1669946768	0.1122650598	-0.1172401397	-0.0634763129	0.0135472106	0.0858277597	0.0386879681	-0.0482745345	-0.0185125807	0.0333292323	0.0529680315	0.0150602193	0.0522198947	0.129454138	0.0835089848	0.0153691713	-0.10519391	-0.096577193	0.0535331097	-0.0485970439	0.0312540905	0.0329219737	-0.0084435077	-0.1279949812	0.0251860523	0.124700488	-0.0695972592462084	0.0121881714271551	0.0001485515227377	0.0048437784945839	0.6507418451131031	0.045138189738779	0.002037456172894	0.4234649489812058	-0.8231316424014352	-0.0079494268565127	0.6775457007224842	6.319338734704676e-05	0.0153555343627509	-0.0004911640925455	0.0002357924355656	2.412421658060458e-07	-0.0048078862197524	0.0001531447926819	2.3115769902085025e-05	2.3453327525582187e-08	0.0034421358317746	5.708754512289988e-05	1.1848299084386617e-05	3.2589878081591303e-09	0.0	0.0	0.0	0.0
928.9795593425044	1.978832926414043	863003.0216761937	3.915779750660365	1115.3156061618129	-0.4441822087651417	1243928.901348092	0.1972978345834799	880.625490628756	1.035457222627656	1.072171659891779	775501.2547451372	902.8204752902244	737.9568022967848	1.006073	23.570568	0.1295732883592503	0.0797798247576803	-0.0927711582	-0.0452893065	0.0683296916	-0.0217840551	0.0288232743	0.1036319418	-0.0370595194	-0.0812483116	0.1918780368	0.0095975592	0.0417925531	-0.018194078	-0.2018170696	-0.0573066171	0.0215716091	-0.0627458691	0.008302606	0.0614012129	0.1931437379	0.0424462442	-0.010269771	-0.0493189951	-0.0431338222	-0.0487274615	-0.0979719166	0.0649905769	-0.0204787786	0.0775369812	0.021869814	0.0903951321	-0.0719223007	-0.1530499235	-0.0651560978	-0.0152603625	-0.0059679492	-0.0484361586	-0.0973896197	0.0350456351	-0.0380312896	0.015653051	0.0283180269	0.092995323	-0.0866033607	0.0323857148	0.0690303784	0.0523191939	-0.0341226979	0.0815657581	-0.0330434015	0.0242422744	0.0427192412	0.0540744398	-0.0967864825	-0.1340501981	0.0268770017	-0.0013785826	0.0027473727	0.0681588634	-0.0249636468	-0.0145200691	-0.0605425947	0.0638647123	-0.0324472431	-0.0625845606	0.0185869002	0.1048047386	-0.0102199768	-0.0690931433	-0.0004772393	-0.1504332412	-0.0046655633	0.0623484877	0.0149660814	0.1427194209	0.0033881198	-0.0983558183	0.0469485014	-0.0784766126	0.0490045639	-0.1071376592	0.056083981	-0.0935839939	-0.037928489	-0.0246587348	-0.1623551807	0.1352423467	-0.0056690427	-0.0264585624	0.0582368178	0.0729540907	0.0880359466	-0.0163114311	-0.139294588	-0.0003723827	0.0668873976	0.0307040423	-0.0472099575	-0.0530230331	-0.0631466515	-0.0765424114	0.1009907644	0.0611559456	-0.0147655555	-0.1343536957	0.080067119	0.0805073575	-0.0118128082	-0.1269376627	0.0350428114	0.1205247148	-0.0531797424656872	0.0164175167805211	0.0002695348572386	0.0028280850087168	0.6766512377905087	0.0259093926774056	0.000671296628912	0.4578568976034275	-0.8118836413051866	0.0112480010962485	0.659155047018969	0.0001265175286612	0.0140478424100763	-0.0013076919526745	0.0001973418763783	1.710058243089905e-06	-0.0048150309771137	-7.144757361300137e-06	2.318452331056452e-05	5.10475577518525e-11	0.003237004985709	-0.0002051308460655	1.0478201277504924e-05	4.207866400758886e-08	0.0	0.0	0.0	0.0
927.1213806512932	-1.8581786912112648	859554.0544607601	3.4528280484716087	1112.0145038355176	-3.301102326295222	1236576.2567405524	10.897276568671728	879.8209387251745	-0.804551903581455	0.6473037655565429	774084.8842192473	902.6329364075456	727.3059585430871	0.941121	22.048849	0.1552201376111276	0.0924052938524816	-0.064660771	-0.0163396174	0.0283537147	-0.0355460071	-0.0045030819	0.0637968568	0.0788328025	-0.0439355404	0.0670285531	-0.0515745612	0.0054308095	-0.0941235626	0.0953565264	0.0183094987	-0.0050767146	-0.0022361181	-0.0236853478	0.0958158814	0.0518594004	0.1391425183	-0.0898377735	-0.1232405283	0.0925202288	0.0381627481	-0.0547675907	-0.0106846107	0.1150825429	0.004824541	-0.0217595251	0.0298794378	0.0438616031	0.1127144863	-0.0888772285	-0.1723138626	0.0583253043	0.0865830959	0.0547779732	0.0570358452	-0.0204804761	0.1713415496	-0.0369547499	0.0463635061	0.0471369645	-0.124598675	-0.1168296483	-0.0373400253	-0.0964953678	-0.0269017266	-0.0048854142	-0.0468484859	-0.0089084205	0.0399423454	-0.0778144149	-0.1177230973	-0.0441682432	0.1041958322	0.1017919681	0.0296052007	0.0062983233	0.1830400786	0.0882196897	-0.0330149044	0.0030220721	-0.0001560024	-0.0538125309	0.0518130739	-0.0243455047	0.1365706742	-0.042921305	-0.0462238865	0.1205241949	0.0186396052	-0.0655136358	-0.120456796	-0.0269997531	-0.0974442454	-0.0534337071	0.1023735707	-0.0305782228	-0.0656994376	0.1782835654	0.0489214746	-0.0238175829	-0.0269898759	-0.0907309169	0.082435384	0.0872778127	0.0209126329	0.1724588458	-0.0713783601	0.0231317035	-0.0778681587	0.0023283923	-0.1043831012	-0.0585474211	0.0572265313	-0.1013174024	0.0947036986	-0.0455659837	0.0404440631	0.0207810206	0.0606742037	-0.0506573027	-0.0876399507	-0.1346510963	0.0933596383	-0.0151740128	-0.1255324169	0.0446835199	0.1150284477	-0.0575297819186175	-0.0043500394529302	1.8922843242050123e-05	0.0033096758076036	0.7055747017914769	0.0289234640009681	0.0008365667698152	0.4978356598081315	-0.7304044110302925	0.0814792302748941	0.5334906036525086	0.0066388649661892	0.0138986238195503	-0.000149218590526	0.0001931717440773	2.2266187758566337e-08	-0.0042470926896314	0.0005679382874823	1.803779631432048e-05	3.225538983883284e-07	0.0033291961853474	9.219119963840014e-05	1.108354724053168e-05	8.499217290767351e-09	0.0	0.0	0.0	0.0
928.2898762535788	1.1684956022855886	861722.0943548846	1.3653819725607603	1119.67796724979	7.663463414272428	1253678.750344622	58.72867150189202	879.5412059742016	-0.2797327509729257	0.0782504119668808	773592.7330065529	901.7953069297696	730.8110321068325	0.948762	22.227865	0.2461343867026208	0.1691009813432716	-0.1011399603	0.0164350091	-0.0134704539	-0.150505174	-0.0485943204	0.0873583449	-0.0475206971	-0.0769262266	-0.1133075386	0.0216846612	0.0359694803	0.0102098297	-0.1102996108	-0.0016947272	-0.1136533628	0.0078819745	-0.0315800777	-0.0500376604	-0.0875758174	0.1528698623	-0.057851899	-0.1461887477	-0.0132944883	0.1034146559	0.0960655198	0.0144334947	0.0139943392	-0.0742057635	-0.044747561	0.1074269337	-0.022063003	-0.0316559498	-0.0070050526	0.1581240666	-0.0289515462	-0.0133465505	0.1411517071	0.104623361	0.0682594726	-0.040482259	0.0088253833	-0.112136972	0.0053528965	0.1445461045	0.1536895352	-0.0025460645	-0.0691768945	0.0086448979	-0.0443628333	0.037909312	-0.0006181807	-0.0305858764	0.0677158719	0.004137183	-0.119790876	0.0772291576	0.0576855189	0.1794835598	0.0091351642	-0.0115707332	0.0265415482	-0.138860834	0.0527174148	0.0011156332	0.1389331194	0.0573204801	-0.0077199855	-0.0315551041	-0.0673914765	-0.0026285227	-0.0403692391	0.1463272102	-0.0205358145	-0.1164920005	-0.0349142406	0.0183355363	-0.0850683683	-0.0450641394	0.020095491	0.0747703681	-0.0854367523	-0.032056107	0.0184921779	-0.0750004635	-0.0299580722	0.1094030655	0.0687989367	0.1492461091	0.0121577782	-0.1168678863	-0.0578711269	-0.0467523544	-0.0554404236	-0.0720916507	-0.0351159762	0.0373297589	0.0949034155	0.1246554393	-0.0098885707	-0.0060921357	0.0129150254	-0.0648284599	0.0077904514	-0.0163946268	0.0707932037	-0.0018631679	-0.0185248178	-0.1237830955	0.0540487397	0.1082719048	-0.0767829991905983	-0.0192532172719808	0.0003706863753221	0.0058956289647034	0.6853538048681287	-0.0202208969233481	0.0004088846723846	0.469709837847221	-0.7156850451433456	0.0147193658869468	0.5122050838418327	0.0002166597321138	0.0107012469360001	-0.0031973768835502	0.0001145166859852	1.022321893546119e-05	-0.003617877026546	0.0006292156630853	1.3089034179209326e-05	3.959123506719993e-07	0.0033169705995761	-1.2225585771300212e-05	1.1002293958452233e-05	1.494649474514182e-10	0.0	0.0	0.0	0.0
927.8363001242078	-0.4535761293709583	860880.1998281791	0.2057313051351403	1110.1072572369442	-9.570710012845892	1232338.122570131	91.59849014998863	879.7744533441006	0.2332473698990043	0.0544043355648029	774003.0887569111	901.6934422130716	711.5866334692832	0.937522	21.964529	0.1722825768820469	0.099749874554899	-0.022824131	0.0267917496	-0.1203121091	-0.205747634	-0.0328210065	-0.0865305103	0.1043139004	-0.136234828	-0.0389910365	0.0512933615	-0.0214060254	0.0996898787	-0.0254715829	-0.1182067858	-0.1148972106	0.0640995826	-0.0041048809	-0.0196105714	-0.0681387538	0.0317434618	0.0117985202	-0.2046130674	-0.0505631326	-0.1480536108	0.0571837619	0.0641862395	-0.0950808833	0.1307305683	0.0878783459	0.0277562126	0.0206093588	-0.064369623	0.0129814448	-0.0836726793	0.0448980793	0.0492652885	-0.1567170902	0.1794230728	-0.0195741334	0.0820834213	-0.1262138322	-0.0820276073	0.145574742	-0.0302877287	0.2242796192	-0.0023422138	-0.0388364339	-0.0785918579	0.0336692922	0.0121159366	-0.0474211823	-0.0527360977	0.0620257531	0.0302539459	-0.1265118753	0.0151364271	0.1277974557	-0.0141220138	-0.203907297	-0.1118388428	-0.0726933752	0.0102544479	0.0022087108	-0.0865394832	-0.0326976007	-0.0132968427	0.0699207549	0.0015255445	-0.1230710548	-0.1558187384	-0.0151221276	0.0032834142	-0.2302367022	0.1049572868	0.0212094576	-0.0357762531	0.0704385905	0.0081623063	0.020563675	0.1372926747	-0.0843307396	-0.0081760632	0.0350608963	-0.083243453	0.077475235	0.1245124889	0.1348985766	0.102666073	-0.0889134931	-0.1495229502	-0.0388954366	0.0110047514	-0.0796868371	-0.0542602873	-0.0420964162	0.0774405267	0.1295836961	-0.0733275589	-0.0009144187	-0.1370184283	0.0048814482	-0.055147049	0.0490558559	-0.1040660711	-0.0212532447	0.195317835	-0.0218629269	-0.1216944932	0.063080731	0.1003291122	-0.0773185580671622	-0.0005355588765638	2.868233102663828e-07	0.0059781594215851	0.6615211661333831	-0.0238326387347456	0.0005679946690608	0.437610253242471	-0.6696171916644431	0.0460678534789025	0.4483871833725755	0.0021222471241536	0.0091184010919136	-0.0015828458440864	8.314523847301113e-05	2.505400966141904e-06	-0.0034708653023067	0.0001470117242392	1.204690594675658e-05	2.1612447063811957e-08	0.0030098976520652	-0.0003070729475108	9.059483875907605e-06	9.429379509303187e-08	0.0	0.0	0.0	0.0
929.517560817487	1.6812606932792278	864002.8958680907	2.8266375187657498	1107.980594171542	-2.1266630654022265	1227620.9970607231	4.522695793745995	880.7940121158139	1.019558771713264	1.0395000889774595	775798.0917790724	903.9901613165358	738.010814996731	1.013876	23.753384	0.2401967932751376	0.1206887254888493	-0.0765017745	0.0347258223	-0.0935094091	-0.1133944847	-0.0411406083	-0.0372735279	0.102797849	-0.2235829306	0.0187219883	-0.0296745054	0.040080381	0.0828996893	0.0081318249	-0.1836215309	-0.116612656	0.0446876023	0.0257212747	0.1432688298	-0.1254519888	0.047312591	-0.084162386	-0.2091750053	0.0487530486	-0.1588931131	0.0418217422	-0.1009883831	-0.0662231915	0.0027919911	-0.1153970447	-0.0174982969	-0.0769817926	-0.0957593179	-0.0179802365	0.113162962	-0.0409737732	-0.0101264251	-0.0601091394	0.1481186469	-0.0684708515	0.0132640545	-0.0230164383	-0.0426142796	-0.1002636429	-0.050854046	-0.0131414332	-0.0043492775	0.0495216919	-0.0568589266	0.1059547877	-0.1146123563	-0.0427594985	-0.0188197529	-0.0902110184	0.0255120635	-0.1996867792	0.1550803833	0.201502606	-0.0812451758	-0.1734248098	-0.0198904197	-0.0596787884	-0.0111830034	-0.0195473864	-0.0472280272	0.1576687302	0.0332843056	-0.0107842785	-0.0348634887	-0.0213546387	-0.0883213647	-0.109636453	0.0227808544	-0.0540842814	0.0180757913	0.1648797841	0.1269618065	-0.023564266	-0.0299440983	-0.0570012069	-0.1123872629	0.0106129042	0.0452210288	0.0406264009	-0.0850009514	0.0265613038	0.135619787	0.2121399352	0.0635808436	0.0754434422	-0.1402007824	0.051619071	0.1050620014	-0.0002152921	-0.0340521744	-0.142517684	-0.1490686222	0.1508082609	-0.1465846476	-0.1193169235	-0.0996248323	-0.0381167913	0.128839596	-0.1201218883	-0.0529541107	-0.0943835134	-0.1765202101	-0.0251860523	-0.1192723348	0.0717238087	0.0912870929	-0.0519842301204818	0.0253343279466804	0.0006418281725099	0.0027023601812192	0.7567334594328372	0.0952122932994541	0.0090653807953412	0.5726455286251895	-0.7226285605750462	-0.053011368910603	0.5221920365587632	0.002810205233776	0.0097444047982355	0.0006260037063219	9.495342487187504e-05	3.918806403287559e-07	-0.0033968541199436	7.401118236310001e-05	1.153861791217781e-05	5.4776551147840464e-09	0.0036426588257482	0.0006327611736829	1.3268963320801254e-05	4.003867029206874e-07	0.0	0.0	0.0	0.0
927.1467280790756	-2.3708327384114227	859601.0553877354	5.620847873523406	1113.0474042803328	5.066810108790833	1238874.5241751866	25.67256467854497	880.294775167053	-0.4992369487608812	0.2492375310080747	774918.8911864124	903.6646554954012	737.4647142281561	1.037151	24.298666	0.1256043997182243	0.0651920411338016	-0.0966099421	0.0203712512	-0.0484888266	-0.1040951702	-0.0132512631	-0.0291565119	0.1259004666	0.0252779894	-0.1838402724	0.0557028392	-0.0065198369	-0.0469668742	0.057040522	-0.0454792308	0.0386778649	0.0276895551	-0.0337150073	-0.089672255	-0.0895194217	0.0430787932	0.0374985733	-0.0853272467	0.1051157151	0.0395259775	0.0552099126	-0.1056033955	-0.0546163215	0.0679961366	-0.062764843	0.0599645758	-0.0059193373	-0.0043666455	-0.0451468806	0.0343537959	0.0724307391	-0.065732504	0.1886724575	-0.0427007106	-0.0075776712	-0.0801279008	0.0308438306	-0.0130374839	0.196884177	0.1175463154	-0.1479025423	0.0624999711	-0.0669062805	0.0580822854	-0.1176608619	0.058069033	-0.0257438964	-0.071402888	0.1240681744	-0.0224845213	-0.0835064657	0.0369076779	0.1031237788	0.0465021473	-0.0169647724	0.0128532826	-0.023303276	0.0177050555	-0.1346385251	0.0386935859	0.0548424045	-0.1031550889	-0.0616787224	-0.0891009184	-0.0167920983	0.1460840975	-0.0378218662	0.128014528	0.1330315784	-0.0576377015	-0.0557473566	0.00900924	-0.0552529132	0.0902976174	0.0403008426	0.0409798439	0.0603354632	0.2090949591	0.0384307008	-0.0831362272	-0.0129719182	0.081409143	-0.0056745123	0.0987095455	-0.0549517358	-0.1117301146	-0.0334766774	-0.0555914432	0.0718711861	-0.047889404	-0.0878674534	-0.0905231714	0.1062780241	0.0852085112	-0.0178218301	0.0192001766	-0.0491521648	-0.0129783115	0.054566002	0.0455747334	-0.0470997418	-0.121434626	-0.0284919163	-0.1165232592	0.0799246852	0.0812449131	-0.044686286597539	0.0072979435229427	5.325997966406269e-05	0.0019968642098773	0.7190673346355823	-0.0376661247972549	0.0014187369572423	0.5170578317399205	-0.6913633690705296	0.0312651915045165	0.4779833080925534	0.000977512199814	0.010537118201279	0.0007927134030435	0.0001110308599877	6.283945393648066e-07	-0.003232077192957	0.0001647769269866	1.04463229812328e-05	2.7151435667147325e-08	0.0036126463579081	-3.0012467840099828e-05	1.305121370730666e-05	9.007482258530264e-10	0.0	0.0	0.0	0.0
926.198713865997	-0.9480142130786362	857844.0575670269	0.8987309481991058	1113.806274271457	0.7588699911241292	1240564.416606464	0.575883663428736	879.7270861503406	-0.5676890167123929	0.3222708196958835	773919.7461065688	901.8982476959472	723.4052327156066	0.827064	19.376703	0.0818224585635791	0.0388233402634334	-0.0796806469	0.0206218065	-0.0943004353	-0.0864288138	-0.0727497695	0.0473764517	0.0899170986	0.0045952178	-0.2204580581	0.0385340584	0.0136876145	-0.0282066832	-0.0399041388	0.0290580979	-0.0393708963	0.0561093231	-0.0237071298	-0.1192882262	-0.0398190752	0.008593822	0.0790366133	-0.1180150745	-0.0401983291	-0.0872577319	0.1342854294	-0.1047283107	0.0051957175	-0.0241226535	-0.136443525	0.1529295416	-0.0490609523	0.0102213906	-0.0316049685	0.0364193802	0.0927424176	-0.0784135671	0.0250866231	-0.1693989813	-0.1239402017	-0.0069793979	-0.185542192	0.053244034	-0.0160829192	0.0377899296	-0.1663856434	-0.1222014351	-0.0870183051	-0.0016986027	-0.0217150616	0.0855600223	-0.0390562005	-0.0458003389	0.1780587484	-0.0037421098	-0.0788195082	-0.0758668459	0.0483108754	0.0614021251	-0.0626174908	-0.0905471765	0.0146522468	-0.0543594581	-0.0348645255	0.03583031	0.1464597317	-0.0560876666	-0.1991813844	0.0327159248	0.0517648639	-0.0034546082	0.0257627291	0.0274080703	0.1187695273	-0.0502093806	-0.0384035221	-0.0096465251	0.0532833235	0.0429923166	-0.1324480826	-0.0443281096	0.1532957564	-0.0107059937	0.0521088141	-0.0967132009	-0.0056215577	0.0784056961	-0.0176086679	0.1153611192	-0.0565172039	-0.1220843488	-0.044875844	-0.0746398778	0.0553446557	-0.0356086938	-0.0083181995	-0.0375165802	0.1863222048	0.0442266322	0.0078843444	-0.088061184	-0.005410465	0.040190974	0.0360922459	-0.007298544	0.1136254033	-0.0380134805	-0.0317782535	-0.1134548014	0.0876327994	0.0703125971	-0.0503678882128468	-0.0056816016153077	3.228059691506819e-05	0.0025369241630218	0.7049451231593338	-0.0141222114762484	0.0001994368569798	0.4969476266661282	-0.7106638479244225	-0.0193004788538928	0.5050431047467467	0.0003725084839895	0.0098874234783572	-0.0006496947229217	9.77611430403692e-05	4.221032329924342e-07	-0.003392018410921	-0.0001599412179639	1.1505788900027026e-05	2.5581193203807745e-08	0.0036573737493849	4.472739147679981e-05	1.337638274268976e-05	2.0005395483189044e-09	0.0	0.0	0.0	0.0
926.2010390145876	0.0023251485906712	857848.3646717017	5.406315968700422e-06	1110.276449898693	-3.529824372763869	1232713.795199645	12.459660102557844	880.1211432711982	0.3940571208576102	0.1552810144985892	774613.226833001	902.8230503267218	726.0524307284619	0.8632389999999999	20.224213	0.134595134827221	0.0523025607504658	-0.0736644031	0.0424560321	-0.1117519568	-0.0703122448	-0.0674252226	-0.0123426125	0.0775499752	0.0464910552	-0.1107663221	0.1032645207	0.0887196813	0.0814538267	-0.2055790687	-0.0820755582	-0.1565247637	0.0561235266	0.0115342895	-0.1000810395	0.1638541416	-0.030476384	0.0150417057	-0.0175624988	-0.1513317669	-0.041088453	0.1193448993	-0.0230370408	-0.1077914264	-0.0451316681	-0.1024930446	0.0413488826	-0.0936510955	-0.0947177287	0.0050506369	0.1623992413	0.0246432641	0.0242955208	0.0951147903	-0.051172698	-0.0728324382	-0.0149825822	0.0565615165	0.0438630274	-0.0055628598	-0.025147276	0.1146940616	0.1144172751	0.0459864108	0.1193458554	-0.0388296508	-0.0217276632	-0.0485436987	-0.0731542693	0.0727528873	-0.1214385916	0.0283674189	-0.0272402015	-0.0579677094	0.009934099	-0.1007343608	-0.2448093911	-0.0266756747	-0.0088372107	0.0154969651	0.0008417436	0.1376624797	0.0252875457	0.0169441013	-0.0601926819	0.020406896	0.0697803708	-0.0766685278	0.1572659718	0.1037179782	0.1507123495	0.0408871499	0.1180016304	-0.0831771636	-0.0369388778	0.0166429863	-0.0764175516	-0.0667534395	0.0059891237	0.0649722996	-0.1126975852	-0.0051189013	0.0989216795	-0.0771448952	0.0400404987	-0.1641558201	-0.0135249229	-0.0361625024	0.0626302497	-0.010825483	0.0297382441	0.0152429295	0.0257972228	0.1602948309	0.016922706	-0.0214750557	-0.0279099851	-0.0542908171	-0.0710194021	0.1065135668	0.0968438667	0.0877322271	-0.1287649222	-0.0350428114	-0.1100753719	0.0948006283	0.0586099215	-0.0768997497340535	-0.0265318615212067	0.0007039396757804	0.00591357150916	0.6742948297690248	-0.030650293390309	0.000939440484912	0.4546735174532381	-0.7309707398156178	-0.0203068918911952	0.5343182224665916	0.0004123698582806	0.0094541043785288	-0.0004333190998284	8.938008960011742e-05	1.877654422760953e-07	-0.0031232201073616	0.0002687983035594	9.754503839027804e-06	7.225252799641137e-08	0.0040973781064873	0.0004400043571024	1.6788507347521456e-05	1.936038342690968e-07	0.0	0.0	0.0	0.0
925.2874586555888	-0.9135803589988428	856156.8811453179	0.8346290723484543	1105.828529714424	-4.447920184269151	1222856.7371303644	19.78399396562892	878.8829298976577	-1.238213373540475	1.5331723584144838	772435.2044654911	901.5498165644796	710.1369407489988	0.950719	22.27372	0.1289119917174696	0.0552399398840218	-0.0362202119	0.0299400346	-0.1268555583	0.0389349584	-0.0415815107	-0.0311212513	0.0941091911	0.0266218594	0.0831747013	-0.044245686	-0.0403377232	0.0101147074	-0.0374240809	-0.1021890916	0.0098959468	0.0832136415	-0.0791061856	0.0848913198	0.0905149656	-0.0512687	-0.0851980562	0.007120602	-0.0588082468	0.0109634155	-0.0146621304	0.0025242772	-0.0578454847	0.0154593322	0.0592907424	0.0077166008	-0.0266055742	-0.1743029851	0.0166603346	0.089086493	0.0087844902	0.0012194105	-0.0121868801	-0.0493519583	-0.0648052754	-0.0092021689	0.074987943	0.016382403	-0.0173860348	0.0030734545	0.0744348245	-0.0106810352	0.1127048562	0.0254521671	0.0306702967	-0.0892320018	-0.0790448222	0.0800946466	-0.0239877664	-0.033803948	0.0498380958	0.0839196182	0.0050040483	-0.0661017806	-0.0721202114	-0.0707411315	-0.022929478	0.0479397851	-0.008731123	0.0094708354	0.0946687069	0.076735266	0.0387713148	-0.11236965	-0.0368710432	-0.0291344012	-0.069504224	0.0178061894	-0.0099168534	0.1193253714	0.0781706973	-0.0331741089	0.0266700351	0.0526373992	-0.0635285966	-0.0066500197	0.012504215	-0.031156243	0.0593248496	-0.0919609024	0.0078374993	0.042946722	0.0276255195	-0.0653102318	-0.0180893395	0.0151540373	0.0785584723	0.0497929278	0.011588797	-0.087846987	-0.0477716229	0.0796977089	-0.016252211	-0.0550830745	-0.0359217378	-0.0464970408	-0.0347768754	0.0931260861	0.0498488389	-0.0689567227	0.0358200758	-0.0692326621	-0.0382833527	-0.1063942335	0.1013839798	0.0462651033	-0.0577858893535534	0.0191138603805001	0.0003653396586452	0.0033392090083811	0.7106783906475727	0.0363835608785478	0.001323763502203	0.5050637749334239	-0.7100514253362462	0.0209193144793715	0.5041730266220348	0.0004376177182868	0.0101115131421188	0.00065740876359	0.0001022426980232	4.321862824449328e-07	-0.0031067791856698	1.6440921691800083e-05	9.652076908511105e-06	2.7030390607590246e-10	0.0037213226721881	-0.0003760554342992	1.384824243054118e-05	1.414176896659603e-07	0.0	0.0	0.0	0.0
927.9635437598986	2.6760851043097773	861116.3385474292	7.161431485508672	1113.3582782923618	7.52974857793788	1239566.6558421322	56.69711364695753	879.7170017563816	0.8340718587238598	0.6956758655150743	773902.0031792375	901.5025084977716	727.8200299034821	0.918801	21.525936	0.1065265082369579	0.0589332151732424	-0.0655375881	0.059064498	-0.0752131766	0.0448501104	-0.0735952208	0.0388359027	-0.0220511563	0.0595542846	0.0057777552	-0.143516405	0.0481426555	-0.0656569415	0.0019102162	-0.1296983136	-0.091724771	0.0761754826	-0.0664674327	0.1451276347	-0.0554956069	-0.007193543	-0.0396181305	-0.1180004653	-0.0230592119	0.0109061812	0.0089075382	-0.0503224905	0.0637075777	0.0271048123	-0.0448081575	-0.0395814476	0.0066760556	-0.0788127131	-0.0002546298	-0.0327729496	-0.0396951299	0.1038178181	0.1628187053	-0.1344296089	0.0550414968	0.0036278142	0.0452174184	-0.1261741172	0.1082662914	0.1492511054	0.0263722105	0.0105778296	-0.0004400257	0.0467437329	0.1350976086	-0.0543899726	-0.0815995045	0.1110898011	-0.0714046524	0.0534753819	-0.0397585093	0.0385458494	0.0107827307	0.0033946104	-0.0994757891	0.0375743314	0.1014853225	-0.0165942947	-0.0238009176	-0.0370360102	-0.0518346824	0.039731701	0.0115710433	0.0399943461	-0.1098448208	0.0146643412	-0.0500089545	-0.0264109246	0.0831855394	-0.0442957515	-0.0521706019	0.1674035812	-0.200867291	0.1648881243	-0.0374286536	0.0581350772	-0.0938922028	0.0856807912	0.0648019599	-0.0655710032	0.0053629067	0.0559228699	0.1100666566	-0.0392912114	0.0729343972	-0.0236621369	0.029939012	0.0149860979	0.0801895815	-0.0598787899	-0.0759830697	0.013673704	-0.0269289726	0.1013373951	3.86565e-05	0.0835748609	-0.062912763	-0.0931816857	-0.0919272222	0.0980063787	-0.0291002553	-0.0242695396	-0.0414976565	-0.1024214758	0.1073422654	0.033413395	-0.0773616683807603	-0.0195757790272069	0.000383211124522	0.0059848277346547	0.7573636779128776	0.0466852872653049	0.002179516047044	0.573599740621721	-0.6817390326874602	0.028312392648786	0.4647681086896338	0.000801591577499	0.0100172688545091	-9.424428760970022e-05	0.0001003456753035	8.881985747059893e-09	-0.0030508991780675	5.588000760229977e-05	9.307985794732947e-06	3.12257524963308e-09	0.0036323859814869	-8.893669070119976e-05	1.319422791850255e-05	7.909734952880872e-09	0.0	0.0	0.0	0.0
929.3349703798376	1.3714266199390297	863663.4871708937	1.8808109738773915	1114.0010521434178	0.642773851056063	1240998.344176642	0.4131582236014418	880.8823186741644	1.165316917782775	1.3579635188707466	775953.659352772	904.0401942436532	735.7775898722783	0.949092	22.235596	0.0273474825555253	0.0169025178358918	-0.0548043876	0.0513304456	-0.0344193049	-0.1341578103	-0.0412767152	-0.0285964282	0.0375019725	-0.1395120954	0.0753517664	0.0402211771	-0.0930987583	-0.0130834905	-0.0998284322	-0.0130066677	-0.0362448907	0.0670275665	0.0804019845	-0.0117938116	0.00688867	0.0780355842	-0.0991185517	-0.1550490384	0.0837317024	-0.0254502408	0.0996422754	0.081298299	-0.1317947725	-0.0230272032	-0.0231657908	-0.019846855	0.0982383972	-0.0622895651	-0.0155556266	0.0155089413	0.1231864655	-0.0236441996	-0.0266910306	-0.0051709238	0.0968278818	0.0196092879	0.0393174096	0.0322906584	-0.0129122474	0.0886303389	0.095079582	0.0991496523	-0.0837917664	-0.0382925608	-0.0118232352	-0.0305067228	-0.0707985401	-0.0775878996	-0.020377764	-0.0264553728	-0.0331755018	0.1117570529	0.1276670551	0.1472487226	0.0500933478	-0.0368381553	-0.0970378639	-0.1104876355	-0.1015384876	-0.1594694715	0.0218546177	-0.0029210947	0.0804778753	0.0688881529	-0.0260884161	-0.1005624589	0.0907926942	-0.031734419	0.1603509089	-0.0155237358	-0.0111853754	-0.0042197034	0.0713410579	-0.0672204454	0.0290358637	-0.0405320335	-0.0179680102	-0.060534688	0.0686583261	-0.0484571127	0.0348360753	0.0540291131	0.0903391959	0.0769655691	0.0457638388	-0.1531568217	-0.068953506	-0.0228022703	-0.0818417515	-0.0344240782	-0.0427946252	0.1158194799	0.0434190877	-0.0775583457	0.0304381344	-0.0437975367	0.0706938216	-0.027281471	0.0138013754	-0.0503902832	-0.045880265	0.1223184868	-0.0446835199	-0.098167988	0.1126387502	0.0201956026	-0.0773008717150958	6.079666566451147e-05	3.696234555922388e-09	0.0059754247679136	0.7595046574686677	0.00214097955579	4.583793458311036e-06	0.5768473247165983	-0.6663987894183094	0.0153402432691507	0.4440873465381883	0.0002353230635567	0.0100422104945505	2.4941640041400637e-05	0.0001008459916168	6.220854079547993e-10	-0.003111411682181	-6.0512504113500055e-05	9.6808826560124e-06	3.661763154086361e-09	0.0035217308643434	-0.0001106551171435	1.2402588280868911e-05	1.2244554950041722e-08	0.0	0.0	0.0	0.0
927.5255571301716	-1.8094132496660225	860303.6591296352	3.273976308066955	1113.1981896373711	-0.802862506046722	1239210.2094119205	0.6445882036156227	879.5587679125887	-1.3235507615756887	1.7517866184675857	773623.6262119111	902.3338306083537	723.9279149152019	0.905564	21.21582	0.180659643865533	0.0872544730694467	-0.0363434637	0.0494779707	-0.0742606161	-0.0388883486	-0.0841079907	-0.09262979	0.0719516139	-0.0399405969	-0.174844043	0.0049977906	-0.1013470929	0.0347962489	-0.0342853378	-0.0349154061	-0.0399665397	0.0972679441	-0.0202556567	-0.1419976891	-0.0671938607	0.0313286186	0.0431825032	-0.0631887363	0.1387824872	-0.0962204557	0.0202111062	-0.1120756959	0.0594336941	0.1299176159	0.0728478719	0.1855507573	0.0587555631	-0.016690883	-0.0384605195	0.0328378937	0.0768128544	0.0461235308	-0.1675775355	-0.0272436445	-0.0891041948	0.0140357671	-0.1618265353	-0.0120495859	0.0317756632	-0.0092604598	0.0799268317	0.0553552182	-0.0322226494	0.0854319151	-0.1024787513	-0.1611961543	-0.0843524885	-0.0568040038	0.1603832456	0.0188363973	-0.0807157619	-0.0274044912	0.1264415564	-0.0706649815	0.0049802147	0.0549719691	-0.0446931575	0.0101690865	-0.1550456968	0.048343965	0.0263873032	0.0364800158	-0.1089800144	-0.0711441921	-0.0180946792	-0.0281996289	0.0772563963	0.0302967848	-0.0075510322	0.029216083	0.1040525038	-0.059380436	0.1312929216	0.0423290789	-0.0332425763	-0.02132556	-0.0405560553	-0.0283589962	0.0798923905	-0.0688733952	0.0803714012	-0.025736801	-0.0521507149	0.0213874554	-0.0828512475	-0.097829822	-0.0486355229	-0.0622834347	0.103936373	-0.0560249691	-0.1880918133	0.0424989909	0.0166506592	0.0416509363	0.0436761422	-0.0817932614	0.0082994513	0.0873058839	-0.0503322676	0.0016869351	-0.0259416936	-0.0063549795	-0.0478387595	-0.0936454286	0.1172407796	0.0067565429	-0.0692335307403055	0.0080673409747902	6.508199040353045e-05	0.0047932817787688	0.6940999748570675	-0.0654046826116001	0.0042777725075241	0.4817747750965818	-0.619074427050947	0.0473243623673624	0.3832531462284582	0.0022395952734774	0.0096638832467258	-0.0003783272478247	9.339063940634758e-05	1.431315064466129e-07	-0.0026537989323811	0.0004576127497999	7.042648773507066e-06	2.0940942877942602e-07	0.0031604057037324	-0.000361325160611	9.988164212184286e-06	1.305558716905651e-07	0.0	0.0	0.0	0.0
928.6291395558624	1.1035824256907745	862352.0788322613	1.2178941702935338	1118.7205943883023	5.522404750931173	1251535.7683085164	30.496954233107196	880.1038934393243	0.5451255267356601	0.2971618398988308	774582.8632470575	902.807063221106	733.6118634248804	0.875086	20.501764	0.099211841867104	0.045789083567691	-0.0327807903	0.0700573304	-0.0677111111	-0.0181228114	-0.1086878753	-0.0612580704	-0.0816274911	-0.0673432162	-0.0682181802	-0.0011843798	-0.111597687	0.0788620313	-0.1164405322	0.0335740186	-0.0482570235	0.0681569873	0.0193736246	-0.0136532143	0.0378305261	-0.0885561285	0.0774057355	0.0598459964	-0.0164614941	0.0539041491	0.0356087762	0.0147770071	0.0071799269	-0.0030189986	0.0067918031	0.0466251875	-0.0028432709	0.126174832	0.0312001875	0.0485186894	0.0554557147	0.0374331866	-0.0615167969	-0.0608631035	-0.1256650288	0.0332178212	-0.0232159631	0.0326014956	0.0470180799	0.1172293104	-0.0246299762	-0.0430733646	0.1050527007	-0.1552936933	0.0966705438	0.2118586311	-0.0683669419	-0.0110645541	0.0096162186	0.0285079531	0.0335500409	-0.0859309509	0.0191626918	0.0216039444	0.064084524	-0.0543371077	0.0161610491	-0.0143599966	-0.0645591868	0.1288798898	0.0298245569	-0.0068290623	-0.0969454103	-0.0151198079	0.0888989292	0.0806453107	0.0604259632	0.0278462812	-0.0669857658	0.0572762537	0.1254564969	-0.0283541659	0.0910238617	0.1270031681	-0.000800369	0.077512463	-0.0400498908	0.0303941136	0.088229346	-0.0692477132	0.0704752352	-0.0451165052	-0.050310877	-0.0756006588	-0.0878422209	0.0377167535	-0.0059115328	0.0482334854	-0.0165230261	-0.046254706	-0.0606569298	0.1051278641	0.0425846838	-0.0161459266	0.1506745235	-0.0262637532	0.0376707668	0.0148876685	0.0541439973	0.0751056552	0.0401289525	-0.0438862664	-0.0509612127	-0.0888661936	0.1211199807	-0.0067565429	-0.0650233231638708	0.0042102075764346	1.772584783666814e-05	0.0042280325552731	0.6619948795507042	-0.0321050953063632	0.0010307371446306	0.4382372205513514	-0.640542924018078	-0.021468496967131	0.4102952375096292	0.0004608963620277	0.0091433445550508	-0.0005205386916749	8.36007496523771e-05	2.7096052953072014e-07	-0.0029601152450648	-0.0003063163126837	8.762282264065042e-06	9.382968341613837e-08	0.0031621115397172	1.7058359848003309e-06	9.998949389612685e-06	2.9098764070397146e-12	0.0	0.0	0.0	0.0
925.6838543397124	-2.945285216149955	856890.5981852259	8.674705004471488	1109.223255549636	-9.497338838666336	1230376.230652133	90.19944501644004	879.9600831866701	-0.1438102526542479	0.0206813887684786	774329.7480018913	901.7301783777642	714.9880932649952	0.8499689999999999	19.913315	0.1677214169801011	0.0816604450270212	-0.0234973195	0.0695492494	-0.0795453938	0.0669880579	-0.093848258	-0.0652443456	0.0151750849	0.1377119236	0.1055800681	-0.0477529884	-0.0970923569	0.0447796895	-0.0233305552	0.0349416264	-0.0980922962	0.0962633782	-0.0092831316	0.0296611864	0.0900192077	-0.1133290573	-0.0719285509	0.0712630464	0.0346900303	0.1008733479	-0.0525412415	0.0287007521	0.0721606714	0.0499064914	-0.0358757287	-0.0538986498	0.0044413647	0.0355504777	0.0138902765	-0.0472112669	-0.0860557908	0.0368921099	-0.0889824773	-0.0624554221	-0.0347739745	-0.0838785474	-0.0349937139	-0.093472712	0.0665998724	0.0244373595	0.0296563351	-0.0420681092	0.0299632095	0.0277057597	-0.1274326912	-0.2262831178	-0.091262509	0.0563996389	-0.0331848059	-0.0099523599	0.195415313	0.0121000736	-0.0020395136	-0.0373281275	0.0620789825	0.0130884886	0.0671385513	0.0315981587	0.0163501173	0.0935914484	-0.0747631211	0.0282552088	-0.0273911389	0.0430453978	-0.0603426483	-0.0387519224	-0.0447414872	-0.0256857976	-0.0421119873	0.0802765186	0.0367764251	0.0776088491	0.0488354404	0.077919873	-0.0255869301	0.0706631859	-0.0395825792	-0.0869413765	0.0819276944	-0.0445696924	0.0732019887	-0.0794390953	-0.030097738	-0.1280223676	0.0037924559	0.02909019	0.0500690773	0.0699361398	0.0397991337	-0.0395202551	-0.1128900727	0.0909425603	-0.0566978884	-0.0200533787	0.0367418405	0.0179257152	-0.029854906	0.0442768988	0.0564336395	0.0233700246	-0.1136511969	-0.060435711	-0.0540487397	-0.0838433825	0.1242524367	-0.0201956026	-0.0569003586192593	0.0081229645446114	6.598255299301548e-05	0.0032376508110003	0.7220041842133469	0.0600093046626426	0.0036011166460938	0.5212900420215806	-0.608297859136826	0.032245064881252	0.3700262854304458	0.0010397442091961	0.0102029471895263	0.0010596026344754	0.0001041001313522	1.1227577429874194e-06	-0.0026729509109448	0.00028716433412	7.144666572320636e-06	8.246335479058314e-08	0.0031622262289536	1.1468923640000143e-07	9.999674723082107e-06	1.315362094601541e-14	0.0	0.0	0.0	0.0
925.258335609689	-0.4255187300234411	856102.9876152119	0.1810661896007621	1115.66941027775	6.446154728114152	1244718.233029503	41.55291077878844	878.4479267944783	-1.5121563921917414	2.286616954446344	771670.7600895172	901.3858967426931	723.7344845847849	0.881255	20.646294	0.109175503105524	0.0625433472585216	-0.0109156451	0.0656415909	-0.0579913837	0.0908262562	-0.1060161154	0.0084006681	0.0926607199	-0.035960087	0.0891819837	-0.1159400631	-0.1465860286	-0.0134340198	0.0470038726	0.1288571507	0.0210114615	0.1157459971	-0.0838730357	0.0718832133	-0.0132597155	-0.0767809197	-0.028890265	0.0165157364	0.043557627	0.0058330299	-0.0202838789	0.0984531639	0.0308979993	-0.0670132963	0.0449234352	0.1036289477	0.1407419913	0.1377768313	0.0307988599	-0.128838529	-0.0753311943	-0.0614509711	-0.1222552446	-0.0435611228	0.0446525484	0.1297927422	0.0610334045	-0.1242208192	-0.1080361387	-0.0739796845	0.0227941784	-0.0985939151	0.0762591196	-0.0149316964	-0.0351588118	0.0113746117	-0.1033831944	0.1150958459	-0.0073622666	0.0436505159	0.0707038722	0.040244745	0.0391387805	-0.0066903979	0.0474077429	-0.0173859029	-0.0343488937	0.0236405674	0.0233938393	0.0960083023	-0.1139225373	-0.0163888793	-0.0612722302	0.0649641515	-0.0748953286	-0.0730568808	0.1882182766	-0.1616018894	-0.0684377029	-0.1501199236	0.0879791088	-0.0295345616	-0.0423683519	-0.1301654024	-0.0059183363	0.107839052	0.0130221222	-0.0708891549	0.0898767846	-0.0361183376	0.0772934785	-0.0819507055	0.0836886014	-0.0977136658	0.101631482	0.0050708164	0.0403812563	0.007628055	0.0139152603	-0.1032450714	-0.0400223563	0.099930443	-0.0558403774	-0.0449928488	0.1457529833	0.0117612225	0.0004220522	-0.0577632789	-0.0271084116	0.1107640553	-0.033714464	0.0114010963	-0.0570992244	-0.0785907625	0.1266188352	-0.033413395	-0.0624887899209909	-0.0055884313017315	3.12305644141735e-05	0.0039048488657897	0.7334340228011911	0.0114298385878441	0.0001306412101441	0.537925465802338	-0.5876519303979677	0.0206459287388582	0.3453347913004578	0.00042625437349	0.0092070728101735	-0.0009958743793528	8.477018973183615e-05	9.917657794513244e-07	-0.0029583290819161	-0.0002853781709713	8.751710956910556e-06	8.144070046692468e-08	0.0033111997681713	0.0001489735392176	1.096404390473767e-05	2.2193115387047522e-08	0.0	0.0	0.0	0.0
926.8400898407908	1.5817542311018542	859032.5521360852	2.501946447608618	1109.7077676648291	-5.9616426129209685	1231451.3296156584	35.54118264419515	879.7891897795402	1.3412629850618032	1.798986395096899	774029.0184529397	902.272909376808	721.783825462435	0.818019	19.164776	0.0571095308045837	0.0291283174318684	-0.0114754309	0.0915345094	-0.0720052276	0.0600231266	-0.1133903332	-0.0103303361	0.0230004612	-0.0550369032	0.0483491155	-0.1347303576	-0.0701995823	0.0568857909	0.0633988223	-0.0794156452	-0.0484223221	0.144310117	-0.0277375805	0.1431347691	-0.0458351209	-0.0457235625	-0.0055228443	0.0244794899	0.0484392392	-0.0367557594	-0.0315550994	-0.0979535931	0.0045607803	0.0483719969	0.1371889761	-0.0716062187	0.0701037351	-0.0536800043	0.0472496589	-0.0520808232	-0.0990009831	-0.031126644	0.0197939118	-0.0398549959	0.055586329	-0.0185850108	0.0225711202	-0.171694498	-0.0081906116	-0.0564236571	-0.0411157977	-0.0202775787	-0.0365400373	-0.0404216708	-0.1063972542	-0.0874959065	-0.1330197874	0.1039913204	-0.0911462524	0.0920703872	-0.0017267641	0.047513584	0.0539275119	-0.0753231501	0.0157087968	0.0356465443	-0.0369636231	-0.0028079324	-0.0625301829	0.0220418493	-0.019922664	-0.0007984001	0.0847962789	-0.1021542484	-0.0212920877	0.0203816031	-0.0135605656	-0.1439054324	0.0085562917	-0.0503806221	-0.0026776404	0.0383950812	-0.0262721389	0.0871351911	-0.0036677226	0.1017099882	-0.0007598763	-0.0982872708	0.1072815537	-0.0320094993	0.0738749627	-0.0809464469	0.0905398586	-0.1044738625	0.0887795899	0.0008713079	0.076689742	0.0856484049	0.0185720574	-0.0827813448	-0.1190850862	0.0732341426	-0.0640555014	-0.1100119374	-0.0421401482	0.0048726524	0.0427221906	0.0523760354	-0.0755641225	0.0491848061	-0.0941229783	-0.0092617895	-0.0601105761	-0.0731227308	0.1282045865	-0.0462651033	-0.047745666343502	0.0147431235774889	0.0002173596928211	0.002279648654585	0.7471361766532709	0.0137021538520798	0.000187749020186	0.5582124664640676	-0.6066705073616276	-0.0190185769636599	0.3680491045024147	0.0003617062697226	0.009381547028267	0.0001744742180935	8.801342464358539e-05	3.0441252779338447e-08	-0.0029581285805837	2.00501332400186e-07	8.750524699266136e-06	4.020078429424988e-14	0.0032929609593701	-1.8238808801199907e-05	1.084359187993565e-05	3.3265414648672717e-10	0.0	0.0	0.0	0.0
927.821386784192	0.981296943401162	860852.5257741412	0.9629436911284632	1118.5496503883433	8.841882723514118	1251153.320383885	78.17889009637743	880.5790763659355	0.7898865863953688	0.6239208193673285	775419.5097334841	903.129768985348	726.5003864639376	1.003028	23.499226	0.2541407248602597	0.131562821182986	7.26235e-05	0.0885213822	0.0401538491	0.0289993021	-0.078272455	0.0595662417	-0.0395952698	-0.0662579014	-0.0471380157	-0.0464238279	-0.1153189221	-0.1394504184	0.1391169017	0.1167688062	-0.0942837886	0.0974932148	0.0365114365	0.039306001	-0.049788157	0.0383661868	-0.0034509513	-0.0333448194	0.1137567682	0.1414250107	0.035824875	0.0265795186	0.1122586984	0.1930765961	-0.0224487952	0.0384010071	0.0178076872	0.2125845964	0.0493955457	-0.0308767361	-0.1169979424	0.0166976615	-0.0056594727	-0.0190706862	-0.1220470916	0.0095953372	0.0001914835	0.0074464463	-0.2060171087	-0.1159811112	-0.1295046355	-0.0273307683	-0.1789510875	-0.0634447019	-0.0022719252	0.043948032	-0.0917706909	0.0116284359	-0.0292795392	0.0541364391	-0.0474591686	0.0122977646	0.1461023434	0.0119705439	0.1171970863	0.0421817593	0.1510750765	0.0104045827	-0.0684702951	0.0791349772	-0.1885210463	0.0115513608	-0.1698631858	0.0483833971	0.0501365818	0.0715724917	-0.0756158041	-0.0196061657	-0.1413593146	-0.0505502744	0.0204584765	-0.0374317147	-0.0083767293	-0.0549818701	0.0029981962	-0.0761003312	0.126930623	-0.0807654481	0.0850755796	0.0281419969	0.0387761103	-0.1069010519	0.0058818943	-0.0902512809	0.1392478305	0.0684933115	0.0150590544	-0.0954009861	0.0199793382	-0.0685818082	-0.0749178627	-0.0139745506	-0.0823407468	0.1958785587	0.2126348921	0.007849904	-0.0274692234	-0.0815746017	-0.0355767732	0.0380430599	0.0302961775	-0.0066620886	-0.063080731	-0.0674542747	0.1289999139	-0.0586099215	-0.0382443032845998	0.0095013630589021	9.027589997707126e-05	0.0014626267337244	0.7060897290451038	-0.0410464476081671	0.00168481086125	0.4985627054629881	-0.6580686461900029	-0.0513981388283752	0.4330543430983433	0.0026417686750209	0.0111803668254966	0.0017988197972296	0.0001250006023526	3.23575266290514e-06	-0.0023547617984003	0.0006033667821834	5.544903127205414e-06	3.6405147384235074e-07	0.0026512520314868	-0.0006417089278833	7.029137334462884e-06	4.117903481251345e-07	0.0	0.0	0.0	0.0
926.3080163610292	-1.513370423162769	858046.5411747048	2.2902900377038584	1116.7064958376304	-1.8431545507128249	1247033.3978459598	3.397218697813395	881.3049763326679	0.7258999667324133	0.5269307617021187	776698.4613087244	903.3770915434344	720.5240717329131	1.07873	25.272795	0.0653986379611997	0.0324029584130131	0.0213096636	0.0942229561	0.0496903616	0.0173946401	-0.0891918942	0.0097490754	-0.0502311388	0.1237318504	0.0767380445	0.1517612644	-0.2093632298	-0.0338059477	0.0211707025	0.1263668023	0.0710980216	0.0929490884	0.1265652038	-0.0254828667	0.1491357132	-0.124648427	0.0549669142	0.0915954421	-0.0003290802	-0.0359223025	-0.0528902714	-0.0107513817	-0.0065706338	-0.0860557939	-0.0377071008	-0.0986185339	-0.113790791	0.0103955297	0.0987210804	-0.0178229194	-0.0724484684	-0.0095439189	-0.0777929717	-0.0069490839	-0.13302196	-0.0019539144	-0.0570078941	-0.040785207	0.0017406364	0.0972899066	-0.2525007773	-0.0979292285	-0.0107178084	-0.0370516797	0.0408165934	0.0394867151	-0.0953686202	-0.0607857812	-0.0443401894	-0.0636081195	0.2075592183	-0.1555271551	-0.0110451603	-0.0640911623	0.075326392	-0.0300460001	0.0201645166	0.0398322937	0.1104086314	0.0726511174	0.1432685556	-0.0538553449	-0.116509814	0.0974649561	0.0680296916	0.0200628152	-0.1109965418	-0.1371554156	-0.045204934	0.0462903601	-0.0063992879	0.0301161623	0.0849395584	0.0797988959	-0.0171294854	0.0904677156	-0.0041998154	0.048475222	0.097467857	0.0471723786	0.0070715275	-0.1153578606	-0.154378464	-0.1093615605	-0.0451146099	0.0975848344	-0.0436064871	-0.0125163155	-0.1028158465	0.1532053619	-0.0203648341	0.083694733	0.0857915962	0.0053437245	0.0859833106	0.0416770029	0.0421039516	0.0055024516	0.124448463	0.1002604784	-0.0747597116	0.0012274386	-0.0660076536	-0.0616009311	0.1289999139	-0.0703125971	-0.0585366964012763	-0.0202923931166765	0.0004117812184017	0.0034265448255751	0.705216215614513	-0.0008735134305908	7.630257134225664e-07	0.4973299107656552	-0.6743914258946404	-0.0163227797046374	0.4548037953202062	0.0002664331372861	0.0114761772068263	0.0002958103813296	0.0001317026432824	8.750378170242208e-08	-0.0021480435205354	0.0002067182778648	4.614090966114116e-06	4.273244640342991e-08	0.0027069224064781	5.5670374991300016e-05	7.327428914693188e-06	3.099190651671962e-09	0.0	0.0	0.0	0.0
924.2699865030088	-2.0380298580204226	854275.0079502721	4.153565702182744	1106.5099447375146	-10.196551100115812	1224364.2578030175	103.96965433727296	880.138677911444	-1.166298421223928	1.360252007349427	774644.0923557045	902.6352095118722	717.6675806852937	1.01558	23.793295	0.228377954522528	0.106444555965768	0.002995881	0.0978296167	0.0335980117	0.1345194225	-0.1099924316	-0.0448482392	0.0123645374	0.2133033275	0.068223356	-0.0811582771	0.0436288813	-0.0041795612	-0.0024676048	0.1180313848	0.0342231124	0.0920153645	-0.0144995109	0.0191186039	0.0078646016	-0.0242530763	-0.0003737433	0.0936318012	0.0300482563	0.1347340517	-0.2023372967	-0.1245519564	-0.020438293	0.0363228217	-0.0749149753	-0.1091701673	-0.0044668923	-0.0643640641	-0.0893653131	0.085760289	-0.0683605558	0.0773056211	-0.0221677898	0.1027121205	-0.0126729393	0.0264818745	0.0006238905	-0.0610441831	-0.0712403396	0.0488081976	-0.0276528246	-0.1015249102	-0.0266434665	-0.0186520973	0.1415315897	0.0709405795	-0.1034353597	0.0439325999	-0.0245112002	-0.006914177	0.115679665	-0.0109296149	-0.0820410208	-0.0749876445	0.0908806891	0.157653848	0.0989224836	0.0956031705	-0.0011055926	0.0470377376	0.0821183263	-0.0178960766	0.1123312436	0.042122644	-0.106798984	-0.0469697058	-0.1664742918	0.0905171914	-0.0728685023	-0.0263760739	0.0516860796	0.0557644453	0.0147350012	-0.0114234955	-0.090010093	0.0513055707	-0.0053030411	0.0914481406	0.0962659783	0.0365713302	-0.0389876639	-0.1212410122	-0.1294983682	-0.1053710984	0.0820325025	0.0939507074	0.0557571037	-0.0457498454	0.0596203098	0.0676928013	-0.0144409859	0.0026727831	-0.0866781053	-0.0035099069	0.0347074079	-0.0374311544	-0.0943043906	0.1735267221	0.0940797389	-0.1208556288	0.0072155464	-0.0520298863	-0.0688893378	-0.0555787436	0.1282045865	-0.0812449131	-0.0221330646705695	0.0364036317307068	0.0013252244031849	0.0004898725517116	0.75369477344627	0.048478557831757	0.002350170569447	0.5680558115202242	-0.7136723814152646	-0.0392809555206241	0.5093282679949349	0.0015429934666132	0.0128094584233734	0.0013332812165471	0.0001640822251001	1.7776388023973153e-06	-0.0021032310360959	4.481248443950021e-05	4.423580791197032e-06	2.008158761640448e-09	0.0034131248942803	0.0007062024878022	1.1649421543955909e-05	4.987219537780165e-07	0.0	0.0	0.0	0.0
925.0887508768864	0.8187643738775705	855789.1969989579	0.6703750999311301	1113.7093768253503	7.199432087835703	1240348.5760287102	51.83182238735835	879.2862078432635	-0.852470068180537	0.7267052171437295	773144.2353033867	900.9897851146276	718.8841322612177	0.887594	20.794802	0.1529963356835305	0.0896157082868052	0.0115849634	0.1185928288	0.0375886735	0.2392495294	-0.1246969297	0.0523393096	-0.0818715056	0.1069411215	-0.0900393439	-0.1397350068	0.0424423991	-0.1252514274	-0.0476072258	0.0035688434	0.0542191441	0.1200618422	-0.0782963657	0.0768524502	-0.0604271521	-0.067098955	0.1357570958	0.1468939878	-0.1147222825	0.1574350919	-0.0843865111	0.13914425	0.0092751881	-0.080585914	0.0297046218	0.0515152371	-0.0462044941	-0.0084847303	-0.0512860937	0.0316962378	0.0867676354	-0.1567818334	0.0153583891	0.0450082034	-0.0670222495	-0.0376015739	-0.0916043687	0.0475904794	-0.0003095473	-0.0467836749	0.1257212456	-0.1019352425	-0.0880491229	0.0346570383	-0.0382905791	0.0815950343	-0.1137292373	0.1258943023	0.0072732301	0.147137789	0.0322192804	-0.0945851374	-0.1663476033	0.0575095491	0.0744740124	-0.0627809836	0.0008578634	0.1451216566	0.1230858759	-0.000222797	0.0324503377	-0.0037200378	0.0229656579	-0.1149100064	-0.0539116807	0.1342404389	0.0245763722	0.1309976068	0.0004916018	-0.0398815512	-0.0654684351	0.005923067	0.0429671388	-0.1556495734	0.0022509473	-0.0481576601	-0.0266645758	0.03389255	0.1166411763	0.0586804632	-0.0151873556	-0.1302394608	-0.0907751831	-0.1170224891	0.0474453187	0.1069341465	0.082665627	-0.0214855424	0.0167489932	0.0443897571	0.0748209114	-0.0189869266	0.0313300493	0.0923074655	0.0564762088	0.0235062367	-0.0795844839	-0.0635903632	0.1382646661	0.0485134104	0.025459938	-0.0154290148	-0.0717238087	-0.0494042187	0.1266188352	-0.0912870929	-0.018390252947853	0.0037428117227165	1.4008639591704054e-05	0.000338201403486	0.7423780189003963	-0.0113167545458736	0.0001280689334515	0.5511251229464772	-0.6865158142953192	0.0271565671199454	0.4713039632775651	0.0007374791377401	0.0113135708533009	-0.0014958875700724	0.0001279968854526	2.237679622297406e-06	-0.0026628835980213	-0.0005596525619254	7.090949056610864e-06	3.132109900696639e-07	0.0035731888081823	0.0001600639139019	1.2767678258919244e-05	2.5620456533626823e-08	0.0	0.0	0.0	0.0
930.5242409661736	5.435490089287214	865875.3630256734	29.544552510739525	1113.2087323197695	-0.5006445055807944	1239233.6817129883	0.2506449209682381	880.3494814023867	1.0632735591232176	1.1305506615305545	775015.2094054512	901.9080873386748	728.9887501029149	0.936894	21.949827	0.0733859329994787	0.03978880871637	0.0082901168	0.1276615829	0.0332968567	0.1587691019	-0.151088098	0.007736382	-0.1998046708	-0.0091170357	0.1050257987	-0.174321424	-0.0047182422	-0.0444800309	-0.1637936611	-0.1519858087	0.1094156008	0.1477579273	0.010519921	0.1068013522	-0.0163789372	-0.0353451115	0.0513205641	0.0583997623	0.0432567236	0.0233676137	-0.0450151316	0.0349161955	-0.1284436429	-0.0464016982	0.1263776666	0.0160653116	-0.0045573415	-0.1509193886	0.0679101184	0.1050848644	-0.1420070024	0.0358568406	0.0032801866	-0.0062954512	0.0890177234	-0.0025481614	0.0679504729	0.0692286821	0.1030194151	-0.0210263915	0.0263243886	-0.0363947411	0.1324751472	0.1739062027	0.023060313	-0.0018366212	-0.1558576661	0.1017791658	-0.0847613741	0.1029747464	0.0080668129	-0.0439967608	-0.046026567	0.0334134519	0.0872784723	0.0208899042	-0.0969878016	0.0824817548	-0.0554313253	-0.1248810828	0.0604981438	0.0951439685	0.1025291757	-0.1201152541	0.0903320317	-0.1210026284	-0.046678447	-0.0874762581	0.0282202788	-0.0175392842	-0.0097537445	-0.0494617371	-0.1247888089	-0.0019154861	-0.067964911	-0.0945032231	-0.1500584538	-0.0274469999	0.1358105674	0.0484085056	-0.0035489077	-0.101849164	0.0173447883	-0.0781719105	0.0908649635	0.1088998147	0.1144007875	0.0453486966	-0.0569285783	-0.0217343946	0.0446611532	0.0281741173	-0.1291582469	-0.0836536716	-0.0070342615	-0.0788268508	0.0081693957	0.0848994757	0.0501137564	-0.0926702873	0.1811266947	0.1148124755	-0.0745091236	-0.0430942802	0.1242524367	-0.1003291122	-0.0184378441227011	-4.759117484810088e-05	2.2649199234225104e-09	0.000339954095893	0.7283599705285155	-0.0140180483718808	0.0001965056801563	0.5305082466683	-0.705553334002019	-0.0190375197066998	0.4978055071213646	0.0003624271565829	0.0106151570929644	-0.0006984137603365	0.0001126815601083	4.877817806273708e-07	-0.0026640553781387	-1.1717801173998302e-06	7.097191057789731e-06	1.3730686435335597e-12	0.0036792587426494	0.000106069934467	1.3536944895362045e-05	1.1250830997854873e-08	0.0	0.0	0.0	0.0
931.9449755630302	1.4207345968566187	868521.437477177	2.018486794705339	1115.241492583373	2.03276026360345	1243763.5867795895	4.132114289285167	882.1747957446199	1.8253143422332412	3.3317724479623707	778232.370247062	904.6724816283204	749.982895097557	1.030619	24.145647	0.1985840153026066	0.0916538414471212	0.0011014853	0.1909897596	0.0797673396	-0.0636247965	-0.1318718213	-0.0377701139	-0.1398220509	0.009406514	0.1079025304	0.0091615888	-0.0116590789	-0.0831595334	0.1277436144	0.0576548478	-0.029300559	0.1514516463	0.1886071709	0.0444921839	0.03227588	0.0691675583	-0.0621189819	-0.0929247982	0.0790001001	0.0101106124	-0.0267192745	-0.0640639982	0.0941874463	-0.1102035539	0.0104468624	-0.0774323571	-0.0184963497	0.1577831169	-0.0979917802	-0.0840486166	0.0201748589	0.1166710526	0.0380008221	0.04985479	0.0892123795	-0.0838149596	0.1208626496	0.1357280831	-0.0502278936	-0.04869994	0.03997162	0.0334982202	0.058169943	0.1183134398	0.0559413441	-0.0047636618	-0.1748700998	-0.1092657058	-0.1409345665	-0.0307764787	-0.0099489631	-0.0224761235	0.0967439271	-0.0122491224	-0.0055225974	0.1696158092	0.1231614503	-0.0796138783	-0.0069226709	-0.0788421252	-0.0593757021	0.1104856291	0.0472573565	0.1905180143	0.0660104132	0.0326085264	0.0953285432	0.000906415	0.0236920286	0.0088372109	-0.1078663051	-0.0417208358	-0.1258822059	-0.0998206725	0.0586814247	-0.2081246477	-0.0213240142	-0.0283523327	0.172405674	0.0916333136	-0.0218755514	0.0031309384	0.0837900261	0.0781865686	0.0363978295	0.0305503291	0.0038587018	-0.00896371	-0.0238060938	0.0488323913	0.0140282884	-0.0779249838	-0.1111321305	0.1136031645	-0.1381950554	0.04831651	0.0769300595	-0.0711472175	-0.1980892207	0.0261704713	-0.0191339368	0.0189059725	-0.0772433738	-0.0366662233	0.1211199807	-0.1082719048	-0.0357096481459819	-0.0172718040232807	0.0002983152142186	0.0012751789707098	0.7148713642429243	-0.0134886062855912	0.0001819424995276	0.5110410674145397	-0.7721083048636785	-0.0665549708616595	0.5961512344394632	0.0044295641463963	0.0094631635702298	-0.0011519935227346	8.95514647569244e-05	1.3270890764224754e-06	-0.0032910175547469	-0.0006269621766082	1.0830796545652266e-05	3.930815708972921e-07	0.0039256757259481	0.0002464169832987	1.5410929905298143e-05	6.072132965803203e-08	0.0	0.0	0.0	0.0
928.044176484815	-3.9007990782151865	861265.9935073785	15.216233448604449	1106.7903069469417	-8.451185636431319	1224984.7835517053	71.42253866142303	880.5375269180689	-1.6372688265510078	2.680649210395714	775346.336310989	903.3474542844403	730.1182190081825	0.989466	23.181496	0.0970063633175082	0.0483551532081424	0.0158641937	0.176419442	0.078308107	-0.0801792945	-0.0837359871	-0.1779955291	0.0381143701	-0.0382994438	0.0535189798	-0.0217423648	-0.055206582	0.0450106553	-0.0221658363	0.1368550244	0.1675449909	0.1607826606	0.1116325499	-0.0926837379	0.0460172511	0.0525190587	-0.1007316962	0.0236603381	0.0836793121	0.0013017431	0.0315540899	0.1102842117	-0.0842119413	-0.1047496749	0.0084197359	0.1328383764	-0.0713976385	-0.0085309936	-0.0818260744	-0.0932061133	0.0303229632	-0.0340129913	0.0365784933	-0.0955796766	0.127600241	-0.0181180982	0.047136808	-0.0757047713	-0.0645488221	0.1109791117	-0.1840366275	0.2418546962	0.0373872619	-0.04007665	0.0725837208	0.1067935975	-0.1603125823	-0.1341404639	0.0199149258	-0.0424955357	0.0532710734	0.0827057719	0.0536324248	-0.0310943413	0.1551008345	-0.1092918077	-0.0935100307	0.0445472924	0.0190685252	-0.0746913592	0.0579904608	0.0513595334	-0.0582803293	0.0700341492	0.0996229759	0.0129558571	0.1748925877	0.0065718288	0.0864822766	-0.0814752763	-0.061685014	0.0077738291	-0.0016426821	0.0698413268	0.0868664637	0.0630219891	0.1219379694	0.0801494536	0.1769867138	0.07375331	-0.0005326026	-0.038012848	0.0028505097	0.1093624829	0.0136491552	0.0637652248	0.0064178289	0.0269438838	-0.0919977287	0.0018374971	0.0969307389	0.0095486691	-0.0018200958	-0.068504109	0.0025857452	0.0191979302	0.0287666687	-0.1179053812	0.052153487	0.0106197196	0.017398542	0.0469390733	-0.0799246852	-0.0301376669	0.1172407796	-0.1150284477	-0.0071894634702118	0.02852018467577	0.00081340093394	5.16883849895099e-05	0.6897310615758272	-0.0251403026670971	0.0006320348181932	0.4757289373025175	-0.7447761328814124	0.0273321719822661	0.5546914881097913	0.0007470476252681	0.0093069966849874	-0.0001561668852423	8.662018729436645e-05	2.4388096046312764e-08	-0.0031731072737088	0.0001179102810381	1.0068609770463696e-05	1.390283437448374e-08	0.0039718726395151	4.619691356699991e-05	1.577577226452865e-05	2.13415482311686e-09	0.0	0.0	0.0	0.0
928.026510752364	-0.0176657324510642	861233.2046592075	0.0003120781030325	1111.497053912867	4.7067469659252765	1235425.7008569827	22.1534670012468	879.8109235491071	-0.7266033689618325	0.5279524557866849	774067.2611963328	902.386682306126	735.5736513629281	0.936611	21.943199	0.1137231928455897	0.0597659320718262	0.0200086335	0.2109460807	0.0441340201	0.0152285513	-0.1906379054	-0.1485926839	-0.0106341491	0.0979954059	-0.1382439934	0.1061564004	0.0801841765	-0.014639589	0.1233798892	0.0230305051	0.1954854851	0.1526671013	0.0490563481	-0.1477822698	-0.075257443	0.0524899883	0.1048226804	0.1467670436	0.0141898611	-0.0390315895	-0.0583489266	-0.0953550747	0.0209933481	-0.0027650159	0.0839190194	-0.1313353992	0.0615493667	0.0651788304	-0.0416559529	0.0597454543	0.1609922712	-0.0078248087	0.0690479335	0.0754440829	0.0121765538	0.0054295238	0.041226722	0.1289198781	-0.0735582939	-0.0057527595	0.0013241033	-0.0178676549	-0.011041527	-0.057979726	0.0082587133	0.0425657473	-0.1548183069	-0.1145176719	0.1028211214	0.0176065087	-0.0628786593	-0.1046921078	-0.1065030929	-0.0589030919	0.01165677	0.104537911	-0.0741526318	-0.0602395841	0.0027049528	0.0328566636	-0.058769484	-0.1170872211	0.1481378129	-0.0609095522	-0.046616483	0.095534164	-0.0210970127	0.0336935355	0.0058357887	-0.0576966983	-0.0439202573	-0.099314638	0.0999648072	-0.0035990776	0.1236291286	-0.0135608789	0.1279681953	-0.0330031743	0.1900008728	0.095590866	0.0127041404	-0.0619651016	-0.0847048109	0.1464245002	-0.1097389086	-0.0403674083	-0.0391527554	0.0176284372	0.059183607	0.1181141139	0.0365541829	-0.1030777316	0.0915803363	-0.0153092417	-0.1570646942	0.0561143149	0.0361787731	-0.0032885745	-0.0421602147	0.0591248253	-0.1027586596	-0.0316378112	-0.0825512202	-0.0235265052	0.1126387502	-0.1205247148	-0.0193084171065294	-0.0121189536363176	0.0001468690372392	0.0003728149711597	0.7353117591359535	0.0455806975601262	0.0020775999900677	0.5406833831236104	-0.7171222253155065	0.0276539075659059	0.5142642860414641	0.0007647386036636	0.00926903101692	-3.796566806739919e-05	8.591493599262502e-05	1.4413919518039344e-09	-0.0035881633419787	-0.0004150560682698	1.2874916168719752e-05	1.7227153980766766e-07	0.0040862435848426	0.0001143709453275	1.6697386634667305e-05	1.3080713135106047e-08	0.0	0.0	0.0	0.0
925.776626342937	-2.2498844094269543	857062.36188291	5.061979855782475	1101.1481043735398	-10.348949539327124	1212527.1477654402	107.10075656753908	878.3586517222199	-1.4522718268872268	2.109093459170363	771513.921055276	900.8097168928014	733.1434875593595	1.015123	23.782597	0.2826335893718923	0.159133533856057	-0.0073547833	0.1716097804	0.1016433787	-0.0438879256	-0.0844697494	-0.1660770465	0.0443627828	0.0366691321	-0.0531359035	0.0670442118	0.0927393279	0.031277266	0.0533198608	0.0467817757	0.152882378	0.1380207806	-0.0606889683	-0.1132517401	-0.0536120403	0.1305129078	0.0449470124	0.0937640392	-0.0280157413	-0.0377561311	0.0028938529	0.1166516267	0.0392459542	-0.0119613931	-0.0591084548	-0.153365816	-0.008063476	-0.0157439211	-0.0436035913	-0.0226368994	-0.1257645995	-0.1751627106	-0.0049055166	0.0273550854	-0.047758403	-0.0179740828	-0.0337440462	0.0455774642	0.1220195354	-0.0704059782	-0.0054447815	0.0989935455	0.1096954169	-0.1590290664	0.0975545467	0.0820751974	-0.1311342171	-0.0390888453	0.1446509854	-0.0076283963	-0.0884941754	0.016278831	-0.1214177471	-0.030967522	0.0377395515	-0.0143792696	0.0157521659	0.0750475228	0.2228618772	0.0326335472	-0.0818554171	-0.0526926332	0.0744759488	0.0646604253	0.0622811467	-0.1125158647	-0.0777828795	-0.0132189799	0.0017807092	-0.0189000064	-0.0576798236	-0.133743694	0.1303592114	0.0094778654	0.049410739	0.0319882635	-0.1414972156	0.0792520408	0.1753031001	0.0807667244	-0.0740633454	-0.0192813523	-0.046181568	0.1964744794	0.0719191627	0.0479928282	-0.0352630526	-0.0005787834	-0.039213448	0.0958516622	0.2047910224	-0.2069947222	-0.0468414612	-0.1624770968	-0.0117328794	-0.0543596299	-0.0631791635	-0.143628608	0.0452007287	-0.127989964	0.245744433	0.0017695937	-0.0851211787	-0.016850859	0.1073422654	-0.124700488	0.000533864356754	0.0198422814632834	0.0003937161336681	2.8501115141236224e-07	0.7080662768283474	-0.027245482307606	0.000742316306174	0.501357852381558	-0.8158077342624495	-0.0986855089469429	0.6655422592824314	0.0097388296761171	0.0112440448329196	0.0019750138159995	0.0001264285442047	3.900679573389297e-06	-0.0034809800312824	0.0001071833106962	1.211722197818682e-05	1.1488262091819512e-08	0.0047412527912279	0.0006550092063852	2.2479478030326348e-05	4.290370604494996e-07	0.0	0.0	0.0	0.0
927.2050860881006	1.42845974516365	859709.2716676422	2.040497243553	1108.2351338038934	7.087029430353596	1228185.1117973337	50.22598614669801	880.0043081877433	1.645656465523416	2.7081852025190223	774407.5824289887	902.3635186676528	702.998744434228	1.337558	31.336681	0.3163735685781679	0.2060851645781938	0.1414665825	0.236248008	0.030528759	-0.0499485542	-0.1368096636	-0.1634271246	-0.0757736332	-0.0798619361	-0.123360073	0.1367796486	0.1213129214	-0.0992956843	0.1435542242	-0.1363378822	0.0164291424	0.1818290947	0.1355949233	-0.1002251634	-0.1306968607	0.0194202578	0.0850877475	0.1249814341	-0.1106435415	-0.1748503215	0.0224586857	0.0994285323	0.1073517403	-0.0390305656	-0.0558064206	-0.094035409	-0.0544110098	0.0678725626	0.0774698922	-0.063544057	0.0714650343	0.0094673359	0.0949093503	0.1509509415	0.1054358606	-0.0701128682	0.0796042196	0.1538028963	0.0379518011	-0.1359033282	0.1437208472	0.0313659357	-0.0910110109	0.0799737966	-0.0687771852	-0.083927222	-0.1787151764	-0.1895260263	0.0092312373	0.1339348077	-0.092475287	-0.1179557898	-0.089203981	-0.0533304181	-0.1405755228	0.0193943721	-0.0638949959	-0.0948337253	0.2470768143	0.0029513695	-0.16461977	-0.1070266542	0.0184013991	-0.0067952793	0.0102716589	0.1378749625	-0.0416560652	0.0458588526	-0.0074746901	0.1486313916	-0.0819859991	0.0521805838	-0.0597369681	-0.1742839255	0.0892384158	-0.0640860932	0.0049596612	-0.0883353612	0.1987693276	0.2108114094	0.0396706339	0.0381625879	-0.0310924362	0.1147696634	-0.1290397212	-0.1226210017	-0.0267635764	-0.1032999282	0.1046782802	0.2164060435	0.1834318464	-0.1549165078	0.0021814519	0.0200039207	-0.2382737354	0.064228682	0.124169344	0.0326830142	-0.0998754373	-0.0723991329	-0.1322566702	0.0662900752	-0.0876327994	-0.0101290257	0.1013839798	-0.1275100165	-0.0182902863796812	-0.0188241507364352	0.000354348650948	0.0003345345758507	0.8840059784383101	0.1759397016099626	0.0309547786026026	0.7814665699146739	-0.7730834391469443	0.0427242951155051	0.5976580038832672	0.0018253653931167	0.0098162074433229	-0.0014278373895967	9.635792857034788e-05	2.0387196111303183e-06	-0.00343635473197	4.462529931239991e-05	1.1808533843932613e-05	1.99141733872128e-09	0.0046360070578117	-0.0001052457334161	2.1492561440079896e-05	1.1076664402313761e-08	0.0	0.0	0.0	0.0
908.8186807841056	-18.386405303995048	825951.3945421621	338.0599000027772	1080.2551268105194	-27.98000699337399	1166951.1390004114	782.8807913492574	878.9388709211524	-1.065437266590834	1.135156569040548	772533.5388161503	899.7709273844878	629.2132254290434	3.129481	73.318382	2.5686222598636443	1.5758879478355312	0.4644682577	-0.1385438934	-0.1559313808	-0.2556442261	0.4809726269	-0.4559482884	0.0950540079	0.068086392	0.0762868932	-0.1322836551	0.0489362474	-0.2093263797	-0.1065595006	0.1149311707	-0.4024414748	-0.2155461239	0.1002586604	-0.2701985291	-0.2844878686	-0.1060995525	-0.376044651	0.0846226404	-0.2328387739	0.295409096	0.0502223078	0.0477351573	-0.0614546145	0.0043972696	-0.0593945582	-0.0229067982	0.0182222655	0.0162035307	0.1324095475	0.0218917145	-0.1089588568	0.0998538723	-0.1160030407	-0.0803923417	0.0425601697	0.1386478568	0.05238048	0.0450666132	0.1736431954	0.0253037697	-0.109063018	-0.0657027064	-0.0862390732	0.0302847397	-0.037424995	-0.1797873186	0.2422512035	-0.3248346679	0.1466272667	0.2770728129	0.2752060928	0.4387488595	-0.210100574	0.121142428	-0.018933925	-0.043612793	0.1392821794	-0.0020161339	-0.0922697372	0.0428168548	-0.1391044181	0.0462647362	0.0643805065	-0.0725753537	0.1830226327	-0.0376137417	-0.0322840493	-0.0852156106	-0.0816894502	0.1026673253	0.0669857505	0.0835484648	-0.1148059935	-0.0169526992	-0.0854029717	-0.0194908911	0.1195514919	0.1028753741	-0.2362061722	0.2538779487	0.4210543803	0.3733422232	-0.3308427796	-0.0800798047	0.2788681582	0.1239689523	-0.3983062902	0.1432377268	0.0329203436	-0.2828111462	0.0446823332	-0.0391862472	0.0780711179	0.0320758643	-0.1151999494	-0.0013837437	0.0208431897	0.0159155661	0.0146804772	-0.0877218658	0.0436458012	-0.0129772816	-0.090084361	-0.0033794295	0.0948006283	-0.1289225186	-0.0928467870155458	-0.0745565006358646	0.0055586717870656	0.0086205258591101	1.7810094901079196	0.8970035116696096	0.8046152999476114	3.171994803854472	-0.9149889762647092	-0.1419055371177648	0.8372048266859405	0.0201371814646813	0.037217595451709	0.0274013880083861	0.001385149411207	0.0007508360647861	-0.0039487736222538	-0.0005124188902837	1.5592813119807396e-05	2.625731191196806e-07	0.0034466797476735	-0.0011893273101381	1.1879601283022664e-05	1.4144994506405658e-06	0.0	1.0	0.0	0.0
926.30386989861	17.48518911450435	858038.8593891409	305.73183836998146	1105.2433977929231	24.98827098240372	1221562.9683648455	624.4136866900398	881.1718643579727	2.2329934368202657	4.986259688882382	776463.8545361054	902.0503438178312	691.0202201702843	2.665522	62.448605	0.8098378502589986	0.5590300275056355	0.1323701076	-0.2924719371	-0.0956867921	-0.2934524688	0.4391001784	0.0004686796	0.0661482328	0.0124627104	-0.2691381077	-0.1453476461	-0.3006654655	0.076291634	-0.0148003074	0.0127062989	0.1783501075	-0.3271970632	-0.0430622801	-0.0664787192	-0.1210530513	-0.125901276	-0.0454918456	-0.1079647542	-0.0372731667	0.140093139	0.1025776721	-0.0887461689	0.0954666878	-0.1563533891	0.0486578007	-0.0247932146	-0.1121201451	-0.148212645	-0.2679622981	-0.0411612411	-0.2141164481	-0.2556592709	-0.0383893529	0.1328838482	-0.1022324501	-0.0557678722	0.1364853627	-0.092986312	-0.2234651463	-0.0333787129	0.0771223052	-0.0014949681	-0.0058064296	-0.0688585688	0.0570416359	0.0295521602	0.38706342	0.0163334934	0.1794615134	0.1882818242	-0.0047115398	0.0253493602	0.1985165508	-0.1320477818	0.0056622762	-0.1409169304	0.3833996513	0.1399269043	0.0746355863	0.0658136131	0.1670294833	0.1311857422	0.0821693547	-0.0150585056	-0.0803124015	-0.187809916	-0.0012600363	-0.0235038365	0.0456382137	-0.1612547667	-0.0671048423	-0.0484459068	0.0749569557	-0.0608806814	0.1827378244	-0.0345533173	-0.034849024	-0.1582631211	-0.3156168454	-0.0275284817	0.2917661908	0.119289437	0.0231027719	0.3504294627	-0.0080151	0.2411847674	0.3999878279	-0.0850262001	0.0523431675	0.1848595894	-0.0372954246	0.0991061063	-0.0504399557	-0.0233077742	0.2044750034	-0.0642108034	-0.0439469723	0.0037313535	-0.2022090156	0.078741234	0.0980431409	0.0584563172	-0.0924741833	0.0033794295	0.0876327994	-0.1289225186	-0.0517260073666818	0.041120779648864	0.0016909185189304	0.002675579838098	1.8362193922581007	0.055209902150181	0.0030481332954325	3.3717016565047087	-1.1294911043467124	-0.2145021280820032	1.275750154798356	0.0460111629517081	0.0463982768698267	0.0091806814181176	0.002152800096489	8.428491130097156e-05	-0.003552645463807	0.0003961281584467	1.2621289791508452e-05	1.5691751791445298e-07	0.003849970978668	0.0004032912309944	1.4822276536585836e-05	1.626438169970589e-07	0.0	0.0	1.0	0.0
926.3279178032328	0.0240479046228756	858083.4113016728	0.0005783017167509	1104.3716458472136	-0.8717519457095477	1219636.7321512834	0.7599514548483822	880.0947758601262	-1.0770884978464892	1.1601196321932066	774566.8144962859	903.3208364528356	727.7330636615402	1.56602	36.689163	0.5879327058551092	0.3059157864349698	0.0199383932	-0.269571955	-0.0299463781	-0.1003607798	0.132565036	0.1382714339	0.02736392	0.0461556348	-0.0450422821	0.2516158113	0.1401014164	0.0927831117	0.0898997459	-0.287667555	-0.0551675273	-0.2763938197	-0.0588761759	-0.0155400917	0.077849139	-0.0513564524	0.076560884	-0.103075063	0.0076767427	-0.1549891269	0.0603298547	0.0460154305	-0.0344945208	0.0197898631	-0.0631205568	-0.0775473932	-0.0487496454	0.1464025449	-0.0129278048	0.0385821576	0.1435271486	0.1451505729	0.1198562883	-0.0037762073	-0.0328127649	-0.0983621135	-0.0616750573	0.0215995218	-0.0196386448	-0.0361767764	-0.0124447698	0.000306957	0.0424994168	0.0868197583	0.0859394448	-0.0118138212	0.2642316135	0.019032394	0.0091889753	-0.1569358303	-0.0790430671	-0.1307401696	0.1153666996	-0.1075624999	-0.2167481612	-0.0673689878	-0.0326774776	-0.0396303239	0.0767174958	-0.0066626625	-0.1135311512	-0.0859179284	0.0470791135	0.1561308951	-0.0482505706	0.2091119751	-0.0443721445	0.1425044661	-0.1481579179	0.1421204439	0.0212866088	0.1275461388	-0.0617553733	0.0281836021	-0.1112307916	-0.0873275184	0.0548701286	-0.0146836629	-0.270433803	-0.0817439566	0.0634601411	0.0181753541	0.0259887578	0.1696948904	-0.0429978333	0.0763436664	0.1792591825	0.0617289948	0.0026292546	0.0705173142	0.0538659155	0.0886173381	0.0935055998	0.1228232392	-0.1071422201	0.1565386036	-0.074549809	0.0541791796	0.0454404018	-0.0637505183	-0.2543495329	0.0822190786	-0.0948006283	0.0101290257	0.0799246852	-0.1275100165	-0.0184590541597771	0.0332669532069047	0.0011066901756703	0.0003407366804735	1.575536160826914	-0.2606832314311866	0.0679557471494056	2.4823141940732114	-1.1776387423368249	-0.0481476379901124	1.3868330074526585	0.0023181950440269	0.0420354154116297	-0.0043628614581969	0.0017669761488282	1.9034560103420825e-05	-0.0034001885231316	0.0001524569406754	1.156128199283585e-05	2.3243118760102442e-08	0.0042513502443337	0.0004013792656657	1.807397889999621e-05	1.6110531490633678e-07	0.0	0.0	0.0	1.0
925.3760252567806	-0.9518925464522	856320.7881200379	0.9060994199912537	1105.6354705240126	1.263824676799004	1222429.7936808546	1.597252813686107	879.7616664117946	-0.3331094483315837	0.110961904567772	773980.5896876578	901.9834685856572	717.0907764739054	1.136681	26.630497	0.391407403054833	0.249847381267014	-0.0312569263	-0.2805306425	-0.0129596141	-0.0900135082	0.1927736377	0.1580493599	0.0987317149	-0.0453909833	0.0736839542	0.0199901153	-0.0484107891	0.0096528708	-0.0096422232	-0.0295450138	0.0620878552	-0.2310342363	-0.0932207572	0.06909197	0.0777574312	-0.0045603536	-0.0459237932	0.01852578	0.0148265854	-0.0886974556	0.0730828269	0.0821097198	0.0517045181	-0.0579359421	-0.0387292193	0.0404426558	0.0610307949	-0.0331559429	0.025045428	-0.0046657537	0.0895251735	-0.0298807977	-0.0044551015	0.0530723668	-0.0217626964	-0.0737707701	-0.0911714538	0.0121269188	0.0540416568	0.079827543	0.087198217	0.0164999825	0.0466357398	-0.0081437764	0.0577001757	-0.0070558407	0.2343930072	0.1057225307	-0.0332283221	-0.0953168832	-0.0185698053	0.0506928133	0.023995872	-0.0409732554	-0.040496573	-0.0760615145	-0.0505493904	-0.0060454254	0.1403407404	0.0415941799	0.0202762575	-0.0233162681	-0.0571016853	0.0040001279	-0.0198174703	-0.0349829861	0.0928475349	0.0329033247	-0.0109441282	0.03179253	-0.0011775489	0.0502837541	0.0974141961	-0.0313488204	-0.081707238	-0.0339399766	-0.1650276488	0.0158015082	-0.2526463851	-0.0960369722	-0.0136497521	-0.0418001018	0.0925131951	0.0961268452	0.0018825067	-0.0120230987	0.0716099884	0.0319498229	-0.0650791505	0.0084776133	0.0802463539	0.0046461879	-0.0641282841	-0.0939820807	0.0678363427	-0.070192007	0.0444096592	0.0268333088	0.0874568204	-0.0079144429	0.0140824363	0.0364220171	-0.0970621018	0.016850859	0.0717238087	-0.124700488	-0.0196131528927452	-0.001154098732968	1.3319438854385707e-06	0.0003846757663941	1.6938444422639378	0.1183082814370237	0.013996849456582	2.8691089945884305	-1.131091271449549	0.0465474708872759	1.279367464349357	0.0021666670460018	0.0386288696130198	-0.0034065457986099	0.0014921895675796	1.1604554278026793e-05	-0.0038487628443801	-0.0004485743212485	1.4812975432280798e-05	2.012189216835527e-07	0.0049041811644266	0.0006528309200928	2.405099289351664e-05	4.261882102293418e-07	0.0	0.0	0.0	0.0
929.4277421617564	4.05171690497582	863835.9278999004	16.416409878066833	1106.5850259656104	0.9495554415977948	1224530.4196913105	0.9016555366679834	881.1394573057964	1.377790894001805	1.898307747594293	776406.7432211535	903.75286844911	737.0570435600047	1.098933	25.746122	0.181095619315788	0.0989773723305218	-0.0492564511	-0.229626059	0.0260261628	0.0356579615	0.1189449972	0.1881464308	-0.0015115735	-0.024485666	-0.0182392475	0.0656688542	0.0195636719	0.084756288	0.0455791736	-0.1071502359	0.0545841138	-0.195618059	-0.0222189737	-0.0485924583	0.0080057077	-0.0048373095	0.0440051351	-0.0448054019	-0.0026291837	-0.077825708	0.0816597299	-0.0669776503	-0.0158798431	0.0730375925	0.0143982454	-0.0200837376	-0.0135920993	-0.0375978771	0.0478460924	-0.0469561495	0.1458319962	0.0349430389	0.0581507678	0.059550912	0.0266019416	-0.041036793	-0.0500045758	-0.143386757	-0.0286815978	-0.0427902982	-0.0351959064	-0.019105419	0.0058696281	-0.001600548	-0.035851508	0.0233437427	0.1943650099	0.016457543	0.0328448146	-0.0567710528	-0.0537297956	-0.0889507497	0.0604136054	0.0413054932	-0.0410361712	0.0291439022	-0.0432309963	-0.2415282227	-0.0670333566	-0.0737040372	0.0200365279	-0.0914209558	0.006325154	0.0184313734	-0.1436037118	-0.0225685059	-0.0360269139	0.004499928	-0.0147761722	-0.0070786352	-0.0791344614	0.0310481216	0.045408074	0.0722507206	0.0403973767	0.060676528	0.0574471964	-0.0687141848	-0.2127941436	-0.0681984519	-0.0459090034	-0.0243784889	0.0256853511	0.0447066087	-0.1026368275	-0.0610755561	-0.0135022485	-0.0804376673	0.010347678	-0.0226191114	-0.0332141441	0.0221046233	0.0523249947	-0.0341521912	-0.0543852489	0.1380941948	-0.0359474994	0.151879364	0.0157435645	0.0002988529	-0.0820996466	-0.0931156889	-0.0992570537	0.0235265052	0.063080731	-0.1205247148	-0.0378369161547595	-0.0182237632620143	0.0003321055474299	0.0014316322241023	1.6557570366828855	-0.0380874055810522	0.0014506504638955	2.7415313645248904	-1.1391413722730306	-0.0080501008234816	1.2976430660240832	6.480412326822036e-05	0.0367645968831111	-0.0018642727299086	0.0013516355839776	3.4755128114812223e-06	-0.0036530923400079	0.0001956705043722	1.3345083644624394e-05	3.8286946281271154e-08	0.0051789249231305	0.0002747437587039	2.682126335942225e-05	7.548413294674689e-08	0.0	0.0	0.0	0.0
926.1566131890874	-3.2711289726690893	857766.0721538807	10.700284755835131	1104.2370321683795	-2.347993797230856	1219339.423212031	5.513074871834575	879.7589299128606	-1.3805273929358464	1.9058558826462448	773975.7747614216	902.8884131340632	733.4132673158236	0.976814	22.885071	0.1112890419497884	0.0715859984919593	-0.0557853216	-0.2399645423	0.0107644425	0.0203956482	0.1365311067	0.0886325032	0.0412956753	0.1339337005	-0.0328516069	0.007974715	0.1235990794	0.1887832441	-0.1039765554	-0.0104289098	0.0033269984	-0.188629929	-0.1195885013	0.0472200271	0.0192367262	-0.0231299101	0.0269307384	0.0163562461	0.0801784986	-0.0680716192	0.0049683493	-0.0122142779	0.0082860437	0.0367845136	0.0275430804	-0.0574008514	-0.0910202528	-0.1149975908	0.0608620434	0.0618425546	0.0323718668	-0.0138408715	0.0393186109	0.1508486239	0.0857139349	-0.0035203833	-0.0137472675	-0.0319645392	-0.0210168565	-0.053428335	-0.1395237657	0.0429857396	-0.0651903642	0.0269115314	-0.1330404623	-0.0087624071	0.1956621647	0.1079762115	0.0354976108	-0.0778220731	0.0226776611	-0.0324157989	-0.010634859	-0.1284571992	0.0161047916	0.059844463	-0.0155912348	-0.0245088583	0.0521186549	-0.1466852498	0.1460880936	-0.0407486413	-0.030224503	-0.082421969	-0.0205730881	0.0704241635	-0.1501121643	-0.0830984341	0.0105959347	-0.0783886631	0.0447250823	0.0790723651	-0.0059712402	0.0235347273	-0.0400514718	0.0250657825	0.098148511	0.1763089524	-0.2159496266	-0.1150720588	-0.0698778503	-0.1136558383	0.0858051483	0.0721836592	-0.0307023296	-0.036962043	-0.0365890327	0.1510543872	0.0722095035	0.0908104686	0.0639006198	-0.0784449296	0.0186759762	-0.1064192985	-0.0408932165	0.1614238105	0.0443600615	0.0509080992	0.0555931576	0.0708890911	0.0973827311	-0.1748189355	-0.1013839798	0.0301376669	0.0540487397	-0.1150284477	-0.0450139738473893	-0.0071770576926298	5.1510157123336606e-05	0.0020262578415334	1.5876250809913586	-0.0681319556915269	0.0046419633863521	2.520553397792818	-1.1217187610207588	0.0174226112522717	1.2582529788259462	0.0003035473828477	0.0366184337373822	-0.0001461631457288	0.001340909689379	2.1363665169367346e-08	-0.0038402175780896	-0.0001871252380816	1.4747271047068351e-05	3.50158547271329e-08	0.0051410649606739	-3.785996245659999e-05	2.643054892986893e-05	1.433376757215161e-09	0.0	0.0	0.0	0.0
929.3608513474644	3.204238158377052	863711.5920172838	10.26714217559956	1110.3264619345978	6.089429766218245	1232824.852072202	37.08115487770479	880.8684714292868	1.1095415164262477	1.231082376673457	775929.2639581683	902.853058113338	739.00074856998	1.041473	24.399929	0.2824623297745686	0.1562121985042769	-0.0595999363	-0.2030011402	0.0533174185	0.069333899	0.1345758395	0.1490787063	-0.0631043201	-0.0981383732	0.0120041986	0.0476631092	-0.0009917988	0.0195840919	0.1006391415	0.0678101131	-0.0154560324	-0.1632793192	-0.0567704861	0.1331772842	0.0029739847	0.0360942374	0.1028699162	0.0338492388	0.0615189712	-0.0225880921	-0.0637588214	-0.0025754111	0.0564840951	0.0945100574	-0.0102880702	0.1033072821	-0.0536241684	0.0454645075	0.09338341	-0.0710188369	0.0739041105	-0.014924717	-0.0358823881	-0.0294643096	0.1126947003	0.1067243718	0.0154748224	0.0755316482	-0.029557463	-0.0481119094	0.0467946977	0.0144521528	-0.0184882227	-0.093056616	-0.0865762357	-0.044819037	0.1636509082	0.1360296717	-0.0772774462	-0.0150587549	-0.0788104731	-0.0642373112	0.0173279466	0.0126444395	0.0261811809	0.0806500899	-0.0551663985	0.041313796	-0.0311062509	-0.0423415183	-0.1363217096	-0.0376017315	-0.0938256412	-0.1487510381	0.1071109302	-0.0366150267	0.1258885047	0.0161221066	-0.0206823346	0.0907343533	0.0080188659	0.0255622967	-0.0584278795	-0.0758623215	0.0553027036	0.038554502	0.0890203506	-0.0501930802	-0.1814287973	-0.0792936555	-0.0891465129	-0.0633395119	0.1104754778	-0.069612782	-0.0073401815	-0.0665149142	-0.1950923481	0.1074480377	0.0694170718	-0.0009362671	0.0450396168	-0.0624534434	-0.0547791061	-0.0327665875	0.0539304333	-0.1719754992	0.0106708434	-0.2361151454	-0.0968152319	0.052976786	0.1496313227	-0.0458021501	-0.1034414224	0.0366662233	0.0446835199	-0.1082719048	-0.1130340163085037	-0.0680200424611144	0.0046267261764118	0.012776688842831	1.6862678341781958	0.0986427531868372	0.0097303927562792	2.8434992085840234	-1.1243889770000806	-0.0026702159793217	1.2642505715992878	7.130053376225002e-06	0.0350904026326589	-0.0015280311047233	0.0012313363569221	2.3348790570019258e-06	-0.0034223549294682	0.0004178626486213	1.171251326325529e-05	1.7460919311289145e-07	0.0054577575702751	0.0003166926096012	2.978711769589517e-05	1.0029420897601847e-07	0.0	0.0	0.0	0.0
927.1164263396328	-2.244425007831637	859544.8679887718	5.037443615780044	1108.27584496614	-2.050616968457689	1228275.3485354118	4.205029951326602	880.2509426689846	-0.617528760302207	0.3813417698003807	774841.7220696361	902.3543351609844	738.7398792851922	0.921861	21.597631	0.1844265487082053	0.0928120930151428	-0.069302636	-0.1756804215	0.0718514511	0.0574916876	0.0947829325	0.1545792839	-0.0371191824	-0.1032228604	0.1020605107	0.0244678629	-0.0500488054	0.01957945	0.0003734624	0.1132536102	-0.0341219842	-0.1487832806	-0.081236068	0.0923698735	0.1247981666	-0.0270957694	-0.0004891174	0.0078736276	0.1096898817	-0.0460472635	0.0419705736	-0.048516144	0.0272315125	-0.0177114989	-0.0069537046	-0.0223546093	0.03107814	0.0065880587	0.0277169327	-0.0283746172	-0.0634237164	0.0859227624	-0.0847032193	-0.0956585517	0.0143573048	-0.0844625034	-0.0253749548	-0.1240003488	0.0953745504	0.0246141176	0.0621476388	0.0809163599	0.0011685524	0.0555472182	0.0628204895	-0.0425178932	0.1413001435	0.1397853142	-0.0743712841	-0.1039680963	0.0101387229	-0.0003821292	0.0436944708	0.0434483386	0.0449741323	-0.0056554473	-0.1109765623	-0.1027177123	-0.0340216128	0.0461872183	-0.020245465	-0.001901565	-0.0842176698	-0.0100434332	0.080672308	-0.0062896827	0.0334005098	-0.0438719102	0.0512587571	0.063763036	0.0153962995	0.0743854288	0.0427934563	0.0755922547	0.0476715996	0.057560366	-0.2193570386	0.0016148893	-0.15912728	-0.0628674643	-0.1174869846	-0.0811224284	0.0491625048	-0.1299866794	-0.0480197433	-0.0005830211	-0.0717829691	0.0299144312	0.0157004542	-0.0400260441	-0.0007492644	-0.048315356	0.0199306675	0.0114756031	0.0240978144	-0.1135128737	0.1286566214	-0.0031788983	-0.0119686302	-0.0630679176	0.0643725614	0.0085942961	-0.1054279714	0.0430942802	0.0350428114	-0.1003291122	-0.0629598761880458	0.0500741401204579	0.0025074195088032	0.003963946009614	1.693582193232416	0.0073143590542201	5.3499848374052674e-05	2.8682206452339205	-1.142240118476778	-0.0178511414766975	1.304712488257844	0.000318663252021	0.0339415681008397	-0.0011488345318191	0.0011520300451439	1.3198207815002271e-06	-0.0027938315525783	0.0006285233768899	7.805494744182075e-06	3.950416352970834e-07	0.0058641378227026	0.0004063802524274	3.438811240365119e-05	1.651449095630382e-07	0.0	0.0	0.0	0.0
926.605748329317	-0.5106780103158144	858598.2128369334	0.260792030220119	1107.4454968889183	-0.8303480772217426	1226435.528579543	0.6894779293458451	881.0731713375329	0.8222286685482914	0.6760599833826959	776289.9332507777	902.805827218545	733.9537018758388	0.911432	21.3533	0.1527504201474971	0.1095895499411596	-0.0658630599	-0.1486893109	0.0286279714	0.1043037088	0.0679743181	0.1842836763	0.0015090361	0.0992301036	0.021039407	-0.0112306866	0.1568772079	0.054358814	0.0838858932	0.0444018765	0.0272857418	-0.1395929274	-0.0236498202	0.020400432	0.1572134989	-0.0044323866	0.0250541417	0.0494461326	-0.0203489096	-0.0027312455	0.0385925097	-0.0064903191	-0.0225845373	0.0475210135	0.0029170254	-0.085652977	0.0411541684	0.0394196581	-0.103574548	0.0281920259	0.0259374317	0.0367596396	0.0666727915	-0.047875634	-0.0265514851	-0.1876260197	-0.0116140934	-0.0076726822	0.1043416904	-0.0678732491	0.0147432621	-0.1120870116	-0.1489972694	-0.0455697751	-0.0402624	0.0532335447	0.115253806	0.071930316	-0.0484447405	-0.1069706832	0.0847144525	-0.0484759503	-0.0992320453	0.0332306689	0.0234358625	-0.0253443904	0.0371986958	-0.0448294341	-0.0555284178	-0.0461216499	-0.0447201513	-0.0256441585	0.0464940331	0.0838609719	-0.0020472795	0.0836156558	-0.0822040739	0.0152393992	0.1169630647	0.055971947	-0.097478446	-0.050898747	0.0144802098	0.0434946154	-0.0294706096	0.0099630941	-0.0045333786	-0.0276743117	-0.1335032162	-0.0580733957	-0.1202153564	-0.0732649778	-0.0273505614	-0.1155610019	-0.1235271489	0.0099942963	-0.0822542358	-0.0258737144	0.1052780777	0.0138713911	-0.0269302068	-0.0504972162	0.061679537	0.0764936213	-0.1202750553	0.1018754446	-0.0321588172	-0.02919286	0.0386715082	-0.079247734	-0.1353550536	0.0428977482	-0.1073422654	0.0494042187	0.0251860523	-0.0912870929	-0.0509706148514794	0.0119892613365664	0.0001437423873964	0.0025980035783378	1.5876417201301507	-0.1059404731022652	0.0112233838411317	2.520606231497824	-1.1701334392631535	-0.0278933207863754	1.3692122656818162	0.0007780373444916	0.0338886675333035	-5.290056753620015e-05	0.0011484417871827	2.798470045652073e-09	-0.0027910767542176	2.7547983607002437e-06	7.790109447933852e-06	7.588914008116748e-12	0.0059470297552515	8.289193254889995e-05	3.5367162909846714e-05	6.8710724816913794e-09	0.0	0.0	0.0	0.0
928.9121280857752	2.306379756458228	862877.7417048436	5.319387581000312	1107.1072433329075	-0.3382535560108408	1225686.4482401896	0.114415468153979	879.72909709106	-1.3440742464729285	1.80653558003177	773923.2842686516	902.0976541444984	740.1982421453745	0.887251	20.786772	0.1585228541244673	0.0894097837390238	-0.0850797137	-0.1454735323	0.0417178734	0.1918595869	0.0619610814	0.1596830098	0.0169990862	0.0083585465	0.0789246276	-0.0301030969	0.0203443497	0.0739071014	-0.1050306489	0.0241773232	0.0822404585	-0.0966872924	-0.1025646474	0.0724871836	0.0523100635	0.0541399127	0.0431255333	0.0746292185	0.0548397656	-0.0810528195	-0.0179282793	0.0152928753	-0.0958532879	0.0724648328	0.0585431917	0.0337539868	0.0477127478	-0.0624230835	0.0390918992	0.0593141881	0.0604562246	0.0116793892	-0.0726315941	0.0390028211	0.0048925619	0.0264713967	0.0082721773	-0.0246777272	-0.011503013	0.0864092392	0.0627771352	0.00192881	-0.0344797257	-0.0278266927	0.0432923689	0.1238898003	0.0964634312	0.1496684086	-0.0156496438	-0.0501945355	-0.0326801121	-0.0327112199	-0.0968979464	-0.0177400032	0.0399452302	0.0181371217	-0.1089908805	0.0126179212	-0.0800963374	-0.1122679973	0.0229331853	-0.059195674	-0.0152514937	-0.0928435006	-0.0849973946	-0.0949335283	0.0217719779	-0.0366907715	0.0355919713	-0.0744866306	0.0915915226	-0.05213524	0.0103395305	-0.0577618901	0.0929868552	-0.0086279618	-0.0470016193	0.0419702142	-0.1259967786	-0.069762189	-0.1328478481	-0.0674603605	0.0605735738	-0.1017114949	-0.0423654902	-0.0248428118	-0.0981773392	0.0758972893	0.0354336434	-0.0168747552	0.075694042	-0.0138198341	0.0164644067	-0.0475789338	0.0187227383	-0.0795915884	0.0433384606	-0.0628150503	0.0029258114	-0.0675141139	0.0450318904	0.0818836847	-0.1091829923	0.0555787436	0.0151740128	-0.0812449131	-0.0618125940935812	-0.0108419792421017	0.0001175485138861	0.0038207967885778	1.6673901178541826	0.0797483977240318	0.0063598069395503	2.780189805117785	-1.192349771164487	-0.0222163319013335	1.4216979767960043	0.0004935654031502	0.0335564632562177	-0.0003322042770858	0.0011260362262658	1.1035968171409989e-07	-0.0032150234170134	-0.0004239466627958	1.0336375571944518e-05	1.797307728956959e-07	0.0061052017205099	0.0001581719652584	3.727348804811704e-05	2.5018370593704644e-08	0.0	0.0	0.0	0.0
930.7617866834244	1.8496585976491813	866317.5035501204	3.4212369278575365	1111.3819804681796	4.274737135272062	1235169.906509373	18.273377575673997	879.983511073074	0.2544139820140572	0.064726474244249	774370.979760495	902.9435349689496	753.6708802205653	0.8268489999999998	19.371656	0.0633299217982503	0.0282935938473598	-0.0872325301	-0.1067224257	0.0719678102	0.0781858929	0.0217552122	0.1959316248	-0.0162345736	-0.0259366449	0.0682852706	-0.036912645	0.037581116	0.0126565377	0.0191833688	0.0314407595	-0.0478712938	-0.0840779382	-0.0757353667	0.068288388	0.022082143	0.0159998653	0.0230161014	0.0312928651	0.0869817818	-0.0494361466	-0.1026211023	-0.046468391	-0.0270523858	0.0566873301	-0.0334995665	-0.0162098371	-0.0591310386	0.0269822781	0.0675594487	-0.0806574978	-0.0191181771	0.0773543654	-0.0124195602	-0.0387297876	0.0375560117	0.1485384198	-0.0345210405	0.0160672179	0.0171362918	0.1449735905	0.1063728948	0.071177096	-0.0971533998	-0.062636079	-0.0291856159	-0.0043935165	0.0721994562	0.1156366031	-0.0557683427	-0.0267306925	-0.0633202968	-0.0167235011	-0.0044093987	0.0012888003	0.0185050609	0.1464388807	-0.058788848	-0.0170523046	-0.0893093312	-0.0467944352	-0.0708617596	-0.0264000492	0.0200124985	-0.0498597042	0.0934507081	-0.0588566607	0.0585656231	0.0056363745	-0.0527603415	0.0485723162	0.0029720175	0.0785675409	-0.053787551	0.0379814707	0.0980166932	-0.0328762819	0.0201155317	-0.0365004827	-0.1034755479	-0.0589015761	-0.127632486	-0.0679428714	0.0647629543	-0.0820883462	-0.0222024274	-0.0727168357	-0.0910536205	-0.0018166882	0.0302994285	-0.0429793902	-0.0030905112	-0.0464073195	-0.0570173783	0.0751869081	-0.1144324122	-0.0630801675	0.0379015339	0.0748292042	-0.0598604567	-0.0707267367	-0.050514241	0.0170981665	-0.1109488906	0.0616009311	0.0050684204	-0.0703125971	-0.0528976110011853	0.0089149830923958	7.947692353770472e-05	0.0027981572496327	1.662920569498766	-0.0044695483554164	1.9976862501406016e-05	2.7653048204621005	-1.2044565928254798	-0.0121068216609927	1.4507156840007636	0.000146575130731	0.0332111394155775	-0.0003453238406402	0.0011029797812809	1.192485549145016e-07	-0.0032813479830784	-6.632456606499998e-05	1.0767244586052684e-05	4.398948063710547e-09	0.0064503246875936	0.0003451229670836	4.160668857537947e-05	1.1910986240865625e-07	0.0	0.0	0.0	0.0
929.506031939143	-1.2557547442813757	863981.4634112511	1.5769199777851832	1109.8714802109191	-1.5105002572604462	1231814.7025855766	2.281611027183874	880.811936196128	0.8284251230539894	0.6862881845070175	775829.6669455719	903.1817939282734	742.76965192081	0.825245	19.334085	0.1058322214083616	0.0612780428431654	-0.0977986018	-0.0971345261	0.0742841226	0.0740612507	0.0277904818	0.1338264896	0.0031289204	-0.035526406	0.0212390893	-0.0106040793	0.0240089443	0.0308317964	-0.0395368372	0.1214695176	-0.0776671368	-0.0909127666	-0.0890008411	0.0990051571	0.0845462567	-0.0029998111	0.0119200901	0.0109117145	0.068259883	0.0898084567	0.016193044	0.0020059733	0.052552457	0.0191062539	0.0160090621	0.0606100914	-0.0159005074	0.0281098625	0.0436630849	0.056164774	0.0148867932	-0.0023093632	0.0903790528	-0.0838155445	0.1111011836	0.0222585232	0.0523720884	0.021226529	0.0864044487	0.04260482	-0.0888549261	-0.0264303677	0.0422040837	-0.0157633186	-0.071002532	-0.0744672393	0.0828367943	0.1367268574	-0.0578001048	-0.0687421316	0.0179948389	0.0059102935	-0.0122891224	0.0716198468	0.1099406628	-0.0189356423	-0.0306007354	-0.0361526434	-0.0206014781	-0.0138335375	-0.0186085941	0.0358353067	-0.07063495	-0.0396732324	0.0908142369	0.0762671818	0.0068208426	0.0275426181	0.0539666398	-0.0268236545	0.0074300218	-0.0542447308	-0.1016339886	0.0263601618	-0.1107984787	0.0786842883	0.0674655725	0.060761645	-0.0893605291	-0.0631487194	-0.130812694	-0.092170252	0.0619366719	-0.0764299592	0.0009311471	-0.0487900405	-0.0500401602	0.0187659322	0.0153283025	-0.0874189399	0.0783232901	-0.0142621502	0.0677941762	0.153374477	0.0153036603	-0.016519296	-0.0279372253	-0.0615969269	0.0737104176	-0.0541972059	0.0122262396	0.0250908514	-0.1126387502	0.0674542747	-0.0050684204	-0.0586099215	-0.0181574383057778	0.0347401726954074	0.0012068795989067	0.0003296925658281	1.6646842403516189	0.0017636708528527	3.110534877202464e-06	2.7711736200750465	-1.1867278114779083	0.0177287813475715	1.408322898535146	0.0003143096880699	0.0323587171804662	-0.0008524222351112	0.0010470865775653	7.266236669121393e-07	-0.0034580506246253	-0.0001767026415469	1.1958114122471428e-05	3.122382352965229e-08	0.006453191741186	2.86705359240063e-06	4.16436836485112e-05	8.219996301697358e-12	0.0	0.0	0.0	0.0
929.9617885552356	0.4557566160925717	864828.9281728526	0.2077140931121517	1110.8955187218212	1.0240385109020735	1234088.853516224	1.0486548718105362	880.9365424187629	0.1246062226348385	0.0155267107193229	776049.1917687248	904.0076152657218	731.3527164037973	0.997985	23.381069	0.1305045571078638	0.0822778486189251	-0.0371188443	-0.0599708349	0.0280637162	0.0630094584	0.0001744998	0.1247651687	-0.0404124879	-0.0936071709	0.1486665332	0.0863860298	0.0594518123	0.0777482728	0.0035834847	-0.0304037502	-0.0281417387	-0.0508935073	-0.0131233365	0.0293037877	0.0185386922	0.0364804034	-0.0173101052	-0.0725297313	0.0337890594	0.0115634318	-0.0231773938	0.0476457136	-0.0398596789	-0.0665748996	0.1028039132	0.0877649513	0.0238532337	-0.0379941004	0.0542463696	0.0327629446	0.0834662647	0.0173686961	0.0747110589	-0.0078413246	0.0627773012	0.0184842464	-0.062928895	0.0730128593	-0.0327802835	-0.0108096798	0.008533381	0.0688516422	0.1264941975	-0.0820436062	0.0541178897	-0.047093676	0.041561707	0.0125787754	-0.0583631482	-0.0567137334	-0.0099794094	0.0456344926	-0.0053731283	0.0784425737	-0.0233912982	0.0450753131	-0.1182474267	-0.0827731648	0.0098531279	-0.0529069543	0.0448679792	0.0456538244	0.0302300281	-0.0259870214	0.0287195534	-0.0043654496	0.0931830102	0.013838254	-0.0533330751	-0.0724318105	-0.0773898985	-0.0400356433	0.0072325422	0.0495393893	-0.0634037296	0.0330255904	-0.1075740759	-0.0450993535	-0.060415977	-0.0202877168	-0.0856355141	-0.0160677528	0.0985865128	-0.041129017	0.0402677659	-0.1627200706	-0.0744920946	-0.0396941261	-0.2268968988	-0.0260909975	0.0719084347	-0.0215399064	-0.1059911074	0.0269920134	-0.0590134874	-0.0685177521	-0.0344514082	0.0565273909	0.0670621372	0.0519175804	-0.0079011662	0.0335354502	-0.1142514127	0.0731227308	-0.0151740128	-0.0462651033	-0.0187158616912768	-0.0005584233854989	3.118366774721644e-07	0.000350283478847	1.7295038641361344	0.0648196237845155	0.0042015836275661	2.9911836160618206	-1.2034439185954824	-0.016716107117574	1.44827726520445	0.0002794282371662	0.0316834682053664	-0.0006752489750998	0.0010038421575204	4.559611783733341e-07	-0.0031763000256463	0.0002817505989789	1.0088881852920687e-05	7.938340002502527e-08	0.0064419832588593	-1.1208482326699812e-05	4.1499148307423495e-05	1.2563007606794203e-10	0.0	0.0	0.0	0.0
929.609845879062	-0.3519426761735076	864174.4655552935	0.1238636473121704	1106.7880984867843	-4.107420235036898	1224979.8949519915	16.870900987190566	881.8197608808022	0.8832184620392809	0.7800748516870326	777606.0906798751	904.1604348021616	685.7448202437419	1.201513	28.149403	0.2098360051701498	0.1549592427089185	0.1815474215	-0.0416082396	-0.0560206438	0.0797419961	0.1013304922	-0.0594279954	-0.1204569281	-0.0762386697	0.0259101519	0.032073384	-0.0756003356	-0.0290973273	0.0794078959	-0.104138238	0.0005214777	-0.067267982	0.0698667195	0.0085729097	-0.136326416	-0.0233232125	-0.1147077538	-0.0774237852	0.0138820012	0.0239759046	0.0004114927	-0.0974427614	0.0427153353	-0.0979665849	0.0285910091	0.1855663012	0.0641933612	0.1066735525	-0.0255600605	-0.0286499273	0.0635892603	-0.0825821712	-0.0931368108	-0.1818751287	0.0784829454	0.0310118696	-0.1371664059	0.1752996766	-0.1785394547	-0.089703899	0.1261373955	-0.0508026145	0.1647173837	0.019600194	-0.0571424748	0.0730609043	0.0556256165	-0.0716627472	-0.0612640868	0.0769081767	-0.0163795479	0.074655461	0.0552198878	0.0184540979	-0.0912487767	0.0960971149	-0.0253236076	-0.0562381586	-0.0984140334	0.0370777375	-0.0038122576	0.0203985328	-0.0354245637	0.0104294191	0.0951267636	0.0682235392	0.2883757179	0.1211190308	0.033121625	-0.0270365643	-0.0156985689	-0.0661453639	0.0277245717	-0.1721528488	-0.1420653346	-0.0512261124	-0.0243282393	-0.0387619383	-0.0603936859	0.0788975218	0.0681870422	0.077125005	0.0767054303	-0.0542448284	-0.0014205961	-0.1005859698	-0.0352114358	-0.2112561469	-0.2463467042	-0.0552464719	-0.1211598546	-0.1070324091	-0.3643342107	0.1347656692	-0.0446901962	-0.0707667137	0.1007651825	0.012834476	-0.0020048573	0.2723747721	-0.0515337468	0.019179889	-0.1157857731	0.0785907625	-0.0251860523	-0.033413395	-0.0276838403015631	-0.0089679786102862	8.042464035455257e-05	0.0007663950138424	1.8801530016514647	0.1506491375153302	0.0226951626341128	3.534975309619013	-1.2086203858481357	-0.0051764672526533	1.4607632370876964	2.6795813217792056e-05	0.0316386423916282	-4.482581373820016e-05	0.0010010036923853	2.009353577291814e-09	-0.004006247564871	-0.0008299475392246	1.6050019551034816e-05	6.888129178651346e-07	0.006468058341734	2.607508287469969e-05	4.183577871207479e-05	6.799099469224571e-10	0.0	0.0	0.0	0.0
930.3170669832972	0.7072211042351455	865489.8451204047	0.5001616902755786	1105.5134438487971	-1.2746546379871688	1222159.9745304275	1.6247444461422005	882.3766238034426	0.5568629226404482	0.3100963146116618	778588.5062347621	904.2339776699124	710.084046505419	1.060126	24.836946	0.1088854131949698	0.0560379257275615	0.0575173912	-0.0393028226	-0.003550632	-0.0836121301	0.0379742828	-0.0950703308	-0.034600365	-0.0716249549	-0.012277026	0.0933775954	0.0151031204	0.0656603022	0.0155289363	-0.0192258142	0.0115791065	-0.066863176	0.0492824419	-0.0517685686	-0.0687792447	-0.0125320903	-0.0166304862	-0.0739850506	-0.0204859377	0.0652718392	0.1021547454	0.0446380439	-0.1006739855	-0.0765836084	-0.0098102583	0.0808526298	0.1187856311	-0.074026856	-0.0602536712	-0.0365719827	-0.0220647905	-0.0024956472	-0.0286042386	-0.0575982749	-0.0224223354	0.0488927218	-0.0512191673	0.0217564696	0.0859503644	0.0011792298	-0.0499540778	0.0947916244	0.0145669015	-0.0077321412	-0.0305895195	-0.0085618911	0.0582284501	-0.0680651477	0.019284607	0.0615464316	-0.0127607575	0.0219933157	-0.00287068	0.1515715285	0.0224443938	-0.142660998	-0.0741635916	-0.0531582244	-0.046340352	0.0224764031	0.0757429202	-0.0268969473	0.0297107525	0.0926530827	-0.0246332533	-0.0458516008	0.1320023919	0.0595247082	0.0819448249	-0.0339547495	-0.0637926019	-0.046393508	0.0379680657	0.1017257748	-0.0043781809	0.0888687386	-0.0258754972	0.0423101251	-0.0534356867	0.0347209148	0.008663895	0.0442994239	0.0079292303	-0.0219757332	-0.0982990706	-0.0690090562	-0.0304165902	-0.1963062363	-0.2066092801	-0.0495707393	-0.0251812229	0.0386018207	-0.0486995168	0.0275257301	0.0585383906	0.0867115277	-0.1081862571	-0.1045525328	0.1502631079	0.1522137661	-0.030021327	-0.0751450095	-0.1172407796	0.0838433825	-0.0350428114	-0.0201956026	-0.0325454157621578	-0.0048615754605947	2.3634915959056616e-05	0.0010592040871317	1.837943940170149	-0.0422090614813157	0.0017816048711334	3.378037927208172	-1.226004295674585	-0.0173839098264492	1.503086533012535	0.0003022003208541	0.0318617347968249	0.0002230924051967	0.0010151701442632	4.977022125645023e-08	-0.0043886461223892	-0.0003823985575181	1.926021478756176e-05	1.4622865679200008e-07	0.0067511847075513	0.0002831263658172	4.557849495547453e-05	8.016053902091154e-08	0.0	0.0	0.0	0.0
930.6876196077944	0.3705526244972361	866179.4452912227	0.1373092475217897	1107.2469637861875	1.7335199373903831	1225995.8388137307	3.0050913733299587	881.6964157607529	-0.6802080426897419	0.4626829813398097	777388.5695653583	904.3439453807864	716.7678298014073	0.8511149999999998	19.940176	0.167472433444653	0.0896730294573032	0.0617060431	-0.0121705343	-0.0085744094	0.0045622179	0.0346790695	-0.0717969633	-0.0710684284	-0.0974654378	0.0265462659	0.0756145578	0.0408083014	0.1084231975	0.0140630591	-0.1216892754	0.0923930506	-0.0143083885	0.030254638	-0.0535086403	-0.0410729567	0.0248215562	-0.0071264971	0.0028738242	-0.1155240492	-0.0804679408	-0.0167458281	-0.0481515291	-0.1354069314	-0.0306356655	0.095691048	-0.0047530777	0.097868516	-0.1141949183	-0.0125271538	-0.0375744029	-0.0749483982	-0.060508005	0.0211086985	0.0194040405	-0.0765636653	0.019780255	-0.1018616174	-0.0545139136	0.0090703323	-0.0535331754	-0.0663357736	-0.0533448936	0.0560781001	-0.0060225092	-0.047628886	0.1384816245	0.01257862	-0.0792967627	0.0260584365	0.0078930246	-0.0681173112	-0.0143707787	-0.060808544	-0.0814470376	-0.0963841565	-0.078750066	-0.0880380977	0.0339394755	-0.0721310973	0.0121116941	0.0851825782	0.017131769	0.1122080098	-0.0083505313	-0.0846228063	-0.0084658839	-0.0018807091	-0.0707170213	-0.0199807346	-0.0360053796	-0.067280047	-0.038014169	0.0698975715	0.0209365966	-0.0489012457	0.0291993961	-0.0205928061	0.0609585585	-0.0176214641	0.0330552248	-0.0050785282	0.0685035889	-0.0304739992	-0.0741514214	-0.1529545223	-0.0574029657	-0.0255078691	-0.1505882414	-0.1582688757	0.0045315212	-0.1138067658	0.0528198613	-0.0245665259	-0.1442703459	-0.0087850663	0.0150247434	-0.0652282945	0.0812082931	0.0275987849	-0.0050045531	0.0966654402	0.0391277953	-0.1186154352	0.0888661936	-0.0446835199	-0.0067565429	-0.0443860008938372	-0.0118405851316793	0.0001401994562605	0.0019701170753477	1.7839925635757226	-0.0539513765944263	0.0029107510364336	3.1826294668934785	-1.2219420402765877	0.0040622553979972	1.4931423497953098	1.6501918918557434e-05	0.0303559518356834	-0.0015057829611415	0.0009214838118503	2.267382326064065e-06	-0.0039511530073848	0.0004374931150043	1.561161008776595e-05	1.9140022567625305e-07	0.0067420964572862	-9.088250265100288e-06	4.545586463935112e-05	8.259629288109544e-11	0.0	0.0	0.0	0.0
930.4102003461576	-0.2774192616368509	865663.1409081771	0.0769614467271355	1105.5649080365615	-1.682055749625988	1222273.765881891	2.8293115448498445	882.4658290988797	0.7694133381268102	0.5919968848874412	778745.9395271732	906.025447587352	719.0881975794131	0.7892949999999999	18.491821	0.1005705969620543	0.0477048088874471	0.0439800284	0.0141137362	-0.0228109164	0.0247836589	0.0242588858	-0.0708346597	-0.0549489875	0.0542740809	-0.0682907176	0.027286975	0.0456919534	0.0026231937	0.0375329092	-0.0592333795	-0.021799984	-0.0242629258	0.0459594946	-0.0610052312	-0.0118294315	-0.0145883526	0.0516448133	-0.0119956998	-0.0791866058	-0.0777587824	0.0446639118	-0.1272882575	0.0389658056	0.1211357414	0.0642218019	-0.0756197123	0.0733664024	0.0443748846	-0.0748210895	-0.0420649233	0.0274307272	-0.037635396	-0.055428714	-0.0488805236	-0.0464251956	0.2030108536	0.0355952515	0.0251994091	-0.0135356072	0.08351531	-0.0311337774	-0.0368795651	0.040598754	0.1583361837	0.070564471	0.1115096811	0.008533125	-0.0956768978	0.0057280836	-0.013323872	-0.0237199514	-0.0523941244	-0.0270912588	-0.0531441206	-0.0890643854	0.0747303145	0.0379585979	-0.011016684	-0.1546611976	-0.004659727	-0.0195663647	-0.0316698017	-0.0003897171	0.0179506312	-0.0453010789	0.110570674	0.018284724	0.0082117473	0.0798476048	-0.005051569	0.1616891657	-0.1177185084	0.0455872985	0.0190524858	-0.0456588782	-0.0629939201	0.0174226221	0.211659337	0.0001682615	0.0359705228	-0.0168885522	0.0615522934	-0.0902397957	-0.1051228894	-0.1690103825	-0.0123008278	-0.0308461135	-0.1799626882	0.0323221368	-0.0237207522	-0.1622066579	-0.0007288148	-0.0141744847	-0.033977646	-0.0045286402	0.0640466099	-0.0903921732	-0.0276502064	-0.0878306283	-0.0238466156	0.0495550063	0.0097411091	-0.1199087977	0.0936454286	-0.0540487397	0.0067565429	-0.0486755438107309	-0.0042895429168937	1.8400178435872916e-05	0.0023693085652703	1.8030105135612475	0.0190179499855249	0.0003616824216519	3.2508469120123937	-1.201910762519347	0.0200312777572406	1.4445894810598383	0.0004012520885877	0.0299126916953968	-0.0004432601402865	0.0008947691244638	1.964795519668956e-07	-0.0042902864586946	-0.0003391334513097	1.840655789765825e-05	1.150114977972962e-07	0.0071043393917377	0.0003622429344515	5.047163819299599e-05	1.3121994356003384e-07	0.0	0.0	0.0	0.0
928.9217709151224	-1.4884294310352288	862895.6564800871	2.215422171171855	1104.7492654390423	-0.8156425975191723	1220470.9394881036	0.6652728468878225	881.868318930825	-0.5975101680546686	0.3570184009287183	777691.7319338793	905.1328413998376	721.9956382236597	0.8314859999999998	19.480301	0.2195090548713487	0.115344384350321	0.0034275805	0.054046446	0.0087972365	0.0765231364	-0.0212910077	-0.0751904159	0.0102741594	0.0690220857	0.0057611448	-0.0152545802	0.0301535643	0.0834988103	-0.101315612	0.1034766531	0.0513527278	0.0146445965	0.0615525992	-0.0761951345	0.1223561464	-0.0033898314	-0.0135833764	0.0162809882	-0.0789389154	-0.0623058672	0.066714839	0.0111946938	-0.014099021	-0.0591295048	0.0966154099	-0.023483068	0.0542789758	0.0373591688	0.0369107969	-0.1614930006	-0.001558871	-0.0428874907	-0.0376667116	-0.0942592572	-0.1515268489	-0.0206214956	0.0282058084	0.0358471881	-0.0008938534	-0.0625356405	0.0031681904	-0.0429015185	-0.0019534799	0.0095634277	-0.0476247014	0.0444960958	-0.0288587291	-0.0636846354	-0.0081365844	-0.0922808808	0.0882713862	-0.045473375	-0.0578061827	-0.0206446677	0.0234871718	-0.0928714977	0.0086284709	-0.0246501538	-0.0371664853	0.0343620035	0.0551836926	-0.0157536783	-0.0087527416	0.1077172562	-0.0532504181	0.0469163013	0.0556988353	-0.1442280842	0.0622584729	0.089112973	0.0195327569	-0.1469380287	0.0114481141	0.0148358091	-0.0094782851	0.0108245684	0.0125978587	0.0044869363	0.0378852529	0.0366852704	-0.038694669	0.0308143517	-0.073269283	-0.0975801825	-0.0964350307	-0.0067727295	-0.0270859007	-0.0103486831	0.0009325126	0.0046261826	-0.0485748559	0.1245629956	0.1133132136	-0.1438315592	0.0653676092	0.1007089426	-0.0676387345	0.0564040335	-0.1275788677	0.021703075	0.0478868402	0.0168499345	-0.1211199807	0.098167988	-0.063080731	0.0201956026	-0.0500559866022314	-0.0013804427915004	1.905622300605692e-06	0.0025056017947227	1.7616879680832511	-0.0413225454779964	0.001707552764781	3.103544496889294	-1.1701718822168203	0.0317388803025266	1.369302233930856	0.0010073565228581	0.028033025310423	-0.0018796663849738	0.0007858505080548	3.533145718800479e-06	-0.0048221109313506	-0.000531824472656	2.3252753834250956e-05	2.82837269715833e-07	0.0075941922600944	0.0004898528683566	5.767175608327768e-05	2.399558326372862e-07	0.0	0.0	0.0	0.0
926.3232732475976	-2.5984976675247253	858074.8065601434	6.752190128131438	1100.9264013700397	-3.8228640690026623	1212038.9412335858	14.614289690071592	879.7815725249685	-2.086746405856502	4.354510562355029	774015.6153545064	902.62950426121	717.2300784058366	0.753895	17.66247	0.046331606481068	0.0267281959657574	-0.004097727	0.0588795071	-0.0080532349	0.0707969984	-0.0273489051	-0.0228772455	0.035158268	0.1744677636	-0.0214698171	-0.0287721254	0.1522993495	-0.0488479675	-0.003718403	-0.0456762466	-0.0384737332	0.0231210426	-0.0613601168	-0.0637724626	0.0464960484	-0.0184870396	-0.0070862431	0.0904942154	-0.1154308874	-0.0745299655	-0.0423259492	-0.006161472	-0.0346408629	0.0598316171	-0.0046155512	-0.0942464872	0.0179176262	0.0338636489	0.1053716931	0.0010607098	-0.0016093578	0.0084068826	0.1054061934	0.0577753271	-0.1019764493	0.0927626896	0.0729470568	0.0298413491	-0.0737844682	-0.0175507173	0.0469222539	-0.0090274192	-0.0357929835	0.0802985021	-0.0480677689	-0.0596952696	-0.0260060267	-0.0085180073	0.0474914836	-0.0641795859	0.0626344975	0.0065089665	-0.17899767	-0.0496986416	-0.0776947185	0.0465137888	-0.0181191567	0.022612163	0.0088727801	-0.0206781461	-0.0069072832	-0.0629450509	0.0359598289	0.03312539	-0.0734351609	0.0496313475	-0.1290523101	-0.0533989497	0.0041826346	-0.0543026826	0.084372106	-0.0425400737	-0.0461622812	0.0421156715	-0.0306124093	-0.1247400775	0.0645610923	-0.0524676648	0.0473272145	0.0314030819	-0.0434237296	0.0279702489	-0.0917866232	-0.0857132906	-0.0803012938	-0.0141016673	0.0069725843	-0.0106460853	0.1131019492	0.0060201156	-0.0690606312	0.0814029902	0.111450623	-0.1063053399	0.0336774754	0.1829895618	-0.0858201786	0.0360257364	-0.1477687565	-0.0285465871	0.0003750617	0.0454441291	-0.1222481541	0.1024214758	-0.0717238087	0.033413395	-0.049809459330774	0.0002465272714574	6.077569557223135e-08	0.002480982238824	1.7703916480290616	0.0087036799458104	7.5754044599103e-05	3.1342865874110566	-1.147839622436365	0.0223322597804553	1.3175357988348568	0.0004987298269017	0.0279376210977867	-9.540421263629778e-05	0.0007805106726034	9.10196378875192e-09	-0.0049989334388056	-0.0001768225074549	2.4989335525608783e-05	3.1266199142673526e-08	0.0075654361905188	-2.8756069575599195e-05	5.723582475281162e-05	8.269115374367016e-10	0.0	0.0	0.0	0.0
929.4184297473888	3.095156499791188	863818.6175541019	9.579993758199636	1107.5745547285703	6.648153358530635	1226721.3942821908	44.19794307854217	880.6155427925753	0.8339702676067873	0.6955064072521364	775483.734207862	902.0084838867188	717.7618596082816	0.7762	18.185038	0.0554719485408074	0.0272187411677041	-0.0055840638	0.0559264974	-0.0011493106	0.1114409792	-0.0342014235	0.0106219621	-0.0814531891	0.0937807475	0.0005207395	-0.0812669632	0.1235319056	-0.0256809949	-0.1250541586	-0.0694926843	0.0259477067	0.0455627392	-0.059778681	-0.0315730795	-0.0056028869	0.0020183816	0.0715112014	0.0741788495	-0.1353988669	0.0057796805	-0.0466473051	0.1075616401	-0.1069935458	0.007996662	0.0080467113	-0.0231754324	0.025541305	-0.0439133426	0.0455715977	0.030481128	-0.0130615947	-0.0059766116	-0.0286221315	0.083200053	-0.0132428628	0.0531776917	-0.0009245011	0.0373538086	-0.0124013525	-0.0062328334	-0.0017706737	-0.0439953281	0.0855852158	0.00839482	-0.0087355509	-0.0407691087	-0.0475314147	0.0292097955	0.0790049345	0.0581988869	-0.009224591	-0.0623367903	-0.20623239	0.0368421875	-0.0405272974	-0.0803123561	-0.0378073545	0.1116226432	-0.0170103726	-0.131516333	-0.0210600642	-0.0037410415	0.0548598769	-0.0074231747	-0.0754872712	-0.070784578	-0.0217190778	-0.0440639848	-0.0300164894	-0.0546837586	0.047529065	-0.0613351072	-0.0210059291	-0.0513556972	0.0179858119	-0.1119354717	-0.0320713336	0.0304616807	0.0569539497	0.0333933922	-0.0350915786	0.0296503454	-0.0777961834	-0.0601631357	-0.069445643	-0.0009633966	-0.0061287714	0.0256278038	0.0319664927	0.0226750891	-0.0183028935	0.1289795417	0.1358902725	-0.1333284808	0.0955985594	0.127173813	-0.1223500886	0.0096462735	-0.1320731245	-0.0169122548	0.0595442031	0.0971619904	-0.1232925447	0.1063942335	-0.0799246852	0.0462651033	-0.0463507900224726	0.0034586693083013	1.1962393384186056e-05	0.0021483957357073	1.750152636268865	-0.0202390117601964	0.0004096175970293	3.0630342502388586	-1.1585697365640044	-0.0107301141276394	1.3422838344819863	0.0001151353491921	0.0275440326801298	-0.0003935884176569	0.000758673736284	1.5491184251366425e-07	-0.005010125971061	-1.1192532255399623e-05	2.5101362245899925e-05	1.2527277828816097e-10	0.0075815383074999	1.6102116981099764e-05	5.747972310808845e-05	2.5927817127302137e-10	0.0	0.0	0.0	0.0
930.7773334021676	1.3589036547788282	866346.4443752499	1.8466191429712568	1103.1886743563357	-4.385880372234624	1217025.2512280892	19.23594663955292	882.5522622356484	1.936719443073116	3.7508822011774408	778898.4955772607	904.51960923485	730.8295428691466	0.922566	21.614136	0.1344323751949256	0.0652167884668495	-0.0082713178	0.0618694371	0.0253922058	0.0488482269	-0.0281863172	-0.0542738016	-0.0261595601	0.0316706095	0.1191768161	-0.0823507255	0.0431161198	0.0269618779	0.0041808672	-0.0190807008	0.049284446	0.0628639108	0.0317508912	0.0813502163	0.0628287545	-0.0278236401	-0.0070878818	0.0682492933	-0.0257153956	0.0392840151	-0.017891848	0.0157789781	0.0114998671	0.0974676008	0.0655087517	-0.0091764741	0.0877502125	-0.1175157804	-0.0728236002	0.0607339291	0.0040209649	0.0793500268	-0.1810469321	0.0618739879	-0.0185430875	-0.0784794343	-0.0449150574	0.0052043162	0.0064941805	0.0132638665	0.1461382386	-0.0549967455	-0.0181195537	0.0811184485	0.0451348761	-0.0202113604	-0.0665151517	0.0524676112	-0.0785430412	0.0513079548	0.0214530353	-0.0344332251	-0.0487643181	-0.0331458664	0.0234453529	-0.0022414329	0.032519972	0.0323069788	-0.1057790667	-0.0028764543	-0.0791614672	0.1289563772	0.0843917104	-0.0955929912	-0.0290317551	-0.1420135765	-0.0250981137	0.0403688242	-0.0315068465	0.1222564156	0.1039722374	-0.0518292969	0.089002285	-0.0476194067	0.0129803889	-0.0108276056	-0.0569243401	-0.0517541834	0.0486644869	0.0149266247	-0.018719509	-0.0226400355	-0.0396610479	-0.122376359	-0.0089549014	0.0453781746	0.0020866793	0.1145390311	0.1058731956	-0.0187846727	-0.0987388417	0.1089435119	-0.0044308509	-0.0820810299	0.0230569321	-0.027719288	0.0180417298	0.0829061592	-0.1995201902	-0.0977300637	0.049252944	0.0182825261	-0.1242524367	0.1100753719	-0.0876327994	0.0586099215	-0.0514785081643651	-0.0051277181418924	2.629349334269341e-05	0.0026500368028286	1.8048014357454747	0.0546487994766096	0.0029864912842346	3.257308222468927	-1.139348591635681	0.0192211449283234	1.2981152132622096	0.0003694524123556	0.0283118269452056	0.0007677942650758	0.0008015595449752	5.895080334832884e-07	-0.0047150697997406	0.0002950561713203	2.223188321642586e-05	8.705814423425316e-08	0.0076273821240657	4.5843816565799625e-05	5.817695806651699e-05	2.101655517318684e-09	0.0	0.0	0.0	0.0
930.540784635429	-0.2365487667386787	865906.1518699197	0.0559553190455898	1109.088354520709	5.899680164373194	1230076.9781334538	34.80622604189852	882.9692912007426	0.4170289650942322	0.1739131577275663	779634.7692035419	905.2563775234802	735.7610054437368	0.907837	21.269075	0.1123151711915963	0.0550653150883032	-0.0403776235	0.0841076871	0.0402917279	0.0451997627	-0.0546451757	0.0418807753	0.022056878	0.0455309931	-0.0180608348	-0.0798359843	-0.0016642237	-0.1049891371	0.0137088951	0.0944151914	-0.0791294121	0.0688422703	0.0933819576	0.050083	0.0619555338	0.0056734276	-0.0546616878	-0.0521936	0.1072751608	0.086398858	0.036670289	-0.0317808326	0.01124892	0.0437229062	-0.1166416013	0.0046388958	-0.0560012974	0.0965225931	-0.0201170594	-0.0223241832	-0.0366133259	-0.0051378744	0.0396647193	-0.0118894518	0.0793551964	-0.0036466781	0.0168537353	-0.0564845559	-0.0530249799	-0.0656723128	-0.1211233726	0.0202407166	-0.015124168	0.081035303	-0.0182815341	-0.1062489106	-0.0698804316	-0.0175865303	-0.0735018938	-0.0053739843	0.0429981572	0.0078394365	0.1056189957	0.0015885142	0.1111269462	0.0265724197	0.1189429024	-0.0321215868	-0.0535897992	-0.0119716556	-0.0484109487	0.0126316937	-0.0589544201	0.0860035941	0.0370969792	-0.0248715225	-0.0638596694	-0.022806619	0.0117391143	-0.1067941878	-0.0063072777	0.0706810849	-0.0489439748	-0.002650138	-0.008045895	-0.0519539722	0.0962219262	-0.1074279857	0.0660098563	0.0156476537	-0.0232182523	0.0126628498	0.0513718228	0.0035204747	0.147359931	-0.0420535898	0.022784048	0.101771164	0.0369325351	-0.0155035563	0.0489194527	-0.0066196737	0.0044266518	0.1678730271	0.083060984	0.0134075851	-0.0101024817	0.0054902032	-0.1949021001	0.0205833065	0.0126440685	0.0042045303	-0.1251271724	0.1134548014	-0.0948006283	0.0703125971	-0.0177891672575611	0.033689340906804	0.0011349716907348	0.0003164544717174	1.8301437513541567	0.025342315608682	0.00064223296041	3.349426150620665	-1.1599584630061912	-0.0206098713705102	1.3455036358996857	0.0004247667979089	0.0278020006910021	-0.0005098262542034	0.0007729512424224	2.5992280947517176e-07	-0.0047499724983308	-3.4902698590200294e-05	2.2562238734898944e-05	1.2181983688783695e-09	0.007736126037384	0.0001087439133183	5.984764606629067e-05	1.1825238683777948e-08	0.0	0.0	0.0	0.0
930.4411506964803	-0.0996339389486138	865720.7349093904	0.0099269217904161	1110.5436832035814	1.455328682872505	1233307.2723033766	2.11798157519142	882.5687099582547	-0.4005812424879877	0.16046533183322	778927.5277973778	905.4552792532368	727.7486453050485	0.809856	18.973536	0.2418080984069167	0.1250746514686656	-0.0120795195	0.0973709524	0.0108774792	-0.049155061	-0.0712508874	0.0057333564	0.0631241169	-0.0720315104	0.0134574432	0.0322361479	-0.058375727	-0.1316096325	-0.0241183273	0.0617446239	-0.1176350481	0.1046658196	0.075844123	0.0192829348	0.0058697722	0.0599370339	0.0169505725	-0.0222449549	0.0393438492	-0.0061055032	0.0034710872	0.0599546198	-0.0586475854	-0.094299624	-0.0309615194	0.1138480139	-0.1823535957	-0.0285894268	0.0611670492	0.0249167705	-0.0833467942	-0.0570747964	0.0953764318	-0.0260438679	-0.0411655638	-0.0684072649	0.0307203964	-0.0311552524	-0.056066231	-0.0102435926	-0.0459797062	0.0673505902	0.0550815601	-0.0197313392	0.0441893266	-0.0377117894	-0.0871845834	-0.0575940077	-0.0351347956	0.0132705731	-0.0035658266	0.0492393823	0.054467722	0.0658473304	0.0493137451	-0.1051200894	-0.0734331244	0.0655010028	0.0996537853	0.0264843728	0.1162761342	-0.0064648926	-0.0991818829	0.0059450312	0.1031212016	-0.0064802219	-0.010174667	0.0169314964	-0.0169393785	-0.0524316358	-0.0849333036	0.0129122342	-0.0729512537	0.0907144138	0.0239908661	-0.0201795254	-0.0141671236	-0.0966375801	0.0837372001	0.0318813483	-0.0297828106	0.0246084937	0.0629263272	0.0165600234	0.1387701347	-0.0577090142	0.0152762753	0.184196209	-0.0586284003	0.0748408927	0.1671468469	0.0046895733	0.0735404136	0.1014363396	0.1227333441	0.1392684809	-0.0414498655	0.051605964	-0.0360604815	7.33535e-05	-0.0524941331	0.0375413012	-0.1259161521	0.1165232592	-0.1013839798	0.0812449131	-0.0065379191214844	0.0112512481360766	0.0001265905846195	4.274438643907135e-05	1.7174469735885791	-0.1126967777655776	0.0127005637187439	2.9496241070885696	-1.2066712731450338	-0.0467128101388425	1.4560555614334567	0.0021820866310675	0.0274087636058821	-0.0003932370851199	0.0007512403224031	1.5463540511367333e-07	-0.0042531672147079	0.0004968052836228	1.808943135626616e-05	2.468154898356299e-07	0.0072032231587985	-0.0005329028785854	5.1886423875451046e-05	2.839854780047116e-07	0.0	0.0	0.0	0.0
931.8384651732556	1.39731447677525	868322.9251764487	1.952487747005691	1108.2742184077467	-2.269464795834665	1228271.7431873018	5.150470459532878	880.2941989102206	-2.2745110480340145	5.173400507628791	774917.8766349871	902.718585356284	742.5188734042864	0.865886	20.286221	0.1671601476128248	0.0975783048954075	-0.0835724663	0.1373609436	0.0586123572	-0.0537935646	-0.1109370038	0.0388000546	0.096819116	-0.0420069379	-0.0040461608	0.0026323866	-0.0055288784	-0.0291035154	0.0503912875	0.0525341078	-0.1047982589	0.0848918786	-0.1072722396	0.0627503473	-0.0561988381	0.0722180058	0.0160274783	-0.0463430585	0.0370826673	-0.0055605975	-0.0348670146	0.0733136371	0.1078202813	0.0379551396	0.0473039331	0.0519973554	-0.0349992153	0.0410756491	0.0785725581	0.0658572242	-0.0083303948	-0.0390697868	0.0380520352	0.0065933755	0.1073497765	0.0581858273	-0.0562596815	-0.0608982559	0.0309055397	-0.0059663832	-0.0162692563	-0.0407216496	0.0234198978	-0.095854172	-0.0822822729	0.0827330041	-0.0877691621	0.081805536	0.0084949743	-9.99405e-05	-0.0840193769	0.0666503267	0.038030355	0.0549731542	-0.0366750508	0.070153879	-0.0241574114	0.0037642549	0.1240194916	0.0203971336	-0.0974088449	0.0567879967	-0.0987362887	-0.1345354337	0.1055285563	0.0592133362	-0.0122627722	-0.0294552826	-0.0947965524	-0.0560683104	0.0013068498	-0.000199607	-0.0713902442	-0.0318739782	-0.0773031876	0.127758	-0.0129404832	0.0439128822	0.1017669689	0.0032807035	-0.0535362645	0.0444758453	0.0776373328	-0.0119695754	0.1767213692	-0.0354778439	0.0432709204	0.1748131103	0.0141487482	0.0450653454	0.0967193164	0.0097172423	0.020571147	0.2103136388	0.0719240941	-0.0164908348	0.0490512995	0.0091679832	-0.23509451	-0.0063423214	0.0399425827	0.0902322728	-0.1266188352	0.1192723348	-0.1073422654	0.0912870929	-0.0150919134004396	-0.0085539942789552	7.317081812439828e-05	0.0002277658500863	1.7824204897055722	0.064973516116993	0.0042215577966051	3.177022802122252	-1.1918257065909472	0.0148455665540865	1.4204485148910106	0.0002203908463118	0.0263551140289456	-0.0010536495769365	0.0006945920354787	1.1101774309784705e-06	-0.0043462745203541	-9.310730564619958e-05	1.889010220627926e-05	8.668970364694828e-09	0.0076322076894716	0.000428984530673	5.8250594215229416e-05	1.840277275568195e-07	0.0	0.0	0.0	0.0
928.9104943673076	-2.927970805948007	862874.7065457158	8.573013040483822	1102.0340496312792	-6.240168776467499	1214479.0465467167	38.93970635879988	881.2399185348343	0.9457196246136164	0.8943856083793195	776583.7940192813	904.7964407301482	711.0630123360756	1.322223	30.977409	0.1626554459101523	0.114168237346834	0.0799060098	0.1371706403	-0.0377649402	-0.2163449658	-0.0446938885	-0.1545615237	0.0597750926	-0.099034672	0.0939189104	0.0901526386	-0.0002888731	-0.1146419128	-0.0267996174	-0.0826090225	-0.0318773068	0.0695172269	0.0383625452	-0.0205316024	-0.0350734904	0.0168045355	-0.1633535507	-0.075408376	-0.1125351094	0.0600012121	0.013341228	0.1491402804	-0.0152644285	-0.1505373166	-0.2228757787	0.0703348834	0.073651533	0.0651738091	0.0870434957	0.0537696699	-0.013946497	0.0650231155	0.1351024474	0.0733342714	-0.017420587	-0.1136442522	-0.0894768724	-0.0248820461	0.087100898	-0.0104916922	-0.0180572758	-0.1831549253	0.0102268639	-0.0511347157	-0.0074847817	-0.0538884289	-0.0631555587	-0.1043863465	0.0016813239	0.0308922014	0.0566429814	0.1857976947	-0.0274491449	0.1785545683	-0.0617126757	-0.1054342641	-0.055830984	-0.1062650698	0.2258062328	0.0720195432	0.1066902968	-0.0307662585	-0.0168434862	0.1311394183	-0.0554791846	-0.0287547129	-0.0581463297	0.0787403436	-0.1060900027	-0.0184454812	-0.0702922318	0.1355000724	-0.0182364823	-0.0215418406	-0.1712630596	-0.0293935772	0.0279208533	-0.011822781	0.1046202956	0.070135773	0.0843999137	0.1004239064	0.0519669425	0.1563887938	0.1349141861	-0.1757557474	-0.0287374029	0.0152945259	-0.216587793	0.0732815314	0.2038931716	0.1043479591	-0.1068424771	-0.0132141695	0.1262710735	0.2535192582	-0.0742941276	0.1318605092	0.1426172737	0.0340975614	-0.0643550376	-0.2432570264	-0.1272347401	0.1216944932	-0.1126387502	0.1003291122	-0.0179254336809719	-0.0028335202805323	8.028837180187851e-06	0.0003213211726509	1.890315849644708	0.1078953599391356	0.0116414086963956	3.573294011417994	-1.1759084850274777	0.0159172215634695	1.3827607651596177	0.0002533579423005	0.0260563413416878	-0.0002987726872577	0.0006789329241145	8.926511865124627e-08	-0.0041832264439185	0.0001630480764355	1.749938348109902e-05	2.6584675229349224e-08	0.0073738415706247	-0.0002583661188468	5.437353950867295e-05	6.675305136801027e-08	0.0	0.0	0.0	0.0
931.0462430521457	2.135748684838063	866847.106701515	4.5614224447875165	1105.828045283523	3.793995652243666	1222855.6657355772	14.39440300924384	883.2619748070126	2.022056272178361	4.088711567855849	780151.7161399839	905.3650621384716	699.271262205159	1.227187	28.750881	0.229564939049945	0.132327609107736	0.0747814454	0.0761552835	-0.0658328454	-0.0515729793	-0.0104168982	-0.0793603333	0.0212150158	-0.0400667751	-0.1094014329	0.0134821188	-0.0557499402	-2.95551e-05	0.0894099236	-0.1196872335	0.1329614451	0.0743153587	0.053973539	-0.0317862749	-0.1137586823	-0.0351042175	0.029935024	-0.0284398072	-0.0325661979	-0.0298362162	0.0272572614	-0.1171708558	-0.0807084472	-0.0201990296	-0.0325420092	0.0144805869	0.0007004251	-0.0049508256	-0.0398901731	-0.0602639368	-0.0047248326	0.0715232565	-0.0304538885	-0.0100988327	-0.0616644419	0.0900976737	-0.0143272507	-0.0284207742	-0.0189582473	-0.0633243729	-0.0670095715	0.0571504402	-0.0354581965	0.0088907189	0.0650138062	0.0429127016	-0.055972553	-0.0697829451	0.0514939782	0.1051063837	-0.0913254439	-0.0393298608	0.0686153039	-0.0945719552	-0.0937798236	-0.015599566	0.0432633868	0.0446947238	-0.0510861602	0.0480296128	0.0424370066	-0.062650442	0.0965789287	-0.0004655826	-0.0051385342	-0.1005295133	0.0481716408	0.0469801874	-0.0542764469	0.0450633267	-0.0451266762	-0.0042632274	0.0129482655	0.0601885459	0.0585827718	0.0020916767	0.0621354379	-0.0012581677	0.0857108178	0.0282434416	0.0627443128	0.1063523064	-0.0526044511	0.0315819393	-0.0711969699	0.0040545884	0.0381559408	-0.139170373	-0.1047354986	0.0477491352	-0.0827411992	-0.0080129656	-0.0308138358	-0.1094115685	-0.0043073255	-0.0658632061	-0.06889845	0.0562877236	0.116880695	0.0305856836	0.137802672	0.0540408913	-0.1277634447	0.1237830955	-0.1172407796	0.1082719048	-0.0040370013355897	0.0138884323453822	0.0001928885530122	1.6297379783553025e-05	1.8529998755953585	-0.0373159740493493	0.0013924819192517	3.433608538956414	-1.2290292837437562	-0.0531207987162785	1.5105129802996904	0.0028218192562553	0.0279428141190076	0.0018864727773197	0.0007808008608894	3.558779539568676e-06	-0.0047391265354892	-0.0005559000915706	2.2459320319377864e-05	3.090249118083122e-07	0.0074362633805129	6.242180988819991e-05	5.529801306435714e-05	3.896482349718572e-09	0.0	0.0	0.0	0.0
931.8029394768856	0.756696424739971	868256.7180177646	0.5725894792142546	1108.2626228689032	2.434577585380339	1228246.0412482608	5.927168019236361	883.1920365888993	-0.0699382181132932	0.0048913543528625	780028.1734940477	906.2886913789354	706.048959818647	1.060371	24.842682	0.1921984034218926	0.0973689312116465	0.0833559048	0.0602955206	-0.0822676405	0.005979151	0.0074361122	-0.1255146165	-0.0487678026	-0.0302375418	0.0142080014	0.0093874075	-0.0965079185	0.0208464913	-0.0274760748	-0.1419060197	-0.0653913379	0.0460094623	0.0692710599	-0.0275480166	-0.0901790776	-0.0691018051	-0.018325751	-0.0712551511	-0.0348795458	-0.0574396659	-0.0913804988	-0.1202740807	0.0690841577	0.0899102029	-0.0331043426	0.0036183276	0.0842444566	0.0616358353	-0.1015410451	0.0481694134	-0.0713211763	-0.0011509232	-0.1144545134	-0.0086760028	0.0043869569	-0.1267215297	0.1183815114	0.004531669	-0.0451191017	0.0077295372	0.0770609197	-0.0349643943	0.1038215855	-0.00823207	0.045003526	0.0859448886	-0.0445249169	-0.1009277804	-0.0296099117	0.0512828392	0.0145724708	-0.0001639788	0.0810495762	-0.0634338764	-0.1252597602	0.0776828557	0.0637623012	0.0843867419	-0.1127243633	0.1497393835	-0.0639188484	0.0752353103	-0.0403545737	0.0178393801	0.0034463455	0.0707892414	-0.0456025645	0.0372827272	0.0886615295	0.1041149212	0.0599980267	0.0203685922	0.0105712319	-0.1583998489	-0.0411186159	0.0723709627	-0.1319640359	0.0269140801	0.0590612115	0.0127100662	0.0882713609	0.0414093484	-0.0678909389	-0.0344914293	-0.0986122598	0.1314183708	0.1233113819	-0.1382905524	0.0424617089	0.0214880842	-0.1744323423	-0.1848117766	-0.1156313027	0.0094183589	-0.1745843666	-0.1830164773	0.1692898578	-0.0403020312	0.0687921518	0.0288454454	0.0019248398	0.0893305288	-0.1282045865	0.1255324169	-0.1211199807	0.1150284477	-0.0224445273372566	-0.0184075260016669	0.000338837013502	0.0005037568073928	1.9236082288389296	0.070608353243571	0.0049855395477689	3.700268618056844	-1.233201709261451	-0.0041724255176947	1.520786455725364	1.7409134700709885e-05	0.0293587038461584	0.0014158897271508	0.0008619334915264	2.0047437194511708e-06	-0.0044910372543061	0.000248089281183	2.016941561956528e-05	6.154829143794692e-08	0.0071200404156676	-0.0003162229648452	5.069497552074005e-05	9.999696349555165e-08	0.0	0.0	0.0	0.0
930.6958286538614	-1.1071108230241862	866194.7254736978	1.2256943744572908	1112.00542756553	3.742804696626763	1236556.0709351972	14.008586997091356	883.4313246283339	0.2392880394345411	0.0572587658164265	780450.9053345727	905.9584373917172	720.9007179587896	1.185498	27.774178	0.2064178976825542	0.1450470314169348	-0.0316850424	-0.0068994506	-0.0747948514	-0.0068078917	-0.0369706964	0.0002604133	0.013381956	0.0610420109	-0.1269799218	-0.0394401988	-0.0580600123	-0.0710793593	-0.0332787607	0.0660348451	-0.0640198393	0.0146978416	0.0381768077	0.002488302	0.065338567	0.0024984165	0.0573221559	-0.0237538866	0.0207203984	0.0403996281	0.01465126	-0.127549985	-0.0175998462	0.0409406028	0.0274852	-0.1061214531	-0.0552193903	0.0201415688	-0.0979082696	-0.0615273246	0.0130739165	0.0404040507	0.0536294973	0.035145582	-0.1049789725	-0.0254629215	0.1371075979	-0.0100097143	-0.0062537844	0.1047520373	-0.1271506254	0.1666573612	-0.0632162527	-0.0024013344	0.0522244385	-0.0552762511	-0.0210805603	-0.000746661	-0.0002442185	-0.042300128	0.0265945652	-0.0549082965	0.0654214732	-0.0207548776	0.0516215817	0.026942719	0.1471958473	0.0855870502	-0.0787815357	0.0161542606	0.0351508873	-0.046216588	-0.0180589274	0.0689181733	-0.0457057469	0.0449219613	0.0103284066	-0.0315097899	0.0331652909	0.0459000714	0.0459849943	-0.0451805192	0.0051392875	0.1297298021	0.1463739677	-0.0833014484	0.0388863559	0.0088052994	0.027193895	-0.064740625	0.0625011173	-0.0384686593	-0.03568125	0.0889746535	-0.0512360316	0.1600057566	0.0914090755	-0.0635968208	0.1691485931	-0.0628197428	-0.0566796653	-0.0713214519	0.0674470405	0.0420577553	-0.0475344827	-0.1186191869	-0.0162646351	-0.1429532397	0.1508803988	-0.0907201681	-0.0218140233	-0.0337880041	-0.1285578634	0.1269376627	-0.1242524367	0.1205247148	-0.0074959522772388	0.0149485750600178	0.0002234598963249	5.618930054264155e-05	1.901172378277664	-0.0224358505612656	0.0005033673904074	3.614456411925949	-1.2494380540299517	-0.0162363447685007	1.5610954508581525	0.0002636188914416	0.03193146386192	0.0025727600157616	0.0010196183843651	6.619094098701632e-06	-0.00439092785781	0.000100109396496	1.928024745249192e-05	1.0021891266813354e-08	0.0075031135492653	0.0003830731335977	5.629671293316853e-05	1.4674502568436132e-07	0.0	0.0	0.0	0.0
931.3640683974154	0.6682397435539542	867439.0279017854	0.4465443548650545	1113.4461796840774	1.4407521185473795	1239762.3950530668	2.075766667098763	883.0372621417482	-0.3940624865856534	0.1552852433340683	779754.8063307946	905.9494152932836	735.7537428405387	1.017071	23.828222	0.2459733174387826	0.1469829307516695	-0.0635780372	0.0135618855	0.0016760098	-0.0363157477	-0.1039642115	0.0305441696	0.0066007898	-0.0245651632	0.0474925869	-0.0062676296	-0.122535321	0.0123444246	-0.1333964566	0.1091718505	-0.0031084622	0.0754715624	0.04013217	0.0493510751	0.1070268959	-0.0424981761	-0.0029469711	-0.0279715097	0.0905421174	0.0395709723	-0.0156204825	0.0653427868	0.0703082548	-0.0702833597	0.0029104071	-0.0091756103	-0.0336839869	-0.0371984962	0.0067506587	0.0036088345	0.0594925864	-0.0940374807	0.0559617997	-0.0266815639	0.1031064437	-0.0141813699	0.027342222	0.0161274952	0.0716144546	0.0558195135	0.0550546527	0.024819537	-0.1313132055	-0.0165261898	0.0381668519	-0.0318141113	-0.0729810672	0.044897537	-0.0624663686	-0.0434573866	0.099443926	-0.037410395	0.0850143737	0.0531349292	0.0970748017	-0.0420197571	0.0074371285	-0.0184092565	0.1276608688	-0.0220451642	0.0171502214	0.0187591493	-0.0068117491	-0.0537949012	-0.026152955	0.0284768407	0.0358505683	-0.0084289361	0.053262086	-0.0232989465	-0.063677414	0.0779405076	-0.0338032354	-0.0454071499	0.0578333337	0.0770565558	0.0528206791	-0.0253104522	0.0411898599	-0.0447513252	0.0576898465	-0.0718777315	0.0366244633	0.0966386668	0.1287623587	0.0781613418	0.0394011876	0.1296392308	0.0385499066	-0.0772169517	0.0542861442	-0.0007301705	0.0270346484	0.0043810524	-0.0437980971	-0.158589137	0.1691999464	-0.1103119936	0.1695066144	0.0475598028	-0.096472397	-0.0376955107	-0.1288230331	0.1279949812	-0.1266188352	0.124700488	-0.0079419321733951	-0.0004459798961563	1.988980677755851e-07	6.307428664680823e-05	1.9379991763286029	0.0368267980509389	0.0013562130546846	3.755840807450343	-1.1283865544654643	0.1210514995644873	1.2732562162984422	0.014653465546811	0.0309747717725793	-0.0009566920893407	0.0009594364863633	9.15259753807074e-07	-0.0048261420350983	-0.0004352141772883	2.3291646942942764e-05	1.894113801127319e-07	0.0071420390173503	-0.000361074531915	5.1008721325354045e-05	1.3037481759763648e-07	0.0	0.0	0.0	0.0
927.9325355183508	-3.431532879064548	861058.7904735154	11.775417900101026	1106.690212927132	-6.755966756945327	1224763.227388701	45.64308682095036	880.9321979229267	-2.1050642188215534	4.4312953653627964	776041.5373373184	904.8346233174848	734.9447761769675	0.920572	21.56743	0.1401150553964945	0.0727013958840377	-0.0654800682	0.0177851778	0.0016075443	-0.0829772137	-0.0856280522	-0.0322229646	0.0527664598	-0.0042807575	0.0185058065	-0.0470084997	-0.0726175058	0.0233179464	0.0029908816	0.0632139191	0.0876210153	0.0839869068	-0.0730208423	-0.0389962379	-0.0491292237	0.0721131075	-0.0433782796	0.0260279882	0.1206868386	0.0480235042	-0.0140247022	0.1027054894	0.089161658	0.0358201902	0.0216322906	0.0199197742	-0.0522292386	-0.0852458426	-0.0072159183	0.0987972708	-0.032064825	-0.0034598681	-0.0394283343	0.0451114982	0.0250226759	0.0679601026	-0.0076415316	-0.0530566901	0.0841495717	0.0546647258	0.037989751	0.0014854872	-0.026402141	-0.0679399554	0.0382097065	-0.0700159253	-0.0725836004	0.0290481737	0.0945991048	-0.0164572569	-0.0149666466	0.0600999782	0.0623082807	-0.0113647461	0.1243257072	0.0719789888	-0.0168656865	-0.044913318	0.1011613702	-0.0055538348	-0.0020852071	0.0804426802	-0.0011291634	-0.0581176747	-0.0176720169	-0.1312762483	-0.0899376715	0.0053161124	-0.0705576131	-0.0543978018	0.0362192565	0.0174000005	0.0295993272	0.0537209666	0.0261655526	0.096943645	0.0245417842	0.0031597111	0.0529062027	-0.0489163449	0.0640969047	-0.0818653709	0.0051066839	0.1424538934	0.1217163713	0.0282553146	0.0249257754	0.0346762447	0.0497790958	-0.0645262573	-0.0333653148	0.0434071503	-0.0057122833	-0.0699020553	-0.0147719313	-0.121929853	0.0255601746	0.0415083073	0.1587893949	-0.0605194326	-0.098870095	-0.1861671819	-0.1289999139	0.1287014744	-0.1282045865	0.1275100165	-0.0094689423393816	-0.0015270101659864	2.3317600470261164e-06	8.966086902653349e-05	1.9073536928434576	-0.0306454834851452	0.0009391456580383	3.637998109603575	-1.1153138004918617	0.0130727539736026	1.2439248735676005	0.0001708968964543	0.029826463111745	-0.0011483086608343	0.0008896179017562	1.318612780547066e-06	-0.0041602548698027	0.0006658871652956	1.730772058171708e-05	4.434057169054105e-07	0.0072252393466556	8.320032930529946e-05	5.220408361646024e-05	6.9222947965102734e-09	0.0	0.0	0.0	0.0
929.0363382826446	1.1038027642937325	863108.5178496244	1.2183805424624847	1110.8645236291618	4.174310702029743	1234019.9898578443	17.424869837080045	881.6789512326866	0.7467533097599244	0.5576405056374015	777357.7730467701	904.6042620618736	732.0411903240929	0.808475	18.941183	0.2240066901187884	0.1282674301722059	-0.073961437	0.0337599229	-0.0011029856	-0.0356396651	-0.0554266231	0.0559173955	0.0177351605	0.0299551133	-0.1650798027	-0.048726576	-0.0156042133	-0.0146284648	0.103248245	0.0540276668	0.0479713719	0.074448559	-0.0540622674	-0.0132073141	-0.0496923676	0.0178448611	0.1144998139	0.0477616708	0.0164785031	0.0403676019	-0.0319786072	-0.0267886692	0.0455661138	0.0130607232	-0.0470702744	-0.0909194008	-0.094424789	-0.0006802415	-0.0381907276	0.021138235	0.0282907779	0.0411361305	-0.0741339224	-0.0203384288	-0.029450733	-0.0746113398	-0.0074788075	0.0003167033	-0.0545704432	-0.0172581488	0.0108580341	-0.0039066225	-0.0771046312	0.024915925	-0.0764175675	-0.0064624098	-0.0663473155	0.0432373315	0.0794553521	0.0195465964	-0.0968452666	-0.0624591224	0.01669053	-0.0768501266	0.0364190133	0.0279490679	0.0820025088	0.0663610798	0.0078561139	-0.0142905633	-0.0276185676	-0.0179527192	-0.0062461931	-0.0357835497	0.0063295968	0.0636287019	-0.1008191742	-0.0002676114	0.0221554209	0.0637099229	-0.0081110594	0.1205519369	0.0491759671	-0.0326560123	0.0951942316	-0.0305029684	-0.0013270591	-0.0092688154	0.0646161213	-0.0510164371	0.0029134656	-0.0573363362	-0.0327431901	0.0629010862	0.0273064393	0.12568361	0.0308632781	0.0249917271	0.1775630842	0.0046670304	-0.0106260409	-0.0490150791	0.1250956778	0.0191108297	-0.066662446	-0.0591241451	0.0652998036	-0.0809553189	0.0592167018	-0.0223532562	-0.0649493861	0.0032326047	-0.1290883846	0.1290552057	-0.1289999139	0.1289225186	-0.0009630903421253	0.0085058519972563	7.234951819922899e-05	9.275430070950274e-07	1.7898908327730396	-0.1174628600704179	0.0137975234959225	3.2037091932449653	-1.1628476105919958	-0.0475338101001341	1.352214565459514	0.0022594631026356	0.0295421747328356	-0.0002842883789094	0.0008727400879453	8.081988238293515e-08	-0.0046321346210789	-0.0004718797512761	2.145667114779776e-05	2.226704996644882e-07	0.0074791545754896	0.000253915228834	5.593775316406703e-05	6.447294343382296e-08	0.0	0.0	0.0	0.0
