global_signal	global_signal_derivative1	global_signal_power2	global_signal_derivative1_power2	csf	csf_derivative1	csf_power2	csf_derivative1_power2	white_matter	white_matter_derivative1	white_matter_derivative1_power2	white_matter_power2	csf_wm	tcompcor	std_dvars	dvars	framewise_displacement	rmsd	t_comp_cor_00	t_comp_cor_01	t_comp_cor_02	t_comp_cor_03	t_comp_cor_04	t_comp_cor_05	t_comp_cor_06	c_comp_cor_00	c_comp_cor_01	c_comp_cor_02	c_comp_cor_03	c_comp_cor_04	c_comp_cor_05	c_comp_cor_06	c_comp_cor_07	w_comp_cor_00	w_comp_cor_01	w_comp_cor_02	w_comp_cor_03	w_comp_cor_04	w_comp_cor_05	w_comp_cor_06	w_comp_cor_07	w_comp_cor_08	w_comp_cor_09	w_comp_cor_10	w_comp_cor_11	w_comp_cor_12	w_comp_cor_13	w_comp_cor_14	w_comp_cor_15	w_comp_cor_16	w_comp_cor_17	w_comp_cor_18	w_comp_cor_19	w_comp_cor_20	w_comp_cor_21	w_comp_cor_22	w_comp_cor_23	w_comp_cor_24	w_comp_cor_25	w_comp_cor_26	w_comp_cor_27	w_comp_cor_28	w_comp_cor_29	w_comp_cor_30	w_comp_cor_31	w_comp_cor_32	w_comp_cor_33	w_comp_cor_34	w_comp_cor_35	a_comp_cor_00	a_comp_cor_01	a_comp_cor_02	a_comp_cor_03	a_comp_cor_04	a_comp_cor_05	a_comp_cor_06	a_comp_cor_07	a_comp_cor_08	a_comp_cor_09	a_comp_cor_10	a_comp_cor_11	a_comp_cor_12	a_comp_cor_13	a_comp_cor_14	a_comp_cor_15	a_comp_cor_16	a_comp_cor_17	a_comp_cor_18	a_comp_cor_19	a_comp_cor_20	a_comp_cor_21	a_comp_cor_22	a_comp_cor_23	a_comp_cor_24	a_comp_cor_25	a_comp_cor_26	a_comp_cor_27	a_comp_cor_28	a_comp_cor_29	a_comp_cor_30	a_comp_cor_31	a_comp_cor_32	a_comp_cor_33	edge_comp_00	edge_comp_01	edge_comp_02	edge_comp_03	edge_comp_04	edge_comp_05	edge_comp_06	edge_comp_07	edge_comp_08	edge_comp_09	edge_comp_10	edge_comp_11	edge_comp_12	edge_comp_13	edge_comp_14	edge_comp_15	edge_comp_16	edge_comp_17	edge_comp_18	edge_comp_19	edge_comp_20	edge_comp_21	edge_comp_22	edge_comp_23	cosine00	cosine01	cosine02	cosine03	trans_x	trans_x_derivative1	trans_x_power2	trans_x_derivative1_power2	trans_y	trans_y_derivative1	trans_y_power2	trans_y_derivative1_power2	trans_z	trans_z_derivative1	trans_z_power2	trans_z_derivative1_power2	rot_x	rot_x_derivative1	rot_x_power2	rot_x_derivative1_power2	rot_y	rot_y_derivative1	rot_y_power2	rot_y_derivative1_power2	rot_z	rot_z_derivative1	rot_z_derivative1_power2	rot_z_power2	motion_outlier00	motion_outlier01
920.8222669641896	n/a	847913.6473370692	n/a	1086.6135603768485	n/a	1180729.029594851	n/a	879.3698407291816	n/a	n/a	773291.3167840663	897.1838455527637	786.6233041043766	n/a	n/a	n/a	n/a	-0.0427422442	0.0380409985	-0.097533715	0.0579816174	-0.1347008873	-0.1364461752	0.0768292286	0.1104988604	-0.0527789525	0.0989238421	-0.0560052727	0.0928580326	-0.1590655724	0.2766240534	-0.2499041619	0.019340256	-0.0752611991	0.0534755011	-0.1568684881	0.1045236441	-0.028086814	0.0680857315	-0.0030230546	0.1331459011	-0.0888724719	0.1177876354	-0.2201976643	0.0142427207	-0.0403007239	0.0690423396	-0.0098007554	0.0365883046	-0.0010130006	0.1447301991	0.0720254324	-0.0249040378	0.1341637906	-0.2078753695	0.0440334635	0.0016878355	0.0865947288	-0.1033817061	0.0049226281	0.0391896347	-0.1130330093	-0.0633924601	0.0354246126	0.0003821429	-0.0073445494	-0.0691052714	-0.0424056318	-0.065603013	0.0074422318	-0.0326810402	0.0519114583	-0.194379353	-0.0030288604	0.0688798172	-0.0458470372	0.2280645664	0.0835047673	-0.1237749944	0.1558002982	-0.0319154484	0.0743859573	-0.0994844262	0.1456230292	-0.0241047314	0.1277992674	-0.1309721486	0.2574204577	-0.0393909283	0.004431359	-0.1323461928	-0.0906883185	0.0920181765	-0.0402526038	0.1397225472	0.2537499366	0.0747464733	-0.0157092524	-0.0369610189	-0.047865117	0.0593781882	-0.0596385327	0.0151889067	-0.1173723051	0.0099028147	-0.041594452	0.0343176304	-0.0739793182	0.0739424733	-0.0251001405	0.1172966413	-0.1598164663	0.0420701264	-0.0804529318	0.1200392383	-0.0822187799	0.0926003306	-0.0685254316	0.0196712118	-0.1242512875	0.0945091168	-0.0497805154	0.0149593681	-0.0494769499	0.1284165234	-0.0206837364	0.1290883846	0.1290552057	0.1289999139	0.1289225186	0.0001048255542031	n/a	1.0988396813987056e-08	n/a	-0.0035574374139883	n/a	1.2655360954443762e-05	n/a	0.0169828774340459	n/a	0.0002884181259398	n/a	0.0005229286723057	n/a	2.734543963194022e-07	n/a	-0.0004860763571188	n/a	2.362702249498832e-07	n/a	-0.0002918722977363	n/a	n/a	8.518943818586736e-08	0.0	0.0
925.2875454190864	4.465278454896861	856157.0417076779	19.9387116797661	1090.056637718564	3.44307734171548	1188223.4734343006	11.854781581034532	882.6505577544463	3.2807170252646074	10.763104199861054	779072.0071042351	898.9249903688444	788.138794507238	1.361183	23.45269	0.1105706961633756	0.0621707454649739	0.0518591043	-0.1116681355	-0.0412248323	0.1690114457	0.1497352202	0.0039288925	0.0652667791	0.0372274581	-0.1297109356	-8.6596e-06	-0.2639850059	-0.0221495003	0.0552293574	-0.0958295991	-0.0220921625	-0.1781889977	-0.0276782871	0.0912022482	0.1302477267	-0.0837230704	0.0733934417	0.0213831748	-0.0085949125	0.03726823	-0.1051656958	0.0536798751	0.0262644629	0.1241516911	-0.040519543	-0.1520235382	0.2168516598	-0.1679171546	0.0618652594	0.0197623282	0.0658142942	-0.0828519201	-0.029020257	-0.0808559439	-0.0381395027	-0.0749239476	0.0430194255	-0.1999596625	-0.0119819439	0.0678821523	0.0956279789	0.0540475981	-0.001404603	-0.0317254584	0.0406905553	-0.0316586061	0.1466198451	-0.0469027112	0.2212044352	-0.0549906504	-0.1447884068	0.0712223405	-0.0133114408	0.046070905	-0.0814623718	-0.031399632	0.0963146372	-0.0467222372	0.1014882963	-0.0317978102	-0.0189589114	-0.0344514582	-0.2489694394	0.0642297103	-0.0856126524	-0.0306448184	-0.0463547241	-0.1233958096	-0.1636713709	-0.0110091625	-0.1054596463	-0.0300683688	0.0243866751	-0.1084741878	0.0308041593	-0.1545017785	0.1114220192	-0.2087150215	0.0918230694	0.0255573276	0.0675255241	0.0815429286	0.1306234564	-0.0034508019	-0.1834919505	-0.1136914425	0.0320493504	-0.1260906664	-0.0994378903	0.1004989826	0.0829065225	-0.12516857	-0.0764347221	0.017481383	0.0042269767	0.1338684992	-0.0618393617	0.0543097219	-0.0810161459	0.0347311609	-0.0322189721	-0.0615840604	-0.0617848548	0.1449508948	-0.1517495043	0.1289999139	0.1287014744	0.1282045865	0.1275100165	4.6094409896113575e-05	-5.873114430698642e-05	2.124694623670933e-09	3.4493473116080636e-09	0.0240714998911357	0.0276289373051239	0.0005794371070089	0.0007633581766104	2.269174231628313e-05	-0.0169601856917296	5.149151693485943e-10	0.0002876478986979	-0.0005550889592838	-0.0010780176315895	3.0812375271877214e-07	1.162122014017835e-06	-0.0003998760229069	8.620033421190005e-05	1.599008336958396e-07	7.430497618243265e-09	-0.0004461111723792	-0.0001542388746429	2.3789630451108222e-08	1.990151781215443e-07	0.0	0.0
926.156089314408	0.8685438953215225	857765.1017741576	0.754368498100284	1081.7097385224845	-8.346899196079448	1170095.9584143818	69.67072618951174	883.9543435373614	1.3037857829151562	1.6998573677316868	781375.2814585676	900.7612944945416	817.6379301653651	1.312655	22.616568	0.2078056499003785	0.1041638864260243	0.1774416846	0.0464102935	0.1094764725	0.0001572982	-0.0312479102	0.1099885155	-0.1090699548	-0.1119213655	-0.109999422	-0.2298245293	0.0357063553	0.0129049331	0.0213433905	0.1121245466	-0.0247803244	-0.1887067379	0.026827977	-0.1196302783	-0.0408267224	-0.1667544188	-0.104134221	0.1596229757	-0.0138371899	0.1102746126	-0.0105148672	-0.043037855	-0.0240867367	-0.0621368921	-0.1281044793	-0.0354219196	-0.0117583924	-0.0167788881	-0.0810675121	-0.0072090719	0.0538910948	0.0397410481	-0.0565910122	0.0870180571	-0.0476955653	-0.0743411581	-0.0994123419	-0.230444015	0.1045950187	0.0076605075	0.1419522111	-0.0266167728	0.0325425094	-0.0410441312	0.0560963295	0.0554663351	-0.2267981303	0.0012348836	0.1781954701	0.0580328051	0.130892448	0.1317499275	-0.1147777764	0.1874915485	0.0441541405	0.0063181718	0.0203073777	-0.0082447314	-0.020588263	0.0886260161	-0.0467598862	-0.0441764646	0.0621800007	0.0470709419	0.0630662978	0.0534252203	0.1432486849	0.0874601159	0.1140476308	-0.0968305028	0.0087956315	0.0026014213	0.1341561508	0.0425512862	-0.1241717077	-0.0190995495	0.1589108895	-0.1639079558	0.1778615194	-0.0275260776	0.0945868274	0.1353772171	0.056772077	-0.0902675784	0.0537750624	0.1011179646	-0.0158973745	-0.116913149	0.0412731398	-0.1939229301	0.0437372433	0.0867948793	-0.0226353627	0.0902216952	0.0633486007	0.0843564981	0.0040098098	-0.2395168382	-0.0730107772	-0.0274974327	-0.2614118868	-0.0521791729	-0.0065818972	0.0506361825	-0.2879020383	0.1288230331	0.1279949812	0.1266188352	0.124700488	0.0193472184762413	0.0193011240663451	0.0003743148627674	0.0003725333902244	-0.0559616045009079	-0.0800331043920436	0.003131701178316	0.0064052977986277	-0.0389946186723904	-0.0390173104147066	0.0015205802854051	0.0015223505119975	0.0001010003640816	0.0006560893233654	1.0201073544615757e-08	4.304532002340684e-07	-0.0001129999482616	0.0002868760746452	1.2768988307124276e-08	8.229788220389573e-08	5.650155761595625e-09	0.0004461168225349	1.9902021934869045e-07	3.192426013029224e-17	0.0	0.0
919.835792276935	-6.320297037472983	846097.8847537367	39.94615464188976	1078.5818541027252	-3.127884419759312	1163338.8159996725	9.783660943373045	880.6657363258748	-3.2886072114865783	10.814937391441529	775572.1391383953	897.4675227916974	794.6384245821102	1.307188	22.522373	0.140269911242234	0.0871319953217293	0.0268053385	-0.0665751788	-0.039260065	-0.1626734355	-0.1762248565	-0.0681010391	-0.0153230465	-0.0420409354	-0.1146895045	0.1664307414	0.1338278927	-0.0083010284	0.2289066591	0.1203155635	-0.0557215184	-0.0171976449	0.1003756754	-0.0179119035	-0.1618903619	0.051313824	-0.0203972654	0.113055017	-0.0625215763	0.0508329022	-0.0518786312	0.1183896786	0.0430511018	-0.0574925026	-0.0279046642	0.0286082948	-0.0242905069	0.0836552876	0.0914138932	-0.014110601	0.0306235669	0.0249532348	-0.0677590205	-0.0447443013	0.022152155	-0.1981660095	-0.0402790316	0.0996817029	-0.0530683829	-0.0878507819	-0.0224882507	-0.201991468	-0.0093432361	0.0549566272	-0.0523558751	0.1152524393	-0.0407899847	0.0925079484	-0.0064148734	-0.0557543954	0.1634659762	-0.0569341365	0.0286542704	0.0460531077	-0.1138233964	0.1083715664	0.0536243446	-0.0815294649	-0.0984885391	-0.0640936213	-0.1106840959	-0.0108242501	0.0241075321	-0.0113583822	0.0324986699	-0.0290241553	-0.0011582286	0.0467130239	0.0970833601	-0.0726658955	0.107928571	0.1411783432	0.0860837776	-0.1867578469	0.1159689145	-0.0391982099	0.028932684	0.1427136295	0.0476998441	-0.0210685699	-0.0786660779	0.0324066746	-0.0736165718	-0.0528598865	-0.0368653277	0.0806548001	-0.0821939993	0.1044352899	0.0577641107	-0.0051970089	-0.1968728401	0.1485276701	0.0518460725	0.0494315067	0.08695138	-0.1001723014	-0.0430048439	-0.028213369	-0.0520836049	-0.0307835321	-0.0628099819	-0.0198621983	0.0198520625	0.042395637	-0.0345192664	0.1285578634	0.1269376627	0.1242524367	0.1205247148	0.0109773841423361	-0.0083698343339052	0.0001205029626084	7.00541267770183e-05	0.004140880741275	0.0601024852421828	1.7146893313462195e-05	0.0036123087322868	0.0200022180329284	0.0589968367053188	0.0004000887262368	0.003480626741234	-0.0001550002313024	-0.000256000595384	2.4025071703797503e-08	6.553630483696248e-08	-0.0001130000964955	-1.4823389999469528e-10	1.276902180799231e-08	2.197328910763733e-20	-8.705442881170558e-09	-1.4355598642766185e-08	2.0608321239219028e-16	7.578473575732314e-17	0.0	0.0
918.4214682628552	-1.4143240140797388	843497.9933660988	2.0003124168026254	1089.7186779203869	11.136823817661709	1187486.7970085558	124.02884474563707	880.1442313620572	-0.5215049638176197	0.2719674272864168	774653.8679999065	897.4942215686192	780.3024558152981	1.214	20.91678	0.0543473730361174	0.0279894428608407	-0.1086363378	-0.1288790562	0.0821565589	-0.1017387596	-0.0428425672	0.0063279659	0.0719835006	-0.1353647416	0.1244247459	0.1357287252	0.0066972949	-0.0500067028	0.0459933541	0.0021089252	0.0035646202	0.0046089964	0.1335589816	0.0113973817	0.019665945	0.0868325564	-0.0232036952	0.0323693118	0.0366663622	-0.1348814267	0.0154225408	0.1411311877	-0.101409138	0.0452390653	0.0454784285	0.0296559942	0.0175407643	-0.0823708691	0.0117294044	-0.0294824203	-0.2173038796	0.0806761713	-0.049875732	0.2269530177	0.0524586907	-0.0489608428	0.1235832462	0.0555282689	0.0278571637	-0.0552704622	0.0115488897	0.1250815905	-0.1111223322	0.0672181595	4.98087e-05	-0.0770257783	0.092390214	0.1544368942	-0.0402630618	0.0185679131	-0.0194613821	-0.0380250586	0.0025491721	-0.0063328844	-0.0292955546	0.0745453707	0.0044553917	0.0074048853	-0.0377568467	-0.0687397145	0.0817184379	0.091524988	-0.0208714558	0.0068200182	-0.1140734735	0.086887095	-0.1475329054	-0.076895873	-0.184871827	-0.041455169	-0.017405621	-0.0047727564	0.2186073078	0.0274674757	-0.1409412922	0.1781679072	-0.0813031419	0.0990527195	-0.0195367014	-0.0515777166	0.0226676418	0.0258269035	-0.0347750345	0.0985115358	-0.0803843829	-0.1000863841	0.0663569912	0.0698966174	0.0441540664	-0.0223003073	-0.0296869396	-0.0396425424	0.0288384201	-0.0046156218	0.1082818309	0.0960062798	-0.0521537919	0.1572848097	0.0355496881	-0.1212264937	-0.157898675	0.059291484	0.0414749508	0.0253449776	0.0100038942	0.1282045865	0.1255324169	0.1211199807	0.1150284477	0.0193469386486668	0.0083695545063306	0.0003743040350752	7.004944263444051e-05	-0.0124977461389477	-0.0166386268802227	0.0001561936585535	0.0002768439044592	0.0405908920259179	0.0205886739929895	0.0016476205154597	0.0004238934967896	2.000000810433874e-05	0.0001750002394067	4.0000032417361515e-10	3.0625083792415874e-08	-0.0001130003179576	-2.214621000012863e-10	1.2769071858518697e-08	4.904546173697973e-20	1.1868197713673102e-09	9.892262652537868e-09	9.785686038679554e-17	1.4085411697083544e-18	0.0	0.0
917.65024359806	-0.771224664795227	842081.9695755788	0.5947874835885103	1080.5927157084147	-9.125962211972135	1167680.617242087	83.28318629434338	879.4590668990315	-0.6851644630256715	0.4694503413932567	773448.2503509152	898.0008465026069	786.4183701840703	1.176365	20.268333	0.0833135569610924	0.0451938929304781	-0.1482751134	0.1162893381	0.0521412544	-0.0756686256	-0.0161454616	0.0766157554	-0.0316313326	0.0558981905	0.2096437643	0.0209290794	0.0890013222	-0.0188034771	-0.0058080001	0.0510408402	-0.1119614482	0.0309105607	-0.0459564938	-0.0948259193	0.0646601204	0.1098688436	-0.0539111599	-0.1108167241	0.0693782924	0.0846765142	0.0590411978	-0.0591725198	-0.1159312792	-0.2092785931	-0.0483630847	0.064998715	-0.0754039343	0.0330742393	-0.0768911927	0.1266744042	-0.0070011288	-8.21439e-05	-0.2416309783	0.1175560751	-0.0622514069	0.1263936735	-0.0670142611	-0.0411312123	-0.0678045213	-0.1640997337	-0.0962959581	-0.0792602472	0.0801346478	0.005794211	-0.0341149506	0.0183124681	0.1090752805	0.0111039738	-0.0621208944	0.1421531114	-0.0067009612	-0.0525987089	0.008462037	-0.1199294268	0.0154635777	0.0850706054	-0.1401594724	0.0589461078	-0.0066905922	0.0640277293	-0.2002960252	0.0106569097	0.1595014945	0.0097171023	0.0184513466	0.0089189603	0.1134353197	-0.0651591139	-0.0490231869	0.0396078809	0.1183383609	-0.1858727574	-0.0265248136	0.0224509469	0.0055149462	0.0986939318	0.0647165556	-0.0552230775	0.0896218935	0.0887975424	-0.0145869564	-0.0136332727	-0.1244042141	0.1540426676	0.1303105407	-0.0106645815	-0.0021692362	-0.0209086183	0.0641509579	0.0389788916	-0.0570779213	-0.0161167042	-0.0682783379	0.0636653028	-0.0344727129	-0.0595854821	-0.0629193596	-0.0124494085	0.0889657888	0.0924433466	-0.0207734824	-0.0275146442	0.1120040777	0.1269656978	-0.1742227612	0.1277634447	0.1237830955	0.1172407796	0.1082719048	0.0048399164122088	-0.0145070222364579	2.3424790877168105e-05	0.000210453694169	0.0026445885000612	0.0151423346390089	6.993848334655948e-06	0.0002292902983197	0.030052553746799	-0.0105383382791189	0.0009031559867042	0.0001110565736851	0.0006869887051263	0.0006669886970219	4.719534809711104e-07	4.448739219550537e-07	-0.0001135668409686	-5.665230110000086e-07	1.2897427367587284e-08	3.209483219925159e-13	-0.0001949608292774	-0.0001949620160971	3.80101877206737e-08	3.8009724952531515e-08	0.0	0.0
918.3610240414556	0.7107804433956062	843386.970478471	0.5052088387136545	1085.0987316313244	4.506015922909683	1177439.257387909	20.3041794975156	879.5193118890859	0.0602449900543433	0.0036294588266479	773554.2199858511	897.7144086780467	776.3766386751644	1.115415	19.218187	0.032192813883149	0.0203800901638153	-0.1151434759	-0.0611824055	-0.1074920248	-0.0598930047	0.0059830482	-0.0466006377	-0.1216152004	0.0625506386	0.0289798432	0.0714169951	-0.0474881055	-0.0712751947	-0.0821673841	0.0630110631	0.0024879921	0.0338412426	-0.024561243	0.0584289787	-0.032755594	0.0821181057	0.1438529681	0.0380651397	0.1111169332	0.1031327362	0.0942037838	0.0001701832	0.0913188036	-0.0845698631	-0.0256270675	-0.0277222305	0.0407277736	-0.1295409866	-0.2022041617	-0.0382781638	0.0288229717	0.0307027413	0.0673173367	-0.0572214574	-0.0926532526	-0.0316878964	0.0832544303	0.0054589425	0.0584336577	-0.1061182755	0.0730541013	0.106501533	0.0358214082	0.218957412	0.0555106799	-0.0651502757	0.0183953433	-0.0133827765	-0.0315591496	-0.0255769932	-0.0210565134	-0.070315096	0.1275445612	0.0139463816	0.0971376301	0.007420213	-0.0496004615	-0.0968352147	0.0510373992	0.2315342453	-0.0537386204	0.0524964295	-0.023896838	0.054121848	-0.0374229391	0.1119735731	-0.0009080705	-0.03824469	-0.0902404682	0.128700761	-0.1030422929	0.0188918618	0.0445323991	-0.0327554249	0.0569101946	-0.0888911537	0.0845803745	-0.0645292942	-0.0267875108	-0.0518184437	0.0634472843	-0.0140726939	-0.0801095987	0.1201380151	-0.0773626032	0.0185735397	-0.038691166	0.1152360063	-0.0358233319	0.0527346441	-0.0260767276	0.0148446187	-0.0965135184	0.0593402636	0.0530739212	-0.0236963574	-0.1096873273	-0.0502173883	-0.0738507518	0.033444143	0.0067767913	0.1120224016	0.0321712638	-0.0572899188	-0.0317408764	0.1272347401	0.1216944932	0.1126387502	0.1003291122	0.0034718717308948	-0.0013680446813139	1.2053893315786455e-05	1.8715462500715229e-06	0.0001352615354193	-0.0025093269646419	1.829568296398655e-08	6.296721815478933e-06	0.0350936180101371	0.005041064263338	0.0012315620250414	2.541232890710449e-05	0.0003339775656952	-0.0003530111394311	1.1154101438769166e-07	1.2461686456244358e-07	-0.0001970371932795	-8.347035231089999e-05	3.8823655535463045e-08	6.967299714905767e-09	-0.0002239668970125	-2.9006067735100013e-05	8.4135196545321e-10	5.016117095740778e-08	0.0	0.0
917.9014642567092	-0.459559784746375	842543.0980846109	0.2111951957561345	1083.9429814656576	-1.1557501656668592	1174932.3870686588	1.3357584454389724	878.7751713203395	-0.7441405687463885	0.5537451860541985	772245.801729092	896.6914708324427	779.9246567777531	1.144267	19.715294	0.0426955398354889	0.0204072151597381	-0.1480042682	-0.0690180421	0.1262991911	-0.0169497723	0.002091337	0.0322464363	-0.0993388514	-0.0711982995	0.1367628126	0.0042159252	-0.0245120956	-0.0241674948	-0.0096248373	-0.084369429	-0.0584685442	0.0636797941	0.0788183988	0.0556886666	0.0746394582	0.0704216613	0.0600512688	-0.0836010368	0.1263159441	-0.0768233798	-0.1583501622	0.0177590143	-0.0057525815	-0.0902496443	-0.0983026645	0.0048944873	-0.1266975648	0.0532825477	-0.0734818998	-0.0222094842	-0.0764395215	0.1252816894	-0.0571235978	0.0196647059	0.0297289099	-0.0480854996	0.1663957778	0.0037130248	0.0294564565	-0.0311024829	0.019054709	0.1017505652	-0.0690605952	-0.0001284078	0.0472965384	0.0316508298	0.0036463821	0.1094407218	-0.077802271	0.0383054215	-0.1310634836	-0.0297964778	0.0674703454	-0.0852769	0.1101421535	0.1439454013	0.1363437301	0.0157798595	0.0153694539	0.0134742733	-0.1027707194	0.139186803	0.0805255636	-0.00829054	0.1613011646	0.0719848924	-0.1177546848	0.0257785662	-0.0421418779	0.0228564842	-0.1427420681	-0.1542929937	-0.0117472244	0.0056869226	-0.0328828184	-0.1149508532	-0.044089488	0.0521822591	-0.0058277772	0.09356435	-0.0188813856	-0.0239867967	-0.0323263907	0.0950671523	-0.0532597791	-0.1407824734	0.0764969751	0.0113735948	0.0303596683	0.0432489349	0.030201565	0.0143059315	-0.05916301	0.0681744914	0.0409518282	-0.0101333375	0.0989431159	0.1285456892	0.1151057716	-0.0609964111	-0.1557214488	0.0094871312	0.016367141	-0.0447423194	0.055352186	0.1266188352	0.1192723348	0.1073422654	0.0912870929	0.0008198116807847	-0.0026520600501101	6.720911919510349e-07	7.033422509389986e-06	0.0157014209756027	0.0155661594401834	0.000246534620653	0.0002423053197172	0.032665970621224	-0.0024276473889131	0.0010670656366266	5.893471844896598e-06	0.0002009996037497	-0.0001329779619455	4.0400840707536416e-08	1.7683138363178847e-08	-0.0001130000013946	8.40371918849e-05	1.27690003151796e-08	7.062249619899502e-09	1.1408282746353537e-08	0.0002239783052952	5.0166281242930585e-08	1.3014891522074781e-16	0.0	0.0
919.0099670079624	1.108502751253127	844579.319459976	1.2287783495357518	1083.1731989905948	-0.7697824750628115	1173264.1790115186	0.592565058913828	879.3490436606693	0.5738723403297854	0.329329462995585	773254.7405869337	896.7488026107329	783.1646390446646	1.171494	20.18441	0.0602365689977905	0.0310024005722347	-0.1624036902	0.1223790638	0.0098091275	-0.0393828114	0.1358859385	0.1111592881	-0.0324616196	0.1384340013	0.1685107833	-0.0765078635	-0.0359369163	-0.1104994652	0.0710977176	0.0670629741	-0.0342456685	0.0287244015	-0.1415891421	0.028996442	0.0628596452	0.0476459213	0.0968293136	0.0711825347	-0.069178488	-0.1982753418	0.0993394679	0.0121296464	0.024746901	0.0538460431	-0.1104709911	-0.0972817685	0.1189549422	0.0857932699	-0.0724500251	0.0920571957	-0.0374377491	0.2871976984	0.0914041052	-0.0936057267	-0.1637348987	-0.0761082024	-0.0827321505	0.1459014994	0.0921579322	0.0122764932	-0.0677650632	0.0820569473	0.0367735112	-0.082598089	-0.1063957673	0.0134773423	-0.0539964433	-0.100576979	-0.0447071211	0.1209697557	-0.0910812241	-0.0307147505	0.1031462438	0.1151146516	0.0647220064	0.037891455	-0.0460064825	0.0303662476	-0.1222248005	0.0170146662	0.0974516283	0.1632970141	-0.1301833867	0.0322400051	0.1963036555	0.1814762113	-0.0495930493	-0.0216297878	-0.0318823606	-0.1799498872	0.0277637915	0.0349051239	-0.1455946648	0.0698055341	0.0517798851	-0.1212878153	-0.0612366697	0.0197941972	-0.0527383133	-0.0683563768	-0.0102425578	-0.0471904855	-0.0307909662	0.1986299403	0.0340080925	0.0136619203	-0.0332250526	-0.0228806577	-0.0576680539	0.01912816	0.1231502739	-0.047394877	-0.1010132415	0.0201893272	0.0723488317	0.0289062194	0.0011414985	0.0152719683	0.1517770058	0.0269274967	0.066348995	0.0149492002	0.042988652	-0.1075566536	-0.0105023518	0.1259161521	0.1165232592	0.1013839798	0.0812449131	0.00817476725949	0.0073549555787053	6.682681974682965e-05	5.409537156472822e-05	-0.0100054590045886	-0.0257068799801912	0.0001001092098925	0.0006608436783159	0.0466650919167506	0.0139991212955266	0.0021776308035987	0.0001959753970468	0.0002549882572764	5.39886535267e-05	6.501901134885557e-08	2.914774709626056e-09	-0.0001135266339944	-5.266325998000052e-07	1.2888296626098458e-08	2.773418951721125e-13	-0.0002089855484581	-0.0002089969567408	4.36797279269352e-08	4.367495946433286e-08	0.0	0.0
920.1316379764064	1.1216709684440502	846642.2312051447	1.2581457614502136	1087.035519845145	3.862320854550262	1181646.2214050046	14.917522383493866	879.3736973635063	0.0246537028369857	0.0006078050635743	773298.0996147635	897.5044397400513	782.9729705536437	1.220869	21.03512	0.0480398170214427	0.0211744227145877	-0.0272100683	-0.1053636729	-0.0928806542	0.0518296124	0.0398272995	-0.0131998602	-0.1426225769	0.0378661443	-0.0303385553	-0.0401028207	-0.0954425713	-0.0407492518	-0.0337250066	0.0827002071	0.1544572272	0.0238645637	0.032074726	0.0877276787	-0.0435096674	-0.032379461	-0.0337394007	-0.0618388551	-0.0759338818	-0.0271812186	-0.0224264572	-0.1646707829	0.0099493023	-0.1059234049	-0.0647180474	-0.0155757884	-0.0925019089	0.0655062077	0.0259244683	0.0056461456	0.0704000477	-0.0560107014	0.2254698904	0.0319261263	0.0047793877	0.1162031616	-0.01641666	-0.0095241705	-0.1129692014	0.0898784675	0.0631973753	0.141161652	0.0420113764	-0.1942108634	0.0806698188	0.0346254184	-0.0551616414	-0.0078521389	-0.0127969999	-0.1083887021	-0.0126365306	-0.0129507621	0.012816174	0.0631045127	0.0190345077	-0.1272730365	-0.0561340542	0.1188849545	0.03171347	0.0905915801	-0.0470697845	0.0655381739	0.0488386319	-0.0296819862	-0.0214020661	-0.0160962794	0.2298990666	0.1556888628	0.1515669433	-0.0272874924	-0.0274279345	0.0138369019	-0.0961874691	0.071175044	-0.2125483774	-0.0298801558	-0.104353859	0.0385350682	-0.01067483	0.0508436299	-0.10653404	-0.0278473143	-0.1150686646	-0.0743782796	-0.0620741157	0.0110765596	-0.0096950693	0.0550608447	-0.0010349743	-0.059020499	0.0439095734	0.0831571718	-0.070825811	-0.001154911	-0.0801752773	0.035698585	0.0563661797	0.0014208795	0.0447049131	0.0735626529	0.1467333837	0.0452262259	-0.014740035	-0.1047614723	-0.0466640366	0.1251271724	0.1134548014	0.0948006283	0.0703125971	0.0104775326732067	0.0023027654137167	0.0001097786909181	5.302728550609844e-06	-0.0026147262533129	0.0073907327512757	6.836793379763716e-06	5.462293060077928e-05	0.032591916361838	-0.0140731755549125	0.001062233012137	0.0001980542701993	0.0001220000534012	-0.0001329882038752	1.4884013029895653e-08	1.7685862369951757e-08	-0.0002570000483459	-0.0001434734143515	6.604902484979494e-08	2.0584620625677205e-08	1.5699345955087426e-08	0.000209001247804	4.3681521583652046e-08	2.464694634175199e-16	0.0	0.0
919.8754745924105	-0.256163383995954	846170.8887566123	0.0656196793002586	1084.2344890776135	-2.801030767531529	1175564.4273053936	7.845773360658266	879.7341495355703	0.360452172064015	0.1299257683456663	773932.1738590731	897.3714885356941	779.7222578585505	1.096617	18.8943	0.077226797947472	0.0438437282003248	-0.071676137	-0.0099884909	0.1200810787	0.1584645351	-0.1163489977	0.0267802766	-0.0715111777	-0.0817521964	0.0623735935	-0.0639255385	-0.0131776792	0.1930207501	-0.1560892633	-0.0731216075	0.1285692951	0.0231057799	0.096562774	-0.0536696488	0.0420389623	0.009536002	-0.1905312474	-0.0762027537	-0.0745019756	0.0197015951	-0.0371619706	-0.138106963	0.0498158748	0.1626624779	-0.0365416449	0.0625426372	0.0421861794	0.1636978601	-0.0128758507	0.0031211991	-0.1240098905	-0.0056571022	0.049870981	-0.1219223353	0.1015239422	0.164915151	0.0143043477	0.2133104312	0.0218413335	0.0475337974	0.0366926788	0.0358049442	0.1405578072	-0.0062161128	-0.0887567894	-0.1730578453	0.0005869459	0.0702370168	-0.0376242662	0.0294301853	-0.0199378663	0.0024062038	-0.178470076	0.0615380631	0.0140535181	-0.1936947631	0.0604080307	0.1271760417	0.0931276466	0.083949748	0.1284614488	-0.0135500054	0.0908257209	-0.0592417163	0.1077724026	-0.0334534631	-0.1488920762	0.0369070779	0.0400077894	-0.0686158557	0.0546065414	-0.0005620181	-0.0255801254	0.0400113164	-0.0038845018	-0.0444904929	-0.1473074421	0.1061673635	-0.1659664291	-0.0610194094	0.0443158577	-0.0402481376	-0.0666858121	-0.0542336238	0.0059282459	-0.0336391914	0.0150922767	-0.1499560389	0.0985098531	-0.0463541753	0.0055440733	0.0311934546	0.0102704952	0.1023220229	-0.0868056691	0.0190160021	0.0794375976	0.0763450169	-0.153327596	0.0038220475	0.1332688066	0.0256198219	0.0119374496	-0.2450658754	0.1142080789	0.1242524367	0.1100753719	0.0876327994	0.0586099215	0.0105206437402074	4.311106700070032e-05	0.0001106839447083	1.858564097938872e-09	0.0295169253472522	0.0321316516005651	0.0008712488819552	0.00103244303458	0.0326376862812765	4.576991943849862e-05	0.001065218565795	2.0948855254066534e-09	-0.0003780331827468	-0.000500033236148	1.429090872576755e-07	2.500332372526416e-07	-0.0005309758219145	-0.0002739757735686	2.819353234577789e-07	7.506272450251281e-08	-0.0001261005981468	-0.0001261162974927	1.59053204932811e-08	1.590136085298074e-08	0.0	0.0
921.3875759372422	1.5121013448317626	848955.0650915073	2.286450477042025	1079.6947618756976	-4.539727201915866	1165740.7788218197	20.60912306781486	878.8287893268919	-0.9053602086784168	0.8196771074582263	772340.0409497705	896.4225438108431	789.9131079119836	1.219104	21.004709	0.0930000814920886	0.0483150905068139	0.0109977478	0.1211332321	-0.1442683358	0.0757228375	-0.1294829756	0.0226537187	0.0700072583	0.1728680192	-0.0590926358	-0.0181713936	0.0587499433	0.0799624731	-0.0716540704	-0.0207322558	-0.0541958713	0.0462233402	-0.1570993134	0.0048128378	-0.135149043	-0.0195365172	0.0465361064	-0.0695193827	0.0193292353	0.1163453371	-0.0125144173	0.0867928408	0.1129824119	0.1224333725	0.0313198366	0.0355879326	-0.1916811109	-0.0448039127	-0.1906204222	-0.0344412375	0.0705316114	-0.0366188108	-0.0610339874	-0.1682409724	-0.0343314289	0.0144566555	0.0307479837	-0.0499309463	-0.1761228787	0.1519418203	0.0988169734	0.144434034	-0.1553369559	0.1212347857	-0.0644375153	-0.0258785776	0.0286301855	-0.1751385196	-0.0267469389	-0.0444226786	0.0953944869	-0.0488778565	0.0238346414	-0.0862743626	0.0056185226	0.0469655865	0.0609513566	-0.0838021732	0.0291393288	0.1471469845	0.0172362535	-0.1726344634	0.0168350076	-0.0687079048	0.1254390032	0.0433973917	0.0721862186	0.0270832721	-0.0763680325	0.2909148756	-0.0212744041	0.045114834	-0.0818511698	-0.0548795321	0.0320590649	0.0064317926	-0.0230606844	-0.0205793797	0.0226851494	-0.0563219502	0.0880327377	0.0084629862	-0.013142818	-0.0349262474	-0.0111018287	0.133343327	-0.0528954668	-0.0397704007	-0.0478678064	0.0309121505	-0.1164938338	-0.0306143113	-0.0003463694	0.0666837626	-0.0060510759	0.0802415996	0.0459051383	0.0636178066	-0.084988296	0.042368325	0.0807415185	-0.0560380804	-0.1270452552	-0.0671501399	0.1052038773	0.1232925447	0.1063942335	0.0799246852	0.0462651033	0.0172957898439563	0.0067751461037488	0.0002991443463263	4.590260472714389e-05	0.0050025858444513	-0.0245143395028008	2.5025865131104527e-05	0.0006009528412585	-0.0008272423378627	-0.0334649286191392	6.843298855525455e-07	0.001119901447484	-8.006571792400773e-05	0.0002979674648227	6.410519186686773e-09	8.878461009292196e-08	-0.0007479927311313	-0.0002170169092167	5.594931258252612e-07	4.7096338886012784e-08	-0.0001760295694352	-4.99289712884e-05	2.4929021739178714e-09	3.0986409315541893e-08	0.0	0.0
923.0934960586756	1.705920121433337	852101.6024658281	2.9101634607111317	1080.7381297520228	1.043367876325192	1167994.9050999002	1.088616525347341	878.5063809583813	-0.322408368510537	0.1039471560856262	771773.4613845926	895.1016518697888	790.91250073096	1.242546	21.408606	0.0869090259331253	0.0411209620715492	0.1450160843	-0.1132519108	-0.0602879436	0.0573861962	0.0984509452	-0.0131753779	0.1071841458	-0.047862055	-0.13188706	0.0201821439	-0.0687301031	0.0256082313	-0.0208814537	-0.2459245959	-0.1056982919	0.033213551	-0.0221854008	0.1729013244	0.0544332638	-0.0472772443	0.0564585471	-0.1366643316	0.0609042646	-0.1280253773	0.0076824612	0.0410274896	0.0396655749	0.1189224393	0.0992129208	0.0987890422	-0.0973163689	-0.0274348676	0.1090294968	-0.0233522128	-0.0301204116	-0.1507533486	-0.1688217294	-0.1247460238	-0.1421023502	0.0401857051	-0.0539784604	-0.0198038056	-0.1324738662	-0.0877207602	-0.0296775124	-0.0862869084	0.0373791364	0.0067273795	0.0122677054	0.0293811635	0.0146669636	-0.0495672734	0.0320561672	-0.1672105582	-0.1159773517	0.0465422857	0.0067232111	-0.174936956	0.0108397739	0.0456852223	-0.0198611443	0.0563721208	0.0180734888	-0.0665839262	0.0660414875	-0.066032504	-0.0671450956	-0.1768809242	-0.0763038707	-0.0501428992	-0.0715340971	-0.0068236384	-0.0429933775	0.0394291577	0.0994940163	0.075517003	-0.1083617252	-0.2754975142	0.0651285899	0.0547871039	-0.0876635701	-0.1456513885	0.1648164722	-0.010182023	-0.1207810069	0.0620843566	0.066185532	-0.1301232836	-0.1218213372	0.0040244304	0.0533998518	-0.0649473212	-0.0741239245	0.016353917	-0.0767492005	-0.0845963649	0.1256115006	-0.1030239037	-0.0487455594	0.0812371481	0.0258875886	0.0197782589	-0.0887776738	0.0708586664	0.1449105149	-0.0614175664	0.0110455971	-0.029697904	0.0061691884	0.1222481541	0.1024214758	0.0717238087	0.033413395	0.0220591829526881	0.0047633931087317	0.0004866075525401	2.2689913908313592e-05	0.011353576426373	0.0063509905819217	0.0001289036976694	4.0335081371658136e-05	-0.0155953886501549	-0.0147681463122922	0.0002432161471493	0.0002180981455012	-0.0004990192231141	-0.00041895350519	2.4902018503739986e-07	1.7552203951106465e-07	-0.0001129145605296	0.0006350781706016	1.2749697979592705e-08	4.033242827748019e-07	-0.000342527812247	-0.0001664982428118	2.7721664859417112e-08	1.1732530216271609e-07	0.0	0.0
925.1264040397084	2.0329079810328494	855858.8634514417	4.132714859347056	1085.211289469401	4.473159717378167	1177683.54279184	20.00915785717472	881.8567391531808	3.350358194799469	11.224900033459956	777671.3083898812	898.224631488238	809.1335251402712	1.128689	19.446888	0.0515604438190119	0.0334146431403405	0.1939767735	-0.0183342239	0.0688254966	0.0897459878	0.1222900318	0.0755688356	0.1065028793	-0.0299074191	-0.0794932899	-0.1037499452	-0.1398139807	-0.042399421	0.1626719514	-0.1279640087	0.0017356191	-0.0847156341	0.0370238883	0.0038743068	0.1263715578	-0.1365261945	-0.0613019553	-0.0136200822	-0.0439054803	0.0239821691	-0.0010532656	0.0017332622	-0.0934700363	-0.0008172535	0.0997253513	0.024142041	-0.0538683168	0.0042193186	0.1235508374	0.0072274573	0.0138438524	-0.0461357102	0.1617096181	0.0523055458	0.0567105999	0.0738133188	0.0963691113	0.0666596978	0.2270415442	0.0655887009	-0.1111444817	0.0467267917	0.0017093057	-0.0382145643	0.0636510644	0.0621144998	-0.2093874602	-0.0161721534	0.1166219293	-0.0269498855	-0.0835906373	0.1535851526	-0.1102700143	0.030655862	-0.1085744406	-0.0325797749	-0.0517016933	0.0275606763	0.0760617878	-0.1684339457	0.050902694	-0.0282452288	-0.0127222826	-0.0074479011	-0.1179454865	-0.0111795676	0.0375818787	0.0346434014	0.1315204939	0.0011095513	-0.0245090973	-0.0409329739	-0.0532900304	0.117980924	-0.0743162443	0.0186603297	-0.0922814625	0.0548437079	-0.2067564095	0.1969825739	-0.0941845463	0.0845204588	0.1382347525	-0.1099738771	0.0022769442	0.0200114998	0.1310560536	-0.1276322853	-0.0849392903	0.0191373518	-0.0675866784	-0.0588468821	0.1006183402	-0.084169277	-0.0807101016	0.0162843713	0.0664266698	0.0121128762	-0.0472039365	0.146446982	0.0488019503	0.1795321381	-0.0003736593	-0.0931591753	-0.0391360651	0.1211199807	0.098167988	0.063080731	0.0201956026	0.0163437975231488	-0.0057153854295393	0.0002671197174776	3.266563060819013e-05	0.011450158548115	9.658212174199972e-05	0.0001311061307769	9.328106240186456e-09	-0.0403144623637956	-0.0247190737136407	0.0016252558756818	0.0006110326052604	-0.0001550151819129	0.0003440040412011	2.402970662348948e-08	1.1833878036275689e-07	-0.0001129793487764	-6.47882468000037e-08	1.2764333249939438e-08	4.197516923418189e-15	-0.0002660085906132	7.651922163380001e-05	5.855191279442607e-09	7.076057028002104e-08	0.0	0.0
923.771844885684	-1.3545591540244004	853354.4214035003	1.8348305017512996	1072.9831809634254	-12.22810850597557	1151292.906630391	149.5266376339121	882.2510887884324	0.3943496352516149	0.1555116348230817	778366.9836683745	899.3547301940481	813.0238808820347	1.289236	22.213058	0.0453307555803851	0.0251834996170349	0.1958314104	0.0915919708	0.0016960517	-0.1453388023	0.0296577766	0.0272489848	0.0502303614	-0.0904367807	-0.1307459441	-0.1748153377	0.1426157238	-0.0532352391	-0.197811037	0.0345539062	-0.0256379071	-0.078124643	0.078552231	-0.1419744192	-0.0312883601	-0.1938053495	0.1339046253	-0.0035722134	0.0516318508	-0.047782731	0.0322224484	-0.0221424629	-0.0299357795	-0.0766536104	0.1574410308	0.0269516806	0.2025703014	0.1040440435	0.1246607292	0.0509313808	0.0150054939	-0.0953164734	-0.0744500567	-0.1030029378	0.2009222147	0.0927132001	-0.1360380717	0.0760976456	-0.0329992345	0.0088669654	0.1641057775	-0.0463266662	0.0226473529	0.0998872299	0.0269954364	0.2325677217	-0.0522830044	0.0527338101	0.0879331926	0.0060718882	0.1511586046	0.2367923853	0.0629399715	-0.0295707974	0.0447759566	-0.0798273828	0.0101392689	-0.0460313323	0.0248520577	-0.0522803428	0.078059232	0.0308346739	0.0707142342	0.0808868938	-0.118795348	-0.2555872552	-0.0974214219	-0.1015485651	-0.0175729892	0.0670390023	0.1977862486	0.1556884518	-0.024264027	0.1429412632	0.0071771368	-0.131370811	-0.1095020868	-0.0161331103	0.0269665315	-0.0768760522	0.0344545025	0.042016821	0.1739051537	-0.0203285886	-0.0346348974	0.1687131781	0.0161113555	-0.0490581041	-0.0655830281	-0.0070405989	0.0626757469	0.0728239307	0.118084157	-0.1786576474	0.078685391	-0.0814944877	0.1795221761	0.0203728682	0.1252479316	0.0102378021	0.0249646631	-0.0886688759	0.0341119928	-0.0095955918	0.0417317186	0.1199087977	0.0936454286	0.0540487397	0.0067565429	0.0175193453729036	0.0011755478497548	0.000306927462295	1.3819127470631345e-06	0.0012293603552677	-0.0102207981928473	1.5113268831039253e-06	0.0001044647156989	-0.0284348198514976	0.0118796425122979	0.0008085389799871	0.0001411259062199	-0.0004850213639693	-0.0003300061820564	2.3524572350664017e-07	1.0890408019544183e-07	-0.0001129085173263	7.083145010000387e-08	1.2748333284823388e-08	5.017094323269337e-15	-0.0003770269176164	-0.0001110183270032	1.2325068930589452e-08	1.4214929660732368e-07	0.0	0.0
919.2832658956852	-4.488578989998814	845081.722955837	20.14734134945877	1080.3196656000046	7.336484636579144	1167090.5798821056	53.82400682276181	879.4244456207697	-2.8266431676627235	7.9899115972943555	773387.3555553982	897.1147745811888	787.1595993590212	1.226417	21.130707	0.0830313462961148	0.0559388408362043	0.0605974143	-0.0919134237	0.0129988704	-0.1194505144	0.0291885948	-0.1583678287	0.0153776408	-0.1584047351	-0.002413809	0.0262174404	0.1721842394	-0.0768776555	-0.038408169	0.0170980073	0.0783500791	0.0310877483	0.1590569683	-0.0377129661	-0.0585523965	-0.0180081047	0.1198988009	-0.0153294264	0.0510407374	-0.081352385	-0.1381414322	-0.1295504979	0.0317161574	-0.0358393622	0.079034518	-0.1259835742	-0.0062362183	0.0756149405	0.099552886	-0.0432778952	0.0312195645	-0.1869514481	0.104455124	0.0635623747	-0.0153892409	0.1016334924	-0.0490574581	-0.0971611832	-0.0360659066	-0.0836381511	-0.1810352519	-0.1172010899	-0.0711706091	-0.0225707256	-0.10526798	-0.0329282603	-0.1119493578	0.1618321537	-0.0453903017	-0.052813796	0.0764335602	0.0812821212	0.1139642082	0.04355248	0.0493482739	-0.1032969683	0.0874334618	0.0598630585	0.0410982924	-0.1633325386	-0.0700706894	-0.0229763248	-0.021947335	-0.0115586421	-0.1822821061	-0.179583767	0.0548156082	-0.0297116049	0.0440438008	-0.0467930696	-0.0849460725	-0.0842877755	-0.1168765877	-0.129646077	-0.0331728018	0.2190764439	-0.1445559732	0.0037793747	0.0778108873	-0.0123062812	0.0409122679	-0.0240158414	0.0749625899	-0.0040810692	-0.0999325345	-0.0131263946	0.0380179875	0.0376520597	-0.0390917121	-0.0289735545	0.0727833797	0.0757264076	0.1785021708	-0.1259076065	0.0527084381	-0.0830527151	-0.003939015	-0.0253381481	-0.0039121589	-0.0394744616	0.0797733182	-0.0899686216	-0.0334332203	-0.1177457526	0.1756533167	0.1186154352	0.0888661936	0.0446835199	-0.0067565429	0.0104236286020551	-0.0070957167708485	0.0001086520332335	5.034919649210066e-05	0.0022235847172566	0.0009942243619889	4.944328994817113e-06	9.88482081972235e-07	0.0230033906530309	0.0514382105045285	0.0005291559815359	0.0026458894999081	-0.0005779995550326	-9.297819106330002e-05	3.340834856178836e-07	8.644944013403523e-09	-0.0001129999760804	-9.145875409999816e-08	1.2768994594170972e-08	8.364703701523928e-15	-3.2674258820992754e-08	0.0003769942433575	1.421246595247535e-07	1.0676071895012229e-15	0.0	0.0
919.8445695804965	0.5613036848112642	846114.0321867288	0.3150618265827031	1088.0918965657552	7.772230965750623	1183943.975372062	60.40757418497286	878.819240812662	-0.6052048081077146	0.3662728597566956	772323.2580225435	896.7387663550643	798.8816762090443	1.171825	20.190115	0.0331397223959102	0.0233683567024545	-0.0182701009	0.0597648995	0.1650664646	0.0634081993	0.1543142018	-0.1593886231	-0.0649462073	-0.0302871575	0.1561144502	0.0270277076	-0.009892773	-0.0489622168	0.0259731344	-0.1209189634	0.1468700828	0.0414610964	-0.0592773661	-0.0673481284	0.1728906486	0.0680252131	0.0831150094	-0.0419891775	-0.1386094256	-0.0318643463	-0.0284877027	-0.1074352155	0.0600684828	0.0599289861	0.0059993052	0.1204250925	0.004052681	-0.1268238038	-0.0590000214	-0.039686406	0.0840264629	-0.0383710338	-0.0386916057	0.0630355	0.1279203216	0.0602942126	0.0453514271	0.241776817	-0.1114641346	-0.0348171279	-0.1027844092	-0.0113077172	0.0814344042	0.0183230559	0.1450319656	-0.155203261	0.0692490411	-0.0009225098	-0.0531137428	0.1400987936	-0.1256555157	0.0288944067	0.0763712799	-0.0256728998	-0.0820168314	-0.1095139283	0.0279151037	0.0917173111	-0.0898619095	-0.023643311	0.0286485167	-0.0693501274	-0.015812913	-0.16610494	-0.1469376268	0.0210997987	-0.0377842582	-0.0577066018	0.0090910557	0.2130828264	-0.0114824335	-0.0816499947	-0.0183633606	0.0932663826	0.1290732308	-0.0114531428	0.012274787	0.083253684	-0.1316311117	-0.0965798096	-0.1711111789	-0.0750567772	0.0749616189	0.0525649691	0.0205139921	-0.1301207782	0.0712410561	-0.125582473	-0.0380819145	0.0118286445	0.1637415453	0.0522863229	0.0684672072	-0.0313331845	0.006651631	-0.0654877126	0.1080272178	-0.0513120751	0.0406182038	-0.1133165136	0.1650403261	-0.1078654685	-0.0811132932	0.0278091149	0.1907600132	0.1172407796	0.0838433825	0.0350428114	-0.0201956026	0.0104330203533606	9.391751305501406e-06	0.0001088479136936	8.820499258438735e-11	0.0154168443362863	0.0131932596190297	0.0002376790892892	0.0001740620993751	0.0421404154148916	0.0191370247618607	0.0017758146113396	0.000366225716736	-0.0005939995865456	-1.6000031512999956e-05	3.528355088163437e-07	2.5600100841699163e-10	-0.0001129999595099	1.657050000415227e-11	1.2768990849239038e-08	2.745814703876104e-22	-3.3551449607472066e-08	-8.771907864793125e-10	7.694636758841947e-19	1.1256997707627376e-15	0.0	0.0
921.3503291506182	1.505759570121768	848886.4290259526	2.2673118830132912	1077.7801883879165	-10.311708177838682	1161610.1344814927	106.33132554490516	878.6911475959462	-0.1280932167157971	0.0164078721686001	772098.1328634808	895.781359911306	803.2133112559062	1.065954	18.365999	0.0791635920342549	0.0413584896422683	0.0435099645	0.172318604	0.0297850067	0.0328924394	0.1042626028	-0.0095393827	-0.0690260327	0.1025705288	0.0260283805	-0.134992885	0.0506958021	0.0137041987	-0.078653811	-0.0800504074	0.129787942	0.0520776009	-0.2010575575	-0.0098411618	0.1377333462	0.0319470269	0.0246566988	-0.0483780717	0.0509912967	-0.1629741547	0.0763374853	0.0778115773	0.0500792455	0.0129781384	0.0118523428	-0.1109645899	0.0092699244	-0.0757594236	-0.0061085061	-0.1445566877	-0.06149988	0.0076156373	0.0461488147	0.1756783499	0.0445992142	0.0111531621	-0.1344518097	0.1162323541	-0.0626160915	0.0529988677	0.0601361483	-0.090892446	0.0720949339	0.0910870828	0.0442705672	0.1396715819	-0.0001935246	-0.1692351317	-0.0421322084	0.1075581609	-0.1111196989	0.000805378	0.0414688063	-0.1742625473	0.0947008134	-0.0720081426	0.0045534168	0.1341065172	-0.1175163983	-0.0343715148	0.0223698409	0.0098743928	-0.1023292026	0.1595271784	-0.0600301354	0.1083450736	-0.1190034129	0.0405500962	-0.0072244223	0.1118921232	0.0270389862	0.0784847507	-0.0097489702	0.0814432321	0.0360899588	0.0096552743	0.1171433629	0.0764985597	0.0381162746	-0.0887937432	-0.0180620604	-0.059272831	0.0433549444	0.0181955178	0.1182133397	0.0548264573	0.0424673371	-0.0903934082	0.0232900459	-0.0733529944	0.1406923385	-0.0018979834	0.0342837625	-0.0093876165	-0.0632581812	-0.0298038942	-0.0013590535	-0.0140075331	0.0597030392	-0.0463238586	0.1396339432	-0.2134529648	-0.0231612894	0.2142266819	0.1657738816	0.1157857731	0.0785907625	0.0251860523	-0.033413395	0.0105177924043999	8.477205103929984e-05	0.000110623957062	7.186300637409657e-09	0.0013282252498783	-0.0140886190864079	1.7641823144142726e-06	0.0001984891877618	0.0211992559061826	-0.020941159508709	0.0004494084509758	0.0004385321615691	-0.0001550173902253	0.0004389821963202	2.403039127226293e-08	1.9270536868619443e-07	-0.0004829945553355	-0.0003699945958256	2.332837404837374e-07	1.3689600094014914e-07	-7.203758706567946e-05	-7.200403561607199e-05	5.1845811450005645e-09	5.189413950245349e-09	0.0	0.0
921.1436872866276	-0.206641863990626	848505.6926280044	0.0427008599535203	1080.6275956653412	2.847407277424736	1167756.0005134563	8.107728203531348	880.6455506214897	1.95440302554357	3.819691186253861	775536.5858294269	898.1918968233427	789.0504784224277	1.080886	18.623268	0.0309579925445585	0.0197028174570823	0.0465233747	0.0948346235	-0.0495143026	-0.0321366006	0.008709418	0.0728655169	0.0004268339	0.0042518811	-0.0638515557	-0.0484038569	0.0774533438	0.0368579122	0.0841883218	-0.0018152247	0.1381105479	-0.032233631	-0.0749802863	-0.1004994849	0.0040520475	-0.032379092	-0.0954948456	-0.0296335388	-0.0241712241	-0.0320970929	0.1705061712	0.0001405392	0.0564220058	-0.034822647	0.1743514895	-0.2498009166	0.0433079063	0.0697430529	0.0266215328	-0.1018699409	-0.0830471143	0.1312697649	0.0923310175	0.1076470373	-0.0536036892	0.0712041639	0.0198538773	-0.2360854353	-0.1835398804	-0.0967870541	-0.1340743294	-0.1072157471	-0.1165365045	-0.1271836312	-0.0284977708	0.0953313641	0.1160169036	-0.0467692564	0.0075853828	0.0682372274	0.082872555	0.0097023126	-0.0722556117	-0.0798678685	0.0262186767	-0.1601831877	-0.1269161789	0.0080492995	-0.1721058306	-0.0942803054	-0.0467625433	0.050646006	-0.1209877604	0.1830681058	0.0889187427	-0.0286884033	-0.05232041	0.0777578307	-0.0076901882	0.0132963995	-0.0760433077	-0.0146920731	-0.0995349258	0.0044564035	-0.077622652	0.0958870519	-0.0275433616	0.0974607988	0.221920649	0.3096136689	0.0321544887	-0.0642800173	0.006156466	-0.0006672135	0.1271320326	0.0994543381	-0.0446034163	-0.0541889769	0.0805419265	-0.0614885511	0.1802824219	0.0003263292	0.0240164186	-0.1314662081	-0.0108734309	-0.0264079695	-0.1019254421	0.1427573589	0.1189831943	-0.0352625586	0.1077379073	0.0834978684	-0.0603305066	0.0581884973	0.0482261902	0.1142514127	0.0731227308	0.0151740128	-0.0462651033	0.0104870963679104	-3.069603648950085e-05	0.0001099791902298	9.422466561647675e-10	0.01648461865868	0.0151563934088016	0.0002717426523221	0.0002297162611623	0.0211299002526459	-6.935565353670056e-05	0.0004464726846867	4.810206677502845e-09	-0.0001549997379607	1.765226459999442e-08	2.402491876788566e-08	3.116024455082162e-16	-0.0002410001706376	0.0002419943846979	5.8081082247352324e-08	5.8561282225315225e-08	-1.8675113566733823e-08	7.201891195211273e-05	5.186723678766166e-09	3.4875986673040574e-16	0.0	0.0
920.0853333159192	-1.0583539707083671	846557.0205830662	1.1201131273141676	1084.3320000784738	3.704404413132579	1175775.8863941834	13.722612056036128	881.1925038139941	0.5469531925043611	0.2991577947907127	776500.228777976	899.1581888921953	787.7424072996585	0.901237	15.52798	0.0527303500198841	0.0261578166844847	0.0076585242	0.0817038588	-0.0542145381	-0.0711162132	-0.0427632441	0.0319044081	0.0899716961	-0.0055998	-0.037575026	0.0278110329	0.118492555	0.039221793	0.1376796033	0.0803273483	0.1062877941	-0.0332471299	-0.0069150409	-0.1865859479	-0.1053739161	-0.0037993589	-0.0673681012	-0.0633363326	0.0745471455	-0.0366848867	-0.0336543619	-0.1068935293	-0.0007850879	-0.0111647067	0.0606566749	0.0061075973	0.0671838955	-0.0101811274	-0.0329821454	0.006544582	0.1677487899	0.2127749099	-0.0428287891	-0.0515404454	0.1297222239	0.0401367954	-0.1833931181	-0.0877560977	0.1159258802	-0.0313200829	-0.0120985235	0.0343772224	-0.0094379368	-0.1389741395	0.0105153657	-0.0377642833	0.0710709989	0.0178122249	-0.011790694	0.0809767857	0.1965316456	-0.0205359599	-0.0766331628	-0.0513588216	0.0504457622	-0.1276672751	-0.0126977454	0.0023226898	7.92913e-05	-0.0958860694	-0.0650402914	0.0969624833	-0.0573933994	-0.0549291678	0.037077474	0.0384987438	-0.0450343598	-0.0216627495	0.1278438828	-0.0063298991	0.1107800416	-0.1020884356	0.0643188704	0.2589716603	0.1499868936	-0.0999544936	0.0174604405	-0.1413309847	0.0441896551	-0.0542706461	0.0470910646	-0.0387522828	-0.0094806335	-0.0128586593	0.0954740262	0.0969863959	-0.1066329348	-0.0454650417	0.0579840209	-0.0566681436	0.0829258934	-0.0163016108	0.0760913865	-0.1200351931	0.010933308	-0.0438220339	-0.02718666	0.0343700315	0.1289334493	-0.0178224807	-0.0072615404	0.0262721131	0.0215288742	-0.0884439508	0.0648885563	0.1126387502	0.0674542747	0.0050684204	-0.0586099215	0.0104299024965826	-5.719387132780037e-05	0.0001087828660882	3.271138917460984e-09	0.0039401972789647	-0.0125444213797153	1.5525154597160822e-05	0.0001573625077518	0.0020015093900696	-0.0191283908625763	4.006039838536783e-06	0.0003658953369914	-0.0004469998955004	-0.0002920001575397	1.9980890657736854e-07	8.526409200320965e-08	-0.0001130000319196	0.000128000138718	1.2769007213830621e-08	1.6384035511827243e-08	-2.5256981161353973e-08	-6.581867594620146e-09	4.332098103311079e-17	6.379150973849893e-16	0.0	0.0
917.548346141304	-2.5369871746152057	841894.9675066422	6.436303924162044	1082.067096383231	-2.264903695242765	1170869.2010752363	5.129788748724332	879.2464079826109	-1.946095831383218	3.7872889849271374	773074.2459503239	896.95218288438	780.3650907870539	0.956231	16.475513	0.0431131750148777	0.0253305149677786	-0.0261100876	-0.0018555635	-0.0962242718	-0.0942515217	-0.0689355419	0.0330468629	0.0225472898	-0.0179870459	-0.0166843599	0.1165621791	0.0562272319	0.0501815499	0.2025057048	0.0358956742	0.1495062691	0.0476035084	0.0127274477	-0.064019704	-0.1172158854	0.0150177247	-0.0152091478	0.119392388	0.0124666589	0.0731110475	0.0829197331	-0.0899927245	0.0603819028	-0.1527696686	0.0460548619	0.1779746402	-0.0295127867	-0.1298098864	0.1234804399	0.0962392484	0.0874138677	-0.0194084809	-0.1109727302	0.1337871687	0.065918306	-0.0826657969	0.0296074905	0.0432032221	0.0923199715	0.0747007991	0.0131532869	-0.0908292015	0.0550398776	-0.005633143	-0.064830066	-0.1468097189	-0.0422130651	0.0333217461	-0.0745816392	-0.0004094205	0.1391857355	-0.0803375209	-0.0193236716	0.0291221103	-0.0125986229	0.0186156743	-0.145516147	-0.1472332274	-0.1295160426	-0.0094496005	-0.0708612369	-0.0288885771	0.0188297721	-0.1428845826	-0.1825585875	-0.0279810456	0.0089652798	-0.0889343699	0.0771998912	0.0104922953	-0.0219607798	-0.0926651134	0.1385046848	0.070731777	-0.020817348	0.0650130405	0.091494367	-0.0195568617	-0.178286989	-0.0161930403	0.0159063909	-0.061153735	-0.0737508214	0.0072122221	0.0582479723	0.0537743427	-0.0765449149	0.120380137	0.0500930394	-0.0454065696	0.0279097197	0.0174811645	-0.0024899416	-0.1056393185	0.0193051899	-0.0270125816	-0.0723169764	-0.0978462391	-0.0180343469	-0.1151365881	-0.022083102	0.039527197	-0.0049311799	-0.0892211964	0.0972729059	0.1109488906	0.0616009311	-0.0050684204	-0.0703125971	0.0104260400807021	-3.862415880498751e-06	0.0001087023117644	1.4918256433928946e-11	-0.0009402047810027	-0.0048804020599674	8.839850302203351e-07	2.381832426693404e-05	0.0211293404088195	0.0191278310187499	0.0004464490261117	0.0003658739194818	-6.499998072137202e-05	0.000381999914779	4.224997493778735e-09	1.4592393489118462e-07	-0.0001129999031637	1.2875589999836613e-10	1.276897811500558e-08	1.6578081784389262e-20	-3.710110491357142e-09	2.1546870669996827e-08	4.642676356695695e-16	1.3764919858078334e-17	0.0	0.0
916.1407397350138	-1.407606406290256	839313.8550022183	1.9813557950293688	1083.2415533156625	1.1744569324314398	1173412.2628297294	1.3793490861362676	877.5658552178589	-1.6805527647519511	2.824257595115427	770121.8302442521	895.509334384116	774.9763213745848	0.9684	16.685179	0.0098542801760534	0.0072136697614254	-0.090953764	-0.0515991783	-0.1208333071	-0.0297979035	-0.1048023666	0.0643573242	0.0181095029	0.1059472849	0.0315684918	0.1694911908	0.0110942501	0.0094801603	-0.0245839095	0.0383821175	0.0204033523	0.104047158	-0.0399282021	0.1187945992	-0.0674082459	0.1346050327	0.0049410113	0.0002260453	-0.1965708236	0.0432065082	0.1049809124	-0.0074572548	0.1464930451	-0.0693641461	0.0014502249	-0.0701813333	-0.055912721	0.1730911709	-0.0194867788	0.0093129768	0.1665940843	0.0510022677	0.0575582729	-0.0173564198	0.0038176876	0.0041110921	0.0126345096	0.1375651327	0.0218020052	0.0445143441	0.1210688488	-0.1344945834	-0.1726138195	-0.0644572509	-0.0241615895	0.0894976707	0.1022919669	-0.034007869	-0.113575346	-0.0806460681	-0.0329689586	-0.1795447809	0.0569548557	-0.0284906748	-0.1213307913	-0.0971206807	-0.0871315005	0.0214130826	-0.1682379017	0.0608863628	-0.0404309224	0.0139157244	0.0523295637	0.0702161209	0.1135637419	-0.1081538128	6.6905e-05	0.0923073419	0.0406543515	-0.0123448549	0.007557782	0.0196877082	-0.0548359735	-0.0544248275	0.009581279	-0.1596077995	-0.0128313497	0.1501056637	0.0382354125	-0.2406871489	0.0857353456	-0.0735685825	-0.0905838676	-0.0141990683	0.004506949	-0.0483428585	-0.0825085821	0.1808752136	-0.0056332993	0.0300458438	0.0132670412	-0.0394449744	-0.0557592542	-0.0264734033	-0.0149558757	-0.049862517	-0.0118536055	-0.0967411498	0.0369890957	-0.2049331512	-0.1237809751	-0.0647115463	0.0001082585	0.1080630193	0.0786496821	0.1091829923	0.0555787436	-0.0151740128	-0.0812449131	0.0036140590208475	-0.0068119810598546	1.3061422606169191e-05	4.6403085959817805e-05	-0.0031557999614619	-0.0022155951804592	9.95907339676293e-06	4.908862003674035e-06	0.0211559879939073	2.664758508780229e-05	0.0004475758279983	7.100937910116631e-10	-8.100000648802834e-05	-1.6000025766656315e-05	6.561001051060633e-09	2.5600082453366597e-10	-0.0001130001864277	-2.8326399999754627e-10	1.2769042132694956e-08	8.023849369460992e-20	-4.528092872893249e-09	-8.17982381536107e-10	6.690951765034814e-19	2.050362506554664e-17	0.0	0.0
917.1481435199528	1.0074037849390152	841160.7171620959	1.0148623859094534	1086.07372240339	2.832169087727607	1179556.130495156	8.021181741479825	877.7291886993268	0.1633334814678164	0.0266778261683975	770408.5286947783	896.5860440713994	774.0368625024122	0.957634	16.499689	0.0111400886181358	0.0078307139617683	-0.0553897612	-0.1231345449	-0.0523134811	0.0516768833	-0.0426560768	0.1154205215	0.0703245193	0.043657428	-0.0075085104	0.1366909769	-0.1135859902	0.0907239441	0.0160647805	-0.0484179827	0.0166984714	0.0604729482	0.005250055	0.2101152429	0.0290590109	0.1042700541	-0.0311891289	0.0405639705	-0.0528060816	0.0405798345	0.112948488	-0.0953196841	0.0565563163	-0.0136498387	0.0849887734	0.120969782	0.099920308	-0.1658267138	0.0387397045	-0.0083324744	-0.0449111922	-0.0530588584	-0.0447077459	0.0019363619	-0.0197867395	0.0100175359	-0.140900015	0.0407258713	0.1431246529	-0.0507217566	0.0529270733	0.0265737172	-0.1651214933	-0.1163888815	-0.1221941968	-0.0187173266	0.0116658888	0.0004493316	-0.0424799462	-0.1334339797	-0.1307677089	-0.1506220036	-0.0287934052	0.0245511145	-0.0262576842	-0.0487949891	-0.1190019101	-0.099221561	-0.0237943359	0.0329602518	0.0069515573	0.0417483339	-0.1130556593	-0.0513852458	-0.1193641663	-0.0129679144	-0.0519305499	0.0260394754	-0.0057753763	-0.070792839	0.1840662309	-0.0051237757	0.0551259369	-0.0374646164	-0.07320446	0.0698777255	0.1271969016	0.0240623304	0.0131092162	-0.0336120796	0.083670961	-0.0687935447	-0.0929677796	-0.070385655	-0.0125221829	-0.102299419	-0.0245972991	0.1251616859	0.0429176996	-0.0314541293	0.0337664716	-0.0297372941	-0.0401736961	-0.0426509478	-0.0936410065	-0.0061724991	-0.114646669	-0.0815559137	0.0009800937	-0.0878617759	-0.0591861014	0.0637497679	0.0459203829	0.0858677096	0.0242701223	0.1073422654	0.0494042187	-0.0251860523	-0.0912870929	0.0104263827668091	0.0068123237459616	0.0001087094576	4.640775481979229e-05	-0.003738127469802	-0.0005823275083401	1.3973596980488304e-05	3.391053269695894e-07	0.0212012007529125	4.521275900519831e-05	0.0004494909133652	2.0441935768621404e-09	-0.0001550002313024	-7.400022481437166e-05	2.4025071703797503e-08	5.476033272577548e-09	-0.0001130000964955	8.993220000619827e-11	1.276902180799231e-08	8.087800597954846e-21	-8.705442881170558e-09	-4.177350008277309e-09	1.7450253091654436e-17	7.578473575732314e-17	0.0	0.0
916.4845631369049	-0.663580383047929	839943.9544682433	0.4403389247660361	1078.265226382301	-7.808496021089013	1162655.898425275	60.97261011136295	878.9266909550961	1.1975022557693364	1.4340116525726492	772512.128073275	897.4378527530785	779.3599441254211	0.999296	17.217501	0.0753975763302248	0.033859568063263	-0.067827029	-0.0572733855	0.0963618489	0.0434400263	-0.0849096188	0.1094363996	0.1712580099	-0.0618641826	0.0539383741	-0.0085746375	0.0039372091	0.1867719098	-0.0247277427	-0.0204424776	-0.026722571	0.0467105068	0.0869635727	0.017134438	0.0532990544	0.0147063417	-0.1734916614	0.0521180146	0.0643631401	-0.0730405662	0.0643748503	-0.0533045117	0.0245365163	-0.0717760096	-0.0488158554	0.0176529276	-0.0623123202	0.0373797917	0.0658240438	-0.0431974628	-0.2256211625	-0.1374243275	-0.1431042017	-0.0024794242	-0.0301489387	-0.0676622278	0.0879782783	-0.0013388905	0.0874453188	-0.0153080501	0.0563528993	-0.0003084591	0.2047921838	-0.0279874209	-0.0063002277	-0.1140245215	0.0831367523	0.0771404919	-0.0626040637	-0.0117394309	-0.0476818439	-0.0270601562	-0.1897535051	0.0190779099	0.0675890411	0.0351027501	-0.0235945875	0.0399924692	-0.0347598273	0.1015721087	0.0487571852	0.0661618036	0.1311443909	0.0267263392	-0.0854752637	0.0096618215	-0.1139151098	0.0543167985	-0.1047399327	-0.0995234454	-0.0133671585	-0.0362692503	0.0941137208	-0.119147876	-0.1104982284	0.0844239494	-0.0367434165	-0.179418224	-0.14572036	-0.0008716465	-0.0626280826	-0.0319933502	-0.0452901724	-0.0802590101	0.0580611275	-0.1561125227	0.0021528462	0.0376814575	0.12380057	-0.0186501518	-0.0868583958	-0.0585729437	0.0584179585	-0.0309675335	-0.0505994082	-0.0464185247	0.043527807	-0.098722071	0.0418433781	-0.0964700026	-0.1885915251	0.0290400871	0.1774265881	-0.0578232896	0.1150030051	0.1054279714	0.0430942802	-0.0350428114	-0.1003291122	0.0031104530056467	-0.0073159297611624	9.674917900336593e-06	5.352282827026173e-05	-0.0109223618527067	-0.0071842343829047	0.0001192979884414	5.161322366851008e-05	-0.0046984681381303	-0.0258996688910428	2.207560284502561e-05	0.0006707928486656	-0.0005099949247171	-0.0003549946934147	2.6009482323720053e-07	1.260212323525969e-07	0.0001780140578384	0.0002910141543338	3.168900478809322e-08	8.468923802267495e-08	-5.395472359657973e-05	-5.394601815369856e-05	2.910172874639174e-09	2.911112198383317e-09	0.0	0.0
917.6667874699136	1.1822243330087758	842112.3328253516	1.397654373558045	1081.2574151175363	2.9921887352352314	1169117.5977466565	8.953193427268614	878.8401521322364	-0.0865388228596657	0.0074889678619366	772360.0129998125	896.6437910022654	783.2042197495878	1.087378	18.735126	0.0215880304865204	0.0106687981407596	-0.0727790619	0.1452029505	0.0874232445	0.1217779916	-0.087172437	0.0064488654	0.1317677238	0.0733972623	0.0871524213	-0.0660363573	0.0076278656	0.1155722381	-0.0469320518	-0.0826106587	-0.103506566	0.0690980357	-0.0475141097	-0.0877503213	0.0210942352	0.0364577556	-0.1549212537	0.1075564261	-0.0440106386	0.1487931032	-0.025121164	0.0350213979	-0.0715024378	0.0775349285	-0.0322702305	0.0006794492	-0.0248377597	0.0374816259	0.0752839748	-0.1186031378	-0.0492985393	-0.1388613984	-0.0403499665	-0.0752214549	-0.0149032435	-0.136871538	0.1601155824	0.0363029854	0.0033536287	-0.0097345979	-0.1238881439	-0.0224059673	-0.0236516361	0.0112426793	-0.0001721785	0.0502998773	0.1551584325	-0.0695384796	-0.068885186	0.0940089706	-0.0041058137	-0.0366468286	-0.1516672618	0.0747304084	-0.1092894745	0.0486088846	0.0039682746	-0.0699676976	0.1184759251	-0.025377326	0.0775728024	-0.1067888516	0.0780558415	0.0586670364	0.0011283198	-0.1036295409	-0.0669791238	0.1051183658	-0.0340404793	-0.0271208475	0.0119830263	-0.0056427925	0.0801954265	-0.2558291608	-0.0076216767	-0.0222496925	0.0371841316	0.0972251363	-0.0451702244	0.0575205644	0.0063148984	-0.0361379841	-0.0115881361	-0.0051603518	0.1924992517	-0.1120004109	-0.0371401854	-0.0796080906	0.0710782125	0.0566829918	-0.0949846858	-0.1020733989	0.0641078309	0.0533684111	-0.1134765374	-0.0733703553	0.0017313601	-0.1425929988	-0.0267558251	-0.0132786217	-0.1538867585	-0.030328466	0.0921138449	0.0964294985	0.1296759482	0.1034414224	0.0366662233	-0.0446835199	-0.1082719048	0.0104528046931733	0.0073423516875265	0.0001092611259536	5.39101283033247e-05	-0.0057368367279622	0.0051855251247445	3.2911295643296035e-05	2.6889670819356477e-05	-0.0045890513345625	0.0001094168035677	2.1059392151249864e-05	1.197203690299438e-08	-0.0005699995468242	-6.00046221071e-05	3.248994833797934e-07	3.6005546742158727e-09	0.0002430003171152	6.498625927680001e-05	5.9049154118087766e-08	4.2232138947914765e-09	6.913243315087365e-08	5.40238560297306e-05	2.9185770203210594e-09	4.779293313360014e-15	0.0	0.0
919.883602574634	2.2168151047203537	846185.8422856871	4.914269208516313	1074.9985284714471	-6.258886646089195	1155621.8362157766	39.17366204859365	879.6914294827369	0.8512773505004816	0.7246731274751198	773857.0111053811	896.6622374593273	783.1430712397228	1.153119	19.867807	0.0439829271672952	0.0301099085439509	0.0508957418	0.1064834684	-0.1139820024	0.0428310209	0.0389186783	-0.027279101	0.0097121173	0.1178341267	-0.0415901015	-0.085602687	0.0882175235	0.0076382882	-0.0236879125	-0.0276881403	-0.0175270893	0.0067472617	-0.0573064392	-0.0773450542	-0.0891964794	-0.0599803716	-0.1032050392	0.0380401349	0.0527829936	-0.0308422741	0.0876796891	0.0316394808	0.0584199754	0.264656171	0.0156125614	0.0228402237	0.0775371274	-0.1145229345	0.0174200179	-0.0809981531	0.1163708818	-0.0575483613	0.0588859975	-0.041418365	-0.0099579441	0.0161727795	-0.0408290792	-0.0834556342	0.0997749533	-0.0187989204	0.0481393293	-0.0405662433	-0.1045483745	0.1204644727	0.0722371364	0.0138646218	-0.0882449217	-0.109911544	0.0034059155	-0.0050617553	0.1091648862	0.0341184918	-0.0671469196	0.0803708837	0.0645659742	0.0130863558	0.0027382765	0.0324667259	0.094935367	-0.0281601634	0.1281793875	-0.0787975397	-0.2092157585	-0.0624686262	0.0077367283	-0.0468136257	-0.0258272385	0.0630167558	0.0207680791	0.0547291492	-0.015202469	0.0517066953	0.0381349178	-0.0226419728	-0.0063028297	0.0491193777	0.0990140393	0.0092784181	0.0303958772	-0.0273469327	0.1383521675	-0.0381442265	0.007176786	-0.0699716644	0.143153877	0.071011145	-0.090849943	0.0116529798	-0.0261029688	0.0057809032	-0.0686251507	-0.1075596891	0.0457448933	-0.0438616704	-0.0686045404	0.0132670224	-0.0352667731	-0.0274389184	0.0567245183	0.0004880547	0.0564791726	0.1757157835	-0.0281590652	0.0056305685	0.0213316831	0.1013839798	0.0301376669	-0.0540487397	-0.1150284477	0.0104482805378296	-4.524155343700251e-06	0.0001091665661971	2.0467981573931532e-11	-0.0039998759412895	0.0017369607866726	1.5999007545706566e-05	3.017032774438642e-06	-0.021677620427738	-0.0170885690931755	0.000469919227409	0.0002920191936522	-0.0001549997405162	0.000414999806308	2.4024919560089332e-08	1.7222483923567757e-07	0.0001549997681362	-8.8000548979e-05	2.402492812227576e-08	7.744096620605379e-09	1.2025078084397273e-08	-5.7107355066476384e-08	3.261250002688605e-15	1.4460250293585158e-16	0.0	0.0
919.1203973672868	-0.7632052073471414	844782.3048565993	0.582482188521793	1080.476731291271	5.478202819823991	1167429.9668618697	30.01070613512753	878.9690354588944	-0.7223940238425257	0.5218531256833956	772586.5652955391	896.6393694134059	783.9287409799541	1.065207	18.353132	0.0353779134823133	0.019684005906868	0.0767330104	-0.0659878385	-0.0808223074	-0.0432245926	0.0034474268	-0.0593090612	0.0257854768	0.0242447466	-0.1246956956	0.1308208434	0.0310346387	-0.0355831855	0.0582508618	-0.089657816	-0.078650625	0.0437648804	0.0538644467	0.0827806921	-0.1053553525	-0.1040821371	-0.0240396018	-0.1025587142	0.0270089976	-0.0779374381	-0.067282795	-0.0016426484	0.1199439218	-0.0240140143	-0.083784122	0.2139173002	0.0585867733	0.0888430923	0.1114270201	-0.0843608673	0.0981646227	-0.0646385921	0.130945539	0.1227532159	-0.1577920947	-0.0505634424	-0.0571620726	-0.0318843362	-0.1003810565	-0.0585073791	-0.0593593598	0.0538054555	-0.258722931	0.1284247144	0.0781220008	0.0032459148	0.0827873485	0.003836512	-0.0334039399	-0.1510946995	0.0641615041	0.0572812571	0.0260328764	-0.0482212083	-0.0267853082	0.100962634	0.0291978218	0.0878689102	0.0068337922	0.0296098571	-0.0388506022	0.0832225194	-0.0162465128	-0.1023074189	-0.033675371	0.0159598091	0.0046004524	-0.1532900449	0.260187362	0.0322549275	-0.0172223717	0.0792047274	-0.1153483711	-0.1504077707	-0.0554176499	-0.02239773	0.1171853189	0.0911426167	-0.0486536739	-0.0326802604	0.0139287086	0.0324742174	0.059075466	-0.075573444	-0.008435969	0.0076518711	0.0141549764	0.1333005081	-0.0522127934	0.0105059611	-0.1657964951	-0.0571230934	0.0330995659	0.0206084056	-0.0275545552	0.0067088959	-0.024086051	-0.0103633575	0.087987321	-0.0587392972	0.044140739	0.1205573269	0.0188038842	0.1067004478	-0.0570439227	0.0992570537	0.0235265052	-0.063080731	-0.1205247148	0.0104538705779333	5.590040103701371e-06	0.0001092834100601	3.1248548360989636e-11	-0.0135923803740638	-0.0095925044327743	0.0001847528042332	9.20161412927946e-05	-0.0377070785602455	-0.0160294581325075	0.0014218237735485	0.0002569435280218	-0.0001549896839982	1.0056517999991682e-08	2.4021802145861894e-08	1.011335542841567e-16	0.0002740060985664	0.0001190063304301	7.50793420515797e-08	1.416250668246194e-08	-7.597880551227206e-05	-7.599083059035646e-05	5.774606333812255e-09	5.772778887071663e-09	0.0	0.0
920.384555160414	1.2641577931271968	847107.7293778332	1.5980949259242243	1086.810834030878	6.334102739606806	1181157.7889668923	40.12085751589444	879.3211988035985	0.3521633447040813	0.1240190213531655	773205.7706653975	896.9957234569545	785.353093541311	1.015084	17.489527	0.0324163665006831	0.0171399429127413	0.0663893151	-0.0877367653	0.066637265	0.077280558	0.1483906743	-0.0809857852	0.0452966295	-0.0611988031	0.0062604805	0.01886266	-0.101420715	-0.0656532162	0.0095712191	-0.1625887095	-0.0852933262	-0.0114619893	0.0502213463	0.0598288625	0.0701648938	-0.1090237324	-0.0361561522	0.0264948656	-0.0227740501	-0.1153845228	-0.0571446342	0.0402792689	-0.0684718331	0.186440505	-0.0261906855	0.0682522403	-0.0670793864	-0.0703279569	-0.0372431071	-0.1813079368	-0.1319957378	0.1084145438	-0.033491439	-0.0082452177	0.0268601394	0.1267020271	0.066561342	-0.1375118711	0.0741964934	0.160894713	-0.1825528557	-0.0565283112	-0.03125184	0.0314263215	0.0638618544	0.0789290056	0.0403744556	0.0250364332	0.0389956113	-0.0663609015	-0.1137879278	0.1212450058	0.0020754878	-0.0030257505	-0.0691932053	0.163731502	0.0584931456	0.0758451989	0.002835393	-0.0203986689	0.1838869224	0.0013354625	0.0160561509	-0.1047874522	0.0685413589	0.0658034532	-0.1548958341	0.0927000974	0.0183493847	0.0395925239	-0.040934002	-0.0458491658	-0.0181781104	0.0677395776	0.0180403799	0.171600512	0.0462582546	-0.0162137573	0.0038743375	0.203457063	0.0943990684	0.0509445793	0.0864531562	-0.0826551606	0.0136723323	-0.0887113147	0.1095595178	0.0360021774	-0.0603043088	-0.0177530255	-0.0834054492	-0.1003036399	0.0110703586	0.021492623	-0.0333528876	0.0335537522	0.0285680421	0.0210954173	0.0392002314	0.0617321527	0.0719592599	0.1734963775	-0.0910035497	-0.0357963609	-0.1083778321	0.0970621018	0.016850859	-0.0717238087	-0.124700488	0.0105039369106521	5.006633271880008e-05	0.0001103326906229	2.506637671909591e-09	-0.0279216406713516	-0.0143292602972878	0.00077961801778	0.0002053277006674	-0.0416433327362852	-0.0039362541760396	0.0017341671613849	1.5494096938389954e-05	-0.0002529997446573	-9.801006065910002e-05	6.400887079665903e-08	9.605971990400466e-09	0.000166000183513	-0.0001080059150533	2.7556060926349683e-08	1.1665277686522248e-08	2.0932667964984088e-08	7.599973818023704e-05	5.77596020346458e-09	4.381765881322711e-16	0.0	0.0
920.8204615134936	0.4359063530795311	847910.3223419233	0.1900143486550968	1076.5064033144995	-10.30443071637842	1158866.0363771198	106.18129238864309	879.4057026805965	0.0845038769980419	0.0071409052277002	773354.3899071537	897.2557619064833	802.4351135345277	1.130539	19.478765	0.0263153767042329	0.0162080592688398	0.1023706324	0.0933390382	0.1056662148	-0.0458113973	0.1142705892	0.0240350066	-0.0074536173	-0.0713033256	0.0413891898	-0.177264239	0.0598489153	-0.0746604756	-0.0407466237	-0.0565537953	-0.0044527542	0.0103725506	0.0025983536	-0.0464734839	0.0617252143	-0.043792446	0.0212036265	-0.0315381916	0.0320938547	0.0144900208	0.1603738603	0.1621897376	-0.0716902661	-0.0619413439	-0.0448684723	0.0065091964	0.0110956879	-0.0721546688	-0.0321453452	0.0516319604	-0.045288069	-0.0718544046	-0.0311321675	-0.0060381074	-0.1475994855	-0.0294499759	-0.0958193472	0.0776932781	0.0821794182	0.1217837356	-0.0369608909	0.1242106154	0.1028850474	-0.1548886315	-0.0752363322	0.0516028765	-0.0892052218	-4.7097e-06	-0.003683958	0.0567883502	0.0065495406	0.1002819419	-0.0051163659	-0.0520836037	0.0100197611	0.0769545905	-0.1742039547	0.0030768967	0.0413727309	0.0518096918	0.0241617729	-0.0404871062	-0.0227549017	0.1405261754	-0.0224612602	0.0823421579	0.1175070442	-0.0296697907	-0.0830942294	-0.0179461122	0.146313959	0.0113748734	-0.0456037298	0.0482013873	-0.0837468452	0.0329462705	-0.08454893	-0.0852229276	-0.1688171957	-0.0948381287	0.0031885869	0.0167165393	0.0946072981	0.0256463299	0.1061684126	0.0284531973	0.0858180741	-0.0224545606	-0.0299723428	-0.0378710294	-0.0739795211	-0.0027975448	0.0122714446	0.0177777484	-0.027400583	-0.1824660989	0.0630175313	-0.1231930601	0.0615661829	0.0970929025	0.1351349998	0.0078508941	-0.0233930857	0.0245613822	-0.1487168334	0.0948006283	0.0101290257	-0.0799246852	-0.1275100165	0.0104901345276715	-1.3802382980600617e-05	0.0001100429224086	1.9050577594317358e-10	-0.0150555900498119	0.0128660506215397	0.0002266707917479	0.000165535258596	-0.0420278371230153	-0.0003845043867301	0.0017663390932387	1.4784362341469038e-07	-0.0001550002314295	9.799951322780004e-05	2.402507174319856e-08	9.603904592885753e-09	2.999994022090391e-06	-0.0001630001894909	8.99996413257808e-12	2.6569061774072445e-08	2.491270229796087e-10	-2.0683540942004482e-08	4.278088658995755e-16	6.206427357868248e-20	0.0	0.0
918.5121215877518	-2.308339925741734	843664.517503633	5.328433212773354	1083.5858897617884	7.0794864472889	1174158.3804908467	50.119128357347215	878.8161057995212	-0.5895968810752947	0.3476244821737152	772317.7478126353	896.4495171149913	781.1121806390271	1.179974	20.330524	0.0336161289730763	0.0202617017055104	0.0109018042	0.0025938245	-0.0452220933	-0.1390843898	0.0769423563	-0.093946946	-0.0321664723	-0.0270963476	-0.00800545	0.0679599085	0.0463581437	-0.217722563	-0.1753399053	0.0093066622	-0.0194502126	0.0488808289	-0.0140816868	-0.0052700184	-0.0550455058	-0.0177797131	0.1825419974	0.1393103868	-0.0193871566	0.0756031007	0.0862774951	0.1405966188	-0.0544769379	-0.105352783	0.0190488701	0.0154273589	0.0839796145	0.0069253602	0.0463688417	-0.0040270995	-0.0969335661	-0.0653838308	0.0831594794	-0.1265292128	0.0828295813	-0.0562646444	0.0459335446	0.0934546207	-0.0415887942	0.1891774228	-0.0393065333	0.0020886165	0.1084680712	0.0895518915	-0.0392566549	-0.0915395745	0.0307999168	0.0065660581	-0.0518752665	-0.019226342	0.0303598817	0.0324751308	0.2024690995	0.0659972515	-0.0214280721	0.0525899707	-0.0164680185	-0.1527126489	-0.0027301388	0.0436676721	0.064845501	-0.0211172142	0.1317101264	0.1802162476	-0.0904756396	0.0066055647	-0.0336872059	-0.0326809501	-0.0903253738	0.0563391322	-0.0684265001	0.1647990567	0.0293658006	-0.0093242161	0.0891534025	-0.0019681144	-0.0393811216	0.0850476612	-0.1570885544	0.0441937529	0.1352583478	-0.0231135909	0.0948718293	0.0510579143	-0.0167930305	0.0282463345	-0.0436527191	0.1403063077	-0.0713073777	0.0654969921	-0.0010351275	0.0326577514	-0.0036915749	0.0429726143	0.069521782	-0.127923944	-0.0468083981	-0.0353376369	-0.0583978513	0.0877009906	-0.0628381742	0.1582324186	0.0302296319	0.0225771799	0.0327067517	0.0924741833	0.0033794295	-0.0876327994	-0.1289225186	0.0104631203239478	-2.701420372369992e-05	0.0001094768869134	7.297672028255625e-10	-0.0051122295662651	0.0099433604835468	2.6134891138195053e-05	9.887041770576004e-05	-0.0256824748137063	0.0163453623093089	0.0006595895125566	0.0002671708690225	-0.0001549980296325	2.2017969999858253e-09	2.402438918995735e-08	4.847910029146582e-18	3.800864490810518e-05	3.500865088601479e-05	1.4446570877504301e-09	1.225605636858864e-09	-0.0001109967377199	-0.0001109969868469	1.2320331089095993e-08	1.2320275784460271e-08	0.0	0.0
921.0312952773706	2.5191736896188104	848298.6468803111	6.34623607846765	1089.9275046212333	6.341614859444917	1187941.9653298685	40.21607902553257	879.8981918967814	1.0820860972602304	1.1709103218838768	774220.8281032252	897.3513157180109	783.2209252363193	1.140874	19.656847	0.0629589427917922	0.0304667877820657	0.0501330311	-0.0969648648	0.0055970484	0.084296617	0.1762026103	-0.0262853747	0.0474573756	0.0262198396	0.0237066266	-0.0659517656	-0.1592064128	-0.1591312775	0.0517885026	-0.060372903	0.0131669532	-0.0437622697	-0.001179232	0.107739458	0.1368110602	-0.0592580194	0.1192209539	-0.0305059265	-0.0297403537	0.122895238	-0.2144601953	0.114543162	0.0068608534	0.0445334828	0.0772007788	-0.1681353744	-0.0450667144	0.1233779358	-0.0438735884	-0.0421640403	0.1164697897	0.0187260889	0.0120541384	0.1107026335	0.0757413287	-0.0448911945	0.0709793968	-0.0349475468	0.0402073027	-0.0089927011	0.0276063521	0.1482532012	0.1161713652	-0.0374382054	-0.148428651	-0.0502969616	-0.0696075555	-0.0126021605	0.0739824938	-0.0269473226	-0.1788773046	0.0680520548	0.0712466515	0.0148643659	-0.0310424869	-0.0386115468	0.1853078036	-0.0612653396	0.0433911538	-0.1287174319	-0.0992006185	-0.0885895302	-0.0771063043	0.1131698281	0.1905361061	-0.0673120428	0.0078569094	-0.0235044717	0.1101508383	0.0585789565	-0.0780259023	-0.1415996193	0.0602065866	0.0022800861	-0.1084660026	-0.0400780388	-0.0446703947	-0.0060462338	-0.0393573691	0.0778910312	-0.0587972728	0.0326267964	0.1336260607	-0.0405142918	-0.079290171	-0.0880550871	0.0632335637	0.0413456567	-0.0728009821	0.0167653435	0.0819093839	-0.0873943896	-0.0089068406	-0.0867874222	0.0078445956	-0.0191415657	0.1349097164	0.021263942	0.0040100185	0.0601246193	-0.0212410741	-0.082703765	-0.0611322061	-0.05028399	-0.0602818608	0.090084361	-0.0033794295	-0.0948006283	-0.1289225186	0.0178698071629668	0.007406686839019	0.0003193300080416	5.485900993129728e-05	-0.0055310437616071	-0.0004188141953419	3.0592445092812814e-05	1.7540533021996652e-07	-0.0462172052675953	-0.0205347304538889	0.002136030062747	0.0004216751548138	-0.0005849999363432	-0.0004300019067107	3.422249255215481e-07	1.8490163977483761e-07	-0.0001129999429805	-0.0001510085878886	1.2768987113596251e-08	2.2803593616110596e-08	-3.300624835987989e-08	0.0001109637314715	1.2312949702088065e-08	1.0894124307940741e-15	0.0	0.0
921.2813224239578	0.2500271465871719	848759.2750472365	0.0625135740305231	1082.6876977103095	-7.239806910923789	1172212.6507732505	52.414804107459865	880.2334829866611	0.3352910898796608	0.1124201149526908	774810.9845708286	898.8097995217778	799.0769611746965	1.163753	20.051037	0.0431227454615534	0.0243986389478686	0.0935027595	0.0778916691	0.1102822395	-0.0054854954	0.0664038618	0.0088567192	-0.1386421866	-0.0781334442	-0.0269272316	-0.1431728135	0.0321518402	0.0203768829	-0.0226739049	0.0572781504	0.1341959173	-0.0326616268	-0.0132199704	-0.1263266616	0.1033482419	-0.1022604243	0.0469376575	-0.0649967925	0.0385460871	-0.008951341	0.0191447458	0.0253761604	0.0219560821	0.193136952	-0.061232092	-0.1031730692	-0.1285649517	0.0396457347	-0.0852264451	0.2495048274	-0.0956389497	-0.0044646189	0.0763695528	0.1511034418	0.0520663146	-0.0687767576	-0.1387093704	0.0386231078	0.0303555463	0.1813685704	0.0422844062	-0.0662683772	-0.0523258723	-0.0499423028	0.0105515852	-0.0964593255	-0.0285477121	-0.005090697	0.0296634887	0.1088411107	0.0339742931	0.1398554452	-0.0227647334	-0.0821299523	0.1063372488	-0.0896984608	0.0431351806	0.0221613265	-0.0515428325	-0.0157634024	0.10945836	-0.1577686753	-0.078298382	0.0230771215	0.0955839972	0.1428294213	0.1943040757	0.0288853218	-0.0063183301	-0.2012031811	-0.0229798095	0.0139712272	0.0285080011	0.0973953084	-0.0273615773	0.1200694153	-0.0072464354	0.0847027194	-0.0834548514	-0.1490546711	-0.0009526638	-0.0107389782	0.1009516891	-0.0032145393	0.0937863061	0.0160517327	0.0677794898	-0.0328395288	0.0254032253	-0.0452532253	0.09136067	0.0566813147	-0.0586650783	0.0371513705	0.0207577987	-0.1589791334	0.0274764394	-0.1055697546	-0.1161638938	0.0358405558	0.084071115	0.0318655503	0.0418541969	-0.0148740153	-0.074797326	0.0876327994	-0.0101290257	-0.1013839798	-0.1275100165	0.0141419950669074	-0.0037278120960594	0.0001999960244724	1.389658302352678e-05	-0.0013840534682003	0.0041469902934067	1.9156040028372788e-06	1.719752849361021e-05	-0.0406182049658951	0.0055990003017001	0.0016498385746514	3.134880437843892e-05	-0.0001550096890355	0.0004299902473077	2.4028003694882407e-08	1.8489161277973706e-07	-0.0001129874099388	1.253304169999839e-08	1.276615480467844e-08	1.5707713425389854e-16	-0.0001630090813067	-0.0001629760750583	2.656120104142171e-08	2.6571960588454327e-08	0.0	0.0
919.0283132287273	-2.253009195230561	844613.0405160396	5.07605043379346	1080.7394955589657	-1.9482021513438208	1167997.8572610477	3.795491622500693	878.5809723041025	-1.6525106825586136	2.730791555970335	771904.5248948222	895.9699940824713	786.5792152496155	1.114825	19.208033	0.0219464788317993	0.011824849379042	0.0199816137	0.0583687752	-0.0442768258	-0.0440930222	-0.0793245601	-0.1340090847	-0.1474608456	0.0384425986	-0.0258820521	0.0706990173	0.0672363922	-0.127098234	-0.09030308	-0.0206516328	0.0556475749	0.0484961115	-0.0259769417	-0.0864908044	-0.0394028619	0.0537072477	0.0916485136	-0.0185557818	-0.0545073502	0.0623320971	-0.0930833235	-0.018308605	-0.0792499093	0.0226941018	-0.0220679166	-0.0151066137	0.0702353485	-0.1389976409	-0.0290576635	0.1629020779	-0.1775199183	0.0110513334	0.0614662296	0.1759067663	0.1329950958	-0.0094860217	0.0524472715	-0.1177141502	-0.1757086523	0.0059574542	0.0330204113	-0.0760594458	-0.0061203098	-0.0293249069	0.0577822959	-0.0543433502	0.0040995672	-0.0238421217	-0.0449094668	0.0388186774	0.0568597523	0.0008815641	0.1051810531	-0.0697727038	-0.0780109006	-0.1002969704	0.0618557556	-0.0083016186	0.1009215556	-0.0191998906	0.0423703195	-0.1130205559	0.076640059	0.0588000666	-0.1228571754	0.1029101794	0.0876992149	-0.0302487891	-0.0688574596	-0.0972317891	-0.0349412055	0.0684760929	0.0515287991	0.123788994	0.0671867825	0.0801463394	0.1534709821	0.1899567108	0.1767822555	0.1059814052	-0.2222964061	-0.0051007884	0.0897671819	0.0584523543	0.0111527986	0.0664933748	-0.0449200374	0.0894746821	-0.013861179	0.0393115806	0.034554238	0.0006865233	-0.1344200968	0.0570722108	0.0987020643	0.0022042809	-0.0033838715	0.1038347929	-0.1793997525	-0.0079419556	-0.0392498972	-0.079070323	-0.0900201947	-0.0061328991	0.0282905397	0.0851211787	-0.016850859	-0.1073422654	-0.124700488	0.0104263699705597	-0.0037156250963477	0.0001087091907629	1.380586985660886e-05	-0.008638134310388	-0.0072540808421877	7.461736436430238e-05	5.262168886499461e-05	-0.0434438518514781	-0.002825646885583	0.0018873682636931	7.98428032200493e-06	-0.0001550002313024	9.457733099991778e-09	2.4025071703797503e-08	8.944871539068009e-17	-0.0001130000964955	-1.2686556699999718e-08	1.276902180799231e-08	1.6094872090230772e-16	-8.705442881170558e-09	0.0001630003758638	2.6569122531746205e-08	7.578473575732314e-17	0.0	0.0
921.0749456787452	2.04663245001791	848379.0555571034	4.188704385466313	1087.8137667701358	7.074271211170071	1183338.791174631	50.04531316918967	878.8698196622083	0.2888473581058406	0.0834327962847237	772412.1599130826	896.2992487567689	781.2506105434395	1.098982	18.935055	0.0251654933498581	0.0126355289160074	0.0654512566	-0.0965839006	-0.0947765525	0.1320596352	-0.0334113968	-0.101076752	-0.1012292479	0.0332366566	-0.0508586283	0.0517016203	-0.1220548824	-0.0139750293	-0.0751926811	-0.0076584722	0.0797007457	-0.0177296814	0.0076486691	0.1935430718	-0.0490107392	-0.0268965274	-0.0151022905	-0.038188639	-0.0538528064	0.0443325343	-0.0989761631	-0.0903254904	-0.0905311298	-0.1720083305	0.112788539	-0.0348167388	0.0058939502	-0.1981156637	-0.0274819685	-0.1435603432	0.0282530397	-0.0410324553	-0.0086888234	0.0118569395	-0.0998273333	-0.0278681254	0.1007622626	-0.0300757298	-0.0103886514	0.090719412	-0.0397355069	-0.0296964916	0.0754471778	-0.0315493152	-0.0256567799	-0.0924920874	-0.0175791375	-0.0431319843	0.0509084346	-0.1691771232	-0.0765116907	-0.0402738042	0.0101474683	0.0438970851	-0.0845514291	-0.10858272	0.0363052134	-0.0158357174	0.0673294136	0.0037319686	-0.0919518462	0.1235982077	0.1147295298	0.0509807309	-0.0542413092	0.0878593777	0.0764571718	0.0150470705	-0.0321263088	0.1172731752	-0.0794561267	0.077399337	-0.0036280039	-4.6899e-05	-0.1020230505	0.1861137711	0.1128087257	-0.0505529998	-0.0555200585	-0.0263001056	-0.047688113	0.013622886	0.0305568562	-0.0976692238	-0.0676693046	-0.0280868893	0.0405597951	0.1016766371	-0.037625039	-0.0252739659	0.1076628521	0.012245759	-0.148945652	0.0054795312	0.0099478713	0.0431799118	0.0332082373	0.09836069	-0.0068282519	-0.00388882	0.0342014257	-0.1646368436	-0.0860757602	0.1245596847	-0.1664972613	0.0825512202	-0.0235265052	-0.1126387502	-0.1205247148	0.01247006454156	0.0020436945710002	0.0001555025096706	4.176687499536098e-06	-0.0025935293731578	0.0060446049372302	6.726394609432291e-06	3.653724884718771e-05	-0.0477207451208272	-0.004276893269349	0.0022772695148869	1.8291816037403596e-05	-2.1999998480639004e-05	0.0001330002328217	4.839999331481185e-10	1.7689061930642633e-08	-0.0002359998059817	-0.0001229997094862	5.569590842340004e-08	1.51289285336896e-08	-2.6363052717625463e-09	6.069137609408012e-09	3.68344313219308e-17	6.950105485922994e-18	0.0	0.0
921.771528862742	0.6965831839968359	849662.7514219568	0.4852281322271698	1085.4634227207728	-2.3503440493630023	1178230.842064695	5.524117150376076	880.5908117619528	1.7209920997444217	2.961813807382713	775440.177759575	899.2099796890019	798.6201505009999	1.159579	19.979111	0.0426040733935861	0.0232186394872786	0.111370275	0.0624703191	0.1141464576	0.0187321427	-0.1457771381	-0.0267144141	-0.0488163265	-0.0873965354	-0.0903840424	-0.0588147133	-0.0067987024	0.1159366371	0.0586820984	0.0045245108	-0.005793756	-0.0656834343	0.0491615389	-0.0250922767	0.0769259558	-0.1360171696	0.0079974635	0.1002436153	0.0202677292	-0.0203175234	0.0846110029	-0.1429140519	-0.0558547285	0.0049009327	0.1979983817	-0.0934586253	-0.1621595919	0.0221139626	-0.1480084755	0.0818806003	0.0094927582	0.0441196075	-0.0711208019	-0.0001763664	-0.0163171424	-0.1330596485	0.0132069046	0.1501464452	0.0327500988	0.0537920366	-0.0133689305	-0.0268263954	-0.0876459076	0.0970196377	-0.0446189579	0.1859468895	0.0930215981	0.0351828298	0.0602920611	-0.0056103972	0.0110812925	0.1120465139	-0.1003369616	-0.0481900878	0.0984494379	-0.0596668048	-0.0402052502	-0.1869806759	-0.2042383166	-0.1064629122	0.0393708235	0.0746851358	0.1389903844	-0.0726055633	0.1076652701	0.0625954542	-0.0174265576	0.0720146186	-0.1744412012	0.0773124922	-0.0272583836	-0.087994859	0.0194761383	-0.0002692512	0.0498043036	-0.1297534635	0.1318799707	0.028573013	-0.0253855798	-0.0368799742	0.0682577542	0.0162021441	0.0674698766	-0.0197172306	0.0712697181	0.0204053269	0.1045214893	-0.0235832	0.0727408876	-0.033951407	0.0864737943	0.0687215088	-0.0505686535	0.039707546	0.0397318368	0.0259233929	-0.0209229215	0.1949162461	-0.1453518353	-0.0564751761	-0.0084344687	0.0382847385	0.0556485933	0.0028484568	-0.0356210766	0.0799246852	-0.0301376669	-0.1172407796	-0.1150284477	0.0104625839631751	-0.0020074805783848	0.0001094656631864	4.029978272592572e-06	-0.0032072309638664	-0.0006137015907086	1.0286330455583397e-05	3.76629642438266e-07	-0.0420892600220952	0.005631485098732	0.0017715058092075	3.171362441724057e-05	-0.0001550032908671	-0.0001330032923864	2.4026020179630812e-08	1.7689875785638442e-08	-1.9973834638475907e-05	0.0002160259713432	3.9895407016518e-10	4.666722029478348e-08	-0.0003380014950908	-0.0003379988587855	1.1424322854031949e-07	1.142450106836161e-07	0.0	0.0
916.8992246906586	-4.872304172083432	840704.1882383308	23.739347945301613	1083.7998064313615	-1.6636162894112658	1174622.0204206568	2.7676191583945084	878.6155962825371	-1.975215479415624	3.901476190123093	771965.3660309183	896.6888261175633	778.8867626532823	1.235242	21.282768	0.0672680583335588	0.0338176635608767	-0.045005263	0.0392899918	-0.0060819239	-0.1386595789	-0.0992526387	-0.1156160716	-0.0772599636	-0.0840645328	-0.0230136046	0.0817314804	0.0897336276	-0.0699429735	0.1344223823	0.0866751765	0.121704166	0.0555438546	0.0596652366	-0.0772798315	-0.1163604961	0.036357695	0.0462579753	0.0286656714	0.0952168369	0.1082535142	-0.0298848276	-0.0324786044	-0.1494034967	0.1161615812	0.0506115502	-0.0781865004	-0.1078819041	0.0729301475	0.1111157182	0.0198649448	0.1120164424	0.1458975526	0.0014830544	0.1652219167	-0.0643764539	0.0046844765	-0.0998814195	0.005827965	0.0488487701	0.0675594925	-0.0051981493	-0.0170351407	0.0989153275	0.076361739	0.044007061	-0.0125437321	0.1078630569	0.0878024209	-0.0830543407	0.0311759791	0.1394284309	-0.0236146693	0.0489318052	0.0319740075	0.0607617007	0.0787655212	0.0250303535	-0.0599454411	0.0112483992	-0.253509064	-0.1561737708	-0.1471075598	-0.0208014582	-0.0173167856	0.0636581739	0.1082488624	-0.0210811155	0.0010596974	0.0653290346	-0.0692153532	-0.0989759226	-0.0144702116	0.0300587547	0.0098939709	-0.1046500819	-0.0225630168	0.0558078614	0.0622772678	0.0024725561	0.0204577561	0.1565946884	-0.0425929997	-0.074183745	0.0089360008	0.0767240411	0.0617299833	-0.0257266657	0.1142889289	0.0893345534	-0.0152939562	0.0258478122	0.112050315	-0.0612570628	-0.0422480112	0.0547151571	0.0541340636	-0.0175507204	0.1066030527	0.0042492172	0.0092102385	-0.0102895709	-0.0743674086	-0.1142135094	-0.0535872422	-0.0536277383	0.0772433738	-0.0366662233	-0.1211199807	-0.1082719048	0.0104276015738662	-3.498238930890046e-05	0.0001087348745832	1.2237675617594732e-09	-0.0207197357794086	-0.0175125048155422	0.0004293074507685	0.0003066878249143	-0.0357210234754177	0.0063682365466774	0.0012759915181313	4.0554436714438895e-05	0.000280999789623	0.0004360030804901	7.896088176817027e-08	1.9009868619685666e-07	-0.0001130000487776	-9.302621413912408e-05	1.2769011023739978e-08	8.653876517058171e-09	1.5901920580909922e-08	0.0003380173970113	1.1425576068234952e-07	2.5287107816156657e-16	0.0	0.0
917.667240943406	0.7680162527474295	842113.1651006831	0.5898489644842034	1086.0757720947263	2.2759656633647865	1179560.582731156	5.180019700815513	878.8831494871922	0.267553204655087	0.0715847173212068	772435.5904525262	897.1736654191569	767.5388616687524	1.147734	19.775026	0.0918661965654761	0.0490972609514496	-0.106110322	-0.0843771279	-0.0741994808	0.0497412684	-0.1309103168	-0.0445739375	-0.0544149665	0.0643764834	0.0144461598	0.1833530855	-0.0433841467	0.0582341849	-0.0908117904	0.0562678676	-0.0028567805	-0.079753284	-0.0518538171	0.1103659521	-0.1719881557	0.1890738638	-0.1065334485	-0.1800889341	-0.115142428	0.1156466185	-0.0523295957	0.0330907121	0.0272384311	0.1422972756	-0.1224713482	-0.0837920946	0.1219841102	0.0686597508	0.0887975044	0.0944117745	-0.0917768208	-0.0240252397	-0.0301178131	-0.0553924512	-0.1693836988	-0.0137695528	-0.0811665776	0.1174489085	-0.076277411	-0.0685298184	0.0598890001	-0.0747316794	0.0379918945	-0.0695268439	0.1935692441	0.0644836666	-0.0869829994	-0.0085217327	0.073162444	-0.0631316871	0.0511184505	-0.2528984555	0.0054411266	-0.0610677079	-0.1436265677	-0.0766179716	0.0227836128	0.1155808906	0.1156900303	0.0442693946	-0.1085457308	-0.1286943228	-0.0498564978	-0.0185691973	0.116328397	0.0404253939	-0.1221142587	-0.1522224225	-0.082997088	-0.1618113112	0.0943181492	0.0245824232	-0.1178303672	-0.0926778759	-0.0188726259	-0.0834507101	0.0350869613	0.0471009827	0.0314439243	-0.0920957922	-0.1411998167	0.0197613549	-0.0961607189	-0.1065702082	-0.0243264562	-0.0402196225	-0.1262775966	0.0723423378	0.0619401513	0.1342968961	-0.0079346601	-0.0044318679	-0.1026636949	0.1023761142	-0.0969406899	-0.0619634242	-0.0098739815	0.0676418306	0.0138604781	0.1954827334	0.017019167	-0.1480394024	0.0001391189	0.0417948217	-0.1328313624	0.0745091236	-0.0430942802	-0.1242524367	-0.1003291122	0.0022603733282835	-0.0081672282455826	5.109287583215428e-06	6.670361721544385e-05	0.01452535550969	0.0352450912890986	0.0002109859526828	0.0012422164599768	-0.0684745656397751	-0.0327535421643573	0.0046887661395558	0.0010727945243123	7.899997259903388e-05	-0.0002019998170239	6.2409956706481045e-09	4.08039260777158e-08	-0.0002249999105901	-0.0001119998618125	5.062495976555299e-08	1.2543969046019096e-08	8.883428299173365e-09	-7.018492281736557e-09	4.925923390879562e-17	7.891529834655419e-17	0.0	0.0
919.4602932171564	1.793052273750391	845407.2308029792	3.215036456401446	1086.1207739693778	0.0450018746514615	1179658.33564784	0.0020251687221458	878.9337195893037	0.0505701021114646	0.0025573352275639	772524.4834310887	897.5715713173535	781.7690554590282	1.136229	19.576799	0.0623663334464463	0.0397828173229023	0.0108906388	-0.0901938679	0.017685097	0.0556037938	-0.0340195687	0.0165332705	0.0110478339	-0.0451471358	-0.0267144478	0.0017871955	-0.0982761953	0.0736339065	0.0003714585	-0.0358159658	-0.1194264666	-0.032635417	-0.0109800522	0.1595902514	0.1511906193	0.0284615635	-0.0277719219	-0.0998243403	0.0049954817	0.0119484068	0.0848695412	-0.0245385688	-0.0910344985	-0.0815530665	0.0040618181	0.1314301138	0.0626998734	0.1886944229	0.0593860079	0.0188120562	-0.0303034663	-0.048069523	-0.0223893544	0.001329639	0.0051364923	0.076415902	0.1184923178	-0.042607274	0.0143205224	0.0116554887	0.0942682961	0.1245922436	0.0931972735	-0.0857572556	0.1432386296	0.004089491	0.0756841308	0.0073967125	0.054576751	-0.0665769168	-0.1593632773	-0.032618658	-0.0773596996	-0.1517995181	0.0202820314	0.0495437246	-0.172062364	-0.0799417415	0.0483264859	0.0771827681	0.0581583048	0.10893314	0.1097077435	-0.0447624209	0.011477947	-0.192383582	-0.0251281143	-0.006037355	0.0537340993	-0.0998093724	-0.0305417442	-0.018437733	0.0102829125	-0.001650183	-0.1141724312	-0.1176983163	-0.0098864374	-0.0650604608	-0.0080474207	0.002406546	-0.1605251099	0.0471377406	-0.0340406694	-0.0579173888	0.0167131868	-0.047991817	0.0778222538	0.0919763826	0.0324890373	0.0184377737	-0.0765626118	-0.0130179222	-0.0902299596	0.0036117982	-0.0215476172	0.068083141	-0.0236843227	0.0205707714	0.0674639311	0.118166674	0.02149576	-0.0824287361	-0.0575040411	0.005087857	-0.0801751383	0.0717238087	-0.0494042187	-0.1266188352	-0.0912870929	0.0104879996685838	0.0082276263403003	0.0001099981370482	6.769383519560331e-05	-0.0225415991632473	-0.0370669546729373	0.0005081236928365	0.0013739591287255	-0.0684529290276714	2.163661210369261e-05	0.0046858034924674	4.681429833256576e-10	0.0002480000776491	0.00016900010505	6.150403851395963e-08	2.8561035506933388e-08	-5.3000000446834505e-05	0.0001719999101432	2.809000047364458e-09	2.9583969089291403e-08	6.5821995299999306e-09	-2.3012287691734357e-09	5.295653848071486e-18	4.33253506527313e-17	0.0	0.0
915.9571723588726	-3.5031208582837507	838977.5415956615	12.271855747742682	1075.7008190336685	-10.419954935709256	1157132.2520697052	108.5754608622117	878.4270833802113	-0.5066362090923349	0.256680248363452	771634.1408158648	896.7541469415711	786.3121219292373	1.115059	19.212057	0.0204139133793794	0.0172854776625041	-0.0524852975	0.0596405221	0.140111967	-0.0849023444	-0.0467739311	-0.0235222579	-0.0083313243	-0.0392217543	0.0988845213	0.0045710192	0.0658945489	0.0519042271	0.0791821481	0.0639762041	-0.0487676868	0.0617472343	0.0938129291	-0.108020616	-0.0173467543	0.0060001334	-0.0944112965	-0.0554397472	0.0050236204	-0.0403409772	0.0509616306	0.196218718	0.0182140112	-0.0292697353	-0.2215345415	-0.0381198245	-0.1336351899	-0.012544881	-0.1351047466	0.0719239309	0.0671205596	-0.0797522453	0.1368569067	-0.0173693583	-0.0604554678	-0.0657158309	0.0571056929	-0.0886817667	-0.1310235641	0.0265901957	0.0350799866	-0.0677854856	0.0981075756	-0.03576343	0.0638773955	0.0833434337	0.0581482782	0.0890449648	-0.0872293559	0.067218576	0.0683889052	0.0013162977	-0.0734831199	0.0003564781	-0.0448644998	0.1092781353	-0.0697323146	0.1627045282	0.0428269341	0.1145657964	0.0261800736	-0.0083329176	-0.1034690199	0.1085909507	0.0429986745	0.1166483905	0.2081722772	0.0433263585	0.0788520455	-0.0007937716	-0.105210335	0.0454675135	-0.0122599944	-0.1677133799	-0.0221752162	-0.048966518	-0.1337390178	0.0706673225	0.1181148309	-0.0101054448	-0.0210541522	0.0041598969	-0.0601367977	0.0879843872	0.0992264931	-0.0343180073	0.0874955688	0.0095482791	0.0985318245	0.0304030919	-0.1432759238	0.0339999192	-0.0017173782	0.0884049297	-0.0144471248	-0.0966080395	-0.0133105439	-0.1141735231	0.0055099567	0.0765029188	0.0727179049	-0.1231538219	0.0296647684	-0.0188129137	-0.0777511252	0.0688893378	-0.0555787436	-0.1282045865	-0.0812449131	0.010427140253256	-6.085941532780158e-05	0.000108725253861	3.703868434041849e-09	-0.0225593746232561	-1.7775460008799537e-05	0.0005089253833924	3.1596697852443157e-10	-0.0513179962988914	0.01713493272878	0.002633536744133	0.0002936059196198	0.0002440000706673	-4.000006981800001e-06	5.95360344856474e-08	1.6000055854448753e-11	-0.0001129997579347	-5.999975748786549e-05	1.2768945293300794e-08	3.599970898602671e-09	1.373323512053018e-08	7.1510355905302515e-09	5.113731001703034e-17	1.886017468757636e-16	0.0	0.0
914.6797364577334	-1.2774359011392562	836639.0202863886	1.6318424815194637	1081.5709989275251	5.87017989385663	1169795.8257210846	34.45901198623864	877.7002108947472	-0.7268724854641277	0.5283436101247986	770357.6602046838	896.9672098337154	766.7792230845926	1.095173	18.869425	0.0199785370213069	0.0205089920363792	-0.1687966288	0.0181165531	-0.089856487	-0.0330433171	0.0095825594	-0.0333231757	0.0085239773	0.0957624419	0.1069477286	0.1089543958	0.0049170302	-0.0304555835	-0.0256723919	0.049350583	-0.0890527547	0.0959705264	0.0199463558	-0.092473253	-0.090693991	0.0580314071	0.1085659871	-0.0456488017	-0.1345308423	0.0774236585	0.0049847151	0.0730404339	-0.0334305262	-0.0157290784	-0.1325489731	0.060210509	-0.0136817874	-0.107156388	0.0889735238	-0.1017838524	-0.0611051806	-0.0108602711	-0.0385466068	-0.0228433771	-0.0197466137	0.0380309272	-0.0243323292	-0.1337320787	0.0560344668	-0.1432606196	0.0794393906	0.2181224829	0.1045342117	-0.0389971068	-0.1543688743	-0.0961897612	-0.0777810812	0.0091337517	-0.1102926734	0.0295246995	0.0686507891	-0.0548079526	0.1096786632	0.0427752184	-0.1448716855	0.0136058543	-0.0491067553	0.0561028634	0.1405959749	0.1734063843	0.0492447696	-0.0359135286	-0.0650706433	0.0154591218	-0.0227794461	0.0133019165	-0.0381289306	-0.024424841	0.0129951698	0.011560419	-0.0555259841	-0.0526893734	0.1290134654	0.0339484859	-0.0616103095	-0.0492573355	-0.0277482059	-0.2908808424	-0.0127160385	0.0809625992	-0.1214371903	-0.0044314704	-0.0722838854	0.1149027039	-0.0223606813	0.0104279566	-0.0770454407	0.0483731284	-0.0714413574	0.1155232613	-0.1387845116	-0.0564387671	-0.0030439654	0.0480311154	0.0609172386	0.0498249848	-0.0505512458	-0.0423761808	-0.1044440475	0.0879570116	-0.0511124198	-0.0251365928	-0.0461283002	-0.1071282513	0.0122138245	0.0660076536	-0.0616009311	-0.1289999139	-0.0703125971	0.010426397506194	-7.427470619988247e-07	0.0001087097649571	5.516731981078859e-13	-0.0225691745192193	-9.799895963200772e-06	0.0005093676384789	9.603796088955879e-11	-0.0513348367167481	-1.6840417856697765e-05	0.0026352654607351	2.8359967358818486e-10	-0.0001550002313024	-0.0003990003019697	2.4025071703797503e-08	1.592012409719118e-07	-0.0001130000964955	-3.3856080000052233e-10	1.276902180799231e-08	1.146234152969937e-19	-8.705442881170558e-09	-2.2438678001700743e-08	5.034942704640087e-16	7.578473575732314e-17	0.0	0.0
916.9795081601684	2.299771702435009	840851.4183856644	5.2889498833208215	1081.995413062686	0.4244141351609869	1170714.0738886928	0.1801273581244484	877.5460095102336	-0.1542013845136125	0.0237780669859149	770086.998807335	895.2721450871153	764.5894122917495	1.103661	19.015667	0.0480392439256577	0.0321028635089282	-0.1015053246	-0.1294071709	-0.0421862554	0.0181496099	0.1105222713	0.0211321459	-0.002559679	-0.0091466883	0.0198247013	0.024108213	-0.1137832418	-0.0254928293	0.0536239678	-0.0926309259	-0.0327011531	0.0370840748	0.0382614723	0.1421116467	0.0786849493	0.0951425455	0.1183464126	0.0660019986	-0.0082467846	0.0077622377	-0.0438559518	-0.0654936556	-0.0310337554	0.0857934359	0.0232987728	0.0132149863	0.0421593851	0.1096769084	0.1388919084	0.0252359407	0.1663840814	0.1955805605	-0.0654775802	0.0306357201	0.0265073837	-0.0520386275	0.074266479	-0.1404472379	-0.036027523	0.0353948141	-0.0645182864	-0.0979253222	0.0470441716	-0.0362696596	0.0033251646	-0.0737068354	-0.1058783817	0.0273883473	-0.0107876837	-0.0770487491	-0.1708857457	-0.0442484665	0.0812149589	0.0499271829	0.092129638	0.0503593843	0.0410060407	-0.0820558371	0.0001224745	-0.1135710442	-0.0399475763	-0.0222307305	-0.0798030886	-0.1020055434	0.0933734051	-0.1084174917	0.0091105759	-0.0158406859	0.1186044093	-0.0722589916	-0.1087885371	0.080940452	-0.0210493268	0.1069930962	0.0648720516	0.0017323574	0.0887590532	-0.0725649239	0.063844019	0.0980510071	-0.0665858748	-0.0037598759	0.0327148316	0.0907647364	-0.1512729447	-0.1304289916	0.0224531765	0.0340372092	-0.0868190982	0.0869418724	0.055200106	-0.0951872669	-0.0225912559	-0.0243704277	0.0294389991	0.0425406854	0.0108569766	0.0711600707	-0.0033405404	0.0272165367	-0.046983004	-0.0872051995	0.0289288579	-0.010567259	-0.0143627605	0.063080731	-0.0674542747	-0.1289999139	-0.0586099215	0.0104476021067085	2.12046005144996e-05	0.00010915238978	4.496350829795167e-10	0.0066970776901058	0.0292662522093251	4.4850849587312833e-05	0.0008565135183798	-0.0513844987809477	-4.9662064199602896e-05	0.0026403667149692	2.4663206205654798e-09	-0.0003260000141923	-0.0001709997828899	1.062760092533798e-07	2.9240925748392942e-08	-0.0003160000539517	-0.0002029999574562	9.985603409747733e-08	4.120898272721902e-08	-5.1466129152844254e-08	-4.2760686271673695e-08	1.8284762904245038e-15	2.6487624499772453e-15	0.0	0.0
918.6428200596848	1.6633118995164295	843904.6308472104	2.766606475072953	1082.103461492629	0.1080484299429827	1170947.9013743298	0.0116744632131436	878.9200065366683	1.373997026434722	1.8878678286514583	772500.3778904171	896.6172892361751	774.6147023457967	1.057639	18.222729	0.0489005720796774	0.0303137555422209	-0.0623900073	-0.1023605844	0.0759420705	0.1190653864	0.0805549642	0.0929302882	-0.0199038799	-0.0414349368	0.1061513664	-0.0704434735	-0.1167536823	0.042429879	0.0935462058	0.051677648	0.0242431384	-0.0565185178	-0.0087964001	0.0768617943	0.1184307489	0.0771665188	-0.0987721481	0.1971067124	0.1064650695	-0.0795096357	-0.1292580913	-0.0762532245	-0.079370755	0.0385975482	-0.0602125482	-0.0556371651	0.02942556	-0.0726784223	-0.0286094033	-0.0129305156	-0.0674152172	0.0427710392	-0.0314597094	-0.2217045816	0.1049553903	-0.1509692187	-0.151024344	-0.0439931579	-0.0132497082	-0.2255147285	0.1134581509	-0.0332765882	-0.0481139971	-0.0057825828	-0.038429694	-0.0423663401	0.0664226907	0.0249456945	0.0635123102	0.0494062931	-0.1714392573	-0.0277003278	-0.0917573079	0.1962720941	0.1328178343	0.0278608073	0.1119294149	0.0335204906	0.0305784142	-0.0784905432	-0.0125150457	0.0309522131	0.0642564561	-0.0614189284	-0.0616080521	0.099428759	0.0293977315	0.0778227047	-0.0996723866	-0.1300761196	0.1736996714	0.0866719824	0.1949885581	-0.1015675746	0.2031605855	-0.0258862441	-0.0691189624	-0.0826349458	0.1335857359	-0.012978535	0.015671249	0.0092149485	-0.0526935644	-0.0212208415	-0.0511000661	-0.1276881364	0.0084218152	-0.0752928635	0.0048462671	-0.0597422371	0.1135393821	-0.0139475823	-0.0053518062	-0.0048933176	0.075285278	0.1048927674	-0.0134254682	-0.0285305296	-0.0142150373	-0.0463086357	-0.0556616501	0.1034936526	-0.0453397763	-0.104949903	-0.0269253534	0.0601105761	-0.0731227308	-0.1282045865	-0.0462651033	0.0078153848798336	-0.0026322172268749	6.108024081993165e-05	6.928567529456989e-06	-0.0202668514348403	-0.0269639291249461	0.0004107452670818	0.0007270534738551	-0.0513322317664375	5.226701451020027e-05	0.0026349980181232	2.7318408058094853e-09	-0.0001440003372368	0.0001819996769555	2.0736097124312133e-08	3.312388241190636e-08	-0.0001129999278739	0.0002030001260778	1.27689836995066e-08	4.120905118760271e-08	-8.094895527922374e-09	4.3371233624921887e-08	1.8810639061475543e-15	6.552733360797765e-17	0.0	0.0
921.4085587060324	2.765738646347586	848993.732056728	7.649310259900577	1077.7384523664202	-4.365009126208861	1161520.1717091666	19.053304671886643	880.0164832049251	1.0964766682567415	1.2022610840314043	774429.0107123641	897.5234017433527	794.3806783344932	1.104232	19.025509	0.0490054371610069	0.024395561878898	0.0263367555	0.0795182467	0.0911642057	0.1802828756	-0.1499240696	0.1121257059	0.0103234829	0.0335420944	0.0094830239	-0.1499513466	0.0389083232	0.208647001	-0.0128336711	0.07261924	0.0135414696	-0.056291457	0.0049718442	-0.0278326164	-0.0189612895	-0.0794363181	-0.2114847319	-0.130424287	0.0416945324	-0.0376648923	-0.017900956	-0.1399511942	0.0453997856	0.0291624185	-0.1300346408	-0.1091529653	0.0837145356	0.0933271843	-0.0268621501	-0.0881978366	-0.0359104725	0.0708284655	-0.0958619901	-0.1611401741	-0.020720902	-0.0056787338	0.1278266241	0.0405941701	-0.031943558	-0.029685034	-0.0135087193	-0.0446738998	-0.0172597403	0.1697174305	-0.0466597451	-0.0410302927	-0.2042074671	-0.0342721983	0.0573546568	0.0169137347	0.0419452799	0.0547891199	-0.2181898188	0.0894316662	0.0556999667	-0.0515854712	0.1070363534	0.1448469095	0.0593748255	0.1075455572	-0.1093518639	0.0611719174	0.0321786931	-0.1057691062	0.2073953353	-0.1420775127	-0.0798815369	-0.0246220522	-0.1237132753	-0.0229684901	-0.0583113543	0.1311802027	-0.1170474844	-0.0303862381	0.0837223494	0.1510650155	-0.0501401165	-0.0168165426	-0.0234146849	-0.0155465679	-0.0024752246	0.0091136969	-0.0245265257	-0.0747037357	0.0445609964	-0.0579335622	0.0080874428	-0.1758738385	0.021849763	-0.0104060342	-0.0268493601	0.0390500656	-0.0271786341	0.0867682282	-0.0549831241	0.092891529	0.0793919617	0.0287998674	-0.064317299	-0.1322537793	-0.1029172239	0.0460415196	-0.0818756133	-0.0289598528	0.1248909904	0.0570992244	-0.0785907625	-0.1266188352	-0.033413395	0.0104737059266	0.0026583210467663	0.0001096985158368	7.066670787681207e-06	-0.0018079641311317	0.0184588873037086	3.2687342994588028e-06	0.000340730520491	-0.0637188922187874	-0.0123866604523499	0.0040600972255894	0.0001534293571618	-0.0003069995999425	-0.0001629992627056	9.424875436485504e-08	2.65687596426018e-08	-0.0002600001836401	-0.0001470002557662	6.760009549288573e-08	2.1609075195328225e-08	-3.9943587269426855e-08	-3.184869174150448e-08	1.0143391656453758e-15	1.5954901639503192e-15	0.0	0.0
920.0013483537344	-1.407210352297966	846402.4809726895	1.9802409756145656	1073.6695591517855	-4.068893214634727	1152766.3222491895	16.555891992100523	880.0144210885746	-0.0020621163504301	4.252323842711516e-06	774425.3813238592	897.5869814063687	790.6112480848849	1.200803	20.689394	0.0539512474020903	0.0314992732393272	0.0403356322	0.1114858016	0.0054080039	-0.0942108733	-0.0527346494	-0.0090215857	0.0405111718	0.0063268277	-0.0266867502	-0.0511122476	0.1942216864	-0.0156866076	-0.0248592958	0.0290489207	-0.1937398106	-0.0371907552	-0.0309361891	-0.1648547992	0.0426974791	-0.070034085	0.0628048266	0.0326966406	-0.0480897628	0.0203109286	-0.0005448773	-0.0560970101	0.0657197423	0.0634981795	0.1209442963	0.2150551253	0.1239280466	0.0797327846	-0.0379364622	0.1273311885	0.043425529	-0.0707467937	-0.0181950604	0.0416444772	-0.0177748551	0.1218151831	0.0517198243	0.0576109214	0.0919631879	-0.1222577921	0.0881583558	0.0720491273	-0.0926237855	0.0490446369	0.155691789	-0.0492934304	0.0849156016	-0.0067233062	0.0365759534	0.1135522184	0.0944600192	0.1224526583	0.0408485147	-0.0644878466	-0.0060931719	0.0076855407	0.0333207699	-0.1579598536	-0.0364996489	0.0549361077	0.1951196183	-0.0071077366	0.0219113237	-0.1763800853	-0.0351493992	-0.1808403774	0.0430667647	-0.0990893027	-0.0180935876	-0.0432487799	0.0975040233	-0.1092899742	-0.0257675376	-0.0184045336	-0.0095953028	-0.1511162478	0.1205540701	0.1659761845	0.0303554131	-0.0467199041	-0.0154887145	0.0294943856	0.0739423516	0.1355968321	-0.0116404698	0.1462562105	-0.0371356805	-0.0608403628	-0.026200627	0.0684637561	0.0099884384	0.0426133606	0.0928433519	0.0161221215	0.0972513377	-0.0106586667	-0.1380834883	0.0975977411	-0.0923351765	0.0503443449	-0.0436367945	0.1867708654	0.026044265	-0.05236575	-0.0113158096	0.0540487397	-0.0838433825	-0.1242524367	-0.0201956026	0.0104260817290366	-4.762419756339925e-05	0.0001087031802205	2.268064193557683e-09	-0.010151117406167	-0.0083431532750353	0.0001030451845937	6.960820657073227e-05	-0.0814770888113969	-0.0177581965926094	0.0066385160011802	0.0003153535462217	0.0001019999931292	0.0004089995930717	1.0403998598356848e-08	1.672806671328162e-07	-0.0001130000229647	0.0001470001606754	1.2769005190022728e-08	2.1609047238593422e-08	5.769403274210065e-09	4.5712990543636926e-08	2.0896775044426383e-15	3.328601414046582e-17	0.0	0.0
920.108352702272	0.1070043485375435	846599.3807124885	0.0114499306059441	1085.245033845447	11.57547469366159	1177756.7834862056	133.99161438359988	881.0649798555858	1.0505587670111254	1.103673722943936	776275.4987279237	899.711107093036	785.2633704910735	1.091976	18.814348	0.0267463969298532	0.0146246123655774	-0.0574520142	0.0219199182	-0.0730386517	-0.1287427991	0.1542530026	0.0436719346	0.0077514089	0.0334361679	0.0538474217	-0.0638751333	0.0354520533	-0.1815859699	-0.0715955198	0.1581399587	-0.0235989058	-0.0986660944	-0.035180577	-0.146905957	-0.0124132323	-0.1003898403	0.1532224029	0.0553635999	-0.1257117769	-0.1161788553	-0.0066225045	0.1002814806	0.1279101349	0.0184865397	-0.0354184572	0.0311765823	0.0132986956	0.0874708901	-0.0961725181	-0.0330324554	0.1778644804	0.0369824482	0.0042948525	-0.0027751571	0.0414225669	0.0058811696	0.1268874878	-0.0297988113	0.0874386172	-0.1595461621	-0.0992669826	0.100026643	0.0339335173	0.0301202036	-0.0482455827	0.0012857007	-0.0850256118	-0.0175663468	0.0856525742	0.1021744772	0.0835907451	0.0865884185	0.1887606574	0.1081914238	-0.0219250517	-0.0188160804	0.0874700677	0.072577906	-0.1241126927	0.0793240437	0.0906086807	0.057907892	-0.1042910097	-0.0053067784	0.0917141214	-0.0347043263	0.0423000051	-0.0555234095	0.0602046441	0.1450314467	-0.0969804929	-0.1322922042	0.1040182726	-0.0165579766	0.0388535819	-0.1008891667	-0.0742328278	-0.1037505961	-0.0199234728	0.0656500689	0.0345145338	0.0159776451	0.0263545922	0.1000427626	-0.0716826015	0.0869213648	-0.0901808919	-0.0168178696	-0.1065536708	0.0460865794	0.0018565804	0.0322700936	0.0252492459	0.0167360993	0.1016103311	0.0055166681	0.0192406199	-0.090881127	0.0281123899	0.010646967	-0.1223734117	-0.0136962774	0.0423795592	-0.0915779577	0.0687387265	0.0509612127	-0.0888661936	-0.1211199807	-0.0067565429	0.0104698673443408	4.378561530419926e-05	0.000109618122208	1.917180107567329e-09	-0.0167009532320037	-0.0065498358258366	0.0002789218388575	4.29003493454139e-05	-0.0780247392735873	0.0034523495378095	0.0060878599387112	1.1918717331214133e-05	-1.799998161142331e-05	-0.0001199999747406	3.2399933801157736e-10	1.4399993937750231e-08	-0.0003269998543831	-0.0002139998314183	1.069289047665686e-07	4.579592784710362e-08	-2.9434557579752523e-09	-8.712859032185318e-09	7.591391251473327e-17	8.663931799157667e-18	0.0	0.0
920.5644914043336	0.4561387020615939	847438.9828345194	0.2080625155184355	1085.8901356288366	0.6451017833894639	1179157.386656013	0.4161563109322668	879.4670776929723	-1.5979021626134229	2.553291321284653	773462.3407458166	897.3682423756699	784.9659550375567	1.046685	18.033989	0.0605054520696408	0.0333177707382203	0.0060797719	-0.0933518689	-0.0415023226	-0.0603293013	0.0256939442	0.055325486	-0.0024247616	-0.0247837108	-0.0811133003	0.0383192849	-0.0877249553	-0.0840185167	-0.0093251833	0.0566041323	0.1176664501	-0.0775041932	0.0662221563	0.0704545511	-0.0312283358	0.0037245662	0.0449819896	-0.0359075831	-0.0192879182	-0.0791724828	-0.0009594737	-0.0054755695	-5.37851e-05	-0.1086853188	0.0410851868	0.0717936917	-0.0848764738	-0.0341335535	-0.1627828476	0.0787396095	0.1202216792	-0.0264332985	0.1870639505	-0.0951603978	-0.1253113796	-0.0782522545	-0.1804485492	-0.0493073136	-0.14078798	-0.1160099737	-0.0063617603	0.1120722574	0.0527832675	0.0788064483	0.1177805098	-0.1273789988	0.0530064359	0.0409591112	0.0731026016	-0.0802046926	-0.0053076334	-0.020264301	0.0825712104	0.0084272299	-0.0214930522	-0.0712041471	-0.0319449357	0.0178199712	-0.0265138164	-4.31107e-05	-0.0178150418	0.096887734	0.0229033446	-0.022599206	-0.0180518547	0.1835956867	0.2584139004	-0.0437602888	0.0831149258	0.157986989	0.0067119779	0.0393400811	-0.0639772104	-0.0723348006	0.0559513851	-0.0894745439	-0.0279094795	-0.0880717248	-0.0180498571	0.0124660345	0.0282885277	0.0108903584	0.0004670159	0.0726869236	-0.132511348	0.0052707338	0.0178370535	0.0541041485	-0.0217209204	-0.0097884677	0.1263969449	0.0562670654	-0.0585903748	-0.0418010581	0.0279625653	0.0192263229	-0.115034391	0.0053409836	-0.0247405923	-0.0596632579	-0.0168998746	0.1226377856	0.1231192584	0.0908243148	0.000654383	0.0478387595	-0.0936454286	-0.1172407796	0.0067565429	0.0080719646251594	-0.0023979027191813	6.515661290982475e-05	5.7499374506575465e-06	-0.0044603087656156	0.012240644466388	1.989435428462736e-05	0.0001498333769525	-0.0513582864556525	0.0266664528179348	0.0026376735876608	0.0007110997058911	-1.8009598414012444e-05	-9.616802589133065e-09	3.2434563503399957e-10	9.248289203835638e-17	-0.0001129984683858	0.0002140013859973	1.2768653857536642e-08	4.5796593208765394e-08	-0.0001700009819786	-0.0001699980385228	2.8899333101613692e-08	2.8900333873688284e-08	0.0	0.0
919.6873944565208	-0.8770969478127881	845824.903522224	0.7692990558625088	1088.1090759277345	2.218940298897905	1183981.3611163085	4.923696050073126	878.6624708325082	-0.804606860464105	0.6473921999059038	772047.7376494884	896.8185493458324	786.9574469469264	1.041249	17.94034	0.0517844882799871	0.0268937138326588	-0.0373195521	-0.038495215	0.124407576	0.0456916149	-0.0201247207	-0.0012098586	-0.0164088128	-0.1028346216	0.0679999697	-0.0109395666	-0.0523989844	0.0597372216	-0.0294780637	0.0051507519	0.0680689443	-0.0100488212	0.047328879	-0.0010756274	0.0934781659	0.0644509171	-0.0001531588	0.1321183148	0.1101200157	-0.0245375645	-0.0571621402	-0.0199323835	0.0544681597	-0.1526120041	-0.0042863663	-0.0468458105	-0.0170217948	-0.0175507668	0.0139850678	-0.052386551	0.0133198438	-0.1171186963	0.0430633339	-0.0501907541	0.1432277496	-0.0244605005	-0.0507782194	0.1519538894	-0.1356810054	-0.0490762634	0.0997013	0.1229621817	-0.0187504062	-0.0522448501	-0.0500321609	0.0725899852	0.0205105436	0.0769473335	-0.0041227477	0.0417471939	-0.0886089733	-0.0240105466	-0.0311155932	0.0273082915	0.0792641807	-0.004474191	0.1012040131	0.0168488655	-0.080463516	0.0001669255	-0.1064326897	0.0224269467	0.0979294729	0.110364814	-0.1638166967	0.0009720583	-0.0387368178	0.0122553791	-0.0193671096	0.1544914676	0.0377438946	0.0661366576	0.070778994	-0.0076733718	0.0441262057	-0.1705543806	-0.0954211044	-0.0470888759	-0.0136440266	-0.0602024416	0.0080224895	0.0200004402	-0.0708083078	0.0056427849	-0.0429473133	-0.0796137213	0.0607156636	-0.1115855037	0.0722683264	-0.0540369949	0.0978143895	0.0811960171	-0.0277337947	0.0227943751	0.0604567242	0.1524147361	0.0211714821	0.0754188201	0.0471376269	-0.1325394786	-0.0757254753	-0.0390067983	0.0619876374	0.0144142522	0.0379151578	0.0446835199	-0.098167988	-0.1126387502	0.0201956026	0.010507191237238	0.0024352266120785	0.0001104010676958	5.930328652175808e-06	-0.0175789050943109	-0.0131185963286953	0.0003090179043147	0.0001720975696352	-0.0691880612443327	-0.0178297747886802	0.0047869878187495	0.000317900869015	-1.799269075919264e-05	1.6907654819804885e-08	3.2373692075593616e-10	2.8586879150567137e-16	-0.0002530006383258	-0.00014000216994	6.400932299326227e-08	1.960060758790865e-08	5.799775143724074e-05	0.0002279987334158	5.1983422439227616e-08	3.36373917177596e-09	0.0	0.0
920.2189949289196	0.5316004723988499	846802.9986279911	0.2825990622546803	1077.2575076148623	-10.851568312872132	1160483.7377125851	117.75653484893051	878.2713738648024	-0.3910969677058347	0.1529568381486987	771360.6061503675	896.1460239481346	794.391341651414	1.076277	18.54385	0.0361691309948788	0.0244643318968018	-0.0447130888	0.1574227149	0.0309953298	0.0276808445	-0.0618732592	0.0685455744	0.1416481973	0.0699211284	0.0546563544	-0.0536174133	0.0846483051	0.1655936981	0.0326587059	0.0385433423	-0.002362147	0.0139767225	-0.1437559769	-0.0541490896	0.0187754583	0.0883042622	-0.1059721237	0.0234673397	0.0572662031	0.0428086276	0.0442829904	-0.0143105831	0.0789574303	-0.0547658172	0.1198593996	-0.1215006736	-0.0992064828	-0.1044767465	0.1180657005	0.0694344237	-0.0609912059	-0.0080376872	-0.0387373649	-0.0540971242	0.1006804602	-0.0198824145	-0.0324873482	-0.0436566842	0.1312991011	-0.0708824033	-0.0443183444	0.0082495299	-0.1361040585	-0.2172761287	-0.0856304413	-0.0589957894	-0.0671658979	-0.1001580325	-0.0284201847	0.0963099868	0.0210413001	-0.1002557435	-0.1318853591	-0.1070228776	0.05254626	-0.0535683187	-0.0265359338	-0.084117542	-0.1259524397	-0.0288306417	-0.0793165997	-0.086656828	0.0102492822	0.0430593528	-0.0809111569	-0.0361769723	-0.0163652319	0.1139902568	-0.0592369359	-0.077271528	0.0862937764	-0.0430585682	-0.0290616257	0.0943622564	0.0893764608	0.0630129987	-0.0484787898	-0.1527361075	-0.0382389794	-0.0219466395	-0.0351665786	0.0145764729	-0.0733918434	0.039671123	0.0804685732	0.0422383941	-0.060682565	-0.2200866299	0.0368758741	-0.0411237221	-0.0084912532	0.0699591453	0.045606943	0.0652835886	0.0213820396	0.0419966612	0.0149646697	-0.0838500746	0.0741389585	0.0463005975	0.0003833237	-0.2433899102	0.1806494187	0.1101327228	-0.0034253658	0.0414976565	-0.1024214758	-0.1073422654	0.033413395	0.0104708437904577	-3.634744678029933e-05	0.0001096385696841	1.321136887446692e-09	-0.0109409323281255	0.0066379727661854	0.0001197040002086	4.406268244461908e-05	-0.0919825116473447	-0.0227944504030119	0.0084607824489539	0.0005195869691753	-1.800003841258691e-05	-7.347653394270839e-09	3.240013828546043e-10	5.398801040233981e-17	-0.0003289997333681	-7.599909504229997e-05	1.0824082455628089e-07	5.775862447248544e-09	-3.0134450889767627e-09	-5.800076488232972e-05	3.3640887269352917e-09	9.08085130427817e-18	0.0	0.0
920.4454482598104	0.226453330890763	847219.8232222033	0.0512811110715214	1082.702359953381	5.444852338518558	1172244.4002486204	29.64641698827101	878.9381207866054	0.6667469218029964	0.444551457733771	772532.2201718893	897.3642376966571	786.8366745817447	1.026754	17.690592	0.0389325751583663	0.0226728939748409	0.0078800617	0.0401237292	-0.13905585	0.0191874687	-0.0150428298	0.0323810615	0.0612653507	0.0765129563	-0.0694258015	0.0159511697	0.0233636712	0.1151983807	0.0062795764	0.0554820718	-0.0238094779	-0.0368088633	-0.1725406149	-0.0360580451	-0.111947766	0.0326696447	-0.0456674491	0.0382866013	0.0828457685	-0.0413060674	0.0582841629	0.0374821839	-0.0123726668	-0.0497016342	-0.0640983156	0.1123852044	-0.0212808885	-0.0096399457	0.0615935943	-0.0530694203	-0.1056346642	0.0427937712	0.0380477075	0.0859262898	0.0812238736	0.0813628314	-0.102356786	-0.1566678278	0.0561770936	-0.0181038288	0.0147575042	0.0542981407	-0.0377821157	0.073850122	-0.0810993869	0.1130799403	-0.0380057556	-0.1175101482	0.0296857515	0.0463527372	0.0932152094	-0.1263369895	-0.0443194762	-0.0228667686	0.039323224	0.0605640641	-0.0608912215	0.0567165424	-0.0455760453	0.0607102216	0.0271767732	-0.0144920641	-0.0012693607	0.0242638596	-0.1544954021	0.0262269513	-0.1010530493	-0.0341861503	0.1273754833	-0.0727404086	0.0150396327	-0.0130040685	0.0557904428	0.0961785131	-0.005181618	0.0147752732	-0.0359134841	-0.1496470128	0.0786965346	0.1018190287	0.1285133498	0.0226460622	-0.0857969819	-0.0338216482	-0.0456227773	0.1462628958	-0.1450347756	-0.1588649249	0.0086913153	-0.0371434731	-0.0186587555	0.0672897142	0.0839158409	-0.043477828	0.041424761	0.0775962208	0.0013426792	-0.0774646207	-0.0228259567	0.0532470218	0.0193431028	-0.0254944348	0.0772168696	-0.1423021909	0.027342132	0.0382833527	-0.1063942335	-0.1013839798	0.0462651033	0.0104884137160752	1.756992561749958e-05	0.0001100068222795	3.0870228620446795e-10	0.0053692440956893	0.0163101764238148	2.8828782159094405e-05	0.0002660218549759	-0.1045855907430564	-0.0126030790957117	0.010938145791074	0.0001588376026927	-1.7967087276828884e-05	3.295113575802654e-08	3.228162252131864e-10	1.0857773477438954e-15	-0.0003290016849479	-1.951579799998847e-09	1.0824210869855725e-07	3.808663715763539e-18	0.0001999970781038	0.0002000000915488	4.0000036619563976e-08	3.999883125005748e-08	0.0	0.0
921.2550900257932	0.8096417659827466	848710.9408984323	0.6555197892236606	1081.3786765688942	-1.323683384486685	1169379.8421378932	1.752137702366125	878.151060577252	-0.7870602093533989	0.6194637731474162	771149.2851929525	896.1245821514866	792.0261652049904	0.915521	15.774081	0.0133162205671384	0.0087212720396179	0.0328526267	0.0224368135	-0.1474815546	0.03453263	-0.1056415238	0.029600953	0.0348183934	0.1134810092	-0.0944706697	0.0293030306	0.0434925797	0.1140346238	-0.0242707468	0.0248739507	-0.0572948055	0.0090989285	-0.0445314353	0.0286835103	-0.1824010746	0.0283528497	0.0159861307	0.0976619181	0.1190329659	0.0852566323	-0.150014137	-0.0924766427	-0.0022866151	0.0342428404	0.0498348545	0.0864845479	-0.0068942167	0.1582578571	-0.2017820023	-0.0157146728	-0.0813281118	0.0388557241	-0.1130636239	0.0077935568	0.0020531831	0.0820960712	0.0674744072	0.1015436264	0.0610135397	-0.141298551	-0.014486968	-0.039086365	0.0384383063	0.0397825885	0.048543803	0.2673714983	-0.0811039519	-0.0728434575	-0.0087017171	-0.0725151027	0.1102489205	-0.098758534	-0.0291142919	0.0806117179	0.079923585	0.0428537852	0.0750530135	-0.0821864355	0.0615483487	0.0090944995	-0.0473024567	-0.0323782595	0.1800493101	-0.1034535831	0.0525736394	0.0011089388	-0.1350523685	0.0104372056	0.0108654682	0.101034239	0.0664837443	-0.2048778672	-0.0490796843	0.0208262445	-0.0274812863	-0.0853706037	-0.1585076576	0.0283601972	0.1642172596	-0.0637496448	-0.0805152983	0.023591616	-0.0702862205	-0.0664061619	-0.0888350399	0.115280033	-0.1242151848	-0.0975362999	-0.0797044937	0.0051791923	-0.0954205849	0.0516141995	0.0595851662	0.0278788182	0.0194722221	0.1476976158	0.0624999767	-0.0510049751	0.0468909544	-0.1011167993	0.0215478997	-0.1212223688	0.0029589806	-0.0287078329	0.1549446973	0.0350428114	-0.1100753719	-0.0948006283	0.0586099215	0.0105024128791484	1.3999163073201426e-05	0.0001103006762841	1.9597656675008637e-10	0.0053830190979624	1.3775002273099836e-05	2.8976894609027928e-05	1.8975068762390564e-10	-0.098047620982669	0.0065379697603873	0.0096133359803611	4.274504858774003e-05	-1.7958477107333546e-05	8.610169495337403e-09	3.22506900014623e-10	7.413501873843876e-17	-0.0004490014418605	-0.0001199997569126	2.0160229479280798e-07	1.4399941659083094e-08	0.0001849959123578	-1.5001165745999988e-05	2.2503497373896334e-10	3.4223487589094826e-08	0.0	0.0
921.8030740676526	0.5479840418594222	849720.9073605742	0.3002865101325889	1085.487593950544	4.10891738164969	1178283.3166205408	16.88320204922294	879.5857557164909	1.4346951392388974	2.058350142555719	773671.1016593504	897.2519736446877	795.5410234736826	0.944512	16.273592	0.0215623666133572	0.0146245529571261	0.0734834471	-0.0770734282	-0.0904313057	-0.0336611578	-0.0755100277	-0.0277068544	0.0421797604	0.0554935995	-0.1497968921	0.1325852612	0.0202352277	0.0330999118	0.0126180862	0.0324827055	-0.09414402	-0.0513407009	0.0429532941	0.0740803608	-0.1882789825	-0.0106147269	0.0360619058	-0.0807369102	0.0121175229	-0.0469680075	-0.0684406907	0.1419621408	0.0688033201	-0.1340195585	0.049825991	-0.0782616553	-0.1198434285	-0.1106161587	-0.1089807653	-0.0806157927	-0.0670448302	-0.0420751405	0.0114804887	0.0601308185	-0.0973355016	0.1481995347	0.0417617651	0.1316885345	0.1319080856	-0.0834803966	-0.0848893019	-0.0934235761	-0.0795293065	0.1098378488	-0.2131602214	-0.0067677307	-0.0314071179	0.0022501757	0.0430271302	-0.120613707	0.1193468708	-0.060400357	0.048101378	-0.0549406504	-0.0919430758	0.0963410573	0.0948498001	0.0206656682	0.0200681859	0.0056171831	-0.0679516114	0.1158863705	-0.0867716572	0.0887895371	-0.0384551863	0.0843372988	-0.0505246762	0.1402175863	-0.0576170427	0.0812656405	-0.0322052676	-0.1832468992	-0.1437360892	-0.0128268674	0.0478505454	0.1555331553	-0.0112638338	0.0611969004	-0.0624885382	-0.0420071332	0.0836984431	0.0450488713	-0.0586856225	-0.0723038581	-0.1424945924	0.0749382018	-0.0398673356	-0.0400320193	-0.0377162451	0.0112540944	-0.1262263752	0.0933607123	0.0423687603	0.0344096071	0.0370527245	0.0669711856	-0.0370204619	0.0409780442	-0.0046303543	-0.0274042298	0.0239436944	-0.0433052656	0.0680353636	0.0550731312	0.0289144917	0.0317782535	-0.1134548014	-0.0876327994	0.0703125971	0.0104977738702558	-4.639008892600924e-06	0.000110203256231	2.1520403505630448e-11	-0.0061845965290387	-0.0115676156270011	3.824923422699753e-05	0.000133809731294	-0.0987355652032988	-0.0006879442206298	0.0097487118360148	4.732672506979457e-07	-1.800003359894604e-05	-4.1556491612494176e-08	3.2400120956318637e-10	1.7269419951392985e-15	-0.000447999627956	1.001813904499989e-06	2.0070366664871442e-07	1.0036310992495132e-12	-4.072382762200554e-09	-0.0001849999847405	3.422499435400825e-08	1.6584301361868213e-17	0.0	0.0
920.6462314811153	-1.1568425865373229	847589.4835403792	1.3382847700263634	1085.6031604585194	0.1155665079754726	1178534.2219975258	0.0133556177656449	879.8625766174035	0.2768209009126394	0.0766298111820853	774158.1537318163	897.9142895918206	790.2182668446067	0.976343	16.822023	0.0136737333744097	0.008005998074907	0.037091819	-0.1234563619	0.0541982485	-0.0361967911	-0.0556557835	-0.1006001344	0.0234098354	-0.1398703384	-0.0293499006	0.1005031607	-0.0217379753	-0.0303796484	0.091980374	-0.0924712589	-0.0755141262	-0.0789616436	0.1631672546	0.0155950627	-0.0320499725	0.0519394407	0.0363530414	-0.0470715143	0.1106341228	-0.029219363	-0.0464453631	0.0820044724	0.0783666728	0.0554879216	-0.0697222524	0.0246497059	0.0222459374	-0.1857445537	0.0252394632	0.1216043392	0.0272101299	0.0486562993	0.0951243778	-0.0723397467	0.0200721752	0.1145846155	0.1435092805	0.063039542	-0.0598262331	0.0420214214	-0.0345063024	-0.1137081199	-0.091022174	-0.0426609772	0.0250595898	0.0391810188	-0.0297822797	0.1593332285	0.0639726208	-0.0472473521	0.0297645579	-0.0135801435	-0.0078045947	-0.0150858199	0.0285639884	0.1308764051	0.0473325802	0.0024915955	0.0768949825	0.0191426833	-0.0274900117	0.0065798866	-0.1476572399	-0.0997507155	-0.1081449591	0.0327339325	-0.0053213091	-0.0073050212	-0.0963540379	-0.0051084611	-0.0819819175	-0.0012708543	-0.0963241119	0.0815174203	0.1358212348	-0.0129758082	-0.1611866103	0.1187010463	0.0515100047	-0.130214599	0.0667490589	0.0599147836	-0.0427251424	-0.015648758	-0.1434178843	-0.0325519272	0.0396521852	-0.0519279672	0.0107987882	-0.0491150355	-0.1183265764	0.0540026258	0.1397824981	-0.0009091872	0.0549321849	0.1105407894	-0.114415703	0.1011651406	0.0522708166	0.0421440726	0.0687195008	-0.0408395788	0.0718683867	0.0102756959	0.0054675868	0.0284919163	-0.1165232592	-0.0799246852	0.0812449131	0.0104593773206573	-3.839654959849996e-05	0.0001093985739358	1.4742950210700672e-09	-0.011287296130007	-0.0051026996009683	0.0001274030539264	2.6037543217722057e-05	-0.09911713790855	-0.0003815727052511	0.0098242070271825	1.455977293927096e-07	8.900000430290322e-05	0.0001070000379018	7.921000765916791e-09	1.144900811099718e-08	-0.0003919999149928	5.599971296320002e-05	1.5366393335436241e-07	3.1359678519607924e-09	1.7467124024685935e-08	2.1539506786886492e-08	4.639503526223292e-16	3.0510042169376063e-16	0.0	0.0
921.1743160441908	0.5280845630755948	848562.1205394828	0.2788733057587418	1090.7855684552874	5.182407996768006	1189813.1563503244	26.85735264496498	879.4821191181236	-0.3804574992799416	0.1447479087583468	773488.7978485053	897.8720488650605	790.0491591402157	0.975694	16.810854	0.0325119344231777	0.0164807234073766	-0.0183286418	-0.1284863124	0.0856304571	-0.0123358771	0.1539322653	-0.0486245018	0.0214730705	-0.0927767139	0.0280682876	0.0215544508	-0.1653205869	-0.1053645073	-0.0535405606	-0.0227610623	-0.1396936286	-0.083505648	0.0677342597	0.0905280256	0.1513121819	-0.0290491699	0.0150245972	0.0567155148	0.0194691847	-0.0563175492	-0.0537004907	0.0718585461	0.1106360173	-0.015865675	-0.1799312723	-0.0494667965	-0.1560343745	-0.2012053726	0.0911996278	0.0098992105	-0.0341018572	0.0505265394	0.0405906922	-0.0181470368	0.0030706929	0.1405115081	-0.0661762423	0.0033601867	0.0683797456	-0.0306817866	0.0895871617	-0.0992182675	0.1014660008	0.0737555532	-0.0952785588	0.0352562195	0.0478780365	0.0856392726	0.0894808437	-0.0018562264	-0.1479320947	0.0475493318	0.0352257519	0.0136459101	-0.0662395489	0.1517930864	0.0372200443	0.0332125322	-0.0794053471	0.0923367356	-0.0426350056	0.0090205772	-0.1276388441	0.049773787	-0.1208713535	0.0747743851	0.0140431289	0.1906037873	0.005561009	-0.0769631679	-0.0600221588	-0.0493390462	-0.0262213588	0.0321630916	0.0140601099	0.0281732185	-0.1229511993	-0.0753267419	-0.0053307922	-0.0956936531	0.1228497841	0.0490915454	-0.0318169759	0.0156973809	-0.1096919731	-0.0582472271	0.0810430366	-0.0486072942	-0.028233474	-0.0134031002	-0.0735823091	0.0327754878	0.1001834086	-0.0636229556	0.0030948541	0.0679766147	-0.1110527424	-0.0153362293	0.0596613277	0.0936864256	0.123169879	0.0545572904	0.148760204	-0.0122634341	-0.0512235148	0.0251860523	-0.1192723348	-0.0717238087	0.0912870929	0.0032831546287468	-0.0071762226919105	1.0779104316261536e-05	5.149817212389119e-05	-0.0212729754577623	-0.0099856793277553	0.0004525394848265	9.971379163675952e-05	-0.0994662261285412	-0.0003490882199912	0.009893530140254	1.2186258533662668e-07	0.0002660003766302	0.0001770003723272	7.075620036740827e-08	3.1329131804001696e-08	-0.00026899963474	0.0001230002802527	7.236080349025341e-08	1.5129068942267338e-08	3.5698214343799684e-08	1.8231090319113752e-08	3.32372654223683e-16	1.2743625073358657e-15	0.0	0.0
920.6457510619936	-0.5285649821972811	847588.5989485022	0.2793809404052121	1084.784048607236	-6.00151984805143	1176756.432112706	36.01824048655526	878.4516456146944	-1.0304735034292207	1.061875641269692	771677.2936831646	896.3544571075657	800.0814550616784	1.035652	17.843897	0.0230734594739809	0.0133736352562079	-0.0093130977	-0.0036549043	0.1421843078	-0.0329790549	0.0194206822	0.0300649429	-0.0195005562	-0.0718145476	0.0658794891	-0.1126150661	-0.055830273	-0.039738999	-0.0257907715	7.42112e-05	-0.0411187062	0.0296472739	0.0064342242	0.0139039414	0.0715040413	0.0782512598	-0.065362302	-0.0898310019	0.0327377996	0.0255857046	-0.0447647332	0.0894998397	-0.1893289174	-0.1433711203	-0.0539323512	0.1040653471	0.1076329956	0.0980781042	-0.1199756942	0.0495311085	0.1216521805	0.1650181676	-0.0909756279	-0.0014330579	0.0743236228	0.0253524603	-0.0812164962	-0.0295773358	-0.0156052263	0.1097825284	0.0666472017	0.048857587	-0.14922279	-0.0097048186	-0.1646396678	-0.0036061756	-0.0668843968	0.034853637	-0.039641411	0.0918033243	-0.0867462138	-0.0125023694	-0.0065096028	-0.0617304481	-0.015571543	0.1442730111	-0.0319836201	0.0704889636	0.0713431713	-0.006140595	-0.1111932633	0.1090918393	0.0925634784	0.0711001971	0.1322051929	-0.05019105	0.0986992934	-0.1332058577	0.0838415543	0.019326877	0.1472940638	0.0649925697	0.1072803309	0.1523276345	-0.0848680392	0.0603795627	-0.0557917893	0.0243522087	0.1254260314	-0.0734554671	0.1703173787	0.0436416282	-0.0305208125	0.0371240614	-0.0187892186	-0.0636373783	0.0783905468	-0.0808546273	0.0218681621	-0.0394741147	-0.1038464989	0.0725566908	0.0517288078	0.0064322041	-0.0036911459	0.0988668468	0.0441862358	0.0078119119	0.0032203218	-0.1135350616	-0.0523066318	0.0583894006	0.0395999325	0.0335329932	0.0272142402	0.0218629269	-0.1216944932	-0.063080731	0.1003291122	-0.0067847052717127	-0.0100678599004595	4.603222562400611e-05	0.0001013618029752	-0.0202794610311372	0.0009935144266251	0.0004112565397134	9.870709159122027e-07	-0.103427274934134	-0.0039610488055928	0.0106972012003009	1.5689907640288223e-05	0.0002610002321415	-5.000144488700043e-06	6.812112117791688e-08	2.5001444907877417e-11	-0.0001130000367308	0.0001559995980092	1.2769008301162148e-08	2.4335874579032e-08	1.4713886172537877e-08	-2.098432817126181e-08	4.403420287992119e-16	2.164984462984013e-16	0.0	0.0
919.2394527916908	-1.4062982703027274	845001.1715687672	1.9776748250564429	1084.3461051577613	-0.4379434494746874	1175806.475770807	0.1917944649377881	877.8480596445672	-0.603585970127142	0.3643160233343231	770617.2158217317	895.9053977453316	790.4612385001725	1.118429	19.270119	0.0742165308035843	0.0358034806472142	-0.096196572	0.1594470645	0.0237574045	-0.0372009903	0.0692930183	0.011161754	-0.1545277331	0.0433926214	0.1610956786	-0.0415778848	0.0158324007	-0.1018130932	-0.030363321	-0.0799822366	-0.0492633376	0.0668145505	-0.1120600547	-0.1309250783	0.1500681917	0.0963280453	0.0859228871	-0.0804070042	0.100308603	-0.0463272048	-0.0625191631	0.0120600058	-0.0150901077	-0.2398056951	-0.030968994	-0.0358829978	0.0413751493	0.1064661418	0.1206194897	-0.0248398536	0.0244595162	-0.0870858459	-0.114546501	-0.0881269041	-0.0245640887	0.0209612168	-0.1126787465	-0.0827106297	-0.0275136373	0.0599891774	-0.1207220439	0.0552608222	0.0426269378	0.0098601639	0.0628858265	0.0887015505	-0.1541238478	-0.0446444117	-0.0784197896	0.2061037466	-0.0911086662	0.0231233046	0.1071945879	-0.1211471512	0.0592589771	0.0411282122	0.0071258001	0.0258551821	0.0364484083	-0.0351198428	-0.124479088	0.0922453067	0.0416642058	0.0829951288	-0.0334044401	-0.1489065229	0.0245767901	-0.0671546795	0.0489050371	-0.0202996641	0.1594561328	-0.0166538427	-0.1165914497	-0.0404613515	-0.0078728274	-0.0052011692	-0.0190503785	-0.0566376737	-0.0561816651	0.207269489	-0.0747969394	-0.0535649548	0.0155683327	0.2162702162	0.0203738773	0.0213456176	-0.0118699655	-0.1418707752	-0.050121359	0.0505749416	0.0708858218	-0.0840250036	0.0657101294	0.0291057814	-0.0063062779	-0.0350010477	-0.1421230106	0.2257171853	0.0462574854	-0.0173208193	0.072744815	0.0725679405	0.030732759	0.078876924	-0.0574295558	0.0185248178	-0.1237830955	-0.0540487397	0.1082719048	-0.0140503740004191	-0.0072656687287063	0.0001974130095516	5.278994207530207e-05	0.0054326048132935	0.0257120658444306	2.9513195057419703e-05	0.0006611103299883	-0.0819412179474454	0.0214860569866886	0.0067143631987107	0.0004616506448352	0.0004760001151015	0.00021499988296	2.265761095766413e-07	4.6224949672813714e-08	-0.0002929999446104	-0.0001799999078796	8.584896754169746e-08	3.2399966836664484e-08	6.97079217454506e-08	5.499403557291273e-08	3.0243439485947897e-15	4.8591943540698636e-15	0.0	0.0
921.120693632948	1.8812408412571813	848463.3322388433	3.5390671028140277	1080.712123253232	-3.633981904529264	1167938.693346509	13.20582448244614	878.7526286463584	0.9045690017911738	0.8182450790014807	772206.1823528847	895.7715827166949	780.7355727235714	1.153244	19.869968	0.1217433156190632	0.0681418539805017	-0.0342221783	0.0494828464	-0.1633008195	0.0460925664	0.0939943508	0.0448860786	-0.1002179533	0.1489099603	-0.0117539833	-0.1005584068	-0.0702337472	-0.0961635676	0.1758710061	0.0580648363	0.0859158947	0.0026137899	-0.1492730134	0.0014704471	-0.0390513992	-0.0314571773	0.0859423019	-0.0541564349	-0.0707613796	-0.0978211994	0.1088569039	0.050624295	-0.1262446806	0.0663268151	0.1297170706	-0.0985521204	0.2083602452	0.005402458	-0.030030057	-0.0115037862	-0.0124327499	0.0117153063	-0.1506182567	0.0100459976	-0.0163892813	0.0913809519	0.0753271664	0.1175922886	-0.2130895369	0.10714729	0.0251819841	0.0148597841	0.2338618232	0.0526260786	-0.0567845345	0.0488255974	0.0205410302	-0.1699276589	0.0201226006	0.0230513077	0.0034347127	0.0116380336	0.1143197055	0.0512967367	-0.0017537028	-0.0570887377	-0.1158022289	0.0332755689	0.0719970087	-0.1356569495	0.0910192509	0.0815351504	-0.0996769601	0.0071349368	0.0885953569	-0.0507598069	-0.065910677	-0.1391259899	-0.1629640091	0.1182866668	0.0519507281	0.0978343624	-0.0565135051	0.0725929322	-0.1298519477	0.0078388503	-0.0861828651	0.0382950325	0.0323616143	0.0142284143	-0.0713691421	-0.0029296819	-0.0655799454	0.0250420703	0.033455847	0.1146910287	-0.0629130473	0.0007950442	-0.0805090078	-0.044819034	0.1238256022	-0.0630796015	-0.0340152384	-0.0099216897	-0.0852552306	0.1289762094	0.0920552857	-0.0535359838	0.0404543644	-0.0345420551	0.0656682441	0.0094646363	-0.1205181771	0.0396032688	-0.107629098	0.0151740128	-0.1255324169	-0.0446835199	0.1150284477	-0.0092235360016559	0.0048268379987631	8.507361637384251e-05	2.3298365066304328e-05	-0.0277564275464783	-0.0331890323597718	0.0007704192701428	0.0011015118689779	-0.1288181768534286	-0.0468769589059832	0.0165941226878412	0.0021974492762732	0.0010329987700133	0.0005569986549117	1.0670864588489904e-06	3.102475015735544e-07	-0.0001129998241109	0.0001800001204995	1.2768960249094336e-08	3.2400043379834524e-08	5.875624214382245e-08	-1.0951679601628144e-08	1.19939286096718e-16	3.452295990863498e-15	0.0	0.0
921.5651047910524	0.4444111581043444	849282.2423685433	0.1975012774476446	1085.288527715774	4.576404462542087	1177851.1883914724	20.943477804775124	879.3245469053769	0.5719182590185028	0.3270904949987552	773211.6587903464	896.8235150011142	791.098827521958	1.097695	18.912882	0.0641105045728549	0.0418825812378825	-0.0045594775	-0.0788691679	-0.0730284321	-0.0252014699	-0.0903224817	0.0784352198	-0.0017273696	0.0442628519	-0.1544491143	0.0944049229	0.0033094207	0.0015830895	0.0292039501	0.0753979335	-0.006730385	-0.0262968333	0.0585954009	0.0849192731	-0.1648441155	-0.0718463026	-0.0990473605	0.0100696937	-0.0777222359	-0.0686018165	0.1504157594	-0.0231498336	-0.0006559993	-0.0242380155	0.0930476838	0.0547421622	0.0664061682	-0.0418965943	-0.1354364792	0.001458769	0.0330724349	0.0890713293	-0.0182082325	-0.0728150276	-0.0100286869	0.1214348981	-0.015036891	-0.009013576	0.0176052697	0.1542301238	0.0232570886	0.0204478542	-0.1603366883	-0.056977638	-0.0322743334	-0.1542995251	0.0733934243	0.0079796359	0.0306817285	-0.1517493881	0.1125971989	-0.0299646434	-0.0363799068	0.1002807256	-0.0522179187	0.0149761484	-0.0936567567	-0.0065929908	-0.0624826144	0.0287038962	0.0935748096	0.1227348662	-0.0220502185	-0.0290492473	0.1162740197	-0.049092632	0.0249010252	0.0269107128	-0.0770231121	0.0923001139	0.1228436131	0.0418501848	-0.1204068349	0.1242311962	0.0375156327	0.1151896383	0.049852668	0.0699012791	-0.020510266	0.0184465272	0.1394154935	0.0145317993	-0.0736614474	-0.1376686564	-0.0792225766	0.0346239099	-0.0659730777	0.0388636876	0.0381219432	-0.0714151873	-0.0316839825	0.0065840155	0.0589162536	0.0379889362	-0.1205718002	-0.045734138	0.0531904496	-0.0363599077	0.0400693003	-0.0848655951	-0.0045995694	0.0844583492	-0.0142514466	0.0927868147	-0.043642013	0.0118128082	-0.1269376627	-0.0350428114	0.1205247148	-0.0092165967136139	6.939288042000918e-06	8.494565498139853e-05	4.8153718529856936e-11	0.0053632572665094	0.0331196848129877	2.876452850676588e-05	0.0010969135221116	-0.1288516822814074	-3.350542797878053e-05	0.0166027560267487	1.1226137040412495e-09	0.0005449993927299	-0.0004879993772833	2.970243380759598e-07	2.3814339222898605e-07	-0.0002440001168448	-0.0001310002927338	5.9536057020276056e-08	1.7161076696367493e-08	6.658710177296842e-08	7.830859629145968e-09	6.132236253138812e-17	4.433842122523654e-15	0.0	0.0
921.8434060462936	0.2783012552412174	849795.2652710316	0.0774515886688372	1089.617124502999	4.328596787225024	1187265.4780101844	18.7367501463748	879.7679027926538	0.4433558872768799	0.1965644427830694	773991.5627841844	898.1671188638275	792.2578366125415	1.064691	18.344227	0.026477497327777	0.0154773664474802	0.0024534418	-0.138596072	0.0574790313	0.0791624011	0.0047276321	0.0935905863	0.1656370403	-0.1083196543	-0.0267268696	0.017868096	-0.0618365849	0.1037283207	-0.0381408419	-0.0429426709	-0.0320887002	-0.0195937227	0.1588174058	0.0413977253	0.0275319274	-0.0970197522	-0.1530198773	-0.006793286	0.0046422538	0.0009026108	-0.065923183	-0.0534108767	0.0347822723	-0.0122765109	0.0800026016	-0.0384686553	0.1102800395	-0.0680349471	0.0164253416	-0.0135671423	-0.0123114571	0.0125760797	0.0856029962	-0.1078965902	-0.1079717091	0.0115588113	0.0297635697	-0.0338830795	0.0742836841	0.0804042662	-0.0261690036	0.0214951617	-0.0450462249	0.2749532126	0.1336913455	0.0591562759	0.0656466913	0.1107484111	0.0338510846	-0.094552761	-0.0151733708	0.0748405646	-0.1757636184	0.0561912863	-0.0719414805	-0.0154129919	0.0845383297	0.0073323111	0.036175358	-0.0101100362	0.0320265068	0.0750594098	0.0219468559	0.0194941152	-0.05020607	0.0085970616	-0.0331700387	-0.0746091949	-0.0505468996	0.0460033972	-0.0503503206	0.0554410633	-0.1790173174	0.0065772855	0.0412833364	-0.0744074764	0.1102738403	-0.0267491286	-0.0306884119	0.0699350727	0.1426080008	0.0283707816	-0.0179656426	-0.047437306	-0.0345941339	-0.0785118946	0.098575003	0.0280371103	0.0438245749	-0.0464057337	-0.0526611422	-0.0705789604	0.0497495015	-0.0568457105	-0.0832056293	-0.0846816199	0.0362189916	-0.0192253688	0.027089601	0.0239705768	0.0438208135	0.1831214439	-0.063547002	-0.0186076173	0.0075332671	0.0084435077	-0.1279949812	-0.0251860523	0.124700488	-0.0092414305449324	-2.4833831318500296e-05	8.540403851680954e-05	6.167191779557262e-10	-0.0053119737802376	-0.0106752310467469	2.821706544193173e-05	0.0001139605579014	-0.1289278105884079	-7.612830700051698e-05	0.0166223803431203	5.795519126764963e-09	0.0007280003406854	0.0001830009479555	5.299844960380586e-07	3.3489346952611634e-08	-0.0001130003833262	0.0001309997335186	1.2769086631868138e-08	1.716093018194421e-08	4.118572165154018e-08	-2.5401380121428243e-08	6.452301120732899e-16	1.6962636679581456e-15	0.0	0.0
922.9582614563752	1.1148554100816457	851851.9523905747	1.2429025853883138	1080.2159999302455	-9.401124572753588	1166866.6065053002	88.38114323243133	879.274849718507	-0.4930530741468146	0.2431013339256243	773124.261347503	896.599106435271	815.5001010734878	1.171769	20.18915	0.0561756325702616	0.0326677740905663	0.059382503	0.1210410743	0.1391423269	0.003752016	0.0472772683	0.0187807867	-0.0092989852	0.0172114956	0.0364144774	-0.1024855642	0.0782378502	-0.042025514	-0.029542699	-0.1342704847	-0.1059602405	0.0011349943	0.0059232933	-0.1121987157	0.096290651	-0.0529593915	0.008951534	-0.0515272695	-0.0581870162	0.1362530362	-0.0409403355	-0.0148241882	-0.148503179	0.0097660101	-0.0665531241	0.0766791314	-0.0053048069	0.070334397	0.038162259	-0.1032794709	-0.0756700441	-0.1210334018	0.0080025129	-0.0869568814	-0.0035795821	-0.0890995253	0.0974010566	-0.0126108478	-0.1458277728	0.0406609109	-0.0703225607	-0.0840829069	-0.1255580669	-0.1307360199	0.0581569166	-0.0198283256	0.0063867197	-0.0228456828	-0.0018532824	0.0903575548	0.0044256012	0.1350301472	-0.0153203637	-0.0675638257	-0.1186230058	0.0321926723	-0.0501521847	-0.0251239266	0.1575326452	0.0290121593	-0.0235626447	-0.0539974523	0.1358987032	0.0104532423	0.0163485003	-0.0913595746	-0.0203691219	0.0737514945	0.0078258834	-0.0119720778	0.0089034884	0.0657293476	0.0383737254	-0.116765331	0.049414077	0.0054961519	0.0791738121	0.0612407601	0.0472406493	-0.0028989396	-0.0781037979	0.0229133976	0.0593790935	0.0783747247	0.1035513088	-0.0003935852	0.0792872727	-0.0577007381	-0.0208554742	0.0232119707	-0.0043778697	-0.0341908186	0.01148437	0.0829758871	-0.174453809	-0.1638337212	0.1209181838	-0.1026209466	-0.0146946686	-0.016435363	-0.0384677121	0.0626379303	-0.2182920874	0.1313650627	0.0187649669	0.0050684204	-0.1287014744	-0.0151740128	0.1275100165	-0.0091318165896012	0.0001096139553311	8.33900742261157e-05	1.2015219203350152e-08	-0.0108119531863479	-0.0054999794061103	0.0001168983317037	3.024977346763741e-05	-0.1455130390925205	-0.0165852285041125	0.0211740445459414	0.0002750698045336	0.0011349853848541	0.0004069850441686	1.2881918238324094e-06	1.6563682617699865e-07	-0.0001136543516666	-6.539683403999935e-07	1.291731165275518e-08	4.276745902455217e-13	-0.0002719360158634	-0.000271977201585	7.397159818203579e-08	7.394919672365936e-08	0.0	0.0
921.575981436621	-1.382280019754262	849302.2895608712	1.910698053011843	1080.006081572033	-0.2099183582124624	1166413.1362325768	0.0440657171146156	878.183944547451	-1.0909051710559652	1.1900740922366446	771207.0404609205	895.7352497499218	801.0116405921068	1.087527	18.737696	0.0432668982855127	0.0232172052173082	0.0332684577	0.0886043951	-0.0645362533	-0.1136735168	0.0683226909	-0.0976341414	-0.0938380048	-0.0235834739	0.039352995	-0.0541273118	0.078861447	-0.1610735737	-0.0749729982	-0.0302468569	0.1022044936	0.0549671026	-0.0911093004	-0.0443468338	0.0412269001	0.1027728258	0.1916809282	0.003063007	0.0532129616	-0.0464419467	0.0048550384	-0.1751124824	-0.0134126031	0.0580087911	-0.0383941621	-0.010484778	-0.0289518162	0.0462634892	0.1284030005	0.0575186615	0.0737746804	-0.140811318	0.002347121	-0.102316779	-0.0852963947	-0.1326923151	0.0404493089	-0.0940705312	0.0133389939	-0.0372314463	0.1028061778	0.0381835854	0.0256328914	0.1965677105	-0.0952038902	-0.0417931841	0.0398562365	-0.0588814537	-0.0414802106	0.0676854715	-0.0371036727	0.0076489865	0.2216380762	-0.0410001198	0.1575942434	-0.0508032517	0.0007759051	0.0724705336	0.0047491021	-0.0404641567	-0.0052911706	-0.1265249448	0.0610088124	-0.1008970776	-0.0728208813	-0.0644244142	0.0613106599	-0.0216723242	-0.018988888	-0.0361672602	-0.102860913	0.1997272212	-0.0520128554	-0.1179270829	0.0083770977	-0.128514544	0.1182368508	-0.1187898956	-0.0112313365	0.009139694	0.0141760089	-0.0246361223	0.0419209768	0.0901719956	0.0209099096	0.1269732718	-0.0270849826	0.0650900245	-0.029707705	-0.0411562866	0.1097261736	-0.0167893092	-0.010762925	-0.031388836	-0.0665691781	-0.0297027648	-0.0112723275	0.0535218225	-0.0594354303	-0.1115353358	0.0120035119	0.1232110917	-0.0887228458	0.0031321544	0.0215045368	0.0016898595	-0.1290552057	-0.0050684204	0.1289225186	-0.016212486154103	-0.0070806695645017	0.0002628447072969	5.01358814816621e-05	0.0033411435217232	0.0141530967080711	1.1163240032752909e-05	0.000200310146428	-0.1287830955422606	0.0167299435502598	0.016585085697447	0.0002798910111948	0.0011349886113842	3.226530099955521e-09	1.2881991479718346e-06	1.0410496485918988e-17	-0.0001135943783472	5.99733193999924e-08	1.290368279208682e-08	3.596799039853505e-15	-0.0001659354464593	0.0001060005694041	1.1236120713993424e-08	2.7534572391647224e-08	0.0	0.0
922.4881187945612	0.912137357940196	850984.3293171284	0.8319945597501215	1086.7691933041526	6.763111732119569	1181067.2795149586	45.73968030113336	878.3533623339393	0.1694177864883386	0.0287023863786082	771504.6291233365	896.0711112397594	796.0542118917682	1.030767	17.759743	0.0619634561199232	0.028002507093775	0.0039540406	-0.0171102838	-0.1274545377	-0.000484658	-0.0344218035	0.0318415977	-0.074497132	0.0983611868	-0.015853304	0.0523220988	0.0265418268	-0.0907533897	-0.1611227667	0.0532083744	0.1389306783	0.0241927307	-0.1084828049	0.138409298	-0.0648522309	-0.007464832	0.0909459913	0.0205458838	-0.018331052	-0.0061698973	-0.028163801	-0.082599707	-0.1350338028	-0.1061760316	-0.0063169702	-0.0805141809	-0.0380558443	0.1055068434	-0.0247886829	0.06098385	-0.1489036665	-0.0088961795	0.0175750337	0.1065261153	-0.0189046421	-0.0563172331	0.056536143	-0.0161348337	0.0039033791	0.00196063	-0.0287239035	-0.1905893208	-0.0852194296	0.08844109	0.1655279254	-0.1855033566	0.0071241987	-0.0928556013	-0.0059463512	-0.0966853543	-0.0278564557	-0.0760977892	0.1504316154	-0.0076611687	0.0338702255	-0.0798066621	-0.0044091994	-0.0036351746	-0.0659662225	-0.0779751746	-0.0166879342	0.0103235877	0.2312418321	0.1128909052	-0.0113146083	0.0571930783	-0.0265668417	-0.1266761049	-0.1026433565	-0.1646581228	-0.1841880417	-0.1310853194	0.0730381397	-0.0577456583	0.0052656096	0.1542679566	-0.0054192027	0.0124030092	-0.0394173006	-0.0353677646	-0.0319336932	0.0209546194	0.0383082937	0.0058069974	-0.0798032224	0.0310063724	-0.0909753827	0.0902256115	-0.1001341148	-0.0187582266	0.11078315	-0.0865102992	-0.0583686158	0.0366626526	-0.0636240669	-0.0359970822	0.1416787491	-0.0966877548	0.0014485866	-0.2278022719	-0.0113382941	-0.0436550082	-0.0947387834	0.0281130616	-0.029941531	-0.0016898595	-0.1290552057	0.0050684204	0.1289225186	-0.0238335679808017	-0.0076210818266987	0.0005680389626954	5.808088820923721e-05	-0.0051820229109154	-0.0085231664326386	2.685336144925212e-05	7.264436603845742e-05	-0.1504240683808291	-0.0216409728385685	0.0226274003482403	0.0004683317053996	0.0008179998304164	-0.0003169887809678	6.691237225612591e-07	1.004818872594519e-07	-0.0001130001930489	5.941852983000072e-07	1.2769043629088669e-08	3.530561687158685e-13	4.6287714948836135e-08	0.0001659817341742	2.754993607949101e-08	2.1425525551847082e-15	0.0	0.0
925.0141347031536	2.5260159085923988	855651.1494006239	6.3807563704618815	1094.0878751482282	7.318681844075627	1197028.278546365	53.56310393480222	881.0835116478704	2.730149313931065	7.453715276358265	776308.154497743	898.5642703688026	802.987272114097	1.061982	18.29756	0.0542058055520312	0.0296279370542457	0.0900268984	-0.0563369227	-0.0683600358	0.0739891222	-0.0481839549	0.1263168327	-0.0673068164	0.0395753613	-0.1498461145	-0.0057982402	-0.0942554799	0.035909219	-0.0304451744	0.0516308583	0.0289067627	-0.0917512777	-0.0175628493	0.0964643609	-0.0217230017	-0.1263701373	-0.0267704326	0.1375360952	-0.1200506579	-0.0115147308	0.1946779189	-0.0275647505	0.0955118671	-0.1683104617	0.1376138145	0.052451321	-0.0281437322	0.0858501113	0.0275778806	0.0025609713	-0.0428322061	0.1903477074	0.152562896	-0.0052747733	-0.0372171603	0.0210379511	0.0648976731	0.0510381753	-0.0720386011	-0.0602513828	0.0545161771	-0.0557634517	0.0708913581	-0.1783196283	0.0319469113	-0.0566469885	0.0782889703	-0.0353196619	0.1095705431	-0.1127731144	0.0225760393	0.0149951364	-0.061314638	0.1039002261	-0.0416584474	-0.1117619071	-0.1421669703	-0.1906944937	-0.201818558	0.049944687	0.0830361104	0.1964680847	0.0091551508	0.071976796	0.0028221726	-0.013511891	-0.0261055648	0.0651343715	0.1265645352	-0.0773736434	-0.0817595168	-0.0106258332	-0.0846577222	-0.0180605984	0.0016959954	-0.0451888579	-0.1157486126	0.1243017003	0.1199051357	-0.0498005976	-0.1506398829	0.0329529325	0.0042778998	-0.0687168169	-0.01443812	0.0673851076	0.032757716	0.0603719302	0.0353178955	-0.0845619626	0.0361886436	-0.0339457848	-0.1058022052	0.0138593054	-0.1158119674	-0.0623423675	-0.0151778194	-0.040900413	0.0071874806	0.003841747	-0.0112327901	0.0987193454	-0.1080339459	0.0705741288	-0.0579767869	-0.0050684204	-0.1287014744	0.0151740128	0.1275100165	-0.0284451242012551	-0.0046115562204534	0.0008091250908248	2.126645077440246e-05	-0.0204935091311853	-0.0153114862202698	0.0004199839165099	0.0002344416102735	-0.1535775403676496	-0.0031534719868204	0.023586060905377	9.944385571661487e-06	0.0012489908906151	0.0004309910601987	1.5599782448395009e-06	1.8575329397119957e-07	-0.0001136191209851	-6.189279362000063e-07	1.2909304653426793e-08	3.8307179020879913e-13	-0.0001909295466399	-0.0001909758343548	3.647176930753066e-08	3.6454091780117764e-08	0.0	0.0
923.9601928211032	-1.053941882050367	853702.4379180102	1.1107934907398698	1082.6113723028277	-11.476502845400546	1172047.383439412	131.71011756048682	881.4022209765175	0.3187093286470599	0.1015756361666596	776869.8751423378	899.1168555831364	804.2636760780198	1.078886	18.588808	0.0599233375701304	0.0297288823643103	0.0991986894	-0.1261627118	0.0872146396	-0.0445372434	-0.0953312952	0.1115469095	0.0158217993	-0.1875852416	-0.0571015981	-0.0104280493	0.0272722542	0.0985305169	0.1013561224	0.0298728513	0.0608534169	-0.1191273931	0.1862599695	-0.0334000629	-0.1063318871	0.0115541935	-0.1368276239	-0.0559843402	-0.0058931316	0.1148719909	0.059354884	-0.091555458	0.1678922153	0.1056664566	0.0208595358	-0.0152142679	0.014207116	-0.0274284859	0.0804609283	0.0225367904	0.0822200389	0.0219880977	-0.126888874	0.0138108146	-0.0171354695	-0.109225186	-0.0403213255	0.0300623894	-0.1193383522	0.086144423	-0.0633507458	0.1422012302	0.0727785194	-0.1252047727	-0.0292199289	0.1199769731	-0.0037383028	0.192343614	0.0893886847	-0.0480291245	0.1185244592	0.0027814357	-0.1225865774	0.0427297973	0.0007694104	-0.0824304053	-0.0217875884	0.046753059	0.0051685371	0.0901832784	-0.1318219294	-0.1366360582	-0.0759846907	-0.1217574494	0.0596979555	0.087418333	-0.0643828892	-0.0605413614	-0.0354455096	0.0632832188	0.100225438	0.0860345733	0.0077729971	0.0384343008	-0.1232194709	-0.1021218345	0.0797136651	0.0068494548	-0.0505646433	0.1532656356	-0.0448558301	0.0606994902	-0.0132316039	-0.1110231983	-0.0505453419	-0.0141801777	0.0527799043	-0.0005363617	0.1654058289	-0.057985187	-0.0533269372	-0.0425455242	-0.0073620081	-0.0701449125	-0.0977065663	-0.2004363654	0.0471783365	0.0225507734	0.0046703219	0.0446974504	-0.0030589784	0.107382534	-0.081154286	-0.0934054301	0.0185667566	-0.0084435077	-0.1279949812	0.0251860523	0.124700488	-0.0285441637263517	-9.903952509659684e-05	0.0008147692828367	9.808827531359433e-09	0.0010089772283095	0.0215024863594948	1.018035047247121e-06	0.0004623569196402	-0.1695695627975197	-0.0159920224298701	0.0287538366273419	0.0002557447813974	0.0009939997877217	-0.0002549911028934	9.880355779907845e-07	6.50204625547926e-08	-0.0001130000306348	6.190903502999975e-07	1.2769006923465741e-08	3.832728618345737e-13	5.604522977848726e-08	0.0001909855918696	3.647549630181141e-08	3.141067780923436e-15	0.0	0.0
921.6581004273636	-2.302092393739599	849453.6540833763	5.299629389313718	1088.6854775565012	6.074105253673451	1185236.069042427	36.89475463270343	880.3970617338259	-1.0051592426915477	1.0103451031682456	775098.9863095541	898.8565592185963	803.5960847957406	0.983643	16.947803	0.0626519790396418	0.03232293382618	0.0058431455	-0.0870181277	0.1274082808	-0.0860874138	-0.0372890069	0.0516300872	0.0104040234	-0.1359075134	0.0952331535	0.0049973068	0.0272418331	-0.0100008853	-0.0214646747	0.0739181489	-0.1186078918	-0.0258000823	0.153660501	-0.0840702886	0.0931689675	0.0058483563	-0.0477534975	0.1408381253	-0.0742606629	-0.0068319406	0.1391419591	-0.0014230857	0.0426550799	-0.0254488396	-0.0912135066	0.0867963911	-0.0577535747	0.0041724632	-0.1703626971	0.0644791074	-0.0508559833	-0.0178201286	-0.0045884219	0.1167328376	0.005219263	0.0408023493	0.1178697219	-0.049953342	-0.0879044721	-0.0686102297	-0.1845547332	0.200928579	0.0378136214	-0.1035325987	0.0700119403	0.018495588	-0.0911506434	0.170868532	4.61463e-05	0.0644880751	-0.0108935935	0.0494261526	-0.0492519296	0.0786386182	-0.0246923561	0.0225442489	-0.1216857685	0.0027999981	-0.1044260828	0.1895687265	0.0578655631	-0.0898279362	0.0542242225	-0.0486589713	-0.0657695283	-0.0105588088	0.0831396833	-0.001396813	-0.0639818646	0.1364611524	-0.0471006463	-0.1054762103	0.0859808603	0.0533690959	-0.0991053673	0.0596098587	0.0056040891	0.1416482306	0.0605484001	0.1687195693	-0.2362170807	0.0247180206	0.0032016927	-0.0055789669	0.0047574909	-0.0356148507	0.1075264387	0.098983301	0.0995986787	-0.0488892543	-0.0967038133	-0.0270738392	-0.0324676964	-0.0418972562	0.0049809814	-0.0952299853	0.0553013964	-0.0226832182	0.0443630738	0.0683045706	-0.0233003514	0.0980201601	-0.0926159669	-0.1533501322	0.0589824393	-0.0118128082	-0.1269376627	0.0350428114	0.1205247148	-0.0284323485726076	0.000111815153744	0.0008083984453542	1.2502628606816392e-08	-0.0230504459958211	-0.0240594232241306	0.0005313230606062	0.0005788558458778	-0.1504177752921265	0.0191517875053932	0.0226255071238326	0.0003667909646517	0.0012139910462306	0.0002199912585089	1.4737742603280669e-06	4.8396153820329735e-08	-0.0001136004177164	-6.00387081599996e-07	1.2905054905340569e-08	3.6046464775216033e-13	-0.0001659313723072	-0.0001659874175369	2.755182278059524e-08	2.7533220315750625e-08	0.0	0.0
919.6469403498758	-2.0111600774878298	845750.4948948879	4.044764857280853	1088.045671008882	-0.6398065476191732	1183843.3822011682	0.4093524183763654	879.1603612099924	-1.2367005238335196	1.5294281856501015	772922.9407228843	897.0013627692183	798.2039590207403	1.070584	18.445763	0.0174302764470904	0.0116286948926091	-0.1268989613	0.0557457129	0.1888843791	-0.124183952	0.0150577725	0.0275987521	0.0190885499	-0.0706016416	0.1403743929	-0.0140152708	0.0275613979	-0.0226183179	-0.0548791843	0.0782017304	-0.0245343561	0.0260732834	0.0458559924	-0.0341637461	0.0858910519	0.0896792352	0.0101535694	0.0056387634	-0.0616965878	0.0725556203	-0.0617950752	0.1463417313	-0.0762951868	-0.0400510001	-0.129783647	-0.1239039642	-0.0427686354	-0.0024582426	0.0734575662	-0.2048475405	0.1439241935	0.0430582448	-0.2251240668	0.0387269185	0.0889337094	-0.0186328996	-0.0395271459	0.1090912327	0.1046685948	0.0752745171	0.0957674885	-0.1536456426	-0.1267853444	-0.1316131664	0.1955812478	-0.0471102784	0.1417458598	0.0791827608	-0.0567211645	0.1040742653	-0.0728677491	-0.0017199979	0.0426914039	0.0307476972	-0.071135995	0.0996789459	0.0344691527	0.0445571854	-0.0239658394	-0.0549666122	-0.20278099	0.0031433996	-0.0625027172	0.1115575725	0.1312350987	-0.1551121562	-0.0070440677	0.1603691117	0.0317463661	0.0269205025	0.1411772018	0.0906946526	0.2521504574	-0.0518329454	-0.0637130474	0.148070805	0.0215538299	0.0520061272	-0.0658005761	-0.2089276519	-0.0737351015	-0.0143234005	0.0027366691	0.1055766592	0.0525960677	-0.0954588188	0.0814475557	0.0044938753	0.0644981237	0.0145072215	-0.1057392464	0.0247112457	0.011127031	0.0206396532	0.0082937216	-0.1168949422	0.1138575365	-0.0110835537	0.1106943572	-0.003260098	-0.1380545313	-0.0645016077	-0.0372374128	0.0479781327	0.0941376328	-0.0151740128	-0.1255324169	0.0446835199	0.1150284477	-0.0284567241367454	-2.4375564137799063e-05	0.0008097851485948	5.941681270359558e-10	-0.0133702602607002	0.0096801857351208	0.0001787638594388	9.370599586643814e-05	-0.1440923027500247	0.0063254725421018	0.0207625917118047	4.001160288088389e-05	0.001239993244466	2.6002198235399896e-05	1.5375832463213172e-06	6.761143130730335e-10	-0.0001136043205225	-3.902806099999323e-09	1.2905941641378914e-08	1.523189545419193e-17	-0.0001679301233803	-1.9987510730999983e-06	3.995005852218395e-12	2.8200526338522786e-08	0.0	0.0
920.0074258505256	0.3604855006498155	846413.6636201104	0.1299497961787481	1087.0245688302175	-1.0211021786644778	1181622.4132405205	1.0426496592733432	878.1684229415682	-0.9919382684241782	0.983941528364357	771179.779051681	896.1891931580201	793.4168137373325	1.119146	19.282478	0.0416340448595182	0.01784069158386	-0.1268902253	0.1129044191	0.0117526523	-0.0655253657	0.2194682652	0.0156452236	0.0966183159	0.0960773625	0.1637307206	-0.0409128974	-0.0181626682	-0.0974594847	0.059807694	-0.0160108166	-0.0464126209	0.108287176	-0.1274709231	-0.0653471887	0.1235024046	0.0513083958	0.1068867677	0.0636205397	0.0388042603	-0.0572689371	0.0783874685	0.0349160155	0.0946804885	0.1095979077	-0.0177576548	0.0889372921	-0.0131078728	0.0410925049	0.0007178579	-0.0763884833	-0.0092217478	0.1003396337	-0.0178795598	-0.0075713021	0.0106741232	-0.0574604628	0.001367883	0.007933024	-0.0499679218	0.0740674317	0.0380863113	-0.0841815638	-0.1362056942	-0.0632186306	0.0876630335	0.0961535408	0.0837896945	-0.0907503771	-0.1075542961	0.1665008061	-0.1141969529	0.0296082147	0.1217842827	-0.0177393129	0.0672334043	0.0392346045	-0.002449009	-0.0287737375	-0.0633478228	0.046009964	0.0691611219	0.0126434939	-0.0838669456	-0.0470828555	0.0556331541	-0.0047494501	-0.0736668538	0.0483871932	0.0420897353	0.0118537587	0.0471878144	0.1140892004	0.0277632456	-0.0943275611	0.0084233195	0.0142815913	0.0737148154	0.1822869959	0.0358661057	0.1070449182	-0.039752534	-0.0657453335	0.0512960971	0.1562551258	0.0658937692	-0.0047287236	-0.0547293985	-0.0133459936	0.0145180919	0.0277801126	0.1009686778	-0.1618996567	0.0143864604	-0.0709323048	0.0145867997	-0.0415691855	0.0686395327	0.0076463125	0.0481306296	0.1725840339	-0.035777848	0.0459309432	0.0771272906	-0.0606405308	-0.0190558373	-0.0185248178	-0.1237830955	0.0540487397	0.1082719048	-0.0411250891562957	-0.0126683650195503	0.0016912729581132	0.0001604874722685	-0.0046704544106006	0.0086998058500996	2.1813144401498597e-05	7.568662182942722e-05	-0.1506786736774188	-0.0065863709273941	0.022704062701186	4.33802819932224e-05	0.0011350015893749	-0.000104991655091	1.2882286078835493e-06	1.1023247638768481e-08	-0.0001130000654956	6.042550268999983e-07	1.2769014802009892e-08	3.651241375339177e-13	6.402775118376138e-08	0.0001679941511314	2.8222034814387808e-08	4.099552921649657e-15	0.0	0.0
921.052347909245	1.0449220587194077	848337.4275891329	1.0918621087984053	1081.7594613938104	-5.265107436407106	1170203.5323150267	27.72135631690941	879.1130334247642	0.9446104831960156	0.89228896496381	772839.7255372907	896.9116160511459	789.1479540248117	1.090144	18.782774	0.0272404075962522	0.0156635020205517	-0.0447386398	0.0424782443	-0.1533861494	-0.0332313749	0.0712847129	0.0749923869	-0.036603989	0.1430695719	-0.0049584689	-0.1037526596	-0.0024519513	-0.0511113881	0.0613210122	0.0814871272	0.1519787128	0.0516757704	-0.1189843435	-0.0346931256	-0.0711154385	0.0244755107	0.1014842078	-0.0094821628	0.058528682	-0.0176763288	0.0964212768	-0.1584620384	0.0154439002	0.1358125964	0.0400176744	0.0962559084	0.0747247492	-0.052362265	-0.077814056	-0.0625170052	0.01354272	-0.0741685006	0.0521749902	0.0889831619	-0.0253218682	-0.1093219148	-0.0328230338	-0.0513911614	0.0184886875	0.0349151021	0.0372486794	-0.0516042349	0.1362897824	-0.025546636	-0.1473941294	0.0969746503	0.1501409862	-0.1203515117	-0.0407527671	0.0170447775	0.0403583376	-0.0389116501	0.0740401192	0.0594265878	0.174248634	-0.1689890588	-0.1065627646	-0.0525030412	0.1191582552	0.0022538125	0.0816353706	0.0568062467	-0.1115917972	-0.1114122174	-0.0293117851	0.0222412501	-0.0028778023	0.0034601242	0.0464160424	-0.0447675603	-0.0121768316	-0.1261981541	0.1093180707	-0.1438299891	-0.0606307701	-0.009461397	0.0319988271	0.1058969511	0.0565766215	-0.0222325608	0.1645238362	-0.0539723222	-0.0032845504	0.0645482257	0.0326152823	0.0811765939	-0.0425134017	0.1193275141	-0.0224833491	0.0024975058	0.0677964366	-0.0981105029	-0.1470120682	-0.0682858795	0.0070840383	-0.0197330573	0.0857615003	-0.0282890072	-0.0560602594	0.0984065467	-0.0107651108	-0.0932989509	0.028364965	-0.1124395535	-0.0027883384	-0.0218629269	-0.1216944932	0.063080731	0.1003291122	-0.0419659570682142	-0.0008408679119185	0.0017611415526511	7.070588452941801e-07	-0.0094194818386625	-0.0047490274280619	8.872663810889266e-05	2.255326151248422e-05	-0.1529234033481685	-0.0022447296707497	0.0233855672915866	5.038811294744087e-06	0.0013720003067599	0.0002369987173849	1.88238484174926e-06	5.616839204213507e-08	-0.0002639999529305	-0.0001509998874348	6.969597514730622e-08	2.2800966005352463e-08	1.810746417257739e-07	1.1704689054201253e-07	1.3699974585553861e-14	3.2788025876117385e-14	0.0	0.0
920.1857464167808	-0.8666014924641559	846741.8079086081	0.7509981467411023	1086.5930998302642	4.833638436453839	1180684.5645987426	23.36406053436391	878.1469558926772	-0.9660775320870698	0.9333057980034434	771142.0761435755	896.5655898938704	785.759620419805	1.090418	18.787498	0.0443579300161267	0.0208906175443818	-0.0407218329	-0.1192746331	-0.0555102486	0.0225739965	-0.0235423834	-0.0419236555	-0.1191627029	-0.0192534055	-0.0362473159	0.0427189131	-0.0227167022	0.044503505	0.0729325279	-0.063460212	0.1006863188	0.1044068832	0.1258984528	0.0625817397	0.0411689445	-0.029632702	0.0561996824	-0.1051197655	0.0293015088	-0.0746313654	0.1513715999	0.0395616566	-0.014271976	0.0394220417	0.0639522504	-0.0377725235	0.1295174822	-0.0880171089	-0.1158672729	0.0259368608	0.0122106189	-0.1795985127	-0.0182975832	-0.0107189494	0.0325511894	-0.0576105688	-0.0483602087	-0.0666029612	0.1502808464	-0.0494106815	0.0437774326	-0.0948714829	0.0785331355	-0.1301733549	0.2240598077	0.0451294827	-0.1215722541	0.0885886283	-0.0870777464	-0.11313002	-0.036431189	0.0166950743	-0.0270732491	-0.0752904018	0.0866182375	-0.0811007373	-0.0931828312	-0.008096731	0.0766714959	-0.0498968296	0.1618611745	0.0576363064	-0.1419321176	0.0217983447	0.0215859788	-0.0449511287	0.1016622256	-0.0407407788	-0.0655343775	0.003494926	0.026399811	-0.1178860331	0.0224810931	0.0061552998	0.058422199	-0.0385616447	0.0331997906	-0.1776501992	-0.0467227575	-0.0680639642	-0.1245073786	-0.0614759608	-0.04653912	0.0061165692	-0.0453956663	-0.0670115004	0.0871487999	0.1600145804	0.0263811922	-0.0564015841	0.0547546461	-0.0182963901	-0.1262591522	-0.0962348405	-0.021691852	-0.0284088921	0.0686609052	0.0517883942	0.0306305128	0.0456220894	0.1291334637	-0.118957153	-0.0186791463	-0.0737069704	-0.041092806	-0.0251860523	-0.1192723348	0.0717238087	0.0912870929	-0.041802954139257	0.0001630029289572	0.0017474869747688	2.6569954848627683e-08	-0.0058555121524364	0.003563969686226	3.428702256733036e-05	1.2701879924338563e-05	-0.1367128062200464	0.0162105971281221	0.0186903913845599	0.0002627834592502	0.0015119665095044	0.0001399662027445	2.286042725862919e-06	1.9590537910714497e-08	-0.0004651115259852	-0.0002011115730547	2.1632873160428139e-07	4.044586481653594e-08	-0.0001471483550155	-0.0001473294296572	2.1705960843123443e-08	2.1652638383767632e-08	0.0	0.0
919.4908873400032	-0.694859076777675	845463.4919013063	0.4828291365803228	1086.195331391834	-0.3977684384301483	1179820.2979374162	0.1582197306111586	878.4871434646817	0.3401875720045382	0.1157275841463428	771739.6612327363	896.6238455165268	792.8693303228139	1.127115	19.419773	0.0161120918605078	0.0125228738387259	-0.0889110118	0.0636483358	0.1188260907	0.1428889642	-0.0403088783	-0.0870522744	-0.0881036393	0.0092566231	0.118496004	0.0142158293	0.013532062	0.1214536724	-0.0215264963	-0.0115070824	0.0677842746	0.1113801308	0.0278552828	-0.0802505846	0.0459889749	0.0908617777	-0.1505158594	0.1348576979	-0.0969045879	0.0528950585	-0.0333625032	0.0080012026	0.0201732387	0.1659472239	0.0187438962	-0.0681717041	0.1024386006	0.018570332	0.0141708106	0.0036871401	-0.0196309852	0.1076742815	0.1165281659	0.0174634543	0.0612420188	0.1500766498	-0.0579270411	-0.0470041206	0.0990185286	0.010696987	-0.1313464189	0.0488632022	0.0631216403	0.1640020403	0.017180732	-0.087377571	0.1537723632	0.0195277875	-0.1240695194	0.0765371977	-0.0171988066	-0.0545645738	-0.1315287071	0.1063553473	-0.0836381302	-0.0823308773	0.0896800966	0.0197672743	0.0205106411	-0.0102223203	0.1397448896	-0.1006162898	-0.0680797844	0.0706468342	-0.0026241992	0.0418411502	-0.0343180884	0.0041976207	0.0536684941	-0.054594126	-0.0382024346	0.0117921757	-0.0613684079	0.1507104554	0.0664872519	0.0146170251	0.083751709	0.0207359865	-0.088812944	0.0512789299	0.0805729252	-0.0995489412	-0.068828805	-0.0056457037	0.1132295712	-0.0759250773	0.0160862254	-0.082207348	0.0482798893	-0.0491668684	0.0135137705	0.0276131772	-0.0229252553	0.0592167866	-0.0143097021	-0.0360299585	-0.0403727059	-0.1526824512	-0.0954103794	0.0238197926	0.0899827961	-0.0916267951	-0.0578969331	-0.0720950188	-0.1017119133	-0.0284919163	-0.1165232592	0.0799246852	0.0812449131	-0.0418142765612543	-1.1322421997299326e-05	0.001748433724341	1.2819723988492764e-10	-0.0032949797047479	0.0025605324476884	1.085689125470056e-05	6.556326415665659e-06	-0.1366679898280693	4.481639197709275e-05	0.0186781394436452	2.0085089898444234e-09	0.0012739757108442	-0.0002379907986602	1.6230141118209848e-06	5.6639620246919866e-08	-0.0004740794019044	-8.96787591919999e-06	2.247512793100336e-07	8.042279850216705e-11	-0.000124198617618	2.2949737397500025e-05	5.266904466142111e-10	1.5425296618222176e-08	0.0	0.0
920.8554802502388	1.364592910235615	847974.8155068979	1.862113810665305	1081.5671677362352	-4.6281636555988825	1169787.5383249817	21.419898823006413	878.8369653095298	0.3498218448480656	0.1223753231329041	772354.4115944636	896.1086303318008	786.3673323854001	1.168289	20.129181	0.0195689401853718	0.0107601610860287	-0.0657107123	0.0874194863	-0.1478165608	0.0222030299	-0.0488765835	-0.0351398352	0.0151797139	0.1531218996	-0.0311025198	0.0178231404	0.0551617274	0.118802836	-0.0075563768	0.0171529459	0.0556156101	0.0819649728	-0.0868495333	-0.0174117756	-0.1707640404	-0.0043598358	-0.0407527532	0.0038463491	0.0005559983	0.0942080014	0.0256165568	-0.0025750506	0.1204026913	0.1067839331	-0.0770086026	-0.0093064701	0.1755560494	-0.1183452849	0.1194341281	0.0742985002	-0.0697585554	-0.0449662752	0.0020818188	0.1081596452	0.1151176315	0.0115309274	0.1147987185	-0.0231399493	-0.0023248291	0.0117571772	-0.1018081128	0.1145862951	-0.0547542797	-0.0618944579	-0.105200934	0.0107829903	-0.0233591406	-0.1304303771	-0.0833305022	-0.0581262197	0.1219562468	-0.084683971	-0.0231498657	0.0814403512	0.0060126305	-0.0356451461	0.0390926585	-0.0394706481	0.051962334	0.1297905652	-0.0309571547	-0.1062662199	-0.1560126897	-0.0533413034	-0.0601747487	-0.1086024957	-0.0435335282	-0.0148170918	-0.039006929	-0.0689810785	0.0119071183	0.0599423629	0.1193696716	0.1328893656	-0.0945676162	0.075084215	0.0567009628	0.0903535422	-0.087632424	0.1672147805	-0.014751178	-0.1265295391	-0.053690719	-0.0295014562	0.0278524855	0.0721547645	-0.1002092098	0.0566916719	-0.011969275	0.0045706423	-0.0344437519	-0.0172223625	-0.069609924	0.0110607027	0.0769149985	0.0203043444	-0.0912688984	0.039580455	-0.098866989	0.1416624021	-0.0253392057	-0.104951563	-0.0102452933	-0.0136071082	0.1361095975	-0.0317782535	-0.1134548014	0.0876327994	0.0703125971	-0.0418454271862316	-3.11506249772997e-05	0.0017510397763982	9.703614364763681e-10	0.0046654273090922	0.0079604070138401	2.176621197642329e-05	6.336807982599466e-05	-0.1365907596250082	7.723020306110717e-05	0.0186570356149367	5.964504264859848e-09	0.0013080039901475	3.402827930330007e-05	1.7108744382417816e-06	1.1579237923434e-09	-0.0005449995587227	-7.092015681829997e-05	2.970245190079377e-07	5.029668643132261e-09	8.559931302660855e-07	0.0001250546107482	1.5638655669400346e-08	7.327242390627315e-13	0.0	0.0
920.1457254269648	-0.709754823274011	846668.1560215153	0.5037519091607225	1081.89351675851	0.326349022274826	1170493.5816040963	0.1065036843397348	878.6652904879662	-0.1716748215635561	0.0294722443588788	772052.692708302	896.7699063236962	783.6973822222499	1.114194	19.197159	0.0430795622560353	0.0273326158521285	-0.0709112844	-0.0863807948	-0.0029006207	-0.0181665595	-0.0499816992	0.0493556189	0.1658905468	-0.0444760479	-0.029281326	0.0922965625	0.0206497424	0.0753238979	0.0774937159	-0.0970134245	-0.1325534055	0.0625100514	0.0583189872	0.1004712171	0.0179959555	-0.0091522737	-0.0894041905	-0.100194064	0.1229464135	0.0079471561	0.0196578487	-0.0210449773	-0.0545950427	0.1035776301	-0.055604538	-0.0199535034	-0.0701545377	0.0169861576	-0.0150148888	0.0298410528	0.0534100285	0.0353630123	0.0317200858	0.0525942628	-0.0334896746	-0.1451913359	-0.0970042073	-0.0584930544	-0.0526332279	0.1977384581	-0.0731113207	-0.0060401051	0.1255840626	-0.0177573476	0.0699196085	0.0522075479	-0.0078673702	0.0388625794	-0.053718281	-0.1292250422	-0.0527659824	-0.0174866602	-0.1135417707	-0.1182336057	0.0630681465	0.0731438971	-0.0667423458	0.0426618233	0.0258160164	-0.0629877388	-0.019682619	-0.0578340362	-0.0249156702	-0.0443848154	0.0486085644	0.14205077	0.0461111025	-0.0173189431	0.0382789555	-0.0167378294	-0.0745871493	-0.0254145339	-0.0069686715	-0.0803895399	0.0905553034	-0.0794049113	0.1653308186	0.0307213937	0.0391413188	0.0693219631	0.0193580884	-0.0712694597	-0.0205793468	-0.0288370796	-0.0279030054	-0.1038838816	0.0923843485	0.0644580164	0.0130724076	0.0400078173	-0.1302935935	-0.0611580742	-0.0047689626	-0.088169289	0.0676897157	-0.0112559413	0.0181224258	0.1276897163	0.1095887994	0.00533288	-0.0701641363	-0.1009387286	0.0911661686	0.0604917593	0.121171483	-0.0350428114	-0.1100753719	0.0948006283	0.0586099215	-0.041956601819308	-0.0001111746330764	0.0017603564362239	1.2359799039672709e-08	-0.0026955571238573	-0.0073609844329495	7.26602820797784e-06	5.418409182212488e-05	-0.1365734929910473	1.7266633960899558e-05	0.0186523189877756	2.9813664833968993e-10	0.0010289982619513	-0.0002790057281962	1.0588374230987965e-06	7.784419636629188e-08	-0.0001130000477518	0.0004319995109708	1.276901079190908e-08	1.866235774790967e-07	5.8501176395569024e-08	-7.974919538705164e-07	6.359934164882139e-13	3.4223876396654824e-15	0.0	0.0
922.1491845327964	2.0034591058316664	850359.1185345014	4.01384838873982	1085.6743241809663	3.780807422456292	1178688.738185798	14.294504765700587	879.7927184496058	1.1274279616395688	1.2710938086867531	774035.2274369473	896.854858180143	792.1970223523899	1.169145	20.143932	0.0445482748262696	0.0318596410899058	-0.0656175034	0.1541766242	0.0157516917	0.0308685334	0.1341574399	0.0632048604	0.2486311507	0.0967432926	0.0564462338	-0.0355489335	0.0034443074	0.0019012389	0.1046183122	-0.0249395555	-0.0930463929	0.0583740439	-0.0796163945	-0.1236216843	0.062716738	-0.0888559979	-0.0414847238	0.0481203897	-0.0917040613	0.1170022782	0.0118355073	0.1363656331	0.04421161	-0.045355618	0.014477263	0.1458759661	-0.1374120936	-0.1516835313	0.1209295617	-0.1356429106	0.180451241	-0.0281645753	0.0422008962	-0.0408060731	0.0801919087	0.045282718	-0.0726582642	0.1123333063	0.0522448134	0.0080758013	-0.10338287	-0.19505875	0.1009453988	0.0810163252	0.030934496	-0.0644261931	-0.068722283	-0.0926529251	-0.0544051421	0.1088798913	0.0172328714	0.0809260555	-0.0965393359	0.0512622383	-0.1894352723	0.0897624309	-0.0365115936	-0.0976156804	-0.0267119437	-0.0217682748	-0.012317239	-0.0371542801	-0.0843819748	0.0101994734	-0.0807042473	-0.0070815818	0.0122089011	0.0288961168	0.2276780492	0.113668693	-0.0036329473	0.0294745712	0.0053390533	-0.0769781343	0.2081792759	0.1237183848	-0.0379382096	-0.0290385613	-0.1587414771	-0.1122980401	0.0011724953	-0.0862819369	0.0847331958	0.0934055258	0.1416377566	-0.0381240382	0.0221524029	-0.0741886746	-0.0785405478	0.0720451271	-0.0497772148	-0.065423602	0.0161349834	-0.0380728363	0.0007285878	-0.0308395471	-0.0489677166	-0.0909750426	0.0024167633	0.1800734506	-0.0368394921	0.0391111822	0.1292714077	0.1873362877	-0.0016065201	-0.0382833527	-0.1063942335	0.1013839798	0.0462651033	-0.0419493284197187	7.273399589301233e-06	0.0017597461548654	5.290234158564734e-11	-0.0065276495785013	-0.0038320924546439	4.26102090197082e-05	1.4684932580939476e-05	-0.1566810842170269	-0.0201075912259796	0.024548962151423	0.000404315224911	0.0014410015141376	0.0004120032521863	2.076485363746856e-06	1.6974667981208793e-07	-0.0001129997597022	2.8804960000084525e-10	1.2768945692754944e-08	8.297257206064698e-20	8.131586162990306e-08	2.2814685234334042e-08	5.205098623417396e-16	6.612269352613541e-15	0.0	0.0
925.04878291921	2.8995983864135724	855715.2507803116	8.407670802492193	1085.7172555832635	0.0429314022971993	1178781.9590712537	0.0018431053032039	880.1479626352336	0.3552441856278392	0.1261984314223866	774660.4361309526	896.5723431959684	807.7680154400672	1.179914	20.329483	0.0466210293764956	0.0316574349128999	0.1223976999	0.0662202797	-0.1475030109	-0.026724642	0.1605869402	0.0121672842	0.0484506465	0.1049822196	-0.107233843	-0.1210900769	0.0310938229	-0.1625191628	-0.0038980607	-0.0325623331	0.071009217	0.0375005484	-0.0952105252	0.0324911891	-0.0617230924	-0.1866984859	0.1612947966	-0.0867620042	-3.33275e-05	0.0013822377	-0.0339665652	-0.2384248031	-0.033770151	-0.1376588416	-0.1321362254	-0.1163482038	-0.0042035573	-0.0328661245	0.0365915717	0.0204496271	-0.1454938758	-0.0839495663	0.1405213125	-0.0171958036	-0.0585934644	-0.0442763541	0.0281892188	0.0379245928	0.3010939632	0.0813572844	-0.077929717	-0.0201023101	-0.0060644141	0.0071447328	0.084619284	-0.0326455931	0.0890776238	-0.1467678106	-0.0065427848	-0.0874512655	0.0331256283	0.1418788976	0.1131533121	0.0295988577	0.0655745485	-0.1414184167	-0.0268590818	-0.0087482994	0.0700399636	0.0459161893	-0.0782253299	0.1267248681	0.1483270391	-0.0036564062	-0.1118875517	-0.0025362444	-0.0041548063	0.127504254	-0.03104279	-0.2725127744	-0.0859055568	-0.0968854914	-0.0784373677	-0.0715188274	0.0891671109	0.0209288001	0.1150351491	-0.0392037224	-0.2339848479	-0.0640200957	0.0575642689	-0.0775934781	0.1613110701	-0.0049462584	-0.023183116	0.0645470763	-0.0325281604	0.0448071967	-0.1432366685	0.1092597818	0.0372586633	-0.0343692684	-0.0545650055	-0.0725968128	0.0586470156	-0.0536459038	-0.0228194708	-0.1127290719	-0.1682734116	-0.024065351	-0.0789483052	-0.0108214246	0.0885564604	-0.044067139	0.0834512452	-0.0414976565	-0.1024214758	0.1073422654	0.033413395	-0.0419585942239422	-9.26580422350165e-06	0.0017605236292494	8.585512790826101e-11	0.0149568109952298	0.0214844605737311	0.000223706195147	0.0004615820461442	-0.1588070077719123	-0.0021259235548854	0.0252196657174682	4.519550961216649e-06	0.0009810001099092	-0.0004600014042284	9.623612156418622e-07	2.116012918921e-07	-0.0001130000279288	-2.6822660000209997e-10	1.2769006311909581e-08	7.194550894868654e-20	5.5399443518191183e-08	-2.5916418111711883e-08	6.716607277410675e-16	3.0690983421252548e-15	0.0	0.0
924.51564694209	-0.5331359771199686	854729.1814407513	0.2842339700996637	1086.058560834612	0.3413052513485581	1179523.1975621488	0.1164892745981024	880.1336307648689	-0.0143318703646855	0.0002054025081501	774635.2080033506	897.3484601196812	805.526318231457	1.041975	17.952837	0.0699958940380564	0.0372392879835808	0.1348428187	-0.0576529117	-0.0382474819	-0.0027869175	0.0597184587	-0.0559077424	-0.0079565701	-0.0267253614	-0.1070347296	-0.003065509	0.0159095263	-0.1018515771	-0.0691737675	-0.0510177288	0.0931495346	0.0293019268	0.0191800163	0.1201778167	0.0017305597	-0.1520171825	0.031112456	-0.0001494466	-0.1932956892	-0.0731943832	-0.1315658496	-0.0141258737	-0.053192557	0.0771147075	0.1067353295	-0.0640606238	0.0281537731	0.0353817898	-0.1349494956	0.1363229995	-0.1246120143	-0.1294930281	-0.1834609866	0.0807164095	-0.0400418333	0.0294500899	-0.1641852509	-0.0244950696	0.0662343374	-0.112562996	-0.0082198549	-0.0678151739	-0.0466689209	-0.0207709491	-0.1109747553	-0.107921624	-0.0447689826	-0.0149778135	0.0010952669	-0.1531906126	-0.0381757514	0.1163703231	0.0618411351	-0.0168834444	-0.0789333711	-0.0990564553	0.0599060863	0.0373403524	-0.0724897399	-0.1418423955	0.1009352309	-0.0552261583	0.0632350522	0.0197000932	0.0886673611	0.0085058305	0.0971120498	-0.0415665639	-0.1121170552	-0.0630033428	0.192318048	-0.2550385336	-0.0381713657	-0.0331188352	-0.0154061881	0.1209182397	0.0659686365	-0.0356834224	0.0433950585	-0.0538332749	0.0210970851	-0.0826759852	0.1311654194	-0.1222623968	-0.0279267039	-0.0308414147	0.0746106881	0.0634461137	-0.0576724458	-0.0004735756	0.1395328248	0.1516984405	-0.0737031897	-0.1595017971	0.0979626181	0.0670959238	0.0340248939	-0.104656529	0.0238263379	-0.0011374868	-0.0479145499	-0.0308786288	0.0799158752	0.015297559	-0.1057262526	-0.0446835199	-0.098167988	0.1126387502	0.0201956026	-0.0418742533202163	8.434090372590186e-05	0.0017534530911256	7.113388041301846e-09	-0.0031404257349549	-0.0180972367301847	9.862273796767024e-06	0.0003275099772683	-0.1651620269300764	-0.006355019158164	0.0272784951396512	4.038626850063253e-05	0.00135998461184	0.0003789845019308	1.8495581444415956e-06	1.4362925270373658e-07	-0.0005820415822404	-0.0004690415543116	3.387724034569084e-07	2.199999796710417e-07	-6.110448923371688e-05	-6.115988867723507e-05	3.740531983011787e-09	3.733758604513422e-09	0.0	0.0
923.6793223252782	-0.8363246168117939	853183.4904912852	0.699438864685394	1091.1288344610305	5.070273626418384	1190562.1333922867	25.70767464675383	880.157429891138	0.0237991262690684	0.000566398411171	774677.1013925736	897.8561930076588	806.3679046562332	1.093997	18.849161	0.0545422033978406	0.0265821884237475	0.0907774682	0.0276427365	0.1422286977	0.0872071666	-0.0251261168	-0.1056658369	0.0408960477	-0.138109148	-0.002120636	-0.0457069598	0.0101414088	0.1188240427	-0.0379985072	-0.0052642452	0.2013190123	0.0415959651	0.0348133362	-0.0342800968	0.0506360272	-0.0374046581	-0.1461408152	-0.0129111372	-0.0787186341	0.0372120532	-0.0938156803	-0.0978392006	0.202054487	0.1307475716	0.0555633546	-0.1790736423	-0.066421406	-0.0285826461	-0.0141284129	-0.0393418786	0.0285967158	-0.0490084752	-0.0392769231	0.1668849913	0.0402581803	-0.0576597066	0.0651157934	0.0801166239	-0.1628513831	-0.1585300656	0.2010296562	-0.0187023839	0.0973071112	0.0633837313	-0.054893699	-0.1477191398	-0.1035080255	0.0411235921	-0.0459504946	0.0079147611	-0.0271812608	0.0365544765	-0.1391535377	-0.0008934204	-0.0125795167	-0.2442721773	0.2233049469	0.1084457743	-0.1605995562	0.0126814493	-0.051213285	-0.1760696193	-0.0146381393	-0.0362822741	0.0190609443	0.0163263433	-0.0498177834	-0.007972512	-0.0449174246	0.0780518428	-0.1672932265	0.0562822351	0.0515605756	0.0022426708	-0.0227853141	0.0282178138	0.0275556635	-0.0246850417	0.0268028134	-0.1540342771	-0.1576346481	-0.0876406704	0.0589260021	-0.1405092921	0.1311381336	-0.0678344975	0.0768660741	-0.0608893741	0.0843697589	-0.0123788361	0.0742014539	0.0922051685	0.0099710625	-0.0976950435	0.0935685854	0.0128593606	-0.1110798864	-0.0799723326	-0.1981440261	-0.0363260077	0.0037648164	0.0305029323	-0.0061321889	0.0127049738	-0.1007701141	-0.0478387595	-0.0936454286	0.1172407796	0.0067565429	-0.0538748084679667	-0.0120005551477504	0.00290249498746	0.0001440133238541	-0.0040554458803541	-0.0009150201453992	1.644664128848104e-05	8.372618664863731e-07	-0.1536683804701795	0.0114936464598968	0.0236139711563278	0.0001321039089451	0.0011619707075242	-0.0001980139043157	1.35017592514429e-06	3.9209506302386765e-08	-0.0003091120752938	0.0002729295069466	9.555027509243989e-08	7.449051576211419e-08	-0.0001928207108672	-0.0001317162216334	1.7349163041400844e-08	3.7179826539332344e-08	0.0	0.0
922.2225955869824	-1.4567267382958562	850494.5158111908	2.122052790066084	1081.7211247035436	-9.407709757486828	1170120.591629899	88.50500288111286	878.9450585993753	-1.212371291762679	1.469844149090307	772544.4160362594	895.4685851657852	803.7176782939248	1.173935	20.226475	0.0638078781946302	0.0295290383221401	0.0607105463	0.1893912274	-0.0743183497	0.0120140909	-0.1275034458	-0.1402768247	0.0154281921	0.0688782288	-0.0594339919	0.0389890145	0.1655912429	0.063981583	0.0484306968	-0.0613215825	0.0751884214	0.1245591779	-0.1280333012	-0.0536171653	-0.0747386572	-0.0444465254	0.0274896383	-0.063017637	0.1909680808	-0.0087678947	-0.1351632391	0.0049495524	0.0229399826	0.0395784868	0.0690296404	-0.046270432	-0.1956539825	0.1081704032	0.1454490037	-0.1330977743	-0.0922580354	0.1614676435	0.0830101862	0.0052381424	0.0691567803	-0.01494868	0.0762881086	0.1069496927	0.0740448897	-0.132057166	0.0666457222	0.1690969919	-0.0001534287	-0.0566090728	0.0502883883	-0.0770276926	-0.1157878709	-0.1184840601	-0.1299152272	-0.0072127328	0.0930226028	-0.0150619734	-0.0306035599	-0.1516980928	0.0681215208	0.0299411436	0.1416077943	-0.0933293807	-0.0070615161	-0.1339250973	-0.0990849815	-0.043871468	0.0241090361	-0.0614491667	0.0275932338	0.104394738	-0.2033606303	0.1458433994	0.1499769416	-0.0359620079	-0.0864936803	0.0249765028	0.0701319574	0.0283208716	-0.0851308749	-0.0452723337	-0.2280499245	-0.0680130754	-0.0257613294	0.0048456339	-0.0544992366	-0.1388639897	0.0637358358	-0.1097651128	0.1494561233	0.1087459172	-0.111816938	-0.0065511838	0.0207157952	0.027273879	0.0106136844	0.0188609418	0.0419176467	-0.0529685646	0.0586461989	0.0668724118	0.0023460473	0.0883128742	-0.0594420927	0.0419580574	-0.1118543835	-0.0912852028	-0.1001104026	0.1123104317	0.0973583307	-0.0509612127	-0.0888661936	0.1211199807	-0.0067565429	-0.0418438574159409	0.0120309510520258	0.0017509084034455	0.0001447437832162	0.0010761421208371	0.0051315880011912	1.1580818642397718e-06	2.6333195413969494e-05	-0.1678839590117462	-0.0142155785415666	0.0281850236934576	0.0002020826732714	0.0014250013059878	0.0002630305984635	2.0306287220669354e-06	6.918509572811952e-08	-0.0005009992001874	-0.0001918871248935	2.510001985884145e-07	3.682066869993204e-08	8.567777725320682e-07	0.0001936774886397	3.751096960579354e-08	7.340681515050126e-13	0.0	0.0
921.6151168981484	-0.6074786888340213	849374.4236951877	0.3690303573875017	1088.09563533238	6.374510628836333	1183952.1116293755	40.634385757147385	877.668252999442	-1.2768055999333685	1.6302325400212083	770301.5623230925	894.9346917715877	794.8188585292793	1.159069	19.970329	0.0684620014852084	0.03449896910424	0.0894147799	-0.1073715666	-0.1221708653	0.0919458545	-0.036469081	-0.2117121532	-0.0563135014	0.027052947	-0.1011765538	0.2326804937	0.0287817587	0.0145974722	-0.0282590041	-0.2041238752	0.1109447632	0.1249194862	0.024681358	0.2093391926	-0.0640019579	0.0083252287	0.0109829748	0.0575987766	0.0574724166	0.0267063235	0.031968555	0.033079566	-0.0825622565	0.0139721187	0.0145815054	-0.0853924786	-0.0241859978	-0.1208839781	0.0784963291	-0.0635165801	0.1312881874	-0.1009584659	-0.0413823548	0.0160384682	0.0949298132	-0.0070221683	-0.1076489878	0.0820038411	-0.1196387812	0.1247963119	-0.1103931077	0.160606338	-0.0780211295	-0.0390655574	-0.0669291942	0.044452939	-0.0451475245	-0.025351763	-0.0985779235	-0.2348412576	-0.0561382736	-0.0570484169	0.0032210694	0.003476225	-0.0171149782	0.0696860405	-0.0663788561	0.048349515	-0.0186793254	-0.1346822939	-0.0781634914	-0.1236107985	-0.0158929373	0.0456370622	-0.122054989	0.0337601016	-0.0203490714	0.0105542748	-0.0548221545	0.2020914437	0.0539230216	0.1079743309	0.0153527015	0.0681364732	-0.0087034033	-0.009306877	-0.025448532	-0.0243141836	-0.1155306348	-0.0232605959	0.0940003972	-0.1217082861	0.0220937891	-0.2235361273	0.0038889141	-0.0660354536	0.0044424322	0.1174966798	-0.0674678955	0.0535730652	-0.0940007293	0.0605945765	0.0101971885	-0.0436813971	0.0224904699	-0.0413175533	-0.1081043839	-0.0058579675	-0.066452132	-0.1046696223	0.187520346	-0.1064289883	0.0206804756	0.0634053587	-0.0470128169	-0.0540487397	-0.0838433825	0.1242524367	-0.0201956026	-0.0526505038501738	-0.0108066464342329	0.0027720755556771	0.0001167836071545	0.0150529211712324	0.0139767790503953	0.0002265904357873	0.0001953503526235	-0.1452172269113276	0.0226667321004185	0.021088042991816	0.0005137807441121	0.0012404473465784	-0.0001845539594093	1.5387096196333937e-06	3.4060163933686414e-08	-0.0005096405759243	-8.641375736900023e-06	2.597335166284522e-07	7.467337462628439e-11	-0.0002261847650844	-0.0002270415428569	5.154786218285613e-08	5.1159547956285216e-08	0.0	0.0
922.2178272124564	0.6027103143080694	850485.7208284641	0.3632597229733318	1085.6256601242792	-2.4699752081007773	1178583.073920277	6.100777528632478	878.8064540880616	1.1382010886196667	1.2955017181349944	772300.7837468324	896.1565607859512	802.8600074356901	1.125119	19.385387	0.0495548342297779	0.0259964080011371	0.0921104593	0.0428866407	0.0954251008	0.156258753	-0.0895839537	-0.1655290436	0.0052286518	-0.0380539459	0.0550940003	0.0120586651	0.027690915	0.1237903617	-0.0345614851	-0.3031837753	0.0525580698	0.1372357487	0.0336350468	0.0510088492	0.1266930836	-0.0684286202	-0.1524099322	0.0364764791	0.1067462479	-0.0438899131	-0.1269560277	0.0538741634	0.0232218801	-0.0657621129	0.0419406101	0.0078730832	-0.0800009697	0.0777969199	-0.0227383821	0.0686901283	0.1161348756	-0.0354959701	0.1094600225	0.0563743236	0.0123205627	0.0547552824	0.0109046536	-0.0438536068	-0.0476084316	0.1301899898	0.0825210762	0.0367756284	0.0432053937	0.0811177822	-0.2386839589	0.048811628	0.1531029217	-0.0104424822	-0.116235628	-0.063775461	-0.1049947024	0.0902814078	-0.1827234296	-0.1123481356	0.0200704874	0.0727828993	0.1592843626	-0.005480204	-0.0157520677	-0.006430205	0.0356021916	0.0176646304	0.0988043669	0.070715221	-0.1181117141	0.0486025765	0.1058956972	0.0368694837	0.1034506206	0.0711901763	-0.0493739653	0.0393697727	-0.0111383833	0.0185241823	-0.0855546679	-0.1524868884	0.0862612914	0.0804483328	0.0238408888	0.0416749959	0.1386360073	-0.1399862228	0.1151854408	-0.1437927216	0.1346385439	-0.1166255694	0.0599842555	-4.67946e-05	0.0654600296	-0.0075321321	-0.0997939821	0.0468919282	0.009517439	-0.0207420837	0.0907916082	0.0878232036	-0.1008417948	0.147581999	-0.1724872722	0.0184840713	-0.0180575116	0.0816411706	0.0313085215	0.0330484381	0.1356481067	-0.0570992244	-0.0785907625	0.1266188352	-0.033413395	-0.0578676798518387	-0.0052171760016649	0.0033486683714348	2.7218925432348167e-05	0.0011185901767305	-0.0139343309945019	1.2512439834779711e-06	0.0001941655802643	-0.1469103325266587	-0.001693105615331	0.0215826458030934	2.866606624665676e-06	0.0011129810778079	-0.0001274662687705	1.2387268795584347e-06	1.6247649674273373e-08	-0.0001136540568873	0.000395986519037	1.2917244646941624e-08	1.5680532325904034e-07	-0.0002769364096425	-5.075164455810001e-05	2.575729425351722e-09	7.669377498567858e-08	0.0	0.0
921.1659970564128	-1.051830156043593	848546.7941329352	1.106346677162689	1077.6699916294642	-7.955668494814972	1161372.6108586497	63.29266119939152	878.8708255890878	0.0643715010261303	0.004143690144357	772413.9280716447	896.8098672149177	803.5571982103908	1.104043	19.022259	0.0521437832704063	0.0332532861256607	0.0605157945	0.1728677204	-0.0507722144	0.0031300857	-0.079775471	-0.1767452075	-0.0949927717	0.0350085485	0.0426642756	-0.013356259	0.2164488181	0.0140309968	-0.0377734119	-0.18031321	0.0577738914	0.1689339066	-0.0055698307	-0.1238424299	0.0214997874	-0.0441519029	-0.079985007	-0.027739457	0.0628458468	-0.1339953539	-0.0570203054	0.0644355634	-0.04112406	-0.0129818072	0.0278939828	0.0849588731	0.0654837717	0.0331019852	0.16352071	0.2304976404	0.0502668	-0.0950849568	0.124050192	0.0510608172	-0.175921411	0.100214513	-0.0367849983	0.0039177859	-0.0314322767	-0.1098431375	0.1275282458	0.0498123413	-0.0018438786	-0.0336868417	0.002586738	0.0516582235	0.0350478508	-0.0267342744	-0.1672810342	0.046010862	0.0702662085	0.0762510897	-0.0821066739	-0.1137700244	0.0257181451	0.0663441602	0.018370001	0.1148064015	0.0014124058	-0.0644187084	0.0860628808	-0.0086640146	0.0129484159	0.0363543738	-0.1862514834	0.0071805766	0.0980393853	-0.1870170711	0.0225759868	-0.1194263087	-0.0312176325	0.0434778955	-0.0514226965	0.0359284488	-0.2117793634	-0.161418534	-0.0952695936	-0.1063124303	0.066862101	-0.0799121057	0.0113814617	-0.1392498219	0.0589599118	-0.0476512555	0.2113955409	0.0290810099	-0.010866684	0.0594925207	-0.049792301	0.0624848986	-0.134787264	-0.0648998633	0.1134352865	0.011798364	0.0245072467	-0.0026971533	-0.1921411171	0.2203843646	0.0821486946	-0.2364628242	0.117397609	-0.1356669672	-0.0251401406	-0.0841610899	-0.1903652519	-0.0601105761	-0.0731227308	0.1282045865	-0.0462651033	-0.0523943906054995	0.0054732892463392	0.0027451721669216	2.9956895174092387e-05	0.0081874181194621	0.0070688279427316	6.703381546289631e-05	4.996832848394306e-05	-0.1473051531373244	-0.0003948206106657	0.0216988081408105	1.5588331460643834e-07	0.0016949953644201	0.0005820142866122	2.8730092854056275e-06	3.3874062982070804e-07	-0.0001135635526696	9.050421770000304e-08	1.2896680494941012e-08	8.191013421489541e-15	-7.49042910590036e-05	0.0002020321185834	4.081697693933596e-08	5.6106528190519265e-09	0.0	0.0
922.2280559622484	1.0620589058355565	850504.5872039079	1.127969119464619	1089.2524641491118	11.58247251964758	1186470.930654912	134.1536696683914	879.5476609471756	0.6768353580878284	0.4581061019578788	773604.0878776477	896.4368165634221	790.4858020896684	1.271629	21.909706	0.1401831463262592	0.0798351034705175	0.0376533835	-0.0209225188	-0.1127522379	0.0634663604	0.0675068722	-0.2063180156	-0.1348974373	0.0693517146	-0.0988354507	0.1430547915	-0.0007750647	-0.1272724859	-0.0642219433	-0.1952060786	0.0425753804	0.0938821539	0.0334292398	0.0967319392	-0.035825783	-0.1592952795	0.0641547921	0.0374886052	-0.2249660984	0.0909329219	-0.1531004186	0.2942150188	-0.0458292708	0.0442059623	0.1839702784	0.0093204375	-0.0421911839	0.1405715262	0.0679855132	-0.00465155	-0.1216097248	0.0366788049	-0.0937111555	0.00963793	-0.0280595972	0.014164946	-0.1086644359	-0.1426636323	-0.0773283871	-0.0753131251	0.1027447598	0.0892051714	-0.0600623028	0.001600912	0.0203638325	0.0498210537	-0.0434654579	-0.0410003294	-0.0699312487	-0.1467102718	-0.0006411763	0.115150459	0.0866036549	-0.0235581913	-0.2584796954	0.0500267246	0.120962753	-0.1456776248	-0.0521322114	-0.1034981551	0.1152604807	-0.1005279922	0.0326071015	0.1815441431	0.1717460815	0.0554390493	-0.0417489554	-0.0679939989	0.0023863034	-0.052467578	0.1589866047	0.0214660791	-0.0013427264	-0.004826158	-0.1713972564	0.0050024155	-0.073640469	-0.1090969003	0.1585104569	-0.0264659325	0.0131781975	-0.1719803521	0.267105404	-0.0827596234	-0.065557747	-0.0009035311	-0.0243497594	0.1756597897	-0.1197637573	-0.0199147765	0.1387638376	0.0323283151	0.2028752977	0.6105251769	-0.2203404988	0.0931283607	-0.020134801	0.0117858553	0.2347249826	-0.0408068285	0.0019268371	-0.0073599013	0.2344533357	-0.211912037	-0.0507995469	-0.063080731	-0.0674542747	0.1289999139	-0.0586099215	-0.0592841502361665	-0.006889759630667	0.0035146104692243	4.746878776836868e-05	0.0209839935292706	0.0127965754098084	0.0004403279844364	0.0001637523422189	-0.1890116215373183	-0.0417064683999938	0.0357253930761664	0.0017394295063996	0.0019748914228567	0.0002798960584366	3.900196132072961e-06	7.834180352834469e-08	-0.0013111730126098	-0.0011976094599402	1.7191746689962588e-06	1.4342684185382574e-06	-0.000173205630398	-9.83013393389964e-05	9.66315331584052e-09	3.0000190401568584e-08	0.0	0.0
923.7465696445582	1.5185136823098446	853307.7249300887	2.305883803362204	1090.7683699834915	1.515905834379737	1189775.636956443	2.2979704987065266	881.8291265672253	2.281465620049744	5.205085375468962	777622.6084623155	899.4432857442482	800.104751861024	1.607989	27.705065	0.2673238905516501	0.1407611814165291	0.0801581372	-0.1004910641	0.0944418849	-0.0317427265	0.0132568684	0.0592253047	0.0545765526	-0.1483538251	0.0247864395	-0.0696708416	-0.0274149372	-0.0279317456	-0.0609754253	0.0171898973	-0.1328015792	-0.099614517	0.0474563723	0.1235763542	0.0789680996	-0.0729428978	0.0411037438	-0.0007609968	-0.0037014046	0.1765810018	0.0732878317	0.044447715	0.017750021	0.125954933	-0.1531465604	0.2171224472	-0.0162024597	0.185202841	-0.0436594165	-0.1508717328	-0.1123131024	0.0193312479	0.0883967438	-0.0219929664	-0.14645182	-0.1421299576	-0.0822321409	-0.0063095096	0.1920544922	-0.0609329285	0.066613643	-0.0689692787	0.0369505189	-0.0793114376	-0.0892572776	0.0774940031	0.0100580187	0.080533375	0.120760616	-0.043117818	-0.1053858917	0.0898762275	0.0488860959	-0.0297761555	0.0352195653	0.1017154144	-0.1248499777	0.0146458704	0.0654159173	0.1628523229	0.1323355796	-0.187116715	0.0980588706	-0.0029346209	0.1971430034	0.1105182051	-0.2187027116	-0.0582917071	0.2122805363	-0.1449825618	0.0110590747	-0.082269815	-0.0421693199	-0.0038164918	0.0606105978	-0.0680682441	0.0804359371	-0.0495668271	-0.1154680571	-0.0507078613	-0.0569942126	0.235390073	-0.1806206069	-0.2094334763	0.0777782783	0.0458799454	0.1358972044	-0.0312926053	0.1468984549	0.232293172	0.1710345845	-0.326725736	0.0105089316	0.3014053235	0.5679509065	0.0368755887	0.0711687975	-0.1412682186	0.1494250806	0.0259103299	0.155728492	0.1174547817	-0.0583714603	0.066814792	0.0931753567	-0.0660076536	-0.0616009311	0.1289999139	-0.0703125971	-0.0414015257831152	0.0178826244530512	0.0017140863371699	0.0003197882573288	-0.0412608788016655	-0.0622448723309361	0.0017024601194857	0.0038744241314945	-0.284104561694491	-0.0950929401571727	0.0807154019756188	0.0090426672677356	0.0031801136190069	0.0012052221961502	1.0113122629793162e-05	1.452560542093111e-06	-0.0010446928477843	0.0002664801648254	1.0913831462116709e-06	7.101167824542562e-08	0.0001971610808361	0.0003703667112341	1.371715007903632e-07	3.8872491796459164e-08	1.0	0.0
925.4344592754484	1.6878896308901403	856428.9384144415	2.848971406066454	1097.87012445359	7.101754470098513	1205318.8101677413	50.43491655356421	884.458807204286	2.6296806370606878	6.915220252931903	782267.3816412283	903.3094829291916	804.8130710350539	1.302073	22.434235	0.0721444153833408	0.0458700921851947	0.1099801684	-0.0735985288	0.0769802905	0.0207582497	-0.0649448512	0.0895073886	0.0796335534	-0.111287825	-0.0431513658	-0.0150446231	-0.1689399356	0.0107259017	-0.0099239001	0.1913108523	0.0594253358	-0.3097780014	-0.0156381855	-0.0353083358	-0.0023083126	0.1456511662	0.0142081203	-0.1996210004	-0.0088894857	0.0564086499	0.0462249688	0.0302026572	0.0817106444	-0.0640849324	-0.0364969515	-0.0045269889	0.0122878661	0.1237044806	-0.0983155444	-0.0018424842	0.066242574	-0.0607478588	0.1013918688	0.0832115358	0.0216009723	-0.1322526729	-0.045888828	0.0441405695	-0.0861636373	-0.0414953513	-0.0713709213	-0.1237921383	-0.1052142679	-0.0005840887	-0.0924815132	-0.2570801454	-0.0654960956	0.0689377292	0.2894027462	0.1015234472	0.0309619709	-0.1413667419	0.0441016101	-0.0416318669	0.0119341381	-0.1604875893	-0.0302814988	0.1116005212	-0.0109975411	0.0641150308	-0.0539804568	-0.0277849193	-0.0194594327	0.1195027522	0.1157539974	0.0239278043	0.1350704208	-0.2445932633	0.155263486	0.0714396754	-0.0593000276	-0.0034117008	0.0175179334	-0.1267765335	0.0723045953	0.1551702624	-0.1010790574	0.0068212738	-0.1300847278	-0.043238554	0.0256757477	0.317611801	0.0178723773	-0.013828282	-0.0481359725	-0.0076193886	-0.0769160414	-0.0959190596	0.1659403961	0.2941492419	0.1025742302	0.0086444185	0.016361908	-0.1428854077	-0.1187150852	-0.1067072825	-0.4045652094	-0.1284651565	0.1114718397	-0.1647351282	-0.1443638157	-0.1717917602	-0.1484407453	-0.3161022193	-0.1158548931	-0.0688893378	-0.0555787436	0.1282045865	-0.0812449131	-0.0416377772052669	-0.0002362514221517	0.0017337044905954	5.5814734468701865e-08	-0.0477795918571501	-0.0065187130554845	0.0022828893980358	4.249361989974535e-05	-0.2785626126165965	0.0055419490778945	0.077597129147784	3.071319958197586e-05	0.0023682547063875	-0.0008118589126194	5.608630354326544e-06	6.591148939995548e-07	-0.0012120091807881	-0.0001673163330037	1.4689662543146412e-06	2.799475528983847e-08	0.0004149358717691	0.000217774790933	4.7425859565911866e-08	1.72171777680783e-07	0.0	0.0
924.7868484773122	-0.6476107981361565	855230.7151165992	0.4193997458625497	1094.787062290737	-3.083062162853139	1198558.711759182	9.505272300016674	884.7184780138429	0.2596708095568374	0.0674289293359033	782726.7853391306	902.83126577833	801.0036386364235	1.192349	20.543739	0.1063943360925839	0.0616267646351612	0.1095780629	-0.0678644529	0.0303420551	0.0209098656	-0.1674915951	-0.0162045272	0.0474472432	-0.0658309418	-0.1773610942	0.1002162167	-0.1665796703	0.0997998855	0.0711131085	0.076943274	-0.0706507816	-0.3166427512	-0.0775332486	-0.0147028601	-0.0913844475	0.1397421016	-0.0475739445	-0.1966419293	0.1027841568	0.0173414577	0.0700585975	0.1242450701	-0.0243667469	-0.0312252986	0.0245759887	-0.0601470088	-0.0411909202	-0.0482739305	0.0447549884	0.1153524153	-0.1128020573	-0.0081646446	0.0907995481	0.0757688964	0.2148800111	-0.1841124079	-0.0356649543	-0.0266932407	0.0813951511	-0.0767952462	-0.0691269996	0.1450519614	0.0362559273	0.1704030246	0.0403027659	0.1857618545	0.1450114155	-0.0021707823	0.3086812491	0.0072337379	0.1073824382	-0.1829078613	-0.0393813812	-0.2969470012	-0.0074037705	-0.02117474	-0.034760293	0.0185563899	0.0177819461	-0.0801134392	-0.0532369315	0.0136158626	-0.0720122445	0.0580509651	-0.0778853945	0.0708440679	0.0119121647	-0.0259819823	-0.0737155272	-0.0676342971	0.0129382438	-0.0390175643	0.2164900703	-0.086520534	0.0946683671	-0.1782169684	-0.0418426379	0.1550909822	0.0106882577	0.1976506668	0.1034172899	0.2876632176	-0.066234941	-0.0113333437	-0.01728692	0.0575481704	-0.0359157062	0.0255778286	0.0689446444	0.2171991189	0.1906403933	0.3002132594	-0.0677803995	0.0672369752	-0.2924356997	-0.0768317652	-0.0396975074	0.1885609728	0.0437792426	0.2689994993	0.0727463454	0.0160103021	-0.0059677529	0.1260330179	0.2586648894	-0.0717238087	-0.0494042187	0.1266188352	-0.0912870929	-0.0414982727143922	0.0001395044908747	0.001722106638278	1.946150297420943e-08	-0.0316894287246185	0.0160901631325315	0.0010042198928926	0.0002588933496314	-0.2780726035340137	0.0004900090825827	0.0773243728361847	2.40108901013625e-07	0.0033740096736468	0.0010057549672593	1.1383941277862187e-05	1.011543054166756e-06	-0.0015899938848416	-0.0003779847040535	2.5280805538336838e-06	1.42872436498412e-07	5.182355350002521e-06	-0.000409753516419	1.678979442178156e-07	2.685680697369976e-11	0.0	0.0
923.0792020746962	-1.7076464026159783	852075.2133028579	2.916056236367292	1091.712254406157	-3.074807884579968	1191835.6464205736	9.45444352707514	884.0213068386377	-0.6971711752051988	0.486047647536998	781493.6709446928	902.018104214866	789.3836999379232	1.175636	20.25577	0.1138767427280669	0.0665170877534585	0.0347126114	-0.1634666091	0.1020483706	-0.0773451381	0.0709095917	0.0087995465	0.0946845184	-0.1534011636	-0.0234272341	0.0595388614	-0.1206846318	-0.0829806501	0.0053663796	0.061289526	-0.2849294006	-0.2573606795	0.0572679508	0.0129039868	0.0552805228	0.0319557648	0.0914712639	-0.0044190757	-0.1598048838	0.0032234805	0.2115492301	0.0318426286	-0.123436811	0.0495778386	-0.0107255995	0.0187756823	-0.2061228643	0.0098589739	0.1263021088	0.1313777273	0.0468772574	-0.0532438624	-0.0515846118	-0.1104110192	0.0882577196	0.0963147258	0.0526276011	0.0456520289	0.0078479534	-0.02650543	-0.086908673	0.0588271674	-0.0637985879	0.0750390801	-0.0802460672	0.0125367259	0.1167445893	0.1279443748	0.2444851615	0.0754062842	-0.0265812593	-0.0254360518	0.0715484495	-0.0963558355	-0.1426185889	0.1192786081	-0.2295686456	-0.0419764403	-0.1006583639	-0.0247226193	0.0704597726	-0.0774876387	0.0057168736	-0.0759145381	0.0098661972	-0.0930177359	0.0254826556	0.1543089486	-0.1180699122	-0.0083542008	-0.0426120982	0.0036509456	0.0821777901	0.0115383704	0.0597694833	-0.0689988216	-0.0905047167	0.0037044875	-0.1069245259	0.0572665548	0.0406365766	0.2735320265	0.0667122224	0.0844030563	-0.0795191122	-0.0788598788	-0.0071349309	0.0298484422	0.0102404886	0.0347325854	-0.0365406112	0.1219228933	0.0228730808	-0.0790009005	0.025934505	0.0827870525	0.0076049395	0.0233121583	0.0598138915	-0.0562907168	0.1344326506	0.0484252155	0.0222974984	0.1648605081	0.0107794901	-0.0745091236	-0.0430942802	0.1242524367	-0.1003291122	-0.0415593226479842	-6.10499335919959e-05	0.0017271772989592	3.7270943915871095e-09	-0.0592915109640301	-0.0276020822394115	0.0035154832723977	0.0007618749439512	-0.2506612125725951	0.0274113909614185	0.0628310434883637	0.0007513843544397	0.002448044126264	-0.0009259655473828	5.992920044135671e-06	8.574121949399286e-07	-0.0013899334854832	0.0002000603993584	1.9319150940674768e-06	4.0024163391442516e-08	5.520080048169703e-05	5.0018445131694506e-05	2.501844853392334e-09	3.0471283738201227e-09	0.0	0.0
921.3877844466192	-1.6914176280770334	848955.4493274497	2.8608935925697376	1092.2311802455358	0.5189258393788805	1192968.9511005562	0.2692840267750757	882.9662418207265	-1.0550650179111472	1.1131621920198491	779629.3841950176	901.2567785042038	800.8936379027224	1.175737	20.257509	0.0524729154053346	0.0298538627416367	0.0061185523	0.0185418993	0.24705896	-0.0469509095	0.0479441349	-0.128300698	-0.1076060824	-0.1305348568	0.1204230913	-0.0939755136	-0.0692062742	-0.0588060267	-0.0593385382	0.0935066066	-0.0789381006	-0.1272185676	0.0872054121	-0.1403093086	0.1032872982	0.116875153	0.0238498167	-0.0266901691	-0.0740456012	0.0071280602	-0.0901606505	-0.1754669767	-0.1424846174	0.0158508348	0.1426912913	0.016205655	0.0133435457	-0.1514688613	0.0147374584	0.0412675855	0.0131213855	0.1037368927	-0.0611297977	-0.1815928684	-0.1196241332	-0.0718889355	0.2072387567	-0.1055895135	-0.0396642184	0.0121303208	0.059579113	-0.0482631137	-0.0581505935	-0.0212889475	-0.0696533067	0.0517485285	-0.0071153456	0.1340768735	0.0893672403	0.2217523391	-0.0365299258	0.0105674703	0.0342030433	0.0368982859	-0.0637813771	-0.04273955	0.0228641942	-0.0991192486	0.1214386454	-0.0549633519	-0.0286110776	0.0923058878	0.1053514223	-0.2112192999	0.0787032439	0.0084465955	0.094163897	0.0567944351	-0.1622510464	0.0108119757	-0.0953893906	0.1465811968	-0.0572161059	0.0697948933	-0.0865841046	0.087382692	-0.0162592391	-0.1356891533	0.065357893	-0.059376858	0.0712899152	0.1830744642	0.0751866112	0.0854672144	0.0876863585	-0.1072440651	-0.0640672113	-0.0303671888	0.0584729311	-0.0993944346	0.0196664206	0.2178934119	0.073637073	0.018848379	-0.0303396733	0.0462299436	0.0791355631	-0.1498523118	-0.1346425396	0.0055155961	0.0104801555	0.1061307403	0.0803042125	0.0008735826	0.0789703428	-0.0772433738	-0.0366662233	0.1211199807	-0.1082719048	-0.044073685039649	-0.0025143623916648	0.0019424897129741	6.322018236618353e-06	-0.0617107656867119	-0.0024192547226818	0.0038082186016402	5.852793413218222e-06	-0.2305919288558584	0.0200692837167366	0.0531726376534652	0.0004027761489028	0.0021610023857607	-0.0002870417405033	4.669931311263436e-06	8.239296079116394e-08	-0.0011800003266826	0.0002099331588005	1.3924007709710428e-06	4.4071931163997894e-08	2.7754083005693524e-06	-5.242539218112768e-05	2.7484217453450432e-09	7.702891234869259e-12	0.0	0.0
918.2544739276674	-3.1333105189518164	843191.2788881772	9.817634808174102	1088.5178610665455	-3.713319178990332	1184871.1338608873	13.788739325057437	881.1902659613966	-1.7759758593299466	3.1540902529227424	776496.2848251169	899.4241575314763	789.0717274054796	1.187633	20.462479	0.0486380747264525	0.0286164501145157	-0.0772586593	0.0545395653	0.0124585152	-0.1090618263	-0.0860452575	-0.2318135466	-0.1080458615	0.0092961501	0.1084365454	0.0834073683	0.0456312652	-0.0784176681	-0.0492259497	0.1128415402	0.0968765336	-0.0176514691	0.0881297526	-0.1425512907	-0.0782872523	0.1792220418	0.0942337688	-0.1513862965	-0.0974273986	-0.0836753138	0.0070782922	-0.0857828211	-0.1198691209	0.0131172041	0.0917282012	-0.0285950588	0.0323399951	0.0122131732	0.0053366037	-0.0757206902	0.0487986496	-0.010788015	0.1566571663	0.0199831891	-0.0495886761	-0.0875929083	0.1146747986	0.111799232	0.0979956326	0.1055615423	0.2237319087	-0.0463730085	0.0813346276	-0.0027626136	-0.1175012909	0.0528235221	-0.0943145704	0.0932939855	-0.0208786702	0.136255049	0.1046667171	-0.1030920562	0.1323495294	-0.0793330029	-0.0570840071	-0.1426597082	0.0259446499	-0.0030740946	0.1900877431	-0.0566647905	0.0558372941	0.1639602949	0.042816206	-0.0684307578	0.0800033279	-0.0175844603	0.0427334529	0.1319086854	-0.0567874043	0.0104931809	-0.1445775309	0.1773401354	-0.029805469	0.0019950893	-0.1391088053	-0.0657425647	0.0419255092	0.0535868019	-0.0869771001	-0.0678410219	0.0856996713	0.1691093268	0.0314680861	0.1355450928	0.0450307324	-0.0482364845	-0.2592307327	0.1478152442	0.0976851	-0.0185681143	0.029719497	0.0854196355	0.0539132818	0.0437672318	0.0652122132	0.0958268118	0.187714947	0.0025726655	-0.1579201602	-0.0238159533	0.0921596821	-0.0214227263	-0.0599439854	0.0145309768	-0.0340225508	-0.0799246852	-0.0301376669	0.1172407796	-0.1150284477	-0.0465297121152445	-0.0024560270755955	0.0021650141095275	6.032068996058192e-06	-0.0444101416919977	0.0173006239947142	0.0019722606851033	0.0002993115906064	-0.2382141504950681	-0.0076222216392096	0.0567459814960869	5.809826271723657e-05	0.0025490021630009	0.0003879997772402	6.497412026983266e-06	1.5054382713844492e-07	-0.0011429973680774	3.7002958605200165e-05	1.3064429834318632e-06	1.369218945538157e-09	2.9567127938316933e-06	1.8130449326234088e-07	3.287131927711421e-14	8.742150545208018e-12	0.0	0.0
919.0524758687276	0.7980019410601926	844657.4534004381	0.6368070979358351	1092.922772725423	4.404911658877609	1194480.1871418268	19.403246722515888	881.5698574646277	0.3795915032311541	0.1440897093252872	777165.413590204	900.0487444963578	769.7135938632988	1.187388	20.458256	0.0678565441499207	0.0456983033515181	-0.1185871873	-0.1171516293	0.0312911387	0.0964083881	-0.0783966485	-0.0188479063	0.0622014404	-0.0554742107	0.1234386891	0.0459939345	-0.0863574221	0.1317208537	-0.1259311624	0.1055715172	-0.0075793639	-0.1170427751	0.0558272028	-0.0175269888	-0.0319012408	0.2265366418	-0.0448589894	-0.0327885783	-0.0222695402	0.0337007055	-0.0540250013	0.0029734807	-0.0867709159	0.0430159694	0.16491461	0.1258329089	-0.0512851929	0.0643429856	-0.1886018965	-0.1023972148	-0.0843768087	-0.1442954922	0.0033036651	-0.050266257	0.1385775571	0.2068462983	-0.1060756106	-0.0969111907	0.0376157715	0.0306000753	-0.0422683172	-0.0166166467	0.0130722979	0.0155900822	0.147195923	0.0223027311	-0.0092162111	0.1150480051	0.0961769678	0.0541078092	-0.0300278608	-0.2214192301	-0.0333880774	-0.0369454207	-0.0288844228	-0.103758309	0.0237387944	-0.0181747904	0.1668649751	-0.0710326236	0.1747014514	-0.0530242964	0.148746846	-0.0034561346	-0.0129646696	-0.0473375065	-0.0570806004	0.0674556564	0.060444996	0.1846512619	0.0938418482	-0.1381568476	-0.0071802432	-0.0080574287	0.0660465303	0.0639406117	-0.0726838293	-0.055844402	0.118056933	0.0192266432	0.0605079518	0.1772732069	-0.0035717088	-0.0105614788	0.0113796159	-0.2564729306	-0.1867100296	0.0305738735	0.0191915494	-0.1442356397	-0.0462791926	-0.0715797918	0.1286761093	-0.079607568	-0.0644845247	0.1208771618	0.1921643383	0.0811290316	-0.0106306896	0.0770745827	-0.1447740879	-0.036473111	-0.0483537804	0.0188646018	-0.1176857639	-0.0825512202	-0.0235265052	0.1126387502	-0.1205247148	-0.0527978965168642	-0.0062681844016196	0.0027876178766055	3.9290135692708505e-05	-0.0424815547631851	0.0019285869288125	0.0018046824950974	3.7194475419868136e-06	-0.2307126049398249	0.0075015455552432	0.0532283060781197	5.6273185717389175e-05	0.0017440020317861	-0.0008050001312148	3.0415430868740447e-06	6.480252112558453e-07	-0.0009059995206905	0.0002369978473868	8.208351314914158e-07	5.616797966602428e-08	1.7901461106260884e-06	-1.166566683205605e-06	1.3608778263653261e-12	3.204623097389712e-12	0.0	0.0
920.5674209686669	1.5149450999392684	847444.3765489027	2.29505865583	1086.7556636991956	-6.167109026227536	1181037.8725822791	38.033233741377146	881.9306942988101	0.3608368341823507	0.1302032209027412	777801.7495463812	900.118041730234	791.711409508254	1.295544	22.321737	0.0863580377865303	0.0440610884339092	-0.0523231055	0.181622342	-0.0293908037	0.0535936424	-0.0172320242	0.0326506964	0.1338810952	0.1335581348	0.0980818494	-0.0744991107	0.0493579052	0.1116221126	-0.0531726582	0.0630148775	-0.0839246625	-0.0965605897	-0.2091648171	-0.0978654411	0.0653461306	0.1227427782	0.009297495	-0.1039131382	0.0488513063	-0.2430850721	-0.1008588694	0.1048862977	0.1037122649	0.0016376434	0.0823927324	0.0940981724	0.0542860737	-0.065094683	-0.0368060574	-0.0907138289	0.0471091119	0.096412001	-0.0723187629	-0.0393285856	-0.180227723	0.0860529371	0.0912782938	-0.1575881045	0.0265760242	0.0345056857	-0.0800373302	-0.0953145826	0.0765302823	-0.1265331558	-0.0846177782	-0.1119940759	-0.0078298335	-0.1424449121	0.0750239159	0.1982206926	-0.0011303995	-0.1330396467	-0.0340695891	-0.153315126	0.0262634409	0.0924718285	0.1307173758	-0.0447724045	0.0230147518	0.0553526229	0.1004380504	0.2399660298	-0.153005282	-0.1285902239	-0.0669370077	-0.0667806188	-0.0082683594	0.0123980685	0.0434789112	0.0015751572	-0.0324691194	-0.0828526059	-0.076907652	0.0061317681	-0.0639124817	0.253040097	0.0437685894	-0.0899049026	0.1121664038	-0.1318110107	-0.0199291377	0.0760231257	0.1812220156	0.1979103845	0.133792071	-0.0857106985	-0.2427467326	0.0292827655	-0.064893569	-0.0166841696	-0.1568108513	-0.0635100948	0.0245832083	-0.0897019701	0.0319097299	0.1626287429	0.0786643152	0.0799742654	0.1205834238	-0.0294821372	-0.0410428974	0.1264973735	-0.0426363953	0.004506041	-0.0102151382	-0.0851211787	-0.016850859	0.1073422654	-0.124700488	-0.0633224957803548	-0.0105245992634906	0.004009738471853	0.000110767189657	-0.0317843312265466	0.0106972235366385	0.0010102437115188	0.0001144305913928	-0.19354571206037	0.0371668928794549	0.0374599426569556	0.0013813779263128	0.0018449241599907	0.0001009221282045	3.403745156117389e-06	1.0185275961345713e-08	-0.0006717059653522	0.0002342935553383	4.511889038897309e-07	5.489347007306108e-08	-0.0002223806124854	-0.000224170758596	5.025252900951782e-08	4.9453136809381654e-08	0.0	0.0
920.9881291546036	0.4207081859367463	848219.1340436968	0.1769953777141879	1087.1925399053664	0.4368762061708366	1181987.6188258815	0.1908608195182234	881.5540960496472	-0.3765982491628392	0.1418262412725159	777137.6242619107	898.941140956633	782.1830905297559	1.699283	29.278025	0.2856688069073649	0.132452137642239	-0.0060635646	-0.149249993	-0.0674414568	-0.0346592986	0.0862511314	0.0465402465	-0.0596995825	0.0037243754	-0.0157895726	0.0081171654	-0.0230270445	-0.0909977765	8.55017e-05	0.0048797647	-0.193520245	-0.1081936483	0.0412047271	0.0912160761	-0.0373923823	0.0641925972	0.0591039586	0.2554875803	0.1843559279	-0.1363761039	0.1696501022	-0.0772905239	-0.2488595531	0.1647996421	-0.2484605351	-0.0110423772	-0.0900183107	0.0992900736	0.014315807	-0.0839887199	0.0839348842	-0.0365675116	-0.0306593015	0.043603936	-0.1040445514	0.309619446	-0.0607111269	0.0765846772	-0.0907485197	-0.007851512	0.0507758624	-0.0548908834	-0.0428858797	0.060251709	-0.0847330546	-0.0611282145	-0.1225616025	0.050445047	0.0967229017	-0.0356540824	-0.0136181204	-0.0267659711	0.1180918142	0.1804141487	0.2972641381	0.2425544907	-0.235134522	0.2755794256	0.0388022847	-0.1473558291	0.0598605268	-0.170730704	0.0479500196	0.0689564535	-0.034767584	-0.0459569831	-0.0672855092	0.1827441134	0.0019784219	0.065998819	0.0415743851	-0.0203061355	-0.2215737914	0.1037969235	-0.0209299927	-0.0008841847	0.0394661932	0.1082954263	0.0605213075	-0.0966575833	-0.0246995944	0.1869821126	-0.4435812718	-0.056380856	0.1480562941	0.0259621978	0.1826432607	0.0789527601	-0.5796037107	-0.2536139888	0.1166255474	-0.0238008272	0.2426335002	-0.027272262	0.0179887155	-0.1463746998	-0.0569454482	0.1246267742	-0.0968864462	0.0481356413	-0.1664668147	-0.0494489201	-0.0211389421	-0.0089166795	-0.0117873674	-0.0876327994	-0.0101290257	0.1013839798	-0.1275100165	0.0104068845739533	0.0737293803543081	0.0001083032465355	0.0054360215274302	-0.0844140702881901	-0.0526297390616435	0.0071257352626194	0.0027698894336966	-0.1731646673137845	0.0203810447465855	0.0299860020058936	0.0004153869849623	0.0034260147280906	0.0015810905680999	1.1737576917093707e-05	2.4998473845344656e-06	-0.0016409967062533	-0.0009692907409011	2.6928701899341798e-06	9.395245403966036e-07	5.8109334101573e-06	0.0002281915458955	5.2071381618204246e-08	3.3766947097282345e-11	0.0	1.0
923.0311758883848	2.043046733781239	851986.5516618944	4.174039956414188	1091.1251913161504	3.932651410784047	1190554.183124706	15.465747118741753	883.3359966787874	1.781900629140182	3.175169852130177	780282.4830285067	900.621343740919	782.3526794159484	1.49609	25.777081	0.2512936878010853	0.1196259183688251	-0.0281095476	0.0644475128	-0.0407143476	0.0818173367	-0.0585100379	0.2642056359	-0.04430525	0.105892466	0.0087756514	-0.107148045	-0.1275856558	0.0217936819	0.1818286115	0.1712758931	-0.008384942	-0.1371120287	-0.07572738	-0.0122684956	-0.060275824	-0.1038655543	-0.1037176819	0.2472418898	-0.0110644804	-0.1480874461	-0.0141589212	-0.133409108	-0.1680308767	-0.0872526306	-0.0878850949	0.0594973367	0.0936778677	-0.0758972436	0.1039617598	-0.1172233219	0.0043334397	0.0788695347	0.0025004533	0.0388756607	0.0647451812	-0.1408246082	-0.0638799877	0.0446428966	-0.2120160982	-0.0809015267	0.0540552159	0.0980017355	-0.078970663	0.0155289721	0.0563289346	-0.0986850943	-0.0323264321	-0.0791743292	0.1208564754	0.0497062631	0.0419879493	-0.0177709583	-0.0404758187	0.3420945761	0.054167652	0.0461611758	-0.1012483966	0.1362226816	-0.1333028213	-0.1808620921	-0.016388193	0.1266434488	0.1037618106	-0.0050464501	-0.0714873811	0.0560452655	-0.1200954796	-0.1440750648	0.076206486	0.0147783263	-0.035583063	0.1630289272	0.1270706442	-0.0150201326	0.0826149463	-0.0072779754	0.0406489066	-0.0715774832	0.1308258959	-0.0252668945	-0.1395596312	0.1117611065	-0.1568746955	0.0759665241	-0.0126631993	0.1710902962	0.06253911	-0.1328033577	-0.1146129079	0.1006036757	-0.0010756267	-0.1565534294	-0.1948003063	0.0132531166	-0.2285331775	-0.0967107977	0.0425014779	-0.0086078645	-0.0288570925	-0.3300758351	0.0216704142	0.097643947	0.239473598	-0.0281268265	-0.0002056343	-0.090084361	-0.0033794295	0.0948006283	-0.1289225186	-0.0642942740845171	-0.0747011586584704	0.004133753680055	0.0055802631049179	0.0043360636454536	0.0887501339336437	1.880144793742436e-05	0.0078765862732396	-0.1924538958571986	-0.0192892285434141	0.0370385020306134	0.0003720743378	0.0029420947914307	-0.0004839199366599	8.655921761763655e-06	2.3417850509692167e-07	-0.00192711408872	-0.0002861173824667	3.713768710943116e-06	8.18631565495959e-08	0.0006068369475947	0.0006010260141845	3.612322697265581e-07	3.682510809660527e-07	0.0	0.0
923.1807973981424	0.1496215097575941	852262.7846846702	0.0223865961821418	1091.269677007766	0.1444856916155004	1190869.5079566338	0.0208761150816094	882.7844043362525	-0.5515923425349456	0.3042541123431888	779308.304539312	900.6450370384729	788.4507691845922	1.419677	24.46051	0.1050035032092004	0.0756968351078549	0.0225993534	-0.1181812984	-0.0712636366	-0.0944516206	-0.0381120682	0.202748152	-0.1568345848	-0.0036776495	-0.2470885452	0.0367213073	-2.25977e-05	0.0179630582	0.0996040058	0.1727563252	0.0130392979	-0.1053062729	0.0479617754	0.0401988889	-0.1522828207	-0.0720059664	0.0371277018	0.1485871748	0.1702023916	-0.1488417568	-0.0997583908	0.049798035	0.1112471168	-0.051501932	0.0836460962	-0.0892416471	-0.0956040338	-0.0425399123	0.0390351125	0.2228893978	0.0974375323	0.0808283487	-0.173219816	-0.1602805279	-0.0545074704	-0.0175183233	0.1125038757	0.0450537162	0.0523512659	0.0513802086	-0.0692122054	-0.0221449826	0.1589923709	-0.08806852	0.1770779219	-0.0247274163	-0.0014629559	0.0014984212	0.1069164641	-0.0927002554	0.1510930461	0.015751559	-0.0122994387	0.0375556737	0.1203127402	0.1828287589	0.2262757888	-0.1673279935	-0.1469300785	-0.0057119314	-0.104159363	0.1438894111	-0.1098796472	-0.0890478653	0.0021836404	0.0374139176	0.1280466223	0.1007450043	-0.1298506557	-0.0515538814	0.0495047842	0.0403018554	-0.0532073175	0.0467385738	-0.0299590168	-0.0547275863	0.0230428039	-0.0070493524	-0.0632512453	0.0382394864	-0.2489730502	-0.0449059166	-0.0053998433	-0.0528116071	-0.2513791848	0.0792319648	-0.0242783314	-0.0243749293	0.0449614936	-0.1590283922	-0.1117633702	0.1764289873	-0.1983687992	-0.0076421696	0.0684142455	-0.1014396054	0.0135130287	-0.0278955302	0.1836237866	-0.1711360289	0.1133145655	0.1403637183	0.0086596492	0.2065703617	-0.0031843876	-0.0924741833	0.0033794295	0.0876327994	-0.1289225186	-0.0668942319366863	-0.0025999578521691	0.0044748382663991	6.75978083305626e-06	0.0069052261839885	0.0025691625385349	4.768214865204039e-05	6.600596149411094e-06	-0.1463106138405123	0.0461432820166863	0.0214067957223875	0.0021292024752714	0.001929062178257	-0.0010130326131737	3.7212808875816415e-06	1.0262350753535358e-06	-0.0019539527289638	-2.6838640243799982e-05	3.817931267025081e-06	7.2031261013612e-10	0.000572886184976	-3.39507626187e-05	1.152654282391317e-09	3.281985809363557e-07	0.0	0.0
918.05042573881	-5.130371659332468	842816.5841992103	26.32071336288178	1085.5413104102724	-5.728366597493505	1178399.9366072514	32.81418387527931	880.6250236827657	-2.159380653486778	4.662924806652985	775500.4323362716	898.5323997792257	777.8278135927851	1.42352	24.526722	0.0676161871303765	0.0325960025883147	-0.1279031173	0.0185830833	0.1330491756	-0.1367711989	0.0389687498	0.1269823901	-0.1318863715	-0.1420467262	0.1364654261	0.0033561133	0.1357133343	-0.0416041534	0.0367770417	-0.0259697867	-0.1271652956	0.0510686215	0.1247554486	-0.1825760274	0.078755132	0.049177028	0.1468195684	0.0233767671	-0.053001832	0.2042691718	0.1135656909	-0.0206507365	0.1794514785	-0.1515423162	-0.072470755	-0.1209952916	-0.0129532481	-0.062510634	0.0586023229	-0.0794885665	-0.1608669284	0.1187623664	-0.0190319139	-0.069967	-0.1597244327	0.226048174	0.0974931983	-0.0432317954	-0.0728883255	0.1023022715	0.1178580864	-0.0021825101	-0.1355139113	0.0929252056	0.0813412337	0.1078274779	-0.1742305356	0.1684939724	-0.1061185558	0.1628007149	0.0237341469	0.0686730422	0.0420676983	0.02436713	-0.1119794199	-0.0055125646	-0.0664157741	-0.1383960879	-0.0323361408	0.2251536393	-0.1814402008	-0.0834791095	-0.0644015292	0.1424501475	-0.0382002374	-0.0604169859	-0.236433818	0.0785282199	-0.0833973761	-0.0026563513	-0.1501052135	0.0276503053	-0.2689679845	0.0830642659	0.0435541162	-0.0223734018	0.0898163051	-0.1087075108	0.1573063301	0.0631447973	-0.006522635	-0.0175353766	-0.016483559	0.2480495316	-0.070778909	-0.0008468237	0.0816920546	-0.1538553162	-0.0117438768	-0.1688157543	-0.1895738497	0.0640756748	-0.0111947181	0.0619425546	0.1075491248	-0.1715544944	-0.1097820917	-0.0240522315	-0.0605207666	-0.0083921975	0.2090074901	-0.1078937363	0.1049316568	0.0751236214	-0.0696507703	-0.0948006283	0.0101290257	0.0799246852	-0.1275100165	-0.0706199704311103	-0.003725738494424	0.0049871802236908	1.3881127328832871e-05	-0.0126055608260884	-0.0195107870100769	0.0001589001637402	0.0003806708097525	-0.1276745831433317	0.0186360306971806	0.0163007991808235	0.0003473016401462	0.0019232921150336	-5.770063223399817e-06	3.699052559750419e-06	3.329362960203108e-11	-0.0021582449715291	-0.0002042922425652	4.658021357130645e-06	4.1735320372359335e-08	0.0002680758721908	-0.0003048103127852	9.290932678021146e-08	7.186467325085813e-08	0.0	0.0
919.289514421032	1.2390886822220182	845093.2113244567	1.5353407624106976	1090.3751000540597	4.833789643787213	1188917.8588179003	23.365522320384517	879.4526122765607	-1.1724114062050148	1.3745485053996205	773436.8972400666	897.0381761804671	776.4517991117375	1.292791	22.274307	0.0769169800951703	0.0319505338783615	-0.1323481234	-0.0339884139	-0.1090114216	-0.006097232	0.2275730976	0.0722488363	-0.1175303391	0.1456463861	0.1330507186	-0.0020332485	-0.0925037107	-0.1959003042	0.0458770016	0.0365222532	0.0029061951	0.0543428041	-0.0518969253	0.0365660502	-0.0046689502	0.097254547	0.0148330006	0.0475455058	-0.05396212	0.0263986167	-0.1615640755	-0.1450892847	0.1315731032	-0.0261942276	-0.0578777017	0.1290753102	-0.052587962	-0.1815001464	-0.2048449767	-0.033902093	-0.0958431848	-0.029764722	-0.0614356251	-0.0279885658	-0.0181226098	0.0299038079	-0.1491568781	-0.0117260872	0.0032244768	0.1214381779	0.0944083465	0.1471724127	0.0121428072	-0.1424134603	0.0464360663	0.098627199	-0.0410929888	-0.0687889305	-0.0442011042	0.0051990953	-0.0869321285	-0.0317267176	0.1347073941	0.1424018717	-0.0204727573	-0.0694542258	0.1212601366	0.0021874805	0.0810423292	0.2101082719	-0.0254911161	0.0360513721	0.0531658744	-0.1550804515	-0.0670599053	0.21885798	0.0747534804	0.168618725	0.0335163665	0.1054601433	0.3549285428	-0.0569782246	0.00594619	-0.0271214268	-0.149498649	-0.0239181136	0.0532558559	-0.0100193271	0.0386392677	0.1177603231	0.0446267649	-0.0737026977	-0.0078342953	0.0301649389	-0.1722890627	-0.0161406609	-0.1624972879	-0.1180190092	-0.0186173582	-0.1941801057	0.0246710462	-0.0701051313	-0.0606849573	0.046301811	0.0265714416	-0.0024089462	0.0745952159	-0.1018271796	-0.071689686	0.1072422991	0.0561505443	-0.0228784547	0.0224875696	-0.0742397202	-0.0360869774	-0.0970621018	0.016850859	0.0717238087	-0.124700488	-0.0606170390747706	0.0100029313563397	0.0036744254261922	0.0001000586357196	0.0002129771155239	0.0128185379416123	4.5359251736880654e-08	0.0001643149149605	-0.15019205480381	-0.0225174716604783	0.0225576533261906	0.0005070365299804	0.0016989531259516	-0.000224338989082	2.8864417241807134e-06	5.032798202233373e-08	-0.0019491041746919	0.0002091407968371	3.7990070838013926e-06	4.3739872901698964e-08	0.0004661568690064	0.0001980809968156	3.9236081299461746e-08	2.1730222652185e-07	0.0	0.0
922.5560365620828	3.266522141050814	851109.640597139	10.670166897975191	1088.2380708966937	-2.137029157365987	1184262.0989489572	4.56689361943238	879.549403655584	0.0967913790233296	0.0093685710532378	773607.1534708934	897.4377051750478	780.7539957834575	1.274105	21.952358	0.0609393372337773	0.0273249436508238	-0.0291734214	-0.0027416424	0.0318519006	0.151109447	-0.098694353	0.2793329714	-0.1062763805	0.030866236	0.0503725256	-0.1399123397	-0.1353691336	0.1437463134	-0.1091298602	0.0208313773	0.1003791587	0.0677409466	-0.0010792399	0.0924379887	0.1166869376	-0.020998034	-0.0962116498	0.1440587078	0.1568527266	0.2767444368	0.0749059015	0.0483440381	-0.0115492432	-0.1146936898	0.0451423328	-0.0089693925	0.2063350931	-0.00614726	-0.1440522616	0.0989607475	-0.1177559815	0.0781084998	0.0652281117	0.0817302702	-0.0325136712	0.0023681978	0.0882771979	-0.0525545906	-0.0879499524	0.0091448489	0.1056381786	-0.1724386396	0.0770378376	0.0984951404	-0.1065813718	0.0225851411	-0.039735351	-0.0238217324	-0.0378628214	-0.0528938532	-0.1603106872	-0.0100170608	-0.1402062141	0.1324331566	0.1344479279	-0.0761267461	-0.0686584652	-0.1873010696	0.076903706	0.1366912428	-0.033344527	-0.0313546231	0.1064984622	0.2335046583	-0.0111031684	0.0744487316	0.0340510277	-0.2334735874	-0.0700076593	-0.0079185512	-0.0609448567	0.0103739821	-0.0130864568	0.0517592897	0.0398653299	0.0886109351	-0.0229513725	0.1061677438	0.183539076	-0.0082519813	0.1018252622	-0.013967061	-0.0320751702	0.0314655802	-0.0727070798	-0.0196521632	0.1010472112	-0.1623971085	0.0737966539	-0.1403925725	-0.0398626179	-0.1806260194	-0.1822241193	-0.0124239785	-0.1265962802	0.05652412	-0.0127755443	0.0999689684	-0.0445577141	0.0057083881	-0.066660391	-0.1114930941	-0.0584307695	-0.0784802192	-0.0062753779	-0.0992570537	0.0235265052	0.063080731	-0.1205247148	-0.0697946821912296	-0.009177643116459	0.0048712976621747	8.422913317308729e-05	0.0094709457896158	0.0092579686740918	8.969881414984125e-05	8.57099839704669e-05	-0.1398428758109986	0.0103491789928114	0.0195560299150903	0.0001071055058252	0.0021025278856078	0.0004035747596562	4.420623509758406e-06	1.6287258663155958e-07	-0.0021699942850477	-0.0002208901103558	4.708875197139679e-06	4.879244085299755e-08	0.0004847829280027	1.8626058996299973e-05	3.4693007373364716e-10	2.3501448728287098e-07	0.0	0.0
923.9222067908352	1.3661702287523667	853632.2442012468	1.866421093929294	1085.5984364100866	-2.639634486607065	1178523.9651360249	6.967670222885343	881.2269894648257	1.677585809241691	2.8142941473690994	776561.00696124	899.4724875519715	795.5206814885853	1.172201	20.196596	0.0290865643558265	0.0150767966700097	0.0193581874	0.1148057173	-0.0938143601	-0.0377191407	-0.0225635662	0.1964791318	-0.07386758	0.0642559098	-0.0662091068	-0.0974959387	0.0879975216	0.1147688136	-0.0726586117	0.1027616069	-0.0674612536	-0.0015557652	-0.0503287035	-0.0473213768	-0.0670264797	-0.1258774417	-0.0859329054	0.0784530758	0.2876343431	-0.0226497327	0.0134449184	0.1735725893	0.1171767004	-0.0778521615	0.0178684322	0.021452569	0.2306212679	0.1520802951	0.0258635631	-0.0527571401	0.000338802	-0.1559988428	-0.0393077611	-0.0054291277	-0.115208959	-0.055455012	0.0688494967	0.0614387318	0.0227710529	0.0986657756	-0.0806164925	-0.0162974862	-0.074025633	-0.1110644778	-0.010898485	-0.186842792	0.0060347555	-0.0809410234	0.0142062275	0.0089332218	0.1204605511	0.0520429576	-0.103382059	0.0434208481	0.2461502355	0.2148405096	0.1247632996	-0.0715788748	-0.0013874144	0.0873030182	0.0192437577	0.0919216241	-0.0850740961	0.1401843959	0.020539746	-0.1195371365	-0.0051072601	-0.2247530327	0.0136241201	0.0328221502	0.0690246597	-0.0021417598	-0.0662965625	-0.1897030097	-0.0996575429	0.0851952682	0.0039435031	0.0624117667	-0.1792825298	0.1236813907	-0.0157166456	-0.0593801062	-0.0069081331	-0.005995405	-0.0190556261	0.1419953689	-0.0526703185	-0.1078725237	0.0483419036	-0.146576336	-0.1578115371	-0.096943003	-0.1309596098	-0.015627534	-0.0008506663	-0.0200901574	0.0222191167	0.111034554	0.2184526603	0.0478589499	-0.0316201271	0.024233459	-0.1362220157	-0.0524045127	0.015088223	-0.1013839798	0.0301376669	0.0540487397	-0.1150284477	-0.074376827557856	-0.0045821453666264	0.005531912477571	2.099605616089584e-05	0.0191079670416201	0.0096370212520043	0.0003651144044636	9.287217861158252e-05	-0.1399299664473545	-8.709063635589653e-05	0.0195803955099577	7.584778940875006e-09	0.0022850151726874	0.0001824872870795	5.2212943394116286e-06	3.330160994567233e-08	-0.0020619496769078	0.0001080446081398	4.251636470100182e-06	1.1673637348104511e-08	0.0004898571748	5.07424679730003e-06	2.5747980559909608e-11	2.399600517030378e-07	0.0	0.0
919.8290866589912	-4.093120131843989	846085.5486639139	16.753632413706555	1080.252859715053	-5.345576695033515	1166946.2409225502	28.575190202485437	878.5134195213494	-2.713569943476273	7.363461838137822	771785.8282790945	896.7477615858522	789.042383040925	1.281588	22.081293	0.0548459322333478	0.0256890261398058	-0.0267404507	-0.0242862183	0.067900215	-0.2007384458	-0.0725695833	0.1337891873	-0.0605908053	-0.1121040448	-0.0044969503	0.0129192572	0.1259259243	-0.0296423521	0.1852919112	-0.0232733689	-0.0474102325	0.1662155162	0.1539757741	-0.0760549961	-0.0438903199	0.0210238756	0.0861671944	-0.1164113962	0.1533706947	0.0824392653	-0.0251241738	-0.0168709208	-0.0445774749	-0.0071984904	0.0605968943	0.0617713091	0.0903297243	-0.0817183231	-0.1047807152	-0.0620637013	0.0316028329	0.1803243768	-0.1178692775	0.0924187509	-0.0629724491	-0.1348663539	-0.1190610077	0.1778049867	0.0104135613	-0.006802335	-0.1303557949	0.0568988028	-0.0772254475	0.0796491918	0.1789914777	-0.0748826491	-0.0292605101	0.155669409	-0.1917707133	-0.0037756248	0.0703292556	0.059736525	0.0312897586	-0.0133366695	0.0949778942	-0.0309850469	-0.0813628294	-0.1097807867	0.0902333577	-0.0438415853	-0.1551921777	0.1006265288	-0.0381036896	-0.0650131422	0.0769992363	0.1396355219	-0.0845126845	-0.1959119647	0.0329172788	0.0643871766	0.1333883502	-0.0186014337	-0.0301813159	0.0225269838	0.1557488861	0.0433303955	0.1099160767	-0.0199034536	-0.0811110769	-0.0764958727	-0.1789268273	0.0441571586	-0.005108091	0.1686590914	-0.0717619434	0.0697387144	0.1503626325	0.0484791102	0.1262336903	-0.1561516912	-0.1019009973	-0.1033874007	-0.1355969279	0.0499193309	0.0542722949	-0.018346708	0.0905124895	0.0262557617	-0.1122703513	-0.0410534177	0.0192107924	-0.1389907579	0.084862221	-0.2035929554	0.0519873073	-0.1034414224	0.0366662233	0.0446835199	-0.1082719048	-0.0689865111993839	0.0053903163584721	0.0047591387274627	2.9055510444411977e-05	0.0029603387304888	-0.0161476283111313	8.76360539923204e-06	0.0002607459000744	-0.1428120377697439	-0.0028820713223894	0.0203952781319467	8.306335107339425e-06	0.0025998374146133	0.0003148222419259	6.7591545824231686e-06	9.911304401124997e-08	-0.0021701102234452	-0.0001081605465373	4.7093783819013765e-06	1.1698703827269052e-08	0.0003043216384362	-0.0001855355363638	3.442343525380296e-08	9.261165962049325e-08	0.0	0.0
917.9164651220472	-1.912621536944016	842570.6369421544	3.65812114358209	1086.6883495512463	6.435489836193256	1180891.5690504117	41.4155294317467	878.4923655426447	-0.0210539787046855	0.0004432700192973	771748.8363167117	896.9140032112001	771.9377800307587	1.392177	23.986698	0.1930353295825585	0.1116914152211592	-0.1963504035	0.0166596885	-0.0580521719	0.0120683641	-0.0814448558	0.0144489447	-0.0922450771	0.0753822441	0.10057408	0.1612835291	0.0515373865	0.0045320432	-0.0211025941	0.0735048934	0.101303455	0.1360319104	0.0087473255	-0.0497174677	-0.0855658473	0.13708489	-0.0454767461	0.1984156893	-0.1640345975	-0.1882424235	-0.065169248	0.1130211659	0.1451033823	-0.0872030056	0.0279750291	-0.0107047223	-0.0909588606	0.0219674277	0.0150464071	0.1213981451	-0.1911620223	-0.0219355842	0.0788429851	-0.1944512517	0.0301272036	-0.0641402382	-0.0919667244	0.0194917098	-0.0577300327	-0.0441603277	-0.0791031719	-0.0709998461	0.0687576758	-0.0025594535	0.1051571357	0.0500560099	0.032883263	0.0235187694	-0.1393565508	0.037647635	0.060808497	-0.1423086872	0.035139934	0.0769075578	-0.1248404272	0.0030218333	0.1417177251	0.0548842475	-0.1939520788	0.0582329417	0.2103898917	0.0376208474	0.0316902779	0.0612487374	-0.1204894458	0.0790823408	0.1330206137	0.0430829614	-0.0833147282	-0.1210381728	0.0942957556	0.0540289691	-0.1307943449	-0.1122723212	0.1371461101	-0.0686614539	-0.1675685274	0.0015639577	0.0206410697	0.1222928856	-0.1179093545	-0.2557712841	-0.158127682	0.0079437083	-0.1239300316	-0.0396289619	-0.1786433018	-0.0713172179	0.0058191408	-0.0536226221	0.1176065659	0.1573544486	-0.0564075872	0.1040201214	0.1196240191	-0.1386690802	-0.0008451829	0.0544017071	-0.0323072451	0.1102948788	-0.067537436	0.2646741343	-0.1075592263	-0.0500515313	-0.0444234714	-0.1054279714	0.0430942802	0.0350428114	-0.1003291122	-0.0820931092553678	-0.0131065980559838	0.0067392785872137	0.0001717829126011	0.0644427222956096	0.0614823835651208	0.004152864456869	0.0037800834888486	-0.0553610124009651	0.0874510253687788	0.0030648416940598	0.0076476818380507	0.0023958455859142	-0.000203991828699	5.740076071544557e-06	4.161266617600293e-08	-0.0018230596534851	0.0003470505699601	3.3235465001652127e-06	1.204440981096304e-07	0.0003731856916305	6.886405319430001e-05	4.742257822347381e-09	1.3926756043773465e-07	0.0	0.0
925.2758676740872	7.359402552040024	856135.4313000349	54.16080592297321	1094.1317622593472	7.443412708100823	1197124.313184745	55.40439274311682	881.895762641309	3.4033970986643	11.583111811196574	777740.1361646961	899.6191310636987	784.5472138045077	1.417418	24.421595	0.1497467149817939	0.0996618034506396	-0.040765436	-0.0054480109	-0.0329151218	0.1979454752	0.0838119674	0.0517935745	0.039011999	0.0762488503	-0.0403634955	-0.0399005615	-0.1708955122	0.0091157441	-0.1188667068	-0.1655877451	0.0720751152	-0.1095763674	-0.1251473276	0.1178291647	0.0267941645	0.0471813678	-0.1452846404	0.0012288945	-0.2036167226	-0.0552893838	-0.133620987	-0.0886749909	-0.0052521463	-0.2227618964	-0.1163292342	-0.0945231181	0.1298000168	0.0102926283	0.0516590986	-0.131546877	0.1787690597	-0.0426140707	-0.0125515487	0.1707766967	-0.0247211041	0.0854183836	0.0535559563	0.0144639873	0.0710005069	0.0089186845	-0.0407701086	0.1116027918	0.0251939011	0.1065254553	0.090967605	0.1884040266	0.1225074985	-0.109913091	0.1207142912	-0.0277118543	-0.111763829	-0.0850829593	-0.0289979859	0.0998824633	-0.1977603715	0.0040588832	0.0260964607	0.179314067	-0.0568436837	-0.0413993376	-0.2042931131	0.1744401114	0.0620426021	0.018237789	-0.0734824417	-0.2434628837	-0.011502879	0.0177428364	0.0671258649	0.0072284101	-0.0612119271	-0.0823608001	-0.0442297335	0.0585120936	-0.0886030944	-0.1492536858	0.1829319969	0.0536743078	-0.0660709592	0.0029784547	0.0058960307	-0.1830329762	-0.0612806328	-0.1871410469	-0.1127441197	-0.0948438742	-0.0534177952	-0.2613211022	-0.0848568599	0.3124316667	0.0313201095	0.0490748504	-0.1003208126	-0.1885700714	-0.0047255691	-0.1359764452	0.1487403843	0.073464013	0.0527669193	0.0706779145	-0.1314557719	0.0591852056	0.2408430158	-0.0425154591	-0.1650075901	-0.1073422654	0.0494042187	0.0251860523	-0.0912870929	-0.0800816794317	0.0020114298236677	0.0064130753806015	4.04584993554026e-06	0.1138316948231761	0.0493889725275664	0.0129576547463166	0.0024392706073287	-0.0519216924463705	0.0034393199545946	0.0026958621464954	1.1828921750072608e-05	0.0007398162353224	-0.0016560293505918	5.473280620466088e-07	2.7424332100215e-06	-0.0016018562239521	0.000221203429533	2.56594336221408e-06	4.893095723716089e-08	0.000394092765025	2.0907073394500023e-05	4.3710571792301086e-10	1.553091074450499e-07	0.0	0.0
924.8820789510352	-0.3937887230520118	855406.8599647889	0.1550695584029341	1082.1009382702057	-12.03082398914148	1170942.4406052595	144.74072585770216	879.0011234125234	-2.8946392287856497	8.37893626482478	772642.9749604781	895.4311016557555	799.8956557770689	1.373677	23.66795	0.3278455112643713	0.1962630043962848	0.1288631829	0.0549496378	-0.058080349	0.0214819275	0.2018827373	-0.0254801699	0.1729379845	0.0962621844	-0.1219589088	-0.111644	-0.0660704172	-0.0764513294	0.0958035475	-0.0621998542	0.0642398284	0.0904960196	-0.1070896743	0.1061957357	0.0729374014	-0.2507825762	0.0781931937	-0.0979466458	-0.0374791476	0.05762398	0.1687220131	-0.0187084875	-0.1285326504	0.0656084812	-0.0408076639	0.0776808616	-0.0600986316	-0.1587317693	0.013624806	0.0549835617	0.0511588982	0.0621268312	-0.0270474845	-0.0088417645	0.0308705076	-0.122459554	0.1738069958	0.0705510183	-0.1238334627	-0.2785042149	-0.1284745116	0.0522975306	-0.0927233882	-0.0430591256	-0.0024582689	0.1467740935	-0.1281234426	-0.1864684388	-0.0406625269	-0.0901323991	-0.1023844024	0.2271134911	0.0176937746	0.0502173001	-0.0990220777	0.0414593266	-0.2417921501	-0.0681569341	0.0410063105	0.0021441484	-0.1275854048	0.0065729443	-0.1044216937	-0.2145159106	0.0796209379	0.0587038452	0.0368182709	-0.0511965184	-0.1566139209	0.0540989856	-0.1316200798	0.0573840571	0.2025304329	-0.0129543543	-0.0510648195	0.0354682793	-0.2007836804	0.0982962271	0.038259349	-0.0146218118	-0.0514272775	-0.0543623374	-0.0059561948	0.0441996232	0.1064210867	0.1482809343	0.283794754	0.1129179635	-0.1454249031	0.0133683138	-0.0600959387	0.1661440629	-0.217142572	-0.1365689497	-0.0672215444	0.4129504817	-0.0716136292	-0.3071376729	0.2354257394	0.1750332496	-0.057218747	0.0499710864	0.0141066127	-0.1155158457	0.1464192304	-0.1091829923	0.0555787436	0.0151740128	-0.0812449131	-0.0689909274344557	0.0110907519972442	0.0047597480682663	0.0001230047798643	-0.0269537129856587	-0.1407854078088348	0.0007265026437132	0.0198205310518999	-0.0837359932825023	-0.0318143008361317	0.0070117165710072	0.0010121497376918	0.0032140100230622	0.0024741937877398	1.0329860428344283e-05	6.1216348992902185e-06	-0.0015819986029632	1.985762098889992e-05	2.5027195797775167e-06	3.943251113387986e-10	5.043161310491805e-06	-0.0003890496037145	1.5135959415041588e-07	2.543347600364142e-11	0.0	0.0
923.364614820638	-1.5174641303971157	852602.2119028653	2.3026973870418748	1079.3237590244837	-2.7771792457219817	1164939.776794742	7.712724562868916	878.4182136219218	-0.5829097906015477	0.3397838239791401	771618.5580227283	896.8195544503448	810.018620446485	1.309939	22.569761	0.1986736932904649	0.1179589747553093	0.1376827102	0.0021727275	0.0454007916	-0.0880144781	-0.06686914	-0.095444646	0.1414901253	-0.1069934092	-0.1035002122	-0.0982850999	0.1490414477	0.0337067171	0.1129304213	-0.0811321347	-0.0080249601	0.1540305185	0.0718280481	0.0892712144	-0.0097278244	-0.1469322667	-0.191908542	-0.2942082967	0.0562599077	-0.0529461933	0.1421817978	0.033282662	-0.0320422573	-0.0488621277	-0.0542110563	-0.1419215438	-0.0325202777	-0.0324719933	0.0175148678	0.0530860797	0.0317419655	0.1341633454	-0.0372727628	-0.1853749372	0.1684154303	0.0708340314	-0.000159597	0.0089595924	0.0121958817	-0.0387289631	0.0843704295	0.0392763024	-0.0208500927	0.0008730016	0.033980112	-0.0656248985	0.0139766206	0.0018709078	-0.1113591266	-0.2005994522	0.0379804264	0.1244289158	-0.1390147307	-0.2439822851	0.046051856	-0.0564131291	-0.045835249	0.1954257158	0.0121257124	0.0661203898	-0.0911948884	0.1070085984	-0.0531220846	0.0305022101	0.1419204331	-0.0475831747	0.1072758756	0.1057888398	-0.1507927407	-0.0414348769	0.0514509446	0.1051699609	0.0873575784	0.1190301269	0.1556829355	-0.032060016	-0.0699866163	-0.0371650427	-0.0583075985	0.1033276172	-0.0253729622	-0.1104710762	-0.0745150113	-0.1036614715	-0.0282758168	0.1971659341	0.2480561703	-0.0028781216	0.2246235742	0.0740352374	0.0608170297	0.0604363853	0.1470771436	0.1041398729	-0.100890723	0.0429596116	0.1810024427	0.1294808455	-0.0850092944	0.0666640361	-0.2171470349	-0.0455281321	0.0523526954	0.0425089947	-0.0206630571	-0.1109488906	0.0616009311	0.0050684204	-0.0703125971	-0.068699936067901	0.0002909913665547	0.0047196812157336	8.46759754093762e-08	0.0834691086704282	0.1104228216560869	0.0069670921022357	0.0121931995424919	-0.0998262899674102	-0.0160902966849079	0.0099652881686574	0.0002588976474083	0.0028120026260888	-0.0004020073969734	7.907358769130307e-06	1.616099472213289e-07	-0.0021693737331143	-0.000587375130151	4.706182393926273e-06	3.450095435200214e-07	0.0004530523058443	0.0004480091445338	2.0071219358591465e-07	2.0525639183083718e-07	0.0	0.0
916.060106022163	-7.304508798475011	839166.1178453366	53.35584878699887	1073.8561295282273	-5.46762949625645	1153166.986925345	29.89497230833356	877.2143925117457	-1.2038211101761362	1.4491852653057051	769505.0904297511	894.6455230058007	793.8162142725048	1.463249	25.211248	0.0920427563728347	0.0423535706904377	-0.0167318793	0.0560828888	0.0425640703	-0.3011256275	-0.0990745917	-0.0919729806	0.3540659842	-0.0687711605	0.0703232002	0.0621887409	0.2657260214	0.0105916223	0.1977253485	0.0224519564	-0.0530401044	0.2616120488	0.1111991212	-0.0977061889	-0.0383929114	-0.1040376607	-0.0044699078	-0.0717588904	-0.1499294915	-0.0058632673	-0.0014620861	-0.1799737884	-0.0306799142	-0.056248575	-0.0872428696	0.0900579944	-0.0743385127	-0.0172813208	0.0109812529	0.0888575904	0.0951574433	0.0808527357	-0.0138892123	-0.0147735778	0.0041948709	-0.0558106841	-0.069799369	-0.1768995676	0.0044781281	-0.0208875034	-0.0771479086	-0.1437092895	0.0933625439	0.0854927559	-0.1384670749	0.0727607431	0.0645714725	0.0752953424	-0.2751438201	-0.0117566224	0.0770138662	0.1269400938	-0.0243465638	0.035333104	-0.1569710026	-0.0267253947	-0.1470210922	0.080560842	-0.0702173722	-0.0508470583	-0.0593983854	0.0275706649	0.0242251475	-0.2253017494	0.0118097476	-0.0731584736	0.0771528774	-0.0525690634	0.0990091211	-0.0683135576	-0.076664562	-0.113249141	0.0059525476	-0.0868860151	0.1525353658	-0.0042489	-0.0426376533	-0.0438840117	0.1846694081	0.0170474485	0.2084585882	-0.1177634415	-0.0644869828	0.2058321995	-0.0632684844	0.2705497794	0.214105379	0.1058165851	0.2098434635	0.1714956843	-0.0247933026	0.1130015355	0.3524523861	-0.0917218016	0.0047932957	0.0873394448	0.1576740829	-0.0062883344	-0.0534949687	-0.1057164485	-0.0219581712	0.029832433	-0.1291717176	-0.0081913878	-0.3026546343	-0.1126387502	0.0674542747	-0.0050684204	-0.0586099215	-0.0707833573462011	-0.0020834212783001	0.0050102836772	4.340644222873653e-06	0.0568641524383508	-0.0266049562320773	0.0032335318325319	0.0007078236961107	-0.083369665992933	0.0164566239744772	0.0069505012077732	0.0002708204726373	0.003325225915056	0.0005132232889672	1.1057127386160012e-05	2.633981443383103e-07	-0.0024700490570956	-0.0003006753239813	6.101142344458863e-06	9.040565045125995e-08	0.0005771087906554	0.0001240564848111	1.5390011423686685e-08	3.330545562517383e-07	0.0	0.0
914.352039587158	-1.7080664350050938	836039.6522971956	2.9174909463910104	1084.508627065023	10.652497536795636	1176158.962178461	113.47570377143708	878.8925486199867	1.6781561082409553	2.816207923626429	772452.1120197356	897.0328907018397	760.9342899208298	1.477808	25.46208	0.1581884179229659	0.0821266773224796	-0.2629214239	-0.0833247447	-0.0986231985	-0.133932421	0.0960240573	-0.1373143075	0.1847375865	0.1491325559	0.162252615	0.2322486877	0.11064041	-0.1191531442	-0.0507008964	0.028419329	0.0525060634	0.121959874	0.0857941337	-0.028541762	-0.1495552753	-0.0304104474	0.0880087023	-0.0316568755	-0.1740346799	-0.1563699189	-0.0806272185	0.0385009142	-0.036876017	0.0014507524	-0.2590037091	-0.0355496791	0.2076182779	0.0742259956	-0.0615649391	0.0247136373	-0.0459221588	0.0424628039	-0.0730830773	-0.0454829983	0.1105265054	-0.0484178851	0.0962036277	0.0125958074	0.0682783545	0.0117246697	-0.1005500774	0.0471386031	-0.0160988104	-0.022240221	-0.1224890018	0.0476540138	0.1708216269	0.0527046567	-0.1474010372	-0.0714632557	0.0831826721	-0.0064492526	0.165805062	0.1252102978	-0.1104251903	0.0533069052	0.105006281	0.2294353705	0.0161629448	0.0693630065	0.0432591011	0.125092572	-0.0309866934	0.0138104624	0.0561977506	-0.1092231298	-0.1410851144	-0.1221738377	-0.1381926636	-0.0819810017	-0.0336487312	-0.17207662	0.1683437129	0.0417393604	0.0648566223	-0.0826272421	-0.0621758936	0.0307781792	-0.0317798465	0.0800760804	0.1075176519	-0.1648149918	-0.1496058566	0.1469527058	-0.2001961413	-0.0503101302	-0.0105832568	0.0810762639	-0.0234492847	0.2392725609	-0.0581011192	-0.0912418193	0.2315794965	-0.0433378674	-0.0389429608	-0.0618550296	0.0900172332	-0.1668843178	-0.0783961944	0.0036144204	0.0468431106	-0.0056618821	-0.1012019524	0.09310464	0.1382176594	-0.1142514127	0.0731227308	-0.0151740128	-0.0462651033	-0.0817225080871963	-0.0109391507409952	0.0066785683280618	0.0001196650189342	0.0997077164496573	0.0428435640113065	0.0099416287196052	0.0018355709771909	-0.0448052951494588	0.0385643708434741	0.0020075144734301	0.001487210698553	0.0023952271096218	-0.0009299988054341	5.737112906667203e-06	8.648977781090386e-07	-0.002169212287338	0.0003008367697576	4.705481947538158e-06	9.050276203818735e-08	0.0006630998620074	8.599107135200004e-05	7.394464352264761e-09	4.39701426994233e-07	0.0	0.0
917.9051428934542	3.5531033062962933	842549.8513502526	12.624543105213652	1083.7041418892998	-0.8044851757231299	1174414.6671480236	0.6471963979582752	878.217083655854	-0.6754649641326296	0.4562529177706945	771265.2460249934	895.362692269474	765.890135878146	1.251491	21.562727	0.0780893466942985	0.0468623964005564	-0.1557187626	-0.0962808568	-0.0361420436	0.1080550884	0.161808605	-0.1227088316	0.1145949726	0.0928405062	0.1028946915	0.0406159444	-0.1358385711	-0.0452084763	0.0439213077	-0.1527442051	-0.0453088886	0.1031188149	-0.0051703787	0.0992633419	0.1391928868	0.0588755181	0.0939311862	0.0306568286	-0.0444187407	-0.0273694413	0.0497117745	0.0664312736	-0.0321403129	0.0098134825	-0.0217044779	-0.0912074446	0.1245129789	-0.0335807825	-0.0770039637	0.0183140211	0.1045693089	0.0305940712	0.2005512857	-0.0606853074	0.2171261555	0.014787825	-0.0632998063	-0.0883415366	0.0633096091	-0.1294196047	0.0743123102	-0.0823793797	-0.0434451506	0.0465188381	0.1602842958	-0.0852111842	-0.1647847371	-0.0200695315	-0.0847687929	-0.0420721497	-0.204626095	-0.0337242244	0.0670774122	0.0509212705	-0.0104225981	-0.0286064452	0.0338384192	-0.0545228703	0.0691123226	-0.0034094108	0.0862077035	0.0467642075	-0.1808491042	0.1018218901	0.0100162159	-0.0966270031	0.1261084975	0.0658996429	0.1148967913	-0.0383534819	-0.0268278692	0.0233491349	0.1392046459	0.1656959156	0.1489719699	-0.0666267642	0.0740405972	-0.0317831602	0.0570672807	0.0140606755	-0.0646495787	-0.1184816741	-0.0442336659	0.1214349935	-0.1413048083	-0.1268841897	0.0504273058	0.0376702894	0.0169220281	0.0780475327	0.1688877411	-0.129004736	0.0723039397	-0.0489544654	-0.1281043025	0.1595766717	-0.0211633953	-0.1250024012	-0.0987186004	0.0211790945	0.1244785021	-0.0432231893	-0.0174838028	0.1281241271	-0.0102498379	-0.1157857731	0.0785907625	-0.0251860523	-0.033413395	-0.0808939541822866	0.0008285539049096	0.0065438318232458	6.865015733411097e-07	0.0581976110720319	-0.0415101053776254	0.0033869619344914	0.0017230888484615	-0.0447337017832154	7.159336624339846e-05	0.0020011040752296	5.125610090061386e-09	0.0022738973411007	-0.000121329768521	5.170609117864834e-06	1.4720912729383694e-08	-0.0018030085721945	0.0003662037151435	3.2508399114068493e-06	1.3410516098490174e-07	0.0004370514647616	-0.0002260483972458	5.1097877897395014e-08	1.910139828502601e-07	0.0	0.0
920.4191445617062	2.5140016682519217	847171.4016757029	6.320204387973446	1083.9878436133974	0.283701724097682	1175029.6451016234	0.0804866682559972	878.1833700013051	-0.0337136545489329	0.0011366105030447	771206.0313468492	895.6608666241254	776.6573355851773	1.118314	19.268137	0.0709762551815474	0.0389095812387399	-0.1263281054	-0.0090196252	0.0674905225	0.1690036284	0.0231802228	-0.0485372093	-0.0354308984	0.0280189169	0.0722101181	-0.126600596	-0.0696321217	0.1250444892	0.006045558	-0.0441569994	0.1023278061	0.0584014416	-0.1308587998	0.0758309256	0.1654379979	0.0576139929	-0.08279793	-0.0308611739	0.0778404354	0.083436072	0.0314043338	-0.1310092957	0.1122297355	0.059543966	-0.0401242265	-0.085805887	0.0477218427	0.0656156154	-0.1027601499	0.0539000735	0.0715999556	-0.1376851104	-0.0378792499	-0.1244375191	0.0407290329	0.0396664475	0.0489671057	0.0430893259	0.0656747861	-0.1308615471	-0.1802106595	-0.0735603675	-0.057091342	-0.0259259532	-0.1032331335	0.1395978123	-0.0290609268	-0.1089583066	-0.0335557688	0.0364817949	-0.184565465	-0.0234506853	-0.1364986192	0.0597895634	0.1393295331	-0.109897044	0.0233446116	0.0523870349	0.0390583706	0.0687605569	-0.087519576	-0.0774486439	-0.065966408	-0.0663662636	0.0099284064	-0.1478070825	0.0594435636	0.0600273136	-0.045671913	0.0138647059	0.0707922828	-0.0748346994	0.0154750005	-0.0697018675	0.1102849712	-0.015273563	-0.0746430743	0.1550621514	0.0109444933	0.0163247842	0.0685022248	-0.1376973055	-0.0903456843	-0.0188730805	0.0050496494	-0.1363849832	0.0247933132	-0.132866822	0.0152418379	-0.0326539687	0.0989335727	-0.0016722559	-0.0128265307	0.034033936	-0.0402262203	0.2023669626	-0.1350963052	-0.0474373392	-0.092606407	-0.0812854139	0.0204737642	0.1371750782	-0.1398562956	0.0799728906	0.0255463809	-0.1172407796	0.0838433825	-0.0350428114	-0.0201956026	-0.0913181573370423	-0.0104242031547556	0.0083390058594328	0.0001086640114116	0.0561157734170478	-0.002081837654984	0.0031489800261934	4.334048021709687e-06	-0.0234712559566077	0.0212624458266077	0.0005508998561805	0.0004520916025294	0.0019650098767958	-0.0003088874643049	3.861263815905044e-06	9.541146560471113e-08	-0.001804997609845	-1.989037650500106e-06	3.258016371546163e-06	3.956270775106982e-12	3.772595813000476e-06	-0.0004332788689485	1.877305782773777e-07	1.4232479168268724e-11	0.0	0.0
923.1130272109464	2.6938826492402086	852137.6610065574	7.257003727877445	1081.388625953311	-2.599217660086424	1169401.36034119	6.755932444505145	878.5002907467328	0.3169207454277511	0.1004387588824814	771762.7608420942	895.6062566405202	786.9121551239562	1.142258	19.680683	0.0585133089563342	0.0464178942912749	-0.0448631563	0.1833739379	-0.068828167	0.103116121	-0.0561911743	0.014877177	0.0136492552	0.143848309	-0.0366785019	-0.1539643301	0.0426112642	0.0739223631	-0.0721885462	-0.0061223807	-0.0550253465	0.0861638257	-0.2489968307	-0.0370511603	0.0245373986	-0.0002778437	-0.0888334463	0.0460219138	0.0068427468	0.082330316	0.1007445723	-0.0090092217	0.0340866921	-0.0303694589	0.0814879826	-0.0175959166	-0.1424638458	0.1183257273	-0.0351187132	0.0564045565	0.0617315824	-0.1274940734	-0.0567119538	-0.0674311744	0.0683423609	-0.0098970075	0.1207068182	-0.1349085109	0.1081887999	0.10237943	0.1305356514	0.0979799859	-0.1202157346	0.0733970727	0.0617603996	-0.1092291242	0.0678565805	-0.2297593869	-0.0586322966	0.0614229358	0.0019260641	-0.0217927458	-0.0633076928	-0.043519669	0.0526158764	0.0136772926	-0.0271503117	-0.0871781947	-0.1187118192	0.0183352955	0.0025868116	-0.1341587062	0.1337491135	0.0159518296	0.0682910969	-0.1685045275	0.0673301399	0.0223292366	-0.0826677332	0.0866736224	-0.0800625029	-0.0037651449	-0.0111653864	-0.0327076559	-0.032747809	-0.0565414872	-0.0489322947	-0.1213916388	-0.0729889923	-0.0082361122	0.1510755012	-0.0633138342	-0.0050217503	-0.012813389	0.0861043142	0.1027294569	-0.1052753657	-0.1407532476	0.026468707	0.0205981986	-0.0487502369	-0.1472666724	0.007925028	-0.0088129871	-0.0873126878	0.1422236845	-0.0444446932	0.0574722113	0.0651743803	0.0678944021	-0.0274344092	0.0077067224	-0.1108764282	0.0593598045	-0.0093328218	-0.1186154352	0.0888661936	-0.0446835199	-0.0067565429	-0.0954091108883972	-0.0040909535513549	0.0091028984405144	1.6735900959343272e-05	0.0557953852181185	-0.0003203881989293	0.0031131250116382	1.0264859801316165e-07	-0.0688966197824925	-0.0454253638258847	0.0047467442174533	0.002063463678714	0.0020400099827616	7.500010596580035e-05	4.161640729766984e-06	5.6250158948812815e-09	-0.0017069978286432	9.799978120179997e-05	2.9138415869926e-06	9.603957115600663e-09	3.240415377296418e-06	-5.321804357040581e-07	2.8321601614616105e-13	1.0500291817419087e-11	0.0	0.0
926.2575980539808	3.144570843034444	857953.1379527298	9.888325786862351	1079.029898797898	-2.3587271554129075	1164305.5224998023	5.563593793682266	880.5792453467022	2.078954599969393	4.322052228733898	775419.8073353677	897.6785185981718	797.408805554784	1.149515	19.805714	0.0674984823075782	0.0412027317115078	0.1010964106	0.0313459943	-0.184567016	0.1180215499	0.043568771	0.0382618686	-0.0032969261	0.193015638	-0.1874334269	-0.0581175784	0.0485109427	-0.007259255	-0.1231332442	0.0318912951	-0.0863649501	-0.060161067	-0.2126674522	0.0629505986	-0.1764989855	-0.1262615421	0.059462537	0.0839571248	0.063169188	0.1313957443	-0.1153529839	-0.0262635232	0.016798997	0.0717163903	-0.1100609728	-0.0293812329	-0.0239763864	0.0154350285	-0.1352711271	0.0869059049	0.0922680844	-0.012334847	-0.020647632	0.0708217037	0.1176995679	0.1723486197	0.0598595644	0.0297764861	-0.0684921918	0.0098391908	-0.0307149579	-0.0179066755	0.1669524422	-0.0940332922	0.1002868186	0.0170818465	0.0134443191	-0.2315849469	0.0988581258	-0.1056847257	0.1208680329	-0.0011430068	0.0556161646	0.0462784038	0.040804168	0.0448671928	0.0716767396	0.0314549215	0.0141248934	0.0803762412	-0.0533390988	-0.1844395335	0.0621095125	0.0033047156	-0.0281349523	-0.0129505661	0.0316170132	-0.0272409174	0.0178022481	0.0927102769	-0.0741613617	-0.163051392	0.0330197085	0.168549397	0.0389839991	-0.0586303152	-0.1694895774	0.0181352989	0.0199538248	-0.0684154809	-0.111131295	-0.0264374996	0.0507344823	-0.1729443897	-0.0975949294	0.1212427811	-0.1049591228	-0.0772816247	-0.0934751128	0.0370898376	-0.1223606057	-0.1209590286	-0.0145916556	0.0052637966	-0.0205792581	-0.0091888355	-0.0014397124	-0.0814571035	-0.0443029127	-0.0679511834	0.0725857065	-0.028513501	-0.1103848804	0.0081119675	0.0838000612	-0.1199087977	0.0936454286	-0.0540487397	0.0067565429	-0.0883966802031182	0.007012430685279	0.0078139730709323	4.9174184115842507e-05	0.0898528910805254	0.0340575058624069	0.0080735420355287	0.0011599137055678	-0.0697533856895091	-0.0008567659070166	0.0048655348151494	7.340478194259945e-07	0.0016160047198583	-0.0004240052629033	2.6114712546043025e-06	1.7978046296969665e-07	-0.0016199991557539	8.699867288930008e-05	2.6243972646433487e-06	7.568769084499437e-09	2.8087541123822174e-06	-4.316612649142008e-07	1.8633144762732774e-13	7.889099663824017e-12	0.0	0.0
928.3560070850348	2.0984090310539614	861844.8758908692	4.403320461608825	1079.2114566621326	0.1815578642344917	1164697.3681908022	0.0329632580653901	882.2837380967381	1.7044927500359108	2.905295534924982	778424.5945099536	898.3828015197842	814.747982121656	1.175956	20.261292	0.1180590983464034	0.0639623326984284	0.2385774601	0.051689574	-0.0373628921	-0.0405929739	0.0129784877	0.1325121493	0.0301030214	0.0394412792	-0.2386802452	-0.0686288511	0.0584040935	-0.1166500701	-0.0989039019	-0.0315403399	-0.1828017133	-0.1086796483	0.0103123978	-0.0519356041	-0.0506435824	-0.2160839003	0.0836092228	-0.0907548052	0.0024667654	0.0832434852	0.0286953458	0.0608374031	0.0447977715	-0.0720753418	-0.0673634198	-0.0390794372	0.0073071661	-0.0700294769	-0.0690435279	-0.1926400935	-0.0150659451	-0.0208053225	-0.0488581484	0.0038380573	0.0299559131	0.0780146946	-0.0985623931	-0.0234290096	-0.0438602952	-0.0809739904	0.0566233136	-0.1332037172	0.1295064192	-0.0442612727	-0.0208175366	-0.0580996871	0.2425709307	-0.0580741815	0.1141420971	-0.0587459578	0.135885887	0.2021103606	0.0352769304	-0.104486843	-0.0585170316	-0.0168630209	-0.0160864215	-0.0166433421	0.0782002821	0.105753277	-0.0363493305	0.0435481167	-0.0347680831	0.1836600944	-0.0371880474	-0.00216419	-0.0990334053	0.1707224297	0.1142572028	0.0177139433	0.0289372424	-0.0589097488	0.0512375725	-0.0452371508	0.1430787121	0.114693608	0.1565451292	-0.0092316272	0.1189890744	-0.1216419008	-0.0915701755	0.0719895045	0.1901012257	-0.0404822867	-0.0426443533	0.1502161947	0.0894833571	0.0010592656	-0.0685233767	0.0136178416	-0.080390053	-0.0431710822	-0.0704094999	0.0634473516	-0.0243565783	-0.0250651995	-0.0415080974	-0.0069116151	-0.0111637623	-0.0182790762	-0.1523725987	-0.0265552751	-0.0707621478	0.2065966431	0.0495891913	-0.1211199807	0.098167988	-0.063080731	0.0201956026	-0.0851768800416721	0.003219800161446	0.0072551008936334	1.0367113079648251e-05	0.045147264071744	-0.0447056270087814	0.0020382754531637	0.0019985930862482	-0.097777476265918	-0.0280240905764088	0.0095604348649321	0.0007853496526347	0.0022010039527568	0.0005849992328985	4.844418400051059e-06	3.422241024918336e-07	-0.001362997871064	0.0002570012846899	1.857763196524996e-06	6.60496603322591e-08	2.9998485193221368e-06	1.9109440693991945e-07	3.6517072363719525e-14	8.999091138879216e-12	0.0	0.0
926.0002395060736	-2.3557675789611494	857476.4435653057	5.549640886084475	1087.0043880644298	7.792931402297199	1181578.5396713256	60.72977984090979	881.8587113200244	-0.4250267767137075	0.1806477609236437	777674.7867310141	899.6362905434103	806.8074700543981	1.151542	19.840641	0.0533903788672137	0.0319523651241179	0.1847485745	-0.0934713307	0.0367430521	-0.1415348038	0.0447724191	0.06972448	-0.1198835385	-0.2403355071	-0.1355757985	-0.0372350075	0.0501655423	-0.1263809198	-0.0594201814	0.0039377548	0.042015561	-0.1034083708	0.1400306075	-0.0304757675	0.0466732822	-0.0720577727	0.1590816324	-0.0402196004	0.0009797837	-0.0102617635	0.079822484	-0.0027530084	0.1791707778	-0.0190615397	-0.1533088768	-0.0273482693	0.0034774063	0.1377380441	0.0811510332	0.0657942152	-0.0675940053	-0.0213029223	-0.2438284913	-0.0021319675	0.0793143724	0.0011107177	-0.0806451075	-0.062168942	0.0207949605	0.0656357798	0.0694748741	0.0777230793	-0.0659436674	0.1023395097	-0.0214181641	-0.1499215424	0.066501192	0.1516226281	0.1022200912	-0.0331773851	0.0413599033	0.1379762035	0.1184328107	-0.0564587739	0.0643979446	-0.04468729	0.0318082065	0.0571583606	-0.1350008105	0.1673507405	-0.0505297661	-0.1248390528	-0.0305317333	0.0431811608	-0.0146060862	-0.1104993973	-0.0010922412	-0.0279286456	-0.0465712773	-0.095668307	0.1270994847	0.0798330314	0.051472328	-0.0811784143	-0.0662361576	0.0379002699	-0.008157808	-0.0550470091	0.0069889709	-0.0678211568	0.0864683386	0.0448554536	0.1295231516	-0.0736663333	-0.1220683943	0.0587024512	0.0511211655	-0.0070460049	0.0040810396	-0.0887939507	0.0029531231	0.0113151519	0.0413123954	-0.0241759523	0.1068834076	-0.1253040562	-0.1600061031	-0.0027518197	0.0224528733	0.1063611589	-0.1137526927	-0.0008243413	-0.0096484217	0.0313166689	0.0311910874	-0.1222481541	0.1024214758	-0.0717238087	0.033413395	-0.0851792704383029	-2.3903966307886604e-06	0.0072555081124015	5.713996052485779e-12	0.0634921462905424	0.0183448822187983	0.0040312526405796	0.0003365347036215	-0.0759440046522854	0.0218334716136325	0.0057674918426263	0.0004767004827033	0.001991005076907	-0.0002099988758498	3.964101216269449e-06	4.4099527858179764e-08	-0.0013090006283149	5.399724274909997e-05	1.7134826449288029e-06	2.9157022245052302e-09	2.803274355183327e-06	-1.965741641388099e-07	3.8641402006871774e-14	7.858347110428497e-12	0.0	0.0
924.975621066849	-1.0246184392245823	855579.8995680031	1.049842945999019	1096.0515875680103	9.047199503580488	1201329.0826103557	81.851818857587	880.6907531175746	-1.1679582024498814	1.364126362669958	775616.2026268006	898.720480093458	806.4302387625871	0.990997	17.074512	0.0331111782678399	0.0224366978111684	0.1011461341	-0.0182642871	0.1044636088	-0.0338121262	0.0109226869	-0.0366813711	-0.1913323707	-0.1920074788	0.0163094841	-0.0368621099	-0.0106499222	-0.0663212781	-0.0815020334	0.0503344153	0.0821316341	-0.0684884531	0.0762168437	0.0173576097	0.1294767289	0.0248741329	0.1216331386	0.0873395143	0.060989926	-0.0480967422	-0.1532240974	-0.0910408199	0.17425993	0.0280803882	-0.0055796374	0.0803945785	0.0072824641	0.0314350801	0.0312989013	0.1001108671	-0.0793230215	-0.0244739767	0.0571160391	0.1108956195	0.025011694	-0.0156209781	0.0435228474	-0.0197266016	-0.1215879423	0.1918823971	-0.0714961552	0.0094970154	-0.146177013	-0.02116794	-0.0099462676	0.0457995813	-0.0110658597	0.1271974881	0.0641862223	0.0506504036	-0.1078183713	0.0630042197	0.0738432191	-0.0203719304	0.0715052132	-0.0289434748	0.145523784	-0.056385701	-0.1233867815	0.0363500807	-0.0202783358	-0.103306147	0.0417751588	-0.1264834641	-0.1424647003	-0.0155761952	0.0217030686	-0.0873948595	0.0037483134	-0.0387194629	-0.0377441333	-0.0116387008	-0.090856077	0.0157868141	-0.0285520179	0.075744984	-0.0193524902	0.1239770241	0.0587656372	-0.009227152	0.0438971792	0.0565540422	0.1787366855	0.0328695035	-0.086222771	-0.0041165083	0.0278188217	-0.0281548955	0.0341380167	-0.0811356602	0.0128411439	-0.0842572882	0.0558693141	0.0314174945	0.0261912422	-0.0867638082	-0.1676540017	0.0418802063	-0.0180576168	0.0056369458	-0.0752998651	0.0210578092	-0.0445935857	-0.0525102164	0.0606731836	-0.1232925447	0.1063942335	-0.0799246852	0.0462651033	-0.087201266675521	-0.0020219962372181	0.0076040609098153	4.088468783324173e-06	0.0603428747973282	-0.0031492714932141	0.003641262538806	9.917910937971558e-06	-0.0757184045873486	0.0002256000649367	0.0057332767932534	5.0895389299487664e-08	0.0018510074857665	-0.0001399975911405	3.42622871236362e-06	1.9599325525142616e-08	-0.0017229982516659	-0.000413997623351	2.968722975243748e-06	1.7139403214027653e-07	3.094269313100935e-06	2.909949579176083e-07	8.467806553347058e-14	9.574502581998132e-12	0.0	0.0
924.3400011202536	-0.6356199465953978	854404.4376709905	0.4040127165099363	1096.9397623697917	0.8881748017813607	1203276.842267895	0.7888544785193593	880.0793141729821	-0.6114389445924644	0.3738575829643467	774539.5992351865	898.3997961652808	800.6727737015593	0.942956	16.24678	0.0363085828731309	0.023571741260815	0.0564822174	-0.0865891562	0.0213086396	-0.09560667	0.0311415262	-0.0441352398	-0.1200124144	-0.1231323038	-0.0124206193	0.0548295763	-0.0941205464	-0.0767081416	-0.1602972302	0.0810036021	0.0930984205	-0.094531208	0.0177132218	0.1498403552	0.0416248199	0.0486320628	0.0637916712	0.0151239974	-0.0265590412	0.0410140952	-0.0751888991	-0.0063627107	0.2041277737	0.0470201768	0.0363433551	0.1580077946	0.0181673927	0.0321453149	0.1000335665	-0.044404226	0.0117347804	0.0816756937	0.0390447389	0.0379721437	0.0995087429	-0.1047441621	-0.0557951486	0.0010466203	0.0572358436	0.0746268224	-0.0525433534	-0.071770987	0.0804969429	-0.0502119673	-0.0507118504	0.1086231068	-0.0203200727	0.0596530609	0.0919883241	-0.0534767569	-0.1182612611	-0.0374736766	0.1080744788	-0.0613003006	0.0288993337	-0.0466069745	0.127383315	-0.0741745727	-0.1515346912	0.0889050486	0.0151787953	-0.0496722711	0.0028734648	-0.1003171578	0.054215599	0.0299754242	-0.0612995474	-0.02437303	0.1866125807	-0.0835682801	0.0917419788	0.0759322669	0.0685222618	0.0694357308	-0.0813178741	0.0291063266	-0.0323062357	0.032560181	-0.1075382616	0.0260108096	0.1491802028	0.0362319158	0.1091627294	-0.0493270854	-0.0795131809	0.0047205645	-0.0318166714	0.0556215843	0.0483295156	-0.1554573861	0.0963133621	-0.0644627268	0.1152786464	0.0625549105	0.0040860039	-0.1083885159	-0.0838934735	-0.0153383986	0.0687054595	0.0881458628	-0.0922057608	-0.062392855	-0.0134717516	0.0147476224	0.0815532902	-0.1242524367	0.1100753719	-0.0876327994	0.0586099215	-0.0851715062383817	0.0020297604371393	0.0072541854749146	4.119927432175932e-06	0.0620877534338291	0.0017448786365008	0.0038548891264599	3.044601456117236e-06	-0.0758012928195341	-8.288823218549624e-05	0.0057458359931127	6.870459034836734e-09	0.0022010042091306	0.000349996723364	4.844419528610618e-06	1.224977063656063e-07	-0.001424000613196	0.0002989976384699	2.027777746382584e-06	8.939958781057706e-08	3.067519800995259e-06	-2.6749512105675964e-08	7.15536397891705e-16	9.409677729497994e-12	0.0	0.0
922.0636726298018	-2.276328490451874	850201.4163835583	5.181671396442908	1094.2519507271902	-2.687811642601446	1197387.331670261	7.224331426103882	878.7107788929742	-1.3685352800079045	1.8728888126263132	772132.6329426974	897.1499121233459	793.8735404785522	0.933647	16.086401	0.036459323192764	0.0266593089049198	0.0049897006	-0.0636264821	0.0235998428	-0.1336520699	-0.0455328329	0.0219740247	0.0370070291	-0.0898560179	0.0164765163	0.0654749733	-0.1142273249	-0.0193552568	-0.0219345123	0.1462823835	0.0764397444	0.0261734419	0.0996771772	0.0964129481	0.0453858473	0.0581117877	0.0753175895	-0.0005095434	0.0852824226	0.0698611907	0.0693351398	-0.0454256766	0.01278032	0.0279799448	0.2242294772	-0.0060462811	-0.088743655	0.0964419958	0.0368740821	-0.0578710074	0.0220103421	0.1228493858	0.0112976346	0.0067561523	-0.080379686	0.0129487291	-0.0379926163	-0.0937056138	0.0424719281	-0.0786435274	-0.0605713251	0.0648900849	0.0807872033	-0.0200371648	0.029166185	-0.0565384222	0.1323055554	0.1207847951	-0.0288900093	-0.0535386779	-0.0787904216	-0.0580935431	0.038371964	-0.0498442951	0.0943257265	-0.0538398818	-0.0834353795	-0.2115620653	-0.0435101522	-0.0755901252	-0.0147542925	0.0159624671	-0.0106994018	-0.0422439642	0.085308501	0.0121201353	0.0041839896	0.0216708507	0.1150647209	0.0197156452	-0.0256433535	0.0138745051	-0.0533412217	-0.0138661669	-0.0545496621	0.0739029163	-0.1156915694	-0.0734852268	0.0268820106	0.0522631725	0.0043736969	0.0335308208	0.0323471362	0.0310728857	-0.0136952944	-0.009192205	-0.0105657243	0.1162926927	0.1165622536	-0.1048203603	0.0619141999	-0.0958259515	0.0437450661	-0.0422202506	0.0379827444	-0.0317271079	-0.1252629789	-0.0658281186	0.0438805743	0.0667728303	-0.0244941829	-0.0770259149	0.0914262969	0.0595088586	0.0422203511	-0.1251271724	0.1134548014	-0.0948006283	0.0703125971	-0.0851873175652286	-1.581132684690123e-05	0.0072568790739591	2.4999805665953957e-10	0.0556672037769345	-0.0064205496568945	0.0030988375763427	4.122345789664935e-05	-0.0502863437418312	0.0255149490777029	0.0025287163669216	0.0006510126264377	0.0022009403236562	-6.388547439976563e-08	4.844138308295859e-06	4.08135383928311e-15	-0.0014240964060638	-9.579286779992993e-08	2.0280505737638317e-06	9.176273521334853e-15	-8.69330644831987e-05	-9.000058428419396e-05	8.100105171496301e-09	7.557357700439983e-09	0.0	0.0
919.6707209378924	-2.3929516919093885	845794.2349504228	5.726217799812005	1093.0990735735213	-1.1528771536688964	1194865.5846472906	1.3291257314516962	878.4940044912875	-0.2167744016867345	0.0469911412266417	771751.7159271382	897.2521546763583	779.3029172337698	0.992432	17.099234	0.0532167793725845	0.0298484936348484	-0.1119273372	-0.1443594799	0.0036502036	-0.0350399755	-0.0499716262	-0.0556026215	0.0363318964	-0.072780306	0.0494476327	0.1686678792	-0.1127276614	0.0248901658	-0.0246236519	0.0947757628	0.1491341006	0.0617682205	0.1576086712	0.0819451923	-0.0663795578	0.1984018441	0.0659885308	0.0477634366	0.0787140517	0.0774039115	0.1844173955	-0.0324346572	0.0321624914	0.0492655684	0.0287120434	-0.1488706002	0.0618013452	0.0109482809	0.0940791516	-0.0348882143	-0.0202214468	-0.0853668103	0.0158595036	0.0430168879	0.0375444438	0.0720325416	-0.0768462842	-0.0964144871	-0.0236667593	-0.047162904	-0.1766299841	0.0572503846	0.0483304736	0.0506180916	-0.029218517	-0.0475024087	-0.0581178148	0.1787202175	-0.0706543267	-0.0845770982	-0.0192455062	-0.1831509848	0.035676645	0.0501327225	0.1280397581	-0.1062741891	-0.0638436849	-0.081558133	0.0426977124	-0.0606995461	-0.0173449265	-0.111561673	-0.1535707081	0.0676868763	-0.0395190624	-0.0971532871	0.0229604654	0.0317750417	0.0310504789	-0.0471563141	0.0352103205	0.0146538156	-0.0644367316	-0.0137353053	0.0346307814	0.0637072708	-0.0198364933	-0.0584037847	-0.0760595662	0.1019965376	-0.0003520391	-0.017136873	-0.1024708307	-0.0336071377	-0.0109647958	-0.0871927409	-0.087286987	0.1031755055	0.1032495432	-0.148487742	0.1228757721	-0.0250202314	0.0880578166	-0.0530473441	-0.0339592236	0.0130889555	-0.1552758153	-0.077292047	0.0346163731	0.0549493712	0.0665665576	0.0121614359	0.0666797985	0.0298018287	-0.040724255	-0.1259161521	0.1165232592	-0.1013839798	0.0812449131	-0.0851659704489549	2.134711627370389e-05	0.0072532425225122	4.5569937320303356e-10	0.0640737531196862	0.0084065493427517	0.0041054458388424	7.067007185211906e-05	-0.022514516000669	0.0277718277411621	0.0005069034307443	0.0007712744160847	0.0024510058267235	0.0002500655030672	6.007429562632548e-06	6.253275582430178e-08	-0.0014239991056432	9.730042059997308e-08	2.0277734528726334e-06	9.467371848931664e-15	3.2452354768400943e-06	9.01782999600388e-05	8.132125783682734e-09	1.0531553300141554e-11	0.0	0.0
920.6615256201446	0.9908046822522464	847617.6447572123	0.9816939183729751	1091.4947147914345	-1.6043587820868197	1191360.712417635	2.5739671016591035	879.6539131691928	1.1599086779053778	1.345388141080201	773791.0069538738	898.5468270188578	785.8251891221829	1.048277	18.061422	0.0372886472179559	0.0207767376293992	-0.0971591375	-0.0279023566	0.0237106294	0.1483121144	-0.1697180835	-0.0494247838	0.0163703141	-0.0134063341	0.0937139505	0.0545914526	-0.1192211673	0.2380785465	0.0308817276	0.0153008488	-0.000260971	0.0160275537	0.121415118	-0.0605374312	0.0294976311	0.0959072036	-0.0593293462	0.078676131	-0.0005857209	0.0294161184	0.0357164881	0.1634733684	-0.0209021708	0.0602691636	0.087664016	-0.0045541186	0.0699696704	0.0125931537	0.0207594742	-0.1005797502	0.1328078952	-0.015564511	0.0435334572	0.0365399472	-0.1706001793	-0.0384856122	0.0923305054	0.0432921531	0.0507618869	-0.1328347587	0.0732867437	0.1099454449	0.1500052122	-0.0092021248	0.0546471784	-0.0023513963	0.0265341501	0.1175717367	-0.0402745493	0.0326931584	0.0047130135	-0.1223096323	-0.1746545709	0.0748106475	-0.0369045111	-0.008024478	-0.0459031077	-0.1710949172	0.1033310912	-0.0547095003	0.1345045029	0.0578748072	-0.1363620858	0.1017764173	0.0057928446	0.0053711995	-0.0155578925	-0.0124739302	0.0462969658	0.1049451452	-0.0732341481	-0.012507794	-0.000358429	-0.1028202616	-0.1585288832	-0.1309179082	-0.0548526634	-0.0054284465	-0.0358770501	-0.195436895	-0.0964608332	-0.0071435236	-0.0641694833	-0.0075238519	0.0573144657	-0.1263223109	-0.0515132221	0.0348678976	0.072146477	-0.0639107573	-0.0069607982	-0.0425001006	0.0556301264	0.0157944959	-0.084939321	0.0179900733	-0.0836800174	0.0124937018	0.04983669	0.0745249563	0.0733203377	-0.0617188591	-0.0483941591	-0.046796255	0.0355461183	-0.1266188352	0.1192723348	-0.1073422654	0.0912870929	-0.0851913946839744	-2.542423501949997e-05	0.0072575737282007	6.463917263267689e-10	0.0654670352036106	0.0013932820839243	0.0042859326983507	1.9412349653846934e-06	-0.020188641170634	0.002325874830035	0.0004075812323166	5.409693724990346e-06	0.0022009038599893	-0.0002501019667342	4.8439778009158e-06	6.25509937643149e-08	-0.0011691783390093	0.0002548207666339	1.3669779884085454e-06	6.493362310788853e-08	-0.0001627133525346	-0.0001659585880114	2.7542252934750905e-08	2.6475635093049022e-08	0.0	0.0
920.9826194391136	0.3210938189689614	848208.9853089311	0.1031012405800721	1081.5651494344077	-9.929565357026831	1169783.1724710723	98.5962681794674	879.6257445163991	-0.0281686527937381	0.0007934730002141	773741.4504160294	897.6496476485835	789.203247010922	1.08691	18.727055	0.0817035951383834	0.0437100267158615	-0.1099741181	0.0237375183	0.1099837714	0.1222664114	-0.0115528931	-0.0975149524	-0.0472612956	0.0355697018	0.0963134658	-0.0369554732	0.0043339246	0.1058349917	0.0514233001	-0.0267813134	-0.1235848984	-0.011881774	-0.0045413815	-0.0730598982	0.0334526257	0.0643663155	-0.062916054	0.0681671102	-0.0191742443	0.0195869311	-0.0991718905	0.0976792933	-0.1396526277	0.0637112218	-0.0495473857	-0.0899196245	-0.0197589725	-0.1277319515	0.0224536945	0.2326617369	0.1231292485	-0.0992831879	-0.027091146	0.1710716475	-0.242573827	0.0872655572	0.0453536522	0.1351824263	0.1394134686	-0.0812645421	0.0999668787	-0.0262078389	-0.1828104139	-0.1158582159	-0.0028336514	0.0582191014	0.0999871168	0.0109017533	-0.0081678238	0.1128264366	-0.0013690126	-0.0311377397	-0.0844798288	0.0333193203	-0.0503246506	0.1738288961	0.0039157798	0.0531787485	0.0685176058	-0.1187324681	-0.0376056581	-0.0893523726	-0.0758249864	0.027055371	-0.0393181869	0.0186128447	0.1454775639	-0.0067496666	-0.1729338233	-0.0727634437	-0.0173696158	-0.2460108816	-0.0490458674	0.0292217701	-0.1455089224	-0.1147416794	0.2032199663	0.0956101972	-0.0099405124	-0.1976735486	-0.0476820364	-0.0589594177	-0.0224199283	0.0117575436	0.0536308232	-0.2342892522	0.0150080832	-0.0561730609	-0.1995541253	0.1264096386	-0.1101235073	0.3144758007	-0.0407490548	0.0962945347	0.1253699821	-0.1178500791	0.0686885772	0.0077263757	0.2153928293	-0.0550691544	-0.013207141	-0.0628075436	-0.3268247366	-0.1283922308	-0.0201670311	-0.1272347401	0.1216944932	-0.1126387502	0.1003291122	-0.0852823520760353	-9.095739206090026e-05	0.0072730795756208	8.27324717052032e-09	0.0945769374425111	0.0291099022389005	0.0089447970960046	0.0008473864083583	0.0076231968438378	0.0278118380144718	5.811313011989859e-05	0.0007734983337432	0.0020350024128795	-0.0001659014471098	4.141234820425387e-06	2.752329015312581e-08	-0.001005998705609	0.0001631796334002	1.0120333956869834e-06	2.6627592756656283e-08	2.023516814304545e-06	0.0001647368693489	2.7138236122878044e-08	4.094620297773215e-12	0.0	0.0
925.2710288034352	4.288409364321637	856126.4767429675	18.39045487600151	1079.6766253516787	-1.8885240827289635	1165701.6153307892	3.566523211047273	881.4250846616684	1.799340145269298	3.237624958377738	776910.1798708293	896.9454793534395	799.9455595005059	1.176348	20.268036	0.0648734531472554	0.0465673908479236	-0.0108812177	0.1270841898	0.1269478565	0.0927080964	0.1998035733	-0.0333217547	-0.0433304481	0.109430829	0.0607272519	-0.1079806218	-0.1102468098	-0.1027791443	0.4165755985	-0.0597200607	-0.0231405615	-0.0920315342	-0.1448144984	-0.1194525002	0.1417754234	-0.0711772137	-0.0643752946	0.0004506368	-0.1159611606	0.1692624005	-0.1369798734	0.0116899932	-0.1070985758	-0.0306124067	0.087580698	-0.0654585791	0.0388627702	-0.038365862	0.02772629	0.0342696354	-0.1059349051	0.0702876216	0.0729317152	-0.1240927751	-0.2090745564	-0.0080839755	-0.2855360568	0.1989352486	-0.0612101818	0.0906724496	-0.1902834599	0.1291438989	-0.0182053355	0.1030078833	-0.0648312868	-0.0748249678	-0.0731643023	-0.1345695464	0.0772337258	0.2077176869	-0.0629434255	0.0951082234	-0.0628319298	0.0889985473	-0.2347028885	-0.0592939532	-0.0381037673	-0.0842679566	0.0805615989	-0.186284822	-0.1630550011	-0.0071450113	0.0015848676	0.0021221605	-0.0114943706	0.2130629957	-0.0210800493	-0.0824550866	-0.0464568553	-0.0526947417	0.181238387	-0.0089395834	-0.202836404	-0.035214172	0.054755889	-0.0562837525	-0.0761313407	0.0133039971	-0.1406500154	0.1135939639	0.0535922797	0.0225969376	0.106663247	0.0701479873	0.1418760067	-0.1088564496	0.012670165	-0.1441391239	-0.1317822067	0.0797562839	0.0203420633	0.1177944631	-0.0598608102	0.11124284	0.032117267	-0.0628203398	0.0232981929	-0.0540895964	-0.0638296165	-0.0344762576	-0.0293395439	-0.0279383117	-0.0518777933	0.0021682239	-0.0561098972	-0.1277634447	0.1237830955	-0.1172407796	0.1082719048	-0.0853880464074734	-0.0001056943314381	0.0072911184692848	1.1171291698147481e-08	0.0820004533510854	-0.0125764840914257	0.0067240743497835	0.0001581679521018	-0.0350654277041826	-0.0426886245480203	0.0012295842200772	0.0018223186658018	0.0022010002511364	0.0001659978382569	4.844402105502496e-06	2.7555282305964032e-08	-0.0009820015674071	2.3997138201900005e-05	9.64327078390001e-07	5.758626418810885e-10	2.0815438829292765e-06	5.8027068624731323e-08	3.3671406931792787e-15	4.3328249365602894e-12	0.0	0.0
925.2907153015408	0.0196864981055568	856162.907823237	0.00038755820766	1078.8060344151088	-0.8705909365698972	1163822.459890453	0.7579285788376507	880.4886633525796	-0.9364213090888144	0.8768848681156086	775260.2862924122	897.5694098520347	807.3627836124625	1.249105	21.52162	0.0592615628192157	0.0375636150596159	0.0933543064	0.0894613742	-0.115561175	-0.1065186976	0.0472332682	0.0762329271	-0.0856993896	0.0615360653	-0.0619635126	-0.1136215415	0.0625348099	-0.1435942222	-0.0048338096	0.0584007967	0.0526739064	-0.0462064847	-0.0226390613	-0.0894077654	-0.1212308834	-0.0532732967	0.1034947833	-0.0729722676	0.1347951886	0.0894184581	-0.0595901447	-0.1177899756	-0.120144044	0.0727882471	-0.0160150585	0.0094441404	-0.0722698672	-0.0583879727	0.138221671	-0.109420122	-0.1344420881	0.0581355636	0.1711592061	-0.1132559181	-0.0280608049	0.0991937331	-0.0120116854	0.0466769232	-0.0805761745	-0.0671159602	0.1313146057	-0.020259101	-0.0126371588	-0.203198775	0.0047901626	-0.0085612867	0.176278555	-0.0745767532	0.0604447819	0.0023476992	0.131307368	0.0867870263	0.0815531192	0.0028343791	0.0624684449	-0.0575122249	-0.0568485503	0.0077012265	0.2776422142	-0.0060448603	-0.0355087081	0.0225728289	0.0561049721	0.0044569327	-0.118317432	0.1554828536	-0.1213057037	0.1860223457	0.0373625529	-0.0973922072	-0.0479904188	0.0751651488	-0.0007950451	-0.0395028542	-0.0571187774	-0.0423127404	-0.1221493163	0.0275622199	0.0219320886	0.0186716093	-0.0287569893	0.0711058211	0.0481491139	-0.0353176494	0.0661655468	0.1412324442	-0.0758961823	0.0608251824	-0.0356598879	0.0065975785	0.0237342911	-0.0003048037	-0.0890764984	0.0044974093	0.0382962978	-0.0410637	0.0947359316	0.0746760297	-0.0873270299	-0.0199161962	-0.0213769289	-0.0588363275	0.064877522	0.0206633892	-0.0048221376	-0.1282045865	0.1255324169	-0.1211199807	0.1150284477	-0.0851584763778845	0.0002295700295888	0.0072519660990027	5.2702398485448034e-08	0.0822220672832116	0.0002216139321262	0.0067604683483249	4.911273491243822e-08	-0.0623507282404318	-0.0272853005362492	0.0038876133121121	0.0007444876253534	0.0025413705001918	0.0003403702490554	6.458564019245121e-06	1.1585190644203502e-07	-0.0010098338737258	-2.7832306318699996e-05	1.0197644525240548e-06	7.746372750179474e-10	-0.000260217467168	-0.0002622990110509	6.880077119829552e-08	6.771313021932916e-08	0.0	0.0
923.4719539370732	-1.8187613644676048	852800.4497083558	3.307892900880064	1083.9601843697685	5.154149954659715	1174969.6812989423	26.565261755118744	880.0953000117007	-0.3933633408788637	0.1547347179473811	774567.7371026855	897.7889010711801	789.9016382228829	1.142168	19.679127	0.0411539084876943	0.0242643410113546	0.0071540168	-0.0456367009	0.0286018509	-0.0564776222	-0.0868642607	0.0496529742	-0.081012651	-0.100558132	-0.0352925706	-0.0060605716	0.0877242818	-0.042464181	-0.0672259759	-0.0696578622	0.0193778014	0.0126016987	0.1609052864	-0.0990464622	-0.0350554531	-0.0207616274	-0.0057938052	-0.0116509213	0.0518288248	-0.135969746	-0.0547129913	0.0683457552	-0.1427808686	-0.0212720572	0.1248980816	0.0024208428	0.0347720666	0.0068863542	-0.1981262753	-0.1542746683	0.0038718435	-0.1514479845	0.1125931689	-0.0449929345	0.1657545278	-0.0858089039	0.0734089623	0.0455742606	-0.0051928174	0.0288368312	0.0699208908	-0.0512192549	-0.0739882446	-0.1344361311	-0.1518336646	0.0677938831	-0.0389969892	0.1329866951	-0.0269883919	-0.020544141	0.0770564122	0.0633942789	0.0231033258	-0.0812549831	0.0806319631	-0.032493715	0.1102360615	0.0292303626	0.1412359272	-0.104214437	0.1813148889	0.1451949546	0.1417702748	0.1401171658	0.0339851768	-0.0271496477	0.0081801961	0.0790346933	0.0185249201	0.1839341644	0.0010586311	0.0258326187	0.1466832802	0.0220949767	0.0917743956	-0.0031879937	0.1191133528	0.0538881194	-0.0014684429	0.0431544431	-0.0732858018	0.0791807951	0.0304526697	0.0066459935	0.0642386673	-0.0341668268	0.0511786214	0.1192409908	0.0539875526	-0.00301281	0.0161324148	-0.0045700721	-0.1257150706	-0.0423289664	0.0798694844	-0.0543472314	0.1367660874	0.1423518081	-0.0275893412	-0.0649476554	-0.0132225408	-0.0162361595	0.1689139085	-0.013600768	0.0638934568	-0.1285578634	0.1269376627	-0.1242524367	0.1205247148	-0.0782262870774985	0.0069321893003859	0.0061193519899312	4.805524849638613e-05	0.0820815893336259	-0.0001404779495857	0.006737387307534	1.9734054319802948e-08	-0.0399591214787591	0.0223916067616727	0.0015967313893542	0.0005013840533693	0.0025763096829968	3.493918280499976e-05	6.637371582703072e-06	1.220746495081191e-09	-0.0009590284484501	5.0805425275699976e-05	9.19735564936606e-07	2.581191237444734e-09	-0.0004082655486083	-0.0001480480814403	2.19182344181537e-08	1.666807581804362e-07	0.0	0.0
922.7036009305192	-0.7683530065539799	851381.9351701469	0.5903663426805402	1083.7508959089007	-0.2092884608678105	1174516.004383345	0.043801659852417	879.3091835127448	-0.7861164989559484	0.6179791499307575	773184.6402098498	897.3700595359093	800.8195433656613	1.154049	19.883833	0.0462967399868617	0.0250628640750806	-0.0215304418	0.141507274	-0.0157882726	-0.0528394718	-0.0330678009	-0.0128094083	0.0837779286	-0.0053411458	0.052773845	0.0387882812	0.1379652424	0.0645541135	0.0616929315	0.0349986252	0.0226077387	0.0352445963	-0.0570972078	-0.0998140497	-0.0846594099	0.0198654972	-0.0907473428	0.086246636	-0.1496805438	-0.1942739982	0.1397045469	-0.0653211197	-0.0554131491	0.0575565995	0.0063058247	-0.1160630833	-0.1790384566	0.0647079107	-0.0892688228	-0.1499315616	-0.0195583986	-0.1392961505	-0.0675971833	0.0732862012	-0.0860863558	-0.1876005859	-0.0155255961	-0.0867494357	0.0122284901	0.1103227748	-0.0120013438	0.0503413888	0.0049520071	0.0337325347	0.1008665136	-0.0277307138	-0.1322791395	-0.0257685794	-0.0560352235	0.0792028067	0.1177870854	-0.0536740891	-0.0138019761	0.0569175372	0.0351804828	-0.0134963038	-0.0714446528	0.1520116928	-0.2120541768	-0.137991481	0.1335426227	-0.0494009701	0.0480128526	0.0107490142	0.1537772623	0.0700230814	-0.003574987	0.0863046591	-0.0481765487	0.1090219278	-0.0631052768	-0.0071147874	0.007805038	-0.2120796369	-0.0690143257	0.0617981485	0.1546462555	-0.1982018195	-0.1024559419	0.1126936899	-0.0495818364	0.0229436772	-0.0877326301	-0.0325312749	0.1947314438	0.0391405626	-0.1305714486	0.018419123	0.0159200172	0.0115621279	0.0733655572	0.0297635203	0.0274246046	-0.1122097036	0.0479881201	0.0454591535	0.119829498	0.0620787769	0.1797881272	-0.0219298181	0.0552520875	0.0612128564	0.1500072328	0.0330995121	-0.1328410821	-0.1288230331	0.1279949812	-0.1266188352	0.124700488	-0.0851929916219376	-0.006966704544439	0.0072578458214955	4.853497220950834e-05	0.0822308764427504	0.0001492871091244	0.0067619170405428	2.2286640950750088e-08	-0.0397888610310559	0.0001702604477031	0.0015831534621486	2.898862005209389e-08	0.0029027663942677	0.0003264567112708	8.426052739689903e-06	1.0657398433381173e-07	-0.0007409362609411	0.000218092187509	5.489865427773778e-07	4.7564202252460823e-08	-0.0006439264075403	-0.0002356608589319	5.5536040432567995e-08	4.146412183277565e-07	0.0	0.0
923.3833584528388	0.6797575223196191	852636.8266676439	0.4620702891501074	1082.43323298863	-1.3176629202707772	1171661.7038782176	1.7362355714565127	879.3388761318224	0.0296926190776503	0.0008816516276904	773236.8590767765	896.5504252552474	795.4818497983282	1.16836	20.130419	0.0981757381999604	0.0526048002347866	0.0651669031	-0.0722675485	-0.1270007617	0.0699276657	-0.0723857785	-0.0650737793	0.0682670098	0.0832462856	-0.0493463235	0.2186588339	0.0373318001	0.0650128392	-0.0920731321	-0.073753229	-0.0221359991	-0.0444291461	-0.0987200825	0.1448311406	-0.1320217332	0.0889354112	-0.06055347	-0.0815715632	-0.1159268448	-0.1043782584	0.0376213411	0.0176054567	-0.0068484903	-0.0050230517	0.0882687238	0.1089996406	-0.0403857665	-0.0427574294	0.1567073119	0.0856221178	-0.0668302657	0.0671677776	-0.0914963897	0.0862363807	0.0152516232	0.0016816428	0.0847459732	-0.029533014	0.0170208328	0.1303642201	0.1943562087	-0.0553562658	0.0072145687	0.1207580971	0.007472873	0.0348642721	-0.187687248	-0.0761341831	0.0599826184	-0.1074485669	0.0246083816	-0.1840390322	0.0206307455	-0.110377975	-0.1340302154	0.0396061507	-0.0118813337	0.0576694366	-0.1058337256	-0.0006935639	0.0786418866	-0.0239635257	0.0682363868	-0.0969396268	-0.0151807761	-0.0062967829	-0.0632384946	-0.0434515282	-0.0331242974	-0.0618114265	0.0013339256	0.2214306723	-0.0343773647	0.1510667766	-0.1231758887	0.0623935096	0.1359826794	-0.0560888577	0.0658923003	-0.0515911761	0.0112939581	0.0998817833	-0.007643559	-0.1737202778	0.0653872735	-0.0282074642	-0.1510739708	0.0899720441	-0.0253730011	0.0998044556	-0.0783088705	-0.0330339537	0.0072196503	-0.0594973493	-0.0096819587	-0.0124812399	0.1175836953	-0.0221779308	-0.1158549316	-0.0436201069	0.1722208137	0.0227134602	0.2128095335	-0.093654324	-0.0528799131	-0.1289999139	0.1287014744	-0.1282045865	0.1275100165	-0.0828586564966968	0.0023343351252407	0.0068655569564375	5.449120476932966e-06	0.1004903210076975	0.0182594445649471	0.01009830461623	0.0003334073158203	-0.0560253556905934	-0.0162364946595374	0.0031388404802575	0.0002636237588291	0.0019578529788879	-0.0009449134153797	3.833188286940224e-06	8.928613625647183e-07	-0.0006199730437823	0.0001209632171588	3.8436657501668963e-07	1.4632099905407014e-08	-0.0004828937630742	0.000161032644466	2.5931512583745362e-08	2.331863864159616e-07	0.0	0.0
924.4903664717305	1.1070080188916336	854682.4376990345	1.2254667538903794	1087.6148281279063	5.181595139276396	1182906.0143636952	26.848928187372778	879.6534970331851	0.314620901362673	0.0989863115742608	773790.2748427117	897.1608416512289	805.6477629450267	1.124114	19.368063	0.1336859462837772	0.072171755784033	0.0906629428	0.015740613	0.0836413018	0.1519596865	-0.0242010856	-0.0606259574	0.0486754537	-0.0171086617	0.0397847322	-0.0189074176	-0.0094679029	0.0994668213	-0.0792902555	-0.1971997544	-0.0648819528	-0.0377843398	-0.0602645633	0.0181105262	0.1073262411	-0.0521903193	-0.1622182898	-0.1274867999	0.0504040779	-0.0802557729	-0.0306372229	0.0654807223	-0.0085015367	-0.0188187529	-0.0365324979	0.2763648188	-0.0278158676	-0.0478626504	0.0461895594	0.061389498	-0.0443441782	0.0717511116	0.0443526632	0.0648277241	0.051854261	-0.0380672774	0.0274339548	0.0082188849	-0.0429553552	0.0047002057	0.0053931105	-0.1118134898	0.0643004575	0.1119510463	-0.0358064447	-0.0548330856	-0.1000726344	-0.0530783641	0.0376802027	0.0383975704	-0.0707650093	0.0258968997	-0.1379241521	-0.1729990685	-0.0615908475	0.1163249749	-0.0049889049	0.098882414	-0.01489195	0.0930885474	0.0913792796	0.0764579226	0.0953330441	-0.085942052	-0.0535981395	0.1369560851	-0.0647171567	-0.1771156544	0.0976313292	0.0035010646	-0.1134922206	0.073894327	0.0301085965	0.0494432406	0.0509195324	0.0975424047	-0.0056857978	0.0785814003	0.0301965407	-0.0241362137	0.0147581708	0.0918741548	0.0246465282	0.031119247	0.1806194358	-0.0597314261	0.1452877734	0.060897462	-0.0443738432	0.0867083363	-0.0297829864	0.0402686525	-0.1211171675	0.0508978172	-0.0576194031	0.0745620962	-0.0620635557	0.0644194577	-0.1701939686	-0.122535877	0.1440740374	0.0850263382	0.0431957034	-0.0999481027	0.0684761377	-0.1290883846	0.1290552057	-0.1289999139	0.1289225186	-0.0880305676146946	-0.0051719111179978	0.0077493808345653	2.674866461246933e-05	0.0788255849681718	-0.0216647360395257	0.0062134728455744	0.0004693607876623	-0.0307867832808597	0.0252385724097337	0.0009478260247826	0.0006369855372813	0.003248764365794	0.0012909113869061	1.0554469904452891e-05	1.6664522088438309e-06	-0.0005988058991501	2.1167144632199984e-05	3.585685048569597e-07	4.4804801188047254e-10	-0.0008030297658663	-0.0003201360027921	1.0248706028370347e-07	6.448568048672845e-07	0.0	0.0
