
Wed Mar 11 13:26:25 CET 2026
cd /out/sourcedata/freesurfer/sub-v2s16x51307_ses-1
setenv SUBJECTS_DIR /out/sourcedata/freesurfer
/opt/freesurfer/bin/recon-all -autorecon-hemi lh -noparcstats -noparcstats2 -noparcstats3 -nohyporelabel -nobalabels -lh-only -openmp 16 -subjid sub-v2s16x51307_ses-1 -sd /out/sourcedata/freesurfer

subjid sub-v2s16x51307_ses-1
setenv SUBJECTS_DIR /out/sourcedata/freesurfer
FREESURFER_HOME /opt/freesurfer
Actual FREESURFER_HOME /opt/freesurfer
build-stamp.txt: freesurfer-linux-ubuntu22_x86_64-7.3.2-20220804-6354275
Linux dna050 5.14.0-427.37.1.el9_4.x86_64 #1 SMP PREEMPT_DYNAMIC Fri Sep 13 12:41:50 EDT 2024 x86_64 x86_64 x86_64 GNU/Linux
cputime      unlimited
filesize     unlimited
datasize     unlimited
stacksize    8192 kbytes
coredumpsize 0 kbytes
memoryuse    67108864 kbytes
vmemoryuse   unlimited
descriptors  1024 
memorylocked unlimited
maxproc      2061970 
maxlocks     unlimited
maxsignal    2061970 
maxmessage   819200 
maxnice      0 
maxrtprio    0 
maxrttime    unlimited

               total        used        free      shared  buff/cache   available
Mem:           503Gi        83Gi       376Gi        12Gi        42Gi       403Gi
Swap:             0B          0B          0B

########################################
program versions used
7.3.2 (freesurfer-linux-ubuntu22_x86_64-7.3.2-20220804-6354275)
7.3.2

ProgramName: lta_convert  ProgramArguments: lta_convert -all-info  ProgramVersion: 7.3.2  TimeStamp: 2026/03/11-12:26:25-GMT  BuildTime: Aug  4 2022 06:17:15  BuildStamp: freesurfer-linux-ubuntu22_x86_64-7.3.2-20220804-6354275  User: oesteban  Machine: dna050  Platform: Linux  PlatformVersion: 5.14.0-427.37.1.el9_4.x86_64  CompilerName: GCC  CompilerVersion: 8.4.0
ProgramName: mri_and  ProgramArguments: mri_and -all-info  ProgramVersion: 7.3.2  TimeStamp: 2026/03/11-12:26:25-GMT  BuildTime: Aug  4 2022 06:17:15  BuildStamp: freesurfer-linux-ubuntu22_x86_64-7.3.2-20220804-6354275  User: oesteban  Machine: dna050  Platform: Linux  PlatformVersion: 5.14.0-427.37.1.el9_4.x86_64  CompilerName: GCC  CompilerVersion: 8.4.0
ProgramName: mri_annotation2label  ProgramArguments: mri_annotation2label -all-info  ProgramVersion: 7.3.2  TimeStamp: 2026/03/11-12:26:25-GMT  BuildTime: Aug  4 2022 06:17:15  BuildStamp: freesurfer-linux-ubuntu22_x86_64-7.3.2-20220804-6354275  User: oesteban  Machine: dna050  Platform: Linux  PlatformVersion: 5.14.0-427.37.1.el9_4.x86_64  CompilerName: GCC  CompilerVersion: 8.4.0
ProgramName: mri_aparc2aseg  ProgramArguments: mri_aparc2aseg -all-info  ProgramVersion: 7.3.2  TimeStamp: 2026/03/11-12:26:25-GMT  BuildTime: Aug  4 2022 06:17:15  BuildStamp: freesurfer-linux-ubuntu22_x86_64-7.3.2-20220804-6354275  User: oesteban  Machine: dna050  Platform: Linux  PlatformVersion: 5.14.0-427.37.1.el9_4.x86_64  CompilerName: GCC  CompilerVersion: 8.4.0
ProgramName: mri_surf2volseg  ProgramArguments: mri_surf2volseg -all-info  ProgramVersion: 7.3.2  TimeStamp: 2026/03/11-12:26:25-GMT  BuildTime: Aug  4 2022 06:17:15  BuildStamp: freesurfer-linux-ubuntu22_x86_64-7.3.2-20220804-6354275  User: oesteban  Machine: dna050  Platform: Linux  PlatformVersion: 5.14.0-427.37.1.el9_4.x86_64  CompilerName: GCC  CompilerVersion: 8.4.0
ProgramName: mri_binarize  ProgramArguments: mri_binarize -all-info  ProgramVersion: 7.3.2  TimeStamp: 2026/03/11-12:26:25-GMT  BuildTime: Aug  4 2022 06:17:15  BuildStamp: freesurfer-linux-ubuntu22_x86_64-7.3.2-20220804-6354275  User: oesteban  Machine: dna050  Platform: Linux  PlatformVersion: 5.14.0-427.37.1.el9_4.x86_64  CompilerName: GCC  CompilerVersion: 8.4.0
ProgramName: mri_ca_label  ProgramArguments: mri_ca_label -all-info  ProgramVersion: 7.3.2  TimeStamp: 2026/03/11-12:26:25-GMT  BuildTime: Aug  4 2022 06:17:15  BuildStamp: freesurfer-linux-ubuntu22_x86_64-7.3.2-20220804-6354275  User: oesteban  Machine: dna050  Platform: Linux  PlatformVersion: 5.14.0-427.37.1.el9_4.x86_64  CompilerName: GCC  CompilerVersion: 8.4.0
ProgramName: mri_ca_normalize  ProgramArguments: mri_ca_normalize -all-info  ProgramVersion: 7.3.2  TimeStamp: 2026/03/11-12:26:25-GMT  BuildTime: Aug  4 2022 06:17:15  BuildStamp: freesurfer-linux-ubuntu22_x86_64-7.3.2-20220804-6354275  User: oesteban  Machine: dna050  Platform: Linux  PlatformVersion: 5.14.0-427.37.1.el9_4.x86_64  CompilerName: GCC  CompilerVersion: 8.4.0
ProgramName: mri_ca_register  ProgramArguments: mri_ca_register -all-info  ProgramVersion: 7.3.2  TimeStamp: 2026/03/11-12:26:25-GMT  BuildTime: Aug  4 2022 06:17:15  BuildStamp: freesurfer-linux-ubuntu22_x86_64-7.3.2-20220804-6354275  User: oesteban  Machine: dna050  Platform: Linux  PlatformVersion: 5.14.0-427.37.1.el9_4.x86_64  CompilerName: GCC  CompilerVersion: 8.4.0
ProgramName: mri_cc  ProgramArguments: mri_cc -all-info  ProgramVersion: 7.3.2  TimeStamp: 2026/03/11-12:26:25-GMT  BuildTime: Aug  4 2022 06:17:15  BuildStamp: freesurfer-linux-ubuntu22_x86_64-7.3.2-20220804-6354275  User: oesteban  Machine: dna050  Platform: Linux  PlatformVersion: 5.14.0-427.37.1.el9_4.x86_64  CompilerName: GCC  CompilerVersion: 8.4.0
ProgramName: mri_compute_overlap  ProgramArguments: mri_compute_overlap -all-info  ProgramVersion: 7.3.2  TimeStamp: 2026/03/11-12:26:25-GMT  BuildTime: Aug  4 2022 06:17:15  BuildStamp: freesurfer-linux-ubuntu22_x86_64-7.3.2-20220804-6354275  User: oesteban  Machine: dna050  Platform: Linux  PlatformVersion: 5.14.0-427.37.1.el9_4.x86_64  CompilerName: GCC  CompilerVersion: 8.4.0
ProgramName: mri_compute_seg_overlap  ProgramArguments: mri_compute_seg_overlap -all-info  ProgramVersion: 7.3.2  TimeStamp: 2026/03/11-12:26:25-GMT  BuildTime: Aug  4 2022 06:17:15  BuildStamp: freesurfer-linux-ubuntu22_x86_64-7.3.2-20220804-6354275  User: oesteban  Machine: dna050  Platform: Linux  PlatformVersion: 5.14.0-427.37.1.el9_4.x86_64  CompilerName: GCC  CompilerVersion: 8.4.0
ProgramName: mri_concat  ProgramArguments: mri_concat -all-info  ProgramVersion: 7.3.2  TimeStamp: 2026/03/11-12:26:25-GMT  BuildTime: Aug  4 2022 06:17:15  BuildStamp: freesurfer-linux-ubuntu22_x86_64-7.3.2-20220804-6354275  User: oesteban  Machine: dna050  Platform: Linux  PlatformVersion: 5.14.0-427.37.1.el9_4.x86_64  CompilerName: GCC  CompilerVersion: 8.4.0
ProgramName: mri_concatenate_lta  ProgramArguments: mri_concatenate_lta -all-info  ProgramVersion: 7.3.2  TimeStamp: 2026/03/11-12:26:25-GMT  BuildTime: Aug  4 2022 06:17:15  BuildStamp: freesurfer-linux-ubuntu22_x86_64-7.3.2-20220804-6354275  User: oesteban  Machine: dna050  Platform: Linux  PlatformVersion: 5.14.0-427.37.1.el9_4.x86_64  CompilerName: GCC  CompilerVersion: 8.4.0
mri_convert -all-info 
ProgramName: mri_convert  ProgramArguments: mri_convert -all-info  ProgramVersion: 7.3.2  TimeStamp: 2026/03/11-12:26:25-GMT  BuildTime: Aug  4 2022 06:17:15  BuildStamp: freesurfer-linux-ubuntu22_x86_64-7.3.2-20220804-6354275  User: oesteban  Machine: dna050  Platform: Linux  PlatformVersion: 5.14.0-427.37.1.el9_4.x86_64  CompilerName: GCC  CompilerVersion: 8.4.0
ProgramName: mri_diff  ProgramArguments: mri_diff -all-info  ProgramVersion: 7.3.2  TimeStamp: 2026/03/11-12:26:25-GMT  BuildTime: Aug  4 2022 06:17:15  BuildStamp: freesurfer-linux-ubuntu22_x86_64-7.3.2-20220804-6354275  User: oesteban  Machine: dna050  Platform: Linux  PlatformVersion: 5.14.0-427.37.1.el9_4.x86_64  CompilerName: GCC  CompilerVersion: 8.4.0
ProgramName: mri_edit_wm_with_aseg  ProgramArguments: mri_edit_wm_with_aseg -all-info  ProgramVersion: 7.3.2  TimeStamp: 2026/03/11-12:26:25-GMT  BuildTime: Aug  4 2022 06:17:15  BuildStamp: freesurfer-linux-ubuntu22_x86_64-7.3.2-20220804-6354275  User: oesteban  Machine: dna050  Platform: Linux  PlatformVersion: 5.14.0-427.37.1.el9_4.x86_64  CompilerName: GCC  CompilerVersion: 8.4.0
ProgramName: mri_em_register  ProgramArguments: mri_em_register -all-info  ProgramVersion: 7.3.2  TimeStamp: 2026/03/11-12:26:25-GMT  BuildTime: Aug  4 2022 06:17:15  BuildStamp: freesurfer-linux-ubuntu22_x86_64-7.3.2-20220804-6354275  User: oesteban  Machine: dna050  Platform: Linux  PlatformVersion: 5.14.0-427.37.1.el9_4.x86_64  CompilerName: GCC  CompilerVersion: 8.4.0
ProgramName: mri_fill  ProgramArguments: mri_fill -all-info  ProgramVersion: 7.3.2  TimeStamp: 2026/03/11-12:26:25-GMT  BuildTime: Aug  4 2022 06:17:15  BuildStamp: freesurfer-linux-ubuntu22_x86_64-7.3.2-20220804-6354275  User: oesteban  Machine: dna050  Platform: Linux  PlatformVersion: 5.14.0-427.37.1.el9_4.x86_64  CompilerName: GCC  CompilerVersion: 8.4.0
ProgramName: mri_fuse_segmentations  ProgramArguments: mri_fuse_segmentations -all-info  ProgramVersion: 7.3.2  TimeStamp: 2026/03/11-12:26:25-GMT  BuildTime: Aug  4 2022 06:17:15  BuildStamp: freesurfer-linux-ubuntu22_x86_64-7.3.2-20220804-6354275  User: oesteban  Machine: dna050  Platform: Linux  PlatformVersion: 5.14.0-427.37.1.el9_4.x86_64  CompilerName: GCC  CompilerVersion: 8.4.0
ProgramName: mri_fwhm  ProgramArguments: mri_fwhm -all-info  ProgramVersion: 7.3.2  TimeStamp: 2026/03/11-12:26:25-GMT  BuildTime: Aug  4 2022 06:17:15  BuildStamp: freesurfer-linux-ubuntu22_x86_64-7.3.2-20220804-6354275  User: oesteban  Machine: dna050  Platform: Linux  PlatformVersion: 5.14.0-427.37.1.el9_4.x86_64  CompilerName: GCC  CompilerVersion: 8.4.0
ProgramName: mri_gcut  ProgramArguments: mri_gcut -all-info  ProgramVersion: 7.3.2  TimeStamp: 2026/03/11-12:26:25-GMT  BuildTime: Aug  4 2022 06:17:15  BuildStamp: freesurfer-linux-ubuntu22_x86_64-7.3.2-20220804-6354275  User: oesteban  Machine: dna050  Platform: Linux  PlatformVersion: 5.14.0-427.37.1.el9_4.x86_64  CompilerName: GCC  CompilerVersion: 8.4.0
ProgramName: mri_info  ProgramArguments: mri_info -all-info  ProgramVersion: 7.3.2  TimeStamp: 2026/03/11-12:26:25-GMT  BuildTime: Aug  4 2022 06:17:15  BuildStamp: freesurfer-linux-ubuntu22_x86_64-7.3.2-20220804-6354275  User: oesteban  Machine: dna050  Platform: Linux  PlatformVersion: 5.14.0-427.37.1.el9_4.x86_64  CompilerName: GCC  CompilerVersion: 8.4.0
ProgramName: mri_label2label  ProgramArguments: mri_label2label -all-info  ProgramVersion: 7.3.2  TimeStamp: 2026/03/11-12:26:25-GMT  BuildTime: Aug  4 2022 06:17:15  BuildStamp: freesurfer-linux-ubuntu22_x86_64-7.3.2-20220804-6354275  User: oesteban  Machine: dna050  Platform: Linux  PlatformVersion: 5.14.0-427.37.1.el9_4.x86_64  CompilerName: GCC  CompilerVersion: 8.4.0
ProgramName: mri_label2vol  ProgramArguments: mri_label2vol -all-info  ProgramVersion: 7.3.2  TimeStamp: 2026/03/11-12:26:25-GMT  BuildTime: Aug  4 2022 06:17:15  BuildStamp: freesurfer-linux-ubuntu22_x86_64-7.3.2-20220804-6354275  User: oesteban  Machine: dna050  Platform: Linux  PlatformVersion: 5.14.0-427.37.1.el9_4.x86_64  CompilerName: GCC  CompilerVersion: 8.4.0
ProgramName: mri_log_likelihood  ProgramArguments: mri_log_likelihood -all-info  ProgramVersion: 7.3.2  TimeStamp: 2026/03/11-12:26:25-GMT  BuildTime: Aug  4 2022 06:17:15  BuildStamp: freesurfer-linux-ubuntu22_x86_64-7.3.2-20220804-6354275  User: oesteban  Machine: dna050  Platform: Linux  PlatformVersion: 5.14.0-427.37.1.el9_4.x86_64  CompilerName: GCC  CompilerVersion: 8.4.0
ProgramName: mri_mask  ProgramArguments: mri_mask -all-info  ProgramVersion: 7.3.2  TimeStamp: 2026/03/11-12:26:25-GMT  BuildTime: Aug  4 2022 06:17:15  BuildStamp: freesurfer-linux-ubuntu22_x86_64-7.3.2-20220804-6354275  User: oesteban  Machine: dna050  Platform: Linux  PlatformVersion: 5.14.0-427.37.1.el9_4.x86_64  CompilerName: GCC  CompilerVersion: 8.4.0
ProgramName: mri_matrix_multiply  ProgramArguments: mri_matrix_multiply -all-info  ProgramVersion: 7.3.2  TimeStamp: 2026/03/11-12:26:25-GMT  BuildTime: Aug  4 2022 06:17:15  BuildStamp: freesurfer-linux-ubuntu22_x86_64-7.3.2-20220804-6354275  User: oesteban  Machine: dna050  Platform: Linux  PlatformVersion: 5.14.0-427.37.1.el9_4.x86_64  CompilerName: GCC  CompilerVersion: 8.4.0
ProgramName: mri_normalize  ProgramArguments: mri_normalize -all-info  ProgramVersion: 7.3.2  TimeStamp: 2026/03/11-12:26:25-GMT  BuildTime: Aug  4 2022 06:17:15  BuildStamp: freesurfer-linux-ubuntu22_x86_64-7.3.2-20220804-6354275  User: oesteban  Machine: dna050  Platform: Linux  PlatformVersion: 5.14.0-427.37.1.el9_4.x86_64  CompilerName: GCC  CompilerVersion: 8.4.0
ProgramName: mri_normalize_tp2  ProgramArguments: mri_normalize_tp2 -all-info  ProgramVersion: 7.3.2  TimeStamp: 2026/03/11-12:26:25-GMT  BuildTime: Aug  4 2022 06:17:15  BuildStamp: freesurfer-linux-ubuntu22_x86_64-7.3.2-20220804-6354275  User: oesteban  Machine: dna050  Platform: Linux  PlatformVersion: 5.14.0-427.37.1.el9_4.x86_64  CompilerName: GCC  CompilerVersion: 8.4.0
ProgramName: mri_or  ProgramArguments: mri_or -all-info  ProgramVersion: 7.3.2  TimeStamp: 2026/03/11-12:26:25-GMT  BuildTime: Aug  4 2022 06:17:15  BuildStamp: freesurfer-linux-ubuntu22_x86_64-7.3.2-20220804-6354275  User: oesteban  Machine: dna050  Platform: Linux  PlatformVersion: 5.14.0-427.37.1.el9_4.x86_64  CompilerName: GCC  CompilerVersion: 8.4.0
ProgramName: mri_relabel_hypointensities  ProgramArguments: mri_relabel_hypointensities -all-info  ProgramVersion: 7.3.2  TimeStamp: 2026/03/11-12:26:25-GMT  BuildTime: Aug  4 2022 06:17:15  BuildStamp: freesurfer-linux-ubuntu22_x86_64-7.3.2-20220804-6354275  User: oesteban  Machine: dna050  Platform: Linux  PlatformVersion: 5.14.0-427.37.1.el9_4.x86_64  CompilerName: GCC  CompilerVersion: 8.4.0
ProgramName: mri_relabel_nonwm_hypos  ProgramArguments: mri_relabel_nonwm_hypos -all-info  ProgramVersion: 7.3.2  TimeStamp: 2026/03/11-12:26:25-GMT  BuildTime: Aug  4 2022 06:17:15  BuildStamp: freesurfer-linux-ubuntu22_x86_64-7.3.2-20220804-6354275  User: oesteban  Machine: dna050  Platform: Linux  PlatformVersion: 5.14.0-427.37.1.el9_4.x86_64  CompilerName: GCC  CompilerVersion: 8.4.0
ProgramName: mri_remove_neck  ProgramArguments: mri_remove_neck -all-info  ProgramVersion: 7.3.2  TimeStamp: 2026/03/11-12:26:25-GMT  BuildTime: Aug  4 2022 06:17:15  BuildStamp: freesurfer-linux-ubuntu22_x86_64-7.3.2-20220804-6354275  User: oesteban  Machine: dna050  Platform: Linux  PlatformVersion: 5.14.0-427.37.1.el9_4.x86_64  CompilerName: GCC  CompilerVersion: 8.4.0
7.3.2

ProgramName: mri_robust_register  ProgramArguments: mri_robust_register -all-info  ProgramVersion: 7.3.2  TimeStamp: 2026/03/11-12:26:25-GMT  BuildTime: Aug  4 2022 06:17:15  BuildStamp: freesurfer-linux-ubuntu22_x86_64-7.3.2-20220804-6354275  User: oesteban  Machine: dna050  Platform: Linux  PlatformVersion: 5.14.0-427.37.1.el9_4.x86_64  CompilerName: GCC  CompilerVersion: 8.4.0
7.3.2

ProgramName: mri_robust_template  ProgramArguments: mri_robust_template -all-info  ProgramVersion: 7.3.2  TimeStamp: 2026/03/11-12:26:25-GMT  BuildTime: Aug  4 2022 06:17:15  BuildStamp: freesurfer-linux-ubuntu22_x86_64-7.3.2-20220804-6354275  User: oesteban  Machine: dna050  Platform: Linux  PlatformVersion: 5.14.0-427.37.1.el9_4.x86_64  CompilerName: GCC  CompilerVersion: 8.4.0
ProgramName: mris_anatomical_stats  ProgramArguments: mris_anatomical_stats -all-info  ProgramVersion: 7.3.2  TimeStamp: 2026/03/11-12:26:25-GMT  BuildTime: Aug  4 2022 06:17:15  BuildStamp: freesurfer-linux-ubuntu22_x86_64-7.3.2-20220804-6354275  User: oesteban  Machine: dna050  Platform: Linux  PlatformVersion: 5.14.0-427.37.1.el9_4.x86_64  CompilerName: GCC  CompilerVersion: 8.4.0
ProgramName: mris_ca_label  ProgramArguments: mris_ca_label -all-info  ProgramVersion: 7.3.2  TimeStamp: 2026/03/11-12:26:25-GMT  BuildTime: Aug  4 2022 06:17:15  BuildStamp: freesurfer-linux-ubuntu22_x86_64-7.3.2-20220804-6354275  User: oesteban  Machine: dna050  Platform: Linux  PlatformVersion: 5.14.0-427.37.1.el9_4.x86_64  CompilerName: GCC  CompilerVersion: 8.4.0
ProgramName: mris_calc  ProgramArguments: mris_calc -all-info  ProgramVersion: 7.3.2  TimeStamp: 2026/03/11-12:26:25-GMT  BuildTime: Aug  4 2022 06:17:15  BuildStamp: freesurfer-linux-ubuntu22_x86_64-7.3.2-20220804-6354275  User: oesteban  Machine: dna050  Platform: Linux  PlatformVersion: 5.14.0-427.37.1.el9_4.x86_64  CompilerName: GCC  CompilerVersion: 8.4.0
ProgramName: mris_convert  ProgramArguments: mris_convert -all-info  ProgramVersion: 7.3.2  TimeStamp: 2026/03/11-12:26:25-GMT  BuildTime: Aug  4 2022 06:17:15  BuildStamp: freesurfer-linux-ubuntu22_x86_64-7.3.2-20220804-6354275  User: oesteban  Machine: dna050  Platform: Linux  PlatformVersion: 5.14.0-427.37.1.el9_4.x86_64  CompilerName: GCC  CompilerVersion: 8.4.0
ProgramName: mris_curvature  ProgramArguments: mris_curvature -all-info  ProgramVersion: 7.3.2  TimeStamp: 2026/03/11-12:26:25-GMT  BuildTime: Aug  4 2022 06:17:15  BuildStamp: freesurfer-linux-ubuntu22_x86_64-7.3.2-20220804-6354275  User: oesteban  Machine: dna050  Platform: Linux  PlatformVersion: 5.14.0-427.37.1.el9_4.x86_64  CompilerName: GCC  CompilerVersion: 8.4.0
ProgramName: mris_curvature_stats  ProgramArguments: mris_curvature_stats -all-info  ProgramVersion: 7.3.2  TimeStamp: 2026/03/11-12:26:25-GMT  BuildTime: Aug  4 2022 06:17:15  BuildStamp: freesurfer-linux-ubuntu22_x86_64-7.3.2-20220804-6354275  User: oesteban  Machine: dna050  Platform: Linux  PlatformVersion: 5.14.0-427.37.1.el9_4.x86_64  CompilerName: GCC  CompilerVersion: 8.4.0
ProgramName: mris_diff  ProgramArguments: mris_diff -all-info  ProgramVersion: 7.3.2  TimeStamp: 2026/03/11-12:26:25-GMT  BuildTime: Aug  4 2022 06:17:15  BuildStamp: freesurfer-linux-ubuntu22_x86_64-7.3.2-20220804-6354275  User: oesteban  Machine: dna050  Platform: Linux  PlatformVersion: 5.14.0-427.37.1.el9_4.x86_64  CompilerName: GCC  CompilerVersion: 8.4.0
ProgramName: mris_divide_parcellation  ProgramArguments: mris_divide_parcellation -all-info  ProgramVersion: 7.3.2  TimeStamp: 2026/03/11-12:26:25-GMT  BuildTime: Aug  4 2022 06:17:15  BuildStamp: freesurfer-linux-ubuntu22_x86_64-7.3.2-20220804-6354275  User: oesteban  Machine: dna050  Platform: Linux  PlatformVersion: 5.14.0-427.37.1.el9_4.x86_64  CompilerName: GCC  CompilerVersion: 8.4.0
ProgramName: mri_segment  ProgramArguments: mri_segment -all-info  ProgramVersion: 7.3.2  TimeStamp: 2026/03/11-12:26:25-GMT  BuildTime: Aug  4 2022 06:17:15  BuildStamp: freesurfer-linux-ubuntu22_x86_64-7.3.2-20220804-6354275  User: oesteban  Machine: dna050  Platform: Linux  PlatformVersion: 5.14.0-427.37.1.el9_4.x86_64  CompilerName: GCC  CompilerVersion: 8.4.0
ProgramName: mri_segstats  ProgramArguments: mri_segstats -all-info  ProgramVersion: 7.3.2  TimeStamp: 2026/03/11-12:26:25-GMT  BuildTime: Aug  4 2022 06:17:15  BuildStamp: freesurfer-linux-ubuntu22_x86_64-7.3.2-20220804-6354275  User: oesteban  Machine: dna050  Platform: Linux  PlatformVersion: 5.14.0-427.37.1.el9_4.x86_64  CompilerName: GCC  CompilerVersion: 8.4.0
ProgramName: mris_euler_number  ProgramArguments: mris_euler_number -all-info  ProgramVersion: 7.3.2  TimeStamp: 2026/03/11-12:26:25-GMT  BuildTime: Aug  4 2022 06:17:15  BuildStamp: freesurfer-linux-ubuntu22_x86_64-7.3.2-20220804-6354275  User: oesteban  Machine: dna050  Platform: Linux  PlatformVersion: 5.14.0-427.37.1.el9_4.x86_64  CompilerName: GCC  CompilerVersion: 8.4.0
ProgramName: mris_fix_topology  ProgramArguments: mris_fix_topology -all-info  ProgramVersion: 7.3.2  TimeStamp: 2026/03/11-12:26:25-GMT  BuildTime: Aug  4 2022 06:17:15  BuildStamp: freesurfer-linux-ubuntu22_x86_64-7.3.2-20220804-6354275  User: oesteban  Machine: dna050  Platform: Linux  PlatformVersion: 5.14.0-427.37.1.el9_4.x86_64  CompilerName: GCC  CompilerVersion: 8.4.0
ProgramName: mris_topo_fixer  ProgramArguments: mris_topo_fixer -all-info  ProgramVersion: 7.3.2  TimeStamp: 2026/03/11-12:26:25-GMT  BuildTime: Aug  4 2022 06:17:15  BuildStamp: freesurfer-linux-ubuntu22_x86_64-7.3.2-20220804-6354275  User: oesteban  Machine: dna050  Platform: Linux  PlatformVersion: 5.14.0-427.37.1.el9_4.x86_64  CompilerName: GCC  CompilerVersion: 8.4.0
ProgramName: mris_jacobian  ProgramArguments: mris_jacobian -all-info  ProgramVersion: 7.3.2  TimeStamp: 2026/03/11-12:26:25-GMT  BuildTime: Aug  4 2022 06:17:15  BuildStamp: freesurfer-linux-ubuntu22_x86_64-7.3.2-20220804-6354275  User: oesteban  Machine: dna050  Platform: Linux  PlatformVersion: 5.14.0-427.37.1.el9_4.x86_64  CompilerName: GCC  CompilerVersion: 8.4.0
ProgramName: mris_label2annot  ProgramArguments: mris_label2annot -all-info  ProgramVersion: 7.3.2  TimeStamp: 2026/03/11-12:26:25-GMT  BuildTime: Aug  4 2022 06:17:15  BuildStamp: freesurfer-linux-ubuntu22_x86_64-7.3.2-20220804-6354275  User: oesteban  Machine: dna050  Platform: Linux  PlatformVersion: 5.14.0-427.37.1.el9_4.x86_64  CompilerName: GCC  CompilerVersion: 8.4.0
ProgramName: mris_left_right_register  ProgramArguments: mris_left_right_register -all-info  ProgramVersion: 7.3.2  TimeStamp: 2026/03/11-12:26:25-GMT  BuildTime: Aug  4 2022 06:17:15  BuildStamp: freesurfer-linux-ubuntu22_x86_64-7.3.2-20220804-6354275  User: oesteban  Machine: dna050  Platform: Linux  PlatformVersion: 5.14.0-427.37.1.el9_4.x86_64  CompilerName: GCC  CompilerVersion: 8.4.0
ProgramName: mris_place_surface  ProgramArguments: mris_place_surface -all-info  ProgramVersion: 7.3.2  TimeStamp: 2026/03/11-12:26:25-GMT  BuildTime: Aug  4 2022 06:17:15  BuildStamp: freesurfer-linux-ubuntu22_x86_64-7.3.2-20220804-6354275  User: oesteban  Machine: dna050  Platform: Linux  PlatformVersion: 5.14.0-427.37.1.el9_4.x86_64  CompilerName: GCC  CompilerVersion: 8.4.0
ProgramName: mrisp_paint  ProgramArguments: mrisp_paint -all-info  ProgramVersion: 7.3.2  TimeStamp: 2026/03/11-12:26:25-GMT  BuildTime: Aug  4 2022 06:17:15  BuildStamp: freesurfer-linux-ubuntu22_x86_64-7.3.2-20220804-6354275  User: oesteban  Machine: dna050  Platform: Linux  PlatformVersion: 5.14.0-427.37.1.el9_4.x86_64  CompilerName: GCC  CompilerVersion: 8.4.0
ProgramName: mris_register  ProgramArguments: mris_register -all-info  ProgramVersion: 7.3.2  TimeStamp: 2026/03/11-12:26:25-GMT  BuildTime: Aug  4 2022 06:17:15  BuildStamp: freesurfer-linux-ubuntu22_x86_64-7.3.2-20220804-6354275  User: oesteban  Machine: dna050  Platform: Linux  PlatformVersion: 5.14.0-427.37.1.el9_4.x86_64  CompilerName: GCC  CompilerVersion: 8.4.0
ProgramName: mris_smooth  ProgramArguments: mris_smooth -all-info  ProgramVersion: 7.3.2  TimeStamp: 2026/03/11-12:26:25-GMT  BuildTime: Aug  4 2022 06:17:15  BuildStamp: freesurfer-linux-ubuntu22_x86_64-7.3.2-20220804-6354275  User: oesteban  Machine: dna050  Platform: Linux  PlatformVersion: 5.14.0-427.37.1.el9_4.x86_64  CompilerName: GCC  CompilerVersion: 8.4.0
ProgramName: mris_sphere  ProgramArguments: mris_sphere -all-info  ProgramVersion: 7.3.2  TimeStamp: 2026/03/11-12:26:25-GMT  BuildTime: Aug  4 2022 06:17:15  BuildStamp: freesurfer-linux-ubuntu22_x86_64-7.3.2-20220804-6354275  User: oesteban  Machine: dna050  Platform: Linux  PlatformVersion: 5.14.0-427.37.1.el9_4.x86_64  CompilerName: GCC  CompilerVersion: 8.4.0
ProgramName: mris_surface_stats  ProgramArguments: mris_surface_stats -all-info  ProgramVersion: 7.3.2  TimeStamp: 2026/03/11-12:26:25-GMT  BuildTime: Aug  4 2022 06:17:15  BuildStamp: freesurfer-linux-ubuntu22_x86_64-7.3.2-20220804-6354275  User: oesteban  Machine: dna050  Platform: Linux  PlatformVersion: 5.14.0-427.37.1.el9_4.x86_64  CompilerName: GCC  CompilerVersion: 8.4.0
ProgramName: mri_stats2seg  ProgramArguments: mri_stats2seg -all-info  ProgramVersion: 7.3.2  TimeStamp: 2026/03/11-12:26:25-GMT  BuildTime: Aug  4 2022 06:17:15  BuildStamp: freesurfer-linux-ubuntu22_x86_64-7.3.2-20220804-6354275  User: oesteban  Machine: dna050  Platform: Linux  PlatformVersion: 5.14.0-427.37.1.el9_4.x86_64  CompilerName: GCC  CompilerVersion: 8.4.0
ProgramName: mris_thickness  ProgramArguments: mris_thickness -all-info  ProgramVersion: 7.3.2  TimeStamp: 2026/03/11-12:26:25-GMT  BuildTime: Aug  4 2022 06:17:15  BuildStamp: freesurfer-linux-ubuntu22_x86_64-7.3.2-20220804-6354275  User: oesteban  Machine: dna050  Platform: Linux  PlatformVersion: 5.14.0-427.37.1.el9_4.x86_64  CompilerName: GCC  CompilerVersion: 8.4.0
ProgramName: mris_thickness_diff  ProgramArguments: mris_thickness_diff -all-info  ProgramVersion: 7.3.2  TimeStamp: 2026/03/11-12:26:25-GMT  BuildTime: Aug  4 2022 06:17:15  BuildStamp: freesurfer-linux-ubuntu22_x86_64-7.3.2-20220804-6354275  User: oesteban  Machine: dna050  Platform: Linux  PlatformVersion: 5.14.0-427.37.1.el9_4.x86_64  CompilerName: GCC  CompilerVersion: 8.4.0
ProgramName: mris_topo_fixer  ProgramArguments: mris_topo_fixer -all-info  ProgramVersion: 7.3.2  TimeStamp: 2026/03/11-12:26:25-GMT  BuildTime: Aug  4 2022 06:17:15  BuildStamp: freesurfer-linux-ubuntu22_x86_64-7.3.2-20220804-6354275  User: oesteban  Machine: dna050  Platform: Linux  PlatformVersion: 5.14.0-427.37.1.el9_4.x86_64  CompilerName: GCC  CompilerVersion: 8.4.0
ProgramName: mri_surf2surf  ProgramArguments: mri_surf2surf -all-info  ProgramVersion: 7.3.2  TimeStamp: 2026/03/11-12:26:25-GMT  BuildTime: Aug  4 2022 06:17:15  BuildStamp: freesurfer-linux-ubuntu22_x86_64-7.3.2-20220804-6354275  User: oesteban  Machine: dna050  Platform: Linux  PlatformVersion: 5.14.0-427.37.1.el9_4.x86_64  CompilerName: GCC  CompilerVersion: 8.4.0
ProgramName: mri_surf2vol  ProgramArguments: mri_surf2vol -all-info  ProgramVersion: 7.3.2  TimeStamp: 2026/03/11-12:26:25-GMT  BuildTime: Aug  4 2022 06:17:15  BuildStamp: freesurfer-linux-ubuntu22_x86_64-7.3.2-20220804-6354275  User: oesteban  Machine: dna050  Platform: Linux  PlatformVersion: 5.14.0-427.37.1.el9_4.x86_64  CompilerName: GCC  CompilerVersion: 8.4.0
ProgramName: mri_surfcluster  ProgramArguments: mri_surfcluster -all-info  ProgramVersion: 7.3.2  TimeStamp: 2026/03/11-12:26:25-GMT  BuildTime: Aug  4 2022 06:17:15  BuildStamp: freesurfer-linux-ubuntu22_x86_64-7.3.2-20220804-6354275  User: oesteban  Machine: dna050  Platform: Linux  PlatformVersion: 5.14.0-427.37.1.el9_4.x86_64  CompilerName: GCC  CompilerVersion: 8.4.0
ProgramName: mris_volmask  ProgramArguments: mris_volmask -all-info  ProgramVersion: 7.3.2  TimeStamp: 2026/03/11-12:26:25-GMT  BuildTime: Aug  4 2022 06:17:15  BuildStamp: freesurfer-linux-ubuntu22_x86_64-7.3.2-20220804-6354275  User: oesteban  Machine: dna050  Platform: Linux  PlatformVersion: 5.14.0-427.37.1.el9_4.x86_64  CompilerName: GCC  CompilerVersion: 8.4.0
ProgramName: mri_tessellate  ProgramArguments: mri_tessellate -all-info  ProgramVersion: 7.3.2  TimeStamp: 2026/03/11-12:26:25-GMT  BuildTime: Aug  4 2022 06:17:15  BuildStamp: freesurfer-linux-ubuntu22_x86_64-7.3.2-20220804-6354275  User: oesteban  Machine: dna050  Platform: Linux  PlatformVersion: 5.14.0-427.37.1.el9_4.x86_64  CompilerName: GCC  CompilerVersion: 8.4.0
ProgramName: mri_vol2surf  ProgramArguments: mri_vol2surf -all-info  ProgramVersion: 7.3.2  TimeStamp: 2026/03/11-12:26:25-GMT  BuildTime: Aug  4 2022 06:17:15  BuildStamp: freesurfer-linux-ubuntu22_x86_64-7.3.2-20220804-6354275  User: oesteban  Machine: dna050  Platform: Linux  PlatformVersion: 5.14.0-427.37.1.el9_4.x86_64  CompilerName: GCC  CompilerVersion: 8.4.0
ProgramName: mri_vol2vol  ProgramArguments: mri_vol2vol -all-info  ProgramVersion: 7.3.2  TimeStamp: 2026/03/11-12:26:26-GMT  BuildTime: Aug  4 2022 06:17:15  BuildStamp: freesurfer-linux-ubuntu22_x86_64-7.3.2-20220804-6354275  User: oesteban  Machine: dna050  Platform: Linux  PlatformVersion: 5.14.0-427.37.1.el9_4.x86_64  CompilerName: GCC  CompilerVersion: 8.4.0
ProgramName: mri_voldiff  ProgramArguments: mri_voldiff -all-info  ProgramVersion: 7.3.2  TimeStamp: 2026/03/11-12:26:26-GMT  BuildTime: Aug  4 2022 06:17:15  BuildStamp: freesurfer-linux-ubuntu22_x86_64-7.3.2-20220804-6354275  User: oesteban  Machine: dna050  Platform: Linux  PlatformVersion: 5.14.0-427.37.1.el9_4.x86_64  CompilerName: GCC  CompilerVersion: 8.4.0
ProgramName: mri_watershed  ProgramArguments: mri_watershed -all-info  ProgramVersion: 7.3.2  TimeStamp: 2026/03/11-12:26:26-GMT  BuildTime: Aug  4 2022 06:17:15  BuildStamp: freesurfer-linux-ubuntu22_x86_64-7.3.2-20220804-6354275  User: oesteban  Machine: dna050  Platform: Linux  PlatformVersion: 5.14.0-427.37.1.el9_4.x86_64  CompilerName: GCC  CompilerVersion: 8.4.0
ProgramName: tkregister2  ProgramArguments: tkregister2_cmdl -all-info  ProgramVersion: 7.3.2  TimeStamp: 2026/03/11-12:26:26-GMT  BuildTime: Aug  4 2022 06:17:15  BuildStamp: freesurfer-linux-ubuntu22_x86_64-7.3.2-20220804-6354275  User: oesteban  Machine: dna050  Platform: Linux  PlatformVersion: 5.14.0-427.37.1.el9_4.x86_64  CompilerName: GCC  CompilerVersion: 8.4.0
mri_motion_correct.fsl 7.3.2
mri_convert -all-info 
ProgramName: mri_convert  ProgramArguments: mri_convert -all-info  ProgramVersion: 7.3.2  TimeStamp: 2026/03/11-12:26:26-GMT  BuildTime: Aug  4 2022 06:17:15  BuildStamp: freesurfer-linux-ubuntu22_x86_64-7.3.2-20220804-6354275  User: oesteban  Machine: dna050  Platform: Linux  PlatformVersion: 5.14.0-427.37.1.el9_4.x86_64  CompilerName: GCC  CompilerVersion: 8.4.0
Program nu_correct, built from:
Package MNI N3, version 1.12.0, compiled by nicks@terrier (x86_64-unknown-linux-gnu) on 2015-06-19 at 01:25:34
#######################################
GCADIR /opt/freesurfer/average
GCA RB_all_2020-01-02.gca
GCASkull RB_all_withskull_2020_01_02.gca
AvgCurvTif folding.atlas.acfb40.noaparc.i12.2016-08-02.tif
GCSDIR /opt/freesurfer/average
GCS DKaparc.atlas.acfb40.noaparc.i12.2016-08-02.gcs
#######################################
#--------------------------------------------
#@# Tessellate lh Wed Mar 11 13:26:26 CET 2026
/out/sourcedata/freesurfer/sub-v2s16x51307_ses-1/scripts

 mri_pretess ../mri/filled.mgz 255 ../mri/norm.mgz ../mri/filled-pretess255.mgz 


Iteration Number : 1
pass   1 (xy+):   0 found -   0 modified     |    TOTAL:   0
pass   1 (xy-):   0 found -   0 modified     |    TOTAL:   0
pass   1 (yz+):   3 found -   3 modified     |    TOTAL:   3
pass   2 (yz+):   0 found -   3 modified     |    TOTAL:   3
pass   1 (yz-):   3 found -   3 modified     |    TOTAL:   6
pass   2 (yz-):   0 found -   3 modified     |    TOTAL:   6
pass   1 (xz+):   0 found -   0 modified     |    TOTAL:   6
pass   1 (xz-):   1 found -   1 modified     |    TOTAL:   7
pass   2 (xz-):   0 found -   1 modified     |    TOTAL:   7
Iteration Number : 1
pass   1 (+++):   0 found -   0 modified     |    TOTAL:   0
pass   1 (+++):   0 found -   0 modified     |    TOTAL:   0
pass   1 (+++):   0 found -   0 modified     |    TOTAL:   0
pass   1 (+++):   0 found -   0 modified     |    TOTAL:   0
Iteration Number : 1
pass   1 (++):   0 found -   0 modified     |    TOTAL:   0
pass   1 (+-):   0 found -   0 modified     |    TOTAL:   0
pass   1 (--):   0 found -   0 modified     |    TOTAL:   0
pass   1 (-+):   0 found -   0 modified     |    TOTAL:   0
Iteration Number : 2
pass   1 (xy+):   0 found -   0 modified     |    TOTAL:   0
pass   1 (xy-):   0 found -   0 modified     |    TOTAL:   0
pass   1 (yz+):   0 found -   0 modified     |    TOTAL:   0
pass   1 (yz-):   0 found -   0 modified     |    TOTAL:   0
pass   1 (xz+):   0 found -   0 modified     |    TOTAL:   0
pass   1 (xz-):   0 found -   0 modified     |    TOTAL:   0
Iteration Number : 2
pass   1 (+++):   0 found -   0 modified     |    TOTAL:   0
pass   1 (+++):   0 found -   0 modified     |    TOTAL:   0
pass   1 (+++):   0 found -   0 modified     |    TOTAL:   0
pass   1 (+++):   0 found -   0 modified     |    TOTAL:   0
Iteration Number : 2
pass   1 (++):   0 found -   0 modified     |    TOTAL:   0
pass   1 (+-):   0 found -   0 modified     |    TOTAL:   0
pass   1 (--):   0 found -   0 modified     |    TOTAL:   0
pass   1 (-+):   0 found -   0 modified     |    TOTAL:   0

Total Number of Modified Voxels = 7 (out of 236195: 0.002964)
Ambiguous edge configurations... 

mri_pretess done


 mri_tessellate ../mri/filled-pretess255.mgz 255 ../surf/lh.orig.nofix 

7.3.2
  7.3.2
slice 40: 447 vertices, 501 faces
slice 50: 4281 vertices, 4433 faces
slice 60: 9918 vertices, 10157 faces
slice 70: 17646 vertices, 17931 faces
slice 80: 27242 vertices, 27611 faces
slice 90: 37609 vertices, 37940 faces
slice 100: 48617 vertices, 48999 faces
slice 110: 60610 vertices, 60983 faces
slice 120: 72312 vertices, 72699 faces
slice 130: 83214 vertices, 83559 faces
slice 140: 93792 vertices, 94142 faces
slice 150: 102464 vertices, 102746 faces
slice 160: 109225 vertices, 109475 faces
slice 170: 114944 vertices, 115148 faces
slice 180: 119658 vertices, 119819 faces
slice 190: 123030 vertices, 123146 faces
slice 200: 124112 vertices, 124128 faces
slice 210: 124112 vertices, 124128 faces
slice 220: 124112 vertices, 124128 faces
slice 230: 124112 vertices, 124128 faces
slice 240: 124112 vertices, 124128 faces
slice 250: 124112 vertices, 124128 faces
using the conformed surface RAS to save vertex points...
writing ../surf/lh.orig.nofix
using vox2ras matrix:
-1.00000   0.00000   0.00000   128.00000;
 0.00000   0.00000   1.00000  -128.00000;
 0.00000  -1.00000   0.00000   128.00000;
 0.00000   0.00000   0.00000   1.00000;

 rm -f ../mri/filled-pretess255.mgz 


 mris_extract_main_component ../surf/lh.orig.nofix ../surf/lh.orig.nofix 


counting number of connected components...
   124112 voxel in cpt #1: X=-16 [v=124112,e=372384,f=248256] located at (-28.190691, -16.559841, 4.918646)
For the whole surface: X=-16 [v=124112,e=372384,f=248256]
One single component has been found
nothing to do
done

#--------------------------------------------
#@# Smooth1 lh Wed Mar 11 13:26:29 CET 2026
/out/sourcedata/freesurfer/sub-v2s16x51307_ses-1/scripts

 mris_smooth -nw -seed 1234 ../surf/lh.orig.nofix ../surf/lh.smoothwm.nofix 

setting seed for random number generator to 1234
smoothing surface tessellation for 10 iterations...
smoothing complete - recomputing first and second fundamental forms...
#--------------------------------------------
#@# Inflation1 lh Wed Mar 11 13:26:31 CET 2026
/out/sourcedata/freesurfer/sub-v2s16x51307_ses-1/scripts

 mris_inflate -no-save-sulc ../surf/lh.smoothwm.nofix ../surf/lh.inflated.nofix 

Not saving sulc
Reading ../surf/lh.smoothwm.nofix
avg radius = 44.8 mm, total surface area = 67929 mm^2
step 000: RMS=0.145 (target=0.015)   step 005: RMS=0.112 (target=0.015)   step 010: RMS=0.083 (target=0.015)   step 015: RMS=0.068 (target=0.015)   step 020: RMS=0.058 (target=0.015)   step 025: RMS=0.050 (target=0.015)   step 030: RMS=0.044 (target=0.015)   step 035: RMS=0.039 (target=0.015)   step 040: RMS=0.036 (target=0.015)   step 045: RMS=0.034 (target=0.015)   step 050: RMS=0.032 (target=0.015)   step 055: RMS=0.031 (target=0.015)   step 060: RMS=0.029 (target=0.015)   writing inflated surface to ../surf/lh.inflated.nofix
inflation took 0.1 minutes

inflation complete.
Not saving sulc
mris_inflate utimesec    44.017893
mris_inflate stimesec    1.687444
mris_inflate ru_maxrss   199004
mris_inflate ru_ixrss    0
mris_inflate ru_idrss    0
mris_inflate ru_isrss    0
mris_inflate ru_minflt   581634
mris_inflate ru_majflt   41
mris_inflate ru_nswap    0
mris_inflate ru_inblock  1672
mris_inflate ru_oublock  8736
mris_inflate ru_msgsnd   0
mris_inflate ru_msgrcv   0
mris_inflate ru_nsignals 0
mris_inflate ru_nvcsw    5464
mris_inflate ru_nivcsw   870
#--------------------------------------------
#@# QSphere lh Wed Mar 11 13:26:40 CET 2026
/out/sourcedata/freesurfer/sub-v2s16x51307_ses-1/scripts

 mris_sphere -q -p 6 -a 128 -seed 1234 ../surf/lh.inflated.nofix ../surf/lh.qsphere.nofix 

doing quick spherical unfolding.
limitting unfolding to 6 passes
using n_averages = 128
setting seed for random number genererator to 1234
version: 7.3.2
available threads: 16
scaling brain by 0.318...
inflating...
projecting onto sphere...
surface projected - minimizing metric distortion...
vertex spacing 1.05 +- 0.57 (0.00-->10.12) (max @ vno 49516 --> 50812)
face area 0.03 +- 0.03 (-0.76-->1.26)
Entering MRISinflateToSphere()
inflating to sphere (rms error < 2.00)
000: dt: 0.0000, rms radial error=177.197, avgs=0
005/300: dt: 0.9000, rms radial error=176.941, avgs=0
010/300: dt: 0.9000, rms radial error=176.391, avgs=0
015/300: dt: 0.9000, rms radial error=175.668, avgs=0
020/300: dt: 0.9000, rms radial error=174.844, avgs=0
025/300: dt: 0.9000, rms radial error=173.959, avgs=0
030/300: dt: 0.9000, rms radial error=173.037, avgs=0
035/300: dt: 0.9000, rms radial error=172.098, avgs=0
040/300: dt: 0.9000, rms radial error=171.151, avgs=0
045/300: dt: 0.9000, rms radial error=170.201, avgs=0
050/300: dt: 0.9000, rms radial error=169.251, avgs=0
055/300: dt: 0.9000, rms radial error=168.304, avgs=0
060/300: dt: 0.9000, rms radial error=167.360, avgs=0
065/300: dt: 0.9000, rms radial error=166.420, avgs=0
070/300: dt: 0.9000, rms radial error=165.485, avgs=0
075/300: dt: 0.9000, rms radial error=164.554, avgs=0
080/300: dt: 0.9000, rms radial error=163.628, avgs=0
085/300: dt: 0.9000, rms radial error=162.706, avgs=0
090/300: dt: 0.9000, rms radial error=161.790, avgs=0
095/300: dt: 0.9000, rms radial error=160.878, avgs=0
100/300: dt: 0.9000, rms radial error=159.972, avgs=0
105/300: dt: 0.9000, rms radial error=159.070, avgs=0
110/300: dt: 0.9000, rms radial error=158.174, avgs=0
115/300: dt: 0.9000, rms radial error=157.282, avgs=0
120/300: dt: 0.9000, rms radial error=156.395, avgs=0
125/300: dt: 0.9000, rms radial error=155.513, avgs=0
130/300: dt: 0.9000, rms radial error=154.636, avgs=0
135/300: dt: 0.9000, rms radial error=153.763, avgs=0
140/300: dt: 0.9000, rms radial error=152.896, avgs=0
145/300: dt: 0.9000, rms radial error=152.033, avgs=0
150/300: dt: 0.9000, rms radial error=151.175, avgs=0
155/300: dt: 0.9000, rms radial error=150.321, avgs=0
160/300: dt: 0.9000, rms radial error=149.472, avgs=0
165/300: dt: 0.9000, rms radial error=148.628, avgs=0
170/300: dt: 0.9000, rms radial error=147.789, avgs=0
175/300: dt: 0.9000, rms radial error=146.954, avgs=0
180/300: dt: 0.9000, rms radial error=146.124, avgs=0
185/300: dt: 0.9000, rms radial error=145.298, avgs=0
190/300: dt: 0.9000, rms radial error=144.478, avgs=0
195/300: dt: 0.9000, rms radial error=143.661, avgs=0
200/300: dt: 0.9000, rms radial error=142.850, avgs=0
205/300: dt: 0.9000, rms radial error=142.043, avgs=0
210/300: dt: 0.9000, rms radial error=141.240, avgs=0
215/300: dt: 0.9000, rms radial error=140.442, avgs=0
220/300: dt: 0.9000, rms radial error=139.649, avgs=0
225/300: dt: 0.9000, rms radial error=138.861, avgs=0
230/300: dt: 0.9000, rms radial error=138.077, avgs=0
235/300: dt: 0.9000, rms radial error=137.297, avgs=0
240/300: dt: 0.9000, rms radial error=136.522, avgs=0
245/300: dt: 0.9000, rms radial error=135.752, avgs=0
250/300: dt: 0.9000, rms radial error=134.985, avgs=0
255/300: dt: 0.9000, rms radial error=134.223, avgs=0
260/300: dt: 0.9000, rms radial error=133.465, avgs=0
265/300: dt: 0.9000, rms radial error=132.712, avgs=0
270/300: dt: 0.9000, rms radial error=131.962, avgs=0
275/300: dt: 0.9000, rms radial error=131.217, avgs=0
280/300: dt: 0.9000, rms radial error=130.477, avgs=0
285/300: dt: 0.9000, rms radial error=129.740, avgs=0
290/300: dt: 0.9000, rms radial error=129.008, avgs=0
295/300: dt: 0.9000, rms radial error=128.279, avgs=0
300/300: dt: 0.9000, rms radial error=127.555, avgs=0

spherical inflation complete.
epoch 1 (K=10.0), pass 1, starting sse = 14262.87
taking momentum steps...
taking momentum steps...
taking momentum steps...
taking momentum steps...
pass 1 complete, delta sse/iter = 0.00/13 = 0.00026
epoch 2 (K=40.0), pass 1, starting sse = 2217.79
taking momentum steps...
taking momentum steps...
taking momentum steps...
taking momentum steps...
pass 1 complete, delta sse/iter = 0.00/13 = 0.00022
epoch 3 (K=160.0), pass 1, starting sse = 183.06
taking momentum steps...
taking momentum steps...
taking momentum steps...
taking momentum steps...
pass 1 complete, delta sse/iter = 0.15/16 = 0.00964
epoch 4 (K=640.0), pass 1, starting sse = 6.44
taking momentum steps...
taking momentum steps...
taking momentum steps...
taking momentum steps...
pass 1 complete, delta sse/iter = 0.11/18 = 0.00605
final distance error %100000.00
writing spherical brain to ../surf/lh.qsphere.nofix
spherical transformation took 0.0138 hours
FSRUNTIME@ mris_sphere  0.0138 hours 16 threads
#VMPC# mris_sphere VmPeak  2123028
mris_sphere done
#@# Fix Topology lh Wed Mar 11 13:27:29 CET 2026

 mris_fix_topology -mgz -sphere qsphere.nofix -inflated inflated.nofix -orig orig.nofix -out orig.premesh -ga -seed 1234 sub-v2s16x51307_ses-1 lh 

reading spherical homeomorphism from 'qsphere.nofix'
reading inflated coordinates from 'inflated.nofix'
reading original coordinates from 'orig.nofix'
using genetic algorithm with optimized parameters
setting seed for random number genererator to 1234

*************************************************************
Topology Correction Parameters
retessellation mode:           genetic search
number of patches/generation : 10
number of generations :        10
surface mri loglikelihood coefficient :         1.0
volume mri loglikelihood coefficient :          10.0
normal dot loglikelihood coefficient :          1.0
quadratic curvature loglikelihood coefficient : 1.0
volume resolution :                             2
eliminate vertices during search :              1
initial patch selection :                       1
select all defect vertices :                    0
ordering dependant retessellation:              0
use precomputed edge table :                    0
smooth retessellated patch :                    2
match retessellated patch :                     1
verbose mode :                                  0

*************************************************************
INFO: assuming .mgz format
writing corrected surface to 'orig.premesh'
7.3.2
  7.3.2
before topology correction, eno=-16 (nv=124112, nf=248256, ne=372384, g=9)
using quasi-homeomorphic spherical map to tessellate cortical surface...

Correction of the Topology
Finding true center and radius of Spherical Surface...done
Surface centered at (0,0,0) with radius 100.0 in 8 iterations
marking ambiguous vertices...
872 ambiguous faces found in tessellation
segmenting defects...
17 defects found, arbitrating ambiguous regions...
analyzing neighboring defects...
17 defects to be corrected 
0 vertices coincident
reading input surface /out/sourcedata/freesurfer/sub-v2s16x51307_ses-1/surf/lh.qsphere.nofix...
reading brain volume from brain...
reading wm segmentation from wm...
Reading original properties of orig.nofix
Reading vertex positions of inflated.nofix
Computing Initial Surface Statistics
      -face       loglikelihood: -9.3257  (-4.6628)
      -vertex     loglikelihood: -6.4377  (-3.2188)
      -normal dot loglikelihood: -3.5473  (-3.5473)
      -quad curv  loglikelihood: -6.2537  (-3.1269)
      Total Loglikelihood : -25.5644
CORRECTING DEFECT 0 (vertices=7, convex hull=29, v0=42414)
After retessellation of defect 0 (v0=42414), euler #=-12 (123541,370279,246726) : difference with theory (-14) = -2 
CORRECTING DEFECT 1 (vertices=199, convex hull=186, v0=43532)
normal vector of length zero at vertex 123667 with 3 faces
normal vector of length zero at vertex 123667 with 4 faces
After retessellation of defect 1 (v0=43532), euler #=-13 (123646,370687,247028) : difference with theory (-13) = 0 
CORRECTING DEFECT 2 (vertices=7, convex hull=24, v0=48246)
After retessellation of defect 2 (v0=48246), euler #=-12 (123650,370706,247044) : difference with theory (-12) = 0 
CORRECTING DEFECT 3 (vertices=21, convex hull=19, v0=51808)
After retessellation of defect 3 (v0=51808), euler #=-11 (123652,370716,247053) : difference with theory (-11) = 0 
CORRECTING DEFECT 4 (vertices=5, convex hull=19, v0=59261)
After retessellation of defect 4 (v0=59261), euler #=-10 (123653,370723,247060) : difference with theory (-10) = 0 
CORRECTING DEFECT 5 (vertices=20, convex hull=62, v0=64999)
After retessellation of defect 5 (v0=64999), euler #=-9 (123662,370776,247105) : difference with theory (-9) = 0 
CORRECTING DEFECT 6 (vertices=62, convex hull=86, v0=77658)
After retessellation of defect 6 (v0=77658), euler #=-8 (123692,370903,247203) : difference with theory (-8) = 0 
CORRECTING DEFECT 7 (vertices=5, convex hull=11, v0=82331)
After retessellation of defect 7 (v0=82331), euler #=-7 (123693,370908,247208) : difference with theory (-7) = 0 
CORRECTING DEFECT 8 (vertices=28, convex hull=21, v0=85655)
After retessellation of defect 8 (v0=85655), euler #=-6 (123698,370929,247225) : difference with theory (-6) = 0 
CORRECTING DEFECT 9 (vertices=6, convex hull=21, v0=87938)
After retessellation of defect 9 (v0=87938), euler #=-5 (123699,370937,247233) : difference with theory (-5) = 0 
CORRECTING DEFECT 10 (vertices=29, convex hull=53, v0=96300)
After retessellation of defect 10 (v0=96300), euler #=-4 (123703,370970,247263) : difference with theory (-4) = 0 
CORRECTING DEFECT 11 (vertices=20, convex hull=65, v0=103166)
After retessellation of defect 11 (v0=103166), euler #=-3 (123713,371025,247309) : difference with theory (-3) = 0 
CORRECTING DEFECT 12 (vertices=14, convex hull=38, v0=105918)
After retessellation of defect 12 (v0=105918), euler #=-2 (123714,371038,247322) : difference with theory (-2) = 0 
CORRECTING DEFECT 13 (vertices=19, convex hull=45, v0=107839)
After retessellation of defect 13 (v0=107839), euler #=-1 (123719,371069,247349) : difference with theory (-1) = 0 
CORRECTING DEFECT 14 (vertices=24, convex hull=84, v0=110243)
After retessellation of defect 14 (v0=110243), euler #=0 (123731,371139,247408) : difference with theory (0) = 0 
CORRECTING DEFECT 15 (vertices=79, convex hull=76, v0=118892)
After retessellation of defect 15 (v0=118892), euler #=1 (123742,371207,247466) : difference with theory (1) = 0 
CORRECTING DEFECT 16 (vertices=30, convex hull=32, v0=122677)
After retessellation of defect 16 (v0=122677), euler #=2 (123748,371238,247492) : difference with theory (2) = 0 
computing original vertex metric properties...
storing new metric properties...
computing tessellation statistics...
vertex spacing 0.89 +- 0.21 (0.05-->7.68) (max @ vno 118427 --> 120784)
face area -nan +- -nan (1000.00-->-1.00)
performing soap bubble on retessellated vertices for 0 iterations...
vertex spacing 0.89 +- 0.21 (0.05-->7.68) (max @ vno 118427 --> 120784)
face area -nan +- -nan (1000.00-->-1.00)
tessellation finished, orienting corrected surface...
65 mutations (36.5%), 113 crossovers (63.5%), 18 vertices were eliminated
building final representation...
364 vertices and 0 faces have been removed from triangulation
after topology correction, eno=2 (nv=123748, nf=247492, ne=371238, g=0)
writing corrected surface to /out/sourcedata/freesurfer/sub-v2s16x51307_ses-1/surf/lh.orig.premesh...

0.000 % of the vertices (0 vertices) exhibit an orientation change
removing intersecting faces
000: 99 intersecting
001: 2 intersecting
terminating search with 0 intersecting
topology fixing took 0.5 minutes
FSRUNTIME@ mris_fix_topology lh  0.0091 hours 16 threads
#VMPC# mris_fix_topology VmPeak  1839436

 mris_euler_number ../surf/lh.orig.premesh 

euler # = v-e+f = 2g-2: 123748 - 371238 + 247492 = 2 --> 0 holes
      F =2V-4:          247492 = 247496-4 (0)
      2E=3F:            742476 = 742476 (0)

total defect index = 0
Wed Mar 11 13:28:02 CET 2026

setenv SUBJECTS_DIR /out/sourcedata/freesurfer
cd /out/sourcedata/freesurfer/sub-v2s16x51307_ses-1/scripts
/opt/freesurfer/bin/defect2seg --s sub-v2s16x51307_ses-1 --lh-only --cortex

freesurfer-linux-ubuntu22_x86_64-7.3.2-20220804-6354275
defect2seg 7.3.2
Linux dna050 5.14.0-427.37.1.el9_4.x86_64 #1 SMP PREEMPT_DYNAMIC Fri Sep 13 12:41:50 EDT 2024 x86_64 x86_64 x86_64 GNU/Linux
pid 2354702
mri_label2label --label-cortex /out/sourcedata/freesurfer/sub-v2s16x51307_ses-1/surf/lh.orig.nofix /out/sourcedata/freesurfer/sub-v2s16x51307_ses-1/mri/aseg.presurf.mgz 0 /out/sourcedata/freesurfer/sub-v2s16x51307_ses-1/label/lh.nofix.cortex.label

 Generating cortex label... RemoveHipAmgy=0
 NucAccIsMedialWall=0
 mris->useRealRAS=0
7 non-cortical segments detected
only using segment with 7582 vertices
erasing segment 1 (vno[0] = 49559)
erasing segment 2 (vno[0] = 78601)
erasing segment 3 (vno[0] = 85890)
erasing segment 4 (vno[0] = 90126)
erasing segment 5 (vno[0] = 90189)
erasing segment 6 (vno[0] = 92360)
mri_label2vol --defects /out/sourcedata/freesurfer/sub-v2s16x51307_ses-1/surf/lh.orig.nofix /out/sourcedata/freesurfer/sub-v2s16x51307_ses-1/surf/lh.defect_labels /out/sourcedata/freesurfer/sub-v2s16x51307_ses-1/mri/orig.mgz 1000 0 /out/sourcedata/freesurfer/sub-v2s16x51307_ses-1/mri/lh.surface.defects.mgz /out/sourcedata/freesurfer/sub-v2s16x51307_ses-1/label/lh.nofix.cortex.label
mri_label2vol supposed to be reproducible but seed not set
Contraining to label /out/sourcedata/freesurfer/sub-v2s16x51307_ses-1/label/lh.nofix.cortex.label
Changing input type 0 to MRI_INT
Converting defects to volume: offset=1000, merge=0
Writing to /out/sourcedata/freesurfer/sub-v2s16x51307_ses-1/mri/lh.surface.defects.mgz
mris_defects_pointset -s /out/sourcedata/freesurfer/sub-v2s16x51307_ses-1/surf/lh.orig.nofix -d /out/sourcedata/freesurfer/sub-v2s16x51307_ses-1/surf/lh.defect_labels -o /out/sourcedata/freesurfer/sub-v2s16x51307_ses-1/surf/lh.defects.pointset --label /out/sourcedata/freesurfer/sub-v2s16x51307_ses-1/label/lh.nofix.cortex.label
Reading in surface /out/sourcedata/freesurfer/sub-v2s16x51307_ses-1/surf/lh.orig.nofix
Reading in defect segmentation /out/sourcedata/freesurfer/sub-v2s16x51307_ses-1/surf/lh.defect_labels
Reading in label /out/sourcedata/freesurfer/sub-v2s16x51307_ses-1/label/lh.nofix.cortex.label
#VMPC# mris_defects_pointset 1323372
mris_defects_pointset done
 
Started at Wed Mar 11 13:28:02 CET 2026 
Ended   at Wed Mar 11 13:28:17 CET 2026
Defect2seg-Run-Time-Sec 15
Defect2seg-Run-Time-Min 0.30
Defect2seg-Run-Time-Hours 0.00
 
tkmeditfv sub-v2s16x51307_ses-1 brain.finalsurfs.mgz -defect
defect2seg Done

 mris_remesh --remesh --iters 3 --input /out/sourcedata/freesurfer/sub-v2s16x51307_ses-1/surf/lh.orig.premesh --output /out/sourcedata/freesurfer/sub-v2s16x51307_ses-1/surf/lh.orig 

iters = 3
standard remeshing without target
   adjusted l: 0.709836
remeshing to edge length 0.709836 with 3 iterations

avg qual before   : 0.893341  after: 0.971281

Removing intersections
Remeshed surface quality stats nv0 = 123748  nv = 129417  1.04581
Area    258830  0.30199  0.03362 0.067083   0.4575
Corner  776490 60.00000  8.78889 14.638035 149.5518
Edge    388245  0.84304  0.08223 0.452388   1.3302
Hinge   388245  9.01435  9.82432 0.000025 132.9723
mris_remesh done
/out/sourcedata/freesurfer/sub-v2s16x51307_ses-1/scripts

 mris_remove_intersection ../surf/lh.orig ../surf/lh.orig 

intersection removal took 0.00 hours
writing corrected surface to ../surf/lh.orig

 rm -f ../surf/lh.inflated 

#--------------------------------------------
#@# AutoDetGWStats lh Wed Mar 11 13:28:45 CET 2026
cd /out/sourcedata/freesurfer/sub-v2s16x51307_ses-1/mri
mris_autodet_gwstats --o ../surf/autodet.gw.stats.lh.dat --i brain.finalsurfs.mgz --wm wm.mgz --surf ../surf/lh.orig.premesh
7.3.2

cd /out/sourcedata/freesurfer/sub-v2s16x51307_ses-1/mri
setenv SUBJECTS_DIR /out/sourcedata/freesurfer
mris_autodet_gwstats --o ../surf/autodet.gw.stats.lh.dat --i brain.finalsurfs.mgz --wm wm.mgz --surf ../surf/lh.orig.premesh 

border white:    227619 voxels (1.36%)
border gray      260967 voxels (1.56%)
Reading in intensity volume brain.finalsurfs.mgz
Reading in wm volume wm.mgz
Reading in surf ../surf/lh.orig.premesh
Auto detecting stats
MRIclipBrightWM(): nthresh=13430, wmmin=5, clip=110 
Binarizing thresholding at 5
computing class statistics... low=30, hi=110.000000
CCS WM (98.0): 97.9 +- 8.7 [70.0 --> 110.0]
CCS GM (72.0) : 71.4 +- 10.2 [30.0 --> 110.0]
white_mean = 97.9078 +/- 8.66591, gray_mean = 71.4414 +/- 10.1685
using class modes intead of means, discounting robust sigmas....
MRIScomputeClassModes(): min=0 max=180 nbins=181
intensity peaks found at WM=103+-7.0,    GM=63+-8.7
white_mode = 103, gray_mode = 63
std_scale = 1
Applying sanity checks, max_scale_down = 0.2
setting MIN_GRAY_AT_WHITE_BORDER to 52.8 (was 70.000000)
setting MAX_BORDER_WHITE to 111.7 (was 105.000000)
setting MIN_BORDER_WHITE to 63.0 (was 85.000000)
setting MAX_CSF to 42.7 (was 40.000000)
setting MAX_GRAY to 94.3 (was 95.000000)
setting MAX_GRAY_AT_CSF_BORDER to 52.8 (was 75.000000)
setting MIN_GRAY_AT_CSF_BORDER to 32.5 (was 40.000000)
When placing the white surface
  white_border_hi   = 111.666;
  white_border_low  = 63;
  white_outside_low = 52.8315;
  white_inside_hi   = 120;
  white_outside_hi  = 111.666;
When placing the pial surface
  pial_border_hi   = 52.8315;
  pial_border_low  = 32.4946;
  pial_outside_low = 10;
  pial_inside_hi   = 94.3341;
  pial_outside_hi  = 47.7473;
#VMPC# mris_autodet_gwstats VmPeak  1516876
mris_autodet_gwstats done
#--------------------------------------------
#@# WhitePreAparc lh Wed Mar 11 13:28:48 CET 2026
cd /out/sourcedata/freesurfer/sub-v2s16x51307_ses-1/mri
mris_place_surface --adgws-in ../surf/autodet.gw.stats.lh.dat --wm wm.mgz --threads 16 --invol brain.finalsurfs.mgz --lh --i ../surf/lh.orig --o ../surf/lh.white.preaparc --white --seg aseg.presurf.mgz --nsmooth 5
7.3.2
7.3.2

cd /out/sourcedata/freesurfer/sub-v2s16x51307_ses-1/mri
setenv SUBJECTS_DIR /out/sourcedata/freesurfer
mris_place_surface --adgws-in ../surf/autodet.gw.stats.lh.dat --wm wm.mgz --threads 16 --invol brain.finalsurfs.mgz --lh --i ../surf/lh.orig --o ../surf/lh.white.preaparc --white --seg aseg.presurf.mgz --nsmooth 5 

Reading in input surface ../surf/lh.orig
Smoothing surface before ripping with 5 iterations
Area    258830  0.26946  0.06324 0.002528   0.6067
Corner  776490 60.00000  9.47319 6.289576 143.7363
Edge    388245  0.79255  0.11404 0.042449   1.3354
Hinge   388245  6.14289  6.39607 0.000020 148.6065
Not reading in aparc
Reading in input volume brain.finalsurfs.mgz
Reading in wm volume wm.mgz
MRIclipBrightWM(): nthresh=13430, wmmin=5, clip=110 
MRIfindBrightNonWM(): 180 bright non-wm voxels segmented.
Masking bright non-wm for white surface
MRImask(): AllowDiffGeom = 1
MRImask(): AllowDiffGeom = 1
Reading in seg volume aseg.presurf.mgz
Ripping frozen voxels
INFO: rip surface needed but not specified, so using input surface
Freezing midline and others
Entering: MRISripMidline(): inhibiting deformation at non-cortical midline structures...
  which=1, fix_mtl=0, using annot = 0
#FML0# MRISripMidline(): nripped=0
removing 4 vertices from ripped group in thread:0
#FML# MRISripMidline(): nmarked=6315, nmarked2=108, nripped=6315
Ripping segs (eg, WMSA, BG, frozen)
Starting MRISripSegs() d = (-2 2 0.5) segnos: 247 
MRISripSegs(): -2 2 0.5 ripped 0
vertex 64709: xyz = (-17.5583,-6.63752,-20.6047) oxyz = (-17.5583,-6.63752,-20.6047) wxzy = (-17.5583,-6.63752,-20.6047) pxyz = (0,0,0) 
CBVO Creating mask 129417
n_averages 4
Iteration 0 =========================================
n_averages=4, current_sigma=2
Freezing midline and others
Ripping frozen voxels
INFO: rip surface needed but not specified, so using input surface
Freezing midline and others
Entering: MRISripMidline(): inhibiting deformation at non-cortical midline structures...
  which=1, fix_mtl=0, using annot = 0
#FML0# MRISripMidline(): nripped=6315
removing 4 vertices from ripped group in thread:0
#FML# MRISripMidline(): nmarked=6315, nmarked2=108, nripped=6315
Ripping segs (eg, WMSA, BG, frozen)
Starting MRISripSegs() d = (-2 2 0.5) segnos: 247 247 
MRISripSegs(): -2 2 0.5 ripped 0
Computing target border values 
Entering MRIScomputeBorderValues_new(): 
  inside_hi   = 120.0000000;
  border_hi   = 111.6659090;
  border_low  =  63.0000000;
  outside_low =  52.8315430;
  outside_hi  = 111.6659090;
  sigma = 2;
  max_thickness = 10;
  step_size=0.5;
  STEP_SIZE=0.1;
  which = 1
  thresh = 0
  flags = 0
  CBVfindFirstPeakD1=0
  CBVfindFirstPeakD2=0
  nvertices=129417
  Gdiag_no=-1
  vno start=0, stop=129417
Replacing 255s with 0s
#SI# sigma=2 had to be increased for 46 vertices, nripped=6315
mean border=77.6, 64 (64) missing vertices, mean dist 0.4 [0.4 (%31.9)->0.8 (%68.1))]
%82 local maxima, %13 large gradients and % 0 min vals, 0 gradients ignored
nFirstPeakD1 0
MRIScomputeBorderValues_new() finished in 0.0152 min


Finding expansion regions
mean absolute distance = 0.69 +- 0.82
5106 vertices more than 2 sigmas from mean.
Averaging target values for 5 iterations...
Positioning Surface: tspring = 0.3, nspring = 0.3, spring = 0, niters = 100 l_repulse = 5, l_surf_repulse = 0, checktol = 0
Positioning pial surface
Entering MRISpositionSurface()
  max_mm = 0.3
  MAX_REDUCTIONS = 2, REDUCTION_PCT = 0.5
  parms->check_tol = 0, niterations = 100
tol=1.0e-04, sigma=2.0, host=dna05, nav=4, nbrs=2, l_repulse=5.000, l_tspring=0.300, l_nspring=0.300, l_intensity=0.200, l_curv=1.000
mom=0.00, dt=0.50
complete_dist_mat 0
rms 0
smooth_averages 0
remove_neg 0
ico_order 0
which_surface 0
target_radius 0.000000
nfields 0
scale 0.000000
desired_rms_height 0.000000
momentum 0.000000
nbhd_size 0
max_nbrs 0
niterations 100
nsurfaces 0
SURFACES 3
flags 0 (0)
use curv 0
no sulc 0
no rigid align 0
mris->nsize 2
mris->hemisphere 0
randomSeed 0

000: dt: 0.0000, sse=3328685.2, rms=11.377
001: dt: 0.5000, sse=1813691.1, rms=8.249 (27.496%)
002: dt: 0.5000, sse=1145834.1, rms=6.398 (22.433%)
003: dt: 0.5000, sse=813643.6, rms=5.237 (18.148%)
004: dt: 0.5000, sse=629792.2, rms=4.463 (14.780%)
005: dt: 0.5000, sse=531890.3, rms=3.988 (10.654%)
006: dt: 0.5000, sse=474181.4, rms=3.673 (7.887%)
007: dt: 0.5000, sse=445632.0, rms=3.507 (4.537%)
008: dt: 0.5000, sse=425924.8, rms=3.381 (3.565%)
rms = 3.3376/3.3815, sse=421306.8/425924.8, time step reduction 1 of 3 to 0.250  0 0 1
009: dt: 0.5000, sse=421306.8, rms=3.338 (1.297%)
010: dt: 0.2500, sse=229994.8, rms=1.829 (45.200%)
011: dt: 0.2500, sse=201544.5, rms=1.479 (19.156%)
012: dt: 0.2500, sse=194548.1, rms=1.373 (7.162%)
013: dt: 0.2500, sse=191125.7, rms=1.308 (4.685%)
rms = 1.2765/1.3084, sse=188706.3/191125.7, time step reduction 2 of 3 to 0.125  0 0 1
014: dt: 0.2500, sse=188706.3, rms=1.277 (2.439%)
015: dt: 0.1250, sse=184416.5, rms=1.204 (5.699%)
rms = 1.1965/1.2038, sse=184122.7/184416.4, time step reduction 3 of 3 to 0.062  0 0 1
016: dt: 0.1250, sse=184122.7, rms=1.196 (0.604%)
  maximum number of reductions reached, breaking from loop
positioning took 1.2 minutes
Iteration 1 =========================================
n_averages=2, current_sigma=1
Freezing midline and others
Ripping frozen voxels
INFO: rip surface needed but not specified, so using input surface
Freezing midline and others
Entering: MRISripMidline(): inhibiting deformation at non-cortical midline structures...
  which=1, fix_mtl=0, using annot = 0
#FML0# MRISripMidline(): nripped=6315
removing 4 vertices from ripped group in thread:0
removing 2 vertices from ripped group in thread:0
removing 3 vertices from ripped group in thread:0
removing 4 vertices from ripped group in thread:0
#FML# MRISripMidline(): nmarked=6583, nmarked2=112, nripped=6583
Ripping segs (eg, WMSA, BG, frozen)
Starting MRISripSegs() d = (-2 2 0.5) segnos: 247 247 247 
MRISripSegs(): -2 2 0.5 ripped 0
Computing target border values 
Entering MRIScomputeBorderValues_new(): 
  inside_hi   = 120.0000000;
  border_hi   = 111.6659090;
  border_low  =  63.0000000;
  outside_low =  52.8315430;
  outside_hi  = 111.6659090;
  sigma = 1;
  max_thickness = 10;
  step_size=0.5;
  STEP_SIZE=0.1;
  which = 1
  thresh = 0
  flags = 0
  CBVfindFirstPeakD1=0
  CBVfindFirstPeakD2=0
  nvertices=129417
  Gdiag_no=-1
  vno start=0, stop=129417
Replacing 255s with 0s
#SI# sigma=1 had to be increased for 41 vertices, nripped=6583
mean border=80.6, 39 (0) missing vertices, mean dist -0.2 [0.3 (%74.9)->0.3 (%25.1))]
%86 local maxima, % 9 large gradients and % 0 min vals, 0 gradients ignored
nFirstPeakD1 0
MRIScomputeBorderValues_new() finished in 0.0108 min


Finding expansion regions
mean absolute distance = 0.33 +- 0.53
3235 vertices more than 2 sigmas from mean.
Averaging target values for 5 iterations...
Positioning Surface: tspring = 0.3, nspring = 0.3, spring = 0, niters = 100 l_repulse = 5, l_surf_repulse = 0, checktol = 0
Positioning pial surface
Entering MRISpositionSurface()
  max_mm = 0.3
  MAX_REDUCTIONS = 2, REDUCTION_PCT = 0.5
  parms->check_tol = 0, niterations = 100
tol=1.0e-04, sigma=1.0, host=dna05, nav=2, nbrs=2, l_repulse=5.000, l_tspring=0.300, l_nspring=0.300, l_intensity=0.200, l_curv=1.000
mom=0.00, dt=0.50
000: dt: 0.0000, sse=752682.0, rms=4.758
017: dt: 0.5000, sse=413531.6, rms=2.970 (37.571%)
rms = 3.0781/2.9703, sse=427929.7/413531.6, time step reduction 1 of 3 to 0.250  0 1 1
   RMS increased, rejecting step
018: dt: 0.2500, sse=311485.9, rms=2.171 (26.913%)
019: dt: 0.2500, sse=259139.8, rms=1.601 (26.237%)
020: dt: 0.2500, sse=238837.0, rms=1.321 (17.525%)
021: dt: 0.2500, sse=230754.2, rms=1.183 (10.424%)
022: dt: 0.2500, sse=226649.2, rms=1.115 (5.773%)
rms = 1.0677/1.1147, sse=224421.9/226649.2, time step reduction 2 of 3 to 0.125  0 0 1
023: dt: 0.2500, sse=224421.9, rms=1.068 (4.214%)
024: dt: 0.1250, sse=222083.5, rms=1.008 (5.589%)
rms = 0.9959/1.0081, sse=221429.9/222083.5, time step reduction 3 of 3 to 0.062  0 0 1
025: dt: 0.1250, sse=221429.9, rms=0.996 (1.203%)
  maximum number of reductions reached, breaking from loop
positioning took 0.7 minutes
Iteration 2 =========================================
n_averages=1, current_sigma=0.5
Freezing midline and others
Ripping frozen voxels
INFO: rip surface needed but not specified, so using input surface
Freezing midline and others
Entering: MRISripMidline(): inhibiting deformation at non-cortical midline structures...
  which=1, fix_mtl=0, using annot = 0
#FML0# MRISripMidline(): nripped=6583
removing 4 vertices from ripped group in thread:0
removing 2 vertices from ripped group in thread:0
removing 3 vertices from ripped group in thread:0
removing 3 vertices from ripped group in thread:0
removing 3 vertices from ripped group in thread:0
removing 3 vertices from ripped group in thread:0
#FML# MRISripMidline(): nmarked=6646, nmarked2=113, nripped=6646
Ripping segs (eg, WMSA, BG, frozen)
Starting MRISripSegs() d = (-2 2 0.5) segnos: 247 247 247 247 
MRISripSegs(): -2 2 0.5 ripped 0
Computing target border values 
Entering MRIScomputeBorderValues_new(): 
  inside_hi   = 120.0000000;
  border_hi   = 111.6659090;
  border_low  =  63.0000000;
  outside_low =  52.8315430;
  outside_hi  = 111.6659090;
  sigma = 0.5;
  max_thickness = 10;
  step_size=0.5;
  STEP_SIZE=0.1;
  which = 1
  thresh = 0
  flags = 0
  CBVfindFirstPeakD1=0
  CBVfindFirstPeakD2=0
  nvertices=129417
  Gdiag_no=-1
  vno start=0, stop=129417
Replacing 255s with 0s
#SI# sigma=0.5 had to be increased for 53 vertices, nripped=6646
mean border=82.7, 32 (0) missing vertices, mean dist -0.1 [0.3 (%69.3)->0.3 (%30.7))]
%89 local maxima, % 5 large gradients and % 0 min vals, 0 gradients ignored
nFirstPeakD1 0
MRIScomputeBorderValues_new() finished in 0.0061 min


Finding expansion regions
mean absolute distance = 0.28 +- 0.44
3788 vertices more than 2 sigmas from mean.
Averaging target values for 5 iterations...
Positioning Surface: tspring = 0.3, nspring = 0.3, spring = 0, niters = 100 l_repulse = 5, l_surf_repulse = 0, checktol = 0
Positioning pial surface
Entering MRISpositionSurface()
  max_mm = 0.3
  MAX_REDUCTIONS = 2, REDUCTION_PCT = 0.5
  parms->check_tol = 0, niterations = 100
tol=1.0e-04, sigma=0.5, host=dna05, nav=1, nbrs=2, l_repulse=5.000, l_tspring=0.300, l_nspring=0.300, l_intensity=0.200, l_curv=1.000
mom=0.00, dt=0.50
000: dt: 0.0000, sse=443190.9, rms=3.179
026: dt: 0.5000, sse=375714.5, rms=2.710 (14.761%)
rms = 2.9090/2.7101, sse=403363.5/375714.5, time step reduction 1 of 3 to 0.250  0 1 1
   RMS increased, rejecting step
027: dt: 0.2500, sse=269917.3, rms=1.745 (35.605%)
028: dt: 0.2500, sse=234663.9, rms=1.244 (28.704%)
029: dt: 0.2500, sse=224147.2, rms=1.059 (14.905%)
030: dt: 0.2500, sse=221480.4, rms=1.002 (5.389%)
rms = 0.9867/1.0017, sse=221634.8/221480.4, time step reduction 2 of 3 to 0.125  0 1 1
031: dt: 0.2500, sse=221634.8, rms=0.987 (1.498%)
032: dt: 0.1250, sse=218737.0, rms=0.899 (8.903%)
rms = 0.8888/0.8989, sse=214899.6/218737.0, time step reduction 3 of 3 to 0.062  0 0 1
033: dt: 0.1250, sse=214899.6, rms=0.889 (1.119%)
  maximum number of reductions reached, breaking from loop
positioning took 0.6 minutes
Iteration 3 =========================================
n_averages=0, current_sigma=0.25
Freezing midline and others
Ripping frozen voxels
INFO: rip surface needed but not specified, so using input surface
Freezing midline and others
Entering: MRISripMidline(): inhibiting deformation at non-cortical midline structures...
  which=1, fix_mtl=0, using annot = 0
#FML0# MRISripMidline(): nripped=6646
removing 4 vertices from ripped group in thread:0
removing 3 vertices from ripped group in thread:0
removing 3 vertices from ripped group in thread:0
removing 3 vertices from ripped group in thread:0
removing 3 vertices from ripped group in thread:0
removing 4 vertices from ripped group in thread:0
#FML# MRISripMidline(): nmarked=6658, nmarked2=113, nripped=6658
Ripping segs (eg, WMSA, BG, frozen)
Starting MRISripSegs() d = (-2 2 0.5) segnos: 247 247 247 247 247 
MRISripSegs(): -2 2 0.5 ripped 0
Computing target border values 
Entering MRIScomputeBorderValues_new(): 
  inside_hi   = 120.0000000;
  border_hi   = 111.6659090;
  border_low  =  63.0000000;
  outside_low =  52.8315430;
  outside_hi  = 111.6659090;
  sigma = 0.25;
  max_thickness = 10;
  step_size=0.5;
  STEP_SIZE=0.1;
  which = 1
  thresh = 0
  flags = 0
  CBVfindFirstPeakD1=0
  CBVfindFirstPeakD2=0
  nvertices=129417
  Gdiag_no=-1
  vno start=0, stop=129417
Replacing 255s with 0s
#SI# sigma=0.25 had to be increased for 60 vertices, nripped=6658
mean border=83.5, 59 (0) missing vertices, mean dist -0.0 [0.3 (%57.3)->0.2 (%42.7))]
%91 local maxima, % 4 large gradients and % 0 min vals, 0 gradients ignored
nFirstPeakD1 0
MRIScomputeBorderValues_new() finished in 0.0055 min


Finding expansion regions
mean absolute distance = 0.25 +- 0.39
3929 vertices more than 2 sigmas from mean.
Averaging target values for 5 iterations...
Positioning Surface: tspring = 0.3, nspring = 0.3, spring = 0, niters = 100 l_repulse = 5, l_surf_repulse = 0, checktol = 0
Positioning pial surface
Entering MRISpositionSurface()
  max_mm = 0.3
  MAX_REDUCTIONS = 2, REDUCTION_PCT = 0.5
  parms->check_tol = 0, niterations = 100
tol=1.0e-04, sigma=0.2, host=dna05, nav=0, nbrs=2, l_repulse=5.000, l_tspring=0.300, l_nspring=0.300, l_intensity=0.200, l_curv=1.000
mom=0.00, dt=0.50
000: dt: 0.0000, sse=255340.2, rms=1.593
rms = 1.7168/1.5932, sse=267475.7/255340.2, time step reduction 1 of 3 to 0.250  0 1 1
   RMS increased, rejecting step
034: dt: 0.2500, sse=222377.2, rms=1.091 (31.554%)
035: dt: 0.2500, sse=211104.5, rms=0.767 (29.676%)
rms = 0.7549/0.7669, sse=206625.8/211104.5, time step reduction 2 of 3 to 0.125  0 0 1
036: dt: 0.2500, sse=206625.8, rms=0.755 (1.562%)
037: dt: 0.1250, sse=204607.8, rms=0.700 (7.233%)
rms = 0.6872/0.7003, sse=204087.0/204607.8, time step reduction 3 of 3 to 0.062  0 0 1
038: dt: 0.1250, sse=204087.0, rms=0.687 (1.865%)
  maximum number of reductions reached, breaking from loop
positioning took 0.4 minutes


Writing output to ../surf/lh.white.preaparc
#ET# mris_place_surface  2.94 minutes
#VMPC# mris_place_surfaces VmPeak  3178580
mris_place_surface done
#--------------------------------------------
#@# CortexLabel lh Wed Mar 11 13:31:50 CET 2026
cd /out/sourcedata/freesurfer/sub-v2s16x51307_ses-1/mri
mri_label2label --label-cortex ../surf/lh.white.preaparc aseg.presurf.mgz 0 ../label/lh.cortex.label

 Generating cortex label... RemoveHipAmgy=0
 NucAccIsMedialWall=0
 mris->useRealRAS=0
6 non-cortical segments detected
only using segment with 8223 vertices
erasing segment 1 (vno[0] = 42509)
erasing segment 2 (vno[0] = 80241)
erasing segment 3 (vno[0] = 81135)
erasing segment 4 (vno[0] = 83353)
erasing segment 5 (vno[0] = 84082)
#--------------------------------------------
#@# CortexLabel+HipAmyg lh Wed Mar 11 13:32:02 CET 2026
cd /out/sourcedata/freesurfer/sub-v2s16x51307_ses-1/mri
mri_label2label --label-cortex ../surf/lh.white.preaparc aseg.presurf.mgz 1 ../label/lh.cortex+hipamyg.label

 Generating cortex label... RemoveHipAmgy=1
 NucAccIsMedialWall=0
 mris->useRealRAS=0
10 non-cortical segments detected
only using segment with 5864 vertices
erasing segment 1 (vno[0] = 38412)
erasing segment 2 (vno[0] = 39414)
erasing segment 3 (vno[0] = 41434)
erasing segment 4 (vno[0] = 46865)
erasing segment 5 (vno[0] = 75664)
erasing segment 6 (vno[0] = 80241)
erasing segment 7 (vno[0] = 81135)
erasing segment 8 (vno[0] = 83353)
erasing segment 9 (vno[0] = 84082)
#--------------------------------------------
#@# Smooth2 lh Wed Mar 11 13:32:15 CET 2026
/out/sourcedata/freesurfer/sub-v2s16x51307_ses-1/scripts

 mris_smooth -n 3 -nw -seed 1234 ../surf/lh.white.preaparc ../surf/lh.smoothwm 

smoothing for 3 iterations
setting seed for random number generator to 1234
smoothing surface tessellation for 3 iterations...
smoothing complete - recomputing first and second fundamental forms...
#--------------------------------------------
#@# Inflation2 lh Wed Mar 11 13:32:18 CET 2026
/out/sourcedata/freesurfer/sub-v2s16x51307_ses-1/scripts

 mris_inflate ../surf/lh.smoothwm ../surf/lh.inflated 

Reading ../surf/lh.smoothwm
avg radius = 44.9 mm, total surface area = 81765 mm^2
step 000: RMS=0.166 (target=0.015)   step 005: RMS=0.114 (target=0.015)   step 010: RMS=0.086 (target=0.015)   step 015: RMS=0.072 (target=0.015)   step 020: RMS=0.060 (target=0.015)   step 025: RMS=0.050 (target=0.015)   step 030: RMS=0.042 (target=0.015)   step 035: RMS=0.036 (target=0.015)   step 040: RMS=0.031 (target=0.015)   step 045: RMS=0.028 (target=0.015)   step 050: RMS=0.025 (target=0.015)   step 055: RMS=0.022 (target=0.015)   step 060: RMS=0.021 (target=0.015)   writing inflated surface to ../surf/lh.inflated
writing sulcal depths to ../surf/lh.sulc

inflation complete.
inflation took 0.2 minutes
mris_inflate utimesec    53.404182
mris_inflate stimesec    1.360735
mris_inflate ru_maxrss   199320
mris_inflate ru_ixrss    0
mris_inflate ru_idrss    0
mris_inflate ru_isrss    0
mris_inflate ru_minflt   520832
mris_inflate ru_majflt   3
mris_inflate ru_nswap    0
mris_inflate ru_inblock  130
mris_inflate ru_oublock  10120
mris_inflate ru_msgsnd   0
mris_inflate ru_msgrcv   0
mris_inflate ru_nsignals 0
mris_inflate ru_nvcsw    5519
mris_inflate ru_nivcsw   680
#--------------------------------------------
#@# Curv .H and .K lh Wed Mar 11 13:32:27 CET 2026
/out/sourcedata/freesurfer/sub-v2s16x51307_ses-1/surf

 mris_curvature -w -seed 1234 lh.white.preaparc 

setting seed for random number generator to 1234
total integrated curvature = 24.728*4pi (310.747) --> -24 handles
ICI = 131.9, FI = 1288.0, variation=20207.926
writing Gaussian curvature to ./lh.white.preaparc.K...done.
writing mean curvature to ./lh.white.preaparc.H...done.
rm -f lh.white.H
ln -s lh.white.preaparc.H lh.white.H
rm -f lh.white.K
ln -s lh.white.preaparc.K lh.white.K

 mris_curvature -seed 1234 -thresh .999 -n -a 5 -w -distances 10 10 lh.inflated 

setting seed for random number generator to 1234
normalizing curvature values.
averaging curvature patterns 5 times.
sampling 10 neighbors out to a distance of 10 mm
157 vertices thresholded to be in k1 ~ [-0.65 0.74], k2 ~ [-0.40 0.13]
total integrated curvature = 0.516*4pi (6.481) --> 0 handles
ICI = 1.6, FI = 10.0, variation=173.810
137 vertices thresholded to be in [-0.08 0.04]
writing Gaussian curvature to ./lh.inflated.K...thresholding curvature at 99.90% level
curvature mean = 0.000, std = 0.002
115 vertices thresholded to be in [-0.28 0.17]
done.
writing mean curvature to ./lh.inflated.H...curvature mean = -0.017, std = 0.025
done.
#--------------------------------------------
#@# Sphere lh Wed Mar 11 13:33:10 CET 2026
/out/sourcedata/freesurfer/sub-v2s16x51307_ses-1/scripts

 mris_sphere -seed 1234 ../surf/lh.inflated ../surf/lh.sphere 

setting seed for random number genererator to 1234
version: 7.3.2
available threads: 16
reading original vertex positions...
projecting onto sphere...
surface projected - minimizing metric distortion...
scaling brain by 0.289...
MRISunfold() max_passes = 1 -------
tol=5.0e-01, sigma=0.0, host=dna05, nav=1024, nbrs=2, l_area=1.000, l_dist=1.000
using quadratic fit line minimization
complete_dist_mat 0
rms 0
smooth_averages 0
remove_neg 0
ico_order 0
which_surface 0
target_radius 0.000000
nfields 0
scale 1.000000
desired_rms_height -1.000000
momentum 0.900000
nbhd_size 7
max_nbrs 8
niterations 25
nsurfaces 0
SURFACES 3
flags 0 (0)
use curv 0
no sulc 0
no rigid align 0
mris->nsize 2
mris->hemisphere 0
randomSeed 1234

singular matrix in quadratic form
singular matrix in quadratic form
singular matrix in quadratic form
--------------------
  mrisRemoveNegativeArea()
pass 1: epoch 1 of 3 starting distance error %19.22
pass 1: epoch 2 of 3 starting distance error %19.20
unfolding complete - removing small folds...
starting distance error %19.12
removing remaining folds...
final distance error %19.15
MRISunfold() return, current seed 1234
-01: dt=0.0000,  14 negative triangles  VmPeak 1664632
215: dt=0.9900,  14 negative triangles
216: dt=0.9900,   1 negative triangles
217: dt=0.9900,   1 negative triangles
218: dt=0.9900,   1 negative triangles
219: dt=0.9900,   1 negative triangles
220: dt=0.9900,   1 negative triangles
221: dt=0.9900,   1 negative triangles
222: dt=0.9900,   1 negative triangles
223: dt=0.9900,   1 negative triangles
224: dt=0.9900,   1 negative triangles
225: dt=0.9900,   3 negative triangles
226: dt=0.9405,   1 negative triangles
writing spherical brain to ../surf/lh.sphere
spherical transformation took 0.0487 hours
FSRUNTIME@ mris_sphere  0.0487 hours 16 threads
#VMPC# mris_sphere VmPeak  1664632
mris_sphere done
#--------------------------------------------
#@# Surf Reg lh Wed Mar 11 13:36:06 CET 2026
/out/sourcedata/freesurfer/sub-v2s16x51307_ses-1/scripts

 mris_register -curv ../surf/lh.sphere /opt/freesurfer/average/lh.folding.atlas.acfb40.noaparc.i12.2016-08-02.tif ../surf/lh.sphere.reg 

using smoothwm curvature for final alignment

cwd /out/sourcedata/freesurfer/sub-v2s16x51307_ses-1/scripts
cmdline mris_register -curv ../surf/lh.sphere /opt/freesurfer/average/lh.folding.atlas.acfb40.noaparc.i12.2016-08-02.tif ../surf/lh.sphere.reg 

0 inflated.H
1 sulc
2 smoothwm (computed)
7.3.2
  7.3.2
reading surface from ../surf/lh.sphere...
reading template parameterization from /opt/freesurfer/average/lh.folding.atlas.acfb40.noaparc.i12.2016-08-02.tif...
MRISregister() -------
max_passes = 4 
min_degrees = 0.500000 
max_degrees = 64.000000 
nangles = 8 
tol=5.0e-01, sigma=0.0, host=dna05, nav=1024, nbrs=1, l_extern=10000.000, l_parea=0.200, l_nlarea=1.000, l_corr=1.000, l_dist=5.000
using quadratic fit line minimization
complete_dist_mat 0
rms 0
smooth_averages 0
remove_neg 0
ico_order 0
which_surface 0
target_radius 0.000000
nfields 0
scale 0.000000
desired_rms_height -1.000000
momentum 0.950000
nbhd_size -10
max_nbrs 10
niterations 25
nsurfaces 0
SURFACES 3
flags 16 (10)
use curv 16
no sulc 0
no rigid align 0
mris->nsize 1
mris->hemisphere 0
randomSeed 0

tol=5.0e-01, sigma=0.0, host=dna05, nav=1024, nbrs=1, l_extern=10000.000, l_parea=0.200, l_nlarea=1.000, l_corr=1.000, l_dist=5.000
using quadratic fit line minimization
--------------------
1 Reading lh.sulc
tol=1.0e+00, sigma=0.5, host=dna05, nav=1024, nbrs=1, l_extern=10000.000, l_parea=0.200, l_nlarea=1.000, l_corr=0.050, l_spring=0.500, l_dist=5.000
using quadratic fit line minimization
curvature mean = 0.000, std = 5.768
curvature mean = 0.044, std = 0.817
curvature mean = 0.002, std = 0.878
Starting MRISrigidBodyAlignGlobal()
Starting new MRISrigidBodyAlignGlobal_findMinSSE()
  new MRISrigidBodyAlignGlobal_findMinSSE min @ (7.50, -7.50, 9.50) sse = 264036.4, elapsed since starting=0.0706 min
MRISrigidBodyAlignGlobal() done   0.07 min
curvature mean = 0.017, std = 0.842
curvature mean = 0.002, std = 0.950
curvature mean = 0.015, std = 0.853
curvature mean = 0.001, std = 0.978
curvature mean = 0.014, std = 0.857
curvature mean = 0.001, std = 0.990
2 Reading smoothwm
curvature mean = -0.019, std = 0.254
curvature mean = 0.044, std = 0.250
curvature mean = 0.042, std = 0.405
curvature mean = 0.040, std = 0.309
curvature mean = 0.027, std = 0.599
curvature mean = 0.040, std = 0.336
curvature mean = 0.014, std = 0.734
curvature mean = 0.039, std = 0.347
curvature mean = 0.004, std = 0.835
MRISregister() return, current seed 0
-01: dt=0.0000,   6 negative triangles  VmPeak 1591064
113: dt=0.9900,   6 negative triangles
expanding nbhd size to 1
114: dt=0.9900,   6 negative triangles
115: dt=0.9900,   2 negative triangles
writing registered surface to ../surf/lh.sphere.reg...
registration took 0.05 hours
#VMPC# mris_register VmPeak  1591064
FSRUNTIME@ mris_register  0.0498 hours 16 threads

 ln -sf lh.sphere.reg lh.fsaverage.sphere.reg 

#--------------------------------------------
#@# Jacobian white lh Wed Mar 11 13:39:05 CET 2026
/out/sourcedata/freesurfer/sub-v2s16x51307_ses-1/scripts

 mris_jacobian ../surf/lh.white.preaparc ../surf/lh.sphere.reg ../surf/lh.jacobian_white 

reading surface from ../surf/lh.white.preaparc...
writing curvature file ../surf/lh.jacobian_white
#--------------------------------------------
#@# AvgCurv lh Wed Mar 11 13:39:05 CET 2026
/out/sourcedata/freesurfer/sub-v2s16x51307_ses-1/scripts

 mrisp_paint -a 5 /opt/freesurfer/average/lh.folding.atlas.acfb40.noaparc.i12.2016-08-02.tif#6 ../surf/lh.sphere.reg ../surf/lh.avg_curv 

averaging curvature patterns 5 times...
reading surface from ../surf/lh.sphere.reg...
reading template parameterization from /opt/freesurfer/average/lh.folding.atlas.acfb40.noaparc.i12.2016-08-02.tif...
writing curvature file to ../surf/lh.avg_curv...
#-----------------------------------------
#@# Cortical Parc lh Wed Mar 11 13:39:06 CET 2026
/out/sourcedata/freesurfer/sub-v2s16x51307_ses-1/scripts

 mris_ca_label -l ../label/lh.cortex.label -aseg ../mri/aseg.presurf.mgz -seed 1234 sub-v2s16x51307_ses-1 lh ../surf/lh.sphere.reg /opt/freesurfer/average/lh.DKaparc.atlas.acfb40.noaparc.i12.2016-08-02.gcs ../label/lh.aparc.annot 

setting seed for random number generator to 1234
using ../mri/aseg.presurf.mgz aseg volume to correct midline
7.3.2
  7.3.2
reading atlas from /opt/freesurfer/average/lh.DKaparc.atlas.acfb40.noaparc.i12.2016-08-02.gcs...
reading color table from GCSA file....
average std = 0.8   using min determinant for regularization = 0.006
0 singular and 342 ill-conditioned covariance matrices regularized
input 0: MEAN CURVATURE, flags 0, avgs 5, name mean_curvature
labeling surface...
1218 labels changed using aseg
relabeling using gibbs priors...
000:   3016 changed, 129417 examined...
001:    723 changed, 12751 examined...
002:    160 changed, 4000 examined...
003:     55 changed, 1012 examined...
004:     17 changed, 344 examined...
005:      9 changed, 118 examined...
006:      0 changed, 44 examined...
235 labels changed using aseg
000: 117 total segments, 75 labels (206 vertices) changed
001: 42 total segments, 4 labels (17 vertices) changed
002: 38 total segments, 0 labels (0 vertices) changed
10 filter iterations complete (10 requested, 5 changed)
rationalizing unknown annotations with cortex label
relabeling unknown label...
relabeling corpuscallosum label...
1850 vertices marked for relabeling...
1850 labels changed in reclassification.
writing output to ../label/lh.aparc.annot...
classification took 0 minutes and 9 seconds.
#--------------------------------------------
#@# WhiteSurfs lh Wed Mar 11 13:39:15 CET 2026
cd /out/sourcedata/freesurfer/sub-v2s16x51307_ses-1/mri
mris_place_surface --adgws-in ../surf/autodet.gw.stats.lh.dat --seg aseg.presurf.mgz --threads 16 --wm wm.mgz --invol brain.finalsurfs.mgz --lh --i ../surf/lh.white.preaparc --o ../surf/lh.white --white --nsmooth 0 --rip-label ../label/lh.cortex.label --rip-bg --rip-surf ../surf/lh.white.preaparc --aparc ../label/lh.aparc.annot
7.3.2
7.3.2

cd /out/sourcedata/freesurfer/sub-v2s16x51307_ses-1/mri
setenv SUBJECTS_DIR /out/sourcedata/freesurfer
mris_place_surface --adgws-in ../surf/autodet.gw.stats.lh.dat --seg aseg.presurf.mgz --threads 16 --wm wm.mgz --invol brain.finalsurfs.mgz --lh --i ../surf/lh.white.preaparc --o ../surf/lh.white --white --nsmooth 0 --rip-label ../label/lh.cortex.label --rip-bg --rip-surf ../surf/lh.white.preaparc --aparc ../label/lh.aparc.annot 

Reading in input surface ../surf/lh.white.preaparc
Not smoothing input surface
Area    258830  0.34557  0.12477 0.000925   1.9009
Corner  776490 60.00000 13.61668 0.130225 179.0150
Edge    388245  0.90453  0.20724 0.026535   3.2572
Hinge   388245  9.14826 10.73440 0.000020 179.9999
Reading in aparc ../label/lh.aparc.annot
Reading in input volume brain.finalsurfs.mgz
Reading in wm volume wm.mgz
MRIclipBrightWM(): nthresh=13430, wmmin=5, clip=110 
MRIfindBrightNonWM(): 180 bright non-wm voxels segmented.
Masking bright non-wm for white surface
MRImask(): AllowDiffGeom = 1
MRImask(): AllowDiffGeom = 1
Reading in seg volume aseg.presurf.mgz
Ripping frozen voxels
Ripping vertices not in label ../label/lh.cortex.label
MRISripNotLabel() ripped 8520/129417 vertices (120897 unripped)
Reading in ripping surface ../surf/lh.white.preaparc
Reading in aparc ../label/lh.aparc.annot for ripsurf
Ripping BG
MRISripBasalGanglia(): 1 -2 2 0.5 ripped 437
Ripping segs (eg, WMSA, BG, frozen)
Starting MRISripSegs() d = (-2 2 0.5) segnos: 247 
MRISripSegs(): -2 2 0.5 ripped 0
vertex 64709: xyz = (-17.5583,-6.63752,-20.6047) oxyz = (-17.5583,-6.63752,-20.6047) wxzy = (-17.5583,-6.63752,-20.6047) pxyz = (0,0,0) 
CBVO Creating mask 129417
n_averages 4
Iteration 0 =========================================
n_averages=4, current_sigma=2
Computing target border values 
Entering MRIScomputeBorderValues_new(): 
  inside_hi   = 120.0000000;
  border_hi   = 111.6659090;
  border_low  =  63.0000000;
  outside_low =  52.8315430;
  outside_hi  = 111.6659090;
  sigma = 2;
  max_thickness = 10;
  step_size=0.5;
  STEP_SIZE=0.1;
  which = 1
  thresh = 0
  flags = 0
  CBVfindFirstPeakD1=0
  CBVfindFirstPeakD2=0
  nvertices=129417
  Gdiag_no=-1
  vno start=0, stop=129417
Replacing 255s with 0s
#SI# sigma=2 had to be increased for 74 vertices, nripped=8957
mean border=76.7, 135 (135) missing vertices, mean dist 0.4 [0.6 (%13.9)->0.6 (%86.1))]
%76 local maxima, %17 large gradients and % 0 min vals, 0 gradients ignored
nFirstPeakD1 0
MRIScomputeBorderValues_new() finished in 0.0140 min


Finding expansion regions
mean absolute distance = 0.57 +- 0.78
3199 vertices more than 2 sigmas from mean.
Averaging target values for 5 iterations...
Positioning Surface: tspring = 0.3, nspring = 0.3, spring = 0, niters = 100 l_repulse = 5, l_surf_repulse = 0, checktol = 0
Positioning pial surface
Entering MRISpositionSurface()
  max_mm = 0.3
  MAX_REDUCTIONS = 2, REDUCTION_PCT = 0.5
  parms->check_tol = 0, niterations = 100
tol=1.0e-04, sigma=2.0, host=dna05, nav=4, nbrs=2, l_repulse=5.000, l_tspring=0.300, l_nspring=0.300, l_intensity=0.200, l_curv=1.000
mom=0.00, dt=0.50
complete_dist_mat 0
rms 0
smooth_averages 0
remove_neg 0
ico_order 0
which_surface 0
target_radius 0.000000
nfields 0
scale 0.000000
desired_rms_height 0.000000
momentum 0.000000
nbhd_size 0
max_nbrs 0
niterations 100
nsurfaces 0
SURFACES 3
flags 0 (0)
use curv 0
no sulc 0
no rigid align 0
mris->nsize 2
mris->hemisphere 0
randomSeed 0

000: dt: 0.0000, sse=1975175.4, rms=8.618
001: dt: 0.5000, sse=824572.1, rms=5.152 (40.221%)
002: dt: 0.5000, sse=545354.9, rms=3.860 (25.081%)
003: dt: 0.5000, sse=463808.0, rms=3.391 (12.143%)
004: dt: 0.5000, sse=424757.1, rms=3.131 (7.655%)
rms = 3.0909/3.1314, sse=420760.6/424757.1, time step reduction 1 of 3 to 0.250  0 0 1
005: dt: 0.5000, sse=420760.6, rms=3.091 (1.295%)
006: dt: 0.2500, sse=251896.9, rms=1.575 (49.053%)
007: dt: 0.2500, sse=232617.4, rms=1.297 (17.665%)
008: dt: 0.2500, sse=231878.9, rms=1.208 (6.806%)
rms = 1.1702/1.2083, sse=233331.1/231878.9, time step reduction 2 of 3 to 0.125  0 1 1
009: dt: 0.2500, sse=233331.1, rms=1.170 (3.152%)
rms = 1.1219/1.1702, sse=232157.0/233331.1, time step reduction 3 of 3 to 0.062  0 0 1
010: dt: 0.1250, sse=232157.0, rms=1.122 (4.132%)
  maximum number of reductions reached, breaking from loop
positioning took 0.7 minutes
Iteration 1 =========================================
n_averages=2, current_sigma=1
Computing target border values 
Entering MRIScomputeBorderValues_new(): 
  inside_hi   = 120.0000000;
  border_hi   = 111.6659090;
  border_low  =  63.0000000;
  outside_low =  52.8315430;
  outside_hi  = 111.6659090;
  sigma = 1;
  max_thickness = 10;
  step_size=0.5;
  STEP_SIZE=0.1;
  which = 1
  thresh = 0
  flags = 0
  CBVfindFirstPeakD1=0
  CBVfindFirstPeakD2=0
  nvertices=129417
  Gdiag_no=-1
  vno start=0, stop=129417
Replacing 255s with 0s
#SI# sigma=1 had to be increased for 61 vertices, nripped=8957
mean border=80.2, 89 (64) missing vertices, mean dist -0.2 [0.4 (%76.9)->0.3 (%23.1))]
%83 local maxima, %10 large gradients and % 0 min vals, 0 gradients ignored
nFirstPeakD1 0
MRIScomputeBorderValues_new() finished in 0.0105 min


Finding expansion regions
mean absolute distance = 0.36 +- 0.59
3224 vertices more than 2 sigmas from mean.
Averaging target values for 5 iterations...
Positioning Surface: tspring = 0.3, nspring = 0.3, spring = 0, niters = 100 l_repulse = 5, l_surf_repulse = 0, checktol = 0
Positioning pial surface
Entering MRISpositionSurface()
  max_mm = 0.3
  MAX_REDUCTIONS = 2, REDUCTION_PCT = 0.5
  parms->check_tol = 0, niterations = 100
tol=1.0e-04, sigma=1.0, host=dna05, nav=2, nbrs=2, l_repulse=5.000, l_tspring=0.300, l_nspring=0.300, l_intensity=0.200, l_curv=1.000
mom=0.00, dt=0.50
000: dt: 0.0000, sse=776875.9, rms=4.820
011: dt: 0.5000, sse=417664.0, rms=2.950 (38.798%)
rms = 2.9615/2.9499, sse=416917.1/417664.0, time step reduction 1 of 3 to 0.250  0 0 1
   RMS increased, rejecting step
012: dt: 0.2500, sse=321703.2, rms=2.181 (26.056%)
013: dt: 0.2500, sse=265446.9, rms=1.562 (28.389%)
014: dt: 0.2500, sse=243378.7, rms=1.236 (20.874%)
015: dt: 0.2500, sse=234182.6, rms=1.073 (13.212%)
016: dt: 0.2500, sse=230181.0, rms=0.993 (7.470%)
rms = 0.9630/0.9925, sse=228909.6/230181.0, time step reduction 2 of 3 to 0.125  0 0 1
017: dt: 0.2500, sse=228909.6, rms=0.963 (2.974%)
rms = 0.9174/0.9630, sse=226887.8/228909.6, time step reduction 3 of 3 to 0.062  0 0 1
018: dt: 0.1250, sse=226887.8, rms=0.917 (4.736%)
  maximum number of reductions reached, breaking from loop
positioning took 0.6 minutes
Iteration 2 =========================================
n_averages=1, current_sigma=0.5
Computing target border values 
Entering MRIScomputeBorderValues_new(): 
  inside_hi   = 120.0000000;
  border_hi   = 111.6659090;
  border_low  =  63.0000000;
  outside_low =  52.8315430;
  outside_hi  = 111.6659090;
  sigma = 0.5;
  max_thickness = 10;
  step_size=0.5;
  STEP_SIZE=0.1;
  which = 1
  thresh = 0
  flags = 0
  CBVfindFirstPeakD1=0
  CBVfindFirstPeakD2=0
  nvertices=129417
  Gdiag_no=-1
  vno start=0, stop=129417
Replacing 255s with 0s
#SI# sigma=0.5 had to be increased for 63 vertices, nripped=8957
mean border=82.4, 94 (58) missing vertices, mean dist -0.1 [0.3 (%70.2)->0.3 (%29.8))]
%88 local maxima, % 5 large gradients and % 0 min vals, 0 gradients ignored
nFirstPeakD1 0
MRIScomputeBorderValues_new() finished in 0.0062 min


Finding expansion regions
mean absolute distance = 0.29 +- 0.47
4045 vertices more than 2 sigmas from mean.
Averaging target values for 5 iterations...
Positioning Surface: tspring = 0.3, nspring = 0.3, spring = 0, niters = 100 l_repulse = 5, l_surf_repulse = 0, checktol = 0
Positioning pial surface
Entering MRISpositionSurface()
  max_mm = 0.3
  MAX_REDUCTIONS = 2, REDUCTION_PCT = 0.5
  parms->check_tol = 0, niterations = 100
tol=1.0e-04, sigma=0.5, host=dna05, nav=1, nbrs=2, l_repulse=5.000, l_tspring=0.300, l_nspring=0.300, l_intensity=0.200, l_curv=1.000
mom=0.00, dt=0.50
000: dt: 0.0000, sse=458947.7, rms=3.284
019: dt: 0.5000, sse=377473.0, rms=2.700 (17.796%)
rms = 2.8556/2.6997, sse=396812.0/377473.0, time step reduction 1 of 3 to 0.250  0 1 1
   RMS increased, rejecting step
020: dt: 0.2500, sse=274866.7, rms=1.747 (35.303%)
021: dt: 0.2500, sse=236452.2, rms=1.212 (30.606%)
022: dt: 0.2500, sse=225342.8, rms=1.005 (17.065%)
023: dt: 0.2500, sse=221786.9, rms=0.940 (6.512%)
rms = 0.9170/0.9397, sse=220486.8/221786.9, time step reduction 2 of 3 to 0.125  0 0 1
024: dt: 0.2500, sse=220486.8, rms=0.917 (2.422%)
025: dt: 0.1250, sse=217196.0, rms=0.843 (8.097%)
rms = 0.8354/0.8427, sse=216869.7/217196.0, time step reduction 3 of 3 to 0.062  0 0 1
026: dt: 0.1250, sse=216869.7, rms=0.835 (0.872%)
  maximum number of reductions reached, breaking from loop
positioning took 0.6 minutes
Iteration 3 =========================================
n_averages=0, current_sigma=0.25
Computing target border values 
Entering MRIScomputeBorderValues_new(): 
  inside_hi   = 120.0000000;
  border_hi   = 111.6659090;
  border_low  =  63.0000000;
  outside_low =  52.8315430;
  outside_hi  = 111.6659090;
  sigma = 0.25;
  max_thickness = 10;
  step_size=0.5;
  STEP_SIZE=0.1;
  which = 1
  thresh = 0
  flags = 0
  CBVfindFirstPeakD1=0
  CBVfindFirstPeakD2=0
  nvertices=129417
  Gdiag_no=-1
  vno start=0, stop=129417
Replacing 255s with 0s
#SI# sigma=0.25 had to be increased for 75 vertices, nripped=8957
mean border=83.2, 110 (55) missing vertices, mean dist -0.0 [0.3 (%57.5)->0.3 (%42.5))]
%90 local maxima, % 3 large gradients and % 0 min vals, 0 gradients ignored
nFirstPeakD1 0
MRIScomputeBorderValues_new() finished in 0.0039 min


Finding expansion regions
mean absolute distance = 0.26 +- 0.41
3250 vertices more than 2 sigmas from mean.
Averaging target values for 5 iterations...
Positioning Surface: tspring = 0.3, nspring = 0.3, spring = 0, niters = 100 l_repulse = 5, l_surf_repulse = 0, checktol = 0
Positioning pial surface
Entering MRISpositionSurface()
  max_mm = 0.3
  MAX_REDUCTIONS = 2, REDUCTION_PCT = 0.5
  parms->check_tol = 0, niterations = 100
tol=1.0e-04, sigma=0.2, host=dna05, nav=0, nbrs=2, l_repulse=5.000, l_tspring=0.300, l_nspring=0.300, l_intensity=0.200, l_curv=1.000
mom=0.00, dt=0.50
000: dt: 0.0000, sse=256143.9, rms=1.579
rms = 1.6933/1.5787, sse=275206.2/256143.9, time step reduction 1 of 3 to 0.250  0 1 1
   RMS increased, rejecting step
027: dt: 0.2500, sse=224685.7, rms=1.071 (32.138%)
028: dt: 0.2500, sse=213187.3, rms=0.744 (30.549%)
rms = 0.7191/0.7440, sse=211944.0/213187.3, time step reduction 2 of 3 to 0.125  0 0 1
029: dt: 0.2500, sse=211944.0, rms=0.719 (3.348%)
030: dt: 0.1250, sse=210069.1, rms=0.662 (7.979%)
rms = 0.6470/0.6618, sse=209167.5/210069.1, time step reduction 3 of 3 to 0.062  0 0 1
031: dt: 0.1250, sse=209167.5, rms=0.647 (2.224%)
  maximum number of reductions reached, breaking from loop
positioning took 0.4 minutes


Writing output to ../surf/lh.white
#ET# mris_place_surface  2.40 minutes
#VMPC# mris_place_surfaces VmPeak  3070548
mris_place_surface done
#--------------------------------------------
#@# T1PialSurf lh Wed Mar 11 13:41:43 CET 2026
cd /out/sourcedata/freesurfer/sub-v2s16x51307_ses-1/mri
mris_place_surface --adgws-in ../surf/autodet.gw.stats.lh.dat --seg aseg.presurf.mgz --threads 16 --wm wm.mgz --invol brain.finalsurfs.mgz --lh --i ../surf/lh.white --o ../surf/lh.pial.T1 --pial --nsmooth 0 --rip-label ../label/lh.cortex+hipamyg.label --pin-medial-wall ../label/lh.cortex.label --aparc ../label/lh.aparc.annot --repulse-surf ../surf/lh.white --white-surf ../surf/lh.white
7.3.2
7.3.2

cd /out/sourcedata/freesurfer/sub-v2s16x51307_ses-1/mri
setenv SUBJECTS_DIR /out/sourcedata/freesurfer
mris_place_surface --adgws-in ../surf/autodet.gw.stats.lh.dat --seg aseg.presurf.mgz --threads 16 --wm wm.mgz --invol brain.finalsurfs.mgz --lh --i ../surf/lh.white --o ../surf/lh.pial.T1 --pial --nsmooth 0 --rip-label ../label/lh.cortex+hipamyg.label --pin-medial-wall ../label/lh.cortex.label --aparc ../label/lh.aparc.annot --repulse-surf ../surf/lh.white --white-surf ../surf/lh.white 

Reading in input surface ../surf/lh.white
Not smoothing input surface
Area    258830  0.34989  0.14031 0.000925   2.3473
Corner  776490 60.00000 15.15601 0.130225 178.9607
Edge    388245  0.91182  0.22806 0.017973   4.1114
Hinge   388245  9.25162 11.00183 0.000037 179.9457
Reading white surface coordinates from ../surf/lh.white
Reading repulsion surface coordinates from ../surf/lh.white
Reading in aparc ../label/lh.aparc.annot
Reading in input volume brain.finalsurfs.mgz
Reading in wm volume wm.mgz
MRIclipBrightWM(): nthresh=13430, wmmin=5, clip=110 
MRIfindBrightNonWM(): 180 bright non-wm voxels segmented.
Masking bright non-wm for pial surface mid_gray = 63.4144
MRImask(): AllowDiffGeom = 1
MRImask(): AllowDiffGeom = 1
MRImask(): AllowDiffGeom = 1
Reading in seg volume aseg.presurf.mgz
Ripping frozen voxels
Ripping vertices not in label ../label/lh.cortex+hipamyg.label
MRISripNotLabel() ripped 6502/129417 vertices (122915 unripped)
INFO: rip surface needed but not specified, so using input surface
Ripping segs (eg, WMSA, BG, frozen)
Starting MRISripSegs() d = (-2 2 0.5) segnos: 247 
MRISripSegs(): -2 2 0.5 ripped 0
vertex 64709: xyz = (-17.5583,-6.63752,-20.6047) oxyz = (-17.5583,-6.63752,-20.6047) wxzy = (-17.5583,-6.63752,-20.6047) pxyz = (-17.5583,-6.63752,-20.6047) 
CBVO Creating mask 129417
n_averages 16
Iteration 0 =========================================
n_averages=16, current_sigma=2
Computing target border values 
Entering MRIScomputeBorderValues_new(): 
  inside_hi   =  94.3340910;
  border_hi   =  52.8315430;
  border_low  =  32.4946210;
  outside_low =  10.0000000;
  outside_hi  =  47.7473140;
  sigma = 2;
  max_thickness = 10;
  step_size=0.5;
  STEP_SIZE=0.1;
  which = 2
  thresh = 0
  flags = 0
  CBVfindFirstPeakD1=0
  CBVfindFirstPeakD2=0
  nvertices=129417
  Gdiag_no=-1
  vno start=0, stop=129417
Replacing 255s with 0s
#SI# sigma=2 had to be increased for 149 vertices, nripped=6502
mean border=52.0, 139 (139) missing vertices, mean dist 1.6 [1.8 (%0.0)->3.4 (%100.0))]
%10 local maxima, %33 large gradients and %51 min vals, 0 gradients ignored
nFirstPeakD1 0
MRIScomputeBorderValues_new() finished in 0.0145 min


Averaging target values for 5 iterations...
Positioning Surface: tspring = 0.3, nspring = 0.3, spring = 0, niters = 100 l_repulse = 0, l_surf_repulse = 5, checktol = 0
Positioning pial surface
Entering MRISpositionSurface()
  max_mm = 0.3
  MAX_REDUCTIONS = 2, REDUCTION_PCT = 0.5
  parms->check_tol = 0, niterations = 100
tol=1.0e-04, sigma=2.0, host=dna05, nav=16, nbrs=2, l_surf_repulse=5.000, l_tspring=0.300, l_nspring=0.300, l_intensity=0.200, l_curv=1.000
mom=0.00, dt=0.50
complete_dist_mat 0
rms 0
smooth_averages 0
remove_neg 0
ico_order 0
which_surface 0
target_radius 0.000000
nfields 0
scale 0.000000
desired_rms_height 0.000000
momentum 0.000000
nbhd_size 0
max_nbrs 0
niterations 100
nsurfaces 0
SURFACES 3
flags 0 (0)
use curv 0
no sulc 0
no rigid align 0
mris->nsize 2
mris->hemisphere 0
randomSeed 0

000: dt: 0.0000, sse=25156182.0, rms=31.884
001: dt: 0.5000, sse=17421998.0, rms=26.487 (16.926%)
002: dt: 0.5000, sse=11975969.0, rms=21.903 (17.310%)
003: dt: 0.5000, sse=8439812.0, rms=18.320 (16.358%)
004: dt: 0.5000, sse=6182851.5, rms=15.607 (14.807%)
005: dt: 0.5000, sse=4683982.5, rms=13.506 (13.464%)
006: dt: 0.5000, sse=3625012.5, rms=11.795 (12.663%)
007: dt: 0.5000, sse=2851794.2, rms=10.368 (12.101%)
008: dt: 0.5000, sse=2275488.2, rms=9.159 (11.664%)
009: dt: 0.5000, sse=1842365.0, rms=8.131 (11.226%)
010: dt: 0.5000, sse=1513970.2, rms=7.253 (10.797%)
011: dt: 0.5000, sse=1272199.6, rms=6.530 (9.970%)
012: dt: 0.5000, sse=1094422.9, rms=5.940 (9.024%)
013: dt: 0.5000, sse=962737.3, rms=5.462 (8.056%)
014: dt: 0.5000, sse=863133.7, rms=5.069 (7.193%)
015: dt: 0.5000, sse=789578.3, rms=4.757 (6.164%)
016: dt: 0.5000, sse=736507.2, rms=4.517 (5.041%)
017: dt: 0.5000, sse=701134.9, rms=4.348 (3.742%)
018: dt: 0.5000, sse=676568.0, rms=4.225 (2.822%)
019: dt: 0.5000, sse=660339.9, rms=4.141 (1.993%)
020: dt: 0.5000, sse=642798.2, rms=4.049 (2.225%)
021: dt: 0.5000, sse=630869.7, rms=3.984 (1.609%)
022: dt: 0.5000, sse=617421.1, rms=3.910 (1.857%)
rms = 3.8786/3.9095, sse=612230.9/617421.1, time step reduction 1 of 3 to 0.250  0 0 1
023: dt: 0.5000, sse=612230.9, rms=3.879 (0.791%)
024: dt: 0.2500, sse=545874.9, rms=3.494 (9.910%)
025: dt: 0.2500, sse=529040.9, rms=3.392 (2.931%)
rms = 3.3912/3.3918, sse=529351.7/529040.9, time step reduction 2 of 3 to 0.125  0 1 1
026: dt: 0.2500, sse=529351.7, rms=3.391 (0.018%)
027: dt: 0.1250, sse=516192.9, rms=3.307 (2.474%)
rms = 3.2780/3.3073, sse=511628.8/516192.9, time step reduction 3 of 3 to 0.062  0 0 1
028: dt: 0.1250, sse=511628.8, rms=3.278 (0.887%)
  maximum number of reductions reached, breaking from loop
positioning took 1.7 minutes
Iteration 1 =========================================
n_averages=8, current_sigma=1
Computing target border values 
Entering MRIScomputeBorderValues_new(): 
  inside_hi   =  94.3340910;
  border_hi   =  52.8315430;
  border_low  =  32.4946210;
  outside_low =  10.0000000;
  outside_hi  =  47.7473140;
  sigma = 1;
  max_thickness = 10;
  step_size=0.5;
  STEP_SIZE=0.1;
  which = 2
  thresh = 0
  flags = 0
  CBVfindFirstPeakD1=0
  CBVfindFirstPeakD2=0
  nvertices=129417
  Gdiag_no=-1
  vno start=0, stop=129417
Replacing 255s with 0s
#SI# sigma=1 had to be increased for 15485 vertices, nripped=6502
mean border=51.0, 2528 (22) missing vertices, mean dist 0.2 [0.2 (%45.8)->0.8 (%54.2))]
%18 local maxima, %28 large gradients and %47 min vals, 0 gradients ignored
nFirstPeakD1 0
MRIScomputeBorderValues_new() finished in 0.0056 min


Averaging target values for 5 iterations...
Positioning Surface: tspring = 0.3, nspring = 0.3, spring = 0, niters = 100 l_repulse = 0, l_surf_repulse = 5, checktol = 0
Positioning pial surface
Entering MRISpositionSurface()
  max_mm = 0.3
  MAX_REDUCTIONS = 2, REDUCTION_PCT = 0.5
  parms->check_tol = 0, niterations = 100
tol=1.0e-04, sigma=1.0, host=dna05, nav=8, nbrs=2, l_surf_repulse=5.000, l_tspring=0.300, l_nspring=0.300, l_intensity=0.200, l_curv=1.000
mom=0.00, dt=0.50
000: dt: 0.0000, sse=683895.8, rms=3.885
029: dt: 0.5000, sse=673312.8, rms=3.828 (1.462%)
030: dt: 0.5000, sse=640643.6, rms=3.662 (4.322%)
rms = 3.7767/3.6624, sse=661792.9/640643.6, time step reduction 1 of 3 to 0.250  0 1 1
   RMS increased, rejecting step
031: dt: 0.2500, sse=588942.1, rms=3.352 (8.463%)
032: dt: 0.2500, sse=575441.0, rms=3.262 (2.686%)
rms = 3.2875/3.2624, sse=579663.1/575441.0, time step reduction 2 of 3 to 0.125  0 1 1
   RMS increased, rejecting step
rms = 3.2224/3.2624, sse=569268.3/575441.0, time step reduction 3 of 3 to 0.062  0 0 1
033: dt: 0.1250, sse=569268.2, rms=3.222 (1.225%)
  maximum number of reductions reached, breaking from loop
positioning took 0.4 minutes
Iteration 2 =========================================
n_averages=4, current_sigma=0.5
Computing target border values 
Entering MRIScomputeBorderValues_new(): 
  inside_hi   =  94.3340910;
  border_hi   =  52.8315430;
  border_low  =  32.4946210;
  outside_low =  10.0000000;
  outside_hi  =  47.7473140;
  sigma = 0.5;
  max_thickness = 10;
  step_size=0.5;
  STEP_SIZE=0.1;
  which = 2
  thresh = 0
  flags = 0
  CBVfindFirstPeakD1=0
  CBVfindFirstPeakD2=0
  nvertices=129417
  Gdiag_no=-1
  vno start=0, stop=129417
Replacing 255s with 0s
#SI# sigma=0.5 had to be increased for 17029 vertices, nripped=6502
mean border=50.6, 2971 (11) missing vertices, mean dist 0.1 [0.2 (%45.4)->0.6 (%54.6))]
%26 local maxima, %19 large gradients and %47 min vals, 0 gradients ignored
nFirstPeakD1 0
MRIScomputeBorderValues_new() finished in 0.0033 min


Averaging target values for 5 iterations...
Positioning Surface: tspring = 0.3, nspring = 0.3, spring = 0, niters = 100 l_repulse = 0, l_surf_repulse = 5, checktol = 0
Positioning pial surface
Entering MRISpositionSurface()
  max_mm = 0.3
  MAX_REDUCTIONS = 2, REDUCTION_PCT = 0.5
  parms->check_tol = 0, niterations = 100
tol=1.0e-04, sigma=0.5, host=dna05, nav=4, nbrs=2, l_surf_repulse=5.000, l_tspring=0.300, l_nspring=0.300, l_intensity=0.200, l_curv=1.000
mom=0.00, dt=0.50
000: dt: 0.0000, sse=597111.0, rms=3.365
rms = 3.6257/3.3646, sse=640756.2/597111.0, time step reduction 1 of 3 to 0.250  0 1 1
   RMS increased, rejecting step
034: dt: 0.2500, sse=572776.8, rms=3.211 (4.559%)
rms = 3.1864/3.2112, sse=568790.7/572776.7, time step reduction 2 of 3 to 0.125  0 0 1
035: dt: 0.2500, sse=568790.8, rms=3.186 (0.773%)
036: dt: 0.1250, sse=558386.2, rms=3.116 (2.207%)
rms = 3.0775/3.1161, sse=552469.1/558386.2, time step reduction 3 of 3 to 0.062  0 0 1
037: dt: 0.1250, sse=552469.1, rms=3.078 (1.238%)
  maximum number of reductions reached, breaking from loop
positioning took 0.3 minutes
Iteration 3 =========================================
n_averages=2, current_sigma=0.25
Computing target border values 
Entering MRIScomputeBorderValues_new(): 
  inside_hi   =  94.3340910;
  border_hi   =  52.8315430;
  border_low  =  32.4946210;
  outside_low =  10.0000000;
  outside_hi  =  47.7473140;
  sigma = 0.25;
  max_thickness = 10;
  step_size=0.5;
  STEP_SIZE=0.1;
  which = 2
  thresh = 0
  flags = 0
  CBVfindFirstPeakD1=0
  CBVfindFirstPeakD2=0
  nvertices=129417
  Gdiag_no=-1
  vno start=0, stop=129417
Replacing 255s with 0s
#SI# sigma=0.25 had to be increased for 14895 vertices, nripped=6502
mean border=50.2, 6310 (7) missing vertices, mean dist 0.1 [0.2 (%45.5)->0.5 (%54.5))]
%30 local maxima, %15 large gradients and %45 min vals, 0 gradients ignored
nFirstPeakD1 0
MRIScomputeBorderValues_new() finished in 0.0021 min


Averaging target values for 5 iterations...
Positioning Surface: tspring = 0.3, nspring = 0.3, spring = 0, niters = 100 l_repulse = 0, l_surf_repulse = 5, checktol = 0
Positioning pial surface
Entering MRISpositionSurface()
  max_mm = 0.3
  MAX_REDUCTIONS = 2, REDUCTION_PCT = 0.5
  parms->check_tol = 0, niterations = 100
tol=1.0e-04, sigma=0.2, host=dna05, nav=2, nbrs=2, l_surf_repulse=5.000, l_tspring=0.300, l_nspring=0.300, l_intensity=0.200, l_curv=1.000
mom=0.00, dt=0.50
000: dt: 0.0000, sse=569849.1, rms=3.190
rms = 3.3981/3.1903, sse=601178.8/569849.1, time step reduction 1 of 3 to 0.250  0 1 1
   RMS increased, rejecting step
038: dt: 0.2500, sse=555699.7, rms=3.099 (2.872%)
rms = 3.0621/3.0987, sse=549135.2/555699.7, time step reduction 2 of 3 to 0.125  0 0 1
039: dt: 0.2500, sse=549135.2, rms=3.062 (1.179%)
040: dt: 0.1250, sse=538972.5, rms=2.993 (2.258%)
rms = 2.9470/2.9930, sse=531929.5/538972.5, time step reduction 3 of 3 to 0.062  0 0 1
041: dt: 0.1250, sse=531929.5, rms=2.947 (1.538%)
  maximum number of reductions reached, breaking from loop
positioning took 0.3 minutes
Pinning medial wall to white surface
removing intersecting faces
000: 11 intersecting
step 1 with no progress (num=11, old_num=11)
001: 11 intersecting
002: 9 intersecting
003: 3 intersecting
step 1 with no progress (num=3, old_num=3)
004: 3 intersecting
step 2 with no progress (num=6, old_num=3)
005: 6 intersecting
terminating search with 0 intersecting


Writing output to ../surf/lh.pial.T1
#ET# mris_place_surface  2.98 minutes
#VMPC# mris_place_surfaces VmPeak  2394564
mris_place_surface done
#@# white curv lh Wed Mar 11 13:44:48 CET 2026
cd /out/sourcedata/freesurfer/sub-v2s16x51307_ses-1/mri
mris_place_surface --curv-map ../surf/lh.white 2 10 ../surf/lh.curv
insurf  ../surf/lh.white, nbrs 2, curvature_avgs 10
writing curvature file ../surf/lh.curv
#@# white area lh Wed Mar 11 13:44:49 CET 2026
cd /out/sourcedata/freesurfer/sub-v2s16x51307_ses-1/mri
mris_place_surface --area-map ../surf/lh.white ../surf/lh.area
writing curvature file ../surf/lh.area
#@# pial curv lh Wed Mar 11 13:44:49 CET 2026
cd /out/sourcedata/freesurfer/sub-v2s16x51307_ses-1/mri
mris_place_surface --curv-map ../surf/lh.pial 2 10 ../surf/lh.curv.pial
insurf  ../surf/lh.pial, nbrs 2, curvature_avgs 10
writing curvature file ../surf/lh.curv.pial
#@# pial area lh Wed Mar 11 13:44:51 CET 2026
cd /out/sourcedata/freesurfer/sub-v2s16x51307_ses-1/mri
mris_place_surface --area-map ../surf/lh.pial ../surf/lh.area.pial
writing curvature file ../surf/lh.area.pial
#@# thickness lh Wed Mar 11 13:44:51 CET 2026
cd /out/sourcedata/freesurfer/sub-v2s16x51307_ses-1/mri
mris_place_surface --thickness ../surf/lh.white ../surf/lh.pial 20 5 ../surf/lh.thickness
0 of 129417 vertices processed
25000 of 129417 vertices processed
50000 of 129417 vertices processed
75000 of 129417 vertices processed
100000 of 129417 vertices processed
125000 of 129417 vertices processed
0 of 129417 vertices processed
25000 of 129417 vertices processed
50000 of 129417 vertices processed
75000 of 129417 vertices processed
100000 of 129417 vertices processed
125000 of 129417 vertices processed
thickness calculation complete, 1122:4864 truncations.
52645 vertices at 0 distance
96898 vertices at 1 distance
62209 vertices at 2 distance
26382 vertices at 3 distance
11325 vertices at 4 distance
4863 vertices at 5 distance
2138 vertices at 6 distance
959 vertices at 7 distance
450 vertices at 8 distance
255 vertices at 9 distance
190 vertices at 10 distance
118 vertices at 11 distance
90 vertices at 12 distance
64 vertices at 13 distance
68 vertices at 14 distance
59 vertices at 15 distance
37 vertices at 16 distance
18 vertices at 17 distance
18 vertices at 18 distance
20 vertices at 19 distance
28 vertices at 20 distance
writing curvature file ../surf/lh.thickness
#@# area and vertex vol lh Wed Mar 11 13:45:18 CET 2026
cd /out/sourcedata/freesurfer/sub-v2s16x51307_ses-1/mri
mris_place_surface --thickness ../surf/lh.white ../surf/lh.pial 20 5 ../surf/lh.thickness
/out/sourcedata/freesurfer/sub-v2s16x51307_ses-1/surf
mris_calc -o lh.area.mid lh.area add lh.area.pial
Saving result to 'lh.area.mid' (type = MRI_CURV_FILE)                       [ ok ]
mris_calc -o lh.area.mid lh.area.mid div 2
Saving result to 'lh.area.mid' (type = MRI_CURV_FILE)                       [ ok ]
mris_convert --volume sub-v2s16x51307_ses-1 lh /out/sourcedata/freesurfer/sub-v2s16x51307_ses-1/surf/lh.volume
masking with /out/sourcedata/freesurfer/sub-v2s16x51307_ses-1/label/lh.cortex.label
Total face volume 284172
Total vertex volume 283914 (mask=0)
#@# sub-v2s16x51307_ses-1 lh 283914
 
vertexvol Done

#-----------------------------------------
#@# Curvature Stats lh Wed Mar 11 13:45:19 CET 2026
/out/sourcedata/freesurfer/sub-v2s16x51307_ses-1/surf

 mris_curvature_stats -m --writeCurvatureFiles -G -o ../stats/lh.curv.stats -F smoothwm sub-v2s16x51307_ses-1 lh curv sulc 

             Toggling save flag on curvature files                       [ ok ]
                 Outputting results using filestem   [ ../stats/lh.curv.stats ]
             Toggling save flag on curvature files                       [ ok ]
                                   Setting surface [ sub-v2s16x51307_ses-1/lh.smoothwm ]
                                Reading surface...                       [ ok ]
                                   Setting texture                     [ curv ]
                                Reading texture...                       [ ok ]
                                   Setting texture                     [ sulc ]
                                Reading texture...Gb_filter = 0
                       [ ok ]
      Calculating Discrete Principal Curvatures...
      Determining geometric order for vno faces... [####################] [ ok ]
                      Determining KH curvatures... [####################] [ ok ]
                    Determining k1k2 curvatures... [####################] [ ok ]
                                   deltaViolations                      [ 242 ]
Gb_filter = 0

WARN:    S lookup   min:                          -0.241354
WARN:    S explicit min:                          0.000000	vertex = 609
#-----------------------------------------
#@# Cortical Parc 2 lh Wed Mar 11 13:45:21 CET 2026
/out/sourcedata/freesurfer/sub-v2s16x51307_ses-1/scripts

 mris_ca_label -l ../label/lh.cortex.label -aseg ../mri/aseg.presurf.mgz -seed 1234 sub-v2s16x51307_ses-1 lh ../surf/lh.sphere.reg /opt/freesurfer/average/lh.CDaparc.atlas.acfb40.noaparc.i12.2016-08-02.gcs ../label/lh.aparc.a2009s.annot 

setting seed for random number generator to 1234
using ../mri/aseg.presurf.mgz aseg volume to correct midline
7.3.2
  7.3.2
reading atlas from /opt/freesurfer/average/lh.CDaparc.atlas.acfb40.noaparc.i12.2016-08-02.gcs...
reading color table from GCSA file....
average std = 3.0   using min determinant for regularization = 0.088
0 singular and 0 ill-conditioned covariance matrices regularized
input 0: MEAN CURVATURE, flags 0, avgs 5, name mean_curvature
labeling surface...
54 labels changed using aseg
relabeling using gibbs priors...
000:   8458 changed, 129417 examined...
001:   1897 changed, 32928 examined...
002:    531 changed, 10145 examined...
003:    213 changed, 3069 examined...
004:    110 changed, 1249 examined...
005:     64 changed, 640 examined...
006:     35 changed, 376 examined...
007:     24 changed, 199 examined...
008:     13 changed, 123 examined...
009:      9 changed, 72 examined...
010:      4 changed, 45 examined...
011:      4 changed, 27 examined...
012:      3 changed, 21 examined...
013:      2 changed, 15 examined...
014:      0 changed, 9 examined...
19 labels changed using aseg
000: 216 total segments, 133 labels (1182 vertices) changed
001: 91 total segments, 8 labels (34 vertices) changed
002: 83 total segments, 0 labels (0 vertices) changed
10 filter iterations complete (10 requested, 21 changed)
rationalizing unknown annotations with cortex label
relabeling Medial_wall label...
1301 vertices marked for relabeling...
1301 labels changed in reclassification.
writing output to ../label/lh.aparc.a2009s.annot...
classification took 0 minutes and 12 seconds.
#-----------------------------------------
#@# Cortical Parc 3 lh Wed Mar 11 13:45:33 CET 2026
/out/sourcedata/freesurfer/sub-v2s16x51307_ses-1/scripts

 mris_ca_label -l ../label/lh.cortex.label -aseg ../mri/aseg.presurf.mgz -seed 1234 sub-v2s16x51307_ses-1 lh ../surf/lh.sphere.reg /opt/freesurfer/average/lh.DKTaparc.atlas.acfb40.noaparc.i12.2016-08-02.gcs ../label/lh.aparc.DKTatlas.annot 

setting seed for random number generator to 1234
using ../mri/aseg.presurf.mgz aseg volume to correct midline
7.3.2
  7.3.2
reading atlas from /opt/freesurfer/average/lh.DKTaparc.atlas.acfb40.noaparc.i12.2016-08-02.gcs...
reading color table from GCSA file....
average std = 1.4   using min determinant for regularization = 0.020
0 singular and 383 ill-conditioned covariance matrices regularized
input 0: MEAN CURVATURE, flags 0, avgs 5, name mean_curvature
labeling surface...
1236 labels changed using aseg
relabeling using gibbs priors...
000:   1815 changed, 129417 examined...
001:    392 changed, 8567 examined...
002:    134 changed, 2236 examined...
003:     66 changed, 785 examined...
004:     43 changed, 365 examined...
005:     25 changed, 236 examined...
006:     11 changed, 138 examined...
007:     11 changed, 57 examined...
008:      7 changed, 54 examined...
009:      3 changed, 32 examined...
010:      1 changed, 18 examined...
011:      1 changed, 7 examined...
012:      0 changed, 7 examined...
249 labels changed using aseg
000: 44 total segments, 11 labels (63 vertices) changed
001: 34 total segments, 1 labels (1 vertices) changed
002: 33 total segments, 0 labels (0 vertices) changed
10 filter iterations complete (10 requested, 2 changed)
rationalizing unknown annotations with cortex label
relabeling unknown label...
relabeling corpuscallosum label...
958 vertices marked for relabeling...
958 labels changed in reclassification.
writing output to ../label/lh.aparc.DKTatlas.annot...
classification took 0 minutes and 9 seconds.
#-----------------------------------------
#@# WM/GM Contrast lh Wed Mar 11 13:45:42 CET 2026
/out/sourcedata/freesurfer/sub-v2s16x51307_ses-1/scripts

 pctsurfcon --s sub-v2s16x51307_ses-1 --lh-only 

Log file is /out/sourcedata/freesurfer/sub-v2s16x51307_ses-1/scripts/pctsurfcon.log
Wed Mar 11 13:45:42 CET 2026
setenv SUBJECTS_DIR /out/sourcedata/freesurfer
cd /out/sourcedata/freesurfer/sub-v2s16x51307_ses-1/scripts
/opt/freesurfer/bin/pctsurfcon
pctsurfcon 7.3.2
Linux dna050 5.14.0-427.37.1.el9_4.x86_64 #1 SMP PREEMPT_DYNAMIC Fri Sep 13 12:41:50 EDT 2024 x86_64 x86_64 x86_64 GNU/Linux
FREESURFER_HOME /opt/freesurfer
mri_vol2surf --mov /out/sourcedata/freesurfer/sub-v2s16x51307_ses-1/mri/rawavg.mgz --hemi lh --noreshape --interp trilinear --projdist -1 --o /out/sourcedata/freesurfer/sub-v2s16x51307_ses-1/surf/tmp.pctsurfcon.2489293/lh.wm.mgh --regheader sub-v2s16x51307_ses-1 --cortex
srcvol = /out/sourcedata/freesurfer/sub-v2s16x51307_ses-1/mri/rawavg.mgz
srcreg unspecified
srcregold = 0
srcwarp unspecified
surf = white
hemi = lh
ProjDist = -1
reshape = 0
interp = trilinear
float2int = round
GetProjMax = 0
INFO: float2int code = 0
Done loading volume
Computing registration from header.
  Using /out/sourcedata/freesurfer/sub-v2s16x51307_ses-1/mri/orig.mgz as target reference.
-------- original matrix -----------
-1.00000   0.00000   0.00000   0.00001;
 0.00000   0.00000   1.00000   0.00000;
 0.00000  -1.00000   0.00000   0.00000;
 0.00000   0.00000   0.00000   1.00000;
-------- original matrix -----------
Loading label /out/sourcedata/freesurfer/sub-v2s16x51307_ses-1/label/lh.cortex.label
Reading surface /out/sourcedata/freesurfer/sub-v2s16x51307_ses-1/surf/lh.white
Done reading source surface
Mapping Source Volume onto Source Subject Surface
Projecting -1 -1 1
 1 -1 -1 -1
using old
Done mapping volume to surface
Number of source voxels hit = 71609
Masking with /out/sourcedata/freesurfer/sub-v2s16x51307_ses-1/label/lh.cortex.label
Writing to /out/sourcedata/freesurfer/sub-v2s16x51307_ses-1/surf/tmp.pctsurfcon.2489293/lh.wm.mgh
Dim: 129417 1 1
mri_vol2surf --mov /out/sourcedata/freesurfer/sub-v2s16x51307_ses-1/mri/rawavg.mgz --hemi lh --noreshape --interp trilinear --o /out/sourcedata/freesurfer/sub-v2s16x51307_ses-1/surf/tmp.pctsurfcon.2489293/lh.gm.mgh --projfrac 0.3 --regheader sub-v2s16x51307_ses-1 --cortex
srcvol = /out/sourcedata/freesurfer/sub-v2s16x51307_ses-1/mri/rawavg.mgz
srcreg unspecified
srcregold = 0
srcwarp unspecified
surf = white
hemi = lh
ProjFrac = 0.3
thickness = thickness
reshape = 0
interp = trilinear
float2int = round
GetProjMax = 0
INFO: float2int code = 0
Done loading volume
Computing registration from header.
  Using /out/sourcedata/freesurfer/sub-v2s16x51307_ses-1/mri/orig.mgz as target reference.
-------- original matrix -----------
-1.00000   0.00000   0.00000   0.00001;
 0.00000   0.00000   1.00000   0.00000;
 0.00000  -1.00000   0.00000   0.00000;
 0.00000   0.00000   0.00000   1.00000;
-------- original matrix -----------
Loading label /out/sourcedata/freesurfer/sub-v2s16x51307_ses-1/label/lh.cortex.label
Reading surface /out/sourcedata/freesurfer/sub-v2s16x51307_ses-1/surf/lh.white
Done reading source surface
Reading thickness /out/sourcedata/freesurfer/sub-v2s16x51307_ses-1/surf/lh.thickness
Done
Mapping Source Volume onto Source Subject Surface
Projecting 0.3 0.3 1
 1 0.3 0.3 0.3
using old
Done mapping volume to surface
Number of source voxels hit = 82042
Masking with /out/sourcedata/freesurfer/sub-v2s16x51307_ses-1/label/lh.cortex.label
Writing to /out/sourcedata/freesurfer/sub-v2s16x51307_ses-1/surf/tmp.pctsurfcon.2489293/lh.gm.mgh
Dim: 129417 1 1
mri_concat /out/sourcedata/freesurfer/sub-v2s16x51307_ses-1/surf/tmp.pctsurfcon.2489293/lh.wm.mgh /out/sourcedata/freesurfer/sub-v2s16x51307_ses-1/surf/tmp.pctsurfcon.2489293/lh.gm.mgh --paired-diff-norm --mul 100 --o /out/sourcedata/freesurfer/sub-v2s16x51307_ses-1/surf/lh.w-g.pct.mgh
ninputs = 2
Checking inputs
nframestot = 2
Allocing output
Done allocing
Combining pairs
nframes = 1
Multiplying by 100.000000
Writing to /out/sourcedata/freesurfer/sub-v2s16x51307_ses-1/surf/lh.w-g.pct.mgh
mri_segstats --in /out/sourcedata/freesurfer/sub-v2s16x51307_ses-1/surf/lh.w-g.pct.mgh --annot sub-v2s16x51307_ses-1 lh aparc --sum /out/sourcedata/freesurfer/sub-v2s16x51307_ses-1/stats/lh.w-g.pct.stats --snr

7.3.2
cwd 
cmdline mri_segstats --in /out/sourcedata/freesurfer/sub-v2s16x51307_ses-1/surf/lh.w-g.pct.mgh --annot sub-v2s16x51307_ses-1 lh aparc --sum /out/sourcedata/freesurfer/sub-v2s16x51307_ses-1/stats/lh.w-g.pct.stats --snr 
sysname  Linux
hostname dna050
machine  x86_64
user     oesteban
whitesurfname  white
UseRobust  0
Constructing seg from annotation

Reading annotation /out/sourcedata/freesurfer/sub-v2s16x51307_ses-1/label/lh.aparc.annot
Seg base 1000
Loading /out/sourcedata/freesurfer/sub-v2s16x51307_ses-1/surf/lh.w-g.pct.mgh
Vertex Area is 0.69977 mm^3
Generating list of segmentation ids
Found  36 segmentations
Computing statistics for each segmentation

Reporting on  35 segmentations
Using PrintSegStat
mri_segstats done
Cleaning up

Started at Wed Mar 11 13:26:25 CET 2026 
Ended   at Wed Mar 11 13:45:44 CET 2026
#@#%# recon-all-run-time-hours 0.322
recon-all -s sub-v2s16x51307_ses-1 finished without error at Wed Mar 11 13:45:44 CET 2026



#New# invocation of recon-all 




Wed Mar 11 14:11:00 CET 2026
cd /out/sourcedata/freesurfer/sub-v2s16x51307_ses-1
setenv SUBJECTS_DIR /out/sourcedata/freesurfer
/opt/freesurfer/bin/recon-all -autorecon-hemi lh -nohyporelabel -lh-only -openmp 16 -subjid sub-v2s16x51307_ses-1 -sd /out/sourcedata/freesurfer -notessellate -nosmooth1 -noinflate1 -noqsphere -nofix -nowhite -nosmooth2 -noinflate2 -nocurvHK -nocurvstats -nosphere -nosurfreg -nojacobian_white -noavgcurv -nocortparc -nopial -nocortparc2 -nocortparc3 -nopctsurfcon

subjid sub-v2s16x51307_ses-1
setenv SUBJECTS_DIR /out/sourcedata/freesurfer
FREESURFER_HOME /opt/freesurfer
Actual FREESURFER_HOME /opt/freesurfer
build-stamp.txt: freesurfer-linux-ubuntu22_x86_64-7.3.2-20220804-6354275
Linux dna050 5.14.0-427.37.1.el9_4.x86_64 #1 SMP PREEMPT_DYNAMIC Fri Sep 13 12:41:50 EDT 2024 x86_64 x86_64 x86_64 GNU/Linux
cputime      unlimited
filesize     unlimited
datasize     unlimited
stacksize    8192 kbytes
coredumpsize 0 kbytes
memoryuse    67108864 kbytes
vmemoryuse   unlimited
descriptors  1024 
memorylocked unlimited
maxproc      2061970 
maxlocks     unlimited
maxsignal    2061970 
maxmessage   819200 
maxnice      0 
maxrtprio    0 
maxrttime    unlimited

               total        used        free      shared  buff/cache   available
Mem:           503Gi       116Gi       343Gi        12Gi        43Gi       371Gi
Swap:             0B          0B          0B

########################################
program versions used
7.3.2 (freesurfer-linux-ubuntu22_x86_64-7.3.2-20220804-6354275)
7.3.2

ProgramName: lta_convert  ProgramArguments: lta_convert -all-info  ProgramVersion: 7.3.2  TimeStamp: 2026/03/11-13:11:00-GMT  BuildTime: Aug  4 2022 06:17:15  BuildStamp: freesurfer-linux-ubuntu22_x86_64-7.3.2-20220804-6354275  User: oesteban  Machine: dna050  Platform: Linux  PlatformVersion: 5.14.0-427.37.1.el9_4.x86_64  CompilerName: GCC  CompilerVersion: 8.4.0
ProgramName: mri_and  ProgramArguments: mri_and -all-info  ProgramVersion: 7.3.2  TimeStamp: 2026/03/11-13:11:00-GMT  BuildTime: Aug  4 2022 06:17:15  BuildStamp: freesurfer-linux-ubuntu22_x86_64-7.3.2-20220804-6354275  User: oesteban  Machine: dna050  Platform: Linux  PlatformVersion: 5.14.0-427.37.1.el9_4.x86_64  CompilerName: GCC  CompilerVersion: 8.4.0
ProgramName: mri_annotation2label  ProgramArguments: mri_annotation2label -all-info  ProgramVersion: 7.3.2  TimeStamp: 2026/03/11-13:11:00-GMT  BuildTime: Aug  4 2022 06:17:15  BuildStamp: freesurfer-linux-ubuntu22_x86_64-7.3.2-20220804-6354275  User: oesteban  Machine: dna050  Platform: Linux  PlatformVersion: 5.14.0-427.37.1.el9_4.x86_64  CompilerName: GCC  CompilerVersion: 8.4.0
ProgramName: mri_aparc2aseg  ProgramArguments: mri_aparc2aseg -all-info  ProgramVersion: 7.3.2  TimeStamp: 2026/03/11-13:11:00-GMT  BuildTime: Aug  4 2022 06:17:15  BuildStamp: freesurfer-linux-ubuntu22_x86_64-7.3.2-20220804-6354275  User: oesteban  Machine: dna050  Platform: Linux  PlatformVersion: 5.14.0-427.37.1.el9_4.x86_64  CompilerName: GCC  CompilerVersion: 8.4.0
ProgramName: mri_surf2volseg  ProgramArguments: mri_surf2volseg -all-info  ProgramVersion: 7.3.2  TimeStamp: 2026/03/11-13:11:00-GMT  BuildTime: Aug  4 2022 06:17:15  BuildStamp: freesurfer-linux-ubuntu22_x86_64-7.3.2-20220804-6354275  User: oesteban  Machine: dna050  Platform: Linux  PlatformVersion: 5.14.0-427.37.1.el9_4.x86_64  CompilerName: GCC  CompilerVersion: 8.4.0
ProgramName: mri_binarize  ProgramArguments: mri_binarize -all-info  ProgramVersion: 7.3.2  TimeStamp: 2026/03/11-13:11:00-GMT  BuildTime: Aug  4 2022 06:17:15  BuildStamp: freesurfer-linux-ubuntu22_x86_64-7.3.2-20220804-6354275  User: oesteban  Machine: dna050  Platform: Linux  PlatformVersion: 5.14.0-427.37.1.el9_4.x86_64  CompilerName: GCC  CompilerVersion: 8.4.0
ProgramName: mri_ca_label  ProgramArguments: mri_ca_label -all-info  ProgramVersion: 7.3.2  TimeStamp: 2026/03/11-13:11:00-GMT  BuildTime: Aug  4 2022 06:17:15  BuildStamp: freesurfer-linux-ubuntu22_x86_64-7.3.2-20220804-6354275  User: oesteban  Machine: dna050  Platform: Linux  PlatformVersion: 5.14.0-427.37.1.el9_4.x86_64  CompilerName: GCC  CompilerVersion: 8.4.0
ProgramName: mri_ca_normalize  ProgramArguments: mri_ca_normalize -all-info  ProgramVersion: 7.3.2  TimeStamp: 2026/03/11-13:11:00-GMT  BuildTime: Aug  4 2022 06:17:15  BuildStamp: freesurfer-linux-ubuntu22_x86_64-7.3.2-20220804-6354275  User: oesteban  Machine: dna050  Platform: Linux  PlatformVersion: 5.14.0-427.37.1.el9_4.x86_64  CompilerName: GCC  CompilerVersion: 8.4.0
ProgramName: mri_ca_register  ProgramArguments: mri_ca_register -all-info  ProgramVersion: 7.3.2  TimeStamp: 2026/03/11-13:11:00-GMT  BuildTime: Aug  4 2022 06:17:15  BuildStamp: freesurfer-linux-ubuntu22_x86_64-7.3.2-20220804-6354275  User: oesteban  Machine: dna050  Platform: Linux  PlatformVersion: 5.14.0-427.37.1.el9_4.x86_64  CompilerName: GCC  CompilerVersion: 8.4.0
ProgramName: mri_cc  ProgramArguments: mri_cc -all-info  ProgramVersion: 7.3.2  TimeStamp: 2026/03/11-13:11:00-GMT  BuildTime: Aug  4 2022 06:17:15  BuildStamp: freesurfer-linux-ubuntu22_x86_64-7.3.2-20220804-6354275  User: oesteban  Machine: dna050  Platform: Linux  PlatformVersion: 5.14.0-427.37.1.el9_4.x86_64  CompilerName: GCC  CompilerVersion: 8.4.0
ProgramName: mri_compute_overlap  ProgramArguments: mri_compute_overlap -all-info  ProgramVersion: 7.3.2  TimeStamp: 2026/03/11-13:11:00-GMT  BuildTime: Aug  4 2022 06:17:15  BuildStamp: freesurfer-linux-ubuntu22_x86_64-7.3.2-20220804-6354275  User: oesteban  Machine: dna050  Platform: Linux  PlatformVersion: 5.14.0-427.37.1.el9_4.x86_64  CompilerName: GCC  CompilerVersion: 8.4.0
ProgramName: mri_compute_seg_overlap  ProgramArguments: mri_compute_seg_overlap -all-info  ProgramVersion: 7.3.2  TimeStamp: 2026/03/11-13:11:00-GMT  BuildTime: Aug  4 2022 06:17:15  BuildStamp: freesurfer-linux-ubuntu22_x86_64-7.3.2-20220804-6354275  User: oesteban  Machine: dna050  Platform: Linux  PlatformVersion: 5.14.0-427.37.1.el9_4.x86_64  CompilerName: GCC  CompilerVersion: 8.4.0
ProgramName: mri_concat  ProgramArguments: mri_concat -all-info  ProgramVersion: 7.3.2  TimeStamp: 2026/03/11-13:11:00-GMT  BuildTime: Aug  4 2022 06:17:15  BuildStamp: freesurfer-linux-ubuntu22_x86_64-7.3.2-20220804-6354275  User: oesteban  Machine: dna050  Platform: Linux  PlatformVersion: 5.14.0-427.37.1.el9_4.x86_64  CompilerName: GCC  CompilerVersion: 8.4.0
ProgramName: mri_concatenate_lta  ProgramArguments: mri_concatenate_lta -all-info  ProgramVersion: 7.3.2  TimeStamp: 2026/03/11-13:11:00-GMT  BuildTime: Aug  4 2022 06:17:15  BuildStamp: freesurfer-linux-ubuntu22_x86_64-7.3.2-20220804-6354275  User: oesteban  Machine: dna050  Platform: Linux  PlatformVersion: 5.14.0-427.37.1.el9_4.x86_64  CompilerName: GCC  CompilerVersion: 8.4.0
mri_convert -all-info 
ProgramName: mri_convert  ProgramArguments: mri_convert -all-info  ProgramVersion: 7.3.2  TimeStamp: 2026/03/11-13:11:00-GMT  BuildTime: Aug  4 2022 06:17:15  BuildStamp: freesurfer-linux-ubuntu22_x86_64-7.3.2-20220804-6354275  User: oesteban  Machine: dna050  Platform: Linux  PlatformVersion: 5.14.0-427.37.1.el9_4.x86_64  CompilerName: GCC  CompilerVersion: 8.4.0
ProgramName: mri_diff  ProgramArguments: mri_diff -all-info  ProgramVersion: 7.3.2  TimeStamp: 2026/03/11-13:11:00-GMT  BuildTime: Aug  4 2022 06:17:15  BuildStamp: freesurfer-linux-ubuntu22_x86_64-7.3.2-20220804-6354275  User: oesteban  Machine: dna050  Platform: Linux  PlatformVersion: 5.14.0-427.37.1.el9_4.x86_64  CompilerName: GCC  CompilerVersion: 8.4.0
ProgramName: mri_edit_wm_with_aseg  ProgramArguments: mri_edit_wm_with_aseg -all-info  ProgramVersion: 7.3.2  TimeStamp: 2026/03/11-13:11:00-GMT  BuildTime: Aug  4 2022 06:17:15  BuildStamp: freesurfer-linux-ubuntu22_x86_64-7.3.2-20220804-6354275  User: oesteban  Machine: dna050  Platform: Linux  PlatformVersion: 5.14.0-427.37.1.el9_4.x86_64  CompilerName: GCC  CompilerVersion: 8.4.0
ProgramName: mri_em_register  ProgramArguments: mri_em_register -all-info  ProgramVersion: 7.3.2  TimeStamp: 2026/03/11-13:11:00-GMT  BuildTime: Aug  4 2022 06:17:15  BuildStamp: freesurfer-linux-ubuntu22_x86_64-7.3.2-20220804-6354275  User: oesteban  Machine: dna050  Platform: Linux  PlatformVersion: 5.14.0-427.37.1.el9_4.x86_64  CompilerName: GCC  CompilerVersion: 8.4.0
ProgramName: mri_fill  ProgramArguments: mri_fill -all-info  ProgramVersion: 7.3.2  TimeStamp: 2026/03/11-13:11:00-GMT  BuildTime: Aug  4 2022 06:17:15  BuildStamp: freesurfer-linux-ubuntu22_x86_64-7.3.2-20220804-6354275  User: oesteban  Machine: dna050  Platform: Linux  PlatformVersion: 5.14.0-427.37.1.el9_4.x86_64  CompilerName: GCC  CompilerVersion: 8.4.0
ProgramName: mri_fuse_segmentations  ProgramArguments: mri_fuse_segmentations -all-info  ProgramVersion: 7.3.2  TimeStamp: 2026/03/11-13:11:00-GMT  BuildTime: Aug  4 2022 06:17:15  BuildStamp: freesurfer-linux-ubuntu22_x86_64-7.3.2-20220804-6354275  User: oesteban  Machine: dna050  Platform: Linux  PlatformVersion: 5.14.0-427.37.1.el9_4.x86_64  CompilerName: GCC  CompilerVersion: 8.4.0
ProgramName: mri_fwhm  ProgramArguments: mri_fwhm -all-info  ProgramVersion: 7.3.2  TimeStamp: 2026/03/11-13:11:00-GMT  BuildTime: Aug  4 2022 06:17:15  BuildStamp: freesurfer-linux-ubuntu22_x86_64-7.3.2-20220804-6354275  User: oesteban  Machine: dna050  Platform: Linux  PlatformVersion: 5.14.0-427.37.1.el9_4.x86_64  CompilerName: GCC  CompilerVersion: 8.4.0
ProgramName: mri_gcut  ProgramArguments: mri_gcut -all-info  ProgramVersion: 7.3.2  TimeStamp: 2026/03/11-13:11:00-GMT  BuildTime: Aug  4 2022 06:17:15  BuildStamp: freesurfer-linux-ubuntu22_x86_64-7.3.2-20220804-6354275  User: oesteban  Machine: dna050  Platform: Linux  PlatformVersion: 5.14.0-427.37.1.el9_4.x86_64  CompilerName: GCC  CompilerVersion: 8.4.0
ProgramName: mri_info  ProgramArguments: mri_info -all-info  ProgramVersion: 7.3.2  TimeStamp: 2026/03/11-13:11:00-GMT  BuildTime: Aug  4 2022 06:17:15  BuildStamp: freesurfer-linux-ubuntu22_x86_64-7.3.2-20220804-6354275  User: oesteban  Machine: dna050  Platform: Linux  PlatformVersion: 5.14.0-427.37.1.el9_4.x86_64  CompilerName: GCC  CompilerVersion: 8.4.0
ProgramName: mri_label2label  ProgramArguments: mri_label2label -all-info  ProgramVersion: 7.3.2  TimeStamp: 2026/03/11-13:11:00-GMT  BuildTime: Aug  4 2022 06:17:15  BuildStamp: freesurfer-linux-ubuntu22_x86_64-7.3.2-20220804-6354275  User: oesteban  Machine: dna050  Platform: Linux  PlatformVersion: 5.14.0-427.37.1.el9_4.x86_64  CompilerName: GCC  CompilerVersion: 8.4.0
ProgramName: mri_label2vol  ProgramArguments: mri_label2vol -all-info  ProgramVersion: 7.3.2  TimeStamp: 2026/03/11-13:11:00-GMT  BuildTime: Aug  4 2022 06:17:15  BuildStamp: freesurfer-linux-ubuntu22_x86_64-7.3.2-20220804-6354275  User: oesteban  Machine: dna050  Platform: Linux  PlatformVersion: 5.14.0-427.37.1.el9_4.x86_64  CompilerName: GCC  CompilerVersion: 8.4.0
ProgramName: mri_log_likelihood  ProgramArguments: mri_log_likelihood -all-info  ProgramVersion: 7.3.2  TimeStamp: 2026/03/11-13:11:00-GMT  BuildTime: Aug  4 2022 06:17:15  BuildStamp: freesurfer-linux-ubuntu22_x86_64-7.3.2-20220804-6354275  User: oesteban  Machine: dna050  Platform: Linux  PlatformVersion: 5.14.0-427.37.1.el9_4.x86_64  CompilerName: GCC  CompilerVersion: 8.4.0
ProgramName: mri_mask  ProgramArguments: mri_mask -all-info  ProgramVersion: 7.3.2  TimeStamp: 2026/03/11-13:11:00-GMT  BuildTime: Aug  4 2022 06:17:15  BuildStamp: freesurfer-linux-ubuntu22_x86_64-7.3.2-20220804-6354275  User: oesteban  Machine: dna050  Platform: Linux  PlatformVersion: 5.14.0-427.37.1.el9_4.x86_64  CompilerName: GCC  CompilerVersion: 8.4.0
ProgramName: mri_matrix_multiply  ProgramArguments: mri_matrix_multiply -all-info  ProgramVersion: 7.3.2  TimeStamp: 2026/03/11-13:11:00-GMT  BuildTime: Aug  4 2022 06:17:15  BuildStamp: freesurfer-linux-ubuntu22_x86_64-7.3.2-20220804-6354275  User: oesteban  Machine: dna050  Platform: Linux  PlatformVersion: 5.14.0-427.37.1.el9_4.x86_64  CompilerName: GCC  CompilerVersion: 8.4.0
ProgramName: mri_normalize  ProgramArguments: mri_normalize -all-info  ProgramVersion: 7.3.2  TimeStamp: 2026/03/11-13:11:00-GMT  BuildTime: Aug  4 2022 06:17:15  BuildStamp: freesurfer-linux-ubuntu22_x86_64-7.3.2-20220804-6354275  User: oesteban  Machine: dna050  Platform: Linux  PlatformVersion: 5.14.0-427.37.1.el9_4.x86_64  CompilerName: GCC  CompilerVersion: 8.4.0
ProgramName: mri_normalize_tp2  ProgramArguments: mri_normalize_tp2 -all-info  ProgramVersion: 7.3.2  TimeStamp: 2026/03/11-13:11:00-GMT  BuildTime: Aug  4 2022 06:17:15  BuildStamp: freesurfer-linux-ubuntu22_x86_64-7.3.2-20220804-6354275  User: oesteban  Machine: dna050  Platform: Linux  PlatformVersion: 5.14.0-427.37.1.el9_4.x86_64  CompilerName: GCC  CompilerVersion: 8.4.0
ProgramName: mri_or  ProgramArguments: mri_or -all-info  ProgramVersion: 7.3.2  TimeStamp: 2026/03/11-13:11:00-GMT  BuildTime: Aug  4 2022 06:17:15  BuildStamp: freesurfer-linux-ubuntu22_x86_64-7.3.2-20220804-6354275  User: oesteban  Machine: dna050  Platform: Linux  PlatformVersion: 5.14.0-427.37.1.el9_4.x86_64  CompilerName: GCC  CompilerVersion: 8.4.0
ProgramName: mri_relabel_hypointensities  ProgramArguments: mri_relabel_hypointensities -all-info  ProgramVersion: 7.3.2  TimeStamp: 2026/03/11-13:11:00-GMT  BuildTime: Aug  4 2022 06:17:15  BuildStamp: freesurfer-linux-ubuntu22_x86_64-7.3.2-20220804-6354275  User: oesteban  Machine: dna050  Platform: Linux  PlatformVersion: 5.14.0-427.37.1.el9_4.x86_64  CompilerName: GCC  CompilerVersion: 8.4.0
ProgramName: mri_relabel_nonwm_hypos  ProgramArguments: mri_relabel_nonwm_hypos -all-info  ProgramVersion: 7.3.2  TimeStamp: 2026/03/11-13:11:00-GMT  BuildTime: Aug  4 2022 06:17:15  BuildStamp: freesurfer-linux-ubuntu22_x86_64-7.3.2-20220804-6354275  User: oesteban  Machine: dna050  Platform: Linux  PlatformVersion: 5.14.0-427.37.1.el9_4.x86_64  CompilerName: GCC  CompilerVersion: 8.4.0
ProgramName: mri_remove_neck  ProgramArguments: mri_remove_neck -all-info  ProgramVersion: 7.3.2  TimeStamp: 2026/03/11-13:11:00-GMT  BuildTime: Aug  4 2022 06:17:15  BuildStamp: freesurfer-linux-ubuntu22_x86_64-7.3.2-20220804-6354275  User: oesteban  Machine: dna050  Platform: Linux  PlatformVersion: 5.14.0-427.37.1.el9_4.x86_64  CompilerName: GCC  CompilerVersion: 8.4.0
7.3.2

ProgramName: mri_robust_register  ProgramArguments: mri_robust_register -all-info  ProgramVersion: 7.3.2  TimeStamp: 2026/03/11-13:11:00-GMT  BuildTime: Aug  4 2022 06:17:15  BuildStamp: freesurfer-linux-ubuntu22_x86_64-7.3.2-20220804-6354275  User: oesteban  Machine: dna050  Platform: Linux  PlatformVersion: 5.14.0-427.37.1.el9_4.x86_64  CompilerName: GCC  CompilerVersion: 8.4.0
7.3.2

ProgramName: mri_robust_template  ProgramArguments: mri_robust_template -all-info  ProgramVersion: 7.3.2  TimeStamp: 2026/03/11-13:11:00-GMT  BuildTime: Aug  4 2022 06:17:15  BuildStamp: freesurfer-linux-ubuntu22_x86_64-7.3.2-20220804-6354275  User: oesteban  Machine: dna050  Platform: Linux  PlatformVersion: 5.14.0-427.37.1.el9_4.x86_64  CompilerName: GCC  CompilerVersion: 8.4.0
ProgramName: mris_anatomical_stats  ProgramArguments: mris_anatomical_stats -all-info  ProgramVersion: 7.3.2  TimeStamp: 2026/03/11-13:11:00-GMT  BuildTime: Aug  4 2022 06:17:15  BuildStamp: freesurfer-linux-ubuntu22_x86_64-7.3.2-20220804-6354275  User: oesteban  Machine: dna050  Platform: Linux  PlatformVersion: 5.14.0-427.37.1.el9_4.x86_64  CompilerName: GCC  CompilerVersion: 8.4.0
ProgramName: mris_ca_label  ProgramArguments: mris_ca_label -all-info  ProgramVersion: 7.3.2  TimeStamp: 2026/03/11-13:11:00-GMT  BuildTime: Aug  4 2022 06:17:15  BuildStamp: freesurfer-linux-ubuntu22_x86_64-7.3.2-20220804-6354275  User: oesteban  Machine: dna050  Platform: Linux  PlatformVersion: 5.14.0-427.37.1.el9_4.x86_64  CompilerName: GCC  CompilerVersion: 8.4.0
ProgramName: mris_calc  ProgramArguments: mris_calc -all-info  ProgramVersion: 7.3.2  TimeStamp: 2026/03/11-13:11:00-GMT  BuildTime: Aug  4 2022 06:17:15  BuildStamp: freesurfer-linux-ubuntu22_x86_64-7.3.2-20220804-6354275  User: oesteban  Machine: dna050  Platform: Linux  PlatformVersion: 5.14.0-427.37.1.el9_4.x86_64  CompilerName: GCC  CompilerVersion: 8.4.0
ProgramName: mris_convert  ProgramArguments: mris_convert -all-info  ProgramVersion: 7.3.2  TimeStamp: 2026/03/11-13:11:00-GMT  BuildTime: Aug  4 2022 06:17:15  BuildStamp: freesurfer-linux-ubuntu22_x86_64-7.3.2-20220804-6354275  User: oesteban  Machine: dna050  Platform: Linux  PlatformVersion: 5.14.0-427.37.1.el9_4.x86_64  CompilerName: GCC  CompilerVersion: 8.4.0
ProgramName: mris_curvature  ProgramArguments: mris_curvature -all-info  ProgramVersion: 7.3.2  TimeStamp: 2026/03/11-13:11:00-GMT  BuildTime: Aug  4 2022 06:17:15  BuildStamp: freesurfer-linux-ubuntu22_x86_64-7.3.2-20220804-6354275  User: oesteban  Machine: dna050  Platform: Linux  PlatformVersion: 5.14.0-427.37.1.el9_4.x86_64  CompilerName: GCC  CompilerVersion: 8.4.0
ProgramName: mris_curvature_stats  ProgramArguments: mris_curvature_stats -all-info  ProgramVersion: 7.3.2  TimeStamp: 2026/03/11-13:11:00-GMT  BuildTime: Aug  4 2022 06:17:15  BuildStamp: freesurfer-linux-ubuntu22_x86_64-7.3.2-20220804-6354275  User: oesteban  Machine: dna050  Platform: Linux  PlatformVersion: 5.14.0-427.37.1.el9_4.x86_64  CompilerName: GCC  CompilerVersion: 8.4.0
ProgramName: mris_diff  ProgramArguments: mris_diff -all-info  ProgramVersion: 7.3.2  TimeStamp: 2026/03/11-13:11:00-GMT  BuildTime: Aug  4 2022 06:17:15  BuildStamp: freesurfer-linux-ubuntu22_x86_64-7.3.2-20220804-6354275  User: oesteban  Machine: dna050  Platform: Linux  PlatformVersion: 5.14.0-427.37.1.el9_4.x86_64  CompilerName: GCC  CompilerVersion: 8.4.0
ProgramName: mris_divide_parcellation  ProgramArguments: mris_divide_parcellation -all-info  ProgramVersion: 7.3.2  TimeStamp: 2026/03/11-13:11:00-GMT  BuildTime: Aug  4 2022 06:17:15  BuildStamp: freesurfer-linux-ubuntu22_x86_64-7.3.2-20220804-6354275  User: oesteban  Machine: dna050  Platform: Linux  PlatformVersion: 5.14.0-427.37.1.el9_4.x86_64  CompilerName: GCC  CompilerVersion: 8.4.0
ProgramName: mri_segment  ProgramArguments: mri_segment -all-info  ProgramVersion: 7.3.2  TimeStamp: 2026/03/11-13:11:00-GMT  BuildTime: Aug  4 2022 06:17:15  BuildStamp: freesurfer-linux-ubuntu22_x86_64-7.3.2-20220804-6354275  User: oesteban  Machine: dna050  Platform: Linux  PlatformVersion: 5.14.0-427.37.1.el9_4.x86_64  CompilerName: GCC  CompilerVersion: 8.4.0
ProgramName: mri_segstats  ProgramArguments: mri_segstats -all-info  ProgramVersion: 7.3.2  TimeStamp: 2026/03/11-13:11:00-GMT  BuildTime: Aug  4 2022 06:17:15  BuildStamp: freesurfer-linux-ubuntu22_x86_64-7.3.2-20220804-6354275  User: oesteban  Machine: dna050  Platform: Linux  PlatformVersion: 5.14.0-427.37.1.el9_4.x86_64  CompilerName: GCC  CompilerVersion: 8.4.0
ProgramName: mris_euler_number  ProgramArguments: mris_euler_number -all-info  ProgramVersion: 7.3.2  TimeStamp: 2026/03/11-13:11:00-GMT  BuildTime: Aug  4 2022 06:17:15  BuildStamp: freesurfer-linux-ubuntu22_x86_64-7.3.2-20220804-6354275  User: oesteban  Machine: dna050  Platform: Linux  PlatformVersion: 5.14.0-427.37.1.el9_4.x86_64  CompilerName: GCC  CompilerVersion: 8.4.0
ProgramName: mris_fix_topology  ProgramArguments: mris_fix_topology -all-info  ProgramVersion: 7.3.2  TimeStamp: 2026/03/11-13:11:00-GMT  BuildTime: Aug  4 2022 06:17:15  BuildStamp: freesurfer-linux-ubuntu22_x86_64-7.3.2-20220804-6354275  User: oesteban  Machine: dna050  Platform: Linux  PlatformVersion: 5.14.0-427.37.1.el9_4.x86_64  CompilerName: GCC  CompilerVersion: 8.4.0
ProgramName: mris_topo_fixer  ProgramArguments: mris_topo_fixer -all-info  ProgramVersion: 7.3.2  TimeStamp: 2026/03/11-13:11:00-GMT  BuildTime: Aug  4 2022 06:17:15  BuildStamp: freesurfer-linux-ubuntu22_x86_64-7.3.2-20220804-6354275  User: oesteban  Machine: dna050  Platform: Linux  PlatformVersion: 5.14.0-427.37.1.el9_4.x86_64  CompilerName: GCC  CompilerVersion: 8.4.0
ProgramName: mris_jacobian  ProgramArguments: mris_jacobian -all-info  ProgramVersion: 7.3.2  TimeStamp: 2026/03/11-13:11:00-GMT  BuildTime: Aug  4 2022 06:17:15  BuildStamp: freesurfer-linux-ubuntu22_x86_64-7.3.2-20220804-6354275  User: oesteban  Machine: dna050  Platform: Linux  PlatformVersion: 5.14.0-427.37.1.el9_4.x86_64  CompilerName: GCC  CompilerVersion: 8.4.0
ProgramName: mris_label2annot  ProgramArguments: mris_label2annot -all-info  ProgramVersion: 7.3.2  TimeStamp: 2026/03/11-13:11:00-GMT  BuildTime: Aug  4 2022 06:17:15  BuildStamp: freesurfer-linux-ubuntu22_x86_64-7.3.2-20220804-6354275  User: oesteban  Machine: dna050  Platform: Linux  PlatformVersion: 5.14.0-427.37.1.el9_4.x86_64  CompilerName: GCC  CompilerVersion: 8.4.0
ProgramName: mris_left_right_register  ProgramArguments: mris_left_right_register -all-info  ProgramVersion: 7.3.2  TimeStamp: 2026/03/11-13:11:00-GMT  BuildTime: Aug  4 2022 06:17:15  BuildStamp: freesurfer-linux-ubuntu22_x86_64-7.3.2-20220804-6354275  User: oesteban  Machine: dna050  Platform: Linux  PlatformVersion: 5.14.0-427.37.1.el9_4.x86_64  CompilerName: GCC  CompilerVersion: 8.4.0
ProgramName: mris_place_surface  ProgramArguments: mris_place_surface -all-info  ProgramVersion: 7.3.2  TimeStamp: 2026/03/11-13:11:00-GMT  BuildTime: Aug  4 2022 06:17:15  BuildStamp: freesurfer-linux-ubuntu22_x86_64-7.3.2-20220804-6354275  User: oesteban  Machine: dna050  Platform: Linux  PlatformVersion: 5.14.0-427.37.1.el9_4.x86_64  CompilerName: GCC  CompilerVersion: 8.4.0
ProgramName: mrisp_paint  ProgramArguments: mrisp_paint -all-info  ProgramVersion: 7.3.2  TimeStamp: 2026/03/11-13:11:00-GMT  BuildTime: Aug  4 2022 06:17:15  BuildStamp: freesurfer-linux-ubuntu22_x86_64-7.3.2-20220804-6354275  User: oesteban  Machine: dna050  Platform: Linux  PlatformVersion: 5.14.0-427.37.1.el9_4.x86_64  CompilerName: GCC  CompilerVersion: 8.4.0
ProgramName: mris_register  ProgramArguments: mris_register -all-info  ProgramVersion: 7.3.2  TimeStamp: 2026/03/11-13:11:00-GMT  BuildTime: Aug  4 2022 06:17:15  BuildStamp: freesurfer-linux-ubuntu22_x86_64-7.3.2-20220804-6354275  User: oesteban  Machine: dna050  Platform: Linux  PlatformVersion: 5.14.0-427.37.1.el9_4.x86_64  CompilerName: GCC  CompilerVersion: 8.4.0
ProgramName: mris_smooth  ProgramArguments: mris_smooth -all-info  ProgramVersion: 7.3.2  TimeStamp: 2026/03/11-13:11:00-GMT  BuildTime: Aug  4 2022 06:17:15  BuildStamp: freesurfer-linux-ubuntu22_x86_64-7.3.2-20220804-6354275  User: oesteban  Machine: dna050  Platform: Linux  PlatformVersion: 5.14.0-427.37.1.el9_4.x86_64  CompilerName: GCC  CompilerVersion: 8.4.0
ProgramName: mris_sphere  ProgramArguments: mris_sphere -all-info  ProgramVersion: 7.3.2  TimeStamp: 2026/03/11-13:11:00-GMT  BuildTime: Aug  4 2022 06:17:15  BuildStamp: freesurfer-linux-ubuntu22_x86_64-7.3.2-20220804-6354275  User: oesteban  Machine: dna050  Platform: Linux  PlatformVersion: 5.14.0-427.37.1.el9_4.x86_64  CompilerName: GCC  CompilerVersion: 8.4.0
ProgramName: mris_surface_stats  ProgramArguments: mris_surface_stats -all-info  ProgramVersion: 7.3.2  TimeStamp: 2026/03/11-13:11:00-GMT  BuildTime: Aug  4 2022 06:17:15  BuildStamp: freesurfer-linux-ubuntu22_x86_64-7.3.2-20220804-6354275  User: oesteban  Machine: dna050  Platform: Linux  PlatformVersion: 5.14.0-427.37.1.el9_4.x86_64  CompilerName: GCC  CompilerVersion: 8.4.0
ProgramName: mri_stats2seg  ProgramArguments: mri_stats2seg -all-info  ProgramVersion: 7.3.2  TimeStamp: 2026/03/11-13:11:00-GMT  BuildTime: Aug  4 2022 06:17:15  BuildStamp: freesurfer-linux-ubuntu22_x86_64-7.3.2-20220804-6354275  User: oesteban  Machine: dna050  Platform: Linux  PlatformVersion: 5.14.0-427.37.1.el9_4.x86_64  CompilerName: GCC  CompilerVersion: 8.4.0
ProgramName: mris_thickness  ProgramArguments: mris_thickness -all-info  ProgramVersion: 7.3.2  TimeStamp: 2026/03/11-13:11:00-GMT  BuildTime: Aug  4 2022 06:17:15  BuildStamp: freesurfer-linux-ubuntu22_x86_64-7.3.2-20220804-6354275  User: oesteban  Machine: dna050  Platform: Linux  PlatformVersion: 5.14.0-427.37.1.el9_4.x86_64  CompilerName: GCC  CompilerVersion: 8.4.0
ProgramName: mris_thickness_diff  ProgramArguments: mris_thickness_diff -all-info  ProgramVersion: 7.3.2  TimeStamp: 2026/03/11-13:11:00-GMT  BuildTime: Aug  4 2022 06:17:15  BuildStamp: freesurfer-linux-ubuntu22_x86_64-7.3.2-20220804-6354275  User: oesteban  Machine: dna050  Platform: Linux  PlatformVersion: 5.14.0-427.37.1.el9_4.x86_64  CompilerName: GCC  CompilerVersion: 8.4.0
ProgramName: mris_topo_fixer  ProgramArguments: mris_topo_fixer -all-info  ProgramVersion: 7.3.2  TimeStamp: 2026/03/11-13:11:00-GMT  BuildTime: Aug  4 2022 06:17:15  BuildStamp: freesurfer-linux-ubuntu22_x86_64-7.3.2-20220804-6354275  User: oesteban  Machine: dna050  Platform: Linux  PlatformVersion: 5.14.0-427.37.1.el9_4.x86_64  CompilerName: GCC  CompilerVersion: 8.4.0
ProgramName: mri_surf2surf  ProgramArguments: mri_surf2surf -all-info  ProgramVersion: 7.3.2  TimeStamp: 2026/03/11-13:11:00-GMT  BuildTime: Aug  4 2022 06:17:15  BuildStamp: freesurfer-linux-ubuntu22_x86_64-7.3.2-20220804-6354275  User: oesteban  Machine: dna050  Platform: Linux  PlatformVersion: 5.14.0-427.37.1.el9_4.x86_64  CompilerName: GCC  CompilerVersion: 8.4.0
ProgramName: mri_surf2vol  ProgramArguments: mri_surf2vol -all-info  ProgramVersion: 7.3.2  TimeStamp: 2026/03/11-13:11:00-GMT  BuildTime: Aug  4 2022 06:17:15  BuildStamp: freesurfer-linux-ubuntu22_x86_64-7.3.2-20220804-6354275  User: oesteban  Machine: dna050  Platform: Linux  PlatformVersion: 5.14.0-427.37.1.el9_4.x86_64  CompilerName: GCC  CompilerVersion: 8.4.0
ProgramName: mri_surfcluster  ProgramArguments: mri_surfcluster -all-info  ProgramVersion: 7.3.2  TimeStamp: 2026/03/11-13:11:00-GMT  BuildTime: Aug  4 2022 06:17:15  BuildStamp: freesurfer-linux-ubuntu22_x86_64-7.3.2-20220804-6354275  User: oesteban  Machine: dna050  Platform: Linux  PlatformVersion: 5.14.0-427.37.1.el9_4.x86_64  CompilerName: GCC  CompilerVersion: 8.4.0
ProgramName: mris_volmask  ProgramArguments: mris_volmask -all-info  ProgramVersion: 7.3.2  TimeStamp: 2026/03/11-13:11:00-GMT  BuildTime: Aug  4 2022 06:17:15  BuildStamp: freesurfer-linux-ubuntu22_x86_64-7.3.2-20220804-6354275  User: oesteban  Machine: dna050  Platform: Linux  PlatformVersion: 5.14.0-427.37.1.el9_4.x86_64  CompilerName: GCC  CompilerVersion: 8.4.0
ProgramName: mri_tessellate  ProgramArguments: mri_tessellate -all-info  ProgramVersion: 7.3.2  TimeStamp: 2026/03/11-13:11:00-GMT  BuildTime: Aug  4 2022 06:17:15  BuildStamp: freesurfer-linux-ubuntu22_x86_64-7.3.2-20220804-6354275  User: oesteban  Machine: dna050  Platform: Linux  PlatformVersion: 5.14.0-427.37.1.el9_4.x86_64  CompilerName: GCC  CompilerVersion: 8.4.0
ProgramName: mri_vol2surf  ProgramArguments: mri_vol2surf -all-info  ProgramVersion: 7.3.2  TimeStamp: 2026/03/11-13:11:00-GMT  BuildTime: Aug  4 2022 06:17:15  BuildStamp: freesurfer-linux-ubuntu22_x86_64-7.3.2-20220804-6354275  User: oesteban  Machine: dna050  Platform: Linux  PlatformVersion: 5.14.0-427.37.1.el9_4.x86_64  CompilerName: GCC  CompilerVersion: 8.4.0
ProgramName: mri_vol2vol  ProgramArguments: mri_vol2vol -all-info  ProgramVersion: 7.3.2  TimeStamp: 2026/03/11-13:11:00-GMT  BuildTime: Aug  4 2022 06:17:15  BuildStamp: freesurfer-linux-ubuntu22_x86_64-7.3.2-20220804-6354275  User: oesteban  Machine: dna050  Platform: Linux  PlatformVersion: 5.14.0-427.37.1.el9_4.x86_64  CompilerName: GCC  CompilerVersion: 8.4.0
ProgramName: mri_voldiff  ProgramArguments: mri_voldiff -all-info  ProgramVersion: 7.3.2  TimeStamp: 2026/03/11-13:11:00-GMT  BuildTime: Aug  4 2022 06:17:15  BuildStamp: freesurfer-linux-ubuntu22_x86_64-7.3.2-20220804-6354275  User: oesteban  Machine: dna050  Platform: Linux  PlatformVersion: 5.14.0-427.37.1.el9_4.x86_64  CompilerName: GCC  CompilerVersion: 8.4.0
ProgramName: mri_watershed  ProgramArguments: mri_watershed -all-info  ProgramVersion: 7.3.2  TimeStamp: 2026/03/11-13:11:00-GMT  BuildTime: Aug  4 2022 06:17:15  BuildStamp: freesurfer-linux-ubuntu22_x86_64-7.3.2-20220804-6354275  User: oesteban  Machine: dna050  Platform: Linux  PlatformVersion: 5.14.0-427.37.1.el9_4.x86_64  CompilerName: GCC  CompilerVersion: 8.4.0
ProgramName: tkregister2  ProgramArguments: tkregister2_cmdl -all-info  ProgramVersion: 7.3.2  TimeStamp: 2026/03/11-13:11:00-GMT  BuildTime: Aug  4 2022 06:17:15  BuildStamp: freesurfer-linux-ubuntu22_x86_64-7.3.2-20220804-6354275  User: oesteban  Machine: dna050  Platform: Linux  PlatformVersion: 5.14.0-427.37.1.el9_4.x86_64  CompilerName: GCC  CompilerVersion: 8.4.0
mri_motion_correct.fsl 7.3.2
mri_convert -all-info 
ProgramName: mri_convert  ProgramArguments: mri_convert -all-info  ProgramVersion: 7.3.2  TimeStamp: 2026/03/11-13:11:00-GMT  BuildTime: Aug  4 2022 06:17:15  BuildStamp: freesurfer-linux-ubuntu22_x86_64-7.3.2-20220804-6354275  User: oesteban  Machine: dna050  Platform: Linux  PlatformVersion: 5.14.0-427.37.1.el9_4.x86_64  CompilerName: GCC  CompilerVersion: 8.4.0
Program nu_correct, built from:
Package MNI N3, version 1.12.0, compiled by nicks@terrier (x86_64-unknown-linux-gnu) on 2015-06-19 at 01:25:34
#######################################
GCADIR /opt/freesurfer/average
GCA RB_all_2020-01-02.gca
GCASkull RB_all_withskull_2020_01_02.gca
AvgCurvTif folding.atlas.acfb40.noaparc.i12.2016-08-02.tif
GCSDIR /opt/freesurfer/average
GCS DKaparc.atlas.acfb40.noaparc.i12.2016-08-02.gcs
#######################################
#--------------------------------------------
#@# AutoDetGWStats lh Wed Mar 11 14:11:00 CET 2026
cd /out/sourcedata/freesurfer/sub-v2s16x51307_ses-1/mri
mris_autodet_gwstats --o ../surf/autodet.gw.stats.lh.dat --i brain.finalsurfs.mgz --wm wm.mgz --surf ../surf/lh.orig.premesh
  Update not needed
#--------------------------------------------
#@# WhitePreAparc lh Wed Mar 11 14:11:00 CET 2026
cd /out/sourcedata/freesurfer/sub-v2s16x51307_ses-1/mri
mris_place_surface --adgws-in ../surf/autodet.gw.stats.lh.dat --wm wm.mgz --threads 16 --invol brain.finalsurfs.mgz --lh --i ../surf/lh.orig --o ../surf/lh.white.preaparc --white --seg aseg.presurf.mgz --nsmooth 5
   Update not needed
#--------------------------------------------
#@# CortexLabel lh Wed Mar 11 14:11:00 CET 2026
cd /out/sourcedata/freesurfer/sub-v2s16x51307_ses-1/mri
mri_label2label --label-cortex ../surf/lh.white.preaparc aseg.presurf.mgz 0 ../label/lh.cortex.label
   Update not needed
#--------------------------------------------
#@# CortexLabel+HipAmyg lh Wed Mar 11 14:11:00 CET 2026
cd /out/sourcedata/freesurfer/sub-v2s16x51307_ses-1/mri
mri_label2label --label-cortex ../surf/lh.white.preaparc aseg.presurf.mgz 1 ../label/lh.cortex+hipamyg.label
   Update not needed
#@# white curv lh Wed Mar 11 14:11:00 CET 2026
cd /out/sourcedata/freesurfer/sub-v2s16x51307_ses-1/mri
mris_place_surface --curv-map ../surf/lh.white 2 10 ../surf/lh.curv
   Update not needed
#@# white area lh Wed Mar 11 14:11:00 CET 2026
cd /out/sourcedata/freesurfer/sub-v2s16x51307_ses-1/mri
mris_place_surface --area-map ../surf/lh.white ../surf/lh.area
   Update not needed
#@# pial curv lh Wed Mar 11 14:11:00 CET 2026
cd /out/sourcedata/freesurfer/sub-v2s16x51307_ses-1/mri
mris_place_surface --curv-map ../surf/lh.pial 2 10 ../surf/lh.curv.pial
   Update not needed
#@# pial area lh Wed Mar 11 14:11:00 CET 2026
cd /out/sourcedata/freesurfer/sub-v2s16x51307_ses-1/mri
mris_place_surface --area-map ../surf/lh.pial ../surf/lh.area.pial
   Update not needed
#@# thickness lh Wed Mar 11 14:11:00 CET 2026
cd /out/sourcedata/freesurfer/sub-v2s16x51307_ses-1/mri
mris_place_surface --thickness ../surf/lh.white ../surf/lh.pial 20 5 ../surf/lh.thickness
   Update not needed
#@# area and vertex vol lh Wed Mar 11 14:11:00 CET 2026
cd /out/sourcedata/freesurfer/sub-v2s16x51307_ses-1/mri
mris_place_surface --thickness ../surf/lh.white ../surf/lh.pial 20 5 ../surf/lh.thickness
   Update not needed
#-----------------------------------------
#@# Parcellation Stats lh Wed Mar 11 14:11:00 CET 2026
/out/sourcedata/freesurfer/sub-v2s16x51307_ses-1/scripts

 mris_anatomical_stats -th3 -mgz -noglobal -cortex ../label/lh.cortex.label -f ../stats/lh.aparc.stats -b -a ../label/lh.aparc.annot -c ../label/aparc.annot.ctab sub-v2s16x51307_ses-1 lh white 

computing statistics for each annotation in ../label/lh.aparc.annot.
reading volume /out/sourcedata/freesurfer/sub-v2s16x51307_ses-1/mri/wm.mgz...
reading input surface /out/sourcedata/freesurfer/sub-v2s16x51307_ses-1/surf/lh.white...
reading input pial surface /out/sourcedata/freesurfer/sub-v2s16x51307_ses-1/surf/lh.pial...
reading input white surface /out/sourcedata/freesurfer/sub-v2s16x51307_ses-1/surf/lh.white...
INFO: using TH3 volume calc
INFO: assuming MGZ format for volumes.
INFO: not computing global stats
INFO: using ../label/lh.cortex.label as mask to calc cortex NumVert, SurfArea and MeanThickness.
Using TH3 vertex volume calc
Total face volume 284172
Total vertex volume 283914 (mask=0)
Saving annotation colortable ../label/aparc.annot.ctab

table columns are:
    number of vertices
    total surface area (mm^2)
    total gray matter volume (mm^3)
    average cortical thickness +- standard deviation (mm)
    integrated rectified mean curvature
    integrated rectified Gaussian curvature
    folding index
    intrinsic curvature index
    structure name

 1630   1084   3440  2.953 0.553     0.081     0.011        7     0.7  bankssts
  939    624   2238  2.632 1.118     0.100     0.013        9     0.7  caudalanteriorcingulate
 3271   2272   7267  2.921 0.584     0.103     0.019       23     2.7  caudalmiddlefrontal
 2029   1460   3159  2.136 0.443     0.146     0.031       27     2.7  cuneus
  725    488   2830  3.635 0.886     0.104     0.031        7     1.2  entorhinal
 4076   2921   9786  2.903 0.563     0.115     0.020       44     3.2  fusiform
 7353   4954  17269  2.887 0.683     0.105     0.019       66     5.9  inferiorparietal
 5114   3791  13660  3.048 0.653     0.116     0.023       57     4.9  inferiortemporal
 1540   1101   3099  2.357 0.953     0.114     0.028       22     1.4  isthmuscingulate
 6556   4394  11586  2.357 0.682     0.128     0.026       78     7.0  lateraloccipital
 3538   2570   7972  2.918 0.895     0.122     0.026       37     4.3  lateralorbitofrontal
 3580   2561   6078  2.208 0.648     0.124     0.025       38     4.0  lingual
 2355   1665   5252  2.679 0.978     0.117     0.033       28     3.0  medialorbitofrontal
 4503   3405  13320  3.081 0.714     0.121     0.022       62     4.4  middletemporal
  852    552   2065  3.373 0.814     0.091     0.016        5     0.6  parahippocampal
 1844   1189   3926  3.044 0.614     0.098     0.019       11     1.4  paracentral
 2110   1496   5933  3.101 0.760     0.110     0.020       17     1.8  parsopercularis
  890    647   2525  2.791 0.911     0.112     0.025       10     0.9  parsorbitalis
 1471   1084   4086  2.941 0.752     0.120     0.032       14     1.9  parstriangularis
 1560   1107   2114  2.059 0.578     0.123     0.023       14     1.5  pericalcarine
 6749   4545  11803  2.255 0.766     0.103     0.018       52     5.1  postcentral
 1561   1103   3878  2.865 0.984     0.124     0.024       20     1.6  posteriorcingulate
 8413   5715  17660  2.827 0.683     0.103     0.018       57     6.6  precentral
 5127   3706  11920  2.845 0.659     0.114     0.021       58     4.6  precuneus
  919    626   2579  3.333 1.144     0.115     0.031       11     1.4  rostralanteriorcingulate
 5817   4632  17455  2.894 0.796     0.142     0.038       80     9.4  rostralmiddlefrontal
 9701   7093  28294  3.433 0.716     0.117     0.026       84    10.3  superiorfrontal
 8925   6088  17567  2.504 0.594     0.111     0.019       85     7.1  superiorparietal
 6231   4393  15868  3.081 0.698     0.103     0.017       63     4.6  superiortemporal
 6710   4675  15935  2.978 0.650     0.110     0.019       66     5.5  supramarginal
  341    298    940  2.388 0.670     0.160     0.038        6     0.5  frontalpole
  632    521   2889  3.783 0.895     0.148     0.036       10     1.2  temporalpole
  572    381   1267  3.081 0.410     0.109     0.017        5     0.3  transversetemporal
 3263   2207   8254  3.628 0.803     0.101     0.026       23     3.0  insula

 mris_anatomical_stats -th3 -mgz -noglobal -cortex ../label/lh.cortex.label -f ../stats/lh.aparc.pial.stats -b -a ../label/lh.aparc.annot -c ../label/aparc.annot.ctab sub-v2s16x51307_ses-1 lh pial 

computing statistics for each annotation in ../label/lh.aparc.annot.
reading volume /out/sourcedata/freesurfer/sub-v2s16x51307_ses-1/mri/wm.mgz...
reading input surface /out/sourcedata/freesurfer/sub-v2s16x51307_ses-1/surf/lh.pial...
reading input pial surface /out/sourcedata/freesurfer/sub-v2s16x51307_ses-1/surf/lh.pial...
reading input white surface /out/sourcedata/freesurfer/sub-v2s16x51307_ses-1/surf/lh.white...
INFO: using TH3 volume calc
INFO: assuming MGZ format for volumes.
INFO: not computing global stats
INFO: using ../label/lh.cortex.label as mask to calc cortex NumVert, SurfArea and MeanThickness.
Using TH3 vertex volume calc
Total face volume 284172
Total vertex volume 283914 (mask=0)
Saving annotation colortable ../label/aparc.annot.ctab

table columns are:
    number of vertices
    total surface area (mm^2)
    total gray matter volume (mm^3)
    average cortical thickness +- standard deviation (mm)
    integrated rectified mean curvature
    integrated rectified Gaussian curvature
    folding index
    intrinsic curvature index
    structure name

 1630   1172   3440  2.953 0.553     0.114     0.025       51     1.7  bankssts
  939    918   2238  2.632 1.118     0.183     0.052       58     1.9  caudalanteriorcingulate
 3271   2642   7267  2.921 0.584     0.120     0.029       64     3.2  caudalmiddlefrontal
 2029   1644   3159  2.136 0.443     0.136     0.034       59     2.5  cuneus
  725   1106   2830  3.635 0.886     0.325     0.098       28     4.2  entorhinal
 4076   3811   9786  2.903 0.563     0.151     0.036       76     6.4  fusiform
 7353   6538  17269  2.887 0.683     0.138     0.029      108     9.4  inferiorparietal
 5114   5076  13660  3.048 0.653     0.149     0.107      159     6.9  inferiortemporal
 1540   1488   3099  2.357 0.953     0.174     0.048       38     2.7  isthmuscingulate
 6556   5545  11586  2.357 0.682     0.135     0.031      201     8.2  lateraloccipital
 3538   3146   7972  2.918 0.895     0.151     0.037       90     5.3  lateralorbitofrontal
 3580   3232   6078  2.208 0.648     0.157     0.039       62     6.1  lingual
 2355   2369   5252  2.679 0.978     0.176     0.044       63     4.3  medialorbitofrontal
 4503   4864  13320  3.081 0.714     0.162     0.049      436     6.5  middletemporal
  852    764   2065  3.373 0.814     0.201     0.058       29     2.2  parahippocampal
 1844   1453   3926  3.044 0.614     0.125     0.028       42     2.1  paracentral
 2110   2207   5933  3.101 0.760     0.177     0.042       39     3.8  parsopercularis
  890   1073   2525  2.791 0.911     0.200     0.042       16     1.6  parsorbitalis
 1471   1665   4086  2.941 0.752     0.193     0.045       25     3.0  parstriangularis
 1560   1020   2114  2.059 0.578     0.134     0.040       55     2.3  pericalcarine
 6749   5864  11803  2.255 0.766     0.131     0.027       96     8.0  postcentral
 1561   1454   3878  2.865 0.984     0.157     0.041       49     2.3  posteriorcingulate
 8413   6647  17660  2.827 0.683     0.117     0.026      129     8.9  precentral
 5127   4586  11920  2.845 0.659     0.153     0.034      930     7.1  precuneus
  919    835   2579  3.333 1.144     0.164     0.050       38     1.6  rostralanteriorcingulate
 5817   7026  17455  2.894 0.796     0.202     0.046      122    11.2  rostralmiddlefrontal
 9701   9238  28294  3.433 0.716     0.163     0.050      272    14.8  superiorfrontal
 8925   7750  17567  2.504 0.594     0.133     0.028      435    10.1  superiorparietal
 6231   5715  15868  3.081 0.698     0.138     0.034      157     7.4  superiortemporal
 6710   5829  15935  2.978 0.650     0.139     0.038      217     9.5  supramarginal
  341    482    940  2.388 0.670     0.211     0.039        8     0.5  frontalpole
  632    961   2889  3.783 0.895     0.769     1.080    89696     1.4  temporalpole
  572    482   1267  3.081 0.410     0.131     0.039        6     0.9  transversetemporal
 3263   2193   8254  3.628 0.803     0.157     0.047      107     6.0  insula
#-----------------------------------------
#@# Parcellation Stats 2 lh Wed Mar 11 14:11:16 CET 2026
/out/sourcedata/freesurfer/sub-v2s16x51307_ses-1/scripts

 mris_anatomical_stats -th3 -mgz -noglobal -cortex ../label/lh.cortex.label -f ../stats/lh.aparc.a2009s.stats -b -a ../label/lh.aparc.a2009s.annot -c ../label/aparc.annot.a2009s.ctab sub-v2s16x51307_ses-1 lh white 

computing statistics for each annotation in ../label/lh.aparc.a2009s.annot.
reading volume /out/sourcedata/freesurfer/sub-v2s16x51307_ses-1/mri/wm.mgz...
reading input surface /out/sourcedata/freesurfer/sub-v2s16x51307_ses-1/surf/lh.white...
reading input pial surface /out/sourcedata/freesurfer/sub-v2s16x51307_ses-1/surf/lh.pial...
reading input white surface /out/sourcedata/freesurfer/sub-v2s16x51307_ses-1/surf/lh.white...
INFO: using TH3 volume calc
INFO: assuming MGZ format for volumes.
INFO: not computing global stats
INFO: using ../label/lh.cortex.label as mask to calc cortex NumVert, SurfArea and MeanThickness.
Using TH3 vertex volume calc
Total face volume 284172
Total vertex volume 283914 (mask=0)
Saving annotation colortable ../label/aparc.annot.a2009s.ctab

table columns are:
    number of vertices
    total surface area (mm^2)
    total gray matter volume (mm^3)
    average cortical thickness +- standard deviation (mm)
    integrated rectified mean curvature
    integrated rectified Gaussian curvature
    folding index
    intrinsic curvature index
    structure name

  914    718   2022  2.475 0.733     0.139     0.041       15     1.3  G_and_S_frontomargin
 1193    823   2808  2.822 0.725     0.128     0.020       16     1.1  G_and_S_occipital_inf
 1519    962   3104  2.620 0.594     0.101     0.020       12     1.2  G_and_S_paracentral
 1564   1118   4347  3.175 0.704     0.121     0.022       16     1.4  G_and_S_subcentral
  754    641   2647  3.062 0.864     0.146     0.043       13     1.2  G_and_S_transv_frontopol
 1683   1188   5165  3.747 0.864     0.107     0.024       15     2.0  G_and_S_cingul-Ant
 1219    802   2888  3.316 0.659     0.087     0.013        6     0.8  G_and_S_cingul-Mid-Ant
 1197    786   2838  3.356 0.635     0.099     0.020        7     0.9  G_and_S_cingul-Mid-Post
  547    467   2037  3.074 0.847     0.157     0.038       11     0.8  G_cingul-Post-dorsal
  227    174    657  2.833 1.062     0.131     0.036        3     0.3  G_cingul-Post-ventral
 1599   1212   2964  2.139 0.492     0.157     0.035       25     2.4  G_cuneus
 1184    898   4582  3.478 0.726     0.139     0.028       15     1.5  G_front_inf-Opercular
  360    262    991  2.754 0.615     0.123     0.033        5     0.5  G_front_inf-Orbital
  787    654   3226  3.137 0.719     0.146     0.044       10     1.4  G_front_inf-Triangul
 3245   2693  11667  3.019 0.700     0.157     0.039       51     5.9  G_front_middle
 6368   4843  22533  3.568 0.680     0.133     0.031       72     8.1  G_front_sup
  549    386   1786  4.065 0.713     0.110     0.029        5     0.5  G_Ins_lg_and_S_cent_ins
  616    453   2628  4.154 0.678     0.110     0.031        6     0.7  G_insular_short
 1865   1259   4971  2.909 0.724     0.124     0.025       25     1.9  G_occipital_middle
 1741   1200   3271  2.287 0.621     0.146     0.031       24     2.2  G_occipital_sup
 1610   1149   4234  2.983 0.501     0.130     0.024       24     1.7  G_oc-temp_lat-fusifor
 2413   1829   4821  2.275 0.697     0.151     0.035       34     3.7  G_oc-temp_med-Lingual
 1125    727   3780  3.595 0.800     0.095     0.023        8     1.3  G_oc-temp_med-Parahip
 2121   1743   6621  2.832 0.947     0.147     0.035       32     3.4  G_orbital
 2519   1725   7750  3.154 0.711     0.115     0.025       31     2.5  G_pariet_inf-Angular
 3602   2579  10766  3.064 0.771     0.120     0.022       48     3.3  G_pariet_inf-Supramar
 3260   2259   8061  2.710 0.633     0.112     0.020       38     2.8  G_parietal_sup
 2483   1711   4650  2.195 0.612     0.122     0.024       24     2.5  G_postcentral
 3136   2243   8184  2.931 0.673     0.121     0.025       28     3.6  G_precentral
 2245   1786   7360  3.063 0.719     0.138     0.028       42     2.5  G_precuneus
 1070    777   2345  2.246 0.888     0.143     0.044       19     2.1  G_rectus
  653    415   1129  2.767 0.999     0.126     0.056        8     1.0  G_subcallosal
  414    274   1083  3.058 0.429     0.113     0.020        4     0.3  G_temp_sup-G_T_transv
 2079   1632   7942  3.354 0.813     0.139     0.027       38     2.4  G_temp_sup-Lateral
  806    534   2185  3.458 0.858     0.061     0.011        2     0.3  G_temp_sup-Plan_polar
 1282    892   3279  3.194 0.632     0.103     0.016       14     0.9  G_temp_sup-Plan_tempo
 2683   2096   8905  3.187 0.717     0.130     0.030       41     3.3  G_temporal_inf
 2321   1816   9021  3.387 0.651     0.126     0.025       42     2.4  G_temporal_middle
  240    155    309  2.314 0.529     0.096     0.015        1     0.1  Lat_Fis-ant-Horizont
  277    182    478  2.662 0.684     0.067     0.007        1     0.1  Lat_Fis-ant-Vertical
 1241    835   1779  2.919 0.526     0.108     0.018        8     1.0  Lat_Fis-post
 1987   1337   2956  1.947 0.622     0.148     0.034       28     2.9  Pole_occipital
 1517   1324   6517  3.389 0.789     0.153     0.036       24     2.5  Pole_temporal
 2022   1394   2807  2.255 0.746     0.109     0.018       15     1.7  S_calcarine
 3563   2266   4137  2.048 0.666     0.081     0.011       15     1.6  S_central
  906    606   1439  2.723 0.579     0.099     0.016        8     0.6  S_cingul-Marginalis
  535    353    860  3.045 0.681     0.091     0.017        2     0.4  S_circular_insula_ant
 1394    891   2343  3.288 0.652     0.072     0.008        4     0.5  S_circular_insula_inf
 1585   1040   2692  3.336 0.670     0.086     0.015        5     1.0  S_circular_insula_sup
 1157    811   2211  2.981 0.406     0.097     0.011        8     0.5  S_collat_transv_ant
  398    271    636  2.645 0.474     0.136     0.023        4     0.4  S_collat_transv_post
 1721   1169   3578  2.900 0.630     0.103     0.023       14     1.7  S_front_inf
 1120    773   1969  2.705 0.810     0.098     0.021        6     0.8  S_front_middle
 2881   2003   5845  2.982 0.593     0.101     0.021       16     2.3  S_front_sup
  511    341    889  2.863 0.447     0.083     0.010        2     0.3  S_interm_prim-Jensen
 3668   2361   5332  2.470 0.533     0.084     0.012       17     1.9  S_intrapariet_and_P_trans
 1036    674   1273  2.278 0.329     0.095     0.016        5     0.6  S_oc_middle_and_Lunatus
 1693   1132   2376  2.292 0.427     0.113     0.018       14     1.4  S_oc_sup_and_transversal
  634    433   1170  2.720 0.557     0.114     0.022        6     0.6  S_occipital_ant
  843    562   1404  2.621 0.485     0.091     0.014        4     0.5  S_oc-temp_lat
 2054   1361   3243  2.526 0.671     0.085     0.011       10     0.9  S_oc-temp_med_and_Lingual
  208    148    488  3.068 0.928     0.111     0.023        1     0.1  S_orbital_lateral
  713    477   1033  2.493 0.592     0.097     0.012        4     0.3  S_orbital_med-olfact
 1294    850   2741  3.177 0.905     0.102     0.022        9     1.3  S_orbital-H_Shaped
 2565   1752   4024  2.534 0.506     0.108     0.018       19     2.2  S_parieto_occipital
 1482    910   1213  1.623 0.450     0.095     0.016       18     0.8  S_pericallosal
 2928   1972   4706  2.551 0.584     0.102     0.016       21     2.1  S_postcentral
 1928   1331   3513  2.727 0.557     0.089     0.014       10     1.2  S_precentral-inf-part
 1811   1180   2743  2.769 0.571     0.090     0.012        8     1.0  S_precentral-sup-part
  542    336    756  2.794 0.803     0.078     0.013        2     0.2  S_suborbital
  924    613   1485  2.669 0.574     0.092     0.015        4     0.6  S_subparietal
 1863   1282   2983  2.829 0.528     0.106     0.014       13     1.3  S_temporal_inf
 6398   4287  12254  2.775 0.553     0.091     0.014       42     3.8  S_temporal_sup
  305    208    484  3.200 0.301     0.100     0.009        1     0.2  S_temporal_transverse
#-----------------------------------------
#@# Parcellation Stats 3 lh Wed Mar 11 14:11:24 CET 2026
/out/sourcedata/freesurfer/sub-v2s16x51307_ses-1/scripts

 mris_anatomical_stats -th3 -mgz -noglobal -cortex ../label/lh.cortex.label -f ../stats/lh.aparc.DKTatlas.stats -b -a ../label/lh.aparc.DKTatlas.annot -c ../label/aparc.annot.DKTatlas.ctab sub-v2s16x51307_ses-1 lh white 

computing statistics for each annotation in ../label/lh.aparc.DKTatlas.annot.
reading volume /out/sourcedata/freesurfer/sub-v2s16x51307_ses-1/mri/wm.mgz...
reading input surface /out/sourcedata/freesurfer/sub-v2s16x51307_ses-1/surf/lh.white...
reading input pial surface /out/sourcedata/freesurfer/sub-v2s16x51307_ses-1/surf/lh.pial...
reading input white surface /out/sourcedata/freesurfer/sub-v2s16x51307_ses-1/surf/lh.white...
INFO: using TH3 volume calc
INFO: assuming MGZ format for volumes.
INFO: not computing global stats
INFO: using ../label/lh.cortex.label as mask to calc cortex NumVert, SurfArea and MeanThickness.
Using TH3 vertex volume calc
Total face volume 284172
Total vertex volume 283914 (mask=0)
Saving annotation colortable ../label/aparc.annot.DKTatlas.ctab

table columns are:
    number of vertices
    total surface area (mm^2)
    total gray matter volume (mm^3)
    average cortical thickness +- standard deviation (mm)
    integrated rectified mean curvature
    integrated rectified Gaussian curvature
    folding index
    intrinsic curvature index
    structure name

 1458    946   3138  2.878 1.046     0.096     0.013       11     0.9  caudalanteriorcingulate
 3543   2518   8204  2.911 0.601     0.109     0.021       26     3.4  caudalmiddlefrontal
 2926   2091   4955  2.259 0.509     0.137     0.028       37     3.5  cuneus
  656    436   2548  3.604 0.893     0.102     0.030        6     1.2  entorhinal
 3874   2724   8698  2.884 0.538     0.114     0.019       43     2.9  fusiform
 7455   4996  17113  2.880 0.676     0.106     0.019       66     5.9  inferiorparietal
 5070   3801  14343  3.101 0.660     0.117     0.024       56     5.1  inferiortemporal
 1493   1074   3044  2.386 0.951     0.116     0.028       22     1.4  isthmuscingulate
 6625   4445  11811  2.353 0.683     0.130     0.026       81     7.4  lateraloccipital
 3783   2784   8760  2.847 0.891     0.125     0.028       43     4.7  lateralorbitofrontal
 3609   2589   6180  2.212 0.657     0.125     0.025       38     4.1  lingual
 2283   1587   4466  2.515 0.886     0.121     0.037       29     3.2  medialorbitofrontal
 5761   4276  15746  3.004 0.687     0.115     0.020       68     5.1  middletemporal
  903    584   2133  3.325 0.838     0.090     0.016        5     0.7  parahippocampal
 2177   1420   4785  3.093 0.599     0.101     0.019       14     1.8  paracentral
 2018   1417   5488  3.123 0.751     0.112     0.021       17     1.8  parsopercularis
  934    651   2237  2.755 0.769     0.101     0.022        8     0.9  parsorbitalis
 1681   1256   4927  2.979 0.774     0.121     0.032       15     2.2  parstriangularis
 1561   1110   2118  2.061 0.596     0.124     0.024       14     1.6  pericalcarine
 7542   5112  13211  2.295 0.773     0.104     0.018       59     5.8  postcentral
 1700   1187   3996  2.856 0.960     0.119     0.024       20     1.7  posteriorcingulate
 8212   5548  17249  2.838 0.682     0.102     0.018       55     6.3  precentral
 5027   3642  11835  2.824 0.674     0.115     0.021       56     4.5  precuneus
 1169    789   3353  3.522 1.066     0.112     0.028       13     1.5  rostralanteriorcingulate
 3924   3095  11982  2.964 0.802     0.144     0.040       53     6.6  rostralmiddlefrontal
10718   8095  32264  3.309 0.788     0.123     0.028      109    12.5  superiorfrontal
 7262   4925  14208  2.523 0.599     0.107     0.018       67     5.5  superiorparietal
 8236   5840  22008  3.140 0.727     0.105     0.018       83     6.5  superiortemporal
 6136   4265  14965  3.004 0.663     0.110     0.019       62     5.0  supramarginal
  562    372   1244  3.076 0.411     0.109     0.018        5     0.3  transversetemporal
 2599   1772   6905  3.751 0.756     0.094     0.020       15     2.0  insula
/out/sourcedata/freesurfer/sub-v2s16x51307_ses-1/label
#--------------------------------------------
#@# BA_exvivo Labels lh Wed Mar 11 14:11:31 CET 2026

 mri_label2label --srcsubject fsaverage --srclabel /out/sourcedata/freesurfer/fsaverage/label/lh.BA1_exvivo.label --trgsubject sub-v2s16x51307_ses-1 --trglabel ./lh.BA1_exvivo.label --hemi lh --regmethod surface 


srclabel = /out/sourcedata/freesurfer/fsaverage/label/lh.BA1_exvivo.label
srcsubject = fsaverage
trgsubject = sub-v2s16x51307_ses-1
trglabel = ./lh.BA1_exvivo.label
regmethod = surface

srchemi = lh
trghemi = lh
trgsurface = white
srcsurfreg = sphere.reg
trgsurfreg = sphere.reg
usehash = 1
Use ProjAbs  = 0, 0
Use ProjFrac = 0, 0
DoPaint 0

SUBJECTS_DIR    /out/sourcedata/freesurfer
FREESURFER_HOME /opt/freesurfer
Loading source label.
Found 4129 points in source label.
Starting surface-based mapping
Reading source registration 
 /out/sourcedata/freesurfer/fsaverage/surf/lh.sphere.reg
Rescaling ...  original radius = 100
Reading target surface 
 /out/sourcedata/freesurfer/sub-v2s16x51307_ses-1/surf/lh.white
Reading target registration 
 /out/sourcedata/freesurfer/sub-v2s16x51307_ses-1/surf/lh.sphere.reg
Rescaling ...  original radius = 100
Building target registration hash (res=16).
Building source registration hash (res=16).
INFO: found  4129 nlabel points
Performing mapping from target back to the source label 129417
Number of reverse mapping hits = 186
Checking for and removing duplicates
Writing label file ./lh.BA1_exvivo.label 4315
mri_label2label: Done


 mri_label2label --srcsubject fsaverage --srclabel /out/sourcedata/freesurfer/fsaverage/label/lh.BA2_exvivo.label --trgsubject sub-v2s16x51307_ses-1 --trglabel ./lh.BA2_exvivo.label --hemi lh --regmethod surface 


srclabel = /out/sourcedata/freesurfer/fsaverage/label/lh.BA2_exvivo.label
srcsubject = fsaverage
trgsubject = sub-v2s16x51307_ses-1
trglabel = ./lh.BA2_exvivo.label
regmethod = surface

srchemi = lh
trghemi = lh
trgsurface = white
srcsurfreg = sphere.reg
trgsurfreg = sphere.reg
usehash = 1
Use ProjAbs  = 0, 0
Use ProjFrac = 0, 0
DoPaint 0

SUBJECTS_DIR    /out/sourcedata/freesurfer
FREESURFER_HOME /opt/freesurfer
Loading source label.
Found 7909 points in source label.
Starting surface-based mapping
Reading source registration 
 /out/sourcedata/freesurfer/fsaverage/surf/lh.sphere.reg
Rescaling ...  original radius = 100
Reading target surface 
 /out/sourcedata/freesurfer/sub-v2s16x51307_ses-1/surf/lh.white
Reading target registration 
 /out/sourcedata/freesurfer/sub-v2s16x51307_ses-1/surf/lh.sphere.reg
Rescaling ...  original radius = 100
Building target registration hash (res=16).
Building source registration hash (res=16).
INFO: found  7909 nlabel points
Performing mapping from target back to the source label 129417
Number of reverse mapping hits = 225
Checking for and removing duplicates
Writing label file ./lh.BA2_exvivo.label 8134
mri_label2label: Done


 mri_label2label --srcsubject fsaverage --srclabel /out/sourcedata/freesurfer/fsaverage/label/lh.BA3a_exvivo.label --trgsubject sub-v2s16x51307_ses-1 --trglabel ./lh.BA3a_exvivo.label --hemi lh --regmethod surface 


srclabel = /out/sourcedata/freesurfer/fsaverage/label/lh.BA3a_exvivo.label
srcsubject = fsaverage
trgsubject = sub-v2s16x51307_ses-1
trglabel = ./lh.BA3a_exvivo.label
regmethod = surface

srchemi = lh
trghemi = lh
trgsurface = white
srcsurfreg = sphere.reg
trgsurfreg = sphere.reg
usehash = 1
Use ProjAbs  = 0, 0
Use ProjFrac = 0, 0
DoPaint 0

SUBJECTS_DIR    /out/sourcedata/freesurfer
FREESURFER_HOME /opt/freesurfer
Loading source label.
Found 4077 points in source label.
Starting surface-based mapping
Reading source registration 
 /out/sourcedata/freesurfer/fsaverage/surf/lh.sphere.reg
Rescaling ...  original radius = 100
Reading target surface 
 /out/sourcedata/freesurfer/sub-v2s16x51307_ses-1/surf/lh.white
Reading target registration 
 /out/sourcedata/freesurfer/sub-v2s16x51307_ses-1/surf/lh.sphere.reg
Rescaling ...  original radius = 100
Building target registration hash (res=16).
Building source registration hash (res=16).
INFO: found  4077 nlabel points
Performing mapping from target back to the source label 129417
Number of reverse mapping hits = 69
Checking for and removing duplicates
Writing label file ./lh.BA3a_exvivo.label 4146
mri_label2label: Done


 mri_label2label --srcsubject fsaverage --srclabel /out/sourcedata/freesurfer/fsaverage/label/lh.BA3b_exvivo.label --trgsubject sub-v2s16x51307_ses-1 --trglabel ./lh.BA3b_exvivo.label --hemi lh --regmethod surface 


srclabel = /out/sourcedata/freesurfer/fsaverage/label/lh.BA3b_exvivo.label
srcsubject = fsaverage
trgsubject = sub-v2s16x51307_ses-1
trglabel = ./lh.BA3b_exvivo.label
regmethod = surface

srchemi = lh
trghemi = lh
trgsurface = white
srcsurfreg = sphere.reg
trgsurfreg = sphere.reg
usehash = 1
Use ProjAbs  = 0, 0
Use ProjFrac = 0, 0
DoPaint 0

SUBJECTS_DIR    /out/sourcedata/freesurfer
FREESURFER_HOME /opt/freesurfer
Loading source label.
Found 5983 points in source label.
Starting surface-based mapping
Reading source registration 
 /out/sourcedata/freesurfer/fsaverage/surf/lh.sphere.reg
Rescaling ...  original radius = 100
Reading target surface 
 /out/sourcedata/freesurfer/sub-v2s16x51307_ses-1/surf/lh.white
Reading target registration 
 /out/sourcedata/freesurfer/sub-v2s16x51307_ses-1/surf/lh.sphere.reg
Rescaling ...  original radius = 100
Building target registration hash (res=16).
Building source registration hash (res=16).
INFO: found  5983 nlabel points
Performing mapping from target back to the source label 129417
Number of reverse mapping hits = 187
Checking for and removing duplicates
Writing label file ./lh.BA3b_exvivo.label 6170
mri_label2label: Done


 mri_label2label --srcsubject fsaverage --srclabel /out/sourcedata/freesurfer/fsaverage/label/lh.BA4a_exvivo.label --trgsubject sub-v2s16x51307_ses-1 --trglabel ./lh.BA4a_exvivo.label --hemi lh --regmethod surface 


srclabel = /out/sourcedata/freesurfer/fsaverage/label/lh.BA4a_exvivo.label
srcsubject = fsaverage
trgsubject = sub-v2s16x51307_ses-1
trglabel = ./lh.BA4a_exvivo.label
regmethod = surface

srchemi = lh
trghemi = lh
trgsurface = white
srcsurfreg = sphere.reg
trgsurfreg = sphere.reg
usehash = 1
Use ProjAbs  = 0, 0
Use ProjFrac = 0, 0
DoPaint 0

SUBJECTS_DIR    /out/sourcedata/freesurfer
FREESURFER_HOME /opt/freesurfer
Loading source label.
Found 5784 points in source label.
Starting surface-based mapping
Reading source registration 
 /out/sourcedata/freesurfer/fsaverage/surf/lh.sphere.reg
Rescaling ...  original radius = 100
Reading target surface 
 /out/sourcedata/freesurfer/sub-v2s16x51307_ses-1/surf/lh.white
Reading target registration 
 /out/sourcedata/freesurfer/sub-v2s16x51307_ses-1/surf/lh.sphere.reg
Rescaling ...  original radius = 100
Building target registration hash (res=16).
Building source registration hash (res=16).
INFO: found  5784 nlabel points
Performing mapping from target back to the source label 129417
Number of reverse mapping hits = 255
Checking for and removing duplicates
Writing label file ./lh.BA4a_exvivo.label 6039
mri_label2label: Done


 mri_label2label --srcsubject fsaverage --srclabel /out/sourcedata/freesurfer/fsaverage/label/lh.BA4p_exvivo.label --trgsubject sub-v2s16x51307_ses-1 --trglabel ./lh.BA4p_exvivo.label --hemi lh --regmethod surface 


srclabel = /out/sourcedata/freesurfer/fsaverage/label/lh.BA4p_exvivo.label
srcsubject = fsaverage
trgsubject = sub-v2s16x51307_ses-1
trglabel = ./lh.BA4p_exvivo.label
regmethod = surface

srchemi = lh
trghemi = lh
trgsurface = white
srcsurfreg = sphere.reg
trgsurfreg = sphere.reg
usehash = 1
Use ProjAbs  = 0, 0
Use ProjFrac = 0, 0
DoPaint 0

SUBJECTS_DIR    /out/sourcedata/freesurfer
FREESURFER_HOME /opt/freesurfer
Loading source label.
Found 4070 points in source label.
Starting surface-based mapping
Reading source registration 
 /out/sourcedata/freesurfer/fsaverage/surf/lh.sphere.reg
Rescaling ...  original radius = 100
Reading target surface 
 /out/sourcedata/freesurfer/sub-v2s16x51307_ses-1/surf/lh.white
Reading target registration 
 /out/sourcedata/freesurfer/sub-v2s16x51307_ses-1/surf/lh.sphere.reg
Rescaling ...  original radius = 100
Building target registration hash (res=16).
Building source registration hash (res=16).
INFO: found  4070 nlabel points
Performing mapping from target back to the source label 129417
Number of reverse mapping hits = 134
Checking for and removing duplicates
Writing label file ./lh.BA4p_exvivo.label 4204
mri_label2label: Done


 mri_label2label --srcsubject fsaverage --srclabel /out/sourcedata/freesurfer/fsaverage/label/lh.BA6_exvivo.label --trgsubject sub-v2s16x51307_ses-1 --trglabel ./lh.BA6_exvivo.label --hemi lh --regmethod surface 


srclabel = /out/sourcedata/freesurfer/fsaverage/label/lh.BA6_exvivo.label
srcsubject = fsaverage
trgsubject = sub-v2s16x51307_ses-1
trglabel = ./lh.BA6_exvivo.label
regmethod = surface

srchemi = lh
trghemi = lh
trgsurface = white
srcsurfreg = sphere.reg
trgsurfreg = sphere.reg
usehash = 1
Use ProjAbs  = 0, 0
Use ProjFrac = 0, 0
DoPaint 0

SUBJECTS_DIR    /out/sourcedata/freesurfer
FREESURFER_HOME /opt/freesurfer
Loading source label.
Found 13589 points in source label.
Starting surface-based mapping
Reading source registration 
 /out/sourcedata/freesurfer/fsaverage/surf/lh.sphere.reg
Rescaling ...  original radius = 100
Reading target surface 
 /out/sourcedata/freesurfer/sub-v2s16x51307_ses-1/surf/lh.white
Reading target registration 
 /out/sourcedata/freesurfer/sub-v2s16x51307_ses-1/surf/lh.sphere.reg
Rescaling ...  original radius = 100
Building target registration hash (res=16).
Building source registration hash (res=16).
INFO: found  13589 nlabel points
Performing mapping from target back to the source label 129417
Number of reverse mapping hits = 901
Checking for and removing duplicates
Writing label file ./lh.BA6_exvivo.label 14490
mri_label2label: Done


 mri_label2label --srcsubject fsaverage --srclabel /out/sourcedata/freesurfer/fsaverage/label/lh.BA44_exvivo.label --trgsubject sub-v2s16x51307_ses-1 --trglabel ./lh.BA44_exvivo.label --hemi lh --regmethod surface 


srclabel = /out/sourcedata/freesurfer/fsaverage/label/lh.BA44_exvivo.label
srcsubject = fsaverage
trgsubject = sub-v2s16x51307_ses-1
trglabel = ./lh.BA44_exvivo.label
regmethod = surface

srchemi = lh
trghemi = lh
trgsurface = white
srcsurfreg = sphere.reg
trgsurfreg = sphere.reg
usehash = 1
Use ProjAbs  = 0, 0
Use ProjFrac = 0, 0
DoPaint 0

SUBJECTS_DIR    /out/sourcedata/freesurfer
FREESURFER_HOME /opt/freesurfer
Loading source label.
Found 4181 points in source label.
Starting surface-based mapping
Reading source registration 
 /out/sourcedata/freesurfer/fsaverage/surf/lh.sphere.reg
Rescaling ...  original radius = 100
Reading target surface 
 /out/sourcedata/freesurfer/sub-v2s16x51307_ses-1/surf/lh.white
Reading target registration 
 /out/sourcedata/freesurfer/sub-v2s16x51307_ses-1/surf/lh.sphere.reg
Rescaling ...  original radius = 100
Building target registration hash (res=16).
Building source registration hash (res=16).
INFO: found  4181 nlabel points
Performing mapping from target back to the source label 129417
Number of reverse mapping hits = 165
Checking for and removing duplicates
Writing label file ./lh.BA44_exvivo.label 4346
mri_label2label: Done


 mri_label2label --srcsubject fsaverage --srclabel /out/sourcedata/freesurfer/fsaverage/label/lh.BA45_exvivo.label --trgsubject sub-v2s16x51307_ses-1 --trglabel ./lh.BA45_exvivo.label --hemi lh --regmethod surface 


srclabel = /out/sourcedata/freesurfer/fsaverage/label/lh.BA45_exvivo.label
srcsubject = fsaverage
trgsubject = sub-v2s16x51307_ses-1
trglabel = ./lh.BA45_exvivo.label
regmethod = surface

srchemi = lh
trghemi = lh
trgsurface = white
srcsurfreg = sphere.reg
trgsurfreg = sphere.reg
usehash = 1
Use ProjAbs  = 0, 0
Use ProjFrac = 0, 0
DoPaint 0

SUBJECTS_DIR    /out/sourcedata/freesurfer
FREESURFER_HOME /opt/freesurfer
Loading source label.
Found 3422 points in source label.
Starting surface-based mapping
Reading source registration 
 /out/sourcedata/freesurfer/fsaverage/surf/lh.sphere.reg
Rescaling ...  original radius = 100
Reading target surface 
 /out/sourcedata/freesurfer/sub-v2s16x51307_ses-1/surf/lh.white
Reading target registration 
 /out/sourcedata/freesurfer/sub-v2s16x51307_ses-1/surf/lh.sphere.reg
Rescaling ...  original radius = 100
Building target registration hash (res=16).
Building source registration hash (res=16).
INFO: found  3422 nlabel points
Performing mapping from target back to the source label 129417
Number of reverse mapping hits = 159
Checking for and removing duplicates
Writing label file ./lh.BA45_exvivo.label 3581
mri_label2label: Done


 mri_label2label --srcsubject fsaverage --srclabel /out/sourcedata/freesurfer/fsaverage/label/lh.V1_exvivo.label --trgsubject sub-v2s16x51307_ses-1 --trglabel ./lh.V1_exvivo.label --hemi lh --regmethod surface 


srclabel = /out/sourcedata/freesurfer/fsaverage/label/lh.V1_exvivo.label
srcsubject = fsaverage
trgsubject = sub-v2s16x51307_ses-1
trglabel = ./lh.V1_exvivo.label
regmethod = surface

srchemi = lh
trghemi = lh
trgsurface = white
srcsurfreg = sphere.reg
trgsurfreg = sphere.reg
usehash = 1
Use ProjAbs  = 0, 0
Use ProjFrac = 0, 0
DoPaint 0

SUBJECTS_DIR    /out/sourcedata/freesurfer
FREESURFER_HOME /opt/freesurfer
Loading source label.
Found 4641 points in source label.
Starting surface-based mapping
Reading source registration 
 /out/sourcedata/freesurfer/fsaverage/surf/lh.sphere.reg
Rescaling ...  original radius = 100
Reading target surface 
 /out/sourcedata/freesurfer/sub-v2s16x51307_ses-1/surf/lh.white
Reading target registration 
 /out/sourcedata/freesurfer/sub-v2s16x51307_ses-1/surf/lh.sphere.reg
Rescaling ...  original radius = 100
Building target registration hash (res=16).
Building source registration hash (res=16).
INFO: found  4641 nlabel points
Performing mapping from target back to the source label 129417
Number of reverse mapping hits = 529
Checking for and removing duplicates
Writing label file ./lh.V1_exvivo.label 5170
mri_label2label: Done


 mri_label2label --srcsubject fsaverage --srclabel /out/sourcedata/freesurfer/fsaverage/label/lh.V2_exvivo.label --trgsubject sub-v2s16x51307_ses-1 --trglabel ./lh.V2_exvivo.label --hemi lh --regmethod surface 


srclabel = /out/sourcedata/freesurfer/fsaverage/label/lh.V2_exvivo.label
srcsubject = fsaverage
trgsubject = sub-v2s16x51307_ses-1
trglabel = ./lh.V2_exvivo.label
regmethod = surface

srchemi = lh
trghemi = lh
trgsurface = white
srcsurfreg = sphere.reg
trgsurfreg = sphere.reg
usehash = 1
Use ProjAbs  = 0, 0
Use ProjFrac = 0, 0
DoPaint 0

SUBJECTS_DIR    /out/sourcedata/freesurfer
FREESURFER_HOME /opt/freesurfer
Loading source label.
Found 8114 points in source label.
Starting surface-based mapping
Reading source registration 
 /out/sourcedata/freesurfer/fsaverage/surf/lh.sphere.reg
Rescaling ...  original radius = 100
Reading target surface 
 /out/sourcedata/freesurfer/sub-v2s16x51307_ses-1/surf/lh.white
Reading target registration 
 /out/sourcedata/freesurfer/sub-v2s16x51307_ses-1/surf/lh.sphere.reg
Rescaling ...  original radius = 100
Building target registration hash (res=16).
Building source registration hash (res=16).
INFO: found  8114 nlabel points
Performing mapping from target back to the source label 129417
Number of reverse mapping hits = 1327
Checking for and removing duplicates
Writing label file ./lh.V2_exvivo.label 9441
mri_label2label: Done


 mri_label2label --srcsubject fsaverage --srclabel /out/sourcedata/freesurfer/fsaverage/label/lh.MT_exvivo.label --trgsubject sub-v2s16x51307_ses-1 --trglabel ./lh.MT_exvivo.label --hemi lh --regmethod surface 


srclabel = /out/sourcedata/freesurfer/fsaverage/label/lh.MT_exvivo.label
srcsubject = fsaverage
trgsubject = sub-v2s16x51307_ses-1
trglabel = ./lh.MT_exvivo.label
regmethod = surface

srchemi = lh
trghemi = lh
trgsurface = white
srcsurfreg = sphere.reg
trgsurfreg = sphere.reg
usehash = 1
Use ProjAbs  = 0, 0
Use ProjFrac = 0, 0
DoPaint 0

SUBJECTS_DIR    /out/sourcedata/freesurfer
FREESURFER_HOME /opt/freesurfer
Loading source label.
Found 2018 points in source label.
Starting surface-based mapping
Reading source registration 
 /out/sourcedata/freesurfer/fsaverage/surf/lh.sphere.reg
Rescaling ...  original radius = 100
Reading target surface 
 /out/sourcedata/freesurfer/sub-v2s16x51307_ses-1/surf/lh.white
Reading target registration 
 /out/sourcedata/freesurfer/sub-v2s16x51307_ses-1/surf/lh.sphere.reg
Rescaling ...  original radius = 100
Building target registration hash (res=16).
Building source registration hash (res=16).
INFO: found  2018 nlabel points
Performing mapping from target back to the source label 129417
Number of reverse mapping hits = 112
Checking for and removing duplicates
Writing label file ./lh.MT_exvivo.label 2130
mri_label2label: Done


 mri_label2label --srcsubject fsaverage --srclabel /out/sourcedata/freesurfer/fsaverage/label/lh.entorhinal_exvivo.label --trgsubject sub-v2s16x51307_ses-1 --trglabel ./lh.entorhinal_exvivo.label --hemi lh --regmethod surface 


srclabel = /out/sourcedata/freesurfer/fsaverage/label/lh.entorhinal_exvivo.label
srcsubject = fsaverage
trgsubject = sub-v2s16x51307_ses-1
trglabel = ./lh.entorhinal_exvivo.label
regmethod = surface

srchemi = lh
trghemi = lh
trgsurface = white
srcsurfreg = sphere.reg
trgsurfreg = sphere.reg
usehash = 1
Use ProjAbs  = 0, 0
Use ProjFrac = 0, 0
DoPaint 0

SUBJECTS_DIR    /out/sourcedata/freesurfer
FREESURFER_HOME /opt/freesurfer
Loading source label.
Found 1290 points in source label.
Starting surface-based mapping
Reading source registration 
 /out/sourcedata/freesurfer/fsaverage/surf/lh.sphere.reg
Rescaling ...  original radius = 100
Reading target surface 
 /out/sourcedata/freesurfer/sub-v2s16x51307_ses-1/surf/lh.white
Reading target registration 
 /out/sourcedata/freesurfer/sub-v2s16x51307_ses-1/surf/lh.sphere.reg
Rescaling ...  original radius = 100
Building target registration hash (res=16).
Building source registration hash (res=16).
INFO: found  1290 nlabel points
Performing mapping from target back to the source label 129417
Number of reverse mapping hits = 57
Checking for and removing duplicates
Writing label file ./lh.entorhinal_exvivo.label 1347
mri_label2label: Done


 mri_label2label --srcsubject fsaverage --srclabel /out/sourcedata/freesurfer/fsaverage/label/lh.perirhinal_exvivo.label --trgsubject sub-v2s16x51307_ses-1 --trglabel ./lh.perirhinal_exvivo.label --hemi lh --regmethod surface 


srclabel = /out/sourcedata/freesurfer/fsaverage/label/lh.perirhinal_exvivo.label
srcsubject = fsaverage
trgsubject = sub-v2s16x51307_ses-1
trglabel = ./lh.perirhinal_exvivo.label
regmethod = surface

srchemi = lh
trghemi = lh
trgsurface = white
srcsurfreg = sphere.reg
trgsurfreg = sphere.reg
usehash = 1
Use ProjAbs  = 0, 0
Use ProjFrac = 0, 0
DoPaint 0

SUBJECTS_DIR    /out/sourcedata/freesurfer
FREESURFER_HOME /opt/freesurfer
Loading source label.
Found 1199 points in source label.
Starting surface-based mapping
Reading source registration 
 /out/sourcedata/freesurfer/fsaverage/surf/lh.sphere.reg
Rescaling ...  original radius = 100
Reading target surface 
 /out/sourcedata/freesurfer/sub-v2s16x51307_ses-1/surf/lh.white
Reading target registration 
 /out/sourcedata/freesurfer/sub-v2s16x51307_ses-1/surf/lh.sphere.reg
Rescaling ...  original radius = 100
Building target registration hash (res=16).
Building source registration hash (res=16).
INFO: found  1199 nlabel points
Performing mapping from target back to the source label 129417
Number of reverse mapping hits = 39
Checking for and removing duplicates
Writing label file ./lh.perirhinal_exvivo.label 1238
mri_label2label: Done


 mri_label2label --srcsubject fsaverage --srclabel /out/sourcedata/freesurfer/fsaverage/label/lh.FG1.mpm.vpnl.label --trgsubject sub-v2s16x51307_ses-1 --trglabel ./lh.FG1.mpm.vpnl.label --hemi lh --regmethod surface 


srclabel = /out/sourcedata/freesurfer/fsaverage/label/lh.FG1.mpm.vpnl.label
srcsubject = fsaverage
trgsubject = sub-v2s16x51307_ses-1
trglabel = ./lh.FG1.mpm.vpnl.label
regmethod = surface

srchemi = lh
trghemi = lh
trgsurface = white
srcsurfreg = sphere.reg
trgsurfreg = sphere.reg
usehash = 1
Use ProjAbs  = 0, 0
Use ProjFrac = 0, 0
DoPaint 0

SUBJECTS_DIR    /out/sourcedata/freesurfer
FREESURFER_HOME /opt/freesurfer
Loading source label.
Found 414 points in source label.
Starting surface-based mapping
Reading source registration 
 /out/sourcedata/freesurfer/fsaverage/surf/lh.sphere.reg
Rescaling ...  original radius = 100
Reading target surface 
 /out/sourcedata/freesurfer/sub-v2s16x51307_ses-1/surf/lh.white
Reading target registration 
 /out/sourcedata/freesurfer/sub-v2s16x51307_ses-1/surf/lh.sphere.reg
Rescaling ...  original radius = 100
Building target registration hash (res=16).
Building source registration hash (res=16).
INFO: found  414 nlabel points
Performing mapping from target back to the source label 129417
Number of reverse mapping hits = 41
Checking for and removing duplicates
Writing label file ./lh.FG1.mpm.vpnl.label 455
mri_label2label: Done


 mri_label2label --srcsubject fsaverage --srclabel /out/sourcedata/freesurfer/fsaverage/label/lh.FG2.mpm.vpnl.label --trgsubject sub-v2s16x51307_ses-1 --trglabel ./lh.FG2.mpm.vpnl.label --hemi lh --regmethod surface 


srclabel = /out/sourcedata/freesurfer/fsaverage/label/lh.FG2.mpm.vpnl.label
srcsubject = fsaverage
trgsubject = sub-v2s16x51307_ses-1
trglabel = ./lh.FG2.mpm.vpnl.label
regmethod = surface

srchemi = lh
trghemi = lh
trgsurface = white
srcsurfreg = sphere.reg
trgsurfreg = sphere.reg
usehash = 1
Use ProjAbs  = 0, 0
Use ProjFrac = 0, 0
DoPaint 0

SUBJECTS_DIR    /out/sourcedata/freesurfer
FREESURFER_HOME /opt/freesurfer
Loading source label.
Found 703 points in source label.
Starting surface-based mapping
Reading source registration 
 /out/sourcedata/freesurfer/fsaverage/surf/lh.sphere.reg
Rescaling ...  original radius = 100
Reading target surface 
 /out/sourcedata/freesurfer/sub-v2s16x51307_ses-1/surf/lh.white
Reading target registration 
 /out/sourcedata/freesurfer/sub-v2s16x51307_ses-1/surf/lh.sphere.reg
Rescaling ...  original radius = 100
Building target registration hash (res=16).
Building source registration hash (res=16).
INFO: found  703 nlabel points
Performing mapping from target back to the source label 129417
Number of reverse mapping hits = 34
Checking for and removing duplicates
Writing label file ./lh.FG2.mpm.vpnl.label 737
mri_label2label: Done


 mri_label2label --srcsubject fsaverage --srclabel /out/sourcedata/freesurfer/fsaverage/label/lh.FG3.mpm.vpnl.label --trgsubject sub-v2s16x51307_ses-1 --trglabel ./lh.FG3.mpm.vpnl.label --hemi lh --regmethod surface 


srclabel = /out/sourcedata/freesurfer/fsaverage/label/lh.FG3.mpm.vpnl.label
srcsubject = fsaverage
trgsubject = sub-v2s16x51307_ses-1
trglabel = ./lh.FG3.mpm.vpnl.label
regmethod = surface

srchemi = lh
trghemi = lh
trgsurface = white
srcsurfreg = sphere.reg
trgsurfreg = sphere.reg
usehash = 1
Use ProjAbs  = 0, 0
Use ProjFrac = 0, 0
DoPaint 0

SUBJECTS_DIR    /out/sourcedata/freesurfer
FREESURFER_HOME /opt/freesurfer
Loading source label.
Found 1873 points in source label.
Starting surface-based mapping
Reading source registration 
 /out/sourcedata/freesurfer/fsaverage/surf/lh.sphere.reg
Rescaling ...  original radius = 100
Reading target surface 
 /out/sourcedata/freesurfer/sub-v2s16x51307_ses-1/surf/lh.white
Reading target registration 
 /out/sourcedata/freesurfer/sub-v2s16x51307_ses-1/surf/lh.sphere.reg
Rescaling ...  original radius = 100
Building target registration hash (res=16).
Building source registration hash (res=16).
INFO: found  1873 nlabel points
Performing mapping from target back to the source label 129417
Number of reverse mapping hits = 101
Checking for and removing duplicates
Writing label file ./lh.FG3.mpm.vpnl.label 1974
mri_label2label: Done


 mri_label2label --srcsubject fsaverage --srclabel /out/sourcedata/freesurfer/fsaverage/label/lh.FG4.mpm.vpnl.label --trgsubject sub-v2s16x51307_ses-1 --trglabel ./lh.FG4.mpm.vpnl.label --hemi lh --regmethod surface 


srclabel = /out/sourcedata/freesurfer/fsaverage/label/lh.FG4.mpm.vpnl.label
srcsubject = fsaverage
trgsubject = sub-v2s16x51307_ses-1
trglabel = ./lh.FG4.mpm.vpnl.label
regmethod = surface

srchemi = lh
trghemi = lh
trgsurface = white
srcsurfreg = sphere.reg
trgsurfreg = sphere.reg
usehash = 1
Use ProjAbs  = 0, 0
Use ProjFrac = 0, 0
DoPaint 0

SUBJECTS_DIR    /out/sourcedata/freesurfer
FREESURFER_HOME /opt/freesurfer
Loading source label.
Found 2101 points in source label.
Starting surface-based mapping
Reading source registration 
 /out/sourcedata/freesurfer/fsaverage/surf/lh.sphere.reg
Rescaling ...  original radius = 100
Reading target surface 
 /out/sourcedata/freesurfer/sub-v2s16x51307_ses-1/surf/lh.white
Reading target registration 
 /out/sourcedata/freesurfer/sub-v2s16x51307_ses-1/surf/lh.sphere.reg
Rescaling ...  original radius = 100
Building target registration hash (res=16).
Building source registration hash (res=16).
INFO: found  2101 nlabel points
Performing mapping from target back to the source label 129417
Number of reverse mapping hits = 440
Checking for and removing duplicates
Writing label file ./lh.FG4.mpm.vpnl.label 2541
mri_label2label: Done


 mri_label2label --srcsubject fsaverage --srclabel /out/sourcedata/freesurfer/fsaverage/label/lh.hOc1.mpm.vpnl.label --trgsubject sub-v2s16x51307_ses-1 --trglabel ./lh.hOc1.mpm.vpnl.label --hemi lh --regmethod surface 


srclabel = /out/sourcedata/freesurfer/fsaverage/label/lh.hOc1.mpm.vpnl.label
srcsubject = fsaverage
trgsubject = sub-v2s16x51307_ses-1
trglabel = ./lh.hOc1.mpm.vpnl.label
regmethod = surface

srchemi = lh
trghemi = lh
trgsurface = white
srcsurfreg = sphere.reg
trgsurfreg = sphere.reg
usehash = 1
Use ProjAbs  = 0, 0
Use ProjFrac = 0, 0
DoPaint 0

SUBJECTS_DIR    /out/sourcedata/freesurfer
FREESURFER_HOME /opt/freesurfer
Loading source label.
Found 3877 points in source label.
Starting surface-based mapping
Reading source registration 
 /out/sourcedata/freesurfer/fsaverage/surf/lh.sphere.reg
Rescaling ...  original radius = 100
Reading target surface 
 /out/sourcedata/freesurfer/sub-v2s16x51307_ses-1/surf/lh.white
Reading target registration 
 /out/sourcedata/freesurfer/sub-v2s16x51307_ses-1/surf/lh.sphere.reg
Rescaling ...  original radius = 100
Building target registration hash (res=16).
Building source registration hash (res=16).
INFO: found  3877 nlabel points
Performing mapping from target back to the source label 129417
Number of reverse mapping hits = 353
Checking for and removing duplicates
Writing label file ./lh.hOc1.mpm.vpnl.label 4230
mri_label2label: Done


 mri_label2label --srcsubject fsaverage --srclabel /out/sourcedata/freesurfer/fsaverage/label/lh.hOc2.mpm.vpnl.label --trgsubject sub-v2s16x51307_ses-1 --trglabel ./lh.hOc2.mpm.vpnl.label --hemi lh --regmethod surface 


srclabel = /out/sourcedata/freesurfer/fsaverage/label/lh.hOc2.mpm.vpnl.label
srcsubject = fsaverage
trgsubject = sub-v2s16x51307_ses-1
trglabel = ./lh.hOc2.mpm.vpnl.label
regmethod = surface

srchemi = lh
trghemi = lh
trgsurface = white
srcsurfreg = sphere.reg
trgsurfreg = sphere.reg
usehash = 1
Use ProjAbs  = 0, 0
Use ProjFrac = 0, 0
DoPaint 0

SUBJECTS_DIR    /out/sourcedata/freesurfer
FREESURFER_HOME /opt/freesurfer
Loading source label.
Found 2919 points in source label.
Starting surface-based mapping
Reading source registration 
 /out/sourcedata/freesurfer/fsaverage/surf/lh.sphere.reg
Rescaling ...  original radius = 100
Reading target surface 
 /out/sourcedata/freesurfer/sub-v2s16x51307_ses-1/surf/lh.white
Reading target registration 
 /out/sourcedata/freesurfer/sub-v2s16x51307_ses-1/surf/lh.sphere.reg
Rescaling ...  original radius = 100
Building target registration hash (res=16).
Building source registration hash (res=16).
INFO: found  2919 nlabel points
Performing mapping from target back to the source label 129417
Number of reverse mapping hits = 530
Checking for and removing duplicates
Writing label file ./lh.hOc2.mpm.vpnl.label 3449
mri_label2label: Done


 mri_label2label --srcsubject fsaverage --srclabel /out/sourcedata/freesurfer/fsaverage/label/lh.hOc3v.mpm.vpnl.label --trgsubject sub-v2s16x51307_ses-1 --trglabel ./lh.hOc3v.mpm.vpnl.label --hemi lh --regmethod surface 


srclabel = /out/sourcedata/freesurfer/fsaverage/label/lh.hOc3v.mpm.vpnl.label
srcsubject = fsaverage
trgsubject = sub-v2s16x51307_ses-1
trglabel = ./lh.hOc3v.mpm.vpnl.label
regmethod = surface

srchemi = lh
trghemi = lh
trgsurface = white
srcsurfreg = sphere.reg
trgsurfreg = sphere.reg
usehash = 1
Use ProjAbs  = 0, 0
Use ProjFrac = 0, 0
DoPaint 0

SUBJECTS_DIR    /out/sourcedata/freesurfer
FREESURFER_HOME /opt/freesurfer
Loading source label.
Found 1286 points in source label.
Starting surface-based mapping
Reading source registration 
 /out/sourcedata/freesurfer/fsaverage/surf/lh.sphere.reg
Rescaling ...  original radius = 100
Reading target surface 
 /out/sourcedata/freesurfer/sub-v2s16x51307_ses-1/surf/lh.white
Reading target registration 
 /out/sourcedata/freesurfer/sub-v2s16x51307_ses-1/surf/lh.sphere.reg
Rescaling ...  original radius = 100
Building target registration hash (res=16).
Building source registration hash (res=16).
INFO: found  1286 nlabel points
Performing mapping from target back to the source label 129417
Number of reverse mapping hits = 265
Checking for and removing duplicates
Writing label file ./lh.hOc3v.mpm.vpnl.label 1551
mri_label2label: Done


 mri_label2label --srcsubject fsaverage --srclabel /out/sourcedata/freesurfer/fsaverage/label/lh.hOc4v.mpm.vpnl.label --trgsubject sub-v2s16x51307_ses-1 --trglabel ./lh.hOc4v.mpm.vpnl.label --hemi lh --regmethod surface 


srclabel = /out/sourcedata/freesurfer/fsaverage/label/lh.hOc4v.mpm.vpnl.label
srcsubject = fsaverage
trgsubject = sub-v2s16x51307_ses-1
trglabel = ./lh.hOc4v.mpm.vpnl.label
regmethod = surface

srchemi = lh
trghemi = lh
trgsurface = white
srcsurfreg = sphere.reg
trgsurfreg = sphere.reg
usehash = 1
Use ProjAbs  = 0, 0
Use ProjFrac = 0, 0
DoPaint 0

SUBJECTS_DIR    /out/sourcedata/freesurfer
FREESURFER_HOME /opt/freesurfer
Loading source label.
Found 1006 points in source label.
Starting surface-based mapping
Reading source registration 
 /out/sourcedata/freesurfer/fsaverage/surf/lh.sphere.reg
Rescaling ...  original radius = 100
Reading target surface 
 /out/sourcedata/freesurfer/sub-v2s16x51307_ses-1/surf/lh.white
Reading target registration 
 /out/sourcedata/freesurfer/sub-v2s16x51307_ses-1/surf/lh.sphere.reg
Rescaling ...  original radius = 100
Building target registration hash (res=16).
Building source registration hash (res=16).
INFO: found  1006 nlabel points
Performing mapping from target back to the source label 129417
Number of reverse mapping hits = 181
Checking for and removing duplicates
Writing label file ./lh.hOc4v.mpm.vpnl.label 1187
mri_label2label: Done


 mris_label2annot --s sub-v2s16x51307_ses-1 --ctab /opt/freesurfer/average/colortable_vpnl.txt --hemi lh --a mpm.vpnl --maxstatwinner --noverbose --l lh.FG1.mpm.vpnl.label --l lh.FG2.mpm.vpnl.label --l lh.FG3.mpm.vpnl.label --l lh.FG4.mpm.vpnl.label --l lh.hOc1.mpm.vpnl.label --l lh.hOc2.mpm.vpnl.label --l lh.hOc3v.mpm.vpnl.label --l lh.hOc4v.mpm.vpnl.label 

Reading ctab /opt/freesurfer/average/colortable_vpnl.txt
Number of ctab entries 9

7.3.2
cwd /out/sourcedata/freesurfer/sub-v2s16x51307_ses-1/label
cmdline mris_label2annot --s sub-v2s16x51307_ses-1 --ctab /opt/freesurfer/average/colortable_vpnl.txt --hemi lh --a mpm.vpnl --maxstatwinner --noverbose --l lh.FG1.mpm.vpnl.label --l lh.FG2.mpm.vpnl.label --l lh.FG3.mpm.vpnl.label --l lh.FG4.mpm.vpnl.label --l lh.hOc1.mpm.vpnl.label --l lh.hOc2.mpm.vpnl.label --l lh.hOc3v.mpm.vpnl.label --l lh.hOc4v.mpm.vpnl.label 
sysname  Linux
hostname dna050
machine  x86_64
user     oesteban

subject sub-v2s16x51307_ses-1
hemi    lh
SUBJECTS_DIR /out/sourcedata/freesurfer
ColorTable /opt/freesurfer/average/colortable_vpnl.txt
AnnotName  mpm.vpnl
nlables 8
LabelThresh 0 0.000000
Loading /out/sourcedata/freesurfer/sub-v2s16x51307_ses-1/surf/lh.orig
 1 1376057 FG1
 2 16711935 FG2
 3 16711680 FG3
 4 1705837 FG4
 5 25600 hOc1
 6 255 hOc2
 7 16776960 hOc3v
 8 65535 hOc4v
Mapping unhit to unknown
Found 115764 unhit vertices
Writing annot to /out/sourcedata/freesurfer/sub-v2s16x51307_ses-1/label/lh.mpm.vpnl.annot

 mri_label2label --srcsubject fsaverage --srclabel /out/sourcedata/freesurfer/fsaverage/label/lh.BA1_exvivo.thresh.label --trgsubject sub-v2s16x51307_ses-1 --trglabel ./lh.BA1_exvivo.thresh.label --hemi lh --regmethod surface 


srclabel = /out/sourcedata/freesurfer/fsaverage/label/lh.BA1_exvivo.thresh.label
srcsubject = fsaverage
trgsubject = sub-v2s16x51307_ses-1
trglabel = ./lh.BA1_exvivo.thresh.label
regmethod = surface

srchemi = lh
trghemi = lh
trgsurface = white
srcsurfreg = sphere.reg
trgsurfreg = sphere.reg
usehash = 1
Use ProjAbs  = 0, 0
Use ProjFrac = 0, 0
DoPaint 0

SUBJECTS_DIR    /out/sourcedata/freesurfer
FREESURFER_HOME /opt/freesurfer
Loading source label.
Found 1014 points in source label.
Starting surface-based mapping
Reading source registration 
 /out/sourcedata/freesurfer/fsaverage/surf/lh.sphere.reg
Rescaling ...  original radius = 100
Reading target surface 
 /out/sourcedata/freesurfer/sub-v2s16x51307_ses-1/surf/lh.white
Reading target registration 
 /out/sourcedata/freesurfer/sub-v2s16x51307_ses-1/surf/lh.sphere.reg
Rescaling ...  original radius = 100
Building target registration hash (res=16).
Building source registration hash (res=16).
INFO: found  1014 nlabel points
Performing mapping from target back to the source label 129417
Number of reverse mapping hits = 29
Checking for and removing duplicates
Writing label file ./lh.BA1_exvivo.thresh.label 1043
mri_label2label: Done


 mri_label2label --srcsubject fsaverage --srclabel /out/sourcedata/freesurfer/fsaverage/label/lh.BA2_exvivo.thresh.label --trgsubject sub-v2s16x51307_ses-1 --trglabel ./lh.BA2_exvivo.thresh.label --hemi lh --regmethod surface 


srclabel = /out/sourcedata/freesurfer/fsaverage/label/lh.BA2_exvivo.thresh.label
srcsubject = fsaverage
trgsubject = sub-v2s16x51307_ses-1
trglabel = ./lh.BA2_exvivo.thresh.label
regmethod = surface

srchemi = lh
trghemi = lh
trgsurface = white
srcsurfreg = sphere.reg
trgsurfreg = sphere.reg
usehash = 1
Use ProjAbs  = 0, 0
Use ProjFrac = 0, 0
DoPaint 0

SUBJECTS_DIR    /out/sourcedata/freesurfer
FREESURFER_HOME /opt/freesurfer
Loading source label.
Found 2092 points in source label.
Starting surface-based mapping
Reading source registration 
 /out/sourcedata/freesurfer/fsaverage/surf/lh.sphere.reg
Rescaling ...  original radius = 100
Reading target surface 
 /out/sourcedata/freesurfer/sub-v2s16x51307_ses-1/surf/lh.white
Reading target registration 
 /out/sourcedata/freesurfer/sub-v2s16x51307_ses-1/surf/lh.sphere.reg
Rescaling ...  original radius = 100
Building target registration hash (res=16).
Building source registration hash (res=16).
INFO: found  2092 nlabel points
Performing mapping from target back to the source label 129417
Number of reverse mapping hits = 84
Checking for and removing duplicates
Writing label file ./lh.BA2_exvivo.thresh.label 2176
mri_label2label: Done


 mri_label2label --srcsubject fsaverage --srclabel /out/sourcedata/freesurfer/fsaverage/label/lh.BA3a_exvivo.thresh.label --trgsubject sub-v2s16x51307_ses-1 --trglabel ./lh.BA3a_exvivo.thresh.label --hemi lh --regmethod surface 


srclabel = /out/sourcedata/freesurfer/fsaverage/label/lh.BA3a_exvivo.thresh.label
srcsubject = fsaverage
trgsubject = sub-v2s16x51307_ses-1
trglabel = ./lh.BA3a_exvivo.thresh.label
regmethod = surface

srchemi = lh
trghemi = lh
trgsurface = white
srcsurfreg = sphere.reg
trgsurfreg = sphere.reg
usehash = 1
Use ProjAbs  = 0, 0
Use ProjFrac = 0, 0
DoPaint 0

SUBJECTS_DIR    /out/sourcedata/freesurfer
FREESURFER_HOME /opt/freesurfer
Loading source label.
Found 1504 points in source label.
Starting surface-based mapping
Reading source registration 
 /out/sourcedata/freesurfer/fsaverage/surf/lh.sphere.reg
Rescaling ...  original radius = 100
Reading target surface 
 /out/sourcedata/freesurfer/sub-v2s16x51307_ses-1/surf/lh.white
Reading target registration 
 /out/sourcedata/freesurfer/sub-v2s16x51307_ses-1/surf/lh.sphere.reg
Rescaling ...  original radius = 100
Building target registration hash (res=16).
Building source registration hash (res=16).
INFO: found  1504 nlabel points
Performing mapping from target back to the source label 129417
Number of reverse mapping hits = 31
Checking for and removing duplicates
Writing label file ./lh.BA3a_exvivo.thresh.label 1535
mri_label2label: Done


 mri_label2label --srcsubject fsaverage --srclabel /out/sourcedata/freesurfer/fsaverage/label/lh.BA3b_exvivo.thresh.label --trgsubject sub-v2s16x51307_ses-1 --trglabel ./lh.BA3b_exvivo.thresh.label --hemi lh --regmethod surface 


srclabel = /out/sourcedata/freesurfer/fsaverage/label/lh.BA3b_exvivo.thresh.label
srcsubject = fsaverage
trgsubject = sub-v2s16x51307_ses-1
trglabel = ./lh.BA3b_exvivo.thresh.label
regmethod = surface

srchemi = lh
trghemi = lh
trgsurface = white
srcsurfreg = sphere.reg
trgsurfreg = sphere.reg
usehash = 1
Use ProjAbs  = 0, 0
Use ProjFrac = 0, 0
DoPaint 0

SUBJECTS_DIR    /out/sourcedata/freesurfer
FREESURFER_HOME /opt/freesurfer
Loading source label.
Found 1996 points in source label.
Starting surface-based mapping
Reading source registration 
 /out/sourcedata/freesurfer/fsaverage/surf/lh.sphere.reg
Rescaling ...  original radius = 100
Reading target surface 
 /out/sourcedata/freesurfer/sub-v2s16x51307_ses-1/surf/lh.white
Reading target registration 
 /out/sourcedata/freesurfer/sub-v2s16x51307_ses-1/surf/lh.sphere.reg
Rescaling ...  original radius = 100
Building target registration hash (res=16).
Building source registration hash (res=16).
INFO: found  1996 nlabel points
Performing mapping from target back to the source label 129417
Number of reverse mapping hits = 69
Checking for and removing duplicates
Writing label file ./lh.BA3b_exvivo.thresh.label 2065
mri_label2label: Done


 mri_label2label --srcsubject fsaverage --srclabel /out/sourcedata/freesurfer/fsaverage/label/lh.BA4a_exvivo.thresh.label --trgsubject sub-v2s16x51307_ses-1 --trglabel ./lh.BA4a_exvivo.thresh.label --hemi lh --regmethod surface 


srclabel = /out/sourcedata/freesurfer/fsaverage/label/lh.BA4a_exvivo.thresh.label
srcsubject = fsaverage
trgsubject = sub-v2s16x51307_ses-1
trglabel = ./lh.BA4a_exvivo.thresh.label
regmethod = surface

srchemi = lh
trghemi = lh
trgsurface = white
srcsurfreg = sphere.reg
trgsurfreg = sphere.reg
usehash = 1
Use ProjAbs  = 0, 0
Use ProjFrac = 0, 0
DoPaint 0

SUBJECTS_DIR    /out/sourcedata/freesurfer
FREESURFER_HOME /opt/freesurfer
Loading source label.
Found 2319 points in source label.
Starting surface-based mapping
Reading source registration 
 /out/sourcedata/freesurfer/fsaverage/surf/lh.sphere.reg
Rescaling ...  original radius = 100
Reading target surface 
 /out/sourcedata/freesurfer/sub-v2s16x51307_ses-1/surf/lh.white
Reading target registration 
 /out/sourcedata/freesurfer/sub-v2s16x51307_ses-1/surf/lh.sphere.reg
Rescaling ...  original radius = 100
Building target registration hash (res=16).
Building source registration hash (res=16).
INFO: found  2319 nlabel points
Performing mapping from target back to the source label 129417
Number of reverse mapping hits = 105
Checking for and removing duplicates
Writing label file ./lh.BA4a_exvivo.thresh.label 2424
mri_label2label: Done


 mri_label2label --srcsubject fsaverage --srclabel /out/sourcedata/freesurfer/fsaverage/label/lh.BA4p_exvivo.thresh.label --trgsubject sub-v2s16x51307_ses-1 --trglabel ./lh.BA4p_exvivo.thresh.label --hemi lh --regmethod surface 


srclabel = /out/sourcedata/freesurfer/fsaverage/label/lh.BA4p_exvivo.thresh.label
srcsubject = fsaverage
trgsubject = sub-v2s16x51307_ses-1
trglabel = ./lh.BA4p_exvivo.thresh.label
regmethod = surface

srchemi = lh
trghemi = lh
trgsurface = white
srcsurfreg = sphere.reg
trgsurfreg = sphere.reg
usehash = 1
Use ProjAbs  = 0, 0
Use ProjFrac = 0, 0
DoPaint 0

SUBJECTS_DIR    /out/sourcedata/freesurfer
FREESURFER_HOME /opt/freesurfer
Loading source label.
Found 1549 points in source label.
Starting surface-based mapping
Reading source registration 
 /out/sourcedata/freesurfer/fsaverage/surf/lh.sphere.reg
Rescaling ...  original radius = 100
Reading target surface 
 /out/sourcedata/freesurfer/sub-v2s16x51307_ses-1/surf/lh.white
Reading target registration 
 /out/sourcedata/freesurfer/sub-v2s16x51307_ses-1/surf/lh.sphere.reg
Rescaling ...  original radius = 100
Building target registration hash (res=16).
Building source registration hash (res=16).
INFO: found  1549 nlabel points
Performing mapping from target back to the source label 129417
Number of reverse mapping hits = 24
Checking for and removing duplicates
Writing label file ./lh.BA4p_exvivo.thresh.label 1573
mri_label2label: Done


 mri_label2label --srcsubject fsaverage --srclabel /out/sourcedata/freesurfer/fsaverage/label/lh.BA6_exvivo.thresh.label --trgsubject sub-v2s16x51307_ses-1 --trglabel ./lh.BA6_exvivo.thresh.label --hemi lh --regmethod surface 


srclabel = /out/sourcedata/freesurfer/fsaverage/label/lh.BA6_exvivo.thresh.label
srcsubject = fsaverage
trgsubject = sub-v2s16x51307_ses-1
trglabel = ./lh.BA6_exvivo.thresh.label
regmethod = surface

srchemi = lh
trghemi = lh
trgsurface = white
srcsurfreg = sphere.reg
trgsurfreg = sphere.reg
usehash = 1
Use ProjAbs  = 0, 0
Use ProjFrac = 0, 0
DoPaint 0

SUBJECTS_DIR    /out/sourcedata/freesurfer
FREESURFER_HOME /opt/freesurfer
Loading source label.
Found 7035 points in source label.
Starting surface-based mapping
Reading source registration 
 /out/sourcedata/freesurfer/fsaverage/surf/lh.sphere.reg
Rescaling ...  original radius = 100
Reading target surface 
 /out/sourcedata/freesurfer/sub-v2s16x51307_ses-1/surf/lh.white
Reading target registration 
 /out/sourcedata/freesurfer/sub-v2s16x51307_ses-1/surf/lh.sphere.reg
Rescaling ...  original radius = 100
Building target registration hash (res=16).
Building source registration hash (res=16).
INFO: found  7035 nlabel points
Performing mapping from target back to the source label 129417
Number of reverse mapping hits = 474
Checking for and removing duplicates
Writing label file ./lh.BA6_exvivo.thresh.label 7509
mri_label2label: Done


 mri_label2label --srcsubject fsaverage --srclabel /out/sourcedata/freesurfer/fsaverage/label/lh.BA44_exvivo.thresh.label --trgsubject sub-v2s16x51307_ses-1 --trglabel ./lh.BA44_exvivo.thresh.label --hemi lh --regmethod surface 


srclabel = /out/sourcedata/freesurfer/fsaverage/label/lh.BA44_exvivo.thresh.label
srcsubject = fsaverage
trgsubject = sub-v2s16x51307_ses-1
trglabel = ./lh.BA44_exvivo.thresh.label
regmethod = surface

srchemi = lh
trghemi = lh
trgsurface = white
srcsurfreg = sphere.reg
trgsurfreg = sphere.reg
usehash = 1
Use ProjAbs  = 0, 0
Use ProjFrac = 0, 0
DoPaint 0

SUBJECTS_DIR    /out/sourcedata/freesurfer
FREESURFER_HOME /opt/freesurfer
Loading source label.
Found 1912 points in source label.
Starting surface-based mapping
Reading source registration 
 /out/sourcedata/freesurfer/fsaverage/surf/lh.sphere.reg
Rescaling ...  original radius = 100
Reading target surface 
 /out/sourcedata/freesurfer/sub-v2s16x51307_ses-1/surf/lh.white
Reading target registration 
 /out/sourcedata/freesurfer/sub-v2s16x51307_ses-1/surf/lh.sphere.reg
Rescaling ...  original radius = 100
Building target registration hash (res=16).
Building source registration hash (res=16).
INFO: found  1912 nlabel points
Performing mapping from target back to the source label 129417
Number of reverse mapping hits = 46
Checking for and removing duplicates
Writing label file ./lh.BA44_exvivo.thresh.label 1958
mri_label2label: Done


 mri_label2label --srcsubject fsaverage --srclabel /out/sourcedata/freesurfer/fsaverage/label/lh.BA45_exvivo.thresh.label --trgsubject sub-v2s16x51307_ses-1 --trglabel ./lh.BA45_exvivo.thresh.label --hemi lh --regmethod surface 


srclabel = /out/sourcedata/freesurfer/fsaverage/label/lh.BA45_exvivo.thresh.label
srcsubject = fsaverage
trgsubject = sub-v2s16x51307_ses-1
trglabel = ./lh.BA45_exvivo.thresh.label
regmethod = surface

srchemi = lh
trghemi = lh
trgsurface = white
srcsurfreg = sphere.reg
trgsurfreg = sphere.reg
usehash = 1
Use ProjAbs  = 0, 0
Use ProjFrac = 0, 0
DoPaint 0

SUBJECTS_DIR    /out/sourcedata/freesurfer
FREESURFER_HOME /opt/freesurfer
Loading source label.
Found 1151 points in source label.
Starting surface-based mapping
Reading source registration 
 /out/sourcedata/freesurfer/fsaverage/surf/lh.sphere.reg
Rescaling ...  original radius = 100
Reading target surface 
 /out/sourcedata/freesurfer/sub-v2s16x51307_ses-1/surf/lh.white
Reading target registration 
 /out/sourcedata/freesurfer/sub-v2s16x51307_ses-1/surf/lh.sphere.reg
Rescaling ...  original radius = 100
Building target registration hash (res=16).
Building source registration hash (res=16).
INFO: found  1151 nlabel points
Performing mapping from target back to the source label 129417
Number of reverse mapping hits = 86
Checking for and removing duplicates
Writing label file ./lh.BA45_exvivo.thresh.label 1237
mri_label2label: Done


 mri_label2label --srcsubject fsaverage --srclabel /out/sourcedata/freesurfer/fsaverage/label/lh.V1_exvivo.thresh.label --trgsubject sub-v2s16x51307_ses-1 --trglabel ./lh.V1_exvivo.thresh.label --hemi lh --regmethod surface 


srclabel = /out/sourcedata/freesurfer/fsaverage/label/lh.V1_exvivo.thresh.label
srcsubject = fsaverage
trgsubject = sub-v2s16x51307_ses-1
trglabel = ./lh.V1_exvivo.thresh.label
regmethod = surface

srchemi = lh
trghemi = lh
trgsurface = white
srcsurfreg = sphere.reg
trgsurfreg = sphere.reg
usehash = 1
Use ProjAbs  = 0, 0
Use ProjFrac = 0, 0
DoPaint 0

SUBJECTS_DIR    /out/sourcedata/freesurfer
FREESURFER_HOME /opt/freesurfer
Loading source label.
Found 3405 points in source label.
Starting surface-based mapping
Reading source registration 
 /out/sourcedata/freesurfer/fsaverage/surf/lh.sphere.reg
Rescaling ...  original radius = 100
Reading target surface 
 /out/sourcedata/freesurfer/sub-v2s16x51307_ses-1/surf/lh.white
Reading target registration 
 /out/sourcedata/freesurfer/sub-v2s16x51307_ses-1/surf/lh.sphere.reg
Rescaling ...  original radius = 100
Building target registration hash (res=16).
Building source registration hash (res=16).
INFO: found  3405 nlabel points
Performing mapping from target back to the source label 129417
Number of reverse mapping hits = 335
Checking for and removing duplicates
Writing label file ./lh.V1_exvivo.thresh.label 3740
mri_label2label: Done


 mri_label2label --srcsubject fsaverage --srclabel /out/sourcedata/freesurfer/fsaverage/label/lh.V2_exvivo.thresh.label --trgsubject sub-v2s16x51307_ses-1 --trglabel ./lh.V2_exvivo.thresh.label --hemi lh --regmethod surface 


srclabel = /out/sourcedata/freesurfer/fsaverage/label/lh.V2_exvivo.thresh.label
srcsubject = fsaverage
trgsubject = sub-v2s16x51307_ses-1
trglabel = ./lh.V2_exvivo.thresh.label
regmethod = surface

srchemi = lh
trghemi = lh
trgsurface = white
srcsurfreg = sphere.reg
trgsurfreg = sphere.reg
usehash = 1
Use ProjAbs  = 0, 0
Use ProjFrac = 0, 0
DoPaint 0

SUBJECTS_DIR    /out/sourcedata/freesurfer
FREESURFER_HOME /opt/freesurfer
Loading source label.
Found 3334 points in source label.
Starting surface-based mapping
Reading source registration 
 /out/sourcedata/freesurfer/fsaverage/surf/lh.sphere.reg
Rescaling ...  original radius = 100
Reading target surface 
 /out/sourcedata/freesurfer/sub-v2s16x51307_ses-1/surf/lh.white
Reading target registration 
 /out/sourcedata/freesurfer/sub-v2s16x51307_ses-1/surf/lh.sphere.reg
Rescaling ...  original radius = 100
Building target registration hash (res=16).
Building source registration hash (res=16).
INFO: found  3334 nlabel points
Performing mapping from target back to the source label 129417
Number of reverse mapping hits = 544
Checking for and removing duplicates
Writing label file ./lh.V2_exvivo.thresh.label 3878
mri_label2label: Done


 mri_label2label --srcsubject fsaverage --srclabel /out/sourcedata/freesurfer/fsaverage/label/lh.MT_exvivo.thresh.label --trgsubject sub-v2s16x51307_ses-1 --trglabel ./lh.MT_exvivo.thresh.label --hemi lh --regmethod surface 


srclabel = /out/sourcedata/freesurfer/fsaverage/label/lh.MT_exvivo.thresh.label
srcsubject = fsaverage
trgsubject = sub-v2s16x51307_ses-1
trglabel = ./lh.MT_exvivo.thresh.label
regmethod = surface

srchemi = lh
trghemi = lh
trgsurface = white
srcsurfreg = sphere.reg
trgsurfreg = sphere.reg
usehash = 1
Use ProjAbs  = 0, 0
Use ProjFrac = 0, 0
DoPaint 0

SUBJECTS_DIR    /out/sourcedata/freesurfer
FREESURFER_HOME /opt/freesurfer
Loading source label.
Found 513 points in source label.
Starting surface-based mapping
Reading source registration 
 /out/sourcedata/freesurfer/fsaverage/surf/lh.sphere.reg
Rescaling ...  original radius = 100
Reading target surface 
 /out/sourcedata/freesurfer/sub-v2s16x51307_ses-1/surf/lh.white
Reading target registration 
 /out/sourcedata/freesurfer/sub-v2s16x51307_ses-1/surf/lh.sphere.reg
Rescaling ...  original radius = 100
Building target registration hash (res=16).
Building source registration hash (res=16).
INFO: found  513 nlabel points
Performing mapping from target back to the source label 129417
Number of reverse mapping hits = 16
Checking for and removing duplicates
Writing label file ./lh.MT_exvivo.thresh.label 529
mri_label2label: Done


 mri_label2label --srcsubject fsaverage --srclabel /out/sourcedata/freesurfer/fsaverage/label/lh.entorhinal_exvivo.thresh.label --trgsubject sub-v2s16x51307_ses-1 --trglabel ./lh.entorhinal_exvivo.thresh.label --hemi lh --regmethod surface 


srclabel = /out/sourcedata/freesurfer/fsaverage/label/lh.entorhinal_exvivo.thresh.label
srcsubject = fsaverage
trgsubject = sub-v2s16x51307_ses-1
trglabel = ./lh.entorhinal_exvivo.thresh.label
regmethod = surface

srchemi = lh
trghemi = lh
trgsurface = white
srcsurfreg = sphere.reg
trgsurfreg = sphere.reg
usehash = 1
Use ProjAbs  = 0, 0
Use ProjFrac = 0, 0
DoPaint 0

SUBJECTS_DIR    /out/sourcedata/freesurfer
FREESURFER_HOME /opt/freesurfer
Loading source label.
Found 470 points in source label.
Starting surface-based mapping
Reading source registration 
 /out/sourcedata/freesurfer/fsaverage/surf/lh.sphere.reg
Rescaling ...  original radius = 100
Reading target surface 
 /out/sourcedata/freesurfer/sub-v2s16x51307_ses-1/surf/lh.white
Reading target registration 
 /out/sourcedata/freesurfer/sub-v2s16x51307_ses-1/surf/lh.sphere.reg
Rescaling ...  original radius = 100
Building target registration hash (res=16).
Building source registration hash (res=16).
INFO: found  470 nlabel points
Performing mapping from target back to the source label 129417
Number of reverse mapping hits = 25
Checking for and removing duplicates
Writing label file ./lh.entorhinal_exvivo.thresh.label 495
mri_label2label: Done


 mri_label2label --srcsubject fsaverage --srclabel /out/sourcedata/freesurfer/fsaverage/label/lh.perirhinal_exvivo.thresh.label --trgsubject sub-v2s16x51307_ses-1 --trglabel ./lh.perirhinal_exvivo.thresh.label --hemi lh --regmethod surface 


srclabel = /out/sourcedata/freesurfer/fsaverage/label/lh.perirhinal_exvivo.thresh.label
srcsubject = fsaverage
trgsubject = sub-v2s16x51307_ses-1
trglabel = ./lh.perirhinal_exvivo.thresh.label
regmethod = surface

srchemi = lh
trghemi = lh
trgsurface = white
srcsurfreg = sphere.reg
trgsurfreg = sphere.reg
usehash = 1
Use ProjAbs  = 0, 0
Use ProjFrac = 0, 0
DoPaint 0

SUBJECTS_DIR    /out/sourcedata/freesurfer
FREESURFER_HOME /opt/freesurfer
Loading source label.
Found 450 points in source label.
Starting surface-based mapping
Reading source registration 
 /out/sourcedata/freesurfer/fsaverage/surf/lh.sphere.reg
Rescaling ...  original radius = 100
Reading target surface 
 /out/sourcedata/freesurfer/sub-v2s16x51307_ses-1/surf/lh.white
Reading target registration 
 /out/sourcedata/freesurfer/sub-v2s16x51307_ses-1/surf/lh.sphere.reg
Rescaling ...  original radius = 100
Building target registration hash (res=16).
Building source registration hash (res=16).
INFO: found  450 nlabel points
Performing mapping from target back to the source label 129417
Number of reverse mapping hits = 13
Checking for and removing duplicates
Writing label file ./lh.perirhinal_exvivo.thresh.label 463
mri_label2label: Done


 mris_label2annot --s sub-v2s16x51307_ses-1 --hemi lh --ctab /opt/freesurfer/average/colortable_BA.txt --l lh.BA1_exvivo.label --l lh.BA2_exvivo.label --l lh.BA3a_exvivo.label --l lh.BA3b_exvivo.label --l lh.BA4a_exvivo.label --l lh.BA4p_exvivo.label --l lh.BA6_exvivo.label --l lh.BA44_exvivo.label --l lh.BA45_exvivo.label --l lh.V1_exvivo.label --l lh.V2_exvivo.label --l lh.MT_exvivo.label --l lh.perirhinal_exvivo.label --l lh.entorhinal_exvivo.label --a BA_exvivo --maxstatwinner --noverbose 

Reading ctab /opt/freesurfer/average/colortable_BA.txt
Number of ctab entries 15

7.3.2
cwd /out/sourcedata/freesurfer/sub-v2s16x51307_ses-1/label
cmdline mris_label2annot --s sub-v2s16x51307_ses-1 --hemi lh --ctab /opt/freesurfer/average/colortable_BA.txt --l lh.BA1_exvivo.label --l lh.BA2_exvivo.label --l lh.BA3a_exvivo.label --l lh.BA3b_exvivo.label --l lh.BA4a_exvivo.label --l lh.BA4p_exvivo.label --l lh.BA6_exvivo.label --l lh.BA44_exvivo.label --l lh.BA45_exvivo.label --l lh.V1_exvivo.label --l lh.V2_exvivo.label --l lh.MT_exvivo.label --l lh.perirhinal_exvivo.label --l lh.entorhinal_exvivo.label --a BA_exvivo --maxstatwinner --noverbose 
sysname  Linux
hostname dna050
machine  x86_64
user     oesteban

subject sub-v2s16x51307_ses-1
hemi    lh
SUBJECTS_DIR /out/sourcedata/freesurfer
ColorTable /opt/freesurfer/average/colortable_BA.txt
AnnotName  BA_exvivo
nlables 14
LabelThresh 0 0.000000
Loading /out/sourcedata/freesurfer/sub-v2s16x51307_ses-1/surf/lh.orig
 1 1530880 BA1_exvivo
 2 16749699 BA2_exvivo
 3 16711680 BA3a_exvivo
 4 3368703 BA3b_exvivo
 5 1376196 BA4a_exvivo
 6 13382655 BA4p_exvivo
 7 10036737 BA6_exvivo
 8 2490521 BA44_exvivo
 9 39283 BA45_exvivo
10 3993 V1_exvivo
11 8508928 V2_exvivo
12 10027163 MT_exvivo
13 16422433 perirhinal_exvivo
14 16392598 entorhinal_exvivo
Mapping unhit to unknown
Found 90488 unhit vertices
Writing annot to /out/sourcedata/freesurfer/sub-v2s16x51307_ses-1/label/lh.BA_exvivo.annot

 mris_label2annot --s sub-v2s16x51307_ses-1 --hemi lh --ctab /opt/freesurfer/average/colortable_BA.txt --l lh.BA1_exvivo.thresh.label --l lh.BA2_exvivo.thresh.label --l lh.BA3a_exvivo.thresh.label --l lh.BA3b_exvivo.thresh.label --l lh.BA4a_exvivo.thresh.label --l lh.BA4p_exvivo.thresh.label --l lh.BA6_exvivo.thresh.label --l lh.BA44_exvivo.thresh.label --l lh.BA45_exvivo.thresh.label --l lh.V1_exvivo.thresh.label --l lh.V2_exvivo.thresh.label --l lh.MT_exvivo.thresh.label --l lh.perirhinal_exvivo.thresh.label --l lh.entorhinal_exvivo.thresh.label --a BA_exvivo.thresh --maxstatwinner --noverbose 

Reading ctab /opt/freesurfer/average/colortable_BA.txt
Number of ctab entries 15

7.3.2
cwd /out/sourcedata/freesurfer/sub-v2s16x51307_ses-1/label
cmdline mris_label2annot --s sub-v2s16x51307_ses-1 --hemi lh --ctab /opt/freesurfer/average/colortable_BA.txt --l lh.BA1_exvivo.thresh.label --l lh.BA2_exvivo.thresh.label --l lh.BA3a_exvivo.thresh.label --l lh.BA3b_exvivo.thresh.label --l lh.BA4a_exvivo.thresh.label --l lh.BA4p_exvivo.thresh.label --l lh.BA6_exvivo.thresh.label --l lh.BA44_exvivo.thresh.label --l lh.BA45_exvivo.thresh.label --l lh.V1_exvivo.thresh.label --l lh.V2_exvivo.thresh.label --l lh.MT_exvivo.thresh.label --l lh.perirhinal_exvivo.thresh.label --l lh.entorhinal_exvivo.thresh.label --a BA_exvivo.thresh --maxstatwinner --noverbose 
sysname  Linux
hostname dna050
machine  x86_64
user     oesteban

subject sub-v2s16x51307_ses-1
hemi    lh
SUBJECTS_DIR /out/sourcedata/freesurfer
ColorTable /opt/freesurfer/average/colortable_BA.txt
AnnotName  BA_exvivo.thresh
nlables 14
LabelThresh 0 0.000000
Loading /out/sourcedata/freesurfer/sub-v2s16x51307_ses-1/surf/lh.orig
 1 1530880 BA1_exvivo
 2 16749699 BA2_exvivo
 3 16711680 BA3a_exvivo
 4 3368703 BA3b_exvivo
 5 1376196 BA4a_exvivo
 6 13382655 BA4p_exvivo
 7 10036737 BA6_exvivo
 8 2490521 BA44_exvivo
 9 39283 BA45_exvivo
10 3993 V1_exvivo
11 8508928 V2_exvivo
12 10027163 MT_exvivo
13 16422433 perirhinal_exvivo
14 16392598 entorhinal_exvivo
Mapping unhit to unknown
Found 106187 unhit vertices
Writing annot to /out/sourcedata/freesurfer/sub-v2s16x51307_ses-1/label/lh.BA_exvivo.thresh.annot

 mris_anatomical_stats -th3 -mgz -noglobal -f ../stats/lh.BA_exvivo.stats -b -a ./lh.BA_exvivo.annot -c ./BA_exvivo.ctab sub-v2s16x51307_ses-1 lh white 

computing statistics for each annotation in ./lh.BA_exvivo.annot.
reading volume /out/sourcedata/freesurfer/sub-v2s16x51307_ses-1/mri/wm.mgz...
reading input surface /out/sourcedata/freesurfer/sub-v2s16x51307_ses-1/surf/lh.white...
reading input pial surface /out/sourcedata/freesurfer/sub-v2s16x51307_ses-1/surf/lh.pial...
reading input white surface /out/sourcedata/freesurfer/sub-v2s16x51307_ses-1/surf/lh.white...
INFO: using TH3 volume calc
INFO: assuming MGZ format for volumes.
INFO: not computing global stats
Using TH3 vertex volume calc
Total face volume 284172
Total vertex volume 283914 (mask=0)
Saving annotation colortable ./BA_exvivo.ctab

table columns are:
    number of vertices
    total surface area (mm^2)
    total gray matter volume (mm^3)
    average cortical thickness +- standard deviation (mm)
    integrated rectified mean curvature
    integrated rectified Gaussian curvature
    folding index
    intrinsic curvature index
    structure name

 1158    786   2454  2.375 0.619     0.137     0.030       13     1.3  BA1_exvivo
 3953   2686   7457  2.576 0.635     0.109     0.018       34     3.2  BA2_exvivo
 1159    722   1064  1.924 0.494     0.109     0.015        7     0.7  BA3a_exvivo
 2605   1773   4245  1.993 0.764     0.095     0.017       17     1.9  BA3b_exvivo
 1686   1032   3672  3.014 0.618     0.094     0.019       10     1.3  BA4a_exvivo
 1382    917   2253  2.548 0.607     0.082     0.015        5     0.8  BA4p_exvivo
10069   7284  26466  3.112 0.685     0.117     0.023       87     9.9  BA6_exvivo
 2116   1557   5409  2.962 0.705     0.111     0.020       18     1.9  BA44_exvivo
 2183   1638   7097  3.043 0.781     0.126     0.034       24     3.1  BA45_exvivo
 2786   2050   3715  1.863 0.579     0.139     0.030       33     3.5  V1_exvivo
 7023   4902  11741  2.235 0.595     0.139     0.028       84     8.8  V2_exvivo
 1495    983   3670  2.933 0.641     0.110     0.021       17     1.1  MT_exvivo
  682    492   2144  3.529 0.900     0.109     0.027        7     0.9  perirhinal_exvivo
  632    403   2380  3.581 1.128     0.108     0.023        6     0.7  entorhinal_exvivo

 mris_anatomical_stats -th3 -mgz -f ../stats/lh.BA_exvivo.thresh.stats -noglobal -b -a ./lh.BA_exvivo.thresh.annot -c ./BA_exvivo.thresh.ctab sub-v2s16x51307_ses-1 lh white 

computing statistics for each annotation in ./lh.BA_exvivo.thresh.annot.
reading volume /out/sourcedata/freesurfer/sub-v2s16x51307_ses-1/mri/wm.mgz...
reading input surface /out/sourcedata/freesurfer/sub-v2s16x51307_ses-1/surf/lh.white...
reading input pial surface /out/sourcedata/freesurfer/sub-v2s16x51307_ses-1/surf/lh.pial...
reading input white surface /out/sourcedata/freesurfer/sub-v2s16x51307_ses-1/surf/lh.white...
INFO: using TH3 volume calc
INFO: assuming MGZ format for volumes.
INFO: not computing global stats
Using TH3 vertex volume calc
Total face volume 284172
Total vertex volume 283914 (mask=0)
Saving annotation colortable ./BA_exvivo.thresh.ctab

table columns are:
    number of vertices
    total surface area (mm^2)
    total gray matter volume (mm^3)
    average cortical thickness +- standard deviation (mm)
    integrated rectified mean curvature
    integrated rectified Gaussian curvature
    folding index
    intrinsic curvature index
    structure name

  720    493   1511  2.353 0.563     0.144     0.033        8     0.9  BA1_exvivo
 1657   1110   2792  2.361 0.541     0.103     0.017       13     1.2  BA2_exvivo
 1003    617    890  1.936 0.479     0.112     0.018        7     0.7  BA3a_exvivo
 1613   1059   1782  1.582 0.430     0.074     0.010        6     0.7  BA3b_exvivo
 1682   1042   3436  2.898 0.653     0.094     0.017       10     1.3  BA4a_exvivo
 1113    742   1787  2.523 0.631     0.085     0.015        5     0.6  BA4p_exvivo
 5828   4101  14226  3.059 0.608     0.113     0.021       46     5.3  BA6_exvivo
 1312    978   3590  2.973 0.758     0.123     0.022       13     1.3  BA44_exvivo
  940    735   3623  3.222 0.726     0.142     0.044       11     1.8  BA45_exvivo
 2953   2171   3894  1.823 0.552     0.139     0.030       35     3.8  V1_exvivo
 3381   2432   5928  2.190 0.583     0.153     0.034       48     5.0  V2_exvivo
  346    238   1091  3.405 0.534     0.115     0.021        4     0.3  MT_exvivo
  294    197    727  3.256 0.894     0.072     0.012        1     0.2  perirhinal_exvivo
  388    251   1550  3.897 0.583     0.074     0.009        1     0.2  entorhinal_exvivo

Started at Wed Mar 11 14:11:00 CET 2026 
Ended   at Wed Mar 11 14:13:45 CET 2026
#@#%# recon-all-run-time-hours 0.046
recon-all -s sub-v2s16x51307_ses-1 finished without error at Wed Mar 11 14:13:45 CET 2026
