global_signal	global_signal_derivative1	global_signal_derivative1_power2	global_signal_power2	csf	csf_derivative1	csf_derivative1_power2	csf_power2	white_matter	white_matter_derivative1	white_matter_power2	white_matter_derivative1_power2	csf_wm	tcompcor	std_dvars	dvars	framewise_displacement	rmsd	t_comp_cor_00	t_comp_cor_01	t_comp_cor_02	t_comp_cor_03	t_comp_cor_04	c_comp_cor_00	c_comp_cor_01	c_comp_cor_02	c_comp_cor_03	c_comp_cor_04	c_comp_cor_05	c_comp_cor_06	c_comp_cor_07	w_comp_cor_00	w_comp_cor_01	w_comp_cor_02	w_comp_cor_03	w_comp_cor_04	w_comp_cor_05	w_comp_cor_06	w_comp_cor_07	w_comp_cor_08	w_comp_cor_09	w_comp_cor_10	w_comp_cor_11	w_comp_cor_12	w_comp_cor_13	w_comp_cor_14	w_comp_cor_15	w_comp_cor_16	w_comp_cor_17	w_comp_cor_18	w_comp_cor_19	w_comp_cor_20	w_comp_cor_21	w_comp_cor_22	w_comp_cor_23	w_comp_cor_24	w_comp_cor_25	w_comp_cor_26	w_comp_cor_27	w_comp_cor_28	w_comp_cor_29	w_comp_cor_30	w_comp_cor_31	w_comp_cor_32	w_comp_cor_33	w_comp_cor_34	a_comp_cor_00	a_comp_cor_01	a_comp_cor_02	a_comp_cor_03	a_comp_cor_04	a_comp_cor_05	a_comp_cor_06	a_comp_cor_07	a_comp_cor_08	a_comp_cor_09	a_comp_cor_10	a_comp_cor_11	a_comp_cor_12	a_comp_cor_13	a_comp_cor_14	a_comp_cor_15	a_comp_cor_16	a_comp_cor_17	a_comp_cor_18	a_comp_cor_19	a_comp_cor_20	a_comp_cor_21	a_comp_cor_22	a_comp_cor_23	a_comp_cor_24	a_comp_cor_25	a_comp_cor_26	a_comp_cor_27	a_comp_cor_28	a_comp_cor_29	a_comp_cor_30	a_comp_cor_31	a_comp_cor_32	a_comp_cor_33	edge_comp_00	edge_comp_01	edge_comp_02	edge_comp_03	edge_comp_04	edge_comp_05	edge_comp_06	edge_comp_07	edge_comp_08	edge_comp_09	edge_comp_10	edge_comp_11	edge_comp_12	edge_comp_13	edge_comp_14	edge_comp_15	edge_comp_16	edge_comp_17	edge_comp_18	edge_comp_19	edge_comp_20	edge_comp_21	edge_comp_22	edge_comp_23	cosine00	cosine01	cosine02	cosine03	trans_x	trans_x_derivative1	trans_x_power2	trans_x_derivative1_power2	trans_y	trans_y_derivative1	trans_y_power2	trans_y_derivative1_power2	trans_z	trans_z_derivative1	trans_z_derivative1_power2	trans_z_power2	rot_x	rot_x_derivative1	rot_x_power2	rot_x_derivative1_power2	rot_y	rot_y_derivative1	rot_y_power2	rot_y_derivative1_power2	rot_z	rot_z_derivative1	rot_z_derivative1_power2	rot_z_power2	motion_outlier00	motion_outlier01	motion_outlier02	motion_outlier03	motion_outlier04	motion_outlier05	motion_outlier06	motion_outlier07	motion_outlier08
975.0885115945327	n/a	n/a	950797.6054436412	1099.1289564520766	n/a	n/a	1208084.462911431	881.9454838515987	n/a	777827.8364862306	n/a	891.2106198963367	803.2646144708325	n/a	n/a	n/a	n/a	-0.0232452412	-0.113529212	0.029546795	-0.067683645	0.0703199469	-0.0536430439	0.0071625454	-0.1276124215	0.0247834168	-0.1058248318	-0.0274841689	0.0880795395	-0.0048847047	0.0247279806	-0.0282629719	0.0705172463	-0.0411842075	0.1787251132	-0.0803383175	0.091265324	-0.0424298004	0.0298095753	-0.0156038895	-0.1461840929	0.0635546424	-0.0072121614	0.012104548	-0.046350105	0.0979555996	-0.002926356	0.0179773013	-0.1216256633	0.0120800575	-0.0557246656	-0.13151621	0.026078873	-0.1090942166	0.0753846075	-0.060708343	-0.0030449908	-0.0431140394	0.0555816589	0.0851604974	-0.0464858813	-0.0583248644	0.0031860847	0.0092949347	0.1690629853	-0.02119501	0.0371457058	-0.0291525205	0.0767771365	-0.1601231376	0.0727229991	-0.0780140855	0.0355475214	-0.0472121921	0.0357463182	-0.0461422175	0.1083019083	-0.0128945428	0.1230361704	-0.0054061173	0.0505869391	-0.0053000239	0.0807624022	-0.001668059	0.092679091	-0.1212523654	0.0350919394	-0.0833611105	0.0004001995	0.0079799893	-0.0740229236	-0.0441005298	0.2127992411	0.0023970616	0.0090079487	-0.0734094407	0.004858201	0.0536944604	-0.0934938395	-0.0371526069	0.000368272	-0.0990996762	0.0009228881	-0.0739819846	0.0102026078	-0.0301661843	0.0408795552	-0.0907077232	0.1189927001	-0.0918422128	0.1164299016	-0.2057600059	0.0232151979	-0.0584297222	0.0618057666	-0.0672052855	0.0080864961	0.0262256421	-0.0598494555	0.0413936592	-0.1249435679	0.2027835673	-0.0427750151	0.1290883846	0.1290552057	0.1289999139	0.1289225186	-0.0769456998565516	n/a	0.0059206407264145	n/a	-0.0971487737926679	n/a	0.0094378842494189	n/a	-0.1532852862710285	n/a	n/a	0.0234963789871911	-0.0004050002382441	n/a	1.6402519297777777e-07	n/a	-0.0008890000639658	n/a	7.903211137311965e-07	n/a	-1.7993496957577305e-07	n/a	n/a	3.2376593276234374e-14	0.0	0.0	0.0	0.0	0.0	0.0	0.0	0.0	0.0
969.6827616702052	-5.405749924327552	29.22213224436733	940284.658280356	1082.0681474033372	-17.06080904873943	291.0712053975492	1170871.4756248903	880.5125046071394	-1.432979244459375	775302.2707695377	2.053429515051361	888.7466628024453	774.5414617137732	1.211687	24.016785	0.0957046827046232	0.0567323687316261	-0.0200025285	-0.1295960197	0.1469208464	0.1089458405	-0.0843533268	0.1222970154	-0.039649676	0.0475572787	-0.0971249471	-0.0256859508	-0.2057724235	-0.1639261384	-0.0054391151	0.0356897355	0.064984507	-0.0347321437	-0.2107125574	0.2378529957	-0.0319780945	0.0039811436	-0.0012644173	-0.0523166103	0.0279899666	-0.1503308726	0.0734763301	0.0878533309	0.0699833884	-0.0025368766	0.0533997732	0.0455997172	-0.0783923688	0.0935844045	-0.1505107036	-0.0695079418	0.0001602734	-0.0320784733	-0.093774561	0.0253748816	0.0742680357	0.1464392894	-0.1764718868	0.0204114425	0.1700189644	0.0147358648	-0.0385742324	0.0633301428	0.0584802488	-0.0115065227	-0.0649578662	-0.0595267029	0.053260658	-0.0292785505	-0.2891209793	-0.004076616	0.0345530947	0.0312868967	0.0297813116	-0.0362997626	-0.1290375275	0.1778902378	-0.086279231	-0.1321942041	0.0006246543	0.0795975531	-0.0272149888	-0.0001685373	0.074619391	-0.0203009075	-0.1515850414	-0.0081610406	0.0710876675	-0.0937469192	-0.0414421388	0.1132812122	-0.0475967953	0.1485347644	-0.0231087414	-0.0739940683	0.1174706632	-0.0174483112	-0.0409526453	0.0151364135	-0.048984489	0.0131520682	-0.1229539138	0.0051746668	-0.088204074	-0.1112345742	-0.1115211899	0.2649512153	-0.0768122206	0.1525577649	-0.1390687219	0.045181711	-0.1822726084	0.1159173953	-0.0035939291	0.0356678918	-0.087684507	-0.037920735	0.0721085066	0.0316189855	0.1335671647	-0.1646223883	0.0445195027	0.1009094267	0.1289999139	0.1287014744	0.1282045865	0.1275100165	-0.0678877863929301	0.0090579134636215	0.0046087515413321	8.204579631445569e-05	-0.0781225580263225	0.0190262157663454	0.0061031340725761	0.0003619968863875	-0.1103507051959695	0.042934581075059	0.0018433782520908	0.0121772781372477	-0.0008950006097876	-0.0004900003715435	8.010260915201759e-07	2.401003641127681e-07	-0.0008919998933283	-2.999829362499958e-06	7.956638096976986e-07	8.998976204116904e-12	-8.991820555226816e-07	-7.192470859469086e-07	5.173163706431196e-13	8.08528368973995e-13	0.0	0.0	0.0	0.0	0.0	0.0	0.0	0.0	0.0
972.728020521888	3.0452588516827745	9.27360147375229	946199.8019084304	1092.3529731122962	10.284825708959032	105.77763986366467	1193235.017867273	882.6353243350613	2.1228197279219785	779045.1157640589	4.506363597254743	890.6646468915437	773.6618125436235	1.155885	22.91074	0.2455091043090438	0.1153569666735274	-0.0125545426	-0.113485738	0.0435628716	0.0873537323	-0.0853310195	0.0591470199	0.054723121	-0.0365006187	-0.1062829412	0.174629136	0.0287144153	-0.0643583989	-0.0847016957	-0.0615328912	0.0394727326	-0.0443551553	0.0579492663	0.0109626363	-0.0416700034	-0.2178632521	0.0820459812	0.0392733366	-0.0055435458	0.1131248177	-0.0623200725	0.1028075579	0.1091890975	-0.1028217738	-0.0565442499	-0.0534979074	-0.0438741913	0.0049180769	-0.0690960083	0.0384071893	0.0062077657	-0.2390335635	0.0746644941	-0.0054303856	-0.0005805784	-0.1440780805	0.0320102876	0.2293355922	-0.0807497323	0.0169068475	0.2997644673	0.0862842174	0.1229833367	0.0883336046	0.0548116665	-0.0466485443	0.0528188727	0.0597247307	-0.0029067924	-0.0088829564	0.2065310738	0.0206173441	0.0087203427	-0.0335390173	0.0374492704	-0.0971891892	0.1556859582	-0.149230042	0.0693529257	-0.0440265877	-0.1224727961	0.0011556842	-0.0920960267	-0.01102693	0.004328141	0.0721115935	0.2107934852	-0.0103500386	-0.2438613565	0.0678721549	-0.0982271744	0.0004777931	0.0288686418	0.067756809	-0.190377902	0.2815943162	0.0475913916	-0.0291225323	-0.0682999128	0.0524348469	-0.0763019262	0.0794016009	0.0671762751	0.1023738937	-0.096976128	0.1237685542	0.0413366753	-0.0209067597	0.1096485108	0.0069156547	-0.0725445733	0.1544569236	0.1672519551	-0.0227819479	-0.0300329614	0.0456996849	-0.0403160701	-0.0570826064	-0.0220667284	0.0196053747	-0.0002455891	0.1208074819	0.1288230331	0.1279949812	0.1266188352	0.124700488	-0.0374306427662531	0.0304571436266769	0.0014010530178948	0.000927637597896	0.0063597633866976	0.08448232141302	4.044659033477933e-05	0.0071372626313328	-0.0818406997877616	0.0285100054082079	0.000812820408376	0.0066979001417505	-0.0020141170563054	-0.0011191164465178	4.0566675165003305e-06	1.252421620866628e-06	-0.0004689974797593	0.0004230024135689	2.1995863602057506e-07	1.789310418851993e-07	-0.0004999729991915	-0.0004990738171359	2.49074674950675e-07	2.499729999205437e-07	0.0	0.0	0.0	0.0	0.0	0.0	0.0	0.0	0.0
978.2709295387994	5.542909016911381	30.72384036975749	957014.0115807066	1095.3840765354437	3.0311034231474423	9.187587961816142	1199866.2751274067	885.0799939597381	2.4446696246767488	783366.59570777	5.976409573817156	892.0360518003765	793.6257817477571	1.147759	22.749676	0.2863627408719879	0.1468781001447559	-0.0319317647	-0.0239462191	0.0890435485	-0.0533655689	-0.0883915301	-0.0667270407	-0.0944302548	0.0735717606	0.0637105394	0.1378269093	0.0144987297	-0.0711396374	0.0307773399	-0.151162548	0.0693028762	-0.057662279	0.0004745969	-0.1866969119	-0.053974079	-0.0013740985	-0.0049110024	0.0150676652	-0.0897863817	-0.0918799318	-0.0951890138	-0.0462847227	-0.1357926318	0.0245208714	-0.0849920214	0.0301560134	0.1391794112	0.0436332912	0.0599198183	-0.1701107325	0.0429088814	0.0410970061	0.0374602846	0.0129171738	-0.1972388464	-0.0580390215	-0.0494273487	0.101727509	0.0610508943	-0.1335194751	-0.2149341851	-0.1089207233	-0.0761459253	0.0594987554	0.1591233729	-0.0685800239	0.0348413935	-0.1196261464	0.1220818954	0.0923150971	0.0408177327	-0.0281814289	0.0077734406	0.1018185684	-0.1034667199	-0.1443375421	-0.104590555	0.1012427743	0.045553358	0.0071134031	0.1203572897	-0.0435651515	-0.0960757562	-0.088854047	-0.0429806694	-0.0682782818	0.0600607814	-0.0956077906	0.1491745431	-0.1144506683	0.0145195031	0.0809716216	-0.0089970364	0.1515800246	-0.1185370968	-0.1581229328	-0.0725031409	0.0391591546	-0.06307069	-0.0131322549	-0.0684677527	-0.0715451081	0.1003995341	-0.0037849994	0.0817587851	-0.0602220964	0.0886403156	-0.0297602865	0.2111265462	-0.1105990609	0.0609732276	0.0105498472	0.0466625766	0.0397014838	0.1946644493	-0.000522172	-0.0497360133	-0.0395790177	0.0230572117	-0.0932361318	-0.1939055675	0.0258667067	0.1285578634	0.1269376627	0.1242524367	0.1205247148	-0.0089915572300185	0.0284390855362346	8.084810142069795e-05	0.0008087815861372	-0.0578423513481709	-0.0642021147348685	0.0033457376094852	0.0041219115364292	-0.1882616984872243	-0.1064209986994627	0.011325428964191	0.0354424671172945	-0.0009350309606332	0.0010790860956722	8.742828973426449e-07	1.1644268018730726e-06	-7.813704601655758e-05	0.0003908604337427	6.105397960193636e-09	1.5277187866556476e-07	-0.000776037307805	-0.0002760643086134	7.621150249024971e-08	6.022339031052323e-07	0.0	0.0	0.0	0.0	0.0	0.0	0.0	0.0	0.0
981.2855651998672	3.014635661067814	9.088028168981776	962921.3604696228	1107.097538902646	11.713462367202284	137.20520062786412	1225664.9606442957	885.1691282291515	0.0891342694134209	783524.385569956	0.0079449179838643	891.6226515920539	805.164865472167	1.34084	26.576715	0.3301553616765936	0.1723296390346284	-0.177091955	-0.061385435	0.0849563496	0.1274321604	0.1260355777	-0.2162386373	0.1544489203	0.0695698044	-0.1285844011	-0.017991848	0.1593117476	-0.1171719625	0.1644901642	-0.1165749012	-0.1091619385	-0.1782250557	0.1707581186	-0.0621969753	-0.0295380063	0.1778183715	0.1729178279	-0.093274927	-0.0318177213	0.0188921076	-0.1047640999	-0.152908696	0.1227686336	-0.0302641656	0.1488870936	-0.0707344755	-0.0625947458	0.0603908767	0.0287611419	0.0878676373	0.0616178282	0.0522673491	0.0540337072	-0.0902336411	-0.0061155262	0.0587582306	-0.0665472498	0.0031916105	-0.036879836	0.0424566934	0.0647963102	-0.0660104719	0.007969805	0.0079078727	0.1418220577	0.0968082728	0.1863015033	0.0609964059	0.1548346412	0.1018607014	-0.1471567511	0.126393729	0.1762991585	-0.0223316359	-0.0464572841	-0.1010800847	0.0169185126	0.0096799153	0.0593833988	-0.1978457217	0.0002340956	0.1012427912	0.1101062601	0.0190027649	-0.0036028456	-0.0653155161	-0.0363359172	-0.0335190717	-0.0058545094	0.0975428537	0.0123526549	-0.1556310814	0.0216071349	0.0116778178	0.0306633509	-0.0182981124	0.074774498	0.0128218144	-0.1007156596	-0.1577739704	-0.1601522211	0.1143209633	-0.0836784861	-0.011525207	0.0906487477	-0.1557038809	0.0857833443	-0.1002301928	-0.0139570636	-0.0641116998	0.0841723076	0.1401719667	-0.0709414572	-0.0347910732	-0.0127541496	0.2644589142	0.1189401623	-0.0322268145	0.0601023011	0.0190080956	-0.0178016947	-0.1160050855	0.1282045865	0.1255324169	0.1211199807	0.1150284477	-0.0467262130768943	-0.0377346558468758	0.0021833389885073	0.0014239042518821	-0.1949851870398475	-0.1371428356916766	0.0380192231649643	0.0188081573815542	-0.2748650931634984	-0.086603394676274	0.0075001479694545	0.0755508194397786	-0.0004521727060368	0.0004828582545964	2.0446015608464242e-07	2.3315209403188186e-07	-0.0006918872268402	-0.0006137501808236	4.787079346646224e-07	3.766892844610538e-07	-0.0004991562339897	0.0002768810738153	7.66631290371136e-08	2.491569459307801e-07	0.0	0.0	0.0	0.0	0.0	0.0	0.0	0.0	0.0
978.146107550694	-3.1394576491732096	9.856194330952176	956769.8077165736	1093.4567688120392	-13.640770090606791	186.07060866479284	1195647.7052608654	884.3778073339618	-0.7913208951897559	782124.106104826	0.6261887591639167	892.3567162162379	811.5360718500234	1.511636	29.962059	0.1956984634638765	0.1209945460923829	-0.0742121709	-0.0215989755	-0.0062239846	-0.1377074081	-0.0860766626	-0.0727067327	-0.0488633984	-0.1199256957	0.1139953647	-0.2014064545	-0.1034644807	-0.0624035251	-0.0357638657	-0.0658382418	-0.1319044653	0.1540679312	-0.1450153079	-0.0684274136	-0.0384665404	0.1305295827	0.0358535673	0.0652129838	-0.123459638	-0.0359965583	0.0919202942	-0.0720155076	-0.0595209107	0.0136371497	0.0839633139	0.0762815487	-0.0476231381	-0.0353157962	-0.2039271467	0.1392593011	-0.0914585899	-0.0481401271	0.2287676751	0.0445768663	-0.0856875197	0.03726944	0.1680512479	0.1232078313	-0.0397760519	-0.0734195994	0.063163578	-0.0937884018	0.0432058486	-0.016231669	0.0730888434	0.1183123997	-0.1693109586	-0.1280287728	-0.0496936039	0.0684285243	-0.1294822634	0.1183255336	-0.1302104187	-0.0578859656	-0.0209462816	0.0764891166	0.1110455383	0.0811122896	0.0662698034	0.0277174982	-0.0682551162	0.0154092176	0.1228704867	-0.0496420231	-0.1263537655	0.2022097133	0.1012562971	0.130155368	-0.0410599625	-0.0335913463	0.1978906128	-0.1359658469	-0.0728453346	-0.0354962819	-0.1431994549	0.0276920874	0.1369404599	0.1072998	-0.0488039288	-0.0376681155	-0.0852483936	-0.202100399	0.0137433431	-0.0415001315	0.0026773506	-0.1044043992	0.0479616419	-0.0241903194	0.0384218154	0.0966185843	0.0316413231	-0.2986942618	-0.0719116466	0.1530084938	-0.0241550853	-0.0829755064	-0.0469456967	0.1219212551	-0.0394289636	-0.0609175589	0.0706925329	0.0152195491	0.1277634447	0.1237830955	0.1172407796	0.1082719048	-0.0466603446992905	6.58683776037991e-05	0.0021771877674566	4.338643168156663e-09	-0.0913915728511511	0.1035936141886963	0.0083524195882072	0.0107316369006764	-0.217884877355587	0.0569802158079113	0.0032467449935161	0.0474738197802591	-0.000720824734693	-0.0002686520286562	5.195882981452338e-07	7.21739125010917e-08	-0.0009097420073433	-0.000217854780503	8.276305199250168e-07	4.7460705388053864e-08	-0.0007138247266237	-0.000214668492634	4.608256172975372e-08	5.095457403394e-07	1.0	0.0	0.0	0.0	0.0	0.0	0.0	0.0	0.0
975.1695703728842	-2.976537177809746	8.859773570883608	950955.6909812356	1088.851816086542	-4.604952725497242	21.205589604064475	1185598.2773949606	883.3827949872058	-0.9950123467559706	780365.1624794076	0.990049570196824	891.8554342972604	796.4540856122725	1.428018	28.304665	0.2158671089906245	0.1292354909724795	-0.0514734078	-0.1532558263	-0.0517918158	0.0051577846	0.1686301391	0.0369529824	0.0960057758	-0.0711099629	-0.0785563308	-0.1410243076	-0.1318600514	-0.0066411147	-0.0086186914	0.0128683046	-0.1198378904	0.0736510977	0.0938909089	0.0962581167	0.0016955676	0.0812193638	0.0959396233	0.1069606685	0.0429260431	-0.0615355518	-0.0811727219	0.0689121943	0.0358826797	-0.1308580997	0.0027162457	0.0072171109	0.0254772539	-0.0301224104	-0.0722662572	-0.040967805	0.125524486	-0.0719705232	-0.1260480778	-0.0725039372	0.1862449896	-0.0019468111	-0.1557766918	-0.1928287002	-0.113832242	0.1398869997	-0.0822978944	0.165460292	0.0410804872	-0.1396451815	-0.0153651464	0.1278108204	-0.0591271517	0.1426449454	-0.0445702169	0.0147586765	-0.0663763436	0.1260934334	-0.0145965378	0.132090189	0.0175546369	-0.0032745692	-0.0704595069	-0.0930660975	0.0572433948	0.0179179091	-0.0896953455	0.0573352562	-0.1578985204	-0.0152513293	0.0049954299	-0.0889561321	-0.0708422967	0.005222996	0.0400655104	0.1483600545	-0.0831336268	-0.0883921229	0.0477947644	-0.0675454717	0.1734481843	0.0336001407	-0.2355015914	-0.0443671046	-0.0483732688	-0.0205704493	-0.0882837445	0.1379997114	0.0777244895	-0.0846377417	-0.0499849731	-0.1510806272	0.0086446834	-0.0217828482	0.0208874922	-0.0332085439	0.0071405517	0.0801277618	0.0032780483	-0.1815770758	-0.171237734	-0.0974547381	0.0982979333	-0.0513833022	-0.0649298067	0.1412553413	-0.1106314363	0.1012320179	0.1272347401	0.1216944932	0.1126387502	0.1003291122	-0.0357692401448588	0.0108911045544317	0.0012794385405405	0.0001186161584155	0.0033687858006175	0.0947603586517686	1.1348717770442089e-05	0.0089795255718118	-0.1339440758344778	0.0839408015211092	0.0070460581600062	0.0179410154511523	-0.0009792303325948	-0.0002584055979018	9.588920442737227e-07	6.677345302698673e-08	-0.0006526556953876	0.0002570863119557	4.259594567218717e-07	6.609337179498349e-08	-0.0007038197512149	1.0004975408799937e-05	1.0009953293069143e-10	4.953622422002037e-07	0.0	0.0	0.0	0.0	0.0	0.0	0.0	0.0	0.0
975.2051301599838	0.0355597870996007	0.0012644984585689	951025.045890351	1090.724160330636	1.8723442440941651	3.505672968392551	1189679.1939289712	882.9549554410316	-0.4278395461741411	779609.4533378741	0.183046677270495	891.0369662636205	794.5283880557877	1.26707	25.114521	0.2585146018003509	0.152880167343853	-0.0136795567	-0.1069951874	-0.0367051069	-0.0577009041	0.0469011527	0.0177894859	0.0915389516	-0.0328416381	-0.1174007199	-0.0945780302	0.0412126489	-0.1195038266	-0.1941710158	0.0097195483	-0.0353257789	0.0193527562	0.1479784143	0.0134640977	-0.1350996047	0.110357488	-0.0700377793	-0.0640946007	-0.0519055705	0.3181055529	0.1219545228	0.038927603	-0.0724791104	0.1014465341	-0.13523492	0.0418349582	-0.027331521	0.0893908165	0.081422858	-0.0753142712	0.1060323282	-0.2618195264	0.0263940391	-0.002920416	-0.0405644754	0.1343536654	0.0672816725	-0.1461926941	-0.082917142	0.131055108	-0.0316354349	-0.0417074314	-0.0427263	0.1776980303	-0.012885935	0.0481247005	-0.0079481832	0.1217037021	0.0705103745	0.1508869023	-0.0522732005	-0.0022050509	-0.1698411734	-0.1809257115	0.0884168503	-0.1021992086	0.0695290897	-0.0225196644	-0.0977271318	0.1652403584	-0.0646788989	-0.1430175861	-0.0486853247	0.0013835104	0.2622076222	-0.1796422518	0.0653757631	-0.0832331522	-0.1311457559	-0.0147707631	-0.0070199024	-0.2081671078	-0.0816293881	-0.0443512148	0.0408747505	-0.1530198108	0.0456410044	-0.2402681817	-0.0497343778	-0.0566710501	-0.0691260562	-0.0422545419	-0.0256783941	0.1945486533	0.0081463874	-0.1531011728	0.0575697078	-0.0200848843	0.0680692373	-0.0094785073	-0.0083328738	-0.0635199603	-0.0138093009	-0.0451067703	0.0228007826	0.0165851587	-0.0181072538	-0.1015670028	0.1608999884	0.0478655557	0.119182888	-0.0558780239	0.1266188352	0.1192723348	0.1073422654	0.0912870929	-0.0466417961273322	-0.0108725559824734	0.0021754571459836	0.000118212473592	-0.1302041791589232	-0.1335729649595407	0.0169531282704489	0.0178417369680826	-0.1957314120570146	-0.0617873362225368	0.0038176749174768	0.0383107856658328	-0.0004100953748678	0.0005691349577269	1.6817821648796144e-07	3.23914600106914e-07	-0.0003808973584267	0.0002717583369609	1.4508279765643797e-07	7.385259370775406e-08	-0.0004990781531868	0.0002047415980281	4.1919121963100114e-08	2.49079002988347e-07	0.0	0.0	0.0	0.0	0.0	0.0	0.0	0.0	0.0
977.2519967672072	2.046866607223365	4.189662907766087	955021.4651854936	1096.309812801741	5.585652471104822	31.199513527959407	1201895.2056453882	882.8810134026216	-0.0739420384099958	779478.8838268402	0.0054674250442252	889.7892677507903	792.6676911035846	1.279603	25.362936	0.0794094288630107	0.0569571564180756	-0.0500098184	-0.050559657	0.0214723178	0.0243009179	-0.0565145671	-0.0612112012	-0.0694397197	0.0774401537	0.1114774958	0.0006938229	0.0365062223	-0.1552433204	0.0357623768	-0.0340742103	-0.002579945	-0.1191710276	-0.0538723185	-0.0920489025	-0.1054847728	0.0117296136	0.1031722809	-0.0577462057	-0.1157932048	0.0223338596	-0.1769724251	0.0136251223	-0.0877596097	-0.0018079097	-0.0910062723	0.0559348057	0.0689829771	-0.1161358183	0.1469957071	0.0891136764	-0.0479184419	0.0800249089	-0.0284657935	0.0070362318	-0.1041517386	-0.0198269641	-0.1160097248	-0.0432221219	-0.0078182672	0.0988383762	-0.0539747387	-0.0233968553	0.1489517698	0.0818302788	0.0488620564	0.0144891909	0.0715499383	-0.1434658013	0.0676326125	0.0870705651	0.0533390452	0.0382621208	0.070003887	0.0334900052	-0.1274824895	-0.2095226004	-0.1332335341	0.0704990962	-0.0019106565	0.0339736606	0.0806397923	-0.027685982	0.0075285211	0.1563187357	0.1309196056	0.0164638549	-0.0897953055	0.0047466697	-0.0178108667	0.0029962324	0.0759644216	0.0369390848	-0.0780965769	0.0286990554	-0.0343752014	0.0835221192	-0.0517718178	0.1085394658	-0.0310083893	-0.0651513238	-0.0896736673	-0.0132610255	0.0155198764	-0.1398653419	0.0283690408	-0.0684531166	0.1022429526	-0.0705133714	0.0116025503	-0.0549153932	0.0569537266	0.0360067017	0.0009351849	0.0173695121	0.1159613769	-0.0246887402	0.0348456062	0.0532577186	-0.114483675	-0.0222837735	-0.1495769219	0.0558891379	0.1259161521	0.1165232592	0.1013839798	0.0812449131	-0.0518671455927659	-0.0052253494654337	0.0026902007919411	2.730427703590828e-05	-0.0763415686431301	0.0538626105157931	0.0058280351028937	0.002901180811576	-0.1940159741329807	0.0017154379240339	2.942727271213802e-06	0.0376421982187694	-0.000742085386813	-0.0003319900119452	5.506907213213999e-07	1.1021736803137405e-07	-0.0003408145473347	4.008281109199997e-05	1.161545556749565e-07	1.606631745036956e-09	-0.0004991259493046	-4.7796117800028536e-08	2.284468876754205e-15	2.4912671326921814e-07	0.0	0.0	0.0	0.0	0.0	0.0	0.0	0.0	0.0
977.6721677747732	0.4201710075660685	0.1765436755990852	955842.8676414244	1098.8488123509792	2.538999549238269	6.446518711032136	1207468.7124051575	882.9268960974886	0.0458826948669184	779559.9038523454	0.0021052216882507	890.5993386318809	799.393749240007	0.93825	18.597002	0.0506385794306516	0.0280372419300211	-0.0792057466	-0.0362480142	-0.0133746426	0.0893330059	-0.0264754704	-0.0978561767	0.1113951429	-0.0300665259	0.011390276	0.0595126603	-0.0008975825	-0.1040912683	0.1294834797	-0.05829131	-0.0860810086	-0.0684605963	-0.0226559081	0.0175447184	-0.0806969183	-0.0236713923	0.1506182205	0.0858778982	-0.1669565769	0.0189159377	-0.0320910171	0.0804066674	-0.0418738245	0.0475987281	0.12652258	-0.0859067014	-0.0576277658	-0.1326773184	0.1564300441	-0.0239556647	-0.1251051299	0.0802426071	0.0010856244	0.1036907373	0.1618403078	-0.0634005317	-0.0175822236	-0.2742850661	-0.0398083499	-0.0819856627	0.1053393604	-0.0726249025	-0.0351667359	-0.0781706329	0.0695902337	0.0867027082	0.073219078	-0.0135328721	-0.0475527594	0.0390187026	0.0525213551	0.118421141	0.0271546201	0.1015992851	-0.0779726527	-0.1149945289	0.1922485308	0.1576846179	-0.0514287147	-0.0112703475	0.0692163686	0.0773269362	0.0449325893	0.1138444203	0.0033792662	0.0450902065	-0.1349333216	0.0175699862	0.1015479009	-0.1040776899	-0.2036131935	-0.0382691483	0.0355062446	-0.2057110642	0.1486250815	-0.0074538964	0.0689808645	0.1340650958	-0.0410571045	-0.0828110248	-0.0889508964	0.0297463132	-0.011128071	-0.0280260895	0.0054074979	-0.0525220986	0.1320397044	-0.0325835233	-0.0544818481	-0.0340032466	0.0568941867	-0.0723985057	-0.0236920571	0.0216166532	0.0153290204	0.1063807308	-0.0105222051	-0.1182434347	-0.033128238	0.1119976566	-0.0349239487	-0.1188914613	0.1251271724	0.1134548014	0.0948006283	0.0703125971	-0.0492572929258727	0.0026098526668932	0.0024262809063852	6.811330942889565e-06	-0.0939068941449932	-0.0175653255018631	0.0088185047679589	0.0003085406599864	-0.195227356349136	-0.0012113822161552	1.4674468736173231e-06	0.0381137206670725	-0.0003941442472018	0.0003479411396112	1.5534968760227365e-07	1.2106303663394058e-07	-0.0005779020343872	-0.0002370874870525	3.339707613488645e-07	5.6210476516869376e-08	-0.0004991141950535	1.1754251100009812e-08	1.3816241892208191e-16	2.491149797039032e-07	0.0	0.0	0.0	0.0	0.0	0.0	0.0	0.0	0.0
975.5138466819366	-2.1583210928366725	4.6583499397836885	951627.2650681888	1096.4052148463925	-2.4435975045867053	5.971168764422373	1202104.395142364	883.0356698327533	0.1087737352647764	779751.9941969793	0.0118317254834516	891.2935407738937	796.0451366275273	0.8978469999999998	17.796167	0.1260547717014694	0.0648879707813488	-0.0214083083	-0.0732514343	-0.0912964503	0.0294048312	-0.0060053428	-0.0075561301	0.0840594465	-0.1336489413	0.0871132396	-0.0759356735	-0.0186024381	-0.0150871012	-0.0093121576	0.0272786191	-0.1586098841	0.0691536143	0.0057791251	-0.02307856	-0.042685448	0.0649172966	0.1775137789	-0.0089628042	-0.0066545129	0.024907394	-0.0530088837	-0.0410126393	0.0095491963	0.0278924936	-0.0854817956	-0.0407357182	0.0420638029	0.1116639393	0.0644509332	-0.0536239113	-0.060268473	0.0473208003	0.0036204691	-0.0668714705	0.0771766682	-0.2136476253	0.1705116629	-0.0531187052	0.059756081	-0.0672446602	-0.0340294284	-0.0406297064	-0.1611089987	-0.1107269797	-0.0058063372	0.1554410961	-0.0661892212	0.0125299109	0.0259445449	0.0291018118	-0.0346085056	0.1656167361	0.0327903874	0.0303816068	-0.0335385607	-0.0401875991	-0.0256613413	-0.0437027815	-0.0686929275	-0.0290758935	-0.0768613819	-0.0391533467	0.0176193437	-0.0631169716	0.131067254	0.0678752818	-0.1381219636	-0.0366196033	0.1259822163	-0.1149446705	-0.0570099986	-0.0067670122	0.2199479965	0.0730366279	-0.0174045535	-0.0687978182	0.0359337562	0.0833660811	-0.0104709845	-0.0525420382	-0.0614670394	0.0031131488	0.0269169636	0.012373499	-0.0467077001	-0.0939302691	0.0688161875	-0.0819162611	-0.0255606559	0.0159167863	-0.0073360352	-0.0314767672	-0.0519168537	0.0060028131	0.0093819713	-0.0488398404	0.0249739729	0.0486536165	-0.1015981127	0.1543552699	0.1123023437	-0.0233102771	0.1242524367	0.1100753719	0.0876327994	0.0586099215	-0.03256665998056	0.0166906329453127	0.0010605873422894	0.0002785772281151	-0.0427249987333056	0.0511818954116876	0.0018254255167609	0.0026195864179329	-0.1688667036587219	0.0263606526904141	0.0006948840102646	0.0285159636045625	-0.0007400773518436	-0.0003459331046418	5.477144867118358e-07	1.1966971288711457e-07	-0.00041736326595	0.0001605387684372	1.7419209576445047e-07	2.5772696171332942e-08	-0.0003691542550514	0.0001299599400021	1.688958600534943e-08	1.3627486402255408e-07	0.0	0.0	0.0	0.0	0.0	0.0	0.0	0.0	0.0
973.0332710641196	-2.480575617816953	6.153255395707959	946793.7465977404	1090.2058501800934	-6.199364666299061	38.43212226575727	1188548.7957669003	881.1042656540778	-1.931404178675507	776344.7269538117	3.7303221014052097	889.8853972384804	791.5018825589935	1.082337	21.452936	0.1468781456136388	0.0745394476517911	-0.009036963	-0.0937170298	0.0327285075	-0.0403117184	-0.0160199643	0.0641182962	-0.0195482938	0.0359159943	-0.0061556518	-0.1502446938	-0.0445503372	-0.1606807794	-0.0442229696	0.0523976432	-0.0273447438	0.0583223866	-0.0869268337	0.0775943037	-0.1402723412	0.0111194355	-0.0409758164	0.055968115	0.050454354	0.0471191231	-0.0643224351	0.0414213399	-0.0757137011	-0.0968177449	0.0141170991	-0.022930007	0.1337280491	-0.1678313331	-0.0352088186	0.0383688394	-0.1266516262	0.0255328603	-0.1249719849	-0.1121067448	0.1295198604	0.0304716901	0.1142923568	0.1283926812	-0.1366850107	0.0562191417	-0.0936107929	-0.0101320687	-0.0802658818	-0.1297439339	-0.0714982968	0.0357602842	-0.0328315706	-0.0164767867	-0.1277710648	0.1669741969	0.0071686788	-0.0467468072	-0.015767084	0.0456642363	0.0885767058	-0.0601825494	0.0132929485	0.0425914552	-0.001651043	0.114837421	0.0139664213	0.0416623382	-0.1195402919	0.0257266919	-0.0517941872	0.1079006467	-0.2055586021	0.084637205	-0.1169059362	0.0175261903	0.0726142445	0.0812629437	0.0311407543	0.1081559827	0.0219783921	0.0233241483	-0.1840514419	-0.1089092582	-0.005678902	-0.072491045	-0.0569492625	-0.1244989783	-0.0211901867	-0.0118833596	0.0126479465	-0.0391264501	-0.1212430963	0.098396576	-0.0424861091	-0.1229988215	-0.1272663335	-0.1621021197	-0.1820058666	0.1205907096	0.0833616553	0.0772079174	0.0495700251	0.1645836841	0.0274525216	-0.0416985639	-0.0929811717	-0.1039068004	0.1232925447	0.1063942335	0.0799246852	0.0462651033	-0.0164924884633279	0.0160741715172321	0.000272002175713	0.0002583789899653	-0.1012565891834356	-0.05853159045013	0.010252896853063	0.0034259470806217	-0.1746973136208396	-0.0058306099621177	3.399601253034623e-05	0.0305191513863379	-6.600832212360816e-05	0.0006740690297199	4.357098589574019e-09	4.543690568276513e-07	-0.000725999367261	-0.000308636101311	5.270750812633723e-07	9.525624303245385e-08	-2.3023912399210817e-05	0.0003461303426521	1.198062141045219e-07	5.301005421665336e-10	0.0	0.0	0.0	0.0	0.0	0.0	0.0	0.0	0.0
973.5833211788458	0.5500501147262185	0.3025551287103261	947864.4832776316	1085.1658893271442	-5.039960852949207	25.401205399260498	1177585.0073591718	881.1023087055298	-0.0019569485480133	776341.2784062148	3.829647619571424e-06	889.0198767009534	788.2803202745966	1.231755	24.414558	0.5556191637138274	0.3153462380442188	0.0702055992	0.0600480302	0.0776249925	-0.0559007938	0.0008147372	0.0955662653	-0.1101407482	0.0082999556	0.0017953746	-0.0150433923	-0.0530823759	0.140233147	-0.0738768192	0.0563457237	0.1632330332	0.0962978614	-0.029704521	0.0882956736	-0.0843217081	-0.037755265	-0.2362690168	0.1243478378	0.082450037	-0.0953423175	0.0044092896	0.0965574618	0.0242975632	0.1148614339	-0.1869014926	0.0886820771	-0.0109096458	0.1231847982	-0.0028225864	-0.0420499112	0.043010251	0.036103156	0.0715071882	0.1210277381	0.0099681841	0.109459909	0.018790694	0.1414660415	0.0259826712	-0.0506863524	-0.0562132308	0.1184036951	-0.0672573097	0.0094475688	-0.0754419348	-0.1404115391	-0.0836663271	0.0249570047	-0.0924140324	0.0204493464	0.0691832085	-0.1569926329	-0.1429628951	0.1298945247	-0.0597780232	0.1377819838	-0.1298921192	-0.0924898576	-0.1121203853	-0.0080014695	0.030417021	-0.1239205038	0.0495598612	-0.0677935474	-0.00477998	-0.0519327312	0.1817776158	0.0084456329	-0.133754345	-0.1554464358	0.0264633975	0.0552563302	-0.0875709539	0.0550850952	0.0413627869	-0.0166860933	-0.0106981002	-0.0483323463	0.0176661217	0.1151680878	0.0802316804	0.0163645357	0.0902755575	-0.0660580069	0.0191258725	0.1043819174	-0.1007662697	0.2186001744	0.0931449234	-0.0306903523	-0.0161275184	-0.0399814234	0.0804866947	-0.0861145905	-0.071547019	-0.3499393293	-0.0906247642	-0.0305880777	-0.1412173937	0.1856749495	-0.0890321683	-0.0324506243	0.1222481541	0.1024214758	0.0717238087	0.033413395	-0.0342929731920946	-0.0178004847287667	0.0011760080103537	0.000316857256579	0.1126611227251999	0.2139177119086355	0.0126925285737025	0.0457607874682259	0.0323862387112114	0.207083552332051	0.0428835976464613	0.0010488684578595	-0.0014789956267838	-0.0014129873046601	2.1874280640456057e-06	1.996533123130874e-06	-2.214569526182153e-05	0.0007038536719991	4.904318186294646e-10	4.954099915867271e-07	0.0001964834058289	0.0002195073182281	4.8183462755697124e-08	3.8605728766124216e-08	0.0	1.0	0.0	0.0	0.0	0.0	0.0	0.0	0.0
974.9257189706248	1.3423977917789216	1.8020318313729249	950480.1575103896	1086.7962677530395	1.6303784258952874	2.6581338116247952	1181126.1276019362	881.6314236079642	0.529114902434344	777273.9670930055	0.2799625799781053	888.9090249914872	780.1824962152389	1.167024	23.131525	0.4694793978613583	0.26686796460088	0.0268124164	0.0662893366	0.1154394553	0.0602346286	0.0338302142	0.0372728623	0.0151446033	0.1554596816	-0.1409662371	-0.0115636598	-0.0246550922	0.0808224044	-0.1683527234	0.0449889922	0.1487040219	-0.1145538198	-0.0340277199	0.0534510254	0.0128156537	0.0971578083	-0.0762233419	-0.0825109031	-0.0727017341	-0.0256230447	0.1524783659	0.0835759827	0.0629469107	0.0508474165	-0.1522317489	-0.0249491118	-0.0694173951	0.0219915307	0.090964206	-0.0430741419	0.0345837174	0.2280053114	-0.0166652224	-0.080217773	0.1026250994	0.0497769835	0.06417971	-0.0499920206	0.2020282381	-0.0975844871	0.1104494481	0.0995098233	0.1360657067	-0.063505263	-0.0566239853	-0.1381579226	0.1294351276	0.0033293495	-0.0260309156	0.0236880948	-0.0594593265	-0.0532849434	-0.0967245398	-0.1387951198	-0.1153328159	0.1299614937	-0.0223362821	-0.0981523201	-0.0612162665	-0.009193758	0.0874955467	-0.0685358938	0.0023948262	0.0521497956	0.0284785198	-0.1365790777	0.0172198142	0.0807369091	0.0547628668	-0.077705281	0.0764798757	0.1661751735	0.0949147279	-0.18087426	0.1141535806	0.1139177804	0.0191147066	0.0868937951	0.0257460015	-0.0293564883	0.0044333983	0.0037706171	-0.1011683999	0.040823204	0.1041955868	0.0415751634	-0.0168376102	0.0989180938	-0.0172605683	-0.0232713401	-0.0334710718	0.0970990951	-0.0586728144	-0.122724692	0.1007903305	-0.0503225829	-0.0927222471	0.0507262285	0.1095926167	-0.0187955404	0.1243259656	0.0053425851	0.1211199807	0.098167988	0.063080731	0.0201956026	-0.0498779935299893	-0.0155850203378946	0.0024878142385776	0.0002428928589325	-0.1097895233381223	-0.2224506460633222	0.0120537394348121	0.0494842899339894	-0.0779812586781361	-0.1103674973893475	0.0121809844799876	0.0060810767050263	-0.000170917185983	0.0013080784408008	2.921268446434741e-08	1.711069207287852e-06	-0.00109101679997	-0.0010688711047081	1.1903176578167789e-06	1.1424854384800815e-06	0.000151908269922	-4.4575135906900005e-05	1.9869427411186062e-09	2.3076122470695213e-08	0.0	0.0	0.0	0.0	0.0	0.0	0.0	0.0	0.0
975.890700993573	0.9649820229482202	0.9311903046132394	952362.6602857272	1089.370599655878	2.574331902838594	6.627184745972577	1186728.3033946075	881.9712596636638	0.3398360556996067	777873.3028727098	0.1154885447534662	890.4782076584665	794.4813066889157	0.99399	19.701817	0.2111218523679235	0.1336581278963679	0.0184148683	0.1020237725	0.088327104	0.0637080246	-0.0592879818	0.019674682	-0.0699935209	0.1107511843	-0.0225117525	0.0142514242	-0.1281401288	0.0279642849	0.076339941	0.0303993216	0.0556594061	-0.0456455475	-0.0916931574	0.0647991604	0.1881494522	0.050518178	-0.0638218163	0.0541512787	0.0194515294	0.0025645339	-0.0311639267	-0.1658360433	-0.0472881593	0.1055452903	0.0281885003	0.1245671079	-0.1515117997	0.099823955	0.0168307823	0.0471115322	0.1700429357	0.026457836	-0.054410589	-0.070607391	-0.1334214993	0.0032538799	0.0763021209	-0.0591142505	-0.0802084203	-0.0330389063	0.0683958792	0.0825374215	-0.1424616219	-0.1126691557	-0.0474013394	-0.0695674985	0.0493451001	-0.0516167819	-0.1239889917	-0.1606992095	-0.1087447571	-0.0117392204	-0.0574356884	0.0042580201	0.0504391123	0.004312224	-0.0413308384	0.0265364584	0.0495734926	-0.0840470074	-0.0411944318	-0.0475599733	0.1513529076	-0.1274975158	0.1079942325	-0.1157708934	-0.0216152598	0.0172090733	0.1787139184	0.1443969546	0.0566566061	-0.0613660391	-0.1121272757	0.0067551069	-0.062140106	0.0389301779	-0.0353065131	-0.0822220839	0.0409419407	0.0139872732	0.0253968808	-0.0154807057	-0.0205724129	-0.0707416953	0.0289512584	0.1550514392	0.0469856859	0.0586564661	-0.0095845441	0.0244605263	-0.0121468378	-0.0456525955	-0.0212260286	-0.0907245521	-0.0360018516	-0.1069094686	-0.1374360161	0.0899258056	-0.1756788767	-0.0261471248	0.0193891457	0.1199400808	0.1199087977	0.0936454286	0.0540487397	0.0067565429	-0.0288874112826533	0.020990582247336	0.0008344825306131	0.0004406045430821	0.0111014453157878	0.1208909686539101	0.0001232420880994	0.0146146263020806	-0.0490976179929987	0.0288836406851374	0.0008342646992281	0.0024105760925864	-0.0009298909437584	-0.0007589737577754	8.646971672838879e-07	5.760411649917117e-07	-0.0010910921469247	-7.534695469998445e-08	1.190482073080751e-06	5.6771635825615066e-15	0.0001999923808227	4.80841109007e-05	2.312081721110816e-09	3.999695238713186e-08	0.0	0.0	0.0	0.0	0.0	0.0	0.0	0.0	0.0
972.9938793532892	-2.896821640283747	8.391575615616219	946717.0892589632	1088.8533078808805	-0.5172917749976023	0.26759078048017	1185601.5260831355	882.0833741650504	0.1121145013865998	778071.0789784002	0.0125696614211658	890.0348043542159	788.5040246215098	1.183156	23.451269	0.3844685106655878	0.2156123659872188	0.0343612207	0.0679514709	-0.1112668272	0.0240244426	-0.0686423242	0.0827763392	0.0296334246	-0.09749504	0.002179708	0.1064502711	-0.0327372786	0.1197515593	-0.0556837805	0.046709969	-0.0213768513	0.0864343584	-0.0151003985	0.0828127076	0.2146805184	-0.0519428793	0.0501672238	0.0134117376	0.0900707435	0.1276028666	0.1795518662	0.0974020649	-0.055092824	0.021980027	-0.0809910224	-0.1015267352	-0.0057193918	0.0018754685	0.0655095549	0.2016370793	-0.0157176758	0.1018977882	-0.0161207353	-0.0335826525	-0.1333320397	0.0662672928	-0.1684158792	0.0630027193	-0.1935161425	0.1970705934	-0.0726749582	-0.0075318428	-0.0902994582	0.0584860093	-0.0512003767	0.0160205312	-0.0832601608	0.0467457808	-0.042538393	-0.1997102221	0.0405625505	0.022122491	0.0307707328	-0.1054313934	0.1499025146	0.0319510066	0.0241390344	-0.0943291547	-0.0980251782	-0.0782141344	0.2991070656	0.0324985384	-0.0069341703	0.1135259559	0.0932263645	0.0458216257	0.0054471436	-0.0888211103	0.0277172911	0.0326889244	0.0919208168	-0.1124491691	-0.1267091337	0.0627354204	0.0012892121	-0.0551705582	-0.0667666037	-0.1606280648	0.0451383798	0.0840043625	0.1452912543	0.0185431387	-0.013232686	0.1575855672	-0.1305365809	0.1218469215	-0.0532651897	-0.0112678932	-0.0065082499	-0.0051231995	0.139272084	-0.0740061987	0.1185431954	-0.0967664981	-0.0464869807	0.1920940962	0.0880240266	-0.0079112773	0.0606909407	-0.0158009828	0.1316096674	-0.0960062391	0.1186154352	0.0888661936	0.0446835199	-0.0067565429	-0.0239450753777816	0.0049423359048716	0.0005733666348476	2.442668419658394e-05	0.078106007467241	0.0670045621514532	0.0061005484024727	0.0044896113491079	0.1510552433582717	0.2001528613512704	0.0400611679071008	0.0228176865460266	0.0004860033814588	0.0014158943252172	2.3619928678938787e-07	2.00475674018227e-06	-0.0004424960464344	0.0006485961004902	1.958027511100747e-07	4.2067690157122326e-07	1.7107781370349104e-05	-0.0001828845994523	3.3446776716846825e-08	2.9267618341566383e-10	0.0	0.0	0.0	0.0	0.0	0.0	0.0	0.0	0.0
974.2486396995452	1.254760346255921	1.5744235265362785	949160.411956414	1094.9173870664654	6.064079185584888	36.77305636904387	1198844.084500456	882.9756729350197	0.8922987699693294	779646.0389950509	0.7961970948887783	890.0804672642759	784.8525599166368	1.144618	22.687416	0.2976970840961959	0.1437296122416473	0.099649436	0.109315747	-0.1862394402	-0.1471654357	-0.1011903787	0.0349319183	-0.1304113988	-0.1441623548	0.1087373929	0.0785264177	0.1509938583	0.1467872249	-0.0700141449	-0.0121306554	-0.0064508772	0.1682026507	0.0639061523	-0.1320018907	0.1351306993	-0.2268284819	-0.1742178361	-0.1294861011	0.0501981348	0.085380635	0.0144115626	-0.0303913792	-0.1094543997	-0.0447164306	-0.0561483953	-0.0181130155	-0.0918804862	-0.0545443519	-0.028777722	-0.0959891021	0.0063632358	0.1530399504	0.1014936212	-0.0443273009	0.2039930468	-0.1115418429	-0.1903471952	0.1912944104	-0.0803972623	-0.0583428778	-0.0758223626	-0.1746756249	0.1253217902	-0.0393189226	0.0078422455	-0.0094253458	-0.2030345588	-0.0044396407	0.1599175023	-0.1539010897	0.1201866511	-0.2295989158	0.0641106351	-0.0938736561	0.0768863438	-0.0358191725	0.0044643444	-0.0436704157	0.0723300379	-0.0517762174	0.1547970762	-0.2087875767	0.031737576	0.0470466912	-0.2066476373	0.0341704009	-0.0431173157	0.0546440624	0.0207214223	-0.0260763006	-0.0508350022	-0.0984792942	0.1272964338	0.089064543	-0.147587693	-0.0487280524	-0.2711571871	0.0894008562	0.0307593979	0.1826722576	0.267487798	-0.0697484411	0.1369686635	0.1156180868	-0.1231698617	0.0685495309	-0.1365102341	-0.0208458171	0.2210977998	-0.0352614369	0.262819983	-0.0869980612	0.155770876	0.1258803205	-0.075152559	0.0157340536	0.0920754684	0.08237221	0.1469510328	-0.0231213171	0.1162759765	-0.0160021617	0.1172407796	0.0838433825	0.0350428114	-0.0201956026	0.0251639554582538	0.0491090308360354	0.0006332246543049	0.0024116969096546	0.157207841536902	0.079101834069661	0.0247143054406916	0.0062571001531841	0.2421614738889701	0.0911062305306984	0.0083003452415127	0.0586421794360783	1.2010191474287204e-05	-0.0004739931899845	1.4424469924904104e-10	2.2466954415169447e-07	0.0005999991045615	0.0010424951509959	3.599989254746019e-07	1.0867961398499643e-06	-3.400365084526037e-05	-5.111143221560947e-05	2.6123785031308414e-09	1.1562482708063762e-09	0.0	0.0	0.0	0.0	0.0	0.0	0.0	0.0	0.0
975.0289857822452	0.7803460827000208	0.6089400087852678	950681.5231155535	1096.337888247007	1.420501180541578	2.0178236039200166	1201956.7652059067	881.4291508815497	-1.546522053469971	776917.3480237698	2.391730461868976	889.3044180217543	794.4948562814573	1.196134	23.708504	0.3200012886062445	0.1992852374217477	0.0626156701	0.087468188	-0.0396614787	-0.0820379015	0.1077650634	0.0191779845	-0.046380711	0.0534910422	-0.0251949592	-0.0239532919	0.1269432158	0.0919801219	0.0951327188	0.0521405178	0.1257384216	-0.0249746109	0.0625549589	-0.0568467527	-0.0351626958	-0.0741352679	-0.1258960664	-0.2312614969	0.1287854849	-0.1215337785	0.0372688801	-0.0699403996	0.0011370056	-0.1279275302	0.0615866118	-0.0196673511	0.0208549466	0.0076724218	-0.0414932093	0.0865123192	0.1136511178	-0.0396493797	0.1398549548	-0.0551149279	-0.1230714893	-0.1111860135	0.0526611065	-0.1574907714	0.0283739262	0.0557514407	0.0505137965	0.0639777438	0.0640856067	0.0976299383	-0.0681076337	-0.1251143114	0.013174443	0.0188843543	0.0798182438	0.040327423	0.0274103898	-0.1997706346	0.1936349605	-0.0387116874	0.0231126827	0.1517259955	-0.0029127305	0.0588219928	0.1307895344	-0.0202948332	-0.0158269853	0.0319385426	-0.0799898369	-0.013260024	0.0354436206	-0.0359588927	0.1095472829	0.0007495776	0.0661665732	0.0799613617	0.1342823104	-0.1609443897	0.1324666197	-0.0331674068	-0.0081124959	0.019133331	0.1691426304	0.1146030214	0.0769333484	0.0629011159	0.160520096	0.0368911975	0.0306544608	0.0398246027	0.0238432712	0.041046128	-0.2426230092	0.0896634809	-0.0142356388	0.0155228005	0.1744809567	0.0958137707	-0.1255002454	0.0327000342	0.0096834318	0.1127438662	0.0835016127	0.0926355418	0.0526074607	-0.1159567828	-0.0435387803	-0.029119305	0.1157857731	0.0785907625	0.0251860523	-0.033413395	0.0150766616360868	-0.010087293822167	0.000227305726089	0.0001017534966547	-0.0015979008594086	-0.1588057423963106	2.5532871564987425e-06	0.0252192638180433	0.1422636219379001	-0.09989785195107	0.0099795808244379	0.0202389381268897	0.0010320100322052	0.0010199998407309	1.065044706572178e-06	1.0403996750910874e-06	0.0005999848747872	-1.422977430006779e-08	3.59981849973412e-07	2.0248647663086982e-16	-2.9809712616536746e-05	4.193938228723624e-06	1.7589117866349445e-11	8.8861896628051e-10	0.0	0.0	0.0	0.0	0.0	0.0	0.0	0.0	0.0
974.74828887692	-0.2806969053251578	0.0787907526591206	950134.2266684836	1087.2403238800182	-9.097564366988763	82.76567741150366	1182091.521870727	881.3286389131833	-0.1005119683663906	776740.1697685643	0.0101026557848863	890.0089208703292	796.4003509753273	0.992592	19.67412	0.2248753777816269	0.1313029101224875	0.0838880238	0.1697948549	0.0660401272	-0.0561019947	0.0104444888	0.0657683694	-0.0690642498	0.0613845886	-0.0115048538	0.0032832255	-0.0561295038	0.1905168796	0.0194302422	0.050682982	0.1550681686	0.025390767	-0.0548944439	0.0320129355	0.0544192088	-0.0938131245	-0.1728556149	0.0664610608	0.116146384	0.0008530845	0.0229725111	-0.0088268021	0.0685220202	-0.0234275014	-0.1228221725	-0.1670736446	-0.0469184872	0.0367184615	0.0832942613	-0.1569569707	0.0202465366	-0.0384716345	0.0702246577	0.0455637131	0.0409961138	-0.0958260924	0.0484059937	-0.077992515	0.1081492082	0.0530200559	0.0868903816	-0.0697815344	-0.089373785	-0.0306249298	-0.0741131392	-0.1512400213	-0.0096948021	-0.0071096869	-0.0864984893	-0.0867906818	0.0267538694	-0.1556315491	-0.0645338276	0.0272578946	0.087578703	0.1314146935	0.0652185463	-0.0654397046	0.0312266344	-0.1457665332	-0.0234562268	-0.127108181	-0.148885733	-0.0038298492	0.0221070634	-0.0348783189	0.038336098	-0.0168259239	-0.0083048383	-0.0570793524	-0.1489510676	0.0060324541	0.054183565	0.0580631521	0.0884360378	-0.0352284733	0.1520765292	0.0922067035	0.0725105312	0.1062153377	0.1755925876	0.0072523203	0.0912601728	-0.0258264856	0.0556550813	0.1556163151	-0.1184878845	0.1846845011	0.071385336	-0.0555386374	0.1155300007	-0.0901559562	-0.0235306242	0.0158219148	-0.0594755635	-0.0997322364	-0.0486236989	-0.1214984888	0.0632662113	0.0710593014	-0.1047651701	-0.0470744574	0.1142514127	0.0731227308	0.0151740128	-0.0462651033	0.0315838464010482	0.0165071847649614	0.000997539353485	0.0002724871488645	0.1172934982252087	0.1188913990846173	0.013757764725907	0.0141351647762977	0.10149822435082	-0.0407653975870801	0.0016618176404327	0.0103018895463693	0.0002750741245641	-0.000756935907641	7.566577400470602e-08	5.729519682764557e-07	0.0005999654531076	-1.9421679599957407e-08	3.599585449226078e-07	3.7720163848340174e-16	-0.0002470823101952	-0.0002172725975786	4.720738165857976e-08	6.104966801139706e-08	0.0	0.0	0.0	0.0	0.0	0.0	0.0	0.0	0.0
973.7005661446948	-1.0477227322252247	1.09772292362149	948092.7925104992	1088.024097128864	0.7837732488458187	0.6143005056063296	1183796.4359330798	882.1021173865133	0.7734784733299875	778104.1454977702	0.5982689487048882	889.9815589503238	786.7200332861605	1.206486	23.913702	0.2458661552584209	0.1278497948844534	0.0562660366	0.102112042	-0.0266374501	0.1292539612	0.0511280175	0.0873441422	0.0144827936	0.1035113779	-0.0675905355	0.1327082496	0.0148250658	0.1028578586	-0.0215791872	0.0889856515	0.0253169081	-0.0795712033	0.1065668163	0.1064438321	0.2396070087	-0.0649328756	0.1188561873	0.0107946156	0.1872794967	0.0832404112	-0.1683449451	0.0338240869	-0.029394514	0.0430009627	0.0191973472	0.2330070471	-0.1148095291	0.0458285813	-0.0984512097	0.0864411231	-0.0838560211	0.1679334715	-0.0377620686	0.1182324717	-0.0059588834	0.0673113542	0.0207799206	-0.0574163646	0.130091028	-0.0758509725	0.1592789486	0.0388535281	-0.0467193099	-0.0840484586	-0.0941755217	-0.0329301416	0.0774315517	0.1063407784	-0.0101889689	-0.2289144266	0.021700794	0.0313910603	0.0996381075	0.0412055194	0.137374745	-0.1683496382	-0.1500172491	-0.1973117356	0.039163132	0.0541874475	0.0118425914	-0.0520697617	0.2503133927	-0.0133188175	0.0307323218	0.0934051148	0.020842424	-0.0162735538	0.1445271928	0.0144636503	0.0182326656	0.1430530387	-0.0776704472	-0.0479821228	0.0889902645	0.152715663	0.0712989335	0.0710293168	0.0935974294	0.0095138282	0.1141691203	0.1552921855	-0.0053707383	0.0866597995	0.0081302784	0.1031401865	0.0184192077	-0.0570326642	-0.0865666834	-0.0078468803	0.0931384768	0.1588074321	-0.0362199529	-0.2420882301	-0.0480376683	0.0827119899	-0.0180517485	-0.1758185595	-0.0561677725	-0.0713677369	0.0188955297	-0.0049677377	0.1126387502	0.0674542747	0.0050684204	-0.0586099215	0.0032698702511311	-0.0283139761499171	1.0692051459232165e-05	0.000801681245418	0.01434211263782	-0.1029513855873887	0.0002056961949159	0.0105989877943631	0.0639836045076265	-0.0375146198431935	0.0014073467019793	0.0040939016457883	0.0013020002289004	0.0010269261043362	1.695204596056694e-06	1.054577223767329e-06	0.0003580167806023	-0.0002419486725053	1.281760151928354e-07	5.853916012707692e-08	2.576638652163272e-05	0.0002728486967168	7.444641130007418e-08	6.639066743821762e-10	0.0	0.0	0.0	0.0	0.0	0.0	0.0	0.0	0.0
974.5612142370557	0.8606480923608615	0.74071513888439	949769.5602952044	1094.7212931315105	6.697196002646479	44.85243429786397	1198414.7096355264	881.6858554022864	-0.416261984226935	777369.9476164614	0.1732740395125451	888.8774674064234	785.7579028741461	1.089337	21.591692	0.0881718537034629	0.03813996264206	0.0744426219	0.1320872234	-0.0838231359	0.0545262562	-0.1180444305	0.0276963122	-0.0053936281	0.0789803162	0.0923492576	0.1863097367	0.0964771747	0.0301834996	-0.0391963934	0.0497279067	0.0223326172	-0.0105591749	-0.0492374635	-0.1144285773	0.1319437433	-0.0909755591	-0.0324585973	-0.0422577945	0.0103253427	0.2384251646	0.0316437825	-0.0422462326	-0.0795544501	-0.0052200632	0.2850283714	0.0236736359	0.0017614556	0.2090390419	0.0497080122	0.0136614139	0.0385789361	-0.0787756831	-0.1046314816	0.0434984976	-0.0351500822	0.0805294142	0.0647723414	0.1418447518	0.0487342136	0.0017096344	-0.1320739763	-0.1091866217	0.0147895861	-0.0165774464	-0.032509497	-0.0286125367	0.0099706332	-0.099105469	0.0892920563	-0.1152828756	0.0372113227	-0.0575319486	-0.0230944734	-0.1809042638	0.1093339991	-0.0876083562	0.1176124796	-0.0030663028	0.0206946437	0.0414362378	0.0549185819	0.1382812868	0.1072641705	-0.2640797634	-0.0149685699	-0.0407564288	-0.0341047191	-0.0778327887	-0.0657446239	0.0910113294	-0.1034045242	0.0404262557	-0.0975128063	-0.0039651387	-0.1130937861	-0.2589977383	0.1350808731	0.0027862587	0.1065116822	0.0005574896	0.1193094203	-0.063029518	-0.0323471603	0.0730740322	-0.0005167671	0.0703310854	0.0171577118	-0.1085180238	-0.1211895794	-0.0087244299	0.0464256639	-0.0282253422	0.0478405354	0.0613790029	0.1711576641	0.1351471513	0.0170470996	0.0491188613	-0.0322609734	-0.1474030611	0.0698611091	-0.0042633781	0.1109488906	0.0616009311	-0.0050684204	-0.0703125971	-0.0041587332953838	-0.0074286035465149	1.7295062622133803e-05	5.518415065129375e-05	0.0066023286990173	-0.0077397839388027	4.359074424986747e-05	5.990425541934824e-05	0.0370833530271141	-0.0269002514805123	0.0007236235297148	0.0013751750717335	0.0010860069989282	-0.0002159932299721	1.1794112017210353e-06	4.665307539382366e-08	-2.180906049509268e-05	-0.0003798258410973	4.756351196786122e-10	1.442676695653418e-07	0.0003520116102047	0.000326245223683	1.0643594597601458e-07	1.2391217371890566e-07	0.0	0.0	0.0	0.0	0.0	0.0	0.0	0.0	0.0
975.945097551114	1.3838833140583802	1.9151330269292053	952468.8334340536	1094.8444480730857	0.1231549415751942	0.0151671396343895	1198684.3654764595	881.7098985806234	0.024043178337024	777412.3452550533	0.0005780744245459	889.1643525173789	793.9708809249802	0.98095	19.44335	0.262392563674304	0.1305076846206476	0.0839577034	0.1121399757	-0.1270028518	-0.0049903585	-0.0456618285	0.0056113275	0.0181090105	-0.0177512714	0.1765035674	0.0718117304	0.1488574425	0.0636036918	0.0814819483	0.0606782807	0.0043509517	0.0105728295	-0.0784709814	-0.176627816	-0.0395568583	-0.1026926662	-0.0443576267	0.0024446579	-0.0568141553	0.0074326121	0.0897609964	-0.0146667724	0.003958557	-0.0271016048	0.1326557875	-0.114928203	0.1462216415	-0.1218541517	-0.1847832745	0.050844857	-0.0618369859	0.0774423294	0.0424617072	0.2748663787	-0.1497859844	0.1901762586	0.0454152398	-0.1165881254	-0.1135594157	0.0462744946	-0.0065024265	-0.0071329334	-0.0896029597	0.0364320211	-0.0348319428	0.012251778	-0.0381112885	-0.1505696354	0.1172195368	0.0230833981	0.0980272454	-0.0480079491	0.0056965791	-0.0568075056	0.0580022104	0.0425546005	0.1162217735	0.1557036984	-0.0910763542	0.0175301071	0.0421177131	0.122080576	-0.1681327025	0.0419677736	-0.1838609975	0.1372253242	0.0717579264	0.0363007484	0.0869050292	-0.040681332	0.0921884253	-0.035742573	-0.3237322052	0.0501447647	0.1247932947	-0.0268933951	0.0527217204	-0.0690788428	0.108724953	-0.0085836215	0.1010265438	-0.078740656	0.0514518833	-0.0210505255	0.0241032899	-0.0360618389	0.0248865031	-0.1238747872	0.0284753861	0.0048894666	-0.0197928313	-0.0285775535	0.068019253	0.1438680051	0.0822767553	-0.0578151579	-0.0336615587	0.1551828015	-0.070401621	0.1124889735	0.082788658	0.0538418993	0.1091829923	0.0555787436	-0.0151740128	-0.0812449131	0.0233787895082571	0.0275375228036409	0.0005465677988713	0.000758315162161	0.0247100629297136	0.0181077342306963	0.0006105872099904	0.0003278900389695	-0.0311866646201224	-0.0682700176472365	0.0046607953095539	0.0009726080501279	-0.0011239692845238	-0.002209976283452	1.2633069525529427e-06	4.883995173420314e-06	-0.0005410630602573	-0.0005192539997622	2.927492351749947e-07	2.696247162690504e-07	0.0001116961135643	-0.0002403154966403	5.775153792552209e-08	1.2476021785369002e-08	0.0	0.0	0.0	0.0	0.0	0.0	0.0	0.0	0.0
977.0133983838384	1.0683008327243897	1.1412666691996245	954555.1806215368	1094.0329628155862	-0.8114852574994984	0.6585083231390272	1196908.1237270497	882.1034615760798	0.3935629954563637	778106.5169245024	0.1548918313925858	889.7863543661017	798.1061955313481	0.886217	17.565659	0.1231976113441004	0.0556066455906131	0.0839216095	0.1337122245	-0.1184983946	0.0142876614	0.0182253361	-0.0129923459	0.0405702063	-0.0160862208	0.1391029143	0.0906743785	0.0949618176	0.0805057963	0.1792222386	0.0706099993	0.0091857393	-0.026428959	0.0008195172	-0.1678638602	0.0485810849	-0.1487669561	-0.0544094798	0.023537579	-0.0451912825	-0.08893746	0.1318530731	0.0387272142	0.0260366826	0.0999068576	-0.1525703492	-0.1522915379	0.0755544191	-0.0970668249	0.0711687177	-0.1187557336	-0.0180182255	0.078179808	-0.0098456283	0.0025347231	-0.0686500725	-0.0865515048	0.129819774	0.0786897186	0.0390813079	-0.0480719983	0.1118355227	0.0320598338	-0.012443254	-0.1099051905	-0.0442335928	0.0048785183	-0.0088412102	-0.0833786015	0.1518082125	-0.1059665688	0.0945670346	-0.0493398557	-0.0162621414	0.0807112272	-0.048888135	0.1923511541	0.0781758741	0.0757695767	-0.1423122569	-0.0629210238	0.023099278	-0.1127392378	-0.1441976722	0.005341498	0.033848998	-0.0401696594	-0.0153522879	0.0107548932	0.0609869689	-0.118691699	-0.0598336902	0.0573067468	0.1007290802	0.0428420774	-0.0767905157	0.1130665973	0.0556163693	-0.0017352072	0.1106733918	0.0183962403	0.1008494765	0.0469537039	0.070589191	-0.1010971807	0.0182933482	-0.0428676297	0.0584547427	-0.1116906019	0.0246037896	0.0466109391	0.0344627789	0.0253521648	0.0643098878	-0.0109810771	0.0122969062	-0.1732435343	-0.0683107379	-0.0198746552	-0.1505588111	0.1952054235	0.0090051098	0.0742416267	0.1073422654	0.0494042187	-0.0251860523	-0.0912870929	0.0120763759785944	-0.0113024135296627	0.0001458388567763	0.0001277445515955	0.0579237276572399	0.0332136647275263	0.00335515822571	0.0011031475246325	-0.0078485903571277	0.0233380742629947	0.000544665710305	6.160037059399792e-05	-0.0013079945409072	-0.0001840252563833	1.7108497190430367e-06	3.3865294986976085e-08	7.013092642993435e-05	0.0006111939866872	4.918346841920864e-09	3.735580893626352e-07	-0.0001999538198434	-0.0003116499334077	9.712568099302385e-08	3.9981530069966876e-08	0.0	0.0	0.0	0.0	0.0	0.0	0.0	0.0	0.0
976.680766272166	-0.3326321116724102	0.1106441217156468	953905.3192059854	1093.9730313784116	-0.0599314371745549	0.0035917771618076	1196776.9933832712	882.5930490161869	0.4895874401071296	778970.4901716893	0.2396958615106522	889.470314086111	795.1506452295242	0.99189	19.6602	0.323291918863398	0.1629298950356351	0.0806955157	0.117210102	-0.118289899	0.0543576932	0.1201286956	-0.0117743288	0.1068942065	0.0369455642	0.056236719	-0.0130794315	0.1201891267	0.1363590758	0.0772053679	0.0985332141	-0.1061860305	-0.0496899038	0.1498579238	-0.090440571	0.1168750681	0.1043542327	-0.0051617507	0.0667707965	0.0523515435	-0.0790666997	-0.0397742443	-0.1912918882	0.2025373666	0.1389489744	0.1598975141	0.0264134714	0.0045566133	0.0603662327	0.0825830322	-0.080581056	-0.1040865057	-0.0815962107	-0.07151917	-0.0940913879	-0.0574463389	-0.1181559185	0.0241097029	0.0379962318	0.1486808799	-0.2107946552	-0.0039552677	0.0862591229	0.0267104345	0.1446665846	-0.0663248663	0.1055247178	0.0436347983	0.0517848193	0.1971963249	-0.0962792737	-0.1459129931	0.0412574316	-0.0025976078	0.0161649611	0.0350238185	0.1069999833	-0.0355981556	0.0923536979	-0.0552798673	-0.1194679199	-0.2556932021	0.1157937035	0.1795954796	-0.0655946536	-0.0582086831	-0.0282774407	-0.0564346464	-0.0643224643	-0.0496222664	-0.121839718	0.0170938035	0.1649816497	0.1010889842	-0.0764250448	-0.2151639875	0.0002161907	0.0672609494	-0.0739364341	0.1382462157	-0.0630548142	0.0667877143	0.0511578965	-0.0870078057	0.041242331	0.0638286786	-0.1597093164	0.1054387017	-0.1554488005	-0.1131379321	0.0612684765	-0.0640164564	0.0683687881	0.0152881023	-0.0856658889	0.0807267148	-0.0106656988	-0.0317196773	0.0159610035	0.0165024114	0.0714017049	0.1510151278	-0.0161236926	0.1054279714	0.0430942802	-0.0350428114	-0.1003291122	-0.0159055482272947	-0.0279819242058891	0.0002529864644107	0.0007829880822641	-0.0418679940390802	-0.0997917216963201	0.0017529289248564	0.0099583877191158	-0.0877108881815047	-0.079862297824377	0.0063779866137894	0.0076931999055884	0.0002469307825505	0.0015549253234576	6.097481137100231e-08	2.4177927615300324e-06	-0.0006880245187885	-0.0007581554452184	4.73377738454147e-07	5.747996791143624e-07	-0.0001999150857833	3.8734060100006256e-08	1.5003274118308966e-15	3.99660415237442e-08	0.0	0.0	0.0	0.0	0.0	0.0	0.0	0.0	0.0
976.2491043290828	-0.4316619430832134	0.1863320331063753	953062.3137033364	1090.6312514135848	-3.341779964826856	11.16749333331818	1189476.526559962	882.3785373956218	-0.2145116205650765	778591.8832564368	0.0460152353574553	890.5925219686408	798.4168202403154	1.058818	20.986782	0.3385642563313385	0.1714056225873605	0.1157746764	0.1075695127	-0.1518906021	-0.0772573122	0.0170549738	0.0556659761	-0.0330173693	0.006668135	0.1444866312	-0.1263195324	-0.0034557301	0.1103032871	0.0442825535	0.1069142655	-0.1068848551	0.1012961313	-0.0455859781	-0.1301988253	0.1138610418	-0.0244116298	-0.0773070721	-0.0027737166	-0.0084284902	-0.065823417	0.0606548884	-0.040492969	-0.053096741	0.0054656033	-0.1341752399	-0.0114790003	0.0977191865	-0.0091644153	-0.0372920819	0.0618957714	-0.0222565589	-0.1867332336	-0.0085533154	-0.0769606906	0.0487108634	-0.0615515657	-0.0315475479	-0.0998733267	-0.0930704075	-0.0657966105	0.0550610148	0.021308514	0.1015587232	-0.0682664486	-0.1002083036	0.0906207235	-0.1217311406	-0.0626107552	0.0749916727	-0.1103409951	-0.0618589809	-0.0591929977	-0.0412077364	-0.0202553246	0.0207149785	0.1099372576	-0.0048661938	0.0658486835	0.0321351876	0.0607294538	-0.1174707243	-0.0318819894	-0.1484950335	-0.0541748398	0.1119092341	0.1326750363	0.0434835861	0.0591401196	-0.0371157338	-0.033102542	0.058916474	-0.0940654247	0.0406227499	-0.0506977855	0.0020835924	0.0487055735	-0.1615293215	-0.0321039246	0.1607245511	0.026332187	0.1395073686	-0.0729433372	0.0285001559	-0.0417809752	-0.0115113116	-0.1082068653	-0.0298396026	-0.1323357677	-0.0829903813	0.0813549002	0.0540689535	-0.1502150197	-0.0282694526	0.0178573779	0.0073885462	-0.0492294806	-0.0026727248	0.0452366655	-0.0195203187	-0.0334958518	-0.0847852788	0.1214272941	0.1034414224	0.0366662233	-0.0446835199	-0.1082719048	0.0115451022463872	0.0274506504736819	0.0001332893858795	0.0007535382114282	0.0733061928624181	0.1151741869014983	0.005373797911982	0.0132650933284212	0.0304333528422375	0.1181442410237422	0.013958061687076	0.0009261889652201	0.0009960046951869	0.0007490739126364	9.920253528343495e-07	5.61111726592405e-07	6.992478312062289e-05	0.0007579493019091	4.889475294466148e-09	5.744871442645267e-07	-0.0001510347416805	4.88803441028e-05	2.389288039608134e-09	2.2811493194495364e-08	0.0	0.0	0.0	0.0	0.0	0.0	0.0	0.0	0.0
974.9944225452784	-1.254681783804358	1.5742263786104858	950614.123994401	1086.4638128239355	-4.167438589649237	17.36754439849762	1180403.6165759235	882.0294467958479	-0.3490905997739446	777975.9450149895	0.1218642468505323	889.8823803550318	800.4582175815633	1.21812	24.1443	0.1224623996261908	0.0718048312989772	0.129208859	0.0818344781	-0.1557522788	0.0003723474	0.2554300512	0.0923571117	0.0755337802	0.0522011584	-0.0297287053	-0.0022154875	0.0138073324	0.1873195629	0.0180170771	0.1710863234	-0.058933021	0.0250862638	0.2823962641	0.0153904545	0.114781524	-0.0077933625	0.0210151516	-0.0542602273	0.1706623983	0.0333885431	-0.1354112559	-0.020065588	0.0882185254	0.0231330949	0.0172428187	-0.0279435568	0.1259947043	-0.0648391944	-0.0034448035	0.0991958841	-0.0368348764	-0.0002277081	-0.0107000256	-0.0861702848	-0.0541823194	-0.0083124159	0.075870517	-0.0469885375	0.1003949855	-0.0188485778	-0.1615186055	-0.0133841703	-0.0370356185	0.1273201569	-0.1679657781	0.0599465323	0.0032930689	0.2223077708	0.1707974061	-0.0933374754	-0.0281408896	-0.0241629882	0.1209483224	0.0389414563	0.1559547284	-0.0704117622	-0.0821908115	-0.0564869623	-0.0739182571	-0.0255731509	-0.0791058393	0.095225286	-0.0005356947	0.0219239372	0.0522546469	0.0324349266	-0.1182490508	0.01365834	-0.0070426999	0.0171174009	0.158641329	0.0222035359	0.1117873209	-0.0095944601	-0.0270549835	-0.0891408978	0.0956933996	-0.0326080646	0.167540173	0.0328510515	0.1530497522	0.1978285924	0.0108733996	0.069033794	0.014644416	-0.1296800099	-0.0701884304	-0.0880504672	-0.1215820275	0.0564397909	0.0081845648	0.1600853403	-0.0432916136	-0.2604996176	-0.1377618281	0.094554458	-0.0150908866	-0.1892576653	-0.0551288146	0.0132399653	0.0156463105	0.006342358	0.1013839798	0.0301376669	-0.0540487397	-0.1150284477	0.0325314687059545	0.0209863664595672	0.0010582964561664	0.0004404275771752	0.058362117138671	-0.014944075723747	0.0034061367169079	0.000223325399237	0.0940623486520451	0.0636289958098076	0.0040486491077645	0.0088477254339388	0.000742021406821	-0.0002539832883659	5.50595768180616e-07	6.450751076915591e-08	0.0002609387897367	0.000191014006616	6.808905198925373e-08	3.648635072352674e-08	-0.0001640966793599	-1.3061937679400005e-05	1.7061421594052954e-10	2.6927720176945836e-08	0.0	0.0	0.0	0.0	0.0	0.0	0.0	0.0	0.0
974.9456362930534	-0.0487862522249997	0.0023800984061612	950518.9937268668	1087.394877380107	0.93106455617135	0.8668812077585529	1182427.6193524976	881.9515202899174	-0.0779265059304634	777838.4841416966	0.0060725403265305	889.6789484726755	796.547677077422	1.256969	24.914322	0.1864571078515028	0.0972234350609092	0.1716675955	0.1120989675	-0.0669945278	-0.1355613278	0.0401136945	0.0932801455	-0.0899748503	0.0979529213	0.1054358779	-0.0751058338	0.0538215831	0.1181368294	-0.0390609049	0.115336475	0.0642792803	0.0381305877	0.0426751986	-0.1125179219	0.0195827318	-0.0216755419	-0.1267910726	0.0934781326	0.0687819271	-0.0353976067	-0.0681870027	-0.1731339498	-0.0566654498	-0.0032940144	0.0679921295	0.2100044278	0.039475786	-0.02625998	0.0285015572	-0.0853854914	-0.0392459387	0.0315579156	-0.1138773774	-0.0933872811	0.0721854136	0.0068945337	-0.0408444896	-0.0948814227	0.0007552529	0.0282445899	0.0615348356	-0.0291775165	-0.1552470183	0.143122703	-0.117470244	-0.0663064123	-0.0504758431	-0.0382524409	0.1106512566	-0.0163737702	-0.0187254642	-0.1374307245	-0.1130684492	0.0469287856	0.0715380951	-0.0810847255	-0.1809291176	0.1027336771	0.1313898335	0.0786080964	-0.0852860876	0.0215118445	0.1420989356	-0.0574609638	-0.0397313546	-0.0393023461	-0.1495597625	0.0171893493	0.0392639749	-0.028500371	-0.0969478321	0.0403978264	0.0366207437	-0.0373875704	0.0780432209	0.0495787886	0.0237691903	-0.206625872	0.1796677854	0.0285786484	0.1329858993	-0.1072514571	-0.0316615672	0.0599760443	0.0725708518	-0.1176374958	-0.0746506776	0.006362282	-0.0683062442	0.0317396363	-0.0304896596	-0.1809373809	-0.0444766981	0.0407207673	0.197282743	0.0661022095	-0.0384338538	-0.012779616	0.0291848284	-0.179764039	-0.1831622094	-0.0377907264	0.0992570537	0.0235265052	-0.063080731	-0.1205247148	0.0127514924432574	-0.019779976262697	0.0001626005595304	0.0003912474609528	0.0289220866473556	-0.0294400304913154	0.0008364870960371	0.0008667153953295	0.0126189783552348	-0.0814433702968103	0.0066330225653033	0.0001592386147298	0.0010499443630627	0.0003079229562417	1.102383165527139e-06	9.481654698062793e-08	-0.0002517414180649	-0.0005126802078016	6.337374156932677e-08	2.6284099547149173e-07	-0.0004593681313302	-0.0002952714519703	8.718523034864917e-08	2.110190800817999e-07	0.0	0.0	0.0	0.0	0.0	0.0	0.0	0.0	0.0
976.1307183100732	1.1850820170197949	1.4044193870637054	952831.1792285396	1089.7856990269252	2.3908216468182677	5.716028146894812	1187632.869803604	881.2315037986242	-0.7200164912932223	776568.9632871846	0.5184237477342029	889.2541547474108	794.2966719596933	1.157666	22.946033	0.3152181736642087	0.1559715022092822	0.1407716842	0.1390873657	0.0554322483	0.0487081964	0.107882082	0.079690966	-0.0376433214	0.1997129193	0.0931170219	-0.0083827462	0.0930444308	0.0171620319	0.0481228893	0.1639690257	0.1165488522	-0.0828257921	0.0117280182	-0.0861070445	-0.0566694611	0.0889099892	-0.1141803343	-0.0472048116	0.0318573964	0.0160447099	-0.1127673993	0.1154996331	-0.063398438	-0.075810014	0.0753369374	-0.0927049592	0.1650273591	-0.122934758	-0.0842463806	0.0322310763	0.2505523239	-0.0514408233	-0.0115964922	0.068874824	0.1614964164	0.0761073244	0.0350856075	-0.0584278701	-0.0859881715	0.0200596038	-0.0375099065	0.0408291039	-0.0293814043	0.029046737	-0.1636953725	-0.0894463268	0.0928643583	-0.0810979524	0.069538947	0.0719151866	-0.0780297594	-0.1105160821	0.0750524729	0.1562880188	-0.0257013546	-0.1342414445	-0.0444694082	0.0482704945	-0.0619090514	0.136970265	0.06283155	0.029697253	-0.2196625472	0.0531605513	-0.0821665824	-0.0376894919	-0.0198681751	0.1806471262	-0.0818674616	0.2002107386	-0.0879994907	-0.0704247597	-0.0016013725	-0.0301773388	0.109959013	-0.0904146344	0.028193652	0.0705238053	0.1897787799	-0.0427200201	0.0206278667	0.0211667029	-0.0888418493	-0.2005675766	0.1602371461	-0.0606740362	0.0221563563	0.0584038952	-0.0841130102	-0.0178812165	-0.2228353568	0.0087600194	0.0050449853	0.010224974	0.0836875256	-0.0585730668	-0.086034389	0.0301400335	0.1170374984	0.1582600981	-0.237591283	-0.0807333282	0.0970621018	0.016850859	-0.0717238087	-0.124700488	1.6691382498379426e-05	-0.012734801060759	2.78602249707207e-10	0.0001621751580571	-0.0027398585972804	-0.031661945244636	7.5068251330913214e-06	0.0010024787766743	-0.1144167419759298	-0.1270357203311646	0.0161380742400578	0.0130911908443864	-0.0008740285181976	-0.0019239728812603	7.639258506226923e-07	3.70167164782506e-06	-0.000812970051691	-0.000561228633626	6.609203049464672e-07	3.149775792018191e-07	-6.885550566361698e-05	0.0003905126256665	1.525001108050088e-07	4.741080660192391e-09	0.0	0.0	0.0	0.0	0.0	0.0	0.0	0.0	0.0
976.3193224516024	0.1886041415291401	0.0355715222019439	953199.419392356	1090.7430382270318	0.9573392001066168	0.9164983440607768	1189720.375440736	881.5301707209493	0.2986669223250828	777095.441891306	0.089201930491137	890.0800584491931	791.8736612661737	1.013103	20.080654	0.1206877643543496	0.0694632882796339	0.1197889283	0.1656892724	0.0601344203	0.1237264209	0.000327438	0.0357013418	-0.0241841686	0.1714095277	0.0005532237	0.0641163438	0.0261132976	0.0309953174	0.1182572049	0.1017406806	0.07865585	-0.1403453914	-0.090316486	-0.0173448769	0.1282794422	0.0565674633	-0.0076994572	0.0235008607	-0.0066156709	-0.1155163236	0.1197856139	0.0350152044	0.0555110008	0.1601430291	0.0213135728	-0.0660805801	-0.1459377394	0.0572592741	-0.0734952209	0.1083200495	-0.098204072	-0.1114730078	0.0352362604	-0.0018998207	-0.0760860212	-0.0171016424	-0.0491021918	-0.08798355	-0.0061429998	0.0146531461	-0.1395197099	-0.0263117913	0.2747046692	-0.1613167792	-0.0937116611	-0.0839769677	0.1230009574	-0.1013209608	-0.0217299634	-0.1558434144	-0.0818085516	0.0149311292	-0.0023872337	0.069190397	-0.028647363	0.1343465505	0.0546155053	0.0845912646	-0.0629122958	0.0112372242	-0.0226079234	-0.0052115827	0.1105984586	0.0928972073	0.0528073634	0.0257533128	0.0456398612	-0.1256392624	0.0182289756	0.098927613	0.0502509242	-0.0171682977	-0.0487972601	-0.1197579978	0.0554165568	-0.0442512377	-0.0249044189	0.2680836993	0.1639728445	-0.0285224797	0.0114740414	-0.0136030108	-0.1487611895	-0.1042497587	0.0867064626	0.1249539362	0.0989629676	-0.041303125	-0.1668779621	0.1418343263	-0.2591005589	0.0834459669	0.024711335	0.1199133248	-0.0929985609	0.0072080198	-0.0091976467	-0.0197080959	0.1356009411	-0.1151015447	0.0481036502	0.1318337693	0.0948006283	0.0101290257	-0.0799246852	-0.1275100165	0.0072447162530266	0.0072280248705282	5.2485913586867774e-05	5.2244343528974496e-05	-0.0524703635443728	-0.0497305049470924	0.0027531390504786	0.0024731231222927	-0.0925709692323408	0.0218457727435889	0.0004772377867645	0.0085693843446149	-0.0016580097259132	-0.0007839812077156	2.7489962512227645e-06	6.146265340512108e-07	-0.0007979757587714	1.499429291959998e-05	6.367653115867915e-07	2.2482882015876603e-10	-3.0161770436016e-05	3.869373522760098e-05	1.497205145863689e-09	9.097323958349288e-10	0.0	0.0	0.0	0.0	0.0	0.0	0.0	0.0	0.0
975.2613494048244	-1.0579730467779882	1.1193069677086993	951134.699642919	1091.119985935492	0.3769477084601931	0.1420895749133907	1190542.823707868	882.8392081441385	1.3090374231892383	779405.0674365696	1.713578975309921	890.9588502181203	792.0388982352464	0.945567	18.742033	0.1662355388946438	0.0961681833442301	0.0863922054	0.0755217405	0.0029159383	0.1568548981	-0.081593905	0.0599998753	0.0193340892	0.0791420974	0.0906428471	0.1978676368	-0.0471669763	0.0149194729	0.0291270252	0.0456039367	-0.0267856336	-0.0831972387	-0.0477048471	-0.1013318086	0.1283642446	-0.0302878494	0.1463995822	0.1247909519	-0.010545979	-0.0941298726	0.0375752387	0.0702060499	0.2661085508	-0.1980062171	0.0344372576	0.0754643996	0.0934362269	-0.0682900758	0.0166829256	0.1083348753	0.0939656111	-0.1253234768	-0.0247989664	0.0182353873	-0.0052250403	-0.0101812934	0.0064715462	0.1401214587	0.0880636786	0.0818217855	-0.0916257585	-0.1545095234	0.0234591488	-0.1907320948	-0.0327723171	0.0152250409	0.0473530902	-0.1102184586	0.0519241963	-0.1536079159	0.0271603248	0.1320593069	0.0300776002	0.1037413464	-0.000630356	0.0190980893	0.0065508723	-0.1054935256	0.05328541	0.0188498829	-0.105100795	0.3000319746	-0.0570070474	0.092003697	-0.0043564289	-0.0301110345	0.1738758631	0.1458866629	-0.1183737593	0.06956381	0.0037764598	0.1106964628	0.0108094333	0.0824030425	0.0448488646	-0.0711461462	-0.0722179693	0.0664352363	0.1339742304	-0.0258327724	-0.0299856882	-0.0373847148	-0.0477625616	-0.1003948527	-0.0264146586	0.1252232034	0.1800767119	-0.0839886113	0.0140223588	0.0962685679	-0.1827962386	0.0827049222	0.1490623154	0.1729604627	-0.0925228977	0.0499191983	0.0060563706	0.1334618807	-0.0417613405	-0.0304617998	-0.0802039159	-0.0583939199	0.0924741833	0.0033794295	-0.0876327994	-0.1289225186	0.0151929013390912	0.0079481850860646	0.0002308242510993	6.317364616233973e-05	-0.0072608044304018	0.045209559113971	5.271928097654241e-05	0.0020439042352796	-0.1125572541783128	-0.019986284945972	0.0003994515859415	0.0126691354681613	-0.003303014806062	-0.0016450050801488	1.0909906809064792e-05	2.70604171371536e-06	-0.0005819504045598	0.0002160253542116	3.386662733673149e-07	4.6666953662247275e-08	-3.0961531048340424e-05	-7.997606123244232e-07	6.396170370255362e-13	9.58616404857348e-10	0.0	0.0	0.0	0.0	0.0	0.0	0.0	0.0	0.0
975.8432496376064	0.5819002327820044	0.3386078809117509	952270.0478632838	1098.6088949096152	7.488908974123205	56.08375762270308	1206941.503974526	883.5962801503287	0.7570720061901284	780742.3862954981	0.5731580225567457	890.6570664255242	784.0107580945125	1.456101	28.861298	0.4153078563339905	0.2950583953323886	-0.0791723552	-0.1526883366	-0.0194759568	0.0332771037	-0.1019753379	-0.0563650424	0.0499461823	-0.2331426956	-0.0467199977	0.144597521	0.0753221931	-0.1725276298	-0.0022695751	-0.1610825097	-0.0783632012	0.0265798279	0.0104969341	0.0119709483	-0.0640957408	-0.0973577015	0.1173712706	-0.1469667618	0.0395928932	-0.1281636257	0.0731068553	0.0786683084	0.115563605	-0.0875676562	0.044582324	0.0429300226	-0.047627617	0.017697663	-0.0937754566	-0.0236389528	0.0805442815	0.0386652985	-0.0236873343	0.1200238702	0.1328756324	-0.0026546791	0.1726768381	-0.0368210027	-0.0305195024	-0.0135846043	-0.0556291591	-0.0376456893	-0.0338718981	0.0983264838	0.1624414616	0.0662726167	-0.0291722766	0.0345975334	-0.0115683875	0.0456018208	0.1232223842	0.0747630663	0.1790207666	-0.0603946628	-0.0874840339	0.1216403822	0.0686138595	-0.1753023465	0.0680513082	0.019665686	-0.0577689731	0.0048048179	0.0190644713	-0.0148999734	-0.0819586915	0.0299813668	-0.0276204664	0.2373579976	0.0053717641	-0.0055360715	-0.0859251015	-0.067330071	-0.0335868923	0.0691131659	-0.0035547931	-0.1210977301	0.076179109	-0.036838108	-0.1428735185	0.0536092897	-0.0869289937	0.0031597529	0.02575888	0.0002489232	-0.1656357422	0.1105908976	0.0307841908	-0.0399849256	0.085646048	0.1348797583	-0.0264986213	0.0897893854	0.1195794386	0.2681957873	-0.1528410137	0.1082662027	0.0927637785	0.0204883686	0.0318749384	0.1445500095	-0.0127628114	-0.0812335111	0.090084361	-0.0033794295	-0.0948006283	-0.1289225186	0.0354969962316431	0.0203040948925519	0.0012600367414692	0.0004122562694057	-0.0232448106907128	-0.015984006260311	0.000540321224047	0.0002554884561296	-0.0561612775287869	0.0563959766495259	0.0031805061822538	0.0031540890936654	-0.0087431055234076	-0.0054400907173455	7.644189419344048e-05	2.959458701294976e-05	0.0004246187319802	0.00100656913654	1.8030106754847294e-07	1.013181426634881e-06	-2.514581430190614e-05	5.815716746434283e-06	3.382256127475616e-11	6.323119769059475e-10	0.0	0.0	0.0	0.0	0.0	0.0	0.0	0.0	0.0
977.3137746262024	1.4705249885960257	2.1624437420853413	955142.2140741156	1097.2250841149005	-1.383810794714691	1.9149323155689044	1203902.8852109504	884.5560438682751	0.95976371794643	782439.3947438938	0.9211463942863544	891.7022535022936	793.8534244415566	1.073529	21.278366	0.2714344413597642	0.1631539973609587	-0.1390197825	-0.1732850402	0.0413499406	-0.112257746	0.0667733516	-0.09831512	-0.0251873422	-0.1933749869	-0.2207868995	-0.032509149	0.1098632109	-0.1051122036	-0.120465323	-0.2195109858	0.0443619357	0.0439038367	0.1090900695	0.0198928117	-0.1371543328	-0.0258969213	-0.0292913184	-0.0385596506	-0.0919657658	-0.0621907204	0.040372564	-0.0456139755	0.202641976	0.0321277812	0.1512383337	0.1106507423	-0.1407382182	-0.1527920883	0.0634288357	-0.0136681744	0.0391865506	0.0705696848	-0.0077099052	0.0559957681	0.0694608225	0.095238375	0.021744668	-0.0037137254	-0.0698132948	0.0483732432	0.0034848886	0.0499253247	0.0814059201	-0.0470911296	0.2031056612	-0.0605828931	-0.02906079	0.1414205351	0.0292723984	0.1205544053	0.0553995279	-0.0252039526	-0.0378141364	-0.0627645054	-0.0897173493	0.1093115707	0.1124042071	0.0031479725	-0.0008271909	-0.067561837	-0.1639380014	0.0679961131	0.1616391074	0.1049350076	-0.0614895738	-0.1448330638	-0.01739816	0.18125994	-0.0187095259	-0.0358802367	0.0238454286	0.0295017033	-0.116806019	0.0434272556	0.0903270221	0.0511393841	-0.0909319744	-0.0692727957	-0.2489487824	0.0995655974	-0.0618018576	0.052549353	-0.0456211487	0.0859955392	-0.1028015447	-0.0550233235	-0.1027055843	-0.0068494088	-0.0203648967	0.117334263	-0.0421658559	0.0701522026	0.1163774211	0.1043122306	-0.162779234	0.0241716601	0.0170681908	0.0139725135	-0.0029318244	-0.0274778613	-0.1921634559	0.0670542386	0.0876327994	-0.0101290257	-0.1013839798	-0.1275100165	0.0282897687691985	-0.0072072274624446	0.0008003110170147	5.194412769541568e-05	9.28427816546673e-05	0.0233376534723674	8.619782105376228e-09	0.0005446460695963	-0.0209514342800645	0.0352098432487223	0.0012397330615996	0.0004389625983918	-0.0116205531972715	-0.0028774476738639	0.0001350372566106	8.279705115824771e-06	0.001371870545443	0.0009472518134628	1.8820287934540743e-06	8.972859981085633e-07	-0.0003140406704998	-0.0002888948561978	8.346023793760179e-08	9.862154272796396e-08	0.0	0.0	0.0	0.0	0.0	0.0	0.0	0.0	0.0
979.3691359367708	2.0553613105684008	4.224510116981454	959163.9044255372	1099.677124485825	2.4520403709245784	6.012501980643944	1209289.7781174127	884.7866043362245	0.2305604679494308	782847.3352128267	0.0531581293810605	891.6374780956068	799.0926859647374	1.01206	20.059982	0.0753196810167525	0.0409976104490736	-0.1049674741	-0.131202299	0.1129249666	-0.2793439145	-0.0586267325	-0.1353606153	-0.2253653704	-0.1089814348	-0.1329368905	-0.0510432657	0.0550819914	-0.0879651829	-0.0912166879	-0.2760682529	0.1309180308	0.0979457168	0.0023101973	-0.0495652351	-0.1188040566	-0.0021388377	0.0099037223	-0.088612097	0.0078253005	-0.0231016805	0.0654461869	-0.2793997747	-0.0255246673	-0.1364754691	0.0253587237	-0.0166209555	-0.0354134159	0.0477259038	-0.0598504669	-0.0060369705	-0.1333463773	-0.0938664137	0.1660753473	0.1189900901	0.0963374625	-0.0417898009	-0.0662951825	-0.0239433178	0.0709387395	0.0076550959	0.1445250701	0.0277113164	0.016258263	-0.0841145401	0.2479103744	-0.1539648033	-0.0960086245	0.0095979063	0.0103808451	0.1665360587	0.029943809	-0.0372948578	0.0182976205	-0.1195902894	0.0386431069	0.0336095846	-0.040832309	0.1246183499	0.2222681196	-0.1090103769	-0.0953986858	0.043210094	0.0232840663	-0.0303807227	-0.0451881387	0.1476763743	0.1347554184	-0.0723432032	0.0401249802	-0.0813873256	-0.1097171938	-0.0321464431	0.0992991144	-0.0310376238	0.0949950256	0.0156925884	-0.0035140171	0.0036821042	-0.2511391	0.1396695236	-0.0668485714	-0.1211883925	-0.0789487662	0.023170081	-0.0075141188	-0.0708809148	-0.1667197274	-0.0270962017	-0.0267958237	0.0896868546	-0.0337406176	0.0913589553	0.1027708924	0.1030055716	-0.009150765	0.1010305137	0.0016199378	-0.1611434091	-0.1383192506	0.0483400301	-0.1311428193	0.0202818421	0.0851211787	-0.016850859	-0.1073422654	-0.124700488	0.0354037185218629	0.0071139497526644	0.0012534232851752	5.060828108343389e-05	-0.0158696196568399	-0.0159624624384945	0.0002518448280527	0.0002548002071003	-0.0063440267251309	0.0146074075549336	0.0002133763554759	4.024667508917509e-05	-0.0122451988115553	-0.0006246456142837	0.0001499448939345	3.901821434439849e-07	0.0013978499183422	2.5979372899199996e-05	1.9539843942092957e-06	6.74927816235687e-10	-0.0002119484322696	0.0001020922382302	1.0422825106851916e-08	4.4922137941541215e-08	0.0	0.0	0.0	0.0	0.0	0.0	0.0	0.0	0.0
980.9399177415312	1.5707818047603723	2.4673554781662523	962243.122218762	1101.9894673401143	2.312342854289227	5.346929475782449	1214380.786128549	884.2393048279799	-0.5472995082445777	781879.1482026692	0.2995367517247566	891.8250360990826	802.5692051947424	0.946885	18.76816	0.1416481954900814	0.0976603442680899	-0.1692158172	-0.0568852802	0.2071620441	-0.2194095583	0.0182554221	-0.2003464704	-0.1709572707	-0.105984055	-0.2313860189	-0.0485141705	0.0636295222	-0.0589406082	0.0559565867	-0.2699361004	0.1788864317	0.1050340903	-0.0153918442	0.0943138851	-0.1046972178	0.0831351893	0.0159798003	-0.0663152813	0.1821281219	0.0433398614	0.0779664962	-0.0189633102	0.0588109281	0.0838755209	0.1098779891	-0.1130683005	0.0888710195	0.0149078923	0.0193607345	-0.0528887072	-0.0065186603	0.0364096854	-0.026525832	-0.1602229155	-0.0422448454	0.0873390354	-0.1319019083	0.1804988301	-0.1737494656	-0.0752796505	0.0591012816	-0.0442317956	-0.1406689279	-0.1451602973	0.2440674538	-0.2037101751	-0.0829849162	0.0618100936	-0.1021714201	0.1484841242	-0.0508523846	0.0081638159	0.1195439829	-0.0388534546	0.1222739875	0.1505859907	-0.0286732892	0.0382016049	-0.1288714293	-0.0383755849	0.0859560911	0.0825160663	-0.0210311304	-0.0195796779	-0.0606501344	-0.0484583816	-0.0654746437	-0.1275493762	-0.109924314	0.0487978066	-0.0540563323	-0.0570417132	-0.0757820744	-0.0508419413	-0.0469976721	0.1116038898	-0.1218470667	-0.1317394821	-0.2946974123	0.1530535543	-0.0569016538	-0.0059222379	-0.1501080402	-0.0529222727	0.1168088193	-0.0259966545	-0.1890861612	-0.0251016658	-0.0938995402	-0.0169557358	0.0097131575	-0.0399316184	0.0136139057	0.0342285783	0.0226361956	0.0181910344	0.0008448825	-0.1267557378	-0.098533239	0.1155077585	-0.041678788	-0.0664035385	0.0825512202	-0.0235265052	-0.1126387502	-0.1205247148	0.0302459550023854	-0.0051577635194775	0.0009148177940063	2.6602524522852947e-05	-0.0119598091131223	0.0039098105437176	0.0001430370340223	1.5286618487765315e-05	0.0194463420495054	0.0257903687746363	0.0006651431215317	0.0003781602191063	-0.0140136631953149	-0.0017684643837596	0.0001963827561517	3.1274662766262265e-06	0.0013024554166922	-9.539450165000012e-05	1.6963901124708522e-06	9.10011094505188e-09	-0.000483894599905	-0.0002719461676354	7.395471809158108e-08	2.3415398381722002e-07	0.0	0.0	0.0	0.0	0.0	0.0	0.0	0.0	0.0
980.4896377706124	-0.4502799709188139	0.2027520522106478	961359.9297755468	1100.3070431663878	-1.682424173726531	2.830551100339401	1210675.5892415592	885.0241442899417	0.7848394619617238	783267.7359761435	0.6159729810523682	893.5087014650044	800.4481946078928	0.948446	18.799091	0.2382684282584958	0.1567799186209282	-0.2040149655	0.0100383664	0.2099938519	-0.1363188738	-0.0785601223	-0.1881664536	-0.1913257295	-0.1443966253	-0.1992837214	0.0248381693	-0.1239639826	-0.0261051016	0.0227322019	-0.3204317234	0.1360662798	0.0862297159	-0.0551623483	0.144507819	0.0998638269	0.0688939274	0.2069905722	-0.1058163104	0.0781029288	-0.0263613601	0.0800200175	0.0070194791	-0.1879418467	0.0553189597	-0.1117734492	-0.042112757	0.0269461143	-0.0634353272	0.1208141357	0.049904763	-0.1163158843	-0.04108305	-0.1694054871	-0.0318261367	-0.1573455855	-0.0320411376	0.1469084309	-0.1328664369	-0.1152937172	0.013972697	-0.0317882467	0.0211638935	0.1685537269	0.1195224192	0.2818161703	-0.1758883629	-0.087751642	0.0744229066	-0.1641487046	-0.0555911056	-0.0683973582	0.1813798918	0.1008992389	-0.0819009145	0.0565624503	0.0902301461	-0.0437848423	0.0934403165	-0.0233607388	0.1298394202	0.083830525	-0.1174618496	-0.0846130803	0.0475507953	0.2445045074	0.0989171307	-0.2708700885	-0.0170342416	0.035010842	-0.0009293183	0.0843263975	0.0007554971	-0.0862611183	-0.0261297706	-0.0762342758	0.0021817213	0.0599205628	0.0854775257	-0.3385168976	0.1693587363	-0.0223292266	0.0078794968	-0.2410557837	-0.0939171335	0.1413147548	0.0345413423	-0.1250123147	-0.2242443911	-0.1073589623	-0.1170249899	0.0590859141	-0.1621479015	-0.0976316197	-0.0641375137	0.1153475325	-0.1566381212	-0.0132827052	-0.1000084242	0.0637123393	0.0821446262	0.1715212458	0.043243157	0.0799246852	-0.0301376669	-0.1172407796	-0.1150284477	0.0169707866099884	-0.0132751683923969	0.0002880075981617	0.0001762300958464	-0.0527537681693104	-0.0407939590561881	0.0027829600560613	0.0016641470954779	0.0475403392070461	0.0280939971575407	0.0007892726762879	0.002260083851921	-0.016820027829986	-0.0028063646346711	0.0002829133362015	7.875682462732661e-06	0.0010708528595535	-0.0002316025571387	1.146725846813908e-06	5.36397444731848e-08	-0.0005680334811426	-8.413888123759997e-05	7.079351335914952e-09	3.226620356989805e-07	0.0	0.0	0.0	0.0	0.0	0.0	0.0	0.0	0.0
979.8490748912104	-0.6405628794019549	0.4103208024677234	960104.2095651608	1100.462018628141	0.1549754617533381	0.0240173937456603	1211016.6544431231	885.1015281352717	0.0773838453300186	783404.7151073931	0.0059882595180602	893.014907435367	798.6417695073953	1.181521	23.418871	0.4136091695519456	0.2391966334656388	-0.1168770097	0.0307686221	0.2178991276	-0.0091406557	0.0874814342	-0.1713900857	-0.0383471413	-0.1365722152	-0.2613192693	0.1296762591	-0.0719633535	0.1211154298	0.1067853251	-0.2339437463	0.1349871764	0.0101570882	0.1406949043	0.05130939	0.1521162061	-0.0263362889	0.1485390701	0.0480971662	-0.1075377471	0.0514825466	-0.0161976549	0.1700013662	-0.0022859402	-0.0130814415	-0.0726305438	-0.107310108	0.0306285507	0.1344893322	0.0241584643	-0.0934689401	0.0605288668	-0.0899963916	0.0108538546	-0.0102218237	-0.0451483124	-0.0411875603	-0.0036819823	0.0104473583	0.1282318072	0.2286896536	-0.1298051554	0.1792223763	-0.0123631832	-0.0001051693	0.2250147994	-0.1610211947	-0.0122998843	0.1589983889	0.0332042557	-0.1435171325	0.0119652092	0.1676310863	-0.0236436341	0.0403786352	-0.0279358042	-0.102175796	0.1005545738	-0.089236855	-0.0889956591	0.0929622532	-0.000274302	0.0072648173	-0.0940350029	-0.0606358157	0.1313476352	-0.1335604066	0.0775738042	-0.1908618768	0.0257519453	0.043017834	0.0514365678	0.080762375	0.1405586553	0.1759853868	0.0749291326	0.0176251835	-0.0581399338	0.0417121397	-0.2334927914	0.1976222206	-0.0305381443	0.2105837612	-0.0183705925	0.0282910524	0.2101140525	0.0198447977	0.1169974726	-0.1894063179	0.0903943087	-0.2658153386	0.000273085	-0.0811697038	-0.1424333062	-0.071396178	-0.1009073413	-0.0920678955	-0.0855965013	0.2879586404	0.0681586282	-0.2999698557	0.0801775261	-0.0226615681	0.0772433738	-0.0366662233	-0.1211199807	-0.1082719048	0.0854106309014781	0.0684398442914897	0.0072949758709885	0.0046840122866433	0.0981196822273489	0.1508734503966593	0.0096274720403959	0.0227627980345932	0.0494689739190477	0.0019286347120015	3.719631852337476e-06	0.0024471793806034	-0.0135453384211911	0.0032746894087949	0.0001834761929445	1.0723590724073502e-05	0.0012947676190797	0.0002239147595262	1.6764231874173154e-06	5.013781953367605e-08	-0.0009167741158574	-0.0003487406347148	1.2162003030128165e-07	8.404747795061176e-07	0.0	0.0	0.0	0.0	0.0	0.0	0.0	0.0	0.0
981.7671331113952	1.918058220184776	3.678947336018389	963866.703657768	1100.483080116701	0.021061488560008	0.0004435863003633	1211063.0096231415	884.446350852925	-0.655177282346699	782245.3475370553	0.4292572713032062	891.8485175684879	802.7568189240877	1.454969	28.838856	0.8130191125234274	0.4727461477719072	-0.0495852817	0.088962489	0.1655702854	-0.0310362072	-0.0349093406	-0.202339107	-0.0240153249	0.0993684445	-0.0125564526	0.0607220354	-0.0870462373	0.1745982512	-0.1403048186	-0.120560404	0.0381083379	-0.1582732166	0.0915869679	-0.095175499	0.0537236626	0.0566418709	0.0185859294	0.1992984601	-0.2877276512	0.1361621822	-0.0056782853	0.0530399107	-0.0766050895	0.0319681365	0.0195591662	0.2338306431	0.1224263667	-0.0264291147	-0.180379794	-0.0389982291	-0.0891703292	-0.0796144738	0.0308234578	-0.0219664308	0.0151021953	0.0808847594	-0.0228178799	0.0702534152	-0.0234631986	-0.0592145536	0.0179131784	0.0132194462	0.0101623862	-0.1227003217	0.1446811661	-0.0530987039	0.1138391499	-0.0123207477	0.1307602913	-0.0410511497	-0.0218087588	0.1522905882	-0.3002549348	0.0003905939	-0.0706392698	-0.2433438735	0.0039889416	0.0827769843	-0.0124805224	0.2253503807	-0.0672970582	0.0470976557	-0.0324016944	-0.0162048609	-0.1436660033	0.05251054	0.1134310469	-0.0704121457	-0.0102322715	-0.0267652602	0.1155027454	0.0067896324	-0.0957751114	-0.020467605	-0.0120341	0.0417733862	-0.0716235686	0.0591760805	-0.0749969504	-0.0334497697	-0.0486882651	-0.0684558427	0.0327266632	0.2299689614	0.1412728045	0.0098014599	0.299074056	0.0886333433	0.2937458384	0.1357560177	0.0931113171	0.1300167923	-0.0134097253	0.1025800423	0.0121955013	-0.027487387	-0.1559198681	-0.1016424751	-0.0013961036	-0.1594318019	-0.1086594065	0.0897857924	0.0745091236	-0.0430942802	-0.1242524367	-0.1003291122	0.0768229533155704	-0.0085876775859077	0.0059017661561263	7.37482063195015e-05	-0.1605592921465302	-0.2586789743738791	0.0257792862945948	0.066914811783122	-0.2460756012618929	-0.2955445751809405	0.0873465959188826	0.0605532015364021	-0.0088327021925428	0.0047126362286482	7.80166280221504e-05	2.2208940223568464e-05	0.001245005628284	-4.976199079570021e-05	1.5500390144588374e-06	2.476255727951352e-09	-0.0006750146276474	0.00024175948821	5.8447650139561135e-08	4.556447475379581e-07	0.0	0.0	1.0	0.0	0.0	0.0	0.0	0.0	0.0
981.2864822432553	-0.4806508681399464	0.2310252570436841	962923.1602333426	1095.2427079832398	-5.240372133461278	27.461500097157508	1199556.5893904604	882.9950499213766	-1.4513009315484169	779680.2581856543	2.106274393913303	890.5609011198345	813.0754915113675	1.661085	32.924282	0.3260595522383293	0.2091433870971401	-0.2566389596	0.0632025714	-0.0013302663	0.0803567115	-0.0749000792	-0.1719758732	0.0638207212	0.0965405358	0.1539500461	-0.0743315843	-0.3048599971	-0.038947688	0.0484249731	-0.0737297355	-0.106977363	-0.1609446988	-0.1975573117	0.0403721735	-0.0429610346	0.0100562542	-0.0485697294	0.0227190851	0.0250494124	-0.069804027	-0.1536493907	0.1021895591	-0.0496386347	-0.2097905504	-0.0445599253	0.0115943199	-0.1826588939	-0.0590958249	0.0496469201	-0.0232049869	0.1371929818	-0.0100477597	-0.0504488617	-0.0714163784	0.0212182086	0.0600892278	0.0151017808	0.0222536614	0.063842702	-0.0718922091	0.13708208	-0.0513359642	-0.054843275	0.0831742123	0.0842090631	0.1180426299	0.1444115544	-0.1603202322	-0.1912113006	0.0228075694	-0.0063629831	-0.0866263577	0.034742112	0.1048727731	-0.0868861706	-0.0799278899	0.0534251986	-0.1132529459	0.260604487	-0.0168250625	0.0354536106	-0.0667934941	-0.03759522	0.0866899246	0.0209432435	-0.0968988269	-0.0404348191	0.069352607	-0.0605145647	0.0343898288	-0.040756819	0.0112834418	0.0105730473	-0.0778038818	-0.0405193768	0.0103841243	0.125232631	-0.1028211837	-0.1101091869	-0.2277442897	-0.0109438541	-0.0444064882	0.0217224688	-0.1903268085	-0.0484446302	0.0786245605	0.1024332762	0.0960121926	0.0887734946	0.0325127966	0.1972996331	-0.0356009695	-0.0427128071	-0.1268069473	0.0156933197	0.0405340915	0.0438131109	-0.0964805136	-0.1422774853	-0.1207794483	-0.0715847195	-0.0423982243	0.0717238087	-0.0494042187	-0.1266188352	-0.0912870929	0.0753447239125222	-0.0014782294030482	0.0056768274214541	2.185162168036248e-06	-0.1946841914190855	-0.0341248992725553	0.0379019343885031	0.001164508750362	-0.4495014379340887	-0.2034258366721958	0.0413820710257828	0.2020515427048134	-0.0100100951918858	-0.001177392999343	0.0001002020057506	1.3862542749019058e-06	0.0010798958024536	-0.0001651098258303	1.166174944156905e-06	2.7261254585744962e-08	-0.0010731235402846	-0.0003981089126372	1.584907063211738e-07	1.1515941327129538e-06	0.0	0.0	0.0	1.0	0.0	0.0	0.0	0.0	0.0
975.2444097836964	-6.042072459558881	36.5066396065599	951101.6588143504	1087.4491309624211	-7.793577020818702	60.73984277943332	1182545.612430925	883.2082831551654	0.2132332337888556	780056.8714338948	0.0454684119920527	890.0896094472785	803.1560018089601	1.443113	28.603872	0.2119208794829351	0.1124787506400024	-0.1224884028	-0.0948045013	-0.1982811195	0.083419515	-0.011651023	-0.0282086777	0.2241088014	-0.1863669075	0.161002521	-0.0021358952	-0.2325417199	-0.0250102315	0.0248714448	-0.0150771194	-0.2479421875	-0.0227092754	0.0544957275	0.1581517081	0.056782247	-0.07736478	0.0263109167	0.1025127586	-0.1542081592	-0.1256475591	0.0396599082	-0.1232925008	-0.2127197701	0.1860446866	-0.1557729203	-0.1438974837	-0.025073558	0.0235667585	0.0293141095	0.0517716527	0.0736676004	0.1523133492	-0.0584180864	-0.0236202242	0.0796923813	0.0033642402	-0.1723962419	0.1669998729	0.0748572929	-0.0025162938	0.0632888002	0.0337466495	-0.0292069193	-0.0085230406	0.0327047502	0.2508002281	0.0245701911	0.0748616709	-0.049421775	-0.0850961645	0.0324484066	0.0693327589	-0.0880519896	0.0221738847	-0.1537002769	0.0065129588	-0.1298877626	0.2068104481	-0.0190082055	-0.2312049549	0.2992065857	-0.206557701	0.1125176772	-0.025784483	-0.0262453582	0.0625422263	0.129287365	0.0026727163	-0.0918182623	0.1065366476	-0.0701690754	0.1556139162	0.0429682937	-0.0222330565	0.0200408607	0.0966826378	-0.1596682314	-0.0963919906	-0.05301333	-0.1373463761	-0.0387477167	0.0751730565	0.0915818308	0.080079452	-0.1540517728	-0.0209481943	0.240682822	0.0986601462	-0.0429187764	0.0356421262	-0.0159625016	-0.1923964792	0.0494074016	-0.0134016503	-0.0698404714	-0.1567322885	-0.0238573131	-0.0615158172	-0.0531577915	-0.0213233648	0.0976160319	-0.2265333332	0.0688893378	-0.0555787436	-0.1282045865	-0.0812449131	0.0619823938009886	-0.0133623301115336	0.0038418171413008	0.0001785518660095	-0.1108129955379553	0.0838711958811301	0.0122795199800949	0.0070343774985309	-0.3857707094767875	0.0637307284573012	0.0040616057496982	0.1488190402902239	-0.0091930127057156	0.0008170824861702	8.451148260744845e-05	6.676237892060776e-07	0.0012267067830775	0.0001468109806238	1.5048095316483484e-06	2.1553464031751093e-08	-0.0010178845064193	5.52390338653e-05	3.05135086237176e-09	1.036088868408462e-06	0.0	0.0	0.0	0.0	0.0	0.0	0.0	0.0	0.0
971.851295082176	-3.3931147015204037	11.513227377673896	944494.9397529028	1091.771734526663	4.322603564241945	18.684901573597163	1191965.5203113584	882.6057694885773	-0.6025136665881519	778992.9443345236	0.3630227184254986	890.8284140938207	781.4428508613186	1.275651	25.284615	0.122944951077594	0.0747914310554032	-0.0946322283	-0.1839347534	-0.175357737	0.0586796614	-0.1370302047	0.0501018755	0.0772620991	-0.1196615633	0.2045331372	-0.0598171745	-0.082556697	-0.2316339264	0.0069988927	0.0022261565	-0.2187319522	0.0533815307	-0.1581362882	0.0634934978	-0.1807489638	0.052872497	-0.0562367788	-0.0766867325	0.0471240986	0.0006819382	0.0686472015	-0.0373323845	-0.0649959554	-0.0019319161	-0.0514660379	0.0385870595	-0.0433392911	0.0590232635	-0.035065941	0.0872069801	-0.0309656514	-0.0604679795	-0.0088800518	-0.0988022073	0.1022235189	0.0058842214	0.1565891078	-0.0143350294	0.0557139593	0.0444033062	-0.0769813899	0.1033507682	-0.1771434418	0.1028569096	-0.002634268	0.2379899039	-0.0608514342	-0.0713893356	-0.1743889962	0.1223398783	0.0275019476	-0.0681842136	-0.010887911	-0.0447363373	-0.0295753023	0.0314168356	-0.101601607	-0.0646585207	0.0252100216	0.1145547496	-0.0316177204	-0.0364800139	0.0596441401	0.0550969629	0.0844715625	0.0646268379	-0.0824503167	-0.0559131319	0.0068432956	0.1132617397	0.0524097575	-0.1119488805	0.0990468716	0.1516119515	0.0368941842	-0.1565194817	0.129114679	-0.0130624241	-0.0542431706	-0.1622589888	-0.0310051393	-0.0682399322	0.0891242462	-0.030472904	-0.2443284362	-0.010449876	-0.0386580052	0.1016471593	-0.0977749187	-0.0719786921	0.0819398297	0.0015637359	-0.0776051375	-0.0530539565	0.13468091	-0.1407412429	0.1025470163	-0.0967164421	0.0331644486	0.0494912438	0.0149189565	-0.0166958507	0.0660076536	-0.0616009311	-0.1289999139	-0.0703125971	0.0839018109272444	0.0219194171262558	0.007039513876871	0.0004804608471547	-0.1799201688241254	-0.0691071732861701	0.0323712671497017	0.0047758013996047	-0.3914601313612706	-0.0056894218844831	3.236952137963552e-05	0.1532410344453832	-0.0094178346685981	-0.0002248219628825	8.86956098450483e-05	5.054491499434076e-08	0.0012944172980076	6.771051493009998e-05	1.6755161413812956e-06	4.584713832099293e-09	-0.0012499308042204	-0.000232046297801	5.3845484323196716e-08	1.5623270153390558e-06	0.0	0.0	0.0	0.0	0.0	0.0	0.0	0.0	0.0
973.0455372361477	1.194242153971686	1.4262143223229324	946817.6175351832	1089.1839933188962	-2.58774120776684	6.6964045583745815	1186321.7713020977	882.6210699590342	0.0153004704569639	779019.9531356303	0.0002341043962044	891.6372507597271	787.4338884333995	1.129173	22.381285	0.2804749666103842	0.1707867671538514	0.0146265255	-0.2214851136	-0.0887998584	-0.041993755	0.0212864926	0.0716605351	0.0511101067	-0.0782956996	-0.0521540856	-0.0989419871	0.024049022	-0.0661125235	-0.0759411844	0.0151920508	-0.0397676338	0.0543932114	0.0672516835	0.0390168104	-0.1597108311	-0.1457865315	-0.0059322447	0.0946276913	-0.0987073424	-0.0020118381	-0.1515596447	0.0958134292	-0.1097533228	0.0382556046	0.0830479261	-0.0055211639	0.0035812877	0.1461482382	-0.0954259921	0.0371589081	-0.0941782578	0.0603465626	-0.0202589748	0.0224600265	0.017560606	-0.026257006	-0.1364287551	0.0750364928	0.0711677472	0.0399271362	-0.1335087705	0.1412111895	0.0505711166	-0.0317113506	-0.0275599986	0.0679928245	-0.0492447717	0.1073480233	-0.0340694507	0.0894344409	0.166125001	-0.0188261736	-0.0618354583	0.1645895721	-0.0534666769	-0.1045360303	0.1046182344	0.0013880593	-0.0644302195	0.0529460119	0.010365316	0.0063454094	0.0617367985	-0.1740287637	0.0130039495	0.1053970658	0.0085440727	-0.0812504626	0.0468235707	0.0948804349	0.0477543277	0.0952092486	0.0507764539	0.0056214891	0.0963645677	0.0500307067	-0.1289315821	0.0428860542	-0.0395684094	-0.0080034953	-0.0655338539	0.0298985809	0.1746633177	0.1052657376	-0.1517448199	-0.1311619601	0.0393894112	0.1332209379	-0.0907246959	-0.043284968	-0.0762776279	0.0071351161	-0.0029288351	-0.0993818841	0.0879045431	-0.02913304	0.0967761641	0.1063111426	0.0459746965	-0.1642237381	-0.0988826177	0.1315881846	0.063080731	-0.0674542747	-0.1289999139	-0.0586099215	0.0960315995477287	0.0121297886204843	0.0092220681116953	0.0001471317719776	-0.047597967619211	0.1323222012049144	0.0022655665214794	0.0175091649317138	-0.2843768384033751	0.1070832929578955	0.0114668316307064	0.0808701862202993	-0.0093649869535551	5.284771504300047e-05	8.770298064025724e-05	2.7928809852661773e-09	0.0017243426763013	0.0004299253782937	2.9733576653139297e-06	1.848358309009811e-07	-0.0013459513874255	-9.602058320510014e-05	9.21995239904756e-09	1.8115851373126288e-06	0.0	0.0	0.0	0.0	0.0	0.0	0.0	0.0	0.0
975.2016829729382	2.156145736790563	4.648964438280121	951018.3224732511	1090.307211079123	1.1232177602266802	1.26161813688864	1188769.8145311351	883.2761429670884	0.6550730080541598	780176.7447348164	0.4291206458811253	890.7988721947921	792.2446798055474	1.08596	21.524746	0.3454003724029117	0.2031655811352662	-0.0526394465	-0.1272541948	-0.0536208751	-0.0438509281	0.010052146	0.0133768298	0.0309509185	0.0796635457	0.0343513059	-0.1318999366	0.0389623161	-0.1291683262	-0.0785374514	-0.0107712363	-0.0904921641	0.0317454265	-0.0281907411	-0.0024169033	-0.1665619959	0.078771598	-0.1075063949	-0.0323708261	0.0112982523	-0.000652088	-0.0625642912	-0.0617593494	0.1159501658	-0.0429205525	-0.0598905619	0.0244637869	-0.0990817108	-0.0312712544	0.0200123544	-0.0115656514	-0.0579146453	0.0878148091	0.1388132313	0.0982964835	-0.1667879647	-0.0167150533	-0.234438434	0.0198925819	0.0892802964	0.0891282474	-0.0226480936	0.0258515166	-0.0542878932	0.0569148575	0.0036971359	0.1008718951	-0.0040027578	-0.0281190356	-0.0430870464	0.2169105525	-0.0356526525	-0.1429367451	0.0036635917	-0.0441900219	-0.0204915172	-0.0632002352	-0.0766417912	-0.0363551856	0.0729815863	-0.1240301852	0.0052863577	0.0258392141	0.075520343	0.1123302469	-0.0804625078	-0.0714601798	0.1306489791	-0.1312377589	0.0634406366	-0.0760088365	0.0056190944	0.0154443131	-0.1069116973	0.064247078	0.0340311723	0.106625738	0.0105791902	0.0356402944	-0.0390489207	-0.1237811639	-0.0173716428	-0.0703319518	0.0498572664	0.0141947664	-0.1128247435	-0.0662221717	-0.0925886971	0.1476447675	-0.0038720832	-0.0389435911	0.018478161	0.1802798756	-0.0938611952	-0.0072860904	0.1022610052	-0.1177158099	0.1031752173	0.0181131812	0.0932573589	0.0069442419	-0.0275185084	0.1136970706	0.0601105761	-0.0731227308	-0.1282045865	-0.0462651033	0.1139511052495265	0.0179195057017977	0.0129848543875886	0.0003211086845967	-0.2203215683407364	-0.1727236007215254	0.0485415934761217	0.0298334422462089	-0.3853958696718536	-0.1010190312684785	0.0102048446784218	0.1485299763601243	-0.010085241610475	-0.0007202546569199	0.0001017120983416	5.187667708148035e-07	0.0013879160199181	-0.0003364266563831	1.9263108783453e-06	1.1318289512517966e-07	-0.0013640347683446	-1.8083380919099983e-05	3.270086654652693e-10	1.8605908492529064e-06	0.0	0.0	0.0	0.0	0.0	0.0	0.0	0.0	0.0
972.9093227698804	-2.2923602030577968	5.254915300563183	946552.5503325474	1082.849587774896	-7.4576233042269	55.61614534774814	1172563.2297442623	881.9437605643217	-1.3323824027667115	777824.7967983376	1.7752428672023954	890.4470847481175	787.940540152647	1.071203	21.232256	0.2167484648597086	0.12032564886349	-0.0535979328	-0.0465029614	0.027587446	0.1390610854	-0.0717953484	0.0506172477	0.0356719659	0.0540937292	-0.044624809	0.0019112483	-0.1137244548	-0.152748534	0.0937043667	0.0442054152	-0.0549224564	-0.0308895083	-0.0287286468	0.2106796467	-0.0283578647	0.009636048	0.0637374782	-0.0623997553	-0.0305874562	-0.0434053198	-0.2025231993	0.0364401655	-0.0515358543	0.114845257	0.0605206023	-0.042705936	-0.0106906915	0.0246943786	0.042362427	-0.2249867305	0.152500061	0.0436645167	0.1386628367	-0.023184095	0.0202110839	-0.0511528145	-0.0458030382	0.0342758936	-0.1397565254	-0.0559450129	0.0350451737	-0.0521468835	-0.0323566704	0.1207716366	-0.0476496135	0.0614799987	0.0701934031	0.0647219705	-0.1737818848	0.0317611844	-0.0139980643	0.0264645325	0.1639881963	0.0449837223	-0.0659959932	-0.1343542494	0.0164719924	0.0517949563	-0.045162983	-0.0916833328	0.0585061781	-0.1566056558	-0.0001629297	-0.1243596464	-0.1490485998	-0.2005608765	-0.0692173478	0.0060368326	0.0006315288	-0.0431570092	-0.0910153202	-0.1732222597	0.0287185246	0.0348922958	-0.0920431506	0.0383667729	0.0817311975	0.0928452989	-0.0268911233	-0.0829740996	-0.0254382004	0.057819109	0.1603022086	0.0329700249	-0.06923844	0.1635996361	0.0473971944	0.1234978437	-0.0806770985	-0.1361606118	-0.0116953666	-0.0188194455	-0.1415373628	0.0441447233	0.0161370968	0.0938423553	-0.0975911817	-0.0432939735	0.0658914397	0.0384421815	-0.0382164172	-0.0006867766	0.0570992244	-0.0785907625	-0.1266188352	-0.033413395	0.1667606027926922	0.0528094975431657	0.027809098643782	0.0027888430307616	-0.1182520994182994	0.102069468922437	0.0139835590168353	0.0104181764861083	-0.3686083303699377	0.0167875393019159	0.0002818214758133	0.1358721012181131	-0.0095576236543469	0.000527617956128	9.13481699181314e-05	2.783807076287933e-07	0.0016520373570052	0.000264121337087	2.7292274289407267e-06	6.976008070467749e-08	-0.001254134879716	0.0001098998886286	1.2077985520578698e-08	1.5728542965202657e-06	0.0	0.0	0.0	0.0	0.0	0.0	0.0	0.0	0.0
970.620927959436	-2.2883948104444016	5.2367508084688685	942104.9857928366	1082.6811442189403	-0.1684435559557187	0.0283732315430073	1172198.4600472338	881.2812365939797	-0.662523970342022	776656.6179726139	0.4389380112777565	889.1140958083304	779.7103644586125	1.043579	20.684713	0.1588616352235733	0.0765211759058483	-0.0244047943	-0.1165466453	-0.1345776731	0.0878707731	-0.1525937068	0.1128788519	0.0364792795	-0.0400299566	0.1214912785	0.0474834205	-0.0120701045	-0.1880522248	-0.038539079	0.0580177066	-0.1697106009	0.0165226872	-0.1324315401	0.0660983677	-0.0767527981	-0.0953007653	0.0097789053	0.0018267052	0.0233575482	0.0891965112	-0.018513103	0.0132298174	0.0831237741	-0.0215091004	-0.0536322946	0.1644003922	0.065938294	0.0973175806	0.0113371245	0.0850653889	0.016308484	0.0685147499	-0.1163323743	0.100103754	-0.0264879824	-0.0967901955	-0.082080554	-0.0318383071	-0.0989406373	-0.0053792479	0.1229611597	0.0560558805	0.0743589727	0.0370422869	-0.0440592846	0.1803592181	-0.0281284927	-0.0739247695	-0.0994722604	0.0233431809	0.125455384	-0.0023196975	-0.0095828002	-0.0988992961	0.0142566169	-0.0444894832	-0.1478923972	-0.0695050963	-0.068737695	0.0326130266	-0.0464625295	0.0648528572	-0.0205569171	-0.0032292974	0.1196073106	0.0699848373	0.004319156	0.0511829299	0.0609209894	0.0563835464	-0.0764725606	-0.0165630891	-0.1312001678	0.0563429653	-0.0349297181	0.1125160639	-0.0016579776	0.1787441784	-0.0049072031	-0.0966525102	-0.030177255	-0.0566793084	0.1232763294	0.0152455446	-0.1649046298	0.0271773871	-0.018322995	-0.0120472814	-0.0113290979	-0.107960096	-0.0294347583	0.0957642439	-0.0644010093	0.0186381786	0.106376153	-0.0533273085	-0.0416095796	0.0442861062	-0.0214975005	0.0526277866	0.1238075205	-0.0439290727	0.0540487397	-0.0838433825	-0.1242524367	-0.0201956026	0.1370257866485644	-0.0297348161441277	0.0187760662066578	0.000884159291125	-0.1482347795023599	-0.0299826800840604	0.0219735498541132	0.0008989611050231	-0.4295264046476177	-0.06091807427768	0.0037110117737009	0.184492932289509	-0.0094690523197062	8.85713346407014e-05	8.966295183333335e-05	7.84488132003511e-09	0.0013088968281471	-0.000343140528858	1.7132109067335394e-06	1.177454225450165e-07	-0.0009213254488607	0.0003328094308553	1.1076211726622873e-07	8.488405827183703e-07	0.0	0.0	0.0	0.0	0.0	0.0	0.0	0.0	0.0
973.8533370942682	3.23240913483221	10.448468814946716	948390.3221696424	1081.057811588436	-1.6233326305043647	2.6352088292602205	1168685.9919963782	882.2556003650213	0.9743637710416806	778374.9443754442	0.9493847583185646	890.5144822973954	786.134240840908	1.128391	22.365786	0.2863076240024341	0.1547540609893735	0.0432837305	-0.1682774109	-0.032194371	-0.0407578357	0.1096878875	0.1389646302	0.0921695302	-0.0171011761	-0.044627957	-0.1287421532	0.0654480516	-0.0192004395	-0.0889447982	0.0467996285	0.0116261629	0.127426817	0.0553343538	0.0624258311	-0.1920627067	-0.0694986812	0.0185208244	0.0946997779	-0.0160768367	0.0912860065	0.034422868	0.1326459969	-0.0654753821	0.0600771593	0.0674373472	0.0633544878	0.0693468686	0.0375091529	-0.0530564239	0.1801673839	0.0537004593	0.0900098012	0.0301477919	0.0062992622	-0.0965087154	0.0547013283	0.027145157	-0.1022231922	0.2487132506	0.0096187684	0.0733621909	-0.0851602614	-0.1259354966	0.0324015782	-0.0689137207	0.0140099055	-0.0912229067	0.1104308578	-0.0486588602	0.1842788227	0.1129033487	-0.0166641666	-0.0488112928	0.083865214	0.0340570595	-0.0389451344	0.0824613885	-0.0601437323	-0.0573099389	0.0698397993	0.1753283432	0.0619505326	0.0652775132	-0.0278260457	0.0111298612	0.0518286766	0.1341523322	0.0011909748	0.11915816	0.044465308	0.1463639108	0.0288846082	-0.0208230779	-0.0555918431	0.015679919	-0.0828723542	0.1797667411	-0.0056063433	0.0286077863	0.0038060034	-0.0693697174	0.0612304653	0.1837044576	-0.015102664	-0.0665669669	-0.0897648737	-0.1206548226	0.0678025405	0.066024857	-0.0899203369	-0.152623536	-0.002941123	-0.0336915417	-0.0520255465	0.0074776104	0.1503069816	-0.0658999101	0.0804136301	-0.1148657638	-0.1334213378	0.0493448674	-0.0426640987	0.0509612127	-0.0888661936	-0.1211199807	-0.0067565429	0.1626180593293185	0.025592272680754	0.0264446332200337	0.000654964420966	-0.0263934877007443	0.1218412918016155	0.0006966161930093	0.0148453003878864	-0.3448240820351032	0.0847023226125145	0.0071744834559544	0.1189036475513515	-0.0089542720594264	0.0005147802602797	8.017898811422432e-05	2.6499871637373746e-07	0.0008820024652256	-0.0004268943629215	7.779283486640357e-07	1.822387970941534e-07	-0.000779565333911	0.0001417601149496	2.0095930190552143e-08	6.07722109835769e-07	0.0	0.0	0.0	0.0	0.0	0.0	0.0	0.0	0.0
976.5913043367224	2.737967242454147	7.496464620751965	953730.5757061008	1086.3687882196336	5.310976631197718	28.206472777128266	1180197.144017795	882.9299119564331	0.6743115914117652	779565.2294273947	0.4546961223122674	890.5133097397654	787.1774726851961	1.246383	24.704485	0.378301390806957	0.2319362226245633	0.01628287	-0.0174855117	0.0619369299	0.002940033	-0.0292341224	0.0452221132	0.0776068991	0.0900694615	-0.0462419776	-0.044931587	0.087761454	-0.0166993272	-0.1829517484	0.035057012	0.0092842881	-0.0569430903	0.0093268949	-0.0091556066	-0.102894034	0.1331186662	-0.0789093098	-0.0157211672	-0.0510595885	0.2141626648	0.007293948	0.0307817309	0.0167255557	-0.1747095796	0.0150328774	-0.1506635263	-0.0118844801	0.1315084949	-0.020880303	0.005484904	0.1381274848	0.0302057673	-0.1113363485	0.0590670232	0.0865941339	-0.0989581699	0.0970734228	0.1183231567	0.0499616522	-0.1541267986	-0.10810304	-0.0454170912	0.0377503069	0.0662318022	-0.0337962242	-0.0040185969	0.0912952852	-0.0025154384	0.0197048907	0.157904577	-0.0936315044	-0.0352173714	-0.144094199	-0.1528961443	0.0077574398	-0.0466029036	0.096884799	-0.1829360926	-0.0276978266	-0.0754414422	0.0399022215	0.0277952022	-0.0950966142	-0.1338276617	-0.0292153412	0.0047919834	0.0029575837	0.1021832686	-0.0410140969	0.0891682605	-0.0991421764	0.1141828261	0.1505207746	0.0233034285	-0.1976148504	-0.1180913155	-0.0572232637	0.0140969681	0.0294463252	-0.0831816913	-0.0367738803	-0.1354195305	-0.068737028	0.1528948679	0.0570748704	0.0061337496	-0.0727997377	0.1039308015	0.1803724977	-0.0824007802	-0.0485379971	0.1041121799	-0.0926818007	-0.0106946282	-0.0058913484	-0.0007416298	-0.108620949	0.0542047941	-0.0552062943	0.1315833973	0.1766223758	0.0680063153	0.0478387595	-0.0936454286	-0.1172407796	0.0067565429	0.1288005503368054	-0.033817508992513	0.0165895817670639	0.0011436239144587	-0.2354759466102081	-0.2090824589094638	0.0554489214319735	0.0437154746236276	-0.4369847449280684	-0.0921606628929652	0.0084935877848707	0.1909556672998489	-0.0092744656080625	-0.000320193548636	8.601571231513413e-05	1.0252390858817852e-07	0.0004069466380782	-0.0004750558271474	1.656055662431495e-07	2.256780389067004e-07	-0.0008491311583678	-6.956582445679998e-05	4.83940393235431e-09	7.210237241110419e-07	0.0	0.0	0.0	0.0	0.0	0.0	0.0	0.0	0.0
976.0693461166233	-0.5219582200991226	0.2724403835290441	952711.3684285324	1087.4062465651211	1.0374583454874935	1.0763198186216478	1182452.345068845	881.4225910419839	-1.507320914449224	776905.7839991644	2.2720163391360444	889.2151175247996	795.1451357970154	1.32271	26.217367	0.276283127386953	0.1729764232741504	-0.0897092743	0.0976091429	-0.0218136843	0.1265732115	-0.0597085321	-0.0253948998	0.022706751	0.2057963021	0.0739678828	-0.0591984423	-0.070429202	-0.1747125937	0.1038145474	0.0744119255	-0.0512920641	-0.1500308922	-0.2454567203	-0.0112230582	0.0321803632	0.0423180859	-0.0544181166	-0.0069890501	-0.0065870663	-0.094774409	0.0048401865	0.0609339172	-0.0607248254	-0.015717422	0.1513883448	-0.1786265716	-0.0163995831	0.029488071	0.023443797	-0.052951631	0.0139549259	0.0548231264	-0.0186823	-0.0503514656	-0.0760152357	-0.1515686076	0.077696304	-0.128683723	-0.0545170022	0.0256695806	-0.0218959699	-0.0480275798	0.1285566295	-0.003598416	-0.0633086756	0.0646123263	0.1350998468	-0.2188135995	-0.135378535	-0.0233099205	-0.0618432206	-0.0509517701	0.0476549988	0.0514954402	-0.0318287977	0.1032145421	0.1216719718	0.0170584017	-0.0152488372	-0.0286286663	0.0387576451	0.0614580201	-0.0433723065	-0.1207623714	0.0142916768	-0.0671584586	-0.0809153083	-0.015392704	0.1095289127	-0.0159229166	-0.0098674157	-0.0309564418	0.1193744684	-0.0838405206	-0.0561838587	0.0415969302	-0.0525182011	-0.0675282649	0.0304901232	-0.1953743175	0.0246925191	-0.0649068864	-0.1327514206	-0.2355829187	-0.0449400716	0.0378761522	0.0019876554	-0.0147192912	0.1142655049	-0.1565586221	0.0823639966	0.021139091	0.0729502478	-0.0802818373	-0.1185038156	0.052276037	0.0069334532	0.0631949172	0.0327368204	-0.0571845465	0.0003661097	-0.0812005546	0.0446835199	-0.098167988	-0.1126387502	0.0201956026	0.1028359069908617	-0.0259646433459437	0.0105752237666331	0.000674162704082	-0.2563297199667005	-0.0208537733564924	0.0657049253382071	0.0004348798632039	-0.6065719834828798	-0.1695872385548114	0.0287598314806465	0.367929571146355	-0.0099521840941009	-0.0006777184860383	9.904596824287495e-05	4.5930234631818033e-07	-2.7852211571310903e-05	-0.0004347988496495	7.75745689413065e-10	1.8905003965653801e-07	-0.000934163265274	-8.50321069062e-05	7.230459204907427e-09	8.726610061873817e-07	0.0	0.0	0.0	0.0	0.0	0.0	0.0	0.0	0.0
975.292019660037	-0.7773264565862519	0.6042364201089381	951194.523612554	1087.6373436337426	0.2310970686214659	0.0534058551254345	1182954.991266664	882.315778503654	0.8931874616700952	778481.132996509	0.7977838416846678	890.3446728957326	794.3456087475824	1.138094	22.558094	0.2294930592589181	0.1234078104665895	-0.0768452177	-0.0103068775	-0.1104083075	0.1551102796	0.0199343456	0.0154897002	0.1680042742	-0.0107579541	0.0469229703	0.1653444213	-0.092957249	0.0064792581	-0.064267555	0.05801275	-0.154623514	-0.1137212005	0.0195612499	0.1152302431	0.0746430223	-0.1197362415	-0.0175698386	0.0499509724	-0.0110540192	-0.0387362872	-0.011380335	-0.0066608083	-0.1048414377	0.0224523451	-0.0940824183	0.06802227	0.101895643	-0.1179602417	0.1719120607	0.0349996807	-0.0233358258	-0.0390663688	0.1367527952	0.0032073021	-0.164277927	0.0788061351	-0.0275739817	-0.0096753829	-0.0482540543	-0.0901429114	0.156927022	-0.2257001332	-0.0464512576	0.0572927815	-0.0265552347	0.162883087	0.102518826	0.0471524278	-0.029701924	-0.1384617522	0.1062868073	0.0037271078	-0.0010841538	0.0504165144	-0.0126876549	-0.0342997634	-0.0906527197	0.1144491742	0.0170157777	-0.0089232707	0.1267892684	-0.0208072472	-0.0070401863	0.0339656137	0.1123009606	0.0140914453	0.0871418761	0.0540089096	-0.0492896471	-0.2607176992	0.0205221822	-0.0539794767	-0.058022437	-0.1431439097	-0.0998760891	0.0297085433	0.0809203261	-0.2452239737	0.0147769527	-0.1213696289	0.0079976923	0.1375073044	0.0039751505	-0.0612164764	-0.0569041875	0.0266737267	0.0699491052	-0.0075964378	0.0717949698	-0.0771082758	-0.0242504381	-0.1359192071	0.1371202092	-0.0125850774	-0.0149592873	0.1969414265	-0.1212593852	-0.0032316116	0.0174949728	0.1469519092	0.0267504873	0.0008544803	0.0414976565	-0.1024214758	-0.1073422654	0.033413395	0.1312763445946672	0.0284404376038054	0.0172334786501378	0.0008088584910959	-0.1700313433712779	0.0862983765954226	0.0289106577286414	0.0074474098030053	-0.5243362517615395	0.0822357317213402	0.0067627155717442	0.2749285049113406	-0.0097136703094592	0.0002385137846416	9.43553908808692e-05	5.6888825464107154e-08	-2.398223508981445e-05	3.869976481496454e-06	5.751475999031273e-10	1.4976717967335677e-11	-0.0013421497709178	-0.0004079865056438	1.6645298878743846e-07	1.801366007574703e-06	0.0	0.0	0.0	0.0	0.0	0.0	0.0	0.0	0.0
974.9680219496488	-0.3239977103881983	0.1049745163367948	950562.6438244109	1089.9798854811368	2.342541847394159	5.487502306792839	1188056.150753472	882.4258817479487	0.1101032442946916	778675.4367786447	0.0121227244042165	890.1569415845369	788.1321709590641	1.038101	20.576145	0.0835861799487058	0.0394659646933782	-0.0264372456	-0.0244897204	-0.1251187368	0.0257780045	-0.0380765104	-0.0007974926	0.0513012861	-0.0128719748	0.0992377813	0.0557205968	0.1391049505	-0.0853216113	-0.1514515319	0.0344693517	-0.1613357115	-0.0085887005	-0.0750381794	-0.0179484855	-0.0121822178	-0.0034700251	-0.0651480746	-0.06877741	0.0384329647	0.223616621	0.071606783	-0.040756107	0.073046618	0.0369287638	-0.077852758	-0.0481149997	0.0424203943	-0.0841950542	0.0356649977	-0.1261101898	0.0024048194	-0.0933709549	0.0501469751	-0.0441678408	-0.0141524932	0.1747262479	-0.1176243464	-0.1865375126	-0.0263667193	-0.0778858864	-0.1376761264	-0.0241394839	0.0573470323	-0.1660803687	-0.0065949743	0.1634877674	-0.0083452345	-0.0676088322	0.0205664383	0.0124034178	-0.0025907028	-0.0461098413	-0.0265254573	-0.1605670139	0.1390793823	-0.0392537354	-0.0427482117	0.0182319416	-0.1094160883	0.0021667269	-0.0497678262	-0.0190165316	-0.138917697	0.0997432755	-0.0698813368	-0.1561111066	-0.0223254907	-0.1230195012	-0.0411326354	-0.0542538878	0.0315769122	-0.0423480924	-0.0132942666	-0.1908489773	0.0672434512	-0.1659314253	-0.1013045823	0.1251962566	0.0230562973	-0.1009892859	0.0136852896	-0.078389105	-0.0247089554	0.1057112318	-0.0539917777	-0.0347480746	-0.0064855608	-0.0656326266	0.0735170253	-0.0388237601	-0.0449735776	-0.0080216254	0.0209039548	-0.0448452254	-0.1001577889	0.0656424401	-0.027967737	0.1781877001	0.065019751	0.167389992	0.0755274388	0.0184557673	0.0382833527	-0.1063942335	-0.1013839798	0.0462651033	0.1272594097951156	-0.0040169347995515	0.0161949573814011	1.6135765183848582e-05	-0.1963313765636911	-0.0263000331924131	0.0385460094233938	0.000691691745922	-0.5114052763310042	0.0129309754305353	0.0001672101255851	0.2615353566591907	-0.0100069714346602	-0.0002933011252009	0.0001001394772941	8.602555004417262e-08	0.0002578786083258	0.0002818608434156	6.650137663205137e-08	7.944553505096154e-08	-0.0015737525328253	-0.0002316027619075	5.363983932318213e-08	2.476697034574047e-06	0.0	0.0	0.0	0.0	0.0	0.0	0.0	0.0	0.0
975.6134968128712	0.6454748632223755	0.4166377990519443	951821.6951634382	1089.7590269939208	-0.2208584872159917	0.0487784713753364	1187574.736914737	882.6778055590802	0.2519238111315189	779120.1084265934	0.0634656066150292	890.6631356490286	797.272910537484	0.944341	18.717739	0.1832662248080328	0.0850460344644662	-0.003036194	-0.0486242882	-0.0348841522	-0.1376354718	0.0443711944	0.0173344165	-0.0619186598	-0.0181852662	0.0354950497	-0.1276515743	0.0822551472	-0.0509363537	-0.0495852024	0.0218190164	-0.0312159425	0.0895098589	-0.0465647649	-0.0041521645	-0.0311055651	0.06291839	-0.0783887283	-0.0576976373	0.132570867	0.0610244807	-0.0811792335	0.00012778	-0.0330150498	-0.0935638706	-0.1666714681	0.1132615378	0.0766614182	-0.0535595119	0.196507494	0.0230784054	-0.0293329855	-0.1682480378	-0.0758552794	-0.0860917838	0.042438084	0.0850717971	0.011249591	0.0609938056	0.0028174721	-0.0918713913	0.0494415765	-0.0498139621	0.1869622113	-0.094797472	-0.0151280972	0.0284736189	-0.0949305813	-0.0357712055	-0.0056752066	0.0470935849	-0.0674916901	-0.054979328	-0.0037191988	-0.0146860771	0.0803146873	-0.0435348515	-0.1712222853	-0.0124778316	0.0304617798	0.0821053599	-0.029034643	-0.0521213769	-0.0844064113	0.0391502296	0.1333246837	-0.037541729	-0.0402754501	0.0386324645	-0.2177769968	-0.1068675519	0.0138985874	0.1220087092	0.0410359558	-0.1205609195	-0.108206912	-0.0127068731	-0.0560362613	0.0677096155	0.0074503007	-0.0200205453	-2.40193e-05	-0.128044776	0.0139167179	-0.006026136	-0.0168871792	-0.0705807663	-0.1053331324	0.0511987739	0.0696795535	0.0231001351	-0.0717345658	0.0451669477	0.0417346712	-0.090126137	-0.0755411908	0.0838744253	0.0056590519	0.1139143826	-0.0100150807	0.0907064222	0.1274969456	0.0383474471	0.0350428114	-0.1100753719	-0.0948006283	0.0586099215	0.143911739652367	0.0166523298572514	0.0207105888097706	0.0002773000896747	-0.1462569669088225	0.0500744096548685	0.0213911003693684	0.0025074465022835	-0.4599310322384013	0.0514742440926028	0.0026495978049048	0.2115365544158813	-0.0106191970893161	-0.0006122256546558	0.0001127673468217	3.748202522188452e-07	0.0007432938058167	0.0004854151974908	5.524856817654741e-07	2.3562791395512939e-07	-0.0013700885609059	0.0002036639719193	4.1479013457986146e-08	1.8771426647252e-06	0.0	0.0	0.0	0.0	0.0	0.0	0.0	0.0	0.0
975.556079704076	-0.0574171087952208	0.0032967243824022	951709.6646475854	1089.5154981737012	-0.2435288202195806	0.0593062862775408	1187044.0207606882	883.0321861084174	0.3543805493371792	779745.8417034106	0.1255855737485209	891.3045615748355	789.3572502831106	1.216347	24.10914	0.4314200667342772	0.1999330940870842	0.1521089446	-0.0351029864	0.1259067061	-0.1528224851	0.0090299556	0.02671272	-0.1797816783	0.0358278642	0.0295148047	-0.1109483839	0.010280866	0.0333537043	0.0479346557	0.0826019403	0.0845006335	0.1522282323	-0.0283372815	-0.1521140698	-0.0738679044	0.1089894942	-0.0254775999	0.050688218	-0.0465502253	-0.0717302787	-0.2916849161	0.1780065682	0.0429607788	0.1402598764	0.012278349	0.1125046899	-0.1356558365	0.241760749	0.0797217274	-0.0360661626	-0.1834026011	0.0114122647	0.155345859	-0.1121356618	0.0168046153	-0.0116074304	0.1164863528	-0.0605450366	-0.1239654382	0.1631299323	0.1075827111	-0.0420475936	0.1732950841	-0.008370996	-0.0883881868	-0.0833930271	-0.1523393074	-0.0916515034	0.0539873605	0.0902438547	-0.1016519696	-0.0311890332	0.0177993844	0.2095338461	-0.1464543149	-0.1089458638	0.0840357043	-0.2138777254	-0.0719339664	0.0109976356	-0.1210260486	-0.0544121693	0.1622387867	-0.1979294613	0.016461831	0.0395865646	-0.1130511166	-0.1014217443	-0.1148502252	-0.1660287356	0.0426697995	-0.1787554385	-0.0688906536	-0.0759181184	0.0386531314	0.1428074074	0.068955091	0.064214454	0.0779618294	0.1365913052	-0.0733308299	-0.051526545	0.2298419426	-0.1521660731	0.2128579938	-0.0968470519	0.0052465828	0.1161648659	0.0017608318	-0.0765410092	0.029198724	0.1360910798	-0.0502396427	0.1018683752	-0.0267196969	0.0545520092	0.1113526021	-0.1125909932	-0.0312249636	-0.0435929138	0.274308213	-0.052740262	0.0317782535	-0.1134548014	-0.0876327994	0.0703125971	0.1645043443786988	0.0205926047263317	0.0270616793194655	0.0004240553694149	-0.0296321970682669	0.1166247698405556	0.0008780671030926	0.0136013369403625	-0.3211180581592714	0.1388129740791299	0.0192690417726931	0.1031168072759812	-0.0091139122378246	0.0015052848514914	8.306339627876901e-05	2.2658824841297864e-06	0.0018789140085109	0.0011356202026942	3.5303178513784987e-06	1.2896332447672162e-06	-0.0018369778684854	-0.0004668893075794	2.179856255320649e-07	3.3744876893051637e-06	0.0	0.0	0.0	0.0	0.0	0.0	0.0	0.0	0.0
978.8239881177292	3.267908413653231	10.679225400025578	958096.3997146965	1093.40597771979	3.890479546088727	15.135831098534748	1195536.6321133696	882.6839253365855	-0.3482607718318604	779130.9120476028	0.1212855651969231	891.0562213496158	794.0784743571257	1.689022	33.478008	0.5971955959899403	0.3368420934322669	-0.0103604987	0.0690783821	0.1128005561	0.1430215729	0.2391620419	-0.0575617495	0.2037402432	0.1798175575	-0.1246356446	-0.111452533	0.0702759592	0.1467179055	0.0293385407	0.1014828777	0.0169609642	-0.1746820583	0.155507046	0.0189028606	-0.0479916187	0.1869252314	-0.1343337169	-0.0507418837	0.0331145431	-0.030071001	-0.0181608063	0.0785133696	-0.1232864775	0.1142705865	0.0291987473	-0.0886387585	0.0432340492	-0.0987468363	-0.1812616304	-0.1122624	-0.1108993083	0.0094075097	0.0114492867	0.0330078551	-0.0686383615	-0.0298504892	0.023466613	0.0821972758	-0.1901631681	0.0450196586	0.0194172875	0.0307620829	-0.017827637	0.0191570972	-0.1046240562	-0.0081233223	0.2296876228	0.1212653224	0.0483231035	0.070369544	-0.184314783	-0.0946095831	0.0420464918	0.0883020432	0.0209681447	0.0225984619	0.0982820079	0.0417825739	-0.082067966	0.1084185863	0.0063750532	-0.1483637931	-0.0735756074	-0.0203465301	-0.1466755016	0.116587381	-0.023770943	-0.0907915839	0.0951082311	-0.0531281038	0.0677019833	-0.0655142403	-0.0817777526	0.1250328468	-0.0990586083	0.0469928481	-0.060364751	-0.1386328411	0.095452276	-0.1492034098	-0.0235649946	0.1781879043	-0.0960257838	0.0341782252	0.2197333738	-0.0699416661	-0.108190898	0.0558250419	0.0528697633	-0.084461807	0.0864658713	0.0163607709	-0.0096961423	0.1347761059	-0.0801435909	0.0224032019	0.1113505173	-0.0054281625	0.1608470106	0.1090344238	0.0171264417	0.0521989229	0.0284919163	-0.1165232592	-0.0799246852	0.0812449131	0.1373539508011276	-0.0271503935775711	0.0188661078006785	0.000737143871417	-0.2797729349987463	-0.2501407379304793	0.0782728951578127	0.0625703887724047	-0.5297468340465912	-0.2086287758873197	0.0435259661282414	0.2806317081823866	-0.0079837683287909	0.0011301439090337	6.374055672780463e-05	1.277225255125974e-06	0.0008616593672212	-0.0010172546412897	7.424568651200389e-07	1.0348070052254365e-06	-0.0019150930900534	-7.811522156799997e-05	6.101987840617728e-09	3.66758154357028e-06	0.0	0.0	0.0	0.0	1.0	0.0	0.0	0.0	0.0
975.6453912665378	-3.1785968511914007	10.103477942403888	951883.9294996356	1082.4852419766512	-10.92073574313872	119.26246917146764	1171774.299097249	883.0182615960189	0.3343362594333712	779721.2503120552	0.1117807343718984	891.3982834866173	796.7120726611906	1.465378	29.045174	0.2994118582796244	0.1594688217894534	0.0544449792	0.0926696168	0.1028052046	0.0027819299	-0.104557647	0.0479772552	-0.0799589988	0.0196135739	0.0264066222	-0.0635040325	-0.1181707645	0.0318946686	0.0589091364	0.0576354059	0.0455708959	0.0227316547	-0.1374350358	-0.0083150639	0.1352486311	0.1708923464	0.0374497053	0.0807942969	-0.1331410308	0.144544618	0.0638121197	-0.1665036849	0.1247876986	-0.0436240603	-0.0674612125	-0.1142807948	-0.1624524719	-0.0992236278	0.0116249246	0.1066923472	0.0828135876	-0.0854400181	0.1336567019	0.048236815	0.1774528644	0.1448711154	-0.0175349184	0.0741033596	0.056149794	0.0823285233	0.0287644054	0.0991212137	-0.0261044307	0.1216595676	-0.0575852206	-0.0520243054	-0.0343075461	-0.119752583	-0.0769765168	-0.0908320843	-0.1915522338	0.1335841084	-0.1457847146	-0.1221938942	-0.0042007794	-0.0341468692	0.0911884145	0.0442963658	0.043231053	-0.1795801675	-0.0546227093	-0.037232917	0.0082838377	0.2202142991	0.0016794918	-0.06059933	0.1121386238	0.0251591581	-0.1713739162	0.0906891471	0.0370187931	-0.0498671003	0.0332298437	0.0753370311	0.1597766215	-0.0789017575	0.0308636207	0.0130175849	0.0781383995	0.0211910989	-0.0661297504	-0.1608445887	-0.0931564039	0.0310931	0.062702044	0.0678983796	0.0918199205	0.0271963249	-0.0279715653	0.1037672678	0.0695852654	-0.1648327873	-0.0245928828	-0.130331391	-0.1724575645	0.026897407	0.046379351	-0.0520879991	0.0660456834	-0.0146825475	0.0648123303	-0.0310851712	0.0251860523	-0.1192723348	-0.0717238087	0.0912870929	0.1031885228666595	-0.0341654279344681	0.0106478712514031	0.0011672764659453	-0.1465382904146821	0.1332346445840641	0.0214734705576577	0.0177514705174419	-0.4628294987048491	0.0669173353417421	0.0044779297692391	0.2142111448713819	-0.0086271677652062	-0.0006433994364153	7.442802364901295e-05	4.1396283477952674e-07	0.000569193889472	-0.0002924654777492	3.239816838122634e-07	8.553605567506782e-08	-0.0015490689958309	0.0003660240942225	1.3397363755140157e-07	2.3996147538445527e-06	0.0	0.0	0.0	0.0	0.0	0.0	0.0	0.0	0.0
972.615904919919	-3.029486346618796	9.177787524349702	945981.6985031927	1083.2319506360338	0.746708659382648	0.5575738219970314	1173391.458878747	882.9657286889592	-0.0525329070596853	779628.4780392246	0.0027597063241415	890.6719526993601	782.5609838483754	1.229979	24.379351	0.2540895286158383	0.1462086445501235	0.0907565682	-0.0464234997	0.0490539403	0.1079543382	0.0540418449	0.1312518461	-0.0007501864	-0.0271160056	-0.0432247936	0.0378424662	-0.0940565106	0.035350417	-0.063963122	0.0754259776	0.0373945014	0.0594446043	0.0476591311	0.1260814214	0.0757800593	0.0802460551	0.0802031899	0.1067097822	-0.0991531193	-0.1177802684	0.1208444568	-0.0815563687	0.2300126963	-0.1339061991	-0.1587207984	0.0770941276	0.1161747196	0.0220291364	0.0247820204	-0.0139027226	-0.0549361816	0.0038405111	0.0520435459	-0.100899681	-0.0280664891	-0.1146999634	0.0417841425	0.0834284865	-0.0266237456	0.1228546903	-0.0800371824	-0.0223487459	0.0098333874	0.269696104	-0.0735886294	-0.0335831692	-0.0417330997	0.0819330739	-0.017852056	-0.0950767699	-0.018946003	0.1523348467	-0.0744722755	-0.0032531097	-0.1647881855	0.0790449071	-0.248314223	-0.1079104753	-0.0174313382	-0.149382287	-0.0413025193	0.1545182219	-0.0944245588	0.1420993454	-0.0457111455	-0.0094822696	-0.0150817348	-0.0289725287	-0.0005120828	-0.0486944938	0.0200460064	-0.0850969002	0.1271077319	0.1780719752	-0.1079692846	-0.0099310713	0.0976147691	-0.0555647654	0.0746910748	0.0991809013	-0.0965700232	0.1500725141	-0.0082032048	-0.0779524473	0.0055925491	0.0298560931	0.1050247677	0.0549034745	-0.0143544742	0.0564078186	0.0180083898	-0.1136416677	0.1166550873	-0.0833584747	0.0086977311	-0.1059108196	0.1426311619	0.0111916395	6.64141e-05	-0.029640182	0.0152515128	-0.034455132	0.0218629269	-0.1216944932	-0.063080731	0.1003291122	0.0904946026460322	-0.0126939202206273	0.0081892731080632	0.0001611356105676	-0.0500547550149264	0.0964835353997557	0.0025054784996042	0.0093090726032359	-0.3651622154512637	0.0976672832535853	0.009538898218136	0.1333434435932751	-0.0094251636952891	-0.0007979959300828	8.883371068299567e-05	6.367975044288708e-07	0.0006489989830575	7.980509358549998e-05	4.211996800096692e-07	6.3688529621904114e-09	-0.0014819742246619	6.709477116899993e-05	4.5017083182204646e-09	2.19624760256224e-06	0.0	0.0	0.0	0.0	0.0	0.0	0.0	0.0	0.0
973.109031916798	0.4931269968790275	0.2431742350509284	946941.1879980478	1083.2875109255572	0.0555602895233278	0.003086945771916	1173511.831327289	881.4364945956744	-1.5292340932847992	776930.2940051103	2.338556912064582	890.0076561375669	778.8552299483797	1.034916	20.513014	0.2782131501020853	0.1709160096379547	0.0650103179	0.0111779993	0.1204033495	0.0867418671	0.0232016391	0.086358335	0.0023561939	0.0846654564	-0.0956274669	-0.0510231825	0.0007899051	-0.0166478677	-0.0553974459	0.0899895248	0.1391282867	-0.0460025959	-0.0106159463	0.0627744157	-0.0831114297	0.0658481651	0.0320918421	-0.1048254299	-0.0953364434	0.0743127633	0.0938194849	0.0948069631	0.0630202246	0.101713223	0.0408422082	0.163951561	-0.0464250832	0.0224048433	0.1449428667	-0.0880184403	0.0123090908	-0.0591880753	-0.0320725376	0.1329435015	0.1237408812	-0.1110925917	0.1374887392	0.0703595674	-0.0645817959	0.0510550085	-0.0129876034	-0.0660968899	-0.222552683	-0.1805198667	-0.1110850897	-0.1239139376	0.0757141986	0.0307033902	-0.0497372922	0.0703707208	-0.0082561666	0.0397863637	-0.0475493421	-0.1348232082	-0.0840980476	0.0319753462	0.1152567676	-0.0413319444	-0.1213474155	0.1430839205	-0.1102514567	-0.0502863373	0.1447940503	-0.0094877522	0.0974706616	-0.0970114306	0.0227155821	0.1103072324	-0.0286892724	-0.120727152	-0.2204534022	-0.0119901045	-0.0309373901	0.1921180991	-0.0779140296	-0.0459186079	-0.0572643506	0.0423053972	0.0786975429	0.0092399931	-0.0598098768	0.0187110371	-0.1446631483	0.023472333	0.0194407101	0.023505044	0.0033648617	0.1127272147	0.0109836732	0.0501085492	0.0706621346	-0.0828699244	0.069857684	-0.0767951116	0.0394631822	-0.0969921694	0.0862774444	-0.1136717717	0.222124598	0.0287511187	-0.0781363805	0.0066031092	0.0185248178	-0.1237830955	-0.0540487397	0.1082719048	0.0757482034156709	-0.0147463992303612	0.0057377903207018	0.0002174562902612	-0.1926532527741642	-0.1425984977592378	0.037115275804466	0.0203343315631913	-0.45155839654565	-0.0863961810943862	0.0074643001076939	0.2039049854908785	-0.0088686545670459	0.0005565091282431	7.865303382958409e-05	3.097024098180056e-07	0.0006009585225381	-4.804046051940002e-05	3.6115114581117603e-07	2.307885846916032e-09	-0.0015668660762613	-8.489185159940007e-05	7.206626467974565e-09	2.4550693009384825e-06	0.0	0.0	0.0	0.0	0.0	0.0	0.0	0.0	0.0
974.5709884666004	1.4619565498023803	2.13731695351008	949788.6115607666	1087.640720648167	4.35320972260979	18.950434889024407	1182962.337212064	882.6549220487118	1.2184274530374068	779079.7114168175	1.4845654583152224	891.3092705174496	788.0265606458843	1.041544	20.644381	0.363982252231274	0.2152665304391006	0.1544452631	-0.0330648943	0.1129764087	-0.0130726728	0.0865749886	0.065804017	-0.0695239074	-0.0169808811	-0.056620558	-0.0602657053	0.0199656707	0.099394646	0.0182391072	0.1075161231	0.171359236	0.0697562513	0.0896429088	-0.0165916379	-0.0728513557	0.018794581	0.0966497156	0.1037425417	-0.0543660277	-0.0993596361	0.03381325	0.0529072763	-0.1711125768	0.0353995107	0.0997165586	-0.0908075377	-0.0689024591	-0.2522513816	-0.0173747307	0.0616248236	-0.1108557282	-0.0918441749	-0.0624982769	-0.1266462782	0.0479524806	-0.1128243787	0.094130144	0.0761693036	0.0810390673	-0.0139524994	-0.0400755478	-0.0206257994	0.058878218	-0.0669766224	-0.1206545211	-0.14524497	-0.0567443446	0.0563087358	0.055829179	0.0611387706	0.0214755107	0.1219651896	-0.0388538799	0.1699810598	-0.0612760539	0.0618185132	0.1066825234	0.1481846096	0.0481993247	0.0569005226	0.0906543033	-0.0274956774	0.0434468416	0.1409963346	-0.0124859952	0.0961467001	-0.0855817588	0.0260286354	-0.0663090482	0.0304982892	0.0376916677	0.0515700848	0.1894910783	0.0294182645	-0.0811145124	0.0002367314	0.0337787818	-0.0972815916	0.1037176087	0.1421077037	-0.1188719352	0.0685031607	0.0429109257	-0.0153540558	0.0560606963	-0.0439178963	0.0152254942	0.044060292	-0.0388998732	0.0912455483	-0.0076195052	-0.0955534056	0.0309737942	-0.0450622026	0.0259194631	-0.0727070133	0.0654508023	-0.0017771483	-0.0477231102	-0.0590069543	-0.0304376423	-0.1122609497	0.0151740128	-0.1255324169	-0.0446835199	0.1150284477	0.1091391469759059	0.033390943560235	0.0119113534026283	0.0011149551118427	-0.0156640625674668	0.1769891902066974	0.0002453628561175	0.0313251734500225	-0.3337326392658184	0.1178257572798315	0.0138829090785657	0.1113774745113288	-0.0085429160843544	0.0003257384826915	7.298141522432111e-05	1.0610555910616089e-07	0.0009279443904655	0.0003269858679274	8.610807917963883e-07	1.069197578242351e-07	-0.00150406320319	6.280287307130019e-05	3.944200866009842e-09	2.262206119190163e-06	0.0	0.0	0.0	0.0	0.0	0.0	0.0	0.0	0.0
974.6256584282444	0.0546699616439809	0.0029888047061543	949895.1740666887	1087.2292354963558	-0.4114851518111209	0.1693200301610212	1182067.4105179904	882.9990235319086	0.3441014831968232	779687.2755583042	0.1184058307382536	891.3823476289448	785.6070021109773	0.975095	19.327303	0.2060392439614563	0.1260365232923315	0.1603429927	-0.0519662872	0.0892829318	-0.0429776939	0.169647944	0.0782701045	0.0175343132	0.0370464079	-0.1361894536	-0.0729601148	0.105609706	0.0905248613	-0.058066295	0.1172267658	0.1220319982	0.0957218064	0.2205139616	-0.0151959243	-0.0664162743	0.0840609298	0.033995177	-0.0094100788	0.0334143113	-0.0064494091	0.1095422996	-0.0799923132	-0.1003887038	-0.0993975806	-0.0164517853	-0.0820301582	-0.0617683986	-0.034543272	-0.0959000711	0.143122699	-0.0763729559	0.0316158955	0.054109413	0.0104563733	-0.033456527	0.0506851004	-0.0065486926	-0.1267237202	0.0226573783	-0.2739426157	0.0239093188	0.1519370415	0.0091056991	-0.0135802382	-0.1368800736	-0.1245507196	-0.0403343282	0.161998226	0.1218064334	0.1199694242	-0.061328015	0.02368622	-0.0659365079	-0.0536928379	0.0664083779	0.0410102681	0.0466718073	0.0556427749	0.1427271596	-0.0540398165	0.0385367009	-0.0056398523	0.01618415	0.0665822276	0.06334438	0.2029756743	0.0218237148	0.0250715554	0.0663055043	-0.0065650547	0.062940965	-0.032249458	0.0138808946	-0.1712114245	-0.0348834995	0.0541205067	0.0295288012	0.0961256544	0.1221766505	0.1033611883	-0.1045637509	0.0483094792	-0.0884690183	0.1348611835	0.0466143887	-0.1456259717	-0.0835183605	0.0577813533	0.0370983295	0.1551519869	0.0314965235	0.0103887957	-0.0389909773	0.02778912	0.0325844489	0.0086142207	0.017766144	-0.0615482916	-0.0759727127	-0.0678400586	-0.0365738674	-0.0927012562	0.0118128082	-0.1269376627	-0.0350428114	0.1205247148	0.0981086685904983	-0.0110304783854076	0.0096253108526002	0.0001216714534109	-0.1367553404630683	-0.1210912778956015	0.0187020231451697	0.0146630975823897	-0.3251439233992812	0.0085887158665372	7.376604023610785e-05	0.1057185709234776	-0.0079883091148265	0.0005546069695278	6.381308251402013e-05	3.075888906489208e-07	0.0004623684050106	-0.0004655759854549	2.1378454195204625e-07	2.167609982323013e-07	-0.0012176707218946	0.0002863924812953	8.2020653342536e-08	1.4827219869593162e-06	0.0	0.0	0.0	0.0	0.0	0.0	0.0	0.0	0.0
973.839228685937	-0.7864297423074049	0.6184717395856913	948362.8433276206	1089.6632247198197	2.4339892234638683	5.924303539938244	1187365.9433067965	883.363674225774	0.3646506938654283	780331.3809416594	0.1329701285365383	891.2030544481779	781.4157443665712	1.046017	20.733044	0.1508363097940809	0.0721240564331586	0.1821061965	-0.0946027439	-0.0029285243	-0.101930167	0.0117024873	0.0978418918	-0.0639616599	-0.0800372024	-0.0078160982	-0.1410168561	0.0954831892	0.0736597598	0.1771384304	0.0907191371	-0.0589593376	0.2035451653	0.0391150321	-0.1219394228	0.0586912948	0.0348010717	0.0879930838	-0.1433307395	0.0004168042	-0.0382136639	-0.0018762642	-0.131748937	0.0036670683	-0.0434144221	-0.1132084867	0.0068762922	-0.0869647088	0.1207291322	-0.1812750073	-0.1859583455	-0.212923469	0.072551415	-0.0606833111	0.0808365279	-0.0474014416	-0.0113786788	-0.0636632682	-0.0094706425	0.0247812035	0.0853959302	0.0280157283	0.1206855602	-0.0447802965	-0.0554133548	-0.092480765	0.0332138371	-0.2178697872	-0.0123302036	0.1357553688	0.0105870974	-0.0921184053	0.0718587412	0.1068726492	-0.140837902	-0.05385239	0.0215164896	-0.0442317404	-0.0201912087	0.1020214301	-0.0361656223	-0.0606372216	-0.1319877374	-0.0197886407	-0.0517061754	-0.0886468243	0.1069380079	0.0272756505	-0.234596129	0.1149347992	-0.0330708813	-0.0293960393	0.1318641591	-0.0880198322	0.1025768383	0.1761476619	0.1090956302	0.0017979629	-0.0313893566	0.1027390801	0.1532185517	-0.1046509657	-0.0410366846	0.0170486142	-0.0087166556	-0.0556797975	-0.0904214027	0.0053668363	-0.120695827	-0.0093574865	0.1949730393	0.1263142373	0.0173386683	-0.1312020925	0.0610668387	0.0079763686	-0.0458522845	0.0741435431	-0.0115743541	-0.0276938594	-0.0167596161	0.0110616803	0.1246940657	0.0084435077	-0.1279949812	-0.0251860523	0.124700488	0.116490125070328	0.0183814564798296	0.0135699492389006	0.0003378779423198	-0.0829829546598688	0.0537723858031995	0.0068861707640818	0.0028914694749681	-0.2893953016393595	0.0357486217599217	0.0012779639577339	0.0837496406109358	-0.0084040971875542	-0.0004157880727277	7.062884953785642e-05	1.7287972142261588e-07	0.0007179208204648	0.0002555524154542	5.154103044568515e-07	6.530703704447605e-08	-0.0014050071487353	-0.0001873364268406	3.5094936821440916e-08	1.9740450879972973e-06	0.0	0.0	0.0	0.0	0.0	0.0	0.0	0.0	0.0
973.5434505294538	-0.2957781564831521	0.087484717852572	947786.8500687951	1087.773315693909	-1.889909025910811	3.571756126219149	1183250.7863357204	882.6829974181138	-0.6806768076602339	779129.2739310259	0.463320916486527	891.0978994871441	783.7172603587535	0.954328	18.915682	0.1577452249692026	0.0887042944333018	0.1019815267	-0.0455413881	-0.0209268409	0.0004166791	-0.0522936588	0.0472071488	-0.0016025372	-0.1508787332	0.0242979787	0.0456221825	0.0710184242	0.0102254757	0.1665140285	0.0650395917	0.0067753681	0.0767676037	-0.0135929384	-0.0925757385	0.0497360562	-0.0873953064	0.1366078777	-0.1754856253	-0.0392672731	0.0068879135	0.0444418095	0.062758286	0.1567479598	0.0821940743	0.0313575743	-0.0837239578	-0.0079362798	-0.1258346516	-0.2144387968	-0.2461063655	0.0932891059	-0.0081428462	-0.1284286953	-0.005741595	-0.0332078732	0.1379190028	-0.1646280916	-0.1732582804	0.0836994921	-0.0459626987	0.0724691259	-0.1102780335	-0.023307175	0.0770838738	-0.0601333397	-0.0049131279	-0.0872337896	-0.0326550568	0.0789262986	-0.0371960507	0.065756092	0.0685956635	0.1875742269	-0.0776654239	-0.0418517078	0.0280801401	0.1057709096	0.0337191136	-0.1177327625	0.0316383109	-0.1513775097	-0.0736883727	-0.1515478508	0.0918214675	-0.159010095	-0.0852508313	0.0224565506	-0.0723635037	0.1909903753	0.0810140357	-0.1062165242	0.1165373952	-0.0521353662	-0.2641587135	0.1263478532	0.011501657	0.0902779784	-0.1856041774	0.0488140811	0.1188750995	-0.067092984	-0.0042601536	-0.001670134	-0.019481	-0.0357873416	0.0341970142	0.0682226984	-0.0556002522	-0.0348181108	0.1399480034	0.1026627428	0.0129560307	-0.0095318908	0.0490610318	0.1117173188	-0.0654772006	0.042961096	0.0227629641	-0.0977425675	0.0760352958	0.1103284829	0.0280014163	0.0050684204	-0.1287014744	-0.0151740128	0.1275100165	0.1163230110210804	-0.0001671140492475	0.0135310428930103	2.79271054559253e-08	-0.1031962882646411	-0.0202133336047723	0.0106494739115989	0.0004085788554178	-0.3455530163700473	-0.0561577147306878	0.0031536889237733	0.1194068871224381	-0.009799519701264	-0.0013954225137097	9.603058637546126e-05	1.947203991768174e-06	0.0008608259114706	0.0001429050910058	7.410212498591893e-07	2.0421865035375993e-08	-0.0014908207957096	-8.58136469743e-05	7.363982007029786e-09	2.2225466449202044e-06	0.0	0.0	0.0	0.0	0.0	0.0	0.0	0.0	0.0
972.8173701244187	-0.7260804050350771	0.5271927545759016	946373.6356157904	1085.0869838169642	-2.686331876944678	7.216378953089116	1177413.7624489968	883.5590749742075	0.8760775560937191	780676.6389692773	0.7675118842911435	891.4590988359953	781.5976914465734	0.946234	18.755247	0.0944531047363272	0.0490515225375513	0.0122092714	-0.042294394	-0.0177164116	0.0898401024	0.0160181022	0.0706811183	0.0458278697	-0.1101900408	-0.0376360512	0.1039104071	-0.0786811037	0.0246169483	0.0841427247	-0.0193031679	0.0009258486	-0.0818848688	0.1033300562	0.0246829928	0.107077649	-0.1155613141	0.0849685342	-0.0434787335	0.0148430031	-0.0980204192	-0.0481636893	-0.1054427833	-0.0443614885	-0.1293620436	-0.0148885834	0.0680477275	-0.1802275708	-0.0084681875	0.1402145145	0.0217834631	0.0684008428	0.0324058871	0.0169080869	0.1229823776	0.1033757401	0.0379114612	0.0164358004	-0.0903184341	-0.026378799	0.0073114204	-0.205243563	-0.1836733525	-0.0788739443	-0.1598270509	0.0179850914	-0.0042989708	0.0548307695	0.0832489467	0.0467116343	-0.1195573065	0.0998432031	0.0499163949	0.0817049807	-0.0025308256	-0.0266432861	-0.015770034	-0.0350235311	-0.0027853005	0.2308434124	-0.059570047	-0.0408913867	-0.0220825756	0.0963779053	-0.0105028753	0.0720890703	-0.0665761557	-0.0409614717	0.1395354891	0.0977429222	-0.0649595225	-0.0757119343	-0.0034763684	-0.0451819629	-0.0539194048	0.1302238458	-0.2104314078	-0.174346345	0.034870255	0.0009709467	0.072895072	-0.0130969111	0.1505302376	0.0173582459	0.0002004002	-0.0686043751	0.1115992024	0.0301167742	-0.0592482488	-0.003151753	0.0614436847	0.0241204434	-0.052125731	-0.0559736286	0.0093227511	0.1207864398	0.0941065101	-0.0408371625	0.1088356689	0.0052319509	0.0607344152	-0.1044790264	0.1531818492	0.0016898595	-0.1290552057	-0.0050684204	0.1289225186	0.138865380756485	0.0225423697354045	0.0192835939726435	0.0005081584332876	-0.0997948728012829	0.0034014154633582	0.0099590166374242	1.1569627154372304e-05	-0.3712020411612968	-0.0256490247912494	0.0006578724727421	0.1377909553623131	-0.0105555607174219	-0.0007560410161579	0.0001114198620591	5.715980181130706e-07	0.0008528827766101	-7.943134860499993e-06	7.274090306381538e-07	6.309339141209025e-11	-0.0015840425396175	-9.32217439079e-05	8.690293537230092e-09	2.5091907673178586e-06	0.0	0.0	0.0	0.0	0.0	0.0	0.0	0.0	0.0
974.1092818548584	1.291911730439665	1.6690359192476096	948888.892995788	1086.855572060589	1.7685882436248903	3.1279043754881743	1181255.0345191504	883.2256927136202	-0.3333822605873138	780087.6242694543	0.1111437316743076	891.3489693290309	778.3240127504547	1.14398	22.67477	0.0928531529017237	0.0476756374301794	0.0432863683	0.026472817	0.0471955367	-0.0475949	-0.1563349006	0.0366920846	-0.0862803842	0.0139578991	-0.0397520597	0.0743950892	0.0151949015	0.037102752	-0.0228166931	-0.0243129783	0.0800247094	-0.0148206964	-0.1091636195	-0.0644762264	0.0958780711	-0.021310484	-0.0062865357	-0.0398330714	-0.0521981688	0.1002076409	-0.0049256679	-0.1067350811	-0.0976214796	-0.2122878444	0.0746497526	0.2168722261	0.0793437926	-0.0978745237	-0.03689466	0.0099092115	0.0576809406	0.1935082395	-0.0527936778	-0.0678442141	-0.0655265496	-0.1658891879	0.0123657825	0.0488184546	0.0070297905	0.0491204961	0.0051529779	0.1311227286	0.0336720088	0.0228178757	0.0193425427	-0.0916725286	-0.003732759	-0.0951138456	0.0111854262	-0.046757916	0.0179881856	0.0040688538	-0.0451045459	-0.1329640591	0.054382396	-0.1086364923	-0.0335877198	0.0190646735	0.1492884016	0.1046667894	0.0373019413	0.1257964267	-0.0437998975	-0.0375136129	-0.0536134375	-0.016609389	-0.0568143618	0.1774440325	0.2048737986	0.0239877242	0.1128578749	0.0568122268	0.0697821822	0.0906795475	-0.0926393607	0.1133545735	-0.0459714982	-0.0266304018	-0.0001973855	0.0817359473	0.0186066546	-0.1459597114	-0.069136988	0.1448311051	0.0067648577	0.0928011005	0.0149720756	-0.0295464971	0.0374663124	0.0306100872	-0.0709617556	0.0125644438	-0.0352454627	-0.1349353164	0.0970387815	0.1064239064	0.0231209508	-0.0078530561	-0.0586840867	0.0617889867	-0.0894860526	0.2288292364	-0.0016898595	-0.1290552057	0.0050684204	0.1289225186	0.1520789817874828	0.0132136010309978	0.0231280167015175	0.0001745992522063	-0.1222653752966493	-0.0224705024953664	0.0149488219964305	0.0005049234823942	-0.4091791735862813	-0.0379771324249845	0.0014422625872248	0.1674275960967521	-0.0106543940712465	-9.88333538245994e-05	0.0001135161130254	9.768031828218456e-09	0.0008589507795428	6.068002932700005e-06	7.377964416771838e-07	3.6820659591255856e-11	-0.0018629795218677	-0.0002789369822502	7.780584006684841e-08	3.470692698898404e-06	0.0	0.0	0.0	0.0	0.0	0.0	0.0	0.0	0.0
977.255169904824	3.145888049965606	9.896611622916405	955027.6671057064	1091.9614331794508	5.10586111886164	26.06981776510304	1192379.77155132	885.5011831285044	2.275490414884189	784112.3453219811	5.177856628229818	893.0630610014263	792.2463127061586	1.132731	22.451796	0.2064984868686713	0.1155421728485955	0.0683697414	0.0716318195	0.080861735	-0.0301158838	-0.0794310903	-0.0397349473	-0.1257329362	0.1159910052	0.0811620521	-0.0167370192	0.0161498861	0.0306658097	0.100250567	-0.019077342	0.0897121874	0.0324699707	-0.0175602048	-0.1787887839	0.0654756757	0.1332285801	0.0590308043	0.2260104353	-0.066916705	-0.0235241526	0.0134619509	0.0705010417	0.1588844272	0.0236228539	0.0438825291	0.0459581958	0.0415140751	-0.038343692	0.0622359784	-0.0331998133	0.1664265243	0.061014048	-0.0879771817	0.069334773	-0.0990047637	-0.0513265051	-0.1719708655	0.074425797	-0.2057825009	-0.1661571159	-0.0528385151	0.1558837261	-0.0106427843	0.0197313261	0.0151169105	-0.0986883255	-0.0564782713	-0.1228764447	0.1042290102	-0.034251001	-0.0996438896	0.0844663436	-0.0533557789	0.1789671236	-0.0155842594	-0.0096662965	0.007214074	-0.078856544	-0.0567694025	-0.1201647967	0.0364645412	0.1932497861	-0.037874821	0.1035121667	-0.0148167096	-0.1183169873	0.0127531751	0.0112825924	0.1075908033	0.0516827801	-0.0930370204	-0.067007793	-0.2062202732	0.011426939	-0.1973642785	-0.0037478908	-0.2019664865	-0.0122790104	0.0724607629	0.0629261337	-0.0393945331	-0.128978749	-0.056549613	-0.1027934939	0.0869385405	0.025407281	-0.0002050175	-0.071852919	0.0606087044	-0.0579691207	-0.0215646701	0.0093278698	0.2018906993	-0.143470937	-0.0803351534	-0.025805618	0.2473730807	0.0698089912	-0.0535566527	-0.1019950407	-0.0361000898	-0.0444501089	-0.0050684204	-0.1287014744	0.0151740128	0.1275100165	0.1310093241158796	-0.0210696576716032	0.0171634430052995	0.0004439304743985	-0.0420827464595277	0.0801826288371216	0.0017709575495768	0.0064292539672316	-0.4365948213823429	-0.0274156477960615	0.0007516177440776	0.1906150380578799	-0.0092913197666027	0.0013630743046437	8.632862300526206e-05	1.8579715599801752e-06	0.0009431651493494	8.421436980659994e-05	8.895604989472759e-07	7.092060081922771e-09	-0.0017536571450404	0.0001093223768272	1.1951382075170149e-08	3.075313382351247e-06	0.0	0.0	0.0	0.0	0.0	0.0	0.0	0.0	0.0
976.907765485685	-0.3474044191390248	0.1206898304373232	954348.782266234	1093.876725795465	1.9152926160143124	3.668345804958949	1196566.2912370071	884.0180221758235	-1.4831609526809189	781487.8635316547	2.1997664115573707	892.2628689816123	790.7435631639066	1.127228	22.342728	0.23268027917943	0.1515758396852454	0.011946273	0.0673434482	0.1093171957	0.0648617298	0.1087830017	-0.0448220657	0.0318436129	0.0572677221	-0.1174709279	0.0193850477	0.0335099949	0.0731015196	0.062387472	-0.0131818371	0.0890099263	-0.0972130581	0.0903463973	0.0204299157	0.0636400527	0.0646928806	0.0600266541	-0.0526927676	0.0350099935	-0.0261789757	0.0296606443	-0.062113915	-0.0339892071	-0.0920413696	-0.0868926322	-0.1383728725	-0.2269395136	0.0363443392	-0.0700032329	0.0914316098	0.0914361181	0.0534767611	-0.0021409367	-0.1061976384	-0.0478675329	-0.0227173723	0.100043526	0.0477846897	-0.0458688139	-0.0844347777	0.046601461	-0.0231821213	-0.2190380168	-0.0273734949	0.0084859309	-0.0922152706	0.1020973572	0.0704616953	0.0427243107	-0.0495847546	-0.0866202408	0.0694545017	0.0263532052	-0.0577075233	0.0143965965	0.0742027861	0.0983556701	-0.0651984753	0.152324219	-0.1061378316	0.0020803941	-0.1355238114	-0.0108734274	0.0284089701	0.032378886	0.0033122796	-0.029924788	-0.0085856206	0.0191427092	0.1701365693	0.1570877659	-0.0422126875	-0.0027977599	0.014505752	-0.0572254216	-0.0230445318	-0.0422978453	0.0218442564	0.0197158853	0.0227975756	0.0084043364	0.0846038283	-0.0464795357	0.0305129796	0.0747845824	0.1002958897	0.0001099889	-0.0048523352	0.0159917634	0.089155513	0.0828867947	-0.0073189137	-0.1116796068	0.0709578448	-0.0520162857	0.0064102242	-0.0288920232	-0.0251105233	0.0452882034	0.0183853394	-0.0964206135	0.1303542368	-0.0084435077	-0.1279949812	0.0251860523	0.124700488	0.1498902287039811	0.0188809045881015	0.0224670806609317	0.0003564885580649	-0.1854099629026535	-0.1433272164431258	0.0343768543435633	0.0205426909733346	-0.4048846167124651	0.0317102046698777	0.0010055370802055	0.1639315528503998	-0.0096900809317198	-0.000398761165117	9.389766846327968e-05	1.590104668055469e-07	0.0011010845003418	0.0001579193509923	1.2123870768929512e-06	2.4938521417860804e-08	-0.0019722156984974	-0.0002185585534569	4.7767841289216263e-08	3.889634761399587e-06	0.0	0.0	0.0	0.0	0.0	0.0	0.0	0.0	0.0
973.444960538986	-3.4628049466989523	11.991018098882734	947595.091198748	1084.07670375279	-9.800022042674982	96.04043203691552	1175222.2996195145	882.2835989330318	-1.7344232427916495	778424.348946223	3.008223985135901	890.6381946362948	792.0378284631134	1.001623	19.853119	0.1199207312658609	0.0637914486461374	0.0121092519	0.0470153383	0.0073978285	0.0505027217	-0.0734740848	0.0494540714	-0.029592114	0.0156930303	0.0235604615	0.0002674886	-0.1604538444	0.0293508934	0.0721204406	0.0218105538	0.0402572864	-0.0087433472	-0.1253819954	0.0561160942	0.1142872883	-0.0739352273	0.0911133945	0.0136970162	0.1251363525	-0.0654557294	-0.0439742331	0.0594611636	-0.0892746473	0.015482403	-0.0287592418	-0.0660539441	0.0141195673	-0.0219319992	-0.0560056212	0.0695264652	-0.0654229336	-0.057067497	0.1596002848	0.0723561668	0.0015943809	0.0446452228	0.0397763699	-0.0774976202	-0.0355494114	0.0319788393	-0.0136187658	0.0123116848	-0.0732562433	0.0053857183	-0.0264572155	-0.0418259697	-0.0037895504	-0.0752692481	-0.1146439793	-0.1085563578	0.042849852	0.07586033	0.0711684343	0.0345378772	0.0736795259	0.0219511163	0.00917765	-0.0140790207	0.0930285332	0.0562011272	0.0462091464	-0.0557168417	0.0072100305	-0.0242828074	0.0007805437	0.0852147089	0.0692298448	0.0014040774	-0.0809801522	-0.0822946052	0.08337224	-0.0785972921	-0.0450747306	0.0119366224	0.1373566646	0.0056403776	-0.0200489107	-0.0480655657	0.0174708458	0.0173775349	0.0241974439	-0.0182451608	0.0361468683	-0.0328146888	-0.0222372148	0.1410196999	-0.0303636276	-0.0793047118	-0.0688808303	-0.0216240182	0.0565433909	0.0119660335	-0.1079438163	0.0410178956	0.0275401602	0.0193116306	0.0183530786	-0.0641365843	-0.0612471231	-0.0557078457	-0.0988976229	-0.1038884673	-0.0118128082	-0.1269376627	0.0350428114	0.1205247148	0.1652455288929815	0.0153553001890003	0.0273060848191211	0.0002357852438943	-0.1333793982746982	0.0520305646279553	0.0177900638841205	0.0027071796555038	-0.4164177580670554	-0.0115331413545902	0.0001330133495049	0.1734037492335926	-0.0095801075801967	0.000109973351523	9.177846124814228e-05	1.2094138045223294e-08	0.0016868919814929	0.0005858074811511	2.8456045572250425e-06	3.4317040497259653e-07	-0.0018479620292853	0.000124253669212	1.5438974312669962e-08	3.414963661680244e-06	0.0	0.0	0.0	0.0	0.0	0.0	0.0	0.0	0.0
970.33669333913	-3.1082671998560727	9.66132498570111	941553.2984403168	1087.012682035372	2.9359782825820275	8.619968475793312	1181596.570905733	881.5481841403757	-0.7354147926561154	777127.2009611938	0.5408349172574373	889.7770424692254	776.0743914937138	0.988289	19.588814	0.18024773746532	0.1047480341669957	0.0551405879	-0.0623914216	-0.0793130795	0.0405405933	-0.0550513334	0.1000276306	0.0541133158	-0.1540785822	0.0151020922	0.0869811856	-0.014990635	-0.0033751909	-0.0345434955	0.0571710661	-0.0143291551	0.0684063075	0.0255391119	0.0507093834	-0.0408813679	-0.1878115331	0.0666675225	-0.0440673561	0.0384066986	-0.0166153924	0.0535425496	-0.0871202283	0.1220487004	0.0866155783	0.0322141637	-0.0540875038	0.0345294942	0.1171787802	0.0174714903	-0.0330342342	-0.0408299989	0.0367714981	-0.0174633905	0.14033996	-0.0813704547	-0.0328182878	0.0516018383	-0.0081143755	-0.108736716	0.1217088078	0.0603687847	-0.1493811467	-0.0589104109	-0.0264578255	-0.0562623267	0.0371313589	-0.0533910869	0.0497811197	-0.0073516426	-0.0119165825	0.1981393726	0.0258676822	0.0562767322	-0.0719952814	0.0367519195	0.060615974	-0.0206685275	0.0370944623	-0.1031570838	-0.1181429743	-0.0273514504	0.0370898144	0.0267765566	-0.0421659129	0.0131544392	0.0465592908	-0.0643390811	-0.0718265285	0.0803576644	0.0112071198	-0.1400646925	-0.1143012966	-0.139358094	0.1270244221	0.0395236244	-0.0216391038	0.1425196547	0.0485101462	0.0154492154	0.0753065723	0.0073259662	0.0526777829	0.0856320668	0.076771318	-0.0581867584	0.0684711453	-0.0127871684	-0.0701985453	-0.1651062719	-0.0492734734	-0.050542411	-0.015338107	-0.0637150234	0.0743783632	0.0452690794	-0.0168451131	-0.0345921139	-0.0481273001	0.0679895913	0.0744439053	0.0138242443	-0.05995933	-0.0151740128	-0.1255324169	0.0446835199	0.1150284477	0.1757658558650376	0.010520326972056	0.0308936360879691	0.0001106772795989	-0.0538346806858243	0.0795447175888738	0.0028981728445446	0.0063273620962937	-0.3487616661891053	0.06765609187795	0.0045773467681976	0.1216346998030009	-0.0094542976147961	0.0001258099654006	8.938374338913922e-05	1.5828147394100364e-08	0.0018789078156868	0.0001920158341938	3.530294579848942e-06	3.687008058117928e-08	-0.0019806682502196	-0.0001327062209342	1.761094107466323e-08	3.923046717427971e-06	0.0	0.0	0.0	0.0	0.0	0.0	0.0	0.0	0.0
973.4082228517452	3.071529512615257	9.434293546866517	947523.568315393	1091.5156381450174	4.502956109645311	20.276613725392032	1191406.388315125	883.2658247685856	1.7176406282098924	780158.5172041298	2.950289327677274	891.1925760369552	779.5903819582121	0.907607	17.989628	0.124738041781229	0.0600970869775423	0.0635161682	-0.0197464981	-0.0506335162	-0.0012966722	-0.004040998	0.0137029662	-0.0288188544	-0.076982566	0.0516278184	0.1530819438	0.1718884821	0.011340326	-0.1046836112	-0.0226632661	0.0685253803	-0.0012717647	0.0775262151	-0.1219392647	-0.0588244591	-0.1788720228	0.0809856336	-0.0247181497	-0.0049187612	0.0302954744	-0.0203994042	0.0985587009	-0.1074229704	0.1204099416	-0.0132915355	0.091887659	-0.0822535746	0.0189714731	-0.0838562686	0.015148741	0.0206992204	-0.1241474727	-0.0668315304	-0.0075485302	0.159742389	0.000622688	-0.116218008	-0.0455320201	0.0948787955	-0.0854598212	-0.0797180232	-0.0443791468	0.1693543751	0.2282641201	0.0310018858	-0.0500159408	-0.0245419149	0.0003305469	0.1602588047	0.0047493571	0.1880949006	0.0611606072	0.0010102596	0.0228132675	-0.0277018387	-0.0107297121	0.0315960014	-0.010705061	-0.0340527256	0.1931696816	-0.0054690558	-0.1956143545	0.1502784672	-0.0070034945	-0.0587868195	0.0495521392	-0.0114705729	0.082777077	-0.1574151882	0.1062097284	-0.0958467547	0.066426412	0.0414964729	-0.1067372309	0.0422827968	-0.0784603478	0.0404396069	0.0529772509	-0.0117737811	0.0874566304	0.0369588027	0.078081971	0.116610335	-0.0065644668	0.0030706012	-0.0284561126	0.040261197	-0.11443204	0.0104112979	-0.0757037446	-0.1023073036	0.036465961	0.121305481	0.0673198446	0.1993344236	-0.0752549194	-0.0100535348	-0.0493670789	0.128561606	-0.0602362655	-0.0511324858	-0.1179870195	-0.0185248178	-0.1237830955	0.0540487397	0.1082719048	0.1604431075318899	-0.0153227483331477	0.0257419907544895	0.0002347866164809	-0.0392381522839997	0.0145965284018246	0.0015396325946623	0.0002130586413852	-0.392406537628247	-0.0436448714391417	0.0019048748029392	0.1539828907733888	-0.010210134735659	-0.0007558371208629	0.0001042468513203	5.712897532743182e-07	0.0021280704428794	0.0002491626271926	4.528683809856926e-06	6.208201478951856e-08	-0.0019621901261328	1.847812408680002e-05	3.414410697671791e-10	3.850190091093053e-06	0.0	0.0	0.0	0.0	0.0	0.0	0.0	0.0	0.0
977.3497611053202	3.941538253575004	15.535723804395094	955212.5555326266	1095.5596886506844	4.0440505056669735	16.354344492385305	1200251.0313963846	884.311677512326	1.0458527437403973	782007.1429846641	1.093807961589317	891.0460712232087	792.2677639097927	1.291877	25.606226	0.4864309507806846	0.3047643296485647	-0.1066910878	0.1152140603	-0.1045180451	0.0805595692	0.1251137443	-0.1277585091	0.1181927552	0.1182829024	0.0294100166	0.0436335087	0.1564784781	-0.02549941	0.0395147097	-0.0280342561	-0.0760809766	-0.1466715626	0.1307669993	-0.0624778897	-4.52437e-05	0.0080668994	-0.1491574432	-0.0154970815	0.0760203518	-0.0119686408	0.0975781145	0.0677363348	0.0392297892	-0.0380981399	-0.0056619638	0.060249921	0.1406318215	-0.0684055197	0.1540934994	0.1548455204	-0.1964876662	0.1358229904	-0.0642084812	0.0508837708	0.102858991	0.1570249684	0.078447254	0.0994471558	0.0456172653	0.0321679882	0.1519417714	0.0617702172	0.0743886524	0.0775844569	0.057375699	0.0715780703	0.1702536559	0.0583385346	0.1468451843	-0.0056618539	-0.0251928709	-0.1545202459	-0.0223466634	-0.0565121962	0.0168586817	0.1039383146	-0.0987024736	-0.0210344226	-0.0717572009	0.0663418164	0.1309892677	0.1747247857	0.0408972582	0.0555320359	0.0330444268	0.1047640546	-0.1256939472	0.1576533033	-0.1999169253	-0.0839628074	0.0386042716	0.0975793702	-0.1027998751	0.0602563254	0.0842773778	0.1447084159	0.1280729268	0.0553766106	-0.0107194131	-0.1733766104	0.1513545178	0.1077688852	-0.1459282478	0.0951073102	0.0274030313	-0.0409014243	-0.111447517	-0.1333707247	0.0995548151	-0.0799136836	-0.0666763523	0.0348180457	0.1883352676	0.1085833259	0.0628198592	-0.1010362068	0.1098696796	-0.0345809535	0.0409923134	-0.0263545176	-0.1741929954	-0.1513779962	-0.0218629269	-0.1216944932	0.063080731	0.1003291122	0.1464478210850472	-0.0139952864468426	0.0214469643005579	0.0001958680427291	-0.2586747794838118	-0.2194366271998121	0.0669126415409986	0.0481524333568293	-0.6024480169605368	-0.2100414793322898	0.0441174230400967	0.3629436131396833	-0.0099331374895943	0.0002769972460646	9.866722038718376e-05	7.67274743274275e-08	0.0017020129581013	-0.000426057484778	2.8968481095447378e-06	1.8152498033544086e-07	-0.0018060937009408	0.0001560964251919	2.436609395772165e-08	3.261974456578036e-06	0.0	0.0	0.0	0.0	0.0	0.0	0.0	0.0	0.0
978.184463590747	0.8347024854267602	0.6967282391776107	956844.8448103174	1095.5945104954046	0.034821844720227	0.0012125608697196	1200327.3314276652	884.4086812101218	0.0970036977957988	782178.7153998269	0.0094097173860586	892.1328388214112	798.5674284199362	1.335423	26.469349	0.2542932497646611	0.1525715492554615	-0.0289301622	0.1233988423	-0.0319474203	-0.0877800002	-0.1328315421	-0.0974387976	-0.145436636	0.0663571697	0.1118509757	0.0477628647	0.0788684426	-0.099980437	0.0093659578	-0.0444542846	-0.0228427594	-0.0081274801	-0.0868666235	-0.172405403	0.0455705337	0.0352221589	-0.009708973	0.0455434187	0.1071486972	0.0641197369	0.049752096	0.0638174711	0.0756379085	0.0703825612	0.1125306339	-0.2162527969	0.1171766127	0.0679154538	0.0933430694	-0.024979214	0.0085298272	0.013220016	-0.006311817	-0.0911934199	0.044795407	-0.0385981477	-0.1214162871	0.0632158103	0.1478257102	0.1680803889	0.1671275971	-0.152891133	-0.0227497196	0.0290159937	0.0569332242	0.0053249917	-0.0215473973	-0.1918810053	0.0659672161	-0.0157758491	-0.0658848479	-0.0396747543	0.0257782351	0.0430911877	0.1561359298	0.0075089304	0.0845469955	5.59767e-05	-0.1646677606	-0.0938085829	0.0915560797	0.1152592012	-0.0066091366	-0.0386636354	0.0369495998	-0.017963788	0.0299195209	-0.0358906498	-0.1003870007	0.0469904574	-0.1573565682	0.0223389382	0.1644991667	0.0373873706	0.0884111274	0.1157559184	0.0508133395	-0.1348412669	-0.0041429042	-0.0446315246	0.0589498086	-0.1659249914	0.0089743764	-0.0701294205	0.0406948729	0.0343509131	-0.0448036201	-0.159821986	0.0074754648	0.032634791	-0.0098341466	0.03213659	-0.0002647807	-0.0024770266	-0.0418778201	0.0332171928	-0.1260702521	-0.1372039508	-0.0689885032	-0.0259155537	-0.0545080097	-0.0819022364	-0.0251860523	-0.1192723348	0.0717238087	0.0912870929	0.1596541008386793	0.0132062797536321	0.0254894319146071	0.0001744058249311	-0.1554648407291523	0.1032099387546595	0.0241693167029406	0.0106522914577405	-0.4921522067621424	0.1102958101983944	0.0121651657473202	0.2422137946208465	-0.0096428573333687	0.0002902801562256	9.298469755170252e-05	8.426256909835908e-08	0.0015009527686193	-0.000201060189482	2.252859213625942e-06	4.042519979453776e-08	-0.0017458096254889	6.028407545190001e-05	3.6341697530903732e-09	3.047851248449693e-06	0.0	0.0	0.0	0.0	0.0	0.0	0.0	0.0	0.0
976.939993957938	-1.2444696328090004	1.548704666983768	954411.751794536	1095.4155343456189	-0.1789761497857398	0.0320324621921275	1199935.1928856978	884.3222440998405	-0.0864371102812811	782025.831409778	0.0074713740337783	893.0212320428145	797.8159167901617	1.039793	20.609678	0.2294129921387479	0.121925241347352	-0.0716427788	0.0659190317	-0.0409392511	0.027248119	0.0378107728	-0.076293627	0.0636016563	-0.019739174	-0.0171427453	0.0931188742	-0.0500220568	0.0686155058	0.01983277	-0.0676170624	-0.0084111219	-0.0440139635	-0.0092871798	-0.0346081016	0.0561407731	-0.0443763517	0.0241515953	0.12122512	0.1235495379	-0.0792919085	0.0204878418	0.0436032922	0.0179846469	0.0323695668	0.0406579455	-0.0796025292	0.1988266448	0.0359314164	0.1242722197	-0.0405510594	0.0793527527	0.0151978375	0.05371742	0.2557629096	-0.0194132919	-0.0029795172	0.0248733602	-0.0430207641	0.0952599461	0.0435276909	0.0012917484	0.0880805774	0.0022695865	0.0591655408	0.0633763115	0.0085317966	0.0222068731	0.008971832	-0.0167147415	-0.0811500274	0.0414002531	0.0046105503	0.0419673873	0.1601255248	0.1183871825	0.0821753602	0.0139711143	0.0316390408	-0.0458666652	0.0082614781	0.0518563566	0.1166899797	-0.1131289735	-0.0594291127	0.1097337399	-0.0241718686	0.0917429038	0.0654951488	0.0802689531	-0.1047760426	-0.1081832724	0.0791762669	-0.0619274124	0.1017395392	0.0909229324	-0.0943070606	0.0944673619	0.0527859271	-0.030878374	-0.0210748779	0.0709423919	0.0859797735	0.0644093479	-0.0647923009	0.0151843065	0.069236731	-0.0545724781	-0.0875104121	-0.0416864897	-0.0086219581	-0.0417808378	-0.0395403364	0.0426968998	0.0415560063	-0.0642593475	0.0595515413	-0.0488552045	0.0060351161	-0.0330569782	-0.0110458953	-0.0332938482	-0.0414516146	-0.0284919163	-0.1165232592	0.0799246852	0.0812449131	0.181396721819695	0.0217426209810156	0.0329047706869318	0.0004727415671241	-0.0710183388763709	0.0844465018527813	0.005043604456759	0.0071312116751718	-0.4118890171665015	0.0802631895956408	0.0064421796040657	0.1696525624623865	-0.0100599815892374	-0.0004171242558686	0.0001012032295757	1.73992644834016e-07	0.0018687030130057	0.0003677502443864	3.492050950816581e-06	1.3524024224625698e-07	-0.00182014871942	-7.433909393110018e-05	5.526300886496936e-09	3.3129413608062663e-06	0.0	0.0	0.0	0.0	0.0	0.0	0.0	0.0	0.0
976.0521580001968	-0.8878359577412311	0.7882526878582892	952677.815136841	1089.0561832576602	-6.3593510879586574	40.44134625992096	1186043.3702917425	882.6400129018785	-1.6822311979619826	779053.3923754283	2.829901803396607	890.8880071740401	789.1187006187242	0.866565	17.176138	0.1222448209269447	0.0730787864510209	-0.0390657845	0.06525041	-0.006430335	0.0034111083	-0.0374618975	-0.0336650125	-0.020450501	0.0148538481	-0.0082795692	0.1253542676	-0.0524169409	-0.0108226149	-0.0762588198	-0.0302028825	0.0620923933	-0.1223762756	-0.0148212236	0.0002373379	-0.0033601228	-0.1033367164	0.0173886199	0.0355894631	0.129753656	0.0354970189	0.0809221382	0.0206001958	-0.0529749293	-0.0596555605	-0.0353902408	0.0972323171	-0.011366103	-0.0067009026	0.0708129833	-0.0550391994	-0.0599994592	0.0450150548	0.1349688508	-0.0497731002	-0.0005773721	0.1676594174	-0.0237808853	-0.0941924104	0.020538615	-0.0160468265	-0.0121808499	-0.0061356924	0.116438311	-0.1833836931	0.0314255262	-0.0531805782	0.0961758063	-0.0208675149	0.0066555546	-0.0344407862	0.1004328806	-0.0208142124	-0.0321223195	-0.0128882952	0.147443973	0.0312695388	-0.0126765779	-0.0131017485	0.1104284036	0.0724160386	0.034182413	-0.0246623147	0.0060501368	0.0395468278	0.0071250285	-0.0867205242	-0.0308162916	-0.0171622939	-0.0207093993	-0.1517736863	0.077935128	0.0020648663	-0.0403558844	-0.1615774183	0.092511448	-0.0106020118	-0.0587421108	0.1484775509	-0.0307190866	-0.0304319313	0.0642825218	-0.0238950291	-0.0042241286	0.0771034153	0.0266704968	0.0813981985	-0.0127092673	-0.0525808128	0.0131466565	0.0222875351	-0.043312651	0.0040272186	-0.0804019144	0.0168328214	-0.0233466391	0.0324350717	-0.1213542333	-0.0152011357	-0.095338689	-0.0266294555	-0.0200854679	0.067194129	-0.0317782535	-0.1134548014	0.0876327994	0.0703125971	0.1689152237261879	-0.012481498093507	0.0285323528064681	0.0001557877946582	-0.140178522297063	-0.0691601834206921	0.0196500181133881	0.0047831309707837	-0.4157357133315571	-0.0038466961650556	1.4797071386253604e-05	0.1728361833392986	-0.0096772805259579	0.0003827010632794	9.364975837808402e-05	1.46460103835259e-07	0.0017880376120129	-8.066540099280011e-05	3.1970785019727937e-06	6.506906917329237e-09	-0.0015483863187385	0.0002717624006815	7.385480242417225e-08	2.3975001920565638e-06	0.0	0.0	0.0	0.0	0.0	0.0	0.0	0.0	0.0
974.6675619288872	-1.384596071309602	1.917106280685984	949976.8562764012	1087.0851169602695	-1.9710662973907347	3.88510234870962	1181754.051516523	881.9764643150619	-0.6635485868166597	777882.4836056976	0.4402967270663862	889.9043004086143	790.4204944822742	0.8447949999999999	16.744629	0.0921330543925253	0.0554126191590206	-0.0472747865	0.0595549142	-0.0033976894	0.0255155443	-0.0610913384	0.0348755126	-0.0169158238	0.0837594856	-0.0011039857	0.0239823217	-0.1262824205	0.0108602731	-0.0604865271	-0.0150184195	0.0893924872	-0.1099494762	-0.101210274	0.0542543009	-0.0593363395	-0.1094003208	-0.089984318	0.0493419519	0.0681195142	-0.0860236305	0.0630680786	-0.0455978341	-0.0346834218	-0.033137977	0.0241099303	0.1357777397	-0.0748525354	-0.0066179807	-0.0737477828	-0.0231136354	0.0479045626	-0.0331430286	-0.0281374765	-0.0647697001	-0.0989014011	-0.0081311524	0.054040564	0.0493914243	-0.0364235999	-0.0606039714	-0.1346954687	0.0412858959	-0.016739369	-0.0097670938	0.0040001104	-0.0685877812	0.0837239193	-0.0654995402	-0.1074094403	-0.0110275088	0.1423645936	-0.0749657708	-0.0713910482	0.0808711277	0.0148715254	0.1013167755	-0.0650620856	-0.0104201914	0.1106869039	0.0778671615	-0.0283447524	-0.0040690956	0.0722030515	0.0155839345	-0.0600644199	-0.0781005418	-0.0283139147	-0.0601091013	0.0655121652	0.0546723944	0.1405241903	-0.0629365047	-0.0051640991	0.0678217507	-0.1475186074	-0.076952035	-0.0245683672	-0.0114952992	-0.0260582456	-0.0288690793	0.0581087914	-0.0213341317	0.0176987223	-0.068732363	-0.0086743576	0.1020959636	-0.0406653607	-0.0120652287	-0.0261657868	-0.0799429162	-0.053448007	-0.023691343	-0.0282494358	-0.0434687701	-0.0341010359	-0.0191870361	-0.0748711125	-0.0570324302	-0.0600105072	-0.0327082756	-0.0338224411	0.015028761	-0.0350428114	-0.1100753719	0.0948006283	0.0586099215	0.1628078260980743	-0.0061073976281136	0.0265063882387808	3.730030578788767e-05	-0.0914292253057169	0.0487492969913461	0.0083593032400035	0.0023764939571504	-0.4099202185786765	0.0058154947528806	3.3819979220782066e-05	0.1680345855995899	-0.0098601305279972	-0.0001828500020392	9.722217402914232e-05	3.343412324577176e-08	0.0013456906166231	-0.0004423469953897	1.8108832356674596e-06	1.9567086433038363e-07	-0.0015524066217131	-4.020302974600031e-06	1.6162836007577854e-11	2.40996631913868e-06	0.0	0.0	0.0	0.0	0.0	0.0	0.0	0.0	0.0
973.5954834001066	-1.0720785287805938	1.1493523718723626	947888.1652970872	1088.2964971633185	1.211380203048975	1.4674419963389762	1184389.265737949	882.6257218245103	0.6492575094483755	779028.1648262378	0.4215353135751074	890.7887476670114	781.6302163529715	0.912557	18.08774	0.1596055138618191	0.0831765834095039	-0.0838935338	0.0329050914	-0.0705398985	0.095397524	-0.0012205324	0.0127375699	0.0724808356	0.0448490859	-0.0251669707	0.1531792204	-0.0231537791	-0.0658022181	-0.0448825157	-0.0129944863	-0.0280849391	-0.1543243093	0.0306003058	0.107752762	-0.0048527552	-0.1233341156	-0.0994787285	-0.0032870808	0.0625375033	-0.0595231612	-0.0724253903	-0.1537010447	-0.0065400543	-0.0509248813	0.0239758706	0.0029946752	0.0600233987	0.0777118194	-0.0918507943	-0.1066952879	0.0755992034	-0.0238974466	-0.0473719878	0.0365980119	0.038481392	-0.0127923387	0.0139378092	0.1104663255	-0.2202033345	0.1635838985	-0.0209173623	0.132489514	0.0913684271	0.0487424473	0.0182273433	0.0200695403	0.1518412616	0.0522000622	-0.0421883897	-0.0520395572	0.1090325392	-0.1083741306	-0.0029448204	-0.0035828487	0.0499454483	0.0011109522	-0.13988029	0.0842014984	0.0832633784	-0.0312266222	-0.1195419859	-0.0173390968	-0.1058219142	-0.1584910508	-0.0554951766	-0.0678457298	-0.0579431933	0.0071362052	-0.07735253	0.0646490693	-0.0584439083	-0.0806674324	-0.0738744969	0.1056651327	-0.0227877388	0.1611883728	-0.0855500652	-0.023320787	-0.0378647667	-0.1041977556	0.1014737642	0.0723417791	-0.0218075064	0.0280697105	-0.0498009689	0.0895828521	-0.0728164673	-0.0358765698	-0.0058502625	-0.0641594597	-0.0734935296	0.001725479	0.001730316	0.0390744437	0.0348592755	0.0131898947	-0.0972337344	0.0803986936	-0.0113162006	0.0351258919	-0.0495561061	0.0532814858	-0.0382833527	-0.1063942335	0.1013839798	0.0462651033	0.1733683489297419	0.0105605228316676	0.0300565844106247	0.0001115246424781	-0.1542214131978596	-0.0627921878921426	0.0237842442887449	0.0039428588602821	-0.4531068097466004	-0.0431865911679238	0.0018650816567054	0.2053057810387419	-0.0097834812599892	7.664926800799929e-05	9.571650556455988e-05	5.875110286162103e-09	0.0017718894890788	0.0004261988724556	3.139592361507931e-06	1.8164547888251e-07	-0.0019108827206511	-0.000358476098938	1.2850511350980685e-07	3.65147277208295e-06	0.0	0.0	0.0	0.0	0.0	0.0	0.0	0.0	0.0
974.3196772350836	0.7241938349770862	0.5244567106188192	949298.8334474775	1090.0036527295133	1.7071555661948423	2.9143801271900327	1188107.9629636814	882.8335132289099	0.2077914043995861	779395.0120800998	0.0431772677423523	890.5792585473312	785.6487405170004	0.999906	19.819084	0.1320100715876733	0.0837048452861061	-0.0599674507	0.0287683082	-0.0892967173	-0.0566766335	-0.1484677441	-0.0019943968	-0.0151663719	-0.0192736851	0.097054867	0.0850545734	-0.003378618	-0.0935841794	-0.0142850883	-0.0424585545	-0.0001031047	0.0111845148	-0.1262010423	-0.0287941396	-0.0370293266	-0.0437902169	0.0021603144	0.0393308676	0.0401355524	0.0663762579	0.0235704432	-0.1585759616	0.0552872936	0.1178667642	0.0255112474	-0.0108566731	0.1137399819	-0.0180624932	0.0254102119	0.2780351975	-0.0421562111	0.0041246265	-0.1171651615	-0.0193584868	0.2054668155	-0.0648006133	-0.0610038552	-0.0416839793	0.0036074258	0.0302615364	-0.0820891641	0.0136998855	-0.1239385636	-0.0489563746	0.0428709239	-0.0011727204	-0.0246261932	-0.1257913358	-0.0472436379	0.0345162229	0.0706904785	-0.0267376704	0.0039122895	-0.0262272095	0.1217535721	-0.0147986084	-0.0695200677	0.1340444646	-0.1403121919	-0.0713466865	-0.0239767526	0.1300426653	0.1319328951	0.0108027739	0.1187809896	0.1461865796	-0.0024133162	0.0690881521	-0.0334714904	0.0789509201	-0.0248330218	0.0019002728	0.1185377895	0.0424953162	0.0989306786	-0.0743867033	-0.0938408585	-0.1144333038	-0.0586728721	-0.033436317	0.084965082	-0.1282039171	0.016727934	-0.0494977733	-0.0660209638	0.0449311916	-0.0554869707	-0.0516480619	-0.0655509318	-0.0576957297	-0.0694589036	0.022129327	0.017339639	-0.0265154723	0.0710762012	0.0454292193	-0.1159863904	-0.0375880791	-0.0344011644	0.0662040655	0.0619192484	-0.0522295324	-0.0414976565	-0.1024214758	0.1073422654	0.033413395	0.1686749252866377	-0.0046934236431042	0.0284512304204528	2.2028225493649604e-05	-0.0899229398105205	0.064298473387339	0.0080861351041664	0.0041342936799423	-0.4013172180458753	0.0517895917007251	0.0026821618085278	0.1610555095000806	-0.0098271542664996	-4.367300651039914e-05	9.657296097758128e-05	1.9073314976573653e-09	0.0016197878649255	-0.0001521016241532	2.62371272735991e-06	2.3134904070071728e-08	-0.0018820856941847	2.879702646639993e-05	8.29268733306538e-10	3.542246560254705e-06	0.0	0.0	0.0	0.0	0.0	0.0	0.0	0.0	0.0
976.2118372106032	1.892159975519576	3.580269372958241	952989.5511101012	1096.7989372484612	6.795284518947938	46.1758916934535	1202967.908749354	883.8500793409827	1.016566112072837	781190.9627510614	1.0334066602148844	891.9661753403514	781.7915249330008	0.941421	18.659857	0.1957102039764116	0.1194765853089576	-0.0475611756	0.0076782421	-0.0440477505	-0.0157321074	-0.0106382346	-0.0763645029	0.0042427754	-0.0460961019	0.0139322745	0.1330572217	0.0466342894	0.0004952465	0.026344188	-0.0738479943	0.0019650941	0.0047116616	0.0364672199	0.0070661129	-0.0078719634	-0.149523393	0.0393612452	-0.003023225	0.0396468919	0.0094442826	-0.0808927793	0.0144776359	-0.0509058141	0.0600902725	0.0086197574	-0.0172954585	0.0530462012	0.1670129959	-0.1274107141	0.077295065	0.0956886345	-0.1017822381	-0.1831129668	-0.0111113125	0.0641950749	0.0314616585	0.1993045161	-0.038064632	-0.0017584802	-0.1286238518	0.0232175672	-0.0661720129	0.0551394244	0.0087742377	0.0792956418	0.0038688298	-7.29537e-05	0.0392177844	0.0154366091	-0.0164309285	0.114957017	0.0001795714	0.0746196038	0.0851096222	0.020835564	-0.0200903486	-0.0050939297	-0.0230837191	-0.0508949018	0.0131669467	-0.0414926229	-0.039826369	-0.0513750219	-0.1942076519	0.0256035388	0.0861575016	-0.0461016103	0.0753496188	-0.0625520725	0.1718321469	-0.039943312	0.0319534656	-0.0337678484	-0.1488946604	-0.0868732725	-0.0951587495	0.0569968382	-0.0094383457	-0.0626585595	0.0154013245	0.065341288	0.0552029745	0.0768538258	-0.035912684	0.0019713276	0.0011414541	-0.0040513386	-0.0467422147	0.0037307948	-0.0602538228	-0.089376371	0.0334662106	0.0576095846	-0.0180044246	0.0442433213	0.0019844083	-0.1114821853	0.0508544598	-0.0989152288	-0.0392481931	0.0699187775	0.0501508692	-0.0446835199	-0.098167988	0.1126387502	0.0201956026	0.1688162306694636	0.0001413053828259	0.0284989197374455	1.9967211215579266e-08	-0.0040424086463133	0.0858805311642072	1.6341067663788524e-05	0.0073754656330463	-0.3209482211137668	0.0803689969321084	0.0064591756678732	0.1030077606360913	-0.0100731545445673	-0.0002460002780677	0.0001014684424787	6.051613680938597e-08	0.0017856449482389	0.0001658570833133	3.188527881171104e-06	2.7508572085228092e-08	-0.0017075556456204	0.0001745300485643	3.0460737851856975e-08	2.915746282890101e-06	0.0	0.0	0.0	0.0	0.0	0.0	0.0	0.0	0.0
978.7096519105008	2.497814699897617	6.239078275024624	957872.5827427736	1097.6113660077513	0.8124287592900146	0.6600404889215125	1204750.7107894018	884.8162089360378	0.966129595055122	782899.7235959421	0.9334063944413742	891.4303738644248	791.1262361504881	0.98338	19.491512	0.3655137365249948	0.2159644011423681	-0.1216496291	0.0768026973	-0.0697553342	-0.0235855537	0.0305747238	-0.1309170101	0.0652054449	0.0882421208	0.0437750099	0.0602931162	0.0904680496	0.0274395959	-0.069632143	-0.1034529664	-0.0900226364	-0.0551100309	0.0397857324	-0.0700127223	0.0403955315	0.0687281734	-0.0976585168	-0.0435960373	-0.031086356	0.0605566284	-0.0258243105	0.0231060357	-0.0600882038	-0.0079499577	0.1051842269	-0.0550197221	-0.1043613254	0.0705303243	0.0172012419	-0.0139935149	0.0325586377	0.0818282984	0.0487047177	-0.1950061958	-0.0522527661	0.0487386462	-0.0568725334	0.0347137858	0.0136867992	0.0295582131	-0.0471505133	0.0613418529	-0.0040084696	-0.0771936544	0.122491563	0.0683463571	0.071078705	-0.0033106509	0.0752865499	0.0072399511	-0.1106178103	-0.1147424097	-0.0443216256	-0.0972357152	-0.0145622719	-0.030579386	0.0889589828	-0.0747113833	-0.0308828664	-0.0505349597	0.12262301	0.0013726964	0.0626210417	-0.0863101029	-0.1030974357	-0.0618294006	-0.0621849759	-0.0598923863	-0.0363692394	0.0829061136	0.1134156636	0.0226759543	0.0556277146	-0.0031012125	0.0605878452	0.0447079665	-0.0706267551	0.0638558292	-0.0629825725	-0.1269063761	0.1038961636	-0.037340459	-0.0920398471	0.053315923	0.010594628	-0.0433049498	-0.0554424337	-0.0229546794	0.0835017027	0.04286314	-0.0178369062	0.0404192194	0.0520937619	0.0145943983	-0.0226513673	-0.0302833604	-0.1206822767	0.0549315376	-0.0311844108	0.0379893464	0.0390621837	0.0550378513	-0.0478387595	-0.0936454286	0.1172407796	0.0067565429	0.145325560770118	-0.0234906698993456	0.0211195186131492	0.00055181157232	-0.1805846422095811	-0.1765422335632678	0.0326108130019624	0.0311671602315073	-0.4383058029187481	-0.1173575818049812	0.0137728020071128	0.1921119768722484	-0.0096032979991792	0.0004698565453881	9.222333246103922e-05	2.207651732440401e-07	0.0014585311610133	-0.0003271137872256	2.127313147646805e-06	1.0700342979307513e-07	-0.0018730503381547	-0.0001654946925343	2.738849325702251e-08	3.508317569261436e-06	0.0	0.0	0.0	0.0	0.0	0.0	0.0	0.0	0.0
978.9416662324094	0.2320143219085366	0.053830645570678	958326.785885886	1101.336951515891	3.7255855081398295	13.87998737846151	1212943.0807743163	883.9960318179621	-0.8201771180756623	781448.9842699035	0.6726905050148989	892.7842361048648	801.638810590907	1.016325	20.144522	0.2311383093358543	0.1339911486545539	-0.1241049821	0.0282702462	-0.0900875574	-0.1282588483	0.0727862657	-0.144325653	-0.0164906688	-0.0677241494	0.0642093046	-0.1935021465	0.0643515093	-0.0309416151	0.0175355026	-0.0810068765	-0.1553691587	0.0680802888	-0.0664749928	-0.0257687953	-0.0695618945	0.0287002918	0.0162463905	-0.0225870401	0.1435695897	-0.0194295278	0.0430202789	0.1155377131	0.0332570595	0.1456306564	0.0399305888	-0.0077178594	0.1817300434	0.1527537816	-0.0926021079	0.0283360756	0.0742633631	-0.0703157897	0.008953903	-0.1061071813	-0.0485473688	-0.0739011761	-0.0335690272	-0.0025376315	0.05387442	-0.1336214237	0.1341448254	0.2423727175	0.0341183799	-0.1576119616	0.0842781872	0.1378036235	-0.0928210874	-0.0444600243	-0.0530911461	0.0495832173	-0.054046434	-0.0073611385	0.0546808661	0.0630609276	0.1025366277	0.1324059863	-0.0313140988	-0.0302228411	-0.1673761943	0.1326903207	-0.0835094121	0.045840478	-0.0549953954	-0.1445085945	0.0776657394	-0.0030102921	0.1447869831	-0.1294073076	0.0021540509	0.1079267948	0.047938533	0.00119311	0.0828753913	-0.0917700394	-0.0614082868	0.1923554643	-0.0813648771	0.1775849848	-0.0885165956	-0.0669940248	0.0789331168	-0.0537356525	0.0474199997	-0.1337021951	-0.0370359759	-0.1071243486	-0.1007712403	-0.0264334329	-0.0400388489	0.0788153251	0.016706561	-0.0028154368	-0.0355382249	-0.0357833641	-0.1459544614	-0.0729788671	-0.0187462173	0.1252264372	-0.0099677134	-0.0150690634	0.0701474862	0.0638727343	-0.0509612127	-0.0888661936	0.1211199807	-0.0067565429	0.1558117801681078	0.0104862193979897	0.0242773108391547	0.0001099607972627	-0.063365492025099	0.117219150184482	0.0040151855795828	0.0137403291699721	-0.3803874496601906	0.0579183532585574	0.003354535644183	0.144694611858984	-0.010046885070371	-0.0004435870711917	0.0001009398996172	1.9676948972851857e-07	0.0018309301190961	0.0003723989580828	3.3523051010132597e-06	1.386809839811551e-07	-0.0019673560387766	-9.430570062189996e-05	8.89356516978742e-09	3.870489783310755e-06	0.0	0.0	0.0	0.0	0.0	0.0	0.0	0.0	0.0
977.417555185121	-1.5241110472883292	2.322914484466328	955345.0771840592	1090.515419699929	-10.82153181596209	117.10555084387975	1189223.8806033125	883.69865994553	-0.2973718724321088	780923.3215895256	0.0884300305137784	892.1257645255641	801.4277878436197	1.115298	22.10626	0.1456164331267408	0.0715147704335442	-0.0679870587	-0.0034567195	-0.027841959	-0.1579195757	0.162369573	-0.0318430924	0.0402476534	0.0276113298	-0.0592247822	-0.1423119131	-0.0602567904	0.0974413423	-0.1759215399	-0.070035152	0.0106790861	0.0911969876	0.0722402865	0.1181429165	-0.0826672307	0.0442530158	-0.1043206264	0.1270549598	0.1808573179	0.0097425282	-0.0592773201	-0.1291641335	-0.0076017096	-0.0284689483	0.0788906764	0.0276713424	-0.0111073803	-0.013740907	0.1143000637	0.1564802247	0.0962657061	-0.0012496634	0.1466766437	-0.0046844312	-0.0351679629	-0.0760662378	-0.0299776238	-0.0159267779	0.0439673499	0.0357062184	-0.0504957567	-0.0591418031	0.1441849609	-0.0393948554	0.04517153	-0.0160871049	-0.0520358158	0.1533204535	-0.1005537049	0.0917568835	-0.040828152	-0.0884132987	-0.0591025364	0.1197339529	0.1976549929	-0.019614608	-0.0640923838	0.0199683857	0.0851384881	-0.0533499691	-0.009592845	0.0752721847	0.1093525523	-0.0268593722	0.0700811041	-0.007315035	0.086815236	0.1031904458	0.0175293708	-0.0002492756	0.0710215374	-0.0301696704	0.0726489084	0.0124729244	0.0553148349	-0.0445217602	-0.0416702877	0.0750689453	-0.0706407832	-0.0385148628	0.0802406869	0.0158156272	0.009804378	0.0998543637	0.0319320321	-0.1477229039	-0.095066518	0.1395567013	-0.037690476	0.0427296742	-0.1427786154	-0.0299428116	0.0221301056	-0.0792213241	-0.0618755528	0.0214194964	-0.1137082539	-0.0277282147	-0.0705844185	-0.0904915644	-0.0032451102	-0.0382690945	-0.0540487397	-0.0838433825	0.1242524367	-0.0201956026	0.1371128211575865	-0.0186989590105212	0.0187999257257923	0.0003496510680771	-0.0552364881120155	0.0081290039130835	0.0030510696189488	6.608070461892686e-05	-0.3264882558112845	0.0538991938489061	0.0029051230975619	0.1065945811826947	-0.009151946505642	0.0008949385647289	8.375812484213281e-05	8.009150346392013e-07	0.0022051804351435	0.0003742503160473	4.862820751539676e-06	1.400632990615787e-07	-0.0019959526850848	-2.859664630820019e-05	8.177681800762996e-10	3.983827121097224e-06	0.0	0.0	0.0	0.0	0.0	0.0	0.0	0.0	0.0
979.5592918458576	2.1417366607365693	4.587035923943031	959536.406241558	1097.1562916809346	6.640871981005603	44.10118066810528	1203751.92837506	884.4985163689397	0.7998564234096648	782337.6254588555	0.639770298069701	890.5839533354107	791.1446277066436	1.210875	24.000683	0.1101694088346346	0.056791816572318	-0.009254229	0.0262345704	0.009787296	-0.209150324	0.0115406318	-0.0978881921	-0.1597085842	0.0776652943	0.0524485143	-0.1561262546	0.0418634982	-0.0464222103	-0.0039485861	-0.0809191473	0.0181616036	0.0573173107	-0.0230423026	-0.1368982361	-0.0662428672	0.0542895411	-0.0833772401	0.036397805	-0.0219567278	-0.1002818263	-0.0422807104	-0.0620835742	-0.0648357876	-0.0260485773	-0.0464623488	0.0465036702	0.0086072207	-0.0300648786	0.0709094726	-0.0229162545	0.0804696634	-0.2485602201	-0.0550742613	0.0147016266	-0.1245914529	-0.0283386678	-0.0489288985	-0.0385021604	0.2025293946	0.1205768582	0.0225199586	-0.0672393808	-0.1579033119	0.0130885255	0.0800882503	-0.0217928716	-0.0764971611	-0.1012720795	0.0940269945	0.0903939374	-0.0477544942	-0.1049091744	0.0198890287	0.1059662753	-0.0692308595	-0.0285625457	-0.1915137996	0.0758532348	0.0968738594	0.0337030575	-0.0101617572	0.0157032848	-0.0046750723	0.0633077742	0.0995935435	-0.0711723722	0.16579596	-0.169189815	0.0483567108	0.0533686809	-0.0544189406	0.0370695388	0.1031725804	0.0162457278	-0.0192799864	-0.1134280494	0.1914363535	-0.1166066757	-0.0448777179	-0.0239051432	0.0434739453	-0.1263329921	0.0515932888	-0.1013704132	0.0548406588	-0.1874436723	-0.0198783694	0.0466577574	-0.0561672098	0.0505389436	0.0857348841	0.0870951753	0.1066481377	0.0011494602	-0.0060772363	-0.1297300785	0.0078998485	-0.0952715597	0.0082617548	-0.170051682	0.0103901953	-0.010122247	-0.0570992244	-0.0785907625	0.1266188352	-0.033413395	0.1106345263563071	-0.0264782948012793	0.0122399984220844	0.0007011000955834	-0.0383705728877998	0.0168659152242157	0.0014723008637379	0.0002844590963504	-0.330353970606339	-0.0038657147950544	1.4943750876703152e-05	0.1091337458953738	-0.0083405723459656	0.0008113741596764	6.95651470582861e-05	6.583280269905854e-07	0.0026101965323883	0.0004050160972448	6.813125937691906e-06	1.640380390274094e-07	-0.0019531532617243	4.279942336050035e-05	1.831790639991343e-09	3.814807663784271e-06	0.0	0.0	0.0	0.0	0.0	0.0	0.0	0.0	0.0
982.5118328290436	2.9525409831859406	8.7174982573926	965329.5016490864	1107.577211784594	10.420920103659457	108.5955758068538	1226727.2800645356	885.0163467537038	0.5178303847641246	783253.9340212721	0.2681483073849613	892.7157301651804	804.824100195809	1.271173	25.195845	0.1566977488442792	0.0902123389383916	-0.1541914238	0.0658182464	-0.0174358424	-0.0237302845	0.2140661353	-0.227704252	0.0926072811	0.0038015296	-0.0145260131	-0.135267894	0.06245986	0.0859722	0.0966564388	-0.1032967885	-0.1478526158	-0.0481067796	0.0991568822	0.0053302462	-0.0112834536	0.0931173898	-0.1679843045	-0.0627641213	-0.1101340247	-0.1875461345	-0.0228524617	0.1174106052	0.0499309726	0.0266448552	-0.0567194504	-0.0909364544	0.0308599323	-0.0323129794	0.0598107487	0.031728078	0.1116756751	-0.0024909183	0.0880757966	-0.0651593557	-0.0119577168	0.1379261327	0.0384929046	-0.0628478349	0.0541960918	-0.0995838017	-0.0338815509	-0.003171745	0.0059806341	-0.1094934809	0.1237773641	0.1315640793	0.0679218577	0.0967632492	0.0377838406	0.0117789274	-0.1396431104	-0.1391337669	0.0405669302	0.1029881349	-0.1824686977	0.128685724	0.0286880222	0.058744597	-0.05617827	-0.0084844779	0.0012418554	-0.0144883791	-0.1081417582	-0.0264219452	0.0541162711	-0.1410311825	0.0467687645	0.0057419484	-0.03237922	-0.0545580406	0.1863656227	0.0325913407	-0.0127747223	-0.1345626194	-0.010844645	-0.068497754	-0.0346549886	0.0490512652	-0.0812784566	-0.1140355666	0.0736256315	0.1375317533	0.0351516235	-0.0804426968	0.0776996232	-0.1099314509	0.0237297985	0.0673244013	-0.0560663945	0.1442543361	0.1541027339	0.000771081	0.0094450016	0.1397699026	-0.1359572405	-0.0532690562	-0.090007304	0.0468648004	0.1259052728	-0.0361115173	-0.0305226068	0.1127072038	-0.0601105761	-0.0731227308	0.1282045865	-0.0462651033	0.1258639097990226	0.0152293834427154	0.0158417237898964	0.0002319341200452	-0.1195020686385248	-0.081131495750725	0.0142807444088866	0.0065823196027499	-0.3401055182054477	-0.0097515475991087	9.509268057768332e-05	0.1156717635137961	-0.0088844299810212	-0.0005438576350556	7.893309608766835e-05	2.957811272082704e-07	0.0021989731280405	-0.0004112234043478	4.835482817844221e-06	1.6910468828339429e-07	-0.0020097786633555	-5.662540163120034e-05	3.206436109894746e-09	4.039210275679021e-06	0.0	0.0	0.0	0.0	0.0	0.0	0.0	0.0	0.0
980.0289789922738	-2.482853836769777	6.164563174762405	960456.7996646386	1097.614237665614	-9.962974118980128	99.26085329546784	1204757.0147262667	884.699758814364	-0.3165879393397972	782693.6632461939	0.1002279233354191	893.1250568590666	806.7124105663672	0.982237	19.468868	0.1434049129835745	0.0638936890616451	-0.142618432	0.0499548025	-0.0780662309	-0.0909496693	0.0646251746	-0.1330961204	0.0760514991	-0.0729799303	0.0454272923	-0.1197848624	-0.1093852037	0.1064850942	-0.0774296494	-0.1018897236	-0.1774835416	0.0303720089	0.0254788812	0.0630281181	0.0708235519	0.0264424896	-0.1055423836	0.010868468	0.0852860069	0.1230445523	0.0484991121	-0.0160447353	-0.0377254537	0.1103573461	0.1349517907	0.0538289289	-0.1751035156	-0.1391990502	-0.1095372637	-0.1623913709	-0.0349483537	-0.1323038273	-0.070564651	0.0315288362	-0.1202074839	-0.1828463367	0.0985757935	0.0453422505	0.0320211506	0.0324596293	0.0415104252	-0.1446071852	0.0428729981	-0.0688295391	0.1122507864	0.1552127745	-0.0268022521	0.0721827743	-0.0731853745	-0.0763021716	-0.0948321246	-0.0593318653	-0.0635474955	-0.0124310168	0.1596312643	-0.0141824913	0.1142105641	0.0531362991	0.0106537159	0.094149854	-0.124163366	-0.1402777402	0.0791051104	0.0475603046	-0.1076102205	-0.0302914051	0.0554164828	-0.0683209697	0.1323432565	0.0705333873	-0.0947221407	0.0752150709	0.0131663054	0.0357752266	-0.1515766162	0.0105826001	0.0974277632	-0.0175034026	-0.1036472525	-0.0988894264	0.1051967259	-0.0024345965	0.069673278	0.0786750801	0.0588263364	-0.0768129985	0.0587651779	0.0678868386	-0.1582651472	0.0679259127	0.0295805707	-0.0723094109	-0.0582110606	0.0733832063	-0.1633907329	-0.0522736939	-0.0739813839	0.0025812451	0.0035985233	-0.0688529722	0.1026679218	-0.056703272	-0.063080731	-0.0674542747	0.1289999139	-0.0586099215	0.1596801601378388	0.0338162503388162	0.0254977535416458	0.0011435387869774	-0.0831901074410268	0.036311961197498	0.0069205939760495	0.0013185585260086	-0.364601513423878	-0.0244959952184302	0.0006000537817413	0.1329342635909822	-0.0090019913617716	-0.0001175613807504	8.10358484774105e-05	1.3820678243940604e-08	0.0028460631361941	0.0006470900081536	8.100075375202997e-06	4.187254786522262e-07	-0.0022207413990281	-0.0002109627356725	4.4505275842467286e-08	4.931692361357283e-06	0.0	0.0	0.0	0.0	0.0	0.0	0.0	0.0	0.0
976.3028320818004	-3.7261469104734033	13.884170798430487	953167.219930944	1095.8532942734755	-1.7609433921384152	3.1009216303159484	1200894.4425700286	883.7813741473016	-0.9183846670624688	781069.5172896927	0.8434303966954418	891.4370460309481	793.1253578331394	0.8706359999999999	17.256824	0.1901265572087239	0.0830257313988654	-0.1141034599	0.027085372	-0.0924142901	-0.008355264	0.0046425127	-0.0786992609	0.0507746065	-0.0177683664	0.0788780811	-0.0383705161	-0.0381442392	0.0165193192	-0.1218673872	-0.0546224581	-0.1316932967	0.0338256447	0.0212899765	0.0959702575	0.0282073718	0.0505604348	-0.1053628438	0.0515772568	-0.0882493433	0.0805648673	0.100355456	0.0539825396	0.0243308084	0.0724532373	0.0035549473	0.0476104684	-0.0434091095	-0.0836958231	-0.1055885983	-0.0336298065	-0.0190043385	0.1870590583	0.0136394211	-0.0646813543	-0.0412406956	-0.0748761464	0.1364868335	0.0525921436	0.1369974871	0.201463296	-0.1555284869	-0.1080139346	0.0319416021	-0.0128769013	0.0643131775	0.1277848706	-0.0319882681	0.0696076203	-0.0472925954	-0.0437013362	-0.0396032638	-0.0384628621	-0.1297967062	-0.0525793619	-0.0309476777	-0.0235219866	-0.032141374	-0.0703138728	-0.1677803468	0.0101730125	0.0846350683	-0.0467079228	0.0603878349	0.1065511405	-0.1887606435	-0.0049172588	-0.0111434555	0.0352977772	0.1136587266	0.0355093197	0.0995312719	0.0211053283	0.1123439478	0.1728013411	0.0570891513	-0.0830130088	0.1204003721	0.0456780541	-0.0691329778	-0.0856077477	0.0947736309	-0.0114167985	0.0107898069	0.1229224969	0.0211282189	-0.0648160479	0.0932988341	0.1102435239	-0.1921847062	-0.0736323295	0.026948666	-0.0307926129	0.099244846	0.0387776477	-0.0998945091	-0.0567928995	0.061053404	0.0386471211	0.0470237902	0.0680660729	0.0282595826	-0.037742449	-0.0660076536	-0.0616009311	0.1289999139	-0.0703125971	0.1237921390642498	-0.035888021073589	0.0153244936941025	0.0012879500565783	-0.0477654872450585	0.0354246201959683	0.0022815417717578	0.0012549037160286	-0.3102275556316414	0.0543739577922365	0.0029565272859919	0.0962411362731831	-0.0084690703778581	0.0005329209839135	7.172515306511353e-05	2.840047750953332e-07	0.0024082983259297	-0.0004377648102644	5.799900826675796e-06	1.916380291058262e-07	-0.0025388547677888	-0.0003181133687607	1.0119611538428112e-07	6.445783531923922e-06	0.0	0.0	0.0	0.0	0.0	0.0	0.0	0.0	0.0
976.5750035350552	0.2721714532548276	0.0740772999668448	953698.737529493	1098.313330117758	2.4600358442824017	6.051776355154229	1206292.171114359	883.8467456319031	0.0653714846015418	781185.0697641061	0.0042734309990096	891.8368060664127	786.983857096899	1.440405	28.55019	0.4506586154489487	0.2419009746266222	0.1091335965	0.0762756853	0.0113157112	-0.1450652148	-0.2054250259	-0.0394533624	-0.2379409565	-0.017317044	0.1629712473	0.0383138207	-0.0092689195	0.0612912691	-0.1051961019	-0.074271241	0.0392801298	0.0728943023	-0.1516585242	-0.0904409194	0.0913623539	-0.0862955208	-0.124547807	0.0192115532	-0.1332852543	0.004171188	-0.2560129687	-0.0726637008	0.1155698616	0.1329542731	-0.08182826	-0.0433661306	0.0062668558	-0.0459780412	0.0036083252	-0.0288124242	-0.0801525108	0.0524273319	0.0448983902	0.0593011183	0.0978385698	0.1782337265	0.1887451658	0.0056280177	-0.0892560733	-0.1031441727	-0.1584687459	0.0617265394	-0.0653344769	0.074108222	0.0695302937	-0.0551582403	-0.1229329348	-0.1699192539	-0.0200802068	-0.1051581975	0.0293954424	-0.1083136573	-0.0532053043	0.0599953922	-0.1460860057	-0.1560603952	0.0222625573	0.0283979971	-0.1166443048	-0.1379945067	-0.1709430709	-0.1427347389	-0.0142748028	-0.00500403	-0.0439672707	0.0027492928	-0.1820822364	0.0505605566	-0.0718447279	-0.123034135	0.1214496294	0.012538763	-0.1014525954	0.0733519325	0.0506854456	-0.1546675732	0.0141389391	0.1062027426	-0.0026364623	0.141772046	0.0892992913	-0.184566088	0.1631007406	-0.0466860819	0.1241361196	-0.0905041623	0.2409574852	0.0887242757	-0.1542604536	-0.239083303	0.0143064982	0.1053546137	0.0094687239	0.1665382509	-0.1205349513	0.1570652692	0.0606273308	-0.0971770279	0.145526962	0.0824912647	-0.0215220585	0.0452579738	-0.0688893378	-0.0555787436	0.1282045865	-0.0812449131	0.160369893614984	0.0365777545507342	0.0257185027780812	0.0013379321279737	0.0874134711535674	0.1351789583986259	0.0076411149391155	0.0182733507937374	-0.1141511099388878	0.1960764456927536	0.0384459725555033	0.01303047590028	-0.0075131289673913	0.0009559414104667	5.644710688065426e-05	9.13823980245254e-07	0.0030069691952112	0.0005986708692815	9.041863740949092e-06	3.584068097262669e-07	-0.0026407516241772	-0.0001018968563884	1.0382969341838226e-08	6.9735691405945205e-06	0.0	0.0	0.0	0.0	0.0	0.0	0.0	0.0	0.0
976.0538438205504	-0.5211597145048472	0.2716074480227738	952681.1060368712	1100.5996942561426	2.28636413838467	5.227460973291474	1211319.6869967144	883.226864772717	-0.6198808591860825	780089.6946562433	0.3842522795852758	891.1501705972772	782.259068888567	1.625023	32.209492	0.3618544726962757	0.1694627121532126	-0.0620578617	-0.0110392746	0.0391519954	0.1473473821	0.0754846304	-0.0493213763	0.0769359244	-0.027445384	-0.1824168075	0.1311019755	-0.0445453783	0.0396129742	0.206132391	-0.0614761543	-0.0028030974	-0.1185204625	0.1056051136	0.1958797603	0.0531551413	-0.0534655824	-0.0225025128	-0.1123919851	-0.1517032832	-0.0749427181	-0.227972715	-0.1836873666	0.0426743936	-0.0608053703	-0.0913914884	-0.1024180693	0.1220211793	0.0487366245	-0.1164046906	0.0250780145	-0.165841643	-0.1478519652	-0.0375590769	0.0004649783	-0.0275760559	0.2613919551	-0.01958398	0.047565964	0.0767534787	0.018486108	-0.0092622137	-0.0415726125	-0.0004439224	-0.0189978931	0.0491529689	-0.022942931	0.1351288977	0.1881824092	-0.0754700788	-0.0779946655	0.0347264662	-0.0329456859	0.139723769	-0.0832686093	-0.1672266983	-0.1231212529	-0.0760733566	0.076660393	0.0592540431	-0.1641211529	-0.187935236	0.0291694595	-0.145124555	-0.1211666777	-0.0382730172	0.1693522544	0.0399912248	-0.0924852163	-0.2339275326	-0.0060813065	0.1575854641	0.081588974	-0.1140177299	-0.0475727595	0.0708468037	-0.1147214458	0.0228318305	-0.1126586908	-0.073792579	0.0320349199	0.0169851552	0.2176685624	-0.0800692877	-0.0143389893	-0.0698305291	0.0510228836	0.1760935777	0.1251016371	-0.144735035	0.0928648212	0.2221925332	0.0982717734	-0.0767288826	0.0030715358	0.0230904494	0.0157381602	-0.0522057254	0.2152997085	-0.0196372374	-0.0026570425	-0.110461045	0.1114675852	-0.0717238087	-0.0494042187	0.1266188352	-0.0912870929	0.0709682651403511	-0.0894016284746329	0.0050364946570311	0.0079926511739162	-0.0380661161208166	-0.125479587274384	0.0014490291965234	0.0157451268225497	-0.1337771675010515	-0.0196260575621637	0.0003851821354333	0.0178963305446043	-0.0084610713713199	-0.0009479424039286	7.158972875056923e-05	8.985948011659347e-07	0.0019489225942614	-0.0010580466009498	3.7982992784225854e-06	1.1194626097814256e-06	-0.0020997966413537	0.0005409549828235	2.926322934415735e-07	4.409145935040278e-06	0.0	0.0	0.0	0.0	0.0	1.0	0.0	0.0	0.0
973.6771635531346	-2.376680267415736	5.648609093523335	948047.2188248776	1088.565643508713	-12.034050747429546	144.81837739170962	1184975.1602275386	882.5695742247922	-0.6572905479248448	778929.053347331	0.4320308643913426	890.8891471862793	785.3572579955588	1.45502	28.839867	0.1777193025441626	0.0840768096090685	-0.0167947232	0.0213092653	-0.0049526503	-0.0922760073	-0.2381996147	0.0404988445	-0.0888592075	-0.1250259905	-0.0302853247	0.0857470081	-0.1688583687	-0.0265866092	-0.0174151498	-0.0686931678	0.0098103816	0.0889912144	-0.1358960994	0.1336234235	0.1054044983	-0.0390515756	-0.0110321458	-0.0500911695	-0.0926615451	0.3218224151	-0.1553296285	-0.0226309236	0.0851209604	-0.0759379975	-0.0113841871	-0.0709420589	0.1267870468	-0.0943914154	-0.0324748717	-0.0886166657	-0.0236422139	0.1647946761	0.0985294818	-0.0357997799	-0.0156682242	-0.1743127643	0.0272630137	-0.182142004	0.107741404	-0.0858650141	-0.0416165331	0.1520968696	0.0932708211	0.0355854784	0.0550974084	-0.0251243533	-0.0774531206	-0.010613112	-0.1819739843	-0.0621459366	0.006781305	-0.0429302348	0.0058196266	-0.1832853836	0.0894407243	-0.2688847449	0.1195378254	-0.0098009996	-0.0794516655	-0.0949357444	-0.0249846833	0.0373172539	-0.1286393105	-0.0051848156	-0.0418708697	-0.0301586573	0.000814872	0.1086925967	0.1431786597	-0.2029898331	0.0641638786	0.1034744065	0.1991843302	-0.0929837483	0.0748135513	0.1002783458	0.0008638645	-0.052442943	-0.0949853723	0.090919346	0.0369322345	-0.1582554741	-0.1403054663	0.1425004016	-0.074151088	-0.0253872161	0.2089004974	0.1410303539	-0.179090888	-0.03330887	0.0481592691	-0.0686699355	0.108931951	-0.1526290124	0.1625460702	0.1324098871	0.086648412	0.0156591031	-0.1365701054	0.0240426841	-0.0366086548	0.0575776554	-0.0745091236	-0.0430942802	0.1242524367	-0.1003291122	0.0395336076622072	-0.0314346574781439	0.0015629061347893	0.0009881376907682	0.0223790020805267	0.0604451182013432	0.0005008197341202	0.0036536123143743	-0.129366038749751	0.0044111287513005	1.945805686054998e-05	0.016735571981802	-0.009234370817451	-0.000773299446131	8.527360439419064e-05	5.979920333866644e-07	0.0015018443318906	-0.0004470782623707	2.2555363972319227e-06	1.9987897268449375e-07	-0.0016916063875881	0.0004081902537655	1.6661928326922478e-07	2.8615321705288616e-06	0.0	0.0	0.0	0.0	0.0	0.0	0.0	0.0	0.0
974.4875314322976	0.8103678791629818	0.6566960995791091	949625.9489170132	1091.0320649250243	2.466421416311277	6.083234602838927	1190350.9666945625	883.635249941089	1.0656757162968231	780811.2549384509	1.1356647323047475	890.5348524194014	773.7159430546078	1.34822	26.722988	0.3548322238250505	0.1945123115008886	0.1432625774	0.0648499138	0.1453433463	-0.041319079	-0.1081881098	0.0821358642	-0.2763321297	-0.0437078721	-0.0364770378	0.1431459658	-0.0528673859	-0.0199122292	0.0298237766	-0.0790931804	0.1332033783	0.1221345661	-0.0454117189	0.1217191992	0.1955660778	0.0632761164	-0.0394687939	-0.0800883733	-0.0088675357	-0.0547812729	0.059971338	0.2722074452	0.1905728245	-0.073323335	0.0606422942	0.1704104795	0.0929802116	-0.0035566664	-0.0545774479	-0.0084241681	-0.1617709828	-0.0078746512	0.1004207894	-0.1769731825	0.0955091129	0.0301892091	-0.0982613832	-0.0072854598	-0.1069134589	-0.1751025764	0.0516170288	-0.2148101223	-0.1337200595	0.1466225015	0.0599565584	-0.1594558181	-0.1321501019	0.0206034867	-0.0687398515	-0.1566032761	-0.0488621468	-0.0318821356	0.0840843932	-0.0657227908	-0.1592392292	-0.0388070155	-0.1826508271	-0.2127254986	-0.1096625297	0.1612164818	0.0564871477	0.18485731	0.0731388711	0.1724651429	-0.2534501256	0.0608972249	-0.0679162225	-0.0774141898	-0.0903393349	-0.0866222389	-0.1151306286	-0.2205826059	0.0833663914	-0.2094354232	-0.1326654347	0.0168909457	-0.0037814304	-0.0594572326	-0.0079668452	0.2488845376	0.0394099305	-0.061642062	-0.149078409	-0.0834718247	0.0397880267	0.0065261413	0.1651705113	0.1855235578	0.0222187133	-0.1365065178	-0.0176182885	0.0930864386	0.0732889826	-0.0759606403	0.0920529225	0.0397663924	0.210552663	0.2191602791	0.0512442943	0.2372535315	0.048484044	0.002776105	-0.0772433738	-0.0366662233	0.1211199807	-0.1082719048	0.0688287882320963	0.0292951805698891	0.0047374020894987	0.0008582076046224	0.1328146810823369	0.1104356790018102	0.0176397395110028	0.0121960391965908	0.0235103120062802	0.1528763507560312	0.023371178620481	0.0005527347706326	-0.0085733144057437	0.0006610564117073	7.350171989973244e-05	4.369955794593318e-07	0.0009328282764915	-0.0005690160553991	8.701685934221023e-07	3.237792713019518e-07	-0.0017060341904281	-1.4427802840000009e-05	2.0816149478991236e-10	2.9105526589096627e-06	0.0	0.0	0.0	0.0	0.0	0.0	0.0	0.0	0.0
976.3427694531975	1.8552380208999464	3.4419081141927506	953245.2034635396	1087.5957650849314	-3.4362998400929428	11.808156591022785	1182864.5482306771	882.5776907676702	-1.057559173418781	778943.3802407933	1.1184314052822153	890.9974649128161	784.3893392227828	1.205745	23.899012	0.3593421244478429	0.1730392009143435	0.1016295737	0.0239591277	0.1356037166	-0.0192227601	0.1430575513	0.0949951727	-0.0577229103	0.0101453424	-0.2120857214	-0.0863929075	-0.0364553861	0.0091745208	0.2400737464	0.0959272304	0.1187368002	0.0859157331	0.0349567375	0.0165128439	0.166295291	0.1527651704	-0.0433904232	-0.314419452	-0.1202011862	-0.1625956491	-0.0093460157	0.0421700586	-0.2695004602	0.0620239926	0.219869853	0.0755739821	0.0868716762	-0.1182202265	0.1318899059	0.0104526676	0.0480709591	-0.0442629482	0.0098511463	0.0995593371	0.1424074207	-0.0622742884	-0.0991085021	0.0839222105	0.1145198285	0.1915281823	0.0931064604	0.0927821257	-0.0250307133	-0.0114798983	-0.120265358	-0.1352012306	-0.0481745162	0.0649605951	-0.0112079806	-0.0690018934	-0.2462674087	-0.0484446102	0.2486327182	-0.0889771865	-0.1672522996	-0.0346824461	0.0544398598	0.2846224692	0.0837339706	0.3019545527	0.124786688	0.0191993053	0.0915477802	-0.0674429814	0.0075109268	-0.0885853054	0.075565279	0.0883768221	-0.0439823556	0.0568570452	-0.0806685059	0.0120108122	0.0531459211	0.2335186374	0.0923557954	0.0517565204	0.0367595739	0.0154512342	0.041811142	0.1334416877	-0.0095057792	0.0710558693	-0.1362777302	-0.0646094345	-0.0326558679	-0.0494034959	-0.0220299441	0.1580756567	0.2055178717	0.1781991425	0.0334910637	0.0929952487	-0.2919547736	-0.0342148028	0.036826707	0.1173125413	-0.0773138963	0.2422260799	-0.0816404366	0.1070500815	-0.0860105994	-0.4285278497	-0.0799246852	-0.0301376669	0.1172407796	-0.1150284477	0.072682536052028	0.0038537478199316	0.0052827510469543	1.4851372259628304e-05	0.023077961333044	-0.1097367197492929	0.0005325922992894	0.0120421476613348	-0.0574130091461881	-0.0809233211524683	0.0065485839063455	0.0032962536192202	-0.0069019796793653	0.0016713347263783	4.763732349437153e-05	2.793359767598359e-06	0.0001998104423415	-0.00073301783415	3.9924212868705895e-08	5.37315145181957e-07	-0.0008138200364335	0.0008922141539946	7.960460965883e-07	6.623030517006234e-07	0.0	0.0	0.0	0.0	0.0	0.0	0.0	0.0	0.0
975.2225473400068	-1.1202221131907208	1.254897582881484	951059.0168403318	1085.159773789443	-2.435991295488293	5.934053591694732	1177571.7346507553	883.5898578168806	1.0121670492103476	780731.0368368552	1.0244821355071825	892.1055997145803	789.7180068794903	1.171035	23.211029	0.0923537002661555	0.0710569895121054	0.0762678453	-0.0172051188	-0.0504889732	0.0042304996	0.0414424472	0.1210157903	0.0690554837	-0.088573604	0.0014879272	-0.0432362386	-0.134439084	0.1091226033	0.0564695578	0.0476398894	-0.0359189513	0.0937884563	0.116331875	0.0707085904	0.0670107612	0.0319303091	0.0462990038	0.1178563269	-0.077601384	0.0042447416	0.0863830239	0.0401973738	-0.0098745865	-0.146606082	-0.1019067626	-0.0852612625	0.0674685322	-0.0080855671	0.0811361071	-0.0720033248	-0.0119150079	-0.0056502221	0.0712952935	0.1033896652	0.0557758013	-0.0119046291	0.1558096052	0.0096734961	-0.0588608349	-0.0649556284	0.0618771566	0.1002321787	0.062438579	-0.076154272	-0.0566431127	0.0378350073	-0.0901529188	0.1322565976	-0.0139186851	-0.06635153	-0.0580952399	0.1099162583	-0.1415183362	0.01193757	-0.0486567212	0.0101588293	0.0743988865	0.0181373201	0.0946816832	-0.0533442624	0.1217421637	0.0114803573	-0.1872381628	0.0285417198	0.0938317111	-0.0134945374	-0.0106201753	0.0358984588	-0.0789745862	-0.1758024611	-0.0760206776	-0.101591408	-0.0082784419	0.0679600405	-0.0119853475	0.1184165484	0.1042855273	0.1852326721	0.0439196416	0.0901411695	-0.0145569948	0.0737770013	-0.0819601045	0.0534378529	-0.1447851205	-0.0055976608	0.0947597887	-0.0509315876	0.17957225	0.0955678749	-0.1160574727	-0.0386434543	-0.0989511982	0.0110339615	-2.79922e-05	-0.0259448411	-0.0350559294	-0.1124349376	-0.0475631703	-0.0619454265	0.1267200848	-0.1979997507	-0.0825512202	-0.0235265052	0.1126387502	-0.1205247148	0.0730463650679524	0.0003638290159243	0.0053357714496405	1.3237155282851496e-07	0.02571918872367	0.0026412273906259	0.0006614766686037	6.976082128993028e-06	-0.1249284065710583	-0.0675153974248702	0.0045583288894381	0.0156071067683836	-0.0067878386516402	0.000114141027725	4.607475356070065e-05	1.3028174210142022e-08	0.0005197598243136	0.0003199493819721	2.701502749705043e-07	1.0236760702432874e-07	-0.000811245517436	2.574518997500012e-06	6.628148068488466e-12	6.581192895600034e-07	0.0	0.0	0.0	0.0	0.0	0.0	0.0	0.0	0.0
972.5417977900212	-2.6807495499856486	7.186418149748258	945837.5484486464	1094.7393362862724	9.57956249682934	91.76801763065916	1198454.2144125083	882.1350973295963	-1.4547604872842612	778162.3299406964	2.116328075363541	891.0462460367303	781.2047265658787	1.094511	21.694237	0.1672275307225504	0.0946348965396853	0.0506944411	-0.0762588361	-0.0816093892	0.0692822157	-0.0982590411	0.1181036272	0.0085870718	-0.110094042	0.125442632	-0.0234217208	0.043357871	-0.1174971074	0.0746109161	0.0667434688	-0.0507256426	0.0402936402	-0.1197430413	-0.003723565	-0.0771758237	-0.0545523774	0.0523767392	-0.0794206727	-0.1214692734	-0.0391303494	0.062507779	-0.0259198774	0.0420894515	0.1019495251	-0.0929084011	0.0056748412	-0.0914521019	-0.1251173332	-0.100892033	0.2029938007	0.1302672714	-0.1103862246	-0.1138737111	0.0266524051	-0.1157702406	-0.0961786851	-0.1375472328	0.1090692989	-0.0053416048	-0.1023115816	0.0502608057	-0.015517659	0.0118498535	-0.0037918969	-0.0755651331	0.0663289273	-0.0681221437	-0.0855999879	-0.0748129188	0.0240840317	0.0863241399	0.0231982119	0.058074601	-0.0391116244	-0.0902024734	-0.009655267	0.0272351115	0.0690718275	-0.0552225947	-0.0047171465	-0.0864587815	-0.0555834564	0.0069414053	0.1869764812	0.0812098826	0.119356176	0.1316642792	0.040167355	0.0676177542	0.2267836618	0.0322972291	0.0115328709	-0.0537743477	-0.0679302385	-0.2656393076	-0.0488699512	-0.0160770079	0.0291876078	0.0320843282	0.0228379231	-0.0506276359	-0.0309536483	-0.0752911071	-0.0993392996	-0.2225246252	0.0867613526	-0.0154769521	-0.0393926456	0.0010424649	0.0304685048	-0.0110934855	0.0646298666	-0.0677556079	0.1345477257	0.1300183996	-0.1132773137	0.0789235542	-0.1716907667	0.061263355	-0.0019794283	0.1116828579	-0.1168582134	-0.0851211787	-0.016850859	0.1073422654	-0.124700488	0.0568560511501488	-0.0161903139178035	0.0032326105523883	0.000262126264757	-0.0460417332591163	-0.0717609219827863	0.0021198412015036	0.0051496299238195	-0.1837790479293488	-0.0588506413582904	0.0034633979882821	0.0337747384578178	-0.0071028133038739	-0.0003149746522337	5.044995682968807e-05	9.920903154974039e-08	0.0006128862044065	9.31263800929e-05	3.756294995518061e-07	8.672522669207281e-09	-0.0008108334804892	4.12036946799985e-07	1.6977444552825364e-13	6.574509330822299e-07	0.0	0.0	0.0	0.0	0.0	0.0	0.0	0.0	0.0
973.4658456968522	0.9240479068309924	0.8538645341187383	947635.7527382876	1086.436409425942	-8.302926860330444	68.93859444799678	1180344.0717263331	882.8857609748103	0.7506636452139901	779487.2669320699	0.5634959082459552	890.8835348631206	783.0958925928809	1.094502	21.694059	0.3460243957616247	0.1979748937837757	0.0887442932	-0.1102388286	-0.0708842191	-0.0035443465	0.0791964401	0.1280587959	0.0057279833	-0.1407978349	0.003629511	-0.035773822	0.0334060004	0.0263504731	-0.0856464095	0.0267024748	0.1094984092	0.0591625383	0.1044608499	-0.0012070791	-0.1388776254	-0.2175618751	-0.0023127189	0.0731289361	-0.1153180442	0.0318778327	0.0900388983	0.122907973	0.066680714	-0.0163693381	0.0829308125	-0.0268645539	-0.2007609912	-0.038764961	0.1721971047	0.0641087565	-0.0091076823	0.062157565	-0.2251457959	-0.1224801058	-0.2148900948	0.0480798545	0.0312219494	-0.1027826996	-0.0320413036	-0.0357673902	-0.0771104272	0.1028045445	-0.0648820229	0.0803148818	-0.0309528329	-0.0686078787	-0.070853127	0.1019097702	0.0582130831	0.0662181994	0.2500178225	-0.0284172966	-0.0861700498	0.0637032754	-0.1049619754	0.0722763725	0.1833911854	-0.0331457026	-0.0103051696	-0.0010011332	0.0558322965	0.1070993857	0.0863048461	0.112234532	0.1416100907	-0.197925574	-0.1516385271	-0.0782411192	0.1014658572	0.0712582342	0.1203753067	0.1573032279	-0.0630311601	-0.0493176374	-0.1093163661	-0.0032658166	-0.0332781353	-0.1399021549	0.0118795691	0.113287694	-0.0210460418	0.1114620945	0.0841468886	-0.0112254011	-0.1399041374	-0.0479585411	0.0268295967	-0.0884624574	0.1424860511	-0.1551655991	-0.1619361182	-0.0503735903	-0.0133726276	-0.1334805303	0.0394105995	-0.1072171214	0.0701757591	-0.0848735689	0.1641709762	-0.1678810084	-0.0629215054	-0.0012300345	-0.0876327994	-0.0101290257	0.1013839798	-0.1275100165	0.1087038133214264	0.0518477621712775	0.0118165190306195	0.0026881904421693	0.1317129393535339	0.1777546726126502	0.0173482983931477	0.0315967236356304	-0.1201828669003219	0.0635961810290269	0.0040444742414767	0.0144439214963804	-0.0076751259549563	-0.0005723126510824	5.890755842444386e-05	3.275417705889649e-07	0.0009028714595591	0.0002899852551526	8.151768724863797e-07	8.40914482059186e-08	-0.0010050511732276	-0.0001942176927384	3.7720512172627585e-08	1.0101278608061754e-06	0.0	0.0	0.0	0.0	0.0	0.0	0.0	0.0	0.0
977.323876159918	3.858030463065802	14.884399053943726	955161.9589122466	1095.729344619817	9.29293519387511	86.35864451756262	1200622.796660974	884.0161604383429	1.1303994635326262	781484.57191615	1.277802947154849	890.2230703253495	778.8354936009455	1.304797	25.862307	0.5614835674339302	0.3260077588225088	0.0413546421	-0.01683031	-0.0230205002	0.1381354861	0.0141537006	-0.0228845937	0.1376653001	0.023608578	0.0497095324	0.0836676681	0.1904470866	0.0246179087	-0.0927452601	0.0419914312	-0.0285557192	-0.1706364649	0.1457956001	-0.1488492661	-0.0729687623	0.0119657706	-0.0655748645	-0.2031523193	-0.1765934718	0.0368155873	0.1741970948	0.0317189567	0.0357616552	-0.0642687274	-0.1383447551	0.024886283	0.0237099829	0.1964823508	-0.0670309276	0.0846257995	-0.0713319343	0.1546061163	-0.0693497079	-0.0669863039	0.0699728994	-0.0909577942	-0.0254986698	-0.055195681	-0.165572722	0.069237225	0.1114017101	-0.0238600082	-0.074097744	-0.0360909977	-0.0127656626	0.0455413665	0.1638800305	-0.007434722	0.2484577318	0.0519771563	0.0301494077	-0.0648045439	-0.1254843984	-0.2330841822	-0.2418503233	0.0767153613	-0.0211055117	-0.132762844	-0.0844602907	-0.0019435629	0.0619878418	-0.0190678906	-0.0024680448	-0.0216355167	0.1357557439	0.1679126479	-0.1001377526	0.0073960812	0.1024970621	0.1004493468	-0.1277197355	-0.1497172793	0.0475699803	0.0105179898	0.1316755653	0.1475320164	-0.066102172	-0.0277890765	0.0709871855	-0.0858254982	-0.0592436312	0.0707457564	-0.0883013138	0.0928566504	0.0053812581	0.0021956045	-0.0068321972	-0.0618023549	0.1368504277	-0.0297917834	0.0718560777	0.1464453448	0.008645147	0.1327297793	0.236884209	-0.1094751766	0.0182146599	-0.1058125553	0.0536371219	-0.0016728063	0.1115698694	0.1241483294	-0.090084361	-0.0033794295	0.0948006283	-0.1289225186	0.0748129142172757	-0.0338908991041506	0.0055969721336814	0.0011485930420877	-0.1411224022681807	-0.2728353416217146	0.0199155324219422	0.0744391236378377	-0.2684387292808168	-0.1482558623804949	0.0219798007301842	0.0720593513778996	-0.006061804622934	0.0016133213320223	3.674547528662402e-05	2.6028057203582093e-06	0.0005799647845696	-0.0003229066749895	3.3635915134086254e-07	1.042687207527746e-07	-0.000811249893688	0.0001938012795396	3.755893595118621e-08	6.581263900087914e-07	0.0	0.0	0.0	0.0	0.0	0.0	1.0	0.0	0.0
976.5994568845052	-0.7244192754127425	0.5247832865895229	953746.4991871106	1093.4098698999974	-2.319474719819709	5.379962975882719	1195545.1435947292	883.9716430097611	-0.0445174285817984	781405.8656453766	0.0019818014475355	892.0590306733784	797.0829761516912	1.317495	26.113998	0.2233307911300781	0.1367966292145267	-0.014570048	-0.0563871622	-0.0446750301	0.0229551559	-0.0019666528	0.0123000326	-0.0100424296	-0.0192221378	0.0686120087	-0.1411361929	-0.0018903216	-0.1075136703	0.2309771163	0.0521908911	-0.1721283605	0.1073256207	-0.0569458552	-0.0170642697	0.0225812684	0.1099609924	0.0770155089	-0.0882892804	0.030800579	0.0370202337	0.0221252117	0.1007888033	-0.1128593843	-0.1955028416	0.0681769537	0.0450850415	-0.0904417629	0.0359552091	0.1495802172	-0.0357203145	-0.037544901	-0.0594016209	-0.0382676642	0.2157728576	-0.0417552487	-0.0050178274	-0.1433483509	0.0341007801	-0.0790770958	-0.1367540106	0.0493957436	0.0870343776	-0.0419051584	0.0889690362	-0.0461832208	0.1529437127	-0.101581544	-0.0607179379	-0.0359277022	0.0319552907	-0.1499391136	0.0280854128	0.0639297744	-0.0796173349	0.0247625346	-0.0204026414	0.1090707074	-0.0100823197	0.2075383387	0.1086511456	0.1034156502	0.087334129	0.0457672173	0.0324400746	0.114252832	0.0037561587	0.0380883669	-0.0444648701	-0.0190960859	-0.0924411844	-0.2058493403	0.0926687635	-0.12867821	-0.0648582704	-0.0750893555	0.1018020539	-0.1390227873	-0.0332501218	0.0678973213	-0.05211976	-0.0910273988	-0.0652654676	-0.1270419422	-0.1601088804	-0.1902384541	-0.0403801071	-0.0545314066	-0.054587479	0.1823470233	-0.0302507921	0.0398300291	-0.2561578668	-0.1010978673	-0.1489367925	-0.128400654	0.1651344781	0.0103187348	-0.0700552486	0.2123060597	0.0614303071	-0.1414776216	0.1918528224	-0.0924741833	0.0033794295	0.0876327994	-0.1289225186	0.0541708040453983	-0.0206421101718774	0.0029344760109249	0.0004260967123479	-0.0409583712716852	0.1001640309964955	0.0016775881772292	0.0100328331054669	-0.280860433734702	-0.0124217044538851	0.0001542987415396	0.0788825832376449	-0.0060890278530287	-2.7223230094700068e-05	3.70762601949593e-05	7.411042567889834e-10	-0.0011840078787519	-0.0017639726633215	1.4018746569465738e-06	3.1115995569455463e-06	-0.0008221129104282	-1.08630167402e-05	1.1800513269786542e-10	6.758696374927257e-07	0.0	0.0	0.0	0.0	0.0	0.0	0.0	0.0	0.0
974.1358867856716	-2.4635700988336566	6.069177631867273	948940.7259237068	1085.8501837924446	-7.559686107552807	57.14885404472691	1179070.6216420855	884.9636471682709	0.992004158509758	783160.6568093678	0.9840722505006528	892.8912212171052	786.4180113427057	1.357644	26.909796	0.4887976933366814	0.2648098796717396	0.1864140003	-0.1248230659	-0.0363869989	-0.0888323544	0.0476268607	0.1627656466	-0.0728123478	-0.0969810073	0.0029687891	-0.0918950163	-0.0149904815	0.1182549702	-0.0724932258	0.0656989084	-0.016003004	0.2593422968	0.0520445299	-0.0120015899	0.0486550421	0.0793172691	0.0253598176	0.2751966897	-0.1276250836	-0.1584968876	-0.0046176234	-0.0130528351	-0.1515490511	-0.1272448066	0.014647172	-0.0366600554	-0.0196363843	0.1981413085	-0.0120784847	-0.0391478481	0.1564462223	0.0657949327	-0.0367630833	0.0318450905	-0.0413063017	0.1042110317	-0.0129203409	-0.1092419251	-0.1152331182	0.0729106324	0.130021557	-0.1762472935	0.0793412208	-0.0147130228	-0.0743608613	0.0177531256	-0.2392511601	0.0774290475	0.0250012549	-0.0318112846	-0.0705231634	0.1222577467	-0.2022793084	0.1736472324	-0.1352325164	0.0126692665	-0.0444878838	-0.0657506386	0.1075289992	-0.0905136007	0.129010899	0.0402831774	-0.0882408288	-0.2552844367	-0.0450943635	-0.0338896142	-0.0356512129	0.0839491907	0.0420475169	0.0651600011	-0.0718575422	-0.0695596524	-0.169003884	-0.0788783514	0.0048431351	-0.035086887	0.0670597329	-0.0348639113	0.087740119	0.1744590957	-0.0515377381	0.0484714884	0.0766205131	-0.0714608596	-0.0935082462	-0.0868685676	0.0273259014	-0.0691160241	0.2025510488	-0.050946248	-0.2143030036	-0.0202668094	-0.0516099968	-0.0067058685	-0.1698243065	0.0188325044	-0.0262525063	-0.1055818944	0.0864323676	0.0031419797	0.0150728604	0.0747483394	-0.0948006283	0.0101290257	0.0799246852	-0.1275100165	0.0962940749564751	0.0421232709110768	0.0092725488717232	0.0017743699522479	0.1181599096754411	0.1591182809471263	0.0139617642545083	0.0253186273315686	-0.0864600598975187	0.1944003738371832	0.0377915053480366	0.0074753419574825	-0.0068670992403077	-0.0007780713872789	4.7157051976234585e-05	6.053950837022671e-07	-0.000105201857957	0.0010788060207949	1.1067430917604805e-08	1.163822430503326e-06	-0.0008158749656762	6.237944752000022e-06	3.8911954729004615e-11	6.656519596171405e-07	0.0	0.0	0.0	0.0	0.0	0.0	0.0	0.0	0.0
976.254300091168	2.1184133054964605	4.48767493290444	953072.4584464964	1088.857378476626	3.0071946841815134	9.043219868569553	1185610.3906629905	882.6221978113067	-2.3414493569641763	779021.9440692614	5.482385091227955	890.1122597945364	786.5062840046279	1.426537	28.275322	0.5355711172389599	0.3229714370132784	0.0580236597	-0.052044322	0.0991198055	0.1228963556	0.055241128	0.104910003	0.1156871569	0.1084211814	-0.1030154776	-0.0893789185	0.0585317341	-0.0021197163	-0.0787722505	0.1152625519	0.0366328121	-0.0653459705	-0.021808533	0.030650795	-0.1236022709	0.1141198325	-0.0165701054	-0.0154163099	-0.0181654876	0.0263191221	-0.0144236346	0.0941277	-0.0006754607	-0.229752369	-0.1643783169	-0.0167366309	-0.0945841081	0.1051301092	-0.0468340651	-0.0322334595	-0.1443249099	-0.0102248306	-0.0690666527	0.1319674609	-0.0919614641	-0.0668820533	-0.0506637736	0.0234136337	0.0505700493	-0.0339741305	-0.1331210809	-0.216465927	0.1113033749	-0.0247114261	-0.1343706723	-0.0199091386	0.1284333851	0.0389006556	-0.0674407488	0.1544258625	-0.0680990358	-0.023230411	-0.0575158038	-0.069354753	-0.0872181196	0.0529364537	0.0783644479	-0.2412059375	0.1338169397	-0.010183534	-0.0072664339	-0.0221475584	-0.1170519124	0.0393444389	0.054593583	0.2135617358	-0.0244077664	-0.0541308145	0.1064595183	-0.1034172088	-0.0641366218	0.1489450493	-0.0576620768	-0.0176158674	0.0146733949	-0.2118953321	-0.0739598976	-0.0515981496	0.0871795748	-0.0635307453	-0.1156129966	0.0084835603	-0.1155428027	0.0155329774	0.0170424167	0.0230753214	-0.1367419004	0.0669690314	0.0714849724	-0.0338051936	0.0490871121	0.1036774907	-0.1261778176	0.0541534676	0.0705638338	-0.0601478851	0.0139932109	-0.0320276816	-0.0090530425	-0.0702598595	0.0634761849	0.0859034993	-0.0970621018	0.016850859	0.0717238087	-0.124700488	0.0604852089750949	-0.0358088659813802	0.0036584605047609	0.0012822748828724	-0.1352245252927559	-0.2533844349681969	0.0182856722406511	0.0642036718841524	-0.2728560706145515	-0.1863960107170328	0.0347434728112242	0.0744504352712131	-0.0060764204342178	0.0007906788060899	3.692288529337963e-05	6.251729743997499e-07	0.0003009737392556	0.0004061755972126	9.058519172149789e-08	1.649786157710123e-07	-0.0008130932575317	2.7817081444999475e-06	7.737900201177341e-12	6.611206454435115e-07	0.0	0.0	0.0	0.0	0.0	0.0	0.0	1.0	0.0
974.6454582996984	-1.608841791469672	2.5883719099793434	949933.7693842292	1084.3073900891588	-4.549988387467238	20.702394326086715	1175722.5162019632	881.2051414731668	-1.4170563381399006	776522.5013587439	2.0080486654624643	889.651197052002	787.0552158365534	1.127533	22.348772	0.1759683854844096	0.1309527469462661	0.0848479991	-0.0199109206	0.0843001367	0.1355971726	-0.1763763091	0.1446960167	-0.0064466749	0.0578861621	0.0092098989	0.0946928365	-0.1230773958	0.0017888587	0.1014180963	0.121846723	0.1423339613	-0.0807334145	-0.1373039278	0.0156012949	-0.0181785628	-0.0979724079	0.0541932424	-0.0162121867	-0.15417645	0.0123965846	-0.0847241393	-0.1181413708	0.0024073814	0.0583321457	-0.0120369891	-0.0325643125	-0.0703509867	-0.0138307539	0.0361897876	0.0789415919	-0.0185129694	-0.0941497893	0.1941401723	-0.0440409746	-0.008497793	-0.1670380694	-0.0439829111	-0.0938413038	-0.1445137343	-0.0539061963	-0.0494150118	0.1109247751	-0.1244672608	0.0432228356	-0.1285006128	-0.1186475711	0.0557558869	-0.1317452496	-0.0906558736	-0.030941894	0.1106344183	0.0578994787	-0.0153262373	-0.0102092758	-0.0800515369	-0.0477443705	0.1422928659	0.1458440682	0.0219719437	-0.0997503612	-0.1239719938	-0.0390011751	0.0561198219	-0.030515278	0.1249537031	0.0610455485	0.0501916458	-0.0147341824	0.0482321245	-0.0966182405	0.0517349861	-0.1960756548	0.1073423763	0.0045662275	-0.0084112802	0.0253781769	-0.1592778801	-0.1070302783	0.0892518409	0.0248572764	-0.1229976993	-0.0552004215	-0.0081108188	-0.0959356213	-0.0388802998	0.1560520944	0.0537368089	-0.0039559193	0.0149937179	-0.06795813	0.1023411989	-0.0778804293	-0.0414660438	0.0172409248	0.0482041111	0.0214104288	-0.051278613	-0.1533645248	-0.1068031102	-0.0266370679	0.0265973697	0.0484819853	-0.0992570537	0.0235265052	0.063080731	-0.1205247148	0.0651714047491935	0.0046861957740986	0.0042473119969832	2.1960430833179597e-05	-0.008783227848653	0.1264412974441028	7.71450914413536e-05	0.015987401699348	-0.2416174895859484	0.0312385810286031	0.0009758489446806	0.0583790112738158	-0.0062994371011036	-0.0002230166668858	3.968290779076053e-05	4.9736433708852074e-08	0.0002520645502332	-4.8909189022399975e-05	6.353653748426542e-08	2.3921087708288503e-09	-0.0008132136263756	-1.2036884389991353e-07	1.448865858180175e-14	6.613164021229538e-07	0.0	0.0	0.0	0.0	0.0	0.0	0.0	0.0	0.0
975.057405432652	0.4119471329536281	0.1697004403487142	950736.943889055	1092.2525648637252	7.94517477456634	63.12580219840529	1193015.6654513862	882.4300665741085	1.224925100941732	778682.8223939856	1.5004415029171123	890.6891244386372	785.1520884510909	1.365742	27.070307	0.1878649157928679	0.1181655501100439	-0.002564702	-0.13962267	-0.0747493038	0.1966077795	0.0742678694	0.0950865957	0.2480548135	-0.0307840535	-0.0824552571	0.0345471487	0.0667586841	-0.0231484717	0.0844567802	0.1336702917	-0.1136181015	-0.1086673505	0.133546782	0.0853716499	-0.0640292876	-0.0007362374	0.1843451509	-0.0649303189	0.0520981233	0.043161493	0.0932639236	0.0984163633	0.0350684643	0.0699810717	0.0263359623	0.1608902905	-0.0133102015	-0.0733562622	0.005093848	-0.0918267926	0.144186941	-0.0371103265	0.2667075566	0.1237556981	0.0051260297	-0.0557968756	0.0367065725	0.1270437237	0.0549421288	-0.0659284415	-0.018253251	0.067668663	-0.0024005453	0.0093776777	-0.1185367041	0.1368195372	0.1237564433	0.1306664463	0.0421796218	0.0438036921	0.0580790574	0.1478618212	0.1124257451	-0.0069362199	0.0440121311	-0.0222938266	-0.0126557699	-0.0250525942	-0.0331702588	0.1269431634	0.0047494759	-0.0161735195	0.0311663067	0.0928570228	-0.0977281593	-0.1489216833	0.2943069143	0.0812693589	0.0437580144	-0.1294655588	-0.0362868582	-0.08115002	0.0026794303	0.0092441721	-0.0737110197	0.0091961802	-0.0129674173	0.0387331297	0.0748913548	-0.1199764032	-0.1298530201	0.139235368	-0.0495936714	0.1516124375	-0.0675514016	-0.0180992539	-0.0851180891	-0.1018743301	-0.0352068343	-0.0639738762	0.018561766	-0.0320723778	0.0960957406	-0.0579222225	0.0050759881	-0.0971723115	0.1275202159	0.1280068057	-0.1672936911	0.03349841	0.0903380374	0.0308581939	-0.1013839798	0.0301376669	0.0540487397	-0.1150284477	0.0504778225074034	-0.01469358224179	0.0025480105650889	0.0002159013590962	-0.0682441037941572	-0.0594608759455042	0.0046572577026677	0.0035355957682066	-0.342502351567532	-0.1008848619815836	0.0101777553770431	0.1173078608292892	-0.0063918801406921	-9.244303958850024e-05	4.085613173297407e-05	8.545715568361021e-09	0.0004151008431196	0.0001630362928864	1.723087099586028e-07	2.6580832798140003e-08	-0.0008121810463707	1.032580004899997e-06	1.066221466519278e-12	6.596380520838051e-07	0.0	0.0	0.0	0.0	0.0	0.0	0.0	0.0	0.0
976.3382132426028	1.280807809950829	1.6404686460310398	953236.3066377582	1092.601124288716	0.3485594249907535	0.1214936727498847	1193777.216796966	883.4626193419041	1.0325527677955506	780506.1997744581	1.0661652182822523	891.1949317932128	795.8316451289013	1.328795	26.33798	0.1216744614881185	0.0610908046726698	0.0894634811	-0.1229868118	0.0288544787	-0.1059884359	-0.0282706536	0.051177809	-0.0902450005	0.0749592797	-0.0264477063	-0.0897345918	0.1443276311	-0.0993694261	-0.1220054698	0.06546834	0.0833586881	0.0514782352	-0.0177863682	-0.0660854132	-0.0653209713	0.0412609646	0.0131059519	0.0555448003	0.072703431	0.0593497317	0.0430585969	-0.1253269646	0.0257977203	0.1233832581	-0.0263445424	0.049515175	-0.1270761597	0.0549734726	0.1698163606	0.0310756126	0.0284911532	0.0582999672	-0.0759151758	0.0732086106	0.1908451097	0.0513234937	-0.0564350493	0.0369470478	-0.015127145	-0.0029945203	0.0529161044	-0.0462273565	0.1529130551	0.0938506924	-0.0706554097	-0.0686847138	-0.0497356932	-0.0564062746	0.056249892	0.1256023068	-0.0102001126	0.0202014735	-0.0553221781	-0.0410780512	0.1389641842	-0.0002854736	-0.0830190726	0.0663848418	0.0085798058	-0.1167501143	0.0020191274	-0.0625043015	0.2070937283	0.0431428796	0.0476334259	-0.1184546469	-0.0463870854	0.0672160851	-0.126316662	0.0397278992	-0.1431569852	0.0450805608	-0.0534167978	-0.0992043649	-0.0074468903	0.009050745	-0.0089860061	0.0946056229	0.0666310183	0.0122538939	-0.127636104	-0.1698327706	-0.0001508865	0.1379091283	0.0086367398	-0.0885796592	-0.0967633015	0.017374017	0.0107818101	-0.0146375573	-0.0596330741	-0.0604710677	0.1033193716	-0.0643968869	-0.037258782	0.0471874984	0.0566810615	0.0184148103	-0.050995318	-0.0638567647	-0.0172323623	0.1057935827	-0.1034414224	0.0366662233	0.0446835199	-0.1082719048	0.0711227483406844	0.0206449258332809	0.0050584453315323	0.0004262129626616	-0.029388119742606	0.0388559840515512	0.0008636615820057	0.0015097874966144	-0.3076125148249957	0.0348898367425363	0.0012173007079208	0.0946254592769581	-0.0067953299714432	-0.0004034498307511	4.617650942079424e-05	1.6277176593309125e-07	0.0005562627244259	0.0001411618813062	3.094282185857248e-07	1.992667673393392e-08	-0.0008111184612131	1.062585157599917e-06	1.1290872171516409e-12	6.579131581207072e-07	0.0	0.0	0.0	0.0	0.0	0.0	0.0	0.0	0.0
980.0128967902076	3.6746835476047854	13.5032991750373	960425.277875134	1096.4914108210312	3.890286532315258	15.134329303513477	1202293.4140042954	884.7907318799697	1.328112538065625	782854.6392206925	1.763882913767116	892.5901368191368	803.6673857907924	1.154745	22.888134	0.1887703361309861	0.0838635482826396	0.0751146948	-0.0441526229	0.1690913493	-0.0189288888	0.0522272982	-0.01302964	-0.1266480842	0.1622606476	-0.0260347659	0.0098825153	0.1063835029	-0.0552577386	0.0460443537	0.0350497585	0.1220832724	0.0407566819	0.0464237035	-0.0757027308	-0.069433343	0.1079057706	0.069857049	0.0440620599	0.1694008225	0.109626031	-0.3090661746	0.0431855786	0.0388000581	-0.012449034	-0.1819457729	-0.1045823971	-0.1023141888	-0.2129532995	-0.1071770495	0.0027793172	0.0708933062	0.0628151995	-0.1366929439	0.0452781812	-0.140266702	0.0373697845	-0.0096853573	0.1151463846	0.004274868	0.0472949942	0.1849567433	-0.0076426895	-0.0803868429	-0.1397552399	-0.0522581421	-0.1221359761	-0.0203303075	-0.0370198436	0.0579257585	0.1290896368	-0.0824488581	0.0041623727	0.1131745539	0.1332351718	0.1369803938	-0.2213671224	-0.0363744937	-0.1281813852	-0.0112407342	-0.1829432291	-0.012837625	-0.1882666412	-0.122867574	0.181962293	0.0479207682	0.0246621646	-0.0160458543	0.0189624799	0.009300154	0.1309228112	-0.0092767137	0.1343858269	-0.1507776925	0.0328498849	-0.0879073864	0.1624219452	0.0997198398	0.0508108434	0.0640955389	0.0268177295	-0.1238753901	0.0191983444	0.160046517	-0.0359220951	0.2292487155	0.0152389393	-0.0807223407	0.0804243181	0.0961617589	-0.1315415653	-0.0140708064	0.036652961	0.0114337113	0.0385226361	-0.0119896831	0.0925682079	0.0060422447	-0.0501609149	-0.1642226106	0.0763112831	0.0333082961	0.0515224213	-0.1054279714	0.0430942802	0.0350428114	-0.1003291122	0.1344250329483003	0.0633022846076159	0.0180700894831516	0.0040071792365436	0.0059826827525597	0.0353708024951657	3.579249291777531e-05	0.001251093669152	-0.2965134564871761	0.0110990583378196	0.0001231890959863	0.0879202298779724	-0.0074074179864748	-0.0006120880150315	5.486984122635038e-05	3.746517381453235e-07	0.0009342015560809	0.000377938831655	8.72732547383975e-07	1.4283776047274645e-07	-0.0014010554283342	-0.000589936967121	3.480256251760417e-07	1.9629563132647286e-06	0.0	0.0	0.0	0.0	0.0	0.0	0.0	0.0	0.0
979.4886937625962	-0.5242030276114065	0.274788814156965	959398.1012087568	1099.8106302368692	3.319219415838006	11.017217530475994	1209583.4223820197	883.7826020254797	-1.0081298544899937	781071.6876429275	1.016325803514016	891.5048622131347	800.6806993219315	1.233847	24.456015	0.4845239801163471	0.2385438615031376	-0.0435835152	-0.048631763	0.0286499024	0.1614287662	-0.0284075262	-0.0343252349	0.1198824912	0.1178395316	0.010730048	-0.0449326496	0.0175119083	-0.0735605671	0.1174671924	0.0724588049	-0.0454999133	-0.0877923362	-0.0541062866	-0.0527747316	-0.0301711948	0.0397377978	0.1085004333	0.0740921654	0.1412842775	-0.0048083162	0.0702340312	0.0427796451	-0.0886416564	-0.0179763689	0.1877833726	-0.1966414489	-0.1096474713	0.1109577866	0.0963417567	-0.0711400273	-0.1992081541	-0.0753045092	0.108233378	-0.04348999	0.0221428738	0.1746913653	-0.026061724	0.1196159992	-0.0527779716	-0.0961299894	-0.101167079	0.1074092864	-0.0633353998	0.1210418797	-0.064454728	0.0569819616	0.0886891215	-0.0943230301	0.0100209601	0.0177185405	-0.0260071376	0.1152402527	0.0540832061	0.0558000423	0.1325335736	0.1118829287	0.1442753029	-0.0182177235	0.0955621073	-0.0385918223	0.2002089814	0.0273001963	0.083723189	-0.0106252522	-0.1052448754	0.0056632065	-0.11373682	-0.2889603783	-0.2393828557	-0.0449362837	0.0398593371	-0.0362331433	-0.0135773665	0.0589731139	0.0092286405	-0.114851407	-0.0007090749	0.0505368145	0.0737544998	-0.1395932744	-0.1391773369	-0.0047231881	0.0021413867	0.0320869019	0.0771195591	0.112568193	-0.0610382666	-0.1431996066	0.0106758848	-0.0559557792	0.1263475412	-0.0793546389	-0.0562031575	0.0604575841	-0.1132677328	0.0513135963	0.0092929407	0.011363633	-0.0507636566	0.0204533962	0.0499939918	0.0649082721	-0.1073422654	0.0494042187	0.0251860523	-0.0912870929	0.0851404889788227	-0.0492845439694775	0.007248902863553	0.0024289662742793	-0.1652008776390658	-0.1711835603916255	0.0272913299727175	0.0293038113483532	-0.4372350951360317	-0.1407216386488556	0.019802579584019	0.1911745284186147	-0.0064120264083259	0.0009953915781488	4.1114082661068745e-05	9.908043938497564e-07	4.9112156193631407e-05	-0.0008850893998872	2.4120038859876476e-09	7.833832457928054e-07	-0.0008148516642426	0.0005862037640916	3.436348530351602e-07	6.639832347189349e-07	0.0	0.0	0.0	0.0	0.0	0.0	0.0	0.0	0.0
978.328462370253	-1.1602313923432348	1.346136883778721	957126.5802837434	1095.455792976148	-4.354837260721297	18.964607567366567	1200023.394365001	883.5297015574397	-0.2529004680400248	780624.7335341785	0.0639586467348636	892.3409759923031	804.2941475155179	1.175963	23.308691	0.3686362276940013	0.1973851132977666	0.0735344072	-0.1586079825	0.0117589524	-0.0537582135	0.0435634547	0.0463076463	0.0128575568	-0.0584467583	-0.0079660998	-0.0934141712	0.0291223689	0.0315765138	-0.0821994702	0.115708115	-0.0286126316	0.1226533528	0.0010742775	-0.0378902747	-0.0335199419	0.0601060754	0.142180436	0.0438483442	0.0157949048	-0.0332853772	0.0174155182	-0.1322847594	0.06265276	0.1644295193	-0.0432115026	0.0184306621	0.0124280911	-0.0497190629	-0.068624034	-0.0286328424	0.1336852149	0.0030078448	0.0026370327	-0.0895886687	0.1225752488	0.1390048118	0.0908259886	-0.0062137731	-0.0137954881	0.124912855	-0.0404171362	-0.0591095012	0.0710789377	0.0220945286	-0.1089369784	0.0475969092	-0.1203797093	-0.0058753753	0.0386837884	0.0701564697	-0.0169709721	0.1935790257	-0.0270662449	0.0276513606	0.058588557	0.0415135149	-0.0587028524	0.060364432	-0.0814836841	-0.0385302018	-0.0956146426	-0.0817069692	0.0373108812	-0.0320952595	-0.0613330846	-0.1593065357	-0.0007633155	0.1249305779	-0.0683437039	0.102195442	0.0929014625	-0.0371697182	-0.0023443283	0.0728415373	0.1986680339	0.009189751	-0.0695840987	-0.0897881553	0.0679678802	0.0368412772	-0.1754294555	-0.0215719289	0.1842667198	0.0453386855	0.0725698063	-0.0829773009	-0.0563173545	-0.0519031221	-0.0746340294	0.0441987442	0.0315399601	-0.0935760066	-0.0027696131	-0.0128809978	-0.1331983288	-0.0085767303	0.0079536847	-0.014187326	-0.0243037254	0.0309969398	-0.0524495751	0.014968312	-0.1091829923	0.0555787436	0.0151740128	-0.0812449131	0.0948611947589341	0.0097207057801114	0.0089986462710924	9.449212086349124e-05	-0.0082899232263002	0.1569109544127656	6.872282709795153e-05	0.024621047614725	-0.3378546167773208	0.0993804783587108	0.0098764794788062	0.1141457420777503	-0.0072970487332629	-0.0008850223249369	5.324692021561369e-05	7.832645156368915e-07	0.0009614173332028	0.0009123051770091	9.243232885827836e-07	8.323007359977305e-07	-0.0010700059451447	-0.0002551542809021	6.510370706266782e-08	1.144912722645003e-06	0.0	0.0	0.0	0.0	0.0	0.0	0.0	0.0	0.0
976.0178561127384	-2.3106062575145643	5.338901277265461	952610.855450906	1088.4373318230437	-7.0184611531042265	49.25879695763311	1184695.8253060663	882.024853416496	-1.50484814094375	777967.8420443912	2.26456792730186	890.7253449490196	793.5361541154824	1.208803	23.959616	0.3193318019538234	0.1756901137036798	0.0443690318	-0.085001609	0.1627085317	0.1856215259	-0.0254823265	0.1090624992	0.0228127619	0.1490367636	-0.0908513921	0.0239201013	-0.0834102918	-0.07016237	-0.0209419019	0.1476852535	0.0824883785	-0.1096286287	-0.0663613205	0.1013227073	-0.0678026844	-0.0068588534	0.0855144921	0.1079990714	0.0295270895	0.0488929784	0.0720428141	-0.0721451435	-0.1137351002	-0.1926074404	0.065626445	0.0034794361	0.0942737904	0.1117437562	-0.1067509861	-0.1298830615	-0.0280467895	0.0206407732	0.0132637502	-0.1975800291	-0.001756112	0.0233481065	-0.0723809084	-0.0601636893	0.0406599517	0.0360994857	0.0377490672	-0.0873496309	0.0196501042	-0.0434401698	-0.146439072	-0.0610600414	0.130668146	-0.0387673562	-0.0833141147	0.0669939759	0.060934043	0.1367655218	-0.1021916047	-0.0386366276	0.0915577107	-0.013632438	-0.065977031	-0.0200567903	0.1161961959	0.0348998388	0.0431955286	0.0644606178	-0.1157117498	-0.1300456592	-0.1447095387	0.0319243284	-0.0608605077	-0.1215573758	0.0200910034	0.0541759295	0.0100599376	-0.0449047715	0.0939413837	-0.0969706881	0.0376562445	0.0289501735	0.0090605612	-0.0092123963	0.1001591376	-0.0850519681	-0.1884612472	0.020269177	-0.0049168295	0.0823130263	0.1216306373	0.1807422511	-0.0510278937	-0.0012502932	-0.1092719022	-0.1068728709	0.0857116595	-0.0199192015	0.0075159925	0.0557517274	-0.0327709819	-0.0635730881	-0.0150701047	0.0114576227	-0.0206678548	0.0126153209	-0.0335578294	-0.0229262725	-0.1109488906	0.0616009311	0.0050684204	-0.0703125971	0.0783969472622345	-0.0164642474966996	0.0061460813400375	0.0002710714456325	-0.1402461438615176	-0.1319562206352174	0.0196689808680254	0.0174124441643301	-0.4426893904370672	-0.1048347736597463	0.0109903297682902	0.1959738964055421	-0.0065752978612433	0.0007217508720195	4.323454196407071e-05	5.209243212610529e-07	0.000620673139728	-0.0003407441934748	3.852351463798134e-07	1.1610660538679198e-07	-0.0008109698073959	0.0002590361377488	6.709972065981536e-08	6.57672028507743e-07	0.0	0.0	0.0	0.0	0.0	0.0	0.0	0.0	0.0
976.2253220704072	0.2074659576687736	0.0430421235914213	953015.8794514702	1092.896195580949	4.458863757905419	19.88146601156244	1194422.094315312	882.4152133879695	0.3903599714735719	778656.6088185358	0.1523809073288479	890.5264621734619	793.0252804682502	1.081328	21.432953	0.205492731350508	0.103207780113606	0.0364800644	-0.1550864415	0.0023710898	0.1016009349	-0.1224020603	0.0925668147	0.0796153892	-0.0631579621	0.0624501575	0.0357267236	0.0082043879	-0.107043556	-0.0090816463	0.1380493525	-0.0153788466	-0.0651909544	-0.1006618903	-0.0647055018	-0.0739826674	-0.1348847286	0.2125206728	-0.0574090539	0.0512885874	0.0515303984	-0.0015693881	-0.0009902934	-0.0259320833	-0.0148294322	-0.0367645187	0.0283978232	0.0161520621	-0.0856126327	0.1406084878	-0.083031232	-0.1317175502	-0.0634177584	0.112239996	-0.1783856109	0.01094767	0.0566982153	-0.010543433	0.106459488	0.0468300705	0.1001336306	-0.086288061	0.1643733638	-0.0604332878	-0.0541732637	-0.1143020734	0.0475745039	0.0438360206	-0.121582484	0.0367652325	0.0374041269	0.2169716898	0.1699731578	0.0995051347	-0.0732676683	0.0660808858	-0.0149745104	-0.001745372	-0.0332354898	0.0415112472	0.0946092202	-0.0238367738	-0.0242383343	0.0033194406	0.0464019853	-0.0047087787	-0.0943835175	-0.0743218038	-0.1454798191	-0.1066419689	-0.1654591293	0.1540537516	0.0285549328	0.1185420192	0.1210106217	-0.0166399079	0.0253022921	-0.0539311806	0.0037002336	0.0541919651	-0.0118257428	-0.192910577	-0.0262861535	0.1493333794	0.0407364015	-0.0119040212	0.1011780881	-0.072445529	-0.1509818967	-0.1456611807	0.0475721758	0.1014230926	-0.0296288501	0.1051006152	0.0185079946	0.0056885562	0.0707035372	-0.0396813228	0.0381173891	0.0154371818	0.0059461836	-0.0623177715	-0.1075224519	-0.1126387502	0.0674542747	-0.0050684204	-0.0586099215	0.0788079910471282	0.0004110437848936	0.0062106994528842	1.6895699309973138e-07	-0.0805142179971483	0.0597319258643693	0.0064825392996923	0.0035679029674665	-0.3996762849291571	0.0430131055079101	0.0018501272454346	0.1597411327347727	-0.0078219661521767	-0.0012466682909334	6.118315448579796e-05	1.5541818276188045e-06	0.0010939647426497	0.0004732916029217	1.1967588581606243e-06	2.2400494139619217e-07	-0.0011377430374075	-0.0003267732300116	1.0678074385221405e-07	1.2944592191692438e-06	0.0	0.0	0.0	0.0	0.0	0.0	0.0	0.0	0.0
977.4878930081284	1.262570937721193	1.5940853727781734	955482.5809774704	1090.4217588086149	-2.4744367723342293	6.122837340279839	1189019.612083273	882.8141643291099	0.398950941140356	779360.8487401046	0.1591618534367758	890.6078605852629	797.9668961592732	1.131898	22.435293	0.1886117045923281	0.098351690622126	0.0105584623	-0.1314870431	0.141276098	0.0615391713	0.0840075701	0.0889907478	0.0868236222	0.0610025314	-0.1210681457	-0.0437304339	0.0584789566	-0.1125678545	-0.0895262082	0.0711774561	0.1109426345	-0.0520094525	0.0378175	0.0891969511	-0.2142385932	0.0387146992	0.111065249	0.0187769589	0.0831425253	-0.0315087808	0.0290370199	-0.1765386846	0.0895867084	0.0880534105	-0.0332042968	-0.0739115266	0.122184377	-0.0292556893	0.0113486972	-0.1020353863	-0.0743945145	0.09264844	-0.1215542346	0.0469259584	0.0107180824	-0.0557230501	-0.0420294286	0.0538101358	-0.0113256943	-0.0036209692	-0.0444372151	-0.1246263698	0.078470496	-0.0687336386	-0.0781965764	-0.0882655335	0.093742523	0.0646532685	-0.0066093173	0.2154188847	0.0542118423	0.1235422415	0.0425052169	0.0014785066	0.1005291493	0.0921397426	-0.1506301844	0.109519702	-0.121365915	-0.1161755565	-0.05272799	0.0061696801	-0.0238378148	0.0341236461	-0.1203414787	0.0524978306	-0.0866986869	-0.050554519	0.0131406741	-0.028562324	-0.0552102099	0.0884301066	-0.0197666014	0.1202948581	-0.0279336688	-0.065419137	-0.0743492772	0.1629810283	0.0349174892	-0.0461231771	-0.1837413322	0.0666046324	0.0642724402	0.0981647582	0.1024316536	0.0484526364	-0.1910649451	0.0954786534	-0.0709570827	0.0637916819	0.0011167346	-0.0265378775	0.1895606386	-0.0394028165	0.0310956403	-0.0772115576	-0.0199388595	0.1167253878	-0.0131194841	0.0393566977	-0.0989063598	-0.0950936356	-0.1142514127	0.0731227308	-0.0151740128	-0.0462651033	0.0663905086044138	-0.0124174824427144	0.0044076996327527	0.0001541938702151	-0.1112797451469731	-0.0307655271498248	0.0123831816799752	0.0009465176608066	-0.478349432709436	-0.0786731477802789	0.0061894641816576	0.2288181797734392	-0.0089198654314569	-0.0010978992792802	7.956399931529979e-05	1.2053828274439844e-06	0.001248965746005	0.0001550010033553	1.5599154346938262e-06	2.4025311041149746e-08	-0.0012199536991622	-8.221066175470018e-05	6.758592906145721e-09	1.488287028099536e-06	0.0	0.0	0.0	0.0	0.0	0.0	0.0	0.0	0.0
980.0871806952492	2.599287687120864	6.756296480418129	960570.881763162	1089.681914061179	-0.7398447474358818	0.5473702503084638	1187406.6738320347	884.0290153013674	1.2148509722575227	781507.2998947053	1.475862884795048	891.0025435799047	800.8465996544835	1.159724	22.986832	0.255586865183198	0.1404802401101514	-0.0721217815	-0.0068930784	0.1580927572	0.0474452425	-0.1053875861	-0.025552017	-0.02960075	0.1118339318	-0.1037378097	0.0900204921	-0.0242394365	-0.1987101456	-0.0938392281	-0.0350505319	0.1049218541	-0.1370453663	-0.1302095656	-0.0071217838	-0.0962197128	0.0625454822	0.1425479353	-0.0192492764	-0.0094506216	-0.0030282774	0.0685314066	-0.1407516492	-0.0575104309	0.0885779786	-0.0131137062	0.172161458	0.175999812	0.0699350869	0.0537200064	-0.0975049607	0.074269951	0.0829001244	-0.0335351753	0.0138684658	-0.0857419781	0.1265078679	0.0600750024	-0.0473087982	0.002466182	0.0240074739	0.1328650989	0.0054961992	0.0342001976	0.0039427119	0.0416950305	-0.0992769969	0.1469869274	-0.1456190267	-0.0352139948	0.1114086834	0.0407364717	0.1609479951	-0.0334413799	-0.097917931	0.0088633271	0.0353763854	-0.1905641854	0.0569150676	-0.0735311938	-0.0025244415	0.04300384	0.0059766973	0.0266563715	-0.1933100978	0.0449283242	-0.1082916658	-0.022590508	0.0269438906	0.1173700564	-0.0764341155	0.0222654685	-0.0359446027	-0.0992313173	-0.0106834633	-0.0300306878	0.0877945249	0.1509436267	-0.0764058211	-0.0514175574	-0.0553639256	-0.0890320638	-0.0920652134	0.059440841	0.0532723644	0.1182163825	0.1767180158	-0.0387880754	-0.0132002212	-0.0108572772	0.0549360462	0.0090271047	0.0652678924	0.1347924427	-0.130131709	0.0449182339	-0.0085129114	-0.0910483948	0.0112039092	0.1510058393	-0.0559297725	0.0031041221	-0.0987257024	-0.1157857731	0.0785907625	-0.0251860523	-0.033413395	0.0799177682173137	0.0135272596128998	0.0063868496768362	0.0001829867526347	-0.1663434203394445	-0.0550636751924713	0.0276701334902251	0.0030320083257019	-0.5499699666279128	-0.0716205339184767	0.0051295008787676	0.3024669641927074	-0.0111414584035574	-0.0022215929721004	0.0001241320953581	4.935475333686327e-06	0.001191997626345	-5.696811966000013e-05	1.420858341212114e-06	3.245366657596093e-09	-0.0012489005365887	-2.894683742649985e-05	8.379193969962126e-10	1.5597525502915427e-06	0.0	0.0	0.0	0.0	0.0	0.0	0.0	0.0	0.0
983.415761108913	3.328580413663758	11.079447570225994	967106.5591974226	1096.1052245763474	6.423310515168396	41.25891797427288	1201446.6633435648	885.9756653351278	1.94665003376042	784952.8795660224	3.789446353939445	892.8394564979955	816.9192100077039	0.997524	19.771873	0.245129544637948	0.1407617025532857	-0.1371928467	0.0652544249	0.0599360152	-0.0295459827	-0.0863126391	-0.1066325542	-0.026429959	0.0700565474	-0.0346579943	0.1150626816	-0.0166932558	-0.1927762398	-0.0190533627	-0.1008920845	-0.0021049013	-0.0881600826	-0.0870024428	-0.1570645494	0.0007339641	0.1068773061	0.1645347521	-0.0873416809	0.1868997422	-0.0700919885	-0.0241253265	0.0725017	-0.061186249	0.09008795	-0.1436062816	0.0169906419	0.0421577106	0.0118535416	-0.1546317958	0.1137571094	0.1114300304	0.171510496	0.1039716814	-0.0202738551	0.0719318465	-0.0288295037	0.0713935048	0.0422746272	-0.058447266	-0.0171455353	-0.0759222427	-0.1116289789	0.0957742825	0.1966337116	0.1205500032	-0.0136676939	0.0803302826	-0.1547566222	0.0896253082	0.0540384361	-0.0608734559	0.1426854701	0.1673184962	0.0314324496	0.0647548649	0.1190063907	-0.0647940485	-0.158961257	-0.0957345235	-0.0243997309	0.0695067258	-0.1723992782	0.0126399453	-0.1198105371	-0.0187168714	0.1021483227	0.0525097637	0.3090658973	0.0415956956	-0.0543524723	0.1366641122	-0.0610901037	0.0656103007	-0.06791269	-0.0084063082	0.0050081162	-0.0132214906	-0.1525332376	-0.1124070435	-0.0527511738	-0.002865216	-0.0956371221	0.1420699702	-0.0668190505	0.1030876045	0.0836636471	-0.0223123253	-0.0743317491	0.0192744118	0.1483597513	0.0594642357	0.1202404132	0.1367730607	-0.193809983	0.1185602857	0.0123541813	-0.0463756627	0.1366925018	0.165433391	-0.0151890819	-0.0187836264	-0.1472799945	-0.1172407796	0.0838433825	-0.0350428114	-0.0201956026	0.0864283099190998	0.0065105417017861	0.0074698527554719	4.238715325069598e-05	-0.1552145241284961	0.0111288962109483	0.0240915485004354	0.000123852330874	-0.6373664191844313	-0.0873964525565185	0.0076381399194637	0.4062359523039841	-0.013448373238419	-0.0023069148348616	0.0001808587427598	5.321856055304524e-06	0.0016378065345528	0.0004458089082078	2.682410244623852e-06	1.9874558263743066e-07	-0.0012980498768932	-4.914934030450014e-05	2.415657652367562e-09	1.6849334829024518e-06	0.0	0.0	0.0	0.0	0.0	0.0	0.0	0.0	0.0
985.1279032587858	1.7121421498727614	2.9314307413709213	970476.9857790516	1100.0165476943507	3.911323118003338	15.298448533427354	1210036.4052013978	886.7088576786664	0.7331923435385761	786252.5982858054	0.5375710126235894	894.1700417769582	832.0436720489596	1.029109	20.397919	0.3685043435095054	0.1876806791182974	-0.1671233893	0.1331565835	-0.0399448506	-0.0631983293	0.0801466789	-0.1577751263	0.0558311732	-0.050458814	0.0488388811	-0.0117685737	0.0199980915	-0.0381179474	0.0168554501	-0.0943662478	-0.1107215802	-0.0554282605	-0.0281160665	-0.1436997669	0.0726568835	0.0446223387	0.0259839928	0.0799470937	0.1989771294	-0.0730750831	-0.0062851939	0.1003639674	-0.0008383998	0.0042181629	-0.0213788847	0.0316701183	-0.1065757831	-0.0036692976	-0.1074523794	0.0268295221	-0.0588645152	0.088549152	-0.0002068883	0.1575049238	0.0213707684	-0.0222592645	0.076431111	0.0024119357	0.0250979115	0.1359659808	-0.1142875767	0.0861753367	-0.0286042539	-0.0382981325	0.1162412682	0.088000828	0.0378792291	-0.0956510958	0.0740025159	-0.0541681712	-0.1045522242	0.0341366923	0.0645194782	0.1328783921	0.1082564303	0.1402423464	0.0982367676	-0.1545874521	0.0315626002	0.0758665961	-0.0580982673	-0.0792757097	0.0643135337	-0.0510968521	-0.0424064859	0.0390910351	0.0830781727	0.0504620827	0.0438728287	-0.0869598256	0.0450985327	0.121022244	-0.0691170972	0.1304275739	0.0835279056	-0.0026880641	-0.0613360004	-0.0150385568	-0.1033243474	-0.0945588794	0.099108383	0.0218308736	0.0630314176	-0.2055362335	0.0439549622	-0.0490277628	-0.0357053527	-0.0448175923	0.0889699488	0.2255261841	0.024917435	0.0359589238	0.1308325768	-0.0646361564	0.1116808444	0.0096555541	0.058272993	0.0166890702	0.1352163769	-0.0379885217	0.1301321946	-0.02225408	-0.1186154352	0.0888661936	-0.0446835199	-0.0067565429	0.0876334320307705	0.0012051221116706	0.0076796184094916	1.4523193040376218e-06	-0.2715072188890275	-0.1162926947605314	0.0737161699088543	0.0135239908546661	-0.7473459702369496	-0.1099795510525183	0.0120955016497134	0.5585259992294076	-0.0154046251805937	-0.0019562519421747	0.0002373024769545	3.826921661262287e-06	0.001166087957299	-0.0004717185772538	1.3597611241577545e-06	2.225184161263493e-07	-0.0016906188691604	-0.0003925689922671	1.5411041368968486e-07	2.858192160761189e-06	0.0	0.0	0.0	0.0	0.0	0.0	0.0	0.0	0.0
984.6009666159388	-0.5269366428469766	0.2776622255748422	969439.063461041	1100.5782036058831	0.561655911532398	0.3154573629592889	1211272.3822523528	886.6186743881568	-0.0901832905095716	786092.6737738125	0.0081330258871337	895.3346018339458	835.0415313398556	1.065919	21.127531	0.1345160999312125	0.0691317690235071	-0.1603649497	0.1034717903	-0.0147575458	-0.0852884267	0.2067025097	-0.1642859115	0.0835285022	0.0121061123	0.0057867929	-0.1595958176	-0.1186512339	0.1092246556	-0.0556730584	-0.111668377	-0.0579621516	-0.0017179653	0.0972236832	0.0098193221	-0.0225181691	0.0834637082	-0.1322933274	0.1006335353	0.152748277	-0.0678520579	-0.0424925524	0.0147205211	0.0658871571	-0.0396255919	0.022064872	0.0245640934	0.0299436485	-0.0591054129	0.0424802733	-0.0258084942	-0.1021775927	-0.0697849996	-0.0254860293	0.1053669771	0.0543339865	-0.1700182127	-0.0646846061	-0.1836878745	-0.1397824787	-0.0364004947	-0.0646257885	0.0250108488	-0.0891160389	-0.0454344658	0.0975906262	0.04120797	0.026815711	0.121402497	-0.0398498742	0.0124572515	-0.1117633359	-0.1459313698	-0.0120138591	0.1994771177	0.124477388	0.0286891722	0.0310650777	-0.0100033586	0.0518753524	0.0479151988	-0.1289729248	0.0530455783	-0.0128222716	0.090137396	0.0321833828	0.1084845052	-0.0834800253	-0.0049205981	0.1082027179	-0.1435175837	-0.1624315382	-0.1088036169	-0.0307993583	0.0691977156	0.0338595163	-0.0712025125	-0.0851795461	-0.0017386893	-0.0905147457	-0.0878708462	0.1251116763	0.1434034199	-0.0270018636	-0.1182494924	0.0332316349	-0.0822112059	-0.0398228117	0.1630186831	0.061438373	0.169457389	-0.0897399914	-0.1854054656	0.0882722175	0.0104238117	0.0978732061	0.16702316	0.0941330005	-0.0579839972	-0.0222889389	-0.0553065839	0.0793030494	0.0934666529	-0.1199087977	0.0936454286	-0.0540487397	0.0067565429	0.0603342413799623	-0.0272991906508081	0.0036402206828955	0.0007452458101891	-0.285176752284471	-0.0136695333954434	0.0813257800435185	0.0001868561432491	-0.7941219335976655	-0.0467759633607158	0.002187990748323	0.6306296454208951	-0.0153463596114603	5.826556913340018e-05	0.0002355107533242	3.394876546439036e-09	0.0003020896803147	-0.0008639982769843	9.125817495263765e-08	7.464930226318392e-07	-0.0017037832735276	-1.3164404367200068e-05	1.7330154234315622e-10	2.9028774431524246e-06	0.0	0.0	0.0	0.0	0.0	0.0	0.0	0.0	0.0
983.4424945754364	-1.1584720405023743	1.3420574686257352	967159.1401367572	1096.295636197705	-4.282567408178011	18.340383605588524	1201864.1219461309	885.1763734751124	-1.4423009130443916	783537.2121585517	2.080231923768685	893.4393248708625	819.601237728225	1.068222	21.173178	0.0775918445071521	0.0475043985764631	-0.102515115	0.1383694456	0.0868793696	-0.0380756683	0.0076623423	-0.1253267883	-0.009082736	0.0859016075	-0.0157977642	0.0548002021	-0.1547576372	0.0455383047	-0.1963388593	-0.0577665762	0.0792317241	-0.0818043518	0.0121897639	0.1324867807	0.0227083489	0.0600563695	-0.1091355605	0.1105851061	-0.0030056043	0.1543581219	0.0726463223	-0.0257409338	-0.074691941	0.1455991384	-0.0487023218	-0.0162657452	-0.0066196564	-0.1122621637	-0.1094593717	-0.0038868446	0.0272070056	-0.0627703679	0.0455869469	0.1619938212	0.0621162882	-0.1315972057	-0.0304889101	-0.0703585164	0.0561296173	0.0716309595	0.0308811281	-0.0288641799	0.0514331027	0.0403387721	0.0579808591	-0.0785315185	0.0870747782	0.0468242194	-0.0823875517	-0.0527529151	-0.039300763	-2.4559e-06	-0.1944338773	0.0104140445	0.1127800595	-0.0367648599	-0.0790612529	0.0879052743	-0.1359056806	0.0530922577	-0.0364056417	-0.1429182911	-0.0303228667	0.084898921	-0.0167998796	0.0500263164	0.0937468979	0.0706966171	0.0350008445	0.0657595611	-0.104560437	-0.0752689733	0.0194948875	-0.0071282722	0.0213425848	-0.0128468616	0.0829823864	0.015348815	-0.0968067965	-0.0476082397	0.1075334478	-0.0037153699	0.014376256	0.0714140251	0.1427615872	0.1001899023	0.0813404589	0.1016790869	0.0795267351	0.1095508868	-0.1610427157	-0.1439874483	-0.0823503052	-0.0852443154	0.0519657849	-0.0528614022	0.0024964625	-0.1064119363	0.1398382881	0.0939367849	0.0462822814	0.1141232886	-0.1211199807	0.098167988	-0.063080731	0.0201956026	0.1011195795618533	0.040785338181891	0.0102251693707659	0.0016634438106112	-0.2842556047758506	0.0009211475086203	0.0808012488464845	8.485127326375313e-07	-0.7885940196233747	0.0055279139742907	3.055783290715901e-05	0.6218805277857515	-0.0157817615998589	-0.0004354019883986	0.0002490639991947	1.895748915014555e-07	0.0004709469977677	0.000168857317453	2.2179107470641e-07	2.851279365742321e-08	-0.0017008936825322	2.8895909954000307e-06	8.34973612069694e-12	2.8930393192779485e-06	0.0	0.0	0.0	0.0	0.0	0.0	0.0	0.0	0.0
982.435394584322	-1.0070999911143872	1.0142503921025987	965179.3045320524	1101.6164295146991	5.320793316994013	28.310841522168158	1213558.7577767142	884.5211346383622	-0.6552388367501862	782377.6376219357	0.4293379331857372	892.6456046255012	819.1322130032352	1.017353	20.164896	0.1797602449442915	0.0905374097790775	-0.1146442452	0.1771275137	-0.0011323575	0.0512247696	-0.0055198874	-0.1040834627	-0.0131914597	0.1228957661	0.0673424712	0.0190926691	-0.1372399147	0.0547219193	-0.0526856561	-0.0301841092	0.0520111237	-0.2036706861	-0.0133582941	-0.0096444685	-0.0251169291	-0.0804947682	-0.1050475516	0.1101160585	-0.0564552971	-0.0385571423	-0.014581472	-0.0079567584	0.1114045405	-0.0265372714	0.0606397983	-0.0589505558	-0.0116554692	0.0569423377	-0.0471277739	0.1063577701	-0.0892970379	-0.1180565492	-0.0060353516	-0.0075478272	0.039147221	-0.1081084399	-0.0546923547	-0.0831589418	0.0482923917	0.0555916494	0.1192710286	-0.0216755805	-0.0284635402	0.0355238947	0.0436687486	-0.0387935246	0.1660482872	-0.0344570147	-0.0020742	-0.065283709	0.0839873368	-0.0852240236	-0.1228633009	0.0855454174	-0.0353281441	0.0104147568	0.0419242868	0.0679531075	-0.0042746658	-0.0308364282	-0.1491104376	0.1097787053	0.033474934	0.0568538615	0.0701903639	0.1246970783	0.0352288712	-0.0989272784	0.0266472808	0.0469756531	-0.0415312755	-0.0718421054	0.094878292	-0.0069355226	0.0007386328	0.0763505104	0.043800912	-0.0034783527	-0.0529750819	-0.0959915314	0.1860443551	0.0291032867	-0.0365640289	-0.0362258718	0.0591618516	0.0971866375	0.0188926747	0.0065116437	0.0787690533	-0.0419779813	-0.1090515802	0.0057304517	-0.076489983	0.0455173453	-0.0219948323	-0.0006411707	0.3979069874	0.0455471549	-0.3416830758	-0.1869675907	0.0308107398	0.0757489496	-0.1222481541	0.1024214758	-0.0717238087	0.033413395	0.1086889503507109	0.0075693707888575	0.0118132879283392	5.729537413921067e-05	-0.3267311730578512	-0.0424755682820006	0.1067532594477595	0.0018041739008788	-0.8609183963513232	-0.0723243767279484	0.0052308154690862	0.741180485176134	-0.0162370529929291	-0.0004552913930701	0.0002636418898951	2.072902526038015e-07	0.0002951351299811	-0.0001758118677865	8.71047449489608e-08	3.09098128546129e-08	-0.0011841783604793	0.0005167153220529	2.669947240442322e-07	1.4022783894274429e-06	0.0	0.0	0.0	0.0	0.0	0.0	0.0	0.0	0.0
983.8169820837333	1.3815874994112392	1.9087840185294007	967895.8542363448	1101.1294795445033	-0.4869499701958375	0.237120273473727	1212486.1307219486	886.9391423083052	2.4180076699429947	786661.0421585921	5.84676109190315	894.4721986670243	821.2985384437254	0.882602	17.494005	0.0984091433122212	0.0493997748132123	-0.0756025488	0.1668877431	-0.0251999409	-0.0204794416	-0.0832584663	-0.1126116857	0.0003807779	0.0773798977	0.0654552577	0.1046962145	-0.118277472	0.0854739763	-0.1262893785	-0.1130444737	-0.0348761525	-0.0882308228	0.016108849	-0.0100577116	0.0539393955	-0.0004678462	-0.1544178787	0.1522602711	-0.0090556924	0.0700610196	0.0374725306	0.0354190979	-0.0266389869	-0.0327925902	0.049112332	-0.061589862	-0.0347810066	0.0674992964	-0.0434930256	0.047820185	-0.0525401167	0.1038511922	0.0129655829	-0.0402479513	0.0657326759	0.0125009384	-0.066638354	-0.0750226621	0.0087145893	0.0265584802	0.0417263588	-0.0005602203	-0.073290988	0.1326922666	0.1211635164	0.013725145	0.0735505691	-0.0131496018	0.0030492891	-0.0945262785	-0.0213157405	-0.1260335748	-0.1679239302	0.0600529456	0.0312604755	-0.0475438629	0.0512391589	-0.0531079435	0.0018271523	-0.0419064911	0.1165792368	0.0527932045	0.0645479347	0.0389968951	-0.0541606378	0.0895179857	-0.0373342694	-0.046105619	0.0152905393	0.0749458109	-0.01682789	-0.0571672193	0.0449885173	0.0099936557	0.1271286055	0.0047363854	0.0658223947	-0.0086848367	-0.0587415314	-0.0605270414	0.1719094032	-0.0869011186	0.0140546936	0.1261381209	0.1074063398	0.08009506	0.1062654118	-0.0610063939	0.0415409068	0.0139387112	-0.1557671167	0.0338032478	-0.148690286	-0.0279600299	-0.0812991466	-0.0257764263	0.1268433874	-0.1196472711	-0.124507607	0.0737992979	-0.1541146261	-0.1042348587	-0.1232925447	0.1063942335	-0.0799246852	0.0462651033	0.1096449819839477	0.0009560316332368	0.0120220220742602	9.139964837494352e-07	-0.3163983693913081	0.0103328036665431	0.1001079281534786	0.0001067668316113	-0.8930472356709345	-0.0321288393196113	0.0010322623160254	0.7975333651394976	-0.0163120349890825	-7.498199615340109e-05	0.000266082485485	5.6222997471486566e-09	0.0007930103056694	0.0004978751756882	6.288653448978751e-07	2.478796905666555e-07	-0.0017111505624942	-0.0005269722020148	2.776997016964325e-07	2.928036247524217e-06	0.0	0.0	0.0	0.0	0.0	0.0	0.0	0.0	0.0
983.3793035643992	-0.4376785193340993	0.1915624862864895	967034.8546788028	1107.3353404255656	6.205860881062336	38.51270927509979	1226191.5561554034	887.3582296821376	0.4190873738323262	787404.6277846172	0.1756342269056759	895.3430640371222	822.168319749292	0.963295	19.093426	0.1835313858322269	0.1286016364574536	-0.0635188712	0.0850131094	-0.0316765009	-0.0316154721	-0.0923534232	-0.1179401715	-0.0779987746	-0.0428133306	0.1049808007	0.0700345662	-0.0279747083	0.034268378	-0.0560784509	-0.1018422125	-0.0253216392	-0.0392093303	-0.0386756899	-0.1356847821	0.0944687593	0.0303707069	0.0093730338	0.0323658727	0.046620926	0.0623385597	-0.0202705963	0.0741221631	-0.0276521995	-0.0079477084	-0.1195799766	0.0802391006	-0.1329324113	-0.0853414484	-0.0031104647	-0.0840889614	-0.130390642	-0.0995731268	-0.1087849568	-0.0278736922	-0.0097727564	0.066029074	-0.0138046861	-0.0009364089	0.0965770873	0.0737554544	0.0707363442	0.0521005973	-0.145868897	0.0546213671	0.1198273995	0.0077901339	-0.010566971	-0.1244435696	0.0606024235	-0.084873559	-0.0366204322	0.0077521066	-0.0108782019	0.0568932757	0.0101683331	-0.0471141893	0.0102104367	-0.1244137767	0.0672700635	0.0839429782	-0.0446532993	-0.1159007716	0.0105019768	0.1619670486	0.0466145656	0.0103698616	-0.0295111649	-0.0931230582	-0.0631881275	0.0020976441	-0.0378264738	0.0794379388	-0.0152419768	0.0446095739	0.047116429	0.0224996002	0.1264460447	-0.20407472	-0.066801121	0.0022196866	0.0762159149	-0.0520371967	0.1266155049	-0.0934139502	0.043551257	0.0733167352	0.0610045273	-0.0896276035	-0.0048054242	0.0850826067	-0.000745702	0.0566470486	-0.0932343633	-0.108467467	0.084055121	0.0751395747	0.0644759778	-0.0145029917	0.0468908533	0.0924162201	-0.0071894034	-0.0388498919	-0.1242524367	0.1100753719	-0.0876327994	0.0586099215	0.1096302035842455	-1.4778399702208844e-05	0.0120187815379231	2.1840109775824643e-10	-0.2497432130461874	0.0666551563451207	0.0623716724626333	0.0044429098673924	-0.7826738798132453	0.1103733558576891	0.012182277683288	0.6125784021419184	-0.0162360316488859	7.600334019659816e-05	0.0002636087237036	5.776507721039833e-09	0.0008409030673623	4.789276169290006e-05	7.071179686993249e-07	2.293716622572915e-09	-0.0017052847597894	5.865802704799845e-06	3.440764137163717e-11	2.907996111969992e-06	0.0	0.0	0.0	0.0	0.0	0.0	0.0	0.0	0.0
982.9193201443728	-0.4599834200263331	0.2115847466991219	966130.389913076	1109.4064036447764	2.071063219210828	4.289302857967917	1230782.568448037	886.5100742466949	-0.8481554354426635	785900.1117408805	0.7193676426709341	894.4666030482242	825.723591683699	1.004747	19.915028	0.136031359373567	0.0589938493777075	-0.0594780001	0.0371355501	-0.1028861552	-0.00115923	0.0740741686	-0.1447652189	0.115714829	-0.1523596336	0.0944508916	0.0462777019	0.0971920771	0.1582116903	0.0240503141	-0.1045383174	-0.064337672	-0.0414455522	0.1051555355	-0.0575811883	0.0059625728	-0.2118333075	-0.0261249623	0.0120351429	-0.0002256976	-0.1174695011	0.0954699643	-0.0039212409	-0.0788148135	0.0315085203	-0.0715829845	-0.0042279606	-0.0414139594	-0.0030431109	0.0507237062	-0.0580248206	0.0135184716	-0.0981879326	-0.0468089496	0.0030297666	0.1175531013	-0.0575381238	-0.0525443549	0.0321771265	-0.0936142532	-0.0856213216	-0.0308325349	0.0284156539	-0.0446978202	0.0249740953	0.1226662763	0.0723985373	0.0030998063	0.0606377446	0.127577257	-0.0769507381	0.1530814123	-0.017804073	-0.0249751829	0.0310857553	-0.0566902141	0.1426198796	-0.014857995	0.0923814123	0.089821508	0.0549531023	0.012053903	-0.1193155084	-0.0599211508	0.0169185099	-0.0233752845	0.0175743518	-0.0203846578	-0.0691651493	-0.0898982515	0.0527904412	-0.1618328902	-0.0246896729	-0.0055258749	-0.0432842638	-0.0773768842	-0.0406340167	-0.0412669873	0.0989724724	-0.0515137906	-0.01118631	0.0870576523	0.112027239	0.0854530877	0.0523918633	-0.0039690863	0.0066671934	0.0515143009	-0.0345417631	0.0419949447	0.1125760638	-0.0486235031	-0.1102754594	-0.0674096383	0.111700431	0.060362928	-0.0075436548	0.0951307499	0.010699439	-0.0027368256	0.0866245082	0.0309336082	0.019139975	-0.1251271724	0.1134548014	-0.0948006283	0.0703125971	0.0920282169460051	-0.0176019866382403	0.0084691927142609	0.0003098299336127	-0.291501296282334	-0.0417580832361466	0.084973005734281	0.0017437375155569	-0.8103772657825203	-0.027703385969275	0.0007674775941626	0.6567113128971536	-0.0159323245515471	0.0003037070973388	0.0002538389656158	9.223800097395965e-08	0.0005951967025574	-0.0002457063648049	3.5425911473520216e-07	6.037161770563859e-08	-0.001275340151335	0.0004299446084544	1.8485236633900746e-07	1.6264925016071803e-06	0.0	0.0	0.0	0.0	0.0	0.0	0.0	0.0	0.0
981.2065327751044	-1.712787369268426	2.933640572325456	962766.259960542	1101.6872697310014	-7.719133913775067	59.58502837879239	1213714.8402873485	885.7685536962098	-0.7415205504851201	784585.9307170752	0.5498527267917556	894.3521335401033	827.0047024432589	1.002421	19.868938	0.1157592862388208	0.069195477995263	-0.0111611326	0.0073422414	-0.0891974754	-0.109872593	0.0082193676	-0.0465914689	-0.0665632143	-0.0412608188	0.131185384	-0.0826280146	0.061196284	0.0655512539	-0.0042258041	-0.0288464083	-0.046825874	0.0627314238	-0.0194036999	-0.0565681993	-0.049163332	-0.0360804437	-0.0740873203	-0.0559135479	0.0038222935	-0.1136161431	-0.0285569782	0.0366638739	0.0870057033	0.0443867083	-0.0268615656	0.0601051989	-0.0915317644	-0.1328952801	-0.0362130635	0.0264826566	0.0693770215	0.0491458211	0.0250863948	-0.1995113785	5.11e-06	-0.025959222	-0.0333567432	-0.0801187404	0.017228321	0.0376914652	-0.0694708812	-0.0065348377	0.0093110987	0.0111917394	0.0286964174	0.0439941983	-0.0866368585	-0.0335640738	0.0119110184	0.0242063966	0.0249270065	-0.1127334286	0.0319142116	0.04975963	-0.0696729702	0.049719068	-0.0090500451	-0.0167268523	0.0280238373	0.0244924017	-0.1009026725	-0.024540981	0.0552069138	0.1392973434	-0.0167422432	-0.085513697	-0.079537002	0.0249223038	0.0678269641	0.0785174001	0.1173292987	-0.0675678028	0.0683324408	-0.0371517908	0.0487284049	0.0622227912	-0.0573242953	-0.0139578402	-0.025889339	0.0040556763	0.0853078225	-0.0876087285	0.0503001069	-0.0236358544	-0.049261876	-0.0523657751	-0.0436563686	-0.060756079	-0.0479657065	0.0517978176	-0.0051015429	0.1141684181	-0.2200481575	0.0069211381	-0.0620340812	-0.0246272389	0.0565219022	-0.0166990742	0.0580811111	0.0524826359	-0.032990425	-0.0104067082	-0.1259161521	0.1165232592	-0.1013839798	0.0812449131	0.0913849850830956	-0.0006432318629095	0.0083512154986376	4.137472294620282e-07	-0.3525721468648157	-0.0610708505824816	0.1243071187448651	0.0037296487908678	-0.83627443150516	-0.0258971657226396	0.0006706631924658	0.6993549247892785	-0.0162370208890539	-0.0003046963375068	0.0002636408473515	9.283985809005804e-08	0.0003409097225464	-0.000254286980011	1.1621943892666344e-07	6.466186820311474e-08	-0.001279317595233	-3.977443898000015e-06	1.5820059961737555e-11	1.6366535094727458e-06	0.0	0.0	0.0	0.0	0.0	0.0	0.0	0.0	0.0
980.3462560590034	-0.8602767161009979	0.7400760282655169	961078.781768905	1095.2569584041446	-6.430311326856781	41.34890376030262	1199587.804932698	885.5972458794425	-0.1713078167672392	784282.4819092538	0.029346368085558	894.3405168432938	821.5067836042535	0.973093	19.287628	0.4000498609628919	0.2197279529865667	0.0012118924	-0.0940772314	-0.0424307999	-0.0595396888	0.0666405288	0.0430381502	0.0189164793	-0.1374593465	-0.0781476616	-0.003963434	0.0389017722	0.0420529	-0.0510205426	-0.007985599	0.0046083531	0.1252897676	0.0819519616	0.0248020003	-0.0463168219	-0.1323789586	0.0539027004	0.1308467634	-0.0165447458	-0.0082262069	0.0468803614	0.0005457444	-0.0860288576	-0.0978456176	0.0894172077	0.0052637988	0.0723561936	-0.077220448	-0.0846155254	-0.0570707726	0.1007539571	0.0480427381	0.1790626851	-0.1804067672	0.0570947153	0.02781294	0.0394177464	-0.0121067987	0.0604723912	-0.0143899911	0.0759801085	-0.0347393838	-0.0721700519	0.0161682677	0.0013722508	0.0040253852	-0.1071149075	0.1136719982	0.0148951186	0.0325818715	0.1186223343	0.0602146795	-0.0357985338	0.0691021612	0.0290212049	-0.0310964898	0.034201436	0.0399160858	0.1086811427	0.0523688977	0.0913351758	0.0383573772	-0.0637999039	-0.0214549798	-0.1409122659	-0.0737371685	0.016042514	0.046182607	-0.0246504782	0.036230433	0.052207705	-0.1057775667	0.1187660616	-0.0663118541	0.0530739348	0.0569379514	0.1049203734	-0.0334958893	-0.0449367615	0.0820029674	-0.0213526416	0.1047681313	0.2080054726	0.0426488311	-0.0054178556	0.0141263056	-0.0219071928	-0.0508669067	-0.0970625031	0.0548994058	-0.0861463007	-0.087182327	-0.1244752379	-0.0084570911	0.0825537764	0.0846783981	0.0182306391	0.1026268211	0.0929412049	0.1126225403	-0.0199902897	0.0790474312	-0.1266188352	0.1192723348	-0.1073422654	0.0912870929	0.1163635337541677	0.0249785486710721	0.0135404719877573	0.0006239278937131	-0.1737765324332798	0.1787956144315358	0.0301982832245347	0.0319678717399504	-0.7156259626845412	0.1206484688206188	0.0145560530287598	0.5121205184681763	-0.0155974884884769	0.000639532400577	0.0002432816471481	4.090016913877831e-07	0.0007923151864881	0.0004514054639416	6.277633547396726e-07	2.0376689287642137e-07	-0.0017009243115076	-0.0004216067162746	1.7775222320785117e-07	2.893143513477603e-06	0.0	0.0	0.0	0.0	0.0	0.0	0.0	0.0	0.0
979.3268032655856	-1.0194527934178268	1.0392839980074102	959080.987594391	1095.899022089971	0.6420636858263151	0.412245776656873	1200994.6666177546	886.0789039653121	0.4816580858695261	785135.8240523688	0.2319945116834957	894.3178925363641	815.6762272405575	1.113379	22.068216	0.5056169798567202	0.2850174171168864	0.0280447686	-0.011868255	-0.1322654704	-0.0160763081	0.0068902179	0.0051435511	0.060206767	-0.0513771376	0.0380087891	-0.0460000523	0.0852667004	0.0950457321	0.0065275345	0.0131067986	-0.0960649499	0.0108858535	0.0612481538	-0.0095650488	0.0779033075	-0.0060607599	-0.083278955	-0.0013672944	-7.81249e-05	0.0099047979	0.160857415	-0.1106177186	0.00800109	-0.0692972563	0.018025687	0.1168652003	-0.0111477684	-0.0591596057	0.0007907894	-0.1607144843	0.0870463281	-0.0124158682	-0.031871797	-0.0501441202	-0.1231033829	0.1021967514	0.0977237063	-0.0216138223	-0.0762381619	0.0182786974	-0.0055605717	0.128646903	0.1514794734	-0.0309082753	0.001358487	0.09233803	-0.0261456197	0.0628294951	0.0663758901	-0.0801319628	-0.0200018075	-0.0406848565	-0.122847235	-0.1536234644	0.0463741641	0.0818259875	-0.0811943034	0.0357063186	0.0967549071	0.0658584299	-0.0563499365	0.0249497488	-0.0950772226	-0.00969086	-0.0307763451	-0.1754024438	-0.0962590475	0.013595481	0.0588076645	0.0459230377	0.0539059686	-0.0350747621	-0.1293992924	-0.0126457632	-0.0544399359	0.0691965494	0.0407123717	0.0639020402	0.0268960823	-0.0082904071	0.0702716194	-0.0506396881	-0.1017292827	0.1777108169	-0.0698023959	-0.0752991511	0.0512002423	-0.0778175678	-0.0133834087	-0.1045210108	0.0029254738	0.0805905849	-0.0833118272	0.0974721992	-0.1268575449	-0.2321024516	0.150846578	0.0643561413	0.0490772219	0.05896372	-0.1497807454	-0.0349812536	-0.1272347401	0.1216944932	-0.1126387502	0.1003291122	0.0506713563354424	-0.0656921774187253	0.0025675863528733	0.0043154621740132	-0.3968793271961033	-0.2231027947628235	0.1575132003556316	0.0497748570309825	-0.8780053701770925	-0.1623794074925513	0.026367071977632	0.7708934300598131	-0.0154862518391279	0.0001112366493489	0.0002398239960248	1.2373592158392128e-08	-0.000143010638776	-0.0009353258252641	2.045204280311956e-08	8.748343994059697e-07	-0.0017432138405469	-4.228952903930004e-05	1.7884042663658012e-09	3.038794493874273e-06	0.0	0.0	0.0	0.0	0.0	0.0	0.0	0.0	1.0
977.383988447309	-1.942814818276588	3.774529418115092	955279.4608731694	1094.2243510985272	-1.6746709914436906	2.8045229295829937	1197326.930536993	885.4177382514168	-0.6611657138952296	783964.5712102544	0.4371401012305886	894.0163309599224	810.4999724996078	1.0359	20.53252	0.1853623564452496	0.0798227732613123	0.0731082493	-0.0406966436	-0.1332621956	-0.0643157287	-0.0644633014	0.0718754677	-0.0945101682	-0.0296338843	0.0490150986	-0.0753553707	0.0781474173	-0.0364767305	0.1092195128	0.0229770189	-0.0660107848	0.1223217979	-0.0544114891	-0.0181373095	0.0171476272	-0.0821068685	-0.0502289659	-0.1555413325	-0.0965713328	-0.0624449811	-0.0752506117	0.0200133908	0.0234458387	-0.1205703216	0.1019698027	-0.1305912051	-0.0113081301	-0.0063762713	0.1029855135	0.0044018917	0.0138397936	-0.00213066	-0.1454547931	0.013626355	-0.0554469472	0.1001348307	0.2178645555	0.0981774045	0.040720804	0.0850493434	0.0996184952	0.060910869	0.0872747039	0.0079085406	-0.028188274	0.0681180192	-0.1388092529	-0.0305671939	-0.0321924793	-0.0283175539	0.0193493982	-0.0944445481	0.0749737723	-0.089458976	-0.115244217	0.0240941669	0.1011216761	0.0317775035	0.0760282324	-0.0196867659	0.0037489548	0.0892819482	-0.0916532612	-0.0701721637	0.1211749671	-0.0941791089	-0.1156417037	0.0438510601	-0.0982978297	0.103899114	0.0720015428	0.1633511983	-0.0267954281	0.1102346133	0.0302161484	0.09900716	0.1247605714	0.0327571733	0.0213503653	0.0429824598	0.0314571415	-0.1018838832	-0.0826488415	-0.0734941039	-0.1830073369	-0.1045535958	0.0133534322	-0.073600051	-0.0846998167	-0.0716535412	0.0790132585	0.1552102269	-0.0926215844	-0.0315829036	-0.0889916702	-0.0854983165	-0.146716282	0.0429709024	0.0376564528	-0.0742718351	-0.0630092472	-0.0301311662	-0.1277634447	0.1237830955	-0.1172407796	0.1082719048	0.0272073086422324	-0.0234640476932099	0.0007402376435536	0.0005505615341492	-0.358791143370226	0.0380881838258773	0.128731084560914	0.0014507097471538	-0.8874891875855297	-0.0094838174084372	8.994279263657819e-05	0.7876370580812236	-0.0161186274145464	-0.0006323755754185	0.0002598101497289	3.998988683858794e-07	-0.0009920034306321	-0.0008489927918561	9.840708063858557e-07	7.207887606236151e-07	-0.000938056057467	0.0008051577830799	6.482790556541394e-07	8.799491669505316e-07	0.0	0.0	0.0	0.0	0.0	0.0	0.0	0.0	0.0
976.366553534376	-1.017434912933027	1.0351738020550356	953291.6468605954	1090.261692592076	-3.962658506451135	15.702662438749536	1188670.5583337387	884.2174253530126	-1.2003128984042633	781840.4552979104	1.4407510540756432	892.7370002746582	807.8777884887004	0.879625	17.435005	0.0854379128258434	0.0413662050919825	0.0682415763	-0.0591976305	-0.1289291337	-0.0140332691	0.0551157896	0.1077675331	0.0002161784	-0.0355188043	0.0218051019	-0.0138910595	-0.0051401807	0.0286031569	0.1125058303	0.0741261831	-0.0370387066	0.0660726099	-0.0038207478	0.0952803977	-0.0079536703	-0.0953583095	-0.0703822236	-0.1623909297	-0.1188478503	-0.0249400899	-0.0969308988	0.0869193564	0.1267275077	0.0501630944	0.08754144	0.0360964874	0.0286076287	0.0669627465	0.0576472599	0.1079395546	-0.01266818	-0.0157321487	0.067883578	-0.0193827501	-0.1213033435	-0.0069481788	-0.0186676123	0.0318368305	-0.0469418523	0.0807594284	0.0121562711	0.0235721345	-0.0396569205	-0.1634034934	-0.0864028923	0.0408092922	-0.0558883286	0.0619117626	-0.0896817026	-0.0164807181	0.0659998655	-0.1678085231	0.1315213336	-0.0289576664	-0.1436365885	-0.085111441	0.0555722666	0.0040358775	-0.093052982	0.0074435971	-0.0111000955	0.1528111284	0.0921112711	-0.007323824	0.0674721938	-0.0203133736	0.0684760675	-0.0677994093	0.0049979485	-0.024687765	0.0628778341	-0.0714961306	-0.0585165711	0.0498512862	0.0321398279	0.0685035682	-0.0973096155	0.0703280949	0.0366814673	0.0510483173	0.0542368113	0.0831277143	-0.0867091995	-0.1503025331	-0.1718205848	-0.137172516	-0.0267380249	0.0433215846	-0.0558396421	-0.1748576251	0.0665651138	0.0424358933	0.0898453118	0.129574701	0.0239560808	0.0879896165	-0.146177117	-0.0270660061	-0.06753662	-0.0871868698	-0.0023194966	0.0546485597	-0.1282045865	0.1255324169	-0.1211199807	0.1150284477	0.0339671325887138	0.0067598239464813	0.0011537660962992	4.5695219787423344e-05	-0.3351397768209523	0.0236513665492736	0.1123186700075977	0.0005593871396481	-0.9116468938191532	-0.0241577062336234	0.00058359477047	0.8311000590101104	-0.0162854263692836	-0.0001667989547371	0.0002652151120293	2.7821891301421923e-08	-0.0014348974163724	-0.0004428939857402	2.058930595512189e-06	1.9615508260492897e-07	-0.0009457434389188	-7.687381451800088e-06	5.909583358548003e-11	8.94430652257958e-07	0.0	0.0	0.0	0.0	0.0	0.0	0.0	0.0	0.0
977.2692926442196	0.902739109843651	0.8149379004413074	955055.2703453334	1091.7217146968428	1.460022104766722	2.131664546407449	1191856.3023406146	885.010723754222	0.7932984012094266	783243.9811599718	0.6293223533614324	894.1868810352527	803.3676065077619	0.998238	19.786018	0.1358445637182215	0.062073074742594	0.088126172	-0.0366696045	-0.0034617465	-0.0056341593	0.0355009618	0.1159671033	0.0268843131	-0.0306760243	-0.0800994238	0.0374723108	0.0420855662	0.0009557102	-0.0075055441	0.0168539696	0.0576291355	0.0856646869	0.082435709	0.0820694927	0.0057765256	-0.0351256015	-0.0326077597	-0.0251819569	-0.0084898981	0.1344760963	-0.0895033432	-0.0206049937	0.0728549897	0.0502500274	0.1205793878	-0.0891598923	-0.044491155	-0.0115502577	0.0593863759	0.1047920986	0.0385611376	0.0526434289	0.0921331151	0.0740391054	-0.0883705205	0.0573310393	-0.0007207985	0.0758268841	-0.0309688395	-0.0856109631	-0.0243764237	-0.0455874078	0.1697272003	-0.0140809382	-0.0412960955	-0.0536697976	-0.0328122091	0.1350754065	-0.0501940319	0.0266667325	0.0050698861	-0.1001150011	0.0755257366	-0.0172746604	0.0751709921	-0.1283213108	0.1651961781	0.0302527214	-0.0999883466	-0.1581462938	0.0552285831	0.0617925988	0.092943034	-0.0136238389	-0.0286193092	-0.0278454884	0.0540028675	0.0982170374	-0.0536660273	-0.0690698108	0.0524254019	0.027156365	-0.03032131	-0.0772387556	-0.0814957529	-0.0289103402	-0.0248261075	0.0130362955	0.0360298587	0.0755288416	0.0097148186	0.0695815472	-0.1401060407	0.0756088989	-0.0801040371	-0.095901047	-0.001518968	0.1211212229	-0.0385444691	-0.1407878658	-0.0527536445	-0.0931613332	0.1380798486	0.069320523	0.0638891596	0.0814929251	-0.1916120967	-0.0847813353	-0.0837822883	0.0180437648	-0.018656847	-0.0222187362	-0.1285578634	0.1269376627	-0.1242524367	0.1205247148	0.0124182674787363	-0.0215488651099774	0.0001542133671734	0.000464353587528	-0.316432764347951	0.0187070124730013	0.1001296943528858	0.000349952315665	-0.8790749923454655	0.0325719014736877	0.0010609287656116	0.7727728421671802	-0.0154455190744486	0.0008399072948349	0.0002385640594791	7.054442639170464e-07	-0.0017499892626453	-0.0003150918462729	3.062462419373841e-06	9.928287158766489e-08	-0.001051079991042	-0.0001053365521232	1.1095789213203643e-08	1.104769147568851e-06	0.0	0.0	0.0	0.0	0.0	0.0	0.0	0.0	0.0
981.3160999886844	4.04680734446481	16.376649683214325	962981.2880970016	1094.800547083735	3.078832386892145	9.479208866575984	1198588.2378948454	886.5669568409223	1.5562330867003311	786000.9689621738	2.42186142014084	893.3730114183928	805.7050259449701	1.10711	21.943974	0.1578638091031435	0.0822842154904026	0.0959113255	-0.0381052364	0.0388146662	-0.1036956716	-0.0409392759	0.024301899	-0.1794192358	-0.0169243129	-0.0253181836	0.0417909182	0.1127468043	-0.0585618537	0.0346773835	-0.0432135781	0.0554577477	0.104921711	8.14723e-05	-0.0939339845	-0.0036769474	0.0514512693	0.016179488	-0.1098911084	-0.0244069706	-0.0125189601	0.0135014278	0.0227013723	-0.0486203025	-0.0634643652	-0.078485177	0.0244847475	0.1266644846	0.1526214273	0.0564186347	0.1100028189	0.0782796583	0.0041400067	0.1024863633	0.0745817838	-0.0494988701	-0.0210834553	-0.0675073519	-0.0009145057	0.1398883811	-0.1062507746	-0.1607679457	0.0008195681	-0.0814384158	-0.1476965634	0.0353368067	-0.0711963322	-0.1183183703	-0.0771215099	0.1007639836	0.0834668873	-0.0376632024	-0.0091651913	0.0675783999	-0.0570064579	-0.0881834165	-0.0296829577	-0.1478649489	-0.0642492365	-0.0014480506	-0.0315180575	0.1342356362	0.0764018514	-0.0124976698	-0.0959390498	0.1225154498	0.0092164136	0.2435937079	-0.0475265183	0.0495938082	-0.0696041072	0.0185788842	0.0503658055	0.1115080038	-0.0696797055	0.0006665081	-0.1865998935	-0.0685687412	0.0462021633	0.0203063571	0.1139180777	-0.05921294	-0.0788837125	-0.0525985483	-0.0578123009	-0.0403116795	-0.1181032776	0.0093201865	0.0235481224	0.0148653331	0.0744008694	0.048189695	0.1213331576	0.0942232459	-0.0734399492	0.0463416798	-0.0216887668	-0.2592093415	0.0765622424	0.0183130793	-0.0414620255	0.0689426638	0.0949716819	-0.1288230331	0.1279949812	-0.1266188352	0.124700488	0.0130388424911416	0.0006205750124052	0.0001700114135087	3.8511334602183693e-07	-0.2936465783122344	0.0227861860357165	0.0862283129544832	0.0005192102740542	-0.811831894235084	0.0672430981103815	0.0045216342434823	0.6590710244973246	-0.0157611096743483	-0.0003155905998997	0.0002484125781668	9.959742674505387e-08	-0.0012153980333879	0.0005345912292574	1.4771923795631749e-06	2.857877823989381e-07	-0.0015451771607777	-0.0004940971697356	2.44132013140829e-07	2.387572458189034e-06	0.0	0.0	0.0	0.0	0.0	0.0	0.0	0.0	0.0
980.8824675947144	-0.4336323939700151	0.1880370531001663	962130.415234696	1092.982290622992	-1.8182564607429867	3.3060565570336125	1194610.2876154825	885.2643341276872	-1.3026227132351096	783692.9412785374	1.6968259330359985	894.155898505763	815.4566221502365	1.210835	23.999889	0.2423053110779434	0.1346024331966885	0.0297322299	0.0917332147	0.0839750063	0.075164174	0.0781390361	0.0143166061	0.0039134723	0.0276543241	-0.1173774083	-0.0113001871	-0.0481477692	0.0377767195	0.229546771	0.017276772	0.0345291899	-0.0108272985	0.036363643	0.1346296647	0.1361706548	0.1333346353	-0.0710812694	-0.1021027422	-0.045453314	0.0017537749	-0.0467924968	0.0420951321	-0.006600327	0.1035725296	-0.048158772	0.0113375916	0.0996615076	0.0595047163	-0.0376100551	0.1386930072	-0.0183334684	-0.1134049242	-0.1264185135	0.0316916857	-0.0138978074	-0.0667430582	-0.0599724666	-0.016035208	-0.0373308525	-0.04005957	-0.0393559545	-0.077575995	-0.0495113602	-0.0164938696	-0.0380422109	-0.0630739878	0.0498629602	0.0999126208	-0.0843065956	-0.0906137049	-0.1681445663	-0.0601330911	0.1086656674	-0.0330243139	-0.0744489602	-0.0695996459	-0.0442698028	0.0499094547	-0.1460378739	0.030933446	-0.0005948897	-0.0146039018	0.0004413355	-0.0111443829	0.0666724768	0.1370267545	0.0525205337	0.0001780004	-0.0107015638	0.0559282554	-0.0492136542	-0.0003456391	-0.0717251112	-0.0229485851	-0.0673116022	-0.1202348873	-0.0981060042	-0.0659679009	0.0364561136	0.0450248612	0.04723759	0.1500878796	-0.1297176432	-0.1032905502	0.0191290061	-0.0249401471	0.0392671586	0.1596958253	0.0003631295	-0.0819549091	0.1056977756	-0.0626857663	0.0970019048	0.1675012792	0.0067616211	0.0428843984	-0.0567507236	-0.1034170183	-0.0613428816	-0.0258472978	0.1241546595	0.0246682639	-0.1289999139	0.1287014744	-0.1282045865	0.1275100165	0.0399554507053778	0.0269166082142362	0.0015964380410698	0.0007245037977586	-0.375649611119897	-0.0820030328076625	0.1411126303345298	0.0067244973896545	-0.9128411286069138	-0.1010092343718298	0.0102028654283832	0.8332789260763441	-0.0161354291536935	-0.0003743194793451	0.0002603520739738	1.401150726172593e-07	-0.0009461279729987	0.0002692700603892	8.951581412906288e-07	7.250636542200341e-08	-0.0015412379868278	3.939173949899953e-06	1.5517091407570395e-11	2.37541453204101e-06	0.0	0.0	0.0	0.0	0.0	0.0	0.0	0.0	0.0
979.2309513275552	-1.6515162671591952	2.727505980691442	958893.2560378688	1091.0648577801594	-1.917432842832568	3.676548706772983	1190422.5238828394	885.5813133906507	0.316979262963514	784254.26262671	0.1004758531488925	894.6807877992329	811.4670572762141	1.080108	21.408768	0.1499111519257273	0.0693982473361657	0.0646533583	0.0610896168	0.037857823	0.036024107	-0.1231692797	0.0609081683	-0.0590229079	-0.00098455	0.0155949882	0.0530217577	-0.0846828311	0.0008822783	0.0047667236	-0.0095382827	0.0145441403	0.0421707079	-0.1008324105	0.0759763017	0.1379397969	0.0312898688	-0.0061680543	0.0005315718	-0.0944308627	0.0159808249	-0.0331573836	-0.0665446134	-0.0142064067	-0.0077582583	0.0625567219	-0.0585742243	0.0523935538	0.0527525074	0.0021778714	-0.0671511129	-0.0291741534	0.0169924006	-0.136320855	0.067816968	0.0779625168	-0.0034817828	0.0612579433	0.04060326	0.0671359419	-0.1794912232	0.0283198839	-0.0320209818	0.0093064083	0.0168879762	-0.0003291949	-0.0236348171	-0.0508179036	-0.0195725111	-0.0939310792	-0.1330260386	-0.058265698	0.0480422224	-0.0543672143	-0.0835367739	-0.0387495236	-0.023606093	0.003043174	0.0695350919	-0.0362135144	-0.0059561495	-0.0459977666	0.0245398923	-0.0374727772	-0.1253960874	-0.0776026486	0.0408918392	-0.0829295106	0.0504558086	0.0026226956	0.0030669057	-0.0420991496	0.1903906298	0.0345093571	-0.0536187787	-0.0755775879	-0.0664008419	0.0357314646	0.0791218844	0.0427966369	0.0594870982	0.0028611073	-0.1239559754	-0.1616263386	0.0820775874	-0.0265772151	0.0480124354	0.0979080258	0.0063527967	-0.0400791867	-0.1064811978	0.0656542944	0.0270017971	0.0357772791	-0.0389323442	-0.2080661734	-0.0806556454	-0.1088008065	0.0261527929	0.0190513194	-0.0982249048	-0.0035866703	-0.1247584785	-0.1290883846	0.1290552057	-0.1289999139	0.1289225186	0.0100272167012178	-0.02992823400416	0.0001005450747731	0.0008956991906077	-0.3356246644858345	0.0400249466340624	0.1126439154112289	0.0016019963530595	-0.900693524845579	0.0121476037613348	0.0001475642771423	0.8112488256987536	-0.0153244583884204	0.000810970765273	0.0002348390248984	6.576735821276366e-07	-0.0012719484102661	-0.0003258204372673	1.617852758378459e-06	1.0615895734111968e-07	-0.0013218218388449	0.0002194161479829	4.814344599565391e-08	1.7472129736473129e-06	0.0	0.0	0.0	0.0	0.0	0.0	0.0	0.0	0.0
