#!ascii label  , from subject sub-v2s16x51234_ses-1 vox2ras=TkReg
2646
49490  -14.268  -5.093  56.652 0.4444440007
50593  -14.041  -3.900  56.693 0.5555559993
48439  -14.646  -6.243  56.169 0.4444440007
49500  -14.709  -4.984  55.863 0.4444440007
116642  -15.146  -8.338  55.289 0.4444440007
103683  -15.009  -7.463  55.687 0.4444440007
48449  -15.152  -6.645  55.152 0.4444440007
46582  -15.133  -9.715  54.866 0.3333329856
113740  -15.335  -8.856  54.584 0.4444440007
47483  -15.303  -7.828  54.754 0.4444440007
46583  -15.399  -9.638  54.094 0.4444440007
45703  -15.192  -10.492  54.384 0.3333329856
44753  -15.158  -11.402  54.264 0.3333329856
50582  -13.362  -3.883  56.889 0.5555559993
51622  -13.455  -3.307  55.974 0.4444440007
51607  -13.773  -3.340  56.445 0.4444440007
50604  -14.339  -3.251  56.202 0.5555559993
50605  -15.191  -3.931  55.668 0.5555559993
51639  -15.831  -3.825  55.301 0.4444440007
48450  -15.447  -7.170  54.007 0.4444440007
49501  -15.374  -5.801  54.763 0.5555559993
49510  -15.780  -6.391  53.678 0.4444440007
50619  -16.656  -5.084  54.159 0.5555559993
47484  -15.468  -8.259  53.929 0.5555559993
48457  -15.760  -7.227  53.071 0.5555559993
50636  -16.370  -5.953  53.336 0.5555559993
113922  -15.506  -9.005  53.834 0.4444440007
119628  -15.590  -7.873  53.332 0.5555559993
49520  -16.109  -6.669  52.865 0.5555559993
45710  -15.436  -10.238  53.565 0.3333329856
47499  -15.570  -8.672  53.171 0.4444440007
48465  -16.146  -7.211  52.235 0.5555559993
49521  -16.766  -6.501  52.386 0.4444440007
46620  -15.700  -9.448  52.093 0.3333329856
48482  -17.973  -7.285  51.444 0.3333329856
51623  -14.094  -2.958  55.978 0.4444440007
52648  -14.689  -2.793  55.190 0.3333329856
105130  -14.959  -2.828  55.624 0.4444440007
52649  -15.576  -2.352  55.285 0.3333329856
51624  -15.887  -2.653  55.671 0.4444440007
51640  -16.506  -4.075  55.040 0.4444440007
51641  -17.078  -4.712  54.444 0.4444440007
50637  -17.169  -5.884  53.061 0.6666669846
50638  -17.887  -6.045  53.076 0.6666669846
50620  -17.464  -5.429  53.762 0.6666669846
47507  -31.767  -8.921  54.356 0.7777780294
47508  -32.646  -8.788  54.214 0.7777780294
49536  -17.367  -6.907  51.748 0.4444440007
49522  -17.646  -6.460  52.404 0.5555559993
47509  -33.333  -8.521  53.915 0.8888890147
48466  -16.708  -6.939  51.873 0.4444440007
49537  -18.037  -6.862  51.920 0.3333329856
51625  -16.880  -3.798  55.253 0.4444440007
50607  -18.235  -5.099  54.827 0.6666669846
50606  -17.594  -4.821  54.575 0.6666669846
47491  -29.506  -8.557  54.944 0.6666669846
47476  -29.038  -9.242  55.066 0.7777780294
50621  -18.073  -5.625  53.809 0.6666669846
109042  -29.815  -9.514  54.876 0.7777780294
47493  -31.041  -9.267  54.525 0.7777780294
118798  -18.318  -6.226  53.300 0.6666669846
101573  -32.171  -8.263  53.585 0.7777780294
122606  -32.815  -8.133  53.649 0.7777780294
48473  -34.461  -7.216  52.738 0.8888890147
48474  -35.121  -7.259  52.606 0.8888890147
48483  -18.456  -7.421  51.856 0.3333329856
49523  -18.303  -6.697  52.585 0.4444440007
48484  -18.999  -8.039  52.034 0.4444440007
48467  -18.826  -7.383  52.645 0.4444440007
46612  -33.828  -8.978  53.917 0.7777780294
46613  -34.486  -9.055  53.578 0.6666669846
52641  -16.759  -2.120  55.809 0.3333329856
53542  -15.779  -1.940  55.189 0.3333329856
52651  -16.714  -2.626  55.960 0.3333329856
51626  -17.682  -3.750  55.875 0.5555559993
122603  -28.820  -8.512  55.203 0.6666669846
115384  -28.380  -8.783  55.199 0.7777780294
49503  -19.085  -6.744  54.267 0.6666669846
109050  -18.571  -6.016  54.020 0.6666669846
120594  -28.545  -9.474  54.790 0.4444440007
46587  -29.272  -9.944  54.767 0.6666669846
47492  -30.373  -8.912  54.646 0.7777780294
49511  -18.718  -6.734  53.321 0.5555559993
48458  -19.147  -7.455  53.482 0.5555559993
46598  -28.894  -10.065  54.366 0.3333329856
47506  -30.998  -8.564  54.176 0.7777780294
114415  -31.435  -8.305  53.444 0.7777780294
102869  -19.374  -8.167  53.612 0.4444440007
45723  -28.850  -10.339  53.395 0.3333329856
47524  -31.809  -8.227  52.643 0.6666669846
47525  -32.598  -7.908  52.894 0.6666669846
48472  -33.800  -7.411  52.935 0.8888890147
48489  -34.904  -6.567  52.110 0.8888890147
47517  -19.340  -8.751  52.301 0.2222220004
47500  -19.458  -8.822  53.208 0.3333329856
47523  -31.017  -8.400  52.371 0.6666669846
47545  -31.542  -8.352  51.673 0.6666669846
47546  -32.370  -7.962  51.952 0.6666669846
47527  -34.809  -8.071  53.174 0.7777780294
46607  -19.610  -9.654  52.722 0.2222220004
45711  -19.789  -10.441  53.578 0.2222220004
47564  -32.128  -8.170  50.965 0.6666669846
45729  -34.701  -10.384  53.042 0.5555559993
46614  -35.243  -9.279  52.980 0.6666669846
47528  -35.574  -8.300  52.702 0.6666669846
47529  -36.282  -8.641  52.152 0.6666669846
44763  -19.986  -11.283  53.527 0.1111110002
46615  -35.947  -9.491  52.357 0.6666669846
51609  -18.332  -3.608  56.137 0.5555559993
50583  -18.929  -4.441  56.009 0.6666669846
49491  -19.214  -5.363  55.993 0.6666669846
112246  -28.318  -8.094  55.508 0.6666669846
47477  -28.865  -7.882  55.139 0.6666669846
50594  -18.552  -4.614  55.965 0.6666669846
107125  -19.508  -6.980  55.417 0.5555559993
119871  -27.942  -8.894  55.056 0.4444440007
48451  -19.438  -7.838  54.590 0.4444440007
46597  -27.769  -9.151  54.532 0.3333329856
48454  -29.931  -8.220  54.477 0.7777780294
47485  -19.537  -8.822  54.229 0.3333329856
46609  -27.428  -9.253  53.457 0.3333329856
108864  -28.279  -9.711  53.950 0.3333329856
48470  -30.521  -8.232  53.238 0.6666669846
49549  -34.813  -6.206  51.614 0.8888890147
49550  -35.321  -6.088  51.526 0.8888890147
48490  -35.484  -6.629  51.932 0.8888890147
46595  -19.630  -9.636  53.840 0.3333329856
46584  -19.719  -9.711  54.946 0.3333329856
101661  -27.090  -9.315  52.335 0.3333329856
46610  -28.003  -9.802  52.848 0.3333329856
48487  -30.162  -8.234  52.026 0.6666669846
48503  -32.815  -7.572  51.210 0.6666669846
48488  -33.973  -6.929  52.259 0.8888890147
117891  -34.499  -6.598  52.070 0.8888890147
104132  -36.270  -6.823  51.701 0.8888890147
117114  -19.825  -10.483  54.596 0.2222220004
46625  -27.716  -9.831  51.748 0.3333329856
47544  -30.774  -8.453  51.380 0.6666669846
48475  -35.864  -7.524  52.213 0.7777780294
48491  -37.189  -7.260  51.293 0.7777780294
121881  -19.984  -11.144  54.332 0.2222220004
118689  -36.637  -7.948  51.768 0.6666669846
51597  -19.518  -4.101  56.104 0.6666669846
50585  -20.526  -5.312  56.126 0.6666669846
50586  -21.224  -5.567  55.949 0.6666669846
53533  -18.928  -2.711  56.035 0.4444440007
50584  -19.734  -4.919  56.044 0.6666669846
49480  -20.798  -6.459  56.042 0.6666669846
48441  -26.945  -7.816  56.007 0.6666669846
49493  -27.627  -6.927  55.498 0.5555559993
120520  -19.903  -6.742  56.030 0.5555559993
112519  -20.237  -7.068  56.216 0.6666669846
47475  -27.620  -8.308  55.549 0.6666669846
48442  -27.710  -7.605  55.789 0.7777780294
49494  -28.262  -7.339  55.299 0.5555559993
48452  -28.733  -7.289  54.866 0.6666669846
48440  -19.928  -7.378  56.068 0.5555559993
105002  -20.005  -9.028  56.139 0.4444440007
47470  -19.734  -8.066  55.794 0.4444440007
47490  -27.197  -8.660  55.062 0.4444440007
108086  -19.681  -8.884  55.358 0.3333329856
47504  -25.836  -8.557  53.548 0.3333329856
47505  -26.811  -8.783  54.060 0.4444440007
48460  -30.425  -8.285  54.119 0.6666669846
46574  -19.986  -9.825  55.858 0.3333329856
47522  -26.453  -8.800  52.903 0.3333329856
49551  -35.978  -6.000  51.392 0.8888890147
49552  -36.765  -6.040  51.337 0.8888890147
106688  -20.003  -11.331  55.049 0.2222220004
45704  -19.872  -10.515  55.435 0.2222220004
47521  -25.360  -8.633  52.423 0.3333329856
47543  -30.170  -8.312  51.112 0.4444440007
44764  -20.463  -12.076  54.727 0.2222220004
47542  -26.130  -8.923  51.879 0.3333329856
110075  -26.681  -9.442  51.240 0.3333329856
47562  -30.594  -8.463  50.418 0.5555559993
47577  -31.964  -8.270  50.014 0.5555559993
104543  -32.523  -7.795  50.409 0.6666669846
49553  -37.462  -6.277  51.048 0.6666669846
115047  -20.989  -12.331  55.204 0.2222220004
46624  -25.828  -9.116  51.156 0.3333329856
122195  -20.649  -12.830  54.234 0.1111110002
43831  -21.058  -12.921  54.830 0.1111110002
46640  -25.869  -9.380  50.450 0.3333329856
115490  -21.551  -13.417  54.685 0.1111110002
52636  -20.590  -3.943  55.953 0.6666669846
49486  -26.534  -6.720  55.917 0.6666669846
48432  -27.110  -7.155  55.975 0.6666669846
48431  -26.344  -7.373  56.135 0.6666669846
115548  -20.581  -8.073  56.402 0.4444440007
48418  -21.101  -7.953  56.523 0.5555559993
47463  -26.094  -7.866  56.049 0.5555559993
47445  -20.357  -8.417  56.332 0.4444440007
47447  -21.230  -8.563  56.491 0.4444440007
47489  -25.563  -8.299  55.340 0.4444440007
47474  -26.522  -8.232  55.661 0.4444440007
46567  -21.045  -9.624  56.112 0.4444440007
102180  -25.138  -8.387  54.259 0.4444440007
102268  -26.185  -8.525  54.725 0.4444440007
45698  -20.270  -10.492  55.730 0.2222220004
45693  -20.414  -10.413  55.695 0.2222220004
45694  -20.790  -10.145  56.101 0.2222220004
116663  -24.979  -8.482  53.210 0.3333329856
50659  -35.880  -5.625  51.103 0.8888890147
50675  -36.511  -5.195  50.780 1.0000000000
44754  -20.430  -11.049  55.615 0.2222220004
44740  -21.211  -10.944  56.017 0.2222220004
47520  -24.341  -8.527  52.542 0.3333329856
49567  -34.581  -5.982  50.996 0.7777780294
49568  -35.253  -5.793  51.145 0.8888890147
50661  -37.286  -5.436  50.929 0.8888890147
44755  -20.688  -11.681  55.385 0.2222220004
44746  -20.693  -11.297  55.533 0.2222220004
44747  -21.046  -11.321  55.588 0.2222220004
47540  -24.496  -8.703  51.703 0.3333329856
49566  -33.854  -6.324  50.730 0.7777780294
44756  -21.509  -11.862  55.257 0.2222220004
47560  -24.625  -8.960  50.934 0.3333329856
47541  -25.274  -8.844  51.458 0.3333329856
49569  -38.167  -5.883  50.630 0.8888890147
43832  -21.596  -12.713  54.973 0.2222220004
102247  -24.914  -9.234  50.247 0.3333329856
46639  -25.287  -9.081  50.834 0.3333329856
48492  -38.040  -7.162  50.687 0.6666669846
44757  -22.117  -12.336  54.918 0.2222220004
47565  -38.727  -8.268  50.249 0.5555559993
51599  -21.157  -4.659  56.022 0.6666669846
49481  -21.844  -6.302  56.049 0.6666669846
49474  -22.114  -7.277  56.229 0.4444440007
49476  -24.062  -7.164  56.134 0.6666669846
47448  -21.875  -8.424  56.206 0.4444440007
47449  -23.231  -7.866  55.761 0.4444440007
47450  -24.295  -7.839  55.741 0.4444440007
48430  -25.612  -7.522  56.210 0.5555559993
46561  -21.659  -8.988  56.111 0.4444440007
47460  -22.498  -8.331  55.832 0.4444440007
47461  -23.333  -8.063  55.639 0.4444440007
102834  -24.826  -8.059  55.654 0.4444440007
47488  -24.772  -8.261  55.053 0.4444440007
112926  -21.366  -9.575  55.907 0.3333329856
47502  -23.336  -8.544  53.721 0.3333329856
104008  -24.139  -8.341  54.415 0.3333329856
50674  -35.784  -5.334  50.766 0.8888890147
45705  -21.405  -11.002  55.449 0.2222220004
45699  -21.054  -10.470  55.763 0.2222220004
47519  -23.478  -8.604  52.790 0.3333329856
47503  -24.220  -8.417  53.447 0.3333329856
50676  -37.183  -4.987  50.676 0.8888890147
108854  -23.688  -8.726  51.934 0.3333329856
45706  -21.938  -11.287  54.974 0.2222220004
47539  -23.292  -9.080  51.465 0.3333329856
45712  -22.196  -10.516  53.742 0.2222220004
46638  -24.019  -9.185  50.334 0.3333329856
47566  -39.467  -8.746  49.692 0.2222220004
117052  -39.359  -7.881  49.796 0.6666669846
48506  -39.994  -8.177  49.383 0.4444440007
50587  -22.522  -5.584  55.902 0.6666669846
49482  -22.776  -6.441  56.003 0.6666669846
47471  -23.110  -8.354  55.385 0.4444440007
105309  -22.971  -8.247  55.615 0.4444440007
47472  -23.773  -8.091  55.571 0.4444440007
46575  -21.567  -9.846  55.466 0.3333329856
108142  -22.286  -8.944  54.868 0.3333329856
104108  -23.995  -8.226  55.223 0.4444440007
46586  -22.075  -9.557  54.731 0.3333329856
47487  -23.245  -8.477  54.677 0.3333329856
110301  -36.396  -4.909  50.379 0.8888890147
46585  -21.925  -10.527  54.923 0.2222220004
46596  -22.305  -9.461  53.816 0.3333329856
47501  -22.783  -8.856  53.186 0.3333329856
51671  -37.169  -4.785  50.444 0.8888890147
107529  -22.021  -10.235  54.528 0.2222220004
50677  -37.932  -4.834  50.535 0.8888890147
46608  -22.412  -9.485  52.859 0.2222220004
116964  -38.403  -4.597  50.236 0.8888890147
45722  -22.301  -10.249  52.490 0.2222220004
50689  -39.514  -5.566  49.701 0.7777780294
49591  -39.699  -7.004  49.641 0.5555559993
51680  -37.736  -4.295  49.993 1.0000000000
51673  -38.268  -4.318  50.087 0.8888890147
49592  -40.388  -6.534  49.160 0.7777780294
49593  -41.088  -7.215  48.655 0.5555559993
121150  -42.008  -7.216  47.917 0.3333329856
48563  -41.796  -7.533  47.616 0.2222220004
52681  -38.245  -4.034  49.819 1.0000000000
51681  -38.687  -3.836  49.674 0.8888890147
51674  -38.920  -4.435  49.958 0.8888890147
52688  -39.592  -3.214  49.116 0.8888890147
50699  -40.492  -4.904  48.967 0.8888890147
51683  -40.012  -3.928  49.194 0.8888890147
50691  -41.019  -6.106  48.641 0.7777780294
49610  -41.919  -6.180  48.180 0.6666669846
48584  -42.352  -7.039  47.430 0.2222220004
49621  -42.274  -6.722  47.848 0.5555559993
48583  -42.108  -7.360  46.927 0.2222220004
49637  -42.801  -6.636  46.737 0.4444440007
49636  -42.380  -6.907  46.272 0.1111110002
49655  -42.847  -6.519  45.843 0.2222220004
49654  -42.026  -6.667  45.569 0.1111110002
52693  -38.255  -3.770  49.498 0.8888890147
52686  -38.731  -3.517  49.433 1.0000000000
52687  -39.049  -3.290  49.321 1.0000000000
51690  -40.805  -4.230  48.679 0.8888890147
113577  -41.345  -5.264  48.439 0.7777780294
50700  -42.149  -5.494  47.934 0.7777780294
121505  -42.463  -6.170  47.759 0.6666669846
50706  -42.934  -5.684  47.426 0.7777780294
104539  -42.743  -6.430  47.355 0.4444440007
49638  -43.355  -6.054  46.898 0.6666669846
49656  -43.446  -6.106  46.197 0.5555559993
50712  -43.819  -5.546  46.422 0.5555559993
50734  -41.928  -5.784  44.491 0.2222220004
49673  -42.454  -6.207  45.051 0.3333329856
53568  -39.375  -2.863  48.954 1.0000000000
53575  -39.927  -2.456  48.754 1.0000000000
52695  -40.323  -3.255  48.837 1.0000000000
53576  -40.727  -2.575  48.475 1.0000000000
52696  -41.156  -3.557  48.368 0.8888890147
52703  -41.567  -2.958  47.965 1.0000000000
122360  -42.688  -4.231  47.450 0.8888890147
105862  -42.442  -3.429  47.462 0.8888890147
51697  -43.246  -4.886  47.269 0.8888890147
51698  -43.925  -4.812  46.673 0.6666669846
50721  -43.306  -5.991  45.350 0.4444440007
50722  -43.925  -5.563  45.709 0.5555559993
50735  -42.820  -5.585  44.500 0.3333329856
50736  -43.799  -5.486  44.911 0.5555559993
53574  -39.549  -2.445  48.722 1.0000000000
54489  -40.446  -1.783  48.286 1.0000000000
53586  -42.101  -2.440  47.563 1.0000000000
53587  -43.042  -2.981  46.971 1.0000000000
52710  -43.949  -3.837  46.575 0.8888890147
51709  -44.356  -5.039  45.973 0.6666669846
51710  -44.680  -4.333  45.463 0.7777780294
51717  -44.140  -4.989  44.620 0.5555559993
115015  -41.221  -1.971  48.040 1.0000000000
54510  -41.760  -1.434  47.621 1.0000000000
113386  -42.493  -1.986  47.203 1.0000000000
53600  -43.155  -2.088  46.725 1.0000000000
51703  -44.438  -4.410  46.150 0.7777780294
51729  -44.036  -4.470  43.992 0.6666669846
55501  -41.967  0.053  47.078 1.0000000000
56460  -41.833  0.660  46.553 1.0000000000
53602  -44.474  -2.834  46.016 1.0000000000
54534  -43.239  -1.360  46.565 1.0000000000
52719  -45.009  -3.541  45.243 0.7777780294
52726  -44.931  -3.775  44.822 0.6666669846
52711  -44.630  -3.637  45.968 0.7777780294
52739  -44.212  -3.859  43.551 0.6666669846
52740  -44.711  -3.802  44.168 0.6666669846
56461  -42.387  0.564  46.539 0.8888890147
55502  -42.836  -0.410  46.657 1.0000000000
54554  -44.701  -2.224  45.705 0.8888890147
54553  -43.849  -1.114  46.026 1.0000000000
55519  -44.327  -0.362  45.545 1.0000000000
52727  -45.311  -3.157  44.731 0.7777780294
54555  -45.329  -1.946  45.209 0.8888890147
55520  -45.112  -1.142  45.194 0.8888890147
53634  -45.609  -2.468  44.657 0.7777780294
52758  -44.582  -3.363  43.494 0.5555559993
52757  -43.927  -3.277  42.817 0.5555559993
53668  -44.748  -2.670  42.850 0.5555559993
53694  -45.777  -2.310  40.262 0.2222220004
121421  -47.431  -2.874  39.639 0.3333329856
53706  -46.688  -2.941  39.593 0.2222220004
52791  -46.637  -3.614  39.168 0.3333329856
56467  -42.226  1.250  46.084 1.0000000000
56468  -42.771  1.013  46.166 1.0000000000
56469  -43.548  0.845  45.790 1.0000000000
55518  -43.312  0.148  46.221 1.0000000000
56475  -44.439  0.557  45.143 1.0000000000
54569  -45.718  -1.542  44.631 1.0000000000
55534  -45.152  -0.472  44.871 1.0000000000
53652  -45.130  -3.061  43.842 0.6666669846
53653  -45.592  -2.686  44.186 0.6666669846
53654  -45.956  -2.005  43.711 0.6666669846
54582  -46.119  -1.546  43.905 0.7777780294
57348  -47.473  0.957  41.723 0.8888890147
57355  -47.271  1.854  41.705 0.8888890147
111526  -45.527  -2.345  43.392 0.6666669846
54605  -47.579  -1.005  41.009 0.5555559993
56495  -47.868  0.293  41.418 0.6666669846
57356  -48.076  1.253  41.055 0.7777780294
53692  -43.902  -2.464  41.284 0.1111110002
53679  -44.046  -2.646  42.108 0.4444440007
53669  -45.328  -1.975  42.388 0.4444440007
55575  -48.169  -0.407  40.969 0.4444440007
53693  -44.691  -2.194  40.773 0.2222220004
54618  -47.218  -1.679  40.650 0.3333329856
56496  -48.606  0.376  40.751 0.6666669846
57357  -48.988  1.238  40.215 0.8888890147
53695  -46.852  -2.309  40.192 0.3333329856
53696  -47.787  -2.368  40.016 0.3333329856
54620  -49.031  -1.637  39.973 0.3333329856
55589  -49.019  -0.369  40.424 0.5555559993
53697  -48.640  -2.348  39.735 0.3333329856
53708  -48.892  -2.842  39.213 0.2222220004
57322  -42.793  1.746  45.791 1.0000000000
57323  -43.674  1.601  45.387 1.0000000000
56476  -45.204  0.376  44.436 1.0000000000
55546  -45.846  -0.660  44.198 0.8888890147
56490  -47.284  0.299  42.032 0.7777780294
57347  -46.941  1.156  42.241 0.8888890147
54583  -46.155  -1.345  43.218 0.6666669846
55560  -46.519  -0.809  42.742 0.6666669846
55561  -46.921  -0.294  42.319 0.5555559993
54594  -46.332  -1.189  42.421 0.6666669846
55573  -46.861  -0.789  41.904 0.5555559993
55574  -47.458  -0.362  41.612 0.5555559993
110103  -47.836  2.151  40.985 0.8888890147
53680  -44.632  -2.235  41.805 0.2222220004
54604  -46.688  -1.221  41.470 0.4444440007
57364  -48.570  2.091  40.307 0.8888890147
53681  -45.366  -1.836  41.309 0.3333329856
53682  -46.253  -1.684  40.921 0.3333329856
56503  -49.366  0.444  40.030 0.7777780294
58287  -48.751  2.832  39.466 0.8888890147
112179  -49.257  -0.971  40.083 0.5555559993
54634  -49.278  -2.129  39.421 0.3333329856
52793  -48.351  -3.524  38.871 0.2222220004
53709  -49.350  -2.497  39.014 0.2222220004
52811  -48.639  -3.422  38.288 0.2222220004
58247  -42.688  2.142  45.189 1.0000000000
57331  -43.154  2.290  45.249 1.0000000000
119126  -43.866  2.103  44.993 1.0000000000
57333  -45.226  1.260  44.084 1.0000000000
56489  -46.741  0.483  42.616 0.8888890147
55547  -46.248  -0.759  43.475 0.7777780294
59275  -46.830  3.458  41.414 1.0000000000
58279  -47.349  2.744  41.233 0.8888890147
59276  -47.556  3.516  40.682 0.8888890147
59282  -48.232  3.601  39.747 0.8888890147
57365  -49.249  1.978  39.330 0.7777780294
59288  -48.201  4.291  39.170 0.8888890147
54621  -49.538  -1.165  39.475 0.5555559993
59298  -48.436  3.324  38.723 0.7777780294
59296  -47.475  3.952  38.358 0.8888890147
55604  -49.763  -0.118  39.068 0.4444440007
57385  -49.081  1.726  38.587 0.6666669846
58302  -48.143  3.249  38.516 0.7777780294
54647  -49.385  -1.488  38.393 0.2222220004
106030  -49.455  0.055  38.645 0.3333329856
56523  -49.178  0.921  38.498 0.4444440007
106571  -47.920  2.248  38.375 0.6666669846
58301  -47.428  3.031  38.352 0.7777780294
54663  -49.163  -2.019  37.850 0.2222220004
53715  -49.330  -2.307  38.476 0.2222220004
55636  -49.037  -1.177  37.930 0.3333329856
58257  -43.592  2.587  44.614 1.0000000000
59238  -43.355  3.076  44.081 1.0000000000
58265  -44.312  2.888  43.945 1.0000000000
58258  -44.506  2.105  44.418 1.0000000000
59254  -44.659  3.468  43.314 1.0000000000
118907  -45.169  2.753  43.411 1.0000000000
58271  -45.549  3.059  42.860 1.0000000000
57339  -45.838  1.302  43.441 0.8888890147
58267  -45.900  2.182  43.077 1.0000000000
58272  -46.178  2.665  42.508 1.0000000000
59266  -45.169  3.876  42.691 1.0000000000
56482  -46.278  0.655  43.131 0.8888890147
57340  -46.382  1.301  42.844 0.8888890147
103189  -46.586  1.989  42.430 0.8888890147
59267  -46.068  3.467  42.159 1.0000000000
111362  -46.492  -0.119  43.010 0.7777780294
60238  -47.099  4.096  40.871 1.0000000000
61217  -46.155  5.335  41.051 1.0000000000
61228  -47.656  5.035  39.442 0.8888890147
61238  -47.217  5.871  38.917 1.0000000000
60262  -48.178  4.097  38.722 0.8888890147
60274  -47.714  4.629  38.569 1.0000000000
61252  -46.456  5.813  38.312 1.0000000000
60273  -47.058  4.879  38.280 1.0000000000
61265  -45.719  6.698  37.885 1.0000000000
55621  -48.882  -0.174  38.221 0.3333329856
56522  -48.414  0.718  38.304 0.5555559993
106999  -46.709  2.280  38.334 0.6666669846
59295  -46.289  4.114  38.155 0.8888890147
116400  -46.001  4.953  38.070 1.0000000000
61251  -45.502  5.706  37.940 1.0000000000
57382  -45.876  1.443  38.429 0.6666669846
110906  -46.426  3.192  38.281 0.6666669846
115408  -45.061  4.838  37.996 1.0000000000
60281  -44.549  5.169  37.643 1.0000000000
54662  -48.533  -1.774  37.463 0.2222220004
55635  -48.223  -0.983  37.743 0.2222220004
59293  -44.376  3.496  38.072 0.8888890147
54661  -47.532  -1.524  37.103 0.2222220004
113194  -47.359  -0.867  37.663 0.2222220004
59252  -43.308  3.496  43.525 1.0000000000
59253  -43.813  3.602  43.598 1.0000000000
60205  -43.603  4.021  43.252 1.0000000000
59265  -44.217  4.293  43.110 1.0000000000
60236  -45.449  4.945  41.845 1.0000000000
60237  -46.347  4.353  41.468 1.0000000000
61216  -45.115  5.703  41.526 1.0000000000
60251  -47.052  4.870  40.524 1.0000000000
61226  -45.775  6.144  40.711 1.0000000000
62266  -46.215  6.596  39.950 1.0000000000
62278  -46.571  6.537  39.177 1.0000000000
111441  -45.856  7.314  38.554 1.0000000000
115531  -46.083  6.684  38.295 1.0000000000
61264  -44.889  6.299  37.296 1.0000000000
109758  -47.960  1.350  38.335 0.6666669846
56521  -47.346  0.549  38.265 0.3333329856
57383  -47.011  1.396  38.331 0.6666669846
59305  -44.417  4.293  37.867 1.0000000000
60280  -43.852  4.556  37.364 1.0000000000
56520  -46.237  0.534  38.323 0.3333329856
58299  -44.306  2.522  38.312 0.5555559993
55619  -46.649  -0.363  37.959 0.2222220004
55618  -45.571  -0.178  38.087 0.4444440007
56519  -45.183  0.629  38.394 0.4444440007
113228  -43.439  2.194  38.022 0.5555559993
58308  -43.487  3.062  37.778 0.6666669846
55634  -46.637  -1.099  37.327 0.2222220004
55632  -44.666  -0.100  38.115 0.4444440007
56531  -43.762  0.024  38.047 0.4444440007
57393  -42.980  1.448  37.858 0.5555559993
58307  -42.849  2.355  37.481 0.6666669846
56530  -42.950  0.431  37.861 0.2222220004
105910  -42.440  0.909  37.495 0.3333329856
55647  -43.664  -1.225  36.799 0.2222220004
60204  -43.426  4.003  43.070 1.0000000000
60221  -43.751  4.536  42.851 1.0000000000
113800  -44.118  4.903  42.701 1.0000000000
61201  -44.491  5.275  42.171 1.0000000000
61200  -43.817  5.227  42.283 1.0000000000
62253  -44.736  6.411  41.164 1.0000000000
62265  -45.368  6.881  40.390 1.0000000000
63202  -45.419  7.844  39.163 1.0000000000
63214  -45.146  8.308  38.423 1.0000000000
64140  -44.840  8.938  37.600 0.8888890147
63242  -44.807  9.275  36.651 1.0000000000
62298  -45.095  7.612  37.019 1.0000000000
62316  -44.688  8.568  35.922 1.0000000000
61276  -44.436  7.100  35.975 1.0000000000
118408  -43.859  5.928  35.867 1.0000000000
60303  -43.490  5.677  35.236 1.0000000000
60302  -43.147  4.890  35.161 1.0000000000
59303  -42.807  3.187  36.982 0.8888890147
59316  -42.894  3.973  36.249 1.0000000000
57392  -42.346  1.689  37.167 0.6666669846
58315  -42.378  2.529  36.663 0.6666669846
55630  -42.271  -0.013  37.332 0.3333329856
116484  -42.539  3.269  36.173 0.8888890147
58328  -42.194  2.842  35.690 1.0000000000
55646  -42.628  -0.951  36.943 0.2222220004
55645  -41.927  -0.545  36.779 0.2222220004
57391  -41.918  0.946  36.948 0.4444440007
57408  -41.333  1.337  35.669 0.5555559993
57399  -41.829  1.832  36.295 0.5555559993
59328  -42.271  3.277  34.569 0.7777780294
54678  -42.021  -1.144  36.358 0.2222220004
55659  -41.365  -0.533  36.300 0.2222220004
56547  -41.135  0.384  36.030 0.3333329856
54695  -41.319  -1.242  35.690 0.2222220004
60235  -43.461  5.335  41.856 1.0000000000
61215  -44.151  5.898  41.834 1.0000000000
62252  -43.833  6.413  41.319 1.0000000000
62264  -44.403  7.061  40.655 1.0000000000
63190  -45.049  7.651  39.963 1.0000000000
63212  -43.844  8.910  38.381 0.8888890147
64139  -44.412  9.272  37.527 0.8888890147
64150  -44.325  9.614  36.667 0.8888890147
64163  -44.024  9.658  35.653 0.8888890147
62315  -43.976  8.471  34.819 1.0000000000
61285  -43.549  7.028  34.706 1.0000000000
60310  -42.827  5.301  33.818 1.0000000000
59339  -42.631  4.515  33.674 1.0000000000
59329  -42.642  3.956  35.097 1.0000000000
57418  -41.255  1.850  34.775 0.6666669846
58339  -41.847  2.729  34.256 0.7777780294
56546  -40.730  0.711  35.146 0.5555559993
57417  -40.828  1.526  34.189 0.6666669846
118568  -41.432  2.324  33.998 0.7777780294
57427  -40.521  1.250  33.448 0.5555559993
108104  -43.674  8.996  34.527 1.0000000000
61284  -43.073  6.099  34.192 0.8888890147
60317  -42.330  6.017  33.106 0.8888890147
59347  -42.441  4.799  33.033 0.8888890147
58338  -41.341  2.376  33.354 0.7777780294
115033  -40.891  1.908  32.822 0.6666669846
56569  -40.227  0.886  32.613 0.5555559993
119151  -42.319  3.905  33.225 1.0000000000
58348  -42.063  3.406  33.137 1.0000000000
58356  -41.691  2.900  32.661 0.8888890147
57440  -40.775  1.802  31.381 0.7777780294
56579  -40.214  0.989  31.673 0.7777780294
58357  -42.132  3.988  32.827 1.0000000000
58363  -42.133  3.709  32.443 0.8888890147
58369  -41.287  2.431  31.180 0.7777780294
120345  -41.851  3.179  31.734 1.0000000000
58380  -41.256  2.259  30.319 0.7777780294
59358  -42.359  4.259  31.882 0.7777780294
58370  -41.819  3.073  31.084 0.7777780294
59368  -42.300  3.734  31.092 0.8888890147
58381  -41.881  2.819  30.043 0.8888890147
118147  -42.431  3.397  30.266 0.8888890147
60328  -42.678  5.209  32.335 0.7777780294
59359  -42.653  4.726  31.838 0.7777780294
59369  -42.885  5.132  31.890 0.6666669846
113698  -42.734  4.166  30.944 0.7777780294
60356  -43.874  4.649  30.756 0.6666669846
59381  -43.372  4.324  30.678 0.7777780294
59382  -44.095  3.978  29.966 0.6666669846
59383  -44.876  3.808  29.635 0.4444440007
60359  -46.236  4.004  30.171 0.2222220004
109598  -46.709  4.544  30.862 0.2222220004
59385  -47.254  3.868  30.140 0.3333329856
59370  -48.231  3.865  30.536 0.3333329856
59400  -48.168  3.156  29.080 0.3333329856
60329  -43.010  5.927  32.301 0.6666669846
122314  -43.048  6.646  32.378 0.6666669846
61325  -43.183  6.971  32.196 0.5555559993
60341  -43.468  5.689  31.681 0.6666669846
61326  -44.339  6.521  31.627 0.5555559993
60342  -44.054  5.483  31.285 0.6666669846
60343  -44.853  5.068  30.962 0.4444440007
61327  -45.219  5.922  31.489 0.4444440007
60357  -44.513  4.402  30.415 0.4444440007
106149  -45.762  4.744  30.844 0.3333329856
60344  -46.148  5.483  31.538 0.3333329856
60330  -47.112  5.181  31.741 0.3333329856
60346  -48.613  4.409  31.503 0.3333329856
59386  -48.812  3.405  29.834 0.4444440007
58401  -48.959  2.843  29.003 0.3333329856
115056  -42.724  7.025  32.317 0.6666669846
112092  -43.039  7.676  31.974 0.6666669846
61311  -44.783  7.429  31.847 0.5555559993
61312  -45.677  6.926  32.072 0.5555559993
61313  -46.633  6.388  32.322 0.4444440007
61314  -47.631  5.974  32.542 0.4444440007
104532  -49.017  5.221  32.443 0.4444440007
60331  -48.067  5.084  32.035 0.4444440007
59371  -49.150  3.796  30.898 0.4444440007
63289  -43.606  8.171  31.339 0.6666669846
63290  -44.379  8.319  31.410 0.5555559993
62347  -44.894  8.236  31.778 0.5555559993
62348  -45.397  8.116  32.216 0.5555559993
62349  -46.355  8.038  32.596 0.5555559993
63293  -47.226  9.002  31.881 0.4444440007
62338  -48.039  7.742  33.176 0.5555559993
61302  -48.299  6.794  33.101 0.4444440007
60347  -49.683  4.464  31.948 0.3333329856
59387  -49.679  3.374  30.284 0.4444440007
58384  -50.224  2.951  29.814 0.4444440007
58402  -49.858  2.530  28.910 0.4444440007
63273  -48.916  7.658  32.860 0.4444440007
62340  -50.543  6.280  32.593 0.4444440007
109538  -50.793  2.496  29.319 0.3333329856
102866  -51.295  2.153  28.850 0.3333329856
56641  -52.966  0.462  26.567 0.2222220004
55781  -54.581  -0.028  24.292 0.2222220004
55795  -55.590  -0.223  23.483 0.2222220004
55807  -56.248  -0.972  22.904 0.2222220004
60334  -51.715  4.746  32.196 0.3333329856
59361  -51.386  4.042  31.916 0.3333329856
59362  -52.197  4.084  31.764 0.3333329856
59360  -50.592  4.160  31.950 0.2222220004
59374  -51.801  3.397  31.256 0.3333329856
58372  -52.364  2.767  30.462 0.3333329856
58371  -51.158  2.949  30.332 0.3333329856
58385  -51.684  2.418  29.540 0.3333329856
105061  -52.184  1.469  28.165 0.2222220004
58403  -51.989  1.954  28.828 0.2222220004
115028  -52.484  0.615  27.001 0.2222220004
57483  -53.016  1.343  28.069 0.2222220004
56642  -54.358  0.727  26.550 0.2222220004
56668  -54.614  0.573  25.760 0.2222220004
56669  -55.377  0.909  25.391 0.2222220004
56677  -54.973  0.427  24.939 0.2222220004
56685  -55.418  0.276  24.154 0.2222220004
56678  -55.746  0.683  24.453 0.2222220004
56686  -56.257  0.224  23.660 0.2222220004
61305  -50.972  5.803  32.572 0.3333329856
59375  -52.763  3.505  31.269 0.2222220004
112868  -53.124  2.496  30.090 0.2222220004
58386  -52.557  2.250  29.511 0.2222220004
57463  -53.612  1.745  28.681 0.2222220004
57484  -53.842  1.335  27.940 0.2222220004
56616  -54.830  1.188  27.041 0.2222220004
56643  -55.104  1.043  26.263 0.2222220004
56679  -56.552  0.725  23.850 0.2222220004
56687  -57.245  0.047  23.237 0.2222220004
55796  -56.982  -0.582  23.135 0.2222220004
61316  -51.985  5.608  31.604 0.3333329856
61317  -52.494  5.220  31.560 0.1111110002
59363  -52.967  4.278  31.563 0.2222220004
61331  -52.574  5.582  31.066 0.2222220004
60348  -53.512  4.626  31.207 0.2222220004
59376  -53.605  3.866  31.199 0.2222220004
58387  -53.884  2.675  30.083 0.2222220004
58388  -54.730  3.055  29.869 0.2222220004
58404  -54.201  2.290  29.288 0.2222220004
57464  -54.442  1.844  28.509 0.2222220004
57485  -54.602  1.466  27.745 0.2222220004
57486  -55.241  1.670  27.491 0.2222220004
58424  -55.990  2.393  27.586 0.2222220004
57502  -55.544  1.582  26.833 0.2222220004
57515  -55.845  1.533  25.848 0.3333329856
57528  -56.003  1.198  24.765 0.2222220004
59388  -55.111  3.932  30.123 0.2222220004
58389  -55.369  3.435  29.595 0.3333329856
58405  -55.143  2.592  29.059 0.2222220004
58406  -55.917  3.526  29.038 0.3333329856
121649  -55.748  2.722  28.454 0.2222220004
57465  -55.197  2.050  28.166 0.2222220004
57503  -56.155  2.079  26.633 0.2222220004
57516  -56.565  2.390  25.818 0.3333329856
117642  -56.302  1.738  25.042 0.2222220004
57543  -57.332  0.743  23.390 0.2222220004
57530  -57.303  1.612  23.675 0.2222220004
56688  -57.788  0.140  22.883 0.2222220004
56694  -57.881  0.178  22.501 0.2222220004
57582  -57.114  0.536  21.183 0.2222220004
57594  -56.588  1.679  20.416 0.2222220004
60364  -55.080  4.730  29.675 0.2222220004
60379  -55.452  5.197  28.481 0.2222220004
59389  -55.600  4.226  29.505 0.3333329856
60380  -56.162  5.076  28.457 0.2222220004
59404  -56.360  4.241  28.640 0.3333329856
58407  -56.358  3.411  28.294 0.3333329856
61409  -56.885  5.668  26.939 0.2222220004
59415  -56.761  4.466  27.954 0.3333329856
58425  -56.687  3.412  27.654 0.3333329856
60416  -57.148  5.174  27.155 0.3333329856
59431  -57.145  4.051  27.236 0.3333329856
59453  -57.528  4.164  25.671 0.3333329856
58449  -57.184  2.992  25.262 0.3333329856
58478  -56.802  2.140  24.637 0.3333329856
57544  -57.926  0.942  22.895 0.2222220004
58504  -57.785  2.103  23.255 0.3333329856
106180  -58.187  1.781  22.501 0.3333329856
116002  -58.150  2.867  22.918 0.3333329856
56698  -57.996  0.428  22.174 0.2222220004
58515  -58.345  1.812  21.980 0.2222220004
58516  -58.425  2.538  22.140 0.3333329856
57571  -57.833  0.379  21.876 0.2222220004
57572  -58.154  1.257  21.828 0.2222220004
57583  -57.567  1.372  21.280 0.2222220004
58537  -57.587  2.263  20.730 0.2222220004
58548  -57.971  3.024  20.254 0.2222220004
59538  -57.363  3.643  18.271 0.2222220004
108573  -58.096  3.873  19.099 0.2222220004
59539  -58.225  4.261  18.509 0.2222220004
112512  -58.030  5.096  16.003 0.2222220004
61410  -57.055  5.766  26.572 0.3333329856
60417  -57.406  5.294  26.335 0.3333329856
58450  -57.489  3.390  24.729 0.3333329856
58479  -57.323  2.568  24.170 0.3333329856
112644  -57.703  3.129  23.839 0.3333329856
58528  -58.388  2.585  21.630 0.3333329856
59508  -58.523  3.187  21.674 0.3333329856
58539  -58.334  2.790  21.222 0.3333329856
59518  -58.466  3.206  21.143 0.3333329856
59529  -58.355  3.633  19.822 0.2222220004
107722  -58.557  3.690  20.641 0.3333329856
59540  -58.568  4.150  19.362 0.2222220004
59530  -58.662  3.892  20.061 0.3333329856
60490  -58.770  4.645  18.778 0.2222220004
60498  -58.517  4.787  17.756 0.2222220004
103816  -58.916  5.429  17.449 0.2222220004
116269  -58.959  6.330  13.636 0.2222220004
61515  -58.625  5.830  14.520 0.2222220004
59477  -57.715  4.120  24.613 0.3333329856
120488  -58.210  3.625  23.072 0.3333329856
109095  -58.633  3.821  21.142 0.3333329856
61487  -59.081  5.186  19.033 0.2222220004
62497  -59.308  7.144  16.799 0.2222220004
102320  -59.052  5.234  18.233 0.2222220004
62511  -59.227  7.493  15.633 0.2222220004
114755  -58.901  6.408  15.985 0.2222220004
61505  -58.462  5.652  15.763 0.2222220004
62510  -58.922  6.794  14.649 0.2222220004
121810  -58.636  6.178  15.230 0.2222220004
60443  -57.943  5.735  24.411 0.3333329856
59491  -57.960  3.818  23.665 0.3333329856
112595  -58.416  4.775  22.551 0.3333329856
61452  -58.676  5.068  21.473 0.3333329856
62469  -56.724  7.612  20.982 0.2222220004
63430  -57.285  8.093  20.773 0.2222220004
63431  -57.723  8.597  20.099 0.2222220004
117704  -58.892  5.296  20.523 0.3333329856
63436  -57.947  8.733  18.919 0.2222220004
64311  -58.527  8.887  18.665 0.2222220004
61483  -58.983  5.134  19.799 0.2222220004
62491  -59.329  6.668  17.721 0.2222220004
64321  -59.112  9.425  17.183 0.2222220004
65110  -59.013  9.985  16.501 0.2222220004
61428  -57.784  6.525  24.084 0.2222220004
62426  -58.224  6.677  23.280 0.2222220004
61435  -58.185  5.840  23.560 0.3333329856
112618  -57.898  4.787  24.332 0.3333329856
61442  -58.317  6.105  22.667 0.3333329856
60448  -58.167  4.573  23.437 0.3333329856
109648  -58.341  6.678  21.907 0.3333329856
61469  -58.738  6.307  20.980 0.4444440007
63425  -57.802  8.375  20.974 0.3333329856
63433  -58.920  8.113  19.417 0.2222220004
62474  -59.037  7.237  19.776 0.2222220004
111197  -58.993  6.158  20.145 0.2222220004
64302  -58.020  8.809  20.350 0.3333329856
63437  -58.503  8.679  19.313 0.2222220004
61484  -59.195  6.069  19.370 0.2222220004
63438  -59.068  8.340  18.729 0.2222220004
62482  -59.310  7.239  18.356 0.2222220004
63445  -59.297  8.117  17.705 0.2222220004
62456  -58.298  7.518  21.352 0.3333329856
63432  -58.439  8.479  20.018 0.2222220004
62470  -58.680  7.395  20.538 0.2222220004
48453  -29.265  -7.709  54.561 0.6666669846
57480  -49.095  1.779  27.521 0.3333329856
58421  -49.104  2.355  28.260 0.3333329856
114959  -48.516  2.215  27.831 0.3333329856
58383  -49.504  3.035  29.547 0.4444440007
122738  -50.393  3.308  30.560 0.4444440007
59372  -50.039  3.692  31.196 0.3333329856
60333  -51.054  4.737  32.395 0.4444440007
108861  -50.445  4.872  32.432 0.5555559993
118810  -15.058  -9.056  55.399 0.4444440007
45702  -14.923  -10.426  55.230 0.3333329856
46594  -15.518  -9.493  53.363 0.4444440007
113150  -15.318  -10.904  53.747 0.3333329856
50618  -15.862  -5.154  54.490 0.5555559993
106452  -15.710  -7.939  52.626 0.5555559993
45720  -15.587  -10.056  52.739 0.3333329856
46606  -15.597  -9.288  52.750 0.3333329856
47516  -15.685  -8.694  52.328 0.3333329856
48480  -15.923  -7.990  51.807 0.5555559993
48481  -16.642  -7.420  51.462 0.4444440007
105141  -15.679  -10.791  52.396 0.3333329856
52650  -16.112  -2.093  55.605 0.3333329856
46588  -30.622  -9.788  54.736 0.6666669846
110029  -33.302  -7.811  53.276 0.8888890147
48468  -19.227  -8.062  52.823 0.4444440007
47526  -33.999  -8.087  53.445 0.8888890147
51608  -17.621  -2.563  56.227 0.5555559993
49502  -18.979  -5.802  55.307 0.5555559993
48471  -33.198  -7.467  52.286 0.7777780294
45721  -19.818  -10.566  52.703 0.2222220004
47563  -31.366  -8.465  50.642 0.6666669846
46626  -36.613  -9.646  51.828 0.5555559993
53538  -18.326  -2.321  56.066 0.4444440007
51596  -18.929  -3.676  56.114 0.5555559993
49492  -19.597  -6.383  55.864 0.5555559993
48504  -33.549  -6.911  51.432 0.8888890147
51598  -20.208  -4.395  56.043 0.6666669846
118474  -19.986  -6.069  56.005 0.6666669846
48417  -20.664  -7.470  56.363 0.6666669846
48428  -20.255  -7.812  56.269 0.4444440007
47459  -20.092  -8.331  56.242 0.5555559993
46565  -20.241  -9.759  55.932 0.4444440007
48469  -29.599  -7.876  52.827 0.6666669846
114460  -29.351  -7.791  52.115 0.4444440007
50660  -36.573  -5.458  51.034 1.0000000000
49473  -21.317  -7.224  56.359 0.6666669846
47446  -20.718  -8.595  56.495 0.4444440007
117528  -21.544  -7.648  56.340 0.4444440007
47462  -25.340  -7.837  55.992 0.4444440007
47473  -25.725  -8.074  55.863 0.4444440007
46559  -20.359  -9.034  56.320 0.4444440007
46560  -20.831  -9.129  56.493 0.4444440007
116803  -21.299  -9.000  56.366 0.4444440007
46566  -20.557  -9.692  56.002 0.4444440007
43823  -21.059  -11.919  55.392 0.2222220004
47559  -23.855  -8.942  51.144 0.3333329856
46652  -24.364  -9.491  49.447 0.2222220004
48505  -38.818  -7.045  50.148 0.7777780294
49475  -23.105  -7.161  56.111 0.5555559993
48419  -22.540  -7.771  56.052 0.4444440007
109199  -21.730  -7.985  56.376 0.4444440007
48420  -23.433  -7.491  55.910 0.4444440007
48421  -24.231  -7.527  55.922 0.6666669846
121892  -22.511  -7.943  56.135 0.4444440007
48422  -24.952  -7.274  56.244 0.6666669846
48429  -24.995  -7.605  56.059 0.4444440007
46576  -22.157  -8.812  55.719 0.4444440007
47518  -22.950  -8.992  52.205 0.3333329856
50678  -38.643  -5.094  50.283 0.8888890147
49570  -38.920  -6.076  50.014 0.7777780294
47486  -22.638  -8.849  54.135 0.3333329856
51672  -37.744  -4.520  50.267 0.8888890147
105720  -22.407  -10.820  51.879 0.2222220004
101445  -39.733  -4.603  49.504 0.8888890147
50690  -40.235  -5.526  49.208 0.7777780294
49609  -41.751  -6.925  48.274 0.6666669846
51682  -39.278  -3.801  49.512 0.8888890147
48600  -41.656  -7.159  46.124 0.1111110002
51691  -41.612  -4.560  48.132 0.7777780294
51692  -42.451  -4.816  47.667 0.8888890147
50707  -43.579  -5.481  46.988 0.6666669846
52697  -41.921  -3.930  47.777 0.8888890147
52704  -43.286  -4.048  47.108 0.8888890147
50723  -44.366  -5.053  45.264 0.5555559993
53601  -43.938  -2.941  46.455 1.0000000000
55484  -41.484  -0.588  47.414 1.0000000000
54533  -42.407  -1.025  47.147 1.0000000000
54535  -43.919  -2.116  46.256 1.0000000000
51718  -44.542  -4.463  44.736 0.6666669846
55500  -41.376  0.031  47.029 1.0000000000
53617  -44.899  -3.091  45.603 0.8888890147
53618  -45.279  -2.830  45.184 0.8888890147
51739  -43.564  -4.008  43.233 0.5555559993
52741  -45.160  -3.296  44.421 0.6666669846
107248  -44.693  -1.360  45.537 1.0000000000
105163  -45.933  -2.161  44.196 0.7777780294
53707  -48.181  -3.043  39.438 0.3333329856
57332  -44.512  1.338  44.741 1.0000000000
58278  -46.700  2.684  41.932 0.8888890147
53670  -45.884  -1.669  42.909 0.6666669846
54619  -48.192  -1.723  40.346 0.3333329856
53704  -44.858  -2.565  39.850 0.2222220004
54593  -45.930  -1.484  41.891 0.4444440007
57373  -49.020  2.623  38.799 0.7777780294
56504  -49.717  0.596  39.231 0.5555559993
54635  -49.561  -1.809  38.975 0.3333329856
58256  -42.994  2.637  44.692 1.0000000000
118598  -45.903  0.290  43.688 0.8888890147
60223  -45.599  4.255  42.140 1.0000000000
60252  -47.714  4.285  40.081 0.8888890147
120420  -49.296  2.059  38.810 0.5555559993
59297  -48.067  3.924  38.581 0.8888890147
56511  -49.601  0.786  38.786 0.5555559993
57384  -48.680  1.634  38.457 0.6666669846
55622  -49.308  -0.700  38.387 0.2222220004
58266  -45.223  2.106  43.771 1.0000000000
60222  -44.820  4.615  42.458 1.0000000000
61227  -46.880  5.824  39.870 1.0000000000
61239  -47.622  5.260  38.769 1.0000000000
62287  -46.663  6.256  38.598 1.0000000000
107910  -45.290  3.299  38.256 1.0000000000
57381  -44.745  1.562  38.445 0.5555559993
58300  -45.497  2.388  38.389 0.6666669846
61263  -44.087  5.585  36.890 1.0000000000
115803  -43.821  3.828  37.717 0.8888890147
62277  -45.854  7.198  39.528 1.0000000000
62299  -45.495  7.564  37.795 1.0000000000
59304  -43.287  3.895  37.156 1.0000000000
60294  -43.461  4.853  36.385 1.0000000000
55633  -45.824  -0.855  37.530 0.2222220004
56518  -44.216  0.768  38.317 0.4444440007
57380  -43.799  1.581  38.264 0.4444440007
118815  -45.100  -0.686  37.674 0.3333329856
118005  -43.488  0.869  38.138 0.3333329856
55631  -43.220  -0.535  37.519 0.2222220004
104077  -44.311  -0.870  37.463 0.2222220004
54679  -43.044  -1.438  36.138 0.2222220004
63201  -44.699  8.223  39.281 1.0000000000
56538  -41.597  0.195  36.697 0.2222220004
105090  -41.511  0.944  36.369 0.5555559993
58327  -41.723  2.319  35.235 0.7777780294
112859  -40.744  -0.369  35.655 0.3333329856
63200  -43.887  8.403  39.325 0.8888890147
59338  -42.346  3.665  33.740 1.0000000000
54694  -40.483  -0.994  35.115 0.3333329856
121041  -42.713  7.697  33.697 0.8888890147
61292  -42.520  6.489  33.254 0.8888890147
116531  -41.970  3.106  33.465 1.0000000000
57433  -40.837  1.883  32.157 0.6666669846
58362  -41.452  2.643  31.936 0.8888890147
57445  -40.729  1.690  30.581 0.7777780294
60327  -42.115  4.945  32.059 0.8888890147
61310  -41.946  5.964  31.887 0.7777780294
60358  -45.345  4.180  30.232 0.2222220004
59384  -45.716  3.673  29.492 0.3333329856
60345  -47.663  4.453  31.086 0.3333329856
62363  -43.854  7.862  31.781 0.5555559993
62350  -47.375  7.285  32.929 0.4444440007
60332  -50.000  5.529  32.781 0.5555559993
63281  -45.782  8.589  32.125 0.5555559993
63291  -45.292  8.546  31.525 0.4444440007
63282  -46.758  8.836  32.403 0.4444440007
62337  -47.408  8.371  32.931 0.4444440007
63292  -46.244  8.830  31.708 0.4444440007
63283  -47.674  8.818  32.538 0.4444440007
62339  -48.708  7.366  33.083 0.5555559993
61304  -50.152  6.237  32.851 0.5555559993
58423  -50.638  2.087  28.468 0.3333329856
58422  -49.870  2.014  28.001 0.3333329856
113306  -49.784  6.964  32.663 0.4444440007
63295  -48.788  8.245  31.965 0.4444440007
60323  -50.709  5.506  32.635 0.4444440007
57461  -51.375  1.691  28.257 0.3333329856
56614  -53.228  0.846  27.330 0.2222220004
56615  -54.115  0.939  27.268 0.2222220004
56676  -54.124  0.187  25.211 0.2222220004
60335  -52.385  4.800  31.840 0.2222220004
57462  -52.799  1.766  28.791 0.2222220004
114522  -52.384  0.967  27.546 0.2222220004
57453  -53.363  2.169  29.416 0.2222220004
56667  -53.681  0.365  26.016 0.2222220004
60336  -52.949  4.840  31.501 0.2222220004
58434  -56.676  2.902  26.904 0.3333329856
57529  -56.679  1.342  24.154 0.2222220004
57558  -58.165  0.976  22.298 0.2222220004
58547  -57.010  2.667  19.841 0.2222220004
60365  -55.584  4.977  29.068 0.2222220004
59403  -55.997  4.513  29.007 0.2222220004
60398  -55.946  5.394  27.821 0.1111110002
61392  -56.391  5.456  27.236 0.1111110002
60399  -56.582  5.293  27.605 0.2222220004
59432  -57.393  4.487  26.659 0.3333329856
59452  -57.148  3.477  26.312 0.3333329856
59500  -58.423  3.541  22.454 0.3333329856
121771  -58.047  1.956  21.344 0.2222220004
58527  -58.252  2.165  21.555 0.2222220004
58538  -58.191  2.602  20.992 0.2222220004
58557  -57.580  3.364  19.343 0.2222220004
119577  -58.821  5.737  16.679 0.2222220004
60504  -58.471  5.238  16.783 0.2222220004
60454  -58.587  3.955  21.801 0.3333329856
59517  -58.377  3.309  20.619 0.3333329856
60468  -58.804  4.374  20.411 0.3333329856
60481  -58.800  4.498  19.578 0.2222220004
61488  -59.296  6.107  18.506 0.2222220004
62496  -59.173  6.117  17.106 0.2222220004
61497  -59.209  5.796  17.815 0.2222220004
63453  -59.362  8.397  16.518 0.2222220004
64307  -58.142  8.865  19.669 0.2222220004
64320  -58.797  9.300  17.689 0.2222220004
64326  -59.253  9.509  16.155 0.2222220004
109125  -36.240  -10.830  51.085 0.1111110002
47548  -37.296  -8.543  51.334 0.3333329856
45745  -37.315  -10.265  50.723 0.1111110002
46627  -37.269  -9.629  51.245 0.2222220004
47549  -37.915  -8.279  50.852 0.5555559993
45756  -36.063  -10.867  50.465 0.1111110002
45757  -36.813  -10.613  50.548 0.1111110002
46642  -37.927  -9.886  50.539 0.2222220004
45730  -35.492  -10.367  52.348 0.4444440007
45742  -35.019  -11.066  52.112 0.4444440007
44791  -35.144  -11.215  51.381 0.2222220004
45743  -35.664  -10.913  51.633 0.1111110002
44823  -34.594  -11.238  50.397 0.1111110002
118904  -35.711  -11.082  51.060 0.1111110002
45770  -34.537  -10.945  49.681 0.1111110002
45771  -35.401  -10.902  49.972 0.1111110002
120598  -36.118  -10.785  49.962 0.1111110002
45758  -37.628  -10.388  50.125 0.1111110002
45791  -33.848  -10.791  48.983 0.1111110002
101592  -36.035  -10.577  49.331 0.1111110002
45806  -32.604  -10.752  47.641 0.1111110002
45790  -32.843  -11.011  48.569 0.1111110002
101599  -34.277  -10.431  48.208 0.1111110002
44789  -33.805  -11.570  51.614 0.2222220004
101506  -33.134  -11.541  50.374 0.2222220004
44822  -33.846  -11.294  49.943 0.1111110002
44838  -32.169  -11.441  49.096 0.1111110002
44839  -33.027  -11.315  49.495 0.1111110002
44866  -30.913  -11.450  47.219 0.1111110002
44854  -32.016  -11.277  48.167 0.1111110002
106785  -14.082  -7.442  58.335 0.3333329856
46600  -33.220  -9.574  54.216 0.7777780294
45717  -33.968  -9.909  53.802 0.6666669846
45728  -33.848  -10.969  53.321 0.4444440007
44775  -33.337  -11.543  52.545 0.2222220004
115724  -33.228  -11.664  51.083 0.2222220004
44803  -32.514  -11.706  50.890 0.2222220004
50687  -34.892  -5.529  49.419 0.5555559993
50688  -35.616  -5.122  49.972 0.5555559993
51688  -36.889  -4.678  48.842 0.5555559993
44820  -31.551  -11.676  49.678 0.1111110002
104211  -31.758  -11.723  50.571 0.2222220004
102594  -34.212  -6.123  48.040 0.3333329856
50704  -35.044  -5.809  48.234 0.5555559993
50697  -35.675  -5.305  48.898 0.5555559993
50698  -36.329  -5.112  48.536 0.5555559993
44836  -30.551  -11.703  48.490 0.1111110002
44837  -31.314  -11.606  48.654 0.1111110002
105335  -30.874  -11.651  47.971 0.1111110002
48411  -13.045  -6.718  59.092 0.2222220004
48412  -13.511  -6.915  58.905 0.3333329856
47457  -12.263  -7.334  57.838 0.1111110002
48438  -12.405  -6.902  56.968 0.1111110002
45715  -32.661  -10.643  54.135 0.3333329856
45726  -31.486  -11.497  53.259 0.2222220004
45716  -33.389  -10.538  53.904 0.2222220004
44774  -32.256  -11.665  52.654 0.2222220004
45727  -32.964  -11.271  53.443 0.2222220004
44787  -30.973  -11.739  51.290 0.2222220004
44788  -31.845  -11.762  51.494 0.2222220004
48523  -33.136  -7.062  50.344 0.5555559993
52694  -38.719  -3.211  48.990 0.6666669846
49607  -33.548  -6.253  49.070 0.4444440007
49589  -33.553  -6.363  49.847 0.4444440007
103355  -38.066  -3.664  48.664 0.5555559993
44802  -31.047  -11.791  50.329 0.2222220004
120855  -31.387  -11.750  50.926 0.2222220004
104032  -32.698  -6.815  47.342 0.3333329856
49620  -33.609  -6.309  48.238 0.4444440007
50710  -35.596  -5.965  47.254 0.3333329856
107312  -37.403  -4.640  47.275 0.5555559993
51702  -37.327  -4.656  46.448 0.5555559993
44835  -29.912  -11.719  48.264 0.1111110002
107189  -30.825  -11.751  49.351 0.1111110002
120218  -33.253  -6.559  47.659 0.2222220004
104481  -33.810  -6.431  47.532 0.2222220004
49634  -34.241  -6.664  46.786 0.3333329856
121620  -35.907  -5.989  46.667 0.3333329856
50711  -36.383  -5.647  46.966 0.3333329856
51701  -36.800  -5.209  46.220 0.3333329856
49633  -33.225  -6.801  46.950 0.2222220004
49652  -34.747  -6.838  45.859 0.1111110002
50719  -35.577  -6.275  45.444 0.1111110002
119932  -36.110  -5.665  45.136 0.1111110002
48416  -14.035  -6.556  57.999 0.3333329856
47458  -14.547  -7.063  56.743 0.3333329856
48415  -13.292  -6.242  58.349 0.2222220004
103560  -14.433  -7.828  57.284 0.3333329856
119412  -14.837  -8.313  56.140 0.3333329856
48410  -12.967  -6.105  58.334 0.2222220004
48426  -12.664  -6.249  57.954 0.2222220004
115431  -12.511  -5.785  57.242 0.1111110002
48448  -12.377  -7.539  55.703 0.1111110002
46599  -32.282  -9.814  54.433 0.5555559993
53585  -39.555  -2.077  48.273 0.8888890147
54488  -39.974  -1.804  48.437 0.8888890147
44786  -30.219  -11.538  51.198 0.1111110002
53573  -39.134  -2.608  48.600 0.7777780294
54508  -40.447  -1.235  47.973 0.8888890147
45755  -29.494  -11.263  50.944 0.1111110002
48544  -32.428  -7.274  48.662 0.3333329856
52702  -38.542  -3.045  47.967 0.5555559993
110298  -38.315  -3.466  46.707 0.5555559993
54509  -40.978  -1.142  47.896 0.8888890147
45769  -29.286  -11.335  50.074 0.1111110002
44801  -30.541  -11.692  50.603 0.2222220004
49619  -31.973  -6.873  46.938 0.1111110002
48562  -32.248  -7.031  47.763 0.2222220004
52701  -37.923  -3.914  47.581 0.5555559993
52717  -37.775  -4.012  46.012 0.5555559993
117928  -29.674  -11.622  48.856 0.1111110002
49631  -31.607  -6.902  46.198 0.1111110002
50720  -36.604  -5.130  45.378 0.1111110002
51708  -37.200  -4.549  45.632 0.2222220004
51707  -36.919  -4.381  44.789 0.1111110002
44834  -29.118  -11.546  48.254 0.1111110002
49632  -32.344  -6.953  46.588 0.1111110002
49651  -33.732  -7.027  46.120 0.1111110002
108510  -34.238  -7.076  45.324 0.1111110002
49668  -34.951  -6.639  44.883 0.1111110002
50731  -35.582  -5.792  44.455 0.1111110002
118759  -36.143  -4.530  43.920 0.1111110002
49650  -31.904  -6.957  45.855 0.1111110002
121462  -32.391  -7.083  45.282 0.1111110002
120475  -33.346  -7.155  45.336 0.1111110002
49667  -34.083  -6.923  44.464 0.1111110002
50730  -34.838  -6.240  44.016 0.1111110002
104601  -35.202  -5.569  43.693 0.1111110002
51714  -35.699  -4.894  43.724 0.1111110002
49666  -33.075  -7.086  44.502 0.1111110002
50742  -34.645  -5.769  43.261 0.1111110002
44895  -25.714  -11.926  42.881 0.1111110002
49471  -13.083  -5.474  57.670 0.2222220004
49472  -13.533  -5.584  57.577 0.3333329856
48427  -14.159  -5.822  57.172 0.3333329856
49477  -12.524  -5.022  57.087 0.1111110002
49489  -12.410  -5.998  56.237 0.2222220004
107064  -12.480  -6.795  54.876 0.1111110002
48497  -17.111  -7.804  50.815 0.3333329856
46589  -31.411  -9.908  54.625 0.4444440007
45708  -30.860  -10.535  54.456 0.3333329856
47558  -18.901  -8.776  50.814 0.2222220004
45714  -30.233  -10.954  53.885 0.1111110002
46621  -19.471  -9.382  51.760 0.2222220004
45724  -29.570  -10.788  53.397 0.1111110002
108367  -29.988  -11.215  52.852 0.2222220004
47538  -19.139  -8.731  51.501 0.2222220004
45736  -19.717  -10.147  51.904 0.1111110002
45740  -29.762  -11.229  51.875 0.1111110002
45741  -30.500  -11.527  52.118 0.2222220004
53599  -39.388  -2.073  47.449 0.7777780294
54531  -39.919  -1.496  47.875 0.8888890147
117219  -19.912  -10.932  51.681 0.1111110002
121168  -19.862  -10.715  52.170 0.1111110002
45754  -28.778  -10.909  50.622 0.1111110002
48521  -31.848  -8.105  49.107 0.4444440007
53584  -39.059  -2.405  47.923 0.6666669846
53598  -38.900  -2.708  47.083 0.5555559993
104703  -22.316  -11.709  54.385 0.1111110002
45789  -28.432  -11.124  48.863 0.1111110002
52725  -37.642  -3.768  45.044 0.1111110002
44765  -22.654  -12.520  54.328 0.1111110002
44772  -22.458  -11.447  53.160 0.1111110002
45788  -27.610  -10.756  48.585 0.1111110002
51715  -36.541  -4.191  44.025 0.1111110002
111306  -22.703  -11.787  52.072 0.1111110002
45804  -27.399  -10.891  47.750 0.1111110002
44849  -28.014  -11.388  47.170 0.1111110002
51724  -36.149  -4.231  43.421 0.1111110002
43852  -23.168  -12.528  52.123 0.1111110002
44785  -22.546  -11.189  51.127 0.1111110002
45816  -26.225  -10.696  46.806 0.1111110002
49665  -32.173  -7.019  44.442 0.1111110002
49686  -34.144  -6.423  43.559 0.1111110002
51723  -35.618  -4.417  42.904 0.1111110002
43863  -22.917  -12.141  51.126 0.1111110002
110549  -22.657  -11.399  50.445 0.1111110002
44861  -26.752  -11.147  46.223 0.1111110002
49685  -32.856  -6.899  43.730 0.1111110002
117919  -33.557  -6.801  43.852 0.1111110002
50743  -35.103  -5.044  43.096 0.1111110002
43881  -22.871  -11.775  49.191 0.1111110002
104262  -25.351  -11.073  45.162 0.1111110002
49700  -33.298  -6.267  42.458 0.1111110002
49701  -33.979  -5.987  42.824 0.1111110002
109185  -23.856  -11.539  44.703 0.1111110002
43896  -23.012  -12.257  47.684 0.1111110002
114829  -23.339  -13.126  47.250 0.1111110002
44878  -23.768  -11.921  44.023 0.1111110002
44880  -25.330  -11.363  44.243 0.1111110002
44894  -24.877  -11.936  42.896 0.1111110002
42124  -23.688  -13.866  46.830 0.1111110002
43018  -23.293  -13.061  46.325 0.1111110002
43912  -23.508  -12.551  44.005 0.1111110002
116822  -23.547  -13.720  46.047 0.1111110002
43029  -23.454  -13.449  43.612 0.1111110002
42132  -23.560  -14.355  44.299 0.1111110002
42135  -23.652  -14.295  43.260 0.1111110002
49470  -12.817  -5.480  57.575 0.2222220004
50592  -12.595  -4.596  56.354 0.2222220004
49499  -12.543  -5.506  55.199 0.2222220004
50616  -12.824  -5.008  54.514 0.1111110002
49508  -12.659  -6.147  54.092 0.1111110002
48498  -17.837  -7.751  50.927 0.2222220004
45707  -30.057  -10.260  54.624 0.3333329856
48499  -18.274  -7.760  51.231 0.2222220004
47537  -18.695  -8.160  51.340 0.2222220004
46641  -27.472  -9.954  50.793 0.2222220004
46611  -28.540  -10.334  52.208 0.2222220004
113623  -39.231  -2.305  46.608 0.6666669846
102463  -39.713  -1.676  46.868 0.8888890147
45753  -28.028  -10.512  50.283 0.1111110002
48543  -31.692  -7.797  48.260 0.3333329856
53615  -38.802  -2.813  46.130 0.4444440007
55499  -40.973  -0.234  46.934 0.8888890147
46655  -27.203  -10.104  49.963 0.1111110002
45767  -27.809  -10.637  49.431 0.1111110002
47587  -31.206  -8.308  48.734 0.2222220004
53632  -38.745  -2.784  45.236 0.4444440007
46623  -22.839  -9.450  51.447 0.1111110002
45766  -26.923  -10.238  49.159 0.1111110002
48542  -30.886  -8.102  48.049 0.1111110002
48561  -31.480  -7.387  47.417 0.1111110002
52724  -37.188  -3.708  44.163 0.1111110002
104714  -38.539  -2.782  44.422 0.1111110002
46622  -22.431  -9.970  51.577 0.1111110002
46650  -22.889  -9.910  50.022 0.1111110002
46668  -26.015  -9.863  48.903 0.1111110002
45787  -26.674  -10.402  48.342 0.1111110002
52737  -37.486  -3.268  43.592 0.1111110002
45737  -22.481  -10.414  51.108 0.1111110002
45752  -22.608  -10.537  50.345 0.1111110002
110545  -22.818  -10.492  49.515 0.1111110002
45786  -25.717  -10.157  48.105 0.1111110002
48581  -31.203  -7.047  46.619 0.1111110002
52736  -36.796  -3.650  43.303 0.1111110002
51733  -36.170  -3.846  42.683 0.1111110002
44799  -22.663  -11.123  49.698 0.1111110002
114340  -22.926  -10.534  49.047 0.1111110002
45802  -25.437  -10.363  47.286 0.1111110002
45803  -26.438  -10.551  47.534 0.1111110002
107392  -31.554  -6.928  45.102 0.1111110002
44816  -22.772  -10.944  48.872 0.1111110002
44832  -22.907  -10.963  48.046 0.1111110002
45815  -25.484  -10.606  46.543 0.1111110002
50757  -35.122  -4.624  42.451 0.1111110002
43888  -22.871  -11.586  48.322 0.1111110002
44848  -23.129  -11.052  47.325 0.1111110002
107030  -23.580  -10.836  46.843 0.1111110002
45814  -24.137  -10.631  46.595 0.1111110002
45827  -24.739  -10.713  46.038 0.1111110002
119099  -26.064  -10.808  46.376 0.1111110002
102358  -32.689  -6.677  42.947 0.1111110002
50756  -34.524  -5.240  42.432 0.1111110002
43895  -22.936  -11.456  47.664 0.1111110002
122663  -23.271  -11.235  46.751 0.1111110002
122592  -23.486  -11.204  46.298 0.1111110002
44870  -24.233  -11.101  45.338 0.1111110002
49664  -31.329  -6.793  44.358 0.1111110002
107252  -33.447  -6.522  43.200 0.1111110002
49716  -33.227  -6.051  41.786 0.1111110002
50755  -33.792  -5.705  42.070 0.1111110002
43903  -23.088  -12.295  46.699 0.1111110002
44869  -23.537  -11.494  45.573 0.1111110002
105041  -23.456  -11.957  44.752 0.1111110002
49684  -31.986  -6.894  43.652 0.1111110002
43907  -23.202  -12.228  45.657 0.1111110002
43023  -23.305  -13.102  45.427 0.1111110002
43026  -23.345  -13.313  44.555 0.1111110002
42130  -23.522  -14.005  45.315 0.1111110002
49479  -13.743  -4.715  57.107 0.3333329856
49478  -13.193  -4.644  57.283 0.2222220004
50579  -12.854  -4.737  57.340 0.2222220004
50581  -12.958  -4.148  57.163 0.2222220004
50580  -12.741  -4.356  57.068 0.2222220004
51595  -12.914  -3.828  56.874 0.2222220004
51621  -12.925  -3.726  56.126 0.3333329856
50602  -12.743  -4.493  55.437 0.2222220004
50617  -13.307  -4.494  54.096 0.1111110002
53616  -39.379  -2.147  45.772 0.4444440007
54551  -40.065  -1.355  46.116 0.7777780294
54532  -40.425  -0.992  47.230 0.8888890147
118032  -40.585  -0.740  46.415 0.7777780294
117501  -26.704  -9.693  50.427 0.2222220004
47561  -29.883  -8.264  50.367 0.1111110002
47575  -30.260  -8.408  49.595 0.2222220004
47576  -31.127  -8.497  49.567 0.2222220004
53633  -39.245  -2.318  44.689 0.4444440007
46654  -26.351  -9.741  49.733 0.2222220004
47585  -29.729  -8.318  48.985 0.1111110002
47586  -30.512  -8.381  48.806 0.1111110002
120173  -39.007  -2.471  43.931 0.1111110002
54567  -39.843  -1.950  43.878 0.3333329856
54581  -40.514  -1.268  43.430 0.4444440007
46637  -23.224  -9.404  50.688 0.1111110002
46651  -23.478  -9.608  49.780 0.1111110002
46653  -25.419  -9.524  49.569 0.2222220004
53651  -39.184  -2.380  43.147 0.1111110002
54580  -39.965  -1.822  42.829 0.3333329856
46667  -25.078  -9.717  48.709 0.1111110002
47593  -29.890  -8.172  48.033 0.1111110002
48560  -30.573  -7.681  47.234 0.1111110002
49630  -30.863  -6.767  45.897 0.1111110002
53666  -38.447  -2.603  42.549 0.1111110002
45783  -23.079  -10.573  48.589 0.1111110002
46665  -23.701  -9.788  49.095 0.1111110002
45784  -23.557  -10.177  48.545 0.1111110002
45785  -24.750  -10.114  47.893 0.1111110002
49648  -30.532  -6.613  45.199 0.1111110002
103357  -23.973  -10.203  48.009 0.1111110002
122001  -24.760  -10.312  47.329 0.1111110002
107116  -30.862  -6.670  44.846 0.1111110002
105640  -23.412  -10.606  47.793 0.1111110002
45801  -24.134  -10.407  47.308 0.1111110002
104614  -24.754  -10.461  46.840 0.1111110002
51731  -34.852  -4.529  41.773 0.1111110002
51606  -13.300  -3.567  56.498 0.2222220004
114348  -13.784  -3.310  54.995 0.1111110002
50603  -13.116  -3.905  55.202 0.1111110002
55516  -40.916  -0.235  46.056 0.7777780294
56459  -41.529  0.407  46.385 0.8888890147
48486  -29.457  -8.013  51.249 0.1111110002
55532  -40.916  -0.489  45.032 0.7777780294
56466  -41.657  0.876  45.596 0.7777780294
57313  -41.974  1.189  46.003 0.7777780294
57330  -42.365  2.029  45.038 0.8888890147
118115  -28.843  -7.567  50.896 0.1111110002
48502  -29.218  -7.977  50.282 0.1111110002
54568  -40.526  -1.252  44.424 0.6666669846
122031  -29.637  -8.221  49.701 0.1111110002
55544  -40.942  -0.569  44.079 0.4444440007
56488  -40.496  -0.080  42.255 0.4444440007
52661  -15.155  -2.497  54.598 0.1111110002
52662  -15.840  -2.352  54.321 0.1111110002
49514  -28.978  -7.415  53.897 0.4444440007
49505  -28.600  -7.131  54.334 0.4444440007
49531  -28.983  -7.434  53.283 0.4444440007
49529  -27.896  -6.532  52.905 0.3333329856
122536  -28.149  -6.697  53.433 0.3333329856
48485  -28.849  -7.406  51.663 0.2222220004
49546  -28.381  -6.968  52.163 0.2222220004
56474  -41.598  1.047  44.701 0.7777780294
56481  -41.516  1.048  43.816 0.7777780294
52642  -19.608  -2.956  56.000 0.5555559993
52643  -20.375  -3.377  55.947 0.5555559993
52655  -21.630  -4.331  55.103 0.5555559993
51610  -21.619  -4.561  55.388 0.5555559993
51600  -22.088  -5.044  55.485 0.5555559993
50591  -26.632  -6.289  55.223 0.5555559993
50611  -26.633  -5.868  54.504 0.3333329856
50598  -27.701  -6.559  54.890 0.4444440007
120491  -28.002  -6.874  55.141 0.4444440007
59251  -43.208  3.459  43.368 0.8888890147
50647  -27.245  -6.050  53.460 0.3333329856
50630  -27.769  -6.389  54.375 0.4444440007
119154  -28.157  -6.672  54.166 0.4444440007
58264  -42.787  2.814  43.734 0.8888890147
49528  -26.851  -6.363  52.384 0.2222220004
58263  -42.168  2.202  43.607 0.7777780294
49544  -26.727  -6.668  51.361 0.1111110002
49545  -27.618  -6.727  51.751 0.1111110002
51611  -22.527  -4.866  54.967 0.6666669846
51601  -23.017  -5.287  55.394 0.5555559993
51602  -23.929  -5.487  55.319 0.6666669846
50590  -26.016  -6.253  55.530 0.5555559993
51615  -26.077  -5.725  54.589 0.4444440007
109998  -43.030  3.559  42.726 0.8888890147
58270  -42.489  2.661  42.816 0.7777780294
58269  -41.862  1.975  42.628 0.6666669846
60203  -43.327  4.016  42.737 0.7777780294
60220  -43.562  4.586  42.466 0.8888890147
59274  -42.896  3.815  41.557 0.7777780294
112852  -41.851  2.189  41.077 0.5555559993
58285  -42.377  3.011  40.974 0.6666669846
120031  -40.980  1.828  40.141 0.5555559993
59281  -42.408  4.107  40.686 0.6666669846
107685  -42.858  4.640  41.191 0.7777780294
61214  -43.645  5.816  41.751 0.8888890147
61213  -43.204  6.091  41.156 0.7777780294
59280  -41.734  3.586  40.125 0.6666669846
58292  -41.014  3.192  39.595 0.6666669846
58291  -40.790  2.354  39.599 0.5555559993
56561  -39.953  0.249  33.429 0.4444440007
60250  -42.343  5.057  40.618 0.6666669846
61225  -42.444  5.897  40.571 0.6666669846
62263  -43.510  6.940  40.610 0.8888890147
56560  -39.750  -0.085  32.827 0.4444440007
56568  -39.699  -0.105  32.012 0.4444440007
55683  -39.510  -0.792  32.661 0.4444440007
62262  -42.673  6.683  40.337 0.6666669846
59287  -40.980  4.159  39.598 0.6666669846
58297  -39.664  2.848  38.401 0.4444440007
57390  -38.782  1.889  37.537 0.3333329856
56537  -37.932  1.046  36.716 0.2222220004
56553  -40.205  0.357  34.289 0.4444440007
56578  -39.753  0.226  31.114 0.5555559993
56587  -39.562  0.090  29.711 0.4444440007
118891  -39.425  -0.317  30.488 0.6666669846
60261  -40.958  5.097  39.580 0.6666669846
59286  -40.283  4.604  39.099 0.6666669846
59292  -39.797  3.914  38.571 0.4444440007
113972  -39.044  2.715  37.729 0.3333329856
57398  -38.169  1.948  36.792 0.3333329856
56545  -37.053  1.323  35.549 0.1111110002
56536  -37.428  0.737  36.160 0.1111110002
56597  -39.593  0.132  28.736 0.4444440007
56611  -40.246  0.602  27.390 0.3333329856
58395  -43.052  3.098  29.022 0.5555559993
59395  -43.561  3.522  29.450 0.6666669846
56628  -40.394  0.367  26.578 0.4444440007
57473  -42.745  1.867  27.376 0.4444440007
56655  -40.704  0.106  25.897 0.4444440007
56629  -41.602  0.458  25.888 0.4444440007
56630  -42.352  0.951  26.209 0.4444440007
62276  -43.192  7.568  39.907 0.6666669846
61237  -41.900  6.338  39.961 0.6666669846
60272  -40.416  5.402  39.001 0.6666669846
60271  -39.867  4.836  38.439 0.6666669846
59291  -39.230  3.540  37.841 0.3333329856
58305  -38.462  2.780  37.027 0.3333329856
57397  -37.471  1.920  35.987 0.3333329856
121146  -39.794  0.416  30.449 0.6666669846
118428  -40.174  0.978  30.087 0.6666669846
56598  -40.131  0.867  29.221 0.6666669846
56604  -40.174  0.760  28.287 0.5555559993
57460  -41.344  1.759  28.336 0.4444440007
58394  -41.912  2.380  28.844 0.6666669846
58382  -42.476  2.931  29.363 0.6666669846
57471  -40.774  1.210  27.837 0.4444440007
58414  -42.015  1.958  27.899 0.4444440007
112550  -42.739  2.507  28.355 0.4444440007
59380  -42.928  3.526  29.903 0.7777780294
57492  -40.908  0.940  27.004 0.4444440007
118205  -42.034  1.576  27.204 0.4444440007
105902  -41.042  0.628  26.357 0.4444440007
57493  -41.661  1.104  26.650 0.4444440007
63199  -43.049  8.091  39.113 0.6666669846
62286  -42.202  7.490  38.700 0.6666669846
63211  -43.053  8.576  37.908 0.6666669846
61250  -40.789  6.123  38.715 0.6666669846
59302  -39.057  3.767  37.165 0.4444440007
58306  -38.811  3.313  37.262 0.3333329856
58314  -37.895  2.912  36.167 0.3333329856
56544  -36.572  1.232  34.953 0.1111110002
56588  -40.254  1.029  30.868 0.6666669846
57451  -40.699  1.561  29.713 0.6666669846
61324  -42.096  6.725  31.812 0.5555559993
57459  -40.709  1.409  28.764 0.6666669846
57452  -41.272  2.051  29.329 0.6666669846
61340  -41.927  6.793  30.105 0.4444440007
62362  -42.439  7.260  31.483 0.5555559993
61384  -41.542  6.196  27.991 0.3333329856
61361  -41.473  6.236  29.030 0.3333329856
62398  -42.437  7.383  29.808 0.4444440007
62377  -42.911  7.988  30.854 0.5555559993
60388  -40.443  5.071  27.386 0.3333329856
61383  -40.927  5.707  28.187 0.3333329856
61363  -42.808  7.007  28.508 0.4444440007
60389  -41.140  5.637  27.298 0.3333329856
61385  -42.362  6.402  27.775 0.3333329856
62399  -43.228  7.704  29.330 0.4444440007
110527  -43.552  8.222  30.226 0.5555559993
60406  -41.640  5.329  26.569 0.2222220004
61404  -41.915  5.953  27.116 0.3333329856
118745  -42.373  5.509  26.534 0.3333329856
61405  -42.793  5.953  26.938 0.3333329856
60407  -43.176  5.322  26.285 0.2222220004
61406  -43.762  5.653  26.870 0.3333329856
62296  -41.435  6.845  38.076 0.6666669846
64149  -43.653  9.337  36.563 0.6666669846
61249  -40.244  5.523  38.218 0.6666669846
61262  -41.274  6.498  36.981 0.6666669846
60278  -39.419  4.286  37.827 0.6666669846
64162  -43.375  9.193  35.354 0.7777780294
59301  -38.531  3.392  36.618 0.2222220004
58313  -37.395  2.675  35.439 0.2222220004
60355  -41.326  5.434  30.606 0.5555559993
61323  -41.777  6.071  31.768 0.6666669846
61338  -41.058  5.598  29.272 0.4444440007
61339  -41.592  6.128  30.290 0.4444440007
62361  -41.946  6.618  31.252 0.5555559993
63300  -45.789  8.604  30.803 0.3333329856
62400  -44.221  7.711  29.243 0.4444440007
121355  -44.826  7.979  29.747 0.4444440007
61386  -43.307  6.312  27.622 0.3333329856
61364  -43.797  6.873  28.361 0.4444440007
61387  -44.328  6.032  27.523 0.3333329856
63224  -42.710  8.417  36.607 0.6666669846
122573  -40.723  6.157  37.895 0.6666669846
63223  -41.955  7.370  36.795 0.6666669846
62314  -42.469  8.146  35.206 0.7777780294
60279  -39.735  4.969  37.630 0.6666669846
61261  -40.513  5.691  37.035 0.6666669846
62313  -41.754  7.075  35.905 0.6666669846
63251  -43.368  8.758  34.421 0.7777780294
60292  -39.352  4.331  37.067 0.5555559993
60293  -39.928  4.981  36.554 0.6666669846
62321  -41.886  7.282  34.621 0.6666669846
59315  -38.843  3.758  36.529 0.3333329856
59314  -38.228  3.428  36.007 0.3333329856
59353  -42.280  4.706  32.683 0.7777780294
60340  -41.490  5.392  31.648 0.6666669846
59379  -40.275  3.904  29.935 0.3333329856
60354  -40.701  4.825  29.622 0.3333329856
60373  -40.471  5.035  28.454 0.3333329856
62401  -45.292  7.242  28.902 0.4444440007
62379  -45.596  7.863  29.732 0.4444440007
61366  -45.889  6.283  28.182 0.4444440007
61388  -45.439  5.653  27.410 0.3333329856
61365  -44.847  6.580  28.229 0.4444440007
61407  -44.717  5.347  26.806 0.2222220004
61275  -41.275  6.354  35.804 0.6666669846
60300  -39.482  4.331  36.156 0.6666669846
61283  -41.425  6.441  34.390 0.6666669846
62328  -42.322  7.215  33.460 0.7777780294
59327  -38.971  3.795  35.726 0.5555559993
62327  -41.953  7.146  33.527 0.7777780294
62333  -42.035  6.839  33.050 0.7777780294
59352  -40.274  3.830  32.508 0.5555559993
59346  -42.289  4.279  32.832 0.7777780294
59357  -40.727  4.100  32.018 0.5555559993
60322  -41.985  4.248  32.183 0.6666669846
59367  -40.585  3.922  31.078 0.5555559993
59366  -39.867  3.252  30.384 0.3333329856
103804  -40.971  4.719  30.920 0.5555559993
120028  -39.791  3.300  29.765 0.3333329856
62402  -46.258  6.986  28.892 0.3333329856
62380  -46.513  7.774  29.826 0.3333329856
61367  -47.211  6.770  29.083 0.3333329856
61274  -40.743  5.620  35.583 0.6666669846
60301  -40.263  4.918  35.324 0.6666669846
61282  -40.979  5.738  34.147 0.6666669846
61290  -41.369  5.881  33.235 0.7777780294
60316  -41.660  5.805  32.910 0.7777780294
60308  -39.772  4.330  35.206 0.6666669846
59337  -39.549  3.876  34.570 0.6666669846
60309  -40.578  4.860  34.129 0.6666669846
60315  -41.047  5.350  33.183 0.6666669846
102529  -40.571  4.278  32.945 0.6666669846
59345  -40.910  4.953  33.019 0.6666669846
111175  -41.459  4.853  32.451 0.6666669846
60339  -41.208  4.837  31.621 0.5555559993
63294  -48.144  8.778  31.956 0.3333329856
62382  -48.261  7.554  30.299 0.3333329856
62381  -47.472  7.639  29.999 0.3333329856
62365  -48.664  8.077  31.185 0.3333329856
53551  -17.652  -2.171  55.075 0.1111110002
53543  -16.398  -1.879  55.458 0.1111110002
53549  -16.177  -1.876  54.944 0.1111110002
52634  -19.241  -3.275  56.099 0.5555559993
52635  -19.901  -3.666  56.011 0.5555559993
102908  -19.962  -3.060  55.563 0.2222220004
49485  -25.679  -6.852  56.181 0.6666669846
50588  -23.385  -5.750  55.854 0.5555559993
49484  -24.695  -6.650  56.091 0.5555559993
50589  -24.332  -5.939  55.801 0.6666669846
121436  -17.416  -7.403  51.251 0.3333329856
45713  -29.475  -10.438  54.155 0.2222220004
44776  -34.239  -11.292  52.415 0.3333329856
53544  -17.383  -1.964  55.749 0.2222220004
48459  -29.682  -7.914  53.743 0.5555559993
49548  -34.270  -6.412  51.598 0.7777780294
47547  -36.865  -8.920  51.734 0.4444440007
49504  -28.227  -6.839  54.743 0.4444440007
48522  -32.513  -7.611  49.617 0.5555559993
116645  -27.054  -6.676  55.599 0.5555559993
49590  -34.134  -5.863  49.961 0.4444440007
116854  -21.801  -5.338  55.958 0.5555559993
49483  -23.724  -6.511  56.034 0.5555559993
50673  -35.004  -5.519  50.482 0.6666669846
51679  -37.008  -4.548  49.879 0.6666669846
119537  -22.555  -9.565  52.072 0.1111110002
51689  -37.552  -4.161  49.269 0.5555559993
53567  -39.131  -2.971  49.073 0.7777780294
57321  -42.358  1.676  45.609 0.7777780294
58255  -42.749  2.457  44.563 0.8888890147
115318  -42.970  5.345  41.247 0.7777780294
118184  -43.789  9.273  34.905 0.7777780294
61293  -42.882  7.227  33.665 0.7777780294
62378  -44.149  8.389  30.524 0.5555559993
63299  -44.911  8.455  30.686 0.4444440007
63301  -46.764  8.664  30.928 0.3333329856
45744  -36.788  -10.343  51.243 0.2222220004
45731  -36.178  -10.402  51.767 0.4444440007
59237  -43.019  3.015  44.033 0.8888890147
60234  -43.268  4.522  41.977 0.7777780294
61298  -42.116  6.590  33.183 0.7777780294
62322  -42.610  7.837  33.954 0.7777780294
46628  -37.787  -9.153  50.911 0.3333329856
45772  -36.796  -10.648  49.855 0.1111110002
45759  -38.262  -10.086  50.036 0.2222220004
44790  -34.554  -11.362  51.700 0.3333329856
44805  -34.560  -11.405  51.109 0.2222220004
44806  -35.274  -11.157  50.761 0.1111110002
44804  -33.868  -11.508  50.760 0.2222220004
45792  -34.991  -10.534  48.913 0.1111110002
45807  -33.491  -10.549  47.958 0.1111110002
45808  -34.934  -10.184  47.827 0.1111110002
102936  -32.832  -11.736  51.716 0.2222220004
44821  -32.345  -11.589  50.026 0.2222220004
44853  -31.371  -11.456  47.855 0.1111110002
49608  -34.169  -5.913  48.848 0.3333329856
108909  -36.282  -4.877  49.436 0.5555559993
50705  -36.014  -5.562  47.920 0.4444440007
44766  -32.111  -11.317  53.654 0.2222220004
112939  -31.715  -10.767  54.245 0.4444440007
121995  -31.580  -11.272  53.803 0.3333329856
44773  -31.284  -11.694  52.328 0.2222220004
49606  -32.969  -6.618  48.254 0.4444440007
49588  -33.046  -6.767  49.267 0.3333329856
51696  -36.835  -5.132  47.790 0.4444440007
106962  -37.472  -4.428  48.222 0.5555559993
44819  -30.408  -11.731  49.874 0.1111110002
108226  -34.684  -6.252  47.400 0.3333329856
49635  -35.351  -6.370  46.493 0.1111110002
107498  -36.984  -5.148  46.932 0.4444440007
52709  -37.760  -4.171  46.777 0.5555559993
110935  -30.207  -11.722  49.060 0.1111110002
113247  -36.169  -5.831  46.026 0.2222220004
112646  -32.729  -7.010  46.122 0.1111110002
102380  -31.085  -11.198  53.887 0.3333329856
45725  -30.734  -11.447  53.093 0.2222220004
44800  -29.964  -11.587  50.370 0.1111110002
52718  -38.261  -3.350  45.644 0.5555559993
55483  -40.922  -0.621  47.472 0.8888890147
44818  -29.802  -11.616  49.569 0.1111110002
44817  -29.150  -11.405  49.218 0.1111110002
50732  -36.243  -4.940  44.491 0.1111110002
44833  -28.255  -11.236  47.986 0.1111110002
43918  -25.135  -12.264  42.292 0.1111110002
119944  -19.580  -9.766  51.400 0.1111110002
101576  -29.293  -10.803  52.551 0.1111110002
45739  -29.019  -10.838  51.558 0.1111110002
45738  -28.287  -10.370  51.181 0.1111110002
45768  -28.580  -11.018  49.745 0.1111110002
103881  -23.075  -12.616  53.257 0.1111110002
49649  -31.187  -6.822  45.520 0.1111110002
43874  -22.930  -12.014  50.100 0.1111110002
43889  -23.104  -12.516  48.700 0.1111110002
111261  -24.581  -11.277  44.669 0.1111110002
44879  -24.433  -11.550  44.044 0.1111110002
117861  -23.846  -12.293  43.425 0.1111110002
43913  -24.322  -11.899  43.387 0.1111110002
108500  -23.347  -12.503  44.831 0.1111110002
119721  -38.220  -3.184  44.911 0.2222220004
52738  -37.846  -3.195  44.276 0.1111110002
46636  -22.681  -9.857  50.819 0.1111110002
53650  -38.236  -2.791  43.533 0.1111110002
52754  -37.473  -3.068  42.761 0.1111110002
45765  -23.153  -10.124  49.223 0.1111110002
52753  -36.725  -3.423  42.526 0.1111110002
43902  -23.031  -11.616  47.051 0.1111110002
45813  -23.862  -10.926  46.078 0.1111110002
44859  -23.220  -11.640  46.318 0.1111110002
102488  -39.936  -1.688  45.010 0.6666669846
54552  -40.520  -1.015  45.458 0.7777780294
46666  -24.222  -9.850  48.589 0.1111110002
52769  -36.984  -3.103  41.958 0.1111110002
55517  -41.264  0.216  45.641 0.7777780294
57320  -42.004  1.608  45.403 0.7777780294
55533  -41.287  0.205  44.803 0.7777780294
55558  -40.797  -0.367  43.164 0.4444440007
55545  -41.239  0.293  43.885 0.7777780294
55559  -41.084  0.628  42.923 0.7777780294
49513  -28.383  -6.952  53.724 0.4444440007
49547  -28.914  -7.399  52.531 0.3333329856
49530  -28.418  -7.002  53.061 0.2222220004
49512  -27.899  -6.374  53.785 0.4444440007
49565  -28.245  -7.107  51.026 0.1111110002
57329  -41.934  1.771  44.395 0.7777780294
58254  -42.453  2.261  44.350 0.7777780294
49564  -27.323  -6.902  50.737 0.1111110002
52653  -19.126  -2.552  55.794 0.1111110002
52654  -20.765  -3.691  55.410 0.4444440007
52644  -21.023  -3.967  55.747 0.6666669846
50596  -26.632  -6.013  54.691 0.4444440007
50595  -25.996  -5.927  55.175 0.4444440007
50597  -27.161  -6.399  55.065 0.4444440007
50612  -27.159  -6.157  54.580 0.4444440007
50629  -27.273  -6.024  54.222 0.3333329856
103025  -23.219  -4.949  54.818 0.5555559993
118235  -25.590  -5.863  55.193 0.5555559993
107162  -25.249  -6.139  55.751 0.5555559993
58277  -42.227  2.381  41.834 0.6666669846
108078  -42.774  3.019  41.949 0.7777780294
58284  -41.527  2.481  40.262 0.5555559993
58298  -40.339  2.999  39.038 0.5555559993
57379  -40.154  2.119  38.993 0.4444440007
60249  -41.659  4.620  40.091 0.6666669846
61224  -41.705  5.534  40.050 0.6666669846
61236  -41.181  5.992  39.490 0.6666669846
116817  -40.417  3.803  39.199 0.5555559993
62275  -42.200  7.115  39.621 0.6666669846
58396  -43.679  2.907  28.449 0.3333329856
57472  -41.448  1.450  27.457 0.4444440007
62297  -42.242  7.685  37.693 0.6666669846
61362  -41.967  6.787  28.806 0.3333329856
61291  -41.700  6.478  33.270 0.7777780294
61297  -41.863  6.541  33.190 0.7777780294
60314  -40.537  4.484  33.428 0.6666669846
47578  -39.961  -8.923  49.174 0.3333329856
47579  -40.434  -8.451  48.890 0.4444440007
47588  -40.223  -8.933  48.732 0.3333329856
104240  -40.514  -7.632  49.075 0.4444440007
48545  -41.481  -7.665  48.164 0.3333329856
46670  -40.194  -9.093  48.348 0.2222220004
47595  -40.780  -8.601  48.018 0.3333329856
47594  -40.260  -8.896  47.702 0.2222220004
47604  -40.857  -8.293  47.318 0.2222220004
47596  -41.267  -8.066  47.802 0.2222220004
53667  -39.333  -2.182  42.267 0.2222220004
53677  -38.665  -2.358  41.700 0.2222220004
54592  -40.403  -1.053  42.526 0.2222220004
56494  -40.734  0.725  41.941 0.4444440007
57338  -41.629  1.492  43.280 0.6666669846
57346  -41.291  1.292  42.338 0.5555559993
57354  -41.047  1.261  41.616 0.5555559993
57363  -41.224  1.621  40.885 0.4444440007
57362  -40.560  1.236  40.447 0.3333329856
57372  -40.438  1.598  39.697 0.3333329856
58347  -39.007  3.027  33.443 0.3333329856
59344  -39.680  3.673  33.616 0.3333329856
58355  -39.338  2.910  32.541 0.3333329856
114703  -39.896  3.319  32.019 0.3333329856
59356  -39.937  3.280  31.316 0.3333329856
103586  -46.870  6.113  28.269 0.3333329856
61390  -47.438  5.458  27.694 0.3333329856
60392  -47.955  4.896  27.173 0.2222220004
59448  -49.342  3.309  25.677 0.1111110002
59410  -50.153  3.992  26.983 0.2222220004
59409  -49.288  4.200  26.831 0.2222220004
116408  -49.721  3.665  26.313 0.2222220004
115991  -50.527  3.521  26.397 0.2222220004
59449  -50.146  3.211  25.787 0.1111110002
58431  -50.920  3.124  25.883 0.1111110002
58432  -51.674  3.133  26.017 0.2222220004
110040  -51.209  3.399  26.427 0.1111110002
119659  -52.315  3.228  26.231 0.2222220004
58447  -52.303  2.798  25.416 0.2222220004
58448  -53.118  3.028  25.468 0.2222220004
58476  -52.258  2.440  24.452 0.1111110002
101528  -51.021  3.732  27.037 0.1111110002
59428  -52.762  3.504  26.845 0.1111110002
58433  -52.948  3.229  26.116 0.2222220004
58477  -53.577  2.886  24.229 0.1111110002
59474  -53.740  3.189  25.131 0.2222220004
59429  -53.519  3.635  26.783 0.1111110002
59450  -53.722  3.412  26.015 0.2222220004
59451  -54.618  3.902  25.824 0.1111110002
117067  -55.144  4.321  25.289 0.2222220004
60431  -55.628  5.041  26.171 0.2222220004
109376  -55.775  5.189  25.334 0.2222220004
59489  -54.738  3.733  23.897 0.2222220004
59476  -55.211  4.315  24.545 0.1111110002
59490  -55.250  4.335  23.735 0.2222220004
61425  -56.651  6.066  25.381 0.2222220004
60447  -55.768  5.215  23.607 0.2222220004
60442  -55.822  5.252  24.517 0.1111110002
61426  -57.160  6.456  24.826 0.1111110002
61440  -56.262  6.299  23.484 0.1111110002
62437  -57.176  7.772  23.029 0.1111110002
59499  -55.257  4.291  22.834 0.1111110002
60453  -55.721  5.199  22.657 0.2222220004
114827  -56.047  6.384  22.573 0.1111110002
110952  -56.565  7.414  22.504 0.1111110002
61467  -55.893  5.569  20.909 0.1111110002
61451  -56.027  6.551  21.704 0.1111110002
62438  -57.511  7.726  22.998 0.2222220004
63403  -57.224  7.991  22.387 0.1111110002
63419  -57.591  8.093  21.793 0.2222220004
61468  -56.243  6.745  20.884 0.2222220004
110525  -56.763  7.201  19.985 0.1111110002
48524  -40.932  -8.037  48.574 0.4444440007
62424  -57.366  7.334  23.390 0.2222220004
62425  -57.567  7.128  23.425 0.2222220004
107048  -58.000  7.708  22.109 0.3333329856
63426  -58.089  8.381  20.813 0.2222220004
58276  -41.596  1.746  41.705 0.5555559993
47589  -40.611  -8.589  48.441 0.3333329856
47590  -41.036  -8.241  48.186 0.2222220004
104568  -39.748  3.504  33.004 0.3333329856
60393  -48.819  4.749  27.342 0.2222220004
59475  -54.451  3.561  24.618 0.2222220004
61433  -56.517  6.203  24.389 0.1111110002
61434  -56.791  6.947  24.135 0.1111110002
61441  -56.764  7.210  23.247 0.1111110002
61450  -55.753  5.322  21.734 0.2222220004
62455  -56.547  7.531  21.678 0.1111110002
63404  -57.677  7.891  22.366 0.3333329856
46643  -38.353  -9.206  50.456 0.1111110002
46656  -38.772  -9.887  49.629 0.1111110002
105300  -39.210  -9.824  49.123 0.1111110002
51603  -24.867  -5.665  55.266 0.4444440007
47536  -16.357  -8.183  51.082 0.2222220004
51612  -23.533  -5.086  54.979 0.5555559993
51613  -24.413  -5.315  54.918 0.3333329856
51614  -25.395  -5.565  54.824 0.3333329856
51628  -20.380  -3.621  54.812 0.1111110002
114002  -44.604  -1.322  36.455 0.1111110002
114662  -44.753  -1.457  35.719 0.1111110002
114849  -44.670  -2.338  32.220 0.1111110002
54737  -44.354  -1.763  32.212 0.1111110002
54749  -43.860  -1.612  31.810 0.1111110002
54760  -43.095  -1.948  31.147 0.1111110002
54750  -44.503  -1.719  31.365 0.1111110002
54767  -39.170  -2.193  29.867 0.1111110002
55712  -39.034  -0.797  29.067 0.1111110002
53808  -39.554  -2.542  29.518 0.1111110002
53807  -38.967  -2.261  29.180 0.1111110002
54771  -38.710  -1.721  28.782 0.1111110002
54680  -44.113  -1.436  35.926 0.1111110002
54698  -44.424  -1.463  35.223 0.1111110002
53769  -44.968  -1.947  34.035 0.1111110002
54711  -44.566  -1.580  34.507 0.1111110002
54710  -43.844  -1.460  34.796 0.1111110002
102957  -43.837  -1.479  34.001 0.1111110002
54709  -42.991  -1.651  34.508 0.1111110002
53778  -45.173  -2.598  33.757 0.1111110002
120522  -44.292  -1.719  32.870 0.1111110002
54723  -43.754  -1.557  33.286 0.1111110002
54735  -43.194  -1.768  32.713 0.1111110002
112108  -39.637  -1.529  32.458 0.1111110002
52875  -44.928  -3.101  33.182 0.1111110002
54736  -44.051  -1.573  32.710 0.1111110002
54748  -42.943  -1.891  31.943 0.1111110002
117977  -41.154  -2.236  32.462 0.1111110002
54746  -40.134  -2.137  32.065 0.1111110002
102826  -39.279  -1.456  31.211 0.1111110002
119480  -39.367  -0.658  31.220 0.3333329856
122122  -42.046  -2.333  31.013 0.1111110002
53791  -40.954  -2.409  31.365 0.1111110002
53790  -39.819  -2.194  31.143 0.1111110002
55700  -39.067  -1.128  30.536 0.1111110002
119499  -41.497  -2.544  30.463 0.1111110002
53800  -40.450  -2.518  30.500 0.1111110002
54759  -39.185  -1.924  30.509 0.1111110002
54766  -38.872  -1.614  29.736 0.1111110002
111546  -39.094  -0.768  29.924 0.1111110002
113724  -40.943  -2.785  29.823 0.1111110002
112549  -40.132  -2.655  29.877 0.1111110002
53799  -39.654  -2.346  30.254 0.1111110002
117962  -42.253  -1.491  35.761 0.1111110002
109032  -42.083  -1.669  35.081 0.1111110002
54708  -41.118  -1.564  34.803 0.1111110002
54722  -42.986  -1.734  33.656 0.1111110002
102939  -42.008  -1.842  34.230 0.1111110002
54707  -40.315  -1.352  34.388 0.1111110002
54706  -39.789  -1.042  33.906 0.1111110002
54734  -41.912  -2.051  33.268 0.1111110002
119613  -40.874  -2.063  33.283 0.1111110002
116231  -39.697  3.445  29.159 0.1111110002
59336  -38.704  3.226  34.325 0.3333329856
58361  -39.380  2.560  31.630 0.2222220004
58368  -39.443  2.501  30.693 0.1111110002
58379  -39.430  2.700  29.692 0.1111110002
59394  -40.050  4.266  28.827 0.2222220004
63274  -49.213  7.748  32.321 0.2222220004
62351  -49.917  7.224  32.087 0.2222220004
61389  -46.498  5.556  27.565 0.2222220004
62367  -50.429  6.871  31.435 0.2222220004
60391  -47.076  5.006  27.013 0.2222220004
61369  -49.562  5.557  28.770 0.2222220004
61370  -50.310  5.486  29.044 0.2222220004
60374  -49.202  5.166  28.024 0.1111110002
60375  -50.045  4.976  28.303 0.1111110002
60413  -48.438  4.358  26.675 0.1111110002
60394  -49.694  4.556  27.544 0.1111110002
62383  -49.036  7.122  30.301 0.2222220004
62366  -49.540  7.570  31.456 0.2222220004
108080  -47.823  5.979  28.427 0.2222220004
61341  -48.267  6.667  29.378 0.2222220004
61328  -50.009  6.616  30.329 0.2222220004
108878  -49.907  5.934  29.426 0.2222220004
61391  -48.339  5.333  27.843 0.2222220004
61368  -48.736  5.774  28.607 0.2222220004
46644  -38.957  -9.317  49.988 0.1111110002
112831  -40.315  -0.260  35.027 0.2222220004
55668  -40.032  -0.674  34.518 0.2222220004
121315  -38.479  -9.756  50.102 0.1111110002
55677  -39.841  -0.382  33.938 0.3333329856
55676  -39.677  -0.589  33.356 0.2222220004
55690  -39.327  -1.046  31.925 0.1111110002
54732  -39.701  -1.299  33.203 0.1111110002
46669  -39.755  -9.400  48.843 0.2222220004
46657  -39.396  -9.410  49.423 0.1111110002
102591  -39.258  -9.804  48.579 0.2222220004
120001  -44.625  -1.896  31.649 0.1111110002
53792  -42.074  -2.210  31.726 0.1111110002
54697  -43.761  -1.477  35.446 0.1111110002
54696  -43.003  -1.576  35.299 0.1111110002
54724  -44.307  -1.647  33.494 0.1111110002
53777  -44.637  -2.001  33.121 0.1111110002
54747  -42.258  -2.084  32.423 0.1111110002
54745  -39.563  -1.725  31.789 0.1111110002
54733  -40.240  -1.920  32.889 0.1111110002
54721  -41.018  -1.913  33.989 0.1111110002
54720  -40.247  -1.654  33.646 0.1111110002
61342  -49.257  6.243  29.411 0.2222220004
50749  -42.683  -4.976  43.865 0.1111110002
51728  -43.118  -4.542  43.550 0.1111110002
57353  -40.602  0.962  41.185 0.2222220004
56510  -40.004  0.860  39.992 0.2222220004
56517  -39.177  0.855  38.744 0.2222220004
55617  -38.869  0.073  39.025 0.1111110002
56509  -39.427  0.471  39.518 0.2222220004
55629  -38.101  0.014  37.629 0.1111110002
57371  -39.792  1.282  39.205 0.2222220004
56516  -38.636  0.446  38.251 0.1111110002
57378  -39.429  1.819  38.331 0.2222220004
56528  -38.401  1.008  37.439 0.2222220004
54778  -38.807  -1.448  27.385 0.1111110002
55743  -39.926  -0.299  26.174 0.2222220004
56657  -42.482  0.345  25.617 0.3333329856
56631  -42.990  0.837  25.973 0.3333329856
56610  -39.662  0.104  27.848 0.3333329856
57495  -43.094  1.372  26.544 0.3333329856
57514  -43.676  0.972  26.038 0.2222220004
59396  -44.331  3.457  29.015 0.2222220004
58397  -44.639  2.929  28.207 0.2222220004
106759  -46.574  3.556  29.413 0.2222220004
105579  -47.966  3.520  29.761 0.2222220004
58416  -44.126  2.441  27.627 0.2222220004
58398  -45.536  2.872  28.069 0.2222220004
58399  -46.508  2.756  28.021 0.2222220004
111315  -48.337  2.613  28.409 0.2222220004
102899  -49.834  1.500  27.445 0.2222220004
57475  -44.501  1.963  26.955 0.2222220004
58418  -45.871  2.337  27.375 0.2222220004
114640  -46.946  1.678  26.819 0.2222220004
57479  -48.199  1.795  27.312 0.2222220004
57499  -48.719  1.300  26.803 0.2222220004
110709  -44.849  1.400  26.416 0.2222220004
56635  -47.551  0.647  25.939 0.2222220004
51716  -43.469  -5.047  44.226 0.2222220004
59399  -47.376  3.372  29.244 0.2222220004
114111  -46.798  3.216  28.724 0.2222220004
58400  -47.461  2.843  28.430 0.2222220004
62353  -51.334  6.061  32.153 0.2222220004
57478  -47.415  1.944  27.254 0.2222220004
51738  -42.773  -4.065  42.859 0.1111110002
59398  -46.043  3.305  28.698 0.2222220004
59397  -45.186  3.388  28.799 0.2222220004
57481  -50.627  1.475  27.671 0.2222220004
56627  -39.710  -0.067  26.972 0.2222220004
55734  -39.200  -0.632  27.534 0.2222220004
57474  -43.630  1.928  27.110 0.3333329856
58415  -43.376  2.347  27.759 0.3333329856
55751  -40.317  -0.659  25.555 0.2222220004
56656  -41.279  -0.318  25.350 0.3333329856
56529  -38.896  1.201  38.059 0.2222220004
56658  -43.393  0.426  25.578 0.2222220004
116987  -44.371  1.065  26.083 0.2222220004
58417  -44.998  2.422  27.481 0.2222220004
57476  -45.372  1.866  26.847 0.2222220004
58419  -46.685  2.169  27.296 0.2222220004
114937  -47.185  2.439  27.732 0.2222220004
57500  -49.448  1.257  27.029 0.2222220004
57498  -47.712  1.350  26.607 0.2222220004
104980  -43.200  -3.564  42.586 0.1111110002
53705  -45.848  -3.032  39.451 0.1111110002
52792  -47.481  -3.588  39.175 0.1111110002
112094  -47.658  -3.929  38.654 0.1111110002
51792  -47.364  -4.263  38.213 0.1111110002
51811  -46.273  -4.526  37.669 0.1111110002
51791  -46.814  -4.441  38.053 0.1111110002
52809  -46.903  -4.102  38.703 0.1111110002
52810  -48.036  -3.917  38.123 0.1111110002
121514  -47.153  -4.456  37.857 0.1111110002
51812  -46.871  -4.592  37.408 0.1111110002
51813  -47.480  -4.331  37.649 0.1111110002
51828  -46.118  -4.784  36.985 0.1111110002
51829  -46.628  -4.654  36.592 0.1111110002
54682  -46.116  -1.625  36.139 0.1111110002
55649  -45.936  -1.310  36.768 0.1111110002
51846  -45.974  -4.921  36.015 0.1111110002
122388  -46.452  -4.629  35.914 0.1111110002
53728  -48.980  -2.840  37.924 0.1111110002
51830  -47.336  -4.419  36.928 0.1111110002
52826  -47.951  -3.987  37.270 0.1111110002
52836  -48.182  -3.297  36.875 0.1111110002
52835  -47.592  -3.794  36.520 0.1111110002
51848  -46.975  -4.256  36.193 0.1111110002
53746  -47.555  -2.936  36.246 0.1111110002
53762  -46.782  -2.642  35.694 0.1111110002
55650  -46.632  -1.498  36.682 0.1111110002
52849  -47.048  -3.500  35.833 0.1111110002
54685  -48.721  -2.424  37.491 0.1111110002
54684  -48.092  -2.420  36.901 0.1111110002
54683  -47.027  -2.053  36.288 0.1111110002
51629  -21.267  -4.093  54.806 0.1111110002
120171  -39.945  0.132  40.836 0.2222220004
56502  -40.144  0.575  40.705 0.2222220004
52827  -48.449  -3.426  37.626 0.1111110002
51633  -25.536  -5.474  54.656 0.2222220004
50609  -25.231  -5.358  54.443 0.2222220004
50610  -26.035  -5.569  54.500 0.2222220004
50628  -26.771  -5.737  53.858 0.2222220004
51631  -23.959  -5.030  54.817 0.2222220004
51632  -24.812  -5.300  54.734 0.2222220004
50627  -25.765  -5.646  53.767 0.2222220004
50646  -26.385  -5.898  53.174 0.1111110002
51646  -23.381  -4.967  54.530 0.1111110002
51630  -22.563  -4.714  54.857 0.1111110002
106530  -21.944  -4.476  54.766 0.2222220004
47605  -41.491  -7.808  47.328 0.1111110002
46678  -38.845  -9.750  47.874 0.1111110002
46679  -39.650  -9.453  47.958 0.1111110002
47603  -39.972  -8.545  46.865 0.1111110002
58346  -37.882  2.944  33.890 0.1111110002
59326  -38.314  3.375  35.257 0.1111110002
58354  -38.345  2.577  33.060 0.1111110002
62368  -51.128  6.434  31.544 0.1111110002
58360  -38.537  2.077  32.149 0.1111110002
61329  -51.103  6.323  30.601 0.1111110002
61408  -45.479  5.088  26.681 0.1111110002
60372  -39.879  4.483  27.817 0.1111110002
107320  -40.852  5.074  26.633 0.1111110002
60390  -46.203  5.096  26.844 0.1111110002
61343  -50.499  6.030  29.737 0.1111110002
61344  -51.922  5.767  30.242 0.1111110002
59550  -56.925  3.540  17.076 0.1111110002
59558  -56.993  3.068  15.959 0.1111110002
105500  -51.089  5.648  29.543 0.1111110002
61345  -52.534  5.688  30.671 0.1111110002
60363  -53.782  4.946  30.491 0.1111110002
58374  -54.287  3.625  30.583 0.1111110002
113480  -57.605  2.810  15.176 0.1111110002
58585  -57.245  2.142  15.427 0.1111110002
58600  -58.048  2.091  14.790 0.1111110002
60361  -51.783  5.194  29.250 0.1111110002
112280  -53.654  5.215  29.933 0.1111110002
61346  -53.114  5.391  30.546 0.1111110002
107226  -54.556  4.496  30.336 0.1111110002
60349  -54.078  4.340  30.906 0.1111110002
59551  -57.647  4.238  17.475 0.1111110002
59579  -58.346  3.189  14.471 0.1111110002
60362  -52.767  5.431  29.930 0.1111110002
101393  -54.355  4.929  29.735 0.1111110002
101480  -53.235  5.031  29.348 0.1111110002
60377  -52.445  4.848  28.898 0.1111110002
60522  -58.084  4.304  14.707 0.1111110002
60378  -54.030  5.014  29.137 0.1111110002
113664  -54.933  5.106  29.116 0.1111110002
60523  -58.664  4.981  14.097 0.1111110002
112808  -58.991  4.068  13.728 0.1111110002
59580  -59.304  3.149  13.476 0.1111110002
58612  -59.426  2.342  13.317 0.1111110002
59598  -59.587  3.082  12.781 0.1111110002
60415  -55.771  5.328  27.085 0.1111110002
61521  -59.096  5.534  13.323 0.1111110002
61542  -59.213  5.053  12.738 0.1111110002
60543  -59.127  4.368  12.380 0.1111110002
60542  -59.503  4.035  12.896 0.1111110002
59599  -59.295  3.707  12.472 0.1111110002
58626  -59.209  3.022  12.280 0.1111110002
117056  -59.174  2.006  12.301 0.1111110002
56821  -58.340  -0.128  7.252 0.1111110002
61560  -58.959  4.923  12.364 0.1111110002
59610  -59.005  3.933  12.160 0.1111110002
113582  -58.794  3.363  12.085 0.1111110002
58625  -59.055  2.336  12.146 0.1111110002
57685  -58.319  0.553  11.254 0.1111110002
56793  -59.127  -0.703  10.312 0.1111110002
111896  -58.536  -0.698  8.471 0.1111110002
56805  -58.151  0.030  8.712 0.1111110002
55937  -57.731  -0.581  7.246 0.1111110002
111005  -58.402  -0.510  7.889 0.1111110002
56820  -57.924  0.226  6.808 0.1111110002
114320  -57.121  6.210  25.558 0.1111110002
105988  -58.849  5.856  12.780 0.1111110002
113337  -58.400  6.165  12.746 0.1111110002
61559  -58.763  5.190  12.436 0.1111110002
60553  -58.457  4.695  12.304 0.1111110002
59609  -57.533  2.920  12.312 0.1111110002
58623  -56.841  1.856  12.340 0.1111110002
58624  -58.345  2.197  12.103 0.1111110002
57670  -57.538  1.259  11.850 0.1111110002
118998  -56.927  0.968  11.412 0.1111110002
56780  -58.478  -0.030  10.626 0.1111110002
57684  -57.266  0.561  10.771 0.1111110002
56792  -57.870  -0.051  9.970 0.1111110002
57695  -56.763  0.742  10.313 0.1111110002
121176  -57.331  0.439  9.685 0.1111110002
57711  -58.082  0.976  7.644 0.1111110002
57720  -58.238  0.827  6.752 0.1111110002
57719  -57.942  1.200  6.427 0.1111110002
57725  -58.253  1.979  6.102 0.1111110002
62439  -57.931  7.410  22.846 0.1111110002
65115  -59.027  10.071  15.708 0.1111110002
63471  -59.347  8.604  15.385 0.1111110002
63495  -58.530  8.411  13.497 0.1111110002
60552  -57.288  4.717  12.632 0.1111110002
59597  -56.544  3.615  12.794 0.1111110002
57669  -56.212  1.447  11.892 0.1111110002
57683  -56.025  1.153  11.181 0.1111110002
57704  -56.970  0.994  9.332 0.1111110002
58647  -57.156  1.760  8.476 0.1111110002
58657  -58.238  1.649  6.565 0.1111110002
57724  -57.819  2.012  5.925 0.1111110002
65109  -58.891  9.824  16.915 0.1111110002
63504  -58.274  7.829  13.186 0.1111110002
62547  -57.893  7.236  12.850 0.1111110002
114192  -57.909  5.499  12.555 0.1111110002
58622  -55.642  1.947  12.407 0.1111110002
57694  -55.868  1.356  10.393 0.1111110002
58646  -55.963  1.994  9.459 0.1111110002
58655  -56.780  2.622  8.355 0.1111110002
58656  -57.858  2.119  7.403 0.1111110002
59644  -57.583  3.054  7.354 0.1111110002
59658  -58.131  3.048  5.749 0.1111110002
58672  -58.258  2.645  5.880 0.1111110002
64319  -58.408  9.423  17.199 0.1111110002
57668  -55.036  1.730  11.871 0.1111110002
58611  -54.621  2.261  12.500 0.1111110002
58633  -54.285  2.092  11.506 0.1111110002
58638  -53.762  2.593  10.944 0.1111110002
59651  -56.405  3.163  6.019 0.1111110002
60602  -58.114  3.580  5.712 0.1111110002
59652  -58.088  3.409  6.374 0.1111110002
59657  -57.622  2.935  5.667 0.1111110002
57682  -55.050  1.624  11.097 0.1111110002
58639  -54.493  2.252  10.672 0.1111110002
119021  -55.163  1.925  10.342 0.1111110002
58645  -54.957  2.628  9.843 0.1111110002
59643  -56.601  3.522  8.128 0.1111110002
60601  -57.775  4.242  6.411 0.1111110002
122060  -57.417  3.760  7.264 0.1111110002
109298  -57.830  3.707  5.535 0.1111110002
60611  -57.772  4.361  5.536 0.1111110002
59632  -54.755  3.631  9.379 0.1111110002
111466  -57.633  4.976  6.100 0.1111110002
60503  -57.887  4.721  16.710 0.1111110002
60512  -57.676  4.540  15.662 0.1111110002
63470  -59.178  7.867  14.451 0.1111110002
107725  -58.997  6.146  13.117 0.1111110002
64344  -59.242  9.498  15.232 0.1111110002
64358  -58.759  9.142  13.887 0.1111110002
62532  -58.738  7.186  13.260 0.1111110002
63494  -58.044  8.826  13.316 0.1111110002
114528  -56.378  5.771  26.020 0.1111110002
61419  -56.419  5.649  26.658 0.1111110002
61420  -56.941  6.050  26.235 0.1111110002
61421  -57.191  5.998  25.915 0.2222220004
62516  -58.962  7.111  13.637 0.1111110002
60513  -58.137  5.083  15.099 0.1111110002
60432  -57.659  5.352  25.301 0.2222220004
63480  -58.923  8.142  13.748 0.1111110002
63444  -57.813  8.666  17.711 0.1111110002
62418  -57.451  6.724  24.053 0.1111110002
120768  -39.742  -9.453  48.479 0.1111110002
50626  -24.770  -5.609  53.718 0.1111110002
50608  -24.353  -5.172  54.459 0.2222220004
59564  -57.512  3.690  15.319 0.1111110002
59559  -57.301  4.052  16.371 0.1111110002
60396  -54.601  4.944  28.434 0.1111110002
115365  -59.300  4.729  13.219 0.1111110002
60554  -58.908  4.520  12.244 0.1111110002
58613  -59.525  1.991  12.798 0.1111110002
57671  -58.910  1.358  11.884 0.1111110002
113026  -58.829  4.151  12.169 0.1111110002
112568  -58.734  -0.687  9.300 0.1111110002
56814  -58.396  -0.008  7.564 0.1111110002
119033  -56.756  -1.037  7.327 0.1111110002
62548  -58.547  6.862  12.950 0.1111110002
107175  -58.008  3.963  12.237 0.1111110002
59608  -56.330  2.532  12.613 0.1111110002
58671  -58.166  2.547  5.832 0.1111110002
61427  -57.406  6.189  24.939 0.2222220004
64359  -59.169  8.926  14.434 0.1111110002
58665  -58.242  2.560  6.304 0.1111110002
59633  -55.717  3.091  8.998 0.1111110002
47435  -12.668  -7.415  59.574 0.1111110002
46555  -14.117  -9.309  58.216 0.2222220004
102680  -15.505  -10.861  53.085 0.2222220004
44762  -15.409  -11.573  53.502 0.2222220004
47436  -13.159  -7.315  59.634 0.2222220004
47437  -13.742  -8.016  58.933 0.2222220004
109415  -14.315  -8.544  57.798 0.2222220004
46558  -14.437  -9.591  57.206 0.2222220004
46564  -14.651  -9.782  56.352 0.2222220004
45692  -14.515  -10.423  56.737 0.2222220004
44752  -14.945  -11.161  55.006 0.2222220004
45735  -15.768  -10.235  51.880 0.2222220004
112104  -15.915  -11.165  51.641 0.2222220004
45749  -16.031  -10.340  51.043 0.2222220004
45763  -16.627  -10.478  49.452 0.2222220004
46661  -16.994  -10.038  49.123 0.2222220004
45779  -17.063  -10.605  48.801 0.2222220004
44829  -17.831  -11.389  47.803 0.2222220004
45799  -18.334  -10.913  48.061 0.2222220004
43892  -18.543  -11.499  47.475 0.2222220004
44846  -19.135  -11.635  47.379 0.1111110002
47444  -12.735  -6.727  58.842 0.1111110002
106371  -14.598  -8.937  56.760 0.2222220004
46573  -14.863  -9.782  55.622 0.2222220004
110139  -14.702  -10.428  55.954 0.2222220004
116547  -14.776  -10.960  55.619 0.2222220004
46633  -16.259  -9.658  50.502 0.2222220004
45750  -16.290  -10.358  50.181 0.2222220004
122078  -18.148  -10.398  48.451 0.2222220004
45800  -18.941  -11.033  47.960 0.2222220004
44830  -19.403  -11.298  48.070 0.2222220004
43887  -20.245  -12.582  47.967 0.1111110002
43880  -20.383  -12.630  49.002 0.1111110002
43006  -20.638  -13.451  48.599 0.1111110002
47535  -15.899  -8.789  51.541 0.2222220004
46632  -15.947  -9.569  51.308 0.2222220004
47554  -16.239  -8.916  50.785 0.2222220004
46648  -17.338  -9.560  49.312 0.2222220004
46647  -16.680  -9.703  49.725 0.2222220004
107518  -18.026  -9.333  49.335 0.2222220004
46662  -17.639  -10.052  48.820 0.2222220004
46663  -18.387  -9.951  48.858 0.2222220004
45781  -18.686  -10.489  48.445 0.2222220004
47573  -17.337  -8.926  49.816 0.2222220004
50645  -25.193  -5.923  52.965 0.1111110002
54787  -39.914  -1.554  25.414 0.1111110002
54792  -40.490  -1.899  24.855 0.1111110002
52938  -40.325  -3.251  25.075 0.1111110002
51959  -40.670  -4.153  25.106 0.1111110002
50967  -42.632  -5.933  24.516 0.1111110002
49943  -46.339  -6.665  25.065 0.1111110002
54793  -41.251  -1.814  24.474 0.1111110002
53843  -41.336  -2.896  24.224 0.1111110002
49955  -43.808  -6.285  23.896 0.1111110002
51975  -41.769  -4.336  24.141 0.1111110002
49942  -45.066  -6.803  25.118 0.1111110002
49944  -47.422  -6.655  24.893 0.1111110002
48797  -48.468  -6.913  25.036 0.1111110002
49945  -48.761  -6.818  25.304 0.1111110002
107473  -42.166  -0.309  25.175 0.1111110002
54788  -40.781  -1.175  25.004 0.1111110002
55752  -41.691  -0.963  24.769 0.1111110002
52947  -42.127  -3.588  23.712 0.1111110002
50971  -43.485  -5.670  23.486 0.1111110002
105202  -45.122  -6.640  24.212 0.1111110002
48798  -49.051  -6.932  25.427 0.1111110002
53844  -42.205  -1.540  24.303 0.1111110002
53852  -42.432  -2.794  23.611 0.1111110002
50970  -42.817  -5.430  23.817 0.1111110002
49956  -44.668  -6.412  23.663 0.1111110002
116631  -46.827  -6.749  24.433 0.1111110002
122531  -14.810  -9.216  56.032 0.2222220004
45780  -17.689  -10.752  48.343 0.2222220004
44858  -18.810  -12.093  46.822 0.1111110002
43893  -19.354  -12.271  46.841 0.1111110002
44847  -19.675  -11.992  47.572 0.1111110002
44831  -19.947  -11.836  48.437 0.1111110002
113708  -16.612  -9.079  50.191 0.2222220004
53835  -40.061  -2.447  25.187 0.1111110002
53842  -40.751  -2.595  24.595 0.1111110002
114292  -39.811  -3.015  25.570 0.1111110002
52939  -40.901  -3.471  24.567 0.1111110002
50966  -41.379  -4.880  24.828 0.1111110002
104364  -41.993  -5.697  24.981 0.1111110002
51969  -42.138  -5.190  24.291 0.1111110002
52946  -41.506  -3.581  24.155 0.1111110002
117478  -41.846  -2.332  24.035 0.1111110002
121498  -41.815  -3.023  23.881 0.1111110002
49949  -43.335  -6.427  24.714 0.1111110002
50968  -43.171  -6.031  24.077 0.1111110002
49950  -44.289  -6.628  24.505 0.1111110002
101378  -48.250  -6.724  25.089 0.1111110002
49951  -46.035  -6.661  24.283 0.1111110002
51976  -42.558  -4.432  23.560 0.1111110002
54794  -43.152  -1.377  24.238 0.1111110002
52950  -43.285  -4.045  22.900 0.1111110002
41047  -13.926  -16.101  59.087 0.1111110002
117869  -14.046  -16.332  58.153 0.1111110002
41048  -14.279  -15.149  58.805 0.1111110002
46547  -10.569  -8.861  59.959 0.1111110002
46548  -11.497  -8.687  59.982 0.1111110002
108450  -11.922  -9.790  59.674 0.1111110002
41051  -14.388  -15.678  58.073 0.1111110002
113000  -10.929  -9.863  59.856 0.1111110002
41045  -13.253  -16.263  60.142 0.1111110002
42068  -14.681  -14.923  57.846 0.1111110002
41054  -14.664  -15.411  57.134 0.1111110002
47429  -11.251  -8.304  59.767 0.1111110002
46549  -12.415  -8.584  59.962 0.1111110002
105466  -13.669  -15.343  59.810 0.1111110002
105272  -14.877  -14.301  57.569 0.1111110002
44727  -12.438  -10.915  59.536 0.1111110002
108669  -12.696  -15.491  60.525 0.1111110002
42966  -15.119  -13.976  56.848 0.1111110002
42063  -13.121  -14.507  60.246 0.1111110002
47430  -12.044  -7.930  59.987 0.1111110002
44728  -13.176  -10.994  59.253 0.1111110002
42065  -13.968  -14.506  59.346 0.1111110002
120961  -14.129  -14.030  58.988 0.1111110002
42962  -14.740  -13.557  57.707 0.1111110002
113140  -12.851  -11.953  59.488 0.1111110002
43809  -13.230  -12.866  59.512 0.1111110002
42959  -13.669  -13.717  59.458 0.1111110002
110636  -14.942  -13.092  56.713 0.1111110002
43819  -14.993  -12.585  55.775 0.1111110002
106852  -16.376  -10.947  49.903 0.1111110002
44796  -16.422  -11.664  50.166 0.1111110002
44813  -16.689  -11.302  49.249 0.1111110002
46550  -13.067  -8.669  59.665 0.1111110002
45685  -13.334  -9.947  59.137 0.1111110002
44731  -13.648  -11.106  58.786 0.1111110002
113632  -13.494  -12.020  59.085 0.1111110002
113562  -13.947  -12.029  58.503 0.1111110002
43816  -14.625  -12.720  57.417 0.1111110002
112763  -14.336  -12.004  57.707 0.1111110002
110871  -14.664  -12.053  56.661 0.1111110002
44745  -14.806  -11.658  55.693 0.1111110002
43830  -15.282  -12.278  54.094 0.1111110002
44795  -16.162  -11.048  50.642 0.1111110002
46664  -18.926  -10.110  48.882 0.1111110002
45782  -19.165  -10.639  48.544 0.1111110002
44815  -20.117  -11.793  49.399 0.1111110002
47431  -12.861  -7.778  59.985 0.1111110002
112872  -13.282  -7.997  59.729 0.1111110002
46554  -13.532  -9.009  59.086 0.1111110002
45686  -13.833  -10.158  58.510 0.1111110002
45689  -14.279  -10.317  57.655 0.1111110002
44736  -14.417  -11.185  57.180 0.1111110002
44739  -14.622  -11.123  56.282 0.1111110002
46649  -18.753  -9.564  49.439 0.1111110002
45764  -19.322  -10.219  49.356 0.1111110002
44798  -20.212  -11.791  50.400 0.1111110002
47555  -16.826  -8.438  50.412 0.1111110002
47556  -17.626  -8.274  50.389 0.1111110002
121873  -18.397  -9.135  49.691 0.1111110002
45751  -19.574  -10.160  50.295 0.1111110002
47574  -18.101  -8.757  49.933 0.1111110002
120386  -19.069  -9.156  50.454 0.1111110002
108257  -19.702  -10.200  51.129 0.1111110002
44783  -19.907  -10.958  50.780 0.1111110002
43862  -20.506  -12.699  51.011 0.1111110002
53678  -39.332  -1.923  41.566 0.1111110002
54603  -39.548  -1.264  41.097 0.1111110002
54591  -39.875  -1.573  41.966 0.1111110002
55572  -40.088  -0.727  41.673 0.1111110002
55587  -39.802  -0.380  40.941 0.1111110002
55603  -39.132  -0.291  39.739 0.1111110002
58326  -37.705  3.061  35.401 0.1111110002
58337  -37.641  3.067  34.678 0.1111110002
113526  -57.769  -1.016  22.178 0.1111110002
54827  -56.856  -1.770  22.467 0.1111110002
55808  -57.536  -1.327  22.420 0.1111110002
55816  -57.768  -1.470  22.084 0.1111110002
54826  -55.389  -1.241  22.495 0.1111110002
112663  -54.909  -1.981  21.705 0.1111110002
54849  -54.486  -2.396  21.191 0.1111110002
54847  -52.182  -1.586  20.866 0.1111110002
53875  -52.645  -2.216  20.383 0.1111110002
112772  -51.199  -1.593  20.665 0.1111110002
54836  -50.650  -1.306  21.316 0.1111110002
54822  -47.474  -1.451  22.207 0.1111110002
54807  -44.513  -1.701  23.627 0.1111110002
54808  -45.371  -1.554  23.476 0.1111110002
54821  -46.470  -1.590  22.376 0.1111110002
56697  -57.808  -0.306  22.225 0.1111110002
56693  -57.670  -0.523  22.574 0.1111110002
107093  -54.323  -0.917  22.428 0.1111110002
110015  -52.146  -1.118  21.577 0.1111110002
107055  -52.931  -0.655  22.542 0.1111110002
105642  -53.840  -0.346  23.687 0.1111110002
54837  -51.466  -1.207  21.449 0.1111110002
55794  -52.867  -0.501  23.251 0.1111110002
112849  -52.815  -0.380  24.148 0.1111110002
55754  -43.968  -0.050  25.142 0.1111110002
55755  -45.021  0.132  25.210 0.1111110002
55772  -45.527  -0.576  24.652 0.1111110002
55811  -50.938  -0.977  22.124 0.1111110002
55793  -51.905  -0.500  23.713 0.1111110002
55769  -42.634  -0.828  24.696 0.1111110002
55770  -43.582  -0.712  24.684 0.1111110002
54797  -46.043  -1.133  24.114 0.1111110002
55788  -47.486  -0.989  23.854 0.1111110002
115406  -49.799  -0.974  22.852 0.1111110002
55771  -44.556  -0.615  24.690 0.1111110002
54796  -45.053  -1.236  24.207 0.1111110002
55787  -46.744  -1.149  23.762 0.1111110002
54810  -47.047  -1.281  23.109 0.1111110002
55780  -53.556  -0.159  24.648 0.1111110002
54828  -57.689  -2.158  22.082 0.1111110002
55779  -52.135  -0.383  24.526 0.1111110002
119570  -52.718  -0.206  24.962 0.1111110002
53878  -57.251  -3.395  21.540 0.1111110002
53866  -57.456  -2.825  21.758 0.1111110002
55753  -43.039  -0.182  25.147 0.1111110002
56632  -45.003  0.829  25.850 0.1111110002
56660  -45.794  0.589  25.639 0.1111110002
110842  -46.324  -0.557  24.628 0.1111110002
55791  -50.338  -0.734  23.340 0.1111110002
55777  -50.572  -0.443  24.651 0.1111110002
52961  -57.854  -3.771  21.157 0.1111110002
56634  -46.718  0.437  25.621 0.1111110002
55773  -46.925  -0.780  24.331 0.1111110002
55789  -48.333  -0.833  23.968 0.1111110002
55790  -49.211  -0.656  24.169 0.1111110002
113913  -50.069  -0.610  24.064 0.1111110002
51000  -56.546  -5.721  19.806 0.1111110002
55758  -47.970  -0.269  25.109 0.1111110002
55774  -47.733  -0.624  24.523 0.1111110002
55775  -48.529  -0.531  24.675 0.1111110002
101590  -56.007  -7.426  19.372 0.1111110002
48827  -56.525  -7.995  18.584 0.1111110002
47838  -56.428  -8.796  17.882 0.1111110002
46943  -55.292  -10.146  17.111 0.1111110002
46956  -55.087  -10.048  16.809 0.1111110002
47863  -54.980  -9.123  16.513 0.1111110002
47850  -53.846  -8.616  16.867 0.1111110002
55819  -57.519  -1.612  21.567 0.1111110002
56701  -57.723  -0.679  21.893 0.1111110002
56633  -45.755  1.216  26.237 0.1111110002
57497  -46.736  1.142  26.265 0.1111110002
55761  -51.088  -0.258  25.263 0.1111110002
55762  -51.926  -0.258  25.188 0.1111110002
54851  -57.649  -2.605  21.443 0.1111110002
56662  -48.210  0.176  25.593 0.1111110002
55759  -49.483  -0.244  25.321 0.1111110002
118820  -48.737  -0.242  25.237 0.1111110002
51001  -57.416  -5.364  19.671 0.1111110002
49987  -57.188  -6.109  19.345 0.1111110002
50004  -57.419  -6.449  18.551 0.1111110002
120807  -56.796  -8.779  16.832 0.1111110002
50016  -57.443  -6.816  17.445 0.1111110002
47865  -56.371  -8.917  16.525 0.1111110002
48871  -57.034  -7.753  16.057 0.1111110002
51033  -56.747  -5.371  17.086 0.1111110002
47864  -55.609  -8.555  16.165 0.1111110002
51055  -56.995  -6.275  16.721 0.1111110002
48869  -55.305  -7.606  15.650 0.1111110002
119676  -56.127  -7.013  15.106 0.1111110002
48868  -54.368  -7.863  16.454 0.1111110002
56664  -50.766  0.031  25.883 0.1111110002
56665  -51.640  0.006  25.858 0.1111110002
56661  -47.509  0.120  25.453 0.1111110002
56636  -48.440  0.715  26.173 0.1111110002
56637  -49.444  0.693  26.438 0.1111110002
56663  -49.906  0.088  25.876 0.1111110002
112331  -57.948  -3.524  20.970 0.1111110002
53888  -57.724  -2.879  20.820 0.1111110002
52972  -57.799  -3.959  20.527 0.1111110002
53887  -57.613  -3.191  20.205 0.1111110002
52001  -57.540  -4.620  20.085 0.1111110002
52980  -57.557  -4.286  19.567 0.1111110002
52971  -57.440  -3.562  19.649 0.1111110002
54854  -56.949  -2.246  19.891 0.1111110002
52010  -57.478  -5.125  19.159 0.1111110002
51034  -57.466  -5.882  18.104 0.1111110002
52009  -57.052  -4.370  18.462 0.1111110002
53894  -56.475  -2.691  19.146 0.1111110002
52021  -56.348  -4.579  17.473 0.1111110002
52983  -55.973  -3.803  17.869 0.1111110002
51054  -56.139  -5.885  15.881 0.1111110002
52978  -55.564  -2.971  18.237 0.1111110002
51072  -55.584  -6.577  15.112 0.1111110002
52042  -55.697  -5.021  16.437 0.1111110002
57501  -50.125  0.992  27.024 0.1111110002
56639  -51.275  0.359  26.465 0.1111110002
56638  -50.412  0.464  26.463 0.1111110002
56700  -56.891  -0.356  21.004 0.1111110002
54850  -57.200  -1.864  20.611 0.1111110002
55818  -56.763  -0.972  20.691 0.1111110002
55821  -55.917  -0.916  20.035 0.1111110002
56703  -55.836  -0.117  20.181 0.1111110002
109869  -56.147  -1.500  19.806 0.1111110002
105246  -56.055  0.704  20.368 0.1111110002
55820  -55.114  -0.287  19.437 0.1111110002
56613  -51.782  0.640  27.051 0.1111110002
56640  -52.124  0.327  26.464 0.1111110002
120572  -53.681  0.618  26.766 0.1111110002
120421  -54.692  -0.277  23.609 0.1111110002
102656  -54.806  -0.580  22.977 0.1111110002
57482  -51.550  1.157  27.613 0.1111110002
56666  -52.622  0.094  25.787 0.1111110002
55763  -53.338  0.060  25.349 0.1111110002
46634  -18.696  -9.001  50.124 0.1111110002
47557  -18.316  -8.309  50.646 0.1111110002
46635  -19.356  -9.427  50.898 0.1111110002
55588  -40.222  0.188  41.365 0.1111110002
56501  -39.657  0.106  40.322 0.1111110002
57477  -46.225  1.748  26.784 0.1111110002
56612  -50.957  0.778  27.073 0.1111110002
56659  -44.234  0.568  25.633 0.1111110002
44814  -19.636  -11.081  48.886 0.1111110002
43829  -15.002  -12.038  54.924 0.1111110002
45681  -12.789  -9.767  59.483 0.1111110002
108370  -14.491  -14.294  58.440 0.1111110002
112738  -14.248  -13.553  58.646 0.1111110002
43812  -13.838  -12.856  58.921 0.1111110002
43813  -14.322  -12.800  58.185 0.1111110002
44782  -16.229  -11.903  51.017 0.1111110002
44732  -14.117  -11.140  58.119 0.1111110002
43873  -20.464  -12.653  49.994 0.1111110002
44797  -19.813  -10.975  49.819 0.1111110002
111576  -19.197  -9.526  50.052 0.1111110002
44784  -20.228  -11.792  51.459 0.1111110002
55815  -54.566  -1.429  22.017 0.1111110002
54840  -55.823  -1.908  22.134 0.1111110002
53865  -56.173  -2.661  21.819 0.1111110002
54839  -53.894  -1.624  21.482 0.1111110002
112154  -53.522  -2.473  20.610 0.1111110002
53874  -51.723  -2.027  20.204 0.1111110002
54838  -52.910  -1.328  21.435 0.1111110002
54848  -53.253  -1.892  20.915 0.1111110002
54846  -50.353  -1.655  20.554 0.1111110002
53873  -50.872  -2.036  20.084 0.1111110002
54835  -49.814  -1.399  21.216 0.1111110002
54845  -49.542  -1.744  20.479 0.1111110002
54823  -48.376  -1.284  22.454 0.1111110002
54795  -44.104  -1.276  24.224 0.1111110002
54809  -46.204  -1.418  23.248 0.1111110002
55814  -53.516  -0.989  22.049 0.1111110002
55806  -53.686  -0.598  22.760 0.1111110002
55813  -52.547  -0.833  22.042 0.1111110002
55812  -51.730  -0.830  22.139 0.1111110002
55805  -52.175  -0.607  22.746 0.1111110002
55756  -46.087  0.002  25.091 0.1111110002
55804  -51.192  -0.670  22.941 0.1111110002
55803  -50.477  -0.866  22.691 0.1111110002
55792  -50.897  -0.559  23.876 0.1111110002
54811  -47.968  -1.151  23.185 0.1111110002
54812  -48.949  -1.015  23.212 0.1111110002
118010  -49.668  -0.784  23.540 0.1111110002
55778  -51.404  -0.420  24.547 0.1111110002
53879  -57.790  -3.255  21.341 0.1111110002
120054  -46.257  0.868  25.926 0.1111110002
55757  -47.054  -0.279  25.004 0.1111110002
51988  -56.460  -4.466  20.630 0.1111110002
51989  -57.591  -4.248  20.718 0.1111110002
55776  -49.783  -0.458  24.757 0.1111110002
52000  -57.223  -4.956  20.251 0.1111110002
49986  -56.352  -6.590  19.524 0.1111110002
48828  -56.978  -7.011  19.053 0.1111110002
47851  -56.495  -9.103  17.137 0.1111110002
46926  -55.854  -9.431  17.763 0.1111110002
47839  -56.951  -8.351  17.385 0.1111110002
46944  -55.885  -9.601  16.915 0.1111110002
46076  -54.003  -10.684  16.650 0.1111110002
46065  -54.617  -10.635  16.943 0.1111110002
116495  -55.697  -9.320  16.619 0.1111110002
46955  -54.245  -9.892  16.647 0.1111110002
46942  -53.378  -9.363  16.886 0.1111110002
113234  -49.042  0.196  25.746 0.1111110002
55760  -50.262  -0.267  25.323 0.1111110002
51018  -57.462  -5.746  19.052 0.1111110002
48845  -57.266  -7.368  18.015 0.1111110002
48856  -57.294  -7.654  16.873 0.1111110002
48870  -56.351  -8.009  15.787 0.1111110002
50030  -56.449  -6.744  15.584 0.1111110002
116696  -57.145  -5.056  18.092 0.1111110002
48880  -55.881  -7.176  15.152 0.1111110002
52979  -56.800  -3.546  18.740 0.1111110002
54861  -55.628  -1.774  19.273 0.1111110002
51053  -55.128  -5.653  15.310 0.1111110002
44860  -25.816  -10.900  45.952 0.1111110002
44888  -25.117  -11.626  43.466 0.1111110002
47866  -56.949  -8.327  16.479 0.1111110002
48881  -56.516  -7.324  15.541 0.1111110002
50031  -57.124  -7.129  16.284 0.1111110002
51968  -41.191  -4.132  24.538 0.1111110002
52633  -18.538  -2.945  56.189 0.4444440007
52794  -49.050  -3.012  38.669 0.2222220004
52930  -39.576  -3.223  26.220 0.1111110002
53747  -48.577  -2.917  37.321 0.1111110002
54606  -48.576  -1.062  40.487 0.5555559993
54617  -39.368  -0.709  40.399 0.1111110002
54825  -50.150  -1.098  22.066 0.1111110002
54853  -55.213  -1.052  19.400 0.1111110002
55590  -49.546  -0.293  39.726 0.6666669846
55620  -47.813  -0.223  38.062 0.2222220004
57366  -49.552  1.465  38.886 0.5555559993
57386  -49.332  1.417  38.696 0.5555559993
57494  -42.361  1.397  26.771 0.4444440007
57496  -44.005  1.483  26.497 0.2222220004
58286  -48.097  2.855  40.453 0.8888890147
58303  -49.181  1.966  38.709 0.5555559993
58373  -53.378  3.094  30.690 0.2222220004
58420  -47.844  2.339  27.803 0.2222220004
59289  -48.608  3.528  38.944 0.8888890147
59294  -45.194  4.139  38.067 1.0000000000
59373  -50.889  3.544  31.242 0.4444440007
59653  -58.255  3.047  5.894 0.1111110002
60324  -51.260  5.286  32.444 0.3333329856
61253  -47.203  5.418  38.529 1.0000000000
61303  -49.258  6.363  33.016 0.4444440007
61306  -51.738  5.371  32.132 0.3333329856
61315  -48.468  5.834  32.732 0.4444440007
61318  -53.131  5.173  31.080 0.2222220004
61330  -51.875  5.994  31.163 0.1111110002
62285  -41.494  6.690  39.119 0.6666669846
62323  -43.179  8.233  34.062 0.8888890147
62352  -50.543  6.647  32.163 0.2222220004
62364  -47.775  8.460  31.019 0.3333329856
62475  -59.241  7.163  19.046 0.2222220004
63189  -44.118  7.783  40.064 1.0000000000
63213  -44.486  8.765  38.423 1.0000000000
63225  -45.043  8.677  36.890 1.0000000000
63226  -45.159  8.350  37.674 0.8888890147
63240  -44.152  9.346  35.304 0.8888890147
63241  -44.682  9.236  36.182 1.0000000000
63272  -48.183  8.204  33.007 0.5555559993
63284  -48.399  8.334  32.461 0.4444440007
63420  -57.815  8.070  21.600 0.2222220004
63424  -57.218  8.054  21.491 0.2222220004
64138  -43.950  9.357  37.469 0.8888890147
64151  -44.720  9.379  36.896 0.8888890147
64164  -44.486  9.512  36.197 0.8888890147
64312  -59.014  9.026  18.067 0.2222220004
64372  -57.947  9.490  13.541 0.1111110002
64373  -58.334  9.175  13.604 0.1111110002
65122  -58.724  10.150  15.257 0.1111110002
65123  -58.899  9.855  14.648 0.1111110002
65141  -58.330  9.840  13.958 0.1111110002
107418  -58.412  9.027  18.065 0.1111110002
108138  -49.464  1.159  39.490 0.7777780294
108670  -49.569  -0.863  38.829 0.4444440007
116775  -46.292  -2.016  35.758 0.1111110002
117604  -47.976  4.718  38.808 1.0000000000
117931  -48.736  2.429  38.616 0.6666669846
119289  -44.948  9.047  37.087 0.8888890147
120268  -41.663  6.513  39.584 0.6666669846
120295  -41.876  0.062  25.493 0.3333329856
121145  -47.442  5.563  39.200 1.0000000000
122178  -41.291  -2.397  24.308 0.1111110002
122208  -49.385  6.950  32.962 0.4444440007
122283  -20.423  -10.902  55.605 0.2222220004
122618  -49.148  -0.452  24.864 0.1111110002
