#!ascii label  , from subject sub-v2s16x51234_ses-1 vox2ras=TkReg
3648
47429  -11.251  -8.304  59.767 0.2222220004
47435  -12.668  -7.415  59.574 0.3333329856
48410  -12.967  -6.105  58.334 0.4444440007
49471  -13.083  -5.474  57.670 0.5555559993
50580  -12.741  -4.356  57.068 0.5555559993
51595  -12.914  -3.828  56.874 0.5555559993
51621  -12.925  -3.726  56.126 0.4444440007
121488  -11.010  -8.267  59.527 0.4444440007
47434  -11.561  -7.933  59.572 0.3333329856
47430  -12.044  -7.930  59.987 0.3333329856
46545  -9.037  -8.757  59.399 0.3333329856
47427  -9.738  -8.477  59.525 0.3333329856
48411  -13.045  -6.718  59.092 0.4444440007
46553  -8.333  -9.110  59.023 0.1111110002
47444  -12.735  -6.727  58.842 0.5555559993
48426  -12.664  -6.249  57.954 0.4444440007
49470  -12.817  -5.480  57.575 0.5555559993
115431  -12.511  -5.785  57.242 0.5555559993
49477  -12.524  -5.022  57.087 0.5555559993
49499  -12.543  -5.506  55.199 0.6666669846
50602  -12.743  -4.493  55.437 0.5555559993
50603  -13.116  -3.905  55.202 0.6666669846
51623  -14.094  -2.958  55.978 0.4444440007
50616  -12.824  -5.008  54.514 0.6666669846
50617  -13.307  -4.494  54.096 0.7777780294
114348  -13.784  -3.310  54.995 0.7777780294
49508  -12.659  -6.147  54.092 0.7777780294
49509  -12.968  -5.589  53.487 0.7777780294
51650  -13.892  -4.169  53.631 0.7777780294
105920  -12.562  -7.288  53.772 0.7777780294
49518  -12.767  -6.623  53.081 0.7777780294
50634  -13.496  -5.170  53.025 0.7777780294
48463  -12.644  -7.741  52.778 0.7777780294
48464  -12.887  -6.998  52.161 0.7777780294
49519  -13.110  -6.054  52.494 0.7777780294
47432  -9.414  -8.479  59.042 0.4444440007
47433  -10.427  -8.255  59.319 0.3333329856
47443  -12.007  -7.605  58.743 0.4444440007
47439  -7.708  -8.925  57.537 0.4444440007
106788  -8.008  -8.899  58.332 0.1111110002
114687  -8.675  -8.755  58.689 0.4444440007
47442  -11.009  -8.155  58.819 0.4444440007
47457  -12.263  -7.334  57.838 0.5555559993
47440  -8.258  -8.715  57.874 0.4444440007
104603  -8.928  -8.585  58.195 0.4444440007
47454  -9.237  -8.642  57.404 0.4444440007
47455  -10.506  -8.528  57.811 0.5555559993
121017  -11.458  -8.298  57.907 0.5555559993
47456  -11.940  -8.224  57.281 0.5555559993
48438  -12.405  -6.902  56.968 0.5555559993
48425  -7.661  -8.265  56.600 0.5555559993
106498  -8.306  -8.601  57.297 0.4444440007
46563  -11.343  -8.797  56.890 0.5555559993
46572  -11.855  -8.695  56.050 0.5555559993
47469  -12.219  -8.022  56.468 0.5555559993
49489  -12.410  -5.998  56.237 0.5555559993
47467  -9.384  -8.842  55.981 0.5555559993
47468  -10.329  -8.995  56.653 0.5555559993
109076  -12.220  -8.440  55.276 0.6666669846
48448  -12.377  -7.539  55.703 0.7777780294
107064  -12.480  -6.795  54.876 0.7777780294
52661  -15.155  -2.497  54.598 0.7777780294
48437  -7.736  -7.896  55.840 0.5555559993
47466  -8.482  -8.280  55.392 0.4444440007
47481  -9.314  -8.829  54.738 0.5555559993
118045  -10.167  -9.187  55.217 0.6666669846
47482  -12.229  -8.770  54.294 0.7777780294
51638  -14.419  -3.200  54.208 0.7777780294
46578  -10.208  -9.292  54.097 0.6666669846
46579  -10.933  -9.420  54.844 0.6666669846
46581  -11.922  -9.205  54.035 0.7777780294
46593  -12.158  -8.992  53.612 0.7777780294
46592  -11.704  -9.283  53.370 0.6666669846
50651  -13.745  -5.596  51.959 0.7777780294
46591  -10.841  -9.440  53.228 0.5555559993
120296  -12.443  -8.408  52.853 0.6666669846
104735  -12.742  -7.858  51.888 0.6666669846
119263  -12.968  -7.359  51.373 0.7777780294
49534  -13.314  -6.513  51.577 0.6666669846
46603  -10.454  -9.256  52.417 0.5555559993
46605  -12.165  -8.928  52.869 0.5555559993
47514  -12.033  -8.990  51.988 0.5555559993
47534  -12.458  -8.479  51.416 0.5555559993
46618  -10.895  -9.260  51.857 0.5555559993
46619  -11.454  -9.187  51.716 0.5555559993
47515  -12.437  -8.453  52.291 0.5555559993
121742  -12.777  -7.940  51.341 0.5555559993
53542  -15.779  -1.940  55.189 0.4444440007
103774  -15.019  -3.423  53.322 0.7777780294
50635  -14.426  -4.920  51.996 0.7777780294
49535  -13.911  -6.127  50.855 0.6666669846
47533  -11.848  -9.017  51.184 0.5555559993
111845  -12.259  -8.640  50.566 0.6666669846
48478  -12.849  -7.967  50.707 0.6666669846
48479  -13.331  -7.018  50.713 0.5555559993
52669  -15.566  -2.961  53.521 0.8888890147
53549  -16.177  -1.876  54.944 0.5555559993
52641  -16.759  -2.120  55.809 0.4444440007
52670  -16.365  -3.061  52.960 0.8888890147
119452  -15.745  -3.652  52.529 0.8888890147
50653  -14.910  -4.996  51.255 0.7777780294
106387  -15.972  -4.163  51.570 0.8888890147
50652  -14.321  -5.453  51.314 0.7777780294
50667  -15.403  -5.064  50.547 0.7777780294
116219  -13.272  -7.535  49.784 0.5555559993
49555  -13.728  -6.706  50.083 0.5555559993
50666  -14.663  -5.540  50.592 0.7777780294
49575  -14.361  -6.124  49.811 0.4444440007
50682  -15.153  -5.548  49.833 0.6666669846
49574  -13.863  -6.878  49.346 0.5555559993
115426  -14.410  -6.500  48.971 0.5555559993
53533  -18.928  -2.711  56.035 0.4444440007
52663  -16.644  -2.454  53.999 0.8888890147
53544  -17.383  -1.964  55.749 0.5555559993
49494  -28.262  -7.339  55.299 0.3333329856
52678  -17.077  -3.630  52.062 0.8888890147
118871  -16.397  -3.729  52.019 0.8888890147
48452  -28.733  -7.289  54.866 0.4444440007
48453  -29.265  -7.709  54.561 0.5555559993
51667  -15.550  -4.648  51.198 0.8888890147
49531  -28.983  -7.434  53.283 0.5555559993
51668  -16.253  -4.636  50.691 0.8888890147
48469  -29.599  -7.876  52.827 0.6666669846
102904  -15.990  -5.169  49.878 0.7777780294
48502  -29.218  -7.977  50.282 0.8888890147
48486  -29.457  -8.013  51.249 0.7777780294
49566  -33.854  -6.324  50.730 0.3333329856
47561  -29.883  -8.264  50.367 0.8888890147
48523  -33.136  -7.062  50.344 0.4444440007
47576  -31.127  -8.497  49.567 0.6666669846
48521  -31.848  -8.105  49.107 0.6666669846
48544  -32.428  -7.274  48.662 0.6666669846
47587  -31.206  -8.308  48.734 0.7777780294
48543  -31.692  -7.797  48.260 0.6666669846
52653  -19.126  -2.552  55.794 0.6666669846
52642  -19.608  -2.956  56.000 0.2222220004
52635  -19.901  -3.666  56.011 0.1111110002
48432  -27.110  -7.155  55.975 0.2222220004
52664  -18.342  -2.782  54.356 0.7777780294
52652  -18.364  -2.319  55.484 0.7777780294
49493  -27.627  -6.927  55.498 0.4444440007
52672  -18.146  -3.261  53.153 0.7777780294
120491  -28.002  -6.874  55.141 0.5555559993
52671  -17.305  -3.030  52.932 0.8888890147
51659  -16.766  -4.124  51.340 0.8888890147
51652  -17.901  -3.708  52.170 0.8888890147
49513  -28.383  -6.952  53.724 0.5555559993
49505  -28.600  -7.131  54.334 0.5555559993
51660  -17.601  -4.118  51.357 0.8888890147
49530  -28.418  -7.002  53.061 0.5555559993
49514  -28.978  -7.415  53.897 0.5555559993
51669  -17.235  -4.513  50.633 0.8888890147
48485  -28.849  -7.406  51.663 0.7777780294
49590  -34.134  -5.863  49.961 0.5555559993
50668  -16.873  -4.909  49.912 0.7777780294
118115  -28.843  -7.567  50.896 0.8888890147
114460  -29.351  -7.791  52.115 0.7777780294
49589  -33.553  -6.363  49.847 0.5555559993
101915  -14.917  -5.977  49.038 0.6666669846
50683  -16.575  -5.350  49.215 0.6666669846
122031  -29.637  -8.221  49.701 0.8888890147
47585  -29.729  -8.318  48.985 0.8888890147
47575  -30.260  -8.408  49.595 0.7777780294
49588  -33.046  -6.767  49.267 0.6666669846
49576  -15.720  -5.613  49.148 0.6666669846
48541  -29.019  -8.049  48.553 1.0000000000
47586  -30.512  -8.381  48.806 0.8888890147
48562  -32.248  -7.031  47.763 0.7777780294
47593  -29.890  -8.172  48.033 1.0000000000
48542  -30.886  -8.102  48.049 0.8888890147
49599  -15.492  -6.024  48.387 0.6666669846
49577  -16.327  -5.787  48.530 0.6666669846
48560  -30.573  -7.681  47.234 0.8888890147
49614  -15.395  -6.246  47.595 0.5555559993
52643  -20.375  -3.377  55.947 0.1111110002
52636  -20.590  -3.943  55.953 0.1111110002
116645  -27.054  -6.676  55.599 0.3333329856
102908  -19.962  -3.060  55.563 0.5555559993
51642  -19.021  -3.541  53.489 0.7777780294
50598  -27.701  -6.559  54.890 0.4444440007
50630  -27.769  -6.389  54.375 0.5555559993
119154  -28.157  -6.672  54.166 0.5555559993
51653  -18.749  -3.924  52.381 0.7777780294
122536  -28.149  -6.697  53.433 0.6666669846
51661  -18.444  -4.300  51.514 0.7777780294
49546  -28.381  -6.968  52.163 0.8888890147
51670  -18.123  -4.587  50.728 0.8888890147
49565  -28.245  -7.107  51.026 0.8888890147
49607  -33.548  -6.253  49.070 0.5555559993
50669  -17.784  -4.850  49.975 0.8888890147
49606  -32.969  -6.618  48.254 0.5555559993
48520  -29.060  -8.014  49.439 1.0000000000
50684  -17.450  -5.223  49.292 0.6666669846
101620  -28.973  -7.935  47.678 1.0000000000
48561  -31.480  -7.387  47.417 0.8888890147
49619  -31.973  -6.873  46.938 0.8888890147
48581  -31.203  -7.047  46.619 0.8888890147
49627  -14.764  -6.335  47.172 0.4444440007
103086  -16.132  -6.138  47.844 0.6666669846
49600  -16.926  -6.041  47.961 0.7777780294
102990  -29.659  -7.766  47.078 1.0000000000
48579  -29.462  -7.406  46.249 1.0000000000
109952  -15.394  -6.264  46.750 0.4444440007
49615  -16.659  -6.334  47.273 0.6666669846
119094  -15.972  -6.289  47.229 0.6666669846
51600  -22.088  -5.044  55.485 0.1111110002
51599  -21.157  -4.659  56.022 0.1111110002
116854  -21.801  -5.338  55.958 0.1111110002
52644  -21.023  -3.967  55.747 0.1111110002
49486  -26.534  -6.720  55.917 0.2222220004
52654  -20.765  -3.691  55.410 0.2222220004
50595  -25.996  -5.927  55.175 0.3333329856
51628  -20.380  -3.621  54.812 0.5555559993
50596  -26.632  -6.013  54.691 0.4444440007
50597  -27.161  -6.399  55.065 0.5555559993
118228  -19.919  -3.982  53.751 0.7777780294
50611  -26.633  -5.868  54.504 0.6666669846
50612  -27.159  -6.157  54.580 0.6666669846
51654  -19.586  -4.316  52.682 0.7777780294
50647  -27.245  -6.050  53.460 0.6666669846
50687  -34.892  -5.529  49.419 0.4444440007
50688  -35.616  -5.122  49.972 0.3333329856
51662  -19.284  -4.592  51.744 0.7777780294
49528  -26.851  -6.363  52.384 0.7777780294
49529  -27.896  -6.532  52.905 0.6666669846
50673  -35.004  -5.519  50.482 0.3333329856
49545  -27.618  -6.727  51.751 0.8888890147
49608  -34.169  -5.913  48.848 0.6666669846
50654  -18.998  -4.797  50.903 0.7777780294
50655  -19.838  -5.166  51.153 0.7777780294
49564  -27.323  -6.902  50.737 0.8888890147
48500  -27.782  -7.237  49.985 1.0000000000
120218  -33.253  -6.559  47.659 0.7777780294
50670  -18.680  -5.022  50.119 0.7777780294
48519  -28.250  -7.663  49.126 1.0000000000
104032  -32.698  -6.815  47.342 0.8888890147
50695  -17.177  -5.631  48.629 0.6666669846
50685  -18.329  -5.278  49.410 0.8888890147
50686  -19.262  -5.578  49.508 0.7777780294
110531  -18.772  -5.648  48.922 0.7777780294
49578  -19.423  -5.995  48.767 0.7777780294
48540  -28.277  -7.807  48.178 0.8888890147
49601  -17.798  -5.996  48.082 0.7777780294
49602  -18.772  -6.042  48.256 0.7777780294
49579  -19.932  -6.081  49.209 0.8888890147
48580  -30.313  -7.272  46.430 1.0000000000
49617  -18.431  -6.461  47.535 0.7777780294
103003  -28.183  -7.780  47.374 0.8888890147
49628  -16.255  -6.364  46.590 0.5555559993
49616  -17.500  -6.402  47.390 0.5555559993
103339  -17.216  -6.602  46.507 0.4444440007
49629  -18.171  -6.790  46.799 0.5555559993
48551  -19.093  -6.896  46.977 0.6666669846
50587  -22.522  -5.584  55.902 0.1111110002
51610  -21.619  -4.561  55.388 0.1111110002
51611  -22.527  -4.866  54.967 0.1111110002
52655  -21.630  -4.331  55.103 0.2222220004
51602  -23.929  -5.487  55.319 0.1111110002
118235  -25.590  -5.863  55.193 0.3333329856
51643  -20.796  -4.445  53.899 0.6666669846
51629  -21.267  -4.093  54.806 0.5555559993
103025  -23.219  -4.949  54.818 0.2222220004
51632  -24.812  -5.300  54.734 0.6666669846
51614  -25.395  -5.565  54.824 0.5555559993
50608  -24.353  -5.172  54.459 0.6666669846
51615  -26.077  -5.725  54.589 0.5555559993
50627  -25.765  -5.646  53.767 0.7777780294
50628  -26.771  -5.737  53.858 0.7777780294
51655  -20.445  -4.726  52.918 0.7777780294
118691  -25.794  -5.857  53.029 1.0000000000
50704  -35.044  -5.809  48.234 0.4444440007
110301  -36.396  -4.909  50.379 0.2222220004
50639  -20.138  -4.958  51.990 0.7777780294
113953  -26.126  -6.502  51.720 1.0000000000
49544  -26.727  -6.668  51.361 0.8888890147
104481  -33.810  -6.431  47.532 0.6666669846
50656  -20.652  -5.595  51.417 0.7777780294
111371  -26.016  -6.656  51.107 1.0000000000
49563  -26.443  -6.811  50.558 1.0000000000
49635  -35.351  -6.370  46.493 0.8888890147
50705  -36.014  -5.562  47.920 0.5555559993
50672  -20.382  -5.763  50.616 0.7777780294
49586  -26.118  -6.930  49.819 1.0000000000
49587  -26.958  -6.989  49.874 1.0000000000
48518  -27.384  -7.326  49.172 1.0000000000
49632  -32.344  -6.953  46.588 0.8888890147
49633  -33.225  -6.801  46.950 0.7777780294
49634  -34.241  -6.664  46.786 0.6666669846
49556  -20.121  -5.921  49.847 0.7777780294
48517  -26.563  -7.180  49.136 1.0000000000
110129  -27.690  -7.589  48.540 1.0000000000
49630  -30.863  -6.767  45.897 0.8888890147
49631  -31.607  -6.902  46.198 0.8888890147
49650  -31.904  -6.957  45.855 0.8888890147
49651  -33.732  -7.027  46.120 0.8888890147
49652  -34.747  -6.838  45.859 0.8888890147
49604  -20.199  -6.536  48.604 0.8888890147
49580  -20.602  -6.455  49.327 0.8888890147
49618  -19.302  -6.614  47.658 0.7777780294
49605  -20.950  -6.845  48.774 0.8888890147
104141  -28.840  -7.735  46.855 1.0000000000
48533  -20.805  -7.069  48.087 0.8888890147
49581  -21.475  -6.791  49.363 0.8888890147
48587  -17.468  -6.772  45.529 0.5555559993
48568  -18.119  -6.973  45.999 0.5555559993
48552  -19.851  -7.094  47.180 0.6666669846
48553  -20.581  -7.301  47.263 0.6666669846
109732  -18.917  -7.174  46.271 0.5555559993
48569  -19.770  -7.389  46.499 0.6666669846
106530  -21.944  -4.476  54.766 0.6666669846
51646  -23.381  -4.967  54.530 0.7777780294
51644  -21.635  -4.760  54.044 0.6666669846
51645  -22.441  -4.915  54.262 0.6666669846
50626  -24.770  -5.609  53.718 0.7777780294
50624  -22.961  -5.509  53.572 0.7777780294
51679  -37.008  -4.548  49.879 0.3333329856
50623  -22.110  -5.364  53.341 0.6666669846
50642  -22.614  -5.860  52.667 0.7777780294
50643  -23.458  -5.948  52.819 1.0000000000
50644  -24.318  -5.964  52.893 1.0000000000
50645  -25.193  -5.923  52.965 1.0000000000
108909  -36.282  -4.877  49.436 0.4444440007
50622  -21.291  -5.086  53.116 0.7777780294
49525  -23.952  -6.284  52.120 1.0000000000
49526  -24.814  -6.278  52.197 1.0000000000
49543  -25.342  -6.535  51.450 1.0000000000
50698  -36.329  -5.112  48.536 0.4444440007
51688  -36.889  -4.678  48.842 0.4444440007
50657  -21.472  -5.914  51.627 0.7777780294
51696  -36.835  -5.132  47.790 0.5555559993
106962  -37.472  -4.428  48.222 0.4444440007
49538  -21.191  -6.132  50.844 0.7777780294
49524  -23.127  -6.216  51.993 0.8888890147
49541  -23.625  -6.523  51.362 1.0000000000
49542  -24.437  -6.518  51.451 1.0000000000
121620  -35.907  -5.989  46.667 0.6666669846
50711  -36.383  -5.647  46.966 0.6666669846
107312  -37.403  -4.640  47.275 0.4444440007
49539  -21.993  -6.366  51.034 0.8888890147
49585  -25.413  -6.952  49.766 1.0000000000
49562  -25.544  -6.771  50.513 1.0000000000
50719  -35.577  -6.275  45.444 0.8888890147
113247  -36.169  -5.831  46.026 0.7777780294
51701  -36.800  -5.209  46.220 0.6666669846
49558  -21.727  -6.582  50.248 0.8888890147
112646  -32.729  -7.010  46.122 0.8888890147
108510  -34.238  -7.076  45.324 0.8888890147
51702  -37.327  -4.656  46.448 0.4444440007
48516  -25.726  -7.156  49.145 0.8888890147
48597  -30.071  -6.812  45.648 1.0000000000
49649  -31.187  -6.822  45.520 0.8888890147
121462  -32.391  -7.083  45.282 0.8888890147
49668  -34.951  -6.639  44.883 0.8888890147
50720  -36.604  -5.130  45.378 0.8888890147
48534  -21.642  -7.173  48.418 0.8888890147
117590  -26.982  -7.459  48.436 0.8888890147
116536  -27.522  -7.686  47.853 0.8888890147
48578  -28.097  -7.665  46.564 0.8888890147
49648  -30.532  -6.613  45.199 1.0000000000
107116  -30.862  -6.670  44.846 0.8888890147
107392  -31.554  -6.928  45.102 0.8888890147
49666  -33.075  -7.086  44.502 0.8888890147
50730  -34.838  -6.240  44.016 0.8888890147
50731  -35.582  -5.792  44.455 0.8888890147
105182  -22.872  -7.452  47.786 0.8888890147
104012  -26.591  -7.588  47.557 0.8888890147
48559  -27.408  -7.702  47.072 0.8888890147
116984  -28.736  -7.505  46.134 0.8888890147
121536  -30.678  -6.570  44.276 0.8888890147
49665  -32.173  -7.019  44.442 0.8888890147
117919  -33.557  -6.801  43.852 0.8888890147
104601  -35.202  -5.569  43.693 0.8888890147
48570  -20.511  -7.539  46.549 0.6666669846
48555  -22.180  -7.434  47.709 0.6666669846
48594  -27.110  -7.486  45.422 0.8888890147
106227  -27.737  -7.116  44.850 0.8888890147
48613  -29.217  -6.416  44.660 0.8888890147
49663  -29.586  -6.275  44.271 0.7777780294
49664  -31.329  -6.793  44.358 0.7777780294
49686  -34.144  -6.423  43.559 0.8888890147
50742  -34.645  -5.769  43.261 0.7777780294
48571  -21.194  -7.562  46.762 0.6666669846
101651  -21.954  -7.550  46.948 0.6666669846
48612  -28.514  -6.739  44.757 0.8888890147
49662  -28.837  -6.201  44.119 0.7777780294
49682  -29.296  -6.203  43.540 0.7777780294
117525  -30.167  -6.412  43.754 0.7777780294
49683  -31.082  -6.692  43.642 0.8888890147
49684  -31.986  -6.894  43.652 0.8888890147
102358  -32.689  -6.677  42.947 0.8888890147
49700  -33.298  -6.267  42.458 0.8888890147
49701  -33.979  -5.987  42.824 0.7777780294
48628  -26.997  -6.654  43.589 0.7777780294
101834  -29.780  -6.430  42.935 0.7777780294
101833  -30.735  -6.683  42.763 0.8888890147
49699  -31.792  -6.791  42.795 0.8888890147
48627  -26.407  -6.835  43.047 0.7777780294
49661  -27.889  -6.467  44.032 0.7777780294
49681  -28.476  -6.116  43.357 0.7777780294
49698  -28.988  -6.257  42.759 0.7777780294
49715  -31.524  -6.704  41.899 0.7777780294
101731  -32.546  -6.489  41.987 0.7777780294
49716  -33.227  -6.051  41.786 0.8888890147
48641  -27.011  -6.285  42.902 0.5555559993
49696  -27.498  -6.102  42.341 0.6666669846
101832  -28.683  -6.421  41.983 0.6666669846
101831  -29.613  -6.639  42.103 0.7777780294
120184  -30.150  -6.651  42.432 0.7777780294
101296  -32.055  -6.474  41.106 0.6666669846
49712  -27.271  -6.059  41.540 0.6666669846
49713  -27.949  -6.169  41.729 0.5555559993
115280  -29.222  -6.723  41.425 0.6666669846
49731  -30.132  -6.894  41.044 0.5555559993
102058  -30.794  -6.766  40.180 0.6666669846
105576  -31.622  -6.458  40.291 0.7777780294
101637  -27.675  -6.233  40.868 0.5555559993
119789  -28.208  -6.557  40.609 0.3333329856
101829  -29.348  -6.868  40.743 0.4444440007
101827  -29.892  -6.959  40.060 0.5555559993
101828  -28.866  -6.872  40.145 0.4444440007
49747  -30.487  -6.808  39.268 0.5555559993
51680  -37.736  -4.295  49.993 0.3333329856
51689  -37.552  -4.161  49.269 0.4444440007
103355  -38.066  -3.664  48.664 0.4444440007
108603  -24.826  -6.672  50.841 1.0000000000
52702  -38.542  -3.045  47.967 0.4444440007
49561  -24.133  -6.716  50.730 1.0000000000
113285  -24.722  -6.878  50.089 1.0000000000
52701  -37.923  -3.914  47.581 0.4444440007
49559  -22.522  -6.710  50.434 1.0000000000
117941  -24.306  -7.064  49.475 1.0000000000
48515  -24.944  -7.123  49.283 0.8888890147
52717  -37.775  -4.012  46.012 0.4444440007
49583  -23.073  -6.955  49.832 1.0000000000
49584  -23.873  -6.911  49.997 1.0000000000
48538  -25.173  -7.344  48.466 0.8888890147
48539  -26.106  -7.383  48.394 0.8888890147
51708  -37.200  -4.549  45.632 0.7777780294
49582  -22.303  -6.899  49.657 1.0000000000
48514  -23.633  -7.142  49.234 1.0000000000
48537  -24.316  -7.277  48.738 0.8888890147
48558  -25.555  -7.519  47.622 0.8888890147
118759  -36.143  -4.530  43.920 0.8888890147
50732  -36.243  -4.940  44.491 0.8888890147
48512  -22.167  -7.066  48.978 0.8888890147
48536  -23.445  -7.365  48.328 0.8888890147
116688  -26.728  -7.647  46.774 0.8888890147
51714  -35.699  -4.894  43.724 0.8888890147
102530  -22.724  -7.545  47.119 0.7777780294
48576  -25.985  -7.615  46.830 0.8888890147
50743  -35.103  -5.044  43.096 0.8888890147
51723  -35.618  -4.417  42.904 0.8888890147
47610  -21.011  -7.794  46.041 0.4444440007
116494  -26.464  -7.642  46.110 0.8888890147
50756  -34.524  -5.240  42.432 0.8888890147
117371  -21.524  -7.928  45.610 0.5555559993
47601  -21.740  -7.718  46.212 0.6666669846
48609  -25.500  -7.663  44.530 0.7777780294
48593  -26.137  -7.622  45.226 0.7777780294
50755  -33.792  -5.705  42.070 0.7777780294
108204  -25.397  -7.637  43.772 0.7777780294
48610  -26.189  -7.490  44.531 0.7777780294
48611  -26.906  -7.231  44.493 0.7777780294
50768  -32.889  -6.028  41.096 0.7777780294
119092  -26.034  -6.963  42.503 0.5555559993
49733  -32.380  -6.081  40.374 0.7777780294
48655  -26.020  -6.763  41.855 0.5555559993
48640  -26.672  -6.378  42.253 0.5555559993
49748  -31.277  -6.527  39.463 0.7777780294
49749  -32.004  -6.107  39.595 0.7777780294
48669  -26.024  -6.533  41.095 0.4444440007
49729  -26.056  -6.289  40.269 0.5555559993
49730  -27.210  -6.115  40.045 0.4444440007
49746  -27.993  -6.507  40.077 0.3333329856
49760  -28.497  -6.828  39.279 0.2222220004
49761  -29.503  -6.956  39.058 0.4444440007
49762  -30.246  -6.828  38.395 0.5555559993
49763  -31.046  -6.591  38.642 0.5555559993
105135  -26.697  -5.965  39.202 0.1111110002
116701  -27.633  -6.447  39.325 0.1111110002
49759  -27.391  -6.368  38.498 0.1111110002
102725  -28.757  -6.921  38.362 0.2222220004
102724  -29.478  -6.923  38.008 0.3333329856
49772  -28.070  -6.799  37.915 0.1111110002
49773  -28.760  -6.908  37.485 0.2222220004
52693  -38.255  -3.770  49.498 0.2222220004
53598  -38.900  -2.708  47.083 0.4444440007
110298  -38.315  -3.466  46.707 0.4444440007
51707  -36.919  -4.381  44.789 0.8888890147
52725  -37.642  -3.768  45.044 0.8888890147
48557  -24.459  -7.495  47.722 0.8888890147
51715  -36.541  -4.191  44.025 0.8888890147
48556  -23.500  -7.536  47.374 0.8888890147
51724  -36.149  -4.231  43.421 0.8888890147
48574  -24.175  -7.639  46.754 0.8888890147
107391  -25.590  -7.682  46.088 0.8888890147
52736  -36.796  -3.650  43.303 0.8888890147
48573  -23.328  -7.648  46.555 0.6666669846
107068  -24.734  -7.703  46.086 0.7777780294
47611  -22.279  -7.909  45.583 0.6666669846
48592  -25.168  -7.723  45.381 0.7777780294
47623  -21.752  -8.167  45.012 0.4444440007
114525  -22.429  -8.149  44.923 0.4444440007
47641  -24.193  -8.083  43.565 0.6666669846
105969  -21.270  -8.287  44.333 0.4444440007
47654  -24.991  -7.827  42.576 0.6666669846
48639  -25.524  -7.373  42.228 0.5555559993
47666  -24.990  -7.803  41.841 0.5555559993
48654  -25.473  -7.265  41.476 0.5555559993
48668  -25.407  -7.120  40.680 0.5555559993
48680  -25.295  -6.927  39.881 0.4444440007
49745  -25.940  -6.029  39.392 0.1111110002
49757  -25.930  -5.743  38.510 0.1111110002
49758  -26.547  -5.861  38.209 0.1111110002
49770  -26.596  -5.956  37.249 0.1111110002
49771  -27.318  -6.408  37.595 0.1111110002
116848  -29.506  -6.859  37.178 0.3333329856
120286  -30.078  -6.815  37.665 0.4444440007
52694  -38.719  -3.211  48.990 0.1111110002
53567  -39.131  -2.971  49.073 0.2222220004
53573  -39.134  -2.608  48.600 0.2222220004
53574  -39.549  -2.445  48.722 0.1111110002
53584  -39.059  -2.405  47.923 0.3333329856
53585  -39.555  -2.077  48.273 0.1111110002
102463  -39.713  -1.676  46.868 0.2222220004
53615  -38.802  -2.813  46.130 0.5555559993
119721  -38.220  -3.184  44.911 0.7777780294
52724  -37.188  -3.708  44.163 0.8888890147
52738  -37.846  -3.195  44.276 0.8888890147
52737  -37.486  -3.268  43.592 0.8888890147
104042  -23.923  -7.733  45.963 0.6666669846
47613  -23.723  -7.902  45.144 0.7777780294
51733  -36.170  -3.846  42.683 0.8888890147
48590  -23.114  -7.803  45.794 0.6666669846
47626  -23.983  -8.019  44.308 0.6666669846
51732  -35.578  -4.041  42.026 0.8888890147
52753  -36.725  -3.423  42.526 0.8888890147
47612  -22.919  -7.990  45.183 0.5555559993
104930  -23.511  -8.214  43.776 0.5555559993
108576  -24.341  -8.123  42.843 0.5555559993
48667  -24.724  -7.717  40.281 0.3333329856
54508  -40.447  -1.235  47.973 0.1111110002
53616  -39.379  -2.147  45.772 0.5555559993
54532  -40.425  -0.992  47.230 0.1111110002
55483  -40.922  -0.621  47.472 0.1111110002
53633  -39.245  -2.318  44.689 0.7777780294
54551  -40.065  -1.355  46.116 0.2222220004
102488  -39.936  -1.688  45.010 0.3333329856
53650  -38.236  -2.791  43.533 0.8888890147
52754  -37.473  -3.068  42.761 0.8888890147
53651  -39.184  -2.380  43.147 0.8888890147
52752  -36.286  -3.499  41.965 0.8888890147
52767  -35.896  -3.584  41.275 1.0000000000
52769  -36.984  -3.103  41.958 1.0000000000
56460  -41.833  0.660  46.553 0.1111110002
55499  -40.973  -0.234  46.934 0.2222220004
55500  -41.376  0.031  47.029 0.1111110002
54568  -40.526  -1.252  44.424 0.4444440007
54552  -40.520  -1.015  45.458 0.2222220004
118032  -40.585  -0.740  46.415 0.2222220004
54567  -39.843  -1.950  43.878 0.5555559993
53677  -38.665  -2.358  41.700 1.0000000000
102187  -37.785  -2.723  41.895 1.0000000000
53676  -37.245  -2.818  41.252 1.0000000000
52768  -36.565  -3.199  41.310 1.0000000000
57313  -41.974  1.189  46.003 0.2222220004
56466  -41.657  0.876  45.596 0.2222220004
56461  -42.387  0.564  46.539 0.2222220004
56459  -41.529  0.407  46.385 0.1111110002
55544  -40.942  -0.569  44.079 0.2222220004
55532  -40.916  -0.489  45.032 0.2222220004
55533  -41.287  0.205  44.803 0.2222220004
54581  -40.514  -1.268  43.430 0.5555559993
55545  -41.239  0.293  43.885 0.2222220004
54580  -39.965  -1.822  42.829 0.5555559993
55558  -40.797  -0.367  43.164 0.5555559993
53678  -39.332  -1.923  41.566 0.8888890147
54591  -39.875  -1.573  41.966 0.7777780294
54602  -38.853  -1.923  40.887 1.0000000000
53690  -37.436  -2.558  40.448 1.0000000000
53691  -38.193  -2.151  40.372 1.0000000000
101486  -36.482  -2.761  39.167 1.0000000000
53713  -36.042  -2.970  38.527 1.0000000000
56467  -42.226  1.250  46.084 0.1111110002
57320  -42.004  1.608  45.403 0.2222220004
56474  -41.598  1.047  44.701 0.2222220004
57329  -41.934  1.771  44.395 0.2222220004
57338  -41.629  1.492  43.280 0.3333329856
56481  -41.516  1.048  43.816 0.2222220004
55559  -41.084  0.628  42.923 0.2222220004
56488  -40.496  -0.080  42.255 0.5555559993
55572  -40.088  -0.727  41.673 0.7777780294
54603  -39.548  -1.264  41.097 0.7777780294
121402  -39.085  -1.311  40.472 1.0000000000
121745  -37.771  -2.261  40.033 1.0000000000
53714  -37.180  -2.158  38.694 1.0000000000
53702  -38.078  -1.918  39.762 1.0000000000
108418  -36.552  -2.516  38.242 1.0000000000
52822  -35.365  -3.210  37.305 1.0000000000
57321  -42.358  1.676  45.609 0.2222220004
57322  -42.793  1.746  45.791 0.1111110002
57330  -42.365  2.029  45.038 0.2222220004
56494  -40.734  0.725  41.941 0.5555559993
55587  -39.802  -0.380  40.941 0.7777780294
55588  -40.222  0.188  41.365 0.7777780294
117262  -38.902  -1.006  39.894 0.8888890147
55602  -38.421  -1.344  39.459 1.0000000000
54617  -39.368  -0.709  40.399 0.8888890147
54645  -37.654  -1.500  38.323 1.0000000000
54633  -37.841  -1.709  39.083 1.0000000000
53727  -37.086  -1.938  37.871 1.0000000000
116868  -35.966  -2.657  37.134 1.0000000000
53726  -36.499  -2.316  37.440 1.0000000000
53744  -35.674  -2.708  36.459 1.0000000000
53725  -35.982  -2.843  37.823 1.0000000000
52858  -34.351  -3.200  34.091 0.7777780294
53758  -34.774  -2.942  34.651 0.8888890147
58247  -42.688  2.142  45.189 0.1111110002
58263  -42.168  2.202  43.607 0.2222220004
58254  -42.453  2.261  44.350 0.2222220004
58269  -41.862  1.975  42.628 0.4444440007
57346  -41.291  1.292  42.338 0.4444440007
57353  -40.602  0.962  41.185 0.7777780294
120171  -39.945  0.132  40.836 0.6666669846
56501  -39.657  0.106  40.322 0.7777780294
56502  -40.144  0.575  40.705 0.6666669846
55603  -39.132  -0.291  39.739 0.7777780294
55616  -38.404  -0.378  38.481 0.8888890147
55617  -38.869  0.073  39.025 0.8888890147
54646  -38.208  -1.107  38.732 1.0000000000
55615  -37.924  -0.852  37.980 1.0000000000
53745  -36.315  -2.184  36.654 1.0000000000
54659  -36.953  -1.582  37.023 1.0000000000
52847  -35.339  -2.710  35.470 0.8888890147
52865  -34.073  -3.183  33.336 0.4444440007
53768  -35.323  -2.158  34.468 0.7777780294
52872  -33.527  -3.250  32.401 0.3333329856
53767  -34.676  -2.473  33.725 0.3333329856
53783  -33.559  -2.504  31.981 0.2222220004
53776  -35.070  -1.800  33.815 0.4444440007
58255  -42.749  2.457  44.563 0.1111110002
58276  -41.596  1.746  41.705 0.3333329856
58270  -42.489  2.661  42.816 0.3333329856
57354  -41.047  1.261  41.616 0.4444440007
58277  -42.227  2.381  41.834 0.4444440007
57363  -41.224  1.621  40.885 0.4444440007
112852  -41.851  2.189  41.077 0.4444440007
56509  -39.427  0.471  39.518 0.7777780294
57362  -40.560  1.236  40.447 0.6666669846
57371  -39.792  1.282  39.205 0.7777780294
56517  -39.177  0.855  38.744 0.7777780294
56529  -38.896  1.201  38.059 0.7777780294
55629  -38.101  0.014  37.629 0.8888890147
56516  -38.636  0.446  38.251 0.8888890147
56528  -38.401  1.008  37.439 0.7777780294
57390  -38.782  1.889  37.537 0.6666669846
57398  -38.169  1.948  36.792 0.6666669846
119714  -37.539  -0.712  37.108 1.0000000000
56527  -37.738  0.196  36.856 1.0000000000
120999  -38.059  0.536  37.169 1.0000000000
56537  -37.932  1.046  36.716 0.8888890147
57397  -37.471  1.920  35.987 0.7777780294
115898  -37.064  -0.973  36.405 0.8888890147
56545  -37.053  1.323  35.549 0.8888890147
53760  -36.039  -2.141  35.836 0.8888890147
54677  -36.581  -1.507  36.124 0.8888890147
55644  -37.263  -0.218  36.289 1.0000000000
56536  -37.428  0.737  36.160 0.8888890147
53759  -35.805  -2.017  35.105 0.8888890147
54693  -36.212  -1.440  35.334 0.8888890147
55643  -36.697  -0.646  35.623 0.8888890147
55657  -36.426  0.216  34.901 1.0000000000
56544  -36.572  1.232  34.953 1.0000000000
57407  -36.853  2.223  35.072 1.0000000000
54704  -35.779  -1.455  34.635 0.8888890147
54705  -36.146  -0.698  34.787 0.8888890147
55658  -36.939  0.393  35.577 1.0000000000
57406  -36.369  1.988  34.327 1.0000000000
105538  -35.413  -1.492  34.107 0.7777780294
55666  -35.614  -0.709  34.042 0.8888890147
55667  -35.921  0.165  34.214 0.8888890147
56559  -35.639  1.042  33.593 1.0000000000
56552  -36.079  1.144  34.259 1.0000000000
57425  -36.007  1.780  33.571 1.0000000000
54730  -34.179  -1.120  32.454 0.2222220004
54719  -35.124  -1.116  33.578 0.6666669846
55674  -35.101  -0.142  33.343 0.6666669846
55675  -35.484  0.230  33.664 0.8888890147
54731  -34.639  -0.581  32.936 0.4444440007
110114  -35.183  0.876  33.039 0.8888890147
56558  -35.549  1.558  32.875 0.8888890147
54744  -33.613  -0.369  31.810 0.4444440007
55688  -33.108  0.566  31.086 0.5555559993
55681  -34.123  0.145  32.235 0.5555559993
55682  -34.679  0.532  32.596 0.6666669846
55689  -33.808  0.729  31.491 0.5555559993
58264  -42.787  2.814  43.734 0.1111110002
59238  -43.355  3.076  44.081 0.1111110002
109998  -43.030  3.559  42.726 0.2222220004
108078  -42.774  3.019  41.949 0.2222220004
120031  -40.980  1.828  40.141 0.4444440007
57372  -40.438  1.598  39.697 0.6666669846
57379  -40.154  2.119  38.993 0.6666669846
57378  -39.429  1.819  38.331 0.7777780294
58297  -39.664  2.848  38.401 0.6666669846
113972  -39.044  2.715  37.729 0.6666669846
58305  -38.462  2.780  37.027 0.5555559993
58306  -38.811  3.313  37.262 0.6666669846
58314  -37.895  2.912  36.167 0.7777780294
59301  -38.531  3.392  36.618 0.6666669846
59314  -38.228  3.428  36.007 0.7777780294
58313  -37.395  2.675  35.439 0.8888890147
58336  -37.163  2.848  34.810 0.8888890147
58337  -37.641  3.067  34.678 0.8888890147
58345  -37.043  2.889  34.157 0.8888890147
57416  -36.778  2.609  34.368 0.8888890147
58353  -37.303  2.618  33.437 0.8888890147
57426  -36.541  2.417  33.666 0.7777780294
101398  -36.918  2.148  32.894 0.7777780294
57432  -36.161  1.938  32.896 0.7777780294
56567  -35.041  1.308  32.252 0.8888890147
56575  -35.146  1.188  31.489 0.8888890147
56574  -33.788  1.089  30.788 0.5555559993
121314  -34.124  1.103  31.158 0.7777780294
56566  -34.420  1.058  31.703 0.6666669846
56584  -34.555  1.067  30.842 0.6666669846
59252  -43.308  3.496  43.525 0.1111110002
59251  -43.208  3.459  43.368 0.1111110002
60203  -43.327  4.016  42.737 0.2222220004
59274  -42.896  3.815  41.557 0.2222220004
58285  -42.377  3.011  40.974 0.3333329856
59280  -41.734  3.586  40.125 0.3333329856
58291  -40.790  2.354  39.599 0.5555559993
58292  -41.014  3.192  39.595 0.3333329856
59287  -40.980  4.159  39.598 0.3333329856
58298  -40.339  2.999  39.038 0.4444440007
116817  -40.417  3.803  39.199 0.4444440007
59292  -39.797  3.914  38.571 0.3333329856
59286  -40.283  4.604  39.099 0.3333329856
60271  -39.867  4.836  38.439 0.3333329856
59291  -39.230  3.540  37.841 0.5555559993
59302  -39.057  3.767  37.165 0.6666669846
60278  -39.419  4.286  37.827 0.3333329856
60292  -39.352  4.331  37.067 0.3333329856
59315  -38.843  3.758  36.529 0.5555559993
59327  -38.971  3.795  35.726 0.6666669846
60300  -39.482  4.331  36.156 0.3333329856
59326  -38.314  3.375  35.257 0.8888890147
60308  -39.772  4.330  35.206 0.5555559993
58346  -37.882  2.944  33.890 0.7777780294
59336  -38.704  3.226  34.325 0.7777780294
115331  -37.786  2.158  32.800 0.8888890147
58354  -38.345  2.577  33.060 0.8888890147
57438  -36.793  1.524  32.245 0.7777780294
111895  -37.708  1.579  32.249 0.7777780294
57437  -35.823  1.438  32.102 0.8888890147
103610  -35.909  1.014  31.304 0.7777780294
56594  -34.082  0.855  30.107 0.6666669846
56595  -35.089  0.185  30.194 0.7777780294
56585  -35.485  0.735  30.795 0.7777780294
117175  -35.959  -0.113  30.204 0.6666669846
55708  -34.640  -0.240  29.462 0.5555559993
114122  -35.241  -0.851  28.754 0.6666669846
55709  -35.767  -0.528  29.417 0.6666669846
60234  -43.268  4.522  41.977 0.2222220004
107685  -42.858  4.640  41.191 0.2222220004
60235  -43.461  5.335  41.856 0.2222220004
61214  -43.645  5.816  41.751 0.1111110002
60250  -42.343  5.057  40.618 0.3333329856
60249  -41.659  4.620  40.091 0.3333329856
60261  -40.958  5.097  39.580 0.3333329856
61236  -41.181  5.992  39.490 0.3333329856
62263  -43.510  6.940  40.610 0.2222220004
61250  -40.789  6.123  38.715 0.3333329856
60279  -39.735  4.969  37.630 0.3333329856
62276  -43.192  7.568  39.907 0.2222220004
61249  -40.244  5.523  38.218 0.3333329856
62296  -41.435  6.845  38.076 0.3333329856
122573  -40.723  6.157  37.895 0.3333329856
60293  -39.928  4.981  36.554 0.3333329856
61261  -40.513  5.691  37.035 0.3333329856
61274  -40.743  5.620  35.583 0.3333329856
61283  -41.425  6.441  34.390 0.3333329856
59337  -39.549  3.876  34.570 0.6666669846
61282  -40.979  5.738  34.147 0.3333329856
58347  -39.007  3.027  33.443 0.7777780294
60309  -40.578  4.860  34.129 0.5555559993
58360  -38.537  2.077  32.149 0.8888890147
58355  -39.338  2.910  32.541 0.7777780294
120144  -37.538  1.115  31.747 0.7777780294
57439  -38.180  1.287  31.562 0.7777780294
56576  -36.851  0.895  31.427 0.7777780294
56577  -37.725  0.864  31.083 0.7777780294
57444  -38.359  1.236  30.648 0.7777780294
109552  -38.805  1.885  31.126 0.7777780294
57449  -37.834  0.764  30.209 0.7777780294
56596  -37.266  0.272  29.947 0.7777780294
55699  -36.503  0.325  30.636 0.7777780294
57457  -37.762  0.795  29.181 0.7777780294
57450  -38.363  1.349  29.663 0.7777780294
55719  -35.978  -0.731  28.462 0.6666669846
55710  -36.629  -0.178  29.704 0.7777780294
105523  -37.356  0.496  28.383 0.7777780294
55720  -36.705  -0.266  28.623 0.7777780294
55711  -37.224  0.128  29.146 0.7777780294
120957  -37.774  1.184  28.321 0.7777780294
56626  -36.808  0.851  27.058 0.5555559993
57469  -37.398  1.189  27.554 0.7777780294
57470  -38.021  1.866  27.876 0.7777780294
121243  -36.076  0.846  26.252 0.5555559993
57491  -37.006  1.633  26.642 0.5555559993
56654  -36.408  1.462  26.115 0.5555559993
57512  -36.230  1.879  25.551 0.3333329856
57513  -36.799  2.153  25.873 0.5555559993
115318  -42.970  5.345  41.247 0.2222220004
61213  -43.204  6.091  41.156 0.2222220004
61225  -42.444  5.897  40.571 0.3333329856
62262  -42.673  6.683  40.337 0.3333329856
61237  -41.900  6.338  39.961 0.3333329856
62275  -42.200  7.115  39.621 0.3333329856
63199  -43.049  8.091  39.113 0.3333329856
62286  -42.202  7.490  38.700 0.3333329856
63211  -43.053  8.576  37.908 0.3333329856
62297  -42.242  7.685  37.693 0.3333329856
64149  -43.653  9.337  36.563 0.3333329856
64162  -43.375  9.193  35.354 0.2222220004
61262  -41.274  6.498  36.981 0.3333329856
63223  -41.955  7.370  36.795 0.3333329856
62314  -42.469  8.146  35.206 0.2222220004
63251  -43.368  8.758  34.421 0.2222220004
62313  -41.754  7.075  35.905 0.3333329856
62322  -42.610  7.837  33.954 0.2222220004
61291  -41.700  6.478  33.270 0.2222220004
61293  -42.882  7.227  33.665 0.2222220004
60314  -40.537  4.484  33.428 0.3333329856
61290  -41.369  5.881  33.235 0.2222220004
61298  -42.116  6.590  33.183 0.2222220004
104568  -39.748  3.504  33.004 0.6666669846
60315  -41.047  5.350  33.183 0.4444440007
59345  -40.910  4.953  33.019 0.3333329856
102529  -40.571  4.278  32.945 0.6666669846
58361  -39.380  2.560  31.630 0.8888890147
114703  -39.896  3.319  32.019 0.6666669846
59352  -40.274  3.830  32.508 0.4444440007
58367  -38.871  1.932  30.139 0.7777780294
58368  -39.443  2.501  30.693 0.7777780294
58378  -38.783  2.133  29.178 0.7777780294
57458  -38.266  1.580  28.723 0.7777780294
58412  -37.677  2.194  27.065 0.6666669846
58413  -38.308  2.725  27.418 0.6666669846
58429  -37.448  2.538  26.209 0.6666669846
58430  -38.097  3.006  26.577 0.6666669846
58459  -35.625  2.415  24.565 0.1111110002
118724  -36.084  2.249  25.073 0.3333329856
58439  -36.622  2.440  25.224 0.5555559993
58440  -37.321  2.813  25.290 0.5555559993
58441  -38.041  3.148  25.724 0.6666669846
59346  -42.289  4.279  32.832 0.2222220004
59347  -42.441  4.799  33.033 0.1111110002
119151  -42.319  3.905  33.225 0.1111110002
59357  -40.727  4.100  32.018 0.4444440007
59356  -39.937  3.280  31.316 0.6666669846
59366  -39.867  3.252  30.384 0.7777780294
58379  -39.430  2.700  29.692 0.7777780294
58393  -39.169  2.916  28.699 0.7777780294
58392  -38.570  2.413  28.272 0.7777780294
59392  -38.909  3.229  27.806 0.7777780294
59421  -38.678  3.521  26.951 0.7777780294
59422  -39.258  4.027  26.510 0.6666669846
58460  -36.390  2.634  24.641 0.3333329856
58462  -38.162  3.028  24.896 0.5555559993
59437  -38.659  3.568  26.140 0.6666669846
59438  -39.345  3.857  25.814 0.7777780294
59423  -39.841  4.386  26.206 0.7777780294
58461  -37.657  2.822  24.261 0.3333329856
59464  -38.761  3.366  25.391 0.6666669846
59439  -40.049  4.024  25.675 0.7777780294
111175  -41.459  4.853  32.451 0.2222220004
60322  -41.985  4.248  32.183 0.3333329856
58357  -42.132  3.988  32.827 0.2222220004
59367  -40.585  3.922  31.078 0.4444440007
103804  -40.971  4.719  30.920 0.4444440007
59379  -40.275  3.904  29.935 0.5555559993
120028  -39.791  3.300  29.765 0.8888890147
116231  -39.697  3.445  29.159 0.7777780294
59393  -39.521  3.701  28.236 0.7777780294
60372  -39.879  4.483  27.817 0.7777780294
59408  -39.329  3.949  27.335 0.7777780294
60387  -39.797  4.522  26.914 0.7777780294
117449  -40.277  4.747  26.613 0.7777780294
60405  -40.494  4.556  26.126 0.7777780294
101988  -38.477  2.668  24.180 0.4444440007
105662  -38.980  2.821  24.641 0.5555559993
59465  -39.561  3.380  25.211 0.7777780294
59440  -40.921  3.987  25.634 0.7777780294
58490  -38.340  2.540  23.427 0.4444440007
58491  -39.235  2.289  23.781 0.5555559993
58463  -39.884  2.643  24.544 0.6666669846
59466  -40.424  3.321  25.151 0.7777780294
59353  -42.280  4.706  32.683 0.2222220004
60339  -41.208  4.837  31.621 0.4444440007
60373  -40.471  5.035  28.454 0.6666669846
60354  -40.701  4.825  29.622 0.5555559993
60388  -40.443  5.071  27.386 0.5555559993
60406  -41.640  5.329  26.569 0.6666669846
107320  -40.852  5.074  26.633 0.7777780294
60426  -41.340  4.694  26.031 0.7777780294
60427  -42.397  4.847  25.906 0.7777780294
59441  -41.882  4.022  25.475 0.7777780294
58492  -40.265  2.048  23.730 0.5555559993
58464  -40.839  2.551  24.469 0.5555559993
59467  -41.372  3.251  25.063 0.7777780294
60327  -42.115  4.945  32.059 0.3333329856
60340  -41.490  5.392  31.648 0.4444440007
60355  -41.326  5.434  30.606 0.4444440007
61323  -41.777  6.071  31.768 0.3333329856
61338  -41.058  5.598  29.272 0.4444440007
61361  -41.473  6.236  29.030 0.5555559993
61383  -40.927  5.707  28.187 0.5555559993
61384  -41.542  6.196  27.991 0.5555559993
61385  -42.362  6.402  27.775 0.5555559993
60389  -41.140  5.637  27.298 0.5555559993
61404  -41.915  5.953  27.116 0.5555559993
61405  -42.793  5.953  26.938 0.5555559993
118745  -42.373  5.509  26.534 0.6666669846
61406  -43.762  5.653  26.870 0.6666669846
60407  -43.176  5.322  26.285 0.7777780294
59442  -42.901  3.987  25.243 0.7777780294
58493  -41.228  2.012  23.612 0.2222220004
58465  -41.772  2.576  24.343 0.7777780294
59468  -42.321  3.226  24.904 0.7777780294
104004  -40.664  1.883  22.803 0.2222220004
58468  -45.168  2.993  24.103 0.7777780294
58469  -45.899  2.756  23.986 0.7777780294
58470  -46.862  2.633  24.140 0.7777780294
61310  -41.946  5.964  31.887 0.3333329856
60329  -43.010  5.927  32.301 0.4444440007
62361  -41.946  6.618  31.252 0.3333329856
61340  -41.927  6.793  30.105 0.4444440007
61362  -41.967  6.787  28.806 0.4444440007
62398  -42.437  7.383  29.808 0.4444440007
62399  -43.228  7.704  29.330 0.4444440007
61363  -42.808  7.007  28.508 0.4444440007
62400  -44.221  7.711  29.243 0.4444440007
61364  -43.797  6.873  28.361 0.4444440007
61386  -43.307  6.312  27.622 0.5555559993
61387  -44.328  6.032  27.523 0.5555559993
61365  -44.847  6.580  28.229 0.4444440007
61366  -45.889  6.283  28.182 0.4444440007
60428  -43.533  4.592  25.662 0.7777780294
58494  -42.126  2.139  23.519 0.4444440007
58466  -42.677  2.627  24.184 0.7777780294
59469  -43.253  3.174  24.693 0.7777780294
59443  -44.007  3.795  24.990 0.7777780294
103867  -41.644  1.885  22.597 0.2222220004
118498  -44.003  3.127  24.429 0.7777780294
59470  -44.708  3.275  24.530 0.7777780294
59472  -46.393  3.185  24.666 0.7777780294
58510  -42.419  1.952  22.060 0.2222220004
101700  -48.174  1.418  22.282 0.6666669846
57566  -48.429  1.337  21.546 0.5555559993
115056  -42.724  7.025  32.317 0.4444440007
61324  -42.096  6.725  31.812 0.4444440007
62362  -42.439  7.260  31.483 0.4444440007
62377  -42.911  7.988  30.854 0.4444440007
62401  -45.292  7.242  28.902 0.4444440007
62402  -46.258  6.986  28.892 0.4444440007
61407  -44.717  5.347  26.806 0.7777780294
61388  -45.439  5.653  27.410 0.4444440007
60408  -44.154  5.046  26.178 0.7777780294
60409  -45.052  4.738  26.204 0.7777780294
60429  -44.554  4.355  25.614 0.7777780294
60430  -45.477  4.209  25.656 0.7777780294
60410  -45.881  4.598  26.257 0.7777780294
59445  -46.346  4.117  25.748 0.7777780294
59444  -45.052  3.797  25.062 0.7777780294
60411  -46.716  4.538  26.377 0.7777780294
105106  -45.947  3.689  25.172 0.7777780294
109330  -46.805  3.591  25.285 0.7777780294
58443  -48.972  2.853  25.090 0.7777780294
58473  -49.440  2.395  24.596 0.7777780294
58472  -48.642  2.400  24.448 0.7777780294
57538  -48.391  1.869  23.619 0.7777780294
57525  -49.148  2.000  24.065 0.7777780294
120210  -48.283  1.594  22.964 0.6666669846
104021  -48.826  1.518  22.881 0.7777780294
102202  -49.010  1.342  22.043 0.5555559993
101893  -48.209  1.348  20.817 0.4444440007
62378  -44.149  8.389  30.524 0.4444440007
121355  -44.826  7.979  29.747 0.4444440007
63299  -44.911  8.455  30.686 0.4444440007
62379  -45.596  7.863  29.732 0.4444440007
63300  -45.789  8.604  30.803 0.4444440007
62380  -46.513  7.774  29.826 0.4444440007
61367  -47.211  6.770  29.083 0.4444440007
103586  -46.870  6.113  28.269 0.5555559993
61408  -45.479  5.088  26.681 0.7777780294
61389  -46.498  5.556  27.565 0.5555559993
60390  -46.203  5.096  26.844 0.7777780294
60391  -47.076  5.006  27.013 0.5555559993
60392  -47.955  4.896  27.173 0.6666669846
60412  -47.580  4.471  26.519 0.7777780294
59448  -49.342  3.309  25.677 0.7777780294
59449  -50.146  3.211  25.787 0.7777780294
58444  -49.782  2.801  25.205 0.7777780294
58474  -50.238  2.412  24.667 0.7777780294
57526  -49.893  1.990  24.050 0.7777780294
57539  -49.394  1.698  23.470 0.7777780294
57540  -50.406  1.676  23.336 0.7777780294
57554  -49.695  1.464  22.686 0.7777780294
57567  -49.915  1.374  21.690 0.5555559993
106560  -49.052  1.336  21.107 0.4444440007
62381  -47.472  7.639  29.999 0.4444440007
62382  -48.261  7.554  30.299 0.5555559993
108080  -47.823  5.979  28.427 0.5555559993
60374  -49.202  5.166  28.024 0.5555559993
61391  -48.339  5.333  27.843 0.5555559993
58446  -51.376  2.741  25.382 0.7777780294
58445  -50.579  2.757  25.301 0.7777780294
57527  -50.738  2.091  24.080 0.7777780294
57555  -50.575  1.474  22.456 0.5555559993
57578  -49.830  1.374  20.654 0.4444440007
57568  -50.511  1.385  21.117 0.5555559993
57577  -49.287  1.393  19.847 0.4444440007
122221  -49.229  1.365  20.514 0.4444440007
62365  -48.664  8.077  31.185 0.4444440007
63274  -49.213  7.748  32.321 0.3333329856
61328  -50.009  6.616  30.329 0.5555559993
61341  -48.267  6.667  29.378 0.5555559993
61369  -49.562  5.557  28.770 0.5555559993
61368  -48.736  5.774  28.607 0.5555559993
60375  -50.045  4.976  28.303 0.6666669846
60395  -50.712  4.341  27.809 0.6666669846
101528  -51.021  3.732  27.037 0.6666669846
58431  -50.920  3.124  25.883 0.7777780294
110040  -51.209  3.399  26.427 0.6666669846
58432  -51.674  3.133  26.017 0.7777780294
119089  -51.707  2.502  24.839 0.7777780294
57541  -51.319  1.887  23.517 0.7777780294
105742  -51.146  1.629  22.905 0.7777780294
106157  -50.762  1.409  21.709 0.7777780294
57556  -51.460  1.563  22.159 0.7777780294
107896  -50.116  1.416  19.764 0.4444440007
61370  -50.310  5.486  29.044 0.6666669846
60360  -50.904  4.998  28.691 0.6666669846
59427  -51.896  3.495  26.857 0.6666669846
119659  -52.315  3.228  26.231 0.6666669846
58447  -52.303  2.798  25.416 0.7777780294
58476  -52.258  2.440  24.452 0.7777780294
57542  -51.885  1.811  22.932 0.7777780294
57569  -51.330  1.449  21.094 0.6666669846
57557  -52.261  1.836  22.306 0.7777780294
57580  -51.556  1.511  20.059 0.6666669846
57570  -52.152  1.685  21.518 0.7777780294
57579  -50.703  1.413  20.403 0.5555559993
112790  -50.819  1.457  19.674 0.4444440007
62353  -51.334  6.061  32.153 0.3333329856
62367  -50.429  6.871  31.435 0.4444440007
62368  -51.128  6.434  31.544 0.3333329856
105500  -51.089  5.648  29.543 0.5555559993
61344  -51.922  5.767  30.242 0.5555559993
60361  -51.783  5.194  29.250 0.6666669846
61345  -52.534  5.688  30.671 0.5555559993
60376  -51.611  4.553  28.398 0.6666669846
59401  -52.261  4.331  28.196 0.6666669846
59412  -52.632  3.955  27.650 0.6666669846
59428  -52.762  3.504  26.845 0.6666669846
59450  -53.722  3.412  26.015 0.6666669846
58448  -53.118  3.028  25.468 0.7777780294
102588  -52.975  2.723  24.759 0.7777780294
59474  -53.740  3.189  25.131 0.6666669846
102830  -52.875  2.439  23.916 0.7777780294
58503  -54.067  3.114  23.556 0.7777780294
58501  -52.850  2.198  22.938 0.7777780294
58512  -52.873  2.100  21.901 0.7777780294
57614  -50.271  1.806  17.318 0.4444440007
57605  -50.858  1.560  18.126 0.5555559993
114399  -52.108  1.620  20.726 0.6666669846
58524  -52.820  1.981  20.987 0.6666669846
57592  -51.262  1.541  19.106 0.5555559993
57581  -52.592  1.896  20.006 0.6666669846
57591  -50.429  1.462  18.962 0.4444440007
60349  -54.078  4.340  30.906 0.4444440007
60377  -52.445  4.848  28.898 0.5555559993
60362  -52.767  5.431  29.930 0.5555559993
60363  -53.782  4.946  30.491 0.4444440007
58374  -54.287  3.625  30.583 0.4444440007
101480  -53.235  5.031  29.348 0.5555559993
59402  -53.017  4.555  28.549 0.6666669846
118777  -53.297  3.865  27.386 0.6666669846
59414  -54.053  4.236  27.535 0.6666669846
59430  -54.351  4.030  26.766 0.6666669846
59429  -53.519  3.635  26.783 0.6666669846
59451  -54.618  3.902  25.824 0.6666669846
59475  -54.451  3.561  24.618 0.6666669846
59489  -54.738  3.733  23.897 0.7777780294
108724  -53.618  2.624  22.981 0.7777780294
58564  -51.365  1.956  17.135 0.5555559993
113456  -51.923  1.773  18.377 0.5555559993
58513  -53.556  2.495  22.272 0.7777780294
58544  -53.342  2.508  19.341 0.7777780294
58535  -53.462  2.419  20.423 0.7777780294
58525  -53.536  2.429  21.375 0.7777780294
58526  -54.177  2.886  21.788 0.7777780294
57593  -51.994  1.664  19.349 0.6666669846
112280  -53.654  5.215  29.933 0.4444440007
107226  -54.556  4.496  30.336 0.4444440007
59388  -55.111  3.932  30.123 0.4444440007
60378  -54.030  5.014  29.137 0.5555559993
101393  -54.355  4.929  29.735 0.4444440007
60396  -54.601  4.944  28.434 0.6666669846
113664  -54.933  5.106  29.116 0.5555559993
60415  -55.771  5.328  27.085 0.6666669846
60431  -55.628  5.041  26.171 0.5555559993
117067  -55.144  4.321  25.289 0.6666669846
58514  -54.152  2.985  22.652 0.7777780294
59498  -54.705  3.610  23.137 0.7777780294
113449  -52.792  2.325  18.448 0.5555559993
59506  -54.731  3.522  22.241 0.7777780294
58545  -54.118  3.005  19.933 0.7777780294
58536  -54.146  2.892  20.882 0.7777780294
61419  -56.419  5.649  26.658 0.5555559993
114528  -56.378  5.771  26.020 0.5555559993
60442  -55.822  5.252  24.517 0.6666669846
60417  -57.406  5.294  26.335 0.3333329856
59453  -57.528  4.164  25.671 0.3333329856
60447  -55.768  5.215  23.607 0.6666669846
59507  -55.326  4.232  21.786 0.7777780294
114338  -55.173  3.875  20.945 0.7777780294
60459  -55.570  4.562  20.954 0.7777780294
61420  -56.941  6.050  26.235 0.4444440007
61421  -57.191  5.998  25.915 0.3333329856
61425  -56.651  6.066  25.381 0.6666669846
60432  -57.659  5.352  25.301 0.3333329856
60453  -55.721  5.199  22.657 0.6666669846
61467  -55.893  5.569  20.909 0.7777780294
61450  -55.753  5.322  21.734 0.6666669846
114320  -57.121  6.210  25.558 0.5555559993
61427  -57.406  6.189  24.939 0.4444440007
61426  -57.160  6.456  24.826 0.6666669846
60443  -57.943  5.735  24.411 0.3333329856
61434  -56.791  6.947  24.135 0.6666669846
61441  -56.764  7.210  23.247 0.6666669846
62469  -56.724  7.612  20.982 0.6666669846
62455  -56.547  7.531  21.678 0.6666669846
61451  -56.027  6.551  21.704 0.6666669846
114827  -56.047  6.384  22.573 0.6666669846
62418  -57.451  6.724  24.053 0.4444440007
63403  -57.224  7.991  22.387 0.6666669846
63430  -57.285  8.093  20.773 0.6666669846
63419  -57.591  8.093  21.793 0.5555559993
63425  -57.802  8.375  20.974 0.5555559993
61428  -57.784  6.525  24.084 0.4444440007
62424  -57.366  7.334  23.390 0.5555559993
62425  -57.567  7.128  23.425 0.4444440007
62439  -57.931  7.410  22.846 0.4444440007
62438  -57.511  7.726  22.998 0.5555559993
63404  -57.677  7.891  22.366 0.5555559993
63426  -58.089  8.381  20.813 0.3333329856
58499  -47.360  2.109  23.571 0.7777780294
58498  -46.469  2.245  23.439 0.7777780294
59473  -47.281  3.089  24.772 0.7777780294
58471  -47.778  2.489  24.269 0.7777780294
58442  -48.143  2.968  24.924 0.7777780294
101498  -47.729  1.678  22.948 0.7777780294
59446  -47.663  3.497  25.420 0.7777780294
59447  -48.513  3.399  25.557 0.7777780294
59424  -47.198  4.034  25.885 0.7777780294
59425  -48.052  3.939  26.036 0.7777780294
59426  -48.890  3.794  26.196 0.7777780294
60413  -48.438  4.358  26.675 0.7777780294
116408  -49.721  3.665  26.313 0.7777780294
60393  -48.819  4.749  27.342 0.6666669846
59409  -49.288  4.200  26.831 0.6666669846
59410  -50.153  3.992  26.983 0.6666669846
108878  -49.907  5.934  29.426 0.5555559993
62383  -49.036  7.122  30.301 0.5555559993
62366  -49.540  7.570  31.456 0.4444440007
61305  -50.972  5.803  32.572 0.3333329856
50592  -12.595  -4.596  56.354 0.5555559993
51606  -13.300  -3.567  56.498 0.5555559993
51622  -13.455  -3.307  55.974 0.5555559993
52648  -14.689  -2.793  55.190 0.5555559993
47441  -9.832  -8.369  58.579 0.4444440007
47453  -8.353  -8.368  56.476 0.4444440007
46571  -11.053  -9.220  55.797 0.6666669846
119912  -10.225  -9.133  55.892 0.6666669846
46580  -11.761  -9.105  54.909 0.7777780294
104679  -12.446  -8.001  54.554 0.7777780294
52649  -15.576  -2.352  55.285 0.5555559993
51651  -14.462  -4.156  52.943 0.7777780294
118060  -13.981  -4.835  52.663 0.7777780294
111808  -11.292  -9.438  54.062 0.6666669846
47498  -12.431  -8.372  53.516 0.7777780294
46604  -11.424  -9.287  52.482 0.5555559993
52662  -15.840  -2.352  54.321 0.5555559993
103240  -15.150  -4.308  52.071 0.8888890147
53543  -16.398  -1.879  55.458 0.4444440007
53550  -16.878  -1.925  54.972 0.6666669846
48511  -13.460  -7.436  48.982 0.6666669846
52634  -19.241  -3.275  56.099 0.1111110002
53538  -18.326  -2.321  56.066 0.4444440007
101425  -17.484  -2.615  54.060 0.7777780294
53551  -17.652  -2.171  55.075 0.4444440007
49504  -28.227  -6.839  54.743 0.5555559993
48459  -29.682  -7.914  53.743 0.4444440007
48504  -33.549  -6.911  51.432 0.3333329856
49548  -34.270  -6.412  51.598 0.2222220004
48522  -32.513  -7.611  49.617 0.4444440007
51627  -19.358  -2.958  54.860 0.7777780294
49547  -28.914  -7.399  52.531 0.6666669846
49598  -14.613  -6.441  48.090 0.5555559993
50591  -26.632  -6.289  55.223 0.3333329856
50629  -27.273  -6.024  54.222 0.6666669846
49512  -27.899  -6.374  53.785 0.5555559993
49620  -33.609  -6.309  48.238 0.6666669846
48501  -28.537  -7.616  50.125 1.0000000000
50590  -26.016  -6.253  55.530 0.2222220004
50646  -26.385  -5.898  53.174 0.8888890147
102594  -34.212  -6.123  48.040 0.6666669846
50671  -19.546  -5.367  50.355 0.7777780294
50696  -18.050  -5.603  48.756 0.7777780294
49603  -19.554  -6.401  48.218 0.7777780294
104637  -16.641  -6.427  45.811 0.4444440007
51601  -23.017  -5.287  55.394 0.1111110002
51612  -23.533  -5.086  54.979 0.2222220004
51630  -22.563  -4.714  54.857 0.6666669846
51631  -23.959  -5.030  54.817 0.6666669846
51633  -25.536  -5.474  54.656 0.6666669846
51613  -24.413  -5.315  54.918 0.4444440007
50609  -25.231  -5.358  54.443 0.6666669846
50610  -26.035  -5.569  54.500 0.7777780294
50697  -35.675  -5.305  48.898 0.4444440007
49527  -25.777  -6.209  52.391 1.0000000000
50640  -20.958  -5.375  52.237 0.7777780294
108226  -34.684  -6.252  47.400 0.6666669846
50710  -35.596  -5.965  47.254 0.6666669846
49557  -20.905  -6.345  50.070 0.8888890147
120475  -33.346  -7.155  45.336 0.8888890147
48596  -29.151  -7.016  45.404 1.0000000000
48532  -20.062  -6.848  47.831 0.7777780294
48554  -21.392  -7.380  47.539 0.7777780294
50625  -23.857  -5.558  53.688 0.7777780294
50641  -21.775  -5.684  52.453 0.7777780294
50658  -22.290  -6.111  51.816 0.7777780294
107498  -36.984  -5.148  46.932 0.5555559993
49540  -22.793  -6.496  51.209 0.8888890147
52709  -37.760  -4.171  46.777 0.4444440007
119932  -36.110  -5.665  45.136 0.8888890147
49647  -29.826  -6.440  44.947 1.0000000000
49667  -34.083  -6.923  44.464 0.8888890147
48595  -28.117  -7.395  45.608 0.8888890147
102712  -30.259  -6.453  44.546 0.8888890147
49685  -32.856  -6.899  43.730 0.8888890147
48535  -22.523  -7.308  48.389 0.7777780294
48513  -22.853  -7.161  49.074 1.0000000000
48577  -27.327  -7.625  46.272 0.8888890147
107252  -33.447  -6.522  43.200 0.8888890147
49697  -28.212  -6.145  42.544 0.7777780294
49714  -30.592  -6.757  41.856 0.7777780294
106535  -26.163  -7.326  43.865 0.7777780294
49680  -27.674  -6.161  43.127 0.7777780294
49732  -31.154  -6.705  41.044 0.6666669846
49711  -26.576  -6.271  41.486 0.5555559993
101627  -26.600  -5.983  39.911 0.5555559993
49560  -23.316  -6.746  50.594 1.0000000000
48575  -25.082  -7.635  46.848 0.8888890147
48572  -22.519  -7.677  46.361 0.6666669846
48626  -25.637  -7.433  43.053 0.6666669846
101283  -26.837  -6.026  40.712 0.5555559993
120279  -28.094  -6.744  38.651 0.2222220004
107500  -28.013  -6.818  37.041 0.1111110002
52718  -38.261  -3.350  45.644 0.4444440007
48591  -24.436  -7.768  45.479 0.7777780294
47627  -24.768  -7.856  44.058 0.7777780294
48608  -24.603  -7.825  44.822 0.7777780294
47624  -22.148  -8.324  44.314 0.4444440007
47642  -24.898  -7.854  43.318 0.6666669846
47625  -23.060  -8.160  44.454 0.5555559993
47653  -24.437  -8.147  42.137 0.5555559993
48653  -24.886  -7.782  41.092 0.4444440007
49769  -25.883  -5.549  37.723 0.1111110002
49768  -25.022  -5.699  37.952 0.1111110002
53599  -39.388  -2.073  47.449 0.2222220004
54531  -39.919  -1.496  47.875 0.2222220004
54488  -39.974  -1.804  48.437 0.1111110002
113623  -39.231  -2.305  46.608 0.3333329856
53632  -38.745  -2.784  45.236 0.6666669846
104714  -38.539  -2.782  44.422 0.8888890147
51745  -35.217  -3.994  41.173 0.8888890147
115658  -24.470  -8.123  41.504 0.5555559993
54509  -40.978  -1.142  47.896 0.1111110002
55484  -41.484  -0.588  47.414 0.1111110002
120173  -39.007  -2.471  43.931 0.7777780294
53666  -38.447  -2.603  42.549 0.8888890147
55516  -40.916  -0.235  46.056 0.2222220004
53667  -39.333  -2.182  42.267 0.6666669846
104128  -38.055  -2.471  41.082 1.0000000000
53689  -36.810  -2.921  40.755 1.0000000000
52786  -36.009  -3.260  39.888 1.0000000000
55517  -41.264  0.216  45.641 0.2222220004
54592  -40.403  -1.053  42.526 0.6666669846
53701  -37.356  -2.345  39.596 1.0000000000
52803  -35.471  -3.327  38.295 1.0000000000
54616  -38.615  -1.603  40.138 1.0000000000
118175  -38.653  -0.686  39.227 1.0000000000
52834  -34.998  -3.296  36.363 1.0000000000
105168  -34.285  -3.495  34.678 0.8888890147
54660  -37.473  -1.328  37.647 1.0000000000
52873  -34.116  -2.296  32.677 0.2222220004
53775  -34.655  -1.596  33.205 0.4444440007
59237  -43.019  3.015  44.033 0.1111110002
58284  -41.527  2.481  40.262 0.4444440007
56510  -40.004  0.860  39.992 0.7777780294
58326  -37.705  3.061  35.401 0.7777780294
55698  -33.232  1.105  30.246 0.4444440007
59281  -42.408  4.107  40.686 0.3333329856
60272  -40.416  5.402  39.001 0.3333329856
60220  -43.562  4.586  42.466 0.2222220004
61224  -41.705  5.534  40.050 0.3333329856
61275  -41.275  6.354  35.804 0.3333329856
60301  -40.263  4.918  35.324 0.3333329856
62321  -41.886  7.282  34.621 0.3333329856
59344  -39.680  3.673  33.616 0.6666669846
56586  -37.268  0.527  30.694 0.7777780294
56609  -36.867  0.296  27.678 0.7777780294
56625  -36.511  0.988  26.584 0.5555559993
63224  -42.710  8.417  36.607 0.3333329856
118184  -43.789  9.273  34.905 0.2222220004
62327  -41.953  7.146  33.527 0.2222220004
62328  -42.322  7.215  33.460 0.2222220004
62333  -42.035  6.839  33.050 0.2222220004
61297  -41.863  6.541  33.190 0.2222220004
60317  -42.330  6.017  33.106 0.2222220004
60316  -41.660  5.805  32.910 0.2222220004
58438  -35.576  1.687  25.214 0.1111110002
113130  -36.971  2.762  24.710 0.5555559993
102410  -36.880  2.836  24.050 0.3333329856
59394  -40.050  4.266  28.827 0.7777780294
115594  -38.968  2.277  22.885 0.3333329856
102898  -39.767  2.023  22.918 0.3333329856
61339  -41.592  6.128  30.290 0.4444440007
59471  -45.531  3.282  24.609 0.7777780294
60328  -42.678  5.209  32.335 0.3333329856
114373  -42.962  2.261  23.405 0.4444440007
58467  -43.534  2.698  23.974 0.7777780294
110527  -43.552  8.222  30.226 0.4444440007
63301  -46.764  8.664  30.928 0.4444440007
61390  -47.438  5.458  27.694 0.5555559993
115991  -50.527  3.521  26.397 0.6666669846
63294  -48.144  8.778  31.956 0.4444440007
104725  -51.028  2.450  24.745 0.7777780294
62351  -49.917  7.224  32.087 0.3333329856
61342  -49.257  6.243  29.411 0.5555559993
60394  -49.694  4.556  27.544 0.6666669846
58475  -51.534  2.246  24.198 0.7777780294
58500  -52.132  2.143  23.649 0.7777780294
61343  -50.499  6.030  29.737 0.5555559993
59411  -51.676  3.999  27.656 0.6666669846
58433  -52.948  3.229  26.116 0.6666669846
61329  -51.103  6.323  30.601 0.4444440007
61346  -53.114  5.391  30.546 0.5555559993
58477  -53.577  2.886  24.229 0.7777780294
58502  -53.402  2.597  23.515 0.7777780294
59413  -53.581  4.406  28.107 0.6666669846
60397  -55.072  4.971  27.626 0.6666669846
60414  -55.092  4.641  26.724 0.6666669846
58554  -52.303  2.206  17.571 0.5555559993
58543  -52.551  2.044  19.121 0.5555559993
60379  -55.452  5.197  28.481 0.5555559993
109376  -55.775  5.189  25.334 0.5555559993
59476  -55.211  4.315  24.545 0.6666669846
59490  -55.250  4.335  23.735 0.6666669846
59499  -55.257  4.291  22.834 0.7777780294
107547  -54.714  3.433  21.337 0.7777780294
61433  -56.517  6.203  24.389 0.6666669846
61440  -56.262  6.299  23.484 0.6666669846
110952  -56.565  7.414  22.504 0.6666669846
62437  -57.176  7.772  23.029 0.6666669846
46551  -7.527  -9.195  57.757 0.2222220004
47438  -6.955  -9.001  57.055 0.4444440007
48414  -7.676  -8.666  57.037 0.4444440007
120200  -7.378  -8.822  57.036 0.4444440007
118226  -7.069  -8.264  56.630 0.4444440007
48424  -6.970  -7.829  56.169 0.4444440007
48423  -6.241  -7.862  56.598 0.3333329856
48434  -5.500  -7.323  56.116 0.3333329856
48435  -6.253  -7.428  55.716 0.3333329856
110980  -4.647  -7.460  56.147 0.2222220004
48447  -7.731  -7.961  54.731 0.3333329856
48436  -6.939  -7.687  55.205 0.4444440007
48446  -6.986  -7.653  54.093 0.1111110002
49487  -4.943  -6.787  55.732 0.3333329856
49488  -5.673  -6.877  55.392 0.2222220004
48445  -6.344  -7.079  54.668 0.2222220004
48444  -4.126  -6.996  55.554 0.3333329856
47480  -8.473  -8.454  54.240 0.3333329856
47479  -7.703  -8.096  53.707 0.1111110002
48456  -7.167  -7.686  53.276 0.1111110002
47495  -7.688  -8.050  52.823 0.1111110002
49497  -5.204  -6.217  55.295 0.2222220004
49498  -5.812  -6.307  54.843 0.2222220004
49507  -6.393  -6.532  54.101 0.2222220004
48455  -6.768  -7.128  53.427 0.2222220004
49496  -4.471  -6.338  55.365 0.2222220004
121074  -3.735  -6.600  55.118 0.2222220004
47496  -8.435  -8.479  53.261 0.1111110002
114369  -7.154  -7.471  52.634 0.2222220004
49516  -6.772  -6.407  53.152 0.1111110002
48462  -7.224  -7.220  51.970 0.1111110002
103028  -9.104  -8.776  52.911 0.1111110002
46602  -9.874  -9.158  53.090 0.3333329856
47511  -8.480  -8.442  52.259 0.1111110002
47512  -9.523  -8.898  52.273 0.1111110002
47531  -8.171  -8.082  51.351 0.1111110002
115441  -6.916  -6.996  52.608 0.1111110002
47510  -7.595  -7.871  52.001 0.1111110002
49517  -7.171  -6.589  52.165 0.1111110002
47532  -9.158  -8.556  51.345 0.2222220004
102144  -10.013  -8.740  50.840 0.3333329856
48477  -7.675  -7.477  51.325 0.1111110002
48495  -8.626  -8.058  50.688 0.1111110002
49533  -7.525  -6.835  51.359 0.1111110002
108403  -8.086  -7.656  50.836 0.1111110002
47551  -9.360  -8.357  50.500 0.1111110002
47513  -10.162  -9.011  51.634 0.3333329856
46631  -10.929  -9.104  51.105 0.4444440007
50663  -8.018  -6.466  50.781 0.1111110002
48494  -7.908  -7.127  50.729 0.1111110002
107106  -9.917  -8.491  50.238 0.1111110002
47553  -11.469  -8.882  50.407 0.3333329856
48508  -8.850  -7.274  49.718 0.1111110002
47569  -9.561  -8.202  49.956 0.1111110002
47570  -10.123  -8.341  49.695 0.1111110002
47571  -11.075  -8.563  49.541 0.1111110002
47582  -10.293  -8.012  48.981 0.1111110002
47583  -11.220  -8.168  48.674 0.2222220004
107251  -12.582  -8.307  49.830 0.5555559993
48509  -9.505  -7.761  49.435 0.1111110002
47572  -12.007  -8.456  49.189 0.1111110002
48529  -11.436  -7.655  47.832 0.1111110002
48547  -10.681  -6.958  47.547 0.1111110002
48510  -12.803  -8.012  48.925 0.5555559993
47584  -12.034  -8.151  48.492 0.2222220004
48531  -13.271  -7.455  48.322 0.3333329856
48530  -12.461  -7.754  48.027 0.2222220004
48550  -12.948  -7.311  47.526 0.3333329856
48549  -12.080  -7.341  47.228 0.2222220004
48567  -12.663  -6.951  46.814 0.2222220004
48566  -11.902  -6.762  46.549 0.1111110002
49597  -13.915  -6.960  48.578 0.3333329856
49613  -13.735  -6.963  47.806 0.3333329856
49624  -12.480  -6.561  46.208 0.2222220004
49625  -13.355  -6.562  46.433 0.3333329856
119237  -14.060  -6.565  47.210 0.3333329856
49626  -14.275  -6.296  46.569 0.3333329856
120676  -14.818  -6.243  46.658 0.3333329856
49644  -14.777  -6.100  46.013 0.2222220004
49645  -15.733  -6.160  45.831 0.3333329856
50728  -15.250  -5.461  44.379 0.2222220004
118666  -16.304  -6.220  45.242 0.3333329856
49646  -16.959  -6.503  44.953 0.3333329856
48588  -18.285  -7.167  45.138 0.3333329856
51755  -34.975  -4.035  40.416 0.8888890147
118011  -16.475  -6.177  44.477 0.3333329856
49660  -17.145  -6.539  44.075 0.3333329856
48604  -17.702  -6.894  44.575 0.3333329856
50769  -33.565  -5.568  41.337 0.6666669846
50770  -34.195  -5.068  41.567 0.6666669846
50782  -33.923  -4.997  40.793 0.6666669846
50781  -33.380  -5.479  40.706 0.6666669846
52777  -35.598  -3.620  40.535 0.8888890147
119235  -18.789  -7.315  45.627 0.3333329856
51744  -34.566  -4.465  40.995 0.6666669846
52778  -36.260  -3.259  40.638 0.8888890147
51754  -34.347  -4.484  40.217 0.7777780294
52785  -35.331  -3.678  39.791 0.8888890147
51767  -34.780  -4.072  39.767 0.7777780294
51766  -34.257  -4.388  39.399 0.7777780294
51783  -34.238  -4.228  38.525 0.7777780294
50780  -32.981  -5.673  40.373 0.6666669846
50794  -33.121  -5.239  39.179 0.6666669846
51765  -33.658  -4.745  38.942 0.7777780294
51801  -34.137  -4.169  37.654 0.7777780294
50793  -32.743  -5.632  39.718 0.6666669846
51782  -33.657  -4.606  38.130 0.7777780294
50806  -32.436  -5.673  38.844 0.6666669846
111803  -33.210  -4.949  37.811 0.6666669846
51800  -33.561  -4.603  37.340 0.7777780294
49764  -31.690  -6.233  38.916 0.5555559993
105029  -32.635  -5.417  37.928 0.6666669846
50819  -32.963  -5.103  37.187 0.6666669846
50818  -32.258  -5.721  37.178 0.5555559993
50827  -31.972  -5.933  36.362 0.5555559993
49776  -31.745  -6.133  38.065 0.6666669846
49775  -31.408  -6.337  37.095 0.5555559993
53700  -36.692  -2.838  40.087 0.8888890147
52804  -35.719  -3.322  39.109 0.8888890147
52784  -34.925  -3.797  38.994 0.7777780294
52802  -34.771  -3.724  37.990 0.7777780294
51820  -34.003  -4.180  36.809 0.7777780294
51819  -33.359  -4.706  36.414 0.7777780294
50828  -32.643  -5.331  36.436 0.5555559993
102238  -30.818  -6.642  37.804 0.5555559993
110364  -32.335  -5.560  35.782 0.4444440007
49774  -30.391  -6.691  36.923 0.4444440007
51837  -32.865  -5.092  35.665 0.4444440007
49784  -29.590  -6.803  36.415 0.3333329856
49786  -31.151  -6.391  36.206 0.4444440007
50835  -31.737  -5.979  35.521 0.4444440007
50836  -32.322  -5.473  34.935 0.4444440007
47638  -21.671  -8.416  43.547 0.3333329856
47639  -22.694  -8.390  43.447 0.3333329856
52821  -34.605  -3.726  37.087 0.7777780294
52833  -34.406  -3.764  36.355 0.7777780294
122571  -21.935  -8.474  42.695 0.3333329856
105779  -21.944  -8.470  41.913 0.3333329856
47652  -22.915  -8.486  42.163 0.3333329856
51839  -33.952  -4.131  35.941 0.6666669846
52845  -33.907  -4.001  35.041 0.7777780294
51854  -33.358  -4.470  34.528 0.4444440007
51853  -32.968  -4.953  34.926 0.4444440007
51869  -32.649  -5.017  34.059 0.2222220004
52846  -34.526  -3.489  35.509 0.7777780294
47640  -23.593  -8.315  43.040 0.3333329856
52857  -33.823  -3.792  34.076 0.4444440007
116948  -32.571  -4.736  33.180 0.2222220004
51870  -33.195  -4.372  33.597 0.2222220004
116679  -23.840  -8.335  42.372 0.3333329856
47676  -24.112  -8.262  40.784 0.2222220004
52864  -33.552  -3.793  33.190 0.3333329856
51885  -32.966  -4.191  32.584 0.2222220004
101986  -32.869  -3.583  31.724 0.2222220004
54757  -31.701  -0.606  30.391 0.1111110002
54743  -33.071  -0.985  31.327 0.1111110002
54758  -32.435  -0.079  30.791 0.1111110002
56608  -36.173  0.198  26.886 0.4444440007
54756  -30.927  -0.535  30.083 0.1111110002
55732  -35.511  -0.821  27.670 0.4444440007
55733  -36.334  -0.345  27.815 0.4444440007
115963  -32.646  0.885  30.437 0.1111110002
55717  -33.419  -0.368  28.552 0.3333329856
108360  -32.694  1.023  29.739 0.1111110002
55707  -33.456  0.407  29.458 0.3333329856
116581  -55.146  4.137  18.515 0.6666669846
60489  -55.873  4.856  17.951 0.6666669846
61486  -56.395  5.385  18.431 0.6666669846
59528  -54.820  3.659  19.497 0.6666669846
59527  -54.656  3.640  18.860 0.6666669846
59526  -54.118  3.237  18.960 0.6666669846
59537  -54.502  3.610  18.420 0.6666669846
117041  -55.218  4.471  17.400 0.6666669846
61495  -55.796  5.128  17.007 0.6666669846
61503  -55.534  5.632  16.098 0.6666669846
62509  -56.225  6.642  15.989 0.6666669846
63468  -56.498  7.897  15.591 0.6666669846
64357  -56.205  9.976  14.276 0.6666669846
65131  -55.711  9.930  13.942 0.6666669846
58496  -44.786  2.226  22.971 0.5555559993
113868  -45.199  2.593  23.644 0.5555559993
61481  -56.188  5.754  20.096 0.6666669846
59516  -55.314  4.051  20.254 0.6666669846
111471  -55.551  4.354  19.485 0.6666669846
60480  -55.963  4.837  18.866 0.6666669846
62480  -56.893  6.434  18.547 0.6666669846
59515  -54.717  3.456  20.467 0.6666669846
65139  -56.614  9.975  13.807 0.6666669846
59536  -53.986  3.306  18.068 0.6666669846
59549  -54.518  3.852  17.600 0.6666669846
60502  -55.095  4.808  16.529 0.6666669846
62508  -55.425  6.482  15.664 0.6666669846
119443  -54.914  8.299  15.217 0.6666669846
64341  -55.608  9.018  15.012 0.6666669846
105894  -55.304  9.660  13.829 0.6666669846
63491  -55.447  9.176  13.542 0.6666669846
63492  -56.478  8.806  13.250 0.6666669846
63493  -57.523  8.335  13.164 0.6666669846
103712  -53.482  2.808  18.405 0.6666669846
60501  -54.366  4.423  16.100 0.6666669846
61514  -54.686  5.965  15.512 0.6666669846
64356  -55.069  9.744  14.177 0.6666669846
119553  -52.570  2.550  17.068 0.4444440007
59548  -53.726  3.406  17.086 0.5555559993
59557  -54.217  3.905  16.698 0.6666669846
62507  -53.915  7.099  15.339 0.6666669846
63466  -54.090  8.280  15.113 0.6666669846
57537  -46.894  1.843  22.869 0.5555559993
58497  -45.677  2.252  23.226 0.5555559993
60467  -55.811  4.798  20.208 0.6666669846
118052  -56.040  5.004  19.575 0.6666669846
64359  -59.169  8.926  14.434 0.3333329856
64358  -58.759  9.142  13.887 0.5555559993
62546  -56.828  7.685  13.098 0.6666669846
64355  -54.233  9.381  14.079 0.6666669846
64369  -54.684  9.478  13.913 0.6666669846
118085  -54.562  8.640  13.585 0.6666669846
114391  -56.695  6.730  13.079 0.6666669846
58573  -52.416  2.896  16.382 0.4444440007
58574  -53.131  3.229  16.412 0.5555559993
59556  -53.595  3.776  16.030 0.5555559993
116565  -54.128  5.066  15.573 0.6666669846
62506  -52.933  7.090  15.292 0.6666669846
111102  -55.728  8.227  13.309 0.6666669846
113220  -55.739  6.297  13.317 0.6666669846
61558  -57.533  6.408  12.816 0.6666669846
105304  -50.461  2.544  16.578 0.4444440007
58572  -51.529  2.707  16.327 0.4444440007
59555  -52.737  3.510  15.856 0.4444440007
60510  -52.433  4.782  15.601 0.5555559993
61512  -52.524  5.929  15.455 0.6666669846
63465  -53.246  8.197  15.096 0.6666669846
59554  -51.957  3.429  15.887 0.4444440007
60509  -51.730  4.344  15.807 0.4444440007
61442  -58.317  6.105  22.667 0.1111110002
61316  -51.985  5.608  31.604 0.3333329856
60448  -58.167  4.573  23.437 0.1111110002
60348  -53.512  4.626  31.207 0.3333329856
112618  -57.898  4.787  24.332 0.1111110002
61435  -58.185  5.840  23.560 0.1111110002
58405  -55.143  2.592  29.059 0.2222220004
58424  -55.990  2.393  27.586 0.2222220004
59431  -57.145  4.051  27.236 0.2222220004
63444  -57.813  8.666  17.711 0.5555559993
104494  -45.576  1.812  21.778 0.3333329856
114192  -57.909  5.499  12.555 0.5555559993
64354  -53.305  9.038  14.088 0.6666669846
62531  -56.015  7.264  13.243 0.6666669846
115617  -51.121  3.515  16.173 0.4444440007
63464  -52.434  8.111  15.130 0.6666669846
64338  -52.854  8.690  14.505 0.6666669846
105107  -53.781  9.165  14.034 0.6666669846
111342  -54.091  7.427  13.480 0.6666669846
60500  -51.147  4.494  16.115 0.4444440007
61501  -51.313  5.105  15.987 0.4444440007
61511  -51.775  5.403  15.708 0.4444440007
62504  -51.264  6.990  15.533 0.4444440007
62505  -52.051  7.072  15.328 0.6666669846
60364  -55.080  4.730  29.675 0.3333329856
59389  -55.600  4.226  29.505 0.2222220004
58407  -56.358  3.411  28.294 0.2222220004
58425  -56.687  3.412  27.654 0.2222220004
60365  -55.584  4.977  29.068 0.3333329856
59404  -56.360  4.241  28.640 0.3333329856
60416  -57.148  5.174  27.155 0.2222220004
60380  -56.162  5.076  28.457 0.4444440007
61409  -56.885  5.668  26.939 0.3333329856
61541  -56.717  5.688  13.042 0.6666669846
60552  -57.288  4.717  12.632 0.6666669846
64353  -52.543  8.792  14.138 0.6666669846
64368  -52.907  8.919  13.973 0.6666669846
63490  -53.433  8.502  13.689 0.6666669846
62530  -55.109  7.347  13.388 0.6666669846
61540  -55.233  5.411  13.371 0.6666669846
61499  -50.392  6.105  16.442 0.3333329856
62503  -50.624  6.763  15.819 0.4444440007
63463  -51.610  7.987  15.227 0.4444440007
64337  -52.089  8.475  14.641 0.5555559993
62528  -53.133  7.377  13.500 0.6666669846
62529  -54.680  6.299  13.440 0.6666669846
60541  -55.971  4.744  13.151 0.5555559993
59597  -56.544  3.615  12.794 0.4444440007
64366  -51.281  8.427  13.797 0.4444440007
63489  -52.549  8.295  13.662 0.6666669846
62527  -52.208  7.222  13.509 0.6666669846
61539  -54.253  5.137  13.458 0.6666669846
57669  -56.212  1.447  11.892 0.4444440007
63487  -50.768  7.926  13.584 0.4444440007
62526  -51.224  6.995  13.547 0.6666669846
59608  -56.330  2.532  12.613 0.4444440007
61538  -53.255  5.187  13.478 0.6666669846
112932  -55.249  3.742  13.208 0.5555559993
58622  -55.642  1.947  12.407 0.4444440007
61537  -52.284  5.023  13.462 0.6666669846
117560  -53.579  4.303  13.428 0.6666669846
60539  -54.278  3.956  13.364 0.5555559993
58611  -54.621  2.261  12.500 0.5555559993
57668  -55.036  1.730  11.871 0.4444440007
57683  -56.025  1.153  11.181 0.4444440007
106950  -50.776  5.713  13.457 0.6666669846
61536  -51.370  4.889  13.403 0.6666669846
60538  -52.754  4.139  13.394 0.6666669846
59594  -53.370  3.329  13.186 0.5555559993
58610  -53.725  2.630  12.627 0.5555559993
58621  -54.046  2.246  12.122 0.5555559993
59615  -52.268  3.409  11.592 0.5555559993
58632  -53.520  2.499  11.742 0.5555559993
62525  -50.173  6.696  13.566 0.4444440007
61533  -48.950  5.980  13.105 0.4444440007
60536  -51.171  4.267  13.154 0.5555559993
59593  -52.404  3.454  13.102 0.5555559993
58620  -52.924  2.895  12.644 0.5555559993
58619  -52.830  2.787  12.049 0.5555559993
62545  -48.271  6.368  12.715 0.5555559993
61556  -49.463  5.444  12.651 0.5555559993
60535  -50.674  4.466  12.930 0.5555559993
59592  -51.676  3.703  12.976 0.5555559993
62562  -48.249  6.381  11.776 0.4444440007
61566  -49.271  5.631  11.674 0.5555559993
62575  -48.441  6.558  10.877 0.5555559993
103994  -48.808  6.911  10.098 0.3333329856
63528  -49.335  7.542  9.454 0.4444440007
63521  -48.099  7.216  10.426 0.4444440007
63527  -48.459  7.663  9.835 0.3333329856
64390  -47.856  7.815  10.148 0.3333329856
106650  -48.822  8.215  9.457 0.3333329856
64398  -49.468  8.427  9.104 0.2222220004
64321  -59.112  9.425  17.183 0.4444440007
64371  -57.216  9.350  13.401 0.6666669846
65120  -57.487  10.052  14.661 0.6666669846
65115  -59.027  10.071  15.708 0.4444440007
63469  -57.212  8.482  15.837 0.6666669846
65110  -59.013  9.985  16.501 0.5555559993
63438  -59.068  8.340  18.729 0.3333329856
62495  -57.351  7.305  16.963 0.6666669846
61468  -56.243  6.745  20.884 0.5555559993
61504  -56.359  5.873  16.691 0.6666669846
62489  -56.945  6.430  17.369 0.6666669846
55718  -34.356  -0.804  28.455 0.4444440007
56653  -35.853  1.235  25.769 0.4444440007
114965  -44.468  2.757  23.846 0.6666669846
61331  -52.574  5.582  31.066 0.3333329856
59376  -53.605  3.866  31.199 0.2222220004
58387  -53.884  2.675  30.083 0.2222220004
58389  -55.369  3.435  29.595 0.2222220004
58388  -54.730  3.055  29.869 0.2222220004
60398  -55.946  5.394  27.821 0.5555559993
58565  -52.032  2.381  16.809 0.4444440007
58555  -52.983  2.594  17.717 0.4444440007
61392  -56.391  5.456  27.236 0.5555559993
59432  -57.393  4.487  26.659 0.2222220004
61410  -57.055  5.766  26.572 0.3333329856
63431  -57.723  8.597  20.099 0.5555559993
62426  -58.224  6.677  23.280 0.2222220004
47497  -9.220  -8.876  53.703 0.3333329856
102910  -23.845  -8.371  41.655 0.1111110002
104028  -32.730  0.470  28.959 0.1111110002
47451  -4.505  -8.235  56.371 0.2222220004
48433  -3.846  -7.809  55.867 0.2222220004
50614  -6.295  -5.868  54.261 0.1111110002
48496  -9.019  -7.884  50.071 0.1111110002
47552  -10.576  -8.724  50.285 0.3333329856
111481  -8.430  -7.470  50.332 0.1111110002
119219  -11.931  -8.671  49.888 0.5555559993
121953  -13.377  -6.912  47.134 0.3333329856
49623  -11.374  -6.333  46.564 0.1111110002
49659  -15.774  -5.920  44.900 0.2222220004
50729  -15.983  -5.769  44.051 0.2222220004
51753  -33.550  -5.068  39.919 0.6666669846
50807  -33.142  -5.097  38.470 0.7777780294
51838  -33.423  -4.564  35.433 0.4444440007
117122  -21.250  -8.388  42.179 0.3333329856
55742  -35.309  -0.353  26.699 0.4444440007
61482  -56.444  5.657  19.228 0.6666669846
61496  -56.468  5.562  17.624 0.6666669846
116331  -54.697  4.280  16.874 0.6666669846
61502  -54.790  5.127  15.919 0.6666669846
62494  -56.798  6.592  16.585 0.6666669846
63451  -56.986  7.369  16.199 0.6666669846
63467  -55.646  7.496  15.490 0.6666669846
63452  -57.583  8.376  16.622 0.6666669846
64342  -56.784  9.220  15.189 0.6666669846
116859  -56.978  10.231  14.043 0.6666669846
106581  -43.948  2.116  22.328 0.4444440007
110525  -56.763  7.201  19.985 0.6666669846
57551  -45.564  1.994  22.463 0.4444440007
65140  -57.524  9.983  13.794 0.6666669846
117596  -53.475  2.983  17.699 0.5555559993
103584  -54.823  7.202  15.408 0.6666669846
64340  -54.468  9.134  14.575 0.6666669846
63494  -58.044  8.826  13.316 0.6666669846
117593  -53.699  4.422  15.684 0.6666669846
61513  -53.622  5.956  15.396 0.6666669846
58566  -53.086  2.854  17.004 0.4444440007
64339  -53.609  8.932  14.447 0.6666669846
57550  -44.814  2.019  21.899 0.3333329856
63495  -58.530  8.411  13.497 0.3333329856
64344  -59.242  9.498  15.232 0.3333329856
65133  -58.464  10.121  14.542 0.5555559993
59563  -52.377  3.970  15.670 0.5555559993
106277  -53.260  4.992  15.477 0.6666669846
115636  -51.723  6.263  15.565 0.4444440007
121649  -55.748  2.722  28.454 0.2222220004
58406  -55.917  3.526  29.038 0.2222220004
57465  -55.197  2.050  28.166 0.2222220004
58434  -56.676  2.902  26.904 0.2222220004
64319  -58.408  9.423  17.199 0.5555559993
64311  -58.527  8.887  18.665 0.5555559993
63436  -57.947  8.733  18.919 0.6666669846
64352  -51.727  8.610  14.281 0.5555559993
61500  -50.894  5.228  16.377 0.4444440007
61510  -51.092  5.981  15.933 0.4444440007
63462  -50.662  7.775  15.403 0.4444440007
59403  -55.997  4.513  29.007 0.3333329856
59415  -56.761  4.466  27.954 0.2222220004
60399  -56.582  5.293  27.605 0.3333329856
64367  -52.116  8.635  13.890 0.5555559993
112365  -53.716  6.278  13.482 0.6666669846
64351  -50.908  8.530  14.363 0.4444440007
112366  -52.766  6.195  13.489 0.6666669846
60540  -54.986  4.586  13.364 0.6666669846
59596  -55.406  2.761  12.856 0.5555559993
63488  -51.675  8.075  13.579 0.5555559993
112256  -51.772  5.965  13.482 0.6666669846
59595  -54.385  3.001  13.072 0.5555559993
61535  -50.624  4.873  13.224 0.6666669846
60537  -51.872  4.113  13.315 0.6666669846
60560  -50.555  4.492  12.281 0.5555559993
59606  -51.616  3.661  12.270 0.5555559993
61555  -48.811  5.906  12.330 0.5555559993
61557  -50.126  4.889  12.835 0.5555559993
61567  -49.948  5.057  11.821 0.5555559993
60561  -51.118  4.153  11.833 0.5555559993
62576  -49.202  6.148  10.685 0.4444440007
62588  -49.638  6.643  9.816 0.4444440007
65166  -48.072  9.319  9.553 0.3333329856
65109  -58.891  9.824  16.915 0.5555559993
64320  -58.797  9.300  17.689 0.3333329856
63445  -59.297  8.117  17.705 0.3333329856
64343  -57.538  9.559  15.505 0.6666669846
106625  -58.282  10.195  14.802 0.6666669846
65114  -58.902  10.095  16.150 0.6666669846
64326  -59.253  9.509  16.155 0.2222220004
64325  -57.870  9.502  16.289 0.6666669846
62490  -57.396  7.590  18.096 0.6666669846
62481  -57.300  7.856  19.176 0.6666669846
48415  -13.292  -6.242  58.349 0.3333329856
49472  -13.533  -5.584  57.577 0.2222220004
48412  -13.511  -6.915  58.905 0.2222220004
50605  -15.191  -3.931  55.668 0.1111110002
50579  -12.854  -4.737  57.340 0.4444440007
105130  -14.959  -2.828  55.624 0.3333329856
51639  -15.831  -3.825  55.301 0.2222220004
51624  -15.887  -2.653  55.671 0.2222220004
112246  -28.318  -8.094  55.508 0.2222220004
122603  -28.820  -8.512  55.203 0.2222220004
47476  -29.038  -9.242  55.066 0.2222220004
46587  -29.272  -9.944  54.767 0.2222220004
47491  -29.506  -8.557  54.944 0.3333329856
47477  -28.865  -7.882  55.139 0.3333329856
109042  -29.815  -9.514  54.876 0.2222220004
47492  -30.373  -8.912  54.646 0.2222220004
47506  -30.998  -8.564  54.176 0.2222220004
47493  -31.041  -9.267  54.525 0.2222220004
48460  -30.425  -8.285  54.119 0.3333329856
48454  -29.931  -8.220  54.477 0.2222220004
46589  -31.411  -9.908  54.625 0.2222220004
46599  -32.282  -9.814  54.433 0.2222220004
47525  -32.598  -7.908  52.894 0.3333329856
48471  -33.198  -7.467  52.286 0.2222220004
48503  -32.815  -7.572  51.210 0.3333329856
47564  -32.128  -8.170  50.965 0.3333329856
47577  -31.964  -8.270  50.014 0.3333329856
114415  -31.435  -8.305  53.444 0.2222220004
47507  -31.767  -8.921  54.356 0.2222220004
47508  -32.646  -8.788  54.214 0.2222220004
48470  -30.521  -8.232  53.238 0.3333329856
101573  -32.171  -8.263  53.585 0.2222220004
122606  -32.815  -8.133  53.649 0.2222220004
47523  -31.017  -8.400  52.371 0.3333329856
47524  -31.809  -8.227  52.643 0.3333329856
48487  -30.162  -8.234  52.026 0.5555559993
47545  -31.542  -8.352  51.673 0.3333329856
47544  -30.774  -8.453  51.380 0.3333329856
47543  -30.170  -8.312  51.112 0.5555559993
47563  -31.366  -8.465  50.642 0.3333329856
47562  -30.594  -8.463  50.418 0.5555559993
51731  -34.852  -4.529  41.773 0.7777780294
50581  -12.958  -4.148  57.163 0.4444440007
51607  -13.773  -3.340  56.445 0.3333329856
104543  -32.523  -7.795  50.409 0.3333329856
50757  -35.122  -4.624  42.451 0.7777780294
48416  -14.035  -6.556  57.999 0.2222220004
49478  -13.193  -4.644  57.283 0.3333329856
46588  -30.622  -9.788  54.736 0.2222220004
47546  -32.370  -7.962  51.952 0.3333329856
45678  -8.811  -9.379  59.509 0.1111110002
46546  -9.588  -8.934  59.873 0.1111110002
47428  -10.444  -8.485  59.668 0.2222220004
46550  -13.067  -8.669  59.665 0.1111110002
47436  -13.159  -7.315  59.634 0.1111110002
47431  -12.861  -7.778  59.985 0.1111110002
112872  -13.282  -7.997  59.729 0.1111110002
52651  -16.714  -2.626  55.960 0.1111110002
51625  -16.880  -3.798  55.253 0.1111110002
103607  -20.265  -7.745  45.859 0.3333329856
49490  -14.268  -5.093  56.652 0.1111110002
52650  -16.112  -2.093  55.605 0.1111110002
49500  -14.709  -4.984  55.863 0.1111110002
49501  -15.374  -5.801  54.763 0.1111110002
51640  -16.506  -4.075  55.040 0.1111110002
106785  -14.082  -7.442  58.335 0.1111110002
49479  -13.743  -4.715  57.107 0.1111110002
50582  -13.362  -3.883  56.889 0.1111110002
50604  -14.339  -3.251  56.202 0.2222220004
115960  -42.458  1.981  22.834 0.2222220004
58495  -43.803  2.310  23.215 0.4444440007
60562  -51.648  3.898  11.478 0.5555559993
57694  -55.868  1.356  10.393 0.3333329856
61542  -59.213  5.053  12.738 0.2222220004
115365  -59.300  4.729  13.219 0.1111110002
59610  -59.005  3.933  12.160 0.3333329856
59616  -53.058  2.973  11.225 0.4444440007
59621  -52.845  3.772  10.570 0.4444440007
58638  -53.762  2.593  10.944 0.4444440007
58639  -54.493  2.252  10.672 0.3333329856
60577  -53.506  4.250  9.779 0.2222220004
59631  -54.003  3.725  9.784 0.2222220004
58645  -54.957  2.628  9.843 0.3333329856
62532  -58.738  7.186  13.260 0.2222220004
62547  -57.893  7.236  12.850 0.4444440007
61560  -58.959  4.923  12.364 0.2222220004
58633  -54.285  2.092  11.506 0.3333329856
57682  -55.050  1.624  11.097 0.3333329856
63504  -58.274  7.829  13.186 0.3333329856
62548  -58.547  6.862  12.950 0.3333329856
113337  -58.400  6.165  12.746 0.3333329856
61559  -58.763  5.190  12.436 0.4444440007
60553  -58.457  4.695  12.304 0.4444440007
113026  -58.829  4.151  12.169 0.3333329856
107175  -58.008  3.963  12.237 0.3333329856
59609  -57.533  2.920  12.312 0.3333329856
58624  -58.345  2.197  12.103 0.3333329856
58623  -56.841  1.856  12.340 0.3333329856
46547  -10.569  -8.861  59.959 0.2222220004
48589  -19.471  -7.559  45.727 0.4444440007
57536  -46.178  1.978  22.818 0.4444440007
58511  -43.129  2.075  22.604 0.2222220004
48427  -14.159  -5.822  57.172 0.1111110002
50593  -14.041  -3.900  56.693 0.1111110002
119021  -55.163  1.925  10.342 0.3333329856
105988  -58.849  5.856  12.780 0.2222220004
60554  -58.908  4.520  12.244 0.4444440007
60576  -52.740  4.592  9.983 0.4444440007
59622  -53.534  3.396  10.395 0.4444440007
59623  -54.200  3.038  10.151 0.3333329856
45771  -35.401  -10.902  49.972 0.1111110002
45770  -34.537  -10.945  49.681 0.1111110002
46626  -36.613  -9.646  51.828 0.1111110002
45743  -35.664  -10.913  51.633 0.1111110002
109125  -36.240  -10.830  51.085 0.1111110002
45745  -37.315  -10.265  50.723 0.1111110002
44789  -33.805  -11.570  51.614 0.1111110002
44790  -34.554  -11.362  51.700 0.1111110002
45756  -36.063  -10.867  50.465 0.1111110002
44803  -32.514  -11.706  50.890 0.1111110002
115724  -33.228  -11.664  51.083 0.1111110002
44804  -33.868  -11.508  50.760 0.1111110002
44823  -34.594  -11.238  50.397 0.1111110002
44820  -31.551  -11.676  49.678 0.1111110002
44821  -32.345  -11.589  50.026 0.1111110002
44839  -33.027  -11.315  49.495 0.1111110002
118689  -36.637  -7.948  51.768 0.1111110002
46615  -35.947  -9.491  52.357 0.1111110002
45729  -34.701  -10.384  53.042 0.1111110002
45724  -29.570  -10.788  53.397 0.1111110002
102936  -32.832  -11.736  51.716 0.1111110002
44775  -33.337  -11.543  52.545 0.1111110002
45741  -30.500  -11.527  52.118 0.1111110002
44788  -31.845  -11.762  51.494 0.1111110002
45727  -32.964  -11.271  53.443 0.1111110002
44802  -31.047  -11.791  50.329 0.1111110002
107189  -30.825  -11.751  49.351 0.1111110002
49551  -35.978  -6.000  51.392 0.1111110002
104132  -36.270  -6.823  51.701 0.1111110002
48490  -35.484  -6.629  51.932 0.1111110002
47529  -36.282  -8.641  52.152 0.1111110002
48474  -35.121  -7.259  52.606 0.1111110002
47527  -34.809  -8.071  53.174 0.1111110002
45714  -30.233  -10.954  53.885 0.1111110002
46600  -33.220  -9.574  54.216 0.1111110002
46612  -33.828  -8.978  53.917 0.1111110002
45708  -30.860  -10.535  54.456 0.1111110002
121995  -31.580  -11.272  53.803 0.1111110002
45715  -32.661  -10.643  54.135 0.1111110002
50659  -35.880  -5.625  51.103 0.1111110002
48489  -34.904  -6.567  52.110 0.1111110002
49550  -35.321  -6.088  51.526 0.1111110002
49549  -34.813  -6.206  51.614 0.1111110002
48488  -33.973  -6.929  52.259 0.1111110002
117891  -34.499  -6.598  52.070 0.1111110002
47509  -33.333  -8.521  53.915 0.1111110002
48472  -33.800  -7.411  52.935 0.1111110002
110029  -33.302  -7.811  53.276 0.1111110002
50674  -35.784  -5.334  50.766 0.1111110002
49568  -35.253  -5.793  51.145 0.1111110002
50846  -31.428  -5.964  34.565 0.2222220004
50856  -31.965  -5.538  34.078 0.2222220004
49567  -34.581  -5.982  50.996 0.2222220004
51603  -24.867  -5.665  55.266 0.2222220004
107162  -25.249  -6.139  55.751 0.2222220004
49795  -30.941  -6.375  35.326 0.2222220004
45707  -30.057  -10.260  54.624 0.1111110002
112939  -31.715  -10.767  54.245 0.1111110002
44822  -33.846  -11.294  49.943 0.1111110002
45744  -36.788  -10.343  51.243 0.1111110002
118904  -35.711  -11.082  51.060 0.1111110002
45730  -35.492  -10.367  52.348 0.1111110002
45742  -35.019  -11.066  52.112 0.1111110002
45731  -36.178  -10.402  51.767 0.1111110002
44791  -35.144  -11.215  51.381 0.1111110002
45757  -36.813  -10.613  50.548 0.1111110002
44805  -34.560  -11.405  51.109 0.1111110002
44806  -35.274  -11.157  50.761 0.1111110002
104211  -31.758  -11.723  50.571 0.1111110002
101506  -33.134  -11.541  50.374 0.1111110002
44838  -32.169  -11.441  49.096 0.1111110002
45790  -32.843  -11.011  48.569 0.1111110002
48475  -35.864  -7.524  52.213 0.1111110002
44776  -34.239  -11.292  52.415 0.1111110002
46613  -34.486  -9.055  53.578 0.1111110002
46614  -35.243  -9.279  52.980 0.1111110002
108367  -29.988  -11.215  52.852 0.1111110002
45728  -33.848  -10.969  53.321 0.1111110002
45717  -33.968  -9.909  53.802 0.1111110002
45725  -30.734  -11.447  53.093 0.1111110002
44773  -31.284  -11.694  52.328 0.1111110002
44787  -30.973  -11.739  51.290 0.1111110002
45726  -31.486  -11.497  53.259 0.1111110002
44774  -32.256  -11.665  52.654 0.1111110002
45716  -33.389  -10.538  53.904 0.1111110002
44766  -32.111  -11.317  53.654 0.1111110002
44819  -30.408  -11.731  49.874 0.1111110002
120855  -31.387  -11.750  50.926 0.1111110002
44801  -30.541  -11.692  50.603 0.1111110002
47528  -35.574  -8.300  52.702 0.1111110002
48473  -34.461  -7.216  52.738 0.1111110002
47526  -33.999  -8.087  53.445 0.1111110002
102380  -31.085  -11.198  53.887 0.1111110002
50589  -24.332  -5.939  55.801 0.1111110002
48431  -26.344  -7.373  56.135 0.1111110002
48441  -26.945  -7.816  56.007 0.1111110002
55731  -34.592  -0.914  27.185 0.3333329856
55749  -33.883  -0.359  25.921 0.2222220004
56623  -34.600  -0.362  26.254 0.2222220004
56652  -34.357  0.247  25.529 0.2222220004
56624  -35.361  0.447  25.955 0.2222220004
122286  -35.412  1.113  25.535 0.2222220004
55730  -33.704  -0.936  27.674 0.1111110002
55741  -33.825  -0.793  26.665 0.2222220004
63200  -43.887  8.403  39.325 0.1111110002
64140  -44.840  8.938  37.600 0.1111110002
64163  -44.024  9.658  35.653 0.1111110002
121041  -42.713  7.697  33.697 0.1111110002
61311  -44.783  7.429  31.847 0.3333329856
60450  -34.618  4.728  22.341 0.1111110002
59494  -35.308  4.026  22.462 0.1111110002
59495  -36.250  3.605  22.431 0.1111110002
59496  -37.198  3.175  22.372 0.1111110002
63290  -44.379  8.319  31.410 0.3333329856
64222  -34.621  8.342  25.776 0.1111110002
63344  -33.358  7.397  25.571 0.1111110002
63345  -33.923  8.010  25.217 0.1111110002
62420  -32.698  6.190  23.791 0.1111110002
62429  -33.722  6.279  22.739 0.1111110002
60451  -35.333  4.865  21.830 0.1111110002
59497  -37.939  3.001  21.984 0.1111110002
63356  -33.331  7.509  24.664 0.1111110002
62422  -33.908  7.041  22.950 0.1111110002
62430  -34.438  6.463  22.379 0.1111110002
62431  -35.813  6.792  21.927 0.1111110002
106443  -35.087  6.915  22.226 0.1111110002
61444  -35.670  5.763  21.618 0.1111110002
60457  -36.622  4.595  21.302 0.1111110002
58507  -38.603  2.612  22.158 0.1111110002
115461  -36.404  6.323  21.555 0.1111110002
59504  -38.417  3.249  21.387 0.1111110002
59505  -39.058  3.294  20.987 0.1111110002
58518  -39.135  2.798  21.490 0.1111110002
64263  -35.767  8.381  23.793 0.1111110002
64235  -35.509  8.661  24.566 0.1111110002
63372  -36.109  7.944  23.067 0.1111110002
63371  -35.205  7.925  23.212 0.1111110002
63387  -35.534  7.431  22.535 0.1111110002
60461  -37.243  4.931  20.919 0.1111110002
59511  -37.973  3.861  20.961 0.1111110002
58520  -40.397  2.548  21.159 0.1111110002
102063  -40.945  2.024  21.850 0.1111110002
62441  -37.160  6.352  21.393 0.1111110002
60462  -37.807  4.527  20.775 0.1111110002
62458  -38.426  5.653  20.741 0.1111110002
60463  -38.921  4.382  20.508 0.1111110002
58530  -40.245  3.280  20.538 0.1111110002
61456  -39.081  5.146  20.461 0.1111110002
60464  -39.747  4.606  20.313 0.1111110002
112688  -40.157  3.916  20.245 0.1111110002
58531  -40.992  2.940  20.581 0.1111110002
101532  -41.731  2.104  21.542 0.1111110002
102045  -43.187  2.046  21.722 0.1111110002
60465  -40.531  4.449  20.040 0.1111110002
59514  -41.495  3.227  20.155 0.1111110002
58533  -42.714  2.560  20.393 0.1111110002
58522  -42.489  2.168  21.174 0.1111110002
58523  -43.986  2.063  21.405 0.1111110002
59523  -42.281  3.253  19.821 0.1111110002
57562  -44.087  2.149  20.613 0.1111110002
57574  -44.815  1.933  20.453 0.1111110002
117190  -45.212  1.807  21.164 0.1111110002
115358  -45.953  1.608  21.229 0.2222220004
57553  -47.264  1.532  22.156 0.3333329856
62459  -39.369  5.841  20.684 0.1111110002
113004  -39.753  5.365  20.432 0.1111110002
61457  -40.360  5.189  20.215 0.1111110002
60470  -41.214  4.305  19.782 0.1111110002
60471  -41.940  4.169  19.593 0.1111110002
121651  -43.088  2.830  19.859 0.1111110002
58541  -43.548  2.463  20.171 0.1111110002
102143  -43.840  2.720  19.566 0.1111110002
57585  -45.189  1.923  19.637 0.1111110002
103710  -45.544  1.682  20.464 0.1111110002
57575  -46.328  1.508  20.462 0.1111110002
57565  -47.692  1.382  21.431 0.3333329856
57586  -45.838  1.755  19.246 0.1111110002
107732  -47.287  1.401  20.421 0.3333329856
116124  -48.742  1.362  20.330 0.3333329856
62460  -40.186  5.863  20.567 0.1111110002
61458  -41.047  5.694  20.243 0.1111110002
61473  -41.573  4.979  19.751 0.1111110002
60472  -42.751  4.048  19.393 0.1111110002
60473  -43.591  4.000  19.151 0.1111110002
59524  -43.260  3.315  19.465 0.1111110002
58542  -44.684  2.510  19.145 0.1111110002
105940  -47.128  1.625  18.744 0.2222220004
57588  -48.026  1.437  18.967 0.3333329856
116456  -48.593  1.394  19.612 0.3333329856
58551  -45.160  2.722  18.631 0.1111110002
57600  -46.260  1.830  18.718 0.1111110002
57576  -48.045  1.369  19.933 0.3333329856
62461  -41.604  6.479  20.632 0.1111110002
61474  -42.418  4.929  19.579 0.1111110002
61461  -43.889  5.400  19.636 0.1111110002
61475  -43.262  4.809  19.429 0.1111110002
114752  -43.956  4.707  19.285 0.1111110002
59525  -44.149  3.219  19.000 0.1111110002
60474  -44.515  4.222  18.915 0.1111110002
122277  -44.674  2.901  18.780 0.1111110002
57601  -47.827  1.778  18.098 0.2222220004
57602  -48.488  1.567  18.351 0.2222220004
57590  -49.626  1.433  18.975 0.3333329856
58559  -46.647  2.725  17.854 0.1111110002
58560  -47.440  2.538  17.631 0.1111110002
57611  -48.310  2.229  17.499 0.2222220004
57613  -49.451  1.748  17.580 0.2222220004
57604  -49.942  1.511  18.137 0.3333329856
59546  -47.714  3.483  17.543 0.1111110002
106246  -48.612  3.505  17.288 0.1111110002
58562  -49.065  2.145  17.253 0.2222220004
118649  -48.786  2.822  17.026 0.1111110002
58571  -49.542  2.718  16.761 0.2222220004
59547  -50.201  3.346  16.534 0.2222220004
60499  -50.684  4.328  16.520 0.2222220004
62446  -42.114  7.073  21.085 0.1111110002
62462  -42.540  6.442  20.536 0.1111110002
61460  -43.053  5.732  19.898 0.1111110002
122763  -43.858  5.949  20.150 0.1111110002
61462  -44.651  5.820  19.995 0.1111110002
61476  -44.587  5.133  19.360 0.1111110002
61477  -45.355  5.422  19.588 0.1111110002
60475  -46.183  5.047  19.113 0.1111110002
60483  -45.575  4.186  18.580 0.1111110002
59533  -45.524  3.278  18.351 0.1111110002
59534  -46.302  3.551  18.065 0.1111110002
59535  -47.173  3.936  17.898 0.1111110002
60496  -49.629  4.275  17.623 0.1111110002
60497  -50.142  4.135  16.892 0.1111110002
61494  -50.316  4.724  17.099 0.1111110002
62502  -50.015  7.034  15.974 0.2222220004
63461  -49.756  7.875  15.431 0.2222220004
64336  -51.252  8.380  14.799 0.3333329856
64335  -50.382  8.370  14.890 0.3333329856
120639  -50.219  8.459  14.407 0.3333329856
64365  -50.468  8.341  13.852 0.3333329856
114717  -41.832  7.524  21.562 0.1111110002
62463  -43.438  6.431  20.572 0.1111110002
62464  -44.294  6.363  20.651 0.1111110002
118814  -45.448  5.810  20.207 0.1111110002
104055  -46.164  5.546  20.003 0.1111110002
61478  -47.217  5.214  19.831 0.1111110002
60476  -47.378  4.764  18.990 0.1111110002
60485  -47.486  4.350  18.303 0.1111110002
60486  -49.522  4.569  18.756 0.1111110002
60488  -50.210  4.858  18.006 0.1111110002
61493  -50.351  5.035  17.530 0.1111110002
102654  -50.500  5.203  16.832 0.1111110002
62488  -49.784  5.818  17.634 0.1111110002
109587  -50.091  5.699  17.032 0.1111110002
62493  -49.690  6.388  16.736 0.1111110002
116223  -48.859  7.734  15.544 0.1111110002
63460  -48.417  8.011  15.102 0.1111110002
64334  -49.495  8.279  14.851 0.2222220004
63479  -49.721  8.241  14.164 0.3333329856
63486  -49.892  7.766  13.750 0.3333329856
62465  -45.150  6.227  20.701 0.1111110002
61465  -49.454  5.056  20.581 0.1111110002
61466  -50.061  5.089  20.382 0.1111110002
60466  -49.900  4.847  20.067 0.1111110002
60478  -49.492  4.677  19.514 0.1111110002
60479  -50.071  4.844  19.533 0.1111110002
61485  -50.223  4.976  19.202 0.1111110002
62479  -49.897  5.634  18.552 0.1111110002
62487  -49.032  6.413  18.004 0.1111110002
103149  -50.315  5.032  18.288 0.1111110002
63443  -48.104  6.828  17.467 0.1111110002
62492  -48.985  6.583  17.115 0.1111110002
63450  -49.251  7.132  16.180 0.1111110002
102357  -47.842  7.634  15.843 0.1111110002
63477  -47.771  7.879  14.668 0.1111110002
63485  -48.986  7.588  13.955 0.3333329856
64302  -58.020  8.809  20.350 0.3333329856
61480  -50.194  5.004  19.983 0.1111110002
62467  -50.142  5.981  20.266 0.1111110002
64307  -58.142  8.865  19.669 0.3333329856
62472  -49.818  6.184  19.570 0.1111110002
63435  -48.521  7.048  19.164 0.1111110002
112071  -50.045  5.606  19.259 0.1111110002
62478  -49.326  6.352  18.806 0.1111110002
63442  -47.286  7.235  17.742 0.1111110002
63448  -47.428  7.309  16.818 0.1111110002
63449  -48.379  7.189  16.486 0.1111110002
63459  -47.360  7.861  15.315 0.1111110002
63476  -46.971  7.740  14.162 0.1111110002
120950  -47.380  7.152  13.280 0.3333329856
62522  -47.709  6.812  13.082 0.2222220004
63432  -58.439  8.479  20.018 0.3333329856
63429  -48.763  7.513  19.793 0.1111110002
64305  -47.534  7.947  19.225 0.1111110002
64310  -46.849  8.166  18.638 0.1111110002
63441  -46.457  8.132  18.164 0.1111110002
64318  -46.095  8.100  17.541 0.1111110002
118296  -45.998  7.998  16.724 0.1111110002
63458  -46.757  7.726  16.186 0.1111110002
64324  -45.615  8.500  16.102 0.1111110002
64350  -46.283  8.213  14.512 0.1111110002
64364  -46.223  8.037  13.480 0.1111110002
64377  -45.957  8.243  12.466 0.1111110002
103249  -46.953  7.343  12.119 0.2222220004
62561  -47.564  6.821  12.148 0.2222220004
61574  -50.357  5.334  10.790 0.4444440007
105220  -51.155  5.102  10.459 0.4444440007
61575  -51.966  4.880  10.173 0.4444440007
65101  -45.873  9.095  18.237 0.1111110002
66625  -45.459  10.945  17.058 0.1111110002
67490  -45.680  11.975  15.939 0.1111110002
65870  -45.166  10.045  17.353 0.1111110002
65107  -44.798  9.907  16.856 0.1111110002
66637  -45.046  11.538  15.526 0.1111110002
66644  -44.923  11.651  14.736 0.1111110002
64323  -45.423  8.645  17.142 0.1111110002
120859  -45.053  9.100  16.501 0.1111110002
65877  -44.516  10.375  15.694 0.1111110002
66643  -44.567  11.025  14.413 0.1111110002
65112  -45.057  9.140  15.672 0.1111110002
65128  -44.598  9.703  14.345 0.1111110002
65143  -44.832  9.909  12.857 0.1111110002
64376  -45.432  8.886  12.280 0.1111110002
63519  -46.258  8.658  11.188 0.1111110002
104427  -47.467  7.580  10.681 0.2222220004
62577  -50.016  5.969  10.285 0.3333329856
61582  -50.792  5.742  10.029 0.3333329856
61583  -51.630  5.561  9.750 0.3333329856
67498  -46.385  12.601  15.580 0.1111110002
67505  -46.104  12.778  14.637 0.1111110002
67504  -45.393  12.276  14.241 0.1111110002
66652  -45.003  11.346  13.012 0.1111110002
65889  -45.026  10.550  12.541 0.1111110002
65148  -45.646  9.903  11.478 0.1111110002
65149  -46.191  9.568  10.910 0.1111110002
65157  -46.856  9.702  10.257 0.1111110002
113862  -50.241  7.153  9.256 0.2222220004
120953  -51.210  6.118  9.513 0.2222220004
62591  -51.913  6.158  9.210 0.2222220004
109039  -52.641  5.461  9.417 0.2222220004
104584  -53.273  4.934  9.463 0.2222220004
61584  -54.005  4.922  9.113 0.2222220004
67511  -45.966  12.839  13.733 0.1111110002
67510  -45.365  12.237  13.318 0.1111110002
67513  -45.565  12.039  12.325 0.1111110002
65892  -45.995  10.566  11.096 0.1111110002
65898  -46.955  10.545  10.131 0.1111110002
65167  -48.823  9.037  9.219 0.1111110002
64399  -50.114  7.970  8.952 0.1111110002
63535  -51.575  7.392  8.756 0.2222220004
62590  -51.173  6.813  9.111 0.2222220004
62601  -52.084  6.859  8.814 0.2222220004
109827  -52.919  7.067  8.594 0.2222220004
62602  -52.716  6.289  8.886 0.2222220004
61590  -53.261  5.865  8.913 0.2222220004
60588  -54.815  4.478  8.857 0.2222220004
59652  -58.088  3.409  6.374 0.2222220004
60602  -58.114  3.580  5.712 0.2222220004
109298  -57.830  3.707  5.535 0.2222220004
59658  -58.131  3.048  5.749 0.1111110002
59657  -57.622  2.935  5.667 0.2222220004
67514  -45.953  12.821  12.839 0.1111110002
107024  -46.177  12.706  12.100 0.1111110002
67517  -46.784  13.108  11.504 0.1111110002
66657  -46.307  11.491  10.926 0.1111110002
103295  -47.558  11.015  9.680 0.1111110002
65910  -48.655  10.868  9.009 0.1111110002
112283  -48.520  10.025  9.204 0.1111110002
64405  -49.660  9.189  8.813 0.1111110002
65174  -50.452  9.291  8.628 0.1111110002
64407  -51.615  8.078  8.624 0.1111110002
64408  -52.494  8.416  8.535 0.2222220004
58637  -49.306  2.196  10.258 0.1111110002
58643  -49.750  2.875  9.834 0.1111110002
118823  -53.870  7.290  8.418 0.2222220004
59630  -51.084  2.914  9.343 0.1111110002
62603  -53.518  6.475  8.622 0.2222220004
62604  -54.444  6.641  8.297 0.2222220004
107553  -55.014  6.004  8.059 0.2222220004
58651  -51.779  2.428  9.298 0.1111110002
120058  -55.874  6.094  7.471 0.2222220004
61591  -54.048  5.787  8.660 0.2222220004
60600  -56.791  4.942  7.208 0.2222220004
122060  -57.417  3.760  7.264 0.2222220004
60611  -57.772  4.361  5.536 0.2222220004
67519  -46.782  12.391  10.764 0.1111110002
66668  -47.653  11.792  9.700 0.1111110002
106676  -48.118  10.694  9.363 0.1111110002
106329  -50.012  10.094  8.620 0.1111110002
107778  -50.963  10.010  8.506 0.1111110002
121669  -51.183  9.321  8.541 0.1111110002
109764  -51.915  9.900  8.470 0.1111110002
65175  -51.778  8.916  8.551 0.1111110002
64409  -53.529  8.728  8.461 0.2222220004
59620  -48.994  3.016  10.132 0.1111110002
59629  -50.456  2.875  9.575 0.1111110002
59638  -50.636  3.595  9.039 0.1111110002
102384  -53.219  7.886  8.502 0.2222220004
64410  -54.457  8.176  8.367 0.2222220004
59639  -51.468  3.372  8.859 0.1111110002
63536  -54.936  7.506  8.196 0.2222220004
62605  -55.522  6.838  7.714 0.2222220004
107288  -52.270  3.133  8.692 0.1111110002
59640  -52.749  3.710  8.106 0.1111110002
118954  -52.968  3.015  8.475 0.1111110002
59641  -53.527  3.326  7.935 0.1111110002
62615  -56.537  6.501  7.008 0.2222220004
59649  -54.361  3.561  7.258 0.1111110002
111466  -57.633  4.976  6.100 0.2222220004
61604  -57.466  5.360  5.471 0.2222220004
58662  -54.300  2.808  7.742 0.1111110002
108436  -55.297  2.987  6.939 0.1111110002
59651  -56.405  3.163  6.019 0.1111110002
66678  -50.650  11.714  8.384 0.1111110002
109387  -51.493  11.374  8.310 0.1111110002
66676  -48.851  12.304  8.969 0.1111110002
65919  -49.912  11.148  8.536 0.1111110002
65920  -50.757  10.859  8.462 0.1111110002
65921  -51.487  10.648  8.428 0.1111110002
65922  -52.373  10.937  8.371 0.1111110002
65176  -52.732  9.292  8.479 0.1111110002
60607  -51.924  4.791  7.041 0.1111110002
110039  -54.753  9.054  8.442 0.2222220004
60586  -51.114  4.131  8.397 0.1111110002
60608  -52.832  4.825  6.582 0.1111110002
120851  -55.344  8.095  8.224 0.2222220004
60587  -51.933  3.940  8.285 0.1111110002
60598  -52.401  4.366  7.568 0.1111110002
63537  -55.870  7.935  7.791 0.2222220004
59648  -53.460  4.141  7.333 0.1111110002
62626  -56.749  6.758  6.279 0.2222220004
62627  -57.191  6.128  5.408 0.2222220004
60599  -54.445  4.119  6.725 0.1111110002
60610  -55.266  4.389  5.870 0.1111110002
62616  -57.221  6.170  6.075 0.2222220004
59650  -55.426  3.715  6.338 0.1111110002
59656  -56.861  3.919  5.373 0.1111110002
60616  -57.305  4.785  5.274 0.2222220004
111498  -53.396  10.990  8.433 0.1111110002
110988  -53.070  10.246  8.441 0.1111110002
65177  -53.895  9.610  8.464 0.1111110002
64411  -55.720  8.711  8.219 0.2222220004
121125  -56.225  9.369  8.124 0.2222220004
61631  -52.740  5.409  5.250 0.2222220004
63544  -56.140  7.630  7.119 0.2222220004
113056  -56.270  7.184  7.201 0.2222220004
61616  -53.649  5.097  5.832 0.2222220004
61617  -54.750  4.993  5.482 0.1111110002
63553  -56.804  6.721  5.355 0.2222220004
60609  -54.012  4.615  6.400 0.1111110002
61651  -55.937  6.211  4.365 0.1111110002
61618  -57.130  5.689  4.972 0.2222220004
60615  -56.236  4.900  5.040 0.1111110002
63551  -55.893  7.661  6.338 0.2222220004
63563  -56.340  7.148  5.110 0.2222220004
61649  -53.566  5.997  4.273 0.2222220004
62648  -55.267  6.882  3.855 0.2222220004
63564  -56.502  6.804  4.731 0.2222220004
61632  -54.119  5.492  4.935 0.1111110002
61633  -55.470  5.549  4.710 0.1111110002
63562  -55.524  7.453  4.921 0.2222220004
59358  -42.359  4.259  31.882 0.2222220004
62363  -43.854  7.862  31.781 0.3333329856
61326  -44.339  6.521  31.627 0.3333329856
60543  -59.127  4.368  12.380 0.1111110002
59599  -59.295  3.707  12.472 0.1111110002
64139  -44.412  9.272  37.527 0.1111110002
64150  -44.325  9.614  36.667 0.1111110002
62315  -43.976  8.471  34.819 0.1111110002
61285  -43.549  7.028  34.706 0.1111110002
61292  -42.520  6.489  33.254 0.1111110002
61284  -43.073  6.099  34.192 0.1111110002
121721  -38.480  2.490  22.788 0.1111110002
58506  -37.991  2.716  22.669 0.2222220004
58509  -40.149  2.121  22.058 0.1111110002
58508  -39.394  2.331  22.156 0.1111110002
63289  -43.606  8.171  31.339 0.3333329856
112092  -43.039  7.676  31.974 0.3333329856
63291  -45.292  8.546  31.525 0.3333329856
62347  -44.894  8.236  31.778 0.3333329856
57589  -48.856  1.434  18.979 0.3333329856
58563  -49.726  2.126  17.062 0.2222220004
59488  -36.598  3.123  23.253 0.1111110002
58489  -37.437  2.804  23.347 0.2222220004
63293  -47.226  9.002  31.881 0.3333329856
57552  -46.314  1.705  22.094 0.2222220004
62524  -49.237  6.610  13.491 0.3333329856
63512  -47.152  7.419  11.416 0.1111110002
61573  -49.719  5.582  11.013 0.4444440007
64396  -47.359  8.278  10.295 0.2222220004
65158  -47.409  9.090  9.961 0.2222220004
119322  -49.221  9.750  8.869 0.1111110002
60567  -50.699  4.704  11.336 0.4444440007
57564  -46.801  1.475  21.308 0.3333329856
49485  -25.679  -6.852  56.181 0.1111110002
57511  -34.818  1.093  25.175 0.2222220004
115354  -33.014  -0.890  27.083 0.1111110002
55748  -33.049  -0.561  26.086 0.1111110002
62348  -45.397  8.116  32.216 0.3333329856
59493  -34.557  4.073  22.746 0.1111110002
61438  -33.982  5.462  22.531 0.1111110002
61439  -34.819  5.594  22.043 0.1111110002
62417  -32.888  6.859  24.145 0.1111110002
61432  -32.864  5.650  23.324 0.1111110002
63369  -33.539  7.364  23.745 0.1111110002
62421  -33.206  6.496  23.318 0.1111110002
61437  -33.328  5.778  22.880 0.1111110002
60456  -35.969  4.967  21.414 0.1111110002
60452  -36.010  4.291  21.792 0.1111110002
59502  -36.786  3.829  21.687 0.1111110002
63357  -34.056  8.005  24.287 0.1111110002
64234  -34.679  8.431  24.843 0.1111110002
63386  -34.711  7.331  22.709 0.1111110002
63370  -34.342  7.741  23.434 0.1111110002
110073  -35.131  6.334  21.973 0.1111110002
63388  -36.422  7.448  22.405 0.1111110002
61445  -36.624  5.524  21.233 0.1111110002
60458  -37.308  4.182  21.149 0.1111110002
59503  -37.586  3.527  21.549 0.1111110002
59512  -38.663  3.765  20.776 0.1111110002
116211  -39.740  2.533  21.528 0.1111110002
64262  -34.869  8.323  23.969 0.1111110002
61446  -37.529  5.668  20.980 0.1111110002
61454  -37.832  5.128  20.701 0.1111110002
111944  -38.317  4.257  20.675 0.1111110002
59513  -39.469  3.720  20.547 0.1111110002
58519  -39.647  2.976  20.952 0.1111110002
61455  -38.364  4.856  20.564 0.1111110002
58521  -41.165  2.417  21.110 0.1111110002
59521  -40.867  3.655  20.091 0.1111110002
58532  -41.810  2.607  20.630 0.1111110002
61472  -40.927  4.949  19.920 0.1111110002
59522  -41.549  3.698  19.828 0.1111110002
101482  -43.287  2.191  20.871 0.1111110002
57563  -44.579  1.956  21.099 0.1111110002
58534  -44.355  2.266  19.882 0.1111110002
57587  -46.568  1.541  19.518 0.1111110002
57599  -45.488  2.112  18.882 0.1111110002
116980  -47.401  1.452  19.485 0.2222220004
62445  -40.699  6.503  20.803 0.1111110002
58553  -46.854  2.046  18.170 0.1111110002
61459  -42.038  5.733  20.082 0.1111110002
59532  -44.879  3.401  18.628 0.1111110002
57612  -48.703  1.752  17.793 0.2222220004
57603  -49.155  1.524  18.235 0.3333329856
58552  -45.976  2.523  18.294 0.1111110002
59545  -46.990  3.327  17.688 0.1111110002
58561  -48.100  2.911  17.244 0.1111110002
58570  -49.453  3.422  16.859 0.1111110002
108038  -45.227  4.867  19.066 0.1111110002
60484  -46.634  4.395  18.436 0.1111110002
60495  -48.292  4.144  17.837 0.1111110002
63478  -48.797  7.983  14.498 0.2222220004
62450  -45.699  6.404  21.432 0.1111110002
61479  -48.716  4.805  19.848 0.1111110002
60477  -48.484  4.520  18.828 0.1111110002
60487  -50.080  4.813  18.807 0.1111110002
62449  -44.770  6.659  21.347 0.1111110002
62473  -50.237  5.318  19.878 0.1111110002
62477  -48.124  6.877  18.321 0.1111110002
64333  -46.959  7.968  14.839 0.1111110002
63484  -47.831  7.424  13.867 0.2222220004
62468  -50.130  5.322  20.384 0.1111110002
114024  -49.482  6.759  19.865 0.1111110002
113102  -47.264  7.596  18.461 0.1111110002
117907  -46.687  7.719  17.853 0.1111110002
121785  -46.136  8.034  16.092 0.1111110002
64332  -46.367  8.131  15.424 0.1111110002
64331  -45.628  8.621  15.080 0.1111110002
116055  -46.967  7.425  13.389 0.2222220004
63503  -47.165  7.138  12.780 0.2222220004
64309  -46.341  8.635  18.437 0.1111110002
64317  -45.840  8.625  17.932 0.1111110002
65119  -45.022  9.152  14.695 0.1111110002
65129  -44.976  9.157  13.766 0.1111110002
64363  -45.461  8.661  13.138 0.1111110002
63502  -46.572  7.624  12.636 0.1111110002
63511  -46.454  7.931  11.718 0.1111110002
65862  -45.820  9.765  18.081 0.1111110002
113956  -45.418  9.241  17.683 0.1111110002
65102  -46.530  9.368  18.670 0.1111110002
65871  -45.960  10.604  17.726 0.1111110002
66631  -45.211  11.286  16.300 0.1111110002
66630  -44.735  10.938  15.875 0.1111110002
114731  -44.577  9.721  15.278 0.1111110002
66649  -44.674  10.993  13.708 0.1111110002
65137  -44.685  9.763  13.513 0.1111110002
65144  -45.212  9.726  12.167 0.1111110002
64383  -45.892  8.551  11.788 0.1111110002
109186  -46.751  8.849  10.520 0.1111110002
62589  -50.489  6.402  9.630 0.2222220004
65891  -45.400  10.570  11.821 0.1111110002
119193  -46.474  10.233  10.573 0.1111110002
67516  -46.157  12.200  11.495 0.1111110002
66658  -46.990  11.515  10.228 0.1111110002
65909  -47.594  10.041  9.685 0.1111110002
63534  -50.887  7.638  8.837 0.2222220004
118852  -50.092  8.667  8.785 0.1111110002
64406  -50.850  8.539  8.659 0.1111110002
102245  -52.291  7.614  8.611 0.2222220004
61592  -54.852  5.251  8.476 0.2222220004
60601  -57.775  4.242  6.411 0.2222220004
67529  -47.485  12.480  10.087 0.1111110002
65911  -49.215  10.536  8.772 0.1111110002
65918  -49.119  11.442  8.786 0.1111110002
61593  -55.791  5.469  7.744 0.2222220004
60589  -55.713  4.761  8.178 0.2222220004
61603  -56.887  5.687  6.764 0.2222220004
60590  -56.641  4.250  7.711 0.2222220004
66669  -48.311  11.530  9.255 0.1111110002
107481  -50.044  3.396  9.416 0.1111110002
66677  -49.769  12.167  8.572 0.1111110002
67531  -48.583  13.117  9.294 0.1111110002
63552  -56.476  7.087  6.036 0.2222220004
65178  -55.248  9.853  8.483 0.1111110002
117740  -55.778  9.372  8.343 0.2222220004
64416  -56.104  8.809  7.902 0.2222220004
64425  -55.961  8.723  7.602 0.2222220004
62635  -56.865  6.321  4.858 0.2222220004
61652  -56.661  6.073  4.657 0.2222220004
118383  -56.239  6.586  4.389 0.2222220004
61634  -56.643  5.584  4.764 0.1111110002
61650  -54.764  6.180  4.227 0.2222220004
63578  -55.898  7.043  4.250 0.2222220004
58626  -59.209  3.022  12.280 0.1111110002
114009  -19.084  -7.556  44.978 0.2222220004
109728  -19.915  -7.886  45.056 0.2222220004
47609  -20.870  -8.041  45.189 0.2222220004
49643  -13.781  -6.071  45.821 0.2222220004
48606  -19.474  -7.825  44.172 0.2222220004
48623  -17.821  -6.909  43.670 0.2222220004
48624  -18.355  -7.226  43.244 0.2222220004
48607  -20.369  -8.124  44.286 0.2222220004
48625  -19.086  -7.623  43.173 0.2222220004
47636  -19.961  -8.048  43.385 0.2222220004
117887  -21.206  -8.409  42.901 0.2222220004
50716  -13.338  -5.666  45.229 0.1111110002
50726  -13.677  -5.194  44.676 0.1111110002
50718  -15.046  -5.767  45.171 0.1111110002
50727  -14.488  -5.293  44.526 0.1111110002
50740  -15.545  -5.241  43.650 0.1111110002
50741  -16.234  -5.625  43.314 0.1111110002
49693  -16.817  -6.024  42.887 0.1111110002
49678  -17.289  -6.483  43.238 0.1111110002
49679  -17.920  -6.814  42.858 0.1111110002
48636  -18.552  -7.156  42.540 0.1111110002
48637  -19.230  -7.479  42.233 0.1111110002
47637  -20.804  -8.311  43.508 0.2222220004
47651  -20.470  -8.208  42.586 0.1111110002
49710  -19.016  -6.732  41.291 0.1111110002
48651  -19.467  -7.277  41.474 0.1111110002
47662  -20.680  -8.114  41.689 0.1111110002
47672  -20.978  -7.928  40.985 0.1111110002
47663  -21.454  -8.276  41.409 0.1111110002
47664  -22.296  -8.429  41.209 0.1111110002
47665  -23.213  -8.476  41.035 0.1111110002
48652  -20.226  -7.656  41.261 0.1111110002
49783  -28.790  -6.859  36.551 0.1111110002
49785  -30.281  -6.660  35.970 0.1111110002
113567  -29.511  -6.740  35.695 0.1111110002
49794  -30.110  -6.573  35.127 0.1111110002
49803  -30.659  -6.328  34.614 0.1111110002
49793  -29.321  -6.613  34.891 0.1111110002
50855  -31.877  -5.311  33.205 0.1111110002
51884  -32.400  -4.244  31.854 0.1111110002
51897  -31.741  -4.527  31.694 0.1111110002
108369  -31.373  -5.735  33.722 0.1111110002
51883  -31.362  -5.080  32.342 0.1111110002
52882  -33.214  -2.927  31.658 0.1111110002
108870  -32.172  -4.759  32.436 0.1111110002
52881  -32.138  -3.729  31.154 0.1111110002
111183  -32.707  -2.893  31.171 0.1111110002
52889  -32.115  -2.801  30.714 0.1111110002
54729  -33.660  -1.652  31.913 0.2222220004
52887  -30.664  -3.511  31.022 0.1111110002
52888  -31.461  -3.301  30.769 0.1111110002
53789  -33.189  -2.209  31.387 0.1111110002
53788  -32.494  -1.781  30.841 0.1111110002
60569  -52.104  4.119  10.748 0.3333329856
49642  -12.838  -6.178  45.708 0.1111110002
50717  -14.208  -5.707  45.203 0.1111110002
49677  -16.648  -6.129  43.643 0.1111110002
48605  -18.517  -7.387  44.125 0.2222220004
50739  -14.835  -4.901  43.910 0.1111110002
50752  -15.908  -5.130  43.067 0.1111110002
48650  -18.771  -6.968  41.837 0.1111110002
47650  -19.713  -7.867  42.640 0.1111110002
48638  -19.921  -7.843  41.936 0.1111110002
49695  -18.129  -6.624  42.169 0.1111110002
52880  -31.299  -4.072  31.176 0.1111110002
51896  -30.992  -4.685  31.725 0.1111110002
121989  -31.520  -2.574  30.540 0.1111110002
53797  -30.828  -2.715  30.614 0.1111110002
44111  -47.881  -12.150  24.287 0.1111110002
117745  -48.167  -12.809  24.083 0.1111110002
43222  -49.306  -13.778  24.687 0.1111110002
42401  -55.161  -14.589  22.648 0.1111110002
42402  -56.980  -14.782  22.054 0.1111110002
107573  -47.951  -8.967  21.642 0.1111110002
101887  -47.902  -11.157  23.191 0.1111110002
43231  -48.601  -13.304  24.361 0.1111110002
42377  -49.826  -14.340  24.174 0.1111110002
42398  -51.441  -14.969  23.703 0.1111110002
42399  -52.447  -14.952  23.631 0.1111110002
122120  -54.150  -15.076  22.167 0.1111110002
114794  -56.209  -14.915  21.719 0.1111110002
48813  -48.953  -7.300  20.461 0.1111110002
46877  -47.980  -10.059  22.426 0.1111110002
45998  -48.345  -10.764  22.596 0.1111110002
41471  -53.281  -15.139  22.657 0.1111110002
47799  -48.802  -8.984  21.399 0.1111110002
47803  -49.031  -8.206  20.835 0.1111110002
43233  -58.052  -14.461  23.272 0.1111110002
48808  -47.183  -7.696  21.252 0.1111110002
47798  -47.183  -8.562  21.778 0.1111110002
45994  -47.302  -10.791  23.876 0.1111110002
42383  -56.817  -14.216  23.035 0.1111110002
42384  -57.637  -14.191  23.288 0.1111110002
49969  -47.419  -6.431  20.513 0.1111110002
48812  -48.089  -7.616  20.749 0.1111110002
46880  -47.518  -9.315  22.120 0.1111110002
43212  -48.903  -13.147  25.231 0.1111110002
106701  -49.714  -13.563  25.435 0.1111110002
42363  -52.275  -14.233  25.068 0.1111110002
42381  -54.059  -14.494  23.807 0.1111110002
42382  -55.428  -14.255  23.471 0.1111110002
49970  -48.182  -6.832  20.418 0.1111110002
45069  -47.726  -11.643  23.767 0.1111110002
42361  -50.173  -14.101  24.936 0.1111110002
42379  -51.806  -14.600  24.416 0.1111110002
122658  -56.207  -14.487  22.475 0.1111110002
48809  -47.989  -8.363  21.209 0.1111110002
45997  -47.531  -10.473  23.070 0.1111110002
42378  -50.784  -14.523  24.368 0.1111110002
42400  -54.116  -14.802  22.803 0.1111110002
49971  -49.748  -7.066  20.277 0.1111110002
116725  -49.647  -7.676  20.560 0.1111110002
43224  -57.162  -13.727  23.950 0.1111110002
46876  -47.065  -9.687  22.760 0.1111110002
45065  -47.529  -11.410  24.484 0.1111110002
44109  -48.603  -12.439  25.865 0.1111110002
43202  -49.356  -12.949  26.011 0.1111110002
43223  -55.899  -13.805  24.221 0.1111110002
43217  -55.133  -13.542  25.303 0.1111110002
45066  -47.751  -11.868  24.961 0.1111110002
43203  -50.328  -13.304  26.117 0.1111110002
42362  -51.172  -14.160  25.156 0.1111110002
42364  -53.377  -14.210  24.879 0.1111110002
42365  -54.596  -14.056  24.579 0.1111110002
50986  -48.162  -6.055  20.103 0.1111110002
49980  -49.005  -6.534  20.136 0.1111110002
107379  -49.032  -5.642  19.772 0.1111110002
46887  -52.345  -9.578  20.647 0.1111110002
47864  -55.609  -8.555  16.165 0.1111110002
43209  -57.513  -12.867  25.722 0.1111110002
49968  -46.671  -6.066  20.760 0.1111110002
49966  -46.855  -6.857  20.987 0.1111110002
47797  -46.683  -7.979  21.930 0.1111110002
46875  -46.607  -9.163  23.096 0.1111110002
43208  -55.913  -13.097  26.012 0.1111110002
51987  -47.070  -4.758  19.957 0.1111110002
45061  -47.515  -11.212  25.285 0.1111110002
45062  -47.980  -11.806  25.666 0.1111110002
43207  -54.482  -13.241  26.246 0.1111110002
116072  -46.761  -8.472  22.168 0.1111110002
47795  -46.823  -8.955  22.400 0.1111110002
45990  -47.133  -10.666  24.717 0.1111110002
44097  -49.095  -12.301  26.485 0.1111110002
43206  -53.279  -13.350  26.339 0.1111110002
50985  -47.285  -5.645  20.234 0.1111110002
50993  -47.974  -5.197  19.784 0.1111110002
43204  -51.292  -13.353  26.316 0.1111110002
43215  -52.776  -13.827  25.684 0.1111110002
43216  -53.885  -13.722  25.528 0.1111110002
52963  -47.621  -3.342  19.708 0.1111110002
43214  -51.784  -13.801  25.738 0.1111110002
51993  -47.746  -4.244  19.654 0.1111110002
111925  -48.651  -4.669  19.593 0.1111110002
49981  -49.870  -6.355  19.950 0.1111110002
49982  -50.744  -6.274  19.857 0.1111110002
49972  -50.588  -7.005  20.180 0.1111110002
48815  -51.342  -7.788  20.493 0.1111110002
103892  -53.118  -8.221  20.361 0.1111110002
48827  -56.525  -7.995  18.584 0.1111110002
48845  -57.266  -7.368  18.015 0.1111110002
51055  -56.995  -6.275  16.721 0.1111110002
46888  -52.989  -9.097  20.536 0.1111110002
46903  -53.667  -9.401  19.861 0.1111110002
47838  -56.428  -8.796  17.882 0.1111110002
47839  -56.951  -8.351  17.385 0.1111110002
48856  -57.294  -7.654  16.873 0.1111110002
50030  -56.449  -6.744  15.584 0.1111110002
120807  -56.796  -8.779  16.832 0.1111110002
48871  -57.034  -7.753  16.057 0.1111110002
46943  -55.292  -10.146  17.111 0.1111110002
46944  -55.885  -9.601  16.915 0.1111110002
47865  -56.371  -8.917  16.525 0.1111110002
119676  -56.127  -7.013  15.106 0.1111110002
48880  -55.881  -7.176  15.152 0.1111110002
63212  -43.844  8.910  38.381 0.1111110002
49909  -49.539  -6.422  27.616 0.1111110002
46841  -57.119  -8.692  27.167 0.1111110002
104421  -57.236  -9.216  26.970 0.1111110002
44087  -57.573  -11.221  26.452 0.1111110002
44104  -56.788  -12.236  26.321 0.1111110002
49965  -46.321  -6.387  21.405 0.1111110002
44103  -55.208  -12.631  26.793 0.1111110002
51986  -46.206  -4.239  20.346 0.1111110002
50984  -46.468  -5.251  20.504 0.1111110002
48807  -46.571  -7.164  21.665 0.1111110002
47794  -46.579  -8.295  22.606 0.1111110002
45984  -46.851  -9.852  24.785 0.1111110002
45989  -46.823  -10.132  24.208 0.1111110002
45986  -47.798  -10.955  26.069 0.1111110002
45054  -48.551  -11.585  26.488 0.1111110002
51992  -46.947  -3.788  19.861 0.1111110002
45985  -47.299  -10.373  25.502 0.1111110002
44098  -49.829  -12.576  26.708 0.1111110002
44101  -52.716  -12.882  27.033 0.1111110002
53881  -48.284  -2.893  19.665 0.1111110002
51994  -49.462  -4.943  19.587 0.1111110002
50994  -50.058  -5.576  19.692 0.1111110002
50995  -50.953  -5.484  19.648 0.1111110002
49973  -51.429  -6.955  20.071 0.1111110002
49974  -52.133  -6.853  19.938 0.1111110002
49984  -52.442  -6.262  19.727 0.1111110002
103141  -52.237  -7.570  20.293 0.1111110002
48825  -53.072  -7.201  19.985 0.1111110002
49985  -55.267  -6.956  19.624 0.1111110002
101590  -56.007  -7.426  19.372 0.1111110002
50004  -57.419  -6.449  18.551 0.1111110002
116696  -57.145  -5.056  18.092 0.1111110002
52021  -56.348  -4.579  17.473 0.1111110002
105947  -52.282  -8.423  20.635 0.1111110002
48816  -54.025  -7.985  20.022 0.1111110002
48828  -56.978  -7.011  19.053 0.1111110002
50016  -57.443  -6.816  17.445 0.1111110002
51033  -56.747  -5.371  17.086 0.1111110002
47806  -53.850  -8.787  20.099 0.1111110002
47819  -54.701  -8.522  19.656 0.1111110002
105798  -55.606  -8.244  19.258 0.1111110002
52042  -55.697  -5.021  16.437 0.1111110002
51054  -56.139  -5.885  15.881 0.1111110002
52020  -55.203  -4.250  17.054 0.1111110002
51053  -55.128  -5.653  15.310 0.1111110002
52989  -54.160  -3.886  16.673 0.1111110002
52041  -54.674  -4.755  15.949 0.1111110002
119480  -39.367  -0.658  31.220 0.1111110002
111546  -39.094  -0.768  29.924 0.1111110002
53807  -38.967  -2.261  29.180 0.1111110002
52915  -39.610  -3.243  27.863 0.1111110002
51942  -40.667  -4.470  26.804 0.1111110002
50938  -42.235  -5.362  27.024 0.1111110002
49927  -44.113  -6.286  26.784 0.1111110002
116802  -46.061  -6.434  26.977 0.1111110002
48780  -55.434  -7.118  27.466 0.1111110002
49906  -47.021  -6.474  27.048 0.1111110002
103851  -49.941  -6.643  26.283 0.1111110002
48777  -51.940  -6.967  26.913 0.1111110002
48778  -52.924  -7.030  27.127 0.1111110002
47768  -54.086  -8.066  27.418 0.1111110002
49907  -47.947  -6.497  27.070 0.1111110002
46849  -55.109  -8.708  27.438 0.1111110002
46850  -56.805  -8.517  27.131 0.1111110002
53859  -45.044  -2.334  22.014 0.1111110002
52954  -45.074  -3.470  21.273 0.1111110002
110206  -56.419  -9.137  27.141 0.1111110002
45968  -56.307  -10.115  27.178 0.1111110002
53863  -45.482  -2.655  21.226 0.1111110002
45043  -57.035  -10.645  26.600 0.1111110002
54831  -45.866  -1.987  21.703 0.1111110002
53868  -46.063  -2.744  20.636 0.1111110002
52956  -45.697  -3.370  20.671 0.1111110002
51983  -45.459  -4.261  20.946 0.1111110002
50980  -46.027  -5.657  21.095 0.1111110002
45042  -55.413  -11.275  27.407 0.1111110002
50983  -45.844  -4.948  20.804 0.1111110002
48805  -46.420  -7.378  22.352 0.1111110002
53869  -46.787  -2.536  20.422 0.1111110002
52957  -46.400  -3.240  20.242 0.1111110002
46872  -46.605  -9.327  23.955 0.1111110002
44102  -53.866  -12.805  26.982 0.1111110002
52958  -47.014  -3.059  19.957 0.1111110002
45055  -49.411  -11.825  27.010 0.1111110002
44099  -50.745  -12.812  26.893 0.1111110002
44100  -51.698  -12.897  27.008 0.1111110002
54843  -47.521  -2.084  20.503 0.1111110002
53870  -47.558  -2.646  19.989 0.1111110002
53871  -48.335  -2.236  20.079 0.1111110002
52964  -48.429  -3.724  19.549 0.1111110002
113605  -48.900  -2.610  19.725 0.1111110002
52965  -49.074  -3.226  19.534 0.1111110002
113957  -49.289  -4.104  19.503 0.1111110002
51995  -50.245  -4.617  19.542 0.1111110002
107109  -51.251  -4.690  19.536 0.1111110002
51996  -52.147  -4.733  19.547 0.1111110002
50996  -51.840  -5.479  19.614 0.1111110002
50998  -53.820  -5.579  19.656 0.1111110002
50999  -55.086  -5.649  19.757 0.1111110002
51000  -56.546  -5.721  19.806 0.1111110002
104328  -53.416  -6.328  19.687 0.1111110002
105569  -55.550  -6.268  19.648 0.1111110002
49986  -56.352  -6.590  19.524 0.1111110002
51001  -57.416  -5.364  19.671 0.1111110002
52010  -57.478  -5.125  19.159 0.1111110002
52009  -57.052  -4.370  18.462 0.1111110002
52983  -55.973  -3.803  17.869 0.1111110002
102048  -54.183  -7.113  19.769 0.1111110002
52982  -54.812  -3.398  17.522 0.1111110002
54863  -53.922  -1.989  17.824 0.1111110002
53896  -53.709  -2.851  17.244 0.1111110002
55712  -39.034  -0.797  29.067 0.1111110002
55721  -38.816  -1.144  28.185 0.1111110002
54778  -38.807  -1.448  27.385 0.1111110002
53834  -39.415  -2.346  25.913 0.1111110002
54796  -45.053  -1.236  24.207 0.1111110002
54777  -38.660  -1.787  28.033 0.1111110002
52930  -39.576  -3.223  26.220 0.1111110002
51959  -40.670  -4.153  25.106 0.1111110002
50960  -41.474  -5.365  25.537 0.1111110002
54807  -44.513  -1.701  23.627 0.1111110002
54808  -45.371  -1.554  23.476 0.1111110002
104152  -43.590  -6.571  26.053 0.1111110002
119325  -46.688  -6.685  26.001 0.1111110002
54819  -44.794  -2.061  22.902 0.1111110002
49928  -45.578  -6.748  26.065 0.1111110002
49929  -47.735  -6.587  25.799 0.1111110002
49932  -50.530  -6.822  26.196 0.1111110002
47782  -51.530  -7.349  26.763 0.1111110002
53862  -44.683  -2.920  21.758 0.1111110002
52953  -44.474  -3.616  21.817 0.1111110002
50978  -44.743  -4.972  21.881 0.1111110002
47767  -53.023  -7.947  27.287 0.1111110002
54820  -45.601  -1.786  22.579 0.1111110002
51982  -44.878  -4.323  21.518 0.1111110002
49962  -45.569  -6.331  22.515 0.1111110002
50979  -45.360  -5.141  21.437 0.1111110002
49964  -45.709  -5.979  21.782 0.1111110002
49958  -46.083  -6.817  22.844 0.1111110002
47789  -46.690  -8.327  24.021 0.1111110002
49963  -46.097  -6.654  22.086 0.1111110002
48803  -46.381  -7.462  23.078 0.1111110002
46869  -46.868  -8.872  24.672 0.1111110002
46860  -48.560  -9.587  26.508 0.1111110002
45962  -49.739  -10.306  27.271 0.1111110002
45963  -50.529  -10.630  27.620 0.1111110002
113290  -51.998  -11.040  28.031 0.1111110002
45965  -52.650  -10.706  28.030 0.1111110002
45041  -54.027  -11.496  27.731 0.1111110002
46866  -47.288  -9.443  25.435 0.1111110002
111146  -49.015  -10.150  26.962 0.1111110002
45037  -49.924  -11.256  27.431 0.1111110002
45964  -51.290  -10.904  27.900 0.1111110002
45040  -52.746  -11.491  27.882 0.1111110002
44085  -54.568  -12.121  27.373 0.1111110002
53864  -46.248  -2.228  20.987 0.1111110002
47792  -46.542  -8.379  23.367 0.1111110002
45979  -48.414  -10.570  26.607 0.1111110002
45980  -49.105  -10.969  27.087 0.1111110002
45038  -50.773  -11.505  27.687 0.1111110002
44083  -52.166  -12.279  27.538 0.1111110002
44084  -53.289  -12.232  27.508 0.1111110002
53872  -48.849  -1.842  20.417 0.1111110002
107026  -49.721  -2.702  19.646 0.1111110002
52966  -50.409  -3.130  19.530 0.1111110002
118617  -54.768  -1.334  18.900 0.1111110002
107638  -54.561  -0.637  18.841 0.1111110002
55827  -54.099  -0.215  18.173 0.1111110002
114885  -54.412  0.512  17.833 0.1111110002
108508  -50.749  -3.834  19.479 0.1111110002
50997  -52.766  -5.504  19.600 0.1111110002
111697  -53.900  -4.286  19.851 0.1111110002
51999  -55.836  -5.036  20.140 0.1111110002
52971  -57.440  -3.562  19.649 0.1111110002
53894  -56.475  -2.691  19.146 0.1111110002
51998  -54.419  -4.933  19.835 0.1111110002
52000  -57.223  -4.956  20.251 0.1111110002
52980  -57.557  -4.286  19.567 0.1111110002
52979  -56.800  -3.546  18.740 0.1111110002
52978  -55.564  -2.971  18.237 0.1111110002
54860  -54.098  -1.188  18.295 0.1111110002
55829  -53.943  0.119  17.461 0.1111110002
49987  -57.188  -6.109  19.345 0.1111110002
53897  -54.533  -2.639  17.879 0.1111110002
56719  -53.614  -0.045  16.870 0.1111110002
119848  -53.554  -1.294  17.581 0.1111110002
54795  -44.104  -1.276  24.224 0.1111110002
49948  -42.635  -6.240  25.208 0.1111110002
49941  -43.949  -6.728  25.335 0.1111110002
108074  -44.208  -2.668  22.525 0.1111110002
52951  -43.912  -3.812  22.351 0.1111110002
101378  -48.250  -6.724  25.089 0.1111110002
48793  -50.407  -6.733  26.038 0.1111110002
51980  -44.338  -4.413  22.071 0.1111110002
50976  -44.990  -5.667  22.255 0.1111110002
47780  -49.896  -7.761  26.198 0.1111110002
47781  -50.751  -7.502  26.479 0.1111110002
109301  -52.479  -9.138  27.642 0.1111110002
115466  -54.016  -9.678  27.808 0.1111110002
54809  -46.204  -1.418  23.248 0.1111110002
49952  -46.462  -6.875  23.771 0.1111110002
47790  -47.268  -7.553  24.475 0.1111110002
46861  -49.557  -9.207  26.780 0.1111110002
46862  -50.377  -8.489  26.726 0.1111110002
46848  -51.485  -9.309  27.483 0.1111110002
110178  -53.581  -8.955  27.683 0.1111110002
54821  -46.470  -1.590  22.376 0.1111110002
48800  -46.713  -7.377  23.849 0.1111110002
46867  -48.017  -8.969  25.885 0.1111110002
46847  -50.525  -9.515  27.287 0.1111110002
114291  -51.116  -10.155  27.701 0.1111110002
110182  -53.023  -9.919  27.991 0.1111110002
45967  -55.005  -9.889  27.628 0.1111110002
47785  -47.596  -8.322  25.139 0.1111110002
45966  -53.705  -10.616  27.938 0.1111110002
113289  -54.817  -10.753  27.670 0.1111110002
54832  -46.716  -1.785  21.525 0.1111110002
54833  -47.497  -1.704  21.210 0.1111110002
54844  -48.221  -1.736  20.747 0.1111110002
53882  -49.215  -2.172  19.993 0.1111110002
54850  -57.200  -1.864  20.611 0.1111110002
109869  -56.147  -1.500  19.806 0.1111110002
55820  -55.114  -0.287  19.437 0.1111110002
56709  -54.597  0.230  18.714 0.1111110002
57615  -54.915  1.080  17.377 0.1111110002
52967  -51.119  -3.169  19.552 0.1111110002
54854  -56.949  -2.246  19.891 0.1111110002
54853  -55.213  -1.052  19.400 0.1111110002
110344  -51.597  -3.939  19.509 0.1111110002
109276  -53.085  -3.821  19.741 0.1111110002
52970  -54.979  -4.364  20.240 0.1111110002
51988  -56.460  -4.466  20.630 0.1111110002
51989  -57.591  -4.248  20.718 0.1111110002
52972  -57.799  -3.959  20.527 0.1111110002
54861  -55.628  -1.774  19.273 0.1111110002
56720  -54.349  0.529  16.880 0.1111110002
52001  -57.540  -4.620  20.085 0.1111110002
111247  -54.335  0.270  15.434 0.1111110002
58417  -44.998  2.422  27.481 0.1111110002
57475  -44.501  1.963  26.955 0.1111110002
56632  -45.003  0.829  25.850 0.1111110002
116987  -44.371  1.065  26.083 0.1111110002
57514  -43.676  0.972  26.038 0.1111110002
55755  -45.021  0.132  25.210 0.1111110002
55754  -43.968  -0.050  25.142 0.1111110002
56659  -44.234  0.568  25.633 0.1111110002
55772  -45.527  -0.576  24.652 0.1111110002
55771  -44.556  -0.615  24.690 0.1111110002
53854  -44.092  -2.196  23.207 0.1111110002
53858  -43.584  -3.240  22.693 0.1111110002
49961  -45.012  -6.227  22.942 0.1111110002
48798  -49.051  -6.932  25.427 0.1111110002
50975  -44.289  -5.150  22.422 0.1111110002
48792  -49.738  -6.865  25.761 0.1111110002
55787  -46.744  -1.149  23.762 0.1111110002
47786  -48.490  -7.696  25.406 0.1111110002
47779  -48.942  -8.468  26.128 0.1111110002
54810  -47.047  -1.281  23.109 0.1111110002
54822  -47.474  -1.451  22.207 0.1111110002
54823  -48.376  -1.284  22.454 0.1111110002
54824  -49.194  -1.261  22.053 0.1111110002
54834  -48.284  -1.477  21.599 0.1111110002
108076  -48.980  -1.530  21.039 0.1111110002
54835  -49.814  -1.399  21.216 0.1111110002
54845  -49.542  -1.744  20.479 0.1111110002
54836  -50.650  -1.306  21.316 0.1111110002
54846  -50.353  -1.655  20.554 0.1111110002
112772  -51.199  -1.593  20.665 0.1111110002
54852  -50.042  -2.096  20.000 0.1111110002
53873  -50.872  -2.036  20.084 0.1111110002
53874  -51.723  -2.027  20.204 0.1111110002
54847  -52.182  -1.586  20.866 0.1111110002
53883  -50.584  -2.566  19.718 0.1111110002
53884  -51.405  -2.538  19.801 0.1111110002
53875  -52.645  -2.216  20.383 0.1111110002
112154  -53.522  -2.473  20.610 0.1111110002
53876  -54.337  -3.071  20.648 0.1111110002
53877  -55.785  -3.272  21.276 0.1111110002
53888  -57.724  -2.879  20.820 0.1111110002
55821  -55.917  -0.916  20.035 0.1111110002
52968  -52.094  -3.254  19.674 0.1111110002
52960  -56.998  -3.991  21.208 0.1111110002
52961  -57.854  -3.771  21.157 0.1111110002
112331  -57.948  -3.524  20.970 0.1111110002
52969  -54.085  -3.691  20.169 0.1111110002
56736  -54.779  0.502  16.038 0.1111110002
120355  -55.101  0.455  15.385 0.1111110002
110709  -44.849  1.400  26.416 0.1111110002
56633  -45.755  1.216  26.237 0.1111110002
56658  -43.393  0.426  25.578 0.1111110002
56660  -45.794  0.589  25.639 0.1111110002
55770  -43.582  -0.712  24.684 0.1111110002
54805  -42.739  -2.039  23.801 0.1111110002
51979  -43.772  -4.606  22.600 0.1111110002
55756  -46.087  0.002  25.091 0.1111110002
49957  -45.620  -6.587  23.411 0.1111110002
48797  -48.468  -6.913  25.036 0.1111110002
110842  -46.324  -0.557  24.628 0.1111110002
48801  -47.142  -6.900  24.392 0.1111110002
47787  -49.271  -7.460  25.713 0.1111110002
111674  -47.996  -7.307  24.868 0.1111110002
54811  -47.968  -1.151  23.185 0.1111110002
115406  -49.799  -0.974  22.852 0.1111110002
55811  -50.938  -0.977  22.124 0.1111110002
54837  -51.466  -1.207  21.449 0.1111110002
110015  -52.146  -1.118  21.577 0.1111110002
54838  -52.910  -1.328  21.435 0.1111110002
54839  -53.894  -1.624  21.482 0.1111110002
112663  -54.909  -1.981  21.705 0.1111110002
53865  -56.173  -2.661  21.819 0.1111110002
56700  -56.891  -0.356  21.004 0.1111110002
55818  -56.763  -0.972  20.691 0.1111110002
113059  -55.754  1.420  19.706 0.1111110002
56710  -55.240  0.682  19.423 0.1111110002
54848  -53.253  -1.892  20.915 0.1111110002
54849  -54.486  -2.396  21.191 0.1111110002
54851  -57.649  -2.605  21.443 0.1111110002
53878  -57.251  -3.395  21.540 0.1111110002
53879  -57.790  -3.255  21.341 0.1111110002
59369  -42.885  5.132  31.890 0.2222220004
113698  -42.734  4.166  30.944 0.2222220004
60341  -43.468  5.689  31.681 0.2222220004
60356  -43.874  4.649  30.756 0.2222220004
59382  -44.095  3.978  29.966 0.1111110002
59383  -44.876  3.808  29.635 0.1111110002
59396  -44.331  3.457  29.015 0.1111110002
59397  -45.186  3.388  28.799 0.1111110002
58397  -44.639  2.929  28.207 0.1111110002
58396  -43.679  2.907  28.449 0.1111110002
58398  -45.536  2.872  28.069 0.1111110002
58416  -44.126  2.441  27.627 0.1111110002
57474  -43.630  1.928  27.110 0.1111110002
57477  -46.225  1.748  26.784 0.1111110002
57476  -45.372  1.866  26.847 0.1111110002
55769  -42.634  -0.828  24.696 0.1111110002
57497  -46.736  1.142  26.265 0.1111110002
55753  -43.039  -0.182  25.147 0.1111110002
52948  -42.871  -3.414  23.266 0.1111110002
51977  -43.244  -4.924  23.182 0.1111110002
50972  -44.262  -5.858  23.055 0.1111110002
120054  -46.257  0.868  25.926 0.1111110002
53853  -43.354  -2.591  23.266 0.1111110002
52950  -43.285  -4.045  22.900 0.1111110002
50974  -43.771  -5.267  22.914 0.1111110002
49956  -44.668  -6.412  23.663 0.1111110002
49951  -46.035  -6.661  24.283 0.1111110002
48796  -47.876  -6.878  24.789 0.1111110002
55773  -46.925  -0.780  24.331 0.1111110002
55774  -47.733  -0.624  24.523 0.1111110002
55758  -47.970  -0.269  25.109 0.1111110002
55788  -47.486  -0.989  23.854 0.1111110002
55775  -48.529  -0.531  24.675 0.1111110002
55759  -49.483  -0.244  25.321 0.1111110002
55790  -49.211  -0.656  24.169 0.1111110002
55776  -49.783  -0.458  24.757 0.1111110002
55777  -50.572  -0.443  24.651 0.1111110002
54812  -48.949  -1.015  23.212 0.1111110002
118010  -49.668  -0.784  23.540 0.1111110002
55791  -50.338  -0.734  23.340 0.1111110002
55792  -50.897  -0.559  23.876 0.1111110002
55779  -52.135  -0.383  24.526 0.1111110002
55793  -51.905  -0.500  23.713 0.1111110002
55803  -50.477  -0.866  22.691 0.1111110002
55804  -51.192  -0.670  22.941 0.1111110002
55805  -52.175  -0.607  22.746 0.1111110002
107055  -52.931  -0.655  22.542 0.1111110002
55812  -51.730  -0.830  22.139 0.1111110002
55816  -57.768  -1.470  22.084 0.1111110002
56701  -57.723  -0.679  21.893 0.1111110002
55813  -52.547  -0.833  22.042 0.1111110002
55814  -53.516  -0.989  22.049 0.1111110002
107093  -54.323  -0.917  22.428 0.1111110002
54827  -56.856  -1.770  22.467 0.1111110002
55815  -54.566  -1.429  22.017 0.1111110002
54840  -55.823  -1.908  22.134 0.1111110002
54841  -57.039  -2.392  22.223 0.1111110002
54828  -57.689  -2.158  22.082 0.1111110002
55819  -57.519  -1.612  21.567 0.1111110002
56703  -55.836  -0.117  20.181 0.1111110002
57607  -55.450  1.627  18.780 0.1111110002
53866  -57.456  -2.825  21.758 0.1111110002
122314  -43.048  6.646  32.378 0.2222220004
60342  -44.054  5.483  31.285 0.2222220004
60357  -44.513  4.402  30.415 0.2222220004
59398  -46.043  3.305  28.698 0.1111110002
59384  -45.716  3.673  29.492 0.1111110002
58419  -46.685  2.169  27.296 0.1111110002
58418  -45.871  2.337  27.375 0.1111110002
114111  -46.798  3.216  28.724 0.1111110002
58399  -46.508  2.756  28.021 0.1111110002
114640  -46.946  1.678  26.819 0.1111110002
114937  -47.185  2.439  27.732 0.1111110002
56635  -47.551  0.647  25.939 0.1111110002
57498  -47.712  1.350  26.607 0.1111110002
55757  -47.054  -0.279  25.004 0.1111110002
56636  -48.440  0.715  26.173 0.1111110002
56662  -48.210  0.176  25.593 0.1111110002
113234  -49.042  0.196  25.746 0.1111110002
56663  -49.906  0.088  25.876 0.1111110002
118820  -48.737  -0.242  25.237 0.1111110002
56664  -50.766  0.031  25.883 0.1111110002
55760  -50.262  -0.267  25.323 0.1111110002
55761  -51.088  -0.258  25.263 0.1111110002
55778  -51.404  -0.420  24.547 0.1111110002
119570  -52.718  -0.206  24.962 0.1111110002
55780  -53.556  -0.159  24.648 0.1111110002
55794  -52.867  -0.501  23.251 0.1111110002
105642  -53.840  -0.346  23.687 0.1111110002
55806  -53.686  -0.598  22.760 0.1111110002
120421  -54.692  -0.277  23.609 0.1111110002
102656  -54.806  -0.580  22.977 0.1111110002
56693  -57.670  -0.523  22.574 0.1111110002
56697  -57.808  -0.306  22.225 0.1111110002
55807  -56.248  -0.972  22.904 0.1111110002
55808  -57.536  -1.327  22.420 0.1111110002
54826  -55.389  -1.241  22.495 0.1111110002
105246  -56.055  0.704  20.368 0.1111110002
61325  -43.183  6.971  32.196 0.2222220004
106149  -45.762  4.744  30.844 0.2222220004
60359  -46.236  4.004  30.171 0.2222220004
109598  -46.709  4.544  30.862 0.2222220004
59399  -47.376  3.372  29.244 0.1111110002
58400  -47.461  2.843  28.430 0.1111110002
59400  -48.168  3.156  29.080 0.1111110002
57478  -47.415  1.944  27.254 0.1111110002
58421  -49.104  2.355  28.260 0.1111110002
57480  -49.095  1.779  27.521 0.1111110002
58422  -49.870  2.014  28.001 0.1111110002
57481  -50.627  1.475  27.671 0.1111110002
57499  -48.719  1.300  26.803 0.1111110002
57500  -49.448  1.257  27.029 0.1111110002
57501  -50.125  0.992  27.024 0.1111110002
56612  -50.957  0.778  27.073 0.1111110002
56637  -49.444  0.693  26.438 0.1111110002
56638  -50.412  0.464  26.463 0.1111110002
56639  -51.275  0.359  26.465 0.1111110002
56640  -52.124  0.327  26.464 0.1111110002
56641  -52.966  0.462  26.567 0.1111110002
56666  -52.622  0.094  25.787 0.1111110002
56667  -53.681  0.365  26.016 0.1111110002
56677  -54.973  0.427  24.939 0.1111110002
55781  -54.581  -0.028  24.292 0.1111110002
56685  -55.418  0.276  24.154 0.1111110002
56686  -56.257  0.224  23.660 0.1111110002
55795  -55.590  -0.223  23.483 0.1111110002
56688  -57.788  0.140  22.883 0.1111110002
57571  -57.833  0.379  21.876 0.1111110002
61312  -45.677  6.926  32.072 0.2222220004
60344  -46.148  5.483  31.538 0.2222220004
63281  -45.782  8.589  32.125 0.2222220004
61313  -46.633  6.388  32.322 0.2222220004
61314  -47.631  5.974  32.542 0.2222220004
60345  -47.663  4.453  31.086 0.2222220004
60331  -48.067  5.084  32.035 0.2222220004
59371  -49.150  3.796  30.898 0.1111110002
59386  -48.812  3.405  29.834 0.1111110002
58402  -49.858  2.530  28.910 0.1111110002
58423  -50.638  2.087  28.468 0.1111110002
57461  -51.375  1.691  28.257 0.1111110002
105061  -52.184  1.469  28.165 0.1111110002
57482  -51.550  1.157  27.613 0.1111110002
56613  -51.782  0.640  27.051 0.1111110002
56614  -53.228  0.846  27.330 0.1111110002
56615  -54.115  0.939  27.268 0.1111110002
56642  -54.358  0.727  26.550 0.1111110002
56643  -55.104  1.043  26.263 0.1111110002
56668  -54.614  0.573  25.760 0.1111110002
63292  -46.244  8.830  31.708 0.2222220004
62349  -46.355  8.038  32.596 0.2222220004
62350  -47.375  7.285  32.929 0.2222220004
63283  -47.674  8.818  32.538 0.2222220004
62338  -48.039  7.742  33.176 0.2222220004
63295  -48.788  8.245  31.965 0.2222220004
62339  -48.708  7.366  33.083 0.2222220004
104532  -49.017  5.221  32.443 0.2222220004
59372  -50.039  3.692  31.196 0.2222220004
58384  -50.224  2.951  29.814 0.1111110002
58371  -51.158  2.949  30.332 0.1111110002
59374  -51.801  3.397  31.256 0.1111110002
109538  -50.793  2.496  29.319 0.1111110002
58385  -51.684  2.418  29.540 0.1111110002
102866  -51.295  2.153  28.850 0.1111110002
58403  -51.989  1.954  28.828 0.1111110002
57462  -52.799  1.766  28.791 0.1111110002
57463  -53.612  1.745  28.681 0.1111110002
57483  -53.016  1.343  28.069 0.1111110002
57484  -53.842  1.335  27.940 0.1111110002
57485  -54.602  1.466  27.745 0.1111110002
57502  -55.544  1.582  26.833 0.1111110002
56616  -54.830  1.188  27.041 0.1111110002
57503  -56.155  2.079  26.633 0.1111110002
62340  -50.543  6.280  32.593 0.2222220004
60333  -51.054  4.737  32.395 0.2222220004
59362  -52.197  4.084  31.764 0.1111110002
122738  -50.393  3.308  30.560 0.1111110002
58386  -52.557  2.250  29.511 0.1111110002
57453  -53.363  2.169  29.416 0.1111110002
58404  -54.201  2.290  29.288 0.1111110002
57464  -54.442  1.844  28.509 0.1111110002
60334  -51.715  4.746  32.196 0.2222220004
60335  -52.385  4.800  31.840 0.2222220004
59363  -52.967  4.278  31.563 0.1111110002
59375  -52.763  3.505  31.269 0.1111110002
59452  -57.148  3.477  26.312 0.1111110002
61317  -52.494  5.220  31.560 0.2222220004
60336  -52.949  4.840  31.501 0.2222220004
61488  -59.296  6.107  18.506 0.1111110002
60481  -58.800  4.498  19.578 0.2222220004
61487  -59.081  5.186  19.033 0.1111110002
60490  -58.770  4.645  18.778 0.1111110002
102320  -59.052  5.234  18.233 0.1111110002
60498  -58.517  4.787  17.756 0.1111110002
119577  -58.821  5.737  16.679 0.1111110002
112512  -58.030  5.096  16.003 0.1111110002
59551  -57.647  4.238  17.475 0.1111110002
60503  -57.887  4.721  16.710 0.1111110002
61505  -58.462  5.652  15.763 0.1111110002
60513  -58.137  5.083  15.099 0.1111110002
57671  -58.910  1.358  11.884 0.2222220004
57685  -58.319  0.553  11.254 0.1111110002
118998  -56.927  0.968  11.412 0.2222220004
57684  -57.266  0.561  10.771 0.2222220004
57695  -56.763  0.742  10.313 0.2222220004
57704  -56.970  0.994  9.332 0.2222220004
58646  -55.963  1.994  9.459 0.2222220004
58647  -57.156  1.760  8.476 0.2222220004
59633  -55.717  3.091  8.998 0.2222220004
58655  -56.780  2.622  8.355 0.2222220004
59644  -57.583  3.054  7.354 0.2222220004
63433  -58.920  8.113  19.417 0.2222220004
62482  -59.310  7.239  18.356 0.1111110002
62491  -59.329  6.668  17.721 0.2222220004
63453  -59.362  8.397  16.518 0.1111110002
62497  -59.308  7.144  16.799 0.1111110002
62496  -59.173  6.117  17.106 0.1111110002
63471  -59.347  8.604  15.385 0.1111110002
62511  -59.227  7.493  15.633 0.1111110002
62510  -58.922  6.794  14.649 0.1111110002
121810  -58.636  6.178  15.230 0.1111110002
62516  -58.962  7.111  13.637 0.1111110002
107725  -58.997  6.146  13.117 0.1111110002
61521  -59.096  5.534  13.323 0.1111110002
58625  -59.055  2.336  12.146 0.2222220004
57670  -57.538  1.259  11.850 0.2222220004
113306  -49.784  6.964  32.663 0.2222220004
63273  -48.916  7.658  32.860 0.2222220004
107048  -58.000  7.708  22.109 0.1111110002
62456  -58.298  7.518  21.352 0.2222220004
60323  -50.709  5.506  32.635 0.2222220004
48413  -6.888  -8.544  56.765 0.2222220004
63480  -58.923  8.142  13.748 0.1111110002
63470  -59.178  7.867  14.451 0.1111110002
63437  -58.503  8.679  19.313 0.2222220004
112868  -53.124  2.496  30.090 0.1111110002
57486  -55.241  1.670  27.491 0.1111110002
59632  -54.755  3.631  9.379 0.2222220004
113582  -58.794  3.363  12.085 0.2222220004
61327  -45.219  5.922  31.489 0.2222220004
62337  -47.408  8.371  32.931 0.2222220004
63282  -46.758  8.836  32.403 0.2222220004
44112  -48.222  -12.548  24.930 0.1111110002
44114  -47.963  -12.441  23.453 0.1111110002
42397  -50.477  -14.787  23.584 0.1111110002
110315  -53.308  -14.795  23.499 0.1111110002
45993  -46.853  -9.940  23.528 0.1111110002
43213  -50.473  -13.796  25.499 0.1111110002
42380  -52.850  -14.573  24.271 0.1111110002
43218  -56.554  -13.396  24.994 0.1111110002
108941  -51.012  -13.713  25.777 0.1111110002
48870  -56.351  -8.009  15.787 0.1111110002
43205  -52.234  -13.378  26.357 0.1111110002
47851  -56.495  -9.103  17.137 0.1111110002
47820  -55.965  -8.710  18.546 0.1111110002
51072  -55.584  -6.577  15.112 0.1111110002
49908  -48.948  -6.560  27.021 0.1111110002
44086  -56.080  -11.804  27.000 0.1111110002
44081  -50.272  -12.100  27.322 0.1111110002
49983  -51.575  -6.222  19.780 0.1111110002
48826  -54.966  -7.748  19.636 0.1111110002
51018  -57.462  -5.746  19.052 0.1111110002
51034  -57.466  -5.882  18.104 0.1111110002
56578  -39.753  0.226  31.114 0.1111110002
56587  -39.562  0.090  29.711 0.1111110002
54771  -38.710  -1.721  28.782 0.1111110002
54767  -39.170  -2.193  29.867 0.1111110002
53824  -39.219  -2.880  27.415 0.1111110002
114861  -39.118  -2.724  27.944 0.1111110002
52922  -39.562  -3.386  27.062 0.1111110002
52904  -40.321  -3.392  28.490 0.1111110002
52916  -40.290  -3.857  27.538 0.1111110002
51943  -41.576  -4.869  27.126 0.1111110002
52923  -39.994  -3.942  26.528 0.1111110002
50951  -42.478  -5.892  26.496 0.1111110002
51953  -41.014  -5.030  26.173 0.1111110002
50950  -41.750  -5.495  26.347 0.1111110002
49905  -45.068  -6.396  26.898 0.1111110002
50952  -43.239  -6.151  26.659 0.1111110002
102911  -44.505  -6.718  26.061 0.1111110002
48779  -53.993  -7.228  27.308 0.1111110002
48794  -51.009  -6.890  26.537 0.1111110002
110280  -52.268  -7.297  27.010 0.1111110002
45978  -47.771  -10.015  26.131 0.1111110002
44082  -51.185  -12.256  27.477 0.1111110002
118289  -52.387  -4.093  19.579 0.1111110002
102903  -54.491  -6.330  19.657 0.1111110002
56597  -39.593  0.132  28.736 0.1111110002
55722  -39.251  -0.457  28.280 0.1111110002
110611  -39.248  -0.932  26.598 0.1111110002
53823  -38.814  -2.249  27.476 0.1111110002
54786  -39.339  -1.526  26.039 0.1111110002
54781  -38.962  -1.875  26.641 0.1111110002
52931  -40.067  -3.705  25.689 0.1111110002
51960  -40.937  -4.807  25.462 0.1111110002
50961  -42.136  -5.939  25.726 0.1111110002
54797  -46.043  -1.133  24.114 0.1111110002
54806  -43.639  -1.843  23.696 0.1111110002
49926  -42.824  -6.352  25.940 0.1111110002
49940  -43.233  -6.512  25.456 0.1111110002
49942  -45.066  -6.803  25.118 0.1111110002
49930  -48.610  -6.629  25.698 0.1111110002
113959  -50.050  -6.796  25.950 0.1111110002
47766  -51.965  -8.232  27.151 0.1111110002
113390  -51.953  -10.217  27.902 0.1111110002
45039  -51.652  -11.620  27.817 0.1111110002
53893  -54.877  -2.067  18.555 0.1111110002
51997  -53.167  -4.705  19.626 0.1111110002
115418  -53.657  -0.560  17.576 0.1111110002
115588  -53.140  -0.874  16.925 0.1111110002
105614  -53.975  0.196  16.140 0.1111110002
54794  -43.152  -1.377  24.238 0.1111110002
49931  -49.417  -6.783  25.727 0.1111110002
47765  -51.114  -8.387  26.934 0.1111110002
53887  -57.613  -3.191  20.205 0.1111110002
53886  -53.112  -2.971  20.108 0.1111110002
52959  -55.408  -3.801  20.701 0.1111110002
53885  -52.186  -2.545  19.964 0.1111110002
56749  -55.931  0.382  14.920 0.1111110002
56634  -46.718  0.437  25.621 0.1111110002
55789  -48.333  -0.833  23.968 0.1111110002
59381  -43.372  4.324  30.678 0.2222220004
60358  -45.345  4.180  30.232 0.2222220004
113913  -50.069  -0.610  24.064 0.1111110002
112849  -52.815  -0.380  24.148 0.1111110002
113526  -57.769  -1.016  22.178 0.1111110002
60343  -44.853  5.068  30.962 0.2222220004
106759  -46.574  3.556  29.413 0.1111110002
59385  -47.254  3.868  30.140 0.1111110002
111315  -48.337  2.613  28.409 0.1111110002
56661  -47.509  0.120  25.453 0.1111110002
57479  -48.199  1.795  27.312 0.1111110002
55762  -51.926  -0.258  25.188 0.1111110002
56665  -51.640  0.006  25.858 0.1111110002
55763  -53.338  0.060  25.349 0.1111110002
56676  -54.124  0.187  25.211 0.1111110002
55796  -56.982  -0.582  23.135 0.1111110002
60330  -47.112  5.181  31.741 0.2222220004
59370  -48.231  3.865  30.536 0.1111110002
105579  -47.966  3.520  29.761 0.1111110002
58401  -48.959  2.843  29.003 0.1111110002
114959  -48.516  2.215  27.831 0.1111110002
58383  -49.504  3.035  29.547 0.1111110002
102899  -49.834  1.500  27.445 0.1111110002
115028  -52.484  0.615  27.001 0.1111110002
120572  -53.681  0.618  26.766 0.1111110002
61302  -48.299  6.794  33.101 0.2222220004
60346  -48.613  4.409  31.503 0.2222220004
60347  -49.683  4.464  31.948 0.2222220004
59387  -49.679  3.374  30.284 0.1111110002
114522  -52.384  0.967  27.546 0.1111110002
61304  -50.152  6.237  32.851 0.2222220004
60332  -50.000  5.529  32.781 0.2222220004
108861  -50.445  4.872  32.432 0.2222220004
59360  -50.592  4.160  31.950 0.2222220004
58372  -52.364  2.767  30.462 0.1111110002
59361  -51.386  4.042  31.916 0.2222220004
61483  -58.983  5.134  19.799 0.1111110002
61484  -59.195  6.069  19.370 0.1111110002
61497  -59.209  5.796  17.815 0.1111110002
103816  -58.916  5.429  17.449 0.1111110002
60504  -58.471  5.238  16.783 0.1111110002
114755  -58.901  6.408  15.985 0.1111110002
60512  -57.676  4.540  15.662 0.1111110002
61515  -58.625  5.830  14.520 0.1111110002
60523  -58.664  4.981  14.097 0.1111110002
59642  -55.675  4.006  8.614 0.2222220004
116269  -58.959  6.330  13.636 0.1111110002
45688  -7.389  -9.639  57.744 0.1111110002
46570  -4.640  -9.409  56.320 0.1111110002
46569  -3.972  -9.676  55.724 0.1111110002
46577  -3.682  -10.045  55.030 0.1111110002
46557  -6.813  -9.466  57.233 0.1111110002
46556  -6.081  -9.064  57.057 0.1111110002
47452  -6.067  -8.437  56.883 0.1111110002
119929  -4.500  -8.799  56.402 0.1111110002
46568  -3.548  -9.158  55.340 0.1111110002
118055  -3.465  -9.505  54.631 0.1111110002
47464  -3.441  -8.212  55.342 0.1111110002
46590  -3.375  -9.362  53.715 0.1111110002
119877  -3.223  -7.186  54.570 0.1111110002
105557  -3.263  -7.726  54.612 0.1111110002
49495  -3.331  -6.628  54.571 0.1111110002
104349  -3.543  -5.846  54.433 0.1111110002
50600  -3.948  -5.921  55.025 0.1111110002
107259  -3.270  -6.603  53.168 0.1111110002
50599  -3.878  -5.160  54.869 0.1111110002
120176  -3.587  -5.391  54.431 0.1111110002
108961  -4.584  -5.186  55.232 0.1111110002
50613  -3.431  -5.517  53.801 0.1111110002
51617  -4.489  -4.358  55.220 0.1111110002
52637  -4.720  -3.517  55.345 0.1111110002
51616  -3.901  -4.490  54.793 0.1111110002
51618  -5.090  -4.462  55.286 0.1111110002
50631  -3.501  -5.377  52.662 0.1111110002
52645  -4.057  -3.769  54.782 0.1111110002
51604  -5.072  -3.772  55.352 0.1111110002
51605  -5.437  -3.846  55.231 0.1111110002
51647  -3.516  -4.743  53.361 0.1111110002
107525  -4.999  -1.871  55.552 0.1111110002
53535  -5.386  -2.498  55.516 0.1111110002
102181  -4.234  -2.894  54.785 0.1111110002
52638  -5.133  -3.184  55.432 0.1111110002
52639  -5.662  -3.132  55.348 0.1111110002
52657  -3.741  -3.150  53.647 0.1111110002
52646  -6.189  -3.638  55.189 0.1111110002
52665  -3.553  -3.910  52.897 0.1111110002
53539  -4.402  -2.017  55.003 0.1111110002
53545  -3.856  -2.034  53.939 0.1111110002
52666  -3.790  -3.036  52.351 0.1111110002
56675  -33.881  0.851  24.891 0.1111110002
55908  -58.940  -1.029  9.552 0.1111110002
111896  -58.536  -0.698  8.471 0.1111110002
56792  -57.870  -0.051  9.970 0.1111110002
56805  -58.151  0.030  8.712 0.1111110002
56821  -58.340  -0.128  7.252 0.1111110002
56814  -58.396  -0.008  7.564 0.1111110002
57720  -58.238  0.827  6.752 0.1111110002
58363  -42.133  3.709  32.443 0.1111110002
58656  -57.858  2.119  7.403 0.1111110002
56820  -57.924  0.226  6.808 0.1111110002
57711  -58.082  0.976  7.644 0.1111110002
58657  -58.238  1.649  6.565 0.1111110002
111197  -58.993  6.158  20.145 0.1111110002
57725  -58.253  1.979  6.102 0.1111110002
62474  -59.037  7.237  19.776 0.1111110002
58665  -58.242  2.560  6.304 0.1111110002
60578  -54.211  4.247  9.406 0.1111110002
59643  -56.601  3.522  8.128 0.1111110002
108588  -53.451  5.401  9.124 0.1111110002
60585  -50.328  4.348  8.502 0.1111110002
60596  -50.732  4.724  7.825 0.1111110002
59626  -47.937  3.896  10.185 0.1111110002
59627  -48.687  3.701  9.837 0.1111110002
60575  -49.151  4.168  9.262 0.1111110002
105760  -51.821  5.089  6.222 0.1111110002
59618  -47.046  4.167  10.569 0.1111110002
60583  -48.787  4.717  8.837 0.1111110002
111378  -49.529  5.181  7.418 0.1111110002
60595  -49.967  4.918  8.005 0.1111110002
61614  -49.770  5.211  6.601 0.1111110002
61602  -51.084  4.945  6.955 0.1111110002
61615  -50.902  5.169  5.987 0.1111110002
61630  -51.530  5.360  5.280 0.1111110002
122358  -51.961  5.647  4.593 0.1111110002
61648  -52.599  5.947  4.159 0.1111110002
60573  -47.514  4.692  9.724 0.1111110002
60574  -48.370  4.345  9.516 0.1111110002
61589  -49.165  5.064  8.156 0.1111110002
104295  -50.070  5.193  5.815 0.1111110002
61646  -50.394  5.638  4.293 0.1111110002
61647  -51.198  5.647  4.465 0.1111110002
114218  -49.759  5.665  4.122 0.1111110002
62644  -50.966  6.041  3.871 0.1111110002
62645  -51.781  6.023  3.964 0.1111110002
62662  -52.436  6.589  3.680 0.1111110002
62647  -54.099  6.697  3.777 0.1111110002
61588  -48.216  5.225  8.349 0.1111110002
60582  -48.111  4.879  9.088 0.1111110002
64434  -54.978  8.036  5.937 0.1111110002
62661  -51.564  6.604  3.610 0.1111110002
63561  -54.427  7.673  4.779 0.1111110002
63591  -52.231  7.052  3.591 0.1111110002
62663  -53.324  7.017  3.578 0.1111110002
63576  -53.929  7.268  3.869 0.1111110002
63577  -54.991  7.201  3.907 0.1111110002
65197  -56.096  9.622  7.614 0.1111110002
64424  -55.579  8.686  6.928 0.1111110002
64423  -54.525  8.832  6.339 0.1111110002
64433  -53.870  8.287  5.644 0.1111110002
63560  -53.352  7.822  4.743 0.1111110002
65196  -55.262  9.529  6.886 0.1111110002
51671  -37.169  -4.785  50.444 0.1111110002
51609  -18.332  -3.608  56.137 0.1111110002
115362  -5.334  -7.941  56.605 0.1111110002
48443  -3.404  -7.281  55.108 0.1111110002
51596  -18.929  -3.676  56.114 0.1111110002
62470  -58.680  7.395  20.538 0.1111110002
58672  -58.258  2.645  5.880 0.1111110002
58671  -58.166  2.547  5.832 0.1111110002
62664  -54.369  7.063  3.686 0.1111110002
59359  -42.653  4.726  31.838 0.1111110002
121176  -57.331  0.439  9.685 0.1111110002
47465  -3.891  -8.767  56.039 0.1111110002
111193  -5.213  -8.730  56.718 0.1111110002
109839  -3.282  -8.224  53.859 0.1111110002
49506  -3.227  -6.307  53.941 0.1111110002
114868  -3.351  -5.997  53.262 0.1111110002
51634  -3.595  -4.910  54.281 0.1111110002
113841  -3.628  -4.574  52.451 0.1111110002
52656  -3.706  -4.161  53.986 0.1111110002
53534  -4.837  -2.724  55.442 0.1111110002
51620  -6.736  -4.220  54.732 0.1111110002
114600  -3.694  -2.201  52.852 0.1111110002
112568  -58.734  -0.687  9.300 0.1111110002
60584  -49.557  4.538  8.627 0.1111110002
61601  -50.266  5.052  7.235 0.1111110002
102777  -50.415  5.139  6.505 0.1111110002
61629  -50.613  5.354  5.104 0.1111110002
62646  -53.185  6.490  3.824 0.1111110002
122576  -49.131  5.284  6.824 0.1111110002
112463  -49.670  5.330  4.897 0.1111110002
62643  -50.205  5.977  3.774 0.1111110002
62659  -49.895  6.478  3.634 0.1111110002
63574  -51.777  7.440  4.033 0.1111110002
63575  -52.851  7.311  3.898 0.1111110002
46881  -48.475  -9.575  21.907 0.1111110002
47866  -56.949  -8.327  16.479 0.1111110002
48811  -47.492  -7.108  20.756 0.1111110002
48881  -56.516  -7.324  15.541 0.1111110002
50031  -57.124  -7.129  16.284 0.1111110002
51952  -40.451  -4.432  25.916 0.1111110002
52633  -18.538  -2.945  56.189 0.1111110002
53817  -38.813  -2.287  28.346 0.1111110002
53829  -39.185  -2.665  26.756 0.1111110002
54825  -50.150  -1.098  22.066 0.1111110002
54842  -46.910  -2.003  20.874 0.1111110002
55750  -39.643  -0.953  25.880 0.1111110002
57496  -44.005  1.483  26.497 0.1111110002
58373  -53.378  3.094  30.690 0.1111110002
58420  -47.844  2.339  27.803 0.1111110002
59373  -50.889  3.544  31.242 0.1111110002
59607  -52.260  3.260  12.542 0.5555559993
59653  -58.255  3.047  5.894 0.1111110002
60324  -51.260  5.286  32.444 0.3333329856
60511  -53.038  4.133  15.573 0.5555559993
60551  -51.107  4.085  12.658 0.5555559993
60568  -51.401  4.423  10.961 0.4444440007
61303  -49.258  6.363  33.016 0.2222220004
61306  -51.738  5.371  32.132 0.2222220004
61315  -48.468  5.834  32.732 0.2222220004
61318  -53.131  5.173  31.080 0.3333329856
61330  -51.875  5.994  31.163 0.3333329856
61534  -49.854  5.623  13.264 0.6666669846
61663  -49.454  5.921  3.822 0.1111110002
62285  -41.494  6.690  39.119 0.3333329856
62323  -43.179  8.233  34.062 0.1111110002
62352  -50.543  6.647  32.163 0.3333329856
62364  -47.775  8.460  31.019 0.4444440007
62475  -59.241  7.163  19.046 0.1111110002
62523  -48.424  6.734  13.397 0.3333329856
62563  -48.771  6.073  11.459 0.5555559993
63226  -45.159  8.350  37.674 0.1111110002
63240  -44.152  9.346  35.304 0.1111110002
63272  -48.183  8.204  33.007 0.2222220004
63284  -48.399  8.334  32.461 0.2222220004
63420  -57.815  8.070  21.600 0.5555559993
63424  -57.218  8.054  21.491 0.6666669846
63447  -46.634  7.621  17.166 0.1111110002
63513  -47.770  6.922  11.165 0.2222220004
63520  -46.796  8.033  10.868 0.1111110002
64138  -43.950  9.357  37.469 0.1111110002
64151  -44.720  9.379  36.896 0.1111110002
64164  -44.486  9.512  36.197 0.1111110002
64312  -59.014  9.026  18.067 0.3333329856
64349  -45.544  8.615  14.085 0.1111110002
64370  -56.097  9.535  13.587 0.6666669846
64372  -57.947  9.490  13.541 0.6666669846
64373  -58.334  9.175  13.604 0.5555559993
64397  -48.083  8.463  9.741 0.2222220004
65108  -44.979  9.461  17.023 0.1111110002
65111  -44.678  9.741  16.292 0.1111110002
65113  -58.638  9.931  16.509 0.6666669846
65121  -58.341  10.084  15.608 0.6666669846
65122  -58.724  10.150  15.257 0.4444440007
65123  -58.899  9.855  14.648 0.3333329856
65130  -54.939  9.743  13.995 0.6666669846
65132  -57.868  10.215  14.244 0.5555559993
65138  -45.049  9.317  12.936 0.1111110002
65141  -58.330  9.840  13.958 0.5555559993
65873  -44.821  10.449  16.538 0.1111110002
65882  -44.418  10.367  14.843 0.1111110002
65886  -44.488  10.375  14.009 0.1111110002
65888  -44.709  10.487  13.255 0.1111110002
65897  -46.516  10.857  10.576 0.1111110002
66636  -44.565  11.007  15.202 0.1111110002
66650  -44.930  11.622  13.895 0.1111110002
66654  -45.284  11.196  12.238 0.1111110002
66655  -45.714  11.370  11.606 0.1111110002
67491  -46.336  12.206  16.302 0.1111110002
67497  -45.496  12.212  15.119 0.1111110002
67530  -48.136  12.432  9.490 0.1111110002
101830  -28.491  -6.552  41.112 0.3333329856
104503  -45.867  1.633  19.834 0.1111110002
107418  -58.412  9.027  18.065 0.5555559993
110235  -49.909  -3.575  19.501 0.1111110002
114737  -45.685  9.177  11.577 0.1111110002
117170  -57.279  7.024  12.908 0.6666669846
118872  -44.155  -3.194  22.199 0.1111110002
119289  -44.948  9.047  37.087 0.1111110002
120198  -53.371  2.580  12.250 0.5555559993
120268  -41.663  6.513  39.584 0.3333329856
121935  -20.196  -7.350  46.867 0.6666669846
122208  -49.385  6.950  32.962 0.2222220004
122227  -29.125  -6.818  36.075 0.1111110002
122377  -56.318  10.147  13.980 0.6666669846
122401  -54.761  -7.144  27.383 0.1111110002
122618  -49.148  -0.452  24.864 0.1111110002
122799  -55.886  5.516  13.254 0.6666669846
