#!ascii label  , from subject sub-v2s16x51234_ses-1 vox2ras=TkReg
2972
596  -3.745  -79.753  5.371 0.6999999881
270  -2.135  -80.944  6.181 0.6999999881
431  -2.779  -80.863  7.757 0.6000000238
761  -4.166  -79.080  10.288 0.8000000119
280  -2.674  -81.480  5.443 0.5000000000
262  -4.008  -81.513  7.719 0.5000000000
423  -5.208  -80.765  9.392 0.8000000119
273  -5.195  -81.903  7.317 0.6000000238
1035  -6.133  -77.881  5.070 0.6999999881
786  -5.302  -78.398  5.771 0.8999999762
794  -5.550  -78.788  4.692 0.6999999881
106543  -6.279  -77.048  12.400 0.6999999881
999  -5.902  -77.588  10.117 0.8000000119
576  -5.830  -80.144  9.367 0.8000000119
264  -6.735  -81.977  7.835 0.6000000238
424  -6.239  -80.956  9.028 0.6999999881
16  -10.693  -84.295  4.731 0.5000000000
106685  -7.873  -75.900  16.177 0.5000000000
119808  -10.043  -76.555  17.215 0.5000000000
1224  -7.151  -75.756  15.617 0.5000000000
1236  -7.444  -76.423  14.893 0.6000000238
961  -7.878  -77.223  14.323 0.5000000000
1755  -7.421  -74.376  16.783 0.5000000000
1247  -5.922  -76.393  13.990 0.6999999881
121218  -6.675  -74.149  15.974 0.6000000238
1252  -4.523  -76.267  13.160 0.6999999881
597  -4.931  -79.451  4.669 0.6999999881
591  -3.224  -79.504  6.376 0.6999999881
558  -3.345  -78.973  10.039 0.8000000119
106108  -4.033  -76.758  12.018 0.8000000119
972  -5.693  -76.795  12.692 0.6999999881
107726  -7.110  -77.125  11.040 0.6000000238
584  -2.430  -79.873  7.793 0.6999999881
590  -2.497  -80.335  6.145 0.6000000238
988  -7.824  -77.266  10.394 0.6000000238
1001  -7.696  -77.282  9.731 0.6999999881
255  -6.554  -81.511  8.384 0.6000000238
577  -6.440  -79.008  8.885 0.8000000119
1010  -7.465  -77.583  9.030 0.8000000119
118957  -7.272  -79.964  8.127 0.8000000119
118482  -7.543  -78.674  8.088 0.8000000119
59  -13.268  -83.897  4.108 0.6999999881
18  -12.264  -84.655  4.360 0.5000000000
29  -15.806  -84.832  2.094 0.6000000238
30  -16.191  -84.195  2.118 0.6000000238
4099  -12.709  -68.569  17.400 0.4000000060
3608  -13.647  -69.474  16.592 0.4000000060
4110  -12.453  -68.592  16.613 0.6000000238
3618  -12.868  -69.178  16.098 0.6000000238
3170  -13.399  -69.927  15.958 0.6000000238
118721  -12.176  -71.407  15.908 0.6000000238
1759  -11.588  -74.799  17.361 0.3000000119
3176  -11.535  -69.946  14.671 0.6000000238
3169  -12.743  -69.786  15.639 0.6000000238
118155  -11.526  -71.536  15.830 0.6000000238
1757  -9.261  -73.422  17.452 0.5000000000
1496  -10.086  -76.209  17.815 0.4000000060
2049  -8.424  -73.524  17.155 0.5000000000
2380  -9.350  -72.843  16.854 0.6000000238
2799  -11.260  -70.753  14.356 0.6000000238
2396  -10.411  -72.092  14.828 0.6000000238
4708  -9.484  -67.496  8.049 0.8999999762
2066  -8.235  -73.338  15.117 0.6999999881
1244  -3.434  -75.541  12.466 0.6999999881
1245  -3.894  -75.590  13.451 0.6999999881
793  -4.649  -79.158  5.560 0.8000000119
784  -2.841  -79.291  7.331 0.6999999881
1254  -3.269  -76.284  11.124 0.8000000119
1251  -3.908  -76.278  12.612 0.6999999881
989  -8.555  -77.645  10.472 0.6000000238
976  -3.743  -77.105  11.381 0.8000000119
977  -4.764  -77.035  11.677 0.6999999881
104528  -6.047  -77.031  11.515 0.6999999881
107280  -2.407  -79.914  6.973 0.6999999881
422  -3.026  -80.324  8.708 0.6999999881
568  -4.855  -79.901  9.934 0.8000000119
1002  -8.472  -77.358  9.751 0.6000000238
595  -2.887  -80.323  5.156 0.6000000238
1000  -6.808  -77.561  9.532 0.8000000119
115660  -9.106  -77.300  9.097 0.6000000238
254  -5.591  -81.359  8.727 0.6000000238
108  -6.391  -82.121  7.340 0.5000000000
110  -8.154  -82.489  6.998 0.6000000238
20  -10.783  -84.545  4.009 0.5000000000
21  -11.634  -85.007  3.767 0.5000000000
122627  -14.676  -84.621  2.970 0.6000000238
65  -17.607  -83.988  1.730 0.6999999881
115166  -16.763  -85.119  0.734 0.6000000238
75  -19.297  -83.975  0.288 0.6000000238
3584  -13.184  -69.573  18.997 0.3000000119
3590  -12.780  -68.910  18.570 0.4000000060
3156  -13.943  -69.972  18.648 0.3000000119
112648  -10.809  -68.228  17.769 0.5000000000
3163  -14.113  -70.153  16.371 0.4000000060
4090  -12.336  -68.510  18.101 0.4000000060
112846  -8.816  -68.761  16.480 0.5000000000
4098  -11.800  -68.283  17.352 0.5000000000
121819  -9.422  -68.948  15.141 0.6000000238
4107  -9.859  -68.501  16.172 0.5000000000
4133  -11.361  -69.256  14.890 0.6000000238
4131  -9.634  -69.313  14.442 0.6000000238
2050  -11.184  -73.458  17.155 0.4000000060
3186  -10.858  -70.351  13.796 0.6000000238
2381  -10.194  -72.411  16.523 0.6000000238
3639  -8.846  -69.969  12.528 0.6999999881
3640  -10.159  -70.178  13.241 0.6000000238
2059  -8.736  -73.005  16.178 0.6000000238
1226  -9.542  -76.848  16.178 0.5000000000
2067  -9.144  -72.904  15.059 0.6000000238
2058  -7.772  -73.623  16.451 0.6000000238
960  -6.944  -76.822  14.124 0.6000000238
2064  -6.244  -74.007  15.408 0.6999999881
775  -3.471  -78.459  7.546 0.8000000119
111754  -6.931  -77.352  12.011 0.6000000238
749  -8.590  -78.297  11.198 0.6000000238
1016  -3.144  -78.108  8.411 0.8000000119
998  -3.122  -77.405  9.602 0.8000000119
987  -6.984  -77.179  10.256 0.6999999881
767  -2.823  -78.486  8.933 0.8000000119
762  -5.129  -78.727  10.039 0.8000000119
1003  -9.214  -77.607  9.760 0.6000000238
768  -6.741  -78.041  8.935 0.8000000119
1011  -8.305  -77.356  9.133 0.6999999881
1846  -18.529  -74.708  4.698 0.3000000119
1048  -21.598  -76.958  5.122 0.4000000060
256  -7.371  -81.717  7.952 0.6000000238
109299  -7.846  -80.226  7.754 0.6000000238
777  -8.540  -78.489  7.356 0.8000000119
817  -20.018  -78.182  3.483 0.5000000000
818  -20.761  -78.922  4.505 0.6000000238
46  -9.469  -83.191  6.346 0.5000000000
116  -8.682  -82.801  6.489 0.5000000000
51  -11.324  -83.751  5.696 0.6000000238
626  -19.991  -80.210  3.212 0.6000000238
19  -13.056  -84.542  4.100 0.5000000000
455  -21.234  -80.481  4.273 0.6000000238
115169  -15.947  -85.106  1.627 0.6999999881
71  -18.499  -83.578  1.759 0.8999999762
115179  -17.681  -84.449  1.164 0.6000000238
85  -19.731  -83.404  -0.168 0.6999999881
84  -18.969  -83.960  -0.463 0.6000000238
3574  -11.109  -69.189  19.981 0.3000000119
3152  -13.455  -70.499  19.390 0.3000000119
105508  -13.948  -73.294  16.245 0.4000000060
5180  -8.743  -66.826  9.027 1.0000000000
115761  -14.090  -71.474  15.996 0.5000000000
107703  -10.322  -68.714  15.255 0.6000000238
2051  -12.841  -73.090  16.456 0.4000000060
4119  -11.108  -68.710  15.282 0.6000000238
114069  -12.185  -73.968  16.845 0.4000000060
2382  -10.876  -72.510  16.741 0.5000000000
118809  -11.815  -76.027  17.560 0.3000000119
4150  -7.957  -69.116  12.075 0.6999999881
3638  -7.687  -69.529  12.687 0.6999999881
2792  -11.095  -71.530  15.253 0.6000000238
4705  -6.852  -67.689  7.684 1.0000000000
2804  -10.820  -70.921  13.621 0.6000000238
1493  -6.883  -74.463  16.266 0.6999999881
1234  -5.366  -75.556  14.646 0.6999999881
1509  -4.939  -74.856  15.015 0.6999999881
1233  -4.394  -75.217  14.405 0.6999999881
967  -7.478  -77.526  13.508 0.5000000000
1026  -4.645  -78.011  6.830 0.8999999762
1283  -4.462  -76.945  8.092 0.8999999762
109591  -3.324  -75.600  11.761 0.8000000119
970  -3.483  -76.367  11.742 0.6999999881
1278  -3.326  -77.061  9.301 0.8000000119
764  -9.930  -78.241  9.702 0.5000000000
585  -7.804  -79.151  7.781 0.8000000119
776  -7.988  -78.049  7.896 0.8000000119
105566  -8.005  -81.207  7.850 0.6000000238
266  -9.032  -81.837  7.197 0.6000000238
291  -12.308  -81.566  3.614 0.6000000238
1060  -19.740  -77.321  3.830 0.4000000060
1047  -20.341  -76.796  4.812 0.4000000060
126  -11.536  -83.043  5.784 0.6000000238
133  -12.488  -82.976  4.847 0.6000000238
154  -15.226  -82.877  2.144 0.6999999881
118  -10.210  -82.684  6.500 0.5000000000
125  -10.862  -83.321  6.162 0.6000000238
111203  -19.637  -79.425  2.601 0.6000000238
617  -20.644  -79.950  4.073 0.6000000238
60  -13.732  -84.388  3.705 0.6000000238
61  -14.367  -84.112  3.218 0.6999999881
114439  -15.701  -84.254  2.290 0.6000000238
300  -21.434  -81.798  3.005 0.5000000000
301  -22.166  -81.416  2.569 0.5000000000
174  -21.857  -82.086  1.389 0.6999999881
320  -22.502  -81.352  0.176 0.6999999881
94  -19.272  -83.144  -0.747 0.6000000238
210  -21.916  -81.659  -1.015 0.6999999881
120430  -20.262  -82.276  -1.039 0.6999999881
209  -20.816  -82.151  -0.866 0.6000000238
113678  -6.481  -69.465  19.002 0.3000000119
4069  -7.932  -68.843  19.881 0.3000000119
3589  -7.270  -69.001  19.274 0.4000000060
4086  -8.561  -68.595  18.657 0.5000000000
4078  -9.635  -68.631  19.538 0.4000000060
4080  -11.203  -68.674  19.231 0.4000000060
4094  -7.752  -68.905  17.950 0.5000000000
4088  -10.408  -68.418  18.797 0.5000000000
108499  -9.868  -68.288  18.012 0.5000000000
3591  -13.503  -69.181  18.119 0.4000000060
3164  -14.667  -70.411  16.744 0.4000000060
5144  -10.159  -66.387  10.384 0.8999999762
4118  -8.488  -69.215  15.472 0.5000000000
108913  -11.533  -68.556  15.775 0.6000000238
2393  -13.178  -71.429  15.899 0.5000000000
2383  -12.464  -72.136  16.254 0.4000000060
109629  -6.253  -66.203  10.305 0.8999999762
5141  -7.142  -66.114  10.295 0.8999999762
4142  -7.398  -68.844  12.555 0.6000000238
4704  -5.885  -67.697  8.011 0.8999999762
5179  -7.503  -66.924  8.799 1.0000000000
3627  -7.356  -69.681  13.473 0.6000000238
3628  -8.600  -69.751  13.395 0.6000000238
4132  -10.588  -69.161  14.615 0.6000000238
2391  -10.464  -72.056  15.803 0.6000000238
2798  -10.790  -71.527  14.124 0.6000000238
116115  -10.446  -75.791  18.101 0.3000000119
107110  -6.228  -68.181  7.250 0.8000000119
114534  -9.764  -74.028  17.815 0.3000000119
4204  -4.977  -68.135  8.082 0.8999999762
2399  -9.791  -72.635  14.390 0.6999999881
1492  -9.601  -75.122  18.009 0.3000000119
4235  -4.587  -69.100  6.810 0.6999999881
2063  -5.174  -73.967  14.609 0.6999999881
1284  -5.448  -76.612  7.511 1.0000000000
2079  -3.398  -73.942  12.634 0.6999999881
1309  -5.219  -77.363  3.743 0.5000000000
1299  -6.265  -77.141  4.787 0.6000000238
1541  -4.596  -75.337  10.229 0.8999999762
1793  -3.485  -74.812  11.514 0.8000000119
1577  -6.476  -76.138  4.797 0.6999999881
1271  -3.623  -76.450  9.713 0.8999999762
1531  -3.414  -75.597  10.883 0.8000000119
437  -9.117  -79.814  6.764 0.8000000119
122362  -8.801  -77.757  7.665 0.6999999881
118446  -8.807  -77.449  8.391 0.6999999881
438  -9.297  -80.910  6.986 0.8000000119
108531  -19.770  -75.972  4.834 0.3000000119
274  -9.777  -81.767  6.775 0.6999999881
286  -12.013  -82.031  4.547 0.6999999881
117  -9.322  -82.536  6.824 0.5000000000
275  -10.545  -81.686  6.321 0.6000000238
282  -11.095  -81.564  5.782 0.6999999881
283  -11.560  -82.037  5.382 0.6000000238
55  -12.600  -83.843  4.653 0.6000000238
141  -13.002  -83.159  4.192 0.6999999881
142  -13.710  -83.378  3.537 0.6999999881
143  -14.470  -83.034  2.744 0.8000000119
64  -15.810  -83.418  2.173 0.8000000119
168  -16.535  -83.049  1.904 0.6999999881
309  -19.066  -81.332  2.317 0.6000000238
171  -19.293  -83.197  2.087 0.8999999762
618  -22.891  -79.528  3.755 0.5000000000
112269  -15.066  -83.943  2.647 0.8000000119
109800  -17.806  -83.326  1.853 0.8999999762
156  -20.122  -82.749  2.520 0.6999999881
172  -20.772  -82.985  1.700 0.8000000119
173  -21.364  -82.494  1.828 0.8000000119
101218  -18.463  -84.277  -0.064 0.5000000000
207  -18.761  -82.513  -1.316 0.6000000238
338  -19.914  -81.714  -1.890 0.5000000000
116637  -20.453  -81.918  -1.492 0.6000000238
339  -21.286  -81.748  -1.708 0.6999999881
110561  -19.924  -81.476  -4.251 0.6000000238
347  -19.636  -81.449  -2.648 0.6000000238
348  -20.668  -81.604  -2.430 0.6000000238
106657  -22.097  -81.716  -4.166 0.6000000238
3580  -6.077  -69.737  19.688 0.3000000119
4070  -8.995  -68.847  20.236 0.3000000119
108916  -6.980  -69.234  18.446 0.5000000000
4087  -9.390  -68.458  18.788 0.5000000000
4081  -12.024  -68.717  18.865 0.4000000060
3583  -12.411  -69.292  19.299 0.4000000060
3157  -14.663  -70.453  18.306 0.3000000119
3599  -6.270  -69.673  17.185 0.6000000238
4105  -7.178  -69.472  16.784 0.5000000000
4089  -11.457  -68.402  18.361 0.5000000000
4095  -8.342  -68.811  17.157 0.5000000000
113961  -14.486  -70.894  16.286 0.4000000060
2787  -13.726  -70.733  15.941 0.5000000000
2384  -13.653  -72.257  16.083 0.4000000060
3636  -6.049  -69.361  13.482 0.6000000238
3615  -7.267  -69.755  14.416 0.6000000238
3651  -8.769  -70.221  11.692 0.6999999881
3185  -10.322  -70.803  12.961 0.6999999881
110012  -10.240  -66.734  9.563 0.8999999762
4680  -11.894  -67.957  9.499 0.8999999762
2400  -10.292  -72.161  13.730 0.6999999881
109211  -10.517  -67.512  8.320 0.8999999762
116575  -11.676  -68.151  8.439 0.8999999762
4707  -8.471  -67.557  7.838 1.0000000000
2065  -7.268  -73.634  14.630 0.6999999881
4236  -5.719  -68.882  6.869 0.8000000119
4218  -6.992  -68.146  7.230 0.8000000119
4219  -7.522  -68.395  7.143 0.8999999762
4220  -8.420  -68.279  7.211 1.0000000000
4240  -10.017  -69.359  6.918 0.8000000119
1028  -6.383  -76.991  5.545 1.0000000000
2071  -4.486  -73.668  13.677 0.6999999881
3723  -7.095  -69.829  6.806 0.8000000119
113617  -8.139  -70.671  6.863 0.8999999762
113952  -5.490  -73.610  13.658 0.8000000119
2469  -6.423  -72.334  6.593 0.8999999762
1576  -5.656  -75.781  4.404 0.6000000238
1285  -6.311  -76.241  7.038 1.0000000000
1556  -5.608  -75.842  8.596 1.0000000000
1542  -5.530  -75.464  9.485 0.8999999762
1785  -3.440  -74.212  11.890 0.6999999881
1550  -4.536  -76.004  9.382 0.8999999762
733  -8.481  -78.848  12.568 0.5000000000
1570  -6.964  -75.522  5.257 0.8999999762
1571  -7.606  -75.111  5.661 1.0000000000
778  -9.275  -77.881  7.087 0.6999999881
787  -9.102  -78.801  6.762 0.6999999881
117722  -9.685  -80.109  6.422 0.8000000119
454  -11.314  -80.952  5.020 0.6999999881
290  -11.784  -80.941  4.060 0.6999999881
152  -12.939  -82.264  3.254 0.6999999881
439  -10.094  -80.838  6.429 0.6999999881
446  -10.720  -80.767  5.768 0.8000000119
830  -20.111  -79.157  3.296 0.6000000238
153  -13.647  -82.505  2.793 0.6000000238
487  -18.966  -80.256  1.942 0.6000000238
486  -18.471  -80.751  1.600 0.6000000238
456  -21.704  -80.028  4.532 0.5000000000
169  -17.390  -82.764  1.715 0.6999999881
170  -18.446  -82.774  1.970 0.6999999881
299  -20.631  -82.028  3.158 0.5000000000
292  -21.172  -81.262  3.694 0.5000000000
167  -14.615  -82.209  1.842 0.6999999881
155  -19.245  -82.365  2.410 0.6999999881
114127  -19.943  -83.335  1.778 0.8999999762
310  -21.722  -82.059  2.207 0.5000000000
199  -21.301  -82.156  -0.160 0.8000000119
86  -20.510  -82.790  -0.062 0.8000000119
337  -19.104  -81.740  -1.904 0.6000000238
330  -22.781  -81.202  -0.632 0.6999999881
350  -22.804  -81.437  -2.507 0.6000000238
351  -23.626  -80.983  -2.552 0.6000000238
110953  -20.897  -81.647  -4.249 0.6000000238
380  -22.332  -81.924  -5.790 0.6000000238
110449  -20.425  -81.806  -5.787 0.6000000238
370  -21.485  -81.810  -5.176 0.6000000238
379  -21.141  -81.895  -6.167 0.6000000238
105100  -23.315  -81.792  -6.953 0.6000000238
6096  -6.114  -64.525  14.262 0.8000000119
6107  -5.784  -64.742  13.416 0.8000000119
3605  -5.069  -70.019  15.117 0.6000000238
3606  -6.507  -69.822  15.648 0.6000000238
3662  -8.539  -69.477  11.426 0.6999999881
4676  -5.235  -67.286  9.373 0.8999999762
4627  -8.497  -68.461  12.398 0.6000000238
3195  -8.902  -70.545  11.213 0.6999999881
5128  -11.452  -66.798  11.447 0.6999999881
4164  -9.475  -69.081  10.980 0.6999999881
2810  -9.699  -71.815  12.062 0.6999999881
4178  -10.768  -69.165  10.413 0.6999999881
113035  -8.918  -70.432  10.726 0.6999999881
2820  -9.330  -71.222  11.432 0.6999999881
4696  -9.689  -67.035  8.854 0.8999999762
3221  -11.524  -70.068  9.067 0.8999999762
2415  -9.157  -71.863  11.286 0.6999999881
2408  -9.703  -72.680  13.332 0.6999999881
2085  -9.052  -73.184  13.001 0.6999999881
4203  -4.288  -68.464  8.784 0.6000000238
4222  -10.893  -68.638  7.399 0.8000000119
3691  -11.841  -69.328  8.316 0.8999999762
106458  -9.384  -72.513  12.294 0.6999999881
2084  -8.165  -73.360  12.670 0.6999999881
2083  -7.196  -73.417  12.317 0.6999999881
4239  -8.798  -69.194  6.892 0.8000000119
2081  -5.112  -73.445  12.726 0.8000000119
4237  -6.781  -68.843  6.928 0.8000000119
3724  -8.011  -69.964  6.823 0.8000000119
3259  -9.786  -71.080  6.753 0.8999999762
2072  -6.327  -73.515  13.026 0.8000000119
101437  -5.324  -73.536  11.926 0.8000000119
1786  -3.888  -73.988  11.673 0.8000000119
3722  -6.166  -69.634  6.716 0.8000000119
1837  -7.067  -74.624  5.316 0.8999999762
1290  -7.233  -75.771  5.806 1.0000000000
1795  -4.517  -74.504  10.982 0.8999999762
2145  -5.929  -72.934  6.254 0.8999999762
1557  -6.588  -75.741  7.706 1.0000000000
1551  -6.489  -75.454  8.738 1.0000000000
2155  -7.441  -73.780  5.686 1.0000000000
1558  -7.602  -75.437  7.020 1.0000000000
796  -10.933  -77.935  5.371 0.6999999881
1838  -7.921  -74.438  5.735 1.0000000000
295  -12.664  -81.085  2.838 0.6999999881
296  -13.393  -81.535  2.400 0.6999999881
829  -19.450  -78.508  2.412 0.6000000238
304  -14.150  -81.402  1.871 0.6999999881
117116  -16.581  -82.323  1.372 0.6000000238
307  -17.907  -82.034  1.489 0.6999999881
308  -18.502  -81.745  1.850 0.6000000238
483  -15.794  -80.667  0.961 0.6000000238
101939  -15.006  -81.245  1.411 0.6999999881
105951  -23.119  -80.563  -0.123 0.6999999881
345  -17.627  -81.611  -3.003 0.6000000238
109655  -22.182  -81.550  -1.875 0.6999999881
117388  -22.454  -81.595  -3.296 0.6000000238
240  -20.774  -82.037  -7.038 0.5000000000
390  -22.557  -81.966  -7.750 0.6000000238
3578  -3.858  -70.230  18.026 0.4000000060
115902  -5.788  -69.777  17.899 0.5000000000
6577  -5.557  -63.357  16.488 0.8000000119
4612  -7.021  -68.528  13.194 0.6000000238
3194  -8.580  -69.954  11.173 0.6999999881
4613  -8.227  -68.108  13.140 0.6000000238
5102  -10.758  -66.281  13.479 0.6000000238
4165  -11.131  -68.349  11.191 0.6999999881
3663  -8.789  -69.819  10.742 0.6999999881
5126  -10.587  -66.056  11.490 0.6999999881
3674  -11.680  -68.780  9.801 0.8999999762
2826  -9.182  -71.258  10.591 0.6999999881
5142  -8.227  -66.076  10.417 1.0000000000
5143  -9.071  -66.277  10.189 1.0000000000
3231  -11.741  -70.071  8.437 0.8999999762
2407  -8.684  -73.017  12.161 0.6999999881
2427  -9.061  -72.220  10.552 0.6999999881
117878  -8.668  -72.545  11.352 0.6999999881
3725  -9.102  -70.226  6.788 0.8000000119
3726  -10.388  -70.268  6.852 0.8000000119
110567  -7.939  -73.143  11.619 0.6999999881
1796  -5.840  -74.259  10.821 0.8000000119
3256  -6.473  -70.661  6.821 0.8000000119
116722  -8.039  -72.486  6.555 1.0000000000
1827  -8.527  -74.258  6.128 1.0000000000
1806  -6.511  -75.034  9.700 0.8000000119
1552  -7.457  -75.343  8.003 1.0000000000
498  -16.497  -80.118  0.619 0.6000000238
1956  -2.419  -74.594  -6.433 0.6000000238
1673  -2.450  -75.464  -5.232 0.5000000000
1950  -2.939  -75.454  -6.423 0.6999999881
1674  -2.765  -76.280  -5.063 0.5000000000
346  -18.622  -81.442  -2.813 0.6000000238
361  -23.392  -81.306  -3.176 0.6000000238
372  -23.764  -81.331  -4.421 0.6000000238
108886  -21.885  -82.002  -6.498 0.5000000000
248  -20.171  -82.063  -8.316 0.5000000000
394  -19.670  -81.809  -9.063 0.5000000000
389  -21.157  -82.120  -7.729 0.5000000000
545  -21.458  -80.996  -9.978 0.5000000000
3588  -4.401  -70.155  17.183 0.5000000000
3596  -3.856  -69.821  16.485 0.6000000238
6578  -6.233  -63.556  16.698 0.8000000119
6106  -5.227  -64.666  14.084 0.8000000119
6097  -7.225  -64.462  14.553 0.8000000119
4104  -4.864  -69.158  15.127 0.6000000238
5585  -4.945  -64.913  13.303 0.8000000119
6108  -6.698  -64.659  13.612 0.8000000119
4589  -6.374  -68.072  14.859 0.6000000238
4572  -4.965  -68.509  16.373 0.6000000238
5597  -5.465  -65.035  12.678 0.8000000119
4601  -8.184  -67.625  14.241 0.6000000238
106608  -5.974  -68.116  15.790 0.6000000238
5611  -5.519  -65.576  11.587 0.8000000119
6119  -6.428  -64.932  12.730 0.8000000119
6120  -7.204  -64.794  13.096 0.8000000119
117559  -10.363  -65.553  14.135 0.8000000119
4590  -7.660  -67.497  15.090 0.6000000238
3212  -9.987  -69.917  9.963 0.6999999881
5624  -6.714  -65.760  10.927 1.0000000000
5599  -7.365  -65.135  12.405 0.8999999762
5615  -9.772  -65.614  12.011 0.8000000119
5589  -10.667  -65.836  13.409 0.6999999881
5625  -7.593  -65.725  11.042 1.0000000000
5614  -8.769  -65.438  12.077 0.8000000119
109507  -9.263  -70.676  10.319 0.6999999881
3244  -11.651  -70.870  8.046 0.8999999762
2832  -11.390  -70.867  8.837 0.8999999762
106339  -10.468  -71.149  9.475 0.8000000119
2831  -9.563  -71.411  9.970 0.8000000119
118350  -11.059  -71.620  8.942 0.8999999762
2093  -7.059  -73.433  11.434 0.8000000119
3260  -10.792  -71.066  6.950 0.8999999762
3243  -11.375  -70.956  7.513 0.8000000119
2104  -8.944  -73.121  10.171 0.8000000119
2863  -9.367  -71.928  6.699 0.8999999762
2460  -11.171  -72.472  7.786 0.8999999762
2128  -10.284  -73.717  8.164 0.8999999762
1807  -8.094  -74.753  9.091 0.8999999762
2103  -8.244  -73.600  10.304 0.8000000119
111732  -7.575  -73.432  10.838 0.8000000119
2092  -6.044  -73.694  11.427 0.8000000119
118833  -6.773  -74.438  10.300 0.8000000119
2472  -9.940  -72.707  6.693 0.8999999762
1821  -9.481  -74.227  6.991 0.8999999762
1543  -7.424  -75.118  8.944 0.8999999762
120800  -6.191  -74.682  10.270 0.8000000119
2156  -8.189  -73.748  5.959 1.0000000000
103148  -8.854  -73.687  6.340 1.0000000000
1820  -8.737  -74.594  6.623 1.0000000000
1815  -8.954  -74.652  7.586 1.0000000000
1797  -7.464  -74.640  9.688 0.8000000119
648  -17.223  -79.572  0.616 0.6000000238
109348  -1.771  -70.708  -9.321 0.6000000238
106873  -2.419  -70.648  -10.807 0.6000000238
482  -14.275  -80.492  1.496 0.6000000238
3446  -2.187  -69.454  -10.613 0.6999999881
1967  -2.871  -74.568  -7.452 0.6000000238
2638  -1.841  -73.108  -7.330 0.6000000238
2306  -3.332  -74.099  -8.257 0.6999999881
1957  -3.434  -75.282  -7.350 0.6999999881
2307  -4.097  -74.031  -8.233 0.6999999881
4431  -2.117  -67.685  -10.217 0.6999999881
3467  -3.212  -69.733  -11.808 0.6999999881
1695  -4.121  -76.033  -7.621 0.8000000119
2291  -4.849  -75.114  -7.586 0.6999999881
4901  -2.730  -66.885  -10.297 0.6999999881
1686  -3.455  -76.237  -6.350 0.8000000119
879  -4.927  -78.686  -5.280 0.5000000000
685  -20.218  -78.918  -5.175 0.5000000000
686  -21.229  -79.442  -5.033 0.5000000000
4902  -3.458  -67.020  -10.435 0.6000000238
1409  -5.038  -77.409  -6.925 0.8000000119
920  -21.009  -78.513  -7.375 0.5000000000
702  -21.809  -79.617  -6.812 0.5000000000
693  -22.260  -79.887  -5.866 0.6000000238
114289  -24.090  -80.939  -5.271 0.6000000238
1392  -4.224  -77.866  -5.687 0.6000000238
709  -23.205  -79.985  -8.052 0.5000000000
530  -23.618  -80.610  -6.638 0.5000000000
531  -24.079  -81.068  -5.952 0.6000000238
386  -23.684  -81.528  -6.247 0.6000000238
4856  -5.029  -67.357  -6.513 0.6000000238
882  -6.711  -79.390  -3.876 0.5000000000
671  -7.098  -79.856  -4.750 0.6000000238
715  -23.644  -79.507  -8.866 0.5000000000
385  -22.895  -81.993  -6.372 0.6000000238
4857  -5.857  -67.253  -6.545 0.6000000238
112392  -5.407  -79.010  -5.427 0.6000000238
396  -23.056  -81.648  -8.516 0.6000000238
400  -22.297  -81.526  -9.241 0.5000000000
546  -23.172  -80.999  -9.653 0.6000000238
114832  -22.046  -78.976  -11.127 0.6999999881
3150  -3.784  -70.421  19.222 0.3000000119
112225  -3.220  -70.076  18.314 0.4000000060
3587  -3.633  -69.865  16.882 0.4000000060
3595  -3.445  -69.792  17.057 0.6000000238
4093  -3.933  -69.242  16.710 0.6000000238
5074  -8.929  -66.874  15.392 0.6999999881
4580  -8.482  -66.801  16.048 0.6000000238
5598  -6.629  -65.246  12.056 0.8999999762
5600  -8.389  -65.189  12.567 0.8000000119
109456  -7.924  -65.439  11.816 0.8999999762
5601  -9.423  -65.297  12.746 0.8000000119
2839  -11.404  -71.571  8.342 0.8999999762
2129  -10.739  -73.072  8.365 0.8999999762
2094  -8.253  -72.953  10.832 0.6999999881
2118  -10.186  -73.381  8.986 0.8999999762
2116  -8.983  -73.905  9.638 0.8999999762
115979  -9.697  -73.975  8.864 0.8999999762
2102  -7.549  -74.069  10.336 0.8000000119
1816  -9.692  -74.243  7.875 0.8999999762
104076  -8.229  -74.960  8.286 0.8999999762
2668  -2.800  -72.636  -10.137 0.6000000238
118600  -3.179  -70.769  -11.881 0.6000000238
2305  -2.503  -73.905  -7.678 0.6000000238
102561  -2.608  -73.501  -8.533 0.6000000238
2308  -4.734  -73.575  -7.788 0.6999999881
2280  -5.252  -74.049  -6.227 0.6000000238
108859  -4.404  -74.547  -7.770 0.6999999881
2267  -5.417  -74.158  -5.256 0.6000000238
1958  -4.338  -75.559  -7.909 0.6999999881
1952  -5.079  -75.280  -7.154 0.6999999881
5357  -3.190  -66.386  -9.914 0.6999999881
4890  -3.697  -66.771  -9.657 0.6000000238
1688  -5.472  -77.131  -7.511 0.6999999881
1129  -5.754  -78.089  -6.308 0.8000000119
1139  -5.132  -78.013  -6.286 0.8000000119
708  -21.616  -79.228  -7.518 0.5000000000
899  -5.278  -78.568  -5.916 0.8000000119
670  -6.450  -79.701  -4.941 0.8000000119
689  -10.592  -79.979  -6.375 0.6000000238
929  -23.747  -78.834  -8.778 0.6000000238
535  -23.898  -81.253  -6.747 0.5000000000
680  -8.339  -80.120  -5.435 0.8000000119
941  -24.197  -79.657  -9.824 0.5000000000
710  -23.746  -80.399  -8.709 0.5000000000
541  -23.780  -80.972  -8.865 0.5000000000
952  -23.538  -78.260  -11.663 0.6000000238
904  -11.388  -79.290  -5.453 0.5000000000
911  -12.600  -79.214  -6.576 0.5000000000
948  -20.414  -78.082  -10.606 0.6000000238
1200  -20.937  -77.009  -10.950 0.6000000238
6562  -6.017  -62.960  17.230 0.8000000119
3141  -3.475  -70.857  20.142 0.3000000119
112383  -2.990  -69.851  18.186 0.4000000060
3149  -3.170  -70.198  19.321 0.4000000060
107066  -3.237  -69.882  17.482 0.5000000000
4565  -3.880  -68.425  17.989 0.6000000238
6069  -5.424  -63.883  16.061 0.8000000119
115759  -5.542  -64.486  14.805 0.8000000119
6085  -6.453  -64.281  15.236 0.8000000119
5056  -6.818  -67.057  17.851 0.6000000238
5064  -8.182  -66.637  16.800 0.6000000238
4573  -6.134  -67.659  16.887 0.6000000238
6109  -7.630  -64.642  13.789 0.8000000119
6098  -8.157  -64.530  14.478 0.8000000119
105005  -9.280  -66.229  16.030 0.8000000119
5586  -8.033  -64.842  13.159 0.8000000119
6111  -9.782  -64.970  14.383 0.8000000119
5066  -9.428  -65.683  16.137 0.8000000119
5587  -9.108  -64.947  13.388 0.8000000119
2653  -2.468  -73.042  -9.129 0.6000000238
2320  -4.012  -73.561  -9.084 0.6999999881
3050  -3.685  -71.587  -12.197 0.6999999881
2319  -3.456  -73.644  -9.116 0.6999999881
2639  -4.885  -73.139  -8.606 0.6999999881
117515  -5.859  -72.858  -9.747 0.6000000238
3959  -3.315  -68.584  -11.635 0.6000000238
3941  -2.584  -68.191  -10.897 0.6999999881
4417  -4.031  -67.438  -10.118 0.6999999881
2254  -5.704  -74.273  -4.422 0.6000000238
4418  -4.448  -68.316  -9.094 0.6999999881
1951  -4.915  -76.043  -8.140 0.6999999881
1943  -5.294  -75.206  -5.510 0.6999999881
1123  -6.962  -78.023  -5.325 0.8000000119
1395  -8.192  -76.958  -4.625 0.6999999881
4400  -4.090  -67.605  -8.637 0.6999999881
1132  -7.844  -77.978  -5.448 0.6999999881
1141  -8.861  -77.567  -6.201 0.6999999881
1131  -7.129  -78.618  -5.710 0.6999999881
901  -7.626  -79.072  -5.946 0.6999999881
679  -7.595  -79.994  -5.428 0.8000000119
113819  -8.163  -80.027  -5.864 0.8000000119
930  -24.844  -79.100  -9.342 0.6000000238
117787  -8.708  -80.165  -5.933 0.8000000119
109631  -12.694  -79.476  -7.578 0.6000000238
105465  -25.179  -78.831  -10.489 0.5000000000
548  -23.411  -80.218  -10.181 0.5000000000
681  -9.504  -80.088  -6.289 0.6000000238
706  -11.776  -79.874  -7.453 0.6000000238
1209  -23.264  -77.193  -12.044 0.5000000000
950  -22.977  -79.231  -11.243 0.6999999881
1201  -22.025  -76.980  -11.530 0.6000000238
937  -13.714  -78.487  -9.661 0.4000000060
1461  -20.599  -76.595  -11.709 0.5000000000
1208  -18.724  -77.410  -12.230 0.5000000000
7553  -4.844  -61.497  18.409 0.8000000119
3567  -2.344  -69.687  20.941 0.5000000000
3568  -2.817  -70.087  20.121 0.4000000060
4075  -2.770  -69.162  18.618 0.5000000000
4564  -2.588  -68.331  19.002 0.5000000000
6083  -4.395  -64.530  15.840 0.8000000119
6579  -7.058  -63.833  16.888 0.8000000119
106017  -3.209  -68.012  18.775 0.6000000238
6095  -4.664  -64.761  14.931 0.8000000119
110481  -4.366  -67.548  19.004 0.6000000238
5584  -4.490  -64.959  13.976 0.8000000119
102542  -7.301  -64.094  16.110 0.8000000119
114580  -8.004  -64.269  16.938 0.8000000119
5049  -6.678  -66.484  18.658 0.6999999881
4567  -5.950  -67.273  18.347 0.6000000238
6086  -8.236  -64.418  15.194 0.8000000119
5050  -7.362  -66.210  18.321 0.6999999881
6099  -9.025  -64.623  14.892 0.8000000119
2686  -5.625  -72.421  -12.120 0.6999999881
2685  -4.300  -72.810  -11.785 0.6999999881
2669  -3.743  -73.036  -10.798 0.6999999881
2671  -5.774  -72.715  -11.111 0.6999999881
2655  -7.151  -73.416  -9.632 0.6000000238
3469  -5.048  -70.161  -12.303 0.6999999881
118855  -5.286  -71.219  -12.675 0.6999999881
2627  -6.546  -73.351  -6.499 0.6000000238
3961  -4.650  -69.152  -11.592 0.6999999881
2626  -5.793  -73.370  -6.888 0.6000000238
2613  -5.804  -73.450  -6.161 0.6000000238
2281  -5.887  -73.502  -5.250 0.6000000238
4442  -3.905  -68.329  -11.453 0.6999999881
3447  -5.422  -70.227  -11.950 0.6999999881
1659  -6.720  -75.962  -3.624 0.6999999881
1660  -7.523  -75.819  -3.412 0.6000000238
1377  -7.001  -77.038  -4.150 0.6000000238
103554  -7.795  -76.490  -3.950 0.6000000238
1410  -5.568  -77.448  -6.917 0.8000000119
1411  -8.563  -77.266  -5.422 0.6999999881
1427  -9.527  -76.930  -6.369 0.6999999881
1150  -8.764  -78.681  -6.475 0.6999999881
121654  -9.938  -77.871  -8.541 0.6999999881
120732  -8.850  -79.378  -6.395 0.6999999881
943  -25.435  -78.804  -9.800 0.4000000060
696  -9.542  -79.867  -6.781 0.6999999881
1175  -10.120  -78.069  -9.142 0.6999999881
108656  -25.292  -76.739  -11.408 0.5000000000
954  -25.182  -78.349  -11.099 0.5000000000
953  -24.395  -78.286  -11.533 0.5000000000
109371  -23.839  -78.939  -11.277 0.6000000238
1210  -24.137  -77.382  -12.032 0.5000000000
108956  -11.641  -79.893  -8.398 0.6999999881
926  -14.124  -78.491  -8.378 0.4000000060
111456  -14.462  -77.341  -10.986 0.4000000060
1474  -22.912  -75.911  -12.446 0.5000000000
1202  -22.525  -78.160  -11.445 0.6999999881
1460  -19.678  -77.137  -11.535 0.4000000060
1462  -21.781  -76.093  -12.218 0.5000000000
1472  -19.958  -76.366  -13.059 0.4000000060
4068  -1.934  -68.614  20.743 0.4000000060
7082  -5.063  -62.699  16.642 0.8000000119
7055  -5.336  -62.320  18.368 0.8000000119
4074  -2.248  -68.390  19.640 0.5000000000
4554  -1.539  -67.787  21.291 0.4000000060
4559  -1.807  -67.686  20.337 0.4000000060
4560  -2.188  -67.465  19.728 0.5000000000
6548  -6.264  -63.608  18.566 0.8000000119
6024  -4.012  -64.171  19.609 0.6000000238
6563  -6.674  -63.500  17.552 0.8000000119
6549  -6.824  -63.735  18.080 0.8000000119
5040  -3.928  -67.015  19.587 0.6000000238
6039  -6.803  -64.275  18.554 0.8000000119
5534  -5.713  -66.072  19.498 0.6999999881
5041  -5.104  -66.915  19.455 0.6000000238
6040  -7.353  -64.828  18.452 0.8000000119
5545  -7.109  -65.617  18.689 0.6999999881
5559  -9.024  -65.338  16.842 0.8000000119
2672  -6.969  -72.800  -10.423 0.6000000238
2310  -8.459  -73.695  -8.500 0.5000000000
3051  -5.871  -71.677  -12.355 0.6999999881
2687  -6.141  -72.308  -11.445 0.6999999881
2309  -7.886  -73.784  -9.261 0.6000000238
2654  -4.811  -73.090  -10.119 0.6999999881
2642  -7.598  -73.730  -8.106 0.6000000238
3448  -5.835  -70.970  -10.815 0.6999999881
3942  -5.182  -69.852  -10.308 0.6999999881
1661  -8.359  -75.590  -3.348 0.5000000000
3922  -5.476  -69.846  -8.606 0.6999999881
1642  -7.167  -74.981  -3.017 0.5000000000
1379  -8.686  -76.008  -4.099 0.6000000238
1413  -10.022  -76.284  -5.608 0.4000000060
121626  -5.542  -75.598  -4.891 0.6999999881
1930  -5.788  -74.960  -4.212 0.6999999881
4401  -4.563  -68.395  -7.606 0.6999999881
4402  -5.358  -68.706  -7.124 0.6000000238
1376  -6.486  -76.827  -4.473 0.6999999881
1394  -6.314  -77.727  -5.736 0.8000000119
1165  -10.951  -77.325  -7.892 0.6000000238
4873  -3.722  -66.856  -8.115 0.6999999881
1152  -9.796  -77.276  -7.150 0.6999999881
1130  -6.361  -78.558  -5.947 0.8000000119
1140  -8.271  -78.363  -5.973 0.6999999881
1164  -9.597  -77.903  -7.825 0.6999999881
113545  -9.995  -77.516  -7.996 0.6999999881
1450  -11.802  -76.933  -10.136 0.5000000000
695  -8.915  -79.879  -6.261 0.6999999881
1151  -9.204  -77.872  -6.972 0.6999999881
1177  -10.739  -77.611  -9.977 0.6999999881
1708  -12.003  -76.188  -11.089 0.5000000000
703  -9.827  -79.683  -7.296 0.6999999881
909  -9.400  -79.047  -7.171 0.6999999881
922  -9.827  -78.358  -8.352 0.6999999881
1187  -10.647  -77.877  -10.509 0.6999999881
1188  -11.059  -77.550  -10.836 0.6999999881
697  -10.153  -80.056  -7.081 0.5000000000
718  -10.900  -79.090  -9.617 0.6999999881
1478  -12.321  -74.774  -14.406 0.6000000238
1734  -13.202  -73.915  -15.141 0.6000000238
1475  -23.718  -76.179  -12.209 0.5000000000
916  -12.421  -79.700  -8.671 0.5000000000
925  -13.102  -79.186  -9.215 0.6000000238
1457  -15.564  -77.278  -10.829 0.5000000000
1480  -15.300  -75.298  -14.870 0.5000000000
1470  -17.129  -76.982  -13.324 0.4000000060
111720  -22.389  -74.870  -13.432 0.5000000000
1730  -23.165  -74.924  -12.867 0.4000000060
109286  -15.943  -77.262  -12.038 0.4000000060
1206  -17.462  -77.489  -12.319 0.4000000060
1485  -20.634  -74.868  -14.543 0.5000000000
1473  -21.298  -75.404  -13.414 0.5000000000
1484  -19.567  -75.544  -14.435 0.5000000000
1452  -15.422  -77.340  -9.793 0.6000000238
110082  -4.506  -60.805  18.443 0.8000000119
7032  -4.204  -61.887  19.541 0.6999999881
4059  -1.815  -68.642  22.571 0.3000000119
7066  -5.480  -62.363  17.539 0.8000000119
7054  -4.757  -62.035  19.033 0.8000000119
4058  -1.500  -67.858  22.309 0.4000000060
6068  -4.703  -63.707  16.170 0.8000000119
4558  -1.355  -67.044  20.789 0.4000000060
5024  -0.851  -66.299  21.942 0.4000000060
7056  -6.152  -62.981  18.064 0.8000000119
112411  -1.736  -63.872  19.807 0.4000000060
5032  -1.912  -66.506  19.978 0.4000000060
5031  -1.346  -66.354  20.341 0.4000000060
5519  -0.885  -65.559  20.466 0.4000000060
5572  -3.319  -65.678  14.584 0.6999999881
6026  -6.058  -64.459  19.127 0.8000000119
5532  -3.700  -65.931  19.842 0.6999999881
5521  -2.553  -65.739  19.887 0.4000000060
112948  -5.425  -65.225  19.572 0.6999999881
118433  -6.124  -65.340  19.311 0.6999999881
3037  -6.293  -71.790  -11.443 0.6999999881
2656  -8.073  -73.334  -10.054 0.5000000000
3040  -8.531  -72.668  -10.203 0.5000000000
103583  -9.015  -72.523  -10.108 0.5000000000
2614  -6.549  -73.273  -5.616 0.6000000238
122333  -4.760  -68.845  -10.803 0.6999999881
104934  -6.040  -70.714  -9.186 0.6999999881
3428  -6.932  -71.133  -8.688 0.6000000238
4435  -8.956  -68.567  -9.838 0.6000000238
3472  -9.830  -70.571  -10.591 0.4000000060
2268  -6.189  -73.603  -4.291 0.6000000238
115700  -7.357  -73.085  -5.313 0.5000000000
3900  -5.975  -69.481  -7.529 0.6000000238
1396  -8.994  -76.376  -4.873 0.6000000238
1414  -11.490  -76.414  -6.202 0.5000000000
1438  -12.000  -77.020  -7.715 0.5000000000
902  -8.242  -79.498  -6.105 0.6999999881
1732  -24.528  -76.011  -11.815 0.5000000000
717  -10.567  -79.043  -9.099 0.6999999881
712  -11.075  -79.645  -8.812 0.6999999881
934  -10.738  -78.413  -10.224 0.6999999881
116735  -11.424  -76.963  -11.253 0.5000000000
2010  -22.643  -74.008  -12.944 0.4000000060
1476  -24.485  -76.565  -11.982 0.5000000000
121117  -11.133  -79.107  -9.961 0.6999999881
946  -12.025  -77.980  -11.331 0.6999999881
121336  -12.013  -77.218  -11.782 0.6000000238
1735  -14.945  -73.953  -15.354 0.6000000238
2017  -20.286  -73.728  -15.240 0.5000000000
1729  -22.259  -74.275  -13.564 0.4000000060
936  -12.283  -78.847  -10.503 0.6999999881
103138  -15.010  -77.020  -12.105 0.4000000060
120334  -17.325  -75.144  -15.166 0.5000000000
1490  -20.018  -74.473  -15.126 0.5000000000
1189  -13.221  -78.237  -10.903 0.5000000000
1468  -15.631  -76.662  -13.550 0.4000000060
1481  -16.593  -75.778  -14.673 0.4000000060
1482  -17.561  -75.974  -14.509 0.4000000060
107727  -18.932  -76.546  -13.530 0.4000000060
1471  -17.997  -76.975  -13.180 0.4000000060
7529  -3.810  -61.293  19.959 0.6999999881
7568  -4.502  -61.042  17.634 0.8000000119
7081  -4.725  -61.824  17.063 0.8000000119
7043  -4.325  -62.598  19.400 0.6000000238
4534  -1.479  -66.673  23.185 0.3000000119
4998  -1.844  -66.433  23.518 0.3000000119
6067  -3.616  -64.338  16.336 0.8000000119
106690  -5.759  -62.990  18.585 0.8000000119
6537  -3.632  -63.226  19.580 0.6000000238
6528  -2.396  -62.941  19.798 0.5000000000
5504  -0.653  -65.602  21.414 0.4000000060
122596  -1.365  -65.050  23.654 0.3000000119
6539  -5.553  -63.573  19.030 0.6999999881
6025  -5.066  -64.316  19.447 0.6999999881
5980  -0.917  -64.909  23.242 0.4000000060
113494  -3.329  -64.936  19.823 0.6000000238
5520  -1.505  -65.629  19.982 0.4000000060
6007  -0.470  -64.601  20.805 0.4000000060
112764  -4.425  -65.098  19.763 0.6999999881
6008  -2.163  -64.811  19.822 0.4000000060
3039  -7.846  -72.679  -10.395 0.5000000000
3025  -7.575  -71.871  -9.954 0.6000000238
3026  -8.200  -71.859  -10.038 0.5000000000
3042  -9.975  -71.941  -9.762 0.4000000060
3449  -6.663  -71.643  -10.025 0.6000000238
3027  -8.805  -71.828  -10.215 0.5000000000
2293  -8.245  -73.469  -7.267 0.5000000000
3415  -6.398  -70.305  -8.086 0.6000000238
4419  -8.809  -68.901  -8.667 0.6000000238
116145  -9.118  -68.321  -12.152 0.5000000000
2616  -8.293  -72.888  -5.262 0.5000000000
2597  -6.676  -73.172  -4.694 0.6000000238
104413  -3.391  -66.086  -9.496 0.6999999881
4403  -6.445  -68.662  -6.941 0.6000000238
4451  -8.887  -68.219  -11.181 0.6000000238
4874  -4.240  -67.748  -7.364 0.6999999881
4892  -8.436  -67.870  -9.079 0.6000000238
4384  -4.796  -68.028  -6.822 0.6999999881
4385  -5.641  -68.025  -6.723 0.6000000238
4875  -6.534  -67.818  -6.818 0.6000000238
4858  -6.605  -67.060  -6.905 0.6000000238
1166  -11.163  -77.407  -8.696 0.6999999881
1721  -24.081  -75.337  -11.859 0.4000000060
945  -11.139  -78.108  -10.865 0.6999999881
1465  -11.454  -75.519  -12.895 0.5000000000
103945  -21.937  -73.369  -12.898 0.4000000060
935  -11.458  -79.020  -10.198 0.6999999881
1479  -13.837  -74.895  -14.851 0.6000000238
2009  -21.678  -73.600  -13.782 0.4000000060
2007  -20.370  -73.578  -12.903 0.4000000060
1195  -12.903  -77.451  -11.673 0.6999999881
108718  -13.103  -75.942  -13.475 0.5000000000
1488  -19.183  -74.754  -15.119 0.5000000000
101199  -14.471  -76.278  -13.601 0.5000000000
1487  -17.956  -75.121  -15.105 0.5000000000
8723  -3.789  -59.612  19.933 0.5000000000
7528  -3.000  -61.299  20.515 0.5000000000
110613  -4.140  -62.102  16.549 0.8000000119
7031  -3.432  -62.195  19.827 0.6999999881
107644  -2.474  -62.024  20.251 0.5000000000
7019  -0.901  -61.999  21.044 0.4000000060
6576  -3.912  -63.184  16.341 0.6999999881
6081  -2.527  -64.977  16.532 0.6000000238
7030  -1.554  -62.370  20.393 0.5000000000
7029  -0.603  -62.842  20.672 0.4000000060
6527  -1.330  -63.124  20.022 0.4000000060
5471  -1.792  -65.049  23.934 0.3000000119
118444  -1.871  -65.630  16.232 0.5000000000
6526  -0.781  -63.773  20.191 0.4000000060
6006  -0.337  -63.621  20.864 0.4000000060
116444  -0.889  -64.066  23.502 0.3000000119
116571  -9.395  -71.221  -10.136 0.5000000000
3430  -8.397  -71.079  -9.028 0.6000000238
3471  -9.414  -70.319  -10.510 0.4000000060
3923  -8.650  -70.070  -8.630 0.6000000238
5840  -3.139  -64.832  -9.153 0.6999999881
3416  -7.269  -70.463  -7.901 0.6000000238
5340  -3.459  -65.529  -9.018 0.8000000119
5325  -3.777  -66.235  -7.338 0.6999999881
3901  -6.891  -69.309  -7.187 0.6000000238
107325  -7.467  -68.764  -7.247 0.6000000238
4891  -7.439  -67.202  -8.598 0.6000000238
2002  -23.077  -74.158  -11.940 0.4000000060
5328  -6.410  -66.513  -6.421 0.6000000238
1204  -11.750  -76.390  -12.183 0.6000000238
2008  -21.123  -73.220  -13.718 0.4000000060
1205  -12.456  -76.660  -12.414 0.6000000238
2016  -20.227  -73.290  -14.602 0.4000000060
1738  -18.416  -75.334  -14.578 0.5000000000
2015  -20.004  -74.108  -15.231 0.5000000000
8088  -3.441  -60.388  20.635 0.5000000000
7518  -2.658  -60.349  21.452 0.5000000000
7580  -3.926  -61.220  16.848 0.8000000119
7527  -1.798  -61.346  21.041 0.4000000060
119995  -3.571  -61.774  16.637 0.8000000119
7579  -2.865  -61.521  16.823 0.6000000238
7018  -0.437  -62.300  21.713 0.4000000060
6064  -0.605  -63.658  16.755 0.6999999881
7008  -0.354  -62.676  22.375 0.4000000060
5979  -0.550  -64.158  22.786 0.4000000060
104418  -2.122  -64.159  24.178 0.3000000119
3417  -8.060  -70.376  -7.964 0.6000000238
3450  -8.941  -70.831  -9.843 0.6000000238
3943  -9.051  -69.766  -9.828 0.6000000238
3944  -9.278  -69.415  -10.925 0.5000000000
6844  -2.254  -63.444  -7.876 0.6999999881
104969  -3.451  -63.913  -8.137 0.8000000119
3902  -7.535  -69.675  -7.506 0.6000000238
5825  -3.542  -64.777  -8.263 0.8000000119
5826  -4.082  -65.628  -6.627 0.6999999881
4855  -4.254  -67.272  -6.871 0.6999999881
5370  -8.144  -66.645  -11.513 0.6000000238
5326  -4.464  -66.571  -6.434 0.6999999881
5350  -7.203  -66.535  -8.525 0.6000000238
8708  -3.545  -59.743  20.548 0.5000000000
8119  -4.164  -60.286  18.284 0.5000000000
7567  -3.798  -60.449  17.529 0.8000000119
8118  -3.473  -59.763  18.322 0.6999999881
7508  -1.665  -60.371  22.379 0.4000000060
7507  -0.911  -60.890  23.205 0.4000000060
7517  -0.876  -61.409  22.014 0.4000000060
6066  -1.761  -64.507  16.834 0.6000000238
104999  -1.518  -62.261  17.131 0.6000000238
106488  -0.804  -61.370  23.941 0.4000000060
118991  -0.994  -61.795  24.348 0.4000000060
107386  -3.019  -63.968  24.090 0.3000000119
6997  -0.718  -62.222  23.923 0.4000000060
6490  -1.519  -63.349  24.251 0.3000000119
6489  -0.929  -63.247  23.862 0.3000000119
6810  -1.551  -63.112  -6.655 0.5000000000
4405  -8.291  -69.350  -7.787 0.6000000238
119065  -2.706  -62.942  -7.982 0.6999999881
6845  -3.116  -63.243  -8.203 0.8000000119
4909  -8.113  -67.144  -11.051 0.6000000238
6350  -3.698  -63.491  -7.508 0.8000000119
4903  -7.600  -66.927  -9.982 0.6000000238
5327  -5.341  -66.619  -6.195 0.6000000238
8722  -2.957  -58.594  20.133 0.5000000000
112281  -2.866  -59.097  21.611 0.5000000000
8739  -3.763  -59.570  19.121 0.6000000238
8738  -2.812  -58.962  19.140 0.6999999881
8056  -2.715  -58.913  22.727 0.4000000060
8039  -4.723  -60.807  23.549 0.3000000119
8758  -2.323  -59.480  18.388 0.8000000119
109999  -2.410  -59.545  22.368 0.4000000060
8055  -2.107  -59.609  23.078 0.4000000060
7499  -2.967  -60.695  24.463 0.3000000119
7566  -1.674  -61.238  17.287 0.6000000238
116586  -1.519  -60.209  23.358 0.4000000060
7498  -1.971  -60.453  24.346 0.3000000119
6998  -3.204  -61.723  24.468 0.3000000119
116826  -0.662  -62.390  17.110 0.6000000238
7488  -2.210  -61.309  24.656 0.3000000119
115929  -3.232  -62.565  24.324 0.3000000119
6481  -1.761  -62.630  24.493 0.3000000119
7773  -5.386  -61.041  -2.603 0.6999999881
5365  -7.622  -66.328  -10.819 0.6000000238
7278  -5.502  -62.781  -2.924 0.6999999881
6828  -2.086  -62.855  -7.542 0.6000000238
6829  -2.582  -62.199  -7.517 0.6000000238
6773  -5.099  -63.208  -3.675 0.6000000238
5863  -7.384  -65.577  -10.637 0.6000000238
6351  -3.965  -64.445  -7.216 0.8000000119
6791  -5.759  -63.892  -4.157 0.6000000238
5358  -7.237  -66.448  -9.393 0.6000000238
5810  -4.451  -65.098  -5.955 0.6999999881
6337  -5.908  -64.745  -5.193 0.6000000238
5364  -7.209  -65.980  -10.132 0.6000000238
5811  -5.300  -65.281  -5.551 0.6000000238
5812  -6.426  -65.360  -5.606 0.6000000238
5851  -7.024  -65.645  -9.386 0.6000000238
6378  -7.058  -64.325  -10.259 0.6000000238
5828  -6.684  -65.850  -6.043 0.6000000238
5829  -7.219  -65.841  -6.595 0.6000000238
5329  -7.091  -66.446  -7.401 0.6000000238
5841  -7.270  -65.970  -8.297 0.6000000238
102797  -7.264  -65.134  -8.494 0.6000000238
105815  -7.518  -65.572  -7.380 0.6000000238
6366  -7.837  -64.626  -7.437 0.6000000238
8707  -3.051  -58.890  20.900 0.5000000000
8689  -3.198  -58.283  22.389 0.5000000000
8133  -1.771  -60.276  17.729 0.6999999881
8657  -3.415  -59.291  23.568 0.4000000060
7565  -1.046  -60.878  17.452 0.6000000238
8375  -6.935  -60.826  -2.008 0.6999999881
7277  -4.695  -62.287  -3.441 0.8000000119
7845  -2.145  -61.555  -6.915 0.5000000000
6811  -3.926  -63.026  -6.729 0.8000000119
6812  -4.451  -63.687  -5.575 0.8000000119
6335  -4.221  -64.083  -6.313 0.8000000119
6317  -5.268  -64.174  -4.904 0.6999999881
6338  -7.073  -64.785  -5.330 0.6000000238
5827  -5.809  -65.985  -5.843 0.6000000238
103108  -7.863  -65.105  -6.500 0.6000000238
9335  -3.119  -58.101  21.574 0.5000000000
8721  -2.273  -58.151  19.617 0.6000000238
8673  -3.275  -58.650  23.058 0.4000000060
8737  -1.820  -58.671  18.880 0.6999999881
8757  -1.390  -59.392  18.259 0.6000000238
8656  -2.647  -59.349  23.335 0.4000000060
8132  -0.862  -60.066  17.690 0.6000000238
8148  -0.615  -60.945  17.174 0.6999999881
8363  -6.483  -60.362  -1.557 0.6999999881
8364  -7.405  -60.593  -1.375 0.6999999881
8374  -6.033  -60.568  -2.088 0.8000000119
7826  -1.715  -61.200  -6.063 0.5000000000
7846  -2.803  -61.319  -6.982 0.6000000238
7295  -4.365  -62.515  -4.531 0.8000000119
118343  -2.640  -59.852  -6.343 0.5000000000
109969  -3.443  -61.960  -6.889 0.6999999881
6790  -4.751  -63.452  -4.693 0.6999999881
116999  -6.896  -64.393  -9.748 0.6000000238
5813  -7.342  -65.340  -5.904 0.6000000238
115304  -7.182  -64.238  -8.714 0.6000000238
6831  -7.961  -63.196  -7.007 0.6000000238
9351  -2.834  -58.034  20.891 0.5000000000
9323  -3.635  -57.912  21.977 0.5000000000
9367  -1.735  -58.141  19.017 0.6999999881
8674  -4.125  -58.739  23.256 0.3000000119
9366  -1.221  -58.590  18.489 0.6000000238
8756  -0.884  -59.186  18.049 0.6999999881
111299  -5.304  -60.132  23.198 0.3000000119
9382  -0.773  -58.479  17.910 0.6000000238
102884  -0.319  -60.866  16.628 0.6999999881
7812  -4.154  -61.252  -4.643 0.8000000119
112577  -3.232  -60.936  -6.541 0.6000000238
7294  -3.821  -61.516  -5.868 0.6999999881
7279  -6.429  -62.755  -2.883 0.6000000238
7308  -4.127  -62.711  -5.725 0.8000000119
6774  -6.148  -63.412  -3.337 0.6000000238
6318  -6.491  -64.308  -4.746 0.6000000238
6339  -7.963  -64.641  -5.721 0.6000000238
6352  -8.254  -64.291  -6.401 0.6000000238
6857  -6.885  -62.688  -8.971 0.5000000000
113055  -2.576  -58.047  20.258 0.5000000000
9949  -3.355  -57.845  21.153 0.5000000000
9350  -2.271  -57.989  19.636 0.6000000238
9324  -4.541  -57.881  22.212 0.5000000000
9307  -4.820  -58.393  22.793 0.3000000119
8675  -5.077  -59.135  23.214 0.3000000119
8058  -6.111  -60.553  22.675 0.3000000119
114381  -0.647  -57.993  17.032 0.6999999881
9381  -0.522  -58.775  17.183 0.6999999881
120474  -5.778  -59.601  22.896 0.3000000119
9326  -6.571  -58.496  22.225 0.3000000119
8362  -5.573  -59.973  -1.791 0.8000000119
8372  -4.134  -59.386  -3.035 0.8000000119
116264  -4.592  -60.249  -2.970 0.8000000119
7811  -3.517  -60.094  -6.037 0.6000000238
7774  -6.422  -61.261  -2.386 0.6999999881
9037  -2.879  -58.784  -5.685 0.6000000238
7772  -4.478  -60.988  -3.427 0.8000000119
7260  -6.828  -61.895  -2.725 0.6000000238
7828  -2.966  -60.228  -6.603 0.6000000238
6775  -7.034  -63.124  -3.477 0.6000000238
122252  -7.566  -62.588  -3.724 0.6000000238
6792  -6.890  -63.730  -4.148 0.6000000238
6793  -7.736  -63.168  -4.443 0.6000000238
6319  -7.581  -64.108  -4.940 0.6000000238
7309  -8.119  -62.286  -5.497 0.6000000238
7310  -8.283  -63.074  -6.174 0.6000000238
9962  -2.731  -58.090  20.462 0.5000000000
9979  -1.799  -57.749  18.894 0.6000000238
9950  -4.294  -57.622  21.510 0.5000000000
118606  -0.965  -56.552  16.947 0.6999999881
9325  -5.527  -58.098  22.290 0.5000000000
8131  -0.626  -59.374  17.517 0.6999999881
9308  -5.753  -58.792  22.749 0.3000000119
8162  -0.332  -60.166  16.429 0.6999999881
8989  -4.182  -58.956  -1.078 0.5000000000
8999  -6.019  -59.861  -0.989 0.8000000119
9008  -3.558  -58.615  -2.883 0.6000000238
9026  -3.379  -58.304  -4.079 0.6000000238
113585  -2.343  -58.701  -5.093 0.5000000000
9025  -2.954  -58.228  -4.989 0.5000000000
8393  -3.493  -58.759  -4.871 0.6000000238
7761  -7.847  -61.107  -2.094 0.6000000238
8408  -3.894  -59.728  -4.950 0.6999999881
7775  -7.706  -61.693  -2.841 0.6000000238
7280  -7.207  -62.354  -3.139 0.6000000238
7796  -7.851  -62.006  -3.619 0.6000000238
7813  -8.034  -62.156  -4.485 0.6000000238
114438  -2.414  -57.532  19.113 0.6000000238
9997  -1.545  -57.238  18.197 0.6000000238
10578  -2.289  -57.089  18.504 0.6000000238
9981  -4.037  -57.366  19.278 0.5000000000
111984  -4.184  -57.561  20.795 0.5000000000
113549  -6.475  -57.487  21.166 0.5000000000
9951  -5.022  -57.466  20.997 0.5000000000
9933  -6.132  -57.779  21.779 0.4000000060
8789  -0.410  -58.997  15.668 0.5000000000
119940  -4.769  -59.090  0.214 0.8000000119
8982  -5.564  -59.365  0.414 0.8000000119
8345  -7.393  -60.042  0.289 0.6999999881
8990  -6.039  -59.647  -0.150 0.8000000119
8983  -6.543  -59.633  0.609 0.8000000119
9606  -3.315  -58.441  -1.599 0.5000000000
106104  -5.171  -59.361  -0.478 0.6999999881
8996  -2.929  -58.110  -2.435 0.6000000238
7797  -8.490  -61.672  -3.634 0.6000000238
9980  -2.908  -57.607  19.645 0.6000000238
107305  -3.258  -57.094  18.709 0.6000000238
105943  -5.789  -57.422  20.544 0.5000000000
10024  -0.224  -57.449  14.749 0.6000000238
9592  -4.887  -58.948  0.919 0.8000000119
8974  -6.062  -58.946  2.020 0.8000000119
8964  -7.073  -59.154  3.097 0.6999999881
9591  -3.868  -58.419  0.322 0.5000000000
109014  -6.675  -59.376  1.543 0.8000000119
122173  -7.305  -59.447  1.892 0.6999999881
8965  -7.599  -59.405  2.547 0.6000000238
9600  -3.198  -58.315  -0.760 0.5000000000
9605  -2.409  -57.940  -1.733 0.5000000000
8997  -3.957  -58.841  -1.964 0.6000000238
9006  -2.490  -58.038  -3.342 0.5000000000
10579  -4.427  -57.029  18.416 0.5000000000
10599  -1.410  -56.576  17.424 0.6999999881
10600  -2.043  -56.506  17.816 0.6000000238
10618  -0.568  -55.995  16.091 0.6999999881
10601  -2.903  -56.480  18.019 0.6000000238
10602  -3.834  -56.467  17.992 0.5000000000
9964  -4.824  -57.506  19.978 0.5000000000
107863  -0.340  -56.686  15.542 0.6000000238
9982  -5.228  -57.341  18.833 0.5000000000
107102  -6.651  -57.335  20.343 0.5000000000
8691  -7.874  -59.480  21.449 0.3000000119
10173  -4.019  -57.176  3.366 0.6999999881
9561  -5.613  -58.442  3.286 0.8000000119
9562  -6.501  -58.835  3.653 0.8000000119
10196  -3.577  -57.239  1.687 0.6999999881
10184  -3.848  -57.092  2.461 0.6000000238
9573  -6.261  -58.801  2.794 0.8000000119
9582  -4.193  -58.189  1.298 0.6000000238
9560  -4.654  -57.984  2.926 0.8000000119
8948  -6.825  -59.031  4.726 0.6000000238
9583  -5.175  -58.636  1.718 0.8000000119
8995  -2.345  -57.929  -2.412 0.6000000238
10619  -1.144  -55.846  16.700 0.6000000238
11169  -1.773  -55.820  17.123 0.6999999881
11170  -2.595  -55.880  17.410 0.6000000238
11171  -3.380  -55.971  17.557 0.5000000000
9336  -7.831  -57.984  21.397 0.4000000060
110420  -0.047  -56.473  14.536 0.6000000238
9953  -8.136  -57.490  20.830 0.4000000060
10172  -3.189  -56.380  2.793 0.5000000000
10183  -3.055  -56.503  2.067 0.6000000238
8957  -8.026  -59.459  3.387 0.6000000238
116520  -1.911  -54.177  15.632 0.6000000238
11193  -0.873  -55.336  16.013 0.6000000238
11194  -1.533  -54.995  16.200 0.6999999881
110966  -3.314  -55.352  16.898 0.6000000238
11799  -2.575  -54.680  16.245 0.8000000119
11173  -5.090  -55.825  17.174 0.5000000000
111768  -5.815  -57.160  18.237 0.5000000000
9966  -7.561  -57.196  20.141 0.5000000000
10151  -3.049  -56.858  5.734 0.5000000000
10137  -2.337  -55.954  6.116 0.5000000000
10139  -4.224  -57.559  7.074 0.6999999881
10152  -3.916  -57.676  6.252 0.6000000238
122070  -5.510  -58.505  5.769 0.6999999881
9503  -5.972  -58.282  6.992 0.6999999881
116794  -3.771  -56.996  4.113 0.5000000000
10163  -3.956  -57.561  5.108 0.6000000238
117010  -7.047  -58.596  6.479 0.5000000000
9550  -4.379  -57.658  4.223 0.6999999881
9551  -5.841  -58.528  4.221 0.8000000119
9539  -6.071  -58.680  5.239 0.6999999881
9540  -6.813  -58.947  5.589 0.6000000238
113658  -4.912  -58.087  3.794 0.8000000119
8938  -8.110  -59.233  5.655 0.6000000238
8951  -9.682  -59.344  4.647 0.6000000238
8958  -9.162  -59.580  3.680 0.6000000238
11212  -0.856  -54.771  15.505 0.6999999881
11172  -4.151  -55.811  17.406 0.5000000000
11817  -0.411  -54.329  14.655 0.6000000238
11800  -3.631  -54.512  16.258 0.8000000119
122810  -6.884  -57.278  18.770 0.5000000000
11196  -4.378  -55.163  16.757 0.6000000238
10603  -5.753  -56.652  17.596 0.5000000000
9984  -7.473  -57.041  18.593 0.5000000000
10120  -3.623  -56.882  7.313 0.6000000238
10121  -4.992  -57.438  7.385 0.6999999881
10122  -5.716  -57.696  7.291 0.6999999881
108111  -3.091  -56.385  4.496 0.5000000000
109418  -4.656  -58.048  6.587 0.6999999881
10123  -6.458  -57.931  7.251 0.6999999881
102632  -5.038  -58.248  4.875 0.6999999881
9521  -8.360  -58.360  6.397 0.6000000238
8923  -8.219  -58.891  6.141 0.6000000238
8939  -8.751  -59.130  5.759 0.6000000238
9552  -10.132  -58.868  4.934 0.6000000238
11818  -1.149  -54.133  15.191 0.6000000238
12467  -2.264  -52.893  14.743 0.6999999881
11819  -2.750  -53.767  15.516 0.8000000119
10581  -6.621  -57.074  18.078 0.5000000000
12482  -1.584  -52.540  13.996 0.6000000238
11801  -4.645  -54.407  16.226 0.6000000238
11197  -5.313  -55.118  16.564 0.5000000000
10582  -8.255  -56.677  18.603 0.5000000000
9968  -9.334  -56.998  20.234 0.5000000000
10138  -3.256  -57.042  6.724 0.6000000238
9538  -4.684  -58.221  5.889 0.6999999881
10736  -7.222  -57.196  6.760 0.5000000000
10737  -8.061  -57.080  6.171 0.6000000238
9520  -7.573  -58.432  6.569 0.6000000238
10141  -8.854  -57.766  6.124 0.6000000238
10153  -9.634  -58.350  5.555 0.6000000238
10605  -7.571  -56.680  17.712 0.5000000000
13159  -2.776  -51.599  13.915 0.6999999881
12468  -3.164  -52.957  15.032 0.6999999881
11821  -4.904  -53.742  15.696 0.6999999881
11802  -5.542  -54.394  16.079 0.6000000238
109495  -6.055  -55.020  16.348 0.6000000238
121501  -8.602  -56.614  19.192 0.5000000000
13171  -3.391  -51.228  13.434 0.8000000119
11822  -5.786  -53.779  15.584 0.6999999881
11213  -6.459  -54.506  15.833 0.6000000238
10621  -7.174  -56.155  16.886 0.5000000000
13188  -3.401  -51.306  12.505 0.8000000119
10717  -3.659  -56.067  7.517 0.5000000000
10718  -4.500  -56.221  7.533 0.6999999881
10719  -5.370  -56.809  7.374 0.6999999881
11326  -4.431  -55.043  7.326 0.4000000060
11316  -4.863  -55.908  7.342 0.6999999881
11328  -6.614  -56.403  6.282 0.6999999881
10735  -6.346  -56.914  7.111 0.6999999881
102438  -7.413  -56.576  6.011 0.6000000238
10749  -7.999  -56.312  5.570 0.6000000238
10606  -8.618  -56.295  17.866 0.5000000000
12484  -3.447  -52.269  14.618 0.8000000119
12469  -4.191  -53.035  15.222 0.8000000119
10565  -9.672  -56.439  19.748 0.5000000000
11198  -6.822  -55.399  16.322 0.6000000238
106085  -8.104  -56.185  17.087 0.5000000000
10566  -10.504  -56.304  19.606 0.5000000000
13864  -3.992  -50.883  12.967 0.6999999881
13206  -4.426  -51.209  11.219 0.6000000238
13876  -4.367  -50.667  12.023 0.8000000119
13207  -5.149  -51.200  10.594 0.6000000238
10734  -5.702  -56.327  6.951 0.6999999881
11327  -5.208  -55.695  6.743 0.6000000238
116297  -5.903  -55.975  6.180 0.6000000238
11338  -6.426  -55.739  5.533 0.5000000000
11339  -7.203  -55.995  5.539 0.6000000238
12631  -5.997  -53.335  3.658 0.5000000000
9985  -11.715  -57.429  19.170 0.4000000060
13160  -3.900  -51.739  14.184 0.6999999881
11199  -7.769  -55.660  16.409 0.6000000238
10584  -9.931  -55.871  19.045 0.5000000000
9369  -12.269  -58.264  18.554 0.4000000060
113899  -4.422  -52.498  14.747 0.8000000119
12470  -5.143  -53.099  15.163 0.8000000119
11174  -9.184  -55.817  17.503 0.5000000000
10567  -11.352  -56.377  19.313 0.5000000000
14554  -5.417  -49.946  10.972 0.6000000238
13906  -7.763  -49.948  9.469 0.6000000238
11943  -4.245  -54.438  6.767 0.4000000060
11954  -4.268  -54.372  5.460 0.5000000000
11970  -5.712  -54.510  4.381 0.6000000238
12602  -4.751  -54.329  4.411 0.5000000000
13331  -4.312  -52.746  3.481 0.5000000000
12616  -6.344  -53.958  4.050 0.6000000238
11200  -8.732  -55.690  16.719 0.5000000000
13172  -4.430  -51.259  13.595 0.8000000119
11214  -7.422  -54.986  15.767 0.6000000238
10586  -11.814  -55.889  18.855 0.5000000000
12485  -5.333  -52.240  14.421 0.8000000119
11215  -8.384  -55.211  15.875 0.6000000238
108881  -12.041  -56.598  19.003 0.4000000060
13173  -5.599  -51.322  13.488 0.8000000119
13161  -6.531  -52.113  13.971 0.8000000119
11845  -6.896  -53.467  14.918 0.6999999881
11823  -7.168  -54.209  15.304 0.6000000238
11216  -9.281  -55.081  16.170 0.6000000238
13867  -6.846  -50.328  12.000 0.8000000119
13877  -5.184  -50.096  12.029 0.6999999881
14563  -6.874  -49.837  10.345 0.6000000238
14555  -7.944  -49.757  10.066 0.6999999881
12601  -3.954  -53.755  4.637 0.4000000060
11944  -4.771  -55.126  6.047 0.6000000238
13310  -3.698  -53.030  4.142 0.5000000000
13332  -5.480  -52.727  3.263 0.5000000000
13333  -6.594  -52.641  3.403 0.6000000238
12487  -7.428  -52.903  14.262 0.8000000119
11846  -7.815  -53.840  14.709 0.6999999881
11847  -8.796  -54.097  14.699 0.6999999881
13866  -5.845  -50.533  12.573 0.6999999881
12506  -8.256  -52.603  13.703 0.8000000119
12488  -8.571  -53.293  14.153 0.6999999881
13231  -8.978  -50.098  8.584 0.6999999881
13892  -9.392  -49.961  9.775 0.6000000238
13909  -11.652  -49.944  8.042 0.6999999881
14013  -3.885  -51.751  3.124 0.5000000000
13174  -7.517  -52.027  13.515 0.8000000119
11804  -11.336  -54.401  16.325 0.6000000238
114303  -9.620  -54.126  14.962 0.6999999881
13192  -7.646  -51.153  12.545 0.8000000119
13175  -8.423  -51.948  13.022 0.8000000119
13210  -8.960  -51.094  11.238 0.8000000119
12558  -11.509  -52.075  7.683 0.6999999881
13195  -11.395  -52.727  10.885 0.6000000238
12542  -11.746  -53.513  8.377 0.6000000238
12533  -12.596  -52.952  10.176 0.6999999881
10673  -19.674  -57.099  12.242 0.6000000238
11256  -20.747  -55.714  12.661 0.5000000000
14028  -4.286  -51.287  2.353 0.5000000000
14029  -5.413  -51.459  2.265 0.4000000060
114188  -9.372  -52.638  13.377 0.8000000119
11848  -10.450  -53.844  14.936 0.6000000238
11827  -10.868  -54.107  15.686 0.6000000238
12507  -10.617  -53.108  13.288 0.8000000119
12490  -10.820  -53.415  14.204 0.8000000119
112424  -15.669  -57.778  13.899 0.5000000000
13211  -12.406  -51.810  9.534 0.6999999881
11877  -11.596  -54.764  10.217 0.6999999881
11889  -11.580  -54.899  9.846 0.6000000238
10072  -18.347  -57.683  11.713 0.6000000238
11879  -12.350  -54.097  11.152 0.6000000238
10073  -19.073  -57.288  11.645 0.6000000238
12547  -15.477  -52.786  10.414 0.6000000238
114021  -16.668  -54.461  10.292 0.6000000238
11912  -16.437  -53.975  9.312 0.6000000238
11271  -18.627  -56.174  9.808 0.6000000238
11272  -19.449  -55.689  9.871 0.6000000238
14673  -3.518  -50.950  2.642 0.4000000060
14707  -5.342  -50.100  1.133 0.4000000060
14686  -4.786  -50.768  1.627 0.5000000000
9457  -17.273  -58.312  12.269 0.5000000000
12524  -11.473  -53.567  11.803 0.6999999881
12525  -12.137  -53.885  11.785 0.6999999881
11880  -13.289  -54.394  12.239 0.6999999881
10681  -17.717  -57.261  11.385 0.6000000238
107243  -14.713  -54.016  12.217 0.6000000238
12548  -16.280  -53.165  10.382 0.6000000238
109345  -20.480  -54.343  9.706 0.6000000238
12562  -20.843  -53.775  9.396 0.5000000000
14685  -3.815  -50.484  1.861 0.5000000000
110759  -11.914  -54.039  12.911 0.8000000119
101566  -12.274  -54.491  13.842 0.6999999881
11852  -14.285  -54.659  13.619 0.6000000238
11231  -15.072  -55.130  14.549 0.6000000238
10661  -16.330  -56.128  13.381 0.6000000238
10671  -16.710  -56.706  12.482 0.6000000238
11244  -13.147  -54.630  13.109 0.6999999881
11883  -16.152  -54.652  12.990 0.6000000238
11255  -16.527  -55.488  12.807 0.6000000238
10682  -18.409  -57.168  11.180 0.5000000000
11869  -12.558  -54.380  12.687 0.6999999881
11261  -16.816  -55.405  11.814 0.5000000000
121205  -16.676  -55.430  12.300 0.5000000000
11263  -19.829  -56.185  11.081 0.5000000000
118706  -20.354  -55.960  11.837 0.5000000000
11882  -15.617  -54.186  12.730 0.6000000238
10688  -17.959  -56.753  10.753 0.5000000000
11896  -20.935  -54.574  11.441 0.5000000000
11897  -21.317  -54.005  11.868 0.5000000000
13213  -21.832  -51.687  11.558 0.4000000060
13893  -21.699  -51.114  11.155 0.3000000119
11894  -15.505  -53.739  11.929 0.6000000238
102439  -16.537  -54.557  11.890 0.6000000238
11262  -17.330  -56.283  11.138 0.5000000000
10689  -18.482  -56.631  10.566 0.6000000238
12537  -21.049  -53.799  11.016 0.5000000000
105903  -21.393  -52.543  10.831 0.5000000000
15264  -21.878  -49.906  10.277 0.3000000119
11269  -16.892  -55.229  10.958 0.6000000238
11270  -17.570  -56.076  10.242 0.6000000238
10690  -19.204  -56.276  10.454 0.6000000238
11902  -20.614  -54.412  10.578 0.5000000000
13224  -21.424  -52.065  10.235 0.5000000000
14576  -22.065  -50.252  9.674 0.3000000119
11273  -20.133  -55.070  10.156 0.6000000238
12549  -20.862  -53.576  10.127 0.6000000238
14575  -21.763  -50.578  10.149 0.5000000000
13923  -21.860  -51.003  9.724 0.5000000000
13238  -21.465  -52.433  9.538 0.6000000238
15346  -3.456  -49.515  1.578 0.4000000060
11881  -14.540  -54.326  12.815 0.6999999881
15958  -21.995  -48.411  9.896 0.3000000119
13910  -21.593  -51.244  10.365 0.3000000119
15268  -22.154  -49.328  9.641 0.4000000060
15368  -4.610  -48.997  0.638 0.4000000060
16077  -6.747  -48.065  -0.011 0.4000000060
16052  -6.555  -48.840  0.671 0.6000000238
16078  -7.839  -47.952  0.264 0.6000000238
18126  -24.935  -45.405  6.071 0.4000000060
17395  -22.396  -46.246  5.779 0.4000000060
18130  -23.235  -45.360  5.498 0.4000000060
18131  -26.957  -45.099  6.449 0.4000000060
17383  -21.689  -46.322  7.998 0.4000000060
18118  -21.005  -45.782  7.273 0.4000000060
18124  -21.805  -45.697  5.994 0.4000000060
110115  -28.068  -45.883  4.077 0.4000000060
18164  -27.389  -45.618  2.618 0.5000000000
121348  -19.584  -44.284  7.696 0.3000000119
18109  -20.551  -45.188  7.718 0.3000000119
18858  -26.926  -44.205  6.492 0.4000000060
18860  -28.100  -44.437  5.223 0.4000000060
18844  -20.728  -45.217  6.965 0.4000000060
18870  -28.029  -44.503  3.948 0.4000000060
107652  -19.947  -44.314  7.582 0.3000000119
18904  -26.931  -45.085  2.052 0.5000000000
19577  -20.574  -43.598  7.210 0.3000000119
110721  -21.750  -44.069  6.320 0.5000000000
18885  -27.127  -43.622  1.822 0.4000000060
18903  -25.614  -44.342  1.192 0.5000000000
106508  -26.423  -44.603  1.522 0.5000000000
19571  -19.908  -43.801  7.495 0.3000000119
18926  -26.118  -43.562  0.825 0.5000000000
117524  -23.860  -43.780  0.699 0.5000000000
19650  -24.518  -43.403  0.952 0.5000000000
20339  -24.913  -42.404  1.447 0.4000000060
114712  -24.160  -42.684  0.851 0.5000000000
19624  -25.248  -43.155  1.197 0.5000000000
19668  -21.811  -43.458  -0.388 0.5000000000
19669  -22.728  -43.161  -0.159 0.5000000000
113836  -23.671  -41.996  0.484 0.5000000000
20380  -23.324  -42.524  0.162 0.5000000000
20379  -22.716  -42.252  -0.513 0.5000000000
114591  -22.062  -42.692  -0.781 0.5000000000
21137  -23.253  -41.656  -0.114 0.5000000000
20398  -22.114  -41.839  -1.173 0.5000000000
21931  -21.635  -40.235  -2.381 0.4000000060
21909  -22.342  -40.356  -1.641 0.5000000000
21158  -21.847  -41.093  -1.777 0.5000000000
22746  -17.684  -39.849  -2.956 0.3000000119
21930  -20.786  -40.424  -2.794 0.4000000060
21929  -19.083  -40.480  -2.851 0.3000000119
116460  -22.757  -39.973  -1.095 0.3000000119
22718  -22.504  -39.523  -1.556 0.4000000060
22747  -19.045  -39.318  -3.748 0.3000000119
22748  -19.927  -39.301  -3.786 0.3000000119
263  -5.957  -81.866  8.048 0.6000000238
984  -3.217  -77.123  10.400 0.8000000119
414  -4.042  -80.434  9.469 0.8000000119
47  -10.140  -83.487  6.219 0.5000000000
1522  -3.318  -74.871  12.184 0.6999999881
287  -12.530  -82.416  4.074 0.6000000238
3649  -7.333  -69.231  12.524 0.6999999881
592  -9.700  -79.163  6.198 0.6999999881
4600  -6.715  -68.221  14.020 0.6000000238
4602  -9.540  -67.250  14.158 0.6000000238
5627  -9.386  -65.956  10.959 0.8000000119
499  -17.244  -80.376  0.806 0.6000000238
306  -17.178  -81.859  1.185 0.6999999881
5086  -9.466  -66.828  14.896 0.6000000238
4660  -4.880  -67.029  9.945 0.8999999762
119726  -7.678  -73.199  11.106 0.6999999881
2148  -10.242  -73.217  6.950 0.8999999762
881  -5.811  -79.221  -4.344 0.6000000238
5139  -4.576  -66.693  10.659 0.8999999762
2440  -9.737  -72.654  9.723 0.8999999762
722  -23.773  -79.521  -10.685 0.5000000000
2684  -3.550  -72.490  -11.488 0.6999999881
1378  -7.411  -77.519  -4.767 0.6999999881
951  -24.546  -78.950  -10.912 0.6000000238
1412  -9.257  -76.667  -5.623 0.6999999881
1153  -10.704  -77.014  -7.077 0.6999999881
5573  -4.013  -65.217  14.578 0.6000000238
2255  -6.269  -74.153  -3.676 0.6000000238
103386  -10.386  -76.616  -6.311 0.5000000000
1176  -10.265  -77.803  -8.984 0.6999999881
1190  -14.529  -77.702  -9.813 0.5000000000
5565  -3.637  -65.285  15.401 0.8000000119
1469  -16.440  -77.029  -13.171 0.4000000060
103377  -9.188  -73.184  -9.406 0.5000000000
1740  -20.776  -73.426  -14.727 0.4000000060
7080  -2.996  -62.489  16.666 0.6000000238
7497  -1.256  -60.565  23.954 0.4000000060
4404  -8.144  -68.263  -8.002 0.6000000238
106888  -7.283  -67.846  -7.393 0.6000000238
8658  -4.414  -59.639  23.554 0.3000000119
8373  -5.102  -60.073  -2.418 0.8000000119
112838  -7.175  -61.347  -2.401 0.6000000238
8998  -4.984  -59.432  -1.449 0.8000000119
103587  -0.703  -57.031  16.594 0.6999999881
120791  -5.759  -57.506  21.285 0.5000000000
9571  -4.443  -58.016  2.142 0.6999999881
9572  -5.398  -58.476  2.486 0.8000000119
11211  -0.399  -55.155  15.275 0.6000000238
9965  -5.914  -57.431  19.586 0.5000000000
12483  -2.435  -52.176  14.336 0.6000000238
10620  -6.120  -55.857  16.854 0.5000000000
13888  -4.832  -50.507  11.074 0.6999999881
13865  -4.793  -50.652  12.820 0.6999999881
13219  -8.023  -50.646  8.820 0.6000000238
12615  -5.360  -53.958  3.864 0.6000000238
11971  -6.584  -54.502  4.455 0.6000000238
10587  -12.459  -56.434  18.469 0.5000000000
12614  -4.457  -53.617  3.934 0.5000000000
13330  -3.597  -52.168  3.818 0.4000000060
101469  -4.839  -52.056  2.852 0.4000000060
104902  -19.759  -56.699  11.702 0.5000000000
12491  -11.369  -53.722  14.035 0.8000000119
10056  -16.404  -57.233  12.918 0.6000000238
10071  -17.771  -57.925  11.844 0.5000000000
11885  -21.457  -54.279  12.668 0.5000000000
11884  -20.865  -55.227  11.986 0.5000000000
14706  -4.233  -49.874  1.163 0.5000000000
12523  -10.417  -52.617  12.175 0.8000000119
15949  -21.864  -48.399  10.648 0.3000000119
121116  -22.206  -48.019  9.410 0.3000000119
102778  -26.887  -43.450  0.793 0.5000000000
19605  -26.734  -43.085  2.309 0.4000000060
21104  -24.866  -41.578  1.697 0.4000000060
21120  -23.668  -41.306  0.516 0.4000000060
732  -7.856  -77.992  12.403 0.5000000000
738  -8.298  -78.580  11.886 0.5000000000
968  -8.358  -77.961  13.725 0.5000000000
739  -8.795  -79.161  11.538 0.5000000000
750  -9.240  -78.834  10.700 0.5000000000
3165  -15.170  -71.051  16.803 0.4000000060
955  -10.066  -76.834  16.624 0.5000000000
729  -8.759  -78.719  13.232 0.5000000000
1013  -10.339  -77.419  8.422 0.6000000238
1004  -9.832  -77.448  9.048 0.6000000238
1020  -9.591  -77.421  7.757 0.6999999881
1012  -9.718  -77.339  8.428 0.6000000238
3159  -14.877  -70.429  17.442 0.3000000119
789  -10.581  -77.627  6.263 0.6999999881
598  -10.207  -78.396  5.858 0.6999999881
599  -10.462  -78.983  5.384 0.6999999881
1580  -19.545  -75.191  4.809 0.3000000119
119359  -12.134  -80.708  3.208 0.6999999881
806  -21.531  -78.133  5.148 0.5000000000
807  -22.277  -78.570  5.156 0.6000000238
2153  -5.262  -73.508  5.772 0.6999999881
468  -13.003  -80.456  2.159 0.6999999881
518  -23.778  -80.521  -2.537 0.6999999881
1375  -3.897  -77.564  -4.083 0.5000000000
1122  -4.839  -78.237  -3.730 0.5000000000
544  -19.914  -81.097  -10.013 0.5000000000
637  -14.318  -79.578  1.249 0.6000000238
647  -16.405  -79.277  0.551 0.6000000238
3920  -1.264  -69.980  -8.816 0.5000000000
677  -23.199  -80.056  -3.922 0.6000000238
517  -23.821  -80.360  -2.839 0.6999999881
701  -20.782  -79.049  -6.813 0.5000000000
871  -6.274  -78.873  -3.071 0.5000000000
724  -22.187  -79.748  -10.879 0.6000000238
110366  -19.997  -80.425  -10.290 0.5000000000
5596  -4.575  -65.383  12.589 0.8000000119
113070  -1.568  -71.683  -8.201 0.6999999881
889  -6.235  -79.102  -5.545 0.8000000119
723  -21.159  -79.036  -10.644 0.6999999881
947  -19.450  -78.414  -10.581 0.5000000000
4888  -1.818  -67.078  -9.477 0.6999999881
890  -6.974  -79.122  -5.746 0.8000000119
1458  -16.376  -77.518  -10.925 0.5000000000
1397  -9.668  -76.124  -5.040 0.5000000000
1196  -16.863  -77.532  -12.041 0.4000000060
4545  -1.774  -67.990  23.029 0.3000000119
5349  -3.047  -65.612  -9.590 0.6999999881
118977  -26.058  -77.821  -10.246 0.4000000060
6082  -3.421  -65.040  16.115 0.6999999881
5564  -2.677  -65.570  15.913 0.6000000238
5085  -2.327  -66.351  14.474 0.6000000238
6364  -1.970  -64.348  -7.955 0.6999999881
5558  -1.418  -65.159  16.597 0.6000000238
5839  -2.740  -64.490  -8.820 0.6999999881
7592  -0.277  -61.329  16.090 0.6000000238
8147  -0.462  -60.184  17.108 0.6999999881
8773  -0.389  -59.421  16.655 0.6999999881
9396  -0.458  -58.528  16.385 0.6999999881
10011  -0.461  -57.649  16.022 0.6999999881
8690  -7.222  -59.478  22.011 0.3000000119
8991  -6.718  -59.965  -0.295 0.8000000119
8353  -6.819  -60.225  -0.978 0.8000000119
120323  -8.009  -60.564  -0.776 0.6000000238
8365  -8.351  -60.852  -1.320 0.6000000238
7776  -8.556  -61.469  -2.654 0.6000000238
7762  -8.874  -61.237  -1.877 0.6000000238
9327  -7.484  -58.631  21.767 0.3000000119
8075  -7.552  -60.332  21.479 0.3000000119
8984  -7.484  -59.729  1.189 0.6999999881
8975  -8.046  -59.616  1.950 0.6000000238
9952  -7.296  -57.474  20.987 0.4000000060
8692  -8.094  -58.734  21.368 0.3000000119
9337  -8.624  -58.314  21.010 0.3000000119
11223  0.060  -54.877  14.264 0.6000000238
10580  -5.220  -57.026  18.122 0.5000000000
8092  -9.112  -59.242  20.442 0.3000000119
9338  -9.381  -58.240  20.535 0.4000000060
115644  -7.360  -57.188  19.254 0.5000000000
10563  -8.124  -56.914  19.423 0.5000000000
9954  -8.929  -57.505  20.629 0.4000000060
112097  -9.574  -57.517  20.386 0.4000000060
10764  -9.495  -57.188  5.249 0.6000000238
9969  -10.133  -57.051  20.140 0.5000000000
13217  -5.999  -50.549  10.155 0.5000000000
110187  -9.622  -55.325  17.006 0.6000000238
11825  -9.016  -54.659  15.398 0.6000000238
11177  -11.672  -55.019  17.731 0.6000000238
10608  -12.183  -55.649  18.177 0.5000000000
9998  -13.026  -57.076  18.196 0.5000000000
11201  -9.997  -54.831  16.528 0.6000000238
11178  -12.457  -55.417  17.371 0.6000000238
9458  -18.103  -58.273  12.339 0.5000000000
11878  -11.656  -54.775  10.621 0.6000000238
10674  -20.237  -56.507  12.463 0.5000000000
114744  -12.317  -53.880  11.238 0.6999999881
111169  -13.468  -54.194  11.711 0.6000000238
12535  -14.919  -53.280  11.041 0.6000000238
11288  -17.549  -55.877  9.140 0.6000000238
11290  -19.014  -55.830  9.126 0.6000000238
11203  -11.895  -54.764  16.897 0.6000000238
11204  -12.678  -55.244  16.526 0.6000000238
10046  -15.184  -57.747  14.766 0.5000000000
11217  -12.926  -55.132  15.675 0.6999999881
9444  -16.528  -58.306  12.672 0.5000000000
121206  -16.077  -57.790  13.219 0.5000000000
10066  -19.105  -57.675  12.431 0.5000000000
118306  -21.178  -54.988  12.729 0.4000000060
13239  -21.654  -51.691  9.635 0.6000000238
116353  -22.065  -51.412  9.254 0.5000000000
119812  -11.895  -54.443  15.213 0.8000000119
11850  -11.743  -54.217  14.517 0.8000000119
10055  -16.011  -56.872  13.736 0.6000000238
11229  -12.882  -54.801  14.014 0.6999999881
11230  -13.889  -55.014  14.552 0.8000000119
10650  -15.426  -55.856  15.034 0.6000000238
12526  -21.690  -53.499  12.454 0.5000000000
13196  -21.843  -52.783  12.173 0.5000000000
15347  -6.443  -50.159  1.450 0.5000000000
15369  -5.890  -49.461  0.806 0.5000000000
16690  -22.426  -47.680  8.760 0.4000000060
18856  -23.029  -44.394  5.435 0.5000000000
18852  -25.139  -44.452  6.098 0.4000000060
19578  -21.381  -43.360  6.650 0.4000000060
18863  -28.128  -43.226  4.431 0.4000000060
20325  -26.160  -42.305  2.453 0.4000000060
21880  -24.137  -41.013  1.133 0.4000000060
21121  -24.195  -41.856  1.024 0.5000000000
21136  -22.785  -41.471  -0.760 0.5000000000
21891  -23.336  -40.757  -0.053 0.3000000119
21879  -23.645  -40.638  0.654 0.3000000119
21890  -22.896  -40.672  -0.834 0.4000000060
12544  -12.253  -51.893  8.612 0.6999999881
962  -8.813  -77.507  14.543 0.5000000000
555  -9.329  -79.807  11.559 0.5000000000
726  -9.294  -78.237  13.879 0.5000000000
1030  -10.953  -77.271  6.815 0.6999999881
1029  -10.132  -77.471  7.031 0.6999999881
721  -21.216  -80.100  -10.522 0.6000000238
1182  -23.287  -78.188  -8.223 0.3000000119
1197  -17.500  -77.849  -11.561 0.4000000060
1207  -17.914  -77.696  -12.042 0.4000000060
5838  -2.013  -65.212  -8.615 0.6999999881
7077  -0.460  -62.887  16.695 0.6000000238
7092  -0.176  -62.768  16.221 0.6000000238
117453  -0.384  -61.910  16.725 0.6999999881
8354  -7.415  -60.308  -0.530 0.6999999881
8355  -8.198  -60.380  0.002 0.6000000238
8090  -8.151  -60.266  20.898 0.3000000119
8709  -8.473  -59.395  20.939 0.3000000119
10012  -14.192  -57.119  16.918 0.5000000000
11893  -14.054  -53.843  11.362 0.6000000238
10622  -13.244  -55.854  17.012 0.6000000238
10624  -14.558  -56.542  16.223 0.6000000238
10031  -15.082  -56.786  15.523 0.6000000238
11205  -13.512  -55.617  16.291 0.6000000238
10636  -14.337  -55.888  16.060 0.6000000238
10637  -14.917  -56.082  15.702 0.6000000238
104580  -15.587  -56.744  14.601 0.6000000238
103253  -13.172  -55.021  14.959 0.8000000119
11218  -13.771  -55.375  15.529 0.6999999881
20318  -26.132  -41.639  3.533 0.4000000060
21865  -24.950  -40.355  2.643 0.4000000060
10013  -14.619  -57.365  16.131 0.5000000000
271  -2.704  -81.374  6.324 0.5000000000
102089  -2.208  -80.521  6.962 0.6999999881
279  -2.231  -81.076  5.421 0.5000000000
261  -3.052  -81.341  7.141 0.6999999881
253  -4.203  -81.142  8.718 0.5000000000
567  -3.785  -79.711  9.896 0.8000000119
747  -3.687  -78.284  10.457 0.8000000119
748  -4.661  -78.040  10.482 0.8000000119
272  -3.897  -81.766  6.822 0.5000000000
113359  -5.024  -81.638  8.192 0.5000000000
795  -5.793  -78.108  4.357 0.6999999881
785  -4.017  -78.789  6.581 0.6999999881
1027  -5.727  -77.577  6.113 0.8999999762
112737  -5.518  -76.882  12.151 0.6999999881
973  -7.178  -77.565  12.801 0.6000000238
966  -6.436  -76.996  13.246 0.6999999881
763  -6.072  -78.252  9.400 0.8000000119
107572  -6.305  -77.141  10.742 0.8000000119
986  -5.332  -77.339  10.910 0.8000000119
569  -5.672  -79.229  9.545 0.8000000119
108567  -6.649  -80.114  8.695 0.8000000119
265  -8.197  -81.993  7.492 0.6000000238
425  -7.199  -80.998  8.466 0.6000000238
14  -11.791  -84.113  5.077 0.5000000000
12  -10.228  -84.067  5.258 0.5000000000
50  -10.560  -83.840  5.845 0.5000000000
1494  -7.944  -75.124  17.091 0.5000000000
114464  -8.683  -75.667  17.402 0.5000000000
1223  -6.455  -75.234  15.772 0.5000000000
1214  -8.479  -75.965  16.864 0.5000000000
1225  -8.803  -76.516  16.164 0.5000000000
1212  -11.037  -76.266  17.693 0.3000000119
1235  -6.466  -75.865  14.895 0.6000000238
956  -8.276  -76.712  15.262 0.5000000000
1756  -8.046  -74.242  17.394 0.4000000060
1246  -4.899  -75.963  13.820 0.6999999881
111201  -7.117  -73.851  15.816 0.6999999881
1773  -5.572  -74.373  15.317 0.6999999881
971  -4.814  -76.639  12.513 0.6999999881
746  -3.109  -78.063  10.040 0.8000000119
760  -2.937  -78.739  9.488 0.8000000119
413  -3.205  -79.947  9.356 0.8000000119
985  -4.158  -77.631  10.997 0.8000000119
978  -7.978  -77.548  11.091 0.6000000238
118621  -7.577  -77.615  11.711 0.6000000238
774  -2.721  -78.928  8.179 0.8000000119
23  -13.490  -84.936  3.575 0.5000000000
120108  -14.413  -85.099  2.822 0.5000000000
31  -16.918  -83.758  1.978 0.8000000119
116559  -16.920  -84.324  1.769 0.6999999881
3592  -14.233  -69.763  17.766 0.4000000060
4121  -12.120  -68.743  15.891 0.6000000238
2794  -12.805  -70.556  15.674 0.6000000238
112077  -10.922  -72.001  16.140 0.6000000238
1750  -10.313  -74.927  17.919 0.3000000119
2793  -11.853  -70.735  15.277 0.6000000238
112205  -10.122  -73.078  17.288 0.5000000000
2390  -9.700  -72.444  15.753 0.6000000238
120477  -9.238  -67.887  7.511 0.8999999762
2073  -7.333  -73.528  13.394 0.6999999881
2075  -9.127  -73.092  14.044 0.6999999881
1516  -3.331  -74.731  13.066 0.6999999881
737  -3.475  -77.513  10.654 0.8000000119
1261  -3.326  -76.372  10.576 0.8000000119
111  -8.669  -82.420  7.048 0.5000000000
38  -18.699  -84.093  1.327 0.6999999881
72  -19.218  -83.826  1.355 0.8999999762
76  -20.094  -83.380  0.839 0.8000000119
4108  -10.932  -68.356  15.918 0.5000000000
108601  -8.904  -68.523  18.007 0.5000000000
3616  -8.473  -69.566  14.358 0.6000000238
3630  -10.812  -69.724  14.125 0.6000000238
3196  -9.620  -70.867  11.995 0.6999999881
957  -9.239  -77.114  15.423 0.5000000000
1017  -4.059  -77.698  7.837 0.8999999762
1018  -5.092  -77.259  7.155 0.8999999762
1009  -3.549  -77.345  8.631 0.8000000119
1008  -3.033  -77.734  9.054 0.8000000119
1270  -3.258  -76.795  9.929 0.8000000119
1061  -20.611  -77.732  4.648 0.5000000000
432  -8.568  -80.502  7.362 0.6000000238
586  -8.492  -79.490  7.241 0.8000000119
610  -21.343  -79.703  4.710 0.6000000238
469  -19.570  -80.831  2.721 0.6000000238
115485  -20.622  -80.709  3.810 0.5000000000
198  -20.039  -82.655  -0.652 0.8000000119
5163  -8.468  -66.487  9.648 1.0000000000
2788  -14.841  -71.690  16.272 0.4000000060
103474  -11.793  -72.802  16.660 0.5000000000
4151  -8.918  -68.738  11.711 0.6999999881
4693  -6.777  -67.248  8.440 0.8999999762
2803  -10.483  -71.460  13.221 0.6999999881
1510  -5.709  -75.095  15.489 0.6000000238
1771  -3.951  -74.315  14.284 0.6999999881
728  -8.029  -78.194  13.039 0.5000000000
1280  -4.957  -76.363  8.419 0.8999999762
1279  -4.008  -76.668  8.909 0.8999999762
113134  -11.068  -82.401  6.126 0.6000000238
108942  -15.283  -82.163  1.537 0.6999999881
157  -21.020  -82.444  2.472 0.5000000000
293  -21.980  -81.183  3.474 0.5000000000
311  -22.316  -81.510  1.693 0.6000000238
112015  -21.008  -82.744  0.684 0.8000000119
122535  -22.817  -80.979  0.555 0.6999999881
5145  -11.284  -66.612  10.942 0.8000000119
3607  -7.248  -69.697  15.262 0.5000000000
5160  -6.592  -66.538  9.643 0.8999999762
5623  -5.875  -65.827  10.938 0.8999999762
5162  -7.549  -66.510  9.567 1.0000000000
3637  -6.764  -69.360  13.131 0.6000000238
4217  -5.277  -68.398  7.366 0.8000000119
4216  -4.191  -68.819  7.784 0.6999999881
2091  -4.342  -73.577  12.084 0.8000000119
1585  -4.992  -76.427  3.926 0.6000000238
1293  -6.703  -76.274  5.366 1.0000000000
1532  -3.756  -75.079  10.922 0.8000000119
1843  -6.365  -75.214  4.814 0.6999999881
470  -20.260  -81.242  3.379 0.5000000000
298  -19.779  -81.874  2.948 0.5000000000
612  -22.658  -79.268  4.545 0.5000000000
218  -18.167  -81.790  -2.011 0.6000000238
349  -21.783  -81.616  -2.539 0.6999999881
359  -20.297  -81.459  -3.438 0.6000000238
369  -20.185  -81.650  -5.036 0.5000000000
360  -21.375  -81.606  -3.366 0.6999999881
371  -22.991  -81.775  -4.872 0.6000000238
3579  -4.926  -70.298  19.381 0.3000000119
103849  -5.286  -70.003  18.542 0.4000000060
2779  -15.068  -71.279  18.655 0.3000000119
120194  -4.965  -70.121  16.742 0.6000000238
4129  -5.669  -69.328  13.789 0.6000000238
3613  -5.152  -69.785  14.402 0.6000000238
3614  -5.912  -69.859  14.481 0.6000000238
4697  -11.375  -67.652  8.680 0.8999999762
5166  -11.556  -67.047  10.342 0.8999999762
4179  -11.882  -68.038  10.027 0.8000000119
4166  -11.621  -67.605  10.852 0.8000000119
3685  -11.896  -68.811  8.760 0.8999999762
4710  -11.171  -67.943  7.917 0.8999999762
4238  -7.751  -69.066  6.899 0.8999999762
105699  -7.054  -71.208  6.886 0.8999999762
2862  -8.310  -71.887  6.716 0.8999999762
2861  -7.314  -71.915  6.754 1.0000000000
2146  -6.784  -73.099  6.113 0.8999999762
1562  -7.090  -75.833  6.610 1.0000000000
550  -8.873  -79.445  12.097 0.5000000000
1563  -7.755  -75.377  6.169 1.0000000000
639  -18.000  -80.059  1.010 0.6000000238
485  -17.755  -81.106  1.233 0.6999999881
340  -23.092  -81.170  -1.635 0.6999999881
331  -23.450  -80.502  -1.047 0.6999999881
362  -23.857  -80.974  -3.495 0.6000000238
381  -23.381  -81.732  -5.644 0.6000000238
105739  -22.174  -82.089  -7.037 0.5000000000
119286  -23.704  -81.187  -8.464 0.6000000238
4117  -5.212  -69.477  14.282 0.6000000238
120535  -4.486  -70.033  15.580 0.6000000238
4152  -10.602  -68.149  11.900 0.6999999881
4614  -9.731  -67.591  13.304 0.6999999881
4615  -10.878  -66.957  13.214 0.6999999881
4646  -11.385  -67.465  11.693 0.6999999881
5127  -11.208  -66.411  11.883 0.6999999881
119355  -11.219  -70.376  7.191 0.8000000119
2082  -6.208  -73.452  12.108 0.8000000119
2154  -6.497  -73.696  5.588 0.8999999762
305  -15.937  -81.729  1.179 0.6999999881
484  -16.710  -81.069  0.979 0.6000000238
321  -22.975  -80.442  0.600 0.6000000238
5088  -10.551  -65.963  14.137 0.6999999881
2471  -8.976  -72.792  6.510 0.8999999762
2290  -1.942  -73.630  -6.581 0.6000000238
2279  -1.803  -73.517  -5.275 0.6000000238
1374  -3.269  -77.014  -4.673 0.5000000000
1391  -3.896  -77.076  -6.216 0.6000000238
373  -24.001  -81.080  -4.616 0.6000000238
382  -23.952  -81.278  -5.568 0.6000000238
395  -21.411  -81.940  -8.612 0.5000000000
399  -20.639  -81.512  -9.505 0.5000000000
547  -22.501  -80.446  -10.421 0.6000000238
4103  -4.271  -69.618  15.840 0.6000000238
6070  -6.307  -63.972  16.070 0.8000000119
6084  -5.417  -64.278  15.486 0.8000000119
4588  -5.424  -68.738  14.648 0.6000000238
4569  -4.946  -68.114  17.663 0.6000000238
5612  -6.303  -65.498  11.523 0.8999999762
5574  -10.150  -65.600  14.881 0.8000000119
2864  -10.335  -71.874  6.793 0.8999999762
2625  -1.426  -72.535  -6.096 0.6000000238
105942  -1.915  -72.669  -8.155 0.6000000238
1968  -3.747  -74.807  -7.842 0.6999999881
3960  -4.197  -69.254  -12.000 0.6999999881
1687  -4.837  -76.703  -7.510 0.8000000119
880  -5.064  -78.732  -4.460 0.5000000000
692  -20.867  -79.283  -6.005 0.5000000000
687  -22.687  -79.972  -4.841 0.5000000000
694  -23.684  -80.548  -5.515 0.6999999881
523  -23.835  -80.623  -3.728 0.6999999881
112893  -22.639  -79.318  -8.202 0.4000000060
900  -5.772  -78.700  -6.024 0.8000000119
401  -23.426  -81.357  -8.958 0.6000000238
892  -9.281  -79.976  -5.364 0.5000000000
725  -23.015  -79.993  -10.824 0.6000000238
4084  -3.349  -69.567  17.186 0.6000000238
2318  -3.131  -73.324  -9.674 0.6999999881
1675  -5.224  -76.383  -7.465 0.6999999881
1393  -5.936  -77.111  -6.013 0.8000000119
538  -23.968  -80.922  -7.914 0.5000000000
942  -24.714  -79.239  -10.204 0.6000000238
716  -23.772  -80.344  -9.474 0.5000000000
910  -11.627  -79.634  -6.408 0.6000000238
112604  -19.992  -77.420  -10.839 0.6000000238
3140  -2.979  -70.821  20.437 0.3000000119
4076  -2.946  -68.982  18.067 0.5000000000
4566  -5.144  -67.507  18.729 0.6000000238
5058  -8.694  -65.917  17.223 0.6999999881
6071  -8.859  -64.681  16.557 0.8000000119
2670  -4.788  -72.938  -11.353 0.6999999881
111035  -5.964  -73.084  -8.582 0.6000000238
4434  -4.343  -68.235  -10.743 0.6999999881
3899  -4.941  -69.142  -8.048 0.6999999881
688  -7.593  -79.637  -5.745 0.6999999881
917  -13.410  -79.103  -7.988 0.5000000000
1199  -19.012  -77.986  -11.173 0.5000000000
110259  -2.753  -67.544  19.328 0.6000000238
6564  -7.334  -64.045  17.603 0.8000000119
6055  -8.605  -64.816  17.230 0.6999999881
2628  -7.339  -73.487  -6.906 0.6000000238
1186  -10.354  -77.933  -9.915 0.6999999881
1211  -24.952  -77.518  -11.636 0.5000000000
705  -10.898  -80.007  -7.817 0.6999999881
4065  -1.716  -68.424  21.766 0.3000000119
5039  -2.771  -66.696  19.683 0.5000000000
5533  -4.814  -66.111  19.763 0.6999999881
1444  -12.099  -77.136  -8.783 0.5000000000
1456  -11.612  -76.360  -11.995 0.5000000000
704  -10.245  -79.747  -7.629 0.6999999881
1194  -11.528  -77.215  -11.417 0.6999999881
1466  -11.834  -75.669  -13.209 0.5000000000
1731  -23.890  -75.574  -12.212 0.4000000060
924  -12.185  -79.520  -9.735 0.6999999881
1728  -21.501  -74.065  -14.420 0.5000000000
1483  -18.627  -75.648  -14.595 0.5000000000
8105  -4.246  -60.264  19.078 0.5000000000
4544  -1.349  -67.252  22.833 0.3000000119
5030  -0.983  -66.345  21.074 0.4000000060
5486  -0.813  -65.719  22.543 0.3000000119
1486  -16.045  -74.432  -15.464 0.4000000060
1467  -13.811  -76.913  -12.361 0.5000000000
1737  -17.003  -74.387  -15.369 0.4000000060
6575  -2.598  -63.833  16.725 0.6000000238
6365  -3.104  -64.098  -8.604 0.6999999881
7079  -1.845  -63.123  16.978 0.6000000238
7078  -0.963  -63.046  17.073 0.6000000238
6574  -1.385  -63.805  16.966 0.6000000238
8134  -2.972  -60.092  17.724 0.6999999881
7323  -2.987  -62.129  -7.528 0.6999999881
8037  -2.683  -59.810  24.053 0.4000000060
7578  -0.800  -61.670  17.275 0.6000000238
7259  -5.900  -62.071  -2.644 0.6000000238
7827  -2.437  -60.635  -6.561 0.6000000238
6336  -4.827  -64.523  -5.461 0.6999999881
9306  -3.869  -58.208  22.676 0.4000000060
9978  -1.220  -57.955  18.496 0.6000000238
6813  -8.267  -63.698  -5.612 0.6000000238
9996  -1.009  -57.419  17.606 0.6999999881
8676  -6.446  -59.543  22.494 0.3000000119
9963  -3.583  -57.632  20.249 0.5000000000
9932  -5.232  -57.639  21.731 0.5000000000
7814  -8.329  -61.769  -4.627 0.6000000238
9934  -7.007  -57.878  21.641 0.4000000060
8956  -7.440  -59.277  4.008 0.6000000238
9581  -3.153  -57.440  0.850 0.5000000000
106515  -6.760  -57.324  19.444 0.5000000000
113188  -8.526  -59.501  4.353 0.6000000238
11195  -2.335  -55.346  16.795 0.8000000119
9967  -8.510  -57.099  20.198 0.4000000060
10119  -2.789  -56.194  7.090 0.4000000060
11842  -0.782  -53.422  14.065 0.6000000238
11820  -3.920  -53.747  15.679 0.8000000119
13189  -3.849  -51.661  11.735 0.6000000238
10607  -9.390  -55.915  18.314 0.5000000000
121306  -8.663  -56.045  17.263 0.5000000000
121398  -6.480  -53.812  15.388 0.6000000238
113756  -6.036  -53.228  15.032 0.6999999881
11337  -5.608  -55.502  5.649 0.6000000238
11956  -6.216  -55.150  4.867 0.6000000238
11957  -7.012  -55.452  5.120 0.6000000238
11175  -10.058  -55.378  18.070 0.5000000000
13878  -6.034  -49.929  11.630 0.8000000119
13907  -9.166  -49.813  9.037 0.6999999881
11955  -5.136  -54.991  4.967 0.6000000238
11158  -11.481  -55.356  18.375 0.5000000000
11824  -8.085  -54.564  15.248 0.6000000238
103252  -6.696  -51.242  13.106 0.8000000119
107384  -10.432  -54.911  17.242 0.6000000238
13879  -7.912  -50.201  11.141 0.6999999881
13908  -10.435  -49.895  8.643 0.6000000238
13194  -10.330  -51.598  10.717 0.6000000238
13221  -12.622  -50.695  8.438 0.6999999881
13220  -11.358  -50.257  8.960 0.6999999881
14012  -3.425  -51.346  3.405 0.4000000060
11826  -9.994  -54.443  15.730 0.6000000238
11202  -11.157  -54.651  17.181 0.6000000238
12489  -9.798  -53.418  14.256 0.6999999881
13176  -9.268  -51.924  12.236 0.8000000119
11890  -11.748  -54.241  9.885 0.6000000238
118323  -11.444  -54.211  15.478 0.6000000238
11828  -12.074  -54.638  15.890 0.6000000238
10672  -17.179  -57.451  11.887 0.6000000238
10680  -16.982  -56.293  11.935 0.6000000238
12536  -15.969  -53.451  11.348 0.6999999881
122011  -17.127  -55.447  9.933 0.5000000000
11289  -18.153  -56.083  9.020 0.6000000238
11291  -19.946  -55.175  9.247 0.6000000238
14684  -3.214  -50.104  2.280 0.4000000060
10065  -16.775  -57.658  12.310 0.5000000000
11901  -16.397  -53.976  11.356 0.6000000238
10702  -18.031  -56.292  9.890 0.6000000238
12563  -21.177  -53.163  9.495 0.6000000238
12508  -11.380  -53.599  13.117 0.8000000119
11870  -15.504  -54.737  13.636 0.6000000238
11246  -16.092  -55.299  13.635 0.6000000238
11245  -15.620  -55.379  14.243 0.6000000238
10660  -15.897  -55.944  14.193 0.6000000238
104408  -16.485  -54.804  12.428 0.6000000238
10683  -19.122  -56.827  11.045 0.5000000000
11895  -16.163  -54.091  12.204 0.5000000000
11264  -20.399  -55.311  11.089 0.5000000000
121587  -19.821  -55.704  10.519 0.5000000000
12538  -21.458  -53.166  11.501 0.5000000000
13212  -21.694  -52.338  11.540 0.5000000000
105630  -21.532  -51.814  10.941 0.5000000000
14556  -21.998  -50.425  11.513 0.3000000119
108959  -21.215  -53.166  10.693 0.5000000000
15265  -21.901  -49.115  10.416 0.3000000119
14564  -21.755  -50.483  10.724 0.3000000119
12550  -21.208  -52.786  10.131 0.6000000238
13249  -21.588  -52.944  8.944 0.6000000238
15255  -21.899  -49.646  11.074 0.3000000119
15957  -21.840  -47.865  10.293 0.3000000119
16689  -21.916  -46.864  8.901 0.3000000119
18853  -25.952  -44.811  6.356 0.4000000060
18125  -24.048  -45.433  5.659 0.4000000060
18857  -24.037  -44.433  5.638 0.4000000060
17396  -25.905  -47.032  6.332 0.4000000060
17400  -23.252  -46.258  5.635 0.4000000060
121761  -22.833  -45.884  5.541 0.4000000060
118813  -27.476  -46.783  6.095 0.4000000060
18132  -27.766  -45.174  5.884 0.4000000060
17390  -21.563  -46.275  6.819 0.4000000060
18123  -21.209  -45.815  6.529 0.4000000060
18850  -21.421  -44.957  6.438 0.3000000119
18135  -28.105  -45.506  5.062 0.4000000060
112267  -27.868  -45.308  3.472 0.4000000060
18887  -27.560  -44.719  2.813 0.4000000060
18163  -26.822  -45.875  2.110 0.5000000000
18843  -20.372  -44.571  7.381 0.3000000119
18851  -22.126  -44.737  5.879 0.4000000060
19580  -26.418  -43.723  6.423 0.4000000060
121464  -26.773  -43.243  6.400 0.4000000060
18859  -27.741  -44.058  6.114 0.4000000060
18864  -28.135  -43.414  5.621 0.4000000060
19587  -27.513  -43.237  6.484 0.4000000060
18869  -27.797  -43.924  3.377 0.4000000060
18868  -27.680  -43.412  2.942 0.4000000060
18886  -27.136  -43.899  1.963 0.5000000000
18849  -21.024  -44.282  6.874 0.4000000060
20319  -26.706  -42.338  3.807 0.4000000060
19593  -27.553  -42.952  3.816 0.4000000060
18925  -24.640  -43.969  0.992 0.5000000000
108385  -23.158  -43.851  0.345 0.5000000000
19625  -26.596  -43.759  1.176 0.5000000000
20340  -26.079  -42.668  1.538 0.5000000000
19649  -23.570  -43.260  0.477 0.5000000000
21105  -25.707  -42.017  1.770 0.5000000000
21156  -20.502  -41.773  -1.879 0.4000000060
115840  -23.127  -41.151  -0.465 0.5000000000
120770  -22.416  -41.116  -1.282 0.5000000000
21171  -21.123  -41.105  -2.240 0.5000000000
21170  -20.241  -41.109  -2.455 0.4000000060
21944  -18.595  -39.882  -3.207 0.3000000119
109992  -19.943  -40.514  -2.973 0.3000000119
108451  -17.098  -39.285  -3.230 0.3000000119
22737  -22.139  -39.686  -2.122 0.4000000060
22736  -21.798  -39.270  -2.641 0.3000000119
21946  -20.380  -39.840  -3.329 0.4000000060
22735  -21.162  -39.607  -3.051 0.3000000119
21945  -19.515  -39.916  -3.366 0.3000000119
23567  -19.480  -38.657  -4.174 0.3000000119
22749  -20.688  -39.082  -3.576 0.3000000119
122674  -21.186  -54.636  12.149 0.5000000000
114342  -21.946  -47.537  9.627 0.3000000119
15961  -22.368  -48.502  9.244 0.4000000060
113805  -22.386  -43.942  5.770 0.4000000060
21870  -24.626  -40.651  1.875 0.4000000060
22695  -23.395  -39.932  0.468 0.4000000060
10623  -13.983  -56.227  16.699 0.5000000000
11851  -12.416  -54.710  14.878 0.6999999881
11219  -14.710  -55.564  15.347 0.6000000238
17384  -22.276  -46.929  8.204 0.4000000060
669  -23.871  -80.104  -1.866 0.6000000238
108244  -23.605  -80.087  -3.174 0.6000000238
116356  -23.812  -80.097  -1.298 0.5000000000
663  -23.799  -80.037  -1.018 0.5000000000
488  -22.714  -80.812  1.981 0.5000000000
507  -23.621  -80.014  -0.672 0.5000000000
2467  -4.498  -72.514  6.616 0.6999999881
115275  -4.612  -70.811  6.557 0.6000000238
3255  -5.612  -71.201  6.787 0.6000000238
104029  -3.651  -72.267  6.653 0.5000000000
2859  -5.724  -71.820  6.763 0.8000000119
119051  -5.105  -72.838  6.397 0.6999999881
3721  -4.500  -69.801  6.505 0.6000000238
3253  -3.430  -70.157  6.388 0.6000000238
3254  -3.548  -71.250  6.424 0.6000000238
4675  -4.382  -67.936  9.576 0.6000000238
5124  -4.261  -66.397  11.383 0.6999999881
4659  -4.116  -67.592  10.366 0.6000000238
5113  -3.893  -66.069  12.118 0.6999999881
5123  -3.396  -66.975  11.686 0.6999999881
5112  -2.955  -66.760  12.515 0.6000000238
5111  -1.822  -67.423  12.882 0.6000000238
5099  -1.511  -66.982  13.776 0.5000000000
107167  -3.418  -67.995  10.743 0.6000000238
4626  -2.323  -67.769  11.921 0.6000000238
110401  -2.308  -68.267  11.271 0.6000000238
5583  -3.596  -65.820  13.046 0.6999999881
5100  -2.560  -66.560  13.434 0.6999999881
5098  -0.830  -66.882  13.935 0.5000000000
4645  -3.805  -67.210  10.985 0.6999999881
109519  -22.592  -79.683  -3.168 0.5000000000
668  -23.386  -79.821  -2.349 0.5000000000
551  -9.562  -79.894  12.334 0.3000000119
556  -10.205  -80.370  11.681 0.3000000119
734  -9.128  -79.343  12.800 0.4000000060
402  -11.122  -80.362  12.061 0.3000000119
559  -9.807  -80.065  11.018 0.3000000119
751  -10.098  -79.605  10.316 0.3000000119
963  -9.661  -77.644  14.757 0.4000000060
727  -9.924  -78.042  14.245 0.4000000060
735  -10.478  -78.909  13.318 0.4000000060
552  -10.590  -79.857  12.696 0.3000000119
121238  -11.399  -79.787  12.471 0.3000000119
765  -11.078  -79.188  9.218 0.4000000060
770  -10.640  -77.981  8.950 0.4000000060
1021  -10.473  -77.325  7.679 0.5000000000
1014  -11.114  -77.494  8.125 0.4000000060
1022  -11.420  -77.298  7.311 0.4000000060
827  -13.273  -78.522  2.325 0.5000000000
841  -13.739  -78.986  1.645 0.5000000000
108185  -14.530  -78.801  1.318 0.5000000000
843  -15.377  -78.466  1.095 0.5000000000
844  -16.048  -77.938  1.147 0.5000000000
636  -13.539  -79.919  1.611 0.5000000000
638  -15.070  -79.291  0.867 0.5000000000
854  -16.236  -78.523  0.758 0.5000000000
104140  -14.996  -80.152  0.996 0.5000000000
964  -10.470  -77.172  15.305 0.4000000060
111004  -10.267  -77.563  14.489 0.4000000060
969  -10.270  -78.123  13.772 0.4000000060
974  -10.653  -77.803  13.040 0.3000000119
110939  -11.628  -77.208  6.715 0.4000000060
1023  -12.132  -77.283  6.976 0.3000000119
1032  -12.615  -77.450  6.368 0.3000000119
1037  -11.713  -77.597  5.007 0.6000000238
1038  -12.265  -77.348  5.532 0.4000000060
1039  -13.094  -77.610  5.558 0.3000000119
116606  -10.937  -78.772  4.881 0.6000000238
1042  -11.994  -77.768  4.177 0.6000000238
1043  -12.280  -77.530  4.659 0.5000000000
1044  -12.872  -77.531  4.714 0.5000000000
112556  -10.229  -79.846  5.848 0.6000000238
606  -11.239  -79.057  4.318 0.6000000238
615  -11.747  -78.395  3.810 0.6000000238
1054  -12.683  -77.650  4.039 0.5000000000
1056  -13.933  -77.794  3.235 0.5000000000
461  -11.780  -79.931  3.241 0.6000000238
623  -12.264  -79.453  2.703 0.6000000238
1072  -14.509  -77.801  2.559 0.5000000000
1057  -15.401  -77.635  2.815 0.4000000060
460  -11.329  -80.029  4.176 0.6000000238
624  -12.872  -79.463  2.130 0.6000000238
828  -13.968  -78.226  2.055 0.5000000000
842  -14.706  -78.093  1.718 0.5000000000
1096  -16.791  -77.854  0.941 0.5000000000
845  -17.759  -77.914  1.039 0.4000000060
846  -17.960  -78.989  0.809 0.5000000000
641  -19.160  -79.351  1.956 0.5000000000
110837  -25.838  -75.935  -3.876 0.3000000119
1948  -25.657  -75.610  -4.467 0.3000000119
1947  -25.081  -74.834  -4.822 0.3000000119
1946  -24.145  -74.196  -5.266 0.3000000119
1198  -18.109  -78.171  -11.297 0.4000000060
1836  -6.002  -74.354  5.072 0.6000000238
1842  -5.395  -74.949  4.616 0.5000000000
813  -12.437  -78.078  3.407 0.6000000238
122525  -14.705  -77.796  3.111 0.4000000060
1073  -15.829  -77.418  2.214 0.3000000119
1340  -17.190  -76.839  1.978 0.3000000119
1341  -17.831  -77.050  1.674 0.3000000119
1090  -18.389  -77.614  1.565 0.4000000060
1075  -18.591  -77.149  2.159 0.3000000119
117068  -18.943  -77.806  1.966 0.4000000060
117890  -25.693  -76.116  -3.556 0.3000000119
3015  -1.203  -72.108  -6.793 0.5000000000
2287  -23.258  -73.878  -5.721 0.3000000119
940  -19.971  -79.226  -10.368 0.4000000060
1834  -3.987  -73.961  5.996 0.6000000238
1059  -18.931  -76.827  3.067 0.3000000119
1076  -19.324  -77.585  2.720 0.4000000060
110857  -22.703  -78.838  4.850 0.4000000060
613  -23.137  -78.644  4.135 0.4000000060
472  -22.907  -80.100  2.353 0.4000000060
832  -23.078  -78.934  2.538 0.4000000060
642  -22.939  -79.416  1.413 0.4000000060
1407  -25.248  -76.666  -4.531 0.3000000119
3427  -1.296  -70.946  -8.049 0.4000000060
1316  -19.338  -76.586  4.151 0.3000000119
1303  -21.077  -76.040  5.020 0.3000000119
117049  -22.432  -76.718  4.847 0.5000000000
1050  -22.893  -77.088  4.381 0.5000000000
1078  -23.026  -77.700  3.252 0.5000000000
831  -23.049  -78.409  2.718 0.4000000060
858  -22.559  -78.794  0.549 0.4000000060
116200  -21.718  -78.231  0.454 0.4000000060
657  -23.421  -79.975  -0.292 0.4000000060
863  -21.800  -78.677  -0.302 0.4000000060
5339  -1.313  -66.332  -8.087 0.4000000060
662  -23.478  -79.773  -1.371 0.4000000060
869  -21.597  -78.938  -1.221 0.4000000060
660  -21.521  -79.129  -1.864 0.4000000060
1388  -23.429  -76.286  -3.849 0.3000000119
103062  -0.836  -67.967  -8.299 0.5000000000
3036  -2.197  -71.629  -9.697 0.5000000000
667  -22.036  -79.403  -2.409 0.4000000060
1406  -24.191  -76.673  -4.485 0.3000000119
4416  -1.272  -68.252  -9.107 0.5000000000
3940  -1.665  -68.766  -9.775 0.5000000000
928  -22.521  -78.514  -8.238 0.4000000060
1179  -15.307  -77.456  -8.869 0.4000000060
1330  -21.888  -76.660  2.105 0.5000000000
1091  -22.020  -77.388  1.688 0.4000000060
857  -21.451  -77.602  0.847 0.4000000060
5824  -1.308  -64.737  -6.810 0.5000000000
6349  -1.617  -63.733  -7.220 0.5000000000
856  -20.884  -77.904  -0.007 0.4000000060
104273  -1.314  -65.528  -7.459 0.6000000238
102133  -20.802  -78.387  -0.915 0.4000000060
675  -21.130  -79.228  -3.116 0.4000000060
868  -20.737  -78.708  -1.735 0.4000000060
116336  -1.299  -66.966  -8.573 0.6000000238
878  -20.426  -78.736  -2.503 0.4000000060
1171  -21.519  -78.065  -7.609 0.3000000119
102675  -14.602  -78.004  -8.920 0.4000000060
1102  -20.184  -77.089  -0.122 0.4000000060
102328  -19.277  -76.760  -1.708 0.4000000060
1110  -19.669  -77.597  -1.841 0.4000000060
1360  -18.974  -76.083  -2.097 0.3000000119
1670  -21.452  -75.414  -3.635 0.3000000119
898  -20.415  -79.067  -4.207 0.4000000060
888  -20.072  -78.633  -3.311 0.4000000060
1128  -19.504  -77.287  -3.749 0.3000000119
1684  -22.162  -75.861  -4.163 0.3000000119
122568  -19.912  -78.621  -4.688 0.4000000060
122096  -19.660  -77.786  -4.899 0.4000000060
908  -20.201  -78.501  -5.965 0.4000000060
1148  -20.323  -77.705  -6.210 0.3000000119
914  -20.592  -78.416  -6.794 0.4000000060
1459  -17.035  -77.809  -11.087 0.5000000000
1371  -19.203  -76.024  -2.995 0.3000000119
1668  -19.635  -75.767  -3.738 0.3000000119
1937  -20.828  -74.940  -3.193 0.3000000119
113642  -1.284  -66.669  14.586 0.5000000000
5563  -1.052  -65.734  16.025 0.5000000000
120836  -8.052  -60.098  0.717 0.5000000000
105479  -9.096  -60.498  0.125 0.5000000000
8366  -9.362  -61.090  -1.057 0.5000000000
8346  -8.840  -60.253  0.722 0.5000000000
116282  -8.475  -59.912  1.345 0.5000000000
8976  -9.084  -59.751  2.096 0.5000000000
10750  -8.657  -56.863  5.625 0.5000000000
13170  -2.438  -51.695  12.963 0.6000000238
12502  -1.676  -52.295  13.167 0.5000000000
11862  -0.099  -54.115  13.657 0.5000000000
11972  -7.421  -54.901  4.692 0.5000000000
13158  -2.057  -51.876  13.678 0.5000000000
12573  -21.183  -53.634  8.931 0.4000000060
12632  -7.199  -53.377  3.847 0.4000000060
12575  -22.345  -53.030  8.414 0.5000000000
13250  -21.994  -52.125  8.952 0.5000000000
14014  -6.026  -52.056  2.877 0.5000000000
14015  -7.121  -51.978  3.063 0.5000000000
13933  -22.514  -51.433  8.752 0.4000000060
13946  -23.218  -51.476  8.227 0.4000000060
14030  -6.547  -51.391  2.487 0.5000000000
13932  -22.321  -50.784  9.156 0.4000000060
14592  -22.909  -50.723  8.530 0.4000000060
14591  -22.605  -49.914  8.938 0.4000000060
14031  -7.603  -51.319  2.730 0.5000000000
15284  -23.755  -49.408  7.764 0.3000000119
15276  -23.122  -49.241  8.408 0.4000000060
14688  -7.005  -50.711  2.125 0.5000000000
14689  -8.023  -50.598  2.441 0.4000000060
15969  -23.970  -48.071  7.018 0.3000000119
15965  -23.512  -48.519  7.816 0.3000000119
15962  -22.847  -48.485  8.575 0.3000000119
15348  -7.386  -50.002  1.792 0.4000000060
107070  -24.276  -47.695  6.421 0.3000000119
17391  -22.290  -46.733  7.360 0.3000000119
16696  -23.376  -47.697  7.380 0.3000000119
16695  -22.790  -47.305  7.822 0.3000000119
16691  -23.064  -47.904  8.130 0.3000000119
111271  -6.811  -49.548  1.255 0.5000000000
15370  -7.545  -49.245  1.462 0.4000000060
15371  -8.296  -48.937  1.615 0.4000000060
105818  -23.738  -47.006  5.954 0.3000000119
101600  -22.934  -46.867  5.940 0.3000000119
113358  -22.221  -46.597  6.330 0.3000000119
16700  -23.575  -47.374  6.493 0.3000000119
110470  -24.241  -46.344  5.843 0.3000000119
17397  -26.816  -47.100  6.366 0.3000000119
111836  -27.903  -46.136  5.645 0.3000000119
16758  -27.695  -47.117  3.025 0.4000000060
16053  -7.638  -48.608  0.881 0.4000000060
16054  -8.698  -48.378  1.075 0.4000000060
17394  -21.716  -46.215  6.192 0.3000000119
16766  -8.643  -47.792  0.355 0.4000000060
16792  -9.026  -47.313  -0.051 0.3000000119
20311  -26.868  -43.594  6.438 0.3000000119
19584  -22.916  -43.222  5.423 0.4000000060
19585  -23.922  -43.405  5.586 0.3000000119
113184  -23.753  -42.565  5.514 0.3000000119
19579  -22.079  -43.288  6.035 0.4000000060
105368  -24.980  -42.368  5.763 0.3000000119
108019  -25.660  -41.678  5.745 0.3000000119
116698  -26.664  -42.910  5.403 0.3000000119
20315  -25.971  -41.818  4.915 0.3000000119
21082  -24.729  -41.215  5.421 0.3000000119
21087  -25.333  -40.876  5.281 0.3000000119
21853  -24.302  -40.598  5.236 0.3000000119
21091  -25.764  -40.796  4.254 0.3000000119
21095  -25.732  -40.959  3.025 0.3000000119
20324  -25.884  -41.503  2.334 0.3000000119
21858  -24.986  -40.224  4.702 0.3000000119
113198  -25.117  -40.235  3.680 0.3000000119
22678  -23.586  -39.083  4.462 0.3000000119
22681  -24.646  -39.371  4.189 0.3000000119
22685  -24.569  -39.388  3.060 0.3000000119
22689  -24.321  -39.866  2.026 0.3000000119
958  -10.003  -77.239  15.677 0.4000000060
627  -23.033  -79.452  2.848 0.4000000060
1036  -11.429  -77.347  5.997 0.5000000000
453  -10.845  -79.831  5.037 0.6000000238
467  -12.346  -80.164  2.604 0.6000000238
847  -18.646  -78.485  1.483 0.4000000060
855  -17.091  -78.644  0.636 0.5000000000
4889  -2.146  -65.981  -9.219 0.6000000238
676  -21.830  -79.557  -4.042 0.4000000060
1172  -22.466  -77.806  -7.713 0.3000000119
1446  -16.096  -77.208  -8.948 0.4000000060
6589  -0.261  -63.422  16.285 0.5000000000
17417  -28.027  -46.637  3.758 0.3000000119
17443  -27.177  -46.447  2.401 0.4000000060
18185  -24.944  -45.302  1.357 0.4000000060
18186  -25.694  -45.393  1.500 0.4000000060
730  -9.411  -78.964  13.330 0.4000000060
1049  -22.417  -77.539  4.996 0.5000000000
1835  -4.830  -74.315  5.142 0.6000000238
3919  -1.058  -69.146  -8.673 0.4000000060
20301  -21.032  -42.575  6.879 0.4000000060
19590  -27.525  -43.996  5.609 0.3000000119
21869  -23.895  -40.297  1.263 0.3000000119
120212  -22.969  -79.822  0.777 0.4000000060
489  -22.962  -80.093  1.288 0.4000000060
16699  -22.912  -47.085  6.835 0.3000000119
15275  -22.589  -49.094  8.965 0.4000000060
661  -22.466  -79.395  -1.675 0.4000000060
549  -9.886  -79.390  13.113 0.3000000119
403  -11.058  -80.613  11.453 0.3000000119
119309  -10.080  -77.625  14.946 0.4000000060
736  -11.249  -78.908  12.775 0.3000000119
771  -11.507  -78.309  8.507 0.3000000119
814  -12.995  -78.055  2.872 0.5000000000
1071  -13.642  -77.915  2.755 0.5000000000
826  -12.597  -78.705  2.708 0.5000000000
1089  -16.429  -77.367  1.645 0.3000000119
801  -11.434  -78.091  4.541 0.6000000238
802  -13.742  -77.979  4.593 0.3000000119
1055  -13.185  -77.776  3.387 0.5000000000
815  -15.414  -78.191  3.483 0.4000000060
115580  -17.206  -77.326  1.394 0.3000000119
114713  -24.857  -74.975  -5.546 0.3000000119
1390  -25.372  -76.415  -3.623 0.3000000119
1079  -23.141  -78.365  3.371 0.4000000060
850  -22.988  -78.850  1.927 0.4000000060
859  -22.952  -79.242  1.020 0.4000000060
1389  -24.625  -76.541  -3.682 0.3000000119
1317  -22.826  -76.499  3.962 0.5000000000
1077  -22.520  -77.121  2.633 0.5000000000
849  -22.773  -78.056  2.151 0.4000000060
864  -22.780  -79.189  -0.199 0.4000000060
655  -22.625  -79.271  -0.881 0.4000000060
1097  -20.779  -77.178  0.566 0.4000000060
1111  -20.146  -77.730  -0.863 0.4000000060
867  -20.091  -78.339  -2.018 0.4000000060
877  -19.846  -78.154  -2.616 0.4000000060
1405  -22.881  -76.365  -4.702 0.3000000119
1101  -19.580  -76.987  -0.981 0.4000000060
103185  -19.270  -76.769  -2.484 0.3000000119
1120  -19.519  -77.434  -2.870 0.4000000060
887  -19.649  -77.956  -3.349 0.3000000119
1138  -19.658  -77.171  -4.687 0.3000000119
1669  -20.344  -75.417  -3.845 0.3000000119
105403  -23.324  -50.026  8.221 0.4000000060
17479  -9.503  -46.670  -0.543 0.4000000060
20310  -26.252  -42.815  6.047 0.3000000119
20302  -21.742  -42.566  6.276 0.4000000060
110102  -23.878  -38.883  3.660 0.3000000119
109694  -4.293  -65.251  13.320 0.6000000238
1331  -22.826  -76.911  3.432 0.4000000060
115772  -22.359  -76.107  3.082 0.4000000060
1602  -21.744  -75.200  2.893 0.4000000060
1342  -21.241  -76.865  1.318 0.4000000060
2186  -20.867  -73.403  2.610 0.3000000119
111852  -20.779  -74.904  2.105 0.3000000119
1610  -20.064  -75.401  1.247 0.3000000119
1345  -20.310  -76.376  0.748 0.4000000060
1871  -20.525  -74.082  2.166 0.3000000119
1870  -19.726  -74.385  1.414 0.3000000119
1350  -19.560  -76.323  -0.296 0.4000000060
2191  -19.777  -73.376  1.750 0.3000000119
109406  -22.239  -75.331  3.614 0.3000000119
1866  -21.481  -74.234  3.014 0.3000000119
1591  -22.142  -75.038  4.124 0.3000000119
1583  -22.541  -75.738  4.025 0.3000000119
2187  -21.425  -73.517  3.540 0.3000000119
1856  -21.808  -74.273  3.860 0.3000000119
1305  -22.559  -76.268  4.441 0.4000000060
1045  -14.252  -77.954  3.627 0.3000000119
1304  -22.059  -76.099  4.893 0.3000000119
1848  -21.669  -74.443  4.334 0.3000000119
1581  -21.666  -75.257  4.710 0.3000000119
8820  -16.734  -59.803  13.817 0.4000000060
8821  -17.447  -59.462  14.053 0.4000000060
114199  -18.488  -58.416  14.894 0.3000000119
10047  -18.890  -58.179  13.987 0.3000000119
9434  -18.106  -58.818  14.082 0.4000000060
10610  -13.655  -56.515  17.262 0.4000000060
108595  -14.281  -58.944  15.743 0.3000000119
8818  -14.956  -60.282  14.396 0.3000000119
8187  -16.293  -60.400  14.307 0.3000000119
104254  -14.906  -59.501  14.363 0.3000000119
8186  -16.098  -60.024  13.723 0.4000000060
119816  -17.427  -59.568  14.720 0.3000000119
8841  -15.797  -59.435  13.509 0.4000000060
8842  -16.448  -59.363  13.252 0.4000000060
10651  -19.663  -57.264  14.358 0.4000000060
10639  -20.194  -56.316  14.976 0.3000000119
8843  -17.106  -59.295  13.252 0.4000000060
8822  -17.678  -59.021  13.458 0.4000000060
9432  -15.289  -58.860  13.976 0.4000000060
121842  -16.472  -58.883  12.900 0.4000000060
114071  -20.226  -56.690  13.935 0.3000000119
8857  -16.855  -58.919  12.745 0.4000000060
10057  -18.788  -58.177  13.018 0.4000000060
120959  -19.868  -57.184  13.675 0.4000000060
10663  -20.545  -56.212  13.318 0.3000000119
10058  -19.443  -57.629  13.408 0.4000000060
10662  -19.984  -57.089  13.045 0.4000000060
11247  -21.087  -55.297  13.547 0.3000000119
13197  -22.179  -52.019  12.322 0.3000000119
13880  -22.094  -51.160  11.941 0.3000000119
21070  -21.391  -41.766  6.433 0.3000000119
9415  -14.530  -58.152  15.767 0.4000000060
9443  -15.971  -58.687  13.217 0.4000000060
12509  -21.826  -53.835  13.436 0.3000000119
870  -5.447  -78.501  -3.387 0.4000000060
9999  -13.547  -57.203  17.644 0.4000000060
121048  -14.808  -57.724  15.456 0.4000000060
9398  -14.244  -58.104  16.433 0.4000000060
106806  -14.732  -58.665  14.976 0.4000000060
20303  -22.382  -42.624  5.708 0.3000000119
20308  -23.055  -42.105  5.372 0.3000000119
21069  -20.695  -41.760  7.019 0.3000000119
1611  -21.178  -75.946  1.925 0.4000000060
105411  -19.324  -74.893  0.734 0.3000000119
1582  -22.291  -75.658  4.432 0.3000000119
10032  -19.086  -57.744  15.046 0.3000000119
9446  -18.193  -58.599  13.236 0.4000000060
21071  -22.135  -41.884  5.769 0.3000000119
9353  -11.068  -57.906  19.459 0.3000000119
112598  -10.575  -57.712  19.874 0.3000000119
119101  -10.590  -58.670  19.523 0.3000000119
8725  -10.205  -59.720  19.300 0.3000000119
8742  -12.008  -59.065  18.427 0.3000000119
6080  -0.613  -65.063  16.248 0.4000000060
8759  -12.612  -59.014  18.013 0.3000000119
9383  -13.116  -58.012  18.052 0.3000000119
8724  -9.808  -59.029  19.962 0.3000000119
9397  -13.752  -58.080  17.207 0.3000000119
11232  -20.683  -55.834  14.234 0.3000000119
8740  -10.930  -59.524  18.898 0.3000000119
2385  -14.565  -72.480  16.163 0.3000000119
2052  -15.025  -73.417  16.283 0.3000000119
106839  -14.313  -74.408  16.385 0.3000000119
103979  -13.235  -74.286  16.564 0.3000000119
1248  -10.543  -77.008  13.536 0.3000000119
1216  -11.181  -76.554  16.957 0.3000000119
120942  -11.166  -76.691  16.363 0.3000000119
959  -11.140  -76.754  15.639 0.3000000119
14687  -5.958  -50.838  1.778 0.3000000119
2  -16.265  -84.603  1.953 0.6000000238
5  -14.445  -85.228  2.199 0.5000000000
6  -16.060  -85.097  1.697 0.6999999881
13  -11.049  -84.142  5.325 0.5000000000
17  -11.389  -84.501  4.607 0.5000000000
22  -12.811  -85.011  3.836 0.5000000000
24  -14.241  -84.898  3.181 0.6000000238
28  -15.012  -84.969  2.641 0.6000000238
32  -18.732  -83.923  1.561 0.6999999881
37  -18.715  -84.204  0.763 0.6999999881
52  -12.015  -83.476  5.339 0.6000000238
66  -18.367  -83.984  1.581 0.6999999881
69  -16.354  -83.736  2.075 0.8000000119
70  -17.085  -83.485  1.901 0.8999999762
109  -7.384  -82.254  7.315 0.6000000238
132  -11.989  -82.773  5.287 0.6000000238
184  -21.368  -82.548  1.256 0.8000000119
185  -21.773  -82.055  0.566 0.6999999881
186  -22.368  -81.505  0.917 0.6000000238
208  -19.694  -82.268  -1.248 0.6999999881
297  -13.998  -82.190  2.229 0.6999999881
312  -22.764  -80.914  1.168 0.5000000000
329  -22.051  -81.707  -0.217 0.6999999881
387  -23.973  -81.293  -6.132 0.6000000238
391  -23.589  -81.375  -7.732 0.6000000238
445  -2.231  -80.875  5.393 0.5000000000
457  -22.239  -79.913  4.346 0.5000000000
462  -21.809  -80.644  4.109 0.5000000000
463  -22.419  -80.451  3.715 0.5000000000
464  -22.818  -80.049  3.121 0.4000000060
471  -22.571  -80.709  2.891 0.4000000060
481  -13.684  -80.748  1.930 0.6999999881
497  -15.720  -79.760  0.636 0.5000000000
500  -23.184  -80.012  0.212 0.6000000238
512  -23.683  -80.470  -1.839 0.6999999881
527  -23.807  -80.604  -4.646 0.6999999881
566  -3.091  -79.394  9.557 0.8000000119
575  -2.749  -79.345  8.839 0.8000000119
578  -7.151  -79.215  8.314 0.8000000119
611  -22.081  -79.395  4.965 0.5000000000
616  -11.973  -78.927  3.148 0.6000000238
625  -19.461  -79.995  2.436 0.6000000238
640  -18.536  -79.535  1.396 0.5000000000
646  -15.732  -79.060  0.657 0.5000000000
649  -23.058  -79.542  0.175 0.4000000060
650  -23.014  -79.720  0.497 0.4000000060
656  -23.313  -79.703  -0.591 0.4000000060
666  -21.099  -79.077  -2.314 0.4000000060
672  -7.988  -79.836  -4.532 0.6000000238
678  -6.971  -79.611  -5.413 0.8000000119
698  -10.942  -80.127  -7.098 0.6000000238
711  -10.555  -79.334  -8.310 0.6999999881
713  -11.566  -79.588  -9.416 0.6999999881
731  -9.893  -78.676  13.618 0.4000000060
745  -3.081  -77.582  9.886 0.8000000119
759  -2.952  -78.042  9.507 0.8000000119
769  -7.280  -78.275  8.453 0.8000000119
788  -9.750  -78.091  6.431 0.6999999881
808  -22.887  -78.066  4.596 0.4000000060
848  -22.200  -78.139  1.192 0.4000000060
897  -19.659  -78.129  -4.262 0.4000000060
915  -9.913  -79.162  -7.956 0.6999999881
921  -21.637  -78.728  -7.838 0.5000000000
923  -10.166  -78.607  -8.835 0.6999999881
933  -10.413  -78.400  -9.587 0.6999999881
944  -25.700  -78.340  -10.380 0.4000000060
949  -21.438  -78.007  -10.956 0.6999999881
965  -5.399  -76.542  13.231 0.6999999881
975  -3.331  -76.895  11.015 0.8000000119
1019  -7.948  -77.635  8.546 0.6999999881
1031  -12.022  -77.189  6.355 0.3000000119
1062  -23.196  -77.775  3.977 0.4000000060
1088  -15.554  -77.753  1.631 0.5000000000
1121  -4.457  -78.306  -4.630 0.5000000000
1203  -25.700  -77.668  -10.998 0.4000000060
1213  -7.050  -75.034  16.397 0.5000000000
1215  -10.551  -76.588  17.164 0.3000000119
1227  -10.649  -76.883  16.281 0.3000000119
1260  -3.137  -77.078  10.026 0.8000000119
1288  -6.001  -76.823  6.535 0.8999999762
1289  -6.733  -76.352  6.094 1.0000000000
1298  -5.759  -77.557  4.159 0.6999999881
1489  -19.404  -74.685  -15.167 0.5000000000
1491  -8.648  -74.961  17.742 0.4000000060
1495  -9.235  -75.761  17.793 0.4000000060
1505  -5.557  -74.644  15.476 0.6999999881
1506  -6.307  -74.734  15.922 0.6999999881
1508  -4.267  -74.678  14.625 0.6999999881
1517  -3.760  -74.770  14.027 0.6999999881
1526  -3.380  -75.356  11.448 0.8000000119
1539  -3.458  -76.227  10.314 0.8000000119
1540  -3.759  -75.810  10.280 0.8999999762
1559  -8.196  -75.102  6.552 1.0000000000
1564  -8.239  -74.860  6.012 1.0000000000
1575  -4.689  -75.595  4.356 0.6000000238
1658  -5.927  -76.020  -4.426 0.6999999881
1676  -5.639  -76.599  -6.523 0.6999999881
1722  -24.842  -75.953  -11.224 0.5000000000
1739  -18.805  -74.188  -14.757 0.5000000000
1741  -19.951  -73.992  -15.365 0.5000000000
1742  -20.495  -73.728  -15.179 0.5000000000
1749  -8.863  -74.117  17.781 0.3000000119
1751  -11.013  -75.533  17.867 0.3000000119
1758  -10.678  -74.231  17.615 0.3000000119
1767  -6.370  -74.368  15.876 0.6000000238
1768  -7.090  -74.156  16.397 0.6000000238
1772  -4.737  -74.424  14.889 0.6999999881
1777  -3.320  -74.169  13.050 0.6999999881
1778  -3.532  -74.340  13.625 0.6999999881
1781  -3.317  -74.277  12.479 0.6999999881
1784  -3.372  -74.460  11.975 0.6999999881
1787  -4.936  -73.864  11.488 0.8000000119
1794  -3.670  -74.477  11.479 0.8000000119
1805  -5.555  -74.938  10.277 0.8000000119
1808  -8.911  -74.490  8.747 0.8999999762
1814  -8.271  -75.081  7.319 1.0000000000
1828  -9.097  -74.113  6.530 1.0000000000
1931  -6.424  -74.975  -3.495 0.6000000238
2003  -23.373  -74.764  -12.401 0.4000000060
2048  -7.631  -73.960  16.982 0.5000000000
2062  -4.250  -73.982  14.324 0.6999999881
2070  -3.702  -73.903  13.544 0.6999999881
2074  -8.311  -73.386  13.764 0.6999999881
2080  -3.936  -73.585  12.785 0.8000000119
2089  -3.368  -74.093  12.203 0.6999999881
2090  -3.541  -73.859  12.177 0.8000000119
2101  -6.801  -73.842  10.881 0.8000000119
2115  -8.245  -74.293  9.687 0.8999999762
2117  -9.527  -73.455  9.530 0.8999999762
2135  -10.076  -73.784  7.306 0.8999999762
2136  -10.621  -73.221  7.561 0.8999999762
2144  -4.301  -73.154  6.451 0.6999999881
2147  -9.610  -73.579  6.690 0.8999999762
2292  -5.132  -73.744  -7.054 0.6000000238
2327  -3.978  -73.366  -10.097 0.6999999881
2392  -11.553  -71.994  16.323 0.5000000000
2409  -10.106  -72.076  12.781 0.6999999881
2441  -10.514  -72.771  9.035 0.8999999762
2451  -11.053  -72.297  8.566 0.8999999762
2452  -11.384  -72.021  8.102 0.8999999762
2468  -5.417  -72.349  6.614 0.8000000119
2470  -7.490  -72.892  6.340 1.0000000000
2473  -10.638  -72.581  7.057 0.8999999762
2611  -1.646  -72.778  -5.536 0.6000000238
2615  -7.916  -73.254  -6.166 0.5000000000
2640  -5.397  -73.292  -7.648 0.6000000238
2641  -6.476  -73.430  -7.579 0.6000000238
2657  -8.648  -73.561  -9.442 0.5000000000
2673  -8.874  -73.085  -9.948 0.5000000000
2697  -4.350  -72.303  -12.371 0.6999999881
2698  -5.011  -72.549  -12.325 0.6999999881
2699  -5.505  -72.014  -12.635 0.6999999881
2811  -10.022  -71.388  12.421 0.6999999881
2848  -11.088  -71.798  7.251 0.8000000119
2849  -11.432  -71.634  7.827 0.8999999762
2858  -4.766  -71.796  6.708 0.6000000238
2860  -6.410  -71.517  6.819 0.8999999762
3038  -6.914  -72.433  -10.480 0.6999999881
3041  -9.369  -71.995  -10.031 0.5000000000
3049  -2.829  -71.697  -11.102 0.6000000238
3052  -9.850  -71.315  -10.178 0.4000000060
3059  -4.959  -72.036  -12.721 0.6999999881
3158  -15.208  -70.891  18.011 0.3000000119
3168  -12.265  -70.023  15.316 0.6000000238
3184  -9.625  -70.509  12.431 0.6999999881
3211  -9.166  -70.134  10.322 0.6999999881
3219  -9.693  -70.553  9.915 0.6999999881
3220  -10.761  -70.398  9.518 0.8999999762
3257  -7.402  -70.634  6.871 0.8999999762
3258  -8.679  -71.164  6.815 0.8999999762
3429  -7.749  -71.140  -8.674 0.6000000238
3468  -4.304  -70.497  -12.430 0.6999999881
3470  -5.587  -70.851  -12.383 0.6999999881
3473  -10.165  -70.734  -10.513 0.4000000060
3486  -4.603  -71.517  -12.656 0.6999999881
3577  -2.415  -69.246  19.780 0.5000000000
3582  -11.748  -69.064  19.503 0.3000000119
3597  -4.170  -70.009  16.134 0.6000000238
3598  -4.942  -70.162  15.968 0.6000000238
3600  -13.737  -69.252  17.293 0.4000000060
3603  -4.270  -69.935  15.827 0.6000000238
3604  -4.807  -69.815  15.212 0.6000000238
3609  -14.321  -69.809  16.998 0.4000000060
3617  -12.105  -69.382  15.428 0.6000000238
3625  -5.540  -69.628  13.965 0.6000000238
3626  -6.290  -69.610  13.759 0.6000000238
3629  -9.862  -69.700  13.706 0.6000000238
3650  -8.171  -69.526  11.959 0.6999999881
3673  -9.411  -69.676  10.434 0.6999999881
3683  -11.232  -69.639  9.655 0.8999999762
3684  -11.866  -69.290  9.000 0.8999999762
3705  -11.143  -69.620  7.212 0.8000000119
3706  -11.652  -69.142  7.771 0.8999999762
3720  -3.792  -69.579  6.643 0.6000000238
3921  -4.790  -69.083  -9.519 0.6999999881
4077  -8.755  -68.624  19.389 0.5000000000
4083  -3.184  -69.664  17.580 0.6000000238
4085  -7.866  -68.746  18.971 0.4000000060
4091  -12.972  -68.711  17.958 0.4000000060
4096  -9.358  -68.466  17.204 0.5000000000
4097  -10.904  -68.199  16.783 0.5000000000
4100  -13.254  -68.856  17.527 0.4000000060
4106  -7.814  -69.310  16.202 0.5000000000
4109  -11.655  -68.371  16.382 0.6000000238
4111  -13.183  -68.887  16.865 0.4000000060
4120  -11.695  -68.870  15.431 0.6000000238
4130  -6.133  -68.933  13.422 0.6000000238
4141  -6.673  -69.114  13.003 0.6000000238
4163  -2.734  -68.378  10.844 0.6000000238
4193  -11.883  -68.460  9.288 0.8999999762
4205  -11.807  -68.719  8.358 0.8999999762
4206  -11.894  -68.320  8.899 0.8999999762
4221  -9.597  -68.490  7.203 0.8999999762
4223  -11.530  -68.483  7.917 0.8999999762
4432  -3.026  -67.386  -10.914 0.6000000238
4433  -3.708  -67.618  -10.943 0.6999999881
4441  -3.394  -67.878  -11.310 0.6999999881
4443  -8.470  -67.695  -10.146 0.6000000238
4553  -1.081  -67.066  21.884 0.4000000060
4574  -7.145  -67.236  16.897 0.6000000238
4579  -7.324  -67.385  15.940 0.6000000238
4599  -5.744  -68.776  14.034 0.6000000238
4628  -10.152  -67.855  12.586 0.6999999881
4629  -11.180  -67.206  12.459 0.6999999881
4630  -11.381  -66.809  11.939 0.6999999881
4644  -3.024  -67.893  11.253 0.6000000238
4647  -11.547  -67.064  11.386 0.6999999881
4661  -11.712  -67.515  10.213 0.8000000119
4677  -6.030  -67.102  8.984 0.8999999762
4678  -10.845  -67.126  9.117 0.8999999762
4679  -11.578  -67.437  9.561 0.8999999762
4692  -5.126  -67.719  8.771 0.8999999762
4694  -7.575  -67.388  8.107 1.0000000000
4695  -8.188  -67.104  8.560 1.0000000000
4698  -11.839  -67.911  9.011 0.8999999762
4706  -7.637  -67.851  7.468 0.8999999762
4709  -10.219  -67.909  7.617 0.8999999762
4876  -6.990  -67.178  -7.621 0.6000000238
5010  -1.079  -66.528  22.724 0.3000000119
5042  -5.932  -66.747  19.090 0.6000000238
5057  -7.912  -66.324  17.662 0.6999999881
5065  -9.045  -66.060  16.640 0.8000000119
5073  -0.787  -66.139  15.451 0.5000000000
5075  -9.818  -66.080  15.493 0.6999999881
5084  -1.635  -66.201  15.457 0.5000000000
5087  -10.184  -66.293  14.675 0.6999999881
5101  -10.450  -66.678  13.919 0.6000000238
5114  -11.052  -66.407  12.695 0.6999999881
5125  -5.046  -66.003  11.086 0.8999999762
5140  -5.728  -66.700  9.731 0.8999999762
5146  -11.607  -67.055  10.889 0.6999999881
5161  -6.898  -66.802  9.064 1.0000000000
5164  -9.345  -66.588  9.593 0.8999999762
5165  -11.128  -66.777  9.955 0.8999999762
5314  -4.816  -65.953  -5.896 0.6999999881
5470  -1.352  -65.815  23.439 0.3000000119
5485  -0.454  -64.872  22.096 0.4000000060
5535  -6.455  -65.885  19.148 0.6999999881
5551  -7.806  -65.474  18.196 0.6999999881
5552  -8.441  -65.375  17.553 0.6999999881
5566  -9.719  -65.489  15.594 0.8000000119
5571  -2.742  -65.854  15.219 0.6000000238
5588  -10.111  -65.286  13.558 0.8000000119
5602  -10.312  -65.530  12.899 0.8000000119
5613  -7.088  -65.449  11.604 0.8999999762
5616  -10.806  -65.902  12.468 0.6999999881
5626  -8.576  -65.679  11.359 0.8000000119
5850  -2.756  -65.120  -9.246 0.6999999881
5857  -7.034  -65.048  -10.250 0.6000000238
5968  -0.633  -63.557  23.259 0.3000000119
5969  -1.310  -64.302  23.899 0.3000000119
5992  -0.345  -63.961  21.727 0.4000000060
6009  -2.907  -63.986  19.749 0.4000000060
6054  -7.943  -64.640  17.802 0.8000000119
6065  -0.905  -64.458  16.776 0.6000000238
6072  -9.373  -65.116  16.081 0.8000000119
6079  -0.391  -64.221  16.306 0.6999999881
6087  -9.019  -64.623  15.735 0.8000000119
6100  -9.665  -65.002  15.333 0.8000000119
6110  -8.663  -64.670  14.008 0.8000000119
6353  -8.230  -63.943  -6.994 0.6000000238
6388  -7.518  -64.947  -10.628 0.6000000238
6480  -1.142  -62.486  24.318 0.3000000119
6491  -2.525  -63.186  24.333 0.3000000119
6503  -0.381  -63.377  22.497 0.4000000060
6514  -0.213  -63.086  21.544 0.4000000060
6538  -4.640  -63.440  19.346 0.6999999881
6550  -7.304  -64.258  18.103 0.8000000119
6814  -8.342  -63.720  -6.371 0.6000000238
6830  -3.286  -62.654  -7.650 0.6999999881
6846  -7.330  -63.473  -8.158 0.6000000238
6987  -1.548  -61.909  24.601 0.4000000060
6988  -2.421  -62.222  24.582 0.3000000119
6996  -0.510  -62.828  23.238 0.4000000060
7009  -0.490  -61.917  23.004 0.4000000060
7044  -5.139  -62.787  19.008 0.8000000119
7322  -1.918  -62.310  -7.096 0.5000000000
7334  -2.962  -62.605  -7.885 0.6999999881
7487  -1.345  -61.177  24.408 0.4000000060
7541  -4.463  -61.185  19.236 0.8000000119
7554  -5.063  -61.758  17.768 0.8000000119
7795  -5.129  -62.001  -2.870 0.6999999881
8036  -1.910  -59.860  23.769 0.4000000060
8038  -3.702  -60.167  24.000 0.3000000119
8089  -4.003  -60.447  19.877 0.5000000000
8149  -2.959  -60.696  17.155 0.6999999881
8394  -4.072  -59.441  -3.962 0.8000000119
8406  -2.462  -59.281  -5.949 0.5000000000
8407  -3.280  -58.945  -5.664 0.6000000238
8416  -1.980  -60.151  -6.062 0.5000000000
8417  -2.983  -59.392  -6.194 0.6000000238
8798  -14.463  -59.686  14.964 0.3000000119
8819  -15.419  -59.846  13.922 0.3000000119
8937  -7.395  -59.188  5.441 0.6000000238
8949  -7.869  -59.384  4.947 0.6000000238
8950  -8.801  -59.374  5.233 0.6000000238
8966  -8.570  -59.587  2.751 0.5000000000
8973  -5.834  -59.206  1.231 0.8000000119
8981  -4.275  -58.896  -0.325 0.5000000000
9007  -2.763  -57.985  -3.372 0.6000000238
9009  -4.560  -59.432  -2.235 0.8000000119
9352  -10.050  -57.992  20.213 0.4000000060
9407  -0.407  -58.226  15.523 0.6999999881
9445  -17.481  -58.767  12.809 0.4000000060
9502  -5.144  -58.035  7.072 0.6999999881
9504  -6.782  -58.323  6.858 0.6999999881
9518  -5.388  -58.358  6.507 0.6999999881
9519  -6.395  -58.627  6.279 0.5000000000
9541  -7.387  -58.914  6.079 0.6000000238
9542  -8.948  -58.688  6.015 0.6000000238
9543  -9.419  -59.086  5.456 0.6000000238
9970  -10.927  -57.033  19.743 0.5000000000
9983  -6.204  -57.353  18.752 0.5000000000
9986  -12.484  -57.308  18.608 0.4000000060
10124  -7.182  -57.947  7.105 0.6000000238
10140  -7.967  -57.828  6.704 0.6000000238
10564  -8.905  -56.674  19.672 0.5000000000
10583  -9.051  -56.262  18.996 0.5000000000
10585  -10.865  -55.576  18.869 0.5000000000
10604  -6.639  -56.538  17.375 0.5000000000
10609  -12.994  -56.274  17.765 0.4000000060
10631  -0.099  -55.754  14.957 0.6000000238
10720  -6.175  -57.345  7.263 0.6999999881
11176  -10.926  -54.973  18.006 0.5000000000
11803  -10.651  -54.497  16.481 0.6000000238
11843  -1.661  -53.395  14.890 0.6999999881
11849  -11.101  -53.770  14.887 0.8000000119
11891  -12.402  -52.867  8.971 0.6000000238
11898  -11.787  -54.186  8.876 0.6000000238
12486  -6.467  -52.803  14.581 0.6999999881
12534  -12.979  -52.515  9.499 0.6999999881
12543  -12.581  -52.982  8.005 0.6999999881
12559  -12.541  -51.196  7.697 0.6999999881
13193  -8.411  -51.271  12.136 0.8000000119
13233  -11.249  -50.636  7.688 0.6999999881
13889  -5.456  -50.438  10.630 0.6000000238
13890  -6.109  -49.750  10.955 0.6000000238
13891  -6.891  -49.811  10.955 0.6000000238
13904  -6.068  -49.999  10.496 0.5000000000
13905  -6.674  -50.058  9.986 0.5000000000
13921  -10.279  -49.997  8.209 0.6999999881
14546  -4.980  -50.070  11.508 0.6999999881
14547  -5.521  -49.897  11.412 0.6000000238
17401  -25.684  -46.026  6.277 0.4000000060
17402  -27.080  -46.185  6.376 0.4000000060
17444  -27.753  -46.210  3.179 0.4000000060
18129  -22.565  -45.429  5.619 0.4000000060
18206  -24.341  -44.808  1.121 0.5000000000
19586  -25.471  -43.367  6.082 0.4000000060
21852  -23.978  -39.798  4.846 0.3000000119
100924  -16.459  -85.101  1.306 0.6999999881
101065  -17.149  -84.685  1.292 0.6999999881
101109  -17.927  -84.510  0.460 0.6000000238
101144  -16.599  -84.678  1.719 0.6999999881
101152  -16.544  -84.352  1.938 0.6999999881
101273  -18.195  -84.243  1.232 0.6999999881
101299  -6.813  -59.201  2.310 0.6999999881
101387  -5.970  -69.896  16.131 0.6000000238
102052  -5.769  -67.671  17.461 0.6000000238
102398  -6.320  -73.714  14.150 0.6999999881
103135  -5.409  -48.633  0.386 0.4000000060
103140  -8.880  -67.206  8.464 0.8999999762
103280  -5.915  -71.022  -12.030 0.6999999881
103443  -2.147  -72.367  -9.001 0.5000000000
104724  -3.818  -65.409  13.854 0.6000000238
104798  -2.330  -81.021  6.896 0.6999999881
104888  -4.763  -56.519  17.758 0.5000000000
104898  -19.803  -78.276  -5.083 0.4000000060
105247  -8.794  -60.684  -0.550 0.5000000000
105334  -5.927  -65.239  12.098 0.8999999762
105491  -2.781  -57.913  -4.150 0.5000000000
105698  -7.766  -71.241  6.859 0.8999999762
109731  -11.549  -79.279  3.685 0.6000000238
110239  -1.081  -64.728  19.968 0.4000000060
110542  -11.647  -70.045  7.739 0.8999999762
111178  -22.793  -78.681  1.415 0.4000000060
111294  -2.756  -63.690  -8.344 0.6999999881
111305  -23.274  -81.540  -3.909 0.6000000238
111786  -1.723  -66.986  20.190 0.4000000060
111831  -3.144  -65.915  13.852 0.6999999881
111966  -6.722  -65.045  18.969 0.6999999881
112290  -8.230  -64.312  16.023 0.8000000119
112620  -15.880  -82.603  1.674 0.6000000238
112734  -22.975  -79.534  2.065 0.4000000060
112981  -23.155  -78.901  3.326 0.4000000060
113172  -10.448  -72.011  9.354 0.8999999762
113251  -5.813  -76.709  4.283 0.6000000238
113555  -4.397  -56.860  7.487 0.6000000238
113638  -22.997  -80.067  -7.475 0.5000000000
113727  -9.360  -76.372  17.056 0.5000000000
113775  -13.372  -77.726  3.930 0.5000000000
114335  -5.481  -70.270  6.615 0.6000000238
114870  -15.163  -77.667  2.155 0.4000000060
115089  -5.286  -69.492  6.645 0.6000000238
115176  -17.408  -84.793  0.741 0.6000000238
115434  -18.480  -80.137  1.463 0.6000000238
115789  -10.494  -78.975  9.599 0.4000000060
116499  -21.963  -74.789  3.581 0.3000000119
116983  -12.152  -79.855  -8.045 0.6999999881
117188  -23.777  -81.446  -5.026 0.6000000238
117491  -25.389  -40.903  2.323 0.4000000060
117503  -4.740  -65.732  11.793 0.8000000119
117888  0.129  -54.812  13.396 0.5000000000
117937  -11.569  -68.353  10.496 0.8000000119
118333  -5.091  -53.357  3.552 0.5000000000
118384  -21.576  -79.054  5.158 0.6000000238
118432  -7.494  -64.285  15.420 0.8000000119
118626  -20.213  -78.188  -1.455 0.4000000060
118914  -7.094  -73.666  -8.789 0.6000000238
119005  -8.645  -81.315  7.458 0.6000000238
119091  -7.693  -76.202  15.469 0.5000000000
119183  -5.232  -65.343  12.127 0.8000000119
119343  -6.708  -57.470  7.171 0.6999999881
119404  -23.055  -77.185  3.902 0.5000000000
119425  -6.821  -69.854  -7.527 0.6000000238
119622  -4.747  -78.379  -5.608 0.8000000119
119891  -5.404  -66.385  10.416 0.8999999762
120250  -14.206  -78.528  1.647 0.5000000000
120479  -8.308  -73.123  6.362 1.0000000000
120758  -20.843  -78.873  -7.158 0.5000000000
120940  -14.328  -71.953  16.053 0.5000000000
120981  -2.265  -81.166  5.836 0.5000000000
121340  -0.135  -63.226  15.946 0.5000000000
121389  -11.663  -81.485  4.751 0.6999999881
121677  -10.190  -68.258  17.207 0.5000000000
121833  -2.668  -66.292  -9.804 0.6999999881
121907  -28.083  -45.087  4.395 0.4000000060
121937  -5.782  -76.139  7.885 1.0000000000
122172  -8.072  -66.747  9.120 1.0000000000
122249  -5.773  -77.586  -6.517 0.8000000119
122274  -28.134  -43.832  4.555 0.4000000060
122338  -6.986  -68.280  -6.974 0.6000000238
122449  -7.155  -73.267  -6.070 0.6000000238
122456  -12.294  -85.043  3.859 0.5000000000
122497  -2.849  -69.710  19.097 0.4000000060
122549  -16.585  -81.754  1.108 0.6999999881
122640  -10.102  -79.110  5.776 0.6999999881
