#!ascii label  , from subject sub-v2s16x51234_ses-1 vox2ras=TkReg
3781
40552  12.737  -11.775  59.113 0.1000000015
40557  12.921  -11.619  58.420 0.1000000015
41456  12.320  -10.671  58.793 0.1000000015
39607  13.289  -12.256  57.841 0.1000000015
40565  12.676  -10.908  58.023 0.1000000015
41460  13.067  -10.797  56.930 0.2000000030
41461  12.552  -10.480  57.237 0.3000000119
41465  13.009  -10.441  56.419 0.2000000030
41464  13.549  -10.546  56.002 0.2000000030
42348  10.253  -9.793  55.383 0.4000000060
42340  11.595  -9.882  56.692 0.5000000000
106213  12.109  -9.832  55.951 0.4000000060
114521  12.863  -9.772  55.541 0.4000000060
41472  13.333  -10.102  55.791 0.2000000030
41471  14.142  -9.866  55.602 0.3000000119
38593  16.539  -13.463  51.524 0.3000000119
39634  18.457  -12.053  54.722 0.1000000015
49495  9.454  -2.481  57.514 0.4000000060
49507  10.339  -2.050  56.659 0.4000000060
50429  10.059  -2.344  57.462 0.4000000060
47415  8.947  -3.299  58.028 0.4000000060
49489  10.198  -2.490  57.600 0.4000000060
48437  9.640  -3.428  57.839 0.4000000060
47422  9.056  -4.079  57.834 0.3000000119
47431  9.538  -4.815  57.092 0.3000000119
115707  9.039  -6.067  56.343 0.3000000119
45267  9.278  -6.528  55.535 0.3000000119
44171  8.870  -7.456  55.277 0.3000000119
42358  10.324  -9.688  54.390 0.4000000060
102209  11.002  -9.848  54.980 0.4000000060
42357  11.233  -9.775  54.167 0.4000000060
100694  13.111  -9.286  54.910 0.4000000060
36711  17.675  -15.310  49.833 0.3000000119
37605  16.520  -14.333  49.497 0.3000000119
37595  16.558  -14.247  50.409 0.3000000119
42345  14.655  -9.002  55.365 0.3000000119
39678  15.877  -13.060  49.067 0.3000000119
38608  16.185  -13.471  49.846 0.3000000119
38576  19.391  -13.767  53.873 0.2000000030
42354  14.563  -8.710  54.511 0.3000000119
111003  15.883  -12.699  49.665 0.3000000119
39671  16.059  -12.706  50.404 0.3000000119
37571  17.575  -13.964  52.558 0.2000000030
38569  19.085  -12.954  54.486 0.2000000030
42352  16.322  -8.930  54.897 0.3000000119
42344  15.864  -8.841  55.713 0.2000000030
110869  15.377  -8.983  55.755 0.2000000030
39644  17.898  -12.534  53.778 0.1000000015
40591  18.253  -10.469  55.612 0.1000000015
40592  17.490  -9.866  55.222 0.1000000015
39664  16.308  -12.650  51.375 0.3000000119
39635  17.758  -11.382  54.110 0.2000000030
40597  17.242  -10.659  53.709 0.1000000015
115350  16.767  -10.203  53.370 0.3000000119
41482  16.262  -10.114  52.732 0.3000000119
49494  10.571  -2.073  57.492 0.4000000060
49493  10.991  -2.229  57.542 0.5000000000
48428  10.681  -2.928  57.787 0.5000000000
48435  11.058  -3.064  57.353 0.4000000060
48436  10.389  -3.395  57.611 0.4000000060
46385  9.696  -5.393  56.385 0.3000000119
47420  10.886  -3.931  57.067 0.4000000060
47430  10.383  -4.717  56.502 0.3000000119
116859  9.666  -5.864  55.814 0.3000000119
44176  8.692  -8.477  55.212 0.3000000119
45266  10.001  -6.020  55.104 0.3000000119
44175  9.146  -8.005  54.541 0.3000000119
43265  9.104  -8.953  54.521 0.3000000119
42359  9.517  -9.466  54.822 0.3000000119
107073  10.586  -5.441  55.188 0.3000000119
45280  9.463  -6.955  54.740 0.3000000119
42366  9.707  -9.277  53.905 0.4000000060
34147  22.318  -18.556  49.141 0.1000000015
35822  20.542  -16.770  48.588 0.2000000030
42365  10.561  -9.483  53.455 0.4000000060
35812  19.876  -16.293  48.776 0.2000000030
42364  11.373  -9.595  53.435 0.3000000119
36728  19.310  -15.964  48.899 0.3000000119
36723  18.065  -15.517  49.192 0.3000000119
42356  12.324  -9.433  54.067 0.3000000119
37604  17.178  -15.005  49.052 0.3000000119
43264  13.312  -8.994  54.343 0.4000000060
112250  16.206  -13.710  49.043 0.3000000119
37570  18.380  -13.958  53.200 0.2000000030
43263  13.831  -8.761  54.102 0.4000000060
38583  17.136  -13.263  52.679 0.2000000030
38577  18.423  -13.175  53.873 0.2000000030
42362  15.014  -8.756  53.859 0.3000000119
43262  14.273  -8.830  53.648 0.3000000119
39679  15.557  -12.246  49.070 0.3000000119
39672  15.713  -12.033  49.977 0.3000000119
38584  16.704  -13.043  52.135 0.3000000119
39646  17.125  -11.788  53.096 0.2000000030
108592  16.972  -9.648  54.337 0.2000000030
41478  15.745  -8.972  53.877 0.3000000119
43275  14.579  -9.037  53.150 0.3000000119
40602  16.631  -11.090  52.676 0.3000000119
41477  16.384  -9.479  53.650 0.2000000030
42370  15.187  -9.149  52.974 0.3000000119
43276  13.784  -9.234  52.658 0.4000000060
41483  15.822  -9.417  52.938 0.3000000119
116952  15.364  -9.562  52.526 0.4000000060
42371  14.403  -9.407  52.367 0.4000000060
99704  12.826  -9.063  51.677 0.3000000119
42377  14.917  -9.685  52.036 0.4000000060
100581  14.328  -9.522  51.537 0.3000000119
42372  13.621  -9.228  51.421 0.3000000119
50449  11.792  -1.708  55.979 0.4000000060
34143  27.130  -18.109  49.428 0.1000000015
50440  12.171  -1.863  56.199 0.4000000060
50428  11.087  -1.967  57.147 0.4000000060
115023  26.574  -17.908  49.361 0.1000000015
49506  12.253  -2.401  56.313 0.5000000000
48447  12.367  -3.162  56.531 0.4000000060
48448  11.640  -3.515  56.764 0.4000000060
47429  11.303  -4.291  56.246 0.4000000060
34146  25.475  -18.642  49.013 0.1000000015
46396  10.882  -4.928  55.647 0.3000000119
47438  12.113  -3.824  55.963 0.3000000119
45279  10.134  -6.495  54.245 0.3000000119
44174  9.681  -7.495  53.962 0.3000000119
34165  21.836  -18.095  48.430 0.2000000030
35013  21.209  -17.389  48.506 0.2000000030
44183  9.888  -8.017  53.344 0.4000000060
43270  10.025  -8.865  53.119 0.3000000119
35823  19.266  -16.162  48.278 0.2000000030
45296  10.326  -7.065  53.368 0.4000000060
36729  17.734  -15.362  48.289 0.3000000119
42373  11.054  -9.476  52.891 0.4000000060
37614  16.493  -14.223  48.455 0.3000000119
43269  13.016  -9.132  53.575 0.3000000119
38621  16.077  -13.399  48.286 0.3000000119
39655  17.001  -12.606  52.694 0.2000000030
39656  16.704  -12.148  52.258 0.3000000119
43268  13.608  -9.053  53.358 0.4000000060
102947  12.872  -9.229  52.641 0.3000000119
40615  15.365  -11.447  49.515 0.3000000119
40612  15.547  -11.193  50.432 0.3000000119
40611  15.999  -11.879  50.808 0.3000000119
109327  15.899  -11.201  51.190 0.3000000119
41486  16.069  -10.764  51.907 0.3000000119
40607  15.551  -10.624  51.256 0.4000000060
41487  15.575  -10.063  52.126 0.3000000119
102099  15.140  -10.121  51.412 0.4000000060
41488  14.651  -9.777  51.077 0.4000000060
43294  13.196  -8.802  50.254 0.3000000119
43295  12.488  -8.308  50.382 0.4000000060
42380  14.040  -9.351  50.705 0.3000000119
112230  12.809  -1.900  53.932 0.4000000060
50447  13.380  -1.468  55.565 0.4000000060
50461  12.688  -1.805  54.785 0.4000000060
50448  12.491  -1.646  55.699 0.4000000060
117049  12.146  -1.730  56.086 0.4000000060
49505  13.361  -1.947  56.075 0.5000000000
34160  26.997  -17.407  49.232 0.2000000030
34144  26.975  -18.009  49.812 0.1000000015
33380  24.301  -19.283  48.886 0.1000000015
34164  22.537  -18.758  48.199 0.1000000015
108127  21.415  -17.850  47.815 0.2000000030
48445  13.874  -2.611  55.987 0.4000000060
48446  12.992  -2.813  56.128 0.4000000060
48461  12.756  -3.389  55.981 0.4000000060
120291  12.141  -4.117  55.299 0.3000000119
47439  11.622  -4.514  55.328 0.3000000119
46407  11.103  -5.143  54.929 0.3000000119
46408  10.602  -5.693  54.555 0.3000000119
35831  19.882  -16.576  47.933 0.2000000030
35832  19.256  -16.296  47.671 0.2000000030
49504  14.491  -2.162  56.140 0.4000000060
48460  13.366  -3.227  55.656 0.4000000060
48474  12.724  -3.773  55.276 0.4000000060
47451  11.553  -4.811  54.611 0.3000000119
104181  11.171  -5.300  54.175 0.3000000119
47450  12.148  -4.341  54.652 0.3000000119
46420  10.676  -5.973  53.719 0.4000000060
111527  10.311  -8.019  52.782 0.4000000060
36738  18.179  -15.625  47.498 0.2000000030
45295  10.850  -6.402  52.862 0.4000000060
45310  10.628  -7.278  52.598 0.4000000060
112769  10.556  -8.662  52.595 0.4000000060
37622  17.171  -14.704  47.081 0.3000000119
37623  16.594  -14.140  47.425 0.3000000119
43277  11.167  -8.980  52.359 0.4000000060
42363  11.907  -9.375  52.916 0.4000000060
39690  15.788  -12.793  47.724 0.3000000119
43285  11.442  -8.420  51.769 0.4000000060
102909  11.990  -8.952  51.984 0.3000000119
112667  15.711  -12.732  48.467 0.3000000119
44205  11.939  -8.329  51.029 0.4000000060
40622  15.252  -11.491  48.638 0.3000000119
44217  11.677  -7.397  50.900 0.4000000060
41494  14.993  -10.882  49.106 0.3000000119
114552  15.156  -10.844  49.843 0.4000000060
41491  15.033  -10.391  50.537 0.4000000060
43284  12.778  -8.728  50.882 0.4000000060
41495  14.758  -10.336  49.618 0.5000000000
41492  14.445  -9.811  50.158 0.5000000000
42385  13.854  -9.234  49.748 0.4000000060
43306  12.724  -8.103  49.725 0.4000000060
43305  13.336  -8.574  49.328 0.4000000060
50460  13.382  -1.678  54.439 0.4000000060
50439  13.806  -1.407  55.969 0.4000000060
51320  14.269  -1.195  55.518 0.4000000060
116640  27.059  -17.231  49.201 0.1000000015
109345  23.917  -19.272  48.478 0.1000000015
111769  14.238  -1.594  55.878 0.5000000000
35022  20.640  -17.257  47.575 0.2000000030
50438  15.015  -1.667  56.043 0.4000000060
119853  20.045  -16.788  47.390 0.2000000030
35824  18.803  -16.019  47.812 0.2000000030
36739  17.668  -15.217  46.832 0.2000000030
49514  14.779  -2.484  55.887 0.4000000060
48459  14.168  -3.007  55.390 0.4000000060
47465  11.721  -4.799  53.941 0.3000000119
39699  15.974  -12.855  46.889 0.3000000119
48472  14.457  -3.349  54.611 0.5000000000
48473  13.590  -3.536  54.911 0.4000000060
47449  12.964  -3.970  54.333 0.3000000119
47464  12.411  -4.432  53.751 0.3000000119
46418  11.967  -4.840  53.233 0.3000000119
46419  11.373  -5.479  53.233 0.3000000119
45309  10.975  -6.963  52.043 0.4000000060
38632  16.208  -13.442  47.468 0.3000000119
48485  13.825  -3.662  53.973 0.3000000119
47463  13.204  -4.124  53.407 0.3000000119
44194  10.824  -8.032  52.111 0.4000000060
39700  15.512  -11.995  47.150 0.3000000119
114993  15.200  -11.401  47.751 0.3000000119
44206  11.354  -7.660  51.491 0.4000000060
39691  15.494  -12.113  48.137 0.3000000119
44216  12.170  -7.581  50.251 0.4000000060
41503  14.638  -10.250  48.747 0.4000000060
42384  14.329  -9.713  49.255 0.4000000060
50444  22.199  -2.530  54.832 0.2000000030
49498  22.422  -2.957  55.319 0.2000000030
51333  13.957  -1.377  54.929 0.4000000060
48440  22.513  -3.234  55.784 0.3000000119
115233  21.712  -2.685  55.881 0.2000000030
51332  14.710  -1.105  54.815 0.3000000119
48441  21.736  -3.228  56.163 0.3000000119
51312  14.581  -1.236  55.901 0.4000000060
46395  20.893  -5.148  55.134 0.6000000238
119829  21.234  -4.542  55.678 0.6000000238
45307  19.786  -6.744  52.321 0.6000000238
45293  20.684  -6.667  53.381 0.6000000238
34179  26.478  -17.249  49.059 0.1000000015
34178  27.124  -17.408  48.889 0.1000000015
34163  23.451  -19.116  48.129 0.2000000030
34183  22.048  -18.421  47.599 0.2000000030
46415  20.312  -5.991  53.775 0.6000000238
101997  19.572  -16.541  47.227 0.2000000030
44225  18.848  -7.299  49.934 0.6000000238
45294  19.995  -6.337  53.099 0.6000000238
48458  15.085  -2.934  55.224 0.4000000060
36748  18.232  -15.640  46.529 0.2000000030
37634  17.345  -14.720  46.286 0.3000000119
44215  19.094  -7.139  50.726 0.6000000238
45319  19.396  -6.937  51.491 0.6000000238
111928  16.603  -13.680  46.111 0.3000000119
39708  15.727  -12.182  46.237 0.3000000119
40634  15.396  -11.358  46.325 0.3000000119
102237  15.284  -10.037  45.743 0.4000000060
48484  14.706  -3.524  53.704 0.5000000000
47462  14.154  -3.819  52.961 0.5000000000
47483  12.575  -4.562  52.857 0.4000000060
46428  11.931  -5.184  52.352 0.4000000060
46429  11.280  -5.992  52.222 0.4000000060
110043  14.140  -4.156  52.133 0.5000000000
47482  13.402  -4.307  52.481 0.5000000000
47500  12.730  -4.699  51.921 0.4000000060
46442  11.669  -5.789  51.654 0.4000000060
40628  15.194  -11.202  46.998 0.4000000060
46440  12.966  -4.961  51.028 0.4000000060
46441  12.214  -5.392  51.405 0.4000000060
45322  11.467  -6.625  51.397 0.4000000060
46458  12.399  -5.808  50.504 0.4000000060
45321  11.800  -6.001  51.048 0.4000000060
45335  11.877  -6.680  50.615 0.4000000060
41502  14.896  -10.827  48.239 0.4000000060
46471  12.970  -5.960  49.720 0.4000000060
45351  12.387  -6.677  49.923 0.4000000060
44226  13.123  -7.837  49.043 0.5000000000
45350  12.985  -6.629  49.330 0.4000000060
112370  12.698  -7.367  49.518 0.4000000060
50430  21.971  -2.566  55.166 0.2000000030
51319  15.041  -0.974  55.557 0.4000000060
104780  15.507  -0.823  55.072 0.3000000119
108826  22.202  -4.403  55.886 0.6000000238
51310  16.264  -0.889  55.958 0.4000000060
34161  26.510  -17.548  49.115 0.2000000030
34162  24.529  -18.962  48.335 0.2000000030
49503  15.299  -1.989  56.183 0.3000000119
45306  20.446  -6.948  52.825 0.6000000238
47435  20.358  -4.499  55.449 0.6000000238
48457  15.967  -3.053  54.848 0.4000000060
34196  26.076  -16.973  49.043 0.1000000015
34182  22.934  -18.924  47.419 0.2000000030
35021  21.447  -18.065  46.952 0.2000000030
46405  20.620  -5.611  54.473 0.6999999881
35844  20.058  -16.909  46.849 0.2000000030
35833  18.857  -16.130  47.041 0.2000000030
48471  15.332  -3.303  54.279 0.4000000060
48483  15.490  -3.501  53.421 0.4000000060
35033  25.600  -17.043  48.558 0.1000000015
39715  15.939  -12.257  45.530 0.3000000119
41542  15.629  -10.032  45.078 0.4000000060
40643  15.667  -11.521  45.536 0.4000000060
44246  17.297  -7.155  47.183 0.5000000000
102832  18.632  -7.377  49.106 0.6000000238
48508  14.970  -3.620  52.969 0.5000000000
42429  15.452  -9.363  45.485 0.4000000060
103635  17.242  -7.552  46.489 0.6000000238
42419  15.022  -9.594  46.208 0.4000000060
47499  13.599  -4.470  51.606 0.5000000000
41517  15.092  -10.506  46.444 0.4000000060
47517  13.889  -4.631  50.766 0.5000000000
41509  14.911  -10.675  47.361 0.4000000060
113082  13.469  -6.071  49.155 0.4000000060
41510  14.580  -10.120  47.857 0.3000000119
42394  14.285  -9.567  48.378 0.4000000060
42395  13.840  -9.074  48.857 0.4000000060
117275  13.176  -7.173  48.988 0.5000000000
43319  13.562  -8.300  48.533 0.5000000000
44237  13.620  -7.392  48.370 0.5000000000
47426  22.473  -3.725  56.084 0.3000000119
45278  21.212  -6.366  54.042 0.6000000238
46394  21.805  -5.167  55.392 0.6999999881
49502  16.189  -1.915  56.133 0.4000000060
106995  25.672  -18.191  48.733 0.2000000030
46404  21.479  -5.796  54.818 0.6999999881
47445  20.070  -4.981  54.876 0.5000000000
120155  16.506  -2.831  55.336 0.4000000060
44204  20.054  -7.489  51.789 0.6000000238
46406  19.819  -5.317  54.190 0.5000000000
34214  24.449  -18.001  46.594 0.1000000015
35846  18.721  -16.134  46.081 0.2000000030
37644  17.579  -14.851  45.552 0.2000000030
48507  15.589  -3.674  52.674 0.5000000000
34228  24.121  -17.881  45.490 0.1000000015
45348  18.295  -6.619  49.486 0.5000000000
34229  23.721  -18.027  44.608 0.2000000030
35059  24.187  -17.315  44.905 0.1000000015
44235  17.758  -7.054  47.878 0.5000000000
45362  18.021  -6.753  48.706 0.5000000000
108505  15.266  -4.095  51.547 0.5000000000
47481  14.916  -3.855  52.206 0.5000000000
35060  23.778  -17.631  44.056 0.1000000015
35073  24.055  -16.967  43.854 0.1000000015
44274  15.919  -8.099  45.824 0.4000000060
44261  16.493  -7.436  46.469 0.6000000238
35074  23.634  -17.466  43.344 0.1000000015
35083  23.563  -17.286  42.475 0.1000000015
43344  15.269  -8.658  46.043 0.4000000060
111958  16.087  -7.628  46.231 0.5000000000
115802  15.195  -4.307  51.028 0.5000000000
47498  14.553  -4.298  51.409 0.5000000000
35094  23.324  -17.348  41.606 0.1000000015
47516  14.747  -4.538  50.579 0.5000000000
46456  14.249  -4.911  50.006 0.5000000000
35897  23.767  -16.832  41.868 0.1000000015
46470  13.797  -5.505  49.494 0.5000000000
46457  13.360  -5.251  50.222 0.4000000060
115207  14.679  -9.907  46.982 0.3000000119
45367  13.576  -6.590  48.732 0.5000000000
43318  13.983  -8.825  48.038 0.4000000060
117703  20.992  -3.526  55.952 0.2000000030
49512  16.768  -2.421  55.928 0.4000000060
119534  20.867  -7.074  53.077 0.6999999881
47427  20.663  -3.940  56.015 0.4000000060
109027  16.804  -3.185  54.645 0.4000000060
34181  23.987  -18.865  47.475 0.2000000030
44214  19.695  -7.717  51.113 0.6000000238
48470  16.230  -3.376  53.860 0.5000000000
110078  22.389  -18.620  46.808 0.2000000030
35035  20.647  -17.517  46.532 0.2000000030
35845  19.394  -16.553  46.461 0.2000000030
46416  19.558  -5.603  53.457 0.5000000000
103367  16.072  -3.563  53.090 0.5000000000
34197  24.849  -18.125  47.744 0.1000000015
36749  17.779  -15.224  46.148 0.2000000030
38652  16.567  -13.422  45.553 0.3000000119
45308  19.051  -6.120  51.870 0.6000000238
46427  18.611  -5.323  52.221 0.6000000238
47479  16.298  -3.783  52.504 0.5000000000
40654  15.773  -10.846  44.840 0.4000000060
45334  18.533  -6.500  50.285 0.6000000238
47480  15.760  -3.909  51.963 0.5000000000
45349  17.607  -6.092  49.142 0.5000000000
47515  15.505  -4.516  50.483 0.5000000000
34240  23.384  -18.098  43.790 0.2000000030
45378  16.844  -6.636  47.629 0.6000000238
45363  17.217  -6.328  48.393 0.5000000000
47531  15.072  -4.784  49.881 0.5000000000
34249  23.132  -17.924  42.977 0.2000000030
35084  22.893  -17.842  42.138 0.2000000030
44247  16.608  -7.042  46.971 0.5000000000
43345  14.670  -9.040  46.753 0.3000000119
44262  15.515  -7.819  46.361 0.3000000119
46469  14.633  -5.241  49.341 0.5000000000
35105  23.184  -17.330  40.756 0.1000000015
46482  14.237  -5.867  48.743 0.5000000000
42406  14.385  -9.347  47.543 0.3000000119
43333  13.921  -7.996  47.794 0.5000000000
50459  19.070  -1.220  54.584 0.2000000030
50431  21.211  -2.144  55.411 0.1000000015
50432  20.417  -1.804  55.528 0.2000000030
113595  20.902  -2.339  55.961 0.1000000015
45277  22.116  -6.364  54.507 0.6999999881
44193  20.398  -7.325  52.337 0.6999999881
101189  20.162  -3.363  56.064 0.3000000119
100909  17.253  -2.983  55.498 0.4000000060
34180  25.333  -18.221  48.329 0.2000000030
44203  20.737  -7.911  52.034 0.6000000238
47446  19.357  -4.647  54.568 0.5000000000
47436  19.584  -4.318  55.196 0.4000000060
47428  19.836  -3.834  55.756 0.3000000119
101017  19.913  -2.661  55.906 0.2000000030
48482  16.723  -3.646  53.115 0.5000000000
44213  20.392  -8.191  51.368 0.6000000238
47458  19.080  -4.888  53.850 0.5000000000
35036  19.954  -17.093  45.954 0.2000000030
36762  18.148  -15.550  45.605 0.2000000030
37659  17.315  -14.329  44.776 0.3000000119
44234  18.396  -7.381  48.421 0.6000000238
111681  19.442  -7.940  50.373 0.6000000238
37645  16.967  -14.127  45.645 0.3000000119
39724  16.404  -12.476  44.295 0.4000000060
44224  19.203  -8.124  49.537 0.6000000238
46453  18.202  -5.724  50.610 0.5000000000
46438  18.423  -5.523  51.396 0.6000000238
47497  15.892  -4.263  51.190 0.5000000000
34215  23.559  -18.413  45.436 0.2000000030
34230  23.093  -18.448  44.400 0.2000000030
43368  16.474  -8.684  44.888 0.4000000060
114529  17.357  -7.987  45.853 0.6000000238
43331  18.971  -8.422  47.650 0.6000000238
47530  15.848  -4.814  49.841 0.5000000000
34250  22.380  -18.204  42.736 0.2000000030
45390  15.842  -7.181  46.766 0.5000000000
46481  15.060  -5.525  48.815 0.5000000000
101385  22.086  -18.134  41.899 0.2000000030
35095  22.647  -17.732  41.332 0.2000000030
44248  15.141  -7.490  46.857 0.5000000000
35096  21.860  -17.930  41.117 0.2000000030
35106  22.439  -17.661  40.516 0.2000000030
44263  14.837  -8.176  46.703 0.4000000060
35118  22.122  -17.670  39.717 0.2000000030
45366  14.270  -6.633  48.132 0.5000000000
43332  14.349  -8.521  47.332 0.4000000060
50445  21.537  -2.091  55.050 0.3000000119
50458  21.053  -1.798  54.934 0.2000000030
50446  20.610  -1.728  55.194 0.2000000030
46402  23.298  -5.719  55.230 0.6999999881
47434  24.009  -4.103  55.518 0.5000000000
46393  22.773  -5.040  55.544 0.6999999881
44192  21.009  -7.481  52.680 0.6999999881
48455  18.958  -3.621  55.537 0.4000000060
116931  23.184  -18.770  46.793 0.2000000030
118247  20.003  -8.362  50.771 0.6000000238
46417  18.804  -5.136  53.067 0.6000000238
47447  18.556  -4.173  54.328 0.5000000000
100469  16.606  -4.137  51.798 0.5000000000
34200  21.933  -18.435  46.269 0.2000000030
109174  20.611  -17.621  45.775 0.2000000030
35860  18.673  -16.127  45.219 0.2000000030
43293  19.980  -8.824  50.028 0.6999999881
112156  16.618  -4.423  51.079 0.5000000000
35050  19.643  -17.033  45.211 0.2000000030
43317  18.955  -8.166  48.570 0.6000000238
47514  16.274  -4.603  50.488 0.5000000000
34241  22.715  -18.338  43.577 0.2000000030
36776  18.291  -15.634  44.846 0.3000000119
41541  16.164  -11.040  44.085 0.4000000060
43353  17.860  -8.344  45.417 0.6000000238
43343  18.100  -8.094  46.199 0.6999999881
46479  16.741  -5.625  48.984 0.5000000000
46468  15.432  -5.170  49.314 0.5000000000
34242  21.845  -18.345  43.437 0.2000000030
35085  21.511  -18.174  42.587 0.2000000030
45379  15.961  -6.543  47.438 0.5000000000
45364  16.304  -6.079  48.197 0.5000000000
101013  21.146  -17.923  41.725 0.2000000030
120063  21.156  -17.798  40.930 0.2000000030
35107  21.611  -17.775  40.374 0.2000000030
101568  21.260  -17.642  39.636 0.2000000030
44236  14.242  -7.290  47.763 0.5000000000
45275  24.680  -6.210  54.711 0.8000000119
45291  23.944  -6.792  54.128 0.8000000119
44181  23.290  -7.361  53.440 0.6999999881
45292  22.901  -6.791  54.141 0.6999999881
44182  22.362  -7.358  53.408 0.6999999881
44191  21.845  -7.781  52.794 0.6999999881
44202  21.401  -8.069  52.263 0.6999999881
47437  18.940  -4.186  54.972 0.5000000000
34198  23.811  -18.608  46.563 0.2000000030
34199  22.781  -18.654  46.018 0.2000000030
43292  20.689  -8.786  50.762 0.6999999881
47477  18.031  -4.563  52.589 0.6000000238
47459  18.325  -4.425  53.455 0.6000000238
34217  21.896  -18.445  45.555 0.2000000030
47495  17.924  -4.851  51.755 0.6000000238
47478  17.392  -4.328  52.077 0.5000000000
43304  19.602  -8.969  49.079 0.6000000238
46439  17.757  -5.061  50.969 0.5000000000
47496  17.245  -4.534  51.361 0.5000000000
35876  18.654  -16.035  44.294 0.2000000030
37678  17.630  -14.630  44.013 0.3000000119
42444  16.751  -9.219  44.148 0.5000000000
43367  17.351  -8.611  44.708 0.5000000000
46454  17.512  -5.313  50.228 0.5000000000
108685  16.108  -5.191  49.311 0.5000000000
46480  15.815  -5.535  48.743 0.5000000000
105666  20.246  -17.529  41.942 0.2000000030
45365  15.223  -6.076  48.151 0.5000000000
35924  19.308  -16.524  40.703 0.2000000030
35097  20.457  -17.550  41.149 0.2000000030
35108  20.682  -17.543  40.282 0.2000000030
40706  19.422  -11.391  39.681 0.2000000030
38725  18.403  -13.757  39.987 0.2000000030
36829  19.138  -15.907  40.034 0.2000000030
113812  20.060  -17.172  39.923 0.2000000030
104038  20.508  -17.331  39.478 0.2000000030
41581  19.888  -10.835  40.110 0.2000000030
39810  18.837  -12.713  39.250 0.2000000030
38739  18.736  -13.602  39.255 0.2000000030
109234  19.494  -16.271  39.442 0.2000000030
35941  19.908  -16.839  39.392 0.2000000030
35119  20.991  -17.527  38.902 0.2000000030
116836  21.693  -17.630  39.098 0.2000000030
45380  15.011  -6.884  47.402 0.5000000000
111522  21.074  -10.244  40.376 0.4000000060
40726  19.701  -11.664  39.018 0.2000000030
40727  19.171  -11.951  39.313 0.2000000030
35955  19.775  -16.386  38.808 0.2000000030
35134  20.326  -17.044  38.792 0.2000000030
44249  14.541  -7.699  47.269 0.5000000000
117179  21.482  -9.865  40.870 0.4000000060
120706  21.848  -9.471  41.268 0.5000000000
45290  24.772  -6.621  54.048 0.8000000119
44180  24.124  -7.133  53.430 0.8000000119
44190  22.723  -7.932  52.776 0.6999999881
43274  22.112  -8.316  52.131 0.6999999881
43283  21.310  -8.504  51.531 0.8000000119
34216  22.571  -18.557  45.052 0.2000000030
35048  21.072  -18.060  45.166 0.2000000030
35049  20.227  -17.483  45.193 0.2000000030
43303  20.375  -9.487  49.256 0.6999999881
34231  22.221  -18.486  44.240 0.2000000030
35062  20.513  -17.769  44.577 0.2000000030
35859  19.193  -16.624  44.798 0.2000000030
43330  19.649  -9.321  47.408 0.6999999881
46455  16.697  -5.077  49.839 0.5000000000
35063  19.796  -17.269  44.452 0.2000000030
35875  19.242  -16.679  43.928 0.3000000119
36792  18.133  -15.334  44.172 0.2000000030
38663  17.127  -13.755  43.789 0.3000000119
104817  16.312  -11.750  43.979 0.4000000060
104454  18.971  -8.765  45.766 0.6999999881
110006  17.317  -5.555  49.578 0.5000000000
35086  20.660  -17.831  42.564 0.2000000030
116429  18.390  -15.595  43.602 0.3000000119
108961  17.546  -14.256  43.270 0.3000000119
39733  16.895  -12.972  43.125 0.4000000060
40663  16.473  -11.306  43.410 0.4000000060
111103  16.735  -9.815  43.459 0.4000000060
43366  18.395  -8.762  44.826 0.6000000238
104475  17.295  -13.632  42.838 0.4000000060
39748  16.703  -11.581  42.827 0.4000000060
116601  16.830  -10.178  42.939 0.4000000060
42457  17.385  -9.441  43.407 0.4000000060
42443  17.805  -8.990  44.057 0.6000000238
35098  19.658  -17.072  41.442 0.2000000030
39747  16.897  -12.265  42.575 0.4000000060
40674  16.742  -10.833  42.794 0.4000000060
41564  17.175  -9.799  42.919 0.4000000060
42442  18.843  -9.159  44.167 0.6999999881
40707  18.641  -11.886  39.906 0.3000000119
37726  18.521  -14.603  40.251 0.2000000030
37742  18.832  -14.504  39.377 0.2000000030
42456  18.257  -9.309  43.347 0.6000000238
111097  19.069  -14.020  38.663 0.2000000030
36860  19.284  -15.514  39.056 0.2000000030
39809  19.387  -12.220  38.865 0.2000000030
38760  19.047  -13.315  38.743 0.2000000030
37760  19.220  -14.729  38.647 0.2000000030
35973  19.747  -15.892  38.150 0.2000000030
36872  20.250  -16.195  37.403 0.2000000030
35133  20.854  -17.255  38.185 0.2000000030
40725  20.113  -11.088  39.411 0.2000000030
38759  19.370  -13.488  38.136 0.2000000030
37774  19.455  -14.402  37.893 0.2000000030
43384  22.317  -8.616  41.242 0.5000000000
44198  25.463  -6.823  52.167 0.6999999881
44199  24.643  -7.249  52.187 0.6999999881
113377  24.214  -7.639  51.540 0.6999999881
44200  23.882  -7.762  52.064 0.6999999881
44189  23.575  -7.685  52.732 0.6999999881
44212  23.553  -8.140  51.152 0.6999999881
43281  22.823  -8.572  51.050 0.6999999881
44201  23.010  -8.289  51.923 0.6999999881
43290  22.316  -8.965  50.508 0.6999999881
43315  20.026  -9.550  48.621 0.6999999881
35061  21.254  -18.233  44.197 0.3000000119
43341  19.804  -9.438  46.540 0.6999999881
35075  20.978  -18.078  43.293 0.2000000030
105601  20.401  -17.738  43.874 0.2000000030
35087  19.884  -17.340  42.675 0.2000000030
35887  19.291  -16.775  43.052 0.3000000119
35888  18.773  -16.145  43.350 0.3000000119
36805  17.989  -14.939  43.273 0.3000000119
42428  19.437  -9.243  45.036 0.6999999881
35910  18.994  -16.267  41.545 0.2000000030
35898  19.403  -16.829  42.236 0.2000000030
37700  17.753  -14.346  42.484 0.3000000119
36830  18.698  -15.313  40.524 0.2000000030
38689  17.470  -13.508  42.021 0.4000000060
40673  17.087  -11.373  42.086 0.4000000060
41563  17.305  -10.260  42.335 0.4000000060
39791  18.273  -12.829  40.078 0.2000000030
42465  17.798  -9.625  42.659 0.4000000060
42478  21.559  -9.804  40.077 0.3000000119
41587  21.137  -10.245  39.582 0.3000000119
41588  20.682  -10.722  39.102 0.2000000030
40743  20.261  -11.315  38.653 0.2000000030
39831  19.355  -12.763  38.487 0.2000000030
36873  19.846  -15.280  37.407 0.2000000030
36885  20.360  -15.744  36.700 0.2000000030
42477  21.950  -9.294  40.574 0.3000000119
40744  19.816  -12.055  38.245 0.2000000030
39846  19.688  -12.825  37.723 0.2000000030
37785  19.889  -14.424  36.967 0.2000000030
108204  22.773  -7.859  41.870 0.5000000000
44308  23.405  -7.308  42.335 0.5000000000
45317  27.297  -6.559  51.653 0.8000000119
115300  26.439  -6.631  51.138 0.8000000119
45318  26.381  -6.638  52.030 0.8000000119
102866  25.667  -6.865  51.260 0.6999999881
44211  24.282  -7.708  50.832 0.6999999881
43288  23.723  -8.225  50.259 0.6999999881
110390  24.450  -7.743  50.018 0.6999999881
43289  23.012  -8.642  50.395 0.6999999881
43301  22.475  -9.096  49.760 0.6999999881
43302  21.784  -9.406  49.863 0.6999999881
42382  22.039  -9.598  48.997 0.6999999881
42383  21.222  -9.748  49.162 0.6999999881
42392  21.330  -9.931  48.287 0.6999999881
42393  20.670  -9.868  48.475 0.6999999881
42404  20.819  -10.057  47.684 0.6999999881
42405  20.186  -9.802  47.952 0.6999999881
42418  20.423  -9.926  47.167 0.6999999881
35899  18.872  -16.213  42.487 0.2000000030
37699  18.224  -14.978  41.951 0.2000000030
42427  20.614  -9.918  46.232 0.6999999881
117915  19.884  -9.488  45.781 0.6999999881
36815  18.590  -15.492  41.286 0.2000000030
108125  18.596  -15.691  41.996 0.2000000030
37714  17.900  -14.167  41.562 0.3000000119
104451  20.354  -9.719  45.282 0.6999999881
38710  18.127  -14.017  40.770 0.2000000030
39792  17.783  -12.635  40.844 0.3000000119
38711  17.736  -13.374  41.236 0.3000000119
39768  17.335  -12.535  41.735 0.3000000119
40687  18.270  -11.439  40.557 0.3000000119
41574  17.645  -10.704  41.606 0.4000000060
41580  20.428  -10.469  40.614 0.4000000060
120788  19.740  -10.570  40.732 0.3000000119
42470  21.961  -9.423  41.971 0.5000000000
43380  22.356  -8.661  42.317 0.5000000000
38780  19.706  -13.625  37.339 0.2000000030
44309  22.695  -7.855  42.804 0.5000000000
39845  20.124  -12.184  37.317 0.2000000030
44315  22.842  -7.780  41.131 0.4000000060
44298  24.095  -6.836  42.710 0.5000000000
111385  29.386  -6.406  51.590 0.6999999881
45331  28.889  -6.197  50.543 0.6999999881
45345  27.762  -6.233  50.149 0.6999999881
118699  27.576  -6.443  50.909 0.8000000119
45332  26.951  -6.494  50.620 0.6999999881
103932  25.204  -7.218  49.725 0.6999999881
45346  26.696  -6.461  49.767 0.6999999881
43299  23.873  -8.193  49.450 0.6999999881
43300  23.169  -8.694  49.673 0.6999999881
44223  25.276  -7.087  48.899 0.6999999881
103964  24.583  -7.601  49.191 0.6999999881
115041  23.282  -8.669  48.921 0.6999999881
119856  22.675  -9.085  49.191 0.6999999881
43314  22.616  -9.193  48.500 0.6999999881
42391  21.944  -9.708  48.038 0.6999999881
42403  21.302  -9.994  47.469 0.6999999881
42417  20.942  -10.104  46.922 0.6999999881
40688  17.683  -11.608  41.133 0.3000000119
42455  19.354  -9.505  43.528 0.6000000238
41582  19.030  -10.992  40.419 0.3000000119
41573  18.262  -10.748  41.040 0.3000000119
42464  18.759  -9.611  42.638 0.4000000060
41579  20.965  -10.246  41.193 0.4000000060
41571  20.178  -10.271  41.445 0.3000000119
41572  19.133  -10.374  41.191 0.4000000060
41562  18.258  -10.014  41.818 0.4000000060
114664  25.371  -6.147  44.234 0.6000000238
42463  21.404  -9.879  42.493 0.4000000060
41561  19.439  -9.982  42.022 0.4000000060
45409  24.646  -6.496  44.011 0.6000000238
44299  23.354  -7.293  43.373 0.6000000238
117330  24.110  -6.758  43.470 0.6000000238
42482  21.954  -9.151  39.735 0.4000000060
43390  22.316  -8.538  40.233 0.4000000060
43395  22.310  -8.372  39.373 0.4000000060
45330  29.854  -6.125  50.802 0.6999999881
45342  30.270  -5.840  49.968 0.8999999762
46452  31.127  -5.747  49.943 0.8999999762
45344  28.583  -5.928  49.632 0.6999999881
46466  29.808  -5.741  49.096 0.8999999762
104054  27.924  -5.976  49.249 0.6999999881
103631  27.174  -6.162  49.172 0.6999999881
45360  25.896  -6.592  48.612 0.6999999881
115296  24.705  -7.317  48.502 0.6999999881
44233  23.971  -7.893  48.520 0.6999999881
45356  29.094  -5.787  49.138 0.8000000119
45358  27.664  -5.914  48.437 0.6999999881
45359  26.654  -6.194  48.334 0.6999999881
105204  25.958  -6.390  47.951 0.6999999881
44232  24.429  -7.190  47.812 0.6999999881
43313  23.243  -8.550  48.068 0.6999999881
43329  22.580  -9.179  47.648 0.6999999881
45373  28.405  -5.783  48.114 0.8000000119
45375  26.346  -6.048  47.383 0.6999999881
42402  21.960  -9.733  47.201 0.6999999881
42416  21.365  -9.942  46.693 0.6999999881
106042  21.070  -10.021  46.089 0.6999999881
42426  20.882  -9.913  45.374 0.6999999881
42440  20.664  -9.820  44.632 0.6000000238
42441  19.873  -9.606  44.424 0.6000000238
46500  26.881  -5.692  46.191 0.6999999881
45397  26.104  -5.839  45.910 0.6999999881
42454  20.309  -9.821  43.854 0.5000000000
46511  26.752  -5.656  45.389 0.6999999881
106868  24.929  -6.244  44.862 0.6999999881
45408  25.842  -5.844  44.921 0.6999999881
44271  24.142  -6.665  44.831 0.6000000238
44286  22.635  -8.109  43.715 0.6000000238
43375  22.365  -8.794  43.215 0.6000000238
42462  21.954  -9.449  42.838 0.6000000238
41553  19.882  -9.814  42.959 0.4000000060
44322  22.655  -7.974  40.601 0.4000000060
44314  23.431  -7.329  41.431 0.4000000060
45421  24.786  -6.541  43.080 0.5000000000
44321  23.356  -7.411  40.530 0.4000000060
103838  22.800  -7.824  39.882 0.4000000060
45329  30.831  -5.979  51.048 0.8000000119
106018  31.578  -5.663  51.669 0.8000000119
46464  31.431  -5.570  49.149 0.8000000119
46463  32.074  -5.325  48.762 0.6999999881
46465  30.670  -5.682  49.092 0.8000000119
46477  31.245  -5.443  48.262 0.8000000119
100237  30.224  -5.611  48.244 0.8000000119
46478  29.211  -5.730  48.316 0.8000000119
45377  24.933  -6.604  47.214 0.6999999881
44245  23.689  -7.703  47.558 0.6999999881
43328  23.071  -8.359  47.184 0.6999999881
45376  25.614  -6.362  47.443 0.6999999881
45361  25.258  -6.798  48.058 0.6999999881
100236  29.693  -5.617  47.425 0.8000000119
45374  27.869  -5.807  47.556 0.6999999881
45387  26.399  -5.849  46.616 0.6999999881
42424  22.492  -9.074  45.969 0.6999999881
42415  22.043  -9.643  46.481 0.6999999881
46499  29.125  -5.666  46.683 0.8000000119
114230  27.425  -5.702  46.424 0.6999999881
45399  24.445  -6.512  45.551 0.6999999881
108866  21.748  -9.708  45.772 0.6999999881
42425  21.203  -9.861  45.150 0.6999999881
41530  20.978  -9.919  44.576 0.6999999881
46510  27.613  -5.639  45.865 0.6999999881
45398  25.261  -6.145  45.700 0.6999999881
46509  28.581  -5.646  45.990 0.6999999881
44284  23.728  -6.920  44.173 0.6000000238
44285  22.977  -7.611  44.374 0.6000000238
41570  20.895  -10.119  42.054 0.4000000060
41560  20.416  -10.040  42.462 0.5000000000
102865  27.503  -5.553  44.971 0.6999999881
46524  26.742  -5.677  44.464 0.6999999881
41552  20.664  -9.950  43.393 0.5000000000
45419  26.040  -5.905  43.935 0.6000000238
44307  24.110  -6.865  41.805 0.4000000060
43405  22.296  -8.235  38.503 0.4000000060
44313  24.103  -6.940  40.911 0.4000000060
44336  23.626  -7.285  39.545 0.4000000060
44320  24.050  -6.982  40.182 0.4000000060
44335  24.395  -6.898  39.651 0.4000000060
110807  32.026  -5.462  49.834 0.8000000119
46450  32.182  -5.338  50.985 0.6999999881
46435  32.139  -5.179  52.051 0.6000000238
47539  32.681  -4.893  48.385 0.6999999881
44244  24.142  -6.986  46.962 0.6999999881
46476  32.046  -5.073  47.934 0.6999999881
45388  25.603  -6.133  46.657 0.6999999881
45389  24.698  -6.497  46.360 0.6999999881
44258  23.893  -6.827  46.147 0.6999999881
44259  23.472  -7.527  46.662 0.6999999881
44272  23.327  -7.402  45.816 0.6999999881
46489  30.697  -5.390  47.334 0.8000000119
43352  22.760  -8.086  45.334 0.6999999881
115025  23.799  -6.852  45.467 0.6000000238
118796  22.377  -9.087  45.248 0.6999999881
42438  21.943  -9.513  44.658 0.6000000238
42439  21.299  -9.844  44.229 0.6999999881
46498  30.062  -5.482  46.620 0.8000000119
105420  23.386  -7.183  45.001 0.6000000238
116178  20.830  -9.905  44.088 0.5000000000
109961  22.321  -8.965  43.972 0.6000000238
42453  21.370  -9.862  43.362 0.6000000238
41551  21.008  -9.991  43.811 0.6000000238
101330  28.952  -5.520  45.296 0.8000000119
114603  28.174  -5.567  45.368 0.6999999881
46542  26.884  -5.763  43.495 0.6000000238
46523  27.620  -5.528  44.059 0.6999999881
45448  24.884  -6.648  41.251 0.5000000000
45461  24.849  -6.724  40.256 0.4000000060
45420  25.428  -6.259  43.485 0.6000000238
45434  25.541  -6.359  42.621 0.6000000238
45435  24.853  -6.574  42.188 0.5000000000
117021  32.754  -5.092  49.226 0.6999999881
47524  32.789  -5.041  50.261 0.6999999881
47490  32.941  -4.191  51.558 0.6000000238
47523  33.240  -4.598  49.551 0.6999999881
47507  33.166  -4.407  50.591 0.6999999881
119216  33.144  -4.669  48.780 0.6999999881
47551  32.604  -4.632  47.658 0.6999999881
46488  31.473  -5.166  47.499 0.6999999881
47550  33.111  -4.081  47.442 0.6999999881
47552  31.965  -4.844  47.216 0.8000000119
103906  32.448  -4.439  46.927 0.8000000119
46497  30.737  -5.243  46.547 0.8000000119
47564  31.770  -4.692  46.514 0.8000000119
43365  22.509  -8.567  44.548 0.6000000238
47565  31.127  -4.960  46.147 0.8000000119
47579  30.928  -4.912  45.372 0.8000000119
46508  29.502  -5.552  45.960 0.8000000119
115125  29.733  -5.424  45.296 0.8000000119
46507  30.302  -5.200  44.913 0.8000000119
42452  21.900  -9.518  43.711 0.6000000238
46521  29.373  -5.371  44.460 0.8000000119
46539  29.404  -5.300  43.477 0.8000000119
46522  28.339  -5.494  44.642 0.6999999881
46562  29.344  -5.296  42.652 0.8000000119
46563  28.595  -5.516  42.366 0.8000000119
46585  29.216  -5.323  41.844 0.6999999881
46541  27.890  -5.598  43.042 0.6999999881
46564  27.898  -5.743  42.169 0.6999999881
42554  22.473  -9.599  32.560 0.1000000015
42561  22.648  -9.858  31.729 0.1000000015
41679  22.739  -10.978  30.685 0.1000000015
39928  23.948  -12.249  29.416 0.1000000015
48552  34.045  -3.353  49.142 0.8000000119
49584  34.431  -2.542  49.400 0.6000000238
48553  33.597  -3.924  49.811 0.6999999881
48534  33.446  -3.735  50.803 0.6999999881
48570  33.575  -4.103  48.788 0.6999999881
48533  33.917  -3.173  50.045 0.6999999881
112137  33.521  -3.954  48.052 0.6999999881
48588  33.601  -3.475  47.699 0.6999999881
47563  32.174  -4.283  46.185 0.8000000119
47578  31.526  -4.590  45.769 0.8000000119
47594  31.300  -4.552  44.944 0.8000000119
47616  31.086  -4.609  43.986 0.8000000119
46520  30.314  -5.108  43.945 0.8000000119
47636  30.544  -4.692  42.601 0.8000000119
47665  29.563  -4.802  40.615 0.6999999881
47618  30.074  -5.051  43.019 0.8000000119
47651  29.747  -4.940  41.418 0.6999999881
46601  29.095  -5.297  41.003 0.6000000238
47666  28.980  -5.208  40.195 0.6000000238
46634  28.161  -5.415  39.039 0.5000000000
46602  28.446  -5.621  40.583 0.5000000000
46603  27.813  -5.950  40.203 0.5000000000
46618  27.703  -5.897  39.435 0.5000000000
45484  27.090  -6.174  38.356 0.5000000000
46587  27.519  -5.969  41.536 0.6000000238
100717  27.874  -5.878  40.891 0.5000000000
45458  27.165  -6.244  39.823 0.5000000000
46565  27.030  -5.939  42.439 0.6000000238
45445  27.157  -6.210  40.736 0.6000000238
45495  25.955  -6.654  38.026 0.5000000000
45507  25.714  -6.618  36.481 0.5000000000
45433  26.181  -6.077  43.039 0.6000000238
101948  26.246  -6.240  42.270 0.5000000000
102762  26.361  -6.378  40.968 0.5000000000
45459  26.460  -6.417  40.219 0.5000000000
108380  25.025  -6.896  35.884 0.5000000000
45515  24.755  -7.069  35.182 0.4000000060
45475  25.069  -6.731  39.336 0.5000000000
118733  24.061  -7.214  37.003 0.5000000000
44389  24.195  -7.385  34.829 0.5000000000
44398  24.362  -7.422  34.035 0.3000000119
44399  23.822  -7.842  33.528 0.1000000015
43470  23.440  -8.487  32.280 0.1000000015
43450  23.142  -8.298  33.860 0.3000000119
43463  22.815  -8.861  32.775 0.1000000015
42560  23.144  -9.367  31.191 0.1000000015
41678  23.205  -10.391  30.162 0.1000000015
105905  23.216  -11.235  29.979 0.1000000015
40825  23.782  -11.461  29.398 0.1000000015
49596  34.394  -2.663  48.647 0.6999999881
49573  33.728  -3.061  50.913 0.5000000000
50532  34.670  -2.054  48.300 0.6999999881
48587  34.142  -2.713  47.903 0.6000000238
48603  33.292  -3.483  47.044 0.6999999881
48621  32.498  -3.775  45.841 0.8000000119
48604  32.802  -3.942  46.627 0.8000000119
48637  32.235  -3.601  44.961 0.8000000119
48638  31.650  -4.107  44.495 0.8000000119
48622  31.875  -4.170  45.391 0.8000000119
48680  30.944  -4.177  42.226 0.8000000119
48658  31.070  -4.406  43.048 0.8000000119
48706  30.107  -4.327  41.059 0.8000000119
47681  29.382  -4.601  39.813 0.6999999881
47682  28.814  -5.043  39.407 0.5000000000
47701  27.948  -5.217  38.227 0.5000000000
46647  27.367  -5.787  37.776 0.5000000000
46648  26.945  -6.024  37.192 0.5000000000
45506  26.260  -6.224  36.126 0.5000000000
115682  25.688  -6.509  35.773 0.5000000000
45446  26.695  -6.242  41.595 0.5000000000
45460  25.682  -6.527  40.684 0.4000000060
45514  25.381  -6.632  35.086 0.5000000000
45447  25.756  -6.436  41.654 0.5000000000
45521  25.406  -6.500  34.262 0.3000000119
44410  24.534  -7.342  33.191 0.1000000015
44411  24.009  -7.821  32.601 0.1000000015
44423  23.936  -8.045  31.695 0.1000000015
42570  23.350  -9.599  30.389 0.1000000015
39927  24.724  -12.489  29.181 0.1000000015
106957  35.424  -1.027  48.840 0.5000000000
49583  34.901  -1.745  48.895 0.5000000000
49604  33.679  -2.984  47.362 0.6000000238
50540  34.628  -1.861  47.704 0.6999999881
49613  34.029  -2.317  47.227 0.6000000238
49614  33.507  -2.800  46.734 0.8000000119
49626  32.796  -3.079  45.426 0.8000000119
48620  33.041  -3.329  46.282 0.8000000119
48656  32.038  -3.400  44.045 0.8000000119
48657  31.528  -3.950  43.563 0.8000000119
48679  31.422  -3.699  42.670 0.8000000119
48705  30.678  -3.869  41.470 0.8000000119
49658  31.011  -3.110  41.083 0.8000000119
108700  30.412  -3.572  40.694 0.8000000119
48728  29.880  -4.075  40.262 0.8000000119
48727  30.150  -3.260  39.910 0.8000000119
47699  29.193  -4.334  38.992 0.6999999881
108232  28.366  -4.490  37.803 0.5000000000
47718  27.802  -4.971  37.356 0.5000000000
46680  27.166  -5.306  36.219 0.5000000000
46682  26.041  -6.138  35.323 0.5000000000
46694  26.317  -5.548  34.673 0.3000000119
45530  25.000  -6.907  33.725 0.1000000015
45529  25.191  -6.525  32.679 0.1000000015
118908  24.645  -7.226  32.456 0.1000000015
45537  24.913  -6.765  31.858 0.1000000015
51366  36.152  -0.028  48.774 0.5000000000
51367  35.797  -0.556  49.058 0.5000000000
50531  35.152  -1.234  48.279 0.8000000119
50539  35.060  -1.067  47.407 0.8000000119
50548  34.505  -1.571  46.902 0.8000000119
49624  33.832  -1.973  46.414 0.8000000119
50555  33.726  -1.736  45.442 0.8000000119
49631  33.167  -2.289  44.956 0.8000000119
49632  32.586  -2.831  44.505 0.8000000119
49640  31.930  -3.178  43.120 0.8000000119
49647  32.367  -2.419  42.675 0.8000000119
49648  31.798  -2.925  42.261 0.8000000119
49657  31.620  -2.656  41.451 0.8000000119
48704  31.260  -3.425  41.855 0.8000000119
49682  30.544  -2.592  39.518 0.8000000119
49683  30.016  -2.964  39.061 0.8000000119
106989  29.502  -3.470  38.565 0.6999999881
48761  29.208  -3.414  37.869 0.5000000000
47717  28.219  -4.191  36.973 0.4000000060
47737  28.174  -3.987  36.260 0.4000000060
47754  27.292  -4.827  35.632 0.4000000060
48812  27.713  -3.828  34.704 0.3000000119
110610  27.388  -4.385  35.040 0.3000000119
104378  26.617  -4.883  34.115 0.2000000030
107929  25.721  -5.697  32.968 0.2000000030
45547  25.125  -6.359  31.131 0.1000000015
117491  36.489  0.470  49.003 0.5000000000
51372  35.744  -0.553  48.563 0.6999999881
51378  36.225  -0.007  48.218 0.6000000238
51379  35.712  -0.573  47.870 0.6999999881
51386  35.003  -0.921  46.415 0.8000000119
103304  34.385  -1.293  45.937 0.8000000119
49638  33.007  -2.054  44.022 0.8000000119
50576  32.910  -1.782  42.184 0.6999999881
50584  32.058  -1.963  41.000 0.8000000119
49669  31.420  -2.385  40.647 0.8000000119
49681  31.198  -2.149  39.833 0.8000000119
120201  30.423  -2.498  38.988 0.6999999881
114220  30.298  -2.463  38.398 0.6999999881
49708  30.317  -2.267  37.491 0.6000000238
48773  29.184  -3.005  37.236 0.4000000060
110256  29.771  -2.560  37.118 0.6000000238
48786  28.651  -3.361  36.557 0.4000000060
49733  28.823  -2.852  35.672 0.4000000060
104647  28.352  -3.527  35.841 0.4000000060
48800  28.259  -3.363  35.151 0.4000000060
47765  27.168  -4.319  34.332 0.3000000119
48820  27.841  -3.222  33.437 0.3000000119
48832  26.824  -3.880  32.341 0.3000000119
106014  37.220  1.585  48.880 0.5000000000
52190  36.835  1.010  48.965 0.6000000238
52210  36.873  0.628  47.857 0.6000000238
51384  36.250  0.015  47.403 0.8000000119
51385  35.633  -0.497  46.919 0.8999999762
51392  35.485  -0.363  45.879 0.8000000119
51393  34.899  -0.759  45.399 0.8000000119
50560  34.196  -0.988  44.020 0.8000000119
50567  33.588  -1.441  43.549 0.8000000119
50575  33.530  -1.334  42.641 0.8000000119
50583  32.730  -1.594  41.327 0.8000000119
50595  32.548  -1.467  40.517 0.6999999881
50607  32.459  -1.344  39.714 0.6999999881
50608  31.771  -1.677  39.325 0.6999999881
50622  32.353  -1.246  38.867 0.6999999881
49699  30.932  -1.862  37.971 0.6999999881
50630  31.637  -1.502  37.522 0.6999999881
50631  30.980  -1.813  37.042 0.6999999881
49717  30.264  -2.153  36.572 0.6000000238
118590  29.921  -2.243  36.073 0.5000000000
49732  29.651  -2.353  35.539 0.5000000000
120488  29.195  -2.582  35.190 0.4000000060
49744  29.539  -2.368  34.668 0.3000000119
49745  28.772  -2.803  34.839 0.3000000119
102838  28.899  -2.627  34.064 0.3000000119
49765  28.584  -2.660  32.631 0.3000000119
49777  28.089  -2.856  31.934 0.3000000119
52199  37.048  1.135  48.453 0.6000000238
53121  37.429  1.658  48.457 0.6000000238
106416  36.788  0.564  46.821 0.8000000119
52237  35.945  0.195  45.375 0.6999999881
52223  36.591  0.624  45.809 0.8000000119
51400  35.320  -0.215  44.928 0.8000000119
50566  34.154  -0.940  43.123 0.8000000119
51410  35.242  -0.144  44.039 0.8000000119
51411  34.715  -0.543  43.591 0.8000000119
51423  34.060  -0.822  42.283 0.6999999881
50582  33.433  -1.122  41.678 0.8000000119
50594  33.137  -1.096  40.790 0.6999999881
50606  32.940  -1.059  40.109 0.6999999881
50641  31.719  -1.508  36.608 0.6999999881
50642  31.059  -1.758  36.149 0.6999999881
50653  31.886  -1.511  35.671 0.6000000238
50654  31.085  -1.726  35.286 0.5000000000
49731  30.322  -1.984  34.969 0.3000000119
50670  31.002  -1.727  34.437 0.3000000119
49743  30.261  -2.033  34.133 0.3000000119
112593  29.611  -2.326  33.893 0.3000000119
48860  37.273  -2.913  30.980 0.3000000119
50679  30.887  -1.788  33.586 0.3000000119
112560  35.780  -1.227  29.655 0.2000000030
49764  29.376  -2.398  32.520 0.2000000030
53120  37.831  2.037  48.167 0.6999999881
52209  37.349  1.193  47.204 0.8000000119
52249  35.812  0.265  44.469 0.8000000119
52262  35.718  0.300  43.636 0.8000000119
109023  35.629  0.331  42.917 0.6999999881
52276  35.192  0.035  42.292 0.6999999881
51421  35.173  -0.072  43.210 0.8000000119
51422  34.643  -0.464  42.738 0.8000000119
52277  34.547  -0.411  41.900 0.6999999881
51432  34.351  -0.396  41.118 0.6999999881
118784  33.801  -0.435  39.708 0.6999999881
51464  33.342  -0.577  38.295 0.6999999881
51465  32.772  -0.892  38.427 0.6999999881
51474  32.838  -0.857  37.656 0.6999999881
50629  32.257  -1.188  38.001 0.6999999881
51482  32.940  -0.860  36.710 0.6999999881
51493  32.802  -1.008  35.751 0.5000000000
50668  32.447  -1.235  35.093 0.4000000060
50669  31.756  -1.503  34.761 0.5000000000
50678  31.588  -1.468  33.897 0.5000000000
46673  43.637  -5.291  35.736 0.1000000015
110249  38.068  -3.201  31.109 0.2000000030
49791  36.886  -2.379  30.578 0.3000000119
46703  41.250  -5.329  33.298 0.1000000015
47787  40.411  -4.906  32.237 0.1000000015
47800  39.105  -4.239  31.574 0.1000000015
49790  37.537  -2.266  30.475 0.3000000119
50732  36.554  -1.388  29.855 0.3000000119
114714  35.104  -0.572  29.419 0.4000000060
51545  33.839  0.183  30.073 0.3000000119
51563  32.878  -1.077  29.776 0.2000000030
50701  30.734  -1.894  31.862 0.2000000030
50733  34.030  -1.478  29.510 0.2000000030
50700  31.329  -1.544  31.515 0.2000000030
54093  38.656  3.307  47.922 0.6999999881
53144  37.837  1.922  47.466 0.6999999881
53145  37.178  1.139  46.206 0.8000000119
53160  37.040  1.125  45.257 0.8000000119
53175  36.914  1.142  44.376 0.8000000119
52261  36.178  0.707  43.162 0.6000000238
52275  35.917  0.665  42.244 0.6999999881
53206  36.606  1.215  42.640 0.6999999881
108976  35.453  0.339  41.624 0.6999999881
52300  34.725  -0.081  40.578 0.6999999881
52311  34.420  -0.092  39.722 0.6999999881
51454  33.948  -0.280  38.963 0.6999999881
48755  47.368  -2.683  38.475 0.1000000015
111102  34.562  0.159  38.544 0.6999999881
51473  33.417  -0.530  37.430 0.6999999881
48771  46.092  -3.933  38.123 0.1000000015
52334  33.934  -0.155  37.166 0.6999999881
52346  34.390  0.383  36.770 0.6999999881
52347  33.807  -0.052  36.369 0.6000000238
51481  33.287  -0.520  36.087 0.6000000238
47710  45.533  -4.433  37.469 0.1000000015
47732  44.906  -4.808  36.741 0.1000000015
53281  34.920  1.002  36.326 0.6999999881
52363  33.609  -0.023  35.462 0.6000000238
51506  32.788  -0.847  34.505 0.5000000000
46658  44.231  -5.153  36.256 0.1000000015
52395  34.113  0.926  34.117 0.6000000238
52377  34.170  0.716  35.019 0.5000000000
51505  33.143  -0.260  34.047 0.4000000060
50677  32.242  -1.159  34.220 0.4000000060
47750  43.683  -5.022  34.970 0.1000000015
53326  34.655  1.550  33.680 0.5000000000
52409  33.613  0.675  32.776 0.4000000060
51518  33.053  0.057  33.045 0.4000000060
51519  32.627  -0.680  33.668 0.4000000060
50689  31.418  -1.499  33.035 0.2000000030
105475  42.973  -5.433  35.277 0.1000000015
119091  35.476  2.020  31.690 0.5000000000
52419  34.223  1.100  31.336 0.5000000000
51526  32.984  0.189  31.908 0.4000000060
51527  32.461  -0.531  32.658 0.2000000030
50699  31.804  -1.108  32.252 0.2000000030
46701  42.681  -4.968  33.612 0.1000000015
47786  41.384  -4.835  32.440 0.1000000015
48858  39.499  -3.170  30.562 0.2000000030
110938  38.346  -2.239  30.280 0.2000000030
50731  37.195  -0.945  29.736 0.3000000119
53397  35.748  0.838  29.685 0.4000000060
51546  32.566  -0.709  30.505 0.2000000030
47774  42.120  -4.938  33.089 0.1000000015
47798  40.978  -4.463  31.673 0.1000000015
48841  39.764  -3.873  30.977 0.1000000015
49789  39.225  -2.405  30.214 0.2000000030
50712  37.854  -1.590  30.010 0.3000000119
51559  37.554  -0.016  29.509 0.5000000000
106711  31.909  -1.097  31.097 0.2000000030
48840  40.667  -3.998  31.044 0.1000000015
48857  40.389  -3.363  30.584 0.1000000015
49788  40.114  -2.606  30.259 0.2000000030
50711  38.895  -1.511  29.825 0.2000000030
50730  38.188  -0.719  29.682 0.4000000060
48856  41.254  -3.446  30.690 0.1000000015
56297  44.881  5.864  30.563 0.4000000060
54117  38.311  2.582  46.764 0.6999999881
54118  37.955  2.212  45.971 0.8000000119
54116  38.802  3.342  47.244 0.6999999881
55165  38.971  3.378  46.380 0.6999999881
54131  38.466  2.754  45.763 0.8000000119
53174  37.444  1.666  44.772 0.8000000119
53191  36.761  1.184  43.526 0.6999999881
53190  37.159  1.789  43.044 0.6999999881
103099  36.500  1.266  41.721 0.6999999881
52287  35.328  0.329  40.887 0.6999999881
53222  36.444  1.313  40.812 0.6000000238
52299  35.141  0.310  40.043 0.6999999881
53248  36.189  1.624  38.989 0.6999999881
53234  36.330  1.415  39.901 0.6999999881
117608  34.894  0.262  39.268 0.6999999881
49707  47.899  -2.035  38.148 0.1000000015
53259  36.127  1.820  38.092 0.8000000119
53260  35.631  1.167  38.485 0.6999999881
48770  46.775  -3.449  37.829 0.1000000015
54213  36.636  2.411  37.692 0.8000000119
54214  36.078  1.996  37.208 0.8000000119
53270  35.581  1.350  37.615 0.6999999881
52320  35.104  0.704  38.023 0.6999999881
114279  33.474  -0.449  36.760 0.6999999881
49715  48.320  -1.876  36.560 0.1000000015
104012  37.104  2.856  37.355 0.8000000119
54225  36.673  2.554  36.872 0.8000000119
103855  35.523  1.489  36.736 0.6999999881
54236  35.858  1.996  35.488 0.6999999881
53280  35.444  1.577  35.885 0.6999999881
105759  45.090  -4.593  35.931 0.1000000015
118281  44.667  -4.868  36.100 0.1000000015
108745  36.232  2.382  34.016 0.6000000238
53307  35.388  1.996  34.111 0.6000000238
47749  44.385  -4.861  35.518 0.1000000015
54280  36.708  2.550  33.206 0.5000000000
53341  35.436  2.122  32.396 0.5000000000
47773  43.364  -4.678  33.648 0.1000000015
47784  43.697  -4.211  33.066 0.1000000015
48829  43.232  -3.962  32.429 0.1000000015
54317  37.454  2.414  31.739 0.5000000000
54318  36.039  2.286  31.695 0.5000000000
47785  42.375  -4.346  32.285 0.1000000015
48830  42.241  -3.879  31.517 0.1000000015
48855  42.048  -3.434  30.903 0.1000000015
53378  37.853  1.630  30.107 0.5000000000
53379  36.618  1.649  30.308 0.5000000000
48839  41.504  -3.962  31.232 0.1000000015
49802  40.701  -1.983  29.981 0.1000000015
52446  39.174  0.546  29.749 0.4000000060
53395  37.440  1.187  29.664 0.5000000000
49787  41.006  -2.751  30.300 0.1000000015
49803  39.830  -1.831  29.943 0.3000000119
52447  38.394  0.241  29.567 0.4000000060
102802  37.755  0.722  29.496 0.5000000000
55366  45.220  4.981  30.095 0.3000000119
55177  39.066  3.343  45.400 0.8000000119
54142  38.450  2.760  44.820 0.8000000119
54155  38.349  2.818  43.918 0.8000000119
55176  39.714  4.005  45.998 0.6999999881
55191  38.984  3.323  44.428 0.8000000119
54168  37.641  2.367  42.528 0.8000000119
53221  37.035  1.822  41.215 0.6999999881
55190  39.713  3.839  44.985 0.8000000119
55203  39.626  3.787  44.025 0.8000000119
54167  38.256  2.874  42.992 0.8000000119
54180  37.582  2.385  41.611 0.6999999881
54187  37.502  2.455  40.724 0.8000000119
54188  36.964  1.887  40.323 0.6999999881
52310  35.155  0.593  38.755 0.6999999881
54196  36.821  2.065  39.433 0.6999999881
54203  36.700  2.259  38.544 0.8000000119
49716  47.819  -2.373  37.064 0.1000000015
54235  36.438  2.366  35.424 0.6999999881
47709  46.239  -4.030  37.228 0.1000000015
47731  45.672  -4.376  36.597 0.1000000015
47760  44.320  -4.661  34.744 0.1000000015
100654  43.828  -4.704  34.236 0.1000000015
116352  42.836  -3.768  31.852 0.1000000015
119613  42.482  -2.940  30.643 0.1000000015
105840  41.847  -2.870  30.409 0.1000000015
50727  41.174  -1.276  29.787 0.1000000015
55353  44.390  4.725  30.991 0.4000000060
57213  44.400  6.203  30.765 0.4000000060
57221  45.318  6.583  30.039 0.3000000119
55189  40.316  4.459  45.417 0.6999999881
55204  38.893  3.345  43.484 0.8000000119
55202  40.338  4.325  44.553 0.8000000119
55214  38.807  3.387  42.510 0.8000000119
55223  38.724  3.461  41.508 0.8000000119
54276  40.484  2.037  33.305 0.6000000238
54297  39.577  2.220  32.720 0.6000000238
56134  40.286  4.259  43.609 0.8000000119
55222  39.406  3.913  41.971 0.8000000119
55234  37.991  3.069  40.205 0.8000000119
100976  40.378  2.359  33.980 0.6999999881
55232  39.316  3.984  40.935 0.8000000119
55244  38.557  3.586  39.644 0.8999999762
55245  37.903  3.155  39.302 0.8000000119
54195  37.412  2.554  39.831 0.8000000119
55243  39.226  4.006  39.983 0.8999999762
55256  39.140  4.055  39.077 0.8999999762
55257  38.467  3.625  38.748 0.8999999762
53339  40.645  1.655  32.401 0.6000000238
106987  39.167  3.800  37.213 0.8999999762
55273  38.420  3.584  37.837 0.8000000119
55274  37.698  3.262  37.457 0.8000000119
53340  39.732  1.766  31.772 0.6000000238
48769  47.368  -2.944  37.480 0.1000000015
55286  38.862  3.569  36.342 0.8000000119
119336  37.836  3.362  36.843 0.8000000119
105145  37.454  3.047  35.931 0.6999999881
47730  46.294  -3.957  36.391 0.1000000015
47748  45.742  -4.177  35.715 0.1000000015
54315  39.012  1.911  30.993 0.5000000000
53376  39.479  1.378  30.432 0.5000000000
53355  40.511  1.422  31.405 0.6000000238
49729  48.018  -2.081  35.230 0.1000000015
50667  48.032  -1.854  34.287 0.1000000015
106207  44.004  -4.389  33.647 0.1000000015
53374  41.277  1.223  30.776 0.6000000238
49741  47.513  -2.395  34.216 0.1000000015
120232  47.092  -2.453  33.588 0.1000000015
51556  41.643  -0.594  29.668 0.2000000030
53392  41.858  0.890  29.995 0.5000000000
50685  48.199  -1.229  32.986 0.1000000015
50687  46.700  -1.797  32.286 0.1000000015
50696  46.407  -1.407  31.669 0.1000000015
50697  45.699  -1.675  31.437 0.1000000015
50698  44.961  -2.012  31.282 0.1000000015
50710  43.277  -1.887  30.150 0.1000000015
52444  42.273  0.104  29.619 0.2000000030
50708  45.931  -0.946  31.109 0.1000000015
103807  45.172  -1.308  30.794 0.1000000015
51544  44.585  -0.757  30.173 0.1000000015
50724  43.704  -1.018  29.897 0.2000000030
51554  43.078  -0.436  29.569 0.2000000030
53391  42.626  1.445  29.946 0.3000000119
53390  43.306  1.432  29.637 0.2000000030
54350  43.192  1.986  29.845 0.3000000119
57222  44.446  6.519  30.399 0.3000000119
117716  43.760  6.274  30.726 0.3000000119
57223  43.115  5.858  30.396 0.4000000060
57233  42.363  5.285  29.816 0.4000000060
56126  40.950  4.865  44.976 0.8000000119
107579  41.046  4.719  44.162 0.6999999881
56143  41.128  4.603  43.153 0.6999999881
56156  40.183  4.360  41.385 0.8000000119
56168  40.740  4.558  40.545 0.8999999762
55283  41.746  2.918  36.747 0.8000000119
54222  41.644  2.520  35.939 0.8000000119
54249  40.766  2.431  34.688 0.8000000119
56169  39.928  4.369  40.314 0.8999999762
56180  40.543  4.499  39.712 0.8999999762
54223  40.793  2.785  35.522 0.8000000119
53325  41.386  1.630  33.188 0.6999999881
100464  39.110  3.935  38.185 0.8999999762
55284  40.771  3.241  36.353 0.8000000119
55294  40.135  3.240  35.805 0.8000000119
55312  37.765  2.927  34.832 0.6999999881
110034  39.805  2.764  34.404 0.6999999881
54277  39.689  2.520  33.625 0.6000000238
108932  46.764  -3.579  36.218 0.1000000015
48810  45.839  -3.824  34.883 0.1000000015
100521  38.996  2.610  33.313 0.5000000000
53338  41.526  1.559  32.496 0.6999999881
48783  47.269  -3.136  36.538 0.1000000015
48799  46.371  -3.721  35.589 0.1000000015
53354  41.345  1.466  31.740 0.6999999881
49730  47.644  -2.654  35.973 0.1000000015
49771  45.539  -2.310  31.863 0.1000000015
53373  42.081  1.536  31.163 0.6000000238
48808  47.292  -2.853  34.937 0.1000000015
49751  46.936  -2.187  32.951 0.1000000015
120611  42.151  1.324  30.451 0.4000000060
54332  42.868  1.914  30.447 0.4000000060
55354  44.201  3.540  31.458 0.3000000119
115392  44.423  4.347  32.127 0.5000000000
56284  44.244  5.406  31.506 0.5000000000
108723  43.990  6.172  31.158 0.4000000060
56125  41.613  5.207  44.579 0.6999999881
56133  41.824  4.997  43.869 0.6999999881
105116  41.673  4.667  42.384 0.8000000119
56189  42.153  4.120  39.011 0.8999999762
55254  43.022  3.579  38.836 0.8999999762
120195  43.158  3.108  38.212 0.8999999762
56155  41.177  4.596  41.422 0.8000000119
119463  41.744  3.682  38.037 0.8000000119
55270  41.920  3.348  37.529 0.8000000119
55282  42.469  2.699  37.094 0.8000000119
54232  41.469  2.263  35.239 0.8000000119
55271  41.064  3.570  37.200 0.8000000119
54248  41.755  1.816  34.654 0.8000000119
55272  39.725  4.021  37.746 0.8999999762
99847  41.148  1.850  33.966 0.6999999881
54275  42.192  1.550  33.888 0.6999999881
54233  39.984  2.948  35.178 0.6999999881
101364  43.182  1.741  34.256 0.6999999881
53324  42.212  1.590  32.927 0.6999999881
47771  45.340  -3.921  34.288 0.1000000015
54274  43.076  1.780  33.376 0.6999999881
53353  42.145  1.677  32.041 0.6999999881
48798  47.022  -3.299  35.632 0.1000000015
48809  46.577  -3.376  34.815 0.1000000015
48818  45.997  -3.398  33.987 0.1000000015
110473  43.827  2.380  32.876 0.6999999881
49742  46.833  -2.904  34.111 0.1000000015
100046  44.833  -2.638  31.784 0.1000000015
106261  43.685  2.549  31.872 0.6999999881
54314  42.859  1.991  31.435 0.6000000238
49752  46.464  -2.785  33.346 0.1000000015
49762  45.321  -2.872  32.370 0.1000000015
117205  44.676  -3.111  32.247 0.1000000015
54295  44.392  3.220  32.427 0.6999999881
57202  44.059  5.671  31.761 0.5000000000
57224  42.035  5.125  30.702 0.5000000000
114213  39.724  4.855  28.927 0.5000000000
56314  40.422  4.755  29.465 0.4000000060
100384  41.512  4.875  29.186 0.4000000060
56346  40.321  4.488  27.521 0.3000000119
56330  40.607  4.652  28.472 0.3000000119
57061  42.564  5.981  44.639 0.5000000000
56132  42.492  5.195  43.566 0.6000000238
56141  42.590  4.871  42.661 0.6000000238
56153  43.163  4.654  41.402 0.8000000119
56152  43.953  4.790  41.646 0.8999999762
112461  44.920  4.415  40.519 0.8999999762
56142  41.992  4.857  43.175 0.6000000238
100502  43.597  4.092  40.033 0.8999999762
56177  44.388  3.978  39.962 0.8999999762
55253  43.985  3.140  38.503 0.8999999762
117024  41.207  4.594  39.956 0.8999999762
56179  42.022  4.493  39.901 0.8999999762
103495  41.219  4.444  39.188 0.8999999762
54211  43.275  2.379  37.058 0.8000000119
116730  42.428  1.896  35.390 0.8000000119
116991  40.776  4.237  38.473 0.8999999762
56190  41.556  4.031  38.463 0.8999999762
56200  41.240  3.812  37.913 0.8000000119
54210  44.349  2.485  36.823 0.8999999762
110834  43.437  2.009  35.714 0.8000000119
99845  40.148  3.774  37.086 0.8000000119
55267  45.182  3.005  36.852 0.8999999762
54231  44.454  2.438  35.801 0.8000000119
54247  43.286  1.796  35.015 0.8000000119
55295  39.400  3.372  35.688 0.8000000119
55293  45.284  3.187  35.355 0.8000000119
118769  43.994  2.173  35.239 0.6999999881
55310  39.164  3.149  34.941 0.6000000238
54245  44.705  2.924  34.135 0.6999999881
54272  44.508  2.957  33.287 0.6999999881
55332  44.759  3.543  33.562 0.6999999881
49753  45.697  -3.146  33.073 0.1000000015
55345  44.638  3.892  32.942 0.6999999881
111316  44.275  4.938  32.631 0.6999999881
56285  42.639  5.200  32.091 0.6000000238
57203  43.606  5.524  31.951 0.6999999881
56286  41.783  4.957  31.638 0.6000000238
57214  43.017  5.630  31.283 0.6000000238
56315  39.694  4.904  29.785 0.5000000000
118871  39.183  5.096  28.513 0.5000000000
56347  39.399  4.806  27.089 0.4000000060
56331  39.621  4.787  28.068 0.4000000060
57999  42.540  6.905  44.982 0.4000000060
57069  42.863  5.660  43.965 0.6000000238
57079  43.097  5.335  43.202 0.6000000238
56140  43.442  4.955  42.351 0.8000000119
57096  45.346  4.915  40.959 0.8999999762
55240  45.175  4.119  39.631 0.8999999762
56188  45.405  3.913  38.822 0.8999999762
57119  46.766  5.877  38.785 0.8999999762
105354  44.660  2.897  37.607 0.8999999762
56187  46.020  4.170  37.947 0.8999999762
116177  46.105  4.225  36.921 0.8999999762
57133  46.504  5.605  37.518 0.8999999762
55280  45.717  3.624  36.432 0.8999999762
57149  46.227  4.901  36.846 0.8999999762
55292  45.680  3.719  35.683 0.8999999762
112415  45.665  4.133  35.468 0.8000000119
56240  45.291  3.983  34.645 0.6999999881
56241  44.793  4.380  34.404 0.6999999881
56258  44.933  3.892  34.062 0.6999999881
56259  44.321  4.650  33.863 0.6999999881
56271  44.009  5.004  33.222 0.6999999881
56270  44.574  4.347  33.373 0.6999999881
56272  43.062  5.131  32.842 0.6999999881
115164  43.919  5.302  32.506 0.6999999881
56274  40.713  4.750  32.029 0.8000000119
56287  40.116  4.766  31.270 0.6000000238
56298  40.926  4.719  31.037 0.6000000238
57235  38.917  5.939  29.373 0.5000000000
57225  39.213  5.441  29.986 0.6000000238
57234  39.204  5.251  29.194 0.5000000000
58193  38.783  6.720  25.991 0.4000000060
58175  38.615  6.145  26.387 0.5000000000
57252  38.598  5.759  27.703 0.5000000000
57242  38.949  5.196  27.816 0.4000000060
57095  46.028  5.307  40.394 0.8000000119
58049  46.916  6.592  39.146 0.8999999762
59013  46.932  7.301  38.667 1.0000000000
57132  46.783  5.954  38.053 0.8999999762
58071  46.700  6.472  37.972 1.0000000000
57134  46.002  5.632  37.057 1.0000000000
57150  45.607  5.027  36.477 0.8999999762
56211  44.299  4.943  35.507 0.8999999762
60038  40.977  8.340  32.892 1.0000000000
56220  44.423  4.715  34.809 0.6999999881
60975  41.095  9.326  31.666 0.8999999762
110627  41.027  8.824  32.294 0.8999999762
59069  40.512  7.439  32.965 0.8999999762
59053  41.135  6.986  34.042 0.8999999762
57185  41.278  5.450  34.062 0.8999999762
56242  43.871  4.772  34.336 0.6999999881
61893  41.453  10.052  31.368 0.8000000119
60054  40.527  8.502  31.686 0.8999999762
60045  40.479  8.025  32.307 0.8999999762
59062  40.701  6.925  33.531 0.8999999762
56260  43.158  4.871  33.753 0.6999999881
60982  40.825  9.390  30.879 0.8000000119
60976  40.522  8.838  31.149 0.8999999762
60046  40.062  7.826  31.748 0.8999999762
58118  40.272  6.199  33.076 0.8999999762
56261  42.028  4.827  33.351 0.8000000119
60983  40.233  8.820  30.518 0.8000000119
60055  39.936  8.194  31.070 0.8000000119
59070  39.893  7.027  32.289 0.8000000119
56262  41.089  4.803  32.959 0.8000000119
56273  41.755  4.881  32.552 0.8000000119
59090  39.326  7.686  29.931 0.6999999881
59077  39.542  7.280  31.421 0.6999999881
117272  39.795  5.927  32.412 0.8000000119
60076  39.078  8.023  28.690 0.6000000238
59084  39.104  7.031  30.067 0.6999999881
120419  39.198  5.939  31.212 0.6000000238
59091  38.994  7.359  29.279 0.6999999881
58143  39.011  6.229  30.111 0.6000000238
56300  39.615  5.002  30.617 0.6000000238
59098  38.686  7.221  28.365 0.6000000238
58154  38.745  6.537  28.850 0.5000000000
57243  38.777  5.686  28.500 0.5000000000
59120  38.555  6.898  26.673 0.5000000000
105129  38.457  6.273  27.199 0.5000000000
58990  46.551  7.481  40.215 0.6999999881
59982  46.676  8.758  38.662 0.6999999881
59022  46.793  7.269  38.262 0.8999999762
59990  46.103  8.221  37.815 1.0000000000
59024  45.645  7.304  37.718 1.0000000000
58074  44.145  6.585  37.167 1.0000000000
112944  43.475  6.731  36.756 1.0000000000
58086  43.733  6.021  36.569 1.0000000000
58087  43.014  5.867  36.012 1.0000000000
57165  43.128  5.329  35.580 1.0000000000
61892  41.853  10.725  31.180 0.8000000119
61886  41.732  10.189  32.035 0.8999999762
60960  41.449  9.146  32.911 0.8999999762
60028  41.107  7.841  33.570 1.0000000000
107899  41.478  7.736  34.207 1.0000000000
58110  41.334  6.171  34.420 1.0000000000
56222  42.330  5.247  35.038 1.0000000000
56243  42.739  4.859  34.424 0.8999999762
62808  42.296  11.275  30.975 0.8000000119
116948  41.662  5.556  34.629 1.0000000000
57184  41.852  5.030  34.342 0.8999999762
105821  42.183  4.825  33.938 0.8000000119
62818  42.186  10.974  30.006 0.6999999881
61899  41.671  10.515  30.279 0.6999999881
61900  41.222  9.963  30.560 0.6999999881
57194  41.486  4.946  33.689 0.8000000119
60989  40.572  9.395  30.076 0.8000000119
60990  39.913  8.843  29.734 0.6999999881
61907  41.628  10.442  29.394 0.6999999881
60996  40.302  9.402  29.115 0.6999999881
60997  39.909  9.094  28.409 0.6999999881
60075  39.610  8.736  28.936 0.6999999881
61007  40.001  9.071  27.557 0.6000000238
60082  39.451  8.537  28.145 0.6000000238
60083  38.908  7.816  27.858 0.6000000238
59106  38.506  7.062  27.510 0.5000000000
58163  38.512  6.409  28.023 0.5000000000
62789  43.072  13.326  32.902 0.6000000238
64671  43.142  14.949  33.528 0.6000000238
60914  46.315  9.213  37.960 0.8999999762
60001  44.703  8.879  36.881 0.8999999762
60915  45.665  9.037  37.428 0.8000000119
62790  42.895  12.679  32.984 0.8999999762
61885  42.476  11.137  32.754 0.8999999762
61870  42.521  10.274  33.541 0.8000000119
108113  42.821  10.214  34.013 0.8000000119
60950  42.804  9.491  34.466 0.8999999762
60015  43.304  8.914  35.566 0.8999999762
108850  43.476  7.945  36.579 1.0000000000
59991  45.018  8.143  37.546 0.8999999762
63744  43.252  13.710  32.793 0.6999999881
62800  42.683  11.776  32.019 0.8999999762
60026  42.325  8.816  34.411 1.0000000000
60016  42.728  8.682  35.058 1.0000000000
108559  42.476  7.886  35.353 1.0000000000
59042  42.663  7.257  35.828 1.0000000000
62799  42.960  12.332  31.863 0.6999999881
110170  42.236  10.987  32.048 0.8999999762
60966  42.135  10.096  33.019 0.8999999762
60959  41.893  9.309  33.430 1.0000000000
60027  41.753  8.552  33.955 1.0000000000
60017  41.993  8.037  34.740 1.0000000000
112895  42.509  6.409  35.681 1.0000000000
63743  43.666  13.867  32.513 0.6999999881
60967  41.640  9.726  32.421 0.8999999762
60037  41.400  8.647  33.351 1.0000000000
58097  41.892  6.132  35.116 1.0000000000
63760  43.337  12.621  31.601 0.6999999881
62807  42.758  11.682  30.708 0.8000000119
62806  43.336  11.974  30.412 0.6999999881
62817  42.747  11.341  29.712 0.6999999881
62830  42.192  10.865  29.135 0.6999999881
61916  41.712  10.462  28.657 0.6999999881
61917  41.035  9.983  28.662 0.6999999881
61915  42.236  10.726  28.309 0.8000000119
61005  41.548  10.260  27.812 0.6999999881
100784  40.376  9.492  28.289 0.6999999881
61925  42.357  10.538  27.462 0.6999999881
61006  40.773  9.722  27.712 0.6000000238
108368  41.319  9.592  26.456 0.6000000238
107631  39.412  8.320  27.369 0.6000000238
62735  44.817  12.922  35.828 0.4000000060
61862  43.289  10.653  34.483 0.6999999881
109033  43.658  10.294  35.125 0.6999999881
61851  44.220  10.516  35.629 0.6999999881
60927  45.345  9.762  36.873 0.6999999881
60926  46.054  10.612  37.179 0.6000000238
63733  42.719  14.583  33.800 0.4000000060
61878  42.830  11.539  33.328 0.8000000119
112257  43.099  11.668  33.858 0.6999999881
60939  43.237  9.548  35.055 0.6999999881
60938  43.765  9.567  35.641 0.8000000119
60928  44.448  9.670  36.279 0.8000000119
65560  43.446  15.676  33.273 0.3000000119
64670  43.867  15.219  33.009 0.3000000119
63759  44.048  12.910  31.388 0.5000000000
63773  43.971  12.158  30.084 0.6999999881
62829  42.787  11.207  28.827 0.6999999881
62846  42.933  10.983  28.011 0.8000000119
61934  42.586  10.328  26.621 0.6999999881
61952  42.859  10.075  25.814 0.6000000238
63705  43.262  14.433  34.909 0.3000000119
62777  43.092  13.234  33.508 0.6000000238
62747  44.058  13.036  35.089 0.4000000060
62776  43.103  13.161  33.753 0.6999999881
61869  43.346  12.499  34.242 0.6999999881
61861  43.844  11.600  34.886 0.5000000000
61860  44.571  11.679  35.600 0.5000000000
64672  42.571  14.890  33.528 0.3000000119
64710  44.288  14.166  32.356 0.5000000000
64709  45.193  13.895  32.047 0.5000000000
63758  45.868  13.289  31.323 0.5000000000
99792  44.803  12.680  30.798 0.6000000238
63772  45.347  12.445  30.089 0.6999999881
62816  43.385  11.577  29.439 0.6999999881
63784  45.773  12.129  29.317 0.6000000238
62815  44.075  11.735  29.217 0.6999999881
62828  43.495  11.406  28.583 0.6000000238
62826  45.156  11.630  28.386 0.6000000238
62844  44.542  11.297  27.637 0.6999999881
62843  45.439  11.357  27.456 0.6000000238
61924  43.148  10.733  27.205 0.6999999881
62859  45.893  11.235  26.868 0.6000000238
62876  45.888  10.875  26.162 0.6000000238
61931  45.032  10.755  26.124 0.6000000238
61932  44.243  10.591  26.256 0.6999999881
61933  43.404  10.484  26.401 0.6999999881
61951  43.723  10.203  25.622 0.6999999881
61968  44.967  10.031  24.944 0.5000000000
61025  44.161  9.780  24.863 0.6000000238
63734  42.527  14.442  33.865 0.5000000000
103911  44.715  15.129  32.421 0.4000000060
65571  44.152  16.077  32.898 0.2000000030
66347  43.871  16.382  32.373 0.3000000119
66346  44.476  16.147  32.189 0.3000000119
64688  45.778  15.026  32.188 0.4000000060
64708  46.409  14.400  32.164 0.4000000060
61949  45.406  10.436  25.445 0.6000000238
61948  46.263  10.487  25.383 0.4000000060
61966  46.663  10.109  24.746 0.4000000060
61967  45.772  9.943  24.737 0.4000000060
99536  48.524  14.806  31.488 0.4000000060
63755  48.573  14.010  31.734 0.3000000119
63756  47.909  14.465  32.047 0.4000000060
65588  47.452  15.211  31.721 0.2000000030
63770  47.524  13.418  31.151 0.4000000060
99571  49.033  13.603  31.126 0.3000000119
99535  48.053  13.118  30.519 0.3000000119
63771  46.405  12.817  30.587 0.4000000060
43355  15.836  -8.686  45.332 0.4000000060
44260  18.151  -7.682  47.086 0.6000000238
100874  18.481  -7.692  47.900 0.6000000238
42445  15.961  -9.313  44.788 0.4000000060
50471  19.524  -1.836  53.808 0.2000000030
51327  19.383  -0.902  55.375 0.2000000030
48456  17.761  -2.477  56.032 0.3000000119
48481  17.165  -3.530  53.837 0.5000000000
49500  19.268  -2.123  56.044 0.2000000030
48442  20.819  -2.848  56.145 0.2000000030
47448  17.868  -3.910  53.857 0.5000000000
48444  18.517  -2.904  56.026 0.3000000119
47461  17.001  -3.973  52.507 0.5000000000
47460  17.503  -4.023  53.120 0.6000000238
50651  48.763  -1.267  36.083 0.1000000015
104937  36.858  2.676  36.064 0.8000000119
54234  37.199  2.768  35.254 0.6000000238
110041  36.883  2.594  34.003 0.6000000238
54300  37.622  2.587  32.729 0.5000000000
52432  40.892  0.717  30.213 0.5000000000
105302  41.336  0.208  29.809 0.5000000000
53375  40.312  1.181  30.615 0.6000000238
100158  41.894  -1.318  29.703 0.1000000015
52433  39.920  0.781  30.069 0.5000000000
54298  38.871  2.202  31.931 0.5000000000
54251  38.023  2.856  34.216 0.5000000000
52445  40.587  0.295  29.900 0.4000000060
54316  38.168  2.252  31.315 0.5000000000
47772  44.624  -4.293  34.078 0.1000000015
47783  44.427  -3.938  33.273 0.1000000015
48828  44.093  -3.587  32.489 0.1000000015
50709  44.252  -1.696  30.580 0.1000000015
49772  44.256  -2.421  31.224 0.1000000015
54299  38.576  2.485  32.709 0.5000000000
55311  38.386  3.080  34.841 0.6999999881
54250  38.898  2.889  34.096 0.5000000000
48827  44.931  -3.438  32.808 0.1000000015
48837  44.154  -2.997  31.801 0.1000000015
48838  43.465  -3.408  31.826 0.1000000015
39602  12.982  -12.306  58.855 0.1000000015
38539  13.206  -13.097  58.518 0.1000000015
38545  13.544  -13.209  57.483 0.1000000015
40564  13.136  -11.379  57.484 0.2000000030
102250  13.533  -11.768  56.953 0.2000000030
42339  12.515  -10.157  56.415 0.2000000030
42347  11.248  -9.799  55.840 0.4000000060
42349  9.376  -9.529  55.785 0.3000000119
114278  12.030  -9.566  55.117 0.3000000119
42346  13.725  -9.444  55.327 0.4000000060
49490  9.376  -2.647  57.560 0.4000000060
47421  10.043  -4.134  57.417 0.4000000060
46386  9.135  -5.415  56.882 0.3000000119
42355  13.933  -8.867  54.833 0.4000000060
42353  15.444  -8.694  54.945 0.2000000030
48434  11.750  -2.661  57.068 0.4000000060
46397  10.229  -5.402  55.769 0.3000000119
44184  9.520  -8.543  53.837 0.4000000060
100478  18.614  -15.755  48.483 0.3000000119
37613  17.120  -14.760  47.966 0.3000000119
38578  17.701  -13.311  53.249 0.2000000030
39645  17.388  -12.537  53.255 0.2000000030
50462  11.940  -1.843  55.046 0.4000000060
50441  11.518  -1.779  56.689 0.4000000060
49492  11.616  -1.952  57.014 0.4000000060
33382  22.867  -19.120  48.693 0.1000000015
117784  17.546  -15.154  47.528 0.3000000119
118517  16.371  -13.792  47.888 0.3000000119
40606  16.277  -11.614  51.676 0.3000000119
110760  12.910  -1.660  55.954 0.4000000060
37635  16.839  -14.175  46.538 0.3000000119
38642  16.423  -13.564  46.744 0.3000000119
45320  18.751  -6.348  51.086 0.6000000238
39707  16.196  -13.001  46.036 0.3000000119
41531  15.426  -10.707  45.637 0.4000000060
51311  15.389  -1.091  55.867 0.4000000060
50437  15.765  -1.555  56.049 0.3000000119
49513  15.792  -2.476  55.750 0.4000000060
46426  19.324  -5.865  52.672 0.5000000000
44273  16.634  -7.847  45.914 0.6000000238
101644  21.985  -6.840  53.906 0.6000000238
46403  22.366  -5.815  55.143 0.6999999881
40653  16.030  -11.799  44.747 0.4000000060
39714  16.304  -12.731  45.144 0.3000000119
35082  23.915  -16.837  43.098 0.1000000015
45305  21.410  -7.112  53.342 0.6999999881
103090  19.251  -16.588  45.625 0.2000000030
38664  16.720  -13.426  44.712 0.3000000119
105878  16.128  -10.084  44.208 0.4000000060
46467  17.932  -5.937  49.872 0.5000000000
51306  19.772  -1.317  55.445 0.3000000119
49499  20.185  -2.188  56.016 0.2000000030
102494  23.161  -4.207  55.883 0.2000000030
48469  17.754  -3.492  54.663 0.4000000060
48443  19.252  -3.030  56.046 0.2000000030
35034  21.255  -18.049  46.044 0.2000000030
36777  17.844  -15.076  44.843 0.2000000030
103825  16.979  -8.225  45.315 0.4000000060
100031  20.071  -1.547  54.685 0.2000000030
51326  19.967  -1.341  55.267 0.2000000030
46392  23.763  -4.841  55.493 0.6999999881
45276  23.693  -6.305  54.778 0.8000000119
109887  22.870  -6.249  54.794 0.6999999881
48468  18.461  -3.730  55.009 0.4000000060
47513  17.047  -4.747  50.620 0.5000000000
38674  16.679  -12.976  43.846 0.3000000119
43342  18.967  -8.570  46.745 0.6999999881
43316  19.516  -9.141  48.242 0.6999999881
120070  17.476  -4.192  52.560 0.6000000238
39734  16.585  -12.181  43.417 0.4000000060
119900  19.789  -17.205  42.091 0.2000000030
35925  18.890  -15.914  40.790 0.2000000030
35109  19.892  -17.165  40.559 0.2000000030
120049  18.521  -13.237  39.627 0.2000000030
36848  18.872  -15.173  39.839 0.2000000030
110525  19.590  -16.668  39.992 0.2000000030
109434  20.581  -10.599  39.868 0.3000000119
99904  19.469  -15.178  38.221 0.2000000030
35972  20.241  -16.645  38.108 0.2000000030
43291  21.544  -9.052  50.696 0.6999999881
106419  21.799  -18.446  44.834 0.2000000030
41554  16.489  -10.516  43.460 0.4000000060
113702  17.135  -12.980  42.437 0.4000000060
101349  24.857  -7.260  51.430 0.6999999881
44188  24.361  -7.246  52.809 0.6999999881
43282  22.220  -8.697  51.312 0.6999999881
107456  20.920  -9.372  50.029 0.6999999881
104956  20.309  -17.668  43.192 0.3000000119
35076  19.771  -17.278  43.541 0.3000000119
36804  18.409  -15.499  42.754 0.2000000030
119043  18.102  -14.925  42.612 0.3000000119
102038  18.319  -14.767  41.042 0.2000000030
42471  21.410  -9.891  41.662 0.4000000060
40754  20.392  -11.472  37.770 0.2000000030
41601  21.159  -10.231  38.740 0.3000000119
42483  21.555  -9.698  39.244 0.4000000060
45333  25.955  -6.750  50.338 0.6999999881
44210  25.054  -7.258  50.597 0.6999999881
38726  18.039  -13.342  40.581 0.3000000119
40708  18.053  -12.077  40.468 0.3000000119
45314  30.304  -6.336  51.899 0.8000000119
106935  28.306  -6.454  51.398 0.6999999881
45347  25.891  -6.738  49.384 0.6999999881
115807  26.459  -6.422  49.052 0.6999999881
45343  29.405  -5.883  49.863 0.6999999881
45357  28.481  -5.822  48.816 0.6999999881
105118  27.129  -5.930  47.731 0.6999999881
43340  22.553  -9.084  46.793 0.6999999881
44337  22.837  -7.719  39.004 0.4000000060
45313  31.088  -6.064  52.316 0.8000000119
46451  31.547  -5.664  50.693 0.6999999881
46490  28.740  -5.746  47.445 0.8000000119
43339  22.924  -8.222  46.290 0.6999999881
45386  27.149  -5.781  46.945 0.6999999881
46491  28.082  -5.741  46.697 0.6999999881
41559  20.969  -10.099  42.968 0.5000000000
47508  32.667  -4.785  51.345 0.6999999881
47538  33.154  -4.416  48.154 0.6999999881
46496  31.305  -5.041  46.863 0.8000000119
100435  30.389  -5.286  45.838 0.8000000119
46540  28.749  -5.419  43.051 0.6999999881
101929  28.545  -5.422  43.775 0.6999999881
46586  28.401  -5.642  41.476 0.6000000238
107110  25.756  -6.582  39.792 0.4000000060
43451  22.762  -8.676  33.426 0.2000000030
40814  22.798  -12.035  30.499 0.1000000015
40799  22.353  -11.538  31.293 0.1000000015
42571  22.851  -10.116  30.908 0.1000000015
38904  24.179  -13.012  29.670 0.1000000015
40813  23.384  -11.928  29.806 0.1000000015
48569  33.880  -3.405  48.342 0.6999999881
47595  30.820  -4.881  44.627 0.8000000119
47617  30.670  -4.802  43.304 0.8000000119
47637  29.928  -5.019  42.214 0.8000000119
46617  28.354  -5.571  39.808 0.5000000000
46635  27.562  -5.822  38.655 0.5000000000
45473  27.138  -6.231  39.028 0.5000000000
110614  26.677  -6.322  37.774 0.5000000000
45474  26.519  -6.440  39.381 0.5000000000
45485  26.568  -6.429  38.574 0.5000000000
118079  26.221  -6.521  37.517 0.5000000000
105921  25.774  -6.693  37.256 0.5000000000
45508  24.985  -6.960  36.831 0.5000000000
45494  26.386  -6.372  36.985 0.5000000000
45486  25.861  -6.617  38.924 0.5000000000
119862  24.656  -7.069  37.348 0.5000000000
45487  25.148  -6.815  38.480 0.5000000000
44382  24.232  -7.286  35.606 0.5000000000
114931  24.399  -7.188  36.291 0.5000000000
45522  24.869  -7.019  34.525 0.4000000060
44390  23.611  -7.810  34.366 0.3000000119
43462  23.330  -8.343  33.078 0.1000000015
105089  23.494  -8.680  31.466 0.1000000015
43471  23.011  -9.136  32.007 0.1000000015
41692  23.680  -10.658  29.510 0.1000000015
47650  30.349  -4.550  41.835 0.8000000119
47700  28.586  -4.791  38.615 0.5000000000
46666  27.306  -5.486  36.917 0.5000000000
46667  26.813  -5.872  36.522 0.5000000000
46695  25.811  -6.150  34.664 0.3000000119
44422  24.441  -7.427  31.830 0.1000000015
43480  23.604  -8.859  30.643 0.1000000015
49625  33.327  -2.548  45.873 0.8000000119
48743  29.689  -3.800  39.433 0.6999999881
48762  28.937  -4.042  38.211 0.5000000000
47738  27.689  -4.694  36.415 0.4000000060
46681  26.691  -5.564  35.635 0.4000000060
47766  26.901  -4.906  34.919 0.3000000119
118201  26.242  -5.301  34.034 0.2000000030
46708  25.871  -5.796  33.941 0.2000000030
114776  25.448  -6.315  33.536 0.2000000030
119017  25.282  -6.152  31.735 0.1000000015
118450  24.765  -6.970  31.269 0.1000000015
49639  32.449  -2.609  43.574 0.8000000119
49656  32.237  -2.189  41.818 0.6999999881
49670  30.760  -2.821  40.298 0.8000000119
119541  29.852  -2.919  38.486 0.6000000238
48774  28.749  -3.739  37.440 0.5000000000
48801  27.854  -4.092  35.576 0.3000000119
47779  26.856  -4.241  33.342 0.3000000119
46707  26.239  -5.035  33.328 0.2000000030
45536  25.626  -5.637  32.025 0.1000000015
52200  36.595  0.516  48.542 0.6000000238
50554  34.266  -1.085  44.956 0.8000000119
50561  33.645  -1.552  44.480 0.8000000119
50568  32.996  -1.965  43.085 0.8000000119
49698  30.943  -2.045  38.929 0.6999999881
49700  29.702  -2.849  37.892 0.6000000238
48785  29.437  -2.606  36.403 0.5000000000
103930  27.509  -3.706  33.836 0.3000000119
48811  28.171  -3.182  34.218 0.3000000119
49756  28.381  -2.827  33.408 0.3000000119
48821  27.360  -3.515  32.961 0.3000000119
51401  34.789  -0.628  44.470 0.8000000119
50596  31.925  -1.813  40.172 0.6999999881
50623  31.649  -1.562  38.436 0.6999999881
112518  30.380  -1.996  35.763 0.6000000238
49755  29.138  -2.487  33.298 0.3000000119
53132  37.422  1.396  47.994 0.6999999881
52224  36.122  0.085  46.363 0.8000000119
52236  36.448  0.662  44.866 0.8000000119
116194  34.031  -0.694  41.583 0.6999999881
51433  33.738  -0.719  40.944 0.6999999881
51455  33.121  -0.781  39.294 0.6999999881
50640  32.304  -1.202  37.109 0.6999999881
50652  32.375  -1.269  36.234 0.6999999881
118715  32.401  -1.280  35.669 0.6000000238
49754  30.066  -2.147  33.224 0.3000000119
48843  37.494  -3.490  31.464 0.2000000030
50690  30.792  -1.869  32.743 0.2000000030
49792  36.270  -2.082  30.155 0.2000000030
116005  35.702  -2.644  30.274 0.2000000030
102345  37.693  1.778  46.539 0.6999999881
52248  36.331  0.684  43.996 0.6999999881
52288  34.948  -0.060  41.389 0.6999999881
51444  34.078  -0.390  40.367 0.6999999881
51445  33.469  -0.731  40.196 0.6999999881
113020  32.909  -0.908  35.118 0.5000000000
117139  37.976  -2.672  30.730 0.3000000119
48859  38.655  -2.911  30.607 0.2000000030
50713  37.039  -1.767  30.188 0.3000000119
46702  41.950  -5.352  33.990 0.1000000015
46711  40.658  -5.237  32.850 0.1000000015
47788  39.453  -4.785  32.245 0.1000000015
47799  40.070  -4.444  31.557 0.1000000015
48842  38.863  -3.595  31.018 0.2000000030
102327  36.433  -0.807  29.633 0.3000000119
52434  34.901  0.704  29.930 0.4000000060
52450  35.368  0.216  29.465 0.4000000060
52451  34.524  -0.127  29.554 0.4000000060
115269  34.416  -0.831  29.497 0.3000000119
113922  33.201  -0.452  30.079 0.4000000060
51562  33.729  -0.755  29.657 0.1000000015
117535  31.245  -1.595  32.319 0.2000000030
49805  34.489  -2.163  29.667 0.1000000015
54103  38.288  2.642  47.719 0.6999999881
53159  37.537  1.676  45.637 0.8000000119
51463  33.953  -0.218  38.007 0.6999999881
52333  34.479  0.263  37.623 0.6999999881
53271  35.013  0.859  37.178 0.6999999881
52362  34.274  0.521  35.908 0.6999999881
114973  33.161  -0.626  35.446 0.6000000238
53293  34.815  1.182  35.472 0.6000000238
52378  33.610  0.225  34.525 0.6000000238
51492  33.199  -0.453  34.846 0.6000000238
53308  34.738  1.397  34.592 0.6000000238
52396  33.580  0.453  33.626 0.4000000060
50688  32.048  -1.103  33.313 0.2000000030
46687  42.973  -5.173  34.356 0.1000000015
52408  34.078  1.119  33.215 0.5000000000
112503  34.153  1.187  32.292 0.5000000000
117207  35.146  1.980  33.248 0.5000000000
109445  34.671  1.667  32.756 0.5000000000
117144  33.628  0.725  31.963 0.4000000060
120760  33.325  0.414  32.433 0.4000000060
53358  35.554  1.845  31.098 0.5000000000
53359  34.899  1.340  30.727 0.5000000000
53342  34.879  1.689  31.711 0.5000000000
109774  34.286  0.808  30.554 0.5000000000
52420  33.624  0.557  31.033 0.5000000000
51535  33.026  -0.025  30.779 0.3000000119
51536  32.414  -0.512  31.533 0.2000000030
51560  36.721  -0.145  29.485 0.4000000060
52449  36.202  0.474  29.467 0.5000000000
51561  35.919  -0.319  29.447 0.4000000060
47797  41.722  -4.333  31.799 0.1000000015
52448  37.024  0.666  29.430 0.5000000000
50714  32.151  -1.353  30.165 0.2000000030
51558  39.198  -0.444  29.659 0.4000000060
50729  39.662  -1.138  29.765 0.3000000119
54132  37.942  2.212  45.196 0.8000000119
55153  39.190  3.907  47.501 0.4000000060
54143  37.853  2.262  44.345 0.8000000119
105172  37.320  1.709  43.921 0.8000000119
54156  37.729  2.340  43.467 0.8000000119
53205  37.073  1.814  42.120 0.6999999881
52286  35.908  0.770  41.291 0.6999999881
53235  35.811  0.829  40.392 0.6999999881
53249  35.602  0.885  39.413 0.6999999881
48784  46.808  -3.571  36.940 0.1000000015
54212  37.187  2.829  38.070 0.8000000119
54226  36.114  2.100  36.238 0.6999999881
54224  37.357  3.074  36.680 0.8000000119
54254  35.975  2.180  34.805 0.6999999881
53292  35.368  1.735  35.065 0.6000000238
47759  45.072  -4.382  34.991 0.1000000015
54253  36.674  2.497  34.665 0.6000000238
54281  35.832  2.289  33.259 0.5000000000
54279  37.475  2.682  33.674 0.5000000000
54301  36.780  2.486  32.208 0.5000000000
54302  36.153  2.407  32.543 0.5000000000
99909  42.929  -4.537  33.011 0.1000000015
54334  37.304  2.084  30.734 0.5000000000
117352  36.765  2.309  31.417 0.5000000000
48854  42.839  -3.293  31.194 0.1000000015
54333  38.205  1.978  30.618 0.5000000000
53377  38.673  1.565  30.247 0.5000000000
53394  38.355  1.088  29.703 0.5000000000
102517  37.146  1.562  30.074 0.5000000000
53396  36.551  1.181  29.714 0.5000000000
53357  36.328  1.994  30.864 0.5000000000
50728  40.358  -1.218  29.805 0.2000000030
101405  39.956  0.056  29.807 0.5000000000
53393  39.112  1.120  29.967 0.5000000000
108006  39.995  -0.626  29.752 0.4000000060
54179  38.199  2.884  42.024 0.8000000119
55224  38.091  2.975  41.107 0.8000000119
54202  37.300  2.691  38.938 0.8000000119
49786  42.499  -2.370  30.234 0.1000000015
49785  43.090  -2.640  30.639 0.1000000015
49801  41.677  -2.066  29.976 0.1000000015
56118  41.334  5.347  45.214 0.6000000238
55213  39.483  3.849  43.037 0.8000000119
56144  40.177  4.275  42.562 0.8000000119
55233  38.645  3.520  40.563 0.8000000119
56181  39.831  4.347  39.423 0.8999999762
55258  37.805  3.231  38.401 0.8999999762
115910  38.319  3.551  36.991 0.8000000119
55297  37.888  3.145  35.434 0.6999999881
55287  38.025  3.366  36.249 0.8000000119
55296  38.606  3.343  35.570 0.8000000119
53356  39.811  1.528  31.034 0.5000000000
50675  48.408  -1.348  33.871 0.1000000015
50676  47.647  -1.869  33.477 0.1000000015
50686  47.437  -1.555  32.631 0.1000000015
49770  46.106  -1.945  31.958 0.1000000015
50726  42.487  -1.655  29.831 0.1000000015
50725  43.015  -1.217  29.712 0.1000000015
49784  43.702  -2.306  30.736 0.1000000015
51555  42.410  -0.875  29.604 0.2000000030
106240  45.462  -0.534  30.424 0.1000000015
101392  42.608  0.899  29.719 0.2000000030
52443  43.131  0.496  29.555 0.2000000030
54331  43.627  2.670  29.979 0.3000000119
54313  43.566  2.706  30.818 0.3000000119
107837  40.839  4.507  42.156 0.8000000119
56167  41.594  4.620  40.654 0.8999999762
56191  40.437  4.427  39.037 0.8999999762
56192  39.888  4.272  38.513 0.8999999762
54252  37.338  2.724  34.441 0.6000000238
49761  46.135  -2.470  32.527 0.1000000015
56313  41.205  4.821  30.080 0.6000000238
57062  41.953  5.656  44.863 0.6000000238
57070  42.264  5.444  44.256 0.6999999881
55255  42.325  3.556  38.242 0.8999999762
56178  42.892  4.083  39.586 0.8999999762
55242  43.746  3.695  39.355 0.8999999762
55269  42.799  2.888  37.669 0.8000000119
56154  42.200  4.666  41.595 0.8999999762
54221  42.669  2.276  36.354 0.8000000119
55285  39.741  3.565  36.396 0.8000000119
107942  42.582  1.640  34.664 0.6999999881
56201  40.459  4.008  37.800 0.8999999762
54246  43.994  2.178  34.594 0.6999999881
54273  43.946  2.226  33.773 0.6999999881
54296  42.981  1.922  32.425 0.6999999881
48819  45.176  -3.697  33.571 0.1000000015
112021  43.715  5.456  42.860 0.6999999881
119037  42.901  4.734  42.051 0.8999999762
56151  44.628  4.789  41.358 0.8999999762
56165  44.004  4.406  40.807 0.8999999762
56166  42.975  4.415  40.406 0.8999999762
114625  42.364  4.600  40.758 0.8999999762
55241  44.614  3.647  39.110 0.8999999762
55252  45.084  3.399  38.273 0.8999999762
55268  43.703  2.655  37.708 0.8999999762
55281  45.243  2.992  36.125 0.8999999762
54220  43.662  2.196  36.372 0.8000000119
55266  45.563  3.507  37.306 0.8999999762
101943  44.708  2.680  34.966 0.6999999881
55308  45.563  3.852  35.088 0.6999999881
55309  45.175  3.484  34.713 0.6999999881
56299  40.247  4.761  30.401 0.6000000238
119602  39.084  5.109  26.555 0.4000000060
57251  38.727  5.460  26.970 0.5000000000
57086  44.907  5.236  41.773 0.6999999881
56164  45.680  4.693  40.034 0.8999999762
57108  46.368  5.192  39.396 0.8999999762
56176  45.905  4.531  39.010 0.8999999762
57120  46.550  5.147  38.218 0.8999999762
57107  46.624  5.885  39.778 0.8000000119
115221  46.391  4.819  37.382 0.8999999762
58072  46.283  6.388  37.673 1.0000000000
56209  45.825  4.286  36.182 0.8999999762
56210  45.359  4.617  35.767 0.8999999762
56219  45.253  4.356  35.013 0.8000000119
57215  39.981  4.838  31.922 0.6999999881
58149  38.938  6.634  29.539 0.5000000000
57263  38.925  5.465  26.136 0.4000000060
58036  46.696  6.691  40.063 0.6999999881
58037  46.196  6.079  40.674 0.6999999881
59002  46.837  7.393  39.453 0.8000000119
111198  46.814  8.129  38.997 0.6999999881
116688  46.763  7.927  38.515 0.8000000119
58061  46.905  6.586  38.361 0.8999999762
59023  46.561  7.281  37.995 1.0000000000
58073  45.212  6.475  37.443 1.0000000000
57135  44.920  5.829  36.830 1.0000000000
57151  44.586  5.262  36.270 1.0000000000
57152  43.673  5.455  36.062 0.8999999762
56221  43.417  4.911  34.990 0.6999999881
59052  41.613  7.061  34.646 1.0000000000
58111  40.845  6.099  33.795 0.8999999762
57195  40.783  5.250  33.409 0.8999999762
60063  39.677  8.241  30.231 0.6999999881
59083  39.413  7.539  30.612 0.6999999881
58133  39.419  6.205  31.715 0.6999999881
57204  40.206  5.009  32.623 0.8000000119
60069  39.391  8.184  29.474 0.6999999881
58134  39.161  6.585  30.870 0.6000000238
57216  39.523  5.301  31.393 0.6999999881
58142  39.195  5.713  30.726 0.6000000238
59965  46.574  8.325  39.859 0.6999999881
61827  46.501  10.246  38.546 0.6000000238
60903  46.560  9.713  38.860 0.6000000238
59974  46.632  9.075  39.267 0.6000000238
59989  46.577  8.282  38.307 0.6999999881
60913  46.500  9.428  38.416 0.6000000238
59025  44.520  7.304  37.482 1.0000000000
59992  44.119  8.064  37.022 1.0000000000
59031  43.716  7.326  36.987 1.0000000000
59032  43.162  7.327  36.419 1.0000000000
112896  43.022  6.553  36.281 1.0000000000
58096  42.510  5.748  35.519 1.0000000000
61908  41.067  9.930  29.674 0.6999999881
116228  46.059  9.795  37.475 0.6000000238
61839  46.429  10.283  38.011 0.6000000238
60951  42.355  9.388  33.934 0.8999999762
60003  43.033  8.129  35.885 1.0000000000
60002  43.788  8.736  36.284 1.0000000000
59043  42.166  7.150  35.224 1.0000000000
61015  41.810  10.128  26.902 0.6000000238
116860  41.198  9.854  27.140 0.6999999881
63704  44.115  14.331  35.550 0.4000000060
109963  45.323  11.878  36.143 0.5000000000
61850  45.124  10.761  36.339 0.6000000238
61849  45.926  11.671  36.875 0.5000000000
65561  42.918  15.376  33.323 0.3000000119
65572  43.389  16.093  32.964 0.3000000119
62845  43.710  11.172  27.791 0.6999999881
117775  44.564  12.162  29.791 0.6999999881
63785  44.858  11.863  29.179 0.6999999881
62827  44.287  11.536  28.433 0.6999999881
62825  46.094  11.746  28.402 0.6000000238
62860  44.770  10.965  26.874 0.6000000238
62861  43.979  10.826  27.041 0.6999999881
112710  46.490  11.250  26.704 0.6000000238
61950  44.574  10.333  25.509 0.6000000238
61044  45.002  9.429  24.365 0.4000000060
65570  45.053  15.616  32.151 0.3000000119
104686  45.983  15.499  31.881 0.4000000060
64687  46.715  15.197  32.066 0.3000000119
63757  46.992  13.792  31.845 0.4000000060
64707  47.236  14.707  32.139 0.5000000000
43354  16.347  -8.299  45.436 0.5000000000
51314  19.375  -0.952  55.593 0.2000000030
51315  18.717  -0.664  55.771 0.2000000030
49501  18.552  -2.331  56.101 0.2000000030
111512  18.096  -3.244  55.571 0.4000000060
50433  19.638  -1.498  55.982 0.3000000119
50434  18.754  -1.508  56.112 0.2000000030
54278  38.259  2.695  33.458 0.5000000000
51557  40.731  -0.427  29.769 0.2000000030
102566  38.138  2.433  32.088 0.5000000000
49773  43.584  -2.833  31.236 0.1000000015
104707  35.792  1.398  30.260 0.5000000000
46390  25.181  -4.683  54.910 0.5000000000
100656  24.768  -4.073  54.979 0.4000000060
49518  24.450  -3.647  54.108 0.2000000030
51307  19.166  -0.886  55.950 0.2000000030
113890  25.341  -4.398  54.577 0.4000000060
48467  24.988  -4.068  54.409 0.4000000060
48452  24.307  -3.657  54.555 0.2000000030
50456  22.776  -2.770  54.505 0.2000000030
48480  25.121  -4.088  53.958 0.3000000119
49531  23.846  -3.299  53.884 0.2000000030
104124  23.126  -2.863  54.172 0.2000000030
48466  25.570  -4.497  54.198 0.4000000060
49530  24.540  -3.732  53.607 0.2000000030
48478  26.475  -4.776  53.714 0.3000000119
48479  25.811  -4.494  53.735 0.2000000030
51309  17.270  -0.894  56.079 0.1000000015
50435  17.839  -1.572  56.156 0.2000000030
51308  18.226  -0.908  56.055 0.1000000015
50457  22.009  -2.312  54.773 0.2000000030
49520  22.495  -2.515  54.474 0.1000000015
49521  21.783  -2.191  54.495 0.1000000015
49550  23.222  -3.029  53.608 0.2000000030
49532  22.391  -2.608  53.924 0.2000000030
49551  21.759  -2.979  53.196 0.1000000015
48502  23.104  -3.332  52.885 0.2000000030
48503  22.189  -3.477  52.672 0.1000000015
48499  25.971  -4.408  53.253 0.3000000119
49529  25.222  -4.106  53.427 0.2000000030
49549  23.929  -3.498  53.172 0.2000000030
48500  25.340  -4.113  52.590 0.2000000030
49563  24.278  -3.832  52.594 0.2000000030
48523  23.640  -3.753  52.383 0.2000000030
40560  8.386  -11.326  59.004 0.1000000015
40559  9.510  -11.328  58.532 0.1000000015
112181  7.629  -11.253  59.188 0.1000000015
40566  10.275  -11.628  57.789 0.1000000015
107638  18.183  -0.590  55.492 0.1000000015
51316  17.792  -0.522  55.863 0.1000000015
50470  20.949  -1.980  54.398 0.1000000015
49534  20.374  -2.270  53.712 0.1000000015
49535  19.761  -2.399  53.244 0.1000000015
48504  21.292  -3.454  52.523 0.1000000015
101806  20.190  -2.738  52.975 0.1000000015
48505  20.399  -3.286  52.383 0.1000000015
48525  21.766  -3.865  51.883 0.1000000015
48501  24.716  -4.019  52.376 0.2000000030
48524  22.755  -3.815  52.155 0.2000000030
118527  21.264  -3.960  51.476 0.1000000015
112320  20.946  -3.760  51.870 0.1000000015
48520  25.710  -4.108  51.735 0.2000000030
48521  25.038  -4.112  51.674 0.2000000030
48522  24.225  -4.029  51.736 0.2000000030
102149  23.273  -4.026  51.512 0.2000000030
48542  21.653  -4.160  51.008 0.1000000015
48540  23.758  -4.136  50.721 0.1000000015
40568  8.518  -11.500  57.957 0.1000000015
109482  6.886  -11.283  59.019 0.1000000015
40556  7.401  -10.727  59.515 0.1000000015
51337  18.157  -0.890  54.562 0.1000000015
51329  17.467  -0.608  55.200 0.1000000015
51338  17.289  -0.819  54.186 0.1000000015
106475  17.808  -1.224  53.649 0.1000000015
101252  17.942  -1.594  52.854 0.1000000015
48506  19.591  -2.709  52.574 0.1000000015
50486  18.691  -2.177  52.534 0.1000000015
47475  29.030  -4.926  53.342 0.3000000119
47493  28.771  -4.465  52.487 0.2000000030
115080  19.724  -3.264  51.875 0.1000000015
48519  27.188  -4.190  52.047 0.3000000119
48526  20.323  -3.650  51.715 0.1000000015
103173  26.430  -4.049  51.269 0.3000000119
112515  22.410  -4.052  51.428 0.1000000015
48543  20.741  -3.957  51.157 0.1000000015
48541  22.688  -4.213  50.626 0.1000000015
47511  21.851  -4.392  50.100 0.1000000015
49496  8.627  -2.745  57.740 0.3000000119
40569  7.396  -11.689  58.473 0.1000000015
40567  9.453  -11.458  57.355 0.1000000015
48431  8.523  -2.916  57.967 0.3000000119
48432  7.656  -3.275  58.060 0.3000000119
40577  10.062  -11.590  56.843 0.1000000015
41454  6.566  -9.745  59.185 0.1000000015
47423  8.173  -4.288  58.026 0.3000000119
43250  6.511  -9.189  58.834 0.1000000015
117692  6.839  -5.692  57.997 0.3000000119
44166  6.171  -6.355  58.146 0.2000000030
43252  6.242  -8.577  58.248 0.1000000015
51317  16.782  -0.605  55.707 0.1000000015
51330  16.685  -0.705  54.840 0.1000000015
50473  17.147  -1.186  53.115 0.1000000015
50500  18.033  -1.861  52.106 0.1000000015
113467  19.126  -2.725  51.948 0.1000000015
49564  18.407  -2.419  51.547 0.1000000015
47476  27.922  -4.688  52.943 0.4000000060
47512  20.992  -4.327  50.345 0.1000000015
100994  19.876  -3.648  51.194 0.1000000015
48539  24.651  -4.132  50.757 0.1000000015
47525  22.956  -4.356  49.098 0.1000000015
113872  22.578  -4.357  49.790 0.1000000015
48561  20.141  -3.977  50.444 0.1000000015
48559  24.202  -4.160  49.896 0.1000000015
47526  22.076  -4.471  49.241 0.1000000015
47527  21.211  -4.481  49.468 0.1000000015
47528  20.390  -4.320  49.666 0.1000000015
117159  5.797  -10.830  58.473 0.1000000015
41459  6.062  -10.319  58.841 0.1000000015
40579  8.615  -11.585  56.851 0.1000000015
111116  10.214  -11.640  56.098 0.1000000015
49491  7.957  -2.898  57.943 0.3000000119
51318  15.869  -0.808  55.599 0.2000000030
47417  7.311  -4.030  58.186 0.3000000119
44162  5.847  -7.305  58.014 0.1000000015
47418  6.433  -4.419  58.074 0.2000000030
46380  6.064  -5.306  58.188 0.2000000030
119421  16.156  -0.691  55.255 0.1000000015
51331  15.976  -0.808  54.464 0.1000000015
104913  15.335  -0.947  54.317 0.1000000015
48438  7.383  -3.213  57.930 0.3000000119
48450  7.305  -3.255  57.383 0.3000000119
51340  15.676  -0.975  53.498 0.1000000015
51350  15.718  -1.176  52.645 0.1000000015
48449  8.044  -2.954  56.891 0.3000000119
48463  8.321  -3.302  55.840 0.3000000119
51339  16.515  -0.876  53.801 0.1000000015
51349  16.331  -1.073  52.868 0.1000000015
47510  29.121  -4.157  51.539 0.2000000030
48536  28.605  -4.075  50.614 0.2000000030
47494  28.166  -4.258  51.732 0.2000000030
107176  16.787  -1.310  52.349 0.1000000015
50488  16.151  -1.269  51.961 0.1000000015
47492  29.606  -4.255  52.626 0.2000000030
50487  17.409  -1.545  52.241 0.1000000015
101034  16.923  -1.509  51.607 0.1000000015
50502  16.344  -1.490  51.010 0.1000000015
50501  17.631  -1.876  51.499 0.1000000015
101854  27.465  -4.082  50.695 0.2000000030
48527  19.139  -3.104  51.286 0.1000000015
48538  25.578  -4.068  50.718 0.2000000030
48560  23.338  -4.251  49.857 0.1000000015
47543  20.531  -4.482  48.807 0.1000000015
114855  21.966  -4.509  47.868 0.1000000015
47542  21.442  -4.545  48.468 0.1000000015
111052  5.856  -11.577  58.233 0.1000000015
40570  6.441  -11.796  58.396 0.1000000015
40561  6.197  -11.108  58.763 0.1000000015
39609  6.711  -12.310  57.793 0.1000000015
42337  5.580  -10.071  58.295 0.1000000015
37564  6.756  -14.429  54.359 0.1000000015
43254  5.225  -8.308  57.919 0.1000000015
40588  9.608  -11.568  55.518 0.1000000015
40578  9.460  -11.539  56.392 0.1000000015
37574  7.179  -14.545  53.435 0.1000000015
44163  5.184  -6.874  58.006 0.1000000015
40587  10.413  -11.755  55.294 0.1000000015
38588  7.864  -13.912  52.886 0.1000000015
46381  5.394  -5.346  58.025 0.2000000030
49517  8.889  -2.755  56.413 0.3000000119
48433  6.865  -3.699  58.026 0.2000000030
115546  5.565  -4.840  57.829 0.2000000030
47425  5.596  -4.569  57.370 0.2000000030
51341  14.849  -1.257  53.766 0.1000000015
48462  9.149  -3.105  55.427 0.3000000119
47432  6.640  -3.704  56.911 0.2000000030
47441  6.975  -4.138  55.845 0.2000000030
46388  6.061  -4.420  56.505 0.2000000030
48476  9.392  -3.427  54.516 0.3000000119
47440  7.824  -3.890  55.307 0.3000000119
47452  8.220  -4.303  54.445 0.2000000030
51351  15.067  -1.336  52.882 0.1000000015
117278  14.856  -1.646  51.514 0.1000000015
48487  9.572  -3.688  53.660 0.2000000030
47466  9.085  -4.267  53.231 0.2000000030
48535  30.477  -3.102  51.029 0.3000000119
47509  29.983  -3.693  51.518 0.3000000119
50489  15.329  -1.435  52.097 0.1000000015
48517  30.860  -3.340  52.085 0.3000000119
50503  15.588  -1.465  51.320 0.1000000015
48518  30.489  -3.968  52.763 0.3000000119
50514  17.161  -1.824  50.684 0.1000000015
49565  17.866  -2.274  50.884 0.1000000015
49575  18.489  -2.844  50.562 0.1000000015
50515  16.413  -1.716  50.133 0.1000000015
48545  18.793  -3.347  49.869 0.1000000015
49587  18.229  -2.871  49.711 0.1000000015
49576  17.724  -2.385  50.141 0.1000000015
49577  17.036  -2.061  49.729 0.1000000015
47529  19.884  -4.325  49.082 0.1000000015
48562  19.520  -3.895  49.681 0.1000000015
120307  18.506  -3.216  49.451 0.1000000015
101355  20.586  -4.557  47.793 0.1000000015
48578  19.287  -4.022  48.870 0.1000000015
103643  18.820  -3.561  49.234 0.1000000015
47544  19.709  -4.332  48.313 0.1000000015
118574  19.139  -4.057  48.378 0.1000000015
48579  18.661  -3.678  48.510 0.1000000015
48563  18.203  -3.095  49.007 0.1000000015
47545  18.929  -4.081  47.820 0.1000000015
41463  5.414  -10.887  57.867 0.1000000015
39610  6.013  -12.368  57.852 0.1000000015
40580  7.659  -11.939  57.462 0.1000000015
37565  6.129  -14.993  54.738 0.1000000015
50442  10.844  -1.822  57.157 0.3000000119
42331  5.208  -9.094  58.006 0.1000000015
38581  7.466  -13.570  53.879 0.1000000015
44164  5.013  -7.608  57.837 0.1000000015
38580  8.277  -13.055  53.240 0.1000000015
39652  7.981  -12.705  53.915 0.1000000015
49515  10.501  -2.268  55.702 0.3000000119
49508  9.553  -2.332  56.962 0.3000000119
46384  5.104  -5.241  57.593 0.1000000015
49523  10.654  -2.565  54.723 0.3000000119
49516  9.704  -2.496  56.018 0.3000000119
118164  5.916  -5.080  55.903 0.2000000030
51342  14.082  -1.489  54.063 0.2000000030
49524  9.898  -2.792  55.046 0.3000000119
47468  7.890  -4.913  54.056 0.2000000030
50474  14.283  -1.626  53.121 0.2000000030
49538  10.793  -2.854  53.816 0.3000000119
48475  10.124  -3.161  54.172 0.3000000119
47485  8.665  -4.873  52.860 0.2000000030
46430  8.873  -5.122  52.081 0.2000000030
50490  14.557  -1.695  52.268 0.1000000015
50491  13.758  -1.918  52.437 0.1000000015
49555  10.919  -3.069  52.983 0.2000000030
48510  10.396  -3.582  52.511 0.1000000015
48511  9.716  -3.917  52.831 0.2000000030
47484  9.246  -4.514  52.446 0.2000000030
47502  9.360  -4.744  51.780 0.1000000015
48557  28.186  -3.966  49.688 0.2000000030
50505  14.040  -1.961  51.517 0.1000000015
48509  11.057  -3.248  52.180 0.1000000015
115443  10.540  -3.694  51.823 0.1000000015
116018  9.888  -4.165  51.953 0.1000000015
109561  31.542  -3.002  52.029 0.3000000119
101022  29.389  -3.852  50.640 0.3000000119
118945  27.288  -3.968  49.659 0.3000000119
106961  15.127  -1.615  50.887 0.1000000015
49568  11.811  -2.934  51.780 0.1000000015
48528  11.083  -3.490  51.388 0.1000000015
48529  10.380  -4.079  51.107 0.1000000015
49547  31.740  -2.107  51.794 0.2000000030
49562  31.086  -2.289  51.671 0.3000000119
49574  30.522  -2.332  50.779 0.3000000119
48555  29.914  -3.386  50.175 0.3000000119
48537  26.511  -4.002  50.163 0.3000000119
50516  15.699  -1.595  50.524 0.1000000015
101865  25.800  -4.046  49.648 0.2000000030
101216  25.018  -4.137  49.865 0.2000000030
49599  16.935  -2.234  48.911 0.1000000015
104931  23.798  -4.263  49.090 0.1000000015
49588  17.609  -2.532  49.326 0.1000000015
49598  17.521  -2.753  48.549 0.1000000015
48580  18.034  -3.261  48.346 0.1000000015
48596  17.573  -3.176  47.732 0.1000000015
48597  16.797  -2.872  47.174 0.1000000015
114388  20.318  -4.572  46.957 0.1000000015
47556  19.690  -4.441  47.385 0.1000000015
48595  18.273  -3.604  47.934 0.1000000015
48612  18.207  -3.835  47.267 0.1000000015
47571  18.917  -4.320  46.921 0.1000000015
47572  18.150  -4.197  46.325 0.1000000015
40572  4.854  -10.908  56.909 0.1000000015
42338  5.012  -9.928  57.497 0.1000000015
38552  6.394  -13.194  56.415 0.1000000015
38563  6.678  -13.524  55.552 0.1000000015
38572  6.942  -13.812  54.800 0.1000000015
50450  11.106  -1.819  56.373 0.3000000119
100050  4.600  -8.978  57.188 0.1000000015
43258  4.833  -8.264  57.605 0.1000000015
39641  7.507  -12.914  54.810 0.1000000015
50463  11.240  -2.005  55.381 0.3000000119
43260  4.293  -8.069  56.877 0.1000000015
118347  4.714  -7.633  57.434 0.1000000015
40589  8.759  -11.662  55.867 0.1000000015
39632  7.183  -12.713  55.905 0.1000000015
39640  8.409  -12.219  54.451 0.1000000015
45265  4.630  -6.549  57.285 0.1000000015
39639  9.242  -11.874  54.194 0.1000000015
45269  5.826  -5.717  55.357 0.1000000015
49537  11.467  -2.651  53.491 0.3000000119
46409  7.255  -5.269  54.397 0.2000000030
50475  13.407  -1.868  53.379 0.3000000119
50476  12.605  -2.216  53.245 0.3000000119
46421  8.156  -5.227  53.342 0.2000000030
46443  9.210  -5.322  51.265 0.2000000030
50492  13.021  -2.240  52.538 0.1000000015
50506  13.372  -2.284  51.878 0.1000000015
117741  10.064  -4.625  50.595 0.1000000015
48558  26.636  -3.956  49.196 0.3000000119
48546  12.199  -3.224  50.340 0.1000000015
48547  11.693  -3.305  50.898 0.1000000015
50483  31.833  -1.364  51.676 0.3000000119
119047  31.039  -0.424  51.259 0.3000000119
50484  31.174  -1.206  51.637 0.3000000119
50499  30.616  -1.245  51.257 0.2000000030
118915  30.298  -2.952  50.194 0.3000000119
50525  29.900  -1.376  49.748 0.2000000030
50504  14.602  -1.822  50.935 0.1000000015
49581  12.400  -2.899  51.058 0.1000000015
48548  11.045  -3.752  50.588 0.1000000015
51348  31.535  -0.769  51.423 0.3000000119
110424  30.791  -0.396  51.172 0.3000000119
50513  30.120  -0.573  50.504 0.3000000119
50512  30.228  -1.531  50.488 0.2000000030
105651  25.302  -4.137  49.062 0.1000000015
50517  14.946  -1.825  50.214 0.1000000015
49580  12.780  -2.854  50.451 0.1000000015
51368  29.955  0.238  49.859 0.1000000015
117451  29.701  -0.531  49.591 0.1000000015
101159  24.595  -4.207  49.141 0.1000000015
52192  29.664  0.618  49.061 0.1000000015
51373  29.346  -0.125  48.974 0.1000000015
50526  16.379  -1.867  49.302 0.1000000015
48613  17.469  -3.503  46.809 0.1000000015
47585  18.516  -4.535  45.610 0.1000000015
100640  4.184  -7.421  56.382 0.1000000015
45271  4.463  -6.693  56.561 0.1000000015
49522  11.380  -2.383  54.393 0.3000000119
45270  4.840  -6.103  55.984 0.1000000015
45282  6.294  -6.350  54.423 0.1000000015
50477  12.118  -2.184  53.988 0.3000000119
46410  6.609  -5.663  54.624 0.2000000030
45281  7.131  -5.990  53.871 0.2000000030
45297  7.430  -6.560  53.169 0.1000000015
45312  7.932  -6.372  52.599 0.2000000030
49554  11.586  -2.815  52.682 0.2000000030
46422  7.654  -5.445  53.753 0.2000000030
46432  7.781  -5.857  53.196 0.2000000030
46431  8.362  -5.643  52.563 0.2000000030
46444  8.677  -5.815  51.728 0.2000000030
47501  9.728  -4.663  51.206 0.1000000015
49566  13.269  -2.513  51.053 0.1000000015
111520  30.983  0.125  50.914 0.3000000119
51362  30.521  0.206  50.552 0.3000000119
50518  14.091  -2.170  50.570 0.1000000015
48565  11.972  -3.594  49.543 0.1000000015
52184  30.779  0.589  50.409 0.3000000119
119510  30.106  0.756  49.785 0.1000000015
53098  30.521  0.900  50.006 0.1000000015
52202  29.017  0.229  48.286 0.1000000015
50527  15.727  -1.749  49.707 0.1000000015
49590  15.108  -1.951  49.307 0.1000000015
49589  15.762  -1.873  48.904 0.1000000015
117846  16.312  -2.051  48.628 0.1000000015
44173  4.467  -7.150  55.607 0.1000000015
44178  5.128  -7.506  54.632 0.1000000015
45311  8.327  -6.286  52.086 0.2000000030
48556  29.173  -3.833  49.801 0.2000000030
49553  12.294  -2.553  52.530 0.2000000030
46459  9.331  -5.739  50.519 0.1000000015
49567  12.706  -2.587  51.809 0.1000000015
49585  30.199  -2.292  49.950 0.2000000030
52176  31.521  0.281  50.818 0.3000000119
52177  31.196  0.487  50.646 0.3000000119
49579  13.454  -2.640  49.998 0.1000000015
53096  31.734  1.369  50.343 0.1000000015
53097  31.140  1.100  50.176 0.1000000015
49592  13.197  -2.912  49.273 0.1000000015
48564  12.692  -3.062  49.765 0.1000000015
54067  32.864  2.404  50.415 0.2000000030
102713  32.136  1.984  50.276 0.2000000030
54081  31.683  1.863  49.646 0.1000000015
54082  31.197  1.523  49.700 0.1000000015
53133  30.172  1.407  48.216 0.1000000015
53110  30.169  1.098  49.472 0.1000000015
54097  31.771  1.970  49.111 0.1000000015
53122  30.620  1.409  49.168 0.1000000015
52211  29.423  1.088  47.707 0.1000000015
52201  29.327  0.731  48.261 0.1000000015
53094  36.756  1.407  50.075 0.5000000000
113853  32.114  2.045  47.782 0.1000000015
110220  30.957  1.635  48.627 0.1000000015
99972  29.951  1.383  47.289 0.1000000015
54063  37.256  1.980  49.935 0.4000000060
102761  32.284  2.202  48.349 0.1000000015
54122  31.155  1.739  47.114 0.1000000015
53148  30.443  1.523  46.979 0.1000000015
47570  19.691  -4.563  46.532 0.1000000015
48575  25.589  -4.032  48.288 0.1000000015
48576  24.927  -4.147  48.521 0.1000000015
48577  24.295  -4.214  48.377 0.1000000015
47519  9.645  -5.129  50.551 0.1000000015
111232  29.485  -1.173  48.804 0.1000000015
49578  14.345  -2.271  49.684 0.1000000015
49591  13.851  -2.622  49.128 0.1000000015
55116  32.020  2.106  49.938 0.1000000015
55131  32.336  2.313  49.663 0.1000000015
54048  35.012  2.426  50.988 0.3000000119
55097  33.668  3.103  50.602 0.3000000119
105515  33.358  3.023  50.258 0.1000000015
55130  33.305  3.080  49.777 0.1000000015
55144  32.688  2.607  49.146 0.1000000015
53149  29.314  1.231  46.780 0.1000000015
54064  36.621  2.221  50.459 0.4000000060
54065  35.760  2.712  50.862 0.4000000060
54096  33.112  2.600  48.181 0.1000000015
54105  32.755  2.138  47.454 0.1000000015
103231  32.015  1.891  47.219 0.1000000015
99940  30.782  1.594  46.345 0.1000000015
49606  16.726  -2.481  48.055 0.1000000015
105091  37.205  4.402  49.524 0.2000000030
54119  33.939  2.721  46.913 0.1000000015
54120  33.360  2.151  46.615 0.1000000015
56089  38.224  5.041  48.646 0.3000000119
57013  37.391  5.123  49.087 0.2000000030
116611  36.688  5.050  49.378 0.2000000030
54121  32.622  1.880  46.699 0.1000000015
53163  31.335  1.506  45.544 0.1000000015
109705  29.605  -3.383  49.202 0.2000000030
106627  25.976  -4.012  48.869 0.2000000030
48554  30.161  -2.990  49.457 0.2000000030
47541  22.437  -4.435  48.421 0.1000000015
106778  14.601  -2.317  48.859 0.1000000015
54066  34.970  3.178  51.044 0.3000000119
112360  33.911  3.458  50.339 0.2000000030
118980  33.691  3.325  50.133 0.1000000015
55114  34.440  3.562  50.690 0.2000000030
56061  34.349  3.830  50.225 0.2000000030
56092  34.088  3.802  49.364 0.1000000015
55143  33.529  3.221  48.868 0.1000000015
55113  35.456  3.576  50.678 0.2000000030
56059  35.649  4.148  50.163 0.2000000030
56091  34.767  4.409  48.842 0.1000000015
55142  34.244  3.753  48.369 0.1000000015
116379  33.429  2.482  47.382 0.1000000015
104479  29.879  1.484  46.360 0.1000000015
55129  36.934  3.815  49.879 0.3000000119
56074  35.452  4.563  49.735 0.2000000030
56102  34.834  4.286  47.837 0.1000000015
54104  33.797  3.031  47.828 0.1000000015
53147  31.889  1.646  46.330 0.1000000015
57023  36.650  6.103  48.214 0.2000000030
57024  35.992  5.499  48.707 0.2000000030
56101  35.407  4.970  48.359 0.1000000015
55154  34.411  3.430  47.330 0.1000000015
54134  33.595  2.053  45.747 0.1000000015
53162  32.295  1.549  45.392 0.1000000015
57046  36.655  5.865  46.481 0.2000000030
57047  36.060  5.336  46.893 0.1000000015
56113  35.586  4.525  46.340 0.1000000015
56114  34.978  3.955  46.805 0.1000000015
55166  34.514  3.037  46.271 0.1000000015
111209  33.960  2.425  46.215 0.1000000015
53161  33.166  1.695  45.074 0.1000000015
53146  32.874  1.752  45.972 0.1000000015
56112  36.148  5.121  45.868 0.1000000015
55192  35.293  3.596  44.901 0.1000000015
55179  34.806  2.918  45.316 0.1000000015
54133  34.204  2.428  45.575 0.1000000015
105351  33.850  2.029  45.116 0.1000000015
109578  28.815  -3.714  48.932 0.2000000030
49586  29.982  -2.262  49.079 0.1000000015
52212  28.873  0.557  47.647 0.1000000015
53177  32.507  1.521  44.699 0.1000000015
56120  36.217  4.936  44.865 0.1000000015
56128  35.714  4.297  44.418 0.1000000015
55193  34.888  2.922  44.446 0.1000000015
54144  34.360  2.369  44.806 0.1000000015
54145  33.711  1.952  44.332 0.1000000015
56127  36.204  4.837  43.917 0.1000000015
56136  35.654  4.302  43.489 0.1000000015
55205  35.283  3.635  44.003 0.1000000015
55206  34.860  3.029  43.604 0.1000000015
54157  34.380  2.433  43.961 0.1000000015
117719  33.290  1.736  43.659 0.1000000015
53176  32.952  1.586  44.214 0.1000000015
105977  34.409  2.594  43.115 0.1000000015
54158  33.815  2.098  43.408 0.1000000015
53192  33.193  1.764  42.888 0.1000000015
48571  29.915  -2.979  48.638 0.1000000015
49597  29.710  -2.330  48.212 0.1000000015
53134  28.883  0.893  47.103 0.1000000015
53164  30.377  1.535  45.587 0.1000000015
53178  31.754  1.442  44.764 0.1000000015
56135  36.109  4.852  42.988 0.1000000015
55215  35.181  3.698  43.153 0.1000000015
114252  34.773  3.185  42.933 0.1000000015
54169  34.448  2.998  42.373 0.1000000015
54170  33.794  2.318  42.434 0.1000000015
53207  33.058  1.868  41.994 0.1000000015
116160  33.503  2.297  41.616 0.1000000015
53179  29.981  1.488  44.843 0.1000000015
108286  29.612  1.472  45.603 0.1000000015
59898  42.530  8.667  44.918 0.4000000060
59920  41.698  9.507  44.102 0.4000000060
59921  41.011  8.999  44.392 0.3000000119
59940  41.056  8.874  43.401 0.3000000119
58929  40.369  8.425  44.598 0.2000000030
58944  40.401  8.292  43.593 0.2000000030
58018  38.463  6.567  42.474 0.1000000015
58019  37.799  6.152  42.734 0.1000000015
57080  37.216  5.754  43.039 0.1000000015
57081  36.646  5.329  42.544 0.1000000015
56145  36.016  4.923  42.052 0.1000000015
56146  35.498  4.307  42.503 0.1000000015
55225  35.099  4.038  41.880 0.1000000015
54181  34.059  2.842  41.652 0.1000000015
54182  32.987  1.969  41.046 0.1000000015
114815  30.878  1.417  44.864 0.1000000015
53193  32.166  1.437  44.066 0.1000000015
59919  42.455  9.442  44.386 0.4000000060
59918  43.238  9.104  44.150 0.4000000060
60839  42.923  10.023  43.882 0.3000000119
58960  39.777  7.565  42.812 0.1000000015
58028  37.900  6.130  41.931 0.1000000015
55216  34.939  3.653  42.422 0.1000000015
53194  31.194  1.341  44.074 0.1000000015
59938  43.544  9.695  43.584 0.4000000060
60840  42.289  10.009  43.778 0.3000000119
58974  45.436  7.588  41.652 0.6000000238
108052  45.965  8.167  40.727 0.6000000238
58961  39.046  7.127  43.112 0.1000000015
57088  37.260  5.753  42.209 0.1000000015
57089  36.653  5.405  41.532 0.1000000015
56158  35.461  4.491  41.591 0.1000000015
59937  44.265  9.124  43.032 0.3000000119
58017  39.153  7.009  42.166 0.1000000015
115634  34.932  4.049  41.198 0.1000000015
55235  34.332  3.362  40.838 0.1000000015
60854  42.742  10.212  43.354 0.3000000119
59939  41.634  9.452  43.188 0.3000000119
59953  41.149  8.680  42.528 0.2000000030
58976  39.820  7.424  41.889 0.1000000015
58027  38.546  6.533  41.594 0.1000000015
59949  45.275  8.867  41.560 0.5000000000
58192  38.928  6.139  25.601 0.4000000060
114078  34.755  4.125  40.384 0.1000000015
103414  35.311  4.548  40.796 0.1000000015
60852  43.872  10.226  42.851 0.4000000060
59950  44.607  9.639  42.262 0.5000000000
60855  42.146  9.976  43.106 0.3000000119
120525  46.189  8.762  40.340 0.6000000238
60119  43.020  8.579  24.341 0.4000000060
61046  42.898  9.124  24.824 0.5000000000
61026  42.387  9.384  25.357 0.5000000000
102553  41.152  8.612  25.346 0.5000000000
61016  40.706  8.982  26.055 0.5000000000
59150  42.244  8.002  24.133 0.2000000030
60120  41.604  8.316  24.750 0.5000000000
60121  40.807  7.945  24.878 0.5000000000
60102  40.403  8.242  25.513 0.5000000000
59137  39.258  6.978  25.347 0.4000000060
59136  40.016  7.545  25.056 0.5000000000
56157  35.882  4.959  41.145 0.1000000015
60866  43.157  10.483  42.716 0.3000000119
58959  40.477  8.045  42.476 0.1000000015
111186  37.879  6.166  41.134 0.1000000015
61014  42.071  9.821  26.121 0.5000000000
103003  40.640  9.408  26.901 0.5000000000
103212  43.245  9.663  25.148 0.5000000000
60090  40.079  8.438  26.098 0.5000000000
59105  38.909  7.617  27.017 0.5000000000
60101  41.814  8.861  25.193 0.5000000000
61027  41.555  9.246  25.728 0.5000000000
60103  39.690  7.824  25.754 0.4000000060
59119  39.039  7.384  26.185 0.4000000060
115722  37.357  5.845  41.517 0.1000000015
60864  44.418  10.545  41.975 0.5000000000
60865  43.865  10.766  42.138 0.3000000119
59952  41.738  9.195  42.085 0.3000000119
60863  45.132  10.049  41.517 0.5000000000
59966  45.712  9.257  40.758 0.6000000238
60876  46.298  9.328  40.036 0.6000000238
105159  44.245  9.157  24.297 0.5000000000
59951  42.476  9.984  41.815 0.3000000119
110897  40.026  7.402  41.066 0.1000000015
60867  42.449  10.122  42.707 0.3000000119
61794  44.901  10.895  41.306 0.5000000000
47444  25.842  -4.905  54.459 0.4000000060
48465  26.191  -4.822  54.031 0.4000000060
47457  26.773  -5.091  53.853 0.5000000000
40571  5.462  -11.870  57.534 0.1000000015
109184  4.424  -9.795  56.629 0.1000000015
42343  4.000  -8.931  56.355 0.1000000015
39620  7.855  -11.989  56.373 0.1000000015
39621  6.983  -12.698  56.995 0.1000000015
110759  3.979  -8.142  55.808 0.1000000015
41466  4.336  -10.485  56.020 0.1000000015
44179  4.424  -7.949  55.030 0.1000000015
38553  5.968  -13.293  56.556 0.1000000015
40595  8.974  -11.693  54.968 0.1000000015
45298  6.753  -6.859  53.678 0.1000000015
45283  5.383  -6.639  54.976 0.1000000015
49509  8.724  -2.621  57.360 0.3000000119
51328  18.712  -0.742  55.254 0.1000000015
50472  18.615  -1.599  53.579 0.1000000015
61017  40.109  8.816  26.694 0.5000000000
60091  39.554  8.162  26.584 0.5000000000
50485  19.230  -2.162  53.133 0.1000000015
49548  24.667  -3.863  52.999 0.2000000030
49533  21.340  -2.475  53.817 0.1000000015
119073  22.574  -3.005  53.263 0.1000000015
49552  20.873  -2.885  53.076 0.1000000015
107019  26.242  -4.207  52.357 0.3000000119
41458  6.645  -10.538  59.238 0.1000000015
43253  5.780  -8.780  58.243 0.1000000015
43249  6.923  -8.997  59.019 0.1000000015
48544  19.297  -3.531  50.529 0.1000000015
41455  5.960  -9.522  58.624 0.1000000015
105333  5.527  -7.869  57.921 0.1000000015
45258  5.490  -6.113  58.128 0.1000000015
47424  6.090  -4.217  57.870 0.2000000030
47419  5.834  -4.775  58.054 0.2000000030
48451  6.693  -3.653  57.700 0.2000000030
48464  7.476  -3.502  56.349 0.2000000030
39622  6.266  -12.858  57.179 0.1000000015
44167  4.838  -6.954  57.663 0.1000000015
40594  9.788  -11.660  54.711 0.1000000015
45261  4.883  -6.018  57.884 0.1000000015
47433  6.111  -4.006  57.378 0.2000000030
46389  5.281  -5.186  56.560 0.1000000015
47453  7.472  -4.581  54.863 0.2000000030
46398  6.599  -4.975  55.327 0.2000000030
48488  8.900  -4.005  54.040 0.2000000030
48477  8.624  -3.664  54.878 0.3000000119
47467  8.483  -4.602  53.644 0.2000000030
38573  6.338  -14.299  55.164 0.1000000015
39651  8.744  -12.393  53.660 0.1000000015
45264  4.701  -5.875  57.080 0.1000000015
48486  10.268  -3.399  53.323 0.3000000119
38564  6.053  -13.835  55.884 0.1000000015
44170  4.455  -7.219  57.071 0.1000000015
39631  8.084  -12.097  55.355 0.1000000015
52169  31.282  -0.016  50.971 0.3000000119
44177  6.013  -7.200  54.207 0.1000000015
49536  11.994  -2.462  53.166 0.3000000119
53109  30.741  1.225  49.742 0.1000000015
44187  5.729  -7.983  53.922 0.1000000015
53086  31.458  0.830  50.497 0.3000000119
55115  32.655  2.493  50.031 0.1000000015
106642  31.263  1.656  49.324 0.1000000015
109750  37.563  2.528  49.558 0.3000000119
55111  37.026  2.929  50.082 0.3000000119
109114  36.289  3.050  50.587 0.3000000119
56073  36.282  4.516  49.803 0.2000000030
57014  36.026  5.133  49.315 0.2000000030
57022  37.474  5.943  48.499 0.3000000119
57021  38.461  5.869  48.192 0.3000000119
111925  36.652  5.570  48.891 0.2000000030
56060  34.946  4.065  50.236 0.2000000030
56075  34.693  4.218  49.679 0.2000000030
55112  36.283  3.718  50.253 0.2000000030
56090  35.373  4.872  49.149 0.1000000015
104495  35.463  4.792  47.352 0.1000000015
57033  36.589  6.056  47.435 0.2000000030
57034  35.999  5.548  47.881 0.1000000015
55178  35.156  3.698  45.828 0.1000000015
56121  35.689  4.355  45.361 0.1000000015
102796  41.710  9.005  44.826 0.4000000060
58945  39.713  7.763  43.836 0.2000000030
59917  43.900  8.447  43.668 0.4000000060
60853  43.237  10.202  43.372 0.3000000119
59936  44.848  8.416  42.289 0.5000000000
61045  43.561  9.165  24.558 0.5000000000
107488  42.330  8.723  24.765 0.5000000000
59151  41.271  7.621  24.263 0.4000000060
39623  4.989  -12.053  56.570 0.1000000015
44186  6.483  -7.680  53.476 0.1000000015
46400  26.304  -5.579  54.491 0.5000000000
46391  24.665  -4.681  55.215 0.4000000060
46399  27.131  -5.770  54.337 0.6000000238
45273  26.655  -6.057  54.420 0.6000000238
45288  26.803  -6.391  53.979 0.8000000119
45272  27.330  -6.011  54.417 0.6999999881
45289  26.030  -6.430  54.029 0.6000000238
45274  25.676  -6.151  54.478 0.6999999881
109766  26.216  -6.604  53.033 0.6999999881
117936  26.109  -6.537  53.618 0.6999999881
45304  25.331  -6.581  53.888 0.6999999881
46401  24.308  -5.584  55.193 0.6000000238
45316  28.157  -6.554  52.662 0.6999999881
45303  25.330  -6.733  53.150 0.6999999881
41614  21.164  -10.155  37.832 0.3000000119
40763  20.532  -11.520  36.805 0.3000000119
41615  20.824  -10.800  37.292 0.3000000119
41625  21.225  -10.045  36.897 0.3000000119
42495  21.519  -9.552  38.361 0.3000000119
42494  21.892  -8.959  38.872 0.3000000119
42507  21.545  -9.406  37.447 0.3000000119
42517  21.649  -9.245  36.496 0.3000000119
41626  21.000  -10.754  36.221 0.2000000030
107121  21.347  -9.932  36.118 0.3000000119
41632  21.312  -10.209  35.408 0.2000000030
43406  21.876  -8.798  37.992 0.3000000119
43417  21.930  -8.661  37.136 0.3000000119
44347  24.368  -6.999  38.933 0.3000000119
44348  23.568  -7.351  38.559 0.3000000119
119200  22.763  -7.694  37.410 0.3000000119
43416  22.307  -8.136  37.656 0.3000000119
41647  21.550  -10.720  33.720 0.2000000030
42516  22.047  -8.569  36.482 0.3000000119
44376  22.852  -7.787  36.125 0.3000000119
42544  21.708  -9.899  33.961 0.2000000030
42533  22.053  -8.849  34.946 0.2000000030
42534  21.618  -9.662  34.775 0.2000000030
43437  22.539  -8.237  35.506 0.2000000030
42523  21.620  -9.422  35.597 0.2000000030
44363  24.355  -7.109  37.965 0.4000000060
44365  23.133  -7.524  36.852 0.3000000119
44364  23.417  -7.412  37.648 0.3000000119
43446  22.841  -8.263  34.677 0.3000000119
115758  21.982  -9.285  34.242 0.2000000030
42543  22.308  -9.319  33.453 0.3000000119
44375  23.650  -7.438  36.188 0.3000000119
44383  23.374  -7.700  35.316 0.3000000119
54079  38.009  2.717  48.985 0.3000000119
54095  37.681  2.105  48.687 0.3000000119
54080  37.459  2.038  49.243 0.3000000119
54094  38.169  2.667  48.349 0.5000000000
55127  38.287  3.488  48.917 0.3000000119
56072  38.005  4.244  49.085 0.3000000119
117433  39.090  4.257  48.059 0.3000000119
49804  35.347  -2.053  29.860 0.1000000015
49806  33.661  -2.299  29.526 0.2000000030
57087  44.204  5.133  42.121 0.6999999881
57085  45.533  5.543  41.246 0.8000000119
55367  44.234  3.707  30.426 0.2000000030
65590  45.288  15.758  31.664 0.2000000030
65589  46.518  15.713  31.722 0.2000000030
65618  44.957  14.663  29.515 0.2000000030
65606  44.633  15.364  30.586 0.2000000030
65591  44.296  16.145  31.628 0.2000000030
65605  45.782  15.395  30.869 0.2000000030
65617  46.031  14.760  29.778 0.2000000030
65616  47.098  15.119  30.067 0.2000000030
99372  49.472  14.726  31.162 0.3000000119
62840  48.605  11.801  27.724 0.4000000060
62857  48.078  11.365  26.703 0.4000000060
63723  42.780  14.572  34.093 0.1000000015
62763  42.984  13.745  33.971 0.5000000000
64673  41.912  14.505  33.401 0.1000000015
65573  42.471  15.471  32.485 0.2000000030
65607  42.048  15.222  31.132 0.2000000030
65592  42.994  16.105  31.970 0.2000000030
118026  43.533  16.101  31.482 0.2000000030
117418  42.728  15.379  30.675 0.1000000015
114566  43.603  15.423  30.469 0.2000000030
99616  47.905  15.101  29.962 0.2000000030
99459  49.375  13.232  30.501 0.2000000030
103624  48.046  12.237  28.512 0.4000000060
62874  47.596  10.963  25.957 0.5000000000
64689  42.003  14.969  33.063 0.1000000015
64750  46.232  14.117  28.781 0.2000000030
112635  47.032  14.242  29.011 0.2000000030
99464  49.520  14.987  30.259 0.2000000030
99371  49.869  13.945  30.990 0.2000000030
117658  49.984  13.142  30.353 0.2000000030
62873  48.470  11.028  25.918 0.4000000060
61964  48.257  10.153  24.535 0.3000000119
61042  47.704  9.614  24.051 0.4000000060
114074  40.902  13.915  32.951 0.1000000015
64690  40.976  14.158  32.266 0.1000000015
65619  43.860  14.650  29.380 0.1000000015
64751  45.300  13.992  28.601 0.2000000030
64772  49.774  13.987  27.876 0.2000000030
99557  49.152  14.399  28.767 0.2000000030
113241  48.563  14.853  29.504 0.2000000030
99373  47.530  14.141  28.596 0.2000000030
114575  50.259  14.554  29.541 0.2000000030
99370  50.603  14.369  30.235 0.1000000015
99367  50.473  14.179  30.536 0.2000000030
99664  50.464  12.675  29.534 0.3000000119
62839  49.911  11.963  28.017 0.3000000119
62856  49.067  11.460  26.768 0.4000000060
61946  47.946  10.579  25.257 0.4000000060
64773  46.554  13.580  27.841 0.1000000015
113260  48.101  14.012  28.043 0.2000000030
64771  50.834  13.985  28.548 0.2000000030
99662  50.983  14.047  29.522 0.2000000030
99369  50.934  14.022  30.016 0.1000000015
63769  51.053  13.653  30.003 0.2000000030
61945  48.801  10.614  25.157 0.3000000119
64752  44.264  13.747  28.413 0.1000000015
114560  47.274  13.540  27.564 0.1000000015
64790  48.614  13.586  27.410 0.2000000030
118110  50.504  13.838  27.662 0.2000000030
64774  45.593  13.416  27.845 0.1000000015
112872  49.077  13.369  26.820 0.2000000030
64788  51.258  13.681  27.511 0.2000000030
64789  49.980  13.422  26.787 0.2000000030
63818  51.529  13.123  25.930 0.2000000030
64803  49.803  13.127  25.823 0.2000000030
63832  51.223  12.908  24.914 0.1000000015
63845  52.221  12.688  23.985 0.1000000015
105381  52.049  12.810  24.705 0.1000000015
105928  53.373  12.453  23.400 0.1000000015
63860  53.437  12.347  22.560 0.1000000015
106519  52.448  12.493  23.221 0.1000000015
63861  52.714  12.386  22.631 0.1000000015
113894  24.778  -6.848  53.444 0.6999999881
41602  20.737  -10.792  38.238 0.2000000030
44349  22.805  -7.688  38.128 0.3000000119
50734  33.235  -1.612  29.542 0.2000000030
55141  38.487  3.326  48.432 0.3000000119
55140  38.967  3.872  48.009 0.4000000060
103796  34.837  -1.372  29.556 0.2000000030
107828  25.333  -5.384  54.878 0.4000000060
56088  38.692  4.096  48.500 0.3000000119
113385  27.269  -6.562  53.093 0.6999999881
43426  22.402  -7.998  36.811 0.3000000119
42522  21.989  -8.733  35.856 0.2000000030
113158  48.755  15.218  30.810 0.2000000030
99660  50.111  14.464  30.543 0.2000000030
99366  49.197  12.533  29.166 0.3000000119
63735  41.369  13.969  33.482 0.1000000015
99364  50.591  13.553  30.278 0.2000000030
42342  9.163  -9.385  56.742 0.3000000119
99911  11.061  -9.666  57.651 0.3000000119
42341  10.364  -9.667  56.558 0.4000000060
46387  8.455  -5.709  57.116 0.2000000030
45268  8.563  -6.965  55.993 0.2000000030
42360  8.857  -9.176  55.353 0.2000000030
42334  9.986  -9.387  57.758 0.3000000119
47416  8.223  -3.554  58.105 0.2000000030
43261  8.375  -8.790  55.943 0.2000000030
43259  7.927  -8.242  56.604 0.2000000030
44172  8.324  -7.931  55.882 0.2000000030
44168  7.985  -7.409  56.606 0.2000000030
44169  7.306  -7.690  57.352 0.2000000030
45262  8.225  -6.532  56.737 0.2000000030
45259  7.652  -6.090  57.435 0.2000000030
45263  7.590  -6.898  57.137 0.2000000030
45286  28.468  -6.113  54.162 0.6999999881
45287  27.710  -6.202  54.139 0.6999999881
45315  29.063  -6.499  52.553 0.6000000238
115210  6.798  -4.842  58.090 0.2000000030
46383  7.690  -5.063  57.796 0.2000000030
111391  8.505  -6.601  51.447 0.1000000015
50436  16.619  -1.391  56.083 0.3000000119
47443  26.615  -5.288  54.145 0.5000000000
100933  28.065  -5.572  54.029 0.5000000000
46414  27.891  -5.847  54.339 0.5000000000
45285  29.235  -6.108  54.067 0.5000000000
45300  29.650  -6.371  53.406 0.6000000238
45302  28.140  -6.422  53.661 0.6000000238
114542  29.828  -6.468  52.529 0.6000000238
120280  17.233  -1.371  56.177 0.3000000119
104408  17.079  -1.885  56.119 0.3000000119
113929  28.225  -5.179  53.631 0.4000000060
47456  27.376  -5.080  53.641 0.3000000119
48498  26.870  -4.549  53.073 0.2000000030
46412  29.469  -5.779  54.132 0.6000000238
47455  28.850  -5.426  53.969 0.5000000000
45284  30.066  -6.092  53.935 0.6999999881
46437  31.216  -5.957  53.118 0.6999999881
48574  26.627  -3.905  48.226 0.2000000030
106934  27.597  -3.786  47.865 0.2000000030
48591  27.002  -3.735  47.345 0.1000000015
118706  27.325  -3.587  46.859 0.1000000015
46411  30.234  -5.535  53.953 0.5000000000
49572  34.200  -2.440  50.188 0.6000000238
49559  33.735  -2.331  50.886 0.5000000000
50524  34.759  -1.765  49.587 0.4000000060
107782  34.291  -1.045  50.319 0.4000000060
50523  35.321  -1.128  49.223 0.4000000060
52182  35.631  -0.177  49.779 0.4000000060
50510  35.039  -1.014  49.760 0.4000000060
53108  36.626  0.847  49.470 0.4000000060
52181  36.168  0.699  49.998 0.4000000060
53107  37.046  1.476  49.448 0.3000000119
53095  35.884  1.646  50.622 0.3000000119
56100  40.080  5.057  47.135 0.4000000060
56110  40.382  4.917  46.440 0.5000000000
56111  39.755  4.451  47.055 0.4000000060
59153  39.764  6.880  24.703 0.2000000030
57272  39.292  5.402  25.398 0.3000000119
55175  40.256  4.577  46.067 0.6000000238
61070  45.464  8.888  23.725 0.3000000119
57044  40.632  5.636  46.531 0.5000000000
56119  40.743  4.963  45.684 0.5000000000
57043  41.191  5.886  45.969 0.5000000000
57987  41.539  6.608  45.795 0.4000000060
57054  41.579  5.799  45.455 0.4000000060
58928  42.192  8.062  45.331 0.4000000060
58907  42.015  7.091  45.421 0.4000000060
63783  46.910  12.463  29.600 0.5000000000
58008  43.063  6.577  44.317 0.4000000060
57077  44.355  5.628  42.493 0.5000000000
58025  45.078  5.880  42.103 0.5000000000
58015  45.059  6.838  42.245 0.5000000000
62722  46.119  12.686  37.513 0.4000000060
58024  45.602  6.435  41.480 0.5000000000
103483  45.830  11.055  39.808 0.4000000060
58957  44.982  7.589  42.279 0.5000000000
62734  45.592  12.791  36.637 0.4000000060
61815  46.358  10.640  39.007 0.5000000000
62685  45.245  11.369  40.687 0.4000000060
60877  45.664  10.353  40.554 0.4000000060
62698  45.336  13.083  39.391 0.4000000060
120536  45.760  12.371  39.373 0.4000000060
62674  44.754  11.320  41.111 0.3000000119
62699  44.860  12.521  40.107 0.4000000060
62686  44.880  11.807  40.705 0.3000000119
62675  44.412  11.430  41.128 0.3000000119
62687  44.415  11.923  40.640 0.3000000119
62700  44.277  12.505  39.971 0.4000000060
42350  8.709  -9.233  56.062 0.2000000030
46382  8.703  -4.927  57.481 0.2000000030
117379  35.598  -0.668  49.374 0.4000000060
52191  36.137  0.100  49.317 0.4000000060
120061  35.838  -0.363  49.338 0.4000000060
55163  39.934  4.401  46.541 0.5000000000
117002  45.643  6.261  30.058 0.2000000030
57232  43.523  6.066  29.656 0.2000000030
57053  42.104  6.240  45.181 0.4000000060
57068  43.382  5.844  43.602 0.4000000060
61043  45.762  9.359  24.192 0.4000000060
117440  47.664  12.475  29.272 0.3000000119
58991  46.230  7.022  40.887 0.5000000000
61828  46.454  11.122  38.513 0.5000000000
60890  46.279  10.040  39.522 0.4000000060
61840  46.394  11.476  37.777 0.4000000060
64634  44.231  14.824  36.163 0.3000000119
60117  44.678  8.809  23.848 0.4000000060
47454  29.565  -5.211  53.913 0.4000000060
45260  6.944  -6.688  57.737 0.1000000015
57279  39.431  6.116  24.787 0.2000000030
60118  43.855  8.559  23.938 0.2000000030
47442  27.331  -5.519  54.060 0.4000000060
58958  44.498  7.682  42.832 0.5000000000
57078  43.882  6.052  43.192 0.5000000000
62748  43.506  13.257  34.545 0.4000000060
42336  8.296  -8.918  56.842 0.2000000030
45301  28.832  -6.393  53.544 0.6000000238
46413  28.691  -5.842  54.210 0.5000000000
46425  30.852  -5.858  53.644 0.5000000000
45299  30.516  -6.267  53.095 0.6000000238
52183  35.154  0.676  50.448 0.4000000060
56359  40.076  4.251  25.771 0.2000000030
119845  44.980  8.614  23.463 0.2000000030
56329  42.755  5.323  29.071 0.2000000030
57055  40.967  5.427  45.826 0.5000000000
58016  44.436  6.448  42.725 0.4000000060
63692  45.747  13.665  37.195 0.3000000119
104613  45.474  12.106  40.031 0.4000000060
62712  46.084  12.540  38.597 0.4000000060
101498  46.059  11.651  39.205 0.4000000060
47474  30.144  -4.669  53.507 0.3000000119
48497  30.886  -4.339  53.282 0.2000000030
47472  31.703  -4.822  53.075 0.6000000238
46436  31.634  -5.619  52.673 0.6000000238
114887  27.700  -3.858  48.751 0.1000000015
50497  32.434  -1.644  51.632 0.3000000119
51346  32.041  -1.148  51.934 0.3000000119
117033  33.045  -2.161  51.385 0.3000000119
51347  31.891  -0.943  51.658 0.2000000030
49561  32.435  -2.387  51.791 0.4000000060
50482  32.196  -1.582  51.754 0.2000000030
48515  33.117  -3.560  51.563 0.4000000060
49545  32.167  -2.570  51.880 0.3000000119
49546  32.072  -2.238  51.813 0.2000000030
48516  32.603  -4.015  52.126 0.5000000000
110279  32.045  -3.151  52.089 0.2000000030
48573  28.616  -3.559  47.922 0.1000000015
48453  23.913  -3.686  55.073 0.1000000015
49511  23.678  -3.397  54.644 0.1000000015
49497  22.629  -2.899  54.853 0.1000000015
52174  32.116  -0.047  51.204 0.3000000119
52167  32.184  -0.586  51.294 0.3000000119
51356  32.636  -0.825  51.148 0.3000000119
52168  31.680  -0.415  51.211 0.2000000030
50511  34.346  -1.728  50.276 0.5000000000
50496  33.430  -1.491  50.856 0.3000000119
52175  31.758  0.137  51.036 0.3000000119
51355  33.665  -0.566  50.587 0.3000000119
114373  33.019  -0.033  50.811 0.3000000119
53084  32.233  1.132  50.762 0.3000000119
107497  33.042  0.792  50.733 0.3000000119
52173  33.966  0.313  50.555 0.3000000119
51543  46.280  -0.302  30.686 0.1000000015
54051  32.179  1.705  50.544 0.2000000030
53083  33.198  1.756  50.777 0.3000000119
114214  37.783  -4.301  32.284 0.1000000015
47801  38.132  -3.868  31.696 0.1000000015
48844  36.755  -3.652  31.421 0.1000000015
51533  47.495  -0.507  31.604 0.1000000015
53351  49.528  1.639  31.476 0.1000000015
52417  48.537  0.510  31.527 0.1000000015
52418  47.788  0.202  31.264 0.1000000015
51542  47.048  -0.069  30.988 0.1000000015
52430  46.562  0.397  30.392 0.1000000015
53085  31.769  0.926  50.621 0.3000000119
52441  45.356  0.770  29.700 0.1000000015
51552  44.975  0.057  29.828 0.1000000015
52431  45.800  0.199  30.131 0.1000000015
51553  43.958  0.002  29.578 0.1000000015
52429  47.322  0.622  30.620 0.1000000015
53350  50.289  2.088  31.946 0.1000000015
52428  48.075  0.894  30.840 0.1000000015
54328  50.327  3.496  30.815 0.1000000015
55393  49.172  3.363  28.681 0.1000000015
55394  48.394  3.413  28.968 0.1000000015
56310  49.838  4.485  29.904 0.1000000015
55395  47.601  3.318  28.674 0.1000000015
116726  46.974  3.373  28.483 0.1000000015
56324  50.370  4.217  29.430 0.1000000015
55377  49.221  3.776  29.574 0.1000000015
55365  49.124  3.788  29.901 0.1000000015
104795  47.869  3.360  29.098 0.1000000015
55379  47.141  3.431  29.058 0.1000000015
55378  48.514  3.337  29.463 0.1000000015
55380  46.421  3.698  29.055 0.1000000015
55364  49.567  4.375  29.988 0.1000000015
54345  47.731  2.894  29.432 0.1000000015
54330  48.550  2.767  30.022 0.1000000015
54346  46.848  3.012  29.285 0.1000000015
54329  49.503  3.091  30.393 0.1000000015
114967  47.866  2.122  29.944 0.1000000015
110448  46.186  2.180  29.436 0.1000000015
108594  45.264  2.173  29.389 0.1000000015
53386  47.065  1.969  29.644 0.1000000015
54348  44.991  3.102  29.363 0.1000000015
53387  46.349  1.475  29.697 0.1000000015
117500  44.984  1.395  29.504 0.1000000015
53369  49.145  2.069  30.712 0.1000000015
53370  48.344  1.687  30.462 0.1000000015
52440  46.098  0.863  29.886 0.1000000015
52442  44.540  0.823  29.544 0.1000000015
53371  47.563  1.377  30.279 0.1000000015
118713  43.791  0.932  29.523 0.1000000015
53372  46.806  1.107  30.104 0.1000000015
53352  48.821  1.241  31.131 0.1000000015
54312  49.917  2.488  31.148 0.1000000015
55352  51.174  4.136  31.408 0.1000000015
56342  44.904  5.020  28.356 0.1000000015
56341  45.380  4.832  28.588 0.1000000015
55408  47.319  3.171  27.966 0.1000000015
55410  45.693  3.551  28.234 0.1000000015
114316  45.448  5.817  28.569 0.1000000015
56327  45.140  5.847  28.443 0.1000000015
55396  46.405  3.552  28.685 0.1000000015
55407  48.187  3.068  28.123 0.1000000015
55397  45.956  4.429  28.958 0.1000000015
56326  45.610  6.178  28.802 0.1000000015
56325  49.729  3.898  29.338 0.1000000015
56311  45.849  5.675  28.912 0.1000000015
118962  46.089  5.196  29.098 0.1000000015
107829  46.024  4.127  29.131 0.1000000015
55381  45.657  4.573  29.439 0.1000000015
56296  50.111  4.770  30.077 0.1000000015
54347  46.009  3.105  29.237 0.1000000015
108218  49.722  4.242  30.182 0.1000000015
53389  44.273  1.787  29.418 0.1000000015
54349  43.882  2.381  29.593 0.1000000015
55362  51.433  5.028  31.161 0.1000000015
55363  50.605  4.583  30.586 0.1000000015
56328  44.250  5.522  28.446 0.1000000015
57241  43.977  6.022  28.931 0.1000000015
57240  45.072  6.338  28.766 0.1000000015
57231  44.679  6.611  29.602 0.1000000015
57230  45.471  6.460  29.275 0.1000000015
56312  45.970  6.100  29.402 0.1000000015
56323  51.279  4.491  29.491 0.1000000015
55382  44.563  3.461  29.708 0.1000000015
56309  50.540  4.956  29.974 0.1000000015
56295  50.949  5.083  30.373 0.1000000015
101687  43.074  5.084  28.454 0.1000000015
56344  43.247  4.613  27.908 0.1000000015
55409  46.576  3.289  27.966 0.1000000015
102136  44.878  3.820  28.067 0.1000000015
56345  42.114  4.432  27.816 0.1000000015
55392  50.098  3.458  28.739 0.1000000015
54369  46.096  2.877  27.321 0.1000000015
55411  44.291  3.983  27.753 0.1000000015
55412  43.473  3.947  27.443 0.1000000015
54367  47.684  2.812  27.378 0.1000000015
55414  45.250  2.985  27.326 0.1000000015
55415  44.479  3.097  27.191 0.1000000015
119283  42.303  3.736  27.127 0.1000000015
56355  41.091  4.041  27.077 0.1000000015
55391  51.030  3.520  28.815 0.1000000015
54368  46.964  2.816  27.269 0.1000000015
55416  43.726  3.141  27.016 0.1000000015
54378  46.543  2.581  26.463 0.1000000015
102842  45.674  2.618  26.519 0.1000000015
54380  44.082  2.650  26.337 0.1000000015
107580  42.946  3.170  26.821 0.1000000015
54379  44.880  2.656  26.463 0.1000000015
107342  41.866  4.731  28.471 0.1000000015
115426  41.170  4.463  27.845 0.1000000015
55406  49.765  2.857  27.930 0.1000000015
116914  48.985  2.880  27.772 0.1000000015
56356  40.119  4.330  26.618 0.1000000015
112613  48.474  2.651  27.000 0.1000000015
107865  41.264  3.446  26.244 0.1000000015
56357  39.445  4.799  26.086 0.1000000015
54381  43.219  2.670  26.212 0.1000000015
55417  42.176  2.799  26.100 0.1000000015
55420  41.280  3.167  25.141 0.1000000015
55421  40.622  3.771  25.504 0.1000000015
107959  40.198  4.242  25.099 0.1000000015
56364  39.654  5.304  24.763 0.1000000015
103312  40.132  4.704  24.461 0.1000000015
57278  39.972  5.595  24.172 0.1000000015
58207  40.095  6.438  24.218 0.1000000015
59152  40.426  7.232  24.452 0.1000000015
58217  40.511  5.983  23.587 0.1000000015
59160  40.865  6.835  23.857 0.1000000015
58216  41.300  6.445  23.175 0.1000000015
59159  41.695  7.260  23.616 0.1000000015
59165  41.969  6.989  22.931 0.1000000015
59158  42.509  7.534  23.359 0.1000000015
59157  43.278  7.673  23.058 0.1000000015
59163  43.366  7.569  22.250 0.1000000015
60161  44.871  8.224  21.161 0.1000000015
59167  44.102  7.780  20.805 0.1000000015
60138  43.146  8.036  23.726 0.1000000015
60150  43.980  7.897  22.795 0.1000000015
60137  43.770  8.068  23.385 0.1000000015
100105  45.090  8.329  22.098 0.1000000015
59162  44.204  7.916  21.890 0.1000000015
115366  44.599  8.200  22.641 0.1000000015
60160  45.703  8.412  21.442 0.1000000015
60136  44.460  8.343  23.312 0.1000000015
60135  46.285  8.755  23.226 0.2000000030
99874  45.283  8.456  23.005 0.1000000015
60148  46.823  8.658  22.509 0.2000000030
60149  45.963  8.498  22.350 0.1000000015
62842  46.302  11.491  27.467 0.4000000060
60134  47.131  8.870  23.134 0.2000000030
61068  46.960  9.190  23.743 0.3000000119
63795  47.055  11.857  28.259 0.4000000060
116346  46.925  11.511  27.275 0.4000000060
62858  47.233  11.306  26.644 0.4000000060
62875  46.763  10.901  26.016 0.4000000060
110977  46.396  9.542  24.266 0.3000000119
61069  46.177  9.109  23.839 0.3000000119
61041  48.586  9.607  23.783 0.2000000030
62841  47.631  11.638  27.483 0.4000000060
61947  47.112  10.546  25.325 0.4000000060
61965  47.448  10.153  24.677 0.3000000119
119547  47.035  9.706  24.298 0.3000000119
46423  31.980  -5.086  52.767 0.5000000000
108558  43.945  6.502  30.186 0.1000000015
48454  23.233  -3.707  55.664 0.1000000015
48439  23.125  -3.295  55.096 0.1000000015
49519  23.640  -3.234  54.247 0.1000000015
48496  31.327  -3.819  52.663 0.2000000030
101900  31.873  -3.101  52.110 0.2000000030
46424  31.459  -5.514  53.226 0.5000000000
47473  31.011  -5.076  53.537 0.3000000119
51361  34.716  -0.335  50.238 0.3000000119
56360  39.748  4.744  25.235 0.1000000015
112263  31.343  -4.428  53.133 0.2000000030
47491  32.393  -4.581  52.191 0.5000000000
48495  31.830  -3.997  52.597 0.3000000119
47471  32.134  -4.454  52.535 0.5000000000
50498  32.085  -1.826  51.847 0.3000000119
48493  32.549  -3.228  51.897 0.4000000060
48494  32.203  -3.645  52.233 0.3000000119
52416  49.287  0.901  31.837 0.1000000015
53337  49.862  1.398  32.137 0.1000000015
53388  45.689  1.434  29.544 0.1000000015
56343  44.256  4.840  28.192 0.1000000015
55418  40.602  3.923  26.234 0.1000000015
55424  40.599  3.897  24.665 0.1000000015
118051  41.701  6.519  22.712 0.1000000015
60159  46.534  8.536  21.670 0.1000000015
42323  10.100  -9.515  59.918 0.1000000015
42324  9.380  -9.312  59.808 0.1000000015
107542  10.479  -9.546  59.650 0.1000000015
42328  11.135  -9.809  59.380 0.1000000015
42330  9.692  -9.275  59.508 0.2000000030
42329  10.542  -9.507  58.792 0.2000000030
42335  8.962  -9.037  57.861 0.1000000015
43255  8.770  -8.979  58.919 0.2000000030
119172  7.666  -8.909  59.046 0.1000000015
43251  6.503  -8.499  58.288 0.1000000015
43257  6.982  -8.458  57.965 0.1000000015
43256  7.957  -8.723  58.026 0.1000000015
116700  7.649  -8.427  57.329 0.1000000015
44165  6.434  -7.496  57.957 0.1000000015
48831  27.413  -3.311  32.084 0.2000000030
48848  26.922  -3.788  31.332 0.2000000030
61795  44.376  11.036  41.572 0.3000000119
62872  49.438  11.064  25.868 0.2000000030
62838  50.960  11.805  27.719 0.2000000030
63782  51.442  12.962  29.718 0.1000000015
49766  27.885  -2.986  32.749 0.2000000030
104200  26.469  -4.497  32.613 0.2000000030
113253  48.534  12.783  29.887 0.2000000030
63648  44.760  13.360  39.404 0.3000000119
43246  8.760  -9.130  59.579 0.1000000015
114881  9.622  -9.201  58.660 0.2000000030
62855  50.177  11.495  26.785 0.2000000030
63794  51.261  12.359  28.705 0.2000000030
105889  34.085  1.233  50.717 0.2000000030
55164  39.448  3.924  46.856 0.3000000119
114017  34.140  2.164  50.932 0.2000000030
55128  37.693  3.393  49.484 0.2000000030
101490  39.446  4.509  47.685 0.3000000119
56087  39.000  4.866  48.193 0.2000000030
57942  37.280  6.535  48.006 0.1000000015
57032  39.410  5.653  47.700 0.2000000030
57955  38.606  6.723  47.597 0.2000000030
57941  37.869  6.523  48.042 0.2000000030
57031  40.127  5.828  47.169 0.3000000119
57957  37.066  6.546  47.768 0.1000000015
57954  39.591  6.646  47.281 0.3000000119
57956  37.685  6.835  47.522 0.1000000015
57969  40.935  6.431  46.349 0.4000000060
57970  40.358  6.483  46.882 0.4000000060
57972  38.390  7.261  47.061 0.2000000030
57045  37.247  6.347  46.172 0.1000000015
57057  36.753  5.692  45.377 0.1000000015
112901  40.510  7.078  46.594 0.4000000060
57971  39.858  7.298  46.844 0.3000000119
58879  39.067  7.381  47.026 0.2000000030
58892  40.935  7.333  46.230 0.3000000119
58894  39.411  7.672  46.387 0.2000000030
58895  38.874  7.517  46.650 0.2000000030
57989  37.848  6.737  45.874 0.1000000015
57064  36.707  5.424  44.360 0.1000000015
58909  40.623  8.025  45.988 0.3000000119
58911  39.146  7.768  46.093 0.2000000030
58000  38.469  7.117  45.522 0.1000000015
57063  37.121  5.929  44.739 0.1000000015
57071  37.269  5.897  43.952 0.1000000015
58007  43.507  6.566  43.759 0.3000000119
58910  39.959  8.085  45.873 0.2000000030
58908  41.398  7.805  45.742 0.3000000119
106172  39.713  7.985  45.614 0.2000000030
58931  39.088  7.522  45.147 0.1000000015
112211  37.870  6.365  44.000 0.1000000015
58010  37.677  6.146  43.413 0.1000000015
58927  42.916  7.771  44.876 0.3000000119
58943  43.434  7.724  44.220 0.3000000119
58006  43.903  7.082  43.401 0.3000000119
59900  40.879  8.740  45.034 0.3000000119
58930  39.716  7.897  44.817 0.1000000015
58009  38.333  6.599  43.457 0.1000000015
59877  40.721  8.333  45.522 0.3000000119
59878  40.277  8.304  45.326 0.1000000015
58946  39.021  7.300  44.124 0.1000000015
59897  42.984  8.588  44.641 0.3000000119
59967  41.987  8.902  40.904 0.2000000030
62713  43.899  13.057  38.957 0.2000000030
63667  45.072  14.180  38.873 0.2000000030
63680  45.814  13.769  37.922 0.2000000030
63668  44.523  14.156  38.602 0.2000000030
64621  45.358  14.536  37.326 0.2000000030
114322  43.218  14.096  37.009 0.2000000030
63694  43.483  14.799  36.182 0.2000000030
62724  42.574  13.154  36.713 0.2000000030
64635  43.631  14.760  35.725 0.2000000030
64636  43.043  14.593  35.380 0.2000000030
62737  41.427  12.497  35.556 0.1000000015
62749  42.033  13.842  34.956 0.1000000015
107624  40.791  12.033  35.255 0.1000000015
62750  41.312  13.224  34.768 0.1000000015
62762  43.030  14.208  34.267 0.1000000015
63706  42.707  14.355  34.792 0.1000000015
63713  42.483  14.017  34.283 0.1000000015
63714  41.646  13.909  34.182 0.1000000015
64791  47.684  13.320  26.981 0.1000000015
65603  47.934  15.485  31.086 0.1000000015
64801  51.745  13.344  26.819 0.1000000015
100381  48.230  13.186  26.254 0.1000000015
65604  46.968  15.667  31.114 0.1000000015
53082  34.901  1.615  50.796 0.2000000030
57974  37.163  6.543  47.121 0.1000000015
60879  43.266  10.647  41.720 0.2000000030
59899  41.390  8.494  45.323 0.3000000119
103276  41.639  14.008  33.899 0.1000000015
64802  50.725  13.221  26.302 0.1000000015
100065  49.071  13.152  25.979 0.1000000015
64813  50.340  13.032  25.305 0.1000000015
63693  45.034  14.144  36.430 0.2000000030
64623  44.153  14.930  36.473 0.2000000030
57973  37.800  6.944  46.804 0.1000000015
57988  38.474  7.318  46.472 0.2000000030
57056  37.324  6.210  45.369 0.1000000015
58893  40.187  7.697  46.343 0.3000000119
58001  37.764  6.403  44.831 0.1000000015
104949  38.413  6.871  44.495 0.1000000015
105606  43.790  13.841  38.001 0.2000000030
64596  44.837  14.694  38.179 0.2000000030
64610  44.205  14.735  37.391 0.2000000030
63695  42.826  14.361  36.043 0.2000000030
62723  43.177  12.859  37.780 0.2000000030
61852  41.948  12.108  36.456 0.1000000015
62736  42.303  13.821  35.525 0.1000000015
64787  52.396  13.376  27.696 0.1000000015
41467  16.979  -9.304  56.378 0.1000000015
38592  16.910  -13.809  52.011 0.2000000030
39617  13.755  -12.505  56.823 0.1000000015
39616  14.200  -11.724  56.110 0.1000000015
39628  14.957  -12.262  55.673 0.1000000015
40585  15.893  -10.177  56.250 0.1000000015
100973  16.528  -9.490  56.502 0.1000000015
35802  21.174  -16.349  50.059 0.2000000030
36720  20.570  -15.914  50.172 0.2000000030
40584  17.061  -9.693  56.948 0.1000000015
36709  19.631  -15.629  50.301 0.2000000030
41474  16.901  -9.124  55.466 0.1000000015
37587  16.690  -14.139  51.247 0.2000000030
40576  13.591  -11.118  56.463 0.1000000015
104674  15.036  -11.074  55.785 0.1000000015
41469  15.768  -9.352  56.131 0.1000000015
41468  16.393  -8.947  56.045 0.1000000015
36721  19.822  -15.951  49.498 0.2000000030
36710  18.491  -15.512  50.070 0.2000000030
36722  19.003  -15.714  49.399 0.2000000030
36702  17.802  -15.204  50.754 0.2000000030
37594  17.039  -14.936  50.087 0.2000000030
105054  17.033  -14.733  50.852 0.2000000030
41457  11.813  -10.269  59.060 0.1000000015
41462  12.197  -10.319  58.194 0.1000000015
42332  11.948  -10.069  57.466 0.1000000015
40586  14.378  -10.577  55.762 0.1000000015
41470  14.999  -9.590  55.733 0.1000000015
40770  20.678  -11.642  35.839 0.2000000030
49774  29.995  -2.234  31.262 0.1000000015
48877  29.720  -3.330  29.592 0.1000000015
49796  28.907  -2.815  30.440 0.1000000015
48847  27.697  -3.227  31.208 0.1000000015
47824  30.765  -4.147  29.358 0.1000000015
48878  28.829  -3.385  29.795 0.1000000015
48879  27.900  -3.801  29.806 0.1000000015
46745  32.100  -4.813  29.608 0.1000000015
46746  31.071  -4.987  29.484 0.1000000015
112556  30.348  -5.341  29.568 0.1000000015
112243  32.649  -6.439  31.186 0.1000000015
45554  31.340  -6.359  30.459 0.1000000015
49794  30.171  -2.386  30.400 0.1000000015
100938  31.365  -3.570  29.401 0.1000000015
48876  30.542  -3.380  29.469 0.1000000015
49808  31.254  -2.688  29.588 0.1000000015
47823  31.491  -4.291  29.416 0.1000000015
46732  33.402  -5.294  30.261 0.1000000015
46744  32.886  -4.926  29.763 0.1000000015
47822  32.780  -4.290  29.536 0.1000000015
101140  32.045  -3.068  29.439 0.1000000015
50715  31.448  -1.643  30.559 0.1000000015
49807  32.783  -2.511  29.472 0.1000000015
48875  32.740  -3.474  29.447 0.1000000015
54050  33.409  2.546  50.766 0.1000000015
107380  32.659  2.028  50.660 0.1000000015
38600  16.325  -13.490  50.810 0.2000000030
43447  22.482  -8.766  34.093 0.2000000030
47791  26.412  -4.392  31.827 0.1000000015
49776  28.432  -2.802  31.126 0.1000000015
49763  30.121  -2.146  32.266 0.1000000015
112652  29.503  -2.370  31.805 0.1000000015
102847  28.831  -2.569  31.849 0.1000000015
50716  30.737  -1.915  30.904 0.1000000015
42333  11.505  -9.899  58.457 0.1000000015
48865  26.865  -4.097  30.564 0.1000000015
101523  20.628  -15.610  50.949 0.1000000015
37586  17.454  -14.581  51.673 0.2000000030
108265  15.235  -10.114  55.880 0.1000000015
102254  18.877  -15.427  50.963 0.2000000030
49775  29.177  -2.527  31.145 0.1000000015
49795  29.547  -2.548  30.608 0.1000000015
100437  30.328  -2.726  29.799 0.1000000015
49809  29.548  -2.802  30.026 0.1000000015
47825  29.970  -3.962  29.369 0.1000000015
48864  27.404  -3.692  30.495 0.1000000015
48846  28.159  -3.236  30.417 0.1000000015
104841  30.190  -4.688  29.392 0.1000000015
102460  29.272  -3.833  29.463 0.1000000015
47813  27.177  -4.195  29.961 0.1000000015
46733  32.543  -5.470  30.062 0.1000000015
46734  31.703  -5.632  29.935 0.1000000015
46735  30.839  -5.839  29.885 0.1000000015
45553  32.179  -6.136  30.513 0.1000000015
45552  32.867  -5.892  30.566 0.1000000015
49793  30.911  -2.156  30.115 0.1000000015
101518  32.098  -3.924  29.413 0.1000000015
50736  31.675  -1.920  29.825 0.1000000015
50735  32.461  -1.791  29.637 0.1000000015
105944  32.042  -2.372  29.555 0.1000000015
35810  21.586  -16.869  49.898 0.1000000015
36701  19.841  -15.438  51.242 0.1000000015
35821  21.146  -16.856  49.297 0.1000000015
35811  20.513  -16.347  49.418 0.1000000015
115636  20.619  -15.335  51.601 0.1000000015
117123  19.265  -15.261  51.633 0.1000000015
37560  20.665  -13.834  54.276 0.1000000015
37585  18.459  -15.097  51.648 0.1000000015
36683  22.929  -15.137  54.387 0.1000000015
37568  22.373  -14.562  54.062 0.1000000015
37559  21.704  -14.034  54.542 0.1000000015
37578  20.219  -14.757  52.676 0.1000000015
37579  18.363  -14.563  52.410 0.1000000015
101535  21.328  -14.582  53.154 0.1000000015
37569  20.329  -14.308  53.463 0.1000000015
102469  21.299  -14.252  53.851 0.1000000015
38827  21.037  -13.812  34.243 0.1000000015
100323  21.607  -17.533  38.435 0.1000000015
105532  21.396  -16.604  36.090 0.1000000015
107878  20.654  -14.908  35.403 0.1000000015
39869  21.140  -12.169  34.059 0.1000000015
35153  21.508  -17.380  37.672 0.1000000015
107868  20.504  -15.316  36.048 0.1000000015
37815  20.840  -14.463  34.781 0.1000000015
37784  20.277  -14.475  36.086 0.1000000015
40776  20.869  -11.896  34.926 0.1000000015
120247  20.516  -13.150  35.397 0.1000000015
115365  20.147  -15.046  36.634 0.1000000015
41638  21.380  -10.465  34.564 0.1000000015
109656  20.311  -13.032  36.080 0.1000000015
39853  20.363  -12.289  36.419 0.1000000015
39854  20.014  -12.930  36.894 0.1000000015
40769  21.018  -11.025  35.195 0.1000000015
59985  41.046  8.185  38.417 0.1000000015
61804  43.906  11.171  41.521 0.1000000015
60878  43.393  10.852  40.744 0.1000000015
59984  41.396  8.878  37.972 0.1000000015
61829  43.549  11.881  39.415 0.1000000015
111641  42.613  9.731  40.616 0.1000000015
59976  41.937  8.743  39.857 0.1000000015
60892  42.839  10.017  39.859 0.1000000015
59993  41.024  9.175  37.222 0.1000000015
59983  42.545  9.813  38.922 0.1000000015
61831  42.287  10.257  37.964 0.1000000015
61841  43.205  11.991  38.471 0.1000000015
61067  47.857  9.161  23.320 0.1000000015
60147  47.616  8.824  22.652 0.1000000015
60158  47.359  8.638  21.862 0.1000000015
100173  47.920  8.649  21.191 0.1000000015
101010  47.596  8.554  20.258 0.1000000015
60171  47.082  8.502  20.993 0.1000000015
58237  55.610  6.023  17.212 0.1000000015
112414  54.899  5.869  17.486 0.1000000015
105660  50.094  8.605  19.698 0.1000000015
58257  55.369  5.215  16.751 0.1000000015
57319  54.469  5.173  17.027 0.1000000015
58238  53.917  6.012  17.553 0.1000000015
59186  50.996  7.827  18.290 0.1000000015
60198  50.600  8.362  19.050 0.1000000015
60199  49.512  8.364  19.051 0.1000000015
113254  49.119  14.249  31.446 0.1000000015
61944  49.701  10.624  25.026 0.1000000015
61963  49.077  10.175  24.409 0.1000000015
61087  48.694  9.237  23.032 0.1000000015
106327  48.236  8.999  22.716 0.1000000015
60156  49.438  9.040  21.858 0.1000000015
60157  48.745  8.802  21.522 0.1000000015
59182  55.755  7.328  18.391 0.1000000015
60169  49.431  8.803  21.003 0.1000000015
59201  55.911  6.903  17.635 0.1000000015
59202  55.281  6.644  17.876 0.1000000015
60168  50.964  9.078  20.935 0.1000000015
60155  50.111  9.047  21.402 0.1000000015
60184  49.433  8.689  20.005 0.1000000015
112474  54.430  6.697  17.904 0.1000000015
59203  53.397  6.975  17.786 0.1000000015
60196  52.438  8.166  18.809 0.1000000015
60197  51.528  8.214  18.852 0.1000000015
105341  51.288  8.537  19.485 0.1000000015
60183  50.774  8.757  19.981 0.1000000015
58239  52.884  6.260  17.504 0.1000000015
59184  52.917  7.696  18.187 0.1000000015
59185  51.933  7.735  18.228 0.1000000015
62871  50.646  11.056  25.841 0.1000000015
61962  50.562  10.565  24.806 0.1000000015
107086  49.858  10.122  24.264 0.1000000015
61040  49.318  9.760  23.822 0.1000000015
61039  50.658  9.970  24.123 0.1000000015
61065  49.950  9.643  23.435 0.1000000015
61066  49.193  9.480  23.329 0.1000000015
61064  50.954  9.688  23.354 0.1000000015
61085  50.373  9.425  22.632 0.1000000015
61086  49.480  9.299  22.661 0.1000000015
61084  51.292  9.504  22.526 0.1000000015
61100  50.005  9.207  22.081 0.1000000015
61098  51.599  9.286  21.706 0.1000000015
61099  50.699  9.271  21.868 0.1000000015
59183  55.002  7.246  18.493 0.1000000015
61097  52.601  9.220  21.651 0.1000000015
116517  53.973  7.519  18.293 0.1000000015
60181  52.903  8.484  19.550 0.1000000015
60167  52.400  8.767  20.195 0.1000000015
61105  51.974  9.132  20.899 0.1000000015
60195  53.467  8.101  18.895 0.1000000015
62837  52.013  11.885  28.065 0.1000000015
62870  52.083  11.310  26.395 0.1000000015
61943  51.529  10.808  25.371 0.1000000015
115019  51.244  10.428  24.600 0.1000000015
112759  51.565  10.003  24.109 0.1000000015
61063  52.086  9.709  23.396 0.1000000015
105843  53.125  9.548  23.240 0.1000000015
61081  56.061  9.342  22.923 0.1000000015
61083  54.203  9.343  23.343 0.1000000015
59181  56.317  7.530  18.149 0.1000000015
60194  54.618  7.843  19.108 0.1000000015
60166  53.215  8.686  20.252 0.1000000015
60180  54.058  8.342  19.901 0.1000000015
61942  52.834  10.963  25.947 0.1000000015
61961  52.135  10.579  24.872 0.1000000015
61038  52.587  10.155  24.348 0.1000000015
112787  53.033  9.835  23.920 0.1000000015
61035  55.098  10.434  24.668 0.1000000015
61082  55.249  9.294  23.427 0.1000000015
60178  56.299  7.981  19.885 0.1000000015
59176  55.592  7.660  19.184 0.1000000015
60179  55.331  7.936  20.007 0.1000000015
60164  55.080  8.294  20.860 0.1000000015
60153  55.898  8.489  21.617 0.1000000015
60163  56.109  8.173  20.772 0.1000000015
63880  53.594  12.246  21.752 0.1000000015
62967  52.648  11.290  19.707 0.1000000015
62949  53.222  11.822  20.463 0.1000000015
102057  19.278  -14.464  53.012 0.1000000015
60193  56.379  7.800  18.960 0.1000000015
61103  57.237  8.965  20.945 0.1000000015
62894  55.181  11.173  24.594 0.1000000015
61080  56.644  9.629  22.586 0.1000000015
61960  53.301  10.589  25.342 0.1000000015
60177  57.545  8.749  20.116 0.1000000015
61941  53.935  11.279  26.245 0.1000000015
61059  56.266  9.825  23.060 0.1000000015
61982  56.041  10.287  23.326 0.1000000015
61102  57.769  9.536  20.531 0.1000000015
61060  55.778  9.748  23.560 0.1000000015
62021  57.386  9.737  21.410 0.1000000015
61094  56.465  9.000  22.153 0.1000000015
60154  54.830  8.634  21.720 0.1000000015
61093  56.936  9.130  21.599 0.1000000015
62924  56.083  11.729  21.558 0.1000000015
114788  54.049  11.949  20.501 0.1000000015
62948  54.783  12.057  20.865 0.1000000015
61104  52.932  8.943  20.893 0.1000000015
63842  54.814  11.900  24.060 0.1000000015
61061  55.223  9.813  24.212 0.1000000015
61096  53.682  9.000  21.660 0.1000000015
35971  20.805  -16.916  37.442 0.1000000015
40775  21.220  -11.306  34.322 0.1000000015
110512  54.200  12.248  22.472 0.1000000015
116746  43.963  11.541  41.022 0.1000000015
61816  43.784  11.690  40.374 0.1000000015
59003  41.318  8.168  40.177 0.1000000015
36694  20.037  -15.186  51.976 0.1000000015
109660  19.246  -14.942  52.250 0.1000000015
39870  20.793  -12.871  34.680 0.1000000015
110585  21.462  -14.833  34.032 0.1000000015
36009  20.797  -16.071  36.053 0.1000000015
120470  21.311  -16.202  35.603 0.1000000015
35992  20.826  -16.479  36.724 0.1000000015
119342  20.522  -14.243  35.388 0.1000000015
36894  20.979  -15.644  35.479 0.1000000015
36904  21.197  -15.279  34.828 0.1000000015
40780  21.426  -11.569  33.473 0.1000000015
38828  20.593  -13.702  34.994 0.1000000015
38817  20.368  -13.710  35.733 0.1000000015
39862  20.565  -12.468  35.546 0.1000000015
38798  20.072  -13.693  36.507 0.1000000015
59994  40.716  8.418  37.591 0.1000000015
105205  41.871  8.787  38.861 0.1000000015
60891  43.230  10.775  39.616 0.1000000015
61830  42.969  10.920  38.603 0.1000000015
59975  42.395  9.311  39.575 0.1000000015
113620  41.934  9.428  38.251 0.1000000015
60916  41.638  9.682  37.540 0.1000000015
99994  48.138  8.809  22.084 0.1000000015
60170  48.575  8.638  20.410 0.1000000015
100962  50.146  8.813  20.540 0.1000000015
57320  53.427  5.337  17.143 0.1000000015
59187  50.045  7.915  18.329 0.1000000015
59188  49.094  7.848  18.347 0.1000000015
60146  48.800  9.030  22.333 0.1000000015
99969  51.557  8.797  20.155 0.1000000015
60182  52.001  8.515  19.481 0.1000000015
59204  52.396  7.136  17.746 0.1000000015
62854  51.422  11.551  27.002 0.1000000015
104026  52.315  9.439  22.466 0.1000000015
101844  53.390  9.289  22.454 0.1000000015
61062  53.891  9.690  24.059 0.1000000015
61095  55.614  8.870  22.486 0.1000000015
60165  53.939  8.697  20.850 0.1000000015
61037  53.639  10.153  24.684 0.1000000015
61036  54.616  10.114  24.728 0.1000000015
62884  54.763  10.848  25.179 0.1000000015
61959  54.284  10.699  25.444 0.1000000015
101527  54.732  9.587  24.056 0.1000000015
60192  56.947  8.043  18.404 0.1000000015
60152  56.612  8.675  21.288 0.1000000015
101973  56.880  8.430  20.486 0.1000000015
63898  53.844  12.159  21.028 0.1000000015
63879  54.635  12.100  21.761 0.1000000015
62905  55.429  11.487  23.685 0.1000000015
62893  55.594  10.530  23.994 0.1000000015
113103  56.943  9.493  22.031 0.1000000015
61999  56.519  10.456  22.758 0.1000000015
62013  57.064  10.153  22.134 0.1000000015
103654  54.180  11.764  26.314 0.1000000015
62885  54.409  11.332  25.731 0.1000000015
62895  54.658  11.648  25.029 0.1000000015
62904  55.993  11.027  23.267 0.1000000015
63858  55.489  11.852  22.130 0.1000000015
106333  56.146  11.399  22.467 0.1000000015
99883  54.537  8.972  22.576 0.1000000015
62923  56.711  11.093  21.950 0.1000000015
33381  23.488  -19.262  48.806 0.1000000015
43278  10.632  -9.169  52.832 0.4000000060
45496  25.175  -6.892  37.660 0.5000000000
48429  9.986  -3.098  57.839 0.4000000060
48430  9.433  -2.894  57.863 0.4000000060
49510  7.940  -2.851  57.744 0.3000000119
49560  33.153  -2.820  51.480 0.3000000119
50443  10.171  -2.064  57.160 0.4000000060
52185  30.399  0.591  50.168 0.3000000119
53123  29.826  1.133  48.683 0.1000000015
53150  28.648  0.890  46.424 0.1000000015
54049  34.228  2.992  51.023 0.3000000119
54068  31.610  1.684  50.007 0.1000000015
54106  31.492  1.896  48.024 0.1000000015
54107  30.641  1.604  47.721 0.1000000015
55226  34.636  3.516  41.720 0.1000000015
56076  34.003  3.671  49.992 0.2000000030
57205  39.707  5.333  32.059 0.6999999881
63666  45.546  13.797  38.666 0.2000000030
64595  45.271  14.624  38.065 0.2000000030
64609  44.860  14.935  37.603 0.2000000030
64622  44.698  14.932  36.828 0.2000000030
65511  44.971  14.998  37.398 0.2000000030
65514  44.654  15.003  37.095 0.2000000030
99365  50.729  13.960  30.374 0.2000000030
99368  50.690  14.158  30.370 0.1000000015
104974  22.361  -8.261  36.152 0.2000000030
108330  21.565  -3.886  56.100 0.3000000119
112678  45.397  11.045  26.689 0.6000000238
115980  23.198  -3.117  54.582 0.1000000015
118173  39.745  8.633  27.045 0.6000000238
118696  40.278  7.700  41.723 0.1000000015
119265  34.449  -0.003  39.127 0.6999999881
119282  50.453  14.370  30.471 0.2000000030
