#!ascii label  , from subject sub-v2s16x51234_ses-1 vox2ras=TkReg
4350
65423  21.098  15.638  45.563 0.0000000000
80106  5.212  36.855  36.905 0.0000000000
100351  15.905  25.793  46.152 0.0000000000
65377  5.304  14.652  49.611 0.0000000000
64559  34.566  12.757  41.901 0.0000000000
69170  2.641  18.931  36.888 0.0000000000
75121  41.839  29.065  28.959 0.0000000000
70841  51.994  22.121  19.584 0.0000000000
69840  22.101  20.159  43.365 0.0000000000
67046  20.191  17.021  35.194 0.0000000000
58871  18.003  7.117  48.403 0.0000000000
63615  13.671  12.618  42.210 0.0000000000
64520  27.146  14.054  44.024 0.0000000000
62804  24.222  12.018  31.913 0.0000000000
81705  2.911  39.967  32.991 0.0000000000
83895  11.065  43.633  32.553 0.0000000000
115527  7.503  26.996  45.384 0.0000000000
69098  6.026  19.105  44.690 0.0000000000
75757  1.944  28.862  39.991 0.0000000000
75794  5.058  28.838  32.123 0.0000000000
69908  33.999  20.155  36.897 0.0000000000
73761  33.302  25.859  31.733 0.0000000000
71470  41.965  22.937  34.663 0.0000000000
116654  5.943  8.073  50.378 0.0000000000
68381  9.719  18.714  43.685 0.0000000000
62766  36.033  11.425  35.019 0.0000000000
66338  31.007  16.002  32.642 0.0000000000
73169  47.172  25.748  24.112 0.0000000000
66992  20.584  16.801  43.160 0.0000000000
69147  21.641  19.586  38.944 0.0000000000
66277  21.435  15.565  39.310 0.0000000000
61770  21.524  10.132  45.525 0.0000000000
62678  18.860  11.741  40.947 0.0000000000
110901  22.343  12.488  50.077 0.0000000000
57000  21.574  5.641  51.556 0.0000000000
64524  23.578  13.544  45.005 0.0000000000
64464  26.045  14.053  49.378 0.0000000000
63658  22.041  12.014  39.048 0.0000000000
81681  1.213  40.495  38.400 0.0000000000
82231  7.589  40.551  33.412 0.0000000000
83366  6.935  42.394  37.229 0.0000000000
76889  5.834  31.067  39.940 0.0000000000
76344  4.481  30.119  45.758 0.0000000000
78368  1.422  34.234  41.748 0.0000000000
119083  2.151  34.390  37.104 0.0000000000
106524  37.273  16.571  34.640 0.0000000000
70650  38.502  21.302  38.824 0.0000000000
55125  6.591  3.632  50.681 0.0000000000
69868  14.675  20.350  40.523 0.0000000000
66988  13.035  16.563  43.589 0.0000000000
71398  12.643  22.639  42.504 0.0000000000
73714  10.964  25.226  39.861 0.0000000000
61832  37.533  11.429  39.088 0.0000000000
64617  29.112  12.947  37.776 0.0000000000
64677  28.433  13.392  32.503 0.0000000000
106281  32.189  13.714  37.165 0.0000000000
65521  35.094  14.354  36.224 0.0000000000
69126  2.703  19.848  41.300 0.0000000000
65480  8.379  14.813  41.399 0.0000000000
67025  7.316  16.513  38.512 0.0000000000
67753  5.655  17.757  34.319 0.0000000000
72527  50.524  23.663  16.315 0.0000000000
71375  19.368  22.727  46.017 0.0000000000
73701  17.296  25.792  41.091 0.0000000000
71426  18.548  22.612  39.651 0.0000000000
69931  16.376  20.387  35.410 0.0000000000
69221  17.074  19.381  31.010 0.0000000000
59816  13.066  8.173  51.012 0.0000000000
57981  11.237  6.654  47.003 0.0000000000
101707  15.835  8.074  43.558 0.0000000000
67012  16.665  16.847  38.928 0.0000000000
57889  16.869  6.657  55.209 0.0000000000
65463  30.203  14.724  42.698 0.0000000000
61761  33.213  10.278  45.911 0.0000000000
63556  29.861  11.877  48.199 0.0000000000
68510  19.254  18.071  28.945 0.0000000000
106208  20.504  13.426  33.138 0.0000000000
117963  25.680  11.573  37.912 0.0000000000
82273  7.801  40.730  28.491 0.0000000000
69808  7.612  20.990  50.207 0.0000000000
66970  3.953  17.320  48.115 0.0000000000
72965  4.601  24.201  47.909 0.0000000000
72987  4.416  24.097  43.058 0.0000000000
73015  6.181  24.582  38.671 0.0000000000
72291  6.739  23.394  35.173 0.0000000000
75784  1.440  28.015  35.593 0.0000000000
103908  5.746  34.992  34.384 0.0000000000
70692  28.985  21.094  35.788 0.0000000000
72320  30.468  24.345  31.891 0.0000000000
72274  32.002  24.278  37.581 0.0000000000
72297  35.639  24.048  33.956 0.0000000000
71553  42.621  22.699  27.941 0.0000000000
70730  43.500  21.494  31.490 0.0000000000
62607  6.287  11.547  51.998 0.0000000000
61774  8.819  10.050  45.494 0.0000000000
64480  11.050  13.662  48.712 0.0000000000
67660  9.610  18.222  50.213 0.0000000000
71377  7.621  22.666  44.309 0.0000000000
75763  8.883  28.646  39.821 0.0000000000
107850  22.630  17.936  28.420 0.0000000000
68498  25.186  18.447  30.874 0.0000000000
118463  26.516  18.781  34.177 0.0000000000
68455  32.627  18.715  34.188 0.0000000000
66309  37.932  15.236  37.694 0.0000000000
64544  4.040  13.166  43.920 0.0000000000
71508  8.063  22.763  31.845 0.0000000000
73191  49.255  24.025  21.080 0.0000000000
70779  47.667  21.557  27.220 0.0000000000
66260  20.833  16.090  44.237 0.0000000000
66996  22.288  16.380  41.592 0.0000000000
65465  21.868  14.958  42.757 0.0000000000
119976  19.703  13.326  46.253 0.0000000000
107266  19.444  14.044  44.148 0.0000000000
65386  19.998  14.982  48.907 0.0000000000
62633  22.091  11.099  48.122 0.0000000000
65439  22.220  14.460  44.892 0.0000000000
66224  22.419  15.765  49.091 0.0000000000
64552  22.194  13.299  42.500 0.0000000000
81165  3.105  38.745  38.473 0.0000000000
82770  4.656  42.266  38.090 0.0000000000
82201  5.325  41.070  38.626 0.0000000000
78390  4.797  33.541  37.719 0.0000000000
77853  3.321  32.894  41.751 0.0000000000
116800  3.220  35.254  39.205 0.0000000000
80090  1.261  37.158  40.030 0.0000000000
75016  15.460  27.901  44.530 0.0000000000
55091  7.903  3.574  51.950 0.0000000000
71384  15.569  23.007  44.169 0.0000000000
108872  13.504  21.543  42.184 0.0000000000
72980  14.120  24.500  44.778 0.0000000000
74372  13.592  25.946  43.237 0.0000000000
62689  36.487  11.225  40.784 0.0000000000
61806  35.699  10.514  40.823 0.0000000000
120815  35.559  11.114  42.345 0.0000000000
65492  31.616  14.386  39.838 0.0000000000
64600  31.182  13.875  38.238 0.0000000000
64582  33.472  13.459  39.538 0.0000000000
63672  34.967  12.555  38.873 0.0000000000
63554  5.101  12.010  49.572 0.0000000000
63570  3.787  12.809  47.600 0.0000000000
69144  2.210  19.650  39.319 0.0000000000
67721  5.351  17.598  39.660 0.0000000000
67029  2.907  16.561  38.442 0.0000000000
66305  5.662  15.386  36.587 0.0000000000
67041  1.750  15.820  36.901 0.0000000000
68449  4.123  18.232  35.557 0.0000000000
72506  49.677  22.953  18.189 0.0000000000
70599  21.779  21.809  45.289 0.0000000000
72218  21.022  23.722  43.506 0.0000000000
70618  22.565  22.300  42.009 0.0000000000
117256  20.704  18.207  37.126 0.0000000000
69157  18.979  19.632  37.143 0.0000000000
68447  18.181  18.762  34.889 0.0000000000
69205  16.593  19.693  33.385 0.0000000000
68484  18.421  18.282  32.860 0.0000000000
59826  15.700  8.515  50.100 0.0000000000
117887  14.549  8.266  47.462 0.0000000000
58921  16.861  7.504  45.695 0.0000000000
66998  18.714  16.843  41.345 0.0000000000
118071  17.627  13.505  39.423 0.0000000000
107117  18.429  18.726  41.604 0.0000000000
69854  17.587  20.573  41.803 0.0000000000
101033  20.182  6.345  49.519 0.0000000000
57901  19.005  6.155  53.633 0.0000000000
58843  17.330  7.926  51.734 0.0000000000
100750  14.830  8.405  53.459 0.0000000000
65451  28.753  14.553  43.504 0.0000000000
114697  30.843  14.306  45.666 0.0000000000
65417  28.361  15.179  45.856 0.0000000000
61718  24.834  9.880  51.963 0.0000000000
56998  25.506  4.957  51.338 0.0000000000
67776  19.157  17.068  32.014 0.0000000000
66324  19.882  15.620  34.272 0.0000000000
63625  24.536  12.310  41.813 0.0000000000
62716  23.999  11.555  38.599 0.0000000000
63623  26.316  12.562  41.297 0.0000000000
64576  27.964  13.033  40.685 0.0000000000
81210  2.918  38.655  31.864 0.0000000000
81735  5.885  38.993  29.188 0.0000000000
107887  5.707  40.017  31.634 0.0000000000
82820  10.385  41.762  32.011 0.0000000000
83903  9.650  42.838  30.418 0.0000000000
113404  7.330  24.290  48.489 0.0000000000
70586  5.688  22.209  49.830 0.0000000000
116715  6.306  26.061  49.307 0.0000000000
75740  3.491  29.320  42.593 0.0000000000
119219  5.477  27.344  43.830 0.0000000000
107153  5.421  27.451  41.548 0.0000000000
109749  5.486  24.430  40.993 0.0000000000
75051  5.229  27.262  38.785 0.0000000000
74404  4.578  26.933  37.004 0.0000000000
75781  1.689  27.963  37.501 0.0000000000
80112  3.064  36.856  35.854 0.0000000000
78974  3.946  34.544  35.513 0.0000000000
80652  4.792  36.918  34.655 0.0000000000
80660  5.366  37.376  33.004 0.0000000000
69911  30.445  20.672  37.113 0.0000000000
71465  30.708  22.645  36.362 0.0000000000
70656  31.020  22.054  40.165 0.0000000000
70675  40.432  22.385  36.048 0.0000000000
71456  36.928  22.684  36.697 0.0000000000
71482  39.084  22.835  34.197 0.0000000000
72317  40.924  23.324  32.156 0.0000000000
72328  42.783  23.494  31.196 0.0000000000
70708  42.954  22.382  33.087 0.0000000000
58834  4.660  8.445  52.559 0.0000000000
60785  4.470  9.878  52.990 0.0000000000
61735  6.292  10.328  52.000 0.0000000000
60834  12.073  9.102  44.055 0.0000000000
58923  9.367  7.778  45.206 0.0000000000
62666  11.854  10.815  43.936 0.0000000000
67684  11.993  17.288  44.412 0.0000000000
66241  12.791  15.467  46.732 0.0000000000
107686  12.036  16.553  46.895 0.0000000000
66214  11.252  15.952  50.529 0.0000000000
67676  9.781  17.902  47.241 0.0000000000
69094  8.496  19.676  46.331 0.0000000000
69828  8.366  20.285  43.991 0.0000000000
74395  9.793  26.472  39.601 0.0000000000
76899  8.173  30.149  36.905 0.0000000000
65613  21.304  14.758  29.796 0.0000000000
118301  20.617  18.461  27.767 0.0000000000
65612  22.667  14.586  29.707 0.0000000000
65563  29.444  14.456  32.447 0.0000000000
66354  26.027  15.550  31.363 0.0000000000
67068  26.690  16.833  32.343 0.0000000000
68490  25.841  18.699  31.982 0.0000000000
68481  28.766  18.100  32.974 0.0000000000
69201  29.375  19.152  34.562 0.0000000000
67064  31.913  16.972  33.242 0.0000000000
63707  38.001  12.656  36.465 0.0000000000
65520  37.045  14.642  37.483 0.0000000000
64657  37.380  12.964  34.777 0.0000000000
68374  5.464  19.045  46.675 0.0000000000
66250  3.454  15.325  46.035 0.0000000000
66257  6.375  15.743  44.631 0.0000000000
63646  8.403  12.555  40.168 0.0000000000
73757  4.916  25.746  32.973 0.0000000000
118722  6.919  23.546  33.055 0.0000000000
118192  6.460  25.808  31.828 0.0000000000
73749  31.651  25.106  32.192 0.0000000000
101811  30.129  25.044  30.624 0.0000000000
73090  31.624  24.524  30.036 0.0000000000
75177  47.348  29.210  24.794 0.0000000000
75190  48.232  28.518  22.733 0.0000000000
73925  48.924  26.931  21.066 0.0000000000
72459  47.793  24.198  21.754 0.0000000000
70739  46.119  21.325  30.355 0.0000000000
71576  44.860  22.430  26.807 0.0000000000
68384  21.609  18.469  42.633 0.0000000000
69864  23.200  20.969  40.874 0.0000000000
68402  23.182  18.874  41.206 0.0000000000
67715  21.942  17.574  39.211 0.0000000000
110686  20.742  16.049  37.320 0.0000000000
57978  20.983  6.694  46.468 0.0000000000
58938  19.096  7.028  44.159 0.0000000000
61784  20.442  10.265  43.582 0.0000000000
65477  19.114  14.589  42.167 0.0000000000
60774  23.870  9.166  52.218 0.0000000000
56986  23.439  5.484  53.381 0.0000000000
59811  22.934  8.157  50.609 0.0000000000
58870  22.425  7.460  48.264 0.0000000000
64522  25.365  13.549  44.482 0.0000000000
66230  27.003  15.473  47.031 0.0000000000
65394  24.826  15.393  47.587 0.0000000000
64453  23.796  13.743  50.527 0.0000000000
64632  20.721  13.771  36.790 0.0000000000
64603  21.234  13.729  39.387 0.0000000000
63626  23.476  12.385  42.075 0.0000000000
81698  2.153  40.350  35.418 0.0000000000
82233  5.669  40.504  33.160 0.0000000000
82796  4.120  41.752  35.781 0.0000000000
82793  7.217  41.532  35.647 0.0000000000
82790  10.188  41.861  34.813 0.0000000000
76343  7.448  29.862  43.657 0.0000000000
76332  6.581  29.712  47.511 0.0000000000
77335  4.754  32.104  44.106 0.0000000000
77343  2.537  32.033  43.568 0.0000000000
107197  2.084  31.083  40.805 0.0000000000
108538  2.322  31.306  39.116 0.0000000000
78384  1.095  34.301  39.500 0.0000000000
80098  1.006  37.015  38.031 0.0000000000
118661  37.156  17.722  38.073 0.0000000000
117318  36.148  20.742  39.871 0.0000000000
69161  38.292  18.521  37.728 0.0000000000
113016  38.609  19.832  34.709 0.0000000000
57938  5.992  6.120  49.512 0.0000000000
67014  13.678  16.236  40.291 0.0000000000
65467  13.494  14.237  42.777 0.0000000000
68396  13.121  18.362  41.442 0.0000000000
69111  11.984  19.535  42.296 0.0000000000
69860  10.808  20.793  41.786 0.0000000000
70636  10.004  21.753  41.068 0.0000000000
72999  12.201  24.184  41.411 0.0000000000
61854  36.938  11.034  37.346 0.0000000000
60943  34.119  10.014  36.135 0.0000000000
60904  34.381  10.198  38.684 0.0000000000
62755  27.174  11.555  34.977 0.0000000000
63740  26.492  12.167  32.332 0.0000000000
110465  28.762  12.261  34.907 0.0000000000
64649  30.452  13.654  34.681 0.0000000000
65524  31.819  14.396  35.256 0.0000000000
66322  32.687  15.428  34.437 0.0000000000
103843  34.397  13.311  37.037 0.0000000000
63683  36.854  12.823  38.148 0.0000000000
69848  3.888  20.188  43.191 0.0000000000
111548  7.330  17.333  43.222 0.0000000000
67705  6.950  17.992  41.209 0.0000000000
66282  8.630  15.790  39.873 0.0000000000
64608  9.627  13.795  38.299 0.0000000000
67779  6.687  17.041  32.633 0.0000000000
77935  7.624  32.143  32.405 0.0000000000
76427  7.697  29.374  30.875 0.0000000000
77943  8.842  32.199  30.779 0.0000000000
74506  46.857  28.118  26.490 0.0000000000
72196  17.786  23.807  46.520 0.0000000000
74365  18.726  27.201  44.377 0.0000000000
72989  19.798  25.140  43.768 0.0000000000
119207  18.101  24.115  40.919 0.0000000000
72261  16.219  23.367  38.717 0.0000000000
69875  20.571  20.816  39.239 0.0000000000
70670  17.386  21.471  37.443 0.0000000000
70680  15.361  22.089  36.125 0.0000000000
70705  14.823  22.101  33.618 0.0000000000
70725  15.558  21.659  31.414 0.0000000000
70745  16.834  21.269  29.468 0.0000000000
57009  10.270  5.555  50.465 0.0000000000
58876  11.965  7.053  48.876 0.0000000000
59890  13.381  8.210  45.153 0.0000000000
60861  14.394  9.829  42.500 0.0000000000
110524  17.816  8.359  41.194 0.0000000000
61822  15.931  10.307  39.642 0.0000000000
64578  14.322  13.644  39.825 0.0000000000
68415  15.623  18.552  39.280 0.0000000000
70610  16.840  22.039  42.640 0.0000000000
56012  20.551  4.218  54.456 0.0000000000
65460  32.619  14.541  42.532 0.0000000000
63587  34.659  12.349  43.969 0.0000000000
64506  32.475  13.439  45.321 0.0000000000
114208  31.620  11.416  47.162 0.0000000000
64462  27.640  13.236  48.806 0.0000000000
70755  17.826  21.393  28.583 0.0000000000
68512  17.952  19.063  29.763 0.0000000000
67079  19.614  16.349  30.790 0.0000000000
63741  21.696  12.520  32.396 0.0000000000
63710  21.549  12.266  36.041 0.0000000000
117881  23.072  11.543  35.757 0.0000000000
100406  25.162  11.399  35.761 0.0000000000
63674  27.574  12.351  38.514 0.0000000000
65486  29.957  14.115  40.528 0.0000000000
82256  8.640  40.547  30.398 0.0000000000
67663  6.429  18.530  50.235 0.0000000000
66961  3.313  16.870  49.958 0.0000000000
109659  4.205  19.497  50.183 0.0000000000
69819  3.768  21.192  48.841 0.0000000000
69827  3.857  21.149  46.422 0.0000000000
75009  5.533  27.957  47.602 0.0000000000
72974  3.132  23.855  45.562 0.0000000000
71379  2.410  22.253  44.309 0.0000000000
71399  2.620  22.386  42.494 0.0000000000
71431  3.595  22.059  39.969 0.0000000000
70661  5.239  21.991  38.126 0.0000000000
70681  6.316  21.635  36.289 0.0000000000
72277  6.679  23.616  36.847 0.0000000000
74410  4.069  26.339  34.958 0.0000000000
76412  3.585  28.770  32.971 0.0000000000
76909  3.689  30.294  36.751 0.0000000000
77399  4.533  31.321  35.222 0.0000000000
77415  6.413  31.698  33.601 0.0000000000
78996  7.129  34.508  33.333 0.0000000000
70722  28.622  21.145  32.318 0.0000000000
72334  29.353  23.437  31.421 0.0000000000
71477  30.598  22.122  33.942 0.0000000000
72299  31.915  23.170  33.614 0.0000000000
73045  33.447  25.194  34.064 0.0000000000
72247  34.858  22.981  39.678 0.0000000000
73030  34.580  25.288  35.933 0.0000000000
74421  34.880  27.493  34.458 0.0000000000
74428  37.235  28.008  33.586 0.0000000000
73835  40.901  25.022  26.379 0.0000000000
71538  40.610  22.870  28.548 0.0000000000
71521  44.961  22.567  30.650 0.0000000000
70000  44.095  20.208  29.228 0.0000000000
73230  51.564  25.068  18.974 0.0000000000
101812  7.044  35.149  36.418 0.0000000000
81163  7.202  38.406  37.734 0.0000000000
61736  4.658  10.514  51.877 0.0000000000
64460  6.687  13.585  51.275 0.0000000000
56105  9.034  4.556  48.094 0.0000000000
57040  7.225  5.799  47.418 0.0000000000
60807  6.886  9.107  47.920 0.0000000000
64514  12.404  13.188  45.439 0.0000000000
62643  9.589  11.786  46.626 0.0000000000
61749  8.007  11.123  48.452 0.0000000000
63542  9.368  13.053  50.823 0.0000000000
65362  9.071  14.709  51.889 0.0000000000
104455  8.137  16.898  50.321 0.0000000000
114289  8.597  19.790  50.249 0.0000000000
117157  7.627  21.960  47.137 0.0000000000
104687  7.447  24.241  45.048 0.0000000000
73001  8.529  23.850  41.299 0.0000000000
74381  7.989  25.880  41.934 0.0000000000
75736  8.171  28.350  42.309 0.0000000000
76363  7.823  29.669  40.631 0.0000000000
77377  6.311  31.595  37.220 0.0000000000
60826  33.404  10.097  44.172 0.0000000000
70769  19.226  21.193  27.675 0.0000000000
70020  22.108  20.983  28.170 0.0000000000
110926  24.533  15.262  30.263 0.0000000000
67802  23.695  17.854  29.209 0.0000000000
70753  23.583  21.410  28.700 0.0000000000
70752  24.750  21.064  29.325 0.0000000000
69977  26.357  20.436  30.652 0.0000000000
69964  27.478  20.514  31.731 0.0000000000
69939  27.789  19.922  35.449 0.0000000000
69176  30.226  19.882  35.721 0.0000000000
114834  33.183  19.541  35.443 0.0000000000
67050  33.606  16.474  34.640 0.0000000000
67749  34.693  17.498  35.616 0.0000000000
68444  35.766  17.913  36.932 0.0000000000
67048  38.060  15.812  36.368 0.0000000000
66330  36.279  14.854  32.993 0.0000000000
82756  7.557  41.612  39.796 0.0000000000
83353  9.515  43.034  37.950 0.0000000000
65414  1.554  14.601  46.841 0.0000000000
65470  7.004  13.959  43.129 0.0000000000
70696  7.006  21.076  34.599 0.0000000000
110657  7.640  19.911  33.438 0.0000000000
69224  8.880  19.527  31.670 0.0000000000
73785  8.276  25.629  30.614 0.0000000000
72341  9.293  23.077  30.008 0.0000000000
73094  27.437  25.714  30.902 0.0000000000
102774  50.464  26.463  20.103 0.0000000000
71658  52.343  22.707  20.582 0.0000000000
73141  42.712  24.404  25.643 0.0000000000
72413  45.072  23.688  25.393 0.0000000000
72427  46.530  23.276  24.800 0.0000000000
70777  48.791  20.822  26.875 0.0000000000
70815  47.648  21.778  23.502 0.0000000000
70824  49.817  21.098  22.533 0.0000000000
70061  51.896  20.586  22.227 0.0000000000
66253  20.631  15.645  45.064 0.0000000000
66259  21.377  15.990  43.986 0.0000000000
102767  21.581  15.477  44.312 0.0000000000
65424  19.790  14.997  46.117 0.0000000000
65425  19.612  14.647  45.560 0.0000000000
116553  20.042  15.204  47.472 0.0000000000
100509  19.669  14.145  47.665 0.0000000000
65411  21.299  15.566  46.287 0.0000000000
65410  21.933  15.394  46.698 0.0000000000
65453  22.032  14.628  44.153 0.0000000000
80633  3.879  37.963  37.714 0.0000000000
81680  4.068  39.707  38.032 0.0000000000
81170  5.680  38.681  37.200 0.0000000000
78953  4.672  34.406  37.596 0.0000000000
78954  3.893  34.844  38.305 0.0000000000
101619  3.677  36.344  38.096 0.0000000000
80097  2.942  37.199  38.695 0.0000000000
75012  15.683  27.540  45.203 0.0000000000
75725  16.213  28.482  45.002 0.0000000000
75011  16.626  28.004  45.269 0.0000000000
72978  15.078  24.419  46.002 0.0000000000
72204  14.801  23.994  45.358 0.0000000000
73689  14.500  24.947  45.350 0.0000000000
74362  14.540  25.965  45.152 0.0000000000
63621  34.979  12.187  41.844 0.0000000000
62676  36.140  11.119  41.543 0.0000000000
63608  35.031  12.202  42.537 0.0000000000
65482  33.584  14.181  41.228 0.0000000000
64583  32.969  14.069  39.757 0.0000000000
102009  34.078  13.369  41.144 0.0000000000
63651  34.889  12.269  39.928 0.0000000000
63562  5.375  12.983  49.270 0.0000000000
63563  4.612  12.323  48.561 0.0000000000
64482  4.873  13.927  48.967 0.0000000000
69906  2.273  19.433  38.125 0.0000000000
67724  1.874  17.887  39.130 0.0000000000
67735  1.808  17.383  38.121 0.0000000000
67038  2.393  16.098  37.880 0.0000000000
67740  1.949  17.162  37.204 0.0000000000
67739  2.321  17.537  36.466 0.0000000000
68440  2.874  18.413  36.414 0.0000000000
75131  39.835  28.623  27.762 0.0000000000
75839  41.689  29.248  27.516 0.0000000000
75129  43.194  29.013  28.530 0.0000000000
70842  50.755  21.901  19.140 0.0000000000
69833  21.369  20.866  44.199 0.0000000000
71390  22.709  22.057  44.006 0.0000000000
70606  22.887  21.671  43.712 0.0000000000
67737  20.291  17.302  35.938 0.0000000000
68438  19.244  18.684  36.131 0.0000000000
68458  19.460  18.034  34.924 0.0000000000
68460  18.031  18.750  34.171 0.0000000000
67751  19.296  17.933  34.084 0.0000000000
59837  16.767  8.001  49.182 0.0000000000
59853  15.997  8.309  47.916 0.0000000000
58884  17.353  7.449  47.237 0.0000000000
68394  19.470  18.231  42.200 0.0000000000
67708  18.463  17.562  41.261 0.0000000000
69120  19.001  18.849  42.090 0.0000000000
69842  19.624  20.320  43.397 0.0000000000
112907  18.551  6.810  48.902 0.0000000000
57925  18.774  6.566  50.611 0.0000000000
58862  17.416  7.747  49.731 0.0000000000
59812  16.721  8.321  51.286 0.0000000000
65452  27.976  14.328  43.775 0.0000000000
65435  28.679  14.878  44.392 0.0000000000
65436  27.769  14.665  44.611 0.0000000000
58817  25.002  6.677  52.878 0.0000000000
58826  25.556  6.942  52.325 0.0000000000
100311  19.500  17.251  33.649 0.0000000000
67051  20.095  16.410  34.764 0.0000000000
64551  25.905  12.895  42.953 0.0000000000
63624  25.463  12.404  41.559 0.0000000000
64550  26.748  13.173  42.678 0.0000000000
64549  27.585  13.442  42.415 0.0000000000
81202  2.969  39.406  32.583 0.0000000000
81719  3.192  39.459  31.932 0.0000000000
81712  3.809  40.092  32.241 0.0000000000
111617  10.797  42.938  32.324 0.0000000000
111150  10.006  43.714  31.265 0.0000000000
84448  10.126  44.295  31.690 0.0000000000
73678  7.341  26.087  46.330 0.0000000000
72967  7.269  25.040  48.817 0.0000000000
112091  7.194  26.681  48.047 0.0000000000
75748  3.148  28.971  41.577 0.0000000000
75747  4.314  28.550  41.815 0.0000000000
75755  4.018  28.510  40.856 0.0000000000
105346  5.240  27.580  40.256 0.0000000000
75773  3.405  28.084  39.065 0.0000000000
75053  2.900  27.668  38.231 0.0000000000
75774  2.222  28.189  38.693 0.0000000000
81177  2.871  38.937  35.386 0.0000000000
103389  3.948  37.367  35.265 0.0000000000
81183  3.844  38.655  34.112 0.0000000000
81191  3.533  38.787  33.158 0.0000000000
69896  32.298  20.998  37.817 0.0000000000
69897  30.637  21.270  38.109 0.0000000000
70666  32.932  21.194  38.651 0.0000000000
70683  40.854  22.501  35.525 0.0000000000
71462  40.186  22.833  35.862 0.0000000000
72285  40.780  23.364  34.556 0.0000000000
72295  40.261  23.277  33.593 0.0000000000
72293  42.160  23.378  34.038 0.0000000000
72292  42.829  23.168  33.815 0.0000000000
70698  42.653  22.605  33.751 0.0000000000
57928  5.059  6.648  51.048 0.0000000000
115629  3.829  6.473  52.384 0.0000000000
59818  5.556  8.298  51.562 0.0000000000
60784  5.166  9.473  52.675 0.0000000000
60790  6.247  9.542  51.157 0.0000000000
61786  12.988  10.380  43.399 0.0000000000
60849  11.666  9.842  43.935 0.0000000000
63603  12.935  12.034  43.476 0.0000000000
68380  10.526  18.475  43.485 0.0000000000
67679  11.461  17.250  45.121 0.0000000000
67680  10.541  17.496  45.609 0.0000000000
67675  10.471  17.384  46.698 0.0000000000
120180  9.416  18.473  44.957 0.0000000000
68376  8.989  18.893  44.917 0.0000000000
69102  8.820  19.696  43.585 0.0000000000
62767  35.177  11.249  34.441 0.0000000000
61874  34.373  10.783  34.327 0.0000000000
64718  22.384  13.341  30.555 0.0000000000
106638  21.993  14.783  29.525 0.0000000000
64717  23.191  13.180  30.609 0.0000000000
66340  29.968  15.436  32.258 0.0000000000
67075  28.266  16.058  31.675 0.0000000000
108316  28.716  16.709  32.002 0.0000000000
67773  28.081  17.477  32.579 0.0000000000
115701  29.042  17.376  32.315 0.0000000000
67771  30.662  17.612  32.729 0.0000000000
67065  31.257  16.916  32.822 0.0000000000
62752  37.285  12.012  35.564 0.0000000000
63715  37.807  12.774  35.690 0.0000000000
62765  36.761  12.177  34.733 0.0000000000
63724  36.307  12.489  33.886 0.0000000000
69095  5.819  19.090  45.624 0.0000000000
67682  6.290  17.628  45.596 0.0000000000
67688  6.577  17.592  44.775 0.0000000000
74453  4.730  27.061  32.310 0.0000000000
73756  5.612  25.620  32.475 0.0000000000
75099  5.595  27.473  31.874 0.0000000000
73762  32.440  25.550  31.944 0.0000000000
73779  31.815  25.159  31.458 0.0000000000
73778  32.711  25.265  31.174 0.0000000000
74518  47.949  28.902  24.815 0.0000000000
73865  48.403  27.926  23.798 0.0000000000
73908  48.043  26.343  22.093 0.0000000000
73887  47.371  25.811  23.329 0.0000000000
107364  45.280  20.226  29.617 0.0000000000
70748  46.775  21.144  29.709 0.0000000000
67696  21.003  17.777  42.715 0.0000000000
68393  23.086  18.790  41.911 0.0000000000
67694  22.559  18.128  42.107 0.0000000000
107760  22.081  15.826  40.858 0.0000000000
67707  22.323  17.419  40.132 0.0000000000
67009  21.815  16.548  39.552 0.0000000000
67031  21.205  17.096  38.029 0.0000000000
66283  21.067  15.431  38.516 0.0000000000
59886  21.626  8.062  45.704 0.0000000000
59908  20.880  8.467  44.171 0.0000000000
61778  20.920  10.009  44.304 0.0000000000
65454  19.530  14.886  43.882 0.0000000000
64539  19.316  13.937  43.398 0.0000000000
66987  19.854  16.040  43.029 0.0000000000
112040  19.358  15.973  42.234 0.0000000000
61725  23.220  10.424  51.334 0.0000000000
60781  23.474  9.378  51.709 0.0000000000
61733  22.730  10.622  50.681 0.0000000000
61763  22.239  10.097  47.029 0.0000000000
111778  22.529  8.969  47.801 0.0000000000
59867  22.376  8.536  47.092 0.0000000000
58882  21.932  7.024  47.069 0.0000000000
64523  24.349  13.373  44.683 0.0000000000
65421  24.991  14.333  46.066 0.0000000000
65408  24.454  14.598  46.656 0.0000000000
65370  22.095  15.303  50.360 0.0000000000
65369  23.061  15.353  50.235 0.0000000000
63540  23.254  12.705  50.517 0.0000000000
109965  23.673  10.361  51.579 0.0000000000
65505  20.791  14.603  38.126 0.0000000000
65495  21.446  14.817  39.823 0.0000000000
63590  22.677  13.310  44.007 0.0000000000
63627  22.485  12.693  41.939 0.0000000000
63599  23.065  12.786  43.484 0.0000000000
63598  24.029  12.720  43.530 0.0000000000
82206  1.442  41.016  37.130 0.0000000000
82810  3.402  41.248  34.959 0.0000000000
82783  2.916  42.165  37.217 0.0000000000
83367  6.055  42.415  37.241 0.0000000000
82780  5.667  42.135  36.450 0.0000000000
82778  7.579  42.002  36.459 0.0000000000
82792  8.335  41.641  35.602 0.0000000000
119621  9.121  42.061  35.959 0.0000000000
104192  6.550  30.623  41.449 0.0000000000
76869  6.462  30.783  43.437 0.0000000000
76876  5.726  31.152  42.032 0.0000000000
78367  2.040  34.433  41.709 0.0000000000
77848  2.742  32.782  42.526 0.0000000000
77849  2.119  32.989  42.239 0.0000000000
76872  2.177  31.515  42.755 0.0000000000
77863  1.429  32.844  41.012 0.0000000000
112939  1.778  32.479  39.781 0.0000000000
78376  0.911  34.322  40.683 0.0000000000
110247  1.198  38.452  39.448 0.0000000000
80099  0.697  37.610  38.907 0.0000000000
81166  0.678  38.987  38.663 0.0000000000
80642  1.263  38.427  37.195 0.0000000000
68443  37.929  16.747  37.673 0.0000000000
68427  37.718  17.965  38.116 0.0000000000
55093  6.109  3.268  52.732 0.0000000000
111476  5.743  4.088  50.580 0.0000000000
101881  5.918  4.528  49.865 0.0000000000
68417  14.142  18.433  39.872 0.0000000000
67006  13.472  16.862  40.875 0.0000000000
69134  14.058  19.306  40.320 0.0000000000
70612  13.178  22.017  42.695 0.0000000000
69858  12.934  20.551  41.866 0.0000000000
107861  12.356  20.919  42.127 0.0000000000
69844  11.368  20.193  42.168 0.0000000000
70625  12.003  21.528  42.004 0.0000000000
71407  11.398  22.090  41.344 0.0000000000
117103  12.159  22.916  41.796 0.0000000000
61845  37.314  11.079  38.319 0.0000000000
61846  36.187  10.602  37.783 0.0000000000
61834  36.529  10.631  38.745 0.0000000000
60868  34.410  10.183  41.276 0.0000000000
60880  34.483  10.187  40.360 0.0000000000
63698  28.547  12.220  36.431 0.0000000000
62754  27.950  11.809  34.806 0.0000000000
63685  29.236  12.778  36.851 0.0000000000
64614  31.728  13.777  37.621 0.0000000000
64629  30.776  13.631  36.407 0.0000000000
64628  31.641  13.803  36.727 0.0000000000
65525  31.114  14.076  34.990 0.0000000000
64641  32.153  14.070  35.983 0.0000000000
64640  33.110  14.020  36.045 0.0000000000
64612  33.404  13.355  37.349 0.0000000000
63649  37.077  12.062  39.033 0.0000000000
63671  36.437  12.357  38.759 0.0000000000
63670  37.704  12.272  38.545 0.0000000000
63681  38.123  12.180  37.696 0.0000000000
69118  3.233  19.929  42.007 0.0000000000
68392  5.813  18.965  42.185 0.0000000000
68401  4.803  18.984  41.267 0.0000000000
67729  5.910  17.104  39.096 0.0000000000
113546  7.303  17.160  39.703 0.0000000000
67016  7.646  16.665  39.236 0.0000000000
115711  9.258  14.800  39.185 0.0000000000
66289  9.123  15.309  38.638 0.0000000000
65513  9.620  14.461  37.649 0.0000000000
118789  8.923  15.473  37.406 0.0000000000
66316  4.985  14.766  36.120 0.0000000000
66314  7.244  15.317  35.797 0.0000000000
67767  5.561  17.080  33.839 0.0000000000
78456  8.479  33.535  31.614 0.0000000000
77429  8.140  31.522  31.473 0.0000000000
74507  45.876  27.543  26.912 0.0000000000
72195  18.629  23.902  46.558 0.0000000000
72976  19.419  24.640  46.008 0.0000000000
72975  20.454  24.244  45.691 0.0000000000
71403  19.517  23.379  41.410 0.0000000000
72228  19.230  24.034  41.926 0.0000000000
71415  18.146  23.266  40.057 0.0000000000
72251  17.326  23.473  39.769 0.0000000000
71427  17.768  22.844  39.302 0.0000000000
69139  22.249  19.814  39.678 0.0000000000
69865  22.250  21.246  40.415 0.0000000000
69140  20.979  20.092  38.848 0.0000000000
69914  18.133  19.968  36.756 0.0000000000
69900  18.585  20.397  37.506 0.0000000000
69902  16.954  21.068  36.751 0.0000000000
70671  16.571  21.807  37.125 0.0000000000
70678  16.097  21.455  36.332 0.0000000000
70687  15.014  22.038  35.325 0.0000000000
69932  15.818  20.826  35.099 0.0000000000
69213  16.479  19.776  32.481 0.0000000000
107369  15.897  20.403  32.203 0.0000000000
69966  15.861  20.791  31.454 0.0000000000
69980  16.434  20.816  30.227 0.0000000000
58845  11.812  7.389  51.998 0.0000000000
58854  11.880  7.281  50.937 0.0000000000
58853  12.510  7.685  50.447 0.0000000000
59888  15.108  8.097  45.637 0.0000000000
59872  13.721  7.873  46.719 0.0000000000
102907  14.802  8.241  44.830 0.0000000000
59933  13.788  8.967  43.665 0.0000000000
59947  14.762  9.038  42.909 0.0000000000
60859  19.574  8.968  42.299 0.0000000000
58969  18.655  7.616  42.539 0.0000000000
61807  18.498  10.282  40.708 0.0000000000
66285  17.225  15.278  38.993 0.0000000000
108874  17.095  11.840  39.277 0.0000000000
64606  16.145  13.115  38.734 0.0000000000
63662  15.327  12.386  39.247 0.0000000000
65508  15.332  14.692  38.648 0.0000000000
67023  14.635  16.458  38.835 0.0000000000
67726  16.214  17.392  38.856 0.0000000000
70601  19.284  21.518  44.433 0.0000000000
70620  17.282  21.367  42.126 0.0000000000
105257  18.631  22.136  44.798 0.0000000000
71376  17.844  22.733  45.270 0.0000000000
56999  22.386  5.782  52.123 0.0000000000
56028  21.987  4.443  53.969 0.0000000000
56988  21.660  5.452  52.606 0.0000000000
57894  18.250  6.641  53.893 0.0000000000
56966  19.123  5.334  54.797 0.0000000000
56968  17.659  5.741  55.176 0.0000000000
56016  16.976  4.727  54.899 0.0000000000
56956  16.752  5.889  55.278 0.0000000000
57881  15.617  6.520  55.104 0.0000000000
101012  14.281  8.540  52.294 0.0000000000
59779  13.641  7.814  54.248 0.0000000000
59794  12.946  8.181  53.171 0.0000000000
58824  11.863  7.416  54.010 0.0000000000
65448  32.116  14.579  43.174 0.0000000000
64518  33.448  13.749  44.165 0.0000000000
65432  31.745  14.475  44.560 0.0000000000
64486  30.110  13.452  47.078 0.0000000000
64485  30.858  13.145  46.759 0.0000000000
103532  30.422  12.026  47.645 0.0000000000
65381  26.498  15.461  48.184 0.0000000000
65379  27.720  14.704  47.736 0.0000000000
64463  26.803  13.656  48.976 0.0000000000
69995  16.967  20.328  29.734 0.0000000000
68501  17.728  18.859  30.603 0.0000000000
66341  19.577  15.626  32.199 0.0000000000
107923  19.437  16.319  31.634 0.0000000000
65565  19.878  14.742  32.140 0.0000000000
65581  20.352  14.407  31.276 0.0000000000
64678  21.085  12.820  32.955 0.0000000000
64618  21.113  13.126  37.955 0.0000000000
64644  20.986  12.948  36.385 0.0000000000
63689  21.941  12.124  37.439 0.0000000000
102668  25.143  11.599  38.453 0.0000000000
62730  23.559  11.539  37.029 0.0000000000
62742  24.549  11.440  36.665 0.0000000000
62759  23.646  11.379  35.378 0.0000000000
102667  25.605  11.473  36.647 0.0000000000
115315  26.489  11.537  36.544 0.0000000000
63688  26.946  11.866  38.021 0.0000000000
65475  29.166  14.173  41.954 0.0000000000
119531  29.286  13.743  40.656 0.0000000000
112272  30.612  14.672  42.046 0.0000000000
109808  31.190  14.616  41.257 0.0000000000
82274  7.223  40.272  28.161 0.0000000000
82232  6.755  40.583  33.527 0.0000000000
82249  6.805  40.096  31.894 0.0000000000
82247  8.429  40.383  31.412 0.0000000000
69082  7.608  20.177  50.333 0.0000000000
68363  4.554  18.818  50.316 0.0000000000
69083  6.451  20.416  50.090 0.0000000000
104621  5.115  23.055  48.560 0.0000000000
70587  4.389  21.770  49.162 0.0000000000
70589  3.657  21.856  48.330 0.0000000000
69823  3.806  21.209  47.695 0.0000000000
71370  3.010  22.748  47.100 0.0000000000
76336  5.527  30.318  46.876 0.0000000000
75720  5.766  29.055  48.071 0.0000000000
75722  5.096  29.640  46.430 0.0000000000
73697  5.377  25.702  43.804 0.0000000000
73691  5.289  25.861  44.893 0.0000000000
105857  4.331  24.330  44.015 0.0000000000
111658  2.847  23.253  44.672 0.0000000000
72217  3.046  23.255  43.749 0.0000000000
109155  2.398  22.079  42.926 0.0000000000
72224  3.907  23.493  42.500 0.0000000000
73016  5.940  24.748  39.533 0.0000000000
72256  4.993  23.236  40.109 0.0000000000
71429  5.393  23.176  39.210 0.0000000000
71440  4.922  22.302  38.881 0.0000000000
71439  5.662  22.770  38.420 0.0000000000
71451  6.506  23.014  37.274 0.0000000000
73020  6.464  24.450  37.942 0.0000000000
74408  2.644  26.960  36.035 0.0000000000
74407  4.030  26.606  36.008 0.0000000000
74418  2.394  26.870  34.456 0.0000000000
74426  2.605  26.988  33.671 0.0000000000
75786  2.388  28.524  34.123 0.0000000000
77889  2.559  32.683  37.250 0.0000000000
77379  3.262  30.974  37.299 0.0000000000
77392  3.040  31.902  37.030 0.0000000000
78987  4.454  34.316  35.242 0.0000000000
77897  4.423  32.371  35.330 0.0000000000
77907  5.015  32.828  34.944 0.0000000000
77406  5.208  31.418  34.508 0.0000000000
77906  5.835  32.710  34.518 0.0000000000
120560  6.990  32.912  33.726 0.0000000000
104478  6.451  35.049  33.818 0.0000000000
80686  3.232  37.228  31.382 0.0000000000
80684  5.408  37.057  32.079 0.0000000000
70703  28.442  20.594  34.653 0.0000000000
70711  29.437  21.437  32.781 0.0000000000
110475  29.670  21.473  34.452 0.0000000000
109607  31.288  23.389  36.921 0.0000000000
117598  31.158  22.651  35.181 0.0000000000
72281  32.367  23.947  36.247 0.0000000000
73039  33.059  24.387  34.524 0.0000000000
73033  33.173  24.550  35.676 0.0000000000
69882  37.483  20.588  39.721 0.0000000000
70640  34.890  21.901  40.492 0.0000000000
99799  37.476  21.870  39.283 0.0000000000
71475  36.807  22.708  34.932 0.0000000000
72280  35.348  23.530  35.927 0.0000000000
101682  35.142  24.445  35.466 0.0000000000
73732  35.048  26.503  35.075 0.0000000000
73731  35.325  26.139  34.856 0.0000000000
74419  36.168  27.517  34.303 0.0000000000
73746  36.034  25.697  33.559 0.0000000000
71500  44.332  22.784  32.094 0.0000000000
72342  43.218  23.377  30.587 0.0000000000
70717  44.665  22.265  31.562 0.0000000000
69983  45.010  20.959  30.624 0.0000000000
69984  43.794  20.617  29.990 0.0000000000
69300  41.067  19.065  26.855 0.0000000000
108830  18.253  27.000  42.307 0.0000000000
61728  5.303  10.367  52.579 0.0000000000
61730  4.370  10.100  52.123 0.0000000000
62609  5.336  10.745  52.297 0.0000000000
63544  5.886  12.230  51.384 0.0000000000
63543  6.478  12.695  51.773 0.0000000000
57951  10.831  5.999  48.643 0.0000000000
57018  9.654  4.831  49.282 0.0000000000
57037  10.012  5.718  47.039 0.0000000000
59893  9.493  8.740  44.912 0.0000000000
58903  8.301  6.851  45.771 0.0000000000
59895  8.096  8.529  45.818 0.0000000000
58889  7.118  7.684  46.852 0.0000000000
60816  7.823  9.325  46.219 0.0000000000
66262  13.433  15.222  43.875 0.0000000000
64526  13.335  13.801  44.224 0.0000000000
64513  13.206  14.105  45.010 0.0000000000
65400  12.295  14.574  48.075 0.0000000000
64503  11.541  13.200  46.979 0.0000000000
63568  10.482  12.919  48.022 0.0000000000
103222  8.575  11.563  48.058 0.0000000000
62629  8.976  12.235  48.718 0.0000000000
63552  8.850  12.354  49.970 0.0000000000
64471  10.146  13.522  50.325 0.0000000000
66956  11.177  16.538  50.118 0.0000000000
66215  10.453  15.677  50.894 0.0000000000
114524  9.969  16.182  50.733 0.0000000000
65375  8.495  15.385  50.993 0.0000000000
118601  8.971  17.439  50.454 0.0000000000
67661  8.905  18.399  50.474 0.0000000000
68360  9.161  19.030  50.244 0.0000000000
69825  7.848  20.992  45.444 0.0000000000
112462  7.849  21.143  46.712 0.0000000000
70593  7.634  21.817  46.030 0.0000000000
118558  7.438  23.264  46.136 0.0000000000
72205  7.519  23.656  44.223 0.0000000000
72242  9.941  23.497  40.437 0.0000000000
72232  9.526  23.022  40.759 0.0000000000
73008  9.558  24.291  40.338 0.0000000000
75040  9.660  27.379  39.547 0.0000000000
74388  8.684  26.085  40.605 0.0000000000
115620  8.606  26.872  40.868 0.0000000000
74373  8.041  26.667  42.039 0.0000000000
75744  8.473  28.402  41.419 0.0000000000
75745  8.181  29.127  41.975 0.0000000000
76362  8.362  29.196  40.398 0.0000000000
77376  7.053  31.169  36.906 0.0000000000
105699  7.199  32.518  36.429 0.0000000000
78401  6.193  33.540  36.663 0.0000000000
62653  34.160  11.680  44.728 0.0000000000
61776  34.070  10.870  44.378 0.0000000000
60817  33.331  10.023  45.030 0.0000000000
69258  18.614  19.770  28.294 0.0000000000
70754  18.529  21.243  28.066 0.0000000000
69283  19.177  19.936  27.823 0.0000000000
67822  21.858  17.919  28.059 0.0000000000
69281  20.545  19.579  27.524 0.0000000000
69280  21.342  19.497  27.632 0.0000000000
116639  21.484  20.925  27.783 0.0000000000
69279  22.083  19.450  27.905 0.0000000000
63739  27.326  12.564  32.429 0.0000000000
64715  25.359  13.678  30.967 0.0000000000
65579  26.549  14.037  31.367 0.0000000000
67086  25.235  16.892  30.939 0.0000000000
67087  24.786  16.868  30.315 0.0000000000
68508  24.123  18.523  29.610 0.0000000000
69255  23.315  19.415  28.912 0.0000000000
69236  24.486  19.323  29.992 0.0000000000
70006  23.880  20.969  29.300 0.0000000000
69979  24.833  19.978  30.251 0.0000000000
68472  26.519  18.569  33.805 0.0000000000
69228  26.015  19.921  31.258 0.0000000000
69965  26.599  20.143  31.524 0.0000000000
69990  26.867  20.980  29.975 0.0000000000
117586  26.784  19.531  33.535 0.0000000000
69947  27.136  19.789  34.026 0.0000000000
69191  27.196  19.328  35.044 0.0000000000
69200  30.648  19.137  34.153 0.0000000000
69188  29.821  19.565  35.207 0.0000000000
69187  31.062  19.489  34.786 0.0000000000
69938  31.371  19.848  35.426 0.0000000000
102812  32.983  19.137  34.823 0.0000000000
65522  33.742  14.410  35.615 0.0000000000
66321  33.737  15.560  34.944 0.0000000000
65535  34.148  14.837  35.365 0.0000000000
65519  38.236  14.538  37.161 0.0000000000
66310  36.380  15.457  37.276 0.0000000000
67044  35.734  16.449  36.750 0.0000000000
68445  34.806  18.105  35.900 0.0000000000
67043  37.342  15.734  37.702 0.0000000000
106588  37.434  16.309  37.712 0.0000000000
66308  38.328  15.174  36.989 0.0000000000
81670  7.095  40.047  39.125 0.0000000000
66965  2.876  16.948  49.387 0.0000000000
66237  2.157  15.575  48.225 0.0000000000
66236  2.375  15.986  48.020 0.0000000000
65445  3.724  14.254  44.904 0.0000000000
65446  2.685  14.048  45.270 0.0000000000
111710  8.038  15.812  42.569 0.0000000000
66263  7.521  15.765  43.387 0.0000000000
65469  7.620  14.451  42.645 0.0000000000
110816  6.831  22.784  35.712 0.0000000000
69933  6.489  20.734  35.310 0.0000000000
71468  6.933  22.644  34.923 0.0000000000
115375  7.562  23.141  32.325 0.0000000000
70716  7.766  21.691  32.968 0.0000000000
70715  8.223  20.978  32.569 0.0000000000
69214  8.487  19.434  32.318 0.0000000000
70727  8.694  21.072  31.848 0.0000000000
75111  7.667  27.682  30.826 0.0000000000
73098  9.287  24.584  29.692 0.0000000000
72321  29.959  23.891  31.677 0.0000000000
73075  28.418  25.006  31.978 0.0000000000
72322  29.234  24.556  31.585 0.0000000000
73208  49.180  25.721  20.931 0.0000000000
101626  50.139  25.619  20.486 0.0000000000
73206  50.957  24.713  20.488 0.0000000000
72456  50.724  23.224  21.245 0.0000000000
72398  41.469  23.521  26.424 0.0000000000
73142  41.935  24.580  25.903 0.0000000000
72397  42.271  23.167  26.331 0.0000000000
71575  46.091  22.143  27.328 0.0000000000
117284  44.716  22.595  26.039 0.0000000000
71596  46.144  22.394  25.772 0.0000000000
72412  46.051  23.325  25.296 0.0000000000
71595  47.082  21.997  25.874 0.0000000000
70042  49.608  19.784  26.075 0.0000000000
100824  48.356  21.443  25.358 0.0000000000
70802  48.989  21.095  24.855 0.0000000000
70825  48.206  21.608  22.768 0.0000000000
70057  50.199  20.394  23.837 0.0000000000
70066  53.135  20.167  21.175 0.0000000000
66986  20.594  16.376  43.578 0.0000000000
66991  22.412  17.320  42.134 0.0000000000
107335  22.005  16.586  42.625 0.0000000000
116064  21.995  15.715  42.272 0.0000000000
66269  21.932  15.401  41.402 0.0000000000
62647  21.283  11.102  46.009 0.0000000000
63581  19.975  12.359  45.021 0.0000000000
63582  19.653  13.275  45.433 0.0000000000
65441  19.582  14.646  44.809 0.0000000000
64468  21.081  14.420  50.028 0.0000000000
62627  22.146  11.474  49.236 0.0000000000
63560  20.973  12.957  48.732 0.0000000000
63574  20.599  12.511  47.255 0.0000000000
64525  22.817  13.666  44.827 0.0000000000
114820  23.545  14.442  46.451 0.0000000000
99812  22.815  15.068  47.270 0.0000000000
101945  21.479  15.845  48.748 0.0000000000
65487  21.694  14.630  41.147 0.0000000000
64553  21.836  13.996  42.222 0.0000000000
118044  22.277  13.784  43.786 0.0000000000
81159  2.229  39.422  38.986 0.0000000000
82772  2.962  42.123  38.087 0.0000000000
81672  3.590  40.660  38.552 0.0000000000
82194  4.359  41.371  38.515 0.0000000000
83348  6.039  42.159  38.493 0.0000000000
77868  4.959  32.210  38.622 0.0000000000
115109  4.586  32.029  40.153 0.0000000000
78374  3.770  33.199  39.957 0.0000000000
78375  3.027  34.290  40.489 0.0000000000
78933  2.050  34.967  41.251 0.0000000000
79520  1.066  35.766  40.611 0.0000000000
80089  2.458  36.607  39.452 0.0000000000
80627  1.775  37.765  39.550 0.0000000000
67758  36.474  16.490  33.437 0.0000000000
106452  37.287  17.275  34.447 0.0000000000
55076  6.989  3.454  53.444 0.0000000000
55106  7.181  3.389  51.253 0.0000000000
71404  15.828  22.263  42.279 0.0000000000
70623  14.292  21.488  41.680 0.0000000000
71385  14.459  22.871  44.130 0.0000000000
71386  13.737  22.916  43.962 0.0000000000
72220  13.408  23.507  43.794 0.0000000000
72991  13.075  24.329  43.282 0.0000000000
102379  13.378  25.076  43.538 0.0000000000
74371  14.186  26.803  43.136 0.0000000000
62688  36.834  11.132  40.125 0.0000000000
100890  36.684  10.943  40.419 0.0000000000
115170  36.521  11.075  40.837 0.0000000000
61796  35.507  10.635  41.729 0.0000000000
60856  34.535  10.357  42.173 0.0000000000
64584  30.587  13.877  38.893 0.0000000000
64601  30.391  13.650  38.120 0.0000000000
65503  31.446  14.129  39.031 0.0000000000
64599  32.004  13.919  38.452 0.0000000000
112526  32.855  13.658  38.797 0.0000000000
102862  33.303  13.222  38.039 0.0000000000
63652  34.118  12.763  39.408 0.0000000000
63650  36.117  12.033  39.576 0.0000000000
69137  2.393  19.964  40.184 0.0000000000
68409  4.070  18.848  40.651 0.0000000000
68420  2.512  18.433  39.622 0.0000000000
67730  4.696  17.040  39.094 0.0000000000
67027  5.274  16.632  38.474 0.0000000000
67034  6.882  16.324  37.785 0.0000000000
67036  4.647  16.104  37.921 0.0000000000
66298  2.681  15.487  37.444 0.0000000000
67047  1.709  15.669  36.200 0.0000000000
67745  3.620  17.403  35.330 0.0000000000
68463  4.764  17.823  34.924 0.0000000000
101335  44.351  27.846  27.677 0.0000000000
72519  49.604  23.109  17.607 0.0000000000
71381  21.045  22.080  45.746 0.0000000000
72199  21.097  23.238  45.549 0.0000000000
72208  21.994  23.155  44.854 0.0000000000
71401  22.010  22.757  42.740 0.0000000000
71412  21.239  22.539  41.412 0.0000000000
68431  20.984  18.713  37.758 0.0000000000
69149  20.315  19.750  38.110 0.0000000000
69165  19.451  19.018  36.763 0.0000000000
69166  18.567  19.182  36.272 0.0000000000
114224  17.365  19.548  35.416 0.0000000000
69940  16.214  20.248  34.671 0.0000000000
114648  17.465  19.244  34.728 0.0000000000
68473  17.887  18.747  33.316 0.0000000000
68485  17.727  18.731  32.424 0.0000000000
59814  14.634  8.520  50.747 0.0000000000
59828  13.819  8.324  49.498 0.0000000000
112167  15.346  8.475  48.419 0.0000000000
59869  15.998  8.190  46.993 0.0000000000
116721  16.091  7.821  44.379 0.0000000000
64567  18.770  13.652  40.830 0.0000000000
109488  18.470  12.066  40.398 0.0000000000
66278  18.231  15.388  40.222 0.0000000000
67010  17.902  16.073  39.859 0.0000000000
67716  17.427  17.523  39.983 0.0000000000
68413  16.977  18.071  39.799 0.0000000000
69130  17.903  18.979  41.209 0.0000000000
70608  18.826  20.886  43.399 0.0000000000
57913  20.582  5.672  51.133 0.0000000000
57914  20.155  5.637  52.172 0.0000000000
108040  19.454  5.984  51.413 0.0000000000
57902  18.366  6.657  52.934 0.0000000000
58820  17.575  7.309  53.518 0.0000000000
58822  16.332  7.637  54.434 0.0000000000
59790  16.392  8.280  52.975 0.0000000000
59803  15.502  8.573  52.062 0.0000000000
104226  29.569  14.752  43.275 0.0000000000
99949  31.046  14.772  44.297 0.0000000000
65434  29.589  15.027  44.563 0.0000000000
65402  29.800  14.647  45.948 0.0000000000
64487  29.351  13.740  47.411 0.0000000000
62602  25.151  11.358  50.937 0.0000000000
62611  26.143  11.466  50.626 0.0000000000
118872  26.042  9.783  51.509 0.0000000000
59798  26.595  7.461  51.353 0.0000000000
68493  17.661  18.764  31.500 0.0000000000
67777  18.807  17.701  32.432 0.0000000000
114819  19.507  15.870  32.848 0.0000000000
102978  20.107  14.049  33.890 0.0000000000
63642  23.222  11.896  40.489 0.0000000000
62705  22.975  11.684  38.836 0.0000000000
63641  24.208  11.852  40.359 0.0000000000
113502  25.201  11.770  39.421 0.0000000000
63676  25.977  11.910  39.086 0.0000000000
63638  27.293  12.623  40.159 0.0000000000
63622  27.143  12.751  41.017 0.0000000000
64548  28.414  13.748  42.155 0.0000000000
81728  3.226  38.422  31.300 0.0000000000
81219  4.729  38.517  29.712 0.0000000000
116273  4.093  38.778  30.674 0.0000000000
81726  6.209  39.595  30.311 0.0000000000
81733  7.142  39.877  30.074 0.0000000000
82229  9.238  40.696  32.845 0.0000000000
82239  9.243  40.791  31.924 0.0000000000
82824  10.142  41.898  31.332 0.0000000000
71360  7.323  23.106  49.764 0.0000000000
70585  6.742  22.430  50.190 0.0000000000
71364  6.824  23.743  49.639 0.0000000000
72191  6.316  24.392  49.445 0.0000000000
72964  5.498  24.916  49.059 0.0000000000
76351  3.677  29.749  43.830 0.0000000000
75727  5.115  28.845  44.896 0.0000000000
75738  5.264  28.228  43.122 0.0000000000
75024  5.482  27.444  43.000 0.0000000000
109633  5.617  26.055  42.283 0.0000000000
73003  5.413  24.568  41.668 0.0000000000
73705  5.687  26.047  41.490 0.0000000000
109727  5.820  26.461  39.693 0.0000000000
115538  6.011  25.857  38.438 0.0000000000
74399  5.968  25.944  37.754 0.0000000000
75057  4.988  27.251  37.853 0.0000000000
75059  2.425  27.370  37.418 0.0000000000
75783  1.506  27.903  36.623 0.0000000000
79542  2.195  35.727  36.748 0.0000000000
104838  3.286  33.607  36.180 0.0000000000
79550  3.549  35.153  35.667 0.0000000000
79559  4.432  35.111  35.185 0.0000000000
80118  5.316  36.174  34.478 0.0000000000
79558  5.858  35.767  34.146 0.0000000000
80127  5.584  36.746  33.732 0.0000000000
81190  4.236  38.112  32.882 0.0000000000
69912  29.502  20.674  36.919 0.0000000000
70685  29.505  21.502  36.353 0.0000000000
70677  29.603  21.274  37.437 0.0000000000
71446  30.264  22.320  38.784 0.0000000000
72260  31.500  23.646  39.796 0.0000000000
70664  39.641  21.759  37.334 0.0000000000
100764  38.551  22.305  37.588 0.0000000000
71454  39.221  22.485  36.770 0.0000000000
71474  38.169  22.674  35.320 0.0000000000
71484  36.851  22.781  33.942 0.0000000000
107333  36.474  23.399  32.741 0.0000000000
71493  37.734  22.643  32.723 0.0000000000
71503  38.901  22.661  31.643 0.0000000000
71501  40.351  22.964  31.328 0.0000000000
71512  40.705  22.943  30.690 0.0000000000
72330  41.260  23.316  31.498 0.0000000000
72303  43.487  23.139  33.125 0.0000000000
70719  43.331  21.984  32.335 0.0000000000
73706  16.651  25.646  40.448 0.0000000000
74391  16.040  26.338  39.492 0.0000000000
120651  4.439  9.047  52.881 0.0000000000
60775  5.310  10.142  52.638 0.0000000000
61726  6.502  11.171  51.885 0.0000000000
58922  11.402  7.683  45.410 0.0000000000
57995  10.407  6.910  45.730 0.0000000000
59915  10.890  8.516  44.654 0.0000000000
60836  10.318  9.120  44.573 0.0000000000
62658  10.504  11.079  44.807 0.0000000000
67683  12.332  17.256  43.924 0.0000000000
66255  13.057  15.875  44.953 0.0000000000
103453  12.616  16.355  45.411 0.0000000000
66971  12.538  16.121  47.393 0.0000000000
66967  12.562  16.005  48.316 0.0000000000
65372  12.073  15.278  49.818 0.0000000000
120083  12.244  16.179  49.024 0.0000000000
66969  11.135  17.004  48.462 0.0000000000
67671  10.000  18.066  48.478 0.0000000000
120569  9.344  18.945  48.121 0.0000000000
68369  8.840  19.095  46.891 0.0000000000
69824  8.220  20.198  45.001 0.0000000000
119150  7.938  21.392  44.134 0.0000000000
73715  10.307  25.598  39.696 0.0000000000
115990  10.947  26.845  39.137 0.0000000000
114936  9.847  28.391  38.523 0.0000000000
76377  8.487  29.292  38.360 0.0000000000
116669  9.324  29.452  36.974 0.0000000000
60810  32.571  9.278  46.181 0.0000000000
67097  20.161  16.558  29.369 0.0000000000
67817  19.978  17.663  28.500 0.0000000000
67102  21.012  16.655  28.470 0.0000000000
66378  21.925  15.867  28.850 0.0000000000
67100  22.577  16.344  28.858 0.0000000000
65564  28.708  14.155  32.212 0.0000000000
65578  27.264  14.565  31.554 0.0000000000
66352  27.759  15.395  31.623 0.0000000000
67077  26.379  16.211  31.770 0.0000000000
119825  25.780  17.491  32.027 0.0000000000
116813  25.479  18.789  31.270 0.0000000000
67775  26.502  17.565  32.870 0.0000000000
67762  26.720  18.086  33.656 0.0000000000
68471  26.738  18.621  34.433 0.0000000000
68470  27.104  18.644  34.903 0.0000000000
108136  27.904  18.474  34.220 0.0000000000
68479  30.761  18.208  33.086 0.0000000000
67761  32.198  18.265  33.613 0.0000000000
64624  37.413  13.644  37.411 0.0000000000
64638  36.506  13.954  37.036 0.0000000000
64637  38.143  13.385  36.863 0.0000000000
64648  38.169  13.520  36.131 0.0000000000
111656  38.288  14.008  36.493 0.0000000000
65534  38.166  14.502  35.822 0.0000000000
105829  37.867  13.731  35.108 0.0000000000
67678  4.988  17.833  47.525 0.0000000000
66975  3.611  16.450  47.553 0.0000000000
66974  5.108  16.857  46.907 0.0000000000
66248  5.759  15.798  45.272 0.0000000000
65444  4.992  14.453  44.692 0.0000000000
64569  8.263  13.898  41.165 0.0000000000
62695  7.306  11.370  40.539 0.0000000000
73042  6.003  24.593  33.912 0.0000000000
109230  6.888  23.265  34.339 0.0000000000
73049  6.062  24.607  33.141 0.0000000000
115737  6.283  24.809  32.480 0.0000000000
73067  7.473  24.651  31.501 0.0000000000
73053  30.817  24.693  32.054 0.0000000000
73061  30.007  24.734  31.686 0.0000000000
73780  31.029  25.042  31.785 0.0000000000
73091  30.808  24.824  30.318 0.0000000000
72368  30.626  23.921  28.750 0.0000000000
74550  48.418  28.251  21.927 0.0000000000
73907  48.514  25.976  21.462 0.0000000000
72458  48.531  23.611  21.451 0.0000000000
108607  44.519  22.822  28.527 0.0000000000
105286  43.782  22.517  26.902 0.0000000000
71550  45.709  22.272  28.106 0.0000000000
70761  46.805  21.604  28.695 0.0000000000
70760  47.641  21.127  28.461 0.0000000000
68577  50.647  18.805  24.615 0.0000000000
69108  21.182  19.165  42.865 0.0000000000
69839  23.124  20.998  42.964 0.0000000000
69106  23.120  19.467  42.319 0.0000000000
69128  23.247  19.562  40.879 0.0000000000
69138  22.710  19.349  40.072 0.0000000000
67002  22.513  17.302  41.129 0.0000000000
67714  22.420  18.442  39.760 0.0000000000
68422  21.873  18.404  38.833 0.0000000000
67733  21.076  17.815  37.651 0.0000000000
67734  20.627  17.461  36.824 0.0000000000
67040  20.536  16.409  36.562 0.0000000000
57963  19.086  6.618  47.509 0.0000000000
58898  18.405  6.803  46.027 0.0000000000
58937  20.119  7.303  44.354 0.0000000000
59928  20.374  8.444  43.493 0.0000000000
61797  19.543  10.465  42.124 0.0000000000
62655  19.788  12.115  44.111 0.0000000000
63614  19.343  13.107  42.864 0.0000000000
63629  19.202  13.107  41.776 0.0000000000
66271  19.023  15.285  41.813 0.0000000000
66997  19.267  16.733  41.972 0.0000000000
110715  24.488  6.538  53.000 0.0000000000
105555  24.054  5.473  53.425 0.0000000000
58828  23.868  7.351  52.615 0.0000000000
58840  23.423  7.400  51.994 0.0000000000
57922  22.339  6.540  50.520 0.0000000000
109372  22.538  9.727  49.058 0.0000000000
58860  22.478  7.416  49.138 0.0000000000
112206  21.896  6.397  49.845 0.0000000000
57933  20.876  6.439  48.910 0.0000000000
57947  20.587  6.447  48.102 0.0000000000
64521  26.280  13.781  44.258 0.0000000000
65437  26.915  14.416  44.847 0.0000000000
65438  26.026  14.141  45.059 0.0000000000
66232  25.719  15.643  47.706 0.0000000000
65382  25.356  15.566  48.823 0.0000000000
65395  24.219  15.624  48.407 0.0000000000
65383  24.540  15.664  49.099 0.0000000000
64452  24.669  13.594  50.253 0.0000000000
62603  24.114  11.060  51.116 0.0000000000
60773  24.141  8.971  52.338 0.0000000000
66300  20.389  15.503  36.002 0.0000000000
66291  20.566  15.417  36.880 0.0000000000
64604  20.968  13.826  38.470 0.0000000000
63659  21.474  12.712  39.236 0.0000000000
63628  21.665  12.980  40.817 0.0000000000
118351  22.136  12.627  41.300 0.0000000000
63643  22.284  12.241  40.638 0.0000000000
99770  23.852  12.098  41.181 0.0000000000
63597  25.010  12.712  43.227 0.0000000000
81697  2.507  39.849  34.830 0.0000000000
82234  3.489  40.297  32.950 0.0000000000
82223  2.945  40.656  34.311 0.0000000000
82221  5.066  40.906  34.021 0.0000000000
82220  6.198  40.890  34.085 0.0000000000
82781  4.738  42.204  36.526 0.0000000000
82794  6.188  41.628  35.648 0.0000000000
82218  8.152  40.815  33.976 0.0000000000
82817  9.040  40.908  33.693 0.0000000000
82803  10.331  41.712  33.844 0.0000000000
83380  10.824  42.281  33.437 0.0000000000
109073  7.603  28.865  44.841 0.0000000000
75721  7.235  29.156  47.035 0.0000000000
76855  6.932  30.430  44.950 0.0000000000
76856  5.974  30.975  45.938 0.0000000000
76858  4.000  31.913  45.436 0.0000000000
111787  4.153  32.309  42.727 0.0000000000
77341  3.937  32.491  43.777 0.0000000000
76863  3.166  31.817  44.750 0.0000000000
76871  2.417  30.783  42.977 0.0000000000
76358  2.254  30.243  41.716 0.0000000000
76884  2.018  29.962  40.639 0.0000000000
107794  1.798  29.501  39.743 0.0000000000
76890  2.082  30.494  39.946 0.0000000000
117739  2.138  32.372  38.759 0.0000000000
78391  1.874  34.169  37.730 0.0000000000
79526  0.787  35.711  39.926 0.0000000000
79534  0.904  35.787  38.969 0.0000000000
115775  1.455  35.731  37.730 0.0000000000
80641  2.094  37.523  36.553 0.0000000000
80645  2.134  38.594  36.176 0.0000000000
100543  35.459  19.300  37.456 0.0000000000
115314  35.319  20.410  38.840 0.0000000000
108331  36.897  18.648  38.525 0.0000000000
69145  37.773  19.545  39.338 0.0000000000
69894  38.539  19.875  38.730 0.0000000000
69160  38.660  19.373  36.834 0.0000000000
69907  39.134  20.358  36.993 0.0000000000
69922  39.730  21.026  36.187 0.0000000000
70690  40.745  21.808  35.181 0.0000000000
102235  40.353  21.039  33.434 0.0000000000
109494  40.927  21.260  32.895 0.0000000000
57003  4.733  5.829  51.142 0.0000000000
58865  5.878  7.017  49.821 0.0000000000
101702  13.739  13.967  41.186 0.0000000000
64555  13.538  13.429  42.498 0.0000000000
66272  13.466  15.555  41.501 0.0000000000
66266  13.393  15.753  42.431 0.0000000000
67697  13.135  17.237  42.329 0.0000000000
107292  13.327  19.933  41.327 0.0000000000
68397  12.628  19.020  41.905 0.0000000000
67698  12.721  17.758  42.609 0.0000000000
68388  11.611  18.872  42.618 0.0000000000
68389  10.816  18.916  42.839 0.0000000000
101890  9.850  19.709  42.443 0.0000000000
69846  9.556  20.292  42.179 0.0000000000
115020  10.475  21.371  41.371 0.0000000000
71416  10.963  22.652  40.801 0.0000000000
106918  11.040  23.896  40.338 0.0000000000
73703  12.502  24.985  41.567 0.0000000000
73707  12.334  25.641  40.779 0.0000000000
61855  36.414  10.963  36.464 0.0000000000
61866  34.352  10.300  35.325 0.0000000000
61856  34.972  10.353  36.339 0.0000000000
60930  34.206  10.060  36.900 0.0000000000
110720  35.287  10.355  40.036 0.0000000000
60905  33.294  9.931  39.078 0.0000000000
62783  25.708  11.552  33.276 0.0000000000
62803  25.080  11.931  32.104 0.0000000000
62781  27.131  11.819  33.582 0.0000000000
63718  27.810  11.972  33.966 0.0000000000
63716  29.029  12.690  34.089 0.0000000000
64630  30.007  13.210  36.394 0.0000000000
110837  30.011  13.152  35.360 0.0000000000
64660  29.490  13.395  33.511 0.0000000000
64659  30.189  13.800  33.802 0.0000000000
65550  30.541  14.473  33.333 0.0000000000
65549  31.225  14.837  33.685 0.0000000000
66332  31.521  15.538  33.348 0.0000000000
65537  32.277  14.845  34.767 0.0000000000
64639  34.467  13.749  36.372 0.0000000000
64597  34.341  12.873  37.828 0.0000000000
63684  35.640  13.094  37.564 0.0000000000
118521  36.432  13.426  37.430 0.0000000000
63682  38.023  12.719  37.865 0.0000000000
62738  37.567  11.652  36.915 0.0000000000
116567  5.001  20.041  43.920 0.0000000000
111268  6.483  18.310  44.162 0.0000000000
69115  6.014  19.126  42.959 0.0000000000
68390  7.073  17.963  42.671 0.0000000000
102368  7.916  17.102  41.607 0.0000000000
67712  6.593  17.881  40.535 0.0000000000
67001  7.963  17.018  40.790 0.0000000000
66276  8.539  15.561  40.729 0.0000000000
65501  9.005  14.333  39.803 0.0000000000
63665  8.960  12.470  39.315 0.0000000000
67785  7.064  16.929  31.699 0.0000000000
76942  6.142  30.014  32.064 0.0000000000
75805  6.362  28.997  31.472 0.0000000000
76941  7.657  30.623  31.422 0.0000000000
74442  34.602  27.144  32.156 0.0000000000
73777  33.617  25.418  30.937 0.0000000000
75162  47.335  29.062  25.835 0.0000000000
106187  47.592  26.955  24.882 0.0000000000
73687  16.520  24.906  46.564 0.0000000000
74359  17.982  27.170  45.130 0.0000000000
103900  18.692  26.659  45.020 0.0000000000
73694  19.131  26.480  44.287 0.0000000000
100304  18.068  25.997  42.032 0.0000000000
72219  20.131  24.388  43.308 0.0000000000
72996  19.055  24.657  42.560 0.0000000000
72998  17.655  25.272  41.319 0.0000000000
73011  16.396  24.884  40.134 0.0000000000
72253  15.946  24.021  39.111 0.0000000000
72263  15.131  23.867  37.679 0.0000000000
70630  23.003  21.676  41.409 0.0000000000
70631  21.905  21.953  40.831 0.0000000000
102843  19.564  21.738  39.491 0.0000000000
69886  20.009  20.434  38.540 0.0000000000
100361  18.452  21.554  38.354 0.0000000000
70646  18.274  22.176  38.844 0.0000000000
71436  16.620  22.765  38.249 0.0000000000
71449  15.663  22.751  37.305 0.0000000000
72276  14.702  23.275  36.220 0.0000000000
71498  14.657  22.778  33.307 0.0000000000
69949  15.586  20.762  33.476 0.0000000000
70704  15.187  21.436  33.000 0.0000000000
71506  15.278  22.504  31.780 0.0000000000
71518  15.685  22.414  31.026 0.0000000000
71530  17.528  22.594  29.365 0.0000000000
57002  9.813  5.212  51.931 0.0000000000
57917  10.744  6.429  51.991 0.0000000000
57950  11.362  6.604  49.311 0.0000000000
58888  11.891  6.938  47.785 0.0000000000
58874  13.224  7.782  48.001 0.0000000000
58886  13.181  7.676  47.088 0.0000000000
58901  12.077  7.502  46.024 0.0000000000
59913  12.602  8.577  44.455 0.0000000000
60847  13.366  9.636  43.450 0.0000000000
115725  13.681  11.232  42.597 0.0000000000
58939  18.041  6.942  44.436 0.0000000000
109821  17.558  7.216  43.737 0.0000000000
59930  16.410  7.850  42.850 0.0000000000
62691  17.452  11.065  39.659 0.0000000000
60885  16.512  9.177  40.231 0.0000000000
59962  15.729  8.758  41.700 0.0000000000
61799  15.022  10.154  40.938 0.0000000000
62679  14.367  11.433  41.287 0.0000000000
62680  14.057  12.456  41.202 0.0000000000
65499  13.909  14.974  39.924 0.0000000000
67718  14.563  17.764  39.216 0.0000000000
69877  15.022  19.806  40.055 0.0000000000
69866  17.160  20.188  41.118 0.0000000000
69855  16.791  20.914  41.280 0.0000000000
70621  16.354  21.699  41.651 0.0000000000
71394  16.263  22.565  43.324 0.0000000000
110004  16.268  23.815  46.052 0.0000000000
56027  22.965  4.247  53.821 0.0000000000
56965  19.985  4.867  54.540 0.0000000000
58812  14.891  7.453  54.874 0.0000000000
64547  34.150  13.854  42.694 0.0000000000
64531  34.353  12.999  43.410 0.0000000000
64532  33.992  13.804  43.364 0.0000000000
63588  33.951  12.753  44.511 0.0000000000
62646  32.894  11.867  45.681 0.0000000000
64507  31.739  13.996  45.359 0.0000000000
63572  32.288  12.347  46.074 0.0000000000
62632  32.332  10.958  46.864 0.0000000000
65405  27.690  15.260  46.428 0.0000000000
64488  28.543  14.099  47.585 0.0000000000
63557  29.206  12.393  48.414 0.0000000000
63546  29.387  11.545  48.721 0.0000000000
72356  18.425  22.806  29.222 0.0000000000
70744  17.311  21.317  28.977 0.0000000000
69259  17.957  20.012  28.747 0.0000000000
68511  18.589  18.561  29.361 0.0000000000
67791  18.795  17.688  30.679 0.0000000000
67790  19.355  17.109  30.301 0.0000000000
67088  19.825  16.467  29.980 0.0000000000
107326  20.580  15.210  30.021 0.0000000000
64719  21.540  13.513  30.776 0.0000000000
105748  22.938  12.327  31.656 0.0000000000
65526  20.312  14.661  35.439 0.0000000000
64651  20.322  13.917  34.776 0.0000000000
64663  20.540  13.299  34.099 0.0000000000
62731  22.689  11.738  37.261 0.0000000000
63709  22.288  11.744  35.679 0.0000000000
112784  21.670  12.069  34.246 0.0000000000
63729  22.198  11.777  33.781 0.0000000000
62786  22.996  11.535  33.449 0.0000000000
62784  24.890  11.434  33.333 0.0000000000
62757  25.948  11.408  35.304 0.0000000000
62740  27.311  11.629  36.351 0.0000000000
63673  28.366  12.597  38.176 0.0000000000
64587  28.082  12.874  39.830 0.0000000000
64586  28.849  13.189  39.466 0.0000000000
64585  29.688  13.530  39.074 0.0000000000
65485  30.860  14.428  40.388 0.0000000000
65471  33.041  14.400  41.851 0.0000000000
82243  5.014  40.303  32.254 0.0000000000
82257  7.765  40.143  30.688 0.0000000000
82265  8.743  40.798  29.560 0.0000000000
82837  9.333  41.539  29.922 0.0000000000
82838  8.948  41.398  29.359 0.0000000000
66959  5.607  16.911  50.229 0.0000000000
65378  4.087  15.376  49.705 0.0000000000
66960  4.325  16.946  50.369 0.0000000000
68364  3.653  18.251  50.207 0.0000000000
67668  3.361  18.320  49.863 0.0000000000
69811  4.772  20.839  49.741 0.0000000000
69089  3.849  20.506  49.394 0.0000000000
69091  3.923  19.878  48.989 0.0000000000
69093  4.799  19.823  47.499 0.0000000000
113998  5.293  19.815  46.242 0.0000000000
109389  4.130  20.812  45.419 0.0000000000
75007  6.592  28.414  48.250 0.0000000000
74355  5.827  27.124  48.779 0.0000000000
73677  4.874  25.203  48.121 0.0000000000
74364  5.411  26.799  45.547 0.0000000000
73683  5.244  25.955  46.116 0.0000000000
72968  3.951  24.434  47.313 0.0000000000
72198  2.787  23.372  46.385 0.0000000000
117550  2.768  22.015  45.529 0.0000000000
69831  3.720  20.890  44.717 0.0000000000
69836  3.296  20.737  43.442 0.0000000000
69850  2.433  21.077  42.414 0.0000000000
111055  2.274  21.022  41.762 0.0000000000
72235  4.221  23.412  41.687 0.0000000000
71419  3.178  22.176  40.729 0.0000000000
70638  2.321  21.067  40.529 0.0000000000
69878  2.695  20.651  39.299 0.0000000000
69890  3.032  20.520  38.608 0.0000000000
107950  4.050  20.406  37.466 0.0000000000
69920  4.386  20.004  36.772 0.0000000000
70674  5.519  21.671  37.376 0.0000000000
110562  6.696  22.886  36.487 0.0000000000
72283  6.726  23.517  36.021 0.0000000000
73724  6.016  26.012  36.879 0.0000000000
73729  6.104  24.931  35.740 0.0000000000
73036  6.027  24.736  34.831 0.0000000000
73744  4.799  25.828  33.666 0.0000000000
74437  3.779  27.115  32.704 0.0000000000
75795  4.121  28.337  32.440 0.0000000000
105019  2.015  29.304  38.453 0.0000000000
76387  2.376  29.247  37.670 0.0000000000
76396  2.647  29.309  36.587 0.0000000000
77898  3.838  32.916  35.753 0.0000000000
77400  4.137  30.738  36.034 0.0000000000
117761  3.732  29.770  35.273 0.0000000000
76926  3.668  29.670  33.947 0.0000000000
76934  4.891  30.124  33.126 0.0000000000
76933  5.785  30.355  32.724 0.0000000000
77423  6.860  31.460  32.825 0.0000000000
77924  7.536  32.984  33.127 0.0000000000
79020  7.846  35.014  31.738 0.0000000000
79580  6.697  36.058  32.716 0.0000000000
80136  6.845  36.146  32.052 0.0000000000
79598  7.103  35.848  30.977 0.0000000000
70733  28.533  21.923  30.686 0.0000000000
72351  27.883  23.670  31.073 0.0000000000
70732  29.179  22.297  31.292 0.0000000000
70710  30.159  22.049  32.374 0.0000000000
71496  30.630  22.786  32.234 0.0000000000
118948  30.684  22.275  34.819 0.0000000000
71476  31.345  22.634  34.169 0.0000000000
72309  31.643  23.558  32.814 0.0000000000
73051  32.137  24.596  32.789 0.0000000000
73740  32.889  25.442  33.173 0.0000000000
73747  33.222  26.234  32.946 0.0000000000
70653  33.963  21.499  40.220 0.0000000000
72249  32.846  23.139  40.540 0.0000000000
73022  33.251  24.548  38.396 0.0000000000
106547  36.575  22.732  37.495 0.0000000000
72265  34.959  23.575  37.425 0.0000000000
73026  33.580  24.989  36.998 0.0000000000
73727  34.362  25.753  35.469 0.0000000000
74414  34.455  26.796  34.454 0.0000000000
75074  34.304  27.469  33.446 0.0000000000
110267  35.219  28.097  33.646 0.0000000000
73059  36.643  24.596  31.611 0.0000000000
72399  40.044  23.803  26.973 0.0000000000
71554  41.697  22.736  27.892 0.0000000000
72343  42.184  23.266  30.122 0.0000000000
71523  43.012  23.198  29.625 0.0000000000
112316  43.282  22.964  28.797 0.0000000000
71533  45.481  22.314  29.970 0.0000000000
69982  45.681  20.779  30.346 0.0000000000
69247  43.350  19.827  28.351 0.0000000000
69959  41.506  21.280  32.439 0.0000000000
100005  41.625  21.050  31.576 0.0000000000
100095  42.106  20.764  30.193 0.0000000000
70003  41.018  20.216  28.822 0.0000000000
69985  42.494  20.576  29.615 0.0000000000
69248  42.285  19.879  28.197 0.0000000000
69272  42.707  19.405  27.555 0.0000000000
73240  51.241  25.012  17.430 0.0000000000
72505  50.580  23.555  18.489 0.0000000000
72488  51.504  23.386  19.215 0.0000000000
79540  5.492  35.819  36.783 0.0000000000
80638  6.298  37.879  36.899 0.0000000000
75015  18.212  28.065  44.750 0.0000000000
62624  4.860  11.232  50.075 0.0000000000
63553  5.557  12.406  50.336 0.0000000000
64472  6.532  14.361  50.150 0.0000000000
56067  9.296  4.502  51.285 0.0000000000
119616  8.542  3.940  49.909 0.0000000000
102356  7.769  4.173  48.949 0.0000000000
57049  9.220  5.539  46.559 0.0000000000
120668  8.318  4.939  47.393 0.0000000000
56098  6.817  4.860  48.553 0.0000000000
57029  6.770  5.635  48.209 0.0000000000
58877  6.461  7.125  48.432 0.0000000000
59843  6.388  8.468  49.387 0.0000000000
64541  13.114  12.998  43.841 0.0000000000
63583  12.084  12.450  44.770 0.0000000000
62650  10.616  11.739  45.296 0.0000000000
64501  12.589  13.767  46.089 0.0000000000
63576  11.528  12.878  46.301 0.0000000000
61765  9.013  11.019  45.948 0.0000000000
104938  8.159  10.671  47.020 0.0000000000
60799  7.164  9.796  48.346 0.0000000000
60794  7.025  9.940  49.543 0.0000000000
61742  7.249  10.774  50.313 0.0000000000
61734  7.121  11.395  51.339 0.0000000000
63532  7.672  12.744  52.143 0.0000000000
64456  10.578  14.460  50.870 0.0000000000
64447  9.196  14.108  52.026 0.0000000000
64449  7.997  13.416  52.246 0.0000000000
64459  7.603  13.834  51.990 0.0000000000
65376  7.403  14.965  50.247 0.0000000000
66218  6.358  15.928  50.014 0.0000000000
66958  7.029  16.843  50.115 0.0000000000
106003  7.973  18.688  50.337 0.0000000000
69087  8.350  20.600  50.158 0.0000000000
69090  9.025  20.029  48.972 0.0000000000
69812  8.616  20.728  49.593 0.0000000000
69817  8.140  21.397  49.118 0.0000000000
104180  7.611  22.610  48.397 0.0000000000
107855  7.404  23.993  46.106 0.0000000000
107803  7.484  25.856  45.019 0.0000000000
70615  8.525  21.037  42.668 0.0000000000
116966  8.325  22.340  42.272 0.0000000000
114604  7.978  22.744  42.787 0.0000000000
111713  9.264  24.953  40.280 0.0000000000
113671  8.320  24.594  41.407 0.0000000000
120310  7.746  24.302  42.812 0.0000000000
109128  7.615  24.916  43.278 0.0000000000
74368  7.640  26.787  43.408 0.0000000000
109320  7.580  27.333  44.235 0.0000000000
75737  7.937  29.167  42.933 0.0000000000
76356  7.866  29.634  41.473 0.0000000000
76882  6.531  30.556  40.451 0.0000000000
76378  7.669  29.711  38.955 0.0000000000
76894  6.454  30.664  38.510 0.0000000000
77359  5.849  31.103  38.946 0.0000000000
77378  5.514  32.095  37.699 0.0000000000
78389  5.398  33.931  37.118 0.0000000000
60954  33.347  9.903  34.991 0.0000000000
62661  35.031  11.787  43.457 0.0000000000
61783  34.181  10.631  43.600 0.0000000000
71546  18.799  22.367  28.592 0.0000000000
71545  19.710  22.386  28.376 0.0000000000
71544  20.587  22.247  28.225 0.0000000000
69282  19.786  19.729  27.610 0.0000000000
70768  20.001  21.112  27.492 0.0000000000
64697  24.865  12.923  31.106 0.0000000000
115736  23.933  15.040  29.937 0.0000000000
67095  23.453  16.500  29.255 0.0000000000
107133  25.297  15.598  30.784 0.0000000000
67094  24.179  16.653  29.717 0.0000000000
107598  23.214  18.048  28.757 0.0000000000
69256  22.722  19.452  28.384 0.0000000000
70019  22.785  21.238  28.609 0.0000000000
69220  25.707  19.394  31.299 0.0000000000
70723  28.193  21.010  31.670 0.0000000000
69946  27.741  20.181  34.414 0.0000000000
70693  28.427  20.371  35.644 0.0000000000
69202  27.914  18.953  35.060 0.0000000000
69189  28.474  19.634  35.756 0.0000000000
69927  28.942  20.239  36.411 0.0000000000
69926  30.410  20.253  36.303 0.0000000000
69925  31.581  20.249  36.113 0.0000000000
69164  33.782  19.681  36.109 0.0000000000
112035  32.216  15.844  33.777 0.0000000000
67057  32.952  16.775  34.037 0.0000000000
67759  33.356  17.283  34.269 0.0000000000
111615  35.010  15.050  36.091 0.0000000000
67049  34.240  16.957  35.159 0.0000000000
67750  33.794  17.776  34.683 0.0000000000
68453  34.128  18.167  35.082 0.0000000000
69174  34.737  18.822  36.227 0.0000000000
69163  34.684  19.498  36.807 0.0000000000
68435  36.749  17.763  37.751 0.0000000000
120530  37.953  16.443  38.065 0.0000000000
67056  36.329  15.687  33.249 0.0000000000
81678  6.266  39.645  37.977 0.0000000000
82192  6.897  41.164  39.136 0.0000000000
83346  7.406  42.630  38.866 0.0000000000
83345  8.049  43.055  39.223 0.0000000000
101587  8.691  42.672  37.551 0.0000000000
65388  3.075  15.342  49.114 0.0000000000
64494  2.611  13.901  47.547 0.0000000000
66251  2.044  15.019  46.422 0.0000000000
67687  6.950  17.450  44.009 0.0000000000
66264  6.824  15.273  43.908 0.0000000000
64543  5.083  13.370  43.692 0.0000000000
69168  4.844  19.651  36.180 0.0000000000
69182  5.339  19.356  35.624 0.0000000000
69195  6.416  19.213  34.587 0.0000000000
71479  7.180  22.487  34.138 0.0000000000
69942  7.270  20.544  33.967 0.0000000000
69207  6.923  18.935  34.000 0.0000000000
68474  7.736  18.373  32.875 0.0000000000
67778  7.499  17.565  32.280 0.0000000000
75112  7.053  27.895  31.135 0.0000000000
74450  7.576  26.183  31.094 0.0000000000
73066  8.219  24.004  31.135 0.0000000000
73099  8.877  24.109  30.302 0.0000000000
71507  8.514  22.786  31.218 0.0000000000
73093  28.643  25.511  31.097 0.0000000000
73089  32.511  24.324  29.862 0.0000000000
73205  51.747  24.224  20.198 0.0000000000
71671  52.105  22.948  19.913 0.0000000000
74496  42.051  26.810  27.472 0.0000000000
73819  43.275  26.332  26.758 0.0000000000
73832  44.037  26.461  26.714 0.0000000000
71577  43.975  22.712  26.133 0.0000000000
73140  43.718  24.601  25.494 0.0000000000
73831  45.310  26.211  26.232 0.0000000000
73138  45.681  25.546  25.641 0.0000000000
73849  46.305  25.692  25.343 0.0000000000
72439  46.656  24.351  24.217 0.0000000000
69267  48.249  19.918  27.992 0.0000000000
70778  48.360  21.147  27.278 0.0000000000
71594  47.598  21.775  25.189 0.0000000000
71627  46.828  22.975  24.202 0.0000000000
72438  46.906  23.532  23.365 0.0000000000
104158  47.249  23.007  22.730 0.0000000000
71638  48.207  22.221  22.212 0.0000000000
71649  49.856  22.449  21.580 0.0000000000
70823  50.837  20.948  22.337 0.0000000000
71648  51.110  22.347  21.409 0.0000000000
71647  52.146  22.266  21.138 0.0000000000
70836  52.560  21.868  20.703 0.0000000000
70072  52.764  20.495  19.922 0.0000000000
66245  20.395  15.457  45.859 0.0000000000
66252  21.156  15.759  44.703 0.0000000000
100348  20.747  15.605  46.315 0.0000000000
66240  20.213  15.318  46.671 0.0000000000
65440  21.623  15.246  44.894 0.0000000000
80640  4.721  37.541  37.234 0.0000000000
81171  4.786  38.303  37.317 0.0000000000
80639  5.472  37.734  36.927 0.0000000000
80096  4.628  36.274  37.332 0.0000000000
79532  4.457  35.434  37.584 0.0000000000
105502  4.077  37.051  37.591 0.0000000000
74361  15.248  26.510  45.618 0.0000000000
74360  16.526  27.024  45.549 0.0000000000
111823  15.602  24.787  46.412 0.0000000000
73688  14.983  25.363  46.013 0.0000000000
64560  34.178  13.686  41.983 0.0000000000
63636  34.888  12.339  41.021 0.0000000000
69158  2.465  19.288  37.479 0.0000000000
69159  1.884  18.780  37.935 0.0000000000
69171  2.038  18.668  37.331 0.0000000000
68433  1.722  18.106  37.648 0.0000000000
68441  2.051  18.192  36.948 0.0000000000
75834  40.602  29.033  28.565 0.0000000000
75833  41.488  29.221  28.517 0.0000000000
75840  40.608  28.962  27.601 0.0000000000
75832  42.386  29.198  28.572 0.0000000000
71672  51.455  22.679  19.276 0.0000000000
111399  51.613  21.199  19.365 0.0000000000
69832  22.578  21.144  43.912 0.0000000000
67744  19.950  17.581  35.262 0.0000000000
114403  19.834  17.292  34.529 0.0000000000
109009  17.375  7.561  48.879 0.0000000000
58872  17.254  7.607  48.101 0.0000000000
112957  17.817  7.190  47.702 0.0000000000
69109  19.949  19.021  42.539 0.0000000000
69841  20.552  19.788  43.213 0.0000000000
58861  17.986  7.200  49.273 0.0000000000
64534  27.384  13.694  43.234 0.0000000000
56976  25.092  5.418  52.799 0.0000000000
64535  26.528  13.446  43.474 0.0000000000
63609  26.134  12.665  42.147 0.0000000000
81192  3.083  39.548  33.354 0.0000000000
115482  3.101  39.692  32.453 0.0000000000
83896  10.500  43.463  31.816 0.0000000000
84446  10.687  44.339  32.270 0.0000000000
73679  7.359  25.549  47.750 0.0000000000
74356  7.386  27.344  46.923 0.0000000000
75756  2.630  28.782  40.602 0.0000000000
75765  3.726  28.338  39.968 0.0000000000
75766  2.471  28.516  39.600 0.0000000000
75767  1.839  28.708  39.245 0.0000000000
81184  3.167  39.337  34.444 0.0000000000
81176  3.710  38.374  35.031 0.0000000000
105062  33.561  20.668  37.704 0.0000000000
70689  41.344  22.297  34.810 0.0000000000
72278  40.965  23.091  35.341 0.0000000000
72284  41.679  23.140  34.710 0.0000000000
71480  42.622  22.986  34.183 0.0000000000
70699  42.049  22.424  34.170 0.0000000000
58855  5.508  7.381  50.823 0.0000000000
58846  5.048  7.694  51.901 0.0000000000
59817  5.836  8.921  51.320 0.0000000000
62664  13.237  11.192  43.127 0.0000000000
106884  13.459  11.945  42.763 0.0000000000
68375  10.210  18.180  44.224 0.0000000000
67685  10.614  17.704  44.772 0.0000000000
67686  9.786  17.896  45.021 0.0000000000
114288  9.524  18.536  44.444 0.0000000000
69096  9.121  19.084  44.042 0.0000000000
69101  9.358  19.293  43.398 0.0000000000
61873  35.074  10.905  34.963 0.0000000000
63767  22.676  12.777  31.064 0.0000000000
63766  23.430  12.655  31.156 0.0000000000
66339  30.446  15.487  32.523 0.0000000000
112057  30.182  16.023  32.239 0.0000000000
109386  29.631  16.716  32.138 0.0000000000
67066  30.468  16.805  32.413 0.0000000000
62779  35.719  11.769  34.159 0.0000000000
109582  5.458  19.759  45.200 0.0000000000
68377  6.278  18.388  45.136 0.0000000000
75100  4.892  27.978  32.073 0.0000000000
109180  5.823  28.406  31.703 0.0000000000
74431  33.170  26.080  32.444 0.0000000000
74535  48.253  28.067  24.599 0.0000000000
73866  47.997  26.937  24.045 0.0000000000
73886  47.853  26.718  22.988 0.0000000000
116950  20.492  17.256  42.857 0.0000000000
67695  22.008  17.858  42.492 0.0000000000
103768  21.554  17.184  42.843 0.0000000000
66273  21.807  15.744  40.129 0.0000000000
109590  21.369  16.135  38.841 0.0000000000
112499  21.670  8.770  45.589 0.0000000000
60822  21.492  9.307  45.213 0.0000000000
61777  21.280  9.876  44.873 0.0000000000
66265  19.592  15.302  43.248 0.0000000000
62605  22.843  11.227  50.887 0.0000000000
62620  22.511  11.525  50.224 0.0000000000
61764  21.869  10.301  46.385 0.0000000000
60813  22.185  9.416  46.640 0.0000000000
60814  21.831  9.426  45.906 0.0000000000
59868  21.998  8.629  46.212 0.0000000000
64509  24.161  13.961  45.668 0.0000000000
63541  22.601  13.107  50.333 0.0000000000
64455  22.365  13.961  50.486 0.0000000000
62613  22.786  12.072  50.539 0.0000000000
62604  23.267  11.366  50.954 0.0000000000
65504  21.115  14.665  38.953 0.0000000000
63589  23.459  13.052  44.274 0.0000000000
118049  24.137  12.951  44.132 0.0000000000
82203  1.081  40.581  37.931 0.0000000000
82202  1.484  41.174  38.009 0.0000000000
82777  8.503  42.255  36.575 0.0000000000
107281  6.475  30.713  42.407 0.0000000000
76883  5.779  31.054  40.973 0.0000000000
78363  1.915  33.767  42.067 0.0000000000
77855  1.656  33.343  41.805 0.0000000000
77856  1.134  33.905  41.386 0.0000000000
78369  1.074  34.539  41.469 0.0000000000
81161  0.852  39.122  39.131 0.0000000000
81682  0.863  39.804  38.425 0.0000000000
81689  1.012  40.103  37.438 0.0000000000
67741  38.014  17.163  36.509 0.0000000000
55107  6.101  3.431  51.540 0.0000000000
56069  6.624  4.013  49.869 0.0000000000
69133  14.490  19.750  40.270 0.0000000000
70613  12.564  21.924  42.292 0.0000000000
70624  12.859  21.339  42.186 0.0000000000
71406  12.084  22.274  41.852 0.0000000000
61844  37.811  11.581  38.708 0.0000000000
61833  37.223  10.905  38.984 0.0000000000
60869  33.633  9.952  41.925 0.0000000000
112772  33.406  9.800  41.281 0.0000000000
64613  32.549  13.582  37.772 0.0000000000
64642  31.373  13.934  35.841 0.0000000000
64627  32.473  13.790  36.592 0.0000000000
114299  32.719  13.572  37.080 0.0000000000
62701  37.291  11.391  39.364 0.0000000000
62714  37.780  11.768  38.871 0.0000000000
69125  3.893  19.434  41.495 0.0000000000
67017  6.879  16.941  39.147 0.0000000000
67024  8.122  16.244  38.658 0.0000000000
66290  8.658  15.816  38.923 0.0000000000
106414  8.657  15.744  38.080 0.0000000000
67033  7.816  16.169  37.873 0.0000000000
67755  4.118  16.937  34.724 0.0000000000
107819  8.427  34.314  31.384 0.0000000000
75151  45.464  29.094  27.130 0.0000000000
74493  45.540  28.275  27.322 0.0000000000
72200  19.430  23.592  46.385 0.0000000000
115669  20.298  23.238  46.131 0.0000000000
71414  18.984  23.002  40.453 0.0000000000
102821  21.730  20.122  39.413 0.0000000000
69915  17.332  20.326  36.419 0.0000000000
69916  16.595  20.660  36.079 0.0000000000
69917  16.045  20.943  35.724 0.0000000000
70679  15.566  21.445  35.586 0.0000000000
69212  17.072  19.304  31.958 0.0000000000
69222  16.389  19.989  31.472 0.0000000000
116887  16.221  20.550  30.873 0.0000000000
69231  16.653  20.061  30.540 0.0000000000
58844  12.463  7.728  51.514 0.0000000000
59910  15.290  8.204  44.210 0.0000000000
59931  15.060  8.543  43.483 0.0000000000
61798  19.092  10.374  41.383 0.0000000000
60872  18.753  9.524  41.150 0.0000000000
111041  18.860  10.989  40.976 0.0000000000
67020  16.828  16.071  38.791 0.0000000000
64605  16.484  13.819  38.707 0.0000000000
66286  16.520  15.268  38.622 0.0000000000
105094  15.722  13.845  38.640 0.0000000000
109771  16.197  15.863  38.482 0.0000000000
119432  15.646  15.992  38.430 0.0000000000
71382  20.027  22.019  45.661 0.0000000000
57895  17.680  6.843  54.494 0.0000000000
57888  17.587  6.296  55.074 0.0000000000
56955  17.140  6.063  55.338 0.0000000000
57880  16.469  6.309  55.220 0.0000000000
58804  16.100  6.849  55.154 0.0000000000
59805  13.662  8.381  51.680 0.0000000000
59793  13.609  8.412  52.761 0.0000000000
59806  13.028  8.135  52.151 0.0000000000
58832  12.395  7.824  52.593 0.0000000000
65462  31.140  14.733  42.815 0.0000000000
65449  31.523  14.701  43.773 0.0000000000
64474  29.783  12.794  47.760 0.0000000000
63565  30.460  12.721  47.278 0.0000000000
62626  30.434  11.348  48.101 0.0000000000
65365  26.486  14.764  48.695 0.0000000000
63549  26.392  13.163  49.495 0.0000000000
65552  19.948  14.293  32.996 0.0000000000
64679  20.371  13.895  32.214 0.0000000000
63677  21.616  12.451  38.275 0.0000000000
63690  21.432  12.644  37.526 0.0000000000
62729  24.303  11.504  37.687 0.0000000000
62728  25.249  11.488  37.470 0.0000000000
62727  26.179  11.583  37.444 0.0000000000
62715  26.139  11.723  38.305 0.0000000000
65474  29.894  14.498  41.941 0.0000000000
82241  7.866  40.403  32.788 0.0000000000
82240  8.519  40.485  32.383 0.0000000000
69809  6.770  21.134  50.117 0.0000000000
71367  4.013  23.240  47.966 0.0000000000
71366  4.173  22.480  48.556 0.0000000000
71369  3.572  22.451  47.859 0.0000000000
72194  3.443  23.702  47.254 0.0000000000
76339  4.863  30.591  46.422 0.0000000000
107875  5.559  29.679  47.383 0.0000000000
72986  5.112  24.820  43.449 0.0000000000
72988  3.767  23.795  43.691 0.0000000000
72216  3.610  23.537  43.171 0.0000000000
72254  5.918  23.959  39.019 0.0000000000
72255  5.601  23.922  39.814 0.0000000000
115730  5.940  23.418  38.586 0.0000000000
72264  6.368  23.870  38.339 0.0000000000
71438  6.270  23.213  38.005 0.0000000000
75064  1.781  27.544  36.088 0.0000000000
74412  2.133  27.062  35.326 0.0000000000
75067  1.739  27.514  35.011 0.0000000000
75070  2.069  27.412  34.191 0.0000000000
75787  1.744  27.937  34.624 0.0000000000
103939  2.157  33.433  37.614 0.0000000000
78402  2.508  33.573  36.884 0.0000000000
78986  5.132  34.470  34.777 0.0000000000
78424  4.753  33.690  35.109 0.0000000000
78423  5.519  33.564  34.658 0.0000000000
78985  5.991  34.273  34.320 0.0000000000
78422  6.412  33.373  34.175 0.0000000000
103926  3.089  37.797  31.390 0.0000000000
119677  28.915  20.978  34.899 0.0000000000
73027  33.049  24.798  36.874 0.0000000000
70651  37.922  21.241  39.489 0.0000000000
70652  37.036  21.397  39.815 0.0000000000
71432  38.140  21.720  38.898 0.0000000000
72286  35.988  23.182  34.257 0.0000000000
72279  35.729  23.262  35.106 0.0000000000
72287  35.501  23.895  34.650 0.0000000000
73037  35.339  24.907  34.787 0.0000000000
73044  35.569  25.193  34.062 0.0000000000
73043  35.932  24.305  33.101 0.0000000000
70718  44.132  22.248  32.021 0.0000000000
70729  44.443  21.782  31.511 0.0000000000
69970  44.224  21.226  30.918 0.0000000000
69971  43.063  20.924  30.534 0.0000000000
74376  17.629  26.503  41.460 0.0000000000
62608  5.837  11.085  52.326 0.0000000000
63534  6.244  11.875  51.947 0.0000000000
63533  6.863  12.388  51.953 0.0000000000
57965  10.815  6.151  47.620 0.0000000000
57026  10.204  5.427  47.962 0.0000000000
57982  10.526  6.277  46.816 0.0000000000
60823  8.979  9.239  45.169 0.0000000000
59894  8.786  8.544  45.315 0.0000000000
60824  8.407  9.274  45.608 0.0000000000
60815  8.182  9.883  45.972 0.0000000000
104880  13.328  15.866  43.318 0.0000000000
65442  13.383  14.632  44.455 0.0000000000
66254  13.295  15.349  44.552 0.0000000000
64479  11.767  14.136  48.355 0.0000000000
64493  11.239  13.395  47.701 0.0000000000
63561  9.732  12.560  48.389 0.0000000000
64481  10.297  13.225  49.100 0.0000000000
103386  9.569  12.785  49.524 0.0000000000
64470  10.896  13.997  49.814 0.0000000000
66964  10.245  17.284  50.230 0.0000000000
107077  10.537  16.441  50.520 0.0000000000
66957  9.826  16.998  50.601 0.0000000000
102186  9.549  17.725  50.416 0.0000000000
70595  7.726  21.724  44.775 0.0000000000
71371  7.536  22.578  45.510 0.0000000000
73007  10.404  24.200  40.172 0.0000000000
73013  10.536  24.894  39.924 0.0000000000
75041  9.200  27.941  40.090 0.0000000000
75033  8.742  27.686  40.789 0.0000000000
75753  8.702  28.527  40.630 0.0000000000
62645  33.486  11.454  45.366 0.0000000000
104135  33.514  10.675  45.285 0.0000000000
68526  18.902  18.878  28.587 0.0000000000
69257  19.349  19.260  27.995 0.0000000000
68537  21.597  18.697  27.795 0.0000000000
68523  22.346  18.658  28.114 0.0000000000
119986  27.813  13.100  32.284 0.0000000000
64694  27.282  13.125  31.874 0.0000000000
112172  27.118  13.725  31.627 0.0000000000
67789  25.086  17.638  30.736 0.0000000000
68499  24.717  18.462  30.266 0.0000000000
69237  23.882  19.364  29.446 0.0000000000
69211  26.416  19.076  33.510 0.0000000000
69954  26.755  19.781  32.554 0.0000000000
69203  26.637  19.064  34.462 0.0000000000
69199  31.733  18.993  33.993 0.0000000000
69186  32.097  19.378  34.654 0.0000000000
67042  38.161  15.657  37.635 0.0000000000
67673  3.222  17.549  49.274 0.0000000000
110804  2.994  16.738  48.602 0.0000000000
64528  4.543  13.766  44.339 0.0000000000
65468  8.125  15.013  42.215 0.0000000000
66268  7.754  15.174  42.840 0.0000000000
119380  6.874  22.082  35.409 0.0000000000
71499  7.723  22.493  32.592 0.0000000000
109867  8.224  21.850  32.225 0.0000000000
73207  49.713  24.775  20.869 0.0000000000
72469  50.271  23.985  20.971 0.0000000000
71579  41.916  22.874  27.037 0.0000000000
71578  42.842  22.667  27.029 0.0000000000
71574  46.599  22.052  26.656 0.0000000000
111895  45.555  22.386  26.299 0.0000000000
69308  49.673  19.263  25.934 0.0000000000
69314  50.114  19.625  25.415 0.0000000000
70052  49.508  20.425  25.637 0.0000000000
70051  49.900  20.438  24.783 0.0000000000
66985  21.234  16.511  43.339 0.0000000000
106397  21.708  15.951  43.158 0.0000000000
65476  21.792  14.734  41.873 0.0000000000
62641  20.646  12.085  46.368 0.0000000000
110328  20.020  12.604  45.886 0.0000000000
103720  20.064  15.543  44.582 0.0000000000
66261  20.059  15.807  43.805 0.0000000000
65385  20.524  15.178  49.797 0.0000000000
63551  21.181  13.521  49.548 0.0000000000
64478  20.419  14.156  49.208 0.0000000000
64500  19.654  13.734  46.957 0.0000000000
63567  19.969  13.421  47.663 0.0000000000
63575  19.992  12.920  46.752 0.0000000000
64511  22.587  14.312  45.444 0.0000000000
64499  22.703  14.644  46.192 0.0000000000
66234  20.856  15.808  48.236 0.0000000000
66233  21.725  15.664  47.724 0.0000000000
66225  20.575  15.636  49.068 0.0000000000
65371  21.282  15.148  50.269 0.0000000000
118849  22.373  13.915  44.332 0.0000000000
81673  2.447  40.322  38.692 0.0000000000
101236  3.263  39.633  38.468 0.0000000000
104772  4.740  40.313  38.239 0.0000000000
104459  5.280  41.905  38.516 0.0000000000
77361  4.515  32.434  39.551 0.0000000000
77869  4.463  32.917  38.917 0.0000000000
78947  3.503  34.526  39.205 0.0000000000
78940  2.483  35.233  40.265 0.0000000000
79519  1.583  35.885  40.660 0.0000000000
79518  2.430  35.917  39.820 0.0000000000
80634  2.907  37.938  38.626 0.0000000000
107731  2.051  38.599  39.290 0.0000000000
102783  35.659  16.331  32.451 0.0000000000
75729  16.805  29.458  45.088 0.0000000000
55092  7.027  3.295  52.305 0.0000000000
71395  15.115  22.510  43.246 0.0000000000
72214  14.169  23.666  44.577 0.0000000000
72984  13.609  24.392  44.118 0.0000000000
74366  14.865  27.008  44.850 0.0000000000
74367  14.244  26.434  44.158 0.0000000000
75017  14.720  27.348  43.910 0.0000000000
62668  35.610  11.259  42.235 0.0000000000
103042  35.826  10.838  41.813 0.0000000000
61789  35.265  10.844  42.479 0.0000000000
64598  33.741  12.954  38.679 0.0000000000
63635  35.962  11.711  40.522 0.0000000000
63634  36.794  11.415  39.921 0.0000000000
61744  4.442  10.628  49.587 0.0000000000
62631  4.616  11.406  49.010 0.0000000000
64483  4.163  13.325  48.338 0.0000000000
68411  2.436  19.234  39.755 0.0000000000
68421  1.947  18.740  39.150 0.0000000000
67732  2.123  17.156  38.878 0.0000000000
67723  2.834  17.662  39.453 0.0000000000
67731  3.398  17.001  39.077 0.0000000000
67028  4.075  16.529  38.520 0.0000000000
67037  3.411  15.956  38.032 0.0000000000
66299  1.971  15.740  37.332 0.0000000000
66307  3.048  14.899  36.943 0.0000000000
116566  1.756  14.972  36.864 0.0000000000
114378  1.477  14.982  36.432 0.0000000000
68450  3.139  17.866  35.916 0.0000000000
67746  2.471  16.785  35.823 0.0000000000
71699  49.194  22.544  17.844 0.0000000000
71687  49.234  22.182  18.248 0.0000000000
71373  21.631  22.431  45.520 0.0000000000
71400  22.686  22.322  43.162 0.0000000000
71391  22.463  22.616  44.061 0.0000000000
68432  20.260  18.748  37.096 0.0000000000
68446  18.840  18.617  35.432 0.0000000000
69179  17.967  19.094  35.485 0.0000000000
69167  17.697  19.661  36.029 0.0000000000
67752  18.622  18.347  33.706 0.0000000000
59827  15.060  8.556  50.003 0.0000000000
115558  14.378  8.481  49.950 0.0000000000
59839  15.525  8.496  49.334 0.0000000000
58900  16.725  7.719  46.639 0.0000000000
59887  15.973  7.908  45.959 0.0000000000
59909  16.289  7.722  45.145 0.0000000000
66274  18.624  15.354  41.020 0.0000000000
65488  18.488  14.595  40.471 0.0000000000
68403  18.131  18.235  41.177 0.0000000000
110553  18.272  17.021  40.845 0.0000000000
67709  17.923  17.594  40.687 0.0000000000
67005  17.877  16.859  40.251 0.0000000000
68404  17.474  18.373  40.494 0.0000000000
69121  18.425  19.328  41.907 0.0000000000
118403  20.913  21.307  44.728 0.0000000000
70607  20.014  21.056  44.186 0.0000000000
70600  20.541  21.603  45.114 0.0000000000
57924  19.806  6.134  50.413 0.0000000000
58842  17.925  7.229  51.202 0.0000000000
57915  18.539  6.577  51.807 0.0000000000
58829  17.778  7.274  52.306 0.0000000000
58830  17.106  7.933  52.748 0.0000000000
58831  16.726  7.876  53.658 0.0000000000
59801  16.776  8.242  52.185 0.0000000000
116212  16.185  8.480  50.599 0.0000000000
116370  16.029  8.538  51.420 0.0000000000
59813  15.441  8.557  50.952 0.0000000000
59804  14.868  8.586  51.739 0.0000000000
118795  29.865  14.933  43.985 0.0000000000
115805  29.289  14.851  43.952 0.0000000000
115874  28.324  15.080  45.146 0.0000000000
65416  29.145  15.127  45.324 0.0000000000
65403  29.015  14.914  46.195 0.0000000000
64498  29.614  14.221  46.678 0.0000000000
65390  28.849  14.478  46.935 0.0000000000
61723  24.916  10.587  51.438 0.0000000000
100037  25.832  10.750  51.097 0.0000000000
110769  25.613  9.440  51.783 0.0000000000
57909  25.668  5.624  51.575 0.0000000000
59787  26.012  7.632  51.881 0.0000000000
57908  25.858  6.360  51.714 0.0000000000
105844  25.957  6.133  51.027 0.0000000000
68492  18.263  18.223  31.974 0.0000000000
67052  19.774  16.485  33.974 0.0000000000
67060  19.501  16.502  33.213 0.0000000000
66325  19.638  15.730  33.487 0.0000000000
65541  19.769  14.881  33.698 0.0000000000
101226  24.807  12.148  40.970 0.0000000000
63640  25.666  12.300  40.712 0.0000000000
63656  25.839  12.137  39.889 0.0000000000
63639  26.483  12.447  40.443 0.0000000000
64533  28.196  13.960  42.983 0.0000000000
65464  28.916  14.338  42.709 0.0000000000
116846  3.603  39.118  31.368 0.0000000000
81718  4.331  39.825  31.640 0.0000000000
101040  5.140  39.518  30.877 0.0000000000
81717  6.683  39.790  31.006 0.0000000000
82821  9.873  41.200  32.415 0.0000000000
83899  10.076  43.050  31.100 0.0000000000
71363  7.392  23.630  48.822 0.0000000000
73675  7.019  25.891  48.943 0.0000000000
72963  6.482  25.291  49.457 0.0000000000
72962  5.721  25.789  49.140 0.0000000000
75732  4.669  29.179  44.233 0.0000000000
75739  4.572  28.760  42.899 0.0000000000
75746  5.108  28.064  42.068 0.0000000000
75028  5.336  27.575  42.294 0.0000000000
113722  5.586  26.854  42.093 0.0000000000
74389  5.617  26.777  41.118 0.0000000000
75042  5.491  27.175  39.583 0.0000000000
74396  5.668  26.921  40.328 0.0000000000
74400  5.955  26.140  39.013 0.0000000000
113994  5.684  26.766  39.065 0.0000000000
102059  5.671  26.581  38.312 0.0000000000
75054  1.921  27.759  37.874 0.0000000000
75060  1.732  27.593  37.070 0.0000000000
79541  3.001  35.872  36.070 0.0000000000
80653  4.344  37.872  34.623 0.0000000000
79549  3.969  36.145  35.404 0.0000000000
80119  4.787  35.930  34.938 0.0000000000
80661  4.698  37.887  33.739 0.0000000000
81201  2.980  38.749  32.315 0.0000000000
80674  3.227  37.918  31.987 0.0000000000
69898  29.806  21.066  37.692 0.0000000000
70668  30.524  21.919  39.145 0.0000000000
71434  30.593  22.373  39.706 0.0000000000
72268  30.728  23.192  39.452 0.0000000000
71425  30.988  22.699  40.318 0.0000000000
71453  40.018  22.385  36.529 0.0000000000
71473  39.258  22.811  35.194 0.0000000000
101444  38.369  22.694  34.558 0.0000000000
105689  37.576  22.659  34.467 0.0000000000
71483  37.829  22.636  33.716 0.0000000000
101445  38.505  22.663  33.284 0.0000000000
72306  40.618  23.324  32.886 0.0000000000
71491  39.634  22.932  32.653 0.0000000000
71502  39.995  22.972  31.958 0.0000000000
115009  39.535  22.740  31.198 0.0000000000
71490  43.167  22.946  33.567 0.0000000000
70707  43.756  22.819  32.727 0.0000000000
73712  16.086  25.548  39.816 0.0000000000
74401  15.389  26.825  37.695 0.0000000000
58847  4.349  7.622  52.410 0.0000000000
113495  3.718  7.557  52.572 0.0000000000
58835  4.153  8.578  52.754 0.0000000000
60783  5.790  9.585  52.149 0.0000000000
59914  11.698  8.575  44.527 0.0000000000
59892  11.368  8.150  44.912 0.0000000000
120614  10.886  9.697  44.298 0.0000000000
61779  11.062  10.484  44.292 0.0000000000
61780  10.257  10.105  44.564 0.0000000000
67691  11.834  17.594  43.774 0.0000000000
66982  12.232  16.917  45.060 0.0000000000
67674  11.315  16.987  46.236 0.0000000000
66977  12.083  16.702  45.827 0.0000000000
66968  12.053  16.516  48.159 0.0000000000
67681  9.763  17.844  46.071 0.0000000000
67670  10.463  17.414  47.800 0.0000000000
67666  10.510  17.501  48.737 0.0000000000
109966  9.285  18.496  46.597 0.0000000000
69097  8.632  19.583  44.439 0.0000000000
106254  8.554  19.512  45.338 0.0000000000
69829  8.011  20.930  44.451 0.0000000000
70602  8.177  21.089  43.565 0.0000000000
76376  9.342  28.957  37.804 0.0000000000
76384  9.925  29.213  37.080 0.0000000000
66373  20.367  15.950  29.687 0.0000000000
66380  20.704  16.254  29.030 0.0000000000
66372  20.954  15.528  29.361 0.0000000000
66371  21.647  15.364  29.234 0.0000000000
66370  22.467  15.422  29.248 0.0000000000
67101  21.720  16.522  28.570 0.0000000000
65577  28.206  14.709  31.813 0.0000000000
65576  29.004  14.931  31.991 0.0000000000
67076  27.278  16.107  31.763 0.0000000000
67069  25.982  16.972  32.257 0.0000000000
67774  27.031  17.453  32.972 0.0000000000
68482  27.288  18.123  33.832 0.0000000000
68480  29.931  18.196  32.974 0.0000000000
67770  31.551  17.741  33.133 0.0000000000
99942  38.094  13.173  37.333 0.0000000000
119675  5.489  18.288  46.900 0.0000000000
67677  5.773  17.590  46.472 0.0000000000
66978  6.226  16.389  45.247 0.0000000000
66973  5.953  16.926  45.862 0.0000000000
66258  5.415  15.228  44.941 0.0000000000
64581  8.007  12.990  40.967 0.0000000000
62694  7.939  11.748  40.239 0.0000000000
73743  5.461  25.186  33.368 0.0000000000
117613  5.658  25.153  32.810 0.0000000000
73771  5.929  26.095  31.976 0.0000000000
118319  5.923  25.245  32.468 0.0000000000
73068  6.737  24.911  31.932 0.0000000000
73058  6.974  24.316  32.171 0.0000000000
73769  6.978  25.508  31.613 0.0000000000
73750  31.062  25.035  32.038 0.0000000000
73072  31.246  25.022  30.938 0.0000000000
72349  31.160  24.231  29.438 0.0000000000
72350  30.446  24.739  29.676 0.0000000000
74551  45.964  27.636  22.847 0.0000000000
73193  48.036  25.178  21.766 0.0000000000
73192  48.661  24.724  21.333 0.0000000000
102360  45.309  22.567  28.837 0.0000000000
108838  46.156  21.849  29.447 0.0000000000
69998  46.941  20.558  29.433 0.0000000000
70747  47.286  20.987  29.241 0.0000000000
70018  47.473  20.500  28.899 0.0000000000
69107  22.321  19.302  42.796 0.0000000000
69119  23.385  19.616  41.629 0.0000000000
68412  22.949  18.908  40.516 0.0000000000
68430  21.409  18.362  38.210 0.0000000000
67725  21.517  17.705  38.424 0.0000000000
67019  21.082  16.248  38.076 0.0000000000
67032  20.859  16.846  37.398 0.0000000000
57979  20.258  6.609  46.479 0.0000000000
57993  19.945  6.657  45.770 0.0000000000
57992  20.646  6.786  45.926 0.0000000000
60832  20.730  9.282  43.799 0.0000000000
60845  20.181  9.330  42.981 0.0000000000
61790  20.000  10.349  42.813 0.0000000000
63591  19.615  12.901  44.642 0.0000000000
62654  20.343  11.469  44.617 0.0000000000
63601  19.431  13.132  43.892 0.0000000000
65466  19.339  14.619  42.967 0.0000000000
64554  19.181  13.884  42.507 0.0000000000
106409  19.396  12.238  42.295 0.0000000000
64566  19.021  13.974  41.738 0.0000000000
67701  19.846  17.494  42.450 0.0000000000
68385  20.472  18.345  42.555 0.0000000000
59789  24.125  8.066  52.502 0.0000000000
58819  24.211  7.109  52.826 0.0000000000
117751  23.088  8.946  51.071 0.0000000000
58841  22.902  7.330  51.086 0.0000000000
57911  22.815  6.471  51.727 0.0000000000
61741  22.456  10.596  49.696 0.0000000000
61748  22.351  10.465  48.646 0.0000000000
59852  22.580  8.235  47.944 0.0000000000
59836  22.672  8.157  48.790 0.0000000000
57931  22.227  6.796  49.521 0.0000000000
57945  22.138  6.862  48.661 0.0000000000
57932  21.694  6.555  49.136 0.0000000000
57977  21.556  6.957  46.595 0.0000000000
57961  21.214  6.631  47.285 0.0000000000
107172  20.628  6.603  46.884 0.0000000000
57948  19.680  6.493  48.152 0.0000000000
64536  25.649  13.205  43.718 0.0000000000
65407  25.508  15.050  46.810 0.0000000000
66222  25.866  15.670  48.229 0.0000000000
66223  25.136  15.746  48.344 0.0000000000
65396  23.195  15.370  48.274 0.0000000000
65409  23.821  14.976  47.427 0.0000000000
65358  23.489  14.712  50.495 0.0000000000
65368  24.033  15.426  49.988 0.0000000000
64466  24.394  14.591  50.214 0.0000000000
63530  24.513  12.047  50.776 0.0000000000
63539  24.091  12.796  50.500 0.0000000000
61719  23.894  9.724  52.115 0.0000000000
58818  24.526  7.276  52.786 0.0000000000
66284  20.758  15.379  37.721 0.0000000000
114006  21.195  13.119  38.666 0.0000000000
104897  21.693  13.883  41.369 0.0000000000
64565  21.926  13.211  41.684 0.0000000000
101316  22.873  12.273  41.282 0.0000000000
64537  24.761  13.030  43.963 0.0000000000
82210  2.494  41.047  35.293 0.0000000000
82797  3.105  41.721  36.059 0.0000000000
82809  4.521  41.321  34.827 0.0000000000
82808  5.657  41.329  34.818 0.0000000000
82771  3.754  42.258  37.736 0.0000000000
83369  4.430  42.367  37.308 0.0000000000
82807  6.723  41.277  34.816 0.0000000000
82806  7.740  41.250  34.761 0.0000000000
82805  8.716  41.274  34.558 0.0000000000
82791  9.350  41.688  35.152 0.0000000000
82804  9.613  41.395  34.223 0.0000000000
75731  7.645  29.172  44.042 0.0000000000
76337  7.327  29.766  45.317 0.0000000000
117937  7.389  29.834  44.467 0.0000000000
76870  5.673  31.325  43.158 0.0000000000
76861  6.208  31.065  44.813 0.0000000000
76862  5.472  31.594  44.462 0.0000000000
76857  5.042  31.545  45.624 0.0000000000
77334  4.600  32.113  45.069 0.0000000000
77354  4.235  32.129  41.079 0.0000000000
77348  3.775  32.463  42.189 0.0000000000
77342  3.103  32.576  43.243 0.0000000000
77336  3.032  32.358  44.228 0.0000000000
77337  2.693  31.857  44.101 0.0000000000
76864  2.647  31.236  43.962 0.0000000000
113937  2.449  31.508  43.545 0.0000000000
105640  1.972  31.189  41.683 0.0000000000
77362  1.957  31.707  40.323 0.0000000000
77870  1.525  33.350  39.322 0.0000000000
78383  1.661  33.828  38.439 0.0000000000
80084  0.884  36.495  40.003 0.0000000000
104463  0.860  36.674  38.862 0.0000000000
79533  1.513  36.385  37.443 0.0000000000
80108  1.605  36.962  37.185 0.0000000000
81172  1.342  39.390  36.770 0.0000000000
81692  2.068  39.602  35.797 0.0000000000
68429  36.445  18.475  37.894 0.0000000000
69154  36.026  19.472  38.382 0.0000000000
68428  37.324  17.934  38.231 0.0000000000
106932  37.997  17.781  37.701 0.0000000000
69153  37.494  18.635  38.634 0.0000000000
69152  38.096  18.868  38.514 0.0000000000
117329  38.975  20.133  36.164 0.0000000000
69892  39.656  21.265  37.069 0.0000000000
69923  39.131  20.326  35.312 0.0000000000
69945  39.118  20.336  33.567 0.0000000000
69936  40.007  21.044  35.033 0.0000000000
69944  39.822  20.739  33.957 0.0000000000
69935  40.639  21.381  34.404 0.0000000000
56070  5.378  4.789  50.204 0.0000000000
56056  4.856  4.763  50.910 0.0000000000
57011  5.170  5.585  50.474 0.0000000000
57939  5.557  6.368  50.218 0.0000000000
66275  13.653  15.362  40.566 0.0000000000
105139  13.588  14.689  41.270 0.0000000000
67703  13.272  17.450  41.516 0.0000000000
66999  13.365  16.526  41.791 0.0000000000
66994  13.242  16.549  42.781 0.0000000000
69857  13.618  20.483  41.347 0.0000000000
102487  13.569  21.047  41.722 0.0000000000
69123  12.697  19.760  41.844 0.0000000000
68387  12.648  18.367  42.178 0.0000000000
110648  12.198  18.836  42.353 0.0000000000
68378  12.179  18.305  42.738 0.0000000000
69112  11.106  19.518  42.436 0.0000000000
69113  10.393  19.460  42.531 0.0000000000
69845  10.382  20.085  42.091 0.0000000000
111507  11.603  22.792  41.274 0.0000000000
72240  11.289  23.354  40.734 0.0000000000
73000  11.605  24.034  40.699 0.0000000000
73699  13.009  25.210  42.557 0.0000000000
72992  12.652  24.296  42.335 0.0000000000
119494  35.679  10.653  36.322 0.0000000000
112279  35.861  10.600  36.887 0.0000000000
61835  35.317  10.361  38.242 0.0000000000
61847  35.110  10.319  37.293 0.0000000000
60917  34.296  10.157  37.787 0.0000000000
110491  33.644  9.979  38.246 0.0000000000
105342  36.135  10.614  40.097 0.0000000000
60894  33.639  10.058  39.907 0.0000000000
62769  26.435  11.542  34.043 0.0000000000
117943  26.862  11.544  34.568 0.0000000000
63717  28.381  12.230  34.280 0.0000000000
63726  28.302  12.479  33.600 0.0000000000
64616  29.944  13.373  37.382 0.0000000000
118377  30.414  13.506  36.908 0.0000000000
118382  30.385  13.394  35.921 0.0000000000
64650  29.778  13.200  34.372 0.0000000000
65539  30.847  14.228  34.142 0.0000000000
65538  31.529  14.591  34.480 0.0000000000
66323  31.896  15.194  34.094 0.0000000000
116095  35.538  12.712  38.187 0.0000000000
64611  37.220  13.275  37.653 0.0000000000
62725  37.901  11.666  37.956 0.0000000000
62753  36.781  11.437  35.932 0.0000000000
69105  4.671  19.875  43.293 0.0000000000
69104  5.434  19.538  43.488 0.0000000000
69116  5.220  19.419  42.721 0.0000000000
68399  6.344  18.490  41.695 0.0000000000
68391  6.472  18.572  42.444 0.0000000000
68398  6.903  18.200  41.965 0.0000000000
67704  7.389  17.692  41.846 0.0000000000
68418  4.708  18.135  40.175 0.0000000000
68408  5.235  18.530  40.808 0.0000000000
67713  5.825  18.015  40.321 0.0000000000
67008  7.884  16.896  39.977 0.0000000000
67711  7.317  17.486  40.437 0.0000000000
67007  8.337  16.376  40.337 0.0000000000
65490  8.632  14.545  40.583 0.0000000000
111672  8.825  15.108  39.993 0.0000000000
64593  9.410  14.008  39.083 0.0000000000
63664  9.431  13.155  38.894 0.0000000000
63679  9.321  12.460  38.651 0.0000000000
63678  9.621  12.945  38.145 0.0000000000
66295  6.319  15.881  37.167 0.0000000000
66294  7.376  15.914  37.169 0.0000000000
66304  6.801  15.575  36.493 0.0000000000
67071  6.196  16.581  32.033 0.0000000000
77430  7.283  31.118  32.052 0.0000000000
104057  6.919  30.315  31.789 0.0000000000
76940  8.235  30.818  31.024 0.0000000000
73760  34.120  26.177  31.517 0.0000000000
74519  47.710  28.138  25.565 0.0000000000
73848  47.074  26.931  25.730 0.0000000000
72971  17.139  24.252  46.608 0.0000000000
73681  17.719  25.156  46.323 0.0000000000
72983  20.008  25.281  45.075 0.0000000000
73693  19.542  25.853  44.149 0.0000000000
73698  18.801  25.911  43.128 0.0000000000
72990  19.049  25.310  43.078 0.0000000000
72209  21.110  24.069  44.786 0.0000000000
102166  18.460  24.347  41.495 0.0000000000
72229  17.725  24.549  40.984 0.0000000000
73004  17.018  25.015  40.750 0.0000000000
72239  16.970  24.219  40.203 0.0000000000
72252  16.570  23.704  39.463 0.0000000000
72262  15.570  23.743  38.277 0.0000000000
69852  23.396  21.130  41.851 0.0000000000
70643  21.132  21.339  39.966 0.0000000000
70632  20.446  22.009  40.263 0.0000000000
70644  20.253  21.384  39.559 0.0000000000
69156  19.841  19.402  37.454 0.0000000000
69899  19.438  20.044  37.878 0.0000000000
69888  18.183  21.167  37.781 0.0000000000
69887  19.037  20.886  38.277 0.0000000000
70658  18.981  21.605  38.855 0.0000000000
70659  17.805  21.866  38.099 0.0000000000
71435  17.404  22.479  38.552 0.0000000000
70660  17.017  22.171  37.805 0.0000000000
70672  15.827  22.226  36.855 0.0000000000
71448  16.257  22.459  37.541 0.0000000000
71450  15.130  22.805  36.718 0.0000000000
71467  14.833  22.693  35.825 0.0000000000
70695  14.859  22.062  34.471 0.0000000000
71487  14.577  22.788  34.110 0.0000000000
69193  16.709  19.694  34.255 0.0000000000
69948  16.078  20.182  33.857 0.0000000000
69956  15.484  21.127  32.156 0.0000000000
120137  15.589  20.762  32.757 0.0000000000
70713  15.151  21.896  32.282 0.0000000000
70735  16.276  21.612  30.175 0.0000000000
71517  16.142  22.321  30.411 0.0000000000
71531  16.714  22.254  29.713 0.0000000000
58864  11.902  7.215  49.896 0.0000000000
57936  11.312  6.749  50.382 0.0000000000
59841  13.892  8.229  48.513 0.0000000000
59856  13.943  8.060  47.522 0.0000000000
102299  13.943  7.988  46.044 0.0000000000
59873  13.019  7.787  46.120 0.0000000000
118237  12.552  7.494  46.700 0.0000000000
59891  12.219  8.051  45.189 0.0000000000
60846  14.104  9.460  43.153 0.0000000000
61792  13.717  10.377  42.903 0.0000000000
61791  14.216  10.798  42.109 0.0000000000
58919  18.670  6.801  45.110 0.0000000000
58985  18.393  8.087  41.737 0.0000000000
58955  18.098  7.259  43.051 0.0000000000
58970  17.832  7.561  42.303 0.0000000000
58956  17.245  7.456  42.958 0.0000000000
58987  16.842  8.007  41.583 0.0000000000
63644  18.342  12.837  40.113 0.0000000000
62706  17.888  11.963  39.792 0.0000000000
62707  16.326  11.706  39.066 0.0000000000
61821  16.713  11.039  39.326 0.0000000000
60896  16.491  9.849  39.805 0.0000000000
60886  15.916  9.011  40.750 0.0000000000
112383  15.525  9.683  40.630 0.0000000000
60873  15.323  9.480  41.342 0.0000000000
61809  15.451  10.269  40.205 0.0000000000
64592  14.833  13.021  39.404 0.0000000000
62693  14.630  11.879  40.363 0.0000000000
63645  14.404  12.787  40.177 0.0000000000
64579  13.992  13.415  40.726 0.0000000000
65498  14.284  14.482  39.578 0.0000000000
68425  15.191  17.899  38.899 0.0000000000
68416  14.879  18.555  39.351 0.0000000000
69142  15.265  19.195  39.639 0.0000000000
69131  17.137  19.398  40.659 0.0000000000
72211  16.999  23.356  45.637 0.0000000000
72202  17.050  23.794  46.425 0.0000000000
72977  16.068  24.205  46.475 0.0000000000
56978  23.587  4.915  53.651 0.0000000000
116941  21.376  4.134  54.275 0.0000000000
55051  21.084  3.591  54.184 0.0000000000
55052  20.124  3.792  54.483 0.0000000000
56990  19.876  5.623  53.261 0.0000000000
56981  19.495  5.488  54.214 0.0000000000
56017  16.183  5.056  54.572 0.0000000000
59781  15.921  8.131  53.775 0.0000000000
59776  15.424  7.813  54.429 0.0000000000
59777  14.594  7.823  54.427 0.0000000000
59780  13.111  7.694  54.297 0.0000000000
65459  33.545  14.281  42.681 0.0000000000
113714  34.243  13.478  43.092 0.0000000000
64519  32.523  13.907  44.741 0.0000000000
64505  33.144  13.168  44.929 0.0000000000
63579  33.493  12.283  45.169 0.0000000000
63580  32.754  12.747  45.534 0.0000000000
65415  30.998  14.618  44.954 0.0000000000
63564  31.085  12.154  47.029 0.0000000000
63573  31.590  12.739  46.434 0.0000000000
62639  31.880  11.845  46.606 0.0000000000
112540  32.498  11.581  46.241 0.0000000000
61753  32.091  10.165  47.277 0.0000000000
110994  31.614  10.813  47.517 0.0000000000
103402  27.150  15.209  46.290 0.0000000000
64477  27.282  14.174  48.389 0.0000000000
64476  28.116  13.714  48.213 0.0000000000
64475  28.977  13.311  48.096 0.0000000000
63558  28.460  12.839  48.642 0.0000000000
108933  17.263  21.862  29.034 0.0000000000
69239  17.595  19.807  29.353 0.0000000000
69238  18.242  19.332  28.991 0.0000000000
67783  18.733  17.649  31.555 0.0000000000
68500  18.234  18.232  31.079 0.0000000000
67782  19.192  17.038  31.157 0.0000000000
66364  20.051  15.724  30.405 0.0000000000
64700  20.900  13.610  31.478 0.0000000000
64720  20.909  13.979  30.823 0.0000000000
64699  21.527  13.007  31.580 0.0000000000
63752  22.202  12.583  31.629 0.0000000000
118840  22.478  12.193  32.177 0.0000000000
65515  20.516  14.602  36.360 0.0000000000
66311  20.191  15.555  35.109 0.0000000000
64645  20.593  13.675  35.736 0.0000000000
105649  21.010  12.746  35.438 0.0000000000
113381  20.658  13.220  34.881 0.0000000000
104579  23.302  11.575  37.921 0.0000000000
62744  22.895  11.654  36.428 0.0000000000
63720  21.587  12.133  35.083 0.0000000000
63719  22.187  11.729  34.677 0.0000000000
63730  21.529  12.331  33.433 0.0000000000
115452  22.894  11.479  35.023 0.0000000000
62758  24.435  11.318  35.033 0.0000000000
62772  23.603  11.331  34.340 0.0000000000
62785  23.965  11.420  33.341 0.0000000000
62771  24.607  11.291  34.129 0.0000000000
62770  25.482  11.381  34.030 0.0000000000
62726  27.111  11.696  37.168 0.0000000000
63687  27.737  12.140  37.701 0.0000000000
63699  27.884  11.930  36.889 0.0000000000
63654  27.439  12.491  39.332 0.0000000000
64575  28.719  13.340  40.302 0.0000000000
64574  29.476  13.598  39.966 0.0000000000
65494  30.262  13.977  39.723 0.0000000000
65472  32.042  14.630  41.654 0.0000000000
112174  4.504  40.572  33.348 0.0000000000
82244  4.477  40.414  32.751 0.0000000000
115425  6.057  40.283  32.351 0.0000000000
82248  7.514  40.107  31.434 0.0000000000
82830  9.675  41.617  30.690 0.0000000000
82246  9.294  40.859  30.974 0.0000000000
83397  9.569  42.160  30.192 0.0000000000
83402  8.583  41.965  28.816 0.0000000000
67664  4.778  17.837  50.369 0.0000000000
68367  3.756  19.007  50.078 0.0000000000
71361  6.617  23.048  50.099 0.0000000000
70582  6.036  21.539  49.874 0.0000000000
69815  4.087  20.965  49.462 0.0000000000
68370  4.715  18.862  48.027 0.0000000000
69818  4.088  20.613  48.252 0.0000000000
70591  3.333  21.855  47.330 0.0000000000
69822  4.508  20.469  46.932 0.0000000000
69826  4.781  20.400  45.794 0.0000000000
75006  7.219  28.368  47.448 0.0000000000
75718  6.830  29.119  47.852 0.0000000000
112766  5.841  27.936  48.440 0.0000000000
74357  5.516  27.063  48.110 0.0000000000
73676  5.495  26.320  48.665 0.0000000000
73680  5.169  26.086  47.498 0.0000000000
107357  5.380  28.038  43.904 0.0000000000
75014  5.389  27.972  45.209 0.0000000000
73692  4.693  25.221  45.527 0.0000000000
73684  4.654  25.363  46.787 0.0000000000
72973  3.998  24.577  46.285 0.0000000000
72969  3.295  24.012  46.614 0.0000000000
116879  2.617  22.740  44.706 0.0000000000
71378  2.625  22.412  45.090 0.0000000000
70596  2.735  21.676  44.587 0.0000000000
102140  3.278  20.977  44.089 0.0000000000
70597  2.331  21.869  43.867 0.0000000000
70605  2.426  21.701  43.063 0.0000000000
70616  2.281  21.672  42.112 0.0000000000
72995  4.816  23.997  42.137 0.0000000000
72234  5.057  23.915  41.334 0.0000000000
71418  4.114  22.693  40.420 0.0000000000
71420  2.531  21.613  41.013 0.0000000000
70637  2.823  21.572  40.283 0.0000000000
70649  2.512  21.078  39.899 0.0000000000
70648  3.143  21.406  39.586 0.0000000000
70662  4.407  21.547  38.529 0.0000000000
70663  3.518  21.133  38.900 0.0000000000
69889  3.793  20.805  38.189 0.0000000000
69905  3.017  20.029  37.926 0.0000000000
69904  4.689  21.218  37.791 0.0000000000
69903  5.033  20.794  37.130 0.0000000000
73029  6.526  24.270  36.329 0.0000000000
74403  5.481  26.584  37.357 0.0000000000
74406  5.290  26.418  36.457 0.0000000000
73730  5.087  26.223  35.503 0.0000000000
108543  5.587  25.524  35.128 0.0000000000
73736  4.896  25.975  34.550 0.0000000000
73735  5.456  25.290  34.192 0.0000000000
74416  3.992  26.230  34.073 0.0000000000
75078  2.992  27.419  33.038 0.0000000000
74425  3.358  26.724  33.218 0.0000000000
75796  3.282  28.088  32.736 0.0000000000
75087  3.610  27.715  32.598 0.0000000000
76895  2.091  29.885  39.121 0.0000000000
76379  1.666  28.938  39.023 0.0000000000
76902  2.812  30.345  38.217 0.0000000000
120043  3.211  29.993  37.387 0.0000000000
78975  3.385  34.405  35.942 0.0000000000
76913  4.308  30.289  35.384 0.0000000000
76918  4.082  29.949  34.670 0.0000000000
76917  4.724  30.601  34.678 0.0000000000
115536  5.762  31.220  33.834 0.0000000000
76924  5.168  30.660  33.980 0.0000000000
77416  5.595  30.659  33.384 0.0000000000
115217  6.212  30.964  33.166 0.0000000000
77915  7.084  33.622  33.558 0.0000000000
78444  7.649  33.890  32.882 0.0000000000
79006  7.578  34.783  32.608 0.0000000000
80126  6.140  36.695  32.950 0.0000000000
79570  6.370  36.001  33.436 0.0000000000
80148  5.241  36.769  31.627 0.0000000000
80147  6.172  36.601  31.875 0.0000000000
80156  6.747  36.106  31.509 0.0000000000
80157  6.149  36.234  31.137 0.0000000000
108540  28.709  21.541  31.387 0.0000000000
70721  29.471  21.771  31.869 0.0000000000
70701  30.064  21.736  33.300 0.0000000000
71486  30.715  22.355  32.876 0.0000000000
71459  29.685  21.902  37.077 0.0000000000
70691  29.961  21.754  35.193 0.0000000000
71466  30.226  22.161  35.827 0.0000000000
72289  31.922  23.122  34.557 0.0000000000
71485  31.300  22.754  33.252 0.0000000000
72308  32.241  23.794  33.315 0.0000000000
73046  32.763  24.407  33.582 0.0000000000
73739  33.723  26.243  33.704 0.0000000000
69884  35.183  20.953  39.863 0.0000000000
117734  34.736  21.564  40.345 0.0000000000
71421  35.500  22.258  40.129 0.0000000000
117555  34.577  22.471  40.331 0.0000000000
72248  33.883  23.153  40.124 0.0000000000
72259  33.099  23.876  39.525 0.0000000000
72258  34.024  23.685  38.958 0.0000000000
71455  38.078  22.583  36.824 0.0000000000
100840  37.542  22.517  37.620 0.0000000000
110429  34.829  24.502  36.150 0.0000000000
72272  34.877  23.931  36.631 0.0000000000
72273  34.360  24.449  37.185 0.0000000000
73021  33.698  24.893  37.296 0.0000000000
73025  34.330  24.947  36.627 0.0000000000
73031  34.156  25.305  36.274 0.0000000000
73733  34.749  26.390  35.030 0.0000000000
74413  34.963  26.980  34.916 0.0000000000
74422  34.200  27.212  33.735 0.0000000000
75073  34.715  27.838  33.874 0.0000000000
112977  36.807  27.617  33.854 0.0000000000
75071  36.686  28.037  33.963 0.0000000000
74427  37.656  28.063  33.076 0.0000000000
72307  36.966  23.033  32.127 0.0000000000
106626  36.361  23.923  32.153 0.0000000000
72360  39.854  23.180  28.134 0.0000000000
71555  40.961  22.839  27.926 0.0000000000
72377  40.952  23.210  27.102 0.0000000000
72329  41.696  23.317  30.868 0.0000000000
71511  41.108  22.892  30.030 0.0000000000
71522  44.084  23.152  30.478 0.0000000000
109924  43.834  23.186  29.491 0.0000000000
108221  44.567  22.949  29.757 0.0000000000
70740  45.627  21.333  30.676 0.0000000000
115950  44.828  20.483  30.035 0.0000000000
69960  40.734  20.836  32.004 0.0000000000
69972  41.431  20.728  30.535 0.0000000000
70002  41.861  20.252  28.849 0.0000000000
69249  41.319  19.906  28.179 0.0000000000
69273  41.698  19.477  27.494 0.0000000000
73231  51.373  25.512  18.116 0.0000000000
72504  51.518  24.201  19.120 0.0000000000
103717  6.533  35.823  36.523 0.0000000000
80105  6.120  36.533  36.601 0.0000000000
80104  6.812  36.424  36.584 0.0000000000
60777  4.303  9.300  52.803 0.0000000000
59808  3.635  8.849  52.477 0.0000000000
109266  3.821  9.594  51.749 0.0000000000
61737  4.102  10.054  51.279 0.0000000000
60791  3.635  9.470  50.818 0.0000000000
114958  4.486  10.611  50.690 0.0000000000
64461  5.925  13.000  50.845 0.0000000000
56054  9.280  4.625  52.348 0.0000000000
57010  9.771  5.090  50.930 0.0000000000
57027  9.581  4.885  48.390 0.0000000000
56081  9.082  4.265  49.762 0.0000000000
56095  9.019  4.406  48.846 0.0000000000
56082  8.343  4.030  49.345 0.0000000000
56096  8.351  4.401  48.417 0.0000000000
109104  10.172  7.483  45.208 0.0000000000
57983  9.921  6.185  46.132 0.0000000000
57996  9.621  6.854  45.503 0.0000000000
110847  8.183  6.203  46.125 0.0000000000
57050  8.442  5.662  46.501 0.0000000000
57039  7.943  5.283  47.186 0.0000000000
57028  7.355  5.101  47.883 0.0000000000
59857  6.954  8.567  47.290 0.0000000000
58890  6.694  7.454  47.737 0.0000000000
59858  6.651  8.394  48.148 0.0000000000
110953  6.448  7.797  48.569 0.0000000000
63602  13.373  12.757  43.037 0.0000000000
64540  13.405  13.588  43.362 0.0000000000
64527  12.863  13.254  44.719 0.0000000000
62649  11.242  12.089  45.105 0.0000000000
63584  11.734  12.681  45.570 0.0000000000
66247  12.905  15.695  45.799 0.0000000000
104778  12.972  15.035  46.005 0.0000000000
65413  12.774  14.569  46.462 0.0000000000
63577  10.658  12.589  46.833 0.0000000000
62642  10.220  11.876  45.926 0.0000000000
61766  8.421  10.507  46.301 0.0000000000
62636  8.709  11.242  46.996 0.0000000000
61757  8.201  11.028  47.606 0.0000000000
61750  7.513  10.559  48.948 0.0000000000
62622  7.791  11.297  49.573 0.0000000000
62621  8.148  11.914  50.338 0.0000000000
62614  8.507  12.623  51.414 0.0000000000
62615  7.668  12.047  51.402 0.0000000000
114206  11.637  15.553  50.358 0.0000000000
65373  11.402  14.873  50.294 0.0000000000
65360  10.950  15.276  50.834 0.0000000000
65361  10.025  14.821  51.573 0.0000000000
117344  8.621  13.625  52.160 0.0000000000
65357  8.450  14.027  52.153 0.0000000000
66216  9.040  16.314  50.548 0.0000000000
66217  7.816  15.998  50.172 0.0000000000
68361  8.602  19.112  50.354 0.0000000000
68362  7.642  19.356  50.287 0.0000000000
69092  8.712  19.742  47.631 0.0000000000
69821  8.154  21.041  47.825 0.0000000000
70590  7.875  21.750  48.058 0.0000000000
71368  7.590  22.795  47.036 0.0000000000
72972  7.359  24.954  46.076 0.0000000000
73682  7.459  25.051  44.926 0.0000000000
70614  9.131  20.973  42.038 0.0000000000
69847  8.948  20.449  42.503 0.0000000000
70627  9.290  21.631  41.504 0.0000000000
72233  8.927  23.059  41.213 0.0000000000
71410  8.760  22.345  41.639 0.0000000000
72222  8.251  23.128  41.943 0.0000000000
73709  9.333  25.724  40.027 0.0000000000
73704  8.404  25.400  41.178 0.0000000000
73002  7.969  25.043  41.918 0.0000000000
72993  8.011  24.173  42.065 0.0000000000
118766  7.783  24.783  42.528 0.0000000000
113713  7.746  25.468  42.599 0.0000000000
75022  7.909  27.344  42.660 0.0000000000
74374  7.776  26.328  42.649 0.0000000000
74363  7.555  26.349  44.210 0.0000000000
119608  7.692  27.603  43.503 0.0000000000
75023  7.855  28.323  43.236 0.0000000000
115231  8.129  29.400  40.945 0.0000000000
76881  7.281  30.163  40.995 0.0000000000
106067  7.212  30.015  39.935 0.0000000000
76385  8.653  29.534  37.345 0.0000000000
76386  7.835  29.770  37.766 0.0000000000
76901  6.666  30.840  37.603 0.0000000000
77368  5.965  31.266  38.018 0.0000000000
113863  5.461  31.640  38.498 0.0000000000
78963  6.703  34.367  36.482 0.0000000000
78964  5.970  34.350  36.680 0.0000000000
78952  5.386  34.834  37.003 0.0000000000
63596  34.894  12.340  43.227 0.0000000000
61782  34.733  11.241  43.579 0.0000000000
60842  33.413  9.968  43.304 0.0000000000
60818  32.730  9.294  45.423 0.0000000000
71547  17.956  22.164  28.762 0.0000000000
110646  18.393  21.812  28.352 0.0000000000
71570  19.030  21.840  28.034 0.0000000000
71569  19.820  21.773  27.808 0.0000000000
68524  20.368  18.136  27.980 0.0000000000
68539  20.134  18.875  27.701 0.0000000000
70021  21.045  20.271  27.531 0.0000000000
70022  20.251  20.364  27.462 0.0000000000
120544  21.907  21.576  28.277 0.0000000000
71566  22.648  22.591  27.302 0.0000000000
119882  25.781  12.142  32.038 0.0000000000
63749  25.394  12.463  31.616 0.0000000000
65595  25.111  14.563  30.676 0.0000000000
65596  24.245  14.457  30.274 0.0000000000
66368  23.921  15.786  29.696 0.0000000000
111531  26.383  14.809  31.330 0.0000000000
67801  24.375  17.584  29.824 0.0000000000
116543  23.764  17.156  29.339 0.0000000000
68522  22.985  18.665  28.559 0.0000000000
68509  23.531  18.628  29.069 0.0000000000
69994  23.681  20.107  29.267 0.0000000000
70007  23.125  20.430  28.864 0.0000000000
70763  24.588  21.530  28.515 0.0000000000
69978  25.492  20.109  30.623 0.0000000000
69991  26.016  20.685  29.887 0.0000000000
69976  27.235  20.738  30.752 0.0000000000
70734  28.007  21.201  30.998 0.0000000000
69963  27.961  20.662  32.269 0.0000000000
69952  27.919  20.474  33.183 0.0000000000
69177  29.083  19.886  36.154 0.0000000000
69178  28.568  19.957  36.241 0.0000000000
111030  29.462  20.190  36.390 0.0000000000
69175  32.373  19.747  35.337 0.0000000000
69924  32.682  20.103  36.025 0.0000000000
66331  32.897  16.129  34.241 0.0000000000
66320  34.691  15.996  35.686 0.0000000000
68454  33.414  18.449  34.599 0.0000000000
67743  35.866  17.155  36.961 0.0000000000
69162  35.573  18.656  37.087 0.0000000000
67742  37.948  16.279  37.307 0.0000000000
118495  36.088  14.319  32.705 0.0000000000
67055  37.174  15.859  34.546 0.0000000000
108843  35.522  14.705  32.125 0.0000000000
80637  7.047  37.685  37.117 0.0000000000
81169  6.517  38.695  37.418 0.0000000000
82188  7.410  40.731  39.662 0.0000000000
82761  7.090  42.083  39.196 0.0000000000
117196  8.739  43.343  39.490 0.0000000000
109365  8.752  43.133  38.600 0.0000000000
83354  7.980  42.767  38.250 0.0000000000
110015  4.093  16.145  50.143 0.0000000000
66220  3.136  16.058  49.623 0.0000000000
65401  1.751  14.818  47.666 0.0000000000
63571  2.679  13.464  46.900 0.0000000000
64504  1.677  14.181  46.953 0.0000000000
66242  4.383  16.003  46.524 0.0000000000
66243  2.864  15.641  47.031 0.0000000000
64530  2.989  13.432  45.063 0.0000000000
67693  6.894  17.934  43.488 0.0000000000
66983  7.304  16.661  43.720 0.0000000000
65456  7.260  14.823  43.306 0.0000000000
65457  6.535  14.403  43.735 0.0000000000
64542  6.124  13.630  43.453 0.0000000000
64571  6.883  12.919  42.100 0.0000000000
63632  6.453  12.187  41.871 0.0000000000
69919  5.360  20.453  36.454 0.0000000000
69934  5.742  20.147  35.813 0.0000000000
69181  6.103  19.789  35.194 0.0000000000
69196  5.746  19.071  35.154 0.0000000000
69943  6.733  20.183  34.605 0.0000000000
71489  7.106  23.114  33.569 0.0000000000
69950  7.721  20.810  33.263 0.0000000000
69194  7.087  19.652  34.026 0.0000000000
69206  7.482  19.063  33.529 0.0000000000
68475  7.035  18.347  33.574 0.0000000000
108506  8.272  18.779  32.404 0.0000000000
68486  8.615  18.822  31.792 0.0000000000
68487  8.172  18.170  31.996 0.0000000000
68494  8.511  18.316  31.190 0.0000000000
76428  7.007  29.141  31.228 0.0000000000
75817  6.683  28.452  31.311 0.0000000000
104671  7.833  26.976  30.791 0.0000000000
73786  7.679  25.348  31.124 0.0000000000
73084  8.210  24.798  30.790 0.0000000000
100024  8.666  23.308  30.776 0.0000000000
71520  8.977  22.514  30.674 0.0000000000
71516  28.712  22.946  30.934 0.0000000000
72335  28.454  24.245  31.518 0.0000000000
101204  27.614  25.213  31.844 0.0000000000
73074  29.448  25.100  31.533 0.0000000000
73092  29.723  25.200  30.235 0.0000000000
73792  34.014  24.919  30.219 0.0000000000
73070  33.090  24.801  30.404 0.0000000000
73088  33.492  24.275  29.648 0.0000000000
74577  49.158  27.769  20.753 0.0000000000
74576  49.818  27.612  20.094 0.0000000000
73932  51.269  26.158  19.542 0.0000000000
72468  51.364  23.784  20.709 0.0000000000
72467  52.047  23.448  20.398 0.0000000000
72487  51.917  23.806  19.815 0.0000000000
74497  41.123  26.343  27.383 0.0000000000
104215  41.316  25.762  26.764 0.0000000000
73833  42.477  25.320  26.081 0.0000000000
104119  43.356  25.440  25.993 0.0000000000
71598  44.395  23.158  25.720 0.0000000000
104797  44.193  23.913  25.348 0.0000000000
108067  44.330  25.735  26.126 0.0000000000
73139  44.798  24.820  25.488 0.0000000000
73156  45.806  24.560  25.295 0.0000000000
71612  46.500  22.562  25.253 0.0000000000
112568  46.363  24.506  24.921 0.0000000000
73155  46.794  25.771  24.830 0.0000000000
120278  47.933  19.641  27.876 0.0000000000
69291  49.299  19.616  26.557 0.0000000000
70016  48.488  20.488  27.656 0.0000000000
70790  48.180  21.489  26.284 0.0000000000
70803  48.022  21.569  24.469 0.0000000000
71610  47.250  22.051  24.297 0.0000000000
71626  47.129  22.539  23.422 0.0000000000
102512  48.962  21.024  22.886 0.0000000000
71637  49.054  21.722  22.141 0.0000000000
71650  48.737  22.658  21.681 0.0000000000
69319  51.229  19.350  23.880 0.0000000000
70055  51.711  19.822  23.139 0.0000000000
70832  50.306  21.627  21.893 0.0000000000
105754  51.490  21.496  21.673 0.0000000000
70831  52.369  21.316  21.313 0.0000000000
70835  52.842  20.991  20.895 0.0000000000
70069  53.044  20.445  20.450 0.0000000000
70839  52.733  21.272  20.320 0.0000000000
100422  21.792  15.269  43.645 0.0000000000
116287  19.549  14.086  46.123 0.0000000000
66246  19.941  15.284  45.357 0.0000000000
66226  20.243  15.362  48.224 0.0000000000
64490  19.869  14.225  48.361 0.0000000000
65398  19.796  14.767  48.024 0.0000000000
65412  19.761  14.610  47.028 0.0000000000
65422  21.910  15.063  45.713 0.0000000000
66239  20.809  15.653  47.208 0.0000000000
81164  3.943  38.896  37.710 0.0000000000
81688  4.784  39.212  37.568 0.0000000000
81687  5.426  39.485  37.639 0.0000000000
78381  4.194  33.991  38.312 0.0000000000
108115  3.408  35.717  38.663 0.0000000000
115970  3.530  37.496  38.087 0.0000000000
75724  16.949  28.789  45.257 0.0000000000
75723  17.456  28.378  45.194 0.0000000000
72203  15.424  23.951  45.828 0.0000000000
72213  15.000  23.532  44.864 0.0000000000
72979  14.571  24.257  45.246 0.0000000000
73695  13.920  25.355  44.386 0.0000000000
63620  35.834  11.573  41.399 0.0000000000
63607  35.523  11.532  42.117 0.0000000000
63595  35.242  11.724  42.769 0.0000000000
65483  32.670  14.478  40.978 0.0000000000
65491  32.406  14.395  40.147 0.0000000000
64573  33.065  14.248  40.472 0.0000000000
64572  33.588  13.883  40.360 0.0000000000
63637  34.019  12.904  40.229 0.0000000000
69150  1.981  19.068  38.626 0.0000000000
68426  1.646  18.177  38.505 0.0000000000
120315  1.721  17.609  38.730 0.0000000000
67030  2.178  16.756  38.154 0.0000000000
67039  1.951  16.499  37.561 0.0000000000
67747  1.992  16.570  36.545 0.0000000000
109484  3.679  18.546  36.034 0.0000000000
75140  42.989  29.357  28.018 0.0000000000
71673  50.242  22.633  18.729 0.0000000000
70853  49.499  21.451  18.667 0.0000000000
71380  22.547  22.276  45.064 0.0000000000
70598  22.529  21.730  44.611 0.0000000000
70617  23.028  21.808  42.728 0.0000000000
68436  20.280  18.083  36.475 0.0000000000
68437  19.794  18.513  36.427 0.0000000000
67738  19.745  18.168  35.761 0.0000000000
68459  18.781  18.410  34.529 0.0000000000
67764  19.019  17.811  33.273 0.0000000000
59825  16.205  8.377  49.690 0.0000000000
59838  16.085  8.321  48.810 0.0000000000
58873  16.611  8.022  48.360 0.0000000000
58885  16.660  7.923  47.551 0.0000000000
58899  17.533  7.231  46.349 0.0000000000
67702  19.053  17.497  41.827 0.0000000000
68395  18.737  18.189  41.698 0.0000000000
69110  19.239  19.551  42.609 0.0000000000
105665  19.337  6.481  49.816 0.0000000000
57935  18.642  6.756  49.618 0.0000000000
58851  18.009  7.244  50.176 0.0000000000
58852  17.414  7.887  50.710 0.0000000000
59824  16.834  8.229  50.191 0.0000000000
60772  24.879  8.938  52.237 0.0000000000
112396  25.302  7.896  52.330 0.0000000000
57898  25.401  5.993  52.442 0.0000000000
56037  25.091  4.482  51.832 0.0000000000
63610  25.247  12.529  42.402 0.0000000000
64564  26.964  12.917  41.867 0.0000000000
81211  2.874  39.181  32.194 0.0000000000
83384  10.700  42.327  32.543 0.0000000000
83387  10.432  42.495  31.688 0.0000000000
72966  7.359  24.564  47.387 0.0000000000
76357  2.697  29.833  42.217 0.0000000000
75754  5.046  28.014  41.054 0.0000000000
75034  5.439  27.348  40.845 0.0000000000
75764  4.642  28.056  40.308 0.0000000000
75043  4.670  27.784  39.481 0.0000000000
75052  4.269  27.617  38.501 0.0000000000
75775  1.905  28.353  38.347 0.0000000000
80644  3.096  37.942  35.729 0.0000000000
69910  31.808  20.598  36.948 0.0000000000
70667  31.639  21.611  39.241 0.0000000000
70655  31.880  21.830  40.454 0.0000000000
71461  40.689  22.731  35.730 0.0000000000
71472  40.145  23.166  35.015 0.0000000000
103879  39.353  22.907  33.394 0.0000000000
71481  39.942  23.188  34.169 0.0000000000
72294  41.280  23.522  33.923 0.0000000000
72305  41.736  23.539  33.155 0.0000000000
73713  15.595  25.509  38.950 0.0000000000
57918  4.567  6.668  51.815 0.0000000000
101898  5.158  8.718  52.434 0.0000000000
59807  5.553  9.010  52.140 0.0000000000
60848  12.539  9.678  43.684 0.0000000000
117348  12.324  10.334  43.676 0.0000000000
62665  12.594  11.082  43.572 0.0000000000
67692  11.140  17.758  44.100 0.0000000000
66972  11.230  16.918  47.364 0.0000000000
68371  9.336  18.422  45.554 0.0000000000
62780  34.787  11.487  33.809 0.0000000000
64739  21.966  13.980  29.920 0.0000000000
64738  22.897  13.828  30.115 0.0000000000
65562  30.145  14.851  32.629 0.0000000000
66350  29.295  15.794  31.913 0.0000000000
67067  27.668  16.749  32.141 0.0000000000
67772  29.781  17.538  32.491 0.0000000000
68373  6.047  18.340  46.084 0.0000000000
103903  6.461  17.019  45.229 0.0000000000
74435  5.122  26.239  32.451 0.0000000000
74452  5.509  26.742  32.062 0.0000000000
103270  6.207  26.892  31.707 0.0000000000
73748  32.425  25.508  32.424 0.0000000000
73763  31.662  25.167  32.041 0.0000000000
73071  32.147  24.858  30.607 0.0000000000
114031  47.199  28.794  23.671 0.0000000000
118740  48.036  29.255  24.136 0.0000000000
75176  48.367  28.766  23.831 0.0000000000
116467  48.440  28.016  22.815 0.0000000000
73179  47.496  25.178  22.418 0.0000000000
69999  46.301  20.633  29.950 0.0000000000
68383  22.519  18.645  42.391 0.0000000000
67700  22.710  18.099  41.538 0.0000000000
67003  22.233  16.521  40.560 0.0000000000
67018  21.512  16.877  38.681 0.0000000000
57991  21.312  7.228  45.887 0.0000000000
58916  21.211  7.699  45.217 0.0000000000
59907  21.319  8.454  44.965 0.0000000000
60831  21.161  9.218  44.516 0.0000000000
66270  19.352  15.270  42.575 0.0000000000
66993  19.808  16.693  42.618 0.0000000000
112338  23.654  9.864  51.889 0.0000000000
59799  23.785  8.362  52.203 0.0000000000
60782  22.943  9.775  50.985 0.0000000000
110700  22.812  8.969  50.323 0.0000000000
61755  22.311  10.290  47.722 0.0000000000
60798  22.507  9.658  48.164 0.0000000000
60805  22.387  9.497  47.392 0.0000000000
58881  22.313  7.565  47.412 0.0000000000
57960  22.034  6.888  47.795 0.0000000000
58897  21.955  7.659  46.528 0.0000000000
64508  25.104  13.964  45.279 0.0000000000
66211  22.504  15.692  49.907 0.0000000000
65384  23.474  15.673  49.382 0.0000000000
65359  22.635  14.708  50.575 0.0000000000
64454  22.988  13.864  50.559 0.0000000000
63531  23.740  11.979  50.751 0.0000000000
63600  22.428  13.252  43.287 0.0000000000
63613  22.782  12.712  42.721 0.0000000000
63612  23.511  12.557  42.895 0.0000000000
104742  1.573  40.248  36.386 0.0000000000
112975  1.942  40.848  36.092 0.0000000000
83368  5.182  42.420  37.294 0.0000000000
82779  6.617  41.983  36.445 0.0000000000
76868  7.256  30.255  43.004 0.0000000000
76860  6.946  30.451  43.944 0.0000000000
77854  2.882  33.610  41.437 0.0000000000
109903  2.465  33.291  42.153 0.0000000000
103582  2.360  32.328  42.804 0.0000000000
77349  1.954  32.307  42.230 0.0000000000
77355  1.714  32.105  41.445 0.0000000000
119696  1.249  33.397  40.502 0.0000000000
80628  0.952  37.779  39.614 0.0000000000
80091  0.905  37.227  39.620 0.0000000000
80629  0.727  38.389  39.098 0.0000000000
80636  0.676  38.394  38.343 0.0000000000
80635  1.075  37.610  37.670 0.0000000000
81173  0.755  39.215  37.857 0.0000000000
68434  37.627  17.302  38.014 0.0000000000
68442  37.937  17.635  36.992 0.0000000000
104227  5.298  3.191  53.278 0.0000000000
56085  5.722  5.297  49.699 0.0000000000
111112  13.674  16.960  40.138 0.0000000000
67710  13.560  17.774  40.559 0.0000000000
68406  13.563  18.783  40.675 0.0000000000
69843  12.183  20.319  42.125 0.0000000000
69859  11.676  20.884  42.039 0.0000000000
70626  11.168  21.427  41.569 0.0000000000
72231  11.896  23.463  41.306 0.0000000000
103637  13.737  26.500  42.482 0.0000000000
73702  13.247  26.030  42.151 0.0000000000
60881  33.534  9.932  40.609 0.0000000000
62739  27.982  11.791  36.179 0.0000000000
111991  27.607  11.664  35.598 0.0000000000
63708  28.391  11.956  35.615 0.0000000000
63697  29.243  12.520  35.776 0.0000000000
64615  30.874  13.698  37.358 0.0000000000
64643  30.683  13.645  35.533 0.0000000000
64626  33.401  13.633  36.657 0.0000000000
63669  38.077  12.079  38.328 0.0000000000
69117  4.157  19.748  42.490 0.0000000000
69124  4.983  19.291  41.905 0.0000000000
68400  5.595  18.767  41.468 0.0000000000
67720  6.554  17.530  39.824 0.0000000000
67015  8.324  16.275  39.475 0.0000000000
65500  8.924  15.395  39.372 0.0000000000
120009  8.643  15.836  39.398 0.0000000000
65510  9.451  14.622  38.446 0.0000000000
66292  9.296  15.184  37.856 0.0000000000
66315  6.119  15.093  35.874 0.0000000000
67061  6.144  16.987  33.264 0.0000000000
77923  8.057  33.210  32.340 0.0000000000
77934  8.352  32.605  31.614 0.0000000000
117345  8.796  33.111  31.020 0.0000000000
75150  45.991  28.642  26.954 0.0000000000
73830  46.253  26.644  26.163 0.0000000000
72970  18.315  24.590  46.376 0.0000000000
72227  20.043  23.745  42.377 0.0000000000
72237  18.559  23.703  40.924 0.0000000000
72238  17.750  23.854  40.484 0.0000000000
71428  16.992  23.112  38.991 0.0000000000
69129  22.904  20.121  40.493 0.0000000000
69873  22.312  20.511  40.067 0.0000000000
69874  21.480  20.683  39.637 0.0000000000
69901  17.775  20.744  37.094 0.0000000000
70686  15.308  21.410  34.809 0.0000000000
70694  15.196  21.394  33.938 0.0000000000
69955  15.961  20.196  33.020 0.0000000000
70724  15.984  21.195  30.777 0.0000000000
57916  11.233  6.991  52.514 0.0000000000
57926  11.283  6.871  51.457 0.0000000000
58863  12.550  7.585  49.440 0.0000000000
59870  15.255  8.163  46.490 0.0000000000
59871  14.470  8.105  46.822 0.0000000000
103802  14.639  8.091  46.080 0.0000000000
59889  14.336  8.172  45.399 0.0000000000
103207  14.082  8.381  44.726 0.0000000000
59912  13.512  8.610  44.286 0.0000000000
59911  14.412  8.511  44.053 0.0000000000
59932  14.429  8.854  43.445 0.0000000000
58968  19.295  7.746  42.850 0.0000000000
58954  18.894  7.333  43.279 0.0000000000
59944  19.171  8.196  42.275 0.0000000000
59958  19.008  8.795  41.642 0.0000000000
59959  18.318  8.788  41.095 0.0000000000
65497  17.583  14.576  39.328 0.0000000000
63660  17.505  12.923  39.364 0.0000000000
64590  16.802  13.212  38.917 0.0000000000
63661  16.609  12.503  38.963 0.0000000000
62718  15.914  12.373  38.846 0.0000000000
62708  15.708  11.687  39.209 0.0000000000
64591  15.476  13.104  38.910 0.0000000000
64607  14.899  13.935  39.039 0.0000000000
65509  14.672  14.926  39.006 0.0000000000
66288  15.026  15.655  38.585 0.0000000000
67727  15.575  17.269  38.667 0.0000000000
68424  15.774  17.875  38.918 0.0000000000
70619  18.040  20.956  42.561 0.0000000000
70609  17.979  21.578  43.376 0.0000000000
71393  17.330  22.312  43.908 0.0000000000
72201  18.150  23.306  46.371 0.0000000000
56987  22.565  5.476  53.147 0.0000000000
56979  22.755  4.903  53.687 0.0000000000
116337  21.646  5.069  53.624 0.0000000000
56964  21.003  4.600  54.138 0.0000000000
57887  18.534  6.094  54.586 0.0000000000
56967  18.286  5.596  55.018 0.0000000000
56015  17.792  4.610  54.987 0.0000000000
56005  17.304  5.419  55.221 0.0000000000
56969  16.525  5.491  55.070 0.0000000000
109738  16.083  6.089  55.082 0.0000000000
59792  14.910  8.560  52.726 0.0000000000
59783  14.255  8.095  53.984 0.0000000000
103871  14.250  8.448  53.256 0.0000000000
59784  13.528  8.126  53.731 0.0000000000
59785  12.915  7.911  53.838 0.0000000000
58823  12.405  7.788  53.529 0.0000000000
58833  11.771  7.498  53.048 0.0000000000
65447  33.128  14.376  43.383 0.0000000000
65431  32.478  14.428  44.029 0.0000000000
64497  30.441  14.019  46.344 0.0000000000
64496  31.294  13.614  46.125 0.0000000000
63555  31.040  11.409  47.611 0.0000000000
61738  30.305  10.774  48.428 0.0000000000
66231  26.416  15.574  47.707 0.0000000000
65393  27.053  15.389  47.662 0.0000000000
65380  27.063  15.101  48.180 0.0000000000
69230  17.266  19.546  30.133 0.0000000000
67070  19.382  16.437  32.459 0.0000000000
66356  19.830  15.419  31.288 0.0000000000
100681  20.979  13.169  32.283 0.0000000000
64631  21.061  13.119  37.200 0.0000000000
63701  21.510  12.485  36.874 0.0000000000
62743  23.661  11.475  36.193 0.0000000000
101008  24.280  11.384  35.823 0.0000000000
62741  25.995  11.427  35.990 0.0000000000
64562  28.712  13.600  41.230 0.0000000000
64561  29.557  14.143  41.252 0.0000000000
103645  30.405  14.459  41.284 0.0000000000
118065  30.854  14.621  41.630 0.0000000000
65461  31.812  14.636  42.422 0.0000000000
81745  6.787  39.684  28.621 0.0000000000
82242  6.947  40.361  32.766 0.0000000000
102322  7.710  40.246  32.123 0.0000000000
105347  5.915  19.549  50.186 0.0000000000
69084  4.661  20.152  50.046 0.0000000000
71362  5.373  22.660  49.289 0.0000000000
76335  6.219  30.300  47.087 0.0000000000
76333  5.931  29.817  47.634 0.0000000000
112287  5.420  28.723  46.958 0.0000000000
74369  5.486  26.701  44.323 0.0000000000
72981  4.891  25.009  44.442 0.0000000000
107820  3.995  24.521  45.021 0.0000000000
72982  3.448  23.847  44.458 0.0000000000
72207  2.563  22.684  44.060 0.0000000000
71389  2.359  22.161  43.616 0.0000000000
72226  2.620  22.555  43.299 0.0000000000
72225  3.090  23.037  42.879 0.0000000000
72236  3.316  22.887  42.067 0.0000000000
73010  5.692  24.577  40.366 0.0000000000
72244  5.303  23.892  40.588 0.0000000000
71430  4.532  22.552  39.644 0.0000000000
70647  4.059  21.825  39.263 0.0000000000
71452  5.952  22.485  37.673 0.0000000000
72271  6.583  23.730  37.627 0.0000000000
73024  6.549  24.360  37.166 0.0000000000
75062  3.260  27.030  36.813 0.0000000000
74411  3.037  26.659  35.196 0.0000000000
120173  3.259  26.488  34.447 0.0000000000
74417  3.158  26.553  33.811 0.0000000000
75079  2.454  27.529  33.618 0.0000000000
75789  2.733  28.180  33.327 0.0000000000
77380  2.650  31.789  37.910 0.0000000000
77391  3.574  31.440  36.550 0.0000000000
78412  3.983  33.799  35.552 0.0000000000
106420  4.871  32.044  34.888 0.0000000000
106824  5.357  32.181  34.628 0.0000000000
77917  5.914  31.925  34.271 0.0000000000
77916  6.530  32.452  34.053 0.0000000000
78435  6.607  34.159  33.852 0.0000000000
80673  4.872  37.466  32.446 0.0000000000
80672  5.806  36.971  32.444 0.0000000000
80685  4.377  37.302  31.867 0.0000000000
116368  4.137  36.853  31.439 0.0000000000
70712  28.590  20.853  33.484 0.0000000000
70702  29.212  21.221  33.873 0.0000000000
71458  30.318  22.560  37.632 0.0000000000
109831  31.693  23.229  35.659 0.0000000000
72288  32.498  23.756  35.050 0.0000000000
72298  32.515  23.645  34.018 0.0000000000
73038  33.708  25.243  35.130 0.0000000000
69871  36.564  20.982  39.938 0.0000000000
69872  35.617  21.346  40.161 0.0000000000
70639  36.045  21.663  40.152 0.0000000000
71433  36.530  22.083  39.751 0.0000000000
117229  35.778  22.661  39.197 0.0000000000
71464  36.295  22.847  35.833 0.0000000000
73725  34.964  25.735  35.338 0.0000000000
74420  35.427  27.090  34.691 0.0000000000
75072  35.654  27.956  34.253 0.0000000000
73738  35.827  26.519  34.399 0.0000000000
73737  36.348  26.827  34.013 0.0000000000
73745  36.641  26.395  33.269 0.0000000000
72302  44.033  23.104  32.424 0.0000000000
72327  43.935  23.299  31.596 0.0000000000
71510  44.535  22.723  31.470 0.0000000000
71509  45.088  22.169  31.223 0.0000000000
69969  45.101  21.674  31.117 0.0000000000
74370  18.730  26.742  43.311 0.0000000000
75019  18.736  27.792  43.610 0.0000000000
61720  4.882  10.043  52.844 0.0000000000
61729  4.960  10.187  52.764 0.0000000000
62617  5.058  11.091  51.283 0.0000000000
62616  5.684  11.484  51.780 0.0000000000
57937  10.743  5.991  49.765 0.0000000000
120189  10.174  5.311  49.709 0.0000000000
57017  10.224  5.395  48.944 0.0000000000
57038  9.362  5.024  47.471 0.0000000000
57997  8.940  6.993  45.468 0.0000000000
58924  8.532  7.714  45.546 0.0000000000
57985  7.636  6.787  46.327 0.0000000000
104615  7.126  6.661  47.083 0.0000000000
59874  7.460  8.560  46.510 0.0000000000
60806  7.326  9.448  47.177 0.0000000000
102304  13.451  15.067  43.036 0.0000000000
65455  13.469  14.407  43.648 0.0000000000
116615  12.855  13.730  45.416 0.0000000000
65399  12.605  14.769  47.367 0.0000000000
64491  12.482  14.066  46.804 0.0000000000
64492  12.065  13.900  47.426 0.0000000000
63569  9.909  12.362  47.477 0.0000000000
62635  9.222  11.968  47.674 0.0000000000
62630  8.391  11.749  49.133 0.0000000000
65374  9.626  15.472  51.237 0.0000000000
113091  8.159  20.367  45.992 0.0000000000
69820  8.278  20.384  47.093 0.0000000000
72197  7.480  23.377  45.163 0.0000000000
72985  7.506  24.542  44.139 0.0000000000
71417  10.189  22.610  40.694 0.0000000000
71409  9.461  22.389  41.096 0.0000000000
72243  9.183  23.698  40.736 0.0000000000
74387  9.056  26.859  40.138 0.0000000000
74380  8.339  26.382  41.369 0.0000000000
75027  8.320  27.396  41.628 0.0000000000
76355  8.359  29.109  41.160 0.0000000000
76371  7.925  29.574  39.907 0.0000000000
105875  8.605  30.690  36.420 0.0000000000
76908  7.797  30.851  36.608 0.0000000000
77390  7.535  31.635  36.493 0.0000000000
114387  6.813  31.849  36.687 0.0000000000
77886  6.225  32.498  36.823 0.0000000000
118638  6.678  33.032  36.526 0.0000000000
78400  7.207  33.543  36.399 0.0000000000
62652  34.658  11.603  44.045 0.0000000000
70009  18.162  20.597  28.382 0.0000000000
70024  18.809  20.526  27.883 0.0000000000
70023  19.506  20.473  27.592 0.0000000000
67823  21.053  18.028  27.785 0.0000000000
68538  20.870  18.827  27.654 0.0000000000
108591  21.765  20.220  27.804 0.0000000000
63747  26.787  12.686  31.911 0.0000000000
64696  25.733  13.068  31.306 0.0000000000
64695  26.541  13.238  31.539 0.0000000000
110689  25.998  13.665  31.254 0.0000000000
65580  25.845  14.290  31.115 0.0000000000
67078  25.652  16.387  31.379 0.0000000000
66362  25.139  16.367  30.715 0.0000000000
69993  24.304  20.271  29.742 0.0000000000
68483  26.262  18.615  32.921 0.0000000000
69219  26.236  19.367  32.147 0.0000000000
69953  27.311  20.182  32.856 0.0000000000
68468  30.240  18.669  33.583 0.0000000000
65536  33.192  14.935  35.004 0.0000000000
118454  7.318  38.716  38.364 0.0000000000
81677  6.917  39.266  38.253 0.0000000000
81158  7.441  39.059  39.224 0.0000000000
66221  2.736  16.457  49.370 0.0000000000
66229  2.458  15.941  48.968 0.0000000000
66966  2.496  16.252  48.831 0.0000000000
66244  1.803  15.198  47.417 0.0000000000
65428  4.244  14.885  45.313 0.0000000000
65429  2.809  14.692  45.596 0.0000000000
66990  7.763  16.587  42.938 0.0000000000
69918  6.112  20.952  36.064 0.0000000000
70688  6.587  21.514  35.732 0.0000000000
70697  6.825  21.473  35.142 0.0000000000
72301  7.296  23.051  32.880 0.0000000000
71488  7.427  22.405  33.332 0.0000000000
69958  8.147  20.107  32.802 0.0000000000
69957  8.633  20.233  32.148 0.0000000000
69968  9.044  20.282  31.476 0.0000000000
75816  7.479  28.516  30.909 0.0000000000
74466  8.369  26.496  30.470 0.0000000000
72369  30.011  24.806  29.039 0.0000000000
73924  49.588  26.657  20.559 0.0000000000
73923  51.037  25.558  20.113 0.0000000000
105590  40.758  23.817  26.543 0.0000000000
73124  41.227  24.323  26.159 0.0000000000
72415  41.959  23.862  25.872 0.0000000000
110843  42.645  23.530  25.836 0.0000000000
71597  45.262  22.830  25.705 0.0000000000
70043  49.274  20.308  26.461 0.0000000000
70789  48.900  21.027  25.943 0.0000000000
70814  48.455  21.255  23.672 0.0000000000
70801  49.361  20.810  23.860 0.0000000000
104546  49.705  20.743  23.168 0.0000000000
70060  52.839  19.629  22.020 0.0000000000
70067  52.670  20.449  21.706 0.0000000000
110345  21.712  15.091  40.638 0.0000000000
61771  20.966  10.719  44.986 0.0000000000
62648  20.545  11.721  45.467 0.0000000000
112003  19.526  13.657  44.711 0.0000000000
64512  19.545  14.046  45.331 0.0000000000
118200  22.249  12.032  49.767 0.0000000000
63559  21.788  12.585  49.444 0.0000000000
62628  21.685  11.998  48.505 0.0000000000
64489  20.271  13.515  48.416 0.0000000000
63566  20.513  12.880  48.012 0.0000000000
62634  21.706  11.545  47.692 0.0000000000
62640  21.354  11.625  46.961 0.0000000000
118737  21.665  10.979  46.610 0.0000000000
64510  23.219  13.987  45.603 0.0000000000
66212  21.437  15.657  49.779 0.0000000000
64467  21.842  14.567  50.440 0.0000000000
64538  22.040  14.127  43.186 0.0000000000
81674  1.380  39.928  38.988 0.0000000000
82197  1.902  40.810  38.555 0.0000000000
82196  2.821  41.195  38.585 0.0000000000
82763  3.895  41.904  38.281 0.0000000000
83357  5.557  42.382  38.093 0.0000000000
83356  6.381  42.468  38.013 0.0000000000
77360  5.167  31.670  39.408 0.0000000000
77353  5.072  31.533  40.488 0.0000000000
77862  3.915  32.687  40.605 0.0000000000
78382  3.951  33.671  39.168 0.0000000000
78934  1.411  34.785  41.496 0.0000000000
78942  1.019  35.060  41.138 0.0000000000
78941  1.454  35.349  41.089 0.0000000000
79525  1.363  36.393  40.312 0.0000000000
120547  2.019  37.252  39.755 0.0000000000
81160  1.421  39.094  39.305 0.0000000000
67757  36.696  17.227  33.559 0.0000000000
55124  7.359  3.618  50.375 0.0000000000
70622  15.357  21.730  41.486 0.0000000000
69856  14.187  20.779  41.096 0.0000000000
71405  14.752  22.093  42.337 0.0000000000
70611  13.862  21.857  42.499 0.0000000000
71396  13.927  22.335  43.315 0.0000000000
71397  13.254  22.755  43.318 0.0000000000
72221  12.853  23.468  42.982 0.0000000000
61817  37.145  11.179  39.583 0.0000000000
61805  36.287  10.937  41.297 0.0000000000
117913  30.079  13.611  38.582 0.0000000000
102652  29.678  13.384  38.251 0.0000000000
65502  32.240  14.196  39.305 0.0000000000
69136  2.616  19.588  40.507 0.0000000000
69135  3.129  19.279  40.858 0.0000000000
68410  2.993  18.931  40.181 0.0000000000
68419  3.521  18.250  39.967 0.0000000000
67722  4.095  17.594  39.579 0.0000000000
67026  6.379  16.652  38.472 0.0000000000
67035  5.813  16.288  37.803 0.0000000000
66296  5.172  15.723  37.263 0.0000000000
66297  3.929  15.509  37.422 0.0000000000
66306  4.452  15.111  36.778 0.0000000000
67756  3.100  16.607  35.116 0.0000000000
72528  49.729  23.272  16.849 0.0000000000
70877  49.138  22.432  16.919 0.0000000000
71700  48.804  22.062  17.732 0.0000000000
71374  20.645  22.549  45.875 0.0000000000
71392  21.779  23.167  43.538 0.0000000000
71402  20.763  23.210  42.181 0.0000000000
71413  19.998  22.763  40.884 0.0000000000
69148  21.055  19.402  38.255 0.0000000000
69155  20.520  19.214  37.719 0.0000000000
69930  16.973  20.008  35.763 0.0000000000
69180  16.810  19.814  35.054 0.0000000000
69192  17.311  19.218  33.795 0.0000000000
69204  17.181  19.239  32.895 0.0000000000
59815  13.818  8.387  50.571 0.0000000000
59840  14.648  8.485  49.077 0.0000000000
59855  14.590  8.400  48.058 0.0000000000
59854  15.193  8.364  47.442 0.0000000000
116412  15.570  7.965  45.027 0.0000000000
63630  18.845  12.609  40.915 0.0000000000
65496  18.072  14.744  39.841 0.0000000000
67004  18.341  16.225  40.729 0.0000000000
66279  17.777  15.324  39.567 0.0000000000
109338  17.444  15.883  39.281 0.0000000000
67011  17.312  16.682  39.444 0.0000000000
67717  16.820  17.455  39.360 0.0000000000
69122  17.761  19.758  41.526 0.0000000000
69853  18.437  20.168  42.462 0.0000000000
57008  21.570  5.973  50.527 0.0000000000
104899  20.940  5.461  52.040 0.0000000000
101745  19.228  6.092  52.526 0.0000000000
58821  17.062  7.430  54.355 0.0000000000
117235  16.538  7.181  54.937 0.0000000000
59791  15.558  8.459  53.069 0.0000000000
59802  16.183  8.451  52.176 0.0000000000
101011  14.249  8.505  51.389 0.0000000000
65450  30.531  14.847  43.623 0.0000000000
65433  30.365  14.905  44.454 0.0000000000
101069  30.148  14.797  45.238 0.0000000000
117859  30.320  14.479  45.812 0.0000000000
62612  25.458  12.207  50.495 0.0000000000
63537  26.458  12.277  49.968 0.0000000000
116995  26.345  10.127  51.262 0.0000000000
60780  26.471  9.240  51.402 0.0000000000
108799  25.814  8.553  51.889 0.0000000000
113767  26.538  8.265  51.493 0.0000000000
67763  19.247  17.158  32.852 0.0000000000
66334  19.625  15.133  32.895 0.0000000000
62704  22.600  11.868  39.773 0.0000000000
62717  22.394  11.854  38.124 0.0000000000
62703  23.722  11.677  39.561 0.0000000000
119388  24.557  11.727  39.735 0.0000000000
63657  25.061  11.957  40.175 0.0000000000
62702  24.528  11.630  39.148 0.0000000000
63675  26.794  12.097  38.821 0.0000000000
63655  26.626  12.315  39.606 0.0000000000
64563  27.785  13.250  41.559 0.0000000000
115419  29.537  14.521  42.507 0.0000000000
81727  5.487  39.150  30.030 0.0000000000
81734  6.526  39.542  29.477 0.0000000000
81744  7.428  40.121  29.076 0.0000000000
82230  8.438  40.579  33.198 0.0000000000
82825  9.824  41.371  31.534 0.0000000000
83390  9.951  42.335  30.897 0.0000000000
116985  7.841  21.993  50.020 0.0000000000
69814  7.384  21.877  50.186 0.0000000000
70584  7.375  22.546  50.161 0.0000000000
72190  7.004  24.436  49.320 0.0000000000
71365  6.126  23.578  49.572 0.0000000000
72192  5.348  23.825  48.655 0.0000000000
76345  3.860  30.530  45.072 0.0000000000
118525  5.163  28.472  43.958 0.0000000000
74375  5.531  26.515  43.119 0.0000000000
73700  5.457  25.501  42.834 0.0000000000
72994  5.273  24.670  42.530 0.0000000000
107768  5.574  25.341  41.961 0.0000000000
103219  5.745  25.175  41.038 0.0000000000
73711  5.828  26.043  40.509 0.0000000000
114274  5.877  25.240  40.227 0.0000000000
73717  5.954  25.662  39.659 0.0000000000
73716  6.076  25.358  38.926 0.0000000000
73719  6.187  25.219  38.202 0.0000000000
75058  3.828  27.363  37.626 0.0000000000
75063  2.158  27.225  36.747 0.0000000000
107405  2.097  34.993  36.919 0.0000000000
78966  2.701  34.317  36.503 0.0000000000
78965  2.810  35.053  36.258 0.0000000000
109928  5.214  35.391  34.669 0.0000000000
69913  29.156  20.838  36.711 0.0000000000
119474  29.374  21.362  37.026 0.0000000000
71447  29.783  21.840  37.976 0.0000000000
70669  29.990  21.604  38.233 0.0000000000
72275  30.889  23.425  38.292 0.0000000000
72267  31.618  24.224  38.794 0.0000000000
70665  39.022  21.505  38.064 0.0000000000
71442  38.652  21.887  38.236 0.0000000000
71441  39.308  22.092  37.479 0.0000000000
71463  39.323  22.722  36.054 0.0000000000
100755  38.470  22.633  36.191 0.0000000000
114847  37.425  22.625  35.922 0.0000000000
72296  36.223  23.313  33.444 0.0000000000
71494  36.938  22.801  33.065 0.0000000000
71504  37.856  22.717  31.841 0.0000000000
71492  38.642  22.652  32.553 0.0000000000
71514  38.853  22.772  30.696 0.0000000000
71513  39.715  22.749  30.577 0.0000000000
71525  39.995  22.780  29.765 0.0000000000
72316  42.266  23.557  31.838 0.0000000000
72304  42.723  23.517  32.993 0.0000000000
72315  43.363  23.462  32.293 0.0000000000
102988  16.432  26.194  40.086 0.0000000000
74398  15.696  26.568  38.688 0.0000000000
75045  16.096  27.522  38.425 0.0000000000
59796  3.936  8.825  52.735 0.0000000000
113907  4.478  9.603  52.821 0.0000000000
59795  4.753  9.239  52.840 0.0000000000
60776  4.610  9.901  52.849 0.0000000000
61727  5.859  10.787  52.350 0.0000000000
58902  11.227  7.123  46.090 0.0000000000
109685  10.661  6.633  46.339 0.0000000000
119564  10.787  7.426  45.459 0.0000000000
108427  10.763  7.908  45.015 0.0000000000
58941  10.134  8.237  44.842 0.0000000000
60835  11.228  9.119  44.288 0.0000000000
60837  9.528  9.639  44.873 0.0000000000
61773  9.621  10.676  45.173 0.0000000000
66989  12.685  17.068  43.681 0.0000000000
66981  12.690  16.680  44.416 0.0000000000
66976  12.561  16.200  46.348 0.0000000000
66235  12.658  15.603  47.644 0.0000000000
66227  12.542  15.288  48.265 0.0000000000
65387  12.213  14.881  48.884 0.0000000000
64469  11.618  14.462  49.348 0.0000000000
66228  12.371  15.653  49.108 0.0000000000
66213  12.045  16.027  49.959 0.0000000000
66962  11.684  16.571  49.275 0.0000000000
66963  10.832  17.133  49.447 0.0000000000
67667  10.162  17.854  49.528 0.0000000000
68365  9.637  18.668  49.476 0.0000000000
68372  8.849  18.967  45.918 0.0000000000
70603  7.879  21.851  43.837 0.0000000000
111816  11.164  25.802  39.678 0.0000000000
74394  10.634  26.347  39.426 0.0000000000
109722  10.299  27.027  39.227 0.0000000000
75050  10.155  27.787  38.996 0.0000000000
75762  9.543  28.193  39.351 0.0000000000
75772  9.071  28.753  38.879 0.0000000000
76395  8.963  29.995  36.587 0.0000000000
76394  9.851  29.938  36.500 0.0000000000
104457  9.318  30.651  36.308 0.0000000000
61762  32.816  10.081  46.520 0.0000000000
60809  33.173  9.879  45.808 0.0000000000
67803  19.671  17.215  29.369 0.0000000000
68525  19.635  18.463  28.243 0.0000000000
67103  20.374  16.939  28.768 0.0000000000
66379  21.320  16.004  28.877 0.0000000000
67815  21.396  17.253  28.198 0.0000000000
67814  22.202  17.185  28.455 0.0000000000
64693  27.855  13.806  31.934 0.0000000000
66353  26.848  15.442  31.543 0.0000000000
66351  28.537  15.397  31.763 0.0000000000
67788  25.543  17.200  31.555 0.0000000000
68491  25.561  18.020  31.579 0.0000000000
67781  26.041  17.890  32.481 0.0000000000
112938  26.459  18.134  33.231 0.0000000000
68457  26.883  18.847  35.011 0.0000000000
68469  29.065  18.603  33.838 0.0000000000
68467  31.259  18.545  33.478 0.0000000000
104652  38.228  13.987  37.364 0.0000000000
64658  36.761  13.328  33.840 0.0000000000
66979  5.496  16.219  45.909 0.0000000000
66249  4.880  15.537  45.664 0.0000000000
65481  7.966  14.183  41.919 0.0000000000
63647  7.685  12.118  40.812 0.0000000000
73041  6.490  24.006  34.553 0.0000000000
73048  6.593  23.887  33.609 0.0000000000
72314  6.622  24.119  32.812 0.0000000000
72313  7.171  23.664  32.521 0.0000000000
72326  7.646  23.703  31.831 0.0000000000
73060  30.543  24.933  31.910 0.0000000000
73073  30.364  24.997  31.449 0.0000000000
75201  48.297  28.360  21.745 0.0000000000
74562  48.767  27.965  21.367 0.0000000000
74563  48.532  27.408  21.758 0.0000000000
71552  43.667  22.719  27.987 0.0000000000
71551  44.635  22.581  27.773 0.0000000000
70780  47.032  21.745  27.706 0.0000000000
69313  50.691  19.143  24.721 0.0000000000
102955  22.991  20.066  42.803 0.0000000000
69838  23.411  20.365  42.114 0.0000000000
69851  23.440  20.378  41.296 0.0000000000
108043  22.129  19.137  39.225 0.0000000000
67706  22.656  18.185  40.709 0.0000000000
68423  21.572  18.978  38.471 0.0000000000
67045  20.302  16.369  35.599 0.0000000000
112821  18.365  6.855  47.775 0.0000000000
58883  18.220  6.892  47.024 0.0000000000
57980  19.299  6.600  46.541 0.0000000000
57994  19.182  6.675  45.685 0.0000000000
58935  20.860  7.763  44.576 0.0000000000
58936  20.483  7.860  43.956 0.0000000000
58953  19.771  7.646  43.517 0.0000000000
59929  19.774  8.339  42.866 0.0000000000
62677  19.253  11.350  41.705 0.0000000000
110211  20.587  10.725  44.264 0.0000000000
62662  20.183  11.188  43.874 0.0000000000
102746  19.591  12.260  43.218 0.0000000000
61785  20.032  10.938  43.276 0.0000000000
62669  19.680  11.321  42.693 0.0000000000
103526  19.142  12.220  41.528 0.0000000000
65478  18.856  14.577  41.346 0.0000000000
111806  18.873  16.051  41.523 0.0000000000
56977  24.603  5.292  53.202 0.0000000000
115902  24.145  4.945  53.528 0.0000000000
57893  24.395  5.912  53.169 0.0000000000
57899  23.946  6.300  52.997 0.0000000000
57910  23.465  6.687  52.472 0.0000000000
57900  23.177  5.972  52.672 0.0000000000
57912  22.205  5.966  51.220 0.0000000000
106563  22.683  9.788  50.047 0.0000000000
109520  22.609  8.943  48.505 0.0000000000
109052  22.680  8.948  49.388 0.0000000000
59823  22.766  8.138  49.685 0.0000000000
58850  22.610  7.346  50.061 0.0000000000
100534  21.167  6.279  49.665 0.0000000000
57946  21.475  6.580  48.305 0.0000000000
101370  20.133  6.475  48.742 0.0000000000
57934  19.330  6.556  49.002 0.0000000000
57949  18.824  6.643  48.281 0.0000000000
65419  26.666  14.736  45.689 0.0000000000
65406  26.430  15.135  46.501 0.0000000000
65420  25.792  14.525  45.894 0.0000000000
66238  26.262  15.501  47.198 0.0000000000
116683  25.985  15.421  48.619 0.0000000000
65366  25.665  14.948  49.149 0.0000000000
65367  24.882  15.182  49.538 0.0000000000
64465  25.217  14.315  49.774 0.0000000000
64451  25.571  13.182  49.920 0.0000000000
63538  24.853  12.772  50.392 0.0000000000
61724  24.159  10.223  51.899 0.0000000000
117129  24.238  9.597  52.200 0.0000000000
59788  24.566  8.053  52.493 0.0000000000
57892  24.841  5.968  52.990 0.0000000000
65512  20.642  14.585  37.274 0.0000000000
64619  20.793  13.813  37.654 0.0000000000
64577  21.484  14.013  40.473 0.0000000000
116189  21.459  13.094  39.995 0.0000000000
107298  21.827  12.403  39.944 0.0000000000
63611  24.314  12.483  42.660 0.0000000000
103022  2.915  40.089  33.940 0.0000000000
82235  3.138  40.265  33.580 0.0000000000
82222  3.804  40.716  33.972 0.0000000000
82784  2.143  41.735  37.602 0.0000000000
82782  3.819  42.230  36.774 0.0000000000
82795  5.167  41.699  35.672 0.0000000000
82219  7.217  40.850  34.105 0.0000000000
82816  9.821  41.167  33.320 0.0000000000
82815  10.428  41.674  32.887 0.0000000000
83383  11.187  42.997  33.070 0.0000000000
75013  7.606  28.085  45.071 0.0000000000
75008  7.522  28.165  46.284 0.0000000000
75726  7.467  29.015  45.846 0.0000000000
76334  7.016  29.902  46.635 0.0000000000
76338  6.570  30.435  46.202 0.0000000000
116207  5.846  30.697  46.646 0.0000000000
76854  5.203  30.975  46.419 0.0000000000
76340  4.409  31.129  45.825 0.0000000000
77347  4.808  31.685  41.695 0.0000000000
77340  4.885  31.850  42.874 0.0000000000
114203  3.848  32.310  44.740 0.0000000000
113556  3.636  31.398  45.233 0.0000000000
76346  3.159  30.868  44.486 0.0000000000
76352  2.874  30.286  43.374 0.0000000000
76364  2.415  29.374  41.321 0.0000000000
76365  2.044  29.308  40.645 0.0000000000
76372  1.762  29.096  39.874 0.0000000000
77876  2.081  32.897  38.099 0.0000000000
78948  0.812  35.119  40.289 0.0000000000
78956  1.104  34.845  38.906 0.0000000000
78955  1.548  34.968  37.822 0.0000000000
80107  2.265  36.511  36.561 0.0000000000
69895  34.755  20.143  37.737 0.0000000000
69883  36.189  20.211  39.327 0.0000000000
69146  36.930  19.315  39.108 0.0000000000
109544  36.906  20.152  39.711 0.0000000000
69881  38.288  20.488  39.335 0.0000000000
69880  38.749  20.778  38.623 0.0000000000
68451  37.872  18.121  35.520 0.0000000000
69173  38.211  18.533  36.779 0.0000000000
69893  39.110  20.727  37.825 0.0000000000
70676  40.148  21.879  36.623 0.0000000000
69937  39.151  20.367  34.350 0.0000000000
70684  40.435  21.798  35.825 0.0000000000
70700  41.266  21.634  33.869 0.0000000000
64568  13.726  13.323  41.621 0.0000000000
107302  13.575  14.084  41.917 0.0000000000
65479  13.480  14.893  42.148 0.0000000000
109665  13.471  16.112  40.980 0.0000000000
69869  13.966  20.047  40.741 0.0000000000
117164  13.596  19.475  40.836 0.0000000000
108852  13.146  19.226  41.327 0.0000000000
68386  12.974  17.832  42.017 0.0000000000
67689  12.932  17.173  43.082 0.0000000000
67690  12.343  17.654  43.318 0.0000000000
68379  11.497  18.238  43.275 0.0000000000
69100  9.928  19.143  42.958 0.0000000000
69861  9.897  20.910  41.558 0.0000000000
71408  10.681  21.955  41.024 0.0000000000
72241  10.644  23.362  40.484 0.0000000000
73006  11.172  24.611  40.181 0.0000000000
72230  12.411  23.490  42.069 0.0000000000
117569  12.819  25.625  41.650 0.0000000000
73005  11.923  24.808  40.744 0.0000000000
73708  11.596  25.342  40.141 0.0000000000
61865  35.603  10.802  35.724 0.0000000000
61818  36.795  10.796  39.629 0.0000000000
61819  35.579  10.405  39.289 0.0000000000
60893  34.409  10.202  39.548 0.0000000000
115295  25.176  11.641  32.746 0.0000000000
62795  25.791  11.789  32.551 0.0000000000
62768  27.248  11.674  34.331 0.0000000000
63728  27.034  12.057  32.900 0.0000000000
63727  27.634  12.258  33.214 0.0000000000
63738  28.075  12.773  32.847 0.0000000000
64661  28.785  13.033  33.192 0.0000000000
113065  29.417  12.675  34.891 0.0000000000
64676  29.176  13.700  32.755 0.0000000000
65551  29.884  14.061  33.011 0.0000000000
66333  30.855  15.167  32.956 0.0000000000
65523  32.673  14.480  35.423 0.0000000000
64625  35.658  13.536  37.122 0.0000000000
63696  38.062  12.460  37.090 0.0000000000
120214  37.687  12.005  36.301 0.0000000000
69099  5.496  19.652  44.285 0.0000000000
69103  6.047  19.081  43.797 0.0000000000
68382  6.508  18.530  43.240 0.0000000000
67699  7.670  17.232  42.414 0.0000000000
66995  8.128  16.529  42.105 0.0000000000
66267  8.339  15.713  41.723 0.0000000000
68407  6.155  18.336  40.957 0.0000000000
109800  7.558  17.491  41.176 0.0000000000
67000  8.274  16.421  41.224 0.0000000000
64580  8.590  13.598  40.404 0.0000000000
64594  9.016  13.344  39.637 0.0000000000
66293  8.265  15.766  37.290 0.0000000000
66303  7.968  15.576  36.498 0.0000000000
76419  5.856  29.278  31.825 0.0000000000
76418  6.588  29.607  31.590 0.0000000000
76417  7.288  29.867  31.278 0.0000000000
74443  33.863  26.661  32.374 0.0000000000
73686  17.509  26.154  45.842 0.0000000000
73685  19.035  25.795  45.502 0.0000000000
72210  20.458  24.762  44.629 0.0000000000
72997  18.371  25.124  41.995 0.0000000000
108451  16.296  24.291  39.723 0.0000000000
70633  19.360  22.346  39.999 0.0000000000
70657  19.699  21.103  39.000 0.0000000000
70645  18.920  22.097  39.343 0.0000000000
71437  15.923  23.047  37.925 0.0000000000
72269  15.341  23.295  37.468 0.0000000000
72270  14.811  23.685  36.947 0.0000000000
71478  14.630  22.742  34.976 0.0000000000
69941  15.679  20.777  34.313 0.0000000000
70714  14.841  22.160  32.938 0.0000000000
71497  14.895  22.673  32.569 0.0000000000
72311  15.070  23.298  32.170 0.0000000000
72324  15.551  23.188  31.406 0.0000000000
57001  10.260  5.776  51.441 0.0000000000
57927  10.716  6.325  50.903 0.0000000000
57964  11.395  6.533  48.310 0.0000000000
120290  11.352  6.559  47.668 0.0000000000
59829  13.146  8.066  49.976 0.0000000000
59842  13.194  7.939  48.987 0.0000000000
58875  12.568  7.445  48.425 0.0000000000
58887  12.556  7.406  47.469 0.0000000000
101452  11.932  7.170  46.832 0.0000000000
60833  12.941  9.036  43.855 0.0000000000
62670  13.916  11.767  42.063 0.0000000000
58920  17.720  7.052  45.394 0.0000000000
111262  18.342  7.098  43.715 0.0000000000
58940  17.000  7.369  44.644 0.0000000000
100893  16.662  7.590  43.692 0.0000000000
62690  18.293  11.181  40.314 0.0000000000
61808  17.764  10.269  40.127 0.0000000000
59970  17.615  8.810  40.652 0.0000000000
61820  17.017  10.307  39.650 0.0000000000
59971  17.027  8.801  40.419 0.0000000000
59961  16.409  8.469  41.277 0.0000000000
59945  16.336  8.210  42.064 0.0000000000
59946  15.583  8.495  42.687 0.0000000000
60860  15.088  9.280  42.187 0.0000000000
60874  14.747  10.050  41.765 0.0000000000
117973  15.005  11.409  40.053 0.0000000000
61810  14.888  10.964  40.532 0.0000000000
61800  14.618  10.686  41.343 0.0000000000
65489  13.879  14.348  40.413 0.0000000000
66281  13.956  15.655  39.798 0.0000000000
66280  14.418  15.725  39.151 0.0000000000
67013  14.086  16.500  39.539 0.0000000000
67719  14.017  17.412  39.687 0.0000000000
69143  14.650  19.213  39.838 0.0000000000
68414  16.333  18.162  39.327 0.0000000000
108876  16.172  18.843  39.579 0.0000000000
69132  16.322  19.373  40.028 0.0000000000
111000  16.360  20.204  40.571 0.0000000000
69876  15.689  19.705  40.039 0.0000000000
70634  15.867  21.149  40.886 0.0000000000
70635  14.953  21.153  40.808 0.0000000000
71383  16.683  22.954  44.484 0.0000000000
72212  16.024  23.555  45.081 0.0000000000
55050  22.035  3.802  54.071 0.0000000000
56989  20.810  5.405  52.953 0.0000000000
56980  20.501  5.168  53.913 0.0000000000
104155  19.752  4.369  54.724 0.0000000000
58811  15.761  7.344  54.890 0.0000000000
59778  13.959  7.736  54.422 0.0000000000
64546  34.410  13.014  42.720 0.0000000000
64517  34.138  13.140  43.890 0.0000000000
62638  33.021  10.934  45.987 0.0000000000
64495  32.076  13.207  45.880 0.0000000000
65418  27.582  15.002  45.556 0.0000000000
65404  28.273  15.075  46.559 0.0000000000
65392  27.663  15.277  47.075 0.0000000000
65391  28.220  14.792  47.161 0.0000000000
106308  28.684  11.964  48.936 0.0000000000
62618  29.608  10.722  48.893 0.0000000000
70010  17.465  20.667  28.980 0.0000000000
103051  18.368  18.354  30.211 0.0000000000
67804  18.977  17.811  29.800 0.0000000000
66355  20.268  15.019  30.667 0.0000000000
65599  20.744  14.534  30.446 0.0000000000
65598  21.285  14.123  30.316 0.0000000000
64698  22.025  12.959  31.066 0.0000000000
65540  20.033  14.755  34.552 0.0000000000
63700  22.105  11.905  36.627 0.0000000000
102826  21.074  12.616  34.375 0.0000000000
64662  20.886  12.837  33.582 0.0000000000
116262  22.301  11.890  32.884 0.0000000000
62773  22.751  11.515  34.223 0.0000000000
62796  23.342  11.822  32.417 0.0000000000
116402  24.436  11.645  32.602 0.0000000000
100405  25.941  11.422  34.623 0.0000000000
62756  26.525  11.479  34.874 0.0000000000
102691  26.725  11.501  35.669 0.0000000000
63686  28.483  12.443  37.325 0.0000000000
63653  28.220  12.742  39.001 0.0000000000
64602  28.979  13.059  38.621 0.0000000000
65493  30.957  14.227  39.563 0.0000000000
65484  31.792  14.573  40.689 0.0000000000
114265  33.778  14.148  42.089 0.0000000000
82266  8.025  40.315  29.783 0.0000000000
82272  8.157  40.585  29.095 0.0000000000
82255  9.258  40.983  30.150 0.0000000000
83910  9.300  42.610  29.861 0.0000000000
82264  9.125  41.126  29.718 0.0000000000
82844  8.469  41.094  28.818 0.0000000000
66219  5.189  15.534  49.951 0.0000000000
118367  5.076  16.298  50.175 0.0000000000
67665  3.670  17.575  50.274 0.0000000000
67669  3.219  17.646  49.931 0.0000000000
69810  5.767  20.741  49.850 0.0000000000
70583  4.902  21.445  49.580 0.0000000000
69085  3.958  20.393  49.808 0.0000000000
69088  3.710  19.835  49.947 0.0000000000
68368  3.789  19.053  49.604 0.0000000000
67672  3.816  18.247  48.822 0.0000000000
104214  7.077  27.675  47.896 0.0000000000
74354  6.587  27.437  48.537 0.0000000000
75717  6.092  28.587  48.398 0.0000000000
75005  6.150  27.867  48.591 0.0000000000
73674  5.902  26.568  49.142 0.0000000000
108241  5.402  27.661  46.386 0.0000000000
74358  5.375  26.873  46.842 0.0000000000
120134  4.237  24.896  47.226 0.0000000000
70592  2.983  21.914  46.355 0.0000000000
72206  2.602  23.082  45.436 0.0000000000
71372  2.585  22.582  46.030 0.0000000000
70594  3.358  21.432  45.498 0.0000000000
69830  4.787  20.346  44.718 0.0000000000
69835  4.170  20.454  43.913 0.0000000000
70604  2.667  21.400  43.676 0.0000000000
69837  2.715  21.065  43.057 0.0000000000
69849  3.119  20.385  42.687 0.0000000000
69862  2.571  20.464  41.900 0.0000000000
69863  2.291  20.526  41.295 0.0000000000
72245  4.582  23.334  40.882 0.0000000000
72246  3.686  22.788  41.219 0.0000000000
71411  2.676  22.204  41.583 0.0000000000
118624  2.369  21.625  41.524 0.0000000000
70629  2.244  21.144  41.298 0.0000000000
69127  2.331  20.100  40.834 0.0000000000
69879  2.388  20.422  39.933 0.0000000000
119887  2.308  20.155  39.321 0.0000000000
69891  2.292  19.968  38.747 0.0000000000
69921  3.338  19.651  37.102 0.0000000000
70682  5.796  21.288  36.693 0.0000000000
70673  6.240  22.187  36.838 0.0000000000
71460  6.657  22.183  36.102 0.0000000000
73035  6.484  24.148  35.456 0.0000000000
73721  6.237  25.167  37.436 0.0000000000
73723  6.207  25.081  36.609 0.0000000000
104278  5.866  25.858  36.019 0.0000000000
74424  4.017  26.277  33.383 0.0000000000
74436  4.215  26.421  32.855 0.0000000000
75086  4.198  27.646  32.381 0.0000000000
76388  1.849  28.583  38.052 0.0000000000
76397  1.780  28.439  37.135 0.0000000000
76400  1.702  28.340  36.334 0.0000000000
113092  2.029  28.669  35.769 0.0000000000
77888  3.255  32.596  36.480 0.0000000000
109748  3.920  31.908  35.842 0.0000000000
103862  3.777  29.843  36.008 0.0000000000
76399  2.829  29.367  35.511 0.0000000000
76402  2.033  28.652  34.965 0.0000000000
76401  3.019  29.383  34.512 0.0000000000
76405  3.146  29.081  33.633 0.0000000000
76925  4.400  30.139  33.918 0.0000000000
76404  3.994  29.544  33.350 0.0000000000
76411  4.468  29.246  32.672 0.0000000000
76410  5.346  29.662  32.379 0.0000000000
76932  6.547  30.686  32.432 0.0000000000
77925  7.048  32.263  33.345 0.0000000000
79005  8.165  34.175  32.167 0.0000000000
79569  6.996  35.370  33.068 0.0000000000
119072  6.383  36.520  32.417 0.0000000000
79579  7.260  35.544  32.298 0.0000000000
79591  7.297  35.714  31.607 0.0000000000
79590  7.670  35.436  31.109 0.0000000000
71505  29.969  22.708  31.765 0.0000000000
106485  30.460  23.391  31.924 0.0000000000
71495  31.137  22.950  32.590 0.0000000000
72310  31.007  23.651  32.204 0.0000000000
73052  31.408  24.461  32.316 0.0000000000
69885  34.111  20.961  39.020 0.0000000000
70654  32.870  21.526  39.908 0.0000000000
70642  32.827  21.899  40.703 0.0000000000
70641  33.994  21.869  40.512 0.0000000000
71422  33.620  22.342  40.676 0.0000000000
72250  31.825  23.002  40.658 0.0000000000
110387  32.290  23.675  39.950 0.0000000000
73017  32.347  24.356  39.044 0.0000000000
111552  32.800  24.793  37.934 0.0000000000
71443  37.944  22.156  38.419 0.0000000000
71444  36.840  22.437  38.579 0.0000000000
71445  35.797  22.923  37.936 0.0000000000
71457  35.767  23.046  36.775 0.0000000000
72257  34.948  23.345  38.489 0.0000000000
72266  34.140  24.203  37.911 0.0000000000
73032  33.797  25.265  36.216 0.0000000000
107257  34.100  26.052  34.696 0.0000000000
73726  34.693  25.870  35.391 0.0000000000
117527  33.718  26.700  33.282 0.0000000000
74430  33.799  26.924  33.049 0.0000000000
74429  34.464  27.591  33.139 0.0000000000
75092  35.272  28.020  32.892 0.0000000000
75083  36.216  28.259  33.528 0.0000000000
73050  36.277  25.076  32.534 0.0000000000
73759  36.907  25.786  32.182 0.0000000000
74440  37.386  27.322  33.035 0.0000000000
75130  42.201  28.741  28.812 0.0000000000
73821  40.430  25.414  26.907 0.0000000000
73125  40.470  24.463  26.567 0.0000000000
106292  40.597  22.818  29.315 0.0000000000
71524  41.375  22.857  29.359 0.0000000000
105981  42.098  22.958  29.316 0.0000000000
71537  41.526  22.776  28.661 0.0000000000
71536  42.374  22.825  28.731 0.0000000000
71535  44.140  23.074  28.923 0.0000000000
71534  44.849  22.868  29.180 0.0000000000
70728  45.574  21.823  30.853 0.0000000000
69246  44.530  19.820  28.630 0.0000000000
69271  43.770  19.422  27.697 0.0000000000
70709  42.020  21.817  33.298 0.0000000000
70720  42.378  21.592  32.439 0.0000000000
116439  42.639  21.402  31.769 0.0000000000
70731  42.365  21.073  30.984 0.0000000000
69986  41.373  20.507  29.590 0.0000000000
70001  42.940  20.250  28.984 0.0000000000
73249  51.316  24.644  16.553 0.0000000000
104262  50.022  23.642  18.041 0.0000000000
100010  50.892  24.426  18.212 0.0000000000
111001  5.970  37.213  36.702 0.0000000000
106491  6.626  37.088  36.725 0.0000000000
75010  17.393  27.701  45.219 0.0000000000
60786  3.867  9.379  52.356 0.0000000000
62623  5.389  11.735  50.692 0.0000000000
64473  5.944  13.754  49.850 0.0000000000
113383  6.276  14.968  49.850 0.0000000000
56055  8.658  3.969  51.596 0.0000000000
112999  9.355  4.481  50.500 0.0000000000
56068  8.718  3.969  50.539 0.0000000000
55105  8.034  3.488  50.916 0.0000000000
56083  7.550  3.909  49.600 0.0000000000
57984  8.935  6.160  45.820 0.0000000000
112444  8.668  5.115  47.061 0.0000000000
56106  8.641  4.743  47.666 0.0000000000
56107  7.998  4.730  47.749 0.0000000000
56097  7.533  4.564  48.414 0.0000000000
101843  7.106  4.348  49.106 0.0000000000
56084  6.369  4.680  49.280 0.0000000000
57019  6.323  5.447  48.963 0.0000000000
57966  6.717  6.492  47.904 0.0000000000
57952  6.319  6.454  48.841 0.0000000000
107442  6.208  7.506  49.244 0.0000000000
62656  12.239  11.739  44.022 0.0000000000
63592  12.647  12.517  44.140 0.0000000000
62657  11.382  11.495  44.489 0.0000000000
65426  13.175  15.015  45.240 0.0000000000
65427  12.966  14.361  45.722 0.0000000000
64515  12.105  13.178  46.011 0.0000000000
64502  12.092  13.473  46.608 0.0000000000
63585  10.961  12.333  45.807 0.0000000000
102581  9.639  11.371  45.751 0.0000000000
61767  7.881  10.069  46.668 0.0000000000
61758  7.706  10.420  47.699 0.0000000000
60800  6.746  9.190  48.884 0.0000000000
59830  6.200  8.867  50.440 0.0000000000
60795  6.578  9.343  50.020 0.0000000000
61743  6.720  10.115  50.752 0.0000000000
111706  6.769  10.784  51.345 0.0000000000
103109  7.607  11.477  50.617 0.0000000000
62606  6.987  11.975  51.856 0.0000000000
64457  9.801  13.907  51.459 0.0000000000
64458  9.037  13.399  51.859 0.0000000000
64448  8.400  13.160  52.161 0.0000000000
64450  7.228  13.128  52.167 0.0000000000
65363  8.064  14.540  51.579 0.0000000000
65364  7.239  14.294  51.114 0.0000000000
107753  6.325  17.588  50.218 0.0000000000
67662  7.750  17.827  50.359 0.0000000000
69813  8.157  21.368  50.111 0.0000000000
68366  9.177  19.512  49.632 0.0000000000
69816  8.539  20.564  48.385 0.0000000000
69086  8.841  20.202  49.851 0.0000000000
70588  7.732  22.296  49.488 0.0000000000
72193  7.438  23.735  47.316 0.0000000000
118636  7.422  25.450  45.511 0.0000000000
69114  9.221  19.790  42.803 0.0000000000
69834  8.626  20.360  43.139 0.0000000000
70628  8.608  21.664  42.119 0.0000000000
71387  8.116  21.857  42.923 0.0000000000
71388  7.827  22.444  43.445 0.0000000000
73014  9.856  24.906  39.944 0.0000000000
73009  8.806  24.562  40.731 0.0000000000
73710  8.859  25.328  40.511 0.0000000000
72223  7.872  23.588  42.745 0.0000000000
72215  7.704  23.175  43.472 0.0000000000
113423  7.617  24.030  43.433 0.0000000000
73696  7.619  25.865  43.361 0.0000000000
73690  7.530  25.414  44.119 0.0000000000
75018  7.637  28.222  44.109 0.0000000000
76350  7.716  29.708  42.497 0.0000000000
76875  7.256  30.234  42.047 0.0000000000
76370  8.402  29.194  39.426 0.0000000000
76900  7.412  30.458  37.270 0.0000000000
107466  7.110  30.218  38.167 0.0000000000
113826  6.963  30.221  39.019 0.0000000000
76888  6.461  30.580  39.467 0.0000000000
77875  4.899  32.813  38.047 0.0000000000
77887  5.464  33.047  37.299 0.0000000000
61781  35.200  11.313  42.811 0.0000000000
117247  34.821  10.931  43.090 0.0000000000
60841  34.359  10.513  42.899 0.0000000000
60857  33.764  10.132  42.570 0.0000000000
60827  32.770  9.358  44.639 0.0000000000
59922  32.073  8.697  44.092 0.0000000000
60843  32.822  9.439  43.928 0.0000000000
60858  32.507  9.116  43.286 0.0000000000
63750  24.149  12.502  31.331 0.0000000000
64716  24.010  13.034  30.751 0.0000000000
65597  23.737  13.742  30.344 0.0000000000
104219  24.574  13.706  30.627 0.0000000000
66369  23.291  15.187  29.613 0.0000000000
67096  23.154  15.848  29.280 0.0000000000
67813  23.100  17.263  28.828 0.0000000000
119647  25.724  14.967  31.072 0.0000000000
66363  24.658  16.083  30.203 0.0000000000
70008  22.425  20.262  28.230 0.0000000000
70765  22.637  22.011  28.296 0.0000000000
69229  25.096  19.264  30.665 0.0000000000
69992  25.084  20.594  29.939 0.0000000000
68456  27.190  18.957  35.251 0.0000000000
69190  27.755  19.450  35.479 0.0000000000
69929  28.153  19.874  36.001 0.0000000000
69928  28.677  20.222  36.201 0.0000000000
69909  33.066  20.422  36.803 0.0000000000
67059  31.737  16.296  33.207 0.0000000000
67058  32.381  16.561  33.653 0.0000000000
67760  32.521  17.401  33.626 0.0000000000
68466  33.055  18.025  34.010 0.0000000000
69185  33.903  18.867  35.332 0.0000000000
67736  37.275  16.922  37.865 0.0000000000
67748  37.904  16.784  35.878 0.0000000000
66319  38.023  15.255  35.673 0.0000000000
66337  35.616  15.353  32.279 0.0000000000
81686  5.973  39.298  37.529 0.0000000000
82200  5.962  40.469  38.488 0.0000000000
81671  6.494  40.265  38.679 0.0000000000
82193  6.081  41.288  38.763 0.0000000000
82762  6.355  41.917  38.848 0.0000000000
83347  6.732  42.296  38.629 0.0000000000
83355  7.195  42.556  38.048 0.0000000000
83339  8.320  42.980  40.133 0.0000000000
82760  7.742  42.466  39.685 0.0000000000
83365  7.818  42.477  37.316 0.0000000000
83377  10.777  42.345  34.386 0.0000000000
119325  4.118  14.658  49.219 0.0000000000
64484  3.154  14.461  48.449 0.0000000000
65389  2.308  15.353  48.471 0.0000000000
65430  1.949  14.420  46.027 0.0000000000
100119  1.750  14.213  46.425 0.0000000000
66984  6.793  16.700  44.555 0.0000000000
66256  7.013  16.034  44.047 0.0000000000
65443  6.030  14.840  44.355 0.0000000000
65458  5.633  14.008  44.112 0.0000000000
64570  7.638  13.354  41.655 0.0000000000
64556  7.309  13.654  42.359 0.0000000000
69169  3.725  19.184  36.432 0.0000000000
68439  4.476  18.922  35.890 0.0000000000
68448  5.053  18.633  35.358 0.0000000000
68462  5.686  18.478  34.777 0.0000000000
118503  7.087  21.898  34.695 0.0000000000
70706  7.379  21.567  33.853 0.0000000000
68461  6.388  18.397  34.174 0.0000000000
67766  6.393  17.638  33.661 0.0000000000
67765  7.048  17.684  33.069 0.0000000000
69215  8.030  19.261  32.938 0.0000000000
75098  6.408  27.710  31.491 0.0000000000
74451  6.713  26.257  31.599 0.0000000000
74467  7.078  27.088  31.246 0.0000000000
72325  8.216  23.321  31.371 0.0000000000
104462  8.935  25.936  29.995 0.0000000000
73796  8.812  25.057  30.102 0.0000000000
69232  9.031  18.970  31.125 0.0000000000
72336  27.306  24.760  31.738 0.0000000000
105022  28.472  25.704  29.829 0.0000000000
72348  31.976  23.900  29.333 0.0000000000
73922  51.549  24.995  20.011 0.0000000000
73222  51.655  24.591  19.659 0.0000000000
74485  41.721  27.462  28.222 0.0000000000
74484  42.850  28.122  28.333 0.0000000000
105728  43.148  27.268  27.518 0.0000000000
73834  41.612  25.168  26.224 0.0000000000
73820  42.299  26.072  26.744 0.0000000000
74494  44.994  27.220  27.059 0.0000000000
72396  43.102  22.884  26.223 0.0000000000
72414  43.463  23.532  25.622 0.0000000000
69268  47.671  19.855  28.365 0.0000000000
70017  47.993  20.484  28.304 0.0000000000
70759  48.177  21.013  27.930 0.0000000000
71611  46.839  22.283  24.897 0.0000000000
73180  47.019  24.703  23.297 0.0000000000
72450  47.236  23.892  22.489 0.0000000000
71639  47.576  22.277  22.683 0.0000000000
72449  47.783  23.064  22.032 0.0000000000
72457  49.520  23.317  21.332 0.0000000000
70050  50.543  19.757  24.464 0.0000000000
70063  50.410  20.547  22.987 0.0000000000
70062  51.170  20.340  22.829 0.0000000000
71659  51.848  23.105  21.064 0.0000000000
70840  52.466  22.114  20.162 0.0000000000
110539  52.441  21.337  19.814 0.0000000000
55123  8.102  3.709  50.088 0.0000000000
56970  15.653  5.793  54.823 0.0000000000
56984  25.397  5.149  52.168 0.0000000000
57004  4.273  5.521  51.692 0.0000000000
57051  7.680  5.961  46.643 0.0000000000
57923  20.661  6.056  50.213 0.0000000000
57962  20.100  6.463  47.285 0.0000000000
58810  17.115  7.045  54.909 0.0000000000
58825  26.131  6.974  51.721 0.0000000000
58827  24.994  7.353  52.717 0.0000000000
58839  26.390  6.758  51.177 0.0000000000
58904  7.800  7.683  46.059 0.0000000000
58917  20.592  7.092  45.189 0.0000000000
58918  19.620  6.831  45.011 0.0000000000
58971  16.984  7.676  42.178 0.0000000000
58986  17.501  7.921  41.627 0.0000000000
59782  15.086  8.182  53.910 0.0000000000
59800  23.334  8.276  51.490 0.0000000000
59960  17.120  8.353  40.996 0.0000000000
59972  16.591  8.717  40.691 0.0000000000
60871  19.346  9.620  41.792 0.0000000000
60883  18.058  9.453  40.562 0.0000000000
60884  17.224  9.443  40.107 0.0000000000
60897  15.929  9.636  40.101 0.0000000000
61722  25.616  10.141  51.541 0.0000000000
61756  21.997  10.871  47.174 0.0000000000
61772  10.073  11.356  45.353 0.0000000000
62663  19.848  11.574  43.436 0.0000000000
62692  15.449  11.034  39.726 0.0000000000
62709  15.147  11.787  39.683 0.0000000000
62782  26.454  11.745  33.078 0.0000000000
63550  21.822  13.514  50.148 0.0000000000
63663  14.841  12.365  39.737 0.0000000000
63748  26.139  12.589  31.741 0.0000000000
63751  23.608  12.240  31.677 0.0000000000
64588  18.048  13.826  39.754 0.0000000000
64589  17.299  13.763  39.142 0.0000000000
65397  22.371  15.550  48.207 0.0000000000
65473  31.259  14.697  41.961 0.0000000000
65506  16.891  14.533  38.812 0.0000000000
65507  16.110  14.562  38.544 0.0000000000
65611  23.475  14.457  29.966 0.0000000000
66287  15.776  15.332  38.498 0.0000000000
66980  13.214  15.954  44.140 0.0000000000
67021  16.088  16.589  38.551 0.0000000000
67022  15.286  16.538  38.536 0.0000000000
67728  14.895  17.197  38.733 0.0000000000
67754  4.965  17.221  34.366 0.0000000000
67816  20.713  17.412  28.200 0.0000000000
68405  16.751  18.732  39.949 0.0000000000
69141  15.807  19.165  39.652 0.0000000000
69151  38.707  19.508  37.838 0.0000000000
69223  9.197  19.638  31.103 0.0000000000
69867  15.436  20.413  40.445 0.0000000000
69870  2.265  20.548  40.723 0.0000000000
71423  32.488  22.437  40.901 0.0000000000
71424  31.714  22.203  40.730 0.0000000000
71469  42.353  23.077  34.368 0.0000000000
71471  41.330  22.913  35.221 0.0000000000
72378  40.269  23.234  27.647 0.0000000000
73770  6.239  25.412  32.091 0.0000000000
74353  6.086  27.215  48.913 0.0000000000
75004  5.979  27.546  48.758 0.0000000000
75719  6.240  29.225  48.089 0.0000000000
75790  2.220  27.868  33.977 0.0000000000
78411  4.399  33.132  35.348 0.0000000000
81679  5.645  40.021  38.053 0.0000000000
82195  3.515  41.472  38.490 0.0000000000
82764  3.087  41.737  38.384 0.0000000000
82765  2.358  41.560  38.261 0.0000000000
82798  2.236  41.527  36.533 0.0000000000
100223  25.268  11.373  34.816 0.0000000000
100559  6.201  35.065  36.575 0.0000000000
100813  16.067  10.989  39.270 0.0000000000
101315  41.756  23.531  32.297 0.0000000000
104954  21.164  12.227  47.840 0.0000000000
105452  29.611  15.075  32.192 0.0000000000
108220  14.252  15.159  39.483 0.0000000000
108263  5.969  16.651  32.769 0.0000000000
110964  12.509  7.559  54.258 0.0000000000
112099  38.120  18.570  35.866 0.0000000000
114437  4.492  33.358  38.398 0.0000000000
114688  6.401  39.335  28.913 0.0000000000
114796  14.419  17.068  39.127 0.0000000000
115510  44.354  23.053  32.020 0.0000000000
115557  6.521  26.656  48.992 0.0000000000
116928  2.573  40.414  34.664 0.0000000000
116937  9.790  4.844  50.100 0.0000000000
118158  19.758  9.736  42.390 0.0000000000
118589  6.944  30.473  42.672 0.0000000000
118599  10.906  11.615  44.908 0.0000000000
118633  39.812  22.615  36.327 0.0000000000
118974  8.336  19.918  45.633 0.0000000000
119032  6.583  17.316  33.166 0.0000000000
119186  9.061  14.936  39.607 0.0000000000
119318  16.987  7.809  48.623 0.0000000000
119410  6.795  8.042  47.464 0.0000000000
119513  42.424  23.434  33.562 0.0000000000
119779  16.781  7.348  54.709 0.0000000000
120192  16.435  10.496  39.515 0.0000000000
120541  24.745  12.328  31.582 0.0000000000
