
Wed Mar 11 12:57:56 CET 2026
cd /out/sourcedata/freesurfer/sub-v2s16x51246_ses-1
setenv SUBJECTS_DIR /out/sourcedata/freesurfer
/opt/freesurfer/bin/recon-all -autorecon-hemi rh -noparcstats -noparcstats2 -noparcstats3 -nohyporelabel -nobalabels -rh-only -openmp 16 -subjid sub-v2s16x51246_ses-1 -sd /out/sourcedata/freesurfer

subjid sub-v2s16x51246_ses-1
setenv SUBJECTS_DIR /out/sourcedata/freesurfer
FREESURFER_HOME /opt/freesurfer
Actual FREESURFER_HOME /opt/freesurfer
build-stamp.txt: freesurfer-linux-ubuntu22_x86_64-7.3.2-20220804-6354275
Linux dna043 5.14.0-427.37.1.el9_4.x86_64 #1 SMP PREEMPT_DYNAMIC Fri Sep 13 12:41:50 EDT 2024 x86_64 x86_64 x86_64 GNU/Linux
cputime      unlimited
filesize     unlimited
datasize     unlimited
stacksize    8192 kbytes
coredumpsize 0 kbytes
memoryuse    67108864 kbytes
vmemoryuse   unlimited
descriptors  1024 
memorylocked unlimited
maxproc      2061970 
maxlocks     unlimited
maxsignal    4126352 
maxmessage   819200 
maxnice      0 
maxrtprio    0 
maxrttime    unlimited

               total        used        free      shared  buff/cache   available
Mem:           1.0Ti        55Gi       911Gi        12Gi        39Gi       932Gi
Swap:             0B          0B          0B

########################################
program versions used
7.3.2 (freesurfer-linux-ubuntu22_x86_64-7.3.2-20220804-6354275)
7.3.2

ProgramName: lta_convert  ProgramArguments: lta_convert -all-info  ProgramVersion: 7.3.2  TimeStamp: 2026/03/11-11:57:56-GMT  BuildTime: Aug  4 2022 06:17:15  BuildStamp: freesurfer-linux-ubuntu22_x86_64-7.3.2-20220804-6354275  User: oesteban  Machine: dna043  Platform: Linux  PlatformVersion: 5.14.0-427.37.1.el9_4.x86_64  CompilerName: GCC  CompilerVersion: 8.4.0
ProgramName: mri_and  ProgramArguments: mri_and -all-info  ProgramVersion: 7.3.2  TimeStamp: 2026/03/11-11:57:56-GMT  BuildTime: Aug  4 2022 06:17:15  BuildStamp: freesurfer-linux-ubuntu22_x86_64-7.3.2-20220804-6354275  User: oesteban  Machine: dna043  Platform: Linux  PlatformVersion: 5.14.0-427.37.1.el9_4.x86_64  CompilerName: GCC  CompilerVersion: 8.4.0
ProgramName: mri_annotation2label  ProgramArguments: mri_annotation2label -all-info  ProgramVersion: 7.3.2  TimeStamp: 2026/03/11-11:57:56-GMT  BuildTime: Aug  4 2022 06:17:15  BuildStamp: freesurfer-linux-ubuntu22_x86_64-7.3.2-20220804-6354275  User: oesteban  Machine: dna043  Platform: Linux  PlatformVersion: 5.14.0-427.37.1.el9_4.x86_64  CompilerName: GCC  CompilerVersion: 8.4.0
ProgramName: mri_aparc2aseg  ProgramArguments: mri_aparc2aseg -all-info  ProgramVersion: 7.3.2  TimeStamp: 2026/03/11-11:57:56-GMT  BuildTime: Aug  4 2022 06:17:15  BuildStamp: freesurfer-linux-ubuntu22_x86_64-7.3.2-20220804-6354275  User: oesteban  Machine: dna043  Platform: Linux  PlatformVersion: 5.14.0-427.37.1.el9_4.x86_64  CompilerName: GCC  CompilerVersion: 8.4.0
ProgramName: mri_surf2volseg  ProgramArguments: mri_surf2volseg -all-info  ProgramVersion: 7.3.2  TimeStamp: 2026/03/11-11:57:56-GMT  BuildTime: Aug  4 2022 06:17:15  BuildStamp: freesurfer-linux-ubuntu22_x86_64-7.3.2-20220804-6354275  User: oesteban  Machine: dna043  Platform: Linux  PlatformVersion: 5.14.0-427.37.1.el9_4.x86_64  CompilerName: GCC  CompilerVersion: 8.4.0
ProgramName: mri_binarize  ProgramArguments: mri_binarize -all-info  ProgramVersion: 7.3.2  TimeStamp: 2026/03/11-11:57:56-GMT  BuildTime: Aug  4 2022 06:17:15  BuildStamp: freesurfer-linux-ubuntu22_x86_64-7.3.2-20220804-6354275  User: oesteban  Machine: dna043  Platform: Linux  PlatformVersion: 5.14.0-427.37.1.el9_4.x86_64  CompilerName: GCC  CompilerVersion: 8.4.0
ProgramName: mri_ca_label  ProgramArguments: mri_ca_label -all-info  ProgramVersion: 7.3.2  TimeStamp: 2026/03/11-11:57:56-GMT  BuildTime: Aug  4 2022 06:17:15  BuildStamp: freesurfer-linux-ubuntu22_x86_64-7.3.2-20220804-6354275  User: oesteban  Machine: dna043  Platform: Linux  PlatformVersion: 5.14.0-427.37.1.el9_4.x86_64  CompilerName: GCC  CompilerVersion: 8.4.0
ProgramName: mri_ca_normalize  ProgramArguments: mri_ca_normalize -all-info  ProgramVersion: 7.3.2  TimeStamp: 2026/03/11-11:57:56-GMT  BuildTime: Aug  4 2022 06:17:15  BuildStamp: freesurfer-linux-ubuntu22_x86_64-7.3.2-20220804-6354275  User: oesteban  Machine: dna043  Platform: Linux  PlatformVersion: 5.14.0-427.37.1.el9_4.x86_64  CompilerName: GCC  CompilerVersion: 8.4.0
ProgramName: mri_ca_register  ProgramArguments: mri_ca_register -all-info  ProgramVersion: 7.3.2  TimeStamp: 2026/03/11-11:57:56-GMT  BuildTime: Aug  4 2022 06:17:15  BuildStamp: freesurfer-linux-ubuntu22_x86_64-7.3.2-20220804-6354275  User: oesteban  Machine: dna043  Platform: Linux  PlatformVersion: 5.14.0-427.37.1.el9_4.x86_64  CompilerName: GCC  CompilerVersion: 8.4.0
ProgramName: mri_cc  ProgramArguments: mri_cc -all-info  ProgramVersion: 7.3.2  TimeStamp: 2026/03/11-11:57:56-GMT  BuildTime: Aug  4 2022 06:17:15  BuildStamp: freesurfer-linux-ubuntu22_x86_64-7.3.2-20220804-6354275  User: oesteban  Machine: dna043  Platform: Linux  PlatformVersion: 5.14.0-427.37.1.el9_4.x86_64  CompilerName: GCC  CompilerVersion: 8.4.0
ProgramName: mri_compute_overlap  ProgramArguments: mri_compute_overlap -all-info  ProgramVersion: 7.3.2  TimeStamp: 2026/03/11-11:57:56-GMT  BuildTime: Aug  4 2022 06:17:15  BuildStamp: freesurfer-linux-ubuntu22_x86_64-7.3.2-20220804-6354275  User: oesteban  Machine: dna043  Platform: Linux  PlatformVersion: 5.14.0-427.37.1.el9_4.x86_64  CompilerName: GCC  CompilerVersion: 8.4.0
ProgramName: mri_compute_seg_overlap  ProgramArguments: mri_compute_seg_overlap -all-info  ProgramVersion: 7.3.2  TimeStamp: 2026/03/11-11:57:56-GMT  BuildTime: Aug  4 2022 06:17:15  BuildStamp: freesurfer-linux-ubuntu22_x86_64-7.3.2-20220804-6354275  User: oesteban  Machine: dna043  Platform: Linux  PlatformVersion: 5.14.0-427.37.1.el9_4.x86_64  CompilerName: GCC  CompilerVersion: 8.4.0
ProgramName: mri_concat  ProgramArguments: mri_concat -all-info  ProgramVersion: 7.3.2  TimeStamp: 2026/03/11-11:57:56-GMT  BuildTime: Aug  4 2022 06:17:15  BuildStamp: freesurfer-linux-ubuntu22_x86_64-7.3.2-20220804-6354275  User: oesteban  Machine: dna043  Platform: Linux  PlatformVersion: 5.14.0-427.37.1.el9_4.x86_64  CompilerName: GCC  CompilerVersion: 8.4.0
ProgramName: mri_concatenate_lta  ProgramArguments: mri_concatenate_lta -all-info  ProgramVersion: 7.3.2  TimeStamp: 2026/03/11-11:57:56-GMT  BuildTime: Aug  4 2022 06:17:15  BuildStamp: freesurfer-linux-ubuntu22_x86_64-7.3.2-20220804-6354275  User: oesteban  Machine: dna043  Platform: Linux  PlatformVersion: 5.14.0-427.37.1.el9_4.x86_64  CompilerName: GCC  CompilerVersion: 8.4.0
mri_convert -all-info 
ProgramName: mri_convert  ProgramArguments: mri_convert -all-info  ProgramVersion: 7.3.2  TimeStamp: 2026/03/11-11:57:56-GMT  BuildTime: Aug  4 2022 06:17:15  BuildStamp: freesurfer-linux-ubuntu22_x86_64-7.3.2-20220804-6354275  User: oesteban  Machine: dna043  Platform: Linux  PlatformVersion: 5.14.0-427.37.1.el9_4.x86_64  CompilerName: GCC  CompilerVersion: 8.4.0
ProgramName: mri_diff  ProgramArguments: mri_diff -all-info  ProgramVersion: 7.3.2  TimeStamp: 2026/03/11-11:57:56-GMT  BuildTime: Aug  4 2022 06:17:15  BuildStamp: freesurfer-linux-ubuntu22_x86_64-7.3.2-20220804-6354275  User: oesteban  Machine: dna043  Platform: Linux  PlatformVersion: 5.14.0-427.37.1.el9_4.x86_64  CompilerName: GCC  CompilerVersion: 8.4.0
ProgramName: mri_edit_wm_with_aseg  ProgramArguments: mri_edit_wm_with_aseg -all-info  ProgramVersion: 7.3.2  TimeStamp: 2026/03/11-11:57:56-GMT  BuildTime: Aug  4 2022 06:17:15  BuildStamp: freesurfer-linux-ubuntu22_x86_64-7.3.2-20220804-6354275  User: oesteban  Machine: dna043  Platform: Linux  PlatformVersion: 5.14.0-427.37.1.el9_4.x86_64  CompilerName: GCC  CompilerVersion: 8.4.0
ProgramName: mri_em_register  ProgramArguments: mri_em_register -all-info  ProgramVersion: 7.3.2  TimeStamp: 2026/03/11-11:57:56-GMT  BuildTime: Aug  4 2022 06:17:15  BuildStamp: freesurfer-linux-ubuntu22_x86_64-7.3.2-20220804-6354275  User: oesteban  Machine: dna043  Platform: Linux  PlatformVersion: 5.14.0-427.37.1.el9_4.x86_64  CompilerName: GCC  CompilerVersion: 8.4.0
ProgramName: mri_fill  ProgramArguments: mri_fill -all-info  ProgramVersion: 7.3.2  TimeStamp: 2026/03/11-11:57:56-GMT  BuildTime: Aug  4 2022 06:17:15  BuildStamp: freesurfer-linux-ubuntu22_x86_64-7.3.2-20220804-6354275  User: oesteban  Machine: dna043  Platform: Linux  PlatformVersion: 5.14.0-427.37.1.el9_4.x86_64  CompilerName: GCC  CompilerVersion: 8.4.0
ProgramName: mri_fuse_segmentations  ProgramArguments: mri_fuse_segmentations -all-info  ProgramVersion: 7.3.2  TimeStamp: 2026/03/11-11:57:56-GMT  BuildTime: Aug  4 2022 06:17:15  BuildStamp: freesurfer-linux-ubuntu22_x86_64-7.3.2-20220804-6354275  User: oesteban  Machine: dna043  Platform: Linux  PlatformVersion: 5.14.0-427.37.1.el9_4.x86_64  CompilerName: GCC  CompilerVersion: 8.4.0
ProgramName: mri_fwhm  ProgramArguments: mri_fwhm -all-info  ProgramVersion: 7.3.2  TimeStamp: 2026/03/11-11:57:56-GMT  BuildTime: Aug  4 2022 06:17:15  BuildStamp: freesurfer-linux-ubuntu22_x86_64-7.3.2-20220804-6354275  User: oesteban  Machine: dna043  Platform: Linux  PlatformVersion: 5.14.0-427.37.1.el9_4.x86_64  CompilerName: GCC  CompilerVersion: 8.4.0
ProgramName: mri_gcut  ProgramArguments: mri_gcut -all-info  ProgramVersion: 7.3.2  TimeStamp: 2026/03/11-11:57:56-GMT  BuildTime: Aug  4 2022 06:17:15  BuildStamp: freesurfer-linux-ubuntu22_x86_64-7.3.2-20220804-6354275  User: oesteban  Machine: dna043  Platform: Linux  PlatformVersion: 5.14.0-427.37.1.el9_4.x86_64  CompilerName: GCC  CompilerVersion: 8.4.0
ProgramName: mri_info  ProgramArguments: mri_info -all-info  ProgramVersion: 7.3.2  TimeStamp: 2026/03/11-11:57:56-GMT  BuildTime: Aug  4 2022 06:17:15  BuildStamp: freesurfer-linux-ubuntu22_x86_64-7.3.2-20220804-6354275  User: oesteban  Machine: dna043  Platform: Linux  PlatformVersion: 5.14.0-427.37.1.el9_4.x86_64  CompilerName: GCC  CompilerVersion: 8.4.0
ProgramName: mri_label2label  ProgramArguments: mri_label2label -all-info  ProgramVersion: 7.3.2  TimeStamp: 2026/03/11-11:57:56-GMT  BuildTime: Aug  4 2022 06:17:15  BuildStamp: freesurfer-linux-ubuntu22_x86_64-7.3.2-20220804-6354275  User: oesteban  Machine: dna043  Platform: Linux  PlatformVersion: 5.14.0-427.37.1.el9_4.x86_64  CompilerName: GCC  CompilerVersion: 8.4.0
ProgramName: mri_label2vol  ProgramArguments: mri_label2vol -all-info  ProgramVersion: 7.3.2  TimeStamp: 2026/03/11-11:57:56-GMT  BuildTime: Aug  4 2022 06:17:15  BuildStamp: freesurfer-linux-ubuntu22_x86_64-7.3.2-20220804-6354275  User: oesteban  Machine: dna043  Platform: Linux  PlatformVersion: 5.14.0-427.37.1.el9_4.x86_64  CompilerName: GCC  CompilerVersion: 8.4.0
ProgramName: mri_log_likelihood  ProgramArguments: mri_log_likelihood -all-info  ProgramVersion: 7.3.2  TimeStamp: 2026/03/11-11:57:56-GMT  BuildTime: Aug  4 2022 06:17:15  BuildStamp: freesurfer-linux-ubuntu22_x86_64-7.3.2-20220804-6354275  User: oesteban  Machine: dna043  Platform: Linux  PlatformVersion: 5.14.0-427.37.1.el9_4.x86_64  CompilerName: GCC  CompilerVersion: 8.4.0
ProgramName: mri_mask  ProgramArguments: mri_mask -all-info  ProgramVersion: 7.3.2  TimeStamp: 2026/03/11-11:57:56-GMT  BuildTime: Aug  4 2022 06:17:15  BuildStamp: freesurfer-linux-ubuntu22_x86_64-7.3.2-20220804-6354275  User: oesteban  Machine: dna043  Platform: Linux  PlatformVersion: 5.14.0-427.37.1.el9_4.x86_64  CompilerName: GCC  CompilerVersion: 8.4.0
ProgramName: mri_matrix_multiply  ProgramArguments: mri_matrix_multiply -all-info  ProgramVersion: 7.3.2  TimeStamp: 2026/03/11-11:57:56-GMT  BuildTime: Aug  4 2022 06:17:15  BuildStamp: freesurfer-linux-ubuntu22_x86_64-7.3.2-20220804-6354275  User: oesteban  Machine: dna043  Platform: Linux  PlatformVersion: 5.14.0-427.37.1.el9_4.x86_64  CompilerName: GCC  CompilerVersion: 8.4.0
ProgramName: mri_normalize  ProgramArguments: mri_normalize -all-info  ProgramVersion: 7.3.2  TimeStamp: 2026/03/11-11:57:56-GMT  BuildTime: Aug  4 2022 06:17:15  BuildStamp: freesurfer-linux-ubuntu22_x86_64-7.3.2-20220804-6354275  User: oesteban  Machine: dna043  Platform: Linux  PlatformVersion: 5.14.0-427.37.1.el9_4.x86_64  CompilerName: GCC  CompilerVersion: 8.4.0
ProgramName: mri_normalize_tp2  ProgramArguments: mri_normalize_tp2 -all-info  ProgramVersion: 7.3.2  TimeStamp: 2026/03/11-11:57:56-GMT  BuildTime: Aug  4 2022 06:17:15  BuildStamp: freesurfer-linux-ubuntu22_x86_64-7.3.2-20220804-6354275  User: oesteban  Machine: dna043  Platform: Linux  PlatformVersion: 5.14.0-427.37.1.el9_4.x86_64  CompilerName: GCC  CompilerVersion: 8.4.0
ProgramName: mri_or  ProgramArguments: mri_or -all-info  ProgramVersion: 7.3.2  TimeStamp: 2026/03/11-11:57:56-GMT  BuildTime: Aug  4 2022 06:17:15  BuildStamp: freesurfer-linux-ubuntu22_x86_64-7.3.2-20220804-6354275  User: oesteban  Machine: dna043  Platform: Linux  PlatformVersion: 5.14.0-427.37.1.el9_4.x86_64  CompilerName: GCC  CompilerVersion: 8.4.0
ProgramName: mri_relabel_hypointensities  ProgramArguments: mri_relabel_hypointensities -all-info  ProgramVersion: 7.3.2  TimeStamp: 2026/03/11-11:57:56-GMT  BuildTime: Aug  4 2022 06:17:15  BuildStamp: freesurfer-linux-ubuntu22_x86_64-7.3.2-20220804-6354275  User: oesteban  Machine: dna043  Platform: Linux  PlatformVersion: 5.14.0-427.37.1.el9_4.x86_64  CompilerName: GCC  CompilerVersion: 8.4.0
ProgramName: mri_relabel_nonwm_hypos  ProgramArguments: mri_relabel_nonwm_hypos -all-info  ProgramVersion: 7.3.2  TimeStamp: 2026/03/11-11:57:56-GMT  BuildTime: Aug  4 2022 06:17:15  BuildStamp: freesurfer-linux-ubuntu22_x86_64-7.3.2-20220804-6354275  User: oesteban  Machine: dna043  Platform: Linux  PlatformVersion: 5.14.0-427.37.1.el9_4.x86_64  CompilerName: GCC  CompilerVersion: 8.4.0
ProgramName: mri_remove_neck  ProgramArguments: mri_remove_neck -all-info  ProgramVersion: 7.3.2  TimeStamp: 2026/03/11-11:57:56-GMT  BuildTime: Aug  4 2022 06:17:15  BuildStamp: freesurfer-linux-ubuntu22_x86_64-7.3.2-20220804-6354275  User: oesteban  Machine: dna043  Platform: Linux  PlatformVersion: 5.14.0-427.37.1.el9_4.x86_64  CompilerName: GCC  CompilerVersion: 8.4.0
7.3.2

ProgramName: mri_robust_register  ProgramArguments: mri_robust_register -all-info  ProgramVersion: 7.3.2  TimeStamp: 2026/03/11-11:57:56-GMT  BuildTime: Aug  4 2022 06:17:15  BuildStamp: freesurfer-linux-ubuntu22_x86_64-7.3.2-20220804-6354275  User: oesteban  Machine: dna043  Platform: Linux  PlatformVersion: 5.14.0-427.37.1.el9_4.x86_64  CompilerName: GCC  CompilerVersion: 8.4.0
7.3.2

ProgramName: mri_robust_template  ProgramArguments: mri_robust_template -all-info  ProgramVersion: 7.3.2  TimeStamp: 2026/03/11-11:57:56-GMT  BuildTime: Aug  4 2022 06:17:15  BuildStamp: freesurfer-linux-ubuntu22_x86_64-7.3.2-20220804-6354275  User: oesteban  Machine: dna043  Platform: Linux  PlatformVersion: 5.14.0-427.37.1.el9_4.x86_64  CompilerName: GCC  CompilerVersion: 8.4.0
ProgramName: mris_anatomical_stats  ProgramArguments: mris_anatomical_stats -all-info  ProgramVersion: 7.3.2  TimeStamp: 2026/03/11-11:57:56-GMT  BuildTime: Aug  4 2022 06:17:15  BuildStamp: freesurfer-linux-ubuntu22_x86_64-7.3.2-20220804-6354275  User: oesteban  Machine: dna043  Platform: Linux  PlatformVersion: 5.14.0-427.37.1.el9_4.x86_64  CompilerName: GCC  CompilerVersion: 8.4.0
ProgramName: mris_ca_label  ProgramArguments: mris_ca_label -all-info  ProgramVersion: 7.3.2  TimeStamp: 2026/03/11-11:57:56-GMT  BuildTime: Aug  4 2022 06:17:15  BuildStamp: freesurfer-linux-ubuntu22_x86_64-7.3.2-20220804-6354275  User: oesteban  Machine: dna043  Platform: Linux  PlatformVersion: 5.14.0-427.37.1.el9_4.x86_64  CompilerName: GCC  CompilerVersion: 8.4.0
ProgramName: mris_calc  ProgramArguments: mris_calc -all-info  ProgramVersion: 7.3.2  TimeStamp: 2026/03/11-11:57:56-GMT  BuildTime: Aug  4 2022 06:17:15  BuildStamp: freesurfer-linux-ubuntu22_x86_64-7.3.2-20220804-6354275  User: oesteban  Machine: dna043  Platform: Linux  PlatformVersion: 5.14.0-427.37.1.el9_4.x86_64  CompilerName: GCC  CompilerVersion: 8.4.0
ProgramName: mris_convert  ProgramArguments: mris_convert -all-info  ProgramVersion: 7.3.2  TimeStamp: 2026/03/11-11:57:56-GMT  BuildTime: Aug  4 2022 06:17:15  BuildStamp: freesurfer-linux-ubuntu22_x86_64-7.3.2-20220804-6354275  User: oesteban  Machine: dna043  Platform: Linux  PlatformVersion: 5.14.0-427.37.1.el9_4.x86_64  CompilerName: GCC  CompilerVersion: 8.4.0
ProgramName: mris_curvature  ProgramArguments: mris_curvature -all-info  ProgramVersion: 7.3.2  TimeStamp: 2026/03/11-11:57:56-GMT  BuildTime: Aug  4 2022 06:17:15  BuildStamp: freesurfer-linux-ubuntu22_x86_64-7.3.2-20220804-6354275  User: oesteban  Machine: dna043  Platform: Linux  PlatformVersion: 5.14.0-427.37.1.el9_4.x86_64  CompilerName: GCC  CompilerVersion: 8.4.0
ProgramName: mris_curvature_stats  ProgramArguments: mris_curvature_stats -all-info  ProgramVersion: 7.3.2  TimeStamp: 2026/03/11-11:57:56-GMT  BuildTime: Aug  4 2022 06:17:15  BuildStamp: freesurfer-linux-ubuntu22_x86_64-7.3.2-20220804-6354275  User: oesteban  Machine: dna043  Platform: Linux  PlatformVersion: 5.14.0-427.37.1.el9_4.x86_64  CompilerName: GCC  CompilerVersion: 8.4.0
ProgramName: mris_diff  ProgramArguments: mris_diff -all-info  ProgramVersion: 7.3.2  TimeStamp: 2026/03/11-11:57:56-GMT  BuildTime: Aug  4 2022 06:17:15  BuildStamp: freesurfer-linux-ubuntu22_x86_64-7.3.2-20220804-6354275  User: oesteban  Machine: dna043  Platform: Linux  PlatformVersion: 5.14.0-427.37.1.el9_4.x86_64  CompilerName: GCC  CompilerVersion: 8.4.0
ProgramName: mris_divide_parcellation  ProgramArguments: mris_divide_parcellation -all-info  ProgramVersion: 7.3.2  TimeStamp: 2026/03/11-11:57:56-GMT  BuildTime: Aug  4 2022 06:17:15  BuildStamp: freesurfer-linux-ubuntu22_x86_64-7.3.2-20220804-6354275  User: oesteban  Machine: dna043  Platform: Linux  PlatformVersion: 5.14.0-427.37.1.el9_4.x86_64  CompilerName: GCC  CompilerVersion: 8.4.0
ProgramName: mri_segment  ProgramArguments: mri_segment -all-info  ProgramVersion: 7.3.2  TimeStamp: 2026/03/11-11:57:56-GMT  BuildTime: Aug  4 2022 06:17:15  BuildStamp: freesurfer-linux-ubuntu22_x86_64-7.3.2-20220804-6354275  User: oesteban  Machine: dna043  Platform: Linux  PlatformVersion: 5.14.0-427.37.1.el9_4.x86_64  CompilerName: GCC  CompilerVersion: 8.4.0
ProgramName: mri_segstats  ProgramArguments: mri_segstats -all-info  ProgramVersion: 7.3.2  TimeStamp: 2026/03/11-11:57:56-GMT  BuildTime: Aug  4 2022 06:17:15  BuildStamp: freesurfer-linux-ubuntu22_x86_64-7.3.2-20220804-6354275  User: oesteban  Machine: dna043  Platform: Linux  PlatformVersion: 5.14.0-427.37.1.el9_4.x86_64  CompilerName: GCC  CompilerVersion: 8.4.0
ProgramName: mris_euler_number  ProgramArguments: mris_euler_number -all-info  ProgramVersion: 7.3.2  TimeStamp: 2026/03/11-11:57:56-GMT  BuildTime: Aug  4 2022 06:17:15  BuildStamp: freesurfer-linux-ubuntu22_x86_64-7.3.2-20220804-6354275  User: oesteban  Machine: dna043  Platform: Linux  PlatformVersion: 5.14.0-427.37.1.el9_4.x86_64  CompilerName: GCC  CompilerVersion: 8.4.0
ProgramName: mris_fix_topology  ProgramArguments: mris_fix_topology -all-info  ProgramVersion: 7.3.2  TimeStamp: 2026/03/11-11:57:56-GMT  BuildTime: Aug  4 2022 06:17:15  BuildStamp: freesurfer-linux-ubuntu22_x86_64-7.3.2-20220804-6354275  User: oesteban  Machine: dna043  Platform: Linux  PlatformVersion: 5.14.0-427.37.1.el9_4.x86_64  CompilerName: GCC  CompilerVersion: 8.4.0
ProgramName: mris_topo_fixer  ProgramArguments: mris_topo_fixer -all-info  ProgramVersion: 7.3.2  TimeStamp: 2026/03/11-11:57:56-GMT  BuildTime: Aug  4 2022 06:17:15  BuildStamp: freesurfer-linux-ubuntu22_x86_64-7.3.2-20220804-6354275  User: oesteban  Machine: dna043  Platform: Linux  PlatformVersion: 5.14.0-427.37.1.el9_4.x86_64  CompilerName: GCC  CompilerVersion: 8.4.0
ProgramName: mris_jacobian  ProgramArguments: mris_jacobian -all-info  ProgramVersion: 7.3.2  TimeStamp: 2026/03/11-11:57:56-GMT  BuildTime: Aug  4 2022 06:17:15  BuildStamp: freesurfer-linux-ubuntu22_x86_64-7.3.2-20220804-6354275  User: oesteban  Machine: dna043  Platform: Linux  PlatformVersion: 5.14.0-427.37.1.el9_4.x86_64  CompilerName: GCC  CompilerVersion: 8.4.0
ProgramName: mris_label2annot  ProgramArguments: mris_label2annot -all-info  ProgramVersion: 7.3.2  TimeStamp: 2026/03/11-11:57:56-GMT  BuildTime: Aug  4 2022 06:17:15  BuildStamp: freesurfer-linux-ubuntu22_x86_64-7.3.2-20220804-6354275  User: oesteban  Machine: dna043  Platform: Linux  PlatformVersion: 5.14.0-427.37.1.el9_4.x86_64  CompilerName: GCC  CompilerVersion: 8.4.0
ProgramName: mris_left_right_register  ProgramArguments: mris_left_right_register -all-info  ProgramVersion: 7.3.2  TimeStamp: 2026/03/11-11:57:56-GMT  BuildTime: Aug  4 2022 06:17:15  BuildStamp: freesurfer-linux-ubuntu22_x86_64-7.3.2-20220804-6354275  User: oesteban  Machine: dna043  Platform: Linux  PlatformVersion: 5.14.0-427.37.1.el9_4.x86_64  CompilerName: GCC  CompilerVersion: 8.4.0
ProgramName: mris_place_surface  ProgramArguments: mris_place_surface -all-info  ProgramVersion: 7.3.2  TimeStamp: 2026/03/11-11:57:56-GMT  BuildTime: Aug  4 2022 06:17:15  BuildStamp: freesurfer-linux-ubuntu22_x86_64-7.3.2-20220804-6354275  User: oesteban  Machine: dna043  Platform: Linux  PlatformVersion: 5.14.0-427.37.1.el9_4.x86_64  CompilerName: GCC  CompilerVersion: 8.4.0
ProgramName: mrisp_paint  ProgramArguments: mrisp_paint -all-info  ProgramVersion: 7.3.2  TimeStamp: 2026/03/11-11:57:56-GMT  BuildTime: Aug  4 2022 06:17:15  BuildStamp: freesurfer-linux-ubuntu22_x86_64-7.3.2-20220804-6354275  User: oesteban  Machine: dna043  Platform: Linux  PlatformVersion: 5.14.0-427.37.1.el9_4.x86_64  CompilerName: GCC  CompilerVersion: 8.4.0
ProgramName: mris_register  ProgramArguments: mris_register -all-info  ProgramVersion: 7.3.2  TimeStamp: 2026/03/11-11:57:56-GMT  BuildTime: Aug  4 2022 06:17:15  BuildStamp: freesurfer-linux-ubuntu22_x86_64-7.3.2-20220804-6354275  User: oesteban  Machine: dna043  Platform: Linux  PlatformVersion: 5.14.0-427.37.1.el9_4.x86_64  CompilerName: GCC  CompilerVersion: 8.4.0
ProgramName: mris_smooth  ProgramArguments: mris_smooth -all-info  ProgramVersion: 7.3.2  TimeStamp: 2026/03/11-11:57:56-GMT  BuildTime: Aug  4 2022 06:17:15  BuildStamp: freesurfer-linux-ubuntu22_x86_64-7.3.2-20220804-6354275  User: oesteban  Machine: dna043  Platform: Linux  PlatformVersion: 5.14.0-427.37.1.el9_4.x86_64  CompilerName: GCC  CompilerVersion: 8.4.0
ProgramName: mris_sphere  ProgramArguments: mris_sphere -all-info  ProgramVersion: 7.3.2  TimeStamp: 2026/03/11-11:57:56-GMT  BuildTime: Aug  4 2022 06:17:15  BuildStamp: freesurfer-linux-ubuntu22_x86_64-7.3.2-20220804-6354275  User: oesteban  Machine: dna043  Platform: Linux  PlatformVersion: 5.14.0-427.37.1.el9_4.x86_64  CompilerName: GCC  CompilerVersion: 8.4.0
ProgramName: mris_surface_stats  ProgramArguments: mris_surface_stats -all-info  ProgramVersion: 7.3.2  TimeStamp: 2026/03/11-11:57:56-GMT  BuildTime: Aug  4 2022 06:17:15  BuildStamp: freesurfer-linux-ubuntu22_x86_64-7.3.2-20220804-6354275  User: oesteban  Machine: dna043  Platform: Linux  PlatformVersion: 5.14.0-427.37.1.el9_4.x86_64  CompilerName: GCC  CompilerVersion: 8.4.0
ProgramName: mri_stats2seg  ProgramArguments: mri_stats2seg -all-info  ProgramVersion: 7.3.2  TimeStamp: 2026/03/11-11:57:56-GMT  BuildTime: Aug  4 2022 06:17:15  BuildStamp: freesurfer-linux-ubuntu22_x86_64-7.3.2-20220804-6354275  User: oesteban  Machine: dna043  Platform: Linux  PlatformVersion: 5.14.0-427.37.1.el9_4.x86_64  CompilerName: GCC  CompilerVersion: 8.4.0
ProgramName: mris_thickness  ProgramArguments: mris_thickness -all-info  ProgramVersion: 7.3.2  TimeStamp: 2026/03/11-11:57:56-GMT  BuildTime: Aug  4 2022 06:17:15  BuildStamp: freesurfer-linux-ubuntu22_x86_64-7.3.2-20220804-6354275  User: oesteban  Machine: dna043  Platform: Linux  PlatformVersion: 5.14.0-427.37.1.el9_4.x86_64  CompilerName: GCC  CompilerVersion: 8.4.0
ProgramName: mris_thickness_diff  ProgramArguments: mris_thickness_diff -all-info  ProgramVersion: 7.3.2  TimeStamp: 2026/03/11-11:57:56-GMT  BuildTime: Aug  4 2022 06:17:15  BuildStamp: freesurfer-linux-ubuntu22_x86_64-7.3.2-20220804-6354275  User: oesteban  Machine: dna043  Platform: Linux  PlatformVersion: 5.14.0-427.37.1.el9_4.x86_64  CompilerName: GCC  CompilerVersion: 8.4.0
ProgramName: mris_topo_fixer  ProgramArguments: mris_topo_fixer -all-info  ProgramVersion: 7.3.2  TimeStamp: 2026/03/11-11:57:56-GMT  BuildTime: Aug  4 2022 06:17:15  BuildStamp: freesurfer-linux-ubuntu22_x86_64-7.3.2-20220804-6354275  User: oesteban  Machine: dna043  Platform: Linux  PlatformVersion: 5.14.0-427.37.1.el9_4.x86_64  CompilerName: GCC  CompilerVersion: 8.4.0
ProgramName: mri_surf2surf  ProgramArguments: mri_surf2surf -all-info  ProgramVersion: 7.3.2  TimeStamp: 2026/03/11-11:57:56-GMT  BuildTime: Aug  4 2022 06:17:15  BuildStamp: freesurfer-linux-ubuntu22_x86_64-7.3.2-20220804-6354275  User: oesteban  Machine: dna043  Platform: Linux  PlatformVersion: 5.14.0-427.37.1.el9_4.x86_64  CompilerName: GCC  CompilerVersion: 8.4.0
ProgramName: mri_surf2vol  ProgramArguments: mri_surf2vol -all-info  ProgramVersion: 7.3.2  TimeStamp: 2026/03/11-11:57:56-GMT  BuildTime: Aug  4 2022 06:17:15  BuildStamp: freesurfer-linux-ubuntu22_x86_64-7.3.2-20220804-6354275  User: oesteban  Machine: dna043  Platform: Linux  PlatformVersion: 5.14.0-427.37.1.el9_4.x86_64  CompilerName: GCC  CompilerVersion: 8.4.0
ProgramName: mri_surfcluster  ProgramArguments: mri_surfcluster -all-info  ProgramVersion: 7.3.2  TimeStamp: 2026/03/11-11:57:56-GMT  BuildTime: Aug  4 2022 06:17:15  BuildStamp: freesurfer-linux-ubuntu22_x86_64-7.3.2-20220804-6354275  User: oesteban  Machine: dna043  Platform: Linux  PlatformVersion: 5.14.0-427.37.1.el9_4.x86_64  CompilerName: GCC  CompilerVersion: 8.4.0
ProgramName: mris_volmask  ProgramArguments: mris_volmask -all-info  ProgramVersion: 7.3.2  TimeStamp: 2026/03/11-11:57:56-GMT  BuildTime: Aug  4 2022 06:17:15  BuildStamp: freesurfer-linux-ubuntu22_x86_64-7.3.2-20220804-6354275  User: oesteban  Machine: dna043  Platform: Linux  PlatformVersion: 5.14.0-427.37.1.el9_4.x86_64  CompilerName: GCC  CompilerVersion: 8.4.0
ProgramName: mri_tessellate  ProgramArguments: mri_tessellate -all-info  ProgramVersion: 7.3.2  TimeStamp: 2026/03/11-11:57:56-GMT  BuildTime: Aug  4 2022 06:17:15  BuildStamp: freesurfer-linux-ubuntu22_x86_64-7.3.2-20220804-6354275  User: oesteban  Machine: dna043  Platform: Linux  PlatformVersion: 5.14.0-427.37.1.el9_4.x86_64  CompilerName: GCC  CompilerVersion: 8.4.0
ProgramName: mri_vol2surf  ProgramArguments: mri_vol2surf -all-info  ProgramVersion: 7.3.2  TimeStamp: 2026/03/11-11:57:56-GMT  BuildTime: Aug  4 2022 06:17:15  BuildStamp: freesurfer-linux-ubuntu22_x86_64-7.3.2-20220804-6354275  User: oesteban  Machine: dna043  Platform: Linux  PlatformVersion: 5.14.0-427.37.1.el9_4.x86_64  CompilerName: GCC  CompilerVersion: 8.4.0
ProgramName: mri_vol2vol  ProgramArguments: mri_vol2vol -all-info  ProgramVersion: 7.3.2  TimeStamp: 2026/03/11-11:57:56-GMT  BuildTime: Aug  4 2022 06:17:15  BuildStamp: freesurfer-linux-ubuntu22_x86_64-7.3.2-20220804-6354275  User: oesteban  Machine: dna043  Platform: Linux  PlatformVersion: 5.14.0-427.37.1.el9_4.x86_64  CompilerName: GCC  CompilerVersion: 8.4.0
ProgramName: mri_voldiff  ProgramArguments: mri_voldiff -all-info  ProgramVersion: 7.3.2  TimeStamp: 2026/03/11-11:57:56-GMT  BuildTime: Aug  4 2022 06:17:15  BuildStamp: freesurfer-linux-ubuntu22_x86_64-7.3.2-20220804-6354275  User: oesteban  Machine: dna043  Platform: Linux  PlatformVersion: 5.14.0-427.37.1.el9_4.x86_64  CompilerName: GCC  CompilerVersion: 8.4.0
ProgramName: mri_watershed  ProgramArguments: mri_watershed -all-info  ProgramVersion: 7.3.2  TimeStamp: 2026/03/11-11:57:56-GMT  BuildTime: Aug  4 2022 06:17:15  BuildStamp: freesurfer-linux-ubuntu22_x86_64-7.3.2-20220804-6354275  User: oesteban  Machine: dna043  Platform: Linux  PlatformVersion: 5.14.0-427.37.1.el9_4.x86_64  CompilerName: GCC  CompilerVersion: 8.4.0
ProgramName: tkregister2  ProgramArguments: tkregister2_cmdl -all-info  ProgramVersion: 7.3.2  TimeStamp: 2026/03/11-11:57:56-GMT  BuildTime: Aug  4 2022 06:17:15  BuildStamp: freesurfer-linux-ubuntu22_x86_64-7.3.2-20220804-6354275  User: oesteban  Machine: dna043  Platform: Linux  PlatformVersion: 5.14.0-427.37.1.el9_4.x86_64  CompilerName: GCC  CompilerVersion: 8.4.0
mri_motion_correct.fsl 7.3.2
mri_convert -all-info 
ProgramName: mri_convert  ProgramArguments: mri_convert -all-info  ProgramVersion: 7.3.2  TimeStamp: 2026/03/11-11:57:56-GMT  BuildTime: Aug  4 2022 06:17:15  BuildStamp: freesurfer-linux-ubuntu22_x86_64-7.3.2-20220804-6354275  User: oesteban  Machine: dna043  Platform: Linux  PlatformVersion: 5.14.0-427.37.1.el9_4.x86_64  CompilerName: GCC  CompilerVersion: 8.4.0
Program nu_correct, built from:
Package MNI N3, version 1.12.0, compiled by nicks@terrier (x86_64-unknown-linux-gnu) on 2015-06-19 at 01:25:34
#######################################
GCADIR /opt/freesurfer/average
GCA RB_all_2020-01-02.gca
GCASkull RB_all_withskull_2020_01_02.gca
AvgCurvTif folding.atlas.acfb40.noaparc.i12.2016-08-02.tif
GCSDIR /opt/freesurfer/average
GCS DKaparc.atlas.acfb40.noaparc.i12.2016-08-02.gcs
#######################################
#--------------------------------------------
#@# Tessellate rh Wed Mar 11 12:57:56 CET 2026
/out/sourcedata/freesurfer/sub-v2s16x51246_ses-1/scripts

 mri_pretess ../mri/filled.mgz 127 ../mri/norm.mgz ../mri/filled-pretess127.mgz 


Iteration Number : 1
pass   1 (xy+):   0 found -   0 modified     |    TOTAL:   0
pass   1 (xy-):   0 found -   0 modified     |    TOTAL:   0
pass   1 (yz+):   3 found -   3 modified     |    TOTAL:   3
pass   2 (yz+):   0 found -   3 modified     |    TOTAL:   3
pass   1 (yz-):   4 found -   4 modified     |    TOTAL:   7
pass   2 (yz-):   0 found -   4 modified     |    TOTAL:   7
pass   1 (xz+):   1 found -   1 modified     |    TOTAL:   8
pass   2 (xz+):   0 found -   1 modified     |    TOTAL:   8
pass   1 (xz-):   1 found -   1 modified     |    TOTAL:   9
pass   2 (xz-):   0 found -   1 modified     |    TOTAL:   9
Iteration Number : 1
pass   1 (+++):   0 found -   0 modified     |    TOTAL:   0
pass   1 (+++):   0 found -   0 modified     |    TOTAL:   0
pass   1 (+++):   0 found -   0 modified     |    TOTAL:   0
pass   1 (+++):   0 found -   0 modified     |    TOTAL:   0
Iteration Number : 1
pass   1 (++):   0 found -   0 modified     |    TOTAL:   0
pass   1 (+-):   0 found -   0 modified     |    TOTAL:   0
pass   1 (--):   0 found -   0 modified     |    TOTAL:   0
pass   1 (-+):   1 found -   1 modified     |    TOTAL:   1
pass   2 (-+):   0 found -   1 modified     |    TOTAL:   1
Iteration Number : 2
pass   1 (xy+):   0 found -   0 modified     |    TOTAL:   0
pass   1 (xy-):   0 found -   0 modified     |    TOTAL:   0
pass   1 (yz+):   0 found -   0 modified     |    TOTAL:   0
pass   1 (yz-):   0 found -   0 modified     |    TOTAL:   0
pass   1 (xz+):   0 found -   0 modified     |    TOTAL:   0
pass   1 (xz-):   0 found -   0 modified     |    TOTAL:   0
Iteration Number : 2
pass   1 (+++):   0 found -   0 modified     |    TOTAL:   0
pass   1 (+++):   0 found -   0 modified     |    TOTAL:   0
pass   1 (+++):   0 found -   0 modified     |    TOTAL:   0
pass   1 (+++):   0 found -   0 modified     |    TOTAL:   0
Iteration Number : 2
pass   1 (++):   0 found -   0 modified     |    TOTAL:   0
pass   1 (+-):   0 found -   0 modified     |    TOTAL:   0
pass   1 (--):   0 found -   0 modified     |    TOTAL:   0
pass   1 (-+):   0 found -   0 modified     |    TOTAL:   0

Total Number of Modified Voxels = 10 (out of 258662: 0.003866)
Ambiguous edge configurations... 

mri_pretess done


 mri_tessellate ../mri/filled-pretess127.mgz 127 ../surf/rh.orig.nofix 

7.3.2
  7.3.2
slice 40: 1084 vertices, 1176 faces
slice 50: 5898 vertices, 6112 faces
slice 60: 13095 vertices, 13353 faces
slice 70: 22162 vertices, 22534 faces
slice 80: 33341 vertices, 33699 faces
slice 90: 43416 vertices, 43739 faces
slice 100: 54351 vertices, 54706 faces
slice 110: 66890 vertices, 67333 faces
slice 120: 79232 vertices, 79679 faces
slice 130: 90747 vertices, 91148 faces
slice 140: 100977 vertices, 101319 faces
slice 150: 109433 vertices, 109724 faces
slice 160: 116821 vertices, 117132 faces
slice 170: 124002 vertices, 124236 faces
slice 180: 129883 vertices, 130132 faces
slice 190: 134090 vertices, 134219 faces
slice 200: 136363 vertices, 136437 faces
slice 210: 136590 vertices, 136616 faces
slice 220: 136590 vertices, 136616 faces
slice 230: 136590 vertices, 136616 faces
slice 240: 136590 vertices, 136616 faces
slice 250: 136590 vertices, 136616 faces
using the conformed surface RAS to save vertex points...
writing ../surf/rh.orig.nofix
using vox2ras matrix:
-1.00000   0.00000   0.00000   128.00000;
 0.00000   0.00000   1.00000  -128.00000;
 0.00000  -1.00000   0.00000   128.00000;
 0.00000   0.00000   0.00000   1.00000;

 rm -f ../mri/filled-pretess127.mgz 


 mris_extract_main_component ../surf/rh.orig.nofix ../surf/rh.orig.nofix 


counting number of connected components...
   136590 voxel in cpt #1: X=-26 [v=136590,e=409848,f=273232] located at (33.071449, -16.369530, 24.067537)
For the whole surface: X=-26 [v=136590,e=409848,f=273232]
One single component has been found
nothing to do
done

#--------------------------------------------
#@# Smooth1 rh Wed Mar 11 12:58:00 CET 2026
/out/sourcedata/freesurfer/sub-v2s16x51246_ses-1/scripts

 mris_smooth -nw -seed 1234 ../surf/rh.orig.nofix ../surf/rh.smoothwm.nofix 

setting seed for random number generator to 1234
smoothing surface tessellation for 10 iterations...
smoothing complete - recomputing first and second fundamental forms...
#--------------------------------------------
#@# Inflation1 rh Wed Mar 11 12:58:03 CET 2026
/out/sourcedata/freesurfer/sub-v2s16x51246_ses-1/scripts

 mris_inflate -no-save-sulc ../surf/rh.smoothwm.nofix ../surf/rh.inflated.nofix 

Not saving sulc
Reading ../surf/rh.smoothwm.nofix
avg radius = 46.6 mm, total surface area = 74074 mm^2
step 000: RMS=0.147 (target=0.015)   step 005: RMS=0.111 (target=0.015)   step 010: RMS=0.082 (target=0.015)   step 015: RMS=0.068 (target=0.015)   step 020: RMS=0.058 (target=0.015)   step 025: RMS=0.049 (target=0.015)   step 030: RMS=0.043 (target=0.015)   step 035: RMS=0.038 (target=0.015)   step 040: RMS=0.035 (target=0.015)   step 045: RMS=0.032 (target=0.015)   step 050: RMS=0.031 (target=0.015)   step 055: RMS=0.029 (target=0.015)   step 060: RMS=0.028 (target=0.015)   writing inflated surface to ../surf/rh.inflated.nofix
inflation took 0.2 minutes

inflation complete.
Not saving sulc
mris_inflate utimesec    52.757497
mris_inflate stimesec    2.165763
mris_inflate ru_maxrss   216716
mris_inflate ru_ixrss    0
mris_inflate ru_idrss    0
mris_inflate ru_isrss    0
mris_inflate ru_minflt   579093
mris_inflate ru_majflt   9
mris_inflate ru_nswap    0
mris_inflate ru_inblock  0
mris_inflate ru_oublock  9608
mris_inflate ru_msgsnd   0
mris_inflate ru_msgrcv   0
mris_inflate ru_nsignals 0
mris_inflate ru_nvcsw    13935
mris_inflate ru_nivcsw   328
#--------------------------------------------
#@# QSphere rh Wed Mar 11 12:58:15 CET 2026
/out/sourcedata/freesurfer/sub-v2s16x51246_ses-1/scripts

 mris_sphere -q -p 6 -a 128 -seed 1234 ../surf/rh.inflated.nofix ../surf/rh.qsphere.nofix 

doing quick spherical unfolding.
limitting unfolding to 6 passes
using n_averages = 128
setting seed for random number genererator to 1234
version: 7.3.2
available threads: 16
scaling brain by 0.300...
inflating...
projecting onto sphere...
surface projected - minimizing metric distortion...
vertex spacing 1.00 +- 0.56 (0.00-->7.46) (max @ vno 67988 --> 69226)
face area 0.02 +- 0.03 (-0.22-->0.60)
Entering MRISinflateToSphere()
inflating to sphere (rms error < 2.00)
000: dt: 0.0000, rms radial error=177.244, avgs=0
005/300: dt: 0.9000, rms radial error=176.988, avgs=0
010/300: dt: 0.9000, rms radial error=176.438, avgs=0
015/300: dt: 0.9000, rms radial error=175.715, avgs=0
020/300: dt: 0.9000, rms radial error=174.877, avgs=0
025/300: dt: 0.9000, rms radial error=173.978, avgs=0
030/300: dt: 0.9000, rms radial error=173.047, avgs=0
035/300: dt: 0.9000, rms radial error=172.102, avgs=0
040/300: dt: 0.9000, rms radial error=171.155, avgs=0
045/300: dt: 0.9000, rms radial error=170.206, avgs=0
050/300: dt: 0.9000, rms radial error=169.258, avgs=0
055/300: dt: 0.9000, rms radial error=168.312, avgs=0
060/300: dt: 0.9000, rms radial error=167.370, avgs=0
065/300: dt: 0.9000, rms radial error=166.433, avgs=0
070/300: dt: 0.9000, rms radial error=165.500, avgs=0
075/300: dt: 0.9000, rms radial error=164.572, avgs=0
080/300: dt: 0.9000, rms radial error=163.648, avgs=0
085/300: dt: 0.9000, rms radial error=162.730, avgs=0
090/300: dt: 0.9000, rms radial error=161.817, avgs=0
095/300: dt: 0.9000, rms radial error=160.908, avgs=0
100/300: dt: 0.9000, rms radial error=160.005, avgs=0
105/300: dt: 0.9000, rms radial error=159.106, avgs=0
110/300: dt: 0.9000, rms radial error=158.212, avgs=0
115/300: dt: 0.9000, rms radial error=157.324, avgs=0
120/300: dt: 0.9000, rms radial error=156.440, avgs=0
125/300: dt: 0.9000, rms radial error=155.561, avgs=0
130/300: dt: 0.9000, rms radial error=154.687, avgs=0
135/300: dt: 0.9000, rms radial error=153.818, avgs=0
140/300: dt: 0.9000, rms radial error=152.953, avgs=0
145/300: dt: 0.9000, rms radial error=152.094, avgs=0
150/300: dt: 0.9000, rms radial error=151.240, avgs=0
155/300: dt: 0.9000, rms radial error=150.391, avgs=0
160/300: dt: 0.9000, rms radial error=149.546, avgs=0
165/300: dt: 0.9000, rms radial error=148.706, avgs=0
170/300: dt: 0.9000, rms radial error=147.871, avgs=0
175/300: dt: 0.9000, rms radial error=147.040, avgs=0
180/300: dt: 0.9000, rms radial error=146.214, avgs=0
185/300: dt: 0.9000, rms radial error=145.393, avgs=0
190/300: dt: 0.9000, rms radial error=144.576, avgs=0
195/300: dt: 0.9000, rms radial error=143.764, avgs=0
200/300: dt: 0.9000, rms radial error=142.956, avgs=0
205/300: dt: 0.9000, rms radial error=142.152, avgs=0
210/300: dt: 0.9000, rms radial error=141.353, avgs=0
215/300: dt: 0.9000, rms radial error=140.559, avgs=0
220/300: dt: 0.9000, rms radial error=139.768, avgs=0
225/300: dt: 0.9000, rms radial error=138.982, avgs=0
230/300: dt: 0.9000, rms radial error=138.201, avgs=0
235/300: dt: 0.9000, rms radial error=137.424, avgs=0
240/300: dt: 0.9000, rms radial error=136.651, avgs=0
245/300: dt: 0.9000, rms radial error=135.882, avgs=0
250/300: dt: 0.9000, rms radial error=135.118, avgs=0
255/300: dt: 0.9000, rms radial error=134.358, avgs=0
260/300: dt: 0.9000, rms radial error=133.602, avgs=0
265/300: dt: 0.9000, rms radial error=132.850, avgs=0
270/300: dt: 0.9000, rms radial error=132.103, avgs=0
275/300: dt: 0.9000, rms radial error=131.360, avgs=0
280/300: dt: 0.9000, rms radial error=130.621, avgs=0
285/300: dt: 0.9000, rms radial error=129.886, avgs=0
290/300: dt: 0.9000, rms radial error=129.155, avgs=0
295/300: dt: 0.9000, rms radial error=128.428, avgs=0
300/300: dt: 0.9000, rms radial error=127.705, avgs=0

spherical inflation complete.
epoch 1 (K=10.0), pass 1, starting sse = 16077.52
taking momentum steps...
taking momentum steps...
taking momentum steps...
taking momentum steps...
pass 1 complete, delta sse/iter = 0.00/13 = 0.00029
epoch 2 (K=40.0), pass 1, starting sse = 2645.14
taking momentum steps...
taking momentum steps...
taking momentum steps...
taking momentum steps...
pass 1 complete, delta sse/iter = 0.00/13 = 0.00031
epoch 3 (K=160.0), pass 1, starting sse = 242.77
taking momentum steps...
taking momentum steps...
taking momentum steps...
taking momentum steps...
pass 1 complete, delta sse/iter = 0.06/14 = 0.00411
epoch 4 (K=640.0), pass 1, starting sse = 13.81
taking momentum steps...
taking momentum steps...
taking momentum steps...
taking momentum steps...
pass 1 complete, delta sse/iter = 0.16/24 = 0.00650
final distance error %100000.00
writing spherical brain to ../surf/rh.qsphere.nofix
spherical transformation took 0.0184 hours
FSRUNTIME@ mris_sphere  0.0184 hours 16 threads
#VMPC# mris_sphere VmPeak  1604868
mris_sphere done
#@# Fix Topology rh Wed Mar 11 12:59:21 CET 2026

 mris_fix_topology -mgz -sphere qsphere.nofix -inflated inflated.nofix -orig orig.nofix -out orig.premesh -ga -seed 1234 sub-v2s16x51246_ses-1 rh 

reading spherical homeomorphism from 'qsphere.nofix'
reading inflated coordinates from 'inflated.nofix'
reading original coordinates from 'orig.nofix'
using genetic algorithm with optimized parameters
setting seed for random number genererator to 1234

*************************************************************
Topology Correction Parameters
retessellation mode:           genetic search
number of patches/generation : 10
number of generations :        10
surface mri loglikelihood coefficient :         1.0
volume mri loglikelihood coefficient :          10.0
normal dot loglikelihood coefficient :          1.0
quadratic curvature loglikelihood coefficient : 1.0
volume resolution :                             2
eliminate vertices during search :              1
initial patch selection :                       1
select all defect vertices :                    0
ordering dependant retessellation:              0
use precomputed edge table :                    0
smooth retessellated patch :                    2
match retessellated patch :                     1
verbose mode :                                  0

*************************************************************
INFO: assuming .mgz format
writing corrected surface to 'orig.premesh'
7.3.2
  7.3.2
before topology correction, eno=-26 (nv=136590, nf=273232, ne=409848, g=14)
using quasi-homeomorphic spherical map to tessellate cortical surface...

Correction of the Topology
Finding true center and radius of Spherical Surface...done
Surface centered at (0,0,0) with radius 100.0 in 9 iterations
marking ambiguous vertices...
2503 ambiguous faces found in tessellation
segmenting defects...
12 defects found, arbitrating ambiguous regions...
analyzing neighboring defects...
12 defects to be corrected 
0 vertices coincident
reading input surface /out/sourcedata/freesurfer/sub-v2s16x51246_ses-1/surf/rh.qsphere.nofix...
reading brain volume from brain...
reading wm segmentation from wm...
Reading original properties of orig.nofix
Reading vertex positions of inflated.nofix
Computing Initial Surface Statistics
      -face       loglikelihood: -9.5161  (-4.7580)
      -vertex     loglikelihood: -6.3222  (-3.1611)
      -normal dot loglikelihood: -3.6625  (-3.6625)
      -quad curv  loglikelihood: -6.1889  (-3.0944)
      Total Loglikelihood : -25.6897
CORRECTING DEFECT 0 (vertices=7, convex hull=17, v0=43196)
After retessellation of defect 0 (v0=43196), euler #=-8 (135076,404587,269503) : difference with theory (-9) = -1 
CORRECTING DEFECT 1 (vertices=19, convex hull=60, v0=52468)
After retessellation of defect 1 (v0=52468), euler #=-7 (135085,404635,269543) : difference with theory (-8) = -1 
CORRECTING DEFECT 2 (vertices=277, convex hull=208, v0=52936)
normal vector of length zero at vertex 135238 with 3 faces
normal vector of length zero at vertex 135238 with 3 faces
normal vector of length zero at vertex 135241 with 3 faces
After retessellation of defect 2 (v0=52936), euler #=-6 (135126,404869,269737) : difference with theory (-7) = -1 
CORRECTING DEFECT 3 (vertices=27, convex hull=50, v0=60683)
After retessellation of defect 3 (v0=60683), euler #=-5 (135139,404930,269786) : difference with theory (-6) = -1 
CORRECTING DEFECT 4 (vertices=487, convex hull=401, v0=61660)
After retessellation of defect 4 (v0=61660), euler #=-4 (135314,405652,270334) : difference with theory (-5) = -1 
CORRECTING DEFECT 5 (vertices=36, convex hull=84, v0=70430)
After retessellation of defect 5 (v0=70430), euler #=-3 (135334,405749,270412) : difference with theory (-4) = -1 
CORRECTING DEFECT 6 (vertices=205, convex hull=305, v0=74339)
After retessellation of defect 6 (v0=74339), euler #=-2 (135461,406273,270810) : difference with theory (-3) = -1 
CORRECTING DEFECT 7 (vertices=20, convex hull=50, v0=80490)
After retessellation of defect 7 (v0=80490), euler #=-1 (135471,406319,270847) : difference with theory (-2) = -1 
CORRECTING DEFECT 8 (vertices=12, convex hull=24, v0=90315)
After retessellation of defect 8 (v0=90315), euler #=0 (135473,406333,270860) : difference with theory (-1) = -1 
CORRECTING DEFECT 9 (vertices=339, convex hull=74, v0=99705)
After retessellation of defect 9 (v0=99705), euler #=0 (135501,406455,270954) : difference with theory (0) = 0 
CORRECTING DEFECT 10 (vertices=31, convex hull=64, v0=125518)
After retessellation of defect 10 (v0=125518), euler #=1 (135510,406507,270998) : difference with theory (1) = 0 
CORRECTING DEFECT 11 (vertices=56, convex hull=47, v0=127568)
After retessellation of defect 11 (v0=127568), euler #=2 (135521,406557,271038) : difference with theory (2) = 0 
computing original vertex metric properties...
storing new metric properties...
computing tessellation statistics...
vertex spacing 0.89 +- 0.22 (0.08-->8.68) (max @ vno 76929 --> 82964)
face area -nan +- -nan (1000.00-->-1.00)
performing soap bubble on retessellated vertices for 0 iterations...
vertex spacing 0.89 +- 0.22 (0.08-->8.68) (max @ vno 76929 --> 82964)
face area -nan +- -nan (1000.00-->-1.00)
tessellation finished, orienting corrected surface...
34 mutations (34.7%), 64 crossovers (65.3%), 61 vertices were eliminated
building final representation...
1069 vertices and 0 faces have been removed from triangulation
after topology correction, eno=2 (nv=135521, nf=271038, ne=406557, g=0)
writing corrected surface to /out/sourcedata/freesurfer/sub-v2s16x51246_ses-1/surf/rh.orig.premesh...

0.000 % of the vertices (0 vertices) exhibit an orientation change
removing intersecting faces
000: 105 intersecting
001: 15 intersecting
terminating search with 0 intersecting
topology fixing took 1.1 minutes
FSRUNTIME@ mris_fix_topology rh  0.0189 hours 16 threads
#VMPC# mris_fix_topology VmPeak  2034056

 mris_euler_number ../surf/rh.orig.premesh 

euler # = v-e+f = 2g-2: 135521 - 406557 + 271038 = 2 --> 0 holes
      F =2V-4:          271038 = 271042-4 (0)
      2E=3F:            813114 = 813114 (0)

total defect index = 0
Wed Mar 11 13:00:30 CET 2026

setenv SUBJECTS_DIR /out/sourcedata/freesurfer
cd /out/sourcedata/freesurfer/sub-v2s16x51246_ses-1/scripts
/opt/freesurfer/bin/defect2seg --s sub-v2s16x51246_ses-1 --rh-only --cortex

freesurfer-linux-ubuntu22_x86_64-7.3.2-20220804-6354275
defect2seg 7.3.2
Linux dna043 5.14.0-427.37.1.el9_4.x86_64 #1 SMP PREEMPT_DYNAMIC Fri Sep 13 12:41:50 EDT 2024 x86_64 x86_64 x86_64 GNU/Linux
pid 785712
mri_label2label --label-cortex /out/sourcedata/freesurfer/sub-v2s16x51246_ses-1/surf/rh.orig.nofix /out/sourcedata/freesurfer/sub-v2s16x51246_ses-1/mri/aseg.presurf.mgz 0 /out/sourcedata/freesurfer/sub-v2s16x51246_ses-1/label/rh.nofix.cortex.label

 Generating cortex label... RemoveHipAmgy=0
 NucAccIsMedialWall=0
 mris->useRealRAS=0
20 non-cortical segments detected
only using segment with 7375 vertices
erasing segment 1 (vno[0] = 56168)
erasing segment 2 (vno[0] = 56383)
erasing segment 3 (vno[0] = 59047)
erasing segment 4 (vno[0] = 59065)
erasing segment 5 (vno[0] = 61725)
erasing segment 6 (vno[0] = 65387)
erasing segment 7 (vno[0] = 66737)
erasing segment 8 (vno[0] = 68019)
erasing segment 9 (vno[0] = 69294)
erasing segment 10 (vno[0] = 70497)
erasing segment 11 (vno[0] = 71884)
erasing segment 12 (vno[0] = 74235)
erasing segment 13 (vno[0] = 74287)
erasing segment 14 (vno[0] = 76545)
erasing segment 15 (vno[0] = 79760)
erasing segment 16 (vno[0] = 90316)
erasing segment 17 (vno[0] = 95889)
erasing segment 18 (vno[0] = 97768)
erasing segment 19 (vno[0] = 101569)
mri_label2vol --defects /out/sourcedata/freesurfer/sub-v2s16x51246_ses-1/surf/rh.orig.nofix /out/sourcedata/freesurfer/sub-v2s16x51246_ses-1/surf/rh.defect_labels /out/sourcedata/freesurfer/sub-v2s16x51246_ses-1/mri/orig.mgz 2000 0 /out/sourcedata/freesurfer/sub-v2s16x51246_ses-1/mri/rh.surface.defects.mgz /out/sourcedata/freesurfer/sub-v2s16x51246_ses-1/label/rh.nofix.cortex.label
mri_label2vol supposed to be reproducible but seed not set
Contraining to label /out/sourcedata/freesurfer/sub-v2s16x51246_ses-1/label/rh.nofix.cortex.label
Changing input type 0 to MRI_INT
Converting defects to volume: offset=2000, merge=0
Writing to /out/sourcedata/freesurfer/sub-v2s16x51246_ses-1/mri/rh.surface.defects.mgz
mris_defects_pointset -s /out/sourcedata/freesurfer/sub-v2s16x51246_ses-1/surf/rh.orig.nofix -d /out/sourcedata/freesurfer/sub-v2s16x51246_ses-1/surf/rh.defect_labels -o /out/sourcedata/freesurfer/sub-v2s16x51246_ses-1/surf/rh.defects.pointset --label /out/sourcedata/freesurfer/sub-v2s16x51246_ses-1/label/rh.nofix.cortex.label
Reading in surface /out/sourcedata/freesurfer/sub-v2s16x51246_ses-1/surf/rh.orig.nofix
Reading in defect segmentation /out/sourcedata/freesurfer/sub-v2s16x51246_ses-1/surf/rh.defect_labels
Reading in label /out/sourcedata/freesurfer/sub-v2s16x51246_ses-1/label/rh.nofix.cortex.label
#VMPC# mris_defects_pointset 1628576
mris_defects_pointset done
 
Started at Wed Mar 11 13:00:30 CET 2026 
Ended   at Wed Mar 11 13:00:47 CET 2026
Defect2seg-Run-Time-Sec 17
Defect2seg-Run-Time-Min 0.34
Defect2seg-Run-Time-Hours 0.00
 
tkmeditfv sub-v2s16x51246_ses-1 brain.finalsurfs.mgz -defect
defect2seg Done

 mris_remesh --remesh --iters 3 --input /out/sourcedata/freesurfer/sub-v2s16x51246_ses-1/surf/rh.orig.premesh --output /out/sourcedata/freesurfer/sub-v2s16x51246_ses-1/surf/rh.orig 

iters = 3
standard remeshing without target
   adjusted l: 0.711716
remeshing to edge length 0.711716 with 3 iterations

avg qual before   : 0.889842  after: 0.971173

Removing intersections
Remeshed surface quality stats nv0 = 135521  nv = 141383  1.04326
Area    282762  0.30328  0.03375 0.087951   0.4728
Corner  848286 60.00000  8.80500 18.806508 141.3392
Edge    424143  0.84488  0.08246 0.439810   1.2643
Hinge   424143  9.40011 10.09036 0.000001 131.8280
mris_remesh done
/out/sourcedata/freesurfer/sub-v2s16x51246_ses-1/scripts

 mris_remove_intersection ../surf/rh.orig ../surf/rh.orig 

intersection removal took 0.00 hours
writing corrected surface to ../surf/rh.orig

 rm -f ../surf/rh.inflated 

#--------------------------------------------
#@# AutoDetGWStats rh Wed Mar 11 13:01:18 CET 2026
cd /out/sourcedata/freesurfer/sub-v2s16x51246_ses-1/mri
mris_autodet_gwstats --o ../surf/autodet.gw.stats.rh.dat --i brain.finalsurfs.mgz --wm wm.mgz --surf ../surf/rh.orig.premesh
7.3.2

cd /out/sourcedata/freesurfer/sub-v2s16x51246_ses-1/mri
setenv SUBJECTS_DIR /out/sourcedata/freesurfer
mris_autodet_gwstats --o ../surf/autodet.gw.stats.rh.dat --i brain.finalsurfs.mgz --wm wm.mgz --surf ../surf/rh.orig.premesh 

border white:    249741 voxels (1.49%)
border gray      286150 voxels (1.71%)
Reading in intensity volume brain.finalsurfs.mgz
Reading in wm volume wm.mgz
Reading in surf ../surf/rh.orig.premesh
Auto detecting stats
MRIclipBrightWM(): nthresh=16923, wmmin=5, clip=110 
Binarizing thresholding at 5
computing class statistics... low=30, hi=110.000000
CCS WM (99.0): 98.6 +- 8.5 [70.0 --> 110.0]
CCS GM (71.0) : 71.2 +- 10.2 [30.0 --> 110.0]
white_mean = 98.5654 +/- 8.50937, gray_mean = 71.2144 +/- 10.2186
using class modes intead of means, discounting robust sigmas....
MRIScomputeClassModes(): min=0 max=138 nbins=139
intensity peaks found at WM=103+-5.2,    GM=68+-7.0
white_mode = 103, gray_mode = 68
std_scale = 1
Applying sanity checks, max_scale_down = 0.2
setting MIN_GRAY_AT_WHITE_BORDER to 57.8 (was 70.000000)
setting MAX_BORDER_WHITE to 111.5 (was 105.000000)
setting MIN_BORDER_WHITE to 68.0 (was 85.000000)
setting MAX_CSF to 47.6 (was 40.000000)
setting MAX_GRAY to 94.5 (was 95.000000)
setting MAX_GRAY_AT_CSF_BORDER to 57.8 (was 75.000000)
setting MIN_GRAY_AT_CSF_BORDER to 37.3 (was 40.000000)
When placing the white surface
  white_border_hi   = 111.509;
  white_border_low  = 68;
  white_outside_low = 57.7814;
  white_inside_hi   = 120;
  white_outside_hi  = 111.509;
When placing the pial surface
  pial_border_hi   = 57.7814;
  pial_border_low  = 37.3441;
  pial_outside_low = 10;
  pial_inside_hi   = 94.4906;
  pial_outside_hi  = 52.672;
#VMPC# mris_autodet_gwstats VmPeak  1464604
mris_autodet_gwstats done
#--------------------------------------------
#@# WhitePreAparc rh Wed Mar 11 13:01:21 CET 2026
cd /out/sourcedata/freesurfer/sub-v2s16x51246_ses-1/mri
mris_place_surface --adgws-in ../surf/autodet.gw.stats.rh.dat --wm wm.mgz --threads 16 --invol brain.finalsurfs.mgz --rh --i ../surf/rh.orig --o ../surf/rh.white.preaparc --white --seg aseg.presurf.mgz --nsmooth 5
7.3.2
7.3.2

cd /out/sourcedata/freesurfer/sub-v2s16x51246_ses-1/mri
setenv SUBJECTS_DIR /out/sourcedata/freesurfer
mris_place_surface --adgws-in ../surf/autodet.gw.stats.rh.dat --wm wm.mgz --threads 16 --invol brain.finalsurfs.mgz --rh --i ../surf/rh.orig --o ../surf/rh.white.preaparc --white --seg aseg.presurf.mgz --nsmooth 5 

Reading in input surface ../surf/rh.orig
Smoothing surface before ripping with 5 iterations
Area    282762  0.26845  0.06306 0.001093   0.5662
Corner  848286 60.00000  9.55263 7.723379 148.6820
Edge    424143  0.79132  0.11401 0.027608   1.3199
Hinge   424143  6.33480  6.42595 0.000002 136.8702
Not reading in aparc
Reading in input volume brain.finalsurfs.mgz
Reading in wm volume wm.mgz
MRIclipBrightWM(): nthresh=16923, wmmin=5, clip=110 
MRIfindBrightNonWM(): 9 bright non-wm voxels segmented.
Masking bright non-wm for white surface
MRImask(): AllowDiffGeom = 1
MRImask(): AllowDiffGeom = 1
Reading in seg volume aseg.presurf.mgz
Ripping frozen voxels
INFO: rip surface needed but not specified, so using input surface
Freezing midline and others
Entering: MRISripMidline(): inhibiting deformation at non-cortical midline structures...
  which=1, fix_mtl=0, using annot = 0
#FML0# MRISripMidline(): nripped=0
#FML# MRISripMidline(): nmarked=6027, nmarked2=0, nripped=6027
Ripping segs (eg, WMSA, BG, frozen)
Starting MRISripSegs() d = (-2 2 0.5) segnos: 247 
MRISripSegs(): -2 2 0.5 ripped 0
vertex 70692: xyz = (41.4664,-4.99411,26.0488) oxyz = (41.4664,-4.99411,26.0488) wxzy = (41.4664,-4.99411,26.0488) pxyz = (0,0,0) 
CBVO Creating mask 141383
n_averages 4
Iteration 0 =========================================
n_averages=4, current_sigma=2
Freezing midline and others
Ripping frozen voxels
INFO: rip surface needed but not specified, so using input surface
Freezing midline and others
Entering: MRISripMidline(): inhibiting deformation at non-cortical midline structures...
  which=1, fix_mtl=0, using annot = 0
#FML0# MRISripMidline(): nripped=6027
#FML# MRISripMidline(): nmarked=6027, nmarked2=0, nripped=6027
Ripping segs (eg, WMSA, BG, frozen)
Starting MRISripSegs() d = (-2 2 0.5) segnos: 247 247 
MRISripSegs(): -2 2 0.5 ripped 0
Computing target border values 
Entering MRIScomputeBorderValues_new(): 
  inside_hi   = 120.0000000;
  border_hi   = 111.5093690;
  border_low  =  68.0000000;
  outside_low =  57.7813610;
  outside_hi  = 111.5093690;
  sigma = 2;
  max_thickness = 10;
  step_size=0.5;
  STEP_SIZE=0.1;
  which = 1
  thresh = 0
  flags = 0
  CBVfindFirstPeakD1=0
  CBVfindFirstPeakD2=0
  nvertices=141383
  Gdiag_no=-1
  vno start=0, stop=141383
Replacing 255s with 0s
#SI# sigma=2 had to be increased for 64 vertices, nripped=6027
mean border=79.9, 247 (247) missing vertices, mean dist 0.3 [0.5 (%37.4)->0.8 (%62.6))]
%65 local maxima, %30 large gradients and % 0 min vals, 0 gradients ignored
nFirstPeakD1 0
MRIScomputeBorderValues_new() finished in 0.0144 min


Finding expansion regions
mean absolute distance = 0.68 +- 0.83
4694 vertices more than 2 sigmas from mean.
Averaging target values for 5 iterations...
Positioning Surface: tspring = 0.3, nspring = 0.3, spring = 0, niters = 100 l_repulse = 5, l_surf_repulse = 0, checktol = 0
Positioning pial surface
Entering MRISpositionSurface()
  max_mm = 0.3
  MAX_REDUCTIONS = 2, REDUCTION_PCT = 0.5
  parms->check_tol = 0, niterations = 100
tol=1.0e-04, sigma=2.0, host=dna04, nav=4, nbrs=2, l_repulse=5.000, l_tspring=0.300, l_nspring=0.300, l_intensity=0.200, l_curv=1.000
mom=0.00, dt=0.50
complete_dist_mat 0
rms 0
smooth_averages 0
remove_neg 0
ico_order 0
which_surface 0
target_radius 0.000000
nfields 0
scale 0.000000
desired_rms_height 0.000000
momentum 0.000000
nbhd_size 0
max_nbrs 0
niterations 100
nsurfaces 0
SURFACES 3
flags 0 (0)
use curv 0
no sulc 0
no rigid align 0
mris->nsize 2
mris->hemisphere 1
randomSeed 0

000: dt: 0.0000, sse=3272718.5, rms=10.739
001: dt: 0.5000, sse=1723906.0, rms=7.626 (28.991%)
002: dt: 0.5000, sse=1068619.8, rms=5.824 (23.625%)
003: dt: 0.5000, sse=763715.1, rms=4.744 (18.545%)
004: dt: 0.5000, sse=600846.9, rms=4.059 (14.445%)
005: dt: 0.5000, sse=518066.8, rms=3.659 (9.860%)
006: dt: 0.5000, sse=474571.1, rms=3.426 (6.362%)
007: dt: 0.5000, sse=456920.4, rms=3.309 (3.409%)
008: dt: 0.5000, sse=451386.3, rms=3.236 (2.203%)
rms = 3.2060/3.2361, sse=444132.9/451386.3, time step reduction 1 of 3 to 0.250  0 0 1
009: dt: 0.5000, sse=444132.9, rms=3.206 (0.931%)
010: dt: 0.2500, sse=250469.1, rms=1.761 (45.084%)
011: dt: 0.2500, sse=221506.4, rms=1.435 (18.486%)
012: dt: 0.2500, sse=215721.2, rms=1.338 (6.750%)
013: dt: 0.2500, sse=213833.8, rms=1.283 (4.121%)
rms = 1.2548/1.2831, sse=207597.9/213833.8, time step reduction 2 of 3 to 0.125  0 0 1
014: dt: 0.2500, sse=207597.9, rms=1.255 (2.209%)
rms = 1.2081/1.2548, sse=203930.2/207597.9, time step reduction 3 of 3 to 0.062  0 0 1
015: dt: 0.1250, sse=203930.2, rms=1.208 (3.719%)
  maximum number of reductions reached, breaking from loop
positioning took 1.4 minutes
Iteration 1 =========================================
n_averages=2, current_sigma=1
Freezing midline and others
Ripping frozen voxels
INFO: rip surface needed but not specified, so using input surface
Freezing midline and others
Entering: MRISripMidline(): inhibiting deformation at non-cortical midline structures...
  which=1, fix_mtl=0, using annot = 0
#FML0# MRISripMidline(): nripped=6027
removing 3 vertices from ripped group in thread:0
#FML# MRISripMidline(): nmarked=6166, nmarked2=0, nripped=6166
Ripping segs (eg, WMSA, BG, frozen)
Starting MRISripSegs() d = (-2 2 0.5) segnos: 247 247 247 
MRISripSegs(): -2 2 0.5 ripped 0
Computing target border values 
Entering MRIScomputeBorderValues_new(): 
  inside_hi   = 120.0000000;
  border_hi   = 111.5093690;
  border_low  =  68.0000000;
  outside_low =  57.7813610;
  outside_hi  = 111.5093690;
  sigma = 1;
  max_thickness = 10;
  step_size=0.5;
  STEP_SIZE=0.1;
  which = 1
  thresh = 0
  flags = 0
  CBVfindFirstPeakD1=0
  CBVfindFirstPeakD2=0
  nvertices=141383
  Gdiag_no=-1
  vno start=0, stop=141383
Replacing 255s with 0s
#SI# sigma=1 had to be increased for 122 vertices, nripped=6166
mean border=82.8, 160 (74) missing vertices, mean dist -0.2 [0.3 (%75.4)->0.3 (%24.6))]
%74 local maxima, %22 large gradients and % 0 min vals, 0 gradients ignored
nFirstPeakD1 0
MRIScomputeBorderValues_new() finished in 0.0101 min


Finding expansion regions
mean absolute distance = 0.32 +- 0.57
2172 vertices more than 2 sigmas from mean.
Averaging target values for 5 iterations...
Positioning Surface: tspring = 0.3, nspring = 0.3, spring = 0, niters = 100 l_repulse = 5, l_surf_repulse = 0, checktol = 0
Positioning pial surface
Entering MRISpositionSurface()
  max_mm = 0.3
  MAX_REDUCTIONS = 2, REDUCTION_PCT = 0.5
  parms->check_tol = 0, niterations = 100
tol=1.0e-04, sigma=1.0, host=dna04, nav=2, nbrs=2, l_repulse=5.000, l_tspring=0.300, l_nspring=0.300, l_intensity=0.200, l_curv=1.000
mom=0.00, dt=0.50
000: dt: 0.0000, sse=760625.8, rms=4.494
016: dt: 0.5000, sse=430681.2, rms=2.812 (37.430%)
rms = 2.8315/2.8119, sse=435403.4/430681.2, time step reduction 1 of 3 to 0.250  0 1 1
   RMS increased, rejecting step
017: dt: 0.2500, sse=330998.8, rms=2.068 (26.445%)
018: dt: 0.2500, sse=275217.1, rms=1.474 (28.747%)
019: dt: 0.2500, sse=256230.9, rms=1.217 (17.434%)
020: dt: 0.2500, sse=250004.1, rms=1.110 (8.783%)
rms = 1.0587/1.1099, sse=252576.2/250004.1, time step reduction 2 of 3 to 0.125  0 1 0
021: dt: 0.2500, sse=252576.2, rms=1.059 (4.617%)
rms = 1.0199/1.0587, sse=246228.0/252576.2, time step reduction 3 of 3 to 0.062  0 0 1
022: dt: 0.1250, sse=246228.0, rms=1.020 (3.659%)
  maximum number of reductions reached, breaking from loop
positioning took 0.7 minutes
Iteration 2 =========================================
n_averages=1, current_sigma=0.5
Freezing midline and others
Ripping frozen voxels
INFO: rip surface needed but not specified, so using input surface
Freezing midline and others
Entering: MRISripMidline(): inhibiting deformation at non-cortical midline structures...
  which=1, fix_mtl=0, using annot = 0
#FML0# MRISripMidline(): nripped=6166
removing 3 vertices from ripped group in thread:0
removing 4 vertices from ripped group in thread:0
removing 3 vertices from ripped group in thread:0
removing 2 vertices from ripped group in thread:0
removing 4 vertices from ripped group in thread:0
removing 2 vertices from ripped group in thread:0
#FML# MRISripMidline(): nmarked=6219, nmarked2=0, nripped=6219
Ripping segs (eg, WMSA, BG, frozen)
Starting MRISripSegs() d = (-2 2 0.5) segnos: 247 247 247 247 
MRISripSegs(): -2 2 0.5 ripped 0
Computing target border values 
Entering MRIScomputeBorderValues_new(): 
  inside_hi   = 120.0000000;
  border_hi   = 111.5093690;
  border_low  =  68.0000000;
  outside_low =  57.7813610;
  outside_hi  = 111.5093690;
  sigma = 0.5;
  max_thickness = 10;
  step_size=0.5;
  STEP_SIZE=0.1;
  which = 1
  thresh = 0
  flags = 0
  CBVfindFirstPeakD1=0
  CBVfindFirstPeakD2=0
  nvertices=141383
  Gdiag_no=-1
  vno start=0, stop=141383
Replacing 255s with 0s
#SI# sigma=0.5 had to be increased for 103 vertices, nripped=6219
mean border=85.0, 187 (60) missing vertices, mean dist -0.1 [0.2 (%72.9)->0.2 (%27.1))]
%83 local maxima, %13 large gradients and % 0 min vals, 0 gradients ignored
nFirstPeakD1 0
MRIScomputeBorderValues_new() finished in 0.0059 min


Finding expansion regions
mean absolute distance = 0.23 +- 0.40
2918 vertices more than 2 sigmas from mean.
Averaging target values for 5 iterations...
Positioning Surface: tspring = 0.3, nspring = 0.3, spring = 0, niters = 100 l_repulse = 5, l_surf_repulse = 0, checktol = 0
Positioning pial surface
Entering MRISpositionSurface()
  max_mm = 0.3
  MAX_REDUCTIONS = 2, REDUCTION_PCT = 0.5
  parms->check_tol = 0, niterations = 100
tol=1.0e-04, sigma=0.5, host=dna04, nav=1, nbrs=2, l_repulse=5.000, l_tspring=0.300, l_nspring=0.300, l_intensity=0.200, l_curv=1.000
mom=0.00, dt=0.50
000: dt: 0.0000, sse=478287.1, rms=3.118
023: dt: 0.5000, sse=384196.2, rms=2.486 (20.281%)
rms = 2.7494/2.4859, sse=419527.8/384196.2, time step reduction 1 of 3 to 0.250  0 1 1
   RMS increased, rejecting step
024: dt: 0.2500, sse=284307.3, rms=1.586 (36.192%)
025: dt: 0.2500, sse=250615.0, rms=1.110 (29.993%)
026: dt: 0.2500, sse=240370.5, rms=0.974 (12.286%)
rms = 0.9464/0.9740, sse=240732.0/240370.5, time step reduction 2 of 3 to 0.125  0 1 1
027: dt: 0.2500, sse=240732.0, rms=0.946 (2.837%)
rms = 0.9063/0.9464, sse=235769.2/240732.0, time step reduction 3 of 3 to 0.062  0 0 1
028: dt: 0.1250, sse=235769.2, rms=0.906 (4.231%)
  maximum number of reductions reached, breaking from loop
positioning took 0.6 minutes
Iteration 3 =========================================
n_averages=0, current_sigma=0.25
Freezing midline and others
Ripping frozen voxels
INFO: rip surface needed but not specified, so using input surface
Freezing midline and others
Entering: MRISripMidline(): inhibiting deformation at non-cortical midline structures...
  which=1, fix_mtl=0, using annot = 0
#FML0# MRISripMidline(): nripped=6219
removing 3 vertices from ripped group in thread:0
removing 4 vertices from ripped group in thread:0
removing 3 vertices from ripped group in thread:0
removing 2 vertices from ripped group in thread:0
removing 2 vertices from ripped group in thread:0
#FML# MRISripMidline(): nmarked=6277, nmarked2=0, nripped=6277
Ripping segs (eg, WMSA, BG, frozen)
Starting MRISripSegs() d = (-2 2 0.5) segnos: 247 247 247 247 247 
MRISripSegs(): -2 2 0.5 ripped 0
Computing target border values 
Entering MRIScomputeBorderValues_new(): 
  inside_hi   = 120.0000000;
  border_hi   = 111.5093690;
  border_low  =  68.0000000;
  outside_low =  57.7813610;
  outside_hi  = 111.5093690;
  sigma = 0.25;
  max_thickness = 10;
  step_size=0.5;
  STEP_SIZE=0.1;
  which = 1
  thresh = 0
  flags = 0
  CBVfindFirstPeakD1=0
  CBVfindFirstPeakD2=0
  nvertices=141383
  Gdiag_no=-1
  vno start=0, stop=141383
Replacing 255s with 0s
#SI# sigma=0.25 had to be increased for 102 vertices, nripped=6277
mean border=85.8, 218 (56) missing vertices, mean dist -0.0 [0.2 (%58.1)->0.2 (%41.9))]
%86 local maxima, %10 large gradients and % 0 min vals, 0 gradients ignored
nFirstPeakD1 0
MRIScomputeBorderValues_new() finished in 0.0038 min


Finding expansion regions
mean absolute distance = 0.19 +- 0.32
2994 vertices more than 2 sigmas from mean.
Averaging target values for 5 iterations...
Positioning Surface: tspring = 0.3, nspring = 0.3, spring = 0, niters = 100 l_repulse = 5, l_surf_repulse = 0, checktol = 0
Positioning pial surface
Entering MRISpositionSurface()
  max_mm = 0.3
  MAX_REDUCTIONS = 2, REDUCTION_PCT = 0.5
  parms->check_tol = 0, niterations = 100
tol=1.0e-04, sigma=0.2, host=dna04, nav=0, nbrs=2, l_repulse=5.000, l_tspring=0.300, l_nspring=0.300, l_intensity=0.200, l_curv=1.000
mom=0.00, dt=0.50
000: dt: 0.0000, sse=265341.2, rms=1.419
rms = 1.5829/1.4188, sse=282278.9/265341.1, time step reduction 1 of 3 to 0.250  0 1 1
   RMS increased, rejecting step
029: dt: 0.2500, sse=234793.0, rms=0.939 (33.835%)
030: dt: 0.2500, sse=228008.6, rms=0.688 (26.726%)
rms = 0.6962/0.6879, sse=229623.0/228008.6, time step reduction 2 of 3 to 0.125  0 1 1
   RMS increased, rejecting step
rms = 0.6830/0.6879, sse=227623.4/228008.6, time step reduction 3 of 3 to 0.062  0 0 1
031: dt: 0.1250, sse=227623.4, rms=0.683 (0.711%)
  maximum number of reductions reached, breaking from loop
positioning took 0.4 minutes


Writing output to ../surf/rh.white.preaparc
#ET# mris_place_surface  3.10 minutes
#VMPC# mris_place_surfaces VmPeak  3182120
mris_place_surface done
#--------------------------------------------
#@# CortexLabel rh Wed Mar 11 13:04:33 CET 2026
cd /out/sourcedata/freesurfer/sub-v2s16x51246_ses-1/mri
mri_label2label --label-cortex ../surf/rh.white.preaparc aseg.presurf.mgz 0 ../label/rh.cortex.label

 Generating cortex label... RemoveHipAmgy=0
 NucAccIsMedialWall=0
 mris->useRealRAS=0
8 non-cortical segments detected
only using segment with 8041 vertices
erasing segment 1 (vno[0] = 51435)
erasing segment 2 (vno[0] = 52466)
erasing segment 3 (vno[0] = 60906)
erasing segment 4 (vno[0] = 67550)
erasing segment 5 (vno[0] = 69598)
erasing segment 6 (vno[0] = 76821)
erasing segment 7 (vno[0] = 127497)
#--------------------------------------------
#@# CortexLabel+HipAmyg rh Wed Mar 11 13:04:49 CET 2026
cd /out/sourcedata/freesurfer/sub-v2s16x51246_ses-1/mri
mri_label2label --label-cortex ../surf/rh.white.preaparc aseg.presurf.mgz 1 ../label/rh.cortex+hipamyg.label

 Generating cortex label... RemoveHipAmgy=1
 NucAccIsMedialWall=0
 mris->useRealRAS=0
7 non-cortical segments detected
only using segment with 5585 vertices
erasing segment 1 (vno[0] = 46049)
erasing segment 2 (vno[0] = 67550)
erasing segment 3 (vno[0] = 69598)
erasing segment 4 (vno[0] = 82974)
erasing segment 5 (vno[0] = 116527)
erasing segment 6 (vno[0] = 127497)
#--------------------------------------------
#@# Smooth2 rh Wed Mar 11 13:05:05 CET 2026
/out/sourcedata/freesurfer/sub-v2s16x51246_ses-1/scripts

 mris_smooth -n 3 -nw -seed 1234 ../surf/rh.white.preaparc ../surf/rh.smoothwm 

smoothing for 3 iterations
setting seed for random number generator to 1234
smoothing surface tessellation for 3 iterations...
smoothing complete - recomputing first and second fundamental forms...
#--------------------------------------------
#@# Inflation2 rh Wed Mar 11 13:05:08 CET 2026
/out/sourcedata/freesurfer/sub-v2s16x51246_ses-1/scripts

 mris_inflate ../surf/rh.smoothwm ../surf/rh.inflated 

Reading ../surf/rh.smoothwm
avg radius = 46.6 mm, total surface area = 88496 mm^2
step 000: RMS=0.170 (target=0.015)   step 005: RMS=0.114 (target=0.015)   step 010: RMS=0.085 (target=0.015)   step 015: RMS=0.071 (target=0.015)   step 020: RMS=0.059 (target=0.015)   step 025: RMS=0.048 (target=0.015)   step 030: RMS=0.040 (target=0.015)   step 035: RMS=0.033 (target=0.015)   step 040: RMS=0.028 (target=0.015)   step 045: RMS=0.024 (target=0.015)   step 050: RMS=0.022 (target=0.015)   step 055: RMS=0.020 (target=0.015)   step 060: RMS=0.018 (target=0.015)   writing inflated surface to ../surf/rh.inflated
writing sulcal depths to ../surf/rh.sulc

inflation complete.
inflation took 0.2 minutes
mris_inflate utimesec    58.837016
mris_inflate stimesec    1.991776
mris_inflate ru_maxrss   218448
mris_inflate ru_ixrss    0
mris_inflate ru_idrss    0
mris_inflate ru_isrss    0
mris_inflate ru_minflt   579549
mris_inflate ru_majflt   20
mris_inflate ru_nswap    0
mris_inflate ru_inblock  0
mris_inflate ru_oublock  11064
mris_inflate ru_msgsnd   0
mris_inflate ru_msgrcv   0
mris_inflate ru_nsignals 0
mris_inflate ru_nvcsw    13651
mris_inflate ru_nivcsw   269
#--------------------------------------------
#@# Curv .H and .K rh Wed Mar 11 13:05:22 CET 2026
/out/sourcedata/freesurfer/sub-v2s16x51246_ses-1/surf

 mris_curvature -w -seed 1234 rh.white.preaparc 

setting seed for random number generator to 1234
total integrated curvature = 17.877*4pi (224.650) --> -17 handles
ICI = 133.4, FI = 1455.0, variation=22445.226
writing Gaussian curvature to ./rh.white.preaparc.K...done.
writing mean curvature to ./rh.white.preaparc.H...done.
rm -f rh.white.H
ln -s rh.white.preaparc.H rh.white.H
rm -f rh.white.K
ln -s rh.white.preaparc.K rh.white.K

 mris_curvature -seed 1234 -thresh .999 -n -a 5 -w -distances 10 10 rh.inflated 

setting seed for random number generator to 1234
normalizing curvature values.
averaging curvature patterns 5 times.
sampling 10 neighbors out to a distance of 10 mm
253 vertices thresholded to be in k1 ~ [-0.22 0.29], k2 ~ [-0.10 0.04]
total integrated curvature = 0.594*4pi (7.459) --> 0 handles
ICI = 1.5, FI = 9.9, variation=167.830
131 vertices thresholded to be in [-0.01 0.02]
writing Gaussian curvature to ./rh.inflated.K...thresholding curvature at 99.90% level
curvature mean = 0.000, std = 0.001
158 vertices thresholded to be in [-0.14 0.15]
done.
writing mean curvature to ./rh.inflated.H...curvature mean = -0.016, std = 0.022
done.
#--------------------------------------------
#@# Sphere rh Wed Mar 11 13:06:09 CET 2026
/out/sourcedata/freesurfer/sub-v2s16x51246_ses-1/scripts

 mris_sphere -seed 1234 ../surf/rh.inflated ../surf/rh.sphere 

setting seed for random number genererator to 1234
version: 7.3.2
available threads: 16
reading original vertex positions...
projecting onto sphere...
surface projected - minimizing metric distortion...
scaling brain by 0.273...
MRISunfold() max_passes = 1 -------
tol=5.0e-01, sigma=0.0, host=dna04, nav=1024, nbrs=2, l_area=1.000, l_dist=1.000
using quadratic fit line minimization
complete_dist_mat 0
rms 0
smooth_averages 0
remove_neg 0
ico_order 0
which_surface 0
target_radius 0.000000
nfields 0
scale 1.000000
desired_rms_height -1.000000
momentum 0.900000
nbhd_size 7
max_nbrs 8
niterations 25
nsurfaces 0
SURFACES 3
flags 0 (0)
use curv 0
no sulc 0
no rigid align 0
mris->nsize 2
mris->hemisphere 1
randomSeed 1234

singular matrix in quadratic form
singular matrix in quadratic form
singular matrix in quadratic form
singular matrix in quadratic form
singular matrix in quadratic form
singular matrix in quadratic form
singular matrix in quadratic form
singular matrix in quadratic form
singular matrix in quadratic form
singular matrix in quadratic form
singular matrix in quadratic form
singular matrix in quadratic form
singular matrix in quadratic form
singular matrix in quadratic form
--------------------
  mrisRemoveNegativeArea()
pass 1: epoch 1 of 3 starting distance error %19.63
pass 1: epoch 2 of 3 starting distance error %19.61
unfolding complete - removing small folds...
starting distance error %19.58
removing remaining folds...
final distance error %19.58
MRISunfold() return, current seed 1234
-01: dt=0.0000, 102 negative triangles  VmPeak 1605060
097: dt=0.9900, 102 negative triangles
098: dt=0.9900,  22 negative triangles
099: dt=0.9900,  13 negative triangles
100: dt=0.9900,  12 negative triangles
101: dt=0.9900,   6 negative triangles
102: dt=0.9900,   6 negative triangles
103: dt=0.9900,   8 negative triangles
104: dt=0.9900,   6 negative triangles
105: dt=0.9900,   5 negative triangles
106: dt=0.9900,   5 negative triangles
107: dt=0.9900,   6 negative triangles
108: dt=0.9900,   5 negative triangles
109: dt=0.9900,   5 negative triangles
110: dt=0.9900,   5 negative triangles
111: dt=0.9900,   6 negative triangles
112: dt=0.9900,   5 negative triangles
113: dt=0.9900,   5 negative triangles
114: dt=0.9900,   4 negative triangles
115: dt=0.9900,   4 negative triangles
116: dt=0.9900,   5 negative triangles
117: dt=0.9900,   4 negative triangles
118: dt=0.9900,   2 negative triangles
119: dt=0.9900,   1 negative triangles
writing spherical brain to ../surf/rh.sphere
spherical transformation took 0.0336 hours
FSRUNTIME@ mris_sphere  0.0336 hours 16 threads
#VMPC# mris_sphere VmPeak  1605060
mris_sphere done
#--------------------------------------------
#@# Surf Reg rh Wed Mar 11 13:08:10 CET 2026
/out/sourcedata/freesurfer/sub-v2s16x51246_ses-1/scripts

 mris_register -curv ../surf/rh.sphere /opt/freesurfer/average/rh.folding.atlas.acfb40.noaparc.i12.2016-08-02.tif ../surf/rh.sphere.reg 

using smoothwm curvature for final alignment

cwd /out/sourcedata/freesurfer/sub-v2s16x51246_ses-1/scripts
cmdline mris_register -curv ../surf/rh.sphere /opt/freesurfer/average/rh.folding.atlas.acfb40.noaparc.i12.2016-08-02.tif ../surf/rh.sphere.reg 

0 inflated.H
1 sulc
2 smoothwm (computed)
7.3.2
  7.3.2
reading surface from ../surf/rh.sphere...
reading template parameterization from /opt/freesurfer/average/rh.folding.atlas.acfb40.noaparc.i12.2016-08-02.tif...
MRISregister() -------
max_passes = 4 
min_degrees = 0.500000 
max_degrees = 64.000000 
nangles = 8 
tol=5.0e-01, sigma=0.0, host=dna04, nav=1024, nbrs=1, l_extern=10000.000, l_parea=0.200, l_nlarea=1.000, l_corr=1.000, l_dist=5.000
using quadratic fit line minimization
complete_dist_mat 0
rms 0
smooth_averages 0
remove_neg 0
ico_order 0
which_surface 0
target_radius 0.000000
nfields 0
scale 0.000000
desired_rms_height -1.000000
momentum 0.950000
nbhd_size -10
max_nbrs 10
niterations 25
nsurfaces 0
SURFACES 3
flags 16 (10)
use curv 16
no sulc 0
no rigid align 0
mris->nsize 1
mris->hemisphere 1
randomSeed 0

tol=5.0e-01, sigma=0.0, host=dna04, nav=1024, nbrs=1, l_extern=10000.000, l_parea=0.200, l_nlarea=1.000, l_corr=1.000, l_dist=5.000
using quadratic fit line minimization
--------------------
1 Reading rh.sulc
tol=1.0e+00, sigma=0.5, host=dna04, nav=1024, nbrs=1, l_extern=10000.000, l_parea=0.200, l_nlarea=1.000, l_corr=0.050, l_spring=0.500, l_dist=5.000
using quadratic fit line minimization
curvature mean = 0.000, std = 5.777
curvature mean = 0.031, std = 0.805
curvature mean = 0.012, std = 0.862
Starting MRISrigidBodyAlignGlobal()
Starting new MRISrigidBodyAlignGlobal_findMinSSE()
  new MRISrigidBodyAlignGlobal_findMinSSE min @ (0.50, -3.00, 13.00) sse = 294164.6, elapsed since starting=0.1193 min
MRISrigidBodyAlignGlobal() done   0.12 min
curvature mean = 0.007, std = 0.821
curvature mean = 0.006, std = 0.949
curvature mean = 0.004, std = 0.829
curvature mean = 0.003, std = 0.980
curvature mean = 0.003, std = 0.832
curvature mean = 0.000, std = 0.993
2 Reading smoothwm
curvature mean = -0.019, std = 0.266
curvature mean = 0.036, std = 0.240
curvature mean = 0.057, std = 0.365
curvature mean = 0.032, std = 0.298
curvature mean = 0.030, std = 0.564
curvature mean = 0.032, std = 0.324
curvature mean = 0.016, std = 0.704
curvature mean = 0.032, std = 0.335
curvature mean = 0.005, std = 0.808
MRISregister() return, current seed 0
-01: dt=0.0000,   7 negative triangles  VmPeak 1674296
108: dt=0.9900,   7 negative triangles
109: dt=0.9900,   5 negative triangles
110: dt=0.9900,  10 negative triangles
111: dt=0.9900,   5 negative triangles
112: dt=0.9900,   9 negative triangles
113: dt=0.9900,   4 negative triangles
114: dt=0.9900,   7 negative triangles
115: dt=0.9900,   4 negative triangles
116: dt=0.9900,   6 negative triangles
117: dt=0.9900,   2 negative triangles
118: dt=0.9900,   6 negative triangles
119: dt=0.9900,   2 negative triangles
120: dt=0.9900,   4 negative triangles
121: dt=0.9900,   2 negative triangles
122: dt=0.9900,   2 negative triangles
123: dt=0.9900,   3 negative triangles
124: dt=0.9900,   2 negative triangles
125: dt=0.9900,   1 negative triangles
126: dt=0.9900,   1 negative triangles
127: dt=0.9900,   1 negative triangles
writing registered surface to ../surf/rh.sphere.reg...
registration took 0.07 hours
#VMPC# mris_register VmPeak  1674296
FSRUNTIME@ mris_register  0.0701 hours 16 threads

 ln -sf rh.sphere.reg rh.fsaverage.sphere.reg 

#--------------------------------------------
#@# Jacobian white rh Wed Mar 11 13:12:22 CET 2026
/out/sourcedata/freesurfer/sub-v2s16x51246_ses-1/scripts

 mris_jacobian ../surf/rh.white.preaparc ../surf/rh.sphere.reg ../surf/rh.jacobian_white 

reading surface from ../surf/rh.white.preaparc...
writing curvature file ../surf/rh.jacobian_white
#--------------------------------------------
#@# AvgCurv rh Wed Mar 11 13:12:23 CET 2026
/out/sourcedata/freesurfer/sub-v2s16x51246_ses-1/scripts

 mrisp_paint -a 5 /opt/freesurfer/average/rh.folding.atlas.acfb40.noaparc.i12.2016-08-02.tif#6 ../surf/rh.sphere.reg ../surf/rh.avg_curv 

averaging curvature patterns 5 times...
reading surface from ../surf/rh.sphere.reg...
reading template parameterization from /opt/freesurfer/average/rh.folding.atlas.acfb40.noaparc.i12.2016-08-02.tif...
writing curvature file to ../surf/rh.avg_curv...
#-----------------------------------------
#@# Cortical Parc rh Wed Mar 11 13:12:24 CET 2026
/out/sourcedata/freesurfer/sub-v2s16x51246_ses-1/scripts

 mris_ca_label -l ../label/rh.cortex.label -aseg ../mri/aseg.presurf.mgz -seed 1234 sub-v2s16x51246_ses-1 rh ../surf/rh.sphere.reg /opt/freesurfer/average/rh.DKaparc.atlas.acfb40.noaparc.i12.2016-08-02.gcs ../label/rh.aparc.annot 

setting seed for random number generator to 1234
using ../mri/aseg.presurf.mgz aseg volume to correct midline
7.3.2
  7.3.2
reading atlas from /opt/freesurfer/average/rh.DKaparc.atlas.acfb40.noaparc.i12.2016-08-02.gcs...
reading color table from GCSA file....
average std = 0.7   using min determinant for regularization = 0.004
0 singular and 309 ill-conditioned covariance matrices regularized
input 0: MEAN CURVATURE, flags 0, avgs 5, name mean_curvature
labeling surface...
1069 labels changed using aseg
relabeling using gibbs priors...
000:   2820 changed, 141383 examined...
001:    627 changed, 12239 examined...
002:    130 changed, 3581 examined...
003:     38 changed, 805 examined...
004:     14 changed, 237 examined...
005:      8 changed, 88 examined...
006:      4 changed, 51 examined...
007:      4 changed, 30 examined...
008:      2 changed, 16 examined...
009:      2 changed, 11 examined...
010:      1 changed, 13 examined...
011:      0 changed, 7 examined...
123 labels changed using aseg
000: 82 total segments, 44 labels (195 vertices) changed
001: 38 total segments, 0 labels (0 vertices) changed
9 filter iterations complete (10 requested, 0 changed)
rationalizing unknown annotations with cortex label
relabeling unknown label...
relabeling corpuscallosum label...
1396 vertices marked for relabeling...
1396 labels changed in reclassification.
writing output to ../label/rh.aparc.annot...
classification took 0 minutes and 9 seconds.
#--------------------------------------------
#@# WhiteSurfs rh Wed Mar 11 13:12:33 CET 2026
cd /out/sourcedata/freesurfer/sub-v2s16x51246_ses-1/mri
mris_place_surface --adgws-in ../surf/autodet.gw.stats.rh.dat --seg aseg.presurf.mgz --threads 16 --wm wm.mgz --invol brain.finalsurfs.mgz --rh --i ../surf/rh.white.preaparc --o ../surf/rh.white --white --nsmooth 0 --rip-label ../label/rh.cortex.label --rip-bg --rip-surf ../surf/rh.white.preaparc --aparc ../label/rh.aparc.annot
7.3.2
7.3.2

cd /out/sourcedata/freesurfer/sub-v2s16x51246_ses-1/mri
setenv SUBJECTS_DIR /out/sourcedata/freesurfer
mris_place_surface --adgws-in ../surf/autodet.gw.stats.rh.dat --seg aseg.presurf.mgz --threads 16 --wm wm.mgz --invol brain.finalsurfs.mgz --rh --i ../surf/rh.white.preaparc --o ../surf/rh.white --white --nsmooth 0 --rip-label ../label/rh.cortex.label --rip-bg --rip-surf ../surf/rh.white.preaparc --aparc ../label/rh.aparc.annot 

Reading in input surface ../surf/rh.white.preaparc
Not smoothing input surface
Area    282762  0.34223  0.12186 0.001093   1.9309
Corner  848286 60.00000 14.04284 0.300941 178.2619
Edge    424143  0.89968  0.20058 0.021744   3.7577
Hinge   424143  9.35191 10.75553 0.000009 179.9854
Reading in aparc ../label/rh.aparc.annot
Reading in input volume brain.finalsurfs.mgz
Reading in wm volume wm.mgz
MRIclipBrightWM(): nthresh=16923, wmmin=5, clip=110 
MRIfindBrightNonWM(): 9 bright non-wm voxels segmented.
Masking bright non-wm for white surface
MRImask(): AllowDiffGeom = 1
MRImask(): AllowDiffGeom = 1
Reading in seg volume aseg.presurf.mgz
Ripping frozen voxels
Ripping vertices not in label ../label/rh.cortex.label
MRISripNotLabel() ripped 8331/141383 vertices (133052 unripped)
Reading in ripping surface ../surf/rh.white.preaparc
Reading in aparc ../label/rh.aparc.annot for ripsurf
Ripping BG
MRISripBasalGanglia(): 1 -2 2 0.5 ripped 303
Ripping segs (eg, WMSA, BG, frozen)
Starting MRISripSegs() d = (-2 2 0.5) segnos: 247 
MRISripSegs(): -2 2 0.5 ripped 0
vertex 70692: xyz = (41.2913,-4.64361,25.2424) oxyz = (41.2913,-4.64361,25.2424) wxzy = (41.2913,-4.64361,25.2424) pxyz = (0,0,0) 
CBVO Creating mask 141383
n_averages 4
Iteration 0 =========================================
n_averages=4, current_sigma=2
Computing target border values 
Entering MRIScomputeBorderValues_new(): 
  inside_hi   = 120.0000000;
  border_hi   = 111.5093690;
  border_low  =  68.0000000;
  outside_low =  57.7813610;
  outside_hi  = 111.5093690;
  sigma = 2;
  max_thickness = 10;
  step_size=0.5;
  STEP_SIZE=0.1;
  which = 1
  thresh = 0
  flags = 0
  CBVfindFirstPeakD1=0
  CBVfindFirstPeakD2=0
  nvertices=141383
  Gdiag_no=-1
  vno start=0, stop=141383
Replacing 255s with 0s
#SI# sigma=2 had to be increased for 180 vertices, nripped=8634
mean border=79.5, 191 (191) missing vertices, mean dist 0.3 [0.9 (%12.3)->0.5 (%87.7))]
%60 local maxima, %34 large gradients and % 0 min vals, 0 gradients ignored
nFirstPeakD1 0
MRIScomputeBorderValues_new() finished in 0.0135 min


Finding expansion regions
mean absolute distance = 0.55 +- 0.82
2446 vertices more than 2 sigmas from mean.
Averaging target values for 5 iterations...
Positioning Surface: tspring = 0.3, nspring = 0.3, spring = 0, niters = 100 l_repulse = 5, l_surf_repulse = 0, checktol = 0
Positioning pial surface
Entering MRISpositionSurface()
  max_mm = 0.3
  MAX_REDUCTIONS = 2, REDUCTION_PCT = 0.5
  parms->check_tol = 0, niterations = 100
tol=1.0e-04, sigma=2.0, host=dna04, nav=4, nbrs=2, l_repulse=5.000, l_tspring=0.300, l_nspring=0.300, l_intensity=0.200, l_curv=1.000
mom=0.00, dt=0.50
complete_dist_mat 0
rms 0
smooth_averages 0
remove_neg 0
ico_order 0
which_surface 0
target_radius 0.000000
nfields 0
scale 0.000000
desired_rms_height 0.000000
momentum 0.000000
nbhd_size 0
max_nbrs 0
niterations 100
nsurfaces 0
SURFACES 3
flags 0 (0)
use curv 0
no sulc 0
no rigid align 0
mris->nsize 2
mris->hemisphere 1
randomSeed 0

000: dt: 0.0000, sse=1858834.4, rms=7.893
001: dt: 0.5000, sse=731910.8, rms=4.456 (43.540%)
002: dt: 0.5000, sse=483274.5, rms=3.230 (27.521%)
003: dt: 0.5000, sse=440972.6, rms=2.987 (7.517%)
004: dt: 0.5000, sse=418255.9, rms=2.839 (4.947%)
rms = 2.9054/2.8392, sse=429542.3/418255.9, time step reduction 1 of 3 to 0.250  0 1 1
   RMS increased, rejecting step
005: dt: 0.2500, sse=296332.9, rms=1.847 (34.946%)
006: dt: 0.2500, sse=253057.4, rms=1.324 (28.335%)
007: dt: 0.2500, sse=242734.1, rms=1.165 (12.023%)
rms = 1.1151/1.1645, sse=240330.0/242734.1, time step reduction 2 of 3 to 0.125  0 0 1
008: dt: 0.2500, sse=240330.0, rms=1.115 (4.243%)
rms = 1.0666/1.1151, sse=237600.9/240330.0, time step reduction 3 of 3 to 0.062  0 0 1
009: dt: 0.1250, sse=237600.9, rms=1.067 (4.352%)
  maximum number of reductions reached, breaking from loop
positioning took 0.9 minutes
Iteration 1 =========================================
n_averages=2, current_sigma=1
Computing target border values 
Entering MRIScomputeBorderValues_new(): 
  inside_hi   = 120.0000000;
  border_hi   = 111.5093690;
  border_low  =  68.0000000;
  outside_low =  57.7813610;
  outside_hi  = 111.5093690;
  sigma = 1;
  max_thickness = 10;
  step_size=0.5;
  STEP_SIZE=0.1;
  which = 1
  thresh = 0
  flags = 0
  CBVfindFirstPeakD1=0
  CBVfindFirstPeakD2=0
  nvertices=141383
  Gdiag_no=-1
  vno start=0, stop=141383
Replacing 255s with 0s
#SI# sigma=1 had to be increased for 112 vertices, nripped=8634
mean border=82.5, 158 (62) missing vertices, mean dist -0.2 [0.4 (%74.9)->0.2 (%25.1))]
%72 local maxima, %22 large gradients and % 0 min vals, 0 gradients ignored
nFirstPeakD1 0
MRIScomputeBorderValues_new() finished in 0.0101 min


Finding expansion regions
mean absolute distance = 0.32 +- 0.60
1981 vertices more than 2 sigmas from mean.
Averaging target values for 5 iterations...
Positioning Surface: tspring = 0.3, nspring = 0.3, spring = 0, niters = 100 l_repulse = 5, l_surf_repulse = 0, checktol = 0
Positioning pial surface
Entering MRISpositionSurface()
  max_mm = 0.3
  MAX_REDUCTIONS = 2, REDUCTION_PCT = 0.5
  parms->check_tol = 0, niterations = 100
tol=1.0e-04, sigma=1.0, host=dna04, nav=2, nbrs=2, l_repulse=5.000, l_tspring=0.300, l_nspring=0.300, l_intensity=0.200, l_curv=1.000
mom=0.00, dt=0.50
000: dt: 0.0000, sse=736395.2, rms=4.415
010: dt: 0.5000, sse=413909.5, rms=2.703 (38.764%)
rms = 2.6939/2.7033, sse=411910.2/413909.5, time step reduction 1 of 3 to 0.250  0 0 1
011: dt: 0.5000, sse=411910.2, rms=2.694 (0.348%)
012: dt: 0.2500, sse=265304.2, rms=1.321 (50.948%)
013: dt: 0.2500, sse=247690.8, rms=1.049 (20.593%)
014: dt: 0.2500, sse=243500.2, rms=0.970 (7.602%)
rms = 0.9409/0.9695, sse=242587.4/243500.2, time step reduction 2 of 3 to 0.125  0 0 1
015: dt: 0.2500, sse=242587.4, rms=0.941 (2.952%)
rms = 0.8944/0.9409, sse=239479.8/242587.4, time step reduction 3 of 3 to 0.062  0 0 1
016: dt: 0.1250, sse=239479.8, rms=0.894 (4.945%)
  maximum number of reductions reached, breaking from loop
positioning took 0.6 minutes
Iteration 2 =========================================
n_averages=1, current_sigma=0.5
Computing target border values 
Entering MRIScomputeBorderValues_new(): 
  inside_hi   = 120.0000000;
  border_hi   = 111.5093690;
  border_low  =  68.0000000;
  outside_low =  57.7813610;
  outside_hi  = 111.5093690;
  sigma = 0.5;
  max_thickness = 10;
  step_size=0.5;
  STEP_SIZE=0.1;
  which = 1
  thresh = 0
  flags = 0
  CBVfindFirstPeakD1=0
  CBVfindFirstPeakD2=0
  nvertices=141383
  Gdiag_no=-1
  vno start=0, stop=141383
Replacing 255s with 0s
#SI# sigma=0.5 had to be increased for 77 vertices, nripped=8634
mean border=84.9, 165 (50) missing vertices, mean dist -0.1 [0.3 (%73.3)->0.2 (%26.7))]
%81 local maxima, %13 large gradients and % 0 min vals, 0 gradients ignored
nFirstPeakD1 0
MRIScomputeBorderValues_new() finished in 0.0060 min


Finding expansion regions
mean absolute distance = 0.24 +- 0.41
2385 vertices more than 2 sigmas from mean.
Averaging target values for 5 iterations...
Positioning Surface: tspring = 0.3, nspring = 0.3, spring = 0, niters = 100 l_repulse = 5, l_surf_repulse = 0, checktol = 0
Positioning pial surface
Entering MRISpositionSurface()
  max_mm = 0.3
  MAX_REDUCTIONS = 2, REDUCTION_PCT = 0.5
  parms->check_tol = 0, niterations = 100
tol=1.0e-04, sigma=0.5, host=dna04, nav=1, nbrs=2, l_repulse=5.000, l_tspring=0.300, l_nspring=0.300, l_intensity=0.200, l_curv=1.000
mom=0.00, dt=0.50
000: dt: 0.0000, sse=473695.1, rms=3.135
017: dt: 0.5000, sse=380586.4, rms=2.471 (21.176%)
rms = 2.7148/2.4714, sse=410207.7/380586.4, time step reduction 1 of 3 to 0.250  0 1 1
   RMS increased, rejecting step
018: dt: 0.2500, sse=280576.0, rms=1.554 (37.118%)
019: dt: 0.2500, sse=244121.1, rms=1.043 (32.899%)
020: dt: 0.2500, sse=236501.3, rms=0.892 (14.480%)
rms = 0.8631/0.8918, sse=234259.5/236501.3, time step reduction 2 of 3 to 0.125  0 0 1
021: dt: 0.2500, sse=234259.5, rms=0.863 (3.215%)
rms = 0.8230/0.8631, sse=232338.0/234259.5, time step reduction 3 of 3 to 0.062  0 0 1
022: dt: 0.1250, sse=232338.0, rms=0.823 (4.655%)
  maximum number of reductions reached, breaking from loop
positioning took 0.6 minutes
Iteration 3 =========================================
n_averages=0, current_sigma=0.25
Computing target border values 
Entering MRIScomputeBorderValues_new(): 
  inside_hi   = 120.0000000;
  border_hi   = 111.5093690;
  border_low  =  68.0000000;
  outside_low =  57.7813610;
  outside_hi  = 111.5093690;
  sigma = 0.25;
  max_thickness = 10;
  step_size=0.5;
  STEP_SIZE=0.1;
  which = 1
  thresh = 0
  flags = 0
  CBVfindFirstPeakD1=0
  CBVfindFirstPeakD2=0
  nvertices=141383
  Gdiag_no=-1
  vno start=0, stop=141383
Replacing 255s with 0s
#SI# sigma=0.25 had to be increased for 79 vertices, nripped=8634
mean border=85.7, 193 (46) missing vertices, mean dist -0.0 [0.2 (%58.2)->0.2 (%41.8))]
%84 local maxima, %10 large gradients and % 0 min vals, 0 gradients ignored
nFirstPeakD1 0
MRIScomputeBorderValues_new() finished in 0.0039 min


Finding expansion regions
mean absolute distance = 0.19 +- 0.33
2235 vertices more than 2 sigmas from mean.
Averaging target values for 5 iterations...
Positioning Surface: tspring = 0.3, nspring = 0.3, spring = 0, niters = 100 l_repulse = 5, l_surf_repulse = 0, checktol = 0
Positioning pial surface
Entering MRISpositionSurface()
  max_mm = 0.3
  MAX_REDUCTIONS = 2, REDUCTION_PCT = 0.5
  parms->check_tol = 0, niterations = 100
tol=1.0e-04, sigma=0.2, host=dna04, nav=0, nbrs=2, l_repulse=5.000, l_tspring=0.300, l_nspring=0.300, l_intensity=0.200, l_curv=1.000
mom=0.00, dt=0.50
000: dt: 0.0000, sse=261304.1, rms=1.374
rms = 1.5628/1.3736, sse=282919.8/261304.1, time step reduction 1 of 3 to 0.250  0 1 1
   RMS increased, rejecting step
023: dt: 0.2500, sse=232269.6, rms=0.875 (36.279%)
024: dt: 0.2500, sse=223806.2, rms=0.618 (29.445%)
rms = 0.6340/0.6175, sse=223918.1/223806.2, time step reduction 2 of 3 to 0.125  0 1 1
   RMS increased, rejecting step
rms = 0.6124/0.6175, sse=223450.8/223806.2, time step reduction 3 of 3 to 0.062  0 0 1
025: dt: 0.1250, sse=223450.8, rms=0.612 (0.830%)
  maximum number of reductions reached, breaking from loop
positioning took 0.4 minutes


Writing output to ../surf/rh.white
#ET# mris_place_surface  2.45 minutes
#VMPC# mris_place_surfaces VmPeak  3080036
mris_place_surface done
#--------------------------------------------
#@# T1PialSurf rh Wed Mar 11 13:15:06 CET 2026
cd /out/sourcedata/freesurfer/sub-v2s16x51246_ses-1/mri
mris_place_surface --adgws-in ../surf/autodet.gw.stats.rh.dat --seg aseg.presurf.mgz --threads 16 --wm wm.mgz --invol brain.finalsurfs.mgz --rh --i ../surf/rh.white --o ../surf/rh.pial.T1 --pial --nsmooth 0 --rip-label ../label/rh.cortex+hipamyg.label --pin-medial-wall ../label/rh.cortex.label --aparc ../label/rh.aparc.annot --repulse-surf ../surf/rh.white --white-surf ../surf/rh.white
7.3.2
7.3.2

cd /out/sourcedata/freesurfer/sub-v2s16x51246_ses-1/mri
setenv SUBJECTS_DIR /out/sourcedata/freesurfer
mris_place_surface --adgws-in ../surf/autodet.gw.stats.rh.dat --seg aseg.presurf.mgz --threads 16 --wm wm.mgz --invol brain.finalsurfs.mgz --rh --i ../surf/rh.white --o ../surf/rh.pial.T1 --pial --nsmooth 0 --rip-label ../label/rh.cortex+hipamyg.label --pin-medial-wall ../label/rh.cortex.label --aparc ../label/rh.aparc.annot --repulse-surf ../surf/rh.white --white-surf ../surf/rh.white 

Reading in input surface ../surf/rh.white
Not smoothing input surface
Area    282762  0.34537  0.13584 0.000426   2.8609
Corner  848286 60.00000 15.43696 0.123196 179.7503
Edge    424143  0.90507  0.21899 0.013701   5.1389
Hinge   424143  9.48338 11.23908 0.000020 179.9854
Reading white surface coordinates from ../surf/rh.white
Reading repulsion surface coordinates from ../surf/rh.white
Reading in aparc ../label/rh.aparc.annot
Reading in input volume brain.finalsurfs.mgz
Reading in wm volume wm.mgz
MRIclipBrightWM(): nthresh=16923, wmmin=5, clip=110 
MRIfindBrightNonWM(): 9 bright non-wm voxels segmented.
Masking bright non-wm for pial surface mid_gray = 65.9174
MRImask(): AllowDiffGeom = 1
MRImask(): AllowDiffGeom = 1
MRImask(): AllowDiffGeom = 1
Reading in seg volume aseg.presurf.mgz
Ripping frozen voxels
Ripping vertices not in label ../label/rh.cortex+hipamyg.label
MRISripNotLabel() ripped 5923/141383 vertices (135460 unripped)
INFO: rip surface needed but not specified, so using input surface
Ripping segs (eg, WMSA, BG, frozen)
Starting MRISripSegs() d = (-2 2 0.5) segnos: 247 
MRISripSegs(): -2 2 0.5 ripped 0
vertex 70692: xyz = (41.1647,-4.53858,25.0011) oxyz = (41.1647,-4.53858,25.0011) wxzy = (41.1647,-4.53858,25.0011) pxyz = (41.1647,-4.53858,25.0011) 
CBVO Creating mask 141383
n_averages 16
Iteration 0 =========================================
n_averages=16, current_sigma=2
Computing target border values 
Entering MRIScomputeBorderValues_new(): 
  inside_hi   =  94.4906310;
  border_hi   =  57.7813610;
  border_low  =  37.3440780;
  outside_low =  10.0000000;
  outside_hi  =  52.6720430;
  sigma = 2;
  max_thickness = 10;
  step_size=0.5;
  STEP_SIZE=0.1;
  which = 2
  thresh = 0
  flags = 0
  CBVfindFirstPeakD1=0
  CBVfindFirstPeakD2=0
  nvertices=141383
  Gdiag_no=-1
  vno start=0, stop=141383
Replacing 255s with 0s
#SI# sigma=2 had to be increased for 292 vertices, nripped=5923
mean border=56.6, 386 (386) missing vertices, mean dist 1.7 [3.5 (%0.0)->2.6 (%100.0))]
%12 local maxima, %51 large gradients and %32 min vals, 0 gradients ignored
nFirstPeakD1 0
MRIScomputeBorderValues_new() finished in 0.0121 min


Averaging target values for 5 iterations...
Positioning Surface: tspring = 0.3, nspring = 0.3, spring = 0, niters = 100 l_repulse = 0, l_surf_repulse = 5, checktol = 0
Positioning pial surface
Entering MRISpositionSurface()
  max_mm = 0.3
  MAX_REDUCTIONS = 2, REDUCTION_PCT = 0.5
  parms->check_tol = 0, niterations = 100
tol=1.0e-04, sigma=2.0, host=dna04, nav=16, nbrs=2, l_surf_repulse=5.000, l_tspring=0.300, l_nspring=0.300, l_intensity=0.200, l_curv=1.000
mom=0.00, dt=0.50
complete_dist_mat 0
rms 0
smooth_averages 0
remove_neg 0
ico_order 0
which_surface 0
target_radius 0.000000
nfields 0
scale 0.000000
desired_rms_height 0.000000
momentum 0.000000
nbhd_size 0
max_nbrs 0
niterations 100
nsurfaces 0
SURFACES 3
flags 0 (0)
use curv 0
no sulc 0
no rigid align 0
mris->nsize 2
mris->hemisphere 1
randomSeed 0

000: dt: 0.0000, sse=24057020.0, rms=29.711
001: dt: 0.5000, sse=16137455.0, rms=24.282 (18.275%)
002: dt: 0.5000, sse=10605725.0, rms=19.616 (19.216%)
003: dt: 0.5000, sse=7118613.0, rms=15.988 (18.495%)
004: dt: 0.5000, sse=5019206.0, rms=13.334 (16.599%)
005: dt: 0.5000, sse=3726506.0, rms=11.395 (14.545%)
006: dt: 0.5000, sse=2822367.2, rms=9.811 (13.898%)
007: dt: 0.5000, sse=2182571.5, rms=8.512 (13.241%)
008: dt: 0.5000, sse=1713956.4, rms=7.415 (12.885%)
009: dt: 0.5000, sse=1387283.8, rms=6.541 (11.796%)
010: dt: 0.5000, sse=1137883.2, rms=5.782 (11.591%)
011: dt: 0.5000, sse=964239.6, rms=5.188 (10.281%)
012: dt: 0.5000, sse=837741.4, rms=4.706 (9.287%)
013: dt: 0.5000, sse=764788.4, rms=4.402 (6.453%)
014: dt: 0.5000, sse=715640.6, rms=4.184 (4.959%)
015: dt: 0.5000, sse=693795.4, rms=4.081 (2.469%)
016: dt: 0.5000, sse=674654.9, rms=3.988 (2.274%)
017: dt: 0.5000, sse=662972.3, rms=3.929 (1.475%)
018: dt: 0.5000, sse=641189.2, rms=3.821 (2.767%)
019: dt: 0.5000, sse=626072.3, rms=3.743 (2.032%)
020: dt: 0.5000, sse=612971.1, rms=3.674 (1.844%)
rms = 3.6386/3.6739, sse=606646.9/612971.1, time step reduction 1 of 3 to 0.250  0 0 1
021: dt: 0.5000, sse=606646.9, rms=3.639 (0.959%)
022: dt: 0.2500, sse=505599.2, rms=3.062 (15.859%)
023: dt: 0.2500, sse=485430.9, rms=2.934 (4.166%)
rms = 2.9132/2.9340, sse=482440.5/485430.9, time step reduction 2 of 3 to 0.125  0 0 1
024: dt: 0.2500, sse=482440.5, rms=2.913 (0.710%)
025: dt: 0.1250, sse=466030.7, rms=2.804 (3.751%)
rms = 2.7798/2.8039, sse=462512.9/466030.7, time step reduction 3 of 3 to 0.062  0 0 1
026: dt: 0.1250, sse=462512.9, rms=2.780 (0.862%)
  maximum number of reductions reached, breaking from loop
positioning took 2.0 minutes
Iteration 1 =========================================
n_averages=8, current_sigma=1
Computing target border values 
Entering MRIScomputeBorderValues_new(): 
  inside_hi   =  94.4906310;
  border_hi   =  57.7813610;
  border_low  =  37.3440780;
  outside_low =  10.0000000;
  outside_hi  =  52.6720430;
  sigma = 1;
  max_thickness = 10;
  step_size=0.5;
  STEP_SIZE=0.1;
  which = 2
  thresh = 0
  flags = 0
  CBVfindFirstPeakD1=0
  CBVfindFirstPeakD2=0
  nvertices=141383
  Gdiag_no=-1
  vno start=0, stop=141383
Replacing 255s with 0s
#SI# sigma=1 had to be increased for 9304 vertices, nripped=5923
mean border=55.2, 1493 (105) missing vertices, mean dist 0.2 [0.1 (%51.0)->0.7 (%49.0))]
%25 local maxima, %41 large gradients and %28 min vals, 0 gradients ignored
nFirstPeakD1 0
MRIScomputeBorderValues_new() finished in 0.0063 min


Averaging target values for 5 iterations...
Positioning Surface: tspring = 0.3, nspring = 0.3, spring = 0, niters = 100 l_repulse = 0, l_surf_repulse = 5, checktol = 0
Positioning pial surface
Entering MRISpositionSurface()
  max_mm = 0.3
  MAX_REDUCTIONS = 2, REDUCTION_PCT = 0.5
  parms->check_tol = 0, niterations = 100
tol=1.0e-04, sigma=1.0, host=dna04, nav=8, nbrs=2, l_surf_repulse=5.000, l_tspring=0.300, l_nspring=0.300, l_intensity=0.200, l_curv=1.000
mom=0.00, dt=0.50
000: dt: 0.0000, sse=706449.6, rms=3.826
027: dt: 0.5000, sse=649299.9, rms=3.535 (7.592%)
028: dt: 0.5000, sse=618106.6, rms=3.381 (4.367%)
rms = 3.5203/3.3811, sse=644390.7/618106.6, time step reduction 1 of 3 to 0.250  0 1 1
   RMS increased, rejecting step
029: dt: 0.2500, sse=545799.1, rms=2.948 (12.814%)
030: dt: 0.2500, sse=527043.5, rms=2.821 (4.298%)
rms = 2.8147/2.8211, sse=526421.0/527043.5, time step reduction 2 of 3 to 0.125  0 0 1
031: dt: 0.2500, sse=526421.0, rms=2.815 (0.228%)
032: dt: 0.1250, sse=506399.1, rms=2.676 (4.911%)
rms = 2.6395/2.6765, sse=501202.5/506399.1, time step reduction 3 of 3 to 0.062  0 0 1
033: dt: 0.1250, sse=501202.5, rms=2.640 (1.381%)
  maximum number of reductions reached, breaking from loop
positioning took 0.6 minutes
Iteration 2 =========================================
n_averages=4, current_sigma=0.5
Computing target border values 
Entering MRIScomputeBorderValues_new(): 
  inside_hi   =  94.4906310;
  border_hi   =  57.7813610;
  border_low  =  37.3440780;
  outside_low =  10.0000000;
  outside_hi  =  52.6720430;
  sigma = 0.5;
  max_thickness = 10;
  step_size=0.5;
  STEP_SIZE=0.1;
  which = 2
  thresh = 0
  flags = 0
  CBVfindFirstPeakD1=0
  CBVfindFirstPeakD2=0
  nvertices=141383
  Gdiag_no=-1
  vno start=0, stop=141383
Replacing 255s with 0s
#SI# sigma=0.5 had to be increased for 10558 vertices, nripped=5923
mean border=53.9, 1946 (91) missing vertices, mean dist 0.2 [0.2 (%41.9)->0.5 (%58.1))]
%40 local maxima, %26 large gradients and %28 min vals, 0 gradients ignored
nFirstPeakD1 0
MRIScomputeBorderValues_new() finished in 0.0038 min


Averaging target values for 5 iterations...
Positioning Surface: tspring = 0.3, nspring = 0.3, spring = 0, niters = 100 l_repulse = 0, l_surf_repulse = 5, checktol = 0
Positioning pial surface
Entering MRISpositionSurface()
  max_mm = 0.3
  MAX_REDUCTIONS = 2, REDUCTION_PCT = 0.5
  parms->check_tol = 0, niterations = 100
tol=1.0e-04, sigma=0.5, host=dna04, nav=4, nbrs=2, l_surf_repulse=5.000, l_tspring=0.300, l_nspring=0.300, l_intensity=0.200, l_curv=1.000
mom=0.00, dt=0.50
000: dt: 0.0000, sse=644459.8, rms=3.463
034: dt: 0.5000, sse=629338.6, rms=3.377 (2.486%)
rms = 3.3669/3.3767, sse=624351.8/629338.5, time step reduction 1 of 3 to 0.250  0 0 1
035: dt: 0.5000, sse=624351.8, rms=3.367 (0.290%)
036: dt: 0.2500, sse=537451.4, rms=2.833 (15.858%)
037: dt: 0.2500, sse=519064.6, rms=2.710 (4.337%)
rms = 2.7347/2.7101, sse=522685.7/519064.6, time step reduction 2 of 3 to 0.125  0 1 1
   RMS increased, rejecting step
038: dt: 0.1250, sse=509008.1, rms=2.640 (2.604%)
039: dt: 0.1250, sse=495703.6, rms=2.543 (3.673%)
rms = 2.5148/2.5426, sse=491936.1/495703.6, time step reduction 3 of 3 to 0.062  0 0 1
040: dt: 0.1250, sse=491936.1, rms=2.515 (1.095%)
  maximum number of reductions reached, breaking from loop
positioning took 0.5 minutes
Iteration 3 =========================================
n_averages=2, current_sigma=0.25
Computing target border values 
Entering MRIScomputeBorderValues_new(): 
  inside_hi   =  94.4906310;
  border_hi   =  57.7813610;
  border_low  =  37.3440780;
  outside_low =  10.0000000;
  outside_hi  =  52.6720430;
  sigma = 0.25;
  max_thickness = 10;
  step_size=0.5;
  STEP_SIZE=0.1;
  which = 2
  thresh = 0
  flags = 0
  CBVfindFirstPeakD1=0
  CBVfindFirstPeakD2=0
  nvertices=141383
  Gdiag_no=-1
  vno start=0, stop=141383
Replacing 255s with 0s
#SI# sigma=0.25 had to be increased for 9002 vertices, nripped=5923
mean border=53.0, 4266 (81) missing vertices, mean dist 0.1 [0.2 (%44.7)->0.4 (%55.3))]
%47 local maxima, %19 large gradients and %27 min vals, 0 gradients ignored
nFirstPeakD1 0
MRIScomputeBorderValues_new() finished in 0.0041 min


Averaging target values for 5 iterations...
Positioning Surface: tspring = 0.3, nspring = 0.3, spring = 0, niters = 100 l_repulse = 0, l_surf_repulse = 5, checktol = 0
Positioning pial surface
Entering MRISpositionSurface()
  max_mm = 0.3
  MAX_REDUCTIONS = 2, REDUCTION_PCT = 0.5
  parms->check_tol = 0, niterations = 100
tol=1.0e-04, sigma=0.2, host=dna04, nav=2, nbrs=2, l_surf_repulse=5.000, l_tspring=0.300, l_nspring=0.300, l_intensity=0.200, l_curv=1.000
mom=0.00, dt=0.50
000: dt: 0.0000, sse=529971.6, rms=2.769
rms = 3.1180/2.7686, sse=585498.7/529971.5, time step reduction 1 of 3 to 0.250  0 1 1
   RMS increased, rejecting step
041: dt: 0.2500, sse=503304.2, rms=2.581 (6.768%)
042: dt: 0.2500, sse=495016.8, rms=2.522 (2.309%)
rms = 2.5736/2.5216, sse=501893.6/495016.7, time step reduction 2 of 3 to 0.125  0 1 1
   RMS increased, rejecting step
rms = 2.4826/2.5216, sse=489839.3/495016.7, time step reduction 3 of 3 to 0.062  0 0 1
043: dt: 0.1250, sse=489839.3, rms=2.483 (1.546%)
  maximum number of reductions reached, breaking from loop
positioning took 0.3 minutes
Pinning medial wall to white surface
removing intersecting faces
000: 49 intersecting
001: 36 intersecting
002: 12 intersecting
terminating search with 0 intersecting


Writing output to ../surf/rh.pial.T1
#ET# mris_place_surface  3.63 minutes
#VMPC# mris_place_surfaces VmPeak  2454948
mris_place_surface done
#@# white curv rh Wed Mar 11 13:18:50 CET 2026
cd /out/sourcedata/freesurfer/sub-v2s16x51246_ses-1/mri
mris_place_surface --curv-map ../surf/rh.white 2 10 ../surf/rh.curv
insurf  ../surf/rh.white, nbrs 2, curvature_avgs 10
writing curvature file ../surf/rh.curv
#@# white area rh Wed Mar 11 13:18:52 CET 2026
cd /out/sourcedata/freesurfer/sub-v2s16x51246_ses-1/mri
mris_place_surface --area-map ../surf/rh.white ../surf/rh.area
writing curvature file ../surf/rh.area
#@# pial curv rh Wed Mar 11 13:18:53 CET 2026
cd /out/sourcedata/freesurfer/sub-v2s16x51246_ses-1/mri
mris_place_surface --curv-map ../surf/rh.pial 2 10 ../surf/rh.curv.pial
insurf  ../surf/rh.pial, nbrs 2, curvature_avgs 10
writing curvature file ../surf/rh.curv.pial
#@# pial area rh Wed Mar 11 13:18:54 CET 2026
cd /out/sourcedata/freesurfer/sub-v2s16x51246_ses-1/mri
mris_place_surface --area-map ../surf/rh.pial ../surf/rh.area.pial
writing curvature file ../surf/rh.area.pial
#@# thickness rh Wed Mar 11 13:18:55 CET 2026
cd /out/sourcedata/freesurfer/sub-v2s16x51246_ses-1/mri
mris_place_surface --thickness ../surf/rh.white ../surf/rh.pial 20 5 ../surf/rh.thickness
0 of 141383 vertices processed
25000 of 141383 vertices processed
50000 of 141383 vertices processed
75000 of 141383 vertices processed
100000 of 141383 vertices processed
125000 of 141383 vertices processed
0 of 141383 vertices processed
25000 of 141383 vertices processed
50000 of 141383 vertices processed
75000 of 141383 vertices processed
100000 of 141383 vertices processed
125000 of 141383 vertices processed
thickness calculation complete, 339:2369 truncations.
70128 vertices at 0 distance
117158 vertices at 1 distance
61302 vertices at 2 distance
21199 vertices at 3 distance
7554 vertices at 4 distance
2964 vertices at 5 distance
1235 vertices at 6 distance
512 vertices at 7 distance
218 vertices at 8 distance
115 vertices at 9 distance
87 vertices at 10 distance
73 vertices at 11 distance
47 vertices at 12 distance
45 vertices at 13 distance
32 vertices at 14 distance
23 vertices at 15 distance
15 vertices at 16 distance
14 vertices at 17 distance
18 vertices at 18 distance
4 vertices at 19 distance
23 vertices at 20 distance
writing curvature file ../surf/rh.thickness
#@# area and vertex vol rh Wed Mar 11 13:19:25 CET 2026
cd /out/sourcedata/freesurfer/sub-v2s16x51246_ses-1/mri
mris_place_surface --thickness ../surf/rh.white ../surf/rh.pial 20 5 ../surf/rh.thickness
/out/sourcedata/freesurfer/sub-v2s16x51246_ses-1/surf
mris_calc -o rh.area.mid rh.area add rh.area.pial
Saving result to 'rh.area.mid' (type = MRI_CURV_FILE)                       [ ok ]
mris_calc -o rh.area.mid rh.area.mid div 2
Saving result to 'rh.area.mid' (type = MRI_CURV_FILE)                       [ ok ]
mris_convert --volume sub-v2s16x51246_ses-1 rh /out/sourcedata/freesurfer/sub-v2s16x51246_ses-1/surf/rh.volume
masking with /out/sourcedata/freesurfer/sub-v2s16x51246_ses-1/label/rh.cortex.label
Total face volume 265740
Total vertex volume 265479 (mask=0)
#@# sub-v2s16x51246_ses-1 rh 265479
 
vertexvol Done

#-----------------------------------------
#@# Curvature Stats rh Wed Mar 11 13:19:26 CET 2026
/out/sourcedata/freesurfer/sub-v2s16x51246_ses-1/surf

 mris_curvature_stats -m --writeCurvatureFiles -G -o ../stats/rh.curv.stats -F smoothwm sub-v2s16x51246_ses-1 rh curv sulc 

             Toggling save flag on curvature files                       [ ok ]
                 Outputting results using filestem   [ ../stats/rh.curv.stats ]
             Toggling save flag on curvature files                       [ ok ]
                                   Setting surface [ sub-v2s16x51246_ses-1/rh.smoothwm ]
                                Reading surface...                       [ ok ]
                                   Setting texture                     [ curv ]
                                Reading texture...                       [ ok ]
                                   Setting texture                     [ sulc ]
                                Reading texture...Gb_filter = 0
                       [ ok ]
      Calculating Discrete Principal Curvatures...
      Determining geometric order for vno faces... [####################] [ ok ]
                      Determining KH curvatures... [####################] [ ok ]
                    Determining k1k2 curvatures... [####################] [ ok ]
                                   deltaViolations                      [ 263 ]
Gb_filter = 0

WARN:    S lookup   min:                          -0.131694
WARN:    S explicit min:                          0.000000	vertex = 1130
#-----------------------------------------
#@# Cortical Parc 2 rh Wed Mar 11 13:19:29 CET 2026
/out/sourcedata/freesurfer/sub-v2s16x51246_ses-1/scripts

 mris_ca_label -l ../label/rh.cortex.label -aseg ../mri/aseg.presurf.mgz -seed 1234 sub-v2s16x51246_ses-1 rh ../surf/rh.sphere.reg /opt/freesurfer/average/rh.CDaparc.atlas.acfb40.noaparc.i12.2016-08-02.gcs ../label/rh.aparc.a2009s.annot 

setting seed for random number generator to 1234
using ../mri/aseg.presurf.mgz aseg volume to correct midline
7.3.2
  7.3.2
reading atlas from /opt/freesurfer/average/rh.CDaparc.atlas.acfb40.noaparc.i12.2016-08-02.gcs...
reading color table from GCSA file....
average std = 1.4   using min determinant for regularization = 0.021
0 singular and 0 ill-conditioned covariance matrices regularized
input 0: MEAN CURVATURE, flags 0, avgs 5, name mean_curvature
labeling surface...
0 labels changed using aseg
relabeling using gibbs priors...
000:   9403 changed, 141383 examined...
001:   2106 changed, 36916 examined...
002:    617 changed, 11320 examined...
003:    254 changed, 3585 examined...
004:    135 changed, 1464 examined...
005:     77 changed, 774 examined...
006:     46 changed, 442 examined...
007:     31 changed, 267 examined...
008:     21 changed, 156 examined...
009:     12 changed, 114 examined...
010:      5 changed, 61 examined...
011:      3 changed, 35 examined...
012:      3 changed, 22 examined...
013:      1 changed, 17 examined...
014:      0 changed, 5 examined...
1 labels changed using aseg
000: 218 total segments, 129 labels (1910 vertices) changed
001: 91 total segments, 2 labels (6 vertices) changed
002: 89 total segments, 0 labels (0 vertices) changed
10 filter iterations complete (10 requested, 37 changed)
rationalizing unknown annotations with cortex label
relabeling Medial_wall label...
1140 vertices marked for relabeling...
1140 labels changed in reclassification.
writing output to ../label/rh.aparc.a2009s.annot...
classification took 0 minutes and 13 seconds.
#-----------------------------------------
#@# Cortical Parc 3 rh Wed Mar 11 13:19:42 CET 2026
/out/sourcedata/freesurfer/sub-v2s16x51246_ses-1/scripts

 mris_ca_label -l ../label/rh.cortex.label -aseg ../mri/aseg.presurf.mgz -seed 1234 sub-v2s16x51246_ses-1 rh ../surf/rh.sphere.reg /opt/freesurfer/average/rh.DKTaparc.atlas.acfb40.noaparc.i12.2016-08-02.gcs ../label/rh.aparc.DKTatlas.annot 

setting seed for random number generator to 1234
using ../mri/aseg.presurf.mgz aseg volume to correct midline
7.3.2
  7.3.2
reading atlas from /opt/freesurfer/average/rh.DKTaparc.atlas.acfb40.noaparc.i12.2016-08-02.gcs...
reading color table from GCSA file....
average std = 0.9   using min determinant for regularization = 0.009
0 singular and 325 ill-conditioned covariance matrices regularized
input 0: MEAN CURVATURE, flags 0, avgs 5, name mean_curvature
labeling surface...
1347 labels changed using aseg
relabeling using gibbs priors...
000:   2121 changed, 141383 examined...
001:    503 changed, 9697 examined...
002:    131 changed, 2901 examined...
003:     62 changed, 790 examined...
004:     37 changed, 362 examined...
005:     19 changed, 207 examined...
006:     14 changed, 90 examined...
007:     13 changed, 76 examined...
008:      7 changed, 61 examined...
009:      2 changed, 38 examined...
010:      1 changed, 9 examined...
011:      0 changed, 8 examined...
186 labels changed using aseg
000: 50 total segments, 17 labels (78 vertices) changed
001: 33 total segments, 0 labels (0 vertices) changed
9 filter iterations complete (10 requested, 0 changed)
rationalizing unknown annotations with cortex label
relabeling unknown label...
relabeling corpuscallosum label...
990 vertices marked for relabeling...
990 labels changed in reclassification.
writing output to ../label/rh.aparc.DKTatlas.annot...
classification took 0 minutes and 10 seconds.
#-----------------------------------------
#@# WM/GM Contrast rh Wed Mar 11 13:19:52 CET 2026
/out/sourcedata/freesurfer/sub-v2s16x51246_ses-1/scripts

 pctsurfcon --s sub-v2s16x51246_ses-1 --rh-only 

Log file is /out/sourcedata/freesurfer/sub-v2s16x51246_ses-1/scripts/pctsurfcon.log
Wed Mar 11 13:19:52 CET 2026
setenv SUBJECTS_DIR /out/sourcedata/freesurfer
cd /out/sourcedata/freesurfer/sub-v2s16x51246_ses-1/scripts
/opt/freesurfer/bin/pctsurfcon
pctsurfcon 7.3.2
Linux dna043 5.14.0-427.37.1.el9_4.x86_64 #1 SMP PREEMPT_DYNAMIC Fri Sep 13 12:41:50 EDT 2024 x86_64 x86_64 x86_64 GNU/Linux
FREESURFER_HOME /opt/freesurfer
mri_vol2surf --mov /out/sourcedata/freesurfer/sub-v2s16x51246_ses-1/mri/rawavg.mgz --hemi rh --noreshape --interp trilinear --projdist -1 --o /out/sourcedata/freesurfer/sub-v2s16x51246_ses-1/surf/tmp.pctsurfcon.789706/rh.wm.mgh --regheader sub-v2s16x51246_ses-1 --cortex
srcvol = /out/sourcedata/freesurfer/sub-v2s16x51246_ses-1/mri/rawavg.mgz
srcreg unspecified
srcregold = 0
srcwarp unspecified
surf = white
hemi = rh
ProjDist = -1
reshape = 0
interp = trilinear
float2int = round
GetProjMax = 0
INFO: float2int code = 0
Done loading volume
Computing registration from header.
  Using /out/sourcedata/freesurfer/sub-v2s16x51246_ses-1/mri/orig.mgz as target reference.
-------- original matrix -----------
-0.99780   0.00000   0.06627   0.00003;
 0.06627   0.00000   0.99780  -0.00002;
 0.00000  -1.00000   0.00000   0.00002;
 0.00000   0.00000   0.00000   1.00000;
-------- original matrix -----------
Loading label /out/sourcedata/freesurfer/sub-v2s16x51246_ses-1/label/rh.cortex.label
Reading surface /out/sourcedata/freesurfer/sub-v2s16x51246_ses-1/surf/rh.white
Done reading source surface
Mapping Source Volume onto Source Subject Surface
Projecting -1 -1 1
 1 -1 -1 -1
using old
Done mapping volume to surface
Number of source voxels hit = 76294
Masking with /out/sourcedata/freesurfer/sub-v2s16x51246_ses-1/label/rh.cortex.label
Writing to /out/sourcedata/freesurfer/sub-v2s16x51246_ses-1/surf/tmp.pctsurfcon.789706/rh.wm.mgh
Dim: 141383 1 1
mri_vol2surf --mov /out/sourcedata/freesurfer/sub-v2s16x51246_ses-1/mri/rawavg.mgz --hemi rh --noreshape --interp trilinear --o /out/sourcedata/freesurfer/sub-v2s16x51246_ses-1/surf/tmp.pctsurfcon.789706/rh.gm.mgh --projfrac 0.3 --regheader sub-v2s16x51246_ses-1 --cortex
srcvol = /out/sourcedata/freesurfer/sub-v2s16x51246_ses-1/mri/rawavg.mgz
srcreg unspecified
srcregold = 0
srcwarp unspecified
surf = white
hemi = rh
ProjFrac = 0.3
thickness = thickness
reshape = 0
interp = trilinear
float2int = round
GetProjMax = 0
INFO: float2int code = 0
Done loading volume
Computing registration from header.
  Using /out/sourcedata/freesurfer/sub-v2s16x51246_ses-1/mri/orig.mgz as target reference.
-------- original matrix -----------
-0.99780   0.00000   0.06627   0.00003;
 0.06627   0.00000   0.99780  -0.00002;
 0.00000  -1.00000   0.00000   0.00002;
 0.00000   0.00000   0.00000   1.00000;
-------- original matrix -----------
Loading label /out/sourcedata/freesurfer/sub-v2s16x51246_ses-1/label/rh.cortex.label
Reading surface /out/sourcedata/freesurfer/sub-v2s16x51246_ses-1/surf/rh.white
Done reading source surface
Reading thickness /out/sourcedata/freesurfer/sub-v2s16x51246_ses-1/surf/rh.thickness
Done
Mapping Source Volume onto Source Subject Surface
Projecting 0.3 0.3 1
 1 0.3 0.3 0.3
using old
Done mapping volume to surface
Number of source voxels hit = 89771
Masking with /out/sourcedata/freesurfer/sub-v2s16x51246_ses-1/label/rh.cortex.label
Writing to /out/sourcedata/freesurfer/sub-v2s16x51246_ses-1/surf/tmp.pctsurfcon.789706/rh.gm.mgh
Dim: 141383 1 1
mri_concat /out/sourcedata/freesurfer/sub-v2s16x51246_ses-1/surf/tmp.pctsurfcon.789706/rh.wm.mgh /out/sourcedata/freesurfer/sub-v2s16x51246_ses-1/surf/tmp.pctsurfcon.789706/rh.gm.mgh --paired-diff-norm --mul 100 --o /out/sourcedata/freesurfer/sub-v2s16x51246_ses-1/surf/rh.w-g.pct.mgh
ninputs = 2
Checking inputs
nframestot = 2
Allocing output
Done allocing
Combining pairs
nframes = 1
Multiplying by 100.000000
Writing to /out/sourcedata/freesurfer/sub-v2s16x51246_ses-1/surf/rh.w-g.pct.mgh
mri_segstats --in /out/sourcedata/freesurfer/sub-v2s16x51246_ses-1/surf/rh.w-g.pct.mgh --annot sub-v2s16x51246_ses-1 rh aparc --sum /out/sourcedata/freesurfer/sub-v2s16x51246_ses-1/stats/rh.w-g.pct.stats --snr

7.3.2
cwd 
cmdline mri_segstats --in /out/sourcedata/freesurfer/sub-v2s16x51246_ses-1/surf/rh.w-g.pct.mgh --annot sub-v2s16x51246_ses-1 rh aparc --sum /out/sourcedata/freesurfer/sub-v2s16x51246_ses-1/stats/rh.w-g.pct.stats --snr 
sysname  Linux
hostname dna043
machine  x86_64
user     oesteban
whitesurfname  white
UseRobust  0
Constructing seg from annotation

Reading annotation /out/sourcedata/freesurfer/sub-v2s16x51246_ses-1/label/rh.aparc.annot
Seg base 2000
Loading /out/sourcedata/freesurfer/sub-v2s16x51246_ses-1/surf/rh.w-g.pct.mgh
Vertex Area is 0.690731 mm^3
Generating list of segmentation ids
Found  36 segmentations
Computing statistics for each segmentation

Reporting on  35 segmentations
Using PrintSegStat
mri_segstats done
Cleaning up

Started at Wed Mar 11 12:57:56 CET 2026 
Ended   at Wed Mar 11 13:19:55 CET 2026
#@#%# recon-all-run-time-hours 0.366
recon-all -s sub-v2s16x51246_ses-1 finished without error at Wed Mar 11 13:19:55 CET 2026



#New# invocation of recon-all 




Wed Mar 11 13:29:46 CET 2026
cd /out/sourcedata/freesurfer/sub-v2s16x51246_ses-1
setenv SUBJECTS_DIR /out/sourcedata/freesurfer
/opt/freesurfer/bin/recon-all -autorecon-hemi rh -nohyporelabel -rh-only -openmp 16 -subjid sub-v2s16x51246_ses-1 -sd /out/sourcedata/freesurfer -notessellate -nosmooth1 -noinflate1 -noqsphere -nofix -nowhite -nosmooth2 -noinflate2 -nocurvHK -nocurvstats -nosphere -nosurfreg -nojacobian_white -noavgcurv -nocortparc -nopial -nocortparc2 -nocortparc3 -nopctsurfcon

subjid sub-v2s16x51246_ses-1
setenv SUBJECTS_DIR /out/sourcedata/freesurfer
FREESURFER_HOME /opt/freesurfer
Actual FREESURFER_HOME /opt/freesurfer
build-stamp.txt: freesurfer-linux-ubuntu22_x86_64-7.3.2-20220804-6354275
Linux dna043 5.14.0-427.37.1.el9_4.x86_64 #1 SMP PREEMPT_DYNAMIC Fri Sep 13 12:41:50 EDT 2024 x86_64 x86_64 x86_64 GNU/Linux
cputime      unlimited
filesize     unlimited
datasize     unlimited
stacksize    8192 kbytes
coredumpsize 0 kbytes
memoryuse    67108864 kbytes
vmemoryuse   unlimited
descriptors  1024 
memorylocked unlimited
maxproc      2061970 
maxlocks     unlimited
maxsignal    4126352 
maxmessage   819200 
maxnice      0 
maxrtprio    0 
maxrttime    unlimited

               total        used        free      shared  buff/cache   available
Mem:           1.0Ti        56Gi       910Gi        12Gi        40Gi       931Gi
Swap:             0B          0B          0B

########################################
program versions used
7.3.2 (freesurfer-linux-ubuntu22_x86_64-7.3.2-20220804-6354275)
7.3.2

ProgramName: lta_convert  ProgramArguments: lta_convert -all-info  ProgramVersion: 7.3.2  TimeStamp: 2026/03/11-12:29:46-GMT  BuildTime: Aug  4 2022 06:17:15  BuildStamp: freesurfer-linux-ubuntu22_x86_64-7.3.2-20220804-6354275  User: oesteban  Machine: dna043  Platform: Linux  PlatformVersion: 5.14.0-427.37.1.el9_4.x86_64  CompilerName: GCC  CompilerVersion: 8.4.0
ProgramName: mri_and  ProgramArguments: mri_and -all-info  ProgramVersion: 7.3.2  TimeStamp: 2026/03/11-12:29:46-GMT  BuildTime: Aug  4 2022 06:17:15  BuildStamp: freesurfer-linux-ubuntu22_x86_64-7.3.2-20220804-6354275  User: oesteban  Machine: dna043  Platform: Linux  PlatformVersion: 5.14.0-427.37.1.el9_4.x86_64  CompilerName: GCC  CompilerVersion: 8.4.0
ProgramName: mri_annotation2label  ProgramArguments: mri_annotation2label -all-info  ProgramVersion: 7.3.2  TimeStamp: 2026/03/11-12:29:46-GMT  BuildTime: Aug  4 2022 06:17:15  BuildStamp: freesurfer-linux-ubuntu22_x86_64-7.3.2-20220804-6354275  User: oesteban  Machine: dna043  Platform: Linux  PlatformVersion: 5.14.0-427.37.1.el9_4.x86_64  CompilerName: GCC  CompilerVersion: 8.4.0
ProgramName: mri_aparc2aseg  ProgramArguments: mri_aparc2aseg -all-info  ProgramVersion: 7.3.2  TimeStamp: 2026/03/11-12:29:46-GMT  BuildTime: Aug  4 2022 06:17:15  BuildStamp: freesurfer-linux-ubuntu22_x86_64-7.3.2-20220804-6354275  User: oesteban  Machine: dna043  Platform: Linux  PlatformVersion: 5.14.0-427.37.1.el9_4.x86_64  CompilerName: GCC  CompilerVersion: 8.4.0
ProgramName: mri_surf2volseg  ProgramArguments: mri_surf2volseg -all-info  ProgramVersion: 7.3.2  TimeStamp: 2026/03/11-12:29:46-GMT  BuildTime: Aug  4 2022 06:17:15  BuildStamp: freesurfer-linux-ubuntu22_x86_64-7.3.2-20220804-6354275  User: oesteban  Machine: dna043  Platform: Linux  PlatformVersion: 5.14.0-427.37.1.el9_4.x86_64  CompilerName: GCC  CompilerVersion: 8.4.0
ProgramName: mri_binarize  ProgramArguments: mri_binarize -all-info  ProgramVersion: 7.3.2  TimeStamp: 2026/03/11-12:29:46-GMT  BuildTime: Aug  4 2022 06:17:15  BuildStamp: freesurfer-linux-ubuntu22_x86_64-7.3.2-20220804-6354275  User: oesteban  Machine: dna043  Platform: Linux  PlatformVersion: 5.14.0-427.37.1.el9_4.x86_64  CompilerName: GCC  CompilerVersion: 8.4.0
ProgramName: mri_ca_label  ProgramArguments: mri_ca_label -all-info  ProgramVersion: 7.3.2  TimeStamp: 2026/03/11-12:29:46-GMT  BuildTime: Aug  4 2022 06:17:15  BuildStamp: freesurfer-linux-ubuntu22_x86_64-7.3.2-20220804-6354275  User: oesteban  Machine: dna043  Platform: Linux  PlatformVersion: 5.14.0-427.37.1.el9_4.x86_64  CompilerName: GCC  CompilerVersion: 8.4.0
ProgramName: mri_ca_normalize  ProgramArguments: mri_ca_normalize -all-info  ProgramVersion: 7.3.2  TimeStamp: 2026/03/11-12:29:46-GMT  BuildTime: Aug  4 2022 06:17:15  BuildStamp: freesurfer-linux-ubuntu22_x86_64-7.3.2-20220804-6354275  User: oesteban  Machine: dna043  Platform: Linux  PlatformVersion: 5.14.0-427.37.1.el9_4.x86_64  CompilerName: GCC  CompilerVersion: 8.4.0
ProgramName: mri_ca_register  ProgramArguments: mri_ca_register -all-info  ProgramVersion: 7.3.2  TimeStamp: 2026/03/11-12:29:46-GMT  BuildTime: Aug  4 2022 06:17:15  BuildStamp: freesurfer-linux-ubuntu22_x86_64-7.3.2-20220804-6354275  User: oesteban  Machine: dna043  Platform: Linux  PlatformVersion: 5.14.0-427.37.1.el9_4.x86_64  CompilerName: GCC  CompilerVersion: 8.4.0
ProgramName: mri_cc  ProgramArguments: mri_cc -all-info  ProgramVersion: 7.3.2  TimeStamp: 2026/03/11-12:29:46-GMT  BuildTime: Aug  4 2022 06:17:15  BuildStamp: freesurfer-linux-ubuntu22_x86_64-7.3.2-20220804-6354275  User: oesteban  Machine: dna043  Platform: Linux  PlatformVersion: 5.14.0-427.37.1.el9_4.x86_64  CompilerName: GCC  CompilerVersion: 8.4.0
ProgramName: mri_compute_overlap  ProgramArguments: mri_compute_overlap -all-info  ProgramVersion: 7.3.2  TimeStamp: 2026/03/11-12:29:46-GMT  BuildTime: Aug  4 2022 06:17:15  BuildStamp: freesurfer-linux-ubuntu22_x86_64-7.3.2-20220804-6354275  User: oesteban  Machine: dna043  Platform: Linux  PlatformVersion: 5.14.0-427.37.1.el9_4.x86_64  CompilerName: GCC  CompilerVersion: 8.4.0
ProgramName: mri_compute_seg_overlap  ProgramArguments: mri_compute_seg_overlap -all-info  ProgramVersion: 7.3.2  TimeStamp: 2026/03/11-12:29:46-GMT  BuildTime: Aug  4 2022 06:17:15  BuildStamp: freesurfer-linux-ubuntu22_x86_64-7.3.2-20220804-6354275  User: oesteban  Machine: dna043  Platform: Linux  PlatformVersion: 5.14.0-427.37.1.el9_4.x86_64  CompilerName: GCC  CompilerVersion: 8.4.0
ProgramName: mri_concat  ProgramArguments: mri_concat -all-info  ProgramVersion: 7.3.2  TimeStamp: 2026/03/11-12:29:46-GMT  BuildTime: Aug  4 2022 06:17:15  BuildStamp: freesurfer-linux-ubuntu22_x86_64-7.3.2-20220804-6354275  User: oesteban  Machine: dna043  Platform: Linux  PlatformVersion: 5.14.0-427.37.1.el9_4.x86_64  CompilerName: GCC  CompilerVersion: 8.4.0
ProgramName: mri_concatenate_lta  ProgramArguments: mri_concatenate_lta -all-info  ProgramVersion: 7.3.2  TimeStamp: 2026/03/11-12:29:46-GMT  BuildTime: Aug  4 2022 06:17:15  BuildStamp: freesurfer-linux-ubuntu22_x86_64-7.3.2-20220804-6354275  User: oesteban  Machine: dna043  Platform: Linux  PlatformVersion: 5.14.0-427.37.1.el9_4.x86_64  CompilerName: GCC  CompilerVersion: 8.4.0
mri_convert -all-info 
ProgramName: mri_convert  ProgramArguments: mri_convert -all-info  ProgramVersion: 7.3.2  TimeStamp: 2026/03/11-12:29:46-GMT  BuildTime: Aug  4 2022 06:17:15  BuildStamp: freesurfer-linux-ubuntu22_x86_64-7.3.2-20220804-6354275  User: oesteban  Machine: dna043  Platform: Linux  PlatformVersion: 5.14.0-427.37.1.el9_4.x86_64  CompilerName: GCC  CompilerVersion: 8.4.0
ProgramName: mri_diff  ProgramArguments: mri_diff -all-info  ProgramVersion: 7.3.2  TimeStamp: 2026/03/11-12:29:46-GMT  BuildTime: Aug  4 2022 06:17:15  BuildStamp: freesurfer-linux-ubuntu22_x86_64-7.3.2-20220804-6354275  User: oesteban  Machine: dna043  Platform: Linux  PlatformVersion: 5.14.0-427.37.1.el9_4.x86_64  CompilerName: GCC  CompilerVersion: 8.4.0
ProgramName: mri_edit_wm_with_aseg  ProgramArguments: mri_edit_wm_with_aseg -all-info  ProgramVersion: 7.3.2  TimeStamp: 2026/03/11-12:29:46-GMT  BuildTime: Aug  4 2022 06:17:15  BuildStamp: freesurfer-linux-ubuntu22_x86_64-7.3.2-20220804-6354275  User: oesteban  Machine: dna043  Platform: Linux  PlatformVersion: 5.14.0-427.37.1.el9_4.x86_64  CompilerName: GCC  CompilerVersion: 8.4.0
ProgramName: mri_em_register  ProgramArguments: mri_em_register -all-info  ProgramVersion: 7.3.2  TimeStamp: 2026/03/11-12:29:46-GMT  BuildTime: Aug  4 2022 06:17:15  BuildStamp: freesurfer-linux-ubuntu22_x86_64-7.3.2-20220804-6354275  User: oesteban  Machine: dna043  Platform: Linux  PlatformVersion: 5.14.0-427.37.1.el9_4.x86_64  CompilerName: GCC  CompilerVersion: 8.4.0
ProgramName: mri_fill  ProgramArguments: mri_fill -all-info  ProgramVersion: 7.3.2  TimeStamp: 2026/03/11-12:29:46-GMT  BuildTime: Aug  4 2022 06:17:15  BuildStamp: freesurfer-linux-ubuntu22_x86_64-7.3.2-20220804-6354275  User: oesteban  Machine: dna043  Platform: Linux  PlatformVersion: 5.14.0-427.37.1.el9_4.x86_64  CompilerName: GCC  CompilerVersion: 8.4.0
ProgramName: mri_fuse_segmentations  ProgramArguments: mri_fuse_segmentations -all-info  ProgramVersion: 7.3.2  TimeStamp: 2026/03/11-12:29:46-GMT  BuildTime: Aug  4 2022 06:17:15  BuildStamp: freesurfer-linux-ubuntu22_x86_64-7.3.2-20220804-6354275  User: oesteban  Machine: dna043  Platform: Linux  PlatformVersion: 5.14.0-427.37.1.el9_4.x86_64  CompilerName: GCC  CompilerVersion: 8.4.0
ProgramName: mri_fwhm  ProgramArguments: mri_fwhm -all-info  ProgramVersion: 7.3.2  TimeStamp: 2026/03/11-12:29:46-GMT  BuildTime: Aug  4 2022 06:17:15  BuildStamp: freesurfer-linux-ubuntu22_x86_64-7.3.2-20220804-6354275  User: oesteban  Machine: dna043  Platform: Linux  PlatformVersion: 5.14.0-427.37.1.el9_4.x86_64  CompilerName: GCC  CompilerVersion: 8.4.0
ProgramName: mri_gcut  ProgramArguments: mri_gcut -all-info  ProgramVersion: 7.3.2  TimeStamp: 2026/03/11-12:29:46-GMT  BuildTime: Aug  4 2022 06:17:15  BuildStamp: freesurfer-linux-ubuntu22_x86_64-7.3.2-20220804-6354275  User: oesteban  Machine: dna043  Platform: Linux  PlatformVersion: 5.14.0-427.37.1.el9_4.x86_64  CompilerName: GCC  CompilerVersion: 8.4.0
ProgramName: mri_info  ProgramArguments: mri_info -all-info  ProgramVersion: 7.3.2  TimeStamp: 2026/03/11-12:29:46-GMT  BuildTime: Aug  4 2022 06:17:15  BuildStamp: freesurfer-linux-ubuntu22_x86_64-7.3.2-20220804-6354275  User: oesteban  Machine: dna043  Platform: Linux  PlatformVersion: 5.14.0-427.37.1.el9_4.x86_64  CompilerName: GCC  CompilerVersion: 8.4.0
ProgramName: mri_label2label  ProgramArguments: mri_label2label -all-info  ProgramVersion: 7.3.2  TimeStamp: 2026/03/11-12:29:46-GMT  BuildTime: Aug  4 2022 06:17:15  BuildStamp: freesurfer-linux-ubuntu22_x86_64-7.3.2-20220804-6354275  User: oesteban  Machine: dna043  Platform: Linux  PlatformVersion: 5.14.0-427.37.1.el9_4.x86_64  CompilerName: GCC  CompilerVersion: 8.4.0
ProgramName: mri_label2vol  ProgramArguments: mri_label2vol -all-info  ProgramVersion: 7.3.2  TimeStamp: 2026/03/11-12:29:46-GMT  BuildTime: Aug  4 2022 06:17:15  BuildStamp: freesurfer-linux-ubuntu22_x86_64-7.3.2-20220804-6354275  User: oesteban  Machine: dna043  Platform: Linux  PlatformVersion: 5.14.0-427.37.1.el9_4.x86_64  CompilerName: GCC  CompilerVersion: 8.4.0
ProgramName: mri_log_likelihood  ProgramArguments: mri_log_likelihood -all-info  ProgramVersion: 7.3.2  TimeStamp: 2026/03/11-12:29:46-GMT  BuildTime: Aug  4 2022 06:17:15  BuildStamp: freesurfer-linux-ubuntu22_x86_64-7.3.2-20220804-6354275  User: oesteban  Machine: dna043  Platform: Linux  PlatformVersion: 5.14.0-427.37.1.el9_4.x86_64  CompilerName: GCC  CompilerVersion: 8.4.0
ProgramName: mri_mask  ProgramArguments: mri_mask -all-info  ProgramVersion: 7.3.2  TimeStamp: 2026/03/11-12:29:46-GMT  BuildTime: Aug  4 2022 06:17:15  BuildStamp: freesurfer-linux-ubuntu22_x86_64-7.3.2-20220804-6354275  User: oesteban  Machine: dna043  Platform: Linux  PlatformVersion: 5.14.0-427.37.1.el9_4.x86_64  CompilerName: GCC  CompilerVersion: 8.4.0
ProgramName: mri_matrix_multiply  ProgramArguments: mri_matrix_multiply -all-info  ProgramVersion: 7.3.2  TimeStamp: 2026/03/11-12:29:46-GMT  BuildTime: Aug  4 2022 06:17:15  BuildStamp: freesurfer-linux-ubuntu22_x86_64-7.3.2-20220804-6354275  User: oesteban  Machine: dna043  Platform: Linux  PlatformVersion: 5.14.0-427.37.1.el9_4.x86_64  CompilerName: GCC  CompilerVersion: 8.4.0
ProgramName: mri_normalize  ProgramArguments: mri_normalize -all-info  ProgramVersion: 7.3.2  TimeStamp: 2026/03/11-12:29:46-GMT  BuildTime: Aug  4 2022 06:17:15  BuildStamp: freesurfer-linux-ubuntu22_x86_64-7.3.2-20220804-6354275  User: oesteban  Machine: dna043  Platform: Linux  PlatformVersion: 5.14.0-427.37.1.el9_4.x86_64  CompilerName: GCC  CompilerVersion: 8.4.0
ProgramName: mri_normalize_tp2  ProgramArguments: mri_normalize_tp2 -all-info  ProgramVersion: 7.3.2  TimeStamp: 2026/03/11-12:29:46-GMT  BuildTime: Aug  4 2022 06:17:15  BuildStamp: freesurfer-linux-ubuntu22_x86_64-7.3.2-20220804-6354275  User: oesteban  Machine: dna043  Platform: Linux  PlatformVersion: 5.14.0-427.37.1.el9_4.x86_64  CompilerName: GCC  CompilerVersion: 8.4.0
ProgramName: mri_or  ProgramArguments: mri_or -all-info  ProgramVersion: 7.3.2  TimeStamp: 2026/03/11-12:29:46-GMT  BuildTime: Aug  4 2022 06:17:15  BuildStamp: freesurfer-linux-ubuntu22_x86_64-7.3.2-20220804-6354275  User: oesteban  Machine: dna043  Platform: Linux  PlatformVersion: 5.14.0-427.37.1.el9_4.x86_64  CompilerName: GCC  CompilerVersion: 8.4.0
ProgramName: mri_relabel_hypointensities  ProgramArguments: mri_relabel_hypointensities -all-info  ProgramVersion: 7.3.2  TimeStamp: 2026/03/11-12:29:46-GMT  BuildTime: Aug  4 2022 06:17:15  BuildStamp: freesurfer-linux-ubuntu22_x86_64-7.3.2-20220804-6354275  User: oesteban  Machine: dna043  Platform: Linux  PlatformVersion: 5.14.0-427.37.1.el9_4.x86_64  CompilerName: GCC  CompilerVersion: 8.4.0
ProgramName: mri_relabel_nonwm_hypos  ProgramArguments: mri_relabel_nonwm_hypos -all-info  ProgramVersion: 7.3.2  TimeStamp: 2026/03/11-12:29:46-GMT  BuildTime: Aug  4 2022 06:17:15  BuildStamp: freesurfer-linux-ubuntu22_x86_64-7.3.2-20220804-6354275  User: oesteban  Machine: dna043  Platform: Linux  PlatformVersion: 5.14.0-427.37.1.el9_4.x86_64  CompilerName: GCC  CompilerVersion: 8.4.0
ProgramName: mri_remove_neck  ProgramArguments: mri_remove_neck -all-info  ProgramVersion: 7.3.2  TimeStamp: 2026/03/11-12:29:46-GMT  BuildTime: Aug  4 2022 06:17:15  BuildStamp: freesurfer-linux-ubuntu22_x86_64-7.3.2-20220804-6354275  User: oesteban  Machine: dna043  Platform: Linux  PlatformVersion: 5.14.0-427.37.1.el9_4.x86_64  CompilerName: GCC  CompilerVersion: 8.4.0
7.3.2

ProgramName: mri_robust_register  ProgramArguments: mri_robust_register -all-info  ProgramVersion: 7.3.2  TimeStamp: 2026/03/11-12:29:46-GMT  BuildTime: Aug  4 2022 06:17:15  BuildStamp: freesurfer-linux-ubuntu22_x86_64-7.3.2-20220804-6354275  User: oesteban  Machine: dna043  Platform: Linux  PlatformVersion: 5.14.0-427.37.1.el9_4.x86_64  CompilerName: GCC  CompilerVersion: 8.4.0
7.3.2

ProgramName: mri_robust_template  ProgramArguments: mri_robust_template -all-info  ProgramVersion: 7.3.2  TimeStamp: 2026/03/11-12:29:46-GMT  BuildTime: Aug  4 2022 06:17:15  BuildStamp: freesurfer-linux-ubuntu22_x86_64-7.3.2-20220804-6354275  User: oesteban  Machine: dna043  Platform: Linux  PlatformVersion: 5.14.0-427.37.1.el9_4.x86_64  CompilerName: GCC  CompilerVersion: 8.4.0
ProgramName: mris_anatomical_stats  ProgramArguments: mris_anatomical_stats -all-info  ProgramVersion: 7.3.2  TimeStamp: 2026/03/11-12:29:46-GMT  BuildTime: Aug  4 2022 06:17:15  BuildStamp: freesurfer-linux-ubuntu22_x86_64-7.3.2-20220804-6354275  User: oesteban  Machine: dna043  Platform: Linux  PlatformVersion: 5.14.0-427.37.1.el9_4.x86_64  CompilerName: GCC  CompilerVersion: 8.4.0
ProgramName: mris_ca_label  ProgramArguments: mris_ca_label -all-info  ProgramVersion: 7.3.2  TimeStamp: 2026/03/11-12:29:47-GMT  BuildTime: Aug  4 2022 06:17:15  BuildStamp: freesurfer-linux-ubuntu22_x86_64-7.3.2-20220804-6354275  User: oesteban  Machine: dna043  Platform: Linux  PlatformVersion: 5.14.0-427.37.1.el9_4.x86_64  CompilerName: GCC  CompilerVersion: 8.4.0
ProgramName: mris_calc  ProgramArguments: mris_calc -all-info  ProgramVersion: 7.3.2  TimeStamp: 2026/03/11-12:29:47-GMT  BuildTime: Aug  4 2022 06:17:15  BuildStamp: freesurfer-linux-ubuntu22_x86_64-7.3.2-20220804-6354275  User: oesteban  Machine: dna043  Platform: Linux  PlatformVersion: 5.14.0-427.37.1.el9_4.x86_64  CompilerName: GCC  CompilerVersion: 8.4.0
ProgramName: mris_convert  ProgramArguments: mris_convert -all-info  ProgramVersion: 7.3.2  TimeStamp: 2026/03/11-12:29:47-GMT  BuildTime: Aug  4 2022 06:17:15  BuildStamp: freesurfer-linux-ubuntu22_x86_64-7.3.2-20220804-6354275  User: oesteban  Machine: dna043  Platform: Linux  PlatformVersion: 5.14.0-427.37.1.el9_4.x86_64  CompilerName: GCC  CompilerVersion: 8.4.0
ProgramName: mris_curvature  ProgramArguments: mris_curvature -all-info  ProgramVersion: 7.3.2  TimeStamp: 2026/03/11-12:29:47-GMT  BuildTime: Aug  4 2022 06:17:15  BuildStamp: freesurfer-linux-ubuntu22_x86_64-7.3.2-20220804-6354275  User: oesteban  Machine: dna043  Platform: Linux  PlatformVersion: 5.14.0-427.37.1.el9_4.x86_64  CompilerName: GCC  CompilerVersion: 8.4.0
ProgramName: mris_curvature_stats  ProgramArguments: mris_curvature_stats -all-info  ProgramVersion: 7.3.2  TimeStamp: 2026/03/11-12:29:47-GMT  BuildTime: Aug  4 2022 06:17:15  BuildStamp: freesurfer-linux-ubuntu22_x86_64-7.3.2-20220804-6354275  User: oesteban  Machine: dna043  Platform: Linux  PlatformVersion: 5.14.0-427.37.1.el9_4.x86_64  CompilerName: GCC  CompilerVersion: 8.4.0
ProgramName: mris_diff  ProgramArguments: mris_diff -all-info  ProgramVersion: 7.3.2  TimeStamp: 2026/03/11-12:29:47-GMT  BuildTime: Aug  4 2022 06:17:15  BuildStamp: freesurfer-linux-ubuntu22_x86_64-7.3.2-20220804-6354275  User: oesteban  Machine: dna043  Platform: Linux  PlatformVersion: 5.14.0-427.37.1.el9_4.x86_64  CompilerName: GCC  CompilerVersion: 8.4.0
ProgramName: mris_divide_parcellation  ProgramArguments: mris_divide_parcellation -all-info  ProgramVersion: 7.3.2  TimeStamp: 2026/03/11-12:29:47-GMT  BuildTime: Aug  4 2022 06:17:15  BuildStamp: freesurfer-linux-ubuntu22_x86_64-7.3.2-20220804-6354275  User: oesteban  Machine: dna043  Platform: Linux  PlatformVersion: 5.14.0-427.37.1.el9_4.x86_64  CompilerName: GCC  CompilerVersion: 8.4.0
ProgramName: mri_segment  ProgramArguments: mri_segment -all-info  ProgramVersion: 7.3.2  TimeStamp: 2026/03/11-12:29:47-GMT  BuildTime: Aug  4 2022 06:17:15  BuildStamp: freesurfer-linux-ubuntu22_x86_64-7.3.2-20220804-6354275  User: oesteban  Machine: dna043  Platform: Linux  PlatformVersion: 5.14.0-427.37.1.el9_4.x86_64  CompilerName: GCC  CompilerVersion: 8.4.0
ProgramName: mri_segstats  ProgramArguments: mri_segstats -all-info  ProgramVersion: 7.3.2  TimeStamp: 2026/03/11-12:29:47-GMT  BuildTime: Aug  4 2022 06:17:15  BuildStamp: freesurfer-linux-ubuntu22_x86_64-7.3.2-20220804-6354275  User: oesteban  Machine: dna043  Platform: Linux  PlatformVersion: 5.14.0-427.37.1.el9_4.x86_64  CompilerName: GCC  CompilerVersion: 8.4.0
ProgramName: mris_euler_number  ProgramArguments: mris_euler_number -all-info  ProgramVersion: 7.3.2  TimeStamp: 2026/03/11-12:29:47-GMT  BuildTime: Aug  4 2022 06:17:15  BuildStamp: freesurfer-linux-ubuntu22_x86_64-7.3.2-20220804-6354275  User: oesteban  Machine: dna043  Platform: Linux  PlatformVersion: 5.14.0-427.37.1.el9_4.x86_64  CompilerName: GCC  CompilerVersion: 8.4.0
ProgramName: mris_fix_topology  ProgramArguments: mris_fix_topology -all-info  ProgramVersion: 7.3.2  TimeStamp: 2026/03/11-12:29:47-GMT  BuildTime: Aug  4 2022 06:17:15  BuildStamp: freesurfer-linux-ubuntu22_x86_64-7.3.2-20220804-6354275  User: oesteban  Machine: dna043  Platform: Linux  PlatformVersion: 5.14.0-427.37.1.el9_4.x86_64  CompilerName: GCC  CompilerVersion: 8.4.0
ProgramName: mris_topo_fixer  ProgramArguments: mris_topo_fixer -all-info  ProgramVersion: 7.3.2  TimeStamp: 2026/03/11-12:29:47-GMT  BuildTime: Aug  4 2022 06:17:15  BuildStamp: freesurfer-linux-ubuntu22_x86_64-7.3.2-20220804-6354275  User: oesteban  Machine: dna043  Platform: Linux  PlatformVersion: 5.14.0-427.37.1.el9_4.x86_64  CompilerName: GCC  CompilerVersion: 8.4.0
ProgramName: mris_jacobian  ProgramArguments: mris_jacobian -all-info  ProgramVersion: 7.3.2  TimeStamp: 2026/03/11-12:29:47-GMT  BuildTime: Aug  4 2022 06:17:15  BuildStamp: freesurfer-linux-ubuntu22_x86_64-7.3.2-20220804-6354275  User: oesteban  Machine: dna043  Platform: Linux  PlatformVersion: 5.14.0-427.37.1.el9_4.x86_64  CompilerName: GCC  CompilerVersion: 8.4.0
ProgramName: mris_label2annot  ProgramArguments: mris_label2annot -all-info  ProgramVersion: 7.3.2  TimeStamp: 2026/03/11-12:29:47-GMT  BuildTime: Aug  4 2022 06:17:15  BuildStamp: freesurfer-linux-ubuntu22_x86_64-7.3.2-20220804-6354275  User: oesteban  Machine: dna043  Platform: Linux  PlatformVersion: 5.14.0-427.37.1.el9_4.x86_64  CompilerName: GCC  CompilerVersion: 8.4.0
ProgramName: mris_left_right_register  ProgramArguments: mris_left_right_register -all-info  ProgramVersion: 7.3.2  TimeStamp: 2026/03/11-12:29:47-GMT  BuildTime: Aug  4 2022 06:17:15  BuildStamp: freesurfer-linux-ubuntu22_x86_64-7.3.2-20220804-6354275  User: oesteban  Machine: dna043  Platform: Linux  PlatformVersion: 5.14.0-427.37.1.el9_4.x86_64  CompilerName: GCC  CompilerVersion: 8.4.0
ProgramName: mris_place_surface  ProgramArguments: mris_place_surface -all-info  ProgramVersion: 7.3.2  TimeStamp: 2026/03/11-12:29:47-GMT  BuildTime: Aug  4 2022 06:17:15  BuildStamp: freesurfer-linux-ubuntu22_x86_64-7.3.2-20220804-6354275  User: oesteban  Machine: dna043  Platform: Linux  PlatformVersion: 5.14.0-427.37.1.el9_4.x86_64  CompilerName: GCC  CompilerVersion: 8.4.0
ProgramName: mrisp_paint  ProgramArguments: mrisp_paint -all-info  ProgramVersion: 7.3.2  TimeStamp: 2026/03/11-12:29:47-GMT  BuildTime: Aug  4 2022 06:17:15  BuildStamp: freesurfer-linux-ubuntu22_x86_64-7.3.2-20220804-6354275  User: oesteban  Machine: dna043  Platform: Linux  PlatformVersion: 5.14.0-427.37.1.el9_4.x86_64  CompilerName: GCC  CompilerVersion: 8.4.0
ProgramName: mris_register  ProgramArguments: mris_register -all-info  ProgramVersion: 7.3.2  TimeStamp: 2026/03/11-12:29:47-GMT  BuildTime: Aug  4 2022 06:17:15  BuildStamp: freesurfer-linux-ubuntu22_x86_64-7.3.2-20220804-6354275  User: oesteban  Machine: dna043  Platform: Linux  PlatformVersion: 5.14.0-427.37.1.el9_4.x86_64  CompilerName: GCC  CompilerVersion: 8.4.0
ProgramName: mris_smooth  ProgramArguments: mris_smooth -all-info  ProgramVersion: 7.3.2  TimeStamp: 2026/03/11-12:29:47-GMT  BuildTime: Aug  4 2022 06:17:15  BuildStamp: freesurfer-linux-ubuntu22_x86_64-7.3.2-20220804-6354275  User: oesteban  Machine: dna043  Platform: Linux  PlatformVersion: 5.14.0-427.37.1.el9_4.x86_64  CompilerName: GCC  CompilerVersion: 8.4.0
ProgramName: mris_sphere  ProgramArguments: mris_sphere -all-info  ProgramVersion: 7.3.2  TimeStamp: 2026/03/11-12:29:47-GMT  BuildTime: Aug  4 2022 06:17:15  BuildStamp: freesurfer-linux-ubuntu22_x86_64-7.3.2-20220804-6354275  User: oesteban  Machine: dna043  Platform: Linux  PlatformVersion: 5.14.0-427.37.1.el9_4.x86_64  CompilerName: GCC  CompilerVersion: 8.4.0
ProgramName: mris_surface_stats  ProgramArguments: mris_surface_stats -all-info  ProgramVersion: 7.3.2  TimeStamp: 2026/03/11-12:29:47-GMT  BuildTime: Aug  4 2022 06:17:15  BuildStamp: freesurfer-linux-ubuntu22_x86_64-7.3.2-20220804-6354275  User: oesteban  Machine: dna043  Platform: Linux  PlatformVersion: 5.14.0-427.37.1.el9_4.x86_64  CompilerName: GCC  CompilerVersion: 8.4.0
ProgramName: mri_stats2seg  ProgramArguments: mri_stats2seg -all-info  ProgramVersion: 7.3.2  TimeStamp: 2026/03/11-12:29:47-GMT  BuildTime: Aug  4 2022 06:17:15  BuildStamp: freesurfer-linux-ubuntu22_x86_64-7.3.2-20220804-6354275  User: oesteban  Machine: dna043  Platform: Linux  PlatformVersion: 5.14.0-427.37.1.el9_4.x86_64  CompilerName: GCC  CompilerVersion: 8.4.0
ProgramName: mris_thickness  ProgramArguments: mris_thickness -all-info  ProgramVersion: 7.3.2  TimeStamp: 2026/03/11-12:29:47-GMT  BuildTime: Aug  4 2022 06:17:15  BuildStamp: freesurfer-linux-ubuntu22_x86_64-7.3.2-20220804-6354275  User: oesteban  Machine: dna043  Platform: Linux  PlatformVersion: 5.14.0-427.37.1.el9_4.x86_64  CompilerName: GCC  CompilerVersion: 8.4.0
ProgramName: mris_thickness_diff  ProgramArguments: mris_thickness_diff -all-info  ProgramVersion: 7.3.2  TimeStamp: 2026/03/11-12:29:47-GMT  BuildTime: Aug  4 2022 06:17:15  BuildStamp: freesurfer-linux-ubuntu22_x86_64-7.3.2-20220804-6354275  User: oesteban  Machine: dna043  Platform: Linux  PlatformVersion: 5.14.0-427.37.1.el9_4.x86_64  CompilerName: GCC  CompilerVersion: 8.4.0
ProgramName: mris_topo_fixer  ProgramArguments: mris_topo_fixer -all-info  ProgramVersion: 7.3.2  TimeStamp: 2026/03/11-12:29:47-GMT  BuildTime: Aug  4 2022 06:17:15  BuildStamp: freesurfer-linux-ubuntu22_x86_64-7.3.2-20220804-6354275  User: oesteban  Machine: dna043  Platform: Linux  PlatformVersion: 5.14.0-427.37.1.el9_4.x86_64  CompilerName: GCC  CompilerVersion: 8.4.0
ProgramName: mri_surf2surf  ProgramArguments: mri_surf2surf -all-info  ProgramVersion: 7.3.2  TimeStamp: 2026/03/11-12:29:47-GMT  BuildTime: Aug  4 2022 06:17:15  BuildStamp: freesurfer-linux-ubuntu22_x86_64-7.3.2-20220804-6354275  User: oesteban  Machine: dna043  Platform: Linux  PlatformVersion: 5.14.0-427.37.1.el9_4.x86_64  CompilerName: GCC  CompilerVersion: 8.4.0
ProgramName: mri_surf2vol  ProgramArguments: mri_surf2vol -all-info  ProgramVersion: 7.3.2  TimeStamp: 2026/03/11-12:29:47-GMT  BuildTime: Aug  4 2022 06:17:15  BuildStamp: freesurfer-linux-ubuntu22_x86_64-7.3.2-20220804-6354275  User: oesteban  Machine: dna043  Platform: Linux  PlatformVersion: 5.14.0-427.37.1.el9_4.x86_64  CompilerName: GCC  CompilerVersion: 8.4.0
ProgramName: mri_surfcluster  ProgramArguments: mri_surfcluster -all-info  ProgramVersion: 7.3.2  TimeStamp: 2026/03/11-12:29:47-GMT  BuildTime: Aug  4 2022 06:17:15  BuildStamp: freesurfer-linux-ubuntu22_x86_64-7.3.2-20220804-6354275  User: oesteban  Machine: dna043  Platform: Linux  PlatformVersion: 5.14.0-427.37.1.el9_4.x86_64  CompilerName: GCC  CompilerVersion: 8.4.0
ProgramName: mris_volmask  ProgramArguments: mris_volmask -all-info  ProgramVersion: 7.3.2  TimeStamp: 2026/03/11-12:29:47-GMT  BuildTime: Aug  4 2022 06:17:15  BuildStamp: freesurfer-linux-ubuntu22_x86_64-7.3.2-20220804-6354275  User: oesteban  Machine: dna043  Platform: Linux  PlatformVersion: 5.14.0-427.37.1.el9_4.x86_64  CompilerName: GCC  CompilerVersion: 8.4.0
ProgramName: mri_tessellate  ProgramArguments: mri_tessellate -all-info  ProgramVersion: 7.3.2  TimeStamp: 2026/03/11-12:29:47-GMT  BuildTime: Aug  4 2022 06:17:15  BuildStamp: freesurfer-linux-ubuntu22_x86_64-7.3.2-20220804-6354275  User: oesteban  Machine: dna043  Platform: Linux  PlatformVersion: 5.14.0-427.37.1.el9_4.x86_64  CompilerName: GCC  CompilerVersion: 8.4.0
ProgramName: mri_vol2surf  ProgramArguments: mri_vol2surf -all-info  ProgramVersion: 7.3.2  TimeStamp: 2026/03/11-12:29:47-GMT  BuildTime: Aug  4 2022 06:17:15  BuildStamp: freesurfer-linux-ubuntu22_x86_64-7.3.2-20220804-6354275  User: oesteban  Machine: dna043  Platform: Linux  PlatformVersion: 5.14.0-427.37.1.el9_4.x86_64  CompilerName: GCC  CompilerVersion: 8.4.0
ProgramName: mri_vol2vol  ProgramArguments: mri_vol2vol -all-info  ProgramVersion: 7.3.2  TimeStamp: 2026/03/11-12:29:47-GMT  BuildTime: Aug  4 2022 06:17:15  BuildStamp: freesurfer-linux-ubuntu22_x86_64-7.3.2-20220804-6354275  User: oesteban  Machine: dna043  Platform: Linux  PlatformVersion: 5.14.0-427.37.1.el9_4.x86_64  CompilerName: GCC  CompilerVersion: 8.4.0
ProgramName: mri_voldiff  ProgramArguments: mri_voldiff -all-info  ProgramVersion: 7.3.2  TimeStamp: 2026/03/11-12:29:47-GMT  BuildTime: Aug  4 2022 06:17:15  BuildStamp: freesurfer-linux-ubuntu22_x86_64-7.3.2-20220804-6354275  User: oesteban  Machine: dna043  Platform: Linux  PlatformVersion: 5.14.0-427.37.1.el9_4.x86_64  CompilerName: GCC  CompilerVersion: 8.4.0
ProgramName: mri_watershed  ProgramArguments: mri_watershed -all-info  ProgramVersion: 7.3.2  TimeStamp: 2026/03/11-12:29:47-GMT  BuildTime: Aug  4 2022 06:17:15  BuildStamp: freesurfer-linux-ubuntu22_x86_64-7.3.2-20220804-6354275  User: oesteban  Machine: dna043  Platform: Linux  PlatformVersion: 5.14.0-427.37.1.el9_4.x86_64  CompilerName: GCC  CompilerVersion: 8.4.0
ProgramName: tkregister2  ProgramArguments: tkregister2_cmdl -all-info  ProgramVersion: 7.3.2  TimeStamp: 2026/03/11-12:29:47-GMT  BuildTime: Aug  4 2022 06:17:15  BuildStamp: freesurfer-linux-ubuntu22_x86_64-7.3.2-20220804-6354275  User: oesteban  Machine: dna043  Platform: Linux  PlatformVersion: 5.14.0-427.37.1.el9_4.x86_64  CompilerName: GCC  CompilerVersion: 8.4.0
mri_motion_correct.fsl 7.3.2
mri_convert -all-info 
ProgramName: mri_convert  ProgramArguments: mri_convert -all-info  ProgramVersion: 7.3.2  TimeStamp: 2026/03/11-12:29:47-GMT  BuildTime: Aug  4 2022 06:17:15  BuildStamp: freesurfer-linux-ubuntu22_x86_64-7.3.2-20220804-6354275  User: oesteban  Machine: dna043  Platform: Linux  PlatformVersion: 5.14.0-427.37.1.el9_4.x86_64  CompilerName: GCC  CompilerVersion: 8.4.0
Program nu_correct, built from:
Package MNI N3, version 1.12.0, compiled by nicks@terrier (x86_64-unknown-linux-gnu) on 2015-06-19 at 01:25:34
#######################################
GCADIR /opt/freesurfer/average
GCA RB_all_2020-01-02.gca
GCASkull RB_all_withskull_2020_01_02.gca
AvgCurvTif folding.atlas.acfb40.noaparc.i12.2016-08-02.tif
GCSDIR /opt/freesurfer/average
GCS DKaparc.atlas.acfb40.noaparc.i12.2016-08-02.gcs
#######################################
#--------------------------------------------
#@# AutoDetGWStats rh Wed Mar 11 13:29:47 CET 2026
cd /out/sourcedata/freesurfer/sub-v2s16x51246_ses-1/mri
mris_autodet_gwstats --o ../surf/autodet.gw.stats.rh.dat --i brain.finalsurfs.mgz --wm wm.mgz --surf ../surf/rh.orig.premesh
  Update not needed
#--------------------------------------------
#@# WhitePreAparc rh Wed Mar 11 13:29:47 CET 2026
cd /out/sourcedata/freesurfer/sub-v2s16x51246_ses-1/mri
mris_place_surface --adgws-in ../surf/autodet.gw.stats.rh.dat --wm wm.mgz --threads 16 --invol brain.finalsurfs.mgz --rh --i ../surf/rh.orig --o ../surf/rh.white.preaparc --white --seg aseg.presurf.mgz --nsmooth 5
   Update not needed
#--------------------------------------------
#@# CortexLabel rh Wed Mar 11 13:29:47 CET 2026
cd /out/sourcedata/freesurfer/sub-v2s16x51246_ses-1/mri
mri_label2label --label-cortex ../surf/rh.white.preaparc aseg.presurf.mgz 0 ../label/rh.cortex.label
   Update not needed
#--------------------------------------------
#@# CortexLabel+HipAmyg rh Wed Mar 11 13:29:47 CET 2026
cd /out/sourcedata/freesurfer/sub-v2s16x51246_ses-1/mri
mri_label2label --label-cortex ../surf/rh.white.preaparc aseg.presurf.mgz 1 ../label/rh.cortex+hipamyg.label
   Update not needed
#@# white curv rh Wed Mar 11 13:29:47 CET 2026
cd /out/sourcedata/freesurfer/sub-v2s16x51246_ses-1/mri
mris_place_surface --curv-map ../surf/rh.white 2 10 ../surf/rh.curv
   Update not needed
#@# white area rh Wed Mar 11 13:29:47 CET 2026
cd /out/sourcedata/freesurfer/sub-v2s16x51246_ses-1/mri
mris_place_surface --area-map ../surf/rh.white ../surf/rh.area
   Update not needed
#@# pial curv rh Wed Mar 11 13:29:47 CET 2026
cd /out/sourcedata/freesurfer/sub-v2s16x51246_ses-1/mri
mris_place_surface --curv-map ../surf/rh.pial 2 10 ../surf/rh.curv.pial
   Update not needed
#@# pial area rh Wed Mar 11 13:29:47 CET 2026
cd /out/sourcedata/freesurfer/sub-v2s16x51246_ses-1/mri
mris_place_surface --area-map ../surf/rh.pial ../surf/rh.area.pial
   Update not needed
#@# thickness rh Wed Mar 11 13:29:47 CET 2026
cd /out/sourcedata/freesurfer/sub-v2s16x51246_ses-1/mri
mris_place_surface --thickness ../surf/rh.white ../surf/rh.pial 20 5 ../surf/rh.thickness
   Update not needed
#@# area and vertex vol rh Wed Mar 11 13:29:47 CET 2026
cd /out/sourcedata/freesurfer/sub-v2s16x51246_ses-1/mri
mris_place_surface --thickness ../surf/rh.white ../surf/rh.pial 20 5 ../surf/rh.thickness
   Update not needed
#-----------------------------------------
#@# Parcellation Stats rh Wed Mar 11 13:29:47 CET 2026
/out/sourcedata/freesurfer/sub-v2s16x51246_ses-1/scripts

 mris_anatomical_stats -th3 -mgz -noglobal -cortex ../label/rh.cortex.label -f ../stats/rh.aparc.stats -b -a ../label/rh.aparc.annot -c ../label/aparc.annot.ctab sub-v2s16x51246_ses-1 rh white 

computing statistics for each annotation in ../label/rh.aparc.annot.
reading volume /out/sourcedata/freesurfer/sub-v2s16x51246_ses-1/mri/wm.mgz...
reading input surface /out/sourcedata/freesurfer/sub-v2s16x51246_ses-1/surf/rh.white...
reading input pial surface /out/sourcedata/freesurfer/sub-v2s16x51246_ses-1/surf/rh.pial...
reading input white surface /out/sourcedata/freesurfer/sub-v2s16x51246_ses-1/surf/rh.white...
INFO: using TH3 volume calc
INFO: assuming MGZ format for volumes.
INFO: not computing global stats
INFO: using ../label/rh.cortex.label as mask to calc cortex NumVert, SurfArea and MeanThickness.
Using TH3 vertex volume calc
Total face volume 265740
Total vertex volume 265479 (mask=0)
Saving annotation colortable ../label/aparc.annot.ctab

table columns are:
    number of vertices
    total surface area (mm^2)
    total gray matter volume (mm^3)
    average cortical thickness +- standard deviation (mm)
    integrated rectified mean curvature
    integrated rectified Gaussian curvature
    folding index
    intrinsic curvature index
    structure name

 1708   1150   3046  2.831 0.452     0.106     0.015       11     1.2  bankssts
 1329    933   2327  2.123 0.834     0.101     0.014       14     1.0  caudalanteriorcingulate
 2994   2109   5947  2.500 0.508     0.104     0.018       26     2.3  caudalmiddlefrontal
 2090   1514   2741  1.757 0.488     0.140     0.028       25     2.5  cuneus
  539    370   1993  3.567 0.742     0.092     0.024        4     0.4  entorhinal
 5073   3533  13084  3.096 0.681     0.113     0.023       54     4.5  fusiform
 9510   6677  19851  2.545 0.606     0.118     0.022       99     8.4  inferiorparietal
 5305   3735  13632  3.085 0.718     0.113     0.022       56     4.7  inferiortemporal
 1189    852   2481  2.550 0.916     0.127     0.028       16     1.2  isthmuscingulate
 6694   4647  13436  2.466 0.736     0.133     0.028       77     7.7  lateraloccipital
 2934   2049   6758  2.929 0.819     0.126     0.029       34     3.5  lateralorbitofrontal
 4204   3080   7916  2.295 0.739     0.136     0.029       49     5.2  lingual
 3041   2099   6203  2.452 0.825     0.113     0.026       40     3.3  medialorbitofrontal
 6438   4465  16542  2.947 0.670     0.103     0.018       65     5.2  middletemporal
 1144    753   2173  2.432 0.759     0.107     0.023       11     1.3  parahippocampal
 3113   2070   5240  2.326 0.553     0.104     0.017       22     2.3  paracentral
 1609   1136   3310  2.572 0.486     0.104     0.017       16     1.0  parsopercularis
 1120    816   2841  2.564 0.672     0.123     0.025       14     1.1  parsorbitalis
 1746   1245   3220  2.215 0.573     0.104     0.018       17     1.2  parstriangularis
 2099   1449   1903  1.556 0.488     0.131     0.031       21     2.9  pericalcarine
 6899   4500   8934  1.824 0.572     0.097     0.015       55     4.6  postcentral
 1788   1315   3772  2.548 0.937     0.125     0.027       23     2.1  posteriorcingulate
 8300   5518  14364  2.376 0.492     0.099     0.017       61     5.8  precentral
 5722   4061  10770  2.471 0.585     0.121     0.022       69     5.1  precuneus
  976    734   2424  2.672 0.883     0.133     0.024       13     1.1  rostralanteriorcingulate
 8524   6114  14716  2.097 0.559     0.120     0.024      116     8.5  rostralmiddlefrontal
11155   7893  23206  2.548 0.660     0.114     0.022      105    10.2  superiorfrontal
 8735   6000  14654  2.162 0.638     0.117     0.021       90     7.7  superiorparietal
 6166   4041  13190  2.861 0.631     0.091     0.013       45     3.6  superiortemporal
 6193   4231  12626  2.559 0.631     0.112     0.019       62     5.1  supramarginal
  438    373   1591  2.635 0.767     0.164     0.034       10     0.8  frontalpole
  572    444   2295  3.609 0.734     0.144     0.041        8     0.9  temporalpole
  573    374    997  2.498 0.542     0.126     0.017        7     0.4  transversetemporal
 3132   2180   7297  3.202 0.698     0.107     0.022       29     2.6  insula

 mris_anatomical_stats -th3 -mgz -noglobal -cortex ../label/rh.cortex.label -f ../stats/rh.aparc.pial.stats -b -a ../label/rh.aparc.annot -c ../label/aparc.annot.ctab sub-v2s16x51246_ses-1 rh pial 

computing statistics for each annotation in ../label/rh.aparc.annot.
reading volume /out/sourcedata/freesurfer/sub-v2s16x51246_ses-1/mri/wm.mgz...
reading input surface /out/sourcedata/freesurfer/sub-v2s16x51246_ses-1/surf/rh.pial...
reading input pial surface /out/sourcedata/freesurfer/sub-v2s16x51246_ses-1/surf/rh.pial...
reading input white surface /out/sourcedata/freesurfer/sub-v2s16x51246_ses-1/surf/rh.white...
INFO: using TH3 volume calc
INFO: assuming MGZ format for volumes.
INFO: not computing global stats
INFO: using ../label/rh.cortex.label as mask to calc cortex NumVert, SurfArea and MeanThickness.
Using TH3 vertex volume calc
Total face volume 265740
Total vertex volume 265479 (mask=0)
Saving annotation colortable ../label/aparc.annot.ctab

table columns are:
    number of vertices
    total surface area (mm^2)
    total gray matter volume (mm^3)
    average cortical thickness +- standard deviation (mm)
    integrated rectified mean curvature
    integrated rectified Gaussian curvature
    folding index
    intrinsic curvature index
    structure name

 1708   1019   3046  2.831 0.452     0.124     0.034      342     2.5  bankssts
 1329   1215   2327  2.123 0.834     0.163     0.038       47     2.2  caudalanteriorcingulate
 2994   2577   5947  2.500 0.508     0.132     0.026       45     3.3  caudalmiddlefrontal
 2090   1787   2741  1.757 0.488     0.165     0.046       84     3.6  cuneus
  539    778   1993  3.567 0.742     0.244     0.057       10     1.6  entorhinal
 5073   4745  13084  3.096 0.681     0.156     0.041      180     8.1  fusiform
 9510   8535  19851  2.545 0.606     0.144     0.033      143    13.2  inferiorparietal
 5305   4985  13632  3.085 0.718     0.149     0.035      143     7.4  inferiortemporal
 1189   1088   2481  2.550 0.916     0.188     0.057       31     3.1  isthmuscingulate
 6694   6085  13436  2.466 0.736     0.143     0.034      163     9.5  lateraloccipital
 2934   2593   6758  2.929 0.819     0.180     0.047       89     6.3  lateralorbitofrontal
 4204   4095   7916  2.295 0.739     0.156     0.042      129     7.2  lingual
 3041   2930   6203  2.452 0.825     0.164     0.035       54     5.0  medialorbitofrontal
 6438   6477  16542  2.947 0.670     0.143     0.030      259     8.2  middletemporal
 1144   1078   2173  2.432 0.759     0.162     0.044       21     2.3  parahippocampal
 3113   2381   5240  2.326 0.553     0.121     0.027       45     3.4  paracentral
 1609   1409   3310  2.572 0.486     0.144     0.026       20     1.8  parsopercularis
 1120   1336   2841  2.564 0.672     0.186     0.036       14     1.8  parsorbitalis
 1746   1597   3220  2.215 0.573     0.151     0.028       23     2.1  parstriangularis
 2099   1180   1903  1.556 0.488     0.109     0.028      161     2.2  pericalcarine
 6899   5346   8934  1.824 0.572     0.109     0.019       59     5.7  postcentral
 1788   1658   3772  2.548 0.937     0.183     0.051      101     3.6  posteriorcingulate
 8300   6276  14364  2.376 0.492     0.111     0.020       80     6.7  precentral
 5722   4667  10770  2.471 0.585     0.176     0.037    31373     9.8  precuneus
  976   1068   2424  2.672 0.883     0.204     0.047       30     2.0  rostralanteriorcingulate
 8524   7961  14716  2.097 0.559     0.159     0.031      115    11.9  rostralmiddlefrontal
11155   9925  23206  2.548 0.660     0.146     0.032      164    14.7  superiorfrontal
 8735   7228  14654  2.162 0.638     0.136     0.028      130    10.2  superiorparietal
 6166   4980  13190  2.861 0.631     0.118     0.023       74     5.8  superiortemporal
 6193   5284  12626  2.559 0.631     0.130     0.030       83     6.6  supramarginal
  438    823   1591  2.635 0.767     0.265     0.044        6     1.0  frontalpole
  572    836   2295  3.609 0.734     0.232     0.050       13     1.2  temporalpole
  573    438    997  2.498 0.542     0.099     0.019        3     0.4  transversetemporal
 3132   2267   7297  3.202 0.698     0.144     0.039       64     4.4  insula
#-----------------------------------------
#@# Parcellation Stats 2 rh Wed Mar 11 13:30:05 CET 2026
/out/sourcedata/freesurfer/sub-v2s16x51246_ses-1/scripts

 mris_anatomical_stats -th3 -mgz -noglobal -cortex ../label/rh.cortex.label -f ../stats/rh.aparc.a2009s.stats -b -a ../label/rh.aparc.a2009s.annot -c ../label/aparc.annot.a2009s.ctab sub-v2s16x51246_ses-1 rh white 

computing statistics for each annotation in ../label/rh.aparc.a2009s.annot.
reading volume /out/sourcedata/freesurfer/sub-v2s16x51246_ses-1/mri/wm.mgz...
reading input surface /out/sourcedata/freesurfer/sub-v2s16x51246_ses-1/surf/rh.white...
reading input pial surface /out/sourcedata/freesurfer/sub-v2s16x51246_ses-1/surf/rh.pial...
reading input white surface /out/sourcedata/freesurfer/sub-v2s16x51246_ses-1/surf/rh.white...
INFO: using TH3 volume calc
INFO: assuming MGZ format for volumes.
INFO: not computing global stats
INFO: using ../label/rh.cortex.label as mask to calc cortex NumVert, SurfArea and MeanThickness.
Using TH3 vertex volume calc
Total face volume 265740
Total vertex volume 265479 (mask=0)
Saving annotation colortable ../label/aparc.annot.a2009s.ctab

table columns are:
    number of vertices
    total surface area (mm^2)
    total gray matter volume (mm^3)
    average cortical thickness +- standard deviation (mm)
    integrated rectified mean curvature
    integrated rectified Gaussian curvature
    folding index
    intrinsic curvature index
    structure name

  869    629   1496  1.964 0.719     0.118     0.027        9     0.9  G_and_S_frontomargin
 1300    887   3137  2.968 0.789     0.115     0.020       12     1.1  G_and_S_occipital_inf
 1990   1288   3614  2.267 0.581     0.112     0.020       19     1.7  G_and_S_paracentral
 1614   1134   3239  2.567 0.514     0.120     0.019       17     1.3  G_and_S_subcentral
 1118    854   2256  2.028 0.610     0.151     0.032       35     1.6  G_and_S_transv_frontopol
 2883   2041   5996  2.518 0.752     0.106     0.018       29     2.3  G_and_S_cingul-Ant
 1536   1068   2980  2.652 0.675     0.105     0.017       12     1.2  G_and_S_cingul-Mid-Ant
 1686   1181   3412  2.797 0.641     0.113     0.019       14     1.4  G_and_S_cingul-Mid-Post
  562    412   1832  3.189 0.649     0.151     0.036        9     0.8  G_cingul-Post-dorsal
  299    219    973  3.165 0.704     0.145     0.037        6     0.4  G_cingul-Post-ventral
 1988   1451   2710  1.683 0.583     0.146     0.030       26     2.5  G_cuneus
 1327    986   3771  2.814 0.512     0.122     0.023       19     1.2  G_front_inf-Opercular
  487    363   1421  2.857 0.483     0.111     0.018        6     0.4  G_front_inf-Orbital
  524    411   1218  2.305 0.438     0.120     0.027        9     0.4  G_front_inf-Triangul
 4139   3130  10275  2.436 0.562     0.134     0.029       74     4.9  G_front_middle
 6896   5073  17200  2.624 0.692     0.124     0.026       83     7.2  G_front_sup
  694    513   1876  3.217 0.774     0.113     0.031       10     0.7  G_Ins_lg_and_S_cent_ins
  622    462   2373  3.591 0.792     0.122     0.030       10     0.7  G_insular_short
 2419   1767   5965  2.581 0.584     0.139     0.028       39     2.7  G_occipital_middle
 1497   1077   4031  2.614 0.924     0.142     0.032       20     1.9  G_occipital_sup
 2487   1704   7949  3.264 0.662     0.121     0.027       34     2.6  G_oc-temp_lat-fusifor
 2777   2064   5304  2.177 0.831     0.143     0.031       36     3.6  G_oc-temp_med-Lingual
 1334    862   4158  3.064 0.967     0.104     0.024       13     1.3  G_oc-temp_med-Parahip
 2286   1648   6542  2.878 0.787     0.132     0.029       32     2.6  G_orbital
 3607   2527   9748  2.755 0.767     0.124     0.024       47     3.3  G_pariet_inf-Angular
 3632   2504   8566  2.674 0.655     0.121     0.021       44     3.3  G_pariet_inf-Supramar
 2718   1884   4608  2.009 0.489     0.117     0.023       34     2.5  G_parietal_sup
 2414   1506   3187  1.816 0.416     0.106     0.018       25     1.7  G_postcentral
 2828   1847   5984  2.538 0.405     0.103     0.020       28     2.3  G_precentral
 2554   1830   6028  2.555 0.633     0.129     0.024       36     2.4  G_precuneus
  872    648   2570  2.874 0.759     0.147     0.035       15     1.4  G_rectus
  547    365    872  2.536 0.804     0.132     0.056        8     1.1  G_subcallosal
  446    273    873  2.662 0.418     0.122     0.015        6     0.2  G_temp_sup-G_T_transv
 2124   1426   6297  3.132 0.634     0.115     0.020       26     1.9  G_temp_sup-Lateral
  704    448   1787  3.277 0.524     0.062     0.011        2     0.3  G_temp_sup-Plan_polar
  919    599   1559  2.445 0.396     0.079     0.011        6     0.3  G_temp_sup-Plan_tempo
 2518   1832   8419  3.291 0.701     0.120     0.025       36     2.7  G_temporal_inf
 3865   2726  11889  3.118 0.684     0.114     0.022       48     3.4  G_temporal_middle
  279    182    311  2.045 0.518     0.097     0.011        1     0.1  Lat_Fis-ant-Horizont
  101     71    170  2.200 0.186     0.062     0.007        0     0.0  Lat_Fis-ant-Vertical
 1401    934   1855  2.446 0.570     0.098     0.016        7     1.0  Lat_Fis-post
 2911   2015   5790  2.210 0.838     0.145     0.033       38     4.2  Pole_occipital
 1631   1274   5891  3.470 0.681     0.134     0.033       23     2.1  Pole_temporal
 1945   1344   2287  2.041 0.707     0.124     0.031       18     2.4  S_calcarine
 3295   2152   3117  1.645 0.497     0.078     0.011       12     1.5  S_central
 1719   1194   2459  2.188 0.546     0.106     0.019       14     1.4  S_cingul-Marginalis
  561    361    842  3.187 0.765     0.096     0.018        3     0.4  S_circular_insula_ant
 1332    849   1883  2.688 0.537     0.065     0.007        3     0.4  S_circular_insula_inf
 1470    961   2079  2.654 0.501     0.094     0.015        6     0.9  S_circular_insula_sup
 1253    842   2393  3.188 0.679     0.101     0.016        9     0.8  S_collat_transv_ant
  593    423    822  2.236 0.462     0.141     0.026        6     0.8  S_collat_transv_post
 2078   1406   2841  2.040 0.524     0.096     0.015       14     1.3  S_front_inf
 2359   1581   2760  1.934 0.495     0.099     0.017       11     1.8  S_front_middle
 2663   1820   3924  2.358 0.450     0.098     0.017       14     1.9  S_front_sup
  249    188    492  2.594 0.698     0.141     0.024        2     0.3  S_interm_prim-Jensen
 3436   2317   4536  2.114 0.501     0.104     0.016       25     2.5  S_intrapariet_and_P_trans
  816    572    979  2.088 0.420     0.122     0.027        6     0.9  S_oc_middle_and_Lunatus
 1612   1097   2171  2.284 0.359     0.112     0.019       12     1.4  S_oc_sup_and_transversal
  692    485   1054  2.392 0.530     0.097     0.014        4     0.4  S_occipital_ant
 1299    878   2136  2.806 0.554     0.105     0.016        8     0.9  S_oc-temp_lat
 2122   1483   3257  2.522 0.566     0.100     0.022       14     1.8  S_oc-temp_med_and_Lingual
  496    339    607  1.936 0.435     0.112     0.024        3     0.5  S_orbital_lateral
  531    374    895  2.544 1.115     0.115     0.022        9     0.6  S_orbital_med-olfact
  972    677   1992  2.615 0.709     0.113     0.025        6     1.0  S_orbital-H_Shaped
 2396   1616   3138  2.261 0.580     0.111     0.018       22     2.0  S_parieto_occipital
 1631   1120   1419  1.557 0.529     0.106     0.019       22     1.3  S_pericallosal
 3038   2010   3591  1.989 0.480     0.095     0.016       18     2.0  S_postcentral
 1680   1123   2493  2.415 0.384     0.095     0.012       10     0.9  S_precentral-inf-part
 1871   1260   2626  2.342 0.391     0.099     0.016       11     1.2  S_precentral-sup-part
  524    348    664  2.003 0.688     0.095     0.010        4     0.3  S_suborbital
 1027    787   2047  2.542 0.476     0.140     0.030       13     1.2  S_subparietal
 1657   1104   2251  2.414 0.439     0.098     0.013        9     1.0  S_temporal_inf
 8035   5411  13051  2.616 0.469     0.098     0.016       52     5.5  S_temporal_sup
  295    228    538  3.027 0.539     0.150     0.014        3     0.2  S_temporal_transverse
#-----------------------------------------
#@# Parcellation Stats 3 rh Wed Mar 11 13:30:15 CET 2026
/out/sourcedata/freesurfer/sub-v2s16x51246_ses-1/scripts

 mris_anatomical_stats -th3 -mgz -noglobal -cortex ../label/rh.cortex.label -f ../stats/rh.aparc.DKTatlas.stats -b -a ../label/rh.aparc.DKTatlas.annot -c ../label/aparc.annot.DKTatlas.ctab sub-v2s16x51246_ses-1 rh white 

computing statistics for each annotation in ../label/rh.aparc.DKTatlas.annot.
reading volume /out/sourcedata/freesurfer/sub-v2s16x51246_ses-1/mri/wm.mgz...
reading input surface /out/sourcedata/freesurfer/sub-v2s16x51246_ses-1/surf/rh.white...
reading input pial surface /out/sourcedata/freesurfer/sub-v2s16x51246_ses-1/surf/rh.pial...
reading input white surface /out/sourcedata/freesurfer/sub-v2s16x51246_ses-1/surf/rh.white...
INFO: using TH3 volume calc
INFO: assuming MGZ format for volumes.
INFO: not computing global stats
INFO: using ../label/rh.cortex.label as mask to calc cortex NumVert, SurfArea and MeanThickness.
Using TH3 vertex volume calc
Total face volume 265740
Total vertex volume 265479 (mask=0)
Saving annotation colortable ../label/aparc.annot.DKTatlas.ctab

table columns are:
    number of vertices
    total surface area (mm^2)
    total gray matter volume (mm^3)
    average cortical thickness +- standard deviation (mm)
    integrated rectified mean curvature
    integrated rectified Gaussian curvature
    folding index
    intrinsic curvature index
    structure name

 1407    981   2426  2.130 0.835     0.100     0.014       14     1.0  caudalanteriorcingulate
 3070   2161   6034  2.496 0.505     0.105     0.018       27     2.4  caudalmiddlefrontal
 2695   1932   3772  1.827 0.554     0.137     0.026       30     3.1  cuneus
  507    344   1918  3.584 0.778     0.095     0.025        4     0.4  entorhinal
 4749   3265  12066  3.064 0.686     0.112     0.023       50     4.2  fusiform
 9469   6638  19915  2.558 0.617     0.119     0.022      100     8.5  inferiorparietal
 5620   3997  14592  3.107 0.715     0.114     0.022       61     5.1  inferiortemporal
 1181    849   2485  2.549 0.912     0.129     0.030       18     1.3  isthmuscingulate
 6635   4614  13214  2.445 0.739     0.135     0.029       78     7.8  lateraloccipital
 3188   2281   7952  2.846 0.845     0.127     0.030       39     3.8  lateralorbitofrontal
 4155   3046   7836  2.298 0.744     0.137     0.030       49     5.2  lingual
 2041   1452   4286  2.466 0.842     0.122     0.031       27     2.8  medialorbitofrontal
 7691   5328  18920  2.932 0.644     0.105     0.019       76     6.2  middletemporal
 1184    786   2269  2.452 0.752     0.103     0.021       10     1.2  parahippocampal
 3307   2200   5733  2.338 0.567     0.107     0.019       27     2.6  paracentral
 1929   1374   3994  2.540 0.481     0.105     0.019       22     1.3  parsopercularis
 1096    763   2568  2.708 0.678     0.115     0.021        9     1.0  parsorbitalis
 1636   1152   2614  2.070 0.539     0.110     0.018       15     1.2  parstriangularis
 2036   1412   1858  1.558 0.486     0.129     0.030       19     2.7  pericalcarine
 7628   5008   9874  1.845 0.571     0.100     0.016       64     5.2  postcentral
 1892   1392   4078  2.597 0.918     0.127     0.027       25     2.2  posteriorcingulate
 7920   5247  13600  2.365 0.491     0.099     0.017       58     5.6  precentral
 5755   4086  11024  2.477 0.592     0.122     0.023       68     5.3  precuneus
 1320    959   2918  2.542 0.883     0.123     0.023       16     1.4  rostralanteriorcingulate
 6319   4507  11110  2.143 0.552     0.119     0.024       76     6.2  rostralmiddlefrontal
14184  10110  29067  2.468 0.675     0.115     0.022      160    13.1  superiorfrontal
 7242   4950  12145  2.167 0.632     0.113     0.020       72     5.9  superiorparietal
 7762   5157  17214  2.901 0.649     0.096     0.016       59     5.1  superiortemporal
 5959   4055  12113  2.560 0.623     0.110     0.019       58     4.8  supramarginal
  567    373    988  2.510 0.569     0.125     0.016        7     0.3  transversetemporal
 2908   2041   6894  3.252 0.680     0.107     0.021       26     2.4  insula
/out/sourcedata/freesurfer/sub-v2s16x51246_ses-1/label
#--------------------------------------------
#@# BA_exvivo Labels rh Wed Mar 11 13:30:24 CET 2026

 mri_label2label --srcsubject fsaverage --srclabel /out/sourcedata/freesurfer/fsaverage/label/rh.BA1_exvivo.label --trgsubject sub-v2s16x51246_ses-1 --trglabel ./rh.BA1_exvivo.label --hemi rh --regmethod surface 


srclabel = /out/sourcedata/freesurfer/fsaverage/label/rh.BA1_exvivo.label
srcsubject = fsaverage
trgsubject = sub-v2s16x51246_ses-1
trglabel = ./rh.BA1_exvivo.label
regmethod = surface

srchemi = rh
trghemi = rh
trgsurface = white
srcsurfreg = sphere.reg
trgsurfreg = sphere.reg
usehash = 1
Use ProjAbs  = 0, 0
Use ProjFrac = 0, 0
DoPaint 0

SUBJECTS_DIR    /out/sourcedata/freesurfer
FREESURFER_HOME /opt/freesurfer
Loading source label.
Found 3962 points in source label.
Starting surface-based mapping
Reading source registration 
 /out/sourcedata/freesurfer/fsaverage/surf/rh.sphere.reg
Rescaling ...  original radius = 100
Reading target surface 
 /out/sourcedata/freesurfer/sub-v2s16x51246_ses-1/surf/rh.white
Reading target registration 
 /out/sourcedata/freesurfer/sub-v2s16x51246_ses-1/surf/rh.sphere.reg
Rescaling ...  original radius = 100
Building target registration hash (res=16).
Building source registration hash (res=16).
INFO: found  3962 nlabel points
Performing mapping from target back to the source label 141383
Number of reverse mapping hits = 247
Checking for and removing duplicates
Writing label file ./rh.BA1_exvivo.label 4209
mri_label2label: Done


 mri_label2label --srcsubject fsaverage --srclabel /out/sourcedata/freesurfer/fsaverage/label/rh.BA2_exvivo.label --trgsubject sub-v2s16x51246_ses-1 --trglabel ./rh.BA2_exvivo.label --hemi rh --regmethod surface 


srclabel = /out/sourcedata/freesurfer/fsaverage/label/rh.BA2_exvivo.label
srcsubject = fsaverage
trgsubject = sub-v2s16x51246_ses-1
trglabel = ./rh.BA2_exvivo.label
regmethod = surface

srchemi = rh
trghemi = rh
trgsurface = white
srcsurfreg = sphere.reg
trgsurfreg = sphere.reg
usehash = 1
Use ProjAbs  = 0, 0
Use ProjFrac = 0, 0
DoPaint 0

SUBJECTS_DIR    /out/sourcedata/freesurfer
FREESURFER_HOME /opt/freesurfer
Loading source label.
Found 6687 points in source label.
Starting surface-based mapping
Reading source registration 
 /out/sourcedata/freesurfer/fsaverage/surf/rh.sphere.reg
Rescaling ...  original radius = 100
Reading target surface 
 /out/sourcedata/freesurfer/sub-v2s16x51246_ses-1/surf/rh.white
Reading target registration 
 /out/sourcedata/freesurfer/sub-v2s16x51246_ses-1/surf/rh.sphere.reg
Rescaling ...  original radius = 100
Building target registration hash (res=16).
Building source registration hash (res=16).
INFO: found  6687 nlabel points
Performing mapping from target back to the source label 141383
Number of reverse mapping hits = 368
Checking for and removing duplicates
Writing label file ./rh.BA2_exvivo.label 7055
mri_label2label: Done


 mri_label2label --srcsubject fsaverage --srclabel /out/sourcedata/freesurfer/fsaverage/label/rh.BA3a_exvivo.label --trgsubject sub-v2s16x51246_ses-1 --trglabel ./rh.BA3a_exvivo.label --hemi rh --regmethod surface 


srclabel = /out/sourcedata/freesurfer/fsaverage/label/rh.BA3a_exvivo.label
srcsubject = fsaverage
trgsubject = sub-v2s16x51246_ses-1
trglabel = ./rh.BA3a_exvivo.label
regmethod = surface

srchemi = rh
trghemi = rh
trgsurface = white
srcsurfreg = sphere.reg
trgsurfreg = sphere.reg
usehash = 1
Use ProjAbs  = 0, 0
Use ProjFrac = 0, 0
DoPaint 0

SUBJECTS_DIR    /out/sourcedata/freesurfer
FREESURFER_HOME /opt/freesurfer
Loading source label.
Found 3980 points in source label.
Starting surface-based mapping
Reading source registration 
 /out/sourcedata/freesurfer/fsaverage/surf/rh.sphere.reg
Rescaling ...  original radius = 100
Reading target surface 
 /out/sourcedata/freesurfer/sub-v2s16x51246_ses-1/surf/rh.white
Reading target registration 
 /out/sourcedata/freesurfer/sub-v2s16x51246_ses-1/surf/rh.sphere.reg
Rescaling ...  original radius = 100
Building target registration hash (res=16).
Building source registration hash (res=16).
INFO: found  3980 nlabel points
Performing mapping from target back to the source label 141383
Number of reverse mapping hits = 87
Checking for and removing duplicates
Writing label file ./rh.BA3a_exvivo.label 4067
mri_label2label: Done


 mri_label2label --srcsubject fsaverage --srclabel /out/sourcedata/freesurfer/fsaverage/label/rh.BA3b_exvivo.label --trgsubject sub-v2s16x51246_ses-1 --trglabel ./rh.BA3b_exvivo.label --hemi rh --regmethod surface 


srclabel = /out/sourcedata/freesurfer/fsaverage/label/rh.BA3b_exvivo.label
srcsubject = fsaverage
trgsubject = sub-v2s16x51246_ses-1
trglabel = ./rh.BA3b_exvivo.label
regmethod = surface

srchemi = rh
trghemi = rh
trgsurface = white
srcsurfreg = sphere.reg
trgsurfreg = sphere.reg
usehash = 1
Use ProjAbs  = 0, 0
Use ProjFrac = 0, 0
DoPaint 0

SUBJECTS_DIR    /out/sourcedata/freesurfer
FREESURFER_HOME /opt/freesurfer
Loading source label.
Found 4522 points in source label.
Starting surface-based mapping
Reading source registration 
 /out/sourcedata/freesurfer/fsaverage/surf/rh.sphere.reg
Rescaling ...  original radius = 100
Reading target surface 
 /out/sourcedata/freesurfer/sub-v2s16x51246_ses-1/surf/rh.white
Reading target registration 
 /out/sourcedata/freesurfer/sub-v2s16x51246_ses-1/surf/rh.sphere.reg
Rescaling ...  original radius = 100
Building target registration hash (res=16).
Building source registration hash (res=16).
INFO: found  4522 nlabel points
Performing mapping from target back to the source label 141383
Number of reverse mapping hits = 232
Checking for and removing duplicates
Writing label file ./rh.BA3b_exvivo.label 4754
mri_label2label: Done


 mri_label2label --srcsubject fsaverage --srclabel /out/sourcedata/freesurfer/fsaverage/label/rh.BA4a_exvivo.label --trgsubject sub-v2s16x51246_ses-1 --trglabel ./rh.BA4a_exvivo.label --hemi rh --regmethod surface 


srclabel = /out/sourcedata/freesurfer/fsaverage/label/rh.BA4a_exvivo.label
srcsubject = fsaverage
trgsubject = sub-v2s16x51246_ses-1
trglabel = ./rh.BA4a_exvivo.label
regmethod = surface

srchemi = rh
trghemi = rh
trgsurface = white
srcsurfreg = sphere.reg
trgsurfreg = sphere.reg
usehash = 1
Use ProjAbs  = 0, 0
Use ProjFrac = 0, 0
DoPaint 0

SUBJECTS_DIR    /out/sourcedata/freesurfer
FREESURFER_HOME /opt/freesurfer
Loading source label.
Found 5747 points in source label.
Starting surface-based mapping
Reading source registration 
 /out/sourcedata/freesurfer/fsaverage/surf/rh.sphere.reg
Rescaling ...  original radius = 100
Reading target surface 
 /out/sourcedata/freesurfer/sub-v2s16x51246_ses-1/surf/rh.white
Reading target registration 
 /out/sourcedata/freesurfer/sub-v2s16x51246_ses-1/surf/rh.sphere.reg
Rescaling ...  original radius = 100
Building target registration hash (res=16).
Building source registration hash (res=16).
INFO: found  5747 nlabel points
Performing mapping from target back to the source label 141383
Number of reverse mapping hits = 390
Checking for and removing duplicates
Writing label file ./rh.BA4a_exvivo.label 6137
mri_label2label: Done


 mri_label2label --srcsubject fsaverage --srclabel /out/sourcedata/freesurfer/fsaverage/label/rh.BA4p_exvivo.label --trgsubject sub-v2s16x51246_ses-1 --trglabel ./rh.BA4p_exvivo.label --hemi rh --regmethod surface 


srclabel = /out/sourcedata/freesurfer/fsaverage/label/rh.BA4p_exvivo.label
srcsubject = fsaverage
trgsubject = sub-v2s16x51246_ses-1
trglabel = ./rh.BA4p_exvivo.label
regmethod = surface

srchemi = rh
trghemi = rh
trgsurface = white
srcsurfreg = sphere.reg
trgsurfreg = sphere.reg
usehash = 1
Use ProjAbs  = 0, 0
Use ProjFrac = 0, 0
DoPaint 0

SUBJECTS_DIR    /out/sourcedata/freesurfer
FREESURFER_HOME /opt/freesurfer
Loading source label.
Found 4473 points in source label.
Starting surface-based mapping
Reading source registration 
 /out/sourcedata/freesurfer/fsaverage/surf/rh.sphere.reg
Rescaling ...  original radius = 100
Reading target surface 
 /out/sourcedata/freesurfer/sub-v2s16x51246_ses-1/surf/rh.white
Reading target registration 
 /out/sourcedata/freesurfer/sub-v2s16x51246_ses-1/surf/rh.sphere.reg
Rescaling ...  original radius = 100
Building target registration hash (res=16).
Building source registration hash (res=16).
INFO: found  4473 nlabel points
Performing mapping from target back to the source label 141383
Number of reverse mapping hits = 170
Checking for and removing duplicates
Writing label file ./rh.BA4p_exvivo.label 4643
mri_label2label: Done


 mri_label2label --srcsubject fsaverage --srclabel /out/sourcedata/freesurfer/fsaverage/label/rh.BA6_exvivo.label --trgsubject sub-v2s16x51246_ses-1 --trglabel ./rh.BA6_exvivo.label --hemi rh --regmethod surface 


srclabel = /out/sourcedata/freesurfer/fsaverage/label/rh.BA6_exvivo.label
srcsubject = fsaverage
trgsubject = sub-v2s16x51246_ses-1
trglabel = ./rh.BA6_exvivo.label
regmethod = surface

srchemi = rh
trghemi = rh
trgsurface = white
srcsurfreg = sphere.reg
trgsurfreg = sphere.reg
usehash = 1
Use ProjAbs  = 0, 0
Use ProjFrac = 0, 0
DoPaint 0

SUBJECTS_DIR    /out/sourcedata/freesurfer
FREESURFER_HOME /opt/freesurfer
Loading source label.
Found 12256 points in source label.
Starting surface-based mapping
Reading source registration 
 /out/sourcedata/freesurfer/fsaverage/surf/rh.sphere.reg
Rescaling ...  original radius = 100
Reading target surface 
 /out/sourcedata/freesurfer/sub-v2s16x51246_ses-1/surf/rh.white
Reading target registration 
 /out/sourcedata/freesurfer/sub-v2s16x51246_ses-1/surf/rh.sphere.reg
Rescaling ...  original radius = 100
Building target registration hash (res=16).
Building source registration hash (res=16).
INFO: found  12256 nlabel points
Performing mapping from target back to the source label 141383
Number of reverse mapping hits = 971
Checking for and removing duplicates
Writing label file ./rh.BA6_exvivo.label 13227
mri_label2label: Done


 mri_label2label --srcsubject fsaverage --srclabel /out/sourcedata/freesurfer/fsaverage/label/rh.BA44_exvivo.label --trgsubject sub-v2s16x51246_ses-1 --trglabel ./rh.BA44_exvivo.label --hemi rh --regmethod surface 


srclabel = /out/sourcedata/freesurfer/fsaverage/label/rh.BA44_exvivo.label
srcsubject = fsaverage
trgsubject = sub-v2s16x51246_ses-1
trglabel = ./rh.BA44_exvivo.label
regmethod = surface

srchemi = rh
trghemi = rh
trgsurface = white
srcsurfreg = sphere.reg
trgsurfreg = sphere.reg
usehash = 1
Use ProjAbs  = 0, 0
Use ProjFrac = 0, 0
DoPaint 0

SUBJECTS_DIR    /out/sourcedata/freesurfer
FREESURFER_HOME /opt/freesurfer
Loading source label.
Found 6912 points in source label.
Starting surface-based mapping
Reading source registration 
 /out/sourcedata/freesurfer/fsaverage/surf/rh.sphere.reg
Rescaling ...  original radius = 100
Reading target surface 
 /out/sourcedata/freesurfer/sub-v2s16x51246_ses-1/surf/rh.white
Reading target registration 
 /out/sourcedata/freesurfer/sub-v2s16x51246_ses-1/surf/rh.sphere.reg
Rescaling ...  original radius = 100
Building target registration hash (res=16).
Building source registration hash (res=16).
INFO: found  6912 nlabel points
Performing mapping from target back to the source label 141383
Number of reverse mapping hits = 325
Checking for and removing duplicates
Writing label file ./rh.BA44_exvivo.label 7237
mri_label2label: Done


 mri_label2label --srcsubject fsaverage --srclabel /out/sourcedata/freesurfer/fsaverage/label/rh.BA45_exvivo.label --trgsubject sub-v2s16x51246_ses-1 --trglabel ./rh.BA45_exvivo.label --hemi rh --regmethod surface 


srclabel = /out/sourcedata/freesurfer/fsaverage/label/rh.BA45_exvivo.label
srcsubject = fsaverage
trgsubject = sub-v2s16x51246_ses-1
trglabel = ./rh.BA45_exvivo.label
regmethod = surface

srchemi = rh
trghemi = rh
trgsurface = white
srcsurfreg = sphere.reg
trgsurfreg = sphere.reg
usehash = 1
Use ProjAbs  = 0, 0
Use ProjFrac = 0, 0
DoPaint 0

SUBJECTS_DIR    /out/sourcedata/freesurfer
FREESURFER_HOME /opt/freesurfer
Loading source label.
Found 5355 points in source label.
Starting surface-based mapping
Reading source registration 
 /out/sourcedata/freesurfer/fsaverage/surf/rh.sphere.reg
Rescaling ...  original radius = 100
Reading target surface 
 /out/sourcedata/freesurfer/sub-v2s16x51246_ses-1/surf/rh.white
Reading target registration 
 /out/sourcedata/freesurfer/sub-v2s16x51246_ses-1/surf/rh.sphere.reg
Rescaling ...  original radius = 100
Building target registration hash (res=16).
Building source registration hash (res=16).
INFO: found  5355 nlabel points
Performing mapping from target back to the source label 141383
Number of reverse mapping hits = 361
Checking for and removing duplicates
Writing label file ./rh.BA45_exvivo.label 5716
mri_label2label: Done


 mri_label2label --srcsubject fsaverage --srclabel /out/sourcedata/freesurfer/fsaverage/label/rh.V1_exvivo.label --trgsubject sub-v2s16x51246_ses-1 --trglabel ./rh.V1_exvivo.label --hemi rh --regmethod surface 


srclabel = /out/sourcedata/freesurfer/fsaverage/label/rh.V1_exvivo.label
srcsubject = fsaverage
trgsubject = sub-v2s16x51246_ses-1
trglabel = ./rh.V1_exvivo.label
regmethod = surface

srchemi = rh
trghemi = rh
trgsurface = white
srcsurfreg = sphere.reg
trgsurfreg = sphere.reg
usehash = 1
Use ProjAbs  = 0, 0
Use ProjFrac = 0, 0
DoPaint 0

SUBJECTS_DIR    /out/sourcedata/freesurfer
FREESURFER_HOME /opt/freesurfer
Loading source label.
Found 4727 points in source label.
Starting surface-based mapping
Reading source registration 
 /out/sourcedata/freesurfer/fsaverage/surf/rh.sphere.reg
Rescaling ...  original radius = 100
Reading target surface 
 /out/sourcedata/freesurfer/sub-v2s16x51246_ses-1/surf/rh.white
Reading target registration 
 /out/sourcedata/freesurfer/sub-v2s16x51246_ses-1/surf/rh.sphere.reg
Rescaling ...  original radius = 100
Building target registration hash (res=16).
Building source registration hash (res=16).
INFO: found  4727 nlabel points
Performing mapping from target back to the source label 141383
Number of reverse mapping hits = 877
Checking for and removing duplicates
Writing label file ./rh.V1_exvivo.label 5604
mri_label2label: Done


 mri_label2label --srcsubject fsaverage --srclabel /out/sourcedata/freesurfer/fsaverage/label/rh.V2_exvivo.label --trgsubject sub-v2s16x51246_ses-1 --trglabel ./rh.V2_exvivo.label --hemi rh --regmethod surface 


srclabel = /out/sourcedata/freesurfer/fsaverage/label/rh.V2_exvivo.label
srcsubject = fsaverage
trgsubject = sub-v2s16x51246_ses-1
trglabel = ./rh.V2_exvivo.label
regmethod = surface

srchemi = rh
trghemi = rh
trgsurface = white
srcsurfreg = sphere.reg
trgsurfreg = sphere.reg
usehash = 1
Use ProjAbs  = 0, 0
Use ProjFrac = 0, 0
DoPaint 0

SUBJECTS_DIR    /out/sourcedata/freesurfer
FREESURFER_HOME /opt/freesurfer
Loading source label.
Found 8016 points in source label.
Starting surface-based mapping
Reading source registration 
 /out/sourcedata/freesurfer/fsaverage/surf/rh.sphere.reg
Rescaling ...  original radius = 100
Reading target surface 
 /out/sourcedata/freesurfer/sub-v2s16x51246_ses-1/surf/rh.white
Reading target registration 
 /out/sourcedata/freesurfer/sub-v2s16x51246_ses-1/surf/rh.sphere.reg
Rescaling ...  original radius = 100
Building target registration hash (res=16).
Building source registration hash (res=16).
INFO: found  8016 nlabel points
Performing mapping from target back to the source label 141383
Number of reverse mapping hits = 1490
Checking for and removing duplicates
Writing label file ./rh.V2_exvivo.label 9506
mri_label2label: Done


 mri_label2label --srcsubject fsaverage --srclabel /out/sourcedata/freesurfer/fsaverage/label/rh.MT_exvivo.label --trgsubject sub-v2s16x51246_ses-1 --trglabel ./rh.MT_exvivo.label --hemi rh --regmethod surface 


srclabel = /out/sourcedata/freesurfer/fsaverage/label/rh.MT_exvivo.label
srcsubject = fsaverage
trgsubject = sub-v2s16x51246_ses-1
trglabel = ./rh.MT_exvivo.label
regmethod = surface

srchemi = rh
trghemi = rh
trgsurface = white
srcsurfreg = sphere.reg
trgsurfreg = sphere.reg
usehash = 1
Use ProjAbs  = 0, 0
Use ProjFrac = 0, 0
DoPaint 0

SUBJECTS_DIR    /out/sourcedata/freesurfer
FREESURFER_HOME /opt/freesurfer
Loading source label.
Found 1932 points in source label.
Starting surface-based mapping
Reading source registration 
 /out/sourcedata/freesurfer/fsaverage/surf/rh.sphere.reg
Rescaling ...  original radius = 100
Reading target surface 
 /out/sourcedata/freesurfer/sub-v2s16x51246_ses-1/surf/rh.white
Reading target registration 
 /out/sourcedata/freesurfer/sub-v2s16x51246_ses-1/surf/rh.sphere.reg
Rescaling ...  original radius = 100
Building target registration hash (res=16).
Building source registration hash (res=16).
INFO: found  1932 nlabel points
Performing mapping from target back to the source label 141383
Number of reverse mapping hits = 378
Checking for and removing duplicates
Writing label file ./rh.MT_exvivo.label 2310
mri_label2label: Done


 mri_label2label --srcsubject fsaverage --srclabel /out/sourcedata/freesurfer/fsaverage/label/rh.entorhinal_exvivo.label --trgsubject sub-v2s16x51246_ses-1 --trglabel ./rh.entorhinal_exvivo.label --hemi rh --regmethod surface 


srclabel = /out/sourcedata/freesurfer/fsaverage/label/rh.entorhinal_exvivo.label
srcsubject = fsaverage
trgsubject = sub-v2s16x51246_ses-1
trglabel = ./rh.entorhinal_exvivo.label
regmethod = surface

srchemi = rh
trghemi = rh
trgsurface = white
srcsurfreg = sphere.reg
trgsurfreg = sphere.reg
usehash = 1
Use ProjAbs  = 0, 0
Use ProjFrac = 0, 0
DoPaint 0

SUBJECTS_DIR    /out/sourcedata/freesurfer
FREESURFER_HOME /opt/freesurfer
Loading source label.
Found 1038 points in source label.
Starting surface-based mapping
Reading source registration 
 /out/sourcedata/freesurfer/fsaverage/surf/rh.sphere.reg
Rescaling ...  original radius = 100
Reading target surface 
 /out/sourcedata/freesurfer/sub-v2s16x51246_ses-1/surf/rh.white
Reading target registration 
 /out/sourcedata/freesurfer/sub-v2s16x51246_ses-1/surf/rh.sphere.reg
Rescaling ...  original radius = 100
Building target registration hash (res=16).
Building source registration hash (res=16).
INFO: found  1038 nlabel points
Performing mapping from target back to the source label 141383
Number of reverse mapping hits = 68
Checking for and removing duplicates
Writing label file ./rh.entorhinal_exvivo.label 1106
mri_label2label: Done


 mri_label2label --srcsubject fsaverage --srclabel /out/sourcedata/freesurfer/fsaverage/label/rh.perirhinal_exvivo.label --trgsubject sub-v2s16x51246_ses-1 --trglabel ./rh.perirhinal_exvivo.label --hemi rh --regmethod surface 


srclabel = /out/sourcedata/freesurfer/fsaverage/label/rh.perirhinal_exvivo.label
srcsubject = fsaverage
trgsubject = sub-v2s16x51246_ses-1
trglabel = ./rh.perirhinal_exvivo.label
regmethod = surface

srchemi = rh
trghemi = rh
trgsurface = white
srcsurfreg = sphere.reg
trgsurfreg = sphere.reg
usehash = 1
Use ProjAbs  = 0, 0
Use ProjFrac = 0, 0
DoPaint 0

SUBJECTS_DIR    /out/sourcedata/freesurfer
FREESURFER_HOME /opt/freesurfer
Loading source label.
Found 752 points in source label.
Starting surface-based mapping
Reading source registration 
 /out/sourcedata/freesurfer/fsaverage/surf/rh.sphere.reg
Rescaling ...  original radius = 100
Reading target surface 
 /out/sourcedata/freesurfer/sub-v2s16x51246_ses-1/surf/rh.white
Reading target registration 
 /out/sourcedata/freesurfer/sub-v2s16x51246_ses-1/surf/rh.sphere.reg
Rescaling ...  original radius = 100
Building target registration hash (res=16).
Building source registration hash (res=16).
INFO: found  752 nlabel points
Performing mapping from target back to the source label 141383
Number of reverse mapping hits = 49
Checking for and removing duplicates
Writing label file ./rh.perirhinal_exvivo.label 801
mri_label2label: Done


 mri_label2label --srcsubject fsaverage --srclabel /out/sourcedata/freesurfer/fsaverage/label/rh.FG1.mpm.vpnl.label --trgsubject sub-v2s16x51246_ses-1 --trglabel ./rh.FG1.mpm.vpnl.label --hemi rh --regmethod surface 


srclabel = /out/sourcedata/freesurfer/fsaverage/label/rh.FG1.mpm.vpnl.label
srcsubject = fsaverage
trgsubject = sub-v2s16x51246_ses-1
trglabel = ./rh.FG1.mpm.vpnl.label
regmethod = surface

srchemi = rh
trghemi = rh
trgsurface = white
srcsurfreg = sphere.reg
trgsurfreg = sphere.reg
usehash = 1
Use ProjAbs  = 0, 0
Use ProjFrac = 0, 0
DoPaint 0

SUBJECTS_DIR    /out/sourcedata/freesurfer
FREESURFER_HOME /opt/freesurfer
Loading source label.
Found 541 points in source label.
Starting surface-based mapping
Reading source registration 
 /out/sourcedata/freesurfer/fsaverage/surf/rh.sphere.reg
Rescaling ...  original radius = 100
Reading target surface 
 /out/sourcedata/freesurfer/sub-v2s16x51246_ses-1/surf/rh.white
Reading target registration 
 /out/sourcedata/freesurfer/sub-v2s16x51246_ses-1/surf/rh.sphere.reg
Rescaling ...  original radius = 100
Building target registration hash (res=16).
Building source registration hash (res=16).
INFO: found  541 nlabel points
Performing mapping from target back to the source label 141383
Number of reverse mapping hits = 314
Checking for and removing duplicates
Writing label file ./rh.FG1.mpm.vpnl.label 855
mri_label2label: Done


 mri_label2label --srcsubject fsaverage --srclabel /out/sourcedata/freesurfer/fsaverage/label/rh.FG2.mpm.vpnl.label --trgsubject sub-v2s16x51246_ses-1 --trglabel ./rh.FG2.mpm.vpnl.label --hemi rh --regmethod surface 


srclabel = /out/sourcedata/freesurfer/fsaverage/label/rh.FG2.mpm.vpnl.label
srcsubject = fsaverage
trgsubject = sub-v2s16x51246_ses-1
trglabel = ./rh.FG2.mpm.vpnl.label
regmethod = surface

srchemi = rh
trghemi = rh
trgsurface = white
srcsurfreg = sphere.reg
trgsurfreg = sphere.reg
usehash = 1
Use ProjAbs  = 0, 0
Use ProjFrac = 0, 0
DoPaint 0

SUBJECTS_DIR    /out/sourcedata/freesurfer
FREESURFER_HOME /opt/freesurfer
Loading source label.
Found 721 points in source label.
Starting surface-based mapping
Reading source registration 
 /out/sourcedata/freesurfer/fsaverage/surf/rh.sphere.reg
Rescaling ...  original radius = 100
Reading target surface 
 /out/sourcedata/freesurfer/sub-v2s16x51246_ses-1/surf/rh.white
Reading target registration 
 /out/sourcedata/freesurfer/sub-v2s16x51246_ses-1/surf/rh.sphere.reg
Rescaling ...  original radius = 100
Building target registration hash (res=16).
Building source registration hash (res=16).
INFO: found  721 nlabel points
Performing mapping from target back to the source label 141383
Number of reverse mapping hits = 378
Checking for and removing duplicates
Writing label file ./rh.FG2.mpm.vpnl.label 1099
mri_label2label: Done


 mri_label2label --srcsubject fsaverage --srclabel /out/sourcedata/freesurfer/fsaverage/label/rh.FG3.mpm.vpnl.label --trgsubject sub-v2s16x51246_ses-1 --trglabel ./rh.FG3.mpm.vpnl.label --hemi rh --regmethod surface 


srclabel = /out/sourcedata/freesurfer/fsaverage/label/rh.FG3.mpm.vpnl.label
srcsubject = fsaverage
trgsubject = sub-v2s16x51246_ses-1
trglabel = ./rh.FG3.mpm.vpnl.label
regmethod = surface

srchemi = rh
trghemi = rh
trgsurface = white
srcsurfreg = sphere.reg
trgsurfreg = sphere.reg
usehash = 1
Use ProjAbs  = 0, 0
Use ProjFrac = 0, 0
DoPaint 0

SUBJECTS_DIR    /out/sourcedata/freesurfer
FREESURFER_HOME /opt/freesurfer
Loading source label.
Found 1523 points in source label.
Starting surface-based mapping
Reading source registration 
 /out/sourcedata/freesurfer/fsaverage/surf/rh.sphere.reg
Rescaling ...  original radius = 100
Reading target surface 
 /out/sourcedata/freesurfer/sub-v2s16x51246_ses-1/surf/rh.white
Reading target registration 
 /out/sourcedata/freesurfer/sub-v2s16x51246_ses-1/surf/rh.sphere.reg
Rescaling ...  original radius = 100
Building target registration hash (res=16).
Building source registration hash (res=16).
INFO: found  1523 nlabel points
Performing mapping from target back to the source label 141383
Number of reverse mapping hits = 378
Checking for and removing duplicates
Writing label file ./rh.FG3.mpm.vpnl.label 1901
mri_label2label: Done


 mri_label2label --srcsubject fsaverage --srclabel /out/sourcedata/freesurfer/fsaverage/label/rh.FG4.mpm.vpnl.label --trgsubject sub-v2s16x51246_ses-1 --trglabel ./rh.FG4.mpm.vpnl.label --hemi rh --regmethod surface 


srclabel = /out/sourcedata/freesurfer/fsaverage/label/rh.FG4.mpm.vpnl.label
srcsubject = fsaverage
trgsubject = sub-v2s16x51246_ses-1
trglabel = ./rh.FG4.mpm.vpnl.label
regmethod = surface

srchemi = rh
trghemi = rh
trgsurface = white
srcsurfreg = sphere.reg
trgsurfreg = sphere.reg
usehash = 1
Use ProjAbs  = 0, 0
Use ProjFrac = 0, 0
DoPaint 0

SUBJECTS_DIR    /out/sourcedata/freesurfer
FREESURFER_HOME /opt/freesurfer
Loading source label.
Found 1586 points in source label.
Starting surface-based mapping
Reading source registration 
 /out/sourcedata/freesurfer/fsaverage/surf/rh.sphere.reg
Rescaling ...  original radius = 100
Reading target surface 
 /out/sourcedata/freesurfer/sub-v2s16x51246_ses-1/surf/rh.white
Reading target registration 
 /out/sourcedata/freesurfer/sub-v2s16x51246_ses-1/surf/rh.sphere.reg
Rescaling ...  original radius = 100
Building target registration hash (res=16).
Building source registration hash (res=16).
INFO: found  1586 nlabel points
Performing mapping from target back to the source label 141383
Number of reverse mapping hits = 516
Checking for and removing duplicates
Writing label file ./rh.FG4.mpm.vpnl.label 2102
mri_label2label: Done


 mri_label2label --srcsubject fsaverage --srclabel /out/sourcedata/freesurfer/fsaverage/label/rh.hOc1.mpm.vpnl.label --trgsubject sub-v2s16x51246_ses-1 --trglabel ./rh.hOc1.mpm.vpnl.label --hemi rh --regmethod surface 


srclabel = /out/sourcedata/freesurfer/fsaverage/label/rh.hOc1.mpm.vpnl.label
srcsubject = fsaverage
trgsubject = sub-v2s16x51246_ses-1
trglabel = ./rh.hOc1.mpm.vpnl.label
regmethod = surface

srchemi = rh
trghemi = rh
trgsurface = white
srcsurfreg = sphere.reg
trgsurfreg = sphere.reg
usehash = 1
Use ProjAbs  = 0, 0
Use ProjFrac = 0, 0
DoPaint 0

SUBJECTS_DIR    /out/sourcedata/freesurfer
FREESURFER_HOME /opt/freesurfer
Loading source label.
Found 3667 points in source label.
Starting surface-based mapping
Reading source registration 
 /out/sourcedata/freesurfer/fsaverage/surf/rh.sphere.reg
Rescaling ...  original radius = 100
Reading target surface 
 /out/sourcedata/freesurfer/sub-v2s16x51246_ses-1/surf/rh.white
Reading target registration 
 /out/sourcedata/freesurfer/sub-v2s16x51246_ses-1/surf/rh.sphere.reg
Rescaling ...  original radius = 100
Building target registration hash (res=16).
Building source registration hash (res=16).
INFO: found  3667 nlabel points
Performing mapping from target back to the source label 141383
Number of reverse mapping hits = 687
Checking for and removing duplicates
Writing label file ./rh.hOc1.mpm.vpnl.label 4354
mri_label2label: Done


 mri_label2label --srcsubject fsaverage --srclabel /out/sourcedata/freesurfer/fsaverage/label/rh.hOc2.mpm.vpnl.label --trgsubject sub-v2s16x51246_ses-1 --trglabel ./rh.hOc2.mpm.vpnl.label --hemi rh --regmethod surface 


srclabel = /out/sourcedata/freesurfer/fsaverage/label/rh.hOc2.mpm.vpnl.label
srcsubject = fsaverage
trgsubject = sub-v2s16x51246_ses-1
trglabel = ./rh.hOc2.mpm.vpnl.label
regmethod = surface

srchemi = rh
trghemi = rh
trgsurface = white
srcsurfreg = sphere.reg
trgsurfreg = sphere.reg
usehash = 1
Use ProjAbs  = 0, 0
Use ProjFrac = 0, 0
DoPaint 0

SUBJECTS_DIR    /out/sourcedata/freesurfer
FREESURFER_HOME /opt/freesurfer
Loading source label.
Found 2719 points in source label.
Starting surface-based mapping
Reading source registration 
 /out/sourcedata/freesurfer/fsaverage/surf/rh.sphere.reg
Rescaling ...  original radius = 100
Reading target surface 
 /out/sourcedata/freesurfer/sub-v2s16x51246_ses-1/surf/rh.white
Reading target registration 
 /out/sourcedata/freesurfer/sub-v2s16x51246_ses-1/surf/rh.sphere.reg
Rescaling ...  original radius = 100
Building target registration hash (res=16).
Building source registration hash (res=16).
INFO: found  2719 nlabel points
Performing mapping from target back to the source label 141383
Number of reverse mapping hits = 505
Checking for and removing duplicates
Writing label file ./rh.hOc2.mpm.vpnl.label 3224
mri_label2label: Done


 mri_label2label --srcsubject fsaverage --srclabel /out/sourcedata/freesurfer/fsaverage/label/rh.hOc3v.mpm.vpnl.label --trgsubject sub-v2s16x51246_ses-1 --trglabel ./rh.hOc3v.mpm.vpnl.label --hemi rh --regmethod surface 


srclabel = /out/sourcedata/freesurfer/fsaverage/label/rh.hOc3v.mpm.vpnl.label
srcsubject = fsaverage
trgsubject = sub-v2s16x51246_ses-1
trglabel = ./rh.hOc3v.mpm.vpnl.label
regmethod = surface

srchemi = rh
trghemi = rh
trgsurface = white
srcsurfreg = sphere.reg
trgsurfreg = sphere.reg
usehash = 1
Use ProjAbs  = 0, 0
Use ProjFrac = 0, 0
DoPaint 0

SUBJECTS_DIR    /out/sourcedata/freesurfer
FREESURFER_HOME /opt/freesurfer
Loading source label.
Found 1228 points in source label.
Starting surface-based mapping
Reading source registration 
 /out/sourcedata/freesurfer/fsaverage/surf/rh.sphere.reg
Rescaling ...  original radius = 100
Reading target surface 
 /out/sourcedata/freesurfer/sub-v2s16x51246_ses-1/surf/rh.white
Reading target registration 
 /out/sourcedata/freesurfer/sub-v2s16x51246_ses-1/surf/rh.sphere.reg
Rescaling ...  original radius = 100
Building target registration hash (res=16).
Building source registration hash (res=16).
INFO: found  1228 nlabel points
Performing mapping from target back to the source label 141383
Number of reverse mapping hits = 342
Checking for and removing duplicates
Writing label file ./rh.hOc3v.mpm.vpnl.label 1570
mri_label2label: Done


 mri_label2label --srcsubject fsaverage --srclabel /out/sourcedata/freesurfer/fsaverage/label/rh.hOc4v.mpm.vpnl.label --trgsubject sub-v2s16x51246_ses-1 --trglabel ./rh.hOc4v.mpm.vpnl.label --hemi rh --regmethod surface 


srclabel = /out/sourcedata/freesurfer/fsaverage/label/rh.hOc4v.mpm.vpnl.label
srcsubject = fsaverage
trgsubject = sub-v2s16x51246_ses-1
trglabel = ./rh.hOc4v.mpm.vpnl.label
regmethod = surface

srchemi = rh
trghemi = rh
trgsurface = white
srcsurfreg = sphere.reg
trgsurfreg = sphere.reg
usehash = 1
Use ProjAbs  = 0, 0
Use ProjFrac = 0, 0
DoPaint 0

SUBJECTS_DIR    /out/sourcedata/freesurfer
FREESURFER_HOME /opt/freesurfer
Loading source label.
Found 1025 points in source label.
Starting surface-based mapping
Reading source registration 
 /out/sourcedata/freesurfer/fsaverage/surf/rh.sphere.reg
Rescaling ...  original radius = 100
Reading target surface 
 /out/sourcedata/freesurfer/sub-v2s16x51246_ses-1/surf/rh.white
Reading target registration 
 /out/sourcedata/freesurfer/sub-v2s16x51246_ses-1/surf/rh.sphere.reg
Rescaling ...  original radius = 100
Building target registration hash (res=16).
Building source registration hash (res=16).
INFO: found  1025 nlabel points
Performing mapping from target back to the source label 141383
Number of reverse mapping hits = 362
Checking for and removing duplicates
Writing label file ./rh.hOc4v.mpm.vpnl.label 1387
mri_label2label: Done


 mris_label2annot --s sub-v2s16x51246_ses-1 --ctab /opt/freesurfer/average/colortable_vpnl.txt --hemi rh --a mpm.vpnl --maxstatwinner --noverbose --l rh.FG1.mpm.vpnl.label --l rh.FG2.mpm.vpnl.label --l rh.FG3.mpm.vpnl.label --l rh.FG4.mpm.vpnl.label --l rh.hOc1.mpm.vpnl.label --l rh.hOc2.mpm.vpnl.label --l rh.hOc3v.mpm.vpnl.label --l rh.hOc4v.mpm.vpnl.label 

Reading ctab /opt/freesurfer/average/colortable_vpnl.txt
Number of ctab entries 9

7.3.2
cwd /out/sourcedata/freesurfer/sub-v2s16x51246_ses-1/label
cmdline mris_label2annot --s sub-v2s16x51246_ses-1 --ctab /opt/freesurfer/average/colortable_vpnl.txt --hemi rh --a mpm.vpnl --maxstatwinner --noverbose --l rh.FG1.mpm.vpnl.label --l rh.FG2.mpm.vpnl.label --l rh.FG3.mpm.vpnl.label --l rh.FG4.mpm.vpnl.label --l rh.hOc1.mpm.vpnl.label --l rh.hOc2.mpm.vpnl.label --l rh.hOc3v.mpm.vpnl.label --l rh.hOc4v.mpm.vpnl.label 
sysname  Linux
hostname dna043
machine  x86_64
user     oesteban

subject sub-v2s16x51246_ses-1
hemi    rh
SUBJECTS_DIR /out/sourcedata/freesurfer
ColorTable /opt/freesurfer/average/colortable_vpnl.txt
AnnotName  mpm.vpnl
nlables 8
LabelThresh 0 0.000000
Loading /out/sourcedata/freesurfer/sub-v2s16x51246_ses-1/surf/rh.orig
 1 1376057 FG1
 2 16711935 FG2
 3 16711680 FG3
 4 1705837 FG4
 5 25600 hOc1
 6 255 hOc2
 7 16776960 hOc3v
 8 65535 hOc4v
Mapping unhit to unknown
Found 126346 unhit vertices
Writing annot to /out/sourcedata/freesurfer/sub-v2s16x51246_ses-1/label/rh.mpm.vpnl.annot

 mri_label2label --srcsubject fsaverage --srclabel /out/sourcedata/freesurfer/fsaverage/label/rh.BA1_exvivo.thresh.label --trgsubject sub-v2s16x51246_ses-1 --trglabel ./rh.BA1_exvivo.thresh.label --hemi rh --regmethod surface 


srclabel = /out/sourcedata/freesurfer/fsaverage/label/rh.BA1_exvivo.thresh.label
srcsubject = fsaverage
trgsubject = sub-v2s16x51246_ses-1
trglabel = ./rh.BA1_exvivo.thresh.label
regmethod = surface

srchemi = rh
trghemi = rh
trgsurface = white
srcsurfreg = sphere.reg
trgsurfreg = sphere.reg
usehash = 1
Use ProjAbs  = 0, 0
Use ProjFrac = 0, 0
DoPaint 0

SUBJECTS_DIR    /out/sourcedata/freesurfer
FREESURFER_HOME /opt/freesurfer
Loading source label.
Found 876 points in source label.
Starting surface-based mapping
Reading source registration 
 /out/sourcedata/freesurfer/fsaverage/surf/rh.sphere.reg
Rescaling ...  original radius = 100
Reading target surface 
 /out/sourcedata/freesurfer/sub-v2s16x51246_ses-1/surf/rh.white
Reading target registration 
 /out/sourcedata/freesurfer/sub-v2s16x51246_ses-1/surf/rh.sphere.reg
Rescaling ...  original radius = 100
Building target registration hash (res=16).
Building source registration hash (res=16).
INFO: found  876 nlabel points
Performing mapping from target back to the source label 141383
Number of reverse mapping hits = 72
Checking for and removing duplicates
Writing label file ./rh.BA1_exvivo.thresh.label 948
mri_label2label: Done


 mri_label2label --srcsubject fsaverage --srclabel /out/sourcedata/freesurfer/fsaverage/label/rh.BA2_exvivo.thresh.label --trgsubject sub-v2s16x51246_ses-1 --trglabel ./rh.BA2_exvivo.thresh.label --hemi rh --regmethod surface 


srclabel = /out/sourcedata/freesurfer/fsaverage/label/rh.BA2_exvivo.thresh.label
srcsubject = fsaverage
trgsubject = sub-v2s16x51246_ses-1
trglabel = ./rh.BA2_exvivo.thresh.label
regmethod = surface

srchemi = rh
trghemi = rh
trgsurface = white
srcsurfreg = sphere.reg
trgsurfreg = sphere.reg
usehash = 1
Use ProjAbs  = 0, 0
Use ProjFrac = 0, 0
DoPaint 0

SUBJECTS_DIR    /out/sourcedata/freesurfer
FREESURFER_HOME /opt/freesurfer
Loading source label.
Found 2688 points in source label.
Starting surface-based mapping
Reading source registration 
 /out/sourcedata/freesurfer/fsaverage/surf/rh.sphere.reg
Rescaling ...  original radius = 100
Reading target surface 
 /out/sourcedata/freesurfer/sub-v2s16x51246_ses-1/surf/rh.white
Reading target registration 
 /out/sourcedata/freesurfer/sub-v2s16x51246_ses-1/surf/rh.sphere.reg
Rescaling ...  original radius = 100
Building target registration hash (res=16).
Building source registration hash (res=16).
INFO: found  2688 nlabel points
Performing mapping from target back to the source label 141383
Number of reverse mapping hits = 112
Checking for and removing duplicates
Writing label file ./rh.BA2_exvivo.thresh.label 2800
mri_label2label: Done


 mri_label2label --srcsubject fsaverage --srclabel /out/sourcedata/freesurfer/fsaverage/label/rh.BA3a_exvivo.thresh.label --trgsubject sub-v2s16x51246_ses-1 --trglabel ./rh.BA3a_exvivo.thresh.label --hemi rh --regmethod surface 


srclabel = /out/sourcedata/freesurfer/fsaverage/label/rh.BA3a_exvivo.thresh.label
srcsubject = fsaverage
trgsubject = sub-v2s16x51246_ses-1
trglabel = ./rh.BA3a_exvivo.thresh.label
regmethod = surface

srchemi = rh
trghemi = rh
trgsurface = white
srcsurfreg = sphere.reg
trgsurfreg = sphere.reg
usehash = 1
Use ProjAbs  = 0, 0
Use ProjFrac = 0, 0
DoPaint 0

SUBJECTS_DIR    /out/sourcedata/freesurfer
FREESURFER_HOME /opt/freesurfer
Loading source label.
Found 1698 points in source label.
Starting surface-based mapping
Reading source registration 
 /out/sourcedata/freesurfer/fsaverage/surf/rh.sphere.reg
Rescaling ...  original radius = 100
Reading target surface 
 /out/sourcedata/freesurfer/sub-v2s16x51246_ses-1/surf/rh.white
Reading target registration 
 /out/sourcedata/freesurfer/sub-v2s16x51246_ses-1/surf/rh.sphere.reg
Rescaling ...  original radius = 100
Building target registration hash (res=16).
Building source registration hash (res=16).
INFO: found  1698 nlabel points
Performing mapping from target back to the source label 141383
Number of reverse mapping hits = 21
Checking for and removing duplicates
Writing label file ./rh.BA3a_exvivo.thresh.label 1719
mri_label2label: Done


 mri_label2label --srcsubject fsaverage --srclabel /out/sourcedata/freesurfer/fsaverage/label/rh.BA3b_exvivo.thresh.label --trgsubject sub-v2s16x51246_ses-1 --trglabel ./rh.BA3b_exvivo.thresh.label --hemi rh --regmethod surface 


srclabel = /out/sourcedata/freesurfer/fsaverage/label/rh.BA3b_exvivo.thresh.label
srcsubject = fsaverage
trgsubject = sub-v2s16x51246_ses-1
trglabel = ./rh.BA3b_exvivo.thresh.label
regmethod = surface

srchemi = rh
trghemi = rh
trgsurface = white
srcsurfreg = sphere.reg
trgsurfreg = sphere.reg
usehash = 1
Use ProjAbs  = 0, 0
Use ProjFrac = 0, 0
DoPaint 0

SUBJECTS_DIR    /out/sourcedata/freesurfer
FREESURFER_HOME /opt/freesurfer
Loading source label.
Found 2183 points in source label.
Starting surface-based mapping
Reading source registration 
 /out/sourcedata/freesurfer/fsaverage/surf/rh.sphere.reg
Rescaling ...  original radius = 100
Reading target surface 
 /out/sourcedata/freesurfer/sub-v2s16x51246_ses-1/surf/rh.white
Reading target registration 
 /out/sourcedata/freesurfer/sub-v2s16x51246_ses-1/surf/rh.sphere.reg
Rescaling ...  original radius = 100
Building target registration hash (res=16).
Building source registration hash (res=16).
INFO: found  2183 nlabel points
Performing mapping from target back to the source label 141383
Number of reverse mapping hits = 102
Checking for and removing duplicates
Writing label file ./rh.BA3b_exvivo.thresh.label 2285
mri_label2label: Done


 mri_label2label --srcsubject fsaverage --srclabel /out/sourcedata/freesurfer/fsaverage/label/rh.BA4a_exvivo.thresh.label --trgsubject sub-v2s16x51246_ses-1 --trglabel ./rh.BA4a_exvivo.thresh.label --hemi rh --regmethod surface 


srclabel = /out/sourcedata/freesurfer/fsaverage/label/rh.BA4a_exvivo.thresh.label
srcsubject = fsaverage
trgsubject = sub-v2s16x51246_ses-1
trglabel = ./rh.BA4a_exvivo.thresh.label
regmethod = surface

srchemi = rh
trghemi = rh
trgsurface = white
srcsurfreg = sphere.reg
trgsurfreg = sphere.reg
usehash = 1
Use ProjAbs  = 0, 0
Use ProjFrac = 0, 0
DoPaint 0

SUBJECTS_DIR    /out/sourcedata/freesurfer
FREESURFER_HOME /opt/freesurfer
Loading source label.
Found 1388 points in source label.
Starting surface-based mapping
Reading source registration 
 /out/sourcedata/freesurfer/fsaverage/surf/rh.sphere.reg
Rescaling ...  original radius = 100
Reading target surface 
 /out/sourcedata/freesurfer/sub-v2s16x51246_ses-1/surf/rh.white
Reading target registration 
 /out/sourcedata/freesurfer/sub-v2s16x51246_ses-1/surf/rh.sphere.reg
Rescaling ...  original radius = 100
Building target registration hash (res=16).
Building source registration hash (res=16).
INFO: found  1388 nlabel points
Performing mapping from target back to the source label 141383
Number of reverse mapping hits = 61
Checking for and removing duplicates
Writing label file ./rh.BA4a_exvivo.thresh.label 1449
mri_label2label: Done


 mri_label2label --srcsubject fsaverage --srclabel /out/sourcedata/freesurfer/fsaverage/label/rh.BA4p_exvivo.thresh.label --trgsubject sub-v2s16x51246_ses-1 --trglabel ./rh.BA4p_exvivo.thresh.label --hemi rh --regmethod surface 


srclabel = /out/sourcedata/freesurfer/fsaverage/label/rh.BA4p_exvivo.thresh.label
srcsubject = fsaverage
trgsubject = sub-v2s16x51246_ses-1
trglabel = ./rh.BA4p_exvivo.thresh.label
regmethod = surface

srchemi = rh
trghemi = rh
trgsurface = white
srcsurfreg = sphere.reg
trgsurfreg = sphere.reg
usehash = 1
Use ProjAbs  = 0, 0
Use ProjFrac = 0, 0
DoPaint 0

SUBJECTS_DIR    /out/sourcedata/freesurfer
FREESURFER_HOME /opt/freesurfer
Loading source label.
Found 1489 points in source label.
Starting surface-based mapping
Reading source registration 
 /out/sourcedata/freesurfer/fsaverage/surf/rh.sphere.reg
Rescaling ...  original radius = 100
Reading target surface 
 /out/sourcedata/freesurfer/sub-v2s16x51246_ses-1/surf/rh.white
Reading target registration 
 /out/sourcedata/freesurfer/sub-v2s16x51246_ses-1/surf/rh.sphere.reg
Rescaling ...  original radius = 100
Building target registration hash (res=16).
Building source registration hash (res=16).
INFO: found  1489 nlabel points
Performing mapping from target back to the source label 141383
Number of reverse mapping hits = 51
Checking for and removing duplicates
Writing label file ./rh.BA4p_exvivo.thresh.label 1540
mri_label2label: Done


 mri_label2label --srcsubject fsaverage --srclabel /out/sourcedata/freesurfer/fsaverage/label/rh.BA6_exvivo.thresh.label --trgsubject sub-v2s16x51246_ses-1 --trglabel ./rh.BA6_exvivo.thresh.label --hemi rh --regmethod surface 


srclabel = /out/sourcedata/freesurfer/fsaverage/label/rh.BA6_exvivo.thresh.label
srcsubject = fsaverage
trgsubject = sub-v2s16x51246_ses-1
trglabel = ./rh.BA6_exvivo.thresh.label
regmethod = surface

srchemi = rh
trghemi = rh
trgsurface = white
srcsurfreg = sphere.reg
trgsurfreg = sphere.reg
usehash = 1
Use ProjAbs  = 0, 0
Use ProjFrac = 0, 0
DoPaint 0

SUBJECTS_DIR    /out/sourcedata/freesurfer
FREESURFER_HOME /opt/freesurfer
Loading source label.
Found 6959 points in source label.
Starting surface-based mapping
Reading source registration 
 /out/sourcedata/freesurfer/fsaverage/surf/rh.sphere.reg
Rescaling ...  original radius = 100
Reading target surface 
 /out/sourcedata/freesurfer/sub-v2s16x51246_ses-1/surf/rh.white
Reading target registration 
 /out/sourcedata/freesurfer/sub-v2s16x51246_ses-1/surf/rh.sphere.reg
Rescaling ...  original radius = 100
Building target registration hash (res=16).
Building source registration hash (res=16).
INFO: found  6959 nlabel points
Performing mapping from target back to the source label 141383
Number of reverse mapping hits = 659
Checking for and removing duplicates
Writing label file ./rh.BA6_exvivo.thresh.label 7618
mri_label2label: Done


 mri_label2label --srcsubject fsaverage --srclabel /out/sourcedata/freesurfer/fsaverage/label/rh.BA44_exvivo.thresh.label --trgsubject sub-v2s16x51246_ses-1 --trglabel ./rh.BA44_exvivo.thresh.label --hemi rh --regmethod surface 


srclabel = /out/sourcedata/freesurfer/fsaverage/label/rh.BA44_exvivo.thresh.label
srcsubject = fsaverage
trgsubject = sub-v2s16x51246_ses-1
trglabel = ./rh.BA44_exvivo.thresh.label
regmethod = surface

srchemi = rh
trghemi = rh
trgsurface = white
srcsurfreg = sphere.reg
trgsurfreg = sphere.reg
usehash = 1
Use ProjAbs  = 0, 0
Use ProjFrac = 0, 0
DoPaint 0

SUBJECTS_DIR    /out/sourcedata/freesurfer
FREESURFER_HOME /opt/freesurfer
Loading source label.
Found 1012 points in source label.
Starting surface-based mapping
Reading source registration 
 /out/sourcedata/freesurfer/fsaverage/surf/rh.sphere.reg
Rescaling ...  original radius = 100
Reading target surface 
 /out/sourcedata/freesurfer/sub-v2s16x51246_ses-1/surf/rh.white
Reading target registration 
 /out/sourcedata/freesurfer/sub-v2s16x51246_ses-1/surf/rh.sphere.reg
Rescaling ...  original radius = 100
Building target registration hash (res=16).
Building source registration hash (res=16).
INFO: found  1012 nlabel points
Performing mapping from target back to the source label 141383
Number of reverse mapping hits = 20
Checking for and removing duplicates
Writing label file ./rh.BA44_exvivo.thresh.label 1032
mri_label2label: Done


 mri_label2label --srcsubject fsaverage --srclabel /out/sourcedata/freesurfer/fsaverage/label/rh.BA45_exvivo.thresh.label --trgsubject sub-v2s16x51246_ses-1 --trglabel ./rh.BA45_exvivo.thresh.label --hemi rh --regmethod surface 


srclabel = /out/sourcedata/freesurfer/fsaverage/label/rh.BA45_exvivo.thresh.label
srcsubject = fsaverage
trgsubject = sub-v2s16x51246_ses-1
trglabel = ./rh.BA45_exvivo.thresh.label
regmethod = surface

srchemi = rh
trghemi = rh
trgsurface = white
srcsurfreg = sphere.reg
trgsurfreg = sphere.reg
usehash = 1
Use ProjAbs  = 0, 0
Use ProjFrac = 0, 0
DoPaint 0

SUBJECTS_DIR    /out/sourcedata/freesurfer
FREESURFER_HOME /opt/freesurfer
Loading source label.
Found 1178 points in source label.
Starting surface-based mapping
Reading source registration 
 /out/sourcedata/freesurfer/fsaverage/surf/rh.sphere.reg
Rescaling ...  original radius = 100
Reading target surface 
 /out/sourcedata/freesurfer/sub-v2s16x51246_ses-1/surf/rh.white
Reading target registration 
 /out/sourcedata/freesurfer/sub-v2s16x51246_ses-1/surf/rh.sphere.reg
Rescaling ...  original radius = 100
Building target registration hash (res=16).
Building source registration hash (res=16).
INFO: found  1178 nlabel points
Performing mapping from target back to the source label 141383
Number of reverse mapping hits = 24
Checking for and removing duplicates
Writing label file ./rh.BA45_exvivo.thresh.label 1202
mri_label2label: Done


 mri_label2label --srcsubject fsaverage --srclabel /out/sourcedata/freesurfer/fsaverage/label/rh.V1_exvivo.thresh.label --trgsubject sub-v2s16x51246_ses-1 --trglabel ./rh.V1_exvivo.thresh.label --hemi rh --regmethod surface 


srclabel = /out/sourcedata/freesurfer/fsaverage/label/rh.V1_exvivo.thresh.label
srcsubject = fsaverage
trgsubject = sub-v2s16x51246_ses-1
trglabel = ./rh.V1_exvivo.thresh.label
regmethod = surface

srchemi = rh
trghemi = rh
trgsurface = white
srcsurfreg = sphere.reg
trgsurfreg = sphere.reg
usehash = 1
Use ProjAbs  = 0, 0
Use ProjFrac = 0, 0
DoPaint 0

SUBJECTS_DIR    /out/sourcedata/freesurfer
FREESURFER_HOME /opt/freesurfer
Loading source label.
Found 3232 points in source label.
Starting surface-based mapping
Reading source registration 
 /out/sourcedata/freesurfer/fsaverage/surf/rh.sphere.reg
Rescaling ...  original radius = 100
Reading target surface 
 /out/sourcedata/freesurfer/sub-v2s16x51246_ses-1/surf/rh.white
Reading target registration 
 /out/sourcedata/freesurfer/sub-v2s16x51246_ses-1/surf/rh.sphere.reg
Rescaling ...  original radius = 100
Building target registration hash (res=16).
Building source registration hash (res=16).
INFO: found  3232 nlabel points
Performing mapping from target back to the source label 141383
Number of reverse mapping hits = 632
Checking for and removing duplicates
Writing label file ./rh.V1_exvivo.thresh.label 3864
mri_label2label: Done


 mri_label2label --srcsubject fsaverage --srclabel /out/sourcedata/freesurfer/fsaverage/label/rh.V2_exvivo.thresh.label --trgsubject sub-v2s16x51246_ses-1 --trglabel ./rh.V2_exvivo.thresh.label --hemi rh --regmethod surface 


srclabel = /out/sourcedata/freesurfer/fsaverage/label/rh.V2_exvivo.thresh.label
srcsubject = fsaverage
trgsubject = sub-v2s16x51246_ses-1
trglabel = ./rh.V2_exvivo.thresh.label
regmethod = surface

srchemi = rh
trghemi = rh
trgsurface = white
srcsurfreg = sphere.reg
trgsurfreg = sphere.reg
usehash = 1
Use ProjAbs  = 0, 0
Use ProjFrac = 0, 0
DoPaint 0

SUBJECTS_DIR    /out/sourcedata/freesurfer
FREESURFER_HOME /opt/freesurfer
Loading source label.
Found 3437 points in source label.
Starting surface-based mapping
Reading source registration 
 /out/sourcedata/freesurfer/fsaverage/surf/rh.sphere.reg
Rescaling ...  original radius = 100
Reading target surface 
 /out/sourcedata/freesurfer/sub-v2s16x51246_ses-1/surf/rh.white
Reading target registration 
 /out/sourcedata/freesurfer/sub-v2s16x51246_ses-1/surf/rh.sphere.reg
Rescaling ...  original radius = 100
Building target registration hash (res=16).
Building source registration hash (res=16).
INFO: found  3437 nlabel points
Performing mapping from target back to the source label 141383
Number of reverse mapping hits = 674
Checking for and removing duplicates
Writing label file ./rh.V2_exvivo.thresh.label 4111
mri_label2label: Done


 mri_label2label --srcsubject fsaverage --srclabel /out/sourcedata/freesurfer/fsaverage/label/rh.MT_exvivo.thresh.label --trgsubject sub-v2s16x51246_ses-1 --trglabel ./rh.MT_exvivo.thresh.label --hemi rh --regmethod surface 


srclabel = /out/sourcedata/freesurfer/fsaverage/label/rh.MT_exvivo.thresh.label
srcsubject = fsaverage
trgsubject = sub-v2s16x51246_ses-1
trglabel = ./rh.MT_exvivo.thresh.label
regmethod = surface

srchemi = rh
trghemi = rh
trgsurface = white
srcsurfreg = sphere.reg
trgsurfreg = sphere.reg
usehash = 1
Use ProjAbs  = 0, 0
Use ProjFrac = 0, 0
DoPaint 0

SUBJECTS_DIR    /out/sourcedata/freesurfer
FREESURFER_HOME /opt/freesurfer
Loading source label.
Found 268 points in source label.
Starting surface-based mapping
Reading source registration 
 /out/sourcedata/freesurfer/fsaverage/surf/rh.sphere.reg
Rescaling ...  original radius = 100
Reading target surface 
 /out/sourcedata/freesurfer/sub-v2s16x51246_ses-1/surf/rh.white
Reading target registration 
 /out/sourcedata/freesurfer/sub-v2s16x51246_ses-1/surf/rh.sphere.reg
Rescaling ...  original radius = 100
Building target registration hash (res=16).
Building source registration hash (res=16).
INFO: found  268 nlabel points
Performing mapping from target back to the source label 141383
Number of reverse mapping hits = 38
Checking for and removing duplicates
Writing label file ./rh.MT_exvivo.thresh.label 306
mri_label2label: Done


 mri_label2label --srcsubject fsaverage --srclabel /out/sourcedata/freesurfer/fsaverage/label/rh.entorhinal_exvivo.thresh.label --trgsubject sub-v2s16x51246_ses-1 --trglabel ./rh.entorhinal_exvivo.thresh.label --hemi rh --regmethod surface 


srclabel = /out/sourcedata/freesurfer/fsaverage/label/rh.entorhinal_exvivo.thresh.label
srcsubject = fsaverage
trgsubject = sub-v2s16x51246_ses-1
trglabel = ./rh.entorhinal_exvivo.thresh.label
regmethod = surface

srchemi = rh
trghemi = rh
trgsurface = white
srcsurfreg = sphere.reg
trgsurfreg = sphere.reg
usehash = 1
Use ProjAbs  = 0, 0
Use ProjFrac = 0, 0
DoPaint 0

SUBJECTS_DIR    /out/sourcedata/freesurfer
FREESURFER_HOME /opt/freesurfer
Loading source label.
Found 694 points in source label.
Starting surface-based mapping
Reading source registration 
 /out/sourcedata/freesurfer/fsaverage/surf/rh.sphere.reg
Rescaling ...  original radius = 100
Reading target surface 
 /out/sourcedata/freesurfer/sub-v2s16x51246_ses-1/surf/rh.white
Reading target registration 
 /out/sourcedata/freesurfer/sub-v2s16x51246_ses-1/surf/rh.sphere.reg
Rescaling ...  original radius = 100
Building target registration hash (res=16).
Building source registration hash (res=16).
INFO: found  694 nlabel points
Performing mapping from target back to the source label 141383
Number of reverse mapping hits = 49
Checking for and removing duplicates
Writing label file ./rh.entorhinal_exvivo.thresh.label 743
mri_label2label: Done


 mri_label2label --srcsubject fsaverage --srclabel /out/sourcedata/freesurfer/fsaverage/label/rh.perirhinal_exvivo.thresh.label --trgsubject sub-v2s16x51246_ses-1 --trglabel ./rh.perirhinal_exvivo.thresh.label --hemi rh --regmethod surface 


srclabel = /out/sourcedata/freesurfer/fsaverage/label/rh.perirhinal_exvivo.thresh.label
srcsubject = fsaverage
trgsubject = sub-v2s16x51246_ses-1
trglabel = ./rh.perirhinal_exvivo.thresh.label
regmethod = surface

srchemi = rh
trghemi = rh
trgsurface = white
srcsurfreg = sphere.reg
trgsurfreg = sphere.reg
usehash = 1
Use ProjAbs  = 0, 0
Use ProjFrac = 0, 0
DoPaint 0

SUBJECTS_DIR    /out/sourcedata/freesurfer
FREESURFER_HOME /opt/freesurfer
Loading source label.
Found 291 points in source label.
Starting surface-based mapping
Reading source registration 
 /out/sourcedata/freesurfer/fsaverage/surf/rh.sphere.reg
Rescaling ...  original radius = 100
Reading target surface 
 /out/sourcedata/freesurfer/sub-v2s16x51246_ses-1/surf/rh.white
Reading target registration 
 /out/sourcedata/freesurfer/sub-v2s16x51246_ses-1/surf/rh.sphere.reg
Rescaling ...  original radius = 100
Building target registration hash (res=16).
Building source registration hash (res=16).
INFO: found  291 nlabel points
Performing mapping from target back to the source label 141383
Number of reverse mapping hits = 9
Checking for and removing duplicates
Writing label file ./rh.perirhinal_exvivo.thresh.label 300
mri_label2label: Done


 mris_label2annot --s sub-v2s16x51246_ses-1 --hemi rh --ctab /opt/freesurfer/average/colortable_BA.txt --l rh.BA1_exvivo.label --l rh.BA2_exvivo.label --l rh.BA3a_exvivo.label --l rh.BA3b_exvivo.label --l rh.BA4a_exvivo.label --l rh.BA4p_exvivo.label --l rh.BA6_exvivo.label --l rh.BA44_exvivo.label --l rh.BA45_exvivo.label --l rh.V1_exvivo.label --l rh.V2_exvivo.label --l rh.MT_exvivo.label --l rh.perirhinal_exvivo.label --l rh.entorhinal_exvivo.label --a BA_exvivo --maxstatwinner --noverbose 

Reading ctab /opt/freesurfer/average/colortable_BA.txt
Number of ctab entries 15

7.3.2
cwd /out/sourcedata/freesurfer/sub-v2s16x51246_ses-1/label
cmdline mris_label2annot --s sub-v2s16x51246_ses-1 --hemi rh --ctab /opt/freesurfer/average/colortable_BA.txt --l rh.BA1_exvivo.label --l rh.BA2_exvivo.label --l rh.BA3a_exvivo.label --l rh.BA3b_exvivo.label --l rh.BA4a_exvivo.label --l rh.BA4p_exvivo.label --l rh.BA6_exvivo.label --l rh.BA44_exvivo.label --l rh.BA45_exvivo.label --l rh.V1_exvivo.label --l rh.V2_exvivo.label --l rh.MT_exvivo.label --l rh.perirhinal_exvivo.label --l rh.entorhinal_exvivo.label --a BA_exvivo --maxstatwinner --noverbose 
sysname  Linux
hostname dna043
machine  x86_64
user     oesteban

subject sub-v2s16x51246_ses-1
hemi    rh
SUBJECTS_DIR /out/sourcedata/freesurfer
ColorTable /opt/freesurfer/average/colortable_BA.txt
AnnotName  BA_exvivo
nlables 14
LabelThresh 0 0.000000
Loading /out/sourcedata/freesurfer/sub-v2s16x51246_ses-1/surf/rh.orig
 1 1530880 BA1_exvivo
 2 16749699 BA2_exvivo
 3 16711680 BA3a_exvivo
 4 3368703 BA3b_exvivo
 5 1376196 BA4a_exvivo
 6 13382655 BA4p_exvivo
 7 10036737 BA6_exvivo
 8 2490521 BA44_exvivo
 9 39283 BA45_exvivo
10 3993 V1_exvivo
11 8508928 V2_exvivo
12 10027163 MT_exvivo
13 16422433 perirhinal_exvivo
14 16392598 entorhinal_exvivo
Mapping unhit to unknown
Found 100238 unhit vertices
Writing annot to /out/sourcedata/freesurfer/sub-v2s16x51246_ses-1/label/rh.BA_exvivo.annot

 mris_label2annot --s sub-v2s16x51246_ses-1 --hemi rh --ctab /opt/freesurfer/average/colortable_BA.txt --l rh.BA1_exvivo.thresh.label --l rh.BA2_exvivo.thresh.label --l rh.BA3a_exvivo.thresh.label --l rh.BA3b_exvivo.thresh.label --l rh.BA4a_exvivo.thresh.label --l rh.BA4p_exvivo.thresh.label --l rh.BA6_exvivo.thresh.label --l rh.BA44_exvivo.thresh.label --l rh.BA45_exvivo.thresh.label --l rh.V1_exvivo.thresh.label --l rh.V2_exvivo.thresh.label --l rh.MT_exvivo.thresh.label --l rh.perirhinal_exvivo.thresh.label --l rh.entorhinal_exvivo.thresh.label --a BA_exvivo.thresh --maxstatwinner --noverbose 

Reading ctab /opt/freesurfer/average/colortable_BA.txt
Number of ctab entries 15

7.3.2
cwd /out/sourcedata/freesurfer/sub-v2s16x51246_ses-1/label
cmdline mris_label2annot --s sub-v2s16x51246_ses-1 --hemi rh --ctab /opt/freesurfer/average/colortable_BA.txt --l rh.BA1_exvivo.thresh.label --l rh.BA2_exvivo.thresh.label --l rh.BA3a_exvivo.thresh.label --l rh.BA3b_exvivo.thresh.label --l rh.BA4a_exvivo.thresh.label --l rh.BA4p_exvivo.thresh.label --l rh.BA6_exvivo.thresh.label --l rh.BA44_exvivo.thresh.label --l rh.BA45_exvivo.thresh.label --l rh.V1_exvivo.thresh.label --l rh.V2_exvivo.thresh.label --l rh.MT_exvivo.thresh.label --l rh.perirhinal_exvivo.thresh.label --l rh.entorhinal_exvivo.thresh.label --a BA_exvivo.thresh --maxstatwinner --noverbose 
sysname  Linux
hostname dna043
machine  x86_64
user     oesteban

subject sub-v2s16x51246_ses-1
hemi    rh
SUBJECTS_DIR /out/sourcedata/freesurfer
ColorTable /opt/freesurfer/average/colortable_BA.txt
AnnotName  BA_exvivo.thresh
nlables 14
LabelThresh 0 0.000000
Loading /out/sourcedata/freesurfer/sub-v2s16x51246_ses-1/surf/rh.orig
 1 1530880 BA1_exvivo
 2 16749699 BA2_exvivo
 3 16711680 BA3a_exvivo
 4 3368703 BA3b_exvivo
 5 1376196 BA4a_exvivo
 6 13382655 BA4p_exvivo
 7 10036737 BA6_exvivo
 8 2490521 BA44_exvivo
 9 39283 BA45_exvivo
10 3993 V1_exvivo
11 8508928 V2_exvivo
12 10027163 MT_exvivo
13 16422433 perirhinal_exvivo
14 16392598 entorhinal_exvivo
Mapping unhit to unknown
Found 118122 unhit vertices
Writing annot to /out/sourcedata/freesurfer/sub-v2s16x51246_ses-1/label/rh.BA_exvivo.thresh.annot

 mris_anatomical_stats -th3 -mgz -noglobal -f ../stats/rh.BA_exvivo.stats -b -a ./rh.BA_exvivo.annot -c ./BA_exvivo.ctab sub-v2s16x51246_ses-1 rh white 

computing statistics for each annotation in ./rh.BA_exvivo.annot.
reading volume /out/sourcedata/freesurfer/sub-v2s16x51246_ses-1/mri/wm.mgz...
reading input surface /out/sourcedata/freesurfer/sub-v2s16x51246_ses-1/surf/rh.white...
reading input pial surface /out/sourcedata/freesurfer/sub-v2s16x51246_ses-1/surf/rh.pial...
reading input white surface /out/sourcedata/freesurfer/sub-v2s16x51246_ses-1/surf/rh.white...
INFO: using TH3 volume calc
INFO: assuming MGZ format for volumes.
INFO: not computing global stats
Using TH3 vertex volume calc
Total face volume 265740
Total vertex volume 265479 (mask=0)
Saving annotation colortable ./BA_exvivo.ctab

table columns are:
    number of vertices
    total surface area (mm^2)
    total gray matter volume (mm^3)
    average cortical thickness +- standard deviation (mm)
    integrated rectified mean curvature
    integrated rectified Gaussian curvature
    folding index
    intrinsic curvature index
    structure name

 1077    671   1771  1.987 0.505     0.118     0.019       12     0.9  BA1_exvivo
 3808   2486   4736  1.945 0.441     0.094     0.016       25     2.3  BA2_exvivo
 1154    762    978  1.545 0.412     0.105     0.017        7     0.8  BA3a_exvivo
 2172   1422   2336  1.499 0.430     0.089     0.013       17     1.3  BA3b_exvivo
 1816   1106   3110  2.442 0.418     0.084     0.013        9     1.1  BA4a_exvivo
 1355    866   1851  2.154 0.435     0.076     0.013        5     0.6  BA4p_exvivo
 9244   6515  19350  2.572 0.533     0.111     0.021       85     8.0  BA6_exvivo
 3551   2436   6778  2.508 0.522     0.103     0.016       31     2.2  BA44_exvivo
 3506   2555   7128  2.269 0.637     0.113     0.020       37     2.9  BA45_exvivo
 3485   2469   4254  1.688 0.694     0.139     0.031       39     4.8  V1_exvivo
 6926   4998  12638  2.209 0.713     0.143     0.032       86     9.2  V2_exvivo
 2097   1451   3741  2.461 0.547     0.112     0.020       19     1.7  MT_exvivo
  334    240    979  3.282 0.710     0.113     0.021        3     0.3  perirhinal_exvivo
  620    400   1901  3.006 1.281     0.104     0.025        7     0.7  entorhinal_exvivo

 mris_anatomical_stats -th3 -mgz -f ../stats/rh.BA_exvivo.thresh.stats -noglobal -b -a ./rh.BA_exvivo.thresh.annot -c ./BA_exvivo.thresh.ctab sub-v2s16x51246_ses-1 rh white 

computing statistics for each annotation in ./rh.BA_exvivo.thresh.annot.
reading volume /out/sourcedata/freesurfer/sub-v2s16x51246_ses-1/mri/wm.mgz...
reading input surface /out/sourcedata/freesurfer/sub-v2s16x51246_ses-1/surf/rh.white...
reading input pial surface /out/sourcedata/freesurfer/sub-v2s16x51246_ses-1/surf/rh.pial...
reading input white surface /out/sourcedata/freesurfer/sub-v2s16x51246_ses-1/surf/rh.white...
INFO: using TH3 volume calc
INFO: assuming MGZ format for volumes.
INFO: not computing global stats
Using TH3 vertex volume calc
Total face volume 265740
Total vertex volume 265479 (mask=0)
Saving annotation colortable ./BA_exvivo.thresh.ctab

table columns are:
    number of vertices
    total surface area (mm^2)
    total gray matter volume (mm^3)
    average cortical thickness +- standard deviation (mm)
    integrated rectified mean curvature
    integrated rectified Gaussian curvature
    folding index
    intrinsic curvature index
    structure name

  736    437   1038  1.851 0.444     0.116     0.020        9     0.6  BA1_exvivo
 2110   1351   2592  1.842 0.379     0.081     0.011       11     1.0  BA2_exvivo
 1038    681    783  1.511 0.362     0.110     0.018        7     0.8  BA3a_exvivo
 1651   1093   1440  1.317 0.218     0.073     0.008        7     0.7  BA3b_exvivo
 1113    693   1993  2.425 0.473     0.100     0.016        8     0.7  BA4a_exvivo
 1102    705   1472  2.164 0.386     0.070     0.011        3     0.5  BA4p_exvivo
 6184   4295  12604  2.557 0.531     0.109     0.021       54     5.3  BA6_exvivo
  733    558   1982  2.740 0.560     0.124     0.023       11     0.5  BA44_exvivo
  729    573   1696  2.311 0.385     0.115     0.024       10     0.6  BA45_exvivo
 3329   2337   3916  1.681 0.696     0.134     0.031       34     4.4  V1_exvivo
 3644   2689   6645  2.110 0.752     0.154     0.035       53     5.4  V2_exvivo
  275    203    656  2.454 0.503     0.141     0.034        4     0.3  MT_exvivo
   31     20    103  3.287 0.581     0.114     0.022        0     0.0  perirhinal_exvivo
  586    389   1858  3.303 0.898     0.083     0.015        3     0.4  entorhinal_exvivo

Started at Wed Mar 11 13:29:46 CET 2026 
Ended   at Wed Mar 11 13:32:54 CET 2026
#@#%# recon-all-run-time-hours 0.052
recon-all -s sub-v2s16x51246_ses-1 finished without error at Wed Mar 11 13:32:54 CET 2026
