
Wed Mar 11 10:47:20 CET 2026
cd /out/sourcedata/freesurfer/sub-v2s16x51246_ses-1
setenv SUBJECTS_DIR /out/sourcedata/freesurfer
/opt/freesurfer/bin/recon-all -autorecon1 -i /work/fmriprep_25_2_wf/sub_v2s16x51246_ses_1-2_wf/anat_fit_wf/anat_validate/sub-v2s16x51246_ses-2_run-1_T1w_noise_corrected_ras_corrected_valid.nii.gz -noskullstrip -noT2pial -noFLAIRpial -openmp 16 -subjid sub-v2s16x51246_ses-1 -sd /out/sourcedata/freesurfer

subjid sub-v2s16x51246_ses-1
setenv SUBJECTS_DIR /out/sourcedata/freesurfer
FREESURFER_HOME /opt/freesurfer
Actual FREESURFER_HOME /opt/freesurfer
build-stamp.txt: freesurfer-linux-ubuntu22_x86_64-7.3.2-20220804-6354275
Linux dna043 5.14.0-427.37.1.el9_4.x86_64 #1 SMP PREEMPT_DYNAMIC Fri Sep 13 12:41:50 EDT 2024 x86_64 x86_64 x86_64 GNU/Linux
cputime      unlimited
filesize     unlimited
datasize     unlimited
stacksize    8192 kbytes
coredumpsize 0 kbytes
memoryuse    67108864 kbytes
vmemoryuse   unlimited
descriptors  1024 
memorylocked unlimited
maxproc      2061970 
maxlocks     unlimited
maxsignal    4126352 
maxmessage   819200 
maxnice      0 
maxrtprio    0 
maxrttime    unlimited

               total        used        free      shared  buff/cache   available
Mem:           1.0Ti        53Gi       915Gi        12Gi        38Gi       934Gi
Swap:             0B          0B          0B

########################################
program versions used
7.3.2 (freesurfer-linux-ubuntu22_x86_64-7.3.2-20220804-6354275)
7.3.2

ProgramName: lta_convert  ProgramArguments: lta_convert -all-info  ProgramVersion: 7.3.2  TimeStamp: 2026/03/11-09:47:20-GMT  BuildTime: Aug  4 2022 06:17:15  BuildStamp: freesurfer-linux-ubuntu22_x86_64-7.3.2-20220804-6354275  User: oesteban  Machine: dna043  Platform: Linux  PlatformVersion: 5.14.0-427.37.1.el9_4.x86_64  CompilerName: GCC  CompilerVersion: 8.4.0
ProgramName: mri_and  ProgramArguments: mri_and -all-info  ProgramVersion: 7.3.2  TimeStamp: 2026/03/11-09:47:20-GMT  BuildTime: Aug  4 2022 06:17:15  BuildStamp: freesurfer-linux-ubuntu22_x86_64-7.3.2-20220804-6354275  User: oesteban  Machine: dna043  Platform: Linux  PlatformVersion: 5.14.0-427.37.1.el9_4.x86_64  CompilerName: GCC  CompilerVersion: 8.4.0
ProgramName: mri_annotation2label  ProgramArguments: mri_annotation2label -all-info  ProgramVersion: 7.3.2  TimeStamp: 2026/03/11-09:47:20-GMT  BuildTime: Aug  4 2022 06:17:15  BuildStamp: freesurfer-linux-ubuntu22_x86_64-7.3.2-20220804-6354275  User: oesteban  Machine: dna043  Platform: Linux  PlatformVersion: 5.14.0-427.37.1.el9_4.x86_64  CompilerName: GCC  CompilerVersion: 8.4.0
ProgramName: mri_aparc2aseg  ProgramArguments: mri_aparc2aseg -all-info  ProgramVersion: 7.3.2  TimeStamp: 2026/03/11-09:47:20-GMT  BuildTime: Aug  4 2022 06:17:15  BuildStamp: freesurfer-linux-ubuntu22_x86_64-7.3.2-20220804-6354275  User: oesteban  Machine: dna043  Platform: Linux  PlatformVersion: 5.14.0-427.37.1.el9_4.x86_64  CompilerName: GCC  CompilerVersion: 8.4.0
ProgramName: mri_surf2volseg  ProgramArguments: mri_surf2volseg -all-info  ProgramVersion: 7.3.2  TimeStamp: 2026/03/11-09:47:20-GMT  BuildTime: Aug  4 2022 06:17:15  BuildStamp: freesurfer-linux-ubuntu22_x86_64-7.3.2-20220804-6354275  User: oesteban  Machine: dna043  Platform: Linux  PlatformVersion: 5.14.0-427.37.1.el9_4.x86_64  CompilerName: GCC  CompilerVersion: 8.4.0
ProgramName: mri_binarize  ProgramArguments: mri_binarize -all-info  ProgramVersion: 7.3.2  TimeStamp: 2026/03/11-09:47:20-GMT  BuildTime: Aug  4 2022 06:17:15  BuildStamp: freesurfer-linux-ubuntu22_x86_64-7.3.2-20220804-6354275  User: oesteban  Machine: dna043  Platform: Linux  PlatformVersion: 5.14.0-427.37.1.el9_4.x86_64  CompilerName: GCC  CompilerVersion: 8.4.0
ProgramName: mri_ca_label  ProgramArguments: mri_ca_label -all-info  ProgramVersion: 7.3.2  TimeStamp: 2026/03/11-09:47:20-GMT  BuildTime: Aug  4 2022 06:17:15  BuildStamp: freesurfer-linux-ubuntu22_x86_64-7.3.2-20220804-6354275  User: oesteban  Machine: dna043  Platform: Linux  PlatformVersion: 5.14.0-427.37.1.el9_4.x86_64  CompilerName: GCC  CompilerVersion: 8.4.0
ProgramName: mri_ca_normalize  ProgramArguments: mri_ca_normalize -all-info  ProgramVersion: 7.3.2  TimeStamp: 2026/03/11-09:47:20-GMT  BuildTime: Aug  4 2022 06:17:15  BuildStamp: freesurfer-linux-ubuntu22_x86_64-7.3.2-20220804-6354275  User: oesteban  Machine: dna043  Platform: Linux  PlatformVersion: 5.14.0-427.37.1.el9_4.x86_64  CompilerName: GCC  CompilerVersion: 8.4.0
ProgramName: mri_ca_register  ProgramArguments: mri_ca_register -all-info  ProgramVersion: 7.3.2  TimeStamp: 2026/03/11-09:47:20-GMT  BuildTime: Aug  4 2022 06:17:15  BuildStamp: freesurfer-linux-ubuntu22_x86_64-7.3.2-20220804-6354275  User: oesteban  Machine: dna043  Platform: Linux  PlatformVersion: 5.14.0-427.37.1.el9_4.x86_64  CompilerName: GCC  CompilerVersion: 8.4.0
ProgramName: mri_cc  ProgramArguments: mri_cc -all-info  ProgramVersion: 7.3.2  TimeStamp: 2026/03/11-09:47:20-GMT  BuildTime: Aug  4 2022 06:17:15  BuildStamp: freesurfer-linux-ubuntu22_x86_64-7.3.2-20220804-6354275  User: oesteban  Machine: dna043  Platform: Linux  PlatformVersion: 5.14.0-427.37.1.el9_4.x86_64  CompilerName: GCC  CompilerVersion: 8.4.0
ProgramName: mri_compute_overlap  ProgramArguments: mri_compute_overlap -all-info  ProgramVersion: 7.3.2  TimeStamp: 2026/03/11-09:47:20-GMT  BuildTime: Aug  4 2022 06:17:15  BuildStamp: freesurfer-linux-ubuntu22_x86_64-7.3.2-20220804-6354275  User: oesteban  Machine: dna043  Platform: Linux  PlatformVersion: 5.14.0-427.37.1.el9_4.x86_64  CompilerName: GCC  CompilerVersion: 8.4.0
ProgramName: mri_compute_seg_overlap  ProgramArguments: mri_compute_seg_overlap -all-info  ProgramVersion: 7.3.2  TimeStamp: 2026/03/11-09:47:20-GMT  BuildTime: Aug  4 2022 06:17:15  BuildStamp: freesurfer-linux-ubuntu22_x86_64-7.3.2-20220804-6354275  User: oesteban  Machine: dna043  Platform: Linux  PlatformVersion: 5.14.0-427.37.1.el9_4.x86_64  CompilerName: GCC  CompilerVersion: 8.4.0
ProgramName: mri_concat  ProgramArguments: mri_concat -all-info  ProgramVersion: 7.3.2  TimeStamp: 2026/03/11-09:47:20-GMT  BuildTime: Aug  4 2022 06:17:15  BuildStamp: freesurfer-linux-ubuntu22_x86_64-7.3.2-20220804-6354275  User: oesteban  Machine: dna043  Platform: Linux  PlatformVersion: 5.14.0-427.37.1.el9_4.x86_64  CompilerName: GCC  CompilerVersion: 8.4.0
ProgramName: mri_concatenate_lta  ProgramArguments: mri_concatenate_lta -all-info  ProgramVersion: 7.3.2  TimeStamp: 2026/03/11-09:47:20-GMT  BuildTime: Aug  4 2022 06:17:15  BuildStamp: freesurfer-linux-ubuntu22_x86_64-7.3.2-20220804-6354275  User: oesteban  Machine: dna043  Platform: Linux  PlatformVersion: 5.14.0-427.37.1.el9_4.x86_64  CompilerName: GCC  CompilerVersion: 8.4.0
mri_convert -all-info 
ProgramName: mri_convert  ProgramArguments: mri_convert -all-info  ProgramVersion: 7.3.2  TimeStamp: 2026/03/11-09:47:20-GMT  BuildTime: Aug  4 2022 06:17:15  BuildStamp: freesurfer-linux-ubuntu22_x86_64-7.3.2-20220804-6354275  User: oesteban  Machine: dna043  Platform: Linux  PlatformVersion: 5.14.0-427.37.1.el9_4.x86_64  CompilerName: GCC  CompilerVersion: 8.4.0
ProgramName: mri_diff  ProgramArguments: mri_diff -all-info  ProgramVersion: 7.3.2  TimeStamp: 2026/03/11-09:47:20-GMT  BuildTime: Aug  4 2022 06:17:15  BuildStamp: freesurfer-linux-ubuntu22_x86_64-7.3.2-20220804-6354275  User: oesteban  Machine: dna043  Platform: Linux  PlatformVersion: 5.14.0-427.37.1.el9_4.x86_64  CompilerName: GCC  CompilerVersion: 8.4.0
ProgramName: mri_edit_wm_with_aseg  ProgramArguments: mri_edit_wm_with_aseg -all-info  ProgramVersion: 7.3.2  TimeStamp: 2026/03/11-09:47:20-GMT  BuildTime: Aug  4 2022 06:17:15  BuildStamp: freesurfer-linux-ubuntu22_x86_64-7.3.2-20220804-6354275  User: oesteban  Machine: dna043  Platform: Linux  PlatformVersion: 5.14.0-427.37.1.el9_4.x86_64  CompilerName: GCC  CompilerVersion: 8.4.0
ProgramName: mri_em_register  ProgramArguments: mri_em_register -all-info  ProgramVersion: 7.3.2  TimeStamp: 2026/03/11-09:47:20-GMT  BuildTime: Aug  4 2022 06:17:15  BuildStamp: freesurfer-linux-ubuntu22_x86_64-7.3.2-20220804-6354275  User: oesteban  Machine: dna043  Platform: Linux  PlatformVersion: 5.14.0-427.37.1.el9_4.x86_64  CompilerName: GCC  CompilerVersion: 8.4.0
ProgramName: mri_fill  ProgramArguments: mri_fill -all-info  ProgramVersion: 7.3.2  TimeStamp: 2026/03/11-09:47:20-GMT  BuildTime: Aug  4 2022 06:17:15  BuildStamp: freesurfer-linux-ubuntu22_x86_64-7.3.2-20220804-6354275  User: oesteban  Machine: dna043  Platform: Linux  PlatformVersion: 5.14.0-427.37.1.el9_4.x86_64  CompilerName: GCC  CompilerVersion: 8.4.0
ProgramName: mri_fuse_segmentations  ProgramArguments: mri_fuse_segmentations -all-info  ProgramVersion: 7.3.2  TimeStamp: 2026/03/11-09:47:20-GMT  BuildTime: Aug  4 2022 06:17:15  BuildStamp: freesurfer-linux-ubuntu22_x86_64-7.3.2-20220804-6354275  User: oesteban  Machine: dna043  Platform: Linux  PlatformVersion: 5.14.0-427.37.1.el9_4.x86_64  CompilerName: GCC  CompilerVersion: 8.4.0
ProgramName: mri_fwhm  ProgramArguments: mri_fwhm -all-info  ProgramVersion: 7.3.2  TimeStamp: 2026/03/11-09:47:20-GMT  BuildTime: Aug  4 2022 06:17:15  BuildStamp: freesurfer-linux-ubuntu22_x86_64-7.3.2-20220804-6354275  User: oesteban  Machine: dna043  Platform: Linux  PlatformVersion: 5.14.0-427.37.1.el9_4.x86_64  CompilerName: GCC  CompilerVersion: 8.4.0
ProgramName: mri_gcut  ProgramArguments: mri_gcut -all-info  ProgramVersion: 7.3.2  TimeStamp: 2026/03/11-09:47:20-GMT  BuildTime: Aug  4 2022 06:17:15  BuildStamp: freesurfer-linux-ubuntu22_x86_64-7.3.2-20220804-6354275  User: oesteban  Machine: dna043  Platform: Linux  PlatformVersion: 5.14.0-427.37.1.el9_4.x86_64  CompilerName: GCC  CompilerVersion: 8.4.0
ProgramName: mri_info  ProgramArguments: mri_info -all-info  ProgramVersion: 7.3.2  TimeStamp: 2026/03/11-09:47:20-GMT  BuildTime: Aug  4 2022 06:17:15  BuildStamp: freesurfer-linux-ubuntu22_x86_64-7.3.2-20220804-6354275  User: oesteban  Machine: dna043  Platform: Linux  PlatformVersion: 5.14.0-427.37.1.el9_4.x86_64  CompilerName: GCC  CompilerVersion: 8.4.0
ProgramName: mri_label2label  ProgramArguments: mri_label2label -all-info  ProgramVersion: 7.3.2  TimeStamp: 2026/03/11-09:47:20-GMT  BuildTime: Aug  4 2022 06:17:15  BuildStamp: freesurfer-linux-ubuntu22_x86_64-7.3.2-20220804-6354275  User: oesteban  Machine: dna043  Platform: Linux  PlatformVersion: 5.14.0-427.37.1.el9_4.x86_64  CompilerName: GCC  CompilerVersion: 8.4.0
ProgramName: mri_label2vol  ProgramArguments: mri_label2vol -all-info  ProgramVersion: 7.3.2  TimeStamp: 2026/03/11-09:47:20-GMT  BuildTime: Aug  4 2022 06:17:15  BuildStamp: freesurfer-linux-ubuntu22_x86_64-7.3.2-20220804-6354275  User: oesteban  Machine: dna043  Platform: Linux  PlatformVersion: 5.14.0-427.37.1.el9_4.x86_64  CompilerName: GCC  CompilerVersion: 8.4.0
ProgramName: mri_log_likelihood  ProgramArguments: mri_log_likelihood -all-info  ProgramVersion: 7.3.2  TimeStamp: 2026/03/11-09:47:20-GMT  BuildTime: Aug  4 2022 06:17:15  BuildStamp: freesurfer-linux-ubuntu22_x86_64-7.3.2-20220804-6354275  User: oesteban  Machine: dna043  Platform: Linux  PlatformVersion: 5.14.0-427.37.1.el9_4.x86_64  CompilerName: GCC  CompilerVersion: 8.4.0
ProgramName: mri_mask  ProgramArguments: mri_mask -all-info  ProgramVersion: 7.3.2  TimeStamp: 2026/03/11-09:47:20-GMT  BuildTime: Aug  4 2022 06:17:15  BuildStamp: freesurfer-linux-ubuntu22_x86_64-7.3.2-20220804-6354275  User: oesteban  Machine: dna043  Platform: Linux  PlatformVersion: 5.14.0-427.37.1.el9_4.x86_64  CompilerName: GCC  CompilerVersion: 8.4.0
ProgramName: mri_matrix_multiply  ProgramArguments: mri_matrix_multiply -all-info  ProgramVersion: 7.3.2  TimeStamp: 2026/03/11-09:47:20-GMT  BuildTime: Aug  4 2022 06:17:15  BuildStamp: freesurfer-linux-ubuntu22_x86_64-7.3.2-20220804-6354275  User: oesteban  Machine: dna043  Platform: Linux  PlatformVersion: 5.14.0-427.37.1.el9_4.x86_64  CompilerName: GCC  CompilerVersion: 8.4.0
ProgramName: mri_normalize  ProgramArguments: mri_normalize -all-info  ProgramVersion: 7.3.2  TimeStamp: 2026/03/11-09:47:20-GMT  BuildTime: Aug  4 2022 06:17:15  BuildStamp: freesurfer-linux-ubuntu22_x86_64-7.3.2-20220804-6354275  User: oesteban  Machine: dna043  Platform: Linux  PlatformVersion: 5.14.0-427.37.1.el9_4.x86_64  CompilerName: GCC  CompilerVersion: 8.4.0
ProgramName: mri_normalize_tp2  ProgramArguments: mri_normalize_tp2 -all-info  ProgramVersion: 7.3.2  TimeStamp: 2026/03/11-09:47:20-GMT  BuildTime: Aug  4 2022 06:17:15  BuildStamp: freesurfer-linux-ubuntu22_x86_64-7.3.2-20220804-6354275  User: oesteban  Machine: dna043  Platform: Linux  PlatformVersion: 5.14.0-427.37.1.el9_4.x86_64  CompilerName: GCC  CompilerVersion: 8.4.0
ProgramName: mri_or  ProgramArguments: mri_or -all-info  ProgramVersion: 7.3.2  TimeStamp: 2026/03/11-09:47:20-GMT  BuildTime: Aug  4 2022 06:17:15  BuildStamp: freesurfer-linux-ubuntu22_x86_64-7.3.2-20220804-6354275  User: oesteban  Machine: dna043  Platform: Linux  PlatformVersion: 5.14.0-427.37.1.el9_4.x86_64  CompilerName: GCC  CompilerVersion: 8.4.0
ProgramName: mri_relabel_hypointensities  ProgramArguments: mri_relabel_hypointensities -all-info  ProgramVersion: 7.3.2  TimeStamp: 2026/03/11-09:47:20-GMT  BuildTime: Aug  4 2022 06:17:15  BuildStamp: freesurfer-linux-ubuntu22_x86_64-7.3.2-20220804-6354275  User: oesteban  Machine: dna043  Platform: Linux  PlatformVersion: 5.14.0-427.37.1.el9_4.x86_64  CompilerName: GCC  CompilerVersion: 8.4.0
ProgramName: mri_relabel_nonwm_hypos  ProgramArguments: mri_relabel_nonwm_hypos -all-info  ProgramVersion: 7.3.2  TimeStamp: 2026/03/11-09:47:20-GMT  BuildTime: Aug  4 2022 06:17:15  BuildStamp: freesurfer-linux-ubuntu22_x86_64-7.3.2-20220804-6354275  User: oesteban  Machine: dna043  Platform: Linux  PlatformVersion: 5.14.0-427.37.1.el9_4.x86_64  CompilerName: GCC  CompilerVersion: 8.4.0
ProgramName: mri_remove_neck  ProgramArguments: mri_remove_neck -all-info  ProgramVersion: 7.3.2  TimeStamp: 2026/03/11-09:47:20-GMT  BuildTime: Aug  4 2022 06:17:15  BuildStamp: freesurfer-linux-ubuntu22_x86_64-7.3.2-20220804-6354275  User: oesteban  Machine: dna043  Platform: Linux  PlatformVersion: 5.14.0-427.37.1.el9_4.x86_64  CompilerName: GCC  CompilerVersion: 8.4.0
7.3.2

ProgramName: mri_robust_register  ProgramArguments: mri_robust_register -all-info  ProgramVersion: 7.3.2  TimeStamp: 2026/03/11-09:47:20-GMT  BuildTime: Aug  4 2022 06:17:15  BuildStamp: freesurfer-linux-ubuntu22_x86_64-7.3.2-20220804-6354275  User: oesteban  Machine: dna043  Platform: Linux  PlatformVersion: 5.14.0-427.37.1.el9_4.x86_64  CompilerName: GCC  CompilerVersion: 8.4.0
7.3.2

ProgramName: mri_robust_template  ProgramArguments: mri_robust_template -all-info  ProgramVersion: 7.3.2  TimeStamp: 2026/03/11-09:47:20-GMT  BuildTime: Aug  4 2022 06:17:15  BuildStamp: freesurfer-linux-ubuntu22_x86_64-7.3.2-20220804-6354275  User: oesteban  Machine: dna043  Platform: Linux  PlatformVersion: 5.14.0-427.37.1.el9_4.x86_64  CompilerName: GCC  CompilerVersion: 8.4.0
ProgramName: mris_anatomical_stats  ProgramArguments: mris_anatomical_stats -all-info  ProgramVersion: 7.3.2  TimeStamp: 2026/03/11-09:47:20-GMT  BuildTime: Aug  4 2022 06:17:15  BuildStamp: freesurfer-linux-ubuntu22_x86_64-7.3.2-20220804-6354275  User: oesteban  Machine: dna043  Platform: Linux  PlatformVersion: 5.14.0-427.37.1.el9_4.x86_64  CompilerName: GCC  CompilerVersion: 8.4.0
ProgramName: mris_ca_label  ProgramArguments: mris_ca_label -all-info  ProgramVersion: 7.3.2  TimeStamp: 2026/03/11-09:47:20-GMT  BuildTime: Aug  4 2022 06:17:15  BuildStamp: freesurfer-linux-ubuntu22_x86_64-7.3.2-20220804-6354275  User: oesteban  Machine: dna043  Platform: Linux  PlatformVersion: 5.14.0-427.37.1.el9_4.x86_64  CompilerName: GCC  CompilerVersion: 8.4.0
ProgramName: mris_calc  ProgramArguments: mris_calc -all-info  ProgramVersion: 7.3.2  TimeStamp: 2026/03/11-09:47:20-GMT  BuildTime: Aug  4 2022 06:17:15  BuildStamp: freesurfer-linux-ubuntu22_x86_64-7.3.2-20220804-6354275  User: oesteban  Machine: dna043  Platform: Linux  PlatformVersion: 5.14.0-427.37.1.el9_4.x86_64  CompilerName: GCC  CompilerVersion: 8.4.0
ProgramName: mris_convert  ProgramArguments: mris_convert -all-info  ProgramVersion: 7.3.2  TimeStamp: 2026/03/11-09:47:20-GMT  BuildTime: Aug  4 2022 06:17:15  BuildStamp: freesurfer-linux-ubuntu22_x86_64-7.3.2-20220804-6354275  User: oesteban  Machine: dna043  Platform: Linux  PlatformVersion: 5.14.0-427.37.1.el9_4.x86_64  CompilerName: GCC  CompilerVersion: 8.4.0
ProgramName: mris_curvature  ProgramArguments: mris_curvature -all-info  ProgramVersion: 7.3.2  TimeStamp: 2026/03/11-09:47:20-GMT  BuildTime: Aug  4 2022 06:17:15  BuildStamp: freesurfer-linux-ubuntu22_x86_64-7.3.2-20220804-6354275  User: oesteban  Machine: dna043  Platform: Linux  PlatformVersion: 5.14.0-427.37.1.el9_4.x86_64  CompilerName: GCC  CompilerVersion: 8.4.0
ProgramName: mris_curvature_stats  ProgramArguments: mris_curvature_stats -all-info  ProgramVersion: 7.3.2  TimeStamp: 2026/03/11-09:47:20-GMT  BuildTime: Aug  4 2022 06:17:15  BuildStamp: freesurfer-linux-ubuntu22_x86_64-7.3.2-20220804-6354275  User: oesteban  Machine: dna043  Platform: Linux  PlatformVersion: 5.14.0-427.37.1.el9_4.x86_64  CompilerName: GCC  CompilerVersion: 8.4.0
ProgramName: mris_diff  ProgramArguments: mris_diff -all-info  ProgramVersion: 7.3.2  TimeStamp: 2026/03/11-09:47:20-GMT  BuildTime: Aug  4 2022 06:17:15  BuildStamp: freesurfer-linux-ubuntu22_x86_64-7.3.2-20220804-6354275  User: oesteban  Machine: dna043  Platform: Linux  PlatformVersion: 5.14.0-427.37.1.el9_4.x86_64  CompilerName: GCC  CompilerVersion: 8.4.0
ProgramName: mris_divide_parcellation  ProgramArguments: mris_divide_parcellation -all-info  ProgramVersion: 7.3.2  TimeStamp: 2026/03/11-09:47:20-GMT  BuildTime: Aug  4 2022 06:17:15  BuildStamp: freesurfer-linux-ubuntu22_x86_64-7.3.2-20220804-6354275  User: oesteban  Machine: dna043  Platform: Linux  PlatformVersion: 5.14.0-427.37.1.el9_4.x86_64  CompilerName: GCC  CompilerVersion: 8.4.0
ProgramName: mri_segment  ProgramArguments: mri_segment -all-info  ProgramVersion: 7.3.2  TimeStamp: 2026/03/11-09:47:20-GMT  BuildTime: Aug  4 2022 06:17:15  BuildStamp: freesurfer-linux-ubuntu22_x86_64-7.3.2-20220804-6354275  User: oesteban  Machine: dna043  Platform: Linux  PlatformVersion: 5.14.0-427.37.1.el9_4.x86_64  CompilerName: GCC  CompilerVersion: 8.4.0
ProgramName: mri_segstats  ProgramArguments: mri_segstats -all-info  ProgramVersion: 7.3.2  TimeStamp: 2026/03/11-09:47:20-GMT  BuildTime: Aug  4 2022 06:17:15  BuildStamp: freesurfer-linux-ubuntu22_x86_64-7.3.2-20220804-6354275  User: oesteban  Machine: dna043  Platform: Linux  PlatformVersion: 5.14.0-427.37.1.el9_4.x86_64  CompilerName: GCC  CompilerVersion: 8.4.0
ProgramName: mris_euler_number  ProgramArguments: mris_euler_number -all-info  ProgramVersion: 7.3.2  TimeStamp: 2026/03/11-09:47:20-GMT  BuildTime: Aug  4 2022 06:17:15  BuildStamp: freesurfer-linux-ubuntu22_x86_64-7.3.2-20220804-6354275  User: oesteban  Machine: dna043  Platform: Linux  PlatformVersion: 5.14.0-427.37.1.el9_4.x86_64  CompilerName: GCC  CompilerVersion: 8.4.0
ProgramName: mris_fix_topology  ProgramArguments: mris_fix_topology -all-info  ProgramVersion: 7.3.2  TimeStamp: 2026/03/11-09:47:20-GMT  BuildTime: Aug  4 2022 06:17:15  BuildStamp: freesurfer-linux-ubuntu22_x86_64-7.3.2-20220804-6354275  User: oesteban  Machine: dna043  Platform: Linux  PlatformVersion: 5.14.0-427.37.1.el9_4.x86_64  CompilerName: GCC  CompilerVersion: 8.4.0
ProgramName: mris_topo_fixer  ProgramArguments: mris_topo_fixer -all-info  ProgramVersion: 7.3.2  TimeStamp: 2026/03/11-09:47:20-GMT  BuildTime: Aug  4 2022 06:17:15  BuildStamp: freesurfer-linux-ubuntu22_x86_64-7.3.2-20220804-6354275  User: oesteban  Machine: dna043  Platform: Linux  PlatformVersion: 5.14.0-427.37.1.el9_4.x86_64  CompilerName: GCC  CompilerVersion: 8.4.0
ProgramName: mris_jacobian  ProgramArguments: mris_jacobian -all-info  ProgramVersion: 7.3.2  TimeStamp: 2026/03/11-09:47:20-GMT  BuildTime: Aug  4 2022 06:17:15  BuildStamp: freesurfer-linux-ubuntu22_x86_64-7.3.2-20220804-6354275  User: oesteban  Machine: dna043  Platform: Linux  PlatformVersion: 5.14.0-427.37.1.el9_4.x86_64  CompilerName: GCC  CompilerVersion: 8.4.0
ProgramName: mris_label2annot  ProgramArguments: mris_label2annot -all-info  ProgramVersion: 7.3.2  TimeStamp: 2026/03/11-09:47:20-GMT  BuildTime: Aug  4 2022 06:17:15  BuildStamp: freesurfer-linux-ubuntu22_x86_64-7.3.2-20220804-6354275  User: oesteban  Machine: dna043  Platform: Linux  PlatformVersion: 5.14.0-427.37.1.el9_4.x86_64  CompilerName: GCC  CompilerVersion: 8.4.0
ProgramName: mris_left_right_register  ProgramArguments: mris_left_right_register -all-info  ProgramVersion: 7.3.2  TimeStamp: 2026/03/11-09:47:20-GMT  BuildTime: Aug  4 2022 06:17:15  BuildStamp: freesurfer-linux-ubuntu22_x86_64-7.3.2-20220804-6354275  User: oesteban  Machine: dna043  Platform: Linux  PlatformVersion: 5.14.0-427.37.1.el9_4.x86_64  CompilerName: GCC  CompilerVersion: 8.4.0
ProgramName: mris_place_surface  ProgramArguments: mris_place_surface -all-info  ProgramVersion: 7.3.2  TimeStamp: 2026/03/11-09:47:20-GMT  BuildTime: Aug  4 2022 06:17:15  BuildStamp: freesurfer-linux-ubuntu22_x86_64-7.3.2-20220804-6354275  User: oesteban  Machine: dna043  Platform: Linux  PlatformVersion: 5.14.0-427.37.1.el9_4.x86_64  CompilerName: GCC  CompilerVersion: 8.4.0
ProgramName: mrisp_paint  ProgramArguments: mrisp_paint -all-info  ProgramVersion: 7.3.2  TimeStamp: 2026/03/11-09:47:20-GMT  BuildTime: Aug  4 2022 06:17:15  BuildStamp: freesurfer-linux-ubuntu22_x86_64-7.3.2-20220804-6354275  User: oesteban  Machine: dna043  Platform: Linux  PlatformVersion: 5.14.0-427.37.1.el9_4.x86_64  CompilerName: GCC  CompilerVersion: 8.4.0
ProgramName: mris_register  ProgramArguments: mris_register -all-info  ProgramVersion: 7.3.2  TimeStamp: 2026/03/11-09:47:20-GMT  BuildTime: Aug  4 2022 06:17:15  BuildStamp: freesurfer-linux-ubuntu22_x86_64-7.3.2-20220804-6354275  User: oesteban  Machine: dna043  Platform: Linux  PlatformVersion: 5.14.0-427.37.1.el9_4.x86_64  CompilerName: GCC  CompilerVersion: 8.4.0
ProgramName: mris_smooth  ProgramArguments: mris_smooth -all-info  ProgramVersion: 7.3.2  TimeStamp: 2026/03/11-09:47:20-GMT  BuildTime: Aug  4 2022 06:17:15  BuildStamp: freesurfer-linux-ubuntu22_x86_64-7.3.2-20220804-6354275  User: oesteban  Machine: dna043  Platform: Linux  PlatformVersion: 5.14.0-427.37.1.el9_4.x86_64  CompilerName: GCC  CompilerVersion: 8.4.0
ProgramName: mris_sphere  ProgramArguments: mris_sphere -all-info  ProgramVersion: 7.3.2  TimeStamp: 2026/03/11-09:47:21-GMT  BuildTime: Aug  4 2022 06:17:15  BuildStamp: freesurfer-linux-ubuntu22_x86_64-7.3.2-20220804-6354275  User: oesteban  Machine: dna043  Platform: Linux  PlatformVersion: 5.14.0-427.37.1.el9_4.x86_64  CompilerName: GCC  CompilerVersion: 8.4.0
ProgramName: mris_surface_stats  ProgramArguments: mris_surface_stats -all-info  ProgramVersion: 7.3.2  TimeStamp: 2026/03/11-09:47:21-GMT  BuildTime: Aug  4 2022 06:17:15  BuildStamp: freesurfer-linux-ubuntu22_x86_64-7.3.2-20220804-6354275  User: oesteban  Machine: dna043  Platform: Linux  PlatformVersion: 5.14.0-427.37.1.el9_4.x86_64  CompilerName: GCC  CompilerVersion: 8.4.0
ProgramName: mri_stats2seg  ProgramArguments: mri_stats2seg -all-info  ProgramVersion: 7.3.2  TimeStamp: 2026/03/11-09:47:21-GMT  BuildTime: Aug  4 2022 06:17:15  BuildStamp: freesurfer-linux-ubuntu22_x86_64-7.3.2-20220804-6354275  User: oesteban  Machine: dna043  Platform: Linux  PlatformVersion: 5.14.0-427.37.1.el9_4.x86_64  CompilerName: GCC  CompilerVersion: 8.4.0
ProgramName: mris_thickness  ProgramArguments: mris_thickness -all-info  ProgramVersion: 7.3.2  TimeStamp: 2026/03/11-09:47:21-GMT  BuildTime: Aug  4 2022 06:17:15  BuildStamp: freesurfer-linux-ubuntu22_x86_64-7.3.2-20220804-6354275  User: oesteban  Machine: dna043  Platform: Linux  PlatformVersion: 5.14.0-427.37.1.el9_4.x86_64  CompilerName: GCC  CompilerVersion: 8.4.0
ProgramName: mris_thickness_diff  ProgramArguments: mris_thickness_diff -all-info  ProgramVersion: 7.3.2  TimeStamp: 2026/03/11-09:47:21-GMT  BuildTime: Aug  4 2022 06:17:15  BuildStamp: freesurfer-linux-ubuntu22_x86_64-7.3.2-20220804-6354275  User: oesteban  Machine: dna043  Platform: Linux  PlatformVersion: 5.14.0-427.37.1.el9_4.x86_64  CompilerName: GCC  CompilerVersion: 8.4.0
ProgramName: mris_topo_fixer  ProgramArguments: mris_topo_fixer -all-info  ProgramVersion: 7.3.2  TimeStamp: 2026/03/11-09:47:21-GMT  BuildTime: Aug  4 2022 06:17:15  BuildStamp: freesurfer-linux-ubuntu22_x86_64-7.3.2-20220804-6354275  User: oesteban  Machine: dna043  Platform: Linux  PlatformVersion: 5.14.0-427.37.1.el9_4.x86_64  CompilerName: GCC  CompilerVersion: 8.4.0
ProgramName: mri_surf2surf  ProgramArguments: mri_surf2surf -all-info  ProgramVersion: 7.3.2  TimeStamp: 2026/03/11-09:47:21-GMT  BuildTime: Aug  4 2022 06:17:15  BuildStamp: freesurfer-linux-ubuntu22_x86_64-7.3.2-20220804-6354275  User: oesteban  Machine: dna043  Platform: Linux  PlatformVersion: 5.14.0-427.37.1.el9_4.x86_64  CompilerName: GCC  CompilerVersion: 8.4.0
ProgramName: mri_surf2vol  ProgramArguments: mri_surf2vol -all-info  ProgramVersion: 7.3.2  TimeStamp: 2026/03/11-09:47:21-GMT  BuildTime: Aug  4 2022 06:17:15  BuildStamp: freesurfer-linux-ubuntu22_x86_64-7.3.2-20220804-6354275  User: oesteban  Machine: dna043  Platform: Linux  PlatformVersion: 5.14.0-427.37.1.el9_4.x86_64  CompilerName: GCC  CompilerVersion: 8.4.0
ProgramName: mri_surfcluster  ProgramArguments: mri_surfcluster -all-info  ProgramVersion: 7.3.2  TimeStamp: 2026/03/11-09:47:21-GMT  BuildTime: Aug  4 2022 06:17:15  BuildStamp: freesurfer-linux-ubuntu22_x86_64-7.3.2-20220804-6354275  User: oesteban  Machine: dna043  Platform: Linux  PlatformVersion: 5.14.0-427.37.1.el9_4.x86_64  CompilerName: GCC  CompilerVersion: 8.4.0
ProgramName: mris_volmask  ProgramArguments: mris_volmask -all-info  ProgramVersion: 7.3.2  TimeStamp: 2026/03/11-09:47:21-GMT  BuildTime: Aug  4 2022 06:17:15  BuildStamp: freesurfer-linux-ubuntu22_x86_64-7.3.2-20220804-6354275  User: oesteban  Machine: dna043  Platform: Linux  PlatformVersion: 5.14.0-427.37.1.el9_4.x86_64  CompilerName: GCC  CompilerVersion: 8.4.0
ProgramName: mri_tessellate  ProgramArguments: mri_tessellate -all-info  ProgramVersion: 7.3.2  TimeStamp: 2026/03/11-09:47:21-GMT  BuildTime: Aug  4 2022 06:17:15  BuildStamp: freesurfer-linux-ubuntu22_x86_64-7.3.2-20220804-6354275  User: oesteban  Machine: dna043  Platform: Linux  PlatformVersion: 5.14.0-427.37.1.el9_4.x86_64  CompilerName: GCC  CompilerVersion: 8.4.0
ProgramName: mri_vol2surf  ProgramArguments: mri_vol2surf -all-info  ProgramVersion: 7.3.2  TimeStamp: 2026/03/11-09:47:21-GMT  BuildTime: Aug  4 2022 06:17:15  BuildStamp: freesurfer-linux-ubuntu22_x86_64-7.3.2-20220804-6354275  User: oesteban  Machine: dna043  Platform: Linux  PlatformVersion: 5.14.0-427.37.1.el9_4.x86_64  CompilerName: GCC  CompilerVersion: 8.4.0
ProgramName: mri_vol2vol  ProgramArguments: mri_vol2vol -all-info  ProgramVersion: 7.3.2  TimeStamp: 2026/03/11-09:47:21-GMT  BuildTime: Aug  4 2022 06:17:15  BuildStamp: freesurfer-linux-ubuntu22_x86_64-7.3.2-20220804-6354275  User: oesteban  Machine: dna043  Platform: Linux  PlatformVersion: 5.14.0-427.37.1.el9_4.x86_64  CompilerName: GCC  CompilerVersion: 8.4.0
ProgramName: mri_voldiff  ProgramArguments: mri_voldiff -all-info  ProgramVersion: 7.3.2  TimeStamp: 2026/03/11-09:47:21-GMT  BuildTime: Aug  4 2022 06:17:15  BuildStamp: freesurfer-linux-ubuntu22_x86_64-7.3.2-20220804-6354275  User: oesteban  Machine: dna043  Platform: Linux  PlatformVersion: 5.14.0-427.37.1.el9_4.x86_64  CompilerName: GCC  CompilerVersion: 8.4.0
ProgramName: mri_watershed  ProgramArguments: mri_watershed -all-info  ProgramVersion: 7.3.2  TimeStamp: 2026/03/11-09:47:21-GMT  BuildTime: Aug  4 2022 06:17:15  BuildStamp: freesurfer-linux-ubuntu22_x86_64-7.3.2-20220804-6354275  User: oesteban  Machine: dna043  Platform: Linux  PlatformVersion: 5.14.0-427.37.1.el9_4.x86_64  CompilerName: GCC  CompilerVersion: 8.4.0
ProgramName: tkregister2  ProgramArguments: tkregister2_cmdl -all-info  ProgramVersion: 7.3.2  TimeStamp: 2026/03/11-09:47:21-GMT  BuildTime: Aug  4 2022 06:17:15  BuildStamp: freesurfer-linux-ubuntu22_x86_64-7.3.2-20220804-6354275  User: oesteban  Machine: dna043  Platform: Linux  PlatformVersion: 5.14.0-427.37.1.el9_4.x86_64  CompilerName: GCC  CompilerVersion: 8.4.0
mri_motion_correct.fsl 7.3.2
mri_convert -all-info 
ProgramName: mri_convert  ProgramArguments: mri_convert -all-info  ProgramVersion: 7.3.2  TimeStamp: 2026/03/11-09:47:21-GMT  BuildTime: Aug  4 2022 06:17:15  BuildStamp: freesurfer-linux-ubuntu22_x86_64-7.3.2-20220804-6354275  User: oesteban  Machine: dna043  Platform: Linux  PlatformVersion: 5.14.0-427.37.1.el9_4.x86_64  CompilerName: GCC  CompilerVersion: 8.4.0
Program nu_correct, built from:
Package MNI N3, version 1.12.0, compiled by nicks@terrier (x86_64-unknown-linux-gnu) on 2015-06-19 at 01:25:34
#######################################
GCADIR /opt/freesurfer/average
GCA RB_all_2020-01-02.gca
GCASkull RB_all_withskull_2020_01_02.gca
AvgCurvTif folding.atlas.acfb40.noaparc.i12.2016-08-02.tif
GCSDIR /opt/freesurfer/average
GCS DKaparc.atlas.acfb40.noaparc.i12.2016-08-02.gcs
#######################################
/out/sourcedata/freesurfer/sub-v2s16x51246_ses-1

 mri_convert /work/fmriprep_25_2_wf/sub_v2s16x51246_ses_1-2_wf/anat_fit_wf/anat_validate/sub-v2s16x51246_ses-2_run-1_T1w_noise_corrected_ras_corrected_valid.nii.gz /out/sourcedata/freesurfer/sub-v2s16x51246_ses-1/mri/orig/001.mgz 

mri_convert /work/fmriprep_25_2_wf/sub_v2s16x51246_ses_1-2_wf/anat_fit_wf/anat_validate/sub-v2s16x51246_ses-2_run-1_T1w_noise_corrected_ras_corrected_valid.nii.gz /out/sourcedata/freesurfer/sub-v2s16x51246_ses-1/mri/orig/001.mgz 
reading from /work/fmriprep_25_2_wf/sub_v2s16x51246_ses_1-2_wf/anat_fit_wf/anat_validate/sub-v2s16x51246_ses-2_run-1_T1w_noise_corrected_ras_corrected_valid.nii.gz...
TR=0.00, TE=0.00, TI=0.00, flip angle=0.00
i_ras = (0.997801, 0, -0.0662739)
j_ras = (0, 1, 0)
k_ras = (0.0662739, 0, 0.997801)
writing to /out/sourcedata/freesurfer/sub-v2s16x51246_ses-1/mri/orig/001.mgz...
#--------------------------------------------
#@# MotionCor Wed Mar 11 10:47:22 CET 2026
Found 1 runs
/out/sourcedata/freesurfer/sub-v2s16x51246_ses-1/mri/orig/001.mgz
Checking for (invalid) multi-frame inputs...
Only one run found so motion
correction will not be performed. I'll
copy the run to rawavg and continue.

 cp /out/sourcedata/freesurfer/sub-v2s16x51246_ses-1/mri/orig/001.mgz /out/sourcedata/freesurfer/sub-v2s16x51246_ses-1/mri/rawavg.mgz 


 mri_info /out/sourcedata/freesurfer/sub-v2s16x51246_ses-1/mri/rawavg.mgz 

rawavg.mgz ========================================
Volume information for /out/sourcedata/freesurfer/sub-v2s16x51246_ses-1/mri/rawavg.mgz
          type: MGH
    dimensions: 160 x 240 x 256
   voxel sizes: 1.200000, 1.000000, 1.000000
          type: FLOAT (3)
           fov: 256.000
           dof: 1
        xstart: -96.0, xend: 96.0
        ystart: -120.0, yend: 120.0
        zstart: -128.0, zend: 128.0
            TR: 0.00 msec, TE: 0.00 msec, TI: 0.00 msec, flip angle: 0.00 degrees
       nframes: 1
       PhEncDir: UNKNOWN
       FieldStrength: 0.000000
ras xform present
    xform info: x_r =   0.9978, y_r =   0.0000, z_r =   0.0663, c_r =    -3.0882
              : x_a =   0.0000, y_a =   1.0000, z_a =   0.0000, c_a =    16.3700
              : x_s =  -0.0663, y_s =   0.0000, z_s =   0.9978, c_s =    15.0016

talairach xfm : 
Orientation   : RAS
Primary Slice Direction: axial

voxel to ras transform:
                1.1974   0.0000   0.0663  -107.3602
                0.0000   1.0000   0.0000  -103.6300
               -0.0795   0.0000   0.9978  -106.3547
                0.0000   0.0000   0.0000     1.0000

voxel-to-ras determinant 1.2

ras to voxel transform:
                0.8315   0.0000  -0.0552    83.3964
                0.0000   1.0000   0.0000   103.6300
                0.0663   0.0000   0.9978   113.2360
                0.0000   0.0000   0.0000     1.0000
/out/sourcedata/freesurfer/sub-v2s16x51246_ses-1

 mri_convert /out/sourcedata/freesurfer/sub-v2s16x51246_ses-1/mri/rawavg.mgz /out/sourcedata/freesurfer/sub-v2s16x51246_ses-1/mri/orig.mgz --conform 

mri_convert /out/sourcedata/freesurfer/sub-v2s16x51246_ses-1/mri/rawavg.mgz /out/sourcedata/freesurfer/sub-v2s16x51246_ses-1/mri/orig.mgz --conform 
reading from /out/sourcedata/freesurfer/sub-v2s16x51246_ses-1/mri/rawavg.mgz...
TR=0.00, TE=0.00, TI=0.00, flip angle=0.00
i_ras = (0.997801, 0, -0.0662739)
j_ras = (0, 1, 0)
k_ras = (0.0662739, 0, 0.997801)
changing data type from float to uchar (noscale = 0)...
MRIchangeType: Building histogram -0.00049634 1046.6 1000, flo=0, fhi=0.999, dest_type=0
Reslicing using trilinear interpolation 
writing to /out/sourcedata/freesurfer/sub-v2s16x51246_ses-1/mri/orig.mgz...

 mri_add_xform_to_header -c /out/sourcedata/freesurfer/sub-v2s16x51246_ses-1/mri/transforms/talairach.xfm /out/sourcedata/freesurfer/sub-v2s16x51246_ses-1/mri/orig.mgz /out/sourcedata/freesurfer/sub-v2s16x51246_ses-1/mri/orig.mgz 

INFO: extension is mgz

 mri_info /out/sourcedata/freesurfer/sub-v2s16x51246_ses-1/mri/orig.mgz 

orig.mgz ========================================
Volume information for /out/sourcedata/freesurfer/sub-v2s16x51246_ses-1/mri/orig.mgz
          type: MGH
    dimensions: 256 x 256 x 256
   voxel sizes: 1.000000, 1.000000, 1.000000
          type: UCHAR (0)
           fov: 256.000
           dof: 1
        xstart: -128.0, xend: 128.0
        ystart: -128.0, yend: 128.0
        zstart: -128.0, zend: 128.0
            TR: 0.00 msec, TE: 0.00 msec, TI: 0.00 msec, flip angle: 0.00 degrees
       nframes: 1
       PhEncDir: UNKNOWN
       FieldStrength: 0.000000
ras xform present
    xform info: x_r =  -1.0000, y_r =   0.0000, z_r =   0.0000, c_r =    -3.0882
              : x_a =   0.0000, y_a =   0.0000, z_a =   1.0000, c_a =    16.3700
              : x_s =   0.0000, y_s =  -1.0000, z_s =   0.0000, c_s =    15.0016

talairach xfm : /out/sourcedata/freesurfer/sub-v2s16x51246_ses-1/mri/transforms/talairach.xfm
Orientation   : LIA
Primary Slice Direction: coronal

voxel to ras transform:
               -1.0000   0.0000   0.0000   124.9118
                0.0000   0.0000   1.0000  -111.6300
                0.0000  -1.0000   0.0000   143.0016
                0.0000   0.0000   0.0000     1.0000

voxel-to-ras determinant -1

ras to voxel transform:
               -1.0000  -0.0000  -0.0000   124.9118
               -0.0000  -0.0000  -1.0000   143.0016
               -0.0000   1.0000  -0.0000   111.6300
               -0.0000  -0.0000  -0.0000     1.0000
#--------------------------------------------
#@# Talairach Wed Mar 11 10:47:30 CET 2026
/out/sourcedata/freesurfer/sub-v2s16x51246_ses-1/mri

 mri_nu_correct.mni --no-rescale --i orig.mgz --o orig_nu.mgz --ants-n4 --n 1 --proto-iters 1000 --distance 50 

/usr/bin/bc
/out/sourcedata/freesurfer/sub-v2s16x51246_ses-1/mri
/opt/freesurfer/bin/mri_nu_correct.mni
--no-rescale --i orig.mgz --o orig_nu.mgz --ants-n4 --n 1 --proto-iters 1000 --distance 50
nIters 1
mri_nu_correct.mni 7.3.2
Linux dna043 5.14.0-427.37.1.el9_4.x86_64 #1 SMP PREEMPT_DYNAMIC Fri Sep 13 12:41:50 EDT 2024 x86_64 x86_64 x86_64 GNU/Linux
Wed Mar 11 10:47:30 CET 2026
tmpdir is ./tmp.mri_nu_correct.mni.670029
cd /out/sourcedata/freesurfer/sub-v2s16x51246_ses-1/mri
AntsN4BiasFieldCorrectionFs -i orig.mgz -o ./tmp.mri_nu_correct.mni.670029/nu0.mgz --dtype uchar
AntsN4BiasFieldCorrectionFs done
mri_convert ./tmp.mri_nu_correct.mni.670029/nu0.mgz orig_nu.mgz --like orig.mgz --conform
mri_convert ./tmp.mri_nu_correct.mni.670029/nu0.mgz orig_nu.mgz --like orig.mgz --conform 
reading from ./tmp.mri_nu_correct.mni.670029/nu0.mgz...
TR=0.00, TE=0.00, TI=0.00, flip angle=0.00
i_ras = (-1, 0, 0)
j_ras = (0, 0, -1)
k_ras = (0, 1, 0)
INFO: transform src into the like-volume: orig.mgz
writing to orig_nu.mgz...
 
 
Wed Mar 11 10:50:24 CET 2026
mri_nu_correct.mni done

 talairach_avi --i orig_nu.mgz --xfm transforms/talairach.auto.xfm 

talairach_avi log file is transforms/talairach_avi.log...
mv -f /out/sourcedata/freesurfer/sub-v2s16x51246_ses-1/mri/talsrcimg_to_711-2C_as_mni_average_305_t4_vox2vox.txt /out/sourcedata/freesurfer/sub-v2s16x51246_ses-1/mri/transforms/talsrcimg_to_711-2C_as_mni_average_305_t4_vox2vox.txt
Started at Wed Mar 11 10:50:24 CET 2026
Ended   at Wed Mar 11 10:51:52 CET 2026
talairach_avi done

 cp transforms/talairach.auto.xfm transforms/talairach.xfm 

lta_convert --src orig.mgz --trg /opt/freesurfer/average/mni305.cor.mgz --inxfm transforms/talairach.xfm --outlta transforms/talairach.xfm.lta --subject fsaverage --ltavox2vox
7.3.2

--src: orig.mgz src image (geometry).
--trg: /opt/freesurfer/average/mni305.cor.mgz trg image (geometry).
--inmni: transforms/talairach.xfm input MNI/XFM transform.
--outlta: transforms/talairach.xfm.lta output LTA.
--s: fsaverage subject name
--ltavox2vox: output LTA as VOX_TO_VOX transform.
 LTA read, type : 1
 1.02734  -0.12394  -0.05286   1.64236;
 0.13609   1.01381   0.02542  -27.72557;
 0.06329   0.08233   1.14354  -30.75407;
 0.00000   0.00000   0.00000   1.00000;
setting subject to fsaverage
Writing  LTA to file transforms/talairach.xfm.lta...
lta_convert successful.
#--------------------------------------------
#@# Talairach Failure Detection Wed Mar 11 10:51:54 CET 2026
/out/sourcedata/freesurfer/sub-v2s16x51246_ses-1/mri

 talairach_afd -T 0.005 -xfm transforms/talairach.xfm 

talairach_afd: Talairach Transform: transforms/talairach.xfm OK (p=0.5725, pval=0.2115 >= threshold=0.0050)

 awk -f /opt/freesurfer/bin/extract_talairach_avi_QA.awk /out/sourcedata/freesurfer/sub-v2s16x51246_ses-1/mri/transforms/talairach_avi.log 


 tal_QC_AZS /out/sourcedata/freesurfer/sub-v2s16x51246_ses-1/mri/transforms/talairach_avi.log 

TalAviQA: 0.97806
z-score: 0
#--------------------------------------------
#@# Nu Intensity Correction Wed Mar 11 10:51:54 CET 2026

 mri_nu_correct.mni --i orig.mgz --o nu.mgz --uchar transforms/talairach.xfm --n 2 --ants-n4 

/usr/bin/bc
/out/sourcedata/freesurfer/sub-v2s16x51246_ses-1/mri
/opt/freesurfer/bin/mri_nu_correct.mni
--i orig.mgz --o nu.mgz --uchar transforms/talairach.xfm --n 2 --ants-n4
nIters 2
mri_nu_correct.mni 7.3.2
Linux dna043 5.14.0-427.37.1.el9_4.x86_64 #1 SMP PREEMPT_DYNAMIC Fri Sep 13 12:41:50 EDT 2024 x86_64 x86_64 x86_64 GNU/Linux
Wed Mar 11 10:51:54 CET 2026
tmpdir is ./tmp.mri_nu_correct.mni.670908
cd /out/sourcedata/freesurfer/sub-v2s16x51246_ses-1/mri
AntsN4BiasFieldCorrectionFs -i orig.mgz -o ./tmp.mri_nu_correct.mni.670908/nu0.mgz --dtype uchar
AntsN4BiasFieldCorrectionFs done
mri_binarize --i ./tmp.mri_nu_correct.mni.670908/nu0.mgz --min -1 --o ./tmp.mri_nu_correct.mni.670908/ones.mgz

7.3.2
cwd /out/sourcedata/freesurfer/sub-v2s16x51246_ses-1/mri
cmdline mri_binarize --i ./tmp.mri_nu_correct.mni.670908/nu0.mgz --min -1 --o ./tmp.mri_nu_correct.mni.670908/ones.mgz 
sysname  Linux
hostname dna043
machine  x86_64
user     oesteban

input      ./tmp.mri_nu_correct.mni.670908/nu0.mgz
frame      0
nErode3d   0
nErode2d   0
output     ./tmp.mri_nu_correct.mni.670908/ones.mgz
Binarizing based on threshold
min        -1
max        +infinity
binval        1
binvalnot     0
fstart = 0, fend = 0, nframes = 1
Starting parallel 1
Found 16777216 values in range
Counting number of voxels in first frame
Found 16777215 voxels in final mask
Writing output to ./tmp.mri_nu_correct.mni.670908/ones.mgz
Count: 16777215 16777215.000000 16777216 99.999994
mri_binarize done
mri_segstats --id 1 --seg ./tmp.mri_nu_correct.mni.670908/ones.mgz --i orig.mgz --sum ./tmp.mri_nu_correct.mni.670908/sum.junk --avgwf ./tmp.mri_nu_correct.mni.670908/input.mean.dat

7.3.2
cwd 
cmdline mri_segstats --id 1 --seg ./tmp.mri_nu_correct.mni.670908/ones.mgz --i orig.mgz --sum ./tmp.mri_nu_correct.mni.670908/sum.junk --avgwf ./tmp.mri_nu_correct.mni.670908/input.mean.dat 
sysname  Linux
hostname dna043
machine  x86_64
user     oesteban
whitesurfname  white
UseRobust  0
Loading ./tmp.mri_nu_correct.mni.670908/ones.mgz
Loading orig.mgz
Voxel Volume is 1 mm^3
Generating list of segmentation ids
Found   1 segmentations
Computing statistics for each segmentation

Reporting on   1 segmentations
Using PrintSegStat
Computing spatial average of each frame

Writing to ./tmp.mri_nu_correct.mni.670908/input.mean.dat
mri_segstats done
mri_segstats --id 1 --seg ./tmp.mri_nu_correct.mni.670908/ones.mgz --i ./tmp.mri_nu_correct.mni.670908/nu0.mgz --sum ./tmp.mri_nu_correct.mni.670908/sum.junk --avgwf ./tmp.mri_nu_correct.mni.670908/output.mean.dat

7.3.2
cwd 
cmdline mri_segstats --id 1 --seg ./tmp.mri_nu_correct.mni.670908/ones.mgz --i ./tmp.mri_nu_correct.mni.670908/nu0.mgz --sum ./tmp.mri_nu_correct.mni.670908/sum.junk --avgwf ./tmp.mri_nu_correct.mni.670908/output.mean.dat 
sysname  Linux
hostname dna043
machine  x86_64
user     oesteban
whitesurfname  white
UseRobust  0
Loading ./tmp.mri_nu_correct.mni.670908/ones.mgz
Loading ./tmp.mri_nu_correct.mni.670908/nu0.mgz
Voxel Volume is 1 mm^3
Generating list of segmentation ids
Found   1 segmentations
Computing statistics for each segmentation

Reporting on   1 segmentations
Using PrintSegStat
Computing spatial average of each frame

Writing to ./tmp.mri_nu_correct.mni.670908/output.mean.dat
mri_segstats done
mris_calc -o ./tmp.mri_nu_correct.mni.670908/nu0.mgz ./tmp.mri_nu_correct.mni.670908/nu0.mgz mul 1.30840276223175811322
Saving result to './tmp.mri_nu_correct.mni.670908/nu0.mgz' (type = MGH )                       [ ok ]
mri_convert ./tmp.mri_nu_correct.mni.670908/nu0.mgz nu.mgz --like orig.mgz
mri_convert ./tmp.mri_nu_correct.mni.670908/nu0.mgz nu.mgz --like orig.mgz 
reading from ./tmp.mri_nu_correct.mni.670908/nu0.mgz...
TR=0.00, TE=0.00, TI=0.00, flip angle=0.00
i_ras = (-1, 0, 0)
j_ras = (0, 0, -1)
k_ras = (0, 1, 0)
INFO: transform src into the like-volume: orig.mgz
writing to nu.mgz...
mri_make_uchar nu.mgz transforms/talairach.xfm nu.mgz
type change took 0 minutes and 6 seconds.
FIRST_PERCENTILE 0.010000
WM_PERCENTILE    0.900000
MAX_R 50.000000
i1 = 3, i2 = 65
#mri_make_uchar# mapping  6 131 to  3 110  :  b -2.64919 m 0.862178 : thresh 3.07268 maxsat 298.835 : nzero 11899892 nsat 0
 
 
Wed Mar 11 10:55:09 CET 2026
mri_nu_correct.mni done

 mri_add_xform_to_header -c /out/sourcedata/freesurfer/sub-v2s16x51246_ses-1/mri/transforms/talairach.xfm nu.mgz nu.mgz 

INFO: extension is mgz
#--------------------------------------------
#@# Intensity Normalization Wed Mar 11 10:55:09 CET 2026
/out/sourcedata/freesurfer/sub-v2s16x51246_ses-1/mri

 mri_normalize -g 1 -seed 1234 -mprage nu.mgz T1.mgz 

using max gradient = 1.000
setting seed for random number genererator to 1234
assuming input volume is MGH (Van der Kouwe) MP-RAGE
reading mri_src from nu.mgz...
normalizing image...
NOT doing gentle normalization with control points/label
talairach transform
 1.02734  -0.12394  -0.05286   1.64236;
 0.13609   1.01381   0.02542  -27.72557;
 0.06329   0.08233   1.14354  -30.75407;
 0.00000   0.00000   0.00000   1.00000;
processing without aseg, no1d=0
MRInormInit(): 
INFO: Modifying talairach volume c_(r,a,s) based on average_305
MRInormalize(): 
MRIsplineNormalize(): npeaks = 20
Starting OpenSpline(): npoints = 20
building Voronoi diagram...
performing soap bubble smoothing, sigma = 8...

Iterating 2 times
---------------------------------
3d normalization pass 1 of 2
white matter peak found at 110
white matter peak found at 110
gm peak at 65 (65), valley at 42 (42)
csf peak at 33, setting threshold to 54
building Voronoi diagram...
performing soap bubble smoothing, sigma = 8...
---------------------------------
3d normalization pass 2 of 2
white matter peak found at 110
white matter peak found at 110
gm peak at 66 (66), valley at 42 (42)
csf peak at 33, setting threshold to 55
building Voronoi diagram...
performing soap bubble smoothing, sigma = 8...
Done iterating ---------------------------------
writing output to T1.mgz
3D bias adjustment took 1 minutes and 30 seconds.

Started at Wed Mar 11 10:47:20 CET 2026 
Ended   at Wed Mar 11 10:56:40 CET 2026
#@#%# recon-all-run-time-hours 0.156
recon-all -s sub-v2s16x51246_ses-1 finished without error at Wed Mar 11 10:56:40 CET 2026



#New# invocation of recon-all 




Wed Mar 11 11:04:00 CET 2026
cd /out/sourcedata/freesurfer/sub-v2s16x51246_ses-1
setenv SUBJECTS_DIR /out/sourcedata/freesurfer
/opt/freesurfer/bin/recon-all -openmp 16 -subjid sub-v2s16x51246_ses-1 -sd /out/sourcedata/freesurfer -gcareg

subjid sub-v2s16x51246_ses-1
setenv SUBJECTS_DIR /out/sourcedata/freesurfer
FREESURFER_HOME /opt/freesurfer
Actual FREESURFER_HOME /opt/freesurfer
build-stamp.txt: freesurfer-linux-ubuntu22_x86_64-7.3.2-20220804-6354275
Linux dna043 5.14.0-427.37.1.el9_4.x86_64 #1 SMP PREEMPT_DYNAMIC Fri Sep 13 12:41:50 EDT 2024 x86_64 x86_64 x86_64 GNU/Linux
cputime      unlimited
filesize     unlimited
datasize     unlimited
stacksize    8192 kbytes
coredumpsize 0 kbytes
memoryuse    67108864 kbytes
vmemoryuse   unlimited
descriptors  1024 
memorylocked unlimited
maxproc      2061970 
maxlocks     unlimited
maxsignal    4126352 
maxmessage   819200 
maxnice      0 
maxrtprio    0 
maxrttime    unlimited

               total        used        free      shared  buff/cache   available
Mem:           1.0Ti        55Gi       912Gi        12Gi        39Gi       933Gi
Swap:             0B          0B          0B

########################################
program versions used
7.3.2 (freesurfer-linux-ubuntu22_x86_64-7.3.2-20220804-6354275)
7.3.2

ProgramName: lta_convert  ProgramArguments: lta_convert -all-info  ProgramVersion: 7.3.2  TimeStamp: 2026/03/11-10:04:00-GMT  BuildTime: Aug  4 2022 06:17:15  BuildStamp: freesurfer-linux-ubuntu22_x86_64-7.3.2-20220804-6354275  User: oesteban  Machine: dna043  Platform: Linux  PlatformVersion: 5.14.0-427.37.1.el9_4.x86_64  CompilerName: GCC  CompilerVersion: 8.4.0
ProgramName: mri_and  ProgramArguments: mri_and -all-info  ProgramVersion: 7.3.2  TimeStamp: 2026/03/11-10:04:00-GMT  BuildTime: Aug  4 2022 06:17:15  BuildStamp: freesurfer-linux-ubuntu22_x86_64-7.3.2-20220804-6354275  User: oesteban  Machine: dna043  Platform: Linux  PlatformVersion: 5.14.0-427.37.1.el9_4.x86_64  CompilerName: GCC  CompilerVersion: 8.4.0
ProgramName: mri_annotation2label  ProgramArguments: mri_annotation2label -all-info  ProgramVersion: 7.3.2  TimeStamp: 2026/03/11-10:04:00-GMT  BuildTime: Aug  4 2022 06:17:15  BuildStamp: freesurfer-linux-ubuntu22_x86_64-7.3.2-20220804-6354275  User: oesteban  Machine: dna043  Platform: Linux  PlatformVersion: 5.14.0-427.37.1.el9_4.x86_64  CompilerName: GCC  CompilerVersion: 8.4.0
ProgramName: mri_aparc2aseg  ProgramArguments: mri_aparc2aseg -all-info  ProgramVersion: 7.3.2  TimeStamp: 2026/03/11-10:04:00-GMT  BuildTime: Aug  4 2022 06:17:15  BuildStamp: freesurfer-linux-ubuntu22_x86_64-7.3.2-20220804-6354275  User: oesteban  Machine: dna043  Platform: Linux  PlatformVersion: 5.14.0-427.37.1.el9_4.x86_64  CompilerName: GCC  CompilerVersion: 8.4.0
ProgramName: mri_surf2volseg  ProgramArguments: mri_surf2volseg -all-info  ProgramVersion: 7.3.2  TimeStamp: 2026/03/11-10:04:00-GMT  BuildTime: Aug  4 2022 06:17:15  BuildStamp: freesurfer-linux-ubuntu22_x86_64-7.3.2-20220804-6354275  User: oesteban  Machine: dna043  Platform: Linux  PlatformVersion: 5.14.0-427.37.1.el9_4.x86_64  CompilerName: GCC  CompilerVersion: 8.4.0
ProgramName: mri_binarize  ProgramArguments: mri_binarize -all-info  ProgramVersion: 7.3.2  TimeStamp: 2026/03/11-10:04:00-GMT  BuildTime: Aug  4 2022 06:17:15  BuildStamp: freesurfer-linux-ubuntu22_x86_64-7.3.2-20220804-6354275  User: oesteban  Machine: dna043  Platform: Linux  PlatformVersion: 5.14.0-427.37.1.el9_4.x86_64  CompilerName: GCC  CompilerVersion: 8.4.0
ProgramName: mri_ca_label  ProgramArguments: mri_ca_label -all-info  ProgramVersion: 7.3.2  TimeStamp: 2026/03/11-10:04:00-GMT  BuildTime: Aug  4 2022 06:17:15  BuildStamp: freesurfer-linux-ubuntu22_x86_64-7.3.2-20220804-6354275  User: oesteban  Machine: dna043  Platform: Linux  PlatformVersion: 5.14.0-427.37.1.el9_4.x86_64  CompilerName: GCC  CompilerVersion: 8.4.0
ProgramName: mri_ca_normalize  ProgramArguments: mri_ca_normalize -all-info  ProgramVersion: 7.3.2  TimeStamp: 2026/03/11-10:04:00-GMT  BuildTime: Aug  4 2022 06:17:15  BuildStamp: freesurfer-linux-ubuntu22_x86_64-7.3.2-20220804-6354275  User: oesteban  Machine: dna043  Platform: Linux  PlatformVersion: 5.14.0-427.37.1.el9_4.x86_64  CompilerName: GCC  CompilerVersion: 8.4.0
ProgramName: mri_ca_register  ProgramArguments: mri_ca_register -all-info  ProgramVersion: 7.3.2  TimeStamp: 2026/03/11-10:04:00-GMT  BuildTime: Aug  4 2022 06:17:15  BuildStamp: freesurfer-linux-ubuntu22_x86_64-7.3.2-20220804-6354275  User: oesteban  Machine: dna043  Platform: Linux  PlatformVersion: 5.14.0-427.37.1.el9_4.x86_64  CompilerName: GCC  CompilerVersion: 8.4.0
ProgramName: mri_cc  ProgramArguments: mri_cc -all-info  ProgramVersion: 7.3.2  TimeStamp: 2026/03/11-10:04:00-GMT  BuildTime: Aug  4 2022 06:17:15  BuildStamp: freesurfer-linux-ubuntu22_x86_64-7.3.2-20220804-6354275  User: oesteban  Machine: dna043  Platform: Linux  PlatformVersion: 5.14.0-427.37.1.el9_4.x86_64  CompilerName: GCC  CompilerVersion: 8.4.0
ProgramName: mri_compute_overlap  ProgramArguments: mri_compute_overlap -all-info  ProgramVersion: 7.3.2  TimeStamp: 2026/03/11-10:04:00-GMT  BuildTime: Aug  4 2022 06:17:15  BuildStamp: freesurfer-linux-ubuntu22_x86_64-7.3.2-20220804-6354275  User: oesteban  Machine: dna043  Platform: Linux  PlatformVersion: 5.14.0-427.37.1.el9_4.x86_64  CompilerName: GCC  CompilerVersion: 8.4.0
ProgramName: mri_compute_seg_overlap  ProgramArguments: mri_compute_seg_overlap -all-info  ProgramVersion: 7.3.2  TimeStamp: 2026/03/11-10:04:00-GMT  BuildTime: Aug  4 2022 06:17:15  BuildStamp: freesurfer-linux-ubuntu22_x86_64-7.3.2-20220804-6354275  User: oesteban  Machine: dna043  Platform: Linux  PlatformVersion: 5.14.0-427.37.1.el9_4.x86_64  CompilerName: GCC  CompilerVersion: 8.4.0
ProgramName: mri_concat  ProgramArguments: mri_concat -all-info  ProgramVersion: 7.3.2  TimeStamp: 2026/03/11-10:04:00-GMT  BuildTime: Aug  4 2022 06:17:15  BuildStamp: freesurfer-linux-ubuntu22_x86_64-7.3.2-20220804-6354275  User: oesteban  Machine: dna043  Platform: Linux  PlatformVersion: 5.14.0-427.37.1.el9_4.x86_64  CompilerName: GCC  CompilerVersion: 8.4.0
ProgramName: mri_concatenate_lta  ProgramArguments: mri_concatenate_lta -all-info  ProgramVersion: 7.3.2  TimeStamp: 2026/03/11-10:04:00-GMT  BuildTime: Aug  4 2022 06:17:15  BuildStamp: freesurfer-linux-ubuntu22_x86_64-7.3.2-20220804-6354275  User: oesteban  Machine: dna043  Platform: Linux  PlatformVersion: 5.14.0-427.37.1.el9_4.x86_64  CompilerName: GCC  CompilerVersion: 8.4.0
mri_convert -all-info 
ProgramName: mri_convert  ProgramArguments: mri_convert -all-info  ProgramVersion: 7.3.2  TimeStamp: 2026/03/11-10:04:00-GMT  BuildTime: Aug  4 2022 06:17:15  BuildStamp: freesurfer-linux-ubuntu22_x86_64-7.3.2-20220804-6354275  User: oesteban  Machine: dna043  Platform: Linux  PlatformVersion: 5.14.0-427.37.1.el9_4.x86_64  CompilerName: GCC  CompilerVersion: 8.4.0
ProgramName: mri_diff  ProgramArguments: mri_diff -all-info  ProgramVersion: 7.3.2  TimeStamp: 2026/03/11-10:04:00-GMT  BuildTime: Aug  4 2022 06:17:15  BuildStamp: freesurfer-linux-ubuntu22_x86_64-7.3.2-20220804-6354275  User: oesteban  Machine: dna043  Platform: Linux  PlatformVersion: 5.14.0-427.37.1.el9_4.x86_64  CompilerName: GCC  CompilerVersion: 8.4.0
ProgramName: mri_edit_wm_with_aseg  ProgramArguments: mri_edit_wm_with_aseg -all-info  ProgramVersion: 7.3.2  TimeStamp: 2026/03/11-10:04:00-GMT  BuildTime: Aug  4 2022 06:17:15  BuildStamp: freesurfer-linux-ubuntu22_x86_64-7.3.2-20220804-6354275  User: oesteban  Machine: dna043  Platform: Linux  PlatformVersion: 5.14.0-427.37.1.el9_4.x86_64  CompilerName: GCC  CompilerVersion: 8.4.0
ProgramName: mri_em_register  ProgramArguments: mri_em_register -all-info  ProgramVersion: 7.3.2  TimeStamp: 2026/03/11-10:04:00-GMT  BuildTime: Aug  4 2022 06:17:15  BuildStamp: freesurfer-linux-ubuntu22_x86_64-7.3.2-20220804-6354275  User: oesteban  Machine: dna043  Platform: Linux  PlatformVersion: 5.14.0-427.37.1.el9_4.x86_64  CompilerName: GCC  CompilerVersion: 8.4.0
ProgramName: mri_fill  ProgramArguments: mri_fill -all-info  ProgramVersion: 7.3.2  TimeStamp: 2026/03/11-10:04:00-GMT  BuildTime: Aug  4 2022 06:17:15  BuildStamp: freesurfer-linux-ubuntu22_x86_64-7.3.2-20220804-6354275  User: oesteban  Machine: dna043  Platform: Linux  PlatformVersion: 5.14.0-427.37.1.el9_4.x86_64  CompilerName: GCC  CompilerVersion: 8.4.0
ProgramName: mri_fuse_segmentations  ProgramArguments: mri_fuse_segmentations -all-info  ProgramVersion: 7.3.2  TimeStamp: 2026/03/11-10:04:00-GMT  BuildTime: Aug  4 2022 06:17:15  BuildStamp: freesurfer-linux-ubuntu22_x86_64-7.3.2-20220804-6354275  User: oesteban  Machine: dna043  Platform: Linux  PlatformVersion: 5.14.0-427.37.1.el9_4.x86_64  CompilerName: GCC  CompilerVersion: 8.4.0
ProgramName: mri_fwhm  ProgramArguments: mri_fwhm -all-info  ProgramVersion: 7.3.2  TimeStamp: 2026/03/11-10:04:00-GMT  BuildTime: Aug  4 2022 06:17:15  BuildStamp: freesurfer-linux-ubuntu22_x86_64-7.3.2-20220804-6354275  User: oesteban  Machine: dna043  Platform: Linux  PlatformVersion: 5.14.0-427.37.1.el9_4.x86_64  CompilerName: GCC  CompilerVersion: 8.4.0
ProgramName: mri_gcut  ProgramArguments: mri_gcut -all-info  ProgramVersion: 7.3.2  TimeStamp: 2026/03/11-10:04:00-GMT  BuildTime: Aug  4 2022 06:17:15  BuildStamp: freesurfer-linux-ubuntu22_x86_64-7.3.2-20220804-6354275  User: oesteban  Machine: dna043  Platform: Linux  PlatformVersion: 5.14.0-427.37.1.el9_4.x86_64  CompilerName: GCC  CompilerVersion: 8.4.0
ProgramName: mri_info  ProgramArguments: mri_info -all-info  ProgramVersion: 7.3.2  TimeStamp: 2026/03/11-10:04:00-GMT  BuildTime: Aug  4 2022 06:17:15  BuildStamp: freesurfer-linux-ubuntu22_x86_64-7.3.2-20220804-6354275  User: oesteban  Machine: dna043  Platform: Linux  PlatformVersion: 5.14.0-427.37.1.el9_4.x86_64  CompilerName: GCC  CompilerVersion: 8.4.0
ProgramName: mri_label2label  ProgramArguments: mri_label2label -all-info  ProgramVersion: 7.3.2  TimeStamp: 2026/03/11-10:04:00-GMT  BuildTime: Aug  4 2022 06:17:15  BuildStamp: freesurfer-linux-ubuntu22_x86_64-7.3.2-20220804-6354275  User: oesteban  Machine: dna043  Platform: Linux  PlatformVersion: 5.14.0-427.37.1.el9_4.x86_64  CompilerName: GCC  CompilerVersion: 8.4.0
ProgramName: mri_label2vol  ProgramArguments: mri_label2vol -all-info  ProgramVersion: 7.3.2  TimeStamp: 2026/03/11-10:04:00-GMT  BuildTime: Aug  4 2022 06:17:15  BuildStamp: freesurfer-linux-ubuntu22_x86_64-7.3.2-20220804-6354275  User: oesteban  Machine: dna043  Platform: Linux  PlatformVersion: 5.14.0-427.37.1.el9_4.x86_64  CompilerName: GCC  CompilerVersion: 8.4.0
ProgramName: mri_log_likelihood  ProgramArguments: mri_log_likelihood -all-info  ProgramVersion: 7.3.2  TimeStamp: 2026/03/11-10:04:00-GMT  BuildTime: Aug  4 2022 06:17:15  BuildStamp: freesurfer-linux-ubuntu22_x86_64-7.3.2-20220804-6354275  User: oesteban  Machine: dna043  Platform: Linux  PlatformVersion: 5.14.0-427.37.1.el9_4.x86_64  CompilerName: GCC  CompilerVersion: 8.4.0
ProgramName: mri_mask  ProgramArguments: mri_mask -all-info  ProgramVersion: 7.3.2  TimeStamp: 2026/03/11-10:04:00-GMT  BuildTime: Aug  4 2022 06:17:15  BuildStamp: freesurfer-linux-ubuntu22_x86_64-7.3.2-20220804-6354275  User: oesteban  Machine: dna043  Platform: Linux  PlatformVersion: 5.14.0-427.37.1.el9_4.x86_64  CompilerName: GCC  CompilerVersion: 8.4.0
ProgramName: mri_matrix_multiply  ProgramArguments: mri_matrix_multiply -all-info  ProgramVersion: 7.3.2  TimeStamp: 2026/03/11-10:04:00-GMT  BuildTime: Aug  4 2022 06:17:15  BuildStamp: freesurfer-linux-ubuntu22_x86_64-7.3.2-20220804-6354275  User: oesteban  Machine: dna043  Platform: Linux  PlatformVersion: 5.14.0-427.37.1.el9_4.x86_64  CompilerName: GCC  CompilerVersion: 8.4.0
ProgramName: mri_normalize  ProgramArguments: mri_normalize -all-info  ProgramVersion: 7.3.2  TimeStamp: 2026/03/11-10:04:00-GMT  BuildTime: Aug  4 2022 06:17:15  BuildStamp: freesurfer-linux-ubuntu22_x86_64-7.3.2-20220804-6354275  User: oesteban  Machine: dna043  Platform: Linux  PlatformVersion: 5.14.0-427.37.1.el9_4.x86_64  CompilerName: GCC  CompilerVersion: 8.4.0
ProgramName: mri_normalize_tp2  ProgramArguments: mri_normalize_tp2 -all-info  ProgramVersion: 7.3.2  TimeStamp: 2026/03/11-10:04:00-GMT  BuildTime: Aug  4 2022 06:17:15  BuildStamp: freesurfer-linux-ubuntu22_x86_64-7.3.2-20220804-6354275  User: oesteban  Machine: dna043  Platform: Linux  PlatformVersion: 5.14.0-427.37.1.el9_4.x86_64  CompilerName: GCC  CompilerVersion: 8.4.0
ProgramName: mri_or  ProgramArguments: mri_or -all-info  ProgramVersion: 7.3.2  TimeStamp: 2026/03/11-10:04:00-GMT  BuildTime: Aug  4 2022 06:17:15  BuildStamp: freesurfer-linux-ubuntu22_x86_64-7.3.2-20220804-6354275  User: oesteban  Machine: dna043  Platform: Linux  PlatformVersion: 5.14.0-427.37.1.el9_4.x86_64  CompilerName: GCC  CompilerVersion: 8.4.0
ProgramName: mri_relabel_hypointensities  ProgramArguments: mri_relabel_hypointensities -all-info  ProgramVersion: 7.3.2  TimeStamp: 2026/03/11-10:04:00-GMT  BuildTime: Aug  4 2022 06:17:15  BuildStamp: freesurfer-linux-ubuntu22_x86_64-7.3.2-20220804-6354275  User: oesteban  Machine: dna043  Platform: Linux  PlatformVersion: 5.14.0-427.37.1.el9_4.x86_64  CompilerName: GCC  CompilerVersion: 8.4.0
ProgramName: mri_relabel_nonwm_hypos  ProgramArguments: mri_relabel_nonwm_hypos -all-info  ProgramVersion: 7.3.2  TimeStamp: 2026/03/11-10:04:00-GMT  BuildTime: Aug  4 2022 06:17:15  BuildStamp: freesurfer-linux-ubuntu22_x86_64-7.3.2-20220804-6354275  User: oesteban  Machine: dna043  Platform: Linux  PlatformVersion: 5.14.0-427.37.1.el9_4.x86_64  CompilerName: GCC  CompilerVersion: 8.4.0
ProgramName: mri_remove_neck  ProgramArguments: mri_remove_neck -all-info  ProgramVersion: 7.3.2  TimeStamp: 2026/03/11-10:04:00-GMT  BuildTime: Aug  4 2022 06:17:15  BuildStamp: freesurfer-linux-ubuntu22_x86_64-7.3.2-20220804-6354275  User: oesteban  Machine: dna043  Platform: Linux  PlatformVersion: 5.14.0-427.37.1.el9_4.x86_64  CompilerName: GCC  CompilerVersion: 8.4.0
7.3.2

ProgramName: mri_robust_register  ProgramArguments: mri_robust_register -all-info  ProgramVersion: 7.3.2  TimeStamp: 2026/03/11-10:04:00-GMT  BuildTime: Aug  4 2022 06:17:15  BuildStamp: freesurfer-linux-ubuntu22_x86_64-7.3.2-20220804-6354275  User: oesteban  Machine: dna043  Platform: Linux  PlatformVersion: 5.14.0-427.37.1.el9_4.x86_64  CompilerName: GCC  CompilerVersion: 8.4.0
7.3.2

ProgramName: mri_robust_template  ProgramArguments: mri_robust_template -all-info  ProgramVersion: 7.3.2  TimeStamp: 2026/03/11-10:04:00-GMT  BuildTime: Aug  4 2022 06:17:15  BuildStamp: freesurfer-linux-ubuntu22_x86_64-7.3.2-20220804-6354275  User: oesteban  Machine: dna043  Platform: Linux  PlatformVersion: 5.14.0-427.37.1.el9_4.x86_64  CompilerName: GCC  CompilerVersion: 8.4.0
ProgramName: mris_anatomical_stats  ProgramArguments: mris_anatomical_stats -all-info  ProgramVersion: 7.3.2  TimeStamp: 2026/03/11-10:04:00-GMT  BuildTime: Aug  4 2022 06:17:15  BuildStamp: freesurfer-linux-ubuntu22_x86_64-7.3.2-20220804-6354275  User: oesteban  Machine: dna043  Platform: Linux  PlatformVersion: 5.14.0-427.37.1.el9_4.x86_64  CompilerName: GCC  CompilerVersion: 8.4.0
ProgramName: mris_ca_label  ProgramArguments: mris_ca_label -all-info  ProgramVersion: 7.3.2  TimeStamp: 2026/03/11-10:04:00-GMT  BuildTime: Aug  4 2022 06:17:15  BuildStamp: freesurfer-linux-ubuntu22_x86_64-7.3.2-20220804-6354275  User: oesteban  Machine: dna043  Platform: Linux  PlatformVersion: 5.14.0-427.37.1.el9_4.x86_64  CompilerName: GCC  CompilerVersion: 8.4.0
ProgramName: mris_calc  ProgramArguments: mris_calc -all-info  ProgramVersion: 7.3.2  TimeStamp: 2026/03/11-10:04:00-GMT  BuildTime: Aug  4 2022 06:17:15  BuildStamp: freesurfer-linux-ubuntu22_x86_64-7.3.2-20220804-6354275  User: oesteban  Machine: dna043  Platform: Linux  PlatformVersion: 5.14.0-427.37.1.el9_4.x86_64  CompilerName: GCC  CompilerVersion: 8.4.0
ProgramName: mris_convert  ProgramArguments: mris_convert -all-info  ProgramVersion: 7.3.2  TimeStamp: 2026/03/11-10:04:00-GMT  BuildTime: Aug  4 2022 06:17:15  BuildStamp: freesurfer-linux-ubuntu22_x86_64-7.3.2-20220804-6354275  User: oesteban  Machine: dna043  Platform: Linux  PlatformVersion: 5.14.0-427.37.1.el9_4.x86_64  CompilerName: GCC  CompilerVersion: 8.4.0
ProgramName: mris_curvature  ProgramArguments: mris_curvature -all-info  ProgramVersion: 7.3.2  TimeStamp: 2026/03/11-10:04:00-GMT  BuildTime: Aug  4 2022 06:17:15  BuildStamp: freesurfer-linux-ubuntu22_x86_64-7.3.2-20220804-6354275  User: oesteban  Machine: dna043  Platform: Linux  PlatformVersion: 5.14.0-427.37.1.el9_4.x86_64  CompilerName: GCC  CompilerVersion: 8.4.0
ProgramName: mris_curvature_stats  ProgramArguments: mris_curvature_stats -all-info  ProgramVersion: 7.3.2  TimeStamp: 2026/03/11-10:04:00-GMT  BuildTime: Aug  4 2022 06:17:15  BuildStamp: freesurfer-linux-ubuntu22_x86_64-7.3.2-20220804-6354275  User: oesteban  Machine: dna043  Platform: Linux  PlatformVersion: 5.14.0-427.37.1.el9_4.x86_64  CompilerName: GCC  CompilerVersion: 8.4.0
ProgramName: mris_diff  ProgramArguments: mris_diff -all-info  ProgramVersion: 7.3.2  TimeStamp: 2026/03/11-10:04:00-GMT  BuildTime: Aug  4 2022 06:17:15  BuildStamp: freesurfer-linux-ubuntu22_x86_64-7.3.2-20220804-6354275  User: oesteban  Machine: dna043  Platform: Linux  PlatformVersion: 5.14.0-427.37.1.el9_4.x86_64  CompilerName: GCC  CompilerVersion: 8.4.0
ProgramName: mris_divide_parcellation  ProgramArguments: mris_divide_parcellation -all-info  ProgramVersion: 7.3.2  TimeStamp: 2026/03/11-10:04:00-GMT  BuildTime: Aug  4 2022 06:17:15  BuildStamp: freesurfer-linux-ubuntu22_x86_64-7.3.2-20220804-6354275  User: oesteban  Machine: dna043  Platform: Linux  PlatformVersion: 5.14.0-427.37.1.el9_4.x86_64  CompilerName: GCC  CompilerVersion: 8.4.0
ProgramName: mri_segment  ProgramArguments: mri_segment -all-info  ProgramVersion: 7.3.2  TimeStamp: 2026/03/11-10:04:00-GMT  BuildTime: Aug  4 2022 06:17:15  BuildStamp: freesurfer-linux-ubuntu22_x86_64-7.3.2-20220804-6354275  User: oesteban  Machine: dna043  Platform: Linux  PlatformVersion: 5.14.0-427.37.1.el9_4.x86_64  CompilerName: GCC  CompilerVersion: 8.4.0
ProgramName: mri_segstats  ProgramArguments: mri_segstats -all-info  ProgramVersion: 7.3.2  TimeStamp: 2026/03/11-10:04:00-GMT  BuildTime: Aug  4 2022 06:17:15  BuildStamp: freesurfer-linux-ubuntu22_x86_64-7.3.2-20220804-6354275  User: oesteban  Machine: dna043  Platform: Linux  PlatformVersion: 5.14.0-427.37.1.el9_4.x86_64  CompilerName: GCC  CompilerVersion: 8.4.0
ProgramName: mris_euler_number  ProgramArguments: mris_euler_number -all-info  ProgramVersion: 7.3.2  TimeStamp: 2026/03/11-10:04:00-GMT  BuildTime: Aug  4 2022 06:17:15  BuildStamp: freesurfer-linux-ubuntu22_x86_64-7.3.2-20220804-6354275  User: oesteban  Machine: dna043  Platform: Linux  PlatformVersion: 5.14.0-427.37.1.el9_4.x86_64  CompilerName: GCC  CompilerVersion: 8.4.0
ProgramName: mris_fix_topology  ProgramArguments: mris_fix_topology -all-info  ProgramVersion: 7.3.2  TimeStamp: 2026/03/11-10:04:00-GMT  BuildTime: Aug  4 2022 06:17:15  BuildStamp: freesurfer-linux-ubuntu22_x86_64-7.3.2-20220804-6354275  User: oesteban  Machine: dna043  Platform: Linux  PlatformVersion: 5.14.0-427.37.1.el9_4.x86_64  CompilerName: GCC  CompilerVersion: 8.4.0
ProgramName: mris_topo_fixer  ProgramArguments: mris_topo_fixer -all-info  ProgramVersion: 7.3.2  TimeStamp: 2026/03/11-10:04:00-GMT  BuildTime: Aug  4 2022 06:17:15  BuildStamp: freesurfer-linux-ubuntu22_x86_64-7.3.2-20220804-6354275  User: oesteban  Machine: dna043  Platform: Linux  PlatformVersion: 5.14.0-427.37.1.el9_4.x86_64  CompilerName: GCC  CompilerVersion: 8.4.0
ProgramName: mris_jacobian  ProgramArguments: mris_jacobian -all-info  ProgramVersion: 7.3.2  TimeStamp: 2026/03/11-10:04:00-GMT  BuildTime: Aug  4 2022 06:17:15  BuildStamp: freesurfer-linux-ubuntu22_x86_64-7.3.2-20220804-6354275  User: oesteban  Machine: dna043  Platform: Linux  PlatformVersion: 5.14.0-427.37.1.el9_4.x86_64  CompilerName: GCC  CompilerVersion: 8.4.0
ProgramName: mris_label2annot  ProgramArguments: mris_label2annot -all-info  ProgramVersion: 7.3.2  TimeStamp: 2026/03/11-10:04:00-GMT  BuildTime: Aug  4 2022 06:17:15  BuildStamp: freesurfer-linux-ubuntu22_x86_64-7.3.2-20220804-6354275  User: oesteban  Machine: dna043  Platform: Linux  PlatformVersion: 5.14.0-427.37.1.el9_4.x86_64  CompilerName: GCC  CompilerVersion: 8.4.0
ProgramName: mris_left_right_register  ProgramArguments: mris_left_right_register -all-info  ProgramVersion: 7.3.2  TimeStamp: 2026/03/11-10:04:00-GMT  BuildTime: Aug  4 2022 06:17:15  BuildStamp: freesurfer-linux-ubuntu22_x86_64-7.3.2-20220804-6354275  User: oesteban  Machine: dna043  Platform: Linux  PlatformVersion: 5.14.0-427.37.1.el9_4.x86_64  CompilerName: GCC  CompilerVersion: 8.4.0
ProgramName: mris_place_surface  ProgramArguments: mris_place_surface -all-info  ProgramVersion: 7.3.2  TimeStamp: 2026/03/11-10:04:00-GMT  BuildTime: Aug  4 2022 06:17:15  BuildStamp: freesurfer-linux-ubuntu22_x86_64-7.3.2-20220804-6354275  User: oesteban  Machine: dna043  Platform: Linux  PlatformVersion: 5.14.0-427.37.1.el9_4.x86_64  CompilerName: GCC  CompilerVersion: 8.4.0
ProgramName: mrisp_paint  ProgramArguments: mrisp_paint -all-info  ProgramVersion: 7.3.2  TimeStamp: 2026/03/11-10:04:00-GMT  BuildTime: Aug  4 2022 06:17:15  BuildStamp: freesurfer-linux-ubuntu22_x86_64-7.3.2-20220804-6354275  User: oesteban  Machine: dna043  Platform: Linux  PlatformVersion: 5.14.0-427.37.1.el9_4.x86_64  CompilerName: GCC  CompilerVersion: 8.4.0
ProgramName: mris_register  ProgramArguments: mris_register -all-info  ProgramVersion: 7.3.2  TimeStamp: 2026/03/11-10:04:00-GMT  BuildTime: Aug  4 2022 06:17:15  BuildStamp: freesurfer-linux-ubuntu22_x86_64-7.3.2-20220804-6354275  User: oesteban  Machine: dna043  Platform: Linux  PlatformVersion: 5.14.0-427.37.1.el9_4.x86_64  CompilerName: GCC  CompilerVersion: 8.4.0
ProgramName: mris_smooth  ProgramArguments: mris_smooth -all-info  ProgramVersion: 7.3.2  TimeStamp: 2026/03/11-10:04:00-GMT  BuildTime: Aug  4 2022 06:17:15  BuildStamp: freesurfer-linux-ubuntu22_x86_64-7.3.2-20220804-6354275  User: oesteban  Machine: dna043  Platform: Linux  PlatformVersion: 5.14.0-427.37.1.el9_4.x86_64  CompilerName: GCC  CompilerVersion: 8.4.0
ProgramName: mris_sphere  ProgramArguments: mris_sphere -all-info  ProgramVersion: 7.3.2  TimeStamp: 2026/03/11-10:04:00-GMT  BuildTime: Aug  4 2022 06:17:15  BuildStamp: freesurfer-linux-ubuntu22_x86_64-7.3.2-20220804-6354275  User: oesteban  Machine: dna043  Platform: Linux  PlatformVersion: 5.14.0-427.37.1.el9_4.x86_64  CompilerName: GCC  CompilerVersion: 8.4.0
ProgramName: mris_surface_stats  ProgramArguments: mris_surface_stats -all-info  ProgramVersion: 7.3.2  TimeStamp: 2026/03/11-10:04:00-GMT  BuildTime: Aug  4 2022 06:17:15  BuildStamp: freesurfer-linux-ubuntu22_x86_64-7.3.2-20220804-6354275  User: oesteban  Machine: dna043  Platform: Linux  PlatformVersion: 5.14.0-427.37.1.el9_4.x86_64  CompilerName: GCC  CompilerVersion: 8.4.0
ProgramName: mri_stats2seg  ProgramArguments: mri_stats2seg -all-info  ProgramVersion: 7.3.2  TimeStamp: 2026/03/11-10:04:00-GMT  BuildTime: Aug  4 2022 06:17:15  BuildStamp: freesurfer-linux-ubuntu22_x86_64-7.3.2-20220804-6354275  User: oesteban  Machine: dna043  Platform: Linux  PlatformVersion: 5.14.0-427.37.1.el9_4.x86_64  CompilerName: GCC  CompilerVersion: 8.4.0
ProgramName: mris_thickness  ProgramArguments: mris_thickness -all-info  ProgramVersion: 7.3.2  TimeStamp: 2026/03/11-10:04:00-GMT  BuildTime: Aug  4 2022 06:17:15  BuildStamp: freesurfer-linux-ubuntu22_x86_64-7.3.2-20220804-6354275  User: oesteban  Machine: dna043  Platform: Linux  PlatformVersion: 5.14.0-427.37.1.el9_4.x86_64  CompilerName: GCC  CompilerVersion: 8.4.0
ProgramName: mris_thickness_diff  ProgramArguments: mris_thickness_diff -all-info  ProgramVersion: 7.3.2  TimeStamp: 2026/03/11-10:04:00-GMT  BuildTime: Aug  4 2022 06:17:15  BuildStamp: freesurfer-linux-ubuntu22_x86_64-7.3.2-20220804-6354275  User: oesteban  Machine: dna043  Platform: Linux  PlatformVersion: 5.14.0-427.37.1.el9_4.x86_64  CompilerName: GCC  CompilerVersion: 8.4.0
ProgramName: mris_topo_fixer  ProgramArguments: mris_topo_fixer -all-info  ProgramVersion: 7.3.2  TimeStamp: 2026/03/11-10:04:00-GMT  BuildTime: Aug  4 2022 06:17:15  BuildStamp: freesurfer-linux-ubuntu22_x86_64-7.3.2-20220804-6354275  User: oesteban  Machine: dna043  Platform: Linux  PlatformVersion: 5.14.0-427.37.1.el9_4.x86_64  CompilerName: GCC  CompilerVersion: 8.4.0
ProgramName: mri_surf2surf  ProgramArguments: mri_surf2surf -all-info  ProgramVersion: 7.3.2  TimeStamp: 2026/03/11-10:04:00-GMT  BuildTime: Aug  4 2022 06:17:15  BuildStamp: freesurfer-linux-ubuntu22_x86_64-7.3.2-20220804-6354275  User: oesteban  Machine: dna043  Platform: Linux  PlatformVersion: 5.14.0-427.37.1.el9_4.x86_64  CompilerName: GCC  CompilerVersion: 8.4.0
ProgramName: mri_surf2vol  ProgramArguments: mri_surf2vol -all-info  ProgramVersion: 7.3.2  TimeStamp: 2026/03/11-10:04:00-GMT  BuildTime: Aug  4 2022 06:17:15  BuildStamp: freesurfer-linux-ubuntu22_x86_64-7.3.2-20220804-6354275  User: oesteban  Machine: dna043  Platform: Linux  PlatformVersion: 5.14.0-427.37.1.el9_4.x86_64  CompilerName: GCC  CompilerVersion: 8.4.0
ProgramName: mri_surfcluster  ProgramArguments: mri_surfcluster -all-info  ProgramVersion: 7.3.2  TimeStamp: 2026/03/11-10:04:00-GMT  BuildTime: Aug  4 2022 06:17:15  BuildStamp: freesurfer-linux-ubuntu22_x86_64-7.3.2-20220804-6354275  User: oesteban  Machine: dna043  Platform: Linux  PlatformVersion: 5.14.0-427.37.1.el9_4.x86_64  CompilerName: GCC  CompilerVersion: 8.4.0
ProgramName: mris_volmask  ProgramArguments: mris_volmask -all-info  ProgramVersion: 7.3.2  TimeStamp: 2026/03/11-10:04:00-GMT  BuildTime: Aug  4 2022 06:17:15  BuildStamp: freesurfer-linux-ubuntu22_x86_64-7.3.2-20220804-6354275  User: oesteban  Machine: dna043  Platform: Linux  PlatformVersion: 5.14.0-427.37.1.el9_4.x86_64  CompilerName: GCC  CompilerVersion: 8.4.0
ProgramName: mri_tessellate  ProgramArguments: mri_tessellate -all-info  ProgramVersion: 7.3.2  TimeStamp: 2026/03/11-10:04:00-GMT  BuildTime: Aug  4 2022 06:17:15  BuildStamp: freesurfer-linux-ubuntu22_x86_64-7.3.2-20220804-6354275  User: oesteban  Machine: dna043  Platform: Linux  PlatformVersion: 5.14.0-427.37.1.el9_4.x86_64  CompilerName: GCC  CompilerVersion: 8.4.0
ProgramName: mri_vol2surf  ProgramArguments: mri_vol2surf -all-info  ProgramVersion: 7.3.2  TimeStamp: 2026/03/11-10:04:00-GMT  BuildTime: Aug  4 2022 06:17:15  BuildStamp: freesurfer-linux-ubuntu22_x86_64-7.3.2-20220804-6354275  User: oesteban  Machine: dna043  Platform: Linux  PlatformVersion: 5.14.0-427.37.1.el9_4.x86_64  CompilerName: GCC  CompilerVersion: 8.4.0
ProgramName: mri_vol2vol  ProgramArguments: mri_vol2vol -all-info  ProgramVersion: 7.3.2  TimeStamp: 2026/03/11-10:04:00-GMT  BuildTime: Aug  4 2022 06:17:15  BuildStamp: freesurfer-linux-ubuntu22_x86_64-7.3.2-20220804-6354275  User: oesteban  Machine: dna043  Platform: Linux  PlatformVersion: 5.14.0-427.37.1.el9_4.x86_64  CompilerName: GCC  CompilerVersion: 8.4.0
ProgramName: mri_voldiff  ProgramArguments: mri_voldiff -all-info  ProgramVersion: 7.3.2  TimeStamp: 2026/03/11-10:04:00-GMT  BuildTime: Aug  4 2022 06:17:15  BuildStamp: freesurfer-linux-ubuntu22_x86_64-7.3.2-20220804-6354275  User: oesteban  Machine: dna043  Platform: Linux  PlatformVersion: 5.14.0-427.37.1.el9_4.x86_64  CompilerName: GCC  CompilerVersion: 8.4.0
ProgramName: mri_watershed  ProgramArguments: mri_watershed -all-info  ProgramVersion: 7.3.2  TimeStamp: 2026/03/11-10:04:00-GMT  BuildTime: Aug  4 2022 06:17:15  BuildStamp: freesurfer-linux-ubuntu22_x86_64-7.3.2-20220804-6354275  User: oesteban  Machine: dna043  Platform: Linux  PlatformVersion: 5.14.0-427.37.1.el9_4.x86_64  CompilerName: GCC  CompilerVersion: 8.4.0
ProgramName: tkregister2  ProgramArguments: tkregister2_cmdl -all-info  ProgramVersion: 7.3.2  TimeStamp: 2026/03/11-10:04:00-GMT  BuildTime: Aug  4 2022 06:17:15  BuildStamp: freesurfer-linux-ubuntu22_x86_64-7.3.2-20220804-6354275  User: oesteban  Machine: dna043  Platform: Linux  PlatformVersion: 5.14.0-427.37.1.el9_4.x86_64  CompilerName: GCC  CompilerVersion: 8.4.0
mri_motion_correct.fsl 7.3.2
mri_convert -all-info 
ProgramName: mri_convert  ProgramArguments: mri_convert -all-info  ProgramVersion: 7.3.2  TimeStamp: 2026/03/11-10:04:00-GMT  BuildTime: Aug  4 2022 06:17:15  BuildStamp: freesurfer-linux-ubuntu22_x86_64-7.3.2-20220804-6354275  User: oesteban  Machine: dna043  Platform: Linux  PlatformVersion: 5.14.0-427.37.1.el9_4.x86_64  CompilerName: GCC  CompilerVersion: 8.4.0
Program nu_correct, built from:
Package MNI N3, version 1.12.0, compiled by nicks@terrier (x86_64-unknown-linux-gnu) on 2015-06-19 at 01:25:34
#######################################
GCADIR /opt/freesurfer/average
GCA RB_all_2020-01-02.gca
GCASkull RB_all_withskull_2020_01_02.gca
AvgCurvTif folding.atlas.acfb40.noaparc.i12.2016-08-02.tif
GCSDIR /opt/freesurfer/average
GCS DKaparc.atlas.acfb40.noaparc.i12.2016-08-02.gcs
#######################################
#-------------------------------------
#@# EM Registration Wed Mar 11 11:04:00 CET 2026
/out/sourcedata/freesurfer/sub-v2s16x51246_ses-1/mri

 mri_em_register -uns 3 -mask brainmask.mgz nu.mgz /opt/freesurfer/average/RB_all_2020-01-02.gca transforms/talairach.lta 

setting unknown_nbr_spacing = 3
using MR volume brainmask.mgz to mask input volume...

== Number of threads available to mri_em_register for OpenMP = 16 == 
reading 1 input volumes...
logging results to talairach.log
reading '/opt/freesurfer/average/RB_all_2020-01-02.gca'...
GCAread took 0 minutes and 1 seconds.
average std = 7.2   using min determinant for regularization = 5.2
0 singular and 884 ill-conditioned covariance matrices regularized
reading 'nu.mgz'...
MRImask(): AllowDiffGeom = 1
MRImask(): AllowDiffGeom = 1
MRImask(): AllowDiffGeom = 1
MRImask(): AllowDiffGeom = 1
MRImask(): AllowDiffGeom = 1
freeing gibbs priors...done.
accounting for voxel sizes in initial transform
bounding unknown intensity as < 5.9 or > 519.0 
total sample mean = 79.1 (1017 zeros)
************************************************
spacing=8, using 2841 sample points, tol=1.00e-05...
************************************************
register_mri: find_optimal_transform
find_optimal_transform: nsamples 2841, passno 0, spacing 8
resetting wm mean[0]: 98 --> 107
resetting gm mean[0]: 61 --> 61
input volume #1 is the most T1-like
using real data threshold=23.9
skull bounding box = (54, 50, 30) --> (194, 160, 206)
finding center of left hemi white matter
using (101, 87, 118) as brain centroid of Right_Cerebral_White_Matter...
MRImask(): AllowDiffGeom = 1
mean wm in atlas = 107, using box (84,74,96) --> (118, 100,139) to find MRI wm
before smoothing, mri peak at 108
robust fit to distribution - 108 +- 3.4
after smoothing, mri peak at 108, scaling input intensities by 0.991
scaling channel 0 by 0.990741
initial log_p = -4.149
************************************************
First Search limited to translation only.
************************************************
max log p =    -4.080694 @ (10.526, 10.526, -10.526)
max log p =    -3.795050 @ (-5.263, -5.263, 5.263)
max log p =    -3.720984 @ (-2.632, 7.895, -7.895)
max log p =    -3.697388 @ (1.316, -3.947, 3.947)
max log p =    -3.667452 @ (-0.658, 1.974, 0.658)
max log p =    -3.667452 @ (0.000, 0.000, 0.000)
max log p =    -3.667452 @ (0.000, 0.000, 0.000)
max log p =    -3.667452 @ (0.000, 0.000, 0.000)
Found translation: (3.3, 11.2, -8.6): log p = -3.667
****************************************
Nine parameter search.  iteration 0 nscales = 0 ...
****************************************
Result so far: scale 1.000: max_log_p=-3.382, old_max_log_p =-3.667 (thresh=-3.7)
 0.99144   0.01959   0.12941  -12.52121;
 0.00000   1.22567  -0.14032   2.77977;
-0.13053   0.14882   0.98296  -6.57768;
 0.00000   0.00000   0.00000   1.00000;
iteration took 0 minutes and 11 seconds.
****************************************
Nine parameter search.  iteration 1 nscales = 0 ...
****************************************
Result so far: scale 1.000: max_log_p=-3.382, old_max_log_p =-3.382 (thresh=-3.4)
 0.99144   0.01959   0.12941  -12.52121;
 0.00000   1.22567  -0.14032   2.77977;
-0.13053   0.14882   0.98296  -6.57768;
 0.00000   0.00000   0.00000   1.00000;
reducing scale to 0.2500
iteration took 0 minutes and 11 seconds.
****************************************
Nine parameter search.  iteration 2 nscales = 1 ...
****************************************
Result so far: scale 0.250: max_log_p=-3.238, old_max_log_p =-3.382 (thresh=-3.4)
 0.99355  -0.06460   0.10171  -0.52261;
 0.05942   1.20549  -0.09759  -7.24725;
-0.09768   0.10853   1.00975  -11.20837;
 0.00000   0.00000   0.00000   1.00000;
iteration took 0 minutes and 11 seconds.
****************************************
Nine parameter search.  iteration 3 nscales = 1 ...
****************************************
Result so far: scale 0.250: max_log_p=-3.230, old_max_log_p =-3.238 (thresh=-3.2)
 0.97492  -0.06339   0.09980   1.86472;
 0.05942   1.20549  -0.09759  -7.24725;
-0.09951   0.11057   1.02869  -13.39517;
 0.00000   0.00000   0.00000   1.00000;
iteration took 0 minutes and 11 seconds.
****************************************
Nine parameter search.  iteration 4 nscales = 1 ...
****************************************
Result so far: scale 0.250: max_log_p=-3.230, old_max_log_p =-3.230 (thresh=-3.2)
 0.97492  -0.06339   0.09980   1.86472;
 0.05942   1.20549  -0.09759  -7.24725;
-0.09951   0.11057   1.02869  -13.39517;
 0.00000   0.00000   0.00000   1.00000;
reducing scale to 0.0625
iteration took 0 minutes and 12 seconds.
****************************************
Nine parameter search.  iteration 5 nscales = 2 ...
****************************************
Result so far: scale 0.062: max_log_p=-3.209, old_max_log_p =-3.230 (thresh=-3.2)
 0.97610  -0.08330   0.10162   3.66389;
 0.07528   1.20288  -0.09583  -10.06024;
-0.09974   0.11083   1.03110  -13.67365;
 0.00000   0.00000   0.00000   1.00000;
iteration took 0 minutes and 11 seconds.
****************************************
Nine parameter search.  iteration 6 nscales = 2 ...
****************************************
Result so far: scale 0.062: max_log_p=-3.208, old_max_log_p =-3.209 (thresh=-3.2)
 0.97381  -0.08310   0.10139   3.95250;
 0.07528   1.20288  -0.09583  -10.06024;
-0.09974   0.11083   1.03110  -13.67365;
 0.00000   0.00000   0.00000   1.00000;
min search scale 0.025000 reached
***********************************************
Computing MAP estimate using 2841 samples...
***********************************************
dt = 5.00e-06, momentum=0.80, tol=1.00e-05
l_intensity = 1.0000
Aligning input volume to GCA...
Transform matrix
 0.97381  -0.08310   0.10139   3.95250;
 0.07528   1.20288  -0.09583  -10.06024;
-0.09974   0.11083   1.03110  -13.67365;
 0.00000   0.00000   0.00000   1.00000;
nsamples 2841
Quasinewton: input matrix
 0.97381  -0.08310   0.10139   3.95250;
 0.07528   1.20288  -0.09583  -10.06024;
-0.09974   0.11083   1.03110  -13.67365;
 0.00000   0.00000   0.00000   1.00000;
 IFLAG= -1  LINE SEARCH FAILED. SEE DOCUMENTATION OF ROUTINE MCSRCH ERROR RETURN OF LINE SEARCH: INFO= 3 POSSIBLE CAUSES: FUNCTION OR GRADIENT ARE INCORRECT OR INCORRECT TOLERANCESoutof QuasiNewtonEMA: 009: -log(p) =   -0.0  tol 0.000010
Resulting transform:
 0.97381  -0.08310   0.10139   3.95250;
 0.07528   1.20288  -0.09583  -10.06024;
-0.09974   0.11083   1.03110  -13.67365;
 0.00000   0.00000   0.00000   1.00000;

pass 1, spacing 8: log(p) = -3.208 (old=-4.149)
transform before final EM align:
 0.97381  -0.08310   0.10139   3.95250;
 0.07528   1.20288  -0.09583  -10.06024;
-0.09974   0.11083   1.03110  -13.67365;
 0.00000   0.00000   0.00000   1.00000;

**************************************************
 EM alignment process ...
 Computing final MAP estimate using 315638 samples. 
**************************************************
dt = 5.00e-06, momentum=0.80, tol=1.00e-07
l_intensity = 1.0000
Aligning input volume to GCA...
Transform matrix
 0.97381  -0.08310   0.10139   3.95250;
 0.07528   1.20288  -0.09583  -10.06024;
-0.09974   0.11083   1.03110  -13.67365;
 0.00000   0.00000   0.00000   1.00000;
nsamples 315638
Quasinewton: input matrix
 0.97381  -0.08310   0.10139   3.95250;
 0.07528   1.20288  -0.09583  -10.06024;
-0.09974   0.11083   1.03110  -13.67365;
 0.00000   0.00000   0.00000   1.00000;
 IFLAG= -1  LINE SEARCH FAILED. SEE DOCUMENTATION OF ROUTINE MCSRCH ERROR RETURN OF LINE SEARCH: INFO= 6 POSSIBLE CAUSES: FUNCTION OR GRADIENT ARE INCORRECT OR INCORRECT TOLERANCESoutof QuasiNewtonEMA: 011: -log(p) =    3.8  tol 0.000000
final transform:
 0.97381  -0.08310   0.10139   3.95250;
 0.07528   1.20288  -0.09583  -10.06024;
-0.09974   0.11083   1.03110  -13.67365;
 0.00000   0.00000   0.00000   1.00000;

writing output transformation to transforms/talairach.lta...
#VMPC# mri_em_register VmPeak  891284
FSRUNTIME@ mri_em_register  0.0310 hours 16 threads
registration took 1 minutes and 52 seconds.

Started at Wed Mar 11 11:04:00 CET 2026 
Ended   at Wed Mar 11 11:05:52 CET 2026
#@#%# recon-all-run-time-hours 0.031
recon-all -s sub-v2s16x51246_ses-1 finished without error at Wed Mar 11 11:05:52 CET 2026



#New# invocation of recon-all 




Wed Mar 11 11:05:54 CET 2026
cd /out/sourcedata/freesurfer/sub-v2s16x51246_ses-1
setenv SUBJECTS_DIR /out/sourcedata/freesurfer
/opt/freesurfer/bin/recon-all -autorecon2-volonly -openmp 16 -subjid sub-v2s16x51246_ses-1 -sd /out/sourcedata/freesurfer -nogcareg

subjid sub-v2s16x51246_ses-1
setenv SUBJECTS_DIR /out/sourcedata/freesurfer
FREESURFER_HOME /opt/freesurfer
Actual FREESURFER_HOME /opt/freesurfer
build-stamp.txt: freesurfer-linux-ubuntu22_x86_64-7.3.2-20220804-6354275
Linux dna043 5.14.0-427.37.1.el9_4.x86_64 #1 SMP PREEMPT_DYNAMIC Fri Sep 13 12:41:50 EDT 2024 x86_64 x86_64 x86_64 GNU/Linux
cputime      unlimited
filesize     unlimited
datasize     unlimited
stacksize    8192 kbytes
coredumpsize 0 kbytes
memoryuse    67108864 kbytes
vmemoryuse   unlimited
descriptors  1024 
memorylocked unlimited
maxproc      2061970 
maxlocks     unlimited
maxsignal    4126352 
maxmessage   819200 
maxnice      0 
maxrtprio    0 
maxrttime    unlimited

               total        used        free      shared  buff/cache   available
Mem:           1.0Ti        54Gi       912Gi        12Gi        39Gi       933Gi
Swap:             0B          0B          0B

########################################
program versions used
7.3.2 (freesurfer-linux-ubuntu22_x86_64-7.3.2-20220804-6354275)
7.3.2

ProgramName: lta_convert  ProgramArguments: lta_convert -all-info  ProgramVersion: 7.3.2  TimeStamp: 2026/03/11-10:05:54-GMT  BuildTime: Aug  4 2022 06:17:15  BuildStamp: freesurfer-linux-ubuntu22_x86_64-7.3.2-20220804-6354275  User: oesteban  Machine: dna043  Platform: Linux  PlatformVersion: 5.14.0-427.37.1.el9_4.x86_64  CompilerName: GCC  CompilerVersion: 8.4.0
ProgramName: mri_and  ProgramArguments: mri_and -all-info  ProgramVersion: 7.3.2  TimeStamp: 2026/03/11-10:05:54-GMT  BuildTime: Aug  4 2022 06:17:15  BuildStamp: freesurfer-linux-ubuntu22_x86_64-7.3.2-20220804-6354275  User: oesteban  Machine: dna043  Platform: Linux  PlatformVersion: 5.14.0-427.37.1.el9_4.x86_64  CompilerName: GCC  CompilerVersion: 8.4.0
ProgramName: mri_annotation2label  ProgramArguments: mri_annotation2label -all-info  ProgramVersion: 7.3.2  TimeStamp: 2026/03/11-10:05:54-GMT  BuildTime: Aug  4 2022 06:17:15  BuildStamp: freesurfer-linux-ubuntu22_x86_64-7.3.2-20220804-6354275  User: oesteban  Machine: dna043  Platform: Linux  PlatformVersion: 5.14.0-427.37.1.el9_4.x86_64  CompilerName: GCC  CompilerVersion: 8.4.0
ProgramName: mri_aparc2aseg  ProgramArguments: mri_aparc2aseg -all-info  ProgramVersion: 7.3.2  TimeStamp: 2026/03/11-10:05:54-GMT  BuildTime: Aug  4 2022 06:17:15  BuildStamp: freesurfer-linux-ubuntu22_x86_64-7.3.2-20220804-6354275  User: oesteban  Machine: dna043  Platform: Linux  PlatformVersion: 5.14.0-427.37.1.el9_4.x86_64  CompilerName: GCC  CompilerVersion: 8.4.0
ProgramName: mri_surf2volseg  ProgramArguments: mri_surf2volseg -all-info  ProgramVersion: 7.3.2  TimeStamp: 2026/03/11-10:05:54-GMT  BuildTime: Aug  4 2022 06:17:15  BuildStamp: freesurfer-linux-ubuntu22_x86_64-7.3.2-20220804-6354275  User: oesteban  Machine: dna043  Platform: Linux  PlatformVersion: 5.14.0-427.37.1.el9_4.x86_64  CompilerName: GCC  CompilerVersion: 8.4.0
ProgramName: mri_binarize  ProgramArguments: mri_binarize -all-info  ProgramVersion: 7.3.2  TimeStamp: 2026/03/11-10:05:54-GMT  BuildTime: Aug  4 2022 06:17:15  BuildStamp: freesurfer-linux-ubuntu22_x86_64-7.3.2-20220804-6354275  User: oesteban  Machine: dna043  Platform: Linux  PlatformVersion: 5.14.0-427.37.1.el9_4.x86_64  CompilerName: GCC  CompilerVersion: 8.4.0
ProgramName: mri_ca_label  ProgramArguments: mri_ca_label -all-info  ProgramVersion: 7.3.2  TimeStamp: 2026/03/11-10:05:54-GMT  BuildTime: Aug  4 2022 06:17:15  BuildStamp: freesurfer-linux-ubuntu22_x86_64-7.3.2-20220804-6354275  User: oesteban  Machine: dna043  Platform: Linux  PlatformVersion: 5.14.0-427.37.1.el9_4.x86_64  CompilerName: GCC  CompilerVersion: 8.4.0
ProgramName: mri_ca_normalize  ProgramArguments: mri_ca_normalize -all-info  ProgramVersion: 7.3.2  TimeStamp: 2026/03/11-10:05:54-GMT  BuildTime: Aug  4 2022 06:17:15  BuildStamp: freesurfer-linux-ubuntu22_x86_64-7.3.2-20220804-6354275  User: oesteban  Machine: dna043  Platform: Linux  PlatformVersion: 5.14.0-427.37.1.el9_4.x86_64  CompilerName: GCC  CompilerVersion: 8.4.0
ProgramName: mri_ca_register  ProgramArguments: mri_ca_register -all-info  ProgramVersion: 7.3.2  TimeStamp: 2026/03/11-10:05:54-GMT  BuildTime: Aug  4 2022 06:17:15  BuildStamp: freesurfer-linux-ubuntu22_x86_64-7.3.2-20220804-6354275  User: oesteban  Machine: dna043  Platform: Linux  PlatformVersion: 5.14.0-427.37.1.el9_4.x86_64  CompilerName: GCC  CompilerVersion: 8.4.0
ProgramName: mri_cc  ProgramArguments: mri_cc -all-info  ProgramVersion: 7.3.2  TimeStamp: 2026/03/11-10:05:54-GMT  BuildTime: Aug  4 2022 06:17:15  BuildStamp: freesurfer-linux-ubuntu22_x86_64-7.3.2-20220804-6354275  User: oesteban  Machine: dna043  Platform: Linux  PlatformVersion: 5.14.0-427.37.1.el9_4.x86_64  CompilerName: GCC  CompilerVersion: 8.4.0
ProgramName: mri_compute_overlap  ProgramArguments: mri_compute_overlap -all-info  ProgramVersion: 7.3.2  TimeStamp: 2026/03/11-10:05:54-GMT  BuildTime: Aug  4 2022 06:17:15  BuildStamp: freesurfer-linux-ubuntu22_x86_64-7.3.2-20220804-6354275  User: oesteban  Machine: dna043  Platform: Linux  PlatformVersion: 5.14.0-427.37.1.el9_4.x86_64  CompilerName: GCC  CompilerVersion: 8.4.0
ProgramName: mri_compute_seg_overlap  ProgramArguments: mri_compute_seg_overlap -all-info  ProgramVersion: 7.3.2  TimeStamp: 2026/03/11-10:05:54-GMT  BuildTime: Aug  4 2022 06:17:15  BuildStamp: freesurfer-linux-ubuntu22_x86_64-7.3.2-20220804-6354275  User: oesteban  Machine: dna043  Platform: Linux  PlatformVersion: 5.14.0-427.37.1.el9_4.x86_64  CompilerName: GCC  CompilerVersion: 8.4.0
ProgramName: mri_concat  ProgramArguments: mri_concat -all-info  ProgramVersion: 7.3.2  TimeStamp: 2026/03/11-10:05:54-GMT  BuildTime: Aug  4 2022 06:17:15  BuildStamp: freesurfer-linux-ubuntu22_x86_64-7.3.2-20220804-6354275  User: oesteban  Machine: dna043  Platform: Linux  PlatformVersion: 5.14.0-427.37.1.el9_4.x86_64  CompilerName: GCC  CompilerVersion: 8.4.0
ProgramName: mri_concatenate_lta  ProgramArguments: mri_concatenate_lta -all-info  ProgramVersion: 7.3.2  TimeStamp: 2026/03/11-10:05:54-GMT  BuildTime: Aug  4 2022 06:17:15  BuildStamp: freesurfer-linux-ubuntu22_x86_64-7.3.2-20220804-6354275  User: oesteban  Machine: dna043  Platform: Linux  PlatformVersion: 5.14.0-427.37.1.el9_4.x86_64  CompilerName: GCC  CompilerVersion: 8.4.0
mri_convert -all-info 
ProgramName: mri_convert  ProgramArguments: mri_convert -all-info  ProgramVersion: 7.3.2  TimeStamp: 2026/03/11-10:05:54-GMT  BuildTime: Aug  4 2022 06:17:15  BuildStamp: freesurfer-linux-ubuntu22_x86_64-7.3.2-20220804-6354275  User: oesteban  Machine: dna043  Platform: Linux  PlatformVersion: 5.14.0-427.37.1.el9_4.x86_64  CompilerName: GCC  CompilerVersion: 8.4.0
ProgramName: mri_diff  ProgramArguments: mri_diff -all-info  ProgramVersion: 7.3.2  TimeStamp: 2026/03/11-10:05:54-GMT  BuildTime: Aug  4 2022 06:17:15  BuildStamp: freesurfer-linux-ubuntu22_x86_64-7.3.2-20220804-6354275  User: oesteban  Machine: dna043  Platform: Linux  PlatformVersion: 5.14.0-427.37.1.el9_4.x86_64  CompilerName: GCC  CompilerVersion: 8.4.0
ProgramName: mri_edit_wm_with_aseg  ProgramArguments: mri_edit_wm_with_aseg -all-info  ProgramVersion: 7.3.2  TimeStamp: 2026/03/11-10:05:54-GMT  BuildTime: Aug  4 2022 06:17:15  BuildStamp: freesurfer-linux-ubuntu22_x86_64-7.3.2-20220804-6354275  User: oesteban  Machine: dna043  Platform: Linux  PlatformVersion: 5.14.0-427.37.1.el9_4.x86_64  CompilerName: GCC  CompilerVersion: 8.4.0
ProgramName: mri_em_register  ProgramArguments: mri_em_register -all-info  ProgramVersion: 7.3.2  TimeStamp: 2026/03/11-10:05:54-GMT  BuildTime: Aug  4 2022 06:17:15  BuildStamp: freesurfer-linux-ubuntu22_x86_64-7.3.2-20220804-6354275  User: oesteban  Machine: dna043  Platform: Linux  PlatformVersion: 5.14.0-427.37.1.el9_4.x86_64  CompilerName: GCC  CompilerVersion: 8.4.0
ProgramName: mri_fill  ProgramArguments: mri_fill -all-info  ProgramVersion: 7.3.2  TimeStamp: 2026/03/11-10:05:54-GMT  BuildTime: Aug  4 2022 06:17:15  BuildStamp: freesurfer-linux-ubuntu22_x86_64-7.3.2-20220804-6354275  User: oesteban  Machine: dna043  Platform: Linux  PlatformVersion: 5.14.0-427.37.1.el9_4.x86_64  CompilerName: GCC  CompilerVersion: 8.4.0
ProgramName: mri_fuse_segmentations  ProgramArguments: mri_fuse_segmentations -all-info  ProgramVersion: 7.3.2  TimeStamp: 2026/03/11-10:05:54-GMT  BuildTime: Aug  4 2022 06:17:15  BuildStamp: freesurfer-linux-ubuntu22_x86_64-7.3.2-20220804-6354275  User: oesteban  Machine: dna043  Platform: Linux  PlatformVersion: 5.14.0-427.37.1.el9_4.x86_64  CompilerName: GCC  CompilerVersion: 8.4.0
ProgramName: mri_fwhm  ProgramArguments: mri_fwhm -all-info  ProgramVersion: 7.3.2  TimeStamp: 2026/03/11-10:05:54-GMT  BuildTime: Aug  4 2022 06:17:15  BuildStamp: freesurfer-linux-ubuntu22_x86_64-7.3.2-20220804-6354275  User: oesteban  Machine: dna043  Platform: Linux  PlatformVersion: 5.14.0-427.37.1.el9_4.x86_64  CompilerName: GCC  CompilerVersion: 8.4.0
ProgramName: mri_gcut  ProgramArguments: mri_gcut -all-info  ProgramVersion: 7.3.2  TimeStamp: 2026/03/11-10:05:54-GMT  BuildTime: Aug  4 2022 06:17:15  BuildStamp: freesurfer-linux-ubuntu22_x86_64-7.3.2-20220804-6354275  User: oesteban  Machine: dna043  Platform: Linux  PlatformVersion: 5.14.0-427.37.1.el9_4.x86_64  CompilerName: GCC  CompilerVersion: 8.4.0
ProgramName: mri_info  ProgramArguments: mri_info -all-info  ProgramVersion: 7.3.2  TimeStamp: 2026/03/11-10:05:54-GMT  BuildTime: Aug  4 2022 06:17:15  BuildStamp: freesurfer-linux-ubuntu22_x86_64-7.3.2-20220804-6354275  User: oesteban  Machine: dna043  Platform: Linux  PlatformVersion: 5.14.0-427.37.1.el9_4.x86_64  CompilerName: GCC  CompilerVersion: 8.4.0
ProgramName: mri_label2label  ProgramArguments: mri_label2label -all-info  ProgramVersion: 7.3.2  TimeStamp: 2026/03/11-10:05:54-GMT  BuildTime: Aug  4 2022 06:17:15  BuildStamp: freesurfer-linux-ubuntu22_x86_64-7.3.2-20220804-6354275  User: oesteban  Machine: dna043  Platform: Linux  PlatformVersion: 5.14.0-427.37.1.el9_4.x86_64  CompilerName: GCC  CompilerVersion: 8.4.0
ProgramName: mri_label2vol  ProgramArguments: mri_label2vol -all-info  ProgramVersion: 7.3.2  TimeStamp: 2026/03/11-10:05:54-GMT  BuildTime: Aug  4 2022 06:17:15  BuildStamp: freesurfer-linux-ubuntu22_x86_64-7.3.2-20220804-6354275  User: oesteban  Machine: dna043  Platform: Linux  PlatformVersion: 5.14.0-427.37.1.el9_4.x86_64  CompilerName: GCC  CompilerVersion: 8.4.0
ProgramName: mri_log_likelihood  ProgramArguments: mri_log_likelihood -all-info  ProgramVersion: 7.3.2  TimeStamp: 2026/03/11-10:05:54-GMT  BuildTime: Aug  4 2022 06:17:15  BuildStamp: freesurfer-linux-ubuntu22_x86_64-7.3.2-20220804-6354275  User: oesteban  Machine: dna043  Platform: Linux  PlatformVersion: 5.14.0-427.37.1.el9_4.x86_64  CompilerName: GCC  CompilerVersion: 8.4.0
ProgramName: mri_mask  ProgramArguments: mri_mask -all-info  ProgramVersion: 7.3.2  TimeStamp: 2026/03/11-10:05:54-GMT  BuildTime: Aug  4 2022 06:17:15  BuildStamp: freesurfer-linux-ubuntu22_x86_64-7.3.2-20220804-6354275  User: oesteban  Machine: dna043  Platform: Linux  PlatformVersion: 5.14.0-427.37.1.el9_4.x86_64  CompilerName: GCC  CompilerVersion: 8.4.0
ProgramName: mri_matrix_multiply  ProgramArguments: mri_matrix_multiply -all-info  ProgramVersion: 7.3.2  TimeStamp: 2026/03/11-10:05:54-GMT  BuildTime: Aug  4 2022 06:17:15  BuildStamp: freesurfer-linux-ubuntu22_x86_64-7.3.2-20220804-6354275  User: oesteban  Machine: dna043  Platform: Linux  PlatformVersion: 5.14.0-427.37.1.el9_4.x86_64  CompilerName: GCC  CompilerVersion: 8.4.0
ProgramName: mri_normalize  ProgramArguments: mri_normalize -all-info  ProgramVersion: 7.3.2  TimeStamp: 2026/03/11-10:05:54-GMT  BuildTime: Aug  4 2022 06:17:15  BuildStamp: freesurfer-linux-ubuntu22_x86_64-7.3.2-20220804-6354275  User: oesteban  Machine: dna043  Platform: Linux  PlatformVersion: 5.14.0-427.37.1.el9_4.x86_64  CompilerName: GCC  CompilerVersion: 8.4.0
ProgramName: mri_normalize_tp2  ProgramArguments: mri_normalize_tp2 -all-info  ProgramVersion: 7.3.2  TimeStamp: 2026/03/11-10:05:54-GMT  BuildTime: Aug  4 2022 06:17:15  BuildStamp: freesurfer-linux-ubuntu22_x86_64-7.3.2-20220804-6354275  User: oesteban  Machine: dna043  Platform: Linux  PlatformVersion: 5.14.0-427.37.1.el9_4.x86_64  CompilerName: GCC  CompilerVersion: 8.4.0
ProgramName: mri_or  ProgramArguments: mri_or -all-info  ProgramVersion: 7.3.2  TimeStamp: 2026/03/11-10:05:54-GMT  BuildTime: Aug  4 2022 06:17:15  BuildStamp: freesurfer-linux-ubuntu22_x86_64-7.3.2-20220804-6354275  User: oesteban  Machine: dna043  Platform: Linux  PlatformVersion: 5.14.0-427.37.1.el9_4.x86_64  CompilerName: GCC  CompilerVersion: 8.4.0
ProgramName: mri_relabel_hypointensities  ProgramArguments: mri_relabel_hypointensities -all-info  ProgramVersion: 7.3.2  TimeStamp: 2026/03/11-10:05:54-GMT  BuildTime: Aug  4 2022 06:17:15  BuildStamp: freesurfer-linux-ubuntu22_x86_64-7.3.2-20220804-6354275  User: oesteban  Machine: dna043  Platform: Linux  PlatformVersion: 5.14.0-427.37.1.el9_4.x86_64  CompilerName: GCC  CompilerVersion: 8.4.0
ProgramName: mri_relabel_nonwm_hypos  ProgramArguments: mri_relabel_nonwm_hypos -all-info  ProgramVersion: 7.3.2  TimeStamp: 2026/03/11-10:05:54-GMT  BuildTime: Aug  4 2022 06:17:15  BuildStamp: freesurfer-linux-ubuntu22_x86_64-7.3.2-20220804-6354275  User: oesteban  Machine: dna043  Platform: Linux  PlatformVersion: 5.14.0-427.37.1.el9_4.x86_64  CompilerName: GCC  CompilerVersion: 8.4.0
ProgramName: mri_remove_neck  ProgramArguments: mri_remove_neck -all-info  ProgramVersion: 7.3.2  TimeStamp: 2026/03/11-10:05:54-GMT  BuildTime: Aug  4 2022 06:17:15  BuildStamp: freesurfer-linux-ubuntu22_x86_64-7.3.2-20220804-6354275  User: oesteban  Machine: dna043  Platform: Linux  PlatformVersion: 5.14.0-427.37.1.el9_4.x86_64  CompilerName: GCC  CompilerVersion: 8.4.0
7.3.2

ProgramName: mri_robust_register  ProgramArguments: mri_robust_register -all-info  ProgramVersion: 7.3.2  TimeStamp: 2026/03/11-10:05:54-GMT  BuildTime: Aug  4 2022 06:17:15  BuildStamp: freesurfer-linux-ubuntu22_x86_64-7.3.2-20220804-6354275  User: oesteban  Machine: dna043  Platform: Linux  PlatformVersion: 5.14.0-427.37.1.el9_4.x86_64  CompilerName: GCC  CompilerVersion: 8.4.0
7.3.2

ProgramName: mri_robust_template  ProgramArguments: mri_robust_template -all-info  ProgramVersion: 7.3.2  TimeStamp: 2026/03/11-10:05:54-GMT  BuildTime: Aug  4 2022 06:17:15  BuildStamp: freesurfer-linux-ubuntu22_x86_64-7.3.2-20220804-6354275  User: oesteban  Machine: dna043  Platform: Linux  PlatformVersion: 5.14.0-427.37.1.el9_4.x86_64  CompilerName: GCC  CompilerVersion: 8.4.0
ProgramName: mris_anatomical_stats  ProgramArguments: mris_anatomical_stats -all-info  ProgramVersion: 7.3.2  TimeStamp: 2026/03/11-10:05:54-GMT  BuildTime: Aug  4 2022 06:17:15  BuildStamp: freesurfer-linux-ubuntu22_x86_64-7.3.2-20220804-6354275  User: oesteban  Machine: dna043  Platform: Linux  PlatformVersion: 5.14.0-427.37.1.el9_4.x86_64  CompilerName: GCC  CompilerVersion: 8.4.0
ProgramName: mris_ca_label  ProgramArguments: mris_ca_label -all-info  ProgramVersion: 7.3.2  TimeStamp: 2026/03/11-10:05:54-GMT  BuildTime: Aug  4 2022 06:17:15  BuildStamp: freesurfer-linux-ubuntu22_x86_64-7.3.2-20220804-6354275  User: oesteban  Machine: dna043  Platform: Linux  PlatformVersion: 5.14.0-427.37.1.el9_4.x86_64  CompilerName: GCC  CompilerVersion: 8.4.0
ProgramName: mris_calc  ProgramArguments: mris_calc -all-info  ProgramVersion: 7.3.2  TimeStamp: 2026/03/11-10:05:54-GMT  BuildTime: Aug  4 2022 06:17:15  BuildStamp: freesurfer-linux-ubuntu22_x86_64-7.3.2-20220804-6354275  User: oesteban  Machine: dna043  Platform: Linux  PlatformVersion: 5.14.0-427.37.1.el9_4.x86_64  CompilerName: GCC  CompilerVersion: 8.4.0
ProgramName: mris_convert  ProgramArguments: mris_convert -all-info  ProgramVersion: 7.3.2  TimeStamp: 2026/03/11-10:05:54-GMT  BuildTime: Aug  4 2022 06:17:15  BuildStamp: freesurfer-linux-ubuntu22_x86_64-7.3.2-20220804-6354275  User: oesteban  Machine: dna043  Platform: Linux  PlatformVersion: 5.14.0-427.37.1.el9_4.x86_64  CompilerName: GCC  CompilerVersion: 8.4.0
ProgramName: mris_curvature  ProgramArguments: mris_curvature -all-info  ProgramVersion: 7.3.2  TimeStamp: 2026/03/11-10:05:54-GMT  BuildTime: Aug  4 2022 06:17:15  BuildStamp: freesurfer-linux-ubuntu22_x86_64-7.3.2-20220804-6354275  User: oesteban  Machine: dna043  Platform: Linux  PlatformVersion: 5.14.0-427.37.1.el9_4.x86_64  CompilerName: GCC  CompilerVersion: 8.4.0
ProgramName: mris_curvature_stats  ProgramArguments: mris_curvature_stats -all-info  ProgramVersion: 7.3.2  TimeStamp: 2026/03/11-10:05:54-GMT  BuildTime: Aug  4 2022 06:17:15  BuildStamp: freesurfer-linux-ubuntu22_x86_64-7.3.2-20220804-6354275  User: oesteban  Machine: dna043  Platform: Linux  PlatformVersion: 5.14.0-427.37.1.el9_4.x86_64  CompilerName: GCC  CompilerVersion: 8.4.0
ProgramName: mris_diff  ProgramArguments: mris_diff -all-info  ProgramVersion: 7.3.2  TimeStamp: 2026/03/11-10:05:54-GMT  BuildTime: Aug  4 2022 06:17:15  BuildStamp: freesurfer-linux-ubuntu22_x86_64-7.3.2-20220804-6354275  User: oesteban  Machine: dna043  Platform: Linux  PlatformVersion: 5.14.0-427.37.1.el9_4.x86_64  CompilerName: GCC  CompilerVersion: 8.4.0
ProgramName: mris_divide_parcellation  ProgramArguments: mris_divide_parcellation -all-info  ProgramVersion: 7.3.2  TimeStamp: 2026/03/11-10:05:54-GMT  BuildTime: Aug  4 2022 06:17:15  BuildStamp: freesurfer-linux-ubuntu22_x86_64-7.3.2-20220804-6354275  User: oesteban  Machine: dna043  Platform: Linux  PlatformVersion: 5.14.0-427.37.1.el9_4.x86_64  CompilerName: GCC  CompilerVersion: 8.4.0
ProgramName: mri_segment  ProgramArguments: mri_segment -all-info  ProgramVersion: 7.3.2  TimeStamp: 2026/03/11-10:05:54-GMT  BuildTime: Aug  4 2022 06:17:15  BuildStamp: freesurfer-linux-ubuntu22_x86_64-7.3.2-20220804-6354275  User: oesteban  Machine: dna043  Platform: Linux  PlatformVersion: 5.14.0-427.37.1.el9_4.x86_64  CompilerName: GCC  CompilerVersion: 8.4.0
ProgramName: mri_segstats  ProgramArguments: mri_segstats -all-info  ProgramVersion: 7.3.2  TimeStamp: 2026/03/11-10:05:54-GMT  BuildTime: Aug  4 2022 06:17:15  BuildStamp: freesurfer-linux-ubuntu22_x86_64-7.3.2-20220804-6354275  User: oesteban  Machine: dna043  Platform: Linux  PlatformVersion: 5.14.0-427.37.1.el9_4.x86_64  CompilerName: GCC  CompilerVersion: 8.4.0
ProgramName: mris_euler_number  ProgramArguments: mris_euler_number -all-info  ProgramVersion: 7.3.2  TimeStamp: 2026/03/11-10:05:54-GMT  BuildTime: Aug  4 2022 06:17:15  BuildStamp: freesurfer-linux-ubuntu22_x86_64-7.3.2-20220804-6354275  User: oesteban  Machine: dna043  Platform: Linux  PlatformVersion: 5.14.0-427.37.1.el9_4.x86_64  CompilerName: GCC  CompilerVersion: 8.4.0
ProgramName: mris_fix_topology  ProgramArguments: mris_fix_topology -all-info  ProgramVersion: 7.3.2  TimeStamp: 2026/03/11-10:05:54-GMT  BuildTime: Aug  4 2022 06:17:15  BuildStamp: freesurfer-linux-ubuntu22_x86_64-7.3.2-20220804-6354275  User: oesteban  Machine: dna043  Platform: Linux  PlatformVersion: 5.14.0-427.37.1.el9_4.x86_64  CompilerName: GCC  CompilerVersion: 8.4.0
ProgramName: mris_topo_fixer  ProgramArguments: mris_topo_fixer -all-info  ProgramVersion: 7.3.2  TimeStamp: 2026/03/11-10:05:54-GMT  BuildTime: Aug  4 2022 06:17:15  BuildStamp: freesurfer-linux-ubuntu22_x86_64-7.3.2-20220804-6354275  User: oesteban  Machine: dna043  Platform: Linux  PlatformVersion: 5.14.0-427.37.1.el9_4.x86_64  CompilerName: GCC  CompilerVersion: 8.4.0
ProgramName: mris_jacobian  ProgramArguments: mris_jacobian -all-info  ProgramVersion: 7.3.2  TimeStamp: 2026/03/11-10:05:54-GMT  BuildTime: Aug  4 2022 06:17:15  BuildStamp: freesurfer-linux-ubuntu22_x86_64-7.3.2-20220804-6354275  User: oesteban  Machine: dna043  Platform: Linux  PlatformVersion: 5.14.0-427.37.1.el9_4.x86_64  CompilerName: GCC  CompilerVersion: 8.4.0
ProgramName: mris_label2annot  ProgramArguments: mris_label2annot -all-info  ProgramVersion: 7.3.2  TimeStamp: 2026/03/11-10:05:54-GMT  BuildTime: Aug  4 2022 06:17:15  BuildStamp: freesurfer-linux-ubuntu22_x86_64-7.3.2-20220804-6354275  User: oesteban  Machine: dna043  Platform: Linux  PlatformVersion: 5.14.0-427.37.1.el9_4.x86_64  CompilerName: GCC  CompilerVersion: 8.4.0
ProgramName: mris_left_right_register  ProgramArguments: mris_left_right_register -all-info  ProgramVersion: 7.3.2  TimeStamp: 2026/03/11-10:05:54-GMT  BuildTime: Aug  4 2022 06:17:15  BuildStamp: freesurfer-linux-ubuntu22_x86_64-7.3.2-20220804-6354275  User: oesteban  Machine: dna043  Platform: Linux  PlatformVersion: 5.14.0-427.37.1.el9_4.x86_64  CompilerName: GCC  CompilerVersion: 8.4.0
ProgramName: mris_place_surface  ProgramArguments: mris_place_surface -all-info  ProgramVersion: 7.3.2  TimeStamp: 2026/03/11-10:05:54-GMT  BuildTime: Aug  4 2022 06:17:15  BuildStamp: freesurfer-linux-ubuntu22_x86_64-7.3.2-20220804-6354275  User: oesteban  Machine: dna043  Platform: Linux  PlatformVersion: 5.14.0-427.37.1.el9_4.x86_64  CompilerName: GCC  CompilerVersion: 8.4.0
ProgramName: mrisp_paint  ProgramArguments: mrisp_paint -all-info  ProgramVersion: 7.3.2  TimeStamp: 2026/03/11-10:05:54-GMT  BuildTime: Aug  4 2022 06:17:15  BuildStamp: freesurfer-linux-ubuntu22_x86_64-7.3.2-20220804-6354275  User: oesteban  Machine: dna043  Platform: Linux  PlatformVersion: 5.14.0-427.37.1.el9_4.x86_64  CompilerName: GCC  CompilerVersion: 8.4.0
ProgramName: mris_register  ProgramArguments: mris_register -all-info  ProgramVersion: 7.3.2  TimeStamp: 2026/03/11-10:05:54-GMT  BuildTime: Aug  4 2022 06:17:15  BuildStamp: freesurfer-linux-ubuntu22_x86_64-7.3.2-20220804-6354275  User: oesteban  Machine: dna043  Platform: Linux  PlatformVersion: 5.14.0-427.37.1.el9_4.x86_64  CompilerName: GCC  CompilerVersion: 8.4.0
ProgramName: mris_smooth  ProgramArguments: mris_smooth -all-info  ProgramVersion: 7.3.2  TimeStamp: 2026/03/11-10:05:54-GMT  BuildTime: Aug  4 2022 06:17:15  BuildStamp: freesurfer-linux-ubuntu22_x86_64-7.3.2-20220804-6354275  User: oesteban  Machine: dna043  Platform: Linux  PlatformVersion: 5.14.0-427.37.1.el9_4.x86_64  CompilerName: GCC  CompilerVersion: 8.4.0
ProgramName: mris_sphere  ProgramArguments: mris_sphere -all-info  ProgramVersion: 7.3.2  TimeStamp: 2026/03/11-10:05:54-GMT  BuildTime: Aug  4 2022 06:17:15  BuildStamp: freesurfer-linux-ubuntu22_x86_64-7.3.2-20220804-6354275  User: oesteban  Machine: dna043  Platform: Linux  PlatformVersion: 5.14.0-427.37.1.el9_4.x86_64  CompilerName: GCC  CompilerVersion: 8.4.0
ProgramName: mris_surface_stats  ProgramArguments: mris_surface_stats -all-info  ProgramVersion: 7.3.2  TimeStamp: 2026/03/11-10:05:54-GMT  BuildTime: Aug  4 2022 06:17:15  BuildStamp: freesurfer-linux-ubuntu22_x86_64-7.3.2-20220804-6354275  User: oesteban  Machine: dna043  Platform: Linux  PlatformVersion: 5.14.0-427.37.1.el9_4.x86_64  CompilerName: GCC  CompilerVersion: 8.4.0
ProgramName: mri_stats2seg  ProgramArguments: mri_stats2seg -all-info  ProgramVersion: 7.3.2  TimeStamp: 2026/03/11-10:05:54-GMT  BuildTime: Aug  4 2022 06:17:15  BuildStamp: freesurfer-linux-ubuntu22_x86_64-7.3.2-20220804-6354275  User: oesteban  Machine: dna043  Platform: Linux  PlatformVersion: 5.14.0-427.37.1.el9_4.x86_64  CompilerName: GCC  CompilerVersion: 8.4.0
ProgramName: mris_thickness  ProgramArguments: mris_thickness -all-info  ProgramVersion: 7.3.2  TimeStamp: 2026/03/11-10:05:54-GMT  BuildTime: Aug  4 2022 06:17:15  BuildStamp: freesurfer-linux-ubuntu22_x86_64-7.3.2-20220804-6354275  User: oesteban  Machine: dna043  Platform: Linux  PlatformVersion: 5.14.0-427.37.1.el9_4.x86_64  CompilerName: GCC  CompilerVersion: 8.4.0
ProgramName: mris_thickness_diff  ProgramArguments: mris_thickness_diff -all-info  ProgramVersion: 7.3.2  TimeStamp: 2026/03/11-10:05:54-GMT  BuildTime: Aug  4 2022 06:17:15  BuildStamp: freesurfer-linux-ubuntu22_x86_64-7.3.2-20220804-6354275  User: oesteban  Machine: dna043  Platform: Linux  PlatformVersion: 5.14.0-427.37.1.el9_4.x86_64  CompilerName: GCC  CompilerVersion: 8.4.0
ProgramName: mris_topo_fixer  ProgramArguments: mris_topo_fixer -all-info  ProgramVersion: 7.3.2  TimeStamp: 2026/03/11-10:05:54-GMT  BuildTime: Aug  4 2022 06:17:15  BuildStamp: freesurfer-linux-ubuntu22_x86_64-7.3.2-20220804-6354275  User: oesteban  Machine: dna043  Platform: Linux  PlatformVersion: 5.14.0-427.37.1.el9_4.x86_64  CompilerName: GCC  CompilerVersion: 8.4.0
ProgramName: mri_surf2surf  ProgramArguments: mri_surf2surf -all-info  ProgramVersion: 7.3.2  TimeStamp: 2026/03/11-10:05:54-GMT  BuildTime: Aug  4 2022 06:17:15  BuildStamp: freesurfer-linux-ubuntu22_x86_64-7.3.2-20220804-6354275  User: oesteban  Machine: dna043  Platform: Linux  PlatformVersion: 5.14.0-427.37.1.el9_4.x86_64  CompilerName: GCC  CompilerVersion: 8.4.0
ProgramName: mri_surf2vol  ProgramArguments: mri_surf2vol -all-info  ProgramVersion: 7.3.2  TimeStamp: 2026/03/11-10:05:54-GMT  BuildTime: Aug  4 2022 06:17:15  BuildStamp: freesurfer-linux-ubuntu22_x86_64-7.3.2-20220804-6354275  User: oesteban  Machine: dna043  Platform: Linux  PlatformVersion: 5.14.0-427.37.1.el9_4.x86_64  CompilerName: GCC  CompilerVersion: 8.4.0
ProgramName: mri_surfcluster  ProgramArguments: mri_surfcluster -all-info  ProgramVersion: 7.3.2  TimeStamp: 2026/03/11-10:05:54-GMT  BuildTime: Aug  4 2022 06:17:15  BuildStamp: freesurfer-linux-ubuntu22_x86_64-7.3.2-20220804-6354275  User: oesteban  Machine: dna043  Platform: Linux  PlatformVersion: 5.14.0-427.37.1.el9_4.x86_64  CompilerName: GCC  CompilerVersion: 8.4.0
ProgramName: mris_volmask  ProgramArguments: mris_volmask -all-info  ProgramVersion: 7.3.2  TimeStamp: 2026/03/11-10:05:54-GMT  BuildTime: Aug  4 2022 06:17:15  BuildStamp: freesurfer-linux-ubuntu22_x86_64-7.3.2-20220804-6354275  User: oesteban  Machine: dna043  Platform: Linux  PlatformVersion: 5.14.0-427.37.1.el9_4.x86_64  CompilerName: GCC  CompilerVersion: 8.4.0
ProgramName: mri_tessellate  ProgramArguments: mri_tessellate -all-info  ProgramVersion: 7.3.2  TimeStamp: 2026/03/11-10:05:54-GMT  BuildTime: Aug  4 2022 06:17:15  BuildStamp: freesurfer-linux-ubuntu22_x86_64-7.3.2-20220804-6354275  User: oesteban  Machine: dna043  Platform: Linux  PlatformVersion: 5.14.0-427.37.1.el9_4.x86_64  CompilerName: GCC  CompilerVersion: 8.4.0
ProgramName: mri_vol2surf  ProgramArguments: mri_vol2surf -all-info  ProgramVersion: 7.3.2  TimeStamp: 2026/03/11-10:05:54-GMT  BuildTime: Aug  4 2022 06:17:15  BuildStamp: freesurfer-linux-ubuntu22_x86_64-7.3.2-20220804-6354275  User: oesteban  Machine: dna043  Platform: Linux  PlatformVersion: 5.14.0-427.37.1.el9_4.x86_64  CompilerName: GCC  CompilerVersion: 8.4.0
ProgramName: mri_vol2vol  ProgramArguments: mri_vol2vol -all-info  ProgramVersion: 7.3.2  TimeStamp: 2026/03/11-10:05:54-GMT  BuildTime: Aug  4 2022 06:17:15  BuildStamp: freesurfer-linux-ubuntu22_x86_64-7.3.2-20220804-6354275  User: oesteban  Machine: dna043  Platform: Linux  PlatformVersion: 5.14.0-427.37.1.el9_4.x86_64  CompilerName: GCC  CompilerVersion: 8.4.0
ProgramName: mri_voldiff  ProgramArguments: mri_voldiff -all-info  ProgramVersion: 7.3.2  TimeStamp: 2026/03/11-10:05:54-GMT  BuildTime: Aug  4 2022 06:17:15  BuildStamp: freesurfer-linux-ubuntu22_x86_64-7.3.2-20220804-6354275  User: oesteban  Machine: dna043  Platform: Linux  PlatformVersion: 5.14.0-427.37.1.el9_4.x86_64  CompilerName: GCC  CompilerVersion: 8.4.0
ProgramName: mri_watershed  ProgramArguments: mri_watershed -all-info  ProgramVersion: 7.3.2  TimeStamp: 2026/03/11-10:05:54-GMT  BuildTime: Aug  4 2022 06:17:15  BuildStamp: freesurfer-linux-ubuntu22_x86_64-7.3.2-20220804-6354275  User: oesteban  Machine: dna043  Platform: Linux  PlatformVersion: 5.14.0-427.37.1.el9_4.x86_64  CompilerName: GCC  CompilerVersion: 8.4.0
ProgramName: tkregister2  ProgramArguments: tkregister2_cmdl -all-info  ProgramVersion: 7.3.2  TimeStamp: 2026/03/11-10:05:54-GMT  BuildTime: Aug  4 2022 06:17:15  BuildStamp: freesurfer-linux-ubuntu22_x86_64-7.3.2-20220804-6354275  User: oesteban  Machine: dna043  Platform: Linux  PlatformVersion: 5.14.0-427.37.1.el9_4.x86_64  CompilerName: GCC  CompilerVersion: 8.4.0
mri_motion_correct.fsl 7.3.2
mri_convert -all-info 
ProgramName: mri_convert  ProgramArguments: mri_convert -all-info  ProgramVersion: 7.3.2  TimeStamp: 2026/03/11-10:05:54-GMT  BuildTime: Aug  4 2022 06:17:15  BuildStamp: freesurfer-linux-ubuntu22_x86_64-7.3.2-20220804-6354275  User: oesteban  Machine: dna043  Platform: Linux  PlatformVersion: 5.14.0-427.37.1.el9_4.x86_64  CompilerName: GCC  CompilerVersion: 8.4.0
Program nu_correct, built from:
Package MNI N3, version 1.12.0, compiled by nicks@terrier (x86_64-unknown-linux-gnu) on 2015-06-19 at 01:25:34
#######################################
GCADIR /opt/freesurfer/average
GCA RB_all_2020-01-02.gca
GCASkull RB_all_withskull_2020_01_02.gca
AvgCurvTif folding.atlas.acfb40.noaparc.i12.2016-08-02.tif
GCSDIR /opt/freesurfer/average
GCS DKaparc.atlas.acfb40.noaparc.i12.2016-08-02.gcs
#######################################
#--------------------------------------
#@# CA Normalize Wed Mar 11 11:05:54 CET 2026
/out/sourcedata/freesurfer/sub-v2s16x51246_ses-1/mri

 mri_ca_normalize -c ctrl_pts.mgz -mask brainmask.mgz nu.mgz /opt/freesurfer/average/RB_all_2020-01-02.gca transforms/talairach.lta norm.mgz 

writing control point volume to ctrl_pts.mgz
using MR volume brainmask.mgz to mask input volume...
reading 1 input volume
reading atlas from '/opt/freesurfer/average/RB_all_2020-01-02.gca'...
reading transform from 'transforms/talairach.lta'...
reading input volume from nu.mgz...
resetting wm mean[0]: 98 --> 107
resetting gm mean[0]: 61 --> 61
input volume #1 is the most T1-like
using real data threshold=23.9
skull bounding box = (54, 50, 30) --> (194, 160, 206)
finding center of left hemi white matter
using (101, 87, 118) as brain centroid of Right_Cerebral_White_Matter...
mean wm in atlas = 107, using box (84,74,96) --> (118, 100,139) to find MRI wm
before smoothing, mri peak at 108
robust fit to distribution - 108 +- 3.4
after smoothing, mri peak at 108, scaling input intensities by 0.991
scaling channel 0 by 0.990741
using 246437 sample points...
INFO: compute sample coordinates transform
 0.97381  -0.08310   0.10139   3.95250;
 0.07528   1.20288  -0.09583  -10.06024;
-0.09974   0.11083   1.03110  -13.67365;
 0.00000   0.00000   0.00000   1.00000;
INFO: transform used
finding control points in Left_Cerebral_White_Matter....
found 40230 control points for structure...
bounding box (120, 52, 39) --> (192, 151, 202)
Left_Cerebral_White_Matter: limiting intensities to 96.0 --> 132.0
2 of 7321 (0.0%) samples deleted
finding control points in Right_Cerebral_White_Matter....
found 39478 control points for structure...
bounding box (57, 53, 38) --> (127, 156, 199)
Right_Cerebral_White_Matter: limiting intensities to 94.0 --> 132.0
5 of 6971 (0.1%) samples deleted
finding control points in Left_Cerebellum_White_Matter....
found 3105 control points for structure...
bounding box (129, 119, 58) --> (180, 156, 111)
Left_Cerebellum_White_Matter: limiting intensities to 95.0 --> 132.0
0 of 575 (0.0%) samples deleted
finding control points in Right_Cerebellum_White_Matter....
found 2710 control points for structure...
bounding box (85, 119, 54) --> (130, 158, 109)
Right_Cerebellum_White_Matter: limiting intensities to 94.0 --> 132.0
0 of 525 (0.0%) samples deleted
finding control points in Brain_Stem....
found 3475 control points for structure...
bounding box (108, 117, 89) --> (145, 173, 122)
Brain_Stem: limiting intensities to 88.0 --> 132.0
0 of 681 (0.0%) samples deleted
using 16073 total control points for intensity normalization...
bias field = 0.973 +- 0.067
1 of 16066 control points discarded
finding control points in Left_Cerebral_White_Matter....
found 40230 control points for structure...
bounding box (120, 52, 39) --> (192, 151, 202)
Left_Cerebral_White_Matter: limiting intensities to 91.0 --> 132.0
6 of 7589 (0.1%) samples deleted
finding control points in Right_Cerebral_White_Matter....
found 39478 control points for structure...
bounding box (57, 53, 38) --> (127, 156, 199)
Right_Cerebral_White_Matter: limiting intensities to 89.0 --> 132.0
6 of 7159 (0.1%) samples deleted
finding control points in Left_Cerebellum_White_Matter....
found 3105 control points for structure...
bounding box (129, 119, 58) --> (180, 156, 111)
Left_Cerebellum_White_Matter: limiting intensities to 88.0 --> 132.0
4 of 603 (0.7%) samples deleted
finding control points in Right_Cerebellum_White_Matter....
found 2710 control points for structure...
bounding box (85, 119, 54) --> (130, 158, 109)
Right_Cerebellum_White_Matter: limiting intensities to 88.0 --> 132.0
24 of 546 (4.4%) samples deleted
finding control points in Brain_Stem....
found 3475 control points for structure...
bounding box (108, 117, 89) --> (145, 173, 122)
Brain_Stem: limiting intensities to 88.0 --> 132.0
140 of 813 (17.2%) samples deleted
using 16710 total control points for intensity normalization...
bias field = 1.030 +- 0.055
3 of 16384 control points discarded
finding control points in Left_Cerebral_White_Matter....
found 40230 control points for structure...
bounding box (120, 52, 39) --> (192, 151, 202)
Left_Cerebral_White_Matter: limiting intensities to 91.0 --> 132.0
10 of 7556 (0.1%) samples deleted
finding control points in Right_Cerebral_White_Matter....
found 39478 control points for structure...
bounding box (57, 53, 38) --> (127, 156, 199)
Right_Cerebral_White_Matter: limiting intensities to 89.0 --> 132.0
7 of 7158 (0.1%) samples deleted
finding control points in Left_Cerebellum_White_Matter....
found 3105 control points for structure...
bounding box (129, 119, 58) --> (180, 156, 111)
Left_Cerebellum_White_Matter: limiting intensities to 88.0 --> 132.0
44 of 633 (7.0%) samples deleted
finding control points in Right_Cerebellum_White_Matter....
found 2710 control points for structure...
bounding box (85, 119, 54) --> (130, 158, 109)
Right_Cerebellum_White_Matter: limiting intensities to 88.0 --> 132.0
116 of 575 (20.2%) samples deleted
finding control points in Brain_Stem....
found 3475 control points for structure...
bounding box (108, 117, 89) --> (145, 173, 122)
Brain_Stem: limiting intensities to 88.0 --> 132.0
259 of 836 (31.0%) samples deleted
using 16758 total control points for intensity normalization...
bias field = 1.026 +- 0.047
6 of 16133 control points discarded
writing normalized volume to norm.mgz...
writing control points to ctrl_pts.mgz
freeing GCA...done.
normalization took 1 minutes and 20 seconds.
#--------------------------------------
#@# CA Reg Wed Mar 11 11:07:14 CET 2026
/out/sourcedata/freesurfer/sub-v2s16x51246_ses-1/mri

 mri_ca_register -nobigventricles -T transforms/talairach.lta -align-after -mask brainmask.mgz norm.mgz /opt/freesurfer/average/RB_all_2020-01-02.gca transforms/talairach.m3z 

not handling expanded ventricles...
using previously computed transform transforms/talairach.lta
renormalizing sequences with structure alignment, equivalent to:
	-renormalize
	-regularize_mean 0.500
	-regularize 0.500
using MR volume brainmask.mgz to mask input volume...

== Number of threads available to mri_ca_register for OpenMP = 16 == 
reading 1 input volumes...
logging results to talairach.log
reading input volume 'norm.mgz'...
reading GCA '/opt/freesurfer/average/RB_all_2020-01-02.gca'...
label assignment complete, 0 changed (0.00%)
freeing gibbs priors...done.
average std[0] = 5.0
Starting GCAMregister()
label assignment complete, 0 changed (0.00%)
npasses = 1, nlevels = 6
#pass# 1 of 1 ************************
enabling zero nodes
setting smoothness cost coefficient to 0.156

#GCAMreg# pass 0 level1 5 level2 0 tsec 0 sigma 2
l_jacobian=1.00 l_label=1.00 l_log_likelihood=0.20 l_smoothness=0.16 
tol=2.50e-01, dt=5.00e-02, exp_k=20.0, momentum=0.90, levels=6, niter=500, lbl_dist=10.00, avgs=256, sigma=2.0,type=2, relabel=0, neg=no

blurring input image with Gaussian with sigma=2.000...
GCAMRegisterLevel(): init RMS 0.820058
#FOTS# QuadFit found better minimum quadopt=(dt=221.952,rms=0.759831) vs oldopt=(dt=369.92,rms=0.778426)
#GCMRL#    0 dt 221.952000 rms  0.760  7.344% neg 0  invalid 762 tFOTS 4.3130 tGradient 3.1020 tsec 7.7640
#FOTS# QuadFit found better minimum quadopt=(dt=223.573,rms=0.745434) vs oldopt=(dt=92.48,rms=0.750584)
#GCMRL#    1 dt 223.573333 rms  0.745  1.895% neg 0  invalid 762 tFOTS 4.5120 tGradient 3.0040 tsec 7.9040
#FOTS# QuadFit found better minimum quadopt=(dt=295.936,rms=0.729835) vs oldopt=(dt=369.92,rms=0.730717)
#GCMRL#    2 dt 295.936000 rms  0.730  2.093% neg 0  invalid 762 tFOTS 4.4200 tGradient 3.0350 tsec 7.7890
#GCMRL#    3 dt  92.480000 rms  0.727  0.403% neg 0  invalid 762 tFOTS 4.6380 tGradient 3.1580 tsec 8.1370
#GCMRL#    4 dt 369.920000 rms  0.724  0.433% neg 0  invalid 762 tFOTS 4.5420 tGradient 3.1640 tsec 8.0450
#FOTS# QuadFit found better minimum quadopt=(dt=295.936,rms=0.717658) vs oldopt=(dt=369.92,rms=0.718054)
#GCMRL#    5 dt 295.936000 rms  0.718  0.841% neg 0  invalid 762 tFOTS 4.5690 tGradient 3.1490 tsec 8.0610
#FOTS# QuadFit found better minimum quadopt=(dt=73.984,rms=0.716954) vs oldopt=(dt=92.48,rms=0.717064)
#GCMRL#    6 dt  73.984000 rms  0.717  0.000% neg 0  invalid 762 tFOTS 4.6160 tGradient 3.3260 tsec 8.2910
#GCMRL#    7 dt  73.984000 rms  0.717  0.043% neg 0  invalid 762 tFOTS 0.0000 tGradient 2.9090 tsec 3.2170
#GCMRL#    8 dt  73.984000 rms  0.716  0.054% neg 0  invalid 762 tFOTS 0.0000 tGradient 2.9300 tsec 3.2400
#GCMRL#    9 dt  73.984000 rms  0.715  0.156% neg 0  invalid 762 tFOTS 0.0000 tGradient 3.0340 tsec 3.3470
#GCMRL#   10 dt  73.984000 rms  0.713  0.323% neg 0  invalid 762 tFOTS 0.0000 tGradient 2.9110 tsec 3.2150
#GCMRL#   11 dt  73.984000 rms  0.710  0.410% neg 0  invalid 762 tFOTS 0.0000 tGradient 3.0490 tsec 3.3590
#GCMRL#   12 dt  73.984000 rms  0.707  0.376% neg 0  invalid 762 tFOTS 0.0000 tGradient 3.0090 tsec 3.3240
#GCMRL#   13 dt  73.984000 rms  0.705  0.317% neg 0  invalid 762 tFOTS 0.0000 tGradient 3.0540 tsec 3.3610
#GCMRL#   14 dt  73.984000 rms  0.703  0.273% neg 0  invalid 762 tFOTS 0.0000 tGradient 3.0120 tsec 3.3150
#GCMRL#   15 dt  73.984000 rms  0.701  0.224% neg 0  invalid 762 tFOTS 0.0000 tGradient 2.8340 tsec 3.1490
#GCMRL#   16 dt  73.984000 rms  0.700  0.237% neg 0  invalid 762 tFOTS 0.0000 tGradient 2.9430 tsec 3.2510
#GCMRL#   17 dt  73.984000 rms  0.698  0.280% neg 0  invalid 762 tFOTS 0.0000 tGradient 2.9450 tsec 3.2530
#GCMRL#   18 dt  73.984000 rms  0.696  0.290% neg 0  invalid 762 tFOTS 0.0000 tGradient 2.9910 tsec 3.3040
#GCMRL#   19 dt  73.984000 rms  0.694  0.246% neg 0  invalid 762 tFOTS 0.0000 tGradient 2.7510 tsec 3.0640
#GCMRL#   20 dt  73.984000 rms  0.693  0.192% neg 0  invalid 762 tFOTS 0.0000 tGradient 2.8790 tsec 3.1910
#GCMRL#   21 dt  73.984000 rms  0.692  0.151% neg 0  invalid 762 tFOTS 0.0000 tGradient 2.7660 tsec 3.0780
#GCMRL#   22 dt  73.984000 rms  0.691  0.118% neg 0  invalid 762 tFOTS 0.0000 tGradient 2.8160 tsec 3.1340
#GCMRL#   23 dt  73.984000 rms  0.690  0.111% neg 0  invalid 762 tFOTS 0.0000 tGradient 2.9040 tsec 3.2360
#FOTS# QuadFit found better minimum quadopt=(dt=517.888,rms=0.689161) vs oldopt=(dt=369.92,rms=0.689312)
#GCMRL#   24 dt 517.888000 rms  0.689  0.148% neg 0  invalid 762 tFOTS 4.6210 tGradient 2.7760 tsec 7.7040

#GCAMreg# pass 0 level1 5 level2 1 tsec 136.336 sigma 0.5
l_jacobian=1.00 l_label=1.00 l_log_likelihood=0.20 l_smoothness=0.16 
tol=2.50e-01, dt=5.00e-02, exp_k=20.0, momentum=0.90, levels=6, niter=500, lbl_dist=10.00, avgs=256, sigma=0.5,type=2, relabel=0, neg=no

blurring input image with Gaussian with sigma=0.500...
GCAMRegisterLevel(): init RMS 0.689873
#FOTS# QuadFit found better minimum quadopt=(dt=8.092,rms=0.689198) vs oldopt=(dt=5.78,rms=0.689199)
#GCMRL#   26 dt   8.092000 rms  0.689  0.098% neg 0  invalid 762 tFOTS 4.6900 tGradient 2.9720 tsec 7.9770
#FOTS# QuadFit found better minimum quadopt=(dt=2.023,rms=0.689197) vs oldopt=(dt=1.445,rms=0.689197)
#GCMRL#   27 dt   2.023000 rms  0.689  0.000% neg 0  invalid 762 tFOTS 4.4530 tGradient 2.8650 tsec 7.6540
#GCMRL#   28 dt   2.023000 rms  0.689  0.000% neg 0  invalid 762 tFOTS 0.0000 tGradient 2.8810 tsec 3.1790
setting smoothness cost coefficient to 0.615

#GCAMreg# pass 0 level1 4 level2 0 tsec 0 sigma 2
l_jacobian=1.00 l_label=1.00 l_log_likelihood=0.20 l_smoothness=0.62 
tol=2.50e-01, dt=5.00e-02, exp_k=20.0, momentum=0.90, levels=6, niter=500, lbl_dist=10.00, avgs=64, sigma=2.0,type=2, relabel=0, neg=no

blurring input image with Gaussian with sigma=2.000...
GCAMRegisterLevel(): init RMS 0.699209
#FOTS# QuadFit found better minimum quadopt=(dt=90,rms=0.693421) vs oldopt=(dt=103.68,rms=0.693549)
#GCMRL#   30 dt  90.000000 rms  0.693  0.828% neg 0  invalid 762 tFOTS 4.1980 tGradient 2.2020 tsec 6.7110
#FOTS# QuadFit found better minimum quadopt=(dt=258.462,rms=0.684093) vs oldopt=(dt=103.68,rms=0.687023)
#GCMRL#   31 dt 258.461538 rms  0.684  1.345% neg 0  invalid 762 tFOTS 4.3340 tGradient 2.1700 tsec 6.8190
#FOTS# QuadFit found better minimum quadopt=(dt=66.7826,rms=0.680271) vs oldopt=(dt=25.92,rms=0.681091)
#GCMRL#   32 dt  66.782609 rms  0.680  0.559% neg 0  invalid 762 tFOTS 4.4390 tGradient 2.1660 tsec 6.9200
#FOTS# QuadFit found better minimum quadopt=(dt=145.152,rms=0.675879) vs oldopt=(dt=103.68,rms=0.676626)
#GCMRL#   33 dt 145.152000 rms  0.676  0.646% neg 0  invalid 762 tFOTS 4.3740 tGradient 2.3100 tsec 6.9960
#FOTS# QuadFit found better minimum quadopt=(dt=36.288,rms=0.675168) vs oldopt=(dt=25.92,rms=0.67528)
#GCMRL#   34 dt  36.288000 rms  0.675  0.000% neg 0  invalid 762 tFOTS 4.2140 tGradient 2.3560 tsec 6.9070
#GCMRL#   35 dt  36.288000 rms  0.675  0.066% neg 0  invalid 762 tFOTS 0.0000 tGradient 2.5140 tsec 2.8310
#GCMRL#   36 dt  36.288000 rms  0.674  0.108% neg 0  invalid 762 tFOTS 0.0000 tGradient 2.4030 tsec 2.7040
#GCMRL#   37 dt  36.288000 rms  0.673  0.172% neg 0  invalid 762 tFOTS 0.0000 tGradient 2.3350 tsec 2.6260
#GCMRL#   38 dt  36.288000 rms  0.671  0.241% neg 0  invalid 762 tFOTS 0.0000 tGradient 2.2010 tsec 2.4900
#GCMRL#   39 dt  36.288000 rms  0.669  0.268% neg 0  invalid 762 tFOTS 0.0000 tGradient 2.3010 tsec 2.6000
#GCMRL#   40 dt  36.288000 rms  0.668  0.262% neg 0  invalid 762 tFOTS 0.0000 tGradient 2.3340 tsec 2.6290
#GCMRL#   41 dt  36.288000 rms  0.666  0.246% neg 0  invalid 762 tFOTS 0.0000 tGradient 2.3920 tsec 2.6960
#GCMRL#   42 dt  36.288000 rms  0.665  0.222% neg 0  invalid 762 tFOTS 0.0000 tGradient 2.4230 tsec 2.7330
#GCMRL#   43 dt  36.288000 rms  0.663  0.202% neg 0  invalid 762 tFOTS 0.0000 tGradient 2.3710 tsec 2.6780
#GCMRL#   44 dt  36.288000 rms  0.662  0.201% neg 0  invalid 762 tFOTS 0.0000 tGradient 2.4480 tsec 2.7510
#GCMRL#   45 dt  36.288000 rms  0.661  0.190% neg 0  invalid 762 tFOTS 0.0000 tGradient 2.4800 tsec 2.8280
#GCMRL#   46 dt  36.288000 rms  0.660  0.166% neg 0  invalid 762 tFOTS 0.0000 tGradient 2.6600 tsec 2.9910
#GCMRL#   47 dt  36.288000 rms  0.659  0.134% neg 0  invalid 762 tFOTS 0.0000 tGradient 2.6030 tsec 2.9130
#GCMRL#   48 dt  36.288000 rms  0.658  0.100% neg 0  invalid 762 tFOTS 0.0000 tGradient 2.3130 tsec 2.6150
#GCMRL#   49 dt  36.288000 rms  0.657  0.082% neg 0  invalid 762 tFOTS 0.0000 tGradient 2.3650 tsec 2.6730
#FOTS# QuadFit found better minimum quadopt=(dt=124.416,rms=0.657434) vs oldopt=(dt=103.68,rms=0.657434)

#GCAMreg# pass 0 level1 4 level2 1 tsec 91.798 sigma 0.5
l_jacobian=1.00 l_label=1.00 l_log_likelihood=0.20 l_smoothness=0.62 
tol=2.50e-01, dt=5.00e-02, exp_k=20.0, momentum=0.90, levels=6, niter=500, lbl_dist=10.00, avgs=64, sigma=0.5,type=2, relabel=0, neg=no

blurring input image with Gaussian with sigma=0.500...
GCAMRegisterLevel(): init RMS 0.658154
#GCMRL#   51 dt   0.000000 rms  0.657  0.105% neg 0  invalid 762 tFOTS 4.4630 tGradient 2.3030 tsec 7.0670
setting smoothness cost coefficient to 2.353

#GCAMreg# pass 0 level1 3 level2 0 tsec 0 sigma 2
l_jacobian=1.00 l_label=1.00 l_log_likelihood=0.20 l_smoothness=2.35 
tol=2.50e-01, dt=5.00e-02, exp_k=20.0, momentum=0.90, levels=6, niter=500, lbl_dist=10.00, avgs=16, sigma=2.0,type=2, relabel=0, neg=no

blurring input image with Gaussian with sigma=2.000...
GCAMRegisterLevel(): init RMS 0.685664
#GCMRL#   53 dt   0.000000 rms  0.685  0.097% neg 0  invalid 762 tFOTS 3.9350 tGradient 1.8930 tsec 6.1340

#GCAMreg# pass 0 level1 3 level2 1 tsec 22.081 sigma 0.5
l_jacobian=1.00 l_label=1.00 l_log_likelihood=0.20 l_smoothness=2.35 
tol=2.50e-01, dt=5.00e-02, exp_k=20.0, momentum=0.90, levels=6, niter=500, lbl_dist=10.00, avgs=16, sigma=0.5,type=2, relabel=0, neg=no

blurring input image with Gaussian with sigma=0.500...
GCAMRegisterLevel(): init RMS 0.685664
#GCMRL#   55 dt   0.000000 rms  0.685  0.097% neg 0  invalid 762 tFOTS 3.9900 tGradient 1.9990 tsec 6.3150
setting smoothness cost coefficient to 8.000

#GCAMreg# pass 0 level1 2 level2 0 tsec 0 sigma 2
l_jacobian=1.00 l_label=1.00 l_log_likelihood=0.20 l_smoothness=8.00 
tol=2.50e-01, dt=5.00e-02, exp_k=20.0, momentum=0.90, levels=6, niter=500, lbl_dist=10.00, avgs=4, sigma=2.0,type=2, relabel=0, neg=no

blurring input image with Gaussian with sigma=2.000...
GCAMRegisterLevel(): init RMS 0.7683
#FOTS# QuadFit found better minimum quadopt=(dt=2.46863,rms=0.743818) vs oldopt=(dt=2.88,rms=0.744491)
#GCMRL#   57 dt   2.468627 rms  0.744  3.186% neg 0  invalid 762 tFOTS 4.3380 tGradient 1.8910 tsec 6.5590
#FOTS# QuadFit found better minimum quadopt=(dt=1.53125,rms=0.741526) vs oldopt=(dt=0.72,rms=0.742177)
#GCMRL#   58 dt   1.531250 rms  0.742  0.308% neg 0  invalid 762 tFOTS 4.3780 tGradient 1.8960 tsec 6.6030
#FOTS# QuadFit found better minimum quadopt=(dt=0.833333,rms=0.74121) vs oldopt=(dt=0.72,rms=0.741215)
#GCMRL#   59 dt   0.833333 rms  0.741  0.000% neg 0  invalid 762 tFOTS 4.2900 tGradient 1.9560 tsec 6.5840

#GCAMreg# pass 0 level1 2 level2 1 tsec 31.537 sigma 0.5
l_jacobian=1.00 l_label=1.00 l_log_likelihood=0.20 l_smoothness=8.00 
tol=2.50e-01, dt=5.00e-02, exp_k=20.0, momentum=0.90, levels=6, niter=500, lbl_dist=10.00, avgs=4, sigma=0.5,type=2, relabel=0, neg=no

blurring input image with Gaussian with sigma=0.500...
GCAMRegisterLevel(): init RMS 0.741828
#GCMRL#   61 dt   0.000000 rms  0.741  0.083% neg 0  invalid 762 tFOTS 3.7150 tGradient 1.9050 tsec 5.9380
setting smoothness cost coefficient to 20.000

#GCAMreg# pass 0 level1 1 level2 0 tsec 0 sigma 2
l_jacobian=1.00 l_label=1.00 l_log_likelihood=0.20 l_smoothness=20.00 
tol=2.50e-01, dt=5.00e-02, exp_k=20.0, momentum=0.90, levels=6, niter=500, lbl_dist=10.00, avgs=1, sigma=2.0,type=2, relabel=0, neg=no

blurring input image with Gaussian with sigma=2.000...
GCAMRegisterLevel(): init RMS 0.80909
#FOTS# QuadFit found better minimum quadopt=(dt=0.448,rms=0.805859) vs oldopt=(dt=0.32,rms=0.806232)
#GCMRL#   63 dt   0.448000 rms  0.806  0.399% neg 0  invalid 762 tFOTS 4.0160 tGradient 1.7710 tsec 6.1070
#FOTS# QuadFit found better minimum quadopt=(dt=0.891525,rms=0.798331) vs oldopt=(dt=1.28,rms=0.799481)
#GCMRL#   64 dt   0.891525 rms  0.798  0.934% neg 0  invalid 762 tFOTS 3.9640 tGradient 1.8920 tsec 6.1720
#FOTS# QuadFit found better minimum quadopt=(dt=0.194842,rms=0.796378) vs oldopt=(dt=0.32,rms=0.796782)
#GCMRL#   65 dt   0.194842 rms  0.796  0.000% neg 0  invalid 762 tFOTS 3.9930 tGradient 1.7960 tsec 6.1360
#GCMRL#   66 dt   0.194842 rms  0.796  0.095% neg 0  invalid 762 tFOTS 0.0000 tGradient 1.7820 tsec 2.0980
#GCMRL#   67 dt   0.194842 rms  0.795  0.098% neg 0  invalid 762 tFOTS 0.0000 tGradient 1.7460 tsec 2.0630
#GCMRL#   68 dt   0.194842 rms  0.793  0.251% neg 0  invalid 762 tFOTS 0.0000 tGradient 1.7690 tsec 2.0850
#GCMRL#   69 dt   0.194842 rms  0.790  0.366% neg 0  invalid 762 tFOTS 0.0000 tGradient 1.6910 tsec 2.0700
#GCMRL#   70 dt   0.194842 rms  0.788  0.269% neg 0  invalid 762 tFOTS 0.0000 tGradient 1.7630 tsec 2.0870
#GCMRL#   71 dt   0.194842 rms  0.787  0.116% neg 0  invalid 762 tFOTS 0.0000 tGradient 1.7570 tsec 2.0790
#GCMRL#   72 dt   0.194842 rms  0.787 -0.029% neg 0  invalid 762 tFOTS 0.0000 tGradient 1.7640 tsec 2.3500
#FOTS# QuadFit found better minimum quadopt=(dt=0.112,rms=0.786791) vs oldopt=(dt=0.08,rms=0.786814)
#GCMRL#   73 dt   0.112000 rms  0.787  0.017% neg 0  invalid 762 tFOTS 4.2020 tGradient 1.8020 tsec 6.3470
#FOTS# QuadFit found better minimum quadopt=(dt=0.448,rms=0.786336) vs oldopt=(dt=0.32,rms=0.786409)
#GCMRL#   74 dt   0.448000 rms  0.786  0.058% neg 0  invalid 762 tFOTS 4.1610 tGradient 1.7860 tsec 6.2770
#FOTS# QuadFit found better minimum quadopt=(dt=1.024,rms=0.78395) vs oldopt=(dt=1.28,rms=0.78402)
#GCMRL#   75 dt   1.024000 rms  0.784  0.303% neg 0  invalid 762 tFOTS 4.2140 tGradient 1.8150 tsec 6.3700
#FOTS# QuadFit found better minimum quadopt=(dt=0.112,rms=0.783753) vs oldopt=(dt=0.08,rms=0.78378)
#GCMRL#   76 dt   0.112000 rms  0.784  0.000% neg 0  invalid 762 tFOTS 4.2470 tGradient 1.7840 tsec 6.3920
#GCMRL#   77 dt   0.112000 rms  0.784  0.004% neg 0  invalid 762 tFOTS 0.0000 tGradient 1.8090 tsec 2.1430

#GCAMreg# pass 0 level1 1 level2 1 tsec 72.583 sigma 0.5
l_jacobian=1.00 l_label=1.00 l_log_likelihood=0.20 l_smoothness=20.00 
tol=2.50e-01, dt=5.00e-02, exp_k=20.0, momentum=0.90, levels=6, niter=500, lbl_dist=10.00, avgs=1, sigma=0.5,type=2, relabel=0, neg=no

blurring input image with Gaussian with sigma=0.500...
GCAMRegisterLevel(): init RMS 0.784279
#FOTS# QuadFit found better minimum quadopt=(dt=0.112,rms=0.783614) vs oldopt=(dt=0.08,rms=0.783633)
#GCMRL#   79 dt   0.112000 rms  0.784  0.085% neg 0  invalid 762 tFOTS 4.2750 tGradient 1.8730 tsec 6.4880
#FOTS# QuadFit found better minimum quadopt=(dt=0.112,rms=0.783514) vs oldopt=(dt=0.08,rms=0.783523)
#GCMRL#   80 dt   0.112000 rms  0.784  0.000% neg 0  invalid 762 tFOTS 4.1920 tGradient 2.0880 tsec 6.6410
#GCMRL#   81 dt   0.112000 rms  0.783  0.007% neg 0  invalid 762 tFOTS 0.0000 tGradient 2.1590 tsec 2.4990
#GCMRL#   82 dt   0.112000 rms  0.783  0.007% neg 0  invalid 762 tFOTS 0.0000 tGradient 2.0100 tsec 2.4890
#GCMRL#   83 dt   0.112000 rms  0.783  0.003% neg 0  invalid 762 tFOTS 0.0000 tGradient 1.7400 tsec 2.0610
#GCMRL#   84 dt   0.112000 rms  0.783  0.016% neg 0  invalid 762 tFOTS 0.0000 tGradient 1.6950 tsec 2.0120
#GCMRL#   85 dt   0.112000 rms  0.783  0.030% neg 0  invalid 762 tFOTS 0.0000 tGradient 1.9590 tsec 2.2800
resetting metric properties...
setting smoothness cost coefficient to 40.000

#GCAMreg# pass 0 level1 0 level2 0 tsec 0 sigma 2
l_jacobian=1.00 l_label=1.00 l_log_likelihood=0.20 l_smoothness=40.00 
tol=2.50e-01, dt=5.00e-02, exp_k=20.0, momentum=0.90, levels=6, niter=500, lbl_dist=10.00, avgs=0, sigma=2.0,type=2, relabel=0, neg=no

blurring input image with Gaussian with sigma=2.000...
GCAMRegisterLevel(): init RMS 0.74835
#FOTS# QuadFit found better minimum quadopt=(dt=0.233,rms=0.742325) vs oldopt=(dt=0.32,rms=0.742833)
#GCMRL#   87 dt   0.233000 rms  0.742  0.805% neg 0  invalid 762 tFOTS 4.1440 tGradient 1.4340 tsec 5.9090
#FOTS# QuadFit found better minimum quadopt=(dt=0.024,rms=0.742066) vs oldopt=(dt=0.02,rms=0.742069)
#GCMRL#   88 dt   0.024000 rms  0.742  0.000% neg 0  invalid 762 tFOTS 4.1330 tGradient 1.7090 tsec 6.1990

#GCAMreg# pass 0 level1 0 level2 1 tsec 23.916 sigma 0.5
l_jacobian=1.00 l_label=1.00 l_log_likelihood=0.20 l_smoothness=40.00 
tol=2.50e-01, dt=5.00e-02, exp_k=20.0, momentum=0.90, levels=6, niter=500, lbl_dist=10.00, avgs=0, sigma=0.5,type=2, relabel=0, neg=no

blurring input image with Gaussian with sigma=0.500...
GCAMRegisterLevel(): init RMS 0.742704
#FOTS# QuadFit found better minimum quadopt=(dt=0.007,rms=0.742047) vs oldopt=(dt=0.005,rms=0.742049)
#GCMRL#   90 dt   0.007000 rms  0.742  0.089% neg 0  invalid 762 tFOTS 4.0790 tGradient 1.8760 tsec 6.2850
#GCMRL#   91 dt   0.001250 rms  0.742  0.000% neg 0  invalid 762 tFOTS 4.0760 tGradient 1.9330 tsec 6.3620
GCAMregister done in 8.15012 min
Starting GCAmapRenormalizeWithAlignment() without scales
renormalizing by structure alignment....
renormalizing input #0
gca peak = 0.10253 (16)
mri peak = 0.19509 (12)
Left_Lateral_Ventricle (4): linear fit = 0.60 x + 0.0 (1843 voxels, overlap=0.177)
Left_Lateral_Ventricle (4): linear fit = 0.60 x + 0.0 (1843 voxels, peak = 10), gca=9.5
gca peak = 0.17690 (16)
mri peak = 0.13840 (13)
Right_Lateral_Ventricle (43): linear fit = 0.74 x + 0.0 (1314 voxels, overlap=0.583)
Right_Lateral_Ventricle (43): linear fit = 0.74 x + 0.0 (1314 voxels, peak = 12), gca=11.8
gca peak = 0.28275 (96)
mri peak = 0.14224 (96)
Right_Pallidum (52): linear fit = 0.99 x + 0.0 (922 voxels, overlap=0.955)
Right_Pallidum (52): linear fit = 0.99 x + 0.0 (922 voxels, peak = 95), gca=94.6
gca peak = 0.18948 (93)
mri peak = 0.14294 (99)
Left_Pallidum (13): linear fit = 1.05 x + 0.0 (819 voxels, overlap=0.809)
Left_Pallidum (13): linear fit = 1.05 x + 0.0 (819 voxels, peak = 98), gca=98.1
gca peak = 0.20755 (55)
mri peak = 0.10083 (65)
Right_Hippocampus (53): linear fit = 1.15 x + 0.0 (986 voxels, overlap=0.232)
Right_Hippocampus (53): linear fit = 1.15 x + 0.0 (986 voxels, peak = 64), gca=63.5
gca peak = 0.31831 (58)
mri peak = 0.09485 (63)
Left_Hippocampus (17): linear fit = 1.10 x + 0.0 (887 voxels, overlap=0.885)
Left_Hippocampus (17): linear fit = 1.10 x + 0.0 (887 voxels, peak = 64), gca=63.5
gca peak = 0.11957 (102)
mri peak = 0.11969 (103)
Right_Cerebral_White_Matter (41): linear fit = 1.02 x + 0.0 (53840 voxels, overlap=0.644)
Right_Cerebral_White_Matter (41): linear fit = 1.02 x + 0.0 (53840 voxels, peak = 105), gca=104.5
gca peak = 0.11429 (102)
mri peak = 0.15986 (105)
Left_Cerebral_White_Matter (2): linear fit = 1.01 x + 0.0 (56761 voxels, overlap=0.597)
Left_Cerebral_White_Matter (2): linear fit = 1.01 x + 0.0 (56761 voxels, peak = 104), gca=103.5
gca peak = 0.14521 (59)
mri peak = 0.03932 (62)
Left_Cerebral_Cortex (3): linear fit = 0.99 x + 0.0 (25482 voxels, overlap=0.963)
Left_Cerebral_Cortex (3): linear fit = 0.99 x + 0.0 (25482 voxels, peak = 58), gca=58.1
gca peak = 0.14336 (58)
mri peak = 0.03754 (53)
Right_Cerebral_Cortex (42): linear fit = 1.02 x + 0.0 (23558 voxels, overlap=0.996)
Right_Cerebral_Cortex (42): linear fit = 1.02 x + 0.0 (23558 voxels, peak = 59), gca=59.4
gca peak = 0.13305 (70)
mri peak = 0.14533 (71)
Right_Caudate (50): linear fit = 1.02 x + 0.0 (947 voxels, overlap=0.843)
Right_Caudate (50): linear fit = 1.02 x + 0.0 (947 voxels, peak = 72), gca=71.8
gca peak = 0.15761 (71)
mri peak = 0.19227 (72)
Left_Caudate (11): linear fit = 0.96 x + 0.0 (954 voxels, overlap=0.798)
Left_Caudate (11): linear fit = 0.96 x + 0.0 (954 voxels, peak = 69), gca=68.5
gca peak = 0.13537 (57)
mri peak = 0.05598 (62)
Left_Cerebellum_Cortex (8): linear fit = 1.09 x + 0.0 (30547 voxels, overlap=0.871)
Left_Cerebellum_Cortex (8): linear fit = 1.09 x + 0.0 (30547 voxels, peak = 62), gca=61.8
gca peak = 0.13487 (56)
mri peak = 0.06496 (60)
Right_Cerebellum_Cortex (47): linear fit = 1.07 x + 0.0 (35537 voxels, overlap=0.830)
Right_Cerebellum_Cortex (47): linear fit = 1.07 x + 0.0 (35537 voxels, peak = 60), gca=59.6
gca peak = 0.19040 (84)
mri peak = 0.10130 (90)
Left_Cerebellum_White_Matter (7): linear fit = 1.09 x + 0.0 (9352 voxels, overlap=0.115)
Left_Cerebellum_White_Matter (7): linear fit = 1.09 x + 0.0 (9352 voxels, peak = 91), gca=91.1
gca peak = 0.18871 (83)
mri peak = 0.10350 (90)
Right_Cerebellum_White_Matter (46): linear fit = 1.10 x + 0.0 (8345 voxels, overlap=0.381)
Right_Cerebellum_White_Matter (46): linear fit = 1.10 x + 0.0 (8345 voxels, peak = 91), gca=90.9
gca peak = 0.24248 (57)
mri peak = 0.11979 (63)
Left_Amygdala (18): linear fit = 1.08 x + 0.0 (279 voxels, overlap=0.849)
Left_Amygdala (18): linear fit = 1.08 x + 0.0 (279 voxels, peak = 61), gca=61.3
gca peak = 0.35833 (56)
mri peak = 0.12157 (66)
Right_Amygdala (54): linear fit = 1.13 x + 0.0 (520 voxels, overlap=0.177)
Right_Amygdala (54): linear fit = 1.13 x + 0.0 (520 voxels, peak = 64), gca=63.6
gca peak = 0.12897 (85)
mri peak = 0.06090 (89)
Left_Thalamus (10): linear fit = 1.03 x + 0.0 (5319 voxels, overlap=0.943)
Left_Thalamus (10): linear fit = 1.03 x + 0.0 (5319 voxels, peak = 88), gca=88.0
gca peak = 0.13127 (83)
mri peak = 0.05981 (93)
Right_Thalamus (49): linear fit = 1.11 x + 0.0 (4739 voxels, overlap=0.718)
Right_Thalamus (49): linear fit = 1.11 x + 0.0 (4739 voxels, peak = 92), gca=91.7
gca peak = 0.12974 (78)
mri peak = 0.12122 (81)
Left_Putamen (12): linear fit = 1.01 x + 0.0 (2383 voxels, overlap=0.870)
Left_Putamen (12): linear fit = 1.01 x + 0.0 (2383 voxels, peak = 79), gca=79.2
gca peak = 0.17796 (79)
mri peak = 0.09682 (79)
Right_Putamen (51): linear fit = 1.03 x + 0.0 (2356 voxels, overlap=0.922)
Right_Putamen (51): linear fit = 1.03 x + 0.0 (2356 voxels, peak = 82), gca=81.8
gca peak = 0.10999 (80)
mri peak = 0.08527 (93)
Brain_Stem (16): linear fit = 1.14 x + 0.0 (11728 voxels, overlap=0.416)
Brain_Stem (16): linear fit = 1.14 x + 0.0 (11728 voxels, peak = 92), gca=91.6
gca peak = 0.13215 (88)
mri peak = 0.10556 (100)
Right_VentralDC (60): linear fit = 1.12 x + 0.0 (1383 voxels, overlap=0.099)
Right_VentralDC (60): linear fit = 1.12 x + 0.0 (1383 voxels, peak = 99), gca=99.0
gca peak = 0.11941 (89)
mri peak = 0.12800 (98)
Left_VentralDC (28): linear fit = 1.11 x + 0.0 (1455 voxels, overlap=0.075)
Left_VentralDC (28): linear fit = 1.11 x + 0.0 (1455 voxels, peak = 98), gca=98.3
gca peak = 0.20775 (25)
mri peak = 0.06922 (22)
gca peak = 0.13297 (21)
mri peak = 0.15612 (19)
Fourth_Ventricle (15): linear fit = 0.93 x + 0.0 (553 voxels, overlap=0.694)
Fourth_Ventricle (15): linear fit = 0.93 x + 0.0 (553 voxels, peak = 19), gca=19.4
gca peak Unknown = 0.94777 ( 0)
gca peak Left_Inf_Lat_Vent = 0.19087 (28)
gca peak Third_Ventricle = 0.20775 (25)
gca peak CSF = 0.16821 (33)
gca peak Left_Accumbens_area = 0.32850 (63)
gca peak Left_undetermined = 0.98480 (28)
gca peak Left_vessel = 0.40887 (53)
gca peak Left_choroid_plexus = 0.10898 (46)
gca peak Right_Inf_Lat_Vent = 0.17798 (26)
gca peak Right_Accumbens_area = 0.30137 (64)
gca peak Right_vessel = 0.47828 (52)
gca peak Right_choroid_plexus = 0.11612 (45)
gca peak Fifth_Ventricle = 0.59466 (35)
gca peak WM_hypointensities = 0.10053 (78)
gca peak non_WM_hypointensities = 0.07253 (60)
gca peak Optic_Chiasm = 0.25330 (73)
not using caudate to estimate GM means
estimating mean gm scale to be 1.08 x + 0.0
estimating mean wm scale to be 1.02 x + 0.0
estimating mean csf scale to be 0.75 x + 0.0
saving intensity scales to talairach.label_intensities.txt
GCAmapRenormalizeWithAlignment() took 3.48488 min
noneg pre
Starting GCAMregister()
label assignment complete, 0 changed (0.00%)
npasses = 1, nlevels = 6
#pass# 1 of 1 ************************
enabling zero nodes
setting smoothness cost coefficient to 0.008

#GCAMreg# pass 0 level1 5 level2 0 tsec 0 sigma 2
l_jacobian=1.00 l_label=1.00 l_log_likelihood=0.20 l_smoothness=0.01 
tol=5.00e-02, dt=5.00e-02, exp_k=20.0, momentum=0.90, levels=6, niter=500, lbl_dist=10.00, avgs=256, sigma=2.0,type=2, relabel=0, neg=no

blurring input image with Gaussian with sigma=2.000...
GCAMRegisterLevel(): init RMS 0.757522
#FOTS# QuadFit found better minimum quadopt=(dt=204.8,rms=0.733964) vs oldopt=(dt=92.48,rms=0.741675)
#GCMRL#   93 dt 204.800000 rms  0.734  3.110% neg 0  invalid 762 tFOTS 4.2220 tGradient 3.7440 tsec 8.2950
#FOTS# QuadFit found better minimum quadopt=(dt=158.843,rms=0.729484) vs oldopt=(dt=92.48,rms=0.730608)
#GCMRL#   94 dt 158.843373 rms  0.729  0.610% neg 0  invalid 762 tFOTS 4.4210 tGradient 3.3580 tsec 8.0970
#FOTS# QuadFit found better minimum quadopt=(dt=517.888,rms=0.719494) vs oldopt=(dt=369.92,rms=0.720406)
#GCMRL#   95 dt 517.888000 rms  0.719  1.370% neg 0  invalid 762 tFOTS 4.4910 tGradient 2.8840 tsec 7.6840
#FOTS# QuadFit found better minimum quadopt=(dt=73.984,rms=0.717533) vs oldopt=(dt=92.48,rms=0.717593)
#GCMRL#   96 dt  73.984000 rms  0.718  0.273% neg 0  invalid 762 tFOTS 4.4040 tGradient 2.9500 tsec 7.6550
#FOTS# QuadFit found better minimum quadopt=(dt=129.472,rms=0.716654) vs oldopt=(dt=92.48,rms=0.716763)
#GCMRL#   97 dt 129.472000 rms  0.717  0.123% neg 0  invalid 762 tFOTS 4.4380 tGradient 2.9810 tsec 7.7350
#FOTS# QuadFit found better minimum quadopt=(dt=1775.62,rms=0.703899) vs oldopt=(dt=1479.68,rms=0.704389)
#GCMRL#   98 dt 1775.616000 rms  0.704  1.780% neg 0  invalid 762 tFOTS 4.4510 tGradient 2.9500 tsec 7.7220
#FOTS# QuadFit found better minimum quadopt=(dt=73.984,rms=0.702179) vs oldopt=(dt=92.48,rms=0.702316)
#GCMRL#   99 dt  73.984000 rms  0.702  0.244% neg 0  invalid 762 tFOTS 4.4390 tGradient 3.1200 tsec 7.8810
#FOTS# QuadFit found better minimum quadopt=(dt=73.984,rms=0.70194) vs oldopt=(dt=92.48,rms=0.701952)
#GCMRL#  100 dt  73.984000 rms  0.702  0.000% neg 0  invalid 762 tFOTS 4.4100 tGradient 3.0100 tsec 7.7580
#GCMRL#  101 dt  73.984000 rms  0.702  0.041% neg 0  invalid 762 tFOTS 0.0000 tGradient 2.9890 tsec 3.2980
#GCMRL#  102 dt  73.984000 rms  0.701  0.075% neg 0  invalid 762 tFOTS 0.0000 tGradient 2.9840 tsec 3.3230
#GCMRL#  103 dt  73.984000 rms  0.700  0.110% neg 0  invalid 762 tFOTS 0.0000 tGradient 3.5200 tsec 3.8080
#GCMRL#  104 dt  73.984000 rms  0.699  0.147% neg 0  invalid 762 tFOTS 0.0000 tGradient 3.1840 tsec 3.4820
#GCMRL#  105 dt  73.984000 rms  0.698  0.167% neg 0  invalid 762 tFOTS 0.0000 tGradient 3.2300 tsec 3.5470
#GCMRL#  106 dt  73.984000 rms  0.697  0.177% neg 0  invalid 762 tFOTS 0.0000 tGradient 3.1600 tsec 3.4680
#GCMRL#  107 dt  73.984000 rms  0.696  0.194% neg 0  invalid 762 tFOTS 0.0000 tGradient 3.2540 tsec 3.6310
#GCMRL#  108 dt  73.984000 rms  0.694  0.192% neg 0  invalid 762 tFOTS 0.0000 tGradient 3.3260 tsec 3.6430
#GCMRL#  109 dt  73.984000 rms  0.693  0.186% neg 0  invalid 762 tFOTS 0.0000 tGradient 3.4350 tsec 3.7360
#GCMRL#  110 dt  73.984000 rms  0.692  0.185% neg 0  invalid 762 tFOTS 0.0000 tGradient 3.3710 tsec 3.6810
#GCMRL#  111 dt  73.984000 rms  0.690  0.189% neg 0  invalid 762 tFOTS 0.0000 tGradient 3.1980 tsec 3.5050
#GCMRL#  112 dt  73.984000 rms  0.689  0.192% neg 0  invalid 762 tFOTS 0.0000 tGradient 3.1890 tsec 3.4960
#GCMRL#  113 dt  73.984000 rms  0.688  0.180% neg 0  invalid 762 tFOTS 0.0000 tGradient 3.1390 tsec 3.4480
#GCMRL#  114 dt  73.984000 rms  0.687  0.156% neg 0  invalid 762 tFOTS 0.0000 tGradient 3.2490 tsec 3.5570
#GCMRL#  115 dt  73.984000 rms  0.686  0.142% neg 0  invalid 762 tFOTS 0.0000 tGradient 3.2620 tsec 3.5700
#GCMRL#  116 dt  73.984000 rms  0.685  0.125% neg 0  invalid 762 tFOTS 0.0000 tGradient 3.2520 tsec 3.6100
#GCMRL#  117 dt  73.984000 rms  0.684  0.123% neg 0  invalid 762 tFOTS 0.0000 tGradient 3.3260 tsec 3.6710
#GCMRL#  118 dt  73.984000 rms  0.683  0.122% neg 0  invalid 762 tFOTS 0.0000 tGradient 3.4470 tsec 3.7700
#GCMRL#  119 dt  73.984000 rms  0.682  0.125% neg 0  invalid 762 tFOTS 0.0000 tGradient 3.5290 tsec 3.8530
#GCMRL#  120 dt  73.984000 rms  0.682  0.112% neg 0  invalid 762 tFOTS 0.0000 tGradient 3.4220 tsec 3.7450
#GCMRL#  121 dt  73.984000 rms  0.681  0.103% neg 0  invalid 762 tFOTS 0.0000 tGradient 3.2720 tsec 3.5970
#GCMRL#  122 dt  73.984000 rms  0.680  0.107% neg 0  invalid 762 tFOTS 0.0000 tGradient 3.2510 tsec 3.5730
#GCMRL#  123 dt  73.984000 rms  0.679  0.100% neg 0  invalid 762 tFOTS 0.0000 tGradient 3.2790 tsec 3.6030
#GCMRL#  124 dt  73.984000 rms  0.679  0.108% neg 0  invalid 762 tFOTS 0.0000 tGradient 3.3880 tsec 3.7090
#GCMRL#  125 dt  73.984000 rms  0.678  0.102% neg 0  invalid 762 tFOTS 0.0000 tGradient 3.2790 tsec 3.6020
#GCMRL#  126 dt  73.984000 rms  0.677  0.097% neg 0  invalid 762 tFOTS 0.0000 tGradient 3.3370 tsec 3.6580
#GCMRL#  127 dt  73.984000 rms  0.677  0.089% neg 0  invalid 762 tFOTS 0.0000 tGradient 3.3890 tsec 3.7110
#GCMRL#  128 dt  73.984000 rms  0.676  0.088% neg 0  invalid 762 tFOTS 0.0000 tGradient 3.5840 tsec 3.9050
#GCMRL#  129 dt  73.984000 rms  0.676  0.080% neg 0  invalid 762 tFOTS 0.0000 tGradient 3.3810 tsec 3.7050
#GCMRL#  130 dt  73.984000 rms  0.675  0.074% neg 0  invalid 762 tFOTS 0.0000 tGradient 3.2290 tsec 3.5470
#GCMRL#  131 dt  73.984000 rms  0.675  0.075% neg 0  invalid 762 tFOTS 0.0000 tGradient 3.3930 tsec 3.7110
#GCMRL#  132 dt  73.984000 rms  0.674  0.079% neg 0  invalid 762 tFOTS 0.0000 tGradient 3.4340 tsec 3.7550
#GCMRL#  133 dt  73.984000 rms  0.674  0.073% neg 0  invalid 762 tFOTS 0.0000 tGradient 3.3350 tsec 3.6540
#GCMRL#  134 dt  73.984000 rms  0.673  0.076% neg 0  invalid 762 tFOTS 0.0000 tGradient 3.4290 tsec 3.7510
#GCMRL#  135 dt  73.984000 rms  0.673  0.067% neg 0  invalid 762 tFOTS 0.0000 tGradient 3.3690 tsec 3.6870
#GCMRL#  136 dt  73.984000 rms  0.672  0.057% neg 0  invalid 762 tFOTS 0.0000 tGradient 3.3640 tsec 3.6850
#GCMRL#  137 dt  73.984000 rms  0.672  0.057% neg 0  invalid 762 tFOTS 0.0000 tGradient 3.3660 tsec 3.6890
#GCMRL#  138 dt  73.984000 rms  0.672  0.056% neg 0  invalid 762 tFOTS 0.0000 tGradient 3.3620 tsec 3.6840
#GCMRL#  139 dt  73.984000 rms  0.671  0.057% neg 0  invalid 762 tFOTS 0.0000 tGradient 3.3220 tsec 3.6420
#GCMRL#  140 dt  73.984000 rms  0.671  0.055% neg 0  invalid 762 tFOTS 0.0000 tGradient 3.3460 tsec 3.6660
#GCMRL#  141 dt  73.984000 rms  0.670  0.054% neg 0  invalid 762 tFOTS 0.0000 tGradient 3.3440 tsec 3.6640
#GCMRL#  142 dt  73.984000 rms  0.670  0.046% neg 0  invalid 762 tFOTS 0.0000 tGradient 3.3610 tsec 3.6830
#GCMRL#  143 dt  73.984000 rms  0.670  0.045% neg 0  invalid 762 tFOTS 0.0000 tGradient 3.2440 tsec 3.5650
#GCMRL#  144 dt  73.984000 rms  0.669  0.044% neg 0  invalid 762 tFOTS 0.0000 tGradient 3.3000 tsec 3.6190
#GCMRL#  145 dt  73.984000 rms  0.669  0.045% neg 0  invalid 762 tFOTS 0.0000 tGradient 3.2890 tsec 3.6090
#GCMRL#  146 dt  73.984000 rms  0.669  0.047% neg 0  invalid 762 tFOTS 0.0000 tGradient 3.3250 tsec 3.6470
#GCMRL#  147 dt  73.984000 rms  0.669  0.047% neg 0  invalid 762 tFOTS 0.0000 tGradient 3.3780 tsec 3.6910
#GCMRL#  148 dt  73.984000 rms  0.668  0.043% neg 0  invalid 762 tFOTS 0.0000 tGradient 3.1820 tsec 3.4930
#GCMRL#  149 dt  73.984000 rms  0.668  0.041% neg 0  invalid 762 tFOTS 0.0000 tGradient 3.2300 tsec 3.5410
#GCMRL#  150 dt  73.984000 rms  0.668  0.040% neg 0  invalid 762 tFOTS 0.0000 tGradient 3.3960 tsec 3.7480
#GCMRL#  151 dt  73.984000 rms  0.667  0.037% neg 0  invalid 762 tFOTS 0.0000 tGradient 3.3540 tsec 3.6720
#GCMRL#  152 dt  73.984000 rms  0.667  0.040% neg 0  invalid 762 tFOTS 0.0000 tGradient 3.3620 tsec 3.6670
#GCMRL#  153 dt  73.984000 rms  0.667  0.038% neg 0  invalid 762 tFOTS 0.0000 tGradient 3.2340 tsec 3.5400
#GCMRL#  154 dt  73.984000 rms  0.667  0.041% neg 0  invalid 762 tFOTS 0.0000 tGradient 3.2860 tsec 3.5850
#GCMRL#  155 dt  73.984000 rms  0.666  0.039% neg 0  invalid 762 tFOTS 0.0000 tGradient 3.2190 tsec 3.5220
#GCMRL#  156 dt  73.984000 rms  0.666  0.037% neg 0  invalid 762 tFOTS 0.0000 tGradient 3.2120 tsec 3.5100
#GCMRL#  157 dt  73.984000 rms  0.666  0.038% neg 0  invalid 762 tFOTS 0.0000 tGradient 3.2270 tsec 3.5300
#GCMRL#  158 dt  73.984000 rms  0.666  0.038% neg 0  invalid 762 tFOTS 0.0000 tGradient 3.2330 tsec 3.5370
#GCMRL#  159 dt  73.984000 rms  0.665  0.039% neg 0  invalid 762 tFOTS 0.0000 tGradient 3.2840 tsec 3.5830
#GCMRL#  160 dt  73.984000 rms  0.665  0.038% neg 0  invalid 762 tFOTS 0.0000 tGradient 3.2560 tsec 3.5600
#GCMRL#  161 dt  73.984000 rms  0.665  0.036% neg 0  invalid 762 tFOTS 0.0000 tGradient 3.2540 tsec 3.5580
#GCMRL#  162 dt  73.984000 rms  0.665  0.038% neg 0  invalid 762 tFOTS 0.0000 tGradient 3.3260 tsec 3.6330
#GCMRL#  163 dt  73.984000 rms  0.664  0.031% neg 0  invalid 762 tFOTS 0.0000 tGradient 3.3040 tsec 3.6120
#GCMRL#  164 dt  73.984000 rms  0.664  0.036% neg 0  invalid 762 tFOTS 0.0000 tGradient 3.3640 tsec 3.6690
#GCMRL#  165 dt  73.984000 rms  0.664  0.036% neg 0  invalid 762 tFOTS 0.0000 tGradient 3.4180 tsec 3.7260
#GCMRL#  166 dt  73.984000 rms  0.664  0.038% neg 0  invalid 762 tFOTS 0.0000 tGradient 3.3980 tsec 3.7020
#GCMRL#  167 dt  73.984000 rms  0.664  0.034% neg 0  invalid 762 tFOTS 0.0000 tGradient 3.3980 tsec 3.7030
#GCMRL#  168 dt  73.984000 rms  0.663  0.031% neg 0  invalid 762 tFOTS 0.0000 tGradient 3.2820 tsec 3.5820
#GCMRL#  169 dt  73.984000 rms  0.663  0.039% neg 0  invalid 762 tFOTS 0.0000 tGradient 3.3810 tsec 3.6800
#GCMRL#  170 dt  73.984000 rms  0.663  0.034% neg 0  invalid 762 tFOTS 0.0000 tGradient 3.4270 tsec 3.7340
#GCMRL#  171 dt  73.984000 rms  0.663  0.033% neg 0  invalid 762 tFOTS 0.0000 tGradient 3.4770 tsec 3.7810
#GCMRL#  172 dt  73.984000 rms  0.662  0.027% neg 0  invalid 762 tFOTS 0.0000 tGradient 3.2450 tsec 3.5460
#GCMRL#  173 dt  73.984000 rms  0.662  0.032% neg 0  invalid 762 tFOTS 0.0000 tGradient 3.2760 tsec 3.5850
#GCMRL#  174 dt  73.984000 rms  0.662  0.031% neg 0  invalid 762 tFOTS 0.0000 tGradient 3.3110 tsec 3.6160
#GCMRL#  175 dt  73.984000 rms  0.662  0.030% neg 0  invalid 762 tFOTS 0.0000 tGradient 3.2410 tsec 3.5450
#GCMRL#  176 dt  73.984000 rms  0.662  0.028% neg 0  invalid 762 tFOTS 0.0000 tGradient 3.3750 tsec 3.6810
#GCMRL#  177 dt  73.984000 rms  0.661  0.033% neg 0  invalid 762 tFOTS 0.0000 tGradient 3.4200 tsec 3.7220
#GCMRL#  178 dt  73.984000 rms  0.661  0.026% neg 0  invalid 762 tFOTS 0.0000 tGradient 3.3870 tsec 3.7350
#GCMRL#  179 dt  73.984000 rms  0.661  0.034% neg 0  invalid 762 tFOTS 0.0000 tGradient 3.3820 tsec 3.6870
#GCMRL#  180 dt  73.984000 rms  0.661  0.026% neg 0  invalid 762 tFOTS 0.0000 tGradient 3.3710 tsec 3.6750
#GCMRL#  181 dt  73.984000 rms  0.661  0.029% neg 0  invalid 762 tFOTS 0.0000 tGradient 3.3430 tsec 3.6410
#GCMRL#  182 dt  73.984000 rms  0.660  0.029% neg 0  invalid 762 tFOTS 0.0000 tGradient 3.3470 tsec 3.6450
#GCMRL#  183 dt  73.984000 rms  0.660  0.027% neg 0  invalid 762 tFOTS 0.0000 tGradient 3.3710 tsec 3.6670
#GCMRL#  184 dt  73.984000 rms  0.660  0.025% neg 0  invalid 762 tFOTS 0.0000 tGradient 3.2530 tsec 3.5510
#GCMRL#  185 dt  73.984000 rms  0.660  0.027% neg 0  invalid 762 tFOTS 0.0000 tGradient 3.2240 tsec 3.5200
#GCMRL#  186 dt  73.984000 rms  0.660  0.027% neg 0  invalid 762 tFOTS 0.0000 tGradient 3.1870 tsec 3.4810
#GCMRL#  187 dt  73.984000 rms  0.660  0.026% neg 0  invalid 762 tFOTS 0.0000 tGradient 3.1980 tsec 3.4910
#GCMRL#  188 dt  73.984000 rms  0.659  0.023% neg 0  invalid 762 tFOTS 0.0000 tGradient 3.2070 tsec 3.4990
#GCMRL#  189 dt  73.984000 rms  0.659  0.024% neg 0  invalid 762 tFOTS 0.0000 tGradient 3.2010 tsec 3.4950
#GCMRL#  190 dt  73.984000 rms  0.659  0.024% neg 0  invalid 762 tFOTS 0.0000 tGradient 3.3910 tsec 3.6900
#GCMRL#  191 dt  73.984000 rms  0.659  0.025% neg 0  invalid 762 tFOTS 0.0000 tGradient 3.2550 tsec 3.5710
#GCMRL#  192 dt  73.984000 rms  0.659  0.025% neg 0  invalid 762 tFOTS 0.0000 tGradient 3.2670 tsec 3.5680
#GCMRL#  193 dt  73.984000 rms  0.659  0.026% neg 0  invalid 762 tFOTS 0.0000 tGradient 3.2820 tsec 3.5820
#GCMRL#  194 dt  73.984000 rms  0.658  0.024% neg 0  invalid 762 tFOTS 0.0000 tGradient 3.3160 tsec 3.6150
#GCMRL#  195 dt  73.984000 rms  0.658  0.022% neg 0  invalid 762 tFOTS 0.0000 tGradient 3.3400 tsec 3.6640
#FOTS# QuadFit found better minimum quadopt=(dt=2071.55,rms=0.658092) vs oldopt=(dt=1479.68,rms=0.658136)
#GCMRL#  196 dt 2071.552000 rms  0.658  0.033% neg 0  invalid 762 tFOTS 4.6740 tGradient 3.2790 tsec 8.2760
#GCMRL#  197 dt  92.480000 rms  0.658  0.000% neg 0  invalid 762 tFOTS 4.9250 tGradient 3.1420 tsec 8.4080
#GCMRL#  198 dt  92.480000 rms  0.658  0.008% neg 0  invalid 762 tFOTS 0.0000 tGradient 3.1580 tsec 3.4640
#GCMRL#  199 dt  92.480000 rms  0.658  0.010% neg 0  invalid 762 tFOTS 0.0000 tGradient 3.1730 tsec 3.4770
#GCMRL#  200 dt  92.480000 rms  0.658  0.023% neg 0  invalid 762 tFOTS 0.0000 tGradient 3.5800 tsec 3.9390
#GCMRL#  201 dt  92.480000 rms  0.658  0.009% neg 0  invalid 762 tFOTS 0.0000 tGradient 3.6210 tsec 3.9710
#GCMRL#  202 dt  92.480000 rms  0.658  0.010% neg 0  invalid 762 tFOTS 0.0000 tGradient 3.0840 tsec 3.3970
#GCMRL#  203 dt  92.480000 rms  0.658  0.013% neg 0  invalid 762 tFOTS 0.0000 tGradient 3.1490 tsec 3.4650
#GCMRL#  204 dt  92.480000 rms  0.657  0.018% neg 0  invalid 762 tFOTS 0.0000 tGradient 3.4540 tsec 3.7710

#GCAMreg# pass 0 level1 5 level2 1 tsec 462.302 sigma 0.5
l_jacobian=1.00 l_label=1.00 l_log_likelihood=0.20 l_smoothness=0.01 
tol=5.00e-02, dt=5.00e-02, exp_k=20.0, momentum=0.90, levels=6, niter=500, lbl_dist=10.00, avgs=256, sigma=0.5,type=2, relabel=0, neg=no

blurring input image with Gaussian with sigma=0.500...
GCAMRegisterLevel(): init RMS 0.658189
#FOTS# QuadFit found better minimum quadopt=(dt=32.368,rms=0.65743) vs oldopt=(dt=23.12,rms=0.657434)
#GCMRL#  206 dt  32.368000 rms  0.657  0.115% neg 0  invalid 762 tFOTS 4.9210 tGradient 3.1700 tsec 8.4180
#FOTS# QuadFit found better minimum quadopt=(dt=55.488,rms=0.657407) vs oldopt=(dt=92.48,rms=0.657412)
#GCMRL#  207 dt  55.488000 rms  0.657  0.000% neg 0  invalid 762 tFOTS 4.6500 tGradient 3.1850 tsec 8.1860
#GCMRL#  208 dt  55.488000 rms  0.657  0.005% neg 0  invalid 762 tFOTS 0.0000 tGradient 3.1060 tsec 3.4210
#GCMRL#  209 dt  55.488000 rms  0.657  0.009% neg 0  invalid 762 tFOTS 0.0000 tGradient 3.3800 tsec 3.6910
setting smoothness cost coefficient to 0.031

#GCAMreg# pass 0 level1 4 level2 0 tsec 0 sigma 2
l_jacobian=1.00 l_label=1.00 l_log_likelihood=0.20 l_smoothness=0.03 
tol=5.00e-02, dt=5.00e-02, exp_k=20.0, momentum=0.90, levels=6, niter=500, lbl_dist=10.00, avgs=64, sigma=2.0,type=2, relabel=0, neg=no

blurring input image with Gaussian with sigma=2.000...
GCAMRegisterLevel(): init RMS 0.659749
#FOTS# QuadFit found better minimum quadopt=(dt=497.664,rms=0.637604) vs oldopt=(dt=414.72,rms=0.638402)
#GCMRL#  211 dt 497.664000 rms  0.638  3.357% neg 0  invalid 762 tFOTS 4.2950 tGradient 2.7480 tsec 7.3690
#FOTS# QuadFit found better minimum quadopt=(dt=71.0576,rms=0.629821) vs oldopt=(dt=103.68,rms=0.631402)
#GCMRL#  212 dt  71.057644 rms  0.630  1.221% neg 0  invalid 762 tFOTS 4.5210 tGradient 2.5880 tsec 7.4350
#FOTS# QuadFit found better minimum quadopt=(dt=145.152,rms=0.625352) vs oldopt=(dt=103.68,rms=0.626087)
#GCMRL#  213 dt 145.152000 rms  0.625  0.710% neg 0  invalid 762 tFOTS 4.1670 tGradient 2.8680 tsec 7.3650
#FOTS# QuadFit found better minimum quadopt=(dt=78.3844,rms=0.623492) vs oldopt=(dt=103.68,rms=0.623677)
#GCMRL#  214 dt  78.384365 rms  0.623  0.298% neg 0  invalid 762 tFOTS 4.4400 tGradient 2.5900 tsec 7.3590
#FOTS# QuadFit found better minimum quadopt=(dt=145.152,rms=0.620323) vs oldopt=(dt=103.68,rms=0.6208)
#GCMRL#  215 dt 145.152000 rms  0.620  0.508% neg 0  invalid 762 tFOTS 4.2470 tGradient 2.6940 tsec 7.2600
#FOTS# QuadFit found better minimum quadopt=(dt=69.1043,rms=0.618731) vs oldopt=(dt=103.68,rms=0.619092)
#GCMRL#  216 dt  69.104294 rms  0.619  0.257% neg 0  invalid 762 tFOTS 4.3790 tGradient 2.6250 tsec 7.3250
#FOTS# QuadFit found better minimum quadopt=(dt=145.152,rms=0.615888) vs oldopt=(dt=103.68,rms=0.616437)
#GCMRL#  217 dt 145.152000 rms  0.616  0.459% neg 0  invalid 762 tFOTS 4.4410 tGradient 2.5420 tsec 7.3030
#FOTS# QuadFit found better minimum quadopt=(dt=82.944,rms=0.614606) vs oldopt=(dt=103.68,rms=0.614691)
#GCMRL#  218 dt  82.944000 rms  0.615  0.208% neg 0  invalid 762 tFOTS 4.3870 tGradient 2.5480 tsec 7.2570
#FOTS# QuadFit found better minimum quadopt=(dt=145.152,rms=0.612511) vs oldopt=(dt=103.68,rms=0.612727)
#GCMRL#  219 dt 145.152000 rms  0.613  0.341% neg 0  invalid 762 tFOTS 4.1270 tGradient 2.5630 tsec 7.0120
#FOTS# QuadFit found better minimum quadopt=(dt=67.9184,rms=0.611157) vs oldopt=(dt=103.68,rms=0.611517)
#GCMRL#  220 dt  67.918367 rms  0.611  0.221% neg 0  invalid 762 tFOTS 4.5240 tGradient 2.5530 tsec 7.3920
#FOTS# QuadFit found better minimum quadopt=(dt=145.152,rms=0.609146) vs oldopt=(dt=103.68,rms=0.609528)
#GCMRL#  221 dt 145.152000 rms  0.609  0.329% neg 0  invalid 762 tFOTS 4.2470 tGradient 2.4910 tsec 7.0510
#FOTS# QuadFit found better minimum quadopt=(dt=77.4321,rms=0.608193) vs oldopt=(dt=103.68,rms=0.608295)
#GCMRL#  222 dt  77.432099 rms  0.608  0.156% neg 0  invalid 762 tFOTS 4.6630 tGradient 2.6280 tsec 7.6170
#FOTS# QuadFit found better minimum quadopt=(dt=145.152,rms=0.606537) vs oldopt=(dt=103.68,rms=0.606739)
#GCMRL#  223 dt 145.152000 rms  0.607  0.272% neg 0  invalid 762 tFOTS 4.3380 tGradient 2.4450 tsec 7.1000
#FOTS# QuadFit found better minimum quadopt=(dt=70.7048,rms=0.6055) vs oldopt=(dt=103.68,rms=0.605715)
#GCMRL#  224 dt  70.704762 rms  0.606  0.171% neg 0  invalid 762 tFOTS 4.5550 tGradient 2.5620 tsec 7.4340
#FOTS# QuadFit found better minimum quadopt=(dt=145.152,rms=0.604047) vs oldopt=(dt=103.68,rms=0.60426)
#GCMRL#  225 dt 145.152000 rms  0.604  0.240% neg 0  invalid 762 tFOTS 4.3180 tGradient 2.5790 tsec 7.2160
#FOTS# QuadFit found better minimum quadopt=(dt=76.4878,rms=0.603066) vs oldopt=(dt=103.68,rms=0.603184)
#GCMRL#  226 dt  76.487805 rms  0.603  0.163% neg 0  invalid 762 tFOTS 4.8080 tGradient 2.7430 tsec 7.8960
#FOTS# QuadFit found better minimum quadopt=(dt=145.152,rms=0.601882) vs oldopt=(dt=103.68,rms=0.601963)
#GCMRL#  227 dt 145.152000 rms  0.602  0.196% neg 0  invalid 762 tFOTS 4.4120 tGradient 2.7720 tsec 7.5100
#FOTS# QuadFit found better minimum quadopt=(dt=64.2795,rms=0.600846) vs oldopt=(dt=103.68,rms=0.60116)
#GCMRL#  228 dt  64.279476 rms  0.601  0.172% neg 0  invalid 762 tFOTS 4.7790 tGradient 2.7080 tsec 7.8120
#FOTS# QuadFit found better minimum quadopt=(dt=145.152,rms=0.59952) vs oldopt=(dt=103.68,rms=0.599778)
#GCMRL#  229 dt 145.152000 rms  0.600  0.221% neg 0  invalid 762 tFOTS 4.4040 tGradient 2.7610 tsec 7.4800
#FOTS# QuadFit found better minimum quadopt=(dt=82.944,rms=0.59874) vs oldopt=(dt=103.68,rms=0.598745)
#GCMRL#  230 dt  82.944000 rms  0.599  0.130% neg 0  invalid 762 tFOTS 4.3580 tGradient 2.6160 tsec 7.2880
#FOTS# QuadFit found better minimum quadopt=(dt=124.416,rms=0.597769) vs oldopt=(dt=103.68,rms=0.597796)
#GCMRL#  231 dt 124.416000 rms  0.598  0.162% neg 0  invalid 762 tFOTS 4.3680 tGradient 2.6980 tsec 7.3800
#FOTS# QuadFit found better minimum quadopt=(dt=75.3475,rms=0.596911) vs oldopt=(dt=103.68,rms=0.597027)
#GCMRL#  232 dt  75.347518 rms  0.597  0.144% neg 0  invalid 762 tFOTS 4.8310 tGradient 2.6930 tsec 7.8380
#FOTS# QuadFit found better minimum quadopt=(dt=124.416,rms=0.596076) vs oldopt=(dt=103.68,rms=0.596115)
#GCMRL#  233 dt 124.416000 rms  0.596  0.140% neg 0  invalid 762 tFOTS 4.1410 tGradient 2.6850 tsec 7.1370
#FOTS# QuadFit found better minimum quadopt=(dt=82.944,rms=0.595367) vs oldopt=(dt=103.68,rms=0.595477)
#GCMRL#  234 dt  82.944000 rms  0.595  0.119% neg 0  invalid 762 tFOTS 4.1310 tGradient 2.5860 tsec 7.0270
#GCMRL#  235 dt 103.680000 rms  0.595  0.142% neg 0  invalid 762 tFOTS 4.1410 tGradient 2.5450 tsec 6.9960
#FOTS# QuadFit found better minimum quadopt=(dt=82.944,rms=0.593882) vs oldopt=(dt=103.68,rms=0.593965)
#GCMRL#  236 dt  82.944000 rms  0.594  0.107% neg 0  invalid 762 tFOTS 4.1800 tGradient 2.5490 tsec 7.0430
#GCMRL#  237 dt 103.680000 rms  0.593  0.129% neg 0  invalid 762 tFOTS 4.2310 tGradient 2.6020 tsec 7.1460
#FOTS# QuadFit found better minimum quadopt=(dt=82.944,rms=0.592507) vs oldopt=(dt=103.68,rms=0.592574)
#GCMRL#  238 dt  82.944000 rms  0.593  0.103% neg 0  invalid 762 tFOTS 4.2160 tGradient 2.4470 tsec 6.9790
#GCMRL#  239 dt 103.680000 rms  0.592  0.119% neg 0  invalid 762 tFOTS 4.2090 tGradient 2.5590 tsec 7.0830
#FOTS# QuadFit found better minimum quadopt=(dt=82.944,rms=0.591226) vs oldopt=(dt=103.68,rms=0.591283)
#GCMRL#  240 dt  82.944000 rms  0.591  0.098% neg 0  invalid 762 tFOTS 4.2500 tGradient 2.6230 tsec 7.1870
#GCMRL#  241 dt 103.680000 rms  0.591  0.115% neg 0  invalid 762 tFOTS 4.1830 tGradient 2.5490 tsec 7.0470
#FOTS# QuadFit found better minimum quadopt=(dt=82.944,rms=0.589985) vs oldopt=(dt=103.68,rms=0.59003)
#GCMRL#  242 dt  82.944000 rms  0.590  0.095% neg 0  invalid 762 tFOTS 4.1840 tGradient 2.5020 tsec 7.0020
#GCMRL#  243 dt 103.680000 rms  0.589  0.114% neg 0  invalid 762 tFOTS 4.1810 tGradient 2.5270 tsec 7.0230
#FOTS# QuadFit found better minimum quadopt=(dt=82.944,rms=0.588836) vs oldopt=(dt=103.68,rms=0.588899)
#GCMRL#  244 dt  82.944000 rms  0.589  0.081% neg 0  invalid 762 tFOTS 4.1890 tGradient 2.4910 tsec 6.9940
#GCMRL#  245 dt 103.680000 rms  0.588  0.107% neg 0  invalid 762 tFOTS 4.1930 tGradient 2.5120 tsec 7.0190
#FOTS# QuadFit found better minimum quadopt=(dt=82.944,rms=0.587726) vs oldopt=(dt=103.68,rms=0.587781)
#GCMRL#  246 dt  82.944000 rms  0.588  0.082% neg 0  invalid 762 tFOTS 4.1990 tGradient 2.4940 tsec 7.0060
#GCMRL#  247 dt 103.680000 rms  0.587  0.102% neg 0  invalid 762 tFOTS 4.1870 tGradient 2.4560 tsec 6.9580
#FOTS# QuadFit found better minimum quadopt=(dt=82.944,rms=0.586657) vs oldopt=(dt=103.68,rms=0.586717)
#GCMRL#  248 dt  82.944000 rms  0.587  0.080% neg 0  invalid 762 tFOTS 4.3380 tGradient 2.5520 tsec 7.2180
#GCMRL#  249 dt 103.680000 rms  0.586  0.093% neg 0  invalid 762 tFOTS 4.2320 tGradient 2.4000 tsec 6.9610
#FOTS# QuadFit found better minimum quadopt=(dt=82.944,rms=0.585648) vs oldopt=(dt=103.68,rms=0.585713)
#GCMRL#  250 dt  82.944000 rms  0.586  0.079% neg 0  invalid 762 tFOTS 4.2730 tGradient 2.4340 tsec 7.0340
#GCMRL#  251 dt 103.680000 rms  0.585  0.093% neg 0  invalid 762 tFOTS 4.2690 tGradient 2.5010 tsec 7.1000
#FOTS# QuadFit found better minimum quadopt=(dt=62.208,rms=0.584667) vs oldopt=(dt=103.68,rms=0.584753)
#GCMRL#  252 dt  62.208000 rms  0.585  0.075% neg 0  invalid 762 tFOTS 4.2760 tGradient 2.5710 tsec 7.1770
#FOTS# QuadFit found better minimum quadopt=(dt=248.832,rms=0.583757) vs oldopt=(dt=414.72,rms=0.58391)
#GCMRL#  253 dt 248.832000 rms  0.584  0.156% neg 0  invalid 762 tFOTS 4.2670 tGradient 2.4770 tsec 7.0710
#FOTS# QuadFit found better minimum quadopt=(dt=36.288,rms=0.583204) vs oldopt=(dt=25.92,rms=0.583306)
#GCMRL#  254 dt  36.288000 rms  0.583  0.095% neg 0  invalid 762 tFOTS 4.4280 tGradient 2.5140 tsec 7.2730
#FOTS# QuadFit found better minimum quadopt=(dt=145.152,rms=0.582618) vs oldopt=(dt=103.68,rms=0.582723)
#GCMRL#  255 dt 145.152000 rms  0.583  0.100% neg 0  invalid 762 tFOTS 4.3500 tGradient 2.8660 tsec 7.5450
#FOTS# QuadFit found better minimum quadopt=(dt=82.944,rms=0.582212) vs oldopt=(dt=103.68,rms=0.582214)
#GCMRL#  256 dt  82.944000 rms  0.582  0.070% neg 0  invalid 762 tFOTS 4.3500 tGradient 2.5960 tsec 7.2760
#GCMRL#  257 dt 103.680000 rms  0.582  0.066% neg 0  invalid 762 tFOTS 4.3500 tGradient 2.8200 tsec 7.4960
#FOTS# QuadFit found better minimum quadopt=(dt=82.944,rms=0.581404) vs oldopt=(dt=103.68,rms=0.581419)
#GCMRL#  258 dt  82.944000 rms  0.581  0.073% neg 0  invalid 762 tFOTS 4.3580 tGradient 2.6610 tsec 7.3510
#GCMRL#  259 dt 103.680000 rms  0.581  0.074% neg 0  invalid 762 tFOTS 4.3920 tGradient 2.8860 tsec 7.6130
#FOTS# QuadFit found better minimum quadopt=(dt=82.944,rms=0.580542) vs oldopt=(dt=103.68,rms=0.580569)
#GCMRL#  260 dt  82.944000 rms  0.581  0.075% neg 0  invalid 762 tFOTS 4.3590 tGradient 3.0780 tsec 7.7670
#FOTS# QuadFit found better minimum quadopt=(dt=82.944,rms=0.580285) vs oldopt=(dt=103.68,rms=0.580292)
#GCMRL#  261 dt  82.944000 rms  0.580  0.000% neg 0  invalid 762 tFOTS 4.3680 tGradient 2.5910 tsec 7.3150
#GCMRL#  262 dt  82.944000 rms  0.580  0.060% neg 0  invalid 762 tFOTS 0.0000 tGradient 2.5590 tsec 2.8780
#GCMRL#  263 dt  82.944000 rms  0.579  0.105% neg 0  invalid 762 tFOTS 0.0000 tGradient 2.4980 tsec 2.8150
#GCMRL#  264 dt  82.944000 rms  0.578  0.156% neg 0  invalid 762 tFOTS 0.0000 tGradient 2.6260 tsec 2.9450
#GCMRL#  265 dt  82.944000 rms  0.577  0.179% neg 0  invalid 762 tFOTS 0.0000 tGradient 2.6960 tsec 3.0130
#GCMRL#  266 dt  82.944000 rms  0.576  0.221% neg 0  invalid 762 tFOTS 0.0000 tGradient 2.5260 tsec 2.8430
#GCMRL#  267 dt  82.944000 rms  0.575  0.237% neg 0  invalid 762 tFOTS 0.0000 tGradient 2.8760 tsec 3.1970
#GCMRL#  268 dt  82.944000 rms  0.573  0.229% neg 0  invalid 762 tFOTS 0.0000 tGradient 2.8200 tsec 3.1410
#GCMRL#  269 dt  82.944000 rms  0.572  0.230% neg 0  invalid 762 tFOTS 0.0000 tGradient 2.7410 tsec 3.0650
#GCMRL#  270 dt  82.944000 rms  0.571  0.241% neg 0  invalid 762 tFOTS 0.0000 tGradient 2.7170 tsec 3.0380
#GCMRL#  271 dt  82.944000 rms  0.569  0.222% neg 0  invalid 762 tFOTS 0.0000 tGradient 2.7240 tsec 3.0490
#GCMRL#  272 dt  82.944000 rms  0.568  0.233% neg 0  invalid 762 tFOTS 0.0000 tGradient 2.6730 tsec 3.0540
#GCMRL#  273 dt  82.944000 rms  0.567  0.221% neg 0  invalid 762 tFOTS 0.0000 tGradient 2.7680 tsec 3.0850
#GCMRL#  274 dt  82.944000 rms  0.566  0.216% neg 0  invalid 762 tFOTS 0.0000 tGradient 2.5420 tsec 2.8590
#GCMRL#  275 dt  82.944000 rms  0.565  0.188% neg 0  invalid 762 tFOTS 0.0000 tGradient 2.6340 tsec 2.9560
#GCMRL#  276 dt  82.944000 rms  0.564  0.193% neg 0  invalid 762 tFOTS 0.0000 tGradient 2.5140 tsec 2.8290
#GCMRL#  277 dt  82.944000 rms  0.562  0.181% neg 0  invalid 762 tFOTS 0.0000 tGradient 2.6270 tsec 2.9500
#GCMRL#  278 dt  82.944000 rms  0.561  0.179% neg 0  invalid 762 tFOTS 0.0000 tGradient 2.5870 tsec 2.9120
#GCMRL#  279 dt  82.944000 rms  0.561  0.161% neg 0  invalid 762 tFOTS 0.0000 tGradient 2.4300 tsec 2.7490
#GCMRL#  280 dt  82.944000 rms  0.560  0.165% neg 0  invalid 762 tFOTS 0.0000 tGradient 2.4780 tsec 2.7980
#GCMRL#  281 dt  82.944000 rms  0.559  0.142% neg 0  invalid 762 tFOTS 0.0000 tGradient 2.5210 tsec 2.8450
#GCMRL#  282 dt  82.944000 rms  0.558  0.139% neg 0  invalid 762 tFOTS 0.0000 tGradient 2.5370 tsec 2.8560
#GCMRL#  283 dt  82.944000 rms  0.557  0.138% neg 0  invalid 762 tFOTS 0.0000 tGradient 2.5870 tsec 2.9030
#GCMRL#  284 dt  82.944000 rms  0.557  0.140% neg 0  invalid 762 tFOTS 0.0000 tGradient 2.5520 tsec 2.8670
#GCMRL#  285 dt  82.944000 rms  0.556  0.122% neg 0  invalid 762 tFOTS 0.0000 tGradient 2.5820 tsec 2.8950
#GCMRL#  286 dt  82.944000 rms  0.555  0.107% neg 0  invalid 762 tFOTS 0.0000 tGradient 2.5870 tsec 2.9000
#GCMRL#  287 dt  82.944000 rms  0.555  0.090% neg 0  invalid 762 tFOTS 0.0000 tGradient 2.6230 tsec 2.9270
#GCMRL#  288 dt  82.944000 rms  0.554  0.113% neg 0  invalid 762 tFOTS 0.0000 tGradient 2.5180 tsec 2.8400
#GCMRL#  289 dt  82.944000 rms  0.554  0.093% neg 0  invalid 762 tFOTS 0.0000 tGradient 2.5240 tsec 2.8310
#GCMRL#  290 dt  82.944000 rms  0.553  0.093% neg 0  invalid 762 tFOTS 0.0000 tGradient 2.5890 tsec 2.9010
#GCMRL#  291 dt  82.944000 rms  0.553  0.079% neg 0  invalid 762 tFOTS 0.0000 tGradient 2.5290 tsec 2.8370
#GCMRL#  292 dt  82.944000 rms  0.552  0.094% neg 0  invalid 762 tFOTS 0.0000 tGradient 2.5930 tsec 2.9030
#GCMRL#  293 dt  82.944000 rms  0.552  0.080% neg 0  invalid 762 tFOTS 0.0000 tGradient 2.5480 tsec 2.8600
#GCMRL#  294 dt  82.944000 rms  0.551  0.071% neg 0  invalid 762 tFOTS 0.0000 tGradient 2.5460 tsec 2.8550
#GCMRL#  295 dt  82.944000 rms  0.551  0.057% neg 0  invalid 762 tFOTS 0.0000 tGradient 2.6010 tsec 2.9090
#GCMRL#  296 dt  82.944000 rms  0.551  0.062% neg 0  invalid 762 tFOTS 0.0000 tGradient 2.6620 tsec 2.9730
#GCMRL#  297 dt  82.944000 rms  0.550  0.071% neg 0  invalid 762 tFOTS 0.0000 tGradient 2.9770 tsec 3.3500
#GCMRL#  298 dt  82.944000 rms  0.550  0.071% neg 0  invalid 762 tFOTS 0.0000 tGradient 3.0560 tsec 3.4160
#GCMRL#  299 dt  82.944000 rms  0.549  0.074% neg 0  invalid 762 tFOTS 0.0000 tGradient 2.9280 tsec 3.3120
#GCMRL#  300 dt  82.944000 rms  0.549  0.055% neg 0  invalid 762 tFOTS 0.0000 tGradient 2.7200 tsec 3.0280
#GCMRL#  301 dt  82.944000 rms  0.549  0.052% neg 0  invalid 762 tFOTS 0.0000 tGradient 2.5320 tsec 2.8410
#GCMRL#  302 dt  82.944000 rms  0.549  0.053% neg 0  invalid 762 tFOTS 0.0000 tGradient 2.6880 tsec 3.0060
#GCMRL#  303 dt  82.944000 rms  0.548  0.054% neg 0  invalid 762 tFOTS 0.0000 tGradient 2.6340 tsec 2.9510
#GCMRL#  304 dt  82.944000 rms  0.548  0.059% neg 0  invalid 762 tFOTS 0.0000 tGradient 2.6310 tsec 2.9460
#GCMRL#  305 dt  82.944000 rms  0.548  0.058% neg 0  invalid 762 tFOTS 0.0000 tGradient 2.5930 tsec 2.9100
#GCMRL#  306 dt  82.944000 rms  0.547  0.062% neg 0  invalid 762 tFOTS 0.0000 tGradient 2.5960 tsec 2.9130
#GCMRL#  307 dt  82.944000 rms  0.547  0.049% neg 0  invalid 762 tFOTS 0.0000 tGradient 2.4930 tsec 2.8640
#GCMRL#  308 dt  82.944000 rms  0.547  0.046% neg 0  invalid 762 tFOTS 0.0000 tGradient 2.8240 tsec 3.1780
#GCMRL#  309 dt  82.944000 rms  0.547  0.047% neg 0  invalid 762 tFOTS 0.0000 tGradient 2.5210 tsec 2.8440
#GCMRL#  310 dt  82.944000 rms  0.546  0.060% neg 0  invalid 762 tFOTS 0.0000 tGradient 2.4520 tsec 2.7760
#GCMRL#  311 dt  82.944000 rms  0.546  0.054% neg 0  invalid 762 tFOTS 0.0000 tGradient 2.5320 tsec 2.8570
#GCMRL#  312 dt  82.944000 rms  0.546  0.045% neg 0  invalid 762 tFOTS 0.0000 tGradient 2.5370 tsec 2.8580
#GCMRL#  313 dt  82.944000 rms  0.545  0.039% neg 0  invalid 762 tFOTS 0.0000 tGradient 2.8490 tsec 3.1790
#GCMRL#  314 dt  82.944000 rms  0.545  0.048% neg 0  invalid 762 tFOTS 0.0000 tGradient 2.7920 tsec 3.1140
#GCMRL#  315 dt  82.944000 rms  0.545  0.046% neg 0  invalid 762 tFOTS 0.0000 tGradient 2.7600 tsec 3.0920
#GCMRL#  316 dt  82.944000 rms  0.545  0.041% neg 0  invalid 762 tFOTS 0.0000 tGradient 2.4670 tsec 2.7870
#GCMRL#  317 dt  82.944000 rms  0.545  0.032% neg 0  invalid 762 tFOTS 0.0000 tGradient 2.5540 tsec 2.8730
#GCMRL#  318 dt  82.944000 rms  0.544  0.042% neg 0  invalid 762 tFOTS 0.0000 tGradient 2.5170 tsec 2.8360
#GCMRL#  319 dt  82.944000 rms  0.544  0.040% neg 0  invalid 762 tFOTS 0.0000 tGradient 2.5470 tsec 2.8690
#GCMRL#  320 dt  82.944000 rms  0.544  0.042% neg 0  invalid 762 tFOTS 0.0000 tGradient 2.9110 tsec 3.2410
#GCMRL#  321 dt  82.944000 rms  0.544  0.031% neg 0  invalid 762 tFOTS 0.0000 tGradient 2.6620 tsec 2.9810
#GCMRL#  322 dt  82.944000 rms  0.543  0.038% neg 0  invalid 762 tFOTS 0.0000 tGradient 2.5320 tsec 2.8500
#GCMRL#  323 dt  82.944000 rms  0.543  0.044% neg 0  invalid 762 tFOTS 0.0000 tGradient 2.5910 tsec 2.9080
#GCMRL#  324 dt  82.944000 rms  0.543  0.030% neg 0  invalid 762 tFOTS 0.0000 tGradient 2.6480 tsec 2.9680
#GCMRL#  325 dt  82.944000 rms  0.543  0.025% neg 0  invalid 762 tFOTS 0.0000 tGradient 2.7000 tsec 3.0200
#GCMRL#  326 dt  82.944000 rms  0.543  0.024% neg 0  invalid 762 tFOTS 0.0000 tGradient 2.7310 tsec 3.0500
#GCMRL#  327 dt  82.944000 rms  0.543  0.026% neg 0  invalid 762 tFOTS 0.0000 tGradient 2.8030 tsec 3.1230
#GCMRL#  328 dt  82.944000 rms  0.543  0.030% neg 0  invalid 762 tFOTS 0.0000 tGradient 2.6870 tsec 3.0050
#GCMRL#  329 dt  82.944000 rms  0.542  0.030% neg 0  invalid 762 tFOTS 0.0000 tGradient 2.7030 tsec 3.0240
#GCMRL#  330 dt  82.944000 rms  0.542  0.032% neg 0  invalid 762 tFOTS 0.0000 tGradient 2.6510 tsec 2.9610
#GCMRL#  331 dt  82.944000 rms  0.542  0.028% neg 0  invalid 762 tFOTS 0.0000 tGradient 2.7050 tsec 3.0170
#GCMRL#  332 dt  82.944000 rms  0.542  0.025% neg 0  invalid 762 tFOTS 0.0000 tGradient 2.6960 tsec 3.0080
#GCMRL#  333 dt  82.944000 rms  0.542  0.027% neg 0  invalid 762 tFOTS 0.0000 tGradient 2.7570 tsec 3.0730
#GCMRL#  334 dt  82.944000 rms  0.542  0.027% neg 0  invalid 762 tFOTS 0.0000 tGradient 2.6500 tsec 2.9600
#GCMRL#  335 dt  82.944000 rms  0.541  0.024% neg 0  invalid 762 tFOTS 0.0000 tGradient 2.5890 tsec 2.9020
#GCMRL#  336 dt  82.944000 rms  0.541  0.012% neg 0  invalid 762 tFOTS 0.0000 tGradient 2.6060 tsec 2.9400
#FOTS# QuadFit found better minimum quadopt=(dt=124.416,rms=0.541358) vs oldopt=(dt=103.68,rms=0.541359)
#GCMRL#  337 dt 124.416000 rms  0.541  0.000% neg 0  invalid 762 tFOTS 4.3350 tGradient 2.6110 tsec 7.3000

#GCAMreg# pass 0 level1 4 level2 1 tsec 612.613 sigma 0.5
l_jacobian=1.00 l_label=1.00 l_log_likelihood=0.20 l_smoothness=0.03 
tol=5.00e-02, dt=5.00e-02, exp_k=20.0, momentum=0.90, levels=6, niter=500, lbl_dist=10.00, avgs=64, sigma=0.5,type=2, relabel=0, neg=no

blurring input image with Gaussian with sigma=0.500...
GCAMRegisterLevel(): init RMS 0.542359
#FOTS# QuadFit found better minimum quadopt=(dt=82.944,rms=0.54066) vs oldopt=(dt=103.68,rms=0.540699)
#GCMRL#  339 dt  82.944000 rms  0.541  0.313% neg 0  invalid 762 tFOTS 4.3500 tGradient 2.7280 tsec 7.4040
#GCMRL#  340 dt 103.680000 rms  0.540  0.117% neg 0  invalid 762 tFOTS 4.0980 tGradient 2.7070 tsec 7.1380
#FOTS# QuadFit found better minimum quadopt=(dt=36.288,rms=0.539857) vs oldopt=(dt=25.92,rms=0.539887)
#GCMRL#  341 dt  36.288000 rms  0.540  0.000% neg 0  invalid 762 tFOTS 4.3830 tGradient 2.5270 tsec 7.2570
#GCMRL#  342 dt  36.288000 rms  0.540  0.019% neg 0  invalid 762 tFOTS 0.0000 tGradient 2.5110 tsec 2.8060
#GCMRL#  343 dt  36.288000 rms  0.540  0.032% neg 0  invalid 762 tFOTS 0.0000 tGradient 2.5470 tsec 2.8570
#GCMRL#  344 dt  36.288000 rms  0.539  0.037% neg 0  invalid 762 tFOTS 0.0000 tGradient 2.5630 tsec 2.8710
#GCMRL#  345 dt  36.288000 rms  0.539  0.041% neg 0  invalid 762 tFOTS 0.0000 tGradient 2.4180 tsec 2.8020
#GCMRL#  346 dt  36.288000 rms  0.539  0.039% neg 0  invalid 762 tFOTS 0.0000 tGradient 2.3880 tsec 2.7060
#GCMRL#  347 dt  36.288000 rms  0.539  0.036% neg 0  invalid 762 tFOTS 0.0000 tGradient 2.5600 tsec 2.9300
#GCMRL#  348 dt  36.288000 rms  0.539  0.032% neg 0  invalid 762 tFOTS 0.0000 tGradient 2.7570 tsec 3.1160
#GCMRL#  349 dt  36.288000 rms  0.538  0.027% neg 0  invalid 762 tFOTS 0.0000 tGradient 2.7990 tsec 3.1410
#GCMRL#  350 dt  36.288000 rms  0.538  0.024% neg 0  invalid 762 tFOTS 0.0000 tGradient 2.4800 tsec 2.7970
#GCMRL#  351 dt  36.288000 rms  0.538  0.023% neg 0  invalid 762 tFOTS 0.0000 tGradient 2.3360 tsec 2.6660
#FOTS# QuadFit found better minimum quadopt=(dt=248.832,rms=0.538017) vs oldopt=(dt=414.72,rms=0.538064)
#GCMRL#  352 dt 248.832000 rms  0.538  0.031% neg 0  invalid 762 tFOTS 4.4050 tGradient 2.4390 tsec 7.1640
#FOTS# QuadFit found better minimum quadopt=(dt=36.288,rms=0.537942) vs oldopt=(dt=25.92,rms=0.537958)
#GCMRL#  353 dt  36.288000 rms  0.538  0.000% neg 0  invalid 762 tFOTS 4.6930 tGradient 2.4280 tsec 7.5170
#GCMRL#  354 dt  36.288000 rms  0.538  0.008% neg 0  invalid 762 tFOTS 0.0000 tGradient 2.5690 tsec 2.8740
#GCMRL#  355 dt  36.288000 rms  0.538  0.008% neg 0  invalid 762 tFOTS 0.0000 tGradient 2.3850 tsec 2.6910
#GCMRL#  356 dt  36.288000 rms  0.538  0.011% neg 0  invalid 762 tFOTS 0.0000 tGradient 2.4100 tsec 2.7120
#GCMRL#  357 dt  36.288000 rms  0.538  0.013% neg 0  invalid 762 tFOTS 0.0000 tGradient 2.4430 tsec 2.7410
#GCMRL#  358 dt  36.288000 rms  0.538  0.018% neg 0  invalid 762 tFOTS 0.0000 tGradient 2.4790 tsec 2.7840
#GCMRL#  359 dt  36.288000 rms  0.538  0.020% neg 0  invalid 762 tFOTS 0.0000 tGradient 2.4650 tsec 2.7660
#GCMRL#  360 dt  36.288000 rms  0.537  0.019% neg 0  invalid 762 tFOTS 0.0000 tGradient 2.5010 tsec 2.8090
setting smoothness cost coefficient to 0.118

#GCAMreg# pass 0 level1 3 level2 0 tsec 0 sigma 2
l_jacobian=1.00 l_label=1.00 l_log_likelihood=0.20 l_smoothness=0.12 
tol=5.00e-02, dt=5.00e-02, exp_k=20.0, momentum=0.90, levels=6, niter=500, lbl_dist=10.00, avgs=16, sigma=2.0,type=2, relabel=0, neg=no

blurring input image with Gaussian with sigma=2.000...
GCAMRegisterLevel(): init RMS 0.551927
#GCMRL#  362 dt  32.000000 rms  0.550  0.433% neg 0  invalid 762 tFOTS 4.6190 tGradient 1.9270 tsec 6.8510
#FOTS# QuadFit found better minimum quadopt=(dt=102.4,rms=0.545679) vs oldopt=(dt=128,rms=0.545899)
#GCMRL#  363 dt 102.400000 rms  0.546  0.702% neg 0  invalid 762 tFOTS 4.6610 tGradient 2.2280 tsec 7.2080
#FOTS# QuadFit found better minimum quadopt=(dt=65.5118,rms=0.542142) vs oldopt=(dt=32,rms=0.542858)
#GCMRL#  364 dt  65.511811 rms  0.542  0.648% neg 0  invalid 762 tFOTS 4.1910 tGradient 1.8710 tsec 6.3800
#FOTS# QuadFit found better minimum quadopt=(dt=30.3158,rms=0.538607) vs oldopt=(dt=32,rms=0.538636)
#GCMRL#  365 dt  30.315789 rms  0.539  0.652% neg 0  invalid 762 tFOTS 4.5300 tGradient 1.9100 tsec 6.7640
#GCMRL#  366 dt  32.000000 rms  0.537  0.260% neg 0  invalid 762 tFOTS 4.3910 tGradient 2.0220 tsec 6.7390
#FOTS# QuadFit found better minimum quadopt=(dt=44.8,rms=0.535299) vs oldopt=(dt=32,rms=0.535533)
#GCMRL#  367 dt  44.800000 rms  0.535  0.355% neg 0  invalid 762 tFOTS 4.3880 tGradient 2.0940 tsec 6.8100
#FOTS# QuadFit found better minimum quadopt=(dt=25.6,rms=0.534104) vs oldopt=(dt=32,rms=0.534144)
#GCMRL#  368 dt  25.600000 rms  0.534  0.223% neg 0  invalid 762 tFOTS 4.5140 tGradient 1.9500 tsec 6.7950
#FOTS# QuadFit found better minimum quadopt=(dt=83.6051,rms=0.53202) vs oldopt=(dt=128,rms=0.532473)
#GCMRL#  369 dt  83.605063 rms  0.532  0.390% neg 0  invalid 762 tFOTS 4.3340 tGradient 1.9730 tsec 6.6380
#FOTS# QuadFit found better minimum quadopt=(dt=21.7632,rms=0.530455) vs oldopt=(dt=32,rms=0.530857)
#GCMRL#  370 dt  21.763224 rms  0.530  0.294% neg 0  invalid 762 tFOTS 4.2080 tGradient 1.9580 tsec 6.5790
#FOTS# QuadFit found better minimum quadopt=(dt=153.6,rms=0.527759) vs oldopt=(dt=128,rms=0.527811)
#GCMRL#  371 dt 153.600000 rms  0.528  0.508% neg 0  invalid 762 tFOTS 4.1610 tGradient 2.1040 tsec 6.5990
#FOTS# QuadFit found better minimum quadopt=(dt=19.5524,rms=0.525665) vs oldopt=(dt=32,rms=0.526397)
#GCMRL#  372 dt  19.552398 rms  0.526  0.397% neg 0  invalid 762 tFOTS 4.2910 tGradient 2.1200 tsec 6.7480
#FOTS# QuadFit found better minimum quadopt=(dt=44.8,rms=0.52468) vs oldopt=(dt=32,rms=0.524903)
#GCMRL#  373 dt  44.800000 rms  0.525  0.187% neg 0  invalid 762 tFOTS 4.0210 tGradient 1.9550 tsec 6.3160
#FOTS# QuadFit found better minimum quadopt=(dt=44.8,rms=0.523974) vs oldopt=(dt=32,rms=0.524093)
#GCMRL#  374 dt  44.800000 rms  0.524  0.135% neg 0  invalid 762 tFOTS 3.8180 tGradient 1.9300 tsec 6.0810
#FOTS# QuadFit found better minimum quadopt=(dt=44.8,rms=0.523073) vs oldopt=(dt=32,rms=0.523196)
#GCMRL#  375 dt  44.800000 rms  0.523  0.172% neg 0  invalid 762 tFOTS 4.1350 tGradient 2.3110 tsec 6.7780
#GCMRL#  376 dt  32.000000 rms  0.522  0.110% neg 0  invalid 762 tFOTS 4.0990 tGradient 2.1440 tsec 6.5750
#FOTS# QuadFit found better minimum quadopt=(dt=44.8,rms=0.52188) vs oldopt=(dt=32,rms=0.521923)
#GCMRL#  377 dt  44.800000 rms  0.522  0.118% neg 0  invalid 762 tFOTS 4.3140 tGradient 1.9360 tsec 6.5890
#GCMRL#  378 dt  32.000000 rms  0.521  0.106% neg 0  invalid 762 tFOTS 4.2650 tGradient 2.0390 tsec 6.6430
#GCMRL#  379 dt  32.000000 rms  0.521  0.114% neg 0  invalid 762 tFOTS 4.3120 tGradient 1.9510 tsec 6.6410
#FOTS# QuadFit found better minimum quadopt=(dt=38.4,rms=0.520275) vs oldopt=(dt=32,rms=0.520287)
#GCMRL#  380 dt  38.400000 rms  0.520  0.087% neg 0  invalid 762 tFOTS 3.9930 tGradient 1.8770 tsec 6.1830
#GCMRL#  381 dt  32.000000 rms  0.520  0.089% neg 0  invalid 762 tFOTS 3.9160 tGradient 1.8660 tsec 6.0860
#GCMRL#  382 dt  32.000000 rms  0.519  0.098% neg 0  invalid 762 tFOTS 3.8890 tGradient 1.9320 tsec 6.1290
#FOTS# QuadFit found better minimum quadopt=(dt=38.4,rms=0.518867) vs oldopt=(dt=32,rms=0.518877)
#GCMRL#  383 dt  38.400000 rms  0.519  0.083% neg 0  invalid 762 tFOTS 4.1340 tGradient 1.9080 tsec 6.3710
#GCMRL#  384 dt  32.000000 rms  0.518  0.081% neg 0  invalid 762 tFOTS 4.0700 tGradient 1.9570 tsec 6.3590
#GCMRL#  385 dt  32.000000 rms  0.518  0.081% neg 0  invalid 762 tFOTS 3.8340 tGradient 1.9910 tsec 6.1590
#GCMRL#  386 dt  32.000000 rms  0.518  0.073% neg 0  invalid 762 tFOTS 4.0630 tGradient 1.8530 tsec 6.2540
#GCMRL#  387 dt  32.000000 rms  0.517  0.059% neg 0  invalid 762 tFOTS 4.1910 tGradient 1.8850 tsec 6.4120
#FOTS# QuadFit found better minimum quadopt=(dt=38.4,rms=0.516891) vs oldopt=(dt=32,rms=0.516899)
#GCMRL#  388 dt  38.400000 rms  0.517  0.089% neg 0  invalid 762 tFOTS 4.0880 tGradient 1.8980 tsec 6.3180
#FOTS# QuadFit found better minimum quadopt=(dt=25.6,rms=0.516604) vs oldopt=(dt=32,rms=0.516633)
#GCMRL#  389 dt  25.600000 rms  0.517  0.055% neg 0  invalid 762 tFOTS 4.1820 tGradient 1.9440 tsec 6.4650
#FOTS# QuadFit found better minimum quadopt=(dt=44.8,rms=0.516166) vs oldopt=(dt=32,rms=0.51621)
#GCMRL#  390 dt  44.800000 rms  0.516  0.085% neg 0  invalid 762 tFOTS 3.7310 tGradient 1.8460 tsec 5.9150
#FOTS# QuadFit found better minimum quadopt=(dt=25.6,rms=0.515914) vs oldopt=(dt=32,rms=0.515949)
#GCMRL#  391 dt  25.600000 rms  0.516  0.000% neg 0  invalid 762 tFOTS 4.0010 tGradient 1.9290 tsec 6.2880
#GCMRL#  392 dt  25.600000 rms  0.516  0.071% neg 0  invalid 762 tFOTS 0.0000 tGradient 1.9210 tsec 2.2590
#GCMRL#  393 dt  25.600000 rms  0.515  0.079% neg 0  invalid 762 tFOTS 0.0000 tGradient 1.8600 tsec 2.1860
#GCMRL#  394 dt  25.600000 rms  0.515  0.121% neg 0  invalid 762 tFOTS 0.0000 tGradient 1.9370 tsec 2.2620
#GCMRL#  395 dt  25.600000 rms  0.514  0.150% neg 0  invalid 762 tFOTS 0.0000 tGradient 1.8630 tsec 2.1970
#GCMRL#  396 dt  25.600000 rms  0.513  0.192% neg 0  invalid 762 tFOTS 0.0000 tGradient 1.9220 tsec 2.2590
#GCMRL#  397 dt  25.600000 rms  0.512  0.187% neg 0  invalid 762 tFOTS 0.0000 tGradient 1.8720 tsec 2.1970
#GCMRL#  398 dt  25.600000 rms  0.511  0.189% neg 0  invalid 762 tFOTS 0.0000 tGradient 1.9360 tsec 2.2640
#GCMRL#  399 dt  25.600000 rms  0.510  0.197% neg 0  invalid 762 tFOTS 0.0000 tGradient 1.9490 tsec 2.2840
#GCMRL#  400 dt  25.600000 rms  0.509  0.209% neg 0  invalid 762 tFOTS 0.0000 tGradient 1.9100 tsec 2.2360
#GCMRL#  401 dt  25.600000 rms  0.509  0.013% neg 0  invalid 762 tFOTS 0.0000 tGradient 1.8630 tsec 2.3670
#GCMRL#  402 dt  25.600000 rms  0.509  0.024% neg 0  invalid 762 tFOTS 0.0000 tGradient 1.8930 tsec 2.2240
#GCMRL#  403 dt  25.600000 rms  0.508  0.043% neg 0  invalid 762 tFOTS 0.0000 tGradient 1.8890 tsec 2.2240
#GCMRL#  404 dt  25.600000 rms  0.508  0.053% neg 0  invalid 762 tFOTS 0.0000 tGradient 1.8810 tsec 2.2140
#GCMRL#  405 dt  25.600000 rms  0.508  0.069% neg 0  invalid 762 tFOTS 0.0000 tGradient 1.9860 tsec 2.3040
#GCMRL#  406 dt  25.600000 rms  0.507  0.080% neg 0  invalid 762 tFOTS 0.0000 tGradient 1.8730 tsec 2.2030
#GCMRL#  407 dt  25.600000 rms  0.507  0.096% neg 0  invalid 762 tFOTS 0.0000 tGradient 1.9530 tsec 2.2850
#GCMRL#  408 dt  25.600000 rms  0.506  0.108% neg 0  invalid 762 tFOTS 0.0000 tGradient 1.9040 tsec 2.2420
#GCMRL#  409 dt  25.600000 rms  0.506  0.105% neg 0  invalid 762 tFOTS 0.0000 tGradient 1.8410 tsec 2.1720
#GCMRL#  410 dt  25.600000 rms  0.505  0.103% neg 0  invalid 762 tFOTS 0.0000 tGradient 1.9790 tsec 2.3100
#GCMRL#  411 dt  25.600000 rms  0.505  0.111% neg 0  invalid 762 tFOTS 0.0000 tGradient 1.9130 tsec 2.2480
#GCMRL#  412 dt  25.600000 rms  0.504  0.112% neg 0  invalid 762 tFOTS 0.0000 tGradient 1.9230 tsec 2.2490
#GCMRL#  413 dt  25.600000 rms  0.504 -0.010% neg 0  invalid 762 tFOTS 0.0000 tGradient 1.9740 tsec 2.7310
#GCMRL#  414 dt   0.007812 rms  0.504  0.000% neg 0  invalid 762 tFOTS 4.4670 tGradient 2.0290 tsec 6.8420

#GCAMreg# pass 0 level1 3 level2 1 tsec 267.475 sigma 0.5
l_jacobian=1.00 l_label=1.00 l_log_likelihood=0.20 l_smoothness=0.12 
tol=5.00e-02, dt=5.00e-02, exp_k=20.0, momentum=0.90, levels=6, niter=500, lbl_dist=10.00, avgs=16, sigma=0.5,type=2, relabel=0, neg=no

blurring input image with Gaussian with sigma=0.500...
GCAMRegisterLevel(): init RMS 0.50502
#FOTS# QuadFit found better minimum quadopt=(dt=38.4,rms=0.502863) vs oldopt=(dt=32,rms=0.502916)
#GCMRL#  416 dt  38.400000 rms  0.503  0.427% neg 0  invalid 762 tFOTS 4.4170 tGradient 1.9160 tsec 6.6750
#FOTS# QuadFit found better minimum quadopt=(dt=44.8,rms=0.502314) vs oldopt=(dt=32,rms=0.502353)
#GCMRL#  417 dt  44.800000 rms  0.502  0.109% neg 0  invalid 762 tFOTS 4.2220 tGradient 2.0060 tsec 6.5650
#FOTS# QuadFit found better minimum quadopt=(dt=19.2,rms=0.502052) vs oldopt=(dt=32,rms=0.502101)
#GCMRL#  418 dt  19.200000 rms  0.502  0.052% neg 0  invalid 762 tFOTS 4.2230 tGradient 1.9210 tsec 6.4780
#FOTS# QuadFit found better minimum quadopt=(dt=102.4,rms=0.501551) vs oldopt=(dt=128,rms=0.50157)
#GCMRL#  419 dt 102.400000 rms  0.502  0.100% neg 0  invalid 762 tFOTS 4.3710 tGradient 1.8400 tsec 6.5430
#FOTS# QuadFit found better minimum quadopt=(dt=19.2,rms=0.50138) vs oldopt=(dt=32,rms=0.501422)
#GCMRL#  420 dt  19.200000 rms  0.501  0.000% neg 0  invalid 762 tFOTS 4.1700 tGradient 1.9530 tsec 6.4690
#GCMRL#  421 dt  19.200000 rms  0.501  0.027% neg 0  invalid 762 tFOTS 0.0000 tGradient 1.7860 tsec 2.0900
#GCMRL#  422 dt  19.200000 rms  0.501  0.035% neg 0  invalid 762 tFOTS 0.0000 tGradient 2.1910 tsec 2.5360
#GCMRL#  423 dt  19.200000 rms  0.501  0.040% neg 0  invalid 762 tFOTS 0.0000 tGradient 2.0960 tsec 2.4550
#GCMRL#  424 dt  19.200000 rms  0.501  0.048% neg 0  invalid 762 tFOTS 0.0000 tGradient 2.0610 tsec 2.4040
#GCMRL#  425 dt  19.200000 rms  0.500  0.058% neg 0  invalid 762 tFOTS 0.0000 tGradient 2.1100 tsec 2.4630
#GCMRL#  426 dt  19.200000 rms  0.500  0.054% neg 0  invalid 762 tFOTS 0.0000 tGradient 2.1280 tsec 2.4840
#GCMRL#  427 dt  19.200000 rms  0.500  0.041% neg 0  invalid 762 tFOTS 0.0000 tGradient 2.2740 tsec 2.6310
#GCMRL#  428 dt  19.200000 rms  0.500  0.037% neg 0  invalid 762 tFOTS 0.0000 tGradient 2.2120 tsec 2.5720
#GCMRL#  429 dt  19.200000 rms  0.499  0.050% neg 0  invalid 762 tFOTS 0.0000 tGradient 2.1780 tsec 2.5460
#GCMRL#  430 dt  19.200000 rms  0.499  0.050% neg 0  invalid 762 tFOTS 0.0000 tGradient 2.0560 tsec 2.4100
#GCMRL#  431 dt  19.200000 rms  0.499  0.049% neg 0  invalid 762 tFOTS 0.0000 tGradient 2.1210 tsec 2.4840
#GCMRL#  432 dt  19.200000 rms  0.499  0.040% neg 0  invalid 762 tFOTS 0.0000 tGradient 2.0900 tsec 2.4490
#GCMRL#  433 dt  19.200000 rms  0.499  0.043% neg 0  invalid 762 tFOTS 0.0000 tGradient 2.1430 tsec 2.6300
#GCMRL#  434 dt  19.200000 rms  0.498  0.026% neg 0  invalid 762 tFOTS 0.0000 tGradient 1.7840 tsec 2.2220
#GCMRL#  435 dt  19.200000 rms  0.498  0.024% neg 0  invalid 762 tFOTS 0.0000 tGradient 1.6990 tsec 1.9890
#GCMRL#  436 dt  19.200000 rms  0.498  0.023% neg 0  invalid 762 tFOTS 0.0000 tGradient 1.6860 tsec 1.9900
#FOTS# QuadFit found better minimum quadopt=(dt=11.2,rms=0.498137) vs oldopt=(dt=8,rms=0.498145)
#GCMRL#  437 dt  11.200000 rms  0.498  0.000% neg 0  invalid 762 tFOTS 3.9570 tGradient 1.7030 tsec 5.9810
#GCMRL#  438 dt  11.200000 rms  0.498  0.004% neg 0  invalid 762 tFOTS 0.0000 tGradient 1.7160 tsec 2.0050
#GCMRL#  439 dt  11.200000 rms  0.498  0.008% neg 0  invalid 762 tFOTS 0.0000 tGradient 1.7010 tsec 1.9860
#GCMRL#  440 dt  11.200000 rms  0.498  0.017% neg 0  invalid 762 tFOTS 0.0000 tGradient 1.7010 tsec 1.9900
#GCMRL#  441 dt  11.200000 rms  0.498  0.017% neg 0  invalid 762 tFOTS 0.0000 tGradient 1.7270 tsec 2.0110
#GCMRL#  442 dt  11.200000 rms  0.498  0.019% neg 0  invalid 762 tFOTS 0.0000 tGradient 1.7280 tsec 2.0140
#GCMRL#  443 dt  11.200000 rms  0.498  0.020% neg 0  invalid 762 tFOTS 0.0000 tGradient 1.7340 tsec 2.0660
#GCMRL#  444 dt  11.200000 rms  0.498  0.022% neg 0  invalid 762 tFOTS 0.0000 tGradient 2.1200 tsec 2.4310
#GCMRL#  445 dt  11.200000 rms  0.497  0.023% neg 0  invalid 762 tFOTS 0.0000 tGradient 1.7360 tsec 2.0390
#GCMRL#  446 dt  11.200000 rms  0.497  0.029% neg 0  invalid 762 tFOTS 0.0000 tGradient 1.7690 tsec 2.0760
#GCMRL#  447 dt  11.200000 rms  0.497  0.029% neg 0  invalid 762 tFOTS 0.0000 tGradient 1.7890 tsec 2.0920
#GCMRL#  448 dt  11.200000 rms  0.497  0.028% neg 0  invalid 762 tFOTS 0.0000 tGradient 1.8010 tsec 2.1040
#GCMRL#  449 dt  11.200000 rms  0.497  0.026% neg 0  invalid 762 tFOTS 0.0000 tGradient 1.7630 tsec 2.0690
#GCMRL#  450 dt  11.200000 rms  0.497  0.027% neg 0  invalid 762 tFOTS 0.0000 tGradient 1.8420 tsec 2.1470
#GCMRL#  451 dt  11.200000 rms  0.497  0.027% neg 0  invalid 762 tFOTS 0.0000 tGradient 1.7870 tsec 2.0910
#GCMRL#  452 dt  11.200000 rms  0.497  0.029% neg 0  invalid 762 tFOTS 0.0000 tGradient 1.8390 tsec 2.1460
#GCMRL#  453 dt  11.200000 rms  0.496  0.031% neg 0  invalid 762 tFOTS 0.0000 tGradient 1.8000 tsec 2.0990
#GCMRL#  454 dt  11.200000 rms  0.496  0.030% neg 0  invalid 762 tFOTS 0.0000 tGradient 1.7670 tsec 2.0720
#GCMRL#  455 dt  11.200000 rms  0.496  0.029% neg 0  invalid 762 tFOTS 0.0000 tGradient 1.7540 tsec 2.0590
#GCMRL#  456 dt  11.200000 rms  0.496  0.024% neg 0  invalid 762 tFOTS 0.0000 tGradient 1.8010 tsec 2.1010
#GCMRL#  457 dt  11.200000 rms  0.496  0.021% neg 0  invalid 762 tFOTS 0.0000 tGradient 1.8000 tsec 2.1240
#FOTS# QuadFit found better minimum quadopt=(dt=25.6,rms=0.49581) vs oldopt=(dt=32,rms=0.49581)
#GCMRL#  458 dt  25.600000 rms  0.496  0.000% neg 0  invalid 762 tFOTS 3.9720 tGradient 1.8210 tsec 6.1330
#GCMRL#  459 dt  25.600000 rms  0.496  0.004% neg 0  invalid 762 tFOTS 0.0000 tGradient 1.8040 tsec 2.1090
#GCMRL#  460 dt  25.600000 rms  0.496  0.016% neg 0  invalid 762 tFOTS 0.0000 tGradient 1.8020 tsec 2.1100
#GCMRL#  461 dt  25.600000 rms  0.496  0.014% neg 0  invalid 762 tFOTS 0.0000 tGradient 1.8160 tsec 2.1280
setting smoothness cost coefficient to 0.400

#GCAMreg# pass 0 level1 2 level2 0 tsec 0 sigma 2
l_jacobian=1.00 l_label=1.00 l_log_likelihood=0.20 l_smoothness=0.40 
tol=5.00e-02, dt=5.00e-02, exp_k=20.0, momentum=0.90, levels=6, niter=500, lbl_dist=10.00, avgs=4, sigma=2.0,type=2, relabel=0, neg=no

blurring input image with Gaussian with sigma=2.000...
GCAMRegisterLevel(): init RMS 0.523919
#GCMRL#  463 dt   0.000000 rms  0.523  0.158% neg 0  invalid 762 tFOTS 4.2180 tGradient 1.6160 tsec 6.1610
#GCMRL#  464 dt   0.150000 rms  0.523  0.000% neg 0  invalid 762 tFOTS 4.3730 tGradient 1.6100 tsec 6.5640

#GCAMreg# pass 0 level1 2 level2 1 tsec 24.347 sigma 0.5
l_jacobian=1.00 l_label=1.00 l_log_likelihood=0.20 l_smoothness=0.40 
tol=5.00e-02, dt=5.00e-02, exp_k=20.0, momentum=0.90, levels=6, niter=500, lbl_dist=10.00, avgs=4, sigma=0.5,type=2, relabel=0, neg=no

blurring input image with Gaussian with sigma=0.500...
GCAMRegisterLevel(): init RMS 0.523919
#GCMRL#  466 dt   0.000000 rms  0.523  0.158% neg 0  invalid 762 tFOTS 4.5660 tGradient 1.5880 tsec 6.5190
#GCMRL#  467 dt   0.150000 rms  0.523  0.000% neg 0  invalid 762 tFOTS 4.1780 tGradient 1.8580 tsec 6.6150
setting smoothness cost coefficient to 1.000

#GCAMreg# pass 0 level1 1 level2 0 tsec 0 sigma 2
l_jacobian=1.00 l_label=1.00 l_log_likelihood=0.20 l_smoothness=1.00 
tol=5.00e-02, dt=5.00e-02, exp_k=20.0, momentum=0.90, levels=6, niter=500, lbl_dist=10.00, avgs=1, sigma=2.0,type=2, relabel=0, neg=no

blurring input image with Gaussian with sigma=2.000...
GCAMRegisterLevel(): init RMS 0.577977
#FOTS# QuadFit found better minimum quadopt=(dt=1.024,rms=0.574661) vs oldopt=(dt=1.28,rms=0.574729)
#GCMRL#  469 dt   1.024000 rms  0.575  0.574% neg 0  invalid 762 tFOTS 4.2620 tGradient 1.3720 tsec 5.9670
#FOTS# QuadFit found better minimum quadopt=(dt=0.192,rms=0.574613) vs oldopt=(dt=0.32,rms=0.574632)
#GCMRL#  470 dt   0.192000 rms  0.575  0.000% neg 0  invalid 762 tFOTS 4.1630 tGradient 1.3700 tsec 5.8910

#GCAMreg# pass 0 level1 1 level2 1 tsec 23.137 sigma 0.5
l_jacobian=1.00 l_label=1.00 l_log_likelihood=0.20 l_smoothness=1.00 
tol=5.00e-02, dt=5.00e-02, exp_k=20.0, momentum=0.90, levels=6, niter=500, lbl_dist=10.00, avgs=1, sigma=0.5,type=2, relabel=0, neg=no

blurring input image with Gaussian with sigma=0.500...
GCAMRegisterLevel(): init RMS 0.575331
#GCMRL#  472 dt   0.320000 rms  0.574  0.150% neg 0  invalid 762 tFOTS 4.1660 tGradient 1.3770 tsec 5.8760
#FOTS# QuadFit found better minimum quadopt=(dt=0.064,rms=0.574472) vs oldopt=(dt=0.08,rms=0.574473)
#GCMRL#  473 dt   0.064000 rms  0.574  0.000% neg 0  invalid 762 tFOTS 4.0280 tGradient 1.3830 tsec 5.9670
#GCMRL#  474 dt   0.064000 rms  0.574  0.001% neg 0  invalid 762 tFOTS 0.0000 tGradient 1.3880 tsec 1.6910
resetting metric properties...
setting smoothness cost coefficient to 2.000

#GCAMreg# pass 0 level1 0 level2 0 tsec 0 sigma 2
l_jacobian=1.00 l_label=1.00 l_log_likelihood=0.20 l_smoothness=2.00 
tol=5.00e-02, dt=5.00e-02, exp_k=20.0, momentum=0.90, levels=6, niter=500, lbl_dist=10.00, avgs=0, sigma=2.0,type=2, relabel=0, neg=no

blurring input image with Gaussian with sigma=2.000...
GCAMRegisterLevel(): init RMS 0.502523
#FOTS# QuadFit found better minimum quadopt=(dt=0.448,rms=0.487573) vs oldopt=(dt=0.32,rms=0.491448)
#GCMRL#  476 dt   0.448000 rms  0.488  2.975% neg 0  invalid 762 tFOTS 3.6110 tGradient 0.9050 tsec 4.8270
#FOTS# QuadFit found better minimum quadopt=(dt=0.448,rms=0.484243) vs oldopt=(dt=0.32,rms=0.48517)
#GCMRL#  477 dt   0.448000 rms  0.484  0.683% neg 0  invalid 762 tFOTS 3.6130 tGradient 0.9010 tsec 4.8190
#FOTS# QuadFit found better minimum quadopt=(dt=0.448,rms=0.482288) vs oldopt=(dt=0.32,rms=0.482835)
#GCMRL#  478 dt   0.448000 rms  0.482  0.404% neg 0  invalid 762 tFOTS 3.7800 tGradient 0.9190 tsec 5.0010
#FOTS# QuadFit found better minimum quadopt=(dt=0.384,rms=0.481291) vs oldopt=(dt=0.32,rms=0.481454)
#GCMRL#  479 dt   0.384000 rms  0.481  0.207% neg 0  invalid 762 tFOTS 3.5730 tGradient 0.8660 tsec 4.7390
#FOTS# QuadFit found better minimum quadopt=(dt=0.384,rms=0.480473) vs oldopt=(dt=0.32,rms=0.480603)
#GCMRL#  480 dt   0.384000 rms  0.480  0.170% neg 0  invalid 762 tFOTS 3.7820 tGradient 0.8700 tsec 5.0120
#FOTS# QuadFit found better minimum quadopt=(dt=0.384,rms=0.479874) vs oldopt=(dt=0.32,rms=0.479969)
#GCMRL#  481 dt   0.384000 rms  0.480  0.125% neg 0  invalid 762 tFOTS 3.9290 tGradient 0.8760 tsec 5.1640
#FOTS# QuadFit found better minimum quadopt=(dt=0.384,rms=0.479362) vs oldopt=(dt=0.32,rms=0.479444)
#GCMRL#  482 dt   0.384000 rms  0.479  0.107% neg 0  invalid 762 tFOTS 3.9140 tGradient 0.8640 tsec 5.0910
#FOTS# QuadFit found better minimum quadopt=(dt=0.384,rms=0.478963) vs oldopt=(dt=0.32,rms=0.479023)
#GCMRL#  483 dt   0.384000 rms  0.479  0.083% neg 0  invalid 762 tFOTS 3.7730 tGradient 0.8600 tsec 4.9510
#FOTS# QuadFit found better minimum quadopt=(dt=0.384,rms=0.47861) vs oldopt=(dt=0.32,rms=0.478666)
#GCMRL#  484 dt   0.384000 rms  0.479  0.074% neg 0  invalid 762 tFOTS 3.8530 tGradient 0.8910 tsec 5.0590
#FOTS# QuadFit found better minimum quadopt=(dt=0.384,rms=0.478344) vs oldopt=(dt=0.32,rms=0.478384)
#GCMRL#  485 dt   0.384000 rms  0.478  0.056% neg 0  invalid 762 tFOTS 3.7930 tGradient 0.8710 tsec 4.9860
#FOTS# QuadFit found better minimum quadopt=(dt=0.384,rms=0.478068) vs oldopt=(dt=0.32,rms=0.478108)
#GCMRL#  486 dt   0.384000 rms  0.478  0.058% neg 0  invalid 762 tFOTS 3.7480 tGradient 0.8590 tsec 4.9190
#FOTS# QuadFit found better minimum quadopt=(dt=0.384,rms=0.477868) vs oldopt=(dt=0.32,rms=0.477895)
#GCMRL#  487 dt   0.384000 rms  0.478  0.000% neg 0  invalid 762 tFOTS 3.8100 tGradient 0.8680 tsec 5.0210
#GCMRL#  488 dt   0.384000 rms  0.478  0.044% neg 0  invalid 762 tFOTS 0.0000 tGradient 0.8450 tsec 1.1640
#GCMRL#  489 dt   0.384000 rms  0.477  0.069% neg 0  invalid 762 tFOTS 0.0000 tGradient 0.8540 tsec 1.1600
#GCMRL#  490 dt   0.384000 rms  0.477  0.025% neg 0  invalid 762 tFOTS 0.0000 tGradient 1.0060 tsec 1.6160
#GCMRL#  491 dt   0.384000 rms  0.477  0.052% neg 0  invalid 762 tFOTS 0.0000 tGradient 0.9300 tsec 1.2390
#GCMRL#  492 dt   0.384000 rms  0.477  0.066% neg 0  invalid 762 tFOTS 0.0000 tGradient 0.8400 tsec 1.1510
#GCMRL#  493 dt   0.384000 rms  0.476  0.069% neg 0  invalid 762 tFOTS 0.0000 tGradient 0.8460 tsec 1.1450
#GCMRL#  494 dt   0.384000 rms  0.476  0.064% neg 0  invalid 762 tFOTS 0.0000 tGradient 0.8290 tsec 1.1330
#GCMRL#  495 dt   0.384000 rms  0.476  0.061% neg 0  invalid 762 tFOTS 0.0000 tGradient 0.8620 tsec 1.1690
#GCMRL#  496 dt   0.192000 rms  0.476  0.001% neg 0  invalid 762 tFOTS 0.0000 tGradient 0.8510 tsec 1.4680
#GCMRL#  497 dt   0.192000 rms  0.476  0.004% neg 0  invalid 762 tFOTS 0.0000 tGradient 0.8530 tsec 1.1610
#GCMRL#  498 dt   0.192000 rms  0.476 -0.001% neg 0  invalid 762 tFOTS 0.0000 tGradient 0.8570 tsec 1.5630
#FOTS# QuadFit found better minimum quadopt=(dt=0.028,rms=0.475699) vs oldopt=(dt=0.02,rms=0.475699)
#GCMRL#  499 dt   0.028000 rms  0.476  0.000% neg 0  invalid 762 tFOTS 3.8940 tGradient 0.8880 tsec 5.1430
#FOTS# QuadFit found better minimum quadopt=(dt=0.028,rms=0.475698) vs oldopt=(dt=0.02,rms=0.475698)
#GCMRL#  500 dt   0.028000 rms  0.476  0.000% neg 0  invalid 762 tFOTS 3.8850 tGradient 0.8700 tsec 5.0840
#FOTS# QuadFit found better minimum quadopt=(dt=0.024,rms=0.475695) vs oldopt=(dt=0.02,rms=0.475695)
#GCMRL#  501 dt   0.024000 rms  0.476  0.000% neg 0  invalid 762 tFOTS 3.8300 tGradient 0.9190 tsec 5.0800
#FOTS# QuadFit found better minimum quadopt=(dt=0.028,rms=0.475695) vs oldopt=(dt=0.02,rms=0.475695)

#GCAMreg# pass 0 level1 0 level2 1 tsec 103.212 sigma 0.5
l_jacobian=1.00 l_label=1.00 l_log_likelihood=0.20 l_smoothness=2.00 
tol=5.00e-02, dt=5.00e-02, exp_k=20.0, momentum=0.90, levels=6, niter=500, lbl_dist=10.00, avgs=0, sigma=0.5,type=2, relabel=0, neg=no

blurring input image with Gaussian with sigma=0.500...
GCAMRegisterLevel(): init RMS 0.476589
#FOTS# QuadFit found better minimum quadopt=(dt=0.384,rms=0.473003) vs oldopt=(dt=0.32,rms=0.473425)
#GCMRL#  503 dt   0.384000 rms  0.473  0.752% neg 0  invalid 762 tFOTS 3.8550 tGradient 0.8920 tsec 5.0770
#FOTS# QuadFit found better minimum quadopt=(dt=0.384,rms=0.472431) vs oldopt=(dt=0.32,rms=0.472519)
#GCMRL#  504 dt   0.384000 rms  0.472  0.121% neg 0  invalid 762 tFOTS 3.8290 tGradient 0.9020 tsec 5.0560
#FOTS# QuadFit found better minimum quadopt=(dt=0.384,rms=0.472286) vs oldopt=(dt=0.32,rms=0.472304)
#GCMRL#  505 dt   0.384000 rms  0.472  0.000% neg 0  invalid 762 tFOTS 4.0730 tGradient 0.8670 tsec 5.2910
#GCMRL#  506 dt   0.384000 rms  0.472  0.011% neg 0  invalid 762 tFOTS 0.0000 tGradient 0.8710 tsec 1.2300
#GCMRL#  507 dt   0.384000 rms  0.472  0.010% neg 0  invalid 762 tFOTS 0.0000 tGradient 0.8650 tsec 1.1600
#GCMRL#  508 dt   0.192000 rms  0.472  0.001% neg 0  invalid 762 tFOTS 0.0000 tGradient 0.8810 tsec 1.6410
#GCMRL#  509 dt   0.320000 rms  0.472  0.002% neg 0  invalid 762 tFOTS 4.0580 tGradient 0.9290 tsec 5.3320
#FOTS# QuadFit found better minimum quadopt=(dt=2.73438e-05,rms=0.472176) vs oldopt=(dt=1.95313e-05,rms=0.472176)
GCAMregister done in 30.1901 min
********************* ALLOWING NEGATIVE NODES IN DEFORMATION********************************
noneg post
Starting GCAMregister()
label assignment complete, 0 changed (0.00%)
npasses = 1, nlevels = 6
#pass# 1 of 1 ************************
enabling zero nodes
setting smoothness cost coefficient to 0.008

#GCAMreg# pass 0 level1 5 level2 0 tsec 0 sigma 2
l_jacobian=1.00 l_label=1.00 l_log_likelihood=0.20 l_smoothness=0.01 
tol=2.50e-01, dt=5.00e-02, exp_k=20.0, momentum=0.90, levels=6, niter=500, lbl_dist=10.00, avgs=256, sigma=2.0,type=2, relabel=0, neg=yes

blurring input image with Gaussian with sigma=2.000...
GCAMRegisterLevel(): init RMS 0.470869
#GCMRL#  511 dt   0.000000 rms  0.470  0.190% neg 0  invalid 762 tFOTS 4.7460 tGradient 2.9340 tsec 8.0020

#GCAMreg# pass 0 level1 5 level2 1 tsec 25.531 sigma 0.5
l_jacobian=1.00 l_label=1.00 l_log_likelihood=0.20 l_smoothness=0.01 
tol=2.50e-01, dt=5.00e-02, exp_k=20.0, momentum=0.90, levels=6, niter=500, lbl_dist=10.00, avgs=256, sigma=0.5,type=2, relabel=0, neg=yes

blurring input image with Gaussian with sigma=0.500...
GCAMRegisterLevel(): init RMS 0.470869
#FOTS# QuadFit found better minimum quadopt=(dt=129.472,rms=0.469807) vs oldopt=(dt=92.48,rms=0.469839)
#GCMRL#  513 dt 129.472000 rms  0.470  0.225% neg 0  invalid 762 tFOTS 4.7710 tGradient 2.8880 tsec 7.9810
#FOTS# QuadFit found better minimum quadopt=(dt=295.936,rms=0.469585) vs oldopt=(dt=369.92,rms=0.469595)
#GCMRL#  514 dt 295.936000 rms  0.470  0.000% neg 0  invalid 762 tFOTS 4.7650 tGradient 2.9610 tsec 8.0730
setting smoothness cost coefficient to 0.031

#GCAMreg# pass 0 level1 4 level2 0 tsec 0 sigma 2
l_jacobian=1.00 l_label=1.00 l_log_likelihood=0.20 l_smoothness=0.03 
tol=2.50e-01, dt=5.00e-02, exp_k=20.0, momentum=0.90, levels=6, niter=500, lbl_dist=10.00, avgs=64, sigma=2.0,type=2, relabel=0, neg=yes

blurring input image with Gaussian with sigma=2.000...
GCAMRegisterLevel(): init RMS 0.47052
#FOTS# QuadFit found better minimum quadopt=(dt=36.288,rms=0.46903) vs oldopt=(dt=25.92,rms=0.469114)
#GCMRL#  516 dt  36.288000 rms  0.469  0.317% neg 0  invalid 762 tFOTS 4.9130 tGradient 2.2990 tsec 7.5250
#FOTS# QuadFit found better minimum quadopt=(dt=82.944,rms=0.468488) vs oldopt=(dt=103.68,rms=0.4685)
#GCMRL#  517 dt  82.944000 rms  0.468  0.000% neg 0  invalid 762 tFOTS 5.2130 tGradient 2.4910 tsec 8.0970
#GCMRL#  518 dt  82.944000 rms  0.468  0.159% neg 0  invalid 762 tFOTS 0.0000 tGradient 2.4580 tsec 2.7750
iter 0, gcam->neg = 1
after 6 iterations, nbhd size=1, neg = 0
#GCMRL#  519 dt  82.944000 rms  0.467  0.126% neg 0  invalid 762 tFOTS 0.0000 tGradient 2.1230 tsec 5.2480
#GCMRL#  520 dt  82.944000 rms  0.467  0.005% neg 0  invalid 762 tFOTS 0.0000 tGradient 1.8500 tsec 2.1620
iter 0, gcam->neg = 1
after 0 iterations, nbhd size=0, neg = 0
#GCMRL#  521 dt  82.944000 rms  0.467 -0.038% neg 0  invalid 762 tFOTS 0.0000 tGradient 1.6990 tsec 2.9900
#FOTS# QuadFit found better minimum quadopt=(dt=248.832,rms=0.466129) vs oldopt=(dt=414.72,rms=0.466418)
#GCMRL#  522 dt 248.832000 rms  0.466  0.212% neg 0  invalid 762 tFOTS 4.8520 tGradient 1.7050 tsec 6.8870
#FOTS# QuadFit found better minimum quadopt=(dt=31.104,rms=0.465847) vs oldopt=(dt=25.92,rms=0.465853)

#GCAMreg# pass 0 level1 4 level2 1 tsec 52.208 sigma 0.5
l_jacobian=1.00 l_label=1.00 l_log_likelihood=0.20 l_smoothness=0.03 
tol=2.50e-01, dt=5.00e-02, exp_k=20.0, momentum=0.90, levels=6, niter=500, lbl_dist=10.00, avgs=64, sigma=0.5,type=2, relabel=0, neg=yes

blurring input image with Gaussian with sigma=0.500...
GCAMRegisterLevel(): init RMS 0.466707
#FOTS# QuadFit found better minimum quadopt=(dt=98.242,rms=0.464336) vs oldopt=(dt=103.68,rms=0.464344)
#GCMRL#  524 dt  98.242038 rms  0.464  0.508% neg 0  invalid 762 tFOTS 5.1590 tGradient 1.7090 tsec 7.1930
#FOTS# QuadFit found better minimum quadopt=(dt=36.288,rms=0.463802) vs oldopt=(dt=25.92,rms=0.463894)
#GCMRL#  525 dt  36.288000 rms  0.464  0.000% neg 0  invalid 762 tFOTS 4.8890 tGradient 1.6990 tsec 6.9340
#GCMRL#  526 dt  36.288000 rms  0.464  0.047% neg 0  invalid 762 tFOTS 0.0000 tGradient 1.6990 tsec 2.0130
#GCMRL#  527 dt  36.288000 rms  0.463  0.057% neg 0  invalid 762 tFOTS 0.0000 tGradient 1.6950 tsec 2.0060
#GCMRL#  528 dt  36.288000 rms  0.463  0.066% neg 0  invalid 762 tFOTS 0.0000 tGradient 1.7070 tsec 2.0300
#GCMRL#  529 dt  36.288000 rms  0.463  0.069% neg 0  invalid 762 tFOTS 0.0000 tGradient 1.7230 tsec 2.0340
#GCMRL#  530 dt  36.288000 rms  0.462  0.062% neg 0  invalid 762 tFOTS 0.0000 tGradient 1.7150 tsec 2.0260
#GCMRL#  531 dt  36.288000 rms  0.462  0.056% neg 0  invalid 762 tFOTS 0.0000 tGradient 1.7070 tsec 2.0410
#FOTS# QuadFit found better minimum quadopt=(dt=145.152,rms=0.461981) vs oldopt=(dt=103.68,rms=0.462003)
setting smoothness cost coefficient to 0.118

#GCAMreg# pass 0 level1 3 level2 0 tsec 0 sigma 2
l_jacobian=1.00 l_label=1.00 l_log_likelihood=0.20 l_smoothness=0.12 
tol=2.50e-01, dt=5.00e-02, exp_k=20.0, momentum=0.90, levels=6, niter=500, lbl_dist=10.00, avgs=16, sigma=2.0,type=2, relabel=0, neg=yes

blurring input image with Gaussian with sigma=2.000...
GCAMRegisterLevel(): init RMS 0.463242
#FOTS# QuadFit found better minimum quadopt=(dt=38.4,rms=0.460332) vs oldopt=(dt=32,rms=0.460381)
iter 0, gcam->neg = 4
after 2 iterations, nbhd size=0, neg = 0
#GCMRL#  533 dt  38.400000 rms  0.460  0.628% neg 0  invalid 762 tFOTS 5.0680 tGradient 1.5640 tsec 8.4220
#FOTS# QuadFit found better minimum quadopt=(dt=68.6265,rms=0.457838) vs oldopt=(dt=32,rms=0.458318)
iter 0, gcam->neg = 14
after 11 iterations, nbhd size=1, neg = 0
#GCMRL#  534 dt  68.626506 rms  0.458  0.531% neg 0  invalid 762 tFOTS 5.0500 tGradient 1.6210 tsec 11.6760
#FOTS# QuadFit found better minimum quadopt=(dt=24.1311,rms=0.456499) vs oldopt=(dt=32,rms=0.456752)
iter 0, gcam->neg = 1
after 2 iterations, nbhd size=0, neg = 0
#GCMRL#  535 dt  24.131148 rms  0.457  0.303% neg 0  invalid 762 tFOTS 5.0870 tGradient 1.6740 tsec 8.5460
#FOTS# QuadFit found better minimum quadopt=(dt=44.8,rms=0.45494) vs oldopt=(dt=32,rms=0.455113)
iter 0, gcam->neg = 3
after 2 iterations, nbhd size=0, neg = 0
#GCMRL#  536 dt  44.800000 rms  0.455  0.343% neg 0  invalid 762 tFOTS 5.1030 tGradient 1.5910 tsec 8.5490
#FOTS# QuadFit found better minimum quadopt=(dt=11.2,rms=0.454565) vs oldopt=(dt=8,rms=0.454642)
#GCMRL#  537 dt  11.200000 rms  0.455  0.000% neg 0  invalid 762 tFOTS 4.9640 tGradient 1.6410 tsec 6.9890
#GCMRL#  538 dt  11.200000 rms  0.454  0.059% neg 0  invalid 762 tFOTS 0.0000 tGradient 1.6440 tsec 1.9600
iter 0, gcam->neg = 1
after 1 iterations, nbhd size=0, neg = 0
#GCMRL#  539 dt  11.200000 rms  0.454  0.074% neg 0  invalid 762 tFOTS 0.0000 tGradient 1.6620 tsec 3.2320
iter 0, gcam->neg = 1
after 0 iterations, nbhd size=0, neg = 0
#GCMRL#  540 dt  11.200000 rms  0.453  0.115% neg 0  invalid 762 tFOTS 0.0000 tGradient 1.6250 tsec 2.7990
iter 0, gcam->neg = 1
after 1 iterations, nbhd size=0, neg = 0
#GCMRL#  541 dt  11.200000 rms  0.453  0.150% neg 0  invalid 762 tFOTS 0.0000 tGradient 1.6180 tsec 3.2270
#GCMRL#  542 dt  11.200000 rms  0.452  0.154% neg 0  invalid 762 tFOTS 0.0000 tGradient 1.6350 tsec 1.9740
iter 0, gcam->neg = 1
after 0 iterations, nbhd size=0, neg = 0
#GCMRL#  543 dt  11.200000 rms  0.451  0.152% neg 0  invalid 762 tFOTS 0.0000 tGradient 1.6030 tsec 2.8590
iter 0, gcam->neg = 3
after 2 iterations, nbhd size=0, neg = 0
#GCMRL#  544 dt  11.200000 rms  0.451  0.130% neg 0  invalid 762 tFOTS 0.0000 tGradient 1.6050 tsec 3.4650
iter 0, gcam->neg = 3
after 3 iterations, nbhd size=0, neg = 0
#GCMRL#  545 dt  11.200000 rms  0.450  0.121% neg 0  invalid 762 tFOTS 0.0000 tGradient 1.5660 tsec 3.7770
iter 0, gcam->neg = 3
after 10 iterations, nbhd size=1, neg = 0
#GCMRL#  546 dt  11.200000 rms  0.450  0.095% neg 0  invalid 762 tFOTS 0.0000 tGradient 1.5710 tsec 6.4300
#FOTS# QuadFit found better minimum quadopt=(dt=102.4,rms=0.449131) vs oldopt=(dt=128,rms=0.449176)
iter 0, gcam->neg = 4
after 2 iterations, nbhd size=0, neg = 0
#GCMRL#  547 dt 102.400000 rms  0.449  0.152% neg 0  invalid 762 tFOTS 4.6830 tGradient 1.5930 tsec 8.1320
#FOTS# QuadFit found better minimum quadopt=(dt=11.2,rms=0.449012) vs oldopt=(dt=8,rms=0.449053)
#GCMRL#  548 dt  11.200000 rms  0.449  0.000% neg 0  invalid 762 tFOTS 4.9930 tGradient 1.5890 tsec 6.9290
iter 0, gcam->neg = 1
after 0 iterations, nbhd size=0, neg = 0
#GCMRL#  549 dt  11.200000 rms  0.449  0.028% neg 0  invalid 762 tFOTS 0.0000 tGradient 1.5730 tsec 2.6760

#GCAMreg# pass 0 level1 3 level2 1 tsec 103.155 sigma 0.5
l_jacobian=1.00 l_label=1.00 l_log_likelihood=0.20 l_smoothness=0.12 
tol=2.50e-01, dt=5.00e-02, exp_k=20.0, momentum=0.90, levels=6, niter=500, lbl_dist=10.00, avgs=16, sigma=0.5,type=2, relabel=0, neg=yes

blurring input image with Gaussian with sigma=0.500...
GCAMRegisterLevel(): init RMS 0.449774
#FOTS# QuadFit found better minimum quadopt=(dt=44.8,rms=0.446315) vs oldopt=(dt=32,rms=0.446579)
#GCMRL#  551 dt  44.800000 rms  0.446  0.769% neg 0  invalid 762 tFOTS 5.0230 tGradient 1.6270 tsec 6.9730
#FOTS# QuadFit found better minimum quadopt=(dt=25.6,rms=0.44557) vs oldopt=(dt=32,rms=0.445586)
#GCMRL#  552 dt  25.600000 rms  0.446  0.000% neg 0  invalid 762 tFOTS 4.9840 tGradient 1.5650 tsec 6.8950
#GCMRL#  553 dt  25.600000 rms  0.445  0.112% neg 0  invalid 762 tFOTS 0.0000 tGradient 1.5880 tsec 1.8970
#GCMRL#  554 dt  25.600000 rms  0.444  0.132% neg 0  invalid 762 tFOTS 0.0000 tGradient 1.5730 tsec 1.8910
iter 0, gcam->neg = 2
after 1 iterations, nbhd size=0, neg = 0
#GCMRL#  555 dt  25.600000 rms  0.444  0.130% neg 0  invalid 762 tFOTS 0.0000 tGradient 1.5670 tsec 3.0470
#GCMRL#  556 dt  25.600000 rms  0.443  0.099% neg 0  invalid 762 tFOTS 0.0000 tGradient 1.6290 tsec 1.9390
#GCMRL#  557 dt  25.600000 rms  0.443  0.104% neg 0  invalid 762 tFOTS 0.0000 tGradient 1.5340 tsec 1.8450
iter 0, gcam->neg = 1
after 2 iterations, nbhd size=0, neg = 0
#GCMRL#  558 dt  25.600000 rms  0.443  0.093% neg 0  invalid 762 tFOTS 0.0000 tGradient 1.8090 tsec 3.7630
#FOTS# QuadFit found better minimum quadopt=(dt=25.6,rms=0.442398) vs oldopt=(dt=32,rms=0.442406)
#GCMRL#  559 dt  25.600000 rms  0.442  0.000% neg 0  invalid 762 tFOTS 4.9500 tGradient 1.5850 tsec 6.8790
#GCMRL#  560 dt  25.600000 rms  0.442  0.038% neg 0  invalid 762 tFOTS 0.0000 tGradient 1.5580 tsec 1.8620
iter 0, gcam->neg = 1
after 2 iterations, nbhd size=0, neg = 0
#GCMRL#  561 dt  25.600000 rms  0.442  0.060% neg 0  invalid 762 tFOTS 0.0000 tGradient 1.5630 tsec 3.3020
iter 0, gcam->neg = 1
after 0 iterations, nbhd size=0, neg = 0
#GCMRL#  562 dt  25.600000 rms  0.442  0.064% neg 0  invalid 762 tFOTS 0.0000 tGradient 1.5640 tsec 2.5920
#GCMRL#  563 dt  25.600000 rms  0.441  0.065% neg 0  invalid 762 tFOTS 0.0000 tGradient 1.5840 tsec 1.8860
iter 0, gcam->neg = 1
after 1 iterations, nbhd size=0, neg = 0
#GCMRL#  564 dt  25.600000 rms  0.441  0.069% neg 0  invalid 762 tFOTS 0.0000 tGradient 1.5880 tsec 2.9730
#GCMRL#  565 dt  25.600000 rms  0.441  0.088% neg 0  invalid 762 tFOTS 0.0000 tGradient 1.5840 tsec 1.8900
#GCMRL#  566 dt  25.600000 rms  0.440  0.086% neg 0  invalid 762 tFOTS 0.0000 tGradient 1.5960 tsec 1.8980
setting smoothness cost coefficient to 0.400

#GCAMreg# pass 0 level1 2 level2 0 tsec 0 sigma 2
l_jacobian=1.00 l_label=1.00 l_log_likelihood=0.20 l_smoothness=0.40 
tol=2.50e-01, dt=5.00e-02, exp_k=20.0, momentum=0.90, levels=6, niter=500, lbl_dist=10.00, avgs=4, sigma=2.0,type=2, relabel=0, neg=yes

blurring input image with Gaussian with sigma=2.000...
GCAMRegisterLevel(): init RMS 0.445406
#FOTS# QuadFit found better minimum quadopt=(dt=-0.000244141,rms=0.444476) vs oldopt=(dt=0.000175781,rms=0.444476)
#GCMRL#  568 dt  -0.000244 rms  0.444  0.209% neg 0  invalid 762 tFOTS 6.0850 tGradient 1.4750 tsec 7.8800

#GCAMreg# pass 0 level1 2 level2 1 tsec 23.861 sigma 0.5
l_jacobian=1.00 l_label=1.00 l_log_likelihood=0.20 l_smoothness=0.40 
tol=2.50e-01, dt=5.00e-02, exp_k=20.0, momentum=0.90, levels=6, niter=500, lbl_dist=10.00, avgs=4, sigma=0.5,type=2, relabel=0, neg=yes

blurring input image with Gaussian with sigma=0.500...
GCAMRegisterLevel(): init RMS 0.445406
#FOTS# QuadFit found better minimum quadopt=(dt=1.008,rms=0.444458) vs oldopt=(dt=0.72,rms=0.444461)
#GCMRL#  570 dt   1.008000 rms  0.444  0.213% neg 0  invalid 762 tFOTS 4.8370 tGradient 1.4710 tsec 6.6300
#FOTS# QuadFit found better minimum quadopt=(dt=0.864,rms=0.444458) vs oldopt=(dt=0.72,rms=0.444458)
setting smoothness cost coefficient to 1.000

#GCAMreg# pass 0 level1 1 level2 0 tsec 0 sigma 2
l_jacobian=1.00 l_label=1.00 l_log_likelihood=0.20 l_smoothness=1.00 
tol=2.50e-01, dt=5.00e-02, exp_k=20.0, momentum=0.90, levels=6, niter=500, lbl_dist=10.00, avgs=1, sigma=2.0,type=2, relabel=0, neg=yes

blurring input image with Gaussian with sigma=2.000...
GCAMRegisterLevel(): init RMS 0.454398
#FOTS# QuadFit found better minimum quadopt=(dt=1.024,rms=0.452771) vs oldopt=(dt=1.28,rms=0.452783)
#GCMRL#  572 dt   1.024000 rms  0.453  0.358% neg 0  invalid 762 tFOTS 5.1400 tGradient 1.3700 tsec 6.8340
#FOTS# QuadFit found better minimum quadopt=(dt=0.448,rms=0.452699) vs oldopt=(dt=0.32,rms=0.452703)
#GCMRL#  573 dt   0.448000 rms  0.453  0.000% neg 0  invalid 762 tFOTS 5.2070 tGradient 1.3950 tsec 6.9600

#GCAMreg# pass 0 level1 1 level2 1 tsec 25.036 sigma 0.5
l_jacobian=1.00 l_label=1.00 l_log_likelihood=0.20 l_smoothness=1.00 
tol=2.50e-01, dt=5.00e-02, exp_k=20.0, momentum=0.90, levels=6, niter=500, lbl_dist=10.00, avgs=1, sigma=0.5,type=2, relabel=0, neg=yes

blurring input image with Gaussian with sigma=0.500...
GCAMRegisterLevel(): init RMS 0.453581
#GCMRL#  575 dt   1.280000 rms  0.452  0.309% neg 0  invalid 762 tFOTS 4.9880 tGradient 1.4430 tsec 6.7630
#FOTS# QuadFit found better minimum quadopt=(dt=0.448,rms=0.452093) vs oldopt=(dt=0.32,rms=0.452103)
#GCMRL#  576 dt   0.448000 rms  0.452  0.000% neg 0  invalid 762 tFOTS 4.9910 tGradient 1.4320 tsec 6.7770
#GCMRL#  577 dt   0.448000 rms  0.452  0.004% neg 0  invalid 762 tFOTS 0.0000 tGradient 1.4210 tsec 1.7410
resetting metric properties...
setting smoothness cost coefficient to 2.000

#GCAMreg# pass 0 level1 0 level2 0 tsec 0 sigma 2
l_jacobian=1.00 l_label=1.00 l_log_likelihood=0.20 l_smoothness=2.00 
tol=2.50e-01, dt=5.00e-02, exp_k=20.0, momentum=0.90, levels=6, niter=500, lbl_dist=10.00, avgs=0, sigma=2.0,type=2, relabel=0, neg=yes

blurring input image with Gaussian with sigma=2.000...
GCAMRegisterLevel(): init RMS 0.444748
#FOTS# QuadFit found better minimum quadopt=(dt=2.19358,rms=0.411763) vs oldopt=(dt=1.28,rms=0.417506)
iter 0, gcam->neg = 785
after 16 iterations, nbhd size=1, neg = 0
#GCMRL#  579 dt   2.193584 rms  0.414  7.014% neg 0  invalid 762 tFOTS 5.2070 tGradient 0.9180 tsec 15.5570
#FOTS# QuadFit found better minimum quadopt=(dt=0.048,rms=0.413493) vs oldopt=(dt=0.08,rms=0.413515)
#GCMRL#  580 dt   0.048000 rms  0.413  0.000% neg 0  invalid 762 tFOTS 5.5440 tGradient 1.0240 tsec 7.0140

#GCAMreg# pass 0 level1 0 level2 1 tsec 33.488 sigma 0.5
l_jacobian=1.00 l_label=1.00 l_log_likelihood=0.20 l_smoothness=2.00 
tol=2.50e-01, dt=5.00e-02, exp_k=20.0, momentum=0.90, levels=6, niter=500, lbl_dist=10.00, avgs=0, sigma=0.5,type=2, relabel=0, neg=yes

blurring input image with Gaussian with sigma=0.500...
GCAMRegisterLevel(): init RMS 0.414433
#FOTS# QuadFit found better minimum quadopt=(dt=0.064,rms=0.413376) vs oldopt=(dt=0.08,rms=0.413394)
#GCMRL#  582 dt   0.064000 rms  0.413  0.255% neg 0  invalid 762 tFOTS 5.3790 tGradient 1.0980 tsec 6.8220
#GCMRL#  583 dt   0.050000 rms  0.413  0.000% neg 0  invalid 762 tFOTS 5.1840 tGradient 1.0300 tsec 6.6460
label assignment complete, 0 changed (0.00%)
GCAMregister done in 7.05462 min
Starting GCAMcomputeMaxPriorLabels()
Morphing with label term set to 0 *******************************
Starting GCAMregister()
label assignment complete, 0 changed (0.00%)
npasses = 1, nlevels = 6
#pass# 1 of 1 ************************
enabling zero nodes
setting smoothness cost coefficient to 0.008

#GCAMreg# pass 0 level1 5 level2 0 tsec 0 sigma 2
l_jacobian=1.00 l_log_likelihood=0.20 l_smoothness=0.01 
tol=2.50e-01, dt=5.00e-02, exp_k=20.0, momentum=0.90, levels=6, niter=500, lbl_dist=10.00, avgs=256, sigma=2.0,type=2, relabel=0, neg=yes

blurring input image with Gaussian with sigma=2.000...
GCAMRegisterLevel(): init RMS 0.398744

#GCAMreg# pass 0 level1 5 level2 1 tsec 16.507 sigma 0.5
l_jacobian=1.00 l_log_likelihood=0.20 l_smoothness=0.01 
tol=2.50e-01, dt=5.00e-02, exp_k=20.0, momentum=0.90, levels=6, niter=500, lbl_dist=10.00, avgs=256, sigma=0.5,type=2, relabel=0, neg=yes

blurring input image with Gaussian with sigma=0.500...
GCAMRegisterLevel(): init RMS 0.398744
setting smoothness cost coefficient to 0.031

#GCAMreg# pass 0 level1 4 level2 0 tsec 0 sigma 2
l_jacobian=1.00 l_log_likelihood=0.20 l_smoothness=0.03 
tol=2.50e-01, dt=5.00e-02, exp_k=20.0, momentum=0.90, levels=6, niter=500, lbl_dist=10.00, avgs=64, sigma=2.0,type=2, relabel=0, neg=yes

blurring input image with Gaussian with sigma=2.000...
GCAMRegisterLevel(): init RMS 0.398927
#GCMRL#  587 dt   0.001582 rms  0.399  0.000% neg 0  invalid 762 tFOTS 5.7920 tGradient 1.2540 tsec 7.3450

#GCAMreg# pass 0 level1 4 level2 1 tsec 22.622 sigma 0.5
l_jacobian=1.00 l_log_likelihood=0.20 l_smoothness=0.03 
tol=2.50e-01, dt=5.00e-02, exp_k=20.0, momentum=0.90, levels=6, niter=500, lbl_dist=10.00, avgs=64, sigma=0.5,type=2, relabel=0, neg=yes

blurring input image with Gaussian with sigma=0.500...
GCAMRegisterLevel(): init RMS 0.398927
#FOTS# QuadFit found better minimum quadopt=(dt=36.288,rms=0.398823) vs oldopt=(dt=25.92,rms=0.398838)
#GCMRL#  589 dt  36.288000 rms  0.399  0.026% neg 0  invalid 762 tFOTS 4.3040 tGradient 1.2250 tsec 5.8330
#FOTS# QuadFit found better minimum quadopt=(dt=82.944,rms=0.398741) vs oldopt=(dt=103.68,rms=0.398744)
#GCMRL#  590 dt  82.944000 rms  0.399  0.000% neg 0  invalid 762 tFOTS 4.3360 tGradient 1.2020 tsec 5.8700
#GCMRL#  591 dt  82.944000 rms  0.399  0.027% neg 0  invalid 762 tFOTS 0.0000 tGradient 1.2460 tsec 1.5340
#GCMRL#  592 dt  82.944000 rms  0.399  0.020% neg 0  invalid 762 tFOTS 0.0000 tGradient 1.2240 tsec 1.5130
setting smoothness cost coefficient to 0.118

#GCAMreg# pass 0 level1 3 level2 0 tsec 0 sigma 2
l_jacobian=1.00 l_log_likelihood=0.20 l_smoothness=0.12 
tol=2.50e-01, dt=5.00e-02, exp_k=20.0, momentum=0.90, levels=6, niter=500, lbl_dist=10.00, avgs=16, sigma=2.0,type=2, relabel=0, neg=yes

blurring input image with Gaussian with sigma=2.000...
GCAMRegisterLevel(): init RMS 0.399253
#FOTS# QuadFit found better minimum quadopt=(dt=11.2,rms=0.399038) vs oldopt=(dt=8,rms=0.399061)
#GCMRL#  594 dt  11.200000 rms  0.399  0.054% neg 0  invalid 762 tFOTS 4.5790 tGradient 1.0350 tsec 5.9210
#GCMRL#  595 dt   8.000000 rms  0.399  0.000% neg 0  invalid 762 tFOTS 4.5760 tGradient 1.0680 tsec 5.9670
#GCMRL#  596 dt   8.000000 rms  0.399  0.003% neg 0  invalid 762 tFOTS 0.0000 tGradient 1.0440 tsec 1.3260

#GCAMreg# pass 0 level1 3 level2 1 tsec 24.017 sigma 0.5
l_jacobian=1.00 l_log_likelihood=0.20 l_smoothness=0.12 
tol=2.50e-01, dt=5.00e-02, exp_k=20.0, momentum=0.90, levels=6, niter=500, lbl_dist=10.00, avgs=16, sigma=0.5,type=2, relabel=0, neg=yes

blurring input image with Gaussian with sigma=0.500...
GCAMRegisterLevel(): init RMS 0.398978
#FOTS# QuadFit found better minimum quadopt=(dt=69.3333,rms=0.396897) vs oldopt=(dt=32,rms=0.397287)
#GCMRL#  598 dt  69.333333 rms  0.397  0.521% neg 0  invalid 762 tFOTS 4.8840 tGradient 1.0490 tsec 6.2310
#FOTS# QuadFit found better minimum quadopt=(dt=24.065,rms=0.395911) vs oldopt=(dt=32,rms=0.396074)
#GCMRL#  599 dt  24.065041 rms  0.396  0.000% neg 0  invalid 762 tFOTS 4.3590 tGradient 1.0260 tsec 5.7060
#GCMRL#  600 dt  24.065041 rms  0.396  0.078% neg 0  invalid 762 tFOTS 0.0000 tGradient 1.0200 tsec 1.3080
#GCMRL#  601 dt  24.065041 rms  0.395  0.100% neg 0  invalid 762 tFOTS 0.0000 tGradient 1.0230 tsec 1.3060
iter 0, gcam->neg = 1
after 5 iterations, nbhd size=0, neg = 0
#GCMRL#  602 dt  24.065041 rms  0.395  0.155% neg 0  invalid 762 tFOTS 0.0000 tGradient 1.1100 tsec 3.8510
iter 0, gcam->neg = 2
after 3 iterations, nbhd size=0, neg = 0
#GCMRL#  603 dt  24.065041 rms  0.394  0.149% neg 0  invalid 762 tFOTS 0.0000 tGradient 1.0420 tsec 3.1020
iter 0, gcam->neg = 4
after 14 iterations, nbhd size=1, neg = 0
#GCMRL#  604 dt  24.065041 rms  0.394  0.123% neg 0  invalid 762 tFOTS 0.0000 tGradient 1.0490 tsec 6.9410
iter 0, gcam->neg = 6
after 2 iterations, nbhd size=0, neg = 0
#GCMRL#  605 dt  24.065041 rms  0.393  0.135% neg 0  invalid 762 tFOTS 0.0000 tGradient 1.0460 tsec 2.7600
iter 0, gcam->neg = 4
after 1 iterations, nbhd size=0, neg = 0
#GCMRL#  606 dt  24.065041 rms  0.393  0.116% neg 0  invalid 762 tFOTS 0.0000 tGradient 1.0440 tsec 2.4670
iter 0, gcam->neg = 4
after 3 iterations, nbhd size=0, neg = 0
#GCMRL#  607 dt  24.065041 rms  0.392  0.111% neg 0  invalid 762 tFOTS 0.0000 tGradient 1.0540 tsec 3.2340
#FOTS# QuadFit found better minimum quadopt=(dt=44.8,rms=0.391982) vs oldopt=(dt=32,rms=0.392001)
#GCMRL#  608 dt  44.800000 rms  0.392  0.000% neg 0  invalid 762 tFOTS 4.1040 tGradient 1.0450 tsec 5.4750
iter 0, gcam->neg = 2
after 11 iterations, nbhd size=1, neg = 0
setting smoothness cost coefficient to 0.400

#GCAMreg# pass 0 level1 2 level2 0 tsec 0 sigma 2
l_jacobian=1.00 l_log_likelihood=0.20 l_smoothness=0.40 
tol=2.50e-01, dt=5.00e-02, exp_k=20.0, momentum=0.90, levels=6, niter=500, lbl_dist=10.00, avgs=4, sigma=2.0,type=2, relabel=0, neg=yes

blurring input image with Gaussian with sigma=2.000...
GCAMRegisterLevel(): init RMS 0.395838
#FOTS# QuadFit found better minimum quadopt=(dt=3.456,rms=0.395701) vs oldopt=(dt=2.88,rms=0.395704)
iter 0, gcam->neg = 3
after 11 iterations, nbhd size=1, neg = 0
#GCMRL#  610 dt   3.456000 rms  0.396  0.009% neg 0  invalid 762 tFOTS 4.5090 tGradient 1.0100 tsec 10.4180
#FOTS# QuadFit found better minimum quadopt=(dt=1.5,rms=0.395794) vs oldopt=(dt=0.72,rms=0.395795)
iter 0, gcam->neg = 1
after 0 iterations, nbhd size=0, neg = 0
#GCMRL#  611 dt   1.500000 rms  0.396  0.000% neg 0  invalid 762 tFOTS 4.5040 tGradient 0.9780 tsec 6.5480

#GCAMreg# pass 0 level1 2 level2 1 tsec 27.793 sigma 0.5
l_jacobian=1.00 l_log_likelihood=0.20 l_smoothness=0.40 
tol=2.50e-01, dt=5.00e-02, exp_k=20.0, momentum=0.90, levels=6, niter=500, lbl_dist=10.00, avgs=4, sigma=0.5,type=2, relabel=0, neg=yes

blurring input image with Gaussian with sigma=0.500...
GCAMRegisterLevel(): init RMS 0.395792
#FOTS# QuadFit found better minimum quadopt=(dt=12.1519,rms=0.395118) vs oldopt=(dt=11.52,rms=0.395118)
#GCMRL#  613 dt  12.151899 rms  0.395  0.170% neg 0  invalid 762 tFOTS 4.5080 tGradient 0.9800 tsec 5.7860
#FOTS# QuadFit found better minimum quadopt=(dt=25.2,rms=0.394377) vs oldopt=(dt=11.52,rms=0.394613)
iter 0, gcam->neg = 6
after 3 iterations, nbhd size=0, neg = 0
#GCMRL#  614 dt  25.200000 rms  0.394  0.184% neg 0  invalid 762 tFOTS 4.4810 tGradient 0.9600 tsec 7.5370
#FOTS# QuadFit found better minimum quadopt=(dt=13.4118,rms=0.394041) vs oldopt=(dt=11.52,rms=0.394047)
iter 0, gcam->neg = 9
after 1 iterations, nbhd size=0, neg = 0
#GCMRL#  615 dt  13.411765 rms  0.394  0.000% neg 0  invalid 762 tFOTS 4.4390 tGradient 0.9400 tsec 6.7810
iter 0, gcam->neg = 6
after 3 iterations, nbhd size=0, neg = 0
#GCMRL#  616 dt  13.411765 rms  0.394  0.063% neg 0  invalid 762 tFOTS 0.0000 tGradient 0.9470 tsec 3.0260
iter 0, gcam->neg = 7
after 1 iterations, nbhd size=0, neg = 0
#GCMRL#  617 dt  13.411765 rms  0.393  0.111% neg 0  invalid 762 tFOTS 0.0000 tGradient 0.9660 tsec 2.3460
iter 0, gcam->neg = 10
after 5 iterations, nbhd size=0, neg = 0
#GCMRL#  618 dt  13.411765 rms  0.393  0.080% neg 0  invalid 762 tFOTS 0.0000 tGradient 0.9540 tsec 3.7740
iter 0, gcam->neg = 8
after 5 iterations, nbhd size=0, neg = 0
#GCMRL#  619 dt  13.411765 rms  0.393  0.090% neg 0  invalid 762 tFOTS 0.0000 tGradient 0.9770 tsec 3.8700
iter 0, gcam->neg = 25
after 13 iterations, nbhd size=1, neg = 0
setting smoothness cost coefficient to 1.000

#GCAMreg# pass 0 level1 1 level2 0 tsec 0 sigma 2
l_jacobian=1.00 l_log_likelihood=0.20 l_smoothness=1.00 
tol=2.50e-01, dt=5.00e-02, exp_k=20.0, momentum=0.90, levels=6, niter=500, lbl_dist=10.00, avgs=1, sigma=2.0,type=2, relabel=0, neg=yes

blurring input image with Gaussian with sigma=2.000...
GCAMRegisterLevel(): init RMS 0.398861
#GCMRL#  621 dt   0.000050 rms  0.399  0.000% neg 0  invalid 762 tFOTS 6.2270 tGradient 0.9600 tsec 7.5300

#GCAMreg# pass 0 level1 1 level2 1 tsec 23.174 sigma 0.5
l_jacobian=1.00 l_log_likelihood=0.20 l_smoothness=1.00 
tol=2.50e-01, dt=5.00e-02, exp_k=20.0, momentum=0.90, levels=6, niter=500, lbl_dist=10.00, avgs=1, sigma=0.5,type=2, relabel=0, neg=yes

blurring input image with Gaussian with sigma=0.500...
GCAMRegisterLevel(): init RMS 0.398861
resetting metric properties...
setting smoothness cost coefficient to 2.000

#GCAMreg# pass 0 level1 0 level2 0 tsec 0 sigma 2
l_jacobian=1.00 l_log_likelihood=0.20 l_smoothness=2.00 
tol=2.50e-01, dt=5.00e-02, exp_k=20.0, momentum=0.90, levels=6, niter=500, lbl_dist=10.00, avgs=0, sigma=2.0,type=2, relabel=0, neg=yes

blurring input image with Gaussian with sigma=2.000...
GCAMRegisterLevel(): init RMS 0.388511
iter 0, gcam->neg = 694
after 15 iterations, nbhd size=1, neg = 0
#GCMRL#  624 dt   1.280000 rms  0.379  2.551% neg 0  invalid 762 tFOTS 4.8600 tGradient 0.3770 tsec 13.8960
#FOTS# QuadFit found better minimum quadopt=(dt=1.5e-05,rms=0.378598) vs oldopt=(dt=1.25e-05,rms=0.378598)
#GCMRL#  625 dt   0.000015 rms  0.379  0.000% neg 0  invalid 762 tFOTS 6.1710 tGradient 0.3710 tsec 6.9160

#GCAMreg# pass 0 level1 0 level2 1 tsec 30.941 sigma 0.5
l_jacobian=1.00 l_log_likelihood=0.20 l_smoothness=2.00 
tol=2.50e-01, dt=5.00e-02, exp_k=20.0, momentum=0.90, levels=6, niter=500, lbl_dist=10.00, avgs=0, sigma=0.5,type=2, relabel=0, neg=yes

blurring input image with Gaussian with sigma=0.500...
GCAMRegisterLevel(): init RMS 0.378598
#FOTS# QuadFit found better minimum quadopt=(dt=0.028,rms=0.37858) vs oldopt=(dt=0.02,rms=0.378581)
#GCMRL#  627 dt   0.028000 rms  0.379  0.005% neg 0  invalid 762 tFOTS 5.0230 tGradient 0.3800 tsec 5.7440
#FOTS# QuadFit found better minimum quadopt=(dt=0.007,rms=0.378579) vs oldopt=(dt=0.005,rms=0.378579)
#GCMRL#  628 dt   0.007000 rms  0.379  0.000% neg 0  invalid 762 tFOTS 5.0450 tGradient 0.3720 tsec 5.7860
GCAMregister done in 4.71843 min
writing output transformation to transforms/talairach.m3z...
GCAMwrite
Calls to gcamLogLikelihoodEnergy 4811 tmin = 2.04868
Calls to gcamLabelEnergy         4275 tmin = 1.46245
Calls to gcamJacobianEnergy      4811 tmin = 0.956067
Calls to gcamSmoothnessEnergy    4811 tmin = 5.69025
Calls to gcamLogLikelihoodTerm 630 tmin = 0.834533
Calls to gcamLabelTerm         585 tmin = 7.31957
Calls to gcamJacobianTerm      630 tmin = 1.16288
Calls to gcamSmoothnessTerm    630 tmin = 0.488283
Calls to gcamComputeGradient    630 tmin = 23.5532
Calls to gcamComputeMetricProperties    6619 tmin = 2.35905
mri_ca_register took 0 hours, 53 minutes and 49 seconds.
#VMPC# mri_ca_register VmPeak  3125960
FSRUNTIME@ mri_ca_register  0.8970 hours 16 threads
#--------------------------------------
#@# SubCort Seg Wed Mar 11 12:01:03 CET 2026

 mri_ca_label -relabel_unlikely 9 .3 -prior 0.5 -align norm.mgz transforms/talairach.m3z /opt/freesurfer/average/RB_all_2020-01-02.gca aseg.auto_noCCseg.mgz 

sysname  Linux
hostname dna043
machine  x86_64

setenv SUBJECTS_DIR /out/sourcedata/freesurfer
cd /out/sourcedata/freesurfer/sub-v2s16x51246_ses-1/mri
mri_ca_label -relabel_unlikely 9 .3 -prior 0.5 -align norm.mgz transforms/talairach.m3z /opt/freesurfer/average/RB_all_2020-01-02.gca aseg.auto_noCCseg.mgz 

relabeling unlikely voxels with window_size = 9 and prior threshold 0.30
using Gibbs prior factor = 0.500
renormalizing sequences with structure alignment, equivalent to:
	-renormalize
	-renormalize_mean 0.500
	-regularize 0.500

== Number of threads available to for OpenMP = 16 == 
reading 1 input volumes
reading classifier array from /opt/freesurfer/average/RB_all_2020-01-02.gca
reading input volume from norm.mgz
average std[0] = 7.2
reading transform from transforms/talairach.m3z
setting orig areas to linear transform determinant scaled 6.47
Atlas used for the 3D morph was /opt/freesurfer/average/RB_all_2020-01-02.gca
average std = 7.2   using min determinant for regularization = 5.2
0 singular and 0 ill-conditioned covariance matrices regularized
labeling volume...
renormalizing by structure alignment....
renormalizing input #0
gca peak = 0.15521 (20)
mri peak = 0.15928 (12)
Left_Lateral_Ventricle (4): linear fit = 0.61 x + 0.0 (4429 voxels, overlap=0.028)
Left_Lateral_Ventricle (4): linear fit = 0.61 x + 0.0 (4429 voxels, peak = 12), gca=12.1
gca peak = 0.20380 (13)
mri peak = 0.14561 (16)
Right_Lateral_Ventricle (43): linear fit = 0.87 x + 0.0 (3829 voxels, overlap=0.622)
Right_Lateral_Ventricle (43): linear fit = 0.87 x + 0.0 (3829 voxels, peak = 11), gca=11.2
gca peak = 0.26283 (96)
mri peak = 0.22474 (96)
Right_Pallidum (52): linear fit = 1.00 x + 0.0 (616 voxels, overlap=1.006)
Right_Pallidum (52): linear fit = 1.00 x + 0.0 (616 voxels, peak = 96), gca=95.5
gca peak = 0.15814 (97)
mri peak = 0.16872 (97)
Left_Pallidum (13): linear fit = 1.04 x + 0.0 (810 voxels, overlap=0.618)
Left_Pallidum (13): linear fit = 1.04 x + 0.0 (810 voxels, peak = 101), gca=101.4
gca peak = 0.27624 (56)
mri peak = 0.16398 (67)
Right_Hippocampus (53): linear fit = 1.15 x + 0.0 (1013 voxels, overlap=0.213)
Right_Hippocampus (53): linear fit = 1.15 x + 0.0 (1013 voxels, peak = 65), gca=64.7
gca peak = 0.28723 (59)
mri peak = 0.10400 (67)
Left_Hippocampus (17): linear fit = 1.12 x + 0.0 (1106 voxels, overlap=0.770)
Left_Hippocampus (17): linear fit = 1.12 x + 0.0 (1106 voxels, peak = 66), gca=65.8
gca peak = 0.07623 (103)
mri peak = 0.13789 (103)
Right_Cerebral_White_Matter (41): linear fit = 1.00 x + 0.0 (31661 voxels, overlap=0.649)
Right_Cerebral_White_Matter (41): linear fit = 1.00 x + 0.0 (31661 voxels, peak = 103), gca=103.0
gca peak = 0.07837 (105)
mri peak = 0.17811 (105)
Left_Cerebral_White_Matter (2): linear fit = 1.00 x + 0.0 (34061 voxels, overlap=0.506)
Left_Cerebral_White_Matter (2): linear fit = 1.00 x + 0.0 (34061 voxels, peak = 105), gca=105.0
gca peak = 0.10165 (58)
mri peak = 0.04749 (61)
Left_Cerebral_Cortex (3): linear fit = 0.96 x + 0.0 (34298 voxels, overlap=0.970)
Left_Cerebral_Cortex (3): linear fit = 0.96 x + 0.0 (34298 voxels, peak = 56), gca=56.0
gca peak = 0.11113 (58)
mri peak = 0.04642 (60)
Right_Cerebral_Cortex (42): linear fit = 1.02 x + 0.0 (31333 voxels, overlap=0.970)
Right_Cerebral_Cortex (42): linear fit = 1.02 x + 0.0 (31333 voxels, peak = 59), gca=59.4
gca peak = 0.27796 (67)
mri peak = 0.17808 (73)
Right_Caudate (50): linear fit = 1.07 x + 0.0 (1314 voxels, overlap=0.796)
Right_Caudate (50): linear fit = 1.07 x + 0.0 (1314 voxels, peak = 71), gca=71.4
gca peak = 0.14473 (69)
mri peak = 0.16365 (71)
Left_Caudate (11): linear fit = 0.96 x + 0.0 (1318 voxels, overlap=0.688)
Left_Caudate (11): linear fit = 0.96 x + 0.0 (1318 voxels, peak = 67), gca=66.6
gca peak = 0.14301 (56)
mri peak = 0.06709 (62)
Left_Cerebellum_Cortex (8): linear fit = 1.09 x + 0.0 (31900 voxels, overlap=0.872)
Left_Cerebellum_Cortex (8): linear fit = 1.09 x + 0.0 (31900 voxels, peak = 61), gca=60.8
gca peak = 0.14610 (55)
mri peak = 0.07490 (63)
Right_Cerebellum_Cortex (47): linear fit = 1.09 x + 0.0 (34978 voxels, overlap=0.838)
Right_Cerebellum_Cortex (47): linear fit = 1.09 x + 0.0 (34978 voxels, peak = 60), gca=59.7
gca peak = 0.16309 (85)
mri peak = 0.14606 (90)
Left_Cerebellum_White_Matter (7): linear fit = 1.09 x + 0.0 (5527 voxels, overlap=0.120)
Left_Cerebellum_White_Matter (7): linear fit = 1.09 x + 0.0 (5527 voxels, peak = 92), gca=92.2
gca peak = 0.15172 (84)
mri peak = 0.13797 (90)
Right_Cerebellum_White_Matter (46): linear fit = 1.08 x + 0.0 (5644 voxels, overlap=0.365)
Right_Cerebellum_White_Matter (46): linear fit = 1.08 x + 0.0 (5644 voxels, peak = 90), gca=90.3
gca peak = 0.30461 (58)
mri peak = 0.14803 (64)
Left_Amygdala (18): linear fit = 1.12 x + 0.0 (608 voxels, overlap=0.039)
Left_Amygdala (18): linear fit = 1.12 x + 0.0 (608 voxels, peak = 65), gca=64.7
gca peak = 0.32293 (57)
mri peak = 0.17108 (66)
Right_Amygdala (54): linear fit = 1.16 x + 0.0 (558 voxels, overlap=0.032)
Right_Amygdala (54): linear fit = 1.16 x + 0.0 (558 voxels, peak = 66), gca=66.4
gca peak = 0.11083 (90)
mri peak = 0.07590 (89)
Left_Thalamus (10): linear fit = 1.01 x + 0.0 (4071 voxels, overlap=0.938)
Left_Thalamus (10): linear fit = 1.01 x + 0.0 (4071 voxels, peak = 91), gca=91.3
gca peak = 0.11393 (83)
mri peak = 0.06215 (89)
Right_Thalamus (49): linear fit = 1.09 x + 0.0 (4766 voxels, overlap=0.834)
Right_Thalamus (49): linear fit = 1.09 x + 0.0 (4766 voxels, peak = 90), gca=90.1
gca peak = 0.08575 (81)
mri peak = 0.13288 (80)
Left_Putamen (12): linear fit = 1.01 x + 0.0 (1763 voxels, overlap=0.790)
Left_Putamen (12): linear fit = 1.01 x + 0.0 (1763 voxels, peak = 82), gca=82.2
gca peak = 0.08618 (78)
mri peak = 0.13072 (79)
Right_Putamen (51): linear fit = 1.02 x + 0.0 (1809 voxels, overlap=0.837)
Right_Putamen (51): linear fit = 1.02 x + 0.0 (1809 voxels, peak = 80), gca=79.9
gca peak = 0.08005 (78)
mri peak = 0.07988 (93)
Brain_Stem (16): linear fit = 1.13 x + 0.0 (11046 voxels, overlap=0.492)
Brain_Stem (16): linear fit = 1.13 x + 0.0 (11046 voxels, peak = 89), gca=88.5
gca peak = 0.12854 (88)
mri peak = 0.10297 (100)
Right_VentralDC (60): linear fit = 1.11 x + 0.0 (1447 voxels, overlap=0.124)
Right_VentralDC (60): linear fit = 1.11 x + 0.0 (1447 voxels, peak = 97), gca=97.2
gca peak = 0.15703 (87)
mri peak = 0.11478 (100)
Left_VentralDC (28): linear fit = 1.13 x + 0.0 (1464 voxels, overlap=0.085)
Left_VentralDC (28): linear fit = 1.13 x + 0.0 (1464 voxels, peak = 99), gca=98.7
gca peak = 0.17522 (25)
mri peak = 0.09601 (22)
gca peak = 0.17113 (14)
mri peak = 0.15058 (17)
Fourth_Ventricle (15): linear fit = 1.10 x + 0.0 (559 voxels, overlap=0.737)
Fourth_Ventricle (15): linear fit = 1.10 x + 0.0 (559 voxels, peak = 15), gca=15.3
gca peak Unknown = 0.94777 ( 0)
gca peak Left_Inf_Lat_Vent = 0.16627 (28)
gca peak Third_Ventricle = 0.17522 (25)
gca peak CSF = 0.20346 (36)
gca peak Left_Accumbens_area = 0.70646 (62)
gca peak Left_undetermined = 1.00000 (28)
gca peak Left_vessel = 0.89917 (53)
gca peak Left_choroid_plexus = 0.11689 (35)
gca peak Right_Inf_Lat_Vent = 0.25504 (23)
gca peak Right_Accumbens_area = 0.31650 (65)
gca peak Right_vessel = 0.77268 (52)
gca peak Right_choroid_plexus = 0.13275 (38)
gca peak Fifth_Ventricle = 0.60973 (33)
gca peak WM_hypointensities = 0.11013 (77)
gca peak non_WM_hypointensities = 0.11354 (41)
gca peak Optic_Chiasm = 0.51646 (76)
not using caudate to estimate GM means
estimating mean gm scale to be 1.09 x + 0.0
estimating mean wm scale to be 1.00 x + 0.0
estimating mean csf scale to be 0.86 x + 0.0
Left_Pallidum too bright - rescaling by 0.995 (from 1.045) to 100.9 (was 101.4)
saving intensity scales to aseg.auto_noCCseg.label_intensities.txt
renormalizing by structure alignment....
renormalizing input #0
gca peak = 0.21504 (11)
mri peak = 0.15928 (12)
Left_Lateral_Ventricle (4): linear fit = 1.04 x + 0.0 (4429 voxels, overlap=0.915)
Left_Lateral_Ventricle (4): linear fit = 1.04 x + 0.0 (4429 voxels, peak = 11), gca=11.5
gca peak = 0.19635 (11)
mri peak = 0.14561 (16)
Right_Lateral_Ventricle (43): linear fit = 1.04 x + 0.0 (3829 voxels, overlap=0.733)
Right_Lateral_Ventricle (43): linear fit = 1.04 x + 0.0 (3829 voxels, peak = 11), gca=11.5
gca peak = 0.22293 (94)
mri peak = 0.22474 (96)
Right_Pallidum (52): linear fit = 1.01 x + 0.0 (616 voxels, overlap=0.999)
Right_Pallidum (52): linear fit = 1.01 x + 0.0 (616 voxels, peak = 95), gca=95.4
gca peak = 0.15573 (99)
mri peak = 0.16872 (97)
Left_Pallidum (13): linear fit = 1.00 x + 0.0 (810 voxels, overlap=0.993)
Left_Pallidum (13): linear fit = 1.00 x + 0.0 (810 voxels, peak = 99), gca=99.0
gca peak = 0.24393 (64)
mri peak = 0.16398 (67)
Right_Hippocampus (53): linear fit = 1.01 x + 0.0 (1013 voxels, overlap=0.769)
Right_Hippocampus (53): linear fit = 1.01 x + 0.0 (1013 voxels, peak = 65), gca=65.0
gca peak = 0.32563 (63)
mri peak = 0.10400 (67)
Left_Hippocampus (17): linear fit = 0.99 x + 0.0 (1106 voxels, overlap=1.003)
Left_Hippocampus (17): linear fit = 0.99 x + 0.0 (1106 voxels, peak = 62), gca=62.1
gca peak = 0.07623 (103)
mri peak = 0.13789 (103)
Right_Cerebral_White_Matter (41): linear fit = 1.00 x + 0.0 (31661 voxels, overlap=0.649)
Right_Cerebral_White_Matter (41): linear fit = 1.00 x + 0.0 (31661 voxels, peak = 103), gca=103.0
gca peak = 0.07837 (105)
mri peak = 0.17811 (105)
Left_Cerebral_White_Matter (2): linear fit = 1.00 x + 0.0 (34061 voxels, overlap=0.506)
Left_Cerebral_White_Matter (2): linear fit = 1.00 x + 0.0 (34061 voxels, peak = 105), gca=105.0
gca peak = 0.10471 (56)
mri peak = 0.04749 (61)
Left_Cerebral_Cortex (3): linear fit = 1.02 x + 0.0 (34298 voxels, overlap=0.977)
Left_Cerebral_Cortex (3): linear fit = 1.02 x + 0.0 (34298 voxels, peak = 57), gca=57.4
gca peak = 0.11135 (60)
mri peak = 0.04642 (60)
Right_Cerebral_Cortex (42): linear fit = 1.02 x + 0.0 (31333 voxels, overlap=0.979)
Right_Cerebral_Cortex (42): linear fit = 1.02 x + 0.0 (31333 voxels, peak = 62), gca=61.5
gca peak = 0.22830 (72)
mri peak = 0.17808 (73)
Right_Caudate (50): linear fit = 1.00 x + 0.0 (1314 voxels, overlap=1.001)
Right_Caudate (50): linear fit = 1.00 x + 0.0 (1314 voxels, peak = 72), gca=72.0
gca peak = 0.14866 (75)
mri peak = 0.16365 (71)
Left_Caudate (11): linear fit = 0.98 x + 0.0 (1318 voxels, overlap=0.699)
Left_Caudate (11): linear fit = 0.98 x + 0.0 (1318 voxels, peak = 73), gca=73.1
gca peak = 0.12885 (60)
mri peak = 0.06709 (62)
Left_Cerebellum_Cortex (8): linear fit = 1.02 x + 0.0 (31900 voxels, overlap=0.995)
Left_Cerebellum_Cortex (8): linear fit = 1.02 x + 0.0 (31900 voxels, peak = 62), gca=61.5
gca peak = 0.14575 (60)
mri peak = 0.07490 (63)
Right_Cerebellum_Cortex (47): linear fit = 1.02 x + 0.0 (34978 voxels, overlap=0.989)
Right_Cerebellum_Cortex (47): linear fit = 1.02 x + 0.0 (34978 voxels, peak = 62), gca=61.5
gca peak = 0.14916 (92)
mri peak = 0.14606 (90)
Left_Cerebellum_White_Matter (7): linear fit = 1.00 x + 0.0 (5527 voxels, overlap=0.864)
Left_Cerebellum_White_Matter (7): linear fit = 1.00 x + 0.0 (5527 voxels, peak = 92), gca=91.5
gca peak = 0.15165 (91)
mri peak = 0.13797 (90)
Right_Cerebellum_White_Matter (46): linear fit = 1.00 x + 0.0 (5644 voxels, overlap=0.868)
Right_Cerebellum_White_Matter (46): linear fit = 1.00 x + 0.0 (5644 voxels, peak = 91), gca=90.5
gca peak = 0.23829 (65)
mri peak = 0.14803 (64)
Left_Amygdala (18): linear fit = 1.00 x + 0.0 (608 voxels, overlap=1.000)
Left_Amygdala (18): linear fit = 1.00 x + 0.0 (608 voxels, peak = 65), gca=65.0
gca peak = 0.26326 (66)
mri peak = 0.17108 (66)
Right_Amygdala (54): linear fit = 1.00 x + 0.0 (558 voxels, overlap=0.935)
Right_Amygdala (54): linear fit = 1.00 x + 0.0 (558 voxels, peak = 66), gca=66.0
gca peak = 0.10262 (90)
mri peak = 0.07590 (89)
Left_Thalamus (10): linear fit = 1.00 x + 0.0 (4071 voxels, overlap=0.950)
Left_Thalamus (10): linear fit = 1.00 x + 0.0 (4071 voxels, peak = 90), gca=90.0
gca peak = 0.11046 (90)
mri peak = 0.06215 (89)
Right_Thalamus (49): linear fit = 0.99 x + 0.0 (4766 voxels, overlap=0.935)
Right_Thalamus (49): linear fit = 0.99 x + 0.0 (4766 voxels, peak = 89), gca=88.7
gca peak = 0.08227 (82)
mri peak = 0.13288 (80)
Left_Putamen (12): linear fit = 0.98 x + 0.0 (1763 voxels, overlap=0.758)
Left_Putamen (12): linear fit = 0.98 x + 0.0 (1763 voxels, peak = 80), gca=80.0
gca peak = 0.08451 (82)
mri peak = 0.13072 (79)
Right_Putamen (51): linear fit = 1.00 x + 0.0 (1809 voxels, overlap=0.932)
Right_Putamen (51): linear fit = 1.00 x + 0.0 (1809 voxels, peak = 82), gca=82.0
gca peak = 0.07780 (89)
mri peak = 0.07988 (93)
Brain_Stem (16): linear fit = 0.99 x + 0.0 (11046 voxels, overlap=0.842)
Brain_Stem (16): linear fit = 0.99 x + 0.0 (11046 voxels, peak = 88), gca=87.7
gca peak = 0.11779 (97)
mri peak = 0.10297 (100)
Right_VentralDC (60): linear fit = 1.01 x + 0.0 (1447 voxels, overlap=0.787)
Right_VentralDC (60): linear fit = 1.01 x + 0.0 (1447 voxels, peak = 98), gca=98.5
gca peak = 0.14036 (97)
mri peak = 0.11478 (100)
Left_VentralDC (28): linear fit = 1.00 x + 0.0 (1464 voxels, overlap=0.797)
Left_VentralDC (28): linear fit = 1.00 x + 0.0 (1464 voxels, peak = 97), gca=96.5
gca peak = 0.19731 (22)
mri peak = 0.09601 (22)
gca peak = 0.19645 (16)
mri peak = 0.15058 (17)
Fourth_Ventricle (15): linear fit = 0.98 x + 0.0 (559 voxels, overlap=0.774)
Fourth_Ventricle (15): linear fit = 0.98 x + 0.0 (559 voxels, peak = 16), gca=15.6
gca peak Unknown = 0.94777 ( 0)
gca peak Left_Inf_Lat_Vent = 0.18671 (31)
gca peak Third_Ventricle = 0.19731 (22)
gca peak CSF = 0.20866 (31)
gca peak Left_Accumbens_area = 0.80262 (60)
gca peak Left_undetermined = 1.00000 (28)
gca peak Left_vessel = 0.89385 (53)
gca peak Left_choroid_plexus = 0.11691 (35)
gca peak Right_Inf_Lat_Vent = 0.24870 (27)
gca peak Right_Accumbens_area = 0.31505 (69)
gca peak Right_vessel = 0.77268 (52)
gca peak Right_choroid_plexus = 0.13275 (38)
gca peak Fifth_Ventricle = 0.60973 (28)
gca peak WM_hypointensities = 0.10317 (77)
gca peak non_WM_hypointensities = 0.11354 (41)
gca peak Optic_Chiasm = 0.69480 (76)
not using caudate to estimate GM means
estimating mean gm scale to be 1.01 x + 0.0
estimating mean wm scale to be 1.00 x + 0.0
estimating mean csf scale to be 1.02 x + 0.0
saving intensity scales to aseg.auto_noCCseg.label_intensities.txt
saving sequentially combined intensity scales to aseg.auto_noCCseg.label_intensities.txt
58685 voxels changed in iteration 0 of unlikely voxel relabeling
189 voxels changed in iteration 1 of unlikely voxel relabeling
3 voxels changed in iteration 2 of unlikely voxel relabeling
0 voxels changed in iteration 3 of unlikely voxel relabeling
32418 gm and wm labels changed (%31 to gray, %69 to white out of all changed labels)
937 hippocampal voxels changed.
0 amygdala voxels changed.
Reclassifying using Gibbs Priors
pass 1: 67675 changed. image ll: -2.094, PF=0.500
pass 2: 20006 changed. image ll: -2.093, PF=0.500
pass 3: 6670 changed.
pass 4: 2488 changed.
42033 voxels changed in iteration 0 of unlikely voxel relabeling
442 voxels changed in iteration 1 of unlikely voxel relabeling
4 voxels changed in iteration 2 of unlikely voxel relabeling
0 voxels changed in iteration 3 of unlikely voxel relabeling
7312 voxels changed in iteration 0 of unlikely voxel relabeling
91 voxels changed in iteration 1 of unlikely voxel relabeling
1 voxels changed in iteration 2 of unlikely voxel relabeling
0 voxels changed in iteration 3 of unlikely voxel relabeling
6414 voxels changed in iteration 0 of unlikely voxel relabeling
110 voxels changed in iteration 1 of unlikely voxel relabeling
9 voxels changed in iteration 2 of unlikely voxel relabeling
0 voxels changed in iteration 3 of unlikely voxel relabeling
4905 voxels changed in iteration 0 of unlikely voxel relabeling
28 voxels changed in iteration 1 of unlikely voxel relabeling
1 voxels changed in iteration 2 of unlikely voxel relabeling
0 voxels changed in iteration 3 of unlikely voxel relabeling
 !!!!!!!!! ventricle segment 0 with volume 13795 above threshold 100 - not erasing !!!!!!!!!!
 !!!!!!!!! ventricle segment 0 with volume 465 above threshold 100 - not erasing !!!!!!!!!!
 !!!!!!!!! ventricle segment 1 with volume 14341 above threshold 100 - not erasing !!!!!!!!!!
 !!!!!!!!! ventricle segment 5 with volume 285 above threshold 100 - not erasing !!!!!!!!!!
writing labeled volume to aseg.auto_noCCseg.mgz
mri_ca_label utimesec    1869.410326
mri_ca_label stimesec    3.088996
mri_ca_label ru_maxrss   2116456
mri_ca_label ru_ixrss    0
mri_ca_label ru_idrss    0
mri_ca_label ru_isrss    0
mri_ca_label ru_minflt   4220880
mri_ca_label ru_majflt   8
mri_ca_label ru_nswap    0
mri_ca_label ru_inblock  1142
mri_ca_label ru_oublock  696
mri_ca_label ru_msgsnd   0
mri_ca_label ru_msgrcv   0
mri_ca_label ru_nsignals 0
mri_ca_label ru_nvcsw    2140
mri_ca_label ru_nivcsw   1556
auto-labeling took 29 minutes and 46 seconds.
#--------------------------------------
#@# CC Seg Wed Mar 11 12:30:50 CET 2026

 mri_cc -aseg aseg.auto_noCCseg.mgz -o aseg.auto.mgz -lta /out/sourcedata/freesurfer/sub-v2s16x51246_ses-1/mri/transforms/cc_up.lta sub-v2s16x51246_ses-1 

will read input aseg from aseg.auto_noCCseg.mgz
writing aseg with cc labels to aseg.auto.mgz
will write lta as /out/sourcedata/freesurfer/sub-v2s16x51246_ses-1/mri/transforms/cc_up.lta
reading aseg from /out/sourcedata/freesurfer/sub-v2s16x51246_ses-1/mri/aseg.auto_noCCseg.mgz
reading norm from /out/sourcedata/freesurfer/sub-v2s16x51246_ses-1/mri/norm.mgz
88145 voxels in left wm, 76532 in right wm, xrange [114, 133]
searching rotation angles z=[-5  9], y=[-1 13]
searching scale 1 Z rot -4.5  searching scale 1 Z rot -4.3  searching scale 1 Z rot -4.0  searching scale 1 Z rot -3.8  searching scale 1 Z rot -3.5  searching scale 1 Z rot -3.3  searching scale 1 Z rot -3.0  searching scale 1 Z rot -2.8  searching scale 1 Z rot -2.5  searching scale 1 Z rot -2.3  searching scale 1 Z rot -2.0  searching scale 1 Z rot -1.8  searching scale 1 Z rot -1.5  searching scale 1 Z rot -1.3  searching scale 1 Z rot -1.0  searching scale 1 Z rot -0.8  searching scale 1 Z rot -0.5  searching scale 1 Z rot -0.3  searching scale 1 Z rot -0.0  searching scale 1 Z rot 0.2  searching scale 1 Z rot 0.5  searching scale 1 Z rot 0.7  searching scale 1 Z rot 1.0  searching scale 1 Z rot 1.2  searching scale 1 Z rot 1.5  searching scale 1 Z rot 1.7  searching scale 1 Z rot 2.0  searching scale 1 Z rot 2.2  searching scale 1 Z rot 2.5  searching scale 1 Z rot 2.7  searching scale 1 Z rot 3.0  searching scale 1 Z rot 3.2  searching scale 1 Z rot 3.5  searching scale 1 Z rot 3.7  searching scale 1 Z rot 4.0  searching scale 1 Z rot 4.2  searching scale 1 Z rot 4.5  searching scale 1 Z rot 4.7  searching scale 1 Z rot 5.0  searching scale 1 Z rot 5.2  searching scale 1 Z rot 5.5  searching scale 1 Z rot 5.7  searching scale 1 Z rot 6.0  searching scale 1 Z rot 6.2  searching scale 1 Z rot 6.5  searching scale 1 Z rot 6.7  searching scale 1 Z rot 7.0  searching scale 1 Z rot 7.2  searching scale 1 Z rot 7.5  searching scale 1 Z rot 7.7  searching scale 1 Z rot 8.0  searching scale 1 Z rot 8.2  searching scale 1 Z rot 8.5  searching scale 1 Z rot 8.7  searching scale 1 Z rot 9.0  searching scale 1 Z rot 9.2  global minimum found at slice 124.0, rotations (5.71, 2.48)
final transformation (x=124.0, yr=5.710, zr=2.478):
 0.99411  -0.04323   0.09939  -1.38708;
 0.04302   0.99907   0.00430   29.31413;
-0.09949  -0.00000   0.99504   38.84238;
 0.00000   0.00000   0.00000   1.00000;
updating x range to be [127, 132] in xformed coordinates
best xformed slice 129
min_x_fornix = 138
min_x_fornix = 146
min_x_fornix = 150
min_x_fornix = 150
min_x_fornix = 149
cc center is found at 129 93 102
eigenvectors:
 0.00031   0.00732   0.99997;
 0.19749  -0.98028   0.00712;
 0.98031   0.19748  -0.00175;
error in mid anterior detected - correcting...
error in mid anterior detected - correcting...
writing aseg with callosum to /out/sourcedata/freesurfer/sub-v2s16x51246_ses-1/mri/aseg.auto.mgz...
corpus callosum segmentation took 0.8 minutes
#VMPC# mri_cc VmPeak  556436
mri_cc done
#--------------------------------------
#@# Merge ASeg Wed Mar 11 12:31:39 CET 2026

 cp aseg.auto.mgz aseg.presurf.mgz 

#--------------------------------------------
#@# Intensity Normalization2 Wed Mar 11 12:31:39 CET 2026
/out/sourcedata/freesurfer/sub-v2s16x51246_ses-1/mri

 mri_normalize -seed 1234 -mprage -aseg aseg.presurf.mgz -mask brainmask.mgz norm.mgz brain.mgz 

setting seed for random number genererator to 1234
assuming input volume is MGH (Van der Kouwe) MP-RAGE
using segmentation for initial intensity normalization
using MR volume brainmask.mgz to mask input volume...
reading mri_src from norm.mgz...
Reading aseg aseg.presurf.mgz
normalizing image...
NOT doing gentle normalization with control points/label
processing with aseg
removing outliers in the aseg WM...
718 control points removed
Building bias image
building Voronoi diagram...
performing soap bubble smoothing, sigma = 0...
Smoothing with sigma 8
Applying bias correction
building Voronoi diagram...
performing soap bubble smoothing, sigma = 8...

Iterating 2 times
---------------------------------
3d normalization pass 1 of 2
white matter peak found at 110
white matter peak found at 110
gm peak at 65 (65), valley at 32 (32)
csf peak at 33, setting threshold to 54
building Voronoi diagram...
performing soap bubble smoothing, sigma = 8...
---------------------------------
3d normalization pass 2 of 2
white matter peak found at 110
white matter peak found at 110
gm peak at 65 (65), valley at 32 (32)
csf peak at 33, setting threshold to 54
building Voronoi diagram...
performing soap bubble smoothing, sigma = 8...
Done iterating ---------------------------------
writing output to brain.mgz
3D bias adjustment took 2 minutes and 11 seconds.
#--------------------------------------------
#@# Mask BFS Wed Mar 11 12:33:51 CET 2026
/out/sourcedata/freesurfer/sub-v2s16x51246_ses-1/mri

 mri_mask -T 5 brain.mgz brainmask.mgz brain.finalsurfs.mgz 

threshold mask volume at 5
DoAbs = 0
Found 1510592 voxels in mask (pct=  9.00)
Writing masked volume to brain.finalsurfs.mgz...done.
#--------------------------------------------
#@# WM Segmentation Wed Mar 11 12:33:51 CET 2026

 AntsDenoiseImageFs -i brain.mgz -o antsdn.brain.mgz 


 mri_segment -wsizemm 13 -mprage antsdn.brain.mgz wm.seg.mgz 

wsizemm = 13, voxres = 1, wsize = 13
Widening wm low from 89 to 79
assuming input volume is MGH (Van der Kouwe) MP-RAGE
wm mean:  110
wsize:    13
wm low:   79
wm hi:    125
gray low: 30
gray hi:  99
Doing initial trinary intensity segmentation 
Using local statistics to label ambiguous voxels
Autodetecting stats
Computing class statistics for intensity windows...
CCS WM (104.0): 103.9 +- 4.6 [79.0 --> 124.0]
CCS GM (72.0) : 70.8 +- 9.9 [30.0 --> 95.0]
 white_mean 103.929
 white_sigma 4.61144
 gray_mean 70.8267
 gray_sigma 9.85603
setting bottom of white matter range wm_low to 80.7
setting top of gray matter range gray_hi to 90.5
 wm_low 80.6828
 wm_hi  125
 gray_low 30
 gray_hi  90.5388
Redoing initial intensity segmentation...
Recomputing local statistics to label ambiguous voxels...
 wm_low 80.6828
 wm_hi  125
 gray_low 30
 gray_hi  90.5388
using local geometry to label remaining ambiguous voxels...
polvwsize = 5, polvlen = 3, gray_hi = 90.5388, wm_low = 80.6828
MRIcpolvMedianCurveSegment(): wsize=5, len=3, gmhi=90.5388, wmlow=80.6828
    136244 voxels processed (0.81%)
     60240 voxels white (0.36%)
     76004 voxels non-white (0.45%)

Reclassifying voxels using Gaussian border classifier niter=1
MRIreclassify(): wm_low=75.6828, gray_hi=90.5388, wsize=13
    234778 voxels tested (1.40%)
     48000 voxels changed (0.29%)
     57202 multi-scale searches  (0.34%)
Recovering bright white
MRIrecoverBrightWhite()
 wm_low 80.6828
 wm_hi 125
 slack 4.61144
 pct_thresh 0.33
 intensity_thresh 129.611
 nvox_thresh 8.58
        3 voxels tested (0.00%)
        2 voxels changed (0.00%)

removing voxels with positive offset direction...
MRIremoveWrongDirection() wsize=3, lowthr=75.6828, hithr=90.5388
  smoothing input volume with sigma = 0.250
    77681 voxels tested (0.46%)
    14980 voxels changed (0.09%)
thicken = 1
removing 1-dimensional structures...
MRIremove1dStructures(): max_iter=10000, thresh=2, WM_MIN_VAL=5
 2404 sparsely connected voxels removed in 1 iterations
thickening thin strands....
thickness 4
nsegments 20
wm_hi 125
1084 diagonally connected voxels added...
MRIthickenThinWMStrands(): thickness=4, nsegments=20
  20 segments, 4773 filled
MRIfindBrightNonWM(): 3 bright non-wm voxels segmented.
MRIfilterMorphology() WM_MIN_VAL=5, DIAGONAL_FILL=230
white matter segmentation took 0.9 minutes
writing output to wm.seg.mgz...

 mri_edit_wm_with_aseg -keep-in wm.seg.mgz brain.mgz aseg.presurf.mgz wm.asegedit.mgz 

preserving editing changes in input volume...
auto filling took 0.42 minutes
reading wm segmentation from wm.seg.mgz...
0 voxels added to wm to prevent paths from MTL structures to cortex
4032 additional wm voxels added
0 additional wm voxels added
SEG EDIT: 69295 voxels turned on, 45006 voxels turned off.
propagating editing to output volume from wm.seg.mgz
writing edited volume to wm.asegedit.mgz....

 mri_pretess wm.asegedit.mgz wm norm.mgz wm.mgz 


Iteration Number : 1
pass   1 (xy+):  30 found -  30 modified     |    TOTAL:  30
pass   2 (xy+):   0 found -  30 modified     |    TOTAL:  30
pass   1 (xy-):  22 found -  22 modified     |    TOTAL:  52
pass   2 (xy-):   0 found -  22 modified     |    TOTAL:  52
pass   1 (yz+):  16 found -  16 modified     |    TOTAL:  68
pass   2 (yz+):   0 found -  16 modified     |    TOTAL:  68
pass   1 (yz-):  24 found -  24 modified     |    TOTAL:  92
pass   2 (yz-):   0 found -  24 modified     |    TOTAL:  92
pass   1 (xz+):  31 found -  31 modified     |    TOTAL: 123
pass   2 (xz+):   0 found -  31 modified     |    TOTAL: 123
pass   1 (xz-):  16 found -  16 modified     |    TOTAL: 139
pass   2 (xz-):   0 found -  16 modified     |    TOTAL: 139
Iteration Number : 1
pass   1 (+++):   4 found -   4 modified     |    TOTAL:   4
pass   2 (+++):   0 found -   4 modified     |    TOTAL:   4
pass   1 (+++):   8 found -   8 modified     |    TOTAL:  12
pass   2 (+++):   0 found -   8 modified     |    TOTAL:  12
pass   1 (+++):   2 found -   2 modified     |    TOTAL:  14
pass   2 (+++):   0 found -   2 modified     |    TOTAL:  14
pass   1 (+++):  12 found -  12 modified     |    TOTAL:  26
pass   2 (+++):   0 found -  12 modified     |    TOTAL:  26
Iteration Number : 1
pass   1 (++):  70 found -  70 modified     |    TOTAL:  70
pass   2 (++):   0 found -  70 modified     |    TOTAL:  70
pass   1 (+-):  89 found -  89 modified     |    TOTAL: 159
pass   2 (+-):   0 found -  89 modified     |    TOTAL: 159
pass   1 (--):  72 found -  72 modified     |    TOTAL: 231
pass   2 (--):   0 found -  72 modified     |    TOTAL: 231
pass   1 (-+):  96 found -  96 modified     |    TOTAL: 327
pass   2 (-+):   0 found -  96 modified     |    TOTAL: 327
Iteration Number : 2
pass   1 (xy+):   3 found -   3 modified     |    TOTAL:   3
pass   2 (xy+):   0 found -   3 modified     |    TOTAL:   3
pass   1 (xy-):   4 found -   4 modified     |    TOTAL:   7
pass   2 (xy-):   0 found -   4 modified     |    TOTAL:   7
pass   1 (yz+):   0 found -   0 modified     |    TOTAL:   7
pass   1 (yz-):   3 found -   3 modified     |    TOTAL:  10
pass   2 (yz-):   0 found -   3 modified     |    TOTAL:  10
pass   1 (xz+):   2 found -   2 modified     |    TOTAL:  12
pass   2 (xz+):   0 found -   2 modified     |    TOTAL:  12
pass   1 (xz-):   1 found -   1 modified     |    TOTAL:  13
pass   2 (xz-):   0 found -   1 modified     |    TOTAL:  13
Iteration Number : 2
pass   1 (+++):   0 found -   0 modified     |    TOTAL:   0
pass   1 (+++):   4 found -   4 modified     |    TOTAL:   4
pass   2 (+++):   0 found -   4 modified     |    TOTAL:   4
pass   1 (+++):   1 found -   1 modified     |    TOTAL:   5
pass   2 (+++):   0 found -   1 modified     |    TOTAL:   5
pass   1 (+++):   7 found -   7 modified     |    TOTAL:  12
pass   2 (+++):   0 found -   7 modified     |    TOTAL:  12
Iteration Number : 2
pass   1 (++):   2 found -   2 modified     |    TOTAL:   2
pass   2 (++):   0 found -   2 modified     |    TOTAL:   2
pass   1 (+-):   0 found -   0 modified     |    TOTAL:   2
pass   1 (--):   2 found -   2 modified     |    TOTAL:   4
pass   2 (--):   0 found -   2 modified     |    TOTAL:   4
pass   1 (-+):   0 found -   0 modified     |    TOTAL:   4
Iteration Number : 3
pass   1 (xy+):   0 found -   0 modified     |    TOTAL:   0
pass   1 (xy-):   0 found -   0 modified     |    TOTAL:   0
pass   1 (yz+):   0 found -   0 modified     |    TOTAL:   0
pass   1 (yz-):   1 found -   1 modified     |    TOTAL:   1
pass   2 (yz-):   0 found -   1 modified     |    TOTAL:   1
pass   1 (xz+):   1 found -   1 modified     |    TOTAL:   2
pass   2 (xz+):   0 found -   1 modified     |    TOTAL:   2
pass   1 (xz-):   1 found -   1 modified     |    TOTAL:   3
pass   2 (xz-):   0 found -   1 modified     |    TOTAL:   3
Iteration Number : 3
pass   1 (+++):   0 found -   0 modified     |    TOTAL:   0
pass   1 (+++):   0 found -   0 modified     |    TOTAL:   0
pass   1 (+++):   0 found -   0 modified     |    TOTAL:   0
pass   1 (+++):   0 found -   0 modified     |    TOTAL:   0
Iteration Number : 3
pass   1 (++):   1 found -   1 modified     |    TOTAL:   1
pass   2 (++):   0 found -   1 modified     |    TOTAL:   1
pass   1 (+-):   0 found -   0 modified     |    TOTAL:   1
pass   1 (--):   0 found -   0 modified     |    TOTAL:   1
pass   1 (-+):   0 found -   0 modified     |    TOTAL:   1
Iteration Number : 4
pass   1 (xy+):   0 found -   0 modified     |    TOTAL:   0
pass   1 (xy-):   0 found -   0 modified     |    TOTAL:   0
pass   1 (yz+):   0 found -   0 modified     |    TOTAL:   0
pass   1 (yz-):   0 found -   0 modified     |    TOTAL:   0
pass   1 (xz+):   0 found -   0 modified     |    TOTAL:   0
pass   1 (xz-):   0 found -   0 modified     |    TOTAL:   0
Iteration Number : 4
pass   1 (+++):   0 found -   0 modified     |    TOTAL:   0
pass   1 (+++):   0 found -   0 modified     |    TOTAL:   0
pass   1 (+++):   0 found -   0 modified     |    TOTAL:   0
pass   1 (+++):   0 found -   0 modified     |    TOTAL:   0
Iteration Number : 4
pass   1 (++):   0 found -   0 modified     |    TOTAL:   0
pass   1 (+-):   0 found -   0 modified     |    TOTAL:   0
pass   1 (--):   0 found -   0 modified     |    TOTAL:   0
pass   1 (-+):   0 found -   0 modified     |    TOTAL:   0

Total Number of Modified Voxels = 525 (out of 535391: 0.098059)
binarizing input wm segmentation...
Ambiguous edge configurations... 

mri_pretess done

#--------------------------------------------
#@# Fill Wed Mar 11 12:35:47 CET 2026
/out/sourcedata/freesurfer/sub-v2s16x51246_ses-1/mri

 mri_fill -a ../scripts/ponscc.cut.log -xform transforms/talairach.lta -segmentation aseg.presurf.mgz -ctab /opt/freesurfer/SubCorticalMassLUT.txt wm.mgz filled.mgz 

logging cutting plane coordinates to ../scripts/ponscc.cut.log...
INFO: Using transforms/talairach.lta and its offset for Talairach volume ...
using segmentation aseg.presurf.mgz...
reading input volume...done.
searching for cutting planes...voxel to talairach voxel transform
 0.97381  -0.08310   0.10139   3.95248;
 0.07528   1.20288  -0.09583  -10.06026;
-0.09974   0.11083   1.03110  -13.67365;
 0.00000   0.00000   0.00000   1.00000;
voxel to talairach voxel transform
 0.97381  -0.08310   0.10139   3.95248;
 0.07528   1.20288  -0.09583  -10.06026;
-0.09974   0.11083   1.03110  -13.67365;
 0.00000   0.00000   0.00000   1.00000;
reading segmented volume aseg.presurf.mgz
removing CC from segmentation
Looking for area (min, max) = (350, 1400)
area[0] = 1185 (min = 350, max = 1400), aspect = 0.47 (min = 0.10, max = 0.75)
no need to search
using seed (128, 121, 154), TAL = (0.0, 26.0, 7.0)
talairach voxel to voxel transform
 1.01139   0.07836  -0.09216  -4.46941;
-0.05503   0.82001   0.08163   9.58314;
 0.10375  -0.08056   0.95215   11.79887;
 0.00000   0.00000   0.00000   1.00000;
segmentation indicates cc at (128,  121,  154) --> (0.0, 26.0, 7.0)
done.
filling took 1.0 minutes
talairach cc position changed to (0.00, 26.00, 7.00)
Erasing brainstem...done.
seed_search_size = 9, min_neighbors = 5
search rh wm seed point around talairach space:(18.00, 26.00, 7.00) SRC: (102.07, 115.32, 160.09)
search lh wm seed point around talairach space (-18.00, 26.00, 7.00), SRC: (138.48, 113.34, 163.83)
compute mri_fill using aseg
Erasing Brain Stem and Cerebellum ...
Define left and right masks using aseg:
Building Voronoi diagram ...
Using the Voronoi diagram for separating WM into two hemispheres ...
Find the largest connected component for each hemisphere ...
Embedding colortable
mri_fill done, writing output to filled.mgz...
 cp filled.mgz filled.auto.mgz

Started at Wed Mar 11 11:05:54 CET 2026 
Ended   at Wed Mar 11 12:36:46 CET 2026
#@#%# recon-all-run-time-hours 1.514
recon-all -s sub-v2s16x51246_ses-1 finished without error at Wed Mar 11 12:36:46 CET 2026



#New# invocation of recon-all 




Wed Mar 11 13:19:58 CET 2026
cd /out/sourcedata/freesurfer/sub-v2s16x51246_ses-1
setenv SUBJECTS_DIR /out/sourcedata/freesurfer
/opt/freesurfer/bin/recon-all -parallel -subjid sub-v2s16x51246_ses-1 -sd /out/sourcedata/freesurfer -cortribbon

subjid sub-v2s16x51246_ses-1
setenv SUBJECTS_DIR /out/sourcedata/freesurfer
FREESURFER_HOME /opt/freesurfer
Actual FREESURFER_HOME /opt/freesurfer
build-stamp.txt: freesurfer-linux-ubuntu22_x86_64-7.3.2-20220804-6354275
Linux dna043 5.14.0-427.37.1.el9_4.x86_64 #1 SMP PREEMPT_DYNAMIC Fri Sep 13 12:41:50 EDT 2024 x86_64 x86_64 x86_64 GNU/Linux
cputime      unlimited
filesize     unlimited
datasize     unlimited
stacksize    8192 kbytes
coredumpsize 0 kbytes
memoryuse    67108864 kbytes
vmemoryuse   unlimited
descriptors  1024 
memorylocked unlimited
maxproc      2061970 
maxlocks     unlimited
maxsignal    4126352 
maxmessage   819200 
maxnice      0 
maxrtprio    0 
maxrttime    unlimited

               total        used        free      shared  buff/cache   available
Mem:           1.0Ti        56Gi       910Gi        12Gi        40Gi       932Gi
Swap:             0B          0B          0B

########################################
program versions used
7.3.2 (freesurfer-linux-ubuntu22_x86_64-7.3.2-20220804-6354275)
7.3.2

ProgramName: lta_convert  ProgramArguments: lta_convert -all-info  ProgramVersion: 7.3.2  TimeStamp: 2026/03/11-12:19:58-GMT  BuildTime: Aug  4 2022 06:17:15  BuildStamp: freesurfer-linux-ubuntu22_x86_64-7.3.2-20220804-6354275  User: oesteban  Machine: dna043  Platform: Linux  PlatformVersion: 5.14.0-427.37.1.el9_4.x86_64  CompilerName: GCC  CompilerVersion: 8.4.0
ProgramName: mri_and  ProgramArguments: mri_and -all-info  ProgramVersion: 7.3.2  TimeStamp: 2026/03/11-12:19:58-GMT  BuildTime: Aug  4 2022 06:17:15  BuildStamp: freesurfer-linux-ubuntu22_x86_64-7.3.2-20220804-6354275  User: oesteban  Machine: dna043  Platform: Linux  PlatformVersion: 5.14.0-427.37.1.el9_4.x86_64  CompilerName: GCC  CompilerVersion: 8.4.0
ProgramName: mri_annotation2label  ProgramArguments: mri_annotation2label -all-info  ProgramVersion: 7.3.2  TimeStamp: 2026/03/11-12:19:58-GMT  BuildTime: Aug  4 2022 06:17:15  BuildStamp: freesurfer-linux-ubuntu22_x86_64-7.3.2-20220804-6354275  User: oesteban  Machine: dna043  Platform: Linux  PlatformVersion: 5.14.0-427.37.1.el9_4.x86_64  CompilerName: GCC  CompilerVersion: 8.4.0
ProgramName: mri_aparc2aseg  ProgramArguments: mri_aparc2aseg -all-info  ProgramVersion: 7.3.2  TimeStamp: 2026/03/11-12:19:58-GMT  BuildTime: Aug  4 2022 06:17:15  BuildStamp: freesurfer-linux-ubuntu22_x86_64-7.3.2-20220804-6354275  User: oesteban  Machine: dna043  Platform: Linux  PlatformVersion: 5.14.0-427.37.1.el9_4.x86_64  CompilerName: GCC  CompilerVersion: 8.4.0
ProgramName: mri_surf2volseg  ProgramArguments: mri_surf2volseg -all-info  ProgramVersion: 7.3.2  TimeStamp: 2026/03/11-12:19:58-GMT  BuildTime: Aug  4 2022 06:17:15  BuildStamp: freesurfer-linux-ubuntu22_x86_64-7.3.2-20220804-6354275  User: oesteban  Machine: dna043  Platform: Linux  PlatformVersion: 5.14.0-427.37.1.el9_4.x86_64  CompilerName: GCC  CompilerVersion: 8.4.0
ProgramName: mri_binarize  ProgramArguments: mri_binarize -all-info  ProgramVersion: 7.3.2  TimeStamp: 2026/03/11-12:19:58-GMT  BuildTime: Aug  4 2022 06:17:15  BuildStamp: freesurfer-linux-ubuntu22_x86_64-7.3.2-20220804-6354275  User: oesteban  Machine: dna043  Platform: Linux  PlatformVersion: 5.14.0-427.37.1.el9_4.x86_64  CompilerName: GCC  CompilerVersion: 8.4.0
ProgramName: mri_ca_label  ProgramArguments: mri_ca_label -all-info  ProgramVersion: 7.3.2  TimeStamp: 2026/03/11-12:19:58-GMT  BuildTime: Aug  4 2022 06:17:15  BuildStamp: freesurfer-linux-ubuntu22_x86_64-7.3.2-20220804-6354275  User: oesteban  Machine: dna043  Platform: Linux  PlatformVersion: 5.14.0-427.37.1.el9_4.x86_64  CompilerName: GCC  CompilerVersion: 8.4.0
ProgramName: mri_ca_normalize  ProgramArguments: mri_ca_normalize -all-info  ProgramVersion: 7.3.2  TimeStamp: 2026/03/11-12:19:58-GMT  BuildTime: Aug  4 2022 06:17:15  BuildStamp: freesurfer-linux-ubuntu22_x86_64-7.3.2-20220804-6354275  User: oesteban  Machine: dna043  Platform: Linux  PlatformVersion: 5.14.0-427.37.1.el9_4.x86_64  CompilerName: GCC  CompilerVersion: 8.4.0
ProgramName: mri_ca_register  ProgramArguments: mri_ca_register -all-info  ProgramVersion: 7.3.2  TimeStamp: 2026/03/11-12:19:58-GMT  BuildTime: Aug  4 2022 06:17:15  BuildStamp: freesurfer-linux-ubuntu22_x86_64-7.3.2-20220804-6354275  User: oesteban  Machine: dna043  Platform: Linux  PlatformVersion: 5.14.0-427.37.1.el9_4.x86_64  CompilerName: GCC  CompilerVersion: 8.4.0
ProgramName: mri_cc  ProgramArguments: mri_cc -all-info  ProgramVersion: 7.3.2  TimeStamp: 2026/03/11-12:19:58-GMT  BuildTime: Aug  4 2022 06:17:15  BuildStamp: freesurfer-linux-ubuntu22_x86_64-7.3.2-20220804-6354275  User: oesteban  Machine: dna043  Platform: Linux  PlatformVersion: 5.14.0-427.37.1.el9_4.x86_64  CompilerName: GCC  CompilerVersion: 8.4.0
ProgramName: mri_compute_overlap  ProgramArguments: mri_compute_overlap -all-info  ProgramVersion: 7.3.2  TimeStamp: 2026/03/11-12:19:58-GMT  BuildTime: Aug  4 2022 06:17:15  BuildStamp: freesurfer-linux-ubuntu22_x86_64-7.3.2-20220804-6354275  User: oesteban  Machine: dna043  Platform: Linux  PlatformVersion: 5.14.0-427.37.1.el9_4.x86_64  CompilerName: GCC  CompilerVersion: 8.4.0
ProgramName: mri_compute_seg_overlap  ProgramArguments: mri_compute_seg_overlap -all-info  ProgramVersion: 7.3.2  TimeStamp: 2026/03/11-12:19:58-GMT  BuildTime: Aug  4 2022 06:17:15  BuildStamp: freesurfer-linux-ubuntu22_x86_64-7.3.2-20220804-6354275  User: oesteban  Machine: dna043  Platform: Linux  PlatformVersion: 5.14.0-427.37.1.el9_4.x86_64  CompilerName: GCC  CompilerVersion: 8.4.0
ProgramName: mri_concat  ProgramArguments: mri_concat -all-info  ProgramVersion: 7.3.2  TimeStamp: 2026/03/11-12:19:58-GMT  BuildTime: Aug  4 2022 06:17:15  BuildStamp: freesurfer-linux-ubuntu22_x86_64-7.3.2-20220804-6354275  User: oesteban  Machine: dna043  Platform: Linux  PlatformVersion: 5.14.0-427.37.1.el9_4.x86_64  CompilerName: GCC  CompilerVersion: 8.4.0
ProgramName: mri_concatenate_lta  ProgramArguments: mri_concatenate_lta -all-info  ProgramVersion: 7.3.2  TimeStamp: 2026/03/11-12:19:58-GMT  BuildTime: Aug  4 2022 06:17:15  BuildStamp: freesurfer-linux-ubuntu22_x86_64-7.3.2-20220804-6354275  User: oesteban  Machine: dna043  Platform: Linux  PlatformVersion: 5.14.0-427.37.1.el9_4.x86_64  CompilerName: GCC  CompilerVersion: 8.4.0
mri_convert -all-info 
ProgramName: mri_convert  ProgramArguments: mri_convert -all-info  ProgramVersion: 7.3.2  TimeStamp: 2026/03/11-12:19:58-GMT  BuildTime: Aug  4 2022 06:17:15  BuildStamp: freesurfer-linux-ubuntu22_x86_64-7.3.2-20220804-6354275  User: oesteban  Machine: dna043  Platform: Linux  PlatformVersion: 5.14.0-427.37.1.el9_4.x86_64  CompilerName: GCC  CompilerVersion: 8.4.0
ProgramName: mri_diff  ProgramArguments: mri_diff -all-info  ProgramVersion: 7.3.2  TimeStamp: 2026/03/11-12:19:58-GMT  BuildTime: Aug  4 2022 06:17:15  BuildStamp: freesurfer-linux-ubuntu22_x86_64-7.3.2-20220804-6354275  User: oesteban  Machine: dna043  Platform: Linux  PlatformVersion: 5.14.0-427.37.1.el9_4.x86_64  CompilerName: GCC  CompilerVersion: 8.4.0
ProgramName: mri_edit_wm_with_aseg  ProgramArguments: mri_edit_wm_with_aseg -all-info  ProgramVersion: 7.3.2  TimeStamp: 2026/03/11-12:19:58-GMT  BuildTime: Aug  4 2022 06:17:15  BuildStamp: freesurfer-linux-ubuntu22_x86_64-7.3.2-20220804-6354275  User: oesteban  Machine: dna043  Platform: Linux  PlatformVersion: 5.14.0-427.37.1.el9_4.x86_64  CompilerName: GCC  CompilerVersion: 8.4.0
ProgramName: mri_em_register  ProgramArguments: mri_em_register -all-info  ProgramVersion: 7.3.2  TimeStamp: 2026/03/11-12:19:58-GMT  BuildTime: Aug  4 2022 06:17:15  BuildStamp: freesurfer-linux-ubuntu22_x86_64-7.3.2-20220804-6354275  User: oesteban  Machine: dna043  Platform: Linux  PlatformVersion: 5.14.0-427.37.1.el9_4.x86_64  CompilerName: GCC  CompilerVersion: 8.4.0
ProgramName: mri_fill  ProgramArguments: mri_fill -all-info  ProgramVersion: 7.3.2  TimeStamp: 2026/03/11-12:19:58-GMT  BuildTime: Aug  4 2022 06:17:15  BuildStamp: freesurfer-linux-ubuntu22_x86_64-7.3.2-20220804-6354275  User: oesteban  Machine: dna043  Platform: Linux  PlatformVersion: 5.14.0-427.37.1.el9_4.x86_64  CompilerName: GCC  CompilerVersion: 8.4.0
ProgramName: mri_fuse_segmentations  ProgramArguments: mri_fuse_segmentations -all-info  ProgramVersion: 7.3.2  TimeStamp: 2026/03/11-12:19:58-GMT  BuildTime: Aug  4 2022 06:17:15  BuildStamp: freesurfer-linux-ubuntu22_x86_64-7.3.2-20220804-6354275  User: oesteban  Machine: dna043  Platform: Linux  PlatformVersion: 5.14.0-427.37.1.el9_4.x86_64  CompilerName: GCC  CompilerVersion: 8.4.0
ProgramName: mri_fwhm  ProgramArguments: mri_fwhm -all-info  ProgramVersion: 7.3.2  TimeStamp: 2026/03/11-12:19:58-GMT  BuildTime: Aug  4 2022 06:17:15  BuildStamp: freesurfer-linux-ubuntu22_x86_64-7.3.2-20220804-6354275  User: oesteban  Machine: dna043  Platform: Linux  PlatformVersion: 5.14.0-427.37.1.el9_4.x86_64  CompilerName: GCC  CompilerVersion: 8.4.0
ProgramName: mri_gcut  ProgramArguments: mri_gcut -all-info  ProgramVersion: 7.3.2  TimeStamp: 2026/03/11-12:19:58-GMT  BuildTime: Aug  4 2022 06:17:15  BuildStamp: freesurfer-linux-ubuntu22_x86_64-7.3.2-20220804-6354275  User: oesteban  Machine: dna043  Platform: Linux  PlatformVersion: 5.14.0-427.37.1.el9_4.x86_64  CompilerName: GCC  CompilerVersion: 8.4.0
ProgramName: mri_info  ProgramArguments: mri_info -all-info  ProgramVersion: 7.3.2  TimeStamp: 2026/03/11-12:19:58-GMT  BuildTime: Aug  4 2022 06:17:15  BuildStamp: freesurfer-linux-ubuntu22_x86_64-7.3.2-20220804-6354275  User: oesteban  Machine: dna043  Platform: Linux  PlatformVersion: 5.14.0-427.37.1.el9_4.x86_64  CompilerName: GCC  CompilerVersion: 8.4.0
ProgramName: mri_label2label  ProgramArguments: mri_label2label -all-info  ProgramVersion: 7.3.2  TimeStamp: 2026/03/11-12:19:58-GMT  BuildTime: Aug  4 2022 06:17:15  BuildStamp: freesurfer-linux-ubuntu22_x86_64-7.3.2-20220804-6354275  User: oesteban  Machine: dna043  Platform: Linux  PlatformVersion: 5.14.0-427.37.1.el9_4.x86_64  CompilerName: GCC  CompilerVersion: 8.4.0
ProgramName: mri_label2vol  ProgramArguments: mri_label2vol -all-info  ProgramVersion: 7.3.2  TimeStamp: 2026/03/11-12:19:58-GMT  BuildTime: Aug  4 2022 06:17:15  BuildStamp: freesurfer-linux-ubuntu22_x86_64-7.3.2-20220804-6354275  User: oesteban  Machine: dna043  Platform: Linux  PlatformVersion: 5.14.0-427.37.1.el9_4.x86_64  CompilerName: GCC  CompilerVersion: 8.4.0
ProgramName: mri_log_likelihood  ProgramArguments: mri_log_likelihood -all-info  ProgramVersion: 7.3.2  TimeStamp: 2026/03/11-12:19:58-GMT  BuildTime: Aug  4 2022 06:17:15  BuildStamp: freesurfer-linux-ubuntu22_x86_64-7.3.2-20220804-6354275  User: oesteban  Machine: dna043  Platform: Linux  PlatformVersion: 5.14.0-427.37.1.el9_4.x86_64  CompilerName: GCC  CompilerVersion: 8.4.0
ProgramName: mri_mask  ProgramArguments: mri_mask -all-info  ProgramVersion: 7.3.2  TimeStamp: 2026/03/11-12:19:58-GMT  BuildTime: Aug  4 2022 06:17:15  BuildStamp: freesurfer-linux-ubuntu22_x86_64-7.3.2-20220804-6354275  User: oesteban  Machine: dna043  Platform: Linux  PlatformVersion: 5.14.0-427.37.1.el9_4.x86_64  CompilerName: GCC  CompilerVersion: 8.4.0
ProgramName: mri_matrix_multiply  ProgramArguments: mri_matrix_multiply -all-info  ProgramVersion: 7.3.2  TimeStamp: 2026/03/11-12:19:58-GMT  BuildTime: Aug  4 2022 06:17:15  BuildStamp: freesurfer-linux-ubuntu22_x86_64-7.3.2-20220804-6354275  User: oesteban  Machine: dna043  Platform: Linux  PlatformVersion: 5.14.0-427.37.1.el9_4.x86_64  CompilerName: GCC  CompilerVersion: 8.4.0
ProgramName: mri_normalize  ProgramArguments: mri_normalize -all-info  ProgramVersion: 7.3.2  TimeStamp: 2026/03/11-12:19:58-GMT  BuildTime: Aug  4 2022 06:17:15  BuildStamp: freesurfer-linux-ubuntu22_x86_64-7.3.2-20220804-6354275  User: oesteban  Machine: dna043  Platform: Linux  PlatformVersion: 5.14.0-427.37.1.el9_4.x86_64  CompilerName: GCC  CompilerVersion: 8.4.0
ProgramName: mri_normalize_tp2  ProgramArguments: mri_normalize_tp2 -all-info  ProgramVersion: 7.3.2  TimeStamp: 2026/03/11-12:19:58-GMT  BuildTime: Aug  4 2022 06:17:15  BuildStamp: freesurfer-linux-ubuntu22_x86_64-7.3.2-20220804-6354275  User: oesteban  Machine: dna043  Platform: Linux  PlatformVersion: 5.14.0-427.37.1.el9_4.x86_64  CompilerName: GCC  CompilerVersion: 8.4.0
ProgramName: mri_or  ProgramArguments: mri_or -all-info  ProgramVersion: 7.3.2  TimeStamp: 2026/03/11-12:19:58-GMT  BuildTime: Aug  4 2022 06:17:15  BuildStamp: freesurfer-linux-ubuntu22_x86_64-7.3.2-20220804-6354275  User: oesteban  Machine: dna043  Platform: Linux  PlatformVersion: 5.14.0-427.37.1.el9_4.x86_64  CompilerName: GCC  CompilerVersion: 8.4.0
ProgramName: mri_relabel_hypointensities  ProgramArguments: mri_relabel_hypointensities -all-info  ProgramVersion: 7.3.2  TimeStamp: 2026/03/11-12:19:58-GMT  BuildTime: Aug  4 2022 06:17:15  BuildStamp: freesurfer-linux-ubuntu22_x86_64-7.3.2-20220804-6354275  User: oesteban  Machine: dna043  Platform: Linux  PlatformVersion: 5.14.0-427.37.1.el9_4.x86_64  CompilerName: GCC  CompilerVersion: 8.4.0
ProgramName: mri_relabel_nonwm_hypos  ProgramArguments: mri_relabel_nonwm_hypos -all-info  ProgramVersion: 7.3.2  TimeStamp: 2026/03/11-12:19:58-GMT  BuildTime: Aug  4 2022 06:17:15  BuildStamp: freesurfer-linux-ubuntu22_x86_64-7.3.2-20220804-6354275  User: oesteban  Machine: dna043  Platform: Linux  PlatformVersion: 5.14.0-427.37.1.el9_4.x86_64  CompilerName: GCC  CompilerVersion: 8.4.0
ProgramName: mri_remove_neck  ProgramArguments: mri_remove_neck -all-info  ProgramVersion: 7.3.2  TimeStamp: 2026/03/11-12:19:58-GMT  BuildTime: Aug  4 2022 06:17:15  BuildStamp: freesurfer-linux-ubuntu22_x86_64-7.3.2-20220804-6354275  User: oesteban  Machine: dna043  Platform: Linux  PlatformVersion: 5.14.0-427.37.1.el9_4.x86_64  CompilerName: GCC  CompilerVersion: 8.4.0
7.3.2

ProgramName: mri_robust_register  ProgramArguments: mri_robust_register -all-info  ProgramVersion: 7.3.2  TimeStamp: 2026/03/11-12:19:58-GMT  BuildTime: Aug  4 2022 06:17:15  BuildStamp: freesurfer-linux-ubuntu22_x86_64-7.3.2-20220804-6354275  User: oesteban  Machine: dna043  Platform: Linux  PlatformVersion: 5.14.0-427.37.1.el9_4.x86_64  CompilerName: GCC  CompilerVersion: 8.4.0
7.3.2

ProgramName: mri_robust_template  ProgramArguments: mri_robust_template -all-info  ProgramVersion: 7.3.2  TimeStamp: 2026/03/11-12:19:58-GMT  BuildTime: Aug  4 2022 06:17:15  BuildStamp: freesurfer-linux-ubuntu22_x86_64-7.3.2-20220804-6354275  User: oesteban  Machine: dna043  Platform: Linux  PlatformVersion: 5.14.0-427.37.1.el9_4.x86_64  CompilerName: GCC  CompilerVersion: 8.4.0
ProgramName: mris_anatomical_stats  ProgramArguments: mris_anatomical_stats -all-info  ProgramVersion: 7.3.2  TimeStamp: 2026/03/11-12:19:58-GMT  BuildTime: Aug  4 2022 06:17:15  BuildStamp: freesurfer-linux-ubuntu22_x86_64-7.3.2-20220804-6354275  User: oesteban  Machine: dna043  Platform: Linux  PlatformVersion: 5.14.0-427.37.1.el9_4.x86_64  CompilerName: GCC  CompilerVersion: 8.4.0
ProgramName: mris_ca_label  ProgramArguments: mris_ca_label -all-info  ProgramVersion: 7.3.2  TimeStamp: 2026/03/11-12:19:58-GMT  BuildTime: Aug  4 2022 06:17:15  BuildStamp: freesurfer-linux-ubuntu22_x86_64-7.3.2-20220804-6354275  User: oesteban  Machine: dna043  Platform: Linux  PlatformVersion: 5.14.0-427.37.1.el9_4.x86_64  CompilerName: GCC  CompilerVersion: 8.4.0
ProgramName: mris_calc  ProgramArguments: mris_calc -all-info  ProgramVersion: 7.3.2  TimeStamp: 2026/03/11-12:19:58-GMT  BuildTime: Aug  4 2022 06:17:15  BuildStamp: freesurfer-linux-ubuntu22_x86_64-7.3.2-20220804-6354275  User: oesteban  Machine: dna043  Platform: Linux  PlatformVersion: 5.14.0-427.37.1.el9_4.x86_64  CompilerName: GCC  CompilerVersion: 8.4.0
ProgramName: mris_convert  ProgramArguments: mris_convert -all-info  ProgramVersion: 7.3.2  TimeStamp: 2026/03/11-12:19:58-GMT  BuildTime: Aug  4 2022 06:17:15  BuildStamp: freesurfer-linux-ubuntu22_x86_64-7.3.2-20220804-6354275  User: oesteban  Machine: dna043  Platform: Linux  PlatformVersion: 5.14.0-427.37.1.el9_4.x86_64  CompilerName: GCC  CompilerVersion: 8.4.0
ProgramName: mris_curvature  ProgramArguments: mris_curvature -all-info  ProgramVersion: 7.3.2  TimeStamp: 2026/03/11-12:19:58-GMT  BuildTime: Aug  4 2022 06:17:15  BuildStamp: freesurfer-linux-ubuntu22_x86_64-7.3.2-20220804-6354275  User: oesteban  Machine: dna043  Platform: Linux  PlatformVersion: 5.14.0-427.37.1.el9_4.x86_64  CompilerName: GCC  CompilerVersion: 8.4.0
ProgramName: mris_curvature_stats  ProgramArguments: mris_curvature_stats -all-info  ProgramVersion: 7.3.2  TimeStamp: 2026/03/11-12:19:58-GMT  BuildTime: Aug  4 2022 06:17:15  BuildStamp: freesurfer-linux-ubuntu22_x86_64-7.3.2-20220804-6354275  User: oesteban  Machine: dna043  Platform: Linux  PlatformVersion: 5.14.0-427.37.1.el9_4.x86_64  CompilerName: GCC  CompilerVersion: 8.4.0
ProgramName: mris_diff  ProgramArguments: mris_diff -all-info  ProgramVersion: 7.3.2  TimeStamp: 2026/03/11-12:19:58-GMT  BuildTime: Aug  4 2022 06:17:15  BuildStamp: freesurfer-linux-ubuntu22_x86_64-7.3.2-20220804-6354275  User: oesteban  Machine: dna043  Platform: Linux  PlatformVersion: 5.14.0-427.37.1.el9_4.x86_64  CompilerName: GCC  CompilerVersion: 8.4.0
ProgramName: mris_divide_parcellation  ProgramArguments: mris_divide_parcellation -all-info  ProgramVersion: 7.3.2  TimeStamp: 2026/03/11-12:19:58-GMT  BuildTime: Aug  4 2022 06:17:15  BuildStamp: freesurfer-linux-ubuntu22_x86_64-7.3.2-20220804-6354275  User: oesteban  Machine: dna043  Platform: Linux  PlatformVersion: 5.14.0-427.37.1.el9_4.x86_64  CompilerName: GCC  CompilerVersion: 8.4.0
ProgramName: mri_segment  ProgramArguments: mri_segment -all-info  ProgramVersion: 7.3.2  TimeStamp: 2026/03/11-12:19:58-GMT  BuildTime: Aug  4 2022 06:17:15  BuildStamp: freesurfer-linux-ubuntu22_x86_64-7.3.2-20220804-6354275  User: oesteban  Machine: dna043  Platform: Linux  PlatformVersion: 5.14.0-427.37.1.el9_4.x86_64  CompilerName: GCC  CompilerVersion: 8.4.0
ProgramName: mri_segstats  ProgramArguments: mri_segstats -all-info  ProgramVersion: 7.3.2  TimeStamp: 2026/03/11-12:19:58-GMT  BuildTime: Aug  4 2022 06:17:15  BuildStamp: freesurfer-linux-ubuntu22_x86_64-7.3.2-20220804-6354275  User: oesteban  Machine: dna043  Platform: Linux  PlatformVersion: 5.14.0-427.37.1.el9_4.x86_64  CompilerName: GCC  CompilerVersion: 8.4.0
ProgramName: mris_euler_number  ProgramArguments: mris_euler_number -all-info  ProgramVersion: 7.3.2  TimeStamp: 2026/03/11-12:19:58-GMT  BuildTime: Aug  4 2022 06:17:15  BuildStamp: freesurfer-linux-ubuntu22_x86_64-7.3.2-20220804-6354275  User: oesteban  Machine: dna043  Platform: Linux  PlatformVersion: 5.14.0-427.37.1.el9_4.x86_64  CompilerName: GCC  CompilerVersion: 8.4.0
ProgramName: mris_fix_topology  ProgramArguments: mris_fix_topology -all-info  ProgramVersion: 7.3.2  TimeStamp: 2026/03/11-12:19:58-GMT  BuildTime: Aug  4 2022 06:17:15  BuildStamp: freesurfer-linux-ubuntu22_x86_64-7.3.2-20220804-6354275  User: oesteban  Machine: dna043  Platform: Linux  PlatformVersion: 5.14.0-427.37.1.el9_4.x86_64  CompilerName: GCC  CompilerVersion: 8.4.0
ProgramName: mris_topo_fixer  ProgramArguments: mris_topo_fixer -all-info  ProgramVersion: 7.3.2  TimeStamp: 2026/03/11-12:19:58-GMT  BuildTime: Aug  4 2022 06:17:15  BuildStamp: freesurfer-linux-ubuntu22_x86_64-7.3.2-20220804-6354275  User: oesteban  Machine: dna043  Platform: Linux  PlatformVersion: 5.14.0-427.37.1.el9_4.x86_64  CompilerName: GCC  CompilerVersion: 8.4.0
ProgramName: mris_jacobian  ProgramArguments: mris_jacobian -all-info  ProgramVersion: 7.3.2  TimeStamp: 2026/03/11-12:19:58-GMT  BuildTime: Aug  4 2022 06:17:15  BuildStamp: freesurfer-linux-ubuntu22_x86_64-7.3.2-20220804-6354275  User: oesteban  Machine: dna043  Platform: Linux  PlatformVersion: 5.14.0-427.37.1.el9_4.x86_64  CompilerName: GCC  CompilerVersion: 8.4.0
ProgramName: mris_label2annot  ProgramArguments: mris_label2annot -all-info  ProgramVersion: 7.3.2  TimeStamp: 2026/03/11-12:19:58-GMT  BuildTime: Aug  4 2022 06:17:15  BuildStamp: freesurfer-linux-ubuntu22_x86_64-7.3.2-20220804-6354275  User: oesteban  Machine: dna043  Platform: Linux  PlatformVersion: 5.14.0-427.37.1.el9_4.x86_64  CompilerName: GCC  CompilerVersion: 8.4.0
ProgramName: mris_left_right_register  ProgramArguments: mris_left_right_register -all-info  ProgramVersion: 7.3.2  TimeStamp: 2026/03/11-12:19:58-GMT  BuildTime: Aug  4 2022 06:17:15  BuildStamp: freesurfer-linux-ubuntu22_x86_64-7.3.2-20220804-6354275  User: oesteban  Machine: dna043  Platform: Linux  PlatformVersion: 5.14.0-427.37.1.el9_4.x86_64  CompilerName: GCC  CompilerVersion: 8.4.0
ProgramName: mris_place_surface  ProgramArguments: mris_place_surface -all-info  ProgramVersion: 7.3.2  TimeStamp: 2026/03/11-12:19:58-GMT  BuildTime: Aug  4 2022 06:17:15  BuildStamp: freesurfer-linux-ubuntu22_x86_64-7.3.2-20220804-6354275  User: oesteban  Machine: dna043  Platform: Linux  PlatformVersion: 5.14.0-427.37.1.el9_4.x86_64  CompilerName: GCC  CompilerVersion: 8.4.0
ProgramName: mrisp_paint  ProgramArguments: mrisp_paint -all-info  ProgramVersion: 7.3.2  TimeStamp: 2026/03/11-12:19:58-GMT  BuildTime: Aug  4 2022 06:17:15  BuildStamp: freesurfer-linux-ubuntu22_x86_64-7.3.2-20220804-6354275  User: oesteban  Machine: dna043  Platform: Linux  PlatformVersion: 5.14.0-427.37.1.el9_4.x86_64  CompilerName: GCC  CompilerVersion: 8.4.0
ProgramName: mris_register  ProgramArguments: mris_register -all-info  ProgramVersion: 7.3.2  TimeStamp: 2026/03/11-12:19:58-GMT  BuildTime: Aug  4 2022 06:17:15  BuildStamp: freesurfer-linux-ubuntu22_x86_64-7.3.2-20220804-6354275  User: oesteban  Machine: dna043  Platform: Linux  PlatformVersion: 5.14.0-427.37.1.el9_4.x86_64  CompilerName: GCC  CompilerVersion: 8.4.0
ProgramName: mris_smooth  ProgramArguments: mris_smooth -all-info  ProgramVersion: 7.3.2  TimeStamp: 2026/03/11-12:19:58-GMT  BuildTime: Aug  4 2022 06:17:15  BuildStamp: freesurfer-linux-ubuntu22_x86_64-7.3.2-20220804-6354275  User: oesteban  Machine: dna043  Platform: Linux  PlatformVersion: 5.14.0-427.37.1.el9_4.x86_64  CompilerName: GCC  CompilerVersion: 8.4.0
ProgramName: mris_sphere  ProgramArguments: mris_sphere -all-info  ProgramVersion: 7.3.2  TimeStamp: 2026/03/11-12:19:58-GMT  BuildTime: Aug  4 2022 06:17:15  BuildStamp: freesurfer-linux-ubuntu22_x86_64-7.3.2-20220804-6354275  User: oesteban  Machine: dna043  Platform: Linux  PlatformVersion: 5.14.0-427.37.1.el9_4.x86_64  CompilerName: GCC  CompilerVersion: 8.4.0
ProgramName: mris_surface_stats  ProgramArguments: mris_surface_stats -all-info  ProgramVersion: 7.3.2  TimeStamp: 2026/03/11-12:19:58-GMT  BuildTime: Aug  4 2022 06:17:15  BuildStamp: freesurfer-linux-ubuntu22_x86_64-7.3.2-20220804-6354275  User: oesteban  Machine: dna043  Platform: Linux  PlatformVersion: 5.14.0-427.37.1.el9_4.x86_64  CompilerName: GCC  CompilerVersion: 8.4.0
ProgramName: mri_stats2seg  ProgramArguments: mri_stats2seg -all-info  ProgramVersion: 7.3.2  TimeStamp: 2026/03/11-12:19:59-GMT  BuildTime: Aug  4 2022 06:17:15  BuildStamp: freesurfer-linux-ubuntu22_x86_64-7.3.2-20220804-6354275  User: oesteban  Machine: dna043  Platform: Linux  PlatformVersion: 5.14.0-427.37.1.el9_4.x86_64  CompilerName: GCC  CompilerVersion: 8.4.0
ProgramName: mris_thickness  ProgramArguments: mris_thickness -all-info  ProgramVersion: 7.3.2  TimeStamp: 2026/03/11-12:19:59-GMT  BuildTime: Aug  4 2022 06:17:15  BuildStamp: freesurfer-linux-ubuntu22_x86_64-7.3.2-20220804-6354275  User: oesteban  Machine: dna043  Platform: Linux  PlatformVersion: 5.14.0-427.37.1.el9_4.x86_64  CompilerName: GCC  CompilerVersion: 8.4.0
ProgramName: mris_thickness_diff  ProgramArguments: mris_thickness_diff -all-info  ProgramVersion: 7.3.2  TimeStamp: 2026/03/11-12:19:59-GMT  BuildTime: Aug  4 2022 06:17:15  BuildStamp: freesurfer-linux-ubuntu22_x86_64-7.3.2-20220804-6354275  User: oesteban  Machine: dna043  Platform: Linux  PlatformVersion: 5.14.0-427.37.1.el9_4.x86_64  CompilerName: GCC  CompilerVersion: 8.4.0
ProgramName: mris_topo_fixer  ProgramArguments: mris_topo_fixer -all-info  ProgramVersion: 7.3.2  TimeStamp: 2026/03/11-12:19:59-GMT  BuildTime: Aug  4 2022 06:17:15  BuildStamp: freesurfer-linux-ubuntu22_x86_64-7.3.2-20220804-6354275  User: oesteban  Machine: dna043  Platform: Linux  PlatformVersion: 5.14.0-427.37.1.el9_4.x86_64  CompilerName: GCC  CompilerVersion: 8.4.0
ProgramName: mri_surf2surf  ProgramArguments: mri_surf2surf -all-info  ProgramVersion: 7.3.2  TimeStamp: 2026/03/11-12:19:59-GMT  BuildTime: Aug  4 2022 06:17:15  BuildStamp: freesurfer-linux-ubuntu22_x86_64-7.3.2-20220804-6354275  User: oesteban  Machine: dna043  Platform: Linux  PlatformVersion: 5.14.0-427.37.1.el9_4.x86_64  CompilerName: GCC  CompilerVersion: 8.4.0
ProgramName: mri_surf2vol  ProgramArguments: mri_surf2vol -all-info  ProgramVersion: 7.3.2  TimeStamp: 2026/03/11-12:19:59-GMT  BuildTime: Aug  4 2022 06:17:15  BuildStamp: freesurfer-linux-ubuntu22_x86_64-7.3.2-20220804-6354275  User: oesteban  Machine: dna043  Platform: Linux  PlatformVersion: 5.14.0-427.37.1.el9_4.x86_64  CompilerName: GCC  CompilerVersion: 8.4.0
ProgramName: mri_surfcluster  ProgramArguments: mri_surfcluster -all-info  ProgramVersion: 7.3.2  TimeStamp: 2026/03/11-12:19:59-GMT  BuildTime: Aug  4 2022 06:17:15  BuildStamp: freesurfer-linux-ubuntu22_x86_64-7.3.2-20220804-6354275  User: oesteban  Machine: dna043  Platform: Linux  PlatformVersion: 5.14.0-427.37.1.el9_4.x86_64  CompilerName: GCC  CompilerVersion: 8.4.0
ProgramName: mris_volmask  ProgramArguments: mris_volmask -all-info  ProgramVersion: 7.3.2  TimeStamp: 2026/03/11-12:19:59-GMT  BuildTime: Aug  4 2022 06:17:15  BuildStamp: freesurfer-linux-ubuntu22_x86_64-7.3.2-20220804-6354275  User: oesteban  Machine: dna043  Platform: Linux  PlatformVersion: 5.14.0-427.37.1.el9_4.x86_64  CompilerName: GCC  CompilerVersion: 8.4.0
ProgramName: mri_tessellate  ProgramArguments: mri_tessellate -all-info  ProgramVersion: 7.3.2  TimeStamp: 2026/03/11-12:19:59-GMT  BuildTime: Aug  4 2022 06:17:15  BuildStamp: freesurfer-linux-ubuntu22_x86_64-7.3.2-20220804-6354275  User: oesteban  Machine: dna043  Platform: Linux  PlatformVersion: 5.14.0-427.37.1.el9_4.x86_64  CompilerName: GCC  CompilerVersion: 8.4.0
ProgramName: mri_vol2surf  ProgramArguments: mri_vol2surf -all-info  ProgramVersion: 7.3.2  TimeStamp: 2026/03/11-12:19:59-GMT  BuildTime: Aug  4 2022 06:17:15  BuildStamp: freesurfer-linux-ubuntu22_x86_64-7.3.2-20220804-6354275  User: oesteban  Machine: dna043  Platform: Linux  PlatformVersion: 5.14.0-427.37.1.el9_4.x86_64  CompilerName: GCC  CompilerVersion: 8.4.0
ProgramName: mri_vol2vol  ProgramArguments: mri_vol2vol -all-info  ProgramVersion: 7.3.2  TimeStamp: 2026/03/11-12:19:59-GMT  BuildTime: Aug  4 2022 06:17:15  BuildStamp: freesurfer-linux-ubuntu22_x86_64-7.3.2-20220804-6354275  User: oesteban  Machine: dna043  Platform: Linux  PlatformVersion: 5.14.0-427.37.1.el9_4.x86_64  CompilerName: GCC  CompilerVersion: 8.4.0
ProgramName: mri_voldiff  ProgramArguments: mri_voldiff -all-info  ProgramVersion: 7.3.2  TimeStamp: 2026/03/11-12:19:59-GMT  BuildTime: Aug  4 2022 06:17:15  BuildStamp: freesurfer-linux-ubuntu22_x86_64-7.3.2-20220804-6354275  User: oesteban  Machine: dna043  Platform: Linux  PlatformVersion: 5.14.0-427.37.1.el9_4.x86_64  CompilerName: GCC  CompilerVersion: 8.4.0
ProgramName: mri_watershed  ProgramArguments: mri_watershed -all-info  ProgramVersion: 7.3.2  TimeStamp: 2026/03/11-12:19:59-GMT  BuildTime: Aug  4 2022 06:17:15  BuildStamp: freesurfer-linux-ubuntu22_x86_64-7.3.2-20220804-6354275  User: oesteban  Machine: dna043  Platform: Linux  PlatformVersion: 5.14.0-427.37.1.el9_4.x86_64  CompilerName: GCC  CompilerVersion: 8.4.0
ProgramName: tkregister2  ProgramArguments: tkregister2_cmdl -all-info  ProgramVersion: 7.3.2  TimeStamp: 2026/03/11-12:19:59-GMT  BuildTime: Aug  4 2022 06:17:15  BuildStamp: freesurfer-linux-ubuntu22_x86_64-7.3.2-20220804-6354275  User: oesteban  Machine: dna043  Platform: Linux  PlatformVersion: 5.14.0-427.37.1.el9_4.x86_64  CompilerName: GCC  CompilerVersion: 8.4.0
mri_motion_correct.fsl 7.3.2
mri_convert -all-info 
ProgramName: mri_convert  ProgramArguments: mri_convert -all-info  ProgramVersion: 7.3.2  TimeStamp: 2026/03/11-12:19:59-GMT  BuildTime: Aug  4 2022 06:17:15  BuildStamp: freesurfer-linux-ubuntu22_x86_64-7.3.2-20220804-6354275  User: oesteban  Machine: dna043  Platform: Linux  PlatformVersion: 5.14.0-427.37.1.el9_4.x86_64  CompilerName: GCC  CompilerVersion: 8.4.0
Program nu_correct, built from:
Package MNI N3, version 1.12.0, compiled by nicks@terrier (x86_64-unknown-linux-gnu) on 2015-06-19 at 01:25:34
#######################################
GCADIR /opt/freesurfer/average
GCA RB_all_2020-01-02.gca
GCASkull RB_all_withskull_2020_01_02.gca
AvgCurvTif folding.atlas.acfb40.noaparc.i12.2016-08-02.tif
GCSDIR /opt/freesurfer/average
GCS DKaparc.atlas.acfb40.noaparc.i12.2016-08-02.gcs
#######################################
#@# white curv lh Wed Mar 11 13:19:59 CET 2026
cd /out/sourcedata/freesurfer/sub-v2s16x51246_ses-1/mri
mris_place_surface --curv-map ../surf/lh.white 2 10 ../surf/lh.curv
   Update not needed
#@# white area lh Wed Mar 11 13:19:59 CET 2026
cd /out/sourcedata/freesurfer/sub-v2s16x51246_ses-1/mri
mris_place_surface --area-map ../surf/lh.white ../surf/lh.area
   Update not needed
#@# pial curv lh Wed Mar 11 13:19:59 CET 2026
cd /out/sourcedata/freesurfer/sub-v2s16x51246_ses-1/mri
mris_place_surface --curv-map ../surf/lh.pial 2 10 ../surf/lh.curv.pial
   Update not needed
#@# pial area lh Wed Mar 11 13:19:59 CET 2026
cd /out/sourcedata/freesurfer/sub-v2s16x51246_ses-1/mri
mris_place_surface --area-map ../surf/lh.pial ../surf/lh.area.pial
   Update not needed
#@# thickness lh Wed Mar 11 13:19:59 CET 2026
cd /out/sourcedata/freesurfer/sub-v2s16x51246_ses-1/mri
mris_place_surface --thickness ../surf/lh.white ../surf/lh.pial 20 5 ../surf/lh.thickness
   Update not needed
#@# area and vertex vol lh Wed Mar 11 13:19:59 CET 2026
cd /out/sourcedata/freesurfer/sub-v2s16x51246_ses-1/mri
mris_place_surface --thickness ../surf/lh.white ../surf/lh.pial 20 5 ../surf/lh.thickness
   Update not needed
#@# white curv rh Wed Mar 11 13:19:59 CET 2026
cd /out/sourcedata/freesurfer/sub-v2s16x51246_ses-1/mri
mris_place_surface --curv-map ../surf/rh.white 2 10 ../surf/rh.curv
   Update not needed
#@# white area rh Wed Mar 11 13:19:59 CET 2026
cd /out/sourcedata/freesurfer/sub-v2s16x51246_ses-1/mri
mris_place_surface --area-map ../surf/rh.white ../surf/rh.area
   Update not needed
#@# pial curv rh Wed Mar 11 13:19:59 CET 2026
cd /out/sourcedata/freesurfer/sub-v2s16x51246_ses-1/mri
mris_place_surface --curv-map ../surf/rh.pial 2 10 ../surf/rh.curv.pial
   Update not needed
#@# pial area rh Wed Mar 11 13:19:59 CET 2026
cd /out/sourcedata/freesurfer/sub-v2s16x51246_ses-1/mri
mris_place_surface --area-map ../surf/rh.pial ../surf/rh.area.pial
   Update not needed
#@# thickness rh Wed Mar 11 13:19:59 CET 2026
cd /out/sourcedata/freesurfer/sub-v2s16x51246_ses-1/mri
mris_place_surface --thickness ../surf/rh.white ../surf/rh.pial 20 5 ../surf/rh.thickness
   Update not needed
#@# area and vertex vol rh Wed Mar 11 13:19:59 CET 2026
cd /out/sourcedata/freesurfer/sub-v2s16x51246_ses-1/mri
mris_place_surface --thickness ../surf/rh.white ../surf/rh.pial 20 5 ../surf/rh.thickness
   Update not needed
#--------------------------------------------
#@# Cortical ribbon mask Wed Mar 11 13:19:59 CET 2026
/out/sourcedata/freesurfer/sub-v2s16x51246_ses-1/mri

 mris_volmask --aseg_name aseg.presurf --label_left_white 2 --label_left_ribbon 3 --label_right_white 41 --label_right_ribbon 42 --save_ribbon sub-v2s16x51246_ses-1 

SUBJECTS_DIR is /out/sourcedata/freesurfer
loading input data...
Running hemis serially
Processing left hemi
computing distance to left white surface 
computing distance to left pial surface 
Processing right hemi
computing distance to right white surface 
computing distance to right pial surface 
 hemi masks overlap voxels = 375
writing volume /out/sourcedata/freesurfer/sub-v2s16x51246_ses-1/mri/ribbon.mgz
mris_volmask took 6.61 minutes
 writing ribbon files

Started at Wed Mar 11 13:19:58 CET 2026 
Ended   at Wed Mar 11 13:26:35 CET 2026
#@#%# recon-all-run-time-hours 0.110
recon-all -s sub-v2s16x51246_ses-1 finished without error at Wed Mar 11 13:26:35 CET 2026



#New# invocation of recon-all 




Wed Mar 11 13:32:58 CET 2026
cd /out/sourcedata/freesurfer/sub-v2s16x51246_ses-1
setenv SUBJECTS_DIR /out/sourcedata/freesurfer
/opt/freesurfer/bin/recon-all -autorecon3 -openmp 16 -subjid sub-v2s16x51246_ses-1 -sd /out/sourcedata/freesurfer -nosphere -nosurfreg -nojacobian_white -noavgcurv -nocortparc -nopial -noparcstats -nocortparc2 -noparcstats2 -nocortparc3 -noparcstats3 -nopctsurfcon -nocortribbon -nobalabels

subjid sub-v2s16x51246_ses-1
setenv SUBJECTS_DIR /out/sourcedata/freesurfer
FREESURFER_HOME /opt/freesurfer
Actual FREESURFER_HOME /opt/freesurfer
build-stamp.txt: freesurfer-linux-ubuntu22_x86_64-7.3.2-20220804-6354275
Linux dna043 5.14.0-427.37.1.el9_4.x86_64 #1 SMP PREEMPT_DYNAMIC Fri Sep 13 12:41:50 EDT 2024 x86_64 x86_64 x86_64 GNU/Linux
cputime      unlimited
filesize     unlimited
datasize     unlimited
stacksize    8192 kbytes
coredumpsize 0 kbytes
memoryuse    67108864 kbytes
vmemoryuse   unlimited
descriptors  1024 
memorylocked unlimited
maxproc      2061970 
maxlocks     unlimited
maxsignal    4126352 
maxmessage   819200 
maxnice      0 
maxrtprio    0 
maxrttime    unlimited

               total        used        free      shared  buff/cache   available
Mem:           1.0Ti        56Gi       910Gi        12Gi        40Gi       932Gi
Swap:             0B          0B          0B

########################################
program versions used
7.3.2 (freesurfer-linux-ubuntu22_x86_64-7.3.2-20220804-6354275)
7.3.2

ProgramName: lta_convert  ProgramArguments: lta_convert -all-info  ProgramVersion: 7.3.2  TimeStamp: 2026/03/11-12:32:58-GMT  BuildTime: Aug  4 2022 06:17:15  BuildStamp: freesurfer-linux-ubuntu22_x86_64-7.3.2-20220804-6354275  User: oesteban  Machine: dna043  Platform: Linux  PlatformVersion: 5.14.0-427.37.1.el9_4.x86_64  CompilerName: GCC  CompilerVersion: 8.4.0
ProgramName: mri_and  ProgramArguments: mri_and -all-info  ProgramVersion: 7.3.2  TimeStamp: 2026/03/11-12:32:58-GMT  BuildTime: Aug  4 2022 06:17:15  BuildStamp: freesurfer-linux-ubuntu22_x86_64-7.3.2-20220804-6354275  User: oesteban  Machine: dna043  Platform: Linux  PlatformVersion: 5.14.0-427.37.1.el9_4.x86_64  CompilerName: GCC  CompilerVersion: 8.4.0
ProgramName: mri_annotation2label  ProgramArguments: mri_annotation2label -all-info  ProgramVersion: 7.3.2  TimeStamp: 2026/03/11-12:32:58-GMT  BuildTime: Aug  4 2022 06:17:15  BuildStamp: freesurfer-linux-ubuntu22_x86_64-7.3.2-20220804-6354275  User: oesteban  Machine: dna043  Platform: Linux  PlatformVersion: 5.14.0-427.37.1.el9_4.x86_64  CompilerName: GCC  CompilerVersion: 8.4.0
ProgramName: mri_aparc2aseg  ProgramArguments: mri_aparc2aseg -all-info  ProgramVersion: 7.3.2  TimeStamp: 2026/03/11-12:32:58-GMT  BuildTime: Aug  4 2022 06:17:15  BuildStamp: freesurfer-linux-ubuntu22_x86_64-7.3.2-20220804-6354275  User: oesteban  Machine: dna043  Platform: Linux  PlatformVersion: 5.14.0-427.37.1.el9_4.x86_64  CompilerName: GCC  CompilerVersion: 8.4.0
ProgramName: mri_surf2volseg  ProgramArguments: mri_surf2volseg -all-info  ProgramVersion: 7.3.2  TimeStamp: 2026/03/11-12:32:58-GMT  BuildTime: Aug  4 2022 06:17:15  BuildStamp: freesurfer-linux-ubuntu22_x86_64-7.3.2-20220804-6354275  User: oesteban  Machine: dna043  Platform: Linux  PlatformVersion: 5.14.0-427.37.1.el9_4.x86_64  CompilerName: GCC  CompilerVersion: 8.4.0
ProgramName: mri_binarize  ProgramArguments: mri_binarize -all-info  ProgramVersion: 7.3.2  TimeStamp: 2026/03/11-12:32:58-GMT  BuildTime: Aug  4 2022 06:17:15  BuildStamp: freesurfer-linux-ubuntu22_x86_64-7.3.2-20220804-6354275  User: oesteban  Machine: dna043  Platform: Linux  PlatformVersion: 5.14.0-427.37.1.el9_4.x86_64  CompilerName: GCC  CompilerVersion: 8.4.0
ProgramName: mri_ca_label  ProgramArguments: mri_ca_label -all-info  ProgramVersion: 7.3.2  TimeStamp: 2026/03/11-12:32:58-GMT  BuildTime: Aug  4 2022 06:17:15  BuildStamp: freesurfer-linux-ubuntu22_x86_64-7.3.2-20220804-6354275  User: oesteban  Machine: dna043  Platform: Linux  PlatformVersion: 5.14.0-427.37.1.el9_4.x86_64  CompilerName: GCC  CompilerVersion: 8.4.0
ProgramName: mri_ca_normalize  ProgramArguments: mri_ca_normalize -all-info  ProgramVersion: 7.3.2  TimeStamp: 2026/03/11-12:32:59-GMT  BuildTime: Aug  4 2022 06:17:15  BuildStamp: freesurfer-linux-ubuntu22_x86_64-7.3.2-20220804-6354275  User: oesteban  Machine: dna043  Platform: Linux  PlatformVersion: 5.14.0-427.37.1.el9_4.x86_64  CompilerName: GCC  CompilerVersion: 8.4.0
ProgramName: mri_ca_register  ProgramArguments: mri_ca_register -all-info  ProgramVersion: 7.3.2  TimeStamp: 2026/03/11-12:32:59-GMT  BuildTime: Aug  4 2022 06:17:15  BuildStamp: freesurfer-linux-ubuntu22_x86_64-7.3.2-20220804-6354275  User: oesteban  Machine: dna043  Platform: Linux  PlatformVersion: 5.14.0-427.37.1.el9_4.x86_64  CompilerName: GCC  CompilerVersion: 8.4.0
ProgramName: mri_cc  ProgramArguments: mri_cc -all-info  ProgramVersion: 7.3.2  TimeStamp: 2026/03/11-12:32:59-GMT  BuildTime: Aug  4 2022 06:17:15  BuildStamp: freesurfer-linux-ubuntu22_x86_64-7.3.2-20220804-6354275  User: oesteban  Machine: dna043  Platform: Linux  PlatformVersion: 5.14.0-427.37.1.el9_4.x86_64  CompilerName: GCC  CompilerVersion: 8.4.0
ProgramName: mri_compute_overlap  ProgramArguments: mri_compute_overlap -all-info  ProgramVersion: 7.3.2  TimeStamp: 2026/03/11-12:32:59-GMT  BuildTime: Aug  4 2022 06:17:15  BuildStamp: freesurfer-linux-ubuntu22_x86_64-7.3.2-20220804-6354275  User: oesteban  Machine: dna043  Platform: Linux  PlatformVersion: 5.14.0-427.37.1.el9_4.x86_64  CompilerName: GCC  CompilerVersion: 8.4.0
ProgramName: mri_compute_seg_overlap  ProgramArguments: mri_compute_seg_overlap -all-info  ProgramVersion: 7.3.2  TimeStamp: 2026/03/11-12:32:59-GMT  BuildTime: Aug  4 2022 06:17:15  BuildStamp: freesurfer-linux-ubuntu22_x86_64-7.3.2-20220804-6354275  User: oesteban  Machine: dna043  Platform: Linux  PlatformVersion: 5.14.0-427.37.1.el9_4.x86_64  CompilerName: GCC  CompilerVersion: 8.4.0
ProgramName: mri_concat  ProgramArguments: mri_concat -all-info  ProgramVersion: 7.3.2  TimeStamp: 2026/03/11-12:32:59-GMT  BuildTime: Aug  4 2022 06:17:15  BuildStamp: freesurfer-linux-ubuntu22_x86_64-7.3.2-20220804-6354275  User: oesteban  Machine: dna043  Platform: Linux  PlatformVersion: 5.14.0-427.37.1.el9_4.x86_64  CompilerName: GCC  CompilerVersion: 8.4.0
ProgramName: mri_concatenate_lta  ProgramArguments: mri_concatenate_lta -all-info  ProgramVersion: 7.3.2  TimeStamp: 2026/03/11-12:32:59-GMT  BuildTime: Aug  4 2022 06:17:15  BuildStamp: freesurfer-linux-ubuntu22_x86_64-7.3.2-20220804-6354275  User: oesteban  Machine: dna043  Platform: Linux  PlatformVersion: 5.14.0-427.37.1.el9_4.x86_64  CompilerName: GCC  CompilerVersion: 8.4.0
mri_convert -all-info 
ProgramName: mri_convert  ProgramArguments: mri_convert -all-info  ProgramVersion: 7.3.2  TimeStamp: 2026/03/11-12:32:59-GMT  BuildTime: Aug  4 2022 06:17:15  BuildStamp: freesurfer-linux-ubuntu22_x86_64-7.3.2-20220804-6354275  User: oesteban  Machine: dna043  Platform: Linux  PlatformVersion: 5.14.0-427.37.1.el9_4.x86_64  CompilerName: GCC  CompilerVersion: 8.4.0
ProgramName: mri_diff  ProgramArguments: mri_diff -all-info  ProgramVersion: 7.3.2  TimeStamp: 2026/03/11-12:32:59-GMT  BuildTime: Aug  4 2022 06:17:15  BuildStamp: freesurfer-linux-ubuntu22_x86_64-7.3.2-20220804-6354275  User: oesteban  Machine: dna043  Platform: Linux  PlatformVersion: 5.14.0-427.37.1.el9_4.x86_64  CompilerName: GCC  CompilerVersion: 8.4.0
ProgramName: mri_edit_wm_with_aseg  ProgramArguments: mri_edit_wm_with_aseg -all-info  ProgramVersion: 7.3.2  TimeStamp: 2026/03/11-12:32:59-GMT  BuildTime: Aug  4 2022 06:17:15  BuildStamp: freesurfer-linux-ubuntu22_x86_64-7.3.2-20220804-6354275  User: oesteban  Machine: dna043  Platform: Linux  PlatformVersion: 5.14.0-427.37.1.el9_4.x86_64  CompilerName: GCC  CompilerVersion: 8.4.0
ProgramName: mri_em_register  ProgramArguments: mri_em_register -all-info  ProgramVersion: 7.3.2  TimeStamp: 2026/03/11-12:32:59-GMT  BuildTime: Aug  4 2022 06:17:15  BuildStamp: freesurfer-linux-ubuntu22_x86_64-7.3.2-20220804-6354275  User: oesteban  Machine: dna043  Platform: Linux  PlatformVersion: 5.14.0-427.37.1.el9_4.x86_64  CompilerName: GCC  CompilerVersion: 8.4.0
ProgramName: mri_fill  ProgramArguments: mri_fill -all-info  ProgramVersion: 7.3.2  TimeStamp: 2026/03/11-12:32:59-GMT  BuildTime: Aug  4 2022 06:17:15  BuildStamp: freesurfer-linux-ubuntu22_x86_64-7.3.2-20220804-6354275  User: oesteban  Machine: dna043  Platform: Linux  PlatformVersion: 5.14.0-427.37.1.el9_4.x86_64  CompilerName: GCC  CompilerVersion: 8.4.0
ProgramName: mri_fuse_segmentations  ProgramArguments: mri_fuse_segmentations -all-info  ProgramVersion: 7.3.2  TimeStamp: 2026/03/11-12:32:59-GMT  BuildTime: Aug  4 2022 06:17:15  BuildStamp: freesurfer-linux-ubuntu22_x86_64-7.3.2-20220804-6354275  User: oesteban  Machine: dna043  Platform: Linux  PlatformVersion: 5.14.0-427.37.1.el9_4.x86_64  CompilerName: GCC  CompilerVersion: 8.4.0
ProgramName: mri_fwhm  ProgramArguments: mri_fwhm -all-info  ProgramVersion: 7.3.2  TimeStamp: 2026/03/11-12:32:59-GMT  BuildTime: Aug  4 2022 06:17:15  BuildStamp: freesurfer-linux-ubuntu22_x86_64-7.3.2-20220804-6354275  User: oesteban  Machine: dna043  Platform: Linux  PlatformVersion: 5.14.0-427.37.1.el9_4.x86_64  CompilerName: GCC  CompilerVersion: 8.4.0
ProgramName: mri_gcut  ProgramArguments: mri_gcut -all-info  ProgramVersion: 7.3.2  TimeStamp: 2026/03/11-12:32:59-GMT  BuildTime: Aug  4 2022 06:17:15  BuildStamp: freesurfer-linux-ubuntu22_x86_64-7.3.2-20220804-6354275  User: oesteban  Machine: dna043  Platform: Linux  PlatformVersion: 5.14.0-427.37.1.el9_4.x86_64  CompilerName: GCC  CompilerVersion: 8.4.0
ProgramName: mri_info  ProgramArguments: mri_info -all-info  ProgramVersion: 7.3.2  TimeStamp: 2026/03/11-12:32:59-GMT  BuildTime: Aug  4 2022 06:17:15  BuildStamp: freesurfer-linux-ubuntu22_x86_64-7.3.2-20220804-6354275  User: oesteban  Machine: dna043  Platform: Linux  PlatformVersion: 5.14.0-427.37.1.el9_4.x86_64  CompilerName: GCC  CompilerVersion: 8.4.0
ProgramName: mri_label2label  ProgramArguments: mri_label2label -all-info  ProgramVersion: 7.3.2  TimeStamp: 2026/03/11-12:32:59-GMT  BuildTime: Aug  4 2022 06:17:15  BuildStamp: freesurfer-linux-ubuntu22_x86_64-7.3.2-20220804-6354275  User: oesteban  Machine: dna043  Platform: Linux  PlatformVersion: 5.14.0-427.37.1.el9_4.x86_64  CompilerName: GCC  CompilerVersion: 8.4.0
ProgramName: mri_label2vol  ProgramArguments: mri_label2vol -all-info  ProgramVersion: 7.3.2  TimeStamp: 2026/03/11-12:32:59-GMT  BuildTime: Aug  4 2022 06:17:15  BuildStamp: freesurfer-linux-ubuntu22_x86_64-7.3.2-20220804-6354275  User: oesteban  Machine: dna043  Platform: Linux  PlatformVersion: 5.14.0-427.37.1.el9_4.x86_64  CompilerName: GCC  CompilerVersion: 8.4.0
ProgramName: mri_log_likelihood  ProgramArguments: mri_log_likelihood -all-info  ProgramVersion: 7.3.2  TimeStamp: 2026/03/11-12:32:59-GMT  BuildTime: Aug  4 2022 06:17:15  BuildStamp: freesurfer-linux-ubuntu22_x86_64-7.3.2-20220804-6354275  User: oesteban  Machine: dna043  Platform: Linux  PlatformVersion: 5.14.0-427.37.1.el9_4.x86_64  CompilerName: GCC  CompilerVersion: 8.4.0
ProgramName: mri_mask  ProgramArguments: mri_mask -all-info  ProgramVersion: 7.3.2  TimeStamp: 2026/03/11-12:32:59-GMT  BuildTime: Aug  4 2022 06:17:15  BuildStamp: freesurfer-linux-ubuntu22_x86_64-7.3.2-20220804-6354275  User: oesteban  Machine: dna043  Platform: Linux  PlatformVersion: 5.14.0-427.37.1.el9_4.x86_64  CompilerName: GCC  CompilerVersion: 8.4.0
ProgramName: mri_matrix_multiply  ProgramArguments: mri_matrix_multiply -all-info  ProgramVersion: 7.3.2  TimeStamp: 2026/03/11-12:32:59-GMT  BuildTime: Aug  4 2022 06:17:15  BuildStamp: freesurfer-linux-ubuntu22_x86_64-7.3.2-20220804-6354275  User: oesteban  Machine: dna043  Platform: Linux  PlatformVersion: 5.14.0-427.37.1.el9_4.x86_64  CompilerName: GCC  CompilerVersion: 8.4.0
ProgramName: mri_normalize  ProgramArguments: mri_normalize -all-info  ProgramVersion: 7.3.2  TimeStamp: 2026/03/11-12:32:59-GMT  BuildTime: Aug  4 2022 06:17:15  BuildStamp: freesurfer-linux-ubuntu22_x86_64-7.3.2-20220804-6354275  User: oesteban  Machine: dna043  Platform: Linux  PlatformVersion: 5.14.0-427.37.1.el9_4.x86_64  CompilerName: GCC  CompilerVersion: 8.4.0
ProgramName: mri_normalize_tp2  ProgramArguments: mri_normalize_tp2 -all-info  ProgramVersion: 7.3.2  TimeStamp: 2026/03/11-12:32:59-GMT  BuildTime: Aug  4 2022 06:17:15  BuildStamp: freesurfer-linux-ubuntu22_x86_64-7.3.2-20220804-6354275  User: oesteban  Machine: dna043  Platform: Linux  PlatformVersion: 5.14.0-427.37.1.el9_4.x86_64  CompilerName: GCC  CompilerVersion: 8.4.0
ProgramName: mri_or  ProgramArguments: mri_or -all-info  ProgramVersion: 7.3.2  TimeStamp: 2026/03/11-12:32:59-GMT  BuildTime: Aug  4 2022 06:17:15  BuildStamp: freesurfer-linux-ubuntu22_x86_64-7.3.2-20220804-6354275  User: oesteban  Machine: dna043  Platform: Linux  PlatformVersion: 5.14.0-427.37.1.el9_4.x86_64  CompilerName: GCC  CompilerVersion: 8.4.0
ProgramName: mri_relabel_hypointensities  ProgramArguments: mri_relabel_hypointensities -all-info  ProgramVersion: 7.3.2  TimeStamp: 2026/03/11-12:32:59-GMT  BuildTime: Aug  4 2022 06:17:15  BuildStamp: freesurfer-linux-ubuntu22_x86_64-7.3.2-20220804-6354275  User: oesteban  Machine: dna043  Platform: Linux  PlatformVersion: 5.14.0-427.37.1.el9_4.x86_64  CompilerName: GCC  CompilerVersion: 8.4.0
ProgramName: mri_relabel_nonwm_hypos  ProgramArguments: mri_relabel_nonwm_hypos -all-info  ProgramVersion: 7.3.2  TimeStamp: 2026/03/11-12:32:59-GMT  BuildTime: Aug  4 2022 06:17:15  BuildStamp: freesurfer-linux-ubuntu22_x86_64-7.3.2-20220804-6354275  User: oesteban  Machine: dna043  Platform: Linux  PlatformVersion: 5.14.0-427.37.1.el9_4.x86_64  CompilerName: GCC  CompilerVersion: 8.4.0
ProgramName: mri_remove_neck  ProgramArguments: mri_remove_neck -all-info  ProgramVersion: 7.3.2  TimeStamp: 2026/03/11-12:32:59-GMT  BuildTime: Aug  4 2022 06:17:15  BuildStamp: freesurfer-linux-ubuntu22_x86_64-7.3.2-20220804-6354275  User: oesteban  Machine: dna043  Platform: Linux  PlatformVersion: 5.14.0-427.37.1.el9_4.x86_64  CompilerName: GCC  CompilerVersion: 8.4.0
7.3.2

ProgramName: mri_robust_register  ProgramArguments: mri_robust_register -all-info  ProgramVersion: 7.3.2  TimeStamp: 2026/03/11-12:32:59-GMT  BuildTime: Aug  4 2022 06:17:15  BuildStamp: freesurfer-linux-ubuntu22_x86_64-7.3.2-20220804-6354275  User: oesteban  Machine: dna043  Platform: Linux  PlatformVersion: 5.14.0-427.37.1.el9_4.x86_64  CompilerName: GCC  CompilerVersion: 8.4.0
7.3.2

ProgramName: mri_robust_template  ProgramArguments: mri_robust_template -all-info  ProgramVersion: 7.3.2  TimeStamp: 2026/03/11-12:32:59-GMT  BuildTime: Aug  4 2022 06:17:15  BuildStamp: freesurfer-linux-ubuntu22_x86_64-7.3.2-20220804-6354275  User: oesteban  Machine: dna043  Platform: Linux  PlatformVersion: 5.14.0-427.37.1.el9_4.x86_64  CompilerName: GCC  CompilerVersion: 8.4.0
ProgramName: mris_anatomical_stats  ProgramArguments: mris_anatomical_stats -all-info  ProgramVersion: 7.3.2  TimeStamp: 2026/03/11-12:32:59-GMT  BuildTime: Aug  4 2022 06:17:15  BuildStamp: freesurfer-linux-ubuntu22_x86_64-7.3.2-20220804-6354275  User: oesteban  Machine: dna043  Platform: Linux  PlatformVersion: 5.14.0-427.37.1.el9_4.x86_64  CompilerName: GCC  CompilerVersion: 8.4.0
ProgramName: mris_ca_label  ProgramArguments: mris_ca_label -all-info  ProgramVersion: 7.3.2  TimeStamp: 2026/03/11-12:32:59-GMT  BuildTime: Aug  4 2022 06:17:15  BuildStamp: freesurfer-linux-ubuntu22_x86_64-7.3.2-20220804-6354275  User: oesteban  Machine: dna043  Platform: Linux  PlatformVersion: 5.14.0-427.37.1.el9_4.x86_64  CompilerName: GCC  CompilerVersion: 8.4.0
ProgramName: mris_calc  ProgramArguments: mris_calc -all-info  ProgramVersion: 7.3.2  TimeStamp: 2026/03/11-12:32:59-GMT  BuildTime: Aug  4 2022 06:17:15  BuildStamp: freesurfer-linux-ubuntu22_x86_64-7.3.2-20220804-6354275  User: oesteban  Machine: dna043  Platform: Linux  PlatformVersion: 5.14.0-427.37.1.el9_4.x86_64  CompilerName: GCC  CompilerVersion: 8.4.0
ProgramName: mris_convert  ProgramArguments: mris_convert -all-info  ProgramVersion: 7.3.2  TimeStamp: 2026/03/11-12:32:59-GMT  BuildTime: Aug  4 2022 06:17:15  BuildStamp: freesurfer-linux-ubuntu22_x86_64-7.3.2-20220804-6354275  User: oesteban  Machine: dna043  Platform: Linux  PlatformVersion: 5.14.0-427.37.1.el9_4.x86_64  CompilerName: GCC  CompilerVersion: 8.4.0
ProgramName: mris_curvature  ProgramArguments: mris_curvature -all-info  ProgramVersion: 7.3.2  TimeStamp: 2026/03/11-12:32:59-GMT  BuildTime: Aug  4 2022 06:17:15  BuildStamp: freesurfer-linux-ubuntu22_x86_64-7.3.2-20220804-6354275  User: oesteban  Machine: dna043  Platform: Linux  PlatformVersion: 5.14.0-427.37.1.el9_4.x86_64  CompilerName: GCC  CompilerVersion: 8.4.0
ProgramName: mris_curvature_stats  ProgramArguments: mris_curvature_stats -all-info  ProgramVersion: 7.3.2  TimeStamp: 2026/03/11-12:32:59-GMT  BuildTime: Aug  4 2022 06:17:15  BuildStamp: freesurfer-linux-ubuntu22_x86_64-7.3.2-20220804-6354275  User: oesteban  Machine: dna043  Platform: Linux  PlatformVersion: 5.14.0-427.37.1.el9_4.x86_64  CompilerName: GCC  CompilerVersion: 8.4.0
ProgramName: mris_diff  ProgramArguments: mris_diff -all-info  ProgramVersion: 7.3.2  TimeStamp: 2026/03/11-12:32:59-GMT  BuildTime: Aug  4 2022 06:17:15  BuildStamp: freesurfer-linux-ubuntu22_x86_64-7.3.2-20220804-6354275  User: oesteban  Machine: dna043  Platform: Linux  PlatformVersion: 5.14.0-427.37.1.el9_4.x86_64  CompilerName: GCC  CompilerVersion: 8.4.0
ProgramName: mris_divide_parcellation  ProgramArguments: mris_divide_parcellation -all-info  ProgramVersion: 7.3.2  TimeStamp: 2026/03/11-12:32:59-GMT  BuildTime: Aug  4 2022 06:17:15  BuildStamp: freesurfer-linux-ubuntu22_x86_64-7.3.2-20220804-6354275  User: oesteban  Machine: dna043  Platform: Linux  PlatformVersion: 5.14.0-427.37.1.el9_4.x86_64  CompilerName: GCC  CompilerVersion: 8.4.0
ProgramName: mri_segment  ProgramArguments: mri_segment -all-info  ProgramVersion: 7.3.2  TimeStamp: 2026/03/11-12:32:59-GMT  BuildTime: Aug  4 2022 06:17:15  BuildStamp: freesurfer-linux-ubuntu22_x86_64-7.3.2-20220804-6354275  User: oesteban  Machine: dna043  Platform: Linux  PlatformVersion: 5.14.0-427.37.1.el9_4.x86_64  CompilerName: GCC  CompilerVersion: 8.4.0
ProgramName: mri_segstats  ProgramArguments: mri_segstats -all-info  ProgramVersion: 7.3.2  TimeStamp: 2026/03/11-12:32:59-GMT  BuildTime: Aug  4 2022 06:17:15  BuildStamp: freesurfer-linux-ubuntu22_x86_64-7.3.2-20220804-6354275  User: oesteban  Machine: dna043  Platform: Linux  PlatformVersion: 5.14.0-427.37.1.el9_4.x86_64  CompilerName: GCC  CompilerVersion: 8.4.0
ProgramName: mris_euler_number  ProgramArguments: mris_euler_number -all-info  ProgramVersion: 7.3.2  TimeStamp: 2026/03/11-12:32:59-GMT  BuildTime: Aug  4 2022 06:17:15  BuildStamp: freesurfer-linux-ubuntu22_x86_64-7.3.2-20220804-6354275  User: oesteban  Machine: dna043  Platform: Linux  PlatformVersion: 5.14.0-427.37.1.el9_4.x86_64  CompilerName: GCC  CompilerVersion: 8.4.0
ProgramName: mris_fix_topology  ProgramArguments: mris_fix_topology -all-info  ProgramVersion: 7.3.2  TimeStamp: 2026/03/11-12:32:59-GMT  BuildTime: Aug  4 2022 06:17:15  BuildStamp: freesurfer-linux-ubuntu22_x86_64-7.3.2-20220804-6354275  User: oesteban  Machine: dna043  Platform: Linux  PlatformVersion: 5.14.0-427.37.1.el9_4.x86_64  CompilerName: GCC  CompilerVersion: 8.4.0
ProgramName: mris_topo_fixer  ProgramArguments: mris_topo_fixer -all-info  ProgramVersion: 7.3.2  TimeStamp: 2026/03/11-12:32:59-GMT  BuildTime: Aug  4 2022 06:17:15  BuildStamp: freesurfer-linux-ubuntu22_x86_64-7.3.2-20220804-6354275  User: oesteban  Machine: dna043  Platform: Linux  PlatformVersion: 5.14.0-427.37.1.el9_4.x86_64  CompilerName: GCC  CompilerVersion: 8.4.0
ProgramName: mris_jacobian  ProgramArguments: mris_jacobian -all-info  ProgramVersion: 7.3.2  TimeStamp: 2026/03/11-12:32:59-GMT  BuildTime: Aug  4 2022 06:17:15  BuildStamp: freesurfer-linux-ubuntu22_x86_64-7.3.2-20220804-6354275  User: oesteban  Machine: dna043  Platform: Linux  PlatformVersion: 5.14.0-427.37.1.el9_4.x86_64  CompilerName: GCC  CompilerVersion: 8.4.0
ProgramName: mris_label2annot  ProgramArguments: mris_label2annot -all-info  ProgramVersion: 7.3.2  TimeStamp: 2026/03/11-12:32:59-GMT  BuildTime: Aug  4 2022 06:17:15  BuildStamp: freesurfer-linux-ubuntu22_x86_64-7.3.2-20220804-6354275  User: oesteban  Machine: dna043  Platform: Linux  PlatformVersion: 5.14.0-427.37.1.el9_4.x86_64  CompilerName: GCC  CompilerVersion: 8.4.0
ProgramName: mris_left_right_register  ProgramArguments: mris_left_right_register -all-info  ProgramVersion: 7.3.2  TimeStamp: 2026/03/11-12:32:59-GMT  BuildTime: Aug  4 2022 06:17:15  BuildStamp: freesurfer-linux-ubuntu22_x86_64-7.3.2-20220804-6354275  User: oesteban  Machine: dna043  Platform: Linux  PlatformVersion: 5.14.0-427.37.1.el9_4.x86_64  CompilerName: GCC  CompilerVersion: 8.4.0
ProgramName: mris_place_surface  ProgramArguments: mris_place_surface -all-info  ProgramVersion: 7.3.2  TimeStamp: 2026/03/11-12:32:59-GMT  BuildTime: Aug  4 2022 06:17:15  BuildStamp: freesurfer-linux-ubuntu22_x86_64-7.3.2-20220804-6354275  User: oesteban  Machine: dna043  Platform: Linux  PlatformVersion: 5.14.0-427.37.1.el9_4.x86_64  CompilerName: GCC  CompilerVersion: 8.4.0
ProgramName: mrisp_paint  ProgramArguments: mrisp_paint -all-info  ProgramVersion: 7.3.2  TimeStamp: 2026/03/11-12:32:59-GMT  BuildTime: Aug  4 2022 06:17:15  BuildStamp: freesurfer-linux-ubuntu22_x86_64-7.3.2-20220804-6354275  User: oesteban  Machine: dna043  Platform: Linux  PlatformVersion: 5.14.0-427.37.1.el9_4.x86_64  CompilerName: GCC  CompilerVersion: 8.4.0
ProgramName: mris_register  ProgramArguments: mris_register -all-info  ProgramVersion: 7.3.2  TimeStamp: 2026/03/11-12:32:59-GMT  BuildTime: Aug  4 2022 06:17:15  BuildStamp: freesurfer-linux-ubuntu22_x86_64-7.3.2-20220804-6354275  User: oesteban  Machine: dna043  Platform: Linux  PlatformVersion: 5.14.0-427.37.1.el9_4.x86_64  CompilerName: GCC  CompilerVersion: 8.4.0
ProgramName: mris_smooth  ProgramArguments: mris_smooth -all-info  ProgramVersion: 7.3.2  TimeStamp: 2026/03/11-12:32:59-GMT  BuildTime: Aug  4 2022 06:17:15  BuildStamp: freesurfer-linux-ubuntu22_x86_64-7.3.2-20220804-6354275  User: oesteban  Machine: dna043  Platform: Linux  PlatformVersion: 5.14.0-427.37.1.el9_4.x86_64  CompilerName: GCC  CompilerVersion: 8.4.0
ProgramName: mris_sphere  ProgramArguments: mris_sphere -all-info  ProgramVersion: 7.3.2  TimeStamp: 2026/03/11-12:32:59-GMT  BuildTime: Aug  4 2022 06:17:15  BuildStamp: freesurfer-linux-ubuntu22_x86_64-7.3.2-20220804-6354275  User: oesteban  Machine: dna043  Platform: Linux  PlatformVersion: 5.14.0-427.37.1.el9_4.x86_64  CompilerName: GCC  CompilerVersion: 8.4.0
ProgramName: mris_surface_stats  ProgramArguments: mris_surface_stats -all-info  ProgramVersion: 7.3.2  TimeStamp: 2026/03/11-12:32:59-GMT  BuildTime: Aug  4 2022 06:17:15  BuildStamp: freesurfer-linux-ubuntu22_x86_64-7.3.2-20220804-6354275  User: oesteban  Machine: dna043  Platform: Linux  PlatformVersion: 5.14.0-427.37.1.el9_4.x86_64  CompilerName: GCC  CompilerVersion: 8.4.0
ProgramName: mri_stats2seg  ProgramArguments: mri_stats2seg -all-info  ProgramVersion: 7.3.2  TimeStamp: 2026/03/11-12:32:59-GMT  BuildTime: Aug  4 2022 06:17:15  BuildStamp: freesurfer-linux-ubuntu22_x86_64-7.3.2-20220804-6354275  User: oesteban  Machine: dna043  Platform: Linux  PlatformVersion: 5.14.0-427.37.1.el9_4.x86_64  CompilerName: GCC  CompilerVersion: 8.4.0
ProgramName: mris_thickness  ProgramArguments: mris_thickness -all-info  ProgramVersion: 7.3.2  TimeStamp: 2026/03/11-12:32:59-GMT  BuildTime: Aug  4 2022 06:17:15  BuildStamp: freesurfer-linux-ubuntu22_x86_64-7.3.2-20220804-6354275  User: oesteban  Machine: dna043  Platform: Linux  PlatformVersion: 5.14.0-427.37.1.el9_4.x86_64  CompilerName: GCC  CompilerVersion: 8.4.0
ProgramName: mris_thickness_diff  ProgramArguments: mris_thickness_diff -all-info  ProgramVersion: 7.3.2  TimeStamp: 2026/03/11-12:32:59-GMT  BuildTime: Aug  4 2022 06:17:15  BuildStamp: freesurfer-linux-ubuntu22_x86_64-7.3.2-20220804-6354275  User: oesteban  Machine: dna043  Platform: Linux  PlatformVersion: 5.14.0-427.37.1.el9_4.x86_64  CompilerName: GCC  CompilerVersion: 8.4.0
ProgramName: mris_topo_fixer  ProgramArguments: mris_topo_fixer -all-info  ProgramVersion: 7.3.2  TimeStamp: 2026/03/11-12:32:59-GMT  BuildTime: Aug  4 2022 06:17:15  BuildStamp: freesurfer-linux-ubuntu22_x86_64-7.3.2-20220804-6354275  User: oesteban  Machine: dna043  Platform: Linux  PlatformVersion: 5.14.0-427.37.1.el9_4.x86_64  CompilerName: GCC  CompilerVersion: 8.4.0
ProgramName: mri_surf2surf  ProgramArguments: mri_surf2surf -all-info  ProgramVersion: 7.3.2  TimeStamp: 2026/03/11-12:32:59-GMT  BuildTime: Aug  4 2022 06:17:15  BuildStamp: freesurfer-linux-ubuntu22_x86_64-7.3.2-20220804-6354275  User: oesteban  Machine: dna043  Platform: Linux  PlatformVersion: 5.14.0-427.37.1.el9_4.x86_64  CompilerName: GCC  CompilerVersion: 8.4.0
ProgramName: mri_surf2vol  ProgramArguments: mri_surf2vol -all-info  ProgramVersion: 7.3.2  TimeStamp: 2026/03/11-12:32:59-GMT  BuildTime: Aug  4 2022 06:17:15  BuildStamp: freesurfer-linux-ubuntu22_x86_64-7.3.2-20220804-6354275  User: oesteban  Machine: dna043  Platform: Linux  PlatformVersion: 5.14.0-427.37.1.el9_4.x86_64  CompilerName: GCC  CompilerVersion: 8.4.0
ProgramName: mri_surfcluster  ProgramArguments: mri_surfcluster -all-info  ProgramVersion: 7.3.2  TimeStamp: 2026/03/11-12:32:59-GMT  BuildTime: Aug  4 2022 06:17:15  BuildStamp: freesurfer-linux-ubuntu22_x86_64-7.3.2-20220804-6354275  User: oesteban  Machine: dna043  Platform: Linux  PlatformVersion: 5.14.0-427.37.1.el9_4.x86_64  CompilerName: GCC  CompilerVersion: 8.4.0
ProgramName: mris_volmask  ProgramArguments: mris_volmask -all-info  ProgramVersion: 7.3.2  TimeStamp: 2026/03/11-12:32:59-GMT  BuildTime: Aug  4 2022 06:17:15  BuildStamp: freesurfer-linux-ubuntu22_x86_64-7.3.2-20220804-6354275  User: oesteban  Machine: dna043  Platform: Linux  PlatformVersion: 5.14.0-427.37.1.el9_4.x86_64  CompilerName: GCC  CompilerVersion: 8.4.0
ProgramName: mri_tessellate  ProgramArguments: mri_tessellate -all-info  ProgramVersion: 7.3.2  TimeStamp: 2026/03/11-12:32:59-GMT  BuildTime: Aug  4 2022 06:17:15  BuildStamp: freesurfer-linux-ubuntu22_x86_64-7.3.2-20220804-6354275  User: oesteban  Machine: dna043  Platform: Linux  PlatformVersion: 5.14.0-427.37.1.el9_4.x86_64  CompilerName: GCC  CompilerVersion: 8.4.0
ProgramName: mri_vol2surf  ProgramArguments: mri_vol2surf -all-info  ProgramVersion: 7.3.2  TimeStamp: 2026/03/11-12:32:59-GMT  BuildTime: Aug  4 2022 06:17:15  BuildStamp: freesurfer-linux-ubuntu22_x86_64-7.3.2-20220804-6354275  User: oesteban  Machine: dna043  Platform: Linux  PlatformVersion: 5.14.0-427.37.1.el9_4.x86_64  CompilerName: GCC  CompilerVersion: 8.4.0
ProgramName: mri_vol2vol  ProgramArguments: mri_vol2vol -all-info  ProgramVersion: 7.3.2  TimeStamp: 2026/03/11-12:32:59-GMT  BuildTime: Aug  4 2022 06:17:15  BuildStamp: freesurfer-linux-ubuntu22_x86_64-7.3.2-20220804-6354275  User: oesteban  Machine: dna043  Platform: Linux  PlatformVersion: 5.14.0-427.37.1.el9_4.x86_64  CompilerName: GCC  CompilerVersion: 8.4.0
ProgramName: mri_voldiff  ProgramArguments: mri_voldiff -all-info  ProgramVersion: 7.3.2  TimeStamp: 2026/03/11-12:32:59-GMT  BuildTime: Aug  4 2022 06:17:15  BuildStamp: freesurfer-linux-ubuntu22_x86_64-7.3.2-20220804-6354275  User: oesteban  Machine: dna043  Platform: Linux  PlatformVersion: 5.14.0-427.37.1.el9_4.x86_64  CompilerName: GCC  CompilerVersion: 8.4.0
ProgramName: mri_watershed  ProgramArguments: mri_watershed -all-info  ProgramVersion: 7.3.2  TimeStamp: 2026/03/11-12:32:59-GMT  BuildTime: Aug  4 2022 06:17:15  BuildStamp: freesurfer-linux-ubuntu22_x86_64-7.3.2-20220804-6354275  User: oesteban  Machine: dna043  Platform: Linux  PlatformVersion: 5.14.0-427.37.1.el9_4.x86_64  CompilerName: GCC  CompilerVersion: 8.4.0
ProgramName: tkregister2  ProgramArguments: tkregister2_cmdl -all-info  ProgramVersion: 7.3.2  TimeStamp: 2026/03/11-12:32:59-GMT  BuildTime: Aug  4 2022 06:17:15  BuildStamp: freesurfer-linux-ubuntu22_x86_64-7.3.2-20220804-6354275  User: oesteban  Machine: dna043  Platform: Linux  PlatformVersion: 5.14.0-427.37.1.el9_4.x86_64  CompilerName: GCC  CompilerVersion: 8.4.0
mri_motion_correct.fsl 7.3.2
mri_convert -all-info 
ProgramName: mri_convert  ProgramArguments: mri_convert -all-info  ProgramVersion: 7.3.2  TimeStamp: 2026/03/11-12:32:59-GMT  BuildTime: Aug  4 2022 06:17:15  BuildStamp: freesurfer-linux-ubuntu22_x86_64-7.3.2-20220804-6354275  User: oesteban  Machine: dna043  Platform: Linux  PlatformVersion: 5.14.0-427.37.1.el9_4.x86_64  CompilerName: GCC  CompilerVersion: 8.4.0
Program nu_correct, built from:
Package MNI N3, version 1.12.0, compiled by nicks@terrier (x86_64-unknown-linux-gnu) on 2015-06-19 at 01:25:34
#######################################
GCADIR /opt/freesurfer/average
GCA RB_all_2020-01-02.gca
GCASkull RB_all_withskull_2020_01_02.gca
AvgCurvTif folding.atlas.acfb40.noaparc.i12.2016-08-02.tif
GCSDIR /opt/freesurfer/average
GCS DKaparc.atlas.acfb40.noaparc.i12.2016-08-02.gcs
#######################################
#--------------------------------------------
#@# WhiteSurfs lh Wed Mar 11 13:32:59 CET 2026
cd /out/sourcedata/freesurfer/sub-v2s16x51246_ses-1/mri
mris_place_surface --adgws-in ../surf/autodet.gw.stats.lh.dat --seg aseg.presurf.mgz --threads 16 --wm wm.mgz --invol brain.finalsurfs.mgz --lh --i ../surf/lh.white.preaparc --o ../surf/lh.white --white --nsmooth 0 --rip-label ../label/lh.cortex.label --rip-bg --rip-surf ../surf/lh.white.preaparc --aparc ../label/lh.aparc.annot
   Update not needed
#--------------------------------------------
#@# WhiteSurfs rh Wed Mar 11 13:32:59 CET 2026
cd /out/sourcedata/freesurfer/sub-v2s16x51246_ses-1/mri
mris_place_surface --adgws-in ../surf/autodet.gw.stats.rh.dat --seg aseg.presurf.mgz --threads 16 --wm wm.mgz --invol brain.finalsurfs.mgz --rh --i ../surf/rh.white.preaparc --o ../surf/rh.white --white --nsmooth 0 --rip-label ../label/rh.cortex.label --rip-bg --rip-surf ../surf/rh.white.preaparc --aparc ../label/rh.aparc.annot
   Update not needed
#@# white curv lh Wed Mar 11 13:32:59 CET 2026
cd /out/sourcedata/freesurfer/sub-v2s16x51246_ses-1/mri
mris_place_surface --curv-map ../surf/lh.white 2 10 ../surf/lh.curv
   Update not needed
#@# white area lh Wed Mar 11 13:32:59 CET 2026
cd /out/sourcedata/freesurfer/sub-v2s16x51246_ses-1/mri
mris_place_surface --area-map ../surf/lh.white ../surf/lh.area
   Update not needed
#@# pial curv lh Wed Mar 11 13:32:59 CET 2026
cd /out/sourcedata/freesurfer/sub-v2s16x51246_ses-1/mri
mris_place_surface --curv-map ../surf/lh.pial 2 10 ../surf/lh.curv.pial
   Update not needed
#@# pial area lh Wed Mar 11 13:32:59 CET 2026
cd /out/sourcedata/freesurfer/sub-v2s16x51246_ses-1/mri
mris_place_surface --area-map ../surf/lh.pial ../surf/lh.area.pial
   Update not needed
#@# thickness lh Wed Mar 11 13:32:59 CET 2026
cd /out/sourcedata/freesurfer/sub-v2s16x51246_ses-1/mri
mris_place_surface --thickness ../surf/lh.white ../surf/lh.pial 20 5 ../surf/lh.thickness
   Update not needed
#@# area and vertex vol lh Wed Mar 11 13:32:59 CET 2026
cd /out/sourcedata/freesurfer/sub-v2s16x51246_ses-1/mri
mris_place_surface --thickness ../surf/lh.white ../surf/lh.pial 20 5 ../surf/lh.thickness
   Update not needed
#@# white curv rh Wed Mar 11 13:32:59 CET 2026
cd /out/sourcedata/freesurfer/sub-v2s16x51246_ses-1/mri
mris_place_surface --curv-map ../surf/rh.white 2 10 ../surf/rh.curv
   Update not needed
#@# white area rh Wed Mar 11 13:32:59 CET 2026
cd /out/sourcedata/freesurfer/sub-v2s16x51246_ses-1/mri
mris_place_surface --area-map ../surf/rh.white ../surf/rh.area
   Update not needed
#@# pial curv rh Wed Mar 11 13:32:59 CET 2026
cd /out/sourcedata/freesurfer/sub-v2s16x51246_ses-1/mri
mris_place_surface --curv-map ../surf/rh.pial 2 10 ../surf/rh.curv.pial
   Update not needed
#@# pial area rh Wed Mar 11 13:32:59 CET 2026
cd /out/sourcedata/freesurfer/sub-v2s16x51246_ses-1/mri
mris_place_surface --area-map ../surf/rh.pial ../surf/rh.area.pial
   Update not needed
#@# thickness rh Wed Mar 11 13:32:59 CET 2026
cd /out/sourcedata/freesurfer/sub-v2s16x51246_ses-1/mri
mris_place_surface --thickness ../surf/rh.white ../surf/rh.pial 20 5 ../surf/rh.thickness
   Update not needed
#@# area and vertex vol rh Wed Mar 11 13:32:59 CET 2026
cd /out/sourcedata/freesurfer/sub-v2s16x51246_ses-1/mri
mris_place_surface --thickness ../surf/rh.white ../surf/rh.pial 20 5 ../surf/rh.thickness
   Update not needed

#-----------------------------------------
#@# Curvature Stats lh Wed Mar 11 13:32:59 CET 2026
/out/sourcedata/freesurfer/sub-v2s16x51246_ses-1/surf

 mris_curvature_stats -m --writeCurvatureFiles -G -o ../stats/lh.curv.stats -F smoothwm sub-v2s16x51246_ses-1 lh curv sulc 

             Toggling save flag on curvature files                       [ ok ]
                 Outputting results using filestem   [ ../stats/lh.curv.stats ]
             Toggling save flag on curvature files                       [ ok ]
                                   Setting surface [ sub-v2s16x51246_ses-1/lh.smoothwm ]
                                Reading surface...                       [ ok ]
                                   Setting texture                     [ curv ]
                                Reading texture...                       [ ok ]
                                   Setting texture                     [ sulc ]
                                Reading texture...Gb_filter = 0
                       [ ok ]
      Calculating Discrete Principal Curvatures...
      Determining geometric order for vno faces... [####################] [ ok ]
                      Determining KH curvatures... [####################] [ ok ]
                    Determining k1k2 curvatures... [####################] [ ok ]
                                   deltaViolations                      [ 276 ]
Gb_filter = 0

WARN:    S lookup   min:                          -0.073070
WARN:    S explicit min:                          0.000000	vertex = 146

#-----------------------------------------
#@# Curvature Stats rh Wed Mar 11 13:33:01 CET 2026
/out/sourcedata/freesurfer/sub-v2s16x51246_ses-1/surf

 mris_curvature_stats -m --writeCurvatureFiles -G -o ../stats/rh.curv.stats -F smoothwm sub-v2s16x51246_ses-1 rh curv sulc 

             Toggling save flag on curvature files                       [ ok ]
                 Outputting results using filestem   [ ../stats/rh.curv.stats ]
             Toggling save flag on curvature files                       [ ok ]
                                   Setting surface [ sub-v2s16x51246_ses-1/rh.smoothwm ]
                                Reading surface...                       [ ok ]
                                   Setting texture                     [ curv ]
                                Reading texture...                       [ ok ]
                                   Setting texture                     [ sulc ]
                                Reading texture...Gb_filter = 0
                       [ ok ]
      Calculating Discrete Principal Curvatures...
      Determining geometric order for vno faces... [####################] [ ok ]
                      Determining KH curvatures... [####################] [ ok ]
                    Determining k1k2 curvatures... [####################] [ ok ]
                                   deltaViolations                      [ 263 ]
Gb_filter = 0

WARN:    S lookup   min:                          -0.131694
WARN:    S explicit min:                          0.000000	vertex = 1130
#-----------------------------------------
#@# Relabel Hypointensities Wed Mar 11 13:33:04 CET 2026
/out/sourcedata/freesurfer/sub-v2s16x51246_ses-1/mri

 mri_relabel_hypointensities aseg.presurf.mgz ../surf aseg.presurf.hypos.mgz 

reading input surface ../surf/lh.white...
relabeling lh hypointensities...
2156 voxels changed to hypointensity...
reading input surface ../surf/rh.white...
relabeling rh hypointensities...
2157 voxels changed to hypointensity...
3986 hypointense voxels neighboring cortex changed
#-----------------------------------------
#@# APas-to-ASeg Wed Mar 11 13:33:19 CET 2026
/out/sourcedata/freesurfer/sub-v2s16x51246_ses-1/mri

 mri_surf2volseg --o aseg.mgz --i aseg.presurf.hypos.mgz --fix-presurf-with-ribbon /out/sourcedata/freesurfer/sub-v2s16x51246_ses-1/mri/ribbon.mgz --threads 16 --lh-cortex-mask /out/sourcedata/freesurfer/sub-v2s16x51246_ses-1/label/lh.cortex.label --lh-white /out/sourcedata/freesurfer/sub-v2s16x51246_ses-1/surf/lh.white --lh-pial /out/sourcedata/freesurfer/sub-v2s16x51246_ses-1/surf/lh.pial --rh-cortex-mask /out/sourcedata/freesurfer/sub-v2s16x51246_ses-1/label/rh.cortex.label --rh-white /out/sourcedata/freesurfer/sub-v2s16x51246_ses-1/surf/rh.white --rh-pial /out/sourcedata/freesurfer/sub-v2s16x51246_ses-1/surf/rh.pial 

SUBJECTS_DIR /out/sourcedata/freesurfer
outvol aseg.mgz
16 avail.processors, using 16
Loading aseg.presurf.hypos.mgz
Loading /out/sourcedata/freesurfer/sub-v2s16x51246_ses-1/mri/ribbon.mgz
Loading /out/sourcedata/freesurfer/sub-v2s16x51246_ses-1/surf/lh.white
Loading /out/sourcedata/freesurfer/sub-v2s16x51246_ses-1/surf/lh.pial
Loading /out/sourcedata/freesurfer/sub-v2s16x51246_ses-1/label/lh.cortex.label
Loading /out/sourcedata/freesurfer/sub-v2s16x51246_ses-1/surf/rh.white
Loading /out/sourcedata/freesurfer/sub-v2s16x51246_ses-1/surf/rh.pial
Loading /out/sourcedata/freesurfer/sub-v2s16x51246_ses-1/label/rh.cortex.label
Done loading
 80 192 144 240 176  96 208 224  48 112  16 128  64  32 160   0   1 209 225  33 241  17  49 193  65 177   2 242 226 210  34  18  50 161 194   3 243  66 227 211  35  97  19 
 51 195  81 113 178 129   4 244 228 212  36 145  20  52 162 196  67   5 245 229 213  37  21  53 197 179 
  6 246 230 214  38  68  22 198 130  54  82 247 146 163   7 231 215  39 
 23 199 
 55 180  98  69 248 232 216   8  40  24 200  56 114 233 217 249   9  41 131  25 147 164  70 201  83 181  57 234 218 250  42  10  26 202 235 219 
251  58  43  11  27  71 203 182 148 236 220 132 252  44 165  12  59 
 28  99 
204 237 221 253  84  45  72  13  29 205  60 183 254 238 222  46 133  14  30 149 206 255 166 239 
223  15  61  73  47 115  31 207  85 184  62 100 134 150 185  74 167  63  86 186 135  75 151 168 187 101  87 169 136  76 188 116 152 189 170  88  77 102 153 190 137 171 191  89  78 172 154 103 117 138 173  90 155  79 
174 156 104 139 
 91 175 157 118 105  92 140 158  93 159 
106 141 119 
 94 107 142  95 120 108 143 109 121 110 122 111 123 124 125 126 127 
nrelabeled = 150926
ndotcheck = 0
Starting Surf2VolSeg free
free done
#VMPC# mri_surf2volseg VmPeak  1957732
mri_surf2volseg done

 mri_brainvol_stats sub-v2s16x51246_ses-1 

ComputeBrainVolumeStats2 VoxelVol=1, KeepCSF=1
  #CBVS2 MaskVol              1512568.0
  #CBVS2 BrainSegVol          1213450.0
  #CBVS2 BrainSegVolNotVent   1178475.0
  #CBVS2 SupraTentVol         1061766.0
  #CBVS2 SupraTentVolNotVent  1026791.0
  #CBVS2 lhCtxGM               260811.5
  #CBVS2 rhCtxGM               265740.0
  #CBVS2 lhCerebralWM          223392.0
  #CBVS2 rhCerebralWM          218861.0
  #CBVS2 SubCortGMVol           58998.0
  #CBVS2 CerebellumVol         151684.0
  #CBVS2 CerebellumGMVol       125409.0
  #CBVS2 VentChorVol            30420.0
  #CBVS2 3rd4th5thCSF            4555.0
  #CBVS2 AllCSF                 34975.0
  #CBVS2 CCVol                   3204.0
#-----------------------------------------
#@# AParc-to-ASeg aparc Wed Mar 11 13:33:27 CET 2026
/out/sourcedata/freesurfer/sub-v2s16x51246_ses-1/mri

 mri_surf2volseg --o aparc+aseg.mgz --label-cortex --i aseg.mgz --threads 16 --lh-annot /out/sourcedata/freesurfer/sub-v2s16x51246_ses-1/label/lh.aparc.annot 1000 --lh-cortex-mask /out/sourcedata/freesurfer/sub-v2s16x51246_ses-1/label/lh.cortex.label --lh-white /out/sourcedata/freesurfer/sub-v2s16x51246_ses-1/surf/lh.white --lh-pial /out/sourcedata/freesurfer/sub-v2s16x51246_ses-1/surf/lh.pial --rh-annot /out/sourcedata/freesurfer/sub-v2s16x51246_ses-1/label/rh.aparc.annot 2000 --rh-cortex-mask /out/sourcedata/freesurfer/sub-v2s16x51246_ses-1/label/rh.cortex.label --rh-white /out/sourcedata/freesurfer/sub-v2s16x51246_ses-1/surf/rh.white --rh-pial /out/sourcedata/freesurfer/sub-v2s16x51246_ses-1/surf/rh.pial 

SUBJECTS_DIR /out/sourcedata/freesurfer
outvol aparc+aseg.mgz
16 avail.processors, using 16
Loading aseg.mgz
Loading /out/sourcedata/freesurfer/sub-v2s16x51246_ses-1/surf/lh.white
Loading /out/sourcedata/freesurfer/sub-v2s16x51246_ses-1/surf/lh.pial
Loading /out/sourcedata/freesurfer/sub-v2s16x51246_ses-1/label/lh.cortex.label
Ripping lh vertices labeled not in lh.cortex.label
  ripped 8529 vertices from lh hemi
Loading /out/sourcedata/freesurfer/sub-v2s16x51246_ses-1/label/lh.aparc.annot
Loading /out/sourcedata/freesurfer/sub-v2s16x51246_ses-1/surf/rh.white
Loading /out/sourcedata/freesurfer/sub-v2s16x51246_ses-1/surf/rh.pial
Loading /out/sourcedata/freesurfer/sub-v2s16x51246_ses-1/label/rh.cortex.label
Ripping rh vertices labeled not in rh.cortex.label
  ripped 8331 vertices from rh hemi
Loading /out/sourcedata/freesurfer/sub-v2s16x51246_ses-1/label/rh.aparc.annot
Done loading
  0 240 176  64 160 224 208 112  16 192  96 128  32  48 144  80  33   1 209 241  17 225  49  34   2 242 210 226  18  50  35 243   3 211 227  19 
 51 244  36   4 193 212 228  20  52 245  37   5 229 213  21  53 194  38 246   6 214 230  22  54 195  39 
  7 247 231 215  23  40 196   8 248  55 232 216  24  41 197   9 249  56 233 217  25  42 198  10 250 234 218  26  43 199 
 11 251 219 235 
200  27  44  12 252 236 220 201  28  45  13 253 221 237 202  29  46  14 254 238 222 203  57  30  47  15 255 223 239 
204  31 205 206 207  58  59 
 60  65  61 145  97  62 177  81 113 161  63 146  66 129  98 178 147  67  82 114 162  99 
148 179 
 68 130 115  83 163 100 149 180  69 116 101 131  70 164 150 181  84 117 102  71 182 165 132 151 103  85 118 183  72 104 166 152 133 184 119 
105  86  73 167 185 153 134 106 120 186  74 168 135 187  87 154 107 121 188 189 136 169 190  75 191 155  88 108 122 137  76 170 156 138  89 109 123 139 
 77 171 110  90 157 140 124  78 111 141 172  91 125 158  79 
142  92 173 143 126 159 
 93 174 127  94 175  95 
nrelabeled = 525514
ndotcheck = 27554
Starting Surf2VolSeg free
free done
#VMPC# mri_surf2volseg VmPeak  1941944
mri_surf2volseg done
#-----------------------------------------
#@# AParc-to-ASeg aparc.a2009s Wed Mar 11 13:33:59 CET 2026
/out/sourcedata/freesurfer/sub-v2s16x51246_ses-1/mri

 mri_surf2volseg --o aparc.a2009s+aseg.mgz --label-cortex --i aseg.mgz --threads 16 --lh-annot /out/sourcedata/freesurfer/sub-v2s16x51246_ses-1/label/lh.aparc.a2009s.annot 11100 --lh-cortex-mask /out/sourcedata/freesurfer/sub-v2s16x51246_ses-1/label/lh.cortex.label --lh-white /out/sourcedata/freesurfer/sub-v2s16x51246_ses-1/surf/lh.white --lh-pial /out/sourcedata/freesurfer/sub-v2s16x51246_ses-1/surf/lh.pial --rh-annot /out/sourcedata/freesurfer/sub-v2s16x51246_ses-1/label/rh.aparc.a2009s.annot 12100 --rh-cortex-mask /out/sourcedata/freesurfer/sub-v2s16x51246_ses-1/label/rh.cortex.label --rh-white /out/sourcedata/freesurfer/sub-v2s16x51246_ses-1/surf/rh.white --rh-pial /out/sourcedata/freesurfer/sub-v2s16x51246_ses-1/surf/rh.pial 

SUBJECTS_DIR /out/sourcedata/freesurfer
outvol aparc.a2009s+aseg.mgz
16 avail.processors, using 16
Loading aseg.mgz
Loading /out/sourcedata/freesurfer/sub-v2s16x51246_ses-1/surf/lh.white
Loading /out/sourcedata/freesurfer/sub-v2s16x51246_ses-1/surf/lh.pial
Loading /out/sourcedata/freesurfer/sub-v2s16x51246_ses-1/label/lh.cortex.label
Ripping lh vertices labeled not in lh.cortex.label
  ripped 8529 vertices from lh hemi
Loading /out/sourcedata/freesurfer/sub-v2s16x51246_ses-1/label/lh.aparc.a2009s.annot
Loading /out/sourcedata/freesurfer/sub-v2s16x51246_ses-1/surf/rh.white
Loading /out/sourcedata/freesurfer/sub-v2s16x51246_ses-1/surf/rh.pial
Loading /out/sourcedata/freesurfer/sub-v2s16x51246_ses-1/label/rh.cortex.label
Ripping rh vertices labeled not in rh.cortex.label
  ripped 8331 vertices from rh hemi
Loading /out/sourcedata/freesurfer/sub-v2s16x51246_ses-1/label/rh.aparc.a2009s.annot
Done loading
  0 192 176 224 160  96 240 144  80  48 208  16  32 128  64 112   1  49  33 241 225  17 209   2  18  34 242 226 210   3  19 
 35  50 243 227  20 211  36  51 193  21  37   4 244 228 212  52  22  38   5 245 229  53 213  23  39 
194  54  24  40 246 230 214   6 195  25  41  55 247 231 215  26  42 196  56   7  27  43 248 232 216 197   8  28  44 249 233 217  29 198  45  30 250 234  46   9 218 199 
 31  47  10 251 235 219 
200 252 236 220  11 201  57 237 253 221 202 238  12 254 222 203 239 
255 223 204  13  14 205  15 206  58 207  59 
 60  65  61 145 177  97  62 113  81  66 161  63 129 146  67 178 114  98 147  82 162  68 130 179 
 99 
115 148 163  69 180  83 100 131 149 116  70 164 181 101 150 117  71  84 132 165 102 182  72 118 151 103 183 133 166  85 104 184 152  73 119 
167 134 105 185 153  86 168 135 120  74 106 186 187 136 169 154 107 188 121  87  75 189 190 137 191 155 170 108 122 138  76  88 156 171 139 
109 123  77  89 172 157 140 110 173 141 124  78  90 158 111 174 142  91 125  79 
175 159 
143  92 126  93 127  94  95 
nrelabeled = 525514
ndotcheck = 27554
Starting Surf2VolSeg free
free done
#VMPC# mri_surf2volseg VmPeak  1942028
mri_surf2volseg done
#-----------------------------------------
#@# AParc-to-ASeg aparc.DKTatlas Wed Mar 11 13:34:31 CET 2026
/out/sourcedata/freesurfer/sub-v2s16x51246_ses-1/mri

 mri_surf2volseg --o aparc.DKTatlas+aseg.mgz --label-cortex --i aseg.mgz --threads 16 --lh-annot /out/sourcedata/freesurfer/sub-v2s16x51246_ses-1/label/lh.aparc.DKTatlas.annot 1000 --lh-cortex-mask /out/sourcedata/freesurfer/sub-v2s16x51246_ses-1/label/lh.cortex.label --lh-white /out/sourcedata/freesurfer/sub-v2s16x51246_ses-1/surf/lh.white --lh-pial /out/sourcedata/freesurfer/sub-v2s16x51246_ses-1/surf/lh.pial --rh-annot /out/sourcedata/freesurfer/sub-v2s16x51246_ses-1/label/rh.aparc.DKTatlas.annot 2000 --rh-cortex-mask /out/sourcedata/freesurfer/sub-v2s16x51246_ses-1/label/rh.cortex.label --rh-white /out/sourcedata/freesurfer/sub-v2s16x51246_ses-1/surf/rh.white --rh-pial /out/sourcedata/freesurfer/sub-v2s16x51246_ses-1/surf/rh.pial 

SUBJECTS_DIR /out/sourcedata/freesurfer
outvol aparc.DKTatlas+aseg.mgz
16 avail.processors, using 16
Loading aseg.mgz
Loading /out/sourcedata/freesurfer/sub-v2s16x51246_ses-1/surf/lh.white
Loading /out/sourcedata/freesurfer/sub-v2s16x51246_ses-1/surf/lh.pial
Loading /out/sourcedata/freesurfer/sub-v2s16x51246_ses-1/label/lh.cortex.label
Ripping lh vertices labeled not in lh.cortex.label
  ripped 8529 vertices from lh hemi
Loading /out/sourcedata/freesurfer/sub-v2s16x51246_ses-1/label/lh.aparc.DKTatlas.annot
Loading /out/sourcedata/freesurfer/sub-v2s16x51246_ses-1/surf/rh.white
Loading /out/sourcedata/freesurfer/sub-v2s16x51246_ses-1/surf/rh.pial
Loading /out/sourcedata/freesurfer/sub-v2s16x51246_ses-1/label/rh.cortex.label
Ripping rh vertices labeled not in rh.cortex.label
  ripped 8331 vertices from rh hemi
Loading /out/sourcedata/freesurfer/sub-v2s16x51246_ses-1/label/rh.aparc.DKTatlas.annot
Done loading
144  16 224 128 160 176 240 112  96  32  64  48 208 192  80   0 241  17   1  49  33 225 209  18 242   2  50  34 226 210 243  19 
  3  51 227  35 211  20   4 244  52 193 228  36  21   5 212 245  53  37 229   6  22 194  54 213 246   7 230  38 214  23 195  55   8 247  39 
231  24 196 215  56 248  40  25 232 216 197   9  41  26 233 217 198 249  42  27 234 218 199 
250  28  43 235  10 219 
200  29  44 236  30 220 201  57  11  45 237  31  12 251 221 202  46 238 252 222 203 239 
 47  13 223 204 253 205  14 206 254  58 207  15 255  59 
 60  65 145  61 177  97  62 113 161  66  81 146 129  63 178  67  98 114 147  82 162  68 179 
130  99 
115  69 148  83 100 180  70 163 116 101 131 149  71  84 181 117 102 164  72 103 150 182  85 118 132  73 104 165 183 105 119 
151  74  86 133 106 166 184 120 152  75 107  87 134 185 121 167  76 108 153  88 186 135 122 109  77 187 168  89 154 188 136 110  78 189 123  90 169 190 191 155 111 137  79 
 91 124 170 156 138  92 139 
125 171 157  93 140  94 126 172 141 158  95 127 173 142 159 
174 143 175 
nrelabeled = 525514
ndotcheck = 27554
Starting Surf2VolSeg free
free done
#VMPC# mri_surf2volseg VmPeak  1941928
mri_surf2volseg done
#-----------------------------------------
#@# WMParc Wed Mar 11 13:35:00 CET 2026
/out/sourcedata/freesurfer/sub-v2s16x51246_ses-1/mri

 mri_surf2volseg --o wmparc.mgz --label-wm --i aparc+aseg.mgz --threads 16 --lh-annot /out/sourcedata/freesurfer/sub-v2s16x51246_ses-1/label/lh.aparc.annot 3000 --lh-cortex-mask /out/sourcedata/freesurfer/sub-v2s16x51246_ses-1/label/lh.cortex.label --lh-white /out/sourcedata/freesurfer/sub-v2s16x51246_ses-1/surf/lh.white --lh-pial /out/sourcedata/freesurfer/sub-v2s16x51246_ses-1/surf/lh.pial --rh-annot /out/sourcedata/freesurfer/sub-v2s16x51246_ses-1/label/rh.aparc.annot 4000 --rh-cortex-mask /out/sourcedata/freesurfer/sub-v2s16x51246_ses-1/label/rh.cortex.label --rh-white /out/sourcedata/freesurfer/sub-v2s16x51246_ses-1/surf/rh.white --rh-pial /out/sourcedata/freesurfer/sub-v2s16x51246_ses-1/surf/rh.pial 

SUBJECTS_DIR /out/sourcedata/freesurfer
outvol wmparc.mgz
16 avail.processors, using 16
Loading aparc+aseg.mgz
Loading /out/sourcedata/freesurfer/sub-v2s16x51246_ses-1/surf/lh.white
Loading /out/sourcedata/freesurfer/sub-v2s16x51246_ses-1/surf/lh.pial
Loading /out/sourcedata/freesurfer/sub-v2s16x51246_ses-1/label/lh.cortex.label
Ripping lh vertices labeled not in lh.cortex.label
  ripped 8529 vertices from lh hemi
Loading /out/sourcedata/freesurfer/sub-v2s16x51246_ses-1/label/lh.aparc.annot
Loading /out/sourcedata/freesurfer/sub-v2s16x51246_ses-1/surf/rh.white
Loading /out/sourcedata/freesurfer/sub-v2s16x51246_ses-1/surf/rh.pial
Loading /out/sourcedata/freesurfer/sub-v2s16x51246_ses-1/label/rh.cortex.label
Ripping rh vertices labeled not in rh.cortex.label
  ripped 8331 vertices from rh hemi
Loading /out/sourcedata/freesurfer/sub-v2s16x51246_ses-1/label/rh.aparc.annot
Done loading
  0 192 208 240 128 224 176  64  80  96  16  48 112  32 144 160  33 193 241  17 209   1  49 225 194 242  34  18   2 226  50 210 195 243 227  35   3  19 
 51 211  65 196 244 228  36  20   4  52 212 197 245 229  37  21   5  53 213 198 246 230  38  22   6  54 214 199 
247 231  39 
 23   7  55 215 200 248 232  40  24   8  56 216 201 249 233  41  25   9  57 217 202 250 234  42  26  10  58 218 203 251 235  43  27  11  59 
219 
 66 204 252 236  44  28  12  60 220 253 205 237  45  29  13 221  61 254 206 238  46  30  14 222 255 207 239 
 31  15  47 177 223  62  67  63  81  68 129 178 161  69 145  70  97 113 179 
 82  71 180 162 130  72 146 181 114  73  83  98 182 163 183  74 147 131  84 184 115 185 164  75 186  99 
187 188 189 190 191  85 148  76 165 116 132  77  86 149 100 117 166  78  87 133 118 150 167 101  79 
 88 119 
168 151 134 120 102  89 169 152 121 170 135 103 122  90 153 171 172 123  91 136 154 104 173 124 174  92 105 155 125 175 137 126 106 156  93 127 107 157 138  94 158 108 159 
139 
 95 109 140 110 111 141 142 143 
nrelabeled = 439049
ndotcheck = 4030
Starting Surf2VolSeg free
free done
#VMPC# mri_surf2volseg VmPeak  1941944
mri_surf2volseg done

 mri_segstats --seed 1234 --seg mri/wmparc.mgz --sum stats/wmparc.stats --pv mri/norm.mgz --excludeid 0 --brainmask mri/brainmask.mgz --in mri/norm.mgz --in-intensity-name norm --in-intensity-units MR --subject sub-v2s16x51246_ses-1 --surf-wm-vol --ctab /opt/freesurfer/WMParcStatsLUT.txt --etiv 

setting seed for random number genererator to 1234

7.3.2
cwd 
cmdline mri_segstats --seed 1234 --seg mri/wmparc.mgz --sum stats/wmparc.stats --pv mri/norm.mgz --excludeid 0 --brainmask mri/brainmask.mgz --in mri/norm.mgz --in-intensity-name norm --in-intensity-units MR --subject sub-v2s16x51246_ses-1 --surf-wm-vol --ctab /opt/freesurfer/WMParcStatsLUT.txt --etiv 
sysname  Linux
hostname dna043
machine  x86_64
user     oesteban
whitesurfname  white
UseRobust  0
atlas_icv (eTIV) = 1608993 mm^3    (det: 1.210761 )
Loading mri/wmparc.mgz
Getting Brain Volume Statistics
Loading mri/norm.mgz
Loading mri/norm.mgz
Voxel Volume is 1 mm^3
Generating list of segmentation ids
Found 390 segmentations
Computing statistics for each segmentation

Reporting on  70 segmentations
Using PrintSegStat
mri_segstats done
#--------------------------------------------
#@# ASeg Stats Wed Mar 11 13:38:36 CET 2026
/out/sourcedata/freesurfer/sub-v2s16x51246_ses-1

 mri_segstats --seed 1234 --seg mri/aseg.mgz --sum stats/aseg.stats --pv mri/norm.mgz --empty --brainmask mri/brainmask.mgz --brain-vol-from-seg --excludeid 0 --excl-ctxgmwm --supratent --subcortgray --in mri/norm.mgz --in-intensity-name norm --in-intensity-units MR --etiv --surf-wm-vol --surf-ctx-vol --totalgray --euler --ctab /opt/freesurfer/ASegStatsLUT.txt --subject sub-v2s16x51246_ses-1 

setting seed for random number genererator to 1234

7.3.2
cwd 
cmdline mri_segstats --seed 1234 --seg mri/aseg.mgz --sum stats/aseg.stats --pv mri/norm.mgz --empty --brainmask mri/brainmask.mgz --brain-vol-from-seg --excludeid 0 --excl-ctxgmwm --supratent --subcortgray --in mri/norm.mgz --in-intensity-name norm --in-intensity-units MR --etiv --surf-wm-vol --surf-ctx-vol --totalgray --euler --ctab /opt/freesurfer/ASegStatsLUT.txt --subject sub-v2s16x51246_ses-1 
sysname  Linux
hostname dna043
machine  x86_64
user     oesteban
whitesurfname  white
UseRobust  0
atlas_icv (eTIV) = 1608993 mm^3    (det: 1.210761 )
Computing euler number
orig.nofix lheno =  -20, rheno = -26
orig.nofix lhholes =   11, rhholes = 14
Loading mri/aseg.mgz
Getting Brain Volume Statistics
Loading mri/norm.mgz
Loading mri/norm.mgz
Voxel Volume is 1 mm^3
Generating list of segmentation ids
Found  50 segmentations
Computing statistics for each segmentation

Reporting on  45 segmentations
Using PrintSegStat
mri_segstats done

Started at Wed Mar 11 13:32:58 CET 2026 
Ended   at Wed Mar 11 13:39:19 CET 2026
#@#%# recon-all-run-time-hours 0.106
recon-all -s sub-v2s16x51246_ses-1 finished without error at Wed Mar 11 13:39:19 CET 2026
