
Wed Mar 11 12:36:50 CET 2026
cd /out/sourcedata/freesurfer/sub-v2s16x51246_ses-1
setenv SUBJECTS_DIR /out/sourcedata/freesurfer
/opt/freesurfer/bin/recon-all -autorecon-hemi lh -noparcstats -noparcstats2 -noparcstats3 -nohyporelabel -nobalabels -lh-only -openmp 16 -subjid sub-v2s16x51246_ses-1 -sd /out/sourcedata/freesurfer

subjid sub-v2s16x51246_ses-1
setenv SUBJECTS_DIR /out/sourcedata/freesurfer
FREESURFER_HOME /opt/freesurfer
Actual FREESURFER_HOME /opt/freesurfer
build-stamp.txt: freesurfer-linux-ubuntu22_x86_64-7.3.2-20220804-6354275
Linux dna043 5.14.0-427.37.1.el9_4.x86_64 #1 SMP PREEMPT_DYNAMIC Fri Sep 13 12:41:50 EDT 2024 x86_64 x86_64 x86_64 GNU/Linux
cputime      unlimited
filesize     unlimited
datasize     unlimited
stacksize    8192 kbytes
coredumpsize 0 kbytes
memoryuse    67108864 kbytes
vmemoryuse   unlimited
descriptors  1024 
memorylocked unlimited
maxproc      2061970 
maxlocks     unlimited
maxsignal    4126352 
maxmessage   819200 
maxnice      0 
maxrtprio    0 
maxrttime    unlimited

               total        used        free      shared  buff/cache   available
Mem:           1.0Ti        54Gi       913Gi        12Gi        39Gi       933Gi
Swap:             0B          0B          0B

########################################
program versions used
7.3.2 (freesurfer-linux-ubuntu22_x86_64-7.3.2-20220804-6354275)
7.3.2

ProgramName: lta_convert  ProgramArguments: lta_convert -all-info  ProgramVersion: 7.3.2  TimeStamp: 2026/03/11-11:36:50-GMT  BuildTime: Aug  4 2022 06:17:15  BuildStamp: freesurfer-linux-ubuntu22_x86_64-7.3.2-20220804-6354275  User: oesteban  Machine: dna043  Platform: Linux  PlatformVersion: 5.14.0-427.37.1.el9_4.x86_64  CompilerName: GCC  CompilerVersion: 8.4.0
ProgramName: mri_and  ProgramArguments: mri_and -all-info  ProgramVersion: 7.3.2  TimeStamp: 2026/03/11-11:36:50-GMT  BuildTime: Aug  4 2022 06:17:15  BuildStamp: freesurfer-linux-ubuntu22_x86_64-7.3.2-20220804-6354275  User: oesteban  Machine: dna043  Platform: Linux  PlatformVersion: 5.14.0-427.37.1.el9_4.x86_64  CompilerName: GCC  CompilerVersion: 8.4.0
ProgramName: mri_annotation2label  ProgramArguments: mri_annotation2label -all-info  ProgramVersion: 7.3.2  TimeStamp: 2026/03/11-11:36:50-GMT  BuildTime: Aug  4 2022 06:17:15  BuildStamp: freesurfer-linux-ubuntu22_x86_64-7.3.2-20220804-6354275  User: oesteban  Machine: dna043  Platform: Linux  PlatformVersion: 5.14.0-427.37.1.el9_4.x86_64  CompilerName: GCC  CompilerVersion: 8.4.0
ProgramName: mri_aparc2aseg  ProgramArguments: mri_aparc2aseg -all-info  ProgramVersion: 7.3.2  TimeStamp: 2026/03/11-11:36:50-GMT  BuildTime: Aug  4 2022 06:17:15  BuildStamp: freesurfer-linux-ubuntu22_x86_64-7.3.2-20220804-6354275  User: oesteban  Machine: dna043  Platform: Linux  PlatformVersion: 5.14.0-427.37.1.el9_4.x86_64  CompilerName: GCC  CompilerVersion: 8.4.0
ProgramName: mri_surf2volseg  ProgramArguments: mri_surf2volseg -all-info  ProgramVersion: 7.3.2  TimeStamp: 2026/03/11-11:36:50-GMT  BuildTime: Aug  4 2022 06:17:15  BuildStamp: freesurfer-linux-ubuntu22_x86_64-7.3.2-20220804-6354275  User: oesteban  Machine: dna043  Platform: Linux  PlatformVersion: 5.14.0-427.37.1.el9_4.x86_64  CompilerName: GCC  CompilerVersion: 8.4.0
ProgramName: mri_binarize  ProgramArguments: mri_binarize -all-info  ProgramVersion: 7.3.2  TimeStamp: 2026/03/11-11:36:50-GMT  BuildTime: Aug  4 2022 06:17:15  BuildStamp: freesurfer-linux-ubuntu22_x86_64-7.3.2-20220804-6354275  User: oesteban  Machine: dna043  Platform: Linux  PlatformVersion: 5.14.0-427.37.1.el9_4.x86_64  CompilerName: GCC  CompilerVersion: 8.4.0
ProgramName: mri_ca_label  ProgramArguments: mri_ca_label -all-info  ProgramVersion: 7.3.2  TimeStamp: 2026/03/11-11:36:50-GMT  BuildTime: Aug  4 2022 06:17:15  BuildStamp: freesurfer-linux-ubuntu22_x86_64-7.3.2-20220804-6354275  User: oesteban  Machine: dna043  Platform: Linux  PlatformVersion: 5.14.0-427.37.1.el9_4.x86_64  CompilerName: GCC  CompilerVersion: 8.4.0
ProgramName: mri_ca_normalize  ProgramArguments: mri_ca_normalize -all-info  ProgramVersion: 7.3.2  TimeStamp: 2026/03/11-11:36:50-GMT  BuildTime: Aug  4 2022 06:17:15  BuildStamp: freesurfer-linux-ubuntu22_x86_64-7.3.2-20220804-6354275  User: oesteban  Machine: dna043  Platform: Linux  PlatformVersion: 5.14.0-427.37.1.el9_4.x86_64  CompilerName: GCC  CompilerVersion: 8.4.0
ProgramName: mri_ca_register  ProgramArguments: mri_ca_register -all-info  ProgramVersion: 7.3.2  TimeStamp: 2026/03/11-11:36:50-GMT  BuildTime: Aug  4 2022 06:17:15  BuildStamp: freesurfer-linux-ubuntu22_x86_64-7.3.2-20220804-6354275  User: oesteban  Machine: dna043  Platform: Linux  PlatformVersion: 5.14.0-427.37.1.el9_4.x86_64  CompilerName: GCC  CompilerVersion: 8.4.0
ProgramName: mri_cc  ProgramArguments: mri_cc -all-info  ProgramVersion: 7.3.2  TimeStamp: 2026/03/11-11:36:50-GMT  BuildTime: Aug  4 2022 06:17:15  BuildStamp: freesurfer-linux-ubuntu22_x86_64-7.3.2-20220804-6354275  User: oesteban  Machine: dna043  Platform: Linux  PlatformVersion: 5.14.0-427.37.1.el9_4.x86_64  CompilerName: GCC  CompilerVersion: 8.4.0
ProgramName: mri_compute_overlap  ProgramArguments: mri_compute_overlap -all-info  ProgramVersion: 7.3.2  TimeStamp: 2026/03/11-11:36:50-GMT  BuildTime: Aug  4 2022 06:17:15  BuildStamp: freesurfer-linux-ubuntu22_x86_64-7.3.2-20220804-6354275  User: oesteban  Machine: dna043  Platform: Linux  PlatformVersion: 5.14.0-427.37.1.el9_4.x86_64  CompilerName: GCC  CompilerVersion: 8.4.0
ProgramName: mri_compute_seg_overlap  ProgramArguments: mri_compute_seg_overlap -all-info  ProgramVersion: 7.3.2  TimeStamp: 2026/03/11-11:36:50-GMT  BuildTime: Aug  4 2022 06:17:15  BuildStamp: freesurfer-linux-ubuntu22_x86_64-7.3.2-20220804-6354275  User: oesteban  Machine: dna043  Platform: Linux  PlatformVersion: 5.14.0-427.37.1.el9_4.x86_64  CompilerName: GCC  CompilerVersion: 8.4.0
ProgramName: mri_concat  ProgramArguments: mri_concat -all-info  ProgramVersion: 7.3.2  TimeStamp: 2026/03/11-11:36:50-GMT  BuildTime: Aug  4 2022 06:17:15  BuildStamp: freesurfer-linux-ubuntu22_x86_64-7.3.2-20220804-6354275  User: oesteban  Machine: dna043  Platform: Linux  PlatformVersion: 5.14.0-427.37.1.el9_4.x86_64  CompilerName: GCC  CompilerVersion: 8.4.0
ProgramName: mri_concatenate_lta  ProgramArguments: mri_concatenate_lta -all-info  ProgramVersion: 7.3.2  TimeStamp: 2026/03/11-11:36:50-GMT  BuildTime: Aug  4 2022 06:17:15  BuildStamp: freesurfer-linux-ubuntu22_x86_64-7.3.2-20220804-6354275  User: oesteban  Machine: dna043  Platform: Linux  PlatformVersion: 5.14.0-427.37.1.el9_4.x86_64  CompilerName: GCC  CompilerVersion: 8.4.0
mri_convert -all-info 
ProgramName: mri_convert  ProgramArguments: mri_convert -all-info  ProgramVersion: 7.3.2  TimeStamp: 2026/03/11-11:36:50-GMT  BuildTime: Aug  4 2022 06:17:15  BuildStamp: freesurfer-linux-ubuntu22_x86_64-7.3.2-20220804-6354275  User: oesteban  Machine: dna043  Platform: Linux  PlatformVersion: 5.14.0-427.37.1.el9_4.x86_64  CompilerName: GCC  CompilerVersion: 8.4.0
ProgramName: mri_diff  ProgramArguments: mri_diff -all-info  ProgramVersion: 7.3.2  TimeStamp: 2026/03/11-11:36:50-GMT  BuildTime: Aug  4 2022 06:17:15  BuildStamp: freesurfer-linux-ubuntu22_x86_64-7.3.2-20220804-6354275  User: oesteban  Machine: dna043  Platform: Linux  PlatformVersion: 5.14.0-427.37.1.el9_4.x86_64  CompilerName: GCC  CompilerVersion: 8.4.0
ProgramName: mri_edit_wm_with_aseg  ProgramArguments: mri_edit_wm_with_aseg -all-info  ProgramVersion: 7.3.2  TimeStamp: 2026/03/11-11:36:50-GMT  BuildTime: Aug  4 2022 06:17:15  BuildStamp: freesurfer-linux-ubuntu22_x86_64-7.3.2-20220804-6354275  User: oesteban  Machine: dna043  Platform: Linux  PlatformVersion: 5.14.0-427.37.1.el9_4.x86_64  CompilerName: GCC  CompilerVersion: 8.4.0
ProgramName: mri_em_register  ProgramArguments: mri_em_register -all-info  ProgramVersion: 7.3.2  TimeStamp: 2026/03/11-11:36:50-GMT  BuildTime: Aug  4 2022 06:17:15  BuildStamp: freesurfer-linux-ubuntu22_x86_64-7.3.2-20220804-6354275  User: oesteban  Machine: dna043  Platform: Linux  PlatformVersion: 5.14.0-427.37.1.el9_4.x86_64  CompilerName: GCC  CompilerVersion: 8.4.0
ProgramName: mri_fill  ProgramArguments: mri_fill -all-info  ProgramVersion: 7.3.2  TimeStamp: 2026/03/11-11:36:50-GMT  BuildTime: Aug  4 2022 06:17:15  BuildStamp: freesurfer-linux-ubuntu22_x86_64-7.3.2-20220804-6354275  User: oesteban  Machine: dna043  Platform: Linux  PlatformVersion: 5.14.0-427.37.1.el9_4.x86_64  CompilerName: GCC  CompilerVersion: 8.4.0
ProgramName: mri_fuse_segmentations  ProgramArguments: mri_fuse_segmentations -all-info  ProgramVersion: 7.3.2  TimeStamp: 2026/03/11-11:36:50-GMT  BuildTime: Aug  4 2022 06:17:15  BuildStamp: freesurfer-linux-ubuntu22_x86_64-7.3.2-20220804-6354275  User: oesteban  Machine: dna043  Platform: Linux  PlatformVersion: 5.14.0-427.37.1.el9_4.x86_64  CompilerName: GCC  CompilerVersion: 8.4.0
ProgramName: mri_fwhm  ProgramArguments: mri_fwhm -all-info  ProgramVersion: 7.3.2  TimeStamp: 2026/03/11-11:36:50-GMT  BuildTime: Aug  4 2022 06:17:15  BuildStamp: freesurfer-linux-ubuntu22_x86_64-7.3.2-20220804-6354275  User: oesteban  Machine: dna043  Platform: Linux  PlatformVersion: 5.14.0-427.37.1.el9_4.x86_64  CompilerName: GCC  CompilerVersion: 8.4.0
ProgramName: mri_gcut  ProgramArguments: mri_gcut -all-info  ProgramVersion: 7.3.2  TimeStamp: 2026/03/11-11:36:50-GMT  BuildTime: Aug  4 2022 06:17:15  BuildStamp: freesurfer-linux-ubuntu22_x86_64-7.3.2-20220804-6354275  User: oesteban  Machine: dna043  Platform: Linux  PlatformVersion: 5.14.0-427.37.1.el9_4.x86_64  CompilerName: GCC  CompilerVersion: 8.4.0
ProgramName: mri_info  ProgramArguments: mri_info -all-info  ProgramVersion: 7.3.2  TimeStamp: 2026/03/11-11:36:50-GMT  BuildTime: Aug  4 2022 06:17:15  BuildStamp: freesurfer-linux-ubuntu22_x86_64-7.3.2-20220804-6354275  User: oesteban  Machine: dna043  Platform: Linux  PlatformVersion: 5.14.0-427.37.1.el9_4.x86_64  CompilerName: GCC  CompilerVersion: 8.4.0
ProgramName: mri_label2label  ProgramArguments: mri_label2label -all-info  ProgramVersion: 7.3.2  TimeStamp: 2026/03/11-11:36:50-GMT  BuildTime: Aug  4 2022 06:17:15  BuildStamp: freesurfer-linux-ubuntu22_x86_64-7.3.2-20220804-6354275  User: oesteban  Machine: dna043  Platform: Linux  PlatformVersion: 5.14.0-427.37.1.el9_4.x86_64  CompilerName: GCC  CompilerVersion: 8.4.0
ProgramName: mri_label2vol  ProgramArguments: mri_label2vol -all-info  ProgramVersion: 7.3.2  TimeStamp: 2026/03/11-11:36:50-GMT  BuildTime: Aug  4 2022 06:17:15  BuildStamp: freesurfer-linux-ubuntu22_x86_64-7.3.2-20220804-6354275  User: oesteban  Machine: dna043  Platform: Linux  PlatformVersion: 5.14.0-427.37.1.el9_4.x86_64  CompilerName: GCC  CompilerVersion: 8.4.0
ProgramName: mri_log_likelihood  ProgramArguments: mri_log_likelihood -all-info  ProgramVersion: 7.3.2  TimeStamp: 2026/03/11-11:36:50-GMT  BuildTime: Aug  4 2022 06:17:15  BuildStamp: freesurfer-linux-ubuntu22_x86_64-7.3.2-20220804-6354275  User: oesteban  Machine: dna043  Platform: Linux  PlatformVersion: 5.14.0-427.37.1.el9_4.x86_64  CompilerName: GCC  CompilerVersion: 8.4.0
ProgramName: mri_mask  ProgramArguments: mri_mask -all-info  ProgramVersion: 7.3.2  TimeStamp: 2026/03/11-11:36:50-GMT  BuildTime: Aug  4 2022 06:17:15  BuildStamp: freesurfer-linux-ubuntu22_x86_64-7.3.2-20220804-6354275  User: oesteban  Machine: dna043  Platform: Linux  PlatformVersion: 5.14.0-427.37.1.el9_4.x86_64  CompilerName: GCC  CompilerVersion: 8.4.0
ProgramName: mri_matrix_multiply  ProgramArguments: mri_matrix_multiply -all-info  ProgramVersion: 7.3.2  TimeStamp: 2026/03/11-11:36:50-GMT  BuildTime: Aug  4 2022 06:17:15  BuildStamp: freesurfer-linux-ubuntu22_x86_64-7.3.2-20220804-6354275  User: oesteban  Machine: dna043  Platform: Linux  PlatformVersion: 5.14.0-427.37.1.el9_4.x86_64  CompilerName: GCC  CompilerVersion: 8.4.0
ProgramName: mri_normalize  ProgramArguments: mri_normalize -all-info  ProgramVersion: 7.3.2  TimeStamp: 2026/03/11-11:36:50-GMT  BuildTime: Aug  4 2022 06:17:15  BuildStamp: freesurfer-linux-ubuntu22_x86_64-7.3.2-20220804-6354275  User: oesteban  Machine: dna043  Platform: Linux  PlatformVersion: 5.14.0-427.37.1.el9_4.x86_64  CompilerName: GCC  CompilerVersion: 8.4.0
ProgramName: mri_normalize_tp2  ProgramArguments: mri_normalize_tp2 -all-info  ProgramVersion: 7.3.2  TimeStamp: 2026/03/11-11:36:50-GMT  BuildTime: Aug  4 2022 06:17:15  BuildStamp: freesurfer-linux-ubuntu22_x86_64-7.3.2-20220804-6354275  User: oesteban  Machine: dna043  Platform: Linux  PlatformVersion: 5.14.0-427.37.1.el9_4.x86_64  CompilerName: GCC  CompilerVersion: 8.4.0
ProgramName: mri_or  ProgramArguments: mri_or -all-info  ProgramVersion: 7.3.2  TimeStamp: 2026/03/11-11:36:50-GMT  BuildTime: Aug  4 2022 06:17:15  BuildStamp: freesurfer-linux-ubuntu22_x86_64-7.3.2-20220804-6354275  User: oesteban  Machine: dna043  Platform: Linux  PlatformVersion: 5.14.0-427.37.1.el9_4.x86_64  CompilerName: GCC  CompilerVersion: 8.4.0
ProgramName: mri_relabel_hypointensities  ProgramArguments: mri_relabel_hypointensities -all-info  ProgramVersion: 7.3.2  TimeStamp: 2026/03/11-11:36:50-GMT  BuildTime: Aug  4 2022 06:17:15  BuildStamp: freesurfer-linux-ubuntu22_x86_64-7.3.2-20220804-6354275  User: oesteban  Machine: dna043  Platform: Linux  PlatformVersion: 5.14.0-427.37.1.el9_4.x86_64  CompilerName: GCC  CompilerVersion: 8.4.0
ProgramName: mri_relabel_nonwm_hypos  ProgramArguments: mri_relabel_nonwm_hypos -all-info  ProgramVersion: 7.3.2  TimeStamp: 2026/03/11-11:36:50-GMT  BuildTime: Aug  4 2022 06:17:15  BuildStamp: freesurfer-linux-ubuntu22_x86_64-7.3.2-20220804-6354275  User: oesteban  Machine: dna043  Platform: Linux  PlatformVersion: 5.14.0-427.37.1.el9_4.x86_64  CompilerName: GCC  CompilerVersion: 8.4.0
ProgramName: mri_remove_neck  ProgramArguments: mri_remove_neck -all-info  ProgramVersion: 7.3.2  TimeStamp: 2026/03/11-11:36:50-GMT  BuildTime: Aug  4 2022 06:17:15  BuildStamp: freesurfer-linux-ubuntu22_x86_64-7.3.2-20220804-6354275  User: oesteban  Machine: dna043  Platform: Linux  PlatformVersion: 5.14.0-427.37.1.el9_4.x86_64  CompilerName: GCC  CompilerVersion: 8.4.0
7.3.2

ProgramName: mri_robust_register  ProgramArguments: mri_robust_register -all-info  ProgramVersion: 7.3.2  TimeStamp: 2026/03/11-11:36:50-GMT  BuildTime: Aug  4 2022 06:17:15  BuildStamp: freesurfer-linux-ubuntu22_x86_64-7.3.2-20220804-6354275  User: oesteban  Machine: dna043  Platform: Linux  PlatformVersion: 5.14.0-427.37.1.el9_4.x86_64  CompilerName: GCC  CompilerVersion: 8.4.0
7.3.2

ProgramName: mri_robust_template  ProgramArguments: mri_robust_template -all-info  ProgramVersion: 7.3.2  TimeStamp: 2026/03/11-11:36:50-GMT  BuildTime: Aug  4 2022 06:17:15  BuildStamp: freesurfer-linux-ubuntu22_x86_64-7.3.2-20220804-6354275  User: oesteban  Machine: dna043  Platform: Linux  PlatformVersion: 5.14.0-427.37.1.el9_4.x86_64  CompilerName: GCC  CompilerVersion: 8.4.0
ProgramName: mris_anatomical_stats  ProgramArguments: mris_anatomical_stats -all-info  ProgramVersion: 7.3.2  TimeStamp: 2026/03/11-11:36:50-GMT  BuildTime: Aug  4 2022 06:17:15  BuildStamp: freesurfer-linux-ubuntu22_x86_64-7.3.2-20220804-6354275  User: oesteban  Machine: dna043  Platform: Linux  PlatformVersion: 5.14.0-427.37.1.el9_4.x86_64  CompilerName: GCC  CompilerVersion: 8.4.0
ProgramName: mris_ca_label  ProgramArguments: mris_ca_label -all-info  ProgramVersion: 7.3.2  TimeStamp: 2026/03/11-11:36:50-GMT  BuildTime: Aug  4 2022 06:17:15  BuildStamp: freesurfer-linux-ubuntu22_x86_64-7.3.2-20220804-6354275  User: oesteban  Machine: dna043  Platform: Linux  PlatformVersion: 5.14.0-427.37.1.el9_4.x86_64  CompilerName: GCC  CompilerVersion: 8.4.0
ProgramName: mris_calc  ProgramArguments: mris_calc -all-info  ProgramVersion: 7.3.2  TimeStamp: 2026/03/11-11:36:50-GMT  BuildTime: Aug  4 2022 06:17:15  BuildStamp: freesurfer-linux-ubuntu22_x86_64-7.3.2-20220804-6354275  User: oesteban  Machine: dna043  Platform: Linux  PlatformVersion: 5.14.0-427.37.1.el9_4.x86_64  CompilerName: GCC  CompilerVersion: 8.4.0
ProgramName: mris_convert  ProgramArguments: mris_convert -all-info  ProgramVersion: 7.3.2  TimeStamp: 2026/03/11-11:36:50-GMT  BuildTime: Aug  4 2022 06:17:15  BuildStamp: freesurfer-linux-ubuntu22_x86_64-7.3.2-20220804-6354275  User: oesteban  Machine: dna043  Platform: Linux  PlatformVersion: 5.14.0-427.37.1.el9_4.x86_64  CompilerName: GCC  CompilerVersion: 8.4.0
ProgramName: mris_curvature  ProgramArguments: mris_curvature -all-info  ProgramVersion: 7.3.2  TimeStamp: 2026/03/11-11:36:50-GMT  BuildTime: Aug  4 2022 06:17:15  BuildStamp: freesurfer-linux-ubuntu22_x86_64-7.3.2-20220804-6354275  User: oesteban  Machine: dna043  Platform: Linux  PlatformVersion: 5.14.0-427.37.1.el9_4.x86_64  CompilerName: GCC  CompilerVersion: 8.4.0
ProgramName: mris_curvature_stats  ProgramArguments: mris_curvature_stats -all-info  ProgramVersion: 7.3.2  TimeStamp: 2026/03/11-11:36:50-GMT  BuildTime: Aug  4 2022 06:17:15  BuildStamp: freesurfer-linux-ubuntu22_x86_64-7.3.2-20220804-6354275  User: oesteban  Machine: dna043  Platform: Linux  PlatformVersion: 5.14.0-427.37.1.el9_4.x86_64  CompilerName: GCC  CompilerVersion: 8.4.0
ProgramName: mris_diff  ProgramArguments: mris_diff -all-info  ProgramVersion: 7.3.2  TimeStamp: 2026/03/11-11:36:50-GMT  BuildTime: Aug  4 2022 06:17:15  BuildStamp: freesurfer-linux-ubuntu22_x86_64-7.3.2-20220804-6354275  User: oesteban  Machine: dna043  Platform: Linux  PlatformVersion: 5.14.0-427.37.1.el9_4.x86_64  CompilerName: GCC  CompilerVersion: 8.4.0
ProgramName: mris_divide_parcellation  ProgramArguments: mris_divide_parcellation -all-info  ProgramVersion: 7.3.2  TimeStamp: 2026/03/11-11:36:50-GMT  BuildTime: Aug  4 2022 06:17:15  BuildStamp: freesurfer-linux-ubuntu22_x86_64-7.3.2-20220804-6354275  User: oesteban  Machine: dna043  Platform: Linux  PlatformVersion: 5.14.0-427.37.1.el9_4.x86_64  CompilerName: GCC  CompilerVersion: 8.4.0
ProgramName: mri_segment  ProgramArguments: mri_segment -all-info  ProgramVersion: 7.3.2  TimeStamp: 2026/03/11-11:36:50-GMT  BuildTime: Aug  4 2022 06:17:15  BuildStamp: freesurfer-linux-ubuntu22_x86_64-7.3.2-20220804-6354275  User: oesteban  Machine: dna043  Platform: Linux  PlatformVersion: 5.14.0-427.37.1.el9_4.x86_64  CompilerName: GCC  CompilerVersion: 8.4.0
ProgramName: mri_segstats  ProgramArguments: mri_segstats -all-info  ProgramVersion: 7.3.2  TimeStamp: 2026/03/11-11:36:50-GMT  BuildTime: Aug  4 2022 06:17:15  BuildStamp: freesurfer-linux-ubuntu22_x86_64-7.3.2-20220804-6354275  User: oesteban  Machine: dna043  Platform: Linux  PlatformVersion: 5.14.0-427.37.1.el9_4.x86_64  CompilerName: GCC  CompilerVersion: 8.4.0
ProgramName: mris_euler_number  ProgramArguments: mris_euler_number -all-info  ProgramVersion: 7.3.2  TimeStamp: 2026/03/11-11:36:50-GMT  BuildTime: Aug  4 2022 06:17:15  BuildStamp: freesurfer-linux-ubuntu22_x86_64-7.3.2-20220804-6354275  User: oesteban  Machine: dna043  Platform: Linux  PlatformVersion: 5.14.0-427.37.1.el9_4.x86_64  CompilerName: GCC  CompilerVersion: 8.4.0
ProgramName: mris_fix_topology  ProgramArguments: mris_fix_topology -all-info  ProgramVersion: 7.3.2  TimeStamp: 2026/03/11-11:36:50-GMT  BuildTime: Aug  4 2022 06:17:15  BuildStamp: freesurfer-linux-ubuntu22_x86_64-7.3.2-20220804-6354275  User: oesteban  Machine: dna043  Platform: Linux  PlatformVersion: 5.14.0-427.37.1.el9_4.x86_64  CompilerName: GCC  CompilerVersion: 8.4.0
ProgramName: mris_topo_fixer  ProgramArguments: mris_topo_fixer -all-info  ProgramVersion: 7.3.2  TimeStamp: 2026/03/11-11:36:50-GMT  BuildTime: Aug  4 2022 06:17:15  BuildStamp: freesurfer-linux-ubuntu22_x86_64-7.3.2-20220804-6354275  User: oesteban  Machine: dna043  Platform: Linux  PlatformVersion: 5.14.0-427.37.1.el9_4.x86_64  CompilerName: GCC  CompilerVersion: 8.4.0
ProgramName: mris_jacobian  ProgramArguments: mris_jacobian -all-info  ProgramVersion: 7.3.2  TimeStamp: 2026/03/11-11:36:50-GMT  BuildTime: Aug  4 2022 06:17:15  BuildStamp: freesurfer-linux-ubuntu22_x86_64-7.3.2-20220804-6354275  User: oesteban  Machine: dna043  Platform: Linux  PlatformVersion: 5.14.0-427.37.1.el9_4.x86_64  CompilerName: GCC  CompilerVersion: 8.4.0
ProgramName: mris_label2annot  ProgramArguments: mris_label2annot -all-info  ProgramVersion: 7.3.2  TimeStamp: 2026/03/11-11:36:50-GMT  BuildTime: Aug  4 2022 06:17:15  BuildStamp: freesurfer-linux-ubuntu22_x86_64-7.3.2-20220804-6354275  User: oesteban  Machine: dna043  Platform: Linux  PlatformVersion: 5.14.0-427.37.1.el9_4.x86_64  CompilerName: GCC  CompilerVersion: 8.4.0
ProgramName: mris_left_right_register  ProgramArguments: mris_left_right_register -all-info  ProgramVersion: 7.3.2  TimeStamp: 2026/03/11-11:36:50-GMT  BuildTime: Aug  4 2022 06:17:15  BuildStamp: freesurfer-linux-ubuntu22_x86_64-7.3.2-20220804-6354275  User: oesteban  Machine: dna043  Platform: Linux  PlatformVersion: 5.14.0-427.37.1.el9_4.x86_64  CompilerName: GCC  CompilerVersion: 8.4.0
ProgramName: mris_place_surface  ProgramArguments: mris_place_surface -all-info  ProgramVersion: 7.3.2  TimeStamp: 2026/03/11-11:36:50-GMT  BuildTime: Aug  4 2022 06:17:15  BuildStamp: freesurfer-linux-ubuntu22_x86_64-7.3.2-20220804-6354275  User: oesteban  Machine: dna043  Platform: Linux  PlatformVersion: 5.14.0-427.37.1.el9_4.x86_64  CompilerName: GCC  CompilerVersion: 8.4.0
ProgramName: mrisp_paint  ProgramArguments: mrisp_paint -all-info  ProgramVersion: 7.3.2  TimeStamp: 2026/03/11-11:36:50-GMT  BuildTime: Aug  4 2022 06:17:15  BuildStamp: freesurfer-linux-ubuntu22_x86_64-7.3.2-20220804-6354275  User: oesteban  Machine: dna043  Platform: Linux  PlatformVersion: 5.14.0-427.37.1.el9_4.x86_64  CompilerName: GCC  CompilerVersion: 8.4.0
ProgramName: mris_register  ProgramArguments: mris_register -all-info  ProgramVersion: 7.3.2  TimeStamp: 2026/03/11-11:36:50-GMT  BuildTime: Aug  4 2022 06:17:15  BuildStamp: freesurfer-linux-ubuntu22_x86_64-7.3.2-20220804-6354275  User: oesteban  Machine: dna043  Platform: Linux  PlatformVersion: 5.14.0-427.37.1.el9_4.x86_64  CompilerName: GCC  CompilerVersion: 8.4.0
ProgramName: mris_smooth  ProgramArguments: mris_smooth -all-info  ProgramVersion: 7.3.2  TimeStamp: 2026/03/11-11:36:50-GMT  BuildTime: Aug  4 2022 06:17:15  BuildStamp: freesurfer-linux-ubuntu22_x86_64-7.3.2-20220804-6354275  User: oesteban  Machine: dna043  Platform: Linux  PlatformVersion: 5.14.0-427.37.1.el9_4.x86_64  CompilerName: GCC  CompilerVersion: 8.4.0
ProgramName: mris_sphere  ProgramArguments: mris_sphere -all-info  ProgramVersion: 7.3.2  TimeStamp: 2026/03/11-11:36:50-GMT  BuildTime: Aug  4 2022 06:17:15  BuildStamp: freesurfer-linux-ubuntu22_x86_64-7.3.2-20220804-6354275  User: oesteban  Machine: dna043  Platform: Linux  PlatformVersion: 5.14.0-427.37.1.el9_4.x86_64  CompilerName: GCC  CompilerVersion: 8.4.0
ProgramName: mris_surface_stats  ProgramArguments: mris_surface_stats -all-info  ProgramVersion: 7.3.2  TimeStamp: 2026/03/11-11:36:50-GMT  BuildTime: Aug  4 2022 06:17:15  BuildStamp: freesurfer-linux-ubuntu22_x86_64-7.3.2-20220804-6354275  User: oesteban  Machine: dna043  Platform: Linux  PlatformVersion: 5.14.0-427.37.1.el9_4.x86_64  CompilerName: GCC  CompilerVersion: 8.4.0
ProgramName: mri_stats2seg  ProgramArguments: mri_stats2seg -all-info  ProgramVersion: 7.3.2  TimeStamp: 2026/03/11-11:36:50-GMT  BuildTime: Aug  4 2022 06:17:15  BuildStamp: freesurfer-linux-ubuntu22_x86_64-7.3.2-20220804-6354275  User: oesteban  Machine: dna043  Platform: Linux  PlatformVersion: 5.14.0-427.37.1.el9_4.x86_64  CompilerName: GCC  CompilerVersion: 8.4.0
ProgramName: mris_thickness  ProgramArguments: mris_thickness -all-info  ProgramVersion: 7.3.2  TimeStamp: 2026/03/11-11:36:50-GMT  BuildTime: Aug  4 2022 06:17:15  BuildStamp: freesurfer-linux-ubuntu22_x86_64-7.3.2-20220804-6354275  User: oesteban  Machine: dna043  Platform: Linux  PlatformVersion: 5.14.0-427.37.1.el9_4.x86_64  CompilerName: GCC  CompilerVersion: 8.4.0
ProgramName: mris_thickness_diff  ProgramArguments: mris_thickness_diff -all-info  ProgramVersion: 7.3.2  TimeStamp: 2026/03/11-11:36:50-GMT  BuildTime: Aug  4 2022 06:17:15  BuildStamp: freesurfer-linux-ubuntu22_x86_64-7.3.2-20220804-6354275  User: oesteban  Machine: dna043  Platform: Linux  PlatformVersion: 5.14.0-427.37.1.el9_4.x86_64  CompilerName: GCC  CompilerVersion: 8.4.0
ProgramName: mris_topo_fixer  ProgramArguments: mris_topo_fixer -all-info  ProgramVersion: 7.3.2  TimeStamp: 2026/03/11-11:36:50-GMT  BuildTime: Aug  4 2022 06:17:15  BuildStamp: freesurfer-linux-ubuntu22_x86_64-7.3.2-20220804-6354275  User: oesteban  Machine: dna043  Platform: Linux  PlatformVersion: 5.14.0-427.37.1.el9_4.x86_64  CompilerName: GCC  CompilerVersion: 8.4.0
ProgramName: mri_surf2surf  ProgramArguments: mri_surf2surf -all-info  ProgramVersion: 7.3.2  TimeStamp: 2026/03/11-11:36:50-GMT  BuildTime: Aug  4 2022 06:17:15  BuildStamp: freesurfer-linux-ubuntu22_x86_64-7.3.2-20220804-6354275  User: oesteban  Machine: dna043  Platform: Linux  PlatformVersion: 5.14.0-427.37.1.el9_4.x86_64  CompilerName: GCC  CompilerVersion: 8.4.0
ProgramName: mri_surf2vol  ProgramArguments: mri_surf2vol -all-info  ProgramVersion: 7.3.2  TimeStamp: 2026/03/11-11:36:50-GMT  BuildTime: Aug  4 2022 06:17:15  BuildStamp: freesurfer-linux-ubuntu22_x86_64-7.3.2-20220804-6354275  User: oesteban  Machine: dna043  Platform: Linux  PlatformVersion: 5.14.0-427.37.1.el9_4.x86_64  CompilerName: GCC  CompilerVersion: 8.4.0
ProgramName: mri_surfcluster  ProgramArguments: mri_surfcluster -all-info  ProgramVersion: 7.3.2  TimeStamp: 2026/03/11-11:36:50-GMT  BuildTime: Aug  4 2022 06:17:15  BuildStamp: freesurfer-linux-ubuntu22_x86_64-7.3.2-20220804-6354275  User: oesteban  Machine: dna043  Platform: Linux  PlatformVersion: 5.14.0-427.37.1.el9_4.x86_64  CompilerName: GCC  CompilerVersion: 8.4.0
ProgramName: mris_volmask  ProgramArguments: mris_volmask -all-info  ProgramVersion: 7.3.2  TimeStamp: 2026/03/11-11:36:50-GMT  BuildTime: Aug  4 2022 06:17:15  BuildStamp: freesurfer-linux-ubuntu22_x86_64-7.3.2-20220804-6354275  User: oesteban  Machine: dna043  Platform: Linux  PlatformVersion: 5.14.0-427.37.1.el9_4.x86_64  CompilerName: GCC  CompilerVersion: 8.4.0
ProgramName: mri_tessellate  ProgramArguments: mri_tessellate -all-info  ProgramVersion: 7.3.2  TimeStamp: 2026/03/11-11:36:50-GMT  BuildTime: Aug  4 2022 06:17:15  BuildStamp: freesurfer-linux-ubuntu22_x86_64-7.3.2-20220804-6354275  User: oesteban  Machine: dna043  Platform: Linux  PlatformVersion: 5.14.0-427.37.1.el9_4.x86_64  CompilerName: GCC  CompilerVersion: 8.4.0
ProgramName: mri_vol2surf  ProgramArguments: mri_vol2surf -all-info  ProgramVersion: 7.3.2  TimeStamp: 2026/03/11-11:36:50-GMT  BuildTime: Aug  4 2022 06:17:15  BuildStamp: freesurfer-linux-ubuntu22_x86_64-7.3.2-20220804-6354275  User: oesteban  Machine: dna043  Platform: Linux  PlatformVersion: 5.14.0-427.37.1.el9_4.x86_64  CompilerName: GCC  CompilerVersion: 8.4.0
ProgramName: mri_vol2vol  ProgramArguments: mri_vol2vol -all-info  ProgramVersion: 7.3.2  TimeStamp: 2026/03/11-11:36:50-GMT  BuildTime: Aug  4 2022 06:17:15  BuildStamp: freesurfer-linux-ubuntu22_x86_64-7.3.2-20220804-6354275  User: oesteban  Machine: dna043  Platform: Linux  PlatformVersion: 5.14.0-427.37.1.el9_4.x86_64  CompilerName: GCC  CompilerVersion: 8.4.0
ProgramName: mri_voldiff  ProgramArguments: mri_voldiff -all-info  ProgramVersion: 7.3.2  TimeStamp: 2026/03/11-11:36:50-GMT  BuildTime: Aug  4 2022 06:17:15  BuildStamp: freesurfer-linux-ubuntu22_x86_64-7.3.2-20220804-6354275  User: oesteban  Machine: dna043  Platform: Linux  PlatformVersion: 5.14.0-427.37.1.el9_4.x86_64  CompilerName: GCC  CompilerVersion: 8.4.0
ProgramName: mri_watershed  ProgramArguments: mri_watershed -all-info  ProgramVersion: 7.3.2  TimeStamp: 2026/03/11-11:36:50-GMT  BuildTime: Aug  4 2022 06:17:15  BuildStamp: freesurfer-linux-ubuntu22_x86_64-7.3.2-20220804-6354275  User: oesteban  Machine: dna043  Platform: Linux  PlatformVersion: 5.14.0-427.37.1.el9_4.x86_64  CompilerName: GCC  CompilerVersion: 8.4.0
ProgramName: tkregister2  ProgramArguments: tkregister2_cmdl -all-info  ProgramVersion: 7.3.2  TimeStamp: 2026/03/11-11:36:50-GMT  BuildTime: Aug  4 2022 06:17:15  BuildStamp: freesurfer-linux-ubuntu22_x86_64-7.3.2-20220804-6354275  User: oesteban  Machine: dna043  Platform: Linux  PlatformVersion: 5.14.0-427.37.1.el9_4.x86_64  CompilerName: GCC  CompilerVersion: 8.4.0
mri_motion_correct.fsl 7.3.2
mri_convert -all-info 
ProgramName: mri_convert  ProgramArguments: mri_convert -all-info  ProgramVersion: 7.3.2  TimeStamp: 2026/03/11-11:36:50-GMT  BuildTime: Aug  4 2022 06:17:15  BuildStamp: freesurfer-linux-ubuntu22_x86_64-7.3.2-20220804-6354275  User: oesteban  Machine: dna043  Platform: Linux  PlatformVersion: 5.14.0-427.37.1.el9_4.x86_64  CompilerName: GCC  CompilerVersion: 8.4.0
Program nu_correct, built from:
Package MNI N3, version 1.12.0, compiled by nicks@terrier (x86_64-unknown-linux-gnu) on 2015-06-19 at 01:25:34
#######################################
GCADIR /opt/freesurfer/average
GCA RB_all_2020-01-02.gca
GCASkull RB_all_withskull_2020_01_02.gca
AvgCurvTif folding.atlas.acfb40.noaparc.i12.2016-08-02.tif
GCSDIR /opt/freesurfer/average
GCS DKaparc.atlas.acfb40.noaparc.i12.2016-08-02.gcs
#######################################
#--------------------------------------------
#@# Tessellate lh Wed Mar 11 12:36:50 CET 2026
/out/sourcedata/freesurfer/sub-v2s16x51246_ses-1/scripts

 mri_pretess ../mri/filled.mgz 255 ../mri/norm.mgz ../mri/filled-pretess255.mgz 


Iteration Number : 1
pass   1 (xy+):   0 found -   0 modified     |    TOTAL:   0
pass   1 (xy-):   3 found -   3 modified     |    TOTAL:   3
pass   2 (xy-):   0 found -   3 modified     |    TOTAL:   3
pass   1 (yz+):   6 found -   6 modified     |    TOTAL:   9
pass   2 (yz+):   0 found -   6 modified     |    TOTAL:   9
pass   1 (yz-):   2 found -   2 modified     |    TOTAL:  11
pass   2 (yz-):   0 found -   2 modified     |    TOTAL:  11
pass   1 (xz+):   2 found -   2 modified     |    TOTAL:  13
pass   2 (xz+):   0 found -   2 modified     |    TOTAL:  13
pass   1 (xz-):   0 found -   0 modified     |    TOTAL:  13
Iteration Number : 1
pass   1 (+++):   0 found -   0 modified     |    TOTAL:   0
pass   1 (+++):   0 found -   0 modified     |    TOTAL:   0
pass   1 (+++):   0 found -   0 modified     |    TOTAL:   0
pass   1 (+++):   0 found -   0 modified     |    TOTAL:   0
Iteration Number : 1
pass   1 (++):   0 found -   0 modified     |    TOTAL:   0
pass   1 (+-):   1 found -   1 modified     |    TOTAL:   1
pass   2 (+-):   0 found -   1 modified     |    TOTAL:   1
pass   1 (--):   0 found -   0 modified     |    TOTAL:   1
pass   1 (-+):   1 found -   1 modified     |    TOTAL:   2
pass   2 (-+):   0 found -   1 modified     |    TOTAL:   2
Iteration Number : 2
pass   1 (xy+):   0 found -   0 modified     |    TOTAL:   0
pass   1 (xy-):   0 found -   0 modified     |    TOTAL:   0
pass   1 (yz+):   0 found -   0 modified     |    TOTAL:   0
pass   1 (yz-):   0 found -   0 modified     |    TOTAL:   0
pass   1 (xz+):   0 found -   0 modified     |    TOTAL:   0
pass   1 (xz-):   0 found -   0 modified     |    TOTAL:   0
Iteration Number : 2
pass   1 (+++):   0 found -   0 modified     |    TOTAL:   0
pass   1 (+++):   0 found -   0 modified     |    TOTAL:   0
pass   1 (+++):   0 found -   0 modified     |    TOTAL:   0
pass   1 (+++):   0 found -   0 modified     |    TOTAL:   0
Iteration Number : 2
pass   1 (++):   0 found -   0 modified     |    TOTAL:   0
pass   1 (+-):   0 found -   0 modified     |    TOTAL:   0
pass   1 (--):   0 found -   0 modified     |    TOTAL:   0
pass   1 (-+):   0 found -   0 modified     |    TOTAL:   0

Total Number of Modified Voxels = 15 (out of 256070: 0.005858)
Ambiguous edge configurations... 

mri_pretess done


 mri_tessellate ../mri/filled-pretess255.mgz 255 ../surf/lh.orig.nofix 

7.3.2
  7.3.2
slice 40: 589 vertices, 650 faces
slice 50: 4283 vertices, 4467 faces
slice 60: 10516 vertices, 10752 faces
slice 70: 17683 vertices, 17972 faces
slice 80: 26592 vertices, 26919 faces
slice 90: 36114 vertices, 36420 faces
slice 100: 45544 vertices, 45887 faces
slice 110: 56570 vertices, 56951 faces
slice 120: 69219 vertices, 69654 faces
slice 130: 81244 vertices, 81706 faces
slice 140: 93036 vertices, 93438 faces
slice 150: 103587 vertices, 103965 faces
slice 160: 112450 vertices, 112732 faces
slice 170: 119983 vertices, 120264 faces
slice 180: 126467 vertices, 126688 faces
slice 190: 131828 vertices, 132020 faces
slice 200: 135716 vertices, 135816 faces
slice 210: 136422 vertices, 136442 faces
slice 220: 136422 vertices, 136442 faces
slice 230: 136422 vertices, 136442 faces
slice 240: 136422 vertices, 136442 faces
slice 250: 136422 vertices, 136442 faces
using the conformed surface RAS to save vertex points...
writing ../surf/lh.orig.nofix
using vox2ras matrix:
-1.00000   0.00000   0.00000   128.00000;
 0.00000   0.00000   1.00000  -128.00000;
 0.00000  -1.00000   0.00000   128.00000;
 0.00000   0.00000   0.00000   1.00000;

 rm -f ../mri/filled-pretess255.mgz 


 mris_extract_main_component ../surf/lh.orig.nofix ../surf/lh.orig.nofix 


counting number of connected components...
   136422 voxel in cpt #1: X=-20 [v=136422,e=409326,f=272884] located at (-23.434189, -9.883310, 27.194603)
For the whole surface: X=-20 [v=136422,e=409326,f=272884]
One single component has been found
nothing to do
done

#--------------------------------------------
#@# Smooth1 lh Wed Mar 11 12:36:54 CET 2026
/out/sourcedata/freesurfer/sub-v2s16x51246_ses-1/scripts

 mris_smooth -nw -seed 1234 ../surf/lh.orig.nofix ../surf/lh.smoothwm.nofix 

setting seed for random number generator to 1234
smoothing surface tessellation for 10 iterations...
smoothing complete - recomputing first and second fundamental forms...
#--------------------------------------------
#@# Inflation1 lh Wed Mar 11 12:36:56 CET 2026
/out/sourcedata/freesurfer/sub-v2s16x51246_ses-1/scripts

 mris_inflate -no-save-sulc ../surf/lh.smoothwm.nofix ../surf/lh.inflated.nofix 

Not saving sulc
Reading ../surf/lh.smoothwm.nofix
avg radius = 46.7 mm, total surface area = 73485 mm^2
step 000: RMS=0.148 (target=0.015)   step 005: RMS=0.112 (target=0.015)   step 010: RMS=0.082 (target=0.015)   step 015: RMS=0.068 (target=0.015)   step 020: RMS=0.058 (target=0.015)   step 025: RMS=0.050 (target=0.015)   step 030: RMS=0.045 (target=0.015)   step 035: RMS=0.040 (target=0.015)   step 040: RMS=0.036 (target=0.015)   step 045: RMS=0.034 (target=0.015)   step 050: RMS=0.033 (target=0.015)   step 055: RMS=0.033 (target=0.015)   step 060: RMS=0.032 (target=0.015)   writing inflated surface to ../surf/lh.inflated.nofix
inflation took 0.2 minutes

inflation complete.
Not saving sulc
mris_inflate utimesec    51.202514
mris_inflate stimesec    2.245306
mris_inflate ru_maxrss   218556
mris_inflate ru_ixrss    0
mris_inflate ru_idrss    0
mris_inflate ru_isrss    0
mris_inflate ru_minflt   566990
mris_inflate ru_majflt   51
mris_inflate ru_nswap    0
mris_inflate ru_inblock  1672
mris_inflate ru_oublock  9600
mris_inflate ru_msgsnd   0
mris_inflate ru_msgrcv   0
mris_inflate ru_nsignals 0
mris_inflate ru_nvcsw    14901
mris_inflate ru_nivcsw   160
#--------------------------------------------
#@# QSphere lh Wed Mar 11 12:37:09 CET 2026
/out/sourcedata/freesurfer/sub-v2s16x51246_ses-1/scripts

 mris_sphere -q -p 6 -a 128 -seed 1234 ../surf/lh.inflated.nofix ../surf/lh.qsphere.nofix 

doing quick spherical unfolding.
limitting unfolding to 6 passes
using n_averages = 128
setting seed for random number genererator to 1234
version: 7.3.2
available threads: 16
scaling brain by 0.299...
inflating...
projecting onto sphere...
surface projected - minimizing metric distortion...
vertex spacing 0.99 +- 0.57 (0.00-->7.60) (max @ vno 44187 --> 45166)
face area 0.02 +- 0.03 (-0.21-->0.58)
Entering MRISinflateToSphere()
inflating to sphere (rms error < 2.00)
000: dt: 0.0000, rms radial error=177.398, avgs=0
005/300: dt: 0.9000, rms radial error=177.138, avgs=0
010/300: dt: 0.9000, rms radial error=176.581, avgs=0
015/300: dt: 0.9000, rms radial error=175.849, avgs=0
020/300: dt: 0.9000, rms radial error=175.015, avgs=0
025/300: dt: 0.9000, rms radial error=174.123, avgs=0
030/300: dt: 0.9000, rms radial error=173.198, avgs=0
035/300: dt: 0.9000, rms radial error=172.257, avgs=0
040/300: dt: 0.9000, rms radial error=171.308, avgs=0
045/300: dt: 0.9000, rms radial error=170.356, avgs=0
050/300: dt: 0.9000, rms radial error=169.404, avgs=0
055/300: dt: 0.9000, rms radial error=168.455, avgs=0
060/300: dt: 0.9000, rms radial error=167.509, avgs=0
065/300: dt: 0.9000, rms radial error=166.567, avgs=0
070/300: dt: 0.9000, rms radial error=165.630, avgs=0
075/300: dt: 0.9000, rms radial error=164.698, avgs=0
080/300: dt: 0.9000, rms radial error=163.771, avgs=0
085/300: dt: 0.9000, rms radial error=162.849, avgs=0
090/300: dt: 0.9000, rms radial error=161.931, avgs=0
095/300: dt: 0.9000, rms radial error=161.019, avgs=0
100/300: dt: 0.9000, rms radial error=160.111, avgs=0
105/300: dt: 0.9000, rms radial error=159.210, avgs=0
110/300: dt: 0.9000, rms radial error=158.314, avgs=0
115/300: dt: 0.9000, rms radial error=157.423, avgs=0
120/300: dt: 0.9000, rms radial error=156.537, avgs=0
125/300: dt: 0.9000, rms radial error=155.656, avgs=0
130/300: dt: 0.9000, rms radial error=154.780, avgs=0
135/300: dt: 0.9000, rms radial error=153.908, avgs=0
140/300: dt: 0.9000, rms radial error=153.042, avgs=0
145/300: dt: 0.9000, rms radial error=152.180, avgs=0
150/300: dt: 0.9000, rms radial error=151.323, avgs=0
155/300: dt: 0.9000, rms radial error=150.471, avgs=0
160/300: dt: 0.9000, rms radial error=149.623, avgs=0
165/300: dt: 0.9000, rms radial error=148.780, avgs=0
170/300: dt: 0.9000, rms radial error=147.942, avgs=0
175/300: dt: 0.9000, rms radial error=147.108, avgs=0
180/300: dt: 0.9000, rms radial error=146.279, avgs=0
185/300: dt: 0.9000, rms radial error=145.455, avgs=0
190/300: dt: 0.9000, rms radial error=144.635, avgs=0
195/300: dt: 0.9000, rms radial error=143.820, avgs=0
200/300: dt: 0.9000, rms radial error=143.009, avgs=0
205/300: dt: 0.9000, rms radial error=142.203, avgs=0
210/300: dt: 0.9000, rms radial error=141.402, avgs=0
215/300: dt: 0.9000, rms radial error=140.605, avgs=0
220/300: dt: 0.9000, rms radial error=139.812, avgs=0
225/300: dt: 0.9000, rms radial error=139.024, avgs=0
230/300: dt: 0.9000, rms radial error=138.240, avgs=0
235/300: dt: 0.9000, rms radial error=137.460, avgs=0
240/300: dt: 0.9000, rms radial error=136.685, avgs=0
245/300: dt: 0.9000, rms radial error=135.915, avgs=0
250/300: dt: 0.9000, rms radial error=135.148, avgs=0
255/300: dt: 0.9000, rms radial error=134.386, avgs=0
260/300: dt: 0.9000, rms radial error=133.628, avgs=0
265/300: dt: 0.9000, rms radial error=132.875, avgs=0
270/300: dt: 0.9000, rms radial error=132.125, avgs=0
275/300: dt: 0.9000, rms radial error=131.380, avgs=0
280/300: dt: 0.9000, rms radial error=130.639, avgs=0
285/300: dt: 0.9000, rms radial error=129.903, avgs=0
290/300: dt: 0.9000, rms radial error=129.170, avgs=0
295/300: dt: 0.9000, rms radial error=128.442, avgs=0
300/300: dt: 0.9000, rms radial error=127.717, avgs=0

spherical inflation complete.
epoch 1 (K=10.0), pass 1, starting sse = 16084.45
taking momentum steps...
taking momentum steps...
taking momentum steps...
taking momentum steps...
pass 1 complete, delta sse/iter = 0.00/13 = 0.00032
epoch 2 (K=40.0), pass 1, starting sse = 2657.98
taking momentum steps...
taking momentum steps...
taking momentum steps...
taking momentum steps...
pass 1 complete, delta sse/iter = 0.00/13 = 0.00031
epoch 3 (K=160.0), pass 1, starting sse = 251.99
taking momentum steps...
taking momentum steps...
taking momentum steps...
taking momentum steps...
pass 1 complete, delta sse/iter = 0.12/16 = 0.00724
epoch 4 (K=640.0), pass 1, starting sse = 12.32
taking momentum steps...
taking momentum steps...
taking momentum steps...
taking momentum steps...
pass 1 complete, delta sse/iter = 0.11/22 = 0.00518
final distance error %100000.00
writing spherical brain to ../surf/lh.qsphere.nofix
spherical transformation took 0.0183 hours
FSRUNTIME@ mris_sphere  0.0183 hours 16 threads
#VMPC# mris_sphere VmPeak  2351876
mris_sphere done
#@# Fix Topology lh Wed Mar 11 12:38:15 CET 2026

 mris_fix_topology -mgz -sphere qsphere.nofix -inflated inflated.nofix -orig orig.nofix -out orig.premesh -ga -seed 1234 sub-v2s16x51246_ses-1 lh 

reading spherical homeomorphism from 'qsphere.nofix'
reading inflated coordinates from 'inflated.nofix'
reading original coordinates from 'orig.nofix'
using genetic algorithm with optimized parameters
setting seed for random number genererator to 1234

*************************************************************
Topology Correction Parameters
retessellation mode:           genetic search
number of patches/generation : 10
number of generations :        10
surface mri loglikelihood coefficient :         1.0
volume mri loglikelihood coefficient :          10.0
normal dot loglikelihood coefficient :          1.0
quadratic curvature loglikelihood coefficient : 1.0
volume resolution :                             2
eliminate vertices during search :              1
initial patch selection :                       1
select all defect vertices :                    0
ordering dependant retessellation:              0
use precomputed edge table :                    0
smooth retessellated patch :                    2
match retessellated patch :                     1
verbose mode :                                  0

*************************************************************
INFO: assuming .mgz format
writing corrected surface to 'orig.premesh'
7.3.2
  7.3.2
before topology correction, eno=-20 (nv=136422, nf=272884, ne=409326, g=11)
using quasi-homeomorphic spherical map to tessellate cortical surface...

Correction of the Topology
Finding true center and radius of Spherical Surface...done
Surface centered at (0,0,0) with radius 100.0 in 9 iterations
marking ambiguous vertices...
3811 ambiguous faces found in tessellation
segmenting defects...
15 defects found, arbitrating ambiguous regions...
analyzing neighboring defects...
15 defects to be corrected 
0 vertices coincident
reading input surface /out/sourcedata/freesurfer/sub-v2s16x51246_ses-1/surf/lh.qsphere.nofix...
reading brain volume from brain...
reading wm segmentation from wm...
Reading original properties of orig.nofix
Reading vertex positions of inflated.nofix
Computing Initial Surface Statistics
      -face       loglikelihood: -9.4227  (-4.7113)
      -vertex     loglikelihood: -6.3628  (-3.1814)
      -normal dot loglikelihood: -3.6403  (-3.6403)
      -quad curv  loglikelihood: -6.0840  (-3.0420)
      Total Loglikelihood : -25.5098
CORRECTING DEFECT 0 (vertices=561, convex hull=114, v0=4610)
After retessellation of defect 0 (v0=4610), euler #=-12 (134276,402313,268025) : difference with theory (-12) = 0 
CORRECTING DEFECT 1 (vertices=40, convex hull=72, v0=42385)
After retessellation of defect 1 (v0=42385), euler #=-11 (134302,402421,268108) : difference with theory (-11) = 0 
CORRECTING DEFECT 2 (vertices=112, convex hull=69, v0=45300)
After retessellation of defect 2 (v0=45300), euler #=-10 (134333,402543,268200) : difference with theory (-10) = 0 
CORRECTING DEFECT 3 (vertices=214, convex hull=165, v0=48402)
After retessellation of defect 3 (v0=48402), euler #=-9 (134369,402731,268353) : difference with theory (-9) = 0 
CORRECTING DEFECT 4 (vertices=12, convex hull=35, v0=61432)
After retessellation of defect 4 (v0=61432), euler #=-8 (134374,402756,268374) : difference with theory (-8) = 0 
CORRECTING DEFECT 5 (vertices=366, convex hull=385, v0=61687)
After retessellation of defect 5 (v0=61687), euler #=-7 (134523,403395,268865) : difference with theory (-7) = 0 
CORRECTING DEFECT 6 (vertices=40, convex hull=35, v0=64385)
After retessellation of defect 6 (v0=64385), euler #=-6 (134529,403427,268892) : difference with theory (-6) = 0 
CORRECTING DEFECT 7 (vertices=31, convex hull=56, v0=78603)
After retessellation of defect 7 (v0=78603), euler #=-5 (134542,403485,268938) : difference with theory (-5) = 0 
CORRECTING DEFECT 8 (vertices=210, convex hull=98, v0=78637)
After retessellation of defect 8 (v0=78637), euler #=-4 (134587,403659,269068) : difference with theory (-4) = 0 
CORRECTING DEFECT 9 (vertices=44, convex hull=40, v0=91609)
After retessellation of defect 9 (v0=91609), euler #=-3 (134596,403699,269100) : difference with theory (-3) = 0 
CORRECTING DEFECT 10 (vertices=20, convex hull=25, v0=93774)
After retessellation of defect 10 (v0=93774), euler #=-2 (134597,403711,269112) : difference with theory (-2) = 0 
CORRECTING DEFECT 11 (vertices=460, convex hull=83, v0=93890)
After retessellation of defect 11 (v0=93890), euler #=-1 (134606,403771,269164) : difference with theory (-1) = 0 
CORRECTING DEFECT 12 (vertices=21, convex hull=41, v0=97853)
After retessellation of defect 12 (v0=97853), euler #=0 (134617,403819,269202) : difference with theory (0) = 0 
CORRECTING DEFECT 13 (vertices=6, convex hull=15, v0=108420)
After retessellation of defect 13 (v0=108420), euler #=1 (134617,403822,269206) : difference with theory (1) = 0 
CORRECTING DEFECT 14 (vertices=20, convex hull=61, v0=134442)
After retessellation of defect 14 (v0=134442), euler #=2 (134624,403866,269244) : difference with theory (2) = 0 
computing original vertex metric properties...
storing new metric properties...
computing tessellation statistics...
vertex spacing 0.89 +- 0.22 (0.09-->9.45) (max @ vno 66582 --> 67756)
face area -nan +- -nan (1000.00-->-1.00)
performing soap bubble on retessellated vertices for 0 iterations...
vertex spacing 0.89 +- 0.22 (0.09-->9.45) (max @ vno 66582 --> 67756)
face area -nan +- -nan (1000.00-->-1.00)
tessellation finished, orienting corrected surface...
70 mutations (34.1%), 135 crossovers (65.9%), 179 vertices were eliminated
building final representation...
1798 vertices and 0 faces have been removed from triangulation
after topology correction, eno=2 (nv=134624, nf=269244, ne=403866, g=0)
writing corrected surface to /out/sourcedata/freesurfer/sub-v2s16x51246_ses-1/surf/lh.orig.premesh...

0.000 % of the vertices (0 vertices) exhibit an orientation change
removing intersecting faces
000: 176 intersecting
001: 13 intersecting
002: 2 intersecting
terminating search with 0 intersecting
topology fixing took 1.3 minutes
FSRUNTIME@ mris_fix_topology lh  0.0224 hours 16 threads
#VMPC# mris_fix_topology VmPeak  1852128

 mris_euler_number ../surf/lh.orig.premesh 

euler # = v-e+f = 2g-2: 134624 - 403866 + 269244 = 2 --> 0 holes
      F =2V-4:          269244 = 269248-4 (0)
      2E=3F:            807732 = 807732 (0)

total defect index = 0
Wed Mar 11 12:39:36 CET 2026

setenv SUBJECTS_DIR /out/sourcedata/freesurfer
cd /out/sourcedata/freesurfer/sub-v2s16x51246_ses-1/scripts
/opt/freesurfer/bin/defect2seg --s sub-v2s16x51246_ses-1 --lh-only --cortex

freesurfer-linux-ubuntu22_x86_64-7.3.2-20220804-6354275
defect2seg 7.3.2
Linux dna043 5.14.0-427.37.1.el9_4.x86_64 #1 SMP PREEMPT_DYNAMIC Fri Sep 13 12:41:50 EDT 2024 x86_64 x86_64 x86_64 GNU/Linux
pid 779946
mri_label2label --label-cortex /out/sourcedata/freesurfer/sub-v2s16x51246_ses-1/surf/lh.orig.nofix /out/sourcedata/freesurfer/sub-v2s16x51246_ses-1/mri/aseg.presurf.mgz 0 /out/sourcedata/freesurfer/sub-v2s16x51246_ses-1/label/lh.nofix.cortex.label

 Generating cortex label... RemoveHipAmgy=0
 NucAccIsMedialWall=0
 mris->useRealRAS=0
11 non-cortical segments detected
only using segment with 7811 vertices
erasing segment 0 (vno[0] = 23559)
erasing segment 2 (vno[0] = 75053)
erasing segment 3 (vno[0] = 82432)
erasing segment 4 (vno[0] = 92713)
erasing segment 5 (vno[0] = 92735)
erasing segment 6 (vno[0] = 95068)
erasing segment 7 (vno[0] = 95948)
erasing segment 8 (vno[0] = 97892)
erasing segment 9 (vno[0] = 97983)
erasing segment 10 (vno[0] = 119683)
mri_label2vol --defects /out/sourcedata/freesurfer/sub-v2s16x51246_ses-1/surf/lh.orig.nofix /out/sourcedata/freesurfer/sub-v2s16x51246_ses-1/surf/lh.defect_labels /out/sourcedata/freesurfer/sub-v2s16x51246_ses-1/mri/orig.mgz 1000 0 /out/sourcedata/freesurfer/sub-v2s16x51246_ses-1/mri/lh.surface.defects.mgz /out/sourcedata/freesurfer/sub-v2s16x51246_ses-1/label/lh.nofix.cortex.label
mri_label2vol supposed to be reproducible but seed not set
Contraining to label /out/sourcedata/freesurfer/sub-v2s16x51246_ses-1/label/lh.nofix.cortex.label
Changing input type 0 to MRI_INT
Converting defects to volume: offset=1000, merge=0
Writing to /out/sourcedata/freesurfer/sub-v2s16x51246_ses-1/mri/lh.surface.defects.mgz
mris_defects_pointset -s /out/sourcedata/freesurfer/sub-v2s16x51246_ses-1/surf/lh.orig.nofix -d /out/sourcedata/freesurfer/sub-v2s16x51246_ses-1/surf/lh.defect_labels -o /out/sourcedata/freesurfer/sub-v2s16x51246_ses-1/surf/lh.defects.pointset --label /out/sourcedata/freesurfer/sub-v2s16x51246_ses-1/label/lh.nofix.cortex.label
Reading in surface /out/sourcedata/freesurfer/sub-v2s16x51246_ses-1/surf/lh.orig.nofix
Reading in defect segmentation /out/sourcedata/freesurfer/sub-v2s16x51246_ses-1/surf/lh.defect_labels
Reading in label /out/sourcedata/freesurfer/sub-v2s16x51246_ses-1/label/lh.nofix.cortex.label
#VMPC# mris_defects_pointset 1267324
mris_defects_pointset done
 
Started at Wed Mar 11 12:39:36 CET 2026 
Ended   at Wed Mar 11 12:39:52 CET 2026
Defect2seg-Run-Time-Sec 16
Defect2seg-Run-Time-Min 0.32
Defect2seg-Run-Time-Hours 0.00
 
tkmeditfv sub-v2s16x51246_ses-1 brain.finalsurfs.mgz -defect
defect2seg Done

 mris_remesh --remesh --iters 3 --input /out/sourcedata/freesurfer/sub-v2s16x51246_ses-1/surf/lh.orig.premesh --output /out/sourcedata/freesurfer/sub-v2s16x51246_ses-1/surf/lh.orig 

iters = 3
standard remeshing without target
   adjusted l: 0.70927
remeshing to edge length 0.70927 with 3 iterations

avg qual before   : 0.89102  after: 0.971288

Removing intersections
Remeshed surface quality stats nv0 = 134624  nv = 140455  1.04331
Area    280906  0.30137  0.03343 0.065286   0.4688
Corner  842718 60.00000  8.78343 19.677578 135.0427
Edge    421359  0.84218  0.08202 0.349357   1.2580
Hinge   421359  9.42470 10.12128 0.000000 139.8655
mris_remesh done
/out/sourcedata/freesurfer/sub-v2s16x51246_ses-1/scripts

 mris_remove_intersection ../surf/lh.orig ../surf/lh.orig 

intersection removal took 0.00 hours
writing corrected surface to ../surf/lh.orig

 rm -f ../surf/lh.inflated 

#--------------------------------------------
#@# AutoDetGWStats lh Wed Mar 11 12:40:23 CET 2026
cd /out/sourcedata/freesurfer/sub-v2s16x51246_ses-1/mri
mris_autodet_gwstats --o ../surf/autodet.gw.stats.lh.dat --i brain.finalsurfs.mgz --wm wm.mgz --surf ../surf/lh.orig.premesh
7.3.2

cd /out/sourcedata/freesurfer/sub-v2s16x51246_ses-1/mri
setenv SUBJECTS_DIR /out/sourcedata/freesurfer
mris_autodet_gwstats --o ../surf/autodet.gw.stats.lh.dat --i brain.finalsurfs.mgz --wm wm.mgz --surf ../surf/lh.orig.premesh 

border white:    249741 voxels (1.49%)
border gray      286150 voxels (1.71%)
Reading in intensity volume brain.finalsurfs.mgz
Reading in wm volume wm.mgz
Reading in surf ../surf/lh.orig.premesh
Auto detecting stats
MRIclipBrightWM(): nthresh=16923, wmmin=5, clip=110 
Binarizing thresholding at 5
computing class statistics... low=30, hi=110.000000
CCS WM (99.0): 98.6 +- 8.5 [70.0 --> 110.0]
CCS GM (71.0) : 71.2 +- 10.2 [30.0 --> 110.0]
white_mean = 98.5654 +/- 8.50937, gray_mean = 71.2144 +/- 10.2186
using class modes intead of means, discounting robust sigmas....
MRIScomputeClassModes(): min=0 max=138 nbins=139
intensity peaks found at WM=103+-5.2,    GM=66+-7.0
white_mode = 103, gray_mode = 66
std_scale = 1
Applying sanity checks, max_scale_down = 0.2
setting MIN_GRAY_AT_WHITE_BORDER to 55.8 (was 70.000000)
setting MAX_BORDER_WHITE to 111.5 (was 105.000000)
setting MIN_BORDER_WHITE to 66.0 (was 85.000000)
setting MAX_CSF to 45.6 (was 40.000000)
setting MAX_GRAY to 94.5 (was 95.000000)
setting MAX_GRAY_AT_CSF_BORDER to 55.8 (was 75.000000)
setting MIN_GRAY_AT_CSF_BORDER to 35.3 (was 40.000000)
When placing the white surface
  white_border_hi   = 111.509;
  white_border_low  = 66;
  white_outside_low = 55.7814;
  white_inside_hi   = 120;
  white_outside_hi  = 111.509;
When placing the pial surface
  pial_border_hi   = 55.7814;
  pial_border_low  = 35.3441;
  pial_outside_low = 10;
  pial_inside_hi   = 94.4906;
  pial_outside_hi  = 50.672;
#VMPC# mris_autodet_gwstats VmPeak  1336528
mris_autodet_gwstats done
#--------------------------------------------
#@# WhitePreAparc lh Wed Mar 11 12:40:26 CET 2026
cd /out/sourcedata/freesurfer/sub-v2s16x51246_ses-1/mri
mris_place_surface --adgws-in ../surf/autodet.gw.stats.lh.dat --wm wm.mgz --threads 16 --invol brain.finalsurfs.mgz --lh --i ../surf/lh.orig --o ../surf/lh.white.preaparc --white --seg aseg.presurf.mgz --nsmooth 5
7.3.2
7.3.2

cd /out/sourcedata/freesurfer/sub-v2s16x51246_ses-1/mri
setenv SUBJECTS_DIR /out/sourcedata/freesurfer
mris_place_surface --adgws-in ../surf/autodet.gw.stats.lh.dat --wm wm.mgz --threads 16 --invol brain.finalsurfs.mgz --lh --i ../surf/lh.orig --o ../surf/lh.white.preaparc --white --seg aseg.presurf.mgz --nsmooth 5 

Reading in input surface ../surf/lh.orig
Smoothing surface before ripping with 5 iterations
Area    280906  0.26702  0.06292 0.000753   0.5830
Corner  842718 60.00000  9.54181 4.906643 159.3105
Edge    421359  0.78909  0.11416 0.053766   1.2877
Hinge   421359  6.32892  6.45601 0.000089 152.1642
Not reading in aparc
Reading in input volume brain.finalsurfs.mgz
Reading in wm volume wm.mgz
MRIclipBrightWM(): nthresh=16923, wmmin=5, clip=110 
MRIfindBrightNonWM(): 9 bright non-wm voxels segmented.
Masking bright non-wm for white surface
MRImask(): AllowDiffGeom = 1
MRImask(): AllowDiffGeom = 1
Reading in seg volume aseg.presurf.mgz
Ripping frozen voxels
INFO: rip surface needed but not specified, so using input surface
Freezing midline and others
Entering: MRISripMidline(): inhibiting deformation at non-cortical midline structures...
  which=1, fix_mtl=0, using annot = 0
#FML0# MRISripMidline(): nripped=0
removing 3 vertices from ripped group in thread:0
#FML# MRISripMidline(): nmarked=6104, nmarked2=1, nripped=6104
Ripping segs (eg, WMSA, BG, frozen)
Starting MRISripSegs() d = (-2 2 0.5) segnos: 247 
MRISripSegs(): -2 2 0.5 ripped 0
vertex 70228: xyz = (-38.3615,2.28921,29.0045) oxyz = (-38.3615,2.28921,29.0045) wxzy = (-38.3615,2.28921,29.0045) pxyz = (0,0,0) 
CBVO Creating mask 140455
n_averages 4
Iteration 0 =========================================
n_averages=4, current_sigma=2
Freezing midline and others
Ripping frozen voxels
INFO: rip surface needed but not specified, so using input surface
Freezing midline and others
Entering: MRISripMidline(): inhibiting deformation at non-cortical midline structures...
  which=1, fix_mtl=0, using annot = 0
#FML0# MRISripMidline(): nripped=6104
removing 3 vertices from ripped group in thread:0
#FML# MRISripMidline(): nmarked=6104, nmarked2=1, nripped=6104
Ripping segs (eg, WMSA, BG, frozen)
Starting MRISripSegs() d = (-2 2 0.5) segnos: 247 247 
MRISripSegs(): -2 2 0.5 ripped 0
Computing target border values 
Entering MRIScomputeBorderValues_new(): 
  inside_hi   = 120.0000000;
  border_hi   = 111.5093690;
  border_low  =  66.0000000;
  outside_low =  55.7813610;
  outside_hi  = 111.5093690;
  sigma = 2;
  max_thickness = 10;
  step_size=0.5;
  STEP_SIZE=0.1;
  which = 1
  thresh = 0
  flags = 0
  CBVfindFirstPeakD1=0
  CBVfindFirstPeakD2=0
  nvertices=140455
  Gdiag_no=-1
  vno start=0, stop=140455
Replacing 255s with 0s
#SI# sigma=2 had to be increased for 194 vertices, nripped=6104
mean border=78.5, 346 (346) missing vertices, mean dist 0.3 [0.5 (%34.5)->0.8 (%65.5))]
%68 local maxima, %28 large gradients and % 0 min vals, 0 gradients ignored
nFirstPeakD1 0
MRIScomputeBorderValues_new() finished in 0.0154 min


Finding expansion regions
mean absolute distance = 0.70 +- 0.84
4802 vertices more than 2 sigmas from mean.
Averaging target values for 5 iterations...
Positioning Surface: tspring = 0.3, nspring = 0.3, spring = 0, niters = 100 l_repulse = 5, l_surf_repulse = 0, checktol = 0
Positioning pial surface
Entering MRISpositionSurface()
  max_mm = 0.3
  MAX_REDUCTIONS = 2, REDUCTION_PCT = 0.5
  parms->check_tol = 0, niterations = 100
tol=1.0e-04, sigma=2.0, host=dna04, nav=4, nbrs=2, l_repulse=5.000, l_tspring=0.300, l_nspring=0.300, l_intensity=0.200, l_curv=1.000
mom=0.00, dt=0.50
complete_dist_mat 0
rms 0
smooth_averages 0
remove_neg 0
ico_order 0
which_surface 0
target_radius 0.000000
nfields 0
scale 0.000000
desired_rms_height 0.000000
momentum 0.000000
nbhd_size 0
max_nbrs 0
niterations 100
nsurfaces 0
SURFACES 3
flags 0 (0)
use curv 0
no sulc 0
no rigid align 0
mris->nsize 2
mris->hemisphere 0
randomSeed 0

000: dt: 0.0000, sse=3626167.0, rms=11.381
001: dt: 0.5000, sse=1976150.4, rms=8.250 (27.509%)
002: dt: 0.5000, sse=1237501.2, rms=6.362 (22.884%)
003: dt: 0.5000, sse=868639.2, rms=5.163 (18.855%)
004: dt: 0.5000, sse=669545.1, rms=4.371 (15.338%)
005: dt: 0.5000, sse=581295.1, rms=3.900 (10.781%)
006: dt: 0.5000, sse=513001.7, rms=3.605 (7.554%)
007: dt: 0.5000, sse=490734.8, rms=3.469 (3.770%)
008: dt: 0.5000, sse=476793.8, rms=3.375 (2.710%)
rms = 3.3448/3.3751, sse=495078.3/476793.8, time step reduction 1 of 3 to 0.250  0 1 1
009: dt: 0.5000, sse=495078.3, rms=3.345 (0.896%)
010: dt: 0.2500, sse=280798.1, rms=1.912 (42.840%)
011: dt: 0.2500, sse=252649.8, rms=1.605 (16.065%)
rms = 1.5198/1.6047, sse=271028.4/252649.8, time step reduction 2 of 3 to 0.125  0 1 0
012: dt: 0.2500, sse=271028.4, rms=1.520 (5.291%)
013: dt: 0.1250, sse=231475.3, rms=1.438 (5.356%)
rms = 1.4216/1.4384, sse=231015.4/231475.3, time step reduction 3 of 3 to 0.062  0 0 1
014: dt: 0.1250, sse=231015.4, rms=1.422 (1.170%)
  maximum number of reductions reached, breaking from loop
positioning took 1.3 minutes
Iteration 1 =========================================
n_averages=2, current_sigma=1
Freezing midline and others
Ripping frozen voxels
INFO: rip surface needed but not specified, so using input surface
Freezing midline and others
Entering: MRISripMidline(): inhibiting deformation at non-cortical midline structures...
  which=1, fix_mtl=0, using annot = 0
#FML0# MRISripMidline(): nripped=6104
removing 4 vertices from ripped group in thread:0
#FML# MRISripMidline(): nmarked=6405, nmarked2=1, nripped=6405
Ripping segs (eg, WMSA, BG, frozen)
Starting MRISripSegs() d = (-2 2 0.5) segnos: 247 247 247 
MRISripSegs(): -2 2 0.5 ripped 0
Computing target border values 
Entering MRIScomputeBorderValues_new(): 
  inside_hi   = 120.0000000;
  border_hi   = 111.5093690;
  border_low  =  66.0000000;
  outside_low =  55.7813610;
  outside_hi  = 111.5093690;
  sigma = 1;
  max_thickness = 10;
  step_size=0.5;
  STEP_SIZE=0.1;
  which = 1
  thresh = 0
  flags = 0
  CBVfindFirstPeakD1=0
  CBVfindFirstPeakD2=0
  nvertices=140455
  Gdiag_no=-1
  vno start=0, stop=140455
Replacing 255s with 0s
#SI# sigma=1 had to be increased for 258 vertices, nripped=6405
mean border=81.4, 151 (50) missing vertices, mean dist -0.2 [0.3 (%75.7)->0.3 (%24.3))]
%76 local maxima, %19 large gradients and % 0 min vals, 0 gradients ignored
nFirstPeakD1 0
MRIScomputeBorderValues_new() finished in 0.0099 min


Finding expansion regions
mean absolute distance = 0.31 +- 0.55
2333 vertices more than 2 sigmas from mean.
Averaging target values for 5 iterations...
Positioning Surface: tspring = 0.3, nspring = 0.3, spring = 0, niters = 100 l_repulse = 5, l_surf_repulse = 0, checktol = 0
Positioning pial surface
Entering MRISpositionSurface()
  max_mm = 0.3
  MAX_REDUCTIONS = 2, REDUCTION_PCT = 0.5
  parms->check_tol = 0, niterations = 100
tol=1.0e-04, sigma=1.0, host=dna04, nav=2, nbrs=2, l_repulse=5.000, l_tspring=0.300, l_nspring=0.300, l_intensity=0.200, l_curv=1.000
mom=0.00, dt=0.50
000: dt: 0.0000, sse=804629.9, rms=4.638
015: dt: 0.5000, sse=499402.5, rms=2.970 (35.973%)
rms = 3.0127/2.9699, sse=483868.6/499402.5, time step reduction 1 of 3 to 0.250  0 0 1
   RMS increased, rejecting step
016: dt: 0.2500, sse=374166.0, rms=2.210 (25.591%)
017: dt: 0.2500, sse=322747.3, rms=1.635 (26.013%)
018: dt: 0.2500, sse=292365.2, rms=1.389 (15.033%)
019: dt: 0.2500, sse=285972.9, rms=1.284 (7.583%)
020: dt: 0.2500, sse=283534.8, rms=1.232 (4.077%)
rms = 1.2037/1.2315, sse=301878.7/283534.8, time step reduction 2 of 3 to 0.125  0 1 1
021: dt: 0.2500, sse=301878.8, rms=1.204 (2.261%)
rms = 1.1652/1.2037, sse=278482.9/301878.7, time step reduction 3 of 3 to 0.062  0 0 1
022: dt: 0.1250, sse=278482.9, rms=1.165 (3.198%)
  maximum number of reductions reached, breaking from loop
positioning took 0.7 minutes
Iteration 2 =========================================
n_averages=1, current_sigma=0.5
Freezing midline and others
Ripping frozen voxels
INFO: rip surface needed but not specified, so using input surface
Freezing midline and others
Entering: MRISripMidline(): inhibiting deformation at non-cortical midline structures...
  which=1, fix_mtl=0, using annot = 0
#FML0# MRISripMidline(): nripped=6405
removing 1 vertices from ripped group in thread:0
removing 4 vertices from ripped group in thread:0
removing 4 vertices from ripped group in thread:0
removing 2 vertices from ripped group in thread:0
#FML# MRISripMidline(): nmarked=6453, nmarked2=1, nripped=6453
Ripping segs (eg, WMSA, BG, frozen)
Starting MRISripSegs() d = (-2 2 0.5) segnos: 247 247 247 247 
MRISripSegs(): -2 2 0.5 ripped 0
Computing target border values 
Entering MRIScomputeBorderValues_new(): 
  inside_hi   = 120.0000000;
  border_hi   = 111.5093690;
  border_low  =  66.0000000;
  outside_low =  55.7813610;
  outside_hi  = 111.5093690;
  sigma = 0.5;
  max_thickness = 10;
  step_size=0.5;
  STEP_SIZE=0.1;
  which = 1
  thresh = 0
  flags = 0
  CBVfindFirstPeakD1=0
  CBVfindFirstPeakD2=0
  nvertices=140455
  Gdiag_no=-1
  vno start=0, stop=140455
Replacing 255s with 0s
#SI# sigma=0.5 had to be increased for 212 vertices, nripped=6453
mean border=83.8, 159 (33) missing vertices, mean dist -0.1 [0.2 (%73.7)->0.2 (%26.3))]
%84 local maxima, %11 large gradients and % 0 min vals, 0 gradients ignored
nFirstPeakD1 0
MRIScomputeBorderValues_new() finished in 0.0058 min


Finding expansion regions
mean absolute distance = 0.24 +- 0.40
2856 vertices more than 2 sigmas from mean.
Averaging target values for 5 iterations...
Positioning Surface: tspring = 0.3, nspring = 0.3, spring = 0, niters = 100 l_repulse = 5, l_surf_repulse = 0, checktol = 0
Positioning pial surface
Entering MRISpositionSurface()
  max_mm = 0.3
  MAX_REDUCTIONS = 2, REDUCTION_PCT = 0.5
  parms->check_tol = 0, niterations = 100
tol=1.0e-04, sigma=0.5, host=dna04, nav=1, nbrs=2, l_repulse=5.000, l_tspring=0.300, l_nspring=0.300, l_intensity=0.200, l_curv=1.000
mom=0.00, dt=0.50
000: dt: 0.0000, sse=537426.1, rms=3.330
023: dt: 0.5000, sse=430653.9, rms=2.632 (20.940%)
rms = 2.9094/2.6324, sse=467292.2/430653.9, time step reduction 1 of 3 to 0.250  0 1 1
   RMS increased, rejecting step
024: dt: 0.2500, sse=315591.7, rms=1.704 (35.276%)
025: dt: 0.2500, sse=279451.3, rms=1.236 (27.485%)
026: dt: 0.2500, sse=263577.6, rms=1.104 (10.675%)
rms = 1.0780/1.1036, sse=262407.4/263577.6, time step reduction 2 of 3 to 0.125  0 0 1
027: dt: 0.2500, sse=262407.4, rms=1.078 (2.325%)
rms = 1.0311/1.0780, sse=266127.8/262407.4, time step reduction 3 of 3 to 0.062  0 1 1
028: dt: 0.1250, sse=266127.8, rms=1.031 (4.345%)
  maximum number of reductions reached, breaking from loop
positioning took 0.5 minutes
Iteration 3 =========================================
n_averages=0, current_sigma=0.25
Freezing midline and others
Ripping frozen voxels
INFO: rip surface needed but not specified, so using input surface
Freezing midline and others
Entering: MRISripMidline(): inhibiting deformation at non-cortical midline structures...
  which=1, fix_mtl=0, using annot = 0
#FML0# MRISripMidline(): nripped=6453
removing 1 vertices from ripped group in thread:0
removing 4 vertices from ripped group in thread:0
removing 3 vertices from ripped group in thread:0
#FML# MRISripMidline(): nmarked=6491, nmarked2=1, nripped=6491
Ripping segs (eg, WMSA, BG, frozen)
Starting MRISripSegs() d = (-2 2 0.5) segnos: 247 247 247 247 247 
MRISripSegs(): -2 2 0.5 ripped 0
Computing target border values 
Entering MRIScomputeBorderValues_new(): 
  inside_hi   = 120.0000000;
  border_hi   = 111.5093690;
  border_low  =  66.0000000;
  outside_low =  55.7813610;
  outside_hi  = 111.5093690;
  sigma = 0.25;
  max_thickness = 10;
  step_size=0.5;
  STEP_SIZE=0.1;
  which = 1
  thresh = 0
  flags = 0
  CBVfindFirstPeakD1=0
  CBVfindFirstPeakD2=0
  nvertices=140455
  Gdiag_no=-1
  vno start=0, stop=140455
Replacing 255s with 0s
#SI# sigma=0.25 had to be increased for 179 vertices, nripped=6491
mean border=84.6, 196 (28) missing vertices, mean dist -0.0 [0.2 (%58.6)->0.2 (%41.4))]
%87 local maxima, % 8 large gradients and % 0 min vals, 0 gradients ignored
nFirstPeakD1 0
MRIScomputeBorderValues_new() finished in 0.0037 min


Finding expansion regions
mean absolute distance = 0.20 +- 0.32
2984 vertices more than 2 sigmas from mean.
Averaging target values for 5 iterations...
Positioning Surface: tspring = 0.3, nspring = 0.3, spring = 0, niters = 100 l_repulse = 5, l_surf_repulse = 0, checktol = 0
Positioning pial surface
Entering MRISpositionSurface()
  max_mm = 0.3
  MAX_REDUCTIONS = 2, REDUCTION_PCT = 0.5
  parms->check_tol = 0, niterations = 100
tol=1.0e-04, sigma=0.2, host=dna04, nav=0, nbrs=2, l_repulse=5.000, l_tspring=0.300, l_nspring=0.300, l_intensity=0.200, l_curv=1.000
mom=0.00, dt=0.50
000: dt: 0.0000, sse=300200.3, rms=1.565
rms = 1.7585/1.5647, sse=313234.7/300200.3, time step reduction 1 of 3 to 0.250  0 1 1
   RMS increased, rejecting step
029: dt: 0.2500, sse=259492.0, rms=1.077 (31.171%)
030: dt: 0.2500, sse=254019.9, rms=0.834 (22.555%)
rms = 0.8323/0.8340, sse=256748.7/254019.9, time step reduction 2 of 3 to 0.125  0 1 1
031: dt: 0.2500, sse=256748.7, rms=0.832 (0.211%)
rms = 0.8074/0.8323, sse=253792.3/256748.7, time step reduction 3 of 3 to 0.062  0 0 1
032: dt: 0.1250, sse=253792.3, rms=0.807 (2.988%)
  maximum number of reductions reached, breaking from loop
positioning took 0.4 minutes


Writing output to ../surf/lh.white.preaparc
#ET# mris_place_surface  3.03 minutes
#VMPC# mris_place_surfaces VmPeak  3184260
mris_place_surface done
#--------------------------------------------
#@# CortexLabel lh Wed Mar 11 12:43:34 CET 2026
cd /out/sourcedata/freesurfer/sub-v2s16x51246_ses-1/mri
mri_label2label --label-cortex ../surf/lh.white.preaparc aseg.presurf.mgz 0 ../label/lh.cortex.label

 Generating cortex label... RemoveHipAmgy=0
 NucAccIsMedialWall=0
 mris->useRealRAS=0
10 non-cortical segments detected
only using segment with 8306 vertices
erasing segment 1 (vno[0] = 41983)
erasing segment 2 (vno[0] = 44823)
erasing segment 3 (vno[0] = 46734)
erasing segment 4 (vno[0] = 51037)
erasing segment 5 (vno[0] = 61413)
erasing segment 6 (vno[0] = 65423)
erasing segment 7 (vno[0] = 82710)
erasing segment 8 (vno[0] = 84740)
erasing segment 9 (vno[0] = 133590)
#--------------------------------------------
#@# CortexLabel+HipAmyg lh Wed Mar 11 12:43:48 CET 2026
cd /out/sourcedata/freesurfer/sub-v2s16x51246_ses-1/mri
mri_label2label --label-cortex ../surf/lh.white.preaparc aseg.presurf.mgz 1 ../label/lh.cortex+hipamyg.label

 Generating cortex label... RemoveHipAmgy=1
 NucAccIsMedialWall=0
 mris->useRealRAS=0
5 non-cortical segments detected
only using segment with 5865 vertices
erasing segment 1 (vno[0] = 79324)
erasing segment 2 (vno[0] = 82710)
erasing segment 3 (vno[0] = 84740)
erasing segment 4 (vno[0] = 133590)
#--------------------------------------------
#@# Smooth2 lh Wed Mar 11 12:44:02 CET 2026
/out/sourcedata/freesurfer/sub-v2s16x51246_ses-1/scripts

 mris_smooth -n 3 -nw -seed 1234 ../surf/lh.white.preaparc ../surf/lh.smoothwm 

smoothing for 3 iterations
setting seed for random number generator to 1234
smoothing surface tessellation for 3 iterations...
smoothing complete - recomputing first and second fundamental forms...
#--------------------------------------------
#@# Inflation2 lh Wed Mar 11 12:44:05 CET 2026
/out/sourcedata/freesurfer/sub-v2s16x51246_ses-1/scripts

 mris_inflate ../surf/lh.smoothwm ../surf/lh.inflated 

Reading ../surf/lh.smoothwm
avg radius = 46.7 mm, total surface area = 88089 mm^2
step 000: RMS=0.170 (target=0.015)   step 005: RMS=0.114 (target=0.015)   step 010: RMS=0.085 (target=0.015)   step 015: RMS=0.071 (target=0.015)   step 020: RMS=0.059 (target=0.015)   step 025: RMS=0.048 (target=0.015)   step 030: RMS=0.040 (target=0.015)   step 035: RMS=0.033 (target=0.015)   step 040: RMS=0.028 (target=0.015)   step 045: RMS=0.025 (target=0.015)   step 050: RMS=0.022 (target=0.015)   step 055: RMS=0.020 (target=0.015)   step 060: RMS=0.018 (target=0.015)   writing inflated surface to ../surf/lh.inflated
writing sulcal depths to ../surf/lh.sulc

inflation complete.
inflation took 0.2 minutes
mris_inflate utimesec    56.629422
mris_inflate stimesec    0.563719
mris_inflate ru_maxrss   214608
mris_inflate ru_ixrss    0
mris_inflate ru_idrss    0
mris_inflate ru_isrss    0
mris_inflate ru_minflt   92467
mris_inflate ru_majflt   17
mris_inflate ru_nswap    0
mris_inflate ru_inblock  130
mris_inflate ru_oublock  10984
mris_inflate ru_msgsnd   0
mris_inflate ru_msgrcv   0
mris_inflate ru_nsignals 0
mris_inflate ru_nvcsw    4612
mris_inflate ru_nivcsw   343
#--------------------------------------------
#@# Curv .H and .K lh Wed Mar 11 12:44:18 CET 2026
/out/sourcedata/freesurfer/sub-v2s16x51246_ses-1/surf

 mris_curvature -w -seed 1234 lh.white.preaparc 

setting seed for random number generator to 1234
total integrated curvature = 29.068*4pi (365.280) --> -28 handles
ICI = 145.1, FI = 1495.1, variation=23153.942
writing Gaussian curvature to ./lh.white.preaparc.K...done.
writing mean curvature to ./lh.white.preaparc.H...done.
rm -f lh.white.H
ln -s lh.white.preaparc.H lh.white.H
rm -f lh.white.K
ln -s lh.white.preaparc.K lh.white.K

 mris_curvature -seed 1234 -thresh .999 -n -a 5 -w -distances 10 10 lh.inflated 

setting seed for random number generator to 1234
normalizing curvature values.
averaging curvature patterns 5 times.
sampling 10 neighbors out to a distance of 10 mm
148 vertices thresholded to be in k1 ~ [-0.18 0.55], k2 ~ [-0.11 0.04]
total integrated curvature = 0.637*4pi (8.010) --> 0 handles
ICI = 1.5, FI = 10.0, variation=167.159
102 vertices thresholded to be in [-0.01 0.01]
writing Gaussian curvature to ./lh.inflated.K...thresholding curvature at 99.90% level
curvature mean = 0.000, std = 0.001
139 vertices thresholded to be in [-0.13 0.17]
done.
writing mean curvature to ./lh.inflated.H...curvature mean = -0.016, std = 0.022
done.
#--------------------------------------------
#@# Sphere lh Wed Mar 11 12:45:04 CET 2026
/out/sourcedata/freesurfer/sub-v2s16x51246_ses-1/scripts

 mris_sphere -seed 1234 ../surf/lh.inflated ../surf/lh.sphere 

setting seed for random number genererator to 1234
version: 7.3.2
available threads: 16
reading original vertex positions...
projecting onto sphere...
surface projected - minimizing metric distortion...
scaling brain by 0.271...
MRISunfold() max_passes = 1 -------
tol=5.0e-01, sigma=0.0, host=dna04, nav=1024, nbrs=2, l_area=1.000, l_dist=1.000
using quadratic fit line minimization
complete_dist_mat 0
rms 0
smooth_averages 0
remove_neg 0
ico_order 0
which_surface 0
target_radius 0.000000
nfields 0
scale 1.000000
desired_rms_height -1.000000
momentum 0.900000
nbhd_size 7
max_nbrs 8
niterations 25
nsurfaces 0
SURFACES 3
flags 0 (0)
use curv 0
no sulc 0
no rigid align 0
mris->nsize 2
mris->hemisphere 0
randomSeed 1234

--------------------
  mrisRemoveNegativeArea()
pass 1: epoch 1 of 3 starting distance error %41.88
pass 1: epoch 2 of 3 starting distance error %20.28
unfolding complete - removing small folds...
starting distance error %20.26
removing remaining folds...
final distance error %20.26
MRISunfold() return, current seed 1234
-01: dt=0.0000, 138 negative triangles  VmPeak 1603500
050: dt=0.9900, 138 negative triangles
051: dt=0.9900,  31 negative triangles
052: dt=0.9900,  18 negative triangles
053: dt=0.9900,  11 negative triangles
054: dt=0.9900,   7 negative triangles
055: dt=0.9900,   5 negative triangles
056: dt=0.9900,   5 negative triangles
057: dt=0.9900,   2 negative triangles
058: dt=0.9900,   2 negative triangles
059: dt=0.9900,   2 negative triangles
writing spherical brain to ../surf/lh.sphere
spherical transformation took 0.0203 hours
FSRUNTIME@ mris_sphere  0.0203 hours 16 threads
#VMPC# mris_sphere VmPeak  1603500
mris_sphere done
#--------------------------------------------
#@# Surf Reg lh Wed Mar 11 12:46:17 CET 2026
/out/sourcedata/freesurfer/sub-v2s16x51246_ses-1/scripts

 mris_register -curv ../surf/lh.sphere /opt/freesurfer/average/lh.folding.atlas.acfb40.noaparc.i12.2016-08-02.tif ../surf/lh.sphere.reg 

using smoothwm curvature for final alignment

cwd /out/sourcedata/freesurfer/sub-v2s16x51246_ses-1/scripts
cmdline mris_register -curv ../surf/lh.sphere /opt/freesurfer/average/lh.folding.atlas.acfb40.noaparc.i12.2016-08-02.tif ../surf/lh.sphere.reg 

0 inflated.H
1 sulc
2 smoothwm (computed)
7.3.2
  7.3.2
reading surface from ../surf/lh.sphere...
reading template parameterization from /opt/freesurfer/average/lh.folding.atlas.acfb40.noaparc.i12.2016-08-02.tif...
MRISregister() -------
max_passes = 4 
min_degrees = 0.500000 
max_degrees = 64.000000 
nangles = 8 
tol=5.0e-01, sigma=0.0, host=dna04, nav=1024, nbrs=1, l_extern=10000.000, l_parea=0.200, l_nlarea=1.000, l_corr=1.000, l_dist=5.000
using quadratic fit line minimization
complete_dist_mat 0
rms 0
smooth_averages 0
remove_neg 0
ico_order 0
which_surface 0
target_radius 0.000000
nfields 0
scale 0.000000
desired_rms_height -1.000000
momentum 0.950000
nbhd_size -10
max_nbrs 10
niterations 25
nsurfaces 0
SURFACES 3
flags 16 (10)
use curv 16
no sulc 0
no rigid align 0
mris->nsize 1
mris->hemisphere 0
randomSeed 0

tol=5.0e-01, sigma=0.0, host=dna04, nav=1024, nbrs=1, l_extern=10000.000, l_parea=0.200, l_nlarea=1.000, l_corr=1.000, l_dist=5.000
using quadratic fit line minimization
--------------------
1 Reading lh.sulc
tol=1.0e+00, sigma=0.5, host=dna04, nav=1024, nbrs=1, l_extern=10000.000, l_parea=0.200, l_nlarea=1.000, l_corr=0.050, l_spring=0.500, l_dist=5.000
using quadratic fit line minimization
curvature mean = 0.000, std = 5.758
curvature mean = 0.026, std = 0.811
curvature mean = 0.010, std = 0.862
Starting MRISrigidBodyAlignGlobal()
Starting new MRISrigidBodyAlignGlobal_findMinSSE()
  new MRISrigidBodyAlignGlobal_findMinSSE min @ (-1.00, -2.00, 15.50) sse = 259699.8, elapsed since starting=0.1125 min
MRISrigidBodyAlignGlobal() done   0.11 min
curvature mean = 0.011, std = 0.834
curvature mean = 0.004, std = 0.949
curvature mean = 0.010, std = 0.845
curvature mean = 0.002, std = 0.980
curvature mean = 0.009, std = 0.847
curvature mean = 0.001, std = 0.992
2 Reading smoothwm
curvature mean = -0.019, std = 0.264
curvature mean = 0.042, std = 0.248
curvature mean = 0.053, std = 0.366
curvature mean = 0.038, std = 0.304
curvature mean = 0.030, std = 0.565
curvature mean = 0.038, std = 0.330
curvature mean = 0.016, std = 0.707
curvature mean = 0.037, std = 0.342
curvature mean = 0.004, std = 0.814
MRISregister() return, current seed 0
-01: dt=0.0000,   1 negative triangles  VmPeak 2172348
107: dt=0.9900,   1 negative triangles
expanding nbhd size to 1
108: dt=0.9900,   3 negative triangles
109: dt=0.9900,   1 negative triangles
110: dt=0.9405,   1 negative triangles
111: dt=0.9405,   1 negative triangles
112: dt=0.9405,   1 negative triangles
113: dt=0.9405,   1 negative triangles
114: dt=0.9405,   1 negative triangles
115: dt=0.9405,   1 negative triangles
116: dt=0.9405,   1 negative triangles
117: dt=0.9405,   1 negative triangles
118: dt=0.9405,   1 negative triangles
119: dt=0.9405,   1 negative triangles
120: dt=0.8935,   1 negative triangles
121: dt=0.8935,   1 negative triangles
writing registered surface to ../surf/lh.sphere.reg...
registration took 0.07 hours
#VMPC# mris_register VmPeak  2172348
FSRUNTIME@ mris_register  0.0702 hours 16 threads

 ln -sf lh.sphere.reg lh.fsaverage.sphere.reg 

#--------------------------------------------
#@# Jacobian white lh Wed Mar 11 12:50:30 CET 2026
/out/sourcedata/freesurfer/sub-v2s16x51246_ses-1/scripts

 mris_jacobian ../surf/lh.white.preaparc ../surf/lh.sphere.reg ../surf/lh.jacobian_white 

reading surface from ../surf/lh.white.preaparc...
writing curvature file ../surf/lh.jacobian_white
#--------------------------------------------
#@# AvgCurv lh Wed Mar 11 12:50:31 CET 2026
/out/sourcedata/freesurfer/sub-v2s16x51246_ses-1/scripts

 mrisp_paint -a 5 /opt/freesurfer/average/lh.folding.atlas.acfb40.noaparc.i12.2016-08-02.tif#6 ../surf/lh.sphere.reg ../surf/lh.avg_curv 

averaging curvature patterns 5 times...
reading surface from ../surf/lh.sphere.reg...
reading template parameterization from /opt/freesurfer/average/lh.folding.atlas.acfb40.noaparc.i12.2016-08-02.tif...
writing curvature file to ../surf/lh.avg_curv...
#-----------------------------------------
#@# Cortical Parc lh Wed Mar 11 12:50:32 CET 2026
/out/sourcedata/freesurfer/sub-v2s16x51246_ses-1/scripts

 mris_ca_label -l ../label/lh.cortex.label -aseg ../mri/aseg.presurf.mgz -seed 1234 sub-v2s16x51246_ses-1 lh ../surf/lh.sphere.reg /opt/freesurfer/average/lh.DKaparc.atlas.acfb40.noaparc.i12.2016-08-02.gcs ../label/lh.aparc.annot 

setting seed for random number generator to 1234
using ../mri/aseg.presurf.mgz aseg volume to correct midline
7.3.2
  7.3.2
reading atlas from /opt/freesurfer/average/lh.DKaparc.atlas.acfb40.noaparc.i12.2016-08-02.gcs...
reading color table from GCSA file....
average std = 0.8   using min determinant for regularization = 0.006
0 singular and 342 ill-conditioned covariance matrices regularized
input 0: MEAN CURVATURE, flags 0, avgs 5, name mean_curvature
labeling surface...
1058 labels changed using aseg
relabeling using gibbs priors...
000:   3134 changed, 140455 examined...
001:    752 changed, 13129 examined...
002:    207 changed, 4264 examined...
003:     58 changed, 1277 examined...
004:     13 changed, 363 examined...
005:      9 changed, 80 examined...
006:      2 changed, 58 examined...
007:      2 changed, 14 examined...
008:      3 changed, 11 examined...
009:      1 changed, 12 examined...
010:      0 changed, 7 examined...
257 labels changed using aseg
000: 95 total segments, 55 labels (147 vertices) changed
001: 40 total segments, 2 labels (4 vertices) changed
002: 38 total segments, 0 labels (0 vertices) changed
10 filter iterations complete (10 requested, 4 changed)
rationalizing unknown annotations with cortex label
relabeling unknown label...
relabeling corpuscallosum label...
1641 vertices marked for relabeling...
1641 labels changed in reclassification.
writing output to ../label/lh.aparc.annot...
classification took 0 minutes and 10 seconds.
#--------------------------------------------
#@# WhiteSurfs lh Wed Mar 11 12:50:42 CET 2026
cd /out/sourcedata/freesurfer/sub-v2s16x51246_ses-1/mri
mris_place_surface --adgws-in ../surf/autodet.gw.stats.lh.dat --seg aseg.presurf.mgz --threads 16 --wm wm.mgz --invol brain.finalsurfs.mgz --lh --i ../surf/lh.white.preaparc --o ../surf/lh.white --white --nsmooth 0 --rip-label ../label/lh.cortex.label --rip-bg --rip-surf ../surf/lh.white.preaparc --aparc ../label/lh.aparc.annot
7.3.2
7.3.2

cd /out/sourcedata/freesurfer/sub-v2s16x51246_ses-1/mri
setenv SUBJECTS_DIR /out/sourcedata/freesurfer
mris_place_surface --adgws-in ../surf/autodet.gw.stats.lh.dat --seg aseg.presurf.mgz --threads 16 --wm wm.mgz --invol brain.finalsurfs.mgz --lh --i ../surf/lh.white.preaparc --o ../surf/lh.white --white --nsmooth 0 --rip-label ../label/lh.cortex.label --rip-bg --rip-surf ../surf/lh.white.preaparc --aparc ../label/lh.aparc.annot 

Reading in input surface ../surf/lh.white.preaparc
Not smoothing input surface
Area    280906  0.34411  0.12226 0.002100   2.2376
Corner  842718 60.00000 13.57355 0.428301 177.4941
Edge    421359  0.90192  0.20183 0.024394   4.1837
Hinge   421359  9.47126 10.92044 0.000009 179.7925
Reading in aparc ../label/lh.aparc.annot
Reading in input volume brain.finalsurfs.mgz
Reading in wm volume wm.mgz
MRIclipBrightWM(): nthresh=16923, wmmin=5, clip=110 
MRIfindBrightNonWM(): 9 bright non-wm voxels segmented.
Masking bright non-wm for white surface
MRImask(): AllowDiffGeom = 1
MRImask(): AllowDiffGeom = 1
Reading in seg volume aseg.presurf.mgz
Ripping frozen voxels
Ripping vertices not in label ../label/lh.cortex.label
MRISripNotLabel() ripped 8529/140455 vertices (131926 unripped)
Reading in ripping surface ../surf/lh.white.preaparc
Reading in aparc ../label/lh.aparc.annot for ripsurf
Ripping BG
MRISripBasalGanglia(): 1 -2 2 0.5 ripped 441
Ripping segs (eg, WMSA, BG, frozen)
Starting MRISripSegs() d = (-2 2 0.5) segnos: 247 
MRISripSegs(): -2 2 0.5 ripped 0
vertex 70228: xyz = (-38.2449,2.14523,28.6428) oxyz = (-38.2449,2.14523,28.6428) wxzy = (-38.2449,2.14523,28.6428) pxyz = (0,0,0) 
CBVO Creating mask 140455
n_averages 4
Iteration 0 =========================================
n_averages=4, current_sigma=2
Computing target border values 
Entering MRIScomputeBorderValues_new(): 
  inside_hi   = 120.0000000;
  border_hi   = 111.5093690;
  border_low  =  66.0000000;
  outside_low =  55.7813610;
  outside_hi  = 111.5093690;
  sigma = 2;
  max_thickness = 10;
  step_size=0.5;
  STEP_SIZE=0.1;
  which = 1
  thresh = 0
  flags = 0
  CBVfindFirstPeakD1=0
  CBVfindFirstPeakD2=0
  nvertices=140455
  Gdiag_no=-1
  vno start=0, stop=140455
Replacing 255s with 0s
#SI# sigma=2 had to be increased for 237 vertices, nripped=8970
mean border=77.9, 191 (191) missing vertices, mean dist 0.3 [0.9 (%11.4)->0.5 (%88.6))]
%62 local maxima, %32 large gradients and % 0 min vals, 0 gradients ignored
nFirstPeakD1 0
MRIScomputeBorderValues_new() finished in 0.0135 min


Finding expansion regions
mean absolute distance = 0.55 +- 0.80
2461 vertices more than 2 sigmas from mean.
Averaging target values for 5 iterations...
Positioning Surface: tspring = 0.3, nspring = 0.3, spring = 0, niters = 100 l_repulse = 5, l_surf_repulse = 0, checktol = 0
Positioning pial surface
Entering MRISpositionSurface()
  max_mm = 0.3
  MAX_REDUCTIONS = 2, REDUCTION_PCT = 0.5
  parms->check_tol = 0, niterations = 100
tol=1.0e-04, sigma=2.0, host=dna04, nav=4, nbrs=2, l_repulse=5.000, l_tspring=0.300, l_nspring=0.300, l_intensity=0.200, l_curv=1.000
mom=0.00, dt=0.50
complete_dist_mat 0
rms 0
smooth_averages 0
remove_neg 0
ico_order 0
which_surface 0
target_radius 0.000000
nfields 0
scale 0.000000
desired_rms_height 0.000000
momentum 0.000000
nbhd_size 0
max_nbrs 0
niterations 100
nsurfaces 0
SURFACES 3
flags 0 (0)
use curv 0
no sulc 0
no rigid align 0
mris->nsize 2
mris->hemisphere 0
randomSeed 0

000: dt: 0.0000, sse=2001058.0, rms=8.274
001: dt: 0.5000, sse=783050.8, rms=4.709 (43.090%)
002: dt: 0.5000, sse=503438.5, rms=3.391 (27.976%)
003: dt: 0.5000, sse=458208.2, rms=3.113 (8.201%)
004: dt: 0.5000, sse=430109.0, rms=2.938 (5.633%)
rms = 3.0243/2.9379, sse=444438.6/430109.0, time step reduction 1 of 3 to 0.250  0 1 1
   RMS increased, rejecting step
005: dt: 0.2500, sse=304324.3, rms=1.946 (33.765%)
006: dt: 0.2500, sse=260514.7, rms=1.443 (25.846%)
007: dt: 0.2500, sse=249790.4, rms=1.291 (10.547%)
rms = 1.2496/1.2908, sse=257038.0/249790.4, time step reduction 2 of 3 to 0.125  0 1 1
008: dt: 0.2500, sse=257038.0, rms=1.250 (3.191%)
rms = 1.2074/1.2496, sse=244285.1/257038.0, time step reduction 3 of 3 to 0.062  0 0 1
009: dt: 0.1250, sse=244285.1, rms=1.207 (3.376%)
  maximum number of reductions reached, breaking from loop
positioning took 0.9 minutes
Iteration 1 =========================================
n_averages=2, current_sigma=1
Computing target border values 
Entering MRIScomputeBorderValues_new(): 
  inside_hi   = 120.0000000;
  border_hi   = 111.5093690;
  border_low  =  66.0000000;
  outside_low =  55.7813610;
  outside_hi  = 111.5093690;
  sigma = 1;
  max_thickness = 10;
  step_size=0.5;
  STEP_SIZE=0.1;
  which = 1
  thresh = 0
  flags = 0
  CBVfindFirstPeakD1=0
  CBVfindFirstPeakD2=0
  nvertices=140455
  Gdiag_no=-1
  vno start=0, stop=140455
Replacing 255s with 0s
#SI# sigma=1 had to be increased for 147 vertices, nripped=8970
mean border=81.1, 135 (86) missing vertices, mean dist -0.2 [0.3 (%76.0)->0.2 (%24.0))]
%74 local maxima, %20 large gradients and % 0 min vals, 0 gradients ignored
nFirstPeakD1 0
MRIScomputeBorderValues_new() finished in 0.0099 min


Finding expansion regions
mean absolute distance = 0.32 +- 0.59
1915 vertices more than 2 sigmas from mean.
Averaging target values for 5 iterations...
Positioning Surface: tspring = 0.3, nspring = 0.3, spring = 0, niters = 100 l_repulse = 5, l_surf_repulse = 0, checktol = 0
Positioning pial surface
Entering MRISpositionSurface()
  max_mm = 0.3
  MAX_REDUCTIONS = 2, REDUCTION_PCT = 0.5
  parms->check_tol = 0, niterations = 100
tol=1.0e-04, sigma=1.0, host=dna04, nav=2, nbrs=2, l_repulse=5.000, l_tspring=0.300, l_nspring=0.300, l_intensity=0.200, l_curv=1.000
mom=0.00, dt=0.50
000: dt: 0.0000, sse=757755.2, rms=4.530
010: dt: 0.5000, sse=427666.0, rms=2.822 (37.713%)
rms = 2.8326/2.8217, sse=429059.2/427666.0, time step reduction 1 of 3 to 0.250  0 1 1
   RMS increased, rejecting step
011: dt: 0.2500, sse=331443.0, rms=2.074 (26.512%)
012: dt: 0.2500, sse=274603.7, rms=1.458 (29.673%)
013: dt: 0.2500, sse=256949.8, rms=1.188 (18.504%)
014: dt: 0.2500, sse=251573.4, rms=1.095 (7.844%)
rms = 1.0593/1.0953, sse=248934.5/251573.4, time step reduction 2 of 3 to 0.125  0 0 1
015: dt: 0.2500, sse=248934.5, rms=1.059 (3.285%)
rms = 1.0219/1.0593, sse=246927.2/248934.5, time step reduction 3 of 3 to 0.062  0 0 1
016: dt: 0.1250, sse=246927.2, rms=1.022 (3.525%)
  maximum number of reductions reached, breaking from loop
positioning took 0.7 minutes
Iteration 2 =========================================
n_averages=1, current_sigma=0.5
Computing target border values 
Entering MRIScomputeBorderValues_new(): 
  inside_hi   = 120.0000000;
  border_hi   = 111.5093690;
  border_low  =  66.0000000;
  outside_low =  55.7813610;
  outside_hi  = 111.5093690;
  sigma = 0.5;
  max_thickness = 10;
  step_size=0.5;
  STEP_SIZE=0.1;
  which = 1
  thresh = 0
  flags = 0
  CBVfindFirstPeakD1=0
  CBVfindFirstPeakD2=0
  nvertices=140455
  Gdiag_no=-1
  vno start=0, stop=140455
Replacing 255s with 0s
#SI# sigma=0.5 had to be increased for 129 vertices, nripped=8970
mean border=83.6, 160 (80) missing vertices, mean dist -0.1 [0.3 (%73.9)->0.2 (%26.1))]
%83 local maxima, %11 large gradients and % 0 min vals, 0 gradients ignored
nFirstPeakD1 0
MRIScomputeBorderValues_new() finished in 0.0058 min


Finding expansion regions
mean absolute distance = 0.24 +- 0.40
2386 vertices more than 2 sigmas from mean.
Averaging target values for 5 iterations...
Positioning Surface: tspring = 0.3, nspring = 0.3, spring = 0, niters = 100 l_repulse = 5, l_surf_repulse = 0, checktol = 0
Positioning pial surface
Entering MRISpositionSurface()
  max_mm = 0.3
  MAX_REDUCTIONS = 2, REDUCTION_PCT = 0.5
  parms->check_tol = 0, niterations = 100
tol=1.0e-04, sigma=0.5, host=dna04, nav=1, nbrs=2, l_repulse=5.000, l_tspring=0.300, l_nspring=0.300, l_intensity=0.200, l_curv=1.000
mom=0.00, dt=0.50
000: dt: 0.0000, sse=510759.6, rms=3.358
017: dt: 0.5000, sse=396527.0, rms=2.594 (22.749%)
rms = 2.8537/2.5940, sse=430426.2/396527.0, time step reduction 1 of 3 to 0.250  0 1 1
   RMS increased, rejecting step
018: dt: 0.2500, sse=288087.2, rms=1.653 (36.277%)
019: dt: 0.2500, sse=252035.0, rms=1.154 (30.199%)
020: dt: 0.2500, sse=244834.1, rms=1.012 (12.309%)
rms = 0.9840/1.0118, sse=239301.1/244834.1, time step reduction 2 of 3 to 0.125  0 0 1
021: dt: 0.2500, sse=239301.1, rms=0.984 (2.743%)
rms = 0.9387/0.9840, sse=237188.0/239301.1, time step reduction 3 of 3 to 0.062  0 0 1
022: dt: 0.1250, sse=237188.0, rms=0.939 (4.609%)
  maximum number of reductions reached, breaking from loop
positioning took 0.6 minutes
Iteration 3 =========================================
n_averages=0, current_sigma=0.25
Computing target border values 
Entering MRIScomputeBorderValues_new(): 
  inside_hi   = 120.0000000;
  border_hi   = 111.5093690;
  border_low  =  66.0000000;
  outside_low =  55.7813610;
  outside_hi  = 111.5093690;
  sigma = 0.25;
  max_thickness = 10;
  step_size=0.5;
  STEP_SIZE=0.1;
  which = 1
  thresh = 0
  flags = 0
  CBVfindFirstPeakD1=0
  CBVfindFirstPeakD2=0
  nvertices=140455
  Gdiag_no=-1
  vno start=0, stop=140455
Replacing 255s with 0s
#SI# sigma=0.25 had to be increased for 105 vertices, nripped=8970
mean border=84.5, 201 (78) missing vertices, mean dist -0.0 [0.2 (%58.9)->0.2 (%41.1))]
%86 local maxima, % 8 large gradients and % 0 min vals, 0 gradients ignored
nFirstPeakD1 0
MRIScomputeBorderValues_new() finished in 0.0038 min


Finding expansion regions
mean absolute distance = 0.20 +- 0.33
2349 vertices more than 2 sigmas from mean.
Averaging target values for 5 iterations...
Positioning Surface: tspring = 0.3, nspring = 0.3, spring = 0, niters = 100 l_repulse = 5, l_surf_repulse = 0, checktol = 0
Positioning pial surface
Entering MRISpositionSurface()
  max_mm = 0.3
  MAX_REDUCTIONS = 2, REDUCTION_PCT = 0.5
  parms->check_tol = 0, niterations = 100
tol=1.0e-04, sigma=0.2, host=dna04, nav=0, nbrs=2, l_repulse=5.000, l_tspring=0.300, l_nspring=0.300, l_intensity=0.200, l_curv=1.000
mom=0.00, dt=0.50
000: dt: 0.0000, sse=274231.8, rms=1.556
rms = 1.7581/1.5557, sse=298491.5/274231.9, time step reduction 1 of 3 to 0.250  0 1 1
   RMS increased, rejecting step
023: dt: 0.2500, sse=240162.4, rms=1.052 (32.348%)
024: dt: 0.2500, sse=229159.0, rms=0.786 (25.334%)
rms = 0.7960/0.7858, sse=234964.3/229159.0, time step reduction 2 of 3 to 0.125  0 1 1
   RMS increased, rejecting step
rms = 0.7741/0.7858, sse=228699.0/229159.0, time step reduction 3 of 3 to 0.062  0 0 1
025: dt: 0.1250, sse=228699.0, rms=0.774 (1.492%)
  maximum number of reductions reached, breaking from loop
positioning took 0.4 minutes


Writing output to ../surf/lh.white
#ET# mris_place_surface  2.56 minutes
#VMPC# mris_place_surfaces VmPeak  3092148
mris_place_surface done
#--------------------------------------------
#@# T1PialSurf lh Wed Mar 11 12:53:21 CET 2026
cd /out/sourcedata/freesurfer/sub-v2s16x51246_ses-1/mri
mris_place_surface --adgws-in ../surf/autodet.gw.stats.lh.dat --seg aseg.presurf.mgz --threads 16 --wm wm.mgz --invol brain.finalsurfs.mgz --lh --i ../surf/lh.white --o ../surf/lh.pial.T1 --pial --nsmooth 0 --rip-label ../label/lh.cortex+hipamyg.label --pin-medial-wall ../label/lh.cortex.label --aparc ../label/lh.aparc.annot --repulse-surf ../surf/lh.white --white-surf ../surf/lh.white
7.3.2
7.3.2

cd /out/sourcedata/freesurfer/sub-v2s16x51246_ses-1/mri
setenv SUBJECTS_DIR /out/sourcedata/freesurfer
mris_place_surface --adgws-in ../surf/autodet.gw.stats.lh.dat --seg aseg.presurf.mgz --threads 16 --wm wm.mgz --invol brain.finalsurfs.mgz --lh --i ../surf/lh.white --o ../surf/lh.pial.T1 --pial --nsmooth 0 --rip-label ../label/lh.cortex+hipamyg.label --pin-medial-wall ../label/lh.cortex.label --aparc ../label/lh.aparc.annot --repulse-surf ../surf/lh.white --white-surf ../surf/lh.white 

Reading in input surface ../surf/lh.white
Not smoothing input surface
Area    280906  0.34828  0.13932 0.001730   2.3726
Corner  842718 60.00000 15.34399 0.332090 178.7819
Edge    421359  0.90935  0.22639 0.018528   4.1837
Hinge   421359  9.61232 11.33030 0.000007 179.7672
Reading white surface coordinates from ../surf/lh.white
Reading repulsion surface coordinates from ../surf/lh.white
Reading in aparc ../label/lh.aparc.annot
Reading in input volume brain.finalsurfs.mgz
Reading in wm volume wm.mgz
MRIclipBrightWM(): nthresh=16923, wmmin=5, clip=110 
MRIfindBrightNonWM(): 9 bright non-wm voxels segmented.
Masking bright non-wm for pial surface mid_gray = 64.9174
MRImask(): AllowDiffGeom = 1
MRImask(): AllowDiffGeom = 1
MRImask(): AllowDiffGeom = 1
Reading in seg volume aseg.presurf.mgz
Ripping frozen voxels
Ripping vertices not in label ../label/lh.cortex+hipamyg.label
MRISripNotLabel() ripped 6152/140455 vertices (134303 unripped)
INFO: rip surface needed but not specified, so using input surface
Ripping segs (eg, WMSA, BG, frozen)
Starting MRISripSegs() d = (-2 2 0.5) segnos: 247 
MRISripSegs(): -2 2 0.5 ripped 0
vertex 70228: xyz = (-38.2572,2.11932,28.6243) oxyz = (-38.2572,2.11932,28.6243) wxzy = (-38.2572,2.11932,28.6243) pxyz = (-38.2572,2.11932,28.6243) 
CBVO Creating mask 140455
n_averages 16
Iteration 0 =========================================
n_averages=16, current_sigma=2
Computing target border values 
Entering MRIScomputeBorderValues_new(): 
  inside_hi   =  94.4906310;
  border_hi   =  55.7813610;
  border_low  =  35.3440780;
  outside_low =  10.0000000;
  outside_hi  =  50.6720430;
  sigma = 2;
  max_thickness = 10;
  step_size=0.5;
  STEP_SIZE=0.1;
  which = 2
  thresh = 0
  flags = 0
  CBVfindFirstPeakD1=0
  CBVfindFirstPeakD2=0
  nvertices=140455
  Gdiag_no=-1
  vno start=0, stop=140455
Replacing 255s with 0s
#SI# sigma=2 had to be increased for 342 vertices, nripped=6152
mean border=54.3, 380 (380) missing vertices, mean dist 1.7 [2.5 (%0.0)->2.6 (%100.0))]
%10 local maxima, %53 large gradients and %32 min vals, 0 gradients ignored
nFirstPeakD1 0
MRIScomputeBorderValues_new() finished in 0.0122 min


Averaging target values for 5 iterations...
Positioning Surface: tspring = 0.3, nspring = 0.3, spring = 0, niters = 100 l_repulse = 0, l_surf_repulse = 5, checktol = 0
Positioning pial surface
Entering MRISpositionSurface()
  max_mm = 0.3
  MAX_REDUCTIONS = 2, REDUCTION_PCT = 0.5
  parms->check_tol = 0, niterations = 100
tol=1.0e-04, sigma=2.0, host=dna04, nav=16, nbrs=2, l_surf_repulse=5.000, l_tspring=0.300, l_nspring=0.300, l_intensity=0.200, l_curv=1.000
mom=0.00, dt=0.50
complete_dist_mat 0
rms 0
smooth_averages 0
remove_neg 0
ico_order 0
which_surface 0
target_radius 0.000000
nfields 0
scale 0.000000
desired_rms_height 0.000000
momentum 0.000000
nbhd_size 0
max_nbrs 0
niterations 100
nsurfaces 0
SURFACES 3
flags 0 (0)
use curv 0
no sulc 0
no rigid align 0
mris->nsize 2
mris->hemisphere 0
randomSeed 0

000: dt: 0.0000, sse=25445734.0, rms=30.695
001: dt: 0.5000, sse=17153578.0, rms=25.151 (18.062%)
002: dt: 0.5000, sse=11301163.0, rms=20.347 (19.100%)
003: dt: 0.5000, sse=7544870.5, rms=16.543 (18.697%)
004: dt: 0.5000, sse=5243649.0, rms=13.698 (17.196%)
005: dt: 0.5000, sse=3825580.0, rms=11.601 (15.311%)
006: dt: 0.5000, sse=2869246.2, rms=9.938 (14.337%)
007: dt: 0.5000, sse=2206393.5, rms=8.596 (13.503%)
008: dt: 0.5000, sse=1731833.4, rms=7.486 (12.908%)
009: dt: 0.5000, sse=1415842.4, rms=6.643 (11.263%)
010: dt: 0.5000, sse=1190105.8, rms=5.966 (10.195%)
011: dt: 0.5000, sse=1046316.8, rms=5.489 (7.992%)
012: dt: 0.5000, sse=939709.9, rms=5.105 (6.991%)
013: dt: 0.5000, sse=872803.4, rms=4.848 (5.044%)
014: dt: 0.5000, sse=811774.0, rms=4.600 (5.109%)
015: dt: 0.5000, sse=778566.7, rms=4.458 (3.091%)
016: dt: 0.5000, sse=742234.0, rms=4.298 (3.592%)
017: dt: 0.5000, sse=724487.0, rms=4.216 (1.915%)
018: dt: 0.5000, sse=700157.0, rms=4.102 (2.687%)
rms = 4.0602/4.1022, sse=691770.4/700157.0, time step reduction 1 of 3 to 0.250  0 0 1
019: dt: 0.5000, sse=691770.4, rms=4.060 (1.025%)
020: dt: 0.2500, sse=578549.7, rms=3.481 (14.271%)
021: dt: 0.2500, sse=550203.4, rms=3.322 (4.563%)
rms = 3.2898/3.3219, sse=544886.5/550203.4, time step reduction 2 of 3 to 0.125  0 0 1
022: dt: 0.2500, sse=544886.4, rms=3.290 (0.966%)
023: dt: 0.1250, sse=526966.8, rms=3.183 (3.239%)
rms = 3.1461/3.1832, sse=520875.3/526966.8, time step reduction 3 of 3 to 0.062  0 0 1
024: dt: 0.1250, sse=520875.3, rms=3.146 (1.166%)
  maximum number of reductions reached, breaking from loop
positioning took 1.8 minutes
Iteration 1 =========================================
n_averages=8, current_sigma=1
Computing target border values 
Entering MRIScomputeBorderValues_new(): 
  inside_hi   =  94.4906310;
  border_hi   =  55.7813610;
  border_low  =  35.3440780;
  outside_low =  10.0000000;
  outside_hi  =  50.6720430;
  sigma = 1;
  max_thickness = 10;
  step_size=0.5;
  STEP_SIZE=0.1;
  which = 2
  thresh = 0
  flags = 0
  CBVfindFirstPeakD1=0
  CBVfindFirstPeakD2=0
  nvertices=140455
  Gdiag_no=-1
  vno start=0, stop=140455
Replacing 255s with 0s
#SI# sigma=1 had to be increased for 9010 vertices, nripped=6152
mean border=52.9, 1384 (102) missing vertices, mean dist 0.2 [0.1 (%51.3)->0.6 (%48.7))]
%24 local maxima, %42 large gradients and %29 min vals, 0 gradients ignored
nFirstPeakD1 0
MRIScomputeBorderValues_new() finished in 0.0055 min


Averaging target values for 5 iterations...
Positioning Surface: tspring = 0.3, nspring = 0.3, spring = 0, niters = 100 l_repulse = 0, l_surf_repulse = 5, checktol = 0
Positioning pial surface
Entering MRISpositionSurface()
  max_mm = 0.3
  MAX_REDUCTIONS = 2, REDUCTION_PCT = 0.5
  parms->check_tol = 0, niterations = 100
tol=1.0e-04, sigma=1.0, host=dna04, nav=8, nbrs=2, l_surf_repulse=5.000, l_tspring=0.300, l_nspring=0.300, l_intensity=0.200, l_curv=1.000
mom=0.00, dt=0.50
000: dt: 0.0000, sse=749661.4, rms=4.046
025: dt: 0.5000, sse=721350.1, rms=3.909 (3.377%)
026: dt: 0.5000, sse=691467.2, rms=3.777 (3.383%)
rms = 3.9872/3.7767, sse=735553.1/691467.2, time step reduction 1 of 3 to 0.250  0 1 1
   RMS increased, rejecting step
027: dt: 0.2500, sse=612465.6, rms=3.354 (11.205%)
028: dt: 0.2500, sse=599186.9, rms=3.272 (2.419%)
rms = 3.3040/3.2724, sse=604944.2/599186.9, time step reduction 2 of 3 to 0.125  0 1 1
   RMS increased, rejecting step
029: dt: 0.1250, sse=590492.9, rms=3.221 (1.557%)
030: dt: 0.1250, sse=580535.6, rms=3.161 (1.873%)
rms = 3.1414/3.1611, sse=577338.9/580535.6, time step reduction 3 of 3 to 0.062  0 0 1
031: dt: 0.1250, sse=577338.9, rms=3.141 (0.622%)
  maximum number of reductions reached, breaking from loop
positioning took 0.6 minutes
Iteration 2 =========================================
n_averages=4, current_sigma=0.5
Computing target border values 
Entering MRIScomputeBorderValues_new(): 
  inside_hi   =  94.4906310;
  border_hi   =  55.7813610;
  border_low  =  35.3440780;
  outside_low =  10.0000000;
  outside_hi  =  50.6720430;
  sigma = 0.5;
  max_thickness = 10;
  step_size=0.5;
  STEP_SIZE=0.1;
  which = 2
  thresh = 0
  flags = 0
  CBVfindFirstPeakD1=0
  CBVfindFirstPeakD2=0
  nvertices=140455
  Gdiag_no=-1
  vno start=0, stop=140455
Replacing 255s with 0s
#SI# sigma=0.5 had to be increased for 10406 vertices, nripped=6152
mean border=51.7, 1750 (73) missing vertices, mean dist 0.1 [0.2 (%43.5)->0.5 (%56.5))]
%39 local maxima, %27 large gradients and %29 min vals, 0 gradients ignored
nFirstPeakD1 0
MRIScomputeBorderValues_new() finished in 0.0038 min


Averaging target values for 5 iterations...
Positioning Surface: tspring = 0.3, nspring = 0.3, spring = 0, niters = 100 l_repulse = 0, l_surf_repulse = 5, checktol = 0
Positioning pial surface
Entering MRISpositionSurface()
  max_mm = 0.3
  MAX_REDUCTIONS = 2, REDUCTION_PCT = 0.5
  parms->check_tol = 0, niterations = 100
tol=1.0e-04, sigma=0.5, host=dna04, nav=4, nbrs=2, l_surf_repulse=5.000, l_tspring=0.300, l_nspring=0.300, l_intensity=0.200, l_curv=1.000
mom=0.00, dt=0.50
000: dt: 0.0000, sse=709057.6, rms=3.814
rms = 3.9267/3.8140, sse=732945.8/709057.5, time step reduction 1 of 3 to 0.250  0 1 1
   RMS increased, rejecting step
032: dt: 0.2500, sse=648232.1, rms=3.501 (8.200%)
033: dt: 0.2500, sse=618453.1, rms=3.336 (4.706%)
rms = 3.3800/3.3365, sse=626060.2/618453.1, time step reduction 2 of 3 to 0.125  0 1 1
   RMS increased, rejecting step
rms = 3.2890/3.3365, sse=610137.5/618453.1, time step reduction 3 of 3 to 0.062  0 0 1
034: dt: 0.1250, sse=610137.5, rms=3.289 (1.422%)
  maximum number of reductions reached, breaking from loop
positioning took 0.3 minutes
Iteration 3 =========================================
n_averages=2, current_sigma=0.25
Computing target border values 
Entering MRIScomputeBorderValues_new(): 
  inside_hi   =  94.4906310;
  border_hi   =  55.7813610;
  border_low  =  35.3440780;
  outside_low =  10.0000000;
  outside_hi  =  50.6720430;
  sigma = 0.25;
  max_thickness = 10;
  step_size=0.5;
  STEP_SIZE=0.1;
  which = 2
  thresh = 0
  flags = 0
  CBVfindFirstPeakD1=0
  CBVfindFirstPeakD2=0
  nvertices=140455
  Gdiag_no=-1
  vno start=0, stop=140455
Replacing 255s with 0s
#SI# sigma=0.25 had to be increased for 8702 vertices, nripped=6152
mean border=50.9, 4163 (64) missing vertices, mean dist 0.1 [0.2 (%45.4)->0.4 (%54.6))]
%46 local maxima, %20 large gradients and %27 min vals, 0 gradients ignored
nFirstPeakD1 0
MRIScomputeBorderValues_new() finished in 0.0023 min


Averaging target values for 5 iterations...
Positioning Surface: tspring = 0.3, nspring = 0.3, spring = 0, niters = 100 l_repulse = 0, l_surf_repulse = 5, checktol = 0
Positioning pial surface
Entering MRISpositionSurface()
  max_mm = 0.3
  MAX_REDUCTIONS = 2, REDUCTION_PCT = 0.5
  parms->check_tol = 0, niterations = 100
tol=1.0e-04, sigma=0.2, host=dna04, nav=2, nbrs=2, l_surf_repulse=5.000, l_tspring=0.300, l_nspring=0.300, l_intensity=0.200, l_curv=1.000
mom=0.00, dt=0.50
000: dt: 0.0000, sse=652217.9, rms=3.518
rms = 3.7599/3.5182, sse=698151.2/652217.9, time step reduction 1 of 3 to 0.250  0 1 1
   RMS increased, rejecting step
035: dt: 0.2500, sse=611806.4, rms=3.295 (6.337%)
036: dt: 0.2500, sse=590533.2, rms=3.175 (3.651%)
rms = 3.2039/3.1749, sse=594970.8/590533.2, time step reduction 2 of 3 to 0.125  0 1 1
   RMS increased, rejecting step
037: dt: 0.1250, sse=581155.1, rms=3.119 (1.768%)
038: dt: 0.1250, sse=567050.4, rms=3.033 (2.747%)
039: dt: 0.1250, sse=557208.6, rms=2.973 (1.971%)
rms = 2.9417/2.9734, sse=551949.2/557208.6, time step reduction 3 of 3 to 0.062  0 0 1
040: dt: 0.1250, sse=551949.2, rms=2.942 (1.064%)
  maximum number of reductions reached, breaking from loop
positioning took 0.5 minutes
Pinning medial wall to white surface
removing intersecting faces
000: 13 intersecting
terminating search with 0 intersecting


Writing output to ../surf/lh.pial.T1
#ET# mris_place_surface  3.38 minutes
#VMPC# mris_place_surfaces VmPeak  2461984
mris_place_surface done
#@# white curv lh Wed Mar 11 12:56:50 CET 2026
cd /out/sourcedata/freesurfer/sub-v2s16x51246_ses-1/mri
mris_place_surface --curv-map ../surf/lh.white 2 10 ../surf/lh.curv
insurf  ../surf/lh.white, nbrs 2, curvature_avgs 10
writing curvature file ../surf/lh.curv
#@# white area lh Wed Mar 11 12:56:51 CET 2026
cd /out/sourcedata/freesurfer/sub-v2s16x51246_ses-1/mri
mris_place_surface --area-map ../surf/lh.white ../surf/lh.area
writing curvature file ../surf/lh.area
#@# pial curv lh Wed Mar 11 12:56:52 CET 2026
cd /out/sourcedata/freesurfer/sub-v2s16x51246_ses-1/mri
mris_place_surface --curv-map ../surf/lh.pial 2 10 ../surf/lh.curv.pial
insurf  ../surf/lh.pial, nbrs 2, curvature_avgs 10
writing curvature file ../surf/lh.curv.pial
#@# pial area lh Wed Mar 11 12:56:54 CET 2026
cd /out/sourcedata/freesurfer/sub-v2s16x51246_ses-1/mri
mris_place_surface --area-map ../surf/lh.pial ../surf/lh.area.pial
writing curvature file ../surf/lh.area.pial
#@# thickness lh Wed Mar 11 12:56:54 CET 2026
cd /out/sourcedata/freesurfer/sub-v2s16x51246_ses-1/mri
mris_place_surface --thickness ../surf/lh.white ../surf/lh.pial 20 5 ../surf/lh.thickness
0 of 140455 vertices processed
25000 of 140455 vertices processed
50000 of 140455 vertices processed
75000 of 140455 vertices processed
100000 of 140455 vertices processed
125000 of 140455 vertices processed
0 of 140455 vertices processed
25000 of 140455 vertices processed
50000 of 140455 vertices processed
75000 of 140455 vertices processed
100000 of 140455 vertices processed
125000 of 140455 vertices processed
thickness calculation complete, 185:1593 truncations.
69481 vertices at 0 distance
118251 vertices at 1 distance
59444 vertices at 2 distance
20762 vertices at 3 distance
7567 vertices at 4 distance
3009 vertices at 5 distance
1238 vertices at 6 distance
531 vertices at 7 distance
253 vertices at 8 distance
104 vertices at 9 distance
61 vertices at 10 distance
51 vertices at 11 distance
39 vertices at 12 distance
21 vertices at 13 distance
24 vertices at 14 distance
16 vertices at 15 distance
9 vertices at 16 distance
5 vertices at 17 distance
11 vertices at 18 distance
17 vertices at 19 distance
16 vertices at 20 distance
writing curvature file ../surf/lh.thickness
#@# area and vertex vol lh Wed Mar 11 12:57:24 CET 2026
cd /out/sourcedata/freesurfer/sub-v2s16x51246_ses-1/mri
mris_place_surface --thickness ../surf/lh.white ../surf/lh.pial 20 5 ../surf/lh.thickness
/out/sourcedata/freesurfer/sub-v2s16x51246_ses-1/surf
mris_calc -o lh.area.mid lh.area add lh.area.pial
Saving result to 'lh.area.mid' (type = MRI_CURV_FILE)                       [ ok ]
mris_calc -o lh.area.mid lh.area.mid div 2
Saving result to 'lh.area.mid' (type = MRI_CURV_FILE)                       [ ok ]
mris_convert --volume sub-v2s16x51246_ses-1 lh /out/sourcedata/freesurfer/sub-v2s16x51246_ses-1/surf/lh.volume
masking with /out/sourcedata/freesurfer/sub-v2s16x51246_ses-1/label/lh.cortex.label
Total face volume 260695
Total vertex volume 260440 (mask=0)
#@# sub-v2s16x51246_ses-1 lh 260440
 
vertexvol Done

#-----------------------------------------
#@# Curvature Stats lh Wed Mar 11 12:57:25 CET 2026
/out/sourcedata/freesurfer/sub-v2s16x51246_ses-1/surf

 mris_curvature_stats -m --writeCurvatureFiles -G -o ../stats/lh.curv.stats -F smoothwm sub-v2s16x51246_ses-1 lh curv sulc 

             Toggling save flag on curvature files                       [ ok ]
                 Outputting results using filestem   [ ../stats/lh.curv.stats ]
             Toggling save flag on curvature files                       [ ok ]
                                   Setting surface [ sub-v2s16x51246_ses-1/lh.smoothwm ]
                                Reading surface...                       [ ok ]
                                   Setting texture                     [ curv ]
                                Reading texture...                       [ ok ]
                                   Setting texture                     [ sulc ]
                                Reading texture...Gb_filter = 0
                       [ ok ]
      Calculating Discrete Principal Curvatures...
      Determining geometric order for vno faces... [####################] [ ok ]
                      Determining KH curvatures... [####################] [ ok ]
                    Determining k1k2 curvatures... [####################] [ ok ]
                                   deltaViolations                      [ 276 ]
Gb_filter = 0

WARN:    S lookup   min:                          -0.073070
WARN:    S explicit min:                          0.000000	vertex = 146
#-----------------------------------------
#@# Cortical Parc 2 lh Wed Mar 11 12:57:28 CET 2026
/out/sourcedata/freesurfer/sub-v2s16x51246_ses-1/scripts

 mris_ca_label -l ../label/lh.cortex.label -aseg ../mri/aseg.presurf.mgz -seed 1234 sub-v2s16x51246_ses-1 lh ../surf/lh.sphere.reg /opt/freesurfer/average/lh.CDaparc.atlas.acfb40.noaparc.i12.2016-08-02.gcs ../label/lh.aparc.a2009s.annot 

setting seed for random number generator to 1234
using ../mri/aseg.presurf.mgz aseg volume to correct midline
7.3.2
  7.3.2
reading atlas from /opt/freesurfer/average/lh.CDaparc.atlas.acfb40.noaparc.i12.2016-08-02.gcs...
reading color table from GCSA file....
average std = 3.0   using min determinant for regularization = 0.088
0 singular and 0 ill-conditioned covariance matrices regularized
input 0: MEAN CURVATURE, flags 0, avgs 5, name mean_curvature
labeling surface...
10 labels changed using aseg
relabeling using gibbs priors...
000:   9545 changed, 140455 examined...
001:   2193 changed, 36780 examined...
002:    604 changed, 11798 examined...
003:    284 changed, 3554 examined...
004:    125 changed, 1607 examined...
005:     68 changed, 725 examined...
006:     41 changed, 398 examined...
007:     22 changed, 217 examined...
008:     17 changed, 127 examined...
009:      8 changed, 75 examined...
010:      3 changed, 43 examined...
011:      2 changed, 19 examined...
012:      2 changed, 10 examined...
013:      2 changed, 10 examined...
014:      0 changed, 11 examined...
12 labels changed using aseg
000: 229 total segments, 141 labels (1510 vertices) changed
001: 93 total segments, 8 labels (111 vertices) changed
002: 85 total segments, 0 labels (0 vertices) changed
10 filter iterations complete (10 requested, 40 changed)
rationalizing unknown annotations with cortex label
relabeling Medial_wall label...
1118 vertices marked for relabeling...
1118 labels changed in reclassification.
writing output to ../label/lh.aparc.a2009s.annot...
classification took 0 minutes and 13 seconds.
#-----------------------------------------
#@# Cortical Parc 3 lh Wed Mar 11 12:57:41 CET 2026
/out/sourcedata/freesurfer/sub-v2s16x51246_ses-1/scripts

 mris_ca_label -l ../label/lh.cortex.label -aseg ../mri/aseg.presurf.mgz -seed 1234 sub-v2s16x51246_ses-1 lh ../surf/lh.sphere.reg /opt/freesurfer/average/lh.DKTaparc.atlas.acfb40.noaparc.i12.2016-08-02.gcs ../label/lh.aparc.DKTatlas.annot 

setting seed for random number generator to 1234
using ../mri/aseg.presurf.mgz aseg volume to correct midline
7.3.2
  7.3.2
reading atlas from /opt/freesurfer/average/lh.DKTaparc.atlas.acfb40.noaparc.i12.2016-08-02.gcs...
reading color table from GCSA file....
average std = 1.4   using min determinant for regularization = 0.020
0 singular and 383 ill-conditioned covariance matrices regularized
input 0: MEAN CURVATURE, flags 0, avgs 5, name mean_curvature
labeling surface...
1398 labels changed using aseg
relabeling using gibbs priors...
000:   2067 changed, 140455 examined...
001:    460 changed, 9534 examined...
002:    148 changed, 2703 examined...
003:     65 changed, 854 examined...
004:     32 changed, 375 examined...
005:     19 changed, 202 examined...
006:     13 changed, 117 examined...
007:     11 changed, 74 examined...
008:      8 changed, 51 examined...
009:      7 changed, 46 examined...
010:      3 changed, 36 examined...
011:      0 changed, 20 examined...
257 labels changed using aseg
000: 51 total segments, 18 labels (127 vertices) changed
001: 34 total segments, 1 labels (1 vertices) changed
002: 33 total segments, 0 labels (0 vertices) changed
9 filter iterations complete (10 requested, 0 changed)
rationalizing unknown annotations with cortex label
relabeling unknown label...
relabeling corpuscallosum label...
869 vertices marked for relabeling...
869 labels changed in reclassification.
writing output to ../label/lh.aparc.DKTatlas.annot...
classification took 0 minutes and 10 seconds.
#-----------------------------------------
#@# WM/GM Contrast lh Wed Mar 11 12:57:51 CET 2026
/out/sourcedata/freesurfer/sub-v2s16x51246_ses-1/scripts

 pctsurfcon --s sub-v2s16x51246_ses-1 --lh-only 

Log file is /out/sourcedata/freesurfer/sub-v2s16x51246_ses-1/scripts/pctsurfcon.log
Wed Mar 11 12:57:51 CET 2026
setenv SUBJECTS_DIR /out/sourcedata/freesurfer
cd /out/sourcedata/freesurfer/sub-v2s16x51246_ses-1/scripts
/opt/freesurfer/bin/pctsurfcon
pctsurfcon 7.3.2
Linux dna043 5.14.0-427.37.1.el9_4.x86_64 #1 SMP PREEMPT_DYNAMIC Fri Sep 13 12:41:50 EDT 2024 x86_64 x86_64 x86_64 GNU/Linux
FREESURFER_HOME /opt/freesurfer
mri_vol2surf --mov /out/sourcedata/freesurfer/sub-v2s16x51246_ses-1/mri/rawavg.mgz --hemi lh --noreshape --interp trilinear --projdist -1 --o /out/sourcedata/freesurfer/sub-v2s16x51246_ses-1/surf/tmp.pctsurfcon.784435/lh.wm.mgh --regheader sub-v2s16x51246_ses-1 --cortex
srcvol = /out/sourcedata/freesurfer/sub-v2s16x51246_ses-1/mri/rawavg.mgz
srcreg unspecified
srcregold = 0
srcwarp unspecified
surf = white
hemi = lh
ProjDist = -1
reshape = 0
interp = trilinear
float2int = round
GetProjMax = 0
INFO: float2int code = 0
Done loading volume
Computing registration from header.
  Using /out/sourcedata/freesurfer/sub-v2s16x51246_ses-1/mri/orig.mgz as target reference.
-------- original matrix -----------
-0.99780   0.00000   0.06627   0.00003;
 0.06627   0.00000   0.99780  -0.00002;
 0.00000  -1.00000   0.00000   0.00002;
 0.00000   0.00000   0.00000   1.00000;
-------- original matrix -----------
Loading label /out/sourcedata/freesurfer/sub-v2s16x51246_ses-1/label/lh.cortex.label
Reading surface /out/sourcedata/freesurfer/sub-v2s16x51246_ses-1/surf/lh.white
Done reading source surface
Mapping Source Volume onto Source Subject Surface
Projecting -1 -1 1
 1 -1 -1 -1
using old
Done mapping volume to surface
Number of source voxels hit = 76982
Masking with /out/sourcedata/freesurfer/sub-v2s16x51246_ses-1/label/lh.cortex.label
Writing to /out/sourcedata/freesurfer/sub-v2s16x51246_ses-1/surf/tmp.pctsurfcon.784435/lh.wm.mgh
Dim: 140455 1 1
mri_vol2surf --mov /out/sourcedata/freesurfer/sub-v2s16x51246_ses-1/mri/rawavg.mgz --hemi lh --noreshape --interp trilinear --o /out/sourcedata/freesurfer/sub-v2s16x51246_ses-1/surf/tmp.pctsurfcon.784435/lh.gm.mgh --projfrac 0.3 --regheader sub-v2s16x51246_ses-1 --cortex
srcvol = /out/sourcedata/freesurfer/sub-v2s16x51246_ses-1/mri/rawavg.mgz
srcreg unspecified
srcregold = 0
srcwarp unspecified
surf = white
hemi = lh
ProjFrac = 0.3
thickness = thickness
reshape = 0
interp = trilinear
float2int = round
GetProjMax = 0
INFO: float2int code = 0
Done loading volume
Computing registration from header.
  Using /out/sourcedata/freesurfer/sub-v2s16x51246_ses-1/mri/orig.mgz as target reference.
-------- original matrix -----------
-0.99780   0.00000   0.06627   0.00003;
 0.06627   0.00000   0.99780  -0.00002;
 0.00000  -1.00000   0.00000   0.00002;
 0.00000   0.00000   0.00000   1.00000;
-------- original matrix -----------
Loading label /out/sourcedata/freesurfer/sub-v2s16x51246_ses-1/label/lh.cortex.label
Reading surface /out/sourcedata/freesurfer/sub-v2s16x51246_ses-1/surf/lh.white
Done reading source surface
Reading thickness /out/sourcedata/freesurfer/sub-v2s16x51246_ses-1/surf/lh.thickness
Done
Mapping Source Volume onto Source Subject Surface
Projecting 0.3 0.3 1
 1 0.3 0.3 0.3
using old
Done mapping volume to surface
Number of source voxels hit = 89424
Masking with /out/sourcedata/freesurfer/sub-v2s16x51246_ses-1/label/lh.cortex.label
Writing to /out/sourcedata/freesurfer/sub-v2s16x51246_ses-1/surf/tmp.pctsurfcon.784435/lh.gm.mgh
Dim: 140455 1 1
mri_concat /out/sourcedata/freesurfer/sub-v2s16x51246_ses-1/surf/tmp.pctsurfcon.784435/lh.wm.mgh /out/sourcedata/freesurfer/sub-v2s16x51246_ses-1/surf/tmp.pctsurfcon.784435/lh.gm.mgh --paired-diff-norm --mul 100 --o /out/sourcedata/freesurfer/sub-v2s16x51246_ses-1/surf/lh.w-g.pct.mgh
ninputs = 2
Checking inputs
nframestot = 2
Allocing output
Done allocing
Combining pairs
nframes = 1
Multiplying by 100.000000
Writing to /out/sourcedata/freesurfer/sub-v2s16x51246_ses-1/surf/lh.w-g.pct.mgh
mri_segstats --in /out/sourcedata/freesurfer/sub-v2s16x51246_ses-1/surf/lh.w-g.pct.mgh --annot sub-v2s16x51246_ses-1 lh aparc --sum /out/sourcedata/freesurfer/sub-v2s16x51246_ses-1/stats/lh.w-g.pct.stats --snr

7.3.2
cwd 
cmdline mri_segstats --in /out/sourcedata/freesurfer/sub-v2s16x51246_ses-1/surf/lh.w-g.pct.mgh --annot sub-v2s16x51246_ses-1 lh aparc --sum /out/sourcedata/freesurfer/sub-v2s16x51246_ses-1/stats/lh.w-g.pct.stats --snr 
sysname  Linux
hostname dna043
machine  x86_64
user     oesteban
whitesurfname  white
UseRobust  0
Constructing seg from annotation

Reading annotation /out/sourcedata/freesurfer/sub-v2s16x51246_ses-1/label/lh.aparc.annot
Seg base 1000
Loading /out/sourcedata/freesurfer/sub-v2s16x51246_ses-1/surf/lh.w-g.pct.mgh
Vertex Area is 0.696559 mm^3
Generating list of segmentation ids
Found  36 segmentations
Computing statistics for each segmentation

Reporting on  35 segmentations
Using PrintSegStat
mri_segstats done
Cleaning up

Started at Wed Mar 11 12:36:50 CET 2026 
Ended   at Wed Mar 11 12:57:54 CET 2026
#@#%# recon-all-run-time-hours 0.351
recon-all -s sub-v2s16x51246_ses-1 finished without error at Wed Mar 11 12:57:54 CET 2026



#New# invocation of recon-all 




Wed Mar 11 13:26:39 CET 2026
cd /out/sourcedata/freesurfer/sub-v2s16x51246_ses-1
setenv SUBJECTS_DIR /out/sourcedata/freesurfer
/opt/freesurfer/bin/recon-all -autorecon-hemi lh -nohyporelabel -lh-only -openmp 16 -subjid sub-v2s16x51246_ses-1 -sd /out/sourcedata/freesurfer -notessellate -nosmooth1 -noinflate1 -noqsphere -nofix -nowhite -nosmooth2 -noinflate2 -nocurvHK -nocurvstats -nosphere -nosurfreg -nojacobian_white -noavgcurv -nocortparc -nopial -nocortparc2 -nocortparc3 -nopctsurfcon

subjid sub-v2s16x51246_ses-1
setenv SUBJECTS_DIR /out/sourcedata/freesurfer
FREESURFER_HOME /opt/freesurfer
Actual FREESURFER_HOME /opt/freesurfer
build-stamp.txt: freesurfer-linux-ubuntu22_x86_64-7.3.2-20220804-6354275
Linux dna043 5.14.0-427.37.1.el9_4.x86_64 #1 SMP PREEMPT_DYNAMIC Fri Sep 13 12:41:50 EDT 2024 x86_64 x86_64 x86_64 GNU/Linux
cputime      unlimited
filesize     unlimited
datasize     unlimited
stacksize    8192 kbytes
coredumpsize 0 kbytes
memoryuse    67108864 kbytes
vmemoryuse   unlimited
descriptors  1024 
memorylocked unlimited
maxproc      2061970 
maxlocks     unlimited
maxsignal    4126352 
maxmessage   819200 
maxnice      0 
maxrtprio    0 
maxrttime    unlimited

               total        used        free      shared  buff/cache   available
Mem:           1.0Ti        56Gi       910Gi        12Gi        40Gi       932Gi
Swap:             0B          0B          0B

########################################
program versions used
7.3.2 (freesurfer-linux-ubuntu22_x86_64-7.3.2-20220804-6354275)
7.3.2

ProgramName: lta_convert  ProgramArguments: lta_convert -all-info  ProgramVersion: 7.3.2  TimeStamp: 2026/03/11-12:26:39-GMT  BuildTime: Aug  4 2022 06:17:15  BuildStamp: freesurfer-linux-ubuntu22_x86_64-7.3.2-20220804-6354275  User: oesteban  Machine: dna043  Platform: Linux  PlatformVersion: 5.14.0-427.37.1.el9_4.x86_64  CompilerName: GCC  CompilerVersion: 8.4.0
ProgramName: mri_and  ProgramArguments: mri_and -all-info  ProgramVersion: 7.3.2  TimeStamp: 2026/03/11-12:26:39-GMT  BuildTime: Aug  4 2022 06:17:15  BuildStamp: freesurfer-linux-ubuntu22_x86_64-7.3.2-20220804-6354275  User: oesteban  Machine: dna043  Platform: Linux  PlatformVersion: 5.14.0-427.37.1.el9_4.x86_64  CompilerName: GCC  CompilerVersion: 8.4.0
ProgramName: mri_annotation2label  ProgramArguments: mri_annotation2label -all-info  ProgramVersion: 7.3.2  TimeStamp: 2026/03/11-12:26:39-GMT  BuildTime: Aug  4 2022 06:17:15  BuildStamp: freesurfer-linux-ubuntu22_x86_64-7.3.2-20220804-6354275  User: oesteban  Machine: dna043  Platform: Linux  PlatformVersion: 5.14.0-427.37.1.el9_4.x86_64  CompilerName: GCC  CompilerVersion: 8.4.0
ProgramName: mri_aparc2aseg  ProgramArguments: mri_aparc2aseg -all-info  ProgramVersion: 7.3.2  TimeStamp: 2026/03/11-12:26:39-GMT  BuildTime: Aug  4 2022 06:17:15  BuildStamp: freesurfer-linux-ubuntu22_x86_64-7.3.2-20220804-6354275  User: oesteban  Machine: dna043  Platform: Linux  PlatformVersion: 5.14.0-427.37.1.el9_4.x86_64  CompilerName: GCC  CompilerVersion: 8.4.0
ProgramName: mri_surf2volseg  ProgramArguments: mri_surf2volseg -all-info  ProgramVersion: 7.3.2  TimeStamp: 2026/03/11-12:26:39-GMT  BuildTime: Aug  4 2022 06:17:15  BuildStamp: freesurfer-linux-ubuntu22_x86_64-7.3.2-20220804-6354275  User: oesteban  Machine: dna043  Platform: Linux  PlatformVersion: 5.14.0-427.37.1.el9_4.x86_64  CompilerName: GCC  CompilerVersion: 8.4.0
ProgramName: mri_binarize  ProgramArguments: mri_binarize -all-info  ProgramVersion: 7.3.2  TimeStamp: 2026/03/11-12:26:39-GMT  BuildTime: Aug  4 2022 06:17:15  BuildStamp: freesurfer-linux-ubuntu22_x86_64-7.3.2-20220804-6354275  User: oesteban  Machine: dna043  Platform: Linux  PlatformVersion: 5.14.0-427.37.1.el9_4.x86_64  CompilerName: GCC  CompilerVersion: 8.4.0
ProgramName: mri_ca_label  ProgramArguments: mri_ca_label -all-info  ProgramVersion: 7.3.2  TimeStamp: 2026/03/11-12:26:39-GMT  BuildTime: Aug  4 2022 06:17:15  BuildStamp: freesurfer-linux-ubuntu22_x86_64-7.3.2-20220804-6354275  User: oesteban  Machine: dna043  Platform: Linux  PlatformVersion: 5.14.0-427.37.1.el9_4.x86_64  CompilerName: GCC  CompilerVersion: 8.4.0
ProgramName: mri_ca_normalize  ProgramArguments: mri_ca_normalize -all-info  ProgramVersion: 7.3.2  TimeStamp: 2026/03/11-12:26:39-GMT  BuildTime: Aug  4 2022 06:17:15  BuildStamp: freesurfer-linux-ubuntu22_x86_64-7.3.2-20220804-6354275  User: oesteban  Machine: dna043  Platform: Linux  PlatformVersion: 5.14.0-427.37.1.el9_4.x86_64  CompilerName: GCC  CompilerVersion: 8.4.0
ProgramName: mri_ca_register  ProgramArguments: mri_ca_register -all-info  ProgramVersion: 7.3.2  TimeStamp: 2026/03/11-12:26:39-GMT  BuildTime: Aug  4 2022 06:17:15  BuildStamp: freesurfer-linux-ubuntu22_x86_64-7.3.2-20220804-6354275  User: oesteban  Machine: dna043  Platform: Linux  PlatformVersion: 5.14.0-427.37.1.el9_4.x86_64  CompilerName: GCC  CompilerVersion: 8.4.0
ProgramName: mri_cc  ProgramArguments: mri_cc -all-info  ProgramVersion: 7.3.2  TimeStamp: 2026/03/11-12:26:39-GMT  BuildTime: Aug  4 2022 06:17:15  BuildStamp: freesurfer-linux-ubuntu22_x86_64-7.3.2-20220804-6354275  User: oesteban  Machine: dna043  Platform: Linux  PlatformVersion: 5.14.0-427.37.1.el9_4.x86_64  CompilerName: GCC  CompilerVersion: 8.4.0
ProgramName: mri_compute_overlap  ProgramArguments: mri_compute_overlap -all-info  ProgramVersion: 7.3.2  TimeStamp: 2026/03/11-12:26:39-GMT  BuildTime: Aug  4 2022 06:17:15  BuildStamp: freesurfer-linux-ubuntu22_x86_64-7.3.2-20220804-6354275  User: oesteban  Machine: dna043  Platform: Linux  PlatformVersion: 5.14.0-427.37.1.el9_4.x86_64  CompilerName: GCC  CompilerVersion: 8.4.0
ProgramName: mri_compute_seg_overlap  ProgramArguments: mri_compute_seg_overlap -all-info  ProgramVersion: 7.3.2  TimeStamp: 2026/03/11-12:26:39-GMT  BuildTime: Aug  4 2022 06:17:15  BuildStamp: freesurfer-linux-ubuntu22_x86_64-7.3.2-20220804-6354275  User: oesteban  Machine: dna043  Platform: Linux  PlatformVersion: 5.14.0-427.37.1.el9_4.x86_64  CompilerName: GCC  CompilerVersion: 8.4.0
ProgramName: mri_concat  ProgramArguments: mri_concat -all-info  ProgramVersion: 7.3.2  TimeStamp: 2026/03/11-12:26:39-GMT  BuildTime: Aug  4 2022 06:17:15  BuildStamp: freesurfer-linux-ubuntu22_x86_64-7.3.2-20220804-6354275  User: oesteban  Machine: dna043  Platform: Linux  PlatformVersion: 5.14.0-427.37.1.el9_4.x86_64  CompilerName: GCC  CompilerVersion: 8.4.0
ProgramName: mri_concatenate_lta  ProgramArguments: mri_concatenate_lta -all-info  ProgramVersion: 7.3.2  TimeStamp: 2026/03/11-12:26:39-GMT  BuildTime: Aug  4 2022 06:17:15  BuildStamp: freesurfer-linux-ubuntu22_x86_64-7.3.2-20220804-6354275  User: oesteban  Machine: dna043  Platform: Linux  PlatformVersion: 5.14.0-427.37.1.el9_4.x86_64  CompilerName: GCC  CompilerVersion: 8.4.0
mri_convert -all-info 
ProgramName: mri_convert  ProgramArguments: mri_convert -all-info  ProgramVersion: 7.3.2  TimeStamp: 2026/03/11-12:26:39-GMT  BuildTime: Aug  4 2022 06:17:15  BuildStamp: freesurfer-linux-ubuntu22_x86_64-7.3.2-20220804-6354275  User: oesteban  Machine: dna043  Platform: Linux  PlatformVersion: 5.14.0-427.37.1.el9_4.x86_64  CompilerName: GCC  CompilerVersion: 8.4.0
ProgramName: mri_diff  ProgramArguments: mri_diff -all-info  ProgramVersion: 7.3.2  TimeStamp: 2026/03/11-12:26:39-GMT  BuildTime: Aug  4 2022 06:17:15  BuildStamp: freesurfer-linux-ubuntu22_x86_64-7.3.2-20220804-6354275  User: oesteban  Machine: dna043  Platform: Linux  PlatformVersion: 5.14.0-427.37.1.el9_4.x86_64  CompilerName: GCC  CompilerVersion: 8.4.0
ProgramName: mri_edit_wm_with_aseg  ProgramArguments: mri_edit_wm_with_aseg -all-info  ProgramVersion: 7.3.2  TimeStamp: 2026/03/11-12:26:39-GMT  BuildTime: Aug  4 2022 06:17:15  BuildStamp: freesurfer-linux-ubuntu22_x86_64-7.3.2-20220804-6354275  User: oesteban  Machine: dna043  Platform: Linux  PlatformVersion: 5.14.0-427.37.1.el9_4.x86_64  CompilerName: GCC  CompilerVersion: 8.4.0
ProgramName: mri_em_register  ProgramArguments: mri_em_register -all-info  ProgramVersion: 7.3.2  TimeStamp: 2026/03/11-12:26:39-GMT  BuildTime: Aug  4 2022 06:17:15  BuildStamp: freesurfer-linux-ubuntu22_x86_64-7.3.2-20220804-6354275  User: oesteban  Machine: dna043  Platform: Linux  PlatformVersion: 5.14.0-427.37.1.el9_4.x86_64  CompilerName: GCC  CompilerVersion: 8.4.0
ProgramName: mri_fill  ProgramArguments: mri_fill -all-info  ProgramVersion: 7.3.2  TimeStamp: 2026/03/11-12:26:39-GMT  BuildTime: Aug  4 2022 06:17:15  BuildStamp: freesurfer-linux-ubuntu22_x86_64-7.3.2-20220804-6354275  User: oesteban  Machine: dna043  Platform: Linux  PlatformVersion: 5.14.0-427.37.1.el9_4.x86_64  CompilerName: GCC  CompilerVersion: 8.4.0
ProgramName: mri_fuse_segmentations  ProgramArguments: mri_fuse_segmentations -all-info  ProgramVersion: 7.3.2  TimeStamp: 2026/03/11-12:26:39-GMT  BuildTime: Aug  4 2022 06:17:15  BuildStamp: freesurfer-linux-ubuntu22_x86_64-7.3.2-20220804-6354275  User: oesteban  Machine: dna043  Platform: Linux  PlatformVersion: 5.14.0-427.37.1.el9_4.x86_64  CompilerName: GCC  CompilerVersion: 8.4.0
ProgramName: mri_fwhm  ProgramArguments: mri_fwhm -all-info  ProgramVersion: 7.3.2  TimeStamp: 2026/03/11-12:26:39-GMT  BuildTime: Aug  4 2022 06:17:15  BuildStamp: freesurfer-linux-ubuntu22_x86_64-7.3.2-20220804-6354275  User: oesteban  Machine: dna043  Platform: Linux  PlatformVersion: 5.14.0-427.37.1.el9_4.x86_64  CompilerName: GCC  CompilerVersion: 8.4.0
ProgramName: mri_gcut  ProgramArguments: mri_gcut -all-info  ProgramVersion: 7.3.2  TimeStamp: 2026/03/11-12:26:39-GMT  BuildTime: Aug  4 2022 06:17:15  BuildStamp: freesurfer-linux-ubuntu22_x86_64-7.3.2-20220804-6354275  User: oesteban  Machine: dna043  Platform: Linux  PlatformVersion: 5.14.0-427.37.1.el9_4.x86_64  CompilerName: GCC  CompilerVersion: 8.4.0
ProgramName: mri_info  ProgramArguments: mri_info -all-info  ProgramVersion: 7.3.2  TimeStamp: 2026/03/11-12:26:39-GMT  BuildTime: Aug  4 2022 06:17:15  BuildStamp: freesurfer-linux-ubuntu22_x86_64-7.3.2-20220804-6354275  User: oesteban  Machine: dna043  Platform: Linux  PlatformVersion: 5.14.0-427.37.1.el9_4.x86_64  CompilerName: GCC  CompilerVersion: 8.4.0
ProgramName: mri_label2label  ProgramArguments: mri_label2label -all-info  ProgramVersion: 7.3.2  TimeStamp: 2026/03/11-12:26:39-GMT  BuildTime: Aug  4 2022 06:17:15  BuildStamp: freesurfer-linux-ubuntu22_x86_64-7.3.2-20220804-6354275  User: oesteban  Machine: dna043  Platform: Linux  PlatformVersion: 5.14.0-427.37.1.el9_4.x86_64  CompilerName: GCC  CompilerVersion: 8.4.0
ProgramName: mri_label2vol  ProgramArguments: mri_label2vol -all-info  ProgramVersion: 7.3.2  TimeStamp: 2026/03/11-12:26:39-GMT  BuildTime: Aug  4 2022 06:17:15  BuildStamp: freesurfer-linux-ubuntu22_x86_64-7.3.2-20220804-6354275  User: oesteban  Machine: dna043  Platform: Linux  PlatformVersion: 5.14.0-427.37.1.el9_4.x86_64  CompilerName: GCC  CompilerVersion: 8.4.0
ProgramName: mri_log_likelihood  ProgramArguments: mri_log_likelihood -all-info  ProgramVersion: 7.3.2  TimeStamp: 2026/03/11-12:26:39-GMT  BuildTime: Aug  4 2022 06:17:15  BuildStamp: freesurfer-linux-ubuntu22_x86_64-7.3.2-20220804-6354275  User: oesteban  Machine: dna043  Platform: Linux  PlatformVersion: 5.14.0-427.37.1.el9_4.x86_64  CompilerName: GCC  CompilerVersion: 8.4.0
ProgramName: mri_mask  ProgramArguments: mri_mask -all-info  ProgramVersion: 7.3.2  TimeStamp: 2026/03/11-12:26:39-GMT  BuildTime: Aug  4 2022 06:17:15  BuildStamp: freesurfer-linux-ubuntu22_x86_64-7.3.2-20220804-6354275  User: oesteban  Machine: dna043  Platform: Linux  PlatformVersion: 5.14.0-427.37.1.el9_4.x86_64  CompilerName: GCC  CompilerVersion: 8.4.0
ProgramName: mri_matrix_multiply  ProgramArguments: mri_matrix_multiply -all-info  ProgramVersion: 7.3.2  TimeStamp: 2026/03/11-12:26:39-GMT  BuildTime: Aug  4 2022 06:17:15  BuildStamp: freesurfer-linux-ubuntu22_x86_64-7.3.2-20220804-6354275  User: oesteban  Machine: dna043  Platform: Linux  PlatformVersion: 5.14.0-427.37.1.el9_4.x86_64  CompilerName: GCC  CompilerVersion: 8.4.0
ProgramName: mri_normalize  ProgramArguments: mri_normalize -all-info  ProgramVersion: 7.3.2  TimeStamp: 2026/03/11-12:26:39-GMT  BuildTime: Aug  4 2022 06:17:15  BuildStamp: freesurfer-linux-ubuntu22_x86_64-7.3.2-20220804-6354275  User: oesteban  Machine: dna043  Platform: Linux  PlatformVersion: 5.14.0-427.37.1.el9_4.x86_64  CompilerName: GCC  CompilerVersion: 8.4.0
ProgramName: mri_normalize_tp2  ProgramArguments: mri_normalize_tp2 -all-info  ProgramVersion: 7.3.2  TimeStamp: 2026/03/11-12:26:39-GMT  BuildTime: Aug  4 2022 06:17:15  BuildStamp: freesurfer-linux-ubuntu22_x86_64-7.3.2-20220804-6354275  User: oesteban  Machine: dna043  Platform: Linux  PlatformVersion: 5.14.0-427.37.1.el9_4.x86_64  CompilerName: GCC  CompilerVersion: 8.4.0
ProgramName: mri_or  ProgramArguments: mri_or -all-info  ProgramVersion: 7.3.2  TimeStamp: 2026/03/11-12:26:39-GMT  BuildTime: Aug  4 2022 06:17:15  BuildStamp: freesurfer-linux-ubuntu22_x86_64-7.3.2-20220804-6354275  User: oesteban  Machine: dna043  Platform: Linux  PlatformVersion: 5.14.0-427.37.1.el9_4.x86_64  CompilerName: GCC  CompilerVersion: 8.4.0
ProgramName: mri_relabel_hypointensities  ProgramArguments: mri_relabel_hypointensities -all-info  ProgramVersion: 7.3.2  TimeStamp: 2026/03/11-12:26:39-GMT  BuildTime: Aug  4 2022 06:17:15  BuildStamp: freesurfer-linux-ubuntu22_x86_64-7.3.2-20220804-6354275  User: oesteban  Machine: dna043  Platform: Linux  PlatformVersion: 5.14.0-427.37.1.el9_4.x86_64  CompilerName: GCC  CompilerVersion: 8.4.0
ProgramName: mri_relabel_nonwm_hypos  ProgramArguments: mri_relabel_nonwm_hypos -all-info  ProgramVersion: 7.3.2  TimeStamp: 2026/03/11-12:26:39-GMT  BuildTime: Aug  4 2022 06:17:15  BuildStamp: freesurfer-linux-ubuntu22_x86_64-7.3.2-20220804-6354275  User: oesteban  Machine: dna043  Platform: Linux  PlatformVersion: 5.14.0-427.37.1.el9_4.x86_64  CompilerName: GCC  CompilerVersion: 8.4.0
ProgramName: mri_remove_neck  ProgramArguments: mri_remove_neck -all-info  ProgramVersion: 7.3.2  TimeStamp: 2026/03/11-12:26:39-GMT  BuildTime: Aug  4 2022 06:17:15  BuildStamp: freesurfer-linux-ubuntu22_x86_64-7.3.2-20220804-6354275  User: oesteban  Machine: dna043  Platform: Linux  PlatformVersion: 5.14.0-427.37.1.el9_4.x86_64  CompilerName: GCC  CompilerVersion: 8.4.0
7.3.2

ProgramName: mri_robust_register  ProgramArguments: mri_robust_register -all-info  ProgramVersion: 7.3.2  TimeStamp: 2026/03/11-12:26:39-GMT  BuildTime: Aug  4 2022 06:17:15  BuildStamp: freesurfer-linux-ubuntu22_x86_64-7.3.2-20220804-6354275  User: oesteban  Machine: dna043  Platform: Linux  PlatformVersion: 5.14.0-427.37.1.el9_4.x86_64  CompilerName: GCC  CompilerVersion: 8.4.0
7.3.2

ProgramName: mri_robust_template  ProgramArguments: mri_robust_template -all-info  ProgramVersion: 7.3.2  TimeStamp: 2026/03/11-12:26:39-GMT  BuildTime: Aug  4 2022 06:17:15  BuildStamp: freesurfer-linux-ubuntu22_x86_64-7.3.2-20220804-6354275  User: oesteban  Machine: dna043  Platform: Linux  PlatformVersion: 5.14.0-427.37.1.el9_4.x86_64  CompilerName: GCC  CompilerVersion: 8.4.0
ProgramName: mris_anatomical_stats  ProgramArguments: mris_anatomical_stats -all-info  ProgramVersion: 7.3.2  TimeStamp: 2026/03/11-12:26:39-GMT  BuildTime: Aug  4 2022 06:17:15  BuildStamp: freesurfer-linux-ubuntu22_x86_64-7.3.2-20220804-6354275  User: oesteban  Machine: dna043  Platform: Linux  PlatformVersion: 5.14.0-427.37.1.el9_4.x86_64  CompilerName: GCC  CompilerVersion: 8.4.0
ProgramName: mris_ca_label  ProgramArguments: mris_ca_label -all-info  ProgramVersion: 7.3.2  TimeStamp: 2026/03/11-12:26:39-GMT  BuildTime: Aug  4 2022 06:17:15  BuildStamp: freesurfer-linux-ubuntu22_x86_64-7.3.2-20220804-6354275  User: oesteban  Machine: dna043  Platform: Linux  PlatformVersion: 5.14.0-427.37.1.el9_4.x86_64  CompilerName: GCC  CompilerVersion: 8.4.0
ProgramName: mris_calc  ProgramArguments: mris_calc -all-info  ProgramVersion: 7.3.2  TimeStamp: 2026/03/11-12:26:39-GMT  BuildTime: Aug  4 2022 06:17:15  BuildStamp: freesurfer-linux-ubuntu22_x86_64-7.3.2-20220804-6354275  User: oesteban  Machine: dna043  Platform: Linux  PlatformVersion: 5.14.0-427.37.1.el9_4.x86_64  CompilerName: GCC  CompilerVersion: 8.4.0
ProgramName: mris_convert  ProgramArguments: mris_convert -all-info  ProgramVersion: 7.3.2  TimeStamp: 2026/03/11-12:26:39-GMT  BuildTime: Aug  4 2022 06:17:15  BuildStamp: freesurfer-linux-ubuntu22_x86_64-7.3.2-20220804-6354275  User: oesteban  Machine: dna043  Platform: Linux  PlatformVersion: 5.14.0-427.37.1.el9_4.x86_64  CompilerName: GCC  CompilerVersion: 8.4.0
ProgramName: mris_curvature  ProgramArguments: mris_curvature -all-info  ProgramVersion: 7.3.2  TimeStamp: 2026/03/11-12:26:39-GMT  BuildTime: Aug  4 2022 06:17:15  BuildStamp: freesurfer-linux-ubuntu22_x86_64-7.3.2-20220804-6354275  User: oesteban  Machine: dna043  Platform: Linux  PlatformVersion: 5.14.0-427.37.1.el9_4.x86_64  CompilerName: GCC  CompilerVersion: 8.4.0
ProgramName: mris_curvature_stats  ProgramArguments: mris_curvature_stats -all-info  ProgramVersion: 7.3.2  TimeStamp: 2026/03/11-12:26:39-GMT  BuildTime: Aug  4 2022 06:17:15  BuildStamp: freesurfer-linux-ubuntu22_x86_64-7.3.2-20220804-6354275  User: oesteban  Machine: dna043  Platform: Linux  PlatformVersion: 5.14.0-427.37.1.el9_4.x86_64  CompilerName: GCC  CompilerVersion: 8.4.0
ProgramName: mris_diff  ProgramArguments: mris_diff -all-info  ProgramVersion: 7.3.2  TimeStamp: 2026/03/11-12:26:39-GMT  BuildTime: Aug  4 2022 06:17:15  BuildStamp: freesurfer-linux-ubuntu22_x86_64-7.3.2-20220804-6354275  User: oesteban  Machine: dna043  Platform: Linux  PlatformVersion: 5.14.0-427.37.1.el9_4.x86_64  CompilerName: GCC  CompilerVersion: 8.4.0
ProgramName: mris_divide_parcellation  ProgramArguments: mris_divide_parcellation -all-info  ProgramVersion: 7.3.2  TimeStamp: 2026/03/11-12:26:39-GMT  BuildTime: Aug  4 2022 06:17:15  BuildStamp: freesurfer-linux-ubuntu22_x86_64-7.3.2-20220804-6354275  User: oesteban  Machine: dna043  Platform: Linux  PlatformVersion: 5.14.0-427.37.1.el9_4.x86_64  CompilerName: GCC  CompilerVersion: 8.4.0
ProgramName: mri_segment  ProgramArguments: mri_segment -all-info  ProgramVersion: 7.3.2  TimeStamp: 2026/03/11-12:26:39-GMT  BuildTime: Aug  4 2022 06:17:15  BuildStamp: freesurfer-linux-ubuntu22_x86_64-7.3.2-20220804-6354275  User: oesteban  Machine: dna043  Platform: Linux  PlatformVersion: 5.14.0-427.37.1.el9_4.x86_64  CompilerName: GCC  CompilerVersion: 8.4.0
ProgramName: mri_segstats  ProgramArguments: mri_segstats -all-info  ProgramVersion: 7.3.2  TimeStamp: 2026/03/11-12:26:39-GMT  BuildTime: Aug  4 2022 06:17:15  BuildStamp: freesurfer-linux-ubuntu22_x86_64-7.3.2-20220804-6354275  User: oesteban  Machine: dna043  Platform: Linux  PlatformVersion: 5.14.0-427.37.1.el9_4.x86_64  CompilerName: GCC  CompilerVersion: 8.4.0
ProgramName: mris_euler_number  ProgramArguments: mris_euler_number -all-info  ProgramVersion: 7.3.2  TimeStamp: 2026/03/11-12:26:39-GMT  BuildTime: Aug  4 2022 06:17:15  BuildStamp: freesurfer-linux-ubuntu22_x86_64-7.3.2-20220804-6354275  User: oesteban  Machine: dna043  Platform: Linux  PlatformVersion: 5.14.0-427.37.1.el9_4.x86_64  CompilerName: GCC  CompilerVersion: 8.4.0
ProgramName: mris_fix_topology  ProgramArguments: mris_fix_topology -all-info  ProgramVersion: 7.3.2  TimeStamp: 2026/03/11-12:26:39-GMT  BuildTime: Aug  4 2022 06:17:15  BuildStamp: freesurfer-linux-ubuntu22_x86_64-7.3.2-20220804-6354275  User: oesteban  Machine: dna043  Platform: Linux  PlatformVersion: 5.14.0-427.37.1.el9_4.x86_64  CompilerName: GCC  CompilerVersion: 8.4.0
ProgramName: mris_topo_fixer  ProgramArguments: mris_topo_fixer -all-info  ProgramVersion: 7.3.2  TimeStamp: 2026/03/11-12:26:39-GMT  BuildTime: Aug  4 2022 06:17:15  BuildStamp: freesurfer-linux-ubuntu22_x86_64-7.3.2-20220804-6354275  User: oesteban  Machine: dna043  Platform: Linux  PlatformVersion: 5.14.0-427.37.1.el9_4.x86_64  CompilerName: GCC  CompilerVersion: 8.4.0
ProgramName: mris_jacobian  ProgramArguments: mris_jacobian -all-info  ProgramVersion: 7.3.2  TimeStamp: 2026/03/11-12:26:39-GMT  BuildTime: Aug  4 2022 06:17:15  BuildStamp: freesurfer-linux-ubuntu22_x86_64-7.3.2-20220804-6354275  User: oesteban  Machine: dna043  Platform: Linux  PlatformVersion: 5.14.0-427.37.1.el9_4.x86_64  CompilerName: GCC  CompilerVersion: 8.4.0
ProgramName: mris_label2annot  ProgramArguments: mris_label2annot -all-info  ProgramVersion: 7.3.2  TimeStamp: 2026/03/11-12:26:39-GMT  BuildTime: Aug  4 2022 06:17:15  BuildStamp: freesurfer-linux-ubuntu22_x86_64-7.3.2-20220804-6354275  User: oesteban  Machine: dna043  Platform: Linux  PlatformVersion: 5.14.0-427.37.1.el9_4.x86_64  CompilerName: GCC  CompilerVersion: 8.4.0
ProgramName: mris_left_right_register  ProgramArguments: mris_left_right_register -all-info  ProgramVersion: 7.3.2  TimeStamp: 2026/03/11-12:26:39-GMT  BuildTime: Aug  4 2022 06:17:15  BuildStamp: freesurfer-linux-ubuntu22_x86_64-7.3.2-20220804-6354275  User: oesteban  Machine: dna043  Platform: Linux  PlatformVersion: 5.14.0-427.37.1.el9_4.x86_64  CompilerName: GCC  CompilerVersion: 8.4.0
ProgramName: mris_place_surface  ProgramArguments: mris_place_surface -all-info  ProgramVersion: 7.3.2  TimeStamp: 2026/03/11-12:26:39-GMT  BuildTime: Aug  4 2022 06:17:15  BuildStamp: freesurfer-linux-ubuntu22_x86_64-7.3.2-20220804-6354275  User: oesteban  Machine: dna043  Platform: Linux  PlatformVersion: 5.14.0-427.37.1.el9_4.x86_64  CompilerName: GCC  CompilerVersion: 8.4.0
ProgramName: mrisp_paint  ProgramArguments: mrisp_paint -all-info  ProgramVersion: 7.3.2  TimeStamp: 2026/03/11-12:26:39-GMT  BuildTime: Aug  4 2022 06:17:15  BuildStamp: freesurfer-linux-ubuntu22_x86_64-7.3.2-20220804-6354275  User: oesteban  Machine: dna043  Platform: Linux  PlatformVersion: 5.14.0-427.37.1.el9_4.x86_64  CompilerName: GCC  CompilerVersion: 8.4.0
ProgramName: mris_register  ProgramArguments: mris_register -all-info  ProgramVersion: 7.3.2  TimeStamp: 2026/03/11-12:26:39-GMT  BuildTime: Aug  4 2022 06:17:15  BuildStamp: freesurfer-linux-ubuntu22_x86_64-7.3.2-20220804-6354275  User: oesteban  Machine: dna043  Platform: Linux  PlatformVersion: 5.14.0-427.37.1.el9_4.x86_64  CompilerName: GCC  CompilerVersion: 8.4.0
ProgramName: mris_smooth  ProgramArguments: mris_smooth -all-info  ProgramVersion: 7.3.2  TimeStamp: 2026/03/11-12:26:39-GMT  BuildTime: Aug  4 2022 06:17:15  BuildStamp: freesurfer-linux-ubuntu22_x86_64-7.3.2-20220804-6354275  User: oesteban  Machine: dna043  Platform: Linux  PlatformVersion: 5.14.0-427.37.1.el9_4.x86_64  CompilerName: GCC  CompilerVersion: 8.4.0
ProgramName: mris_sphere  ProgramArguments: mris_sphere -all-info  ProgramVersion: 7.3.2  TimeStamp: 2026/03/11-12:26:39-GMT  BuildTime: Aug  4 2022 06:17:15  BuildStamp: freesurfer-linux-ubuntu22_x86_64-7.3.2-20220804-6354275  User: oesteban  Machine: dna043  Platform: Linux  PlatformVersion: 5.14.0-427.37.1.el9_4.x86_64  CompilerName: GCC  CompilerVersion: 8.4.0
ProgramName: mris_surface_stats  ProgramArguments: mris_surface_stats -all-info  ProgramVersion: 7.3.2  TimeStamp: 2026/03/11-12:26:39-GMT  BuildTime: Aug  4 2022 06:17:15  BuildStamp: freesurfer-linux-ubuntu22_x86_64-7.3.2-20220804-6354275  User: oesteban  Machine: dna043  Platform: Linux  PlatformVersion: 5.14.0-427.37.1.el9_4.x86_64  CompilerName: GCC  CompilerVersion: 8.4.0
ProgramName: mri_stats2seg  ProgramArguments: mri_stats2seg -all-info  ProgramVersion: 7.3.2  TimeStamp: 2026/03/11-12:26:39-GMT  BuildTime: Aug  4 2022 06:17:15  BuildStamp: freesurfer-linux-ubuntu22_x86_64-7.3.2-20220804-6354275  User: oesteban  Machine: dna043  Platform: Linux  PlatformVersion: 5.14.0-427.37.1.el9_4.x86_64  CompilerName: GCC  CompilerVersion: 8.4.0
ProgramName: mris_thickness  ProgramArguments: mris_thickness -all-info  ProgramVersion: 7.3.2  TimeStamp: 2026/03/11-12:26:39-GMT  BuildTime: Aug  4 2022 06:17:15  BuildStamp: freesurfer-linux-ubuntu22_x86_64-7.3.2-20220804-6354275  User: oesteban  Machine: dna043  Platform: Linux  PlatformVersion: 5.14.0-427.37.1.el9_4.x86_64  CompilerName: GCC  CompilerVersion: 8.4.0
ProgramName: mris_thickness_diff  ProgramArguments: mris_thickness_diff -all-info  ProgramVersion: 7.3.2  TimeStamp: 2026/03/11-12:26:39-GMT  BuildTime: Aug  4 2022 06:17:15  BuildStamp: freesurfer-linux-ubuntu22_x86_64-7.3.2-20220804-6354275  User: oesteban  Machine: dna043  Platform: Linux  PlatformVersion: 5.14.0-427.37.1.el9_4.x86_64  CompilerName: GCC  CompilerVersion: 8.4.0
ProgramName: mris_topo_fixer  ProgramArguments: mris_topo_fixer -all-info  ProgramVersion: 7.3.2  TimeStamp: 2026/03/11-12:26:39-GMT  BuildTime: Aug  4 2022 06:17:15  BuildStamp: freesurfer-linux-ubuntu22_x86_64-7.3.2-20220804-6354275  User: oesteban  Machine: dna043  Platform: Linux  PlatformVersion: 5.14.0-427.37.1.el9_4.x86_64  CompilerName: GCC  CompilerVersion: 8.4.0
ProgramName: mri_surf2surf  ProgramArguments: mri_surf2surf -all-info  ProgramVersion: 7.3.2  TimeStamp: 2026/03/11-12:26:39-GMT  BuildTime: Aug  4 2022 06:17:15  BuildStamp: freesurfer-linux-ubuntu22_x86_64-7.3.2-20220804-6354275  User: oesteban  Machine: dna043  Platform: Linux  PlatformVersion: 5.14.0-427.37.1.el9_4.x86_64  CompilerName: GCC  CompilerVersion: 8.4.0
ProgramName: mri_surf2vol  ProgramArguments: mri_surf2vol -all-info  ProgramVersion: 7.3.2  TimeStamp: 2026/03/11-12:26:39-GMT  BuildTime: Aug  4 2022 06:17:15  BuildStamp: freesurfer-linux-ubuntu22_x86_64-7.3.2-20220804-6354275  User: oesteban  Machine: dna043  Platform: Linux  PlatformVersion: 5.14.0-427.37.1.el9_4.x86_64  CompilerName: GCC  CompilerVersion: 8.4.0
ProgramName: mri_surfcluster  ProgramArguments: mri_surfcluster -all-info  ProgramVersion: 7.3.2  TimeStamp: 2026/03/11-12:26:39-GMT  BuildTime: Aug  4 2022 06:17:15  BuildStamp: freesurfer-linux-ubuntu22_x86_64-7.3.2-20220804-6354275  User: oesteban  Machine: dna043  Platform: Linux  PlatformVersion: 5.14.0-427.37.1.el9_4.x86_64  CompilerName: GCC  CompilerVersion: 8.4.0
ProgramName: mris_volmask  ProgramArguments: mris_volmask -all-info  ProgramVersion: 7.3.2  TimeStamp: 2026/03/11-12:26:39-GMT  BuildTime: Aug  4 2022 06:17:15  BuildStamp: freesurfer-linux-ubuntu22_x86_64-7.3.2-20220804-6354275  User: oesteban  Machine: dna043  Platform: Linux  PlatformVersion: 5.14.0-427.37.1.el9_4.x86_64  CompilerName: GCC  CompilerVersion: 8.4.0
ProgramName: mri_tessellate  ProgramArguments: mri_tessellate -all-info  ProgramVersion: 7.3.2  TimeStamp: 2026/03/11-12:26:39-GMT  BuildTime: Aug  4 2022 06:17:15  BuildStamp: freesurfer-linux-ubuntu22_x86_64-7.3.2-20220804-6354275  User: oesteban  Machine: dna043  Platform: Linux  PlatformVersion: 5.14.0-427.37.1.el9_4.x86_64  CompilerName: GCC  CompilerVersion: 8.4.0
ProgramName: mri_vol2surf  ProgramArguments: mri_vol2surf -all-info  ProgramVersion: 7.3.2  TimeStamp: 2026/03/11-12:26:39-GMT  BuildTime: Aug  4 2022 06:17:15  BuildStamp: freesurfer-linux-ubuntu22_x86_64-7.3.2-20220804-6354275  User: oesteban  Machine: dna043  Platform: Linux  PlatformVersion: 5.14.0-427.37.1.el9_4.x86_64  CompilerName: GCC  CompilerVersion: 8.4.0
ProgramName: mri_vol2vol  ProgramArguments: mri_vol2vol -all-info  ProgramVersion: 7.3.2  TimeStamp: 2026/03/11-12:26:39-GMT  BuildTime: Aug  4 2022 06:17:15  BuildStamp: freesurfer-linux-ubuntu22_x86_64-7.3.2-20220804-6354275  User: oesteban  Machine: dna043  Platform: Linux  PlatformVersion: 5.14.0-427.37.1.el9_4.x86_64  CompilerName: GCC  CompilerVersion: 8.4.0
ProgramName: mri_voldiff  ProgramArguments: mri_voldiff -all-info  ProgramVersion: 7.3.2  TimeStamp: 2026/03/11-12:26:39-GMT  BuildTime: Aug  4 2022 06:17:15  BuildStamp: freesurfer-linux-ubuntu22_x86_64-7.3.2-20220804-6354275  User: oesteban  Machine: dna043  Platform: Linux  PlatformVersion: 5.14.0-427.37.1.el9_4.x86_64  CompilerName: GCC  CompilerVersion: 8.4.0
ProgramName: mri_watershed  ProgramArguments: mri_watershed -all-info  ProgramVersion: 7.3.2  TimeStamp: 2026/03/11-12:26:39-GMT  BuildTime: Aug  4 2022 06:17:15  BuildStamp: freesurfer-linux-ubuntu22_x86_64-7.3.2-20220804-6354275  User: oesteban  Machine: dna043  Platform: Linux  PlatformVersion: 5.14.0-427.37.1.el9_4.x86_64  CompilerName: GCC  CompilerVersion: 8.4.0
ProgramName: tkregister2  ProgramArguments: tkregister2_cmdl -all-info  ProgramVersion: 7.3.2  TimeStamp: 2026/03/11-12:26:39-GMT  BuildTime: Aug  4 2022 06:17:15  BuildStamp: freesurfer-linux-ubuntu22_x86_64-7.3.2-20220804-6354275  User: oesteban  Machine: dna043  Platform: Linux  PlatformVersion: 5.14.0-427.37.1.el9_4.x86_64  CompilerName: GCC  CompilerVersion: 8.4.0
mri_motion_correct.fsl 7.3.2
mri_convert -all-info 
ProgramName: mri_convert  ProgramArguments: mri_convert -all-info  ProgramVersion: 7.3.2  TimeStamp: 2026/03/11-12:26:39-GMT  BuildTime: Aug  4 2022 06:17:15  BuildStamp: freesurfer-linux-ubuntu22_x86_64-7.3.2-20220804-6354275  User: oesteban  Machine: dna043  Platform: Linux  PlatformVersion: 5.14.0-427.37.1.el9_4.x86_64  CompilerName: GCC  CompilerVersion: 8.4.0
Program nu_correct, built from:
Package MNI N3, version 1.12.0, compiled by nicks@terrier (x86_64-unknown-linux-gnu) on 2015-06-19 at 01:25:34
#######################################
GCADIR /opt/freesurfer/average
GCA RB_all_2020-01-02.gca
GCASkull RB_all_withskull_2020_01_02.gca
AvgCurvTif folding.atlas.acfb40.noaparc.i12.2016-08-02.tif
GCSDIR /opt/freesurfer/average
GCS DKaparc.atlas.acfb40.noaparc.i12.2016-08-02.gcs
#######################################
#--------------------------------------------
#@# AutoDetGWStats lh Wed Mar 11 13:26:39 CET 2026
cd /out/sourcedata/freesurfer/sub-v2s16x51246_ses-1/mri
mris_autodet_gwstats --o ../surf/autodet.gw.stats.lh.dat --i brain.finalsurfs.mgz --wm wm.mgz --surf ../surf/lh.orig.premesh
  Update not needed
#--------------------------------------------
#@# WhitePreAparc lh Wed Mar 11 13:26:39 CET 2026
cd /out/sourcedata/freesurfer/sub-v2s16x51246_ses-1/mri
mris_place_surface --adgws-in ../surf/autodet.gw.stats.lh.dat --wm wm.mgz --threads 16 --invol brain.finalsurfs.mgz --lh --i ../surf/lh.orig --o ../surf/lh.white.preaparc --white --seg aseg.presurf.mgz --nsmooth 5
   Update not needed
#--------------------------------------------
#@# CortexLabel lh Wed Mar 11 13:26:39 CET 2026
cd /out/sourcedata/freesurfer/sub-v2s16x51246_ses-1/mri
mri_label2label --label-cortex ../surf/lh.white.preaparc aseg.presurf.mgz 0 ../label/lh.cortex.label
   Update not needed
#--------------------------------------------
#@# CortexLabel+HipAmyg lh Wed Mar 11 13:26:39 CET 2026
cd /out/sourcedata/freesurfer/sub-v2s16x51246_ses-1/mri
mri_label2label --label-cortex ../surf/lh.white.preaparc aseg.presurf.mgz 1 ../label/lh.cortex+hipamyg.label
   Update not needed
#@# white curv lh Wed Mar 11 13:26:39 CET 2026
cd /out/sourcedata/freesurfer/sub-v2s16x51246_ses-1/mri
mris_place_surface --curv-map ../surf/lh.white 2 10 ../surf/lh.curv
   Update not needed
#@# white area lh Wed Mar 11 13:26:39 CET 2026
cd /out/sourcedata/freesurfer/sub-v2s16x51246_ses-1/mri
mris_place_surface --area-map ../surf/lh.white ../surf/lh.area
   Update not needed
#@# pial curv lh Wed Mar 11 13:26:39 CET 2026
cd /out/sourcedata/freesurfer/sub-v2s16x51246_ses-1/mri
mris_place_surface --curv-map ../surf/lh.pial 2 10 ../surf/lh.curv.pial
   Update not needed
#@# pial area lh Wed Mar 11 13:26:39 CET 2026
cd /out/sourcedata/freesurfer/sub-v2s16x51246_ses-1/mri
mris_place_surface --area-map ../surf/lh.pial ../surf/lh.area.pial
   Update not needed
#@# thickness lh Wed Mar 11 13:26:39 CET 2026
cd /out/sourcedata/freesurfer/sub-v2s16x51246_ses-1/mri
mris_place_surface --thickness ../surf/lh.white ../surf/lh.pial 20 5 ../surf/lh.thickness
   Update not needed
#@# area and vertex vol lh Wed Mar 11 13:26:39 CET 2026
cd /out/sourcedata/freesurfer/sub-v2s16x51246_ses-1/mri
mris_place_surface --thickness ../surf/lh.white ../surf/lh.pial 20 5 ../surf/lh.thickness
   Update not needed
#-----------------------------------------
#@# Parcellation Stats lh Wed Mar 11 13:26:39 CET 2026
/out/sourcedata/freesurfer/sub-v2s16x51246_ses-1/scripts

 mris_anatomical_stats -th3 -mgz -noglobal -cortex ../label/lh.cortex.label -f ../stats/lh.aparc.stats -b -a ../label/lh.aparc.annot -c ../label/aparc.annot.ctab sub-v2s16x51246_ses-1 lh white 

computing statistics for each annotation in ../label/lh.aparc.annot.
reading volume /out/sourcedata/freesurfer/sub-v2s16x51246_ses-1/mri/wm.mgz...
reading input surface /out/sourcedata/freesurfer/sub-v2s16x51246_ses-1/surf/lh.white...
reading input pial surface /out/sourcedata/freesurfer/sub-v2s16x51246_ses-1/surf/lh.pial...
reading input white surface /out/sourcedata/freesurfer/sub-v2s16x51246_ses-1/surf/lh.white...
INFO: using TH3 volume calc
INFO: assuming MGZ format for volumes.
INFO: not computing global stats
INFO: using ../label/lh.cortex.label as mask to calc cortex NumVert, SurfArea and MeanThickness.
Using TH3 vertex volume calc
Total face volume 260695
Total vertex volume 260440 (mask=0)
Saving annotation colortable ../label/aparc.annot.ctab

table columns are:
    number of vertices
    total surface area (mm^2)
    total gray matter volume (mm^3)
    average cortical thickness +- standard deviation (mm)
    integrated rectified mean curvature
    integrated rectified Gaussian curvature
    folding index
    intrinsic curvature index
    structure name

 1576   1083   2793  2.786 0.572     0.100     0.017        9     1.2  bankssts
  883    625   1584  2.354 0.747     0.129     0.020       12     0.9  caudalanteriorcingulate
 4010   2776   7446  2.465 0.457     0.106     0.018       37     3.0  caudalmiddlefrontal
 2117   1485   2669  1.755 0.390     0.126     0.024       22     2.4  cuneus
  741    536   2205  3.119 0.957     0.123     0.043        9     1.8  entorhinal
 5384   3870  12978  2.932 0.655     0.123     0.026       63     5.7  fusiform
 7445   5222  15538  2.473 0.719     0.112     0.020       72     6.4  inferiorparietal
 5443   4114  13735  2.887 0.676     0.129     0.027       75     6.5  inferiortemporal
 1491   1032   3125  2.483 0.905     0.120     0.027       18     1.6  isthmuscingulate
 7770   5370  13838  2.217 0.684     0.134     0.028       89     9.0  lateraloccipital
 3172   2249   7098  2.772 0.790     0.125     0.024       35     3.3  lateralorbitofrontal
 3683   2715   5822  2.067 0.656     0.138     0.028       44     4.5  lingual
 2484   1789   4644  2.495 0.694     0.121     0.030       40     2.7  medialorbitofrontal
 5462   4082  14937  2.911 0.676     0.124     0.024       74     5.5  middletemporal
 1436    932   2735  2.619 0.691     0.081     0.018        9     1.1  parahippocampal
 2484   1604   3890  2.221 0.545     0.088     0.013       15     1.4  paracentral
 2297   1580   4618  2.501 0.466     0.101     0.015       19     1.5  parsopercularis
  911    746   2367  2.383 0.695     0.153     0.035       15     1.3  parsorbitalis
 1633   1146   3087  2.357 0.521     0.111     0.018       15     1.2  parstriangularis
 1807   1237   1868  1.736 0.514     0.132     0.028       19     2.2  pericalcarine
 6665   4326   9363  1.922 0.701     0.100     0.017       52     4.8  postcentral
 1885   1346   3763  2.531 0.823     0.115     0.020       22     1.5  posteriorcingulate
 7883   5193  13582  2.406 0.506     0.101     0.017       58     5.5  precentral
 5942   4140  10961  2.511 0.641     0.116     0.021       62     5.1  precuneus
 1274    937   3047  2.800 0.910     0.124     0.027       25     1.7  rostralanteriorcingulate
 7392   5503  13613  2.194 0.525     0.130     0.028      103     9.1  rostralmiddlefrontal
12418   8821  26356  2.631 0.654     0.114     0.021      115    10.9  superiorfrontal
 8737   6006  13851  2.074 0.566     0.118     0.021       88     7.9  superiorparietal
 6373   4247  13673  2.791 0.588     0.094     0.015       45     4.2  superiortemporal
 6256   4435  13394  2.714 0.598     0.119     0.022       67     6.0  supramarginal
  353    279    906  2.293 0.644     0.140     0.037        8     0.6  frontalpole
  568    433   2642  3.719 0.674     0.130     0.032        9     0.6  temporalpole
  704    473   1130  2.319 0.347     0.116     0.019        7     0.6  transversetemporal
 3247   2230   7184  3.127 0.732     0.108     0.024       30     3.1  insula

 mris_anatomical_stats -th3 -mgz -noglobal -cortex ../label/lh.cortex.label -f ../stats/lh.aparc.pial.stats -b -a ../label/lh.aparc.annot -c ../label/aparc.annot.ctab sub-v2s16x51246_ses-1 lh pial 

computing statistics for each annotation in ../label/lh.aparc.annot.
reading volume /out/sourcedata/freesurfer/sub-v2s16x51246_ses-1/mri/wm.mgz...
reading input surface /out/sourcedata/freesurfer/sub-v2s16x51246_ses-1/surf/lh.pial...
reading input pial surface /out/sourcedata/freesurfer/sub-v2s16x51246_ses-1/surf/lh.pial...
reading input white surface /out/sourcedata/freesurfer/sub-v2s16x51246_ses-1/surf/lh.white...
INFO: using TH3 volume calc
INFO: assuming MGZ format for volumes.
INFO: not computing global stats
INFO: using ../label/lh.cortex.label as mask to calc cortex NumVert, SurfArea and MeanThickness.
Using TH3 vertex volume calc
Total face volume 260695
Total vertex volume 260440 (mask=0)
Saving annotation colortable ../label/aparc.annot.ctab

table columns are:
    number of vertices
    total surface area (mm^2)
    total gray matter volume (mm^3)
    average cortical thickness +- standard deviation (mm)
    integrated rectified mean curvature
    integrated rectified Gaussian curvature
    folding index
    intrinsic curvature index
    structure name

 1576    987   2793  2.786 0.572     0.117     0.034       27     1.9  bankssts
  883    738   1584  2.354 0.747     0.203     0.068       83     2.8  caudalanteriorcingulate
 4010   3272   7446  2.465 0.457     0.125     0.023       44     4.1  caudalmiddlefrontal
 2117   1712   2669  1.755 0.390     0.138     0.035       55     2.9  cuneus
  741    979   2205  3.119 0.957     0.278     0.080       19     3.4  entorhinal
 5384   4970  12978  2.932 0.655     0.159     0.046      151     9.4  fusiform
 7445   6945  15538  2.473 0.719     0.149     0.033      112    10.4  inferiorparietal
 5443   5241  13735  2.887 0.676     0.161     0.043      117     9.1  inferiortemporal
 1491   1505   3125  2.483 0.905     0.206     0.055       96     3.4  isthmuscingulate
 7770   7118  13838  2.217 0.684     0.150     0.040      213    12.0  lateraloccipital
 3172   2938   7098  2.772 0.790     0.174     0.043      107     6.0  lateralorbitofrontal
 3683   3294   5822  2.067 0.656     0.156     0.042      217     6.6  lingual
 2484   2173   4644  2.495 0.694     0.149     0.036       52     3.5  medialorbitofrontal
 5462   5925  14937  2.911 0.676     0.162     0.032      111     7.4  middletemporal
 1436   1251   2735  2.619 0.691     0.155     0.040       20     3.1  parahippocampal
 2484   1914   3890  2.221 0.545     0.101     0.015       19     1.6  paracentral
 2297   2067   4618  2.501 0.466     0.141     0.024       28     2.6  parsopercularis
  911   1222   2367  2.383 0.695     0.228     0.046       15     1.9  parsorbitalis
 1633   1461   3087  2.357 0.521     0.154     0.028       24     1.9  parstriangularis
 1807   1059   1868  1.736 0.514     0.115     0.035       39     2.3  pericalcarine
 6665   5320   9363  1.922 0.701     0.115     0.021       58     6.0  postcentral
 1885   1616   3763  2.531 0.823     0.168     0.047      226     3.3  posteriorcingulate
 7883   5962  13582  2.406 0.506     0.113     0.021      126     6.7  precentral
 5942   4641  10961  2.511 0.641     0.135     0.033      115     7.7  precuneus
 1274   1235   3047  2.800 0.910     0.171     0.044       30     2.2  rostralanteriorcingulate
 7392   6922  13613  2.194 0.525     0.162     0.035      119    11.9  rostralmiddlefrontal
12418  10808  26356  2.631 0.654     0.140     0.031      433    15.3  superiorfrontal
 8737   7305  13851  2.074 0.566     0.136     0.027      110     9.9  superiorparietal
 6373   5284  13673  2.791 0.588     0.122     0.025       77     6.3  superiortemporal
 6256   5314  13394  2.714 0.598     0.144     0.034      136     8.2  supramarginal
  353    546    906  2.293 0.644     0.234     0.043        6     0.6  frontalpole
  568    956   2642  3.719 0.674     0.272     0.062       14     2.1  temporalpole
  704    537   1130  2.319 0.347     0.109     0.021        8     0.6  transversetemporal
 3247   2195   7184  3.127 0.732     0.135     0.041       81     4.6  insula
#-----------------------------------------
#@# Parcellation Stats 2 lh Wed Mar 11 13:26:57 CET 2026
/out/sourcedata/freesurfer/sub-v2s16x51246_ses-1/scripts

 mris_anatomical_stats -th3 -mgz -noglobal -cortex ../label/lh.cortex.label -f ../stats/lh.aparc.a2009s.stats -b -a ../label/lh.aparc.a2009s.annot -c ../label/aparc.annot.a2009s.ctab sub-v2s16x51246_ses-1 lh white 

computing statistics for each annotation in ../label/lh.aparc.a2009s.annot.
reading volume /out/sourcedata/freesurfer/sub-v2s16x51246_ses-1/mri/wm.mgz...
reading input surface /out/sourcedata/freesurfer/sub-v2s16x51246_ses-1/surf/lh.white...
reading input pial surface /out/sourcedata/freesurfer/sub-v2s16x51246_ses-1/surf/lh.pial...
reading input white surface /out/sourcedata/freesurfer/sub-v2s16x51246_ses-1/surf/lh.white...
INFO: using TH3 volume calc
INFO: assuming MGZ format for volumes.
INFO: not computing global stats
INFO: using ../label/lh.cortex.label as mask to calc cortex NumVert, SurfArea and MeanThickness.
Using TH3 vertex volume calc
Total face volume 260695
Total vertex volume 260440 (mask=0)
Saving annotation colortable ../label/aparc.annot.a2009s.ctab

table columns are:
    number of vertices
    total surface area (mm^2)
    total gray matter volume (mm^3)
    average cortical thickness +- standard deviation (mm)
    integrated rectified mean curvature
    integrated rectified Gaussian curvature
    folding index
    intrinsic curvature index
    structure name

 1126    830   1967  2.037 0.643     0.137     0.036       20     1.7  G_and_S_frontomargin
 2113   1528   3986  2.368 0.673     0.136     0.027       25     2.4  G_and_S_occipital_inf
 1847   1179   2676  1.946 0.465     0.096     0.016       12     1.4  G_and_S_paracentral
 1638   1163   3705  2.754 0.577     0.131     0.025       19     1.7  G_and_S_subcentral
  617    519   1609  2.299 0.598     0.164     0.047       14     1.5  G_and_S_transv_frontopol
 2084   1551   4551  2.748 0.703     0.118     0.021       30     2.2  G_and_S_cingul-Ant
 1478   1061   2946  2.759 0.575     0.116     0.019       13     1.3  G_and_S_cingul-Mid-Ant
 1391    975   2797  2.746 0.539     0.109     0.020       11     1.1  G_and_S_cingul-Mid-Post
  607    451   2007  3.179 0.599     0.142     0.032       10     0.8  G_cingul-Post-dorsal
  282    195    698  2.543 1.055     0.117     0.023        4     0.2  G_cingul-Post-ventral
 1868   1355   2792  1.781 0.527     0.142     0.029       23     2.5  G_cuneus
 1478   1075   3852  2.712 0.447     0.119     0.020       18     1.2  G_front_inf-Opercular
  441    347   1139  2.473 0.508     0.137     0.024        7     0.5  G_front_inf-Orbital
  843    629   2092  2.519 0.476     0.130     0.022       10     0.8  G_front_inf-Triangul
 4189   3214   9884  2.412 0.495     0.137     0.028       69     5.1  G_front_middle
 8371   6087  20290  2.704 0.686     0.124     0.025      102     8.5  G_front_sup
  643    455   1559  3.261 0.769     0.115     0.031        8     0.6  G_Ins_lg_and_S_cent_ins
  644    512   2512  3.537 0.723     0.119     0.033       10     0.8  G_insular_short
 2359   1678   6434  2.729 0.825     0.139     0.030       33     2.9  G_occipital_middle
 1517   1080   2891  2.256 0.742     0.143     0.030       21     1.9  G_occipital_sup
 2204   1605   6385  3.069 0.538     0.128     0.027       33     2.4  G_oc-temp_lat-fusifor
 2488   1866   4114  1.917 0.703     0.146     0.031       33     3.3  G_oc-temp_med-Lingual
 1610   1038   3863  2.834 0.865     0.086     0.023       12     1.9  G_oc-temp_med-Parahip
 2058   1580   5885  2.716 0.809     0.141     0.034       32     2.9  G_orbital
 3176   2294   8917  2.752 0.761     0.124     0.023       44     3.1  G_pariet_inf-Angular
 3184   2346   8457  2.859 0.598     0.130     0.024       46     3.3  G_pariet_inf-Supramar
 3159   2223   5804  2.151 0.492     0.123     0.023       40     3.0  G_parietal_sup
 2536   1547   3690  1.900 0.680     0.103     0.021       23     2.2  G_postcentral
 2861   1864   5997  2.592 0.409     0.107     0.019       26     2.2  G_precentral
 2817   2041   6662  2.556 0.619     0.130     0.026       44     2.8  G_precuneus
  893    661   2105  2.557 0.702     0.136     0.034       21     1.1  G_rectus
  552    366    911  2.701 0.964     0.119     0.050        7     0.8  G_subcallosal
  530    336    983  2.469 0.472     0.098     0.017        5     0.4  G_temp_sup-G_T_transv
 2162   1515   6559  3.063 0.626     0.123     0.024       28     2.1  G_temp_sup-Lateral
  691    437   1532  3.107 0.489     0.047     0.006        1     0.1  G_temp_sup-Plan_polar
 1135    745   1922  2.464 0.518     0.074     0.010        4     0.5  G_temp_sup-Plan_tempo
 2748   2285   9328  3.089 0.699     0.151     0.037       59     4.4  G_temporal_inf
 2740   2196   9744  3.147 0.682     0.146     0.032       54     3.7  G_temporal_middle
  218    142    262  2.090 0.465     0.085     0.009        1     0.1  Lat_Fis-ant-Horizont
  259    169    299  1.953 0.389     0.074     0.007        1     0.1  Lat_Fis-ant-Vertical
 1235    822   1605  2.614 0.555     0.109     0.020        7     1.1  Lat_Fis-post
 2219   1512   3994  2.040 0.752     0.143     0.032       27     3.0  Pole_occipital
 1497   1147   5976  3.471 0.662     0.135     0.033       20     1.9  Pole_temporal
 2042   1398   2460  2.062 0.733     0.124     0.026       19     2.3  S_calcarine
 3213   2088   3238  1.725 0.500     0.087     0.013       15     1.7  S_central
 1367    896   1853  2.308 0.548     0.081     0.010        6     0.6  S_cingul-Marginalis
  524    339    914  3.124 0.766     0.105     0.018        2     0.5  S_circular_insula_ant
 1404    903   2116  2.788 0.693     0.074     0.009        4     0.6  S_circular_insula_inf
 1733   1115   2316  2.620 0.404     0.095     0.015        7     1.2  S_circular_insula_sup
  929    657   1990  3.285 0.714     0.121     0.022        8     0.9  S_collat_transv_ant
  460    330    625  2.465 0.383     0.134     0.029        4     0.5  S_collat_transv_post
 2253   1514   3098  2.174 0.443     0.108     0.020       19     1.7  S_front_inf
 1421    975   1780  2.021 0.476     0.103     0.017       10     1.0  S_front_middle
 3740   2517   5554  2.344 0.466     0.092     0.016       21     2.4  S_front_sup
  172    136    411  2.821 0.481     0.132     0.016        1     0.2  S_interm_prim-Jensen
 3631   2410   4357  2.033 0.458     0.105     0.018       23     2.8  S_intrapariet_and_P_trans
 1023    683   1119  1.971 0.356     0.115     0.022        7     0.9  S_oc_middle_and_Lunatus
 1325    875   1613  2.099 0.401     0.097     0.016        7     0.9  S_oc_sup_and_transversal
  676    458   1235  2.421 0.622     0.116     0.018        7     0.6  S_occipital_ant
 1241    825   1914  2.700 0.412     0.095     0.015        5     0.9  S_oc-temp_lat
 2609   1855   4122  2.409 0.621     0.117     0.024       26     2.9  S_oc-temp_med_and_Lingual
  297    212    415  2.086 0.397     0.127     0.025        2     0.4  S_orbital_lateral
  564    388   1006  2.911 0.682     0.131     0.028        6     0.7  S_orbital_med-olfact
 1120    804   2013  2.366 0.788     0.123     0.020       11     1.0  S_orbital-H_Shaped
 2580   1716   3400  2.224 0.681     0.101     0.015       16     1.8  S_parieto_occipital
 1407    893   1268  1.683 0.621     0.098     0.014       18     0.8  S_pericallosal
 3048   2048   3833  2.032 0.570     0.101     0.016       20     2.1  S_postcentral
 1714   1119   2539  2.389 0.406     0.084     0.012        8     0.8  S_precentral-inf-part
 1724   1155   2446  2.301 0.415     0.088     0.012       10     0.9  S_precentral-sup-part
  657    459    911  2.328 0.626     0.105     0.011        4     0.3  S_suborbital
 1190    834   1934  2.640 0.495     0.121     0.027        9     1.3  S_subparietal
 2215   1506   3101  2.415 0.429     0.106     0.016       14     1.5  S_temporal_inf
 6758   4571  10982  2.592 0.554     0.099     0.017       43     4.7  S_temporal_sup
  381    263    496  2.358 0.259     0.102     0.010        2     0.2  S_temporal_transverse
#-----------------------------------------
#@# Parcellation Stats 3 lh Wed Mar 11 13:27:07 CET 2026
/out/sourcedata/freesurfer/sub-v2s16x51246_ses-1/scripts

 mris_anatomical_stats -th3 -mgz -noglobal -cortex ../label/lh.cortex.label -f ../stats/lh.aparc.DKTatlas.stats -b -a ../label/lh.aparc.DKTatlas.annot -c ../label/aparc.annot.DKTatlas.ctab sub-v2s16x51246_ses-1 lh white 

computing statistics for each annotation in ../label/lh.aparc.DKTatlas.annot.
reading volume /out/sourcedata/freesurfer/sub-v2s16x51246_ses-1/mri/wm.mgz...
reading input surface /out/sourcedata/freesurfer/sub-v2s16x51246_ses-1/surf/lh.white...
reading input pial surface /out/sourcedata/freesurfer/sub-v2s16x51246_ses-1/surf/lh.pial...
reading input white surface /out/sourcedata/freesurfer/sub-v2s16x51246_ses-1/surf/lh.white...
INFO: using TH3 volume calc
INFO: assuming MGZ format for volumes.
INFO: not computing global stats
INFO: using ../label/lh.cortex.label as mask to calc cortex NumVert, SurfArea and MeanThickness.
Using TH3 vertex volume calc
Total face volume 260695
Total vertex volume 260440 (mask=0)
Saving annotation colortable ../label/aparc.annot.DKTatlas.ctab

table columns are:
    number of vertices
    total surface area (mm^2)
    total gray matter volume (mm^3)
    average cortical thickness +- standard deviation (mm)
    integrated rectified mean curvature
    integrated rectified Gaussian curvature
    folding index
    intrinsic curvature index
    structure name

 1664   1181   3454  2.588 0.755     0.124     0.019       19     1.5  caudalanteriorcingulate
 4340   3006   8074  2.459 0.466     0.109     0.019       44     3.5  caudalmiddlefrontal
 3088   2158   4341  1.880 0.496     0.122     0.024       29     3.3  cuneus
  706    504   2091  3.114 0.981     0.123     0.043        8     1.7  entorhinal
 4984   3574  11355  2.856 0.631     0.122     0.025       59     5.1  fusiform
 7398   5207  15605  2.478 0.724     0.114     0.020       73     6.4  inferiorparietal
 5389   4089  14590  2.970 0.710     0.131     0.028       77     6.6  inferiortemporal
 1486   1027   3079  2.498 0.888     0.120     0.027       18     1.7  isthmuscingulate
 7968   5513  14430  2.251 0.692     0.135     0.029       91     9.6  lateraloccipital
 3420   2455   7700  2.656 0.842     0.129     0.028       46     4.0  lateralorbitofrontal
 3702   2732   5824  2.048 0.658     0.137     0.027       42     4.4  lingual
 2066   1503   4038  2.515 0.679     0.126     0.032       36     2.5  medialorbitofrontal
 7104   5233  17983  2.873 0.653     0.120     0.023       88     6.9  middletemporal
 1463    954   2821  2.646 0.706     0.081     0.018        9     1.1  parahippocampal
 2986   1936   4642  2.238 0.538     0.090     0.013       18     1.7  paracentral
 2171   1489   4362  2.528 0.450     0.102     0.015       18     1.4  parsopercularis
  943    697   1802  2.285 0.622     0.122     0.023       10     0.9  parsorbitalis
 1899   1324   3479  2.332 0.509     0.110     0.020       17     1.5  parstriangularis
 1788   1217   1836  1.735 0.510     0.132     0.028       19     2.2  pericalcarine
 7500   4861  10391  1.931 0.697     0.101     0.017       59     5.5  postcentral
 2041   1453   4029  2.576 0.786     0.115     0.020       22     1.7  posteriorcingulate
 7761   5106  13408  2.421 0.504     0.101     0.018       57     5.4  precentral
 5720   4007  10742  2.503 0.663     0.118     0.022       64     5.0  precuneus
 1714   1250   3810  2.793 0.854     0.122     0.025       30     2.0  rostralanteriorcingulate
 5395   4079  10457  2.246 0.510     0.132     0.029       74     6.9  rostralmiddlefrontal
12849   9236  27179  2.550 0.670     0.116     0.022      132    12.1  superiorfrontal
 7032   4841  10976  2.068 0.525     0.115     0.020       70     5.9  superiorparietal
 7965   5346  17820  2.843 0.635     0.097     0.017       61     5.7  superiortemporal
 5898   4180  12536  2.715 0.601     0.119     0.023       61     5.7  supramarginal
  676    454   1091  2.311 0.355     0.114     0.019        7     0.5  transversetemporal
 2810   1948   6495  3.182 0.746     0.105     0.022       25     2.4  insula
/out/sourcedata/freesurfer/sub-v2s16x51246_ses-1/label
#--------------------------------------------
#@# BA_exvivo Labels lh Wed Mar 11 13:27:16 CET 2026

 mri_label2label --srcsubject fsaverage --srclabel /out/sourcedata/freesurfer/fsaverage/label/lh.BA1_exvivo.label --trgsubject sub-v2s16x51246_ses-1 --trglabel ./lh.BA1_exvivo.label --hemi lh --regmethod surface 


srclabel = /out/sourcedata/freesurfer/fsaverage/label/lh.BA1_exvivo.label
srcsubject = fsaverage
trgsubject = sub-v2s16x51246_ses-1
trglabel = ./lh.BA1_exvivo.label
regmethod = surface

srchemi = lh
trghemi = lh
trgsurface = white
srcsurfreg = sphere.reg
trgsurfreg = sphere.reg
usehash = 1
Use ProjAbs  = 0, 0
Use ProjFrac = 0, 0
DoPaint 0

SUBJECTS_DIR    /out/sourcedata/freesurfer
FREESURFER_HOME /opt/freesurfer
Loading source label.
Found 4129 points in source label.
Starting surface-based mapping
Reading source registration 
 /out/sourcedata/freesurfer/fsaverage/surf/lh.sphere.reg
Rescaling ...  original radius = 100
Reading target surface 
 /out/sourcedata/freesurfer/sub-v2s16x51246_ses-1/surf/lh.white
Reading target registration 
 /out/sourcedata/freesurfer/sub-v2s16x51246_ses-1/surf/lh.sphere.reg
Rescaling ...  original radius = 100
Building target registration hash (res=16).
Building source registration hash (res=16).
INFO: found  4129 nlabel points
Performing mapping from target back to the source label 140455
Number of reverse mapping hits = 226
Checking for and removing duplicates
Writing label file ./lh.BA1_exvivo.label 4355
mri_label2label: Done


 mri_label2label --srcsubject fsaverage --srclabel /out/sourcedata/freesurfer/fsaverage/label/lh.BA2_exvivo.label --trgsubject sub-v2s16x51246_ses-1 --trglabel ./lh.BA2_exvivo.label --hemi lh --regmethod surface 


srclabel = /out/sourcedata/freesurfer/fsaverage/label/lh.BA2_exvivo.label
srcsubject = fsaverage
trgsubject = sub-v2s16x51246_ses-1
trglabel = ./lh.BA2_exvivo.label
regmethod = surface

srchemi = lh
trghemi = lh
trgsurface = white
srcsurfreg = sphere.reg
trgsurfreg = sphere.reg
usehash = 1
Use ProjAbs  = 0, 0
Use ProjFrac = 0, 0
DoPaint 0

SUBJECTS_DIR    /out/sourcedata/freesurfer
FREESURFER_HOME /opt/freesurfer
Loading source label.
Found 7909 points in source label.
Starting surface-based mapping
Reading source registration 
 /out/sourcedata/freesurfer/fsaverage/surf/lh.sphere.reg
Rescaling ...  original radius = 100
Reading target surface 
 /out/sourcedata/freesurfer/sub-v2s16x51246_ses-1/surf/lh.white
Reading target registration 
 /out/sourcedata/freesurfer/sub-v2s16x51246_ses-1/surf/lh.sphere.reg
Rescaling ...  original radius = 100
Building target registration hash (res=16).
Building source registration hash (res=16).
INFO: found  7909 nlabel points
Performing mapping from target back to the source label 140455
Number of reverse mapping hits = 274
Checking for and removing duplicates
Writing label file ./lh.BA2_exvivo.label 8183
mri_label2label: Done


 mri_label2label --srcsubject fsaverage --srclabel /out/sourcedata/freesurfer/fsaverage/label/lh.BA3a_exvivo.label --trgsubject sub-v2s16x51246_ses-1 --trglabel ./lh.BA3a_exvivo.label --hemi lh --regmethod surface 


srclabel = /out/sourcedata/freesurfer/fsaverage/label/lh.BA3a_exvivo.label
srcsubject = fsaverage
trgsubject = sub-v2s16x51246_ses-1
trglabel = ./lh.BA3a_exvivo.label
regmethod = surface

srchemi = lh
trghemi = lh
trgsurface = white
srcsurfreg = sphere.reg
trgsurfreg = sphere.reg
usehash = 1
Use ProjAbs  = 0, 0
Use ProjFrac = 0, 0
DoPaint 0

SUBJECTS_DIR    /out/sourcedata/freesurfer
FREESURFER_HOME /opt/freesurfer
Loading source label.
Found 4077 points in source label.
Starting surface-based mapping
Reading source registration 
 /out/sourcedata/freesurfer/fsaverage/surf/lh.sphere.reg
Rescaling ...  original radius = 100
Reading target surface 
 /out/sourcedata/freesurfer/sub-v2s16x51246_ses-1/surf/lh.white
Reading target registration 
 /out/sourcedata/freesurfer/sub-v2s16x51246_ses-1/surf/lh.sphere.reg
Rescaling ...  original radius = 100
Building target registration hash (res=16).
Building source registration hash (res=16).
INFO: found  4077 nlabel points
Performing mapping from target back to the source label 140455
Number of reverse mapping hits = 55
Checking for and removing duplicates
Writing label file ./lh.BA3a_exvivo.label 4132
mri_label2label: Done


 mri_label2label --srcsubject fsaverage --srclabel /out/sourcedata/freesurfer/fsaverage/label/lh.BA3b_exvivo.label --trgsubject sub-v2s16x51246_ses-1 --trglabel ./lh.BA3b_exvivo.label --hemi lh --regmethod surface 


srclabel = /out/sourcedata/freesurfer/fsaverage/label/lh.BA3b_exvivo.label
srcsubject = fsaverage
trgsubject = sub-v2s16x51246_ses-1
trglabel = ./lh.BA3b_exvivo.label
regmethod = surface

srchemi = lh
trghemi = lh
trgsurface = white
srcsurfreg = sphere.reg
trgsurfreg = sphere.reg
usehash = 1
Use ProjAbs  = 0, 0
Use ProjFrac = 0, 0
DoPaint 0

SUBJECTS_DIR    /out/sourcedata/freesurfer
FREESURFER_HOME /opt/freesurfer
Loading source label.
Found 5983 points in source label.
Starting surface-based mapping
Reading source registration 
 /out/sourcedata/freesurfer/fsaverage/surf/lh.sphere.reg
Rescaling ...  original radius = 100
Reading target surface 
 /out/sourcedata/freesurfer/sub-v2s16x51246_ses-1/surf/lh.white
Reading target registration 
 /out/sourcedata/freesurfer/sub-v2s16x51246_ses-1/surf/lh.sphere.reg
Rescaling ...  original radius = 100
Building target registration hash (res=16).
Building source registration hash (res=16).
INFO: found  5983 nlabel points
Performing mapping from target back to the source label 140455
Number of reverse mapping hits = 147
Checking for and removing duplicates
Writing label file ./lh.BA3b_exvivo.label 6130
mri_label2label: Done


 mri_label2label --srcsubject fsaverage --srclabel /out/sourcedata/freesurfer/fsaverage/label/lh.BA4a_exvivo.label --trgsubject sub-v2s16x51246_ses-1 --trglabel ./lh.BA4a_exvivo.label --hemi lh --regmethod surface 


srclabel = /out/sourcedata/freesurfer/fsaverage/label/lh.BA4a_exvivo.label
srcsubject = fsaverage
trgsubject = sub-v2s16x51246_ses-1
trglabel = ./lh.BA4a_exvivo.label
regmethod = surface

srchemi = lh
trghemi = lh
trgsurface = white
srcsurfreg = sphere.reg
trgsurfreg = sphere.reg
usehash = 1
Use ProjAbs  = 0, 0
Use ProjFrac = 0, 0
DoPaint 0

SUBJECTS_DIR    /out/sourcedata/freesurfer
FREESURFER_HOME /opt/freesurfer
Loading source label.
Found 5784 points in source label.
Starting surface-based mapping
Reading source registration 
 /out/sourcedata/freesurfer/fsaverage/surf/lh.sphere.reg
Rescaling ...  original radius = 100
Reading target surface 
 /out/sourcedata/freesurfer/sub-v2s16x51246_ses-1/surf/lh.white
Reading target registration 
 /out/sourcedata/freesurfer/sub-v2s16x51246_ses-1/surf/lh.sphere.reg
Rescaling ...  original radius = 100
Building target registration hash (res=16).
Building source registration hash (res=16).
INFO: found  5784 nlabel points
Performing mapping from target back to the source label 140455
Number of reverse mapping hits = 210
Checking for and removing duplicates
Writing label file ./lh.BA4a_exvivo.label 5994
mri_label2label: Done


 mri_label2label --srcsubject fsaverage --srclabel /out/sourcedata/freesurfer/fsaverage/label/lh.BA4p_exvivo.label --trgsubject sub-v2s16x51246_ses-1 --trglabel ./lh.BA4p_exvivo.label --hemi lh --regmethod surface 


srclabel = /out/sourcedata/freesurfer/fsaverage/label/lh.BA4p_exvivo.label
srcsubject = fsaverage
trgsubject = sub-v2s16x51246_ses-1
trglabel = ./lh.BA4p_exvivo.label
regmethod = surface

srchemi = lh
trghemi = lh
trgsurface = white
srcsurfreg = sphere.reg
trgsurfreg = sphere.reg
usehash = 1
Use ProjAbs  = 0, 0
Use ProjFrac = 0, 0
DoPaint 0

SUBJECTS_DIR    /out/sourcedata/freesurfer
FREESURFER_HOME /opt/freesurfer
Loading source label.
Found 4070 points in source label.
Starting surface-based mapping
Reading source registration 
 /out/sourcedata/freesurfer/fsaverage/surf/lh.sphere.reg
Rescaling ...  original radius = 100
Reading target surface 
 /out/sourcedata/freesurfer/sub-v2s16x51246_ses-1/surf/lh.white
Reading target registration 
 /out/sourcedata/freesurfer/sub-v2s16x51246_ses-1/surf/lh.sphere.reg
Rescaling ...  original radius = 100
Building target registration hash (res=16).
Building source registration hash (res=16).
INFO: found  4070 nlabel points
Performing mapping from target back to the source label 140455
Number of reverse mapping hits = 75
Checking for and removing duplicates
Writing label file ./lh.BA4p_exvivo.label 4145
mri_label2label: Done


 mri_label2label --srcsubject fsaverage --srclabel /out/sourcedata/freesurfer/fsaverage/label/lh.BA6_exvivo.label --trgsubject sub-v2s16x51246_ses-1 --trglabel ./lh.BA6_exvivo.label --hemi lh --regmethod surface 


srclabel = /out/sourcedata/freesurfer/fsaverage/label/lh.BA6_exvivo.label
srcsubject = fsaverage
trgsubject = sub-v2s16x51246_ses-1
trglabel = ./lh.BA6_exvivo.label
regmethod = surface

srchemi = lh
trghemi = lh
trgsurface = white
srcsurfreg = sphere.reg
trgsurfreg = sphere.reg
usehash = 1
Use ProjAbs  = 0, 0
Use ProjFrac = 0, 0
DoPaint 0

SUBJECTS_DIR    /out/sourcedata/freesurfer
FREESURFER_HOME /opt/freesurfer
Loading source label.
Found 13589 points in source label.
Starting surface-based mapping
Reading source registration 
 /out/sourcedata/freesurfer/fsaverage/surf/lh.sphere.reg
Rescaling ...  original radius = 100
Reading target surface 
 /out/sourcedata/freesurfer/sub-v2s16x51246_ses-1/surf/lh.white
Reading target registration 
 /out/sourcedata/freesurfer/sub-v2s16x51246_ses-1/surf/lh.sphere.reg
Rescaling ...  original radius = 100
Building target registration hash (res=16).
Building source registration hash (res=16).
INFO: found  13589 nlabel points
Performing mapping from target back to the source label 140455
Number of reverse mapping hits = 1488
Checking for and removing duplicates
Writing label file ./lh.BA6_exvivo.label 15077
mri_label2label: Done


 mri_label2label --srcsubject fsaverage --srclabel /out/sourcedata/freesurfer/fsaverage/label/lh.BA44_exvivo.label --trgsubject sub-v2s16x51246_ses-1 --trglabel ./lh.BA44_exvivo.label --hemi lh --regmethod surface 


srclabel = /out/sourcedata/freesurfer/fsaverage/label/lh.BA44_exvivo.label
srcsubject = fsaverage
trgsubject = sub-v2s16x51246_ses-1
trglabel = ./lh.BA44_exvivo.label
regmethod = surface

srchemi = lh
trghemi = lh
trgsurface = white
srcsurfreg = sphere.reg
trgsurfreg = sphere.reg
usehash = 1
Use ProjAbs  = 0, 0
Use ProjFrac = 0, 0
DoPaint 0

SUBJECTS_DIR    /out/sourcedata/freesurfer
FREESURFER_HOME /opt/freesurfer
Loading source label.
Found 4181 points in source label.
Starting surface-based mapping
Reading source registration 
 /out/sourcedata/freesurfer/fsaverage/surf/lh.sphere.reg
Rescaling ...  original radius = 100
Reading target surface 
 /out/sourcedata/freesurfer/sub-v2s16x51246_ses-1/surf/lh.white
Reading target registration 
 /out/sourcedata/freesurfer/sub-v2s16x51246_ses-1/surf/lh.sphere.reg
Rescaling ...  original radius = 100
Building target registration hash (res=16).
Building source registration hash (res=16).
INFO: found  4181 nlabel points
Performing mapping from target back to the source label 140455
Number of reverse mapping hits = 218
Checking for and removing duplicates
Writing label file ./lh.BA44_exvivo.label 4399
mri_label2label: Done


 mri_label2label --srcsubject fsaverage --srclabel /out/sourcedata/freesurfer/fsaverage/label/lh.BA45_exvivo.label --trgsubject sub-v2s16x51246_ses-1 --trglabel ./lh.BA45_exvivo.label --hemi lh --regmethod surface 


srclabel = /out/sourcedata/freesurfer/fsaverage/label/lh.BA45_exvivo.label
srcsubject = fsaverage
trgsubject = sub-v2s16x51246_ses-1
trglabel = ./lh.BA45_exvivo.label
regmethod = surface

srchemi = lh
trghemi = lh
trgsurface = white
srcsurfreg = sphere.reg
trgsurfreg = sphere.reg
usehash = 1
Use ProjAbs  = 0, 0
Use ProjFrac = 0, 0
DoPaint 0

SUBJECTS_DIR    /out/sourcedata/freesurfer
FREESURFER_HOME /opt/freesurfer
Loading source label.
Found 3422 points in source label.
Starting surface-based mapping
Reading source registration 
 /out/sourcedata/freesurfer/fsaverage/surf/lh.sphere.reg
Rescaling ...  original radius = 100
Reading target surface 
 /out/sourcedata/freesurfer/sub-v2s16x51246_ses-1/surf/lh.white
Reading target registration 
 /out/sourcedata/freesurfer/sub-v2s16x51246_ses-1/surf/lh.sphere.reg
Rescaling ...  original radius = 100
Building target registration hash (res=16).
Building source registration hash (res=16).
INFO: found  3422 nlabel points
Performing mapping from target back to the source label 140455
Number of reverse mapping hits = 240
Checking for and removing duplicates
Writing label file ./lh.BA45_exvivo.label 3662
mri_label2label: Done


 mri_label2label --srcsubject fsaverage --srclabel /out/sourcedata/freesurfer/fsaverage/label/lh.V1_exvivo.label --trgsubject sub-v2s16x51246_ses-1 --trglabel ./lh.V1_exvivo.label --hemi lh --regmethod surface 


srclabel = /out/sourcedata/freesurfer/fsaverage/label/lh.V1_exvivo.label
srcsubject = fsaverage
trgsubject = sub-v2s16x51246_ses-1
trglabel = ./lh.V1_exvivo.label
regmethod = surface

srchemi = lh
trghemi = lh
trgsurface = white
srcsurfreg = sphere.reg
trgsurfreg = sphere.reg
usehash = 1
Use ProjAbs  = 0, 0
Use ProjFrac = 0, 0
DoPaint 0

SUBJECTS_DIR    /out/sourcedata/freesurfer
FREESURFER_HOME /opt/freesurfer
Loading source label.
Found 4641 points in source label.
Starting surface-based mapping
Reading source registration 
 /out/sourcedata/freesurfer/fsaverage/surf/lh.sphere.reg
Rescaling ...  original radius = 100
Reading target surface 
 /out/sourcedata/freesurfer/sub-v2s16x51246_ses-1/surf/lh.white
Reading target registration 
 /out/sourcedata/freesurfer/sub-v2s16x51246_ses-1/surf/lh.sphere.reg
Rescaling ...  original radius = 100
Building target registration hash (res=16).
Building source registration hash (res=16).
INFO: found  4641 nlabel points
Performing mapping from target back to the source label 140455
Number of reverse mapping hits = 771
Checking for and removing duplicates
Writing label file ./lh.V1_exvivo.label 5412
mri_label2label: Done


 mri_label2label --srcsubject fsaverage --srclabel /out/sourcedata/freesurfer/fsaverage/label/lh.V2_exvivo.label --trgsubject sub-v2s16x51246_ses-1 --trglabel ./lh.V2_exvivo.label --hemi lh --regmethod surface 


srclabel = /out/sourcedata/freesurfer/fsaverage/label/lh.V2_exvivo.label
srcsubject = fsaverage
trgsubject = sub-v2s16x51246_ses-1
trglabel = ./lh.V2_exvivo.label
regmethod = surface

srchemi = lh
trghemi = lh
trgsurface = white
srcsurfreg = sphere.reg
trgsurfreg = sphere.reg
usehash = 1
Use ProjAbs  = 0, 0
Use ProjFrac = 0, 0
DoPaint 0

SUBJECTS_DIR    /out/sourcedata/freesurfer
FREESURFER_HOME /opt/freesurfer
Loading source label.
Found 8114 points in source label.
Starting surface-based mapping
Reading source registration 
 /out/sourcedata/freesurfer/fsaverage/surf/lh.sphere.reg
Rescaling ...  original radius = 100
Reading target surface 
 /out/sourcedata/freesurfer/sub-v2s16x51246_ses-1/surf/lh.white
Reading target registration 
 /out/sourcedata/freesurfer/sub-v2s16x51246_ses-1/surf/lh.sphere.reg
Rescaling ...  original radius = 100
Building target registration hash (res=16).
Building source registration hash (res=16).
INFO: found  8114 nlabel points
Performing mapping from target back to the source label 140455
Number of reverse mapping hits = 1745
Checking for and removing duplicates
Writing label file ./lh.V2_exvivo.label 9859
mri_label2label: Done


 mri_label2label --srcsubject fsaverage --srclabel /out/sourcedata/freesurfer/fsaverage/label/lh.MT_exvivo.label --trgsubject sub-v2s16x51246_ses-1 --trglabel ./lh.MT_exvivo.label --hemi lh --regmethod surface 


srclabel = /out/sourcedata/freesurfer/fsaverage/label/lh.MT_exvivo.label
srcsubject = fsaverage
trgsubject = sub-v2s16x51246_ses-1
trglabel = ./lh.MT_exvivo.label
regmethod = surface

srchemi = lh
trghemi = lh
trgsurface = white
srcsurfreg = sphere.reg
trgsurfreg = sphere.reg
usehash = 1
Use ProjAbs  = 0, 0
Use ProjFrac = 0, 0
DoPaint 0

SUBJECTS_DIR    /out/sourcedata/freesurfer
FREESURFER_HOME /opt/freesurfer
Loading source label.
Found 2018 points in source label.
Starting surface-based mapping
Reading source registration 
 /out/sourcedata/freesurfer/fsaverage/surf/lh.sphere.reg
Rescaling ...  original radius = 100
Reading target surface 
 /out/sourcedata/freesurfer/sub-v2s16x51246_ses-1/surf/lh.white
Reading target registration 
 /out/sourcedata/freesurfer/sub-v2s16x51246_ses-1/surf/lh.sphere.reg
Rescaling ...  original radius = 100
Building target registration hash (res=16).
Building source registration hash (res=16).
INFO: found  2018 nlabel points
Performing mapping from target back to the source label 140455
Number of reverse mapping hits = 526
Checking for and removing duplicates
Writing label file ./lh.MT_exvivo.label 2544
mri_label2label: Done


 mri_label2label --srcsubject fsaverage --srclabel /out/sourcedata/freesurfer/fsaverage/label/lh.entorhinal_exvivo.label --trgsubject sub-v2s16x51246_ses-1 --trglabel ./lh.entorhinal_exvivo.label --hemi lh --regmethod surface 


srclabel = /out/sourcedata/freesurfer/fsaverage/label/lh.entorhinal_exvivo.label
srcsubject = fsaverage
trgsubject = sub-v2s16x51246_ses-1
trglabel = ./lh.entorhinal_exvivo.label
regmethod = surface

srchemi = lh
trghemi = lh
trgsurface = white
srcsurfreg = sphere.reg
trgsurfreg = sphere.reg
usehash = 1
Use ProjAbs  = 0, 0
Use ProjFrac = 0, 0
DoPaint 0

SUBJECTS_DIR    /out/sourcedata/freesurfer
FREESURFER_HOME /opt/freesurfer
Loading source label.
Found 1290 points in source label.
Starting surface-based mapping
Reading source registration 
 /out/sourcedata/freesurfer/fsaverage/surf/lh.sphere.reg
Rescaling ...  original radius = 100
Reading target surface 
 /out/sourcedata/freesurfer/sub-v2s16x51246_ses-1/surf/lh.white
Reading target registration 
 /out/sourcedata/freesurfer/sub-v2s16x51246_ses-1/surf/lh.sphere.reg
Rescaling ...  original radius = 100
Building target registration hash (res=16).
Building source registration hash (res=16).
INFO: found  1290 nlabel points
Performing mapping from target back to the source label 140455
Number of reverse mapping hits = 173
Checking for and removing duplicates
Writing label file ./lh.entorhinal_exvivo.label 1463
mri_label2label: Done


 mri_label2label --srcsubject fsaverage --srclabel /out/sourcedata/freesurfer/fsaverage/label/lh.perirhinal_exvivo.label --trgsubject sub-v2s16x51246_ses-1 --trglabel ./lh.perirhinal_exvivo.label --hemi lh --regmethod surface 


srclabel = /out/sourcedata/freesurfer/fsaverage/label/lh.perirhinal_exvivo.label
srcsubject = fsaverage
trgsubject = sub-v2s16x51246_ses-1
trglabel = ./lh.perirhinal_exvivo.label
regmethod = surface

srchemi = lh
trghemi = lh
trgsurface = white
srcsurfreg = sphere.reg
trgsurfreg = sphere.reg
usehash = 1
Use ProjAbs  = 0, 0
Use ProjFrac = 0, 0
DoPaint 0

SUBJECTS_DIR    /out/sourcedata/freesurfer
FREESURFER_HOME /opt/freesurfer
Loading source label.
Found 1199 points in source label.
Starting surface-based mapping
Reading source registration 
 /out/sourcedata/freesurfer/fsaverage/surf/lh.sphere.reg
Rescaling ...  original radius = 100
Reading target surface 
 /out/sourcedata/freesurfer/sub-v2s16x51246_ses-1/surf/lh.white
Reading target registration 
 /out/sourcedata/freesurfer/sub-v2s16x51246_ses-1/surf/lh.sphere.reg
Rescaling ...  original radius = 100
Building target registration hash (res=16).
Building source registration hash (res=16).
INFO: found  1199 nlabel points
Performing mapping from target back to the source label 140455
Number of reverse mapping hits = 138
Checking for and removing duplicates
Writing label file ./lh.perirhinal_exvivo.label 1337
mri_label2label: Done


 mri_label2label --srcsubject fsaverage --srclabel /out/sourcedata/freesurfer/fsaverage/label/lh.FG1.mpm.vpnl.label --trgsubject sub-v2s16x51246_ses-1 --trglabel ./lh.FG1.mpm.vpnl.label --hemi lh --regmethod surface 


srclabel = /out/sourcedata/freesurfer/fsaverage/label/lh.FG1.mpm.vpnl.label
srcsubject = fsaverage
trgsubject = sub-v2s16x51246_ses-1
trglabel = ./lh.FG1.mpm.vpnl.label
regmethod = surface

srchemi = lh
trghemi = lh
trgsurface = white
srcsurfreg = sphere.reg
trgsurfreg = sphere.reg
usehash = 1
Use ProjAbs  = 0, 0
Use ProjFrac = 0, 0
DoPaint 0

SUBJECTS_DIR    /out/sourcedata/freesurfer
FREESURFER_HOME /opt/freesurfer
Loading source label.
Found 414 points in source label.
Starting surface-based mapping
Reading source registration 
 /out/sourcedata/freesurfer/fsaverage/surf/lh.sphere.reg
Rescaling ...  original radius = 100
Reading target surface 
 /out/sourcedata/freesurfer/sub-v2s16x51246_ses-1/surf/lh.white
Reading target registration 
 /out/sourcedata/freesurfer/sub-v2s16x51246_ses-1/surf/lh.sphere.reg
Rescaling ...  original radius = 100
Building target registration hash (res=16).
Building source registration hash (res=16).
INFO: found  414 nlabel points
Performing mapping from target back to the source label 140455
Number of reverse mapping hits = 229
Checking for and removing duplicates
Writing label file ./lh.FG1.mpm.vpnl.label 643
mri_label2label: Done


 mri_label2label --srcsubject fsaverage --srclabel /out/sourcedata/freesurfer/fsaverage/label/lh.FG2.mpm.vpnl.label --trgsubject sub-v2s16x51246_ses-1 --trglabel ./lh.FG2.mpm.vpnl.label --hemi lh --regmethod surface 


srclabel = /out/sourcedata/freesurfer/fsaverage/label/lh.FG2.mpm.vpnl.label
srcsubject = fsaverage
trgsubject = sub-v2s16x51246_ses-1
trglabel = ./lh.FG2.mpm.vpnl.label
regmethod = surface

srchemi = lh
trghemi = lh
trgsurface = white
srcsurfreg = sphere.reg
trgsurfreg = sphere.reg
usehash = 1
Use ProjAbs  = 0, 0
Use ProjFrac = 0, 0
DoPaint 0

SUBJECTS_DIR    /out/sourcedata/freesurfer
FREESURFER_HOME /opt/freesurfer
Loading source label.
Found 703 points in source label.
Starting surface-based mapping
Reading source registration 
 /out/sourcedata/freesurfer/fsaverage/surf/lh.sphere.reg
Rescaling ...  original radius = 100
Reading target surface 
 /out/sourcedata/freesurfer/sub-v2s16x51246_ses-1/surf/lh.white
Reading target registration 
 /out/sourcedata/freesurfer/sub-v2s16x51246_ses-1/surf/lh.sphere.reg
Rescaling ...  original radius = 100
Building target registration hash (res=16).
Building source registration hash (res=16).
INFO: found  703 nlabel points
Performing mapping from target back to the source label 140455
Number of reverse mapping hits = 375
Checking for and removing duplicates
Writing label file ./lh.FG2.mpm.vpnl.label 1078
mri_label2label: Done


 mri_label2label --srcsubject fsaverage --srclabel /out/sourcedata/freesurfer/fsaverage/label/lh.FG3.mpm.vpnl.label --trgsubject sub-v2s16x51246_ses-1 --trglabel ./lh.FG3.mpm.vpnl.label --hemi lh --regmethod surface 


srclabel = /out/sourcedata/freesurfer/fsaverage/label/lh.FG3.mpm.vpnl.label
srcsubject = fsaverage
trgsubject = sub-v2s16x51246_ses-1
trglabel = ./lh.FG3.mpm.vpnl.label
regmethod = surface

srchemi = lh
trghemi = lh
trgsurface = white
srcsurfreg = sphere.reg
trgsurfreg = sphere.reg
usehash = 1
Use ProjAbs  = 0, 0
Use ProjFrac = 0, 0
DoPaint 0

SUBJECTS_DIR    /out/sourcedata/freesurfer
FREESURFER_HOME /opt/freesurfer
Loading source label.
Found 1873 points in source label.
Starting surface-based mapping
Reading source registration 
 /out/sourcedata/freesurfer/fsaverage/surf/lh.sphere.reg
Rescaling ...  original radius = 100
Reading target surface 
 /out/sourcedata/freesurfer/sub-v2s16x51246_ses-1/surf/lh.white
Reading target registration 
 /out/sourcedata/freesurfer/sub-v2s16x51246_ses-1/surf/lh.sphere.reg
Rescaling ...  original radius = 100
Building target registration hash (res=16).
Building source registration hash (res=16).
INFO: found  1873 nlabel points
Performing mapping from target back to the source label 140455
Number of reverse mapping hits = 307
Checking for and removing duplicates
Writing label file ./lh.FG3.mpm.vpnl.label 2180
mri_label2label: Done


 mri_label2label --srcsubject fsaverage --srclabel /out/sourcedata/freesurfer/fsaverage/label/lh.FG4.mpm.vpnl.label --trgsubject sub-v2s16x51246_ses-1 --trglabel ./lh.FG4.mpm.vpnl.label --hemi lh --regmethod surface 


srclabel = /out/sourcedata/freesurfer/fsaverage/label/lh.FG4.mpm.vpnl.label
srcsubject = fsaverage
trgsubject = sub-v2s16x51246_ses-1
trglabel = ./lh.FG4.mpm.vpnl.label
regmethod = surface

srchemi = lh
trghemi = lh
trgsurface = white
srcsurfreg = sphere.reg
trgsurfreg = sphere.reg
usehash = 1
Use ProjAbs  = 0, 0
Use ProjFrac = 0, 0
DoPaint 0

SUBJECTS_DIR    /out/sourcedata/freesurfer
FREESURFER_HOME /opt/freesurfer
Loading source label.
Found 2101 points in source label.
Starting surface-based mapping
Reading source registration 
 /out/sourcedata/freesurfer/fsaverage/surf/lh.sphere.reg
Rescaling ...  original radius = 100
Reading target surface 
 /out/sourcedata/freesurfer/sub-v2s16x51246_ses-1/surf/lh.white
Reading target registration 
 /out/sourcedata/freesurfer/sub-v2s16x51246_ses-1/surf/lh.sphere.reg
Rescaling ...  original radius = 100
Building target registration hash (res=16).
Building source registration hash (res=16).
INFO: found  2101 nlabel points
Performing mapping from target back to the source label 140455
Number of reverse mapping hits = 564
Checking for and removing duplicates
Writing label file ./lh.FG4.mpm.vpnl.label 2665
mri_label2label: Done


 mri_label2label --srcsubject fsaverage --srclabel /out/sourcedata/freesurfer/fsaverage/label/lh.hOc1.mpm.vpnl.label --trgsubject sub-v2s16x51246_ses-1 --trglabel ./lh.hOc1.mpm.vpnl.label --hemi lh --regmethod surface 


srclabel = /out/sourcedata/freesurfer/fsaverage/label/lh.hOc1.mpm.vpnl.label
srcsubject = fsaverage
trgsubject = sub-v2s16x51246_ses-1
trglabel = ./lh.hOc1.mpm.vpnl.label
regmethod = surface

srchemi = lh
trghemi = lh
trgsurface = white
srcsurfreg = sphere.reg
trgsurfreg = sphere.reg
usehash = 1
Use ProjAbs  = 0, 0
Use ProjFrac = 0, 0
DoPaint 0

SUBJECTS_DIR    /out/sourcedata/freesurfer
FREESURFER_HOME /opt/freesurfer
Loading source label.
Found 3877 points in source label.
Starting surface-based mapping
Reading source registration 
 /out/sourcedata/freesurfer/fsaverage/surf/lh.sphere.reg
Rescaling ...  original radius = 100
Reading target surface 
 /out/sourcedata/freesurfer/sub-v2s16x51246_ses-1/surf/lh.white
Reading target registration 
 /out/sourcedata/freesurfer/sub-v2s16x51246_ses-1/surf/lh.sphere.reg
Rescaling ...  original radius = 100
Building target registration hash (res=16).
Building source registration hash (res=16).
INFO: found  3877 nlabel points
Performing mapping from target back to the source label 140455
Number of reverse mapping hits = 550
Checking for and removing duplicates
Writing label file ./lh.hOc1.mpm.vpnl.label 4427
mri_label2label: Done


 mri_label2label --srcsubject fsaverage --srclabel /out/sourcedata/freesurfer/fsaverage/label/lh.hOc2.mpm.vpnl.label --trgsubject sub-v2s16x51246_ses-1 --trglabel ./lh.hOc2.mpm.vpnl.label --hemi lh --regmethod surface 


srclabel = /out/sourcedata/freesurfer/fsaverage/label/lh.hOc2.mpm.vpnl.label
srcsubject = fsaverage
trgsubject = sub-v2s16x51246_ses-1
trglabel = ./lh.hOc2.mpm.vpnl.label
regmethod = surface

srchemi = lh
trghemi = lh
trgsurface = white
srcsurfreg = sphere.reg
trgsurfreg = sphere.reg
usehash = 1
Use ProjAbs  = 0, 0
Use ProjFrac = 0, 0
DoPaint 0

SUBJECTS_DIR    /out/sourcedata/freesurfer
FREESURFER_HOME /opt/freesurfer
Loading source label.
Found 2919 points in source label.
Starting surface-based mapping
Reading source registration 
 /out/sourcedata/freesurfer/fsaverage/surf/lh.sphere.reg
Rescaling ...  original radius = 100
Reading target surface 
 /out/sourcedata/freesurfer/sub-v2s16x51246_ses-1/surf/lh.white
Reading target registration 
 /out/sourcedata/freesurfer/sub-v2s16x51246_ses-1/surf/lh.sphere.reg
Rescaling ...  original radius = 100
Building target registration hash (res=16).
Building source registration hash (res=16).
INFO: found  2919 nlabel points
Performing mapping from target back to the source label 140455
Number of reverse mapping hits = 651
Checking for and removing duplicates
Writing label file ./lh.hOc2.mpm.vpnl.label 3570
mri_label2label: Done


 mri_label2label --srcsubject fsaverage --srclabel /out/sourcedata/freesurfer/fsaverage/label/lh.hOc3v.mpm.vpnl.label --trgsubject sub-v2s16x51246_ses-1 --trglabel ./lh.hOc3v.mpm.vpnl.label --hemi lh --regmethod surface 


srclabel = /out/sourcedata/freesurfer/fsaverage/label/lh.hOc3v.mpm.vpnl.label
srcsubject = fsaverage
trgsubject = sub-v2s16x51246_ses-1
trglabel = ./lh.hOc3v.mpm.vpnl.label
regmethod = surface

srchemi = lh
trghemi = lh
trgsurface = white
srcsurfreg = sphere.reg
trgsurfreg = sphere.reg
usehash = 1
Use ProjAbs  = 0, 0
Use ProjFrac = 0, 0
DoPaint 0

SUBJECTS_DIR    /out/sourcedata/freesurfer
FREESURFER_HOME /opt/freesurfer
Loading source label.
Found 1286 points in source label.
Starting surface-based mapping
Reading source registration 
 /out/sourcedata/freesurfer/fsaverage/surf/lh.sphere.reg
Rescaling ...  original radius = 100
Reading target surface 
 /out/sourcedata/freesurfer/sub-v2s16x51246_ses-1/surf/lh.white
Reading target registration 
 /out/sourcedata/freesurfer/sub-v2s16x51246_ses-1/surf/lh.sphere.reg
Rescaling ...  original radius = 100
Building target registration hash (res=16).
Building source registration hash (res=16).
INFO: found  1286 nlabel points
Performing mapping from target back to the source label 140455
Number of reverse mapping hits = 431
Checking for and removing duplicates
Writing label file ./lh.hOc3v.mpm.vpnl.label 1717
mri_label2label: Done


 mri_label2label --srcsubject fsaverage --srclabel /out/sourcedata/freesurfer/fsaverage/label/lh.hOc4v.mpm.vpnl.label --trgsubject sub-v2s16x51246_ses-1 --trglabel ./lh.hOc4v.mpm.vpnl.label --hemi lh --regmethod surface 


srclabel = /out/sourcedata/freesurfer/fsaverage/label/lh.hOc4v.mpm.vpnl.label
srcsubject = fsaverage
trgsubject = sub-v2s16x51246_ses-1
trglabel = ./lh.hOc4v.mpm.vpnl.label
regmethod = surface

srchemi = lh
trghemi = lh
trgsurface = white
srcsurfreg = sphere.reg
trgsurfreg = sphere.reg
usehash = 1
Use ProjAbs  = 0, 0
Use ProjFrac = 0, 0
DoPaint 0

SUBJECTS_DIR    /out/sourcedata/freesurfer
FREESURFER_HOME /opt/freesurfer
Loading source label.
Found 1006 points in source label.
Starting surface-based mapping
Reading source registration 
 /out/sourcedata/freesurfer/fsaverage/surf/lh.sphere.reg
Rescaling ...  original radius = 100
Reading target surface 
 /out/sourcedata/freesurfer/sub-v2s16x51246_ses-1/surf/lh.white
Reading target registration 
 /out/sourcedata/freesurfer/sub-v2s16x51246_ses-1/surf/lh.sphere.reg
Rescaling ...  original radius = 100
Building target registration hash (res=16).
Building source registration hash (res=16).
INFO: found  1006 nlabel points
Performing mapping from target back to the source label 140455
Number of reverse mapping hits = 422
Checking for and removing duplicates
Writing label file ./lh.hOc4v.mpm.vpnl.label 1428
mri_label2label: Done


 mris_label2annot --s sub-v2s16x51246_ses-1 --ctab /opt/freesurfer/average/colortable_vpnl.txt --hemi lh --a mpm.vpnl --maxstatwinner --noverbose --l lh.FG1.mpm.vpnl.label --l lh.FG2.mpm.vpnl.label --l lh.FG3.mpm.vpnl.label --l lh.FG4.mpm.vpnl.label --l lh.hOc1.mpm.vpnl.label --l lh.hOc2.mpm.vpnl.label --l lh.hOc3v.mpm.vpnl.label --l lh.hOc4v.mpm.vpnl.label 

Reading ctab /opt/freesurfer/average/colortable_vpnl.txt
Number of ctab entries 9

7.3.2
cwd /out/sourcedata/freesurfer/sub-v2s16x51246_ses-1/label
cmdline mris_label2annot --s sub-v2s16x51246_ses-1 --ctab /opt/freesurfer/average/colortable_vpnl.txt --hemi lh --a mpm.vpnl --maxstatwinner --noverbose --l lh.FG1.mpm.vpnl.label --l lh.FG2.mpm.vpnl.label --l lh.FG3.mpm.vpnl.label --l lh.FG4.mpm.vpnl.label --l lh.hOc1.mpm.vpnl.label --l lh.hOc2.mpm.vpnl.label --l lh.hOc3v.mpm.vpnl.label --l lh.hOc4v.mpm.vpnl.label 
sysname  Linux
hostname dna043
machine  x86_64
user     oesteban

subject sub-v2s16x51246_ses-1
hemi    lh
SUBJECTS_DIR /out/sourcedata/freesurfer
ColorTable /opt/freesurfer/average/colortable_vpnl.txt
AnnotName  mpm.vpnl
nlables 8
LabelThresh 0 0.000000
Loading /out/sourcedata/freesurfer/sub-v2s16x51246_ses-1/surf/lh.orig
 1 1376057 FG1
 2 16711935 FG2
 3 16711680 FG3
 4 1705837 FG4
 5 25600 hOc1
 6 255 hOc2
 7 16776960 hOc3v
 8 65535 hOc4v
Mapping unhit to unknown
Found 124640 unhit vertices
Writing annot to /out/sourcedata/freesurfer/sub-v2s16x51246_ses-1/label/lh.mpm.vpnl.annot

 mri_label2label --srcsubject fsaverage --srclabel /out/sourcedata/freesurfer/fsaverage/label/lh.BA1_exvivo.thresh.label --trgsubject sub-v2s16x51246_ses-1 --trglabel ./lh.BA1_exvivo.thresh.label --hemi lh --regmethod surface 


srclabel = /out/sourcedata/freesurfer/fsaverage/label/lh.BA1_exvivo.thresh.label
srcsubject = fsaverage
trgsubject = sub-v2s16x51246_ses-1
trglabel = ./lh.BA1_exvivo.thresh.label
regmethod = surface

srchemi = lh
trghemi = lh
trgsurface = white
srcsurfreg = sphere.reg
trgsurfreg = sphere.reg
usehash = 1
Use ProjAbs  = 0, 0
Use ProjFrac = 0, 0
DoPaint 0

SUBJECTS_DIR    /out/sourcedata/freesurfer
FREESURFER_HOME /opt/freesurfer
Loading source label.
Found 1014 points in source label.
Starting surface-based mapping
Reading source registration 
 /out/sourcedata/freesurfer/fsaverage/surf/lh.sphere.reg
Rescaling ...  original radius = 100
Reading target surface 
 /out/sourcedata/freesurfer/sub-v2s16x51246_ses-1/surf/lh.white
Reading target registration 
 /out/sourcedata/freesurfer/sub-v2s16x51246_ses-1/surf/lh.sphere.reg
Rescaling ...  original radius = 100
Building target registration hash (res=16).
Building source registration hash (res=16).
INFO: found  1014 nlabel points
Performing mapping from target back to the source label 140455
Number of reverse mapping hits = 81
Checking for and removing duplicates
Writing label file ./lh.BA1_exvivo.thresh.label 1095
mri_label2label: Done


 mri_label2label --srcsubject fsaverage --srclabel /out/sourcedata/freesurfer/fsaverage/label/lh.BA2_exvivo.thresh.label --trgsubject sub-v2s16x51246_ses-1 --trglabel ./lh.BA2_exvivo.thresh.label --hemi lh --regmethod surface 


srclabel = /out/sourcedata/freesurfer/fsaverage/label/lh.BA2_exvivo.thresh.label
srcsubject = fsaverage
trgsubject = sub-v2s16x51246_ses-1
trglabel = ./lh.BA2_exvivo.thresh.label
regmethod = surface

srchemi = lh
trghemi = lh
trgsurface = white
srcsurfreg = sphere.reg
trgsurfreg = sphere.reg
usehash = 1
Use ProjAbs  = 0, 0
Use ProjFrac = 0, 0
DoPaint 0

SUBJECTS_DIR    /out/sourcedata/freesurfer
FREESURFER_HOME /opt/freesurfer
Loading source label.
Found 2092 points in source label.
Starting surface-based mapping
Reading source registration 
 /out/sourcedata/freesurfer/fsaverage/surf/lh.sphere.reg
Rescaling ...  original radius = 100
Reading target surface 
 /out/sourcedata/freesurfer/sub-v2s16x51246_ses-1/surf/lh.white
Reading target registration 
 /out/sourcedata/freesurfer/sub-v2s16x51246_ses-1/surf/lh.sphere.reg
Rescaling ...  original radius = 100
Building target registration hash (res=16).
Building source registration hash (res=16).
INFO: found  2092 nlabel points
Performing mapping from target back to the source label 140455
Number of reverse mapping hits = 106
Checking for and removing duplicates
Writing label file ./lh.BA2_exvivo.thresh.label 2198
mri_label2label: Done


 mri_label2label --srcsubject fsaverage --srclabel /out/sourcedata/freesurfer/fsaverage/label/lh.BA3a_exvivo.thresh.label --trgsubject sub-v2s16x51246_ses-1 --trglabel ./lh.BA3a_exvivo.thresh.label --hemi lh --regmethod surface 


srclabel = /out/sourcedata/freesurfer/fsaverage/label/lh.BA3a_exvivo.thresh.label
srcsubject = fsaverage
trgsubject = sub-v2s16x51246_ses-1
trglabel = ./lh.BA3a_exvivo.thresh.label
regmethod = surface

srchemi = lh
trghemi = lh
trgsurface = white
srcsurfreg = sphere.reg
trgsurfreg = sphere.reg
usehash = 1
Use ProjAbs  = 0, 0
Use ProjFrac = 0, 0
DoPaint 0

SUBJECTS_DIR    /out/sourcedata/freesurfer
FREESURFER_HOME /opt/freesurfer
Loading source label.
Found 1504 points in source label.
Starting surface-based mapping
Reading source registration 
 /out/sourcedata/freesurfer/fsaverage/surf/lh.sphere.reg
Rescaling ...  original radius = 100
Reading target surface 
 /out/sourcedata/freesurfer/sub-v2s16x51246_ses-1/surf/lh.white
Reading target registration 
 /out/sourcedata/freesurfer/sub-v2s16x51246_ses-1/surf/lh.sphere.reg
Rescaling ...  original radius = 100
Building target registration hash (res=16).
Building source registration hash (res=16).
INFO: found  1504 nlabel points
Performing mapping from target back to the source label 140455
Number of reverse mapping hits = 22
Checking for and removing duplicates
Writing label file ./lh.BA3a_exvivo.thresh.label 1526
mri_label2label: Done


 mri_label2label --srcsubject fsaverage --srclabel /out/sourcedata/freesurfer/fsaverage/label/lh.BA3b_exvivo.thresh.label --trgsubject sub-v2s16x51246_ses-1 --trglabel ./lh.BA3b_exvivo.thresh.label --hemi lh --regmethod surface 


srclabel = /out/sourcedata/freesurfer/fsaverage/label/lh.BA3b_exvivo.thresh.label
srcsubject = fsaverage
trgsubject = sub-v2s16x51246_ses-1
trglabel = ./lh.BA3b_exvivo.thresh.label
regmethod = surface

srchemi = lh
trghemi = lh
trgsurface = white
srcsurfreg = sphere.reg
trgsurfreg = sphere.reg
usehash = 1
Use ProjAbs  = 0, 0
Use ProjFrac = 0, 0
DoPaint 0

SUBJECTS_DIR    /out/sourcedata/freesurfer
FREESURFER_HOME /opt/freesurfer
Loading source label.
Found 1996 points in source label.
Starting surface-based mapping
Reading source registration 
 /out/sourcedata/freesurfer/fsaverage/surf/lh.sphere.reg
Rescaling ...  original radius = 100
Reading target surface 
 /out/sourcedata/freesurfer/sub-v2s16x51246_ses-1/surf/lh.white
Reading target registration 
 /out/sourcedata/freesurfer/sub-v2s16x51246_ses-1/surf/lh.sphere.reg
Rescaling ...  original radius = 100
Building target registration hash (res=16).
Building source registration hash (res=16).
INFO: found  1996 nlabel points
Performing mapping from target back to the source label 140455
Number of reverse mapping hits = 40
Checking for and removing duplicates
Writing label file ./lh.BA3b_exvivo.thresh.label 2036
mri_label2label: Done


 mri_label2label --srcsubject fsaverage --srclabel /out/sourcedata/freesurfer/fsaverage/label/lh.BA4a_exvivo.thresh.label --trgsubject sub-v2s16x51246_ses-1 --trglabel ./lh.BA4a_exvivo.thresh.label --hemi lh --regmethod surface 


srclabel = /out/sourcedata/freesurfer/fsaverage/label/lh.BA4a_exvivo.thresh.label
srcsubject = fsaverage
trgsubject = sub-v2s16x51246_ses-1
trglabel = ./lh.BA4a_exvivo.thresh.label
regmethod = surface

srchemi = lh
trghemi = lh
trgsurface = white
srcsurfreg = sphere.reg
trgsurfreg = sphere.reg
usehash = 1
Use ProjAbs  = 0, 0
Use ProjFrac = 0, 0
DoPaint 0

SUBJECTS_DIR    /out/sourcedata/freesurfer
FREESURFER_HOME /opt/freesurfer
Loading source label.
Found 2319 points in source label.
Starting surface-based mapping
Reading source registration 
 /out/sourcedata/freesurfer/fsaverage/surf/lh.sphere.reg
Rescaling ...  original radius = 100
Reading target surface 
 /out/sourcedata/freesurfer/sub-v2s16x51246_ses-1/surf/lh.white
Reading target registration 
 /out/sourcedata/freesurfer/sub-v2s16x51246_ses-1/surf/lh.sphere.reg
Rescaling ...  original radius = 100
Building target registration hash (res=16).
Building source registration hash (res=16).
INFO: found  2319 nlabel points
Performing mapping from target back to the source label 140455
Number of reverse mapping hits = 85
Checking for and removing duplicates
Writing label file ./lh.BA4a_exvivo.thresh.label 2404
mri_label2label: Done


 mri_label2label --srcsubject fsaverage --srclabel /out/sourcedata/freesurfer/fsaverage/label/lh.BA4p_exvivo.thresh.label --trgsubject sub-v2s16x51246_ses-1 --trglabel ./lh.BA4p_exvivo.thresh.label --hemi lh --regmethod surface 


srclabel = /out/sourcedata/freesurfer/fsaverage/label/lh.BA4p_exvivo.thresh.label
srcsubject = fsaverage
trgsubject = sub-v2s16x51246_ses-1
trglabel = ./lh.BA4p_exvivo.thresh.label
regmethod = surface

srchemi = lh
trghemi = lh
trgsurface = white
srcsurfreg = sphere.reg
trgsurfreg = sphere.reg
usehash = 1
Use ProjAbs  = 0, 0
Use ProjFrac = 0, 0
DoPaint 0

SUBJECTS_DIR    /out/sourcedata/freesurfer
FREESURFER_HOME /opt/freesurfer
Loading source label.
Found 1549 points in source label.
Starting surface-based mapping
Reading source registration 
 /out/sourcedata/freesurfer/fsaverage/surf/lh.sphere.reg
Rescaling ...  original radius = 100
Reading target surface 
 /out/sourcedata/freesurfer/sub-v2s16x51246_ses-1/surf/lh.white
Reading target registration 
 /out/sourcedata/freesurfer/sub-v2s16x51246_ses-1/surf/lh.sphere.reg
Rescaling ...  original radius = 100
Building target registration hash (res=16).
Building source registration hash (res=16).
INFO: found  1549 nlabel points
Performing mapping from target back to the source label 140455
Number of reverse mapping hits = 20
Checking for and removing duplicates
Writing label file ./lh.BA4p_exvivo.thresh.label 1569
mri_label2label: Done


 mri_label2label --srcsubject fsaverage --srclabel /out/sourcedata/freesurfer/fsaverage/label/lh.BA6_exvivo.thresh.label --trgsubject sub-v2s16x51246_ses-1 --trglabel ./lh.BA6_exvivo.thresh.label --hemi lh --regmethod surface 


srclabel = /out/sourcedata/freesurfer/fsaverage/label/lh.BA6_exvivo.thresh.label
srcsubject = fsaverage
trgsubject = sub-v2s16x51246_ses-1
trglabel = ./lh.BA6_exvivo.thresh.label
regmethod = surface

srchemi = lh
trghemi = lh
trgsurface = white
srcsurfreg = sphere.reg
trgsurfreg = sphere.reg
usehash = 1
Use ProjAbs  = 0, 0
Use ProjFrac = 0, 0
DoPaint 0

SUBJECTS_DIR    /out/sourcedata/freesurfer
FREESURFER_HOME /opt/freesurfer
Loading source label.
Found 7035 points in source label.
Starting surface-based mapping
Reading source registration 
 /out/sourcedata/freesurfer/fsaverage/surf/lh.sphere.reg
Rescaling ...  original radius = 100
Reading target surface 
 /out/sourcedata/freesurfer/sub-v2s16x51246_ses-1/surf/lh.white
Reading target registration 
 /out/sourcedata/freesurfer/sub-v2s16x51246_ses-1/surf/lh.sphere.reg
Rescaling ...  original radius = 100
Building target registration hash (res=16).
Building source registration hash (res=16).
INFO: found  7035 nlabel points
Performing mapping from target back to the source label 140455
Number of reverse mapping hits = 544
Checking for and removing duplicates
Writing label file ./lh.BA6_exvivo.thresh.label 7579
mri_label2label: Done


 mri_label2label --srcsubject fsaverage --srclabel /out/sourcedata/freesurfer/fsaverage/label/lh.BA44_exvivo.thresh.label --trgsubject sub-v2s16x51246_ses-1 --trglabel ./lh.BA44_exvivo.thresh.label --hemi lh --regmethod surface 


srclabel = /out/sourcedata/freesurfer/fsaverage/label/lh.BA44_exvivo.thresh.label
srcsubject = fsaverage
trgsubject = sub-v2s16x51246_ses-1
trglabel = ./lh.BA44_exvivo.thresh.label
regmethod = surface

srchemi = lh
trghemi = lh
trgsurface = white
srcsurfreg = sphere.reg
trgsurfreg = sphere.reg
usehash = 1
Use ProjAbs  = 0, 0
Use ProjFrac = 0, 0
DoPaint 0

SUBJECTS_DIR    /out/sourcedata/freesurfer
FREESURFER_HOME /opt/freesurfer
Loading source label.
Found 1912 points in source label.
Starting surface-based mapping
Reading source registration 
 /out/sourcedata/freesurfer/fsaverage/surf/lh.sphere.reg
Rescaling ...  original radius = 100
Reading target surface 
 /out/sourcedata/freesurfer/sub-v2s16x51246_ses-1/surf/lh.white
Reading target registration 
 /out/sourcedata/freesurfer/sub-v2s16x51246_ses-1/surf/lh.sphere.reg
Rescaling ...  original radius = 100
Building target registration hash (res=16).
Building source registration hash (res=16).
INFO: found  1912 nlabel points
Performing mapping from target back to the source label 140455
Number of reverse mapping hits = 93
Checking for and removing duplicates
Writing label file ./lh.BA44_exvivo.thresh.label 2005
mri_label2label: Done


 mri_label2label --srcsubject fsaverage --srclabel /out/sourcedata/freesurfer/fsaverage/label/lh.BA45_exvivo.thresh.label --trgsubject sub-v2s16x51246_ses-1 --trglabel ./lh.BA45_exvivo.thresh.label --hemi lh --regmethod surface 


srclabel = /out/sourcedata/freesurfer/fsaverage/label/lh.BA45_exvivo.thresh.label
srcsubject = fsaverage
trgsubject = sub-v2s16x51246_ses-1
trglabel = ./lh.BA45_exvivo.thresh.label
regmethod = surface

srchemi = lh
trghemi = lh
trgsurface = white
srcsurfreg = sphere.reg
trgsurfreg = sphere.reg
usehash = 1
Use ProjAbs  = 0, 0
Use ProjFrac = 0, 0
DoPaint 0

SUBJECTS_DIR    /out/sourcedata/freesurfer
FREESURFER_HOME /opt/freesurfer
Loading source label.
Found 1151 points in source label.
Starting surface-based mapping
Reading source registration 
 /out/sourcedata/freesurfer/fsaverage/surf/lh.sphere.reg
Rescaling ...  original radius = 100
Reading target surface 
 /out/sourcedata/freesurfer/sub-v2s16x51246_ses-1/surf/lh.white
Reading target registration 
 /out/sourcedata/freesurfer/sub-v2s16x51246_ses-1/surf/lh.sphere.reg
Rescaling ...  original radius = 100
Building target registration hash (res=16).
Building source registration hash (res=16).
INFO: found  1151 nlabel points
Performing mapping from target back to the source label 140455
Number of reverse mapping hits = 61
Checking for and removing duplicates
Writing label file ./lh.BA45_exvivo.thresh.label 1212
mri_label2label: Done


 mri_label2label --srcsubject fsaverage --srclabel /out/sourcedata/freesurfer/fsaverage/label/lh.V1_exvivo.thresh.label --trgsubject sub-v2s16x51246_ses-1 --trglabel ./lh.V1_exvivo.thresh.label --hemi lh --regmethod surface 


srclabel = /out/sourcedata/freesurfer/fsaverage/label/lh.V1_exvivo.thresh.label
srcsubject = fsaverage
trgsubject = sub-v2s16x51246_ses-1
trglabel = ./lh.V1_exvivo.thresh.label
regmethod = surface

srchemi = lh
trghemi = lh
trgsurface = white
srcsurfreg = sphere.reg
trgsurfreg = sphere.reg
usehash = 1
Use ProjAbs  = 0, 0
Use ProjFrac = 0, 0
DoPaint 0

SUBJECTS_DIR    /out/sourcedata/freesurfer
FREESURFER_HOME /opt/freesurfer
Loading source label.
Found 3405 points in source label.
Starting surface-based mapping
Reading source registration 
 /out/sourcedata/freesurfer/fsaverage/surf/lh.sphere.reg
Rescaling ...  original radius = 100
Reading target surface 
 /out/sourcedata/freesurfer/sub-v2s16x51246_ses-1/surf/lh.white
Reading target registration 
 /out/sourcedata/freesurfer/sub-v2s16x51246_ses-1/surf/lh.sphere.reg
Rescaling ...  original radius = 100
Building target registration hash (res=16).
Building source registration hash (res=16).
INFO: found  3405 nlabel points
Performing mapping from target back to the source label 140455
Number of reverse mapping hits = 531
Checking for and removing duplicates
Writing label file ./lh.V1_exvivo.thresh.label 3936
mri_label2label: Done


 mri_label2label --srcsubject fsaverage --srclabel /out/sourcedata/freesurfer/fsaverage/label/lh.V2_exvivo.thresh.label --trgsubject sub-v2s16x51246_ses-1 --trglabel ./lh.V2_exvivo.thresh.label --hemi lh --regmethod surface 


srclabel = /out/sourcedata/freesurfer/fsaverage/label/lh.V2_exvivo.thresh.label
srcsubject = fsaverage
trgsubject = sub-v2s16x51246_ses-1
trglabel = ./lh.V2_exvivo.thresh.label
regmethod = surface

srchemi = lh
trghemi = lh
trgsurface = white
srcsurfreg = sphere.reg
trgsurfreg = sphere.reg
usehash = 1
Use ProjAbs  = 0, 0
Use ProjFrac = 0, 0
DoPaint 0

SUBJECTS_DIR    /out/sourcedata/freesurfer
FREESURFER_HOME /opt/freesurfer
Loading source label.
Found 3334 points in source label.
Starting surface-based mapping
Reading source registration 
 /out/sourcedata/freesurfer/fsaverage/surf/lh.sphere.reg
Rescaling ...  original radius = 100
Reading target surface 
 /out/sourcedata/freesurfer/sub-v2s16x51246_ses-1/surf/lh.white
Reading target registration 
 /out/sourcedata/freesurfer/sub-v2s16x51246_ses-1/surf/lh.sphere.reg
Rescaling ...  original radius = 100
Building target registration hash (res=16).
Building source registration hash (res=16).
INFO: found  3334 nlabel points
Performing mapping from target back to the source label 140455
Number of reverse mapping hits = 678
Checking for and removing duplicates
Writing label file ./lh.V2_exvivo.thresh.label 4012
mri_label2label: Done


 mri_label2label --srcsubject fsaverage --srclabel /out/sourcedata/freesurfer/fsaverage/label/lh.MT_exvivo.thresh.label --trgsubject sub-v2s16x51246_ses-1 --trglabel ./lh.MT_exvivo.thresh.label --hemi lh --regmethod surface 


srclabel = /out/sourcedata/freesurfer/fsaverage/label/lh.MT_exvivo.thresh.label
srcsubject = fsaverage
trgsubject = sub-v2s16x51246_ses-1
trglabel = ./lh.MT_exvivo.thresh.label
regmethod = surface

srchemi = lh
trghemi = lh
trgsurface = white
srcsurfreg = sphere.reg
trgsurfreg = sphere.reg
usehash = 1
Use ProjAbs  = 0, 0
Use ProjFrac = 0, 0
DoPaint 0

SUBJECTS_DIR    /out/sourcedata/freesurfer
FREESURFER_HOME /opt/freesurfer
Loading source label.
Found 513 points in source label.
Starting surface-based mapping
Reading source registration 
 /out/sourcedata/freesurfer/fsaverage/surf/lh.sphere.reg
Rescaling ...  original radius = 100
Reading target surface 
 /out/sourcedata/freesurfer/sub-v2s16x51246_ses-1/surf/lh.white
Reading target registration 
 /out/sourcedata/freesurfer/sub-v2s16x51246_ses-1/surf/lh.sphere.reg
Rescaling ...  original radius = 100
Building target registration hash (res=16).
Building source registration hash (res=16).
INFO: found  513 nlabel points
Performing mapping from target back to the source label 140455
Number of reverse mapping hits = 134
Checking for and removing duplicates
Writing label file ./lh.MT_exvivo.thresh.label 647
mri_label2label: Done


 mri_label2label --srcsubject fsaverage --srclabel /out/sourcedata/freesurfer/fsaverage/label/lh.entorhinal_exvivo.thresh.label --trgsubject sub-v2s16x51246_ses-1 --trglabel ./lh.entorhinal_exvivo.thresh.label --hemi lh --regmethod surface 


srclabel = /out/sourcedata/freesurfer/fsaverage/label/lh.entorhinal_exvivo.thresh.label
srcsubject = fsaverage
trgsubject = sub-v2s16x51246_ses-1
trglabel = ./lh.entorhinal_exvivo.thresh.label
regmethod = surface

srchemi = lh
trghemi = lh
trgsurface = white
srcsurfreg = sphere.reg
trgsurfreg = sphere.reg
usehash = 1
Use ProjAbs  = 0, 0
Use ProjFrac = 0, 0
DoPaint 0

SUBJECTS_DIR    /out/sourcedata/freesurfer
FREESURFER_HOME /opt/freesurfer
Loading source label.
Found 470 points in source label.
Starting surface-based mapping
Reading source registration 
 /out/sourcedata/freesurfer/fsaverage/surf/lh.sphere.reg
Rescaling ...  original radius = 100
Reading target surface 
 /out/sourcedata/freesurfer/sub-v2s16x51246_ses-1/surf/lh.white
Reading target registration 
 /out/sourcedata/freesurfer/sub-v2s16x51246_ses-1/surf/lh.sphere.reg
Rescaling ...  original radius = 100
Building target registration hash (res=16).
Building source registration hash (res=16).
INFO: found  470 nlabel points
Performing mapping from target back to the source label 140455
Number of reverse mapping hits = 87
Checking for and removing duplicates
Writing label file ./lh.entorhinal_exvivo.thresh.label 557
mri_label2label: Done


 mri_label2label --srcsubject fsaverage --srclabel /out/sourcedata/freesurfer/fsaverage/label/lh.perirhinal_exvivo.thresh.label --trgsubject sub-v2s16x51246_ses-1 --trglabel ./lh.perirhinal_exvivo.thresh.label --hemi lh --regmethod surface 


srclabel = /out/sourcedata/freesurfer/fsaverage/label/lh.perirhinal_exvivo.thresh.label
srcsubject = fsaverage
trgsubject = sub-v2s16x51246_ses-1
trglabel = ./lh.perirhinal_exvivo.thresh.label
regmethod = surface

srchemi = lh
trghemi = lh
trgsurface = white
srcsurfreg = sphere.reg
trgsurfreg = sphere.reg
usehash = 1
Use ProjAbs  = 0, 0
Use ProjFrac = 0, 0
DoPaint 0

SUBJECTS_DIR    /out/sourcedata/freesurfer
FREESURFER_HOME /opt/freesurfer
Loading source label.
Found 450 points in source label.
Starting surface-based mapping
Reading source registration 
 /out/sourcedata/freesurfer/fsaverage/surf/lh.sphere.reg
Rescaling ...  original radius = 100
Reading target surface 
 /out/sourcedata/freesurfer/sub-v2s16x51246_ses-1/surf/lh.white
Reading target registration 
 /out/sourcedata/freesurfer/sub-v2s16x51246_ses-1/surf/lh.sphere.reg
Rescaling ...  original radius = 100
Building target registration hash (res=16).
Building source registration hash (res=16).
INFO: found  450 nlabel points
Performing mapping from target back to the source label 140455
Number of reverse mapping hits = 49
Checking for and removing duplicates
Writing label file ./lh.perirhinal_exvivo.thresh.label 499
mri_label2label: Done


 mris_label2annot --s sub-v2s16x51246_ses-1 --hemi lh --ctab /opt/freesurfer/average/colortable_BA.txt --l lh.BA1_exvivo.label --l lh.BA2_exvivo.label --l lh.BA3a_exvivo.label --l lh.BA3b_exvivo.label --l lh.BA4a_exvivo.label --l lh.BA4p_exvivo.label --l lh.BA6_exvivo.label --l lh.BA44_exvivo.label --l lh.BA45_exvivo.label --l lh.V1_exvivo.label --l lh.V2_exvivo.label --l lh.MT_exvivo.label --l lh.perirhinal_exvivo.label --l lh.entorhinal_exvivo.label --a BA_exvivo --maxstatwinner --noverbose 

Reading ctab /opt/freesurfer/average/colortable_BA.txt
Number of ctab entries 15

7.3.2
cwd /out/sourcedata/freesurfer/sub-v2s16x51246_ses-1/label
cmdline mris_label2annot --s sub-v2s16x51246_ses-1 --hemi lh --ctab /opt/freesurfer/average/colortable_BA.txt --l lh.BA1_exvivo.label --l lh.BA2_exvivo.label --l lh.BA3a_exvivo.label --l lh.BA3b_exvivo.label --l lh.BA4a_exvivo.label --l lh.BA4p_exvivo.label --l lh.BA6_exvivo.label --l lh.BA44_exvivo.label --l lh.BA45_exvivo.label --l lh.V1_exvivo.label --l lh.V2_exvivo.label --l lh.MT_exvivo.label --l lh.perirhinal_exvivo.label --l lh.entorhinal_exvivo.label --a BA_exvivo --maxstatwinner --noverbose 
sysname  Linux
hostname dna043
machine  x86_64
user     oesteban

subject sub-v2s16x51246_ses-1
hemi    lh
SUBJECTS_DIR /out/sourcedata/freesurfer
ColorTable /opt/freesurfer/average/colortable_BA.txt
AnnotName  BA_exvivo
nlables 14
LabelThresh 0 0.000000
Loading /out/sourcedata/freesurfer/sub-v2s16x51246_ses-1/surf/lh.orig
 1 1530880 BA1_exvivo
 2 16749699 BA2_exvivo
 3 16711680 BA3a_exvivo
 4 3368703 BA3b_exvivo
 5 1376196 BA4a_exvivo
 6 13382655 BA4p_exvivo
 7 10036737 BA6_exvivo
 8 2490521 BA44_exvivo
 9 39283 BA45_exvivo
10 3993 V1_exvivo
11 8508928 V2_exvivo
12 10027163 MT_exvivo
13 16422433 perirhinal_exvivo
14 16392598 entorhinal_exvivo
Mapping unhit to unknown
Found 97974 unhit vertices
Writing annot to /out/sourcedata/freesurfer/sub-v2s16x51246_ses-1/label/lh.BA_exvivo.annot

 mris_label2annot --s sub-v2s16x51246_ses-1 --hemi lh --ctab /opt/freesurfer/average/colortable_BA.txt --l lh.BA1_exvivo.thresh.label --l lh.BA2_exvivo.thresh.label --l lh.BA3a_exvivo.thresh.label --l lh.BA3b_exvivo.thresh.label --l lh.BA4a_exvivo.thresh.label --l lh.BA4p_exvivo.thresh.label --l lh.BA6_exvivo.thresh.label --l lh.BA44_exvivo.thresh.label --l lh.BA45_exvivo.thresh.label --l lh.V1_exvivo.thresh.label --l lh.V2_exvivo.thresh.label --l lh.MT_exvivo.thresh.label --l lh.perirhinal_exvivo.thresh.label --l lh.entorhinal_exvivo.thresh.label --a BA_exvivo.thresh --maxstatwinner --noverbose 

Reading ctab /opt/freesurfer/average/colortable_BA.txt
Number of ctab entries 15

7.3.2
cwd /out/sourcedata/freesurfer/sub-v2s16x51246_ses-1/label
cmdline mris_label2annot --s sub-v2s16x51246_ses-1 --hemi lh --ctab /opt/freesurfer/average/colortable_BA.txt --l lh.BA1_exvivo.thresh.label --l lh.BA2_exvivo.thresh.label --l lh.BA3a_exvivo.thresh.label --l lh.BA3b_exvivo.thresh.label --l lh.BA4a_exvivo.thresh.label --l lh.BA4p_exvivo.thresh.label --l lh.BA6_exvivo.thresh.label --l lh.BA44_exvivo.thresh.label --l lh.BA45_exvivo.thresh.label --l lh.V1_exvivo.thresh.label --l lh.V2_exvivo.thresh.label --l lh.MT_exvivo.thresh.label --l lh.perirhinal_exvivo.thresh.label --l lh.entorhinal_exvivo.thresh.label --a BA_exvivo.thresh --maxstatwinner --noverbose 
sysname  Linux
hostname dna043
machine  x86_64
user     oesteban

subject sub-v2s16x51246_ses-1
hemi    lh
SUBJECTS_DIR /out/sourcedata/freesurfer
ColorTable /opt/freesurfer/average/colortable_BA.txt
AnnotName  BA_exvivo.thresh
nlables 14
LabelThresh 0 0.000000
Loading /out/sourcedata/freesurfer/sub-v2s16x51246_ses-1/surf/lh.orig
 1 1530880 BA1_exvivo
 2 16749699 BA2_exvivo
 3 16711680 BA3a_exvivo
 4 3368703 BA3b_exvivo
 5 1376196 BA4a_exvivo
 6 13382655 BA4p_exvivo
 7 10036737 BA6_exvivo
 8 2490521 BA44_exvivo
 9 39283 BA45_exvivo
10 3993 V1_exvivo
11 8508928 V2_exvivo
12 10027163 MT_exvivo
13 16422433 perirhinal_exvivo
14 16392598 entorhinal_exvivo
Mapping unhit to unknown
Found 115907 unhit vertices
Writing annot to /out/sourcedata/freesurfer/sub-v2s16x51246_ses-1/label/lh.BA_exvivo.thresh.annot

 mris_anatomical_stats -th3 -mgz -noglobal -f ../stats/lh.BA_exvivo.stats -b -a ./lh.BA_exvivo.annot -c ./BA_exvivo.ctab sub-v2s16x51246_ses-1 lh white 

computing statistics for each annotation in ./lh.BA_exvivo.annot.
reading volume /out/sourcedata/freesurfer/sub-v2s16x51246_ses-1/mri/wm.mgz...
reading input surface /out/sourcedata/freesurfer/sub-v2s16x51246_ses-1/surf/lh.white...
reading input pial surface /out/sourcedata/freesurfer/sub-v2s16x51246_ses-1/surf/lh.pial...
reading input white surface /out/sourcedata/freesurfer/sub-v2s16x51246_ses-1/surf/lh.white...
INFO: using TH3 volume calc
INFO: assuming MGZ format for volumes.
INFO: not computing global stats
Using TH3 vertex volume calc
Total face volume 260695
Total vertex volume 260440 (mask=0)
Saving annotation colortable ./BA_exvivo.ctab

table columns are:
    number of vertices
    total surface area (mm^2)
    total gray matter volume (mm^3)
    average cortical thickness +- standard deviation (mm)
    integrated rectified mean curvature
    integrated rectified Gaussian curvature
    folding index
    intrinsic curvature index
    structure name

 1306    797   1896  1.890 0.658     0.116     0.026       14     1.2  BA1_exvivo
 3972   2609   5894  2.134 0.658     0.101     0.017       29     2.9  BA2_exvivo
 1065    687    892  1.615 0.379     0.110     0.021        7     0.8  BA3a_exvivo
 2400   1620   3047  1.717 0.619     0.098     0.015       19     1.6  BA3b_exvivo
 1845   1152   3004  2.226 0.473     0.088     0.012       12     1.0  BA4a_exvivo
 1305    835   1864  2.252 0.455     0.084     0.013        5     0.8  BA4p_exvivo
11277   7757  22620  2.553 0.553     0.107     0.019      101     8.4  BA6_exvivo
 2491   1735   5106  2.526 0.479     0.103     0.017       22     1.8  BA44_exvivo
 2480   1751   4697  2.270 0.524     0.117     0.021       28     2.0  BA45_exvivo
 3145   2169   3863  1.742 0.588     0.133     0.027       32     3.9  V1_exvivo
 7310   5220  11178  1.992 0.620     0.138     0.029       86     9.1  V2_exvivo
 2326   1595   4632  2.549 0.637     0.125     0.024       24     2.5  MT_exvivo
  781    539   1781  2.900 0.704     0.083     0.017        4     0.6  perirhinal_exvivo
  778    516   1937  2.775 1.152     0.112     0.045       10     1.8  entorhinal_exvivo

 mris_anatomical_stats -th3 -mgz -f ../stats/lh.BA_exvivo.thresh.stats -noglobal -b -a ./lh.BA_exvivo.thresh.annot -c ./BA_exvivo.thresh.ctab sub-v2s16x51246_ses-1 lh white 

computing statistics for each annotation in ./lh.BA_exvivo.thresh.annot.
reading volume /out/sourcedata/freesurfer/sub-v2s16x51246_ses-1/mri/wm.mgz...
reading input surface /out/sourcedata/freesurfer/sub-v2s16x51246_ses-1/surf/lh.white...
reading input pial surface /out/sourcedata/freesurfer/sub-v2s16x51246_ses-1/surf/lh.pial...
reading input white surface /out/sourcedata/freesurfer/sub-v2s16x51246_ses-1/surf/lh.white...
INFO: using TH3 volume calc
INFO: assuming MGZ format for volumes.
INFO: not computing global stats
Using TH3 vertex volume calc
Total face volume 260695
Total vertex volume 260440 (mask=0)
Saving annotation colortable ./BA_exvivo.thresh.ctab

table columns are:
    number of vertices
    total surface area (mm^2)
    total gray matter volume (mm^3)
    average cortical thickness +- standard deviation (mm)
    integrated rectified mean curvature
    integrated rectified Gaussian curvature
    folding index
    intrinsic curvature index
    structure name

  864    496   1200  1.877 0.566     0.117     0.027        9     0.9  BA1_exvivo
 1616   1033   2402  2.003 0.644     0.087     0.014       10     0.9  BA2_exvivo
  928    599    741  1.599 0.372     0.112     0.023        6     0.8  BA3a_exvivo
 1491    987   1413  1.387 0.286     0.074     0.008        7     0.6  BA3b_exvivo
 1737   1100   2816  2.225 0.471     0.083     0.012        9     0.9  BA4a_exvivo
 1087    697   1463  2.185 0.463     0.087     0.013        5     0.7  BA4p_exvivo
 6071   4115  11954  2.556 0.514     0.109     0.019       54     4.4  BA6_exvivo
 1536   1083   3269  2.500 0.449     0.103     0.015       14     1.0  BA44_exvivo
  950    694   2162  2.400 0.552     0.123     0.021       10     0.8  BA45_exvivo
 3305   2290   4153  1.744 0.608     0.130     0.026       32     4.0  V1_exvivo
 3524   2587   5417  1.909 0.618     0.151     0.034       48     5.1  V2_exvivo
  619    425   1290  2.574 0.662     0.109     0.021        6     0.5  MT_exvivo
  338    233    883  3.072 0.780     0.066     0.011        1     0.1  perirhinal_exvivo
  482    314   1225  3.053 0.995     0.090     0.033        5     1.0  entorhinal_exvivo

Started at Wed Mar 11 13:26:39 CET 2026 
Ended   at Wed Mar 11 13:29:45 CET 2026
#@#%# recon-all-run-time-hours 0.052
recon-all -s sub-v2s16x51246_ses-1 finished without error at Wed Mar 11 13:29:45 CET 2026
