
Wed Mar 11 10:12:24 CET 2026
cd /out/sourcedata/freesurfer/sub-v2s16x51235_ses-1
setenv SUBJECTS_DIR /out/sourcedata/freesurfer
/opt/freesurfer/bin/recon-all -autorecon1 -i /work/fmriprep_25_2_wf/sub_v2s16x51235_ses_1-2_wf/anat_fit_wf/anat_template_wf/anat_merge/sub-v2s16x51235_ses-1_run-1_T1w_noise_corrected_ras_template.nii.gz -noskullstrip -noT2pial -noFLAIRpial -openmp 16 -subjid sub-v2s16x51235_ses-1 -sd /out/sourcedata/freesurfer

subjid sub-v2s16x51235_ses-1
setenv SUBJECTS_DIR /out/sourcedata/freesurfer
FREESURFER_HOME /opt/freesurfer
Actual FREESURFER_HOME /opt/freesurfer
build-stamp.txt: freesurfer-linux-ubuntu22_x86_64-7.3.2-20220804-6354275
Linux dna023 5.14.0-427.37.1.el9_4.x86_64 #1 SMP PREEMPT_DYNAMIC Fri Sep 13 12:41:50 EDT 2024 x86_64 x86_64 x86_64 GNU/Linux
cputime      unlimited
filesize     unlimited
datasize     unlimited
stacksize    8192 kbytes
coredumpsize 0 kbytes
memoryuse    67108864 kbytes
vmemoryuse   unlimited
descriptors  1024 
memorylocked unlimited
maxproc      2061970 
maxlocks     unlimited
maxsignal    4126352 
maxmessage   819200 
maxnice      0 
maxrtprio    0 
maxrttime    unlimited

               total        used        free      shared  buff/cache   available
Mem:           1.0Ti        51Gi       906Gi        21Gi        49Gi       929Gi
Swap:             0B          0B          0B

########################################
program versions used
7.3.2 (freesurfer-linux-ubuntu22_x86_64-7.3.2-20220804-6354275)
7.3.2

ProgramName: lta_convert  ProgramArguments: lta_convert -all-info  ProgramVersion: 7.3.2  TimeStamp: 2026/03/11-09:12:24-GMT  BuildTime: Aug  4 2022 06:17:15  BuildStamp: freesurfer-linux-ubuntu22_x86_64-7.3.2-20220804-6354275  User: oesteban  Machine: dna023  Platform: Linux  PlatformVersion: 5.14.0-427.37.1.el9_4.x86_64  CompilerName: GCC  CompilerVersion: 8.4.0
ProgramName: mri_and  ProgramArguments: mri_and -all-info  ProgramVersion: 7.3.2  TimeStamp: 2026/03/11-09:12:24-GMT  BuildTime: Aug  4 2022 06:17:15  BuildStamp: freesurfer-linux-ubuntu22_x86_64-7.3.2-20220804-6354275  User: oesteban  Machine: dna023  Platform: Linux  PlatformVersion: 5.14.0-427.37.1.el9_4.x86_64  CompilerName: GCC  CompilerVersion: 8.4.0
ProgramName: mri_annotation2label  ProgramArguments: mri_annotation2label -all-info  ProgramVersion: 7.3.2  TimeStamp: 2026/03/11-09:12:24-GMT  BuildTime: Aug  4 2022 06:17:15  BuildStamp: freesurfer-linux-ubuntu22_x86_64-7.3.2-20220804-6354275  User: oesteban  Machine: dna023  Platform: Linux  PlatformVersion: 5.14.0-427.37.1.el9_4.x86_64  CompilerName: GCC  CompilerVersion: 8.4.0
ProgramName: mri_aparc2aseg  ProgramArguments: mri_aparc2aseg -all-info  ProgramVersion: 7.3.2  TimeStamp: 2026/03/11-09:12:24-GMT  BuildTime: Aug  4 2022 06:17:15  BuildStamp: freesurfer-linux-ubuntu22_x86_64-7.3.2-20220804-6354275  User: oesteban  Machine: dna023  Platform: Linux  PlatformVersion: 5.14.0-427.37.1.el9_4.x86_64  CompilerName: GCC  CompilerVersion: 8.4.0
ProgramName: mri_surf2volseg  ProgramArguments: mri_surf2volseg -all-info  ProgramVersion: 7.3.2  TimeStamp: 2026/03/11-09:12:24-GMT  BuildTime: Aug  4 2022 06:17:15  BuildStamp: freesurfer-linux-ubuntu22_x86_64-7.3.2-20220804-6354275  User: oesteban  Machine: dna023  Platform: Linux  PlatformVersion: 5.14.0-427.37.1.el9_4.x86_64  CompilerName: GCC  CompilerVersion: 8.4.0
ProgramName: mri_binarize  ProgramArguments: mri_binarize -all-info  ProgramVersion: 7.3.2  TimeStamp: 2026/03/11-09:12:24-GMT  BuildTime: Aug  4 2022 06:17:15  BuildStamp: freesurfer-linux-ubuntu22_x86_64-7.3.2-20220804-6354275  User: oesteban  Machine: dna023  Platform: Linux  PlatformVersion: 5.14.0-427.37.1.el9_4.x86_64  CompilerName: GCC  CompilerVersion: 8.4.0
ProgramName: mri_ca_label  ProgramArguments: mri_ca_label -all-info  ProgramVersion: 7.3.2  TimeStamp: 2026/03/11-09:12:24-GMT  BuildTime: Aug  4 2022 06:17:15  BuildStamp: freesurfer-linux-ubuntu22_x86_64-7.3.2-20220804-6354275  User: oesteban  Machine: dna023  Platform: Linux  PlatformVersion: 5.14.0-427.37.1.el9_4.x86_64  CompilerName: GCC  CompilerVersion: 8.4.0
ProgramName: mri_ca_normalize  ProgramArguments: mri_ca_normalize -all-info  ProgramVersion: 7.3.2  TimeStamp: 2026/03/11-09:12:24-GMT  BuildTime: Aug  4 2022 06:17:15  BuildStamp: freesurfer-linux-ubuntu22_x86_64-7.3.2-20220804-6354275  User: oesteban  Machine: dna023  Platform: Linux  PlatformVersion: 5.14.0-427.37.1.el9_4.x86_64  CompilerName: GCC  CompilerVersion: 8.4.0
ProgramName: mri_ca_register  ProgramArguments: mri_ca_register -all-info  ProgramVersion: 7.3.2  TimeStamp: 2026/03/11-09:12:24-GMT  BuildTime: Aug  4 2022 06:17:15  BuildStamp: freesurfer-linux-ubuntu22_x86_64-7.3.2-20220804-6354275  User: oesteban  Machine: dna023  Platform: Linux  PlatformVersion: 5.14.0-427.37.1.el9_4.x86_64  CompilerName: GCC  CompilerVersion: 8.4.0
ProgramName: mri_cc  ProgramArguments: mri_cc -all-info  ProgramVersion: 7.3.2  TimeStamp: 2026/03/11-09:12:24-GMT  BuildTime: Aug  4 2022 06:17:15  BuildStamp: freesurfer-linux-ubuntu22_x86_64-7.3.2-20220804-6354275  User: oesteban  Machine: dna023  Platform: Linux  PlatformVersion: 5.14.0-427.37.1.el9_4.x86_64  CompilerName: GCC  CompilerVersion: 8.4.0
ProgramName: mri_compute_overlap  ProgramArguments: mri_compute_overlap -all-info  ProgramVersion: 7.3.2  TimeStamp: 2026/03/11-09:12:24-GMT  BuildTime: Aug  4 2022 06:17:15  BuildStamp: freesurfer-linux-ubuntu22_x86_64-7.3.2-20220804-6354275  User: oesteban  Machine: dna023  Platform: Linux  PlatformVersion: 5.14.0-427.37.1.el9_4.x86_64  CompilerName: GCC  CompilerVersion: 8.4.0
ProgramName: mri_compute_seg_overlap  ProgramArguments: mri_compute_seg_overlap -all-info  ProgramVersion: 7.3.2  TimeStamp: 2026/03/11-09:12:24-GMT  BuildTime: Aug  4 2022 06:17:15  BuildStamp: freesurfer-linux-ubuntu22_x86_64-7.3.2-20220804-6354275  User: oesteban  Machine: dna023  Platform: Linux  PlatformVersion: 5.14.0-427.37.1.el9_4.x86_64  CompilerName: GCC  CompilerVersion: 8.4.0
ProgramName: mri_concat  ProgramArguments: mri_concat -all-info  ProgramVersion: 7.3.2  TimeStamp: 2026/03/11-09:12:24-GMT  BuildTime: Aug  4 2022 06:17:15  BuildStamp: freesurfer-linux-ubuntu22_x86_64-7.3.2-20220804-6354275  User: oesteban  Machine: dna023  Platform: Linux  PlatformVersion: 5.14.0-427.37.1.el9_4.x86_64  CompilerName: GCC  CompilerVersion: 8.4.0
ProgramName: mri_concatenate_lta  ProgramArguments: mri_concatenate_lta -all-info  ProgramVersion: 7.3.2  TimeStamp: 2026/03/11-09:12:24-GMT  BuildTime: Aug  4 2022 06:17:15  BuildStamp: freesurfer-linux-ubuntu22_x86_64-7.3.2-20220804-6354275  User: oesteban  Machine: dna023  Platform: Linux  PlatformVersion: 5.14.0-427.37.1.el9_4.x86_64  CompilerName: GCC  CompilerVersion: 8.4.0
mri_convert -all-info 
ProgramName: mri_convert  ProgramArguments: mri_convert -all-info  ProgramVersion: 7.3.2  TimeStamp: 2026/03/11-09:12:24-GMT  BuildTime: Aug  4 2022 06:17:15  BuildStamp: freesurfer-linux-ubuntu22_x86_64-7.3.2-20220804-6354275  User: oesteban  Machine: dna023  Platform: Linux  PlatformVersion: 5.14.0-427.37.1.el9_4.x86_64  CompilerName: GCC  CompilerVersion: 8.4.0
ProgramName: mri_diff  ProgramArguments: mri_diff -all-info  ProgramVersion: 7.3.2  TimeStamp: 2026/03/11-09:12:24-GMT  BuildTime: Aug  4 2022 06:17:15  BuildStamp: freesurfer-linux-ubuntu22_x86_64-7.3.2-20220804-6354275  User: oesteban  Machine: dna023  Platform: Linux  PlatformVersion: 5.14.0-427.37.1.el9_4.x86_64  CompilerName: GCC  CompilerVersion: 8.4.0
ProgramName: mri_edit_wm_with_aseg  ProgramArguments: mri_edit_wm_with_aseg -all-info  ProgramVersion: 7.3.2  TimeStamp: 2026/03/11-09:12:24-GMT  BuildTime: Aug  4 2022 06:17:15  BuildStamp: freesurfer-linux-ubuntu22_x86_64-7.3.2-20220804-6354275  User: oesteban  Machine: dna023  Platform: Linux  PlatformVersion: 5.14.0-427.37.1.el9_4.x86_64  CompilerName: GCC  CompilerVersion: 8.4.0
ProgramName: mri_em_register  ProgramArguments: mri_em_register -all-info  ProgramVersion: 7.3.2  TimeStamp: 2026/03/11-09:12:24-GMT  BuildTime: Aug  4 2022 06:17:15  BuildStamp: freesurfer-linux-ubuntu22_x86_64-7.3.2-20220804-6354275  User: oesteban  Machine: dna023  Platform: Linux  PlatformVersion: 5.14.0-427.37.1.el9_4.x86_64  CompilerName: GCC  CompilerVersion: 8.4.0
ProgramName: mri_fill  ProgramArguments: mri_fill -all-info  ProgramVersion: 7.3.2  TimeStamp: 2026/03/11-09:12:24-GMT  BuildTime: Aug  4 2022 06:17:15  BuildStamp: freesurfer-linux-ubuntu22_x86_64-7.3.2-20220804-6354275  User: oesteban  Machine: dna023  Platform: Linux  PlatformVersion: 5.14.0-427.37.1.el9_4.x86_64  CompilerName: GCC  CompilerVersion: 8.4.0
ProgramName: mri_fuse_segmentations  ProgramArguments: mri_fuse_segmentations -all-info  ProgramVersion: 7.3.2  TimeStamp: 2026/03/11-09:12:24-GMT  BuildTime: Aug  4 2022 06:17:15  BuildStamp: freesurfer-linux-ubuntu22_x86_64-7.3.2-20220804-6354275  User: oesteban  Machine: dna023  Platform: Linux  PlatformVersion: 5.14.0-427.37.1.el9_4.x86_64  CompilerName: GCC  CompilerVersion: 8.4.0
ProgramName: mri_fwhm  ProgramArguments: mri_fwhm -all-info  ProgramVersion: 7.3.2  TimeStamp: 2026/03/11-09:12:24-GMT  BuildTime: Aug  4 2022 06:17:15  BuildStamp: freesurfer-linux-ubuntu22_x86_64-7.3.2-20220804-6354275  User: oesteban  Machine: dna023  Platform: Linux  PlatformVersion: 5.14.0-427.37.1.el9_4.x86_64  CompilerName: GCC  CompilerVersion: 8.4.0
ProgramName: mri_gcut  ProgramArguments: mri_gcut -all-info  ProgramVersion: 7.3.2  TimeStamp: 2026/03/11-09:12:24-GMT  BuildTime: Aug  4 2022 06:17:15  BuildStamp: freesurfer-linux-ubuntu22_x86_64-7.3.2-20220804-6354275  User: oesteban  Machine: dna023  Platform: Linux  PlatformVersion: 5.14.0-427.37.1.el9_4.x86_64  CompilerName: GCC  CompilerVersion: 8.4.0
ProgramName: mri_info  ProgramArguments: mri_info -all-info  ProgramVersion: 7.3.2  TimeStamp: 2026/03/11-09:12:24-GMT  BuildTime: Aug  4 2022 06:17:15  BuildStamp: freesurfer-linux-ubuntu22_x86_64-7.3.2-20220804-6354275  User: oesteban  Machine: dna023  Platform: Linux  PlatformVersion: 5.14.0-427.37.1.el9_4.x86_64  CompilerName: GCC  CompilerVersion: 8.4.0
ProgramName: mri_label2label  ProgramArguments: mri_label2label -all-info  ProgramVersion: 7.3.2  TimeStamp: 2026/03/11-09:12:24-GMT  BuildTime: Aug  4 2022 06:17:15  BuildStamp: freesurfer-linux-ubuntu22_x86_64-7.3.2-20220804-6354275  User: oesteban  Machine: dna023  Platform: Linux  PlatformVersion: 5.14.0-427.37.1.el9_4.x86_64  CompilerName: GCC  CompilerVersion: 8.4.0
ProgramName: mri_label2vol  ProgramArguments: mri_label2vol -all-info  ProgramVersion: 7.3.2  TimeStamp: 2026/03/11-09:12:24-GMT  BuildTime: Aug  4 2022 06:17:15  BuildStamp: freesurfer-linux-ubuntu22_x86_64-7.3.2-20220804-6354275  User: oesteban  Machine: dna023  Platform: Linux  PlatformVersion: 5.14.0-427.37.1.el9_4.x86_64  CompilerName: GCC  CompilerVersion: 8.4.0
ProgramName: mri_log_likelihood  ProgramArguments: mri_log_likelihood -all-info  ProgramVersion: 7.3.2  TimeStamp: 2026/03/11-09:12:24-GMT  BuildTime: Aug  4 2022 06:17:15  BuildStamp: freesurfer-linux-ubuntu22_x86_64-7.3.2-20220804-6354275  User: oesteban  Machine: dna023  Platform: Linux  PlatformVersion: 5.14.0-427.37.1.el9_4.x86_64  CompilerName: GCC  CompilerVersion: 8.4.0
ProgramName: mri_mask  ProgramArguments: mri_mask -all-info  ProgramVersion: 7.3.2  TimeStamp: 2026/03/11-09:12:24-GMT  BuildTime: Aug  4 2022 06:17:15  BuildStamp: freesurfer-linux-ubuntu22_x86_64-7.3.2-20220804-6354275  User: oesteban  Machine: dna023  Platform: Linux  PlatformVersion: 5.14.0-427.37.1.el9_4.x86_64  CompilerName: GCC  CompilerVersion: 8.4.0
ProgramName: mri_matrix_multiply  ProgramArguments: mri_matrix_multiply -all-info  ProgramVersion: 7.3.2  TimeStamp: 2026/03/11-09:12:24-GMT  BuildTime: Aug  4 2022 06:17:15  BuildStamp: freesurfer-linux-ubuntu22_x86_64-7.3.2-20220804-6354275  User: oesteban  Machine: dna023  Platform: Linux  PlatformVersion: 5.14.0-427.37.1.el9_4.x86_64  CompilerName: GCC  CompilerVersion: 8.4.0
ProgramName: mri_normalize  ProgramArguments: mri_normalize -all-info  ProgramVersion: 7.3.2  TimeStamp: 2026/03/11-09:12:24-GMT  BuildTime: Aug  4 2022 06:17:15  BuildStamp: freesurfer-linux-ubuntu22_x86_64-7.3.2-20220804-6354275  User: oesteban  Machine: dna023  Platform: Linux  PlatformVersion: 5.14.0-427.37.1.el9_4.x86_64  CompilerName: GCC  CompilerVersion: 8.4.0
ProgramName: mri_normalize_tp2  ProgramArguments: mri_normalize_tp2 -all-info  ProgramVersion: 7.3.2  TimeStamp: 2026/03/11-09:12:24-GMT  BuildTime: Aug  4 2022 06:17:15  BuildStamp: freesurfer-linux-ubuntu22_x86_64-7.3.2-20220804-6354275  User: oesteban  Machine: dna023  Platform: Linux  PlatformVersion: 5.14.0-427.37.1.el9_4.x86_64  CompilerName: GCC  CompilerVersion: 8.4.0
ProgramName: mri_or  ProgramArguments: mri_or -all-info  ProgramVersion: 7.3.2  TimeStamp: 2026/03/11-09:12:24-GMT  BuildTime: Aug  4 2022 06:17:15  BuildStamp: freesurfer-linux-ubuntu22_x86_64-7.3.2-20220804-6354275  User: oesteban  Machine: dna023  Platform: Linux  PlatformVersion: 5.14.0-427.37.1.el9_4.x86_64  CompilerName: GCC  CompilerVersion: 8.4.0
ProgramName: mri_relabel_hypointensities  ProgramArguments: mri_relabel_hypointensities -all-info  ProgramVersion: 7.3.2  TimeStamp: 2026/03/11-09:12:24-GMT  BuildTime: Aug  4 2022 06:17:15  BuildStamp: freesurfer-linux-ubuntu22_x86_64-7.3.2-20220804-6354275  User: oesteban  Machine: dna023  Platform: Linux  PlatformVersion: 5.14.0-427.37.1.el9_4.x86_64  CompilerName: GCC  CompilerVersion: 8.4.0
ProgramName: mri_relabel_nonwm_hypos  ProgramArguments: mri_relabel_nonwm_hypos -all-info  ProgramVersion: 7.3.2  TimeStamp: 2026/03/11-09:12:24-GMT  BuildTime: Aug  4 2022 06:17:15  BuildStamp: freesurfer-linux-ubuntu22_x86_64-7.3.2-20220804-6354275  User: oesteban  Machine: dna023  Platform: Linux  PlatformVersion: 5.14.0-427.37.1.el9_4.x86_64  CompilerName: GCC  CompilerVersion: 8.4.0
ProgramName: mri_remove_neck  ProgramArguments: mri_remove_neck -all-info  ProgramVersion: 7.3.2  TimeStamp: 2026/03/11-09:12:24-GMT  BuildTime: Aug  4 2022 06:17:15  BuildStamp: freesurfer-linux-ubuntu22_x86_64-7.3.2-20220804-6354275  User: oesteban  Machine: dna023  Platform: Linux  PlatformVersion: 5.14.0-427.37.1.el9_4.x86_64  CompilerName: GCC  CompilerVersion: 8.4.0
7.3.2

ProgramName: mri_robust_register  ProgramArguments: mri_robust_register -all-info  ProgramVersion: 7.3.2  TimeStamp: 2026/03/11-09:12:24-GMT  BuildTime: Aug  4 2022 06:17:15  BuildStamp: freesurfer-linux-ubuntu22_x86_64-7.3.2-20220804-6354275  User: oesteban  Machine: dna023  Platform: Linux  PlatformVersion: 5.14.0-427.37.1.el9_4.x86_64  CompilerName: GCC  CompilerVersion: 8.4.0
7.3.2

ProgramName: mri_robust_template  ProgramArguments: mri_robust_template -all-info  ProgramVersion: 7.3.2  TimeStamp: 2026/03/11-09:12:24-GMT  BuildTime: Aug  4 2022 06:17:15  BuildStamp: freesurfer-linux-ubuntu22_x86_64-7.3.2-20220804-6354275  User: oesteban  Machine: dna023  Platform: Linux  PlatformVersion: 5.14.0-427.37.1.el9_4.x86_64  CompilerName: GCC  CompilerVersion: 8.4.0
ProgramName: mris_anatomical_stats  ProgramArguments: mris_anatomical_stats -all-info  ProgramVersion: 7.3.2  TimeStamp: 2026/03/11-09:12:24-GMT  BuildTime: Aug  4 2022 06:17:15  BuildStamp: freesurfer-linux-ubuntu22_x86_64-7.3.2-20220804-6354275  User: oesteban  Machine: dna023  Platform: Linux  PlatformVersion: 5.14.0-427.37.1.el9_4.x86_64  CompilerName: GCC  CompilerVersion: 8.4.0
ProgramName: mris_ca_label  ProgramArguments: mris_ca_label -all-info  ProgramVersion: 7.3.2  TimeStamp: 2026/03/11-09:12:24-GMT  BuildTime: Aug  4 2022 06:17:15  BuildStamp: freesurfer-linux-ubuntu22_x86_64-7.3.2-20220804-6354275  User: oesteban  Machine: dna023  Platform: Linux  PlatformVersion: 5.14.0-427.37.1.el9_4.x86_64  CompilerName: GCC  CompilerVersion: 8.4.0
ProgramName: mris_calc  ProgramArguments: mris_calc -all-info  ProgramVersion: 7.3.2  TimeStamp: 2026/03/11-09:12:24-GMT  BuildTime: Aug  4 2022 06:17:15  BuildStamp: freesurfer-linux-ubuntu22_x86_64-7.3.2-20220804-6354275  User: oesteban  Machine: dna023  Platform: Linux  PlatformVersion: 5.14.0-427.37.1.el9_4.x86_64  CompilerName: GCC  CompilerVersion: 8.4.0
ProgramName: mris_convert  ProgramArguments: mris_convert -all-info  ProgramVersion: 7.3.2  TimeStamp: 2026/03/11-09:12:24-GMT  BuildTime: Aug  4 2022 06:17:15  BuildStamp: freesurfer-linux-ubuntu22_x86_64-7.3.2-20220804-6354275  User: oesteban  Machine: dna023  Platform: Linux  PlatformVersion: 5.14.0-427.37.1.el9_4.x86_64  CompilerName: GCC  CompilerVersion: 8.4.0
ProgramName: mris_curvature  ProgramArguments: mris_curvature -all-info  ProgramVersion: 7.3.2  TimeStamp: 2026/03/11-09:12:24-GMT  BuildTime: Aug  4 2022 06:17:15  BuildStamp: freesurfer-linux-ubuntu22_x86_64-7.3.2-20220804-6354275  User: oesteban  Machine: dna023  Platform: Linux  PlatformVersion: 5.14.0-427.37.1.el9_4.x86_64  CompilerName: GCC  CompilerVersion: 8.4.0
ProgramName: mris_curvature_stats  ProgramArguments: mris_curvature_stats -all-info  ProgramVersion: 7.3.2  TimeStamp: 2026/03/11-09:12:24-GMT  BuildTime: Aug  4 2022 06:17:15  BuildStamp: freesurfer-linux-ubuntu22_x86_64-7.3.2-20220804-6354275  User: oesteban  Machine: dna023  Platform: Linux  PlatformVersion: 5.14.0-427.37.1.el9_4.x86_64  CompilerName: GCC  CompilerVersion: 8.4.0
ProgramName: mris_diff  ProgramArguments: mris_diff -all-info  ProgramVersion: 7.3.2  TimeStamp: 2026/03/11-09:12:24-GMT  BuildTime: Aug  4 2022 06:17:15  BuildStamp: freesurfer-linux-ubuntu22_x86_64-7.3.2-20220804-6354275  User: oesteban  Machine: dna023  Platform: Linux  PlatformVersion: 5.14.0-427.37.1.el9_4.x86_64  CompilerName: GCC  CompilerVersion: 8.4.0
ProgramName: mris_divide_parcellation  ProgramArguments: mris_divide_parcellation -all-info  ProgramVersion: 7.3.2  TimeStamp: 2026/03/11-09:12:24-GMT  BuildTime: Aug  4 2022 06:17:15  BuildStamp: freesurfer-linux-ubuntu22_x86_64-7.3.2-20220804-6354275  User: oesteban  Machine: dna023  Platform: Linux  PlatformVersion: 5.14.0-427.37.1.el9_4.x86_64  CompilerName: GCC  CompilerVersion: 8.4.0
ProgramName: mri_segment  ProgramArguments: mri_segment -all-info  ProgramVersion: 7.3.2  TimeStamp: 2026/03/11-09:12:24-GMT  BuildTime: Aug  4 2022 06:17:15  BuildStamp: freesurfer-linux-ubuntu22_x86_64-7.3.2-20220804-6354275  User: oesteban  Machine: dna023  Platform: Linux  PlatformVersion: 5.14.0-427.37.1.el9_4.x86_64  CompilerName: GCC  CompilerVersion: 8.4.0
ProgramName: mri_segstats  ProgramArguments: mri_segstats -all-info  ProgramVersion: 7.3.2  TimeStamp: 2026/03/11-09:12:24-GMT  BuildTime: Aug  4 2022 06:17:15  BuildStamp: freesurfer-linux-ubuntu22_x86_64-7.3.2-20220804-6354275  User: oesteban  Machine: dna023  Platform: Linux  PlatformVersion: 5.14.0-427.37.1.el9_4.x86_64  CompilerName: GCC  CompilerVersion: 8.4.0
ProgramName: mris_euler_number  ProgramArguments: mris_euler_number -all-info  ProgramVersion: 7.3.2  TimeStamp: 2026/03/11-09:12:24-GMT  BuildTime: Aug  4 2022 06:17:15  BuildStamp: freesurfer-linux-ubuntu22_x86_64-7.3.2-20220804-6354275  User: oesteban  Machine: dna023  Platform: Linux  PlatformVersion: 5.14.0-427.37.1.el9_4.x86_64  CompilerName: GCC  CompilerVersion: 8.4.0
ProgramName: mris_fix_topology  ProgramArguments: mris_fix_topology -all-info  ProgramVersion: 7.3.2  TimeStamp: 2026/03/11-09:12:24-GMT  BuildTime: Aug  4 2022 06:17:15  BuildStamp: freesurfer-linux-ubuntu22_x86_64-7.3.2-20220804-6354275  User: oesteban  Machine: dna023  Platform: Linux  PlatformVersion: 5.14.0-427.37.1.el9_4.x86_64  CompilerName: GCC  CompilerVersion: 8.4.0
ProgramName: mris_topo_fixer  ProgramArguments: mris_topo_fixer -all-info  ProgramVersion: 7.3.2  TimeStamp: 2026/03/11-09:12:24-GMT  BuildTime: Aug  4 2022 06:17:15  BuildStamp: freesurfer-linux-ubuntu22_x86_64-7.3.2-20220804-6354275  User: oesteban  Machine: dna023  Platform: Linux  PlatformVersion: 5.14.0-427.37.1.el9_4.x86_64  CompilerName: GCC  CompilerVersion: 8.4.0
ProgramName: mris_jacobian  ProgramArguments: mris_jacobian -all-info  ProgramVersion: 7.3.2  TimeStamp: 2026/03/11-09:12:25-GMT  BuildTime: Aug  4 2022 06:17:15  BuildStamp: freesurfer-linux-ubuntu22_x86_64-7.3.2-20220804-6354275  User: oesteban  Machine: dna023  Platform: Linux  PlatformVersion: 5.14.0-427.37.1.el9_4.x86_64  CompilerName: GCC  CompilerVersion: 8.4.0
ProgramName: mris_label2annot  ProgramArguments: mris_label2annot -all-info  ProgramVersion: 7.3.2  TimeStamp: 2026/03/11-09:12:25-GMT  BuildTime: Aug  4 2022 06:17:15  BuildStamp: freesurfer-linux-ubuntu22_x86_64-7.3.2-20220804-6354275  User: oesteban  Machine: dna023  Platform: Linux  PlatformVersion: 5.14.0-427.37.1.el9_4.x86_64  CompilerName: GCC  CompilerVersion: 8.4.0
ProgramName: mris_left_right_register  ProgramArguments: mris_left_right_register -all-info  ProgramVersion: 7.3.2  TimeStamp: 2026/03/11-09:12:25-GMT  BuildTime: Aug  4 2022 06:17:15  BuildStamp: freesurfer-linux-ubuntu22_x86_64-7.3.2-20220804-6354275  User: oesteban  Machine: dna023  Platform: Linux  PlatformVersion: 5.14.0-427.37.1.el9_4.x86_64  CompilerName: GCC  CompilerVersion: 8.4.0
ProgramName: mris_place_surface  ProgramArguments: mris_place_surface -all-info  ProgramVersion: 7.3.2  TimeStamp: 2026/03/11-09:12:25-GMT  BuildTime: Aug  4 2022 06:17:15  BuildStamp: freesurfer-linux-ubuntu22_x86_64-7.3.2-20220804-6354275  User: oesteban  Machine: dna023  Platform: Linux  PlatformVersion: 5.14.0-427.37.1.el9_4.x86_64  CompilerName: GCC  CompilerVersion: 8.4.0
ProgramName: mrisp_paint  ProgramArguments: mrisp_paint -all-info  ProgramVersion: 7.3.2  TimeStamp: 2026/03/11-09:12:25-GMT  BuildTime: Aug  4 2022 06:17:15  BuildStamp: freesurfer-linux-ubuntu22_x86_64-7.3.2-20220804-6354275  User: oesteban  Machine: dna023  Platform: Linux  PlatformVersion: 5.14.0-427.37.1.el9_4.x86_64  CompilerName: GCC  CompilerVersion: 8.4.0
ProgramName: mris_register  ProgramArguments: mris_register -all-info  ProgramVersion: 7.3.2  TimeStamp: 2026/03/11-09:12:25-GMT  BuildTime: Aug  4 2022 06:17:15  BuildStamp: freesurfer-linux-ubuntu22_x86_64-7.3.2-20220804-6354275  User: oesteban  Machine: dna023  Platform: Linux  PlatformVersion: 5.14.0-427.37.1.el9_4.x86_64  CompilerName: GCC  CompilerVersion: 8.4.0
ProgramName: mris_smooth  ProgramArguments: mris_smooth -all-info  ProgramVersion: 7.3.2  TimeStamp: 2026/03/11-09:12:25-GMT  BuildTime: Aug  4 2022 06:17:15  BuildStamp: freesurfer-linux-ubuntu22_x86_64-7.3.2-20220804-6354275  User: oesteban  Machine: dna023  Platform: Linux  PlatformVersion: 5.14.0-427.37.1.el9_4.x86_64  CompilerName: GCC  CompilerVersion: 8.4.0
ProgramName: mris_sphere  ProgramArguments: mris_sphere -all-info  ProgramVersion: 7.3.2  TimeStamp: 2026/03/11-09:12:25-GMT  BuildTime: Aug  4 2022 06:17:15  BuildStamp: freesurfer-linux-ubuntu22_x86_64-7.3.2-20220804-6354275  User: oesteban  Machine: dna023  Platform: Linux  PlatformVersion: 5.14.0-427.37.1.el9_4.x86_64  CompilerName: GCC  CompilerVersion: 8.4.0
ProgramName: mris_surface_stats  ProgramArguments: mris_surface_stats -all-info  ProgramVersion: 7.3.2  TimeStamp: 2026/03/11-09:12:25-GMT  BuildTime: Aug  4 2022 06:17:15  BuildStamp: freesurfer-linux-ubuntu22_x86_64-7.3.2-20220804-6354275  User: oesteban  Machine: dna023  Platform: Linux  PlatformVersion: 5.14.0-427.37.1.el9_4.x86_64  CompilerName: GCC  CompilerVersion: 8.4.0
ProgramName: mri_stats2seg  ProgramArguments: mri_stats2seg -all-info  ProgramVersion: 7.3.2  TimeStamp: 2026/03/11-09:12:25-GMT  BuildTime: Aug  4 2022 06:17:15  BuildStamp: freesurfer-linux-ubuntu22_x86_64-7.3.2-20220804-6354275  User: oesteban  Machine: dna023  Platform: Linux  PlatformVersion: 5.14.0-427.37.1.el9_4.x86_64  CompilerName: GCC  CompilerVersion: 8.4.0
ProgramName: mris_thickness  ProgramArguments: mris_thickness -all-info  ProgramVersion: 7.3.2  TimeStamp: 2026/03/11-09:12:25-GMT  BuildTime: Aug  4 2022 06:17:15  BuildStamp: freesurfer-linux-ubuntu22_x86_64-7.3.2-20220804-6354275  User: oesteban  Machine: dna023  Platform: Linux  PlatformVersion: 5.14.0-427.37.1.el9_4.x86_64  CompilerName: GCC  CompilerVersion: 8.4.0
ProgramName: mris_thickness_diff  ProgramArguments: mris_thickness_diff -all-info  ProgramVersion: 7.3.2  TimeStamp: 2026/03/11-09:12:25-GMT  BuildTime: Aug  4 2022 06:17:15  BuildStamp: freesurfer-linux-ubuntu22_x86_64-7.3.2-20220804-6354275  User: oesteban  Machine: dna023  Platform: Linux  PlatformVersion: 5.14.0-427.37.1.el9_4.x86_64  CompilerName: GCC  CompilerVersion: 8.4.0
ProgramName: mris_topo_fixer  ProgramArguments: mris_topo_fixer -all-info  ProgramVersion: 7.3.2  TimeStamp: 2026/03/11-09:12:25-GMT  BuildTime: Aug  4 2022 06:17:15  BuildStamp: freesurfer-linux-ubuntu22_x86_64-7.3.2-20220804-6354275  User: oesteban  Machine: dna023  Platform: Linux  PlatformVersion: 5.14.0-427.37.1.el9_4.x86_64  CompilerName: GCC  CompilerVersion: 8.4.0
ProgramName: mri_surf2surf  ProgramArguments: mri_surf2surf -all-info  ProgramVersion: 7.3.2  TimeStamp: 2026/03/11-09:12:25-GMT  BuildTime: Aug  4 2022 06:17:15  BuildStamp: freesurfer-linux-ubuntu22_x86_64-7.3.2-20220804-6354275  User: oesteban  Machine: dna023  Platform: Linux  PlatformVersion: 5.14.0-427.37.1.el9_4.x86_64  CompilerName: GCC  CompilerVersion: 8.4.0
ProgramName: mri_surf2vol  ProgramArguments: mri_surf2vol -all-info  ProgramVersion: 7.3.2  TimeStamp: 2026/03/11-09:12:25-GMT  BuildTime: Aug  4 2022 06:17:15  BuildStamp: freesurfer-linux-ubuntu22_x86_64-7.3.2-20220804-6354275  User: oesteban  Machine: dna023  Platform: Linux  PlatformVersion: 5.14.0-427.37.1.el9_4.x86_64  CompilerName: GCC  CompilerVersion: 8.4.0
ProgramName: mri_surfcluster  ProgramArguments: mri_surfcluster -all-info  ProgramVersion: 7.3.2  TimeStamp: 2026/03/11-09:12:25-GMT  BuildTime: Aug  4 2022 06:17:15  BuildStamp: freesurfer-linux-ubuntu22_x86_64-7.3.2-20220804-6354275  User: oesteban  Machine: dna023  Platform: Linux  PlatformVersion: 5.14.0-427.37.1.el9_4.x86_64  CompilerName: GCC  CompilerVersion: 8.4.0
ProgramName: mris_volmask  ProgramArguments: mris_volmask -all-info  ProgramVersion: 7.3.2  TimeStamp: 2026/03/11-09:12:25-GMT  BuildTime: Aug  4 2022 06:17:15  BuildStamp: freesurfer-linux-ubuntu22_x86_64-7.3.2-20220804-6354275  User: oesteban  Machine: dna023  Platform: Linux  PlatformVersion: 5.14.0-427.37.1.el9_4.x86_64  CompilerName: GCC  CompilerVersion: 8.4.0
ProgramName: mri_tessellate  ProgramArguments: mri_tessellate -all-info  ProgramVersion: 7.3.2  TimeStamp: 2026/03/11-09:12:25-GMT  BuildTime: Aug  4 2022 06:17:15  BuildStamp: freesurfer-linux-ubuntu22_x86_64-7.3.2-20220804-6354275  User: oesteban  Machine: dna023  Platform: Linux  PlatformVersion: 5.14.0-427.37.1.el9_4.x86_64  CompilerName: GCC  CompilerVersion: 8.4.0
ProgramName: mri_vol2surf  ProgramArguments: mri_vol2surf -all-info  ProgramVersion: 7.3.2  TimeStamp: 2026/03/11-09:12:25-GMT  BuildTime: Aug  4 2022 06:17:15  BuildStamp: freesurfer-linux-ubuntu22_x86_64-7.3.2-20220804-6354275  User: oesteban  Machine: dna023  Platform: Linux  PlatformVersion: 5.14.0-427.37.1.el9_4.x86_64  CompilerName: GCC  CompilerVersion: 8.4.0
ProgramName: mri_vol2vol  ProgramArguments: mri_vol2vol -all-info  ProgramVersion: 7.3.2  TimeStamp: 2026/03/11-09:12:25-GMT  BuildTime: Aug  4 2022 06:17:15  BuildStamp: freesurfer-linux-ubuntu22_x86_64-7.3.2-20220804-6354275  User: oesteban  Machine: dna023  Platform: Linux  PlatformVersion: 5.14.0-427.37.1.el9_4.x86_64  CompilerName: GCC  CompilerVersion: 8.4.0
ProgramName: mri_voldiff  ProgramArguments: mri_voldiff -all-info  ProgramVersion: 7.3.2  TimeStamp: 2026/03/11-09:12:25-GMT  BuildTime: Aug  4 2022 06:17:15  BuildStamp: freesurfer-linux-ubuntu22_x86_64-7.3.2-20220804-6354275  User: oesteban  Machine: dna023  Platform: Linux  PlatformVersion: 5.14.0-427.37.1.el9_4.x86_64  CompilerName: GCC  CompilerVersion: 8.4.0
ProgramName: mri_watershed  ProgramArguments: mri_watershed -all-info  ProgramVersion: 7.3.2  TimeStamp: 2026/03/11-09:12:25-GMT  BuildTime: Aug  4 2022 06:17:15  BuildStamp: freesurfer-linux-ubuntu22_x86_64-7.3.2-20220804-6354275  User: oesteban  Machine: dna023  Platform: Linux  PlatformVersion: 5.14.0-427.37.1.el9_4.x86_64  CompilerName: GCC  CompilerVersion: 8.4.0
ProgramName: tkregister2  ProgramArguments: tkregister2_cmdl -all-info  ProgramVersion: 7.3.2  TimeStamp: 2026/03/11-09:12:25-GMT  BuildTime: Aug  4 2022 06:17:15  BuildStamp: freesurfer-linux-ubuntu22_x86_64-7.3.2-20220804-6354275  User: oesteban  Machine: dna023  Platform: Linux  PlatformVersion: 5.14.0-427.37.1.el9_4.x86_64  CompilerName: GCC  CompilerVersion: 8.4.0
mri_motion_correct.fsl 7.3.2
mri_convert -all-info 
ProgramName: mri_convert  ProgramArguments: mri_convert -all-info  ProgramVersion: 7.3.2  TimeStamp: 2026/03/11-09:12:25-GMT  BuildTime: Aug  4 2022 06:17:15  BuildStamp: freesurfer-linux-ubuntu22_x86_64-7.3.2-20220804-6354275  User: oesteban  Machine: dna023  Platform: Linux  PlatformVersion: 5.14.0-427.37.1.el9_4.x86_64  CompilerName: GCC  CompilerVersion: 8.4.0
Program nu_correct, built from:
Package MNI N3, version 1.12.0, compiled by nicks@terrier (x86_64-unknown-linux-gnu) on 2015-06-19 at 01:25:34
#######################################
GCADIR /opt/freesurfer/average
GCA RB_all_2020-01-02.gca
GCASkull RB_all_withskull_2020_01_02.gca
AvgCurvTif folding.atlas.acfb40.noaparc.i12.2016-08-02.tif
GCSDIR /opt/freesurfer/average
GCS DKaparc.atlas.acfb40.noaparc.i12.2016-08-02.gcs
#######################################
/out/sourcedata/freesurfer/sub-v2s16x51235_ses-1

 mri_convert /work/fmriprep_25_2_wf/sub_v2s16x51235_ses_1-2_wf/anat_fit_wf/anat_template_wf/anat_merge/sub-v2s16x51235_ses-1_run-1_T1w_noise_corrected_ras_template.nii.gz /out/sourcedata/freesurfer/sub-v2s16x51235_ses-1/mri/orig/001.mgz 

mri_convert /work/fmriprep_25_2_wf/sub_v2s16x51235_ses_1-2_wf/anat_fit_wf/anat_template_wf/anat_merge/sub-v2s16x51235_ses-1_run-1_T1w_noise_corrected_ras_template.nii.gz /out/sourcedata/freesurfer/sub-v2s16x51235_ses-1/mri/orig/001.mgz 
reading from /work/fmriprep_25_2_wf/sub_v2s16x51235_ses_1-2_wf/anat_fit_wf/anat_template_wf/anat_merge/sub-v2s16x51235_ses-1_run-1_T1w_noise_corrected_ras_template.nii.gz...
TR=0.00, TE=0.00, TI=0.00, flip angle=0.00
i_ras = (0.995227, 0, -0.097583)
j_ras = (0, 1, 0)
k_ras = (0.097583, 0, 0.995227)
writing to /out/sourcedata/freesurfer/sub-v2s16x51235_ses-1/mri/orig/001.mgz...
#--------------------------------------------
#@# MotionCor Wed Mar 11 10:12:28 CET 2026
Found 1 runs
/out/sourcedata/freesurfer/sub-v2s16x51235_ses-1/mri/orig/001.mgz
Checking for (invalid) multi-frame inputs...
Only one run found so motion
correction will not be performed. I'll
copy the run to rawavg and continue.

 cp /out/sourcedata/freesurfer/sub-v2s16x51235_ses-1/mri/orig/001.mgz /out/sourcedata/freesurfer/sub-v2s16x51235_ses-1/mri/rawavg.mgz 


 mri_info /out/sourcedata/freesurfer/sub-v2s16x51235_ses-1/mri/rawavg.mgz 

rawavg.mgz ========================================
Volume information for /out/sourcedata/freesurfer/sub-v2s16x51235_ses-1/mri/rawavg.mgz
          type: MGH
    dimensions: 160 x 240 x 256
   voxel sizes: 1.200000, 1.000000, 1.000000
          type: FLOAT (3)
           fov: 256.000
           dof: 1
        xstart: -96.0, xend: 96.0
        ystart: -120.0, yend: 120.0
        zstart: -128.0, zend: 128.0
            TR: 0.00 msec, TE: 0.00 msec, TI: 0.00 msec, flip angle: 0.00 degrees
       nframes: 1
       PhEncDir: UNKNOWN
       FieldStrength: 0.000000
ras xform present
    xform info: x_r =   0.9952, y_r =   0.0000, z_r =   0.0976, c_r =    -0.5161
              : x_a =   0.0000, y_a =   1.0000, z_a =   0.0000, c_a =     9.4693
              : x_s =  -0.0976, y_s =   0.0000, z_s =   0.9952, c_s =   -13.5912

talairach xfm : 
Orientation   : RAS
Primary Slice Direction: axial

voxel to ras transform:
                1.1943   0.0000   0.0976  -108.5485
                0.0000   1.0000   0.0000  -110.5307
               -0.1171   0.0000   0.9952  -131.6123
                0.0000   0.0000   0.0000     1.0000

voxel-to-ras determinant 1.2

ras to voxel transform:
                0.8294   0.0000  -0.0813    79.3228
                0.0000   1.0000   0.0000   110.5307
                0.0976   0.0000   0.9952   141.5766
                0.0000   0.0000   0.0000     1.0000
/out/sourcedata/freesurfer/sub-v2s16x51235_ses-1

 mri_convert /out/sourcedata/freesurfer/sub-v2s16x51235_ses-1/mri/rawavg.mgz /out/sourcedata/freesurfer/sub-v2s16x51235_ses-1/mri/orig.mgz --conform 

mri_convert /out/sourcedata/freesurfer/sub-v2s16x51235_ses-1/mri/rawavg.mgz /out/sourcedata/freesurfer/sub-v2s16x51235_ses-1/mri/orig.mgz --conform 
reading from /out/sourcedata/freesurfer/sub-v2s16x51235_ses-1/mri/rawavg.mgz...
TR=0.00, TE=0.00, TI=0.00, flip angle=0.00
i_ras = (0.995227, 0, -0.097583)
j_ras = (0, 1, 0)
k_ras = (0.097583, 0, 0.995227)
changing data type from float to uchar (noscale = 0)...
MRIchangeType: Building histogram -11.3376 176.773 1000, flo=0, fhi=0.999, dest_type=0
Reslicing using trilinear interpolation 
writing to /out/sourcedata/freesurfer/sub-v2s16x51235_ses-1/mri/orig.mgz...

 mri_add_xform_to_header -c /out/sourcedata/freesurfer/sub-v2s16x51235_ses-1/mri/transforms/talairach.xfm /out/sourcedata/freesurfer/sub-v2s16x51235_ses-1/mri/orig.mgz /out/sourcedata/freesurfer/sub-v2s16x51235_ses-1/mri/orig.mgz 

INFO: extension is mgz

 mri_info /out/sourcedata/freesurfer/sub-v2s16x51235_ses-1/mri/orig.mgz 

orig.mgz ========================================
Volume information for /out/sourcedata/freesurfer/sub-v2s16x51235_ses-1/mri/orig.mgz
          type: MGH
    dimensions: 256 x 256 x 256
   voxel sizes: 1.000000, 1.000000, 1.000000
          type: UCHAR (0)
           fov: 256.000
           dof: 1
        xstart: -128.0, xend: 128.0
        ystart: -128.0, yend: 128.0
        zstart: -128.0, zend: 128.0
            TR: 0.00 msec, TE: 0.00 msec, TI: 0.00 msec, flip angle: 0.00 degrees
       nframes: 1
       PhEncDir: UNKNOWN
       FieldStrength: 0.000000
ras xform present
    xform info: x_r =  -1.0000, y_r =   0.0000, z_r =   0.0000, c_r =    -0.5161
              : x_a =   0.0000, y_a =   0.0000, z_a =   1.0000, c_a =     9.4693
              : x_s =   0.0000, y_s =  -1.0000, z_s =   0.0000, c_s =   -13.5912

talairach xfm : /out/sourcedata/freesurfer/sub-v2s16x51235_ses-1/mri/transforms/talairach.xfm
Orientation   : LIA
Primary Slice Direction: coronal

voxel to ras transform:
               -1.0000   0.0000   0.0000   127.4839
                0.0000   0.0000   1.0000  -118.5307
                0.0000  -1.0000   0.0000   114.4088
                0.0000   0.0000   0.0000     1.0000

voxel-to-ras determinant -1

ras to voxel transform:
               -1.0000  -0.0000  -0.0000   127.4839
               -0.0000  -0.0000  -1.0000   114.4088
               -0.0000   1.0000  -0.0000   118.5307
               -0.0000  -0.0000  -0.0000     1.0000
#--------------------------------------------
#@# Talairach Wed Mar 11 10:12:35 CET 2026
/out/sourcedata/freesurfer/sub-v2s16x51235_ses-1/mri

 mri_nu_correct.mni --no-rescale --i orig.mgz --o orig_nu.mgz --ants-n4 --n 1 --proto-iters 1000 --distance 50 

/usr/bin/bc
/out/sourcedata/freesurfer/sub-v2s16x51235_ses-1/mri
/opt/freesurfer/bin/mri_nu_correct.mni
--no-rescale --i orig.mgz --o orig_nu.mgz --ants-n4 --n 1 --proto-iters 1000 --distance 50
nIters 1
mri_nu_correct.mni 7.3.2
Linux dna023 5.14.0-427.37.1.el9_4.x86_64 #1 SMP PREEMPT_DYNAMIC Fri Sep 13 12:41:50 EDT 2024 x86_64 x86_64 x86_64 GNU/Linux
Wed Mar 11 10:12:35 CET 2026
tmpdir is ./tmp.mri_nu_correct.mni.722803
cd /out/sourcedata/freesurfer/sub-v2s16x51235_ses-1/mri
AntsN4BiasFieldCorrectionFs -i orig.mgz -o ./tmp.mri_nu_correct.mni.722803/nu0.mgz --dtype uchar
AntsN4BiasFieldCorrectionFs done
mri_convert ./tmp.mri_nu_correct.mni.722803/nu0.mgz orig_nu.mgz --like orig.mgz --conform
mri_convert ./tmp.mri_nu_correct.mni.722803/nu0.mgz orig_nu.mgz --like orig.mgz --conform 
reading from ./tmp.mri_nu_correct.mni.722803/nu0.mgz...
TR=0.00, TE=0.00, TI=0.00, flip angle=0.00
i_ras = (-1, 0, 7.45058e-09)
j_ras = (0, 0, -1)
k_ras = (0, 1, 0)
INFO: transform src into the like-volume: orig.mgz
writing to orig_nu.mgz...
 
 
Wed Mar 11 10:15:30 CET 2026
mri_nu_correct.mni done

 talairach_avi --i orig_nu.mgz --xfm transforms/talairach.auto.xfm 

talairach_avi log file is transforms/talairach_avi.log...
mv -f /out/sourcedata/freesurfer/sub-v2s16x51235_ses-1/mri/talsrcimg_to_711-2C_as_mni_average_305_t4_vox2vox.txt /out/sourcedata/freesurfer/sub-v2s16x51235_ses-1/mri/transforms/talsrcimg_to_711-2C_as_mni_average_305_t4_vox2vox.txt
Started at Wed Mar 11 10:15:30 CET 2026
Ended   at Wed Mar 11 10:16:57 CET 2026
talairach_avi done

 cp transforms/talairach.auto.xfm transforms/talairach.xfm 

lta_convert --src orig.mgz --trg /opt/freesurfer/average/mni305.cor.mgz --inxfm transforms/talairach.xfm --outlta transforms/talairach.xfm.lta --subject fsaverage --ltavox2vox
7.3.2

--src: orig.mgz src image (geometry).
--trg: /opt/freesurfer/average/mni305.cor.mgz trg image (geometry).
--inmni: transforms/talairach.xfm input MNI/XFM transform.
--outlta: transforms/talairach.xfm.lta output LTA.
--s: fsaverage subject name
--ltavox2vox: output LTA as VOX_TO_VOX transform.
 LTA read, type : 1
 1.03380  -0.14561  -0.05883   4.31110;
 0.10466   1.00067   0.16346  -22.31854;
 0.07854  -0.05494   1.07806   13.62367;
 0.00000   0.00000   0.00000   1.00000;
setting subject to fsaverage
Writing  LTA to file transforms/talairach.xfm.lta...
lta_convert successful.
#--------------------------------------------
#@# Talairach Failure Detection Wed Mar 11 10:16:59 CET 2026
/out/sourcedata/freesurfer/sub-v2s16x51235_ses-1/mri

 talairach_afd -T 0.005 -xfm transforms/talairach.xfm 

talairach_afd: Talairach Transform: transforms/talairach.xfm OK (p=0.6500, pval=0.3663 >= threshold=0.0050)

 awk -f /opt/freesurfer/bin/extract_talairach_avi_QA.awk /out/sourcedata/freesurfer/sub-v2s16x51235_ses-1/mri/transforms/talairach_avi.log 


 tal_QC_AZS /out/sourcedata/freesurfer/sub-v2s16x51235_ses-1/mri/transforms/talairach_avi.log 

TalAviQA: 0.98271
z-score: 1
#--------------------------------------------
#@# Nu Intensity Correction Wed Mar 11 10:16:59 CET 2026

 mri_nu_correct.mni --i orig.mgz --o nu.mgz --uchar transforms/talairach.xfm --n 2 --ants-n4 

/usr/bin/bc
/out/sourcedata/freesurfer/sub-v2s16x51235_ses-1/mri
/opt/freesurfer/bin/mri_nu_correct.mni
--i orig.mgz --o nu.mgz --uchar transforms/talairach.xfm --n 2 --ants-n4
nIters 2
mri_nu_correct.mni 7.3.2
Linux dna023 5.14.0-427.37.1.el9_4.x86_64 #1 SMP PREEMPT_DYNAMIC Fri Sep 13 12:41:50 EDT 2024 x86_64 x86_64 x86_64 GNU/Linux
Wed Mar 11 10:16:59 CET 2026
tmpdir is ./tmp.mri_nu_correct.mni.723642
cd /out/sourcedata/freesurfer/sub-v2s16x51235_ses-1/mri
AntsN4BiasFieldCorrectionFs -i orig.mgz -o ./tmp.mri_nu_correct.mni.723642/nu0.mgz --dtype uchar
AntsN4BiasFieldCorrectionFs done
mri_binarize --i ./tmp.mri_nu_correct.mni.723642/nu0.mgz --min -1 --o ./tmp.mri_nu_correct.mni.723642/ones.mgz

7.3.2
cwd /out/sourcedata/freesurfer/sub-v2s16x51235_ses-1/mri
cmdline mri_binarize --i ./tmp.mri_nu_correct.mni.723642/nu0.mgz --min -1 --o ./tmp.mri_nu_correct.mni.723642/ones.mgz 
sysname  Linux
hostname dna023
machine  x86_64
user     oesteban

input      ./tmp.mri_nu_correct.mni.723642/nu0.mgz
frame      0
nErode3d   0
nErode2d   0
output     ./tmp.mri_nu_correct.mni.723642/ones.mgz
Binarizing based on threshold
min        -1
max        +infinity
binval        1
binvalnot     0
fstart = 0, fend = 0, nframes = 1
Starting parallel 1
Found 16777216 values in range
Counting number of voxels in first frame
Found 16777215 voxels in final mask
Writing output to ./tmp.mri_nu_correct.mni.723642/ones.mgz
Count: 16777215 16777215.000000 16777216 99.999994
mri_binarize done
mri_segstats --id 1 --seg ./tmp.mri_nu_correct.mni.723642/ones.mgz --i orig.mgz --sum ./tmp.mri_nu_correct.mni.723642/sum.junk --avgwf ./tmp.mri_nu_correct.mni.723642/input.mean.dat

7.3.2
cwd 
cmdline mri_segstats --id 1 --seg ./tmp.mri_nu_correct.mni.723642/ones.mgz --i orig.mgz --sum ./tmp.mri_nu_correct.mni.723642/sum.junk --avgwf ./tmp.mri_nu_correct.mni.723642/input.mean.dat 
sysname  Linux
hostname dna023
machine  x86_64
user     oesteban
whitesurfname  white
UseRobust  0
Loading ./tmp.mri_nu_correct.mni.723642/ones.mgz
Loading orig.mgz
Voxel Volume is 1 mm^3
Generating list of segmentation ids
Found   1 segmentations
Computing statistics for each segmentation

Reporting on   1 segmentations
Using PrintSegStat
Computing spatial average of each frame

Writing to ./tmp.mri_nu_correct.mni.723642/input.mean.dat
mri_segstats done
mri_segstats --id 1 --seg ./tmp.mri_nu_correct.mni.723642/ones.mgz --i ./tmp.mri_nu_correct.mni.723642/nu0.mgz --sum ./tmp.mri_nu_correct.mni.723642/sum.junk --avgwf ./tmp.mri_nu_correct.mni.723642/output.mean.dat

7.3.2
cwd 
cmdline mri_segstats --id 1 --seg ./tmp.mri_nu_correct.mni.723642/ones.mgz --i ./tmp.mri_nu_correct.mni.723642/nu0.mgz --sum ./tmp.mri_nu_correct.mni.723642/sum.junk --avgwf ./tmp.mri_nu_correct.mni.723642/output.mean.dat 
sysname  Linux
hostname dna023
machine  x86_64
user     oesteban
whitesurfname  white
UseRobust  0
Loading ./tmp.mri_nu_correct.mni.723642/ones.mgz
Loading ./tmp.mri_nu_correct.mni.723642/nu0.mgz
Voxel Volume is 1 mm^3
Generating list of segmentation ids
Found   1 segmentations
Computing statistics for each segmentation

Reporting on   1 segmentations
Using PrintSegStat
Computing spatial average of each frame

Writing to ./tmp.mri_nu_correct.mni.723642/output.mean.dat
mri_segstats done
mris_calc -o ./tmp.mri_nu_correct.mni.723642/nu0.mgz ./tmp.mri_nu_correct.mni.723642/nu0.mgz mul 1.42658011900303749011
Saving result to './tmp.mri_nu_correct.mni.723642/nu0.mgz' (type = MGH )                       [ ok ]
mri_convert ./tmp.mri_nu_correct.mni.723642/nu0.mgz nu.mgz --like orig.mgz
mri_convert ./tmp.mri_nu_correct.mni.723642/nu0.mgz nu.mgz --like orig.mgz 
reading from ./tmp.mri_nu_correct.mni.723642/nu0.mgz...
TR=0.00, TE=0.00, TI=0.00, flip angle=0.00
i_ras = (-1, 0, 7.45058e-09)
j_ras = (0, 0, -1)
k_ras = (0, 1, 0)
INFO: transform src into the like-volume: orig.mgz
writing to nu.mgz...
mri_make_uchar nu.mgz transforms/talairach.xfm nu.mgz
type change took 0 minutes and 6 seconds.
FIRST_PERCENTILE 0.010000
WM_PERCENTILE    0.900000
MAX_R 50.000000
i1 = 15, i2 = 71
#mri_make_uchar# mapping 31 146 to  3 110  :  b -26.2313 m 0.931158 : thresh 28.1706 maxsat 302.023 : nzero 11318068 nsat 0
 
 
Wed Mar 11 10:20:14 CET 2026
mri_nu_correct.mni done

 mri_add_xform_to_header -c /out/sourcedata/freesurfer/sub-v2s16x51235_ses-1/mri/transforms/talairach.xfm nu.mgz nu.mgz 

INFO: extension is mgz
#--------------------------------------------
#@# Intensity Normalization Wed Mar 11 10:20:14 CET 2026
/out/sourcedata/freesurfer/sub-v2s16x51235_ses-1/mri

 mri_normalize -g 1 -seed 1234 -mprage nu.mgz T1.mgz 

using max gradient = 1.000
setting seed for random number genererator to 1234
assuming input volume is MGH (Van der Kouwe) MP-RAGE
reading mri_src from nu.mgz...
normalizing image...
NOT doing gentle normalization with control points/label
talairach transform
 1.03380  -0.14561  -0.05883   4.31110;
 0.10466   1.00067   0.16346  -22.31854;
 0.07854  -0.05494   1.07806   13.62367;
 0.00000   0.00000   0.00000   1.00000;
processing without aseg, no1d=0
MRInormInit(): 
INFO: Modifying talairach volume c_(r,a,s) based on average_305
MRInormalize(): 
MRIsplineNormalize(): npeaks = 19
Starting OpenSpline(): npoints = 19
building Voronoi diagram...
performing soap bubble smoothing, sigma = 8...

Iterating 2 times
---------------------------------
3d normalization pass 1 of 2
white matter peak found at 110
white matter peak found at 110
gm peak at 55 (55), valley at 20 (20)
csf peak at 28, setting threshold to 46
building Voronoi diagram...
performing soap bubble smoothing, sigma = 8...
---------------------------------
3d normalization pass 2 of 2
white matter peak found at 110
white matter peak found at 110
gm peak at 58 (58), valley at 12 (12)
csf peak at 30, setting threshold to 48
building Voronoi diagram...
performing soap bubble smoothing, sigma = 8...
Done iterating ---------------------------------
writing output to T1.mgz
3D bias adjustment took 1 minutes and 41 seconds.

Started at Wed Mar 11 10:12:24 CET 2026 
Ended   at Wed Mar 11 10:21:56 CET 2026
#@#%# recon-all-run-time-hours 0.159
recon-all -s sub-v2s16x51235_ses-1 finished without error at Wed Mar 11 10:21:56 CET 2026



#New# invocation of recon-all 




Wed Mar 11 10:28:01 CET 2026
cd /out/sourcedata/freesurfer/sub-v2s16x51235_ses-1
setenv SUBJECTS_DIR /out/sourcedata/freesurfer
/opt/freesurfer/bin/recon-all -openmp 16 -subjid sub-v2s16x51235_ses-1 -sd /out/sourcedata/freesurfer -gcareg

subjid sub-v2s16x51235_ses-1
setenv SUBJECTS_DIR /out/sourcedata/freesurfer
FREESURFER_HOME /opt/freesurfer
Actual FREESURFER_HOME /opt/freesurfer
build-stamp.txt: freesurfer-linux-ubuntu22_x86_64-7.3.2-20220804-6354275
Linux dna023 5.14.0-427.37.1.el9_4.x86_64 #1 SMP PREEMPT_DYNAMIC Fri Sep 13 12:41:50 EDT 2024 x86_64 x86_64 x86_64 GNU/Linux
cputime      unlimited
filesize     unlimited
datasize     unlimited
stacksize    8192 kbytes
coredumpsize 0 kbytes
memoryuse    67108864 kbytes
vmemoryuse   unlimited
descriptors  1024 
memorylocked unlimited
maxproc      2061970 
maxlocks     unlimited
maxsignal    4126352 
maxmessage   819200 
maxnice      0 
maxrtprio    0 
maxrttime    unlimited

               total        used        free      shared  buff/cache   available
Mem:           1.0Ti        52Gi       904Gi        21Gi        50Gi       928Gi
Swap:             0B          0B          0B

########################################
program versions used
7.3.2 (freesurfer-linux-ubuntu22_x86_64-7.3.2-20220804-6354275)
7.3.2

ProgramName: lta_convert  ProgramArguments: lta_convert -all-info  ProgramVersion: 7.3.2  TimeStamp: 2026/03/11-09:28:01-GMT  BuildTime: Aug  4 2022 06:17:15  BuildStamp: freesurfer-linux-ubuntu22_x86_64-7.3.2-20220804-6354275  User: oesteban  Machine: dna023  Platform: Linux  PlatformVersion: 5.14.0-427.37.1.el9_4.x86_64  CompilerName: GCC  CompilerVersion: 8.4.0
ProgramName: mri_and  ProgramArguments: mri_and -all-info  ProgramVersion: 7.3.2  TimeStamp: 2026/03/11-09:28:01-GMT  BuildTime: Aug  4 2022 06:17:15  BuildStamp: freesurfer-linux-ubuntu22_x86_64-7.3.2-20220804-6354275  User: oesteban  Machine: dna023  Platform: Linux  PlatformVersion: 5.14.0-427.37.1.el9_4.x86_64  CompilerName: GCC  CompilerVersion: 8.4.0
ProgramName: mri_annotation2label  ProgramArguments: mri_annotation2label -all-info  ProgramVersion: 7.3.2  TimeStamp: 2026/03/11-09:28:01-GMT  BuildTime: Aug  4 2022 06:17:15  BuildStamp: freesurfer-linux-ubuntu22_x86_64-7.3.2-20220804-6354275  User: oesteban  Machine: dna023  Platform: Linux  PlatformVersion: 5.14.0-427.37.1.el9_4.x86_64  CompilerName: GCC  CompilerVersion: 8.4.0
ProgramName: mri_aparc2aseg  ProgramArguments: mri_aparc2aseg -all-info  ProgramVersion: 7.3.2  TimeStamp: 2026/03/11-09:28:01-GMT  BuildTime: Aug  4 2022 06:17:15  BuildStamp: freesurfer-linux-ubuntu22_x86_64-7.3.2-20220804-6354275  User: oesteban  Machine: dna023  Platform: Linux  PlatformVersion: 5.14.0-427.37.1.el9_4.x86_64  CompilerName: GCC  CompilerVersion: 8.4.0
ProgramName: mri_surf2volseg  ProgramArguments: mri_surf2volseg -all-info  ProgramVersion: 7.3.2  TimeStamp: 2026/03/11-09:28:01-GMT  BuildTime: Aug  4 2022 06:17:15  BuildStamp: freesurfer-linux-ubuntu22_x86_64-7.3.2-20220804-6354275  User: oesteban  Machine: dna023  Platform: Linux  PlatformVersion: 5.14.0-427.37.1.el9_4.x86_64  CompilerName: GCC  CompilerVersion: 8.4.0
ProgramName: mri_binarize  ProgramArguments: mri_binarize -all-info  ProgramVersion: 7.3.2  TimeStamp: 2026/03/11-09:28:01-GMT  BuildTime: Aug  4 2022 06:17:15  BuildStamp: freesurfer-linux-ubuntu22_x86_64-7.3.2-20220804-6354275  User: oesteban  Machine: dna023  Platform: Linux  PlatformVersion: 5.14.0-427.37.1.el9_4.x86_64  CompilerName: GCC  CompilerVersion: 8.4.0
ProgramName: mri_ca_label  ProgramArguments: mri_ca_label -all-info  ProgramVersion: 7.3.2  TimeStamp: 2026/03/11-09:28:01-GMT  BuildTime: Aug  4 2022 06:17:15  BuildStamp: freesurfer-linux-ubuntu22_x86_64-7.3.2-20220804-6354275  User: oesteban  Machine: dna023  Platform: Linux  PlatformVersion: 5.14.0-427.37.1.el9_4.x86_64  CompilerName: GCC  CompilerVersion: 8.4.0
ProgramName: mri_ca_normalize  ProgramArguments: mri_ca_normalize -all-info  ProgramVersion: 7.3.2  TimeStamp: 2026/03/11-09:28:01-GMT  BuildTime: Aug  4 2022 06:17:15  BuildStamp: freesurfer-linux-ubuntu22_x86_64-7.3.2-20220804-6354275  User: oesteban  Machine: dna023  Platform: Linux  PlatformVersion: 5.14.0-427.37.1.el9_4.x86_64  CompilerName: GCC  CompilerVersion: 8.4.0
ProgramName: mri_ca_register  ProgramArguments: mri_ca_register -all-info  ProgramVersion: 7.3.2  TimeStamp: 2026/03/11-09:28:01-GMT  BuildTime: Aug  4 2022 06:17:15  BuildStamp: freesurfer-linux-ubuntu22_x86_64-7.3.2-20220804-6354275  User: oesteban  Machine: dna023  Platform: Linux  PlatformVersion: 5.14.0-427.37.1.el9_4.x86_64  CompilerName: GCC  CompilerVersion: 8.4.0
ProgramName: mri_cc  ProgramArguments: mri_cc -all-info  ProgramVersion: 7.3.2  TimeStamp: 2026/03/11-09:28:01-GMT  BuildTime: Aug  4 2022 06:17:15  BuildStamp: freesurfer-linux-ubuntu22_x86_64-7.3.2-20220804-6354275  User: oesteban  Machine: dna023  Platform: Linux  PlatformVersion: 5.14.0-427.37.1.el9_4.x86_64  CompilerName: GCC  CompilerVersion: 8.4.0
ProgramName: mri_compute_overlap  ProgramArguments: mri_compute_overlap -all-info  ProgramVersion: 7.3.2  TimeStamp: 2026/03/11-09:28:01-GMT  BuildTime: Aug  4 2022 06:17:15  BuildStamp: freesurfer-linux-ubuntu22_x86_64-7.3.2-20220804-6354275  User: oesteban  Machine: dna023  Platform: Linux  PlatformVersion: 5.14.0-427.37.1.el9_4.x86_64  CompilerName: GCC  CompilerVersion: 8.4.0
ProgramName: mri_compute_seg_overlap  ProgramArguments: mri_compute_seg_overlap -all-info  ProgramVersion: 7.3.2  TimeStamp: 2026/03/11-09:28:01-GMT  BuildTime: Aug  4 2022 06:17:15  BuildStamp: freesurfer-linux-ubuntu22_x86_64-7.3.2-20220804-6354275  User: oesteban  Machine: dna023  Platform: Linux  PlatformVersion: 5.14.0-427.37.1.el9_4.x86_64  CompilerName: GCC  CompilerVersion: 8.4.0
ProgramName: mri_concat  ProgramArguments: mri_concat -all-info  ProgramVersion: 7.3.2  TimeStamp: 2026/03/11-09:28:01-GMT  BuildTime: Aug  4 2022 06:17:15  BuildStamp: freesurfer-linux-ubuntu22_x86_64-7.3.2-20220804-6354275  User: oesteban  Machine: dna023  Platform: Linux  PlatformVersion: 5.14.0-427.37.1.el9_4.x86_64  CompilerName: GCC  CompilerVersion: 8.4.0
ProgramName: mri_concatenate_lta  ProgramArguments: mri_concatenate_lta -all-info  ProgramVersion: 7.3.2  TimeStamp: 2026/03/11-09:28:01-GMT  BuildTime: Aug  4 2022 06:17:15  BuildStamp: freesurfer-linux-ubuntu22_x86_64-7.3.2-20220804-6354275  User: oesteban  Machine: dna023  Platform: Linux  PlatformVersion: 5.14.0-427.37.1.el9_4.x86_64  CompilerName: GCC  CompilerVersion: 8.4.0
mri_convert -all-info 
ProgramName: mri_convert  ProgramArguments: mri_convert -all-info  ProgramVersion: 7.3.2  TimeStamp: 2026/03/11-09:28:01-GMT  BuildTime: Aug  4 2022 06:17:15  BuildStamp: freesurfer-linux-ubuntu22_x86_64-7.3.2-20220804-6354275  User: oesteban  Machine: dna023  Platform: Linux  PlatformVersion: 5.14.0-427.37.1.el9_4.x86_64  CompilerName: GCC  CompilerVersion: 8.4.0
ProgramName: mri_diff  ProgramArguments: mri_diff -all-info  ProgramVersion: 7.3.2  TimeStamp: 2026/03/11-09:28:01-GMT  BuildTime: Aug  4 2022 06:17:15  BuildStamp: freesurfer-linux-ubuntu22_x86_64-7.3.2-20220804-6354275  User: oesteban  Machine: dna023  Platform: Linux  PlatformVersion: 5.14.0-427.37.1.el9_4.x86_64  CompilerName: GCC  CompilerVersion: 8.4.0
ProgramName: mri_edit_wm_with_aseg  ProgramArguments: mri_edit_wm_with_aseg -all-info  ProgramVersion: 7.3.2  TimeStamp: 2026/03/11-09:28:01-GMT  BuildTime: Aug  4 2022 06:17:15  BuildStamp: freesurfer-linux-ubuntu22_x86_64-7.3.2-20220804-6354275  User: oesteban  Machine: dna023  Platform: Linux  PlatformVersion: 5.14.0-427.37.1.el9_4.x86_64  CompilerName: GCC  CompilerVersion: 8.4.0
ProgramName: mri_em_register  ProgramArguments: mri_em_register -all-info  ProgramVersion: 7.3.2  TimeStamp: 2026/03/11-09:28:01-GMT  BuildTime: Aug  4 2022 06:17:15  BuildStamp: freesurfer-linux-ubuntu22_x86_64-7.3.2-20220804-6354275  User: oesteban  Machine: dna023  Platform: Linux  PlatformVersion: 5.14.0-427.37.1.el9_4.x86_64  CompilerName: GCC  CompilerVersion: 8.4.0
ProgramName: mri_fill  ProgramArguments: mri_fill -all-info  ProgramVersion: 7.3.2  TimeStamp: 2026/03/11-09:28:01-GMT  BuildTime: Aug  4 2022 06:17:15  BuildStamp: freesurfer-linux-ubuntu22_x86_64-7.3.2-20220804-6354275  User: oesteban  Machine: dna023  Platform: Linux  PlatformVersion: 5.14.0-427.37.1.el9_4.x86_64  CompilerName: GCC  CompilerVersion: 8.4.0
ProgramName: mri_fuse_segmentations  ProgramArguments: mri_fuse_segmentations -all-info  ProgramVersion: 7.3.2  TimeStamp: 2026/03/11-09:28:01-GMT  BuildTime: Aug  4 2022 06:17:15  BuildStamp: freesurfer-linux-ubuntu22_x86_64-7.3.2-20220804-6354275  User: oesteban  Machine: dna023  Platform: Linux  PlatformVersion: 5.14.0-427.37.1.el9_4.x86_64  CompilerName: GCC  CompilerVersion: 8.4.0
ProgramName: mri_fwhm  ProgramArguments: mri_fwhm -all-info  ProgramVersion: 7.3.2  TimeStamp: 2026/03/11-09:28:01-GMT  BuildTime: Aug  4 2022 06:17:15  BuildStamp: freesurfer-linux-ubuntu22_x86_64-7.3.2-20220804-6354275  User: oesteban  Machine: dna023  Platform: Linux  PlatformVersion: 5.14.0-427.37.1.el9_4.x86_64  CompilerName: GCC  CompilerVersion: 8.4.0
ProgramName: mri_gcut  ProgramArguments: mri_gcut -all-info  ProgramVersion: 7.3.2  TimeStamp: 2026/03/11-09:28:01-GMT  BuildTime: Aug  4 2022 06:17:15  BuildStamp: freesurfer-linux-ubuntu22_x86_64-7.3.2-20220804-6354275  User: oesteban  Machine: dna023  Platform: Linux  PlatformVersion: 5.14.0-427.37.1.el9_4.x86_64  CompilerName: GCC  CompilerVersion: 8.4.0
ProgramName: mri_info  ProgramArguments: mri_info -all-info  ProgramVersion: 7.3.2  TimeStamp: 2026/03/11-09:28:01-GMT  BuildTime: Aug  4 2022 06:17:15  BuildStamp: freesurfer-linux-ubuntu22_x86_64-7.3.2-20220804-6354275  User: oesteban  Machine: dna023  Platform: Linux  PlatformVersion: 5.14.0-427.37.1.el9_4.x86_64  CompilerName: GCC  CompilerVersion: 8.4.0
ProgramName: mri_label2label  ProgramArguments: mri_label2label -all-info  ProgramVersion: 7.3.2  TimeStamp: 2026/03/11-09:28:01-GMT  BuildTime: Aug  4 2022 06:17:15  BuildStamp: freesurfer-linux-ubuntu22_x86_64-7.3.2-20220804-6354275  User: oesteban  Machine: dna023  Platform: Linux  PlatformVersion: 5.14.0-427.37.1.el9_4.x86_64  CompilerName: GCC  CompilerVersion: 8.4.0
ProgramName: mri_label2vol  ProgramArguments: mri_label2vol -all-info  ProgramVersion: 7.3.2  TimeStamp: 2026/03/11-09:28:01-GMT  BuildTime: Aug  4 2022 06:17:15  BuildStamp: freesurfer-linux-ubuntu22_x86_64-7.3.2-20220804-6354275  User: oesteban  Machine: dna023  Platform: Linux  PlatformVersion: 5.14.0-427.37.1.el9_4.x86_64  CompilerName: GCC  CompilerVersion: 8.4.0
ProgramName: mri_log_likelihood  ProgramArguments: mri_log_likelihood -all-info  ProgramVersion: 7.3.2  TimeStamp: 2026/03/11-09:28:01-GMT  BuildTime: Aug  4 2022 06:17:15  BuildStamp: freesurfer-linux-ubuntu22_x86_64-7.3.2-20220804-6354275  User: oesteban  Machine: dna023  Platform: Linux  PlatformVersion: 5.14.0-427.37.1.el9_4.x86_64  CompilerName: GCC  CompilerVersion: 8.4.0
ProgramName: mri_mask  ProgramArguments: mri_mask -all-info  ProgramVersion: 7.3.2  TimeStamp: 2026/03/11-09:28:01-GMT  BuildTime: Aug  4 2022 06:17:15  BuildStamp: freesurfer-linux-ubuntu22_x86_64-7.3.2-20220804-6354275  User: oesteban  Machine: dna023  Platform: Linux  PlatformVersion: 5.14.0-427.37.1.el9_4.x86_64  CompilerName: GCC  CompilerVersion: 8.4.0
ProgramName: mri_matrix_multiply  ProgramArguments: mri_matrix_multiply -all-info  ProgramVersion: 7.3.2  TimeStamp: 2026/03/11-09:28:01-GMT  BuildTime: Aug  4 2022 06:17:15  BuildStamp: freesurfer-linux-ubuntu22_x86_64-7.3.2-20220804-6354275  User: oesteban  Machine: dna023  Platform: Linux  PlatformVersion: 5.14.0-427.37.1.el9_4.x86_64  CompilerName: GCC  CompilerVersion: 8.4.0
ProgramName: mri_normalize  ProgramArguments: mri_normalize -all-info  ProgramVersion: 7.3.2  TimeStamp: 2026/03/11-09:28:01-GMT  BuildTime: Aug  4 2022 06:17:15  BuildStamp: freesurfer-linux-ubuntu22_x86_64-7.3.2-20220804-6354275  User: oesteban  Machine: dna023  Platform: Linux  PlatformVersion: 5.14.0-427.37.1.el9_4.x86_64  CompilerName: GCC  CompilerVersion: 8.4.0
ProgramName: mri_normalize_tp2  ProgramArguments: mri_normalize_tp2 -all-info  ProgramVersion: 7.3.2  TimeStamp: 2026/03/11-09:28:01-GMT  BuildTime: Aug  4 2022 06:17:15  BuildStamp: freesurfer-linux-ubuntu22_x86_64-7.3.2-20220804-6354275  User: oesteban  Machine: dna023  Platform: Linux  PlatformVersion: 5.14.0-427.37.1.el9_4.x86_64  CompilerName: GCC  CompilerVersion: 8.4.0
ProgramName: mri_or  ProgramArguments: mri_or -all-info  ProgramVersion: 7.3.2  TimeStamp: 2026/03/11-09:28:01-GMT  BuildTime: Aug  4 2022 06:17:15  BuildStamp: freesurfer-linux-ubuntu22_x86_64-7.3.2-20220804-6354275  User: oesteban  Machine: dna023  Platform: Linux  PlatformVersion: 5.14.0-427.37.1.el9_4.x86_64  CompilerName: GCC  CompilerVersion: 8.4.0
ProgramName: mri_relabel_hypointensities  ProgramArguments: mri_relabel_hypointensities -all-info  ProgramVersion: 7.3.2  TimeStamp: 2026/03/11-09:28:01-GMT  BuildTime: Aug  4 2022 06:17:15  BuildStamp: freesurfer-linux-ubuntu22_x86_64-7.3.2-20220804-6354275  User: oesteban  Machine: dna023  Platform: Linux  PlatformVersion: 5.14.0-427.37.1.el9_4.x86_64  CompilerName: GCC  CompilerVersion: 8.4.0
ProgramName: mri_relabel_nonwm_hypos  ProgramArguments: mri_relabel_nonwm_hypos -all-info  ProgramVersion: 7.3.2  TimeStamp: 2026/03/11-09:28:01-GMT  BuildTime: Aug  4 2022 06:17:15  BuildStamp: freesurfer-linux-ubuntu22_x86_64-7.3.2-20220804-6354275  User: oesteban  Machine: dna023  Platform: Linux  PlatformVersion: 5.14.0-427.37.1.el9_4.x86_64  CompilerName: GCC  CompilerVersion: 8.4.0
ProgramName: mri_remove_neck  ProgramArguments: mri_remove_neck -all-info  ProgramVersion: 7.3.2  TimeStamp: 2026/03/11-09:28:01-GMT  BuildTime: Aug  4 2022 06:17:15  BuildStamp: freesurfer-linux-ubuntu22_x86_64-7.3.2-20220804-6354275  User: oesteban  Machine: dna023  Platform: Linux  PlatformVersion: 5.14.0-427.37.1.el9_4.x86_64  CompilerName: GCC  CompilerVersion: 8.4.0
7.3.2

ProgramName: mri_robust_register  ProgramArguments: mri_robust_register -all-info  ProgramVersion: 7.3.2  TimeStamp: 2026/03/11-09:28:01-GMT  BuildTime: Aug  4 2022 06:17:15  BuildStamp: freesurfer-linux-ubuntu22_x86_64-7.3.2-20220804-6354275  User: oesteban  Machine: dna023  Platform: Linux  PlatformVersion: 5.14.0-427.37.1.el9_4.x86_64  CompilerName: GCC  CompilerVersion: 8.4.0
7.3.2

ProgramName: mri_robust_template  ProgramArguments: mri_robust_template -all-info  ProgramVersion: 7.3.2  TimeStamp: 2026/03/11-09:28:01-GMT  BuildTime: Aug  4 2022 06:17:15  BuildStamp: freesurfer-linux-ubuntu22_x86_64-7.3.2-20220804-6354275  User: oesteban  Machine: dna023  Platform: Linux  PlatformVersion: 5.14.0-427.37.1.el9_4.x86_64  CompilerName: GCC  CompilerVersion: 8.4.0
ProgramName: mris_anatomical_stats  ProgramArguments: mris_anatomical_stats -all-info  ProgramVersion: 7.3.2  TimeStamp: 2026/03/11-09:28:01-GMT  BuildTime: Aug  4 2022 06:17:15  BuildStamp: freesurfer-linux-ubuntu22_x86_64-7.3.2-20220804-6354275  User: oesteban  Machine: dna023  Platform: Linux  PlatformVersion: 5.14.0-427.37.1.el9_4.x86_64  CompilerName: GCC  CompilerVersion: 8.4.0
ProgramName: mris_ca_label  ProgramArguments: mris_ca_label -all-info  ProgramVersion: 7.3.2  TimeStamp: 2026/03/11-09:28:01-GMT  BuildTime: Aug  4 2022 06:17:15  BuildStamp: freesurfer-linux-ubuntu22_x86_64-7.3.2-20220804-6354275  User: oesteban  Machine: dna023  Platform: Linux  PlatformVersion: 5.14.0-427.37.1.el9_4.x86_64  CompilerName: GCC  CompilerVersion: 8.4.0
ProgramName: mris_calc  ProgramArguments: mris_calc -all-info  ProgramVersion: 7.3.2  TimeStamp: 2026/03/11-09:28:01-GMT  BuildTime: Aug  4 2022 06:17:15  BuildStamp: freesurfer-linux-ubuntu22_x86_64-7.3.2-20220804-6354275  User: oesteban  Machine: dna023  Platform: Linux  PlatformVersion: 5.14.0-427.37.1.el9_4.x86_64  CompilerName: GCC  CompilerVersion: 8.4.0
ProgramName: mris_convert  ProgramArguments: mris_convert -all-info  ProgramVersion: 7.3.2  TimeStamp: 2026/03/11-09:28:01-GMT  BuildTime: Aug  4 2022 06:17:15  BuildStamp: freesurfer-linux-ubuntu22_x86_64-7.3.2-20220804-6354275  User: oesteban  Machine: dna023  Platform: Linux  PlatformVersion: 5.14.0-427.37.1.el9_4.x86_64  CompilerName: GCC  CompilerVersion: 8.4.0
ProgramName: mris_curvature  ProgramArguments: mris_curvature -all-info  ProgramVersion: 7.3.2  TimeStamp: 2026/03/11-09:28:01-GMT  BuildTime: Aug  4 2022 06:17:15  BuildStamp: freesurfer-linux-ubuntu22_x86_64-7.3.2-20220804-6354275  User: oesteban  Machine: dna023  Platform: Linux  PlatformVersion: 5.14.0-427.37.1.el9_4.x86_64  CompilerName: GCC  CompilerVersion: 8.4.0
ProgramName: mris_curvature_stats  ProgramArguments: mris_curvature_stats -all-info  ProgramVersion: 7.3.2  TimeStamp: 2026/03/11-09:28:01-GMT  BuildTime: Aug  4 2022 06:17:15  BuildStamp: freesurfer-linux-ubuntu22_x86_64-7.3.2-20220804-6354275  User: oesteban  Machine: dna023  Platform: Linux  PlatformVersion: 5.14.0-427.37.1.el9_4.x86_64  CompilerName: GCC  CompilerVersion: 8.4.0
ProgramName: mris_diff  ProgramArguments: mris_diff -all-info  ProgramVersion: 7.3.2  TimeStamp: 2026/03/11-09:28:01-GMT  BuildTime: Aug  4 2022 06:17:15  BuildStamp: freesurfer-linux-ubuntu22_x86_64-7.3.2-20220804-6354275  User: oesteban  Machine: dna023  Platform: Linux  PlatformVersion: 5.14.0-427.37.1.el9_4.x86_64  CompilerName: GCC  CompilerVersion: 8.4.0
ProgramName: mris_divide_parcellation  ProgramArguments: mris_divide_parcellation -all-info  ProgramVersion: 7.3.2  TimeStamp: 2026/03/11-09:28:01-GMT  BuildTime: Aug  4 2022 06:17:15  BuildStamp: freesurfer-linux-ubuntu22_x86_64-7.3.2-20220804-6354275  User: oesteban  Machine: dna023  Platform: Linux  PlatformVersion: 5.14.0-427.37.1.el9_4.x86_64  CompilerName: GCC  CompilerVersion: 8.4.0
ProgramName: mri_segment  ProgramArguments: mri_segment -all-info  ProgramVersion: 7.3.2  TimeStamp: 2026/03/11-09:28:01-GMT  BuildTime: Aug  4 2022 06:17:15  BuildStamp: freesurfer-linux-ubuntu22_x86_64-7.3.2-20220804-6354275  User: oesteban  Machine: dna023  Platform: Linux  PlatformVersion: 5.14.0-427.37.1.el9_4.x86_64  CompilerName: GCC  CompilerVersion: 8.4.0
ProgramName: mri_segstats  ProgramArguments: mri_segstats -all-info  ProgramVersion: 7.3.2  TimeStamp: 2026/03/11-09:28:01-GMT  BuildTime: Aug  4 2022 06:17:15  BuildStamp: freesurfer-linux-ubuntu22_x86_64-7.3.2-20220804-6354275  User: oesteban  Machine: dna023  Platform: Linux  PlatformVersion: 5.14.0-427.37.1.el9_4.x86_64  CompilerName: GCC  CompilerVersion: 8.4.0
ProgramName: mris_euler_number  ProgramArguments: mris_euler_number -all-info  ProgramVersion: 7.3.2  TimeStamp: 2026/03/11-09:28:01-GMT  BuildTime: Aug  4 2022 06:17:15  BuildStamp: freesurfer-linux-ubuntu22_x86_64-7.3.2-20220804-6354275  User: oesteban  Machine: dna023  Platform: Linux  PlatformVersion: 5.14.0-427.37.1.el9_4.x86_64  CompilerName: GCC  CompilerVersion: 8.4.0
ProgramName: mris_fix_topology  ProgramArguments: mris_fix_topology -all-info  ProgramVersion: 7.3.2  TimeStamp: 2026/03/11-09:28:01-GMT  BuildTime: Aug  4 2022 06:17:15  BuildStamp: freesurfer-linux-ubuntu22_x86_64-7.3.2-20220804-6354275  User: oesteban  Machine: dna023  Platform: Linux  PlatformVersion: 5.14.0-427.37.1.el9_4.x86_64  CompilerName: GCC  CompilerVersion: 8.4.0
ProgramName: mris_topo_fixer  ProgramArguments: mris_topo_fixer -all-info  ProgramVersion: 7.3.2  TimeStamp: 2026/03/11-09:28:01-GMT  BuildTime: Aug  4 2022 06:17:15  BuildStamp: freesurfer-linux-ubuntu22_x86_64-7.3.2-20220804-6354275  User: oesteban  Machine: dna023  Platform: Linux  PlatformVersion: 5.14.0-427.37.1.el9_4.x86_64  CompilerName: GCC  CompilerVersion: 8.4.0
ProgramName: mris_jacobian  ProgramArguments: mris_jacobian -all-info  ProgramVersion: 7.3.2  TimeStamp: 2026/03/11-09:28:01-GMT  BuildTime: Aug  4 2022 06:17:15  BuildStamp: freesurfer-linux-ubuntu22_x86_64-7.3.2-20220804-6354275  User: oesteban  Machine: dna023  Platform: Linux  PlatformVersion: 5.14.0-427.37.1.el9_4.x86_64  CompilerName: GCC  CompilerVersion: 8.4.0
ProgramName: mris_label2annot  ProgramArguments: mris_label2annot -all-info  ProgramVersion: 7.3.2  TimeStamp: 2026/03/11-09:28:01-GMT  BuildTime: Aug  4 2022 06:17:15  BuildStamp: freesurfer-linux-ubuntu22_x86_64-7.3.2-20220804-6354275  User: oesteban  Machine: dna023  Platform: Linux  PlatformVersion: 5.14.0-427.37.1.el9_4.x86_64  CompilerName: GCC  CompilerVersion: 8.4.0
ProgramName: mris_left_right_register  ProgramArguments: mris_left_right_register -all-info  ProgramVersion: 7.3.2  TimeStamp: 2026/03/11-09:28:01-GMT  BuildTime: Aug  4 2022 06:17:15  BuildStamp: freesurfer-linux-ubuntu22_x86_64-7.3.2-20220804-6354275  User: oesteban  Machine: dna023  Platform: Linux  PlatformVersion: 5.14.0-427.37.1.el9_4.x86_64  CompilerName: GCC  CompilerVersion: 8.4.0
ProgramName: mris_place_surface  ProgramArguments: mris_place_surface -all-info  ProgramVersion: 7.3.2  TimeStamp: 2026/03/11-09:28:01-GMT  BuildTime: Aug  4 2022 06:17:15  BuildStamp: freesurfer-linux-ubuntu22_x86_64-7.3.2-20220804-6354275  User: oesteban  Machine: dna023  Platform: Linux  PlatformVersion: 5.14.0-427.37.1.el9_4.x86_64  CompilerName: GCC  CompilerVersion: 8.4.0
ProgramName: mrisp_paint  ProgramArguments: mrisp_paint -all-info  ProgramVersion: 7.3.2  TimeStamp: 2026/03/11-09:28:01-GMT  BuildTime: Aug  4 2022 06:17:15  BuildStamp: freesurfer-linux-ubuntu22_x86_64-7.3.2-20220804-6354275  User: oesteban  Machine: dna023  Platform: Linux  PlatformVersion: 5.14.0-427.37.1.el9_4.x86_64  CompilerName: GCC  CompilerVersion: 8.4.0
ProgramName: mris_register  ProgramArguments: mris_register -all-info  ProgramVersion: 7.3.2  TimeStamp: 2026/03/11-09:28:01-GMT  BuildTime: Aug  4 2022 06:17:15  BuildStamp: freesurfer-linux-ubuntu22_x86_64-7.3.2-20220804-6354275  User: oesteban  Machine: dna023  Platform: Linux  PlatformVersion: 5.14.0-427.37.1.el9_4.x86_64  CompilerName: GCC  CompilerVersion: 8.4.0
ProgramName: mris_smooth  ProgramArguments: mris_smooth -all-info  ProgramVersion: 7.3.2  TimeStamp: 2026/03/11-09:28:01-GMT  BuildTime: Aug  4 2022 06:17:15  BuildStamp: freesurfer-linux-ubuntu22_x86_64-7.3.2-20220804-6354275  User: oesteban  Machine: dna023  Platform: Linux  PlatformVersion: 5.14.0-427.37.1.el9_4.x86_64  CompilerName: GCC  CompilerVersion: 8.4.0
ProgramName: mris_sphere  ProgramArguments: mris_sphere -all-info  ProgramVersion: 7.3.2  TimeStamp: 2026/03/11-09:28:01-GMT  BuildTime: Aug  4 2022 06:17:15  BuildStamp: freesurfer-linux-ubuntu22_x86_64-7.3.2-20220804-6354275  User: oesteban  Machine: dna023  Platform: Linux  PlatformVersion: 5.14.0-427.37.1.el9_4.x86_64  CompilerName: GCC  CompilerVersion: 8.4.0
ProgramName: mris_surface_stats  ProgramArguments: mris_surface_stats -all-info  ProgramVersion: 7.3.2  TimeStamp: 2026/03/11-09:28:01-GMT  BuildTime: Aug  4 2022 06:17:15  BuildStamp: freesurfer-linux-ubuntu22_x86_64-7.3.2-20220804-6354275  User: oesteban  Machine: dna023  Platform: Linux  PlatformVersion: 5.14.0-427.37.1.el9_4.x86_64  CompilerName: GCC  CompilerVersion: 8.4.0
ProgramName: mri_stats2seg  ProgramArguments: mri_stats2seg -all-info  ProgramVersion: 7.3.2  TimeStamp: 2026/03/11-09:28:01-GMT  BuildTime: Aug  4 2022 06:17:15  BuildStamp: freesurfer-linux-ubuntu22_x86_64-7.3.2-20220804-6354275  User: oesteban  Machine: dna023  Platform: Linux  PlatformVersion: 5.14.0-427.37.1.el9_4.x86_64  CompilerName: GCC  CompilerVersion: 8.4.0
ProgramName: mris_thickness  ProgramArguments: mris_thickness -all-info  ProgramVersion: 7.3.2  TimeStamp: 2026/03/11-09:28:01-GMT  BuildTime: Aug  4 2022 06:17:15  BuildStamp: freesurfer-linux-ubuntu22_x86_64-7.3.2-20220804-6354275  User: oesteban  Machine: dna023  Platform: Linux  PlatformVersion: 5.14.0-427.37.1.el9_4.x86_64  CompilerName: GCC  CompilerVersion: 8.4.0
ProgramName: mris_thickness_diff  ProgramArguments: mris_thickness_diff -all-info  ProgramVersion: 7.3.2  TimeStamp: 2026/03/11-09:28:01-GMT  BuildTime: Aug  4 2022 06:17:15  BuildStamp: freesurfer-linux-ubuntu22_x86_64-7.3.2-20220804-6354275  User: oesteban  Machine: dna023  Platform: Linux  PlatformVersion: 5.14.0-427.37.1.el9_4.x86_64  CompilerName: GCC  CompilerVersion: 8.4.0
ProgramName: mris_topo_fixer  ProgramArguments: mris_topo_fixer -all-info  ProgramVersion: 7.3.2  TimeStamp: 2026/03/11-09:28:01-GMT  BuildTime: Aug  4 2022 06:17:15  BuildStamp: freesurfer-linux-ubuntu22_x86_64-7.3.2-20220804-6354275  User: oesteban  Machine: dna023  Platform: Linux  PlatformVersion: 5.14.0-427.37.1.el9_4.x86_64  CompilerName: GCC  CompilerVersion: 8.4.0
ProgramName: mri_surf2surf  ProgramArguments: mri_surf2surf -all-info  ProgramVersion: 7.3.2  TimeStamp: 2026/03/11-09:28:01-GMT  BuildTime: Aug  4 2022 06:17:15  BuildStamp: freesurfer-linux-ubuntu22_x86_64-7.3.2-20220804-6354275  User: oesteban  Machine: dna023  Platform: Linux  PlatformVersion: 5.14.0-427.37.1.el9_4.x86_64  CompilerName: GCC  CompilerVersion: 8.4.0
ProgramName: mri_surf2vol  ProgramArguments: mri_surf2vol -all-info  ProgramVersion: 7.3.2  TimeStamp: 2026/03/11-09:28:01-GMT  BuildTime: Aug  4 2022 06:17:15  BuildStamp: freesurfer-linux-ubuntu22_x86_64-7.3.2-20220804-6354275  User: oesteban  Machine: dna023  Platform: Linux  PlatformVersion: 5.14.0-427.37.1.el9_4.x86_64  CompilerName: GCC  CompilerVersion: 8.4.0
ProgramName: mri_surfcluster  ProgramArguments: mri_surfcluster -all-info  ProgramVersion: 7.3.2  TimeStamp: 2026/03/11-09:28:01-GMT  BuildTime: Aug  4 2022 06:17:15  BuildStamp: freesurfer-linux-ubuntu22_x86_64-7.3.2-20220804-6354275  User: oesteban  Machine: dna023  Platform: Linux  PlatformVersion: 5.14.0-427.37.1.el9_4.x86_64  CompilerName: GCC  CompilerVersion: 8.4.0
ProgramName: mris_volmask  ProgramArguments: mris_volmask -all-info  ProgramVersion: 7.3.2  TimeStamp: 2026/03/11-09:28:01-GMT  BuildTime: Aug  4 2022 06:17:15  BuildStamp: freesurfer-linux-ubuntu22_x86_64-7.3.2-20220804-6354275  User: oesteban  Machine: dna023  Platform: Linux  PlatformVersion: 5.14.0-427.37.1.el9_4.x86_64  CompilerName: GCC  CompilerVersion: 8.4.0
ProgramName: mri_tessellate  ProgramArguments: mri_tessellate -all-info  ProgramVersion: 7.3.2  TimeStamp: 2026/03/11-09:28:01-GMT  BuildTime: Aug  4 2022 06:17:15  BuildStamp: freesurfer-linux-ubuntu22_x86_64-7.3.2-20220804-6354275  User: oesteban  Machine: dna023  Platform: Linux  PlatformVersion: 5.14.0-427.37.1.el9_4.x86_64  CompilerName: GCC  CompilerVersion: 8.4.0
ProgramName: mri_vol2surf  ProgramArguments: mri_vol2surf -all-info  ProgramVersion: 7.3.2  TimeStamp: 2026/03/11-09:28:01-GMT  BuildTime: Aug  4 2022 06:17:15  BuildStamp: freesurfer-linux-ubuntu22_x86_64-7.3.2-20220804-6354275  User: oesteban  Machine: dna023  Platform: Linux  PlatformVersion: 5.14.0-427.37.1.el9_4.x86_64  CompilerName: GCC  CompilerVersion: 8.4.0
ProgramName: mri_vol2vol  ProgramArguments: mri_vol2vol -all-info  ProgramVersion: 7.3.2  TimeStamp: 2026/03/11-09:28:01-GMT  BuildTime: Aug  4 2022 06:17:15  BuildStamp: freesurfer-linux-ubuntu22_x86_64-7.3.2-20220804-6354275  User: oesteban  Machine: dna023  Platform: Linux  PlatformVersion: 5.14.0-427.37.1.el9_4.x86_64  CompilerName: GCC  CompilerVersion: 8.4.0
ProgramName: mri_voldiff  ProgramArguments: mri_voldiff -all-info  ProgramVersion: 7.3.2  TimeStamp: 2026/03/11-09:28:01-GMT  BuildTime: Aug  4 2022 06:17:15  BuildStamp: freesurfer-linux-ubuntu22_x86_64-7.3.2-20220804-6354275  User: oesteban  Machine: dna023  Platform: Linux  PlatformVersion: 5.14.0-427.37.1.el9_4.x86_64  CompilerName: GCC  CompilerVersion: 8.4.0
ProgramName: mri_watershed  ProgramArguments: mri_watershed -all-info  ProgramVersion: 7.3.2  TimeStamp: 2026/03/11-09:28:01-GMT  BuildTime: Aug  4 2022 06:17:15  BuildStamp: freesurfer-linux-ubuntu22_x86_64-7.3.2-20220804-6354275  User: oesteban  Machine: dna023  Platform: Linux  PlatformVersion: 5.14.0-427.37.1.el9_4.x86_64  CompilerName: GCC  CompilerVersion: 8.4.0
ProgramName: tkregister2  ProgramArguments: tkregister2_cmdl -all-info  ProgramVersion: 7.3.2  TimeStamp: 2026/03/11-09:28:01-GMT  BuildTime: Aug  4 2022 06:17:15  BuildStamp: freesurfer-linux-ubuntu22_x86_64-7.3.2-20220804-6354275  User: oesteban  Machine: dna023  Platform: Linux  PlatformVersion: 5.14.0-427.37.1.el9_4.x86_64  CompilerName: GCC  CompilerVersion: 8.4.0
mri_motion_correct.fsl 7.3.2
mri_convert -all-info 
ProgramName: mri_convert  ProgramArguments: mri_convert -all-info  ProgramVersion: 7.3.2  TimeStamp: 2026/03/11-09:28:01-GMT  BuildTime: Aug  4 2022 06:17:15  BuildStamp: freesurfer-linux-ubuntu22_x86_64-7.3.2-20220804-6354275  User: oesteban  Machine: dna023  Platform: Linux  PlatformVersion: 5.14.0-427.37.1.el9_4.x86_64  CompilerName: GCC  CompilerVersion: 8.4.0
Program nu_correct, built from:
Package MNI N3, version 1.12.0, compiled by nicks@terrier (x86_64-unknown-linux-gnu) on 2015-06-19 at 01:25:34
#######################################
GCADIR /opt/freesurfer/average
GCA RB_all_2020-01-02.gca
GCASkull RB_all_withskull_2020_01_02.gca
AvgCurvTif folding.atlas.acfb40.noaparc.i12.2016-08-02.tif
GCSDIR /opt/freesurfer/average
GCS DKaparc.atlas.acfb40.noaparc.i12.2016-08-02.gcs
#######################################
#-------------------------------------
#@# EM Registration Wed Mar 11 10:28:01 CET 2026
/out/sourcedata/freesurfer/sub-v2s16x51235_ses-1/mri

 mri_em_register -uns 3 -mask brainmask.mgz nu.mgz /opt/freesurfer/average/RB_all_2020-01-02.gca transforms/talairach.lta 

setting unknown_nbr_spacing = 3
using MR volume brainmask.mgz to mask input volume...

== Number of threads available to mri_em_register for OpenMP = 16 == 
reading 1 input volumes...
logging results to talairach.log
reading '/opt/freesurfer/average/RB_all_2020-01-02.gca'...
GCAread took 0 minutes and 1 seconds.
average std = 7.2   using min determinant for regularization = 5.2
0 singular and 884 ill-conditioned covariance matrices regularized
reading 'nu.mgz'...
MRImask(): AllowDiffGeom = 1
MRImask(): AllowDiffGeom = 1
MRImask(): AllowDiffGeom = 1
MRImask(): AllowDiffGeom = 1
MRImask(): AllowDiffGeom = 1
freeing gibbs priors...done.
accounting for voxel sizes in initial transform
bounding unknown intensity as < 5.9 or > 519.0 
total sample mean = 79.1 (1017 zeros)
************************************************
spacing=8, using 2841 sample points, tol=1.00e-05...
************************************************
register_mri: find_optimal_transform
find_optimal_transform: nsamples 2841, passno 0, spacing 8
resetting wm mean[0]: 98 --> 107
resetting gm mean[0]: 61 --> 61
input volume #1 is the most T1-like
using real data threshold=22.0
skull bounding box = (61, 55, 35) --> (204, 181, 211)
finding center of left hemi white matter
using (109, 97, 123) as brain centroid of Right_Cerebral_White_Matter...
MRImask(): AllowDiffGeom = 1
mean wm in atlas = 107, using box (91,82,101) --> (126, 112,144) to find MRI wm
before smoothing, mri peak at 109
robust fit to distribution - 108 +- 4.3
after smoothing, mri peak at 108, scaling input intensities by 0.991
scaling channel 0 by 0.990741
initial log_p = -4.094
************************************************
First Search limited to translation only.
************************************************
max log p =    -3.942021 @ (-10.526, 10.526, -10.526)
max log p =    -3.653273 @ (5.263, -5.263, -5.263)
max log p =    -3.653273 @ (0.000, 0.000, 0.000)
max log p =    -3.619978 @ (1.316, -1.316, 1.316)
max log p =    -3.598618 @ (-0.658, -0.658, 1.974)
max log p =    -3.594354 @ (-0.329, 0.329, -0.987)
max log p =    -3.594354 @ (0.000, 0.000, 0.000)
max log p =    -3.594354 @ (0.000, 0.000, 0.000)
Found translation: (-4.9, 3.6, -13.5): log p = -3.594
****************************************
Nine parameter search.  iteration 0 nscales = 0 ...
****************************************
Result so far: scale 1.000: max_log_p=-3.364, old_max_log_p =-3.594 (thresh=-3.6)
 0.99144   0.00000   0.13053  -19.32777;
 0.00000   1.15000   0.00000  -13.73236;
-0.13053   0.00000   0.99144   4.72546;
 0.00000   0.00000   0.00000   1.00000;
iteration took 0 minutes and 9 seconds.
****************************************
Nine parameter search.  iteration 1 nscales = 0 ...
****************************************
Result so far: scale 1.000: max_log_p=-3.364, old_max_log_p =-3.364 (thresh=-3.4)
 0.99144   0.00000   0.13053  -19.32777;
 0.00000   1.15000   0.00000  -13.73236;
-0.13053   0.00000   0.99144   4.72546;
 0.00000   0.00000   0.00000   1.00000;
reducing scale to 0.2500
iteration took 0 minutes and 8 seconds.
****************************************
Nine parameter search.  iteration 2 nscales = 1 ...
****************************************
Result so far: scale 0.250: max_log_p=-3.189, old_max_log_p =-3.364 (thresh=-3.4)
 1.00318  -0.07869   0.15878  -15.13143;
 0.05523   1.12281   0.07182  -30.22229;
-0.16188  -0.07112   0.96520   20.20234;
 0.00000   0.00000   0.00000   1.00000;
iteration took 0 minutes and 8 seconds.
****************************************
Nine parameter search.  iteration 3 nscales = 1 ...
****************************************
Result so far: scale 0.250: max_log_p=-3.184, old_max_log_p =-3.189 (thresh=-3.2)
 1.00318  -0.07869   0.15878  -15.13143;
 0.05523   1.12281   0.07182  -28.34729;
-0.16491  -0.07245   0.98330   18.60450;
 0.00000   0.00000   0.00000   1.00000;
iteration took 0 minutes and 8 seconds.
****************************************
Nine parameter search.  iteration 4 nscales = 1 ...
****************************************
Result so far: scale 0.250: max_log_p=-3.184, old_max_log_p =-3.184 (thresh=-3.2)
 1.00318  -0.07869   0.15878  -15.13143;
 0.05523   1.12281   0.07182  -28.34729;
-0.16491  -0.07245   0.98330   18.60450;
 0.00000   0.00000   0.00000   1.00000;
reducing scale to 0.0625
iteration took 0 minutes and 8 seconds.
****************************************
Nine parameter search.  iteration 5 nscales = 2 ...
****************************************
Result so far: scale 0.062: max_log_p=-3.159, old_max_log_p =-3.184 (thresh=-3.2)
 1.00196  -0.07853   0.15886  -15.48296;
 0.05280   1.12541   0.08814  -31.19890;
-0.16587  -0.09077   0.98079   21.66509;
 0.00000   0.00000   0.00000   1.00000;
iteration took 0 minutes and 8 seconds.
****************************************
Nine parameter search.  iteration 6 nscales = 2 ...
****************************************
Result so far: scale 0.062: max_log_p=-3.155, old_max_log_p =-3.159 (thresh=-3.2)
 1.00093  -0.07776   0.15047  -13.97236;
 0.05557   1.12807   0.07216  -29.98268;
-0.15660  -0.07289   0.98221   18.15550;
 0.00000   0.00000   0.00000   1.00000;
iteration took 0 minutes and 8 seconds.
****************************************
Nine parameter search.  iteration 7 nscales = 2 ...
****************************************
Result so far: scale 0.062: max_log_p=-3.154, old_max_log_p =-3.155 (thresh=-3.2)
 1.00335  -0.07725   0.14260  -13.88659;
 0.05563   1.12939   0.07225  -30.15760;
-0.14823  -0.07344   0.98226   17.11034;
 0.00000   0.00000   0.00000   1.00000;
min search scale 0.025000 reached
***********************************************
Computing MAP estimate using 2841 samples...
***********************************************
dt = 5.00e-06, momentum=0.80, tol=1.00e-05
l_intensity = 1.0000
Aligning input volume to GCA...
Transform matrix
 1.00335  -0.07725   0.14260  -13.88659;
 0.05563   1.12939   0.07225  -30.15760;
-0.14823  -0.07344   0.98226   17.11034;
 0.00000   0.00000   0.00000   1.00000;
nsamples 2841
Quasinewton: input matrix
 1.00335  -0.07725   0.14260  -13.88659;
 0.05563   1.12939   0.07225  -30.15760;
-0.14823  -0.07344   0.98226   17.11034;
 0.00000   0.00000   0.00000   1.00000;
 IFLAG= -1  LINE SEARCH FAILED. SEE DOCUMENTATION OF ROUTINE MCSRCH ERROR RETURN OF LINE SEARCH: INFO= 3 POSSIBLE CAUSES: FUNCTION OR GRADIENT ARE INCORRECT OR INCORRECT TOLERANCESoutof QuasiNewtonEMA: 010: -log(p) =   -0.0  tol 0.000010
Resulting transform:
 1.00335  -0.07725   0.14260  -13.88659;
 0.05563   1.12939   0.07225  -30.15760;
-0.14823  -0.07344   0.98226   17.11034;
 0.00000   0.00000   0.00000   1.00000;

pass 1, spacing 8: log(p) = -3.154 (old=-4.094)
transform before final EM align:
 1.00335  -0.07725   0.14260  -13.88659;
 0.05563   1.12939   0.07225  -30.15760;
-0.14823  -0.07344   0.98226   17.11034;
 0.00000   0.00000   0.00000   1.00000;

**************************************************
 EM alignment process ...
 Computing final MAP estimate using 315638 samples. 
**************************************************
dt = 5.00e-06, momentum=0.80, tol=1.00e-07
l_intensity = 1.0000
Aligning input volume to GCA...
Transform matrix
 1.00335  -0.07725   0.14260  -13.88659;
 0.05563   1.12939   0.07225  -30.15760;
-0.14823  -0.07344   0.98226   17.11034;
 0.00000   0.00000   0.00000   1.00000;
nsamples 315638
Quasinewton: input matrix
 1.00335  -0.07725   0.14260  -13.88659;
 0.05563   1.12939   0.07225  -30.15760;
-0.14823  -0.07344   0.98226   17.11034;
 0.00000   0.00000   0.00000   1.00000;
 IFLAG= -1  LINE SEARCH FAILED. SEE DOCUMENTATION OF ROUTINE MCSRCH ERROR RETURN OF LINE SEARCH: INFO= 6 POSSIBLE CAUSES: FUNCTION OR GRADIENT ARE INCORRECT OR INCORRECT TOLERANCESoutof QuasiNewtonEMA: 012: -log(p) =    3.7  tol 0.000000
final transform:
 1.00335  -0.07725   0.14260  -13.88659;
 0.05563   1.12939   0.07225  -30.15760;
-0.14823  -0.07344   0.98226   17.11034;
 0.00000   0.00000   0.00000   1.00000;

writing output transformation to transforms/talairach.lta...
#VMPC# mri_em_register VmPeak  891284
FSRUNTIME@ mri_em_register  0.0270 hours 16 threads
registration took 1 minutes and 37 seconds.

Started at Wed Mar 11 10:28:01 CET 2026 
Ended   at Wed Mar 11 10:29:39 CET 2026
#@#%# recon-all-run-time-hours 0.027
recon-all -s sub-v2s16x51235_ses-1 finished without error at Wed Mar 11 10:29:39 CET 2026



#New# invocation of recon-all 




Wed Mar 11 10:29:41 CET 2026
cd /out/sourcedata/freesurfer/sub-v2s16x51235_ses-1
setenv SUBJECTS_DIR /out/sourcedata/freesurfer
/opt/freesurfer/bin/recon-all -autorecon2-volonly -openmp 16 -subjid sub-v2s16x51235_ses-1 -sd /out/sourcedata/freesurfer -nogcareg

subjid sub-v2s16x51235_ses-1
setenv SUBJECTS_DIR /out/sourcedata/freesurfer
FREESURFER_HOME /opt/freesurfer
Actual FREESURFER_HOME /opt/freesurfer
build-stamp.txt: freesurfer-linux-ubuntu22_x86_64-7.3.2-20220804-6354275
Linux dna023 5.14.0-427.37.1.el9_4.x86_64 #1 SMP PREEMPT_DYNAMIC Fri Sep 13 12:41:50 EDT 2024 x86_64 x86_64 x86_64 GNU/Linux
cputime      unlimited
filesize     unlimited
datasize     unlimited
stacksize    8192 kbytes
coredumpsize 0 kbytes
memoryuse    67108864 kbytes
vmemoryuse   unlimited
descriptors  1024 
memorylocked unlimited
maxproc      2061970 
maxlocks     unlimited
maxsignal    4126352 
maxmessage   819200 
maxnice      0 
maxrtprio    0 
maxrttime    unlimited

               total        used        free      shared  buff/cache   available
Mem:           1.0Ti        52Gi       904Gi        21Gi        50Gi       928Gi
Swap:             0B          0B          0B

########################################
program versions used
7.3.2 (freesurfer-linux-ubuntu22_x86_64-7.3.2-20220804-6354275)
7.3.2

ProgramName: lta_convert  ProgramArguments: lta_convert -all-info  ProgramVersion: 7.3.2  TimeStamp: 2026/03/11-09:29:41-GMT  BuildTime: Aug  4 2022 06:17:15  BuildStamp: freesurfer-linux-ubuntu22_x86_64-7.3.2-20220804-6354275  User: oesteban  Machine: dna023  Platform: Linux  PlatformVersion: 5.14.0-427.37.1.el9_4.x86_64  CompilerName: GCC  CompilerVersion: 8.4.0
ProgramName: mri_and  ProgramArguments: mri_and -all-info  ProgramVersion: 7.3.2  TimeStamp: 2026/03/11-09:29:41-GMT  BuildTime: Aug  4 2022 06:17:15  BuildStamp: freesurfer-linux-ubuntu22_x86_64-7.3.2-20220804-6354275  User: oesteban  Machine: dna023  Platform: Linux  PlatformVersion: 5.14.0-427.37.1.el9_4.x86_64  CompilerName: GCC  CompilerVersion: 8.4.0
ProgramName: mri_annotation2label  ProgramArguments: mri_annotation2label -all-info  ProgramVersion: 7.3.2  TimeStamp: 2026/03/11-09:29:41-GMT  BuildTime: Aug  4 2022 06:17:15  BuildStamp: freesurfer-linux-ubuntu22_x86_64-7.3.2-20220804-6354275  User: oesteban  Machine: dna023  Platform: Linux  PlatformVersion: 5.14.0-427.37.1.el9_4.x86_64  CompilerName: GCC  CompilerVersion: 8.4.0
ProgramName: mri_aparc2aseg  ProgramArguments: mri_aparc2aseg -all-info  ProgramVersion: 7.3.2  TimeStamp: 2026/03/11-09:29:41-GMT  BuildTime: Aug  4 2022 06:17:15  BuildStamp: freesurfer-linux-ubuntu22_x86_64-7.3.2-20220804-6354275  User: oesteban  Machine: dna023  Platform: Linux  PlatformVersion: 5.14.0-427.37.1.el9_4.x86_64  CompilerName: GCC  CompilerVersion: 8.4.0
ProgramName: mri_surf2volseg  ProgramArguments: mri_surf2volseg -all-info  ProgramVersion: 7.3.2  TimeStamp: 2026/03/11-09:29:41-GMT  BuildTime: Aug  4 2022 06:17:15  BuildStamp: freesurfer-linux-ubuntu22_x86_64-7.3.2-20220804-6354275  User: oesteban  Machine: dna023  Platform: Linux  PlatformVersion: 5.14.0-427.37.1.el9_4.x86_64  CompilerName: GCC  CompilerVersion: 8.4.0
ProgramName: mri_binarize  ProgramArguments: mri_binarize -all-info  ProgramVersion: 7.3.2  TimeStamp: 2026/03/11-09:29:41-GMT  BuildTime: Aug  4 2022 06:17:15  BuildStamp: freesurfer-linux-ubuntu22_x86_64-7.3.2-20220804-6354275  User: oesteban  Machine: dna023  Platform: Linux  PlatformVersion: 5.14.0-427.37.1.el9_4.x86_64  CompilerName: GCC  CompilerVersion: 8.4.0
ProgramName: mri_ca_label  ProgramArguments: mri_ca_label -all-info  ProgramVersion: 7.3.2  TimeStamp: 2026/03/11-09:29:41-GMT  BuildTime: Aug  4 2022 06:17:15  BuildStamp: freesurfer-linux-ubuntu22_x86_64-7.3.2-20220804-6354275  User: oesteban  Machine: dna023  Platform: Linux  PlatformVersion: 5.14.0-427.37.1.el9_4.x86_64  CompilerName: GCC  CompilerVersion: 8.4.0
ProgramName: mri_ca_normalize  ProgramArguments: mri_ca_normalize -all-info  ProgramVersion: 7.3.2  TimeStamp: 2026/03/11-09:29:41-GMT  BuildTime: Aug  4 2022 06:17:15  BuildStamp: freesurfer-linux-ubuntu22_x86_64-7.3.2-20220804-6354275  User: oesteban  Machine: dna023  Platform: Linux  PlatformVersion: 5.14.0-427.37.1.el9_4.x86_64  CompilerName: GCC  CompilerVersion: 8.4.0
ProgramName: mri_ca_register  ProgramArguments: mri_ca_register -all-info  ProgramVersion: 7.3.2  TimeStamp: 2026/03/11-09:29:41-GMT  BuildTime: Aug  4 2022 06:17:15  BuildStamp: freesurfer-linux-ubuntu22_x86_64-7.3.2-20220804-6354275  User: oesteban  Machine: dna023  Platform: Linux  PlatformVersion: 5.14.0-427.37.1.el9_4.x86_64  CompilerName: GCC  CompilerVersion: 8.4.0
ProgramName: mri_cc  ProgramArguments: mri_cc -all-info  ProgramVersion: 7.3.2  TimeStamp: 2026/03/11-09:29:41-GMT  BuildTime: Aug  4 2022 06:17:15  BuildStamp: freesurfer-linux-ubuntu22_x86_64-7.3.2-20220804-6354275  User: oesteban  Machine: dna023  Platform: Linux  PlatformVersion: 5.14.0-427.37.1.el9_4.x86_64  CompilerName: GCC  CompilerVersion: 8.4.0
ProgramName: mri_compute_overlap  ProgramArguments: mri_compute_overlap -all-info  ProgramVersion: 7.3.2  TimeStamp: 2026/03/11-09:29:41-GMT  BuildTime: Aug  4 2022 06:17:15  BuildStamp: freesurfer-linux-ubuntu22_x86_64-7.3.2-20220804-6354275  User: oesteban  Machine: dna023  Platform: Linux  PlatformVersion: 5.14.0-427.37.1.el9_4.x86_64  CompilerName: GCC  CompilerVersion: 8.4.0
ProgramName: mri_compute_seg_overlap  ProgramArguments: mri_compute_seg_overlap -all-info  ProgramVersion: 7.3.2  TimeStamp: 2026/03/11-09:29:41-GMT  BuildTime: Aug  4 2022 06:17:15  BuildStamp: freesurfer-linux-ubuntu22_x86_64-7.3.2-20220804-6354275  User: oesteban  Machine: dna023  Platform: Linux  PlatformVersion: 5.14.0-427.37.1.el9_4.x86_64  CompilerName: GCC  CompilerVersion: 8.4.0
ProgramName: mri_concat  ProgramArguments: mri_concat -all-info  ProgramVersion: 7.3.2  TimeStamp: 2026/03/11-09:29:41-GMT  BuildTime: Aug  4 2022 06:17:15  BuildStamp: freesurfer-linux-ubuntu22_x86_64-7.3.2-20220804-6354275  User: oesteban  Machine: dna023  Platform: Linux  PlatformVersion: 5.14.0-427.37.1.el9_4.x86_64  CompilerName: GCC  CompilerVersion: 8.4.0
ProgramName: mri_concatenate_lta  ProgramArguments: mri_concatenate_lta -all-info  ProgramVersion: 7.3.2  TimeStamp: 2026/03/11-09:29:41-GMT  BuildTime: Aug  4 2022 06:17:15  BuildStamp: freesurfer-linux-ubuntu22_x86_64-7.3.2-20220804-6354275  User: oesteban  Machine: dna023  Platform: Linux  PlatformVersion: 5.14.0-427.37.1.el9_4.x86_64  CompilerName: GCC  CompilerVersion: 8.4.0
mri_convert -all-info 
ProgramName: mri_convert  ProgramArguments: mri_convert -all-info  ProgramVersion: 7.3.2  TimeStamp: 2026/03/11-09:29:41-GMT  BuildTime: Aug  4 2022 06:17:15  BuildStamp: freesurfer-linux-ubuntu22_x86_64-7.3.2-20220804-6354275  User: oesteban  Machine: dna023  Platform: Linux  PlatformVersion: 5.14.0-427.37.1.el9_4.x86_64  CompilerName: GCC  CompilerVersion: 8.4.0
ProgramName: mri_diff  ProgramArguments: mri_diff -all-info  ProgramVersion: 7.3.2  TimeStamp: 2026/03/11-09:29:41-GMT  BuildTime: Aug  4 2022 06:17:15  BuildStamp: freesurfer-linux-ubuntu22_x86_64-7.3.2-20220804-6354275  User: oesteban  Machine: dna023  Platform: Linux  PlatformVersion: 5.14.0-427.37.1.el9_4.x86_64  CompilerName: GCC  CompilerVersion: 8.4.0
ProgramName: mri_edit_wm_with_aseg  ProgramArguments: mri_edit_wm_with_aseg -all-info  ProgramVersion: 7.3.2  TimeStamp: 2026/03/11-09:29:41-GMT  BuildTime: Aug  4 2022 06:17:15  BuildStamp: freesurfer-linux-ubuntu22_x86_64-7.3.2-20220804-6354275  User: oesteban  Machine: dna023  Platform: Linux  PlatformVersion: 5.14.0-427.37.1.el9_4.x86_64  CompilerName: GCC  CompilerVersion: 8.4.0
ProgramName: mri_em_register  ProgramArguments: mri_em_register -all-info  ProgramVersion: 7.3.2  TimeStamp: 2026/03/11-09:29:41-GMT  BuildTime: Aug  4 2022 06:17:15  BuildStamp: freesurfer-linux-ubuntu22_x86_64-7.3.2-20220804-6354275  User: oesteban  Machine: dna023  Platform: Linux  PlatformVersion: 5.14.0-427.37.1.el9_4.x86_64  CompilerName: GCC  CompilerVersion: 8.4.0
ProgramName: mri_fill  ProgramArguments: mri_fill -all-info  ProgramVersion: 7.3.2  TimeStamp: 2026/03/11-09:29:41-GMT  BuildTime: Aug  4 2022 06:17:15  BuildStamp: freesurfer-linux-ubuntu22_x86_64-7.3.2-20220804-6354275  User: oesteban  Machine: dna023  Platform: Linux  PlatformVersion: 5.14.0-427.37.1.el9_4.x86_64  CompilerName: GCC  CompilerVersion: 8.4.0
ProgramName: mri_fuse_segmentations  ProgramArguments: mri_fuse_segmentations -all-info  ProgramVersion: 7.3.2  TimeStamp: 2026/03/11-09:29:41-GMT  BuildTime: Aug  4 2022 06:17:15  BuildStamp: freesurfer-linux-ubuntu22_x86_64-7.3.2-20220804-6354275  User: oesteban  Machine: dna023  Platform: Linux  PlatformVersion: 5.14.0-427.37.1.el9_4.x86_64  CompilerName: GCC  CompilerVersion: 8.4.0
ProgramName: mri_fwhm  ProgramArguments: mri_fwhm -all-info  ProgramVersion: 7.3.2  TimeStamp: 2026/03/11-09:29:41-GMT  BuildTime: Aug  4 2022 06:17:15  BuildStamp: freesurfer-linux-ubuntu22_x86_64-7.3.2-20220804-6354275  User: oesteban  Machine: dna023  Platform: Linux  PlatformVersion: 5.14.0-427.37.1.el9_4.x86_64  CompilerName: GCC  CompilerVersion: 8.4.0
ProgramName: mri_gcut  ProgramArguments: mri_gcut -all-info  ProgramVersion: 7.3.2  TimeStamp: 2026/03/11-09:29:41-GMT  BuildTime: Aug  4 2022 06:17:15  BuildStamp: freesurfer-linux-ubuntu22_x86_64-7.3.2-20220804-6354275  User: oesteban  Machine: dna023  Platform: Linux  PlatformVersion: 5.14.0-427.37.1.el9_4.x86_64  CompilerName: GCC  CompilerVersion: 8.4.0
ProgramName: mri_info  ProgramArguments: mri_info -all-info  ProgramVersion: 7.3.2  TimeStamp: 2026/03/11-09:29:41-GMT  BuildTime: Aug  4 2022 06:17:15  BuildStamp: freesurfer-linux-ubuntu22_x86_64-7.3.2-20220804-6354275  User: oesteban  Machine: dna023  Platform: Linux  PlatformVersion: 5.14.0-427.37.1.el9_4.x86_64  CompilerName: GCC  CompilerVersion: 8.4.0
ProgramName: mri_label2label  ProgramArguments: mri_label2label -all-info  ProgramVersion: 7.3.2  TimeStamp: 2026/03/11-09:29:41-GMT  BuildTime: Aug  4 2022 06:17:15  BuildStamp: freesurfer-linux-ubuntu22_x86_64-7.3.2-20220804-6354275  User: oesteban  Machine: dna023  Platform: Linux  PlatformVersion: 5.14.0-427.37.1.el9_4.x86_64  CompilerName: GCC  CompilerVersion: 8.4.0
ProgramName: mri_label2vol  ProgramArguments: mri_label2vol -all-info  ProgramVersion: 7.3.2  TimeStamp: 2026/03/11-09:29:41-GMT  BuildTime: Aug  4 2022 06:17:15  BuildStamp: freesurfer-linux-ubuntu22_x86_64-7.3.2-20220804-6354275  User: oesteban  Machine: dna023  Platform: Linux  PlatformVersion: 5.14.0-427.37.1.el9_4.x86_64  CompilerName: GCC  CompilerVersion: 8.4.0
ProgramName: mri_log_likelihood  ProgramArguments: mri_log_likelihood -all-info  ProgramVersion: 7.3.2  TimeStamp: 2026/03/11-09:29:41-GMT  BuildTime: Aug  4 2022 06:17:15  BuildStamp: freesurfer-linux-ubuntu22_x86_64-7.3.2-20220804-6354275  User: oesteban  Machine: dna023  Platform: Linux  PlatformVersion: 5.14.0-427.37.1.el9_4.x86_64  CompilerName: GCC  CompilerVersion: 8.4.0
ProgramName: mri_mask  ProgramArguments: mri_mask -all-info  ProgramVersion: 7.3.2  TimeStamp: 2026/03/11-09:29:41-GMT  BuildTime: Aug  4 2022 06:17:15  BuildStamp: freesurfer-linux-ubuntu22_x86_64-7.3.2-20220804-6354275  User: oesteban  Machine: dna023  Platform: Linux  PlatformVersion: 5.14.0-427.37.1.el9_4.x86_64  CompilerName: GCC  CompilerVersion: 8.4.0
ProgramName: mri_matrix_multiply  ProgramArguments: mri_matrix_multiply -all-info  ProgramVersion: 7.3.2  TimeStamp: 2026/03/11-09:29:41-GMT  BuildTime: Aug  4 2022 06:17:15  BuildStamp: freesurfer-linux-ubuntu22_x86_64-7.3.2-20220804-6354275  User: oesteban  Machine: dna023  Platform: Linux  PlatformVersion: 5.14.0-427.37.1.el9_4.x86_64  CompilerName: GCC  CompilerVersion: 8.4.0
ProgramName: mri_normalize  ProgramArguments: mri_normalize -all-info  ProgramVersion: 7.3.2  TimeStamp: 2026/03/11-09:29:41-GMT  BuildTime: Aug  4 2022 06:17:15  BuildStamp: freesurfer-linux-ubuntu22_x86_64-7.3.2-20220804-6354275  User: oesteban  Machine: dna023  Platform: Linux  PlatformVersion: 5.14.0-427.37.1.el9_4.x86_64  CompilerName: GCC  CompilerVersion: 8.4.0
ProgramName: mri_normalize_tp2  ProgramArguments: mri_normalize_tp2 -all-info  ProgramVersion: 7.3.2  TimeStamp: 2026/03/11-09:29:41-GMT  BuildTime: Aug  4 2022 06:17:15  BuildStamp: freesurfer-linux-ubuntu22_x86_64-7.3.2-20220804-6354275  User: oesteban  Machine: dna023  Platform: Linux  PlatformVersion: 5.14.0-427.37.1.el9_4.x86_64  CompilerName: GCC  CompilerVersion: 8.4.0
ProgramName: mri_or  ProgramArguments: mri_or -all-info  ProgramVersion: 7.3.2  TimeStamp: 2026/03/11-09:29:41-GMT  BuildTime: Aug  4 2022 06:17:15  BuildStamp: freesurfer-linux-ubuntu22_x86_64-7.3.2-20220804-6354275  User: oesteban  Machine: dna023  Platform: Linux  PlatformVersion: 5.14.0-427.37.1.el9_4.x86_64  CompilerName: GCC  CompilerVersion: 8.4.0
ProgramName: mri_relabel_hypointensities  ProgramArguments: mri_relabel_hypointensities -all-info  ProgramVersion: 7.3.2  TimeStamp: 2026/03/11-09:29:41-GMT  BuildTime: Aug  4 2022 06:17:15  BuildStamp: freesurfer-linux-ubuntu22_x86_64-7.3.2-20220804-6354275  User: oesteban  Machine: dna023  Platform: Linux  PlatformVersion: 5.14.0-427.37.1.el9_4.x86_64  CompilerName: GCC  CompilerVersion: 8.4.0
ProgramName: mri_relabel_nonwm_hypos  ProgramArguments: mri_relabel_nonwm_hypos -all-info  ProgramVersion: 7.3.2  TimeStamp: 2026/03/11-09:29:41-GMT  BuildTime: Aug  4 2022 06:17:15  BuildStamp: freesurfer-linux-ubuntu22_x86_64-7.3.2-20220804-6354275  User: oesteban  Machine: dna023  Platform: Linux  PlatformVersion: 5.14.0-427.37.1.el9_4.x86_64  CompilerName: GCC  CompilerVersion: 8.4.0
ProgramName: mri_remove_neck  ProgramArguments: mri_remove_neck -all-info  ProgramVersion: 7.3.2  TimeStamp: 2026/03/11-09:29:41-GMT  BuildTime: Aug  4 2022 06:17:15  BuildStamp: freesurfer-linux-ubuntu22_x86_64-7.3.2-20220804-6354275  User: oesteban  Machine: dna023  Platform: Linux  PlatformVersion: 5.14.0-427.37.1.el9_4.x86_64  CompilerName: GCC  CompilerVersion: 8.4.0
7.3.2

ProgramName: mri_robust_register  ProgramArguments: mri_robust_register -all-info  ProgramVersion: 7.3.2  TimeStamp: 2026/03/11-09:29:41-GMT  BuildTime: Aug  4 2022 06:17:15  BuildStamp: freesurfer-linux-ubuntu22_x86_64-7.3.2-20220804-6354275  User: oesteban  Machine: dna023  Platform: Linux  PlatformVersion: 5.14.0-427.37.1.el9_4.x86_64  CompilerName: GCC  CompilerVersion: 8.4.0
7.3.2

ProgramName: mri_robust_template  ProgramArguments: mri_robust_template -all-info  ProgramVersion: 7.3.2  TimeStamp: 2026/03/11-09:29:41-GMT  BuildTime: Aug  4 2022 06:17:15  BuildStamp: freesurfer-linux-ubuntu22_x86_64-7.3.2-20220804-6354275  User: oesteban  Machine: dna023  Platform: Linux  PlatformVersion: 5.14.0-427.37.1.el9_4.x86_64  CompilerName: GCC  CompilerVersion: 8.4.0
ProgramName: mris_anatomical_stats  ProgramArguments: mris_anatomical_stats -all-info  ProgramVersion: 7.3.2  TimeStamp: 2026/03/11-09:29:41-GMT  BuildTime: Aug  4 2022 06:17:15  BuildStamp: freesurfer-linux-ubuntu22_x86_64-7.3.2-20220804-6354275  User: oesteban  Machine: dna023  Platform: Linux  PlatformVersion: 5.14.0-427.37.1.el9_4.x86_64  CompilerName: GCC  CompilerVersion: 8.4.0
ProgramName: mris_ca_label  ProgramArguments: mris_ca_label -all-info  ProgramVersion: 7.3.2  TimeStamp: 2026/03/11-09:29:41-GMT  BuildTime: Aug  4 2022 06:17:15  BuildStamp: freesurfer-linux-ubuntu22_x86_64-7.3.2-20220804-6354275  User: oesteban  Machine: dna023  Platform: Linux  PlatformVersion: 5.14.0-427.37.1.el9_4.x86_64  CompilerName: GCC  CompilerVersion: 8.4.0
ProgramName: mris_calc  ProgramArguments: mris_calc -all-info  ProgramVersion: 7.3.2  TimeStamp: 2026/03/11-09:29:41-GMT  BuildTime: Aug  4 2022 06:17:15  BuildStamp: freesurfer-linux-ubuntu22_x86_64-7.3.2-20220804-6354275  User: oesteban  Machine: dna023  Platform: Linux  PlatformVersion: 5.14.0-427.37.1.el9_4.x86_64  CompilerName: GCC  CompilerVersion: 8.4.0
ProgramName: mris_convert  ProgramArguments: mris_convert -all-info  ProgramVersion: 7.3.2  TimeStamp: 2026/03/11-09:29:41-GMT  BuildTime: Aug  4 2022 06:17:15  BuildStamp: freesurfer-linux-ubuntu22_x86_64-7.3.2-20220804-6354275  User: oesteban  Machine: dna023  Platform: Linux  PlatformVersion: 5.14.0-427.37.1.el9_4.x86_64  CompilerName: GCC  CompilerVersion: 8.4.0
ProgramName: mris_curvature  ProgramArguments: mris_curvature -all-info  ProgramVersion: 7.3.2  TimeStamp: 2026/03/11-09:29:41-GMT  BuildTime: Aug  4 2022 06:17:15  BuildStamp: freesurfer-linux-ubuntu22_x86_64-7.3.2-20220804-6354275  User: oesteban  Machine: dna023  Platform: Linux  PlatformVersion: 5.14.0-427.37.1.el9_4.x86_64  CompilerName: GCC  CompilerVersion: 8.4.0
ProgramName: mris_curvature_stats  ProgramArguments: mris_curvature_stats -all-info  ProgramVersion: 7.3.2  TimeStamp: 2026/03/11-09:29:41-GMT  BuildTime: Aug  4 2022 06:17:15  BuildStamp: freesurfer-linux-ubuntu22_x86_64-7.3.2-20220804-6354275  User: oesteban  Machine: dna023  Platform: Linux  PlatformVersion: 5.14.0-427.37.1.el9_4.x86_64  CompilerName: GCC  CompilerVersion: 8.4.0
ProgramName: mris_diff  ProgramArguments: mris_diff -all-info  ProgramVersion: 7.3.2  TimeStamp: 2026/03/11-09:29:41-GMT  BuildTime: Aug  4 2022 06:17:15  BuildStamp: freesurfer-linux-ubuntu22_x86_64-7.3.2-20220804-6354275  User: oesteban  Machine: dna023  Platform: Linux  PlatformVersion: 5.14.0-427.37.1.el9_4.x86_64  CompilerName: GCC  CompilerVersion: 8.4.0
ProgramName: mris_divide_parcellation  ProgramArguments: mris_divide_parcellation -all-info  ProgramVersion: 7.3.2  TimeStamp: 2026/03/11-09:29:41-GMT  BuildTime: Aug  4 2022 06:17:15  BuildStamp: freesurfer-linux-ubuntu22_x86_64-7.3.2-20220804-6354275  User: oesteban  Machine: dna023  Platform: Linux  PlatformVersion: 5.14.0-427.37.1.el9_4.x86_64  CompilerName: GCC  CompilerVersion: 8.4.0
ProgramName: mri_segment  ProgramArguments: mri_segment -all-info  ProgramVersion: 7.3.2  TimeStamp: 2026/03/11-09:29:41-GMT  BuildTime: Aug  4 2022 06:17:15  BuildStamp: freesurfer-linux-ubuntu22_x86_64-7.3.2-20220804-6354275  User: oesteban  Machine: dna023  Platform: Linux  PlatformVersion: 5.14.0-427.37.1.el9_4.x86_64  CompilerName: GCC  CompilerVersion: 8.4.0
ProgramName: mri_segstats  ProgramArguments: mri_segstats -all-info  ProgramVersion: 7.3.2  TimeStamp: 2026/03/11-09:29:41-GMT  BuildTime: Aug  4 2022 06:17:15  BuildStamp: freesurfer-linux-ubuntu22_x86_64-7.3.2-20220804-6354275  User: oesteban  Machine: dna023  Platform: Linux  PlatformVersion: 5.14.0-427.37.1.el9_4.x86_64  CompilerName: GCC  CompilerVersion: 8.4.0
ProgramName: mris_euler_number  ProgramArguments: mris_euler_number -all-info  ProgramVersion: 7.3.2  TimeStamp: 2026/03/11-09:29:41-GMT  BuildTime: Aug  4 2022 06:17:15  BuildStamp: freesurfer-linux-ubuntu22_x86_64-7.3.2-20220804-6354275  User: oesteban  Machine: dna023  Platform: Linux  PlatformVersion: 5.14.0-427.37.1.el9_4.x86_64  CompilerName: GCC  CompilerVersion: 8.4.0
ProgramName: mris_fix_topology  ProgramArguments: mris_fix_topology -all-info  ProgramVersion: 7.3.2  TimeStamp: 2026/03/11-09:29:41-GMT  BuildTime: Aug  4 2022 06:17:15  BuildStamp: freesurfer-linux-ubuntu22_x86_64-7.3.2-20220804-6354275  User: oesteban  Machine: dna023  Platform: Linux  PlatformVersion: 5.14.0-427.37.1.el9_4.x86_64  CompilerName: GCC  CompilerVersion: 8.4.0
ProgramName: mris_topo_fixer  ProgramArguments: mris_topo_fixer -all-info  ProgramVersion: 7.3.2  TimeStamp: 2026/03/11-09:29:41-GMT  BuildTime: Aug  4 2022 06:17:15  BuildStamp: freesurfer-linux-ubuntu22_x86_64-7.3.2-20220804-6354275  User: oesteban  Machine: dna023  Platform: Linux  PlatformVersion: 5.14.0-427.37.1.el9_4.x86_64  CompilerName: GCC  CompilerVersion: 8.4.0
ProgramName: mris_jacobian  ProgramArguments: mris_jacobian -all-info  ProgramVersion: 7.3.2  TimeStamp: 2026/03/11-09:29:41-GMT  BuildTime: Aug  4 2022 06:17:15  BuildStamp: freesurfer-linux-ubuntu22_x86_64-7.3.2-20220804-6354275  User: oesteban  Machine: dna023  Platform: Linux  PlatformVersion: 5.14.0-427.37.1.el9_4.x86_64  CompilerName: GCC  CompilerVersion: 8.4.0
ProgramName: mris_label2annot  ProgramArguments: mris_label2annot -all-info  ProgramVersion: 7.3.2  TimeStamp: 2026/03/11-09:29:41-GMT  BuildTime: Aug  4 2022 06:17:15  BuildStamp: freesurfer-linux-ubuntu22_x86_64-7.3.2-20220804-6354275  User: oesteban  Machine: dna023  Platform: Linux  PlatformVersion: 5.14.0-427.37.1.el9_4.x86_64  CompilerName: GCC  CompilerVersion: 8.4.0
ProgramName: mris_left_right_register  ProgramArguments: mris_left_right_register -all-info  ProgramVersion: 7.3.2  TimeStamp: 2026/03/11-09:29:41-GMT  BuildTime: Aug  4 2022 06:17:15  BuildStamp: freesurfer-linux-ubuntu22_x86_64-7.3.2-20220804-6354275  User: oesteban  Machine: dna023  Platform: Linux  PlatformVersion: 5.14.0-427.37.1.el9_4.x86_64  CompilerName: GCC  CompilerVersion: 8.4.0
ProgramName: mris_place_surface  ProgramArguments: mris_place_surface -all-info  ProgramVersion: 7.3.2  TimeStamp: 2026/03/11-09:29:41-GMT  BuildTime: Aug  4 2022 06:17:15  BuildStamp: freesurfer-linux-ubuntu22_x86_64-7.3.2-20220804-6354275  User: oesteban  Machine: dna023  Platform: Linux  PlatformVersion: 5.14.0-427.37.1.el9_4.x86_64  CompilerName: GCC  CompilerVersion: 8.4.0
ProgramName: mrisp_paint  ProgramArguments: mrisp_paint -all-info  ProgramVersion: 7.3.2  TimeStamp: 2026/03/11-09:29:41-GMT  BuildTime: Aug  4 2022 06:17:15  BuildStamp: freesurfer-linux-ubuntu22_x86_64-7.3.2-20220804-6354275  User: oesteban  Machine: dna023  Platform: Linux  PlatformVersion: 5.14.0-427.37.1.el9_4.x86_64  CompilerName: GCC  CompilerVersion: 8.4.0
ProgramName: mris_register  ProgramArguments: mris_register -all-info  ProgramVersion: 7.3.2  TimeStamp: 2026/03/11-09:29:41-GMT  BuildTime: Aug  4 2022 06:17:15  BuildStamp: freesurfer-linux-ubuntu22_x86_64-7.3.2-20220804-6354275  User: oesteban  Machine: dna023  Platform: Linux  PlatformVersion: 5.14.0-427.37.1.el9_4.x86_64  CompilerName: GCC  CompilerVersion: 8.4.0
ProgramName: mris_smooth  ProgramArguments: mris_smooth -all-info  ProgramVersion: 7.3.2  TimeStamp: 2026/03/11-09:29:41-GMT  BuildTime: Aug  4 2022 06:17:15  BuildStamp: freesurfer-linux-ubuntu22_x86_64-7.3.2-20220804-6354275  User: oesteban  Machine: dna023  Platform: Linux  PlatformVersion: 5.14.0-427.37.1.el9_4.x86_64  CompilerName: GCC  CompilerVersion: 8.4.0
ProgramName: mris_sphere  ProgramArguments: mris_sphere -all-info  ProgramVersion: 7.3.2  TimeStamp: 2026/03/11-09:29:41-GMT  BuildTime: Aug  4 2022 06:17:15  BuildStamp: freesurfer-linux-ubuntu22_x86_64-7.3.2-20220804-6354275  User: oesteban  Machine: dna023  Platform: Linux  PlatformVersion: 5.14.0-427.37.1.el9_4.x86_64  CompilerName: GCC  CompilerVersion: 8.4.0
ProgramName: mris_surface_stats  ProgramArguments: mris_surface_stats -all-info  ProgramVersion: 7.3.2  TimeStamp: 2026/03/11-09:29:41-GMT  BuildTime: Aug  4 2022 06:17:15  BuildStamp: freesurfer-linux-ubuntu22_x86_64-7.3.2-20220804-6354275  User: oesteban  Machine: dna023  Platform: Linux  PlatformVersion: 5.14.0-427.37.1.el9_4.x86_64  CompilerName: GCC  CompilerVersion: 8.4.0
ProgramName: mri_stats2seg  ProgramArguments: mri_stats2seg -all-info  ProgramVersion: 7.3.2  TimeStamp: 2026/03/11-09:29:41-GMT  BuildTime: Aug  4 2022 06:17:15  BuildStamp: freesurfer-linux-ubuntu22_x86_64-7.3.2-20220804-6354275  User: oesteban  Machine: dna023  Platform: Linux  PlatformVersion: 5.14.0-427.37.1.el9_4.x86_64  CompilerName: GCC  CompilerVersion: 8.4.0
ProgramName: mris_thickness  ProgramArguments: mris_thickness -all-info  ProgramVersion: 7.3.2  TimeStamp: 2026/03/11-09:29:41-GMT  BuildTime: Aug  4 2022 06:17:15  BuildStamp: freesurfer-linux-ubuntu22_x86_64-7.3.2-20220804-6354275  User: oesteban  Machine: dna023  Platform: Linux  PlatformVersion: 5.14.0-427.37.1.el9_4.x86_64  CompilerName: GCC  CompilerVersion: 8.4.0
ProgramName: mris_thickness_diff  ProgramArguments: mris_thickness_diff -all-info  ProgramVersion: 7.3.2  TimeStamp: 2026/03/11-09:29:41-GMT  BuildTime: Aug  4 2022 06:17:15  BuildStamp: freesurfer-linux-ubuntu22_x86_64-7.3.2-20220804-6354275  User: oesteban  Machine: dna023  Platform: Linux  PlatformVersion: 5.14.0-427.37.1.el9_4.x86_64  CompilerName: GCC  CompilerVersion: 8.4.0
ProgramName: mris_topo_fixer  ProgramArguments: mris_topo_fixer -all-info  ProgramVersion: 7.3.2  TimeStamp: 2026/03/11-09:29:41-GMT  BuildTime: Aug  4 2022 06:17:15  BuildStamp: freesurfer-linux-ubuntu22_x86_64-7.3.2-20220804-6354275  User: oesteban  Machine: dna023  Platform: Linux  PlatformVersion: 5.14.0-427.37.1.el9_4.x86_64  CompilerName: GCC  CompilerVersion: 8.4.0
ProgramName: mri_surf2surf  ProgramArguments: mri_surf2surf -all-info  ProgramVersion: 7.3.2  TimeStamp: 2026/03/11-09:29:41-GMT  BuildTime: Aug  4 2022 06:17:15  BuildStamp: freesurfer-linux-ubuntu22_x86_64-7.3.2-20220804-6354275  User: oesteban  Machine: dna023  Platform: Linux  PlatformVersion: 5.14.0-427.37.1.el9_4.x86_64  CompilerName: GCC  CompilerVersion: 8.4.0
ProgramName: mri_surf2vol  ProgramArguments: mri_surf2vol -all-info  ProgramVersion: 7.3.2  TimeStamp: 2026/03/11-09:29:41-GMT  BuildTime: Aug  4 2022 06:17:15  BuildStamp: freesurfer-linux-ubuntu22_x86_64-7.3.2-20220804-6354275  User: oesteban  Machine: dna023  Platform: Linux  PlatformVersion: 5.14.0-427.37.1.el9_4.x86_64  CompilerName: GCC  CompilerVersion: 8.4.0
ProgramName: mri_surfcluster  ProgramArguments: mri_surfcluster -all-info  ProgramVersion: 7.3.2  TimeStamp: 2026/03/11-09:29:41-GMT  BuildTime: Aug  4 2022 06:17:15  BuildStamp: freesurfer-linux-ubuntu22_x86_64-7.3.2-20220804-6354275  User: oesteban  Machine: dna023  Platform: Linux  PlatformVersion: 5.14.0-427.37.1.el9_4.x86_64  CompilerName: GCC  CompilerVersion: 8.4.0
ProgramName: mris_volmask  ProgramArguments: mris_volmask -all-info  ProgramVersion: 7.3.2  TimeStamp: 2026/03/11-09:29:41-GMT  BuildTime: Aug  4 2022 06:17:15  BuildStamp: freesurfer-linux-ubuntu22_x86_64-7.3.2-20220804-6354275  User: oesteban  Machine: dna023  Platform: Linux  PlatformVersion: 5.14.0-427.37.1.el9_4.x86_64  CompilerName: GCC  CompilerVersion: 8.4.0
ProgramName: mri_tessellate  ProgramArguments: mri_tessellate -all-info  ProgramVersion: 7.3.2  TimeStamp: 2026/03/11-09:29:41-GMT  BuildTime: Aug  4 2022 06:17:15  BuildStamp: freesurfer-linux-ubuntu22_x86_64-7.3.2-20220804-6354275  User: oesteban  Machine: dna023  Platform: Linux  PlatformVersion: 5.14.0-427.37.1.el9_4.x86_64  CompilerName: GCC  CompilerVersion: 8.4.0
ProgramName: mri_vol2surf  ProgramArguments: mri_vol2surf -all-info  ProgramVersion: 7.3.2  TimeStamp: 2026/03/11-09:29:41-GMT  BuildTime: Aug  4 2022 06:17:15  BuildStamp: freesurfer-linux-ubuntu22_x86_64-7.3.2-20220804-6354275  User: oesteban  Machine: dna023  Platform: Linux  PlatformVersion: 5.14.0-427.37.1.el9_4.x86_64  CompilerName: GCC  CompilerVersion: 8.4.0
ProgramName: mri_vol2vol  ProgramArguments: mri_vol2vol -all-info  ProgramVersion: 7.3.2  TimeStamp: 2026/03/11-09:29:41-GMT  BuildTime: Aug  4 2022 06:17:15  BuildStamp: freesurfer-linux-ubuntu22_x86_64-7.3.2-20220804-6354275  User: oesteban  Machine: dna023  Platform: Linux  PlatformVersion: 5.14.0-427.37.1.el9_4.x86_64  CompilerName: GCC  CompilerVersion: 8.4.0
ProgramName: mri_voldiff  ProgramArguments: mri_voldiff -all-info  ProgramVersion: 7.3.2  TimeStamp: 2026/03/11-09:29:41-GMT  BuildTime: Aug  4 2022 06:17:15  BuildStamp: freesurfer-linux-ubuntu22_x86_64-7.3.2-20220804-6354275  User: oesteban  Machine: dna023  Platform: Linux  PlatformVersion: 5.14.0-427.37.1.el9_4.x86_64  CompilerName: GCC  CompilerVersion: 8.4.0
ProgramName: mri_watershed  ProgramArguments: mri_watershed -all-info  ProgramVersion: 7.3.2  TimeStamp: 2026/03/11-09:29:41-GMT  BuildTime: Aug  4 2022 06:17:15  BuildStamp: freesurfer-linux-ubuntu22_x86_64-7.3.2-20220804-6354275  User: oesteban  Machine: dna023  Platform: Linux  PlatformVersion: 5.14.0-427.37.1.el9_4.x86_64  CompilerName: GCC  CompilerVersion: 8.4.0
ProgramName: tkregister2  ProgramArguments: tkregister2_cmdl -all-info  ProgramVersion: 7.3.2  TimeStamp: 2026/03/11-09:29:41-GMT  BuildTime: Aug  4 2022 06:17:15  BuildStamp: freesurfer-linux-ubuntu22_x86_64-7.3.2-20220804-6354275  User: oesteban  Machine: dna023  Platform: Linux  PlatformVersion: 5.14.0-427.37.1.el9_4.x86_64  CompilerName: GCC  CompilerVersion: 8.4.0
mri_motion_correct.fsl 7.3.2
mri_convert -all-info 
ProgramName: mri_convert  ProgramArguments: mri_convert -all-info  ProgramVersion: 7.3.2  TimeStamp: 2026/03/11-09:29:41-GMT  BuildTime: Aug  4 2022 06:17:15  BuildStamp: freesurfer-linux-ubuntu22_x86_64-7.3.2-20220804-6354275  User: oesteban  Machine: dna023  Platform: Linux  PlatformVersion: 5.14.0-427.37.1.el9_4.x86_64  CompilerName: GCC  CompilerVersion: 8.4.0
Program nu_correct, built from:
Package MNI N3, version 1.12.0, compiled by nicks@terrier (x86_64-unknown-linux-gnu) on 2015-06-19 at 01:25:34
#######################################
GCADIR /opt/freesurfer/average
GCA RB_all_2020-01-02.gca
GCASkull RB_all_withskull_2020_01_02.gca
AvgCurvTif folding.atlas.acfb40.noaparc.i12.2016-08-02.tif
GCSDIR /opt/freesurfer/average
GCS DKaparc.atlas.acfb40.noaparc.i12.2016-08-02.gcs
#######################################
#--------------------------------------
#@# CA Normalize Wed Mar 11 10:29:41 CET 2026
/out/sourcedata/freesurfer/sub-v2s16x51235_ses-1/mri

 mri_ca_normalize -c ctrl_pts.mgz -mask brainmask.mgz nu.mgz /opt/freesurfer/average/RB_all_2020-01-02.gca transforms/talairach.lta norm.mgz 

writing control point volume to ctrl_pts.mgz
using MR volume brainmask.mgz to mask input volume...
reading 1 input volume
reading atlas from '/opt/freesurfer/average/RB_all_2020-01-02.gca'...
reading transform from 'transforms/talairach.lta'...
reading input volume from nu.mgz...
resetting wm mean[0]: 98 --> 107
resetting gm mean[0]: 61 --> 61
input volume #1 is the most T1-like
using real data threshold=22.0
skull bounding box = (61, 55, 35) --> (204, 181, 211)
finding center of left hemi white matter
using (109, 97, 123) as brain centroid of Right_Cerebral_White_Matter...
mean wm in atlas = 107, using box (91,82,101) --> (126, 112,144) to find MRI wm
before smoothing, mri peak at 109
robust fit to distribution - 108 +- 4.3
after smoothing, mri peak at 108, scaling input intensities by 0.991
scaling channel 0 by 0.990741
using 246437 sample points...
INFO: compute sample coordinates transform
 1.00335  -0.07725   0.14260  -13.88659;
 0.05563   1.12939   0.07225  -30.15760;
-0.14823  -0.07344   0.98226   17.11034;
 0.00000   0.00000   0.00000   1.00000;
INFO: transform used
finding control points in Left_Cerebral_White_Matter....
found 40230 control points for structure...
bounding box (125, 58, 42) --> (200, 160, 210)
Left_Cerebral_White_Matter: limiting intensities to 96.0 --> 127.0
0 of 7707 (0.0%) samples deleted
finding control points in Right_Cerebral_White_Matter....
found 39478 control points for structure...
bounding box (68, 60, 37) --> (138, 166, 206)
Right_Cerebral_White_Matter: limiting intensities to 95.0 --> 127.0
6 of 7814 (0.1%) samples deleted
finding control points in Left_Cerebellum_White_Matter....
found 3105 control points for structure...
bounding box (138, 133, 67) --> (188, 173, 121)
Left_Cerebellum_White_Matter: limiting intensities to 94.0 --> 127.0
0 of 530 (0.0%) samples deleted
finding control points in Right_Cerebellum_White_Matter....
found 2710 control points for structure...
bounding box (96, 133, 59) --> (140, 174, 118)
Right_Cerebellum_White_Matter: limiting intensities to 92.0 --> 127.0
0 of 554 (0.0%) samples deleted
finding control points in Brain_Stem....
found 3475 control points for structure...
bounding box (117, 128, 100) --> (152, 188, 132)
Brain_Stem: limiting intensities to 88.0 --> 127.0
3 of 915 (0.3%) samples deleted
using 17520 total control points for intensity normalization...
bias field = 0.962 +- 0.064
6 of 17511 control points discarded
finding control points in Left_Cerebral_White_Matter....
found 40230 control points for structure...
bounding box (125, 58, 42) --> (200, 160, 210)
Left_Cerebral_White_Matter: limiting intensities to 90.0 --> 121.0
2 of 7884 (0.0%) samples deleted
finding control points in Right_Cerebral_White_Matter....
found 39478 control points for structure...
bounding box (68, 60, 37) --> (138, 166, 206)
Right_Cerebral_White_Matter: limiting intensities to 89.0 --> 121.0
5 of 7951 (0.1%) samples deleted
finding control points in Left_Cerebellum_White_Matter....
found 3105 control points for structure...
bounding box (138, 133, 67) --> (188, 173, 121)
Left_Cerebellum_White_Matter: limiting intensities to 88.0 --> 121.0
12 of 543 (2.2%) samples deleted
finding control points in Right_Cerebellum_White_Matter....
found 2710 control points for structure...
bounding box (96, 133, 59) --> (140, 174, 118)
Right_Cerebellum_White_Matter: limiting intensities to 88.0 --> 121.0
45 of 565 (8.0%) samples deleted
finding control points in Brain_Stem....
found 3475 control points for structure...
bounding box (117, 128, 100) --> (152, 188, 132)
Brain_Stem: limiting intensities to 88.0 --> 121.0
282 of 1018 (27.7%) samples deleted
using 17961 total control points for intensity normalization...
bias field = 1.029 +- 0.053
19 of 17507 control points discarded
finding control points in Left_Cerebral_White_Matter....
found 40230 control points for structure...
bounding box (125, 58, 42) --> (200, 160, 210)
Left_Cerebral_White_Matter: limiting intensities to 91.0 --> 122.0
2 of 7859 (0.0%) samples deleted
finding control points in Right_Cerebral_White_Matter....
found 39478 control points for structure...
bounding box (68, 60, 37) --> (138, 166, 206)
Right_Cerebral_White_Matter: limiting intensities to 90.0 --> 122.0
7 of 7919 (0.1%) samples deleted
finding control points in Left_Cerebellum_White_Matter....
found 3105 control points for structure...
bounding box (138, 133, 67) --> (188, 173, 121)
Left_Cerebellum_White_Matter: limiting intensities to 88.0 --> 122.0
48 of 544 (8.8%) samples deleted
finding control points in Right_Cerebellum_White_Matter....
found 2710 control points for structure...
bounding box (96, 133, 59) --> (140, 174, 118)
Right_Cerebellum_White_Matter: limiting intensities to 88.0 --> 122.0
97 of 574 (16.9%) samples deleted
finding control points in Brain_Stem....
found 3475 control points for structure...
bounding box (117, 128, 100) --> (152, 188, 132)
Brain_Stem: limiting intensities to 88.0 --> 122.0
362 of 1017 (35.6%) samples deleted
using 17913 total control points for intensity normalization...
bias field = 1.023 +- 0.047
37 of 17244 control points discarded
writing normalized volume to norm.mgz...
writing control points to ctrl_pts.mgz
freeing GCA...done.
normalization took 1 minutes and 19 seconds.
#--------------------------------------
#@# CA Reg Wed Mar 11 10:31:00 CET 2026
/out/sourcedata/freesurfer/sub-v2s16x51235_ses-1/mri

 mri_ca_register -nobigventricles -T transforms/talairach.lta -align-after -mask brainmask.mgz norm.mgz /opt/freesurfer/average/RB_all_2020-01-02.gca transforms/talairach.m3z 

not handling expanded ventricles...
using previously computed transform transforms/talairach.lta
renormalizing sequences with structure alignment, equivalent to:
	-renormalize
	-regularize_mean 0.500
	-regularize 0.500
using MR volume brainmask.mgz to mask input volume...

== Number of threads available to mri_ca_register for OpenMP = 16 == 
reading 1 input volumes...
logging results to talairach.log
reading input volume 'norm.mgz'...
reading GCA '/opt/freesurfer/average/RB_all_2020-01-02.gca'...
label assignment complete, 0 changed (0.00%)
freeing gibbs priors...done.
average std[0] = 5.0
Starting GCAMregister()
label assignment complete, 0 changed (0.00%)
npasses = 1, nlevels = 6
#pass# 1 of 1 ************************
enabling zero nodes
setting smoothness cost coefficient to 0.156

#GCAMreg# pass 0 level1 5 level2 0 tsec 0 sigma 2
l_jacobian=1.00 l_label=1.00 l_log_likelihood=0.20 l_smoothness=0.16 
tol=2.50e-01, dt=5.00e-02, exp_k=20.0, momentum=0.90, levels=6, niter=500, lbl_dist=10.00, avgs=256, sigma=2.0,type=2, relabel=0, neg=no

blurring input image with Gaussian with sigma=2.000...
GCAMRegisterLevel(): init RMS 0.801878
#FOTS# QuadFit found better minimum quadopt=(dt=189.803,rms=0.745435) vs oldopt=(dt=92.48,rms=0.760016)
#GCMRL#    0 dt 189.803204 rms  0.745  7.039% neg 0  invalid 762 tFOTS 3.3090 tGradient 2.6220 tsec 6.1770
#FOTS# QuadFit found better minimum quadopt=(dt=175.203,rms=0.727885) vs oldopt=(dt=92.48,rms=0.732077)
#GCMRL#    1 dt 175.202658 rms  0.728  2.354% neg 0  invalid 762 tFOTS 3.3140 tGradient 2.4960 tsec 6.0470
#FOTS# QuadFit found better minimum quadopt=(dt=200.067,rms=0.717931) vs oldopt=(dt=92.48,rms=0.721248)
#GCMRL#    2 dt 200.067227 rms  0.718  1.368% neg 0  invalid 762 tFOTS 3.3070 tGradient 2.5410 tsec 6.0920
#FOTS# QuadFit found better minimum quadopt=(dt=165.209,rms=0.712851) vs oldopt=(dt=92.48,rms=0.714136)
#GCMRL#    3 dt 165.209302 rms  0.713  0.708% neg 0  invalid 762 tFOTS 3.2850 tGradient 2.6610 tsec 6.1910
#FOTS# QuadFit found better minimum quadopt=(dt=295.936,rms=0.707741) vs oldopt=(dt=369.92,rms=0.707818)
#GCMRL#    4 dt 295.936000 rms  0.708  0.717% neg 0  invalid 762 tFOTS 3.3040 tGradient 2.4850 tsec 6.0370
#FOTS# QuadFit found better minimum quadopt=(dt=129.472,rms=0.704829) vs oldopt=(dt=92.48,rms=0.705155)
#GCMRL#    5 dt 129.472000 rms  0.705  0.412% neg 0  invalid 762 tFOTS 3.5570 tGradient 2.6670 tsec 6.4680
#FOTS# QuadFit found better minimum quadopt=(dt=517.888,rms=0.700045) vs oldopt=(dt=369.92,rms=0.700813)
#GCMRL#    6 dt 517.888000 rms  0.700  0.679% neg 0  invalid 762 tFOTS 3.2990 tGradient 2.5450 tsec 6.0880
#FOTS# QuadFit found better minimum quadopt=(dt=110.976,rms=0.698123) vs oldopt=(dt=92.48,rms=0.698217)
#GCMRL#    7 dt 110.976000 rms  0.698  0.275% neg 0  invalid 762 tFOTS 3.4850 tGradient 2.9790 tsec 6.7090
#FOTS# QuadFit found better minimum quadopt=(dt=2071.55,rms=0.688728) vs oldopt=(dt=1479.68,rms=0.690102)
#GCMRL#    8 dt 2071.552000 rms  0.689  1.346% neg 0  invalid 762 tFOTS 3.2780 tGradient 2.8890 tsec 6.4130
#FOTS# QuadFit found better minimum quadopt=(dt=110.976,rms=0.686309) vs oldopt=(dt=92.48,rms=0.686317)
#GCMRL#    9 dt 110.976000 rms  0.686  0.351% neg 0  invalid 762 tFOTS 3.3420 tGradient 2.7430 tsec 6.3310
#FOTS# QuadFit found better minimum quadopt=(dt=517.888,rms=0.685357) vs oldopt=(dt=369.92,rms=0.685515)
#GCMRL#   10 dt 517.888000 rms  0.685  0.000% neg 0  invalid 762 tFOTS 3.4970 tGradient 2.7300 tsec 6.4870

#GCAMreg# pass 0 level1 5 level2 1 tsec 81.72 sigma 0.5
l_jacobian=1.00 l_label=1.00 l_log_likelihood=0.20 l_smoothness=0.16 
tol=2.50e-01, dt=5.00e-02, exp_k=20.0, momentum=0.90, levels=6, niter=500, lbl_dist=10.00, avgs=256, sigma=0.5,type=2, relabel=0, neg=no

blurring input image with Gaussian with sigma=0.500...
GCAMRegisterLevel(): init RMS 0.685839
#GCMRL#   12 dt  92.480000 rms  0.685  0.111% neg 0  invalid 762 tFOTS 3.2330 tGradient 2.7390 tsec 6.2140
#FOTS# QuadFit found better minimum quadopt=(dt=129.472,rms=0.684966) vs oldopt=(dt=92.48,rms=0.684979)
#GCMRL#   13 dt 129.472000 rms  0.685  0.000% neg 0  invalid 762 tFOTS 3.4430 tGradient 2.7060 tsec 6.4080
#GCMRL#   14 dt 129.472000 rms  0.685  0.024% neg 0  invalid 762 tFOTS 0.0000 tGradient 2.6940 tsec 2.9290
#GCMRL#   15 dt 129.472000 rms  0.685  0.039% neg 0  invalid 762 tFOTS 0.0000 tGradient 2.8220 tsec 3.0590
#GCMRL#   16 dt 129.472000 rms  0.684  0.054% neg 0  invalid 762 tFOTS 0.0000 tGradient 2.6840 tsec 2.9220
#GCMRL#   17 dt 129.472000 rms  0.684  0.070% neg 0  invalid 762 tFOTS 0.0000 tGradient 2.6540 tsec 2.8940
#GCMRL#   18 dt 129.472000 rms  0.683  0.103% neg 0  invalid 762 tFOTS 0.0000 tGradient 2.6570 tsec 2.8970
#GCMRL#   19 dt 129.472000 rms  0.682  0.131% neg 0  invalid 762 tFOTS 0.0000 tGradient 2.6480 tsec 2.8860
#GCMRL#   20 dt 129.472000 rms  0.681  0.140% neg 0  invalid 762 tFOTS 0.0000 tGradient 2.6900 tsec 2.9300
#GCMRL#   21 dt 129.472000 rms  0.680  0.140% neg 0  invalid 762 tFOTS 0.0000 tGradient 2.6540 tsec 2.8940
#GCMRL#   22 dt 129.472000 rms  0.679  0.131% neg 0  invalid 762 tFOTS 0.0000 tGradient 2.7490 tsec 2.9900
#GCMRL#   23 dt 129.472000 rms  0.678  0.133% neg 0  invalid 762 tFOTS 0.0000 tGradient 2.6630 tsec 2.9020
#GCMRL#   24 dt 129.472000 rms  0.678  0.128% neg 0  invalid 762 tFOTS 0.0000 tGradient 2.6720 tsec 2.9130
#GCMRL#   25 dt 129.472000 rms  0.677  0.131% neg 0  invalid 762 tFOTS 0.0000 tGradient 2.6650 tsec 2.9050
#GCMRL#   26 dt 129.472000 rms  0.676  0.131% neg 0  invalid 762 tFOTS 0.0000 tGradient 2.6620 tsec 2.9040
#GCMRL#   27 dt 129.472000 rms  0.675  0.127% neg 0  invalid 762 tFOTS 0.0000 tGradient 2.6870 tsec 2.9270
#GCMRL#   28 dt 129.472000 rms  0.674  0.120% neg 0  invalid 762 tFOTS 0.0000 tGradient 2.6960 tsec 2.9370
#GCMRL#   29 dt 129.472000 rms  0.673  0.111% neg 0  invalid 762 tFOTS 0.0000 tGradient 2.6830 tsec 2.9400
#FOTS# QuadFit found better minimum quadopt=(dt=1775.62,rms=0.672638) vs oldopt=(dt=1479.68,rms=0.672656)
#GCMRL#   30 dt 1775.616000 rms  0.673  0.000% neg 0  invalid 762 tFOTS 3.5130 tGradient 2.7010 tsec 6.4770
setting smoothness cost coefficient to 0.615

#GCAMreg# pass 0 level1 4 level2 0 tsec 0 sigma 2
l_jacobian=1.00 l_label=1.00 l_log_likelihood=0.20 l_smoothness=0.62 
tol=2.50e-01, dt=5.00e-02, exp_k=20.0, momentum=0.90, levels=6, niter=500, lbl_dist=10.00, avgs=64, sigma=2.0,type=2, relabel=0, neg=no

blurring input image with Gaussian with sigma=2.000...
GCAMRegisterLevel(): init RMS 0.682596
#FOTS# QuadFit found better minimum quadopt=(dt=84.9725,rms=0.678609) vs oldopt=(dt=103.68,rms=0.678779)
#GCMRL#   32 dt  84.972516 rms  0.679  0.584% neg 0  invalid 762 tFOTS 3.3000 tGradient 2.0230 tsec 5.5680
#FOTS# QuadFit found better minimum quadopt=(dt=331.776,rms=0.670555) vs oldopt=(dt=414.72,rms=0.671341)
#GCMRL#   33 dt 331.776000 rms  0.671  1.187% neg 0  invalid 762 tFOTS 3.3030 tGradient 2.2640 tsec 5.8130
#FOTS# QuadFit found better minimum quadopt=(dt=72.8338,rms=0.666283) vs oldopt=(dt=103.68,rms=0.666934)
#GCMRL#   34 dt  72.833803 rms  0.666  0.637% neg 0  invalid 762 tFOTS 3.3080 tGradient 1.9680 tsec 5.5980
#FOTS# QuadFit found better minimum quadopt=(dt=145.152,rms=0.663513) vs oldopt=(dt=103.68,rms=0.663697)
#GCMRL#   35 dt 145.152000 rms  0.664  0.416% neg 0  invalid 762 tFOTS 3.5020 tGradient 2.1490 tsec 5.8970
#FOTS# QuadFit found better minimum quadopt=(dt=36.288,rms=0.662039) vs oldopt=(dt=25.92,rms=0.662289)
#GCMRL#   36 dt  36.288000 rms  0.662  0.000% neg 0  invalid 762 tFOTS 3.3940 tGradient 2.0790 tsec 5.7370
#GCMRL#   37 dt  36.288000 rms  0.662  0.058% neg 0  invalid 762 tFOTS 0.0000 tGradient 2.1010 tsec 2.3420
#GCMRL#   38 dt  36.288000 rms  0.661  0.089% neg 0  invalid 762 tFOTS 0.0000 tGradient 2.0750 tsec 2.3160
#GCMRL#   39 dt  36.288000 rms  0.660  0.129% neg 0  invalid 762 tFOTS 0.0000 tGradient 2.0110 tsec 2.2510
#GCMRL#   40 dt  36.288000 rms  0.659  0.179% neg 0  invalid 762 tFOTS 0.0000 tGradient 2.0280 tsec 2.2700
#GCMRL#   41 dt  36.288000 rms  0.658  0.204% neg 0  invalid 762 tFOTS 0.0000 tGradient 2.0270 tsec 2.2680
#GCMRL#   42 dt  36.288000 rms  0.656  0.210% neg 0  invalid 762 tFOTS 0.0000 tGradient 2.0130 tsec 2.2530
#GCMRL#   43 dt  36.288000 rms  0.655  0.211% neg 0  invalid 762 tFOTS 0.0000 tGradient 1.9740 tsec 2.2290
#GCMRL#   44 dt  36.288000 rms  0.654  0.204% neg 0  invalid 762 tFOTS 0.0000 tGradient 2.0300 tsec 2.2710
#GCMRL#   45 dt  36.288000 rms  0.652  0.183% neg 0  invalid 762 tFOTS 0.0000 tGradient 2.0430 tsec 2.2860
#GCMRL#   46 dt  36.288000 rms  0.651  0.167% neg 0  invalid 762 tFOTS 0.0000 tGradient 1.9760 tsec 2.2170
#GCMRL#   47 dt  36.288000 rms  0.650  0.155% neg 0  invalid 762 tFOTS 0.0000 tGradient 2.0070 tsec 2.2470
#GCMRL#   48 dt  36.288000 rms  0.649  0.134% neg 0  invalid 762 tFOTS 0.0000 tGradient 1.9850 tsec 2.2260
#GCMRL#   49 dt  36.288000 rms  0.649  0.114% neg 0  invalid 762 tFOTS 0.0000 tGradient 1.9530 tsec 2.1940
#GCMRL#   50 dt  36.288000 rms  0.648  0.102% neg 0  invalid 762 tFOTS 0.0000 tGradient 2.0340 tsec 2.2920
#FOTS# QuadFit found better minimum quadopt=(dt=36.288,rms=0.648015) vs oldopt=(dt=25.92,rms=0.648016)
#GCMRL#   51 dt  36.288000 rms  0.648  0.000% neg 0  invalid 762 tFOTS 3.7030 tGradient 1.9580 tsec 5.9240

#GCAMreg# pass 0 level1 4 level2 1 tsec 78.014 sigma 0.5
l_jacobian=1.00 l_label=1.00 l_log_likelihood=0.20 l_smoothness=0.62 
tol=2.50e-01, dt=5.00e-02, exp_k=20.0, momentum=0.90, levels=6, niter=500, lbl_dist=10.00, avgs=64, sigma=0.5,type=2, relabel=0, neg=no

blurring input image with Gaussian with sigma=0.500...
GCAMRegisterLevel(): init RMS 0.648536
#GCMRL#   53 dt   0.000000 rms  0.648  0.079% neg 0  invalid 762 tFOTS 3.3250 tGradient 1.8010 tsec 5.3740
setting smoothness cost coefficient to 2.353

#GCAMreg# pass 0 level1 3 level2 0 tsec 0 sigma 2
l_jacobian=1.00 l_label=1.00 l_log_likelihood=0.20 l_smoothness=2.35 
tol=2.50e-01, dt=5.00e-02, exp_k=20.0, momentum=0.90, levels=6, niter=500, lbl_dist=10.00, avgs=16, sigma=2.0,type=2, relabel=0, neg=no

blurring input image with Gaussian with sigma=2.000...
GCAMRegisterLevel(): init RMS 0.679151
#GCMRL#   55 dt   0.000000 rms  0.679  0.072% neg 0  invalid 762 tFOTS 2.9230 tGradient 1.5200 tsec 4.6900

#GCAMreg# pass 0 level1 3 level2 1 tsec 19.11 sigma 0.5
l_jacobian=1.00 l_label=1.00 l_log_likelihood=0.20 l_smoothness=2.35 
tol=2.50e-01, dt=5.00e-02, exp_k=20.0, momentum=0.90, levels=6, niter=500, lbl_dist=10.00, avgs=16, sigma=0.5,type=2, relabel=0, neg=no

blurring input image with Gaussian with sigma=0.500...
GCAMRegisterLevel(): init RMS 0.679151
#FOTS# QuadFit found better minimum quadopt=(dt=0.15,rms=0.678657) vs oldopt=(dt=0.125,rms=0.678657)
#GCMRL#   57 dt   0.150000 rms  0.679  0.073% neg 0  invalid 762 tFOTS 3.2210 tGradient 1.5220 tsec 4.9930
#FOTS# QuadFit found better minimum quadopt=(dt=0.0109375,rms=0.678659) vs oldopt=(dt=0.0078125,rms=0.678659)
setting smoothness cost coefficient to 8.000

#GCAMreg# pass 0 level1 2 level2 0 tsec 0 sigma 2
l_jacobian=1.00 l_label=1.00 l_log_likelihood=0.20 l_smoothness=8.00 
tol=2.50e-01, dt=5.00e-02, exp_k=20.0, momentum=0.90, levels=6, niter=500, lbl_dist=10.00, avgs=4, sigma=2.0,type=2, relabel=0, neg=no

blurring input image with Gaussian with sigma=2.000...
GCAMRegisterLevel(): init RMS 0.769586
#FOTS# QuadFit found better minimum quadopt=(dt=2.80702,rms=0.739137) vs oldopt=(dt=2.88,rms=0.739159)
#GCMRL#   59 dt   2.807018 rms  0.739  3.957% neg 0  invalid 762 tFOTS 3.1690 tGradient 1.3990 tsec 4.8140
#FOTS# QuadFit found better minimum quadopt=(dt=2.37736,rms=0.73351) vs oldopt=(dt=2.88,rms=0.733781)
#GCMRL#   60 dt   2.377358 rms  0.734  0.761% neg 0  invalid 762 tFOTS 3.1500 tGradient 1.3090 tsec 4.7090
#FOTS# QuadFit found better minimum quadopt=(dt=2.10329,rms=0.73167) vs oldopt=(dt=2.88,rms=0.731915)
#GCMRL#   61 dt   2.103286 rms  0.732  0.251% neg 0  invalid 762 tFOTS 3.1580 tGradient 1.3890 tsec 4.7980
#FOTS# QuadFit found better minimum quadopt=(dt=0.864,rms=0.731557) vs oldopt=(dt=0.72,rms=0.731558)
#GCMRL#   62 dt   0.864000 rms  0.732  0.000% neg 0  invalid 762 tFOTS 3.1440 tGradient 1.3880 tsec 4.8000
#GCMRL#   63 dt   0.864000 rms  0.732  0.007% neg 0  invalid 762 tFOTS 0.0000 tGradient 1.3790 tsec 1.6270

#GCAMreg# pass 0 level1 2 level2 1 tsec 31.998 sigma 0.5
l_jacobian=1.00 l_label=1.00 l_log_likelihood=0.20 l_smoothness=8.00 
tol=2.50e-01, dt=5.00e-02, exp_k=20.0, momentum=0.90, levels=6, niter=500, lbl_dist=10.00, avgs=4, sigma=0.5,type=2, relabel=0, neg=no

blurring input image with Gaussian with sigma=0.500...
GCAMRegisterLevel(): init RMS 0.7319
#GCMRL#   65 dt   0.000000 rms  0.732  0.053% neg 0  invalid 762 tFOTS 3.1590 tGradient 1.3940 tsec 4.8000
setting smoothness cost coefficient to 20.000

#GCAMreg# pass 0 level1 1 level2 0 tsec 0 sigma 2
l_jacobian=1.00 l_label=1.00 l_log_likelihood=0.20 l_smoothness=20.00 
tol=2.50e-01, dt=5.00e-02, exp_k=20.0, momentum=0.90, levels=6, niter=500, lbl_dist=10.00, avgs=1, sigma=2.0,type=2, relabel=0, neg=no

blurring input image with Gaussian with sigma=2.000...
GCAMRegisterLevel(): init RMS 0.779601
#FOTS# QuadFit found better minimum quadopt=(dt=0.112,rms=0.779) vs oldopt=(dt=0.08,rms=0.779042)
#GCMRL#   67 dt   0.112000 rms  0.779  0.077% neg 0  invalid 762 tFOTS 3.1600 tGradient 1.1800 tsec 4.5900
#GCMRL#   68 dt   0.320000 rms  0.778  0.000% neg 0  invalid 762 tFOTS 3.1280 tGradient 1.2120 tsec 4.6100
#GCMRL#   69 dt   0.320000 rms  0.776  0.283% neg 0  invalid 762 tFOTS 0.0000 tGradient 1.2350 tsec 1.4790
#GCMRL#   70 dt   0.320000 rms  0.774  0.335% neg 0  invalid 762 tFOTS 0.0000 tGradient 1.1810 tsec 1.4210
#GCMRL#   71 dt   0.320000 rms  0.771  0.281% neg 0  invalid 762 tFOTS 0.0000 tGradient 1.2130 tsec 1.4550
#GCMRL#   72 dt   0.320000 rms  0.769  0.256% neg 0  invalid 762 tFOTS 0.0000 tGradient 1.1720 tsec 1.4170
#GCMRL#   73 dt   0.320000 rms  0.768  0.220% neg 0  invalid 762 tFOTS 0.0000 tGradient 1.1920 tsec 1.4370
#GCMRL#   74 dt   0.320000 rms  0.767  0.081% neg 0  invalid 762 tFOTS 0.0000 tGradient 1.1970 tsec 1.4390
#GCMRL#   75 dt   0.320000 rms  0.767 -0.067% neg 0  invalid 762 tFOTS 0.0000 tGradient 1.2450 tsec 1.6610
#FOTS# QuadFit found better minimum quadopt=(dt=1.024,rms=0.766044) vs oldopt=(dt=1.28,rms=0.766124)
#GCMRL#   76 dt   1.024000 rms  0.766  0.141% neg 0  invalid 762 tFOTS 3.1390 tGradient 1.2110 tsec 4.5910
#FOTS# QuadFit found better minimum quadopt=(dt=0.466292,rms=0.762734) vs oldopt=(dt=0.32,rms=0.763309)
#GCMRL#   77 dt   0.466292 rms  0.763  0.432% neg 0  invalid 762 tFOTS 3.2300 tGradient 1.1710 tsec 4.6520
#FOTS# QuadFit found better minimum quadopt=(dt=0.016,rms=0.762732) vs oldopt=(dt=0.02,rms=0.762732)
#GCMRL#   78 dt   0.016000 rms  0.763  0.000% neg 0  invalid 762 tFOTS 3.1530 tGradient 1.2490 tsec 4.6660

#GCAMreg# pass 0 level1 1 level2 1 tsec 44.589 sigma 0.5
l_jacobian=1.00 l_label=1.00 l_log_likelihood=0.20 l_smoothness=20.00 
tol=2.50e-01, dt=5.00e-02, exp_k=20.0, momentum=0.90, levels=6, niter=500, lbl_dist=10.00, avgs=1, sigma=0.5,type=2, relabel=0, neg=no

blurring input image with Gaussian with sigma=0.500...
GCAMRegisterLevel(): init RMS 0.763121
#FOTS# QuadFit found better minimum quadopt=(dt=0.028,rms=0.762715) vs oldopt=(dt=0.02,rms=0.762717)
#GCMRL#   80 dt   0.028000 rms  0.763  0.053% neg 0  invalid 762 tFOTS 3.1370 tGradient 1.2540 tsec 4.6390
#FOTS# QuadFit found better minimum quadopt=(dt=0.007,rms=0.762717) vs oldopt=(dt=0.005,rms=0.762717)
resetting metric properties...
setting smoothness cost coefficient to 40.000

#GCAMreg# pass 0 level1 0 level2 0 tsec 0 sigma 2
l_jacobian=1.00 l_label=1.00 l_log_likelihood=0.20 l_smoothness=40.00 
tol=2.50e-01, dt=5.00e-02, exp_k=20.0, momentum=0.90, levels=6, niter=500, lbl_dist=10.00, avgs=0, sigma=2.0,type=2, relabel=0, neg=no

blurring input image with Gaussian with sigma=2.000...
GCAMRegisterLevel(): init RMS 0.73543
#FOTS# QuadFit found better minimum quadopt=(dt=0.215296,rms=0.73045) vs oldopt=(dt=0.32,rms=0.731232)
#GCMRL#   82 dt   0.215296 rms  0.730  0.677% neg 0  invalid 762 tFOTS 3.0470 tGradient 0.8260 tsec 4.1140
#GCMRL#   83 dt   0.020000 rms  0.730  0.000% neg 0  invalid 762 tFOTS 3.2320 tGradient 0.7850 tsec 4.2790

#GCAMreg# pass 0 level1 0 level2 1 tsec 19.118 sigma 0.5
l_jacobian=1.00 l_label=1.00 l_log_likelihood=0.20 l_smoothness=40.00 
tol=2.50e-01, dt=5.00e-02, exp_k=20.0, momentum=0.90, levels=6, niter=500, lbl_dist=10.00, avgs=0, sigma=0.5,type=2, relabel=0, neg=no

blurring input image with Gaussian with sigma=0.500...
GCAMRegisterLevel(): init RMS 0.730632
#FOTS# QuadFit found better minimum quadopt=(dt=0.007,rms=0.730201) vs oldopt=(dt=0.005,rms=0.730203)
#GCMRL#   85 dt   0.007000 rms  0.730  0.059% neg 0  invalid 762 tFOTS 3.2710 tGradient 0.8460 tsec 4.4410
#FOTS# QuadFit found better minimum quadopt=(dt=0.001,rms=0.730201) vs oldopt=(dt=0.00125,rms=0.730201)
GCAMregister done in 6.65847 min
Starting GCAmapRenormalizeWithAlignment() without scales
renormalizing by structure alignment....
renormalizing input #0
gca peak = 0.10253 (16)
mri peak = 0.28897 (10)
Left_Lateral_Ventricle (4): linear fit = 0.41 x + 0.0 (1038 voxels, overlap=0.005)
Left_Lateral_Ventricle (4): linear fit = 0.41 x + 0.0 (1038 voxels, peak =  6), gca=6.5
gca peak = 0.17690 (16)
mri peak = 0.10311 ( 7)
Right_Lateral_Ventricle (43): linear fit = 0.38 x + 0.0 (596 voxels, overlap=0.789)
Right_Lateral_Ventricle (43): linear fit = 0.40 x + 0.0 (596 voxels, peak =  6), gca=6.4
gca peak = 0.28275 (96)
mri peak = 0.09302 (100)
Right_Pallidum (52): linear fit = 0.94 x + 0.0 (1072 voxels, overlap=0.724)
Right_Pallidum (52): linear fit = 0.94 x + 0.0 (1072 voxels, peak = 91), gca=90.7
gca peak = 0.18948 (93)
mri peak = 0.10211 (94)
Left_Pallidum (13): linear fit = 0.98 x + 0.0 (945 voxels, overlap=1.007)
Left_Pallidum (13): linear fit = 0.98 x + 0.0 (945 voxels, peak = 91), gca=90.7
gca peak = 0.20755 (55)
mri peak = 0.11572 (62)
Right_Hippocampus (53): linear fit = 1.04 x + 0.0 (1038 voxels, overlap=0.555)
Right_Hippocampus (53): linear fit = 1.04 x + 0.0 (1038 voxels, peak = 57), gca=57.5
gca peak = 0.31831 (58)
mri peak = 0.19308 (56)
Left_Hippocampus (17): linear fit = 0.94 x + 0.0 (1105 voxels, overlap=0.988)
Left_Hippocampus (17): linear fit = 0.94 x + 0.0 (1105 voxels, peak = 55), gca=54.8
gca peak = 0.11957 (102)
mri peak = 0.18269 (103)
Right_Cerebral_White_Matter (41): linear fit = 1.03 x + 0.0 (63103 voxels, overlap=0.576)
Right_Cerebral_White_Matter (41): linear fit = 1.03 x + 0.0 (63103 voxels, peak = 106), gca=105.6
gca peak = 0.11429 (102)
mri peak = 0.19404 (104)
Left_Cerebral_White_Matter (2): linear fit = 1.01 x + 0.0 (64558 voxels, overlap=0.597)
Left_Cerebral_White_Matter (2): linear fit = 1.01 x + 0.0 (64558 voxels, peak = 104), gca=103.5
gca peak = 0.14521 (59)
mri peak = 0.04757 (52)
Left_Cerebral_Cortex (3): linear fit = 0.87 x + 0.0 (33587 voxels, overlap=0.704)
Left_Cerebral_Cortex (3): linear fit = 0.87 x + 0.0 (33587 voxels, peak = 51), gca=51.0
gca peak = 0.14336 (58)
mri peak = 0.04774 (52)
Right_Cerebral_Cortex (42): linear fit = 0.92 x + 0.0 (33704 voxels, overlap=0.721)
Right_Cerebral_Cortex (42): linear fit = 0.92 x + 0.0 (33704 voxels, peak = 53), gca=53.1
gca peak = 0.13305 (70)
mri peak = 0.14232 (65)
Right_Caudate (50): linear fit = 0.94 x + 0.0 (736 voxels, overlap=0.541)
Right_Caudate (50): linear fit = 0.94 x + 0.0 (736 voxels, peak = 65), gca=65.4
gca peak = 0.15761 (71)
mri peak = 0.14744 (69)
Left_Caudate (11): linear fit = 0.93 x + 0.0 (1122 voxels, overlap=0.495)
Left_Caudate (11): linear fit = 0.93 x + 0.0 (1122 voxels, peak = 66), gca=65.7
gca peak = 0.13537 (57)
mri peak = 0.05655 (56)
Left_Cerebellum_Cortex (8): linear fit = 0.96 x + 0.0 (26915 voxels, overlap=0.990)
Left_Cerebellum_Cortex (8): linear fit = 0.96 x + 0.0 (26915 voxels, peak = 55), gca=55.0
gca peak = 0.13487 (56)
mri peak = 0.05832 (51)
Right_Cerebellum_Cortex (47): linear fit = 0.96 x + 0.0 (39768 voxels, overlap=0.926)
Right_Cerebellum_Cortex (47): linear fit = 0.96 x + 0.0 (39768 voxels, peak = 54), gca=54.0
gca peak = 0.19040 (84)
mri peak = 0.09919 (92)
Left_Cerebellum_White_Matter (7): linear fit = 1.09 x + 0.0 (9877 voxels, overlap=0.115)
Left_Cerebellum_White_Matter (7): linear fit = 1.09 x + 0.0 (9877 voxels, peak = 91), gca=91.1
gca peak = 0.18871 (83)
mri peak = 0.10302 (90)
Right_Cerebellum_White_Matter (46): linear fit = 1.08 x + 0.0 (9105 voxels, overlap=0.205)
Right_Cerebellum_White_Matter (46): linear fit = 1.08 x + 0.0 (9105 voxels, peak = 89), gca=89.2
gca peak = 0.24248 (57)
mri peak = 0.15737 (61)
Left_Amygdala (18): linear fit = 1.08 x + 0.0 (502 voxels, overlap=0.841)
Left_Amygdala (18): linear fit = 1.08 x + 0.0 (502 voxels, peak = 61), gca=61.3
gca peak = 0.35833 (56)
mri peak = 0.21753 (59)
Right_Amygdala (54): linear fit = 1.03 x + 0.0 (613 voxels, overlap=0.912)
Right_Amygdala (54): linear fit = 1.03 x + 0.0 (613 voxels, peak = 58), gca=58.0
gca peak = 0.12897 (85)
mri peak = 0.07283 (88)
Left_Thalamus (10): linear fit = 1.07 x + 0.0 (5992 voxels, overlap=0.882)
Left_Thalamus (10): linear fit = 1.07 x + 0.0 (5992 voxels, peak = 91), gca=90.5
gca peak = 0.13127 (83)
mri peak = 0.07079 (79)
Right_Thalamus (49): linear fit = 1.01 x + 0.0 (4788 voxels, overlap=0.920)
Right_Thalamus (49): linear fit = 1.01 x + 0.0 (4788 voxels, peak = 84), gca=84.2
gca peak = 0.12974 (78)
mri peak = 0.16559 (79)
Left_Putamen (12): linear fit = 1.00 x + 0.0 (2623 voxels, overlap=0.939)
Left_Putamen (12): linear fit = 1.00 x + 0.0 (2623 voxels, peak = 78), gca=77.6
gca peak = 0.17796 (79)
mri peak = 0.08488 (78)
Right_Putamen (51): linear fit = 0.99 x + 0.0 (2672 voxels, overlap=0.746)
Right_Putamen (51): linear fit = 0.99 x + 0.0 (2672 voxels, peak = 78), gca=77.8
gca peak = 0.10999 (80)
mri peak = 0.09363 (95)
Brain_Stem (16): linear fit = 1.15 x + 0.0 (12988 voxels, overlap=0.336)
Brain_Stem (16): linear fit = 1.15 x + 0.0 (12988 voxels, peak = 92), gca=92.4
gca peak = 0.13215 (88)
mri peak = 0.12555 (99)
Right_VentralDC (60): linear fit = 1.15 x + 0.0 (1543 voxels, overlap=0.099)
Right_VentralDC (60): linear fit = 1.15 x + 0.0 (1543 voxels, peak = 102), gca=101.6
gca peak = 0.11941 (89)
mri peak = 0.11062 (99)
Left_VentralDC (28): linear fit = 1.11 x + 0.0 (1705 voxels, overlap=0.451)
Left_VentralDC (28): linear fit = 1.11 x + 0.0 (1705 voxels, peak = 98), gca=98.3
gca peak = 0.20775 (25)
uniform distribution in MR - rejecting arbitrary fit
gca peak = 0.13297 (21)
mri peak = 0.13198 (13)
Fourth_Ventricle (15): linear fit = 0.77 x + 0.0 (546 voxels, overlap=0.399)
Fourth_Ventricle (15): linear fit = 0.77 x + 0.0 (546 voxels, peak = 16), gca=16.3
gca peak Unknown = 0.94777 ( 0)
gca peak Left_Inf_Lat_Vent = 0.19087 (28)
gca peak Third_Ventricle = 0.20775 (25)
gca peak CSF = 0.16821 (33)
gca peak Left_Accumbens_area = 0.32850 (63)
gca peak Left_undetermined = 0.98480 (28)
gca peak Left_vessel = 0.40887 (53)
gca peak Left_choroid_plexus = 0.10898 (46)
gca peak Right_Inf_Lat_Vent = 0.17798 (26)
gca peak Right_Accumbens_area = 0.30137 (64)
gca peak Right_vessel = 0.47828 (52)
gca peak Right_choroid_plexus = 0.11612 (45)
gca peak Fifth_Ventricle = 0.59466 (35)
gca peak WM_hypointensities = 0.10053 (78)
gca peak non_WM_hypointensities = 0.07253 (60)
gca peak Optic_Chiasm = 0.25330 (73)
not using caudate to estimate GM means
estimating mean gm scale to be 0.98 x + 0.0
estimating mean wm scale to be 1.02 x + 0.0
estimating mean csf scale to be 0.53 x + 0.0
saving intensity scales to talairach.label_intensities.txt
GCAmapRenormalizeWithAlignment() took 3.4408 min
noneg pre
Starting GCAMregister()
label assignment complete, 0 changed (0.00%)
npasses = 1, nlevels = 6
#pass# 1 of 1 ************************
enabling zero nodes
setting smoothness cost coefficient to 0.008

#GCAMreg# pass 0 level1 5 level2 0 tsec 0 sigma 2
l_jacobian=1.00 l_label=1.00 l_log_likelihood=0.20 l_smoothness=0.01 
tol=5.00e-02, dt=5.00e-02, exp_k=20.0, momentum=0.90, levels=6, niter=500, lbl_dist=10.00, avgs=256, sigma=2.0,type=2, relabel=0, neg=no

blurring input image with Gaussian with sigma=2.000...
GCAMRegisterLevel(): init RMS 0.760386
#FOTS# QuadFit found better minimum quadopt=(dt=280.228,rms=0.736517) vs oldopt=(dt=369.92,rms=0.73849)
#GCMRL#   87 dt 280.227909 rms  0.737  3.139% neg 0  invalid 762 tFOTS 3.3940 tGradient 2.0970 tsec 5.7370
#FOTS# QuadFit found better minimum quadopt=(dt=174.545,rms=0.729233) vs oldopt=(dt=92.48,rms=0.73123)
#GCMRL#   88 dt 174.545455 rms  0.729  0.989% neg 0  invalid 762 tFOTS 3.2920 tGradient 2.1470 tsec 5.6850
#FOTS# QuadFit found better minimum quadopt=(dt=221.952,rms=0.724394) vs oldopt=(dt=369.92,rms=0.72577)
#GCMRL#   89 dt 221.952000 rms  0.724  0.664% neg 0  invalid 762 tFOTS 3.0960 tGradient 2.0600 tsec 5.4010
#FOTS# QuadFit found better minimum quadopt=(dt=141.521,rms=0.721269) vs oldopt=(dt=92.48,rms=0.721869)
#GCMRL#   90 dt 141.521127 rms  0.721  0.431% neg 0  invalid 762 tFOTS 3.4890 tGradient 2.1540 tsec 5.8870
#FOTS# QuadFit found better minimum quadopt=(dt=443.904,rms=0.717205) vs oldopt=(dt=369.92,rms=0.717297)
#GCMRL#   91 dt 443.904000 rms  0.717  0.564% neg 0  invalid 762 tFOTS 3.3080 tGradient 2.0830 tsec 5.6360
#FOTS# QuadFit found better minimum quadopt=(dt=110.976,rms=0.714443) vs oldopt=(dt=92.48,rms=0.714553)
#GCMRL#   92 dt 110.976000 rms  0.714  0.385% neg 0  invalid 762 tFOTS 3.6250 tGradient 2.1110 tsec 5.9840
#FOTS# QuadFit found better minimum quadopt=(dt=517.888,rms=0.710706) vs oldopt=(dt=369.92,rms=0.711456)
#GCMRL#   93 dt 517.888000 rms  0.711  0.523% neg 0  invalid 762 tFOTS 3.4040 tGradient 2.1040 tsec 5.7560
#FOTS# QuadFit found better minimum quadopt=(dt=129.472,rms=0.709498) vs oldopt=(dt=92.48,rms=0.70959)
#GCMRL#   94 dt 129.472000 rms  0.709  0.170% neg 0  invalid 762 tFOTS 3.3930 tGradient 2.1060 tsec 5.7480
#GCMRL#   95 dt 369.920000 rms  0.708  0.232% neg 0  invalid 762 tFOTS 3.3880 tGradient 2.1150 tsec 5.7530
#FOTS# QuadFit found better minimum quadopt=(dt=110.976,rms=0.706786) vs oldopt=(dt=92.48,rms=0.706829)
#GCMRL#   96 dt 110.976000 rms  0.707  0.151% neg 0  invalid 762 tFOTS 3.3890 tGradient 2.0880 tsec 5.7250
#FOTS# QuadFit found better minimum quadopt=(dt=1183.74,rms=0.704018) vs oldopt=(dt=1479.68,rms=0.704418)
#GCMRL#   97 dt 1183.744000 rms  0.704  0.392% neg 0  invalid 762 tFOTS 3.3860 tGradient 2.1180 tsec 5.7530
#GCMRL#   98 dt  92.480000 rms  0.702  0.353% neg 0  invalid 762 tFOTS 3.3930 tGradient 2.2310 tsec 5.8750
#FOTS# QuadFit found better minimum quadopt=(dt=2071.55,rms=0.696959) vs oldopt=(dt=1479.68,rms=0.697896)
#GCMRL#   99 dt 2071.552000 rms  0.697  0.652% neg 0  invalid 762 tFOTS 3.5890 tGradient 2.2180 tsec 6.0550
#FOTS# QuadFit found better minimum quadopt=(dt=110.976,rms=0.695646) vs oldopt=(dt=92.48,rms=0.695689)
#GCMRL#  100 dt 110.976000 rms  0.696  0.188% neg 0  invalid 762 tFOTS 3.5910 tGradient 2.2380 tsec 6.0790
#GCMRL#  101 dt 369.920000 rms  0.695  0.068% neg 0  invalid 762 tFOTS 3.5840 tGradient 2.2170 tsec 6.0490
#FOTS# QuadFit found better minimum quadopt=(dt=129.472,rms=0.694618) vs oldopt=(dt=92.48,rms=0.6947)
#GCMRL#  102 dt 129.472000 rms  0.695  0.080% neg 0  invalid 762 tFOTS 3.3760 tGradient 2.2290 tsec 5.8570
#GCMRL#  103 dt 369.920000 rms  0.694  0.058% neg 0  invalid 762 tFOTS 3.6130 tGradient 2.1850 tsec 6.0480
#FOTS# QuadFit found better minimum quadopt=(dt=129.472,rms=0.693676) vs oldopt=(dt=92.48,rms=0.693755)
#GCMRL#  104 dt 129.472000 rms  0.694  0.078% neg 0  invalid 762 tFOTS 3.3820 tGradient 2.2460 tsec 5.8780
#GCMRL#  105 dt 369.920000 rms  0.693  0.000% neg 0  invalid 762 tFOTS 3.5810 tGradient 2.2560 tsec 6.1190

#GCAMreg# pass 0 level1 5 level2 1 tsec 122.909 sigma 0.5
l_jacobian=1.00 l_label=1.00 l_log_likelihood=0.20 l_smoothness=0.01 
tol=5.00e-02, dt=5.00e-02, exp_k=20.0, momentum=0.90, levels=6, niter=500, lbl_dist=10.00, avgs=256, sigma=0.5,type=2, relabel=0, neg=no

blurring input image with Gaussian with sigma=0.500...
GCAMRegisterLevel(): init RMS 0.693878
#FOTS# QuadFit found better minimum quadopt=(dt=129.472,rms=0.692742) vs oldopt=(dt=92.48,rms=0.692828)
#GCMRL#  107 dt 129.472000 rms  0.693  0.164% neg 0  invalid 762 tFOTS 3.3680 tGradient 2.2640 tsec 5.8780
#FOTS# QuadFit found better minimum quadopt=(dt=517.888,rms=0.692162) vs oldopt=(dt=369.92,rms=0.69222)
#GCMRL#  108 dt 517.888000 rms  0.692  0.084% neg 0  invalid 762 tFOTS 3.5820 tGradient 2.1830 tsec 6.0150
#FOTS# QuadFit found better minimum quadopt=(dt=221.952,rms=0.691328) vs oldopt=(dt=369.92,rms=0.691474)
#GCMRL#  109 dt 221.952000 rms  0.691  0.120% neg 0  invalid 762 tFOTS 3.5350 tGradient 2.1170 tsec 5.9020
#FOTS# QuadFit found better minimum quadopt=(dt=129.472,rms=0.691068) vs oldopt=(dt=92.48,rms=0.691093)
#GCMRL#  110 dt 129.472000 rms  0.691  0.000% neg 0  invalid 762 tFOTS 3.3560 tGradient 2.1650 tsec 5.7890
#GCMRL#  111 dt 129.472000 rms  0.691  0.037% neg 0  invalid 762 tFOTS 0.0000 tGradient 2.2140 tsec 2.4580
#GCMRL#  112 dt 129.472000 rms  0.690  0.063% neg 0  invalid 762 tFOTS 0.0000 tGradient 2.1310 tsec 2.3680
#GCMRL#  113 dt 129.472000 rms  0.690  0.084% neg 0  invalid 762 tFOTS 0.0000 tGradient 2.1940 tsec 2.4320
#GCMRL#  114 dt 129.472000 rms  0.689  0.101% neg 0  invalid 762 tFOTS 0.0000 tGradient 2.1810 tsec 2.4240
#GCMRL#  115 dt 129.472000 rms  0.688  0.112% neg 0  invalid 762 tFOTS 0.0000 tGradient 2.2120 tsec 2.4540
#GCMRL#  116 dt 129.472000 rms  0.687  0.127% neg 0  invalid 762 tFOTS 0.0000 tGradient 2.1520 tsec 2.3930
#GCMRL#  117 dt 129.472000 rms  0.687  0.132% neg 0  invalid 762 tFOTS 0.0000 tGradient 2.1740 tsec 2.4150
#GCMRL#  118 dt 129.472000 rms  0.686  0.132% neg 0  invalid 762 tFOTS 0.0000 tGradient 2.1470 tsec 2.3870
#GCMRL#  119 dt 129.472000 rms  0.685  0.133% neg 0  invalid 762 tFOTS 0.0000 tGradient 2.1490 tsec 2.3930
#GCMRL#  120 dt 129.472000 rms  0.684  0.135% neg 0  invalid 762 tFOTS 0.0000 tGradient 2.1640 tsec 2.4040
#GCMRL#  121 dt 129.472000 rms  0.683  0.140% neg 0  invalid 762 tFOTS 0.0000 tGradient 2.1730 tsec 2.4150
#GCMRL#  122 dt 129.472000 rms  0.682  0.139% neg 0  invalid 762 tFOTS 0.0000 tGradient 2.1430 tsec 2.3830
#GCMRL#  123 dt 129.472000 rms  0.681  0.134% neg 0  invalid 762 tFOTS 0.0000 tGradient 2.1030 tsec 2.3480
#GCMRL#  124 dt 129.472000 rms  0.680  0.129% neg 0  invalid 762 tFOTS 0.0000 tGradient 2.1590 tsec 2.4000
#GCMRL#  125 dt 129.472000 rms  0.679  0.124% neg 0  invalid 762 tFOTS 0.0000 tGradient 2.1910 tsec 2.4730
#GCMRL#  126 dt 129.472000 rms  0.678  0.122% neg 0  invalid 762 tFOTS 0.0000 tGradient 2.1380 tsec 2.3800
#GCMRL#  127 dt 129.472000 rms  0.678  0.119% neg 0  invalid 762 tFOTS 0.0000 tGradient 2.1450 tsec 2.3890
#GCMRL#  128 dt 129.472000 rms  0.677  0.114% neg 0  invalid 762 tFOTS 0.0000 tGradient 2.1110 tsec 2.4230
#GCMRL#  129 dt 129.472000 rms  0.676  0.108% neg 0  invalid 762 tFOTS 0.0000 tGradient 2.1380 tsec 2.3820
#GCMRL#  130 dt 129.472000 rms  0.675  0.105% neg 0  invalid 762 tFOTS 0.0000 tGradient 2.1390 tsec 2.3830
#GCMRL#  131 dt 129.472000 rms  0.675  0.103% neg 0  invalid 762 tFOTS 0.0000 tGradient 2.1590 tsec 2.4050
#GCMRL#  132 dt 129.472000 rms  0.674  0.102% neg 0  invalid 762 tFOTS 0.0000 tGradient 2.1440 tsec 2.3890
#GCMRL#  133 dt 129.472000 rms  0.673  0.098% neg 0  invalid 762 tFOTS 0.0000 tGradient 2.1710 tsec 2.4150
#GCMRL#  134 dt 129.472000 rms  0.673  0.092% neg 0  invalid 762 tFOTS 0.0000 tGradient 2.1250 tsec 2.3690
#GCMRL#  135 dt 129.472000 rms  0.672  0.090% neg 0  invalid 762 tFOTS 0.0000 tGradient 2.1020 tsec 2.3450
#GCMRL#  136 dt 129.472000 rms  0.672  0.088% neg 0  invalid 762 tFOTS 0.0000 tGradient 2.0830 tsec 2.3240
#GCMRL#  137 dt 129.472000 rms  0.671  0.084% neg 0  invalid 762 tFOTS 0.0000 tGradient 2.0940 tsec 2.3350
#GCMRL#  138 dt 129.472000 rms  0.670  0.079% neg 0  invalid 762 tFOTS 0.0000 tGradient 2.1070 tsec 2.3500
#GCMRL#  139 dt 129.472000 rms  0.670  0.075% neg 0  invalid 762 tFOTS 0.0000 tGradient 2.1100 tsec 2.3530
#GCMRL#  140 dt 129.472000 rms  0.669  0.073% neg 0  invalid 762 tFOTS 0.0000 tGradient 2.0670 tsec 2.3080
#GCMRL#  141 dt 129.472000 rms  0.669  0.072% neg 0  invalid 762 tFOTS 0.0000 tGradient 2.0230 tsec 2.2690
#GCMRL#  142 dt 129.472000 rms  0.669  0.070% neg 0  invalid 762 tFOTS 0.0000 tGradient 2.0680 tsec 2.3140
#GCMRL#  143 dt 129.472000 rms  0.668  0.068% neg 0  invalid 762 tFOTS 0.0000 tGradient 2.0920 tsec 2.3320
#GCMRL#  144 dt 129.472000 rms  0.668  0.064% neg 0  invalid 762 tFOTS 0.0000 tGradient 2.1220 tsec 2.3660
#GCMRL#  145 dt 129.472000 rms  0.667  0.060% neg 0  invalid 762 tFOTS 0.0000 tGradient 2.1390 tsec 2.3830
#GCMRL#  146 dt 129.472000 rms  0.667  0.058% neg 0  invalid 762 tFOTS 0.0000 tGradient 2.2120 tsec 2.4530
#GCMRL#  147 dt 129.472000 rms  0.666  0.054% neg 0  invalid 762 tFOTS 0.0000 tGradient 2.1670 tsec 2.4100
#GCMRL#  148 dt 129.472000 rms  0.666  0.052% neg 0  invalid 762 tFOTS 0.0000 tGradient 2.1980 tsec 2.4390
#GCMRL#  149 dt 129.472000 rms  0.666  0.048% neg 0  invalid 762 tFOTS 0.0000 tGradient 2.1820 tsec 2.4230
#GCMRL#  150 dt 129.472000 rms  0.666  0.048% neg 0  invalid 762 tFOTS 0.0000 tGradient 2.1690 tsec 2.4110
#GCMRL#  151 dt 129.472000 rms  0.665  0.047% neg 0  invalid 762 tFOTS 0.0000 tGradient 2.1910 tsec 2.4340
#GCMRL#  152 dt 129.472000 rms  0.665  0.047% neg 0  invalid 762 tFOTS 0.0000 tGradient 2.1800 tsec 2.4250
#GCMRL#  153 dt 129.472000 rms  0.665  0.046% neg 0  invalid 762 tFOTS 0.0000 tGradient 2.1620 tsec 2.4060
#GCMRL#  154 dt 129.472000 rms  0.664  0.046% neg 0  invalid 762 tFOTS 0.0000 tGradient 2.1950 tsec 2.4380
#GCMRL#  155 dt 129.472000 rms  0.664  0.045% neg 0  invalid 762 tFOTS 0.0000 tGradient 2.1610 tsec 2.4030
#GCMRL#  156 dt 129.472000 rms  0.664  0.042% neg 0  invalid 762 tFOTS 0.0000 tGradient 2.1730 tsec 2.4180
#GCMRL#  157 dt 129.472000 rms  0.663  0.040% neg 0  invalid 762 tFOTS 0.0000 tGradient 2.1890 tsec 2.4280
#GCMRL#  158 dt 129.472000 rms  0.663  0.039% neg 0  invalid 762 tFOTS 0.0000 tGradient 2.2010 tsec 2.4420
#GCMRL#  159 dt 129.472000 rms  0.663  0.038% neg 0  invalid 762 tFOTS 0.0000 tGradient 2.1810 tsec 2.4250
#GCMRL#  160 dt 129.472000 rms  0.663  0.038% neg 0  invalid 762 tFOTS 0.0000 tGradient 2.1940 tsec 2.4360
#GCMRL#  161 dt 129.472000 rms  0.662  0.040% neg 0  invalid 762 tFOTS 0.0000 tGradient 2.2270 tsec 2.4680
#GCMRL#  162 dt 129.472000 rms  0.662  0.041% neg 0  invalid 762 tFOTS 0.0000 tGradient 2.1720 tsec 2.4170
#GCMRL#  163 dt 129.472000 rms  0.662  0.041% neg 0  invalid 762 tFOTS 0.0000 tGradient 2.1060 tsec 2.3480
#GCMRL#  164 dt 129.472000 rms  0.662  0.043% neg 0  invalid 762 tFOTS 0.0000 tGradient 2.1030 tsec 2.3480
#GCMRL#  165 dt 129.472000 rms  0.661  0.043% neg 0  invalid 762 tFOTS 0.0000 tGradient 2.1610 tsec 2.4020
#GCMRL#  166 dt 129.472000 rms  0.661  0.043% neg 0  invalid 762 tFOTS 0.0000 tGradient 2.1790 tsec 2.4240
#GCMRL#  167 dt 129.472000 rms  0.661  0.040% neg 0  invalid 762 tFOTS 0.0000 tGradient 2.1660 tsec 2.4080
#GCMRL#  168 dt 129.472000 rms  0.660  0.038% neg 0  invalid 762 tFOTS 0.0000 tGradient 2.1940 tsec 2.4310
#GCMRL#  169 dt 129.472000 rms  0.660  0.036% neg 0  invalid 762 tFOTS 0.0000 tGradient 2.1880 tsec 2.4230
#GCMRL#  170 dt 129.472000 rms  0.660  0.038% neg 0  invalid 762 tFOTS 0.0000 tGradient 2.1790 tsec 2.4240
#GCMRL#  171 dt 129.472000 rms  0.660  0.038% neg 0  invalid 762 tFOTS 0.0000 tGradient 2.1860 tsec 2.4290
#GCMRL#  172 dt 129.472000 rms  0.660  0.038% neg 0  invalid 762 tFOTS 0.0000 tGradient 2.1680 tsec 2.4120
#GCMRL#  173 dt 129.472000 rms  0.659  0.036% neg 0  invalid 762 tFOTS 0.0000 tGradient 2.1060 tsec 2.3470
#GCMRL#  174 dt 129.472000 rms  0.659  0.034% neg 0  invalid 762 tFOTS 0.0000 tGradient 2.1800 tsec 2.4240
#GCMRL#  175 dt 129.472000 rms  0.659  0.032% neg 0  invalid 762 tFOTS 0.0000 tGradient 2.1640 tsec 2.4040
#GCMRL#  176 dt 129.472000 rms  0.659  0.032% neg 0  invalid 762 tFOTS 0.0000 tGradient 2.1400 tsec 2.3840
#GCMRL#  177 dt 129.472000 rms  0.658  0.032% neg 0  invalid 762 tFOTS 0.0000 tGradient 2.1770 tsec 2.4180
#GCMRL#  178 dt 129.472000 rms  0.658  0.032% neg 0  invalid 762 tFOTS 0.0000 tGradient 2.1150 tsec 2.3550
#GCMRL#  179 dt 129.472000 rms  0.658  0.031% neg 0  invalid 762 tFOTS 0.0000 tGradient 2.1340 tsec 2.3790
#GCMRL#  180 dt 129.472000 rms  0.658  0.030% neg 0  invalid 762 tFOTS 0.0000 tGradient 2.1420 tsec 2.3830
#GCMRL#  181 dt 129.472000 rms  0.658  0.031% neg 0  invalid 762 tFOTS 0.0000 tGradient 2.2180 tsec 2.4560
#GCMRL#  182 dt 129.472000 rms  0.657  0.030% neg 0  invalid 762 tFOTS 0.0000 tGradient 2.1390 tsec 2.3800
#GCMRL#  183 dt 129.472000 rms  0.657  0.028% neg 0  invalid 762 tFOTS 0.0000 tGradient 2.1640 tsec 2.4040
#GCMRL#  184 dt 129.472000 rms  0.657  0.027% neg 0  invalid 762 tFOTS 0.0000 tGradient 2.1750 tsec 2.4180
#GCMRL#  185 dt 129.472000 rms  0.657  0.025% neg 0  invalid 762 tFOTS 0.0000 tGradient 2.1700 tsec 2.4100
#GCMRL#  186 dt 129.472000 rms  0.657  0.025% neg 0  invalid 762 tFOTS 0.0000 tGradient 2.1670 tsec 2.4090
#GCMRL#  187 dt 129.472000 rms  0.657  0.024% neg 0  invalid 762 tFOTS 0.0000 tGradient 2.1830 tsec 2.4450
#GCMRL#  188 dt 5918.720000 rms  0.656  0.073% neg 0  invalid 762 tFOTS 3.5320 tGradient 2.1400 tsec 5.9190
#FOTS# QuadFit found better minimum quadopt=(dt=110.976,rms=0.655911) vs oldopt=(dt=92.48,rms=0.655919)
#GCMRL#  189 dt 110.976000 rms  0.656  0.000% neg 0  invalid 762 tFOTS 3.5980 tGradient 2.1840 tsec 6.0430
#GCMRL#  190 dt 110.976000 rms  0.656  0.006% neg 0  invalid 762 tFOTS 0.0000 tGradient 2.1460 tsec 2.3820
setting smoothness cost coefficient to 0.031

#GCAMreg# pass 0 level1 4 level2 0 tsec 0 sigma 2
l_jacobian=1.00 l_label=1.00 l_log_likelihood=0.20 l_smoothness=0.03 
tol=5.00e-02, dt=5.00e-02, exp_k=20.0, momentum=0.90, levels=6, niter=500, lbl_dist=10.00, avgs=64, sigma=2.0,type=2, relabel=0, neg=no

blurring input image with Gaussian with sigma=2.000...
GCAMRegisterLevel(): init RMS 0.658393
#FOTS# QuadFit found better minimum quadopt=(dt=210.867,rms=0.650689) vs oldopt=(dt=103.68,rms=0.652385)
#GCMRL#  192 dt 210.867052 rms  0.651  1.170% neg 0  invalid 762 tFOTS 3.3030 tGradient 1.8020 tsec 5.3470
#FOTS# QuadFit found better minimum quadopt=(dt=79.4045,rms=0.644721) vs oldopt=(dt=103.68,rms=0.645216)
#GCMRL#  193 dt  79.404467 rms  0.645  0.917% neg 0  invalid 762 tFOTS 3.2850 tGradient 1.8510 tsec 5.3810
#FOTS# QuadFit found better minimum quadopt=(dt=89.3401,rms=0.641211) vs oldopt=(dt=103.68,rms=0.641306)
#GCMRL#  194 dt  89.340102 rms  0.641  0.544% neg 0  invalid 762 tFOTS 3.2830 tGradient 1.7250 tsec 5.2540
#FOTS# QuadFit found better minimum quadopt=(dt=91.9216,rms=0.637677) vs oldopt=(dt=103.68,rms=0.637739)
#GCMRL#  195 dt  91.921569 rms  0.638  0.551% neg 0  invalid 762 tFOTS 3.2860 tGradient 1.6520 tsec 5.1830
#FOTS# QuadFit found better minimum quadopt=(dt=65.9857,rms=0.635157) vs oldopt=(dt=103.68,rms=0.635694)
#GCMRL#  196 dt  65.985680 rms  0.635  0.395% neg 0  invalid 762 tFOTS 3.3550 tGradient 1.7110 tsec 5.3120
#FOTS# QuadFit found better minimum quadopt=(dt=172.606,rms=0.631584) vs oldopt=(dt=103.68,rms=0.632048)
#GCMRL#  197 dt 172.606061 rms  0.632  0.563% neg 0  invalid 762 tFOTS 3.2870 tGradient 1.6920 tsec 5.2250
#FOTS# QuadFit found better minimum quadopt=(dt=57.7049,rms=0.628691) vs oldopt=(dt=25.92,rms=0.629331)
#GCMRL#  198 dt  57.704918 rms  0.629  0.458% neg 0  invalid 762 tFOTS 3.2820 tGradient 1.6630 tsec 5.1900
#FOTS# QuadFit found better minimum quadopt=(dt=145.152,rms=0.625823) vs oldopt=(dt=103.68,rms=0.626175)
#GCMRL#  199 dt 145.152000 rms  0.626  0.456% neg 0  invalid 762 tFOTS 3.0920 tGradient 1.6410 tsec 4.9790
#FOTS# QuadFit found better minimum quadopt=(dt=36.288,rms=0.624189) vs oldopt=(dt=25.92,rms=0.624471)
#GCMRL#  200 dt  36.288000 rms  0.624  0.261% neg 0  invalid 762 tFOTS 3.2860 tGradient 1.6580 tsec 5.1980
#FOTS# QuadFit found better minimum quadopt=(dt=497.664,rms=0.61916) vs oldopt=(dt=414.72,rms=0.619342)
#GCMRL#  201 dt 497.664000 rms  0.619  0.806% neg 0  invalid 762 tFOTS 3.0420 tGradient 1.7140 tsec 4.9980
#FOTS# QuadFit found better minimum quadopt=(dt=62.9787,rms=0.614341) vs oldopt=(dt=25.92,rms=0.615581)
#GCMRL#  202 dt  62.978723 rms  0.614  0.778% neg 0  invalid 762 tFOTS 3.2700 tGradient 1.6240 tsec 5.1360
#FOTS# QuadFit found better minimum quadopt=(dt=36.288,rms=0.613492) vs oldopt=(dt=25.92,rms=0.613619)
#GCMRL#  203 dt  36.288000 rms  0.613  0.138% neg 0  invalid 762 tFOTS 3.4440 tGradient 1.6390 tsec 5.3250
#FOTS# QuadFit found better minimum quadopt=(dt=580.608,rms=0.608575) vs oldopt=(dt=414.72,rms=0.609507)
#GCMRL#  204 dt 580.608000 rms  0.609  0.801% neg 0  invalid 762 tFOTS 3.2680 tGradient 1.6810 tsec 5.1910
#FOTS# QuadFit found better minimum quadopt=(dt=68.6829,rms=0.606241) vs oldopt=(dt=25.92,rms=0.606756)
#GCMRL#  205 dt  68.682927 rms  0.606  0.384% neg 0  invalid 762 tFOTS 3.2280 tGradient 1.6680 tsec 5.1380
#FOTS# QuadFit found better minimum quadopt=(dt=36.288,rms=0.605585) vs oldopt=(dt=25.92,rms=0.605662)
#GCMRL#  206 dt  36.288000 rms  0.606  0.108% neg 0  invalid 762 tFOTS 3.4510 tGradient 1.6610 tsec 5.3540
#FOTS# QuadFit found better minimum quadopt=(dt=580.608,rms=0.60264) vs oldopt=(dt=414.72,rms=0.603144)
#GCMRL#  207 dt 580.608000 rms  0.603  0.486% neg 0  invalid 762 tFOTS 3.2880 tGradient 1.6310 tsec 5.1640
#FOTS# QuadFit found better minimum quadopt=(dt=36.288,rms=0.600811) vs oldopt=(dt=25.92,rms=0.601177)
#GCMRL#  208 dt  36.288000 rms  0.601  0.303% neg 0  invalid 762 tFOTS 3.2870 tGradient 1.6330 tsec 5.1660
#FOTS# QuadFit found better minimum quadopt=(dt=145.152,rms=0.599672) vs oldopt=(dt=103.68,rms=0.5999)
#GCMRL#  209 dt 145.152000 rms  0.600  0.190% neg 0  invalid 762 tFOTS 3.1510 tGradient 1.6430 tsec 5.0370
#FOTS# QuadFit found better minimum quadopt=(dt=36.288,rms=0.599441) vs oldopt=(dt=25.92,rms=0.599475)
#GCMRL#  210 dt  36.288000 rms  0.599  0.000% neg 0  invalid 762 tFOTS 3.2870 tGradient 1.7450 tsec 5.2950
#GCMRL#  211 dt  36.288000 rms  0.599  0.035% neg 0  invalid 762 tFOTS 0.0000 tGradient 1.7330 tsec 1.9720
#GCMRL#  212 dt  36.288000 rms  0.599  0.068% neg 0  invalid 762 tFOTS 0.0000 tGradient 1.7590 tsec 2.0000
#GCMRL#  213 dt  36.288000 rms  0.598  0.102% neg 0  invalid 762 tFOTS 0.0000 tGradient 1.7240 tsec 1.9640
#GCMRL#  214 dt  36.288000 rms  0.597  0.131% neg 0  invalid 762 tFOTS 0.0000 tGradient 1.7090 tsec 1.9490
#GCMRL#  215 dt  36.288000 rms  0.597  0.151% neg 0  invalid 762 tFOTS 0.0000 tGradient 1.7060 tsec 1.9470
#GCMRL#  216 dt  36.288000 rms  0.596  0.165% neg 0  invalid 762 tFOTS 0.0000 tGradient 1.7330 tsec 1.9700
#GCMRL#  217 dt  36.288000 rms  0.595  0.172% neg 0  invalid 762 tFOTS 0.0000 tGradient 1.6930 tsec 1.9320
#GCMRL#  218 dt  36.288000 rms  0.593  0.178% neg 0  invalid 762 tFOTS 0.0000 tGradient 1.6600 tsec 1.9010
#GCMRL#  219 dt  36.288000 rms  0.592  0.185% neg 0  invalid 762 tFOTS 0.0000 tGradient 1.6510 tsec 1.8920
#GCMRL#  220 dt  36.288000 rms  0.591  0.193% neg 0  invalid 762 tFOTS 0.0000 tGradient 1.6660 tsec 1.9070
#GCMRL#  221 dt  36.288000 rms  0.590  0.189% neg 0  invalid 762 tFOTS 0.0000 tGradient 1.6590 tsec 1.9000
#GCMRL#  222 dt  36.288000 rms  0.589  0.186% neg 0  invalid 762 tFOTS 0.0000 tGradient 1.6520 tsec 1.8920
#GCMRL#  223 dt  36.288000 rms  0.589  0.019% neg 0  invalid 762 tFOTS 0.0000 tGradient 1.6690 tsec 2.0360
#GCMRL#  224 dt  36.288000 rms  0.589  0.035% neg 0  invalid 762 tFOTS 0.0000 tGradient 1.7380 tsec 1.9750
#GCMRL#  225 dt  36.288000 rms  0.588  0.052% neg 0  invalid 762 tFOTS 0.0000 tGradient 1.6980 tsec 1.9390
#GCMRL#  226 dt  36.288000 rms  0.588  0.069% neg 0  invalid 762 tFOTS 0.0000 tGradient 1.6710 tsec 1.9100
#GCMRL#  227 dt  36.288000 rms  0.588  0.079% neg 0  invalid 762 tFOTS 0.0000 tGradient 1.6510 tsec 1.8920
#GCMRL#  228 dt  36.288000 rms  0.587  0.091% neg 0  invalid 762 tFOTS 0.0000 tGradient 1.6490 tsec 1.8890
#GCMRL#  229 dt  36.288000 rms  0.586  0.097% neg 0  invalid 762 tFOTS 0.0000 tGradient 1.6350 tsec 1.8740
#GCMRL#  230 dt  36.288000 rms  0.586  0.105% neg 0  invalid 762 tFOTS 0.0000 tGradient 1.6670 tsec 1.9070
#GCMRL#  231 dt  36.288000 rms  0.585  0.113% neg 0  invalid 762 tFOTS 0.0000 tGradient 1.7050 tsec 1.9450
#GCMRL#  232 dt  36.288000 rms  0.584  0.121% neg 0  invalid 762 tFOTS 0.0000 tGradient 1.6810 tsec 1.9220
#GCMRL#  233 dt  36.288000 rms  0.584  0.127% neg 0  invalid 762 tFOTS 0.0000 tGradient 1.6670 tsec 1.9070
#GCMRL#  234 dt  36.288000 rms  0.583  0.127% neg 0  invalid 762 tFOTS 0.0000 tGradient 1.6650 tsec 1.9060
#GCMRL#  235 dt  36.288000 rms  0.583  0.014% neg 0  invalid 762 tFOTS 0.0000 tGradient 1.6700 tsec 2.0370
#GCMRL#  236 dt  36.288000 rms  0.583  0.028% neg 0  invalid 762 tFOTS 0.0000 tGradient 1.6490 tsec 1.8900
#GCMRL#  237 dt  36.288000 rms  0.582  0.040% neg 0  invalid 762 tFOTS 0.0000 tGradient 1.6500 tsec 1.8900
#GCMRL#  238 dt  36.288000 rms  0.582  0.052% neg 0  invalid 762 tFOTS 0.0000 tGradient 1.6570 tsec 1.8980
#GCMRL#  239 dt  36.288000 rms  0.582  0.062% neg 0  invalid 762 tFOTS 0.0000 tGradient 1.7040 tsec 1.9460
#GCMRL#  240 dt  36.288000 rms  0.581  0.070% neg 0  invalid 762 tFOTS 0.0000 tGradient 1.6760 tsec 1.9170
#GCMRL#  241 dt  36.288000 rms  0.581  0.078% neg 0  invalid 762 tFOTS 0.0000 tGradient 1.6800 tsec 1.9210
#GCMRL#  242 dt  36.288000 rms  0.580  0.086% neg 0  invalid 762 tFOTS 0.0000 tGradient 1.6700 tsec 1.9120
#GCMRL#  243 dt  36.288000 rms  0.580  0.089% neg 0  invalid 762 tFOTS 0.0000 tGradient 1.7380 tsec 1.9800
#GCMRL#  244 dt  36.288000 rms  0.579  0.092% neg 0  invalid 762 tFOTS 0.0000 tGradient 1.6960 tsec 1.9380
#GCMRL#  245 dt  36.288000 rms  0.579  0.097% neg 0  invalid 762 tFOTS 0.0000 tGradient 1.7200 tsec 1.9620
#GCMRL#  246 dt  36.288000 rms  0.578  0.098% neg 0  invalid 762 tFOTS 0.0000 tGradient 1.7320 tsec 1.9740
#GCMRL#  247 dt  36.288000 rms  0.578  0.098% neg 0  invalid 762 tFOTS 0.0000 tGradient 1.7050 tsec 1.9470
#GCMRL#  248 dt  36.288000 rms  0.577  0.097% neg 0  invalid 762 tFOTS 0.0000 tGradient 1.7300 tsec 1.9700
#GCMRL#  249 dt  36.288000 rms  0.577  0.010% neg 0  invalid 762 tFOTS 0.0000 tGradient 1.6860 tsec 2.0550
#GCMRL#  250 dt  36.288000 rms  0.577  0.022% neg 0  invalid 762 tFOTS 0.0000 tGradient 1.7140 tsec 1.9540
#GCMRL#  251 dt  36.288000 rms  0.577  0.029% neg 0  invalid 762 tFOTS 0.0000 tGradient 1.7330 tsec 1.9760
#GCMRL#  252 dt  36.288000 rms  0.577  0.037% neg 0  invalid 762 tFOTS 0.0000 tGradient 1.6620 tsec 1.9060
#GCMRL#  253 dt  36.288000 rms  0.577  0.011% neg 0  invalid 762 tFOTS 0.0000 tGradient 1.6550 tsec 2.0230
#GCMRL#  254 dt  36.288000 rms  0.576  0.022% neg 0  invalid 762 tFOTS 0.0000 tGradient 1.6630 tsec 1.9050
#GCMRL#  255 dt   4.536000 rms  0.576  0.001% neg 0  invalid 762 tFOTS 0.0000 tGradient 1.7090 tsec 2.4400
#FOTS# QuadFit found better minimum quadopt=(dt=2.268,rms=0.576364) vs oldopt=(dt=1.62,rms=0.576365)
#GCMRL#  256 dt   2.268000 rms  0.576  0.000% neg 0  invalid 762 tFOTS 2.5380 tGradient 1.6700 tsec 4.4720
#GCMRL#  257 dt   1.134000 rms  0.576  0.000% neg 0  invalid 762 tFOTS 0.0000 tGradient 1.6810 tsec 2.1640
#GCMRL#  258 dt   0.567000 rms  0.576  0.000% neg 0  invalid 762 tFOTS 0.0000 tGradient 1.7050 tsec 2.1900

#GCAMreg# pass 0 level1 4 level2 1 tsec 206.99 sigma 0.5
l_jacobian=1.00 l_label=1.00 l_log_likelihood=0.20 l_smoothness=0.03 
tol=5.00e-02, dt=5.00e-02, exp_k=20.0, momentum=0.90, levels=6, niter=500, lbl_dist=10.00, avgs=64, sigma=0.5,type=2, relabel=0, neg=no

blurring input image with Gaussian with sigma=0.500...
GCAMRegisterLevel(): init RMS 0.577204
#GCMRL#  260 dt 103.680000 rms  0.575  0.329% neg 0  invalid 762 tFOTS 3.3200 tGradient 1.6890 tsec 5.2550
#FOTS# QuadFit found better minimum quadopt=(dt=82.944,rms=0.574535) vs oldopt=(dt=103.68,rms=0.574615)
#GCMRL#  261 dt  82.944000 rms  0.575  0.134% neg 0  invalid 762 tFOTS 3.3180 tGradient 1.6730 tsec 5.2370
#FOTS# QuadFit found better minimum quadopt=(dt=36.288,rms=0.574247) vs oldopt=(dt=25.92,rms=0.57429)
#GCMRL#  262 dt  36.288000 rms  0.574  0.050% neg 0  invalid 762 tFOTS 3.3260 tGradient 1.7190 tsec 5.2910
#FOTS# QuadFit found better minimum quadopt=(dt=580.608,rms=0.572492) vs oldopt=(dt=414.72,rms=0.572779)
#GCMRL#  263 dt 580.608000 rms  0.572  0.306% neg 0  invalid 762 tFOTS 3.3180 tGradient 1.7290 tsec 5.2910
#FOTS# QuadFit found better minimum quadopt=(dt=62.208,rms=0.571945) vs oldopt=(dt=103.68,rms=0.572107)
#GCMRL#  264 dt  62.208000 rms  0.572  0.096% neg 0  invalid 762 tFOTS 3.3330 tGradient 1.6440 tsec 5.2230
#FOTS# QuadFit found better minimum quadopt=(dt=36.288,rms=0.571891) vs oldopt=(dt=25.92,rms=0.571898)
#GCMRL#  265 dt  36.288000 rms  0.572  0.000% neg 0  invalid 762 tFOTS 3.5950 tGradient 1.6660 tsec 5.5300
#GCMRL#  266 dt  36.288000 rms  0.572  0.014% neg 0  invalid 762 tFOTS 0.0000 tGradient 1.7570 tsec 2.0020
#GCMRL#  267 dt  36.288000 rms  0.572  0.025% neg 0  invalid 762 tFOTS 0.0000 tGradient 1.6250 tsec 1.8700
#GCMRL#  268 dt  36.288000 rms  0.571  0.034% neg 0  invalid 762 tFOTS 0.0000 tGradient 1.6290 tsec 1.8720
#GCMRL#  269 dt  36.288000 rms  0.571  0.040% neg 0  invalid 762 tFOTS 0.0000 tGradient 1.5870 tsec 1.8330
#GCMRL#  270 dt  36.288000 rms  0.571  0.049% neg 0  invalid 762 tFOTS 0.0000 tGradient 1.6220 tsec 1.8660
#GCMRL#  271 dt  36.288000 rms  0.571  0.053% neg 0  invalid 762 tFOTS 0.0000 tGradient 1.5920 tsec 1.8380
#GCMRL#  272 dt  36.288000 rms  0.570  0.062% neg 0  invalid 762 tFOTS 0.0000 tGradient 1.6040 tsec 1.8480
#GCMRL#  273 dt  36.288000 rms  0.570  0.069% neg 0  invalid 762 tFOTS 0.0000 tGradient 1.5950 tsec 1.8390
#GCMRL#  274 dt  36.288000 rms  0.570  0.071% neg 0  invalid 762 tFOTS 0.0000 tGradient 1.5950 tsec 1.8390
#GCMRL#  275 dt  36.288000 rms  0.569  0.073% neg 0  invalid 762 tFOTS 0.0000 tGradient 1.5980 tsec 1.8520
#GCMRL#  276 dt  36.288000 rms  0.569  0.072% neg 0  invalid 762 tFOTS 0.0000 tGradient 1.5810 tsec 1.8260
#GCMRL#  277 dt  36.288000 rms  0.568  0.073% neg 0  invalid 762 tFOTS 0.0000 tGradient 1.6050 tsec 1.8480
#GCMRL#  278 dt  36.288000 rms  0.568  0.069% neg 0  invalid 762 tFOTS 0.0000 tGradient 1.6160 tsec 1.8590
#GCMRL#  279 dt  36.288000 rms  0.567  0.069% neg 0  invalid 762 tFOTS 0.0000 tGradient 1.6120 tsec 1.8570
#GCMRL#  280 dt  36.288000 rms  0.567  0.066% neg 0  invalid 762 tFOTS 0.0000 tGradient 1.6010 tsec 1.8460
#GCMRL#  281 dt  36.288000 rms  0.567  0.066% neg 0  invalid 762 tFOTS 0.0000 tGradient 1.5660 tsec 1.8100
#GCMRL#  282 dt  36.288000 rms  0.566  0.068% neg 0  invalid 762 tFOTS 0.0000 tGradient 1.6260 tsec 1.8700
#GCMRL#  283 dt  36.288000 rms  0.566  0.068% neg 0  invalid 762 tFOTS 0.0000 tGradient 1.6160 tsec 1.8630
#GCMRL#  284 dt  36.288000 rms  0.566  0.070% neg 0  invalid 762 tFOTS 0.0000 tGradient 1.6180 tsec 1.8630
#GCMRL#  285 dt  36.288000 rms  0.565  0.068% neg 0  invalid 762 tFOTS 0.0000 tGradient 1.6120 tsec 1.8570
#GCMRL#  286 dt  36.288000 rms  0.565  0.069% neg 0  invalid 762 tFOTS 0.0000 tGradient 1.6080 tsec 1.8540
#GCMRL#  287 dt  36.288000 rms  0.564  0.067% neg 0  invalid 762 tFOTS 0.0000 tGradient 1.6510 tsec 1.8920
#GCMRL#  288 dt  36.288000 rms  0.564  0.065% neg 0  invalid 762 tFOTS 0.0000 tGradient 1.6090 tsec 1.8720
#GCMRL#  289 dt  36.288000 rms  0.564  0.064% neg 0  invalid 762 tFOTS 0.0000 tGradient 1.6430 tsec 1.8890
#GCMRL#  290 dt  36.288000 rms  0.563  0.061% neg 0  invalid 762 tFOTS 0.0000 tGradient 1.6110 tsec 1.8550
#GCMRL#  291 dt  36.288000 rms  0.563  0.060% neg 0  invalid 762 tFOTS 0.0000 tGradient 1.6280 tsec 1.8740
#GCMRL#  292 dt  36.288000 rms  0.563  0.059% neg 0  invalid 762 tFOTS 0.0000 tGradient 1.6220 tsec 1.8670
#GCMRL#  293 dt  36.288000 rms  0.562  0.058% neg 0  invalid 762 tFOTS 0.0000 tGradient 1.6320 tsec 1.8770
#GCMRL#  294 dt  36.288000 rms  0.562  0.055% neg 0  invalid 762 tFOTS 0.0000 tGradient 1.6140 tsec 1.8590
#GCMRL#  295 dt  36.288000 rms  0.562  0.052% neg 0  invalid 762 tFOTS 0.0000 tGradient 1.6240 tsec 1.8700
#GCMRL#  296 dt  36.288000 rms  0.561  0.053% neg 0  invalid 762 tFOTS 0.0000 tGradient 1.6520 tsec 1.8970
#GCMRL#  297 dt  36.288000 rms  0.561  0.052% neg 0  invalid 762 tFOTS 0.0000 tGradient 1.7460 tsec 1.9900
#GCMRL#  298 dt  36.288000 rms  0.561  0.051% neg 0  invalid 762 tFOTS 0.0000 tGradient 1.6640 tsec 1.9090
#GCMRL#  299 dt  36.288000 rms  0.561  0.050% neg 0  invalid 762 tFOTS 0.0000 tGradient 1.6830 tsec 1.9280
#GCMRL#  300 dt  36.288000 rms  0.560  0.049% neg 0  invalid 762 tFOTS 0.0000 tGradient 1.7000 tsec 1.9440
#GCMRL#  301 dt  36.288000 rms  0.560  0.047% neg 0  invalid 762 tFOTS 0.0000 tGradient 1.6640 tsec 1.9050
#GCMRL#  302 dt  36.288000 rms  0.560  0.047% neg 0  invalid 762 tFOTS 0.0000 tGradient 1.6260 tsec 1.8690
#GCMRL#  303 dt  36.288000 rms  0.560  0.046% neg 0  invalid 762 tFOTS 0.0000 tGradient 1.6560 tsec 1.8900
#GCMRL#  304 dt  36.288000 rms  0.559  0.044% neg 0  invalid 762 tFOTS 0.0000 tGradient 1.6910 tsec 1.9250
#GCMRL#  305 dt  36.288000 rms  0.559  0.043% neg 0  invalid 762 tFOTS 0.0000 tGradient 1.5880 tsec 1.8200
#GCMRL#  306 dt  36.288000 rms  0.559  0.041% neg 0  invalid 762 tFOTS 0.0000 tGradient 1.7120 tsec 1.9620
#GCMRL#  307 dt  36.288000 rms  0.559  0.040% neg 0  invalid 762 tFOTS 0.0000 tGradient 1.6480 tsec 1.8860
#GCMRL#  308 dt  36.288000 rms  0.558  0.040% neg 0  invalid 762 tFOTS 0.0000 tGradient 1.6610 tsec 1.8990
#GCMRL#  309 dt  36.288000 rms  0.558  0.040% neg 0  invalid 762 tFOTS 0.0000 tGradient 1.7350 tsec 1.9730
#GCMRL#  310 dt  36.288000 rms  0.558  0.039% neg 0  invalid 762 tFOTS 0.0000 tGradient 1.6830 tsec 1.9200
#GCMRL#  311 dt  36.288000 rms  0.558  0.039% neg 0  invalid 762 tFOTS 0.0000 tGradient 1.6550 tsec 1.8940
#GCMRL#  312 dt  36.288000 rms  0.558  0.039% neg 0  invalid 762 tFOTS 0.0000 tGradient 1.6670 tsec 1.9080
#GCMRL#  313 dt  36.288000 rms  0.557  0.037% neg 0  invalid 762 tFOTS 0.0000 tGradient 1.6440 tsec 1.8810
#GCMRL#  314 dt  36.288000 rms  0.557  0.038% neg 0  invalid 762 tFOTS 0.0000 tGradient 1.6830 tsec 1.9400
#GCMRL#  315 dt  36.288000 rms  0.557  0.035% neg 0  invalid 762 tFOTS 0.0000 tGradient 1.5630 tsec 1.7990
#GCMRL#  316 dt  36.288000 rms  0.557  0.035% neg 0  invalid 762 tFOTS 0.0000 tGradient 1.7440 tsec 1.9890
#GCMRL#  317 dt  36.288000 rms  0.556  0.035% neg 0  invalid 762 tFOTS 0.0000 tGradient 1.7080 tsec 1.9520
#GCMRL#  318 dt  36.288000 rms  0.556  0.033% neg 0  invalid 762 tFOTS 0.0000 tGradient 1.6530 tsec 1.8990
#GCMRL#  319 dt  36.288000 rms  0.556  0.032% neg 0  invalid 762 tFOTS 0.0000 tGradient 1.6950 tsec 1.9320
#GCMRL#  320 dt  36.288000 rms  0.556  0.034% neg 0  invalid 762 tFOTS 0.0000 tGradient 1.7110 tsec 1.9460
#GCMRL#  321 dt  36.288000 rms  0.556  0.033% neg 0  invalid 762 tFOTS 0.0000 tGradient 1.6810 tsec 1.9180
#GCMRL#  322 dt  36.288000 rms  0.556  0.034% neg 0  invalid 762 tFOTS 0.0000 tGradient 1.6950 tsec 1.9310
#GCMRL#  323 dt  36.288000 rms  0.555  0.032% neg 0  invalid 762 tFOTS 0.0000 tGradient 1.6550 tsec 1.9580
#GCMRL#  324 dt  36.288000 rms  0.555  0.031% neg 0  invalid 762 tFOTS 0.0000 tGradient 1.5920 tsec 1.8300
#GCMRL#  325 dt  36.288000 rms  0.555  0.032% neg 0  invalid 762 tFOTS 0.0000 tGradient 1.5880 tsec 1.8210
#GCMRL#  326 dt  36.288000 rms  0.555  0.031% neg 0  invalid 762 tFOTS 0.0000 tGradient 1.5950 tsec 1.8270
#GCMRL#  327 dt  36.288000 rms  0.555  0.030% neg 0  invalid 762 tFOTS 0.0000 tGradient 1.6170 tsec 1.8510
#GCMRL#  328 dt  36.288000 rms  0.555  0.027% neg 0  invalid 762 tFOTS 0.0000 tGradient 1.7450 tsec 1.9840
#GCMRL#  329 dt  36.288000 rms  0.554  0.026% neg 0  invalid 762 tFOTS 0.0000 tGradient 1.6270 tsec 1.8720
#GCMRL#  330 dt  36.288000 rms  0.554  0.028% neg 0  invalid 762 tFOTS 0.0000 tGradient 1.6140 tsec 1.8580
#GCMRL#  331 dt  36.288000 rms  0.554  0.026% neg 0  invalid 762 tFOTS 0.0000 tGradient 1.6890 tsec 1.9310
#GCMRL#  332 dt  36.288000 rms  0.554  0.028% neg 0  invalid 762 tFOTS 0.0000 tGradient 1.6370 tsec 1.8750
#GCMRL#  333 dt  36.288000 rms  0.554  0.025% neg 0  invalid 762 tFOTS 0.0000 tGradient 1.5970 tsec 1.8360
#GCMRL#  334 dt  36.288000 rms  0.554  0.024% neg 0  invalid 762 tFOTS 0.0000 tGradient 1.5870 tsec 1.8250
#GCMRL#  335 dt  36.288000 rms  0.554  0.025% neg 0  invalid 762 tFOTS 0.0000 tGradient 1.6030 tsec 1.8420
#GCMRL#  336 dt  36.288000 rms  0.553  0.024% neg 0  invalid 762 tFOTS 0.0000 tGradient 1.7650 tsec 2.0020
#GCMRL#  337 dt  36.288000 rms  0.553  0.024% neg 0  invalid 762 tFOTS 0.0000 tGradient 1.6580 tsec 1.9110
#FOTS# QuadFit found better minimum quadopt=(dt=331.776,rms=0.55321) vs oldopt=(dt=414.72,rms=0.553215)
#GCMRL#  338 dt 331.776000 rms  0.553  0.000% neg 0  invalid 762 tFOTS 3.4590 tGradient 1.7490 tsec 5.5040
setting smoothness cost coefficient to 0.118

#GCAMreg# pass 0 level1 3 level2 0 tsec 0 sigma 2
l_jacobian=1.00 l_label=1.00 l_log_likelihood=0.20 l_smoothness=0.12 
tol=5.00e-02, dt=5.00e-02, exp_k=20.0, momentum=0.90, levels=6, niter=500, lbl_dist=10.00, avgs=16, sigma=2.0,type=2, relabel=0, neg=no

blurring input image with Gaussian with sigma=2.000...
GCAMRegisterLevel(): init RMS 0.566505
#GCMRL#  340 dt  32.000000 rms  0.563  0.555% neg 0  invalid 762 tFOTS 3.2530 tGradient 1.7500 tsec 5.2390
#FOTS# QuadFit found better minimum quadopt=(dt=38.4,rms=0.559819) vs oldopt=(dt=32,rms=0.560246)
#GCMRL#  341 dt  38.400000 rms  0.560  0.628% neg 0  invalid 762 tFOTS 3.0580 tGradient 1.4380 tsec 4.7370
#FOTS# QuadFit found better minimum quadopt=(dt=44.8,rms=0.557108) vs oldopt=(dt=32,rms=0.557467)
#GCMRL#  342 dt  44.800000 rms  0.557  0.484% neg 0  invalid 762 tFOTS 3.3470 tGradient 1.4350 tsec 5.0200
#GCMRL#  343 dt  32.000000 rms  0.554  0.532% neg 0  invalid 762 tFOTS 3.0870 tGradient 1.4090 tsec 4.7380
#FOTS# QuadFit found better minimum quadopt=(dt=29.8996,rms=0.552327) vs oldopt=(dt=32,rms=0.552354)
#GCMRL#  344 dt  29.899614 rms  0.552  0.328% neg 0  invalid 762 tFOTS 3.4080 tGradient 1.3940 tsec 5.0460
#FOTS# QuadFit found better minimum quadopt=(dt=38.4,rms=0.549917) vs oldopt=(dt=32,rms=0.549987)
#GCMRL#  345 dt  38.400000 rms  0.550  0.436% neg 0  invalid 762 tFOTS 3.1570 tGradient 1.3940 tsec 4.7980
#FOTS# QuadFit found better minimum quadopt=(dt=24.6541,rms=0.548282) vs oldopt=(dt=32,rms=0.548467)
#GCMRL#  346 dt  24.654088 rms  0.548  0.297% neg 0  invalid 762 tFOTS 3.4470 tGradient 1.3680 tsec 5.1120
#FOTS# QuadFit found better minimum quadopt=(dt=44.8,rms=0.546078) vs oldopt=(dt=32,rms=0.54639)
#GCMRL#  347 dt  44.800000 rms  0.546  0.402% neg 0  invalid 762 tFOTS 3.2840 tGradient 1.4000 tsec 4.9840
#FOTS# QuadFit found better minimum quadopt=(dt=25.098,rms=0.544768) vs oldopt=(dt=32,rms=0.544919)
#GCMRL#  348 dt  25.098039 rms  0.545  0.240% neg 0  invalid 762 tFOTS 3.5700 tGradient 1.4510 tsec 5.2710
#FOTS# QuadFit found better minimum quadopt=(dt=44.8,rms=0.542939) vs oldopt=(dt=32,rms=0.543172)
#GCMRL#  349 dt  44.800000 rms  0.543  0.336% neg 0  invalid 762 tFOTS 3.6420 tGradient 1.5110 tsec 5.4740
#FOTS# QuadFit found better minimum quadopt=(dt=23.7377,rms=0.541791) vs oldopt=(dt=32,rms=0.541989)
#GCMRL#  350 dt  23.737705 rms  0.542  0.211% neg 0  invalid 762 tFOTS 3.4800 tGradient 1.7870 tsec 5.5130
#FOTS# QuadFit found better minimum quadopt=(dt=44.8,rms=0.540186) vs oldopt=(dt=32,rms=0.540432)
#GCMRL#  351 dt  44.800000 rms  0.540  0.296% neg 0  invalid 762 tFOTS 3.7320 tGradient 1.6780 tsec 5.7290
#FOTS# QuadFit found better minimum quadopt=(dt=24.6904,rms=0.539252) vs oldopt=(dt=32,rms=0.539392)
#GCMRL#  352 dt  24.690355 rms  0.539  0.173% neg 0  invalid 762 tFOTS 3.6800 tGradient 1.3760 tsec 5.3040
#FOTS# QuadFit found better minimum quadopt=(dt=44.8,rms=0.537889) vs oldopt=(dt=32,rms=0.538051)
#GCMRL#  353 dt  44.800000 rms  0.538  0.253% neg 0  invalid 762 tFOTS 3.1890 tGradient 1.3620 tsec 4.8020
#FOTS# QuadFit found better minimum quadopt=(dt=19.2,rms=0.53705) vs oldopt=(dt=32,rms=0.537276)
#GCMRL#  354 dt  19.200000 rms  0.537  0.156% neg 0  invalid 762 tFOTS 3.4910 tGradient 1.7170 tsec 5.4610
#FOTS# QuadFit found better minimum quadopt=(dt=44.8,rms=0.535733) vs oldopt=(dt=32,rms=0.536065)
#GCMRL#  355 dt  44.800000 rms  0.536  0.245% neg 0  invalid 762 tFOTS 2.9740 tGradient 1.6530 tsec 4.8780
#FOTS# QuadFit found better minimum quadopt=(dt=38.4,rms=0.535037) vs oldopt=(dt=32,rms=0.535065)
#GCMRL#  356 dt  38.400000 rms  0.535  0.130% neg 0  invalid 762 tFOTS 3.8170 tGradient 1.3730 tsec 5.5050
#GCMRL#  357 dt  32.000000 rms  0.534  0.178% neg 0  invalid 762 tFOTS 3.2820 tGradient 1.6060 tsec 5.1300
#FOTS# QuadFit found better minimum quadopt=(dt=25.6,rms=0.533533) vs oldopt=(dt=32,rms=0.533617)
#GCMRL#  358 dt  25.600000 rms  0.534  0.103% neg 0  invalid 762 tFOTS 3.3270 tGradient 1.5070 tsec 5.0810
#FOTS# QuadFit found better minimum quadopt=(dt=44.8,rms=0.532573) vs oldopt=(dt=32,rms=0.532664)
#GCMRL#  359 dt  44.800000 rms  0.533  0.180% neg 0  invalid 762 tFOTS 3.2640 tGradient 1.3130 tsec 4.8270
#FOTS# QuadFit found better minimum quadopt=(dt=11.2,rms=0.532102) vs oldopt=(dt=8,rms=0.532191)
#GCMRL#  360 dt  11.200000 rms  0.532  0.089% neg 0  invalid 762 tFOTS 3.3430 tGradient 1.3490 tsec 4.9410
#FOTS# QuadFit found better minimum quadopt=(dt=44.8,rms=0.531418) vs oldopt=(dt=32,rms=0.531521)
#GCMRL#  361 dt  44.800000 rms  0.531  0.129% neg 0  invalid 762 tFOTS 3.1770 tGradient 1.3670 tsec 4.7880
#GCMRL#  362 dt  32.000000 rms  0.531  0.131% neg 0  invalid 762 tFOTS 3.1540 tGradient 1.2950 tsec 4.6950
#FOTS# QuadFit found better minimum quadopt=(dt=19.2,rms=0.530261) vs oldopt=(dt=32,rms=0.530337)
#GCMRL#  363 dt  19.200000 rms  0.530  0.087% neg 0  invalid 762 tFOTS 3.3880 tGradient 1.3390 tsec 4.9730
#FOTS# QuadFit found better minimum quadopt=(dt=44.8,rms=0.5294) vs oldopt=(dt=32,rms=0.529623)
#GCMRL#  364 dt  44.800000 rms  0.529  0.162% neg 0  invalid 762 tFOTS 2.9530 tGradient 1.3870 tsec 4.6580
#FOTS# QuadFit found better minimum quadopt=(dt=44.8,rms=0.528944) vs oldopt=(dt=32,rms=0.529008)
#GCMRL#  365 dt  44.800000 rms  0.529  0.086% neg 0  invalid 762 tFOTS 3.3610 tGradient 1.3290 tsec 5.0090
#GCMRL#  366 dt  32.000000 rms  0.528  0.130% neg 0  invalid 762 tFOTS 3.4460 tGradient 1.4470 tsec 5.1380
#FOTS# QuadFit found better minimum quadopt=(dt=19.2,rms=0.527932) vs oldopt=(dt=32,rms=0.528034)
#GCMRL#  367 dt  19.200000 rms  0.528  0.061% neg 0  invalid 762 tFOTS 3.2610 tGradient 1.3050 tsec 4.8120
#FOTS# QuadFit found better minimum quadopt=(dt=44.8,rms=0.52727) vs oldopt=(dt=32,rms=0.527438)
#GCMRL#  368 dt  44.800000 rms  0.527  0.125% neg 0  invalid 762 tFOTS 2.8650 tGradient 1.3060 tsec 4.4170
#GCMRL#  369 dt  32.000000 rms  0.527  0.063% neg 0  invalid 762 tFOTS 3.2990 tGradient 1.3140 tsec 4.8600
#GCMRL#  370 dt  32.000000 rms  0.527  0.080% neg 0  invalid 762 tFOTS 3.0980 tGradient 1.3050 tsec 4.6500
#FOTS# QuadFit found better minimum quadopt=(dt=25.6,rms=0.526145) vs oldopt=(dt=32,rms=0.526176)
#GCMRL#  371 dt  25.600000 rms  0.526  0.071% neg 0  invalid 762 tFOTS 3.3010 tGradient 1.3430 tsec 4.8910
#FOTS# QuadFit found better minimum quadopt=(dt=44.8,rms=0.525748) vs oldopt=(dt=32,rms=0.525767)
#GCMRL#  372 dt  44.800000 rms  0.526  0.076% neg 0  invalid 762 tFOTS 3.1070 tGradient 1.3450 tsec 4.6990
#FOTS# QuadFit found better minimum quadopt=(dt=11.2,rms=0.525377) vs oldopt=(dt=8,rms=0.525445)
#GCMRL#  373 dt  11.200000 rms  0.525  0.070% neg 0  invalid 762 tFOTS 3.3020 tGradient 1.3600 tsec 4.9090
#FOTS# QuadFit found better minimum quadopt=(dt=76.8,rms=0.524836) vs oldopt=(dt=128,rms=0.524997)
#GCMRL#  374 dt  76.800000 rms  0.525  0.103% neg 0  invalid 762 tFOTS 3.1090 tGradient 1.3650 tsec 4.7230
#FOTS# QuadFit found better minimum quadopt=(dt=25.6,rms=0.524321) vs oldopt=(dt=32,rms=0.5244)
#GCMRL#  375 dt  25.600000 rms  0.524  0.098% neg 0  invalid 762 tFOTS 3.1090 tGradient 1.3060 tsec 4.6610
#FOTS# QuadFit found better minimum quadopt=(dt=25.6,rms=0.523975) vs oldopt=(dt=32,rms=0.523997)
#GCMRL#  376 dt  25.600000 rms  0.524  0.066% neg 0  invalid 762 tFOTS 3.3990 tGradient 1.3480 tsec 4.9930
#FOTS# QuadFit found better minimum quadopt=(dt=44.8,rms=0.523622) vs oldopt=(dt=32,rms=0.523647)
#GCMRL#  377 dt  44.800000 rms  0.524  0.067% neg 0  invalid 762 tFOTS 2.9150 tGradient 1.3470 tsec 4.5080
#FOTS# QuadFit found better minimum quadopt=(dt=11.2,rms=0.523314) vs oldopt=(dt=8,rms=0.523365)
#GCMRL#  378 dt  11.200000 rms  0.523  0.059% neg 0  invalid 762 tFOTS 3.3020 tGradient 1.3640 tsec 4.9570
#FOTS# QuadFit found better minimum quadopt=(dt=102.4,rms=0.522809) vs oldopt=(dt=128,rms=0.522846)
#GCMRL#  379 dt 102.400000 rms  0.523  0.096% neg 0  invalid 762 tFOTS 3.3010 tGradient 1.3430 tsec 4.8910
#FOTS# QuadFit found better minimum quadopt=(dt=23.7949,rms=0.522219) vs oldopt=(dt=32,rms=0.522352)
#GCMRL#  380 dt  23.794872 rms  0.522  0.113% neg 0  invalid 762 tFOTS 3.1050 tGradient 1.3410 tsec 4.6950
#FOTS# QuadFit found better minimum quadopt=(dt=25.6,rms=0.521948) vs oldopt=(dt=32,rms=0.521968)
#GCMRL#  381 dt  25.600000 rms  0.522  0.052% neg 0  invalid 762 tFOTS 3.3050 tGradient 1.3610 tsec 4.9110
#FOTS# QuadFit found better minimum quadopt=(dt=38.4,rms=0.521693) vs oldopt=(dt=32,rms=0.521701)
#GCMRL#  382 dt  38.400000 rms  0.522  0.000% neg 0  invalid 762 tFOTS 2.9380 tGradient 1.3080 tsec 4.5110
#GCMRL#  383 dt  38.400000 rms  0.522  0.018% neg 0  invalid 762 tFOTS 0.0000 tGradient 1.3430 tsec 1.5870
#GCMRL#  384 dt  38.400000 rms  0.521  0.162% neg 0  invalid 762 tFOTS 0.0000 tGradient 1.3460 tsec 1.5880
#GCMRL#  385 dt  38.400000 rms  0.520  0.116% neg 0  invalid 762 tFOTS 0.0000 tGradient 1.3380 tsec 1.5800
#GCMRL#  386 dt  38.400000 rms  0.519  0.235% neg 0  invalid 762 tFOTS 0.0000 tGradient 1.3440 tsec 1.5850
#GCMRL#  387 dt  38.400000 rms  0.518  0.193% neg 0  invalid 762 tFOTS 0.0000 tGradient 1.3480 tsec 1.5880
#GCMRL#  388 dt  38.400000 rms  0.517  0.228% neg 0  invalid 762 tFOTS 0.0000 tGradient 1.3890 tsec 1.6330
#GCMRL#  389 dt  38.400000 rms  0.515  0.260% neg 0  invalid 762 tFOTS 0.0000 tGradient 1.4000 tsec 1.6400
#GCMRL#  390 dt  38.400000 rms  0.514  0.184% neg 0  invalid 762 tFOTS 0.0000 tGradient 1.3480 tsec 1.5880
#GCMRL#  391 dt  38.400000 rms  0.513  0.234% neg 0  invalid 762 tFOTS 0.0000 tGradient 1.3620 tsec 1.6010
#GCMRL#  392 dt  38.400000 rms  0.512  0.214% neg 0  invalid 762 tFOTS 0.0000 tGradient 1.3730 tsec 1.6170
#GCMRL#  393 dt   9.600000 rms  0.512  0.015% neg 0  invalid 762 tFOTS 0.0000 tGradient 1.3510 tsec 1.9430
#GCMRL#  394 dt   2.400000 rms  0.512 -0.001% neg 0  invalid 762 tFOTS 0.0000 tGradient 1.3560 tsec 2.1620
#FOTS# QuadFit found better minimum quadopt=(dt=2.8,rms=0.512072) vs oldopt=(dt=2,rms=0.512073)
#GCMRL#  395 dt   2.800000 rms  0.512  0.000% neg 0  invalid 762 tFOTS 2.8050 tGradient 1.3380 tsec 4.3990
#FOTS# QuadFit found better minimum quadopt=(dt=0.7,rms=0.512068) vs oldopt=(dt=0.5,rms=0.512068)
#GCMRL#  396 dt   0.700000 rms  0.512  0.001% neg 0  invalid 762 tFOTS 2.4450 tGradient 1.3350 tsec 4.0210
#FOTS# QuadFit found better minimum quadopt=(dt=0.175,rms=0.51207) vs oldopt=(dt=0.125,rms=0.51207)

#GCAMreg# pass 0 level1 3 level2 1 tsec 254.862 sigma 0.5
l_jacobian=1.00 l_label=1.00 l_log_likelihood=0.20 l_smoothness=0.12 
tol=5.00e-02, dt=5.00e-02, exp_k=20.0, momentum=0.90, levels=6, niter=500, lbl_dist=10.00, avgs=16, sigma=0.5,type=2, relabel=0, neg=no

blurring input image with Gaussian with sigma=0.500...
GCAMRegisterLevel(): init RMS 0.512825
#FOTS# QuadFit found better minimum quadopt=(dt=44.8,rms=0.51073) vs oldopt=(dt=32,rms=0.510823)
#GCMRL#  398 dt  44.800000 rms  0.511  0.409% neg 0  invalid 762 tFOTS 3.3190 tGradient 1.4220 tsec 4.9830
#FOTS# QuadFit found better minimum quadopt=(dt=25.6,rms=0.510198) vs oldopt=(dt=32,rms=0.51028)
#GCMRL#  399 dt  25.600000 rms  0.510  0.104% neg 0  invalid 762 tFOTS 3.1020 tGradient 1.4100 tsec 4.7570
#FOTS# QuadFit found better minimum quadopt=(dt=11.2,rms=0.510021) vs oldopt=(dt=8,rms=0.510044)
#GCMRL#  400 dt  11.200000 rms  0.510  0.000% neg 0  invalid 762 tFOTS 3.3870 tGradient 1.2700 tsec 4.9200
#GCMRL#  401 dt  11.200000 rms  0.510  0.011% neg 0  invalid 762 tFOTS 0.0000 tGradient 1.3170 tsec 1.5600
#GCMRL#  402 dt  11.200000 rms  0.510  0.025% neg 0  invalid 762 tFOTS 0.0000 tGradient 1.3040 tsec 1.5400
#GCMRL#  403 dt  11.200000 rms  0.510  0.030% neg 0  invalid 762 tFOTS 0.0000 tGradient 1.3260 tsec 1.5670
#GCMRL#  404 dt  11.200000 rms  0.509  0.037% neg 0  invalid 762 tFOTS 0.0000 tGradient 1.3520 tsec 1.5950
#GCMRL#  405 dt  11.200000 rms  0.509  0.031% neg 0  invalid 762 tFOTS 0.0000 tGradient 1.3060 tsec 1.5490
#GCMRL#  406 dt  11.200000 rms  0.509  0.028% neg 0  invalid 762 tFOTS 0.0000 tGradient 1.3120 tsec 1.5520
#GCMRL#  407 dt  11.200000 rms  0.509  0.026% neg 0  invalid 762 tFOTS 0.0000 tGradient 1.3010 tsec 1.5450
#GCMRL#  408 dt  11.200000 rms  0.509  0.021% neg 0  invalid 762 tFOTS 0.0000 tGradient 1.3090 tsec 1.5490
#GCMRL#  409 dt  11.200000 rms  0.509  0.021% neg 0  invalid 762 tFOTS 0.0000 tGradient 1.3100 tsec 1.5700
#GCMRL#  410 dt 128.000000 rms  0.509  0.065% neg 0  invalid 762 tFOTS 3.0750 tGradient 1.2770 tsec 4.5990
#FOTS# QuadFit found better minimum quadopt=(dt=11.2,rms=0.508377) vs oldopt=(dt=8,rms=0.508398)
#GCMRL#  411 dt  11.200000 rms  0.508  0.000% neg 0  invalid 762 tFOTS 3.2680 tGradient 1.2900 tsec 4.8220
#GCMRL#  412 dt  11.200000 rms  0.508  0.010% neg 0  invalid 762 tFOTS 0.0000 tGradient 1.2630 tsec 1.5020
#GCMRL#  413 dt  11.200000 rms  0.508  0.017% neg 0  invalid 762 tFOTS 0.0000 tGradient 1.2680 tsec 1.5090
#GCMRL#  414 dt  11.200000 rms  0.508  0.016% neg 0  invalid 762 tFOTS 0.0000 tGradient 1.2920 tsec 1.5310
#GCMRL#  415 dt  11.200000 rms  0.508  0.020% neg 0  invalid 762 tFOTS 0.0000 tGradient 1.2660 tsec 1.5070
#GCMRL#  416 dt  11.200000 rms  0.508  0.023% neg 0  invalid 762 tFOTS 0.0000 tGradient 1.2710 tsec 1.5120
#GCMRL#  417 dt  11.200000 rms  0.508  0.025% neg 0  invalid 762 tFOTS 0.0000 tGradient 1.2680 tsec 1.5070
#GCMRL#  418 dt  11.200000 rms  0.508  0.021% neg 0  invalid 762 tFOTS 0.0000 tGradient 1.2720 tsec 1.5300
#FOTS# QuadFit found better minimum quadopt=(dt=76.8,rms=0.507614) vs oldopt=(dt=128,rms=0.507638)
setting smoothness cost coefficient to 0.400

#GCAMreg# pass 0 level1 2 level2 0 tsec 0 sigma 2
l_jacobian=1.00 l_label=1.00 l_log_likelihood=0.20 l_smoothness=0.40 
tol=5.00e-02, dt=5.00e-02, exp_k=20.0, momentum=0.90, levels=6, niter=500, lbl_dist=10.00, avgs=4, sigma=2.0,type=2, relabel=0, neg=no

blurring input image with Gaussian with sigma=2.000...
GCAMRegisterLevel(): init RMS 0.539134
#GCMRL#  420 dt   0.000000 rms  0.538  0.121% neg 0  invalid 762 tFOTS 2.8680 tGradient 1.1840 tsec 4.2960
#GCMRL#  421 dt   0.150000 rms  0.538  0.000% neg 0  invalid 762 tFOTS 2.8790 tGradient 1.1930 tsec 4.4930

#GCAMreg# pass 0 level1 2 level2 1 tsec 19.54 sigma 0.5
l_jacobian=1.00 l_label=1.00 l_log_likelihood=0.20 l_smoothness=0.40 
tol=5.00e-02, dt=5.00e-02, exp_k=20.0, momentum=0.90, levels=6, niter=500, lbl_dist=10.00, avgs=4, sigma=0.5,type=2, relabel=0, neg=no

blurring input image with Gaussian with sigma=0.500...
GCAMRegisterLevel(): init RMS 0.539134
#GCMRL#  423 dt   0.000000 rms  0.538  0.121% neg 0  invalid 762 tFOTS 2.9310 tGradient 1.1880 tsec 4.3690
#GCMRL#  424 dt   0.150000 rms  0.538  0.000% neg 0  invalid 762 tFOTS 2.9410 tGradient 1.1860 tsec 4.5540
setting smoothness cost coefficient to 1.000

#GCAMreg# pass 0 level1 1 level2 0 tsec 0 sigma 2
l_jacobian=1.00 l_label=1.00 l_log_likelihood=0.20 l_smoothness=1.00 
tol=5.00e-02, dt=5.00e-02, exp_k=20.0, momentum=0.90, levels=6, niter=500, lbl_dist=10.00, avgs=1, sigma=2.0,type=2, relabel=0, neg=no

blurring input image with Gaussian with sigma=2.000...
GCAMRegisterLevel(): init RMS 0.599402
#FOTS# QuadFit found better minimum quadopt=(dt=1.792,rms=0.593504) vs oldopt=(dt=1.28,rms=0.593768)
#GCMRL#  426 dt   1.792000 rms  0.594  0.984% neg 0  invalid 762 tFOTS 2.9330 tGradient 1.0490 tsec 4.2300
#FOTS# QuadFit found better minimum quadopt=(dt=0.112,rms=0.593479) vs oldopt=(dt=0.08,rms=0.593482)
#GCMRL#  427 dt   0.112000 rms  0.593  0.000% neg 0  invalid 762 tFOTS 2.9190 tGradient 1.0480 tsec 4.2340

#GCAMreg# pass 0 level1 1 level2 1 tsec 19.293 sigma 0.5
l_jacobian=1.00 l_label=1.00 l_log_likelihood=0.20 l_smoothness=1.00 
tol=5.00e-02, dt=5.00e-02, exp_k=20.0, momentum=0.90, levels=6, niter=500, lbl_dist=10.00, avgs=1, sigma=0.5,type=2, relabel=0, neg=no

blurring input image with Gaussian with sigma=0.500...
GCAMRegisterLevel(): init RMS 0.59406
#FOTS# QuadFit found better minimum quadopt=(dt=0.448,rms=0.593247) vs oldopt=(dt=0.32,rms=0.593278)
#GCMRL#  429 dt   0.448000 rms  0.593  0.137% neg 0  invalid 762 tFOTS 2.9050 tGradient 1.0460 tsec 4.1960
#FOTS# QuadFit found better minimum quadopt=(dt=0.112,rms=0.593236) vs oldopt=(dt=0.08,rms=0.593238)
#GCMRL#  430 dt   0.112000 rms  0.593  0.000% neg 0  invalid 762 tFOTS 2.9250 tGradient 1.0350 tsec 4.2270
#GCMRL#  431 dt   0.112000 rms  0.593  0.000% neg 0  invalid 762 tFOTS 0.0000 tGradient 1.0730 tsec 1.3440
resetting metric properties...
setting smoothness cost coefficient to 2.000

#GCAMreg# pass 0 level1 0 level2 0 tsec 0 sigma 2
l_jacobian=1.00 l_label=1.00 l_log_likelihood=0.20 l_smoothness=2.00 
tol=5.00e-02, dt=5.00e-02, exp_k=20.0, momentum=0.90, levels=6, niter=500, lbl_dist=10.00, avgs=0, sigma=2.0,type=2, relabel=0, neg=no

blurring input image with Gaussian with sigma=2.000...
GCAMRegisterLevel(): init RMS 0.521295
#FOTS# QuadFit found better minimum quadopt=(dt=0.448,rms=0.506398) vs oldopt=(dt=0.32,rms=0.510296)
#GCMRL#  433 dt   0.448000 rms  0.506  2.858% neg 0  invalid 762 tFOTS 2.9900 tGradient 0.7410 tsec 3.9800
#FOTS# QuadFit found better minimum quadopt=(dt=0.448,rms=0.502698) vs oldopt=(dt=0.32,rms=0.503722)
#GCMRL#  434 dt   0.448000 rms  0.503  0.731% neg 0  invalid 762 tFOTS 2.9430 tGradient 0.6410 tsec 3.8320
#FOTS# QuadFit found better minimum quadopt=(dt=0.448,rms=0.500465) vs oldopt=(dt=0.32,rms=0.501091)
#GCMRL#  435 dt   0.448000 rms  0.500  0.444% neg 0  invalid 762 tFOTS 3.0280 tGradient 0.6440 tsec 3.9170
#FOTS# QuadFit found better minimum quadopt=(dt=0.448,rms=0.499082) vs oldopt=(dt=0.32,rms=0.499469)
#GCMRL#  436 dt   0.448000 rms  0.499  0.276% neg 0  invalid 762 tFOTS 3.1110 tGradient 0.6450 tsec 4.0070
#FOTS# QuadFit found better minimum quadopt=(dt=0.448,rms=0.497978) vs oldopt=(dt=0.32,rms=0.49828)
#GCMRL#  437 dt   0.448000 rms  0.498  0.221% neg 0  invalid 762 tFOTS 2.9250 tGradient 0.6390 tsec 3.8130
#FOTS# QuadFit found better minimum quadopt=(dt=0.535714,rms=0.497087) vs oldopt=(dt=0.32,rms=0.49743)
#GCMRL#  438 dt   0.535714 rms  0.497  0.179% neg 0  invalid 762 tFOTS 3.0130 tGradient 0.6070 tsec 3.9220
#FOTS# QuadFit found better minimum quadopt=(dt=0.448,rms=0.496424) vs oldopt=(dt=0.32,rms=0.4966)
#GCMRL#  439 dt   0.448000 rms  0.496  0.133% neg 0  invalid 762 tFOTS 3.0470 tGradient 0.6030 tsec 3.8970
#FOTS# QuadFit found better minimum quadopt=(dt=0.448,rms=0.495941) vs oldopt=(dt=0.32,rms=0.496069)
#GCMRL#  440 dt   0.448000 rms  0.496  0.097% neg 0  invalid 762 tFOTS 3.1020 tGradient 0.6060 tsec 3.9570
#FOTS# QuadFit found better minimum quadopt=(dt=0.448,rms=0.495483) vs oldopt=(dt=0.32,rms=0.495602)
#GCMRL#  441 dt   0.448000 rms  0.495  0.092% neg 0  invalid 762 tFOTS 2.9460 tGradient 0.6000 tsec 3.7940
#FOTS# QuadFit found better minimum quadopt=(dt=0.448,rms=0.495175) vs oldopt=(dt=0.32,rms=0.49525)
#GCMRL#  442 dt   0.448000 rms  0.495  0.062% neg 0  invalid 762 tFOTS 2.9350 tGradient 0.6050 tsec 3.8030
#FOTS# QuadFit found better minimum quadopt=(dt=0.448,rms=0.494823) vs oldopt=(dt=0.32,rms=0.494907)
#GCMRL#  443 dt   0.448000 rms  0.495  0.071% neg 0  invalid 762 tFOTS 3.0270 tGradient 0.6020 tsec 3.8760
#FOTS# QuadFit found better minimum quadopt=(dt=0.448,rms=0.494614) vs oldopt=(dt=0.32,rms=0.494662)
#GCMRL#  444 dt   0.448000 rms  0.495  0.000% neg 0  invalid 762 tFOTS 3.1010 tGradient 0.6040 tsec 3.9700
#GCMRL#  445 dt   0.448000 rms  0.494  0.055% neg 0  invalid 762 tFOTS 0.0000 tGradient 0.6430 tsec 0.8850
#GCMRL#  446 dt   0.448000 rms  0.494  0.082% neg 0  invalid 762 tFOTS 0.0000 tGradient 0.6060 tsec 0.8490
#GCMRL#  447 dt   0.448000 rms  0.493  0.094% neg 0  invalid 762 tFOTS 0.0000 tGradient 0.6090 tsec 0.8520
#GCMRL#  448 dt   0.448000 rms  0.493  0.109% neg 0  invalid 762 tFOTS 0.0000 tGradient 0.6390 tsec 0.8980
#GCMRL#  449 dt   0.224000 rms  0.493  0.016% neg 0  invalid 762 tFOTS 0.0000 tGradient 0.6090 tsec 1.0920
#GCMRL#  450 dt   0.224000 rms  0.493  0.011% neg 0  invalid 762 tFOTS 0.0000 tGradient 0.6040 tsec 1.0280
#FOTS# QuadFit found better minimum quadopt=(dt=0.448,rms=0.492747) vs oldopt=(dt=0.32,rms=0.49276)
#GCMRL#  451 dt   0.448000 rms  0.493  0.000% neg 0  invalid 762 tFOTS 2.9580 tGradient 0.6120 tsec 3.8350
#GCMRL#  452 dt   0.448000 rms  0.493  0.010% neg 0  invalid 762 tFOTS 0.0000 tGradient 0.6090 tsec 0.8510
#GCMRL#  453 dt   0.448000 rms  0.493  0.018% neg 0  invalid 762 tFOTS 0.0000 tGradient 0.6030 tsec 0.8960
#GCMRL#  454 dt   0.224000 rms  0.493  0.007% neg 0  invalid 762 tFOTS 0.0000 tGradient 0.6270 tsec 1.1450
#GCMRL#  455 dt   0.224000 rms  0.493  0.011% neg 0  invalid 762 tFOTS 0.0000 tGradient 0.6040 tsec 0.8450
#GCMRL#  456 dt   0.224000 rms  0.492  0.015% neg 0  invalid 762 tFOTS 0.0000 tGradient 0.6070 tsec 0.8490

#GCAMreg# pass 0 level1 0 level2 1 tsec 70.927 sigma 0.5
l_jacobian=1.00 l_label=1.00 l_log_likelihood=0.20 l_smoothness=2.00 
tol=5.00e-02, dt=5.00e-02, exp_k=20.0, momentum=0.90, levels=6, niter=500, lbl_dist=10.00, avgs=0, sigma=0.5,type=2, relabel=0, neg=no

blurring input image with Gaussian with sigma=0.500...
GCAMRegisterLevel(): init RMS 0.493136
#GCMRL#  458 dt   0.320000 rms  0.491  0.530% neg 0  invalid 762 tFOTS 2.9460 tGradient 0.6090 tsec 3.8020
#GCMRL#  459 dt   0.320000 rms  0.490  0.132% neg 0  invalid 762 tFOTS 2.9260 tGradient 0.6410 tsec 3.8110
#GCMRL#  460 dt   0.320000 rms  0.490  0.000% neg 0  invalid 762 tFOTS 2.9710 tGradient 0.6060 tsec 3.9000
#GCMRL#  461 dt   0.320000 rms  0.490  0.023% neg 0  invalid 762 tFOTS 0.0000 tGradient 0.7410 tsec 0.9850
#GCMRL#  462 dt   0.320000 rms  0.489  0.030% neg 0  invalid 762 tFOTS 0.0000 tGradient 0.6080 tsec 0.8490
#GCMRL#  463 dt   0.320000 rms  0.489  0.019% neg 0  invalid 762 tFOTS 0.0000 tGradient 0.6090 tsec 0.9160
#GCMRL#  464 dt   0.320000 rms  0.489  0.005% neg 0  invalid 762 tFOTS 0.0000 tGradient 0.6400 tsec 0.9020
#FOTS# QuadFit found better minimum quadopt=(dt=0.024,rms=0.489252) vs oldopt=(dt=0.02,rms=0.489252)
#GCMRL#  465 dt   0.024000 rms  0.489  0.000% neg 0  invalid 762 tFOTS 2.8730 tGradient 0.6080 tsec 3.7430
#GCMRL#  466 dt   0.024000 rms  0.489  0.000% neg 0  invalid 762 tFOTS 0.0000 tGradient 0.6520 tsec 0.9400
#GCMRL#  467 dt   0.024000 rms  0.489  0.000% neg 0  invalid 762 tFOTS 0.0000 tGradient 0.6490 tsec 0.8920
#GCMRL#  468 dt   0.024000 rms  0.489  0.000% neg 0  invalid 762 tFOTS 0.0000 tGradient 0.6030 tsec 0.8440
GCAMregister done in 19.996 min
********************* ALLOWING NEGATIVE NODES IN DEFORMATION********************************
noneg post
Starting GCAMregister()
label assignment complete, 0 changed (0.00%)
npasses = 1, nlevels = 6
#pass# 1 of 1 ************************
enabling zero nodes
setting smoothness cost coefficient to 0.008

#GCAMreg# pass 0 level1 5 level2 0 tsec 0 sigma 2
l_jacobian=1.00 l_label=1.00 l_log_likelihood=0.20 l_smoothness=0.01 
tol=2.50e-01, dt=5.00e-02, exp_k=20.0, momentum=0.90, levels=6, niter=500, lbl_dist=10.00, avgs=256, sigma=2.0,type=2, relabel=0, neg=yes

blurring input image with Gaussian with sigma=2.000...
GCAMRegisterLevel(): init RMS 0.487598
#FOTS# QuadFit found better minimum quadopt=(dt=129.472,rms=0.486662) vs oldopt=(dt=92.48,rms=0.486684)
#GCMRL#  470 dt 129.472000 rms  0.487  0.192% neg 0  invalid 762 tFOTS 3.6390 tGradient 1.9920 tsec 5.8750
#FOTS# QuadFit found better minimum quadopt=(dt=221.952,rms=0.486505) vs oldopt=(dt=369.92,rms=0.48655)
#GCMRL#  471 dt 221.952000 rms  0.487  0.000% neg 0  invalid 762 tFOTS 3.4870 tGradient 1.9600 tsec 5.7100

#GCAMreg# pass 0 level1 5 level2 1 tsec 23.266 sigma 0.5
l_jacobian=1.00 l_label=1.00 l_log_likelihood=0.20 l_smoothness=0.01 
tol=2.50e-01, dt=5.00e-02, exp_k=20.0, momentum=0.90, levels=6, niter=500, lbl_dist=10.00, avgs=256, sigma=0.5,type=2, relabel=0, neg=yes

blurring input image with Gaussian with sigma=0.500...
GCAMRegisterLevel(): init RMS 0.487294
#FOTS# QuadFit found better minimum quadopt=(dt=129.472,rms=0.486224) vs oldopt=(dt=92.48,rms=0.486259)
#GCMRL#  473 dt 129.472000 rms  0.486  0.220% neg 0  invalid 762 tFOTS 3.5570 tGradient 1.9390 tsec 5.7400
#GCMRL#  474 dt  92.480000 rms  0.486  0.000% neg 0  invalid 762 tFOTS 3.5700 tGradient 1.9660 tsec 5.8000
#GCMRL#  475 dt  92.480000 rms  0.486  0.029% neg 0  invalid 762 tFOTS 0.0000 tGradient 2.0090 tsec 2.2540
#GCMRL#  476 dt  92.480000 rms  0.486  0.026% neg 0  invalid 762 tFOTS 0.0000 tGradient 1.9860 tsec 2.2290
#GCMRL#  477 dt  92.480000 rms  0.486  0.041% neg 0  invalid 762 tFOTS 0.0000 tGradient 1.9330 tsec 2.1770
setting smoothness cost coefficient to 0.031

#GCAMreg# pass 0 level1 4 level2 0 tsec 0 sigma 2
l_jacobian=1.00 l_label=1.00 l_log_likelihood=0.20 l_smoothness=0.03 
tol=2.50e-01, dt=5.00e-02, exp_k=20.0, momentum=0.90, levels=6, niter=500, lbl_dist=10.00, avgs=64, sigma=2.0,type=2, relabel=0, neg=yes

blurring input image with Gaussian with sigma=2.000...
GCAMRegisterLevel(): init RMS 0.486303
#FOTS# QuadFit found better minimum quadopt=(dt=88.0602,rms=0.484398) vs oldopt=(dt=103.68,rms=0.484438)
#GCMRL#  479 dt  88.060150 rms  0.484  0.392% neg 0  invalid 762 tFOTS 3.7470 tGradient 1.5050 tsec 5.4980
#FOTS# QuadFit found better minimum quadopt=(dt=75.6364,rms=0.483547) vs oldopt=(dt=103.68,rms=0.483665)
#GCMRL#  480 dt  75.636364 rms  0.484  0.000% neg 0  invalid 762 tFOTS 3.8720 tGradient 1.4920 tsec 5.6290

#GCAMreg# pass 0 level1 4 level2 1 tsec 22.346 sigma 0.5
l_jacobian=1.00 l_label=1.00 l_log_likelihood=0.20 l_smoothness=0.03 
tol=2.50e-01, dt=5.00e-02, exp_k=20.0, momentum=0.90, levels=6, niter=500, lbl_dist=10.00, avgs=64, sigma=0.5,type=2, relabel=0, neg=yes

blurring input image with Gaussian with sigma=0.500...
GCAMRegisterLevel(): init RMS 0.484533
#FOTS# QuadFit found better minimum quadopt=(dt=36.288,rms=0.482562) vs oldopt=(dt=25.92,rms=0.482752)
#GCMRL#  482 dt  36.288000 rms  0.483  0.407% neg 0  invalid 762 tFOTS 3.7140 tGradient 1.5340 tsec 5.4990
#GCMRL#  483 dt 103.680000 rms  0.482  0.000% neg 0  invalid 762 tFOTS 3.5070 tGradient 1.5270 tsec 5.3260
setting smoothness cost coefficient to 0.118

#GCAMreg# pass 0 level1 3 level2 0 tsec 0 sigma 2
l_jacobian=1.00 l_label=1.00 l_log_likelihood=0.20 l_smoothness=0.12 
tol=2.50e-01, dt=5.00e-02, exp_k=20.0, momentum=0.90, levels=6, niter=500, lbl_dist=10.00, avgs=16, sigma=2.0,type=2, relabel=0, neg=yes

blurring input image with Gaussian with sigma=2.000...
GCAMRegisterLevel(): init RMS 0.482945
#FOTS# QuadFit found better minimum quadopt=(dt=47.6541,rms=0.47568) vs oldopt=(dt=32,rms=0.476233)
#GCMRL#  485 dt  47.654054 rms  0.476  1.504% neg 0  invalid 762 tFOTS 3.9060 tGradient 1.3370 tsec 5.4930
#FOTS# QuadFit found better minimum quadopt=(dt=29.8045,rms=0.471958) vs oldopt=(dt=32,rms=0.472003)
#GCMRL#  486 dt  29.804460 rms  0.472  0.783% neg 0  invalid 762 tFOTS 3.7730 tGradient 1.2930 tsec 5.3480
#FOTS# QuadFit found better minimum quadopt=(dt=25.6,rms=0.46994) vs oldopt=(dt=32,rms=0.470044)
iter 0, gcam->neg = 1
after 4 iterations, nbhd size=0, neg = 0
#GCMRL#  487 dt  25.600000 rms  0.470  0.424% neg 0  invalid 762 tFOTS 3.7950 tGradient 1.3040 tsec 7.2900
#GCMRL#  488 dt  32.000000 rms  0.469  0.306% neg 0  invalid 762 tFOTS 3.8290 tGradient 1.2580 tsec 5.3300
#FOTS# QuadFit found better minimum quadopt=(dt=23.7771,rms=0.46725) vs oldopt=(dt=32,rms=0.467472)
#GCMRL#  489 dt  23.777090 rms  0.467  0.271% neg 0  invalid 762 tFOTS 3.6390 tGradient 1.2590 tsec 5.1360
#FOTS# QuadFit found better minimum quadopt=(dt=25.6,rms=0.466198) vs oldopt=(dt=32,rms=0.4662)
iter 0, gcam->neg = 1
after 2 iterations, nbhd size=0, neg = 0
#GCMRL#  490 dt  25.600000 rms  0.466  0.000% neg 0  invalid 762 tFOTS 3.5550 tGradient 1.2430 tsec 6.3600
iter 0, gcam->neg = 3
after 3 iterations, nbhd size=0, neg = 0
#GCMRL#  491 dt  25.600000 rms  0.465  0.170% neg 0  invalid 762 tFOTS 0.0000 tGradient 1.2640 tsec 3.2410
iter 0, gcam->neg = 2
after 0 iterations, nbhd size=0, neg = 0
#GCMRL#  492 dt  25.600000 rms  0.464  0.305% neg 0  invalid 762 tFOTS 0.0000 tGradient 1.3050 tsec 2.2180
iter 0, gcam->neg = 2
after 1 iterations, nbhd size=0, neg = 0
#GCMRL#  493 dt  25.600000 rms  0.463  0.306% neg 0  invalid 762 tFOTS 0.0000 tGradient 1.3070 tsec 2.5370
iter 0, gcam->neg = 5
after 5 iterations, nbhd size=0, neg = 0
#GCMRL#  494 dt  25.600000 rms  0.461  0.392% neg 0  invalid 762 tFOTS 0.0000 tGradient 1.2490 tsec 3.8990
iter 0, gcam->neg = 8
after 15 iterations, nbhd size=1, neg = 0
#GCMRL#  495 dt  25.600000 rms  0.459  0.298% neg 0  invalid 762 tFOTS 0.0000 tGradient 1.2640 tsec 6.9220
iter 0, gcam->neg = 6
after 10 iterations, nbhd size=1, neg = 0
#GCMRL#  496 dt  25.600000 rms  0.458  0.287% neg 0  invalid 762 tFOTS 0.0000 tGradient 1.2650 tsec 5.3460
iter 0, gcam->neg = 11
after 15 iterations, nbhd size=1, neg = 0
#GCMRL#  497 dt  25.600000 rms  0.457  0.169% neg 0  invalid 762 tFOTS 0.0000 tGradient 1.4170 tsec 7.2160
iter 0, gcam->neg = 11
after 10 iterations, nbhd size=1, neg = 0
#GCMRL#  498 dt  25.600000 rms  0.456  0.244% neg 0  invalid 762 tFOTS 0.0000 tGradient 1.2640 tsec 5.3720
iter 0, gcam->neg = 6
after 8 iterations, nbhd size=0, neg = 0
#GCMRL#  499 dt  25.600000 rms  0.455  0.209% neg 0  invalid 762 tFOTS 0.0000 tGradient 1.3020 tsec 4.7660
iter 0, gcam->neg = 21
after 7 iterations, nbhd size=0, neg = 0
#GCMRL#  500 dt  25.600000 rms  0.454  0.172% neg 0  invalid 762 tFOTS 0.0000 tGradient 1.2560 tsec 4.4400
iter 0, gcam->neg = 16
after 13 iterations, nbhd size=1, neg = 0
#GCMRL#  501 dt  25.600000 rms  0.454  0.093% neg 0  invalid 762 tFOTS 0.0000 tGradient 1.2490 tsec 6.3290
iter 0, gcam->neg = 10
after 5 iterations, nbhd size=0, neg = 0
#GCMRL#  502 dt  25.600000 rms  0.453  0.198% neg 0  invalid 762 tFOTS 0.0000 tGradient 1.2260 tsec 3.7290
iter 0, gcam->neg = 15
after 11 iterations, nbhd size=1, neg = 0
#GCMRL#  503 dt  25.600000 rms  0.452  0.150% neg 0  invalid 762 tFOTS 0.0000 tGradient 1.2430 tsec 5.6940
iter 0, gcam->neg = 14
after 3 iterations, nbhd size=0, neg = 0
#GCMRL#  504 dt  25.600000 rms  0.452  0.111% neg 0  invalid 762 tFOTS 0.0000 tGradient 1.3180 tsec 3.2030
iter 0, gcam->neg = 15
after 8 iterations, nbhd size=0, neg = 0
#GCMRL#  505 dt  25.600000 rms  0.452  0.013% neg 0  invalid 762 tFOTS 0.0000 tGradient 1.2630 tsec 4.7250
#FOTS# QuadFit found better minimum quadopt=(dt=22.6087,rms=0.45125) vs oldopt=(dt=32,rms=0.451435)
iter 0, gcam->neg = 1
after 2 iterations, nbhd size=0, neg = 0
#GCMRL#  506 dt  22.608696 rms  0.451  0.138% neg 0  invalid 762 tFOTS 3.8230 tGradient 1.3300 tsec 6.7070
#FOTS# QuadFit found better minimum quadopt=(dt=6.4,rms=0.45115) vs oldopt=(dt=8,rms=0.451154)
#GCMRL#  507 dt   6.400000 rms  0.451  0.000% neg 0  invalid 762 tFOTS 3.7440 tGradient 1.2530 tsec 5.2760
#GCMRL#  508 dt   6.400000 rms  0.451  0.004% neg 0  invalid 762 tFOTS 0.0000 tGradient 1.2960 tsec 1.5380

#GCAMreg# pass 0 level1 3 level2 1 tsec 129.076 sigma 0.5
l_jacobian=1.00 l_label=1.00 l_log_likelihood=0.20 l_smoothness=0.12 
tol=2.50e-01, dt=5.00e-02, exp_k=20.0, momentum=0.90, levels=6, niter=500, lbl_dist=10.00, avgs=16, sigma=0.5,type=2, relabel=0, neg=yes

blurring input image with Gaussian with sigma=0.500...
GCAMRegisterLevel(): init RMS 0.451982
#FOTS# QuadFit found better minimum quadopt=(dt=44.8,rms=0.449483) vs oldopt=(dt=32,rms=0.449649)
#GCMRL#  510 dt  44.800000 rms  0.449  0.553% neg 0  invalid 762 tFOTS 3.6200 tGradient 1.2840 tsec 5.1500
#FOTS# QuadFit found better minimum quadopt=(dt=24.2759,rms=0.44882) vs oldopt=(dt=32,rms=0.448944)
#GCMRL#  511 dt  24.275862 rms  0.449  0.000% neg 0  invalid 762 tFOTS 3.6520 tGradient 1.2500 tsec 5.1630
#GCMRL#  512 dt  24.275862 rms  0.449  0.043% neg 0  invalid 762 tFOTS 0.0000 tGradient 1.2500 tsec 1.5330
#GCMRL#  513 dt  24.275862 rms  0.448  0.128% neg 0  invalid 762 tFOTS 0.0000 tGradient 1.4640 tsec 1.7080
iter 0, gcam->neg = 1
after 2 iterations, nbhd size=0, neg = 0
#GCMRL#  514 dt  24.275862 rms  0.448  0.123% neg 0  invalid 762 tFOTS 0.0000 tGradient 1.3160 tsec 2.8570
iter 0, gcam->neg = 2
after 2 iterations, nbhd size=0, neg = 0
#GCMRL#  515 dt  24.275862 rms  0.447  0.055% neg 0  invalid 762 tFOTS 0.0000 tGradient 1.2610 tsec 2.8220
#FOTS# QuadFit found better minimum quadopt=(dt=11.2,rms=0.447072) vs oldopt=(dt=8,rms=0.447111)
#GCMRL#  516 dt  11.200000 rms  0.447  0.000% neg 0  invalid 762 tFOTS 3.7890 tGradient 1.3240 tsec 5.3780
#GCMRL#  517 dt  11.200000 rms  0.447  0.009% neg 0  invalid 762 tFOTS 0.0000 tGradient 1.3390 tsec 1.5810
iter 0, gcam->neg = 2
after 1 iterations, nbhd size=0, neg = 0
#GCMRL#  518 dt  11.200000 rms  0.447  0.020% neg 0  invalid 762 tFOTS 0.0000 tGradient 1.2480 tsec 2.4960
#GCMRL#  519 dt  11.200000 rms  0.447  0.019% neg 0  invalid 762 tFOTS 0.0000 tGradient 1.2780 tsec 1.5170
#GCMRL#  520 dt  11.200000 rms  0.447  0.020% neg 0  invalid 762 tFOTS 0.0000 tGradient 1.3090 tsec 1.5460
setting smoothness cost coefficient to 0.400

#GCAMreg# pass 0 level1 2 level2 0 tsec 0 sigma 2
l_jacobian=1.00 l_label=1.00 l_log_likelihood=0.20 l_smoothness=0.40 
tol=2.50e-01, dt=5.00e-02, exp_k=20.0, momentum=0.90, levels=6, niter=500, lbl_dist=10.00, avgs=4, sigma=2.0,type=2, relabel=0, neg=yes

blurring input image with Gaussian with sigma=2.000...
GCAMRegisterLevel(): init RMS 0.455367
#FOTS# QuadFit found better minimum quadopt=(dt=0.054,rms=0.454538) vs oldopt=(dt=0.045,rms=0.454538)
#GCMRL#  522 dt   0.054000 rms  0.455  0.182% neg 0  invalid 762 tFOTS 3.8960 tGradient 1.2790 tsec 5.4590
#FOTS# QuadFit found better minimum quadopt=(dt=0.01575,rms=0.454538) vs oldopt=(dt=0.01125,rms=0.454538)
#GCMRL#  523 dt   0.015750 rms  0.455  0.000% neg 0  invalid 762 tFOTS 3.8730 tGradient 1.1580 tsec 5.2990
#GCMRL#  524 dt   0.015750 rms  0.455  0.000% neg 0  invalid 762 tFOTS 0.0000 tGradient 1.1640 tsec 1.4090

#GCAMreg# pass 0 level1 2 level2 1 tsec 23.032 sigma 0.5
l_jacobian=1.00 l_label=1.00 l_log_likelihood=0.20 l_smoothness=0.40 
tol=2.50e-01, dt=5.00e-02, exp_k=20.0, momentum=0.90, levels=6, niter=500, lbl_dist=10.00, avgs=4, sigma=0.5,type=2, relabel=0, neg=yes

blurring input image with Gaussian with sigma=0.500...
GCAMRegisterLevel(): init RMS 0.455367
#FOTS# QuadFit found better minimum quadopt=(dt=2,rms=0.45446) vs oldopt=(dt=2.88,rms=0.454483)
#GCMRL#  526 dt   2.000000 rms  0.454  0.199% neg 0  invalid 762 tFOTS 3.5800 tGradient 1.2080 tsec 5.0660
#FOTS# QuadFit found better minimum quadopt=(dt=0.864,rms=0.454436) vs oldopt=(dt=0.72,rms=0.454436)
#GCMRL#  527 dt   0.864000 rms  0.454  0.000% neg 0  invalid 762 tFOTS 3.7110 tGradient 1.1960 tsec 5.1700
setting smoothness cost coefficient to 1.000

#GCAMreg# pass 0 level1 1 level2 0 tsec 0 sigma 2
l_jacobian=1.00 l_label=1.00 l_log_likelihood=0.20 l_smoothness=1.00 
tol=2.50e-01, dt=5.00e-02, exp_k=20.0, momentum=0.90, levels=6, niter=500, lbl_dist=10.00, avgs=1, sigma=2.0,type=2, relabel=0, neg=yes

blurring input image with Gaussian with sigma=2.000...
GCAMRegisterLevel(): init RMS 0.469596
iter 0, gcam->neg = 1
after 0 iterations, nbhd size=0, neg = 0
#GCMRL#  529 dt   1.280000 rms  0.467  0.525% neg 0  invalid 762 tFOTS 4.0230 tGradient 1.0540 tsec 5.9990
#FOTS# QuadFit found better minimum quadopt=(dt=0.448,rms=0.466985) vs oldopt=(dt=0.32,rms=0.467009)
#GCMRL#  530 dt   0.448000 rms  0.467  0.000% neg 0  invalid 762 tFOTS 3.7960 tGradient 1.0570 tsec 5.1190
#GCMRL#  531 dt   0.448000 rms  0.467  0.005% neg 0  invalid 762 tFOTS 0.0000 tGradient 1.1030 tsec 1.3490

#GCAMreg# pass 0 level1 1 level2 1 tsec 23.227 sigma 0.5
l_jacobian=1.00 l_label=1.00 l_log_likelihood=0.20 l_smoothness=1.00 
tol=2.50e-01, dt=5.00e-02, exp_k=20.0, momentum=0.90, levels=6, niter=500, lbl_dist=10.00, avgs=1, sigma=0.5,type=2, relabel=0, neg=yes

blurring input image with Gaussian with sigma=0.500...
GCAMRegisterLevel(): init RMS 0.467771
#FOTS# QuadFit found better minimum quadopt=(dt=1.024,rms=0.466558) vs oldopt=(dt=1.28,rms=0.466563)
#GCMRL#  533 dt   1.024000 rms  0.467  0.259% neg 0  invalid 762 tFOTS 3.8420 tGradient 1.0920 tsec 5.1830
#FOTS# QuadFit found better minimum quadopt=(dt=0.448,rms=0.466517) vs oldopt=(dt=0.32,rms=0.466523)
#GCMRL#  534 dt   0.448000 rms  0.467  0.000% neg 0  invalid 762 tFOTS 4.1050 tGradient 1.1180 tsec 5.4920
resetting metric properties...
setting smoothness cost coefficient to 2.000

#GCAMreg# pass 0 level1 0 level2 0 tsec 0 sigma 2
l_jacobian=1.00 l_label=1.00 l_log_likelihood=0.20 l_smoothness=2.00 
tol=2.50e-01, dt=5.00e-02, exp_k=20.0, momentum=0.90, levels=6, niter=500, lbl_dist=10.00, avgs=0, sigma=2.0,type=2, relabel=0, neg=yes

blurring input image with Gaussian with sigma=2.000...
GCAMRegisterLevel(): init RMS 0.455436
#FOTS# QuadFit found better minimum quadopt=(dt=2.27748,rms=0.421867) vs oldopt=(dt=1.28,rms=0.428275)
iter 0, gcam->neg = 927
after 19 iterations, nbhd size=1, neg = 0
#GCMRL#  536 dt   2.277484 rms  0.425  6.623% neg 0  invalid 762 tFOTS 3.6790 tGradient 0.7550 tsec 11.4320
#FOTS# QuadFit found better minimum quadopt=(dt=0.096,rms=0.424949) vs oldopt=(dt=0.08,rms=0.424957)
#GCMRL#  537 dt   0.096000 rms  0.425  0.000% neg 0  invalid 762 tFOTS 3.6860 tGradient 0.6550 tsec 4.6030

#GCAMreg# pass 0 level1 0 level2 1 tsec 26.277 sigma 0.5
l_jacobian=1.00 l_label=1.00 l_log_likelihood=0.20 l_smoothness=2.00 
tol=2.50e-01, dt=5.00e-02, exp_k=20.0, momentum=0.90, levels=6, niter=500, lbl_dist=10.00, avgs=0, sigma=0.5,type=2, relabel=0, neg=yes

blurring input image with Gaussian with sigma=0.500...
GCAMRegisterLevel(): init RMS 0.42589
#FOTS# QuadFit found better minimum quadopt=(dt=0.028,rms=0.424884) vs oldopt=(dt=0.02,rms=0.424893)
#GCMRL#  539 dt   0.028000 rms  0.425  0.236% neg 0  invalid 762 tFOTS 3.8900 tGradient 0.6410 tsec 4.7820
#FOTS# QuadFit found better minimum quadopt=(dt=0.016,rms=0.424873) vs oldopt=(dt=0.02,rms=0.424874)
#GCMRL#  540 dt   0.016000 rms  0.425  0.000% neg 0  invalid 762 tFOTS 3.9010 tGradient 0.6440 tsec 4.8060
label assignment complete, 0 changed (0.00%)
GCAMregister done in 5.92002 min
Starting GCAMcomputeMaxPriorLabels()
Morphing with label term set to 0 *******************************
Starting GCAMregister()
label assignment complete, 0 changed (0.00%)
npasses = 1, nlevels = 6
#pass# 1 of 1 ************************
enabling zero nodes
setting smoothness cost coefficient to 0.008

#GCAMreg# pass 0 level1 5 level2 0 tsec 0 sigma 2
l_jacobian=1.00 l_log_likelihood=0.20 l_smoothness=0.01 
tol=2.50e-01, dt=5.00e-02, exp_k=20.0, momentum=0.90, levels=6, niter=500, lbl_dist=10.00, avgs=256, sigma=2.0,type=2, relabel=0, neg=yes

blurring input image with Gaussian with sigma=2.000...
GCAMRegisterLevel(): init RMS 0.409569

#GCAMreg# pass 0 level1 5 level2 1 tsec 14.108 sigma 0.5
l_jacobian=1.00 l_log_likelihood=0.20 l_smoothness=0.01 
tol=2.50e-01, dt=5.00e-02, exp_k=20.0, momentum=0.90, levels=6, niter=500, lbl_dist=10.00, avgs=256, sigma=0.5,type=2, relabel=0, neg=yes

blurring input image with Gaussian with sigma=0.500...
GCAMRegisterLevel(): init RMS 0.409569
#FOTS# QuadFit found better minimum quadopt=(dt=55.488,rms=0.409535) vs oldopt=(dt=92.48,rms=0.409544)
#GCMRL#  543 dt  55.488000 rms  0.410  0.008% neg 0  invalid 762 tFOTS 3.4940 tGradient 1.3990 tsec 5.1230
#FOTS# QuadFit found better minimum quadopt=(dt=55.488,rms=0.40953) vs oldopt=(dt=92.48,rms=0.409532)
#GCMRL#  544 dt  55.488000 rms  0.410  0.000% neg 0  invalid 762 tFOTS 3.2580 tGradient 1.3650 tsec 4.8700
#GCMRL#  545 dt  55.488000 rms  0.410  0.001% neg 0  invalid 762 tFOTS 0.0000 tGradient 1.4720 tsec 1.6960
#GCMRL#  546 dt  55.488000 rms  0.410  0.002% neg 0  invalid 762 tFOTS 0.0000 tGradient 1.3560 tsec 1.6360
#GCMRL#  547 dt  55.488000 rms  0.410  0.001% neg 0  invalid 762 tFOTS 0.0000 tGradient 1.4390 tsec 1.7280
#GCMRL#  548 dt  55.488000 rms  0.410  0.002% neg 0  invalid 762 tFOTS 0.0000 tGradient 1.4050 tsec 1.6280
#GCMRL#  549 dt  55.488000 rms  0.409  0.003% neg 0  invalid 762 tFOTS 0.0000 tGradient 1.3510 tsec 1.5740
#GCMRL#  550 dt  55.488000 rms  0.409  0.004% neg 0  invalid 762 tFOTS 0.0000 tGradient 1.3620 tsec 1.5870
setting smoothness cost coefficient to 0.031

#GCAMreg# pass 0 level1 4 level2 0 tsec 0 sigma 2
l_jacobian=1.00 l_log_likelihood=0.20 l_smoothness=0.03 
tol=2.50e-01, dt=5.00e-02, exp_k=20.0, momentum=0.90, levels=6, niter=500, lbl_dist=10.00, avgs=64, sigma=2.0,type=2, relabel=0, neg=yes

blurring input image with Gaussian with sigma=2.000...
GCAMRegisterLevel(): init RMS 0.409653
#GCMRL#  552 dt   0.006328 rms  0.410  0.000% neg 0  invalid 762 tFOTS 3.4920 tGradient 1.0400 tsec 4.8270
#FOTS# QuadFit found better minimum quadopt=(dt=0.0050625,rms=0.409653) vs oldopt=(dt=0.00632812,rms=0.409653)
#GCMRL#  553 dt   0.005062 rms  0.410  0.000% neg 0  invalid 762 tFOTS 3.5060 tGradient 1.0390 tsec 4.7840

#GCAMreg# pass 0 level1 4 level2 1 tsec 23.812 sigma 0.5
l_jacobian=1.00 l_log_likelihood=0.20 l_smoothness=0.03 
tol=2.50e-01, dt=5.00e-02, exp_k=20.0, momentum=0.90, levels=6, niter=500, lbl_dist=10.00, avgs=64, sigma=0.5,type=2, relabel=0, neg=yes

blurring input image with Gaussian with sigma=0.500...
GCAMRegisterLevel(): init RMS 0.409653
#FOTS# QuadFit found better minimum quadopt=(dt=145.152,rms=0.40914) vs oldopt=(dt=103.68,rms=0.409235)
#GCMRL#  555 dt 145.152000 rms  0.409  0.125% neg 0  invalid 762 tFOTS 3.2640 tGradient 1.0380 tsec 4.5330
#FOTS# QuadFit found better minimum quadopt=(dt=145.152,rms=0.40891) vs oldopt=(dt=103.68,rms=0.408932)
#GCMRL#  556 dt 145.152000 rms  0.409  0.000% neg 0  invalid 762 tFOTS 3.2360 tGradient 1.0330 tsec 4.5130
setting smoothness cost coefficient to 0.118

#GCAMreg# pass 0 level1 3 level2 0 tsec 0 sigma 2
l_jacobian=1.00 l_log_likelihood=0.20 l_smoothness=0.12 
tol=2.50e-01, dt=5.00e-02, exp_k=20.0, momentum=0.90, levels=6, niter=500, lbl_dist=10.00, avgs=16, sigma=2.0,type=2, relabel=0, neg=yes

blurring input image with Gaussian with sigma=2.000...
GCAMRegisterLevel(): init RMS 0.409645
#GCMRL#  558 dt  32.000000 rms  0.409  0.218% neg 0  invalid 762 tFOTS 3.3270 tGradient 0.8650 tsec 4.4120
#FOTS# QuadFit found better minimum quadopt=(dt=44.8,rms=0.40785) vs oldopt=(dt=32,rms=0.407996)
iter 0, gcam->neg = 3
after 0 iterations, nbhd size=0, neg = 0
#GCMRL#  559 dt  44.800000 rms  0.408  0.221% neg 0  invalid 762 tFOTS 3.4100 tGradient 0.8990 tsec 5.2170
#FOTS# QuadFit found better minimum quadopt=(dt=38.4,rms=0.407328) vs oldopt=(dt=32,rms=0.407354)
iter 0, gcam->neg = 5
after 10 iterations, nbhd size=1, neg = 0
#GCMRL#  560 dt  38.400000 rms  0.407  0.000% neg 0  invalid 762 tFOTS 3.4580 tGradient 0.9010 tsec 8.4530
iter 0, gcam->neg = 10
after 8 iterations, nbhd size=1, neg = 0
#GCMRL#  561 dt  38.400000 rms  0.407  0.078% neg 0  invalid 762 tFOTS 0.0000 tGradient 0.8760 tsec 4.3720
iter 0, gcam->neg = 16
after 14 iterations, nbhd size=1, neg = 0
#GCMRL#  562 dt  38.400000 rms  0.407  0.120% neg 0  invalid 762 tFOTS 0.0000 tGradient 0.8750 tsec 6.2120
iter 0, gcam->neg = 37
after 14 iterations, nbhd size=1, neg = 0
#GCMRL#  563 dt  38.400000 rms  0.407  0.026% neg 0  invalid 762 tFOTS 0.0000 tGradient 0.8840 tsec 6.2190
iter 0, gcam->neg = 41
after 14 iterations, nbhd size=1, neg = 0
#GCMRL#  564 dt  38.400000 rms  0.406  0.034% neg 0  invalid 762 tFOTS 0.0000 tGradient 0.9160 tsec 6.2880
iter 0, gcam->neg = 36
after 15 iterations, nbhd size=1, neg = 0

#GCAMreg# pass 0 level1 3 level2 1 tsec 57.087 sigma 0.5
l_jacobian=1.00 l_log_likelihood=0.20 l_smoothness=0.12 
tol=2.50e-01, dt=5.00e-02, exp_k=20.0, momentum=0.90, levels=6, niter=500, lbl_dist=10.00, avgs=16, sigma=0.5,type=2, relabel=0, neg=yes

blurring input image with Gaussian with sigma=0.500...
GCAMRegisterLevel(): init RMS 0.406405
#FOTS# QuadFit found better minimum quadopt=(dt=44.8,rms=0.403878) vs oldopt=(dt=32,rms=0.404193)
iter 0, gcam->neg = 2
after 0 iterations, nbhd size=0, neg = 0
#GCMRL#  566 dt  44.800000 rms  0.404  0.622% neg 0  invalid 762 tFOTS 3.7740 tGradient 0.9380 tsec 5.6640
#FOTS# QuadFit found better minimum quadopt=(dt=25.6,rms=0.403124) vs oldopt=(dt=32,rms=0.403164)
#GCMRL#  567 dt  25.600000 rms  0.403  0.000% neg 0  invalid 762 tFOTS 3.5720 tGradient 0.9420 tsec 4.7660
#GCMRL#  568 dt  25.600000 rms  0.403  0.129% neg 0  invalid 762 tFOTS 0.0000 tGradient 0.9140 tsec 1.1430
iter 0, gcam->neg = 1
after 0 iterations, nbhd size=0, neg = 0
#GCMRL#  569 dt  25.600000 rms  0.402  0.141% neg 0  invalid 762 tFOTS 0.0000 tGradient 0.8800 tsec 1.7830
#GCMRL#  570 dt  25.600000 rms  0.401  0.159% neg 0  invalid 762 tFOTS 0.0000 tGradient 0.8760 tsec 1.1030
iter 0, gcam->neg = 2
after 1 iterations, nbhd size=0, neg = 0
#GCMRL#  571 dt  25.600000 rms  0.401  0.103% neg 0  invalid 762 tFOTS 0.0000 tGradient 0.8980 tsec 2.1160
iter 0, gcam->neg = 4
after 9 iterations, nbhd size=1, neg = 0
#GCMRL#  572 dt  25.600000 rms  0.400  0.125% neg 0  invalid 762 tFOTS 0.0000 tGradient 0.8840 tsec 4.6350
iter 0, gcam->neg = 4
after 10 iterations, nbhd size=1, neg = 0
#GCMRL#  573 dt  25.600000 rms  0.400  0.086% neg 0  invalid 762 tFOTS 0.0000 tGradient 0.8730 tsec 4.9620
#FOTS# QuadFit found better minimum quadopt=(dt=25.6,rms=0.400031) vs oldopt=(dt=32,rms=0.400044)
#GCMRL#  574 dt  25.600000 rms  0.400  0.000% neg 0  invalid 762 tFOTS 3.4180 tGradient 1.1390 tsec 4.8100
iter 0, gcam->neg = 1
after 2 iterations, nbhd size=0, neg = 0
#GCMRL#  575 dt  25.600000 rms  0.400  0.036% neg 0  invalid 762 tFOTS 0.0000 tGradient 0.9840 tsec 2.5210
iter 0, gcam->neg = 1
after 0 iterations, nbhd size=0, neg = 0
#GCMRL#  576 dt  25.600000 rms  0.400  0.030% neg 0  invalid 762 tFOTS 0.0000 tGradient 0.8720 tsec 1.7700
iter 0, gcam->neg = 2
after 1 iterations, nbhd size=0, neg = 0
setting smoothness cost coefficient to 0.400

#GCAMreg# pass 0 level1 2 level2 0 tsec 0 sigma 2
l_jacobian=1.00 l_log_likelihood=0.20 l_smoothness=0.40 
tol=2.50e-01, dt=5.00e-02, exp_k=20.0, momentum=0.90, levels=6, niter=500, lbl_dist=10.00, avgs=4, sigma=2.0,type=2, relabel=0, neg=yes

blurring input image with Gaussian with sigma=2.000...
GCAMRegisterLevel(): init RMS 0.404082
#FOTS# QuadFit found better minimum quadopt=(dt=0.576,rms=0.404078) vs oldopt=(dt=0.72,rms=0.404078)
iter 0, gcam->neg = 1
after 0 iterations, nbhd size=0, neg = 0
#GCMRL#  578 dt   0.576000 rms  0.404  0.001% neg 0  invalid 762 tFOTS 3.5250 tGradient 0.7860 tsec 5.2200
#FOTS# QuadFit found better minimum quadopt=(dt=0.291667,rms=0.404077) vs oldopt=(dt=0.18,rms=0.404077)
#GCMRL#  579 dt   0.291667 rms  0.404  0.000% neg 0  invalid 762 tFOTS 3.4330 tGradient 0.7780 tsec 4.4580

#GCAMreg# pass 0 level1 2 level2 1 tsec 20.086 sigma 0.5
l_jacobian=1.00 l_log_likelihood=0.20 l_smoothness=0.40 
tol=2.50e-01, dt=5.00e-02, exp_k=20.0, momentum=0.90, levels=6, niter=500, lbl_dist=10.00, avgs=4, sigma=0.5,type=2, relabel=0, neg=yes

blurring input image with Gaussian with sigma=0.500...
GCAMRegisterLevel(): init RMS 0.404077
#FOTS# QuadFit found better minimum quadopt=(dt=6.33333,rms=0.403842) vs oldopt=(dt=2.88,rms=0.403918)
iter 0, gcam->neg = 2
after 7 iterations, nbhd size=1, neg = 0
#GCMRL#  581 dt   6.333333 rms  0.404  0.050% neg 0  invalid 762 tFOTS 3.4970 tGradient 0.7790 tsec 7.3880
#FOTS# QuadFit found better minimum quadopt=(dt=10.4615,rms=0.403647) vs oldopt=(dt=11.52,rms=0.403651)
iter 0, gcam->neg = 3
after 10 iterations, nbhd size=1, neg = 0
#GCMRL#  582 dt  10.461538 rms  0.404  0.000% neg 0  invalid 762 tFOTS 3.6510 tGradient 0.7740 tsec 8.4830
iter 0, gcam->neg = 22
after 13 iterations, nbhd size=1, neg = 0
#GCMRL#  583 dt  10.461538 rms  0.403  0.069% neg 0  invalid 762 tFOTS 0.0000 tGradient 0.7760 tsec 5.7710
iter 0, gcam->neg = 8
after 15 iterations, nbhd size=1, neg = 0
#GCMRL#  584 dt  10.461538 rms  0.403  0.140% neg 0  invalid 762 tFOTS 0.0000 tGradient 0.7780 tsec 6.3990
iter 0, gcam->neg = 20
after 14 iterations, nbhd size=1, neg = 0
#GCMRL#  585 dt  10.461538 rms  0.402  0.095% neg 0  invalid 762 tFOTS 0.0000 tGradient 0.7760 tsec 6.0670
iter 0, gcam->neg = 24
after 18 iterations, nbhd size=1, neg = 0
#GCMRL#  586 dt  10.461538 rms  0.402  0.051% neg 0  invalid 762 tFOTS 0.0000 tGradient 0.7740 tsec 7.3310
#FOTS# QuadFit found better minimum quadopt=(dt=20.9524,rms=0.401288) vs oldopt=(dt=11.52,rms=0.401488)
iter 0, gcam->neg = 112
after 15 iterations, nbhd size=1, neg = 0
#GCMRL#  587 dt  20.952381 rms  0.402  0.187% neg 0  invalid 762 tFOTS 3.3080 tGradient 0.7770 tsec 9.6910
#GCMRL#  588 dt   2.880000 rms  0.401  0.000% neg 0  invalid 762 tFOTS 3.3100 tGradient 0.7810 tsec 4.3350
iter 0, gcam->neg = 1
after 0 iterations, nbhd size=0, neg = 0
#GCMRL#  589 dt   2.880000 rms  0.401  0.020% neg 0  invalid 762 tFOTS 0.0000 tGradient 0.7750 tsec 1.6650
iter 0, gcam->neg = 3
after 1 iterations, nbhd size=0, neg = 0
#GCMRL#  590 dt   2.880000 rms  0.401  0.029% neg 0  invalid 762 tFOTS 0.0000 tGradient 0.7750 tsec 1.9800
iter 0, gcam->neg = 5
after 5 iterations, nbhd size=0, neg = 0
#GCMRL#  591 dt   2.880000 rms  0.401  0.021% neg 0  invalid 762 tFOTS 0.0000 tGradient 0.7760 tsec 3.2350
iter 0, gcam->neg = 9
after 7 iterations, nbhd size=0, neg = 0
setting smoothness cost coefficient to 1.000

#GCAMreg# pass 0 level1 1 level2 0 tsec 0 sigma 2
l_jacobian=1.00 l_log_likelihood=0.20 l_smoothness=1.00 
tol=2.50e-01, dt=5.00e-02, exp_k=20.0, momentum=0.90, levels=6, niter=500, lbl_dist=10.00, avgs=1, sigma=2.0,type=2, relabel=0, neg=yes

blurring input image with Gaussian with sigma=2.000...
GCAMRegisterLevel(): init RMS 0.407999
#GCMRL#  593 dt   0.000050 rms  0.408  0.000% neg 0  invalid 762 tFOTS 4.2740 tGradient 0.6770 tsec 5.1890

#GCAMreg# pass 0 level1 1 level2 1 tsec 18.752 sigma 0.5
l_jacobian=1.00 l_log_likelihood=0.20 l_smoothness=1.00 
tol=2.50e-01, dt=5.00e-02, exp_k=20.0, momentum=0.90, levels=6, niter=500, lbl_dist=10.00, avgs=1, sigma=0.5,type=2, relabel=0, neg=yes

blurring input image with Gaussian with sigma=0.500...
GCAMRegisterLevel(): init RMS 0.407999
resetting metric properties...
setting smoothness cost coefficient to 2.000

#GCAMreg# pass 0 level1 0 level2 0 tsec 0 sigma 2
l_jacobian=1.00 l_log_likelihood=0.20 l_smoothness=2.00 
tol=2.50e-01, dt=5.00e-02, exp_k=20.0, momentum=0.90, levels=6, niter=500, lbl_dist=10.00, avgs=0, sigma=2.0,type=2, relabel=0, neg=yes

blurring input image with Gaussian with sigma=2.000...
GCAMRegisterLevel(): init RMS 0.396587
#FOTS# QuadFit found better minimum quadopt=(dt=1.19362,rms=0.385995) vs oldopt=(dt=1.28,rms=0.386028)
iter 0, gcam->neg = 842
after 16 iterations, nbhd size=1, neg = 0
#GCMRL#  596 dt   1.193622 rms  0.389  1.823% neg 0  invalid 762 tFOTS 3.4570 tGradient 0.3090 tsec 9.7770
#FOTS# QuadFit found better minimum quadopt=(dt=2.34375e-05,rms=0.389359) vs oldopt=(dt=1.95313e-05,rms=0.389359)
#GCMRL#  597 dt   0.000023 rms  0.389  0.000% neg 0  invalid 762 tFOTS 4.3580 tGradient 0.2610 tsec 4.8670

#GCAMreg# pass 0 level1 0 level2 1 tsec 24.556 sigma 0.5
l_jacobian=1.00 l_log_likelihood=0.20 l_smoothness=2.00 
tol=2.50e-01, dt=5.00e-02, exp_k=20.0, momentum=0.90, levels=6, niter=500, lbl_dist=10.00, avgs=0, sigma=0.5,type=2, relabel=0, neg=yes

blurring input image with Gaussian with sigma=0.500...
GCAMRegisterLevel(): init RMS 0.389359
#FOTS# QuadFit found better minimum quadopt=(dt=0.048,rms=0.389304) vs oldopt=(dt=0.08,rms=0.389315)
#GCMRL#  599 dt   0.048000 rms  0.389  0.014% neg 0  invalid 762 tFOTS 3.4310 tGradient 0.2640 tsec 3.9210
#FOTS# QuadFit found better minimum quadopt=(dt=0.028,rms=0.389292) vs oldopt=(dt=0.02,rms=0.389293)
#GCMRL#  600 dt   0.028000 rms  0.389  0.000% neg 0  invalid 762 tFOTS 3.8010 tGradient 0.2660 tsec 4.3140
GCAMregister done in 5.2306 min
writing output transformation to transforms/talairach.m3z...
GCAMwrite
Calls to gcamLogLikelihoodEnergy 4710 tmin = 1.50207
Calls to gcamLabelEnergy         4091 tmin = 1.05738
Calls to gcamJacobianEnergy      4710 tmin = 0.725017
Calls to gcamSmoothnessEnergy    4710 tmin = 4.11983
Calls to gcamLogLikelihoodTerm 602 tmin = 0.56115
Calls to gcamLabelTerm         542 tmin = 4.34295
Calls to gcamJacobianTerm      602 tmin = 0.798133
Calls to gcamSmoothnessTerm    602 tmin = 0.3278
Calls to gcamComputeGradient    602 tmin = 15.6694
Calls to gcamComputeMetricProperties    6719 tmin = 1.6575
mri_ca_register took 0 hours, 41 minutes and 28 seconds.
#VMPC# mri_ca_register VmPeak  3712508
FSRUNTIME@ mri_ca_register  0.6910 hours 16 threads
#--------------------------------------
#@# SubCort Seg Wed Mar 11 11:12:28 CET 2026

 mri_ca_label -relabel_unlikely 9 .3 -prior 0.5 -align norm.mgz transforms/talairach.m3z /opt/freesurfer/average/RB_all_2020-01-02.gca aseg.auto_noCCseg.mgz 

sysname  Linux
hostname dna023
machine  x86_64

setenv SUBJECTS_DIR /out/sourcedata/freesurfer
cd /out/sourcedata/freesurfer/sub-v2s16x51235_ses-1/mri
mri_ca_label -relabel_unlikely 9 .3 -prior 0.5 -align norm.mgz transforms/talairach.m3z /opt/freesurfer/average/RB_all_2020-01-02.gca aseg.auto_noCCseg.mgz 

relabeling unlikely voxels with window_size = 9 and prior threshold 0.30
using Gibbs prior factor = 0.500
renormalizing sequences with structure alignment, equivalent to:
	-renormalize
	-renormalize_mean 0.500
	-regularize 0.500

== Number of threads available to for OpenMP = 16 == 
reading 1 input volumes
reading classifier array from /opt/freesurfer/average/RB_all_2020-01-02.gca
reading input volume from norm.mgz
average std[0] = 7.2
reading transform from transforms/talairach.m3z
setting orig areas to linear transform determinant scaled 6.98
Atlas used for the 3D morph was /opt/freesurfer/average/RB_all_2020-01-02.gca
average std = 7.2   using min determinant for regularization = 5.2
0 singular and 0 ill-conditioned covariance matrices regularized
labeling volume...
renormalizing by structure alignment....
renormalizing input #0
gca peak = 0.15521 (20)
mri peak = 0.26435 (10)
Left_Lateral_Ventricle (4): linear fit = 0.43 x + 0.0 (1008 voxels, overlap=0.005)
Left_Lateral_Ventricle (4): linear fit = 0.43 x + 0.0 (1008 voxels, peak =  8), gca=8.5
gca peak = 0.20380 (13)
mri peak = 0.15818 ( 8)
Right_Lateral_Ventricle (43): linear fit = 0.47 x + 0.0 (869 voxels, overlap=0.008)
Right_Lateral_Ventricle (43): linear fit = 0.47 x + 0.0 (869 voxels, peak =  6), gca=6.0
gca peak = 0.26283 (96)
mri peak = 0.14311 (90)
Right_Pallidum (52): linear fit = 0.95 x + 0.0 (819 voxels, overlap=0.801)
Right_Pallidum (52): linear fit = 0.95 x + 0.0 (819 voxels, peak = 92), gca=91.7
gca peak = 0.15814 (97)
mri peak = 0.13671 (97)
Left_Pallidum (13): linear fit = 1.00 x + 0.0 (907 voxels, overlap=1.002)
Left_Pallidum (13): linear fit = 1.00 x + 0.0 (907 voxels, peak = 97), gca=96.5
gca peak = 0.27624 (56)
mri peak = 0.13538 (59)
Right_Hippocampus (53): linear fit = 1.04 x + 0.0 (1108 voxels, overlap=0.965)
Right_Hippocampus (53): linear fit = 1.04 x + 0.0 (1108 voxels, peak = 59), gca=58.5
gca peak = 0.28723 (59)
mri peak = 0.15948 (56)
Left_Hippocampus (17): linear fit = 0.96 x + 0.0 (1231 voxels, overlap=1.003)
Left_Hippocampus (17): linear fit = 0.96 x + 0.0 (1231 voxels, peak = 57), gca=56.9
gca peak = 0.07623 (103)
mri peak = 0.21660 (103)
Right_Cerebral_White_Matter (41): linear fit = 1.00 x + 0.0 (36220 voxels, overlap=0.618)
Right_Cerebral_White_Matter (41): linear fit = 1.00 x + 0.0 (36220 voxels, peak = 103), gca=103.0
gca peak = 0.07837 (105)
mri peak = 0.20398 (104)
Left_Cerebral_White_Matter (2): linear fit = 1.00 x + 0.0 (43476 voxels, overlap=0.519)
Left_Cerebral_White_Matter (2): linear fit = 1.00 x + 0.0 (43476 voxels, peak = 105), gca=105.0
gca peak = 0.10165 (58)
mri peak = 0.05287 (52)
Left_Cerebral_Cortex (3): linear fit = 0.89 x + 0.0 (44535 voxels, overlap=0.718)
Left_Cerebral_Cortex (3): linear fit = 0.89 x + 0.0 (44535 voxels, peak = 52), gca=51.9
gca peak = 0.11113 (58)
mri peak = 0.05186 (52)
Right_Cerebral_Cortex (42): linear fit = 0.92 x + 0.0 (46003 voxels, overlap=0.897)
Right_Cerebral_Cortex (42): linear fit = 0.92 x + 0.0 (46003 voxels, peak = 53), gca=53.1
gca peak = 0.27796 (67)
mri peak = 0.22801 (65)
Right_Caudate (50): linear fit = 0.96 x + 0.0 (1444 voxels, overlap=0.787)
Right_Caudate (50): linear fit = 0.96 x + 0.0 (1444 voxels, peak = 65), gca=64.7
gca peak = 0.14473 (69)
mri peak = 0.17630 (69)
Left_Caudate (11): linear fit = 0.93 x + 0.0 (1495 voxels, overlap=0.445)
Left_Caudate (11): linear fit = 0.93 x + 0.0 (1495 voxels, peak = 64), gca=63.8
gca peak = 0.14301 (56)
mri peak = 0.07039 (56)
Left_Cerebellum_Cortex (8): linear fit = 0.99 x + 0.0 (29903 voxels, overlap=0.999)
Left_Cerebellum_Cortex (8): linear fit = 0.99 x + 0.0 (29903 voxels, peak = 55), gca=55.2
gca peak = 0.14610 (55)
mri peak = 0.07256 (54)
Right_Cerebellum_Cortex (47): linear fit = 0.99 x + 0.0 (31503 voxels, overlap=0.990)
Right_Cerebellum_Cortex (47): linear fit = 0.99 x + 0.0 (31503 voxels, peak = 54), gca=54.2
gca peak = 0.16309 (85)
mri peak = 0.17195 (92)
Left_Cerebellum_White_Matter (7): linear fit = 1.08 x + 0.0 (7187 voxels, overlap=0.121)
Left_Cerebellum_White_Matter (7): linear fit = 1.08 x + 0.0 (7187 voxels, peak = 91), gca=91.4
gca peak = 0.15172 (84)
mri peak = 0.14297 (91)
Right_Cerebellum_White_Matter (46): linear fit = 1.08 x + 0.0 (7887 voxels, overlap=0.354)
Right_Cerebellum_White_Matter (46): linear fit = 1.08 x + 0.0 (7887 voxels, peak = 90), gca=90.3
gca peak = 0.30461 (58)
mri peak = 0.15959 (63)
Left_Amygdala (18): linear fit = 1.10 x + 0.0 (589 voxels, overlap=0.482)
Left_Amygdala (18): linear fit = 1.10 x + 0.0 (589 voxels, peak = 64), gca=63.5
gca peak = 0.32293 (57)
mri peak = 0.17946 (63)
Right_Amygdala (54): linear fit = 1.07 x + 0.0 (527 voxels, overlap=0.561)
Right_Amygdala (54): linear fit = 1.07 x + 0.0 (527 voxels, peak = 61), gca=60.7
gca peak = 0.11083 (90)
mri peak = 0.08875 (88)
Left_Thalamus (10): linear fit = 1.00 x + 0.0 (5688 voxels, overlap=0.981)
Left_Thalamus (10): linear fit = 1.00 x + 0.0 (5688 voxels, peak = 90), gca=89.6
gca peak = 0.11393 (83)
mri peak = 0.09737 (88)
Right_Thalamus (49): linear fit = 1.04 x + 0.0 (5249 voxels, overlap=0.949)
Right_Thalamus (49): linear fit = 1.04 x + 0.0 (5249 voxels, peak = 87), gca=86.7
gca peak = 0.08575 (81)
mri peak = 0.17440 (79)
Left_Putamen (12): linear fit = 0.99 x + 0.0 (2521 voxels, overlap=0.720)
Left_Putamen (12): linear fit = 0.99 x + 0.0 (2521 voxels, peak = 80), gca=79.8
gca peak = 0.08618 (78)
mri peak = 0.08832 (78)
Right_Putamen (51): linear fit = 0.96 x + 0.0 (2900 voxels, overlap=0.728)
Right_Putamen (51): linear fit = 0.96 x + 0.0 (2900 voxels, peak = 75), gca=75.3
gca peak = 0.08005 (78)
mri peak = 0.10466 (95)
Brain_Stem (16): linear fit = 1.15 x + 0.0 (12203 voxels, overlap=0.425)
Brain_Stem (16): linear fit = 1.15 x + 0.0 (12203 voxels, peak = 90), gca=90.1
gca peak = 0.12854 (88)
mri peak = 0.11004 (102)
Right_VentralDC (60): linear fit = 1.13 x + 0.0 (1921 voxels, overlap=0.252)
Right_VentralDC (60): linear fit = 1.13 x + 0.0 (1921 voxels, peak = 100), gca=99.9
gca peak = 0.15703 (87)
mri peak = 0.09548 (102)
Left_VentralDC (28): linear fit = 1.13 x + 0.0 (1834 voxels, overlap=0.420)
Left_VentralDC (28): linear fit = 1.13 x + 0.0 (1834 voxels, peak = 99), gca=98.7
gca peak = 0.17522 (25)
mri peak = 0.25641 (18)
Third_Ventricle (14): linear fit = 0.67 x + 0.0 (51 voxels, overlap=0.326)
Third_Ventricle (14): linear fit = 0.67 x + 0.0 (51 voxels, peak = 17), gca=16.6
gca peak = 0.17113 (14)
mri peak = 0.22928 (13)
Fourth_Ventricle (15): linear fit = 0.88 x + 0.0 (233 voxels, overlap=0.696)
Fourth_Ventricle (15): linear fit = 0.88 x + 0.0 (233 voxels, peak = 12), gca=12.4
gca peak Unknown = 0.94777 ( 0)
gca peak Left_Inf_Lat_Vent = 0.16627 (28)
gca peak Third_Ventricle = 0.17522 (25)
gca peak CSF = 0.20346 (36)
gca peak Left_Accumbens_area = 0.70646 (62)
gca peak Left_undetermined = 1.00000 (28)
gca peak Left_vessel = 0.89917 (53)
gca peak Left_choroid_plexus = 0.11689 (35)
gca peak Right_Inf_Lat_Vent = 0.25504 (23)
gca peak Right_Accumbens_area = 0.31650 (65)
gca peak Right_vessel = 0.77268 (52)
gca peak Right_choroid_plexus = 0.13275 (38)
gca peak Fifth_Ventricle = 0.60973 (33)
gca peak WM_hypointensities = 0.11013 (77)
gca peak non_WM_hypointensities = 0.11354 (41)
gca peak Optic_Chiasm = 0.51646 (76)
not using caudate to estimate GM means
estimating mean gm scale to be 1.00 x + 0.0
estimating mean wm scale to be 1.00 x + 0.0
estimating mean csf scale to be 0.59 x + 0.0
saving intensity scales to aseg.auto_noCCseg.label_intensities.txt
renormalizing by structure alignment....
renormalizing input #0
gca peak = 0.28677 ( 9)
mri peak = 0.26435 (10)
Left_Lateral_Ventricle (4): linear fit = 1.07 x + 0.0 (1008 voxels, overlap=0.663)
Left_Lateral_Ventricle (4): linear fit = 1.07 x + 0.0 (1008 voxels, peak = 10), gca=9.6
gca peak = 0.33533 ( 6)
mri peak = 0.15818 ( 8)
Right_Lateral_Ventricle (43): linear fit = 1.09 x + 0.0 (869 voxels, overlap=0.743)
Right_Lateral_Ventricle (43): linear fit = 1.09 x + 0.0 (869 voxels, peak =  7), gca=6.5
gca peak = 0.24609 (90)
mri peak = 0.14311 (90)
Right_Pallidum (52): linear fit = 1.00 x + 0.0 (819 voxels, overlap=0.998)
Right_Pallidum (52): linear fit = 1.00 x + 0.0 (819 voxels, peak = 90), gca=89.6
gca peak = 0.16090 (96)
mri peak = 0.13671 (97)
Left_Pallidum (13): linear fit = 1.01 x + 0.0 (907 voxels, overlap=1.000)
Left_Pallidum (13): linear fit = 1.01 x + 0.0 (907 voxels, peak = 97), gca=97.4
gca peak = 0.27455 (58)
mri peak = 0.13538 (59)
Right_Hippocampus (53): linear fit = 1.00 x + 0.0 (1108 voxels, overlap=1.001)
Right_Hippocampus (53): linear fit = 1.00 x + 0.0 (1108 voxels, peak = 58), gca=58.0
gca peak = 0.30216 (57)
mri peak = 0.15948 (56)
Left_Hippocampus (17): linear fit = 1.00 x + 0.0 (1231 voxels, overlap=1.000)
Left_Hippocampus (17): linear fit = 1.00 x + 0.0 (1231 voxels, peak = 57), gca=57.0
gca peak = 0.07623 (103)
mri peak = 0.21660 (103)
Right_Cerebral_White_Matter (41): linear fit = 1.00 x + 0.0 (36220 voxels, overlap=0.618)
Right_Cerebral_White_Matter (41): linear fit = 1.00 x + 0.0 (36220 voxels, peak = 103), gca=103.0
gca peak = 0.07837 (105)
mri peak = 0.20398 (104)
Left_Cerebral_White_Matter (2): linear fit = 1.00 x + 0.0 (43476 voxels, overlap=0.519)
Left_Cerebral_White_Matter (2): linear fit = 1.00 x + 0.0 (43476 voxels, peak = 105), gca=105.0
gca peak = 0.11131 (52)
mri peak = 0.05287 (52)
Left_Cerebral_Cortex (3): linear fit = 1.00 x + 0.0 (44535 voxels, overlap=0.996)
Left_Cerebral_Cortex (3): linear fit = 1.00 x + 0.0 (44535 voxels, peak = 52), gca=52.0
gca peak = 0.12335 (53)
mri peak = 0.05186 (52)
Right_Cerebral_Cortex (42): linear fit = 1.00 x + 0.0 (46003 voxels, overlap=0.980)
Right_Cerebral_Cortex (42): linear fit = 1.00 x + 0.0 (46003 voxels, peak = 53), gca=53.0
gca peak = 0.24626 (64)
mri peak = 0.22801 (65)
Right_Caudate (50): linear fit = 1.00 x + 0.0 (1444 voxels, overlap=1.001)
Right_Caudate (50): linear fit = 1.00 x + 0.0 (1444 voxels, peak = 64), gca=64.0
gca peak = 0.13816 (64)
mri peak = 0.17630 (69)
Left_Caudate (11): linear fit = 0.98 x + 0.0 (1495 voxels, overlap=0.965)
Left_Caudate (11): linear fit = 0.98 x + 0.0 (1495 voxels, peak = 62), gca=62.4
gca peak = 0.14254 (55)
mri peak = 0.07039 (56)
Left_Cerebellum_Cortex (8): linear fit = 1.00 x + 0.0 (29903 voxels, overlap=1.000)
Left_Cerebellum_Cortex (8): linear fit = 1.00 x + 0.0 (29903 voxels, peak = 55), gca=55.0
gca peak = 0.14231 (55)
mri peak = 0.07256 (54)
Right_Cerebellum_Cortex (47): linear fit = 1.00 x + 0.0 (31503 voxels, overlap=0.986)
Right_Cerebellum_Cortex (47): linear fit = 1.00 x + 0.0 (31503 voxels, peak = 55), gca=55.0
gca peak = 0.15846 (91)
mri peak = 0.17195 (92)
Left_Cerebellum_White_Matter (7): linear fit = 1.00 x + 0.0 (7187 voxels, overlap=0.821)
Left_Cerebellum_White_Matter (7): linear fit = 1.00 x + 0.0 (7187 voxels, peak = 91), gca=90.5
gca peak = 0.15096 (91)
mri peak = 0.14297 (91)
Right_Cerebellum_White_Matter (46): linear fit = 1.00 x + 0.0 (7887 voxels, overlap=0.856)
Right_Cerebellum_White_Matter (46): linear fit = 1.00 x + 0.0 (7887 voxels, peak = 91), gca=91.0
gca peak = 0.22714 (63)
mri peak = 0.15959 (63)
Left_Amygdala (18): linear fit = 1.00 x + 0.0 (589 voxels, overlap=0.961)
Left_Amygdala (18): linear fit = 1.00 x + 0.0 (589 voxels, peak = 63), gca=63.0
gca peak = 0.31532 (61)
mri peak = 0.17946 (63)
Right_Amygdala (54): linear fit = 1.01 x + 0.0 (527 voxels, overlap=0.981)
Right_Amygdala (54): linear fit = 1.01 x + 0.0 (527 voxels, peak = 62), gca=61.9
gca peak = 0.10408 (88)
mri peak = 0.08875 (88)
Left_Thalamus (10): linear fit = 1.01 x + 0.0 (5688 voxels, overlap=0.970)
Left_Thalamus (10): linear fit = 1.01 x + 0.0 (5688 voxels, peak = 89), gca=89.3
gca peak = 0.09509 (87)
mri peak = 0.09737 (88)
Right_Thalamus (49): linear fit = 0.99 x + 0.0 (5249 voxels, overlap=0.916)
Right_Thalamus (49): linear fit = 0.99 x + 0.0 (5249 voxels, peak = 86), gca=85.7
gca peak = 0.08348 (80)
mri peak = 0.17440 (79)
Left_Putamen (12): linear fit = 1.00 x + 0.0 (2521 voxels, overlap=0.767)
Left_Putamen (12): linear fit = 1.00 x + 0.0 (2521 voxels, peak = 80), gca=80.0
gca peak = 0.11256 (73)
mri peak = 0.08832 (78)
Right_Putamen (51): linear fit = 1.00 x + 0.0 (2900 voxels, overlap=0.838)
Right_Putamen (51): linear fit = 1.00 x + 0.0 (2900 voxels, peak = 73), gca=73.0
gca peak = 0.06703 (91)
mri peak = 0.10466 (95)
Brain_Stem (16): linear fit = 1.00 x + 0.0 (12203 voxels, overlap=0.845)
Brain_Stem (16): linear fit = 1.00 x + 0.0 (12203 voxels, peak = 91), gca=91.0
gca peak = 0.10690 (102)
mri peak = 0.11004 (102)
Right_VentralDC (60): linear fit = 1.00 x + 0.0 (1921 voxels, overlap=0.709)
Right_VentralDC (60): linear fit = 1.00 x + 0.0 (1921 voxels, peak = 102), gca=102.0
gca peak = 0.15013 (97)
mri peak = 0.09548 (102)
Left_VentralDC (28): linear fit = 1.01 x + 0.0 (1834 voxels, overlap=0.860)
Left_VentralDC (28): linear fit = 1.01 x + 0.0 (1834 voxels, peak = 98), gca=98.5
gca peak = 0.26469 (16)
mri peak = 0.25641 (18)
Third_Ventricle (14): linear fit = 1.15 x + 0.0 (51 voxels, overlap=0.863)
Third_Ventricle (14): linear fit = 1.15 x + 0.0 (51 voxels, peak = 18), gca=18.5
gca peak = 0.19659 (13)
mri peak = 0.22928 (13)
Fourth_Ventricle (15): linear fit = 1.03 x + 0.0 (233 voxels, overlap=0.732)
Fourth_Ventricle (15): linear fit = 1.03 x + 0.0 (233 voxels, peak = 13), gca=13.5
gca peak Unknown = 0.94777 ( 0)
gca peak Left_Inf_Lat_Vent = 0.16627 (27)
gca peak CSF = 0.25298 (21)
gca peak Left_Accumbens_area = 0.55379 (57)
gca peak Left_undetermined = 1.00000 (28)
gca peak Left_vessel = 0.83972 (53)
gca peak Left_choroid_plexus = 0.11689 (35)
gca peak Right_Inf_Lat_Vent = 0.25057 (24)
gca peak Right_Accumbens_area = 0.42461 (62)
gca peak Right_vessel = 0.77367 (52)
gca peak Right_choroid_plexus = 0.13275 (38)
gca peak Fifth_Ventricle = 0.92012 (19)
gca peak WM_hypointensities = 0.10179 (77)
gca peak non_WM_hypointensities = 0.11354 (41)
gca peak Optic_Chiasm = 0.68686 (76)
not using caudate to estimate GM means
estimating mean gm scale to be 1.00 x + 0.0
estimating mean wm scale to be 1.00 x + 0.0
estimating mean csf scale to be 1.09 x + 0.0
saving intensity scales to aseg.auto_noCCseg.label_intensities.txt
saving sequentially combined intensity scales to aseg.auto_noCCseg.label_intensities.txt
42646 voxels changed in iteration 0 of unlikely voxel relabeling
106 voxels changed in iteration 1 of unlikely voxel relabeling
0 voxels changed in iteration 2 of unlikely voxel relabeling
27324 gm and wm labels changed (%28 to gray, %72 to white out of all changed labels)
299 hippocampal voxels changed.
0 amygdala voxels changed.
Reclassifying using Gibbs Priors
pass 1: 64074 changed. image ll: -2.108, PF=0.500
pass 2: 17010 changed. image ll: -2.108, PF=0.500
pass 3: 6258 changed.
pass 4: 2549 changed.
28827 voxels changed in iteration 0 of unlikely voxel relabeling
221 voxels changed in iteration 1 of unlikely voxel relabeling
9 voxels changed in iteration 2 of unlikely voxel relabeling
0 voxels changed in iteration 3 of unlikely voxel relabeling
6720 voxels changed in iteration 0 of unlikely voxel relabeling
116 voxels changed in iteration 1 of unlikely voxel relabeling
8 voxels changed in iteration 2 of unlikely voxel relabeling
2 voxels changed in iteration 3 of unlikely voxel relabeling
0 voxels changed in iteration 4 of unlikely voxel relabeling
5863 voxels changed in iteration 0 of unlikely voxel relabeling
49 voxels changed in iteration 1 of unlikely voxel relabeling
2 voxels changed in iteration 2 of unlikely voxel relabeling
0 voxels changed in iteration 3 of unlikely voxel relabeling
5552 voxels changed in iteration 0 of unlikely voxel relabeling
37 voxels changed in iteration 1 of unlikely voxel relabeling
3 voxels changed in iteration 2 of unlikely voxel relabeling
0 voxels changed in iteration 3 of unlikely voxel relabeling
 !!!!!!!!! ventricle segment 0 with volume 179 above threshold 100 - not erasing !!!!!!!!!!
 !!!!!!!!! ventricle segment 4 with volume 6307 above threshold 100 - not erasing !!!!!!!!!!
 !!!!!!!!! ventricle segment 0 with volume 122 above threshold 100 - not erasing !!!!!!!!!!
 !!!!!!!!! ventricle segment 3 with volume 5473 above threshold 100 - not erasing !!!!!!!!!!
writing labeled volume to aseg.auto_noCCseg.mgz
mri_ca_label utimesec    1821.444951
mri_ca_label stimesec    2.926650
mri_ca_label ru_maxrss   2101448
mri_ca_label ru_ixrss    0
mri_ca_label ru_idrss    0
mri_ca_label ru_isrss    0
mri_ca_label ru_minflt   4248842
mri_ca_label ru_majflt   21
mri_ca_label ru_nswap    0
mri_ca_label ru_inblock  1142
mri_ca_label ru_oublock  704
mri_ca_label ru_msgsnd   0
mri_ca_label ru_msgrcv   0
mri_ca_label ru_nsignals 0
mri_ca_label ru_nvcsw    2441
mri_ca_label ru_nivcsw   4562
auto-labeling took 29 minutes and 9 seconds.
#--------------------------------------
#@# CC Seg Wed Mar 11 11:41:37 CET 2026

 mri_cc -aseg aseg.auto_noCCseg.mgz -o aseg.auto.mgz -lta /out/sourcedata/freesurfer/sub-v2s16x51235_ses-1/mri/transforms/cc_up.lta sub-v2s16x51235_ses-1 

will read input aseg from aseg.auto_noCCseg.mgz
writing aseg with cc labels to aseg.auto.mgz
will write lta as /out/sourcedata/freesurfer/sub-v2s16x51235_ses-1/mri/transforms/cc_up.lta
reading aseg from /out/sourcedata/freesurfer/sub-v2s16x51235_ses-1/mri/aseg.auto_noCCseg.mgz
reading norm from /out/sourcedata/freesurfer/sub-v2s16x51235_ses-1/mri/norm.mgz
106118 voxels in left wm, 93753 in right wm, xrange [121, 142]
searching rotation angles z=[-4 10], y=[ 0 14]
searching scale 1 Z rot -3.5  searching scale 1 Z rot -3.3  searching scale 1 Z rot -3.0  searching scale 1 Z rot -2.8  searching scale 1 Z rot -2.5  searching scale 1 Z rot -2.3  searching scale 1 Z rot -2.0  searching scale 1 Z rot -1.8  searching scale 1 Z rot -1.5  searching scale 1 Z rot -1.3  searching scale 1 Z rot -1.0  searching scale 1 Z rot -0.8  searching scale 1 Z rot -0.5  searching scale 1 Z rot -0.3  searching scale 1 Z rot -0.0  searching scale 1 Z rot 0.2  searching scale 1 Z rot 0.5  searching scale 1 Z rot 0.7  searching scale 1 Z rot 1.0  searching scale 1 Z rot 1.2  searching scale 1 Z rot 1.5  searching scale 1 Z rot 1.7  searching scale 1 Z rot 2.0  searching scale 1 Z rot 2.2  searching scale 1 Z rot 2.5  searching scale 1 Z rot 2.7  searching scale 1 Z rot 3.0  searching scale 1 Z rot 3.2  searching scale 1 Z rot 3.5  searching scale 1 Z rot 3.7  searching scale 1 Z rot 4.0  searching scale 1 Z rot 4.2  searching scale 1 Z rot 4.5  searching scale 1 Z rot 4.7  searching scale 1 Z rot 5.0  searching scale 1 Z rot 5.2  searching scale 1 Z rot 5.5  searching scale 1 Z rot 5.7  searching scale 1 Z rot 6.0  searching scale 1 Z rot 6.2  searching scale 1 Z rot 6.5  searching scale 1 Z rot 6.7  searching scale 1 Z rot 7.0  searching scale 1 Z rot 7.2  searching scale 1 Z rot 7.5  searching scale 1 Z rot 7.7  searching scale 1 Z rot 8.0  searching scale 1 Z rot 8.2  searching scale 1 Z rot 8.5  searching scale 1 Z rot 8.7  searching scale 1 Z rot 9.0  searching scale 1 Z rot 9.2  searching scale 1 Z rot 9.5  searching scale 1 Z rot 9.7  searching scale 1 Z rot 10.0  searching scale 1 Z rot 10.2  global minimum found at slice 132.2, rotations (7.43, 3.47)
final transformation (x=132.2, yr=7.430, zr=3.474):
 0.98978  -0.06060   0.12909  -10.25368;
 0.06009   0.99816   0.00784   17.41886;
-0.12932   0.00000   0.99160   40.98236;
 0.00000   0.00000   0.00000   1.00000;
updating x range to be [126, 131] in xformed coordinates
best xformed slice 128
min_x_fornix = 153
min_x_fornix = 160
min_x_fornix = 160
min_x_fornix = 159
min_x_fornix = 158
cc center is found at 128 102 105
eigenvectors:
-0.00059   0.00176   1.00000;
 0.11500  -0.99336   0.00181;
 0.99337   0.11500   0.00038;
error in mid anterior detected - correcting...
writing aseg with callosum to /out/sourcedata/freesurfer/sub-v2s16x51235_ses-1/mri/aseg.auto.mgz...
corpus callosum segmentation took 0.9 minutes
#VMPC# mri_cc VmPeak  557660
mri_cc done
#--------------------------------------
#@# Merge ASeg Wed Mar 11 11:42:31 CET 2026

 cp aseg.auto.mgz aseg.presurf.mgz 

#--------------------------------------------
#@# Intensity Normalization2 Wed Mar 11 11:42:31 CET 2026
/out/sourcedata/freesurfer/sub-v2s16x51235_ses-1/mri

 mri_normalize -seed 1234 -mprage -aseg aseg.presurf.mgz -mask brainmask.mgz norm.mgz brain.mgz 

setting seed for random number genererator to 1234
assuming input volume is MGH (Van der Kouwe) MP-RAGE
using segmentation for initial intensity normalization
using MR volume brainmask.mgz to mask input volume...
reading mri_src from norm.mgz...
Reading aseg aseg.presurf.mgz
normalizing image...
NOT doing gentle normalization with control points/label
processing with aseg
removing outliers in the aseg WM...
1158 control points removed
Building bias image
building Voronoi diagram...
performing soap bubble smoothing, sigma = 0...
Smoothing with sigma 8
Applying bias correction
building Voronoi diagram...
performing soap bubble smoothing, sigma = 8...

Iterating 2 times
---------------------------------
3d normalization pass 1 of 2
white matter peak found at 110
white matter peak found at 110
gm peak at 59 (59), valley at  0 (-1)
csf peak at 29, setting threshold to 49
building Voronoi diagram...
performing soap bubble smoothing, sigma = 8...
---------------------------------
3d normalization pass 2 of 2
white matter peak found at 110
white matter peak found at 110
gm peak at 59 (59), valley at  0 (-1)
csf peak at 29, setting threshold to 49
building Voronoi diagram...
performing soap bubble smoothing, sigma = 8...
Done iterating ---------------------------------
writing output to brain.mgz
3D bias adjustment took 2 minutes and 10 seconds.
#--------------------------------------------
#@# Mask BFS Wed Mar 11 11:44:43 CET 2026
/out/sourcedata/freesurfer/sub-v2s16x51235_ses-1/mri

 mri_mask -T 5 brain.mgz brainmask.mgz brain.finalsurfs.mgz 

threshold mask volume at 5
DoAbs = 0
Found 1629474 voxels in mask (pct=  9.71)
Writing masked volume to brain.finalsurfs.mgz...done.
#--------------------------------------------
#@# WM Segmentation Wed Mar 11 11:44:44 CET 2026

 AntsDenoiseImageFs -i brain.mgz -o antsdn.brain.mgz 


 mri_segment -wsizemm 13 -mprage antsdn.brain.mgz wm.seg.mgz 

wsizemm = 13, voxres = 1, wsize = 13
Widening wm low from 89 to 79
assuming input volume is MGH (Van der Kouwe) MP-RAGE
wm mean:  110
wsize:    13
wm low:   79
wm hi:    125
gray low: 30
gray hi:  99
Doing initial trinary intensity segmentation 
Using local statistics to label ambiguous voxels
Autodetecting stats
Computing class statistics for intensity windows...
CCS WM (104.0): 104.1 +- 4.4 [79.0 --> 122.0]
CCS GM (72.0) : 70.8 +- 9.2 [30.0 --> 95.0]
 white_mean 104.139
 white_sigma 4.41998
 gray_mean 70.7561
 gray_sigma 9.17643
setting bottom of white matter range wm_low to 79.9
setting top of gray matter range gray_hi to 89.1
 wm_low 79.9325
 wm_hi  125
 gray_low 30
 gray_hi  89.1089
Redoing initial intensity segmentation...
Recomputing local statistics to label ambiguous voxels...
 wm_low 79.9325
 wm_hi  125
 gray_low 30
 gray_hi  89.1089
using local geometry to label remaining ambiguous voxels...
polvwsize = 5, polvlen = 3, gray_hi = 89.1089, wm_low = 79.9325
MRIcpolvMedianCurveSegment(): wsize=5, len=3, gmhi=89.1089, wmlow=79.9325
    131584 voxels processed (0.78%)
     61724 voxels white (0.37%)
     69860 voxels non-white (0.42%)

Reclassifying voxels using Gaussian border classifier niter=1
MRIreclassify(): wm_low=74.9325, gray_hi=89.1089, wsize=13
    216361 voxels tested (1.29%)
     42113 voxels changed (0.25%)
     56224 multi-scale searches  (0.34%)
Recovering bright white
MRIrecoverBrightWhite()
 wm_low 79.9325
 wm_hi 125
 slack 4.41998
 pct_thresh 0.33
 intensity_thresh 129.42
 nvox_thresh 8.58
        0 voxels tested (0.00%)
        0 voxels changed (0.00%)

removing voxels with positive offset direction...
MRIremoveWrongDirection() wsize=3, lowthr=74.9325, hithr=89.1089
  smoothing input volume with sigma = 0.250
    74835 voxels tested (0.45%)
    14198 voxels changed (0.08%)
thicken = 1
removing 1-dimensional structures...
MRIremove1dStructures(): max_iter=10000, thresh=2, WM_MIN_VAL=5
 1364 sparsely connected voxels removed in 1 iterations
thickening thin strands....
thickness 4
nsegments 20
wm_hi 125
828 diagonally connected voxels added...
MRIthickenThinWMStrands(): thickness=4, nsegments=20
  20 segments, 4451 filled
MRIfindBrightNonWM(): 0 bright non-wm voxels segmented.
MRIfilterMorphology() WM_MIN_VAL=5, DIAGONAL_FILL=230
white matter segmentation took 0.9 minutes
writing output to wm.seg.mgz...

 mri_edit_wm_with_aseg -keep-in wm.seg.mgz brain.mgz aseg.presurf.mgz wm.asegedit.mgz 

preserving editing changes in input volume...
auto filling took 0.41 minutes
reading wm segmentation from wm.seg.mgz...
0 voxels added to wm to prevent paths from MTL structures to cortex
3094 additional wm voxels added
0 additional wm voxels added
SEG EDIT: 43975 voxels turned on, 39420 voxels turned off.
propagating editing to output volume from wm.seg.mgz
writing edited volume to wm.asegedit.mgz....

 mri_pretess wm.asegedit.mgz wm norm.mgz wm.mgz 


Iteration Number : 1
pass   1 (xy+):  10 found -  10 modified     |    TOTAL:  10
pass   2 (xy+):   0 found -  10 modified     |    TOTAL:  10
pass   1 (xy-):   7 found -   7 modified     |    TOTAL:  17
pass   2 (xy-):   0 found -   7 modified     |    TOTAL:  17
pass   1 (yz+):  20 found -  20 modified     |    TOTAL:  37
pass   2 (yz+):   0 found -  20 modified     |    TOTAL:  37
pass   1 (yz-):  21 found -  21 modified     |    TOTAL:  58
pass   2 (yz-):   0 found -  21 modified     |    TOTAL:  58
pass   1 (xz+):  15 found -  15 modified     |    TOTAL:  73
pass   2 (xz+):   0 found -  15 modified     |    TOTAL:  73
pass   1 (xz-):  15 found -  15 modified     |    TOTAL:  88
pass   2 (xz-):   0 found -  15 modified     |    TOTAL:  88
Iteration Number : 1
pass   1 (+++):   2 found -   2 modified     |    TOTAL:   2
pass   2 (+++):   0 found -   2 modified     |    TOTAL:   2
pass   1 (+++):   4 found -   4 modified     |    TOTAL:   6
pass   2 (+++):   0 found -   4 modified     |    TOTAL:   6
pass   1 (+++):   0 found -   0 modified     |    TOTAL:   6
pass   1 (+++):   4 found -   4 modified     |    TOTAL:  10
pass   2 (+++):   0 found -   4 modified     |    TOTAL:  10
Iteration Number : 1
pass   1 (++):  52 found -  52 modified     |    TOTAL:  52
pass   2 (++):   0 found -  52 modified     |    TOTAL:  52
pass   1 (+-):  66 found -  66 modified     |    TOTAL: 118
pass   2 (+-):   0 found -  66 modified     |    TOTAL: 118
pass   1 (--):  38 found -  38 modified     |    TOTAL: 156
pass   2 (--):   0 found -  38 modified     |    TOTAL: 156
pass   1 (-+):  76 found -  76 modified     |    TOTAL: 232
pass   2 (-+):   0 found -  76 modified     |    TOTAL: 232
Iteration Number : 2
pass   1 (xy+):   1 found -   1 modified     |    TOTAL:   1
pass   2 (xy+):   0 found -   1 modified     |    TOTAL:   1
pass   1 (xy-):   0 found -   0 modified     |    TOTAL:   1
pass   1 (yz+):   1 found -   1 modified     |    TOTAL:   2
pass   2 (yz+):   0 found -   1 modified     |    TOTAL:   2
pass   1 (yz-):   0 found -   0 modified     |    TOTAL:   2
pass   1 (xz+):   0 found -   0 modified     |    TOTAL:   2
pass   1 (xz-):   0 found -   0 modified     |    TOTAL:   2
Iteration Number : 2
pass   1 (+++):   0 found -   0 modified     |    TOTAL:   0
pass   1 (+++):   0 found -   0 modified     |    TOTAL:   0
pass   1 (+++):   0 found -   0 modified     |    TOTAL:   0
pass   1 (+++):   0 found -   0 modified     |    TOTAL:   0
Iteration Number : 2
pass   1 (++):   0 found -   0 modified     |    TOTAL:   0
pass   1 (+-):   0 found -   0 modified     |    TOTAL:   0
pass   1 (--):   0 found -   0 modified     |    TOTAL:   0
pass   1 (-+):   0 found -   0 modified     |    TOTAL:   0
Iteration Number : 3
pass   1 (xy+):   0 found -   0 modified     |    TOTAL:   0
pass   1 (xy-):   0 found -   0 modified     |    TOTAL:   0
pass   1 (yz+):   0 found -   0 modified     |    TOTAL:   0
pass   1 (yz-):   0 found -   0 modified     |    TOTAL:   0
pass   1 (xz+):   0 found -   0 modified     |    TOTAL:   0
pass   1 (xz-):   0 found -   0 modified     |    TOTAL:   0
Iteration Number : 3
pass   1 (+++):   0 found -   0 modified     |    TOTAL:   0
pass   1 (+++):   0 found -   0 modified     |    TOTAL:   0
pass   1 (+++):   0 found -   0 modified     |    TOTAL:   0
pass   1 (+++):   0 found -   0 modified     |    TOTAL:   0
Iteration Number : 3
pass   1 (++):   0 found -   0 modified     |    TOTAL:   0
pass   1 (+-):   0 found -   0 modified     |    TOTAL:   0
pass   1 (--):   0 found -   0 modified     |    TOTAL:   0
pass   1 (-+):   0 found -   0 modified     |    TOTAL:   0

Total Number of Modified Voxels = 332 (out of 562758: 0.058995)
binarizing input wm segmentation...
Ambiguous edge configurations... 

mri_pretess done

#--------------------------------------------
#@# Fill Wed Mar 11 11:46:38 CET 2026
/out/sourcedata/freesurfer/sub-v2s16x51235_ses-1/mri

 mri_fill -a ../scripts/ponscc.cut.log -xform transforms/talairach.lta -segmentation aseg.presurf.mgz -ctab /opt/freesurfer/SubCorticalMassLUT.txt wm.mgz filled.mgz 

logging cutting plane coordinates to ../scripts/ponscc.cut.log...
INFO: Using transforms/talairach.lta and its offset for Talairach volume ...
using segmentation aseg.presurf.mgz...
reading input volume...done.
searching for cutting planes...voxel to talairach voxel transform
 1.00335  -0.07725   0.14260  -13.88660;
 0.05563   1.12939   0.07225  -30.15759;
-0.14823  -0.07344   0.98226   17.11034;
 0.00000   0.00000   0.00000   1.00000;
voxel to talairach voxel transform
 1.00335  -0.07725   0.14260  -13.88660;
 0.05563   1.12939   0.07225  -30.15759;
-0.14823  -0.07344   0.98226   17.11034;
 0.00000   0.00000   0.00000   1.00000;
reading segmented volume aseg.presurf.mgz
removing CC from segmentation
Looking for area (min, max) = (350, 1400)
area[0] = 1203 (min = 350, max = 1400), aspect = 0.43 (min = 0.10, max = 0.75)
no need to search
using seed (126, 107, 120), TAL = (2.0, -8.0, 21.0)
talairach voxel to voxel transform
 0.97203   0.05704  -0.14531   17.70456;
-0.05699   0.87788  -0.05630   26.64650;
 0.14243   0.07424   0.99193  -12.75526;
 0.00000   0.00000   0.00000   1.00000;
segmentation indicates cc at (126,  107,  120) --> (2.0, -8.0, 21.0)
done.
filling took 1.0 minutes
talairach cc position changed to (2.00, -8.00, 21.00)
Erasing brainstem...done.
seed_search_size = 9, min_neighbors = 5
search rh wm seed point around talairach space:(20.00, -8.00, 21.00) SRC: (111.35, 107.67, 129.60)
search lh wm seed point around talairach space (-16.00, -8.00, 21.00), SRC: (146.34, 105.62, 134.73)
compute mri_fill using aseg
Erasing Brain Stem and Cerebellum ...
Define left and right masks using aseg:
Building Voronoi diagram ...
Using the Voronoi diagram for separating WM into two hemispheres ...
Find the largest connected component for each hemisphere ...
Embedding colortable
mri_fill done, writing output to filled.mgz...
 cp filled.mgz filled.auto.mgz

Started at Wed Mar 11 10:29:41 CET 2026 
Ended   at Wed Mar 11 11:47:40 CET 2026
#@#%# recon-all-run-time-hours 1.300
recon-all -s sub-v2s16x51235_ses-1 finished without error at Wed Mar 11 11:47:40 CET 2026



#New# invocation of recon-all 




Wed Mar 11 12:28:37 CET 2026
cd /out/sourcedata/freesurfer/sub-v2s16x51235_ses-1
setenv SUBJECTS_DIR /out/sourcedata/freesurfer
/opt/freesurfer/bin/recon-all -parallel -subjid sub-v2s16x51235_ses-1 -sd /out/sourcedata/freesurfer -cortribbon

subjid sub-v2s16x51235_ses-1
setenv SUBJECTS_DIR /out/sourcedata/freesurfer
FREESURFER_HOME /opt/freesurfer
Actual FREESURFER_HOME /opt/freesurfer
build-stamp.txt: freesurfer-linux-ubuntu22_x86_64-7.3.2-20220804-6354275
Linux dna023 5.14.0-427.37.1.el9_4.x86_64 #1 SMP PREEMPT_DYNAMIC Fri Sep 13 12:41:50 EDT 2024 x86_64 x86_64 x86_64 GNU/Linux
cputime      unlimited
filesize     unlimited
datasize     unlimited
stacksize    8192 kbytes
coredumpsize 0 kbytes
memoryuse    67108864 kbytes
vmemoryuse   unlimited
descriptors  1024 
memorylocked unlimited
maxproc      2061970 
maxlocks     unlimited
maxsignal    4126352 
maxmessage   819200 
maxnice      0 
maxrtprio    0 
maxrttime    unlimited

               total        used        free      shared  buff/cache   available
Mem:           1.0Ti        54Gi       903Gi        21Gi        49Gi       926Gi
Swap:             0B          0B          0B

########################################
program versions used
7.3.2 (freesurfer-linux-ubuntu22_x86_64-7.3.2-20220804-6354275)
7.3.2

ProgramName: lta_convert  ProgramArguments: lta_convert -all-info  ProgramVersion: 7.3.2  TimeStamp: 2026/03/11-11:28:37-GMT  BuildTime: Aug  4 2022 06:17:15  BuildStamp: freesurfer-linux-ubuntu22_x86_64-7.3.2-20220804-6354275  User: oesteban  Machine: dna023  Platform: Linux  PlatformVersion: 5.14.0-427.37.1.el9_4.x86_64  CompilerName: GCC  CompilerVersion: 8.4.0
ProgramName: mri_and  ProgramArguments: mri_and -all-info  ProgramVersion: 7.3.2  TimeStamp: 2026/03/11-11:28:37-GMT  BuildTime: Aug  4 2022 06:17:15  BuildStamp: freesurfer-linux-ubuntu22_x86_64-7.3.2-20220804-6354275  User: oesteban  Machine: dna023  Platform: Linux  PlatformVersion: 5.14.0-427.37.1.el9_4.x86_64  CompilerName: GCC  CompilerVersion: 8.4.0
ProgramName: mri_annotation2label  ProgramArguments: mri_annotation2label -all-info  ProgramVersion: 7.3.2  TimeStamp: 2026/03/11-11:28:37-GMT  BuildTime: Aug  4 2022 06:17:15  BuildStamp: freesurfer-linux-ubuntu22_x86_64-7.3.2-20220804-6354275  User: oesteban  Machine: dna023  Platform: Linux  PlatformVersion: 5.14.0-427.37.1.el9_4.x86_64  CompilerName: GCC  CompilerVersion: 8.4.0
ProgramName: mri_aparc2aseg  ProgramArguments: mri_aparc2aseg -all-info  ProgramVersion: 7.3.2  TimeStamp: 2026/03/11-11:28:37-GMT  BuildTime: Aug  4 2022 06:17:15  BuildStamp: freesurfer-linux-ubuntu22_x86_64-7.3.2-20220804-6354275  User: oesteban  Machine: dna023  Platform: Linux  PlatformVersion: 5.14.0-427.37.1.el9_4.x86_64  CompilerName: GCC  CompilerVersion: 8.4.0
ProgramName: mri_surf2volseg  ProgramArguments: mri_surf2volseg -all-info  ProgramVersion: 7.3.2  TimeStamp: 2026/03/11-11:28:37-GMT  BuildTime: Aug  4 2022 06:17:15  BuildStamp: freesurfer-linux-ubuntu22_x86_64-7.3.2-20220804-6354275  User: oesteban  Machine: dna023  Platform: Linux  PlatformVersion: 5.14.0-427.37.1.el9_4.x86_64  CompilerName: GCC  CompilerVersion: 8.4.0
ProgramName: mri_binarize  ProgramArguments: mri_binarize -all-info  ProgramVersion: 7.3.2  TimeStamp: 2026/03/11-11:28:37-GMT  BuildTime: Aug  4 2022 06:17:15  BuildStamp: freesurfer-linux-ubuntu22_x86_64-7.3.2-20220804-6354275  User: oesteban  Machine: dna023  Platform: Linux  PlatformVersion: 5.14.0-427.37.1.el9_4.x86_64  CompilerName: GCC  CompilerVersion: 8.4.0
ProgramName: mri_ca_label  ProgramArguments: mri_ca_label -all-info  ProgramVersion: 7.3.2  TimeStamp: 2026/03/11-11:28:37-GMT  BuildTime: Aug  4 2022 06:17:15  BuildStamp: freesurfer-linux-ubuntu22_x86_64-7.3.2-20220804-6354275  User: oesteban  Machine: dna023  Platform: Linux  PlatformVersion: 5.14.0-427.37.1.el9_4.x86_64  CompilerName: GCC  CompilerVersion: 8.4.0
ProgramName: mri_ca_normalize  ProgramArguments: mri_ca_normalize -all-info  ProgramVersion: 7.3.2  TimeStamp: 2026/03/11-11:28:37-GMT  BuildTime: Aug  4 2022 06:17:15  BuildStamp: freesurfer-linux-ubuntu22_x86_64-7.3.2-20220804-6354275  User: oesteban  Machine: dna023  Platform: Linux  PlatformVersion: 5.14.0-427.37.1.el9_4.x86_64  CompilerName: GCC  CompilerVersion: 8.4.0
ProgramName: mri_ca_register  ProgramArguments: mri_ca_register -all-info  ProgramVersion: 7.3.2  TimeStamp: 2026/03/11-11:28:37-GMT  BuildTime: Aug  4 2022 06:17:15  BuildStamp: freesurfer-linux-ubuntu22_x86_64-7.3.2-20220804-6354275  User: oesteban  Machine: dna023  Platform: Linux  PlatformVersion: 5.14.0-427.37.1.el9_4.x86_64  CompilerName: GCC  CompilerVersion: 8.4.0
ProgramName: mri_cc  ProgramArguments: mri_cc -all-info  ProgramVersion: 7.3.2  TimeStamp: 2026/03/11-11:28:37-GMT  BuildTime: Aug  4 2022 06:17:15  BuildStamp: freesurfer-linux-ubuntu22_x86_64-7.3.2-20220804-6354275  User: oesteban  Machine: dna023  Platform: Linux  PlatformVersion: 5.14.0-427.37.1.el9_4.x86_64  CompilerName: GCC  CompilerVersion: 8.4.0
ProgramName: mri_compute_overlap  ProgramArguments: mri_compute_overlap -all-info  ProgramVersion: 7.3.2  TimeStamp: 2026/03/11-11:28:37-GMT  BuildTime: Aug  4 2022 06:17:15  BuildStamp: freesurfer-linux-ubuntu22_x86_64-7.3.2-20220804-6354275  User: oesteban  Machine: dna023  Platform: Linux  PlatformVersion: 5.14.0-427.37.1.el9_4.x86_64  CompilerName: GCC  CompilerVersion: 8.4.0
ProgramName: mri_compute_seg_overlap  ProgramArguments: mri_compute_seg_overlap -all-info  ProgramVersion: 7.3.2  TimeStamp: 2026/03/11-11:28:37-GMT  BuildTime: Aug  4 2022 06:17:15  BuildStamp: freesurfer-linux-ubuntu22_x86_64-7.3.2-20220804-6354275  User: oesteban  Machine: dna023  Platform: Linux  PlatformVersion: 5.14.0-427.37.1.el9_4.x86_64  CompilerName: GCC  CompilerVersion: 8.4.0
ProgramName: mri_concat  ProgramArguments: mri_concat -all-info  ProgramVersion: 7.3.2  TimeStamp: 2026/03/11-11:28:37-GMT  BuildTime: Aug  4 2022 06:17:15  BuildStamp: freesurfer-linux-ubuntu22_x86_64-7.3.2-20220804-6354275  User: oesteban  Machine: dna023  Platform: Linux  PlatformVersion: 5.14.0-427.37.1.el9_4.x86_64  CompilerName: GCC  CompilerVersion: 8.4.0
ProgramName: mri_concatenate_lta  ProgramArguments: mri_concatenate_lta -all-info  ProgramVersion: 7.3.2  TimeStamp: 2026/03/11-11:28:37-GMT  BuildTime: Aug  4 2022 06:17:15  BuildStamp: freesurfer-linux-ubuntu22_x86_64-7.3.2-20220804-6354275  User: oesteban  Machine: dna023  Platform: Linux  PlatformVersion: 5.14.0-427.37.1.el9_4.x86_64  CompilerName: GCC  CompilerVersion: 8.4.0
mri_convert -all-info 
ProgramName: mri_convert  ProgramArguments: mri_convert -all-info  ProgramVersion: 7.3.2  TimeStamp: 2026/03/11-11:28:37-GMT  BuildTime: Aug  4 2022 06:17:15  BuildStamp: freesurfer-linux-ubuntu22_x86_64-7.3.2-20220804-6354275  User: oesteban  Machine: dna023  Platform: Linux  PlatformVersion: 5.14.0-427.37.1.el9_4.x86_64  CompilerName: GCC  CompilerVersion: 8.4.0
ProgramName: mri_diff  ProgramArguments: mri_diff -all-info  ProgramVersion: 7.3.2  TimeStamp: 2026/03/11-11:28:37-GMT  BuildTime: Aug  4 2022 06:17:15  BuildStamp: freesurfer-linux-ubuntu22_x86_64-7.3.2-20220804-6354275  User: oesteban  Machine: dna023  Platform: Linux  PlatformVersion: 5.14.0-427.37.1.el9_4.x86_64  CompilerName: GCC  CompilerVersion: 8.4.0
ProgramName: mri_edit_wm_with_aseg  ProgramArguments: mri_edit_wm_with_aseg -all-info  ProgramVersion: 7.3.2  TimeStamp: 2026/03/11-11:28:37-GMT  BuildTime: Aug  4 2022 06:17:15  BuildStamp: freesurfer-linux-ubuntu22_x86_64-7.3.2-20220804-6354275  User: oesteban  Machine: dna023  Platform: Linux  PlatformVersion: 5.14.0-427.37.1.el9_4.x86_64  CompilerName: GCC  CompilerVersion: 8.4.0
ProgramName: mri_em_register  ProgramArguments: mri_em_register -all-info  ProgramVersion: 7.3.2  TimeStamp: 2026/03/11-11:28:37-GMT  BuildTime: Aug  4 2022 06:17:15  BuildStamp: freesurfer-linux-ubuntu22_x86_64-7.3.2-20220804-6354275  User: oesteban  Machine: dna023  Platform: Linux  PlatformVersion: 5.14.0-427.37.1.el9_4.x86_64  CompilerName: GCC  CompilerVersion: 8.4.0
ProgramName: mri_fill  ProgramArguments: mri_fill -all-info  ProgramVersion: 7.3.2  TimeStamp: 2026/03/11-11:28:37-GMT  BuildTime: Aug  4 2022 06:17:15  BuildStamp: freesurfer-linux-ubuntu22_x86_64-7.3.2-20220804-6354275  User: oesteban  Machine: dna023  Platform: Linux  PlatformVersion: 5.14.0-427.37.1.el9_4.x86_64  CompilerName: GCC  CompilerVersion: 8.4.0
ProgramName: mri_fuse_segmentations  ProgramArguments: mri_fuse_segmentations -all-info  ProgramVersion: 7.3.2  TimeStamp: 2026/03/11-11:28:37-GMT  BuildTime: Aug  4 2022 06:17:15  BuildStamp: freesurfer-linux-ubuntu22_x86_64-7.3.2-20220804-6354275  User: oesteban  Machine: dna023  Platform: Linux  PlatformVersion: 5.14.0-427.37.1.el9_4.x86_64  CompilerName: GCC  CompilerVersion: 8.4.0
ProgramName: mri_fwhm  ProgramArguments: mri_fwhm -all-info  ProgramVersion: 7.3.2  TimeStamp: 2026/03/11-11:28:37-GMT  BuildTime: Aug  4 2022 06:17:15  BuildStamp: freesurfer-linux-ubuntu22_x86_64-7.3.2-20220804-6354275  User: oesteban  Machine: dna023  Platform: Linux  PlatformVersion: 5.14.0-427.37.1.el9_4.x86_64  CompilerName: GCC  CompilerVersion: 8.4.0
ProgramName: mri_gcut  ProgramArguments: mri_gcut -all-info  ProgramVersion: 7.3.2  TimeStamp: 2026/03/11-11:28:37-GMT  BuildTime: Aug  4 2022 06:17:15  BuildStamp: freesurfer-linux-ubuntu22_x86_64-7.3.2-20220804-6354275  User: oesteban  Machine: dna023  Platform: Linux  PlatformVersion: 5.14.0-427.37.1.el9_4.x86_64  CompilerName: GCC  CompilerVersion: 8.4.0
ProgramName: mri_info  ProgramArguments: mri_info -all-info  ProgramVersion: 7.3.2  TimeStamp: 2026/03/11-11:28:37-GMT  BuildTime: Aug  4 2022 06:17:15  BuildStamp: freesurfer-linux-ubuntu22_x86_64-7.3.2-20220804-6354275  User: oesteban  Machine: dna023  Platform: Linux  PlatformVersion: 5.14.0-427.37.1.el9_4.x86_64  CompilerName: GCC  CompilerVersion: 8.4.0
ProgramName: mri_label2label  ProgramArguments: mri_label2label -all-info  ProgramVersion: 7.3.2  TimeStamp: 2026/03/11-11:28:37-GMT  BuildTime: Aug  4 2022 06:17:15  BuildStamp: freesurfer-linux-ubuntu22_x86_64-7.3.2-20220804-6354275  User: oesteban  Machine: dna023  Platform: Linux  PlatformVersion: 5.14.0-427.37.1.el9_4.x86_64  CompilerName: GCC  CompilerVersion: 8.4.0
ProgramName: mri_label2vol  ProgramArguments: mri_label2vol -all-info  ProgramVersion: 7.3.2  TimeStamp: 2026/03/11-11:28:37-GMT  BuildTime: Aug  4 2022 06:17:15  BuildStamp: freesurfer-linux-ubuntu22_x86_64-7.3.2-20220804-6354275  User: oesteban  Machine: dna023  Platform: Linux  PlatformVersion: 5.14.0-427.37.1.el9_4.x86_64  CompilerName: GCC  CompilerVersion: 8.4.0
ProgramName: mri_log_likelihood  ProgramArguments: mri_log_likelihood -all-info  ProgramVersion: 7.3.2  TimeStamp: 2026/03/11-11:28:37-GMT  BuildTime: Aug  4 2022 06:17:15  BuildStamp: freesurfer-linux-ubuntu22_x86_64-7.3.2-20220804-6354275  User: oesteban  Machine: dna023  Platform: Linux  PlatformVersion: 5.14.0-427.37.1.el9_4.x86_64  CompilerName: GCC  CompilerVersion: 8.4.0
ProgramName: mri_mask  ProgramArguments: mri_mask -all-info  ProgramVersion: 7.3.2  TimeStamp: 2026/03/11-11:28:37-GMT  BuildTime: Aug  4 2022 06:17:15  BuildStamp: freesurfer-linux-ubuntu22_x86_64-7.3.2-20220804-6354275  User: oesteban  Machine: dna023  Platform: Linux  PlatformVersion: 5.14.0-427.37.1.el9_4.x86_64  CompilerName: GCC  CompilerVersion: 8.4.0
ProgramName: mri_matrix_multiply  ProgramArguments: mri_matrix_multiply -all-info  ProgramVersion: 7.3.2  TimeStamp: 2026/03/11-11:28:37-GMT  BuildTime: Aug  4 2022 06:17:15  BuildStamp: freesurfer-linux-ubuntu22_x86_64-7.3.2-20220804-6354275  User: oesteban  Machine: dna023  Platform: Linux  PlatformVersion: 5.14.0-427.37.1.el9_4.x86_64  CompilerName: GCC  CompilerVersion: 8.4.0
ProgramName: mri_normalize  ProgramArguments: mri_normalize -all-info  ProgramVersion: 7.3.2  TimeStamp: 2026/03/11-11:28:37-GMT  BuildTime: Aug  4 2022 06:17:15  BuildStamp: freesurfer-linux-ubuntu22_x86_64-7.3.2-20220804-6354275  User: oesteban  Machine: dna023  Platform: Linux  PlatformVersion: 5.14.0-427.37.1.el9_4.x86_64  CompilerName: GCC  CompilerVersion: 8.4.0
ProgramName: mri_normalize_tp2  ProgramArguments: mri_normalize_tp2 -all-info  ProgramVersion: 7.3.2  TimeStamp: 2026/03/11-11:28:37-GMT  BuildTime: Aug  4 2022 06:17:15  BuildStamp: freesurfer-linux-ubuntu22_x86_64-7.3.2-20220804-6354275  User: oesteban  Machine: dna023  Platform: Linux  PlatformVersion: 5.14.0-427.37.1.el9_4.x86_64  CompilerName: GCC  CompilerVersion: 8.4.0
ProgramName: mri_or  ProgramArguments: mri_or -all-info  ProgramVersion: 7.3.2  TimeStamp: 2026/03/11-11:28:37-GMT  BuildTime: Aug  4 2022 06:17:15  BuildStamp: freesurfer-linux-ubuntu22_x86_64-7.3.2-20220804-6354275  User: oesteban  Machine: dna023  Platform: Linux  PlatformVersion: 5.14.0-427.37.1.el9_4.x86_64  CompilerName: GCC  CompilerVersion: 8.4.0
ProgramName: mri_relabel_hypointensities  ProgramArguments: mri_relabel_hypointensities -all-info  ProgramVersion: 7.3.2  TimeStamp: 2026/03/11-11:28:37-GMT  BuildTime: Aug  4 2022 06:17:15  BuildStamp: freesurfer-linux-ubuntu22_x86_64-7.3.2-20220804-6354275  User: oesteban  Machine: dna023  Platform: Linux  PlatformVersion: 5.14.0-427.37.1.el9_4.x86_64  CompilerName: GCC  CompilerVersion: 8.4.0
ProgramName: mri_relabel_nonwm_hypos  ProgramArguments: mri_relabel_nonwm_hypos -all-info  ProgramVersion: 7.3.2  TimeStamp: 2026/03/11-11:28:37-GMT  BuildTime: Aug  4 2022 06:17:15  BuildStamp: freesurfer-linux-ubuntu22_x86_64-7.3.2-20220804-6354275  User: oesteban  Machine: dna023  Platform: Linux  PlatformVersion: 5.14.0-427.37.1.el9_4.x86_64  CompilerName: GCC  CompilerVersion: 8.4.0
ProgramName: mri_remove_neck  ProgramArguments: mri_remove_neck -all-info  ProgramVersion: 7.3.2  TimeStamp: 2026/03/11-11:28:37-GMT  BuildTime: Aug  4 2022 06:17:15  BuildStamp: freesurfer-linux-ubuntu22_x86_64-7.3.2-20220804-6354275  User: oesteban  Machine: dna023  Platform: Linux  PlatformVersion: 5.14.0-427.37.1.el9_4.x86_64  CompilerName: GCC  CompilerVersion: 8.4.0
7.3.2

ProgramName: mri_robust_register  ProgramArguments: mri_robust_register -all-info  ProgramVersion: 7.3.2  TimeStamp: 2026/03/11-11:28:37-GMT  BuildTime: Aug  4 2022 06:17:15  BuildStamp: freesurfer-linux-ubuntu22_x86_64-7.3.2-20220804-6354275  User: oesteban  Machine: dna023  Platform: Linux  PlatformVersion: 5.14.0-427.37.1.el9_4.x86_64  CompilerName: GCC  CompilerVersion: 8.4.0
7.3.2

ProgramName: mri_robust_template  ProgramArguments: mri_robust_template -all-info  ProgramVersion: 7.3.2  TimeStamp: 2026/03/11-11:28:37-GMT  BuildTime: Aug  4 2022 06:17:15  BuildStamp: freesurfer-linux-ubuntu22_x86_64-7.3.2-20220804-6354275  User: oesteban  Machine: dna023  Platform: Linux  PlatformVersion: 5.14.0-427.37.1.el9_4.x86_64  CompilerName: GCC  CompilerVersion: 8.4.0
ProgramName: mris_anatomical_stats  ProgramArguments: mris_anatomical_stats -all-info  ProgramVersion: 7.3.2  TimeStamp: 2026/03/11-11:28:37-GMT  BuildTime: Aug  4 2022 06:17:15  BuildStamp: freesurfer-linux-ubuntu22_x86_64-7.3.2-20220804-6354275  User: oesteban  Machine: dna023  Platform: Linux  PlatformVersion: 5.14.0-427.37.1.el9_4.x86_64  CompilerName: GCC  CompilerVersion: 8.4.0
ProgramName: mris_ca_label  ProgramArguments: mris_ca_label -all-info  ProgramVersion: 7.3.2  TimeStamp: 2026/03/11-11:28:37-GMT  BuildTime: Aug  4 2022 06:17:15  BuildStamp: freesurfer-linux-ubuntu22_x86_64-7.3.2-20220804-6354275  User: oesteban  Machine: dna023  Platform: Linux  PlatformVersion: 5.14.0-427.37.1.el9_4.x86_64  CompilerName: GCC  CompilerVersion: 8.4.0
ProgramName: mris_calc  ProgramArguments: mris_calc -all-info  ProgramVersion: 7.3.2  TimeStamp: 2026/03/11-11:28:37-GMT  BuildTime: Aug  4 2022 06:17:15  BuildStamp: freesurfer-linux-ubuntu22_x86_64-7.3.2-20220804-6354275  User: oesteban  Machine: dna023  Platform: Linux  PlatformVersion: 5.14.0-427.37.1.el9_4.x86_64  CompilerName: GCC  CompilerVersion: 8.4.0
ProgramName: mris_convert  ProgramArguments: mris_convert -all-info  ProgramVersion: 7.3.2  TimeStamp: 2026/03/11-11:28:37-GMT  BuildTime: Aug  4 2022 06:17:15  BuildStamp: freesurfer-linux-ubuntu22_x86_64-7.3.2-20220804-6354275  User: oesteban  Machine: dna023  Platform: Linux  PlatformVersion: 5.14.0-427.37.1.el9_4.x86_64  CompilerName: GCC  CompilerVersion: 8.4.0
ProgramName: mris_curvature  ProgramArguments: mris_curvature -all-info  ProgramVersion: 7.3.2  TimeStamp: 2026/03/11-11:28:37-GMT  BuildTime: Aug  4 2022 06:17:15  BuildStamp: freesurfer-linux-ubuntu22_x86_64-7.3.2-20220804-6354275  User: oesteban  Machine: dna023  Platform: Linux  PlatformVersion: 5.14.0-427.37.1.el9_4.x86_64  CompilerName: GCC  CompilerVersion: 8.4.0
ProgramName: mris_curvature_stats  ProgramArguments: mris_curvature_stats -all-info  ProgramVersion: 7.3.2  TimeStamp: 2026/03/11-11:28:37-GMT  BuildTime: Aug  4 2022 06:17:15  BuildStamp: freesurfer-linux-ubuntu22_x86_64-7.3.2-20220804-6354275  User: oesteban  Machine: dna023  Platform: Linux  PlatformVersion: 5.14.0-427.37.1.el9_4.x86_64  CompilerName: GCC  CompilerVersion: 8.4.0
ProgramName: mris_diff  ProgramArguments: mris_diff -all-info  ProgramVersion: 7.3.2  TimeStamp: 2026/03/11-11:28:37-GMT  BuildTime: Aug  4 2022 06:17:15  BuildStamp: freesurfer-linux-ubuntu22_x86_64-7.3.2-20220804-6354275  User: oesteban  Machine: dna023  Platform: Linux  PlatformVersion: 5.14.0-427.37.1.el9_4.x86_64  CompilerName: GCC  CompilerVersion: 8.4.0
ProgramName: mris_divide_parcellation  ProgramArguments: mris_divide_parcellation -all-info  ProgramVersion: 7.3.2  TimeStamp: 2026/03/11-11:28:37-GMT  BuildTime: Aug  4 2022 06:17:15  BuildStamp: freesurfer-linux-ubuntu22_x86_64-7.3.2-20220804-6354275  User: oesteban  Machine: dna023  Platform: Linux  PlatformVersion: 5.14.0-427.37.1.el9_4.x86_64  CompilerName: GCC  CompilerVersion: 8.4.0
ProgramName: mri_segment  ProgramArguments: mri_segment -all-info  ProgramVersion: 7.3.2  TimeStamp: 2026/03/11-11:28:37-GMT  BuildTime: Aug  4 2022 06:17:15  BuildStamp: freesurfer-linux-ubuntu22_x86_64-7.3.2-20220804-6354275  User: oesteban  Machine: dna023  Platform: Linux  PlatformVersion: 5.14.0-427.37.1.el9_4.x86_64  CompilerName: GCC  CompilerVersion: 8.4.0
ProgramName: mri_segstats  ProgramArguments: mri_segstats -all-info  ProgramVersion: 7.3.2  TimeStamp: 2026/03/11-11:28:37-GMT  BuildTime: Aug  4 2022 06:17:15  BuildStamp: freesurfer-linux-ubuntu22_x86_64-7.3.2-20220804-6354275  User: oesteban  Machine: dna023  Platform: Linux  PlatformVersion: 5.14.0-427.37.1.el9_4.x86_64  CompilerName: GCC  CompilerVersion: 8.4.0
ProgramName: mris_euler_number  ProgramArguments: mris_euler_number -all-info  ProgramVersion: 7.3.2  TimeStamp: 2026/03/11-11:28:37-GMT  BuildTime: Aug  4 2022 06:17:15  BuildStamp: freesurfer-linux-ubuntu22_x86_64-7.3.2-20220804-6354275  User: oesteban  Machine: dna023  Platform: Linux  PlatformVersion: 5.14.0-427.37.1.el9_4.x86_64  CompilerName: GCC  CompilerVersion: 8.4.0
ProgramName: mris_fix_topology  ProgramArguments: mris_fix_topology -all-info  ProgramVersion: 7.3.2  TimeStamp: 2026/03/11-11:28:37-GMT  BuildTime: Aug  4 2022 06:17:15  BuildStamp: freesurfer-linux-ubuntu22_x86_64-7.3.2-20220804-6354275  User: oesteban  Machine: dna023  Platform: Linux  PlatformVersion: 5.14.0-427.37.1.el9_4.x86_64  CompilerName: GCC  CompilerVersion: 8.4.0
ProgramName: mris_topo_fixer  ProgramArguments: mris_topo_fixer -all-info  ProgramVersion: 7.3.2  TimeStamp: 2026/03/11-11:28:37-GMT  BuildTime: Aug  4 2022 06:17:15  BuildStamp: freesurfer-linux-ubuntu22_x86_64-7.3.2-20220804-6354275  User: oesteban  Machine: dna023  Platform: Linux  PlatformVersion: 5.14.0-427.37.1.el9_4.x86_64  CompilerName: GCC  CompilerVersion: 8.4.0
ProgramName: mris_jacobian  ProgramArguments: mris_jacobian -all-info  ProgramVersion: 7.3.2  TimeStamp: 2026/03/11-11:28:37-GMT  BuildTime: Aug  4 2022 06:17:15  BuildStamp: freesurfer-linux-ubuntu22_x86_64-7.3.2-20220804-6354275  User: oesteban  Machine: dna023  Platform: Linux  PlatformVersion: 5.14.0-427.37.1.el9_4.x86_64  CompilerName: GCC  CompilerVersion: 8.4.0
ProgramName: mris_label2annot  ProgramArguments: mris_label2annot -all-info  ProgramVersion: 7.3.2  TimeStamp: 2026/03/11-11:28:37-GMT  BuildTime: Aug  4 2022 06:17:15  BuildStamp: freesurfer-linux-ubuntu22_x86_64-7.3.2-20220804-6354275  User: oesteban  Machine: dna023  Platform: Linux  PlatformVersion: 5.14.0-427.37.1.el9_4.x86_64  CompilerName: GCC  CompilerVersion: 8.4.0
ProgramName: mris_left_right_register  ProgramArguments: mris_left_right_register -all-info  ProgramVersion: 7.3.2  TimeStamp: 2026/03/11-11:28:37-GMT  BuildTime: Aug  4 2022 06:17:15  BuildStamp: freesurfer-linux-ubuntu22_x86_64-7.3.2-20220804-6354275  User: oesteban  Machine: dna023  Platform: Linux  PlatformVersion: 5.14.0-427.37.1.el9_4.x86_64  CompilerName: GCC  CompilerVersion: 8.4.0
ProgramName: mris_place_surface  ProgramArguments: mris_place_surface -all-info  ProgramVersion: 7.3.2  TimeStamp: 2026/03/11-11:28:37-GMT  BuildTime: Aug  4 2022 06:17:15  BuildStamp: freesurfer-linux-ubuntu22_x86_64-7.3.2-20220804-6354275  User: oesteban  Machine: dna023  Platform: Linux  PlatformVersion: 5.14.0-427.37.1.el9_4.x86_64  CompilerName: GCC  CompilerVersion: 8.4.0
ProgramName: mrisp_paint  ProgramArguments: mrisp_paint -all-info  ProgramVersion: 7.3.2  TimeStamp: 2026/03/11-11:28:37-GMT  BuildTime: Aug  4 2022 06:17:15  BuildStamp: freesurfer-linux-ubuntu22_x86_64-7.3.2-20220804-6354275  User: oesteban  Machine: dna023  Platform: Linux  PlatformVersion: 5.14.0-427.37.1.el9_4.x86_64  CompilerName: GCC  CompilerVersion: 8.4.0
ProgramName: mris_register  ProgramArguments: mris_register -all-info  ProgramVersion: 7.3.2  TimeStamp: 2026/03/11-11:28:37-GMT  BuildTime: Aug  4 2022 06:17:15  BuildStamp: freesurfer-linux-ubuntu22_x86_64-7.3.2-20220804-6354275  User: oesteban  Machine: dna023  Platform: Linux  PlatformVersion: 5.14.0-427.37.1.el9_4.x86_64  CompilerName: GCC  CompilerVersion: 8.4.0
ProgramName: mris_smooth  ProgramArguments: mris_smooth -all-info  ProgramVersion: 7.3.2  TimeStamp: 2026/03/11-11:28:37-GMT  BuildTime: Aug  4 2022 06:17:15  BuildStamp: freesurfer-linux-ubuntu22_x86_64-7.3.2-20220804-6354275  User: oesteban  Machine: dna023  Platform: Linux  PlatformVersion: 5.14.0-427.37.1.el9_4.x86_64  CompilerName: GCC  CompilerVersion: 8.4.0
ProgramName: mris_sphere  ProgramArguments: mris_sphere -all-info  ProgramVersion: 7.3.2  TimeStamp: 2026/03/11-11:28:37-GMT  BuildTime: Aug  4 2022 06:17:15  BuildStamp: freesurfer-linux-ubuntu22_x86_64-7.3.2-20220804-6354275  User: oesteban  Machine: dna023  Platform: Linux  PlatformVersion: 5.14.0-427.37.1.el9_4.x86_64  CompilerName: GCC  CompilerVersion: 8.4.0
ProgramName: mris_surface_stats  ProgramArguments: mris_surface_stats -all-info  ProgramVersion: 7.3.2  TimeStamp: 2026/03/11-11:28:37-GMT  BuildTime: Aug  4 2022 06:17:15  BuildStamp: freesurfer-linux-ubuntu22_x86_64-7.3.2-20220804-6354275  User: oesteban  Machine: dna023  Platform: Linux  PlatformVersion: 5.14.0-427.37.1.el9_4.x86_64  CompilerName: GCC  CompilerVersion: 8.4.0
ProgramName: mri_stats2seg  ProgramArguments: mri_stats2seg -all-info  ProgramVersion: 7.3.2  TimeStamp: 2026/03/11-11:28:37-GMT  BuildTime: Aug  4 2022 06:17:15  BuildStamp: freesurfer-linux-ubuntu22_x86_64-7.3.2-20220804-6354275  User: oesteban  Machine: dna023  Platform: Linux  PlatformVersion: 5.14.0-427.37.1.el9_4.x86_64  CompilerName: GCC  CompilerVersion: 8.4.0
ProgramName: mris_thickness  ProgramArguments: mris_thickness -all-info  ProgramVersion: 7.3.2  TimeStamp: 2026/03/11-11:28:37-GMT  BuildTime: Aug  4 2022 06:17:15  BuildStamp: freesurfer-linux-ubuntu22_x86_64-7.3.2-20220804-6354275  User: oesteban  Machine: dna023  Platform: Linux  PlatformVersion: 5.14.0-427.37.1.el9_4.x86_64  CompilerName: GCC  CompilerVersion: 8.4.0
ProgramName: mris_thickness_diff  ProgramArguments: mris_thickness_diff -all-info  ProgramVersion: 7.3.2  TimeStamp: 2026/03/11-11:28:37-GMT  BuildTime: Aug  4 2022 06:17:15  BuildStamp: freesurfer-linux-ubuntu22_x86_64-7.3.2-20220804-6354275  User: oesteban  Machine: dna023  Platform: Linux  PlatformVersion: 5.14.0-427.37.1.el9_4.x86_64  CompilerName: GCC  CompilerVersion: 8.4.0
ProgramName: mris_topo_fixer  ProgramArguments: mris_topo_fixer -all-info  ProgramVersion: 7.3.2  TimeStamp: 2026/03/11-11:28:37-GMT  BuildTime: Aug  4 2022 06:17:15  BuildStamp: freesurfer-linux-ubuntu22_x86_64-7.3.2-20220804-6354275  User: oesteban  Machine: dna023  Platform: Linux  PlatformVersion: 5.14.0-427.37.1.el9_4.x86_64  CompilerName: GCC  CompilerVersion: 8.4.0
ProgramName: mri_surf2surf  ProgramArguments: mri_surf2surf -all-info  ProgramVersion: 7.3.2  TimeStamp: 2026/03/11-11:28:37-GMT  BuildTime: Aug  4 2022 06:17:15  BuildStamp: freesurfer-linux-ubuntu22_x86_64-7.3.2-20220804-6354275  User: oesteban  Machine: dna023  Platform: Linux  PlatformVersion: 5.14.0-427.37.1.el9_4.x86_64  CompilerName: GCC  CompilerVersion: 8.4.0
ProgramName: mri_surf2vol  ProgramArguments: mri_surf2vol -all-info  ProgramVersion: 7.3.2  TimeStamp: 2026/03/11-11:28:37-GMT  BuildTime: Aug  4 2022 06:17:15  BuildStamp: freesurfer-linux-ubuntu22_x86_64-7.3.2-20220804-6354275  User: oesteban  Machine: dna023  Platform: Linux  PlatformVersion: 5.14.0-427.37.1.el9_4.x86_64  CompilerName: GCC  CompilerVersion: 8.4.0
ProgramName: mri_surfcluster  ProgramArguments: mri_surfcluster -all-info  ProgramVersion: 7.3.2  TimeStamp: 2026/03/11-11:28:37-GMT  BuildTime: Aug  4 2022 06:17:15  BuildStamp: freesurfer-linux-ubuntu22_x86_64-7.3.2-20220804-6354275  User: oesteban  Machine: dna023  Platform: Linux  PlatformVersion: 5.14.0-427.37.1.el9_4.x86_64  CompilerName: GCC  CompilerVersion: 8.4.0
ProgramName: mris_volmask  ProgramArguments: mris_volmask -all-info  ProgramVersion: 7.3.2  TimeStamp: 2026/03/11-11:28:37-GMT  BuildTime: Aug  4 2022 06:17:15  BuildStamp: freesurfer-linux-ubuntu22_x86_64-7.3.2-20220804-6354275  User: oesteban  Machine: dna023  Platform: Linux  PlatformVersion: 5.14.0-427.37.1.el9_4.x86_64  CompilerName: GCC  CompilerVersion: 8.4.0
ProgramName: mri_tessellate  ProgramArguments: mri_tessellate -all-info  ProgramVersion: 7.3.2  TimeStamp: 2026/03/11-11:28:37-GMT  BuildTime: Aug  4 2022 06:17:15  BuildStamp: freesurfer-linux-ubuntu22_x86_64-7.3.2-20220804-6354275  User: oesteban  Machine: dna023  Platform: Linux  PlatformVersion: 5.14.0-427.37.1.el9_4.x86_64  CompilerName: GCC  CompilerVersion: 8.4.0
ProgramName: mri_vol2surf  ProgramArguments: mri_vol2surf -all-info  ProgramVersion: 7.3.2  TimeStamp: 2026/03/11-11:28:37-GMT  BuildTime: Aug  4 2022 06:17:15  BuildStamp: freesurfer-linux-ubuntu22_x86_64-7.3.2-20220804-6354275  User: oesteban  Machine: dna023  Platform: Linux  PlatformVersion: 5.14.0-427.37.1.el9_4.x86_64  CompilerName: GCC  CompilerVersion: 8.4.0
ProgramName: mri_vol2vol  ProgramArguments: mri_vol2vol -all-info  ProgramVersion: 7.3.2  TimeStamp: 2026/03/11-11:28:37-GMT  BuildTime: Aug  4 2022 06:17:15  BuildStamp: freesurfer-linux-ubuntu22_x86_64-7.3.2-20220804-6354275  User: oesteban  Machine: dna023  Platform: Linux  PlatformVersion: 5.14.0-427.37.1.el9_4.x86_64  CompilerName: GCC  CompilerVersion: 8.4.0
ProgramName: mri_voldiff  ProgramArguments: mri_voldiff -all-info  ProgramVersion: 7.3.2  TimeStamp: 2026/03/11-11:28:37-GMT  BuildTime: Aug  4 2022 06:17:15  BuildStamp: freesurfer-linux-ubuntu22_x86_64-7.3.2-20220804-6354275  User: oesteban  Machine: dna023  Platform: Linux  PlatformVersion: 5.14.0-427.37.1.el9_4.x86_64  CompilerName: GCC  CompilerVersion: 8.4.0
ProgramName: mri_watershed  ProgramArguments: mri_watershed -all-info  ProgramVersion: 7.3.2  TimeStamp: 2026/03/11-11:28:37-GMT  BuildTime: Aug  4 2022 06:17:15  BuildStamp: freesurfer-linux-ubuntu22_x86_64-7.3.2-20220804-6354275  User: oesteban  Machine: dna023  Platform: Linux  PlatformVersion: 5.14.0-427.37.1.el9_4.x86_64  CompilerName: GCC  CompilerVersion: 8.4.0
ProgramName: tkregister2  ProgramArguments: tkregister2_cmdl -all-info  ProgramVersion: 7.3.2  TimeStamp: 2026/03/11-11:28:37-GMT  BuildTime: Aug  4 2022 06:17:15  BuildStamp: freesurfer-linux-ubuntu22_x86_64-7.3.2-20220804-6354275  User: oesteban  Machine: dna023  Platform: Linux  PlatformVersion: 5.14.0-427.37.1.el9_4.x86_64  CompilerName: GCC  CompilerVersion: 8.4.0
mri_motion_correct.fsl 7.3.2
mri_convert -all-info 
ProgramName: mri_convert  ProgramArguments: mri_convert -all-info  ProgramVersion: 7.3.2  TimeStamp: 2026/03/11-11:28:37-GMT  BuildTime: Aug  4 2022 06:17:15  BuildStamp: freesurfer-linux-ubuntu22_x86_64-7.3.2-20220804-6354275  User: oesteban  Machine: dna023  Platform: Linux  PlatformVersion: 5.14.0-427.37.1.el9_4.x86_64  CompilerName: GCC  CompilerVersion: 8.4.0
Program nu_correct, built from:
Package MNI N3, version 1.12.0, compiled by nicks@terrier (x86_64-unknown-linux-gnu) on 2015-06-19 at 01:25:34
#######################################
GCADIR /opt/freesurfer/average
GCA RB_all_2020-01-02.gca
GCASkull RB_all_withskull_2020_01_02.gca
AvgCurvTif folding.atlas.acfb40.noaparc.i12.2016-08-02.tif
GCSDIR /opt/freesurfer/average
GCS DKaparc.atlas.acfb40.noaparc.i12.2016-08-02.gcs
#######################################
#@# white curv lh Wed Mar 11 12:28:37 CET 2026
cd /out/sourcedata/freesurfer/sub-v2s16x51235_ses-1/mri
mris_place_surface --curv-map ../surf/lh.white 2 10 ../surf/lh.curv
   Update not needed
#@# white area lh Wed Mar 11 12:28:37 CET 2026
cd /out/sourcedata/freesurfer/sub-v2s16x51235_ses-1/mri
mris_place_surface --area-map ../surf/lh.white ../surf/lh.area
   Update not needed
#@# pial curv lh Wed Mar 11 12:28:37 CET 2026
cd /out/sourcedata/freesurfer/sub-v2s16x51235_ses-1/mri
mris_place_surface --curv-map ../surf/lh.pial 2 10 ../surf/lh.curv.pial
   Update not needed
#@# pial area lh Wed Mar 11 12:28:37 CET 2026
cd /out/sourcedata/freesurfer/sub-v2s16x51235_ses-1/mri
mris_place_surface --area-map ../surf/lh.pial ../surf/lh.area.pial
   Update not needed
#@# thickness lh Wed Mar 11 12:28:37 CET 2026
cd /out/sourcedata/freesurfer/sub-v2s16x51235_ses-1/mri
mris_place_surface --thickness ../surf/lh.white ../surf/lh.pial 20 5 ../surf/lh.thickness
   Update not needed
#@# area and vertex vol lh Wed Mar 11 12:28:37 CET 2026
cd /out/sourcedata/freesurfer/sub-v2s16x51235_ses-1/mri
mris_place_surface --thickness ../surf/lh.white ../surf/lh.pial 20 5 ../surf/lh.thickness
   Update not needed
#@# white curv rh Wed Mar 11 12:28:37 CET 2026
cd /out/sourcedata/freesurfer/sub-v2s16x51235_ses-1/mri
mris_place_surface --curv-map ../surf/rh.white 2 10 ../surf/rh.curv
   Update not needed
#@# white area rh Wed Mar 11 12:28:37 CET 2026
cd /out/sourcedata/freesurfer/sub-v2s16x51235_ses-1/mri
mris_place_surface --area-map ../surf/rh.white ../surf/rh.area
   Update not needed
#@# pial curv rh Wed Mar 11 12:28:37 CET 2026
cd /out/sourcedata/freesurfer/sub-v2s16x51235_ses-1/mri
mris_place_surface --curv-map ../surf/rh.pial 2 10 ../surf/rh.curv.pial
   Update not needed
#@# pial area rh Wed Mar 11 12:28:37 CET 2026
cd /out/sourcedata/freesurfer/sub-v2s16x51235_ses-1/mri
mris_place_surface --area-map ../surf/rh.pial ../surf/rh.area.pial
   Update not needed
#@# thickness rh Wed Mar 11 12:28:37 CET 2026
cd /out/sourcedata/freesurfer/sub-v2s16x51235_ses-1/mri
mris_place_surface --thickness ../surf/rh.white ../surf/rh.pial 20 5 ../surf/rh.thickness
   Update not needed
#@# area and vertex vol rh Wed Mar 11 12:28:37 CET 2026
cd /out/sourcedata/freesurfer/sub-v2s16x51235_ses-1/mri
mris_place_surface --thickness ../surf/rh.white ../surf/rh.pial 20 5 ../surf/rh.thickness
   Update not needed
#--------------------------------------------
#@# Cortical ribbon mask Wed Mar 11 12:28:37 CET 2026
/out/sourcedata/freesurfer/sub-v2s16x51235_ses-1/mri

 mris_volmask --aseg_name aseg.presurf --label_left_white 2 --label_left_ribbon 3 --label_right_white 41 --label_right_ribbon 42 --save_ribbon sub-v2s16x51235_ses-1 

SUBJECTS_DIR is /out/sourcedata/freesurfer
loading input data...
Running hemis serially
Processing left hemi
computing distance to left white surface 
computing distance to left pial surface 
Processing right hemi
computing distance to right white surface 
computing distance to right pial surface 
 hemi masks overlap voxels = 378
writing volume /out/sourcedata/freesurfer/sub-v2s16x51235_ses-1/mri/ribbon.mgz
mris_volmask took 6.51 minutes
 writing ribbon files

Started at Wed Mar 11 12:28:37 CET 2026 
Ended   at Wed Mar 11 12:35:08 CET 2026
#@#%# recon-all-run-time-hours 0.109
recon-all -s sub-v2s16x51235_ses-1 finished without error at Wed Mar 11 12:35:08 CET 2026



#New# invocation of recon-all 




Wed Mar 11 12:41:22 CET 2026
cd /out/sourcedata/freesurfer/sub-v2s16x51235_ses-1
setenv SUBJECTS_DIR /out/sourcedata/freesurfer
/opt/freesurfer/bin/recon-all -autorecon3 -openmp 16 -subjid sub-v2s16x51235_ses-1 -sd /out/sourcedata/freesurfer -nosphere -nosurfreg -nojacobian_white -noavgcurv -nocortparc -nopial -noparcstats -nocortparc2 -noparcstats2 -nocortparc3 -noparcstats3 -nopctsurfcon -nocortribbon -nobalabels

subjid sub-v2s16x51235_ses-1
setenv SUBJECTS_DIR /out/sourcedata/freesurfer
FREESURFER_HOME /opt/freesurfer
Actual FREESURFER_HOME /opt/freesurfer
build-stamp.txt: freesurfer-linux-ubuntu22_x86_64-7.3.2-20220804-6354275
Linux dna023 5.14.0-427.37.1.el9_4.x86_64 #1 SMP PREEMPT_DYNAMIC Fri Sep 13 12:41:50 EDT 2024 x86_64 x86_64 x86_64 GNU/Linux
cputime      unlimited
filesize     unlimited
datasize     unlimited
stacksize    8192 kbytes
coredumpsize 0 kbytes
memoryuse    67108864 kbytes
vmemoryuse   unlimited
descriptors  1024 
memorylocked unlimited
maxproc      2061970 
maxlocks     unlimited
maxsignal    4126352 
maxmessage   819200 
maxnice      0 
maxrtprio    0 
maxrttime    unlimited

               total        used        free      shared  buff/cache   available
Mem:           1.0Ti        54Gi       902Gi        21Gi        50Gi       925Gi
Swap:             0B          0B          0B

########################################
program versions used
7.3.2 (freesurfer-linux-ubuntu22_x86_64-7.3.2-20220804-6354275)
7.3.2

ProgramName: lta_convert  ProgramArguments: lta_convert -all-info  ProgramVersion: 7.3.2  TimeStamp: 2026/03/11-11:41:22-GMT  BuildTime: Aug  4 2022 06:17:15  BuildStamp: freesurfer-linux-ubuntu22_x86_64-7.3.2-20220804-6354275  User: oesteban  Machine: dna023  Platform: Linux  PlatformVersion: 5.14.0-427.37.1.el9_4.x86_64  CompilerName: GCC  CompilerVersion: 8.4.0
ProgramName: mri_and  ProgramArguments: mri_and -all-info  ProgramVersion: 7.3.2  TimeStamp: 2026/03/11-11:41:22-GMT  BuildTime: Aug  4 2022 06:17:15  BuildStamp: freesurfer-linux-ubuntu22_x86_64-7.3.2-20220804-6354275  User: oesteban  Machine: dna023  Platform: Linux  PlatformVersion: 5.14.0-427.37.1.el9_4.x86_64  CompilerName: GCC  CompilerVersion: 8.4.0
ProgramName: mri_annotation2label  ProgramArguments: mri_annotation2label -all-info  ProgramVersion: 7.3.2  TimeStamp: 2026/03/11-11:41:22-GMT  BuildTime: Aug  4 2022 06:17:15  BuildStamp: freesurfer-linux-ubuntu22_x86_64-7.3.2-20220804-6354275  User: oesteban  Machine: dna023  Platform: Linux  PlatformVersion: 5.14.0-427.37.1.el9_4.x86_64  CompilerName: GCC  CompilerVersion: 8.4.0
ProgramName: mri_aparc2aseg  ProgramArguments: mri_aparc2aseg -all-info  ProgramVersion: 7.3.2  TimeStamp: 2026/03/11-11:41:22-GMT  BuildTime: Aug  4 2022 06:17:15  BuildStamp: freesurfer-linux-ubuntu22_x86_64-7.3.2-20220804-6354275  User: oesteban  Machine: dna023  Platform: Linux  PlatformVersion: 5.14.0-427.37.1.el9_4.x86_64  CompilerName: GCC  CompilerVersion: 8.4.0
ProgramName: mri_surf2volseg  ProgramArguments: mri_surf2volseg -all-info  ProgramVersion: 7.3.2  TimeStamp: 2026/03/11-11:41:22-GMT  BuildTime: Aug  4 2022 06:17:15  BuildStamp: freesurfer-linux-ubuntu22_x86_64-7.3.2-20220804-6354275  User: oesteban  Machine: dna023  Platform: Linux  PlatformVersion: 5.14.0-427.37.1.el9_4.x86_64  CompilerName: GCC  CompilerVersion: 8.4.0
ProgramName: mri_binarize  ProgramArguments: mri_binarize -all-info  ProgramVersion: 7.3.2  TimeStamp: 2026/03/11-11:41:22-GMT  BuildTime: Aug  4 2022 06:17:15  BuildStamp: freesurfer-linux-ubuntu22_x86_64-7.3.2-20220804-6354275  User: oesteban  Machine: dna023  Platform: Linux  PlatformVersion: 5.14.0-427.37.1.el9_4.x86_64  CompilerName: GCC  CompilerVersion: 8.4.0
ProgramName: mri_ca_label  ProgramArguments: mri_ca_label -all-info  ProgramVersion: 7.3.2  TimeStamp: 2026/03/11-11:41:22-GMT  BuildTime: Aug  4 2022 06:17:15  BuildStamp: freesurfer-linux-ubuntu22_x86_64-7.3.2-20220804-6354275  User: oesteban  Machine: dna023  Platform: Linux  PlatformVersion: 5.14.0-427.37.1.el9_4.x86_64  CompilerName: GCC  CompilerVersion: 8.4.0
ProgramName: mri_ca_normalize  ProgramArguments: mri_ca_normalize -all-info  ProgramVersion: 7.3.2  TimeStamp: 2026/03/11-11:41:22-GMT  BuildTime: Aug  4 2022 06:17:15  BuildStamp: freesurfer-linux-ubuntu22_x86_64-7.3.2-20220804-6354275  User: oesteban  Machine: dna023  Platform: Linux  PlatformVersion: 5.14.0-427.37.1.el9_4.x86_64  CompilerName: GCC  CompilerVersion: 8.4.0
ProgramName: mri_ca_register  ProgramArguments: mri_ca_register -all-info  ProgramVersion: 7.3.2  TimeStamp: 2026/03/11-11:41:22-GMT  BuildTime: Aug  4 2022 06:17:15  BuildStamp: freesurfer-linux-ubuntu22_x86_64-7.3.2-20220804-6354275  User: oesteban  Machine: dna023  Platform: Linux  PlatformVersion: 5.14.0-427.37.1.el9_4.x86_64  CompilerName: GCC  CompilerVersion: 8.4.0
ProgramName: mri_cc  ProgramArguments: mri_cc -all-info  ProgramVersion: 7.3.2  TimeStamp: 2026/03/11-11:41:22-GMT  BuildTime: Aug  4 2022 06:17:15  BuildStamp: freesurfer-linux-ubuntu22_x86_64-7.3.2-20220804-6354275  User: oesteban  Machine: dna023  Platform: Linux  PlatformVersion: 5.14.0-427.37.1.el9_4.x86_64  CompilerName: GCC  CompilerVersion: 8.4.0
ProgramName: mri_compute_overlap  ProgramArguments: mri_compute_overlap -all-info  ProgramVersion: 7.3.2  TimeStamp: 2026/03/11-11:41:22-GMT  BuildTime: Aug  4 2022 06:17:15  BuildStamp: freesurfer-linux-ubuntu22_x86_64-7.3.2-20220804-6354275  User: oesteban  Machine: dna023  Platform: Linux  PlatformVersion: 5.14.0-427.37.1.el9_4.x86_64  CompilerName: GCC  CompilerVersion: 8.4.0
ProgramName: mri_compute_seg_overlap  ProgramArguments: mri_compute_seg_overlap -all-info  ProgramVersion: 7.3.2  TimeStamp: 2026/03/11-11:41:22-GMT  BuildTime: Aug  4 2022 06:17:15  BuildStamp: freesurfer-linux-ubuntu22_x86_64-7.3.2-20220804-6354275  User: oesteban  Machine: dna023  Platform: Linux  PlatformVersion: 5.14.0-427.37.1.el9_4.x86_64  CompilerName: GCC  CompilerVersion: 8.4.0
ProgramName: mri_concat  ProgramArguments: mri_concat -all-info  ProgramVersion: 7.3.2  TimeStamp: 2026/03/11-11:41:22-GMT  BuildTime: Aug  4 2022 06:17:15  BuildStamp: freesurfer-linux-ubuntu22_x86_64-7.3.2-20220804-6354275  User: oesteban  Machine: dna023  Platform: Linux  PlatformVersion: 5.14.0-427.37.1.el9_4.x86_64  CompilerName: GCC  CompilerVersion: 8.4.0
ProgramName: mri_concatenate_lta  ProgramArguments: mri_concatenate_lta -all-info  ProgramVersion: 7.3.2  TimeStamp: 2026/03/11-11:41:22-GMT  BuildTime: Aug  4 2022 06:17:15  BuildStamp: freesurfer-linux-ubuntu22_x86_64-7.3.2-20220804-6354275  User: oesteban  Machine: dna023  Platform: Linux  PlatformVersion: 5.14.0-427.37.1.el9_4.x86_64  CompilerName: GCC  CompilerVersion: 8.4.0
mri_convert -all-info 
ProgramName: mri_convert  ProgramArguments: mri_convert -all-info  ProgramVersion: 7.3.2  TimeStamp: 2026/03/11-11:41:22-GMT  BuildTime: Aug  4 2022 06:17:15  BuildStamp: freesurfer-linux-ubuntu22_x86_64-7.3.2-20220804-6354275  User: oesteban  Machine: dna023  Platform: Linux  PlatformVersion: 5.14.0-427.37.1.el9_4.x86_64  CompilerName: GCC  CompilerVersion: 8.4.0
ProgramName: mri_diff  ProgramArguments: mri_diff -all-info  ProgramVersion: 7.3.2  TimeStamp: 2026/03/11-11:41:22-GMT  BuildTime: Aug  4 2022 06:17:15  BuildStamp: freesurfer-linux-ubuntu22_x86_64-7.3.2-20220804-6354275  User: oesteban  Machine: dna023  Platform: Linux  PlatformVersion: 5.14.0-427.37.1.el9_4.x86_64  CompilerName: GCC  CompilerVersion: 8.4.0
ProgramName: mri_edit_wm_with_aseg  ProgramArguments: mri_edit_wm_with_aseg -all-info  ProgramVersion: 7.3.2  TimeStamp: 2026/03/11-11:41:22-GMT  BuildTime: Aug  4 2022 06:17:15  BuildStamp: freesurfer-linux-ubuntu22_x86_64-7.3.2-20220804-6354275  User: oesteban  Machine: dna023  Platform: Linux  PlatformVersion: 5.14.0-427.37.1.el9_4.x86_64  CompilerName: GCC  CompilerVersion: 8.4.0
ProgramName: mri_em_register  ProgramArguments: mri_em_register -all-info  ProgramVersion: 7.3.2  TimeStamp: 2026/03/11-11:41:22-GMT  BuildTime: Aug  4 2022 06:17:15  BuildStamp: freesurfer-linux-ubuntu22_x86_64-7.3.2-20220804-6354275  User: oesteban  Machine: dna023  Platform: Linux  PlatformVersion: 5.14.0-427.37.1.el9_4.x86_64  CompilerName: GCC  CompilerVersion: 8.4.0
ProgramName: mri_fill  ProgramArguments: mri_fill -all-info  ProgramVersion: 7.3.2  TimeStamp: 2026/03/11-11:41:22-GMT  BuildTime: Aug  4 2022 06:17:15  BuildStamp: freesurfer-linux-ubuntu22_x86_64-7.3.2-20220804-6354275  User: oesteban  Machine: dna023  Platform: Linux  PlatformVersion: 5.14.0-427.37.1.el9_4.x86_64  CompilerName: GCC  CompilerVersion: 8.4.0
ProgramName: mri_fuse_segmentations  ProgramArguments: mri_fuse_segmentations -all-info  ProgramVersion: 7.3.2  TimeStamp: 2026/03/11-11:41:22-GMT  BuildTime: Aug  4 2022 06:17:15  BuildStamp: freesurfer-linux-ubuntu22_x86_64-7.3.2-20220804-6354275  User: oesteban  Machine: dna023  Platform: Linux  PlatformVersion: 5.14.0-427.37.1.el9_4.x86_64  CompilerName: GCC  CompilerVersion: 8.4.0
ProgramName: mri_fwhm  ProgramArguments: mri_fwhm -all-info  ProgramVersion: 7.3.2  TimeStamp: 2026/03/11-11:41:22-GMT  BuildTime: Aug  4 2022 06:17:15  BuildStamp: freesurfer-linux-ubuntu22_x86_64-7.3.2-20220804-6354275  User: oesteban  Machine: dna023  Platform: Linux  PlatformVersion: 5.14.0-427.37.1.el9_4.x86_64  CompilerName: GCC  CompilerVersion: 8.4.0
ProgramName: mri_gcut  ProgramArguments: mri_gcut -all-info  ProgramVersion: 7.3.2  TimeStamp: 2026/03/11-11:41:22-GMT  BuildTime: Aug  4 2022 06:17:15  BuildStamp: freesurfer-linux-ubuntu22_x86_64-7.3.2-20220804-6354275  User: oesteban  Machine: dna023  Platform: Linux  PlatformVersion: 5.14.0-427.37.1.el9_4.x86_64  CompilerName: GCC  CompilerVersion: 8.4.0
ProgramName: mri_info  ProgramArguments: mri_info -all-info  ProgramVersion: 7.3.2  TimeStamp: 2026/03/11-11:41:22-GMT  BuildTime: Aug  4 2022 06:17:15  BuildStamp: freesurfer-linux-ubuntu22_x86_64-7.3.2-20220804-6354275  User: oesteban  Machine: dna023  Platform: Linux  PlatformVersion: 5.14.0-427.37.1.el9_4.x86_64  CompilerName: GCC  CompilerVersion: 8.4.0
ProgramName: mri_label2label  ProgramArguments: mri_label2label -all-info  ProgramVersion: 7.3.2  TimeStamp: 2026/03/11-11:41:22-GMT  BuildTime: Aug  4 2022 06:17:15  BuildStamp: freesurfer-linux-ubuntu22_x86_64-7.3.2-20220804-6354275  User: oesteban  Machine: dna023  Platform: Linux  PlatformVersion: 5.14.0-427.37.1.el9_4.x86_64  CompilerName: GCC  CompilerVersion: 8.4.0
ProgramName: mri_label2vol  ProgramArguments: mri_label2vol -all-info  ProgramVersion: 7.3.2  TimeStamp: 2026/03/11-11:41:22-GMT  BuildTime: Aug  4 2022 06:17:15  BuildStamp: freesurfer-linux-ubuntu22_x86_64-7.3.2-20220804-6354275  User: oesteban  Machine: dna023  Platform: Linux  PlatformVersion: 5.14.0-427.37.1.el9_4.x86_64  CompilerName: GCC  CompilerVersion: 8.4.0
ProgramName: mri_log_likelihood  ProgramArguments: mri_log_likelihood -all-info  ProgramVersion: 7.3.2  TimeStamp: 2026/03/11-11:41:22-GMT  BuildTime: Aug  4 2022 06:17:15  BuildStamp: freesurfer-linux-ubuntu22_x86_64-7.3.2-20220804-6354275  User: oesteban  Machine: dna023  Platform: Linux  PlatformVersion: 5.14.0-427.37.1.el9_4.x86_64  CompilerName: GCC  CompilerVersion: 8.4.0
ProgramName: mri_mask  ProgramArguments: mri_mask -all-info  ProgramVersion: 7.3.2  TimeStamp: 2026/03/11-11:41:22-GMT  BuildTime: Aug  4 2022 06:17:15  BuildStamp: freesurfer-linux-ubuntu22_x86_64-7.3.2-20220804-6354275  User: oesteban  Machine: dna023  Platform: Linux  PlatformVersion: 5.14.0-427.37.1.el9_4.x86_64  CompilerName: GCC  CompilerVersion: 8.4.0
ProgramName: mri_matrix_multiply  ProgramArguments: mri_matrix_multiply -all-info  ProgramVersion: 7.3.2  TimeStamp: 2026/03/11-11:41:22-GMT  BuildTime: Aug  4 2022 06:17:15  BuildStamp: freesurfer-linux-ubuntu22_x86_64-7.3.2-20220804-6354275  User: oesteban  Machine: dna023  Platform: Linux  PlatformVersion: 5.14.0-427.37.1.el9_4.x86_64  CompilerName: GCC  CompilerVersion: 8.4.0
ProgramName: mri_normalize  ProgramArguments: mri_normalize -all-info  ProgramVersion: 7.3.2  TimeStamp: 2026/03/11-11:41:22-GMT  BuildTime: Aug  4 2022 06:17:15  BuildStamp: freesurfer-linux-ubuntu22_x86_64-7.3.2-20220804-6354275  User: oesteban  Machine: dna023  Platform: Linux  PlatformVersion: 5.14.0-427.37.1.el9_4.x86_64  CompilerName: GCC  CompilerVersion: 8.4.0
ProgramName: mri_normalize_tp2  ProgramArguments: mri_normalize_tp2 -all-info  ProgramVersion: 7.3.2  TimeStamp: 2026/03/11-11:41:22-GMT  BuildTime: Aug  4 2022 06:17:15  BuildStamp: freesurfer-linux-ubuntu22_x86_64-7.3.2-20220804-6354275  User: oesteban  Machine: dna023  Platform: Linux  PlatformVersion: 5.14.0-427.37.1.el9_4.x86_64  CompilerName: GCC  CompilerVersion: 8.4.0
ProgramName: mri_or  ProgramArguments: mri_or -all-info  ProgramVersion: 7.3.2  TimeStamp: 2026/03/11-11:41:22-GMT  BuildTime: Aug  4 2022 06:17:15  BuildStamp: freesurfer-linux-ubuntu22_x86_64-7.3.2-20220804-6354275  User: oesteban  Machine: dna023  Platform: Linux  PlatformVersion: 5.14.0-427.37.1.el9_4.x86_64  CompilerName: GCC  CompilerVersion: 8.4.0
ProgramName: mri_relabel_hypointensities  ProgramArguments: mri_relabel_hypointensities -all-info  ProgramVersion: 7.3.2  TimeStamp: 2026/03/11-11:41:22-GMT  BuildTime: Aug  4 2022 06:17:15  BuildStamp: freesurfer-linux-ubuntu22_x86_64-7.3.2-20220804-6354275  User: oesteban  Machine: dna023  Platform: Linux  PlatformVersion: 5.14.0-427.37.1.el9_4.x86_64  CompilerName: GCC  CompilerVersion: 8.4.0
ProgramName: mri_relabel_nonwm_hypos  ProgramArguments: mri_relabel_nonwm_hypos -all-info  ProgramVersion: 7.3.2  TimeStamp: 2026/03/11-11:41:22-GMT  BuildTime: Aug  4 2022 06:17:15  BuildStamp: freesurfer-linux-ubuntu22_x86_64-7.3.2-20220804-6354275  User: oesteban  Machine: dna023  Platform: Linux  PlatformVersion: 5.14.0-427.37.1.el9_4.x86_64  CompilerName: GCC  CompilerVersion: 8.4.0
ProgramName: mri_remove_neck  ProgramArguments: mri_remove_neck -all-info  ProgramVersion: 7.3.2  TimeStamp: 2026/03/11-11:41:22-GMT  BuildTime: Aug  4 2022 06:17:15  BuildStamp: freesurfer-linux-ubuntu22_x86_64-7.3.2-20220804-6354275  User: oesteban  Machine: dna023  Platform: Linux  PlatformVersion: 5.14.0-427.37.1.el9_4.x86_64  CompilerName: GCC  CompilerVersion: 8.4.0
7.3.2

ProgramName: mri_robust_register  ProgramArguments: mri_robust_register -all-info  ProgramVersion: 7.3.2  TimeStamp: 2026/03/11-11:41:22-GMT  BuildTime: Aug  4 2022 06:17:15  BuildStamp: freesurfer-linux-ubuntu22_x86_64-7.3.2-20220804-6354275  User: oesteban  Machine: dna023  Platform: Linux  PlatformVersion: 5.14.0-427.37.1.el9_4.x86_64  CompilerName: GCC  CompilerVersion: 8.4.0
7.3.2

ProgramName: mri_robust_template  ProgramArguments: mri_robust_template -all-info  ProgramVersion: 7.3.2  TimeStamp: 2026/03/11-11:41:22-GMT  BuildTime: Aug  4 2022 06:17:15  BuildStamp: freesurfer-linux-ubuntu22_x86_64-7.3.2-20220804-6354275  User: oesteban  Machine: dna023  Platform: Linux  PlatformVersion: 5.14.0-427.37.1.el9_4.x86_64  CompilerName: GCC  CompilerVersion: 8.4.0
ProgramName: mris_anatomical_stats  ProgramArguments: mris_anatomical_stats -all-info  ProgramVersion: 7.3.2  TimeStamp: 2026/03/11-11:41:22-GMT  BuildTime: Aug  4 2022 06:17:15  BuildStamp: freesurfer-linux-ubuntu22_x86_64-7.3.2-20220804-6354275  User: oesteban  Machine: dna023  Platform: Linux  PlatformVersion: 5.14.0-427.37.1.el9_4.x86_64  CompilerName: GCC  CompilerVersion: 8.4.0
ProgramName: mris_ca_label  ProgramArguments: mris_ca_label -all-info  ProgramVersion: 7.3.2  TimeStamp: 2026/03/11-11:41:22-GMT  BuildTime: Aug  4 2022 06:17:15  BuildStamp: freesurfer-linux-ubuntu22_x86_64-7.3.2-20220804-6354275  User: oesteban  Machine: dna023  Platform: Linux  PlatformVersion: 5.14.0-427.37.1.el9_4.x86_64  CompilerName: GCC  CompilerVersion: 8.4.0
ProgramName: mris_calc  ProgramArguments: mris_calc -all-info  ProgramVersion: 7.3.2  TimeStamp: 2026/03/11-11:41:22-GMT  BuildTime: Aug  4 2022 06:17:15  BuildStamp: freesurfer-linux-ubuntu22_x86_64-7.3.2-20220804-6354275  User: oesteban  Machine: dna023  Platform: Linux  PlatformVersion: 5.14.0-427.37.1.el9_4.x86_64  CompilerName: GCC  CompilerVersion: 8.4.0
ProgramName: mris_convert  ProgramArguments: mris_convert -all-info  ProgramVersion: 7.3.2  TimeStamp: 2026/03/11-11:41:22-GMT  BuildTime: Aug  4 2022 06:17:15  BuildStamp: freesurfer-linux-ubuntu22_x86_64-7.3.2-20220804-6354275  User: oesteban  Machine: dna023  Platform: Linux  PlatformVersion: 5.14.0-427.37.1.el9_4.x86_64  CompilerName: GCC  CompilerVersion: 8.4.0
ProgramName: mris_curvature  ProgramArguments: mris_curvature -all-info  ProgramVersion: 7.3.2  TimeStamp: 2026/03/11-11:41:22-GMT  BuildTime: Aug  4 2022 06:17:15  BuildStamp: freesurfer-linux-ubuntu22_x86_64-7.3.2-20220804-6354275  User: oesteban  Machine: dna023  Platform: Linux  PlatformVersion: 5.14.0-427.37.1.el9_4.x86_64  CompilerName: GCC  CompilerVersion: 8.4.0
ProgramName: mris_curvature_stats  ProgramArguments: mris_curvature_stats -all-info  ProgramVersion: 7.3.2  TimeStamp: 2026/03/11-11:41:22-GMT  BuildTime: Aug  4 2022 06:17:15  BuildStamp: freesurfer-linux-ubuntu22_x86_64-7.3.2-20220804-6354275  User: oesteban  Machine: dna023  Platform: Linux  PlatformVersion: 5.14.0-427.37.1.el9_4.x86_64  CompilerName: GCC  CompilerVersion: 8.4.0
ProgramName: mris_diff  ProgramArguments: mris_diff -all-info  ProgramVersion: 7.3.2  TimeStamp: 2026/03/11-11:41:22-GMT  BuildTime: Aug  4 2022 06:17:15  BuildStamp: freesurfer-linux-ubuntu22_x86_64-7.3.2-20220804-6354275  User: oesteban  Machine: dna023  Platform: Linux  PlatformVersion: 5.14.0-427.37.1.el9_4.x86_64  CompilerName: GCC  CompilerVersion: 8.4.0
ProgramName: mris_divide_parcellation  ProgramArguments: mris_divide_parcellation -all-info  ProgramVersion: 7.3.2  TimeStamp: 2026/03/11-11:41:22-GMT  BuildTime: Aug  4 2022 06:17:15  BuildStamp: freesurfer-linux-ubuntu22_x86_64-7.3.2-20220804-6354275  User: oesteban  Machine: dna023  Platform: Linux  PlatformVersion: 5.14.0-427.37.1.el9_4.x86_64  CompilerName: GCC  CompilerVersion: 8.4.0
ProgramName: mri_segment  ProgramArguments: mri_segment -all-info  ProgramVersion: 7.3.2  TimeStamp: 2026/03/11-11:41:22-GMT  BuildTime: Aug  4 2022 06:17:15  BuildStamp: freesurfer-linux-ubuntu22_x86_64-7.3.2-20220804-6354275  User: oesteban  Machine: dna023  Platform: Linux  PlatformVersion: 5.14.0-427.37.1.el9_4.x86_64  CompilerName: GCC  CompilerVersion: 8.4.0
ProgramName: mri_segstats  ProgramArguments: mri_segstats -all-info  ProgramVersion: 7.3.2  TimeStamp: 2026/03/11-11:41:22-GMT  BuildTime: Aug  4 2022 06:17:15  BuildStamp: freesurfer-linux-ubuntu22_x86_64-7.3.2-20220804-6354275  User: oesteban  Machine: dna023  Platform: Linux  PlatformVersion: 5.14.0-427.37.1.el9_4.x86_64  CompilerName: GCC  CompilerVersion: 8.4.0
ProgramName: mris_euler_number  ProgramArguments: mris_euler_number -all-info  ProgramVersion: 7.3.2  TimeStamp: 2026/03/11-11:41:22-GMT  BuildTime: Aug  4 2022 06:17:15  BuildStamp: freesurfer-linux-ubuntu22_x86_64-7.3.2-20220804-6354275  User: oesteban  Machine: dna023  Platform: Linux  PlatformVersion: 5.14.0-427.37.1.el9_4.x86_64  CompilerName: GCC  CompilerVersion: 8.4.0
ProgramName: mris_fix_topology  ProgramArguments: mris_fix_topology -all-info  ProgramVersion: 7.3.2  TimeStamp: 2026/03/11-11:41:22-GMT  BuildTime: Aug  4 2022 06:17:15  BuildStamp: freesurfer-linux-ubuntu22_x86_64-7.3.2-20220804-6354275  User: oesteban  Machine: dna023  Platform: Linux  PlatformVersion: 5.14.0-427.37.1.el9_4.x86_64  CompilerName: GCC  CompilerVersion: 8.4.0
ProgramName: mris_topo_fixer  ProgramArguments: mris_topo_fixer -all-info  ProgramVersion: 7.3.2  TimeStamp: 2026/03/11-11:41:22-GMT  BuildTime: Aug  4 2022 06:17:15  BuildStamp: freesurfer-linux-ubuntu22_x86_64-7.3.2-20220804-6354275  User: oesteban  Machine: dna023  Platform: Linux  PlatformVersion: 5.14.0-427.37.1.el9_4.x86_64  CompilerName: GCC  CompilerVersion: 8.4.0
ProgramName: mris_jacobian  ProgramArguments: mris_jacobian -all-info  ProgramVersion: 7.3.2  TimeStamp: 2026/03/11-11:41:22-GMT  BuildTime: Aug  4 2022 06:17:15  BuildStamp: freesurfer-linux-ubuntu22_x86_64-7.3.2-20220804-6354275  User: oesteban  Machine: dna023  Platform: Linux  PlatformVersion: 5.14.0-427.37.1.el9_4.x86_64  CompilerName: GCC  CompilerVersion: 8.4.0
ProgramName: mris_label2annot  ProgramArguments: mris_label2annot -all-info  ProgramVersion: 7.3.2  TimeStamp: 2026/03/11-11:41:22-GMT  BuildTime: Aug  4 2022 06:17:15  BuildStamp: freesurfer-linux-ubuntu22_x86_64-7.3.2-20220804-6354275  User: oesteban  Machine: dna023  Platform: Linux  PlatformVersion: 5.14.0-427.37.1.el9_4.x86_64  CompilerName: GCC  CompilerVersion: 8.4.0
ProgramName: mris_left_right_register  ProgramArguments: mris_left_right_register -all-info  ProgramVersion: 7.3.2  TimeStamp: 2026/03/11-11:41:22-GMT  BuildTime: Aug  4 2022 06:17:15  BuildStamp: freesurfer-linux-ubuntu22_x86_64-7.3.2-20220804-6354275  User: oesteban  Machine: dna023  Platform: Linux  PlatformVersion: 5.14.0-427.37.1.el9_4.x86_64  CompilerName: GCC  CompilerVersion: 8.4.0
ProgramName: mris_place_surface  ProgramArguments: mris_place_surface -all-info  ProgramVersion: 7.3.2  TimeStamp: 2026/03/11-11:41:22-GMT  BuildTime: Aug  4 2022 06:17:15  BuildStamp: freesurfer-linux-ubuntu22_x86_64-7.3.2-20220804-6354275  User: oesteban  Machine: dna023  Platform: Linux  PlatformVersion: 5.14.0-427.37.1.el9_4.x86_64  CompilerName: GCC  CompilerVersion: 8.4.0
ProgramName: mrisp_paint  ProgramArguments: mrisp_paint -all-info  ProgramVersion: 7.3.2  TimeStamp: 2026/03/11-11:41:22-GMT  BuildTime: Aug  4 2022 06:17:15  BuildStamp: freesurfer-linux-ubuntu22_x86_64-7.3.2-20220804-6354275  User: oesteban  Machine: dna023  Platform: Linux  PlatformVersion: 5.14.0-427.37.1.el9_4.x86_64  CompilerName: GCC  CompilerVersion: 8.4.0
ProgramName: mris_register  ProgramArguments: mris_register -all-info  ProgramVersion: 7.3.2  TimeStamp: 2026/03/11-11:41:22-GMT  BuildTime: Aug  4 2022 06:17:15  BuildStamp: freesurfer-linux-ubuntu22_x86_64-7.3.2-20220804-6354275  User: oesteban  Machine: dna023  Platform: Linux  PlatformVersion: 5.14.0-427.37.1.el9_4.x86_64  CompilerName: GCC  CompilerVersion: 8.4.0
ProgramName: mris_smooth  ProgramArguments: mris_smooth -all-info  ProgramVersion: 7.3.2  TimeStamp: 2026/03/11-11:41:22-GMT  BuildTime: Aug  4 2022 06:17:15  BuildStamp: freesurfer-linux-ubuntu22_x86_64-7.3.2-20220804-6354275  User: oesteban  Machine: dna023  Platform: Linux  PlatformVersion: 5.14.0-427.37.1.el9_4.x86_64  CompilerName: GCC  CompilerVersion: 8.4.0
ProgramName: mris_sphere  ProgramArguments: mris_sphere -all-info  ProgramVersion: 7.3.2  TimeStamp: 2026/03/11-11:41:22-GMT  BuildTime: Aug  4 2022 06:17:15  BuildStamp: freesurfer-linux-ubuntu22_x86_64-7.3.2-20220804-6354275  User: oesteban  Machine: dna023  Platform: Linux  PlatformVersion: 5.14.0-427.37.1.el9_4.x86_64  CompilerName: GCC  CompilerVersion: 8.4.0
ProgramName: mris_surface_stats  ProgramArguments: mris_surface_stats -all-info  ProgramVersion: 7.3.2  TimeStamp: 2026/03/11-11:41:22-GMT  BuildTime: Aug  4 2022 06:17:15  BuildStamp: freesurfer-linux-ubuntu22_x86_64-7.3.2-20220804-6354275  User: oesteban  Machine: dna023  Platform: Linux  PlatformVersion: 5.14.0-427.37.1.el9_4.x86_64  CompilerName: GCC  CompilerVersion: 8.4.0
ProgramName: mri_stats2seg  ProgramArguments: mri_stats2seg -all-info  ProgramVersion: 7.3.2  TimeStamp: 2026/03/11-11:41:22-GMT  BuildTime: Aug  4 2022 06:17:15  BuildStamp: freesurfer-linux-ubuntu22_x86_64-7.3.2-20220804-6354275  User: oesteban  Machine: dna023  Platform: Linux  PlatformVersion: 5.14.0-427.37.1.el9_4.x86_64  CompilerName: GCC  CompilerVersion: 8.4.0
ProgramName: mris_thickness  ProgramArguments: mris_thickness -all-info  ProgramVersion: 7.3.2  TimeStamp: 2026/03/11-11:41:22-GMT  BuildTime: Aug  4 2022 06:17:15  BuildStamp: freesurfer-linux-ubuntu22_x86_64-7.3.2-20220804-6354275  User: oesteban  Machine: dna023  Platform: Linux  PlatformVersion: 5.14.0-427.37.1.el9_4.x86_64  CompilerName: GCC  CompilerVersion: 8.4.0
ProgramName: mris_thickness_diff  ProgramArguments: mris_thickness_diff -all-info  ProgramVersion: 7.3.2  TimeStamp: 2026/03/11-11:41:22-GMT  BuildTime: Aug  4 2022 06:17:15  BuildStamp: freesurfer-linux-ubuntu22_x86_64-7.3.2-20220804-6354275  User: oesteban  Machine: dna023  Platform: Linux  PlatformVersion: 5.14.0-427.37.1.el9_4.x86_64  CompilerName: GCC  CompilerVersion: 8.4.0
ProgramName: mris_topo_fixer  ProgramArguments: mris_topo_fixer -all-info  ProgramVersion: 7.3.2  TimeStamp: 2026/03/11-11:41:22-GMT  BuildTime: Aug  4 2022 06:17:15  BuildStamp: freesurfer-linux-ubuntu22_x86_64-7.3.2-20220804-6354275  User: oesteban  Machine: dna023  Platform: Linux  PlatformVersion: 5.14.0-427.37.1.el9_4.x86_64  CompilerName: GCC  CompilerVersion: 8.4.0
ProgramName: mri_surf2surf  ProgramArguments: mri_surf2surf -all-info  ProgramVersion: 7.3.2  TimeStamp: 2026/03/11-11:41:22-GMT  BuildTime: Aug  4 2022 06:17:15  BuildStamp: freesurfer-linux-ubuntu22_x86_64-7.3.2-20220804-6354275  User: oesteban  Machine: dna023  Platform: Linux  PlatformVersion: 5.14.0-427.37.1.el9_4.x86_64  CompilerName: GCC  CompilerVersion: 8.4.0
ProgramName: mri_surf2vol  ProgramArguments: mri_surf2vol -all-info  ProgramVersion: 7.3.2  TimeStamp: 2026/03/11-11:41:22-GMT  BuildTime: Aug  4 2022 06:17:15  BuildStamp: freesurfer-linux-ubuntu22_x86_64-7.3.2-20220804-6354275  User: oesteban  Machine: dna023  Platform: Linux  PlatformVersion: 5.14.0-427.37.1.el9_4.x86_64  CompilerName: GCC  CompilerVersion: 8.4.0
ProgramName: mri_surfcluster  ProgramArguments: mri_surfcluster -all-info  ProgramVersion: 7.3.2  TimeStamp: 2026/03/11-11:41:22-GMT  BuildTime: Aug  4 2022 06:17:15  BuildStamp: freesurfer-linux-ubuntu22_x86_64-7.3.2-20220804-6354275  User: oesteban  Machine: dna023  Platform: Linux  PlatformVersion: 5.14.0-427.37.1.el9_4.x86_64  CompilerName: GCC  CompilerVersion: 8.4.0
ProgramName: mris_volmask  ProgramArguments: mris_volmask -all-info  ProgramVersion: 7.3.2  TimeStamp: 2026/03/11-11:41:22-GMT  BuildTime: Aug  4 2022 06:17:15  BuildStamp: freesurfer-linux-ubuntu22_x86_64-7.3.2-20220804-6354275  User: oesteban  Machine: dna023  Platform: Linux  PlatformVersion: 5.14.0-427.37.1.el9_4.x86_64  CompilerName: GCC  CompilerVersion: 8.4.0
ProgramName: mri_tessellate  ProgramArguments: mri_tessellate -all-info  ProgramVersion: 7.3.2  TimeStamp: 2026/03/11-11:41:22-GMT  BuildTime: Aug  4 2022 06:17:15  BuildStamp: freesurfer-linux-ubuntu22_x86_64-7.3.2-20220804-6354275  User: oesteban  Machine: dna023  Platform: Linux  PlatformVersion: 5.14.0-427.37.1.el9_4.x86_64  CompilerName: GCC  CompilerVersion: 8.4.0
ProgramName: mri_vol2surf  ProgramArguments: mri_vol2surf -all-info  ProgramVersion: 7.3.2  TimeStamp: 2026/03/11-11:41:22-GMT  BuildTime: Aug  4 2022 06:17:15  BuildStamp: freesurfer-linux-ubuntu22_x86_64-7.3.2-20220804-6354275  User: oesteban  Machine: dna023  Platform: Linux  PlatformVersion: 5.14.0-427.37.1.el9_4.x86_64  CompilerName: GCC  CompilerVersion: 8.4.0
ProgramName: mri_vol2vol  ProgramArguments: mri_vol2vol -all-info  ProgramVersion: 7.3.2  TimeStamp: 2026/03/11-11:41:22-GMT  BuildTime: Aug  4 2022 06:17:15  BuildStamp: freesurfer-linux-ubuntu22_x86_64-7.3.2-20220804-6354275  User: oesteban  Machine: dna023  Platform: Linux  PlatformVersion: 5.14.0-427.37.1.el9_4.x86_64  CompilerName: GCC  CompilerVersion: 8.4.0
ProgramName: mri_voldiff  ProgramArguments: mri_voldiff -all-info  ProgramVersion: 7.3.2  TimeStamp: 2026/03/11-11:41:22-GMT  BuildTime: Aug  4 2022 06:17:15  BuildStamp: freesurfer-linux-ubuntu22_x86_64-7.3.2-20220804-6354275  User: oesteban  Machine: dna023  Platform: Linux  PlatformVersion: 5.14.0-427.37.1.el9_4.x86_64  CompilerName: GCC  CompilerVersion: 8.4.0
ProgramName: mri_watershed  ProgramArguments: mri_watershed -all-info  ProgramVersion: 7.3.2  TimeStamp: 2026/03/11-11:41:22-GMT  BuildTime: Aug  4 2022 06:17:15  BuildStamp: freesurfer-linux-ubuntu22_x86_64-7.3.2-20220804-6354275  User: oesteban  Machine: dna023  Platform: Linux  PlatformVersion: 5.14.0-427.37.1.el9_4.x86_64  CompilerName: GCC  CompilerVersion: 8.4.0
ProgramName: tkregister2  ProgramArguments: tkregister2_cmdl -all-info  ProgramVersion: 7.3.2  TimeStamp: 2026/03/11-11:41:22-GMT  BuildTime: Aug  4 2022 06:17:15  BuildStamp: freesurfer-linux-ubuntu22_x86_64-7.3.2-20220804-6354275  User: oesteban  Machine: dna023  Platform: Linux  PlatformVersion: 5.14.0-427.37.1.el9_4.x86_64  CompilerName: GCC  CompilerVersion: 8.4.0
mri_motion_correct.fsl 7.3.2
mri_convert -all-info 
ProgramName: mri_convert  ProgramArguments: mri_convert -all-info  ProgramVersion: 7.3.2  TimeStamp: 2026/03/11-11:41:22-GMT  BuildTime: Aug  4 2022 06:17:15  BuildStamp: freesurfer-linux-ubuntu22_x86_64-7.3.2-20220804-6354275  User: oesteban  Machine: dna023  Platform: Linux  PlatformVersion: 5.14.0-427.37.1.el9_4.x86_64  CompilerName: GCC  CompilerVersion: 8.4.0
Program nu_correct, built from:
Package MNI N3, version 1.12.0, compiled by nicks@terrier (x86_64-unknown-linux-gnu) on 2015-06-19 at 01:25:34
#######################################
GCADIR /opt/freesurfer/average
GCA RB_all_2020-01-02.gca
GCASkull RB_all_withskull_2020_01_02.gca
AvgCurvTif folding.atlas.acfb40.noaparc.i12.2016-08-02.tif
GCSDIR /opt/freesurfer/average
GCS DKaparc.atlas.acfb40.noaparc.i12.2016-08-02.gcs
#######################################
#--------------------------------------------
#@# WhiteSurfs lh Wed Mar 11 12:41:22 CET 2026
cd /out/sourcedata/freesurfer/sub-v2s16x51235_ses-1/mri
mris_place_surface --adgws-in ../surf/autodet.gw.stats.lh.dat --seg aseg.presurf.mgz --threads 16 --wm wm.mgz --invol brain.finalsurfs.mgz --lh --i ../surf/lh.white.preaparc --o ../surf/lh.white --white --nsmooth 0 --rip-label ../label/lh.cortex.label --rip-bg --rip-surf ../surf/lh.white.preaparc --aparc ../label/lh.aparc.annot
   Update not needed
#--------------------------------------------
#@# WhiteSurfs rh Wed Mar 11 12:41:22 CET 2026
cd /out/sourcedata/freesurfer/sub-v2s16x51235_ses-1/mri
mris_place_surface --adgws-in ../surf/autodet.gw.stats.rh.dat --seg aseg.presurf.mgz --threads 16 --wm wm.mgz --invol brain.finalsurfs.mgz --rh --i ../surf/rh.white.preaparc --o ../surf/rh.white --white --nsmooth 0 --rip-label ../label/rh.cortex.label --rip-bg --rip-surf ../surf/rh.white.preaparc --aparc ../label/rh.aparc.annot
   Update not needed
#@# white curv lh Wed Mar 11 12:41:22 CET 2026
cd /out/sourcedata/freesurfer/sub-v2s16x51235_ses-1/mri
mris_place_surface --curv-map ../surf/lh.white 2 10 ../surf/lh.curv
   Update not needed
#@# white area lh Wed Mar 11 12:41:22 CET 2026
cd /out/sourcedata/freesurfer/sub-v2s16x51235_ses-1/mri
mris_place_surface --area-map ../surf/lh.white ../surf/lh.area
   Update not needed
#@# pial curv lh Wed Mar 11 12:41:22 CET 2026
cd /out/sourcedata/freesurfer/sub-v2s16x51235_ses-1/mri
mris_place_surface --curv-map ../surf/lh.pial 2 10 ../surf/lh.curv.pial
   Update not needed
#@# pial area lh Wed Mar 11 12:41:22 CET 2026
cd /out/sourcedata/freesurfer/sub-v2s16x51235_ses-1/mri
mris_place_surface --area-map ../surf/lh.pial ../surf/lh.area.pial
   Update not needed
#@# thickness lh Wed Mar 11 12:41:22 CET 2026
cd /out/sourcedata/freesurfer/sub-v2s16x51235_ses-1/mri
mris_place_surface --thickness ../surf/lh.white ../surf/lh.pial 20 5 ../surf/lh.thickness
   Update not needed
#@# area and vertex vol lh Wed Mar 11 12:41:22 CET 2026
cd /out/sourcedata/freesurfer/sub-v2s16x51235_ses-1/mri
mris_place_surface --thickness ../surf/lh.white ../surf/lh.pial 20 5 ../surf/lh.thickness
   Update not needed
#@# white curv rh Wed Mar 11 12:41:22 CET 2026
cd /out/sourcedata/freesurfer/sub-v2s16x51235_ses-1/mri
mris_place_surface --curv-map ../surf/rh.white 2 10 ../surf/rh.curv
   Update not needed
#@# white area rh Wed Mar 11 12:41:22 CET 2026
cd /out/sourcedata/freesurfer/sub-v2s16x51235_ses-1/mri
mris_place_surface --area-map ../surf/rh.white ../surf/rh.area
   Update not needed
#@# pial curv rh Wed Mar 11 12:41:22 CET 2026
cd /out/sourcedata/freesurfer/sub-v2s16x51235_ses-1/mri
mris_place_surface --curv-map ../surf/rh.pial 2 10 ../surf/rh.curv.pial
   Update not needed
#@# pial area rh Wed Mar 11 12:41:22 CET 2026
cd /out/sourcedata/freesurfer/sub-v2s16x51235_ses-1/mri
mris_place_surface --area-map ../surf/rh.pial ../surf/rh.area.pial
   Update not needed
#@# thickness rh Wed Mar 11 12:41:22 CET 2026
cd /out/sourcedata/freesurfer/sub-v2s16x51235_ses-1/mri
mris_place_surface --thickness ../surf/rh.white ../surf/rh.pial 20 5 ../surf/rh.thickness
   Update not needed
#@# area and vertex vol rh Wed Mar 11 12:41:22 CET 2026
cd /out/sourcedata/freesurfer/sub-v2s16x51235_ses-1/mri
mris_place_surface --thickness ../surf/rh.white ../surf/rh.pial 20 5 ../surf/rh.thickness
   Update not needed

#-----------------------------------------
#@# Curvature Stats lh Wed Mar 11 12:41:22 CET 2026
/out/sourcedata/freesurfer/sub-v2s16x51235_ses-1/surf

 mris_curvature_stats -m --writeCurvatureFiles -G -o ../stats/lh.curv.stats -F smoothwm sub-v2s16x51235_ses-1 lh curv sulc 

             Toggling save flag on curvature files                       [ ok ]
                 Outputting results using filestem   [ ../stats/lh.curv.stats ]
             Toggling save flag on curvature files                       [ ok ]
                                   Setting surface [ sub-v2s16x51235_ses-1/lh.smoothwm ]
                                Reading surface...                       [ ok ]
                                   Setting texture                     [ curv ]
                                Reading texture...                       [ ok ]
                                   Setting texture                     [ sulc ]
                                Reading texture...Gb_filter = 0
                       [ ok ]
      Calculating Discrete Principal Curvatures...
      Determining geometric order for vno faces... [####################] [ ok ]
                      Determining KH curvatures... [####################] [ ok ]
                    Determining k1k2 curvatures... [####################] [ ok ]
                                   deltaViolations                      [ 217 ]
Gb_filter = 0

#-----------------------------------------
#@# Curvature Stats rh Wed Mar 11 12:41:24 CET 2026
/out/sourcedata/freesurfer/sub-v2s16x51235_ses-1/surf

 mris_curvature_stats -m --writeCurvatureFiles -G -o ../stats/rh.curv.stats -F smoothwm sub-v2s16x51235_ses-1 rh curv sulc 

             Toggling save flag on curvature files                       [ ok ]
                 Outputting results using filestem   [ ../stats/rh.curv.stats ]
             Toggling save flag on curvature files                       [ ok ]
                                   Setting surface [ sub-v2s16x51235_ses-1/rh.smoothwm ]
                                Reading surface...                       [ ok ]
                                   Setting texture                     [ curv ]
                                Reading texture...                       [ ok ]
                                   Setting texture                     [ sulc ]
                                Reading texture...Gb_filter = 0
                       [ ok ]
      Calculating Discrete Principal Curvatures...
      Determining geometric order for vno faces... [####################] [ ok ]
                      Determining KH curvatures... [####################] [ ok ]
                    Determining k1k2 curvatures... [####################] [ ok ]
                                   deltaViolations                      [ 260 ]
Gb_filter = 0
#-----------------------------------------
#@# Relabel Hypointensities Wed Mar 11 12:41:27 CET 2026
/out/sourcedata/freesurfer/sub-v2s16x51235_ses-1/mri

 mri_relabel_hypointensities aseg.presurf.mgz ../surf aseg.presurf.hypos.mgz 

reading input surface ../surf/lh.white...
relabeling lh hypointensities...
2162 voxels changed to hypointensity...
reading input surface ../surf/rh.white...
relabeling rh hypointensities...
2969 voxels changed to hypointensity...
5373 hypointense voxels neighboring cortex changed
#-----------------------------------------
#@# APas-to-ASeg Wed Mar 11 12:41:42 CET 2026
/out/sourcedata/freesurfer/sub-v2s16x51235_ses-1/mri

 mri_surf2volseg --o aseg.mgz --i aseg.presurf.hypos.mgz --fix-presurf-with-ribbon /out/sourcedata/freesurfer/sub-v2s16x51235_ses-1/mri/ribbon.mgz --threads 16 --lh-cortex-mask /out/sourcedata/freesurfer/sub-v2s16x51235_ses-1/label/lh.cortex.label --lh-white /out/sourcedata/freesurfer/sub-v2s16x51235_ses-1/surf/lh.white --lh-pial /out/sourcedata/freesurfer/sub-v2s16x51235_ses-1/surf/lh.pial --rh-cortex-mask /out/sourcedata/freesurfer/sub-v2s16x51235_ses-1/label/rh.cortex.label --rh-white /out/sourcedata/freesurfer/sub-v2s16x51235_ses-1/surf/rh.white --rh-pial /out/sourcedata/freesurfer/sub-v2s16x51235_ses-1/surf/rh.pial 

SUBJECTS_DIR /out/sourcedata/freesurfer
outvol aseg.mgz
16 avail.processors, using 16
Loading aseg.presurf.hypos.mgz
Loading /out/sourcedata/freesurfer/sub-v2s16x51235_ses-1/mri/ribbon.mgz
Loading /out/sourcedata/freesurfer/sub-v2s16x51235_ses-1/surf/lh.white
Loading /out/sourcedata/freesurfer/sub-v2s16x51235_ses-1/surf/lh.pial
Loading /out/sourcedata/freesurfer/sub-v2s16x51235_ses-1/label/lh.cortex.label
Loading /out/sourcedata/freesurfer/sub-v2s16x51235_ses-1/surf/rh.white
Loading /out/sourcedata/freesurfer/sub-v2s16x51235_ses-1/surf/rh.pial
Loading /out/sourcedata/freesurfer/sub-v2s16x51235_ses-1/label/rh.cortex.label
Done loading
  0 192  96 112  16 208  64 128  80 240 176 160 224 144 241 209   1  17  48  65  32 225  18   2 242 210  81  49  33 226  66   3 243 211 193  19 
 50  34  97 227   4 244 212  20  35  67  51  82 228   5 245 213 177  21 194 113  36  52   6 229 246 214  22  68  37 230  53 247 215   7  23  38  83  98 145  69 231 248 216  54   8  24  39 
161 232 249 195 217  55  25  40   9 178 129  70 233 250 218  56  26  41  84  10 251 234 219 
 57  27  42 146 196  11  71  99 
252 235 220  58  28  43 162 179 
 12 253 236 221  59 
 29  44  85 114  72  13 254 237 222  60  30  45 197  14 255 238 223  61  31  46 147 163  15 239 
100  62  47 180  73 198  86  63 130 164 199 
 74 148 181  87 101 200  75 115 165 201 182  88 149 131 202  76 166 203 102 183  89 150 204  77 205 167 206  90 184 116 151 207  78 132 103 168 185  91  79 
152 186 169  92 117 104 153 187 170 133  93 188 171 154 105 118 189  94 172 134 155 190 106  95 119 
173 191 156 135 107 174 120 157 175 108 121 158 136 109 159 
122 137 110 111 123 138 139 
124 140 125 141 142 126 143 127 
nrelabeled = 168270
ndotcheck = 0
Starting Surf2VolSeg free
free done
#VMPC# mri_surf2volseg VmPeak  1973896
mri_surf2volseg done

 mri_brainvol_stats sub-v2s16x51235_ses-1 

ComputeBrainVolumeStats2 VoxelVol=1, KeepCSF=1
  #CBVS2 MaskVol              1630568.0
  #CBVS2 BrainSegVol          1339535.0
  #CBVS2 BrainSegVolNotVent   1322715.0
  #CBVS2 SupraTentVol         1190870.0
  #CBVS2 SupraTentVolNotVent  1174050.0
  #CBVS2 lhCtxGM               305912.2
  #CBVS2 rhCtxGM               307950.2
  #CBVS2 lhCerebralWM          244607.5
  #CBVS2 rhCerebralWM          245470.5
  #CBVS2 SubCortGMVol           70847.0
  #CBVS2 CerebellumVol         148665.0
  #CBVS2 CerebellumGMVol       117664.0
  #CBVS2 VentChorVol            13371.0
  #CBVS2 3rd4th5thCSF            3449.0
  #CBVS2 AllCSF                 16820.0
  #CBVS2 CCVol                   3275.0
#-----------------------------------------
#@# AParc-to-ASeg aparc Wed Mar 11 12:41:49 CET 2026
/out/sourcedata/freesurfer/sub-v2s16x51235_ses-1/mri

 mri_surf2volseg --o aparc+aseg.mgz --label-cortex --i aseg.mgz --threads 16 --lh-annot /out/sourcedata/freesurfer/sub-v2s16x51235_ses-1/label/lh.aparc.annot 1000 --lh-cortex-mask /out/sourcedata/freesurfer/sub-v2s16x51235_ses-1/label/lh.cortex.label --lh-white /out/sourcedata/freesurfer/sub-v2s16x51235_ses-1/surf/lh.white --lh-pial /out/sourcedata/freesurfer/sub-v2s16x51235_ses-1/surf/lh.pial --rh-annot /out/sourcedata/freesurfer/sub-v2s16x51235_ses-1/label/rh.aparc.annot 2000 --rh-cortex-mask /out/sourcedata/freesurfer/sub-v2s16x51235_ses-1/label/rh.cortex.label --rh-white /out/sourcedata/freesurfer/sub-v2s16x51235_ses-1/surf/rh.white --rh-pial /out/sourcedata/freesurfer/sub-v2s16x51235_ses-1/surf/rh.pial 

SUBJECTS_DIR /out/sourcedata/freesurfer
outvol aparc+aseg.mgz
16 avail.processors, using 16
Loading aseg.mgz
Loading /out/sourcedata/freesurfer/sub-v2s16x51235_ses-1/surf/lh.white
Loading /out/sourcedata/freesurfer/sub-v2s16x51235_ses-1/surf/lh.pial
Loading /out/sourcedata/freesurfer/sub-v2s16x51235_ses-1/label/lh.cortex.label
Ripping lh vertices labeled not in lh.cortex.label
  ripped 8812 vertices from lh hemi
Loading /out/sourcedata/freesurfer/sub-v2s16x51235_ses-1/label/lh.aparc.annot
Loading /out/sourcedata/freesurfer/sub-v2s16x51235_ses-1/surf/rh.white
Loading /out/sourcedata/freesurfer/sub-v2s16x51235_ses-1/surf/rh.pial
Loading /out/sourcedata/freesurfer/sub-v2s16x51235_ses-1/label/rh.cortex.label
Ripping rh vertices labeled not in rh.cortex.label
  ripped 8356 vertices from rh hemi
Loading /out/sourcedata/freesurfer/sub-v2s16x51235_ses-1/label/rh.aparc.annot
Done loading
  0  16  96 240  32 224 160  48 208  80 176 192 144  64 112 128 225 209  33  49   1  17 226 210  50 241  18   2  34 227 211  51 242  19 
  3  35 228 212  52 243  20   4  36 229 213  53 244  21   5  37 230 214  54 245   6  38  22 231 215  55 246   7  39 
 23  65 232 216  56   8 247  40  24 233 217  57   9 248  41  25 234 218  58  10 249  42  26 235 219 
 59 
 11 250  43  27 236 220  60  12 251  44  28 237 221  61  13 252  45  29 238 222  62  14 253  46  30 239 
223  15 254  47  31 255  63  66  67  68  69 193 145 161 177  97 113  70  81  71 129 194 146 178  72  98 114 162 195  82  73 147 196 179 
 99 
130  74 163 115 197 148 198  83 199 
200 201  75 202 203 204 180 205 206 207 100 116 164 149 131  76  84 181 101 150 117  77 165 151 132 102 182  85  78 118 152 166 103 183 133 153  79 
119 
104 167  86 154 184 105 134 168 155 120 106  87 185 156 169 107 135 121 157 186 108 170  88 158 136 109 187 122 171 159 
110 188 137 172  89 123 111 189 173 138 124  90 190 174 139 
125 191  91 175 140 126  92 141 127  93 142 143  94  95 
nrelabeled = 613072
ndotcheck = 35090
Starting Surf2VolSeg free
free done
#VMPC# mri_surf2volseg VmPeak  1989120
mri_surf2volseg done
#-----------------------------------------
#@# AParc-to-ASeg aparc.a2009s Wed Mar 11 12:42:23 CET 2026
/out/sourcedata/freesurfer/sub-v2s16x51235_ses-1/mri

 mri_surf2volseg --o aparc.a2009s+aseg.mgz --label-cortex --i aseg.mgz --threads 16 --lh-annot /out/sourcedata/freesurfer/sub-v2s16x51235_ses-1/label/lh.aparc.a2009s.annot 11100 --lh-cortex-mask /out/sourcedata/freesurfer/sub-v2s16x51235_ses-1/label/lh.cortex.label --lh-white /out/sourcedata/freesurfer/sub-v2s16x51235_ses-1/surf/lh.white --lh-pial /out/sourcedata/freesurfer/sub-v2s16x51235_ses-1/surf/lh.pial --rh-annot /out/sourcedata/freesurfer/sub-v2s16x51235_ses-1/label/rh.aparc.a2009s.annot 12100 --rh-cortex-mask /out/sourcedata/freesurfer/sub-v2s16x51235_ses-1/label/rh.cortex.label --rh-white /out/sourcedata/freesurfer/sub-v2s16x51235_ses-1/surf/rh.white --rh-pial /out/sourcedata/freesurfer/sub-v2s16x51235_ses-1/surf/rh.pial 

SUBJECTS_DIR /out/sourcedata/freesurfer
outvol aparc.a2009s+aseg.mgz
16 avail.processors, using 16
Loading aseg.mgz
Loading /out/sourcedata/freesurfer/sub-v2s16x51235_ses-1/surf/lh.white
Loading /out/sourcedata/freesurfer/sub-v2s16x51235_ses-1/surf/lh.pial
Loading /out/sourcedata/freesurfer/sub-v2s16x51235_ses-1/label/lh.cortex.label
Ripping lh vertices labeled not in lh.cortex.label
  ripped 8812 vertices from lh hemi
Loading /out/sourcedata/freesurfer/sub-v2s16x51235_ses-1/label/lh.aparc.a2009s.annot
Loading /out/sourcedata/freesurfer/sub-v2s16x51235_ses-1/surf/rh.white
Loading /out/sourcedata/freesurfer/sub-v2s16x51235_ses-1/surf/rh.pial
Loading /out/sourcedata/freesurfer/sub-v2s16x51235_ses-1/label/rh.cortex.label
Ripping rh vertices labeled not in rh.cortex.label
  ripped 8356 vertices from rh hemi
Loading /out/sourcedata/freesurfer/sub-v2s16x51235_ses-1/label/rh.aparc.a2009s.annot
Done loading
 48  96 144 128 112  80  64 240 208 160  32   0  16 224 192 176 209  17  49 210   1  33 225  18 241  50 211   2  34 226  19 
242  51 212   3 227  35  20 243  52 213   4 228  36  21 244  53 214   5 229  37  22 245  54 215 230   6  38  23 246  65  55 216 231   7  39 
 24 247  56 217 232   8  40  25 248  57 218 233   9  41  26 249  58 219 
234  10  42  27 250  59 
220 235  11  43  28 251  60 221 236  12  29 252  44  61 222 237  13  30 253  45 223  62 238  14  31 254  46 239 
 15 255  47  63  66  67  68 193  69 161 145  97 113 177  81  70 129 194  71 146  98 114  72 178 162 195  82  73 196 147  99 
130 197 163 115 179 
 74 198 199 
 83 200 201 202 203 204 205 206 207 148 100  75 116 164 180 131 149  84  76 101 117 165 181 150  77 132 102  85 151 118 166 182  78 103 152 133 104 167 183 119 
 79 
153  86 105 134 168 154 106 184 120 155 169 107  87 135 185 156 108 121 170 157 136 109  88 186 171 122 158 110 172 187 137 159 
 89 111 123 188 173 138  90 124 189 174 139 
175 190 125  91 140 191 126 141  92 127 142  93 143  94  95 
nrelabeled = 613072
ndotcheck = 35090
Starting Surf2VolSeg free
free done
#VMPC# mri_surf2volseg VmPeak  2298596
mri_surf2volseg done
#-----------------------------------------
#@# AParc-to-ASeg aparc.DKTatlas Wed Mar 11 12:42:57 CET 2026
/out/sourcedata/freesurfer/sub-v2s16x51235_ses-1/mri

 mri_surf2volseg --o aparc.DKTatlas+aseg.mgz --label-cortex --i aseg.mgz --threads 16 --lh-annot /out/sourcedata/freesurfer/sub-v2s16x51235_ses-1/label/lh.aparc.DKTatlas.annot 1000 --lh-cortex-mask /out/sourcedata/freesurfer/sub-v2s16x51235_ses-1/label/lh.cortex.label --lh-white /out/sourcedata/freesurfer/sub-v2s16x51235_ses-1/surf/lh.white --lh-pial /out/sourcedata/freesurfer/sub-v2s16x51235_ses-1/surf/lh.pial --rh-annot /out/sourcedata/freesurfer/sub-v2s16x51235_ses-1/label/rh.aparc.DKTatlas.annot 2000 --rh-cortex-mask /out/sourcedata/freesurfer/sub-v2s16x51235_ses-1/label/rh.cortex.label --rh-white /out/sourcedata/freesurfer/sub-v2s16x51235_ses-1/surf/rh.white --rh-pial /out/sourcedata/freesurfer/sub-v2s16x51235_ses-1/surf/rh.pial 

SUBJECTS_DIR /out/sourcedata/freesurfer
outvol aparc.DKTatlas+aseg.mgz
16 avail.processors, using 16
Loading aseg.mgz
Loading /out/sourcedata/freesurfer/sub-v2s16x51235_ses-1/surf/lh.white
Loading /out/sourcedata/freesurfer/sub-v2s16x51235_ses-1/surf/lh.pial
Loading /out/sourcedata/freesurfer/sub-v2s16x51235_ses-1/label/lh.cortex.label
Ripping lh vertices labeled not in lh.cortex.label
  ripped 8812 vertices from lh hemi
Loading /out/sourcedata/freesurfer/sub-v2s16x51235_ses-1/label/lh.aparc.DKTatlas.annot
Loading /out/sourcedata/freesurfer/sub-v2s16x51235_ses-1/surf/rh.white
Loading /out/sourcedata/freesurfer/sub-v2s16x51235_ses-1/surf/rh.pial
Loading /out/sourcedata/freesurfer/sub-v2s16x51235_ses-1/label/rh.cortex.label
Ripping rh vertices labeled not in rh.cortex.label
  ripped 8356 vertices from rh hemi
Loading /out/sourcedata/freesurfer/sub-v2s16x51235_ses-1/label/rh.aparc.DKTatlas.annot
Done loading
  0 208  80  16 176 112 224 160  48  32 240 192 144  64 128  33  49 241 209 225  96  17   1  34 242 226 210  18   2  50  35 243  19 
211   3 227  36  51 244  20   4 228 212  37  52 245  21   5 229 213  38  53 246  22   6 230 214  65  39 
 54 247  23   7 231 215  40  55 248 232  24   8 216  41  56 249 233  25   9 217  42  57 250 234  26  10 218  43  58 251 235  27  11 219 
 44  59 
252 236  28  12 220  45  60 253 237 221  29  13  46  61 254 238 222  30  14  47  62 255 239 
223  31  15  63  66  67  68 193  69 145 161 113  97 177  81  70 129  71 194 146 114  98 162  72 178 195  82  73 147 196  99 
115 163 130 197 179 
 74 198  83 148 199 
200 201 202 203 204 205 206 207 100 116 164  75 180 149 131  84 101 117  76 150 165 181  77 102 151 132 118  85 166 152 103 182  78 119 
133 153 104 167  86 183  79 
105 154 168 120 134 106  87 155 184 169 107 156 121 135 108 170 185  88 157 109 122 171 158 136 186 110  89 159 
172 123 187 111 137 173  90 188 124 138 174 189 125  91 139 
175 190 126 191 140  92 127 141  93 142  94 143  95 
nrelabeled = 613072
ndotcheck = 35090
Starting Surf2VolSeg free
free done
#VMPC# mri_surf2volseg VmPeak  1958200
mri_surf2volseg done
#-----------------------------------------
#@# WMParc Wed Mar 11 12:43:31 CET 2026
/out/sourcedata/freesurfer/sub-v2s16x51235_ses-1/mri

 mri_surf2volseg --o wmparc.mgz --label-wm --i aparc+aseg.mgz --threads 16 --lh-annot /out/sourcedata/freesurfer/sub-v2s16x51235_ses-1/label/lh.aparc.annot 3000 --lh-cortex-mask /out/sourcedata/freesurfer/sub-v2s16x51235_ses-1/label/lh.cortex.label --lh-white /out/sourcedata/freesurfer/sub-v2s16x51235_ses-1/surf/lh.white --lh-pial /out/sourcedata/freesurfer/sub-v2s16x51235_ses-1/surf/lh.pial --rh-annot /out/sourcedata/freesurfer/sub-v2s16x51235_ses-1/label/rh.aparc.annot 4000 --rh-cortex-mask /out/sourcedata/freesurfer/sub-v2s16x51235_ses-1/label/rh.cortex.label --rh-white /out/sourcedata/freesurfer/sub-v2s16x51235_ses-1/surf/rh.white --rh-pial /out/sourcedata/freesurfer/sub-v2s16x51235_ses-1/surf/rh.pial 

SUBJECTS_DIR /out/sourcedata/freesurfer
outvol wmparc.mgz
16 avail.processors, using 16
Loading aparc+aseg.mgz
Loading /out/sourcedata/freesurfer/sub-v2s16x51235_ses-1/surf/lh.white
Loading /out/sourcedata/freesurfer/sub-v2s16x51235_ses-1/surf/lh.pial
Loading /out/sourcedata/freesurfer/sub-v2s16x51235_ses-1/label/lh.cortex.label
Ripping lh vertices labeled not in lh.cortex.label
  ripped 8812 vertices from lh hemi
Loading /out/sourcedata/freesurfer/sub-v2s16x51235_ses-1/label/lh.aparc.annot
Loading /out/sourcedata/freesurfer/sub-v2s16x51235_ses-1/surf/rh.white
Loading /out/sourcedata/freesurfer/sub-v2s16x51235_ses-1/surf/rh.pial
Loading /out/sourcedata/freesurfer/sub-v2s16x51235_ses-1/label/rh.cortex.label
Ripping rh vertices labeled not in rh.cortex.label
  ripped 8356 vertices from rh hemi
Loading /out/sourcedata/freesurfer/sub-v2s16x51235_ses-1/label/rh.aparc.annot
Done loading
  0 144 112 160 176 128  96 192 224  48  80   1 225  49  32  16 240 208 226   2  64 241  33  50 209 227   3 242  65  34  51 210  17 228   4 243  52  35  66 211  18 229   5 244  36  53 212  19 
 67 245 230   6  37  54 213  20 246 231   7  55  38 214  21 247   8 232  39  56 
215  68  22 193 248   9 233  57  40 216  23 249  10 234  58  41 217  24 250  11 235  59 
 42 218  25 251  12 236  60  43 219 
 69  26 252  13 237  61  44 220  27 253  14 238  62  45 221 194  28 254  15 239 
 63  46 222  29 255  47 223  30  70  81  31 195  71 196  72 197 198 199 
200 177 201 145 202  73  97 203 204 205 129  82 206 207  74 161  75 113  83 178 130  98  76 146  84 179 
 77 131 162  85  78 180 114  99 
132  86  79 
147 181 133 163  87 182 100 134  88 115 183 148 164  89 184 135 101 185  90 116 165 186 136 187 102 149 188  91 189 166 190 137 117 191 103  92 150 167 138  93 118 104 168  94 151 139 
119 
105 169  95 120 170 152 106 140 121 171 122 107 153 172 141 123 108 173 154 124 174 142 109 155 125 175 126 110 143 156 127 111 157 158 159 

nrelabeled = 486803
ndotcheck = 4419
Starting Surf2VolSeg free
free done
#VMPC# mri_surf2volseg VmPeak  1958168
mri_surf2volseg done

 mri_segstats --seed 1234 --seg mri/wmparc.mgz --sum stats/wmparc.stats --pv mri/norm.mgz --excludeid 0 --brainmask mri/brainmask.mgz --in mri/norm.mgz --in-intensity-name norm --in-intensity-units MR --subject sub-v2s16x51235_ses-1 --surf-wm-vol --ctab /opt/freesurfer/WMParcStatsLUT.txt --etiv 

setting seed for random number genererator to 1234

7.3.2
cwd 
cmdline mri_segstats --seed 1234 --seg mri/wmparc.mgz --sum stats/wmparc.stats --pv mri/norm.mgz --excludeid 0 --brainmask mri/brainmask.mgz --in mri/norm.mgz --in-intensity-name norm --in-intensity-units MR --subject sub-v2s16x51235_ses-1 --surf-wm-vol --ctab /opt/freesurfer/WMParcStatsLUT.txt --etiv 
sysname  Linux
hostname dna023
machine  x86_64
user     oesteban
whitesurfname  white
UseRobust  0
atlas_icv (eTIV) = 1702806 mm^3    (det: 1.144056 )
Loading mri/wmparc.mgz
Getting Brain Volume Statistics
Loading mri/norm.mgz
Loading mri/norm.mgz
Voxel Volume is 1 mm^3
Generating list of segmentation ids
Found 390 segmentations
Computing statistics for each segmentation

Reporting on  70 segmentations
Using PrintSegStat
mri_segstats done
#--------------------------------------------
#@# ASeg Stats Wed Mar 11 12:47:16 CET 2026
/out/sourcedata/freesurfer/sub-v2s16x51235_ses-1

 mri_segstats --seed 1234 --seg mri/aseg.mgz --sum stats/aseg.stats --pv mri/norm.mgz --empty --brainmask mri/brainmask.mgz --brain-vol-from-seg --excludeid 0 --excl-ctxgmwm --supratent --subcortgray --in mri/norm.mgz --in-intensity-name norm --in-intensity-units MR --etiv --surf-wm-vol --surf-ctx-vol --totalgray --euler --ctab /opt/freesurfer/ASegStatsLUT.txt --subject sub-v2s16x51235_ses-1 

setting seed for random number genererator to 1234

7.3.2
cwd 
cmdline mri_segstats --seed 1234 --seg mri/aseg.mgz --sum stats/aseg.stats --pv mri/norm.mgz --empty --brainmask mri/brainmask.mgz --brain-vol-from-seg --excludeid 0 --excl-ctxgmwm --supratent --subcortgray --in mri/norm.mgz --in-intensity-name norm --in-intensity-units MR --etiv --surf-wm-vol --surf-ctx-vol --totalgray --euler --ctab /opt/freesurfer/ASegStatsLUT.txt --subject sub-v2s16x51235_ses-1 
sysname  Linux
hostname dna023
machine  x86_64
user     oesteban
whitesurfname  white
UseRobust  0
atlas_icv (eTIV) = 1702806 mm^3    (det: 1.144056 )
Computing euler number
orig.nofix lheno =   -8, rheno = 0
orig.nofix lhholes =    5, rhholes = 1
Loading mri/aseg.mgz
Getting Brain Volume Statistics
Loading mri/norm.mgz
Loading mri/norm.mgz
Voxel Volume is 1 mm^3
Generating list of segmentation ids
Found  50 segmentations
Computing statistics for each segmentation

Reporting on  45 segmentations
Using PrintSegStat
mri_segstats done

Started at Wed Mar 11 12:41:22 CET 2026 
Ended   at Wed Mar 11 12:47:48 CET 2026
#@#%# recon-all-run-time-hours 0.107
recon-all -s sub-v2s16x51235_ses-1 finished without error at Wed Mar 11 12:47:48 CET 2026
