#!ascii label  , from subject sub-v2s16x51235_ses-1 vox2ras=TkReg
2952
45395  -16.573  -26.912  71.912 0.4444440007
137056  -16.427  -27.160  71.597 0.4444440007
45396  -17.058  -26.428  71.484 0.5555559993
44545  -17.177  -27.012  71.218 0.4444440007
44548  -16.514  -27.365  70.718 0.4444440007
44549  -17.321  -27.321  70.353 0.4444440007
43705  -16.079  -28.192  69.290 0.4444440007
44555  -16.604  -27.657  69.776 0.4444440007
44556  -18.087  -27.329  69.896 0.4444440007
43712  -16.325  -28.564  68.522 0.4444440007
44563  -16.677  -27.948  69.047 0.4444440007
44564  -18.020  -27.564  68.916 0.4444440007
42907  -16.354  -29.355  67.980 0.3333329856
42913  -16.788  -29.346  67.399 0.4444440007
43718  -16.827  -28.669  67.852 0.4444440007
43713  -17.177  -27.978  68.450 0.4444440007
42003  -16.609  -29.995  67.681 0.3333329856
42004  -16.977  -30.101  67.133 0.3333329856
41030  -17.697  -31.331  66.582 0.3333329856
125582  -17.344  -30.844  67.070 0.3333329856
46311  -16.352  -25.933  71.922 0.5555559993
47249  -16.902  -25.534  70.669 0.4444440007
46313  -17.675  -26.038  71.025 0.4444440007
45404  -18.727  -26.911  70.636 0.5555559993
45399  -19.627  -26.207  70.328 0.4444440007
44557  -18.813  -27.337  69.434 0.5555559993
44550  -20.124  -27.078  69.748 0.4444440007
43719  -17.406  -28.265  67.728 0.4444440007
44572  -17.945  -27.803  68.003 0.4444440007
44565  -18.861  -27.527  68.407 0.4444440007
44559  -20.663  -27.222  68.963 0.5555559993
130953  -17.205  -28.725  67.190 0.5555559993
44573  -18.519  -27.766  67.576 0.5555559993
129959  -19.931  -27.438  68.301 0.5555559993
141134  -20.799  -27.369  68.139 0.6666669846
43720  -17.910  -28.181  67.152 0.5555559993
44574  -19.296  -27.605  67.547 0.5555559993
44575  -20.304  -27.511  67.474 0.5555559993
42006  -17.358  -30.288  66.339 0.3333329856
137416  -17.824  -28.732  65.891 0.4444440007
43727  -19.024  -27.896  66.039 0.5555559993
44583  -19.655  -27.656  66.734 0.4444440007
42011  -17.849  -29.584  64.700 0.3333329856
43747  -20.539  -27.982  64.527 0.3333329856
47245  -18.201  -25.422  70.856 0.4444440007
45397  -18.097  -26.693  70.993 0.5555559993
47251  -18.554  -25.027  70.457 0.3333329856
46314  -18.571  -25.847  70.859 0.4444440007
45405  -19.436  -26.879  70.298 0.4444440007
47247  -19.743  -25.015  70.372 0.3333329856
46315  -19.242  -25.626  70.519 0.4444440007
45406  -20.255  -26.652  69.975 0.4444440007
45413  -21.356  -26.419  69.109 0.4444440007
136170  -21.274  -27.014  68.929 0.6666669846
44576  -21.371  -27.303  67.409 0.6666669846
44567  -21.403  -27.109  68.303 0.6666669846
54299  -36.982  -17.416  65.607 0.7777780294
54307  -37.358  -17.113  64.732 0.7777780294
44592  -20.071  -27.726  65.931 0.4444440007
44584  -20.771  -27.577  66.656 0.4444440007
143404  -37.829  -17.595  64.510 0.8888890147
142170  -19.497  -28.043  65.145 0.4444440007
44603  -21.338  -27.675  65.115 0.3333329856
47252  -19.760  -24.771  70.294 0.3333329856
46316  -20.396  -25.018  70.246 0.4444440007
46321  -21.075  -25.370  70.020 0.4444440007
46329  -21.975  -25.264  69.183 0.6666669846
46328  -21.517  -25.683  69.456 0.6666669846
56342  -32.764  -16.384  67.466 0.6666669846
45414  -21.821  -25.991  68.740 0.6666669846
54276  -33.790  -17.042  67.811 0.7777780294
136581  -21.951  -27.016  66.980 0.6666669846
44577  -21.908  -26.838  67.651 0.6666669846
54283  -34.975  -16.947  67.506 0.7777780294
55337  -35.592  -16.242  66.422 0.7777780294
55338  -36.421  -16.821  66.043 0.7777780294
135374  -22.158  -26.754  66.950 0.6666669846
55349  -36.730  -16.527  65.009 0.7777780294
54308  -37.664  -17.126  63.778 0.7777780294
53252  -39.480  -18.051  61.971 0.8888890147
52366  -39.954  -19.076  63.111 0.8888890147
44594  -21.823  -27.349  65.724 0.4444440007
54309  -38.364  -17.743  63.866 0.8888890147
44604  -21.973  -27.398  64.854 0.4444440007
44605  -22.329  -27.096  64.818 0.4444440007
53234  -38.532  -18.544  64.129 0.7777780294
52350  -38.599  -19.341  63.975 0.6666669846
48218  -20.725  -23.761  70.020 0.3333329856
47260  -19.753  -24.576  70.021 0.3333329856
47253  -20.466  -24.492  70.137 0.3333329856
47254  -21.138  -24.594  70.106 0.4444440007
46322  -21.642  -24.930  69.717 0.5555559993
55320  -33.011  -16.951  68.010 0.6666669846
46334  -22.216  -25.579  68.467 0.6666669846
53185  -32.065  -17.678  67.923 0.7777780294
130297  -22.418  -26.263  66.963 0.6666669846
46339  -22.321  -25.955  67.746 0.6666669846
138721  -32.930  -17.746  67.387 0.4444440007
54282  -33.968  -17.457  67.548 0.6666669846
56352  -34.911  -16.355  67.106 0.7777780294
55348  -35.940  -16.054  65.279 0.8888890147
45425  -22.327  -26.761  66.264 0.5555559993
45421  -22.154  -26.515  67.445 0.6666669846
55347  -35.049  -15.669  65.369 0.7777780294
45433  -22.485  -26.727  65.434 0.4444440007
46355  -22.642  -25.782  65.136 0.3333329856
53208  -32.987  -18.466  65.580 0.3333329856
137001  -35.280  -15.833  64.509 0.6666669846
123517  -36.302  -16.568  63.157 0.6666669846
55378  -37.058  -16.793  63.242 0.6666669846
54319  -38.743  -17.747  62.686 0.8888890147
53244  -40.250  -18.681  62.154 0.8888890147
135667  -22.188  -27.286  64.273 0.2222220004
45439  -22.564  -26.634  64.617 0.3333329856
124474  -35.361  -16.400  62.952 0.6666669846
55377  -35.725  -16.863  62.338 0.6666669846
54318  -36.582  -16.946  62.470 0.6666669846
54332  -36.918  -17.288  61.786 0.6666669846
53235  -39.177  -18.801  63.598 0.7777780294
52367  -40.706  -19.619  62.587 0.8888890147
45446  -22.549  -26.864  63.228 0.2222220004
46362  -22.666  -25.785  64.179 0.2222220004
51445  -38.631  -20.035  63.444 0.5555559993
52351  -39.365  -19.624  63.446 0.6666669846
51461  -40.781  -20.543  62.649 0.6666669846
46380  -22.762  -26.120  62.508 0.1111110002
143833  -40.918  -20.901  62.611 0.6666669846
49254  -21.012  -22.983  69.944 0.5555559993
49256  -22.350  -22.711  69.966 0.6666669846
47255  -21.854  -24.239  69.929 0.6666669846
130636  -22.577  -23.260  69.376 0.6666669846
55313  -31.477  -16.825  68.253 0.6666669846
55319  -32.226  -16.637  67.985 0.6666669846
56349  -32.389  -15.963  66.754 0.6666669846
131974  -22.280  -23.944  69.643 0.6666669846
131834  -22.650  -24.105  67.957 0.5555559993
54274  -32.047  -17.243  68.181 0.6666669846
127172  -22.646  -24.627  67.327 0.5555559993
55327  -33.565  -16.555  67.483 0.7777780294
120043  -22.631  -25.254  66.599 0.4444440007
52306  -30.232  -19.358  67.004 0.3333329856
53193  -31.029  -18.743  66.353 0.3333329856
56371  -34.086  -15.571  65.209 0.7777780294
121793  -22.662  -25.298  65.816 0.3333329856
52318  -30.096  -19.574  65.807 0.3333329856
53194  -31.988  -18.178  66.955 0.3333329856
55362  -34.456  -15.721  64.366 0.6666669846
53253  -40.792  -18.647  61.261 0.8888890147
53245  -41.294  -19.275  62.024 0.8888890147
47288  -22.663  -24.772  65.321 0.3333329856
52329  -30.268  -19.467  64.704 0.3333329856
53220  -31.587  -18.703  64.563 0.3333329856
55376  -34.397  -16.327  62.754 0.6666669846
54348  -37.198  -17.702  61.070 0.6666669846
54333  -37.960  -17.357  61.963 0.7777780294
53251  -38.785  -17.743  61.567 0.8888890147
124271  -39.990  -18.311  61.370 0.8888890147
52382  -42.249  -19.680  62.003 0.8888890147
47304  -22.708  -24.874  63.563 0.2222220004
52330  -30.884  -19.010  64.084 0.3333329856
140470  -35.383  -17.051  61.824 0.6666669846
54331  -35.917  -17.291  61.650 0.6666669846
52368  -41.692  -20.243  62.382 0.7777780294
52369  -42.602  -20.332  62.107 0.8888890147
46371  -22.717  -25.930  63.350 0.2222220004
47310  -22.812  -25.066  62.717 0.2222220004
122660  -41.516  -21.024  62.435 0.6666669846
47322  -22.918  -25.222  61.879 0.2222220004
124172  -21.881  -21.379  69.979 0.6666669846
50366  -22.780  -21.160  70.092 0.6666669846
119881  -23.322  -20.532  70.511 0.6666669846
119992  -21.412  -22.160  69.983 0.4444440007
50367  -23.159  -21.154  70.054 0.6666669846
54266  -30.469  -17.615  68.885 0.6666669846
55312  -30.697  -16.964  68.555 0.5555559993
49275  -22.941  -22.359  68.815 0.5555559993
49266  -23.044  -21.782  69.599 0.6666669846
53174  -30.727  -18.038  68.800 0.6666669846
54267  -31.150  -17.454  68.543 0.7777780294
131062  -31.568  -16.301  67.596 0.5555559993
137171  -32.128  -16.184  67.395 0.6666669846
48232  -22.700  -23.284  68.290 0.5555559993
53184  -31.325  -17.820  68.404 0.6666669846
48249  -22.659  -23.545  66.147 0.4444440007
137869  -22.642  -24.255  66.620 0.4444440007
52295  -30.150  -19.133  67.952 0.4444440007
56361  -33.654  -15.663  66.044 0.5555559993
50421  -28.728  -21.373  65.988 0.3333329856
48256  -22.687  -23.792  65.230 0.3333329856
119737  -33.941  -15.933  63.442 0.4444440007
53268  -41.398  -18.810  61.018 0.8888890147
124211  -41.752  -19.087  61.542 0.8888890147
53254  -42.644  -19.273  61.640 0.8888890147
48264  -22.813  -23.627  64.434 0.2222220004
140690  -28.908  -21.112  65.192 0.3333329856
52328  -29.539  -20.214  65.034 0.3333329856
54330  -34.291  -17.002  61.276 0.4444440007
54349  -38.054  -17.797  60.979 0.6666669846
52383  -43.095  -19.722  61.917 0.8888890147
48281  -22.914  -24.052  62.941 0.2222220004
51441  -29.209  -20.725  64.333 0.3333329856
52343  -29.815  -19.898  64.213 0.3333329856
54346  -34.583  -17.494  60.533 0.5555559993
54347  -35.926  -18.037  60.221 0.5555559993
53264  -37.322  -18.081  60.305 0.6666669846
51474  -43.254  -20.450  61.866 0.6666669846
47311  -23.095  -24.211  62.126 0.2222220004
140517  -29.561  -20.231  63.664 0.3333329856
46399  -23.252  -25.419  60.242 0.1111110002
47323  -23.282  -24.345  61.321 0.1111110002
126651  -29.043  -21.016  63.394 0.3333329856
47333  -23.466  -24.449  60.521 0.1111110002
51369  -22.968  -20.405  70.588 0.6666669846
53164  -29.382  -18.326  69.390 0.6666669846
54258  -29.839  -17.810  69.142 0.6666669846
51378  -23.796  -20.590  69.835 0.6666669846
52276  -29.057  -19.076  69.468 0.6666669846
52277  -29.645  -18.747  69.143 0.7777780294
143324  -23.338  -21.557  68.806 0.4444440007
50384  -23.871  -21.158  68.374 0.5555559993
51396  -28.893  -20.240  68.406 0.5555559993
52286  -30.054  -18.787  68.699 0.5555559993
49281  -22.923  -22.507  67.527 0.4444440007
50393  -24.069  -21.309  67.208 0.4444440007
50410  -28.456  -21.471  66.863 0.4444440007
52294  -29.465  -19.755  68.205 0.4444440007
49289  -22.889  -22.694  66.488 0.4444440007
50405  -23.907  -21.624  66.156 0.4444440007
137528  -28.654  -21.328  66.631 0.4444440007
50398  -28.756  -21.013  67.267 0.4444440007
49299  -22.888  -22.877  65.585 0.2222220004
49300  -23.399  -22.343  65.087 0.2222220004
50420  -28.381  -21.874  65.682 0.3333329856
51415  -29.060  -20.858  66.666 0.3333329856
123073  -41.759  -18.805  60.423 0.8888890147
53269  -42.834  -18.849  61.013 1.0000000000
49310  -22.962  -22.971  64.749 0.2222220004
49311  -23.497  -22.444  64.296 0.2222220004
49316  -28.037  -22.537  64.893 0.3333329856
142118  -28.541  -21.712  65.276 0.3333329856
120618  -40.064  -18.346  60.557 0.7777780294
53267  -40.842  -18.609  60.499 0.8888890147
134282  -42.066  -18.992  61.199 1.0000000000
53255  -43.516  -19.155  61.659 0.8888890147
48273  -22.833  -23.869  63.759 0.2222220004
48265  -23.092  -23.045  63.978 0.2222220004
49325  -23.625  -22.554  63.551 0.2222220004
49317  -28.288  -22.493  64.435 0.3333329856
53283  -39.328  -18.164  60.120 0.7777780294
52384  -43.781  -19.692  61.754 0.8888890147
49338  -23.826  -22.617  62.785 0.2222220004
49330  -28.428  -22.653  63.745 0.3333329856
50439  -28.675  -21.809  64.383 0.3333329856
53256  -44.280  -19.018  61.590 0.8888890147
48282  -23.403  -23.299  62.412 0.2222220004
50450  -28.728  -22.051  63.429 0.3333329856
51475  -43.955  -20.403  61.632 0.6666669846
48294  -24.360  -22.948  61.238 0.2222220004
51488  -44.046  -20.892  61.355 0.5555559993
136292  -22.919  -19.959  70.523 0.6666669846
51370  -23.987  -20.077  70.508 0.6666669846
144221  -24.923  -20.400  69.102 0.4444440007
140687  -26.762  -19.678  70.309 0.6666669846
51414  -25.200  -21.092  67.138 0.4444440007
51392  -25.741  -20.575  68.587 0.4444440007
50385  -27.645  -21.222  68.319 0.4444440007
143433  -28.290  -20.169  69.249 0.5555559993
50406  -24.795  -21.304  66.331 0.4444440007
50394  -26.356  -21.370  67.247 0.4444440007
50396  -28.059  -21.526  67.732 0.4444440007
49292  -28.005  -22.140  66.391 0.4444440007
50417  -24.661  -21.531  65.423 0.3333329856
49302  -27.854  -22.438  65.587 0.3333329856
120410  -40.994  -18.617  59.662 0.8888890147
50438  -24.823  -21.880  63.894 0.2222220004
50428  -24.178  -21.888  64.628 0.2222220004
49315  -27.644  -22.840  64.708 0.3333329856
49312  -24.068  -22.141  63.902 0.2222220004
49339  -24.742  -22.377  62.525 0.2222220004
49326  -24.382  -22.237  63.285 0.2222220004
138982  -27.999  -23.086  64.067 0.3333329856
51476  -44.397  -19.697  61.527 0.8888890147
49342  -28.315  -23.383  63.163 0.3333329856
50497  -43.936  -21.332  60.352 0.2222220004
50482  -44.315  -21.009  60.848 0.6666669846
50498  -44.561  -20.992  60.236 0.4444440007
53148  -23.867  -19.261  70.570 0.6666669846
53149  -24.837  -18.876  70.574 0.6666669846
51371  -24.913  -19.685  70.310 0.6666669846
52266  -25.339  -19.175  70.618 0.6666669846
50407  -25.914  -21.464  66.467 0.4444440007
50395  -27.496  -21.746  67.460 0.4444440007
136828  -25.505  -21.508  65.824 0.3333329856
50418  -25.662  -21.702  65.258 0.3333329856
50408  -26.985  -22.026  66.706 0.4444440007
49291  -27.741  -22.079  66.753 0.4444440007
50429  -25.221  -21.708  64.614 0.3333329856
50430  -26.322  -22.272  64.795 0.3333329856
49301  -27.478  -22.376  66.143 0.3333329856
53284  -42.516  -18.699  60.010 0.8888890147
49314  -27.155  -22.952  64.449 0.3333329856
122721  -43.222  -18.587  60.227 0.8888890147
53270  -43.961  -18.561  61.071 1.0000000000
49327  -25.496  -22.292  63.285 0.2222220004
49313  -26.433  -22.650  63.959 0.2222220004
53271  -44.781  -18.408  61.152 0.8888890147
120047  -26.508  -22.940  63.199 0.2222220004
49329  -27.553  -23.283  63.902 0.3333329856
53257  -44.865  -18.988  61.356 0.8888890147
49340  -25.761  -22.655  62.337 0.2222220004
49341  -26.572  -23.209  62.553 0.2222220004
140480  -44.999  -20.342  60.588 0.7777780294
51504  -44.790  -20.700  60.431 0.5555559993
53285  -43.910  -18.209  59.746 0.8888890147
53286  -44.732  -17.676  59.774 1.0000000000
136333  -44.650  -18.032  60.649 0.8888890147
53272  -45.284  -18.366  60.919 0.8888890147
52394  -45.447  -19.062  60.905 0.7777780294
51506  -45.978  -20.236  59.480 0.7777780294
51537  -45.990  -20.569  58.408 0.5555559993
51552  -46.142  -20.366  57.377 0.3333329856
139233  -44.217  -17.836  58.895 0.7777780294
54350  -45.301  -17.753  60.552 0.8888890147
54369  -45.855  -17.205  60.110 1.0000000000
53273  -45.847  -18.383  60.634 0.8888890147
54370  -46.227  -17.375  60.114 0.8888890147
52402  -46.715  -19.367  59.572 0.8888890147
54371  -46.986  -17.635  59.747 0.8888890147
51522  -47.209  -20.080  58.422 0.7777780294
52423  -46.609  -19.947  56.510 0.2222220004
51553  -47.087  -20.167  57.249 0.5555559993
52440  -46.167  -19.587  55.649 0.2222220004
52441  -47.062  -19.598  55.826 0.4444440007
126776  -45.726  -19.205  54.759 0.1111110002
130265  -46.646  -19.214  54.989 0.2222220004
52475  -45.293  -18.839  53.923 0.1111110002
54368  -45.405  -17.218  59.682 1.0000000000
55401  -45.910  -16.762  59.573 1.0000000000
139743  -47.862  -18.985  58.826 0.8888890147
121681  -47.947  -19.836  58.042 0.7777780294
52415  -48.155  -19.827  57.370 0.6666669846
52426  -48.694  -19.520  56.870 0.7777780294
52442  -47.890  -19.572  56.007 0.4444440007
52443  -48.617  -19.436  56.202 0.6666669846
52458  -47.535  -19.227  55.263 0.5555559993
52459  -48.358  -19.194  55.504 0.5555559993
53396  -47.194  -18.819  54.458 0.5555559993
120020  -46.096  -18.403  53.027 0.2222220004
54388  -44.771  -17.379  58.745 0.8888890147
55402  -46.220  -16.714  59.632 1.0000000000
54390  -47.442  -16.904  59.416 1.0000000000
55409  -47.170  -16.051  59.187 1.0000000000
55410  -47.909  -16.247  58.994 1.0000000000
53305  -48.402  -18.556  58.384 0.8888890147
55411  -48.586  -16.748  58.555 1.0000000000
53327  -49.255  -18.955  57.271 0.8888890147
133642  -49.352  -18.365  57.436 0.8888890147
52427  -49.227  -19.195  56.368 0.8888890147
53373  -49.118  -19.054  55.693 0.6666669846
53418  -47.827  -18.546  54.029 0.4444440007
53398  -48.805  -18.792  55.022 0.5555559993
53417  -46.988  -18.459  53.559 0.3333329856
55408  -46.610  -16.129  59.138 1.0000000000
56395  -47.638  -15.391  58.639 1.0000000000
55418  -49.178  -16.729  58.023 1.0000000000
54433  -49.829  -18.340  56.838 1.0000000000
139096  -50.317  -17.981  56.327 1.0000000000
53350  -50.155  -18.361  56.160 0.8888890147
53374  -49.831  -18.722  55.807 0.7777780294
122931  -49.169  -18.468  54.390 0.6666669846
53420  -49.990  -18.307  54.428 0.7777780294
53445  -47.755  -18.153  53.229 0.5555559993
56396  -48.534  -15.704  58.423 1.0000000000
56406  -49.749  -15.462  57.251 1.0000000000
54413  -50.101  -17.505  56.751 1.0000000000
54434  -50.565  -17.357  56.096 1.0000000000
53399  -50.290  -18.362  55.070 0.7777780294
54468  -49.488  -17.974  53.565 0.5555559993
54469  -50.480  -17.835  53.873 0.6666669846
130225  -48.523  -17.550  52.251 0.6666669846
57326  -50.040  -14.489  56.903 1.0000000000
136847  -50.224  -13.681  56.742 1.0000000000
54447  -51.058  -17.597  55.185 1.0000000000
55426  -50.833  -16.498  55.898 1.0000000000
54458  -51.080  -17.658  54.258 0.7777780294
53421  -50.585  -18.054  54.537 0.7777780294
54493  -48.984  -17.270  51.654 0.6666669846
54482  -49.312  -17.520  52.544 0.6666669846
58251  -50.858  -13.286  56.380 0.8888890147
56414  -51.070  -15.686  55.787 1.0000000000
134625  -50.829  -14.587  56.162 1.0000000000
54459  -51.427  -17.394  54.611 0.8888890147
55433  -52.047  -16.126  54.978 1.0000000000
54484  -51.233  -17.347  53.412 0.7777780294
54460  -52.033  -16.943  54.257 0.8888890147
55443  -52.459  -16.251  54.428 0.8888890147
55454  -52.548  -16.501  53.763 0.8888890147
54509  -49.453  -16.828  50.919 0.5555559993
54494  -50.054  -17.069  51.842 0.6666669846
55479  -50.374  -16.559  50.940 0.5555559993
120678  -49.821  -16.442  50.130 0.4444440007
57427  -50.938  -14.783  47.616 0.2222220004
58343  -51.944  -13.787  47.538 0.3333329856
57448  -51.328  -14.195  47.331 0.2222220004
57447  -50.696  -14.299  46.771 0.3333329856
57333  -51.487  -14.206  55.792 1.0000000000
58259  -52.468  -13.527  55.256 1.0000000000
56421  -51.709  -15.300  55.422 1.0000000000
57343  -52.796  -14.589  54.706 1.0000000000
56422  -52.425  -15.427  54.829 1.0000000000
56428  -53.025  -15.482  54.271 1.0000000000
56437  -53.009  -15.999  53.918 1.0000000000
55467  -50.991  -17.017  52.410 0.6666669846
122156  -51.526  -16.570  51.941 0.6666669846
55469  -52.443  -16.531  53.007 0.7777780294
55480  -50.863  -16.678  51.628 0.6666669846
137527  -52.166  -16.370  52.248 0.6666669846
56448  -52.767  -15.996  52.479 0.7777780294
58305  -54.470  -13.113  50.360 0.8888890147
59358  -55.298  -12.602  51.050 0.8888890147
55494  -51.255  -16.244  51.067 0.6666669846
57398  -53.182  -13.959  49.726 0.5555559993
58304  -53.720  -13.672  50.168 0.6666669846
140588  -49.252  -16.398  49.393 0.1111110002
55493  -50.667  -16.159  50.191 0.4444440007
126040  -52.285  -14.455  49.075 0.3333329856
58319  -53.551  -13.452  49.364 0.4444440007
55517  -49.482  -16.165  48.779 0.2222220004
56508  -50.540  -15.695  48.911 0.2222220004
56524  -51.203  -14.989  48.283 0.3333329856
57413  -51.729  -14.728  48.703 0.3333329856
57414  -52.869  -13.855  49.071 0.3333329856
58320  -54.173  -13.011  49.599 0.6666669846
59370  -54.841  -12.506  49.779 0.8888890147
56523  -50.551  -15.393  48.158 0.2222220004
57428  -51.580  -14.452  47.966 0.3333329856
57429  -52.292  -14.037  48.352 0.3333329856
58345  -53.252  -12.958  48.030 0.3333329856
58334  -53.899  -12.947  48.990 0.5555559993
58344  -52.635  -13.355  47.766 0.3333329856
58355  -52.316  -13.121  47.024 0.2222220004
133777  -51.202  -12.457  56.247 1.0000000000
57344  -53.426  -14.683  54.143 1.0000000000
55455  -53.014  -16.056  53.269 0.8888890147
57385  -54.105  -13.733  50.995 0.7777780294
58306  -54.763  -13.172  51.088 0.8888890147
56475  -52.601  -15.345  51.136 0.6666669846
57384  -53.492  -14.303  50.777 0.5555559993
55504  -51.393  -15.777  50.292 0.5555559993
56460  -51.940  -15.781  51.013 0.6666669846
57383  -52.867  -14.774  50.591 0.5555559993
120911  -53.180  -14.269  50.215 0.5555559993
130895  -55.531  -12.191  50.579 0.8888890147
55518  -50.111  -16.081  49.332 0.2222220004
56492  -50.901  -15.757  49.561 0.3333329856
126959  -51.491  -15.447  49.704 0.4444440007
57397  -52.619  -14.526  49.778 0.3333329856
59371  -55.464  -12.072  49.990 0.8888890147
56509  -51.199  -15.339  48.965 0.3333329856
57396  -51.894  -14.987  49.429 0.3333329856
59378  -54.500  -12.407  48.939 0.7777780294
59379  -55.252  -11.913  49.270 0.8888890147
60327  -55.887  -11.511  49.537 0.8888890147
59377  -53.840  -12.650  48.396 0.5555559993
60336  -54.998  -11.680  48.506 0.6666669846
59387  -53.658  -12.339  47.641 0.3333329856
59386  -52.982  -12.668  47.314 0.3333329856
59398  -51.963  -12.781  46.328 0.2222220004
60356  -52.645  -12.424  46.560 0.2222220004
59407  -52.299  -12.237  45.962 0.2222220004
59269  -51.924  -12.279  55.820 1.0000000000
59287  -52.795  -12.625  55.194 1.0000000000
58266  -53.823  -13.872  54.017 1.0000000000
56429  -53.436  -15.367  53.561 0.8888890147
124071  -53.743  -14.345  51.365 0.8888890147
56461  -53.046  -15.429  51.889 0.7777780294
129445  -54.626  -13.497  51.790 0.8888890147
60298  -55.611  -11.650  51.847 1.0000000000
122807  -55.732  -12.026  51.081 0.8888890147
60316  -55.976  -11.636  50.340 0.8888890147
60317  -56.429  -11.080  50.448 0.8888890147
60337  -55.716  -11.327  48.806 0.7777780294
60328  -56.440  -11.087  49.784 0.8888890147
59388  -54.322  -12.050  48.078 0.5555559993
61336  -56.152  -10.712  48.345 0.7777780294
62266  -57.118  -9.617  48.079 0.8888890147
60346  -54.106  -11.727  47.289 0.4444440007
61353  -55.927  -10.466  47.634 0.6666669846
61354  -56.592  -10.104  47.873 0.7777780294
62272  -56.921  -9.502  47.444 0.7777780294
60357  -53.403  -11.962  46.752 0.2222220004
60358  -54.553  -11.159  46.941 0.3333329856
60359  -55.219  -10.807  47.322 0.4444440007
61374  -56.352  -9.867  47.236 0.6666669846
62282  -57.146  -9.059  47.102 0.7777780294
128271  -53.527  -11.290  45.910 0.2222220004
60368  -52.844  -11.824  45.986 0.2222220004
60369  -54.271  -10.899  46.212 0.3333329856
59288  -53.092  -11.796  55.077 1.0000000000
59289  -53.828  -12.039  54.407 1.0000000000
128188  -53.506  -12.877  54.529 1.0000000000
60275  -54.113  -11.254  54.248 1.0000000000
59308  -54.445  -12.148  53.651 1.0000000000
59309  -54.849  -12.086  52.992 1.0000000000
57353  -54.275  -13.893  53.180 0.8888890147
136714  -54.587  -13.505  52.449 0.8888890147
59325  -54.688  -12.889  52.904 1.0000000000
60289  -55.135  -11.534  52.714 1.0000000000
57362  -54.257  -14.126  52.332 0.8888890147
58284  -54.983  -12.975  52.110 0.8888890147
59326  -55.158  -12.302  52.357 1.0000000000
57371  -53.707  -14.760  52.024 0.7777780294
60307  -56.141  -11.349  51.061 1.0000000000
133562  -55.959  -10.118  51.518 1.0000000000
61291  -56.387  -10.521  50.919 0.8888890147
125278  -57.045  -9.931  49.571 0.8888890147
63132  -56.400  -8.904  50.235 1.0000000000
143391  -56.802  -10.466  49.314 0.8888890147
62259  -57.223  -9.317  49.019 1.0000000000
64021  -56.654  -7.853  49.027 1.0000000000
63151  -57.276  -8.478  48.557 1.0000000000
64034  -57.339  -7.469  48.090 1.0000000000
65008  -56.336  -6.906  48.706 1.0000000000
61373  -55.679  -10.207  46.933 0.5555559993
62280  -56.113  -9.583  46.632 0.6666669846
63159  -57.585  -8.286  47.428 0.8888890147
142670  -57.557  -8.149  47.863 1.0000000000
61372  -54.968  -10.556  46.570 0.4444440007
139461  -56.527  -9.081  46.486 0.6666669846
63165  -57.059  -8.793  46.709 0.6666669846
64043  -57.784  -7.534  47.376 1.0000000000
65047  -57.874  -6.814  47.329 1.0000000000
60377  -53.315  -10.907  45.028 0.2222220004
61389  -53.969  -10.607  45.462 0.2222220004
64053  -58.148  -6.841  46.549 0.8888890147
61406  -54.364  -9.974  45.140 0.2222220004
61405  -53.721  -10.257  44.680 0.2222220004
60274  -53.366  -11.011  54.920 1.0000000000
61248  -53.674  -10.263  54.701 1.0000000000
134957  -54.338  -10.532  54.039 1.0000000000
60288  -54.663  -11.417  53.472 1.0000000000
62224  -54.933  -9.976  52.966 1.0000000000
124790  -55.540  -10.060  52.183 1.0000000000
62230  -54.960  -9.212  52.684 1.0000000000
62239  -56.155  -9.798  51.118 1.0000000000
62238  -55.588  -9.310  51.790 1.0000000000
63121  -56.003  -9.105  51.008 1.0000000000
63131  -55.669  -8.293  50.792 1.0000000000
64007  -56.090  -8.102  49.911 1.0000000000
64020  -55.723  -7.233  49.580 1.0000000000
65028  -57.062  -6.373  47.897 1.0000000000
61391  -55.402  -9.905  46.237 0.6666669846
61390  -54.677  -10.283  45.832 0.3333329856
62289  -55.888  -9.139  45.953 0.6666669846
65062  -58.177  -6.933  46.962 1.0000000000
65977  -57.817  -5.918  47.197 1.0000000000
62288  -55.037  -9.617  45.543 0.3333329856
125003  -57.042  -7.784  45.875 0.5555559993
64061  -57.763  -7.343  46.249 0.8888890147
65996  -58.265  -5.793  46.660 1.0000000000
62294  -54.061  -9.542  44.545 0.2222220004
63184  -55.226  -8.932  45.217 0.4444440007
63173  -56.021  -8.220  45.483 0.4444440007
65072  -57.457  -6.962  45.618 0.5555559993
65073  -58.146  -6.611  45.964 0.6666669846
62302  -53.400  -9.743  43.921 0.2222220004
129313  -55.172  -8.267  44.894 0.4444440007
64069  -55.537  -7.514  44.862 0.4444440007
65086  -56.930  -6.474  45.006 0.5555559993
65087  -57.839  -6.054  45.316 0.6666669846
64068  -54.569  -7.778  44.413 0.3333329856
65084  -54.998  -6.822  44.391 0.2222220004
65085  -55.976  -6.679  44.693 0.3333329856
65097  -53.322  -6.973  43.489 0.2222220004
61247  -52.889  -10.068  55.274 1.0000000000
144036  -53.965  -9.733  54.424 1.0000000000
62217  -53.900  -9.130  54.209 1.0000000000
61260  -54.447  -9.835  53.814 1.0000000000
62229  -54.430  -9.103  53.552 1.0000000000
63108  -53.931  -8.512  53.868 1.0000000000
63114  -54.862  -8.449  52.422 1.0000000000
63120  -55.294  -8.415  51.627 1.0000000000
64006  -55.276  -7.449  50.517 1.0000000000
64005  -54.812  -6.645  50.231 1.0000000000
65006  -54.344  -5.828  50.035 0.8888890147
65959  -54.838  -5.503  49.134 1.0000000000
65975  -55.453  -5.130  48.451 1.0000000000
123267  -56.048  -4.795  47.942 1.0000000000
65995  -57.059  -4.882  47.400 1.0000000000
66916  -56.871  -3.700  47.390 1.0000000000
67878  -57.397  -3.220  47.061 1.0000000000
66031  -58.447  -5.853  45.830 0.8888890147
66918  -58.392  -4.252  46.364 1.0000000000
66046  -58.406  -5.219  45.282 0.6666669846
66032  -58.638  -4.949  45.759 0.6666669846
66935  -58.732  -4.198  45.890 1.0000000000
143713  -57.972  -2.529  46.518 1.0000000000
65100  -55.457  -6.003  44.189 0.3333329856
66044  -56.388  -5.880  44.473 0.3333329856
129028  -57.173  -5.773  44.727 0.3333329856
66968  -58.744  -4.402  45.101 0.6666669846
66953  -58.843  -4.031  45.429 0.8888890147
67907  -58.837  -3.076  45.496 1.0000000000
65099  -54.532  -6.141  43.834 0.2222220004
66057  -56.880  -5.163  44.255 0.4444440007
66980  -57.585  -4.437  44.021 0.5555559993
66967  -58.269  -4.680  44.687 0.5555559993
121279  -59.109  -2.561  44.839 0.7777780294
65098  -53.801  -6.279  43.530 0.2222220004
66055  -55.000  -5.376  43.563 0.2222220004
66979  -55.597  -4.590  43.134 0.3333329856
66981  -58.493  -4.003  44.339 0.6666669846
66054  -54.094  -5.604  43.267 0.2222220004
63107  -53.447  -8.362  53.825 1.0000000000
63113  -54.389  -8.386  53.242 1.0000000000
128145  -54.334  -7.811  52.918 1.0000000000
63996  -54.613  -7.700  52.270 1.0000000000
138367  -54.918  -7.614  51.447 1.0000000000
64991  -53.991  -6.088  51.036 0.8888890147
65958  -53.954  -4.983  49.849 0.8888890147
66886  -54.559  -4.469  48.969 0.8888890147
66899  -55.399  -4.265  48.319 1.0000000000
127569  -55.553  -3.554  48.184 1.0000000000
67860  -56.068  -3.171  47.835 1.0000000000
67877  -56.714  -2.727  47.465 1.0000000000
134179  -56.424  -0.987  47.407 1.0000000000
70664  -57.205  -0.696  47.005 1.0000000000
127537  -58.448  -2.713  46.134 1.0000000000
69737  -58.149  -0.996  46.147 1.0000000000
119818  -58.641  -1.904  45.835 1.0000000000
67941  -58.791  -3.284  44.054 0.6666669846
66068  -54.561  -4.903  42.909 0.2222220004
66992  -56.310  -4.082  42.968 0.5555559993
141419  -58.021  -2.942  43.053 0.6666669846
68822  -59.146  -1.678  44.478 0.7777780294
67957  -57.445  -3.097  42.683 0.5555559993
67849  -54.912  -3.545  48.573 0.8888890147
67859  -55.364  -2.836  48.273 0.8888890147
68782  -55.913  -2.257  47.906 0.8888890147
68794  -56.568  -1.783  47.505 1.0000000000
134587  -56.406  -0.102  46.648 0.8888890147
143747  -57.258  0.718  45.755 0.8888890147
71598  -57.210  0.549  45.950 1.0000000000
120112  -58.994  -1.829  45.164 1.0000000000
68837  -59.116  -1.691  43.744 0.7777780294
69772  -59.126  -0.567  44.000 0.8888890147
142425  -57.517  -2.582  42.283 0.5555559993
68853  -58.106  -2.371  42.646 0.6666669846
67966  -56.206  -3.124  41.707 0.5555559993
71612  -57.508  0.854  45.351 1.0000000000
137212  -57.964  1.210  44.762 1.0000000000
71611  -57.374  0.890  45.465 1.0000000000
142571  -58.754  -1.754  43.059 0.8888890147
70710  -58.855  0.587  44.219 0.8888890147
69793  -57.192  -1.936  41.150 0.7777780294
69785  -58.586  -1.076  42.438 0.8888890147
68854  -59.066  -0.667  43.274 0.8888890147
71644  -58.293  1.873  43.787 1.0000000000
71627  -57.806  1.376  44.566 1.0000000000
70726  -58.742  1.625  43.333 0.8888890147
69794  -58.115  -1.031  41.635 0.7777780294
125623  -58.777  0.268  42.199 1.0000000000
69812  -57.157  -0.944  40.117 0.7777780294
140176  -57.987  2.392  42.889 0.7777780294
131106  -58.426  -0.032  41.620 0.7777780294
70751  -58.879  1.241  42.169 0.8888890147
70759  -58.463  0.469  41.466 0.8888890147
70758  -58.009  0.352  40.839 0.8888890147
71666  -58.802  2.428  42.680 0.7777780294
72543  -57.924  2.965  42.616 0.6666669846
119756  -58.909  1.692  42.014 0.7777780294
72544  -58.890  2.748  42.508 0.6666669846
71673  -58.809  1.809  41.530 0.8888890147
72553  -59.077  2.817  41.938 0.6666669846
71683  -58.571  1.931  40.844 0.6666669846
138802  -58.142  2.089  40.148 0.4444440007
139736  -58.669  3.561  40.253 0.2222220004
121385  -58.999  4.339  40.751 0.2222220004
73480  -57.675  2.769  38.995 0.3333329856
73481  -58.243  3.729  39.152 0.3333329856
74394  -58.405  4.419  38.521 0.3333329856
74399  -57.897  4.145  37.043 0.3333329856
72542  -57.071  2.256  42.300 0.6666669846
71665  -58.050  2.703  42.682 0.7777780294
72551  -56.676  2.311  41.473 0.6666669846
72552  -57.745  3.192  42.230 0.5555559993
73455  -58.152  3.665  42.154 0.5555559993
73448  -58.594  3.281  42.421 0.6666669846
73456  -59.007  3.578  42.089 0.5555559993
74357  -58.528  4.039  41.725 0.5555559993
72565  -58.975  2.915  41.277 0.4444440007
73467  -59.053  3.821  41.356 0.3333329856
119655  -58.829  4.920  40.728 0.3333329856
75365  -59.030  5.297  39.415 0.3333329856
74407  -58.116  3.540  36.017 0.3333329856
71681  -55.555  1.405  40.409 0.6666669846
73454  -56.928  3.114  41.408 0.6666669846
138109  -55.943  2.271  40.557 0.6666669846
73466  -57.412  3.915  41.375 0.5555559993
74363  -57.824  4.613  41.173 0.5555559993
75338  -58.454  5.429  40.335 0.4444440007
75350  -59.019  5.907  39.495 0.4444440007
75349  -58.906  5.361  40.148 0.4444440007
72563  -54.950  1.847  39.638 0.6666669846
73479  -55.263  3.251  39.085 0.5555559993
74362  -56.394  3.959  40.140 0.5555559993
74378  -56.766  4.828  39.844 0.5555559993
75364  -56.709  5.465  39.011 0.4444440007
76279  -57.786  5.964  39.634 0.5555559993
76280  -58.639  5.938  39.740 0.4444440007
75366  -59.246  5.864  38.753 0.3333329856
75375  -58.687  5.083  37.997 0.4444440007
75376  -59.298  5.598  37.387 0.4444440007
74400  -58.631  4.543  36.553 0.4444440007
76294  -56.964  6.092  38.471 0.4444440007
77183  -58.448  7.060  38.547 0.4444440007
75385  -59.474  4.832  36.175 0.3333329856
74409  -60.038  4.131  35.393 0.3333329856
73524  -61.043  2.822  34.236 0.2222220004
72627  -60.706  1.285  32.475 0.2222220004
71770  -60.363  1.201  30.971 0.2222220004
71769  -59.852  0.392  30.837 0.2222220004
77191  -59.387  7.661  37.272 0.3333329856
76297  -59.496  7.083  38.012 0.3333329856
76305  -60.102  6.899  37.327 0.3333329856
76304  -59.548  6.444  37.986 0.2222220004
75377  -59.940  5.915  36.893 0.3333329856
76314  -60.598  6.261  36.453 0.3333329856
75386  -60.190  5.125  35.916 0.3333329856
74410  -60.555  3.699  34.903 0.2222220004
138445  -60.512  4.457  35.326 0.2222220004
74417  -60.992  3.541  34.543 0.2222220004
73533  -61.365  2.873  33.425 0.2222220004
73543  -61.370  2.777  32.430 0.2222220004
73542  -61.048  2.016  32.535 0.2222220004
72636  -60.742  1.718  31.579 0.2222220004
73559  -61.198  2.365  30.928 0.2222220004
72645  -60.803  1.798  30.510 0.2222220004
120699  -58.947  7.463  38.027 0.3333329856
123412  -61.110  6.122  35.874 0.2222220004
75387  -60.776  5.256  35.620 0.2222220004
75398  -61.495  4.438  34.519 0.2222220004
74427  -61.552  3.455  33.575 0.2222220004
73551  -61.170  2.351  31.781 0.2222220004
72646  -61.508  2.397  29.892 0.2222220004
71778  -60.341  1.090  30.159 0.2222220004
77198  -58.376  7.473  36.788 0.3333329856
77199  -59.024  7.751  36.177 0.2222220004
76306  -60.523  7.260  36.766 0.2222220004
78163  -60.575  8.025  35.731 0.2222220004
76315  -61.074  6.999  36.191 0.2222220004
76316  -61.533  6.656  35.560 0.2222220004
75388  -61.403  5.464  35.221 0.2222220004
76325  -61.918  6.363  34.932 0.2222220004
123771  -61.871  5.464  34.634 0.2222220004
75408  -61.794  4.192  33.789 0.2222220004
75409  -62.375  5.007  33.217 0.2222220004
74428  -62.017  4.118  32.969 0.2222220004
74449  -61.776  3.451  31.702 0.3333329856
73560  -61.674  2.864  30.494 0.2222220004
73552  -61.513  2.886  31.335 0.2222220004
77209  -61.840  7.193  35.086 0.2222220004
77210  -62.128  7.104  34.484 0.3333329856
76326  -62.256  6.228  34.257 0.3333329856
76334  -62.550  6.134  33.442 0.2222220004
75399  -62.149  5.156  34.047 0.2222220004
75420  -62.562  4.891  32.300 0.2222220004
74450  -62.372  3.959  31.055 0.2222220004
72667  -61.936  1.830  28.594 0.2222220004
71804  -63.023  0.950  27.409 0.2222220004
143249  -63.376  1.161  27.125 0.2222220004
78176  -61.378  7.794  33.730 0.2222220004
78177  -61.747  7.799  33.884 0.2222220004
77228  -61.949  7.623  32.441 0.2222220004
78178  -62.054  7.523  33.993 0.3333329856
78195  -62.334  7.614  32.494 0.2222220004
77229  -62.742  7.176  32.752 0.3333329856
77247  -62.548  7.351  30.933 0.2222220004
76345  -63.107  6.843  31.802 0.3333329856
76344  -62.856  6.018  32.543 0.3333329856
77237  -62.738  7.387  31.786 0.3333329856
76352  -63.166  5.843  31.680 0.3333329856
75430  -63.429  5.573  30.879 0.3333329856
75429  -62.782  4.747  31.398 0.3333329856
74459  -62.603  3.780  30.171 0.3333329856
73569  -62.670  3.062  29.056 0.2222220004
73561  -62.191  3.130  29.764 0.2222220004
74467  -62.865  3.560  29.400 0.3333329856
73568  -62.177  2.547  28.979 0.2222220004
74468  -63.380  3.945  29.090 0.3333329856
72668  -62.573  2.099  28.318 0.2222220004
73579  -62.869  2.699  28.531 0.2222220004
73580  -63.339  2.898  28.185 0.3333329856
71790  -62.313  1.504  28.125 0.2222220004
72677  -62.794  1.572  27.827 0.2222220004
72678  -63.211  1.700  27.501 0.2222220004
137953  -63.721  1.751  26.495 0.2222220004
73618  -63.813  1.865  25.052 0.2222220004
73604  -63.878  2.188  26.017 0.2222220004
73619  -63.979  2.533  24.402 0.2222220004
136563  -63.937  2.753  25.409 0.2222220004
74514  -64.724  4.239  23.378 0.2222220004
77248  -62.916  7.436  30.794 0.3333329856
76353  -63.474  6.566  31.028 0.3333329856
75437  -63.658  5.247  30.098 0.3333329856
75444  -63.230  4.252  29.768 0.3333329856
74475  -63.128  3.277  28.775 0.3333329856
73589  -63.455  2.397  27.570 0.3333329856
74486  -63.821  3.342  27.649 0.3333329856
73596  -63.795  2.512  26.888 0.2222220004
74495  -64.067  3.376  26.884 0.3333329856
73597  -63.988  3.019  26.227 0.2222220004
74502  -64.367  4.362  25.473 0.2222220004
121077  -64.303  3.344  23.849 0.2222220004
74507  -64.470  4.379  24.428 0.2222220004
75512  -66.320  5.460  21.589 0.2222220004
75496  -65.708  4.948  22.227 0.2222220004
125759  -63.811  4.444  28.797 0.3333329856
74476  -63.601  3.678  28.461 0.3333329856
76428  -65.316  6.541  23.212 0.2222220004
75495  -65.242  5.203  22.920 0.2222220004
76429  -65.916  6.341  22.285 0.2222220004
76369  -64.109  6.126  29.591 0.3333329856
75445  -63.791  4.862  29.392 0.3333329856
75460  -64.455  5.660  27.546 0.3333329856
76394  -62.673  6.851  26.144 0.2222220004
77305  -63.150  7.651  25.599 0.2222220004
75471  -64.505  5.534  26.385 0.3333329856
77315  -62.775  7.725  24.689 0.2222220004
78231  -63.277  8.253  24.357 0.2222220004
75477  -64.618  5.560  25.097 0.2222220004
76414  -64.929  6.865  23.930 0.2222220004
76405  -64.695  6.605  24.624 0.2222220004
78233  -64.084  8.336  24.129 0.2222220004
78254  -64.074  8.664  22.648 0.2222220004
77274  -64.002  7.266  28.599 0.2222220004
76377  -64.285  6.891  28.880 0.3333329856
76378  -64.345  6.718  28.009 0.3333329856
75454  -64.412  6.016  28.324 0.3333329856
75453  -64.203  5.554  28.874 0.3333329856
76389  -64.368  6.627  27.145 0.3333329856
124793  -63.521  7.549  26.334 0.3333329856
77307  -64.393  7.037  25.628 0.2222220004
131318  -64.366  6.703  26.492 0.2222220004
77306  -63.835  7.620  25.897 0.3333329856
78224  -64.036  8.022  24.925 0.2222220004
133377  -64.488  7.758  24.332 0.2222220004
77298  -64.115  7.288  26.670 0.3333329856
56350  -33.201  -16.011  66.783 0.6666669846
73515  -58.554  2.727  35.391 0.3333329856
73514  -57.728  2.763  35.746 0.3333329856
76296  -59.162  6.532  38.830 0.5555559993
46312  -16.962  -26.006  71.651 0.5555559993
137526  -17.305  -27.599  69.383 0.4444440007
131758  -18.127  -27.076  70.744 0.5555559993
121613  -18.810  -27.102  70.246 0.5555559993
41999  -16.994  -30.854  67.777 0.3333329856
42914  -17.143  -29.407  66.717 0.4444440007
41038  -17.782  -30.960  65.693 0.3333329856
44558  -19.418  -27.160  69.874 0.5555559993
45398  -18.948  -26.455  70.614 0.4444440007
44566  -19.656  -27.320  69.165 0.5555559993
43725  -17.561  -28.734  66.506 0.5555559993
44582  -18.725  -27.852  66.871 0.5555559993
42922  -17.461  -29.373  66.000 0.4444440007
43726  -18.234  -28.292  66.312 0.5555559993
42008  -17.576  -29.993  65.432 0.3333329856
42930  -17.739  -29.106  65.320 0.3333329856
43735  -18.410  -28.431  65.430 0.5555559993
42009  -17.892  -30.572  64.806 0.3333329856
144043  -20.539  -27.810  65.294 0.4444440007
47250  -17.744  -25.350  70.494 0.3333329856
47246  -19.018  -25.116  70.625 0.3333329856
137347  -19.807  -25.452  70.315 0.4444440007
121579  -19.223  -24.861  70.376 0.2222220004
46320  -20.316  -25.782  70.055 0.4444440007
45412  -20.844  -26.923  69.537 0.4444440007
44568  -21.660  -26.699  68.411 0.6666669846
129102  -21.640  -27.313  66.502 0.5555559993
44593  -21.137  -27.632  65.868 0.4444440007
54275  -33.026  -17.157  67.945 0.7777780294
122594  -34.336  -16.722  67.500 0.7777780294
44585  -22.104  -27.037  66.359 0.4444440007
55328  -35.459  -16.782  67.157 0.6666669846
138910  -34.425  -17.117  67.669 0.6666669846
55363  -35.979  -16.132  64.048 0.6666669846
55364  -36.943  -16.596  64.019 0.6666669846
53243  -39.424  -18.370  62.840 0.8888890147
44612  -21.918  -27.564  64.016 0.3333329856
44595  -22.213  -27.084  65.584 0.4444440007
125290  -38.103  -17.356  63.044 0.8888890147
137470  -38.856  -18.196  63.451 0.8888890147
48217  -20.348  -24.259  70.024 0.3333329856
48219  -21.294  -23.753  70.049 0.5555559993
136302  -22.048  -24.625  69.552 0.6666669846
47264  -22.320  -24.774  69.008 0.6666669846
47272  -22.556  -25.009  68.140 0.5555559993
138616  -22.545  -25.499  67.392 0.6666669846
46347  -22.557  -26.124  66.056 0.4444440007
56362  -34.620  -15.757  66.274 0.7777780294
136178  -33.555  -18.184  66.755 0.3333329856
122724  -32.697  -18.234  66.460 0.3333329856
125788  -34.900  -15.997  63.637 0.6666669846
122892  -37.432  -17.062  62.712 0.6666669846
135576  -22.429  -27.057  64.087 0.2222220004
140766  -22.598  -26.554  63.903 0.2222220004
55385  -34.869  -16.795  62.048 0.6666669846
51446  -40.160  -19.890  63.109 0.6666669846
119884  -36.335  -17.700  60.990 0.6666669846
53263  -36.638  -18.002  60.444 0.6666669846
50455  -41.120  -21.520  62.375 0.5555559993
48220  -22.084  -23.468  69.979 0.6666669846
49264  -20.935  -22.418  69.947 0.4444440007
49255  -21.709  -22.858  69.912 0.5555559993
126671  -22.116  -21.987  69.957 0.6666669846
142534  -22.374  -23.195  69.781 0.6666669846
125914  -22.557  -24.087  68.813 0.6666669846
53183  -31.115  -18.456  67.702 0.4444440007
56351  -34.092  -16.101  66.945 0.6666669846
47281  -22.631  -24.457  65.944 0.3333329856
52317  -29.553  -20.114  66.582 0.3333329856
53207  -31.938  -18.468  65.592 0.3333329856
47295  -22.672  -24.627  64.508 0.3333329856
53206  -30.938  -18.890  65.130 0.3333329856
119727  -33.938  -16.579  61.946 0.3333329856
142453  -30.340  -19.442  64.099 0.3333329856
119924  -35.072  -17.245  61.346 0.5555559993
51462  -42.150  -20.915  62.219 0.7777780294
46390  -23.079  -25.341  61.052 0.1111110002
49257  -22.696  -21.919  69.845 0.6666669846
52264  -23.403  -19.908  70.721 0.6666669846
49265  -22.630  -22.564  69.697 0.5555559993
50383  -23.548  -21.092  69.378 0.6666669846
48242  -22.691  -23.528  67.168 0.5555559993
52305  -29.417  -20.148  67.386 0.4444440007
51422  -29.272  -20.577  65.914 0.3333329856
56378  -33.538  -15.702  64.192 0.6666669846
55375  -33.476  -16.176  62.584 0.4444440007
53265  -38.757  -17.953  60.613 0.7777780294
122676  -35.481  -17.637  60.776 0.6666669846
53281  -36.502  -18.289  59.633 0.6666669846
51368  -22.571  -20.354  70.080 0.6666669846
51391  -24.183  -20.668  69.134 0.6666669846
51384  -29.332  -19.452  68.817 0.5555559993
51383  -28.725  -19.902  69.006 0.6666669846
50392  -23.349  -21.722  67.870 0.4444440007
51395  -28.404  -20.511  68.666 0.4444440007
51406  -28.527  -20.822  67.965 0.4444440007
51407  -28.993  -20.487  67.857 0.4444440007
49282  -23.310  -21.912  66.809 0.4444440007
50397  -28.318  -21.392  67.412 0.4444440007
50409  -28.233  -21.759  66.668 0.4444440007
50416  -23.837  -21.867  65.424 0.2222220004
49290  -23.322  -22.185  65.907 0.4444440007
49293  -28.198  -22.040  66.020 0.3333329856
49303  -28.172  -22.214  65.449 0.3333329856
50431  -28.337  -22.131  65.023 0.3333329856
48274  -23.230  -23.178  63.214 0.2222220004
49353  -24.084  -22.731  61.991 0.2222220004
128286  -28.712  -22.723  62.807 0.2222220004
51489  -44.512  -20.489  61.132 0.7777780294
51379  -24.498  -20.236  69.976 0.6666669846
51380  -25.680  -20.144  69.728 0.5555559993
51403  -24.731  -20.766  68.118 0.4444440007
51372  -26.000  -19.610  70.331 0.6666669846
51393  -26.804  -20.652  68.999 0.4444440007
51394  -27.589  -20.664  69.138 0.6666669846
51404  -25.713  -20.891  67.769 0.4444440007
51405  -26.669  -21.109  68.071 0.4444440007
51382  -28.031  -20.483  69.206 0.6666669846
50386  -28.112  -20.988  68.328 0.4444440007
141037  -28.055  -21.826  67.074 0.4444440007
127245  -27.243  -22.645  65.312 0.3333329856
51490  -44.963  -19.770  61.058 0.8888890147
50499  -45.031  -20.749  59.755 0.5555559993
50419  -26.498  -22.092  65.821 0.3333329856
136875  -25.638  -22.090  64.079 0.2222220004
49328  -27.125  -23.234  63.819 0.2222220004
49356  -26.270  -23.085  61.906 0.2222220004
51505  -45.332  -20.467  59.953 0.5555559993
51491  -45.559  -19.913  60.293 0.6666669846
54351  -45.739  -17.781  60.504 0.8888890147
52395  -46.097  -19.207  60.301 0.8888890147
52407  -46.690  -19.964  59.101 0.7777780294
139139  -46.193  -19.817  59.716 0.7777780294
51520  -45.691  -20.543  59.236 0.5555559993
51538  -46.816  -20.367  58.031 0.6666669846
51521  -46.432  -20.321  58.779 0.6666669846
140786  -46.081  -17.889  60.481 0.8888890147
53287  -46.503  -18.356  60.149 0.8888890147
55403  -46.717  -16.736  59.588 1.0000000000
53288  -47.253  -18.734  59.424 0.8888890147
53289  -47.719  -18.055  59.161 1.0000000000
52408  -47.457  -19.583  58.772 0.7777780294
51539  -47.559  -20.114  57.745 0.6666669846
52424  -47.440  -19.861  56.583 0.5555559993
51554  -47.722  -20.013  57.152 0.5555559993
53395  -46.220  -18.781  54.023 0.2222220004
52409  -48.198  -19.364  58.207 0.7777780294
52416  -48.608  -19.439  57.499 0.8888890147
53326  -48.722  -19.094  57.796 0.7777780294
52425  -48.127  -19.749  56.711 0.6666669846
136990  -49.148  -19.238  56.949 0.8888890147
53397  -48.029  -18.832  54.812 0.5555559993
53444  -46.953  -18.049  52.680 0.2222220004
56394  -47.017  -15.435  58.682 1.0000000000
54391  -48.198  -17.375  58.837 1.0000000000
53306  -48.960  -18.651  57.752 0.8888890147
54392  -48.909  -17.763  58.059 1.0000000000
54412  -49.567  -17.625  57.402 1.0000000000
53349  -49.612  -18.841  56.588 0.8888890147
122645  -49.579  -18.639  55.109 0.7777780294
121297  -48.478  -18.590  54.420 0.5555559993
53419  -48.547  -18.303  53.751 0.5555559993
55419  -49.702  -16.634  57.303 1.0000000000
134757  -49.259  -15.858  57.846 1.0000000000
55425  -50.263  -16.534  56.607 1.0000000000
53375  -50.493  -18.165  55.495 0.8888890147
54446  -50.625  -17.832  55.782 1.0000000000
54481  -48.547  -17.816  52.984 0.5555559993
57319  -49.376  -14.398  57.458 1.0000000000
54435  -51.085  -17.169  55.483 1.0000000000
53376  -50.891  -17.936  54.888 0.8888890147
56413  -50.472  -15.551  56.412 1.0000000000
57325  -49.448  -13.582  57.114 1.0000000000
55442  -51.722  -16.891  54.903 1.0000000000
55432  -51.484  -16.346  55.376 1.0000000000
54470  -51.637  -17.326  54.044 0.8888890147
54483  -50.278  -17.458  52.949 0.6666669846
54508  -48.507  -17.087  50.890 0.5555559993
57334  -52.151  -14.435  55.295 1.0000000000
55453  -52.011  -16.979  53.553 0.7777780294
55468  -51.775  -16.838  52.761 0.7777780294
58258  -51.706  -13.362  55.800 1.0000000000
58265  -53.163  -13.732  54.619 1.0000000000
55481  -52.402  -15.863  51.733 0.6666669846
55470  -53.366  -15.461  52.696 0.8888890147
59341  -55.337  -12.445  51.646 0.8888890147
58332  -52.899  -13.478  48.386 0.3333329856
56507  -49.944  -15.851  48.498 0.2222220004
120825  -49.699  -15.636  47.671 0.2222220004
56493  -52.121  -15.270  50.269 0.4444440007
56476  -53.257  -14.860  51.297 0.5555559993
60338  -56.349  -10.949  49.054 0.7777780294
59270  -52.382  -11.498  55.653 1.0000000000
57352  -53.799  -14.564  53.584 1.0000000000
57361  -53.887  -14.770  52.916 0.8888890147
61276  -55.397  -10.822  52.435 1.0000000000
61319  -56.735  -10.513  50.091 0.8888890147
60348  -55.467  -11.066  48.073 0.5555559993
126445  -57.145  -9.780  48.821 0.8888890147
62273  -57.339  -8.997  47.528 1.0000000000
60347  -54.769  -11.414  47.713 0.5555559993
121105  -53.973  -11.423  46.609 0.2222220004
58267  -54.151  -12.990  53.793 1.0000000000
61261  -54.843  -10.711  53.238 1.0000000000
62250  -56.615  -9.773  50.404 1.0000000000
63144  -56.827  -8.704  49.416 1.0000000000
65027  -55.850  -5.995  48.545 1.0000000000
64052  -57.858  -7.641  46.894 1.0000000000
63174  -56.692  -8.539  46.182 0.5555559993
63175  -57.405  -8.127  46.503 0.6666669846
144680  -57.154  -5.703  47.597 1.0000000000
65063  -58.258  -6.338  46.618 0.8888890147
140286  -53.268  -9.356  54.721 1.0000000000
65007  -55.272  -6.376  49.306 1.0000000000
65074  -58.331  -6.274  46.269 1.0000000000
134541  -58.495  -5.042  46.277 1.0000000000
66917  -57.704  -4.088  46.873 1.0000000000
63183  -54.492  -8.797  44.575 0.4444440007
64070  -56.505  -7.285  45.282 0.4444440007
64080  -54.127  -6.917  43.996 0.2222220004
64079  -53.824  -7.632  43.946 0.2222220004
64000  -54.502  -6.810  51.258 1.0000000000
68795  -57.428  -2.346  46.997 1.0000000000
67895  -58.608  -3.550  46.074 1.0000000000
66045  -57.736  -5.237  44.698 0.5555559993
69724  -57.173  -1.314  47.090 1.0000000000
66056  -55.971  -5.243  43.886 0.2222220004
67922  -58.992  -3.435  44.828 0.7777780294
120647  -56.564  -4.559  43.573 0.5555559993
67939  -57.054  -3.843  43.202 0.5555559993
67940  -58.025  -3.506  43.503 0.6666669846
64981  -53.806  -6.326  51.799 0.8888890147
69723  -55.730  -0.940  47.597 0.8888890147
71597  -56.887  0.470  46.170 0.8888890147
129232  -58.125  -0.345  45.738 1.0000000000
68836  -58.629  -2.646  43.439 0.6666669846
69757  -58.916  -0.548  44.776 0.8888890147
121276  -54.154  -4.639  42.349 0.3333329856
67858  -54.652  -2.742  48.570 0.8888890147
69722  -55.052  -1.131  47.816 0.8888890147
70695  -58.468  0.022  45.218 1.0000000000
140459  -58.624  0.509  44.711 1.0000000000
68867  -57.749  -2.040  41.942 0.6666669846
68866  -56.951  -2.709  41.901 0.6666669846
68865  -56.305  -2.634  41.139 0.5555559993
71628  -58.329  1.516  44.194 1.0000000000
71645  -58.709  1.469  43.888 0.8888890147
70727  -58.985  0.616  43.589 0.8888890147
70744  -59.005  0.524  42.893 0.8888890147
71657  -58.425  2.234  43.129 0.8888890147
71658  -58.792  1.681  42.750 0.8888890147
69801  -56.981  -1.584  40.460 0.7777780294
69802  -57.756  -0.779  40.972 0.7777780294
70743  -56.991  1.525  42.805 0.8888890147
72577  -58.416  2.818  40.200 0.2222220004
74364  -58.725  4.535  41.185 0.3333329856
126148  -58.214  5.065  40.808 0.3333329856
74379  -59.000  4.773  40.048 0.3333329856
73465  -55.914  2.953  40.165 0.5555559993
142363  -57.641  5.454  40.081 0.4444440007
76281  -58.892  6.534  39.154 0.5555559993
136742  -55.559  4.015  38.814 0.4444440007
75363  -55.639  4.716  38.155 0.4444440007
76295  -58.086  6.514  39.090 0.5555559993
74408  -59.195  3.689  35.504 0.3333329856
77182  -57.369  6.670  37.971 0.4444440007
76293  -55.999  5.464  37.686 0.4444440007
77184  -59.118  7.002  38.676 0.4444440007
74418  -61.345  3.476  34.150 0.2222220004
73525  -61.299  2.933  33.946 0.2222220004
77192  -60.083  7.476  37.191 0.2222220004
75397  -60.952  4.399  35.010 0.2222220004
73517  -60.652  2.877  34.570 0.2222220004
73532  -61.195  2.285  33.954 0.2222220004
132423  -61.208  2.324  33.252 0.2222220004
74439  -61.662  3.449  32.729 0.2222220004
72656  -60.942  1.666  29.619 0.2222220004
78157  -59.851  7.926  36.571 0.2222220004
74440  -62.141  4.088  32.013 0.3333329856
74458  -61.981  3.380  30.709 0.2222220004
77218  -62.374  7.083  33.701 0.2222220004
72657  -61.578  2.022  29.173 0.2222220004
70889  -62.776  0.052  27.194 0.2222220004
121557  -63.546  1.744  27.061 0.2222220004
78188  -61.888  7.714  33.110 0.2222220004
78189  -62.202  7.570  33.286 0.2222220004
77235  -61.728  7.279  31.911 0.1111110002
77236  -62.382  7.468  31.691 0.1111110002
77238  -63.153  7.149  31.107 0.3333329856
75436  -63.008  4.541  30.535 0.3333329856
72669  -63.069  2.240  27.986 0.2222220004
73605  -64.119  3.482  25.688 0.2222220004
137136  -64.136  3.471  24.882 0.2222220004
74536  -65.216  4.049  22.473 0.2222220004
74477  -64.173  4.666  28.136 0.3333329856
74487  -64.314  4.350  27.178 0.3333329856
74496  -64.269  3.964  26.325 0.2222220004
75483  -64.835  5.566  23.931 0.2222220004
77326  -64.975  7.773  23.342 0.2222220004
78223  -63.596  8.111  25.005 0.2222220004
78232  -63.756  8.435  24.323 0.2222220004
78255  -64.832  8.424  22.537 0.2222220004
49344  -40.114  -22.135  62.083 0.1111110002
50456  -41.680  -21.498  62.167 0.2222220004
50457  -42.240  -21.339  61.969 0.3333329856
137397  -42.653  -20.837  61.993 0.5555559993
127536  -40.341  -22.352  61.786 0.1111110002
49362  -41.040  -22.265  61.879 0.1111110002
49363  -41.790  -22.055  61.801 0.2222220004
50469  -42.862  -21.137  61.818 0.5555559993
50470  -43.529  -20.972  61.631 0.5555559993
49374  -39.615  -22.572  61.238 0.1111110002
49375  -40.611  -22.432  61.470 0.1111110002
49376  -41.598  -22.139  61.548 0.2222220004
49392  -42.458  -21.835  61.244 0.2222220004
50442  -39.621  -20.486  62.802 0.4444440007
50441  -38.678  -20.575  62.688 0.4444440007
51460  -40.493  -21.210  62.457 0.4444440007
49343  -39.306  -22.010  62.059 0.2222220004
49359  -38.266  -22.507  61.053 0.1111110002
49361  -39.587  -22.374  61.650 0.1111110002
49373  -38.745  -22.690  60.754 0.1111110002
49389  -39.147  -22.735  60.520 0.1111110002
49391  -41.122  -22.375  60.826 0.1111110002
49371  -37.345  -22.791  60.071 0.1111110002
49372  -38.086  -22.786  60.464 0.1111110002
49405  -39.008  -22.701  59.668 0.1111110002
49385  -36.291  -22.824  58.946 0.1111110002
50494  -36.641  -22.661  59.645 0.1111110002
126584  -37.719  -22.977  59.430 0.1111110002
50440  -38.023  -20.691  62.749 0.2222220004
51459  -37.445  -20.867  63.118 0.2222220004
50452  -37.876  -21.176  62.314 0.2222220004
51473  -36.627  -21.357  62.089 0.2222220004
49358  -37.655  -22.492  60.854 0.1111110002
50466  -36.395  -21.680  61.068 0.1111110002
50479  -36.907  -22.369  60.508 0.1111110002
51503  -34.675  -21.466  59.271 0.1111110002
50478  -36.106  -22.025  59.993 0.1111110002
50493  -36.037  -22.576  59.260 0.1111110002
43693  -13.706  -27.993  71.248 0.3333329856
53233  -37.970  -18.252  64.691 0.7777780294
52334  -37.888  -19.157  64.618 0.6666669846
51433  -38.089  -19.786  64.133 0.4444440007
51443  -37.064  -20.883  64.065 0.2222220004
51458  -36.853  -21.067  63.102 0.2222220004
53302  -40.406  -18.455  59.051 0.5555559993
123077  -41.139  -18.481  58.612 0.5555559993
53304  -42.880  -18.535  59.062 0.7777780294
138115  -43.576  -18.121  58.481 0.5555559993
51472  -35.789  -21.057  61.712 0.1111110002
51457  -36.088  -20.860  62.750 0.2222220004
53323  -39.498  -18.108  57.612 0.3333329856
121612  -42.042  -18.381  58.062 0.5555559993
51486  -34.502  -20.764  60.191 0.1111110002
51487  -35.518  -21.257  60.680 0.1111110002
142283  -35.284  -21.523  59.859 0.1111110002
45387  -12.203  -26.740  72.687 0.2222220004
43692  -12.894  -28.415  71.418 0.3333329856
45401  -11.778  -26.505  71.558 0.1111110002
45408  -11.982  -26.818  70.492 0.1111110002
45409  -12.796  -26.609  70.067 0.1111110002
52320  -36.878  -19.072  65.789 0.3333329856
54300  -37.511  -17.888  65.210 0.7777780294
52332  -36.704  -19.778  65.263 0.2222220004
52333  -37.199  -19.496  65.075 0.2222220004
52348  -35.978  -20.116  64.536 0.2222220004
51431  -37.141  -20.243  64.628 0.2222220004
52365  -35.531  -20.331  63.376 0.2222220004
51442  -36.434  -20.704  63.795 0.2222220004
54389  -45.480  -16.773  58.804 0.6666669846
52364  -34.598  -19.800  62.879 0.2222220004
53300  -38.500  -18.190  58.594 0.4444440007
120412  -39.132  -18.191  59.241 0.4444440007
54411  -43.378  -17.923  57.537 0.5555559993
51456  -35.192  -20.399  62.292 0.2222220004
53345  -38.147  -18.022  56.836 0.3333329856
53347  -39.794  -17.922  56.774 0.3333329856
53348  -40.802  -17.868  56.676 0.3333329856
54410  -42.586  -18.008  57.240 0.4444440007
55429  -43.339  -17.274  55.946 0.5555559993
131888  -43.500  -16.879  55.337 0.5555559993
51485  -33.235  -20.175  60.131 0.1111110002
51471  -34.887  -20.507  61.254 0.1111110002
53372  -37.352  -18.020  56.344 0.2222220004
53322  -38.738  -18.091  57.676 0.2222220004
54427  -39.244  -17.710  56.126 0.2222220004
54428  -40.094  -17.605  55.942 0.3333329856
54429  -41.052  -17.510  55.733 0.3333329856
140752  -42.749  -17.463  56.009 0.3333329856
54445  -42.844  -17.189  55.425 0.3333329856
54441  -38.642  -17.627  55.652 0.2222220004
54442  -39.369  -17.437  55.221 0.1111110002
54455  -39.794  -17.185  54.411 0.1111110002
54457  -41.337  -17.158  54.805 0.1111110002
120036  -41.893  -16.736  54.072 0.1111110002
44543  -14.577  -27.690  71.054 0.3333329856
43698  -15.053  -28.077  70.250 0.3333329856
44554  -15.861  -27.804  70.066 0.3333329856
44537  -13.876  -27.027  72.422 0.2222220004
131623  -14.168  -27.289  71.974 0.3333329856
43704  -15.393  -28.485  69.515 0.3333329856
127488  -13.066  -26.869  72.725 0.2222220004
44542  -13.167  -27.319  72.287 0.2222220004
45394  -12.404  -26.190  72.097 0.2222220004
45402  -12.577  -26.215  71.199 0.2222220004
45410  -13.599  -26.408  69.700 0.1111110002
45416  -13.946  -26.720  68.662 0.1111110002
54292  -36.998  -18.326  65.886 0.5555559993
52319  -36.403  -19.217  66.029 0.2222220004
138887  -36.040  -19.664  65.452 0.2222220004
55417  -46.444  -15.752  58.410 0.8888890147
52346  -33.997  -19.307  63.556 0.1111110002
130848  -34.960  -19.777  63.923 0.2222220004
119701  -38.072  -18.072  60.195 0.4444440007
55416  -45.722  -16.237  58.026 0.7777780294
53242  -33.048  -19.074  63.065 0.1111110002
53299  -37.587  -18.315  58.524 0.3333329856
55415  -44.748  -17.023  57.512 0.5555559993
55431  -44.963  -15.997  55.828 0.5555559993
56405  -48.979  -14.884  57.956 0.8888890147
52362  -32.710  -19.292  62.198 0.1111110002
53344  -36.702  -18.230  56.811 0.1111110002
132593  -37.383  -18.179  57.080 0.2222220004
55430  -44.500  -16.660  56.298 0.5555559993
52393  -32.984  -19.761  60.888 0.1111110002
53371  -36.616  -18.057  56.054 0.1111110002
55439  -42.340  -16.984  54.816 0.1111110002
55440  -43.584  -16.522  54.650 0.2222220004
52392  -32.328  -19.794  60.498 0.1111110002
54440  -37.262  -17.802  55.343 0.1111110002
54454  -38.532  -17.471  54.935 0.1111110002
54467  -38.988  -17.267  54.331 0.1111110002
55437  -40.170  -16.863  53.792 0.1111110002
55438  -40.995  -16.803  53.951 0.1111110002
55451  -43.040  -16.201  53.372 0.1111110002
135940  -37.895  -17.534  54.814 0.1111110002
54453  -37.351  -17.456  54.214 0.1111110002
127928  -38.657  -17.088  53.551 0.1111110002
120692  -39.063  -16.688  52.940 0.1111110002
55448  -40.574  -16.554  53.254 0.1111110002
55449  -41.429  -16.480  53.334 0.1111110002
55465  -41.832  -16.178  52.628 0.1111110002
54466  -38.224  -17.349  54.212 0.1111110002
139087  -37.898  -17.184  53.453 0.1111110002
55446  -38.310  -16.806  52.828 0.1111110002
131541  -39.815  -16.611  53.103 0.1111110002
55478  -40.392  -16.120  52.045 0.1111110002
48333  -28.898  -23.433  57.703 0.1111110002
139170  -14.613  -27.061  72.146 0.3333329856
44544  -15.616  -27.405  71.036 0.3333329856
46303  -13.122  -26.236  72.212 0.2222220004
46307  -13.160  -25.884  71.696 0.2222220004
45403  -13.337  -26.001  70.799 0.1111110002
46323  -14.084  -25.893  70.383 0.1111110002
43736  -18.735  -28.474  64.582 0.3333329856
43746  -19.520  -28.242  64.329 0.3333329856
54290  -36.006  -17.188  66.827 0.4444440007
53197  -36.093  -18.023  66.934 0.3333329856
43758  -21.173  -27.982  63.683 0.2222220004
53195  -34.531  -18.164  67.056 0.1111110002
53211  -35.981  -18.666  66.599 0.3333329856
44623  -21.932  -27.657  63.183 0.2222220004
44613  -22.239  -27.327  63.599 0.2222220004
53209  -34.008  -18.625  65.829 0.1111110002
53223  -34.755  -19.057  65.598 0.2222220004
56402  -46.809  -15.070  57.872 0.8888890147
45454  -22.598  -26.960  62.248 0.1111110002
53231  -33.316  -18.888  63.915 0.1111110002
52347  -35.140  -19.567  64.968 0.2222220004
56401  -46.101  -15.535  57.418 0.7777780294
56403  -47.432  -14.810  58.130 0.8888890147
139599  -22.358  -27.372  61.993 0.1111110002
55424  -45.313  -16.182  56.881 0.5555559993
56404  -48.173  -14.607  58.085 0.8888890147
121250  -36.875  -18.386  57.737 0.2222220004
49354  -24.981  -22.568  61.704 0.1111110002
52391  -31.571  -19.661  60.824 0.1111110002
55441  -44.155  -16.163  54.509 0.1111110002
49369  -25.095  -22.805  61.034 0.1111110002
49355  -25.682  -22.859  61.413 0.1111110002
51484  -30.126  -20.044  60.924 0.1111110002
52390  -30.842  -19.896  60.409 0.1111110002
55452  -43.719  -16.091  53.812 0.1111110002
48306  -25.549  -23.189  60.517 0.1111110002
139217  -26.832  -24.082  60.792 0.1111110002
130290  -30.150  -20.297  60.100 0.1111110002
52401  -31.645  -19.939  60.049 0.1111110002
55466  -42.707  -16.012  52.707 0.1111110002
47345  -26.799  -24.362  59.983 0.1111110002
50491  -29.277  -21.365  60.151 0.1111110002
55463  -38.677  -16.387  52.238 0.1111110002
122225  -40.940  -16.285  52.636 0.1111110002
56445  -42.237  -15.760  51.923 0.1111110002
47346  -27.288  -25.207  60.178 0.1111110002
47335  -27.360  -24.940  60.986 0.1111110002
126848  -29.426  -21.233  59.403 0.1111110002
55462  -37.590  -16.913  52.738 0.1111110002
130658  -37.909  -16.481  52.192 0.1111110002
55464  -39.561  -16.301  52.298 0.1111110002
46400  -27.742  -25.768  60.740 0.1111110002
127637  -29.044  -23.296  59.534 0.1111110002
121926  -39.036  -16.072  51.557 0.1111110002
55477  -39.832  -15.940  51.464 0.1111110002
46391  -27.953  -25.654  61.472 0.1111110002
139440  -29.245  -24.240  59.490 0.1111110002
138035  -28.994  -23.594  58.745 0.1111110002
45464  -28.911  -26.744  61.652 0.1111110002
45465  -29.692  -26.748  61.953 0.1111110002
142119  -29.509  -24.920  59.464 0.1111110002
46413  -29.860  -25.460  59.954 0.1111110002
135380  -29.638  -25.400  59.017 0.1111110002
45466  -30.222  -26.791  61.849 0.1111110002
46427  -30.094  -26.017  59.535 0.1111110002
45488  -30.498  -26.549  60.113 0.1111110002
45495  -30.406  -26.600  59.057 0.1111110002
45390  -15.330  -26.757  72.050 0.3333329856
46317  -13.866  -25.779  71.292 0.1111110002
46324  -14.822  -25.763  70.043 0.2222220004
45411  -14.346  -26.143  69.415 0.2222220004
46330  -15.043  -25.909  69.140 0.2222220004
46331  -15.767  -25.785  68.782 0.1111110002
138705  -14.626  -26.315  68.695 0.1111110002
45417  -15.178  -26.141  68.294 0.1111110002
136449  -21.479  -27.731  64.441 0.2222220004
53196  -35.431  -18.104  67.124 0.4444440007
128736  -31.776  -18.784  63.743 0.2222220004
56412  -46.555  -14.812  56.826 0.6666669846
57316  -47.265  -14.458  57.439 0.8888890147
135356  -47.782  -14.288  57.726 0.8888890147
133298  -31.380  -19.234  62.273 0.1111110002
122726  -35.967  -18.436  58.883 0.3333329856
136997  -46.050  -14.941  55.907 0.4444440007
57318  -48.801  -14.024  57.591 0.8888890147
52359  -29.747  -20.043  62.869 0.1111110002
144602  -35.170  -18.349  58.558 0.2222220004
121446  -36.008  -18.420  57.231 0.2222220004
56419  -45.449  -15.404  55.381 0.4444440007
56427  -45.234  -15.319  54.444 0.3333329856
48283  -27.402  -23.660  63.036 0.1111110002
51455  -30.122  -19.862  61.850 0.1111110002
122048  -30.868  -19.467  61.849 0.1111110002
53321  -35.975  -18.500  58.117 0.1111110002
129931  -36.040  -18.220  56.432 0.1111110002
56426  -44.531  -15.696  54.034 0.1111110002
142362  -45.649  -14.879  54.090 0.1111110002
48295  -26.419  -23.449  61.201 0.1111110002
47324  -27.602  -24.384  62.236 0.1111110002
144364  -29.653  -20.405  61.471 0.1111110002
137660  -36.109  -18.076  55.948 0.1111110002
56435  -44.256  -15.513  53.206 0.1111110002
56436  -45.077  -15.115  53.509 0.1111110002
48296  -26.898  -23.730  62.150 0.1111110002
47325  -27.752  -25.019  61.786 0.1111110002
47312  -28.039  -24.900  62.127 0.1111110002
51469  -29.161  -21.162  61.693 0.1111110002
51483  -29.520  -20.712  60.707 0.1111110002
53370  -35.554  -18.123  55.841 0.1111110002
53394  -36.272  -17.986  55.447 0.1111110002
56434  -43.498  -15.793  52.924 0.1111110002
120540  -43.177  -15.579  52.131 0.1111110002
137532  -28.314  -25.432  61.910 0.1111110002
49370  -28.984  -22.650  61.291 0.1111110002
50477  -29.082  -21.691  61.058 0.1111110002
54465  -37.151  -17.233  53.284 0.1111110002
130663  -29.024  -25.499  61.938 0.1111110002
49399  -29.102  -22.133  59.598 0.1111110002
144088  -41.709  -15.753  51.559 0.1111110002
56456  -42.068  -15.559  51.161 0.1111110002
46392  -28.604  -26.038  61.767 0.1111110002
47326  -29.304  -24.736  61.681 0.1111110002
47336  -29.608  -24.804  61.004 0.1111110002
48319  -29.308  -24.097  60.356 0.1111110002
55476  -38.230  -16.156  51.546 0.1111110002
56444  -41.277  -15.953  51.895 0.1111110002
46393  -29.389  -26.137  61.847 0.1111110002
123041  -29.643  -25.466  61.424 0.1111110002
142042  -36.983  -16.999  52.659 0.1111110002
56454  -39.359  -15.779  50.939 0.1111110002
47347  -29.612  -24.855  60.220 0.1111110002
55475  -37.458  -16.252  51.565 0.1111110002
46402  -30.103  -26.117  61.426 0.1111110002
46414  -30.226  -26.006  60.489 0.1111110002
45478  -30.469  -26.587  61.105 0.1111110002
45389  -14.414  -26.626  72.081 0.2222220004
44539  -15.959  -27.104  71.922 0.3333329856
46305  -15.025  -26.047  71.953 0.2222220004
46304  -14.013  -26.066  71.984 0.2222220004
46309  -14.390  -25.797  71.623 0.2222220004
47241  -15.292  -25.668  71.427 0.2222220004
46306  -15.901  -26.202  72.014 0.4444440007
46318  -14.609  -25.680  70.951 0.2222220004
46319  -15.273  -25.613  70.635 0.2222220004
47248  -16.022  -25.543  70.860 0.3333329856
46325  -15.676  -25.649  69.825 0.2222220004
46332  -16.532  -25.655  68.419 0.1111110002
46335  -15.869  -25.953  67.883 0.1111110002
57331  -46.619  -14.450  55.873 0.4444440007
134542  -47.239  -14.121  56.682 0.7777780294
57323  -47.805  -13.920  57.217 0.8888890147
56420  -45.950  -14.792  54.973 0.3333329856
58247  -47.951  -13.501  56.510 0.7777780294
121540  -33.825  -17.491  59.909 0.1111110002
54367  -34.517  -17.774  59.807 0.2222220004
53280  -35.140  -17.891  59.994 0.2222220004
57332  -47.242  -13.877  55.754 0.7777780294
58250  -49.990  -12.860  56.820 0.8888890147
48275  -27.941  -23.740  63.244 0.1111110002
133873  -28.925  -21.663  62.617 0.2222220004
51454  -29.374  -20.635  62.318 0.1111110002
54386  -33.627  -17.749  59.088 0.1111110002
54387  -34.222  -17.843  59.361 0.1111110002
53279  -34.815  -18.061  59.307 0.1111110002
57340  -46.196  -14.458  54.197 0.1111110002
144496  -46.705  -14.054  54.270 0.3333329856
58263  -47.750  -13.365  54.526 0.4444440007
53296  -33.591  -17.940  58.266 0.1111110002
53319  -34.370  -18.272  57.894 0.1111110002
56446  -43.981  -15.320  52.369 0.1111110002
57360  -46.127  -14.221  52.693 0.1111110002
58273  -47.811  -13.403  53.477 0.3333329856
48284  -28.016  -24.337  62.557 0.1111110002
48285  -28.419  -24.082  62.582 0.1111110002
48286  -28.738  -23.630  62.443 0.1111110002
49357  -28.910  -23.133  62.015 0.1111110002
50465  -28.926  -22.191  61.940 0.1111110002
140532  -34.427  -18.325  56.906 0.1111110002
53343  -35.319  -18.336  56.690 0.1111110002
53393  -35.634  -17.957  54.937 0.1111110002
56447  -44.717  -15.029  52.638 0.1111110002
121975  -45.600  -14.417  52.197 0.1111110002
58272  -46.932  -13.794  52.988 0.2222220004
47313  -28.589  -24.838  62.116 0.1111110002
47314  -28.953  -24.290  62.173 0.1111110002
53369  -34.841  -18.087  55.303 0.1111110002
54451  -35.738  -17.687  54.075 0.1111110002
48297  -29.133  -23.933  61.880 0.1111110002
133541  -29.094  -23.428  61.435 0.1111110002
134950  -34.923  -17.879  54.421 0.1111110002
54464  -36.519  -17.460  53.747 0.1111110002
48308  -29.330  -24.053  61.178 0.1111110002
49384  -29.075  -23.140  60.573 0.1111110002
56471  -41.634  -15.324  50.421 0.1111110002
56453  -38.581  -15.767  50.760 0.1111110002
47242  -16.001  -25.666  71.602 0.3333329856
47243  -16.612  -25.826  71.335 0.2222220004
47244  -17.412  -25.759  71.038 0.3333329856
47256  -16.435  -25.503  70.139 0.2222220004
47257  -17.125  -25.320  69.940 0.2222220004
46327  -17.207  -25.348  69.006 0.1111110002
46326  -16.452  -25.549  69.337 0.1111110002
55361  -33.023  -15.846  63.260 0.3333329856
58248  -48.715  -13.098  56.761 0.7777780294
58249  -49.337  -12.892  56.875 0.8888890147
121692  -32.643  -16.508  61.330 0.1111110002
55384  -33.481  -16.777  61.246 0.2222220004
58257  -48.510  -12.926  56.055 0.7777780294
59250  -49.831  -12.283  56.581 0.7777780294
59251  -50.475  -12.229  56.451 0.7777780294
59268  -51.062  -11.527  56.230 0.8888890147
55393  -32.056  -16.606  60.623 0.1111110002
54345  -33.027  -16.937  60.437 0.1111110002
58256  -47.817  -13.347  55.485 0.6666669846
130171  -32.958  -17.337  59.529 0.1111110002
129682  -48.278  -13.064  54.311 0.4444440007
58275  -49.312  -12.440  54.059 0.4444440007
47258  -18.025  -25.040  69.651 0.1111110002
47259  -19.003  -24.793  69.821 0.1111110002
48230  -20.188  -23.978  68.752 0.1111110002
52274  -27.912  -19.874  69.782 0.5555559993
56360  -32.639  -15.740  65.788 0.4444440007
56359  -31.936  -15.866  66.055 0.4444440007
56377  -32.658  -15.725  64.042 0.4444440007
55336  -31.219  -16.121  65.808 0.4444440007
55359  -31.752  -15.844  64.087 0.4444440007
55345  -30.361  -16.529  64.389 0.3333329856
55346  -31.085  -16.112  64.701 0.3333329856
55374  -32.510  -16.103  62.308 0.2222220004
144416  -33.191  -16.437  61.877 0.2222220004
60254  -50.722  -11.147  55.993 0.7777780294
55372  -30.744  -16.209  62.760 0.2222220004
55373  -31.583  -16.018  62.471 0.2222220004
59266  -49.688  -11.989  56.130 0.7777780294
60255  -51.412  -10.812  55.954 0.8888890147
139622  -31.024  -16.153  61.988 0.1111110002
59286  -49.569  -11.920  55.224 0.7777780294
50375  -21.505  -21.081  69.974 0.5555559993
52283  -21.946  -20.380  69.804 0.5555559993
53147  -23.113  -19.581  70.560 0.5555559993
52285  -23.192  -19.331  68.990 0.5555559993
53159  -24.233  -18.817  70.148 0.5555559993
54273  -29.418  -17.234  68.105 0.5555559993
134877  -29.254  -17.382  66.389 0.3333329856
129057  -30.318  -16.598  67.072 0.4444440007
55318  -30.881  -16.504  67.857 0.4444440007
61238  -52.357  -10.241  55.560 0.8888890147
138220  -29.255  -17.441  64.828 0.3333329856
128830  -30.455  -16.518  66.035 0.4444440007
55325  -31.003  -16.236  66.895 0.4444440007
54306  -29.383  -17.146  63.271 0.2222220004
54298  -29.628  -17.053  64.193 0.3333329856
60273  -51.095  -10.560  55.485 0.7777780294
60257  -52.638  -10.755  55.509 0.8888890147
55382  -29.694  -16.707  61.719 0.1111110002
55371  -29.891  -16.628  62.573 0.1111110002
138162  -30.152  -16.504  61.300 0.1111110002
138760  -23.844  -18.940  69.337 0.6666669846
123460  -25.045  -18.541  70.082 0.5555559993
53169  -23.916  -19.017  68.348 0.6666669846
53170  -24.620  -18.748  69.079 0.6666669846
53171  -25.999  -18.376  69.698 0.6666669846
54256  -28.593  -17.894  69.261 0.5555559993
54272  -28.614  -17.682  67.995 0.4444440007
61246  -52.504  -9.692  55.253 0.8888890147
61258  -51.733  -9.902  55.070 0.7777780294
60287  -51.193  -10.618  54.296 0.6666669846
62216  -52.849  -9.083  54.632 0.7777780294
63102  -53.484  -8.804  54.220 0.8888890147
61259  -52.276  -9.441  54.521 0.7777780294
62223  -52.649  -9.019  53.991 0.7777780294
61274  -51.795  -10.167  53.811 0.6666669846
61289  -52.643  -10.235  52.209 0.5555559993
60315  -52.354  -11.180  50.718 0.5555559993
127312  -52.820  -8.564  52.568 0.6666669846
127790  -52.881  -8.515  53.550 0.7777780294
63990  -53.846  -7.783  53.358 0.8888890147
62237  -52.846  -9.600  51.803 0.6666669846
62249  -52.826  -9.744  50.645 0.6666669846
130828  -52.575  -10.595  50.394 0.5555559993
67955  -55.664  -3.576  41.967 0.4444440007
63112  -52.949  -7.697  53.098 0.6666669846
63995  -54.011  -7.230  52.747 0.8888890147
133092  -52.830  -8.793  51.395 0.6666669846
63119  -52.690  -7.639  52.148 0.6666669846
62258  -52.639  -9.375  49.757 0.5555559993
67965  -55.571  -3.149  41.233 0.4444440007
129484  -54.856  -3.259  40.746 0.4444440007
63994  -53.426  -7.088  52.834 0.6666669846
63999  -52.820  -6.814  52.500 0.6666669846
63143  -52.535  -8.430  49.916 0.6666669846
63150  -52.276  -8.890  49.079 0.4444440007
63158  -51.331  -8.785  47.836 0.3333329856
62270  -50.820  -9.327  47.385 0.3333329856
62279  -50.302  -9.672  47.025 0.2222220004
62278  -49.669  -9.413  46.438 0.1111110002
66991  -55.811  -3.967  42.562 0.4444440007
67975  -55.547  -2.655  40.446 0.5555559993
68887  -54.672  -2.648  39.245 0.4444440007
64962  -53.088  -6.497  52.421 0.6666669846
64019  -52.192  -7.343  50.318 0.6666669846
63149  -51.760  -8.329  48.486 0.4444440007
63157  -50.776  -8.277  47.308 0.3333329856
63164  -50.288  -8.816  46.809 0.3333329856
63172  -48.975  -8.813  45.826 0.1111110002
62286  -48.171  -9.282  45.343 0.1111110002
67956  -56.490  -3.478  42.419 0.4444440007
68899  -54.593  -2.392  38.328 0.4444440007
69830  -54.728  -1.986  37.490 0.3333329856
70779  -56.866  0.135  39.257 0.5555559993
68922  -54.378  -2.389  36.633 0.4444440007
70787  -55.563  -0.520  37.327 0.4444440007
68932  -54.413  -2.697  35.896 0.4444440007
69852  -54.835  -2.021  35.803 0.4444440007
69844  -55.257  -1.253  36.005 0.4444440007
64980  -53.286  -6.219  52.077 0.6666669846
124110  -52.718  -6.263  52.000 0.6666669846
64003  -51.862  -6.220  50.624 0.6666669846
64018  -51.742  -6.773  49.613 0.6666669846
64042  -51.228  -7.723  47.919 0.3333329856
64051  -50.212  -7.737  46.751 0.3333329856
63163  -49.663  -8.310  46.277 0.3333329856
63181  -47.777  -8.387  44.825 0.1111110002
68876  -55.226  -2.476  39.724 0.6666669846
121717  -55.825  -2.163  39.801 0.6666669846
68888  -55.341  -2.153  39.067 0.6666669846
127204  -55.971  -1.778  39.318 0.6666669846
69821  -55.221  -1.802  38.249 0.5555559993
69822  -55.726  -1.612  38.803 0.4444440007
70767  -56.438  -1.035  39.156 0.6666669846
70768  -57.205  -0.225  39.874 0.6666669846
70778  -55.683  -1.129  38.226 0.4444440007
71695  -56.089  -0.255  38.343 0.4444440007
71682  -57.782  0.801  40.275 0.7777780294
69831  -55.227  -1.378  37.473 0.4444440007
69843  -54.890  -1.651  36.647 0.4444440007
143268  -55.296  -1.081  36.752 0.4444440007
65932  -53.332  -5.780  51.575 0.6666669846
65944  -52.497  -5.176  50.975 0.6666669846
65946  -53.523  -5.328  50.832 0.6666669846
65005  -51.602  -5.807  49.771 0.6666669846
65026  -51.448  -6.244  48.936 0.6666669846
65025  -51.137  -6.625  48.120 0.4444440007
64041  -50.701  -7.140  47.355 0.3333329856
64060  -49.087  -7.749  45.723 0.2222220004
63171  -48.442  -8.155  45.265 0.1111110002
68877  -56.400  -2.165  40.434 0.6666669846
69811  -56.458  -1.665  39.853 0.6666669846
71672  -56.068  1.280  41.258 0.5555559993
71679  -53.906  0.306  39.165 0.4444440007
71680  -54.683  0.799  39.664 0.4444440007
70776  -52.505  -0.407  38.254 0.3333329856
70777  -53.215  -0.107  38.706 0.3333329856
71693  -53.382  0.737  38.470 0.4444440007
69829  -51.163  -0.934  37.383 0.3333329856
70775  -51.816  -0.665  37.777 0.3333329856
70786  -51.975  0.145  37.621 0.3333329856
71692  -52.666  0.418  38.064 0.3333329856
70785  -51.300  -0.129  37.163 0.3333329856
72574  -53.555  1.551  38.204 0.4444440007
136363  -54.896  2.530  39.160 0.5555559993
70796  -51.065  0.182  36.395 0.2222220004
71705  -51.602  0.531  36.912 0.3333329856
71707  -52.873  1.196  37.787 0.3333329856
72575  -54.247  2.005  38.685 0.5555559993
71716  -51.552  0.722  36.121 0.3333329856
139196  -51.977  1.142  36.598 0.3333329856
70800  -51.204  0.317  35.629 0.2222220004
71721  -51.699  0.790  35.453 0.3333329856
66870  -52.089  -4.576  50.090 0.6666669846
66872  -53.281  -4.662  50.402 0.6666669846
65957  -51.674  -5.055  49.619 0.6666669846
129708  -51.256  -5.764  48.367 0.6666669846
65046  -50.724  -6.025  47.490 0.2222220004
66885  -53.731  -4.213  49.579 0.7777780294
65061  -50.131  -6.587  46.754 0.2222220004
64050  -49.638  -7.197  46.170 0.2222220004
64059  -49.057  -6.741  45.602 0.2222220004
70756  -54.711  -0.401  40.466 0.5555559993
70757  -55.603  0.288  41.174 0.6666669846
71664  -56.728  1.490  42.156 0.6666669846
70765  -53.737  -0.550  39.474 0.4444440007
140940  -54.220  -0.529  39.955 0.4444440007
71671  -55.190  0.468  40.389 0.5555559993
70764  -53.022  -0.942  38.926 0.3333329856
70766  -54.444  -0.040  39.796 0.4444440007
69820  -52.323  -1.218  38.460 0.3333329856
69819  -51.655  -1.445  38.043 0.3333329856
74377  -54.710  3.459  38.099 0.3333329856
73477  -53.780  2.308  37.870 0.4444440007
73478  -54.448  2.744  38.381 0.4444440007
72588  -52.505  1.554  37.004 0.3333329856
72589  -53.132  1.935  37.404 0.4444440007
71717  -52.327  1.650  36.273 0.3333329856
72594  -52.862  2.218  36.423 0.3333329856
140045  -52.016  1.257  35.798 0.2222220004
66884  -53.162  -4.020  49.918 0.6666669846
123765  -51.775  -4.514  49.334 0.6666669846
66883  -52.589  -3.964  49.853 0.6666669846
67847  -53.568  -3.490  49.307 0.7777780294
65974  -51.571  -5.045  48.728 0.6666669846
66898  -51.755  -4.309  48.655 0.6666669846
67845  -52.397  -3.622  49.325 0.6666669846
68768  -54.024  -2.780  48.854 0.7777780294
65973  -51.147  -5.344  47.898 0.5555559993
66897  -51.638  -4.778  47.995 0.6666669846
67857  -52.571  -3.228  48.914 0.6666669846
68767  -53.380  -2.914  49.044 0.7777780294
65045  -50.138  -5.802  46.709 0.3333329856
65060  -49.591  -6.246  46.088 0.3333329856
70725  -57.577  1.785  43.476 0.7777780294
70742  -56.031  0.096  42.546 0.7777780294
70749  -55.038  -0.599  41.257 0.6666669846
68886  -52.258  -2.335  39.627 0.3333329856
69798  -52.902  -1.945  40.143 0.3333329856
69810  -53.377  -1.328  39.725 0.4444440007
69799  -53.737  -1.610  40.650 0.5555559993
69809  -52.653  -1.630  39.274 0.3333329856
73494  -53.468  2.631  37.029 0.4444440007
73495  -54.071  3.000  37.534 0.4444440007
73504  -53.494  2.882  36.194 0.4444440007
128512  -53.207  2.418  35.520 0.3333329856
72600  -52.551  1.824  35.598 0.2222220004
144046  -51.647  -4.686  47.610 0.6666669846
130317  -51.987  -3.745  48.759 0.6666669846
66914  -51.088  -4.702  47.121 0.6666669846
68778  -53.083  -2.570  48.619 0.6666669846
143436  -54.062  -1.774  48.307 0.7777780294
66013  -50.358  -5.236  46.692 0.5555559993
121903  -51.088  -4.916  47.456 0.5555559993
68793  -53.569  -1.882  48.143 0.7777780294
69721  -54.332  -1.462  47.948 0.7777780294
70693  -55.249  -0.422  46.746 0.7777780294
65994  -50.669  -5.456  47.241 0.3333329856
70694  -55.784  -0.069  46.203 0.7777780294
126000  -53.333  -2.817  43.998 0.5555559993
71626  -56.858  0.971  45.098 0.7777780294
70709  -57.232  1.421  44.160 0.7777780294
68851  -53.670  -2.325  42.335 0.5555559993
68852  -54.230  -1.968  42.986 0.5555559993
127271  -56.229  0.207  44.322 0.6666669846
69783  -54.386  -1.702  42.170 0.5555559993
69784  -55.634  -0.547  42.836 0.6666669846
70724  -56.468  0.502  43.337 0.6666669846
143736  -52.609  -2.745  41.223 0.3333329856
68864  -53.120  -2.293  40.950 0.4444440007
69791  -53.726  -1.988  41.541 0.5555559993
70741  -55.219  -0.850  42.087 0.5555559993
68875  -52.455  -2.622  40.495 0.3333329856
69792  -54.456  -1.385  41.367 0.5555559993
130053  -53.842  3.169  36.795 0.3333329856
75362  -54.901  4.305  37.242 0.3333329856
73505  -54.052  3.471  36.209 0.3333329856
74405  -54.402  3.622  35.624 0.3333329856
67874  -51.754  -4.297  47.498 0.6666669846
67875  -52.061  -3.680  48.239 0.6666669846
67876  -52.180  -3.395  47.553 0.6666669846
67893  -51.736  -3.956  46.965 0.6666669846
67894  -52.145  -3.462  46.584 0.6666669846
68805  -52.667  -2.712  47.013 0.6666669846
68817  -53.263  -2.228  46.430 0.7777780294
122884  -54.365  -1.030  46.740 0.7777780294
67892  -51.246  -4.367  46.743 0.6666669846
67905  -51.478  -3.919  46.226 0.6666669846
67906  -52.131  -3.530  45.570 0.6666669846
69746  -53.933  -1.715  45.847 0.6666669846
69747  -54.917  -0.723  45.827 0.6666669846
70708  -55.935  0.059  45.407 0.7777780294
68821  -53.714  -2.384  44.807 0.6666669846
69755  -54.438  -1.636  44.840 0.6666669846
69756  -55.203  -0.863  44.532 0.7777780294
68835  -54.118  -2.139  43.916 0.5555559993
69770  -54.777  -1.489  43.638 0.6666669846
69771  -55.535  -0.666  43.546 0.6666669846
122413  -54.951  -1.282  42.845 0.5555559993
75383  -55.322  4.666  35.916 0.3333329856
74398  -54.671  4.130  36.321 0.3333329856
75374  -55.841  5.353  36.510 0.3333329856
50365  -21.321  -21.697  69.920 0.3333329856
49274  -20.777  -22.389  69.111 0.1111110002
48224  -20.656  -23.404  69.969 0.1111110002
48223  -20.268  -24.006  69.704 0.1111110002
51377  -21.950  -20.745  69.958 0.5555559993
50382  -21.444  -20.923  69.246 0.2222220004
53153  -28.423  -18.837  69.842 0.6666669846
53160  -25.533  -18.637  70.351 0.5555559993
54264  -29.027  -17.516  68.853 0.5555559993
53152  -27.583  -18.590  70.084 0.5555559993
136494  -26.092  -18.584  70.292 0.6666669846
130009  -34.865  -17.515  67.481 0.3333329856
134523  -38.030  -20.309  63.677 0.3333329856
56370  -33.157  -15.634  64.989 0.5555559993
53221  -32.440  -18.635  64.512 0.2222220004
53266  -39.438  -18.070  61.081 0.7777780294
55317  -30.194  -16.816  68.087 0.4444440007
55326  -31.700  -16.029  66.780 0.4444440007
133026  -33.838  -17.152  60.668 0.3333329856
134772  -35.572  -18.227  59.423 0.3333329856
52344  -30.290  -19.530  63.488 0.2222220004
52272  -22.667  -19.901  70.079 0.5555559993
54265  -29.862  -17.307  68.760 0.5555559993
144576  -28.869  -18.574  69.604 0.5555559993
52275  -28.411  -19.572  69.602 0.4444440007
120411  -39.795  -18.321  59.416 0.4444440007
138005  -40.386  -18.470  59.885 0.5555559993
52267  -26.255  -19.192  70.579 0.5555559993
53151  -26.552  -18.766  70.385 0.6666669846
51373  -27.451  -20.096  69.874 0.5555559993
53303  -41.886  -18.681  59.275 0.7777780294
53158  -23.480  -19.174  70.011 0.5555559993
130977  -44.129  -17.717  57.988 0.5555559993
55407  -46.106  -16.337  59.006 0.7777780294
131358  -51.738  -11.221  55.995 0.8888890147
60256  -52.054  -10.694  55.838 0.8888890147
63106  -53.134  -8.323  53.746 0.7777780294
63989  -53.291  -7.762  53.236 0.7777780294
121825  -54.260  -6.962  52.114 0.7777780294
67848  -54.184  -3.507  49.007 0.7777780294
68781  -55.207  -2.072  48.212 0.7777780294
49345  -40.973  -22.066  62.148 0.2222220004
125303  -40.525  -21.807  62.322 0.4444440007
124370  -52.971  -8.669  54.163 0.7777780294
69736  -54.768  -0.903  47.400 0.7777780294
68779  -53.878  -2.208  48.577 0.7777780294
70750  -55.904  0.233  41.916 0.6666669846
74393  -54.972  4.030  37.839 0.3333329856
49377  -42.296  -21.617  61.745 0.3333329856
122068  -39.082  -22.567  61.192 0.1111110002
49390  -40.112  -22.596  60.751 0.1111110002
141955  -41.928  -22.144  60.890 0.2222220004
50454  -39.647  -21.408  62.259 0.4444440007
50453  -38.837  -21.156  62.109 0.2222220004
50468  -38.530  -21.509  61.985 0.2222220004
49360  -38.807  -22.308  61.521 0.1111110002
125726  -37.989  -21.996  61.678 0.2222220004
127480  -38.625  -22.613  60.935 0.1111110002
49388  -38.282  -22.923  60.047 0.1111110002
49406  -39.717  -22.601  60.059 0.1111110002
49387  -37.574  -22.927  59.760 0.1111110002
49404  -38.284  -22.835  59.206 0.1111110002
49386  -36.940  -22.906  59.344 0.1111110002
49419  -37.678  -22.880  58.728 0.1111110002
49403  -37.192  -22.996  59.048 0.1111110002
51444  -37.539  -20.609  63.970 0.2222220004
50451  -37.361  -21.371  62.303 0.2222220004
50467  -37.182  -21.925  61.419 0.2222220004
50492  -35.461  -22.150  59.227 0.1111110002
53224  -37.370  -18.720  65.293 0.5555559993
51432  -37.594  -19.958  64.448 0.2222220004
52349  -36.759  -20.409  64.519 0.2222220004
123072  -39.934  -18.268  58.384 0.3333329856
138424  -40.524  -18.336  58.213 0.3333329856
53325  -42.892  -18.244  58.018 0.6666669846
53324  -40.246  -18.139  57.519 0.4444440007
53346  -39.009  -17.962  56.871 0.3333329856
132923  -41.090  -18.222  57.629 0.4444440007
54409  -41.747  -17.990  57.023 0.4444440007
53212  -36.511  -18.561  66.343 0.4444440007
120222  -38.532  -18.159  59.601 0.4444440007
120580  -37.872  -18.176  57.726 0.4444440007
53301  -39.293  -18.190  58.483 0.4444440007
143116  -38.072  -18.266  59.022 0.3333329856
54432  -43.895  -17.562  57.190 0.5555559993
52381  -34.247  -19.914  61.879 0.1111110002
143706  -41.604  -17.685  56.290 0.3333329856
54430  -42.322  -17.703  56.451 0.3333329856
54431  -43.171  -17.653  56.651 0.4444440007
55423  -43.953  -17.245  56.537 0.5555559993
131430  -43.887  -16.939  55.867 0.5555559993
120654  -44.199  -16.469  55.306 0.3333329856
135994  -43.031  -16.846  54.875 0.2222220004
51470  -33.887  -20.006  60.942 0.1111110002
54426  -38.619  -17.814  56.285 0.2222220004
54444  -42.051  -17.402  55.637 0.3333329856
54443  -40.366  -17.334  55.089 0.1111110002
51501  -32.371  -20.090  59.856 0.1111110002
139322  -38.076  -17.628  55.346 0.1111110002
54456  -40.541  -17.093  54.405 0.1111110002
55447  -39.406  -16.976  53.669 0.1111110002
54291  -36.552  -17.802  66.406 0.4444440007
52331  -35.622  -19.244  65.958 0.3333329856
53232  -34.098  -19.016  64.636 0.1111110002
52363  -33.629  -19.456  62.499 0.1111110002
142268  -34.519  -19.407  64.245 0.2222220004
53282  -37.534  -18.290  59.430 0.3333329856
53298  -36.713  -18.437  58.715 0.2222220004
56411  -45.736  -15.432  56.385 0.5555559993
52380  -33.277  -19.596  61.600 0.1111110002
52379  -32.326  -19.498  61.345 0.1111110002
136573  -42.858  -16.553  54.132 0.1111110002
55450  -42.313  -16.371  53.377 0.1111110002
47369  -28.919  -24.465  57.430 0.1111110002
53210  -35.099  -18.662  66.460 0.3333329856
44624  -22.304  -27.345  62.758 0.1111110002
53222  -33.278  -18.714  64.698 0.1111110002
137410  -32.904  -18.721  64.145 0.1111110002
53230  -32.594  -18.810  63.656 0.1111110002
52361  -32.092  -18.977  62.810 0.1111110002
57317  -48.298  -13.908  57.516 0.8888890147
124977  -32.010  -19.241  61.999 0.1111110002
52377  -30.820  -19.673  61.211 0.1111110002
56418  -44.756  -15.884  54.872 0.1111110002
48317  -25.621  -23.536  59.602 0.1111110002
48307  -26.256  -23.653  60.203 0.1111110002
54452  -36.466  -17.732  54.621 0.1111110002
47334  -27.170  -24.312  61.598 0.1111110002
51498  -29.688  -20.763  59.765 0.1111110002
133737  -29.042  -22.181  60.535 0.1111110002
56470  -40.057  -15.492  50.577 0.1111110002
45463  -28.242  -26.314  61.177 0.1111110002
142408  -29.154  -24.506  58.564 0.1111110002
52345  -31.145  -19.073  63.114 0.2222220004
52360  -30.575  -19.470  62.546 0.1111110002
57324  -48.356  -13.566  57.088 0.7777780294
58242  -48.817  -13.449  57.189 0.7777780294
53320  -35.208  -18.428  57.570 0.1111110002
57349  -45.819  -14.610  53.450 0.1111110002
57359  -45.409  -14.701  52.773 0.1111110002
46401  -29.906  -25.461  60.814 0.1111110002
57341  -46.652  -14.232  54.977 0.6666669846
57342  -47.214  -13.771  54.817 0.5555559993
57350  -46.466  -14.142  53.562 0.2222220004
57351  -47.107  -13.727  53.920 0.3333329856
58264  -48.334  -12.902  55.134 0.7777780294
56459  -45.115  -14.687  52.175 0.1111110002
59249  -49.223  -12.558  56.428 0.7777780294
59267  -50.299  -11.697  56.289 0.7777780294
59306  -48.837  -12.602  54.686 0.7777780294
59285  -49.028  -12.455  55.638 0.7777780294
58274  -48.643  -12.949  53.707 0.4444440007
58283  -49.163  -12.827  53.067 0.3333329856
138786  -32.391  -15.715  64.780 0.4444440007
56369  -31.814  -15.843  65.173 0.4444440007
55360  -32.153  -15.843  63.188 0.3333329856
55335  -30.585  -16.416  65.191 0.4444440007
123755  -31.419  -15.961  63.222 0.2222220004
55357  -30.130  -16.577  63.476 0.2222220004
55358  -30.902  -16.171  63.748 0.2222220004
123071  -31.667  -16.269  61.525 0.1111110002
60253  -50.132  -11.540  55.959 0.7777780294
55383  -30.370  -16.372  61.941 0.1111110002
125147  -30.787  -16.343  61.347 0.1111110002
59307  -50.077  -11.813  54.193 0.7777780294
50374  -21.125  -21.641  69.649 0.1111110002
52284  -22.482  -19.829  69.346 0.4444440007
54281  -28.941  -17.531  67.077 0.4444440007
54263  -28.263  -17.827  68.897 0.4444440007
122415  -29.642  -17.041  67.172 0.4444440007
54289  -29.252  -17.436  65.605 0.3333329856
55324  -29.785  -16.972  66.214 0.3333329856
55334  -29.898  -16.923  65.180 0.3333329856
61237  -51.874  -10.232  55.690 0.8888890147
53179  -24.741  -18.947  67.712 0.5555559993
53162  -27.758  -18.199  69.545 0.5555559993
61275  -52.357  -9.780  53.307 0.7777780294
62228  -52.689  -9.296  52.917 0.7777780294
60297  -52.184  -10.717  52.638 0.5555559993
60306  -52.388  -11.049  51.662 0.5555559993
61306  -52.707  -10.443  51.225 0.5555559993
63993  -53.031  -7.075  52.924 0.7777780294
137788  -52.779  -8.905  50.461 0.6666669846
61335  -52.202  -9.872  49.020 0.4444440007
63130  -52.593  -8.008  50.933 0.6666669846
64004  -52.377  -6.737  51.537 0.6666669846
62265  -51.786  -9.333  48.395 0.4444440007
63142  -52.058  -7.864  49.309 0.6666669846
64990  -52.257  -5.820  51.394 0.6666669846
64033  -51.585  -7.247  48.693 0.6666669846
71696  -56.605  0.708  38.566 0.3333329856
65945  -53.024  -5.125  51.160 0.6666669846
65943  -51.890  -5.371  50.504 0.6666669846
66871  -52.804  -4.529  50.476 0.6666669846
127527  -51.491  -5.531  49.081 0.6666669846
71694  -54.111  1.166  38.933 0.4444440007
71706  -52.215  0.873  37.372 0.3333329856
70755  -54.024  -0.964  40.165 0.4444440007
69800  -54.432  -1.059  40.738 0.5555559993
74392  -54.383  3.684  37.130 0.3333329856
68806  -53.258  -1.958  47.339 0.7777780294
129256  -53.694  -1.589  46.789 0.7777780294
119618  -53.104  -2.580  41.727 0.5555559993
141386  -54.644  -1.587  44.200 0.5555559993
75373  -55.256  4.838  36.944 0.3333329856
68816  -52.745  -2.934  46.004 0.6666669846
48231  -20.569  -23.217  69.483 0.1111110002
53161  -26.783  -18.376  69.997 0.6666669846
50515  -43.640  -21.342  59.329 0.3333329856
51519  -45.091  -20.805  58.862 0.4444440007
51518  -44.302  -21.069  58.848 0.3333329856
50537  -43.752  -21.023  58.474 0.2222220004
51535  -44.428  -20.782  58.034 0.3333329856
51536  -45.322  -20.638  57.908 0.2222220004
127141  -43.174  -20.124  56.632 0.2222220004
51550  -44.192  -20.319  57.012 0.2222220004
51551  -45.159  -20.325  57.059 0.2222220004
54492  -48.051  -17.435  51.617 0.5555559993
58281  -47.559  -13.545  52.224 0.2222220004
142106  -46.540  -13.853  51.453 0.2222220004
58282  -48.459  -13.243  52.690 0.2222220004
59322  -49.755  -12.463  53.390 0.5555559993
59338  -49.891  -12.791  52.524 0.2222220004
60272  -50.350  -11.274  55.381 0.6666669846
131404  -50.625  -11.038  54.637 0.5555559993
60286  -50.843  -11.496  53.599 0.5555559993
59324  -51.178  -11.972  52.561 0.5555559993
59339  -50.684  -12.620  52.027 0.4444440007
125180  -51.836  -11.552  52.099 0.4444440007
60305  -51.929  -11.738  51.166 0.4444440007
59356  -51.802  -11.733  50.304 0.3333329856
60326  -52.174  -11.081  49.902 0.3333329856
66952  -50.084  -4.765  45.582 0.5555559993
67919  -50.533  -4.417  45.138 0.4444440007
66978  -50.163  -4.536  43.813 0.3333329856
67920  -51.318  -3.951  45.114 0.4444440007
134939  -51.585  -3.848  44.180 0.3333329856
67951  -50.736  -4.256  43.267 0.3333329856
132346  -52.692  -3.250  44.062 0.3333329856
67952  -51.282  -3.912  42.630 0.3333329856
68833  -52.797  -3.085  43.343 0.3333329856
68834  -53.538  -2.585  43.159 0.4444440007
68863  -52.417  -3.086  41.867 0.3333329856
73512  -53.901  3.036  35.400 0.3333329856
74413  -54.585  3.377  34.965 0.3333329856
73528  -54.642  2.305  33.960 0.2222220004
72617  -55.114  1.805  33.350 0.1111110002
72626  -56.995  1.797  32.078 0.1111110002
73531  -56.926  2.995  33.071 0.2222220004
73530  -56.161  2.759  33.385 0.2222220004
73540  -57.352  2.522  32.406 0.2222220004
73539  -56.619  2.256  32.755 0.1111110002
73549  -57.651  2.172  31.671 0.1111110002
73550  -58.314  2.538  31.271 0.2222220004
73541  -58.057  2.833  32.042 0.1111110002
74447  -58.709  3.202  31.642 0.2222220004
74455  -58.927  2.935  30.857 0.2222220004
73557  -58.495  2.297  30.504 0.1111110002
74436  -57.680  3.249  32.749 0.1111110002
74438  -59.066  3.908  32.036 0.1111110002
74448  -59.361  3.585  31.264 0.2222220004
74465  -59.713  3.130  29.678 0.1111110002
74456  -59.566  3.328  30.474 0.2222220004
75427  -59.724  4.367  31.654 0.1111110002
75428  -60.459  4.959  31.306 0.1111110002
75433  -59.992  4.068  30.873 0.2222220004
75434  -60.692  4.656  30.489 0.1111110002
76359  -62.040  6.641  30.539 0.2222220004
75435  -61.451  5.422  30.119 0.2222220004
75442  -60.867  4.414  29.663 0.2222220004
75451  -61.015  4.233  28.848 0.2222220004
77259  -62.842  7.293  30.284 0.2222220004
76367  -62.269  6.367  29.776 0.2222220004
75443  -61.619  5.189  29.304 0.2222220004
76368  -63.127  7.216  29.500 0.1111110002
75452  -61.733  4.970  28.460 0.1111110002
126486  -62.432  5.925  28.084 0.1111110002
76388  -62.957  6.907  27.598 0.1111110002
74474  -61.153  4.017  28.001 0.1111110002
75459  -61.763  4.788  27.620 0.1111110002
124654  -61.725  4.703  26.771 0.1111110002
76393  -62.155  5.640  26.397 0.1111110002
77287  -63.789  7.353  27.792 0.2222220004
77297  -63.893  7.473  26.889 0.2222220004
76398  -61.953  5.637  25.549 0.1111110002
50516  -44.477  -21.086  59.582 0.3333329856
137021  -62.680  6.552  26.857 0.1111110002
140700  -63.336  7.162  28.577 0.2222220004
60296  -51.549  -11.144  53.122 0.5555559993
61317  -51.903  -10.779  49.168 0.3333329856
68850  -52.936  -2.847  42.522 0.4444440007
68820  -52.888  -3.035  44.902 0.5555559993
67921  -52.145  -3.553  44.556 0.4444440007
59323  -50.428  -12.243  53.022 0.4444440007
51534  -43.353  -20.647  57.671 0.2222220004
143523  -44.793  -20.527  57.515 0.2222220004
143327  -51.452  -12.222  50.766 0.3333329856
67937  -51.460  -3.883  43.440 0.3333329856
67938  -52.159  -3.540  43.693 0.3333329856
73529  -55.394  2.538  33.672 0.2222220004
74457  -60.217  3.795  30.086 0.2222220004
76376  -62.414  6.180  28.934 0.1111110002
76387  -62.299  5.705  27.216 0.1111110002
77296  -63.336  7.296  26.954 0.2222220004
126033  -43.015  -21.396  61.468 0.1111110002
50496  -42.537  -21.837  60.484 0.1111110002
50514  -42.536  -21.576  59.470 0.1111110002
137305  -26.972  -18.185  69.559 0.4444440007
141455  -25.262  -18.535  69.444 0.5555559993
53172  -26.749  -18.364  68.730 0.3333329856
54271  -27.837  -18.068  67.991 0.3333329856
51402  -22.295  -20.170  67.643 0.1111110002
64078  -53.289  -7.997  43.594 0.1111110002
63190  -52.772  -8.463  43.132 0.1111110002
63242  -49.364  -8.348  38.388 0.1111110002
64140  -49.825  -7.314  38.505 0.1111110002
65149  -50.317  -6.518  38.079 0.1111110002
66097  -50.808  -5.878  38.447 0.1111110002
63254  -49.079  -8.332  37.435 0.1111110002
134981  -49.955  -7.028  37.647 0.1111110002
66113  -50.882  -6.007  37.515 0.1111110002
68008  -53.031  -3.729  37.529 0.1111110002
68898  -54.003  -2.924  38.740 0.1111110002
67045  -52.878  -4.101  36.996 0.1111110002
132712  -53.479  -3.266  37.506 0.1111110002
64087  -52.177  -7.970  42.584 0.1111110002
63205  -50.791  -8.573  40.997 0.1111110002
64095  -51.108  -8.040  41.425 0.1111110002
64096  -51.634  -7.400  41.935 0.1111110002
65109  -52.726  -6.726  42.939 0.1111110002
63215  -50.346  -8.720  40.372 0.1111110002
64105  -50.607  -7.790  40.643 0.1111110002
65116  -51.064  -7.166  41.181 0.1111110002
66065  -52.002  -5.978  41.785 0.1111110002
63233  -49.914  -8.555  39.738 0.1111110002
64121  -50.141  -7.933  39.880 0.1111110002
121743  -50.377  -7.146  39.929 0.1111110002
66088  -50.957  -5.839  39.346 0.1111110002
67019  -53.279  -3.794  39.821 0.1111110002
121881  -54.124  -3.443  40.292 0.1111110002
63232  -49.569  -8.839  39.248 0.1111110002
128609  -50.027  -7.361  39.340 0.1111110002
65134  -50.372  -6.585  39.099 0.1111110002
67029  -51.935  -4.769  39.060 0.1111110002
126110  -52.636  -4.396  40.087 0.1111110002
67974  -54.729  -2.881  40.022 0.3333329856
66098  -51.393  -5.316  38.745 0.1111110002
67994  -52.947  -3.780  38.887 0.1111110002
127155  -53.530  -3.389  39.056 0.1111110002
66115  -52.008  -5.032  37.302 0.1111110002
67043  -51.884  -4.815  38.163 0.1111110002
68007  -52.803  -3.858  38.156 0.1111110002
67995  -53.369  -3.374  38.268 0.1111110002
67044  -52.487  -4.345  37.622 0.1111110002
65110  -53.189  -5.926  42.929 0.1111110002
66066  -52.730  -5.480  42.042 0.1111110002
144570  -53.259  -5.350  42.401 0.1111110002
65125  -51.163  -6.354  40.751 0.1111110002
66074  -52.214  -5.395  41.244 0.1111110002
67001  -54.177  -4.195  41.756 0.1111110002
65124  -50.764  -6.421  39.972 0.1111110002
66082  -51.775  -5.401  40.484 0.1111110002
67009  -52.413  -4.857  40.622 0.1111110002
140317  -53.610  -3.896  40.613 0.1111110002
67008  -52.101  -4.807  39.895 0.1111110002
68885  -51.518  -2.664  39.088 0.1111110002
69808  -51.995  -1.911  38.805 0.2222220004
66966  -49.857  -4.718  44.669 0.3333329856
67953  -52.147  -3.474  42.752 0.2222220004
122075  -51.331  -3.728  41.274 0.1111110002
68862  -51.909  -3.145  41.074 0.1111110002
67984  -51.106  -3.368  39.676 0.1111110002
68874  -51.743  -2.945  40.089 0.1111110002
76302  -56.482  6.034  37.221 0.2222220004
76303  -56.987  6.513  36.896 0.2222220004
73521  -53.663  2.419  34.921 0.2222220004
76312  -57.321  6.611  36.083 0.2222220004
72610  -53.926  2.031  34.318 0.2222220004
75394  -56.374  4.699  34.790 0.2222220004
74415  -56.033  3.942  34.378 0.1111110002
74416  -56.756  4.266  34.045 0.1111110002
74424  -56.462  3.493  33.707 0.1111110002
74406  -54.938  4.004  35.379 0.2222220004
76311  -56.504  5.871  36.177 0.2222220004
76321  -56.759  5.569  35.307 0.2222220004
74466  -60.393  3.591  29.267 0.1111110002
74414  -55.282  3.671  34.660 0.2222220004
75393  -55.636  4.352  35.078 0.2222220004
50481  -43.728  -21.237  61.163 0.2222220004
50480  -43.189  -21.586  60.859 0.1111110002
63182  -53.874  -8.392  44.083 0.1111110002
64088  -52.707  -7.520  43.086 0.1111110002
66067  -53.760  -5.194  42.658 0.1111110002
66990  -54.970  -4.211  42.312 0.2222220004
51390  -21.926  -20.297  68.649 0.2222220004
54280  -28.105  -18.125  66.857 0.3333329856
67954  -54.916  -3.692  41.490 0.2222220004
67964  -54.181  -3.748  41.039 0.1111110002
67985  -54.066  -3.170  39.530 0.1111110002
136331  -27.211  -18.338  68.079 0.3333329856
50536  -42.983  -21.103  58.547 0.2222220004
125277  -43.219  -21.625  60.111 0.1111110002
73522  -54.251  2.725  34.620 0.2222220004
74423  -55.703  3.241  34.009 0.1111110002
64120  -49.740  -8.031  39.197 0.1111110002
139403  -49.539  -7.653  37.618 0.1111110002
66114  -51.385  -5.416  37.850 0.1111110002
65108  -52.209  -7.065  42.548 0.1111110002
65117  -51.533  -6.544  41.504 0.1111110002
143389  -51.913  -6.623  42.073 0.1111110002
121588  -52.426  -6.276  42.413 0.1111110002
126820  -50.738  -6.961  40.522 0.1111110002
66073  -51.637  -5.879  41.111 0.1111110002
66089  -51.541  -5.308  39.617 0.1111110002
66081  -51.238  -5.833  40.150 0.1111110002
67018  -52.528  -4.283  39.392 0.1111110002
67010  -53.036  -4.347  40.623 0.1111110002
67030  -52.400  -4.285  38.552 0.1111110002
66129  -51.576  -5.697  36.969 0.1111110002
66989  -53.443  -4.804  42.002 0.1111110002
67000  -53.527  -4.284  41.241 0.1111110002
66999  -52.858  -4.836  41.319 0.1111110002
75384  -56.035  5.082  35.573 0.2222220004
54479  -47.055  -17.658  51.715 0.1111110002
59340  -51.377  -12.228  51.573 0.2222220004
60324  -50.847  -12.025  49.172 0.2222220004
60334  -50.512  -11.722  48.391 0.2222220004
59368  -50.520  -12.539  49.559 0.1111110002
60333  -49.723  -12.068  48.026 0.1111110002
60344  -49.430  -11.583  47.320 0.1111110002
60325  -51.560  -11.595  49.513 0.2222220004
61333  -50.821  -10.882  48.018 0.2222220004
60345  -50.140  -11.289  47.675 0.1111110002
61352  -50.954  -10.104  47.687 0.2222220004
61371  -49.921  -10.115  46.873 0.2222220004
66934  -50.495  -4.780  46.384 0.3333329856
68921  -53.856  -2.920  37.084 0.1111110002
69853  -55.483  -1.566  35.343 0.3333329856
68910  -54.268  -2.468  37.496 0.3333329856
70797  -55.534  -0.543  36.259 0.3333329856
70801  -55.754  -0.824  35.572 0.2222220004
72576  -57.235  1.793  38.974 0.2222220004
71709  -56.461  1.185  37.908 0.2222220004
73497  -57.574  3.484  37.629 0.2222220004
71708  -55.965  0.437  37.575 0.2222220004
72595  -56.091  1.128  37.020 0.2222220004
73506  -56.900  2.668  36.958 0.2222220004
73507  -57.451  3.154  36.455 0.2222220004
136297  -55.776  0.265  36.595 0.2222220004
72596  -56.527  1.759  36.476 0.2222220004
135375  -57.027  1.359  35.548 0.2222220004
72601  -57.806  2.043  35.452 0.2222220004
72602  -58.983  1.636  35.193 0.2222220004
70802  -56.426  -0.470  35.249 0.2222220004
70804  -58.326  -0.065  35.115 0.2222220004
54480  -47.787  -17.736  52.427 0.2222220004
72564  -57.433  1.195  39.623 0.3333329856
73496  -57.338  2.882  38.028 0.2222220004
77190  -57.816  7.142  37.401 0.2222220004
73516  -60.123  3.149  34.945 0.2222220004
136966  -57.949  1.288  35.308 0.2222220004
73513  -57.124  2.320  35.964 0.2222220004
54507  -47.534  -17.312  50.837 0.1111110002
126254  -56.736  2.023  37.737 0.2222220004
130376  -59.641  2.457  35.051 0.2222220004
62271  -51.302  -9.602  47.904 0.2222220004
123219  -55.262  -2.210  35.141 0.3333329856
61334  -51.520  -10.315  48.362 0.2222220004
59369  -51.118  -12.310  50.022 0.2222220004
61351  -50.393  -10.411  47.361 0.1111110002
136180  -55.976  -0.017  35.785 0.2222220004
71718  -56.288  0.821  36.080 0.2222220004
120698  -26.131  -18.599  68.377 0.4444440007
54523  -48.131  -16.951  50.244 0.1111110002
56540  -50.221  -15.089  47.229 0.1111110002
58354  -51.467  -13.554  46.725 0.1111110002
58365  -51.271  -13.057  45.961 0.1111110002
58364  -50.598  -13.289  45.628 0.1111110002
58376  -49.573  -13.171  44.669 0.1111110002
137850  -50.833  -13.624  46.221 0.1111110002
59406  -51.712  -12.421  45.645 0.1111110002
59405  -51.035  -12.619  45.310 0.1111110002
59416  -49.967  -12.453  44.259 0.1111110002
58377  -50.318  -12.858  44.969 0.1111110002
59418  -51.509  -12.071  45.046 0.1111110002
59427  -49.584  -12.115  43.514 0.1111110002
59428  -50.368  -11.796  43.750 0.1111110002
62307  -52.237  -9.834  42.731 0.1111110002
141045  -53.832  -9.091  44.140 0.1111110002
59434  -49.227  -11.789  42.735 0.1111110002
130305  -50.024  -11.531  42.950 0.1111110002
60367  -52.245  -11.785  45.305 0.1111110002
59417  -50.843  -12.085  44.545 0.1111110002
120374  -51.738  -11.511  44.391 0.1111110002
130306  -51.062  -11.529  43.888 0.1111110002
120373  -50.840  -11.333  43.173 0.1111110002
60385  -51.578  -11.136  43.474 0.1111110002
61419  -51.988  -10.561  43.049 0.1111110002
60398  -51.279  -10.850  42.701 0.1111110002
120375  -52.926  -11.403  45.367 0.1111110002
60376  -52.638  -11.206  44.660 0.1111110002
60386  -52.317  -10.893  43.833 0.1111110002
61404  -53.051  -10.576  44.198 0.1111110002
61420  -52.677  -10.207  43.440 0.1111110002
57469  -50.230  -13.977  46.000 0.1111110002
52291  -22.641  -19.795  68.246 0.1111110002
59355  -50.796  -12.708  50.912 0.2222220004
53182  -27.320  -18.522  67.220 0.2222220004
54288  -28.684  -17.805  66.076 0.2222220004
53181  -26.658  -18.651  67.695 0.2222220004
53191  -27.363  -18.650  66.270 0.2222220004
53192  -27.961  -18.361  65.621 0.2222220004
54297  -28.674  -17.889  65.127 0.2222220004
54305  -28.806  -17.707  64.102 0.1111110002
121541  -25.429  -18.678  68.587 0.2222220004
53203  -25.870  -19.169  65.960 0.1111110002
52293  -23.997  -19.239  67.431 0.2222220004
53190  -25.139  -19.142  66.742 0.1111110002
52422  -45.682  -19.951  56.378 0.1111110002
128283  -42.518  -20.789  57.901 0.1111110002
51568  -44.718  -19.877  56.227 0.1111110002
66965  -49.004  -5.244  44.632 0.1111110002
66933  -49.819  -5.244  45.858 0.1111110002
66977  -49.341  -4.806  43.919 0.1111110002
66988  -49.922  -4.606  43.028 0.1111110002
71729  -51.562  0.422  34.963 0.1111110002
72608  -52.209  1.157  35.045 0.1111110002
72609  -53.116  1.763  34.811 0.1111110002
68897  -51.473  -2.105  38.335 0.1111110002
69842  -50.697  -0.464  36.715 0.1111110002
76313  -58.146  7.006  35.574 0.1111110002
72731  -64.014  1.453  23.888 0.1111110002
72751  -64.493  1.402  22.844 0.1111110002
76322  -57.503  6.037  34.984 0.1111110002
77206  -58.943  7.342  35.114 0.1111110002
78162  -59.825  8.033  35.667 0.1111110002
78164  -61.301  7.606  35.489 0.1111110002
139930  -65.313  1.885  21.681 0.1111110002
136608  -64.718  0.659  22.465 0.1111110002
136047  -65.026  1.284  22.032 0.1111110002
76323  -58.301  6.361  34.603 0.1111110002
75395  -57.108  5.072  34.488 0.1111110002
75396  -57.865  5.398  34.168 0.1111110002
77207  -59.754  7.642  34.658 0.1111110002
120651  -61.158  8.005  34.678 0.1111110002
78169  -60.425  8.060  35.023 0.1111110002
76324  -59.081  6.695  34.212 0.1111110002
77208  -60.598  7.803  34.235 0.1111110002
76331  -58.609  5.716  33.810 0.1111110002
73667  -65.406  2.910  21.847 0.1111110002
136167  -64.832  2.133  22.380 0.1111110002
74561  -66.153  3.274  21.011 0.1111110002
77216  -59.859  7.055  33.803 0.1111110002
76332  -59.346  6.046  33.476 0.1111110002
77217  -60.716  7.254  33.284 0.1111110002
77227  -61.252  7.115  32.499 0.1111110002
74537  -65.867  4.130  21.688 0.1111110002
74562  -66.561  4.573  20.914 0.1111110002
74576  -66.687  3.713  20.239 0.1111110002
73695  -66.610  3.033  19.620 0.1111110002
125589  -67.039  4.040  19.537 0.1111110002
76351  -61.846  6.948  31.270 0.1111110002
75513  -66.920  6.076  20.769 0.1111110002
122496  -67.401  6.440  19.081 0.1111110002
75530  -67.158  5.205  19.979 0.1111110002
75543  -67.391  4.853  19.100 0.1111110002
126100  -67.376  4.500  18.691 0.1111110002
74606  -67.179  4.167  17.753 0.1111110002
76509  -60.643  5.836  15.191 0.1111110002
76455  -67.105  6.884  19.990 0.1111110002
76475  -67.303  6.492  18.216 0.1111110002
126465  -67.135  6.523  17.520 0.1111110002
75571  -67.453  5.437  17.563 0.1111110002
76512  -66.654  6.131  15.502 0.1111110002
126489  -64.410  5.605  14.680 0.1111110002
138277  -63.402  5.804  14.572 0.1111110002
76516  -62.636  6.309  14.518 0.1111110002
143998  -60.054  5.663  15.361 0.1111110002
77422  -61.087  6.419  14.949 0.1111110002
76510  -61.449  5.771  14.949 0.1111110002
77414  -59.560  6.858  15.458 0.1111110002
77415  -60.309  6.465  15.244 0.1111110002
76360  -63.814  6.402  30.314 0.2222220004
124740  -66.092  7.528  19.287 0.1111110002
76454  -66.740  7.623  19.412 0.1111110002
76474  -66.760  6.946  18.050 0.1111110002
77399  -66.581  7.053  16.255 0.1111110002
76495  -66.847  6.789  17.109 0.1111110002
77400  -66.879  6.800  16.372 0.1111110002
76502  -67.000  6.431  15.993 0.1111110002
77409  -66.579  6.927  15.705 0.1111110002
76511  -66.157  6.425  14.944 0.1111110002
144716  -65.715  7.757  14.580 0.1111110002
76518  -65.409  6.460  14.490 0.1111110002
139654  -65.688  7.681  14.400 0.1111110002
76517  -64.484  6.538  14.290 0.1111110002
78345  -64.425  8.556  13.923 0.1111110002
77425  -64.498  7.497  14.017 0.1111110002
78343  -62.248  8.236  14.346 0.1111110002
78336  -60.391  7.520  15.204 0.1111110002
79184  -59.541  8.339  15.673 0.1111110002
77249  -63.492  7.073  30.445 0.2222220004
77261  -64.018  7.088  29.754 0.2222220004
77275  -64.159  7.137  28.216 0.1111110002
77288  -64.115  7.198  27.526 0.2222220004
77337  -65.466  7.633  22.495 0.1111110002
77347  -65.030  8.365  21.208 0.1111110002
76473  -65.979  6.724  17.890 0.1111110002
76494  -65.369  6.467  17.267 0.1111110002
76501  -65.246  7.007  16.329 0.1111110002
77408  -66.034  7.549  15.278 0.1111110002
123668  -64.821  7.990  15.571 0.1111110002
78327  -65.399  8.266  14.586 0.1111110002
78346  -65.251  8.122  14.127 0.1111110002
79187  -62.832  9.656  14.163 0.1111110002
78337  -61.448  8.500  14.734 0.1111110002
124167  -58.717  8.357  16.175 0.1111110002
131335  -60.473  8.622  15.248 0.1111110002
78243  -63.810  8.686  23.609 0.1111110002
76453  -65.374  7.632  19.938 0.1111110002
142157  -65.392  6.218  18.413 0.1111110002
76500  -63.726  6.727  16.652 0.1111110002
78326  -64.874  9.003  14.650 0.1111110002
79195  -64.295  9.541  13.938 0.1111110002
137810  -63.809  9.937  13.908 0.1111110002
134262  -62.901  10.569  14.438 0.1111110002
79186  -61.791  9.722  14.709 0.1111110002
80042  -60.826  9.835  15.216 0.1111110002
79185  -60.038  8.965  15.492 0.1111110002
80034  -58.965  9.397  16.297 0.1111110002
79174  -59.665  9.173  15.771 0.1111110002
78242  -63.373  8.496  23.828 0.1111110002
78324  -63.261  8.639  16.180 0.1111110002
77407  -63.376  7.647  16.338 0.1111110002
78325  -64.249  8.891  15.467 0.1111110002
79175  -63.304  9.847  16.019 0.1111110002
79188  -64.251  10.216  14.232 0.1111110002
80044  -63.234  11.155  14.875 0.1111110002
135937  -61.698  11.003  15.196 0.1111110002
137248  -57.590  9.597  17.297 0.1111110002
80904  -59.218  11.212  16.895 0.1111110002
80035  -60.304  10.400  15.811 0.1111110002
80914  -59.154  10.339  16.530 0.1111110002
80036  -63.317  11.149  15.356 0.1111110002
121701  -62.941  11.839  15.424 0.1111110002
80043  -62.340  10.845  14.805 0.1111110002
80925  -62.721  11.672  15.164 0.1111110002
80916  -61.873  11.756  15.591 0.1111110002
80915  -60.355  11.390  16.205 0.1111110002
81821  -60.444  12.191  16.621 0.1111110002
81819  -58.218  11.076  17.628 0.1111110002
80906  -62.770  12.193  16.157 0.1111110002
81820  -59.340  12.125  17.418 0.1111110002
126093  -64.680  3.163  22.820 0.1111110002
73640  -64.274  2.340  23.309 0.1111110002
77338  -65.859  7.682  21.701 0.1111110002
76442  -66.813  7.044  20.548 0.1111110002
78264  -64.691  8.448  21.919 0.1111110002
77360  -66.386  7.837  20.205 0.1111110002
76440  -64.545  7.827  20.761 0.1111110002
78187  -61.526  7.613  33.013 0.1111110002
76441  -66.446  7.105  21.178 0.1111110002
77348  -65.736  8.181  20.945 0.1111110002
77325  -62.677  7.823  23.763 0.1111110002
77273  -63.859  7.317  29.283 0.1111110002
120105  -26.656  -18.870  66.699 0.2222220004
53180  -25.821  -18.911  67.361 0.2222220004
121685  -26.786  -18.939  65.863 0.2222220004
75557  -67.523  5.338  18.470 0.1111110002
74597  -67.290  4.213  18.368 0.1111110002
75578  -67.189  5.568  16.533 0.1111110002
77417  -66.590  6.722  15.435 0.1111110002
137349  -63.637  6.698  14.251 0.1111110002
77424  -63.325  7.568  14.125 0.1111110002
77423  -62.035  7.029  14.500 0.1111110002
142432  -62.732  7.942  14.197 0.1111110002
75584  -59.541  5.174  15.436 0.1111110002
78342  -61.209  7.312  14.826 0.1111110002
77260  -63.436  7.322  29.967 0.2222220004
76463  -65.965  7.016  18.601 0.1111110002
134871  -66.039  7.874  19.814 0.1111110002
76464  -66.819  7.434  18.669 0.1111110002
78338  -65.440  8.142  14.293 0.1111110002
77426  -65.372  7.333  14.229 0.1111110002
78344  -63.433  8.939  13.897 0.1111110002
78256  -65.252  8.322  21.691 0.1111110002
77359  -65.551  8.042  20.503 0.1111110002
79189  -64.628  9.597  14.185 0.1111110002
75529  -65.198  6.592  19.334 0.1111110002
79176  -64.148  9.944  15.181 0.1111110002
80024  -58.226  9.515  16.804 0.1111110002
80903  -58.298  10.290  17.135 0.1111110002
80037  -63.925  10.796  14.760 0.1111110002
45386  -11.331  -26.904  72.541 0.1111110002
42896  -13.844  -29.590  70.534 0.2222220004
45400  -11.074  -26.776  71.953 0.1111110002
44535  -11.686  -27.124  72.681 0.2222220004
44536  -12.266  -27.153  72.694 0.2222220004
43696  -13.526  -28.770  70.829 0.2222220004
42897  -14.506  -29.563  69.946 0.2222220004
41992  -14.963  -30.247  69.857 0.2222220004
41997  -15.818  -30.144  68.909 0.2222220004
41994  -16.239  -30.960  69.141 0.2222220004
42012  -17.977  -29.991  63.890 0.2222220004
41045  -18.187  -31.099  64.121 0.2222220004
42014  -18.335  -30.658  63.321 0.2222220004
42017  -18.484  -30.226  62.606 0.2222220004
41074  -18.730  -30.659  61.925 0.2222220004
42020  -18.734  -29.722  61.947 0.2222220004
41075  -19.077  -31.086  61.212 0.2222220004
42029  -19.326  -30.471  60.589 0.2222220004
42036  -19.687  -30.684  59.864 0.2222220004
141072  -20.053  -30.913  59.087 0.1111110002
45393  -11.711  -26.553  72.277 0.1111110002
43697  -14.210  -28.607  70.392 0.2222220004
42901  -15.253  -29.504  69.286 0.2222220004
41998  -16.350  -30.306  68.341 0.2222220004
41015  -16.799  -31.347  68.590 0.2222220004
131340  -18.309  -29.882  63.165 0.2222220004
131375  -19.318  -29.800  60.764 0.2222220004
42959  -19.635  -29.773  60.123 0.2222220004
42047  -20.291  -30.192  58.525 0.2222220004
42060  -20.652  -30.288  57.698 0.1111110002
42976  -21.083  -29.485  57.368 0.1111110002
42989  -21.480  -29.624  56.648 0.1111110002
42931  -18.131  -28.852  64.804 0.2222220004
42937  -18.243  -29.033  64.143 0.2222220004
43755  -18.968  -28.808  62.932 0.2222220004
42943  -18.632  -29.412  62.695 0.2222220004
42944  -19.031  -28.963  62.151 0.2222220004
121309  -19.750  -28.664  61.772 0.2222220004
42947  -19.266  -29.297  61.311 0.2222220004
42953  -19.621  -29.322  60.674 0.2222220004
42966  -20.413  -29.333  58.932 0.2222220004
43765  -19.615  -28.558  62.537 0.2222220004
53219  -28.094  -18.331  64.626 0.1111110002
68036  -54.342  -3.370  35.610 0.1111110002
133487  -55.128  -5.145  35.097 0.1111110002
144563  -55.548  -6.302  35.433 0.1111110002
64189  -56.593  -7.215  35.920 0.1111110002
61468  -57.569  -10.506  37.728 0.1111110002
68933  -54.813  -2.747  35.314 0.1111110002
67082  -55.337  -4.343  34.848 0.1111110002
66162  -55.842  -4.949  34.792 0.1111110002
64172  -57.318  -7.563  36.296 0.1111110002
63255  -57.777  -8.987  37.269 0.1111110002
60439  -58.317  -11.143  38.242 0.1111110002
60428  -59.408  -11.922  38.965 0.1111110002
59464  -58.956  -12.603  38.818 0.1111110002
68948  -55.577  -2.890  34.733 0.1111110002
68037  -54.962  -3.559  35.008 0.1111110002
68051  -55.639  -3.725  34.647 0.1111110002
65198  -56.723  -6.444  35.486 0.1111110002
63269  -58.335  -8.299  37.034 0.1111110002
62362  -58.971  -9.870  38.033 0.1111110002
58430  -59.418  -13.172  38.789 0.1111110002
68052  -56.340  -3.496  34.474 0.1111110002
132169  -56.913  -5.781  35.145 0.1111110002
64190  -57.287  -6.916  35.862 0.1111110002
63256  -58.836  -8.985  37.614 0.1111110002
61455  -59.183  -10.643  38.437 0.1111110002
43711  -15.702  -28.786  68.949 0.2222220004
42906  -15.892  -29.410  68.575 0.2222220004
43703  -14.775  -28.828  69.738 0.2222220004
41023  -17.587  -31.687  67.480 0.2222220004
42021  -18.964  -30.156  61.238 0.2222220004
134763  -19.933  -30.007  59.312 0.1111110002
41115  -20.457  -31.206  58.212 0.1111110002
42940  -18.446  -29.233  63.404 0.2222220004
42960  -20.169  -29.167  59.667 0.2222220004
42975  -20.708  -29.384  58.153 0.1111110002
67070  -54.462  -4.338  35.350 0.1111110002
66147  -54.356  -5.340  35.463 0.1111110002
66148  -55.971  -5.804  35.161 0.1111110002
136874  -55.968  -6.661  35.592 0.1111110002
64171  -56.541  -8.123  36.415 0.1111110002
136968  -58.028  -11.779  38.229 0.1111110002
61469  -58.393  -10.385  38.038 0.1111110002
67083  -56.121  -4.304  34.578 0.1111110002
66163  -56.680  -5.021  34.778 0.1111110002
63268  -57.474  -8.313  36.735 0.1111110002
124385  -58.093  -9.728  37.708 0.1111110002
127607  -59.065  -11.375  38.651 0.1111110002
60427  -58.644  -11.878  38.604 0.1111110002
67084  -56.970  -4.143  34.554 0.1111110002
65199  -57.699  -6.216  35.551 0.1111110002
37386  -16.513  -35.492  70.063 0.1111110002
37390  -17.154  -35.394  69.192 0.1111110002
122371  -9.963  -29.996  72.319 0.1111110002
41978  -10.617  -30.978  72.532 0.1111110002
40993  -11.401  -31.818  72.776 0.1111110002
140330  -15.936  -35.613  70.328 0.1111110002
122563  -17.269  -34.847  69.572 0.1111110002
38259  -17.774  -34.525  68.857 0.1111110002
125074  -10.701  -30.118  72.367 0.1111110002
41979  -11.339  -30.855  72.530 0.1111110002
41980  -12.103  -30.605  72.176 0.1111110002
38254  -16.239  -34.902  70.570 0.1111110002
122549  -12.120  -31.701  72.820 0.1111110002
126322  -12.112  -32.449  72.909 0.1111110002
130398  -15.755  -35.115  70.432 0.1111110002
121120  -17.542  -34.148  69.429 0.1111110002
39117  -17.981  -33.712  68.715 0.1111110002
38250  -15.721  -34.391  70.869 0.1111110002
42885  -10.556  -29.036  72.279 0.1111110002
42886  -11.321  -29.749  72.137 0.1111110002
38255  -16.938  -34.625  70.138 0.1111110002
41981  -13.010  -31.550  72.562 0.1111110002
40999  -13.913  -31.948  72.519 0.1111110002
40995  -13.495  -32.498  72.892 0.1111110002
38251  -16.119  -34.227  71.071 0.1111110002
39108  -16.481  -33.704  70.849 0.1111110002
128294  -17.620  -33.454  69.230 0.1111110002
40008  -14.091  -32.861  72.800 0.1111110002
40016  -15.371  -33.494  71.741 0.1111110002
40017  -15.963  -33.748  71.381 0.1111110002
40035  -16.726  -32.937  70.264 0.1111110002
40045  -17.832  -32.893  68.599 0.1111110002
40052  -18.011  -32.555  67.726 0.1111110002
41060  -18.604  -31.154  62.685 0.1111110002
42891  -12.179  -29.319  71.647 0.1111110002
41984  -12.917  -30.405  71.664 0.1111110002
41985  -14.238  -31.313  71.664 0.1111110002
41003  -14.990  -31.660  71.305 0.1111110002
41000  -14.613  -32.336  72.217 0.1111110002
41004  -15.702  -32.037  70.862 0.1111110002
41005  -16.297  -32.297  70.392 0.1111110002
41008  -16.681  -32.014  69.486 0.1111110002
41009  -17.270  -32.192  68.726 0.1111110002
119679  -17.608  -32.226  68.135 0.1111110002
40060  -18.081  -32.189  66.903 0.1111110002
41031  -18.106  -31.870  66.034 0.1111110002
41053  -18.509  -31.584  63.455 0.1111110002
43770  -20.065  -28.716  60.964 0.1111110002
42954  -19.973  -29.018  60.286 0.1111110002
43795  -21.010  -28.664  58.739 0.1111110002
127307  -21.407  -28.613  57.960 0.1111110002
43687  -10.933  -28.053  72.395 0.1111110002
42890  -11.337  -28.538  72.207 0.1111110002
42892  -13.123  -29.506  71.072 0.1111110002
41988  -13.665  -30.414  71.158 0.1111110002
41989  -14.464  -30.540  70.613 0.1111110002
41990  -15.302  -31.061  70.355 0.1111110002
41007  -15.974  -31.489  69.942 0.1111110002
41016  -17.269  -31.672  68.147 0.1111110002
139244  -20.496  -28.414  61.593 0.1111110002
43779  -20.787  -28.462  60.199 0.1111110002
43788  -21.490  -28.212  59.444 0.1111110002
137016  -22.229  -27.789  59.030 0.1111110002
43691  -12.126  -27.937  72.062 0.1111110002
43745  -18.980  -28.553  63.731 0.1111110002
43756  -19.539  -28.476  63.183 0.1111110002
43771  -20.988  -28.262  61.114 0.1111110002
128723  -21.685  -28.060  60.199 0.1111110002
43789  -22.166  -27.761  59.940 0.1111110002
125934  -20.007  -28.219  63.735 0.1111110002
43757  -20.351  -28.246  63.023 0.1111110002
43767  -21.291  -28.050  62.734 0.1111110002
44633  -22.010  -27.714  62.207 0.1111110002
43772  -21.820  -27.946  61.352 0.1111110002
43773  -22.095  -27.796  60.695 0.1111110002
44651  -22.486  -27.471  59.677 0.1111110002
58291  -48.453  -13.463  51.645 0.1111110002
57370  -46.050  -14.110  51.830 0.1111110002
58303  -49.293  -13.431  51.107 0.1111110002
58292  -49.200  -13.181  52.094 0.1111110002
59354  -49.991  -13.053  50.570 0.1111110002
59367  -49.964  -12.914  49.746 0.1111110002
66030  -49.126  -5.601  45.241 0.1111110002
66012  -49.668  -5.690  45.983 0.1111110002
72666  -61.187  1.424  28.869 0.1111110002
124885  -59.866  0.319  29.804 0.1111110002
122221  -60.488  0.915  29.295 0.1111110002
71777  -60.028  0.128  28.948 0.1111110002
71788  -60.767  0.647  28.531 0.1111110002
70843  -59.461  -0.537  31.119 0.1111110002
70853  -59.437  -0.401  30.218 0.1111110002
69932  -59.116  -1.193  30.490 0.1111110002
69922  -59.266  -1.369  31.367 0.1111110002
68971  -59.210  -2.235  31.617 0.1111110002
68966  -61.007  -2.341  33.443 0.1111110002
68063  -60.685  -3.232  33.194 0.1111110002
68060  -62.067  -2.906  34.447 0.1111110002
68056  -62.341  -2.879  35.152 0.1111110002
68023  -61.149  -3.287  36.138 0.1111110002
67085  -57.897  -4.005  34.660 0.1111110002
68038  -58.842  -3.850  35.065 0.1111110002
131529  -59.657  -3.673  35.454 0.1111110002
71789  -61.627  1.110  28.254 0.1111110002
70831  -59.756  -0.745  31.943 0.1111110002
71760  -60.277  0.884  31.689 0.1111110002
129142  -60.353  -0.817  32.724 0.1111110002
70832  -60.869  0.045  33.209 0.1111110002
68963  -61.792  -2.204  34.266 0.1111110002
69903  -61.138  -0.778  33.614 0.1111110002
69868  -55.878  -2.003  34.751 0.1111110002
69869  -56.760  -1.802  34.611 0.1111110002
68951  -58.403  -2.361  34.737 0.1111110002
68953  -62.190  -2.179  34.938 0.1111110002
69888  -61.572  -0.899  34.524 0.1111110002
68949  -56.520  -2.629  34.495 0.1111110002
69870  -57.723  -1.643  34.666 0.1111110002
68934  -60.268  -2.436  35.611 0.1111110002
69846  -61.616  -1.999  35.612 0.1111110002
68950  -57.433  -2.411  34.518 0.1111110002
68054  -58.278  -3.210  34.692 0.1111110002
68055  -59.323  -2.963  35.159 0.1111110002
68039  -60.304  -3.170  35.691 0.1111110002
124917  -60.896  0.867  33.103 0.1111110002
70878  -59.625  -0.838  28.746 0.1111110002
70824  -61.305  -0.087  34.206 0.1111110002
71740  -61.166  0.767  33.883 0.1111110002
68980  -58.867  -2.383  29.378 0.1111110002
68981  -59.186  -1.678  28.969 0.1111110002
70814  -57.027  -1.001  34.796 0.1111110002
69871  -58.706  -1.482  34.953 0.1111110002
69872  -61.591  -1.104  35.091 0.1111110002
70817  -61.312  -0.384  34.868 0.1111110002
67103  -58.567  -4.178  30.379 0.1111110002
70815  -58.005  -0.846  34.876 0.1111110002
69855  -60.417  -1.662  35.554 0.1111110002
69856  -61.243  -1.394  35.506 0.1111110002
70806  -61.073  -0.447  35.244 0.1111110002
66179  -58.384  -5.843  30.626 0.1111110002
137708  -59.612  -1.315  35.335 0.1111110002
70805  -60.277  -0.787  35.409 0.1111110002
64207  -58.036  -7.232  32.546 0.1111110002
64206  -57.644  -7.859  32.054 0.1111110002
63302  -57.344  -8.540  32.401 0.1111110002
62419  -56.999  -9.311  32.764 0.1111110002
62422  -56.629  -9.759  31.996 0.1111110002
125565  -56.782  -9.659  31.234 0.1111110002
61534  -56.289  -10.243  31.289 0.1111110002
72619  -61.092  1.591  33.465 0.1111110002
142089  -59.589  -1.450  28.490 0.1111110002
70879  -60.373  -0.283  28.238 0.1111110002
71722  -56.686  0.373  35.449 0.1111110002
71723  -57.600  0.588  35.234 0.1111110002
71732  -61.017  0.481  34.593 0.1111110002
70816  -59.068  -0.722  35.209 0.1111110002
130333  -60.337  -0.021  35.291 0.1111110002
143052  -61.102  0.016  35.022 0.1111110002
68076  -58.978  -2.949  28.946 0.1111110002
120728  -59.465  -0.016  35.278 0.1111110002
65214  -58.160  -6.581  31.102 0.1111110002
65216  -58.419  -6.727  30.177 0.1111110002
63304  -57.457  -8.519  31.473 0.1111110002
64219  -58.743  -7.738  29.823 0.1111110002
62423  -57.043  -9.137  31.777 0.1111110002
63306  -57.851  -8.494  30.685 0.1111110002
63313  -58.075  -9.135  29.943 0.1111110002
64220  -59.710  -8.013  29.306 0.1111110002
62433  -58.568  -9.423  29.250 0.1111110002
63314  -58.834  -9.106  29.495 0.1111110002
131527  -57.513  -9.655  29.534 0.1111110002
71726  -60.682  0.465  35.041 0.1111110002
72604  -60.673  1.332  34.626 0.1111110002
69940  -60.063  -1.238  28.014 0.1111110002
71803  -62.298  0.763  27.708 0.1111110002
71724  -58.679  0.710  35.223 0.1111110002
71725  -59.791  0.693  35.207 0.1111110002
71802  -61.260  0.265  27.867 0.1111110002
123024  -59.453  -2.819  28.386 0.1111110002
68984  -59.619  -2.018  28.270 0.1111110002
67108  -58.916  -4.366  28.987 0.1111110002
68077  -59.295  -3.654  28.529 0.1111110002
68988  -60.034  -2.711  27.840 0.1111110002
66184  -58.625  -5.805  29.731 0.1111110002
66194  -58.933  -5.297  29.105 0.1111110002
67109  -59.471  -4.494  28.442 0.1111110002
68081  -59.812  -3.374  27.999 0.1111110002
66185  -59.134  -6.158  29.115 0.1111110002
131469  -59.336  -5.035  28.656 0.1111110002
67121  -59.965  -4.213  27.967 0.1111110002
65222  -59.001  -6.887  29.484 0.1111110002
66196  -60.633  -6.484  28.442 0.1111110002
67110  -60.144  -5.281  28.233 0.1111110002
68082  -60.670  -3.616  27.579 0.1111110002
66214  -61.407  -6.148  27.999 0.1111110002
67122  -61.017  -4.896  27.729 0.1111110002
64232  -60.643  -8.262  28.745 0.1111110002
66197  -61.676  -7.122  28.243 0.1111110002
72603  -60.114  1.434  34.989 0.1111110002
132638  -60.370  2.199  34.714 0.1111110002
70887  -60.887  -0.714  27.624 0.1111110002
69944  -60.288  -1.979  27.707 0.1111110002
70888  -61.920  -0.310  27.424 0.1111110002
68989  -60.828  -2.616  27.454 0.1111110002
120715  -60.951  -1.933  27.403 0.1111110002
68990  -61.735  -2.322  27.200 0.1111110002
69946  -61.622  -1.363  27.300 0.1111110002
68083  -61.758  -3.293  27.204 0.1111110002
69947  -62.582  -0.920  27.008 0.1111110002
127159  -62.694  -2.895  26.871 0.1111110002
63329  -60.246  -8.753  28.976 0.1111110002
125160  -63.311  0.418  26.904 0.1111110002
130944  -60.833  2.135  34.364 0.1111110002
72611  -61.011  1.438  34.209 0.1111110002
71748  -60.434  0.491  32.437 0.1111110002
44634  -22.293  -27.550  61.365 0.1111110002
58280  -46.690  -13.831  52.114 0.1111110002
144109  -47.053  -13.662  51.544 0.1111110002
126577  -49.999  -13.028  51.524 0.1111110002
121031  -50.508  -12.746  50.131 0.1111110002
69854  -56.166  -1.246  34.990 0.1111110002
41993  -15.561  -30.568  69.529 0.1111110002
43787  -20.731  -28.694  59.378 0.1111110002
40994  -12.792  -32.533  72.980 0.1111110002
39109  -17.077  -33.723  70.010 0.1111110002
38252  -16.582  -34.292  70.637 0.1111110002
137663  -13.574  -31.097  71.938 0.1111110002
40036  -17.306  -32.860  69.412 0.1111110002
40026  -16.087  -33.040  71.185 0.1111110002
119764  -15.319  -32.701  71.758 0.1111110002
123982  -18.493  -32.021  64.209 0.1111110002
144471  -21.645  -28.230  58.687 0.1111110002
43766  -20.471  -28.325  62.265 0.1111110002
119828  -21.254  -28.144  61.899 0.1111110002
43780  -21.542  -28.099  60.714 0.1111110002
44645  -22.459  -27.445  60.495 0.1111110002
58302  -48.522  -13.561  50.691 0.1111110002
70866  -59.579  -0.369  29.432 0.1111110002
69902  -59.782  -1.562  32.227 0.1111110002
69921  -58.838  -1.970  30.753 0.1111110002
68965  -59.974  -2.551  32.561 0.1111110002
68062  -59.858  -3.627  32.444 0.1111110002
68962  -61.482  -2.885  33.806 0.1111110002
134721  -60.595  -1.600  33.054 0.1111110002
67093  -60.498  -4.111  33.040 0.1111110002
67089  -62.303  -3.778  34.645 0.1111110002
68935  -62.004  -2.308  35.455 0.1111110002
69845  -61.132  -2.170  35.810 0.1111110002
68923  -61.339  -2.713  36.016 0.1111110002
138264  -57.858  -2.807  34.554 0.1111110002
68053  -57.330  -3.251  34.468 0.1111110002
71759  -59.932  0.047  31.745 0.1111110002
143688  -60.236  -0.210  32.401 0.1111110002
69889  -61.488  -1.514  33.939 0.1111110002
69873  -61.892  -1.570  34.766 0.1111110002
69857  -61.840  -1.745  35.256 0.1111110002
68952  -59.459  -2.035  35.235 0.1111110002
68074  -58.701  -3.087  29.602 0.1111110002
70803  -57.304  -0.221  35.056 0.1111110002
130516  -58.624  -3.864  29.667 0.1111110002
140441  -58.613  -5.196  31.083 0.1111110002
65211  -58.332  -6.529  32.121 0.1111110002
131426  -58.519  -5.034  30.404 0.1111110002
64209  -57.905  -7.240  31.617 0.1111110002
64202  -57.723  -7.917  32.947 0.1111110002
64208  -57.757  -7.918  31.288 0.1111110002
61528  -56.641  -10.094  32.712 0.1111110002
61531  -56.358  -10.816  32.603 0.1111110002
132877  -56.336  -10.323  32.105 0.1111110002
62426  -57.345  -9.254  30.719 0.1111110002
62425  -56.727  -9.966  30.346 0.1111110002
61533  -55.932  -10.839  31.878 0.1111110002
61536  -55.660  -10.810  31.035 0.1111110002
136480  -59.174  -2.351  28.780 0.1111110002
141520  -58.837  -3.559  29.136 0.1111110002
67106  -58.631  -4.744  29.670 0.1111110002
64211  -58.121  -7.593  30.630 0.1111110002
63307  -58.430  -8.506  29.964 0.1111110002
65223  -59.891  -7.027  28.822 0.1111110002
63315  -59.414  -8.777  29.394 0.1111110002
69945  -60.694  -1.449  27.580 0.1111110002
65237  -61.161  -7.618  28.497 0.1111110002
63330  -60.870  -8.917  28.430 0.1111110002
68991  -62.586  -1.898  26.939 0.1111110002
44538  -15.106  -27.191  71.890 0.3333329856
45388  -13.650  -26.610  72.162 0.2222220004
45391  -16.098  -26.675  71.957 0.3333329856
45392  -16.514  -26.312  71.956 0.5555559993
45407  -20.992  -26.273  69.798 0.4444440007
45418  -22.028  -26.340  68.049 0.6666669846
46308  -13.686  -25.873  71.805 0.2222220004
46310  -15.748  -25.834  71.864 0.4444440007
51381  -26.805  -20.182  69.857 0.6666669846
52265  -24.331  -19.423  70.535 0.6666669846
52268  -27.207  -19.322  70.295 0.5555559993
52269  -27.920  -19.225  70.062 0.5555559993
52273  -22.903  -19.490  69.936 0.5555559993
52378  -31.507  -19.436  61.556 0.1111110002
53150  -25.741  -18.838  70.577 0.5555559993
53163  -28.537  -18.226  69.609 0.5555559993
53165  -30.119  -18.223  69.119 0.7777780294
53173  -27.499  -18.089  68.935 0.4444440007
53297  -34.301  -18.062  58.741 0.1111110002
54257  -29.195  -17.757  69.209 0.6666669846
54284  -35.519  -17.420  67.272 0.6666669846
54425  -38.018  -17.810  55.967 0.1111110002
56455  -41.345  -15.664  51.191 0.1111110002
57372  -54.162  -14.027  51.660 0.8888890147
58293  -55.026  -12.955  51.523 0.8888890147
58333  -53.411  -13.242  48.687 0.5555559993
59357  -55.087  -12.606  50.477 0.8888890147
59376  -50.049  -12.512  48.907 0.1111110002
60335  -51.257  -11.282  48.719 0.2222220004
61290  -55.905  -10.788  51.649 1.0000000000
61318  -52.501  -10.300  49.759 0.5555559993
62267  -57.413  -8.991  48.146 1.0000000000
62281  -56.732  -9.325  46.925 0.7777780294
63101  -53.168  -8.756  54.278 0.7777780294
63166  -57.485  -8.507  47.025 0.8888890147
64963  -53.586  -6.646  52.410 0.6666669846
65048  -58.175  -6.402  46.930 1.0000000000
65070  -48.439  -6.483  44.946 0.1111110002
65931  -52.889  -5.834  51.749 0.6666669846
65976  -56.417  -5.511  47.969 1.0000000000
66014  -58.440  -5.743  46.247 1.0000000000
66195  -59.602  -5.846  28.686 0.1111110002
66882  -51.977  -3.990  49.419 0.6666669846
66900  -56.138  -4.066  47.804 1.0000000000
66915  -51.838  -4.333  48.015 0.6666669846
66951  -49.486  -5.138  45.218 0.1111110002
67846  -52.954  -3.430  49.521 0.7777780294
67879  -58.025  -3.260  46.530 1.0000000000
67904  -50.791  -4.343  45.918 0.4444440007
67936  -50.821  -4.267  44.217 0.3333329856
67963  -51.719  -3.614  41.903 0.1111110002
68777  -52.467  -3.047  48.355 0.6666669846
68780  -54.554  -2.127  48.415 0.8888890147
68807  -57.951  -1.799  46.507 1.0000000000
69709  -54.517  -1.703  48.217 0.7777780294
69710  -55.138  -1.532  48.025 0.7777780294
69711  -55.785  -1.496  47.804 1.0000000000
69735  -53.943  -1.373  47.464 0.7777780294
69748  -58.658  -0.955  45.509 1.0000000000
70662  -55.685  -0.508  47.164 0.8888890147
70663  -56.345  -0.441  47.070 0.8888890147
70675  -55.905  0.106  46.369 0.7777780294
70676  -56.863  0.033  46.499 1.0000000000
70677  -57.477  -0.178  46.248 1.0000000000
70678  -57.769  0.383  45.565 1.0000000000
71596  -56.555  0.471  45.919 0.8888890147
71613  -58.151  0.817  44.952 1.0000000000
71629  -58.461  1.191  44.369 1.0000000000
73523  -54.960  2.990  34.306 0.2222220004
73683  -65.767  2.157  20.977 0.1111110002
75590  -66.881  5.620  15.859 0.1111110002
76496  -67.113  6.330  16.788 0.1111110002
77193  -60.373  7.840  36.547 0.2222220004
77200  -60.763  7.615  36.228 0.2222220004
77416  -66.156  7.243  14.915 0.1111110002
77427  -65.852  7.158  14.525 0.1111110002
78170  -61.729  7.639  34.604 0.2222220004
78244  -64.376  8.386  23.430 0.2222220004
78253  -63.239  8.531  23.131 0.1111110002
78335  -59.717  7.693  15.482 0.1111110002
79177  -64.536  9.689  14.686 0.1111110002
79190  -65.029  8.873  14.091 0.1111110002
80050  -63.678  10.459  14.383 0.1111110002
119815  -59.110  -2.587  44.277 0.6666669846
121306  -56.869  -9.361  49.729 1.0000000000
121543  -52.775  -2.489  47.940 0.6666669846
125529  -14.593  -26.660  68.007 0.1111110002
125661  -53.338  -2.505  45.565 0.5555559993
125939  -37.178  -16.629  52.155 0.1111110002
126206  -40.233  -16.375  52.668 0.1111110002
127322  -30.728  -18.402  68.420 0.5555559993
130839  -57.998  -7.771  36.588 0.1111110002
131142  -56.762  -10.302  48.578 0.7777780294
131841  -28.424  -21.658  66.303 0.4444440007
134453  -58.092  -5.048  46.777 1.0000000000
136145  -22.519  -20.789  70.068 0.6666669846
137475  -57.546  -0.905  46.642 1.0000000000
137648  -40.615  -15.792  51.319 0.1111110002
139542  -58.934  -13.152  38.726 0.1111110002
141979  -54.635  -9.386  44.989 0.4444440007
142186  -50.641  -9.897  47.339 0.2222220004
142846  -51.878  -16.183  51.592 0.6666669846
142936  -60.192  8.053  36.188 0.2222220004
143686  -54.420  -13.598  51.398 0.7777780294
144163  -51.441  -5.855  40.639 0.1111110002
