#!ascii label  , from subject sub-v2s16x51235_ses-1 vox2ras=TkReg
4978
16109  1.594  -61.594  -1.295 0.0000000000
29989  16.588  -47.986  -1.529 0.0000000000
122712  0.910  -80.697  3.762 0.0000000000
140814  1.374  -71.500  -2.198 0.0000000000
3441  -8.695  -79.292  -7.008 0.0000000000
15251  -10.954  -61.959  -9.154 0.0000000000
25892  4.630  -51.505  4.481 0.0000000000
1320  -8.001  -83.578  1.714 0.0000000000
15978  -3.239  -61.927  6.890 0.0000000000
22653  8.037  -53.826  10.181 0.0000000000
23816  18.423  -53.115  3.154 0.0000000000
3070  5.169  -79.772  -17.236 0.0000000000
11715  2.371  -66.448  -6.259 0.0000000000
10994  -6.938  -67.893  -5.374 0.0000000000
15183  -6.515  -62.668  -2.777 0.0000000000
26969  9.918  -50.998  -0.097 0.0000000000
32653  4.793  -44.795  4.119 0.0000000000
31746  14.002  -44.613  4.562 0.0000000000
13321  -5.321  -64.853  0.379 0.0000000000
28853  4.393  -47.885  9.449 0.0000000000
20683  11.936  -56.672  4.356 0.0000000000
1665  -2.983  -82.454  1.278 0.0000000000
1734  -1.435  -82.762  -7.200 0.0000000000
3446  4.129  -78.132  -8.217 0.0000000000
34510  13.893  -42.935  -2.118 0.0000000000
4321  1.226  -77.119  2.946 0.0000000000
5682  -0.617  -73.975  -5.768 0.0000000000
137303  -6.975  -74.780  -1.398 0.0000000000
8605  -11.791  -70.132  -8.786 0.0000000000
21654  1.517  -55.599  3.553 0.0000000000
19752  -4.918  -57.161  4.891 0.0000000000
28891  -2.397  -48.330  8.131 0.0000000000
33593  9.828  -43.827  -1.506 0.0000000000
135322  -5.949  -86.033  13.428 0.0000000000
143974  -6.863  -83.538  7.927 0.0000000000
131375  -4.257  -78.442  5.138 0.0000000000
6996  -0.966  -72.186  5.023 0.0000000000
10108  5.209  -68.175  2.723 0.0000000000
13301  5.833  -64.395  2.540 0.0000000000
131616  -3.379  -50.900  10.534 0.0000000000
129915  -0.234  -58.392  12.842 0.0000000000
16936  2.580  -60.590  8.098 0.0000000000
18843  7.134  -58.865  5.308 0.0000000000
18924  11.159  -58.118  -0.280 0.0000000000
132245  18.593  -52.384  -1.510 0.0000000000
123091  -6.775  -85.653  -6.987 0.0000000000
814  0.262  -85.333  -16.019 0.0000000000
2179  -0.290  -82.151  -13.121 0.0000000000
14288  2.416  -63.053  -4.456 0.0000000000
14310  -1.698  -63.079  -6.321 0.0000000000
123565  -1.940  -62.640  -2.274 0.0000000000
27985  13.244  -49.654  -0.478 0.0000000000
29938  10.887  -47.606  1.702 0.0000000000
29933  15.726  -46.945  1.372 0.0000000000
2032  -0.345  -82.068  1.705 0.0000000000
3389  -1.048  -77.706  -4.315 0.0000000000
3847  1.646  -76.608  -3.368 0.0000000000
5602  1.121  -74.323  0.596 0.0000000000
5606  -3.683  -75.408  1.293 0.0000000000
7077  -2.836  -72.221  -1.948 0.0000000000
12539  -10.054  -64.179  -6.601 0.0000000000
10223  -11.056  -68.202  -4.894 0.0000000000
12552  -11.716  -65.786  -9.812 0.0000000000
11809  -11.906  -66.399  -14.093 0.0000000000
15317  -9.817  -61.279  -13.626 0.0000000000
24783  2.936  -52.837  6.376 0.0000000000
23763  -0.813  -52.805  6.168 0.0000000000
27882  1.211  -49.098  6.049 0.0000000000
122389  7.030  -41.292  6.595 0.0000000000
123744  2.322  -41.763  7.447 0.0000000000
35486  13.332  -40.835  0.060 0.0000000000
136509  -6.416  -84.720  11.399 0.0000000000
3346  -8.006  -79.864  2.231 0.0000000000
4931  -6.651  -75.628  2.251 0.0000000000
5533  -3.179  -74.675  5.113 0.0000000000
7724  -5.164  -71.287  2.440 0.0000000000
14180  -4.009  -63.028  4.108 0.0000000000
10904  -0.458  -67.341  1.833 0.0000000000
12426  0.076  -65.609  2.922 0.0000000000
10934  5.374  -66.515  0.182 0.0000000000
13263  0.732  -65.152  5.917 0.0000000000
139635  6.430  -50.484  9.992 0.0000000000
24755  1.689  -52.928  11.149 0.0000000000
20611  3.482  -55.906  12.061 0.0000000000
126930  2.576  -61.231  12.711 0.0000000000
18780  5.702  -58.830  11.923 0.0000000000
18805  4.881  -59.073  8.175 0.0000000000
128184  8.882  -58.244  9.613 0.0000000000
20699  15.310  -56.002  2.907 0.0000000000
17956  12.559  -59.763  2.669 0.0000000000
19812  15.486  -57.611  0.473 0.0000000000
134358  14.507  -55.976  -0.966 0.0000000000
23865  18.733  -53.327  0.478 0.0000000000
674  -5.781  -87.244  0.323 0.0000000000
1359  -3.923  -82.934  -2.755 0.0000000000
1695  -7.795  -82.172  -2.813 0.0000000000
1431  3.414  -83.404  -11.802 0.0000000000
1075  -0.103  -84.945  -11.344 0.0000000000
1480  3.481  -83.494  -16.391 0.0000000000
1499  3.392  -83.419  -21.040 0.0000000000
3104  5.361  -79.707  -21.798 0.0000000000
3419  -4.020  -78.404  -6.708 0.0000000000
2955  -0.951  -79.211  -8.911 0.0000000000
134861  -3.564  -81.822  -9.536 0.0000000000
23749  -7.347  -52.961  7.027 0.0000000000
20711  -9.593  -56.882  4.098 0.0000000000
10189  1.905  -69.030  -5.098 0.0000000000
9368  -2.734  -69.309  -3.974 0.0000000000
11025  -2.323  -67.246  -7.212 0.0000000000
14327  -5.570  -63.535  -7.399 0.0000000000
15222  -9.731  -62.384  -4.891 0.0000000000
25939  7.334  -51.450  1.518 0.0000000000
28940  3.846  -47.869  3.597 0.0000000000
29924  7.610  -47.678  2.441 0.0000000000
32649  9.150  -44.962  4.842 0.0000000000
34429  11.548  -41.580  4.392 0.0000000000
10937  -7.379  -67.574  -0.109 0.0000000000
16036  -8.940  -60.993  3.070 0.0000000000
17906  -5.983  -59.307  6.199 0.0000000000
25840  8.670  -51.481  7.056 0.0000000000
22673  9.954  -55.098  6.972 0.0000000000
24837  10.313  -52.246  2.516 0.0000000000
23799  14.821  -52.940  2.621 0.0000000000
1667  -5.058  -82.424  1.526 0.0000000000
2471  -5.959  -80.414  -3.451 0.0000000000
2908  -2.671  -79.459  -4.006 0.0000000000
2105  1.280  -81.335  -7.650 0.0000000000
141609  5.546  -80.431  -12.483 0.0000000000
5052  -10.291  -76.410  -10.807 0.0000000000
2146  -7.182  -81.864  -10.904 0.0000000000
134645  20.055  -44.827  -3.155 0.0000000000
31848  15.799  -45.588  -0.887 0.0000000000
3343  0.707  -79.122  3.786 0.0000000000
4962  2.158  -75.219  -1.919 0.0000000000
4965  -1.060  -75.982  -1.248 0.0000000000
5661  -4.186  -75.364  -3.692 0.0000000000
4381  -9.341  -77.011  -4.278 0.0000000000
126368  -7.157  -70.552  -3.777 0.0000000000
7112  -9.173  -72.186  -4.966 0.0000000000
5702  -9.383  -74.585  -7.714 0.0000000000
127818  -11.954  -71.285  -12.738 0.0000000000
141475  0.841  -59.597  1.319 0.0000000000
124242  -2.277  -60.528  1.442 0.0000000000
19780  -1.932  -57.265  4.540 0.0000000000
127242  -4.168  -52.963  7.863 0.0000000000
28869  -5.277  -47.807  9.111 0.0000000000
31719  0.399  -45.363  5.674 0.0000000000
32608  -1.626  -44.298  8.663 0.0000000000
34456  16.121  -42.022  1.934 0.0000000000
32677  12.252  -44.574  1.670 0.0000000000
101  -4.193  -88.557  6.807 0.0000000000
103  -5.886  -87.414  6.910 0.0000000000
409  -4.101  -86.117  6.329 0.0000000000
625  -1.480  -85.441  7.286 0.0000000000
1598  -0.702  -82.770  8.742 0.0000000000
1986  -9.093  -81.097  6.299 0.0000000000
1982  -4.724  -81.769  5.880 0.0000000000
132601  0.176  -79.442  9.087 0.0000000000
4268  0.622  -76.836  7.383 0.0000000000
131260  2.303  -74.840  5.641 0.0000000000
132829  4.288  -72.879  3.133 0.0000000000
10102  -3.524  -68.287  3.507 0.0000000000
8431  2.053  -70.103  5.236 0.0000000000
136651  5.483  -71.136  -0.147 0.0000000000
10165  6.227  -68.774  -2.995 0.0000000000
12503  6.869  -65.513  -3.311 0.0000000000
137015  6.395  -62.596  -1.229 0.0000000000
20630  -4.468  -56.886  10.485 0.0000000000
21578  -1.533  -54.926  11.152 0.0000000000
16888  -2.392  -60.684  10.562 0.0000000000
14991  0.619  -63.355  9.936 0.0000000000
14147  5.143  -62.898  6.216 0.0000000000
17010  4.756  -59.521  2.502 0.0000000000
135780  3.402  -58.240  5.020 0.0000000000
21604  3.883  -55.382  7.278 0.0000000000
21633  6.372  -55.517  4.387 0.0000000000
18831  10.980  -58.508  6.607 0.0000000000
17959  8.897  -59.224  2.836 0.0000000000
21686  8.236  -55.347  1.430 0.0000000000
22810  11.172  -54.704  -0.626 0.0000000000
24945  13.656  -52.864  -1.190 0.0000000000
28021  17.603  -49.992  -2.484 0.0000000000
28965  22.219  -47.990  -0.113 0.0000000000
30960  22.189  -46.573  -2.616 0.0000000000
164  -5.071  -88.796  -9.212 0.0000000000
1402  -5.130  -83.714  -7.374 0.0000000000
786  -4.138  -86.081  -11.738 0.0000000000
190  -1.761  -87.706  -13.859 0.0000000000
5029  2.052  -75.043  -7.555 0.0000000000
2567  2.257  -79.878  -11.973 0.0000000000
2211  1.940  -81.311  -16.829 0.0000000000
1457  -4.289  -84.263  -15.064 0.0000000000
1848  -0.986  -82.760  -19.043 0.0000000000
2676  1.350  -81.356  -22.004 0.0000000000
3574  3.178  -78.060  -26.292 0.0000000000
17040  -6.069  -59.998  1.059 0.0000000000
17064  -10.292  -60.673  -0.460 0.0000000000
139141  -10.721  -58.342  -3.943 0.0000000000
19940  -9.700  -56.792  -9.377 0.0000000000
14259  2.100  -62.447  -3.115 0.0000000000
14280  -0.085  -62.570  -3.372 0.0000000000
15177  -0.182  -62.352  -1.942 0.0000000000
28989  15.510  -48.570  -0.695 0.0000000000
28968  14.350  -48.108  0.063 0.0000000000
29949  16.280  -47.189  0.247 0.0000000000
2437  1.016  -80.801  1.125 0.0000000000
2874  0.926  -79.635  -1.642 0.0000000000
3362  2.117  -78.901  -0.608 0.0000000000
7044  1.409  -72.612  -0.996 0.0000000000
7047  -1.401  -72.708  -0.520 0.0000000000
7766  -0.419  -71.624  -1.597 0.0000000000
14342  -10.293  -63.086  -8.320 0.0000000000
11739  -11.553  -64.844  -7.773 0.0000000000
13446  -11.002  -64.289  -9.844 0.0000000000
13462  -11.016  -64.259  -11.518 0.0000000000
15276  -10.370  -61.409  -11.432 0.0000000000
25860  3.857  -51.680  6.082 0.0000000000
26857  1.852  -50.533  5.968 0.0000000000
26875  3.510  -50.296  5.036 0.0000000000
35440  7.497  -40.012  5.034 0.0000000000
35433  5.461  -40.443  6.572 0.0000000000
4941  -9.028  -75.376  0.725 0.0000000000
6289  -7.610  -73.365  0.850 0.0000000000
6277  -5.680  -73.464  2.370 0.0000000000
7734  -7.166  -71.473  0.861 0.0000000000
15045  -3.596  -62.698  5.140 0.0000000000
126732  -2.527  -64.893  3.769 0.0000000000
13265  -1.473  -65.051  5.377 0.0000000000
12417  0.407  -65.518  3.859 0.0000000000
14151  -1.731  -64.103  6.765 0.0000000000
143038  7.249  -52.311  10.201 0.0000000000
23701  5.375  -53.254  10.926 0.0000000000
22614  5.986  -54.872  11.191 0.0000000000
124226  5.171  -57.248  12.119 0.0000000000
20627  6.941  -56.286  11.206 0.0000000000
19702  7.859  -57.859  10.607 0.0000000000
20639  8.666  -56.278  9.962 0.0000000000
21668  16.614  -55.582  2.724 0.0000000000
19787  15.308  -57.362  2.182 0.0000000000
21685  17.055  -56.053  2.015 0.0000000000
20750  16.995  -56.078  0.199 0.0000000000
23831  18.593  -53.494  2.202 0.0000000000
676  -7.379  -86.149  1.402 0.0000000000
131130  -7.370  -84.439  -1.420 0.0000000000
1333  -8.690  -83.192  -0.718 0.0000000000
1803  4.979  -82.463  -14.600 0.0000000000
1444  3.879  -83.581  -13.920 0.0000000000
134049  5.122  -81.806  -16.849 0.0000000000
1847  4.814  -82.050  -18.685 0.0000000000
3090  5.259  -79.761  -19.194 0.0000000000
2936  -5.776  -79.262  -6.762 0.0000000000
2515  -4.034  -80.158  -7.746 0.0000000000
2530  -5.406  -81.072  -8.299 0.0000000000
26846  -8.410  -50.743  7.816 0.0000000000
24825  -9.453  -52.671  5.938 0.0000000000
11007  1.699  -67.402  -6.190 0.0000000000
10988  -0.640  -68.561  -5.822 0.0000000000
131645  0.140  -66.080  -7.383 0.0000000000
14295  -3.685  -62.552  -4.847 0.0000000000
129871  -4.063  -63.790  -7.339 0.0000000000
120485  -5.930  -62.550  -5.101 0.0000000000
15220  -7.288  -62.385  -6.122 0.0000000000
121719  -8.002  -62.904  -3.658 0.0000000000
128726  8.647  -51.152  0.581 0.0000000000
139420  7.080  -49.266  1.818 0.0000000000
28974  8.903  -49.113  1.153 0.0000000000
30878  12.253  -46.190  3.191 0.0000000000
30880  10.034  -46.737  3.189 0.0000000000
31748  11.946  -45.051  4.675 0.0000000000
32631  10.634  -42.657  5.650 0.0000000000
33502  12.774  -42.442  4.866 0.0000000000
17923  -9.906  -59.214  5.262 0.0000000000
16973  -7.398  -59.682  5.054 0.0000000000
27865  7.296  -49.320  6.387 0.0000000000
26874  8.573  -49.729  3.971 0.0000000000
128371  8.895  -52.015  4.363 0.0000000000
26873  10.330  -50.210  2.757 0.0000000000
1666  -3.967  -82.524  1.423 0.0000000000
2449  -4.475  -80.885  -1.145 0.0000000000
2448  -3.237  -81.100  -1.144 0.0000000000
3417  1.861  -78.830  -6.103 0.0000000000
2934  0.834  -79.834  -5.851 0.0000000000
2954  3.305  -79.715  -7.984 0.0000000000
2122  3.623  -81.365  -9.606 0.0000000000
2536  4.872  -79.911  -9.986 0.0000000000
5771  -10.400  -74.705  -14.006 0.0000000000
4475  -8.869  -76.716  -13.112 0.0000000000
139556  21.487  -43.088  -3.089 0.0000000000
128912  18.880  -43.728  -2.588 0.0000000000
3814  0.462  -77.844  3.609 0.0000000000
4338  -1.049  -78.295  0.774 0.0000000000
3817  -2.184  -78.078  3.125 0.0000000000
5620  -5.569  -75.513  -0.195 0.0000000000
4968  -4.457  -77.046  -0.875 0.0000000000
126642  -6.372  -76.862  -1.671 0.0000000000
4379  -5.883  -76.344  -4.379 0.0000000000
4987  -8.036  -76.174  -2.352 0.0000000000
10220  -5.288  -68.306  -5.403 0.0000000000
9370  -4.631  -69.297  -3.846 0.0000000000
10199  -7.481  -68.502  -4.025 0.0000000000
10251  -11.440  -68.956  -7.716 0.0000000000
8573  -10.311  -70.095  -4.578 0.0000000000
7832  -9.782  -71.165  -7.077 0.0000000000
7125  -8.681  -72.982  -6.607 0.0000000000
128664  -11.025  -72.307  -8.282 0.0000000000
6419  -11.551  -73.394  -10.278 0.0000000000
8639  -12.085  -70.853  -11.531 0.0000000000
19792  1.277  -57.919  2.442 0.0000000000
18885  -0.543  -58.568  2.544 0.0000000000
20688  -0.766  -56.212  4.203 0.0000000000
25843  -1.644  -51.209  7.872 0.0000000000
23745  -2.866  -53.322  7.590 0.0000000000
25828  -3.511  -51.225  8.378 0.0000000000
25830  -5.238  -51.004  8.341 0.0000000000
28868  -3.488  -48.333  8.538 0.0000000000
31738  3.494  -45.493  3.963 0.0000000000
30857  2.403  -46.189  4.738 0.0000000000
32638  2.712  -44.358  4.641 0.0000000000
33486  -0.202  -43.150  8.185 0.0000000000
32735  14.676  -43.847  -1.558 0.0000000000
33564  16.606  -42.835  0.922 0.0000000000
34483  15.866  -41.392  0.402 0.0000000000
33586  11.334  -43.318  -0.821 0.0000000000
33566  13.312  -43.241  0.696 0.0000000000
31817  11.290  -45.230  -0.382 0.0000000000
32678  11.135  -44.604  1.612 0.0000000000
31797  9.996  -45.617  -0.072 0.0000000000
126506  -5.182  -87.774  14.021 0.0000000000
77  -5.028  -88.873  10.519 0.0000000000
210  -5.819  -88.195  10.352 0.0000000000
410  -5.306  -85.891  6.231 0.0000000000
383  -5.635  -86.250  9.443 0.0000000000
1238  -6.668  -84.156  9.591 0.0000000000
614  -3.349  -85.251  9.583 0.0000000000
1235  -3.484  -83.761  9.290 0.0000000000
915  -0.721  -83.849  7.974 0.0000000000
1585  -2.634  -82.680  9.101 0.0000000000
3344  -5.921  -78.558  3.175 0.0000000000
2421  -5.627  -80.982  3.963 0.0000000000
2837  -4.003  -79.495  5.290 0.0000000000
2812  -2.568  -80.164  8.239 0.0000000000
3310  -2.332  -78.751  7.751 0.0000000000
3766  0.767  -78.145  8.420 0.0000000000
3783  -1.896  -77.185  7.205 0.0000000000
6997  -2.199  -73.265  4.860 0.0000000000
4894  -0.682  -74.978  6.035 0.0000000000
6236  0.147  -73.581  5.374 0.0000000000
5557  4.101  -74.183  3.975 0.0000000000
139958  2.208  -72.393  5.248 0.0000000000
12476  -6.903  -65.751  -0.516 0.0000000000
10122  -5.594  -67.653  1.413 0.0000000000
11646  -4.247  -66.448  0.980 0.0000000000
140242  1.758  -67.391  3.037 0.0000000000
10085  0.871  -68.107  4.692 0.0000000000
10082  4.056  -68.893  4.129 0.0000000000
8459  4.959  -70.724  3.014 0.0000000000
136925  6.175  -70.183  1.380 0.0000000000
8505  6.097  -69.995  -1.774 0.0000000000
9293  6.731  -69.360  0.473 0.0000000000
12453  4.792  -64.925  0.739 0.0000000000
11681  7.446  -66.318  -1.700 0.0000000000
13346  7.063  -65.122  -0.807 0.0000000000
13358  6.168  -63.958  -3.039 0.0000000000
13316  6.634  -64.114  0.956 0.0000000000
25804  -5.337  -51.516  10.444 0.0000000000
22654  -5.548  -54.478  9.565 0.0000000000
23711  -4.288  -53.335  10.336 0.0000000000
28830  2.372  -48.316  10.350 0.0000000000
22618  0.894  -54.719  11.497 0.0000000000
23706  0.178  -53.693  11.205 0.0000000000
20615  -0.840  -56.226  11.642 0.0000000000
19696  -2.510  -57.345  11.644 0.0000000000
17832  -1.538  -59.391  12.604 0.0000000000
14978  -1.366  -62.292  10.670 0.0000000000
15897  -0.666  -61.493  12.640 0.0000000000
16886  2.752  -61.498  10.369 0.0000000000
15000  2.476  -62.900  9.226 0.0000000000
15976  4.361  -61.811  6.800 0.0000000000
16010  5.917  -61.441  4.680 0.0000000000
16969  4.404  -60.155  5.712 0.0000000000
144810  4.238  -58.852  3.401 0.0000000000
17903  3.158  -59.398  6.904 0.0000000000
18818  6.159  -59.207  7.237 0.0000000000
18820  4.204  -57.966  7.930 0.0000000000
19741  5.695  -57.408  6.050 0.0000000000
20671  5.635  -55.740  5.816 0.0000000000
19759  6.651  -57.285  4.421 0.0000000000
21608  10.485  -55.511  5.540 0.0000000000
20665  10.904  -56.813  6.815 0.0000000000
124317  11.619  -57.908  5.695 0.0000000000
17046  12.080  -60.238  0.937 0.0000000000
17027  10.883  -60.313  1.896 0.0000000000
17997  10.016  -59.104  0.802 0.0000000000
19804  8.720  -57.115  1.491 0.0000000000
19814  9.630  -57.323  0.295 0.0000000000
21699  9.311  -55.363  0.210 0.0000000000
20769  10.860  -56.354  -0.478 0.0000000000
22837  16.516  -54.661  -1.542 0.0000000000
125300  14.317  -54.279  -1.258 0.0000000000
143740  16.254  -53.421  -1.880 0.0000000000
26003  15.633  -51.828  -1.768 0.0000000000
26018  18.310  -51.252  -2.207 0.0000000000
29986  22.383  -47.140  -1.695 0.0000000000
32743  23.247  -44.576  -2.357 0.0000000000
1025  -5.511  -84.530  -4.527 0.0000000000
718  -5.027  -86.125  -4.078 0.0000000000
480  -5.966  -86.817  -4.744 0.0000000000
287  -6.214  -87.829  -7.788 0.0000000000
2091  -3.711  -81.586  -5.226 0.0000000000
1719  -5.805  -82.191  -5.888 0.0000000000
1388  -3.111  -83.150  -6.794 0.0000000000
140177  -0.557  -85.607  -13.429 0.0000000000
772  -1.966  -85.314  -11.029 0.0000000000
796  -2.265  -86.061  -13.182 0.0000000000
328  -3.923  -87.011  -13.727 0.0000000000
346  -1.956  -86.818  -15.544 0.0000000000
352  -0.433  -86.675  -16.693 0.0000000000
137621  -0.168  -86.008  -17.661 0.0000000000
2248  6.303  -81.633  -22.789 0.0000000000
6358  0.702  -73.261  -3.891 0.0000000000
6387  2.090  -73.883  -5.101 0.0000000000
5021  0.444  -74.581  -7.001 0.0000000000
2570  -0.343  -80.604  -10.912 0.0000000000
2987  0.719  -79.297  -10.372 0.0000000000
2161  0.955  -81.195  -12.628 0.0000000000
138552  2.485  -80.631  -13.572 0.0000000000
2202  0.734  -82.033  -15.318 0.0000000000
2166  -6.613  -81.119  -12.847 0.0000000000
1435  -6.094  -83.337  -12.499 0.0000000000
122615  -3.164  -80.696  -20.982 0.0000000000
1856  -3.419  -82.056  -19.782 0.0000000000
2244  -2.147  -81.925  -21.629 0.0000000000
2243  0.106  -82.207  -20.813 0.0000000000
144921  -0.071  -81.389  -23.272 0.0000000000
122990  2.004  -80.579  -24.057 0.0000000000
131077  0.782  -78.895  -25.225 0.0000000000
143083  -3.815  -58.682  3.527 0.0000000000
17037  -3.682  -60.480  1.467 0.0000000000
18887  -5.954  -58.712  2.843 0.0000000000
20743  -10.433  -56.746  2.044 0.0000000000
18901  -9.465  -58.604  1.762 0.0000000000
19820  -10.575  -58.207  0.725 0.0000000000
18938  -11.096  -59.364  -1.452 0.0000000000
141347  -10.435  -57.294  -1.745 0.0000000000
13386  2.884  -64.661  -5.670 0.0000000000
125915  0.026  -64.559  -7.358 0.0000000000
14299  0.306  -63.088  -5.476 0.0000000000
14293  -1.999  -62.549  -4.458 0.0000000000
15199  -3.870  -62.617  -3.163 0.0000000000
26967  11.819  -50.378  -0.556 0.0000000000
28972  10.516  -48.659  0.714 0.0000000000
28970  12.434  -48.339  0.229 0.0000000000
29936  12.733  -47.083  1.500 0.0000000000
30876  14.284  -45.734  3.207 0.0000000000
1664  -1.253  -82.534  1.725 0.0000000000
2455  -1.573  -80.634  -1.545 0.0000000000
2875  -0.067  -79.796  -2.014 0.0000000000
3376  -0.030  -77.021  -3.540 0.0000000000
3882  2.981  -77.246  -6.375 0.0000000000
4938  1.771  -75.788  1.705 0.0000000000
125080  -1.910  -76.013  2.543 0.0000000000
5604  -1.147  -74.199  1.071 0.0000000000
132490  -2.781  -73.489  0.334 0.0000000000
7068  -4.497  -73.173  -1.557 0.0000000000
11722  -8.834  -65.667  -6.068 0.0000000000
10996  -9.638  -67.279  -4.414 0.0000000000
11724  -11.243  -66.290  -5.504 0.0000000000
11029  -11.802  -67.378  -7.232 0.0000000000
144906  -12.044  -67.596  -10.013 0.0000000000
120903  -12.315  -68.691  -11.583 0.0000000000
12607  -11.779  -65.723  -12.383 0.0000000000
13485  -10.908  -64.355  -13.513 0.0000000000
15353  -9.099  -62.243  -15.278 0.0000000000
22705  1.875  -54.008  4.447 0.0000000000
22707  -0.346  -54.206  4.860 0.0000000000
24804  0.395  -51.836  5.607 0.0000000000
26860  -0.177  -50.633  6.810 0.0000000000
27867  -0.559  -49.074  7.103 0.0000000000
140452  5.656  -43.217  5.770 0.0000000000
33509  3.847  -43.293  5.189 0.0000000000
34410  4.772  -41.741  6.825 0.0000000000
35417  3.226  -40.829  7.045 0.0000000000
36443  14.268  -40.532  -0.577 0.0000000000
36459  12.390  -39.895  -1.239 0.0000000000
129124  -6.177  -85.663  12.436 0.0000000000
1559  -7.637  -82.677  12.503 0.0000000000
1225  -8.155  -82.694  10.957 0.0000000000
1590  -8.644  -82.797  8.953 0.0000000000
4333  -10.036  -76.874  0.975 0.0000000000
3818  -7.678  -77.953  1.697 0.0000000000
124902  -5.362  -76.969  3.958 0.0000000000
4296  -3.849  -76.568  5.634 0.0000000000
4910  -4.973  -75.304  4.010 0.0000000000
128216  -4.529  -73.227  3.469 0.0000000000
7700  -3.137  -71.766  4.230 0.0000000000
14205  -4.762  -63.645  2.266 0.0000000000
12462  -2.939  -66.124  0.661 0.0000000000
13302  -2.734  -65.009  1.927 0.0000000000
11642  -0.301  -66.437  1.685 0.0000000000
10917  2.899  -66.993  1.890 0.0000000000
128656  5.358  -67.018  1.143 0.0000000000
129202  2.834  -66.259  1.692 0.0000000000
12423  2.778  -65.210  2.968 0.0000000000
12416  3.343  -65.002  3.909 0.0000000000
27828  5.568  -49.054  9.636 0.0000000000
26796  3.487  -50.097  10.576 0.0000000000
25798  4.456  -51.601  10.690 0.0000000000
23687  3.163  -53.893  11.385 0.0000000000
20599  2.047  -56.616  12.375 0.0000000000
17822  0.843  -59.795  13.524 0.0000000000
135487  3.287  -57.975  13.019 0.0000000000
17828  4.247  -59.590  12.850 0.0000000000
17853  4.937  -60.485  10.946 0.0000000000
130057  2.332  -59.591  8.985 0.0000000000
17851  6.519  -59.842  10.373 0.0000000000
17862  7.750  -59.445  9.762 0.0000000000
17887  8.808  -59.786  7.747 0.0000000000
20702  12.953  -56.840  3.440 0.0000000000
131272  12.476  -58.308  4.167 0.0000000000
18861  13.612  -58.355  2.777 0.0000000000
17976  13.888  -59.208  0.938 0.0000000000
18921  13.612  -58.551  -0.340 0.0000000000
19843  13.181  -56.891  -0.720 0.0000000000
19841  15.200  -57.059  -0.559 0.0000000000
21714  17.155  -55.344  -0.690 0.0000000000
24916  18.917  -52.811  -0.255 0.0000000000
998  -3.674  -84.163  -0.364 0.0000000000
1342  -5.290  -83.967  -1.343 0.0000000000
1686  -6.147  -82.959  -2.618 0.0000000000
1383  -7.378  -83.652  -5.363 0.0000000000
1415  1.156  -83.243  -9.817 0.0000000000
1418  -1.326  -83.975  -9.149 0.0000000000
1073  1.418  -84.375  -11.736 0.0000000000
134748  2.270  -84.659  -14.144 0.0000000000
1102  2.325  -84.462  -15.794 0.0000000000
1115  1.528  -84.544  -18.304 0.0000000000
1490  3.927  -82.875  -18.883 0.0000000000
1859  5.380  -81.739  -20.902 0.0000000000
3112  6.398  -79.875  -23.918 0.0000000000
4401  -2.000  -76.305  -6.517 0.0000000000
4418  -0.965  -76.734  -7.358 0.0000000000
3438  -2.465  -78.634  -7.424 0.0000000000
2540  -2.245  -80.845  -9.291 0.0000000000
2154  -1.882  -82.168  -11.454 0.0000000000
21615  -6.393  -55.362  5.737 0.0000000000
19766  -7.485  -57.175  4.178 0.0000000000
21629  -8.234  -55.041  5.466 0.0000000000
22752  -10.323  -54.947  4.184 0.0000000000
9343  1.494  -70.129  -4.056 0.0000000000
8542  -0.423  -70.185  -3.246 0.0000000000
10192  -0.766  -69.319  -4.733 0.0000000000
10990  -3.026  -68.391  -5.758 0.0000000000
11013  -4.717  -67.225  -7.062 0.0000000000
129939  -1.834  -64.483  -7.631 0.0000000000
131702  -4.174  -65.152  -7.707 0.0000000000
11734  -6.599  -66.069  -7.210 0.0000000000
130140  -7.677  -64.486  -7.160 0.0000000000
15227  -9.082  -62.509  -6.958 0.0000000000
16144  -11.120  -62.082  -6.717 0.0000000000
25906  5.408  -51.103  3.057 0.0000000000
27914  3.970  -49.594  3.807 0.0000000000
129799  5.590  -49.593  2.526 0.0000000000
30885  5.305  -47.294  2.849 0.0000000000
31774  6.480  -46.288  3.424 0.0000000000
30897  9.009  -47.751  2.249 0.0000000000
31772  8.128  -46.592  3.387 0.0000000000
141429  7.363  -45.403  4.336 0.0000000000
33505  8.242  -43.558  5.602 0.0000000000
33491  9.544  -41.673  5.790 0.0000000000
35449  8.932  -40.510  4.550 0.0000000000
14226  -8.174  -63.310  0.765 0.0000000000
16052  -10.138  -61.742  2.578 0.0000000000
15097  -6.756  -62.617  2.122 0.0000000000
16034  -6.430  -61.669  3.448 0.0000000000
16013  -5.343  -61.300  4.591 0.0000000000
16955  -4.556  -60.516  6.246 0.0000000000
28850  6.738  -48.807  8.070 0.0000000000
26820  7.932  -50.516  8.510 0.0000000000
127332  8.570  -52.046  8.690 0.0000000000
22664  9.338  -54.559  8.843 0.0000000000
138568  9.128  -52.970  6.771 0.0000000000
23757  9.543  -53.871  5.374 0.0000000000
22721  10.388  -54.389  3.230 0.0000000000
23801  12.722  -52.688  1.617 0.0000000000
142683  11.751  -55.375  2.694 0.0000000000
21650  14.643  -54.975  2.693 0.0000000000
22740  15.718  -54.429  3.376 0.0000000000
1319  -6.861  -82.699  2.360 0.0000000000
2055  -7.548  -81.044  -0.429 0.0000000000
2054  -6.492  -80.974  -0.495 0.0000000000
2470  -4.705  -80.175  -3.342 0.0000000000
2089  -1.779  -81.582  -5.397 0.0000000000
3379  -2.203  -78.613  -3.969 0.0000000000
2510  -0.220  -81.053  -5.773 0.0000000000
1732  0.121  -82.191  -7.794 0.0000000000
1745  2.328  -82.365  -9.608 0.0000000000
2160  5.232  -81.988  -12.192 0.0000000000
3035  5.281  -79.929  -14.985 0.0000000000
3927  -9.440  -77.856  -8.981 0.0000000000
139015  -7.904  -80.956  -8.872 0.0000000000
3487  -8.676  -78.531  -11.351 0.0000000000
3495  -7.358  -78.839  -12.739 0.0000000000
30941  18.084  -46.457  -2.299 0.0000000000
31847  16.575  -46.544  -0.969 0.0000000000
139277  17.366  -45.470  -2.054 0.0000000000
126425  16.343  -44.995  -2.213 0.0000000000
2852  0.797  -79.909  3.802 0.0000000000
3358  2.016  -78.376  -0.139 0.0000000000
4336  0.820  -77.668  -0.004 0.0000000000
5629  0.520  -74.777  -1.824 0.0000000000
6344  -0.547  -74.002  -2.999 0.0000000000
4345  -3.496  -77.215  0.516 0.0000000000
5645  -1.987  -75.196  -2.396 0.0000000000
5684  -2.558  -74.478  -4.912 0.0000000000
4390  -4.559  -76.076  -5.214 0.0000000000
133563  -6.984  -77.669  -5.324 0.0000000000
3889  -9.071  -78.139  -5.624 0.0000000000
7787  -2.388  -70.852  -3.012 0.0000000000
7789  -4.185  -71.714  -3.444 0.0000000000
7090  -7.053  -72.391  -3.412 0.0000000000
10179  -9.501  -68.936  -3.145 0.0000000000
7794  -9.873  -71.609  -3.645 0.0000000000
6364  -9.035  -73.773  -2.692 0.0000000000
139136  -9.926  -74.635  -4.119 0.0000000000
5025  -9.347  -76.241  -5.445 0.0000000000
4420  -9.326  -76.445  -7.753 0.0000000000
131301  -10.310  -75.885  -9.307 0.0000000000
135550  -11.583  -73.741  -12.300 0.0000000000
7192  -11.247  -73.051  -14.521 0.0000000000
124314  -12.231  -69.733  -13.660 0.0000000000
16074  1.594  -60.681  -0.062 0.0000000000
16076  -0.092  -61.208  -0.147 0.0000000000
17034  -0.587  -60.124  1.242 0.0000000000
18868  -2.591  -58.374  3.742 0.0000000000
19751  -3.992  -57.119  5.224 0.0000000000
22709  -1.790  -55.141  5.930 0.0000000000
140342  -3.216  -55.559  6.540 0.0000000000
21613  -4.812  -55.268  6.488 0.0000000000
24788  -5.958  -52.467  7.643 0.0000000000
25831  -6.278  -50.977  8.311 0.0000000000
28918  2.166  -48.274  5.411 0.0000000000
29886  0.914  -47.682  5.820 0.0000000000
29889  -1.072  -46.754  6.780 0.0000000000
132845  1.508  -43.194  6.121 0.0000000000
31721  -1.133  -45.069  6.767 0.0000000000
30825  -2.486  -46.127  8.265 0.0000000000
30808  -4.441  -46.035  9.326 0.0000000000
31793  16.593  -45.624  0.989 0.0000000000
31763  16.712  -44.565  2.482 0.0000000000
32662  15.735  -44.163  3.401 0.0000000000
34476  14.167  -41.458  0.714 0.0000000000
135025  14.625  -43.421  2.154 0.0000000000
32664  14.440  -43.672  3.933 0.0000000000
33531  11.718  -42.466  3.495 0.0000000000
33532  10.504  -42.404  3.133 0.0000000000
121  -4.389  -88.339  3.251 0.0000000000
234  -6.332  -87.438  3.051 0.0000000000
80  -3.656  -88.760  9.797 0.0000000000
102  -5.134  -88.415  6.805 0.0000000000
653  -7.238  -85.456  4.305 0.0000000000
951  -6.294  -83.947  4.126 0.0000000000
950  -4.802  -84.096  3.759 0.0000000000
949  -3.376  -84.526  3.806 0.0000000000
140403  -4.454  -85.808  9.673 0.0000000000
629  -2.274  -85.978  6.150 0.0000000000
948  -2.065  -84.412  3.851 0.0000000000
1277  -0.689  -83.906  4.616 0.0000000000
1632  0.211  -83.106  5.175 0.0000000000
135264  0.815  -82.145  6.122 0.0000000000
1623  -8.428  -82.616  6.629 0.0000000000
2428  -9.021  -80.905  3.201 0.0000000000
1994  -6.936  -82.428  5.009 0.0000000000
1612  -5.737  -82.888  6.882 0.0000000000
1960  -2.592  -81.456  8.830 0.0000000000
121276  0.083  -81.097  9.147 0.0000000000
2403  1.456  -80.892  6.652 0.0000000000
138222  2.132  -79.724  7.541 0.0000000000
140852  2.781  -78.711  6.363 0.0000000000
3790  3.573  -77.288  5.711 0.0000000000
4282  -0.873  -76.297  6.850 0.0000000000
4280  1.957  -76.247  6.769 0.0000000000
4305  3.868  -76.464  4.218 0.0000000000
4918  4.327  -75.200  2.850 0.0000000000
6288  4.122  -74.007  0.907 0.0000000000
7034  4.081  -72.980  -0.332 0.0000000000
9276  -6.127  -69.438  1.801 0.0000000000
9268  -4.645  -69.442  3.184 0.0000000000
127108  -2.620  -70.374  4.442 0.0000000000
10893  -1.733  -67.418  2.629 0.0000000000
137594  -0.458  -69.125  5.039 0.0000000000
8432  0.371  -70.799  5.260 0.0000000000
129142  3.278  -71.577  4.926 0.0000000000
126471  4.711  -71.982  1.745 0.0000000000
129975  3.865  -71.773  -1.920 0.0000000000
8538  4.074  -70.354  -3.267 0.0000000000
9361  3.907  -69.171  -4.409 0.0000000000
10969  4.668  -67.603  -4.652 0.0000000000
10132  7.016  -67.920  -0.321 0.0000000000
10963  6.681  -67.104  -3.409 0.0000000000
11706  4.572  -66.371  -4.880 0.0000000000
13380  4.445  -64.599  -4.578 0.0000000000
14256  4.466  -62.938  -2.881 0.0000000000
15148  4.543  -62.111  -1.514 0.0000000000
18810  -5.231  -57.960  8.187 0.0000000000
17880  -4.175  -59.552  8.333 0.0000000000
133167  -1.935  -49.830  10.308 0.0000000000
134451  1.360  -51.013  10.660 0.0000000000
125411  -0.983  -51.439  10.429 0.0000000000
125410  -2.238  -52.108  10.428 0.0000000000
20628  -2.939  -55.793  11.048 0.0000000000
18789  -3.771  -58.433  10.750 0.0000000000
16921  -2.822  -61.008  8.585 0.0000000000
15002  -1.659  -62.881  8.597 0.0000000000
13232  0.737  -64.496  7.378 0.0000000000
13260  3.705  -64.548  5.729 0.0000000000
14965  1.182  -62.632  11.296 0.0000000000
13230  2.777  -63.746  7.955 0.0000000000
13273  6.050  -63.869  3.873 0.0000000000
15095  6.695  -62.063  2.221 0.0000000000
138267  6.185  -60.919  1.195 0.0000000000
120263  3.504  -60.403  0.122 0.0000000000
17030  3.541  -59.387  1.468 0.0000000000
18882  2.688  -58.221  2.408 0.0000000000
132704  2.882  -57.182  4.124 0.0000000000
19721  2.438  -58.411  8.306 0.0000000000
145044  2.690  -57.318  6.205 0.0000000000
21622  2.640  -55.786  5.951 0.0000000000
23744  3.031  -53.886  6.668 0.0000000000
23781  5.509  -53.762  5.704 0.0000000000
22746  6.090  -53.976  3.961 0.0000000000
20647  9.627  -56.291  8.934 0.0000000000
18817  10.226  -58.822  7.591 0.0000000000
132319  9.551  -60.160  6.291 0.0000000000
17928  11.645  -59.774  4.084 0.0000000000
16985  9.652  -60.363  4.365 0.0000000000
17931  8.305  -59.320  4.055 0.0000000000
19774  7.496  -57.104  3.296 0.0000000000
21670  7.278  -55.465  2.770 0.0000000000
23833  6.473  -53.320  2.813 0.0000000000
126187  7.630  -53.254  1.522 0.0000000000
24900  8.808  -52.927  0.438 0.0000000000
123469  10.349  -52.402  -0.405 0.0000000000
21742  12.608  -55.540  -0.717 0.0000000000
22840  12.553  -54.240  -0.826 0.0000000000
131063  11.601  -51.851  -0.739 0.0000000000
25981  13.591  -51.079  -0.888 0.0000000000
26994  15.118  -50.326  -1.195 0.0000000000
29024  16.983  -49.315  -2.249 0.0000000000
25903  19.386  -51.478  3.115 0.0000000000
25917  19.588  -51.509  2.125 0.0000000000
134923  20.251  -50.535  1.089 0.0000000000
25957  20.008  -51.065  0.051 0.0000000000
29948  22.130  -47.985  0.720 0.0000000000
27982  20.734  -49.759  -0.647 0.0000000000
137170  20.904  -48.873  -1.866 0.0000000000
29020  20.427  -48.404  -2.543 0.0000000000
30004  18.831  -47.898  -2.940 0.0000000000
30974  21.237  -45.915  -3.363 0.0000000000
32759  22.305  -44.516  -3.174 0.0000000000
1013  -2.632  -84.087  -3.291 0.0000000000
474  -3.664  -86.816  -2.891 0.0000000000
2063  -8.118  -81.242  -2.611 0.0000000000
1720  -7.309  -82.594  -5.793 0.0000000000
1042  -6.149  -84.389  -7.772 0.0000000000
127817  -2.499  -84.342  -8.973 0.0000000000
1059  -3.929  -84.969  -9.423 0.0000000000
756  -6.372  -85.952  -8.875 0.0000000000
310  -5.469  -87.467  -10.535 0.0000000000
308  -4.318  -87.733  -11.518 0.0000000000
1121  2.422  -84.616  -20.112 0.0000000000
4355  2.581  -75.892  -2.542 0.0000000000
5011  2.640  -75.131  -5.800 0.0000000000
4433  3.705  -77.005  -8.342 0.0000000000
3920  0.812  -77.169  -8.736 0.0000000000
139087  2.658  -77.839  -10.022 0.0000000000
3479  4.010  -78.123  -10.435 0.0000000000
129130  4.788  -79.211  -12.464 0.0000000000
3037  4.064  -79.774  -14.654 0.0000000000
2627  3.598  -80.011  -16.965 0.0000000000
1748  -5.192  -82.648  -10.075 0.0000000000
126699  -3.545  -82.976  -11.530 0.0000000000
1806  -2.320  -83.372  -14.122 0.0000000000
1829  -4.579  -83.167  -17.244 0.0000000000
1841  -3.299  -83.667  -17.808 0.0000000000
126149  -0.757  -82.626  -16.400 0.0000000000
2223  0.354  -82.114  -17.759 0.0000000000
125673  1.253  -81.522  -19.168 0.0000000000
2658  2.847  -80.409  -19.496 0.0000000000
2674  3.207  -80.143  -21.828 0.0000000000
3122  3.722  -79.591  -24.706 0.0000000000
16096  -2.274  -61.971  -0.158 0.0000000000
144088  -4.259  -61.880  -0.447 0.0000000000
126269  -6.330  -61.506  -0.856 0.0000000000
17970  -7.394  -58.773  2.205 0.0000000000
17055  -7.536  -60.098  0.259 0.0000000000
16113  -8.068  -61.860  -1.345 0.0000000000
16123  -10.368  -62.055  -2.093 0.0000000000
17096  -11.669  -60.805  -4.193 0.0000000000
18054  -11.530  -59.692  -5.679 0.0000000000
120093  -10.387  -56.431  -3.720 0.0000000000
19887  -10.636  -57.842  -6.048 0.0000000000
125083  -10.633  -59.409  -9.386 0.0000000000
18128  -9.520  -58.661  -11.332 0.0000000000
135610  1.967  -61.916  -1.918 0.0000000000
15175  1.416  -62.244  -2.473 0.0000000000
122701  1.086  -61.917  -1.810 0.0000000000
28988  16.100  -48.292  -0.996 0.0000000000
29970  15.899  -47.795  -0.277 0.0000000000
29969  16.349  -47.560  -0.686 0.0000000000
120014  0.791  -81.233  3.056 0.0000000000
144358  1.385  -80.369  0.714 0.0000000000
2436  1.431  -80.153  1.307 0.0000000000
7062  0.975  -72.186  -1.384 0.0000000000
7063  -0.014  -72.153  -1.214 0.0000000000
7765  0.582  -71.629  -1.782 0.0000000000
14354  -10.384  -63.037  -9.133 0.0000000000
13426  -10.880  -64.061  -9.007 0.0000000000
123445  -10.352  -62.818  -9.985 0.0000000000
138532  -10.450  -62.673  -11.077 0.0000000000
16189  -10.594  -61.416  -10.305 0.0000000000
25878  4.305  -51.569  5.442 0.0000000000
26855  3.562  -50.897  5.616 0.0000000000
25893  4.030  -50.835  4.861 0.0000000000
7029  -9.305  -72.422  0.605 0.0000000000
7735  -8.341  -71.978  0.488 0.0000000000
133016  -7.415  -72.261  0.769 0.0000000000
8468  -7.458  -70.708  0.817 0.0000000000
15029  -3.465  -62.095  6.136 0.0000000000
14165  -2.681  -63.815  5.704 0.0000000000
14152  -2.487  -63.466  6.442 0.0000000000
14164  -2.071  -64.352  6.030 0.0000000000
23699  7.159  -53.604  10.525 0.0000000000
23700  6.249  -53.455  10.793 0.0000000000
22634  6.630  -54.393  10.901 0.0000000000
21562  6.403  -55.563  11.222 0.0000000000
21577  7.217  -55.350  10.883 0.0000000000
21576  8.031  -55.842  10.448 0.0000000000
21590  8.587  -55.265  9.963 0.0000000000
22739  17.407  -54.350  3.152 0.0000000000
21667  17.305  -55.413  2.355 0.0000000000
22761  17.763  -54.745  2.337 0.0000000000
22760  18.300  -54.183  2.029 0.0000000000
688  -7.899  -85.014  1.603 0.0000000000
987  -7.945  -85.086  0.483 0.0000000000
130290  -8.473  -83.941  0.521 0.0000000000
2199  5.583  -81.075  -15.550 0.0000000000
122914  5.300  -81.760  -15.919 0.0000000000
123266  5.569  -80.753  -17.112 0.0000000000
2220  5.586  -80.745  -17.819 0.0000000000
3080  5.277  -79.808  -18.210 0.0000000000
2938  -8.146  -79.458  -6.847 0.0000000000
2946  -6.390  -80.037  -7.229 0.0000000000
2518  -7.039  -80.677  -7.817 0.0000000000
10985  2.650  -67.340  -5.798 0.0000000000
132719  1.068  -66.927  -6.638 0.0000000000
11716  1.571  -66.338  -6.708 0.0000000000
15200  -4.837  -62.608  -3.501 0.0000000000
15210  -5.157  -62.577  -4.522 0.0000000000
15211  -6.166  -62.644  -4.319 0.0000000000
121991  -7.103  -62.810  -4.035 0.0000000000
122277  -7.234  -62.837  -3.271 0.0000000000
123050  9.332  -51.009  0.215 0.0000000000
27953  8.593  -49.758  0.973 0.0000000000
27966  9.353  -49.613  0.699 0.0000000000
31768  13.274  -45.441  4.129 0.0000000000
31769  12.125  -45.717  4.017 0.0000000000
31747  13.224  -44.753  4.701 0.0000000000
32647  11.783  -44.031  5.187 0.0000000000
32646  13.002  -43.866  5.069 0.0000000000
128756  9.066  -50.405  3.447 0.0000000000
2041  -3.720  -81.855  0.337 0.0000000000
2051  -2.807  -81.568  -0.159 0.0000000000
3435  3.152  -78.490  -7.015 0.0000000000
2942  2.822  -79.379  -7.286 0.0000000000
2523  3.749  -80.077  -8.683 0.0000000000
2965  4.492  -79.431  -9.272 0.0000000000
6458  -9.661  -74.337  -13.989 0.0000000000
5739  -9.112  -74.780  -13.421 0.0000000000
135309  22.132  -42.585  -2.944 0.0000000000
34506  20.958  -42.302  -2.720 0.0000000000
3813  1.685  -77.554  3.411 0.0000000000
4323  -1.359  -77.759  3.464 0.0000000000
4322  -0.073  -77.325  3.364 0.0000000000
6334  -6.437  -74.858  -1.015 0.0000000000
4970  -6.560  -76.297  -0.850 0.0000000000
124830  -7.025  -76.080  -1.236 0.0000000000
4986  -7.146  -76.577  -2.065 0.0000000000
5649  -8.102  -75.423  -2.107 0.0000000000
10221  -6.169  -68.311  -5.067 0.0000000000
10198  -6.318  -68.578  -4.306 0.0000000000
10971  -7.327  -68.167  -4.600 0.0000000000
9406  -11.617  -69.548  -8.321 0.0000000000
8593  -10.678  -70.091  -7.384 0.0000000000
8604  -11.303  -70.402  -8.116 0.0000000000
7833  -10.378  -71.783  -7.703 0.0000000000
7845  -11.756  -70.926  -8.868 0.0000000000
7860  -12.009  -71.272  -9.742 0.0000000000
126364  -12.196  -70.127  -10.680 0.0000000000
20706  1.516  -56.388  3.156 0.0000000000
19778  -0.112  -57.295  2.986 0.0000000000
21656  -0.065  -56.098  3.635 0.0000000000
27869  -1.990  -49.513  8.121 0.0000000000
25844  -2.591  -51.465  8.179 0.0000000000
130444  -2.685  -49.924  8.375 0.0000000000
125964  -3.422  -49.822  8.493 0.0000000000
27845  -2.944  -49.174  8.391 0.0000000000
32654  3.883  -44.739  3.985 0.0000000000
129057  3.222  -44.817  4.244 0.0000000000
32637  3.460  -44.097  4.531 0.0000000000
33591  14.471  -42.798  -1.486 0.0000000000
33583  15.350  -42.452  -0.573 0.0000000000
34484  15.121  -41.333  -0.532 0.0000000000
34487  10.735  -42.879  -1.045 0.0000000000
32718  11.391  -44.473  -0.778 0.0000000000
32719  10.682  -45.001  -1.077 0.0000000000
31818  10.397  -45.392  -0.595 0.0000000000
31849  9.913  -45.195  -1.196 0.0000000000
590  -5.644  -86.390  14.253 0.0000000000
125802  -5.338  -86.324  15.183 0.0000000000
121782  -5.554  -86.941  13.689 0.0000000000
120114  -5.424  -88.192  12.314 0.0000000000
142472  -5.673  -88.016  11.724 0.0000000000
384  -6.271  -87.093  9.962 0.0000000000
369  -5.938  -87.317  12.004 0.0000000000
123836  -6.852  -83.829  8.547 0.0000000000
1237  -5.182  -84.016  9.607 0.0000000000
1587  -4.485  -83.581  8.954 0.0000000000
143229  -3.041  -83.216  9.105 0.0000000000
1600  -4.674  -83.212  8.178 0.0000000000
3337  -4.757  -78.372  4.511 0.0000000000
2846  -4.633  -79.229  4.506 0.0000000000
2836  -3.513  -79.323  6.024 0.0000000000
3322  -3.255  -78.717  6.562 0.0000000000
3776  -2.162  -77.854  7.458 0.0000000000
3785  -3.339  -77.813  6.435 0.0000000000
124917  -1.815  -72.339  4.788 0.0000000000
6237  -0.743  -73.644  5.377 0.0000000000
6255  -0.434  -72.851  5.244 0.0000000000
121817  1.403  -72.537  5.290 0.0000000000
6994  0.747  -71.924  5.318 0.0000000000
13336  -6.066  -65.308  -0.131 0.0000000000
12474  -4.900  -66.346  0.327 0.0000000000
12464  -4.985  -65.761  0.088 0.0000000000
10889  2.973  -67.513  3.108 0.0000000000
10083  3.052  -67.978  4.098 0.0000000000
8446  5.145  -69.750  3.260 0.0000000000
9274  5.752  -69.056  2.667 0.0000000000
9282  6.467  -69.537  1.286 0.0000000000
9273  6.361  -68.899  1.830 0.0000000000
12433  5.116  -64.591  2.250 0.0000000000
13335  6.544  -65.134  -0.265 0.0000000000
135198  6.308  -64.705  0.343 0.0000000000
13334  6.858  -64.330  -0.042 0.0000000000
13300  6.209  -64.238  2.213 0.0000000000
123663  -4.929  -50.213  10.655 0.0000000000
125947  -4.256  -51.636  10.564 0.0000000000
24756  -4.805  -52.450  10.390 0.0000000000
124253  -3.785  -52.610  10.478 0.0000000000
28829  3.075  -47.920  9.995 0.0000000000
19693  0.233  -57.031  12.303 0.0000000000
21568  -0.189  -55.603  11.547 0.0000000000
19694  -0.680  -57.045  12.147 0.0000000000
18774  -1.571  -58.547  12.362 0.0000000000
18773  -0.866  -58.905  12.867 0.0000000000
16858  -1.176  -60.831  12.778 0.0000000000
17831  -0.830  -59.988  13.193 0.0000000000
16905  2.374  -61.052  9.581 0.0000000000
15962  3.090  -61.673  8.126 0.0000000000
15977  3.489  -61.224  7.405 0.0000000000
15994  4.021  -60.762  6.629 0.0000000000
16952  3.195  -60.211  7.255 0.0000000000
16970  3.720  -59.823  6.353 0.0000000000
16953  2.465  -59.721  7.866 0.0000000000
18834  6.554  -59.161  6.564 0.0000000000
18835  5.864  -58.302  6.540 0.0000000000
18844  6.313  -58.296  5.805 0.0000000000
141691  5.967  -57.386  5.495 0.0000000000
19749  6.476  -57.820  5.034 0.0000000000
21618  10.866  -55.926  4.990 0.0000000000
20664  10.973  -56.307  5.935 0.0000000000
20670  11.394  -56.558  5.123 0.0000000000
18906  11.414  -59.085  -0.119 0.0000000000
124700  10.863  -59.551  0.532 0.0000000000
18907  10.554  -58.638  0.192 0.0000000000
18908  9.799  -58.187  0.521 0.0000000000
19813  10.311  -57.749  -0.077 0.0000000000
19830  10.172  -56.895  -0.213 0.0000000000
19829  10.981  -57.222  -0.414 0.0000000000
23911  17.506  -53.703  -1.654 0.0000000000
137328  16.773  -53.903  -1.796 0.0000000000
24941  17.990  -52.913  -1.805 0.0000000000
129448  17.257  -52.189  -2.207 0.0000000000
26000  18.827  -51.725  -1.673 0.0000000000
737  -6.842  -84.966  -5.673 0.0000000000
729  -6.293  -85.826  -5.146 0.0000000000
139218  -6.298  -86.466  -5.497 0.0000000000
285  -6.256  -87.669  -6.617 0.0000000000
123388  -6.445  -86.690  -7.330 0.0000000000
1725  -2.179  -82.736  -6.589 0.0000000000
129377  -2.816  -82.627  -6.222 0.0000000000
1735  -2.285  -83.237  -7.271 0.0000000000
808  0.022  -85.488  -14.996 0.0000000000
804  -1.367  -85.822  -13.390 0.0000000000
803  -1.430  -85.906  -14.344 0.0000000000
535  -2.093  -86.518  -15.274 0.0000000000
815  -0.881  -85.833  -16.184 0.0000000000
825  -1.076  -86.329  -16.574 0.0000000000
824  -0.454  -85.815  -17.124 0.0000000000
6390  -0.284  -73.546  -5.305 0.0000000000
6389  0.621  -73.422  -5.307 0.0000000000
5692  -0.115  -74.246  -6.414 0.0000000000
2163  -0.689  -81.961  -12.314 0.0000000000
2162  0.401  -81.105  -12.010 0.0000000000
2178  0.510  -81.773  -13.261 0.0000000000
138603  0.808  -81.831  -13.902 0.0000000000
1791  0.107  -82.261  -14.015 0.0000000000
2164  -5.708  -81.628  -13.600 0.0000000000
1796  -6.089  -82.498  -13.549 0.0000000000
3117  -2.130  -80.197  -22.974 0.0000000000
2254  -2.979  -81.029  -21.967 0.0000000000
2261  -2.273  -80.843  -22.882 0.0000000000
2259  -0.767  -81.565  -22.965 0.0000000000
2687  -0.990  -79.958  -24.257 0.0000000000
2691  -0.086  -79.684  -24.621 0.0000000000
3124  -0.430  -79.320  -24.480 0.0000000000
18855  -4.763  -57.903  4.232 0.0000000000
17948  -5.006  -58.874  2.978 0.0000000000
18871  -5.497  -58.230  3.591 0.0000000000
20756  -10.425  -56.324  1.238 0.0000000000
19819  -10.526  -57.309  1.252 0.0000000000
19837  -10.563  -57.333  0.149 0.0000000000
19851  -10.520  -57.337  -0.881 0.0000000000
13382  2.951  -63.793  -5.098 0.0000000000
13387  1.675  -63.763  -5.958 0.0000000000
14298  1.134  -63.201  -5.285 0.0000000000
14281  -0.937  -62.584  -3.438 0.0000000000
14291  -0.490  -62.626  -4.163 0.0000000000
14282  -1.726  -62.564  -3.575 0.0000000000
15207  -2.557  -62.542  -3.823 0.0000000000
128457  -3.148  -62.614  -2.808 0.0000000000
27986  12.328  -49.714  -0.433 0.0000000000
28993  11.905  -49.079  -0.120 0.0000000000
28992  12.811  -48.974  -0.213 0.0000000000
29951  15.008  -47.464  0.689 0.0000000000
29952  14.053  -47.551  0.746 0.0000000000
29934  14.733  -46.943  1.436 0.0000000000
30892  13.474  -46.490  2.377 0.0000000000
30891  14.446  -46.412  2.285 0.0000000000
2038  -0.413  -81.737  0.913 0.0000000000
2049  -0.550  -81.409  -0.004 0.0000000000
139165  -0.113  -80.906  -0.743 0.0000000000
2879  1.464  -78.944  -1.940 0.0000000000
132235  1.078  -78.307  -2.544 0.0000000000
3861  0.997  -76.346  -4.375 0.0000000000
3870  1.273  -76.651  -5.118 0.0000000000
4378  1.616  -76.028  -4.773 0.0000000000
5585  1.289  -75.124  1.253 0.0000000000
5586  0.251  -74.948  1.410 0.0000000000
5603  -0.163  -74.228  0.806 0.0000000000
6320  -1.838  -73.118  0.091 0.0000000000
7066  -2.740  -72.628  -1.104 0.0000000000
125980  -4.346  -73.468  -0.913 0.0000000000
7078  -3.739  -72.625  -2.029 0.0000000000
12526  -9.642  -64.830  -6.094 0.0000000000
11723  -10.038  -65.572  -5.471 0.0000000000
12527  -10.700  -64.967  -6.016 0.0000000000
12544  -11.780  -65.602  -8.752 0.0000000000
11737  -11.831  -66.627  -7.442 0.0000000000
11747  -11.871  -66.572  -9.413 0.0000000000
124140  -11.981  -67.946  -9.047 0.0000000000
11762  -11.918  -66.521  -10.473 0.0000000000
123868  -12.186  -67.208  -11.252 0.0000000000
139440  -10.385  -63.168  -12.727 0.0000000000
137417  -10.783  -63.934  -12.520 0.0000000000
14409  -10.386  -63.470  -13.614 0.0000000000
14428  -9.707  -62.929  -14.892 0.0000000000
15337  -9.334  -61.760  -14.558 0.0000000000
23783  2.276  -53.478  5.048 0.0000000000
23784  1.500  -53.201  4.762 0.0000000000
24803  1.285  -51.899  5.405 0.0000000000
26858  1.118  -49.924  6.063 0.0000000000
133762  1.100  -50.631  5.897 0.0000000000
27883  0.588  -49.403  6.326 0.0000000000
27884  -0.012  -49.736  6.764 0.0000000000
125191  0.113  -48.984  6.604 0.0000000000
135446  6.278  -42.455  6.367 0.0000000000
33495  5.323  -42.493  6.315 0.0000000000
34409  5.906  -41.252  6.983 0.0000000000
36381  4.014  -40.261  6.423 0.0000000000
132207  3.910  -40.623  6.865 0.0000000000
35523  12.565  -41.091  -2.322 0.0000000000
35494  10.585  -40.691  -0.519 0.0000000000
1183  -6.999  -83.410  13.277 0.0000000000
1940  -8.157  -81.561  10.666 0.0000000000
123957  -8.490  -82.710  9.906 0.0000000000
2377  -7.856  -80.900  9.907 0.0000000000
5575  -10.256  -75.616  1.043 0.0000000000
4932  -7.657  -75.593  1.370 0.0000000000
4331  -8.687  -76.456  0.961 0.0000000000
4324  -7.343  -76.644  1.822 0.0000000000
3808  -6.564  -77.184  2.601 0.0000000000
4315  -6.303  -76.204  2.763 0.0000000000
4307  -5.148  -76.167  4.158 0.0000000000
142111  -6.132  -75.622  2.842 0.0000000000
131897  -5.521  -72.084  2.124 0.0000000000
6267  -5.155  -73.742  3.043 0.0000000000
7008  -4.402  -72.363  3.276 0.0000000000
6999  -3.913  -72.797  3.908 0.0000000000
7710  -4.379  -71.375  3.191 0.0000000000
14192  -4.357  -63.329  3.185 0.0000000000
13293  -3.901  -64.046  2.543 0.0000000000
13292  -3.107  -64.544  2.934 0.0000000000
12427  -0.840  -65.433  3.427 0.0000000000
12428  -1.371  -65.427  2.174 0.0000000000
12439  -0.140  -65.859  1.968 0.0000000000
10918  1.294  -67.023  2.002 0.0000000000
11640  1.779  -66.356  2.012 0.0000000000
12456  2.267  -65.918  2.173 0.0000000000
12407  0.191  -65.365  4.927 0.0000000000
12424  1.973  -65.429  3.076 0.0000000000
134212  1.594  -65.381  4.103 0.0000000000
12422  3.507  -64.914  2.780 0.0000000000
12405  2.116  -65.211  5.020 0.0000000000
27808  6.001  -49.803  9.863 0.0000000000
128200  4.776  -49.976  10.345 0.0000000000
25797  5.337  -51.454  10.518 0.0000000000
23686  4.030  -54.426  11.501 0.0000000000
23702  3.915  -53.541  11.261 0.0000000000
22616  3.137  -54.531  11.624 0.0000000000
21566  2.638  -55.105  11.861 0.0000000000
20612  2.416  -55.920  12.120 0.0000000000
19680  2.680  -57.305  12.711 0.0000000000
20598  2.992  -56.626  12.380 0.0000000000
138757  5.672  -57.932  11.974 0.0000000000
124372  4.213  -58.384  12.827 0.0000000000
18781  5.000  -59.242  12.349 0.0000000000
17840  4.678  -60.289  11.962 0.0000000000
17839  5.447  -59.809  11.545 0.0000000000
17852  5.715  -60.160  10.614 0.0000000000
17838  6.205  -59.372  11.269 0.0000000000
140256  8.406  -57.787  10.171 0.0000000000
18787  7.599  -58.766  10.561 0.0000000000
18793  8.475  -59.215  9.340 0.0000000000
17874  7.695  -59.877  8.653 0.0000000000
18803  9.146  -58.911  8.912 0.0000000000
20701  13.512  -56.541  3.074 0.0000000000
19771  13.403  -57.431  3.264 0.0000000000
20721  14.086  -56.974  2.996 0.0000000000
19801  15.503  -57.630  1.314 0.0000000000
19802  14.863  -57.988  1.712 0.0000000000
18905  14.374  -58.614  0.494 0.0000000000
17993  13.801  -59.033  0.135 0.0000000000
18920  14.274  -58.384  -0.128 0.0000000000
18932  14.070  -57.936  -0.495 0.0000000000
19824  15.360  -57.437  -0.154 0.0000000000
22792  18.237  -54.241  0.329 0.0000000000
20765  16.894  -55.862  -0.391 0.0000000000
22793  17.693  -54.873  -0.282 0.0000000000
22807  18.008  -54.232  -0.655 0.0000000000
24898  19.144  -52.553  0.505 0.0000000000
437  -5.157  -87.798  0.944 0.0000000000
685  -5.086  -86.269  0.080 0.0000000000
985  -5.612  -85.664  -0.516 0.0000000000
1354  -7.268  -83.748  -1.950 0.0000000000
140749  -6.369  -84.200  -1.658 0.0000000000
1694  -7.106  -82.718  -3.066 0.0000000000
1698  -6.853  -82.848  -3.716 0.0000000000
1708  -7.523  -82.822  -4.458 0.0000000000
1425  2.345  -83.350  -10.741 0.0000000000
1433  1.886  -83.900  -11.217 0.0000000000
1439  2.826  -83.778  -12.101 0.0000000000
1455  3.614  -83.644  -14.893 0.0000000000
1091  3.024  -84.204  -14.242 0.0000000000
123665  2.906  -84.205  -15.104 0.0000000000
1092  2.279  -84.640  -14.922 0.0000000000
1101  3.078  -83.904  -15.842 0.0000000000
1487  3.113  -83.672  -17.308 0.0000000000
1486  3.599  -83.231  -17.947 0.0000000000
124922  5.454  -79.880  -20.176 0.0000000000
133709  5.252  -81.682  -19.658 0.0000000000
2666  5.702  -80.130  -21.379 0.0000000000
2665  6.127  -80.913  -21.671 0.0000000000
3113  5.540  -79.624  -23.043 0.0000000000
3885  -3.564  -77.451  -6.384 0.0000000000
3909  -2.148  -77.818  -7.194 0.0000000000
3439  -3.266  -78.914  -7.233 0.0000000000
2528  -3.517  -80.696  -8.395 0.0000000000
2527  -2.678  -80.477  -8.587 0.0000000000
2125  -2.677  -81.556  -9.792 0.0000000000
2557  -1.740  -81.179  -10.169 0.0000000000
2143  -2.376  -81.989  -10.683 0.0000000000
23768  -6.944  -53.644  6.686 0.0000000000
22710  -7.185  -54.732  5.887 0.0000000000
127936  -8.060  -54.336  5.946 0.0000000000
137076  -9.653  -52.637  5.132 0.0000000000
22732  -9.742  -54.058  5.333 0.0000000000
22767  -10.285  -54.570  3.209 0.0000000000
23836  -9.987  -53.521  3.013 0.0000000000
139460  1.033  -69.712  -4.471 0.0000000000
9364  0.349  -69.626  -4.510 0.0000000000
10191  0.186  -69.248  -4.947 0.0000000000
11024  -1.498  -67.427  -7.045 0.0000000000
129436  -1.431  -68.245  -6.209 0.0000000000
11010  -2.173  -67.974  -6.512 0.0000000000
141174  -3.428  -68.152  -6.266 0.0000000000
11026  -3.121  -67.039  -7.317 0.0000000000
13392  -0.433  -63.884  -7.109 0.0000000000
13395  -0.874  -64.504  -7.557 0.0000000000
14325  -2.286  -63.737  -7.221 0.0000000000
14326  -4.843  -63.714  -7.395 0.0000000000
13397  -3.680  -64.460  -7.596 0.0000000000
12534  -5.053  -65.153  -7.675 0.0000000000
11733  -5.603  -66.019  -7.452 0.0000000000
12535  -6.005  -65.197  -7.546 0.0000000000
12536  -7.067  -65.203  -7.285 0.0000000000
126003  -6.292  -63.858  -7.546 0.0000000000
15221  -8.647  -62.428  -5.169 0.0000000000
15226  -8.113  -62.428  -6.633 0.0000000000
16135  -9.331  -62.208  -5.861 0.0000000000
15239  -10.381  -62.455  -7.407 0.0000000000
123191  -10.799  -62.185  -5.583 0.0000000000
25919  6.107  -51.230  2.442 0.0000000000
26917  5.693  -50.478  2.606 0.0000000000
26916  6.340  -50.124  2.109 0.0000000000
29942  7.245  -48.218  2.194 0.0000000000
28950  6.481  -48.337  2.270 0.0000000000
29925  6.703  -47.593  2.545 0.0000000000
30884  5.749  -46.570  3.171 0.0000000000
30883  6.576  -46.887  3.074 0.0000000000
141390  10.491  -48.130  1.260 0.0000000000
29956  9.894  -48.409  1.303 0.0000000000
134788  10.150  -47.928  1.843 0.0000000000
139743  10.062  -46.035  3.923 0.0000000000
31771  9.198  -46.346  3.611 0.0000000000
31750  8.631  -45.822  4.119 0.0000000000
31751  7.699  -45.918  3.949 0.0000000000
32650  8.134  -45.241  4.585 0.0000000000
32633  7.514  -44.616  4.950 0.0000000000
32632  8.643  -44.311  5.233 0.0000000000
33503  11.222  -41.538  4.927 0.0000000000
137490  10.307  -41.815  5.618 0.0000000000
34419  10.183  -41.083  5.060 0.0000000000
34420  9.208  -40.712  5.257 0.0000000000
34430  10.641  -41.035  4.318 0.0000000000
14239  -9.600  -63.847  0.223 0.0000000000
14227  -10.425  -63.518  0.835 0.0000000000
17000  -10.064  -60.686  3.580 0.0000000000
138299  -10.435  -61.345  3.188 0.0000000000
15099  -9.382  -62.204  1.873 0.0000000000
16051  -8.329  -61.690  2.510 0.0000000000
15078  -6.826  -62.060  2.737 0.0000000000
16035  -7.384  -61.384  3.244 0.0000000000
16957  -6.467  -59.646  5.614 0.0000000000
137856  -6.036  -61.045  4.403 0.0000000000
16956  -5.538  -60.103  5.770 0.0000000000
16971  -4.989  -60.697  5.542 0.0000000000
17905  -5.008  -59.722  6.587 0.0000000000
28867  6.113  -47.883  7.569 0.0000000000
140920  6.504  -48.141  7.048 0.0000000000
26841  7.801  -50.151  6.514 0.0000000000
27843  7.685  -49.851  7.520 0.0000000000
26819  8.123  -50.528  7.622 0.0000000000
25815  8.169  -51.496  9.058 0.0000000000
25826  8.835  -52.168  7.919 0.0000000000
24782  9.151  -53.039  7.749 0.0000000000
132619  8.934  -52.300  6.898 0.0000000000
24818  9.671  -51.856  3.108 0.0000000000
23780  9.217  -52.915  4.400 0.0000000000
22702  9.958  -54.698  4.960 0.0000000000
23779  9.717  -53.653  3.639 0.0000000000
22720  11.353  -53.923  1.955 0.0000000000
23819  13.651  -53.210  1.810 0.0000000000
21652  12.585  -55.315  2.303 0.0000000000
22742  14.908  -53.761  2.793 0.0000000000
22717  15.614  -53.761  3.965 0.0000000000
23818  16.880  -53.818  3.680 0.0000000000
1668  -6.231  -82.299  1.623 0.0000000000
1677  -6.855  -81.757  0.926 0.0000000000
1676  -5.567  -82.053  0.870 0.0000000000
2462  -3.801  -80.242  -2.413 0.0000000000
2457  -4.707  -80.440  -1.858 0.0000000000
2890  -3.491  -79.921  -3.444 0.0000000000
2074  -3.043  -80.954  -4.759 0.0000000000
2484  -2.367  -80.255  -4.453 0.0000000000
2882  -1.503  -78.719  -3.014 0.0000000000
3378  -1.611  -77.967  -3.738 0.0000000000
2513  1.661  -80.659  -7.261 0.0000000000
2496  0.069  -80.211  -5.444 0.0000000000
2514  0.934  -81.042  -6.882 0.0000000000
2101  0.160  -81.386  -6.534 0.0000000000
2112  0.857  -81.914  -8.085 0.0000000000
1738  1.191  -82.241  -8.757 0.0000000000
2124  1.970  -82.004  -8.982 0.0000000000
2140  5.273  -80.889  -10.913 0.0000000000
1758  4.686  -81.681  -10.831 0.0000000000
123580  5.539  -81.164  -12.775 0.0000000000
2176  5.579  -81.130  -13.737 0.0000000000
127013  5.459  -80.112  -14.017 0.0000000000
3945  -9.602  -77.490  -10.105 0.0000000000
3944  -9.224  -78.216  -10.200 0.0000000000
4464  -9.697  -77.191  -11.312 0.0000000000
3967  -7.901  -78.086  -12.715 0.0000000000
3485  -6.879  -78.546  -12.351 0.0000000000
127285  18.807  -46.021  -2.728 0.0000000000
31867  18.229  -45.552  -2.268 0.0000000000
31866  19.215  -45.239  -2.763 0.0000000000
34509  18.128  -43.289  -2.885 0.0000000000
122629  18.137  -44.076  -2.535 0.0000000000
33605  17.227  -44.127  -2.674 0.0000000000
33606  15.932  -44.084  -2.853 0.0000000000
3336  1.221  -79.353  4.315 0.0000000000
2863  0.699  -79.789  2.394 0.0000000000
3824  -0.099  -79.207  1.866 0.0000000000
4343  -1.662  -77.778  0.194 0.0000000000
4337  -0.072  -77.327  -0.155 0.0000000000
4953  -0.638  -76.602  -0.674 0.0000000000
5643  -0.030  -74.321  -2.341 0.0000000000
5644  -0.979  -74.707  -2.391 0.0000000000
132939  -2.816  -75.124  1.728 0.0000000000
4946  -2.730  -76.228  2.071 0.0000000000
4948  -4.005  -76.682  0.708 0.0000000000
5646  -4.472  -76.152  -2.671 0.0000000000
132924  -3.400  -76.046  -2.182 0.0000000000
5660  -3.313  -75.141  -3.355 0.0000000000
6361  -2.418  -74.415  -3.844 0.0000000000
5672  -3.134  -74.707  -4.326 0.0000000000
5685  -3.208  -74.855  -4.992 0.0000000000
4998  -3.957  -75.225  -4.483 0.0000000000
125975  -7.209  -76.682  -3.957 0.0000000000
4392  -6.410  -76.868  -4.844 0.0000000000
4393  -7.675  -77.376  -4.619 0.0000000000
3400  -8.264  -78.306  -5.578 0.0000000000
3873  -8.891  -77.703  -4.822 0.0000000000
9346  -1.533  -69.731  -3.554 0.0000000000
8544  -1.812  -70.244  -3.002 0.0000000000
9347  -2.267  -69.668  -3.523 0.0000000000
143996  -5.417  -69.978  -3.900 0.0000000000
127748  -4.736  -69.970  -3.843 0.0000000000
8547  -5.357  -70.698  -3.912 0.0000000000
7089  -5.898  -72.368  -3.467 0.0000000000
7792  -7.734  -71.564  -3.510 0.0000000000
10997  -10.344  -67.395  -4.452 0.0000000000
10200  -9.334  -68.130  -3.358 0.0000000000
10222  -10.695  -68.281  -3.894 0.0000000000
7823  -9.005  -71.324  -5.434 0.0000000000
7805  -10.165  -71.137  -3.821 0.0000000000
7103  -10.082  -71.969  -3.853 0.0000000000
7092  -9.687  -72.447  -3.242 0.0000000000
6379  -10.336  -73.206  -3.466 0.0000000000
5663  -10.260  -73.651  -3.278 0.0000000000
138527  -9.594  -73.123  -4.716 0.0000000000
6403  -8.939  -73.791  -7.230 0.0000000000
5694  -8.777  -74.958  -5.811 0.0000000000
5701  -8.690  -74.693  -6.903 0.0000000000
5032  -9.072  -76.373  -6.618 0.0000000000
133154  -9.068  -75.482  -7.324 0.0000000000
126921  -9.865  -76.250  -8.688 0.0000000000
5709  -10.484  -75.016  -9.013 0.0000000000
124455  -11.888  -72.373  -11.098 0.0000000000
123440  -11.698  -73.212  -11.267 0.0000000000
7174  -11.752  -72.889  -12.501 0.0000000000
6459  -11.487  -73.821  -13.485 0.0000000000
7894  -11.807  -72.154  -13.604 0.0000000000
121678  -12.339  -67.868  -13.533 0.0000000000
121564  -12.361  -68.782  -12.869 0.0000000000
11097  -12.041  -67.266  -14.531 0.0000000000
131132  1.036  -60.221  0.582 0.0000000000
17033  0.091  -60.187  0.950 0.0000000000
137906  -0.070  -59.780  1.393 0.0000000000
19779  -1.134  -57.551  3.644 0.0000000000
18867  -1.326  -58.345  3.088 0.0000000000
19761  -2.619  -57.804  4.379 0.0000000000
18853  -3.125  -58.132  4.168 0.0000000000
20690  -2.717  -57.286  4.951 0.0000000000
23786  -0.383  -53.486  5.317 0.0000000000
22708  -1.086  -54.407  5.514 0.0000000000
23787  -1.170  -53.660  6.009 0.0000000000
24786  -3.487  -52.799  7.921 0.0000000000
23766  -3.018  -54.124  7.291 0.0000000000
22678  -3.635  -54.416  7.247 0.0000000000
22691  -3.972  -55.046  6.907 0.0000000000
22679  -4.330  -54.230  7.277 0.0000000000
22680  -5.274  -53.919  7.092 0.0000000000
124929  -5.410  -53.143  7.488 0.0000000000
132258  -5.166  -49.628  8.598 0.0000000000
27848  -5.995  -49.156  8.853 0.0000000000
27849  -6.918  -49.414  8.896 0.0000000000
28870  -6.220  -48.210  9.155 0.0000000000
28931  3.872  -48.751  3.682 0.0000000000
27915  3.465  -49.177  4.301 0.0000000000
28932  3.322  -48.261  4.242 0.0000000000
30846  1.226  -46.263  5.432 0.0000000000
29901  1.435  -47.157  5.478 0.0000000000
30847  0.566  -46.475  5.682 0.0000000000
29888  -0.403  -47.567  6.515 0.0000000000
30836  -0.109  -46.220  5.878 0.0000000000
34412  2.846  -42.222  6.853 0.0000000000
33498  2.431  -42.921  5.994 0.0000000000
34413  2.069  -42.410  7.187 0.0000000000
32607  -0.938  -43.630  8.427 0.0000000000
32616  -0.585  -44.125  7.156 0.0000000000
32617  -1.195  -44.463  7.669 0.0000000000
31711  -1.608  -45.182  7.551 0.0000000000
31712  -2.153  -45.306  8.364 0.0000000000
30807  -3.303  -46.399  8.743 0.0000000000
31701  -2.910  -45.453  8.953 0.0000000000
31814  16.391  -46.304  -0.069 0.0000000000
31815  15.980  -45.560  -0.050 0.0000000000
34454  16.683  -42.480  1.494 0.0000000000
32692  16.758  -44.482  1.698 0.0000000000
33527  16.562  -43.512  2.629 0.0000000000
32661  16.291  -44.239  3.177 0.0000000000
33528  16.145  -43.404  3.077 0.0000000000
35491  13.574  -40.360  -0.450 0.0000000000
35485  14.924  -40.808  0.349 0.0000000000
31794  12.379  -44.929  0.596 0.0000000000
32694  13.564  -44.026  1.337 0.0000000000
32676  13.233  -44.380  1.713 0.0000000000
32675  14.466  -43.735  2.640 0.0000000000
32665  13.417  -43.737  3.050 0.0000000000
32666  12.068  -43.762  2.685 0.0000000000
32679  10.036  -44.549  1.565 0.0000000000
32667  10.796  -43.676  2.502 0.0000000000
32668  9.635  -43.564  2.311 0.0000000000
33533  9.311  -42.499  2.873 0.0000000000
140380  -4.048  -88.482  5.087 0.0000000000
233  -5.324  -88.144  3.163 0.0000000000
133591  -4.790  -88.390  4.997 0.0000000000
357  -4.148  -87.017  15.468 0.0000000000
71  -3.578  -88.980  11.642 0.0000000000
88  -5.348  -88.526  8.990 0.0000000000
131455  -4.958  -88.555  8.342 0.0000000000
96  -5.542  -88.253  7.600 0.0000000000
138813  -6.251  -87.285  5.124 0.0000000000
134662  -6.580  -86.530  5.216 0.0000000000
941  -6.939  -84.490  4.597 0.0000000000
637  -6.478  -85.418  5.561 0.0000000000
405  -5.201  -85.960  6.891 0.0000000000
636  -5.443  -85.486  5.660 0.0000000000
643  -4.426  -85.329  5.026 0.0000000000
126568  -3.588  -85.112  4.494 0.0000000000
642  -3.265  -85.651  5.024 0.0000000000
893  -6.114  -85.285  11.418 0.0000000000
603  -5.947  -86.003  11.505 0.0000000000
892  -5.332  -85.315  10.751 0.0000000000
621  -2.329  -85.591  8.414 0.0000000000
390  -3.069  -86.049  8.468 0.0000000000
397  -2.117  -86.053  6.931 0.0000000000
633  -2.101  -85.497  5.367 0.0000000000
930  -1.192  -84.899  5.608 0.0000000000
1278  -1.224  -84.061  4.049 0.0000000000
922  -0.625  -84.595  6.238 0.0000000000
141987  -0.695  -83.327  8.381 0.0000000000
1258  -0.058  -83.900  6.505 0.0000000000
1257  0.338  -83.201  6.718 0.0000000000
1631  0.520  -82.638  5.561 0.0000000000
1621  0.696  -82.491  6.879 0.0000000000
2399  -8.350  -80.609  7.026 0.0000000000
1976  -8.911  -81.353  7.329 0.0000000000
1624  -8.956  -81.793  6.818 0.0000000000
3353  -9.456  -79.335  2.192 0.0000000000
2856  -9.444  -79.919  3.047 0.0000000000
2855  -8.980  -80.082  2.530 0.0000000000
2414  -5.262  -81.315  4.626 0.0000000000
2415  -6.255  -81.809  4.422 0.0000000000
1993  -5.612  -82.021  5.207 0.0000000000
124002  -6.431  -82.589  5.657 0.0000000000
1975  -4.830  -82.233  6.614 0.0000000000
1974  -4.112  -82.028  7.059 0.0000000000
2396  -3.811  -81.155  6.840 0.0000000000
2810  -0.986  -79.668  9.093 0.0000000000
2384  -1.484  -80.634  9.256 0.0000000000
2383  -0.378  -80.402  9.282 0.0000000000
1971  1.221  -81.286  7.992 0.0000000000
1956  1.312  -80.446  8.477 0.0000000000
2394  1.688  -80.496  7.593 0.0000000000
2809  1.143  -79.639  8.818 0.0000000000
3773  0.288  -77.431  7.929 0.0000000000
3292  1.630  -78.453  8.336 0.0000000000
143124  2.683  -77.814  7.423 0.0000000000
3319  3.273  -77.832  6.302 0.0000000000
3782  3.021  -77.436  6.997 0.0000000000
4897  -3.734  -75.705  5.308 0.0000000000
4295  -3.157  -76.105  5.922 0.0000000000
4878  -2.347  -75.821  6.145 0.0000000000
4892  1.445  -74.991  5.880 0.0000000000
4893  0.417  -75.170  6.066 0.0000000000
4874  2.404  -75.674  6.194 0.0000000000
4873  3.296  -76.121  6.056 0.0000000000
4890  3.557  -75.624  5.382 0.0000000000
4919  4.146  -75.884  3.396 0.0000000000
124116  3.914  -75.072  4.598 0.0000000000
6266  3.936  -73.169  3.794 0.0000000000
5570  4.397  -74.423  2.538 0.0000000000
6276  4.446  -73.468  2.286 0.0000000000
6299  3.620  -73.702  0.101 0.0000000000
6298  4.387  -73.157  0.651 0.0000000000
10134  -7.271  -68.468  0.477 0.0000000000
138171  -6.898  -68.820  1.062 0.0000000000
10925  -6.330  -67.845  0.804 0.0000000000
10111  -4.476  -67.685  2.397 0.0000000000
132136  -4.921  -68.568  2.757 0.0000000000
10103  -4.263  -68.364  3.133 0.0000000000
9250  -3.359  -70.173  4.138 0.0000000000
9266  -3.359  -69.186  4.099 0.0000000000
11643  -1.553  -66.503  1.159 0.0000000000
10922  -1.737  -66.861  1.534 0.0000000000
10905  -1.241  -67.213  1.734 0.0000000000
137464  1.826  -68.749  5.038 0.0000000000
10086  -0.114  -68.197  4.634 0.0000000000
9247  0.281  -69.181  5.164 0.0000000000
130928  -0.210  -70.175  5.127 0.0000000000
128038  1.117  -70.533  5.317 0.0000000000
7695  1.823  -71.013  5.311 0.0000000000
7694  2.732  -70.931  5.190 0.0000000000
7732  5.188  -71.382  1.411 0.0000000000
144589  4.929  -71.509  2.000 0.0000000000
135052  4.985  -71.856  0.692 0.0000000000
7041  4.400  -72.320  -0.678 0.0000000000
7752  4.643  -71.736  -1.156 0.0000000000
7773  4.081  -71.229  -2.349 0.0000000000
7762  4.795  -71.115  -1.779 0.0000000000
9328  5.776  -69.682  -2.595 0.0000000000
8537  4.915  -70.057  -2.953 0.0000000000
9339  5.303  -69.307  -3.406 0.0000000000
10187  4.265  -68.391  -4.606 0.0000000000
10174  5.488  -68.502  -3.800 0.0000000000
131401  6.683  -68.035  0.574 0.0000000000
10933  6.665  -67.196  -0.121 0.0000000000
11689  7.306  -65.941  -2.949 0.0000000000
10962  7.288  -67.193  -2.635 0.0000000000
11690  6.755  -66.196  -3.456 0.0000000000
11697  5.268  -66.921  -4.432 0.0000000000
12513  5.320  -65.963  -4.400 0.0000000000
12514  4.601  -65.473  -4.758 0.0000000000
13379  5.180  -65.016  -4.299 0.0000000000
14254  6.711  -63.594  -2.199 0.0000000000
14274  5.172  -63.631  -3.418 0.0000000000
15171  5.109  -62.628  -2.116 0.0000000000
15172  4.222  -62.512  -2.174 0.0000000000
15147  5.629  -62.291  -1.429 0.0000000000
20631  -4.885  -56.169  10.061 0.0000000000
19723  -5.295  -57.379  8.763 0.0000000000
19722  -4.954  -57.985  9.130 0.0000000000
18809  -4.621  -58.794  8.553 0.0000000000
18797  -4.527  -58.554  9.423 0.0000000000
131604  2.918  -50.873  10.669 0.0000000000
26797  1.944  -50.279  10.677 0.0000000000
141992  1.581  -51.520  10.715 0.0000000000
23707  -0.645  -53.557  11.007 0.0000000000
122860  -0.007  -52.842  10.911 0.0000000000
123378  -0.967  -52.882  10.656 0.0000000000
135595  -1.365  -52.185  10.440 0.0000000000
123377  -1.816  -52.866  10.509 0.0000000000
22639  -2.818  -54.250  10.610 0.0000000000
21579  -2.409  -54.962  10.972 0.0000000000
17843  -2.681  -59.100  11.629 0.0000000000
18783  -3.056  -58.256  11.445 0.0000000000
17855  -2.932  -59.968  10.196 0.0000000000
16907  -3.140  -60.203  9.147 0.0000000000
16906  -2.564  -60.816  9.677 0.0000000000
15003  -2.278  -62.019  8.312 0.0000000000
15941  -2.186  -61.659  9.302 0.0000000000
138863  -0.705  -62.666  10.825 0.0000000000
14122  -0.276  -63.767  8.651 0.0000000000
14121  0.756  -63.887  8.717 0.0000000000
135217  1.952  -64.668  6.841 0.0000000000
134831  2.606  -64.305  7.295 0.0000000000
16855  1.632  -61.279  13.154 0.0000000000
16856  0.676  -61.204  13.270 0.0000000000
15911  1.608  -62.237  11.927 0.0000000000
14133  4.069  -62.964  7.325 0.0000000000
14118  2.961  -63.098  8.450 0.0000000000
14148  4.551  -63.225  6.646 0.0000000000
13245  4.247  -63.926  6.324 0.0000000000
14177  5.876  -63.458  4.718 0.0000000000
14190  6.513  -63.449  3.485 0.0000000000
15060  6.233  -62.759  4.639 0.0000000000
16050  5.762  -60.538  3.121 0.0000000000
16049  6.310  -61.214  2.768 0.0000000000
16060  5.530  -60.436  1.680 0.0000000000
122386  4.451  -60.479  0.329 0.0000000000
16061  4.761  -60.134  1.193 0.0000000000
16072  3.957  -59.864  0.894 0.0000000000
17029  4.342  -59.551  1.713 0.0000000000
17934  3.643  -58.418  4.550 0.0000000000
17960  3.763  -58.539  2.759 0.0000000000
18864  3.340  -57.910  3.622 0.0000000000
19775  2.855  -57.429  3.384 0.0000000000
19760  3.149  -57.762  4.747 0.0000000000
17877  4.633  -59.889  9.022 0.0000000000
18807  2.476  -58.961  8.695 0.0000000000
18806  3.637  -58.841  8.581 0.0000000000
121244  3.447  -56.098  7.611 0.0000000000
19731  2.690  -57.290  7.966 0.0000000000
20658  2.600  -56.183  7.184 0.0000000000
20672  2.704  -56.562  5.545 0.0000000000
21606  2.726  -55.437  7.048 0.0000000000
22690  2.729  -54.910  6.274 0.0000000000
22676  3.258  -54.813  7.098 0.0000000000
21621  5.991  -55.163  5.297 0.0000000000
21609  5.451  -54.762  6.150 0.0000000000
22703  5.844  -54.405  5.353 0.0000000000
23803  5.776  -53.821  4.783 0.0000000000
22723  6.136  -54.598  4.616 0.0000000000
21603  9.801  -54.971  8.010 0.0000000000
21597  9.534  -55.422  8.836 0.0000000000
20646  9.998  -55.923  8.277 0.0000000000
19740  11.082  -57.687  6.791 0.0000000000
19727  10.689  -57.435  7.453 0.0000000000
18832  10.513  -58.890  6.981 0.0000000000
17899  9.929  -59.500  6.990 0.0000000000
17916  10.009  -60.251  5.645 0.0000000000
17927  12.472  -59.213  3.596 0.0000000000
18849  12.086  -58.950  4.422 0.0000000000
17939  11.923  -60.082  3.187 0.0000000000
17957  10.040  -59.997  2.066 0.0000000000
16996  10.573  -60.374  3.360 0.0000000000
17940  9.034  -59.950  3.668 0.0000000000
17930  8.894  -60.136  4.567 0.0000000000
143375  8.573  -59.241  3.467 0.0000000000
18863  7.606  -57.941  3.614 0.0000000000
18881  8.576  -58.271  2.503 0.0000000000
20736  8.601  -56.184  1.256 0.0000000000
20722  8.271  -56.626  2.015 0.0000000000
21687  7.732  -55.391  2.075 0.0000000000
22763  7.339  -54.694  2.325 0.0000000000
24864  7.029  -53.067  2.097 0.0000000000
22780  7.842  -54.636  1.656 0.0000000000
139435  9.626  -54.878  -0.079 0.0000000000
22794  9.093  -54.539  0.373 0.0000000000
22812  9.766  -54.210  -0.158 0.0000000000
24899  9.508  -52.708  -0.040 0.0000000000
22811  10.546  -54.037  -0.452 0.0000000000
132809  14.030  -56.591  -0.781 0.0000000000
20789  13.255  -56.096  -0.761 0.0000000000
129145  13.876  -55.852  -0.865 0.0000000000
23915  13.777  -53.700  -1.178 0.0000000000
22839  13.421  -54.466  -0.978 0.0000000000
23916  13.042  -53.590  -0.987 0.0000000000
24919  11.927  -52.637  -0.831 0.0000000000
24918  12.738  -52.757  -0.957 0.0000000000
131193  12.383  -51.951  -0.896 0.0000000000
139293  13.922  -52.221  -1.202 0.0000000000
26002  16.506  -51.360  -2.149 0.0000000000
125979  15.690  -50.823  -1.648 0.0000000000
26993  16.335  -50.383  -1.975 0.0000000000
28004  16.358  -49.576  -1.802 0.0000000000
123570  20.594  -49.666  1.712 0.0000000000
26944  20.369  -50.496  0.460 0.0000000000
27952  20.611  -49.873  0.987 0.0000000000
29931  22.456  -47.304  1.136 0.0000000000
28966  21.788  -48.570  0.225 0.0000000000
125776  21.145  -49.437  -0.241 0.0000000000
125245  21.484  -48.993  -0.231 0.0000000000
28002  20.561  -49.502  -1.455 0.0000000000
28987  21.781  -48.442  -0.712 0.0000000000
29019  21.183  -48.175  -2.209 0.0000000000
30001  21.565  -47.349  -2.557 0.0000000000
30003  19.762  -47.760  -3.030 0.0000000000
125687  20.903  -47.015  -3.203 0.0000000000
30962  20.560  -46.251  -3.337 0.0000000000
30961  21.452  -46.555  -3.140 0.0000000000
32744  22.852  -44.796  -2.788 0.0000000000
121784  23.121  -43.046  -2.813 0.0000000000
1352  -3.760  -83.140  -1.819 0.0000000000
1340  -3.131  -83.535  -1.040 0.0000000000
1362  -3.173  -83.403  -3.115 0.0000000000
162  -5.658  -88.928  -7.697 0.0000000000
161  -5.029  -89.345  -8.298 0.0000000000
163  -4.429  -88.762  -9.553 0.0000000000
2451  -7.090  -80.562  -1.241 0.0000000000
2059  -7.939  -80.814  -1.437 0.0000000000
2472  -7.188  -80.878  -3.595 0.0000000000
1727  -5.028  -82.674  -6.380 0.0000000000
1390  -5.716  -83.203  -6.900 0.0000000000
1391  -6.946  -83.325  -6.893 0.0000000000
1403  -6.411  -83.725  -7.267 0.0000000000
1066  -0.491  -84.674  -10.631 0.0000000000
1058  -1.924  -84.399  -9.398 0.0000000000
134863  -1.280  -84.878  -10.565 0.0000000000
785  -2.974  -85.804  -11.785 0.0000000000
763  -3.755  -85.305  -10.124 0.0000000000
764  -4.825  -85.546  -10.132 0.0000000000
1060  -5.024  -85.170  -9.284 0.0000000000
512  -5.588  -86.197  -10.327 0.0000000000
504  -6.124  -86.760  -9.315 0.0000000000
517  -5.003  -86.539  -11.621 0.0000000000
327  -3.548  -87.145  -13.856 0.0000000000
313  -4.210  -87.452  -12.528 0.0000000000
319  -2.841  -87.614  -13.202 0.0000000000
174  -2.496  -87.774  -11.715 0.0000000000
186  -1.766  -87.826  -13.196 0.0000000000
1492  2.255  -84.241  -19.681 0.0000000000
1496  2.670  -83.955  -20.479 0.0000000000
4341  2.156  -77.055  -0.888 0.0000000000
4349  2.504  -76.699  -1.576 0.0000000000
4975  2.499  -75.105  -2.621 0.0000000000
5689  2.312  -74.475  -6.509 0.0000000000
124448  2.385  -74.516  -5.661 0.0000000000
5020  2.752  -75.203  -6.546 0.0000000000
4397  3.200  -75.850  -7.000 0.0000000000
134363  3.172  -76.288  -8.161 0.0000000000
3436  -0.913  -78.069  -8.033 0.0000000000
3906  0.191  -76.936  -8.203 0.0000000000
3447  0.264  -78.112  -9.024 0.0000000000
2999  1.936  -79.481  -11.333 0.0000000000
3481  1.355  -78.647  -10.213 0.0000000000
2985  2.533  -78.791  -10.963 0.0000000000
3957  3.409  -77.697  -9.896 0.0000000000
3490  3.636  -78.550  -11.116 0.0000000000
3489  4.524  -78.653  -11.206 0.0000000000
3011  3.160  -79.495  -12.233 0.0000000000
2190  2.303  -81.146  -15.064 0.0000000000
2603  3.192  -80.273  -14.078 0.0000000000
2616  2.868  -80.649  -15.715 0.0000000000
122431  3.549  -80.117  -16.247 0.0000000000
2210  2.715  -80.723  -16.683 0.0000000000
2542  -7.849  -80.787  -9.986 0.0000000000
2116  -6.990  -81.715  -9.028 0.0000000000
1750  -6.858  -82.343  -10.253 0.0000000000
1447  -5.496  -83.733  -13.856 0.0000000000
1783  -4.218  -83.533  -12.181 0.0000000000
1441  -4.433  -83.821  -13.059 0.0000000000
1440  -3.285  -83.619  -13.310 0.0000000000
1445  -3.239  -83.834  -14.173 0.0000000000
2213  -5.125  -81.088  -16.820 0.0000000000
2224  -4.436  -81.568  -18.499 0.0000000000
1855  -2.790  -82.638  -20.150 0.0000000000
1850  -3.183  -83.528  -18.662 0.0000000000
1840  -2.166  -83.374  -17.965 0.0000000000
1828  -2.431  -83.483  -17.032 0.0000000000
1839  -1.185  -82.836  -17.744 0.0000000000
1826  -0.353  -82.482  -17.121 0.0000000000
1838  -0.576  -82.582  -18.141 0.0000000000
2242  0.777  -81.730  -21.334 0.0000000000
2236  1.017  -81.612  -20.258 0.0000000000
2669  1.698  -81.215  -20.898 0.0000000000
2659  1.939  -81.053  -19.841 0.0000000000
2668  2.562  -80.556  -20.471 0.0000000000
125457  3.222  -80.068  -20.989 0.0000000000
2675  2.367  -80.703  -21.649 0.0000000000
3128  2.438  -79.195  -25.630 0.0000000000
126401  2.685  -79.891  -24.903 0.0000000000
137643  3.226  -79.307  -25.522 0.0000000000
3127  4.177  -78.905  -25.838 0.0000000000
17052  -1.334  -60.896  0.756 0.0000000000
16094  -0.650  -61.783  -0.592 0.0000000000
16062  -2.045  -61.038  0.942 0.0000000000
17038  -4.597  -60.446  1.244 0.0000000000
16098  -3.964  -61.630  0.101 0.0000000000
16081  -4.720  -61.075  0.432 0.0000000000
16099  -5.407  -61.806  -0.862 0.0000000000
16082  -5.651  -61.111  -0.135 0.0000000000
20710  -8.561  -57.051  4.175 0.0000000000
18873  -7.421  -58.128  3.261 0.0000000000
19795  -8.750  -57.996  3.154 0.0000000000
123203  -9.669  -59.586  0.558 0.0000000000
18003  -8.985  -59.423  0.807 0.0000000000
17063  -9.269  -60.684  -0.270 0.0000000000
16101  -8.573  -61.233  -0.802 0.0000000000
16102  -9.731  -61.270  -0.838 0.0000000000
15160  -9.680  -62.218  -1.839 0.0000000000
16103  -10.574  -61.111  -1.069 0.0000000000
18946  -10.974  -59.194  -2.563 0.0000000000
121695  -11.277  -60.792  -2.686 0.0000000000
18047  -11.432  -59.849  -3.884 0.0000000000
17098  -11.863  -60.899  -5.285 0.0000000000
142783  -11.404  -59.329  -5.067 0.0000000000
19886  -10.294  -56.533  -6.598 0.0000000000
19904  -10.443  -57.310  -7.366 0.0000000000
131015  -10.695  -58.386  -7.522 0.0000000000
19011  -10.203  -57.728  -9.197 0.0000000000
18120  -10.220  -58.888  -10.490 0.0000000000
19021  -9.391  -57.638  -10.418 0.0000000000
14278  1.822  -62.633  -3.762 0.0000000000
14289  1.445  -62.863  -4.438 0.0000000000
139949  1.338  -62.466  -3.146 0.0000000000
14261  -0.106  -62.482  -2.555 0.0000000000
15178  -1.196  -62.569  -2.286 0.0000000000
27984  14.055  -49.533  -0.525 0.0000000000
28991  13.774  -48.891  -0.264 0.0000000000
28990  14.691  -48.909  -0.490 0.0000000000
28967  15.204  -47.948  -0.093 0.0000000000
29950  15.837  -47.356  0.568 0.0000000000
2025  0.382  -81.728  2.374 0.0000000000
2037  0.322  -81.273  0.592 0.0000000000
2441  0.853  -80.736  0.295 0.0000000000
2873  1.738  -79.351  -1.113 0.0000000000
3368  2.218  -77.342  -2.418 0.0000000000
6301  1.428  -73.576  -0.080 0.0000000000
6302  0.218  -73.504  0.136 0.0000000000
6318  -0.033  -73.025  -0.331 0.0000000000
7064  -0.862  -72.205  -1.124 0.0000000000
140392  -1.437  -71.863  -1.514 0.0000000000
13403  -10.384  -63.756  -7.361 0.0000000000
12540  -10.961  -64.406  -6.985 0.0000000000
13413  -10.953  -64.202  -8.072 0.0000000000
12543  -11.435  -64.716  -8.957 0.0000000000
12572  -11.473  -65.010  -10.085 0.0000000000
12589  -11.432  -64.963  -11.191 0.0000000000
121746  -10.711  -63.802  -10.738 0.0000000000
14386  -10.579  -63.403  -11.766 0.0000000000
15294  -10.200  -61.486  -12.451 0.0000000000
24801  3.571  -52.355  6.454 0.0000000000
25862  2.396  -51.401  5.953 0.0000000000
25861  3.145  -51.478  6.201 0.0000000000
135175  2.393  -50.086  5.973 0.0000000000
27881  2.389  -49.576  5.838 0.0000000000
35432  7.729  -40.469  5.902 0.0000000000
5590  -9.460  -74.214  0.662 0.0000000000
5573  -8.052  -74.770  0.940 0.0000000000
140326  -6.838  -74.715  1.744 0.0000000000
5572  -5.881  -74.225  2.517 0.0000000000
6278  -6.573  -73.657  1.609 0.0000000000
133713  -6.431  -72.143  1.381 0.0000000000
7725  -6.003  -71.341  1.678 0.0000000000
13280  -3.085  -64.290  4.110 0.0000000000
14178  -2.967  -64.119  4.974 0.0000000000
121749  -2.102  -65.078  4.468 0.0000000000
13278  -1.440  -65.285  4.437 0.0000000000
141713  -0.168  -65.493  3.969 0.0000000000
13277  -0.714  -65.357  4.651 0.0000000000
13264  -0.697  -65.155  5.635 0.0000000000
13250  -0.725  -64.710  6.534 0.0000000000
25795  6.841  -51.861  10.247 0.0000000000
24750  6.012  -52.078  10.483 0.0000000000
129747  5.895  -52.767  10.694 0.0000000000
134883  5.697  -54.068  11.104 0.0000000000
22615  5.110  -54.688  11.406 0.0000000000
20610  4.469  -56.506  12.115 0.0000000000
21563  5.578  -55.536  11.492 0.0000000000
20608  6.148  -56.346  11.491 0.0000000000
19690  6.706  -57.188  11.413 0.0000000000
19703  7.228  -58.024  11.152 0.0000000000
127419  7.425  -57.076  10.993 0.0000000000
19701  8.120  -56.895  10.443 0.0000000000
19710  8.773  -57.231  9.883 0.0000000000
21669  15.969  -56.047  2.830 0.0000000000
20720  14.866  -56.741  2.757 0.0000000000
20718  16.360  -56.393  2.310 0.0000000000
20734  16.588  -56.639  1.472 0.0000000000
19800  16.099  -57.204  0.922 0.0000000000
20751  16.569  -56.641  0.533 0.0000000000
20733  17.090  -56.126  1.059 0.0000000000
22779  18.073  -54.605  1.362 0.0000000000
22778  18.533  -53.825  1.308 0.0000000000
675  -6.732  -87.006  0.519 0.0000000000
986  -7.058  -85.957  -0.662 0.0000000000
1001  -7.742  -84.979  -0.734 0.0000000000
1355  -8.153  -83.607  -1.339 0.0000000000
1688  -8.147  -82.872  -2.031 0.0000000000
1443  4.708  -82.827  -13.667 0.0000000000
1078  3.387  -83.660  -12.545 0.0000000000
1454  4.320  -83.147  -14.439 0.0000000000
124729  4.294  -83.030  -15.191 0.0000000000
1468  4.198  -82.958  -16.110 0.0000000000
1837  4.543  -82.389  -17.809 0.0000000000
1836  5.241  -81.524  -17.769 0.0000000000
2230  5.765  -80.804  -19.112 0.0000000000
3420  -4.797  -79.045  -6.852 0.0000000000
3440  -4.086  -79.324  -7.229 0.0000000000
2935  -5.082  -79.861  -7.311 0.0000000000
2516  -4.917  -80.519  -7.839 0.0000000000
2114  -4.940  -81.583  -8.807 0.0000000000
24790  -7.938  -52.315  7.358 0.0000000000
24808  -8.315  -52.800  6.836 0.0000000000
24809  -9.064  -52.056  6.711 0.0000000000
10212  2.026  -68.284  -5.554 0.0000000000
10214  0.465  -68.844  -5.383 0.0000000000
11008  0.777  -67.761  -6.271 0.0000000000
11717  0.279  -67.038  -6.909 0.0000000000
11728  -0.706  -66.523  -7.433 0.0000000000
14303  -3.249  -62.687  -5.665 0.0000000000
14311  -2.759  -63.088  -6.516 0.0000000000
14304  -4.162  -62.655  -5.821 0.0000000000
14305  -4.919  -62.778  -6.320 0.0000000000
14314  -5.582  -62.905  -6.845 0.0000000000
15225  -6.470  -62.689  -6.679 0.0000000000
15219  -6.393  -62.491  -5.773 0.0000000000
15212  -7.903  -62.676  -4.539 0.0000000000
15213  -8.956  -62.739  -4.102 0.0000000000
25938  7.934  -51.353  1.011 0.0000000000
26935  7.135  -49.959  1.648 0.0000000000
135342  7.868  -49.888  1.250 0.0000000000
131736  8.164  -49.217  1.333 0.0000000000
29941  8.013  -48.235  2.059 0.0000000000
30894  11.474  -46.923  2.359 0.0000000000
30895  10.527  -47.227  2.407 0.0000000000
30879  11.162  -46.470  3.148 0.0000000000
31770  10.968  -45.987  3.967 0.0000000000
31749  10.737  -45.246  4.553 0.0000000000
129188  9.651  -43.906  5.416 0.0000000000
32648  10.473  -44.222  5.196 0.0000000000
32630  11.905  -42.544  5.288 0.0000000000
34418  12.148  -42.064  4.604 0.0000000000
16989  -9.488  -60.049  4.100 0.0000000000
16015  -7.655  -60.738  3.761 0.0000000000
16974  -8.893  -59.524  4.704 0.0000000000
17921  -7.195  -58.924  5.795 0.0000000000
28888  7.309  -48.055  5.693 0.0000000000
27880  7.612  -48.911  5.173 0.0000000000
26854  7.806  -50.011  5.029 0.0000000000
26840  8.256  -50.854  6.137 0.0000000000
25859  8.600  -51.658  5.682 0.0000000000
26853  8.284  -50.742  4.703 0.0000000000
24838  9.551  -51.075  3.122 0.0000000000
25891  10.888  -50.998  2.509 0.0000000000
22719  15.034  -53.074  3.964 0.0000000000
1317  -4.507  -82.903  1.990 0.0000000000
2042  -4.815  -81.679  0.255 0.0000000000
2052  -4.032  -81.400  -0.382 0.0000000000
2456  -3.839  -80.626  -1.682 0.0000000000
2461  -2.879  -80.067  -2.549 0.0000000000
123828  0.677  -77.995  -5.339 0.0000000000
2916  0.232  -79.031  -5.240 0.0000000000
2933  1.591  -79.526  -6.260 0.0000000000
2943  2.006  -79.887  -6.934 0.0000000000
2524  2.832  -80.560  -8.328 0.0000000000
2110  2.389  -81.325  -8.645 0.0000000000
2538  3.240  -80.943  -8.965 0.0000000000
2121  4.607  -80.960  -10.148 0.0000000000
2553  5.470  -80.063  -11.257 0.0000000000
144496  -10.071  -76.121  -12.775 0.0000000000
131102  -9.601  -76.790  -12.312 0.0000000000
5065  -9.445  -76.269  -13.074 0.0000000000
5064  -8.446  -76.040  -13.074 0.0000000000
130064  20.320  -44.004  -3.001 0.0000000000
32746  19.450  -44.265  -2.719 0.0000000000
33604  19.725  -43.403  -2.726 0.0000000000
3805  1.086  -78.212  3.809 0.0000000000
3351  -0.865  -79.274  2.859 0.0000000000
3815  -0.652  -78.445  3.527 0.0000000000
3826  -2.252  -78.494  2.584 0.0000000000
125904  -2.385  -78.248  1.482 0.0000000000
5619  -4.868  -75.300  0.323 0.0000000000
4957  -4.735  -76.731  0.119 0.0000000000
4958  -5.321  -76.600  -0.419 0.0000000000
4976  -5.819  -76.925  -1.625 0.0000000000
5647  -5.327  -76.391  -2.787 0.0000000000
5000  -5.470  -75.965  -4.030 0.0000000000
4985  -6.160  -76.546  -2.561 0.0000000000
4363  -7.409  -76.522  -2.836 0.0000000000
4988  -8.907  -76.162  -3.077 0.0000000000
10196  -4.043  -68.761  -4.450 0.0000000000
9369  -3.718  -69.250  -3.961 0.0000000000
136862  -4.562  -68.995  -4.026 0.0000000000
10177  -6.489  -68.949  -3.846 0.0000000000
134300  -7.549  -69.021  -3.617 0.0000000000
10234  -11.209  -68.277  -6.115 0.0000000000
9379  -10.738  -69.138  -4.517 0.0000000000
8585  -10.218  -69.866  -6.566 0.0000000000
130910  -9.571  -70.487  -6.363 0.0000000000
7824  -8.989  -71.234  -6.296 0.0000000000
6393  -8.578  -73.023  -5.689 0.0000000000
7126  -9.252  -72.117  -7.058 0.0000000000
7135  -10.186  -72.687  -7.829 0.0000000000
7136  -10.809  -73.139  -8.474 0.0000000000
6413  -11.262  -73.367  -9.311 0.0000000000
7146  -11.630  -72.705  -9.618 0.0000000000
7875  -12.029  -71.527  -10.759 0.0000000000
7885  -11.945  -71.828  -11.987 0.0000000000
12648  -11.389  -65.604  -14.923 0.0000000000
122934  -11.657  -66.667  -15.278 0.0000000000
11829  -11.016  -66.356  -16.089 0.0000000000
17962  1.124  -58.995  1.833 0.0000000000
17963  0.190  -59.301  1.761 0.0000000000
19793  0.247  -57.935  2.561 0.0000000000
20689  -1.508  -56.449  4.828 0.0000000000
25865  -1.108  -51.768  7.292 0.0000000000
24807  -2.019  -53.000  7.456 0.0000000000
24784  -1.863  -52.117  7.711 0.0000000000
24785  -2.697  -52.465  7.890 0.0000000000
132242  -4.095  -52.312  8.137 0.0000000000
25846  -4.678  -51.736  8.204 0.0000000000
25829  -4.325  -51.084  8.401 0.0000000000
132227  -4.316  -49.691  8.550 0.0000000000
138465  -4.361  -48.330  8.766 0.0000000000
142219  3.511  -46.707  3.837 0.0000000000
29910  3.237  -47.283  4.138 0.0000000000
30856  3.077  -46.322  4.242 0.0000000000
31739  2.693  -45.355  4.510 0.0000000000
31731  1.166  -45.140  5.413 0.0000000000
34397  1.666  -41.862  7.960 0.0000000000
33484  1.413  -42.600  7.475 0.0000000000
32734  15.154  -44.709  -1.471 0.0000000000
32715  15.470  -44.888  -0.518 0.0000000000
137613  15.974  -43.675  0.126 0.0000000000
33582  16.184  -42.408  0.296 0.0000000000
34474  16.187  -41.497  1.172 0.0000000000
132455  12.315  -41.291  -0.212 0.0000000000
34485  12.938  -42.163  0.228 0.0000000000
33584  12.493  -43.593  -0.097 0.0000000000
32717  12.026  -44.484  -0.343 0.0000000000
31795  11.699  -45.240  0.256 0.0000000000
31783  10.509  -45.277  0.703 0.0000000000
358  -4.701  -86.818  15.421 0.0000000000
199  -4.516  -88.115  14.151 0.0000000000
72  -4.593  -88.976  11.586 0.0000000000
206  -4.845  -88.679  12.414 0.0000000000
213  -5.564  -88.417  9.647 0.0000000000
216  -6.086  -87.940  8.969 0.0000000000
406  -6.057  -86.257  6.676 0.0000000000
392  -6.275  -87.268  8.409 0.0000000000
391  -5.938  -86.304  8.645 0.0000000000
400  -5.380  -85.999  8.015 0.0000000000
1208  -6.722  -84.348  10.752 0.0000000000
902  -4.500  -84.992  10.449 0.0000000000
1223  -4.745  -84.443  10.192 0.0000000000
911  -3.355  -84.503  9.563 0.0000000000
917  -2.109  -84.905  8.728 0.0000000000
920  -1.071  -84.691  7.645 0.0000000000
916  -1.493  -84.223  8.481 0.0000000000
1233  -1.851  -83.487  9.039 0.0000000000
1584  -1.515  -82.799  9.116 0.0000000000
141299  -9.159  -80.512  5.155 0.0000000000
127113  -6.865  -79.316  2.416 0.0000000000
2854  -7.093  -80.245  2.651 0.0000000000
2853  -5.972  -79.579  3.109 0.0000000000
2838  -4.655  -80.377  4.588 0.0000000000
124882  -4.087  -80.470  5.329 0.0000000000
2405  -3.545  -80.501  6.504 0.0000000000
2826  -3.209  -79.685  6.684 0.0000000000
2819  -2.755  -79.576  7.575 0.0000000000
3295  -1.637  -79.103  8.501 0.0000000000
3293  0.246  -78.632  8.718 0.0000000000
3309  -1.557  -78.285  8.072 0.0000000000
3775  -1.419  -77.579  7.662 0.0000000000
4270  -1.188  -76.939  7.271 0.0000000000
5547  -2.786  -73.986  4.921 0.0000000000
127843  -2.043  -75.104  5.808 0.0000000000
5530  -1.066  -74.349  5.619 0.0000000000
124602  -0.218  -74.357  5.626 0.0000000000
5528  1.559  -74.362  5.482 0.0000000000
5545  3.510  -74.188  4.656 0.0000000000
5546  2.948  -73.664  5.073 0.0000000000
6253  2.911  -72.794  5.040 0.0000000000
6991  3.513  -72.416  4.488 0.0000000000
11660  -6.484  -66.627  -0.203 0.0000000000
10936  -6.082  -67.171  0.265 0.0000000000
11659  -5.575  -66.692  0.152 0.0000000000
144943  -4.451  -66.775  1.304 0.0000000000
10907  -3.587  -67.018  1.921 0.0000000000
10892  0.494  -67.466  2.192 0.0000000000
126323  -0.206  -67.518  2.670 0.0000000000
10879  1.086  -67.475  3.308 0.0000000000
10084  2.464  -68.228  4.538 0.0000000000
9246  2.685  -69.280  5.002 0.0000000000
8429  3.710  -70.308  4.639 0.0000000000
9244  4.165  -69.866  4.263 0.0000000000
8458  5.541  -70.215  2.537 0.0000000000
8467  5.802  -70.728  1.036 0.0000000000
8506  5.607  -70.621  -1.335 0.0000000000
8480  6.489  -70.120  -0.051 0.0000000000
8492  6.351  -70.105  -0.935 0.0000000000
9313  6.631  -69.536  -1.364 0.0000000000
11658  5.289  -65.831  -0.080 0.0000000000
11657  6.025  -66.365  -0.206 0.0000000000
12489  6.454  -65.857  -0.587 0.0000000000
12488  7.049  -66.062  -1.108 0.0000000000
12497  7.261  -65.175  -2.777 0.0000000000
13367  6.587  -64.802  -3.279 0.0000000000
13351  7.344  -64.171  -1.694 0.0000000000
14245  7.069  -63.460  -0.339 0.0000000000
21591  -5.958  -55.031  9.148 0.0000000000
124550  -5.282  -53.199  9.971 0.0000000000
22640  -4.774  -54.660  10.018 0.0000000000
21581  -4.500  -55.490  10.265 0.0000000000
133435  1.572  -48.468  10.465 0.0000000000
23705  1.615  -53.704  11.336 0.0000000000
121771  0.878  -53.263  11.189 0.0000000000
142388  0.350  -54.308  11.344 0.0000000000
22636  -0.314  -54.258  11.233 0.0000000000
123208  -1.112  -55.590  11.353 0.0000000000
21570  -1.943  -55.643  11.219 0.0000000000
133525  -1.579  -56.741  11.736 0.0000000000
18782  -2.320  -58.302  11.959 0.0000000000
16873  -2.489  -60.101  11.306 0.0000000000
15926  -1.993  -61.531  10.371 0.0000000000
16872  -1.832  -60.600  12.081 0.0000000000
14967  -0.959  -62.284  11.420 0.0000000000
14966  0.066  -62.663  11.296 0.0000000000
15910  2.446  -61.871  11.727 0.0000000000
15924  2.456  -62.046  10.809 0.0000000000
15951  2.724  -62.225  8.757 0.0000000000
15043  5.008  -62.327  6.352 0.0000000000
15061  6.026  -62.254  5.084 0.0000000000
15992  5.597  -61.650  5.363 0.0000000000
16011  5.162  -60.571  4.961 0.0000000000
140224  4.954  -59.877  4.050 0.0000000000
16999  4.628  -59.310  3.363 0.0000000000
126036  4.415  -59.399  4.547 0.0000000000
17933  3.856  -58.932  5.147 0.0000000000
17920  3.376  -58.673  6.062 0.0000000000
18804  5.734  -59.383  7.813 0.0000000000
18819  5.308  -58.347  7.327 0.0000000000
19729  4.771  -57.229  7.106 0.0000000000
20667  5.289  -56.623  6.410 0.0000000000
21610  4.803  -55.186  6.815 0.0000000000
139502  5.467  -56.155  6.091 0.0000000000
21620  5.997  -56.065  5.119 0.0000000000
20685  6.417  -56.466  4.440 0.0000000000
141131  10.126  -55.115  6.091 0.0000000000
21602  10.155  -55.668  7.561 0.0000000000
123156  10.451  -55.845  6.695 0.0000000000
18830  11.367  -57.999  6.239 0.0000000000
17025  12.503  -60.082  1.717 0.0000000000
17006  12.009  -60.247  2.395 0.0000000000
17047  11.266  -60.281  1.043 0.0000000000
17978  10.368  -59.946  1.237 0.0000000000
17979  9.695  -59.303  1.599 0.0000000000
18897  8.860  -57.960  1.731 0.0000000000
17998  9.427  -58.495  1.262 0.0000000000
19803  9.204  -57.664  0.970 0.0000000000
19815  9.086  -56.825  0.736 0.0000000000
21700  8.759  -55.349  0.770 0.0000000000
20752  9.546  -56.534  0.120 0.0000000000
20770  10.051  -56.121  -0.278 0.0000000000
21716  10.645  -55.520  -0.467 0.0000000000
21739  16.159  -55.385  -1.279 0.0000000000
126477  14.223  -55.206  -1.069 0.0000000000
22838  15.701  -54.804  -1.496 0.0000000000
121400  15.162  -54.112  -1.537 0.0000000000
23914  14.562  -53.317  -1.437 0.0000000000
24943  15.159  -52.582  -1.616 0.0000000000
24942  16.413  -52.235  -2.101 0.0000000000
26019  17.503  -51.389  -2.311 0.0000000000
27009  18.428  -50.492  -2.389 0.0000000000
30916  22.951  -46.548  -0.255 0.0000000000
29968  22.245  -47.746  -0.851 0.0000000000
30940  22.951  -46.470  -1.224 0.0000000000
31862  22.985  -45.418  -2.372 0.0000000000
1375  -4.852  -83.552  -3.928 0.0000000000
1014  -3.628  -83.882  -3.762 0.0000000000
727  -4.663  -84.984  -4.359 0.0000000000
128320  -5.706  -86.285  -4.486 0.0000000000
273  -5.758  -87.646  -4.405 0.0000000000
281  -6.079  -87.489  -5.417 0.0000000000
158  -5.975  -88.530  -6.993 0.0000000000
165  -5.726  -88.445  -8.609 0.0000000000
2486  -5.216  -80.549  -3.993 0.0000000000
2076  -5.716  -81.182  -4.658 0.0000000000
2092  -5.034  -81.607  -5.245 0.0000000000
1726  -3.736  -82.674  -6.284 0.0000000000
1401  -3.854  -83.669  -7.366 0.0000000000
794  0.324  -85.317  -13.001 0.0000000000
771  -0.982  -85.165  -11.220 0.0000000000
795  -0.462  -85.477  -12.683 0.0000000000
784  -1.794  -85.631  -12.022 0.0000000000
797  -3.096  -86.186  -12.831 0.0000000000
522  -4.775  -86.825  -12.512 0.0000000000
529  -3.458  -86.690  -13.866 0.0000000000
537  -3.254  -86.988  -14.273 0.0000000000
337  -2.173  -87.066  -15.077 0.0000000000
336  -1.293  -87.430  -15.183 0.0000000000
139148  -1.776  -86.972  -15.718 0.0000000000
564  0.674  -85.693  -18.300 0.0000000000
132811  4.813  -82.522  -21.850 0.0000000000
1867  4.130  -83.318  -21.949 0.0000000000
6342  1.422  -73.605  -3.407 0.0000000000
5640  2.209  -74.206  -3.132 0.0000000000
6373  1.702  -73.561  -4.573 0.0000000000
5690  1.605  -74.111  -6.539 0.0000000000
5030  1.178  -74.942  -7.503 0.0000000000
2967  -0.627  -79.753  -9.673 0.0000000000
2966  0.090  -79.232  -9.877 0.0000000000
2555  0.316  -80.064  -10.803 0.0000000000
144122  0.794  -80.263  -11.355 0.0000000000
2585  1.636  -80.530  -12.325 0.0000000000
2584  2.616  -80.177  -12.762 0.0000000000
2595  1.771  -80.895  -13.097 0.0000000000
2191  1.893  -81.355  -14.495 0.0000000000
134953  1.081  -81.825  -15.959 0.0000000000
2155  -6.971  -81.507  -12.052 0.0000000000
1765  -6.755  -82.545  -11.157 0.0000000000
1784  -6.398  -82.672  -12.896 0.0000000000
1448  -6.006  -83.228  -13.263 0.0000000000
127169  -5.178  -84.013  -14.875 0.0000000000
2662  -3.442  -80.854  -20.382 0.0000000000
2232  -3.944  -81.402  -19.341 0.0000000000
2239  -3.513  -81.226  -20.192 0.0000000000
1862  -2.527  -82.301  -20.923 0.0000000000
1861  -1.590  -82.576  -20.926 0.0000000000
2238  -0.652  -82.528  -20.384 0.0000000000
127354  -0.976  -82.430  -21.398 0.0000000000
2251  -0.283  -82.073  -21.927 0.0000000000
2258  0.841  -81.373  -23.039 0.0000000000
2680  1.760  -80.994  -22.864 0.0000000000
133146  1.137  -81.032  -23.743 0.0000000000
2690  0.734  -79.394  -25.048 0.0000000000
3129  1.611  -78.833  -25.520 0.0000000000
17966  -2.945  -59.475  2.551 0.0000000000
17036  -2.945  -60.494  1.520 0.0000000000
130271  -3.739  -59.504  2.527 0.0000000000
17016  -4.959  -59.805  1.820 0.0000000000
17985  -5.782  -59.630  1.671 0.0000000000
20727  -10.263  -56.927  2.970 0.0000000000
19796  -9.866  -57.744  2.959 0.0000000000
19809  -10.301  -57.563  2.183 0.0000000000
18914  -10.455  -58.725  0.959 0.0000000000
18005  -10.755  -59.438  -0.157 0.0000000000
17065  -10.789  -60.510  -0.818 0.0000000000
18930  -11.009  -59.051  -0.495 0.0000000000
19863  -10.741  -58.529  -2.175 0.0000000000
18945  -10.634  -58.240  -3.084 0.0000000000
12522  2.814  -65.568  -6.008 0.0000000000
11726  1.215  -65.487  -7.035 0.0000000000
13390  1.229  -64.253  -6.586 0.0000000000
13391  0.421  -63.995  -6.866 0.0000000000
14309  -0.871  -63.401  -6.574 0.0000000000
14290  0.400  -62.738  -4.441 0.0000000000
126500  -0.829  -62.669  -4.806 0.0000000000
14302  -2.336  -62.669  -5.465 0.0000000000
14294  -2.857  -62.551  -4.703 0.0000000000
142114  -3.605  -62.564  -3.651 0.0000000000
26968  10.470  -50.623  -0.220 0.0000000000
136539  10.480  -49.939  -0.023 0.0000000000
27964  11.001  -49.334  0.047 0.0000000000
28971  11.473  -48.500  0.367 0.0000000000
29954  12.071  -47.763  0.805 0.0000000000
28969  13.405  -48.221  0.165 0.0000000000
29953  13.057  -47.627  0.754 0.0000000000
29937  11.753  -47.313  1.567 0.0000000000
30893  12.483  -46.661  2.361 0.0000000000
30877  13.334  -45.950  3.291 0.0000000000
31767  14.182  -45.127  4.098 0.0000000000
2033  -1.976  -82.275  1.040 0.0000000000
128416  -2.121  -81.867  0.370 0.0000000000
2050  -1.669  -81.521  -0.161 0.0000000000
2454  -0.585  -80.473  -1.475 0.0000000000
2881  -0.633  -79.091  -2.570 0.0000000000
2453  0.390  -80.317  -1.244 0.0000000000
3370  0.092  -77.703  -3.027 0.0000000000
3388  -0.345  -77.059  -4.168 0.0000000000
125699  1.124  -77.346  -5.394 0.0000000000
3416  2.520  -78.132  -6.345 0.0000000000
3415  3.379  -77.568  -6.919 0.0000000000
4327  2.089  -76.462  2.311 0.0000000000
4329  -0.486  -76.615  2.969 0.0000000000
4939  0.534  -75.773  1.946 0.0000000000
5587  -0.881  -74.915  1.724 0.0000000000
6305  -2.834  -74.175  1.165 0.0000000000
6303  -1.307  -73.492  0.698 0.0000000000
6304  -1.900  -73.406  0.749 0.0000000000
5618  -3.812  -74.571  0.798 0.0000000000
125358  -3.950  -74.058  0.167 0.0000000000
6333  -5.351  -74.003  -0.963 0.0000000000
6347  -5.524  -73.525  -1.756 0.0000000000
11721  -8.230  -66.648  -5.952 0.0000000000
132230  -8.810  -67.446  -4.619 0.0000000000
11710  -9.275  -66.541  -5.165 0.0000000000
11711  -10.218  -66.434  -4.976 0.0000000000
11017  -11.333  -67.265  -5.455 0.0000000000
142614  -11.692  -65.842  -6.762 0.0000000000
124037  -11.645  -66.647  -6.373 0.0000000000
11028  -11.643  -67.717  -6.600 0.0000000000
10243  -11.706  -68.146  -7.550 0.0000000000
10252  -11.821  -68.621  -8.503 0.0000000000
9415  -11.963  -69.443  -9.117 0.0000000000
9426  -12.167  -69.407  -10.051 0.0000000000
10272  -12.212  -68.607  -10.506 0.0000000000
11068  -12.245  -67.065  -12.459 0.0000000000
11794  -12.036  -66.325  -12.890 0.0000000000
12606  -11.355  -64.930  -12.445 0.0000000000
12626  -11.690  -65.657  -13.391 0.0000000000
142617  -11.034  -64.734  -14.491 0.0000000000
13524  -10.657  -64.774  -15.565 0.0000000000
13523  -9.862  -63.968  -15.987 0.0000000000
15352  -8.440  -62.500  -15.599 0.0000000000
21635  1.860  -54.929  3.932 0.0000000000
22726  0.205  -54.573  4.315 0.0000000000
23804  1.156  -53.626  4.435 0.0000000000
23785  0.607  -53.139  4.849 0.0000000000
24805  -0.328  -51.949  6.046 0.0000000000
134593  0.737  -51.169  5.781 0.0000000000
124456  0.034  -51.198  6.130 0.0000000000
141045  -0.747  -52.146  6.743 0.0000000000
25842  -0.847  -50.928  7.401 0.0000000000
27868  -1.169  -49.527  7.623 0.0000000000
28890  -1.386  -48.760  7.605 0.0000000000
32635  5.472  -44.099  4.997 0.0000000000
32636  4.357  -44.073  4.652 0.0000000000
33508  4.846  -43.302  5.472 0.0000000000
33496  4.347  -42.650  6.178 0.0000000000
34411  3.765  -41.984  6.732 0.0000000000
34394  5.006  -40.926  7.062 0.0000000000
34395  4.118  -41.101  7.111 0.0000000000
34396  3.062  -41.476  7.117 0.0000000000
34511  13.522  -42.155  -2.239 0.0000000000
35503  14.656  -40.823  -0.639 0.0000000000
35522  13.303  -40.967  -1.838 0.0000000000
36458  13.625  -40.298  -1.061 0.0000000000
36445  12.828  -39.969  -0.853 0.0000000000
37454  12.044  -39.722  -0.966 0.0000000000
35492  12.637  -40.322  -0.471 0.0000000000
35493  11.620  -40.517  -0.463 0.0000000000
126828  11.263  -41.896  -0.581 0.0000000000
34488  10.127  -41.945  -0.831 0.0000000000
874  -6.180  -84.679  15.111 0.0000000000
879  -5.973  -85.526  14.420 0.0000000000
596  -5.912  -86.635  12.771 0.0000000000
886  -6.322  -85.081  13.124 0.0000000000
1196  -6.750  -84.175  12.685 0.0000000000
1209  -7.077  -84.130  11.724 0.0000000000
1569  -8.014  -82.368  11.760 0.0000000000
124633  -7.621  -83.727  11.045 0.0000000000
1224  -7.871  -83.774  10.224 0.0000000000
1589  -7.952  -83.711  9.198 0.0000000000
1602  -7.820  -83.456  8.136 0.0000000000
3819  -9.091  -78.435  1.505 0.0000000000
4332  -9.634  -76.452  0.847 0.0000000000
3827  -9.462  -77.311  1.019 0.0000000000
3352  -7.969  -79.051  1.822 0.0000000000
3345  -6.750  -78.317  2.380 0.0000000000
3807  -5.892  -77.536  3.313 0.0000000000
3338  -5.225  -77.798  4.102 0.0000000000
3792  -3.956  -77.524  5.701 0.0000000000
4306  -4.840  -76.860  4.631 0.0000000000
141831  -4.713  -76.240  4.661 0.0000000000
137157  -4.444  -74.999  4.348 0.0000000000
5559  -5.288  -74.676  3.372 0.0000000000
5558  -4.635  -74.059  3.715 0.0000000000
5548  -3.555  -74.151  4.610 0.0000000000
6257  -3.233  -73.250  4.442 0.0000000000
134644  -2.695  -72.465  4.499 0.0000000000
7699  -2.360  -71.650  4.528 0.0000000000
13303  -5.471  -63.913  1.245 0.0000000000
13320  -4.449  -65.238  0.528 0.0000000000
139436  -4.314  -64.474  1.438 0.0000000000
12442  -2.779  -65.459  1.017 0.0000000000
13291  -2.311  -65.093  2.628 0.0000000000
12460  -1.475  -65.942  1.133 0.0000000000
10920  -0.503  -67.047  1.618 0.0000000000
10902  0.868  -67.429  2.130 0.0000000000
10890  2.143  -67.319  2.487 0.0000000000
10888  3.692  -67.545  2.712 0.0000000000
139718  5.898  -68.021  1.960 0.0000000000
10916  3.590  -67.107  1.788 0.0000000000
10915  4.434  -66.758  1.276 0.0000000000
11638  4.213  -66.145  0.611 0.0000000000
12425  1.041  -65.562  3.206 0.0000000000
129988  3.093  -65.593  1.839 0.0000000000
12454  4.161  -65.436  0.823 0.0000000000
12434  4.301  -64.839  1.469 0.0000000000
12421  4.290  -64.722  2.544 0.0000000000
12415  4.207  -64.764  3.739 0.0000000000
137160  5.096  -48.378  9.356 0.0000000000
130469  3.851  -48.499  9.995 0.0000000000
133175  4.040  -49.493  10.357 0.0000000000
131613  3.888  -50.912  10.613 0.0000000000
25799  3.574  -51.671  10.757 0.0000000000
24752  4.131  -52.329  10.909 0.0000000000
23703  3.188  -53.144  11.205 0.0000000000
23704  2.412  -53.437  11.292 0.0000000000
22617  1.723  -54.839  11.684 0.0000000000
20613  1.518  -55.954  12.043 0.0000000000
19682  0.837  -57.520  12.645 0.0000000000
17830  0.064  -59.215  13.304 0.0000000000
18771  1.543  -58.243  13.173 0.0000000000
18763  1.837  -59.086  13.454 0.0000000000
17820  2.565  -59.701  13.438 0.0000000000
19679  3.573  -57.382  12.636 0.0000000000
18769  3.299  -58.928  13.264 0.0000000000
16854  2.894  -60.501  13.182 0.0000000000
16870  4.003  -60.956  11.930 0.0000000000
16885  3.514  -61.268  10.976 0.0000000000
16904  2.865  -60.843  9.870 0.0000000000
17867  2.187  -60.133  9.129 0.0000000000
17866  2.900  -60.139  9.478 0.0000000000
17865  4.928  -60.405  9.992 0.0000000000
17864  5.800  -60.262  9.598 0.0000000000
18788  6.951  -58.997  11.009 0.0000000000
17863  6.834  -60.030  9.338 0.0000000000
17876  5.774  -59.967  8.589 0.0000000000
17875  6.589  -59.939  8.137 0.0000000000
17889  7.061  -59.880  7.478 0.0000000000
17901  7.848  -59.887  6.211 0.0000000000
20682  12.461  -56.772  3.764 0.0000000000
19757  12.295  -57.496  4.453 0.0000000000
19772  12.797  -57.514  3.816 0.0000000000
18862  13.004  -58.329  3.427 0.0000000000
18879  13.117  -59.092  2.793 0.0000000000
19788  14.553  -57.526  2.489 0.0000000000
17955  13.724  -59.060  1.956 0.0000000000
17977  13.230  -59.650  1.367 0.0000000000
17994  13.237  -59.564  0.512 0.0000000000
18008  13.061  -59.244  -0.160 0.0000000000
18922  12.844  -58.526  -0.504 0.0000000000
140788  12.437  -57.880  -0.619 0.0000000000
143441  13.485  -58.049  -0.582 0.0000000000
19842  14.471  -57.216  -0.617 0.0000000000
20788  15.031  -56.452  -0.881 0.0000000000
20766  16.391  -56.465  -0.293 0.0000000000
20786  16.472  -55.840  -0.868 0.0000000000
132717  15.770  -55.996  -1.051 0.0000000000
21738  16.903  -55.121  -1.208 0.0000000000
23910  18.158  -53.648  -1.197 0.0000000000
24940  18.614  -52.954  -1.047 0.0000000000
999  -4.839  -84.577  -0.706 0.0000000000
127275  -4.724  -83.342  -1.663 0.0000000000
1000  -6.270  -85.048  -1.265 0.0000000000
1353  -5.899  -83.397  -2.017 0.0000000000
1360  -4.980  -82.931  -2.406 0.0000000000
1364  -6.462  -83.309  -4.193 0.0000000000
1376  -6.193  -83.923  -4.495 0.0000000000
1032  -7.416  -84.079  -5.991 0.0000000000
1408  0.026  -83.057  -8.893 0.0000000000
122957  -1.164  -83.530  -8.571 0.0000000000
1416  0.356  -83.483  -9.570 0.0000000000
1056  -0.077  -84.130  -10.039 0.0000000000
1074  0.669  -84.655  -11.535 0.0000000000
1079  2.553  -84.181  -12.765 0.0000000000
1080  1.682  -84.538  -12.513 0.0000000000
1081  0.925  -84.836  -12.292 0.0000000000
801  0.792  -85.218  -13.816 0.0000000000
1093  1.345  -85.055  -14.688 0.0000000000
1103  1.423  -84.895  -15.822 0.0000000000
823  0.469  -85.120  -17.045 0.0000000000
1111  1.534  -84.642  -16.732 0.0000000000
127883  2.356  -84.029  -18.583 0.0000000000
1495  3.304  -83.289  -19.976 0.0000000000
1853  4.230  -82.631  -19.827 0.0000000000
1860  4.478  -82.493  -20.920 0.0000000000
2249  5.594  -81.950  -22.141 0.0000000000
3119  6.993  -79.663  -25.022 0.0000000000
5012  -1.660  -74.850  -5.918 0.0000000000
4399  -0.665  -75.847  -7.112 0.0000000000
3883  -1.742  -77.016  -6.998 0.0000000000
3908  -1.342  -77.568  -7.522 0.0000000000
3449  -1.281  -78.819  -8.252 0.0000000000
2944  -2.736  -79.388  -7.673 0.0000000000
124506  -2.329  -79.809  -8.204 0.0000000000
2968  -1.330  -79.799  -9.088 0.0000000000
132519  -0.912  -80.531  -10.246 0.0000000000
2153  -1.162  -81.745  -11.573 0.0000000000
1780  -1.150  -82.504  -12.949 0.0000000000
3116  -0.845  -79.235  -23.876 0.0000000000
140000  -5.761  -55.803  5.660 0.0000000000
20691  -5.949  -56.865  4.755 0.0000000000
20679  -7.291  -56.153  4.955 0.0000000000
21639  -8.070  -55.845  4.974 0.0000000000
20694  -8.993  -56.283  4.603 0.0000000000
22711  -8.904  -54.288  5.787 0.0000000000
22731  -9.297  -54.898  5.231 0.0000000000
20695  -9.910  -56.303  4.317 0.0000000000
21677  -10.321  -56.077  3.261 0.0000000000
120621  -10.319  -55.279  2.570 0.0000000000
134202  1.692  -71.164  -2.766 0.0000000000
8522  0.106  -70.608  -2.789 0.0000000000
139454  0.218  -70.249  -3.476 0.0000000000
9345  -0.829  -69.819  -3.755 0.0000000000
10193  -1.561  -69.235  -4.524 0.0000000000
10215  -0.269  -68.984  -5.254 0.0000000000
10216  -1.886  -68.877  -4.919 0.0000000000
10217  -2.665  -68.704  -4.938 0.0000000000
10218  -3.494  -68.580  -5.044 0.0000000000
10992  -4.817  -68.020  -6.154 0.0000000000
11014  -5.580  -67.435  -6.591 0.0000000000
12529  0.472  -65.358  -7.344 0.0000000000
12531  -1.388  -65.481  -7.758 0.0000000000
134198  -1.965  -65.906  -7.767 0.0000000000
129438  -3.220  -63.769  -7.277 0.0000000000
12533  -3.324  -65.201  -7.736 0.0000000000
11731  -3.163  -66.100  -7.653 0.0000000000
11732  -4.656  -66.120  -7.537 0.0000000000
11718  -5.339  -66.792  -7.202 0.0000000000
11720  -7.149  -66.832  -6.543 0.0000000000
11735  -7.659  -65.971  -6.711 0.0000000000
12537  -8.107  -65.160  -6.766 0.0000000000
12538  -8.810  -64.347  -6.718 0.0000000000
15236  -7.081  -63.015  -7.232 0.0000000000
13401  -8.178  -63.723  -7.197 0.0000000000
13402  -9.436  -63.535  -6.969 0.0000000000
14341  -10.104  -62.933  -7.715 0.0000000000
15240  -10.811  -62.242  -8.242 0.0000000000
16157  -11.247  -61.853  -7.639 0.0000000000
25905  5.702  -51.886  3.076 0.0000000000
26888  4.258  -50.637  4.098 0.0000000000
26900  5.121  -50.313  3.024 0.0000000000
27928  4.897  -49.629  2.969 0.0000000000
28939  4.405  -48.383  3.091 0.0000000000
136598  6.406  -49.166  2.106 0.0000000000
29927  5.092  -48.069  2.670 0.0000000000
29915  4.492  -47.523  3.068 0.0000000000
30864  4.658  -46.594  3.230 0.0000000000
30863  5.193  -45.978  3.416 0.0000000000
31754  5.216  -45.409  3.768 0.0000000000
28973  9.676  -48.981  0.971 0.0000000000
28956  9.166  -48.571  1.407 0.0000000000
29923  8.373  -47.716  2.353 0.0000000000
30896  9.655  -47.503  2.368 0.0000000000
30881  8.904  -47.172  2.863 0.0000000000
127678  8.060  -47.269  2.795 0.0000000000
31773  7.182  -46.428  3.422 0.0000000000
31752  6.889  -45.842  3.849 0.0000000000
32652  5.779  -44.953  4.266 0.0000000000
32634  6.499  -44.390  4.942 0.0000000000
33506  7.270  -43.652  5.554 0.0000000000
33493  8.035  -42.673  6.105 0.0000000000
33504  9.462  -42.978  5.926 0.0000000000
33492  8.817  -42.552  6.024 0.0000000000
34408  7.925  -41.450  6.249 0.0000000000
35431  8.430  -40.703  5.650 0.0000000000
35439  8.385  -40.309  5.110 0.0000000000
35450  8.066  -40.221  4.391 0.0000000000
12477  -8.343  -65.546  -0.719 0.0000000000
13323  -7.799  -64.043  0.122 0.0000000000
14225  -6.793  -63.535  0.915 0.0000000000
16053  -10.852  -62.076  3.149 0.0000000000
15100  -10.772  -62.725  2.204 0.0000000000
15115  -8.652  -62.712  1.317 0.0000000000
14207  -7.288  -62.871  1.457 0.0000000000
14206  -6.254  -63.151  1.778 0.0000000000
14193  -5.143  -62.940  2.871 0.0000000000
15076  -4.724  -62.583  3.698 0.0000000000
16014  -6.634  -61.133  3.881 0.0000000000
16033  -5.845  -61.551  3.983 0.0000000000
15063  -5.035  -61.878  4.151 0.0000000000
16012  -4.631  -61.568  4.894 0.0000000000
15030  -3.854  -61.492  6.043 0.0000000000
15979  -3.651  -61.392  6.701 0.0000000000
130563  4.925  -47.331  8.728 0.0000000000
28852  5.702  -48.365  9.044 0.0000000000
27827  6.291  -49.132  9.312 0.0000000000
26810  6.724  -49.842  9.557 0.0000000000
27866  7.014  -48.901  7.072 0.0000000000
27844  7.340  -49.604  8.326 0.0000000000
132046  7.313  -50.191  9.251 0.0000000000
132774  7.625  -51.832  9.832 0.0000000000
24767  8.274  -52.403  9.391 0.0000000000
23724  8.501  -53.318  9.554 0.0000000000
22652  8.747  -54.314  9.634 0.0000000000
23737  9.103  -53.714  8.939 0.0000000000
127639  9.417  -53.946  8.069 0.0000000000
23742  9.369  -53.603  7.089 0.0000000000
24800  8.919  -52.577  5.797 0.0000000000
23758  9.245  -53.333  6.060 0.0000000000
22688  9.517  -53.935  6.412 0.0000000000
22687  9.787  -54.512  6.189 0.0000000000
21619  10.609  -55.283  4.321 0.0000000000
25876  11.375  -50.248  2.682 0.0000000000
23802  10.941  -52.979  1.884 0.0000000000
21632  11.101  -54.990  2.798 0.0000000000
21631  12.008  -56.113  3.200 0.0000000000
133787  13.780  -55.837  2.706 0.0000000000
20700  14.434  -56.037  2.837 0.0000000000
22741  15.247  -54.127  3.276 0.0000000000
21649  15.175  -55.109  2.964 0.0000000000
21647  16.536  -54.650  3.279 0.0000000000
1304  -7.554  -83.685  2.636 0.0000000000
1678  -8.041  -81.949  0.940 0.0000000000
1669  -7.489  -82.323  1.663 0.0000000000
141087  -6.941  -81.285  0.191 0.0000000000
2458  -6.623  -80.332  -1.895 0.0000000000
2053  -5.258  -81.196  -0.489 0.0000000000
127864  -5.657  -80.269  -2.196 0.0000000000
2463  -5.330  -80.168  -2.875 0.0000000000
2075  -4.287  -80.911  -4.527 0.0000000000
2090  -2.617  -81.641  -5.296 0.0000000000
1724  -1.453  -82.275  -6.416 0.0000000000
131438  -2.420  -80.764  -1.525 0.0000000000
2883  -2.263  -79.388  -2.926 0.0000000000
2889  -2.567  -79.315  -3.521 0.0000000000
2906  -1.196  -78.605  -4.578 0.0000000000
2917  -0.665  -79.658  -4.872 0.0000000000
2498  -1.367  -80.564  -4.836 0.0000000000
2088  -1.051  -81.290  -5.442 0.0000000000
2102  -0.715  -81.746  -6.253 0.0000000000
1733  -0.613  -82.484  -7.500 0.0000000000
1747  0.772  -82.833  -9.171 0.0000000000
1760  1.936  -82.992  -10.039 0.0000000000
1424  3.270  -83.038  -10.995 0.0000000000
1744  3.110  -82.095  -9.865 0.0000000000
125954  4.049  -82.420  -10.895 0.0000000000
1768  4.061  -82.875  -11.560 0.0000000000
1777  5.306  -82.053  -13.141 0.0000000000
1802  5.463  -81.638  -14.420 0.0000000000
2614  5.521  -80.300  -15.670 0.0000000000
3926  -9.173  -78.421  -8.063 0.0000000000
2519  -8.071  -80.559  -8.043 0.0000000000
3453  -8.973  -79.130  -8.536 0.0000000000
2959  -8.589  -79.635  -9.440 0.0000000000
2972  -8.150  -80.019  -10.633 0.0000000000
3968  -8.340  -78.143  -12.284 0.0000000000
2992  -7.655  -79.332  -12.207 0.0000000000
2561  -7.437  -80.260  -11.889 0.0000000000
2560  -6.824  -80.040  -12.640 0.0000000000
2559  -6.482  -80.203  -12.745 0.0000000000
30942  17.547  -47.177  -2.171 0.0000000000
30943  16.806  -47.219  -1.348 0.0000000000
125143  17.257  -46.622  -1.687 0.0000000000
31846  17.419  -46.077  -1.670 0.0000000000
32733  16.426  -45.748  -1.495 0.0000000000
32747  18.544  -44.646  -2.452 0.0000000000
31868  17.646  -44.761  -2.354 0.0000000000
144458  15.630  -45.211  -1.664 0.0000000000
32748  15.314  -44.629  -2.146 0.0000000000
32749  14.771  -44.266  -2.064 0.0000000000
32750  14.309  -43.621  -2.309 0.0000000000
33608  13.767  -43.150  -2.793 0.0000000000
2432  0.913  -80.474  3.046 0.0000000000
2867  1.656  -79.509  0.746 0.0000000000
3356  1.049  -79.429  1.520 0.0000000000
3829  1.491  -78.162  0.174 0.0000000000
4342  1.315  -76.901  -0.549 0.0000000000
142206  -0.005  -77.949  0.279 0.0000000000
4952  0.686  -76.225  -0.862 0.0000000000
4963  1.222  -75.341  -1.483 0.0000000000
5642  0.801  -74.234  -2.338 0.0000000000
6359  -0.223  -73.452  -3.719 0.0000000000
133397  -0.739  -73.539  -4.862 0.0000000000
128133  -1.799  -76.982  3.152 0.0000000000
4344  -2.756  -77.530  0.525 0.0000000000
4954  -1.882  -76.930  -0.491 0.0000000000
4956  -3.975  -77.141  -0.170 0.0000000000
5632  -2.441  -75.948  -1.773 0.0000000000
5631  -1.483  -75.513  -1.825 0.0000000000
6345  -1.443  -74.446  -3.023 0.0000000000
133061  -1.617  -73.977  -4.134 0.0000000000
6392  -1.845  -74.150  -5.068 0.0000000000
5013  -2.316  -74.697  -5.404 0.0000000000
142221  -3.163  -76.152  -5.834 0.0000000000
4403  -4.085  -76.768  -5.839 0.0000000000
144713  -5.130  -75.995  -4.657 0.0000000000
3871  -4.923  -76.893  -5.615 0.0000000000
130834  -5.255  -77.572  -5.894 0.0000000000
3421  -6.422  -78.708  -6.301 0.0000000000
3422  -7.702  -78.933  -6.241 0.0000000000
3424  -8.972  -78.615  -6.406 0.0000000000
8523  -0.639  -70.645  -2.510 0.0000000000
8525  -1.700  -70.946  -2.572 0.0000000000
7778  -2.086  -71.529  -2.303 0.0000000000
9348  -3.842  -69.739  -3.719 0.0000000000
7788  -3.223  -71.226  -3.266 0.0000000000
7779  -3.454  -72.091  -2.779 0.0000000000
7079  -4.528  -72.663  -2.587 0.0000000000
7080  -5.643  -72.999  -2.699 0.0000000000
6362  -6.629  -73.157  -2.841 0.0000000000
132374  -8.458  -68.095  -3.907 0.0000000000
10178  -8.455  -68.582  -3.490 0.0000000000
9350  -8.640  -69.346  -3.371 0.0000000000
9371  -10.594  -69.352  -3.637 0.0000000000
8551  -10.019  -70.477  -3.586 0.0000000000
8549  -8.462  -70.799  -3.444 0.0000000000
7091  -8.462  -72.390  -3.193 0.0000000000
6363  -7.867  -73.287  -2.807 0.0000000000
6350  -8.045  -74.390  -2.275 0.0000000000
5650  -8.977  -74.748  -2.546 0.0000000000
123722  -9.473  -75.504  -3.232 0.0000000000
5001  -9.412  -76.271  -3.708 0.0000000000
127993  -9.071  -74.079  -5.145 0.0000000000
5686  -9.687  -75.354  -4.714 0.0000000000
5016  -9.613  -76.314  -4.408 0.0000000000
121240  -9.385  -77.137  -5.728 0.0000000000
4419  -9.180  -77.348  -6.723 0.0000000000
3910  -9.136  -78.276  -6.901 0.0000000000
4440  -9.286  -77.530  -7.858 0.0000000000
4441  -9.692  -77.016  -8.779 0.0000000000
5046  -10.704  -75.526  -10.048 0.0000000000
6418  -11.240  -74.167  -10.005 0.0000000000
5724  -11.037  -75.117  -10.926 0.0000000000
5053  -10.644  -75.903  -11.166 0.0000000000
5741  -11.278  -74.493  -12.934 0.0000000000
5759  -11.089  -74.380  -13.996 0.0000000000
126255  -12.261  -70.068  -11.632 0.0000000000
120121  -12.138  -70.460  -12.843 0.0000000000
10319  -11.946  -68.243  -14.943 0.0000000000
8657  -11.856  -71.250  -13.988 0.0000000000
16091  2.065  -61.148  -0.681 0.0000000000
16110  0.806  -61.630  -1.178 0.0000000000
16075  0.724  -60.871  -0.129 0.0000000000
17051  -0.537  -60.668  0.638 0.0000000000
17984  -1.185  -60.017  1.529 0.0000000000
145152  -0.997  -59.315  2.125 0.0000000000
17965  -1.355  -59.527  2.030 0.0000000000
122282  -2.082  -59.369  2.475 0.0000000000
18869  -3.221  -58.575  3.659 0.0000000000
18854  -3.850  -58.189  4.153 0.0000000000
21623  -0.650  -54.887  4.770 0.0000000000
21638  -1.038  -55.685  4.791 0.0000000000
20673  -1.743  -55.835  5.413 0.0000000000
23765  -2.251  -53.824  7.154 0.0000000000
21612  -2.494  -55.049  6.525 0.0000000000
21625  -2.453  -55.799  6.032 0.0000000000
21626  -3.186  -56.326  6.001 0.0000000000
20676  -4.521  -56.536  5.591 0.0000000000
132432  -5.023  -55.875  5.916 0.0000000000
21614  -5.610  -55.289  6.118 0.0000000000
23767  -6.142  -54.055  6.664 0.0000000000
23748  -6.280  -53.234  7.166 0.0000000000
25847  -5.595  -51.734  8.024 0.0000000000
25848  -6.627  -51.711  7.917 0.0000000000
24789  -6.982  -52.404  7.512 0.0000000000
26845  -7.351  -50.964  8.201 0.0000000000
27898  3.762  -50.067  4.405 0.0000000000
27900  2.621  -49.168  5.424 0.0000000000
28906  1.390  -48.328  5.831 0.0000000000
29900  2.015  -47.428  5.177 0.0000000000
28919  1.572  -47.749  5.561 0.0000000000
28907  0.605  -48.483  6.172 0.0000000000
28908  -0.130  -48.349  6.584 0.0000000000
29873  -0.827  -48.203  7.060 0.0000000000
127661  -1.586  -47.866  7.504 0.0000000000
33510  2.906  -43.354  5.016 0.0000000000
32623  2.148  -43.774  5.208 0.0000000000
32625  0.684  -44.019  5.862 0.0000000000
33485  0.934  -43.193  7.018 0.0000000000
141897  -0.073  -44.341  6.172 0.0000000000
31720  -0.509  -45.125  6.115 0.0000000000
30838  -1.346  -45.832  6.910 0.0000000000
30824  -1.812  -46.212  7.519 0.0000000000
29875  -2.352  -47.081  7.981 0.0000000000
29852  -3.285  -47.449  8.534 0.0000000000
134481  -4.273  -47.596  8.875 0.0000000000
29854  -5.268  -46.705  9.402 0.0000000000
29855  -6.366  -47.153  9.270 0.0000000000
30917  16.549  -46.984  -0.289 0.0000000000
30903  16.476  -46.578  0.673 0.0000000000
30889  16.715  -46.127  1.579 0.0000000000
32693  16.279  -44.448  0.683 0.0000000000
31779  16.822  -45.328  1.881 0.0000000000
30874  16.034  -45.761  2.686 0.0000000000
30875  15.154  -45.717  2.938 0.0000000000
31766  15.008  -44.780  3.656 0.0000000000
31745  14.358  -44.274  4.154 0.0000000000
35490  15.080  -40.749  -0.056 0.0000000000
35484  15.573  -41.099  0.576 0.0000000000
34475  15.469  -41.465  1.229 0.0000000000
33565  14.424  -42.705  1.512 0.0000000000
33544  15.504  -42.535  2.138 0.0000000000
32674  15.526  -43.466  3.025 0.0000000000
32663  15.019  -44.202  3.483 0.0000000000
32645  13.862  -43.751  4.614 0.0000000000
33529  13.456  -43.110  4.452 0.0000000000
33520  12.789  -42.443  4.599 0.0000000000
33521  12.119  -41.953  4.287 0.0000000000
33522  11.247  -41.517  3.920 0.0000000000
34439  10.115  -41.419  3.651 0.0000000000
34440  8.991  -41.490  3.384 0.0000000000
238  -4.501  -88.139  1.909 0.0000000000
142452  -4.726  -88.299  2.577 0.0000000000
427  -5.547  -88.076  1.434 0.0000000000
428  -6.231  -87.735  1.769 0.0000000000
419  -6.928  -86.798  2.490 0.0000000000
439  -7.316  -86.156  2.217 0.0000000000
86  -3.438  -88.662  9.079 0.0000000000
127899  -4.016  -88.598  8.357 0.0000000000
134218  -4.251  -88.848  10.112 0.0000000000
87  -4.362  -88.702  9.195 0.0000000000
107  -4.530  -88.474  5.924 0.0000000000
116  -5.672  -87.853  5.038 0.0000000000
418  -7.070  -86.398  3.486 0.0000000000
961  -7.732  -85.016  2.688 0.0000000000
952  -7.351  -84.657  3.855 0.0000000000
1303  -6.256  -83.008  2.983 0.0000000000
1291  -5.579  -83.503  3.417 0.0000000000
644  -5.613  -84.976  5.145 0.0000000000
940  -5.860  -84.459  4.583 0.0000000000
132494  -5.056  -83.141  2.699 0.0000000000
1302  -4.025  -83.303  2.536 0.0000000000
1290  -3.721  -83.857  3.071 0.0000000000
1301  -3.002  -83.461  2.562 0.0000000000
368  -5.999  -86.358  11.104 0.0000000000
375  -5.499  -86.005  10.289 0.0000000000
399  -4.125  -85.992  7.904 0.0000000000
382  -3.581  -85.738  9.319 0.0000000000
408  -3.026  -86.266  6.589 0.0000000000
938  -2.582  -85.044  4.464 0.0000000000
1289  -2.584  -83.963  3.152 0.0000000000
128870  -2.415  -83.192  2.179 0.0000000000
1656  -1.537  -83.018  2.272 0.0000000000
1648  -1.006  -83.244  2.992 0.0000000000
1655  -0.465  -82.529  2.534 0.0000000000
133765  -0.167  -84.027  5.821 0.0000000000
1268  -0.183  -83.661  5.219 0.0000000000
1647  -0.213  -82.749  3.435 0.0000000000
1646  0.426  -82.291  3.955 0.0000000000
2005  0.763  -81.733  4.540 0.0000000000
1963  -8.333  -81.164  8.855 0.0000000000
1603  -8.649  -82.667  8.081 0.0000000000
1613  -6.978  -83.322  7.249 0.0000000000
2840  -9.363  -80.289  3.979 0.0000000000
2007  -9.039  -81.187  4.302 0.0000000000
2427  -7.752  -81.136  3.049 0.0000000000
144009  -8.509  -81.764  4.569 0.0000000000
1996  -8.949  -81.472  5.266 0.0000000000
1984  -7.645  -82.771  5.830 0.0000000000
1622  -6.647  -82.971  6.332 0.0000000000
1601  -5.881  -83.356  7.833 0.0000000000
1962  -3.949  -82.490  7.836 0.0000000000
1949  -2.911  -82.319  8.807 0.0000000000
1583  -1.186  -82.067  9.239 0.0000000000
2386  -2.843  -81.027  8.266 0.0000000000
2374  -2.117  -81.186  9.147 0.0000000000
1958  -0.308  -81.932  9.034 0.0000000000
1972  0.727  -82.137  7.741 0.0000000000
2404  1.096  -81.393  5.922 0.0000000000
2426  0.981  -80.948  4.397 0.0000000000
2413  1.400  -80.601  5.626 0.0000000000
2834  1.859  -79.847  5.602 0.0000000000
2844  1.629  -79.578  4.885 0.0000000000
139567  1.607  -79.123  8.490 0.0000000000
2824  2.472  -79.219  7.030 0.0000000000
3335  2.001  -78.887  4.722 0.0000000000
3334  2.844  -78.424  5.056 0.0000000000
3798  3.168  -77.868  4.620 0.0000000000
4313  2.729  -77.325  3.416 0.0000000000
4285  -3.337  -76.919  6.233 0.0000000000
4283  -1.877  -76.483  6.719 0.0000000000
132771  -0.037  -76.321  7.002 0.0000000000
4877  -1.384  -75.586  6.302 0.0000000000
4281  0.784  -76.118  6.726 0.0000000000
4267  1.633  -76.822  7.281 0.0000000000
4279  2.861  -76.532  6.657 0.0000000000
3797  3.707  -77.151  4.924 0.0000000000
4320  2.431  -76.997  2.840 0.0000000000
4930  3.071  -76.416  2.438 0.0000000000
4937  2.958  -75.876  1.784 0.0000000000
5584  2.648  -74.954  0.895 0.0000000000
5556  4.396  -74.569  3.248 0.0000000000
5571  4.232  -75.040  2.008 0.0000000000
5601  2.927  -74.166  0.311 0.0000000000
6300  2.528  -73.650  -0.166 0.0000000000
7043  2.508  -72.699  -1.120 0.0000000000
7061  2.011  -72.250  -1.510 0.0000000000
9285  -7.071  -69.783  1.074 0.0000000000
8462  -6.526  -70.571  1.357 0.0000000000
8461  -5.646  -70.439  2.128 0.0000000000
9284  -6.171  -68.473  1.497 0.0000000000
9275  -5.324  -69.443  2.536 0.0000000000
8460  -4.869  -70.431  2.852 0.0000000000
8450  -4.152  -70.373  3.531 0.0000000000
8436  -2.876  -70.995  4.321 0.0000000000
7698  -1.451  -71.443  4.790 0.0000000000
11645  -3.244  -66.415  1.175 0.0000000000
10906  -2.605  -66.980  1.936 0.0000000000
10109  -2.671  -67.502  2.862 0.0000000000
10099  -0.579  -67.670  3.745 0.0000000000
10100  -1.429  -67.750  3.730 0.0000000000
10101  -2.839  -68.448  4.003 0.0000000000
131731  -1.156  -69.759  4.895 0.0000000000
8433  -0.847  -70.809  4.963 0.0000000000
123473  -0.591  -71.482  5.074 0.0000000000
7696  0.962  -71.242  5.336 0.0000000000
6992  2.754  -72.016  5.145 0.0000000000
7006  4.040  -72.427  3.791 0.0000000000
7708  4.482  -71.197  3.526 0.0000000000
7005  4.339  -72.029  3.313 0.0000000000
7018  4.512  -72.445  2.455 0.0000000000
7033  4.607  -72.403  0.169 0.0000000000
7059  4.007  -72.237  -1.372 0.0000000000
7763  2.658  -71.930  -2.009 0.0000000000
8521  2.692  -71.160  -2.903 0.0000000000
8539  3.099  -70.576  -3.464 0.0000000000
9342  2.471  -70.078  -4.120 0.0000000000
8518  5.271  -70.389  -2.161 0.0000000000
9341  3.498  -69.927  -4.018 0.0000000000
9362  2.808  -69.314  -4.675 0.0000000000
10188  3.427  -68.598  -4.936 0.0000000000
10211  3.033  -68.025  -5.381 0.0000000000
10984  3.470  -67.203  -5.443 0.0000000000
10120  6.394  -68.280  1.375 0.0000000000
10133  6.969  -68.658  0.026 0.0000000000
126835  6.969  -68.485  -2.210 0.0000000000
10959  7.479  -67.222  -1.812 0.0000000000
10163  7.295  -67.782  -2.199 0.0000000000
10173  6.155  -67.908  -3.577 0.0000000000
10966  5.414  -67.743  -4.132 0.0000000000
140125  4.705  -66.991  -4.811 0.0000000000
141401  3.464  -65.902  -5.569 0.0000000000
12521  3.445  -65.262  -5.463 0.0000000000
13385  3.447  -64.547  -5.219 0.0000000000
127804  3.705  -63.601  -4.373 0.0000000000
13368  5.675  -64.481  -3.730 0.0000000000
13370  4.130  -63.819  -4.292 0.0000000000
14276  3.628  -63.261  -4.003 0.0000000000
14257  3.564  -62.866  -3.345 0.0000000000
15173  3.427  -62.487  -2.540 0.0000000000
15150  2.918  -62.007  -1.926 0.0000000000
18811  -6.157  -57.519  7.607 0.0000000000
20648  -5.853  -56.604  8.636 0.0000000000
126359  -5.755  -57.253  8.223 0.0000000000
17892  -5.391  -58.952  6.932 0.0000000000
123783  -4.642  -59.423  7.325 0.0000000000
17891  -4.212  -59.883  7.728 0.0000000000
124312  -3.654  -61.005  7.258 0.0000000000
27814  -2.951  -49.845  10.464 0.0000000000
27810  3.132  -49.081  10.464 0.0000000000
141198  2.195  -49.263  10.579 0.0000000000
27812  0.426  -49.459  10.491 0.0000000000
135885  1.075  -51.682  10.729 0.0000000000
131600  0.455  -51.038  10.577 0.0000000000
138415  -0.512  -50.630  10.438 0.0000000000
26799  -1.453  -50.666  10.392 0.0000000000
131602  -2.353  -50.693  10.430 0.0000000000
125404  -3.179  -51.910  10.494 0.0000000000
23710  -3.291  -53.467  10.459 0.0000000000
126025  -3.849  -54.195  10.394 0.0000000000
20629  -3.766  -56.331  10.928 0.0000000000
20618  -3.125  -56.719  11.249 0.0000000000
144812  -3.830  -57.001  11.020 0.0000000000
18790  -4.324  -58.313  10.171 0.0000000000
141422  -3.908  -59.423  9.237 0.0000000000
16922  -3.373  -60.364  8.411 0.0000000000
141555  -2.900  -61.451  7.825 0.0000000000
14138  -2.309  -63.139  7.116 0.0000000000
14137  -1.573  -63.701  7.485 0.0000000000
14150  -1.034  -64.262  7.186 0.0000000000
14993  -1.303  -62.918  9.392 0.0000000000
14136  -0.711  -64.076  7.827 0.0000000000
13249  0.260  -64.827  6.650 0.0000000000
13262  1.747  -64.980  6.006 0.0000000000
13261  2.744  -64.799  5.844 0.0000000000
13275  4.827  -64.506  4.547 0.0000000000
16847  0.245  -60.331  13.464 0.0000000000
15896  0.167  -61.725  12.720 0.0000000000
14976  0.860  -63.045  10.660 0.0000000000
14975  1.566  -62.823  10.664 0.0000000000
14103  1.941  -63.268  9.396 0.0000000000
14120  1.655  -63.761  8.774 0.0000000000
13246  3.348  -64.287  6.679 0.0000000000
13259  4.575  -64.264  5.466 0.0000000000
13288  5.636  -64.332  3.280 0.0000000000
14204  6.575  -63.726  2.631 0.0000000000
14203  6.826  -63.146  2.063 0.0000000000
15122  6.787  -62.344  0.630 0.0000000000
133013  6.632  -61.997  3.134 0.0000000000
15114  6.617  -61.705  1.304 0.0000000000
15132  6.190  -61.993  -0.805 0.0000000000
15133  5.287  -61.728  -0.868 0.0000000000
16089  3.994  -60.982  -0.513 0.0000000000
16090  3.019  -61.050  -0.659 0.0000000000
16073  2.541  -60.514  0.012 0.0000000000
17049  2.093  -60.045  0.601 0.0000000000
17032  1.792  -59.602  1.149 0.0000000000
17011  4.123  -59.017  2.405 0.0000000000
17980  3.218  -59.007  1.902 0.0000000000
123642  1.956  -58.756  1.998 0.0000000000
18883  1.619  -58.460  2.164 0.0000000000
19776  1.925  -57.240  2.815 0.0000000000
20687  2.155  -55.894  3.636 0.0000000000
17890  2.212  -59.331  8.496 0.0000000000
17904  2.552  -59.012  7.501 0.0000000000
18845  2.813  -58.404  6.774 0.0000000000
19720  3.067  -57.942  8.371 0.0000000000
19732  2.442  -58.163  7.754 0.0000000000
19750  2.961  -57.834  6.081 0.0000000000
131435  2.869  -57.258  5.198 0.0000000000
20686  2.664  -56.521  4.277 0.0000000000
22724  2.350  -54.672  4.512 0.0000000000
134335  2.692  -53.978  5.809 0.0000000000
23762  2.639  -53.270  5.847 0.0000000000
22689  4.854  -54.474  6.804 0.0000000000
23743  4.051  -53.979  6.925 0.0000000000
23760  4.406  -53.058  6.588 0.0000000000
23782  5.121  -52.937  6.036 0.0000000000
24819  4.869  -52.279  5.292 0.0000000000
24839  5.170  -52.365  4.343 0.0000000000
21589  9.108  -55.063  9.376 0.0000000000
129765  9.172  -55.820  9.466 0.0000000000
19709  9.619  -57.185  8.986 0.0000000000
20655  10.442  -56.523  7.659 0.0000000000
19718  9.993  -57.700  8.499 0.0000000000
19719  9.496  -58.091  9.017 0.0000000000
17886  9.540  -59.425  7.686 0.0000000000
17900  8.997  -60.162  6.959 0.0000000000
17918  8.032  -59.689  5.401 0.0000000000
18850  11.933  -58.285  5.013 0.0000000000
17914  11.509  -59.210  4.941 0.0000000000
16995  11.287  -60.289  3.468 0.0000000000
16983  10.990  -60.323  3.974 0.0000000000
16968  10.264  -60.281  4.927 0.0000000000
140305  9.557  -60.351  5.029 0.0000000000
133421  8.309  -59.714  4.820 0.0000000000
17932  7.723  -59.030  4.644 0.0000000000
19748  7.168  -58.136  4.409 0.0000000000
19758  7.144  -57.463  3.912 0.0000000000
20684  6.914  -56.801  3.851 0.0000000000
19790  8.409  -57.420  2.231 0.0000000000
142809  7.603  -56.623  2.914 0.0000000000
21653  6.818  -55.479  3.508 0.0000000000
21671  6.850  -54.750  3.005 0.0000000000
23820  6.116  -53.441  3.423 0.0000000000
24851  5.988  -52.711  3.143 0.0000000000
24865  6.484  -52.636  2.537 0.0000000000
25918  6.774  -51.970  2.040 0.0000000000
138987  7.598  -52.335  1.407 0.0000000000
22795  8.401  -54.587  1.019 0.0000000000
24879  8.146  -53.056  0.982 0.0000000000
123865  8.445  -52.116  0.712 0.0000000000
25959  9.650  -51.760  -0.059 0.0000000000
25982  10.410  -51.431  -0.348 0.0000000000
20768  11.692  -56.718  -0.634 0.0000000000
21715  11.663  -55.706  -0.646 0.0000000000
22841  12.096  -54.867  -0.716 0.0000000000
21741  13.358  -55.343  -0.830 0.0000000000
124427  12.800  -54.895  -0.778 0.0000000000
22809  11.793  -54.093  -0.738 0.0000000000
23882  11.519  -53.311  -0.721 0.0000000000
24920  11.184  -52.539  -0.661 0.0000000000
134575  10.939  -51.840  -0.566 0.0000000000
132182  12.070  -51.167  -0.780 0.0000000000
139142  12.809  -51.341  -0.865 0.0000000000
26965  13.810  -50.252  -0.690 0.0000000000
144643  14.904  -51.919  -1.440 0.0000000000
25980  14.429  -50.730  -0.977 0.0000000000
26964  14.579  -49.874  -0.810 0.0000000000
27983  15.260  -49.450  -0.982 0.0000000000
29009  16.462  -48.780  -1.660 0.0000000000
29008  17.070  -48.467  -2.206 0.0000000000
24850  18.907  -52.278  3.177 0.0000000000
24863  18.951  -52.706  2.381 0.0000000000
24878  19.310  -52.192  1.801 0.0000000000
26932  19.955  -50.961  1.583 0.0000000000
134791  19.336  -52.229  1.093 0.0000000000
25958  19.560  -51.766  0.464 0.0000000000
24915  19.289  -52.200  -0.129 0.0000000000
25979  19.561  -51.586  -0.411 0.0000000000
28955  21.591  -48.601  1.089 0.0000000000
27962  21.234  -49.246  0.490 0.0000000000
26963  20.388  -50.412  -0.296 0.0000000000
25999  19.388  -51.340  -1.205 0.0000000000
26991  19.668  -50.590  -1.526 0.0000000000
28003  19.942  -49.871  -1.888 0.0000000000
27008  19.234  -50.204  -2.213 0.0000000000
29007  21.413  -48.537  -1.491 0.0000000000
28018  20.188  -49.143  -2.215 0.0000000000
28020  18.522  -49.666  -2.568 0.0000000000
29022  18.655  -48.783  -2.746 0.0000000000
137413  18.287  -47.299  -2.658 0.0000000000
124078  19.013  -46.931  -3.065 0.0000000000
129729  19.586  -46.156  -3.162 0.0000000000
31886  20.673  -45.419  -3.378 0.0000000000
31863  22.514  -45.308  -2.975 0.0000000000
31884  22.023  -45.164  -3.294 0.0000000000
32761  20.892  -44.676  -3.343 0.0000000000
33602  22.291  -43.552  -3.098 0.0000000000
1351  -2.645  -83.233  -1.795 0.0000000000
1010  -1.852  -84.274  -2.889 0.0000000000
130099  -3.857  -84.592  -4.062 0.0000000000
130493  -3.084  -84.803  -3.639 0.0000000000
2045  -8.254  -81.723  0.017 0.0000000000
1689  -8.436  -82.137  -1.511 0.0000000000
2062  -7.716  -81.629  -3.518 0.0000000000
2077  -6.836  -81.478  -4.729 0.0000000000
2078  -7.460  -82.148  -4.978 0.0000000000
1709  -7.532  -82.314  -4.372 0.0000000000
1384  -7.555  -83.309  -5.924 0.0000000000
144184  -7.387  -84.015  -6.606 0.0000000000
124659  -6.844  -84.913  -7.505 0.0000000000
1410  -1.958  -83.915  -8.614 0.0000000000
1048  -2.677  -84.127  -8.439 0.0000000000
1040  -3.384  -84.107  -8.014 0.0000000000
1067  -1.999  -84.877  -10.183 0.0000000000
762  -2.863  -84.818  -9.654 0.0000000000
1041  -4.644  -84.214  -7.946 0.0000000000
1050  -5.484  -84.821  -8.564 0.0000000000
1051  -6.325  -85.217  -8.312 0.0000000000
746  -6.573  -85.784  -7.939 0.0000000000
495  -6.321  -86.708  -8.374 0.0000000000
292  -6.091  -87.506  -8.782 0.0000000000
140205  -5.713  -87.762  -9.627 0.0000000000
523  -5.078  -87.121  -12.035 0.0000000000
309  -4.970  -87.546  -11.197 0.0000000000
166  -4.405  -88.137  -10.502 0.0000000000
124766  -3.621  -87.986  -10.774 0.0000000000
335  -0.174  -87.706  -15.081 0.0000000000
829  0.831  -84.896  -17.877 0.0000000000
834  0.639  -85.633  -18.295 0.0000000000
134834  2.246  -78.277  -0.764 0.0000000000
3838  2.559  -77.100  -1.912 0.0000000000
4361  2.334  -75.992  -3.293 0.0000000000
124891  2.451  -74.761  -4.050 0.0000000000
4377  2.158  -75.468  -4.255 0.0000000000
4388  2.283  -75.584  -5.252 0.0000000000
4398  2.886  -75.837  -6.221 0.0000000000
3881  3.349  -76.617  -6.843 0.0000000000
129999  3.939  -77.506  -8.104 0.0000000000
5031  0.186  -75.349  -7.370 0.0000000000
131807  0.767  -75.670  -7.816 0.0000000000
4434  1.731  -76.425  -8.583 0.0000000000
3459  0.696  -78.558  -9.710 0.0000000000
3939  1.790  -77.133  -9.168 0.0000000000
4451  2.627  -76.617  -8.784 0.0000000000
4450  3.405  -76.911  -8.899 0.0000000000
3937  3.923  -77.328  -9.094 0.0000000000
3445  4.380  -78.258  -8.910 0.0000000000
3478  4.676  -78.586  -10.541 0.0000000000
3477  5.029  -78.882  -11.312 0.0000000000
3009  5.165  -79.408  -12.483 0.0000000000
144708  3.230  -80.067  -13.387 0.0000000000
3024  4.074  -79.664  -13.753 0.0000000000
3022  5.299  -79.772  -13.246 0.0000000000
3036  4.930  -79.670  -14.811 0.0000000000
3061  4.431  -79.714  -16.089 0.0000000000
3071  4.486  -79.627  -16.974 0.0000000000
2532  -7.461  -81.140  -8.563 0.0000000000
2115  -5.997  -81.679  -8.875 0.0000000000
2126  -4.517  -82.055  -9.408 0.0000000000
1764  -5.960  -83.097  -10.922 0.0000000000
1763  -4.894  -83.007  -10.847 0.0000000000
1761  -3.094  -82.470  -10.942 0.0000000000
1770  -2.664  -82.552  -11.473 0.0000000000
123599  -2.145  -82.953  -12.818 0.0000000000
1793  -1.717  -82.941  -13.580 0.0000000000
1482  -4.399  -83.942  -16.719 0.0000000000
1851  -3.837  -82.582  -18.917 0.0000000000
1488  -4.099  -83.634  -17.582 0.0000000000
1470  -3.917  -84.290  -16.022 0.0000000000
1469  -2.657  -83.665  -16.105 0.0000000000
127676  -1.674  -83.065  -15.306 0.0000000000
1804  -0.748  -82.625  -14.647 0.0000000000
122161  0.152  -82.305  -16.016 0.0000000000
2212  0.667  -81.972  -16.802 0.0000000000
2222  1.306  -81.577  -17.429 0.0000000000
2237  0.291  -82.096  -19.693 0.0000000000
123761  0.881  -81.749  -18.377 0.0000000000
2221  2.209  -81.088  -17.478 0.0000000000
139240  2.469  -80.825  -18.129 0.0000000000
2648  3.212  -80.246  -18.506 0.0000000000
3081  4.189  -79.535  -18.513 0.0000000000
132184  4.592  -79.478  -19.227 0.0000000000
3098  3.851  -79.578  -20.602 0.0000000000
3105  4.772  -79.511  -21.349 0.0000000000
2679  2.721  -80.433  -22.741 0.0000000000
3123  3.189  -80.089  -23.733 0.0000000000
3114  4.647  -79.547  -22.354 0.0000000000
125605  5.005  -79.433  -23.509 0.0000000000
3120  5.866  -79.394  -24.612 0.0000000000
3568  0.025  -78.704  -24.244 0.0000000000
3566  1.748  -77.906  -25.113 0.0000000000
16093  0.092  -61.665  -0.927 0.0000000000
15135  -1.145  -62.242  -1.085 0.0000000000
15152  -1.570  -62.545  -1.644 0.0000000000
16080  -3.236  -61.372  0.631 0.0000000000
16097  -3.096  -61.895  -0.022 0.0000000000
15154  -3.261  -62.549  -1.526 0.0000000000
15155  -4.179  -62.433  -1.566 0.0000000000
134655  -5.118  -62.333  -1.560 0.0000000000
15156  -5.774  -62.508  -2.219 0.0000000000
18872  -6.482  -58.196  3.326 0.0000000000
18888  -6.925  -58.560  2.744 0.0000000000
17986  -6.522  -59.561  1.460 0.0000000000
18900  -8.327  -58.678  1.981 0.0000000000
18002  -8.022  -59.567  0.829 0.0000000000
17054  -6.464  -60.438  0.331 0.0000000000
17061  -7.171  -60.599  -0.214 0.0000000000
16112  -7.024  -61.927  -1.432 0.0000000000
15184  -7.413  -62.736  -2.610 0.0000000000
15185  -8.349  -62.736  -2.539 0.0000000000
15186  -9.444  -62.476  -2.537 0.0000000000
15215  -10.482  -62.237  -3.762 0.0000000000
17082  -10.979  -60.904  -1.879 0.0000000000
16124  -10.917  -61.545  -2.552 0.0000000000
16131  -11.148  -62.089  -4.182 0.0000000000
16136  -11.596  -61.805  -5.283 0.0000000000
17105  -11.580  -61.328  -6.981 0.0000000000
17117  -11.362  -60.960  -7.927 0.0000000000
133482  -10.295  -55.660  -2.249 0.0000000000
128237  -10.383  -56.671  -2.553 0.0000000000
19873  -10.533  -57.511  -3.892 0.0000000000
20831  -10.264  -56.161  -5.619 0.0000000000
131795  -10.451  -57.079  -5.543 0.0000000000
19881  -10.674  -57.910  -4.827 0.0000000000
139225  -11.054  -58.819  -6.106 0.0000000000
18079  -10.905  -59.241  -7.802 0.0000000000
17135  -10.962  -60.510  -8.902 0.0000000000
16204  -10.511  -60.413  -10.491 0.0000000000
16203  -10.219  -60.231  -11.567 0.0000000000
16225  -10.038  -60.291  -12.789 0.0000000000
18147  -9.118  -58.934  -12.043 0.0000000000
15336  -8.603  -61.691  -15.034 0.0000000000
15315  -7.847  -61.511  -14.515 0.0000000000
64  -5.456  -89.261  -6.894 0.0000000000
69  -3.971  -88.877  12.476 0.0000000000
76  -4.183  -88.988  10.900 0.0000000000
81  -4.919  -88.774  9.659 0.0000000000
95  -4.565  -88.553  7.627 0.0000000000
108  -5.489  -88.105  5.939 0.0000000000
115  -5.058  -88.277  4.078 0.0000000000
167  -5.051  -88.189  -10.166 0.0000000000
180  -1.896  -87.836  -12.298 0.0000000000
193  -1.485  -87.639  -14.404 0.0000000000
194  -2.275  -87.348  -14.437 0.0000000000
195  -3.961  -87.588  14.761 0.0000000000
196  -4.610  -87.488  14.811 0.0000000000
202  -4.270  -88.521  13.287 0.0000000000
203  -5.054  -88.264  13.270 0.0000000000
207  -5.413  -88.578  11.438 0.0000000000
220  -6.078  -87.343  7.745 0.0000000000
224  -6.162  -87.083  5.889 0.0000000000
228  -6.102  -87.536  4.268 0.0000000000
239  -5.485  -88.229  2.193 0.0000000000
312  -3.158  -87.633  -12.454 0.0000000000
314  -4.752  -87.388  -12.113 0.0000000000
320  -4.203  -87.114  -13.312 0.0000000000
321  -4.668  -87.129  -12.734 0.0000000000
326  -2.564  -87.489  -13.886 0.0000000000
338  -2.865  -87.066  -14.508 0.0000000000
345  -1.081  -87.040  -16.032 0.0000000000
360  -5.176  -87.040  14.604 0.0000000000
363  -5.559  -87.643  13.050 0.0000000000
374  -4.083  -85.482  10.026 0.0000000000
376  -6.080  -87.566  11.111 0.0000000000
398  -2.974  -86.259  7.477 0.0000000000
401  -6.137  -86.564  8.010 0.0000000000
404  -4.033  -86.177  7.093 0.0000000000
411  -6.285  -85.984  6.033 0.0000000000
438  -6.830  -87.076  1.380 0.0000000000
488  -6.733  -85.684  -6.035 0.0000000000
491  -6.444  -86.601  -6.291 0.0000000000
513  -5.835  -86.832  -10.180 0.0000000000
518  -5.462  -86.895  -11.079 0.0000000000
521  -4.024  -86.420  -12.666 0.0000000000
530  -4.422  -86.975  -13.227 0.0000000000
536  -2.596  -86.497  -14.413 0.0000000000
542  -2.505  -86.914  -14.884 0.0000000000
548  -1.546  -86.660  -16.092 0.0000000000
554  0.095  -86.289  -17.530 0.0000000000
555  -0.537  -86.227  -17.047 0.0000000000
560  0.292  -85.867  -18.060 0.0000000000
565  0.428  -85.796  -18.184 0.0000000000
607  -4.999  -85.429  10.503 0.0000000000
613  -2.785  -85.493  9.004 0.0000000000
620  -1.679  -85.197  8.087 0.0000000000
626  -2.186  -85.897  7.790 0.0000000000
628  -1.425  -85.415  6.348 0.0000000000
634  -3.090  -86.089  5.768 0.0000000000
635  -4.234  -85.837  5.626 0.0000000000
645  -6.788  -84.913  5.099 0.0000000000
654  -7.401  -85.727  3.202 0.0000000000
686  -6.386  -86.639  -0.217 0.0000000000
687  -7.355  -86.178  0.361 0.0000000000
712  -2.259  -84.891  -3.229 0.0000000000
728  -5.763  -85.354  -4.685 0.0000000000
741  -7.128  -84.665  -6.606 0.0000000000
755  -5.939  -85.468  -9.122 0.0000000000
765  -6.072  -86.081  -9.685 0.0000000000
773  -3.098  -85.428  -10.721 0.0000000000
774  -4.400  -85.772  -10.908 0.0000000000
775  -5.147  -86.212  -10.861 0.0000000000
782  0.172  -85.129  -12.101 0.0000000000
783  -0.652  -85.348  -11.944 0.0000000000
793  1.148  -84.966  -12.985 0.0000000000
802  -0.300  -85.578  -14.102 0.0000000000
809  -1.348  -85.900  -15.410 0.0000000000
816  -1.470  -86.313  -16.129 0.0000000000
880  -6.487  -84.416  13.776 0.0000000000
894  -6.469  -84.815  12.133 0.0000000000
901  -3.824  -85.074  10.122 0.0000000000
903  -5.567  -84.846  10.746 0.0000000000
909  -2.123  -84.130  9.001 0.0000000000
910  -2.686  -84.659  9.227 0.0000000000
919  -0.493  -84.327  7.104 0.0000000000
923  -0.922  -84.957  6.924 0.0000000000
929  -0.667  -84.303  5.374 0.0000000000
937  -1.450  -84.603  4.738 0.0000000000
939  -4.555  -84.765  4.433 0.0000000000
960  -7.075  -83.661  3.594 0.0000000000
1024  -4.616  -84.156  -4.244 0.0000000000
1026  -6.675  -84.556  -5.048 0.0000000000
1036  -7.129  -84.005  -7.141 0.0000000000
1049  -4.228  -84.617  -8.645 0.0000000000
1057  -1.073  -84.384  -9.873 0.0000000000
1064  1.123  -84.169  -11.010 0.0000000000
1065  0.349  -84.442  -10.795 0.0000000000
1072  2.167  -84.072  -11.950 0.0000000000
1085  3.280  -83.926  -13.334 0.0000000000
1086  2.615  -84.370  -13.568 0.0000000000
1087  1.816  -84.758  -13.468 0.0000000000
1109  2.932  -83.904  -16.685 0.0000000000
1110  2.388  -84.271  -16.607 0.0000000000
1114  2.361  -84.126  -17.456 0.0000000000
1118  1.081  -85.083  -18.604 0.0000000000
1172  -6.484  -83.794  15.340 0.0000000000
1197  -7.277  -83.510  12.346 0.0000000000
1210  -7.672  -83.181  11.692 0.0000000000
1222  -3.981  -84.487  9.949 0.0000000000
1234  -2.684  -83.624  9.174 0.0000000000
1236  -4.248  -83.944  9.530 0.0000000000
1244  -1.155  -83.415  8.674 0.0000000000
1250  -0.109  -83.585  7.321 0.0000000000
1267  0.237  -83.354  5.871 0.0000000000
1287  -0.653  -83.451  3.850 0.0000000000
1288  -1.537  -83.793  3.397 0.0000000000
1300  -1.975  -83.497  2.714 0.0000000000
1318  -5.612  -82.768  2.166 0.0000000000
1332  -8.637  -82.849  0.171 0.0000000000
1341  -4.194  -83.688  -1.065 0.0000000000
1343  -8.386  -83.958  -0.577 0.0000000000
1358  -2.279  -83.584  -2.625 0.0000000000
1363  -4.009  -83.260  -3.420 0.0000000000
1377  -7.362  -83.278  -4.873 0.0000000000
1378  -7.572  -82.864  -5.129 0.0000000000
1389  -4.345  -83.188  -6.830 0.0000000000
1392  -7.397  -83.592  -6.519 0.0000000000
1398  -0.952  -83.026  -7.964 0.0000000000
1399  -1.700  -83.363  -7.905 0.0000000000
1400  -2.478  -83.714  -7.927 0.0000000000
1409  -0.574  -83.211  -8.572 0.0000000000
1417  -0.546  -83.676  -9.244 0.0000000000
1426  1.541  -83.608  -10.525 0.0000000000
1427  0.759  -83.869  -10.296 0.0000000000
1432  2.650  -83.602  -11.461 0.0000000000
1434  -5.397  -83.666  -12.614 0.0000000000
1438  4.056  -83.380  -13.056 0.0000000000
1446  -4.589  -84.150  -14.124 0.0000000000
1456  -2.816  -83.761  -15.021 0.0000000000
1458  -5.297  -83.664  -15.385 0.0000000000
1471  -4.845  -84.033  -15.825 0.0000000000
1479  3.750  -83.188  -16.912 0.0000000000
1481  -3.597  -83.939  -16.937 0.0000000000
1483  -4.784  -83.537  -16.506 0.0000000000
1491  2.947  -83.628  -19.312 0.0000000000
1586  -3.232  -83.058  8.931 0.0000000000
1588  -5.574  -83.727  8.807 0.0000000000
1591  -8.793  -81.940  8.752 0.0000000000
1597  0.085  -82.485  8.330 0.0000000000
1599  -3.676  -82.988  8.515 0.0000000000
1609  0.289  -82.880  7.526 0.0000000000
1610  -0.265  -83.189  8.077 0.0000000000
1611  -4.808  -82.743  7.361 0.0000000000
1614  -8.140  -83.130  7.282 0.0000000000
1615  -8.785  -82.268  7.390 0.0000000000
1639  0.407  -82.565  4.733 0.0000000000
1640  -0.128  -83.282  4.582 0.0000000000
1657  -3.310  -82.983  1.899 0.0000000000
1674  -3.563  -82.241  0.890 0.0000000000
1675  -4.434  -82.174  0.865 0.0000000000
1682  -8.576  -82.401  -0.713 0.0000000000
1687  -7.200  -83.132  -2.527 0.0000000000
1692  -5.187  -83.023  -3.322 0.0000000000
1693  -5.999  -82.805  -2.979 0.0000000000
1696  -8.158  -81.919  -2.209 0.0000000000
1699  -7.555  -82.353  -3.777 0.0000000000
1716  -2.160  -82.197  -5.878 0.0000000000
1717  -3.173  -82.193  -5.754 0.0000000000
1718  -4.357  -82.167  -5.778 0.0000000000
1723  -0.897  -82.237  -6.873 0.0000000000
1728  -6.551  -82.766  -6.486 0.0000000000
1739  -0.266  -82.721  -8.219 0.0000000000
1746  1.547  -82.607  -9.390 0.0000000000
1749  -6.225  -82.643  -10.148 0.0000000000
1759  2.716  -82.716  -10.264 0.0000000000
1762  -3.870  -82.744  -10.855 0.0000000000
1767  4.694  -82.229  -11.476 0.0000000000
1769  -2.212  -82.647  -12.022 0.0000000000
1771  -4.613  -83.381  -11.580 0.0000000000
1772  -5.653  -83.427  -11.712 0.0000000000
1773  -6.391  -83.033  -11.920 0.0000000000
1774  -6.731  -82.108  -12.386 0.0000000000
1778  4.712  -82.732  -12.710 0.0000000000
1779  4.099  -83.191  -12.259 0.0000000000
1781  -1.502  -82.334  -12.177 0.0000000000
1782  -3.138  -83.212  -12.300 0.0000000000
1790  5.331  -82.079  -13.897 0.0000000000
1792  -0.862  -82.582  -13.763 0.0000000000
1794  -2.470  -83.341  -13.573 0.0000000000
1795  -5.881  -83.165  -13.908 0.0000000000
1805  -1.657  -83.019  -14.383 0.0000000000
1813  5.394  -81.713  -15.130 0.0000000000
1814  4.867  -82.432  -15.524 0.0000000000
1815  0.097  -82.336  -15.008 0.0000000000
1816  -0.720  -82.627  -15.592 0.0000000000
1817  -1.580  -83.018  -16.244 0.0000000000
1825  4.360  -82.684  -16.958 0.0000000000
1827  -1.396  -82.915  -17.071 0.0000000000
1842  -4.363  -82.800  -18.096 0.0000000000
1846  5.524  -81.237  -18.520 0.0000000000
1849  -2.055  -83.101  -19.383 0.0000000000
1854  -1.567  -82.851  -20.093 0.0000000000
1863  -3.153  -81.716  -20.654 0.0000000000
1947  -1.685  -81.501  9.306 0.0000000000
1948  -2.346  -81.832  9.140 0.0000000000
1950  -8.550  -81.762  9.496 0.0000000000
1957  0.485  -81.698  8.558 0.0000000000
1959  -0.820  -81.262  9.329 0.0000000000
1961  -3.173  -81.973  8.352 0.0000000000
1964  -8.746  -81.696  8.091 0.0000000000
1973  -3.480  -81.521  7.626 0.0000000000
1981  1.094  -81.642  6.955 0.0000000000
1983  -5.615  -82.394  6.094 0.0000000000
1985  -8.803  -82.006  6.038 0.0000000000
1991  0.795  -81.939  5.308 0.0000000000
1992  -4.625  -81.196  5.205 0.0000000000
1995  -8.219  -82.253  5.125 0.0000000000
2006  -7.542  -82.027  4.372 0.0000000000
2016  0.757  -81.495  3.824 0.0000000000
2017  0.360  -82.036  3.206 0.0000000000
2031  0.424  -81.447  1.478 0.0000000000
2039  -1.306  -81.848  0.544 0.0000000000
2040  -2.844  -82.054  0.618 0.0000000000
2043  -6.001  -81.498  0.223 0.0000000000
2044  -7.570  -81.441  0.432 0.0000000000
2056  -8.292  -81.451  -0.938 0.0000000000
2060  -8.268  -81.319  -1.849 0.0000000000
2093  -6.532  -81.776  -5.311 0.0000000000
2106  -0.245  -81.940  -7.047 0.0000000000
2111  1.604  -81.632  -8.366 0.0000000000
2113  -3.962  -81.401  -8.864 0.0000000000
2117  -7.500  -81.385  -9.375 0.0000000000
2123  2.736  -81.674  -9.289 0.0000000000
2127  -5.553  -82.176  -9.411 0.0000000000
2128  -6.556  -82.157  -9.563 0.0000000000
2129  -7.162  -81.924  -9.851 0.0000000000
2130  -7.521  -81.291  -10.633 0.0000000000
2141  3.915  -81.857  -10.255 0.0000000000
2142  -1.617  -81.651  -10.941 0.0000000000
2144  -3.245  -82.188  -10.278 0.0000000000
2145  -4.168  -82.443  -10.118 0.0000000000
2150  5.449  -80.728  -11.504 0.0000000000
2151  5.219  -81.472  -11.463 0.0000000000
2152  -0.330  -81.266  -11.652 0.0000000000
2156  -7.202  -80.894  -11.968 0.0000000000
2165  -6.334  -81.539  -13.197 0.0000000000
2177  1.219  -81.454  -13.477 0.0000000000
2189  5.597  -80.711  -14.793 0.0000000000
2192  0.778  -81.971  -14.580 0.0000000000
2200  2.002  -81.351  -15.981 0.0000000000
2201  1.464  -81.649  -15.080 0.0000000000
2209  5.562  -80.903  -16.269 0.0000000000
2225  -4.822  -81.725  -17.550 0.0000000000
2231  1.732  -81.301  -18.235 0.0000000000
2234  5.816  -80.531  -20.566 0.0000000000
2235  5.758  -81.075  -20.058 0.0000000000
2241  5.861  -81.224  -20.982 0.0000000000
2245  -2.974  -81.398  -21.541 0.0000000000
2246  -3.234  -81.060  -21.166 0.0000000000
2250  0.360  -81.702  -22.431 0.0000000000
2252  -1.667  -81.672  -22.462 0.0000000000
2253  -2.694  -81.145  -22.294 0.0000000000
2260  -1.662  -81.000  -23.222 0.0000000000
2262  -2.501  -80.710  -22.553 0.0000000000
2266  -0.908  -80.768  -23.726 0.0000000000
2382  0.581  -80.329  9.070 0.0000000000
2385  -2.289  -80.696  8.861 0.0000000000
2389  -8.344  -80.954  7.914 0.0000000000
2395  -3.131  -80.519  7.351 0.0000000000
2406  -3.983  -81.028  5.941 0.0000000000
2420  1.147  -80.586  4.856 0.0000000000
2422  -6.924  -81.477  3.738 0.0000000000
2431  1.063  -80.191  2.246 0.0000000000
2440  1.654  -79.936  0.581 0.0000000000
2444  1.410  -80.243  0.010 0.0000000000
2445  0.686  -80.585  -0.466 0.0000000000
2446  -1.073  -81.090  -0.849 0.0000000000
2447  -2.124  -81.202  -0.926 0.0000000000
2450  -5.790  -80.580  -1.308 0.0000000000
2459  -8.148  -80.896  -2.058 0.0000000000
2464  -6.693  -80.385  -2.769 0.0000000000
2465  -7.616  -80.600  -2.161 0.0000000000
2485  -3.332  -80.237  -4.157 0.0000000000
2487  -6.472  -80.899  -4.175 0.0000000000
2488  -7.369  -81.603  -4.260 0.0000000000
2497  -0.597  -80.618  -5.210 0.0000000000
2499  -2.061  -81.096  -4.907 0.0000000000
2508  1.268  -80.297  -6.522 0.0000000000
2509  0.535  -80.679  -6.128 0.0000000000
2512  2.432  -80.227  -7.628 0.0000000000
2517  -5.857  -80.583  -7.757 0.0000000000
2525  2.023  -80.980  -7.983 0.0000000000
2526  -1.923  -80.167  -8.822 0.0000000000
2529  -4.427  -80.903  -8.299 0.0000000000
2531  -6.493  -81.183  -8.363 0.0000000000
2537  4.147  -80.494  -9.374 0.0000000000
2539  -1.459  -80.386  -9.530 0.0000000000
2541  -3.069  -81.174  -9.025 0.0000000000
2554  5.205  -80.223  -10.597 0.0000000000
2556  -0.315  -80.126  -10.365 0.0000000000
2566  5.540  -80.161  -11.937 0.0000000000
2568  1.421  -80.129  -11.641 0.0000000000
2569  0.281  -80.656  -11.437 0.0000000000
2571  -1.011  -81.149  -10.910 0.0000000000
2573  -5.800  -80.926  -13.074 0.0000000000
2574  -6.370  -80.608  -13.001 0.0000000000
2575  -6.694  -80.548  -12.716 0.0000000000
2583  5.436  -79.809  -12.513 0.0000000000
2586  0.906  -80.664  -11.898 0.0000000000
2594  5.543  -80.275  -13.145 0.0000000000
2604  2.442  -80.897  -14.315 0.0000000000
2605  1.860  -81.195  -13.849 0.0000000000
2615  3.738  -79.997  -15.486 0.0000000000
2626  5.449  -79.997  -16.567 0.0000000000
2638  5.509  -80.029  -17.513 0.0000000000
2639  3.872  -79.709  -17.721 0.0000000000
2640  3.018  -80.479  -17.582 0.0000000000
2647  5.618  -80.364  -18.310 0.0000000000
2649  2.224  -80.889  -18.882 0.0000000000
2653  -3.755  -80.852  -19.641 0.0000000000
2656  5.654  -80.283  -19.598 0.0000000000
2657  3.730  -79.675  -19.279 0.0000000000
2667  3.386  -79.904  -20.105 0.0000000000
2671  -2.980  -80.677  -21.756 0.0000000000
2673  6.367  -80.577  -22.575 0.0000000000
2678  7.165  -80.390  -24.164 0.0000000000
2681  0.218  -80.941  -23.807 0.0000000000
2682  -1.815  -80.295  -23.448 0.0000000000
2685  0.694  -80.363  -24.575 0.0000000000
2686  -0.319  -80.303  -24.280 0.0000000000
2689  1.622  -79.805  -25.158 0.0000000000
2811  -1.920  -79.909  8.827 0.0000000000
2817  2.276  -78.962  7.961 0.0000000000
2818  1.801  -79.747  8.241 0.0000000000
2825  1.979  -80.083  6.594 0.0000000000
2827  -3.656  -80.112  5.914 0.0000000000
2833  2.336  -79.417  6.207 0.0000000000
2835  1.371  -80.151  5.022 0.0000000000
2845  1.118  -80.140  4.402 0.0000000000
2847  -5.269  -79.927  3.810 0.0000000000
2848  -6.302  -80.599  3.285 0.0000000000
2859  0.563  -79.856  3.236 0.0000000000
2862  1.288  -79.853  1.572 0.0000000000
2866  2.055  -78.879  -0.031 0.0000000000
2870  1.871  -79.561  -0.148 0.0000000000
2871  1.288  -80.042  -0.825 0.0000000000
2876  -1.222  -79.833  -2.278 0.0000000000
2877  -2.196  -80.242  -2.138 0.0000000000
2880  0.359  -78.867  -2.452 0.0000000000
2884  -3.236  -79.694  -3.034 0.0000000000
2885  -4.213  -80.002  -2.978 0.0000000000
2888  -2.067  -78.697  -3.474 0.0000000000
2907  -1.767  -79.257  -4.407 0.0000000000
2915  1.182  -78.975  -5.704 0.0000000000
2932  2.338  -79.079  -6.625 0.0000000000
2937  -7.040  -79.498  -6.720 0.0000000000
2941  3.632  -78.789  -7.702 0.0000000000
2945  -3.417  -79.585  -7.549 0.0000000000
2947  -7.615  -80.121  -7.275 0.0000000000
2948  -8.339  -79.881  -7.400 0.0000000000
2949  -8.605  -79.783  -7.951 0.0000000000
2953  4.161  -79.056  -8.476 0.0000000000
2956  -1.634  -79.501  -8.507 0.0000000000
2957  -3.081  -80.061  -7.953 0.0000000000
2958  -8.228  -80.383  -8.998 0.0000000000
2964  4.881  -79.075  -10.053 0.0000000000
2971  -6.951  -79.300  -12.760 0.0000000000
2973  -8.420  -79.252  -11.097 0.0000000000
2984  5.212  -79.327  -10.825 0.0000000000
2986  1.598  -79.076  -10.723 0.0000000000
2988  0.012  -79.688  -10.230 0.0000000000
2996  5.021  -78.938  -11.878 0.0000000000
2997  4.123  -79.025  -11.888 0.0000000000
2998  2.928  -79.166  -11.616 0.0000000000
3000  1.110  -79.741  -11.030 0.0000000000
3010  3.905  -79.457  -12.844 0.0000000000
3023  4.890  -79.461  -13.301 0.0000000000
3049  5.252  -79.881  -15.860 0.0000000000
3050  5.031  -79.717  -15.574 0.0000000000
3051  4.510  -79.716  -15.327 0.0000000000
3060  5.065  -79.732  -16.378 0.0000000000
3091  5.020  -79.513  -19.962 0.0000000000
3092  4.209  -79.461  -19.949 0.0000000000
3096  5.215  -79.669  -20.801 0.0000000000
3097  4.517  -79.472  -20.651 0.0000000000
3103  5.970  -79.974  -22.628 0.0000000000
3106  3.962  -79.598  -21.431 0.0000000000
3109  -2.473  -80.157  -22.200 0.0000000000
3115  3.665  -79.831  -22.531 0.0000000000
3121  4.758  -79.334  -24.633 0.0000000000
3126  5.440  -78.805  -25.742 0.0000000000
3130  0.241  -79.187  -24.901 0.0000000000
3132  3.249  -78.625  -26.020 0.0000000000
3133  2.549  -78.502  -25.895 0.0000000000
3134  2.295  -78.140  -25.902 0.0000000000
3294  -0.153  -78.023  8.320 0.0000000000
3296  -2.267  -79.475  8.210 0.0000000000
3307  2.330  -78.078  7.848 0.0000000000
3308  -0.911  -77.954  8.162 0.0000000000
3311  -2.931  -78.939  7.189 0.0000000000
3320  2.787  -78.293  7.201 0.0000000000
3321  -2.840  -78.178  7.100 0.0000000000
3328  2.367  -79.049  5.494 0.0000000000
3329  -3.700  -78.527  5.861 0.0000000000
3341  2.421  -78.322  4.486 0.0000000000
3342  1.558  -78.570  4.218 0.0000000000
3350  -0.024  -79.240  3.278 0.0000000000
3359  1.686  -78.844  0.539 0.0000000000
3360  0.994  -78.817  1.004 0.0000000000
3364  2.329  -77.856  -1.629 0.0000000000
3365  2.084  -78.637  -1.374 0.0000000000
3369  1.875  -78.166  -2.165 0.0000000000
3371  -0.767  -78.141  -3.101 0.0000000000
3377  -0.764  -77.350  -3.666 0.0000000000
3390  -1.675  -78.250  -4.252 0.0000000000
3397  1.577  -78.142  -5.787 0.0000000000
3398  -0.246  -77.645  -4.807 0.0000000000
3399  -0.601  -78.485  -4.832 0.0000000000
3418  -2.983  -78.102  -6.865 0.0000000000
3423  -8.690  -78.824  -6.304 0.0000000000
3434  3.762  -77.910  -7.555 0.0000000000
3437  -1.681  -78.369  -7.700 0.0000000000
3448  -0.545  -78.486  -8.643 0.0000000000
3450  -1.998  -79.125  -7.912 0.0000000000
3457  4.545  -78.501  -9.626 0.0000000000
3458  1.774  -77.907  -9.784 0.0000000000
3460  -0.201  -78.896  -9.313 0.0000000000
3465  -8.895  -78.910  -9.927 0.0000000000
3480  3.113  -78.142  -10.497 0.0000000000
3486  -7.915  -78.630  -12.366 0.0000000000
3567  0.975  -78.264  -24.639 0.0000000000
3572  1.423  -78.407  -25.320 0.0000000000
3573  0.435  -78.833  -24.901 0.0000000000
3765  1.415  -77.562  7.913 0.0000000000
3772  2.324  -77.423  7.490 0.0000000000
3774  -0.623  -77.430  7.803 0.0000000000
3784  -2.642  -77.245  6.826 0.0000000000
3791  3.393  -77.837  5.421 0.0000000000
3799  -4.559  -77.637  4.907 0.0000000000
3803  3.352  -77.258  4.035 0.0000000000
3804  2.320  -77.896  3.941 0.0000000000
3806  0.200  -78.555  3.632 0.0000000000
3816  -1.821  -78.819  3.199 0.0000000000
3821  -9.792  -77.518  1.379 0.0000000000
3825  -1.507  -79.050  2.025 0.0000000000
3832  2.130  -77.783  -0.516 0.0000000000
3834  2.398  -77.482  -1.236 0.0000000000
3839  1.078  -77.357  -3.024 0.0000000000
3846  2.472  -76.593  -2.547 0.0000000000
3848  0.491  -76.734  -3.889 0.0000000000
3862  0.395  -76.931  -4.785 0.0000000000
3863  -8.650  -77.115  -3.953 0.0000000000
3869  2.077  -77.246  -5.799 0.0000000000
3872  -5.808  -77.157  -5.470 0.0000000000
3874  -9.216  -77.453  -5.061 0.0000000000
3884  -2.621  -77.126  -6.587 0.0000000000
3886  -4.493  -77.566  -6.138 0.0000000000
3887  -6.054  -77.943  -5.878 0.0000000000
3888  -7.044  -78.318  -5.846 0.0000000000
3890  -9.261  -77.791  -5.754 0.0000000000
3905  3.668  -77.131  -7.574 0.0000000000
3907  -0.542  -77.242  -7.868 0.0000000000
3919  4.106  -77.617  -8.708 0.0000000000
3921  -0.140  -77.685  -8.423 0.0000000000
3936  4.227  -77.833  -9.376 0.0000000000
3938  2.795  -77.253  -9.472 0.0000000000
3940  1.041  -77.771  -9.312 0.0000000000
3956  3.964  -77.672  -9.709 0.0000000000
4266  2.435  -76.863  7.119 0.0000000000
4269  -0.313  -76.842  7.395 0.0000000000
4278  3.469  -77.000  6.283 0.0000000000
4284  -2.693  -76.490  6.396 0.0000000000
4294  3.702  -76.555  5.470 0.0000000000
4297  -4.355  -76.319  5.074 0.0000000000
4314  -5.800  -76.597  3.415 0.0000000000
4319  3.484  -76.649  3.208 0.0000000000
4325  -10.187  -76.909  1.360 0.0000000000
4328  0.822  -76.469  2.583 0.0000000000
4330  -3.120  -77.337  1.328 0.0000000000
4339  -3.564  -77.014  0.992 0.0000000000
4350  1.955  -76.140  -1.299 0.0000000000
4362  1.582  -75.953  -4.028 0.0000000000
4364  -8.321  -76.565  -3.150 0.0000000000
4365  -9.050  -76.670  -3.595 0.0000000000
4380  -6.463  -76.444  -3.425 0.0000000000
4389  -3.690  -76.058  -5.583 0.0000000000
4391  -5.420  -76.457  -5.061 0.0000000000
4400  -1.357  -76.307  -6.892 0.0000000000
4402  -3.289  -76.661  -6.076 0.0000000000
4404  -9.428  -77.079  -4.981 0.0000000000
4414  3.402  -76.424  -7.577 0.0000000000
4415  1.714  -75.628  -8.025 0.0000000000
4416  0.856  -76.314  -8.229 0.0000000000
4417  -0.038  -76.286  -7.733 0.0000000000
4456  -9.988  -76.697  -9.759 0.0000000000
4474  -8.966  -77.289  -12.711 0.0000000000
4875  1.382  -75.643  6.310 0.0000000000
4876  -0.324  -75.724  6.495 0.0000000000
4891  3.012  -75.366  5.769 0.0000000000
4895  -1.398  -74.886  5.871 0.0000000000
4896  -2.895  -75.306  5.565 0.0000000000
4898  -4.472  -75.660  4.655 0.0000000000
4908  3.957  -76.027  4.816 0.0000000000
4909  -3.865  -74.955  4.807 0.0000000000
4920  -5.660  -75.654  3.375 0.0000000000
4929  3.861  -75.843  2.402 0.0000000000
4933  -10.211  -76.384  1.119 0.0000000000
4936  3.629  -75.341  1.611 0.0000000000
4940  -0.686  -75.770  2.358 0.0000000000
4942  -9.841  -75.763  0.788 0.0000000000
4943  -10.103  -76.226  0.922 0.0000000000
4947  -3.422  -76.408  1.404 0.0000000000
4955  -3.068  -77.147  -0.319 0.0000000000
4964  0.064  -75.595  -1.303 0.0000000000
4966  -2.198  -76.410  -1.156 0.0000000000
4967  -3.318  -76.798  -1.126 0.0000000000
4969  -6.042  -76.572  -0.629 0.0000000000
4977  -7.509  -75.936  -1.758 0.0000000000
4978  -8.883  -75.542  -2.629 0.0000000000
4984  2.524  -75.308  -3.281 0.0000000000
4997  2.414  -74.892  -4.967 0.0000000000
4999  -4.918  -75.726  -3.840 0.0000000000
5014  -3.900  -75.408  -5.071 0.0000000000
5015  -4.621  -75.639  -4.572 0.0000000000
5019  3.155  -75.888  -7.492 0.0000000000
5022  -0.424  -74.975  -6.788 0.0000000000
5023  -1.330  -75.467  -6.484 0.0000000000
5024  -2.180  -75.490  -5.975 0.0000000000
5028  2.651  -75.584  -7.671 0.0000000000
5041  -9.819  -75.430  -8.262 0.0000000000
5066  -10.588  -75.829  -12.262 0.0000000000
5080  -9.214  -75.536  -13.316 0.0000000000
5081  -10.058  -75.715  -13.166 0.0000000000
5526  3.121  -74.643  5.274 0.0000000000
5527  2.215  -74.030  5.290 0.0000000000
5529  0.732  -74.353  5.556 0.0000000000
5531  -1.775  -74.456  5.527 0.0000000000
5532  -2.468  -74.585  5.373 0.0000000000
5549  -4.220  -74.403  4.283 0.0000000000
5560  -6.052  -75.075  2.749 0.0000000000
5563  -10.251  -75.228  1.672 0.0000000000
5582  4.317  -74.238  1.725 0.0000000000
5583  3.855  -74.730  1.211 0.0000000000
5588  -1.933  -74.969  1.975 0.0000000000
5589  -7.806  -74.029  0.945 0.0000000000
5600  3.494  -74.346  0.624 0.0000000000
5605  -1.987  -74.079  1.298 0.0000000000
5607  -4.348  -75.720  0.766 0.0000000000
5627  2.068  -74.617  -2.449 0.0000000000
5628  1.467  -74.640  -2.055 0.0000000000
5630  -0.478  -75.075  -1.802 0.0000000000
5633  -5.974  -75.215  -0.553 0.0000000000
5641  1.489  -74.062  -2.660 0.0000000000
5648  -7.473  -75.188  -1.649 0.0000000000
5659  2.379  -74.193  -3.878 0.0000000000
5662  -9.831  -74.111  -2.925 0.0000000000
5671  2.336  -74.295  -4.671 0.0000000000
5673  -9.967  -74.542  -3.390 0.0000000000
5683  -1.423  -74.286  -5.558 0.0000000000
5691  0.758  -74.034  -6.539 0.0000000000
5693  -0.949  -74.587  -6.172 0.0000000000
5698  2.565  -74.960  -7.145 0.0000000000
5699  1.871  -74.535  -7.143 0.0000000000
5700  1.183  -74.355  -7.020 0.0000000000
5715  -10.950  -74.795  -9.687 0.0000000000
5740  -11.056  -75.185  -12.380 0.0000000000
5757  -9.847  -75.091  -13.680 0.0000000000
5758  -10.598  -75.064  -13.407 0.0000000000
6234  2.163  -73.128  5.227 0.0000000000
6235  1.212  -73.530  5.311 0.0000000000
6238  -1.535  -73.778  5.285 0.0000000000
6239  -2.147  -74.009  5.199 0.0000000000
6252  3.483  -73.389  4.476 0.0000000000
6254  0.466  -72.740  5.298 0.0000000000
6256  -1.279  -72.999  5.083 0.0000000000
6258  -4.043  -73.625  4.125 0.0000000000
6265  4.351  -73.795  3.170 0.0000000000
6287  4.382  -73.568  1.424 0.0000000000
6290  -8.645  -73.480  0.565 0.0000000000
6291  -9.533  -73.196  0.663 0.0000000000
6315  3.102  -73.192  -0.630 0.0000000000
6316  1.940  -73.114  -0.624 0.0000000000
6317  0.843  -73.030  -0.466 0.0000000000
6319  -1.328  -73.228  0.126 0.0000000000
6321  -4.875  -74.304  -0.320 0.0000000000
6332  -3.452  -73.295  -0.504 0.0000000000
6341  1.955  -73.736  -3.897 0.0000000000
6343  0.523  -73.671  -2.983 0.0000000000
6346  -2.368  -74.863  -3.084 0.0000000000
6348  -6.439  -73.803  -1.873 0.0000000000
6349  -7.218  -74.030  -2.056 0.0000000000
6357  1.370  -73.372  -4.081 0.0000000000
6360  -1.094  -73.858  -3.633 0.0000000000
6365  -10.047  -73.242  -3.111 0.0000000000
6372  2.167  -73.883  -4.418 0.0000000000
6374  1.000  -73.267  -4.630 0.0000000000
6375  0.022  -73.299  -4.593 0.0000000000
6376  -1.381  -73.829  -4.730 0.0000000000
6377  -2.148  -74.260  -4.546 0.0000000000
6378  -10.150  -73.667  -3.896 0.0000000000
6388  1.469  -73.547  -5.274 0.0000000000
6391  -1.079  -73.795  -5.220 0.0000000000
6397  1.973  -73.910  -5.886 0.0000000000
6398  1.172  -73.707  -5.947 0.0000000000
6399  0.248  -73.739  -5.922 0.0000000000
6400  -8.412  -73.909  -6.229 0.0000000000
6404  -10.054  -73.704  -7.931 0.0000000000
6412  -10.791  -74.105  -8.879 0.0000000000
6432  -11.414  -74.198  -11.394 0.0000000000
6470  -10.529  -74.074  -14.187 0.0000000000
6471  -11.062  -73.725  -14.238 0.0000000000
6472  -11.310  -73.673  -14.107 0.0000000000
6993  1.756  -71.754  5.316 0.0000000000
6995  -0.125  -72.067  5.220 0.0000000000
6998  -3.367  -72.448  4.184 0.0000000000
7007  -3.789  -71.974  3.759 0.0000000000
7009  -5.107  -72.818  2.694 0.0000000000
7019  -5.961  -72.846  1.877 0.0000000000
7020  -6.952  -72.863  1.085 0.0000000000
7027  4.546  -72.828  1.575 0.0000000000
7028  -8.333  -72.786  0.538 0.0000000000
7042  3.591  -72.686  -1.050 0.0000000000
7045  0.400  -72.583  -0.799 0.0000000000
7046  -0.600  -72.740  -0.540 0.0000000000
7048  -2.191  -72.728  -0.548 0.0000000000
7060  3.109  -72.306  -1.583 0.0000000000
7065  -1.497  -72.230  -1.132 0.0000000000
7067  -3.566  -72.898  -1.309 0.0000000000
7088  -5.007  -72.349  -3.338 0.0000000000
7093  -10.074  -72.676  -3.551 0.0000000000
7119  -8.556  -72.073  -6.014 0.0000000000
7145  -11.282  -72.686  -8.914 0.0000000000
7162  -11.780  -72.747  -10.406 0.0000000000
7183  -11.570  -73.087  -13.915 0.0000000000
7193  -11.309  -72.429  -14.948 0.0000000000
7693  3.550  -70.985  4.743 0.0000000000
7697  0.162  -71.412  5.255 0.0000000000
7709  3.986  -71.657  4.175 0.0000000000
7711  -4.851  -71.996  2.710 0.0000000000
7722  5.195  -71.043  2.234 0.0000000000
7723  4.716  -71.575  2.626 0.0000000000
7733  4.718  -72.364  0.989 0.0000000000
7742  5.403  -71.280  0.524 0.0000000000
7743  5.031  -71.738  -0.212 0.0000000000
7751  5.254  -71.207  -0.858 0.0000000000
7764  1.617  -71.852  -1.851 0.0000000000
7767  -1.079  -71.714  -1.539 0.0000000000
7768  -1.959  -72.097  -1.464 0.0000000000
7774  3.219  -71.494  -2.427 0.0000000000
7775  2.213  -71.561  -2.338 0.0000000000
7776  -0.833  -71.233  -2.026 0.0000000000
7777  -1.415  -71.437  -1.970 0.0000000000
7790  -5.162  -71.649  -3.789 0.0000000000
7791  -6.294  -71.408  -3.826 0.0000000000
7793  -9.145  -71.616  -3.325 0.0000000000
7814  -9.912  -71.504  -4.338 0.0000000000
7844  -11.207  -71.415  -8.209 0.0000000000
7859  -11.661  -71.942  -9.020 0.0000000000
8430  3.078  -70.224  5.057 0.0000000000
8434  -1.514  -70.648  4.754 0.0000000000
8435  -2.122  -70.889  4.566 0.0000000000
8447  4.622  -70.309  3.720 0.0000000000
8448  4.127  -70.761  4.213 0.0000000000
8449  -3.619  -71.124  3.868 0.0000000000
8466  6.376  -70.154  0.760 0.0000000000
8481  5.895  -70.704  0.287 0.0000000000
8493  5.852  -70.693  -0.501 0.0000000000
8519  4.493  -70.692  -2.549 0.0000000000
8520  3.681  -70.961  -2.841 0.0000000000
8524  -1.228  -70.746  -2.463 0.0000000000
8540  2.078  -70.666  -3.467 0.0000000000
8541  0.989  -70.577  -3.294 0.0000000000
8543  -1.101  -70.155  -3.034 0.0000000000
8545  -3.118  -70.285  -3.437 0.0000000000
8546  -3.880  -70.587  -3.692 0.0000000000
8548  -6.067  -70.203  -3.928 0.0000000000
8550  -9.043  -70.206  -3.346 0.0000000000
8564  -10.378  -70.286  -3.689 0.0000000000
8572  -9.953  -70.862  -4.500 0.0000000000
8583  -9.342  -70.579  -5.568 0.0000000000
8584  -10.014  -69.887  -5.641 0.0000000000
8592  -10.120  -70.519  -7.036 0.0000000000
8615  -12.053  -70.300  -9.632 0.0000000000
8627  -12.118  -70.804  -10.427 0.0000000000
9245  3.502  -69.442  4.659 0.0000000000
9248  -2.023  -70.052  4.655 0.0000000000
9249  -2.718  -69.567  4.420 0.0000000000
9264  5.096  -68.831  3.278 0.0000000000
9265  4.644  -69.318  3.761 0.0000000000
9267  -3.973  -69.331  3.736 0.0000000000
9283  6.106  -69.752  1.960 0.0000000000
9327  6.548  -69.288  -2.102 0.0000000000
9340  4.435  -69.655  -3.720 0.0000000000
9344  -0.130  -69.938  -3.968 0.0000000000
9349  -5.608  -69.405  -3.854 0.0000000000
9351  -9.574  -69.712  -3.263 0.0000000000
9352  -10.263  -69.568  -3.352 0.0000000000
9363  1.787  -69.584  -4.604 0.0000000000
9365  -0.442  -69.594  -4.399 0.0000000000
9366  -1.212  -69.525  -4.188 0.0000000000
9367  -1.948  -69.407  -4.030 0.0000000000
9390  -10.619  -69.069  -5.804 0.0000000000
9396  -10.918  -69.182  -6.961 0.0000000000
9405  -11.192  -69.647  -7.733 0.0000000000
9440  -12.330  -69.521  -12.237 0.0000000000
10087  -0.975  -68.446  4.586 0.0000000000
10088  -1.953  -68.808  4.477 0.0000000000
10097  4.488  -68.303  3.351 0.0000000000
10098  3.699  -68.037  3.742 0.0000000000
10110  -3.556  -67.527  2.604 0.0000000000
10112  -5.476  -68.223  2.126 0.0000000000
10121  -4.665  -67.192  1.645 0.0000000000
10148  7.124  -68.431  -0.810 0.0000000000
10149  6.853  -69.315  -0.564 0.0000000000
10158  7.282  -68.080  -1.579 0.0000000000
10159  6.986  -68.866  -1.429 0.0000000000
10164  6.846  -67.907  -2.881 0.0000000000
10175  4.755  -68.914  -4.124 0.0000000000
10176  -5.426  -68.979  -3.953 0.0000000000
10186  4.907  -68.220  -4.291 0.0000000000
10190  1.032  -69.332  -4.882 0.0000000000
10194  -2.317  -69.060  -4.404 0.0000000000
10195  -3.134  -68.891  -4.376 0.0000000000
10197  -5.144  -68.602  -4.557 0.0000000000
10201  -10.235  -68.614  -3.242 0.0000000000
10213  1.102  -68.883  -5.292 0.0000000000
10219  -4.417  -68.458  -5.246 0.0000000000
10261  -12.073  -68.610  -9.519 0.0000000000
10288  -12.314  -67.918  -12.090 0.0000000000
10878  2.367  -67.596  3.566 0.0000000000
10880  0.259  -67.565  3.613 0.0000000000
10891  1.346  -67.360  2.265 0.0000000000
10898  5.143  -67.495  1.968 0.0000000000
10899  4.454  -67.564  2.313 0.0000000000
10900  2.801  -67.276  2.181 0.0000000000
10901  1.898  -67.286  2.225 0.0000000000
10903  0.115  -67.431  1.917 0.0000000000
10914  6.137  -67.470  1.034 0.0000000000
10919  0.336  -67.093  1.828 0.0000000000
10921  -1.148  -66.926  1.495 0.0000000000
10923  -2.727  -66.775  1.608 0.0000000000
10924  -3.754  -66.752  1.510 0.0000000000
10935  -5.242  -66.904  0.891 0.0000000000
10950  7.275  -67.670  -1.063 0.0000000000
10951  7.052  -67.261  -0.640 0.0000000000
10970  3.876  -67.843  -5.079 0.0000000000
10972  -8.272  -67.892  -4.310 0.0000000000
10973  -9.088  -67.726  -3.877 0.0000000000
10974  -9.901  -67.907  -3.670 0.0000000000
10983  4.223  -67.084  -5.114 0.0000000000
10986  1.066  -68.336  -5.740 0.0000000000
10987  0.263  -68.504  -5.788 0.0000000000
10989  -2.182  -68.501  -5.659 0.0000000000
10991  -3.848  -68.321  -5.889 0.0000000000
10993  -5.920  -68.001  -5.839 0.0000000000
10995  -7.894  -67.693  -4.943 0.0000000000
10998  -10.887  -67.554  -4.659 0.0000000000
11009  -0.629  -67.679  -6.675 0.0000000000
11011  -2.943  -67.863  -6.615 0.0000000000
11012  -3.851  -67.694  -6.762 0.0000000000
11015  -6.571  -67.481  -6.204 0.0000000000
11016  -7.572  -67.393  -5.756 0.0000000000
11027  -3.902  -66.684  -7.402 0.0000000000
11034  -11.872  -67.539  -8.185 0.0000000000
11044  -11.943  -67.266  -9.016 0.0000000000
11082  -12.170  -66.969  -13.484 0.0000000000
11637  4.677  -65.863  0.180 0.0000000000
11639  3.730  -66.449  1.385 0.0000000000
11641  0.730  -66.412  1.953 0.0000000000
11644  -2.276  -66.456  1.228 0.0000000000
11661  -7.826  -66.424  -0.601 0.0000000000
11674  7.262  -66.887  -1.166 0.0000000000
11675  6.724  -66.586  -0.637 0.0000000000
11684  7.443  -66.498  -2.412 0.0000000000
11685  7.199  -66.590  -3.024 0.0000000000
11691  6.014  -66.494  -3.921 0.0000000000
11707  3.829  -66.457  -5.342 0.0000000000
11708  3.131  -66.475  -5.755 0.0000000000
11709  -8.425  -67.222  -5.301 0.0000000000
11712  -10.836  -66.689  -4.994 0.0000000000
11719  -6.150  -66.873  -6.964 0.0000000000
11727  0.850  -66.196  -7.138 0.0000000000
11729  -1.706  -66.493  -7.565 0.0000000000
11730  -2.438  -66.368  -7.614 0.0000000000
11736  -11.450  -65.101  -6.733 0.0000000000
11740  -11.894  -66.570  -8.418 0.0000000000
11778  -11.971  -66.270  -11.683 0.0000000000
12404  3.065  -64.967  4.924 0.0000000000
12406  1.194  -65.297  5.053 0.0000000000
12435  3.601  -65.038  1.630 0.0000000000
12436  2.482  -65.527  2.340 0.0000000000
12437  1.623  -65.749  2.455 0.0000000000
12438  0.688  -65.843  2.331 0.0000000000
12440  -0.814  -65.882  1.561 0.0000000000
12441  -2.120  -65.452  1.420 0.0000000000
12452  5.619  -64.908  0.421 0.0000000000
12455  3.656  -65.795  1.191 0.0000000000
12457  1.208  -66.032  2.217 0.0000000000
12458  0.213  -66.016  1.962 0.0000000000
12459  -0.515  -66.072  1.621 0.0000000000
12461  -2.134  -66.094  0.865 0.0000000000
12463  -3.952  -66.115  0.384 0.0000000000
12473  5.998  -65.538  -0.162 0.0000000000
12475  -5.716  -66.130  -0.160 0.0000000000
12492  7.330  -65.472  -1.536 0.0000000000
12496  7.485  -65.707  -2.235 0.0000000000
12504  6.074  -65.489  -3.823 0.0000000000
12515  4.009  -64.962  -5.068 0.0000000000
12520  4.003  -65.748  -5.203 0.0000000000
12525  1.932  -65.552  -6.572 0.0000000000
12530  -0.371  -65.359  -7.588 0.0000000000
12532  -2.401  -65.393  -7.779 0.0000000000
12573  -11.703  -65.666  -10.822 0.0000000000
12590  -11.676  -65.499  -11.682 0.0000000000
12625  -11.379  -65.026  -13.735 0.0000000000
13215  2.060  -64.019  8.180 0.0000000000
13216  1.218  -64.178  8.119 0.0000000000
13229  3.281  -63.862  7.391 0.0000000000
13231  1.736  -64.407  7.496 0.0000000000
13233  -0.213  -64.467  7.273 0.0000000000
13247  2.485  -64.636  6.556 0.0000000000
13248  1.181  -64.789  6.730 0.0000000000
13251  -1.357  -64.712  6.128 0.0000000000
13258  5.302  -63.952  5.137 0.0000000000
13266  -2.268  -64.611  5.208 0.0000000000
13274  5.488  -64.223  4.232 0.0000000000
13276  3.996  -64.746  4.791 0.0000000000
13279  -2.609  -64.599  4.538 0.0000000000
13287  6.180  -64.122  3.047 0.0000000000
13289  5.002  -64.604  3.510 0.0000000000
13290  -1.765  -65.251  3.525 0.0000000000
13317  6.208  -64.391  1.285 0.0000000000
13318  5.689  -64.522  1.623 0.0000000000
13319  -3.578  -65.406  0.786 0.0000000000
13322  -6.399  -64.388  0.307 0.0000000000
13337  -7.340  -64.923  -0.378 0.0000000000
13338  -8.874  -64.720  -0.334 0.0000000000
13350  7.342  -64.757  -1.382 0.0000000000
13356  7.447  -64.915  -2.016 0.0000000000
13357  7.068  -64.379  -2.539 0.0000000000
13369  4.819  -64.142  -4.063 0.0000000000
13381  3.753  -64.067  -4.757 0.0000000000
13389  2.099  -64.647  -6.286 0.0000000000
13394  0.836  -64.718  -7.103 0.0000000000
13396  -2.778  -64.460  -7.616 0.0000000000
13398  -4.544  -64.435  -7.605 0.0000000000
13399  -5.518  -64.328  -7.610 0.0000000000
13400  -7.097  -63.980  -7.471 0.0000000000
13412  -10.527  -63.521  -8.423 0.0000000000
13507  -10.462  -63.991  -14.735 0.0000000000
14104  1.222  -63.533  9.388 0.0000000000
14105  0.406  -63.611  9.256 0.0000000000
14119  2.379  -63.479  8.687 0.0000000000
14123  -1.243  -63.515  8.209 0.0000000000
14134  3.455  -63.277  7.701 0.0000000000
14135  0.247  -64.222  8.019 0.0000000000
14149  3.874  -63.558  7.039 0.0000000000
14161  5.906  -62.814  5.180 0.0000000000
14162  5.555  -63.190  5.540 0.0000000000
14163  4.942  -63.552  5.902 0.0000000000
14166  -3.179  -63.457  5.301 0.0000000000
14179  -3.453  -63.557  4.516 0.0000000000
14189  6.786  -62.804  2.933 0.0000000000
14191  -3.648  -63.773  3.576 0.0000000000
14223  6.802  -63.490  1.376 0.0000000000
14224  6.574  -63.968  1.802 0.0000000000
14238  6.915  -63.361  0.604 0.0000000000
14246  6.763  -62.684  -0.621 0.0000000000
14249  7.282  -64.193  -0.895 0.0000000000
14250  7.034  -63.335  -1.255 0.0000000000
14251  6.155  -62.872  -1.867 0.0000000000
14255  5.633  -63.210  -2.645 0.0000000000
14258  2.863  -62.515  -3.079 0.0000000000
14260  0.628  -62.457  -2.862 0.0000000000
14262  -0.747  -62.554  -2.783 0.0000000000
14275  4.276  -63.416  -3.700 0.0000000000
14277  2.815  -62.790  -3.767 0.0000000000
14279  0.883  -62.605  -3.638 0.0000000000
14287  3.240  -63.370  -4.414 0.0000000000
14292  -1.213  -62.591  -4.214 0.0000000000
14297  2.047  -63.386  -5.179 0.0000000000
14300  -0.768  -62.899  -5.695 0.0000000000
14301  -1.455  -62.661  -5.149 0.0000000000
14307  0.803  -63.584  -6.145 0.0000000000
14308  -0.092  -63.399  -6.286 0.0000000000
14312  -3.647  -63.080  -6.677 0.0000000000
14313  -4.415  -63.101  -6.860 0.0000000000
14315  -6.281  -63.265  -7.294 0.0000000000
14324  -1.338  -63.787  -7.186 0.0000000000
14328  -7.616  -63.320  -7.278 0.0000000000
14329  -8.948  -63.046  -7.289 0.0000000000
14330  -10.054  -63.235  -7.583 0.0000000000
14370  -10.524  -63.485  -9.728 0.0000000000
14385  -10.259  -62.453  -12.485 0.0000000000
14408  -10.014  -62.456  -13.679 0.0000000000
14444  -9.172  -63.024  -15.830 0.0000000000
14977  -0.103  -63.091  10.463 0.0000000000
14989  2.097  -62.650  10.160 0.0000000000
14990  1.473  -63.191  10.085 0.0000000000
14992  -0.390  -63.336  9.568 0.0000000000
15001  -0.986  -63.340  8.885 0.0000000000
15013  3.404  -62.638  7.976 0.0000000000
15014  -2.051  -62.924  7.832 0.0000000000
15015  -2.714  -62.167  7.413 0.0000000000
15027  4.579  -62.648  6.808 0.0000000000
15028  3.889  -62.230  7.430 0.0000000000
15042  5.546  -62.411  5.735 0.0000000000
15044  -3.111  -63.035  5.984 0.0000000000
15046  -3.986  -61.845  5.389 0.0000000000
15062  -4.292  -62.241  4.536 0.0000000000
15075  6.557  -62.569  3.876 0.0000000000
15077  -5.678  -62.191  3.345 0.0000000000
15096  -6.001  -62.723  2.538 0.0000000000
15098  -7.757  -62.301  1.980 0.0000000000
15113  6.855  -62.702  1.374 0.0000000000
15116  -10.251  -62.920  1.332 0.0000000000
15130  6.906  -62.790  0.043 0.0000000000
15131  6.549  -62.049  -0.095 0.0000000000
15134  -0.395  -62.084  -1.337 0.0000000000
15136  -1.957  -62.370  -0.884 0.0000000000
15137  -2.799  -62.342  -0.782 0.0000000000
15138  -3.738  -62.162  -0.717 0.0000000000
15139  -4.575  -62.053  -0.907 0.0000000000
15149  3.710  -62.194  -1.871 0.0000000000
15151  0.320  -61.991  -1.593 0.0000000000
15153  -2.391  -62.602  -1.558 0.0000000000
15157  -6.737  -62.450  -2.062 0.0000000000
15158  -7.707  -62.414  -1.968 0.0000000000
15159  -8.753  -62.380  -1.889 0.0000000000
15174  2.431  -62.269  -2.493 0.0000000000
15176  0.517  -62.271  -2.182 0.0000000000
15179  -2.770  -62.658  -2.255 0.0000000000
15180  -3.644  -62.609  -2.304 0.0000000000
15181  -4.712  -62.583  -2.467 0.0000000000
15182  -5.618  -62.634  -3.035 0.0000000000
15197  -1.462  -62.593  -2.858 0.0000000000
15198  -2.377  -62.608  -2.972 0.0000000000
15201  -5.612  -62.617  -3.776 0.0000000000
15202  -6.361  -62.696  -3.528 0.0000000000
15203  -8.741  -62.845  -3.200 0.0000000000
15204  -9.651  -62.541  -3.422 0.0000000000
15205  -10.275  -61.987  -2.976 0.0000000000
15208  -3.330  -62.542  -4.052 0.0000000000
15209  -4.395  -62.548  -4.913 0.0000000000
15214  -9.904  -62.502  -4.120 0.0000000000
15217  -4.924  -62.598  -5.423 0.0000000000
15218  -5.618  -62.582  -5.905 0.0000000000
15223  -10.608  -62.273  -4.536 0.0000000000
15237  -8.165  -62.788  -7.117 0.0000000000
15238  -9.541  -62.808  -7.273 0.0000000000
15250  -10.492  -62.718  -8.630 0.0000000000
15335  -7.679  -62.245  -15.268 0.0000000000
15895  1.148  -61.827  12.659 0.0000000000
15912  0.644  -62.322  12.057 0.0000000000
15913  -0.395  -62.135  12.109 0.0000000000
15914  -1.320  -61.543  12.014 0.0000000000
15925  1.944  -62.406  11.106 0.0000000000
15939  2.452  -61.858  10.043 0.0000000000
15940  -1.821  -62.349  9.082 0.0000000000
15952  2.293  -61.053  8.671 0.0000000000
15963  -3.278  -61.433  7.315 0.0000000000
15980  -4.065  -61.109  6.335 0.0000000000
15993  4.939  -61.407  6.015 0.0000000000
15995  -4.393  -61.171  5.645 0.0000000000
15996  -4.969  -61.064  5.113 0.0000000000
16009  6.279  -62.142  4.480 0.0000000000
16016  -8.760  -60.452  3.699 0.0000000000
16031  6.223  -61.469  3.769 0.0000000000
16032  5.551  -60.558  4.009 0.0000000000
16037  -10.854  -61.419  3.850 0.0000000000
16059  6.313  -61.030  1.930 0.0000000000
16063  -2.710  -60.981  1.027 0.0000000000
16064  -3.897  -60.975  0.828 0.0000000000
16070  6.378  -61.410  0.541 0.0000000000
16071  5.489  -60.730  0.617 0.0000000000
16077  -0.966  -61.378  0.151 0.0000000000
16078  -1.770  -61.525  0.366 0.0000000000
16079  -2.521  -61.530  0.522 0.0000000000
16083  -6.568  -60.912  -0.380 0.0000000000
16088  5.901  -61.380  -0.197 0.0000000000
16092  1.209  -61.269  -0.674 0.0000000000
16095  -1.464  -61.926  -0.328 0.0000000000
16100  -7.372  -61.186  -0.805 0.0000000000
16107  3.580  -61.686  -1.247 0.0000000000
16108  2.507  -61.604  -1.315 0.0000000000
16111  -6.044  -62.092  -1.498 0.0000000000
16114  -9.176  -61.868  -1.312 0.0000000000
16115  -10.154  -61.714  -1.459 0.0000000000
16116  -10.670  -61.338  -1.713 0.0000000000
16128  -10.993  -61.853  -3.465 0.0000000000
16129  -11.425  -61.615  -3.962 0.0000000000
16132  -11.601  -61.587  -4.620 0.0000000000
16134  -8.284  -62.227  -6.017 0.0000000000
16142  -8.862  -62.267  -6.454 0.0000000000
16143  -9.982  -62.351  -6.564 0.0000000000
16168  -11.119  -61.462  -8.548 0.0000000000
16190  -10.819  -61.010  -9.521 0.0000000000
16242  -7.374  -61.409  -13.524 0.0000000000
16845  2.128  -60.591  13.393 0.0000000000
16846  1.213  -60.569  13.491 0.0000000000
16853  3.437  -60.788  12.620 0.0000000000
16857  -0.333  -60.995  13.231 0.0000000000
16869  4.298  -60.811  11.251 0.0000000000
16871  3.222  -61.360  11.872 0.0000000000
16887  -1.977  -61.060  11.277 0.0000000000
16920  2.184  -60.650  9.000 0.0000000000
16937  2.127  -60.017  8.633 0.0000000000
16938  -3.863  -60.510  7.479 0.0000000000
16939  -4.347  -60.164  7.073 0.0000000000
16954  -4.026  -60.832  6.895 0.0000000000
16972  -5.687  -60.699  5.022 0.0000000000
16984  10.373  -60.374  4.172 0.0000000000
16986  4.024  -59.438  5.576 0.0000000000
16987  -6.780  -60.513  4.522 0.0000000000
16988  -8.062  -60.125  4.284 0.0000000000
16997  9.849  -60.343  3.695 0.0000000000
16998  5.140  -59.902  3.260 0.0000000000
17007  10.514  -60.297  2.589 0.0000000000
17008  9.717  -60.110  2.900 0.0000000000
17009  5.291  -60.107  2.476 0.0000000000
17012  -1.841  -59.982  1.782 0.0000000000
17013  -2.557  -59.937  1.928 0.0000000000
17014  -3.307  -59.949  1.965 0.0000000000
17015  -4.126  -59.951  1.926 0.0000000000
17024  12.732  -59.979  0.895 0.0000000000
17026  11.685  -60.325  1.746 0.0000000000
17028  4.920  -59.895  1.906 0.0000000000
17031  2.668  -59.487  1.242 0.0000000000
17035  -1.617  -60.493  1.296 0.0000000000
17039  -5.362  -60.093  1.310 0.0000000000
17048  3.039  -59.881  0.720 0.0000000000
17050  0.233  -60.618  0.382 0.0000000000
17053  -5.464  -60.532  0.717 0.0000000000
17056  -8.769  -59.983  0.273 0.0000000000
17057  -9.966  -60.121  0.135 0.0000000000
17062  -8.075  -60.584  -0.298 0.0000000000
17072  -10.829  -60.871  -1.317 0.0000000000
17092  -11.345  -61.242  -3.375 0.0000000000
17155  -10.562  -59.967  -9.963 0.0000000000
17162  -9.718  -59.264  -11.988 0.0000000000
17163  -10.194  -59.472  -11.069 0.0000000000
17186  -9.350  -59.410  -12.473 0.0000000000
17821  1.629  -59.812  13.541 0.0000000000
17829  3.510  -60.026  13.176 0.0000000000
17833  -2.110  -59.024  12.188 0.0000000000
17841  4.061  -60.391  12.576 0.0000000000
17842  -2.111  -59.747  12.139 0.0000000000
17844  -3.213  -58.876  11.036 0.0000000000
17850  7.204  -59.511  10.265 0.0000000000
17854  3.960  -60.683  10.326 0.0000000000
17856  -3.442  -59.206  10.370 0.0000000000
17868  -3.731  -59.787  8.772 0.0000000000
17869  -4.220  -59.230  9.005 0.0000000000
17873  8.598  -59.552  8.479 0.0000000000
17878  2.151  -59.511  8.699 0.0000000000
17879  -3.801  -60.194  8.076 0.0000000000
17888  8.023  -60.045  7.779 0.0000000000
17893  -6.448  -58.560  6.575 0.0000000000
17898  10.504  -59.432  6.289 0.0000000000
17902  7.418  -59.830  6.843 0.0000000000
17915  10.813  -59.670  5.418 0.0000000000
17917  8.958  -60.271  5.429 0.0000000000
17919  3.641  -59.209  6.035 0.0000000000
17929  10.971  -60.029  4.638 0.0000000000
17941  8.233  -58.588  3.324 0.0000000000
17942  3.983  -58.624  3.947 0.0000000000
17943  3.571  -58.186  3.162 0.0000000000
17944  -2.002  -58.684  3.143 0.0000000000
17945  -2.685  -58.907  3.107 0.0000000000
17946  -3.410  -59.023  3.067 0.0000000000
17947  -4.159  -59.013  3.033 0.0000000000
17958  9.469  -59.473  2.271 0.0000000000
17961  2.791  -58.676  2.114 0.0000000000
17964  -0.515  -59.113  2.150 0.0000000000
17967  -4.556  -59.425  2.447 0.0000000000
17968  -5.441  -59.275  2.322 0.0000000000
17969  -6.472  -59.108  2.113 0.0000000000
17981  2.452  -59.202  1.615 0.0000000000
17982  1.811  -59.160  1.673 0.0000000000
17983  -0.664  -59.599  1.727 0.0000000000
17987  -7.447  -59.209  1.533 0.0000000000
17988  -8.667  -59.045  1.311 0.0000000000
17989  -9.839  -59.054  1.101 0.0000000000
17995  12.520  -59.785  0.281 0.0000000000
17996  11.724  -59.853  0.320 0.0000000000
18001  -6.979  -59.810  0.915 0.0000000000
18004  -10.385  -59.395  0.380 0.0000000000
18009  12.247  -59.293  -0.243 0.0000000000
18015  -10.608  -60.009  -0.249 0.0000000000
18024  -10.966  -59.815  -0.697 0.0000000000
18033  -11.170  -60.139  -2.101 0.0000000000
18039  -11.291  -59.930  -3.010 0.0000000000
18065  -11.192  -59.393  -6.765 0.0000000000
18097  -10.621  -58.825  -8.803 0.0000000000
18119  -9.671  -58.218  -10.674 0.0000000000
18764  1.065  -59.040  13.389 0.0000000000
18770  2.363  -58.774  13.370 0.0000000000
18772  0.530  -58.295  13.026 0.0000000000
18779  6.383  -58.220  11.574 0.0000000000
18794  8.248  -58.637  10.100 0.0000000000
18795  3.174  -59.521  9.155 0.0000000000
18796  -4.065  -59.023  9.808 0.0000000000
18802  9.779  -58.658  8.329 0.0000000000
18808  2.220  -59.159  8.511 0.0000000000
18816  10.708  -58.237  7.271 0.0000000000
18821  2.254  -58.926  8.259 0.0000000000
18822  -4.447  -59.276  7.947 0.0000000000
18823  -4.943  -58.748  7.719 0.0000000000
18833  6.959  -59.246  6.052 0.0000000000
18836  2.444  -58.567  7.544 0.0000000000
18842  11.315  -58.713  5.796 0.0000000000
18851  7.776  -58.585  3.988 0.0000000000
18852  3.217  -58.205  5.829 0.0000000000
18865  2.372  -57.833  2.573 0.0000000000
18866  -0.608  -57.953  2.894 0.0000000000
18870  -4.512  -58.500  3.613 0.0000000000
18878  14.232  -58.274  2.191 0.0000000000
18880  9.134  -58.772  2.025 0.0000000000
18884  0.459  -58.651  2.161 0.0000000000
18886  -1.288  -59.022  2.548 0.0000000000
18889  -7.996  -58.384  2.744 0.0000000000
18890  -9.113  -58.263  2.463 0.0000000000
18891  -10.039  -58.189  2.114 0.0000000000
18895  14.937  -58.119  0.850 0.0000000000
18896  14.386  -58.623  1.314 0.0000000000
18902  -10.139  -58.517  1.486 0.0000000000
18915  -10.707  -58.885  0.255 0.0000000000
18919  14.874  -58.023  0.139 0.0000000000
18923  11.976  -58.463  -0.455 0.0000000000
18959  -11.088  -59.003  -4.457 0.0000000000
18965  -11.085  -58.756  -5.354 0.0000000000
18980  -10.806  -58.362  -6.733 0.0000000000
18996  -10.559  -58.346  -8.312 0.0000000000
19010  -9.585  -57.317  -9.909 0.0000000000
19022  -10.127  -58.227  -9.898 0.0000000000
19678  4.414  -57.402  12.413 0.0000000000
19681  1.755  -57.363  12.716 0.0000000000
19683  -0.019  -57.697  12.537 0.0000000000
19684  -0.826  -58.031  12.436 0.0000000000
19691  5.929  -57.199  11.790 0.0000000000
19692  5.075  -58.186  12.314 0.0000000000
19695  -1.604  -57.635  12.083 0.0000000000
19704  -3.456  -57.548  11.240 0.0000000000
19705  -4.164  -57.664  10.691 0.0000000000
19711  -4.723  -57.788  9.990 0.0000000000
19712  -5.064  -56.999  9.502 0.0000000000
19717  10.059  -56.805  8.435 0.0000000000
19728  10.382  -58.050  7.929 0.0000000000
19730  3.708  -56.970  7.748 0.0000000000
19739  11.400  -57.213  6.034 0.0000000000
19742  5.378  -57.530  6.619 0.0000000000
19743  2.530  -57.836  6.979 0.0000000000
19747  11.804  -57.372  5.170 0.0000000000
19762  -3.381  -57.626  4.767 0.0000000000
19763  -4.176  -57.637  4.702 0.0000000000
19764  -5.631  -57.558  4.269 0.0000000000
19765  -6.515  -57.296  4.232 0.0000000000
19773  8.025  -57.706  2.918 0.0000000000
19777  0.916  -57.193  2.745 0.0000000000
19781  -6.208  -57.797  3.824 0.0000000000
19782  -8.075  -57.715  3.679 0.0000000000
19783  -9.153  -57.435  3.602 0.0000000000
19784  -9.948  -57.159  3.539 0.0000000000
19789  13.976  -57.705  2.816 0.0000000000
19791  7.942  -56.936  2.651 0.0000000000
19794  -8.061  -58.103  3.246 0.0000000000
19823  15.998  -57.117  0.112 0.0000000000
19825  14.708  -57.692  -0.331 0.0000000000
19826  13.726  -57.424  -0.652 0.0000000000
19827  13.046  -57.672  -0.691 0.0000000000
19828  11.782  -57.579  -0.554 0.0000000000
19838  -10.764  -58.240  -0.180 0.0000000000
19852  -10.754  -58.219  -1.311 0.0000000000
19862  -10.502  -57.719  -2.343 0.0000000000
19872  -10.488  -57.312  -3.122 0.0000000000
19880  -10.429  -56.823  -4.707 0.0000000000
20597  3.799  -56.754  12.313 0.0000000000
20600  1.004  -56.655  12.251 0.0000000000
20609  5.319  -56.359  11.844 0.0000000000
20614  0.010  -56.337  12.009 0.0000000000
20616  -1.532  -56.113  11.431 0.0000000000
20617  -2.258  -56.386  11.379 0.0000000000
20626  7.548  -56.276  10.814 0.0000000000
20638  9.210  -56.708  9.474 0.0000000000
20640  -5.512  -55.997  9.321 0.0000000000
20656  4.533  -56.133  7.041 0.0000000000
20657  2.690  -56.340  7.592 0.0000000000
20666  5.709  -56.581  5.718 0.0000000000
20674  -2.400  -56.600  5.369 0.0000000000
20675  -3.243  -56.964  5.402 0.0000000000
20677  -5.422  -56.395  5.340 0.0000000000
20678  -6.410  -56.118  5.212 0.0000000000
20692  -6.903  -56.699  4.654 0.0000000000
20693  -7.869  -56.532  4.574 0.0000000000
20703  7.218  -56.260  3.237 0.0000000000
20704  6.717  -56.117  3.868 0.0000000000
20705  2.425  -56.745  3.419 0.0000000000
20707  0.424  -56.538  3.180 0.0000000000
20708  -0.509  -56.752  3.636 0.0000000000
20709  -1.209  -56.861  4.216 0.0000000000
20712  -10.172  -56.605  3.786 0.0000000000
20719  15.652  -56.642  2.540 0.0000000000
20735  16.031  -57.111  1.843 0.0000000000
20737  8.122  -55.949  1.864 0.0000000000
20753  9.120  -56.034  0.508 0.0000000000
20767  12.486  -56.345  -0.699 0.0000000000
20780  -10.415  -56.361  0.394 0.0000000000
20787  15.777  -56.478  -0.725 0.0000000000
20800  -10.346  -56.482  -1.562 0.0000000000
20821  -10.259  -55.744  -4.778 0.0000000000
21564  4.519  -55.484  11.765 0.0000000000
21565  3.559  -55.073  11.781 0.0000000000
21567  1.190  -55.351  11.728 0.0000000000
21569  -0.692  -54.924  11.278 0.0000000000
21580  -3.809  -55.605  10.673 0.0000000000
21582  -5.182  -55.298  9.745 0.0000000000
21605  2.968  -55.600  7.447 0.0000000000
21611  2.624  -55.826  6.751 0.0000000000
21624  -1.280  -55.202  5.298 0.0000000000
21627  -4.059  -55.946  6.260 0.0000000000
21628  -7.250  -55.553  5.387 0.0000000000
21634  2.554  -55.550  4.547 0.0000000000
21636  0.960  -55.029  3.765 0.0000000000
21637  -0.135  -55.424  4.065 0.0000000000
21640  -8.907  -55.561  5.045 0.0000000000
21641  -9.852  -55.593  4.749 0.0000000000
21648  15.870  -55.354  3.077 0.0000000000
21651  12.899  -56.108  3.038 0.0000000000
21655  0.730  -55.792  3.453 0.0000000000
21661  -10.290  -55.890  4.065 0.0000000000
21684  17.557  -55.419  1.516 0.0000000000
21690  -10.358  -55.781  1.757 0.0000000000
21698  17.355  -55.514  -0.051 0.0000000000
21717  9.864  -55.444  -0.221 0.0000000000
21740  15.226  -55.581  -1.194 0.0000000000
22619  0.096  -54.867  11.407 0.0000000000
22632  7.942  -55.080  10.447 0.0000000000
22633  7.538  -54.460  10.539 0.0000000000
22635  4.786  -53.832  11.220 0.0000000000
22637  -1.108  -54.228  11.056 0.0000000000
22638  -1.925  -54.237  10.847 0.0000000000
22674  9.648  -54.354  7.159 0.0000000000
22675  4.209  -54.765  7.027 0.0000000000
22677  2.861  -54.696  6.745 0.0000000000
22692  -5.464  -54.661  6.591 0.0000000000
22693  -6.247  -54.720  6.222 0.0000000000
22694  -7.519  -54.010  6.328 0.0000000000
22695  -8.425  -53.620  6.290 0.0000000000
22704  2.549  -54.257  5.111 0.0000000000
22706  0.384  -53.832  4.587 0.0000000000
22712  -9.257  -53.509  5.935 0.0000000000
22722  6.467  -54.733  3.786 0.0000000000
22725  1.134  -54.261  4.115 0.0000000000
22743  13.732  -54.175  1.979 0.0000000000
22744  12.297  -54.318  1.773 0.0000000000
22745  6.454  -54.050  3.232 0.0000000000
22762  17.166  -54.995  2.851 0.0000000000
22764  6.909  -53.981  2.548 0.0000000000
22808  17.482  -54.724  -0.974 0.0000000000
22836  17.206  -54.427  -1.452 0.0000000000
23688  2.310  -54.256  11.506 0.0000000000
23689  1.487  -54.300  11.480 0.0000000000
23690  0.901  -54.000  11.350 0.0000000000
23708  -1.455  -53.557  10.755 0.0000000000
23709  -2.305  -53.545  10.568 0.0000000000
23725  7.706  -52.843  10.102 0.0000000000
23726  -5.980  -53.622  9.480 0.0000000000
23746  -3.735  -53.649  7.590 0.0000000000
23747  -4.637  -53.436  7.567 0.0000000000
23759  5.066  -53.771  6.543 0.0000000000
23761  3.547  -53.224  6.682 0.0000000000
23764  -1.502  -53.409  6.804 0.0000000000
23769  -7.710  -53.410  6.641 0.0000000000
23790  -9.691  -53.269  5.492 0.0000000000
23809  -9.967  -53.330  4.815 0.0000000000
23821  5.642  -53.141  4.008 0.0000000000
23832  18.097  -53.966  2.772 0.0000000000
23847  18.953  -52.913  1.386 0.0000000000
23848  8.010  -53.869  1.296 0.0000000000
23849  7.455  -53.918  1.901 0.0000000000
23866  9.280  -53.594  0.157 0.0000000000
23867  8.602  -53.769  0.699 0.0000000000
23880  18.484  -53.556  -0.403 0.0000000000
23881  12.247  -53.443  -0.846 0.0000000000
23883  10.801  -53.253  -0.557 0.0000000000
23884  10.024  -53.364  -0.294 0.0000000000
23912  16.014  -54.055  -1.741 0.0000000000
23913  15.514  -53.362  -1.718 0.0000000000
24749  6.739  -52.701  10.465 0.0000000000
24751  5.099  -52.365  10.748 0.0000000000
24753  3.324  -52.423  10.969 0.0000000000
24754  2.516  -52.648  11.053 0.0000000000
24776  8.883  -52.860  8.733 0.0000000000
24787  -4.921  -52.544  7.853 0.0000000000
24791  -8.515  -51.673  7.375 0.0000000000
24802  2.275  -52.181  5.790 0.0000000000
24806  -1.255  -52.604  7.117 0.0000000000
24820  4.462  -52.264  6.107 0.0000000000
24821  1.862  -52.697  5.187 0.0000000000
24822  0.941  -52.480  5.065 0.0000000000
24823  0.025  -52.570  5.452 0.0000000000
24852  5.501  -52.380  3.634 0.0000000000
24862  19.238  -52.034  2.520 0.0000000000
24917  13.323  -51.988  -1.019 0.0000000000
24939  19.087  -52.174  -0.913 0.0000000000
24944  14.414  -52.411  -1.367 0.0000000000
25796  6.211  -51.248  10.272 0.0000000000
25800  2.706  -51.839  10.782 0.0000000000
25801  1.799  -52.060  10.832 0.0000000000
25802  0.282  -51.960  10.659 0.0000000000
25803  -1.817  -51.434  10.413 0.0000000000
25816  7.072  -50.982  9.925 0.0000000000
25827  8.465  -51.264  8.042 0.0000000000
25841  8.371  -50.839  7.169 0.0000000000
25845  -3.382  -52.009  8.193 0.0000000000
25849  -7.707  -51.674  7.806 0.0000000000
25863  1.585  -51.302  5.715 0.0000000000
25864  -0.443  -51.467  6.797 0.0000000000
25877  8.623  -51.307  4.159 0.0000000000
25936  19.983  -51.085  0.817 0.0000000000
25937  19.625  -51.630  1.303 0.0000000000
25940  6.862  -50.889  1.824 0.0000000000
25960  9.041  -51.651  0.343 0.0000000000
25978  19.922  -50.888  -0.735 0.0000000000
26001  18.141  -52.018  -2.051 0.0000000000
26004  15.022  -51.207  -1.319 0.0000000000
26005  14.253  -51.641  -1.164 0.0000000000
26794  5.546  -50.521  10.268 0.0000000000
26795  4.186  -50.284  10.509 0.0000000000
26798  0.962  -50.232  10.608 0.0000000000
26821  -3.020  -50.577  8.411 0.0000000000
26822  -3.868  -50.462  8.474 0.0000000000
26823  -4.778  -50.330  8.460 0.0000000000
26824  -5.910  -50.124  8.592 0.0000000000
26825  -7.062  -50.245  8.614 0.0000000000
26842  -0.668  -50.027  7.294 0.0000000000
26843  -1.374  -50.296  7.827 0.0000000000
26844  -2.190  -50.510  8.222 0.0000000000
26856  2.996  -49.986  5.603 0.0000000000
26859  0.465  -50.376  6.247 0.0000000000
26887  4.807  -50.922  3.617 0.0000000000
26901  4.499  -50.082  3.521 0.0000000000
26915  19.920  -50.703  2.514 0.0000000000
26933  8.244  -50.498  0.897 0.0000000000
26934  7.556  -50.650  1.329 0.0000000000
26945  9.800  -50.253  0.179 0.0000000000
26946  8.996  -50.358  0.573 0.0000000000
26966  12.790  -50.516  -0.680 0.0000000000
26990  20.240  -50.184  -1.097 0.0000000000
26992  19.044  -50.975  -1.937 0.0000000000
27010  17.080  -50.650  -2.330 0.0000000000
27809  5.336  -49.688  10.061 0.0000000000
27811  1.310  -49.385  10.588 0.0000000000
27813  -0.419  -49.649  10.355 0.0000000000
27826  6.923  -49.289  8.943 0.0000000000
27846  -3.880  -49.047  8.612 0.0000000000
27847  -5.009  -48.842  8.794 0.0000000000
27899  3.191  -49.586  4.904 0.0000000000
27929  4.415  -49.227  3.266 0.0000000000
27943  5.003  -48.899  2.731 0.0000000000
27954  7.571  -49.405  1.539 0.0000000000
27963  20.794  -49.907  0.132 0.0000000000
27965  10.116  -49.420  0.384 0.0000000000
27981  21.189  -49.105  -0.956 0.0000000000
27987  11.078  -50.163  -0.306 0.0000000000
28005  15.747  -49.927  -1.486 0.0000000000
28019  19.400  -49.401  -2.464 0.0000000000
28022  16.854  -49.993  -2.251 0.0000000000
28828  4.742  -49.007  9.922 0.0000000000
28851  6.288  -48.576  8.605 0.0000000000
28871  -6.835  -48.639  9.045 0.0000000000
28905  1.969  -48.979  5.869 0.0000000000
28917  2.880  -48.716  4.846 0.0000000000
28951  5.742  -48.623  2.418 0.0000000000
28957  8.425  -48.667  1.555 0.0000000000
28958  7.645  -48.792  1.764 0.0000000000
28959  6.986  -48.732  2.041 0.0000000000
29010  15.900  -49.093  -1.247 0.0000000000
29021  19.561  -48.586  -2.739 0.0000000000
29023  17.760  -49.043  -2.568 0.0000000000
29810  3.673  -47.366  9.600 0.0000000000
29812  2.352  -47.208  9.937 0.0000000000
29853  -4.089  -46.864  8.992 0.0000000000
29874  -1.088  -47.518  7.029 0.0000000000
29887  0.261  -47.181  5.939 0.0000000000
29899  2.666  -47.817  4.781 0.0000000000
29902  0.911  -47.030  5.671 0.0000000000
29911  2.513  -46.957  4.715 0.0000000000
29926  5.865  -47.835  2.520 0.0000000000
29935  13.727  -46.976  1.473 0.0000000000
29939  9.437  -48.108  1.846 0.0000000000
29940  8.735  -48.194  1.905 0.0000000000
29955  11.137  -47.941  0.958 0.0000000000
29987  21.820  -47.949  -1.615 0.0000000000
29988  17.117  -47.740  -2.069 0.0000000000
30002  20.679  -47.647  -2.882 0.0000000000
30005  17.869  -48.046  -2.581 0.0000000000
30837  -0.823  -45.985  6.337 0.0000000000
30845  1.909  -46.632  5.089 0.0000000000
30865  3.807  -46.275  3.643 0.0000000000
30882  7.368  -47.109  2.976 0.0000000000
30890  16.312  -46.358  1.924 0.0000000000
30904  16.307  -46.790  1.132 0.0000000000
30963  20.076  -46.983  -3.273 0.0000000000
31730  1.871  -45.573  5.037 0.0000000000
31740  2.176  -44.711  4.906 0.0000000000
31753  5.998  -45.748  3.706 0.0000000000
31755  4.375  -45.581  3.603 0.0000000000
31764  16.385  -45.044  2.910 0.0000000000
31765  15.831  -44.918  3.311 0.0000000000
31780  16.654  -45.594  2.286 0.0000000000
31781  12.186  -45.039  0.906 0.0000000000
31782  11.447  -45.183  0.780 0.0000000000
31796  10.903  -45.474  0.092 0.0000000000
31816  11.984  -45.053  -0.088 0.0000000000
31819  9.538  -45.492  -0.811 0.0000000000
31864  21.990  -45.868  -3.193 0.0000000000
31865  19.985  -45.562  -3.254 0.0000000000
31885  21.425  -45.304  -3.399 0.0000000000
32624  1.565  -44.384  5.340 0.0000000000
32629  12.725  -43.017  5.151 0.0000000000
32651  6.667  -45.197  4.335 0.0000000000
32695  12.603  -44.451  0.349 0.0000000000
32716  15.250  -43.882  -0.734 0.0000000000
32745  21.370  -43.931  -3.228 0.0000000000
32760  21.625  -44.711  -3.354 0.0000000000
33494  7.187  -42.588  6.246 0.0000000000
33497  3.372  -42.786  6.075 0.0000000000
33507  6.383  -43.476  5.641 0.0000000000
33519  13.272  -42.953  4.849 0.0000000000
33530  12.808  -42.624  3.883 0.0000000000
33541  16.742  -42.858  2.050 0.0000000000
33542  16.373  -42.712  2.371 0.0000000000
33543  16.032  -42.760  2.616 0.0000000000
33563  16.776  -43.344  1.566 0.0000000000
33585  11.871  -43.763  -0.544 0.0000000000
33592  10.650  -43.950  -1.263 0.0000000000
33601  22.919  -44.054  -2.819 0.0000000000
33603  20.607  -43.177  -2.937 0.0000000000
34398  0.693  -42.516  8.081 0.0000000000
34407  8.738  -41.515  6.005 0.0000000000
34431  8.554  -40.763  3.911 0.0000000000
34455  16.480  -42.187  1.651 0.0000000000
34473  16.522  -41.932  1.050 0.0000000000
34486  12.077  -42.721  -0.399 0.0000000000
34495  14.302  -41.729  -1.398 0.0000000000
34496  10.189  -43.111  -1.282 0.0000000000
35416  4.592  -40.541  6.838 0.0000000000
35418  2.251  -41.088  7.521 0.0000000000
35438  9.684  -40.855  4.567 0.0000000000
35504  14.027  -40.880  -1.233 0.0000000000
36444  13.672  -40.239  -0.723 0.0000000000
36446  11.919  -39.881  -0.765 0.0000000000
36447  10.978  -39.895  -0.650 0.0000000000
36479  12.930  -40.291  -1.487 0.0000000000
120030  2.567  -75.897  -1.980 0.0000000000
120146  -4.762  -61.610  -0.291 0.0000000000
120191  -4.113  -62.573  -4.075 0.0000000000
120255  -10.348  -55.387  3.496 0.0000000000
120288  -6.910  -62.590  -5.014 0.0000000000
120473  4.939  -61.100  -0.289 0.0000000000
120539  -11.703  -60.615  -6.340 0.0000000000
120798  13.053  -59.557  2.125 0.0000000000
120905  -11.037  -59.939  -8.326 0.0000000000
120919  -3.363  -60.808  7.794 0.0000000000
121071  4.512  -53.045  11.026 0.0000000000
121089  -8.290  -82.847  1.165 0.0000000000
121135  5.157  -51.720  3.674 0.0000000000
121436  -11.406  -60.322  -7.332 0.0000000000
121478  2.585  -57.125  7.336 0.0000000000
121586  0.241  -43.515  7.100 0.0000000000
121592  -11.915  -72.095  -10.049 0.0000000000
121651  -10.932  -59.082  -3.494 0.0000000000
121753  5.565  -80.109  -18.850 0.0000000000
121758  15.440  -46.424  2.143 0.0000000000
121773  3.400  -82.440  -10.428 0.0000000000
122429  -4.277  -81.627  6.452 0.0000000000
122433  -1.951  -82.247  9.279 0.0000000000
122456  11.351  -55.854  3.963 0.0000000000
122521  15.952  -52.745  -1.934 0.0000000000
122598  13.795  -55.160  2.335 0.0000000000
122608  -1.219  -85.636  -12.582 0.0000000000
122713  0.970  -80.823  2.110 0.0000000000
122927  2.820  -52.033  6.271 0.0000000000
123065  -0.938  -67.464  2.614 0.0000000000
123085  -2.258  -82.779  1.693 0.0000000000
123105  -10.143  -76.337  -12.112 0.0000000000
123147  5.238  -55.744  6.395 0.0000000000
123198  6.206  -52.092  2.642 0.0000000000
123280  -3.442  -87.759  -11.669 0.0000000000
123332  5.684  -70.587  1.767 0.0000000000
123376  -2.751  -52.765  10.469 0.0000000000
123602  0.149  -78.483  0.844 0.0000000000
123746  4.203  -79.609  -23.479 0.0000000000
123794  5.337  -53.061  5.015 0.0000000000
123859  3.068  -80.480  -14.872 0.0000000000
123966  11.175  -53.886  -0.642 0.0000000000
123999  7.735  -56.184  2.499 0.0000000000
124075  0.666  -55.857  11.833 0.0000000000
124080  4.727  -79.554  -17.868 0.0000000000
124089  1.140  -85.424  -18.774 0.0000000000
124129  -11.659  -61.670  -6.027 0.0000000000
124148  11.284  -60.342  2.660 0.0000000000
124290  -0.630  -62.501  -2.287 0.0000000000
124596  -3.218  -84.488  -8.832 0.0000000000
124702  -0.592  -65.609  2.303 0.0000000000
124808  -8.321  -77.707  -12.767 0.0000000000
124962  -5.231  -78.888  3.856 0.0000000000
125050  0.052  -68.019  -6.328 0.0000000000
125099  -3.807  -83.474  9.007 0.0000000000
125192  13.164  -40.016  -1.019 0.0000000000
125240  -7.369  -62.631  -6.854 0.0000000000
125243  -10.573  -70.912  -7.613 0.0000000000
125273  2.621  -76.454  -2.091 0.0000000000
125345  -5.794  -58.242  7.327 0.0000000000
125371  3.898  -47.024  3.502 0.0000000000
125375  4.806  -82.364  -16.256 0.0000000000
125395  0.944  -52.447  10.946 0.0000000000
125438  14.918  -54.817  -1.336 0.0000000000
125442  -1.952  -58.036  3.800 0.0000000000
125469  -7.023  -57.710  3.742 0.0000000000
125534  14.350  -40.540  -0.266 0.0000000000
125536  3.067  -68.679  4.629 0.0000000000
125710  5.175  -79.756  -14.091 0.0000000000
125748  17.381  -55.654  0.640 0.0000000000
125756  -3.142  -62.570  -3.387 0.0000000000
125860  -0.074  -65.146  5.967 0.0000000000
125990  -9.047  -77.869  -11.707 0.0000000000
126012  2.553  -56.706  6.651 0.0000000000
126013  11.186  -51.050  -0.538 0.0000000000
126033  1.347  -81.609  -14.219 0.0000000000
126067  6.255  -67.107  0.328 0.0000000000
126301  -2.896  -62.596  6.705 0.0000000000
126595  -6.345  -60.131  5.199 0.0000000000
126598  -3.784  -56.602  5.741 0.0000000000
126627  -9.791  -75.469  -3.873 0.0000000000
126664  -1.568  -61.777  11.177 0.0000000000
126774  -8.304  -71.242  0.555 0.0000000000
126786  -2.724  -71.606  -2.730 0.0000000000
126859  -12.161  -68.974  -14.293 0.0000000000
126905  -9.174  -78.510  -9.098 0.0000000000
126912  -5.911  -88.127  8.296 0.0000000000
127288  16.907  -53.041  -2.037 0.0000000000
127387  -2.498  -77.541  2.417 0.0000000000
127448  -1.535  -83.002  -18.502 0.0000000000
127465  -1.665  -62.318  9.862 0.0000000000
127503  -0.695  -78.692  8.653 0.0000000000
127602  2.149  -78.405  -10.379 0.0000000000
127608  -3.386  -80.647  -19.781 0.0000000000
127656  -4.312  -56.105  10.551 0.0000000000
127991  2.137  -76.334  -5.512 0.0000000000
128297  -3.096  -83.053  -19.423 0.0000000000
128298  1.883  -55.411  11.922 0.0000000000
128433  -9.144  -72.999  -2.950 0.0000000000
128453  4.314  -75.141  3.709 0.0000000000
128506  -7.890  -69.863  -3.627 0.0000000000
128521  -10.553  -62.428  -9.621 0.0000000000
128891  -3.377  -64.764  1.758 0.0000000000
128942  -3.053  -75.487  -5.550 0.0000000000
129036  -9.352  -73.034  -7.413 0.0000000000
129093  -3.530  -59.576  9.537 0.0000000000
129245  2.736  -50.688  5.949 0.0000000000
129268  17.745  -55.062  0.572 0.0000000000
129277  -2.958  -59.422  10.903 0.0000000000
129351  -9.789  -59.634  -12.549 0.0000000000
129424  -3.302  -54.968  10.659 0.0000000000
129483  -5.866  -86.277  7.422 0.0000000000
129511  -9.974  -60.692  -13.248 0.0000000000
129578  -11.036  -60.330  -1.305 0.0000000000
129592  -6.144  -87.729  0.877 0.0000000000
129616  -5.212  -78.352  -6.360 0.0000000000
129662  -4.626  -53.982  10.149 0.0000000000
129709  -8.859  -75.531  -6.471 0.0000000000
129789  2.396  -61.763  9.397 0.0000000000
130257  -10.496  -62.207  -10.466 0.0000000000
130352  4.704  -50.809  10.533 0.0000000000
130367  2.456  -76.053  -8.262 0.0000000000
130530  -1.807  -86.514  -15.840 0.0000000000
130560  8.239  -60.127  7.145 0.0000000000
130744  -1.881  -67.053  1.908 0.0000000000
130925  1.104  -69.525  5.258 0.0000000000
130970  -12.271  -69.391  -11.070 0.0000000000
130976  0.010  -82.908  4.084 0.0000000000
131059  0.981  -81.164  5.090 0.0000000000
131086  2.846  -54.187  6.349 0.0000000000
131088  6.339  -63.235  4.179 0.0000000000
131105  4.613  -82.655  -12.020 0.0000000000
131139  9.653  -45.523  4.347 0.0000000000
131327  -6.336  -87.081  9.115 0.0000000000
131423  -10.031  -54.754  4.896 0.0000000000
131470  -6.467  -64.521  -7.526 0.0000000000
131603  2.062  -51.270  10.721 0.0000000000
132089  -10.350  -58.137  1.471 0.0000000000
132104  -0.856  -73.571  -4.304 0.0000000000
132109  -12.242  -67.990  -11.046 0.0000000000
132176  -4.332  -89.439  -8.720 0.0000000000
132185  -5.204  -54.009  9.859 0.0000000000
132221  -10.361  -56.181  2.530 0.0000000000
132305  0.527  -55.295  11.577 0.0000000000
132352  2.495  -58.048  13.129 0.0000000000
132360  2.799  -76.657  -6.159 0.0000000000
132397  -0.985  -62.869  10.182 0.0000000000
132414  3.056  -65.209  2.180 0.0000000000
132468  -5.397  -62.558  -5.210 0.0000000000
132659  2.654  -68.673  -5.176 0.0000000000
132699  5.491  -81.017  -12.037 0.0000000000
132839  0.120  -81.601  -12.485 0.0000000000
132850  -6.746  -69.530  -3.792 0.0000000000
132895  9.562  -40.825  4.029 0.0000000000
133049  -5.732  -84.362  10.222 0.0000000000
133066  -9.465  -70.953  -3.385 0.0000000000
133101  10.272  -54.801  -0.366 0.0000000000
133166  -1.124  -49.946  10.303 0.0000000000
133181  -0.665  -73.610  0.532 0.0000000000
133497  22.544  -45.911  -2.681 0.0000000000
133522  -3.043  -80.503  -1.891 0.0000000000
133531  -8.505  -77.480  1.222 0.0000000000
133573  0.258  -47.855  6.169 0.0000000000
133596  -4.293  -50.775  10.604 0.0000000000
133676  -1.580  -47.106  7.324 0.0000000000
133977  6.014  -47.241  2.796 0.0000000000
134069  -0.406  -46.831  6.252 0.0000000000
134115  -9.476  -63.190  0.813 0.0000000000
134125  -2.983  -83.596  -7.427 0.0000000000
134196  0.974  -78.891  8.758 0.0000000000
134201  0.764  -71.125  -2.466 0.0000000000
134203  -0.106  -71.168  -2.171 0.0000000000
134238  -10.211  -72.809  -3.915 0.0000000000
134279  -11.466  -60.542  -3.427 0.0000000000
134370  -3.843  -65.831  -7.635 0.0000000000
134486  -3.041  -69.658  -3.583 0.0000000000
134493  -4.091  -54.895  10.357 0.0000000000
134567  1.682  -84.794  -19.280 0.0000000000
134592  -1.544  -60.136  12.628 0.0000000000
134687  1.467  -64.909  -6.790 0.0000000000
134691  0.527  -70.116  5.255 0.0000000000
134754  -10.743  -65.869  -5.401 0.0000000000
134799  8.654  -60.219  6.080 0.0000000000
134805  0.545  -61.355  -0.610 0.0000000000
134844  -2.708  -76.242  -6.097 0.0000000000
134851  -3.278  -60.868  1.106 0.0000000000
134934  0.522  -81.634  -7.344 0.0000000000
135010  -4.563  -85.967  8.816 0.0000000000
135188  -5.036  -85.952  7.463 0.0000000000
135286  -7.625  -83.121  6.617 0.0000000000
135334  -0.717  -73.320  0.086 0.0000000000
135422  2.454  -65.230  4.002 0.0000000000
135458  -8.971  -52.951  6.405 0.0000000000
135545  4.708  -79.602  -14.137 0.0000000000
135592  -2.522  -70.073  -3.267 0.0000000000
135715  1.812  -49.686  6.043 0.0000000000
135797  1.746  -67.719  4.132 0.0000000000
135886  0.636  -70.045  -4.021 0.0000000000
136410  11.603  -49.723  -0.308 0.0000000000
136419  0.194  -50.207  10.490 0.0000000000
136460  -2.238  -83.461  -1.214 0.0000000000
136487  -1.825  -65.098  4.937 0.0000000000
136525  -8.227  -80.538  2.662 0.0000000000
136532  5.853  -60.598  2.395 0.0000000000
136562  2.483  -74.683  -3.350 0.0000000000
136630  -4.607  -70.938  -3.852 0.0000000000
136776  1.376  -81.077  7.314 0.0000000000
136854  -0.520  -82.539  -19.566 0.0000000000
136890  17.721  -54.178  -1.220 0.0000000000
136901  3.738  -83.407  -15.664 0.0000000000
136945  6.083  -56.940  4.996 0.0000000000
136967  -8.246  -81.496  3.845 0.0000000000
137100  3.812  -52.903  11.099 0.0000000000
137122  -11.640  -59.918  -4.767 0.0000000000
137169  15.750  -56.932  -0.378 0.0000000000
137174  -11.324  -65.632  -5.978 0.0000000000
137322  2.967  -75.473  -7.165 0.0000000000
137377  -0.251  -51.475  10.508 0.0000000000
137379  -4.346  -54.431  10.221 0.0000000000
137407  4.304  -78.052  -9.993 0.0000000000
137419  1.725  -84.451  -17.384 0.0000000000
137425  2.742  -49.925  10.632 0.0000000000
137514  5.310  -79.401  -11.777 0.0000000000
137527  9.102  -52.230  0.287 0.0000000000
137682  -11.819  -65.719  -7.628 0.0000000000
137713  -2.598  -51.410  10.452 0.0000000000
137764  -3.987  -51.691  8.327 0.0000000000
137849  9.221  -57.510  9.425 0.0000000000
137912  6.553  -55.036  11.054 0.0000000000
137973  -5.063  -76.979  -1.437 0.0000000000
137998  -4.868  -64.567  0.889 0.0000000000
138002  1.923  -61.755  12.483 0.0000000000
138101  -4.708  -74.683  3.962 0.0000000000
138124  -11.137  -64.478  -10.669 0.0000000000
138177  0.181  -85.686  -17.797 0.0000000000
138274  1.676  -77.480  -0.377 0.0000000000
138285  6.631  -68.812  1.085 0.0000000000
138314  -1.106  -69.031  -5.065 0.0000000000
138348  2.917  -61.622  11.157 0.0000000000
138612  22.614  -47.169  -0.686 0.0000000000
138756  -8.563  -82.886  -1.284 0.0000000000
138996  -1.044  -60.406  1.111 0.0000000000
139047  0.051  -82.281  -18.778 0.0000000000
139113  -0.262  -62.748  -5.017 0.0000000000
139287  -1.040  -82.164  1.165 0.0000000000
139336  0.449  -82.487  -8.499 0.0000000000
139343  4.154  -75.755  4.157 0.0000000000
139371  0.111  -79.386  2.479 0.0000000000
139386  3.953  -60.175  9.612 0.0000000000
139433  4.898  -79.540  -18.585 0.0000000000
139524  -10.311  -57.463  -8.409 0.0000000000
139536  -6.087  -87.750  9.564 0.0000000000
139601  3.509  -68.593  4.330 0.0000000000
139620  9.531  -55.912  0.004 0.0000000000
139685  -7.317  -83.083  -6.372 0.0000000000
139710  10.369  -57.306  8.039 0.0000000000
139881  -5.577  -85.668  -9.744 0.0000000000
140074  -4.347  -76.965  5.245 0.0000000000
140159  9.224  -59.315  8.275 0.0000000000
140249  -0.540  -52.158  10.539 0.0000000000
140250  -8.967  -79.071  -7.320 0.0000000000
140277  -7.038  -64.576  -7.398 0.0000000000
140316  2.377  -64.030  -5.697 0.0000000000
140377  2.661  -54.994  5.232 0.0000000000
140433  -7.709  -80.843  -3.007 0.0000000000
140465  -6.836  -63.506  -7.401 0.0000000000
140502  -7.773  -62.426  -5.406 0.0000000000
140527  16.804  -43.678  2.144 0.0000000000
140531  -1.823  -54.301  6.441 0.0000000000
140542  -1.454  -68.695  -5.481 0.0000000000
140621  -11.506  -72.547  -14.503 0.0000000000
140772  2.491  -71.433  5.238 0.0000000000
140781  -9.509  -74.893  -2.888 0.0000000000
140799  4.754  -66.332  0.471 0.0000000000
141161  -0.845  -62.432  -1.773 0.0000000000
141218  4.459  -61.553  -0.884 0.0000000000
141238  -3.764  -87.371  -13.183 0.0000000000
141387  -4.597  -83.555  3.085 0.0000000000
141459  -1.057  -66.443  1.360 0.0000000000
141659  -0.233  -70.981  5.148 0.0000000000
141690  9.173  -53.394  8.414 0.0000000000
141726  -4.760  -54.643  6.893 0.0000000000
141737  6.794  -68.744  0.572 0.0000000000
141754  2.673  -55.871  7.351 0.0000000000
141855  2.138  -74.111  0.288 0.0000000000
141899  -3.130  -54.861  7.037 0.0000000000
141952  3.850  -76.558  4.872 0.0000000000
141971  12.860  -44.619  0.880 0.0000000000
142018  0.621  -81.883  -18.986 0.0000000000
142065  -1.782  -74.264  -3.561 0.0000000000
142121  -7.970  -62.908  -3.057 0.0000000000
142196  0.267  -81.067  -0.112 0.0000000000
142197  -2.141  -82.918  9.181 0.0000000000
142213  -8.829  -79.467  1.962 0.0000000000
142257  2.314  -64.149  7.755 0.0000000000
142258  -1.527  -81.196  -5.104 0.0000000000
142294  -1.031  -86.505  -16.489 0.0000000000
142298  -2.529  -54.486  6.967 0.0000000000
142335  -0.201  -63.006  -5.624 0.0000000000
142435  -4.189  -80.289  -3.849 0.0000000000
142514  3.062  -56.597  7.830 0.0000000000
142731  4.488  -78.808  -9.041 0.0000000000
142802  -8.851  -64.944  -6.382 0.0000000000
142933  -4.918  -50.983  10.583 0.0000000000
142948  12.465  -57.167  -0.691 0.0000000000
142955  -2.394  -83.302  -18.816 0.0000000000
142978  7.685  -50.977  9.368 0.0000000000
143091  -4.013  -86.754  -13.453 0.0000000000
143131  6.739  -49.613  1.903 0.0000000000
143200  -11.406  -68.468  -7.015 0.0000000000
143207  -6.789  -54.230  6.353 0.0000000000
143246  -1.412  -81.851  -5.863 0.0000000000
143332  -9.305  -75.983  0.765 0.0000000000
143334  -3.072  -83.095  -2.408 0.0000000000
143393  3.566  -77.347  -9.395 0.0000000000
143535  -6.981  -85.747  4.981 0.0000000000
143536  0.879  -65.444  4.243 0.0000000000
143583  -5.017  -63.127  -7.041 0.0000000000
143609  1.400  -81.605  -16.594 0.0000000000
143666  -10.298  -62.722  -7.887 0.0000000000
143703  4.862  -71.903  1.216 0.0000000000
143869  5.035  -65.378  0.146 0.0000000000
143935  2.171  -66.867  1.954 0.0000000000
143953  4.012  -79.715  -16.568 0.0000000000
144038  -6.858  -86.514  4.269 0.0000000000
144047  8.209  -54.568  10.204 0.0000000000
144057  -8.508  -52.228  7.137 0.0000000000
144145  14.155  -40.621  0.100 0.0000000000
144235  -7.911  -68.129  -4.240 0.0000000000
144246  3.055  -78.378  5.751 0.0000000000
144283  11.701  -44.915  -0.441 0.0000000000
144368  -2.595  -68.254  -6.127 0.0000000000
144393  -4.744  -80.228  -2.522 0.0000000000
144448  0.808  -80.992  8.718 0.0000000000
144490  6.920  -50.388  9.750 0.0000000000
144534  10.113  -44.626  -1.387 0.0000000000
144565  -6.542  -69.133  1.408 0.0000000000
144583  -3.425  -75.149  5.224 0.0000000000
144655  22.423  -47.585  -0.349 0.0000000000
144666  -5.509  -63.278  2.176 0.0000000000
144726  5.932  -67.248  -3.914 0.0000000000
144732  -6.416  -85.168  -5.107 0.0000000000
144733  4.081  -50.130  3.917 0.0000000000
144790  -11.197  -62.088  -4.837 0.0000000000
144829  -3.847  -83.391  -18.298 0.0000000000
144919  -10.176  -74.541  -8.298 0.0000000000
144941  17.766  -50.761  -2.416 0.0000000000
144976  -7.987  -77.806  -5.060 0.0000000000
145025  0.552  -82.769  6.217 0.0000000000
145090  -4.196  -85.205  10.270 0.0000000000
145109  18.013  -45.093  -2.233 0.0000000000
145112  -10.593  -75.521  -12.878 0.0000000000
145185  -2.186  -67.819  3.632 0.0000000000
145204  -11.644  -65.271  -9.389 0.0000000000
