
Wed Mar 11 11:09:51 CET 2026
cd /out/sourcedata/freesurfer/sub-v2s16x51292_ses-1
setenv SUBJECTS_DIR /out/sourcedata/freesurfer
/opt/freesurfer/bin/recon-all -autorecon1 -i /work/fmriprep_25_2_wf/sub_v2s16x51292_ses_1-2_wf/anat_fit_wf/anat_template_wf/anat_merge/sub-v2s16x51292_ses-1_run-1_T1w_noise_corrected_ras_template.nii.gz -noskullstrip -noT2pial -noFLAIRpial -openmp 16 -subjid sub-v2s16x51292_ses-1 -sd /out/sourcedata/freesurfer

subjid sub-v2s16x51292_ses-1
setenv SUBJECTS_DIR /out/sourcedata/freesurfer
FREESURFER_HOME /opt/freesurfer
Actual FREESURFER_HOME /opt/freesurfer
build-stamp.txt: freesurfer-linux-ubuntu22_x86_64-7.3.2-20220804-6354275
Linux dna061 5.14.0-427.37.1.el9_4.x86_64 #1 SMP PREEMPT_DYNAMIC Fri Sep 13 12:41:50 EDT 2024 x86_64 x86_64 x86_64 GNU/Linux
cputime      unlimited
filesize     unlimited
datasize     unlimited
stacksize    8192 kbytes
coredumpsize 0 kbytes
memoryuse    67108864 kbytes
vmemoryuse   unlimited
descriptors  1024 
memorylocked unlimited
maxproc      2061970 
maxlocks     unlimited
maxsignal    2061970 
maxmessage   819200 
maxnice      0 
maxrtprio    0 
maxrttime    unlimited

               total        used        free      shared  buff/cache   available
Mem:           503Gi        53Gi       313Gi        25Gi       135Gi       420Gi
Swap:             0B          0B          0B

########################################
program versions used
7.3.2 (freesurfer-linux-ubuntu22_x86_64-7.3.2-20220804-6354275)
7.3.2

ProgramName: lta_convert  ProgramArguments: lta_convert -all-info  ProgramVersion: 7.3.2  TimeStamp: 2026/03/11-10:09:51-GMT  BuildTime: Aug  4 2022 06:17:15  BuildStamp: freesurfer-linux-ubuntu22_x86_64-7.3.2-20220804-6354275  User: oesteban  Machine: dna061  Platform: Linux  PlatformVersion: 5.14.0-427.37.1.el9_4.x86_64  CompilerName: GCC  CompilerVersion: 8.4.0
ProgramName: mri_and  ProgramArguments: mri_and -all-info  ProgramVersion: 7.3.2  TimeStamp: 2026/03/11-10:09:51-GMT  BuildTime: Aug  4 2022 06:17:15  BuildStamp: freesurfer-linux-ubuntu22_x86_64-7.3.2-20220804-6354275  User: oesteban  Machine: dna061  Platform: Linux  PlatformVersion: 5.14.0-427.37.1.el9_4.x86_64  CompilerName: GCC  CompilerVersion: 8.4.0
ProgramName: mri_annotation2label  ProgramArguments: mri_annotation2label -all-info  ProgramVersion: 7.3.2  TimeStamp: 2026/03/11-10:09:51-GMT  BuildTime: Aug  4 2022 06:17:15  BuildStamp: freesurfer-linux-ubuntu22_x86_64-7.3.2-20220804-6354275  User: oesteban  Machine: dna061  Platform: Linux  PlatformVersion: 5.14.0-427.37.1.el9_4.x86_64  CompilerName: GCC  CompilerVersion: 8.4.0
ProgramName: mri_aparc2aseg  ProgramArguments: mri_aparc2aseg -all-info  ProgramVersion: 7.3.2  TimeStamp: 2026/03/11-10:09:51-GMT  BuildTime: Aug  4 2022 06:17:15  BuildStamp: freesurfer-linux-ubuntu22_x86_64-7.3.2-20220804-6354275  User: oesteban  Machine: dna061  Platform: Linux  PlatformVersion: 5.14.0-427.37.1.el9_4.x86_64  CompilerName: GCC  CompilerVersion: 8.4.0
ProgramName: mri_surf2volseg  ProgramArguments: mri_surf2volseg -all-info  ProgramVersion: 7.3.2  TimeStamp: 2026/03/11-10:09:51-GMT  BuildTime: Aug  4 2022 06:17:15  BuildStamp: freesurfer-linux-ubuntu22_x86_64-7.3.2-20220804-6354275  User: oesteban  Machine: dna061  Platform: Linux  PlatformVersion: 5.14.0-427.37.1.el9_4.x86_64  CompilerName: GCC  CompilerVersion: 8.4.0
ProgramName: mri_binarize  ProgramArguments: mri_binarize -all-info  ProgramVersion: 7.3.2  TimeStamp: 2026/03/11-10:09:51-GMT  BuildTime: Aug  4 2022 06:17:15  BuildStamp: freesurfer-linux-ubuntu22_x86_64-7.3.2-20220804-6354275  User: oesteban  Machine: dna061  Platform: Linux  PlatformVersion: 5.14.0-427.37.1.el9_4.x86_64  CompilerName: GCC  CompilerVersion: 8.4.0
ProgramName: mri_ca_label  ProgramArguments: mri_ca_label -all-info  ProgramVersion: 7.3.2  TimeStamp: 2026/03/11-10:09:51-GMT  BuildTime: Aug  4 2022 06:17:15  BuildStamp: freesurfer-linux-ubuntu22_x86_64-7.3.2-20220804-6354275  User: oesteban  Machine: dna061  Platform: Linux  PlatformVersion: 5.14.0-427.37.1.el9_4.x86_64  CompilerName: GCC  CompilerVersion: 8.4.0
ProgramName: mri_ca_normalize  ProgramArguments: mri_ca_normalize -all-info  ProgramVersion: 7.3.2  TimeStamp: 2026/03/11-10:09:51-GMT  BuildTime: Aug  4 2022 06:17:15  BuildStamp: freesurfer-linux-ubuntu22_x86_64-7.3.2-20220804-6354275  User: oesteban  Machine: dna061  Platform: Linux  PlatformVersion: 5.14.0-427.37.1.el9_4.x86_64  CompilerName: GCC  CompilerVersion: 8.4.0
ProgramName: mri_ca_register  ProgramArguments: mri_ca_register -all-info  ProgramVersion: 7.3.2  TimeStamp: 2026/03/11-10:09:51-GMT  BuildTime: Aug  4 2022 06:17:15  BuildStamp: freesurfer-linux-ubuntu22_x86_64-7.3.2-20220804-6354275  User: oesteban  Machine: dna061  Platform: Linux  PlatformVersion: 5.14.0-427.37.1.el9_4.x86_64  CompilerName: GCC  CompilerVersion: 8.4.0
ProgramName: mri_cc  ProgramArguments: mri_cc -all-info  ProgramVersion: 7.3.2  TimeStamp: 2026/03/11-10:09:51-GMT  BuildTime: Aug  4 2022 06:17:15  BuildStamp: freesurfer-linux-ubuntu22_x86_64-7.3.2-20220804-6354275  User: oesteban  Machine: dna061  Platform: Linux  PlatformVersion: 5.14.0-427.37.1.el9_4.x86_64  CompilerName: GCC  CompilerVersion: 8.4.0
ProgramName: mri_compute_overlap  ProgramArguments: mri_compute_overlap -all-info  ProgramVersion: 7.3.2  TimeStamp: 2026/03/11-10:09:51-GMT  BuildTime: Aug  4 2022 06:17:15  BuildStamp: freesurfer-linux-ubuntu22_x86_64-7.3.2-20220804-6354275  User: oesteban  Machine: dna061  Platform: Linux  PlatformVersion: 5.14.0-427.37.1.el9_4.x86_64  CompilerName: GCC  CompilerVersion: 8.4.0
ProgramName: mri_compute_seg_overlap  ProgramArguments: mri_compute_seg_overlap -all-info  ProgramVersion: 7.3.2  TimeStamp: 2026/03/11-10:09:51-GMT  BuildTime: Aug  4 2022 06:17:15  BuildStamp: freesurfer-linux-ubuntu22_x86_64-7.3.2-20220804-6354275  User: oesteban  Machine: dna061  Platform: Linux  PlatformVersion: 5.14.0-427.37.1.el9_4.x86_64  CompilerName: GCC  CompilerVersion: 8.4.0
ProgramName: mri_concat  ProgramArguments: mri_concat -all-info  ProgramVersion: 7.3.2  TimeStamp: 2026/03/11-10:09:51-GMT  BuildTime: Aug  4 2022 06:17:15  BuildStamp: freesurfer-linux-ubuntu22_x86_64-7.3.2-20220804-6354275  User: oesteban  Machine: dna061  Platform: Linux  PlatformVersion: 5.14.0-427.37.1.el9_4.x86_64  CompilerName: GCC  CompilerVersion: 8.4.0
ProgramName: mri_concatenate_lta  ProgramArguments: mri_concatenate_lta -all-info  ProgramVersion: 7.3.2  TimeStamp: 2026/03/11-10:09:51-GMT  BuildTime: Aug  4 2022 06:17:15  BuildStamp: freesurfer-linux-ubuntu22_x86_64-7.3.2-20220804-6354275  User: oesteban  Machine: dna061  Platform: Linux  PlatformVersion: 5.14.0-427.37.1.el9_4.x86_64  CompilerName: GCC  CompilerVersion: 8.4.0
mri_convert -all-info 
ProgramName: mri_convert  ProgramArguments: mri_convert -all-info  ProgramVersion: 7.3.2  TimeStamp: 2026/03/11-10:09:51-GMT  BuildTime: Aug  4 2022 06:17:15  BuildStamp: freesurfer-linux-ubuntu22_x86_64-7.3.2-20220804-6354275  User: oesteban  Machine: dna061  Platform: Linux  PlatformVersion: 5.14.0-427.37.1.el9_4.x86_64  CompilerName: GCC  CompilerVersion: 8.4.0
ProgramName: mri_diff  ProgramArguments: mri_diff -all-info  ProgramVersion: 7.3.2  TimeStamp: 2026/03/11-10:09:51-GMT  BuildTime: Aug  4 2022 06:17:15  BuildStamp: freesurfer-linux-ubuntu22_x86_64-7.3.2-20220804-6354275  User: oesteban  Machine: dna061  Platform: Linux  PlatformVersion: 5.14.0-427.37.1.el9_4.x86_64  CompilerName: GCC  CompilerVersion: 8.4.0
ProgramName: mri_edit_wm_with_aseg  ProgramArguments: mri_edit_wm_with_aseg -all-info  ProgramVersion: 7.3.2  TimeStamp: 2026/03/11-10:09:51-GMT  BuildTime: Aug  4 2022 06:17:15  BuildStamp: freesurfer-linux-ubuntu22_x86_64-7.3.2-20220804-6354275  User: oesteban  Machine: dna061  Platform: Linux  PlatformVersion: 5.14.0-427.37.1.el9_4.x86_64  CompilerName: GCC  CompilerVersion: 8.4.0
ProgramName: mri_em_register  ProgramArguments: mri_em_register -all-info  ProgramVersion: 7.3.2  TimeStamp: 2026/03/11-10:09:51-GMT  BuildTime: Aug  4 2022 06:17:15  BuildStamp: freesurfer-linux-ubuntu22_x86_64-7.3.2-20220804-6354275  User: oesteban  Machine: dna061  Platform: Linux  PlatformVersion: 5.14.0-427.37.1.el9_4.x86_64  CompilerName: GCC  CompilerVersion: 8.4.0
ProgramName: mri_fill  ProgramArguments: mri_fill -all-info  ProgramVersion: 7.3.2  TimeStamp: 2026/03/11-10:09:51-GMT  BuildTime: Aug  4 2022 06:17:15  BuildStamp: freesurfer-linux-ubuntu22_x86_64-7.3.2-20220804-6354275  User: oesteban  Machine: dna061  Platform: Linux  PlatformVersion: 5.14.0-427.37.1.el9_4.x86_64  CompilerName: GCC  CompilerVersion: 8.4.0
ProgramName: mri_fuse_segmentations  ProgramArguments: mri_fuse_segmentations -all-info  ProgramVersion: 7.3.2  TimeStamp: 2026/03/11-10:09:51-GMT  BuildTime: Aug  4 2022 06:17:15  BuildStamp: freesurfer-linux-ubuntu22_x86_64-7.3.2-20220804-6354275  User: oesteban  Machine: dna061  Platform: Linux  PlatformVersion: 5.14.0-427.37.1.el9_4.x86_64  CompilerName: GCC  CompilerVersion: 8.4.0
ProgramName: mri_fwhm  ProgramArguments: mri_fwhm -all-info  ProgramVersion: 7.3.2  TimeStamp: 2026/03/11-10:09:51-GMT  BuildTime: Aug  4 2022 06:17:15  BuildStamp: freesurfer-linux-ubuntu22_x86_64-7.3.2-20220804-6354275  User: oesteban  Machine: dna061  Platform: Linux  PlatformVersion: 5.14.0-427.37.1.el9_4.x86_64  CompilerName: GCC  CompilerVersion: 8.4.0
ProgramName: mri_gcut  ProgramArguments: mri_gcut -all-info  ProgramVersion: 7.3.2  TimeStamp: 2026/03/11-10:09:51-GMT  BuildTime: Aug  4 2022 06:17:15  BuildStamp: freesurfer-linux-ubuntu22_x86_64-7.3.2-20220804-6354275  User: oesteban  Machine: dna061  Platform: Linux  PlatformVersion: 5.14.0-427.37.1.el9_4.x86_64  CompilerName: GCC  CompilerVersion: 8.4.0
ProgramName: mri_info  ProgramArguments: mri_info -all-info  ProgramVersion: 7.3.2  TimeStamp: 2026/03/11-10:09:51-GMT  BuildTime: Aug  4 2022 06:17:15  BuildStamp: freesurfer-linux-ubuntu22_x86_64-7.3.2-20220804-6354275  User: oesteban  Machine: dna061  Platform: Linux  PlatformVersion: 5.14.0-427.37.1.el9_4.x86_64  CompilerName: GCC  CompilerVersion: 8.4.0
ProgramName: mri_label2label  ProgramArguments: mri_label2label -all-info  ProgramVersion: 7.3.2  TimeStamp: 2026/03/11-10:09:51-GMT  BuildTime: Aug  4 2022 06:17:15  BuildStamp: freesurfer-linux-ubuntu22_x86_64-7.3.2-20220804-6354275  User: oesteban  Machine: dna061  Platform: Linux  PlatformVersion: 5.14.0-427.37.1.el9_4.x86_64  CompilerName: GCC  CompilerVersion: 8.4.0
ProgramName: mri_label2vol  ProgramArguments: mri_label2vol -all-info  ProgramVersion: 7.3.2  TimeStamp: 2026/03/11-10:09:51-GMT  BuildTime: Aug  4 2022 06:17:15  BuildStamp: freesurfer-linux-ubuntu22_x86_64-7.3.2-20220804-6354275  User: oesteban  Machine: dna061  Platform: Linux  PlatformVersion: 5.14.0-427.37.1.el9_4.x86_64  CompilerName: GCC  CompilerVersion: 8.4.0
ProgramName: mri_log_likelihood  ProgramArguments: mri_log_likelihood -all-info  ProgramVersion: 7.3.2  TimeStamp: 2026/03/11-10:09:51-GMT  BuildTime: Aug  4 2022 06:17:15  BuildStamp: freesurfer-linux-ubuntu22_x86_64-7.3.2-20220804-6354275  User: oesteban  Machine: dna061  Platform: Linux  PlatformVersion: 5.14.0-427.37.1.el9_4.x86_64  CompilerName: GCC  CompilerVersion: 8.4.0
ProgramName: mri_mask  ProgramArguments: mri_mask -all-info  ProgramVersion: 7.3.2  TimeStamp: 2026/03/11-10:09:51-GMT  BuildTime: Aug  4 2022 06:17:15  BuildStamp: freesurfer-linux-ubuntu22_x86_64-7.3.2-20220804-6354275  User: oesteban  Machine: dna061  Platform: Linux  PlatformVersion: 5.14.0-427.37.1.el9_4.x86_64  CompilerName: GCC  CompilerVersion: 8.4.0
ProgramName: mri_matrix_multiply  ProgramArguments: mri_matrix_multiply -all-info  ProgramVersion: 7.3.2  TimeStamp: 2026/03/11-10:09:51-GMT  BuildTime: Aug  4 2022 06:17:15  BuildStamp: freesurfer-linux-ubuntu22_x86_64-7.3.2-20220804-6354275  User: oesteban  Machine: dna061  Platform: Linux  PlatformVersion: 5.14.0-427.37.1.el9_4.x86_64  CompilerName: GCC  CompilerVersion: 8.4.0
ProgramName: mri_normalize  ProgramArguments: mri_normalize -all-info  ProgramVersion: 7.3.2  TimeStamp: 2026/03/11-10:09:51-GMT  BuildTime: Aug  4 2022 06:17:15  BuildStamp: freesurfer-linux-ubuntu22_x86_64-7.3.2-20220804-6354275  User: oesteban  Machine: dna061  Platform: Linux  PlatformVersion: 5.14.0-427.37.1.el9_4.x86_64  CompilerName: GCC  CompilerVersion: 8.4.0
ProgramName: mri_normalize_tp2  ProgramArguments: mri_normalize_tp2 -all-info  ProgramVersion: 7.3.2  TimeStamp: 2026/03/11-10:09:51-GMT  BuildTime: Aug  4 2022 06:17:15  BuildStamp: freesurfer-linux-ubuntu22_x86_64-7.3.2-20220804-6354275  User: oesteban  Machine: dna061  Platform: Linux  PlatformVersion: 5.14.0-427.37.1.el9_4.x86_64  CompilerName: GCC  CompilerVersion: 8.4.0
ProgramName: mri_or  ProgramArguments: mri_or -all-info  ProgramVersion: 7.3.2  TimeStamp: 2026/03/11-10:09:51-GMT  BuildTime: Aug  4 2022 06:17:15  BuildStamp: freesurfer-linux-ubuntu22_x86_64-7.3.2-20220804-6354275  User: oesteban  Machine: dna061  Platform: Linux  PlatformVersion: 5.14.0-427.37.1.el9_4.x86_64  CompilerName: GCC  CompilerVersion: 8.4.0
ProgramName: mri_relabel_hypointensities  ProgramArguments: mri_relabel_hypointensities -all-info  ProgramVersion: 7.3.2  TimeStamp: 2026/03/11-10:09:51-GMT  BuildTime: Aug  4 2022 06:17:15  BuildStamp: freesurfer-linux-ubuntu22_x86_64-7.3.2-20220804-6354275  User: oesteban  Machine: dna061  Platform: Linux  PlatformVersion: 5.14.0-427.37.1.el9_4.x86_64  CompilerName: GCC  CompilerVersion: 8.4.0
ProgramName: mri_relabel_nonwm_hypos  ProgramArguments: mri_relabel_nonwm_hypos -all-info  ProgramVersion: 7.3.2  TimeStamp: 2026/03/11-10:09:51-GMT  BuildTime: Aug  4 2022 06:17:15  BuildStamp: freesurfer-linux-ubuntu22_x86_64-7.3.2-20220804-6354275  User: oesteban  Machine: dna061  Platform: Linux  PlatformVersion: 5.14.0-427.37.1.el9_4.x86_64  CompilerName: GCC  CompilerVersion: 8.4.0
ProgramName: mri_remove_neck  ProgramArguments: mri_remove_neck -all-info  ProgramVersion: 7.3.2  TimeStamp: 2026/03/11-10:09:51-GMT  BuildTime: Aug  4 2022 06:17:15  BuildStamp: freesurfer-linux-ubuntu22_x86_64-7.3.2-20220804-6354275  User: oesteban  Machine: dna061  Platform: Linux  PlatformVersion: 5.14.0-427.37.1.el9_4.x86_64  CompilerName: GCC  CompilerVersion: 8.4.0
7.3.2

ProgramName: mri_robust_register  ProgramArguments: mri_robust_register -all-info  ProgramVersion: 7.3.2  TimeStamp: 2026/03/11-10:09:51-GMT  BuildTime: Aug  4 2022 06:17:15  BuildStamp: freesurfer-linux-ubuntu22_x86_64-7.3.2-20220804-6354275  User: oesteban  Machine: dna061  Platform: Linux  PlatformVersion: 5.14.0-427.37.1.el9_4.x86_64  CompilerName: GCC  CompilerVersion: 8.4.0
7.3.2

ProgramName: mri_robust_template  ProgramArguments: mri_robust_template -all-info  ProgramVersion: 7.3.2  TimeStamp: 2026/03/11-10:09:51-GMT  BuildTime: Aug  4 2022 06:17:15  BuildStamp: freesurfer-linux-ubuntu22_x86_64-7.3.2-20220804-6354275  User: oesteban  Machine: dna061  Platform: Linux  PlatformVersion: 5.14.0-427.37.1.el9_4.x86_64  CompilerName: GCC  CompilerVersion: 8.4.0
ProgramName: mris_anatomical_stats  ProgramArguments: mris_anatomical_stats -all-info  ProgramVersion: 7.3.2  TimeStamp: 2026/03/11-10:09:51-GMT  BuildTime: Aug  4 2022 06:17:15  BuildStamp: freesurfer-linux-ubuntu22_x86_64-7.3.2-20220804-6354275  User: oesteban  Machine: dna061  Platform: Linux  PlatformVersion: 5.14.0-427.37.1.el9_4.x86_64  CompilerName: GCC  CompilerVersion: 8.4.0
ProgramName: mris_ca_label  ProgramArguments: mris_ca_label -all-info  ProgramVersion: 7.3.2  TimeStamp: 2026/03/11-10:09:51-GMT  BuildTime: Aug  4 2022 06:17:15  BuildStamp: freesurfer-linux-ubuntu22_x86_64-7.3.2-20220804-6354275  User: oesteban  Machine: dna061  Platform: Linux  PlatformVersion: 5.14.0-427.37.1.el9_4.x86_64  CompilerName: GCC  CompilerVersion: 8.4.0
ProgramName: mris_calc  ProgramArguments: mris_calc -all-info  ProgramVersion: 7.3.2  TimeStamp: 2026/03/11-10:09:51-GMT  BuildTime: Aug  4 2022 06:17:15  BuildStamp: freesurfer-linux-ubuntu22_x86_64-7.3.2-20220804-6354275  User: oesteban  Machine: dna061  Platform: Linux  PlatformVersion: 5.14.0-427.37.1.el9_4.x86_64  CompilerName: GCC  CompilerVersion: 8.4.0
ProgramName: mris_convert  ProgramArguments: mris_convert -all-info  ProgramVersion: 7.3.2  TimeStamp: 2026/03/11-10:09:51-GMT  BuildTime: Aug  4 2022 06:17:15  BuildStamp: freesurfer-linux-ubuntu22_x86_64-7.3.2-20220804-6354275  User: oesteban  Machine: dna061  Platform: Linux  PlatformVersion: 5.14.0-427.37.1.el9_4.x86_64  CompilerName: GCC  CompilerVersion: 8.4.0
ProgramName: mris_curvature  ProgramArguments: mris_curvature -all-info  ProgramVersion: 7.3.2  TimeStamp: 2026/03/11-10:09:51-GMT  BuildTime: Aug  4 2022 06:17:15  BuildStamp: freesurfer-linux-ubuntu22_x86_64-7.3.2-20220804-6354275  User: oesteban  Machine: dna061  Platform: Linux  PlatformVersion: 5.14.0-427.37.1.el9_4.x86_64  CompilerName: GCC  CompilerVersion: 8.4.0
ProgramName: mris_curvature_stats  ProgramArguments: mris_curvature_stats -all-info  ProgramVersion: 7.3.2  TimeStamp: 2026/03/11-10:09:51-GMT  BuildTime: Aug  4 2022 06:17:15  BuildStamp: freesurfer-linux-ubuntu22_x86_64-7.3.2-20220804-6354275  User: oesteban  Machine: dna061  Platform: Linux  PlatformVersion: 5.14.0-427.37.1.el9_4.x86_64  CompilerName: GCC  CompilerVersion: 8.4.0
ProgramName: mris_diff  ProgramArguments: mris_diff -all-info  ProgramVersion: 7.3.2  TimeStamp: 2026/03/11-10:09:51-GMT  BuildTime: Aug  4 2022 06:17:15  BuildStamp: freesurfer-linux-ubuntu22_x86_64-7.3.2-20220804-6354275  User: oesteban  Machine: dna061  Platform: Linux  PlatformVersion: 5.14.0-427.37.1.el9_4.x86_64  CompilerName: GCC  CompilerVersion: 8.4.0
ProgramName: mris_divide_parcellation  ProgramArguments: mris_divide_parcellation -all-info  ProgramVersion: 7.3.2  TimeStamp: 2026/03/11-10:09:51-GMT  BuildTime: Aug  4 2022 06:17:15  BuildStamp: freesurfer-linux-ubuntu22_x86_64-7.3.2-20220804-6354275  User: oesteban  Machine: dna061  Platform: Linux  PlatformVersion: 5.14.0-427.37.1.el9_4.x86_64  CompilerName: GCC  CompilerVersion: 8.4.0
ProgramName: mri_segment  ProgramArguments: mri_segment -all-info  ProgramVersion: 7.3.2  TimeStamp: 2026/03/11-10:09:51-GMT  BuildTime: Aug  4 2022 06:17:15  BuildStamp: freesurfer-linux-ubuntu22_x86_64-7.3.2-20220804-6354275  User: oesteban  Machine: dna061  Platform: Linux  PlatformVersion: 5.14.0-427.37.1.el9_4.x86_64  CompilerName: GCC  CompilerVersion: 8.4.0
ProgramName: mri_segstats  ProgramArguments: mri_segstats -all-info  ProgramVersion: 7.3.2  TimeStamp: 2026/03/11-10:09:51-GMT  BuildTime: Aug  4 2022 06:17:15  BuildStamp: freesurfer-linux-ubuntu22_x86_64-7.3.2-20220804-6354275  User: oesteban  Machine: dna061  Platform: Linux  PlatformVersion: 5.14.0-427.37.1.el9_4.x86_64  CompilerName: GCC  CompilerVersion: 8.4.0
ProgramName: mris_euler_number  ProgramArguments: mris_euler_number -all-info  ProgramVersion: 7.3.2  TimeStamp: 2026/03/11-10:09:51-GMT  BuildTime: Aug  4 2022 06:17:15  BuildStamp: freesurfer-linux-ubuntu22_x86_64-7.3.2-20220804-6354275  User: oesteban  Machine: dna061  Platform: Linux  PlatformVersion: 5.14.0-427.37.1.el9_4.x86_64  CompilerName: GCC  CompilerVersion: 8.4.0
ProgramName: mris_fix_topology  ProgramArguments: mris_fix_topology -all-info  ProgramVersion: 7.3.2  TimeStamp: 2026/03/11-10:09:51-GMT  BuildTime: Aug  4 2022 06:17:15  BuildStamp: freesurfer-linux-ubuntu22_x86_64-7.3.2-20220804-6354275  User: oesteban  Machine: dna061  Platform: Linux  PlatformVersion: 5.14.0-427.37.1.el9_4.x86_64  CompilerName: GCC  CompilerVersion: 8.4.0
ProgramName: mris_topo_fixer  ProgramArguments: mris_topo_fixer -all-info  ProgramVersion: 7.3.2  TimeStamp: 2026/03/11-10:09:51-GMT  BuildTime: Aug  4 2022 06:17:15  BuildStamp: freesurfer-linux-ubuntu22_x86_64-7.3.2-20220804-6354275  User: oesteban  Machine: dna061  Platform: Linux  PlatformVersion: 5.14.0-427.37.1.el9_4.x86_64  CompilerName: GCC  CompilerVersion: 8.4.0
ProgramName: mris_jacobian  ProgramArguments: mris_jacobian -all-info  ProgramVersion: 7.3.2  TimeStamp: 2026/03/11-10:09:51-GMT  BuildTime: Aug  4 2022 06:17:15  BuildStamp: freesurfer-linux-ubuntu22_x86_64-7.3.2-20220804-6354275  User: oesteban  Machine: dna061  Platform: Linux  PlatformVersion: 5.14.0-427.37.1.el9_4.x86_64  CompilerName: GCC  CompilerVersion: 8.4.0
ProgramName: mris_label2annot  ProgramArguments: mris_label2annot -all-info  ProgramVersion: 7.3.2  TimeStamp: 2026/03/11-10:09:51-GMT  BuildTime: Aug  4 2022 06:17:15  BuildStamp: freesurfer-linux-ubuntu22_x86_64-7.3.2-20220804-6354275  User: oesteban  Machine: dna061  Platform: Linux  PlatformVersion: 5.14.0-427.37.1.el9_4.x86_64  CompilerName: GCC  CompilerVersion: 8.4.0
ProgramName: mris_left_right_register  ProgramArguments: mris_left_right_register -all-info  ProgramVersion: 7.3.2  TimeStamp: 2026/03/11-10:09:51-GMT  BuildTime: Aug  4 2022 06:17:15  BuildStamp: freesurfer-linux-ubuntu22_x86_64-7.3.2-20220804-6354275  User: oesteban  Machine: dna061  Platform: Linux  PlatformVersion: 5.14.0-427.37.1.el9_4.x86_64  CompilerName: GCC  CompilerVersion: 8.4.0
ProgramName: mris_place_surface  ProgramArguments: mris_place_surface -all-info  ProgramVersion: 7.3.2  TimeStamp: 2026/03/11-10:09:51-GMT  BuildTime: Aug  4 2022 06:17:15  BuildStamp: freesurfer-linux-ubuntu22_x86_64-7.3.2-20220804-6354275  User: oesteban  Machine: dna061  Platform: Linux  PlatformVersion: 5.14.0-427.37.1.el9_4.x86_64  CompilerName: GCC  CompilerVersion: 8.4.0
ProgramName: mrisp_paint  ProgramArguments: mrisp_paint -all-info  ProgramVersion: 7.3.2  TimeStamp: 2026/03/11-10:09:51-GMT  BuildTime: Aug  4 2022 06:17:15  BuildStamp: freesurfer-linux-ubuntu22_x86_64-7.3.2-20220804-6354275  User: oesteban  Machine: dna061  Platform: Linux  PlatformVersion: 5.14.0-427.37.1.el9_4.x86_64  CompilerName: GCC  CompilerVersion: 8.4.0
ProgramName: mris_register  ProgramArguments: mris_register -all-info  ProgramVersion: 7.3.2  TimeStamp: 2026/03/11-10:09:51-GMT  BuildTime: Aug  4 2022 06:17:15  BuildStamp: freesurfer-linux-ubuntu22_x86_64-7.3.2-20220804-6354275  User: oesteban  Machine: dna061  Platform: Linux  PlatformVersion: 5.14.0-427.37.1.el9_4.x86_64  CompilerName: GCC  CompilerVersion: 8.4.0
ProgramName: mris_smooth  ProgramArguments: mris_smooth -all-info  ProgramVersion: 7.3.2  TimeStamp: 2026/03/11-10:09:51-GMT  BuildTime: Aug  4 2022 06:17:15  BuildStamp: freesurfer-linux-ubuntu22_x86_64-7.3.2-20220804-6354275  User: oesteban  Machine: dna061  Platform: Linux  PlatformVersion: 5.14.0-427.37.1.el9_4.x86_64  CompilerName: GCC  CompilerVersion: 8.4.0
ProgramName: mris_sphere  ProgramArguments: mris_sphere -all-info  ProgramVersion: 7.3.2  TimeStamp: 2026/03/11-10:09:51-GMT  BuildTime: Aug  4 2022 06:17:15  BuildStamp: freesurfer-linux-ubuntu22_x86_64-7.3.2-20220804-6354275  User: oesteban  Machine: dna061  Platform: Linux  PlatformVersion: 5.14.0-427.37.1.el9_4.x86_64  CompilerName: GCC  CompilerVersion: 8.4.0
ProgramName: mris_surface_stats  ProgramArguments: mris_surface_stats -all-info  ProgramVersion: 7.3.2  TimeStamp: 2026/03/11-10:09:51-GMT  BuildTime: Aug  4 2022 06:17:15  BuildStamp: freesurfer-linux-ubuntu22_x86_64-7.3.2-20220804-6354275  User: oesteban  Machine: dna061  Platform: Linux  PlatformVersion: 5.14.0-427.37.1.el9_4.x86_64  CompilerName: GCC  CompilerVersion: 8.4.0
ProgramName: mri_stats2seg  ProgramArguments: mri_stats2seg -all-info  ProgramVersion: 7.3.2  TimeStamp: 2026/03/11-10:09:51-GMT  BuildTime: Aug  4 2022 06:17:15  BuildStamp: freesurfer-linux-ubuntu22_x86_64-7.3.2-20220804-6354275  User: oesteban  Machine: dna061  Platform: Linux  PlatformVersion: 5.14.0-427.37.1.el9_4.x86_64  CompilerName: GCC  CompilerVersion: 8.4.0
ProgramName: mris_thickness  ProgramArguments: mris_thickness -all-info  ProgramVersion: 7.3.2  TimeStamp: 2026/03/11-10:09:51-GMT  BuildTime: Aug  4 2022 06:17:15  BuildStamp: freesurfer-linux-ubuntu22_x86_64-7.3.2-20220804-6354275  User: oesteban  Machine: dna061  Platform: Linux  PlatformVersion: 5.14.0-427.37.1.el9_4.x86_64  CompilerName: GCC  CompilerVersion: 8.4.0
ProgramName: mris_thickness_diff  ProgramArguments: mris_thickness_diff -all-info  ProgramVersion: 7.3.2  TimeStamp: 2026/03/11-10:09:51-GMT  BuildTime: Aug  4 2022 06:17:15  BuildStamp: freesurfer-linux-ubuntu22_x86_64-7.3.2-20220804-6354275  User: oesteban  Machine: dna061  Platform: Linux  PlatformVersion: 5.14.0-427.37.1.el9_4.x86_64  CompilerName: GCC  CompilerVersion: 8.4.0
ProgramName: mris_topo_fixer  ProgramArguments: mris_topo_fixer -all-info  ProgramVersion: 7.3.2  TimeStamp: 2026/03/11-10:09:51-GMT  BuildTime: Aug  4 2022 06:17:15  BuildStamp: freesurfer-linux-ubuntu22_x86_64-7.3.2-20220804-6354275  User: oesteban  Machine: dna061  Platform: Linux  PlatformVersion: 5.14.0-427.37.1.el9_4.x86_64  CompilerName: GCC  CompilerVersion: 8.4.0
ProgramName: mri_surf2surf  ProgramArguments: mri_surf2surf -all-info  ProgramVersion: 7.3.2  TimeStamp: 2026/03/11-10:09:51-GMT  BuildTime: Aug  4 2022 06:17:15  BuildStamp: freesurfer-linux-ubuntu22_x86_64-7.3.2-20220804-6354275  User: oesteban  Machine: dna061  Platform: Linux  PlatformVersion: 5.14.0-427.37.1.el9_4.x86_64  CompilerName: GCC  CompilerVersion: 8.4.0
ProgramName: mri_surf2vol  ProgramArguments: mri_surf2vol -all-info  ProgramVersion: 7.3.2  TimeStamp: 2026/03/11-10:09:51-GMT  BuildTime: Aug  4 2022 06:17:15  BuildStamp: freesurfer-linux-ubuntu22_x86_64-7.3.2-20220804-6354275  User: oesteban  Machine: dna061  Platform: Linux  PlatformVersion: 5.14.0-427.37.1.el9_4.x86_64  CompilerName: GCC  CompilerVersion: 8.4.0
ProgramName: mri_surfcluster  ProgramArguments: mri_surfcluster -all-info  ProgramVersion: 7.3.2  TimeStamp: 2026/03/11-10:09:51-GMT  BuildTime: Aug  4 2022 06:17:15  BuildStamp: freesurfer-linux-ubuntu22_x86_64-7.3.2-20220804-6354275  User: oesteban  Machine: dna061  Platform: Linux  PlatformVersion: 5.14.0-427.37.1.el9_4.x86_64  CompilerName: GCC  CompilerVersion: 8.4.0
ProgramName: mris_volmask  ProgramArguments: mris_volmask -all-info  ProgramVersion: 7.3.2  TimeStamp: 2026/03/11-10:09:51-GMT  BuildTime: Aug  4 2022 06:17:15  BuildStamp: freesurfer-linux-ubuntu22_x86_64-7.3.2-20220804-6354275  User: oesteban  Machine: dna061  Platform: Linux  PlatformVersion: 5.14.0-427.37.1.el9_4.x86_64  CompilerName: GCC  CompilerVersion: 8.4.0
ProgramName: mri_tessellate  ProgramArguments: mri_tessellate -all-info  ProgramVersion: 7.3.2  TimeStamp: 2026/03/11-10:09:51-GMT  BuildTime: Aug  4 2022 06:17:15  BuildStamp: freesurfer-linux-ubuntu22_x86_64-7.3.2-20220804-6354275  User: oesteban  Machine: dna061  Platform: Linux  PlatformVersion: 5.14.0-427.37.1.el9_4.x86_64  CompilerName: GCC  CompilerVersion: 8.4.0
ProgramName: mri_vol2surf  ProgramArguments: mri_vol2surf -all-info  ProgramVersion: 7.3.2  TimeStamp: 2026/03/11-10:09:51-GMT  BuildTime: Aug  4 2022 06:17:15  BuildStamp: freesurfer-linux-ubuntu22_x86_64-7.3.2-20220804-6354275  User: oesteban  Machine: dna061  Platform: Linux  PlatformVersion: 5.14.0-427.37.1.el9_4.x86_64  CompilerName: GCC  CompilerVersion: 8.4.0
ProgramName: mri_vol2vol  ProgramArguments: mri_vol2vol -all-info  ProgramVersion: 7.3.2  TimeStamp: 2026/03/11-10:09:51-GMT  BuildTime: Aug  4 2022 06:17:15  BuildStamp: freesurfer-linux-ubuntu22_x86_64-7.3.2-20220804-6354275  User: oesteban  Machine: dna061  Platform: Linux  PlatformVersion: 5.14.0-427.37.1.el9_4.x86_64  CompilerName: GCC  CompilerVersion: 8.4.0
ProgramName: mri_voldiff  ProgramArguments: mri_voldiff -all-info  ProgramVersion: 7.3.2  TimeStamp: 2026/03/11-10:09:51-GMT  BuildTime: Aug  4 2022 06:17:15  BuildStamp: freesurfer-linux-ubuntu22_x86_64-7.3.2-20220804-6354275  User: oesteban  Machine: dna061  Platform: Linux  PlatformVersion: 5.14.0-427.37.1.el9_4.x86_64  CompilerName: GCC  CompilerVersion: 8.4.0
ProgramName: mri_watershed  ProgramArguments: mri_watershed -all-info  ProgramVersion: 7.3.2  TimeStamp: 2026/03/11-10:09:51-GMT  BuildTime: Aug  4 2022 06:17:15  BuildStamp: freesurfer-linux-ubuntu22_x86_64-7.3.2-20220804-6354275  User: oesteban  Machine: dna061  Platform: Linux  PlatformVersion: 5.14.0-427.37.1.el9_4.x86_64  CompilerName: GCC  CompilerVersion: 8.4.0
ProgramName: tkregister2  ProgramArguments: tkregister2_cmdl -all-info  ProgramVersion: 7.3.2  TimeStamp: 2026/03/11-10:09:51-GMT  BuildTime: Aug  4 2022 06:17:15  BuildStamp: freesurfer-linux-ubuntu22_x86_64-7.3.2-20220804-6354275  User: oesteban  Machine: dna061  Platform: Linux  PlatformVersion: 5.14.0-427.37.1.el9_4.x86_64  CompilerName: GCC  CompilerVersion: 8.4.0
mri_motion_correct.fsl 7.3.2
mri_convert -all-info 
ProgramName: mri_convert  ProgramArguments: mri_convert -all-info  ProgramVersion: 7.3.2  TimeStamp: 2026/03/11-10:09:51-GMT  BuildTime: Aug  4 2022 06:17:15  BuildStamp: freesurfer-linux-ubuntu22_x86_64-7.3.2-20220804-6354275  User: oesteban  Machine: dna061  Platform: Linux  PlatformVersion: 5.14.0-427.37.1.el9_4.x86_64  CompilerName: GCC  CompilerVersion: 8.4.0
Program nu_correct, built from:
Package MNI N3, version 1.12.0, compiled by nicks@terrier (x86_64-unknown-linux-gnu) on 2015-06-19 at 01:25:34
#######################################
GCADIR /opt/freesurfer/average
GCA RB_all_2020-01-02.gca
GCASkull RB_all_withskull_2020_01_02.gca
AvgCurvTif folding.atlas.acfb40.noaparc.i12.2016-08-02.tif
GCSDIR /opt/freesurfer/average
GCS DKaparc.atlas.acfb40.noaparc.i12.2016-08-02.gcs
#######################################
/out/sourcedata/freesurfer/sub-v2s16x51292_ses-1

 mri_convert /work/fmriprep_25_2_wf/sub_v2s16x51292_ses_1-2_wf/anat_fit_wf/anat_template_wf/anat_merge/sub-v2s16x51292_ses-1_run-1_T1w_noise_corrected_ras_template.nii.gz /out/sourcedata/freesurfer/sub-v2s16x51292_ses-1/mri/orig/001.mgz 

mri_convert /work/fmriprep_25_2_wf/sub_v2s16x51292_ses_1-2_wf/anat_fit_wf/anat_template_wf/anat_merge/sub-v2s16x51292_ses-1_run-1_T1w_noise_corrected_ras_template.nii.gz /out/sourcedata/freesurfer/sub-v2s16x51292_ses-1/mri/orig/001.mgz 
reading from /work/fmriprep_25_2_wf/sub_v2s16x51292_ses_1-2_wf/anat_fit_wf/anat_template_wf/anat_merge/sub-v2s16x51292_ses-1_run-1_T1w_noise_corrected_ras_template.nii.gz...
TR=0.00, TE=0.00, TI=0.00, flip angle=0.00
i_ras = (0.993961, 0, -0.109734)
j_ras = (0, 1, 0)
k_ras = (0.109734, 0, 0.993961)
writing to /out/sourcedata/freesurfer/sub-v2s16x51292_ses-1/mri/orig/001.mgz...
#--------------------------------------------
#@# MotionCor Wed Mar 11 11:09:54 CET 2026
Found 1 runs
/out/sourcedata/freesurfer/sub-v2s16x51292_ses-1/mri/orig/001.mgz
Checking for (invalid) multi-frame inputs...
Only one run found so motion
correction will not be performed. I'll
copy the run to rawavg and continue.

 cp /out/sourcedata/freesurfer/sub-v2s16x51292_ses-1/mri/orig/001.mgz /out/sourcedata/freesurfer/sub-v2s16x51292_ses-1/mri/rawavg.mgz 


 mri_info /out/sourcedata/freesurfer/sub-v2s16x51292_ses-1/mri/rawavg.mgz 

rawavg.mgz ========================================
Volume information for /out/sourcedata/freesurfer/sub-v2s16x51292_ses-1/mri/rawavg.mgz
          type: MGH
    dimensions: 160 x 240 x 256
   voxel sizes: 1.200000, 0.960938, 0.960938
          type: FLOAT (3)
           fov: 246.000
           dof: 1
        xstart: -96.0, xend: 96.0
        ystart: -115.3, yend: 115.3
        zstart: -123.0, zend: 123.0
            TR: 0.00 msec, TE: 0.00 msec, TI: 0.00 msec, flip angle: 0.00 degrees
       nframes: 1
       PhEncDir: UNKNOWN
       FieldStrength: 0.000000
ras xform present
    xform info: x_r =   0.9940, y_r =   0.0000, z_r =   0.1097, c_r =     2.5177
              : x_a =   0.0000, y_a =   1.0000, z_a =   0.0000, c_a =     0.3503
              : x_s =  -0.1097, y_s =   0.0000, z_s =   0.9940, c_s =    -6.3746

talairach xfm : 
Orientation   : RAS
Primary Slice Direction: axial

voxel to ras transform:
                1.1928   0.0000   0.1054  -106.3999
                0.0000   0.9609   0.0000  -114.9622
               -0.1317   0.0000   0.9551  -118.0973
                0.0000   0.0000   0.0000     1.0000

voxel-to-ras determinant 1.10808

ras to voxel transform:
                0.8283   0.0000  -0.0914    77.3317
                0.0000   1.0407   0.0000   119.6355
                0.1142   0.0000   1.0344   134.3062
                0.0000   0.0000   0.0000     1.0000
/out/sourcedata/freesurfer/sub-v2s16x51292_ses-1

 mri_convert /out/sourcedata/freesurfer/sub-v2s16x51292_ses-1/mri/rawavg.mgz /out/sourcedata/freesurfer/sub-v2s16x51292_ses-1/mri/orig.mgz --conform 

mri_convert /out/sourcedata/freesurfer/sub-v2s16x51292_ses-1/mri/rawavg.mgz /out/sourcedata/freesurfer/sub-v2s16x51292_ses-1/mri/orig.mgz --conform 
reading from /out/sourcedata/freesurfer/sub-v2s16x51292_ses-1/mri/rawavg.mgz...
TR=0.00, TE=0.00, TI=0.00, flip angle=0.00
i_ras = (0.993961, 0, -0.109734)
j_ras = (0, 1, 0)
k_ras = (0.109734, 0, 0.993961)
changing data type from float to uchar (noscale = 0)...
MRIchangeType: Building histogram -94.5069 2126.49 1000, flo=0, fhi=0.999, dest_type=0
Reslicing using trilinear interpolation 
writing to /out/sourcedata/freesurfer/sub-v2s16x51292_ses-1/mri/orig.mgz...

 mri_add_xform_to_header -c /out/sourcedata/freesurfer/sub-v2s16x51292_ses-1/mri/transforms/talairach.xfm /out/sourcedata/freesurfer/sub-v2s16x51292_ses-1/mri/orig.mgz /out/sourcedata/freesurfer/sub-v2s16x51292_ses-1/mri/orig.mgz 

INFO: extension is mgz

 mri_info /out/sourcedata/freesurfer/sub-v2s16x51292_ses-1/mri/orig.mgz 

orig.mgz ========================================
Volume information for /out/sourcedata/freesurfer/sub-v2s16x51292_ses-1/mri/orig.mgz
          type: MGH
    dimensions: 256 x 256 x 256
   voxel sizes: 1.000000, 1.000000, 1.000000
          type: UCHAR (0)
           fov: 256.000
           dof: 1
        xstart: -128.0, xend: 128.0
        ystart: -128.0, yend: 128.0
        zstart: -128.0, zend: 128.0
            TR: 0.00 msec, TE: 0.00 msec, TI: 0.00 msec, flip angle: 0.00 degrees
       nframes: 1
       PhEncDir: UNKNOWN
       FieldStrength: 0.000000
ras xform present
    xform info: x_r =  -1.0000, y_r =   0.0000, z_r =   0.0000, c_r =     2.5177
              : x_a =   0.0000, y_a =   0.0000, z_a =   1.0000, c_a =     0.3503
              : x_s =   0.0000, y_s =  -1.0000, z_s =   0.0000, c_s =    -6.3746

talairach xfm : /out/sourcedata/freesurfer/sub-v2s16x51292_ses-1/mri/transforms/talairach.xfm
Orientation   : LIA
Primary Slice Direction: coronal

voxel to ras transform:
               -1.0000   0.0000   0.0000   130.5177
                0.0000   0.0000   1.0000  -127.6497
                0.0000  -1.0000   0.0000   121.6254
                0.0000   0.0000   0.0000     1.0000

voxel-to-ras determinant -1

ras to voxel transform:
               -1.0000  -0.0000  -0.0000   130.5177
               -0.0000  -0.0000  -1.0000   121.6254
               -0.0000   1.0000  -0.0000   127.6497
               -0.0000  -0.0000  -0.0000     1.0000
#--------------------------------------------
#@# Talairach Wed Mar 11 11:10:01 CET 2026
/out/sourcedata/freesurfer/sub-v2s16x51292_ses-1/mri

 mri_nu_correct.mni --no-rescale --i orig.mgz --o orig_nu.mgz --ants-n4 --n 1 --proto-iters 1000 --distance 50 

/usr/bin/bc
/out/sourcedata/freesurfer/sub-v2s16x51292_ses-1/mri
/opt/freesurfer/bin/mri_nu_correct.mni
--no-rescale --i orig.mgz --o orig_nu.mgz --ants-n4 --n 1 --proto-iters 1000 --distance 50
nIters 1
mri_nu_correct.mni 7.3.2
Linux dna061 5.14.0-427.37.1.el9_4.x86_64 #1 SMP PREEMPT_DYNAMIC Fri Sep 13 12:41:50 EDT 2024 x86_64 x86_64 x86_64 GNU/Linux
Wed Mar 11 11:10:01 CET 2026
tmpdir is ./tmp.mri_nu_correct.mni.2526791
cd /out/sourcedata/freesurfer/sub-v2s16x51292_ses-1/mri
AntsN4BiasFieldCorrectionFs -i orig.mgz -o ./tmp.mri_nu_correct.mni.2526791/nu0.mgz --dtype uchar
AntsN4BiasFieldCorrectionFs done
mri_convert ./tmp.mri_nu_correct.mni.2526791/nu0.mgz orig_nu.mgz --like orig.mgz --conform
mri_convert ./tmp.mri_nu_correct.mni.2526791/nu0.mgz orig_nu.mgz --like orig.mgz --conform 
reading from ./tmp.mri_nu_correct.mni.2526791/nu0.mgz...
TR=0.00, TE=0.00, TI=0.00, flip angle=0.00
i_ras = (-1, 0, 0)
j_ras = (0, 0, -1)
k_ras = (0, 1, 0)
INFO: transform src into the like-volume: orig.mgz
writing to orig_nu.mgz...
 
 
Wed Mar 11 11:12:56 CET 2026
mri_nu_correct.mni done

 talairach_avi --i orig_nu.mgz --xfm transforms/talairach.auto.xfm 

talairach_avi log file is transforms/talairach_avi.log...
mv -f /out/sourcedata/freesurfer/sub-v2s16x51292_ses-1/mri/talsrcimg_to_711-2C_as_mni_average_305_t4_vox2vox.txt /out/sourcedata/freesurfer/sub-v2s16x51292_ses-1/mri/transforms/talsrcimg_to_711-2C_as_mni_average_305_t4_vox2vox.txt
Started at Wed Mar 11 11:12:56 CET 2026
Ended   at Wed Mar 11 11:14:22 CET 2026
talairach_avi done

 cp transforms/talairach.auto.xfm transforms/talairach.xfm 

lta_convert --src orig.mgz --trg /opt/freesurfer/average/mni305.cor.mgz --inxfm transforms/talairach.xfm --outlta transforms/talairach.xfm.lta --subject fsaverage --ltavox2vox
7.3.2

--src: orig.mgz src image (geometry).
--trg: /opt/freesurfer/average/mni305.cor.mgz trg image (geometry).
--inmni: transforms/talairach.xfm input MNI/XFM transform.
--outlta: transforms/talairach.xfm.lta output LTA.
--s: fsaverage subject name
--ltavox2vox: output LTA as VOX_TO_VOX transform.
 LTA read, type : 1
 1.12020   0.02865  -0.09953  -4.32945;
-0.04953   1.07065  -0.17746  -16.17432;
 0.07152   0.30773   1.13950  -19.28531;
 0.00000   0.00000   0.00000   1.00000;
setting subject to fsaverage
Writing  LTA to file transforms/talairach.xfm.lta...
lta_convert successful.
#--------------------------------------------
#@# Talairach Failure Detection Wed Mar 11 11:14:24 CET 2026
/out/sourcedata/freesurfer/sub-v2s16x51292_ses-1/mri

 talairach_afd -T 0.005 -xfm transforms/talairach.xfm 

talairach_afd: Talairach Transform: transforms/talairach.xfm OK (p=0.3572, pval=0.0406 >= threshold=0.0050)

 awk -f /opt/freesurfer/bin/extract_talairach_avi_QA.awk /out/sourcedata/freesurfer/sub-v2s16x51292_ses-1/mri/transforms/talairach_avi.log 


 tal_QC_AZS /out/sourcedata/freesurfer/sub-v2s16x51292_ses-1/mri/transforms/talairach_avi.log 

TalAviQA: 0.98160
z-score: 0
#--------------------------------------------
#@# Nu Intensity Correction Wed Mar 11 11:14:24 CET 2026

 mri_nu_correct.mni --i orig.mgz --o nu.mgz --uchar transforms/talairach.xfm --n 2 --ants-n4 

/usr/bin/bc
/out/sourcedata/freesurfer/sub-v2s16x51292_ses-1/mri
/opt/freesurfer/bin/mri_nu_correct.mni
--i orig.mgz --o nu.mgz --uchar transforms/talairach.xfm --n 2 --ants-n4
nIters 2
mri_nu_correct.mni 7.3.2
Linux dna061 5.14.0-427.37.1.el9_4.x86_64 #1 SMP PREEMPT_DYNAMIC Fri Sep 13 12:41:50 EDT 2024 x86_64 x86_64 x86_64 GNU/Linux
Wed Mar 11 11:14:24 CET 2026
tmpdir is ./tmp.mri_nu_correct.mni.2528142
cd /out/sourcedata/freesurfer/sub-v2s16x51292_ses-1/mri
AntsN4BiasFieldCorrectionFs -i orig.mgz -o ./tmp.mri_nu_correct.mni.2528142/nu0.mgz --dtype uchar
AntsN4BiasFieldCorrectionFs done
mri_binarize --i ./tmp.mri_nu_correct.mni.2528142/nu0.mgz --min -1 --o ./tmp.mri_nu_correct.mni.2528142/ones.mgz

7.3.2
cwd /out/sourcedata/freesurfer/sub-v2s16x51292_ses-1/mri
cmdline mri_binarize --i ./tmp.mri_nu_correct.mni.2528142/nu0.mgz --min -1 --o ./tmp.mri_nu_correct.mni.2528142/ones.mgz 
sysname  Linux
hostname dna061
machine  x86_64
user     oesteban

input      ./tmp.mri_nu_correct.mni.2528142/nu0.mgz
frame      0
nErode3d   0
nErode2d   0
output     ./tmp.mri_nu_correct.mni.2528142/ones.mgz
Binarizing based on threshold
min        -1
max        +infinity
binval        1
binvalnot     0
fstart = 0, fend = 0, nframes = 1
Starting parallel 1
Found 16777216 values in range
Counting number of voxels in first frame
Found 16777215 voxels in final mask
Writing output to ./tmp.mri_nu_correct.mni.2528142/ones.mgz
Count: 16777215 16777215.000000 16777216 99.999994
mri_binarize done
mri_segstats --id 1 --seg ./tmp.mri_nu_correct.mni.2528142/ones.mgz --i orig.mgz --sum ./tmp.mri_nu_correct.mni.2528142/sum.junk --avgwf ./tmp.mri_nu_correct.mni.2528142/input.mean.dat

7.3.2
cwd 
cmdline mri_segstats --id 1 --seg ./tmp.mri_nu_correct.mni.2528142/ones.mgz --i orig.mgz --sum ./tmp.mri_nu_correct.mni.2528142/sum.junk --avgwf ./tmp.mri_nu_correct.mni.2528142/input.mean.dat 
sysname  Linux
hostname dna061
machine  x86_64
user     oesteban
whitesurfname  white
UseRobust  0
Loading ./tmp.mri_nu_correct.mni.2528142/ones.mgz
Loading orig.mgz
Voxel Volume is 1 mm^3
Generating list of segmentation ids
Found   1 segmentations
Computing statistics for each segmentation

Reporting on   1 segmentations
Using PrintSegStat
Computing spatial average of each frame

Writing to ./tmp.mri_nu_correct.mni.2528142/input.mean.dat
mri_segstats done
mri_segstats --id 1 --seg ./tmp.mri_nu_correct.mni.2528142/ones.mgz --i ./tmp.mri_nu_correct.mni.2528142/nu0.mgz --sum ./tmp.mri_nu_correct.mni.2528142/sum.junk --avgwf ./tmp.mri_nu_correct.mni.2528142/output.mean.dat

7.3.2
cwd 
cmdline mri_segstats --id 1 --seg ./tmp.mri_nu_correct.mni.2528142/ones.mgz --i ./tmp.mri_nu_correct.mni.2528142/nu0.mgz --sum ./tmp.mri_nu_correct.mni.2528142/sum.junk --avgwf ./tmp.mri_nu_correct.mni.2528142/output.mean.dat 
sysname  Linux
hostname dna061
machine  x86_64
user     oesteban
whitesurfname  white
UseRobust  0
Loading ./tmp.mri_nu_correct.mni.2528142/ones.mgz
Loading ./tmp.mri_nu_correct.mni.2528142/nu0.mgz
Voxel Volume is 1 mm^3
Generating list of segmentation ids
Found   1 segmentations
Computing statistics for each segmentation

Reporting on   1 segmentations
Using PrintSegStat
Computing spatial average of each frame

Writing to ./tmp.mri_nu_correct.mni.2528142/output.mean.dat
mri_segstats done
mris_calc -o ./tmp.mri_nu_correct.mni.2528142/nu0.mgz ./tmp.mri_nu_correct.mni.2528142/nu0.mgz mul 1.33373811278797369103
Saving result to './tmp.mri_nu_correct.mni.2528142/nu0.mgz' (type = MGH )                       [ ok ]
mri_convert ./tmp.mri_nu_correct.mni.2528142/nu0.mgz nu.mgz --like orig.mgz
mri_convert ./tmp.mri_nu_correct.mni.2528142/nu0.mgz nu.mgz --like orig.mgz 
reading from ./tmp.mri_nu_correct.mni.2528142/nu0.mgz...
TR=0.00, TE=0.00, TI=0.00, flip angle=0.00
i_ras = (-1, 0, 0)
j_ras = (0, 0, -1)
k_ras = (0, 1, 0)
INFO: transform src into the like-volume: orig.mgz
writing to nu.mgz...
mri_make_uchar nu.mgz transforms/talairach.xfm nu.mgz
type change took 0 minutes and 5 seconds.
FIRST_PERCENTILE 0.010000
WM_PERCENTILE    0.900000
MAX_R 50.000000
i1 = 17, i2 = 71
#mri_make_uchar# mapping 34 143 to  3 110  :  b -31.2769 m 0.989908 : thresh 31.5957 maxsat 289.195 : nzero 13891901 nsat 0
 
 
Wed Mar 11 11:17:36 CET 2026
mri_nu_correct.mni done

 mri_add_xform_to_header -c /out/sourcedata/freesurfer/sub-v2s16x51292_ses-1/mri/transforms/talairach.xfm nu.mgz nu.mgz 

INFO: extension is mgz
#--------------------------------------------
#@# Intensity Normalization Wed Mar 11 11:17:37 CET 2026
/out/sourcedata/freesurfer/sub-v2s16x51292_ses-1/mri

 mri_normalize -g 1 -seed 1234 -mprage nu.mgz T1.mgz 

using max gradient = 1.000
setting seed for random number genererator to 1234
assuming input volume is MGH (Van der Kouwe) MP-RAGE
reading mri_src from nu.mgz...
normalizing image...
NOT doing gentle normalization with control points/label
talairach transform
 1.12020   0.02865  -0.09953  -4.32945;
-0.04953   1.07065  -0.17746  -16.17432;
 0.07152   0.30773   1.13950  -19.28531;
 0.00000   0.00000   0.00000   1.00000;
processing without aseg, no1d=0
MRInormInit(): 
INFO: Modifying talairach volume c_(r,a,s) based on average_305
MRInormalize(): 
MRIsplineNormalize(): npeaks = 15
Starting OpenSpline(): npoints = 15
building Voronoi diagram...
performing soap bubble smoothing, sigma = 8...

Iterating 2 times
---------------------------------
3d normalization pass 1 of 2
white matter peak found at 110
white matter peak found at 109
gm peak at 57 (57), valley at 24 (24)
csf peak at 29, setting threshold to 47
building Voronoi diagram...
performing soap bubble smoothing, sigma = 8...
---------------------------------
3d normalization pass 2 of 2
white matter peak found at 110
white matter peak found at 110
gm peak at 58 (58), valley at 24 (24)
csf peak at 29, setting threshold to 48
building Voronoi diagram...
performing soap bubble smoothing, sigma = 8...
Done iterating ---------------------------------
writing output to T1.mgz
3D bias adjustment took 1 minutes and 26 seconds.

Started at Wed Mar 11 11:09:51 CET 2026 
Ended   at Wed Mar 11 11:19:03 CET 2026
#@#%# recon-all-run-time-hours 0.153
recon-all -s sub-v2s16x51292_ses-1 finished without error at Wed Mar 11 11:19:03 CET 2026



#New# invocation of recon-all 




Wed Mar 11 11:25:07 CET 2026
cd /out/sourcedata/freesurfer/sub-v2s16x51292_ses-1
setenv SUBJECTS_DIR /out/sourcedata/freesurfer
/opt/freesurfer/bin/recon-all -openmp 16 -subjid sub-v2s16x51292_ses-1 -sd /out/sourcedata/freesurfer -gcareg

subjid sub-v2s16x51292_ses-1
setenv SUBJECTS_DIR /out/sourcedata/freesurfer
FREESURFER_HOME /opt/freesurfer
Actual FREESURFER_HOME /opt/freesurfer
build-stamp.txt: freesurfer-linux-ubuntu22_x86_64-7.3.2-20220804-6354275
Linux dna061 5.14.0-427.37.1.el9_4.x86_64 #1 SMP PREEMPT_DYNAMIC Fri Sep 13 12:41:50 EDT 2024 x86_64 x86_64 x86_64 GNU/Linux
cputime      unlimited
filesize     unlimited
datasize     unlimited
stacksize    8192 kbytes
coredumpsize 0 kbytes
memoryuse    67108864 kbytes
vmemoryuse   unlimited
descriptors  1024 
memorylocked unlimited
maxproc      2061970 
maxlocks     unlimited
maxsignal    2061970 
maxmessage   819200 
maxnice      0 
maxrtprio    0 
maxrttime    unlimited

               total        used        free      shared  buff/cache   available
Mem:           503Gi        55Gi       311Gi        25Gi       136Gi       419Gi
Swap:             0B          0B          0B

########################################
program versions used
7.3.2 (freesurfer-linux-ubuntu22_x86_64-7.3.2-20220804-6354275)
7.3.2

ProgramName: lta_convert  ProgramArguments: lta_convert -all-info  ProgramVersion: 7.3.2  TimeStamp: 2026/03/11-10:25:07-GMT  BuildTime: Aug  4 2022 06:17:15  BuildStamp: freesurfer-linux-ubuntu22_x86_64-7.3.2-20220804-6354275  User: oesteban  Machine: dna061  Platform: Linux  PlatformVersion: 5.14.0-427.37.1.el9_4.x86_64  CompilerName: GCC  CompilerVersion: 8.4.0
ProgramName: mri_and  ProgramArguments: mri_and -all-info  ProgramVersion: 7.3.2  TimeStamp: 2026/03/11-10:25:07-GMT  BuildTime: Aug  4 2022 06:17:15  BuildStamp: freesurfer-linux-ubuntu22_x86_64-7.3.2-20220804-6354275  User: oesteban  Machine: dna061  Platform: Linux  PlatformVersion: 5.14.0-427.37.1.el9_4.x86_64  CompilerName: GCC  CompilerVersion: 8.4.0
ProgramName: mri_annotation2label  ProgramArguments: mri_annotation2label -all-info  ProgramVersion: 7.3.2  TimeStamp: 2026/03/11-10:25:07-GMT  BuildTime: Aug  4 2022 06:17:15  BuildStamp: freesurfer-linux-ubuntu22_x86_64-7.3.2-20220804-6354275  User: oesteban  Machine: dna061  Platform: Linux  PlatformVersion: 5.14.0-427.37.1.el9_4.x86_64  CompilerName: GCC  CompilerVersion: 8.4.0
ProgramName: mri_aparc2aseg  ProgramArguments: mri_aparc2aseg -all-info  ProgramVersion: 7.3.2  TimeStamp: 2026/03/11-10:25:07-GMT  BuildTime: Aug  4 2022 06:17:15  BuildStamp: freesurfer-linux-ubuntu22_x86_64-7.3.2-20220804-6354275  User: oesteban  Machine: dna061  Platform: Linux  PlatformVersion: 5.14.0-427.37.1.el9_4.x86_64  CompilerName: GCC  CompilerVersion: 8.4.0
ProgramName: mri_surf2volseg  ProgramArguments: mri_surf2volseg -all-info  ProgramVersion: 7.3.2  TimeStamp: 2026/03/11-10:25:07-GMT  BuildTime: Aug  4 2022 06:17:15  BuildStamp: freesurfer-linux-ubuntu22_x86_64-7.3.2-20220804-6354275  User: oesteban  Machine: dna061  Platform: Linux  PlatformVersion: 5.14.0-427.37.1.el9_4.x86_64  CompilerName: GCC  CompilerVersion: 8.4.0
ProgramName: mri_binarize  ProgramArguments: mri_binarize -all-info  ProgramVersion: 7.3.2  TimeStamp: 2026/03/11-10:25:07-GMT  BuildTime: Aug  4 2022 06:17:15  BuildStamp: freesurfer-linux-ubuntu22_x86_64-7.3.2-20220804-6354275  User: oesteban  Machine: dna061  Platform: Linux  PlatformVersion: 5.14.0-427.37.1.el9_4.x86_64  CompilerName: GCC  CompilerVersion: 8.4.0
ProgramName: mri_ca_label  ProgramArguments: mri_ca_label -all-info  ProgramVersion: 7.3.2  TimeStamp: 2026/03/11-10:25:07-GMT  BuildTime: Aug  4 2022 06:17:15  BuildStamp: freesurfer-linux-ubuntu22_x86_64-7.3.2-20220804-6354275  User: oesteban  Machine: dna061  Platform: Linux  PlatformVersion: 5.14.0-427.37.1.el9_4.x86_64  CompilerName: GCC  CompilerVersion: 8.4.0
ProgramName: mri_ca_normalize  ProgramArguments: mri_ca_normalize -all-info  ProgramVersion: 7.3.2  TimeStamp: 2026/03/11-10:25:07-GMT  BuildTime: Aug  4 2022 06:17:15  BuildStamp: freesurfer-linux-ubuntu22_x86_64-7.3.2-20220804-6354275  User: oesteban  Machine: dna061  Platform: Linux  PlatformVersion: 5.14.0-427.37.1.el9_4.x86_64  CompilerName: GCC  CompilerVersion: 8.4.0
ProgramName: mri_ca_register  ProgramArguments: mri_ca_register -all-info  ProgramVersion: 7.3.2  TimeStamp: 2026/03/11-10:25:07-GMT  BuildTime: Aug  4 2022 06:17:15  BuildStamp: freesurfer-linux-ubuntu22_x86_64-7.3.2-20220804-6354275  User: oesteban  Machine: dna061  Platform: Linux  PlatformVersion: 5.14.0-427.37.1.el9_4.x86_64  CompilerName: GCC  CompilerVersion: 8.4.0
ProgramName: mri_cc  ProgramArguments: mri_cc -all-info  ProgramVersion: 7.3.2  TimeStamp: 2026/03/11-10:25:07-GMT  BuildTime: Aug  4 2022 06:17:15  BuildStamp: freesurfer-linux-ubuntu22_x86_64-7.3.2-20220804-6354275  User: oesteban  Machine: dna061  Platform: Linux  PlatformVersion: 5.14.0-427.37.1.el9_4.x86_64  CompilerName: GCC  CompilerVersion: 8.4.0
ProgramName: mri_compute_overlap  ProgramArguments: mri_compute_overlap -all-info  ProgramVersion: 7.3.2  TimeStamp: 2026/03/11-10:25:07-GMT  BuildTime: Aug  4 2022 06:17:15  BuildStamp: freesurfer-linux-ubuntu22_x86_64-7.3.2-20220804-6354275  User: oesteban  Machine: dna061  Platform: Linux  PlatformVersion: 5.14.0-427.37.1.el9_4.x86_64  CompilerName: GCC  CompilerVersion: 8.4.0
ProgramName: mri_compute_seg_overlap  ProgramArguments: mri_compute_seg_overlap -all-info  ProgramVersion: 7.3.2  TimeStamp: 2026/03/11-10:25:07-GMT  BuildTime: Aug  4 2022 06:17:15  BuildStamp: freesurfer-linux-ubuntu22_x86_64-7.3.2-20220804-6354275  User: oesteban  Machine: dna061  Platform: Linux  PlatformVersion: 5.14.0-427.37.1.el9_4.x86_64  CompilerName: GCC  CompilerVersion: 8.4.0
ProgramName: mri_concat  ProgramArguments: mri_concat -all-info  ProgramVersion: 7.3.2  TimeStamp: 2026/03/11-10:25:07-GMT  BuildTime: Aug  4 2022 06:17:15  BuildStamp: freesurfer-linux-ubuntu22_x86_64-7.3.2-20220804-6354275  User: oesteban  Machine: dna061  Platform: Linux  PlatformVersion: 5.14.0-427.37.1.el9_4.x86_64  CompilerName: GCC  CompilerVersion: 8.4.0
ProgramName: mri_concatenate_lta  ProgramArguments: mri_concatenate_lta -all-info  ProgramVersion: 7.3.2  TimeStamp: 2026/03/11-10:25:07-GMT  BuildTime: Aug  4 2022 06:17:15  BuildStamp: freesurfer-linux-ubuntu22_x86_64-7.3.2-20220804-6354275  User: oesteban  Machine: dna061  Platform: Linux  PlatformVersion: 5.14.0-427.37.1.el9_4.x86_64  CompilerName: GCC  CompilerVersion: 8.4.0
mri_convert -all-info 
ProgramName: mri_convert  ProgramArguments: mri_convert -all-info  ProgramVersion: 7.3.2  TimeStamp: 2026/03/11-10:25:07-GMT  BuildTime: Aug  4 2022 06:17:15  BuildStamp: freesurfer-linux-ubuntu22_x86_64-7.3.2-20220804-6354275  User: oesteban  Machine: dna061  Platform: Linux  PlatformVersion: 5.14.0-427.37.1.el9_4.x86_64  CompilerName: GCC  CompilerVersion: 8.4.0
ProgramName: mri_diff  ProgramArguments: mri_diff -all-info  ProgramVersion: 7.3.2  TimeStamp: 2026/03/11-10:25:07-GMT  BuildTime: Aug  4 2022 06:17:15  BuildStamp: freesurfer-linux-ubuntu22_x86_64-7.3.2-20220804-6354275  User: oesteban  Machine: dna061  Platform: Linux  PlatformVersion: 5.14.0-427.37.1.el9_4.x86_64  CompilerName: GCC  CompilerVersion: 8.4.0
ProgramName: mri_edit_wm_with_aseg  ProgramArguments: mri_edit_wm_with_aseg -all-info  ProgramVersion: 7.3.2  TimeStamp: 2026/03/11-10:25:07-GMT  BuildTime: Aug  4 2022 06:17:15  BuildStamp: freesurfer-linux-ubuntu22_x86_64-7.3.2-20220804-6354275  User: oesteban  Machine: dna061  Platform: Linux  PlatformVersion: 5.14.0-427.37.1.el9_4.x86_64  CompilerName: GCC  CompilerVersion: 8.4.0
ProgramName: mri_em_register  ProgramArguments: mri_em_register -all-info  ProgramVersion: 7.3.2  TimeStamp: 2026/03/11-10:25:07-GMT  BuildTime: Aug  4 2022 06:17:15  BuildStamp: freesurfer-linux-ubuntu22_x86_64-7.3.2-20220804-6354275  User: oesteban  Machine: dna061  Platform: Linux  PlatformVersion: 5.14.0-427.37.1.el9_4.x86_64  CompilerName: GCC  CompilerVersion: 8.4.0
ProgramName: mri_fill  ProgramArguments: mri_fill -all-info  ProgramVersion: 7.3.2  TimeStamp: 2026/03/11-10:25:07-GMT  BuildTime: Aug  4 2022 06:17:15  BuildStamp: freesurfer-linux-ubuntu22_x86_64-7.3.2-20220804-6354275  User: oesteban  Machine: dna061  Platform: Linux  PlatformVersion: 5.14.0-427.37.1.el9_4.x86_64  CompilerName: GCC  CompilerVersion: 8.4.0
ProgramName: mri_fuse_segmentations  ProgramArguments: mri_fuse_segmentations -all-info  ProgramVersion: 7.3.2  TimeStamp: 2026/03/11-10:25:07-GMT  BuildTime: Aug  4 2022 06:17:15  BuildStamp: freesurfer-linux-ubuntu22_x86_64-7.3.2-20220804-6354275  User: oesteban  Machine: dna061  Platform: Linux  PlatformVersion: 5.14.0-427.37.1.el9_4.x86_64  CompilerName: GCC  CompilerVersion: 8.4.0
ProgramName: mri_fwhm  ProgramArguments: mri_fwhm -all-info  ProgramVersion: 7.3.2  TimeStamp: 2026/03/11-10:25:07-GMT  BuildTime: Aug  4 2022 06:17:15  BuildStamp: freesurfer-linux-ubuntu22_x86_64-7.3.2-20220804-6354275  User: oesteban  Machine: dna061  Platform: Linux  PlatformVersion: 5.14.0-427.37.1.el9_4.x86_64  CompilerName: GCC  CompilerVersion: 8.4.0
ProgramName: mri_gcut  ProgramArguments: mri_gcut -all-info  ProgramVersion: 7.3.2  TimeStamp: 2026/03/11-10:25:07-GMT  BuildTime: Aug  4 2022 06:17:15  BuildStamp: freesurfer-linux-ubuntu22_x86_64-7.3.2-20220804-6354275  User: oesteban  Machine: dna061  Platform: Linux  PlatformVersion: 5.14.0-427.37.1.el9_4.x86_64  CompilerName: GCC  CompilerVersion: 8.4.0
ProgramName: mri_info  ProgramArguments: mri_info -all-info  ProgramVersion: 7.3.2  TimeStamp: 2026/03/11-10:25:07-GMT  BuildTime: Aug  4 2022 06:17:15  BuildStamp: freesurfer-linux-ubuntu22_x86_64-7.3.2-20220804-6354275  User: oesteban  Machine: dna061  Platform: Linux  PlatformVersion: 5.14.0-427.37.1.el9_4.x86_64  CompilerName: GCC  CompilerVersion: 8.4.0
ProgramName: mri_label2label  ProgramArguments: mri_label2label -all-info  ProgramVersion: 7.3.2  TimeStamp: 2026/03/11-10:25:07-GMT  BuildTime: Aug  4 2022 06:17:15  BuildStamp: freesurfer-linux-ubuntu22_x86_64-7.3.2-20220804-6354275  User: oesteban  Machine: dna061  Platform: Linux  PlatformVersion: 5.14.0-427.37.1.el9_4.x86_64  CompilerName: GCC  CompilerVersion: 8.4.0
ProgramName: mri_label2vol  ProgramArguments: mri_label2vol -all-info  ProgramVersion: 7.3.2  TimeStamp: 2026/03/11-10:25:07-GMT  BuildTime: Aug  4 2022 06:17:15  BuildStamp: freesurfer-linux-ubuntu22_x86_64-7.3.2-20220804-6354275  User: oesteban  Machine: dna061  Platform: Linux  PlatformVersion: 5.14.0-427.37.1.el9_4.x86_64  CompilerName: GCC  CompilerVersion: 8.4.0
ProgramName: mri_log_likelihood  ProgramArguments: mri_log_likelihood -all-info  ProgramVersion: 7.3.2  TimeStamp: 2026/03/11-10:25:07-GMT  BuildTime: Aug  4 2022 06:17:15  BuildStamp: freesurfer-linux-ubuntu22_x86_64-7.3.2-20220804-6354275  User: oesteban  Machine: dna061  Platform: Linux  PlatformVersion: 5.14.0-427.37.1.el9_4.x86_64  CompilerName: GCC  CompilerVersion: 8.4.0
ProgramName: mri_mask  ProgramArguments: mri_mask -all-info  ProgramVersion: 7.3.2  TimeStamp: 2026/03/11-10:25:07-GMT  BuildTime: Aug  4 2022 06:17:15  BuildStamp: freesurfer-linux-ubuntu22_x86_64-7.3.2-20220804-6354275  User: oesteban  Machine: dna061  Platform: Linux  PlatformVersion: 5.14.0-427.37.1.el9_4.x86_64  CompilerName: GCC  CompilerVersion: 8.4.0
ProgramName: mri_matrix_multiply  ProgramArguments: mri_matrix_multiply -all-info  ProgramVersion: 7.3.2  TimeStamp: 2026/03/11-10:25:07-GMT  BuildTime: Aug  4 2022 06:17:15  BuildStamp: freesurfer-linux-ubuntu22_x86_64-7.3.2-20220804-6354275  User: oesteban  Machine: dna061  Platform: Linux  PlatformVersion: 5.14.0-427.37.1.el9_4.x86_64  CompilerName: GCC  CompilerVersion: 8.4.0
ProgramName: mri_normalize  ProgramArguments: mri_normalize -all-info  ProgramVersion: 7.3.2  TimeStamp: 2026/03/11-10:25:07-GMT  BuildTime: Aug  4 2022 06:17:15  BuildStamp: freesurfer-linux-ubuntu22_x86_64-7.3.2-20220804-6354275  User: oesteban  Machine: dna061  Platform: Linux  PlatformVersion: 5.14.0-427.37.1.el9_4.x86_64  CompilerName: GCC  CompilerVersion: 8.4.0
ProgramName: mri_normalize_tp2  ProgramArguments: mri_normalize_tp2 -all-info  ProgramVersion: 7.3.2  TimeStamp: 2026/03/11-10:25:07-GMT  BuildTime: Aug  4 2022 06:17:15  BuildStamp: freesurfer-linux-ubuntu22_x86_64-7.3.2-20220804-6354275  User: oesteban  Machine: dna061  Platform: Linux  PlatformVersion: 5.14.0-427.37.1.el9_4.x86_64  CompilerName: GCC  CompilerVersion: 8.4.0
ProgramName: mri_or  ProgramArguments: mri_or -all-info  ProgramVersion: 7.3.2  TimeStamp: 2026/03/11-10:25:07-GMT  BuildTime: Aug  4 2022 06:17:15  BuildStamp: freesurfer-linux-ubuntu22_x86_64-7.3.2-20220804-6354275  User: oesteban  Machine: dna061  Platform: Linux  PlatformVersion: 5.14.0-427.37.1.el9_4.x86_64  CompilerName: GCC  CompilerVersion: 8.4.0
ProgramName: mri_relabel_hypointensities  ProgramArguments: mri_relabel_hypointensities -all-info  ProgramVersion: 7.3.2  TimeStamp: 2026/03/11-10:25:07-GMT  BuildTime: Aug  4 2022 06:17:15  BuildStamp: freesurfer-linux-ubuntu22_x86_64-7.3.2-20220804-6354275  User: oesteban  Machine: dna061  Platform: Linux  PlatformVersion: 5.14.0-427.37.1.el9_4.x86_64  CompilerName: GCC  CompilerVersion: 8.4.0
ProgramName: mri_relabel_nonwm_hypos  ProgramArguments: mri_relabel_nonwm_hypos -all-info  ProgramVersion: 7.3.2  TimeStamp: 2026/03/11-10:25:07-GMT  BuildTime: Aug  4 2022 06:17:15  BuildStamp: freesurfer-linux-ubuntu22_x86_64-7.3.2-20220804-6354275  User: oesteban  Machine: dna061  Platform: Linux  PlatformVersion: 5.14.0-427.37.1.el9_4.x86_64  CompilerName: GCC  CompilerVersion: 8.4.0
ProgramName: mri_remove_neck  ProgramArguments: mri_remove_neck -all-info  ProgramVersion: 7.3.2  TimeStamp: 2026/03/11-10:25:07-GMT  BuildTime: Aug  4 2022 06:17:15  BuildStamp: freesurfer-linux-ubuntu22_x86_64-7.3.2-20220804-6354275  User: oesteban  Machine: dna061  Platform: Linux  PlatformVersion: 5.14.0-427.37.1.el9_4.x86_64  CompilerName: GCC  CompilerVersion: 8.4.0
7.3.2

ProgramName: mri_robust_register  ProgramArguments: mri_robust_register -all-info  ProgramVersion: 7.3.2  TimeStamp: 2026/03/11-10:25:07-GMT  BuildTime: Aug  4 2022 06:17:15  BuildStamp: freesurfer-linux-ubuntu22_x86_64-7.3.2-20220804-6354275  User: oesteban  Machine: dna061  Platform: Linux  PlatformVersion: 5.14.0-427.37.1.el9_4.x86_64  CompilerName: GCC  CompilerVersion: 8.4.0
7.3.2

ProgramName: mri_robust_template  ProgramArguments: mri_robust_template -all-info  ProgramVersion: 7.3.2  TimeStamp: 2026/03/11-10:25:07-GMT  BuildTime: Aug  4 2022 06:17:15  BuildStamp: freesurfer-linux-ubuntu22_x86_64-7.3.2-20220804-6354275  User: oesteban  Machine: dna061  Platform: Linux  PlatformVersion: 5.14.0-427.37.1.el9_4.x86_64  CompilerName: GCC  CompilerVersion: 8.4.0
ProgramName: mris_anatomical_stats  ProgramArguments: mris_anatomical_stats -all-info  ProgramVersion: 7.3.2  TimeStamp: 2026/03/11-10:25:07-GMT  BuildTime: Aug  4 2022 06:17:15  BuildStamp: freesurfer-linux-ubuntu22_x86_64-7.3.2-20220804-6354275  User: oesteban  Machine: dna061  Platform: Linux  PlatformVersion: 5.14.0-427.37.1.el9_4.x86_64  CompilerName: GCC  CompilerVersion: 8.4.0
ProgramName: mris_ca_label  ProgramArguments: mris_ca_label -all-info  ProgramVersion: 7.3.2  TimeStamp: 2026/03/11-10:25:07-GMT  BuildTime: Aug  4 2022 06:17:15  BuildStamp: freesurfer-linux-ubuntu22_x86_64-7.3.2-20220804-6354275  User: oesteban  Machine: dna061  Platform: Linux  PlatformVersion: 5.14.0-427.37.1.el9_4.x86_64  CompilerName: GCC  CompilerVersion: 8.4.0
ProgramName: mris_calc  ProgramArguments: mris_calc -all-info  ProgramVersion: 7.3.2  TimeStamp: 2026/03/11-10:25:07-GMT  BuildTime: Aug  4 2022 06:17:15  BuildStamp: freesurfer-linux-ubuntu22_x86_64-7.3.2-20220804-6354275  User: oesteban  Machine: dna061  Platform: Linux  PlatformVersion: 5.14.0-427.37.1.el9_4.x86_64  CompilerName: GCC  CompilerVersion: 8.4.0
ProgramName: mris_convert  ProgramArguments: mris_convert -all-info  ProgramVersion: 7.3.2  TimeStamp: 2026/03/11-10:25:07-GMT  BuildTime: Aug  4 2022 06:17:15  BuildStamp: freesurfer-linux-ubuntu22_x86_64-7.3.2-20220804-6354275  User: oesteban  Machine: dna061  Platform: Linux  PlatformVersion: 5.14.0-427.37.1.el9_4.x86_64  CompilerName: GCC  CompilerVersion: 8.4.0
ProgramName: mris_curvature  ProgramArguments: mris_curvature -all-info  ProgramVersion: 7.3.2  TimeStamp: 2026/03/11-10:25:07-GMT  BuildTime: Aug  4 2022 06:17:15  BuildStamp: freesurfer-linux-ubuntu22_x86_64-7.3.2-20220804-6354275  User: oesteban  Machine: dna061  Platform: Linux  PlatformVersion: 5.14.0-427.37.1.el9_4.x86_64  CompilerName: GCC  CompilerVersion: 8.4.0
ProgramName: mris_curvature_stats  ProgramArguments: mris_curvature_stats -all-info  ProgramVersion: 7.3.2  TimeStamp: 2026/03/11-10:25:07-GMT  BuildTime: Aug  4 2022 06:17:15  BuildStamp: freesurfer-linux-ubuntu22_x86_64-7.3.2-20220804-6354275  User: oesteban  Machine: dna061  Platform: Linux  PlatformVersion: 5.14.0-427.37.1.el9_4.x86_64  CompilerName: GCC  CompilerVersion: 8.4.0
ProgramName: mris_diff  ProgramArguments: mris_diff -all-info  ProgramVersion: 7.3.2  TimeStamp: 2026/03/11-10:25:07-GMT  BuildTime: Aug  4 2022 06:17:15  BuildStamp: freesurfer-linux-ubuntu22_x86_64-7.3.2-20220804-6354275  User: oesteban  Machine: dna061  Platform: Linux  PlatformVersion: 5.14.0-427.37.1.el9_4.x86_64  CompilerName: GCC  CompilerVersion: 8.4.0
ProgramName: mris_divide_parcellation  ProgramArguments: mris_divide_parcellation -all-info  ProgramVersion: 7.3.2  TimeStamp: 2026/03/11-10:25:07-GMT  BuildTime: Aug  4 2022 06:17:15  BuildStamp: freesurfer-linux-ubuntu22_x86_64-7.3.2-20220804-6354275  User: oesteban  Machine: dna061  Platform: Linux  PlatformVersion: 5.14.0-427.37.1.el9_4.x86_64  CompilerName: GCC  CompilerVersion: 8.4.0
ProgramName: mri_segment  ProgramArguments: mri_segment -all-info  ProgramVersion: 7.3.2  TimeStamp: 2026/03/11-10:25:07-GMT  BuildTime: Aug  4 2022 06:17:15  BuildStamp: freesurfer-linux-ubuntu22_x86_64-7.3.2-20220804-6354275  User: oesteban  Machine: dna061  Platform: Linux  PlatformVersion: 5.14.0-427.37.1.el9_4.x86_64  CompilerName: GCC  CompilerVersion: 8.4.0
ProgramName: mri_segstats  ProgramArguments: mri_segstats -all-info  ProgramVersion: 7.3.2  TimeStamp: 2026/03/11-10:25:07-GMT  BuildTime: Aug  4 2022 06:17:15  BuildStamp: freesurfer-linux-ubuntu22_x86_64-7.3.2-20220804-6354275  User: oesteban  Machine: dna061  Platform: Linux  PlatformVersion: 5.14.0-427.37.1.el9_4.x86_64  CompilerName: GCC  CompilerVersion: 8.4.0
ProgramName: mris_euler_number  ProgramArguments: mris_euler_number -all-info  ProgramVersion: 7.3.2  TimeStamp: 2026/03/11-10:25:07-GMT  BuildTime: Aug  4 2022 06:17:15  BuildStamp: freesurfer-linux-ubuntu22_x86_64-7.3.2-20220804-6354275  User: oesteban  Machine: dna061  Platform: Linux  PlatformVersion: 5.14.0-427.37.1.el9_4.x86_64  CompilerName: GCC  CompilerVersion: 8.4.0
ProgramName: mris_fix_topology  ProgramArguments: mris_fix_topology -all-info  ProgramVersion: 7.3.2  TimeStamp: 2026/03/11-10:25:07-GMT  BuildTime: Aug  4 2022 06:17:15  BuildStamp: freesurfer-linux-ubuntu22_x86_64-7.3.2-20220804-6354275  User: oesteban  Machine: dna061  Platform: Linux  PlatformVersion: 5.14.0-427.37.1.el9_4.x86_64  CompilerName: GCC  CompilerVersion: 8.4.0
ProgramName: mris_topo_fixer  ProgramArguments: mris_topo_fixer -all-info  ProgramVersion: 7.3.2  TimeStamp: 2026/03/11-10:25:07-GMT  BuildTime: Aug  4 2022 06:17:15  BuildStamp: freesurfer-linux-ubuntu22_x86_64-7.3.2-20220804-6354275  User: oesteban  Machine: dna061  Platform: Linux  PlatformVersion: 5.14.0-427.37.1.el9_4.x86_64  CompilerName: GCC  CompilerVersion: 8.4.0
ProgramName: mris_jacobian  ProgramArguments: mris_jacobian -all-info  ProgramVersion: 7.3.2  TimeStamp: 2026/03/11-10:25:07-GMT  BuildTime: Aug  4 2022 06:17:15  BuildStamp: freesurfer-linux-ubuntu22_x86_64-7.3.2-20220804-6354275  User: oesteban  Machine: dna061  Platform: Linux  PlatformVersion: 5.14.0-427.37.1.el9_4.x86_64  CompilerName: GCC  CompilerVersion: 8.4.0
ProgramName: mris_label2annot  ProgramArguments: mris_label2annot -all-info  ProgramVersion: 7.3.2  TimeStamp: 2026/03/11-10:25:07-GMT  BuildTime: Aug  4 2022 06:17:15  BuildStamp: freesurfer-linux-ubuntu22_x86_64-7.3.2-20220804-6354275  User: oesteban  Machine: dna061  Platform: Linux  PlatformVersion: 5.14.0-427.37.1.el9_4.x86_64  CompilerName: GCC  CompilerVersion: 8.4.0
ProgramName: mris_left_right_register  ProgramArguments: mris_left_right_register -all-info  ProgramVersion: 7.3.2  TimeStamp: 2026/03/11-10:25:07-GMT  BuildTime: Aug  4 2022 06:17:15  BuildStamp: freesurfer-linux-ubuntu22_x86_64-7.3.2-20220804-6354275  User: oesteban  Machine: dna061  Platform: Linux  PlatformVersion: 5.14.0-427.37.1.el9_4.x86_64  CompilerName: GCC  CompilerVersion: 8.4.0
ProgramName: mris_place_surface  ProgramArguments: mris_place_surface -all-info  ProgramVersion: 7.3.2  TimeStamp: 2026/03/11-10:25:07-GMT  BuildTime: Aug  4 2022 06:17:15  BuildStamp: freesurfer-linux-ubuntu22_x86_64-7.3.2-20220804-6354275  User: oesteban  Machine: dna061  Platform: Linux  PlatformVersion: 5.14.0-427.37.1.el9_4.x86_64  CompilerName: GCC  CompilerVersion: 8.4.0
ProgramName: mrisp_paint  ProgramArguments: mrisp_paint -all-info  ProgramVersion: 7.3.2  TimeStamp: 2026/03/11-10:25:07-GMT  BuildTime: Aug  4 2022 06:17:15  BuildStamp: freesurfer-linux-ubuntu22_x86_64-7.3.2-20220804-6354275  User: oesteban  Machine: dna061  Platform: Linux  PlatformVersion: 5.14.0-427.37.1.el9_4.x86_64  CompilerName: GCC  CompilerVersion: 8.4.0
ProgramName: mris_register  ProgramArguments: mris_register -all-info  ProgramVersion: 7.3.2  TimeStamp: 2026/03/11-10:25:07-GMT  BuildTime: Aug  4 2022 06:17:15  BuildStamp: freesurfer-linux-ubuntu22_x86_64-7.3.2-20220804-6354275  User: oesteban  Machine: dna061  Platform: Linux  PlatformVersion: 5.14.0-427.37.1.el9_4.x86_64  CompilerName: GCC  CompilerVersion: 8.4.0
ProgramName: mris_smooth  ProgramArguments: mris_smooth -all-info  ProgramVersion: 7.3.2  TimeStamp: 2026/03/11-10:25:07-GMT  BuildTime: Aug  4 2022 06:17:15  BuildStamp: freesurfer-linux-ubuntu22_x86_64-7.3.2-20220804-6354275  User: oesteban  Machine: dna061  Platform: Linux  PlatformVersion: 5.14.0-427.37.1.el9_4.x86_64  CompilerName: GCC  CompilerVersion: 8.4.0
ProgramName: mris_sphere  ProgramArguments: mris_sphere -all-info  ProgramVersion: 7.3.2  TimeStamp: 2026/03/11-10:25:07-GMT  BuildTime: Aug  4 2022 06:17:15  BuildStamp: freesurfer-linux-ubuntu22_x86_64-7.3.2-20220804-6354275  User: oesteban  Machine: dna061  Platform: Linux  PlatformVersion: 5.14.0-427.37.1.el9_4.x86_64  CompilerName: GCC  CompilerVersion: 8.4.0
ProgramName: mris_surface_stats  ProgramArguments: mris_surface_stats -all-info  ProgramVersion: 7.3.2  TimeStamp: 2026/03/11-10:25:07-GMT  BuildTime: Aug  4 2022 06:17:15  BuildStamp: freesurfer-linux-ubuntu22_x86_64-7.3.2-20220804-6354275  User: oesteban  Machine: dna061  Platform: Linux  PlatformVersion: 5.14.0-427.37.1.el9_4.x86_64  CompilerName: GCC  CompilerVersion: 8.4.0
ProgramName: mri_stats2seg  ProgramArguments: mri_stats2seg -all-info  ProgramVersion: 7.3.2  TimeStamp: 2026/03/11-10:25:07-GMT  BuildTime: Aug  4 2022 06:17:15  BuildStamp: freesurfer-linux-ubuntu22_x86_64-7.3.2-20220804-6354275  User: oesteban  Machine: dna061  Platform: Linux  PlatformVersion: 5.14.0-427.37.1.el9_4.x86_64  CompilerName: GCC  CompilerVersion: 8.4.0
ProgramName: mris_thickness  ProgramArguments: mris_thickness -all-info  ProgramVersion: 7.3.2  TimeStamp: 2026/03/11-10:25:07-GMT  BuildTime: Aug  4 2022 06:17:15  BuildStamp: freesurfer-linux-ubuntu22_x86_64-7.3.2-20220804-6354275  User: oesteban  Machine: dna061  Platform: Linux  PlatformVersion: 5.14.0-427.37.1.el9_4.x86_64  CompilerName: GCC  CompilerVersion: 8.4.0
ProgramName: mris_thickness_diff  ProgramArguments: mris_thickness_diff -all-info  ProgramVersion: 7.3.2  TimeStamp: 2026/03/11-10:25:07-GMT  BuildTime: Aug  4 2022 06:17:15  BuildStamp: freesurfer-linux-ubuntu22_x86_64-7.3.2-20220804-6354275  User: oesteban  Machine: dna061  Platform: Linux  PlatformVersion: 5.14.0-427.37.1.el9_4.x86_64  CompilerName: GCC  CompilerVersion: 8.4.0
ProgramName: mris_topo_fixer  ProgramArguments: mris_topo_fixer -all-info  ProgramVersion: 7.3.2  TimeStamp: 2026/03/11-10:25:07-GMT  BuildTime: Aug  4 2022 06:17:15  BuildStamp: freesurfer-linux-ubuntu22_x86_64-7.3.2-20220804-6354275  User: oesteban  Machine: dna061  Platform: Linux  PlatformVersion: 5.14.0-427.37.1.el9_4.x86_64  CompilerName: GCC  CompilerVersion: 8.4.0
ProgramName: mri_surf2surf  ProgramArguments: mri_surf2surf -all-info  ProgramVersion: 7.3.2  TimeStamp: 2026/03/11-10:25:07-GMT  BuildTime: Aug  4 2022 06:17:15  BuildStamp: freesurfer-linux-ubuntu22_x86_64-7.3.2-20220804-6354275  User: oesteban  Machine: dna061  Platform: Linux  PlatformVersion: 5.14.0-427.37.1.el9_4.x86_64  CompilerName: GCC  CompilerVersion: 8.4.0
ProgramName: mri_surf2vol  ProgramArguments: mri_surf2vol -all-info  ProgramVersion: 7.3.2  TimeStamp: 2026/03/11-10:25:07-GMT  BuildTime: Aug  4 2022 06:17:15  BuildStamp: freesurfer-linux-ubuntu22_x86_64-7.3.2-20220804-6354275  User: oesteban  Machine: dna061  Platform: Linux  PlatformVersion: 5.14.0-427.37.1.el9_4.x86_64  CompilerName: GCC  CompilerVersion: 8.4.0
ProgramName: mri_surfcluster  ProgramArguments: mri_surfcluster -all-info  ProgramVersion: 7.3.2  TimeStamp: 2026/03/11-10:25:07-GMT  BuildTime: Aug  4 2022 06:17:15  BuildStamp: freesurfer-linux-ubuntu22_x86_64-7.3.2-20220804-6354275  User: oesteban  Machine: dna061  Platform: Linux  PlatformVersion: 5.14.0-427.37.1.el9_4.x86_64  CompilerName: GCC  CompilerVersion: 8.4.0
ProgramName: mris_volmask  ProgramArguments: mris_volmask -all-info  ProgramVersion: 7.3.2  TimeStamp: 2026/03/11-10:25:07-GMT  BuildTime: Aug  4 2022 06:17:15  BuildStamp: freesurfer-linux-ubuntu22_x86_64-7.3.2-20220804-6354275  User: oesteban  Machine: dna061  Platform: Linux  PlatformVersion: 5.14.0-427.37.1.el9_4.x86_64  CompilerName: GCC  CompilerVersion: 8.4.0
ProgramName: mri_tessellate  ProgramArguments: mri_tessellate -all-info  ProgramVersion: 7.3.2  TimeStamp: 2026/03/11-10:25:07-GMT  BuildTime: Aug  4 2022 06:17:15  BuildStamp: freesurfer-linux-ubuntu22_x86_64-7.3.2-20220804-6354275  User: oesteban  Machine: dna061  Platform: Linux  PlatformVersion: 5.14.0-427.37.1.el9_4.x86_64  CompilerName: GCC  CompilerVersion: 8.4.0
ProgramName: mri_vol2surf  ProgramArguments: mri_vol2surf -all-info  ProgramVersion: 7.3.2  TimeStamp: 2026/03/11-10:25:07-GMT  BuildTime: Aug  4 2022 06:17:15  BuildStamp: freesurfer-linux-ubuntu22_x86_64-7.3.2-20220804-6354275  User: oesteban  Machine: dna061  Platform: Linux  PlatformVersion: 5.14.0-427.37.1.el9_4.x86_64  CompilerName: GCC  CompilerVersion: 8.4.0
ProgramName: mri_vol2vol  ProgramArguments: mri_vol2vol -all-info  ProgramVersion: 7.3.2  TimeStamp: 2026/03/11-10:25:07-GMT  BuildTime: Aug  4 2022 06:17:15  BuildStamp: freesurfer-linux-ubuntu22_x86_64-7.3.2-20220804-6354275  User: oesteban  Machine: dna061  Platform: Linux  PlatformVersion: 5.14.0-427.37.1.el9_4.x86_64  CompilerName: GCC  CompilerVersion: 8.4.0
ProgramName: mri_voldiff  ProgramArguments: mri_voldiff -all-info  ProgramVersion: 7.3.2  TimeStamp: 2026/03/11-10:25:07-GMT  BuildTime: Aug  4 2022 06:17:15  BuildStamp: freesurfer-linux-ubuntu22_x86_64-7.3.2-20220804-6354275  User: oesteban  Machine: dna061  Platform: Linux  PlatformVersion: 5.14.0-427.37.1.el9_4.x86_64  CompilerName: GCC  CompilerVersion: 8.4.0
ProgramName: mri_watershed  ProgramArguments: mri_watershed -all-info  ProgramVersion: 7.3.2  TimeStamp: 2026/03/11-10:25:07-GMT  BuildTime: Aug  4 2022 06:17:15  BuildStamp: freesurfer-linux-ubuntu22_x86_64-7.3.2-20220804-6354275  User: oesteban  Machine: dna061  Platform: Linux  PlatformVersion: 5.14.0-427.37.1.el9_4.x86_64  CompilerName: GCC  CompilerVersion: 8.4.0
ProgramName: tkregister2  ProgramArguments: tkregister2_cmdl -all-info  ProgramVersion: 7.3.2  TimeStamp: 2026/03/11-10:25:07-GMT  BuildTime: Aug  4 2022 06:17:15  BuildStamp: freesurfer-linux-ubuntu22_x86_64-7.3.2-20220804-6354275  User: oesteban  Machine: dna061  Platform: Linux  PlatformVersion: 5.14.0-427.37.1.el9_4.x86_64  CompilerName: GCC  CompilerVersion: 8.4.0
mri_motion_correct.fsl 7.3.2
mri_convert -all-info 
ProgramName: mri_convert  ProgramArguments: mri_convert -all-info  ProgramVersion: 7.3.2  TimeStamp: 2026/03/11-10:25:07-GMT  BuildTime: Aug  4 2022 06:17:15  BuildStamp: freesurfer-linux-ubuntu22_x86_64-7.3.2-20220804-6354275  User: oesteban  Machine: dna061  Platform: Linux  PlatformVersion: 5.14.0-427.37.1.el9_4.x86_64  CompilerName: GCC  CompilerVersion: 8.4.0
Program nu_correct, built from:
Package MNI N3, version 1.12.0, compiled by nicks@terrier (x86_64-unknown-linux-gnu) on 2015-06-19 at 01:25:34
#######################################
GCADIR /opt/freesurfer/average
GCA RB_all_2020-01-02.gca
GCASkull RB_all_withskull_2020_01_02.gca
AvgCurvTif folding.atlas.acfb40.noaparc.i12.2016-08-02.tif
GCSDIR /opt/freesurfer/average
GCS DKaparc.atlas.acfb40.noaparc.i12.2016-08-02.gcs
#######################################
#-------------------------------------
#@# EM Registration Wed Mar 11 11:25:07 CET 2026
/out/sourcedata/freesurfer/sub-v2s16x51292_ses-1/mri

 mri_em_register -uns 3 -mask brainmask.mgz nu.mgz /opt/freesurfer/average/RB_all_2020-01-02.gca transforms/talairach.lta 

setting unknown_nbr_spacing = 3
using MR volume brainmask.mgz to mask input volume...

== Number of threads available to mri_em_register for OpenMP = 16 == 
reading 1 input volumes...
logging results to talairach.log
reading '/opt/freesurfer/average/RB_all_2020-01-02.gca'...
GCAread took 0 minutes and 1 seconds.
average std = 7.2   using min determinant for regularization = 5.2
0 singular and 884 ill-conditioned covariance matrices regularized
reading 'nu.mgz'...
MRImask(): AllowDiffGeom = 1
MRImask(): AllowDiffGeom = 1
MRImask(): AllowDiffGeom = 1
MRImask(): AllowDiffGeom = 1
MRImask(): AllowDiffGeom = 1
freeing gibbs priors...done.
accounting for voxel sizes in initial transform
bounding unknown intensity as < 5.9 or > 519.0 
total sample mean = 79.1 (1017 zeros)
************************************************
spacing=8, using 2841 sample points, tol=1.00e-05...
************************************************
register_mri: find_optimal_transform
find_optimal_transform: nsamples 2841, passno 0, spacing 8
resetting wm mean[0]: 98 --> 107
resetting gm mean[0]: 61 --> 61
input volume #1 is the most T1-like
using real data threshold=32.1
skull bounding box = (61, 37, 50) --> (187, 143, 203)
finding center of left hemi white matter
using (103, 72, 127) as brain centroid of Right_Cerebral_White_Matter...
MRImask(): AllowDiffGeom = 1
mean wm in atlas = 107, using box (88,59,108) --> (118, 84,145) to find MRI wm
before smoothing, mri peak at 106
robust fit to distribution - 106 +- 5.3
after smoothing, mri peak at 106, scaling input intensities by 1.009
scaling channel 0 by 1.00943
initial log_p = -4.528
************************************************
First Search limited to translation only.
************************************************
max log p =    -4.239440 @ (10.526, 31.579, -10.526)
max log p =    -4.059869 @ (-5.263, -15.789, -5.263)
max log p =    -4.004035 @ (-2.632, 2.632, 2.632)
max log p =    -3.985093 @ (-1.316, 1.316, -3.947)
max log p =    -3.973650 @ (-0.658, 0.658, 0.658)
max log p =    -3.973650 @ (0.000, 0.000, 0.000)
max log p =    -3.973650 @ (0.000, 0.000, 0.000)
max log p =    -3.973650 @ (0.000, 0.000, 0.000)
Found translation: (0.7, 20.4, -16.4): log p = -3.974
****************************************
Nine parameter search.  iteration 0 nscales = 0 ...
****************************************
Result so far: scale 1.000: max_log_p=-3.585, old_max_log_p =-3.974 (thresh=-4.0)
 1.06375   0.00000   0.00000  -7.38381;
 0.00000   1.22023  -0.18169   20.75796;
 0.00000   0.11999   1.07125  -36.99660;
 0.00000   0.00000   0.00000   1.00000;
iteration took 0 minutes and 8 seconds.
****************************************
Nine parameter search.  iteration 1 nscales = 0 ...
****************************************
Result so far: scale 1.000: max_log_p=-3.585, old_max_log_p =-3.585 (thresh=-3.6)
 1.06375   0.00000   0.00000  -7.38381;
 0.00000   1.22023  -0.18169   20.75796;
 0.00000   0.11999   1.07125  -36.99660;
 0.00000   0.00000   0.00000   1.00000;
reducing scale to 0.2500
iteration took 0 minutes and 8 seconds.
****************************************
Nine parameter search.  iteration 2 nscales = 1 ...
****************************************
Result so far: scale 0.250: max_log_p=-3.388, old_max_log_p =-3.585 (thresh=-3.6)
 1.09892  -0.09987  -0.04860   5.85360;
 0.06472   1.16967  -0.39080   47.06311;
 0.07258   0.34824   0.99377  -62.71356;
 0.00000   0.00000   0.00000   1.00000;
iteration took 0 minutes and 9 seconds.
****************************************
Nine parameter search.  iteration 3 nscales = 1 ...
****************************************
Result so far: scale 0.250: max_log_p=-3.387, old_max_log_p =-3.388 (thresh=-3.4)
 1.09892  -0.09987  -0.04860   5.85360;
 0.06715   1.21353  -0.40545   44.35459;
 0.07258   0.34824   0.99377  -62.71356;
 0.00000   0.00000   0.00000   1.00000;
reducing scale to 0.0625
iteration took 0 minutes and 9 seconds.
****************************************
Nine parameter search.  iteration 4 nscales = 2 ...
****************************************
Result so far: scale 0.062: max_log_p=-3.374, old_max_log_p =-3.387 (thresh=-3.4)
 1.09637  -0.11966  -0.04217   7.28104;
 0.08620   1.21586  -0.38938   40.20076;
 0.07172   0.32954   1.00377  -61.58627;
 0.00000   0.00000   0.00000   1.00000;
iteration took 0 minutes and 9 seconds.
****************************************
Nine parameter search.  iteration 5 nscales = 2 ...
****************************************
Result so far: scale 0.062: max_log_p=-3.372, old_max_log_p =-3.374 (thresh=-3.4)
 1.09947  -0.09716  -0.04038   4.02897;
 0.06816   1.21618  -0.38832   42.27956;
 0.06282   0.33090   1.00526  -61.26616;
 0.00000   0.00000   0.00000   1.00000;
min search scale 0.025000 reached
***********************************************
Computing MAP estimate using 2841 samples...
***********************************************
dt = 5.00e-06, momentum=0.80, tol=1.00e-05
l_intensity = 1.0000
Aligning input volume to GCA...
Transform matrix
 1.09947  -0.09716  -0.04038   4.02897;
 0.06816   1.21618  -0.38832   42.27956;
 0.06282   0.33090   1.00526  -61.26616;
 0.00000   0.00000   0.00000   1.00000;
nsamples 2841
Quasinewton: input matrix
 1.09947  -0.09716  -0.04038   4.02897;
 0.06816   1.21618  -0.38832   42.27956;
 0.06282   0.33090   1.00526  -61.26616;
 0.00000   0.00000   0.00000   1.00000;
 IFLAG= -1  LINE SEARCH FAILED. SEE DOCUMENTATION OF ROUTINE MCSRCH ERROR RETURN OF LINE SEARCH: INFO= 3 POSSIBLE CAUSES: FUNCTION OR GRADIENT ARE INCORRECT OR INCORRECT TOLERANCESoutof QuasiNewtonEMA: 008: -log(p) =   -0.0  tol 0.000010
Resulting transform:
 1.09947  -0.09716  -0.04038   4.02897;
 0.06816   1.21618  -0.38832   42.27956;
 0.06282   0.33090   1.00526  -61.26616;
 0.00000   0.00000   0.00000   1.00000;

pass 1, spacing 8: log(p) = -3.372 (old=-4.528)
transform before final EM align:
 1.09947  -0.09716  -0.04038   4.02897;
 0.06816   1.21618  -0.38832   42.27956;
 0.06282   0.33090   1.00526  -61.26616;
 0.00000   0.00000   0.00000   1.00000;

**************************************************
 EM alignment process ...
 Computing final MAP estimate using 315638 samples. 
**************************************************
dt = 5.00e-06, momentum=0.80, tol=1.00e-07
l_intensity = 1.0000
Aligning input volume to GCA...
Transform matrix
 1.09947  -0.09716  -0.04038   4.02897;
 0.06816   1.21618  -0.38832   42.27956;
 0.06282   0.33090   1.00526  -61.26616;
 0.00000   0.00000   0.00000   1.00000;
nsamples 315638
Quasinewton: input matrix
 1.09947  -0.09716  -0.04038   4.02897;
 0.06816   1.21618  -0.38832   42.27956;
 0.06282   0.33090   1.00526  -61.26616;
 0.00000   0.00000   0.00000   1.00000;
 IFLAG= -1  LINE SEARCH FAILED. SEE DOCUMENTATION OF ROUTINE MCSRCH ERROR RETURN OF LINE SEARCH: INFO= 6 POSSIBLE CAUSES: FUNCTION OR GRADIENT ARE INCORRECT OR INCORRECT TOLERANCESoutof QuasiNewtonEMA: 010: -log(p) =    3.8  tol 0.000000
final transform:
 1.09947  -0.09716  -0.04038   4.02897;
 0.06816   1.21618  -0.38832   42.27956;
 0.06282   0.33090   1.00526  -61.26616;
 0.00000   0.00000   0.00000   1.00000;

writing output transformation to transforms/talairach.lta...
#VMPC# mri_em_register VmPeak  891280
FSRUNTIME@ mri_em_register  0.0238 hours 16 threads
registration took 1 minutes and 26 seconds.

Started at Wed Mar 11 11:25:07 CET 2026 
Ended   at Wed Mar 11 11:26:32 CET 2026
#@#%# recon-all-run-time-hours 0.024
recon-all -s sub-v2s16x51292_ses-1 finished without error at Wed Mar 11 11:26:32 CET 2026



#New# invocation of recon-all 




Wed Mar 11 11:26:35 CET 2026
cd /out/sourcedata/freesurfer/sub-v2s16x51292_ses-1
setenv SUBJECTS_DIR /out/sourcedata/freesurfer
/opt/freesurfer/bin/recon-all -autorecon2-volonly -openmp 16 -subjid sub-v2s16x51292_ses-1 -sd /out/sourcedata/freesurfer -nogcareg

subjid sub-v2s16x51292_ses-1
setenv SUBJECTS_DIR /out/sourcedata/freesurfer
FREESURFER_HOME /opt/freesurfer
Actual FREESURFER_HOME /opt/freesurfer
build-stamp.txt: freesurfer-linux-ubuntu22_x86_64-7.3.2-20220804-6354275
Linux dna061 5.14.0-427.37.1.el9_4.x86_64 #1 SMP PREEMPT_DYNAMIC Fri Sep 13 12:41:50 EDT 2024 x86_64 x86_64 x86_64 GNU/Linux
cputime      unlimited
filesize     unlimited
datasize     unlimited
stacksize    8192 kbytes
coredumpsize 0 kbytes
memoryuse    67108864 kbytes
vmemoryuse   unlimited
descriptors  1024 
memorylocked unlimited
maxproc      2061970 
maxlocks     unlimited
maxsignal    2061970 
maxmessage   819200 
maxnice      0 
maxrtprio    0 
maxrttime    unlimited

               total        used        free      shared  buff/cache   available
Mem:           503Gi        54Gi       311Gi        25Gi       137Gi       419Gi
Swap:             0B          0B          0B

########################################
program versions used
7.3.2 (freesurfer-linux-ubuntu22_x86_64-7.3.2-20220804-6354275)
7.3.2

ProgramName: lta_convert  ProgramArguments: lta_convert -all-info  ProgramVersion: 7.3.2  TimeStamp: 2026/03/11-10:26:35-GMT  BuildTime: Aug  4 2022 06:17:15  BuildStamp: freesurfer-linux-ubuntu22_x86_64-7.3.2-20220804-6354275  User: oesteban  Machine: dna061  Platform: Linux  PlatformVersion: 5.14.0-427.37.1.el9_4.x86_64  CompilerName: GCC  CompilerVersion: 8.4.0
ProgramName: mri_and  ProgramArguments: mri_and -all-info  ProgramVersion: 7.3.2  TimeStamp: 2026/03/11-10:26:35-GMT  BuildTime: Aug  4 2022 06:17:15  BuildStamp: freesurfer-linux-ubuntu22_x86_64-7.3.2-20220804-6354275  User: oesteban  Machine: dna061  Platform: Linux  PlatformVersion: 5.14.0-427.37.1.el9_4.x86_64  CompilerName: GCC  CompilerVersion: 8.4.0
ProgramName: mri_annotation2label  ProgramArguments: mri_annotation2label -all-info  ProgramVersion: 7.3.2  TimeStamp: 2026/03/11-10:26:35-GMT  BuildTime: Aug  4 2022 06:17:15  BuildStamp: freesurfer-linux-ubuntu22_x86_64-7.3.2-20220804-6354275  User: oesteban  Machine: dna061  Platform: Linux  PlatformVersion: 5.14.0-427.37.1.el9_4.x86_64  CompilerName: GCC  CompilerVersion: 8.4.0
ProgramName: mri_aparc2aseg  ProgramArguments: mri_aparc2aseg -all-info  ProgramVersion: 7.3.2  TimeStamp: 2026/03/11-10:26:35-GMT  BuildTime: Aug  4 2022 06:17:15  BuildStamp: freesurfer-linux-ubuntu22_x86_64-7.3.2-20220804-6354275  User: oesteban  Machine: dna061  Platform: Linux  PlatformVersion: 5.14.0-427.37.1.el9_4.x86_64  CompilerName: GCC  CompilerVersion: 8.4.0
ProgramName: mri_surf2volseg  ProgramArguments: mri_surf2volseg -all-info  ProgramVersion: 7.3.2  TimeStamp: 2026/03/11-10:26:35-GMT  BuildTime: Aug  4 2022 06:17:15  BuildStamp: freesurfer-linux-ubuntu22_x86_64-7.3.2-20220804-6354275  User: oesteban  Machine: dna061  Platform: Linux  PlatformVersion: 5.14.0-427.37.1.el9_4.x86_64  CompilerName: GCC  CompilerVersion: 8.4.0
ProgramName: mri_binarize  ProgramArguments: mri_binarize -all-info  ProgramVersion: 7.3.2  TimeStamp: 2026/03/11-10:26:35-GMT  BuildTime: Aug  4 2022 06:17:15  BuildStamp: freesurfer-linux-ubuntu22_x86_64-7.3.2-20220804-6354275  User: oesteban  Machine: dna061  Platform: Linux  PlatformVersion: 5.14.0-427.37.1.el9_4.x86_64  CompilerName: GCC  CompilerVersion: 8.4.0
ProgramName: mri_ca_label  ProgramArguments: mri_ca_label -all-info  ProgramVersion: 7.3.2  TimeStamp: 2026/03/11-10:26:35-GMT  BuildTime: Aug  4 2022 06:17:15  BuildStamp: freesurfer-linux-ubuntu22_x86_64-7.3.2-20220804-6354275  User: oesteban  Machine: dna061  Platform: Linux  PlatformVersion: 5.14.0-427.37.1.el9_4.x86_64  CompilerName: GCC  CompilerVersion: 8.4.0
ProgramName: mri_ca_normalize  ProgramArguments: mri_ca_normalize -all-info  ProgramVersion: 7.3.2  TimeStamp: 2026/03/11-10:26:35-GMT  BuildTime: Aug  4 2022 06:17:15  BuildStamp: freesurfer-linux-ubuntu22_x86_64-7.3.2-20220804-6354275  User: oesteban  Machine: dna061  Platform: Linux  PlatformVersion: 5.14.0-427.37.1.el9_4.x86_64  CompilerName: GCC  CompilerVersion: 8.4.0
ProgramName: mri_ca_register  ProgramArguments: mri_ca_register -all-info  ProgramVersion: 7.3.2  TimeStamp: 2026/03/11-10:26:35-GMT  BuildTime: Aug  4 2022 06:17:15  BuildStamp: freesurfer-linux-ubuntu22_x86_64-7.3.2-20220804-6354275  User: oesteban  Machine: dna061  Platform: Linux  PlatformVersion: 5.14.0-427.37.1.el9_4.x86_64  CompilerName: GCC  CompilerVersion: 8.4.0
ProgramName: mri_cc  ProgramArguments: mri_cc -all-info  ProgramVersion: 7.3.2  TimeStamp: 2026/03/11-10:26:35-GMT  BuildTime: Aug  4 2022 06:17:15  BuildStamp: freesurfer-linux-ubuntu22_x86_64-7.3.2-20220804-6354275  User: oesteban  Machine: dna061  Platform: Linux  PlatformVersion: 5.14.0-427.37.1.el9_4.x86_64  CompilerName: GCC  CompilerVersion: 8.4.0
ProgramName: mri_compute_overlap  ProgramArguments: mri_compute_overlap -all-info  ProgramVersion: 7.3.2  TimeStamp: 2026/03/11-10:26:35-GMT  BuildTime: Aug  4 2022 06:17:15  BuildStamp: freesurfer-linux-ubuntu22_x86_64-7.3.2-20220804-6354275  User: oesteban  Machine: dna061  Platform: Linux  PlatformVersion: 5.14.0-427.37.1.el9_4.x86_64  CompilerName: GCC  CompilerVersion: 8.4.0
ProgramName: mri_compute_seg_overlap  ProgramArguments: mri_compute_seg_overlap -all-info  ProgramVersion: 7.3.2  TimeStamp: 2026/03/11-10:26:35-GMT  BuildTime: Aug  4 2022 06:17:15  BuildStamp: freesurfer-linux-ubuntu22_x86_64-7.3.2-20220804-6354275  User: oesteban  Machine: dna061  Platform: Linux  PlatformVersion: 5.14.0-427.37.1.el9_4.x86_64  CompilerName: GCC  CompilerVersion: 8.4.0
ProgramName: mri_concat  ProgramArguments: mri_concat -all-info  ProgramVersion: 7.3.2  TimeStamp: 2026/03/11-10:26:35-GMT  BuildTime: Aug  4 2022 06:17:15  BuildStamp: freesurfer-linux-ubuntu22_x86_64-7.3.2-20220804-6354275  User: oesteban  Machine: dna061  Platform: Linux  PlatformVersion: 5.14.0-427.37.1.el9_4.x86_64  CompilerName: GCC  CompilerVersion: 8.4.0
ProgramName: mri_concatenate_lta  ProgramArguments: mri_concatenate_lta -all-info  ProgramVersion: 7.3.2  TimeStamp: 2026/03/11-10:26:35-GMT  BuildTime: Aug  4 2022 06:17:15  BuildStamp: freesurfer-linux-ubuntu22_x86_64-7.3.2-20220804-6354275  User: oesteban  Machine: dna061  Platform: Linux  PlatformVersion: 5.14.0-427.37.1.el9_4.x86_64  CompilerName: GCC  CompilerVersion: 8.4.0
mri_convert -all-info 
ProgramName: mri_convert  ProgramArguments: mri_convert -all-info  ProgramVersion: 7.3.2  TimeStamp: 2026/03/11-10:26:35-GMT  BuildTime: Aug  4 2022 06:17:15  BuildStamp: freesurfer-linux-ubuntu22_x86_64-7.3.2-20220804-6354275  User: oesteban  Machine: dna061  Platform: Linux  PlatformVersion: 5.14.0-427.37.1.el9_4.x86_64  CompilerName: GCC  CompilerVersion: 8.4.0
ProgramName: mri_diff  ProgramArguments: mri_diff -all-info  ProgramVersion: 7.3.2  TimeStamp: 2026/03/11-10:26:35-GMT  BuildTime: Aug  4 2022 06:17:15  BuildStamp: freesurfer-linux-ubuntu22_x86_64-7.3.2-20220804-6354275  User: oesteban  Machine: dna061  Platform: Linux  PlatformVersion: 5.14.0-427.37.1.el9_4.x86_64  CompilerName: GCC  CompilerVersion: 8.4.0
ProgramName: mri_edit_wm_with_aseg  ProgramArguments: mri_edit_wm_with_aseg -all-info  ProgramVersion: 7.3.2  TimeStamp: 2026/03/11-10:26:35-GMT  BuildTime: Aug  4 2022 06:17:15  BuildStamp: freesurfer-linux-ubuntu22_x86_64-7.3.2-20220804-6354275  User: oesteban  Machine: dna061  Platform: Linux  PlatformVersion: 5.14.0-427.37.1.el9_4.x86_64  CompilerName: GCC  CompilerVersion: 8.4.0
ProgramName: mri_em_register  ProgramArguments: mri_em_register -all-info  ProgramVersion: 7.3.2  TimeStamp: 2026/03/11-10:26:35-GMT  BuildTime: Aug  4 2022 06:17:15  BuildStamp: freesurfer-linux-ubuntu22_x86_64-7.3.2-20220804-6354275  User: oesteban  Machine: dna061  Platform: Linux  PlatformVersion: 5.14.0-427.37.1.el9_4.x86_64  CompilerName: GCC  CompilerVersion: 8.4.0
ProgramName: mri_fill  ProgramArguments: mri_fill -all-info  ProgramVersion: 7.3.2  TimeStamp: 2026/03/11-10:26:35-GMT  BuildTime: Aug  4 2022 06:17:15  BuildStamp: freesurfer-linux-ubuntu22_x86_64-7.3.2-20220804-6354275  User: oesteban  Machine: dna061  Platform: Linux  PlatformVersion: 5.14.0-427.37.1.el9_4.x86_64  CompilerName: GCC  CompilerVersion: 8.4.0
ProgramName: mri_fuse_segmentations  ProgramArguments: mri_fuse_segmentations -all-info  ProgramVersion: 7.3.2  TimeStamp: 2026/03/11-10:26:35-GMT  BuildTime: Aug  4 2022 06:17:15  BuildStamp: freesurfer-linux-ubuntu22_x86_64-7.3.2-20220804-6354275  User: oesteban  Machine: dna061  Platform: Linux  PlatformVersion: 5.14.0-427.37.1.el9_4.x86_64  CompilerName: GCC  CompilerVersion: 8.4.0
ProgramName: mri_fwhm  ProgramArguments: mri_fwhm -all-info  ProgramVersion: 7.3.2  TimeStamp: 2026/03/11-10:26:35-GMT  BuildTime: Aug  4 2022 06:17:15  BuildStamp: freesurfer-linux-ubuntu22_x86_64-7.3.2-20220804-6354275  User: oesteban  Machine: dna061  Platform: Linux  PlatformVersion: 5.14.0-427.37.1.el9_4.x86_64  CompilerName: GCC  CompilerVersion: 8.4.0
ProgramName: mri_gcut  ProgramArguments: mri_gcut -all-info  ProgramVersion: 7.3.2  TimeStamp: 2026/03/11-10:26:35-GMT  BuildTime: Aug  4 2022 06:17:15  BuildStamp: freesurfer-linux-ubuntu22_x86_64-7.3.2-20220804-6354275  User: oesteban  Machine: dna061  Platform: Linux  PlatformVersion: 5.14.0-427.37.1.el9_4.x86_64  CompilerName: GCC  CompilerVersion: 8.4.0
ProgramName: mri_info  ProgramArguments: mri_info -all-info  ProgramVersion: 7.3.2  TimeStamp: 2026/03/11-10:26:35-GMT  BuildTime: Aug  4 2022 06:17:15  BuildStamp: freesurfer-linux-ubuntu22_x86_64-7.3.2-20220804-6354275  User: oesteban  Machine: dna061  Platform: Linux  PlatformVersion: 5.14.0-427.37.1.el9_4.x86_64  CompilerName: GCC  CompilerVersion: 8.4.0
ProgramName: mri_label2label  ProgramArguments: mri_label2label -all-info  ProgramVersion: 7.3.2  TimeStamp: 2026/03/11-10:26:35-GMT  BuildTime: Aug  4 2022 06:17:15  BuildStamp: freesurfer-linux-ubuntu22_x86_64-7.3.2-20220804-6354275  User: oesteban  Machine: dna061  Platform: Linux  PlatformVersion: 5.14.0-427.37.1.el9_4.x86_64  CompilerName: GCC  CompilerVersion: 8.4.0
ProgramName: mri_label2vol  ProgramArguments: mri_label2vol -all-info  ProgramVersion: 7.3.2  TimeStamp: 2026/03/11-10:26:35-GMT  BuildTime: Aug  4 2022 06:17:15  BuildStamp: freesurfer-linux-ubuntu22_x86_64-7.3.2-20220804-6354275  User: oesteban  Machine: dna061  Platform: Linux  PlatformVersion: 5.14.0-427.37.1.el9_4.x86_64  CompilerName: GCC  CompilerVersion: 8.4.0
ProgramName: mri_log_likelihood  ProgramArguments: mri_log_likelihood -all-info  ProgramVersion: 7.3.2  TimeStamp: 2026/03/11-10:26:35-GMT  BuildTime: Aug  4 2022 06:17:15  BuildStamp: freesurfer-linux-ubuntu22_x86_64-7.3.2-20220804-6354275  User: oesteban  Machine: dna061  Platform: Linux  PlatformVersion: 5.14.0-427.37.1.el9_4.x86_64  CompilerName: GCC  CompilerVersion: 8.4.0
ProgramName: mri_mask  ProgramArguments: mri_mask -all-info  ProgramVersion: 7.3.2  TimeStamp: 2026/03/11-10:26:35-GMT  BuildTime: Aug  4 2022 06:17:15  BuildStamp: freesurfer-linux-ubuntu22_x86_64-7.3.2-20220804-6354275  User: oesteban  Machine: dna061  Platform: Linux  PlatformVersion: 5.14.0-427.37.1.el9_4.x86_64  CompilerName: GCC  CompilerVersion: 8.4.0
ProgramName: mri_matrix_multiply  ProgramArguments: mri_matrix_multiply -all-info  ProgramVersion: 7.3.2  TimeStamp: 2026/03/11-10:26:35-GMT  BuildTime: Aug  4 2022 06:17:15  BuildStamp: freesurfer-linux-ubuntu22_x86_64-7.3.2-20220804-6354275  User: oesteban  Machine: dna061  Platform: Linux  PlatformVersion: 5.14.0-427.37.1.el9_4.x86_64  CompilerName: GCC  CompilerVersion: 8.4.0
ProgramName: mri_normalize  ProgramArguments: mri_normalize -all-info  ProgramVersion: 7.3.2  TimeStamp: 2026/03/11-10:26:35-GMT  BuildTime: Aug  4 2022 06:17:15  BuildStamp: freesurfer-linux-ubuntu22_x86_64-7.3.2-20220804-6354275  User: oesteban  Machine: dna061  Platform: Linux  PlatformVersion: 5.14.0-427.37.1.el9_4.x86_64  CompilerName: GCC  CompilerVersion: 8.4.0
ProgramName: mri_normalize_tp2  ProgramArguments: mri_normalize_tp2 -all-info  ProgramVersion: 7.3.2  TimeStamp: 2026/03/11-10:26:35-GMT  BuildTime: Aug  4 2022 06:17:15  BuildStamp: freesurfer-linux-ubuntu22_x86_64-7.3.2-20220804-6354275  User: oesteban  Machine: dna061  Platform: Linux  PlatformVersion: 5.14.0-427.37.1.el9_4.x86_64  CompilerName: GCC  CompilerVersion: 8.4.0
ProgramName: mri_or  ProgramArguments: mri_or -all-info  ProgramVersion: 7.3.2  TimeStamp: 2026/03/11-10:26:35-GMT  BuildTime: Aug  4 2022 06:17:15  BuildStamp: freesurfer-linux-ubuntu22_x86_64-7.3.2-20220804-6354275  User: oesteban  Machine: dna061  Platform: Linux  PlatformVersion: 5.14.0-427.37.1.el9_4.x86_64  CompilerName: GCC  CompilerVersion: 8.4.0
ProgramName: mri_relabel_hypointensities  ProgramArguments: mri_relabel_hypointensities -all-info  ProgramVersion: 7.3.2  TimeStamp: 2026/03/11-10:26:35-GMT  BuildTime: Aug  4 2022 06:17:15  BuildStamp: freesurfer-linux-ubuntu22_x86_64-7.3.2-20220804-6354275  User: oesteban  Machine: dna061  Platform: Linux  PlatformVersion: 5.14.0-427.37.1.el9_4.x86_64  CompilerName: GCC  CompilerVersion: 8.4.0
ProgramName: mri_relabel_nonwm_hypos  ProgramArguments: mri_relabel_nonwm_hypos -all-info  ProgramVersion: 7.3.2  TimeStamp: 2026/03/11-10:26:35-GMT  BuildTime: Aug  4 2022 06:17:15  BuildStamp: freesurfer-linux-ubuntu22_x86_64-7.3.2-20220804-6354275  User: oesteban  Machine: dna061  Platform: Linux  PlatformVersion: 5.14.0-427.37.1.el9_4.x86_64  CompilerName: GCC  CompilerVersion: 8.4.0
ProgramName: mri_remove_neck  ProgramArguments: mri_remove_neck -all-info  ProgramVersion: 7.3.2  TimeStamp: 2026/03/11-10:26:35-GMT  BuildTime: Aug  4 2022 06:17:15  BuildStamp: freesurfer-linux-ubuntu22_x86_64-7.3.2-20220804-6354275  User: oesteban  Machine: dna061  Platform: Linux  PlatformVersion: 5.14.0-427.37.1.el9_4.x86_64  CompilerName: GCC  CompilerVersion: 8.4.0
7.3.2

ProgramName: mri_robust_register  ProgramArguments: mri_robust_register -all-info  ProgramVersion: 7.3.2  TimeStamp: 2026/03/11-10:26:35-GMT  BuildTime: Aug  4 2022 06:17:15  BuildStamp: freesurfer-linux-ubuntu22_x86_64-7.3.2-20220804-6354275  User: oesteban  Machine: dna061  Platform: Linux  PlatformVersion: 5.14.0-427.37.1.el9_4.x86_64  CompilerName: GCC  CompilerVersion: 8.4.0
7.3.2

ProgramName: mri_robust_template  ProgramArguments: mri_robust_template -all-info  ProgramVersion: 7.3.2  TimeStamp: 2026/03/11-10:26:35-GMT  BuildTime: Aug  4 2022 06:17:15  BuildStamp: freesurfer-linux-ubuntu22_x86_64-7.3.2-20220804-6354275  User: oesteban  Machine: dna061  Platform: Linux  PlatformVersion: 5.14.0-427.37.1.el9_4.x86_64  CompilerName: GCC  CompilerVersion: 8.4.0
ProgramName: mris_anatomical_stats  ProgramArguments: mris_anatomical_stats -all-info  ProgramVersion: 7.3.2  TimeStamp: 2026/03/11-10:26:35-GMT  BuildTime: Aug  4 2022 06:17:15  BuildStamp: freesurfer-linux-ubuntu22_x86_64-7.3.2-20220804-6354275  User: oesteban  Machine: dna061  Platform: Linux  PlatformVersion: 5.14.0-427.37.1.el9_4.x86_64  CompilerName: GCC  CompilerVersion: 8.4.0
ProgramName: mris_ca_label  ProgramArguments: mris_ca_label -all-info  ProgramVersion: 7.3.2  TimeStamp: 2026/03/11-10:26:35-GMT  BuildTime: Aug  4 2022 06:17:15  BuildStamp: freesurfer-linux-ubuntu22_x86_64-7.3.2-20220804-6354275  User: oesteban  Machine: dna061  Platform: Linux  PlatformVersion: 5.14.0-427.37.1.el9_4.x86_64  CompilerName: GCC  CompilerVersion: 8.4.0
ProgramName: mris_calc  ProgramArguments: mris_calc -all-info  ProgramVersion: 7.3.2  TimeStamp: 2026/03/11-10:26:35-GMT  BuildTime: Aug  4 2022 06:17:15  BuildStamp: freesurfer-linux-ubuntu22_x86_64-7.3.2-20220804-6354275  User: oesteban  Machine: dna061  Platform: Linux  PlatformVersion: 5.14.0-427.37.1.el9_4.x86_64  CompilerName: GCC  CompilerVersion: 8.4.0
ProgramName: mris_convert  ProgramArguments: mris_convert -all-info  ProgramVersion: 7.3.2  TimeStamp: 2026/03/11-10:26:35-GMT  BuildTime: Aug  4 2022 06:17:15  BuildStamp: freesurfer-linux-ubuntu22_x86_64-7.3.2-20220804-6354275  User: oesteban  Machine: dna061  Platform: Linux  PlatformVersion: 5.14.0-427.37.1.el9_4.x86_64  CompilerName: GCC  CompilerVersion: 8.4.0
ProgramName: mris_curvature  ProgramArguments: mris_curvature -all-info  ProgramVersion: 7.3.2  TimeStamp: 2026/03/11-10:26:35-GMT  BuildTime: Aug  4 2022 06:17:15  BuildStamp: freesurfer-linux-ubuntu22_x86_64-7.3.2-20220804-6354275  User: oesteban  Machine: dna061  Platform: Linux  PlatformVersion: 5.14.0-427.37.1.el9_4.x86_64  CompilerName: GCC  CompilerVersion: 8.4.0
ProgramName: mris_curvature_stats  ProgramArguments: mris_curvature_stats -all-info  ProgramVersion: 7.3.2  TimeStamp: 2026/03/11-10:26:35-GMT  BuildTime: Aug  4 2022 06:17:15  BuildStamp: freesurfer-linux-ubuntu22_x86_64-7.3.2-20220804-6354275  User: oesteban  Machine: dna061  Platform: Linux  PlatformVersion: 5.14.0-427.37.1.el9_4.x86_64  CompilerName: GCC  CompilerVersion: 8.4.0
ProgramName: mris_diff  ProgramArguments: mris_diff -all-info  ProgramVersion: 7.3.2  TimeStamp: 2026/03/11-10:26:35-GMT  BuildTime: Aug  4 2022 06:17:15  BuildStamp: freesurfer-linux-ubuntu22_x86_64-7.3.2-20220804-6354275  User: oesteban  Machine: dna061  Platform: Linux  PlatformVersion: 5.14.0-427.37.1.el9_4.x86_64  CompilerName: GCC  CompilerVersion: 8.4.0
ProgramName: mris_divide_parcellation  ProgramArguments: mris_divide_parcellation -all-info  ProgramVersion: 7.3.2  TimeStamp: 2026/03/11-10:26:35-GMT  BuildTime: Aug  4 2022 06:17:15  BuildStamp: freesurfer-linux-ubuntu22_x86_64-7.3.2-20220804-6354275  User: oesteban  Machine: dna061  Platform: Linux  PlatformVersion: 5.14.0-427.37.1.el9_4.x86_64  CompilerName: GCC  CompilerVersion: 8.4.0
ProgramName: mri_segment  ProgramArguments: mri_segment -all-info  ProgramVersion: 7.3.2  TimeStamp: 2026/03/11-10:26:35-GMT  BuildTime: Aug  4 2022 06:17:15  BuildStamp: freesurfer-linux-ubuntu22_x86_64-7.3.2-20220804-6354275  User: oesteban  Machine: dna061  Platform: Linux  PlatformVersion: 5.14.0-427.37.1.el9_4.x86_64  CompilerName: GCC  CompilerVersion: 8.4.0
ProgramName: mri_segstats  ProgramArguments: mri_segstats -all-info  ProgramVersion: 7.3.2  TimeStamp: 2026/03/11-10:26:35-GMT  BuildTime: Aug  4 2022 06:17:15  BuildStamp: freesurfer-linux-ubuntu22_x86_64-7.3.2-20220804-6354275  User: oesteban  Machine: dna061  Platform: Linux  PlatformVersion: 5.14.0-427.37.1.el9_4.x86_64  CompilerName: GCC  CompilerVersion: 8.4.0
ProgramName: mris_euler_number  ProgramArguments: mris_euler_number -all-info  ProgramVersion: 7.3.2  TimeStamp: 2026/03/11-10:26:35-GMT  BuildTime: Aug  4 2022 06:17:15  BuildStamp: freesurfer-linux-ubuntu22_x86_64-7.3.2-20220804-6354275  User: oesteban  Machine: dna061  Platform: Linux  PlatformVersion: 5.14.0-427.37.1.el9_4.x86_64  CompilerName: GCC  CompilerVersion: 8.4.0
ProgramName: mris_fix_topology  ProgramArguments: mris_fix_topology -all-info  ProgramVersion: 7.3.2  TimeStamp: 2026/03/11-10:26:35-GMT  BuildTime: Aug  4 2022 06:17:15  BuildStamp: freesurfer-linux-ubuntu22_x86_64-7.3.2-20220804-6354275  User: oesteban  Machine: dna061  Platform: Linux  PlatformVersion: 5.14.0-427.37.1.el9_4.x86_64  CompilerName: GCC  CompilerVersion: 8.4.0
ProgramName: mris_topo_fixer  ProgramArguments: mris_topo_fixer -all-info  ProgramVersion: 7.3.2  TimeStamp: 2026/03/11-10:26:35-GMT  BuildTime: Aug  4 2022 06:17:15  BuildStamp: freesurfer-linux-ubuntu22_x86_64-7.3.2-20220804-6354275  User: oesteban  Machine: dna061  Platform: Linux  PlatformVersion: 5.14.0-427.37.1.el9_4.x86_64  CompilerName: GCC  CompilerVersion: 8.4.0
ProgramName: mris_jacobian  ProgramArguments: mris_jacobian -all-info  ProgramVersion: 7.3.2  TimeStamp: 2026/03/11-10:26:35-GMT  BuildTime: Aug  4 2022 06:17:15  BuildStamp: freesurfer-linux-ubuntu22_x86_64-7.3.2-20220804-6354275  User: oesteban  Machine: dna061  Platform: Linux  PlatformVersion: 5.14.0-427.37.1.el9_4.x86_64  CompilerName: GCC  CompilerVersion: 8.4.0
ProgramName: mris_label2annot  ProgramArguments: mris_label2annot -all-info  ProgramVersion: 7.3.2  TimeStamp: 2026/03/11-10:26:35-GMT  BuildTime: Aug  4 2022 06:17:15  BuildStamp: freesurfer-linux-ubuntu22_x86_64-7.3.2-20220804-6354275  User: oesteban  Machine: dna061  Platform: Linux  PlatformVersion: 5.14.0-427.37.1.el9_4.x86_64  CompilerName: GCC  CompilerVersion: 8.4.0
ProgramName: mris_left_right_register  ProgramArguments: mris_left_right_register -all-info  ProgramVersion: 7.3.2  TimeStamp: 2026/03/11-10:26:35-GMT  BuildTime: Aug  4 2022 06:17:15  BuildStamp: freesurfer-linux-ubuntu22_x86_64-7.3.2-20220804-6354275  User: oesteban  Machine: dna061  Platform: Linux  PlatformVersion: 5.14.0-427.37.1.el9_4.x86_64  CompilerName: GCC  CompilerVersion: 8.4.0
ProgramName: mris_place_surface  ProgramArguments: mris_place_surface -all-info  ProgramVersion: 7.3.2  TimeStamp: 2026/03/11-10:26:35-GMT  BuildTime: Aug  4 2022 06:17:15  BuildStamp: freesurfer-linux-ubuntu22_x86_64-7.3.2-20220804-6354275  User: oesteban  Machine: dna061  Platform: Linux  PlatformVersion: 5.14.0-427.37.1.el9_4.x86_64  CompilerName: GCC  CompilerVersion: 8.4.0
ProgramName: mrisp_paint  ProgramArguments: mrisp_paint -all-info  ProgramVersion: 7.3.2  TimeStamp: 2026/03/11-10:26:35-GMT  BuildTime: Aug  4 2022 06:17:15  BuildStamp: freesurfer-linux-ubuntu22_x86_64-7.3.2-20220804-6354275  User: oesteban  Machine: dna061  Platform: Linux  PlatformVersion: 5.14.0-427.37.1.el9_4.x86_64  CompilerName: GCC  CompilerVersion: 8.4.0
ProgramName: mris_register  ProgramArguments: mris_register -all-info  ProgramVersion: 7.3.2  TimeStamp: 2026/03/11-10:26:35-GMT  BuildTime: Aug  4 2022 06:17:15  BuildStamp: freesurfer-linux-ubuntu22_x86_64-7.3.2-20220804-6354275  User: oesteban  Machine: dna061  Platform: Linux  PlatformVersion: 5.14.0-427.37.1.el9_4.x86_64  CompilerName: GCC  CompilerVersion: 8.4.0
ProgramName: mris_smooth  ProgramArguments: mris_smooth -all-info  ProgramVersion: 7.3.2  TimeStamp: 2026/03/11-10:26:35-GMT  BuildTime: Aug  4 2022 06:17:15  BuildStamp: freesurfer-linux-ubuntu22_x86_64-7.3.2-20220804-6354275  User: oesteban  Machine: dna061  Platform: Linux  PlatformVersion: 5.14.0-427.37.1.el9_4.x86_64  CompilerName: GCC  CompilerVersion: 8.4.0
ProgramName: mris_sphere  ProgramArguments: mris_sphere -all-info  ProgramVersion: 7.3.2  TimeStamp: 2026/03/11-10:26:35-GMT  BuildTime: Aug  4 2022 06:17:15  BuildStamp: freesurfer-linux-ubuntu22_x86_64-7.3.2-20220804-6354275  User: oesteban  Machine: dna061  Platform: Linux  PlatformVersion: 5.14.0-427.37.1.el9_4.x86_64  CompilerName: GCC  CompilerVersion: 8.4.0
ProgramName: mris_surface_stats  ProgramArguments: mris_surface_stats -all-info  ProgramVersion: 7.3.2  TimeStamp: 2026/03/11-10:26:35-GMT  BuildTime: Aug  4 2022 06:17:15  BuildStamp: freesurfer-linux-ubuntu22_x86_64-7.3.2-20220804-6354275  User: oesteban  Machine: dna061  Platform: Linux  PlatformVersion: 5.14.0-427.37.1.el9_4.x86_64  CompilerName: GCC  CompilerVersion: 8.4.0
ProgramName: mri_stats2seg  ProgramArguments: mri_stats2seg -all-info  ProgramVersion: 7.3.2  TimeStamp: 2026/03/11-10:26:35-GMT  BuildTime: Aug  4 2022 06:17:15  BuildStamp: freesurfer-linux-ubuntu22_x86_64-7.3.2-20220804-6354275  User: oesteban  Machine: dna061  Platform: Linux  PlatformVersion: 5.14.0-427.37.1.el9_4.x86_64  CompilerName: GCC  CompilerVersion: 8.4.0
ProgramName: mris_thickness  ProgramArguments: mris_thickness -all-info  ProgramVersion: 7.3.2  TimeStamp: 2026/03/11-10:26:35-GMT  BuildTime: Aug  4 2022 06:17:15  BuildStamp: freesurfer-linux-ubuntu22_x86_64-7.3.2-20220804-6354275  User: oesteban  Machine: dna061  Platform: Linux  PlatformVersion: 5.14.0-427.37.1.el9_4.x86_64  CompilerName: GCC  CompilerVersion: 8.4.0
ProgramName: mris_thickness_diff  ProgramArguments: mris_thickness_diff -all-info  ProgramVersion: 7.3.2  TimeStamp: 2026/03/11-10:26:35-GMT  BuildTime: Aug  4 2022 06:17:15  BuildStamp: freesurfer-linux-ubuntu22_x86_64-7.3.2-20220804-6354275  User: oesteban  Machine: dna061  Platform: Linux  PlatformVersion: 5.14.0-427.37.1.el9_4.x86_64  CompilerName: GCC  CompilerVersion: 8.4.0
ProgramName: mris_topo_fixer  ProgramArguments: mris_topo_fixer -all-info  ProgramVersion: 7.3.2  TimeStamp: 2026/03/11-10:26:35-GMT  BuildTime: Aug  4 2022 06:17:15  BuildStamp: freesurfer-linux-ubuntu22_x86_64-7.3.2-20220804-6354275  User: oesteban  Machine: dna061  Platform: Linux  PlatformVersion: 5.14.0-427.37.1.el9_4.x86_64  CompilerName: GCC  CompilerVersion: 8.4.0
ProgramName: mri_surf2surf  ProgramArguments: mri_surf2surf -all-info  ProgramVersion: 7.3.2  TimeStamp: 2026/03/11-10:26:35-GMT  BuildTime: Aug  4 2022 06:17:15  BuildStamp: freesurfer-linux-ubuntu22_x86_64-7.3.2-20220804-6354275  User: oesteban  Machine: dna061  Platform: Linux  PlatformVersion: 5.14.0-427.37.1.el9_4.x86_64  CompilerName: GCC  CompilerVersion: 8.4.0
ProgramName: mri_surf2vol  ProgramArguments: mri_surf2vol -all-info  ProgramVersion: 7.3.2  TimeStamp: 2026/03/11-10:26:35-GMT  BuildTime: Aug  4 2022 06:17:15  BuildStamp: freesurfer-linux-ubuntu22_x86_64-7.3.2-20220804-6354275  User: oesteban  Machine: dna061  Platform: Linux  PlatformVersion: 5.14.0-427.37.1.el9_4.x86_64  CompilerName: GCC  CompilerVersion: 8.4.0
ProgramName: mri_surfcluster  ProgramArguments: mri_surfcluster -all-info  ProgramVersion: 7.3.2  TimeStamp: 2026/03/11-10:26:35-GMT  BuildTime: Aug  4 2022 06:17:15  BuildStamp: freesurfer-linux-ubuntu22_x86_64-7.3.2-20220804-6354275  User: oesteban  Machine: dna061  Platform: Linux  PlatformVersion: 5.14.0-427.37.1.el9_4.x86_64  CompilerName: GCC  CompilerVersion: 8.4.0
ProgramName: mris_volmask  ProgramArguments: mris_volmask -all-info  ProgramVersion: 7.3.2  TimeStamp: 2026/03/11-10:26:35-GMT  BuildTime: Aug  4 2022 06:17:15  BuildStamp: freesurfer-linux-ubuntu22_x86_64-7.3.2-20220804-6354275  User: oesteban  Machine: dna061  Platform: Linux  PlatformVersion: 5.14.0-427.37.1.el9_4.x86_64  CompilerName: GCC  CompilerVersion: 8.4.0
ProgramName: mri_tessellate  ProgramArguments: mri_tessellate -all-info  ProgramVersion: 7.3.2  TimeStamp: 2026/03/11-10:26:35-GMT  BuildTime: Aug  4 2022 06:17:15  BuildStamp: freesurfer-linux-ubuntu22_x86_64-7.3.2-20220804-6354275  User: oesteban  Machine: dna061  Platform: Linux  PlatformVersion: 5.14.0-427.37.1.el9_4.x86_64  CompilerName: GCC  CompilerVersion: 8.4.0
ProgramName: mri_vol2surf  ProgramArguments: mri_vol2surf -all-info  ProgramVersion: 7.3.2  TimeStamp: 2026/03/11-10:26:35-GMT  BuildTime: Aug  4 2022 06:17:15  BuildStamp: freesurfer-linux-ubuntu22_x86_64-7.3.2-20220804-6354275  User: oesteban  Machine: dna061  Platform: Linux  PlatformVersion: 5.14.0-427.37.1.el9_4.x86_64  CompilerName: GCC  CompilerVersion: 8.4.0
ProgramName: mri_vol2vol  ProgramArguments: mri_vol2vol -all-info  ProgramVersion: 7.3.2  TimeStamp: 2026/03/11-10:26:35-GMT  BuildTime: Aug  4 2022 06:17:15  BuildStamp: freesurfer-linux-ubuntu22_x86_64-7.3.2-20220804-6354275  User: oesteban  Machine: dna061  Platform: Linux  PlatformVersion: 5.14.0-427.37.1.el9_4.x86_64  CompilerName: GCC  CompilerVersion: 8.4.0
ProgramName: mri_voldiff  ProgramArguments: mri_voldiff -all-info  ProgramVersion: 7.3.2  TimeStamp: 2026/03/11-10:26:35-GMT  BuildTime: Aug  4 2022 06:17:15  BuildStamp: freesurfer-linux-ubuntu22_x86_64-7.3.2-20220804-6354275  User: oesteban  Machine: dna061  Platform: Linux  PlatformVersion: 5.14.0-427.37.1.el9_4.x86_64  CompilerName: GCC  CompilerVersion: 8.4.0
ProgramName: mri_watershed  ProgramArguments: mri_watershed -all-info  ProgramVersion: 7.3.2  TimeStamp: 2026/03/11-10:26:35-GMT  BuildTime: Aug  4 2022 06:17:15  BuildStamp: freesurfer-linux-ubuntu22_x86_64-7.3.2-20220804-6354275  User: oesteban  Machine: dna061  Platform: Linux  PlatformVersion: 5.14.0-427.37.1.el9_4.x86_64  CompilerName: GCC  CompilerVersion: 8.4.0
ProgramName: tkregister2  ProgramArguments: tkregister2_cmdl -all-info  ProgramVersion: 7.3.2  TimeStamp: 2026/03/11-10:26:35-GMT  BuildTime: Aug  4 2022 06:17:15  BuildStamp: freesurfer-linux-ubuntu22_x86_64-7.3.2-20220804-6354275  User: oesteban  Machine: dna061  Platform: Linux  PlatformVersion: 5.14.0-427.37.1.el9_4.x86_64  CompilerName: GCC  CompilerVersion: 8.4.0
mri_motion_correct.fsl 7.3.2
mri_convert -all-info 
ProgramName: mri_convert  ProgramArguments: mri_convert -all-info  ProgramVersion: 7.3.2  TimeStamp: 2026/03/11-10:26:35-GMT  BuildTime: Aug  4 2022 06:17:15  BuildStamp: freesurfer-linux-ubuntu22_x86_64-7.3.2-20220804-6354275  User: oesteban  Machine: dna061  Platform: Linux  PlatformVersion: 5.14.0-427.37.1.el9_4.x86_64  CompilerName: GCC  CompilerVersion: 8.4.0
Program nu_correct, built from:
Package MNI N3, version 1.12.0, compiled by nicks@terrier (x86_64-unknown-linux-gnu) on 2015-06-19 at 01:25:34
#######################################
GCADIR /opt/freesurfer/average
GCA RB_all_2020-01-02.gca
GCASkull RB_all_withskull_2020_01_02.gca
AvgCurvTif folding.atlas.acfb40.noaparc.i12.2016-08-02.tif
GCSDIR /opt/freesurfer/average
GCS DKaparc.atlas.acfb40.noaparc.i12.2016-08-02.gcs
#######################################
#--------------------------------------
#@# CA Normalize Wed Mar 11 11:26:35 CET 2026
/out/sourcedata/freesurfer/sub-v2s16x51292_ses-1/mri

 mri_ca_normalize -c ctrl_pts.mgz -mask brainmask.mgz nu.mgz /opt/freesurfer/average/RB_all_2020-01-02.gca transforms/talairach.lta norm.mgz 

writing control point volume to ctrl_pts.mgz
using MR volume brainmask.mgz to mask input volume...
reading 1 input volume
reading atlas from '/opt/freesurfer/average/RB_all_2020-01-02.gca'...
reading transform from 'transforms/talairach.lta'...
reading input volume from nu.mgz...
resetting wm mean[0]: 98 --> 107
resetting gm mean[0]: 61 --> 61
input volume #1 is the most T1-like
using real data threshold=32.1
skull bounding box = (61, 37, 50) --> (187, 143, 203)
finding center of left hemi white matter
using (103, 72, 127) as brain centroid of Right_Cerebral_White_Matter...
mean wm in atlas = 107, using box (88,59,108) --> (118, 84,145) to find MRI wm
before smoothing, mri peak at 106
robust fit to distribution - 106 +- 5.3
after smoothing, mri peak at 106, scaling input intensities by 1.009
scaling channel 0 by 1.00943
using 246437 sample points...
INFO: compute sample coordinates transform
 1.09947  -0.09716  -0.04038   4.02897;
 0.06816   1.21618  -0.38832   42.27956;
 0.06282   0.33090   1.00526  -61.26616;
 0.00000   0.00000   0.00000   1.00000;
INFO: transform used
finding control points in Left_Cerebral_White_Matter....
found 40230 control points for structure...
bounding box (120, 41, 49) --> (185, 142, 206)
Left_Cerebral_White_Matter: limiting intensities to 93.0 --> 132.0
0 of 5483 (0.0%) samples deleted
finding control points in Right_Cerebral_White_Matter....
found 39478 control points for structure...
bounding box (65, 42, 54) --> (128, 146, 208)
Right_Cerebral_White_Matter: limiting intensities to 102.0 --> 132.0
948 of 5668 (16.7%) samples deleted
finding control points in Left_Cerebellum_White_Matter....
found 3105 control points for structure...
bounding box (125, 99, 61) --> (171, 136, 114)
Left_Cerebellum_White_Matter: limiting intensities to 99.0 --> 132.0
0 of 419 (0.0%) samples deleted
finding control points in Right_Cerebellum_White_Matter....
found 2710 control points for structure...
bounding box (85, 99, 61) --> (125, 137, 115)
Right_Cerebellum_White_Matter: limiting intensities to 96.0 --> 132.0
0 of 487 (0.0%) samples deleted
finding control points in Brain_Stem....
found 3475 control points for structure...
bounding box (111, 102, 89) --> (143, 151, 126)
Brain_Stem: limiting intensities to 91.0 --> 132.0
0 of 644 (0.0%) samples deleted
using 12701 total control points for intensity normalization...
bias field = 0.945 +- 0.088
0 of 11753 control points discarded
finding control points in Left_Cerebral_White_Matter....
found 40230 control points for structure...
bounding box (120, 41, 49) --> (185, 142, 206)
Left_Cerebral_White_Matter: limiting intensities to 88.0 --> 132.0
28 of 5974 (0.5%) samples deleted
finding control points in Right_Cerebral_White_Matter....
found 39478 control points for structure...
bounding box (65, 42, 54) --> (128, 146, 208)
Right_Cerebral_White_Matter: limiting intensities to 88.0 --> 132.0
238 of 6258 (3.8%) samples deleted
finding control points in Left_Cerebellum_White_Matter....
found 3105 control points for structure...
bounding box (125, 99, 61) --> (171, 136, 114)
Left_Cerebellum_White_Matter: limiting intensities to 88.0 --> 132.0
29 of 469 (6.2%) samples deleted
finding control points in Right_Cerebellum_White_Matter....
found 2710 control points for structure...
bounding box (85, 99, 61) --> (125, 137, 115)
Right_Cerebellum_White_Matter: limiting intensities to 88.0 --> 132.0
178 of 587 (30.3%) samples deleted
finding control points in Brain_Stem....
found 3475 control points for structure...
bounding box (111, 102, 89) --> (143, 151, 126)
Brain_Stem: limiting intensities to 88.0 --> 132.0
187 of 803 (23.3%) samples deleted
using 14091 total control points for intensity normalization...
bias field = 1.068 +- 0.081
1 of 13294 control points discarded
finding control points in Left_Cerebral_White_Matter....
found 40230 control points for structure...
bounding box (120, 41, 49) --> (185, 142, 206)
Left_Cerebral_White_Matter: limiting intensities to 88.0 --> 128.0
49 of 6056 (0.8%) samples deleted
finding control points in Right_Cerebral_White_Matter....
found 39478 control points for structure...
bounding box (65, 42, 54) --> (128, 146, 208)
Right_Cerebral_White_Matter: limiting intensities to 88.0 --> 128.0
175 of 6573 (2.7%) samples deleted
finding control points in Left_Cerebellum_White_Matter....
found 3105 control points for structure...
bounding box (125, 99, 61) --> (171, 136, 114)
Left_Cerebellum_White_Matter: limiting intensities to 88.0 --> 128.0
184 of 492 (37.4%) samples deleted
finding control points in Right_Cerebellum_White_Matter....
found 2710 control points for structure...
bounding box (85, 99, 61) --> (125, 137, 115)
Right_Cerebellum_White_Matter: limiting intensities to 88.0 --> 128.0
451 of 618 (73.0%) samples deleted
finding control points in Brain_Stem....
found 3475 control points for structure...
bounding box (111, 102, 89) --> (143, 151, 126)
Brain_Stem: limiting intensities to 88.0 --> 128.0
300 of 798 (37.6%) samples deleted
using 14537 total control points for intensity normalization...
bias field = 1.070 +- 0.072
0 of 13191 control points discarded
writing normalized volume to norm.mgz...
writing control points to ctrl_pts.mgz
freeing GCA...done.
normalization took 1 minutes and 21 seconds.
#--------------------------------------
#@# CA Reg Wed Mar 11 11:27:57 CET 2026
/out/sourcedata/freesurfer/sub-v2s16x51292_ses-1/mri

 mri_ca_register -nobigventricles -T transforms/talairach.lta -align-after -mask brainmask.mgz norm.mgz /opt/freesurfer/average/RB_all_2020-01-02.gca transforms/talairach.m3z 

not handling expanded ventricles...
using previously computed transform transforms/talairach.lta
renormalizing sequences with structure alignment, equivalent to:
	-renormalize
	-regularize_mean 0.500
	-regularize 0.500
using MR volume brainmask.mgz to mask input volume...

== Number of threads available to mri_ca_register for OpenMP = 16 == 
reading 1 input volumes...
logging results to talairach.log
reading input volume 'norm.mgz'...
reading GCA '/opt/freesurfer/average/RB_all_2020-01-02.gca'...
label assignment complete, 0 changed (0.00%)
freeing gibbs priors...done.
average std[0] = 5.0
Starting GCAMregister()
label assignment complete, 0 changed (0.00%)
npasses = 1, nlevels = 6
#pass# 1 of 1 ************************
enabling zero nodes
setting smoothness cost coefficient to 0.156

#GCAMreg# pass 0 level1 5 level2 0 tsec 0 sigma 2
l_jacobian=1.00 l_label=1.00 l_log_likelihood=0.20 l_smoothness=0.16 
tol=2.50e-01, dt=5.00e-02, exp_k=20.0, momentum=0.90, levels=6, niter=500, lbl_dist=10.00, avgs=256, sigma=2.0,type=2, relabel=0, neg=no

blurring input image with Gaussian with sigma=2.000...
GCAMRegisterLevel(): init RMS 0.780942
#FOTS# QuadFit found better minimum quadopt=(dt=170.339,rms=0.713201) vs oldopt=(dt=92.48,rms=0.727841)
#GCMRL#    0 dt 170.339217 rms  0.713  8.674% neg 0  invalid 762 tFOTS 3.2440 tGradient 2.4450 tsec 5.9350
#FOTS# QuadFit found better minimum quadopt=(dt=193.259,rms=0.692103) vs oldopt=(dt=92.48,rms=0.697987)
#GCMRL#    1 dt 193.259016 rms  0.692  2.958% neg 0  invalid 762 tFOTS 3.4910 tGradient 2.5630 tsec 6.3030
#FOTS# QuadFit found better minimum quadopt=(dt=143.878,rms=0.681523) vs oldopt=(dt=92.48,rms=0.683091)
#GCMRL#    2 dt 143.877863 rms  0.682  1.529% neg 0  invalid 762 tFOTS 3.4540 tGradient 2.4850 tsec 6.1900
#FOTS# QuadFit found better minimum quadopt=(dt=194.977,rms=0.67464) vs oldopt=(dt=92.48,rms=0.676918)
#GCMRL#    3 dt 194.976744 rms  0.675  1.010% neg 0  invalid 762 tFOTS 3.4430 tGradient 2.4860 tsec 6.1820
#FOTS# QuadFit found better minimum quadopt=(dt=150.232,rms=0.670045) vs oldopt=(dt=92.48,rms=0.670973)
#GCMRL#    4 dt 150.231579 rms  0.670  0.681% neg 0  invalid 762 tFOTS 3.5290 tGradient 2.6670 tsec 6.4460
#FOTS# QuadFit found better minimum quadopt=(dt=221.952,rms=0.666443) vs oldopt=(dt=369.92,rms=0.667627)
#GCMRL#    5 dt 221.952000 rms  0.666  0.538% neg 0  invalid 762 tFOTS 3.4690 tGradient 2.7980 tsec 6.5180
#FOTS# QuadFit found better minimum quadopt=(dt=129.73,rms=0.663705) vs oldopt=(dt=92.48,rms=0.664093)
#GCMRL#    6 dt 129.729730 rms  0.664  0.411% neg 0  invalid 762 tFOTS 3.5500 tGradient 2.4490 tsec 6.2490
#FOTS# QuadFit found better minimum quadopt=(dt=295.936,rms=0.661126) vs oldopt=(dt=369.92,rms=0.661135)
#GCMRL#    7 dt 295.936000 rms  0.661  0.389% neg 0  invalid 762 tFOTS 3.3330 tGradient 2.3870 tsec 5.9710
#FOTS# QuadFit found better minimum quadopt=(dt=129.472,rms=0.659152) vs oldopt=(dt=92.48,rms=0.659363)
#GCMRL#    8 dt 129.472000 rms  0.659  0.299% neg 0  invalid 762 tFOTS 3.6750 tGradient 2.4030 tsec 6.3330
#FOTS# QuadFit found better minimum quadopt=(dt=295.936,rms=0.657773) vs oldopt=(dt=369.92,rms=0.657996)
#GCMRL#    9 dt 295.936000 rms  0.658  0.000% neg 0  invalid 762 tFOTS 3.4710 tGradient 2.3920 tsec 6.1370

#GCAMreg# pass 0 level1 5 level2 1 tsec 74.262 sigma 0.5
l_jacobian=1.00 l_label=1.00 l_log_likelihood=0.20 l_smoothness=0.16 
tol=2.50e-01, dt=5.00e-02, exp_k=20.0, momentum=0.90, levels=6, niter=500, lbl_dist=10.00, avgs=256, sigma=0.5,type=2, relabel=0, neg=no

blurring input image with Gaussian with sigma=0.500...
GCAMRegisterLevel(): init RMS 0.658172
#FOTS# QuadFit found better minimum quadopt=(dt=110.976,rms=0.656481) vs oldopt=(dt=92.48,rms=0.656543)
#GCMRL#   11 dt 110.976000 rms  0.656  0.257% neg 0  invalid 762 tFOTS 3.4530 tGradient 2.5700 tsec 6.2740
#FOTS# QuadFit found better minimum quadopt=(dt=517.888,rms=0.655296) vs oldopt=(dt=369.92,rms=0.655429)
#GCMRL#   12 dt 517.888000 rms  0.655  0.000% neg 0  invalid 762 tFOTS 3.4020 tGradient 2.4230 tsec 6.0970
setting smoothness cost coefficient to 0.615

#GCAMreg# pass 0 level1 4 level2 0 tsec 0 sigma 2
l_jacobian=1.00 l_label=1.00 l_log_likelihood=0.20 l_smoothness=0.62 
tol=2.50e-01, dt=5.00e-02, exp_k=20.0, momentum=0.90, levels=6, niter=500, lbl_dist=10.00, avgs=64, sigma=2.0,type=2, relabel=0, neg=no

blurring input image with Gaussian with sigma=2.000...
GCAMRegisterLevel(): init RMS 0.66141
#FOTS# QuadFit found better minimum quadopt=(dt=140.954,rms=0.645486) vs oldopt=(dt=103.68,rms=0.646503)
#GCMRL#   14 dt 140.954217 rms  0.645  2.408% neg 0  invalid 762 tFOTS 3.4870 tGradient 2.2300 tsec 5.9710
#FOTS# QuadFit found better minimum quadopt=(dt=82.963,rms=0.637304) vs oldopt=(dt=103.68,rms=0.637771)
#GCMRL#   15 dt  82.962963 rms  0.637  1.268% neg 0  invalid 762 tFOTS 3.4360 tGradient 2.0060 tsec 5.6920
#FOTS# QuadFit found better minimum quadopt=(dt=79.0588,rms=0.633212) vs oldopt=(dt=103.68,rms=0.633534)
#GCMRL#   16 dt  79.058824 rms  0.633  0.642% neg 0  invalid 762 tFOTS 3.3480 tGradient 2.1580 tsec 5.8130
#FOTS# QuadFit found better minimum quadopt=(dt=90.4533,rms=0.630514) vs oldopt=(dt=103.68,rms=0.630571)
#GCMRL#   17 dt  90.453333 rms  0.631  0.426% neg 0  invalid 762 tFOTS 3.4050 tGradient 2.1290 tsec 5.7850
#FOTS# QuadFit found better minimum quadopt=(dt=77.896,rms=0.628086) vs oldopt=(dt=103.68,rms=0.628315)
#GCMRL#   18 dt  77.896024 rms  0.628  0.385% neg 0  invalid 762 tFOTS 3.4490 tGradient 2.2810 tsec 5.9820
#FOTS# QuadFit found better minimum quadopt=(dt=85.9897,rms=0.626456) vs oldopt=(dt=103.68,rms=0.626536)
#GCMRL#   19 dt  85.989744 rms  0.626  0.260% neg 0  invalid 762 tFOTS 3.4440 tGradient 2.0880 tsec 5.7800
#FOTS# QuadFit found better minimum quadopt=(dt=82.7861,rms=0.624863) vs oldopt=(dt=103.68,rms=0.624948)
#GCMRL#   20 dt  82.786070 rms  0.625  0.254% neg 0  invalid 762 tFOTS 3.4890 tGradient 2.3140 tsec 6.0510
#FOTS# QuadFit found better minimum quadopt=(dt=75.3865,rms=0.623747) vs oldopt=(dt=103.68,rms=0.623876)
#GCMRL#   21 dt  75.386503 rms  0.624  0.000% neg 0  invalid 762 tFOTS 3.6440 tGradient 2.2870 tsec 6.2080
#GCMRL#   22 dt  75.386503 rms  0.623  0.177% neg 0  invalid 762 tFOTS 0.0000 tGradient 2.2660 tsec 2.5110
#GCMRL#   23 dt  75.386503 rms  0.621  0.258% neg 0  invalid 762 tFOTS 0.0000 tGradient 2.1960 tsec 2.4400
#GCMRL#   24 dt  75.386503 rms  0.619  0.351% neg 0  invalid 762 tFOTS 0.0000 tGradient 2.2650 tsec 2.5110
#GCMRL#   25 dt  75.386503 rms  0.617  0.341% neg 0  invalid 762 tFOTS 0.0000 tGradient 2.2810 tsec 2.5250
#GCMRL#   26 dt  75.386503 rms  0.614  0.387% neg 0  invalid 762 tFOTS 0.0000 tGradient 2.0120 tsec 2.2580
#GCMRL#   27 dt  75.386503 rms  0.612  0.304% neg 0  invalid 762 tFOTS 0.0000 tGradient 1.9530 tsec 2.1980
#GCMRL#   28 dt  75.386503 rms  0.611  0.288% neg 0  invalid 762 tFOTS 0.0000 tGradient 2.1570 tsec 2.4020
#GCMRL#   29 dt  75.386503 rms  0.610  0.193% neg 0  invalid 762 tFOTS 0.0000 tGradient 2.1070 tsec 2.3520
#GCMRL#   30 dt  75.386503 rms  0.608  0.206% neg 0  invalid 762 tFOTS 0.0000 tGradient 2.2210 tsec 2.4640
#GCMRL#   31 dt  75.386503 rms  0.608  0.120% neg 0  invalid 762 tFOTS 0.0000 tGradient 2.2340 tsec 2.4790
#GCMRL#   32 dt  75.386503 rms  0.607  0.114% neg 0  invalid 762 tFOTS 0.0000 tGradient 2.1910 tsec 2.4580
#FOTS# QuadFit found better minimum quadopt=(dt=36.288,rms=0.606858) vs oldopt=(dt=25.92,rms=0.606861)
#GCMRL#   33 dt  36.288000 rms  0.607  0.000% neg 0  invalid 762 tFOTS 3.8550 tGradient 2.2500 tsec 6.3770
#GCMRL#   34 dt  36.288000 rms  0.607  0.000% neg 0  invalid 762 tFOTS 0.0000 tGradient 2.2310 tsec 2.4990

#GCAMreg# pass 0 level1 4 level2 1 tsec 94.68 sigma 0.5
l_jacobian=1.00 l_label=1.00 l_log_likelihood=0.20 l_smoothness=0.62 
tol=2.50e-01, dt=5.00e-02, exp_k=20.0, momentum=0.90, levels=6, niter=500, lbl_dist=10.00, avgs=64, sigma=0.5,type=2, relabel=0, neg=no

blurring input image with Gaussian with sigma=0.500...
GCAMRegisterLevel(): init RMS 0.607457
#GCMRL#   36 dt   0.000000 rms  0.607  0.099% neg 0  invalid 762 tFOTS 3.4520 tGradient 2.2160 tsec 5.9200
setting smoothness cost coefficient to 2.353

#GCAMreg# pass 0 level1 3 level2 0 tsec 0 sigma 2
l_jacobian=1.00 l_label=1.00 l_log_likelihood=0.20 l_smoothness=2.35 
tol=2.50e-01, dt=5.00e-02, exp_k=20.0, momentum=0.90, levels=6, niter=500, lbl_dist=10.00, avgs=16, sigma=2.0,type=2, relabel=0, neg=no

blurring input image with Gaussian with sigma=2.000...
GCAMRegisterLevel(): init RMS 0.63999
#FOTS# QuadFit found better minimum quadopt=(dt=0.7,rms=0.63932) vs oldopt=(dt=0.5,rms=0.63934)
#GCMRL#   38 dt   0.700000 rms  0.639  0.105% neg 0  invalid 762 tFOTS 3.2500 tGradient 1.8240 tsec 5.3240
#FOTS# QuadFit found better minimum quadopt=(dt=0.6,rms=0.639306) vs oldopt=(dt=0.5,rms=0.639307)
#GCMRL#   39 dt   0.600000 rms  0.639  0.000% neg 0  invalid 762 tFOTS 3.3070 tGradient 1.8230 tsec 5.4220

#GCAMreg# pass 0 level1 3 level2 1 tsec 22.189 sigma 0.5
l_jacobian=1.00 l_label=1.00 l_log_likelihood=0.20 l_smoothness=2.35 
tol=2.50e-01, dt=5.00e-02, exp_k=20.0, momentum=0.90, levels=6, niter=500, lbl_dist=10.00, avgs=16, sigma=0.5,type=2, relabel=0, neg=no

blurring input image with Gaussian with sigma=0.500...
GCAMRegisterLevel(): init RMS 0.639861
#FOTS# QuadFit found better minimum quadopt=(dt=0.175,rms=0.639305) vs oldopt=(dt=0.125,rms=0.639306)
#GCMRL#   41 dt   0.175000 rms  0.639  0.087% neg 0  invalid 762 tFOTS 3.3290 tGradient 1.7400 tsec 5.3070
#FOTS# QuadFit found better minimum quadopt=(dt=0.15,rms=0.639318) vs oldopt=(dt=0.125,rms=0.639318)
setting smoothness cost coefficient to 8.000

#GCAMreg# pass 0 level1 2 level2 0 tsec 0 sigma 2
l_jacobian=1.00 l_label=1.00 l_log_likelihood=0.20 l_smoothness=8.00 
tol=2.50e-01, dt=5.00e-02, exp_k=20.0, momentum=0.90, levels=6, niter=500, lbl_dist=10.00, avgs=4, sigma=2.0,type=2, relabel=0, neg=no

blurring input image with Gaussian with sigma=2.000...
GCAMRegisterLevel(): init RMS 0.728909
#FOTS# QuadFit found better minimum quadopt=(dt=2.55843,rms=0.699925) vs oldopt=(dt=2.88,rms=0.700394)
#GCMRL#   43 dt   2.558430 rms  0.700  3.976% neg 0  invalid 762 tFOTS 3.1240 tGradient 1.4500 tsec 4.8150
#FOTS# QuadFit found better minimum quadopt=(dt=1.9965,rms=0.695532) vs oldopt=(dt=2.88,rms=0.696393)
#GCMRL#   44 dt   1.996497 rms  0.696  0.628% neg 0  invalid 762 tFOTS 3.1130 tGradient 1.5960 tsec 4.9600
#FOTS# QuadFit found better minimum quadopt=(dt=1.21875,rms=0.694792) vs oldopt=(dt=0.72,rms=0.694943)
#GCMRL#   45 dt   1.218750 rms  0.695  0.000% neg 0  invalid 762 tFOTS 3.0910 tGradient 1.4410 tsec 4.7940

#GCAMreg# pass 0 level1 2 level2 1 tsec 25.639 sigma 0.5
l_jacobian=1.00 l_label=1.00 l_log_likelihood=0.20 l_smoothness=8.00 
tol=2.50e-01, dt=5.00e-02, exp_k=20.0, momentum=0.90, levels=6, niter=500, lbl_dist=10.00, avgs=4, sigma=0.5,type=2, relabel=0, neg=no

blurring input image with Gaussian with sigma=0.500...
GCAMRegisterLevel(): init RMS 0.6952
#FOTS# QuadFit found better minimum quadopt=(dt=0.063,rms=0.694796) vs oldopt=(dt=0.045,rms=0.694797)
#GCMRL#   47 dt   0.063000 rms  0.695  0.058% neg 0  invalid 762 tFOTS 2.8620 tGradient 1.5000 tsec 4.6070
#FOTS# QuadFit found better minimum quadopt=(dt=0.063,rms=0.694794) vs oldopt=(dt=0.045,rms=0.694794)
#GCMRL#   48 dt   0.063000 rms  0.695  0.000% neg 0  invalid 762 tFOTS 3.1310 tGradient 1.5070 tsec 4.9040
#GCMRL#   49 dt   0.063000 rms  0.695  0.001% neg 0  invalid 762 tFOTS 0.0000 tGradient 1.4080 tsec 1.6510
setting smoothness cost coefficient to 20.000

#GCAMreg# pass 0 level1 1 level2 0 tsec 0 sigma 2
l_jacobian=1.00 l_label=1.00 l_log_likelihood=0.20 l_smoothness=20.00 
tol=2.50e-01, dt=5.00e-02, exp_k=20.0, momentum=0.90, levels=6, niter=500, lbl_dist=10.00, avgs=1, sigma=2.0,type=2, relabel=0, neg=no

blurring input image with Gaussian with sigma=2.000...
GCAMRegisterLevel(): init RMS 0.755728
#FOTS# QuadFit found better minimum quadopt=(dt=0.448,rms=0.753427) vs oldopt=(dt=0.32,rms=0.753589)
#GCMRL#   51 dt   0.448000 rms  0.753  0.305% neg 0  invalid 762 tFOTS 3.2230 tGradient 1.2170 tsec 4.7080
#FOTS# QuadFit found better minimum quadopt=(dt=0.873928,rms=0.746227) vs oldopt=(dt=1.28,rms=0.74748)
#GCMRL#   52 dt   0.873928 rms  0.746  0.956% neg 0  invalid 762 tFOTS 3.2810 tGradient 1.3460 tsec 4.8770
#FOTS# QuadFit found better minimum quadopt=(dt=0.192,rms=0.744556) vs oldopt=(dt=0.32,rms=0.745147)
#GCMRL#   53 dt   0.192000 rms  0.745  0.000% neg 0  invalid 762 tFOTS 3.2960 tGradient 1.1680 tsec 4.7340
#GCMRL#   54 dt   0.192000 rms  0.744  0.064% neg 0  invalid 762 tFOTS 0.0000 tGradient 1.2680 tsec 1.5160
#GCMRL#   55 dt   0.192000 rms  0.744  0.063% neg 0  invalid 762 tFOTS 0.0000 tGradient 1.3810 tsec 1.6250
#GCMRL#   56 dt   0.192000 rms  0.742  0.236% neg 0  invalid 762 tFOTS 0.0000 tGradient 1.1840 tsec 1.4290
#GCMRL#   57 dt   0.192000 rms  0.739  0.379% neg 0  invalid 762 tFOTS 0.0000 tGradient 1.1730 tsec 1.4200
#GCMRL#   58 dt   0.192000 rms  0.737  0.287% neg 0  invalid 762 tFOTS 0.0000 tGradient 1.1720 tsec 1.4180
#GCMRL#   59 dt   0.192000 rms  0.736  0.121% neg 0  invalid 762 tFOTS 0.0000 tGradient 1.2100 tsec 1.4550
#GCMRL#   60 dt   0.192000 rms  0.736 -0.030% neg 0  invalid 762 tFOTS 0.0000 tGradient 1.2700 tsec 1.6950
#FOTS# QuadFit found better minimum quadopt=(dt=0.028,rms=0.736022) vs oldopt=(dt=0.02,rms=0.736025)
#GCMRL#   61 dt   0.028000 rms  0.736  0.001% neg 0  invalid 762 tFOTS 3.1760 tGradient 1.2550 tsec 4.6820
#FOTS# QuadFit found better minimum quadopt=(dt=0.064,rms=0.736007) vs oldopt=(dt=0.08,rms=0.736009)
#GCMRL#   62 dt   0.064000 rms  0.736  0.002% neg 0  invalid 762 tFOTS 3.1560 tGradient 1.2640 tsec 4.6680
#FOTS# QuadFit found better minimum quadopt=(dt=0.112,rms=0.735959) vs oldopt=(dt=0.08,rms=0.735968)
#GCMRL#   63 dt   0.112000 rms  0.736  0.007% neg 0  invalid 762 tFOTS 3.3150 tGradient 1.2200 tsec 4.7830
#FOTS# QuadFit found better minimum quadopt=(dt=1.024,rms=0.735334) vs oldopt=(dt=1.28,rms=0.735372)
#GCMRL#   64 dt   1.024000 rms  0.735  0.085% neg 0  invalid 762 tFOTS 3.1460 tGradient 1.2220 tsec 4.6190
#FOTS# QuadFit found better minimum quadopt=(dt=0.448,rms=0.733325) vs oldopt=(dt=0.32,rms=0.733681)
#GCMRL#   65 dt   0.448000 rms  0.733  0.273% neg 0  invalid 762 tFOTS 3.1820 tGradient 1.1640 tsec 4.5970
#GCMRL#   66 dt   0.100000 rms  0.733  0.000% neg 0  invalid 762 tFOTS 3.0230 tGradient 1.1750 tsec 4.4690

#GCAMreg# pass 0 level1 1 level2 1 tsec 63.45 sigma 0.5
l_jacobian=1.00 l_label=1.00 l_log_likelihood=0.20 l_smoothness=20.00 
tol=2.50e-01, dt=5.00e-02, exp_k=20.0, momentum=0.90, levels=6, niter=500, lbl_dist=10.00, avgs=1, sigma=0.5,type=2, relabel=0, neg=no

blurring input image with Gaussian with sigma=0.500...
GCAMRegisterLevel(): init RMS 0.733692
#FOTS# QuadFit found better minimum quadopt=(dt=0.028,rms=0.733309) vs oldopt=(dt=0.02,rms=0.733311)
#GCMRL#   68 dt   0.028000 rms  0.733  0.052% neg 0  invalid 762 tFOTS 3.0900 tGradient 1.1880 tsec 4.5270
#GCMRL#   69 dt   0.020000 rms  0.733  0.000% neg 0  invalid 762 tFOTS 3.1500 tGradient 1.1680 tsec 4.5850
resetting metric properties...
setting smoothness cost coefficient to 40.000

#GCAMreg# pass 0 level1 0 level2 0 tsec 0 sigma 2
l_jacobian=1.00 l_label=1.00 l_log_likelihood=0.20 l_smoothness=40.00 
tol=2.50e-01, dt=5.00e-02, exp_k=20.0, momentum=0.90, levels=6, niter=500, lbl_dist=10.00, avgs=0, sigma=2.0,type=2, relabel=0, neg=no

blurring input image with Gaussian with sigma=2.000...
GCAMRegisterLevel(): init RMS 0.696472
#FOTS# QuadFit found better minimum quadopt=(dt=0.219214,rms=0.691809) vs oldopt=(dt=0.32,rms=0.692465)
#GCMRL#   71 dt   0.219214 rms  0.692  0.669% neg 0  invalid 762 tFOTS 3.1050 tGradient 0.7830 tsec 4.1360
#FOTS# QuadFit found better minimum quadopt=(dt=0.024,rms=0.69152) vs oldopt=(dt=0.02,rms=0.691527)
#GCMRL#   72 dt   0.024000 rms  0.692  0.000% neg 0  invalid 762 tFOTS 3.0940 tGradient 0.7990 tsec 4.1600

#GCAMreg# pass 0 level1 0 level2 1 tsec 18.635 sigma 0.5
l_jacobian=1.00 l_label=1.00 l_log_likelihood=0.20 l_smoothness=40.00 
tol=2.50e-01, dt=5.00e-02, exp_k=20.0, momentum=0.90, levels=6, niter=500, lbl_dist=10.00, avgs=0, sigma=0.5,type=2, relabel=0, neg=no

blurring input image with Gaussian with sigma=0.500...
GCAMRegisterLevel(): init RMS 0.691912
#FOTS# QuadFit found better minimum quadopt=(dt=0.007,rms=0.691496) vs oldopt=(dt=0.005,rms=0.6915)
#GCMRL#   74 dt   0.007000 rms  0.691  0.060% neg 0  invalid 762 tFOTS 3.1050 tGradient 0.7610 tsec 4.1130
#FOTS# QuadFit found better minimum quadopt=(dt=0.00175,rms=0.691495) vs oldopt=(dt=0.00125,rms=0.691495)
#GCMRL#   75 dt   0.001750 rms  0.691  0.000% neg 0  invalid 762 tFOTS 3.1030 tGradient 0.7640 tsec 4.1320
GCAMregister done in 6.27687 min
Starting GCAmapRenormalizeWithAlignment() without scales
renormalizing by structure alignment....
renormalizing input #0
gca peak = 0.10253 (16)
mri peak = 0.06918 ( 8)
Left_Lateral_Ventricle (4): linear fit = 0.38 x + 0.0 (573 voxels, overlap=0.490)
Left_Lateral_Ventricle (4): linear fit = 0.40 x + 0.0 (573 voxels, peak =  6), gca=6.4
gca peak = 0.17690 (16)
mri peak = 0.11684 ( 7)
Right_Lateral_Ventricle (43): linear fit = 0.37 x + 0.0 (501 voxels, overlap=0.284)
Right_Lateral_Ventricle (43): linear fit = 0.40 x + 0.0 (501 voxels, peak =  6), gca=6.4
gca peak = 0.28275 (96)
mri peak = 0.15776 (88)
Right_Pallidum (52): linear fit = 0.90 x + 0.0 (764 voxels, overlap=0.044)
Right_Pallidum (52): linear fit = 0.90 x + 0.0 (764 voxels, peak = 87), gca=86.9
gca peak = 0.18948 (93)
mri peak = 0.11981 (92)
Left_Pallidum (13): linear fit = 0.94 x + 0.0 (628 voxels, overlap=0.580)
Left_Pallidum (13): linear fit = 0.94 x + 0.0 (628 voxels, peak = 88), gca=87.9
gca peak = 0.20755 (55)
mri peak = 0.13414 (52)
Right_Hippocampus (53): linear fit = 0.94 x + 0.0 (762 voxels, overlap=0.971)
Right_Hippocampus (53): linear fit = 0.94 x + 0.0 (762 voxels, peak = 51), gca=51.4
gca peak = 0.31831 (58)
mri peak = 0.14305 (58)
Left_Hippocampus (17): linear fit = 0.99 x + 0.0 (750 voxels, overlap=0.993)
Left_Hippocampus (17): linear fit = 0.99 x + 0.0 (750 voxels, peak = 57), gca=57.1
gca peak = 0.11957 (102)
mri peak = 0.07563 (99)
Right_Cerebral_White_Matter (41): linear fit = 1.00 x + 0.0 (45605 voxels, overlap=0.963)
Right_Cerebral_White_Matter (41): linear fit = 1.00 x + 0.0 (45605 voxels, peak = 103), gca=102.5
gca peak = 0.11429 (102)
mri peak = 0.07450 (100)
Left_Cerebral_White_Matter (2): linear fit = 1.00 x + 0.0 (46700 voxels, overlap=0.946)
Left_Cerebral_White_Matter (2): linear fit = 1.00 x + 0.0 (46700 voxels, peak = 103), gca=102.5
gca peak = 0.14521 (59)
mri peak = 0.04214 (54)
Left_Cerebral_Cortex (3): linear fit = 0.89 x + 0.0 (20982 voxels, overlap=0.791)
Left_Cerebral_Cortex (3): linear fit = 0.89 x + 0.0 (20982 voxels, peak = 53), gca=52.8
gca peak = 0.14336 (58)
mri peak = 0.04327 (54)
Right_Cerebral_Cortex (42): linear fit = 0.89 x + 0.0 (20111 voxels, overlap=0.564)
Right_Cerebral_Cortex (42): linear fit = 0.89 x + 0.0 (20111 voxels, peak = 52), gca=51.9
gca peak = 0.13305 (70)
mri peak = 0.14659 (56)
Right_Caudate (50): linear fit = 0.85 x + 0.0 (710 voxels, overlap=0.035)
Right_Caudate (50): linear fit = 0.85 x + 0.0 (710 voxels, peak = 59), gca=59.2
gca peak = 0.15761 (71)
mri peak = 0.07928 (62)
Left_Caudate (11): linear fit = 0.83 x + 0.0 (718 voxels, overlap=0.199)
Left_Caudate (11): linear fit = 0.83 x + 0.0 (718 voxels, peak = 59), gca=59.3
gca peak = 0.13537 (57)
mri peak = 0.06487 (58)
Left_Cerebellum_Cortex (8): linear fit = 1.04 x + 0.0 (28472 voxels, overlap=0.941)
Left_Cerebellum_Cortex (8): linear fit = 1.04 x + 0.0 (28472 voxels, peak = 60), gca=59.6
gca peak = 0.13487 (56)
mri peak = 0.08212 (58)
Right_Cerebellum_Cortex (47): linear fit = 1.04 x + 0.0 (30715 voxels, overlap=0.930)
Right_Cerebellum_Cortex (47): linear fit = 1.04 x + 0.0 (30715 voxels, peak = 59), gca=58.5
gca peak = 0.19040 (84)
mri peak = 0.09088 (88)
Left_Cerebellum_White_Matter (7): linear fit = 1.04 x + 0.0 (8138 voxels, overlap=0.569)
Left_Cerebellum_White_Matter (7): linear fit = 1.04 x + 0.0 (8138 voxels, peak = 88), gca=87.8
gca peak = 0.18871 (83)
mri peak = 0.11789 (85)
Right_Cerebellum_White_Matter (46): linear fit = 1.03 x + 0.0 (6854 voxels, overlap=0.832)
Right_Cerebellum_White_Matter (46): linear fit = 1.03 x + 0.0 (6854 voxels, peak = 86), gca=85.9
gca peak = 0.24248 (57)
mri peak = 0.15771 (58)
Left_Amygdala (18): linear fit = 1.00 x + 0.0 (296 voxels, overlap=0.982)
Left_Amygdala (18): linear fit = 1.00 x + 0.0 (296 voxels, peak = 57), gca=57.0
gca peak = 0.35833 (56)
mri peak = 0.23077 (54)
Right_Amygdala (54): linear fit = 0.94 x + 0.0 (385 voxels, overlap=0.675)
Right_Amygdala (54): linear fit = 0.94 x + 0.0 (385 voxels, peak = 53), gca=52.9
gca peak = 0.12897 (85)
mri peak = 0.07766 (79)
Left_Thalamus (10): linear fit = 0.96 x + 0.0 (4311 voxels, overlap=0.901)
Left_Thalamus (10): linear fit = 0.96 x + 0.0 (4311 voxels, peak = 82), gca=82.0
gca peak = 0.13127 (83)
mri peak = 0.10376 (82)
Right_Thalamus (49): linear fit = 0.96 x + 0.0 (3777 voxels, overlap=0.905)
Right_Thalamus (49): linear fit = 0.96 x + 0.0 (3777 voxels, peak = 80), gca=80.1
gca peak = 0.12974 (78)
mri peak = 0.11440 (74)
Left_Putamen (12): linear fit = 0.93 x + 0.0 (1811 voxels, overlap=0.391)
Left_Putamen (12): linear fit = 0.93 x + 0.0 (1811 voxels, peak = 72), gca=72.2
gca peak = 0.17796 (79)
mri peak = 0.09853 (72)
Right_Putamen (51): linear fit = 0.89 x + 0.0 (1884 voxels, overlap=0.222)
Right_Putamen (51): linear fit = 0.89 x + 0.0 (1884 voxels, peak = 71), gca=70.7
gca peak = 0.10999 (80)
mri peak = 0.08903 (89)
Brain_Stem (16): linear fit = 1.13 x + 0.0 (9997 voxels, overlap=0.416)
Brain_Stem (16): linear fit = 1.13 x + 0.0 (9997 voxels, peak = 91), gca=90.8
gca peak = 0.13215 (88)
mri peak = 0.07455 (95)
Right_VentralDC (60): linear fit = 1.12 x + 0.0 (1309 voxels, overlap=0.634)
Right_VentralDC (60): linear fit = 1.12 x + 0.0 (1309 voxels, peak = 98), gca=98.1
gca peak = 0.11941 (89)
mri peak = 0.09425 (95)
Left_VentralDC (28): linear fit = 1.09 x + 0.0 (1332 voxels, overlap=0.625)
Left_VentralDC (28): linear fit = 1.09 x + 0.0 (1332 voxels, peak = 97), gca=96.6
gca peak = 0.20775 (25)
uniform distribution in MR - rejecting arbitrary fit
gca peak = 0.13297 (21)
mri peak = 0.08656 (54)
Fourth_Ventricle (15): linear fit = 2.52 x + 0.0 (337 voxels, overlap=0.127)
Fourth_Ventricle (15): linear fit = 2.52 x + 0.0 (337 voxels, peak = 53), gca=52.8
gca peak Unknown = 0.94777 ( 0)
gca peak Left_Inf_Lat_Vent = 0.19087 (28)
gca peak Third_Ventricle = 0.20775 (25)
gca peak Fourth_Ventricle = 0.13297 (21)
gca peak CSF = 0.16821 (33)
gca peak Left_Accumbens_area = 0.32850 (63)
gca peak Left_undetermined = 0.98480 (28)
gca peak Left_vessel = 0.40887 (53)
gca peak Left_choroid_plexus = 0.10898 (46)
gca peak Right_Inf_Lat_Vent = 0.17798 (26)
gca peak Right_Accumbens_area = 0.30137 (64)
gca peak Right_vessel = 0.47828 (52)
gca peak Right_choroid_plexus = 0.11612 (45)
gca peak Fifth_Ventricle = 0.59466 (35)
gca peak WM_hypointensities = 0.10053 (78)
gca peak non_WM_hypointensities = 0.07253 (60)
gca peak Optic_Chiasm = 0.25330 (73)
not using caudate to estimate GM means
estimating mean gm scale to be 0.94 x + 0.0
estimating mean wm scale to be 1.00 x + 0.0
estimating mean csf scale to be 0.40 x + 0.0
saving intensity scales to talairach.label_intensities.txt
GCAmapRenormalizeWithAlignment() took 3.45115 min
noneg pre
Starting GCAMregister()
label assignment complete, 0 changed (0.00%)
npasses = 1, nlevels = 6
#pass# 1 of 1 ************************
enabling zero nodes
setting smoothness cost coefficient to 0.008

#GCAMreg# pass 0 level1 5 level2 0 tsec 0 sigma 2
l_jacobian=1.00 l_label=1.00 l_log_likelihood=0.20 l_smoothness=0.01 
tol=5.00e-02, dt=5.00e-02, exp_k=20.0, momentum=0.90, levels=6, niter=500, lbl_dist=10.00, avgs=256, sigma=2.0,type=2, relabel=0, neg=no

blurring input image with Gaussian with sigma=2.000...
GCAMRegisterLevel(): init RMS 0.707857
#FOTS# QuadFit found better minimum quadopt=(dt=302.011,rms=0.682098) vs oldopt=(dt=369.92,rms=0.683287)
#GCMRL#   77 dt 302.010811 rms  0.682  3.639% neg 0  invalid 762 tFOTS 3.3800 tGradient 2.0340 tsec 5.6650
#FOTS# QuadFit found better minimum quadopt=(dt=181.333,rms=0.674665) vs oldopt=(dt=92.48,rms=0.676843)
#GCMRL#   78 dt 181.333333 rms  0.675  1.090% neg 0  invalid 762 tFOTS 3.4440 tGradient 2.1160 tsec 5.8100
#FOTS# QuadFit found better minimum quadopt=(dt=150.795,rms=0.670838) vs oldopt=(dt=92.48,rms=0.671654)
#GCMRL#   79 dt 150.794521 rms  0.671  0.567% neg 0  invalid 762 tFOTS 3.4060 tGradient 2.0300 tsec 5.6850
#FOTS# QuadFit found better minimum quadopt=(dt=221.952,rms=0.667614) vs oldopt=(dt=369.92,rms=0.668167)
#GCMRL#   80 dt 221.952000 rms  0.668  0.481% neg 0  invalid 762 tFOTS 3.5170 tGradient 2.0230 tsec 5.8390
#FOTS# QuadFit found better minimum quadopt=(dt=129.472,rms=0.665523) vs oldopt=(dt=92.48,rms=0.665777)
#GCMRL#   81 dt 129.472000 rms  0.666  0.313% neg 0  invalid 762 tFOTS 3.3660 tGradient 2.5170 tsec 6.1340
#FOTS# QuadFit found better minimum quadopt=(dt=295.936,rms=0.663413) vs oldopt=(dt=369.92,rms=0.663502)
#GCMRL#   82 dt 295.936000 rms  0.663  0.317% neg 0  invalid 762 tFOTS 3.3480 tGradient 2.0320 tsec 5.6330
#FOTS# QuadFit found better minimum quadopt=(dt=129.472,rms=0.661808) vs oldopt=(dt=92.48,rms=0.661887)
#GCMRL#   83 dt 129.472000 rms  0.662  0.242% neg 0  invalid 762 tFOTS 3.5540 tGradient 2.0220 tsec 5.8230
#FOTS# QuadFit found better minimum quadopt=(dt=129.472,rms=0.660861) vs oldopt=(dt=92.48,rms=0.661043)
#GCMRL#   84 dt 129.472000 rms  0.661  0.143% neg 0  invalid 762 tFOTS 3.3670 tGradient 2.1460 tsec 5.8190
#FOTS# QuadFit found better minimum quadopt=(dt=517.888,rms=0.658928) vs oldopt=(dt=369.92,rms=0.659114)
#GCMRL#   85 dt 517.888000 rms  0.659  0.292% neg 0  invalid 762 tFOTS 3.4650 tGradient 2.3120 tsec 6.0260
#GCMRL#   86 dt  92.480000 rms  0.658  0.201% neg 0  invalid 762 tFOTS 3.7770 tGradient 1.9400 tsec 5.9680
#GCMRL#   87 dt 1479.680000 rms  0.654  0.551% neg 0  invalid 762 tFOTS 3.6810 tGradient 2.1790 tsec 6.1110
#FOTS# QuadFit found better minimum quadopt=(dt=73.984,rms=0.652092) vs oldopt=(dt=92.48,rms=0.652182)
#GCMRL#   88 dt  73.984000 rms  0.652  0.289% neg 0  invalid 762 tFOTS 3.6680 tGradient 2.0110 tsec 5.9310
#FOTS# QuadFit found better minimum quadopt=(dt=129.472,rms=0.65189) vs oldopt=(dt=92.48,rms=0.651935)
#GCMRL#   89 dt 129.472000 rms  0.652  0.000% neg 0  invalid 762 tFOTS 3.7050 tGradient 2.1320 tsec 6.1090
#GCMRL#   90 dt 129.472000 rms  0.652  0.060% neg 0  invalid 762 tFOTS 0.0000 tGradient 2.2280 tsec 2.4710
#GCMRL#   91 dt 129.472000 rms  0.651  0.093% neg 0  invalid 762 tFOTS 0.0000 tGradient 2.1210 tsec 2.3660
#GCMRL#   92 dt 129.472000 rms  0.650  0.119% neg 0  invalid 762 tFOTS 0.0000 tGradient 2.1280 tsec 2.4410
#GCMRL#   93 dt 129.472000 rms  0.649  0.136% neg 0  invalid 762 tFOTS 0.0000 tGradient 2.0990 tsec 2.3410
#GCMRL#   94 dt 129.472000 rms  0.648  0.169% neg 0  invalid 762 tFOTS 0.0000 tGradient 2.0480 tsec 2.2890
#GCMRL#   95 dt 129.472000 rms  0.647  0.173% neg 0  invalid 762 tFOTS 0.0000 tGradient 2.0790 tsec 2.3190
#GCMRL#   96 dt 129.472000 rms  0.646  0.161% neg 0  invalid 762 tFOTS 0.0000 tGradient 2.0180 tsec 2.2610
#GCMRL#   97 dt 129.472000 rms  0.645  0.157% neg 0  invalid 762 tFOTS 0.0000 tGradient 1.9740 tsec 2.2150
#GCMRL#   98 dt 129.472000 rms  0.644  0.162% neg 0  invalid 762 tFOTS 0.0000 tGradient 1.9940 tsec 2.2340
#GCMRL#   99 dt 129.472000 rms  0.643  0.166% neg 0  invalid 762 tFOTS 0.0000 tGradient 1.9840 tsec 2.2250
#GCMRL#  100 dt 129.472000 rms  0.642  0.152% neg 0  invalid 762 tFOTS 0.0000 tGradient 2.2490 tsec 2.4870
#GCMRL#  101 dt 129.472000 rms  0.641  0.138% neg 0  invalid 762 tFOTS 0.0000 tGradient 2.0910 tsec 2.3260
#GCMRL#  102 dt 129.472000 rms  0.640  0.126% neg 0  invalid 762 tFOTS 0.0000 tGradient 2.2580 tsec 2.4920
#GCMRL#  103 dt 129.472000 rms  0.639  0.132% neg 0  invalid 762 tFOTS 0.0000 tGradient 2.2310 tsec 2.4730
#GCMRL#  104 dt 129.472000 rms  0.638  0.132% neg 0  invalid 762 tFOTS 0.0000 tGradient 2.1370 tsec 2.3700
#GCMRL#  105 dt 129.472000 rms  0.638  0.124% neg 0  invalid 762 tFOTS 0.0000 tGradient 2.1160 tsec 2.3590
#GCMRL#  106 dt 129.472000 rms  0.637  0.115% neg 0  invalid 762 tFOTS 0.0000 tGradient 2.1360 tsec 2.3850
#GCMRL#  107 dt 129.472000 rms  0.636  0.118% neg 0  invalid 762 tFOTS 0.0000 tGradient 2.0420 tsec 2.2880
#GCMRL#  108 dt 129.472000 rms  0.635  0.126% neg 0  invalid 762 tFOTS 0.0000 tGradient 2.0140 tsec 2.2590
#GCMRL#  109 dt 129.472000 rms  0.635  0.121% neg 0  invalid 762 tFOTS 0.0000 tGradient 1.9420 tsec 2.1860
#GCMRL#  110 dt 129.472000 rms  0.634  0.114% neg 0  invalid 762 tFOTS 0.0000 tGradient 2.0520 tsec 2.2980
#GCMRL#  111 dt 129.472000 rms  0.633  0.094% neg 0  invalid 762 tFOTS 0.0000 tGradient 2.0110 tsec 2.2550
#GCMRL#  112 dt 129.472000 rms  0.633  0.089% neg 0  invalid 762 tFOTS 0.0000 tGradient 2.2160 tsec 2.4480
#GCMRL#  113 dt 129.472000 rms  0.632  0.091% neg 0  invalid 762 tFOTS 0.0000 tGradient 2.1980 tsec 2.4290
#GCMRL#  114 dt 129.472000 rms  0.632  0.086% neg 0  invalid 762 tFOTS 0.0000 tGradient 2.2050 tsec 2.4490
#GCMRL#  115 dt 129.472000 rms  0.631  0.083% neg 0  invalid 762 tFOTS 0.0000 tGradient 2.1470 tsec 2.3940
#GCMRL#  116 dt 129.472000 rms  0.631  0.078% neg 0  invalid 762 tFOTS 0.0000 tGradient 2.0530 tsec 2.2980
#GCMRL#  117 dt 129.472000 rms  0.630  0.077% neg 0  invalid 762 tFOTS 0.0000 tGradient 2.1410 tsec 2.3860
#GCMRL#  118 dt 129.472000 rms  0.630  0.070% neg 0  invalid 762 tFOTS 0.0000 tGradient 2.1750 tsec 2.4220
#GCMRL#  119 dt 129.472000 rms  0.629  0.067% neg 0  invalid 762 tFOTS 0.0000 tGradient 2.0600 tsec 2.3050
#GCMRL#  120 dt 129.472000 rms  0.629  0.065% neg 0  invalid 762 tFOTS 0.0000 tGradient 2.0550 tsec 2.2990
#GCMRL#  121 dt 129.472000 rms  0.628  0.068% neg 0  invalid 762 tFOTS 0.0000 tGradient 2.1270 tsec 2.3710
#GCMRL#  122 dt 129.472000 rms  0.628  0.066% neg 0  invalid 762 tFOTS 0.0000 tGradient 2.2030 tsec 2.4390
#GCMRL#  123 dt 129.472000 rms  0.628  0.068% neg 0  invalid 762 tFOTS 0.0000 tGradient 2.1550 tsec 2.3990
#GCMRL#  124 dt 129.472000 rms  0.627  0.060% neg 0  invalid 762 tFOTS 0.0000 tGradient 2.0700 tsec 2.3130
#GCMRL#  125 dt 129.472000 rms  0.627  0.062% neg 0  invalid 762 tFOTS 0.0000 tGradient 1.9980 tsec 2.2430
#GCMRL#  126 dt 129.472000 rms  0.626  0.065% neg 0  invalid 762 tFOTS 0.0000 tGradient 2.1340 tsec 2.3770
#GCMRL#  127 dt 129.472000 rms  0.626  0.063% neg 0  invalid 762 tFOTS 0.0000 tGradient 2.3120 tsec 2.5790
#GCMRL#  128 dt 129.472000 rms  0.626  0.059% neg 0  invalid 762 tFOTS 0.0000 tGradient 1.9530 tsec 2.1950
#GCMRL#  129 dt 129.472000 rms  0.625  0.058% neg 0  invalid 762 tFOTS 0.0000 tGradient 1.9680 tsec 2.2130
#GCMRL#  130 dt 129.472000 rms  0.625  0.057% neg 0  invalid 762 tFOTS 0.0000 tGradient 1.9940 tsec 2.2370
#GCMRL#  131 dt 129.472000 rms  0.625  0.056% neg 0  invalid 762 tFOTS 0.0000 tGradient 2.0290 tsec 2.2740
#GCMRL#  132 dt 129.472000 rms  0.624  0.055% neg 0  invalid 762 tFOTS 0.0000 tGradient 1.9820 tsec 2.2250
#GCMRL#  133 dt 129.472000 rms  0.624  0.052% neg 0  invalid 762 tFOTS 0.0000 tGradient 2.0290 tsec 2.2720
#GCMRL#  134 dt 129.472000 rms  0.624  0.051% neg 0  invalid 762 tFOTS 0.0000 tGradient 2.0300 tsec 2.2740
#GCMRL#  135 dt 129.472000 rms  0.623  0.051% neg 0  invalid 762 tFOTS 0.0000 tGradient 1.9970 tsec 2.2400
#GCMRL#  136 dt 129.472000 rms  0.623  0.044% neg 0  invalid 762 tFOTS 0.0000 tGradient 1.9650 tsec 2.2080
#GCMRL#  137 dt 129.472000 rms  0.623  0.044% neg 0  invalid 762 tFOTS 0.0000 tGradient 2.0030 tsec 2.2470
#GCMRL#  138 dt 129.472000 rms  0.622  0.046% neg 0  invalid 762 tFOTS 0.0000 tGradient 2.0040 tsec 2.2480
#GCMRL#  139 dt 129.472000 rms  0.622  0.046% neg 0  invalid 762 tFOTS 0.0000 tGradient 2.0340 tsec 2.2780
#GCMRL#  140 dt 129.472000 rms  0.622  0.047% neg 0  invalid 762 tFOTS 0.0000 tGradient 1.9790 tsec 2.2220
#GCMRL#  141 dt 129.472000 rms  0.622  0.046% neg 0  invalid 762 tFOTS 0.0000 tGradient 2.0660 tsec 2.3100
#GCMRL#  142 dt 129.472000 rms  0.621  0.039% neg 0  invalid 762 tFOTS 0.0000 tGradient 2.0610 tsec 2.3050
#GCMRL#  143 dt 129.472000 rms  0.621  0.035% neg 0  invalid 762 tFOTS 0.0000 tGradient 2.0010 tsec 2.2450
#GCMRL#  144 dt 129.472000 rms  0.621  0.035% neg 0  invalid 762 tFOTS 0.0000 tGradient 1.9910 tsec 2.2350
#GCMRL#  145 dt 129.472000 rms  0.621  0.037% neg 0  invalid 762 tFOTS 0.0000 tGradient 2.0300 tsec 2.2730
#GCMRL#  146 dt 129.472000 rms  0.620  0.035% neg 0  invalid 762 tFOTS 0.0000 tGradient 2.0010 tsec 2.2460
#GCMRL#  147 dt 129.472000 rms  0.620  0.033% neg 0  invalid 762 tFOTS 0.0000 tGradient 1.9840 tsec 2.2280
#GCMRL#  148 dt 129.472000 rms  0.620  0.032% neg 0  invalid 762 tFOTS 0.0000 tGradient 1.9620 tsec 2.2090
#GCMRL#  149 dt 129.472000 rms  0.620  0.031% neg 0  invalid 762 tFOTS 0.0000 tGradient 2.0880 tsec 2.3340
#GCMRL#  150 dt 129.472000 rms  0.620  0.028% neg 0  invalid 762 tFOTS 0.0000 tGradient 2.0530 tsec 2.2980
#GCMRL#  151 dt 129.472000 rms  0.620  0.027% neg 0  invalid 762 tFOTS 0.0000 tGradient 2.0250 tsec 2.2690
#GCMRL#  152 dt 129.472000 rms  0.619  0.026% neg 0  invalid 762 tFOTS 0.0000 tGradient 2.0300 tsec 2.2750
#GCMRL#  153 dt 129.472000 rms  0.619  0.027% neg 0  invalid 762 tFOTS 0.0000 tGradient 2.0720 tsec 2.3330
#GCMRL#  154 dt 129.472000 rms  0.619  0.028% neg 0  invalid 762 tFOTS 0.0000 tGradient 2.2370 tsec 2.4790
#GCMRL#  155 dt 129.472000 rms  0.619  0.027% neg 0  invalid 762 tFOTS 0.0000 tGradient 2.1690 tsec 2.4090
#GCMRL#  156 dt 129.472000 rms  0.619  0.026% neg 0  invalid 762 tFOTS 0.0000 tGradient 2.1050 tsec 2.3480
#GCMRL#  157 dt 129.472000 rms  0.619  0.030% neg 0  invalid 762 tFOTS 0.0000 tGradient 2.1090 tsec 2.3520
#GCMRL#  158 dt 129.472000 rms  0.618  0.029% neg 0  invalid 762 tFOTS 0.0000 tGradient 2.0840 tsec 2.3290
#GCMRL#  159 dt 129.472000 rms  0.618  0.021% neg 0  invalid 762 tFOTS 0.0000 tGradient 2.1890 tsec 2.4310
#GCMRL#  160 dt 129.472000 rms  0.618  0.020% neg 0  invalid 762 tFOTS 0.0000 tGradient 2.1140 tsec 2.3800
#FOTS# QuadFit found better minimum quadopt=(dt=2071.55,rms=0.617832) vs oldopt=(dt=1479.68,rms=0.617868)
#GCMRL#  161 dt 2071.552000 rms  0.618  0.039% neg 0  invalid 762 tFOTS 3.6390 tGradient 2.1400 tsec 6.0320
#GCMRL#  162 dt   1.445000 rms  0.618  0.000% neg 0  invalid 762 tFOTS 3.6010 tGradient 2.1090 tsec 5.9830

#GCAMreg# pass 0 level1 5 level2 1 tsec 265.283 sigma 0.5
l_jacobian=1.00 l_label=1.00 l_log_likelihood=0.20 l_smoothness=0.01 
tol=5.00e-02, dt=5.00e-02, exp_k=20.0, momentum=0.90, levels=6, niter=500, lbl_dist=10.00, avgs=256, sigma=0.5,type=2, relabel=0, neg=no

blurring input image with Gaussian with sigma=0.500...
GCAMRegisterLevel(): init RMS 0.618508
#FOTS# QuadFit found better minimum quadopt=(dt=129.472,rms=0.617426) vs oldopt=(dt=92.48,rms=0.617495)
#GCMRL#  164 dt 129.472000 rms  0.617  0.175% neg 0  invalid 762 tFOTS 3.4040 tGradient 2.1010 tsec 5.7550
#FOTS# QuadFit found better minimum quadopt=(dt=517.888,rms=0.616864) vs oldopt=(dt=369.92,rms=0.616912)
#GCMRL#  165 dt 517.888000 rms  0.617  0.091% neg 0  invalid 762 tFOTS 3.6300 tGradient 2.1450 tsec 6.0610
#FOTS# QuadFit found better minimum quadopt=(dt=55.488,rms=0.616715) vs oldopt=(dt=92.48,rms=0.616745)
#GCMRL#  166 dt  55.488000 rms  0.617  0.000% neg 0  invalid 762 tFOTS 3.5150 tGradient 2.1050 tsec 5.8940
#GCMRL#  167 dt  55.488000 rms  0.617  0.001% neg 0  invalid 762 tFOTS 0.0000 tGradient 2.0470 tsec 2.2920
#GCMRL#  168 dt  55.488000 rms  0.617  0.005% neg 0  invalid 762 tFOTS 0.0000 tGradient 2.0450 tsec 2.2880
#GCMRL#  169 dt  55.488000 rms  0.617  0.012% neg 0  invalid 762 tFOTS 0.0000 tGradient 2.1100 tsec 2.3550
#GCMRL#  170 dt  55.488000 rms  0.616  0.020% neg 0  invalid 762 tFOTS 0.0000 tGradient 2.0130 tsec 2.2560
#GCMRL#  171 dt  55.488000 rms  0.616  0.031% neg 0  invalid 762 tFOTS 0.0000 tGradient 2.0380 tsec 2.2810
#GCMRL#  172 dt  55.488000 rms  0.616  0.030% neg 0  invalid 762 tFOTS 0.0000 tGradient 2.0110 tsec 2.2520
#GCMRL#  173 dt  55.488000 rms  0.616  0.025% neg 0  invalid 762 tFOTS 0.0000 tGradient 1.9730 tsec 2.2160
#GCMRL#  174 dt  55.488000 rms  0.616  0.022% neg 0  invalid 762 tFOTS 0.0000 tGradient 2.0740 tsec 2.3350
#FOTS# QuadFit found better minimum quadopt=(dt=0.07225,rms=0.61583) vs oldopt=(dt=0.0903125,rms=0.61583)
setting smoothness cost coefficient to 0.031

#GCAMreg# pass 0 level1 4 level2 0 tsec 0 sigma 2
l_jacobian=1.00 l_label=1.00 l_log_likelihood=0.20 l_smoothness=0.03 
tol=5.00e-02, dt=5.00e-02, exp_k=20.0, momentum=0.90, levels=6, niter=500, lbl_dist=10.00, avgs=64, sigma=2.0,type=2, relabel=0, neg=no

blurring input image with Gaussian with sigma=2.000...
GCAMRegisterLevel(): init RMS 0.618434
#FOTS# QuadFit found better minimum quadopt=(dt=180.907,rms=0.613069) vs oldopt=(dt=103.68,rms=0.613753)
#GCMRL#  176 dt 180.906667 rms  0.613  0.868% neg 0  invalid 762 tFOTS 3.4220 tGradient 1.7660 tsec 5.4380
#FOTS# QuadFit found better minimum quadopt=(dt=124.416,rms=0.606425) vs oldopt=(dt=103.68,rms=0.60661)
#GCMRL#  177 dt 124.416000 rms  0.606  1.084% neg 0  invalid 762 tFOTS 3.4600 tGradient 1.7090 tsec 5.4170
#FOTS# QuadFit found better minimum quadopt=(dt=85.3333,rms=0.604297) vs oldopt=(dt=25.92,rms=0.604733)
#GCMRL#  178 dt  85.333333 rms  0.604  0.351% neg 0  invalid 762 tFOTS 3.4190 tGradient 1.6590 tsec 5.3270
#FOTS# QuadFit found better minimum quadopt=(dt=102.323,rms=0.600994) vs oldopt=(dt=103.68,rms=0.600997)
#GCMRL#  179 dt 102.323353 rms  0.601  0.547% neg 0  invalid 762 tFOTS 3.4380 tGradient 1.6640 tsec 5.3520
#FOTS# QuadFit found better minimum quadopt=(dt=36.288,rms=0.599374) vs oldopt=(dt=25.92,rms=0.599697)
#GCMRL#  180 dt  36.288000 rms  0.599  0.270% neg 0  invalid 762 tFOTS 3.4210 tGradient 1.6600 tsec 5.3310
#GCMRL#  181 dt 414.720000 rms  0.595  0.735% neg 0  invalid 762 tFOTS 3.2120 tGradient 1.7090 tsec 5.1710
#FOTS# QuadFit found better minimum quadopt=(dt=66.4,rms=0.590463) vs oldopt=(dt=25.92,rms=0.591784)
#GCMRL#  182 dt  66.400000 rms  0.590  0.757% neg 0  invalid 762 tFOTS 3.4340 tGradient 1.6670 tsec 5.3490
#FOTS# QuadFit found better minimum quadopt=(dt=36.288,rms=0.589338) vs oldopt=(dt=25.92,rms=0.589532)
#GCMRL#  183 dt  36.288000 rms  0.589  0.190% neg 0  invalid 762 tFOTS 3.2190 tGradient 1.6430 tsec 5.1110
#FOTS# QuadFit found better minimum quadopt=(dt=580.608,rms=0.585468) vs oldopt=(dt=414.72,rms=0.585666)
#GCMRL#  184 dt 580.608000 rms  0.585  0.657% neg 0  invalid 762 tFOTS 3.4230 tGradient 1.6160 tsec 5.2890
#FOTS# QuadFit found better minimum quadopt=(dt=58.6667,rms=0.581813) vs oldopt=(dt=25.92,rms=0.582707)
#GCMRL#  185 dt  58.666667 rms  0.582  0.624% neg 0  invalid 762 tFOTS 3.4140 tGradient 1.8100 tsec 5.4720
#FOTS# QuadFit found better minimum quadopt=(dt=82.944,rms=0.58093) vs oldopt=(dt=103.68,rms=0.580995)
#GCMRL#  186 dt  82.944000 rms  0.581  0.152% neg 0  invalid 762 tFOTS 3.2200 tGradient 1.6390 tsec 5.1080
#FOTS# QuadFit found better minimum quadopt=(dt=82.944,rms=0.58014) vs oldopt=(dt=103.68,rms=0.580141)
#GCMRL#  187 dt  82.944000 rms  0.580  0.136% neg 0  invalid 762 tFOTS 3.4130 tGradient 1.5600 tsec 5.2240
#FOTS# QuadFit found better minimum quadopt=(dt=82.944,rms=0.579386) vs oldopt=(dt=103.68,rms=0.579387)
#GCMRL#  188 dt  82.944000 rms  0.579  0.130% neg 0  invalid 762 tFOTS 3.4220 tGradient 1.6220 tsec 5.2940
#GCMRL#  189 dt 103.680000 rms  0.579  0.130% neg 0  invalid 762 tFOTS 3.4300 tGradient 1.5870 tsec 5.2680
#FOTS# QuadFit found better minimum quadopt=(dt=62.208,rms=0.577959) vs oldopt=(dt=103.68,rms=0.578075)
#GCMRL#  190 dt  62.208000 rms  0.578  0.116% neg 0  invalid 762 tFOTS 3.2210 tGradient 1.5660 tsec 5.0340
#FOTS# QuadFit found better minimum quadopt=(dt=145.152,rms=0.577015) vs oldopt=(dt=103.68,rms=0.577195)
#GCMRL#  191 dt 145.152000 rms  0.577  0.163% neg 0  invalid 762 tFOTS 3.4320 tGradient 1.5670 tsec 5.2490
#FOTS# QuadFit found better minimum quadopt=(dt=62.208,rms=0.576385) vs oldopt=(dt=103.68,rms=0.576485)
#GCMRL#  192 dt  62.208000 rms  0.576  0.109% neg 0  invalid 762 tFOTS 3.2010 tGradient 1.5870 tsec 5.0330
#FOTS# QuadFit found better minimum quadopt=(dt=145.152,rms=0.57559) vs oldopt=(dt=103.68,rms=0.575717)
#GCMRL#  193 dt 145.152000 rms  0.576  0.138% neg 0  invalid 762 tFOTS 3.4080 tGradient 1.6270 tsec 5.2840
#FOTS# QuadFit found better minimum quadopt=(dt=63.0448,rms=0.574964) vs oldopt=(dt=103.68,rms=0.57516)
#GCMRL#  194 dt  63.044776 rms  0.575  0.109% neg 0  invalid 762 tFOTS 3.4660 tGradient 1.5850 tsec 5.3170
#FOTS# QuadFit found better minimum quadopt=(dt=145.152,rms=0.574342) vs oldopt=(dt=103.68,rms=0.574376)
#GCMRL#  195 dt 145.152000 rms  0.574  0.108% neg 0  invalid 762 tFOTS 3.4570 tGradient 1.6270 tsec 5.3390
#FOTS# QuadFit found better minimum quadopt=(dt=36.288,rms=0.573701) vs oldopt=(dt=25.92,rms=0.573814)
#GCMRL#  196 dt  36.288000 rms  0.574  0.112% neg 0  invalid 762 tFOTS 3.2780 tGradient 1.6130 tsec 5.1960
#FOTS# QuadFit found better minimum quadopt=(dt=580.608,rms=0.571315) vs oldopt=(dt=414.72,rms=0.571675)
#GCMRL#  197 dt 580.608000 rms  0.571  0.416% neg 0  invalid 762 tFOTS 3.4430 tGradient 1.6500 tsec 5.3430
#FOTS# QuadFit found better minimum quadopt=(dt=36.288,rms=0.569982) vs oldopt=(dt=25.92,rms=0.570215)
#GCMRL#  198 dt  36.288000 rms  0.570  0.233% neg 0  invalid 762 tFOTS 3.3960 tGradient 1.6050 tsec 5.2520
#FOTS# QuadFit found better minimum quadopt=(dt=145.152,rms=0.569329) vs oldopt=(dt=103.68,rms=0.569402)
#GCMRL#  199 dt 145.152000 rms  0.569  0.115% neg 0  invalid 762 tFOTS 3.4000 tGradient 1.5210 tsec 5.1700
#FOTS# QuadFit found better minimum quadopt=(dt=36.288,rms=0.568871) vs oldopt=(dt=25.92,rms=0.568949)
#GCMRL#  200 dt  36.288000 rms  0.569  0.081% neg 0  invalid 762 tFOTS 3.3370 tGradient 1.7950 tsec 5.3810
#FOTS# QuadFit found better minimum quadopt=(dt=995.328,rms=0.566136) vs oldopt=(dt=1658.88,rms=0.566636)
#GCMRL#  201 dt 995.328000 rms  0.566  0.481% neg 0  invalid 762 tFOTS 3.4190 tGradient 1.5550 tsec 5.2260
#FOTS# QuadFit found better minimum quadopt=(dt=60.7179,rms=0.564306) vs oldopt=(dt=25.92,rms=0.564645)
#GCMRL#  202 dt  60.717949 rms  0.564  0.323% neg 0  invalid 762 tFOTS 3.3750 tGradient 1.6620 tsec 5.2880
#FOTS# QuadFit found better minimum quadopt=(dt=36.288,rms=0.563888) vs oldopt=(dt=25.92,rms=0.563951)
#GCMRL#  203 dt  36.288000 rms  0.564  0.074% neg 0  invalid 762 tFOTS 3.3110 tGradient 1.5500 tsec 5.0930
#FOTS# QuadFit found better minimum quadopt=(dt=580.608,rms=0.562746) vs oldopt=(dt=414.72,rms=0.562868)
#GCMRL#  204 dt 580.608000 rms  0.563  0.202% neg 0  invalid 762 tFOTS 3.3040 tGradient 1.5350 tsec 5.0910
#FOTS# QuadFit found better minimum quadopt=(dt=36.288,rms=0.561908) vs oldopt=(dt=25.92,rms=0.562058)
#GCMRL#  205 dt  36.288000 rms  0.562  0.149% neg 0  invalid 762 tFOTS 3.3350 tGradient 1.6150 tsec 5.1980
#FOTS# QuadFit found better minimum quadopt=(dt=145.152,rms=0.561536) vs oldopt=(dt=103.68,rms=0.561551)
#GCMRL#  206 dt 145.152000 rms  0.562  0.066% neg 0  invalid 762 tFOTS 3.3280 tGradient 1.6190 tsec 5.1940
#FOTS# QuadFit found better minimum quadopt=(dt=36.288,rms=0.561299) vs oldopt=(dt=25.92,rms=0.561347)
#GCMRL#  207 dt  36.288000 rms  0.561  0.000% neg 0  invalid 762 tFOTS 3.5430 tGradient 1.5380 tsec 5.3520
#GCMRL#  208 dt  36.288000 rms  0.561  0.020% neg 0  invalid 762 tFOTS 0.0000 tGradient 1.5370 tsec 1.7800
#GCMRL#  209 dt  36.288000 rms  0.561  0.037% neg 0  invalid 762 tFOTS 0.0000 tGradient 1.5410 tsec 1.7860
#GCMRL#  210 dt  36.288000 rms  0.561  0.052% neg 0  invalid 762 tFOTS 0.0000 tGradient 1.5540 tsec 1.7980
#GCMRL#  211 dt  36.288000 rms  0.560  0.066% neg 0  invalid 762 tFOTS 0.0000 tGradient 1.5770 tsec 1.8230
#GCMRL#  212 dt  36.288000 rms  0.560  0.074% neg 0  invalid 762 tFOTS 0.0000 tGradient 1.5980 tsec 1.8430
#GCMRL#  213 dt  36.288000 rms  0.559  0.079% neg 0  invalid 762 tFOTS 0.0000 tGradient 1.5900 tsec 1.8360
#GCMRL#  214 dt  36.288000 rms  0.559  0.089% neg 0  invalid 762 tFOTS 0.0000 tGradient 1.5710 tsec 1.8170
#GCMRL#  215 dt  36.288000 rms  0.558  0.090% neg 0  invalid 762 tFOTS 0.0000 tGradient 1.6130 tsec 1.8580
#GCMRL#  216 dt  36.288000 rms  0.558  0.098% neg 0  invalid 762 tFOTS 0.0000 tGradient 1.5970 tsec 1.8370
#GCMRL#  217 dt  36.288000 rms  0.557  0.097% neg 0  invalid 762 tFOTS 0.0000 tGradient 1.5950 tsec 1.8410
#GCMRL#  218 dt  36.288000 rms  0.557  0.104% neg 0  invalid 762 tFOTS 0.0000 tGradient 1.6400 tsec 1.8840
#GCMRL#  219 dt  36.288000 rms  0.556  0.101% neg 0  invalid 762 tFOTS 0.0000 tGradient 1.7020 tsec 1.9420
#GCMRL#  220 dt  36.288000 rms  0.556  0.096% neg 0  invalid 762 tFOTS 0.0000 tGradient 1.5750 tsec 1.8320
#GCMRL#  221 dt  36.288000 rms  0.555  0.096% neg 0  invalid 762 tFOTS 0.0000 tGradient 1.7100 tsec 1.9560
#GCMRL#  222 dt  36.288000 rms  0.555  0.091% neg 0  invalid 762 tFOTS 0.0000 tGradient 1.6380 tsec 1.8810
#GCMRL#  223 dt  36.288000 rms  0.554  0.095% neg 0  invalid 762 tFOTS 0.0000 tGradient 1.7090 tsec 1.9510
#GCMRL#  224 dt  36.288000 rms  0.554  0.086% neg 0  invalid 762 tFOTS 0.0000 tGradient 1.6180 tsec 1.8600
#GCMRL#  225 dt  36.288000 rms  0.553  0.091% neg 0  invalid 762 tFOTS 0.0000 tGradient 1.7700 tsec 2.0140
#GCMRL#  226 dt  36.288000 rms  0.553  0.085% neg 0  invalid 762 tFOTS 0.0000 tGradient 1.6650 tsec 1.9090
#GCMRL#  227 dt  36.288000 rms  0.552  0.082% neg 0  invalid 762 tFOTS 0.0000 tGradient 1.6350 tsec 1.8780
#GCMRL#  228 dt  36.288000 rms  0.552  0.079% neg 0  invalid 762 tFOTS 0.0000 tGradient 1.5880 tsec 1.8300
#GCMRL#  229 dt  36.288000 rms  0.551  0.074% neg 0  invalid 762 tFOTS 0.0000 tGradient 1.5920 tsec 1.8350
#GCMRL#  230 dt  36.288000 rms  0.551  0.071% neg 0  invalid 762 tFOTS 0.0000 tGradient 1.6830 tsec 1.9250
#GCMRL#  231 dt  36.288000 rms  0.551  0.069% neg 0  invalid 762 tFOTS 0.0000 tGradient 1.6050 tsec 1.8480
#GCMRL#  232 dt  36.288000 rms  0.550  0.067% neg 0  invalid 762 tFOTS 0.0000 tGradient 1.6350 tsec 1.8780
#GCMRL#  233 dt  36.288000 rms  0.550  0.064% neg 0  invalid 762 tFOTS 0.0000 tGradient 1.7290 tsec 1.9720
#GCMRL#  234 dt  36.288000 rms  0.550  0.058% neg 0  invalid 762 tFOTS 0.0000 tGradient 1.6260 tsec 1.8680
#GCMRL#  235 dt  36.288000 rms  0.549  0.057% neg 0  invalid 762 tFOTS 0.0000 tGradient 1.6500 tsec 1.8890
#GCMRL#  236 dt  36.288000 rms  0.549  0.058% neg 0  invalid 762 tFOTS 0.0000 tGradient 1.6750 tsec 1.9160
#GCMRL#  237 dt  36.288000 rms  0.549  0.054% neg 0  invalid 762 tFOTS 0.0000 tGradient 1.6770 tsec 1.9190
#GCMRL#  238 dt  36.288000 rms  0.548  0.059% neg 0  invalid 762 tFOTS 0.0000 tGradient 1.6960 tsec 1.9570
#GCMRL#  239 dt  36.288000 rms  0.548  0.055% neg 0  invalid 762 tFOTS 0.0000 tGradient 1.7020 tsec 1.9440
#GCMRL#  240 dt  36.288000 rms  0.548  0.054% neg 0  invalid 762 tFOTS 0.0000 tGradient 1.6790 tsec 1.9210
#GCMRL#  241 dt  36.288000 rms  0.547  0.053% neg 0  invalid 762 tFOTS 0.0000 tGradient 1.8580 tsec 2.0970
#GCMRL#  242 dt  36.288000 rms  0.547  0.049% neg 0  invalid 762 tFOTS 0.0000 tGradient 1.8700 tsec 2.1130
#GCMRL#  243 dt  36.288000 rms  0.547  0.049% neg 0  invalid 762 tFOTS 0.0000 tGradient 1.6490 tsec 1.8920
#GCMRL#  244 dt  36.288000 rms  0.547  0.046% neg 0  invalid 762 tFOTS 0.0000 tGradient 1.6920 tsec 1.9340
#GCMRL#  245 dt  36.288000 rms  0.546  0.044% neg 0  invalid 762 tFOTS 0.0000 tGradient 1.7210 tsec 2.0060
#GCMRL#  246 dt  36.288000 rms  0.546  0.047% neg 0  invalid 762 tFOTS 0.0000 tGradient 1.6900 tsec 1.9360
#GCMRL#  247 dt  36.288000 rms  0.546  0.047% neg 0  invalid 762 tFOTS 0.0000 tGradient 1.6750 tsec 1.9190
#GCMRL#  248 dt  36.288000 rms  0.546  0.044% neg 0  invalid 762 tFOTS 0.0000 tGradient 1.6350 tsec 1.8800
#GCMRL#  249 dt  36.288000 rms  0.545  0.043% neg 0  invalid 762 tFOTS 0.0000 tGradient 1.6450 tsec 1.8920
#GCMRL#  250 dt  36.288000 rms  0.545  0.041% neg 0  invalid 762 tFOTS 0.0000 tGradient 1.7130 tsec 1.9560
#GCMRL#  251 dt  36.288000 rms  0.545  0.037% neg 0  invalid 762 tFOTS 0.0000 tGradient 1.6660 tsec 1.9100
#GCMRL#  252 dt  36.288000 rms  0.545  0.037% neg 0  invalid 762 tFOTS 0.0000 tGradient 1.6760 tsec 1.9200
#GCMRL#  253 dt  36.288000 rms  0.545  0.036% neg 0  invalid 762 tFOTS 0.0000 tGradient 1.6540 tsec 1.8990
#GCMRL#  254 dt  36.288000 rms  0.544  0.035% neg 0  invalid 762 tFOTS 0.0000 tGradient 1.6640 tsec 1.9080
#GCMRL#  255 dt  36.288000 rms  0.544  0.033% neg 0  invalid 762 tFOTS 0.0000 tGradient 1.7010 tsec 1.9480
#GCMRL#  256 dt  36.288000 rms  0.544  0.034% neg 0  invalid 762 tFOTS 0.0000 tGradient 1.6670 tsec 1.9090
#GCMRL#  257 dt  36.288000 rms  0.544  0.033% neg 0  invalid 762 tFOTS 0.0000 tGradient 1.6670 tsec 1.9110
#GCMRL#  258 dt  36.288000 rms  0.544  0.034% neg 0  invalid 762 tFOTS 0.0000 tGradient 1.6680 tsec 1.9130
#GCMRL#  259 dt  36.288000 rms  0.544  0.033% neg 0  invalid 762 tFOTS 0.0000 tGradient 1.6440 tsec 1.8920
#GCMRL#  260 dt  36.288000 rms  0.543  0.031% neg 0  invalid 762 tFOTS 0.0000 tGradient 1.6610 tsec 1.9060
#GCMRL#  261 dt  36.288000 rms  0.543  0.028% neg 0  invalid 762 tFOTS 0.0000 tGradient 1.6610 tsec 1.9060
#GCMRL#  262 dt  36.288000 rms  0.543  0.029% neg 0  invalid 762 tFOTS 0.0000 tGradient 1.6610 tsec 1.9070
#GCMRL#  263 dt  36.288000 rms  0.543  0.028% neg 0  invalid 762 tFOTS 0.0000 tGradient 1.6670 tsec 1.9120
#GCMRL#  264 dt  36.288000 rms  0.543  0.029% neg 0  invalid 762 tFOTS 0.0000 tGradient 1.6810 tsec 1.9290
#GCMRL#  265 dt  36.288000 rms  0.543  0.027% neg 0  invalid 762 tFOTS 0.0000 tGradient 1.6860 tsec 1.9310
#GCMRL#  266 dt  36.288000 rms  0.542  0.025% neg 0  invalid 762 tFOTS 0.0000 tGradient 1.6660 tsec 1.9120
#GCMRL#  267 dt  36.288000 rms  0.542  0.028% neg 0  invalid 762 tFOTS 0.0000 tGradient 1.6620 tsec 1.9070
#GCMRL#  268 dt  36.288000 rms  0.542  0.026% neg 0  invalid 762 tFOTS 0.0000 tGradient 1.6620 tsec 1.9080
#GCMRL#  269 dt  36.288000 rms  0.542  0.028% neg 0  invalid 762 tFOTS 0.0000 tGradient 1.6800 tsec 1.9250
#GCMRL#  270 dt  36.288000 rms  0.542  0.025% neg 0  invalid 762 tFOTS 0.0000 tGradient 1.6860 tsec 1.9310
#GCMRL#  271 dt  36.288000 rms  0.542  0.027% neg 0  invalid 762 tFOTS 0.0000 tGradient 1.6600 tsec 1.9200
#GCMRL#  272 dt  36.288000 rms  0.542  0.026% neg 0  invalid 762 tFOTS 0.0000 tGradient 1.6750 tsec 1.9560
#GCMRL#  273 dt  36.288000 rms  0.541  0.026% neg 0  invalid 762 tFOTS 0.0000 tGradient 1.6600 tsec 1.9040
#GCMRL#  274 dt  36.288000 rms  0.541  0.024% neg 0  invalid 762 tFOTS 0.0000 tGradient 1.6990 tsec 1.9430
#GCMRL#  275 dt  36.288000 rms  0.541  0.026% neg 0  invalid 762 tFOTS 0.0000 tGradient 1.6960 tsec 1.9400
#GCMRL#  276 dt  36.288000 rms  0.541  0.023% neg 0  invalid 762 tFOTS 0.0000 tGradient 1.6920 tsec 1.9390
#GCMRL#  277 dt  36.288000 rms  0.541  0.023% neg 0  invalid 762 tFOTS 0.0000 tGradient 1.7120 tsec 1.9740
#FOTS# QuadFit found better minimum quadopt=(dt=580.608,rms=0.540786) vs oldopt=(dt=414.72,rms=0.54081)
#GCMRL#  278 dt 580.608000 rms  0.541  0.023% neg 0  invalid 762 tFOTS 3.7200 tGradient 1.7250 tsec 5.6960
#GCMRL#  279 dt 103.680000 rms  0.541  0.000% neg 0  invalid 762 tFOTS 3.4850 tGradient 1.6190 tsec 5.3740

#GCAMreg# pass 0 level1 4 level2 1 tsec 324.12 sigma 0.5
l_jacobian=1.00 l_label=1.00 l_log_likelihood=0.20 l_smoothness=0.03 
tol=5.00e-02, dt=5.00e-02, exp_k=20.0, momentum=0.90, levels=6, niter=500, lbl_dist=10.00, avgs=64, sigma=0.5,type=2, relabel=0, neg=no

blurring input image with Gaussian with sigma=0.500...
GCAMRegisterLevel(): init RMS 0.541695
#GCMRL#  281 dt 103.680000 rms  0.540  0.392% neg 0  invalid 762 tFOTS 3.3540 tGradient 1.6810 tsec 5.2860
#FOTS# QuadFit found better minimum quadopt=(dt=82.944,rms=0.5388) vs oldopt=(dt=103.68,rms=0.538841)
#GCMRL#  282 dt  82.944000 rms  0.539  0.143% neg 0  invalid 762 tFOTS 3.1420 tGradient 1.6280 tsec 5.0210
#FOTS# QuadFit found better minimum quadopt=(dt=36.288,rms=0.538586) vs oldopt=(dt=25.92,rms=0.538627)
#GCMRL#  283 dt  36.288000 rms  0.539  0.000% neg 0  invalid 762 tFOTS 3.5410 tGradient 1.6410 tsec 5.4520
#GCMRL#  284 dt  36.288000 rms  0.538  0.025% neg 0  invalid 762 tFOTS 0.0000 tGradient 1.6080 tsec 1.8490
#GCMRL#  285 dt  36.288000 rms  0.538  0.045% neg 0  invalid 762 tFOTS 0.0000 tGradient 1.6130 tsec 1.8550
#GCMRL#  286 dt  36.288000 rms  0.538  0.056% neg 0  invalid 762 tFOTS 0.0000 tGradient 1.5910 tsec 1.8360
#GCMRL#  287 dt  36.288000 rms  0.538  0.063% neg 0  invalid 762 tFOTS 0.0000 tGradient 1.6070 tsec 1.8510
#GCMRL#  288 dt  36.288000 rms  0.537  0.064% neg 0  invalid 762 tFOTS 0.0000 tGradient 1.6230 tsec 1.8650
#GCMRL#  289 dt  36.288000 rms  0.537  0.059% neg 0  invalid 762 tFOTS 0.0000 tGradient 1.6510 tsec 1.8960
#GCMRL#  290 dt  36.288000 rms  0.537  0.060% neg 0  invalid 762 tFOTS 0.0000 tGradient 1.6660 tsec 1.9090
#GCMRL#  291 dt  36.288000 rms  0.536  0.058% neg 0  invalid 762 tFOTS 0.0000 tGradient 1.6320 tsec 1.8780
#GCMRL#  292 dt  36.288000 rms  0.536  0.059% neg 0  invalid 762 tFOTS 0.0000 tGradient 1.6290 tsec 1.8730
#GCMRL#  293 dt  36.288000 rms  0.536  0.059% neg 0  invalid 762 tFOTS 0.0000 tGradient 1.6530 tsec 1.8960
#GCMRL#  294 dt  36.288000 rms  0.535  0.056% neg 0  invalid 762 tFOTS 0.0000 tGradient 1.6330 tsec 1.8760
#GCMRL#  295 dt  36.288000 rms  0.535  0.057% neg 0  invalid 762 tFOTS 0.0000 tGradient 1.6660 tsec 1.9080
#GCMRL#  296 dt  36.288000 rms  0.535  0.055% neg 0  invalid 762 tFOTS 0.0000 tGradient 1.7070 tsec 1.9500
#GCMRL#  297 dt  36.288000 rms  0.534  0.052% neg 0  invalid 762 tFOTS 0.0000 tGradient 1.6730 tsec 1.9160
#GCMRL#  298 dt  36.288000 rms  0.534  0.052% neg 0  invalid 762 tFOTS 0.0000 tGradient 1.6310 tsec 1.8750
#GCMRL#  299 dt  36.288000 rms  0.534  0.050% neg 0  invalid 762 tFOTS 0.0000 tGradient 1.6150 tsec 1.8590
#GCMRL#  300 dt  36.288000 rms  0.534  0.052% neg 0  invalid 762 tFOTS 0.0000 tGradient 1.6140 tsec 1.8600
#GCMRL#  301 dt  36.288000 rms  0.533  0.047% neg 0  invalid 762 tFOTS 0.0000 tGradient 1.6120 tsec 1.8560
#GCMRL#  302 dt  36.288000 rms  0.533  0.042% neg 0  invalid 762 tFOTS 0.0000 tGradient 1.6670 tsec 1.9110
#GCMRL#  303 dt  36.288000 rms  0.533  0.040% neg 0  invalid 762 tFOTS 0.0000 tGradient 1.6580 tsec 1.9030
#GCMRL#  304 dt  36.288000 rms  0.533  0.035% neg 0  invalid 762 tFOTS 0.0000 tGradient 1.6650 tsec 1.9090
#GCMRL#  305 dt  36.288000 rms  0.533  0.034% neg 0  invalid 762 tFOTS 0.0000 tGradient 1.6700 tsec 1.9150
#GCMRL#  306 dt  36.288000 rms  0.532  0.029% neg 0  invalid 762 tFOTS 0.0000 tGradient 1.6090 tsec 1.8540
#GCMRL#  307 dt  36.288000 rms  0.532  0.033% neg 0  invalid 762 tFOTS 0.0000 tGradient 1.7210 tsec 1.9640
#GCMRL#  308 dt  36.288000 rms  0.532  0.030% neg 0  invalid 762 tFOTS 0.0000 tGradient 1.6840 tsec 1.9290
#GCMRL#  309 dt  36.288000 rms  0.532  0.029% neg 0  invalid 762 tFOTS 0.0000 tGradient 1.7580 tsec 2.0010
#GCMRL#  310 dt  36.288000 rms  0.532  0.027% neg 0  invalid 762 tFOTS 0.0000 tGradient 1.6530 tsec 1.8980
#GCMRL#  311 dt  36.288000 rms  0.532  0.031% neg 0  invalid 762 tFOTS 0.0000 tGradient 1.7970 tsec 2.0400
#GCMRL#  312 dt  36.288000 rms  0.531  0.028% neg 0  invalid 762 tFOTS 0.0000 tGradient 1.7610 tsec 2.0060
#GCMRL#  313 dt  36.288000 rms  0.531  0.027% neg 0  invalid 762 tFOTS 0.0000 tGradient 1.6730 tsec 1.9190
#GCMRL#  314 dt  36.288000 rms  0.531  0.029% neg 0  invalid 762 tFOTS 0.0000 tGradient 1.6730 tsec 1.9170
#GCMRL#  315 dt  36.288000 rms  0.531  0.029% neg 0  invalid 762 tFOTS 0.0000 tGradient 1.7140 tsec 1.9590
#GCMRL#  316 dt  36.288000 rms  0.531  0.027% neg 0  invalid 762 tFOTS 0.0000 tGradient 1.7220 tsec 1.9660
#GCMRL#  317 dt  36.288000 rms  0.531  0.029% neg 0  invalid 762 tFOTS 0.0000 tGradient 1.6720 tsec 1.9180
#GCMRL#  318 dt  36.288000 rms  0.531  0.027% neg 0  invalid 762 tFOTS 0.0000 tGradient 1.6360 tsec 1.8800
#GCMRL#  319 dt  36.288000 rms  0.530  0.028% neg 0  invalid 762 tFOTS 0.0000 tGradient 1.6950 tsec 1.9380
#GCMRL#  320 dt  36.288000 rms  0.530  0.026% neg 0  invalid 762 tFOTS 0.0000 tGradient 1.6980 tsec 1.9410
#GCMRL#  321 dt  36.288000 rms  0.530  0.023% neg 0  invalid 762 tFOTS 0.0000 tGradient 1.6470 tsec 1.8920
#GCMRL#  322 dt  36.288000 rms  0.530  0.026% neg 0  invalid 762 tFOTS 0.0000 tGradient 1.8080 tsec 2.0510
#GCMRL#  323 dt  36.288000 rms  0.530  0.022% neg 0  invalid 762 tFOTS 0.0000 tGradient 1.7150 tsec 1.9580
#GCMRL#  324 dt  36.288000 rms  0.530  0.023% neg 0  invalid 762 tFOTS 0.0000 tGradient 1.6630 tsec 1.9080
#GCMRL#  325 dt  36.288000 rms  0.530  0.024% neg 0  invalid 762 tFOTS 0.0000 tGradient 1.6900 tsec 1.9330
#GCMRL#  326 dt  36.288000 rms  0.530  0.020% neg 0  invalid 762 tFOTS 0.0000 tGradient 1.6720 tsec 1.9370
#FOTS# QuadFit found better minimum quadopt=(dt=248.832,rms=0.529528) vs oldopt=(dt=414.72,rms=0.529535)
#GCMRL#  327 dt 248.832000 rms  0.530  0.000% neg 0  invalid 762 tFOTS 3.5570 tGradient 1.5930 tsec 5.4200
setting smoothness cost coefficient to 0.118

#GCAMreg# pass 0 level1 3 level2 0 tsec 0 sigma 2
l_jacobian=1.00 l_label=1.00 l_log_likelihood=0.20 l_smoothness=0.12 
tol=5.00e-02, dt=5.00e-02, exp_k=20.0, momentum=0.90, levels=6, niter=500, lbl_dist=10.00, avgs=16, sigma=2.0,type=2, relabel=0, neg=no

blurring input image with Gaussian with sigma=2.000...
GCAMRegisterLevel(): init RMS 0.542039
#FOTS# QuadFit found better minimum quadopt=(dt=38.4,rms=0.538349) vs oldopt=(dt=32,rms=0.538444)
#GCMRL#  329 dt  38.400000 rms  0.538  0.681% neg 0  invalid 762 tFOTS 3.3510 tGradient 1.4840 tsec 5.0860
#FOTS# QuadFit found better minimum quadopt=(dt=103.594,rms=0.532995) vs oldopt=(dt=128,rms=0.533325)
#GCMRL#  330 dt 103.594320 rms  0.533  0.995% neg 0  invalid 762 tFOTS 3.5400 tGradient 1.3970 tsec 5.1870
#FOTS# QuadFit found better minimum quadopt=(dt=24.8205,rms=0.530491) vs oldopt=(dt=32,rms=0.53074)
#GCMRL#  331 dt  24.820513 rms  0.530  0.470% neg 0  invalid 762 tFOTS 3.3710 tGradient 1.4200 tsec 5.0380
#FOTS# QuadFit found better minimum quadopt=(dt=89.279,rms=0.526882) vs oldopt=(dt=128,rms=0.527406)
#GCMRL#  332 dt  89.278997 rms  0.527  0.680% neg 0  invalid 762 tFOTS 3.4620 tGradient 1.3890 tsec 5.1000
#FOTS# QuadFit found better minimum quadopt=(dt=20.7059,rms=0.524469) vs oldopt=(dt=32,rms=0.525066)
#GCMRL#  333 dt  20.705882 rms  0.524  0.458% neg 0  invalid 762 tFOTS 3.4580 tGradient 1.3520 tsec 5.0640
#FOTS# QuadFit found better minimum quadopt=(dt=179.2,rms=0.518908) vs oldopt=(dt=128,rms=0.520119)
#GCMRL#  334 dt 179.200000 rms  0.519  1.060% neg 0  invalid 762 tFOTS 3.2290 tGradient 1.3620 tsec 4.8420
#FOTS# QuadFit found better minimum quadopt=(dt=20.4158,rms=0.517874) vs oldopt=(dt=32,rms=0.518235)
#GCMRL#  335 dt  20.415771 rms  0.518  0.199% neg 0  invalid 762 tFOTS 3.4640 tGradient 1.3350 tsec 5.0470
#FOTS# QuadFit found better minimum quadopt=(dt=179.2,rms=0.515401) vs oldopt=(dt=128,rms=0.515641)
#GCMRL#  336 dt 179.200000 rms  0.515  0.478% neg 0  invalid 762 tFOTS 3.2000 tGradient 1.3630 tsec 4.8150
#FOTS# QuadFit found better minimum quadopt=(dt=21.2603,rms=0.513696) vs oldopt=(dt=32,rms=0.514153)
#GCMRL#  337 dt  21.260274 rms  0.514  0.331% neg 0  invalid 762 tFOTS 3.1840 tGradient 1.3720 tsec 4.8580
#FOTS# QuadFit found better minimum quadopt=(dt=102.4,rms=0.512459) vs oldopt=(dt=128,rms=0.512583)
#GCMRL#  338 dt 102.400000 rms  0.512  0.241% neg 0  invalid 762 tFOTS 3.1750 tGradient 1.3890 tsec 4.8150
#FOTS# QuadFit found better minimum quadopt=(dt=21.6594,rms=0.511658) vs oldopt=(dt=32,rms=0.511915)
#GCMRL#  339 dt  21.659389 rms  0.512  0.156% neg 0  invalid 762 tFOTS 3.4020 tGradient 1.3510 tsec 5.0040
#FOTS# QuadFit found better minimum quadopt=(dt=44.8,rms=0.511039) vs oldopt=(dt=32,rms=0.511158)
#GCMRL#  340 dt  44.800000 rms  0.511  0.121% neg 0  invalid 762 tFOTS 3.1470 tGradient 1.4110 tsec 4.8090
#FOTS# QuadFit found better minimum quadopt=(dt=44.8,rms=0.510547) vs oldopt=(dt=32,rms=0.510572)
#GCMRL#  341 dt  44.800000 rms  0.511  0.096% neg 0  invalid 762 tFOTS 3.3840 tGradient 1.4080 tsec 5.0430
#FOTS# QuadFit found better minimum quadopt=(dt=25.6,rms=0.510103) vs oldopt=(dt=32,rms=0.510128)
#GCMRL#  342 dt  25.600000 rms  0.510  0.087% neg 0  invalid 762 tFOTS 3.3840 tGradient 1.5730 tsec 5.2050
#FOTS# QuadFit found better minimum quadopt=(dt=44.8,rms=0.509622) vs oldopt=(dt=32,rms=0.509677)
#GCMRL#  343 dt  44.800000 rms  0.510  0.094% neg 0  invalid 762 tFOTS 3.1950 tGradient 1.4080 tsec 4.8530
#FOTS# QuadFit found better minimum quadopt=(dt=25.6,rms=0.509276) vs oldopt=(dt=32,rms=0.509278)
#GCMRL#  344 dt  25.600000 rms  0.509  0.068% neg 0  invalid 762 tFOTS 3.2410 tGradient 1.3840 tsec 4.9240
#FOTS# QuadFit found better minimum quadopt=(dt=44.8,rms=0.508767) vs oldopt=(dt=32,rms=0.508844)
#GCMRL#  345 dt  44.800000 rms  0.509  0.100% neg 0  invalid 762 tFOTS 3.1540 tGradient 1.4720 tsec 4.8690
#FOTS# QuadFit found better minimum quadopt=(dt=25.6,rms=0.508509) vs oldopt=(dt=32,rms=0.508521)
#GCMRL#  346 dt  25.600000 rms  0.509  0.051% neg 0  invalid 762 tFOTS 3.0870 tGradient 1.4130 tsec 4.7430
#FOTS# QuadFit found better minimum quadopt=(dt=44.8,rms=0.508032) vs oldopt=(dt=32,rms=0.5081)
#GCMRL#  347 dt  44.800000 rms  0.508  0.094% neg 0  invalid 762 tFOTS 3.1670 tGradient 1.3550 tsec 4.7660
#FOTS# QuadFit found better minimum quadopt=(dt=25.6,rms=0.507813) vs oldopt=(dt=32,rms=0.507832)
#GCMRL#  348 dt  25.600000 rms  0.508  0.000% neg 0  invalid 762 tFOTS 3.0870 tGradient 1.3410 tsec 4.7520
#GCMRL#  349 dt  25.600000 rms  0.507  0.068% neg 0  invalid 762 tFOTS 0.0000 tGradient 1.3730 tsec 1.6110
#GCMRL#  350 dt  25.600000 rms  0.507  0.079% neg 0  invalid 762 tFOTS 0.0000 tGradient 1.3290 tsec 1.5690
#GCMRL#  351 dt  25.600000 rms  0.506  0.117% neg 0  invalid 762 tFOTS 0.0000 tGradient 1.3350 tsec 1.5730
#GCMRL#  352 dt  25.600000 rms  0.506  0.153% neg 0  invalid 762 tFOTS 0.0000 tGradient 1.3210 tsec 1.5620
#GCMRL#  353 dt  25.600000 rms  0.505  0.183% neg 0  invalid 762 tFOTS 0.0000 tGradient 1.3200 tsec 1.5580
#GCMRL#  354 dt  25.600000 rms  0.504  0.182% neg 0  invalid 762 tFOTS 0.0000 tGradient 1.3260 tsec 1.5660
#GCMRL#  355 dt  25.600000 rms  0.504  0.017% neg 0  invalid 762 tFOTS 0.0000 tGradient 1.3590 tsec 1.7210
#GCMRL#  356 dt  25.600000 rms  0.504  0.051% neg 0  invalid 762 tFOTS 0.0000 tGradient 1.3580 tsec 1.5960
#GCMRL#  357 dt  25.600000 rms  0.503  0.036% neg 0  invalid 762 tFOTS 0.0000 tGradient 1.3580 tsec 1.7250
#GCMRL#  358 dt  12.800000 rms  0.503  0.013% neg 0  invalid 762 tFOTS 0.0000 tGradient 1.3610 tsec 1.8440
#GCMRL#  359 dt   6.400000 rms  0.503  0.008% neg 0  invalid 762 tFOTS 0.0000 tGradient 1.3230 tsec 1.8210
#FOTS# QuadFit found better minimum quadopt=(dt=2.8,rms=0.503211) vs oldopt=(dt=2,rms=0.503215)
#GCMRL#  360 dt   2.800000 rms  0.503  0.000% neg 0  invalid 762 tFOTS 2.8450 tGradient 1.3240 tsec 4.4300
#GCMRL#  361 dt   2.800000 rms  0.503  0.003% neg 0  invalid 762 tFOTS 0.0000 tGradient 1.3520 tsec 1.5870
#GCMRL#  362 dt   0.350000 rms  0.503  0.001% neg 0  invalid 762 tFOTS 0.0000 tGradient 1.3550 tsec 2.0750

#GCAMreg# pass 0 level1 3 level2 1 tsec 136.319 sigma 0.5
l_jacobian=1.00 l_label=1.00 l_log_likelihood=0.20 l_smoothness=0.12 
tol=5.00e-02, dt=5.00e-02, exp_k=20.0, momentum=0.90, levels=6, niter=500, lbl_dist=10.00, avgs=16, sigma=0.5,type=2, relabel=0, neg=no

blurring input image with Gaussian with sigma=0.500...
GCAMRegisterLevel(): init RMS 0.504035
#FOTS# QuadFit found better minimum quadopt=(dt=44.8,rms=0.501283) vs oldopt=(dt=32,rms=0.501467)
#GCMRL#  364 dt  44.800000 rms  0.501  0.546% neg 0  invalid 762 tFOTS 3.3390 tGradient 1.3630 tsec 4.9470
#FOTS# QuadFit found better minimum quadopt=(dt=38.4,rms=0.500038) vs oldopt=(dt=32,rms=0.50008)
#GCMRL#  365 dt  38.400000 rms  0.500  0.248% neg 0  invalid 762 tFOTS 3.3220 tGradient 1.3080 tsec 4.8720
#FOTS# QuadFit found better minimum quadopt=(dt=19.2,rms=0.499542) vs oldopt=(dt=32,rms=0.499702)
#GCMRL#  366 dt  19.200000 rms  0.500  0.099% neg 0  invalid 762 tFOTS 3.2910 tGradient 1.6380 tsec 5.1720
#GCMRL#  367 dt 128.000000 rms  0.498  0.254% neg 0  invalid 762 tFOTS 3.2130 tGradient 1.3510 tsec 4.8130
#FOTS# QuadFit found better minimum quadopt=(dt=11.2,rms=0.4975) vs oldopt=(dt=8,rms=0.497648)
#GCMRL#  368 dt  11.200000 rms  0.498  0.155% neg 0  invalid 762 tFOTS 3.3240 tGradient 1.3940 tsec 4.9680
#FOTS# QuadFit found better minimum quadopt=(dt=25.6,rms=0.497261) vs oldopt=(dt=32,rms=0.497261)
#GCMRL#  369 dt  25.600000 rms  0.497  0.000% neg 0  invalid 762 tFOTS 3.3270 tGradient 1.3610 tsec 4.9530
#GCMRL#  370 dt  25.600000 rms  0.497  0.053% neg 0  invalid 762 tFOTS 0.0000 tGradient 1.3400 tsec 1.5800
#GCMRL#  371 dt  25.600000 rms  0.497  0.072% neg 0  invalid 762 tFOTS 0.0000 tGradient 1.3520 tsec 1.5930
#GCMRL#  372 dt  25.600000 rms  0.496  0.106% neg 0  invalid 762 tFOTS 0.0000 tGradient 1.3440 tsec 1.5850
#GCMRL#  373 dt  25.600000 rms  0.496  0.110% neg 0  invalid 762 tFOTS 0.0000 tGradient 1.3070 tsec 1.5460
#GCMRL#  374 dt  25.600000 rms  0.495  0.132% neg 0  invalid 762 tFOTS 0.0000 tGradient 1.3060 tsec 1.5480
#GCMRL#  375 dt  25.600000 rms  0.494  0.128% neg 0  invalid 762 tFOTS 0.0000 tGradient 1.3310 tsec 1.6250
#GCMRL#  376 dt  25.600000 rms  0.494  0.139% neg 0  invalid 762 tFOTS 0.0000 tGradient 1.3740 tsec 1.6150
#GCMRL#  377 dt  25.600000 rms  0.494  0.012% neg 0  invalid 762 tFOTS 0.0000 tGradient 1.3340 tsec 1.7020
#GCMRL#  378 dt  25.600000 rms  0.493  0.034% neg 0  invalid 762 tFOTS 0.0000 tGradient 1.3440 tsec 1.5840
#GCMRL#  379 dt  25.600000 rms  0.493  0.048% neg 0  invalid 762 tFOTS 0.0000 tGradient 1.3710 tsec 1.6080
#GCMRL#  380 dt  25.600000 rms  0.493  0.064% neg 0  invalid 762 tFOTS 0.0000 tGradient 1.3030 tsec 1.5400
#GCMRL#  381 dt  25.600000 rms  0.492  0.074% neg 0  invalid 762 tFOTS 0.0000 tGradient 1.3100 tsec 1.5460
#GCMRL#  382 dt  25.600000 rms  0.492  0.089% neg 0  invalid 762 tFOTS 0.0000 tGradient 1.3670 tsec 1.6040
#GCMRL#  383 dt  25.600000 rms  0.492  0.093% neg 0  invalid 762 tFOTS 0.0000 tGradient 1.3120 tsec 1.5490
#GCMRL#  384 dt  25.600000 rms  0.491  0.102% neg 0  invalid 762 tFOTS 0.0000 tGradient 1.3030 tsec 1.5400
#GCMRL#  385 dt  25.600000 rms  0.491  0.104% neg 0  invalid 762 tFOTS 0.0000 tGradient 1.3450 tsec 1.5820
#GCMRL#  386 dt  25.600000 rms  0.490  0.106% neg 0  invalid 762 tFOTS 0.0000 tGradient 1.3550 tsec 1.5920
#GCMRL#  387 dt  25.600000 rms  0.489  0.106% neg 0  invalid 762 tFOTS 0.0000 tGradient 1.3500 tsec 1.5900
#GCMRL#  388 dt  25.600000 rms  0.489  0.102% neg 0  invalid 762 tFOTS 0.0000 tGradient 1.3220 tsec 1.5580
#GCMRL#  389 dt  25.600000 rms  0.489  0.094% neg 0  invalid 762 tFOTS 0.0000 tGradient 1.3250 tsec 1.5660
#GCMRL#  390 dt  25.600000 rms  0.488  0.090% neg 0  invalid 762 tFOTS 0.0000 tGradient 1.3460 tsec 1.5860
#GCMRL#  391 dt  25.600000 rms  0.488  0.083% neg 0  invalid 762 tFOTS 0.0000 tGradient 1.3200 tsec 1.5730
#GCMRL#  392 dt  25.600000 rms  0.487  0.081% neg 0  invalid 762 tFOTS 0.0000 tGradient 1.3590 tsec 1.5970
#GCMRL#  393 dt  25.600000 rms  0.487  0.080% neg 0  invalid 762 tFOTS 0.0000 tGradient 1.3250 tsec 1.5650
#GCMRL#  394 dt  25.600000 rms  0.487  0.077% neg 0  invalid 762 tFOTS 0.0000 tGradient 1.3220 tsec 1.5720
#GCMRL#  395 dt  25.600000 rms  0.486  0.078% neg 0  invalid 762 tFOTS 0.0000 tGradient 1.3460 tsec 1.5850
#GCMRL#  396 dt  25.600000 rms  0.486  0.073% neg 0  invalid 762 tFOTS 0.0000 tGradient 1.3140 tsec 1.5540
#GCMRL#  397 dt  25.600000 rms  0.485  0.072% neg 0  invalid 762 tFOTS 0.0000 tGradient 1.3350 tsec 1.5740
#GCMRL#  398 dt  25.600000 rms  0.485  0.069% neg 0  invalid 762 tFOTS 0.0000 tGradient 1.3280 tsec 1.5630
#GCMRL#  399 dt  25.600000 rms  0.485  0.059% neg 0  invalid 762 tFOTS 0.0000 tGradient 1.3180 tsec 1.5510
#GCMRL#  400 dt  25.600000 rms  0.485  0.055% neg 0  invalid 762 tFOTS 0.0000 tGradient 1.3100 tsec 1.5440
#GCMRL#  401 dt  25.600000 rms  0.484  0.054% neg 0  invalid 762 tFOTS 0.0000 tGradient 1.3120 tsec 1.5440
#GCMRL#  402 dt  25.600000 rms  0.484  0.053% neg 0  invalid 762 tFOTS 0.0000 tGradient 1.3270 tsec 1.5600
#GCMRL#  403 dt  25.600000 rms  0.484  0.054% neg 0  invalid 762 tFOTS 0.0000 tGradient 1.3460 tsec 1.5790
#GCMRL#  404 dt  25.600000 rms  0.484  0.050% neg 0  invalid 762 tFOTS 0.0000 tGradient 1.3250 tsec 1.5760
#GCMRL#  405 dt  25.600000 rms  0.483  0.042% neg 0  invalid 762 tFOTS 0.0000 tGradient 1.3130 tsec 1.5490
#GCMRL#  406 dt  25.600000 rms  0.483  0.033% neg 0  invalid 762 tFOTS 0.0000 tGradient 1.2810 tsec 1.5150
#GCMRL#  407 dt  25.600000 rms  0.483  0.034% neg 0  invalid 762 tFOTS 0.0000 tGradient 1.2860 tsec 1.5200
#GCMRL#  408 dt  25.600000 rms  0.483  0.035% neg 0  invalid 762 tFOTS 0.0000 tGradient 1.4110 tsec 1.7040
#GCMRL#  409 dt  25.600000 rms  0.483  0.033% neg 0  invalid 762 tFOTS 0.0000 tGradient 1.3170 tsec 1.5540
#GCMRL#  410 dt  25.600000 rms  0.483  0.033% neg 0  invalid 762 tFOTS 0.0000 tGradient 1.3050 tsec 1.5430
#GCMRL#  411 dt  25.600000 rms  0.482  0.028% neg 0  invalid 762 tFOTS 0.0000 tGradient 1.3640 tsec 1.6010
#GCMRL#  412 dt  25.600000 rms  0.482  0.016% neg 0  invalid 762 tFOTS 0.0000 tGradient 1.3100 tsec 1.6740
#GCMRL#  413 dt  25.600000 rms  0.482  0.014% neg 0  invalid 762 tFOTS 0.0000 tGradient 1.3220 tsec 1.5870
#FOTS# QuadFit found better minimum quadopt=(dt=44.8,rms=0.482229) vs oldopt=(dt=32,rms=0.48223)
#GCMRL#  414 dt  44.800000 rms  0.482  0.000% neg 0  invalid 762 tFOTS 3.2170 tGradient 1.3380 tsec 4.8130
#GCMRL#  415 dt  44.800000 rms  0.482  0.008% neg 0  invalid 762 tFOTS 0.0000 tGradient 1.3860 tsec 1.6210
setting smoothness cost coefficient to 0.400

#GCAMreg# pass 0 level1 2 level2 0 tsec 0 sigma 2
l_jacobian=1.00 l_label=1.00 l_log_likelihood=0.20 l_smoothness=0.40 
tol=5.00e-02, dt=5.00e-02, exp_k=20.0, momentum=0.90, levels=6, niter=500, lbl_dist=10.00, avgs=4, sigma=2.0,type=2, relabel=0, neg=no

blurring input image with Gaussian with sigma=2.000...
GCAMRegisterLevel(): init RMS 0.510297
#GCMRL#  417 dt   0.000000 rms  0.510  0.154% neg 0  invalid 762 tFOTS 2.8800 tGradient 1.2380 tsec 4.3600
#GCMRL#  418 dt   0.150000 rms  0.510  0.000% neg 0  invalid 762 tFOTS 2.8020 tGradient 1.2520 tsec 4.4600

#GCAMreg# pass 0 level1 2 level2 1 tsec 19.67 sigma 0.5
l_jacobian=1.00 l_label=1.00 l_log_likelihood=0.20 l_smoothness=0.40 
tol=5.00e-02, dt=5.00e-02, exp_k=20.0, momentum=0.90, levels=6, niter=500, lbl_dist=10.00, avgs=4, sigma=0.5,type=2, relabel=0, neg=no

blurring input image with Gaussian with sigma=0.500...
GCAMRegisterLevel(): init RMS 0.510297
#GCMRL#  420 dt   0.000000 rms  0.510  0.154% neg 0  invalid 762 tFOTS 2.8980 tGradient 1.2800 tsec 4.4170
#GCMRL#  421 dt   0.150000 rms  0.510  0.000% neg 0  invalid 762 tFOTS 2.8680 tGradient 1.2390 tsec 4.5240
setting smoothness cost coefficient to 1.000

#GCAMreg# pass 0 level1 1 level2 0 tsec 0 sigma 2
l_jacobian=1.00 l_label=1.00 l_log_likelihood=0.20 l_smoothness=1.00 
tol=5.00e-02, dt=5.00e-02, exp_k=20.0, momentum=0.90, levels=6, niter=500, lbl_dist=10.00, avgs=1, sigma=2.0,type=2, relabel=0, neg=no

blurring input image with Gaussian with sigma=2.000...
GCAMRegisterLevel(): init RMS 0.563869
#FOTS# QuadFit found better minimum quadopt=(dt=1.536,rms=0.557479) vs oldopt=(dt=1.28,rms=0.557711)
#GCMRL#  423 dt   1.536000 rms  0.557  1.133% neg 0  invalid 762 tFOTS 3.0430 tGradient 1.0940 tsec 4.3790
#FOTS# QuadFit found better minimum quadopt=(dt=0.384,rms=0.557295) vs oldopt=(dt=0.32,rms=0.557302)
#GCMRL#  424 dt   0.384000 rms  0.557  0.000% neg 0  invalid 762 tFOTS 3.1300 tGradient 1.1170 tsec 4.5110

#GCAMreg# pass 0 level1 1 level2 1 tsec 19.566 sigma 0.5
l_jacobian=1.00 l_label=1.00 l_log_likelihood=0.20 l_smoothness=1.00 
tol=5.00e-02, dt=5.00e-02, exp_k=20.0, momentum=0.90, levels=6, niter=500, lbl_dist=10.00, avgs=1, sigma=0.5,type=2, relabel=0, neg=no

blurring input image with Gaussian with sigma=0.500...
GCAMRegisterLevel(): init RMS 0.558021
#FOTS# QuadFit found better minimum quadopt=(dt=0.448,rms=0.557113) vs oldopt=(dt=0.32,rms=0.557127)
#GCMRL#  426 dt   0.448000 rms  0.557  0.163% neg 0  invalid 762 tFOTS 3.2430 tGradient 1.1160 tsec 4.6090
#GCMRL#  427 dt   0.080000 rms  0.557  0.000% neg 0  invalid 762 tFOTS 3.2210 tGradient 1.0380 tsec 4.5280
resetting metric properties...
setting smoothness cost coefficient to 2.000

#GCAMreg# pass 0 level1 0 level2 0 tsec 0 sigma 2
l_jacobian=1.00 l_label=1.00 l_log_likelihood=0.20 l_smoothness=2.00 
tol=5.00e-02, dt=5.00e-02, exp_k=20.0, momentum=0.90, levels=6, niter=500, lbl_dist=10.00, avgs=0, sigma=2.0,type=2, relabel=0, neg=no

blurring input image with Gaussian with sigma=2.000...
GCAMRegisterLevel(): init RMS 0.495634
#FOTS# QuadFit found better minimum quadopt=(dt=0.448,rms=0.482468) vs oldopt=(dt=0.32,rms=0.485825)
#GCMRL#  429 dt   0.448000 rms  0.482  2.656% neg 0  invalid 762 tFOTS 2.9910 tGradient 0.6360 tsec 3.8770
#FOTS# QuadFit found better minimum quadopt=(dt=0.448,rms=0.479558) vs oldopt=(dt=0.32,rms=0.480361)
#GCMRL#  430 dt   0.448000 rms  0.480  0.603% neg 0  invalid 762 tFOTS 2.8990 tGradient 0.6390 tsec 3.7860
#FOTS# QuadFit found better minimum quadopt=(dt=0.448,rms=0.477752) vs oldopt=(dt=0.32,rms=0.478258)
#GCMRL#  431 dt   0.448000 rms  0.478  0.376% neg 0  invalid 762 tFOTS 2.9480 tGradient 0.6330 tsec 3.8270
#FOTS# QuadFit found better minimum quadopt=(dt=0.448,rms=0.47662) vs oldopt=(dt=0.32,rms=0.476936)
#GCMRL#  432 dt   0.448000 rms  0.477  0.237% neg 0  invalid 762 tFOTS 2.9580 tGradient 0.6330 tsec 3.8400
#FOTS# QuadFit found better minimum quadopt=(dt=0.448,rms=0.475767) vs oldopt=(dt=0.32,rms=0.476005)
#GCMRL#  433 dt   0.448000 rms  0.476  0.179% neg 0  invalid 762 tFOTS 2.9730 tGradient 0.6340 tsec 3.8570
#FOTS# QuadFit found better minimum quadopt=(dt=0.448,rms=0.475158) vs oldopt=(dt=0.32,rms=0.475327)
#GCMRL#  434 dt   0.448000 rms  0.475  0.128% neg 0  invalid 762 tFOTS 3.0280 tGradient 0.6450 tsec 3.9190
#FOTS# QuadFit found better minimum quadopt=(dt=0.448,rms=0.474634) vs oldopt=(dt=0.32,rms=0.474773)
#GCMRL#  435 dt   0.448000 rms  0.475  0.110% neg 0  invalid 762 tFOTS 2.9710 tGradient 0.6420 tsec 3.8620
#FOTS# QuadFit found better minimum quadopt=(dt=0.448,rms=0.474267) vs oldopt=(dt=0.32,rms=0.474367)
#GCMRL#  436 dt   0.448000 rms  0.474  0.077% neg 0  invalid 762 tFOTS 3.0170 tGradient 0.6430 tsec 3.9100
#FOTS# QuadFit found better minimum quadopt=(dt=0.448,rms=0.473919) vs oldopt=(dt=0.32,rms=0.474007)
#GCMRL#  437 dt   0.448000 rms  0.474  0.073% neg 0  invalid 762 tFOTS 3.0220 tGradient 0.6350 tsec 3.9070
#FOTS# QuadFit found better minimum quadopt=(dt=0.448,rms=0.473678) vs oldopt=(dt=0.32,rms=0.473741)
#GCMRL#  438 dt   0.448000 rms  0.474  0.051% neg 0  invalid 762 tFOTS 3.0040 tGradient 0.6400 tsec 3.8890
#FOTS# QuadFit found better minimum quadopt=(dt=0.448,rms=0.473434) vs oldopt=(dt=0.32,rms=0.473493)
#GCMRL#  439 dt   0.448000 rms  0.473  0.052% neg 0  invalid 762 tFOTS 2.9660 tGradient 0.6410 tsec 3.8570
#FOTS# QuadFit found better minimum quadopt=(dt=0.448,rms=0.473255) vs oldopt=(dt=0.32,rms=0.473295)
#GCMRL#  440 dt   0.448000 rms  0.473  0.000% neg 0  invalid 762 tFOTS 2.9970 tGradient 0.6390 tsec 3.9050
#GCMRL#  441 dt   0.448000 rms  0.473  0.040% neg 0  invalid 762 tFOTS 0.0000 tGradient 0.6330 tsec 0.8790
#GCMRL#  442 dt   0.448000 rms  0.473  0.064% neg 0  invalid 762 tFOTS 0.0000 tGradient 0.6400 tsec 0.8880
#GCMRL#  443 dt   0.448000 rms  0.473  0.023% neg 0  invalid 762 tFOTS 0.0000 tGradient 0.6460 tsec 1.0230
#GCMRL#  444 dt   0.448000 rms  0.472  0.047% neg 0  invalid 762 tFOTS 0.0000 tGradient 0.6460 tsec 0.8940
#GCMRL#  445 dt   0.224000 rms  0.472  0.014% neg 0  invalid 762 tFOTS 0.0000 tGradient 0.6390 tsec 1.1370
#GCMRL#  446 dt   0.224000 rms  0.472  0.018% neg 0  invalid 762 tFOTS 0.0000 tGradient 0.6350 tsec 0.8830
#GCMRL#  447 dt   0.224000 rms  0.472  0.006% neg 0  invalid 762 tFOTS 0.0000 tGradient 0.6400 tsec 1.0330
#GCMRL#  448 dt   0.320000 rms  0.472  0.012% neg 0  invalid 762 tFOTS 3.0130 tGradient 0.6430 tsec 3.9080
#FOTS# QuadFit found better minimum quadopt=(dt=0.384,rms=0.472138) vs oldopt=(dt=0.32,rms=0.472144)
#GCMRL#  449 dt   0.384000 rms  0.472  0.000% neg 0  invalid 762 tFOTS 3.0230 tGradient 0.6400 tsec 3.9340
#GCMRL#  450 dt   0.384000 rms  0.472  0.012% neg 0  invalid 762 tFOTS 0.0000 tGradient 0.6450 tsec 0.8930
#GCMRL#  451 dt   0.384000 rms  0.472  0.020% neg 0  invalid 762 tFOTS 0.0000 tGradient 0.6440 tsec 0.8880
#GCMRL#  452 dt   0.384000 rms  0.472  0.010% neg 0  invalid 762 tFOTS 0.0000 tGradient 0.6470 tsec 1.0250
#GCMRL#  453 dt   0.384000 rms  0.472  0.014% neg 0  invalid 762 tFOTS 0.0000 tGradient 0.6430 tsec 0.8910

#GCAMreg# pass 0 level1 0 level2 1 tsec 74.871 sigma 0.5
l_jacobian=1.00 l_label=1.00 l_log_likelihood=0.20 l_smoothness=2.00 
tol=5.00e-02, dt=5.00e-02, exp_k=20.0, momentum=0.90, levels=6, niter=500, lbl_dist=10.00, avgs=0, sigma=0.5,type=2, relabel=0, neg=no

blurring input image with Gaussian with sigma=0.500...
GCAMRegisterLevel(): init RMS 0.472762
#FOTS# QuadFit found better minimum quadopt=(dt=0.448,rms=0.469794) vs oldopt=(dt=0.32,rms=0.470325)
#GCMRL#  455 dt   0.448000 rms  0.470  0.628% neg 0  invalid 762 tFOTS 3.0000 tGradient 0.6430 tsec 3.8920
#FOTS# QuadFit found better minimum quadopt=(dt=0.448,rms=0.469563) vs oldopt=(dt=0.32,rms=0.469614)
#GCMRL#  456 dt   0.448000 rms  0.470  0.000% neg 0  invalid 762 tFOTS 3.0030 tGradient 0.6290 tsec 3.9000
#GCMRL#  457 dt   0.448000 rms  0.469  0.016% neg 0  invalid 762 tFOTS 0.0000 tGradient 0.6440 tsec 0.8910
#GCMRL#  458 dt   0.448000 rms  0.469  0.014% neg 0  invalid 762 tFOTS 0.0000 tGradient 0.6370 tsec 1.0170
#GCMRL#  459 dt   0.448000 rms  0.469  0.002% neg 0  invalid 762 tFOTS 0.0000 tGradient 0.6420 tsec 1.0330
#FOTS# QuadFit found better minimum quadopt=(dt=0.384,rms=0.469364) vs oldopt=(dt=0.32,rms=0.469365)
#GCMRL#  460 dt   0.384000 rms  0.469  0.010% neg 0  invalid 762 tFOTS 3.0110 tGradient 0.6410 tsec 3.9390
GCAMregister done in 19.0265 min
********************* ALLOWING NEGATIVE NODES IN DEFORMATION********************************
noneg post
Starting GCAMregister()
label assignment complete, 0 changed (0.00%)
npasses = 1, nlevels = 6
#pass# 1 of 1 ************************
enabling zero nodes
setting smoothness cost coefficient to 0.008

#GCAMreg# pass 0 level1 5 level2 0 tsec 0 sigma 2
l_jacobian=1.00 l_label=1.00 l_log_likelihood=0.20 l_smoothness=0.01 
tol=2.50e-01, dt=5.00e-02, exp_k=20.0, momentum=0.90, levels=6, niter=500, lbl_dist=10.00, avgs=256, sigma=2.0,type=2, relabel=0, neg=yes

blurring input image with Gaussian with sigma=2.000...
GCAMRegisterLevel(): init RMS 0.467982
#FOTS# QuadFit found better minimum quadopt=(dt=73.984,rms=0.466974) vs oldopt=(dt=92.48,rms=0.466976)
#GCMRL#  462 dt  73.984000 rms  0.467  0.215% neg 0  invalid 762 tFOTS 3.6190 tGradient 1.7940 tsec 5.6650
#FOTS# QuadFit found better minimum quadopt=(dt=129.472,rms=0.466862) vs oldopt=(dt=92.48,rms=0.466878)
#GCMRL#  463 dt 129.472000 rms  0.467  0.000% neg 0  invalid 762 tFOTS 3.6630 tGradient 1.8200 tsec 5.7540

#GCAMreg# pass 0 level1 5 level2 1 tsec 22.814 sigma 0.5
l_jacobian=1.00 l_label=1.00 l_log_likelihood=0.20 l_smoothness=0.01 
tol=2.50e-01, dt=5.00e-02, exp_k=20.0, momentum=0.90, levels=6, niter=500, lbl_dist=10.00, avgs=256, sigma=0.5,type=2, relabel=0, neg=yes

blurring input image with Gaussian with sigma=0.500...
GCAMRegisterLevel(): init RMS 0.467795
#GCMRL#  465 dt  92.480000 rms  0.467  0.226% neg 0  invalid 762 tFOTS 3.6720 tGradient 1.7820 tsec 5.7070
#FOTS# QuadFit found better minimum quadopt=(dt=221.952,rms=0.466607) vs oldopt=(dt=369.92,rms=0.466643)
#GCMRL#  466 dt 221.952000 rms  0.467  0.000% neg 0  invalid 762 tFOTS 3.6070 tGradient 1.7790 tsec 5.6540
setting smoothness cost coefficient to 0.031

#GCAMreg# pass 0 level1 4 level2 0 tsec 0 sigma 2
l_jacobian=1.00 l_label=1.00 l_log_likelihood=0.20 l_smoothness=0.03 
tol=2.50e-01, dt=5.00e-02, exp_k=20.0, momentum=0.90, levels=6, niter=500, lbl_dist=10.00, avgs=64, sigma=2.0,type=2, relabel=0, neg=yes

blurring input image with Gaussian with sigma=2.000...
GCAMRegisterLevel(): init RMS 0.467574
#FOTS# QuadFit found better minimum quadopt=(dt=36.288,rms=0.466024) vs oldopt=(dt=25.92,rms=0.466135)
#GCMRL#  468 dt  36.288000 rms  0.466  0.331% neg 0  invalid 762 tFOTS 3.6590 tGradient 1.4160 tsec 5.3250
#FOTS# QuadFit found better minimum quadopt=(dt=82.944,rms=0.465636) vs oldopt=(dt=103.68,rms=0.465678)
#GCMRL#  469 dt  82.944000 rms  0.466  0.000% neg 0  invalid 762 tFOTS 3.6930 tGradient 1.4510 tsec 5.4170
#GCMRL#  470 dt  82.944000 rms  0.465  0.082% neg 0  invalid 762 tFOTS 0.0000 tGradient 1.4510 tsec 1.6970
#GCMRL#  471 dt  82.944000 rms  0.465  0.032% neg 0  invalid 762 tFOTS 0.0000 tGradient 1.4270 tsec 1.6710
iter 0, gcam->neg = 3
after 1 iterations, nbhd size=0, neg = 0

#GCAMreg# pass 0 level1 4 level2 1 tsec 26.279 sigma 0.5
l_jacobian=1.00 l_label=1.00 l_log_likelihood=0.20 l_smoothness=0.03 
tol=2.50e-01, dt=5.00e-02, exp_k=20.0, momentum=0.90, levels=6, niter=500, lbl_dist=10.00, avgs=64, sigma=0.5,type=2, relabel=0, neg=yes

blurring input image with Gaussian with sigma=0.500...
GCAMRegisterLevel(): init RMS 0.466057
#FOTS# QuadFit found better minimum quadopt=(dt=82.944,rms=0.463883) vs oldopt=(dt=103.68,rms=0.463965)
#GCMRL#  473 dt  82.944000 rms  0.464  0.466% neg 0  invalid 762 tFOTS 3.8680 tGradient 1.6340 tsec 5.7510
#FOTS# QuadFit found better minimum quadopt=(dt=67.2201,rms=0.463116) vs oldopt=(dt=103.68,rms=0.463316)
#GCMRL#  474 dt  67.220126 rms  0.463  0.000% neg 0  invalid 762 tFOTS 3.8220 tGradient 1.6110 tsec 5.7000
#GCMRL#  475 dt  67.220126 rms  0.463  0.056% neg 0  invalid 762 tFOTS 0.0000 tGradient 1.6220 tsec 1.8660
iter 0, gcam->neg = 1
after 0 iterations, nbhd size=0, neg = 0
#GCMRL#  476 dt  67.220126 rms  0.462  0.140% neg 0  invalid 762 tFOTS 0.0000 tGradient 1.6600 tsec 2.7330
#GCMRL#  477 dt  67.220126 rms  0.462  0.112% neg 0  invalid 762 tFOTS 0.0000 tGradient 1.6620 tsec 1.9070
iter 0, gcam->neg = 1
after 0 iterations, nbhd size=0, neg = 0
#GCMRL#  478 dt  67.220126 rms  0.461  0.151% neg 0  invalid 762 tFOTS 0.0000 tGradient 1.6620 tsec 2.7340
#GCMRL#  479 dt  67.220126 rms  0.461  0.065% neg 0  invalid 762 tFOTS 0.0000 tGradient 1.6910 tsec 1.9350
iter 0, gcam->neg = 1
after 1 iterations, nbhd size=0, neg = 0
#GCMRL#  480 dt  67.220126 rms  0.460  0.079% neg 0  invalid 762 tFOTS 0.0000 tGradient 1.6840 tsec 3.1270
iter 0, gcam->neg = 1
after 0 iterations, nbhd size=0, neg = 0
#GCMRL#  481 dt  67.220126 rms  0.460  0.094% neg 0  invalid 762 tFOTS 0.0000 tGradient 1.6880 tsec 2.7570
iter 0, gcam->neg = 2
after 7 iterations, nbhd size=1, neg = 0
#GCMRL#  482 dt  67.220126 rms  0.460  0.046% neg 0  invalid 762 tFOTS 0.0000 tGradient 1.7160 tsec 5.4260
#FOTS# QuadFit found better minimum quadopt=(dt=31.104,rms=0.459588) vs oldopt=(dt=25.92,rms=0.45959)
#GCMRL#  483 dt  31.104000 rms  0.460  0.000% neg 0  invalid 762 tFOTS 3.8340 tGradient 1.7130 tsec 5.8180
#GCMRL#  484 dt  31.104000 rms  0.460  0.007% neg 0  invalid 762 tFOTS 0.0000 tGradient 1.6440 tsec 1.8880
#GCMRL#  485 dt  31.104000 rms  0.459  0.019% neg 0  invalid 762 tFOTS 0.0000 tGradient 1.6950 tsec 1.9410
#GCMRL#  486 dt  31.104000 rms  0.459  0.024% neg 0  invalid 762 tFOTS 0.0000 tGradient 1.6860 tsec 1.9310
iter 0, gcam->neg = 1
after 0 iterations, nbhd size=0, neg = 0
#GCMRL#  487 dt  31.104000 rms  0.459  0.028% neg 0  invalid 762 tFOTS 0.0000 tGradient 1.6830 tsec 2.7560
#GCMRL#  488 dt  31.104000 rms  0.459  0.027% neg 0  invalid 762 tFOTS 0.0000 tGradient 1.6850 tsec 1.9280
#GCMRL#  489 dt  31.104000 rms  0.459  0.029% neg 0  invalid 762 tFOTS 0.0000 tGradient 1.6820 tsec 1.9250
setting smoothness cost coefficient to 0.118

#GCAMreg# pass 0 level1 3 level2 0 tsec 0 sigma 2
l_jacobian=1.00 l_label=1.00 l_log_likelihood=0.20 l_smoothness=0.12 
tol=2.50e-01, dt=5.00e-02, exp_k=20.0, momentum=0.90, levels=6, niter=500, lbl_dist=10.00, avgs=16, sigma=2.0,type=2, relabel=0, neg=yes

blurring input image with Gaussian with sigma=2.000...
GCAMRegisterLevel(): init RMS 0.460449
#FOTS# QuadFit found better minimum quadopt=(dt=38.4,rms=0.4578) vs oldopt=(dt=32,rms=0.457807)
iter 0, gcam->neg = 6
after 7 iterations, nbhd size=0, neg = 0
#GCMRL#  491 dt  38.400000 rms  0.458  0.575% neg 0  invalid 762 tFOTS 3.8480 tGradient 1.3820 tsec 8.9200
#FOTS# QuadFit found better minimum quadopt=(dt=67.5556,rms=0.455612) vs oldopt=(dt=32,rms=0.455978)
iter 0, gcam->neg = 20
after 7 iterations, nbhd size=0, neg = 0
#GCMRL#  492 dt  67.555556 rms  0.456  0.481% neg 0  invalid 762 tFOTS 3.8650 tGradient 1.3870 tsec 8.9420
#FOTS# QuadFit found better minimum quadopt=(dt=11.2,rms=0.454619) vs oldopt=(dt=8,rms=0.454801)
iter 0, gcam->neg = 3
after 3 iterations, nbhd size=0, neg = 0
#GCMRL#  493 dt  11.200000 rms  0.455  0.000% neg 0  invalid 762 tFOTS 3.8710 tGradient 1.3920 tsec 7.4740
iter 0, gcam->neg = 3
after 0 iterations, nbhd size=0, neg = 0
#GCMRL#  494 dt  11.200000 rms  0.454  0.069% neg 0  invalid 762 tFOTS 0.0000 tGradient 1.3640 tsec 2.4280
iter 0, gcam->neg = 5
after 3 iterations, nbhd size=0, neg = 0
#GCMRL#  495 dt  11.200000 rms  0.454  0.071% neg 0  invalid 762 tFOTS 0.0000 tGradient 1.3810 tsec 3.5530
iter 0, gcam->neg = 7
after 4 iterations, nbhd size=0, neg = 0
#GCMRL#  496 dt  11.200000 rms  0.454  0.098% neg 0  invalid 762 tFOTS 0.0000 tGradient 1.3760 tsec 3.9320
iter 0, gcam->neg = 6
after 7 iterations, nbhd size=0, neg = 0
#GCMRL#  497 dt  11.200000 rms  0.453  0.168% neg 0  invalid 762 tFOTS 0.0000 tGradient 1.3910 tsec 5.0430
iter 0, gcam->neg = 8
after 6 iterations, nbhd size=0, neg = 0
#GCMRL#  498 dt  11.200000 rms  0.452  0.203% neg 0  invalid 762 tFOTS 0.0000 tGradient 1.3900 tsec 4.6980
iter 0, gcam->neg = 6
after 5 iterations, nbhd size=0, neg = 0
#GCMRL#  499 dt  11.200000 rms  0.451  0.181% neg 0  invalid 762 tFOTS 0.0000 tGradient 1.3710 tsec 4.3030
iter 0, gcam->neg = 6
after 5 iterations, nbhd size=0, neg = 0
#GCMRL#  500 dt  11.200000 rms  0.450  0.161% neg 0  invalid 762 tFOTS 0.0000 tGradient 1.3930 tsec 4.3230
iter 0, gcam->neg = 9
after 5 iterations, nbhd size=0, neg = 0
#GCMRL#  501 dt  11.200000 rms  0.450  0.142% neg 0  invalid 762 tFOTS 0.0000 tGradient 1.4290 tsec 4.3610
iter 0, gcam->neg = 8
after 4 iterations, nbhd size=0, neg = 0
#GCMRL#  502 dt  11.200000 rms  0.449  0.115% neg 0  invalid 762 tFOTS 0.0000 tGradient 1.4340 tsec 3.9890
iter 0, gcam->neg = 5
after 8 iterations, nbhd size=1, neg = 0
#GCMRL#  503 dt  11.200000 rms  0.449  0.093% neg 0  invalid 762 tFOTS 0.0000 tGradient 1.4140 tsec 5.5060
#FOTS# QuadFit found better minimum quadopt=(dt=44.8,rms=0.448311) vs oldopt=(dt=32,rms=0.448374)
iter 0, gcam->neg = 3
after 4 iterations, nbhd size=0, neg = 0
#GCMRL#  504 dt  44.800000 rms  0.448  0.000% neg 0  invalid 762 tFOTS 3.6370 tGradient 1.3900 tsec 7.6070
iter 0, gcam->neg = 8
after 5 iterations, nbhd size=0, neg = 0

#GCAMreg# pass 0 level1 3 level2 1 tsec 88.762 sigma 0.5
l_jacobian=1.00 l_label=1.00 l_log_likelihood=0.20 l_smoothness=0.12 
tol=2.50e-01, dt=5.00e-02, exp_k=20.0, momentum=0.90, levels=6, niter=500, lbl_dist=10.00, avgs=16, sigma=0.5,type=2, relabel=0, neg=yes

blurring input image with Gaussian with sigma=0.500...
GCAMRegisterLevel(): init RMS 0.449282
#FOTS# QuadFit found better minimum quadopt=(dt=44.8,rms=0.445702) vs oldopt=(dt=32,rms=0.445957)
iter 0, gcam->neg = 4
after 3 iterations, nbhd size=0, neg = 0
#GCMRL#  506 dt  44.800000 rms  0.446  0.794% neg 0  invalid 762 tFOTS 3.8300 tGradient 1.4030 tsec 7.4270
iter 0, gcam->neg = 6
after 4 iterations, nbhd size=0, neg = 0
#GCMRL#  507 dt  32.000000 rms  0.445  0.000% neg 0  invalid 762 tFOTS 3.7880 tGradient 1.3970 tsec 7.7670
iter 0, gcam->neg = 1
after 1 iterations, nbhd size=0, neg = 0
#GCMRL#  508 dt  32.000000 rms  0.444  0.115% neg 0  invalid 762 tFOTS 0.0000 tGradient 1.3840 tsec 2.8280
iter 0, gcam->neg = 2
after 0 iterations, nbhd size=0, neg = 0
#GCMRL#  509 dt  32.000000 rms  0.443  0.248% neg 0  invalid 762 tFOTS 0.0000 tGradient 1.4470 tsec 2.5070
iter 0, gcam->neg = 8
after 8 iterations, nbhd size=0, neg = 0
#GCMRL#  510 dt  32.000000 rms  0.442  0.129% neg 0  invalid 762 tFOTS 0.0000 tGradient 1.3910 tsec 5.4300
iter 0, gcam->neg = 7
after 2 iterations, nbhd size=0, neg = 0
#GCMRL#  511 dt  32.000000 rms  0.442  0.216% neg 0  invalid 762 tFOTS 0.0000 tGradient 1.3760 tsec 3.1770
iter 0, gcam->neg = 4
after 3 iterations, nbhd size=0, neg = 0
#GCMRL#  512 dt  32.000000 rms  0.441  0.042% neg 0  invalid 762 tFOTS 0.0000 tGradient 1.3620 tsec 3.5420
iter 0, gcam->neg = 11
after 2 iterations, nbhd size=0, neg = 0
#GCMRL#  513 dt  32.000000 rms  0.441  0.163% neg 0  invalid 762 tFOTS 0.0000 tGradient 1.3980 tsec 3.2090
iter 0, gcam->neg = 5
after 1 iterations, nbhd size=0, neg = 0
#GCMRL#  514 dt  32.000000 rms  0.440  0.031% neg 0  invalid 762 tFOTS 0.0000 tGradient 1.3910 tsec 2.8300
iter 0, gcam->neg = 14
after 4 iterations, nbhd size=0, neg = 0
#GCMRL#  515 dt  32.000000 rms  0.440  0.134% neg 0  invalid 762 tFOTS 0.0000 tGradient 1.3960 tsec 3.9610
iter 0, gcam->neg = 28
after 7 iterations, nbhd size=0, neg = 0
#GCMRL#  516 dt  32.000000 rms  0.439  0.091% neg 0  invalid 762 tFOTS 0.0000 tGradient 1.4330 tsec 5.1150
iter 0, gcam->neg = 70
after 8 iterations, nbhd size=0, neg = 0
#GCMRL#  517 dt  32.000000 rms  0.439  0.110% neg 0  invalid 762 tFOTS 0.0000 tGradient 1.4100 tsec 5.4730
iter 0, gcam->neg = 109
after 7 iterations, nbhd size=0, neg = 0
#GCMRL#  518 dt  32.000000 rms  0.439  0.084% neg 0  invalid 762 tFOTS 0.0000 tGradient 1.3890 tsec 5.0900
#FOTS# QuadFit found better minimum quadopt=(dt=25.6,rms=0.43812) vs oldopt=(dt=32,rms=0.438182)
#GCMRL#  519 dt  25.600000 rms  0.438  0.117% neg 0  invalid 762 tFOTS 3.9550 tGradient 1.4170 tsec 5.6270
#FOTS# QuadFit found better minimum quadopt=(dt=11.2,rms=0.437956) vs oldopt=(dt=8,rms=0.437989)
#GCMRL#  520 dt  11.200000 rms  0.438  0.000% neg 0  invalid 762 tFOTS 3.8660 tGradient 1.3970 tsec 5.5350
#GCMRL#  521 dt  11.200000 rms  0.438  0.027% neg 0  invalid 762 tFOTS 0.0000 tGradient 1.3590 tsec 1.6040
#GCMRL#  522 dt  11.200000 rms  0.438  0.024% neg 0  invalid 762 tFOTS 0.0000 tGradient 1.3820 tsec 1.6270
#GCMRL#  523 dt  11.200000 rms  0.438  0.038% neg 0  invalid 762 tFOTS 0.0000 tGradient 1.3750 tsec 1.6210
setting smoothness cost coefficient to 0.400

#GCAMreg# pass 0 level1 2 level2 0 tsec 0 sigma 2
l_jacobian=1.00 l_label=1.00 l_log_likelihood=0.20 l_smoothness=0.40 
tol=2.50e-01, dt=5.00e-02, exp_k=20.0, momentum=0.90, levels=6, niter=500, lbl_dist=10.00, avgs=4, sigma=2.0,type=2, relabel=0, neg=yes

blurring input image with Gaussian with sigma=2.000...
GCAMRegisterLevel(): init RMS 0.444124
#FOTS# QuadFit found better minimum quadopt=(dt=2,rms=0.44304) vs oldopt=(dt=2.88,rms=0.443053)
#GCMRL#  525 dt   2.000000 rms  0.443  0.244% neg 0  invalid 762 tFOTS 3.8980 tGradient 1.2320 tsec 5.3800
#FOTS# QuadFit found better minimum quadopt=(dt=1,rms=0.44304) vs oldopt=(dt=0.72,rms=0.443041)

#GCAMreg# pass 0 level1 2 level2 1 tsec 20.017 sigma 0.5
l_jacobian=1.00 l_label=1.00 l_log_likelihood=0.20 l_smoothness=0.40 
tol=2.50e-01, dt=5.00e-02, exp_k=20.0, momentum=0.90, levels=6, niter=500, lbl_dist=10.00, avgs=4, sigma=0.5,type=2, relabel=0, neg=yes

blurring input image with Gaussian with sigma=0.500...
GCAMRegisterLevel(): init RMS 0.44403
#FOTS# QuadFit found better minimum quadopt=(dt=2.304,rms=0.442998) vs oldopt=(dt=2.88,rms=0.443005)
#GCMRL#  527 dt   2.304000 rms  0.443  0.232% neg 0  invalid 762 tFOTS 3.8620 tGradient 1.1890 tsec 5.3020
#FOTS# QuadFit found better minimum quadopt=(dt=1.008,rms=0.442994) vs oldopt=(dt=0.72,rms=0.442998)
#GCMRL#  528 dt   1.008000 rms  0.443  0.000% neg 0  invalid 762 tFOTS 3.8600 tGradient 1.1950 tsec 5.3360
#GCMRL#  529 dt   1.008000 rms  0.443  0.002% neg 0  invalid 762 tFOTS 0.0000 tGradient 1.1960 tsec 1.4400
setting smoothness cost coefficient to 1.000

#GCAMreg# pass 0 level1 1 level2 0 tsec 0 sigma 2
l_jacobian=1.00 l_label=1.00 l_log_likelihood=0.20 l_smoothness=1.00 
tol=2.50e-01, dt=5.00e-02, exp_k=20.0, momentum=0.90, levels=6, niter=500, lbl_dist=10.00, avgs=1, sigma=2.0,type=2, relabel=0, neg=yes

blurring input image with Gaussian with sigma=2.000...
GCAMRegisterLevel(): init RMS 0.453548
#FOTS# QuadFit found better minimum quadopt=(dt=1.024,rms=0.452087) vs oldopt=(dt=1.28,rms=0.452135)
#GCMRL#  531 dt   1.024000 rms  0.452  0.322% neg 0  invalid 762 tFOTS 3.8900 tGradient 1.0210 tsec 5.1620
#FOTS# QuadFit found better minimum quadopt=(dt=0.384,rms=0.452056) vs oldopt=(dt=0.32,rms=0.452056)
#GCMRL#  532 dt   0.384000 rms  0.452  0.000% neg 0  invalid 762 tFOTS 3.8840 tGradient 1.0420 tsec 5.1970

#GCAMreg# pass 0 level1 1 level2 1 tsec 20.977 sigma 0.5
l_jacobian=1.00 l_label=1.00 l_log_likelihood=0.20 l_smoothness=1.00 
tol=2.50e-01, dt=5.00e-02, exp_k=20.0, momentum=0.90, levels=6, niter=500, lbl_dist=10.00, avgs=1, sigma=0.5,type=2, relabel=0, neg=yes

blurring input image with Gaussian with sigma=0.500...
GCAMRegisterLevel(): init RMS 0.452985
#FOTS# QuadFit found better minimum quadopt=(dt=1.024,rms=0.451723) vs oldopt=(dt=1.28,rms=0.451724)
#GCMRL#  534 dt   1.024000 rms  0.452  0.279% neg 0  invalid 762 tFOTS 3.8870 tGradient 1.0450 tsec 5.1850
#FOTS# QuadFit found better minimum quadopt=(dt=0.448,rms=0.451661) vs oldopt=(dt=0.32,rms=0.45167)
#GCMRL#  535 dt   0.448000 rms  0.452  0.000% neg 0  invalid 762 tFOTS 3.8900 tGradient 1.0400 tsec 5.2010
#GCMRL#  536 dt   0.448000 rms  0.452  0.005% neg 0  invalid 762 tFOTS 0.0000 tGradient 1.0380 tsec 1.2860
resetting metric properties...
setting smoothness cost coefficient to 2.000

#GCAMreg# pass 0 level1 0 level2 0 tsec 0 sigma 2
l_jacobian=1.00 l_label=1.00 l_log_likelihood=0.20 l_smoothness=2.00 
tol=2.50e-01, dt=5.00e-02, exp_k=20.0, momentum=0.90, levels=6, niter=500, lbl_dist=10.00, avgs=0, sigma=2.0,type=2, relabel=0, neg=yes

blurring input image with Gaussian with sigma=2.000...
GCAMRegisterLevel(): init RMS 0.443409
#FOTS# QuadFit found better minimum quadopt=(dt=1.90934,rms=0.417888) vs oldopt=(dt=1.28,rms=0.420796)
iter 0, gcam->neg = 819
after 14 iterations, nbhd size=1, neg = 0
#GCMRL#  538 dt   1.909342 rms  0.418  5.742% neg 0  invalid 762 tFOTS 3.8820 tGradient 0.6420 tsec 10.8840
#GCMRL#  539 dt   0.000013 rms  0.418  0.000% neg 0  invalid 762 tFOTS 4.8570 tGradient 0.6110 tsec 5.7370

#GCAMreg# pass 0 level1 0 level2 1 tsec 26.834 sigma 0.5
l_jacobian=1.00 l_label=1.00 l_log_likelihood=0.20 l_smoothness=2.00 
tol=2.50e-01, dt=5.00e-02, exp_k=20.0, momentum=0.90, levels=6, niter=500, lbl_dist=10.00, avgs=0, sigma=0.5,type=2, relabel=0, neg=yes

blurring input image with Gaussian with sigma=0.500...
GCAMRegisterLevel(): init RMS 0.418968
#FOTS# QuadFit found better minimum quadopt=(dt=0.028,rms=0.41784) vs oldopt=(dt=0.02,rms=0.417847)
#GCMRL#  541 dt   0.028000 rms  0.418  0.269% neg 0  invalid 762 tFOTS 3.8300 tGradient 0.6120 tsec 4.6930
#FOTS# QuadFit found better minimum quadopt=(dt=0.007,rms=0.417833) vs oldopt=(dt=0.005,rms=0.417833)
#GCMRL#  542 dt   0.007000 rms  0.418  0.000% neg 0  invalid 762 tFOTS 3.8200 tGradient 0.6080 tsec 4.6950
label assignment complete, 0 changed (0.00%)
GCAMregister done in 6.55423 min
Starting GCAMcomputeMaxPriorLabels()
Morphing with label term set to 0 *******************************
Starting GCAMregister()
label assignment complete, 0 changed (0.00%)
npasses = 1, nlevels = 6
#pass# 1 of 1 ************************
enabling zero nodes
setting smoothness cost coefficient to 0.008

#GCAMreg# pass 0 level1 5 level2 0 tsec 0 sigma 2
l_jacobian=1.00 l_log_likelihood=0.20 l_smoothness=0.01 
tol=2.50e-01, dt=5.00e-02, exp_k=20.0, momentum=0.90, levels=6, niter=500, lbl_dist=10.00, avgs=256, sigma=2.0,type=2, relabel=0, neg=yes

blurring input image with Gaussian with sigma=2.000...
GCAMRegisterLevel(): init RMS 0.405618
#FOTS# QuadFit found better minimum quadopt=(dt=2.023,rms=0.405618) vs oldopt=(dt=1.445,rms=0.405618)
#GCMRL#  544 dt   2.023000 rms  0.406  0.000% neg 0  invalid 762 tFOTS 3.4460 tGradient 1.8360 tsec 5.5100
#FOTS# QuadFit found better minimum quadopt=(dt=0.867,rms=0.405618) vs oldopt=(dt=1.445,rms=0.405618)
#GCMRL#  545 dt   0.867000 rms  0.406  0.000% neg 0  invalid 762 tFOTS 3.3420 tGradient 2.1660 tsec 5.7500

#GCAMreg# pass 0 level1 5 level2 1 tsec 22.916 sigma 0.5
l_jacobian=1.00 l_log_likelihood=0.20 l_smoothness=0.01 
tol=2.50e-01, dt=5.00e-02, exp_k=20.0, momentum=0.90, levels=6, niter=500, lbl_dist=10.00, avgs=256, sigma=0.5,type=2, relabel=0, neg=yes

blurring input image with Gaussian with sigma=0.500...
GCAMRegisterLevel(): init RMS 0.405618
#FOTS# QuadFit found better minimum quadopt=(dt=18.496,rms=0.405613) vs oldopt=(dt=23.12,rms=0.405613)
#GCMRL#  547 dt  18.496000 rms  0.406  0.001% neg 0  invalid 762 tFOTS 3.3700 tGradient 2.2130 tsec 5.8100
setting smoothness cost coefficient to 0.031

#GCAMreg# pass 0 level1 4 level2 0 tsec 0 sigma 2
l_jacobian=1.00 l_log_likelihood=0.20 l_smoothness=0.03 
tol=2.50e-01, dt=5.00e-02, exp_k=20.0, momentum=0.90, levels=6, niter=500, lbl_dist=10.00, avgs=64, sigma=2.0,type=2, relabel=0, neg=yes

blurring input image with Gaussian with sigma=2.000...
GCAMRegisterLevel(): init RMS 0.405768
#FOTS# QuadFit found better minimum quadopt=(dt=0.567,rms=0.405768) vs oldopt=(dt=0.405,rms=0.405768)
#GCMRL#  549 dt   0.567000 rms  0.406  0.000% neg 0  invalid 762 tFOTS 3.3820 tGradient 1.3670 tsec 4.9780
#FOTS# QuadFit found better minimum quadopt=(dt=0.324,rms=0.405768) vs oldopt=(dt=0.405,rms=0.405768)
#GCMRL#  550 dt   0.324000 rms  0.406  0.000% neg 0  invalid 762 tFOTS 3.4550 tGradient 1.4740 tsec 5.1820

#GCAMreg# pass 0 level1 4 level2 1 tsec 21.175 sigma 0.5
l_jacobian=1.00 l_log_likelihood=0.20 l_smoothness=0.03 
tol=2.50e-01, dt=5.00e-02, exp_k=20.0, momentum=0.90, levels=6, niter=500, lbl_dist=10.00, avgs=64, sigma=0.5,type=2, relabel=0, neg=yes

blurring input image with Gaussian with sigma=0.500...
GCAMRegisterLevel(): init RMS 0.405768
#FOTS# QuadFit found better minimum quadopt=(dt=31.104,rms=0.405691) vs oldopt=(dt=25.92,rms=0.405693)
#GCMRL#  552 dt  31.104000 rms  0.406  0.019% neg 0  invalid 762 tFOTS 3.2020 tGradient 1.5190 tsec 4.9530
#FOTS# QuadFit found better minimum quadopt=(dt=36.288,rms=0.405657) vs oldopt=(dt=25.92,rms=0.405661)
#GCMRL#  553 dt  36.288000 rms  0.406  0.000% neg 0  invalid 762 tFOTS 3.3290 tGradient 1.5090 tsec 5.0930
#GCMRL#  554 dt  36.288000 rms  0.406  0.008% neg 0  invalid 762 tFOTS 0.0000 tGradient 1.5150 tsec 1.7390
#GCMRL#  555 dt  36.288000 rms  0.406  0.005% neg 0  invalid 762 tFOTS 0.0000 tGradient 1.5510 tsec 1.7750
iter 0, gcam->neg = 1
after 0 iterations, nbhd size=0, neg = 0
setting smoothness cost coefficient to 0.118

#GCAMreg# pass 0 level1 3 level2 0 tsec 0 sigma 2
l_jacobian=1.00 l_log_likelihood=0.20 l_smoothness=0.12 
tol=2.50e-01, dt=5.00e-02, exp_k=20.0, momentum=0.90, levels=6, niter=500, lbl_dist=10.00, avgs=16, sigma=2.0,type=2, relabel=0, neg=yes

blurring input image with Gaussian with sigma=2.000...
GCAMRegisterLevel(): init RMS 0.406201
#FOTS# QuadFit found better minimum quadopt=(dt=11.2,rms=0.405904) vs oldopt=(dt=8,rms=0.405945)
iter 0, gcam->neg = 3
after 0 iterations, nbhd size=0, neg = 0
#GCMRL#  557 dt  11.200000 rms  0.406  0.074% neg 0  invalid 762 tFOTS 3.4400 tGradient 1.1120 tsec 5.5990
#FOTS# QuadFit found better minimum quadopt=(dt=11.2,rms=0.405799) vs oldopt=(dt=8,rms=0.405808)
iter 0, gcam->neg = 9
after 10 iterations, nbhd size=1, neg = 0

#GCAMreg# pass 0 level1 3 level2 1 tsec 24.103 sigma 0.5
l_jacobian=1.00 l_log_likelihood=0.20 l_smoothness=0.12 
tol=2.50e-01, dt=5.00e-02, exp_k=20.0, momentum=0.90, levels=6, niter=500, lbl_dist=10.00, avgs=16, sigma=0.5,type=2, relabel=0, neg=yes

blurring input image with Gaussian with sigma=0.500...
GCAMRegisterLevel(): init RMS 0.405903
#FOTS# QuadFit found better minimum quadopt=(dt=77.6393,rms=0.403762) vs oldopt=(dt=32,rms=0.40423)
iter 0, gcam->neg = 54
after 13 iterations, nbhd size=1, neg = 0
#GCMRL#  559 dt  77.639344 rms  0.404  0.479% neg 0  invalid 762 tFOTS 3.4260 tGradient 1.1240 tsec 10.5420
#FOTS# QuadFit found better minimum quadopt=(dt=19.2,rms=0.402984) vs oldopt=(dt=32,rms=0.403313)
iter 0, gcam->neg = 5
after 0 iterations, nbhd size=0, neg = 0
#GCMRL#  560 dt  19.200000 rms  0.403  0.000% neg 0  invalid 762 tFOTS 3.4500 tGradient 1.0130 tsec 5.5410
#GCMRL#  561 dt  19.200000 rms  0.403  0.079% neg 0  invalid 762 tFOTS 0.0000 tGradient 1.0150 tsec 1.2400
iter 0, gcam->neg = 7
after 2 iterations, nbhd size=0, neg = 0
#GCMRL#  562 dt  19.200000 rms  0.402  0.099% neg 0  invalid 762 tFOTS 0.0000 tGradient 1.0090 tsec 2.7930
iter 0, gcam->neg = 15
after 9 iterations, nbhd size=1, neg = 0
#GCMRL#  563 dt  19.200000 rms  0.402  0.114% neg 0  invalid 762 tFOTS 0.0000 tGradient 1.0090 tsec 5.3900
iter 0, gcam->neg = 10
after 12 iterations, nbhd size=1, neg = 0
#GCMRL#  564 dt  19.200000 rms  0.401  0.110% neg 0  invalid 762 tFOTS 0.0000 tGradient 1.0130 tsec 6.4920
iter 0, gcam->neg = 17
after 12 iterations, nbhd size=1, neg = 0
#GCMRL#  565 dt  19.200000 rms  0.401  0.092% neg 0  invalid 762 tFOTS 0.0000 tGradient 1.0100 tsec 6.5280
#FOTS# QuadFit found better minimum quadopt=(dt=44.8,rms=0.400736) vs oldopt=(dt=32,rms=0.400789)
iter 0, gcam->neg = 2
after 0 iterations, nbhd size=0, neg = 0
setting smoothness cost coefficient to 0.400

#GCAMreg# pass 0 level1 2 level2 0 tsec 0 sigma 2
l_jacobian=1.00 l_log_likelihood=0.20 l_smoothness=0.40 
tol=2.50e-01, dt=5.00e-02, exp_k=20.0, momentum=0.90, levels=6, niter=500, lbl_dist=10.00, avgs=4, sigma=2.0,type=2, relabel=0, neg=yes

blurring input image with Gaussian with sigma=2.000...
GCAMRegisterLevel(): init RMS 0.403926
#FOTS# QuadFit found better minimum quadopt=(dt=6.83333,rms=0.403419) vs oldopt=(dt=2.88,rms=0.403588)
iter 0, gcam->neg = 4
after 3 iterations, nbhd size=0, neg = 0
#GCMRL#  567 dt   6.833333 rms  0.403  0.125% neg 0  invalid 762 tFOTS 3.4870 tGradient 0.8600 tsec 6.5240
#FOTS# QuadFit found better minimum quadopt=(dt=6.5,rms=0.403273) vs oldopt=(dt=2.88,rms=0.403318)
iter 0, gcam->neg = 9
after 1 iterations, nbhd size=0, neg = 0
#GCMRL#  568 dt   6.500000 rms  0.403  0.000% neg 0  invalid 762 tFOTS 3.4120 tGradient 0.8600 tsec 5.7200
iter 0, gcam->neg = 8
after 0 iterations, nbhd size=0, neg = 0
#GCMRL#  569 dt   6.500000 rms  0.403  0.012% neg 0  invalid 762 tFOTS 0.0000 tGradient 0.8640 tsec 1.9120
iter 0, gcam->neg = 25
after 18 iterations, nbhd size=1, neg = 0

#GCAMreg# pass 0 level1 2 level2 1 tsec 32.07 sigma 0.5
l_jacobian=1.00 l_log_likelihood=0.20 l_smoothness=0.40 
tol=2.50e-01, dt=5.00e-02, exp_k=20.0, momentum=0.90, levels=6, niter=500, lbl_dist=10.00, avgs=4, sigma=0.5,type=2, relabel=0, neg=yes

blurring input image with Gaussian with sigma=0.500...
GCAMRegisterLevel(): init RMS 0.403225
#FOTS# QuadFit found better minimum quadopt=(dt=18.7961,rms=0.401152) vs oldopt=(dt=11.52,rms=0.401457)
iter 0, gcam->neg = 17
after 17 iterations, nbhd size=1, neg = 0
#GCMRL#  571 dt  18.796117 rms  0.401  0.479% neg 0  invalid 762 tFOTS 3.4440 tGradient 0.8410 tsec 11.6530
#FOTS# QuadFit found better minimum quadopt=(dt=12.557,rms=0.400559) vs oldopt=(dt=11.52,rms=0.400564)
iter 0, gcam->neg = 12
after 18 iterations, nbhd size=1, neg = 0
#GCMRL#  572 dt  12.556962 rms  0.401  0.000% neg 0  invalid 762 tFOTS 3.4440 tGradient 0.8440 tsec 12.0130
iter 0, gcam->neg = 24
after 6 iterations, nbhd size=0, neg = 0
#GCMRL#  573 dt  12.556962 rms  0.400  0.111% neg 0  invalid 762 tFOTS 0.0000 tGradient 0.8630 tsec 4.1190
iter 0, gcam->neg = 43
after 18 iterations, nbhd size=1, neg = 0
#GCMRL#  574 dt  12.556962 rms  0.400  0.072% neg 0  invalid 762 tFOTS 0.0000 tGradient 0.8530 tsec 8.6410
iter 0, gcam->neg = 68
after 24 iterations, nbhd size=1, neg = 0
#GCMRL#  575 dt  12.556962 rms  0.400  0.018% neg 0  invalid 762 tFOTS 0.0000 tGradient 0.8600 tsec 10.7910
#FOTS# QuadFit found better minimum quadopt=(dt=13.0667,rms=0.399567) vs oldopt=(dt=11.52,rms=0.39957)
iter 0, gcam->neg = 19
after 14 iterations, nbhd size=1, neg = 0
#GCMRL#  576 dt  13.066667 rms  0.400  0.056% neg 0  invalid 762 tFOTS 3.3880 tGradient 0.8680 tsec 10.4820
#FOTS# QuadFit found better minimum quadopt=(dt=16.128,rms=0.399312) vs oldopt=(dt=11.52,rms=0.399339)
iter 0, gcam->neg = 38
after 10 iterations, nbhd size=0, neg = 0
#GCMRL#  577 dt  16.128000 rms  0.399  0.070% neg 0  invalid 762 tFOTS 3.3940 tGradient 0.8490 tsec 8.9950
#FOTS# QuadFit found better minimum quadopt=(dt=9.216,rms=0.399207) vs oldopt=(dt=11.52,rms=0.399213)
iter 0, gcam->neg = 4
after 5 iterations, nbhd size=0, neg = 0
setting smoothness cost coefficient to 1.000

#GCAMreg# pass 0 level1 1 level2 0 tsec 0 sigma 2
l_jacobian=1.00 l_log_likelihood=0.20 l_smoothness=1.00 
tol=2.50e-01, dt=5.00e-02, exp_k=20.0, momentum=0.90, levels=6, niter=500, lbl_dist=10.00, avgs=1, sigma=2.0,type=2, relabel=0, neg=yes

blurring input image with Gaussian with sigma=2.000...
GCAMRegisterLevel(): init RMS 0.405491
#GCMRL#  579 dt   0.000050 rms  0.405  0.000% neg 0  invalid 762 tFOTS 4.4080 tGradient 0.6760 tsec 5.3160

#GCAMreg# pass 0 level1 1 level2 1 tsec 18.723 sigma 0.5
l_jacobian=1.00 l_log_likelihood=0.20 l_smoothness=1.00 
tol=2.50e-01, dt=5.00e-02, exp_k=20.0, momentum=0.90, levels=6, niter=500, lbl_dist=10.00, avgs=1, sigma=0.5,type=2, relabel=0, neg=yes

blurring input image with Gaussian with sigma=0.500...
GCAMRegisterLevel(): init RMS 0.405491
#FOTS# QuadFit found better minimum quadopt=(dt=0,rms=0.405491) vs oldopt=(dt=0,rms=0.405491)
#GCMRL#  581 dt   0.100000 rms  0.405  0.000% neg 0  invalid 762 tFOTS 3.2260 tGradient 0.6820 tsec 4.1540
resetting metric properties...
setting smoothness cost coefficient to 2.000

#GCAMreg# pass 0 level1 0 level2 0 tsec 0 sigma 2
l_jacobian=1.00 l_log_likelihood=0.20 l_smoothness=2.00 
tol=2.50e-01, dt=5.00e-02, exp_k=20.0, momentum=0.90, levels=6, niter=500, lbl_dist=10.00, avgs=0, sigma=2.0,type=2, relabel=0, neg=yes

blurring input image with Gaussian with sigma=2.000...
GCAMRegisterLevel(): init RMS 0.394987
#FOTS# QuadFit found better minimum quadopt=(dt=0.921777,rms=0.388144) vs oldopt=(dt=1.28,rms=0.389352)
iter 0, gcam->neg = 523
after 18 iterations, nbhd size=1, neg = 0
#GCMRL#  583 dt   0.921777 rms  0.389  1.476% neg 0  invalid 762 tFOTS 3.3620 tGradient 0.2730 tsec 11.5530
#FOTS# QuadFit found better minimum quadopt=(dt=0.028,rms=0.389142) vs oldopt=(dt=0.02,rms=0.389143)
#GCMRL#  584 dt   0.028000 rms  0.389  0.000% neg 0  invalid 762 tFOTS 3.4220 tGradient 0.2710 tsec 3.9470
#GCMRL#  585 dt   0.028000 rms  0.389  0.000% neg 0  invalid 762 tFOTS 0.0000 tGradient 0.2750 tsec 0.5020

#GCAMreg# pass 0 level1 0 level2 1 tsec 25.814 sigma 0.5
l_jacobian=1.00 l_log_likelihood=0.20 l_smoothness=2.00 
tol=2.50e-01, dt=5.00e-02, exp_k=20.0, momentum=0.90, levels=6, niter=500, lbl_dist=10.00, avgs=0, sigma=0.5,type=2, relabel=0, neg=yes

blurring input image with Gaussian with sigma=0.500...
GCAMRegisterLevel(): init RMS 0.389141
#FOTS# QuadFit found better minimum quadopt=(dt=0.112,rms=0.388885) vs oldopt=(dt=0.08,rms=0.388932)
#GCMRL#  587 dt   0.112000 rms  0.389  0.066% neg 0  invalid 762 tFOTS 3.3930 tGradient 0.2720 tsec 3.8890
#FOTS# QuadFit found better minimum quadopt=(dt=0.256,rms=0.388624) vs oldopt=(dt=0.32,rms=0.388667)
#GCMRL#  588 dt   0.256000 rms  0.389  0.067% neg 0  invalid 762 tFOTS 3.3790 tGradient 0.2790 tsec 3.8840
#FOTS# QuadFit found better minimum quadopt=(dt=0.384,rms=0.388233) vs oldopt=(dt=0.32,rms=0.38825)
iter 0, gcam->neg = 2
after 5 iterations, nbhd size=0, neg = 0
#GCMRL#  589 dt   0.384000 rms  0.388  0.093% neg 0  invalid 762 tFOTS 3.3920 tGradient 0.2680 tsec 6.5660
#FOTS# QuadFit found better minimum quadopt=(dt=0.256,rms=0.38814) vs oldopt=(dt=0.32,rms=0.388141)
#GCMRL#  590 dt   0.256000 rms  0.388  0.000% neg 0  invalid 762 tFOTS 3.4480 tGradient 0.2710 tsec 3.9710
#GCMRL#  591 dt   0.256000 rms  0.388  0.086% neg 0  invalid 762 tFOTS 0.0000 tGradient 0.2730 tsec 0.5040
iter 0, gcam->neg = 1
after 2 iterations, nbhd size=0, neg = 0
#GCMRL#  592 dt   0.256000 rms  0.387  0.091% neg 0  invalid 762 tFOTS 0.0000 tGradient 0.2710 tsec 2.0790
iter 0, gcam->neg = 1
after 0 iterations, nbhd size=0, neg = 0
#GCMRL#  593 dt   0.256000 rms  0.387  0.066% neg 0  invalid 762 tFOTS 0.0000 tGradient 0.2690 tsec 1.3300
iter 0, gcam->neg = 10
after 4 iterations, nbhd size=0, neg = 0
GCAMregister done in 5.45332 min
writing output transformation to transforms/talairach.m3z...
GCAMwrite
Calls to gcamLogLikelihoodEnergy 4492 tmin = 1.33952
Calls to gcamLabelEnergy         3845 tmin = 0.981083
Calls to gcamJacobianEnergy      4492 tmin = 0.678717
Calls to gcamSmoothnessEnergy    4492 tmin = 3.85212
Calls to gcamLogLikelihoodTerm 595 tmin = 0.60915
Calls to gcamLabelTerm         544 tmin = 4.73718
Calls to gcamJacobianTerm      595 tmin = 0.823017
Calls to gcamSmoothnessTerm    595 tmin = 0.311333
Calls to gcamComputeGradient    595 tmin = 15.223
Calls to gcamComputeMetricProperties    6495 tmin = 1.56305
mri_ca_register took 0 hours, 40 minutes and 59 seconds.
#VMPC# mri_ca_register VmPeak  3319296
FSRUNTIME@ mri_ca_register  0.6830 hours 16 threads
#--------------------------------------
#@# SubCort Seg Wed Mar 11 12:08:55 CET 2026

 mri_ca_label -relabel_unlikely 9 .3 -prior 0.5 -align norm.mgz transforms/talairach.m3z /opt/freesurfer/average/RB_all_2020-01-02.gca aseg.auto_noCCseg.mgz 

sysname  Linux
hostname dna061
machine  x86_64

setenv SUBJECTS_DIR /out/sourcedata/freesurfer
cd /out/sourcedata/freesurfer/sub-v2s16x51292_ses-1/mri
mri_ca_label -relabel_unlikely 9 .3 -prior 0.5 -align norm.mgz transforms/talairach.m3z /opt/freesurfer/average/RB_all_2020-01-02.gca aseg.auto_noCCseg.mgz 

relabeling unlikely voxels with window_size = 9 and prior threshold 0.30
using Gibbs prior factor = 0.500
renormalizing sequences with structure alignment, equivalent to:
	-renormalize
	-renormalize_mean 0.500
	-regularize 0.500

== Number of threads available to for OpenMP = 16 == 
reading 1 input volumes
reading classifier array from /opt/freesurfer/average/RB_all_2020-01-02.gca
reading input volume from norm.mgz
average std[0] = 7.2
reading transform from transforms/talairach.m3z
setting orig areas to linear transform determinant scaled 5.35
Atlas used for the 3D morph was /opt/freesurfer/average/RB_all_2020-01-02.gca
average std = 7.2   using min determinant for regularization = 5.2
0 singular and 0 ill-conditioned covariance matrices regularized
labeling volume...
renormalizing by structure alignment....
renormalizing input #0
gca peak = 0.15521 (20)
mri peak = 0.12774 ( 5)
Left_Lateral_Ventricle (4): linear fit = 0.19 x + 0.0 (728 voxels, overlap=0.219)
Left_Lateral_Ventricle (4): linear fit = 0.40 x + 0.0 (728 voxels, peak =  4), gca=8.0
gca peak = 0.20380 (13)
mri peak = 0.13454 ( 4)
Right_Lateral_Ventricle (43): linear fit = 0.22 x + 0.0 (601 voxels, overlap=0.212)
Right_Lateral_Ventricle (43): linear fit = 0.40 x + 0.0 (601 voxels, peak =  3), gca=5.2
gca peak = 0.26283 (96)
mri peak = 0.19537 (88)
Right_Pallidum (52): linear fit = 0.93 x + 0.0 (691 voxels, overlap=0.011)
Right_Pallidum (52): linear fit = 0.93 x + 0.0 (691 voxels, peak = 89), gca=88.8
gca peak = 0.15814 (97)
mri peak = 0.19463 (92)
Left_Pallidum (13): linear fit = 0.94 x + 0.0 (596 voxels, overlap=0.528)
Left_Pallidum (13): linear fit = 0.94 x + 0.0 (596 voxels, peak = 92), gca=91.7
gca peak = 0.27624 (56)
mri peak = 0.12583 (52)
Right_Hippocampus (53): linear fit = 0.94 x + 0.0 (1065 voxels, overlap=0.933)
Right_Hippocampus (53): linear fit = 0.94 x + 0.0 (1065 voxels, peak = 52), gca=52.4
gca peak = 0.28723 (59)
mri peak = 0.14544 (56)
Left_Hippocampus (17): linear fit = 0.96 x + 0.0 (1221 voxels, overlap=1.006)
Left_Hippocampus (17): linear fit = 0.96 x + 0.0 (1221 voxels, peak = 57), gca=56.9
gca peak = 0.07623 (103)
mri peak = 0.07408 (102)
Right_Cerebral_White_Matter (41): linear fit = 1.00 x + 0.0 (27981 voxels, overlap=0.897)
Right_Cerebral_White_Matter (41): linear fit = 1.00 x + 0.0 (27981 voxels, peak = 102), gca=102.5
gca peak = 0.07837 (105)
mri peak = 0.08198 (100)
Left_Cerebral_White_Matter (2): linear fit = 1.00 x + 0.0 (29682 voxels, overlap=0.803)
Left_Cerebral_White_Matter (2): linear fit = 1.00 x + 0.0 (29682 voxels, peak = 104), gca=104.5
gca peak = 0.10165 (58)
mri peak = 0.05324 (54)
Left_Cerebral_Cortex (3): linear fit = 0.92 x + 0.0 (27069 voxels, overlap=0.876)
Left_Cerebral_Cortex (3): linear fit = 0.92 x + 0.0 (27069 voxels, peak = 53), gca=53.1
gca peak = 0.11113 (58)
mri peak = 0.05587 (54)
Right_Cerebral_Cortex (42): linear fit = 0.92 x + 0.0 (25479 voxels, overlap=0.834)
Right_Cerebral_Cortex (42): linear fit = 0.92 x + 0.0 (25479 voxels, peak = 53), gca=53.1
gca peak = 0.27796 (67)
mri peak = 0.16437 (60)
Right_Caudate (50): linear fit = 0.88 x + 0.0 (940 voxels, overlap=0.013)
Right_Caudate (50): linear fit = 0.88 x + 0.0 (940 voxels, peak = 59), gca=58.6
gca peak = 0.14473 (69)
mri peak = 0.20756 (61)
Left_Caudate (11): linear fit = 0.80 x + 0.0 (885 voxels, overlap=0.014)
Left_Caudate (11): linear fit = 0.80 x + 0.0 (885 voxels, peak = 55), gca=54.9
gca peak = 0.14301 (56)
mri peak = 0.08341 (59)
Left_Cerebellum_Cortex (8): linear fit = 1.04 x + 0.0 (33082 voxels, overlap=0.960)
Left_Cerebellum_Cortex (8): linear fit = 1.04 x + 0.0 (33082 voxels, peak = 59), gca=58.5
gca peak = 0.14610 (55)
mri peak = 0.09550 (58)
Right_Cerebellum_Cortex (47): linear fit = 1.04 x + 0.0 (32804 voxels, overlap=0.975)
Right_Cerebellum_Cortex (47): linear fit = 1.04 x + 0.0 (32804 voxels, peak = 57), gca=57.5
gca peak = 0.16309 (85)
mri peak = 0.14616 (89)
Left_Cerebellum_White_Matter (7): linear fit = 1.04 x + 0.0 (6061 voxels, overlap=0.660)
Left_Cerebellum_White_Matter (7): linear fit = 1.04 x + 0.0 (6061 voxels, peak = 89), gca=88.8
gca peak = 0.15172 (84)
mri peak = 0.14119 (85)
Right_Cerebellum_White_Matter (46): linear fit = 1.03 x + 0.0 (5496 voxels, overlap=0.761)
Right_Cerebellum_White_Matter (46): linear fit = 1.03 x + 0.0 (5496 voxels, peak = 87), gca=86.9
gca peak = 0.30461 (58)
mri peak = 0.16576 (58)
Left_Amygdala (18): linear fit = 1.00 x + 0.0 (549 voxels, overlap=1.012)
Left_Amygdala (18): linear fit = 1.00 x + 0.0 (549 voxels, peak = 58), gca=58.0
gca peak = 0.32293 (57)
mri peak = 0.19386 (54)
Right_Amygdala (54): linear fit = 0.94 x + 0.0 (423 voxels, overlap=1.004)
Right_Amygdala (54): linear fit = 0.94 x + 0.0 (423 voxels, peak = 54), gca=53.9
gca peak = 0.11083 (90)
mri peak = 0.09491 (79)
Left_Thalamus (10): linear fit = 0.95 x + 0.0 (4611 voxels, overlap=0.806)
Left_Thalamus (10): linear fit = 0.95 x + 0.0 (4611 voxels, peak = 86), gca=85.9
gca peak = 0.11393 (83)
mri peak = 0.10676 (82)
Right_Thalamus (49): linear fit = 1.00 x + 0.0 (4226 voxels, overlap=0.928)
Right_Thalamus (49): linear fit = 1.00 x + 0.0 (4226 voxels, peak = 83), gca=83.0
gca peak = 0.08575 (81)
mri peak = 0.11309 (72)
Left_Putamen (12): linear fit = 0.90 x + 0.0 (1929 voxels, overlap=0.350)
Left_Putamen (12): linear fit = 0.90 x + 0.0 (1929 voxels, peak = 73), gca=73.3
gca peak = 0.08618 (78)
mri peak = 0.09788 (72)
Right_Putamen (51): linear fit = 0.88 x + 0.0 (2135 voxels, overlap=0.298)
Right_Putamen (51): linear fit = 0.88 x + 0.0 (2135 voxels, peak = 69), gca=69.0
gca peak = 0.08005 (78)
mri peak = 0.08321 (89)
Brain_Stem (16): linear fit = 1.10 x + 0.0 (11080 voxels, overlap=0.492)
Brain_Stem (16): linear fit = 1.10 x + 0.0 (11080 voxels, peak = 85), gca=85.4
gca peak = 0.12854 (88)
mri peak = 0.09143 (95)
Right_VentralDC (60): linear fit = 1.09 x + 0.0 (1328 voxels, overlap=0.673)
Right_VentralDC (60): linear fit = 1.09 x + 0.0 (1328 voxels, peak = 95), gca=95.5
gca peak = 0.15703 (87)
mri peak = 0.09767 (95)
Left_VentralDC (28): linear fit = 1.08 x + 0.0 (1424 voxels, overlap=0.790)
Left_VentralDC (28): linear fit = 1.08 x + 0.0 (1424 voxels, peak = 94), gca=93.5
gca peak = 0.17522 (25)
uniform distribution in MR - rejecting arbitrary fit
gca peak = 0.17113 (14)
mri peak = 0.23789 (13)
Fourth_Ventricle (15): linear fit = 0.82 x + 0.0 (221 voxels, overlap=0.615)
Fourth_Ventricle (15): linear fit = 0.82 x + 0.0 (221 voxels, peak = 12), gca=11.6
gca peak Unknown = 0.94777 ( 0)
gca peak Left_Inf_Lat_Vent = 0.16627 (28)
gca peak Third_Ventricle = 0.17522 (25)
gca peak CSF = 0.20346 (36)
gca peak Left_Accumbens_area = 0.70646 (62)
gca peak Left_undetermined = 1.00000 (28)
gca peak Left_vessel = 0.89917 (53)
gca peak Left_choroid_plexus = 0.11689 (35)
gca peak Right_Inf_Lat_Vent = 0.25504 (23)
gca peak Right_Accumbens_area = 0.31650 (65)
gca peak Right_vessel = 0.77268 (52)
gca peak Right_choroid_plexus = 0.13275 (38)
gca peak Fifth_Ventricle = 0.60973 (33)
gca peak WM_hypointensities = 0.11013 (77)
gca peak non_WM_hypointensities = 0.11354 (41)
gca peak Optic_Chiasm = 0.51646 (76)
not using caudate to estimate GM means
estimating mean gm scale to be 0.95 x + 0.0
estimating mean wm scale to be 1.00 x + 0.0
estimating mean csf scale to be 0.54 x + 0.0
saving intensity scales to aseg.auto_noCCseg.label_intensities.txt
renormalizing by structure alignment....
renormalizing input #0
gca peak = 0.31706 ( 7)
mri peak = 0.12774 ( 5)
Left_Lateral_Ventricle (4): linear fit = 0.54 x + 0.0 (728 voxels, overlap=0.979)
Left_Lateral_Ventricle (4): linear fit = 0.54 x + 0.0 (728 voxels, peak =  4), gca=3.7
gca peak = 0.29334 ( 5)
mri peak = 0.13454 ( 4)
Right_Lateral_Ventricle (43): linear fit = 0.64 x + 0.0 (601 voxels, overlap=0.986)
Right_Lateral_Ventricle (43): linear fit = 0.64 x + 0.0 (601 voxels, peak =  3), gca=3.2
gca peak = 0.30133 (88)
mri peak = 0.19537 (88)
Right_Pallidum (52): linear fit = 1.00 x + 0.0 (691 voxels, overlap=0.998)
Right_Pallidum (52): linear fit = 1.00 x + 0.0 (691 voxels, peak = 88), gca=88.0
gca peak = 0.18762 (91)
mri peak = 0.19463 (92)
Left_Pallidum (13): linear fit = 1.00 x + 0.0 (596 voxels, overlap=1.000)
Left_Pallidum (13): linear fit = 1.00 x + 0.0 (596 voxels, peak = 91), gca=91.0
gca peak = 0.31221 (52)
mri peak = 0.12583 (52)
Right_Hippocampus (53): linear fit = 0.98 x + 0.0 (1065 voxels, overlap=1.005)
Right_Hippocampus (53): linear fit = 0.98 x + 0.0 (1065 voxels, peak = 51), gca=50.7
gca peak = 0.29298 (57)
mri peak = 0.14544 (56)
Left_Hippocampus (17): linear fit = 1.00 x + 0.0 (1221 voxels, overlap=1.006)
Left_Hippocampus (17): linear fit = 1.00 x + 0.0 (1221 voxels, peak = 57), gca=57.0
gca peak = 0.08109 (103)
mri peak = 0.07408 (102)
Right_Cerebral_White_Matter (41): linear fit = 1.00 x + 0.0 (27981 voxels, overlap=0.885)
Right_Cerebral_White_Matter (41): linear fit = 1.00 x + 0.0 (27981 voxels, peak = 102), gca=102.5
gca peak = 0.08124 (104)
mri peak = 0.08198 (100)
Left_Cerebral_White_Matter (2): linear fit = 1.00 x + 0.0 (29682 voxels, overlap=0.782)
Left_Cerebral_White_Matter (2): linear fit = 1.00 x + 0.0 (29682 voxels, peak = 104), gca=104.0
gca peak = 0.10895 (53)
mri peak = 0.05324 (54)
Left_Cerebral_Cortex (3): linear fit = 1.00 x + 0.0 (27069 voxels, overlap=0.993)
Left_Cerebral_Cortex (3): linear fit = 1.00 x + 0.0 (27069 voxels, peak = 53), gca=53.0
gca peak = 0.12299 (53)
mri peak = 0.05587 (54)
Right_Cerebral_Cortex (42): linear fit = 0.99 x + 0.0 (25479 voxels, overlap=0.976)
Right_Cerebral_Cortex (42): linear fit = 0.99 x + 0.0 (25479 voxels, peak = 52), gca=52.2
gca peak = 0.24708 (59)
mri peak = 0.16437 (60)
Right_Caudate (50): linear fit = 1.00 x + 0.0 (940 voxels, overlap=0.955)
Right_Caudate (50): linear fit = 1.00 x + 0.0 (940 voxels, peak = 59), gca=59.0
gca peak = 0.19292 (55)
mri peak = 0.20756 (61)
Left_Caudate (11): linear fit = 1.01 x + 0.0 (885 voxels, overlap=0.886)
Left_Caudate (11): linear fit = 1.01 x + 0.0 (885 voxels, peak = 56), gca=55.8
gca peak = 0.13371 (58)
mri peak = 0.08341 (59)
Left_Cerebellum_Cortex (8): linear fit = 0.99 x + 0.0 (33082 voxels, overlap=0.988)
Left_Cerebellum_Cortex (8): linear fit = 0.99 x + 0.0 (33082 voxels, peak = 57), gca=57.1
gca peak = 0.15499 (58)
mri peak = 0.09550 (58)
Right_Cerebellum_Cortex (47): linear fit = 0.99 x + 0.0 (32804 voxels, overlap=0.981)
Right_Cerebellum_Cortex (47): linear fit = 0.99 x + 0.0 (32804 voxels, peak = 57), gca=57.1
gca peak = 0.15179 (88)
mri peak = 0.14616 (89)
Left_Cerebellum_White_Matter (7): linear fit = 1.00 x + 0.0 (6061 voxels, overlap=0.893)
Left_Cerebellum_White_Matter (7): linear fit = 1.00 x + 0.0 (6061 voxels, peak = 88), gca=88.0
gca peak = 0.14308 (86)
mri peak = 0.14119 (85)
Right_Cerebellum_White_Matter (46): linear fit = 1.00 x + 0.0 (5496 voxels, overlap=0.908)
Right_Cerebellum_White_Matter (46): linear fit = 1.00 x + 0.0 (5496 voxels, peak = 86), gca=86.0
gca peak = 0.32270 (58)
mri peak = 0.16576 (58)
Left_Amygdala (18): linear fit = 1.00 x + 0.0 (549 voxels, overlap=1.012)
Left_Amygdala (18): linear fit = 1.00 x + 0.0 (549 voxels, peak = 58), gca=58.0
gca peak = 0.31881 (54)
mri peak = 0.19386 (54)
Right_Amygdala (54): linear fit = 1.00 x + 0.0 (423 voxels, overlap=1.011)
Right_Amygdala (54): linear fit = 1.00 x + 0.0 (423 voxels, peak = 54), gca=54.0
gca peak = 0.11576 (86)
mri peak = 0.09491 (79)
Left_Thalamus (10): linear fit = 1.00 x + 0.0 (4611 voxels, overlap=0.958)
Left_Thalamus (10): linear fit = 1.00 x + 0.0 (4611 voxels, peak = 86), gca=86.0
gca peak = 0.11909 (83)
mri peak = 0.10676 (82)
Right_Thalamus (49): linear fit = 1.00 x + 0.0 (4226 voxels, overlap=0.920)
Right_Thalamus (49): linear fit = 1.00 x + 0.0 (4226 voxels, peak = 83), gca=83.0
gca peak = 0.08804 (70)
mri peak = 0.11309 (72)
Left_Putamen (12): linear fit = 0.99 x + 0.0 (1929 voxels, overlap=0.851)
Left_Putamen (12): linear fit = 0.99 x + 0.0 (1929 voxels, peak = 69), gca=69.0
gca peak = 0.11374 (67)
mri peak = 0.09788 (72)
Right_Putamen (51): linear fit = 1.00 x + 0.0 (2135 voxels, overlap=0.942)
Right_Putamen (51): linear fit = 1.00 x + 0.0 (2135 voxels, peak = 67), gca=67.0
gca peak = 0.08361 (86)
mri peak = 0.08321 (89)
Brain_Stem (16): linear fit = 1.02 x + 0.0 (11080 voxels, overlap=0.810)
Brain_Stem (16): linear fit = 1.02 x + 0.0 (11080 voxels, peak = 88), gca=88.2
gca peak = 0.11761 (97)
mri peak = 0.09143 (95)
Right_VentralDC (60): linear fit = 1.01 x + 0.0 (1328 voxels, overlap=0.831)
Right_VentralDC (60): linear fit = 1.01 x + 0.0 (1328 voxels, peak = 98), gca=98.5
gca peak = 0.14268 (92)
mri peak = 0.09767 (95)
Left_VentralDC (28): linear fit = 1.00 x + 0.0 (1424 voxels, overlap=0.921)
Left_VentralDC (28): linear fit = 1.00 x + 0.0 (1424 voxels, peak = 92), gca=91.5
gca peak = 0.32841 (14)
uniform distribution in MR - rejecting arbitrary fit
gca peak = 0.25470 (12)
mri peak = 0.23789 (13)
Fourth_Ventricle (15): linear fit = 0.98 x + 0.0 (221 voxels, overlap=0.672)
Fourth_Ventricle (15): linear fit = 0.98 x + 0.0 (221 voxels, peak = 12), gca=11.7
gca peak Unknown = 0.94777 ( 0)
gca peak Left_Inf_Lat_Vent = 0.16627 (27)
gca peak Third_Ventricle = 0.32841 (14)
gca peak CSF = 0.28117 (20)
gca peak Left_Accumbens_area = 0.60427 (50)
gca peak Left_undetermined = 1.00000 (28)
gca peak Left_vessel = 0.88792 (53)
gca peak Left_choroid_plexus = 0.11689 (35)
gca peak Right_Inf_Lat_Vent = 0.29930 (22)
gca peak Right_Accumbens_area = 0.51887 (57)
gca peak Right_vessel = 0.77407 (52)
gca peak Right_choroid_plexus = 0.13275 (38)
gca peak Fifth_Ventricle = 0.60952 (18)
gca peak WM_hypointensities = 0.11162 (76)
gca peak non_WM_hypointensities = 0.08214 (41)
gca peak Optic_Chiasm = 0.51646 (76)
not using caudate to estimate GM means
estimating mean gm scale to be 0.99 x + 0.0
estimating mean wm scale to be 1.00 x + 0.0
estimating mean csf scale to be 0.72 x + 0.0
saving intensity scales to aseg.auto_noCCseg.label_intensities.txt
saving sequentially combined intensity scales to aseg.auto_noCCseg.label_intensities.txt
26835 voxels changed in iteration 0 of unlikely voxel relabeling
66 voxels changed in iteration 1 of unlikely voxel relabeling
0 voxels changed in iteration 2 of unlikely voxel relabeling
20178 gm and wm labels changed (%36 to gray, %64 to white out of all changed labels)
455 hippocampal voxels changed.
0 amygdala voxels changed.
Reclassifying using Gibbs Priors
pass 1: 51182 changed. image ll: -2.040, PF=0.500
pass 2: 12426 changed. image ll: -2.039, PF=0.500
pass 3: 4563 changed.
14525 voxels changed in iteration 0 of unlikely voxel relabeling
115 voxels changed in iteration 1 of unlikely voxel relabeling
3 voxels changed in iteration 2 of unlikely voxel relabeling
0 voxels changed in iteration 3 of unlikely voxel relabeling
3997 voxels changed in iteration 0 of unlikely voxel relabeling
37 voxels changed in iteration 1 of unlikely voxel relabeling
0 voxels changed in iteration 2 of unlikely voxel relabeling
4674 voxels changed in iteration 0 of unlikely voxel relabeling
44 voxels changed in iteration 1 of unlikely voxel relabeling
2 voxels changed in iteration 2 of unlikely voxel relabeling
0 voxels changed in iteration 3 of unlikely voxel relabeling
4367 voxels changed in iteration 0 of unlikely voxel relabeling
16 voxels changed in iteration 1 of unlikely voxel relabeling
1 voxels changed in iteration 2 of unlikely voxel relabeling
0 voxels changed in iteration 3 of unlikely voxel relabeling
 !!!!!!!!! ventricle segment 0 with volume 4797 above threshold 100 - not erasing !!!!!!!!!!
 !!!!!!!!! ventricle segment 2 with volume 4215 above threshold 100 - not erasing !!!!!!!!!!
writing labeled volume to aseg.auto_noCCseg.mgz
mri_ca_label utimesec    1494.889265
mri_ca_label stimesec    2.588212
mri_ca_label ru_maxrss   2118800
mri_ca_label ru_ixrss    0
mri_ca_label ru_idrss    0
mri_ca_label ru_isrss    0
mri_ca_label ru_minflt   3741448
mri_ca_label ru_majflt   8
mri_ca_label ru_nswap    0
mri_ca_label ru_inblock  1142
mri_ca_label ru_oublock  576
mri_ca_label ru_msgsnd   0
mri_ca_label ru_msgrcv   0
mri_ca_label ru_nsignals 0
mri_ca_label ru_nvcsw    2168
mri_ca_label ru_nivcsw   1294
auto-labeling took 23 minutes and 47 seconds.
#--------------------------------------
#@# CC Seg Wed Mar 11 12:32:43 CET 2026

 mri_cc -aseg aseg.auto_noCCseg.mgz -o aseg.auto.mgz -lta /out/sourcedata/freesurfer/sub-v2s16x51292_ses-1/mri/transforms/cc_up.lta sub-v2s16x51292_ses-1 

will read input aseg from aseg.auto_noCCseg.mgz
writing aseg with cc labels to aseg.auto.mgz
will write lta as /out/sourcedata/freesurfer/sub-v2s16x51292_ses-1/mri/transforms/cc_up.lta
reading aseg from /out/sourcedata/freesurfer/sub-v2s16x51292_ses-1/mri/aseg.auto_noCCseg.mgz
reading norm from /out/sourcedata/freesurfer/sub-v2s16x51292_ses-1/mri/norm.mgz
38797 voxels in left wm, 59655 in right wm, xrange [116, 128]
searching rotation angles z=[-2 12], y=[-9  5]
searching scale 1 Z rot -2.1  searching scale 1 Z rot -1.9  searching scale 1 Z rot -1.6  searching scale 1 Z rot -1.4  searching scale 1 Z rot -1.1  searching scale 1 Z rot -0.9  searching scale 1 Z rot -0.6  searching scale 1 Z rot -0.4  searching scale 1 Z rot -0.1  searching scale 1 Z rot 0.1  searching scale 1 Z rot 0.4  searching scale 1 Z rot 0.6  searching scale 1 Z rot 0.9  searching scale 1 Z rot 1.1  searching scale 1 Z rot 1.4  searching scale 1 Z rot 1.6  searching scale 1 Z rot 1.9  searching scale 1 Z rot 2.1  searching scale 1 Z rot 2.4  searching scale 1 Z rot 2.6  searching scale 1 Z rot 2.9  searching scale 1 Z rot 3.1  searching scale 1 Z rot 3.4  searching scale 1 Z rot 3.6  searching scale 1 Z rot 3.9  searching scale 1 Z rot 4.1  searching scale 1 Z rot 4.4  searching scale 1 Z rot 4.6  searching scale 1 Z rot 4.9  searching scale 1 Z rot 5.1  searching scale 1 Z rot 5.4  searching scale 1 Z rot 5.6  searching scale 1 Z rot 5.9  searching scale 1 Z rot 6.1  searching scale 1 Z rot 6.4  searching scale 1 Z rot 6.6  searching scale 1 Z rot 6.9  searching scale 1 Z rot 7.1  searching scale 1 Z rot 7.4  searching scale 1 Z rot 7.6  searching scale 1 Z rot 7.9  searching scale 1 Z rot 8.1  searching scale 1 Z rot 8.4  searching scale 1 Z rot 8.6  searching scale 1 Z rot 8.9  searching scale 1 Z rot 9.1  searching scale 1 Z rot 9.4  searching scale 1 Z rot 9.6  searching scale 1 Z rot 9.9  searching scale 1 Z rot 10.1  searching scale 1 Z rot 10.4  searching scale 1 Z rot 10.6  searching scale 1 Z rot 10.9  searching scale 1 Z rot 11.1  searching scale 1 Z rot 11.4  searching scale 1 Z rot 11.6  searching scale 1 Z rot 11.9  searching scale 1 Z rot 12.1  global minimum found at slice 122.0, rotations (-1.87, 5.35)
final transformation (x=122.0, yr=-1.866, zr=5.354):
 0.99511  -0.09331  -0.03242   17.93084;
 0.09326   0.99564  -0.00304   40.34755;
 0.03256   0.00000   0.99947  -3.90462;
 0.00000   0.00000   0.00000   1.00000;
updating x range to be [127, 130] in xformed coordinates
best xformed slice 128
min_x_fornix = 129
min_x_fornix = 139
min_x_fornix = 142
min_x_fornix = 142
min_x_fornix = 138
cc center is found at 128 77 128
eigenvectors:
 0.00004   0.00331   0.99999;
 0.39190  -0.92000   0.00303;
 0.92001   0.39190  -0.00133;
error in mid anterior detected - correcting...
error in mid anterior detected - correcting...
writing aseg with callosum to /out/sourcedata/freesurfer/sub-v2s16x51292_ses-1/mri/aseg.auto.mgz...
corpus callosum segmentation took 0.7 minutes
#VMPC# mri_cc VmPeak  555160
mri_cc done
#--------------------------------------
#@# Merge ASeg Wed Mar 11 12:33:22 CET 2026

 cp aseg.auto.mgz aseg.presurf.mgz 

#--------------------------------------------
#@# Intensity Normalization2 Wed Mar 11 12:33:22 CET 2026
/out/sourcedata/freesurfer/sub-v2s16x51292_ses-1/mri

 mri_normalize -seed 1234 -mprage -aseg aseg.presurf.mgz -mask brainmask.mgz norm.mgz brain.mgz 

setting seed for random number genererator to 1234
assuming input volume is MGH (Van der Kouwe) MP-RAGE
using segmentation for initial intensity normalization
using MR volume brainmask.mgz to mask input volume...
reading mri_src from norm.mgz...
Reading aseg aseg.presurf.mgz
normalizing image...
NOT doing gentle normalization with control points/label
processing with aseg
removing outliers in the aseg WM...
1517 control points removed
Building bias image
building Voronoi diagram...
performing soap bubble smoothing, sigma = 0...
Smoothing with sigma 8
Applying bias correction
building Voronoi diagram...
performing soap bubble smoothing, sigma = 8...

Iterating 2 times
---------------------------------
3d normalization pass 1 of 2
white matter peak found at 110
white matter peak found at 110
gm peak at 55 (55), valley at  0 (-1)
csf peak at 27, setting threshold to 45
building Voronoi diagram...
performing soap bubble smoothing, sigma = 8...
---------------------------------
3d normalization pass 2 of 2
white matter peak found at 110
white matter peak found at 110
gm peak at 58 (58), valley at  0 (-1)
csf peak at 29, setting threshold to 48
building Voronoi diagram...
performing soap bubble smoothing, sigma = 8...
Done iterating ---------------------------------
writing output to brain.mgz
3D bias adjustment took 2 minutes and 8 seconds.
#--------------------------------------------
#@# Mask BFS Wed Mar 11 12:35:31 CET 2026
/out/sourcedata/freesurfer/sub-v2s16x51292_ses-1/mri

 mri_mask -T 5 brain.mgz brainmask.mgz brain.finalsurfs.mgz 

threshold mask volume at 5
DoAbs = 0
Found 1226513 voxels in mask (pct=  7.31)
Writing masked volume to brain.finalsurfs.mgz...done.
#--------------------------------------------
#@# WM Segmentation Wed Mar 11 12:35:32 CET 2026

 AntsDenoiseImageFs -i brain.mgz -o antsdn.brain.mgz 


 mri_segment -wsizemm 13 -mprage antsdn.brain.mgz wm.seg.mgz 

wsizemm = 13, voxres = 1, wsize = 13
Widening wm low from 89 to 79
assuming input volume is MGH (Van der Kouwe) MP-RAGE
wm mean:  110
wsize:    13
wm low:   79
wm hi:    125
gray low: 30
gray hi:  99
Doing initial trinary intensity segmentation 
Using local statistics to label ambiguous voxels
Autodetecting stats
Computing class statistics for intensity windows...
CCS WM (102.0): 102.8 +- 4.9 [79.0 --> 124.0]
CCS GM (74.0) : 72.8 +- 9.5 [30.0 --> 95.0]
 white_mean 102.808
 white_sigma 4.9447
 gray_mean 72.8065
 gray_sigma 9.47212
setting bottom of white matter range wm_low to 82.3
setting top of gray matter range gray_hi to 91.8
 wm_low 82.2786
 wm_hi  125
 gray_low 30
 gray_hi  91.7508
Redoing initial intensity segmentation...
Recomputing local statistics to label ambiguous voxels...
 wm_low 82.2786
 wm_hi  125
 gray_low 30
 gray_hi  91.7508
using local geometry to label remaining ambiguous voxels...
polvwsize = 5, polvlen = 3, gray_hi = 91.7508, wm_low = 82.2786
MRIcpolvMedianCurveSegment(): wsize=5, len=3, gmhi=91.7508, wmlow=82.2786
    103685 voxels processed (0.62%)
     49130 voxels white (0.29%)
     54555 voxels non-white (0.33%)

Reclassifying voxels using Gaussian border classifier niter=1
MRIreclassify(): wm_low=77.2786, gray_hi=91.7508, wsize=13
    177948 voxels tested (1.06%)
     33279 voxels changed (0.20%)
     41293 multi-scale searches  (0.25%)
Recovering bright white
MRIrecoverBrightWhite()
 wm_low 82.2786
 wm_hi 125
 slack 4.9447
 pct_thresh 0.33
 intensity_thresh 129.945
 nvox_thresh 8.58
       10 voxels tested (0.00%)
        6 voxels changed (0.00%)

removing voxels with positive offset direction...
MRIremoveWrongDirection() wsize=3, lowthr=77.2786, hithr=91.7508
  smoothing input volume with sigma = 0.250
    66376 voxels tested (0.40%)
    11971 voxels changed (0.07%)
thicken = 1
removing 1-dimensional structures...
MRIremove1dStructures(): max_iter=10000, thresh=2, WM_MIN_VAL=5
 941 sparsely connected voxels removed in 1 iterations
thickening thin strands....
thickness 4
nsegments 20
wm_hi 125
661 diagonally connected voxels added...
MRIthickenThinWMStrands(): thickness=4, nsegments=20
  20 segments, 1858 filled
MRIfindBrightNonWM(): 31 bright non-wm voxels segmented.
MRIfilterMorphology() WM_MIN_VAL=5, DIAGONAL_FILL=230
white matter segmentation took 0.8 minutes
writing output to wm.seg.mgz...

 mri_edit_wm_with_aseg -keep-in wm.seg.mgz brain.mgz aseg.presurf.mgz wm.asegedit.mgz 

preserving editing changes in input volume...
auto filling took 0.42 minutes
reading wm segmentation from wm.seg.mgz...
0 voxels added to wm to prevent paths from MTL structures to cortex
2983 additional wm voxels added
0 additional wm voxels added
SEG EDIT: 38518 voxels turned on, 37255 voxels turned off.
propagating editing to output volume from wm.seg.mgz
writing edited volume to wm.asegedit.mgz....

 mri_pretess wm.asegedit.mgz wm norm.mgz wm.mgz 


Iteration Number : 1
pass   1 (xy+):   9 found -   9 modified     |    TOTAL:   9
pass   2 (xy+):   0 found -   9 modified     |    TOTAL:   9
pass   1 (xy-):  13 found -  13 modified     |    TOTAL:  22
pass   2 (xy-):   0 found -  13 modified     |    TOTAL:  22
pass   1 (yz+):  45 found -  45 modified     |    TOTAL:  67
pass   2 (yz+):   0 found -  45 modified     |    TOTAL:  67
pass   1 (yz-):  13 found -  13 modified     |    TOTAL:  80
pass   2 (yz-):   0 found -  13 modified     |    TOTAL:  80
pass   1 (xz+):  14 found -  14 modified     |    TOTAL:  94
pass   2 (xz+):   0 found -  14 modified     |    TOTAL:  94
pass   1 (xz-):  10 found -  10 modified     |    TOTAL: 104
pass   2 (xz-):   0 found -  10 modified     |    TOTAL: 104
Iteration Number : 1
pass   1 (+++):   6 found -   6 modified     |    TOTAL:   6
pass   2 (+++):   0 found -   6 modified     |    TOTAL:   6
pass   1 (+++):   2 found -   2 modified     |    TOTAL:   8
pass   2 (+++):   0 found -   2 modified     |    TOTAL:   8
pass   1 (+++):   4 found -   4 modified     |    TOTAL:  12
pass   2 (+++):   0 found -   4 modified     |    TOTAL:  12
pass   1 (+++):   8 found -   8 modified     |    TOTAL:  20
pass   2 (+++):   0 found -   8 modified     |    TOTAL:  20
Iteration Number : 1
pass   1 (++):  21 found -  21 modified     |    TOTAL:  21
pass   2 (++):   0 found -  21 modified     |    TOTAL:  21
pass   1 (+-):  81 found -  81 modified     |    TOTAL: 102
pass   2 (+-):   0 found -  81 modified     |    TOTAL: 102
pass   1 (--):  22 found -  22 modified     |    TOTAL: 124
pass   2 (--):   0 found -  22 modified     |    TOTAL: 124
pass   1 (-+):  82 found -  82 modified     |    TOTAL: 206
pass   2 (-+):   0 found -  82 modified     |    TOTAL: 206
Iteration Number : 2
pass   1 (xy+):   1 found -   1 modified     |    TOTAL:   1
pass   2 (xy+):   0 found -   1 modified     |    TOTAL:   1
pass   1 (xy-):   0 found -   0 modified     |    TOTAL:   1
pass   1 (yz+):   3 found -   3 modified     |    TOTAL:   4
pass   2 (yz+):   0 found -   3 modified     |    TOTAL:   4
pass   1 (yz-):   1 found -   1 modified     |    TOTAL:   5
pass   2 (yz-):   0 found -   1 modified     |    TOTAL:   5
pass   1 (xz+):   2 found -   2 modified     |    TOTAL:   7
pass   2 (xz+):   0 found -   2 modified     |    TOTAL:   7
pass   1 (xz-):   1 found -   1 modified     |    TOTAL:   8
pass   2 (xz-):   0 found -   1 modified     |    TOTAL:   8
Iteration Number : 2
pass   1 (+++):   0 found -   0 modified     |    TOTAL:   0
pass   1 (+++):   0 found -   0 modified     |    TOTAL:   0
pass   1 (+++):   0 found -   0 modified     |    TOTAL:   0
pass   1 (+++):   0 found -   0 modified     |    TOTAL:   0
Iteration Number : 2
pass   1 (++):   0 found -   0 modified     |    TOTAL:   0
pass   1 (+-):   0 found -   0 modified     |    TOTAL:   0
pass   1 (--):   1 found -   1 modified     |    TOTAL:   1
pass   2 (--):   0 found -   1 modified     |    TOTAL:   1
pass   1 (-+):   1 found -   1 modified     |    TOTAL:   2
pass   2 (-+):   0 found -   1 modified     |    TOTAL:   2
Iteration Number : 3
pass   1 (xy+):   0 found -   0 modified     |    TOTAL:   0
pass   1 (xy-):   0 found -   0 modified     |    TOTAL:   0
pass   1 (yz+):   1 found -   1 modified     |    TOTAL:   1
pass   2 (yz+):   0 found -   1 modified     |    TOTAL:   1
pass   1 (yz-):   0 found -   0 modified     |    TOTAL:   1
pass   1 (xz+):   1 found -   1 modified     |    TOTAL:   2
pass   2 (xz+):   0 found -   1 modified     |    TOTAL:   2
pass   1 (xz-):   0 found -   0 modified     |    TOTAL:   2
Iteration Number : 3
pass   1 (+++):   0 found -   0 modified     |    TOTAL:   0
pass   1 (+++):   0 found -   0 modified     |    TOTAL:   0
pass   1 (+++):   0 found -   0 modified     |    TOTAL:   0
pass   1 (+++):   0 found -   0 modified     |    TOTAL:   0
Iteration Number : 3
pass   1 (++):   0 found -   0 modified     |    TOTAL:   0
pass   1 (+-):   3 found -   3 modified     |    TOTAL:   3
pass   2 (+-):   0 found -   3 modified     |    TOTAL:   3
pass   1 (--):   0 found -   0 modified     |    TOTAL:   3
pass   1 (-+):   0 found -   0 modified     |    TOTAL:   3
Iteration Number : 4
pass   1 (xy+):   0 found -   0 modified     |    TOTAL:   0
pass   1 (xy-):   0 found -   0 modified     |    TOTAL:   0
pass   1 (yz+):   0 found -   0 modified     |    TOTAL:   0
pass   1 (yz-):   0 found -   0 modified     |    TOTAL:   0
pass   1 (xz+):   0 found -   0 modified     |    TOTAL:   0
pass   1 (xz-):   0 found -   0 modified     |    TOTAL:   0
Iteration Number : 4
pass   1 (+++):   0 found -   0 modified     |    TOTAL:   0
pass   1 (+++):   0 found -   0 modified     |    TOTAL:   0
pass   1 (+++):   0 found -   0 modified     |    TOTAL:   0
pass   1 (+++):   0 found -   0 modified     |    TOTAL:   0
Iteration Number : 4
pass   1 (++):   0 found -   0 modified     |    TOTAL:   0
pass   1 (+-):   0 found -   0 modified     |    TOTAL:   0
pass   1 (--):   0 found -   0 modified     |    TOTAL:   0
pass   1 (-+):   0 found -   0 modified     |    TOTAL:   0

Total Number of Modified Voxels = 345 (out of 404072: 0.085381)
binarizing input wm segmentation...
Ambiguous edge configurations... 

mri_pretess done

#--------------------------------------------
#@# Fill Wed Mar 11 12:37:20 CET 2026
/out/sourcedata/freesurfer/sub-v2s16x51292_ses-1/mri

 mri_fill -a ../scripts/ponscc.cut.log -xform transforms/talairach.lta -segmentation aseg.presurf.mgz -ctab /opt/freesurfer/SubCorticalMassLUT.txt wm.mgz filled.mgz 

logging cutting plane coordinates to ../scripts/ponscc.cut.log...
INFO: Using transforms/talairach.lta and its offset for Talairach volume ...
using segmentation aseg.presurf.mgz...
reading input volume...done.
searching for cutting planes...voxel to talairach voxel transform
 1.09947  -0.09716  -0.04038   4.02898;
 0.06816   1.21618  -0.38832   42.27956;
 0.06282   0.33090   1.00526  -61.26617;
 0.00000   0.00000   0.00000   1.00000;
voxel to talairach voxel transform
 1.09947  -0.09716  -0.04038   4.02898;
 0.06816   1.21618  -0.38832   42.27956;
 0.06282   0.33090   1.00526  -61.26617;
 0.00000   0.00000   0.00000   1.00000;
reading segmented volume aseg.presurf.mgz
removing CC from segmentation
Looking for area (min, max) = (350, 1400)
area[0] = 1490 (min = 350, max = 1400), aspect = 0.50 (min = 0.10, max = 0.75)
need search nearby
using seed (126, 111, 89), TAL = (2.0, -39.0, 17.0)
talairach voxel to voxel transform
 0.90272   0.05634   0.05802  -2.46431;
-0.06208   0.74017   0.28343  -13.67947;
-0.03598  -0.24716   0.89785   65.60243;
 0.00000   0.00000   0.00000   1.00000;
segmentation indicates cc at (126,  111,  89) --> (2.0, -39.0, 17.0)
done.
filling took 1.0 minutes
talairach cc position changed to (2.00, -39.00, 17.00)
Erasing brainstem...done.
seed_search_size = 9, min_neighbors = 5
search rh wm seed point around talairach space:(20.00, -39.00, 17.00) SRC: (106.45, 87.00, 114.19)
search lh wm seed point around talairach space (-16.00, -39.00, 17.00), SRC: (138.94, 84.76, 112.90)
compute mri_fill using aseg
Erasing Brain Stem and Cerebellum ...
Define left and right masks using aseg:
Building Voronoi diagram ...
Using the Voronoi diagram for separating WM into two hemispheres ...
Find the largest connected component for each hemisphere ...
Embedding colortable
mri_fill done, writing output to filled.mgz...
 cp filled.mgz filled.auto.mgz

Started at Wed Mar 11 11:26:35 CET 2026 
Ended   at Wed Mar 11 12:38:22 CET 2026
#@#%# recon-all-run-time-hours 1.196
recon-all -s sub-v2s16x51292_ses-1 finished without error at Wed Mar 11 12:38:22 CET 2026



#New# invocation of recon-all 




Wed Mar 11 13:10:57 CET 2026
cd /out/sourcedata/freesurfer/sub-v2s16x51292_ses-1
setenv SUBJECTS_DIR /out/sourcedata/freesurfer
/opt/freesurfer/bin/recon-all -parallel -subjid sub-v2s16x51292_ses-1 -sd /out/sourcedata/freesurfer -cortribbon

subjid sub-v2s16x51292_ses-1
setenv SUBJECTS_DIR /out/sourcedata/freesurfer
FREESURFER_HOME /opt/freesurfer
Actual FREESURFER_HOME /opt/freesurfer
build-stamp.txt: freesurfer-linux-ubuntu22_x86_64-7.3.2-20220804-6354275
Linux dna061 5.14.0-427.37.1.el9_4.x86_64 #1 SMP PREEMPT_DYNAMIC Fri Sep 13 12:41:50 EDT 2024 x86_64 x86_64 x86_64 GNU/Linux
cputime      unlimited
filesize     unlimited
datasize     unlimited
stacksize    8192 kbytes
coredumpsize 0 kbytes
memoryuse    67108864 kbytes
vmemoryuse   unlimited
descriptors  1024 
memorylocked unlimited
maxproc      2061970 
maxlocks     unlimited
maxsignal    2061970 
maxmessage   819200 
maxnice      0 
maxrtprio    0 
maxrttime    unlimited

               total        used        free      shared  buff/cache   available
Mem:           503Gi        56Gi       318Gi        25Gi       128Gi       418Gi
Swap:             0B          0B          0B

########################################
program versions used
7.3.2 (freesurfer-linux-ubuntu22_x86_64-7.3.2-20220804-6354275)
7.3.2

ProgramName: lta_convert  ProgramArguments: lta_convert -all-info  ProgramVersion: 7.3.2  TimeStamp: 2026/03/11-12:10:57-GMT  BuildTime: Aug  4 2022 06:17:15  BuildStamp: freesurfer-linux-ubuntu22_x86_64-7.3.2-20220804-6354275  User: oesteban  Machine: dna061  Platform: Linux  PlatformVersion: 5.14.0-427.37.1.el9_4.x86_64  CompilerName: GCC  CompilerVersion: 8.4.0
ProgramName: mri_and  ProgramArguments: mri_and -all-info  ProgramVersion: 7.3.2  TimeStamp: 2026/03/11-12:10:57-GMT  BuildTime: Aug  4 2022 06:17:15  BuildStamp: freesurfer-linux-ubuntu22_x86_64-7.3.2-20220804-6354275  User: oesteban  Machine: dna061  Platform: Linux  PlatformVersion: 5.14.0-427.37.1.el9_4.x86_64  CompilerName: GCC  CompilerVersion: 8.4.0
ProgramName: mri_annotation2label  ProgramArguments: mri_annotation2label -all-info  ProgramVersion: 7.3.2  TimeStamp: 2026/03/11-12:10:57-GMT  BuildTime: Aug  4 2022 06:17:15  BuildStamp: freesurfer-linux-ubuntu22_x86_64-7.3.2-20220804-6354275  User: oesteban  Machine: dna061  Platform: Linux  PlatformVersion: 5.14.0-427.37.1.el9_4.x86_64  CompilerName: GCC  CompilerVersion: 8.4.0
ProgramName: mri_aparc2aseg  ProgramArguments: mri_aparc2aseg -all-info  ProgramVersion: 7.3.2  TimeStamp: 2026/03/11-12:10:57-GMT  BuildTime: Aug  4 2022 06:17:15  BuildStamp: freesurfer-linux-ubuntu22_x86_64-7.3.2-20220804-6354275  User: oesteban  Machine: dna061  Platform: Linux  PlatformVersion: 5.14.0-427.37.1.el9_4.x86_64  CompilerName: GCC  CompilerVersion: 8.4.0
ProgramName: mri_surf2volseg  ProgramArguments: mri_surf2volseg -all-info  ProgramVersion: 7.3.2  TimeStamp: 2026/03/11-12:10:57-GMT  BuildTime: Aug  4 2022 06:17:15  BuildStamp: freesurfer-linux-ubuntu22_x86_64-7.3.2-20220804-6354275  User: oesteban  Machine: dna061  Platform: Linux  PlatformVersion: 5.14.0-427.37.1.el9_4.x86_64  CompilerName: GCC  CompilerVersion: 8.4.0
ProgramName: mri_binarize  ProgramArguments: mri_binarize -all-info  ProgramVersion: 7.3.2  TimeStamp: 2026/03/11-12:10:57-GMT  BuildTime: Aug  4 2022 06:17:15  BuildStamp: freesurfer-linux-ubuntu22_x86_64-7.3.2-20220804-6354275  User: oesteban  Machine: dna061  Platform: Linux  PlatformVersion: 5.14.0-427.37.1.el9_4.x86_64  CompilerName: GCC  CompilerVersion: 8.4.0
ProgramName: mri_ca_label  ProgramArguments: mri_ca_label -all-info  ProgramVersion: 7.3.2  TimeStamp: 2026/03/11-12:10:57-GMT  BuildTime: Aug  4 2022 06:17:15  BuildStamp: freesurfer-linux-ubuntu22_x86_64-7.3.2-20220804-6354275  User: oesteban  Machine: dna061  Platform: Linux  PlatformVersion: 5.14.0-427.37.1.el9_4.x86_64  CompilerName: GCC  CompilerVersion: 8.4.0
ProgramName: mri_ca_normalize  ProgramArguments: mri_ca_normalize -all-info  ProgramVersion: 7.3.2  TimeStamp: 2026/03/11-12:10:57-GMT  BuildTime: Aug  4 2022 06:17:15  BuildStamp: freesurfer-linux-ubuntu22_x86_64-7.3.2-20220804-6354275  User: oesteban  Machine: dna061  Platform: Linux  PlatformVersion: 5.14.0-427.37.1.el9_4.x86_64  CompilerName: GCC  CompilerVersion: 8.4.0
ProgramName: mri_ca_register  ProgramArguments: mri_ca_register -all-info  ProgramVersion: 7.3.2  TimeStamp: 2026/03/11-12:10:57-GMT  BuildTime: Aug  4 2022 06:17:15  BuildStamp: freesurfer-linux-ubuntu22_x86_64-7.3.2-20220804-6354275  User: oesteban  Machine: dna061  Platform: Linux  PlatformVersion: 5.14.0-427.37.1.el9_4.x86_64  CompilerName: GCC  CompilerVersion: 8.4.0
ProgramName: mri_cc  ProgramArguments: mri_cc -all-info  ProgramVersion: 7.3.2  TimeStamp: 2026/03/11-12:10:57-GMT  BuildTime: Aug  4 2022 06:17:15  BuildStamp: freesurfer-linux-ubuntu22_x86_64-7.3.2-20220804-6354275  User: oesteban  Machine: dna061  Platform: Linux  PlatformVersion: 5.14.0-427.37.1.el9_4.x86_64  CompilerName: GCC  CompilerVersion: 8.4.0
ProgramName: mri_compute_overlap  ProgramArguments: mri_compute_overlap -all-info  ProgramVersion: 7.3.2  TimeStamp: 2026/03/11-12:10:57-GMT  BuildTime: Aug  4 2022 06:17:15  BuildStamp: freesurfer-linux-ubuntu22_x86_64-7.3.2-20220804-6354275  User: oesteban  Machine: dna061  Platform: Linux  PlatformVersion: 5.14.0-427.37.1.el9_4.x86_64  CompilerName: GCC  CompilerVersion: 8.4.0
ProgramName: mri_compute_seg_overlap  ProgramArguments: mri_compute_seg_overlap -all-info  ProgramVersion: 7.3.2  TimeStamp: 2026/03/11-12:10:57-GMT  BuildTime: Aug  4 2022 06:17:15  BuildStamp: freesurfer-linux-ubuntu22_x86_64-7.3.2-20220804-6354275  User: oesteban  Machine: dna061  Platform: Linux  PlatformVersion: 5.14.0-427.37.1.el9_4.x86_64  CompilerName: GCC  CompilerVersion: 8.4.0
ProgramName: mri_concat  ProgramArguments: mri_concat -all-info  ProgramVersion: 7.3.2  TimeStamp: 2026/03/11-12:10:57-GMT  BuildTime: Aug  4 2022 06:17:15  BuildStamp: freesurfer-linux-ubuntu22_x86_64-7.3.2-20220804-6354275  User: oesteban  Machine: dna061  Platform: Linux  PlatformVersion: 5.14.0-427.37.1.el9_4.x86_64  CompilerName: GCC  CompilerVersion: 8.4.0
ProgramName: mri_concatenate_lta  ProgramArguments: mri_concatenate_lta -all-info  ProgramVersion: 7.3.2  TimeStamp: 2026/03/11-12:10:57-GMT  BuildTime: Aug  4 2022 06:17:15  BuildStamp: freesurfer-linux-ubuntu22_x86_64-7.3.2-20220804-6354275  User: oesteban  Machine: dna061  Platform: Linux  PlatformVersion: 5.14.0-427.37.1.el9_4.x86_64  CompilerName: GCC  CompilerVersion: 8.4.0
mri_convert -all-info 
ProgramName: mri_convert  ProgramArguments: mri_convert -all-info  ProgramVersion: 7.3.2  TimeStamp: 2026/03/11-12:10:57-GMT  BuildTime: Aug  4 2022 06:17:15  BuildStamp: freesurfer-linux-ubuntu22_x86_64-7.3.2-20220804-6354275  User: oesteban  Machine: dna061  Platform: Linux  PlatformVersion: 5.14.0-427.37.1.el9_4.x86_64  CompilerName: GCC  CompilerVersion: 8.4.0
ProgramName: mri_diff  ProgramArguments: mri_diff -all-info  ProgramVersion: 7.3.2  TimeStamp: 2026/03/11-12:10:57-GMT  BuildTime: Aug  4 2022 06:17:15  BuildStamp: freesurfer-linux-ubuntu22_x86_64-7.3.2-20220804-6354275  User: oesteban  Machine: dna061  Platform: Linux  PlatformVersion: 5.14.0-427.37.1.el9_4.x86_64  CompilerName: GCC  CompilerVersion: 8.4.0
ProgramName: mri_edit_wm_with_aseg  ProgramArguments: mri_edit_wm_with_aseg -all-info  ProgramVersion: 7.3.2  TimeStamp: 2026/03/11-12:10:57-GMT  BuildTime: Aug  4 2022 06:17:15  BuildStamp: freesurfer-linux-ubuntu22_x86_64-7.3.2-20220804-6354275  User: oesteban  Machine: dna061  Platform: Linux  PlatformVersion: 5.14.0-427.37.1.el9_4.x86_64  CompilerName: GCC  CompilerVersion: 8.4.0
ProgramName: mri_em_register  ProgramArguments: mri_em_register -all-info  ProgramVersion: 7.3.2  TimeStamp: 2026/03/11-12:10:57-GMT  BuildTime: Aug  4 2022 06:17:15  BuildStamp: freesurfer-linux-ubuntu22_x86_64-7.3.2-20220804-6354275  User: oesteban  Machine: dna061  Platform: Linux  PlatformVersion: 5.14.0-427.37.1.el9_4.x86_64  CompilerName: GCC  CompilerVersion: 8.4.0
ProgramName: mri_fill  ProgramArguments: mri_fill -all-info  ProgramVersion: 7.3.2  TimeStamp: 2026/03/11-12:10:57-GMT  BuildTime: Aug  4 2022 06:17:15  BuildStamp: freesurfer-linux-ubuntu22_x86_64-7.3.2-20220804-6354275  User: oesteban  Machine: dna061  Platform: Linux  PlatformVersion: 5.14.0-427.37.1.el9_4.x86_64  CompilerName: GCC  CompilerVersion: 8.4.0
ProgramName: mri_fuse_segmentations  ProgramArguments: mri_fuse_segmentations -all-info  ProgramVersion: 7.3.2  TimeStamp: 2026/03/11-12:10:57-GMT  BuildTime: Aug  4 2022 06:17:15  BuildStamp: freesurfer-linux-ubuntu22_x86_64-7.3.2-20220804-6354275  User: oesteban  Machine: dna061  Platform: Linux  PlatformVersion: 5.14.0-427.37.1.el9_4.x86_64  CompilerName: GCC  CompilerVersion: 8.4.0
ProgramName: mri_fwhm  ProgramArguments: mri_fwhm -all-info  ProgramVersion: 7.3.2  TimeStamp: 2026/03/11-12:10:57-GMT  BuildTime: Aug  4 2022 06:17:15  BuildStamp: freesurfer-linux-ubuntu22_x86_64-7.3.2-20220804-6354275  User: oesteban  Machine: dna061  Platform: Linux  PlatformVersion: 5.14.0-427.37.1.el9_4.x86_64  CompilerName: GCC  CompilerVersion: 8.4.0
ProgramName: mri_gcut  ProgramArguments: mri_gcut -all-info  ProgramVersion: 7.3.2  TimeStamp: 2026/03/11-12:10:57-GMT  BuildTime: Aug  4 2022 06:17:15  BuildStamp: freesurfer-linux-ubuntu22_x86_64-7.3.2-20220804-6354275  User: oesteban  Machine: dna061  Platform: Linux  PlatformVersion: 5.14.0-427.37.1.el9_4.x86_64  CompilerName: GCC  CompilerVersion: 8.4.0
ProgramName: mri_info  ProgramArguments: mri_info -all-info  ProgramVersion: 7.3.2  TimeStamp: 2026/03/11-12:10:57-GMT  BuildTime: Aug  4 2022 06:17:15  BuildStamp: freesurfer-linux-ubuntu22_x86_64-7.3.2-20220804-6354275  User: oesteban  Machine: dna061  Platform: Linux  PlatformVersion: 5.14.0-427.37.1.el9_4.x86_64  CompilerName: GCC  CompilerVersion: 8.4.0
ProgramName: mri_label2label  ProgramArguments: mri_label2label -all-info  ProgramVersion: 7.3.2  TimeStamp: 2026/03/11-12:10:57-GMT  BuildTime: Aug  4 2022 06:17:15  BuildStamp: freesurfer-linux-ubuntu22_x86_64-7.3.2-20220804-6354275  User: oesteban  Machine: dna061  Platform: Linux  PlatformVersion: 5.14.0-427.37.1.el9_4.x86_64  CompilerName: GCC  CompilerVersion: 8.4.0
ProgramName: mri_label2vol  ProgramArguments: mri_label2vol -all-info  ProgramVersion: 7.3.2  TimeStamp: 2026/03/11-12:10:57-GMT  BuildTime: Aug  4 2022 06:17:15  BuildStamp: freesurfer-linux-ubuntu22_x86_64-7.3.2-20220804-6354275  User: oesteban  Machine: dna061  Platform: Linux  PlatformVersion: 5.14.0-427.37.1.el9_4.x86_64  CompilerName: GCC  CompilerVersion: 8.4.0
ProgramName: mri_log_likelihood  ProgramArguments: mri_log_likelihood -all-info  ProgramVersion: 7.3.2  TimeStamp: 2026/03/11-12:10:57-GMT  BuildTime: Aug  4 2022 06:17:15  BuildStamp: freesurfer-linux-ubuntu22_x86_64-7.3.2-20220804-6354275  User: oesteban  Machine: dna061  Platform: Linux  PlatformVersion: 5.14.0-427.37.1.el9_4.x86_64  CompilerName: GCC  CompilerVersion: 8.4.0
ProgramName: mri_mask  ProgramArguments: mri_mask -all-info  ProgramVersion: 7.3.2  TimeStamp: 2026/03/11-12:10:57-GMT  BuildTime: Aug  4 2022 06:17:15  BuildStamp: freesurfer-linux-ubuntu22_x86_64-7.3.2-20220804-6354275  User: oesteban  Machine: dna061  Platform: Linux  PlatformVersion: 5.14.0-427.37.1.el9_4.x86_64  CompilerName: GCC  CompilerVersion: 8.4.0
ProgramName: mri_matrix_multiply  ProgramArguments: mri_matrix_multiply -all-info  ProgramVersion: 7.3.2  TimeStamp: 2026/03/11-12:10:57-GMT  BuildTime: Aug  4 2022 06:17:15  BuildStamp: freesurfer-linux-ubuntu22_x86_64-7.3.2-20220804-6354275  User: oesteban  Machine: dna061  Platform: Linux  PlatformVersion: 5.14.0-427.37.1.el9_4.x86_64  CompilerName: GCC  CompilerVersion: 8.4.0
ProgramName: mri_normalize  ProgramArguments: mri_normalize -all-info  ProgramVersion: 7.3.2  TimeStamp: 2026/03/11-12:10:57-GMT  BuildTime: Aug  4 2022 06:17:15  BuildStamp: freesurfer-linux-ubuntu22_x86_64-7.3.2-20220804-6354275  User: oesteban  Machine: dna061  Platform: Linux  PlatformVersion: 5.14.0-427.37.1.el9_4.x86_64  CompilerName: GCC  CompilerVersion: 8.4.0
ProgramName: mri_normalize_tp2  ProgramArguments: mri_normalize_tp2 -all-info  ProgramVersion: 7.3.2  TimeStamp: 2026/03/11-12:10:57-GMT  BuildTime: Aug  4 2022 06:17:15  BuildStamp: freesurfer-linux-ubuntu22_x86_64-7.3.2-20220804-6354275  User: oesteban  Machine: dna061  Platform: Linux  PlatformVersion: 5.14.0-427.37.1.el9_4.x86_64  CompilerName: GCC  CompilerVersion: 8.4.0
ProgramName: mri_or  ProgramArguments: mri_or -all-info  ProgramVersion: 7.3.2  TimeStamp: 2026/03/11-12:10:57-GMT  BuildTime: Aug  4 2022 06:17:15  BuildStamp: freesurfer-linux-ubuntu22_x86_64-7.3.2-20220804-6354275  User: oesteban  Machine: dna061  Platform: Linux  PlatformVersion: 5.14.0-427.37.1.el9_4.x86_64  CompilerName: GCC  CompilerVersion: 8.4.0
ProgramName: mri_relabel_hypointensities  ProgramArguments: mri_relabel_hypointensities -all-info  ProgramVersion: 7.3.2  TimeStamp: 2026/03/11-12:10:57-GMT  BuildTime: Aug  4 2022 06:17:15  BuildStamp: freesurfer-linux-ubuntu22_x86_64-7.3.2-20220804-6354275  User: oesteban  Machine: dna061  Platform: Linux  PlatformVersion: 5.14.0-427.37.1.el9_4.x86_64  CompilerName: GCC  CompilerVersion: 8.4.0
ProgramName: mri_relabel_nonwm_hypos  ProgramArguments: mri_relabel_nonwm_hypos -all-info  ProgramVersion: 7.3.2  TimeStamp: 2026/03/11-12:10:57-GMT  BuildTime: Aug  4 2022 06:17:15  BuildStamp: freesurfer-linux-ubuntu22_x86_64-7.3.2-20220804-6354275  User: oesteban  Machine: dna061  Platform: Linux  PlatformVersion: 5.14.0-427.37.1.el9_4.x86_64  CompilerName: GCC  CompilerVersion: 8.4.0
ProgramName: mri_remove_neck  ProgramArguments: mri_remove_neck -all-info  ProgramVersion: 7.3.2  TimeStamp: 2026/03/11-12:10:57-GMT  BuildTime: Aug  4 2022 06:17:15  BuildStamp: freesurfer-linux-ubuntu22_x86_64-7.3.2-20220804-6354275  User: oesteban  Machine: dna061  Platform: Linux  PlatformVersion: 5.14.0-427.37.1.el9_4.x86_64  CompilerName: GCC  CompilerVersion: 8.4.0
7.3.2

ProgramName: mri_robust_register  ProgramArguments: mri_robust_register -all-info  ProgramVersion: 7.3.2  TimeStamp: 2026/03/11-12:10:57-GMT  BuildTime: Aug  4 2022 06:17:15  BuildStamp: freesurfer-linux-ubuntu22_x86_64-7.3.2-20220804-6354275  User: oesteban  Machine: dna061  Platform: Linux  PlatformVersion: 5.14.0-427.37.1.el9_4.x86_64  CompilerName: GCC  CompilerVersion: 8.4.0
7.3.2

ProgramName: mri_robust_template  ProgramArguments: mri_robust_template -all-info  ProgramVersion: 7.3.2  TimeStamp: 2026/03/11-12:10:57-GMT  BuildTime: Aug  4 2022 06:17:15  BuildStamp: freesurfer-linux-ubuntu22_x86_64-7.3.2-20220804-6354275  User: oesteban  Machine: dna061  Platform: Linux  PlatformVersion: 5.14.0-427.37.1.el9_4.x86_64  CompilerName: GCC  CompilerVersion: 8.4.0
ProgramName: mris_anatomical_stats  ProgramArguments: mris_anatomical_stats -all-info  ProgramVersion: 7.3.2  TimeStamp: 2026/03/11-12:10:57-GMT  BuildTime: Aug  4 2022 06:17:15  BuildStamp: freesurfer-linux-ubuntu22_x86_64-7.3.2-20220804-6354275  User: oesteban  Machine: dna061  Platform: Linux  PlatformVersion: 5.14.0-427.37.1.el9_4.x86_64  CompilerName: GCC  CompilerVersion: 8.4.0
ProgramName: mris_ca_label  ProgramArguments: mris_ca_label -all-info  ProgramVersion: 7.3.2  TimeStamp: 2026/03/11-12:10:57-GMT  BuildTime: Aug  4 2022 06:17:15  BuildStamp: freesurfer-linux-ubuntu22_x86_64-7.3.2-20220804-6354275  User: oesteban  Machine: dna061  Platform: Linux  PlatformVersion: 5.14.0-427.37.1.el9_4.x86_64  CompilerName: GCC  CompilerVersion: 8.4.0
ProgramName: mris_calc  ProgramArguments: mris_calc -all-info  ProgramVersion: 7.3.2  TimeStamp: 2026/03/11-12:10:57-GMT  BuildTime: Aug  4 2022 06:17:15  BuildStamp: freesurfer-linux-ubuntu22_x86_64-7.3.2-20220804-6354275  User: oesteban  Machine: dna061  Platform: Linux  PlatformVersion: 5.14.0-427.37.1.el9_4.x86_64  CompilerName: GCC  CompilerVersion: 8.4.0
ProgramName: mris_convert  ProgramArguments: mris_convert -all-info  ProgramVersion: 7.3.2  TimeStamp: 2026/03/11-12:10:57-GMT  BuildTime: Aug  4 2022 06:17:15  BuildStamp: freesurfer-linux-ubuntu22_x86_64-7.3.2-20220804-6354275  User: oesteban  Machine: dna061  Platform: Linux  PlatformVersion: 5.14.0-427.37.1.el9_4.x86_64  CompilerName: GCC  CompilerVersion: 8.4.0
ProgramName: mris_curvature  ProgramArguments: mris_curvature -all-info  ProgramVersion: 7.3.2  TimeStamp: 2026/03/11-12:10:57-GMT  BuildTime: Aug  4 2022 06:17:15  BuildStamp: freesurfer-linux-ubuntu22_x86_64-7.3.2-20220804-6354275  User: oesteban  Machine: dna061  Platform: Linux  PlatformVersion: 5.14.0-427.37.1.el9_4.x86_64  CompilerName: GCC  CompilerVersion: 8.4.0
ProgramName: mris_curvature_stats  ProgramArguments: mris_curvature_stats -all-info  ProgramVersion: 7.3.2  TimeStamp: 2026/03/11-12:10:57-GMT  BuildTime: Aug  4 2022 06:17:15  BuildStamp: freesurfer-linux-ubuntu22_x86_64-7.3.2-20220804-6354275  User: oesteban  Machine: dna061  Platform: Linux  PlatformVersion: 5.14.0-427.37.1.el9_4.x86_64  CompilerName: GCC  CompilerVersion: 8.4.0
ProgramName: mris_diff  ProgramArguments: mris_diff -all-info  ProgramVersion: 7.3.2  TimeStamp: 2026/03/11-12:10:57-GMT  BuildTime: Aug  4 2022 06:17:15  BuildStamp: freesurfer-linux-ubuntu22_x86_64-7.3.2-20220804-6354275  User: oesteban  Machine: dna061  Platform: Linux  PlatformVersion: 5.14.0-427.37.1.el9_4.x86_64  CompilerName: GCC  CompilerVersion: 8.4.0
ProgramName: mris_divide_parcellation  ProgramArguments: mris_divide_parcellation -all-info  ProgramVersion: 7.3.2  TimeStamp: 2026/03/11-12:10:57-GMT  BuildTime: Aug  4 2022 06:17:15  BuildStamp: freesurfer-linux-ubuntu22_x86_64-7.3.2-20220804-6354275  User: oesteban  Machine: dna061  Platform: Linux  PlatformVersion: 5.14.0-427.37.1.el9_4.x86_64  CompilerName: GCC  CompilerVersion: 8.4.0
ProgramName: mri_segment  ProgramArguments: mri_segment -all-info  ProgramVersion: 7.3.2  TimeStamp: 2026/03/11-12:10:57-GMT  BuildTime: Aug  4 2022 06:17:15  BuildStamp: freesurfer-linux-ubuntu22_x86_64-7.3.2-20220804-6354275  User: oesteban  Machine: dna061  Platform: Linux  PlatformVersion: 5.14.0-427.37.1.el9_4.x86_64  CompilerName: GCC  CompilerVersion: 8.4.0
ProgramName: mri_segstats  ProgramArguments: mri_segstats -all-info  ProgramVersion: 7.3.2  TimeStamp: 2026/03/11-12:10:57-GMT  BuildTime: Aug  4 2022 06:17:15  BuildStamp: freesurfer-linux-ubuntu22_x86_64-7.3.2-20220804-6354275  User: oesteban  Machine: dna061  Platform: Linux  PlatformVersion: 5.14.0-427.37.1.el9_4.x86_64  CompilerName: GCC  CompilerVersion: 8.4.0
ProgramName: mris_euler_number  ProgramArguments: mris_euler_number -all-info  ProgramVersion: 7.3.2  TimeStamp: 2026/03/11-12:10:57-GMT  BuildTime: Aug  4 2022 06:17:15  BuildStamp: freesurfer-linux-ubuntu22_x86_64-7.3.2-20220804-6354275  User: oesteban  Machine: dna061  Platform: Linux  PlatformVersion: 5.14.0-427.37.1.el9_4.x86_64  CompilerName: GCC  CompilerVersion: 8.4.0
ProgramName: mris_fix_topology  ProgramArguments: mris_fix_topology -all-info  ProgramVersion: 7.3.2  TimeStamp: 2026/03/11-12:10:57-GMT  BuildTime: Aug  4 2022 06:17:15  BuildStamp: freesurfer-linux-ubuntu22_x86_64-7.3.2-20220804-6354275  User: oesteban  Machine: dna061  Platform: Linux  PlatformVersion: 5.14.0-427.37.1.el9_4.x86_64  CompilerName: GCC  CompilerVersion: 8.4.0
ProgramName: mris_topo_fixer  ProgramArguments: mris_topo_fixer -all-info  ProgramVersion: 7.3.2  TimeStamp: 2026/03/11-12:10:57-GMT  BuildTime: Aug  4 2022 06:17:15  BuildStamp: freesurfer-linux-ubuntu22_x86_64-7.3.2-20220804-6354275  User: oesteban  Machine: dna061  Platform: Linux  PlatformVersion: 5.14.0-427.37.1.el9_4.x86_64  CompilerName: GCC  CompilerVersion: 8.4.0
ProgramName: mris_jacobian  ProgramArguments: mris_jacobian -all-info  ProgramVersion: 7.3.2  TimeStamp: 2026/03/11-12:10:57-GMT  BuildTime: Aug  4 2022 06:17:15  BuildStamp: freesurfer-linux-ubuntu22_x86_64-7.3.2-20220804-6354275  User: oesteban  Machine: dna061  Platform: Linux  PlatformVersion: 5.14.0-427.37.1.el9_4.x86_64  CompilerName: GCC  CompilerVersion: 8.4.0
ProgramName: mris_label2annot  ProgramArguments: mris_label2annot -all-info  ProgramVersion: 7.3.2  TimeStamp: 2026/03/11-12:10:57-GMT  BuildTime: Aug  4 2022 06:17:15  BuildStamp: freesurfer-linux-ubuntu22_x86_64-7.3.2-20220804-6354275  User: oesteban  Machine: dna061  Platform: Linux  PlatformVersion: 5.14.0-427.37.1.el9_4.x86_64  CompilerName: GCC  CompilerVersion: 8.4.0
ProgramName: mris_left_right_register  ProgramArguments: mris_left_right_register -all-info  ProgramVersion: 7.3.2  TimeStamp: 2026/03/11-12:10:57-GMT  BuildTime: Aug  4 2022 06:17:15  BuildStamp: freesurfer-linux-ubuntu22_x86_64-7.3.2-20220804-6354275  User: oesteban  Machine: dna061  Platform: Linux  PlatformVersion: 5.14.0-427.37.1.el9_4.x86_64  CompilerName: GCC  CompilerVersion: 8.4.0
ProgramName: mris_place_surface  ProgramArguments: mris_place_surface -all-info  ProgramVersion: 7.3.2  TimeStamp: 2026/03/11-12:10:57-GMT  BuildTime: Aug  4 2022 06:17:15  BuildStamp: freesurfer-linux-ubuntu22_x86_64-7.3.2-20220804-6354275  User: oesteban  Machine: dna061  Platform: Linux  PlatformVersion: 5.14.0-427.37.1.el9_4.x86_64  CompilerName: GCC  CompilerVersion: 8.4.0
ProgramName: mrisp_paint  ProgramArguments: mrisp_paint -all-info  ProgramVersion: 7.3.2  TimeStamp: 2026/03/11-12:10:57-GMT  BuildTime: Aug  4 2022 06:17:15  BuildStamp: freesurfer-linux-ubuntu22_x86_64-7.3.2-20220804-6354275  User: oesteban  Machine: dna061  Platform: Linux  PlatformVersion: 5.14.0-427.37.1.el9_4.x86_64  CompilerName: GCC  CompilerVersion: 8.4.0
ProgramName: mris_register  ProgramArguments: mris_register -all-info  ProgramVersion: 7.3.2  TimeStamp: 2026/03/11-12:10:57-GMT  BuildTime: Aug  4 2022 06:17:15  BuildStamp: freesurfer-linux-ubuntu22_x86_64-7.3.2-20220804-6354275  User: oesteban  Machine: dna061  Platform: Linux  PlatformVersion: 5.14.0-427.37.1.el9_4.x86_64  CompilerName: GCC  CompilerVersion: 8.4.0
ProgramName: mris_smooth  ProgramArguments: mris_smooth -all-info  ProgramVersion: 7.3.2  TimeStamp: 2026/03/11-12:10:57-GMT  BuildTime: Aug  4 2022 06:17:15  BuildStamp: freesurfer-linux-ubuntu22_x86_64-7.3.2-20220804-6354275  User: oesteban  Machine: dna061  Platform: Linux  PlatformVersion: 5.14.0-427.37.1.el9_4.x86_64  CompilerName: GCC  CompilerVersion: 8.4.0
ProgramName: mris_sphere  ProgramArguments: mris_sphere -all-info  ProgramVersion: 7.3.2  TimeStamp: 2026/03/11-12:10:57-GMT  BuildTime: Aug  4 2022 06:17:15  BuildStamp: freesurfer-linux-ubuntu22_x86_64-7.3.2-20220804-6354275  User: oesteban  Machine: dna061  Platform: Linux  PlatformVersion: 5.14.0-427.37.1.el9_4.x86_64  CompilerName: GCC  CompilerVersion: 8.4.0
ProgramName: mris_surface_stats  ProgramArguments: mris_surface_stats -all-info  ProgramVersion: 7.3.2  TimeStamp: 2026/03/11-12:10:57-GMT  BuildTime: Aug  4 2022 06:17:15  BuildStamp: freesurfer-linux-ubuntu22_x86_64-7.3.2-20220804-6354275  User: oesteban  Machine: dna061  Platform: Linux  PlatformVersion: 5.14.0-427.37.1.el9_4.x86_64  CompilerName: GCC  CompilerVersion: 8.4.0
ProgramName: mri_stats2seg  ProgramArguments: mri_stats2seg -all-info  ProgramVersion: 7.3.2  TimeStamp: 2026/03/11-12:10:57-GMT  BuildTime: Aug  4 2022 06:17:15  BuildStamp: freesurfer-linux-ubuntu22_x86_64-7.3.2-20220804-6354275  User: oesteban  Machine: dna061  Platform: Linux  PlatformVersion: 5.14.0-427.37.1.el9_4.x86_64  CompilerName: GCC  CompilerVersion: 8.4.0
ProgramName: mris_thickness  ProgramArguments: mris_thickness -all-info  ProgramVersion: 7.3.2  TimeStamp: 2026/03/11-12:10:57-GMT  BuildTime: Aug  4 2022 06:17:15  BuildStamp: freesurfer-linux-ubuntu22_x86_64-7.3.2-20220804-6354275  User: oesteban  Machine: dna061  Platform: Linux  PlatformVersion: 5.14.0-427.37.1.el9_4.x86_64  CompilerName: GCC  CompilerVersion: 8.4.0
ProgramName: mris_thickness_diff  ProgramArguments: mris_thickness_diff -all-info  ProgramVersion: 7.3.2  TimeStamp: 2026/03/11-12:10:57-GMT  BuildTime: Aug  4 2022 06:17:15  BuildStamp: freesurfer-linux-ubuntu22_x86_64-7.3.2-20220804-6354275  User: oesteban  Machine: dna061  Platform: Linux  PlatformVersion: 5.14.0-427.37.1.el9_4.x86_64  CompilerName: GCC  CompilerVersion: 8.4.0
ProgramName: mris_topo_fixer  ProgramArguments: mris_topo_fixer -all-info  ProgramVersion: 7.3.2  TimeStamp: 2026/03/11-12:10:57-GMT  BuildTime: Aug  4 2022 06:17:15  BuildStamp: freesurfer-linux-ubuntu22_x86_64-7.3.2-20220804-6354275  User: oesteban  Machine: dna061  Platform: Linux  PlatformVersion: 5.14.0-427.37.1.el9_4.x86_64  CompilerName: GCC  CompilerVersion: 8.4.0
ProgramName: mri_surf2surf  ProgramArguments: mri_surf2surf -all-info  ProgramVersion: 7.3.2  TimeStamp: 2026/03/11-12:10:57-GMT  BuildTime: Aug  4 2022 06:17:15  BuildStamp: freesurfer-linux-ubuntu22_x86_64-7.3.2-20220804-6354275  User: oesteban  Machine: dna061  Platform: Linux  PlatformVersion: 5.14.0-427.37.1.el9_4.x86_64  CompilerName: GCC  CompilerVersion: 8.4.0
ProgramName: mri_surf2vol  ProgramArguments: mri_surf2vol -all-info  ProgramVersion: 7.3.2  TimeStamp: 2026/03/11-12:10:57-GMT  BuildTime: Aug  4 2022 06:17:15  BuildStamp: freesurfer-linux-ubuntu22_x86_64-7.3.2-20220804-6354275  User: oesteban  Machine: dna061  Platform: Linux  PlatformVersion: 5.14.0-427.37.1.el9_4.x86_64  CompilerName: GCC  CompilerVersion: 8.4.0
ProgramName: mri_surfcluster  ProgramArguments: mri_surfcluster -all-info  ProgramVersion: 7.3.2  TimeStamp: 2026/03/11-12:10:57-GMT  BuildTime: Aug  4 2022 06:17:15  BuildStamp: freesurfer-linux-ubuntu22_x86_64-7.3.2-20220804-6354275  User: oesteban  Machine: dna061  Platform: Linux  PlatformVersion: 5.14.0-427.37.1.el9_4.x86_64  CompilerName: GCC  CompilerVersion: 8.4.0
ProgramName: mris_volmask  ProgramArguments: mris_volmask -all-info  ProgramVersion: 7.3.2  TimeStamp: 2026/03/11-12:10:57-GMT  BuildTime: Aug  4 2022 06:17:15  BuildStamp: freesurfer-linux-ubuntu22_x86_64-7.3.2-20220804-6354275  User: oesteban  Machine: dna061  Platform: Linux  PlatformVersion: 5.14.0-427.37.1.el9_4.x86_64  CompilerName: GCC  CompilerVersion: 8.4.0
ProgramName: mri_tessellate  ProgramArguments: mri_tessellate -all-info  ProgramVersion: 7.3.2  TimeStamp: 2026/03/11-12:10:57-GMT  BuildTime: Aug  4 2022 06:17:15  BuildStamp: freesurfer-linux-ubuntu22_x86_64-7.3.2-20220804-6354275  User: oesteban  Machine: dna061  Platform: Linux  PlatformVersion: 5.14.0-427.37.1.el9_4.x86_64  CompilerName: GCC  CompilerVersion: 8.4.0
ProgramName: mri_vol2surf  ProgramArguments: mri_vol2surf -all-info  ProgramVersion: 7.3.2  TimeStamp: 2026/03/11-12:10:57-GMT  BuildTime: Aug  4 2022 06:17:15  BuildStamp: freesurfer-linux-ubuntu22_x86_64-7.3.2-20220804-6354275  User: oesteban  Machine: dna061  Platform: Linux  PlatformVersion: 5.14.0-427.37.1.el9_4.x86_64  CompilerName: GCC  CompilerVersion: 8.4.0
ProgramName: mri_vol2vol  ProgramArguments: mri_vol2vol -all-info  ProgramVersion: 7.3.2  TimeStamp: 2026/03/11-12:10:57-GMT  BuildTime: Aug  4 2022 06:17:15  BuildStamp: freesurfer-linux-ubuntu22_x86_64-7.3.2-20220804-6354275  User: oesteban  Machine: dna061  Platform: Linux  PlatformVersion: 5.14.0-427.37.1.el9_4.x86_64  CompilerName: GCC  CompilerVersion: 8.4.0
ProgramName: mri_voldiff  ProgramArguments: mri_voldiff -all-info  ProgramVersion: 7.3.2  TimeStamp: 2026/03/11-12:10:57-GMT  BuildTime: Aug  4 2022 06:17:15  BuildStamp: freesurfer-linux-ubuntu22_x86_64-7.3.2-20220804-6354275  User: oesteban  Machine: dna061  Platform: Linux  PlatformVersion: 5.14.0-427.37.1.el9_4.x86_64  CompilerName: GCC  CompilerVersion: 8.4.0
ProgramName: mri_watershed  ProgramArguments: mri_watershed -all-info  ProgramVersion: 7.3.2  TimeStamp: 2026/03/11-12:10:57-GMT  BuildTime: Aug  4 2022 06:17:15  BuildStamp: freesurfer-linux-ubuntu22_x86_64-7.3.2-20220804-6354275  User: oesteban  Machine: dna061  Platform: Linux  PlatformVersion: 5.14.0-427.37.1.el9_4.x86_64  CompilerName: GCC  CompilerVersion: 8.4.0
ProgramName: tkregister2  ProgramArguments: tkregister2_cmdl -all-info  ProgramVersion: 7.3.2  TimeStamp: 2026/03/11-12:10:57-GMT  BuildTime: Aug  4 2022 06:17:15  BuildStamp: freesurfer-linux-ubuntu22_x86_64-7.3.2-20220804-6354275  User: oesteban  Machine: dna061  Platform: Linux  PlatformVersion: 5.14.0-427.37.1.el9_4.x86_64  CompilerName: GCC  CompilerVersion: 8.4.0
mri_motion_correct.fsl 7.3.2
mri_convert -all-info 
ProgramName: mri_convert  ProgramArguments: mri_convert -all-info  ProgramVersion: 7.3.2  TimeStamp: 2026/03/11-12:10:57-GMT  BuildTime: Aug  4 2022 06:17:15  BuildStamp: freesurfer-linux-ubuntu22_x86_64-7.3.2-20220804-6354275  User: oesteban  Machine: dna061  Platform: Linux  PlatformVersion: 5.14.0-427.37.1.el9_4.x86_64  CompilerName: GCC  CompilerVersion: 8.4.0
Program nu_correct, built from:
Package MNI N3, version 1.12.0, compiled by nicks@terrier (x86_64-unknown-linux-gnu) on 2015-06-19 at 01:25:34
#######################################
GCADIR /opt/freesurfer/average
GCA RB_all_2020-01-02.gca
GCASkull RB_all_withskull_2020_01_02.gca
AvgCurvTif folding.atlas.acfb40.noaparc.i12.2016-08-02.tif
GCSDIR /opt/freesurfer/average
GCS DKaparc.atlas.acfb40.noaparc.i12.2016-08-02.gcs
#######################################
#@# white curv lh Wed Mar 11 13:10:57 CET 2026
cd /out/sourcedata/freesurfer/sub-v2s16x51292_ses-1/mri
mris_place_surface --curv-map ../surf/lh.white 2 10 ../surf/lh.curv
   Update not needed
#@# white area lh Wed Mar 11 13:10:57 CET 2026
cd /out/sourcedata/freesurfer/sub-v2s16x51292_ses-1/mri
mris_place_surface --area-map ../surf/lh.white ../surf/lh.area
   Update not needed
#@# pial curv lh Wed Mar 11 13:10:57 CET 2026
cd /out/sourcedata/freesurfer/sub-v2s16x51292_ses-1/mri
mris_place_surface --curv-map ../surf/lh.pial 2 10 ../surf/lh.curv.pial
   Update not needed
#@# pial area lh Wed Mar 11 13:10:57 CET 2026
cd /out/sourcedata/freesurfer/sub-v2s16x51292_ses-1/mri
mris_place_surface --area-map ../surf/lh.pial ../surf/lh.area.pial
   Update not needed
#@# thickness lh Wed Mar 11 13:10:57 CET 2026
cd /out/sourcedata/freesurfer/sub-v2s16x51292_ses-1/mri
mris_place_surface --thickness ../surf/lh.white ../surf/lh.pial 20 5 ../surf/lh.thickness
   Update not needed
#@# area and vertex vol lh Wed Mar 11 13:10:57 CET 2026
cd /out/sourcedata/freesurfer/sub-v2s16x51292_ses-1/mri
mris_place_surface --thickness ../surf/lh.white ../surf/lh.pial 20 5 ../surf/lh.thickness
   Update not needed
#@# white curv rh Wed Mar 11 13:10:57 CET 2026
cd /out/sourcedata/freesurfer/sub-v2s16x51292_ses-1/mri
mris_place_surface --curv-map ../surf/rh.white 2 10 ../surf/rh.curv
   Update not needed
#@# white area rh Wed Mar 11 13:10:57 CET 2026
cd /out/sourcedata/freesurfer/sub-v2s16x51292_ses-1/mri
mris_place_surface --area-map ../surf/rh.white ../surf/rh.area
   Update not needed
#@# pial curv rh Wed Mar 11 13:10:57 CET 2026
cd /out/sourcedata/freesurfer/sub-v2s16x51292_ses-1/mri
mris_place_surface --curv-map ../surf/rh.pial 2 10 ../surf/rh.curv.pial
   Update not needed
#@# pial area rh Wed Mar 11 13:10:57 CET 2026
cd /out/sourcedata/freesurfer/sub-v2s16x51292_ses-1/mri
mris_place_surface --area-map ../surf/rh.pial ../surf/rh.area.pial
   Update not needed
#@# thickness rh Wed Mar 11 13:10:57 CET 2026
cd /out/sourcedata/freesurfer/sub-v2s16x51292_ses-1/mri
mris_place_surface --thickness ../surf/rh.white ../surf/rh.pial 20 5 ../surf/rh.thickness
   Update not needed
#@# area and vertex vol rh Wed Mar 11 13:10:57 CET 2026
cd /out/sourcedata/freesurfer/sub-v2s16x51292_ses-1/mri
mris_place_surface --thickness ../surf/rh.white ../surf/rh.pial 20 5 ../surf/rh.thickness
   Update not needed
#--------------------------------------------
#@# Cortical ribbon mask Wed Mar 11 13:10:57 CET 2026
/out/sourcedata/freesurfer/sub-v2s16x51292_ses-1/mri

 mris_volmask --aseg_name aseg.presurf --label_left_white 2 --label_left_ribbon 3 --label_right_white 41 --label_right_ribbon 42 --save_ribbon sub-v2s16x51292_ses-1 

SUBJECTS_DIR is /out/sourcedata/freesurfer
loading input data...
Running hemis serially
Processing left hemi
computing distance to left white surface 
computing distance to left pial surface 
Processing right hemi
computing distance to right white surface 
computing distance to right pial surface 
 hemi masks overlap voxels = 77
writing volume /out/sourcedata/freesurfer/sub-v2s16x51292_ses-1/mri/ribbon.mgz
mris_volmask took 2.28 minutes
 writing ribbon files

Started at Wed Mar 11 13:10:57 CET 2026 
Ended   at Wed Mar 11 13:13:14 CET 2026
#@#%# recon-all-run-time-hours 0.038
recon-all -s sub-v2s16x51292_ses-1 finished without error at Wed Mar 11 13:13:14 CET 2026



#New# invocation of recon-all 




Wed Mar 11 13:17:46 CET 2026
cd /out/sourcedata/freesurfer/sub-v2s16x51292_ses-1
setenv SUBJECTS_DIR /out/sourcedata/freesurfer
/opt/freesurfer/bin/recon-all -autorecon3 -openmp 16 -subjid sub-v2s16x51292_ses-1 -sd /out/sourcedata/freesurfer -nosphere -nosurfreg -nojacobian_white -noavgcurv -nocortparc -nopial -noparcstats -nocortparc2 -noparcstats2 -nocortparc3 -noparcstats3 -nopctsurfcon -nocortribbon -nobalabels

subjid sub-v2s16x51292_ses-1
setenv SUBJECTS_DIR /out/sourcedata/freesurfer
FREESURFER_HOME /opt/freesurfer
Actual FREESURFER_HOME /opt/freesurfer
build-stamp.txt: freesurfer-linux-ubuntu22_x86_64-7.3.2-20220804-6354275
Linux dna061 5.14.0-427.37.1.el9_4.x86_64 #1 SMP PREEMPT_DYNAMIC Fri Sep 13 12:41:50 EDT 2024 x86_64 x86_64 x86_64 GNU/Linux
cputime      unlimited
filesize     unlimited
datasize     unlimited
stacksize    8192 kbytes
coredumpsize 0 kbytes
memoryuse    67108864 kbytes
vmemoryuse   unlimited
descriptors  1024 
memorylocked unlimited
maxproc      2061970 
maxlocks     unlimited
maxsignal    2061970 
maxmessage   819200 
maxnice      0 
maxrtprio    0 
maxrttime    unlimited

               total        used        free      shared  buff/cache   available
Mem:           503Gi        68Gi       306Gi        25Gi       128Gi       405Gi
Swap:             0B          0B          0B

########################################
program versions used
7.3.2 (freesurfer-linux-ubuntu22_x86_64-7.3.2-20220804-6354275)
7.3.2

ProgramName: lta_convert  ProgramArguments: lta_convert -all-info  ProgramVersion: 7.3.2  TimeStamp: 2026/03/11-12:17:46-GMT  BuildTime: Aug  4 2022 06:17:15  BuildStamp: freesurfer-linux-ubuntu22_x86_64-7.3.2-20220804-6354275  User: oesteban  Machine: dna061  Platform: Linux  PlatformVersion: 5.14.0-427.37.1.el9_4.x86_64  CompilerName: GCC  CompilerVersion: 8.4.0
ProgramName: mri_and  ProgramArguments: mri_and -all-info  ProgramVersion: 7.3.2  TimeStamp: 2026/03/11-12:17:46-GMT  BuildTime: Aug  4 2022 06:17:15  BuildStamp: freesurfer-linux-ubuntu22_x86_64-7.3.2-20220804-6354275  User: oesteban  Machine: dna061  Platform: Linux  PlatformVersion: 5.14.0-427.37.1.el9_4.x86_64  CompilerName: GCC  CompilerVersion: 8.4.0
ProgramName: mri_annotation2label  ProgramArguments: mri_annotation2label -all-info  ProgramVersion: 7.3.2  TimeStamp: 2026/03/11-12:17:46-GMT  BuildTime: Aug  4 2022 06:17:15  BuildStamp: freesurfer-linux-ubuntu22_x86_64-7.3.2-20220804-6354275  User: oesteban  Machine: dna061  Platform: Linux  PlatformVersion: 5.14.0-427.37.1.el9_4.x86_64  CompilerName: GCC  CompilerVersion: 8.4.0
ProgramName: mri_aparc2aseg  ProgramArguments: mri_aparc2aseg -all-info  ProgramVersion: 7.3.2  TimeStamp: 2026/03/11-12:17:46-GMT  BuildTime: Aug  4 2022 06:17:15  BuildStamp: freesurfer-linux-ubuntu22_x86_64-7.3.2-20220804-6354275  User: oesteban  Machine: dna061  Platform: Linux  PlatformVersion: 5.14.0-427.37.1.el9_4.x86_64  CompilerName: GCC  CompilerVersion: 8.4.0
ProgramName: mri_surf2volseg  ProgramArguments: mri_surf2volseg -all-info  ProgramVersion: 7.3.2  TimeStamp: 2026/03/11-12:17:46-GMT  BuildTime: Aug  4 2022 06:17:15  BuildStamp: freesurfer-linux-ubuntu22_x86_64-7.3.2-20220804-6354275  User: oesteban  Machine: dna061  Platform: Linux  PlatformVersion: 5.14.0-427.37.1.el9_4.x86_64  CompilerName: GCC  CompilerVersion: 8.4.0
ProgramName: mri_binarize  ProgramArguments: mri_binarize -all-info  ProgramVersion: 7.3.2  TimeStamp: 2026/03/11-12:17:46-GMT  BuildTime: Aug  4 2022 06:17:15  BuildStamp: freesurfer-linux-ubuntu22_x86_64-7.3.2-20220804-6354275  User: oesteban  Machine: dna061  Platform: Linux  PlatformVersion: 5.14.0-427.37.1.el9_4.x86_64  CompilerName: GCC  CompilerVersion: 8.4.0
ProgramName: mri_ca_label  ProgramArguments: mri_ca_label -all-info  ProgramVersion: 7.3.2  TimeStamp: 2026/03/11-12:17:46-GMT  BuildTime: Aug  4 2022 06:17:15  BuildStamp: freesurfer-linux-ubuntu22_x86_64-7.3.2-20220804-6354275  User: oesteban  Machine: dna061  Platform: Linux  PlatformVersion: 5.14.0-427.37.1.el9_4.x86_64  CompilerName: GCC  CompilerVersion: 8.4.0
ProgramName: mri_ca_normalize  ProgramArguments: mri_ca_normalize -all-info  ProgramVersion: 7.3.2  TimeStamp: 2026/03/11-12:17:46-GMT  BuildTime: Aug  4 2022 06:17:15  BuildStamp: freesurfer-linux-ubuntu22_x86_64-7.3.2-20220804-6354275  User: oesteban  Machine: dna061  Platform: Linux  PlatformVersion: 5.14.0-427.37.1.el9_4.x86_64  CompilerName: GCC  CompilerVersion: 8.4.0
ProgramName: mri_ca_register  ProgramArguments: mri_ca_register -all-info  ProgramVersion: 7.3.2  TimeStamp: 2026/03/11-12:17:46-GMT  BuildTime: Aug  4 2022 06:17:15  BuildStamp: freesurfer-linux-ubuntu22_x86_64-7.3.2-20220804-6354275  User: oesteban  Machine: dna061  Platform: Linux  PlatformVersion: 5.14.0-427.37.1.el9_4.x86_64  CompilerName: GCC  CompilerVersion: 8.4.0
ProgramName: mri_cc  ProgramArguments: mri_cc -all-info  ProgramVersion: 7.3.2  TimeStamp: 2026/03/11-12:17:46-GMT  BuildTime: Aug  4 2022 06:17:15  BuildStamp: freesurfer-linux-ubuntu22_x86_64-7.3.2-20220804-6354275  User: oesteban  Machine: dna061  Platform: Linux  PlatformVersion: 5.14.0-427.37.1.el9_4.x86_64  CompilerName: GCC  CompilerVersion: 8.4.0
ProgramName: mri_compute_overlap  ProgramArguments: mri_compute_overlap -all-info  ProgramVersion: 7.3.2  TimeStamp: 2026/03/11-12:17:46-GMT  BuildTime: Aug  4 2022 06:17:15  BuildStamp: freesurfer-linux-ubuntu22_x86_64-7.3.2-20220804-6354275  User: oesteban  Machine: dna061  Platform: Linux  PlatformVersion: 5.14.0-427.37.1.el9_4.x86_64  CompilerName: GCC  CompilerVersion: 8.4.0
ProgramName: mri_compute_seg_overlap  ProgramArguments: mri_compute_seg_overlap -all-info  ProgramVersion: 7.3.2  TimeStamp: 2026/03/11-12:17:46-GMT  BuildTime: Aug  4 2022 06:17:15  BuildStamp: freesurfer-linux-ubuntu22_x86_64-7.3.2-20220804-6354275  User: oesteban  Machine: dna061  Platform: Linux  PlatformVersion: 5.14.0-427.37.1.el9_4.x86_64  CompilerName: GCC  CompilerVersion: 8.4.0
ProgramName: mri_concat  ProgramArguments: mri_concat -all-info  ProgramVersion: 7.3.2  TimeStamp: 2026/03/11-12:17:46-GMT  BuildTime: Aug  4 2022 06:17:15  BuildStamp: freesurfer-linux-ubuntu22_x86_64-7.3.2-20220804-6354275  User: oesteban  Machine: dna061  Platform: Linux  PlatformVersion: 5.14.0-427.37.1.el9_4.x86_64  CompilerName: GCC  CompilerVersion: 8.4.0
ProgramName: mri_concatenate_lta  ProgramArguments: mri_concatenate_lta -all-info  ProgramVersion: 7.3.2  TimeStamp: 2026/03/11-12:17:46-GMT  BuildTime: Aug  4 2022 06:17:15  BuildStamp: freesurfer-linux-ubuntu22_x86_64-7.3.2-20220804-6354275  User: oesteban  Machine: dna061  Platform: Linux  PlatformVersion: 5.14.0-427.37.1.el9_4.x86_64  CompilerName: GCC  CompilerVersion: 8.4.0
mri_convert -all-info 
ProgramName: mri_convert  ProgramArguments: mri_convert -all-info  ProgramVersion: 7.3.2  TimeStamp: 2026/03/11-12:17:46-GMT  BuildTime: Aug  4 2022 06:17:15  BuildStamp: freesurfer-linux-ubuntu22_x86_64-7.3.2-20220804-6354275  User: oesteban  Machine: dna061  Platform: Linux  PlatformVersion: 5.14.0-427.37.1.el9_4.x86_64  CompilerName: GCC  CompilerVersion: 8.4.0
ProgramName: mri_diff  ProgramArguments: mri_diff -all-info  ProgramVersion: 7.3.2  TimeStamp: 2026/03/11-12:17:46-GMT  BuildTime: Aug  4 2022 06:17:15  BuildStamp: freesurfer-linux-ubuntu22_x86_64-7.3.2-20220804-6354275  User: oesteban  Machine: dna061  Platform: Linux  PlatformVersion: 5.14.0-427.37.1.el9_4.x86_64  CompilerName: GCC  CompilerVersion: 8.4.0
ProgramName: mri_edit_wm_with_aseg  ProgramArguments: mri_edit_wm_with_aseg -all-info  ProgramVersion: 7.3.2  TimeStamp: 2026/03/11-12:17:46-GMT  BuildTime: Aug  4 2022 06:17:15  BuildStamp: freesurfer-linux-ubuntu22_x86_64-7.3.2-20220804-6354275  User: oesteban  Machine: dna061  Platform: Linux  PlatformVersion: 5.14.0-427.37.1.el9_4.x86_64  CompilerName: GCC  CompilerVersion: 8.4.0
ProgramName: mri_em_register  ProgramArguments: mri_em_register -all-info  ProgramVersion: 7.3.2  TimeStamp: 2026/03/11-12:17:46-GMT  BuildTime: Aug  4 2022 06:17:15  BuildStamp: freesurfer-linux-ubuntu22_x86_64-7.3.2-20220804-6354275  User: oesteban  Machine: dna061  Platform: Linux  PlatformVersion: 5.14.0-427.37.1.el9_4.x86_64  CompilerName: GCC  CompilerVersion: 8.4.0
ProgramName: mri_fill  ProgramArguments: mri_fill -all-info  ProgramVersion: 7.3.2  TimeStamp: 2026/03/11-12:17:46-GMT  BuildTime: Aug  4 2022 06:17:15  BuildStamp: freesurfer-linux-ubuntu22_x86_64-7.3.2-20220804-6354275  User: oesteban  Machine: dna061  Platform: Linux  PlatformVersion: 5.14.0-427.37.1.el9_4.x86_64  CompilerName: GCC  CompilerVersion: 8.4.0
ProgramName: mri_fuse_segmentations  ProgramArguments: mri_fuse_segmentations -all-info  ProgramVersion: 7.3.2  TimeStamp: 2026/03/11-12:17:46-GMT  BuildTime: Aug  4 2022 06:17:15  BuildStamp: freesurfer-linux-ubuntu22_x86_64-7.3.2-20220804-6354275  User: oesteban  Machine: dna061  Platform: Linux  PlatformVersion: 5.14.0-427.37.1.el9_4.x86_64  CompilerName: GCC  CompilerVersion: 8.4.0
ProgramName: mri_fwhm  ProgramArguments: mri_fwhm -all-info  ProgramVersion: 7.3.2  TimeStamp: 2026/03/11-12:17:46-GMT  BuildTime: Aug  4 2022 06:17:15  BuildStamp: freesurfer-linux-ubuntu22_x86_64-7.3.2-20220804-6354275  User: oesteban  Machine: dna061  Platform: Linux  PlatformVersion: 5.14.0-427.37.1.el9_4.x86_64  CompilerName: GCC  CompilerVersion: 8.4.0
ProgramName: mri_gcut  ProgramArguments: mri_gcut -all-info  ProgramVersion: 7.3.2  TimeStamp: 2026/03/11-12:17:46-GMT  BuildTime: Aug  4 2022 06:17:15  BuildStamp: freesurfer-linux-ubuntu22_x86_64-7.3.2-20220804-6354275  User: oesteban  Machine: dna061  Platform: Linux  PlatformVersion: 5.14.0-427.37.1.el9_4.x86_64  CompilerName: GCC  CompilerVersion: 8.4.0
ProgramName: mri_info  ProgramArguments: mri_info -all-info  ProgramVersion: 7.3.2  TimeStamp: 2026/03/11-12:17:46-GMT  BuildTime: Aug  4 2022 06:17:15  BuildStamp: freesurfer-linux-ubuntu22_x86_64-7.3.2-20220804-6354275  User: oesteban  Machine: dna061  Platform: Linux  PlatformVersion: 5.14.0-427.37.1.el9_4.x86_64  CompilerName: GCC  CompilerVersion: 8.4.0
ProgramName: mri_label2label  ProgramArguments: mri_label2label -all-info  ProgramVersion: 7.3.2  TimeStamp: 2026/03/11-12:17:46-GMT  BuildTime: Aug  4 2022 06:17:15  BuildStamp: freesurfer-linux-ubuntu22_x86_64-7.3.2-20220804-6354275  User: oesteban  Machine: dna061  Platform: Linux  PlatformVersion: 5.14.0-427.37.1.el9_4.x86_64  CompilerName: GCC  CompilerVersion: 8.4.0
ProgramName: mri_label2vol  ProgramArguments: mri_label2vol -all-info  ProgramVersion: 7.3.2  TimeStamp: 2026/03/11-12:17:46-GMT  BuildTime: Aug  4 2022 06:17:15  BuildStamp: freesurfer-linux-ubuntu22_x86_64-7.3.2-20220804-6354275  User: oesteban  Machine: dna061  Platform: Linux  PlatformVersion: 5.14.0-427.37.1.el9_4.x86_64  CompilerName: GCC  CompilerVersion: 8.4.0
ProgramName: mri_log_likelihood  ProgramArguments: mri_log_likelihood -all-info  ProgramVersion: 7.3.2  TimeStamp: 2026/03/11-12:17:46-GMT  BuildTime: Aug  4 2022 06:17:15  BuildStamp: freesurfer-linux-ubuntu22_x86_64-7.3.2-20220804-6354275  User: oesteban  Machine: dna061  Platform: Linux  PlatformVersion: 5.14.0-427.37.1.el9_4.x86_64  CompilerName: GCC  CompilerVersion: 8.4.0
ProgramName: mri_mask  ProgramArguments: mri_mask -all-info  ProgramVersion: 7.3.2  TimeStamp: 2026/03/11-12:17:46-GMT  BuildTime: Aug  4 2022 06:17:15  BuildStamp: freesurfer-linux-ubuntu22_x86_64-7.3.2-20220804-6354275  User: oesteban  Machine: dna061  Platform: Linux  PlatformVersion: 5.14.0-427.37.1.el9_4.x86_64  CompilerName: GCC  CompilerVersion: 8.4.0
ProgramName: mri_matrix_multiply  ProgramArguments: mri_matrix_multiply -all-info  ProgramVersion: 7.3.2  TimeStamp: 2026/03/11-12:17:46-GMT  BuildTime: Aug  4 2022 06:17:15  BuildStamp: freesurfer-linux-ubuntu22_x86_64-7.3.2-20220804-6354275  User: oesteban  Machine: dna061  Platform: Linux  PlatformVersion: 5.14.0-427.37.1.el9_4.x86_64  CompilerName: GCC  CompilerVersion: 8.4.0
ProgramName: mri_normalize  ProgramArguments: mri_normalize -all-info  ProgramVersion: 7.3.2  TimeStamp: 2026/03/11-12:17:46-GMT  BuildTime: Aug  4 2022 06:17:15  BuildStamp: freesurfer-linux-ubuntu22_x86_64-7.3.2-20220804-6354275  User: oesteban  Machine: dna061  Platform: Linux  PlatformVersion: 5.14.0-427.37.1.el9_4.x86_64  CompilerName: GCC  CompilerVersion: 8.4.0
ProgramName: mri_normalize_tp2  ProgramArguments: mri_normalize_tp2 -all-info  ProgramVersion: 7.3.2  TimeStamp: 2026/03/11-12:17:46-GMT  BuildTime: Aug  4 2022 06:17:15  BuildStamp: freesurfer-linux-ubuntu22_x86_64-7.3.2-20220804-6354275  User: oesteban  Machine: dna061  Platform: Linux  PlatformVersion: 5.14.0-427.37.1.el9_4.x86_64  CompilerName: GCC  CompilerVersion: 8.4.0
ProgramName: mri_or  ProgramArguments: mri_or -all-info  ProgramVersion: 7.3.2  TimeStamp: 2026/03/11-12:17:46-GMT  BuildTime: Aug  4 2022 06:17:15  BuildStamp: freesurfer-linux-ubuntu22_x86_64-7.3.2-20220804-6354275  User: oesteban  Machine: dna061  Platform: Linux  PlatformVersion: 5.14.0-427.37.1.el9_4.x86_64  CompilerName: GCC  CompilerVersion: 8.4.0
ProgramName: mri_relabel_hypointensities  ProgramArguments: mri_relabel_hypointensities -all-info  ProgramVersion: 7.3.2  TimeStamp: 2026/03/11-12:17:46-GMT  BuildTime: Aug  4 2022 06:17:15  BuildStamp: freesurfer-linux-ubuntu22_x86_64-7.3.2-20220804-6354275  User: oesteban  Machine: dna061  Platform: Linux  PlatformVersion: 5.14.0-427.37.1.el9_4.x86_64  CompilerName: GCC  CompilerVersion: 8.4.0
ProgramName: mri_relabel_nonwm_hypos  ProgramArguments: mri_relabel_nonwm_hypos -all-info  ProgramVersion: 7.3.2  TimeStamp: 2026/03/11-12:17:46-GMT  BuildTime: Aug  4 2022 06:17:15  BuildStamp: freesurfer-linux-ubuntu22_x86_64-7.3.2-20220804-6354275  User: oesteban  Machine: dna061  Platform: Linux  PlatformVersion: 5.14.0-427.37.1.el9_4.x86_64  CompilerName: GCC  CompilerVersion: 8.4.0
ProgramName: mri_remove_neck  ProgramArguments: mri_remove_neck -all-info  ProgramVersion: 7.3.2  TimeStamp: 2026/03/11-12:17:46-GMT  BuildTime: Aug  4 2022 06:17:15  BuildStamp: freesurfer-linux-ubuntu22_x86_64-7.3.2-20220804-6354275  User: oesteban  Machine: dna061  Platform: Linux  PlatformVersion: 5.14.0-427.37.1.el9_4.x86_64  CompilerName: GCC  CompilerVersion: 8.4.0
7.3.2

ProgramName: mri_robust_register  ProgramArguments: mri_robust_register -all-info  ProgramVersion: 7.3.2  TimeStamp: 2026/03/11-12:17:46-GMT  BuildTime: Aug  4 2022 06:17:15  BuildStamp: freesurfer-linux-ubuntu22_x86_64-7.3.2-20220804-6354275  User: oesteban  Machine: dna061  Platform: Linux  PlatformVersion: 5.14.0-427.37.1.el9_4.x86_64  CompilerName: GCC  CompilerVersion: 8.4.0
7.3.2

ProgramName: mri_robust_template  ProgramArguments: mri_robust_template -all-info  ProgramVersion: 7.3.2  TimeStamp: 2026/03/11-12:17:46-GMT  BuildTime: Aug  4 2022 06:17:15  BuildStamp: freesurfer-linux-ubuntu22_x86_64-7.3.2-20220804-6354275  User: oesteban  Machine: dna061  Platform: Linux  PlatformVersion: 5.14.0-427.37.1.el9_4.x86_64  CompilerName: GCC  CompilerVersion: 8.4.0
ProgramName: mris_anatomical_stats  ProgramArguments: mris_anatomical_stats -all-info  ProgramVersion: 7.3.2  TimeStamp: 2026/03/11-12:17:46-GMT  BuildTime: Aug  4 2022 06:17:15  BuildStamp: freesurfer-linux-ubuntu22_x86_64-7.3.2-20220804-6354275  User: oesteban  Machine: dna061  Platform: Linux  PlatformVersion: 5.14.0-427.37.1.el9_4.x86_64  CompilerName: GCC  CompilerVersion: 8.4.0
ProgramName: mris_ca_label  ProgramArguments: mris_ca_label -all-info  ProgramVersion: 7.3.2  TimeStamp: 2026/03/11-12:17:46-GMT  BuildTime: Aug  4 2022 06:17:15  BuildStamp: freesurfer-linux-ubuntu22_x86_64-7.3.2-20220804-6354275  User: oesteban  Machine: dna061  Platform: Linux  PlatformVersion: 5.14.0-427.37.1.el9_4.x86_64  CompilerName: GCC  CompilerVersion: 8.4.0
ProgramName: mris_calc  ProgramArguments: mris_calc -all-info  ProgramVersion: 7.3.2  TimeStamp: 2026/03/11-12:17:46-GMT  BuildTime: Aug  4 2022 06:17:15  BuildStamp: freesurfer-linux-ubuntu22_x86_64-7.3.2-20220804-6354275  User: oesteban  Machine: dna061  Platform: Linux  PlatformVersion: 5.14.0-427.37.1.el9_4.x86_64  CompilerName: GCC  CompilerVersion: 8.4.0
ProgramName: mris_convert  ProgramArguments: mris_convert -all-info  ProgramVersion: 7.3.2  TimeStamp: 2026/03/11-12:17:46-GMT  BuildTime: Aug  4 2022 06:17:15  BuildStamp: freesurfer-linux-ubuntu22_x86_64-7.3.2-20220804-6354275  User: oesteban  Machine: dna061  Platform: Linux  PlatformVersion: 5.14.0-427.37.1.el9_4.x86_64  CompilerName: GCC  CompilerVersion: 8.4.0
ProgramName: mris_curvature  ProgramArguments: mris_curvature -all-info  ProgramVersion: 7.3.2  TimeStamp: 2026/03/11-12:17:46-GMT  BuildTime: Aug  4 2022 06:17:15  BuildStamp: freesurfer-linux-ubuntu22_x86_64-7.3.2-20220804-6354275  User: oesteban  Machine: dna061  Platform: Linux  PlatformVersion: 5.14.0-427.37.1.el9_4.x86_64  CompilerName: GCC  CompilerVersion: 8.4.0
ProgramName: mris_curvature_stats  ProgramArguments: mris_curvature_stats -all-info  ProgramVersion: 7.3.2  TimeStamp: 2026/03/11-12:17:46-GMT  BuildTime: Aug  4 2022 06:17:15  BuildStamp: freesurfer-linux-ubuntu22_x86_64-7.3.2-20220804-6354275  User: oesteban  Machine: dna061  Platform: Linux  PlatformVersion: 5.14.0-427.37.1.el9_4.x86_64  CompilerName: GCC  CompilerVersion: 8.4.0
ProgramName: mris_diff  ProgramArguments: mris_diff -all-info  ProgramVersion: 7.3.2  TimeStamp: 2026/03/11-12:17:46-GMT  BuildTime: Aug  4 2022 06:17:15  BuildStamp: freesurfer-linux-ubuntu22_x86_64-7.3.2-20220804-6354275  User: oesteban  Machine: dna061  Platform: Linux  PlatformVersion: 5.14.0-427.37.1.el9_4.x86_64  CompilerName: GCC  CompilerVersion: 8.4.0
ProgramName: mris_divide_parcellation  ProgramArguments: mris_divide_parcellation -all-info  ProgramVersion: 7.3.2  TimeStamp: 2026/03/11-12:17:46-GMT  BuildTime: Aug  4 2022 06:17:15  BuildStamp: freesurfer-linux-ubuntu22_x86_64-7.3.2-20220804-6354275  User: oesteban  Machine: dna061  Platform: Linux  PlatformVersion: 5.14.0-427.37.1.el9_4.x86_64  CompilerName: GCC  CompilerVersion: 8.4.0
ProgramName: mri_segment  ProgramArguments: mri_segment -all-info  ProgramVersion: 7.3.2  TimeStamp: 2026/03/11-12:17:46-GMT  BuildTime: Aug  4 2022 06:17:15  BuildStamp: freesurfer-linux-ubuntu22_x86_64-7.3.2-20220804-6354275  User: oesteban  Machine: dna061  Platform: Linux  PlatformVersion: 5.14.0-427.37.1.el9_4.x86_64  CompilerName: GCC  CompilerVersion: 8.4.0
ProgramName: mri_segstats  ProgramArguments: mri_segstats -all-info  ProgramVersion: 7.3.2  TimeStamp: 2026/03/11-12:17:46-GMT  BuildTime: Aug  4 2022 06:17:15  BuildStamp: freesurfer-linux-ubuntu22_x86_64-7.3.2-20220804-6354275  User: oesteban  Machine: dna061  Platform: Linux  PlatformVersion: 5.14.0-427.37.1.el9_4.x86_64  CompilerName: GCC  CompilerVersion: 8.4.0
ProgramName: mris_euler_number  ProgramArguments: mris_euler_number -all-info  ProgramVersion: 7.3.2  TimeStamp: 2026/03/11-12:17:46-GMT  BuildTime: Aug  4 2022 06:17:15  BuildStamp: freesurfer-linux-ubuntu22_x86_64-7.3.2-20220804-6354275  User: oesteban  Machine: dna061  Platform: Linux  PlatformVersion: 5.14.0-427.37.1.el9_4.x86_64  CompilerName: GCC  CompilerVersion: 8.4.0
ProgramName: mris_fix_topology  ProgramArguments: mris_fix_topology -all-info  ProgramVersion: 7.3.2  TimeStamp: 2026/03/11-12:17:46-GMT  BuildTime: Aug  4 2022 06:17:15  BuildStamp: freesurfer-linux-ubuntu22_x86_64-7.3.2-20220804-6354275  User: oesteban  Machine: dna061  Platform: Linux  PlatformVersion: 5.14.0-427.37.1.el9_4.x86_64  CompilerName: GCC  CompilerVersion: 8.4.0
ProgramName: mris_topo_fixer  ProgramArguments: mris_topo_fixer -all-info  ProgramVersion: 7.3.2  TimeStamp: 2026/03/11-12:17:46-GMT  BuildTime: Aug  4 2022 06:17:15  BuildStamp: freesurfer-linux-ubuntu22_x86_64-7.3.2-20220804-6354275  User: oesteban  Machine: dna061  Platform: Linux  PlatformVersion: 5.14.0-427.37.1.el9_4.x86_64  CompilerName: GCC  CompilerVersion: 8.4.0
ProgramName: mris_jacobian  ProgramArguments: mris_jacobian -all-info  ProgramVersion: 7.3.2  TimeStamp: 2026/03/11-12:17:46-GMT  BuildTime: Aug  4 2022 06:17:15  BuildStamp: freesurfer-linux-ubuntu22_x86_64-7.3.2-20220804-6354275  User: oesteban  Machine: dna061  Platform: Linux  PlatformVersion: 5.14.0-427.37.1.el9_4.x86_64  CompilerName: GCC  CompilerVersion: 8.4.0
ProgramName: mris_label2annot  ProgramArguments: mris_label2annot -all-info  ProgramVersion: 7.3.2  TimeStamp: 2026/03/11-12:17:46-GMT  BuildTime: Aug  4 2022 06:17:15  BuildStamp: freesurfer-linux-ubuntu22_x86_64-7.3.2-20220804-6354275  User: oesteban  Machine: dna061  Platform: Linux  PlatformVersion: 5.14.0-427.37.1.el9_4.x86_64  CompilerName: GCC  CompilerVersion: 8.4.0
ProgramName: mris_left_right_register  ProgramArguments: mris_left_right_register -all-info  ProgramVersion: 7.3.2  TimeStamp: 2026/03/11-12:17:46-GMT  BuildTime: Aug  4 2022 06:17:15  BuildStamp: freesurfer-linux-ubuntu22_x86_64-7.3.2-20220804-6354275  User: oesteban  Machine: dna061  Platform: Linux  PlatformVersion: 5.14.0-427.37.1.el9_4.x86_64  CompilerName: GCC  CompilerVersion: 8.4.0
ProgramName: mris_place_surface  ProgramArguments: mris_place_surface -all-info  ProgramVersion: 7.3.2  TimeStamp: 2026/03/11-12:17:46-GMT  BuildTime: Aug  4 2022 06:17:15  BuildStamp: freesurfer-linux-ubuntu22_x86_64-7.3.2-20220804-6354275  User: oesteban  Machine: dna061  Platform: Linux  PlatformVersion: 5.14.0-427.37.1.el9_4.x86_64  CompilerName: GCC  CompilerVersion: 8.4.0
ProgramName: mrisp_paint  ProgramArguments: mrisp_paint -all-info  ProgramVersion: 7.3.2  TimeStamp: 2026/03/11-12:17:46-GMT  BuildTime: Aug  4 2022 06:17:15  BuildStamp: freesurfer-linux-ubuntu22_x86_64-7.3.2-20220804-6354275  User: oesteban  Machine: dna061  Platform: Linux  PlatformVersion: 5.14.0-427.37.1.el9_4.x86_64  CompilerName: GCC  CompilerVersion: 8.4.0
ProgramName: mris_register  ProgramArguments: mris_register -all-info  ProgramVersion: 7.3.2  TimeStamp: 2026/03/11-12:17:46-GMT  BuildTime: Aug  4 2022 06:17:15  BuildStamp: freesurfer-linux-ubuntu22_x86_64-7.3.2-20220804-6354275  User: oesteban  Machine: dna061  Platform: Linux  PlatformVersion: 5.14.0-427.37.1.el9_4.x86_64  CompilerName: GCC  CompilerVersion: 8.4.0
ProgramName: mris_smooth  ProgramArguments: mris_smooth -all-info  ProgramVersion: 7.3.2  TimeStamp: 2026/03/11-12:17:46-GMT  BuildTime: Aug  4 2022 06:17:15  BuildStamp: freesurfer-linux-ubuntu22_x86_64-7.3.2-20220804-6354275  User: oesteban  Machine: dna061  Platform: Linux  PlatformVersion: 5.14.0-427.37.1.el9_4.x86_64  CompilerName: GCC  CompilerVersion: 8.4.0
ProgramName: mris_sphere  ProgramArguments: mris_sphere -all-info  ProgramVersion: 7.3.2  TimeStamp: 2026/03/11-12:17:46-GMT  BuildTime: Aug  4 2022 06:17:15  BuildStamp: freesurfer-linux-ubuntu22_x86_64-7.3.2-20220804-6354275  User: oesteban  Machine: dna061  Platform: Linux  PlatformVersion: 5.14.0-427.37.1.el9_4.x86_64  CompilerName: GCC  CompilerVersion: 8.4.0
ProgramName: mris_surface_stats  ProgramArguments: mris_surface_stats -all-info  ProgramVersion: 7.3.2  TimeStamp: 2026/03/11-12:17:46-GMT  BuildTime: Aug  4 2022 06:17:15  BuildStamp: freesurfer-linux-ubuntu22_x86_64-7.3.2-20220804-6354275  User: oesteban  Machine: dna061  Platform: Linux  PlatformVersion: 5.14.0-427.37.1.el9_4.x86_64  CompilerName: GCC  CompilerVersion: 8.4.0
ProgramName: mri_stats2seg  ProgramArguments: mri_stats2seg -all-info  ProgramVersion: 7.3.2  TimeStamp: 2026/03/11-12:17:46-GMT  BuildTime: Aug  4 2022 06:17:15  BuildStamp: freesurfer-linux-ubuntu22_x86_64-7.3.2-20220804-6354275  User: oesteban  Machine: dna061  Platform: Linux  PlatformVersion: 5.14.0-427.37.1.el9_4.x86_64  CompilerName: GCC  CompilerVersion: 8.4.0
ProgramName: mris_thickness  ProgramArguments: mris_thickness -all-info  ProgramVersion: 7.3.2  TimeStamp: 2026/03/11-12:17:46-GMT  BuildTime: Aug  4 2022 06:17:15  BuildStamp: freesurfer-linux-ubuntu22_x86_64-7.3.2-20220804-6354275  User: oesteban  Machine: dna061  Platform: Linux  PlatformVersion: 5.14.0-427.37.1.el9_4.x86_64  CompilerName: GCC  CompilerVersion: 8.4.0
ProgramName: mris_thickness_diff  ProgramArguments: mris_thickness_diff -all-info  ProgramVersion: 7.3.2  TimeStamp: 2026/03/11-12:17:46-GMT  BuildTime: Aug  4 2022 06:17:15  BuildStamp: freesurfer-linux-ubuntu22_x86_64-7.3.2-20220804-6354275  User: oesteban  Machine: dna061  Platform: Linux  PlatformVersion: 5.14.0-427.37.1.el9_4.x86_64  CompilerName: GCC  CompilerVersion: 8.4.0
ProgramName: mris_topo_fixer  ProgramArguments: mris_topo_fixer -all-info  ProgramVersion: 7.3.2  TimeStamp: 2026/03/11-12:17:46-GMT  BuildTime: Aug  4 2022 06:17:15  BuildStamp: freesurfer-linux-ubuntu22_x86_64-7.3.2-20220804-6354275  User: oesteban  Machine: dna061  Platform: Linux  PlatformVersion: 5.14.0-427.37.1.el9_4.x86_64  CompilerName: GCC  CompilerVersion: 8.4.0
ProgramName: mri_surf2surf  ProgramArguments: mri_surf2surf -all-info  ProgramVersion: 7.3.2  TimeStamp: 2026/03/11-12:17:46-GMT  BuildTime: Aug  4 2022 06:17:15  BuildStamp: freesurfer-linux-ubuntu22_x86_64-7.3.2-20220804-6354275  User: oesteban  Machine: dna061  Platform: Linux  PlatformVersion: 5.14.0-427.37.1.el9_4.x86_64  CompilerName: GCC  CompilerVersion: 8.4.0
ProgramName: mri_surf2vol  ProgramArguments: mri_surf2vol -all-info  ProgramVersion: 7.3.2  TimeStamp: 2026/03/11-12:17:46-GMT  BuildTime: Aug  4 2022 06:17:15  BuildStamp: freesurfer-linux-ubuntu22_x86_64-7.3.2-20220804-6354275  User: oesteban  Machine: dna061  Platform: Linux  PlatformVersion: 5.14.0-427.37.1.el9_4.x86_64  CompilerName: GCC  CompilerVersion: 8.4.0
ProgramName: mri_surfcluster  ProgramArguments: mri_surfcluster -all-info  ProgramVersion: 7.3.2  TimeStamp: 2026/03/11-12:17:46-GMT  BuildTime: Aug  4 2022 06:17:15  BuildStamp: freesurfer-linux-ubuntu22_x86_64-7.3.2-20220804-6354275  User: oesteban  Machine: dna061  Platform: Linux  PlatformVersion: 5.14.0-427.37.1.el9_4.x86_64  CompilerName: GCC  CompilerVersion: 8.4.0
ProgramName: mris_volmask  ProgramArguments: mris_volmask -all-info  ProgramVersion: 7.3.2  TimeStamp: 2026/03/11-12:17:46-GMT  BuildTime: Aug  4 2022 06:17:15  BuildStamp: freesurfer-linux-ubuntu22_x86_64-7.3.2-20220804-6354275  User: oesteban  Machine: dna061  Platform: Linux  PlatformVersion: 5.14.0-427.37.1.el9_4.x86_64  CompilerName: GCC  CompilerVersion: 8.4.0
ProgramName: mri_tessellate  ProgramArguments: mri_tessellate -all-info  ProgramVersion: 7.3.2  TimeStamp: 2026/03/11-12:17:46-GMT  BuildTime: Aug  4 2022 06:17:15  BuildStamp: freesurfer-linux-ubuntu22_x86_64-7.3.2-20220804-6354275  User: oesteban  Machine: dna061  Platform: Linux  PlatformVersion: 5.14.0-427.37.1.el9_4.x86_64  CompilerName: GCC  CompilerVersion: 8.4.0
ProgramName: mri_vol2surf  ProgramArguments: mri_vol2surf -all-info  ProgramVersion: 7.3.2  TimeStamp: 2026/03/11-12:17:46-GMT  BuildTime: Aug  4 2022 06:17:15  BuildStamp: freesurfer-linux-ubuntu22_x86_64-7.3.2-20220804-6354275  User: oesteban  Machine: dna061  Platform: Linux  PlatformVersion: 5.14.0-427.37.1.el9_4.x86_64  CompilerName: GCC  CompilerVersion: 8.4.0
ProgramName: mri_vol2vol  ProgramArguments: mri_vol2vol -all-info  ProgramVersion: 7.3.2  TimeStamp: 2026/03/11-12:17:46-GMT  BuildTime: Aug  4 2022 06:17:15  BuildStamp: freesurfer-linux-ubuntu22_x86_64-7.3.2-20220804-6354275  User: oesteban  Machine: dna061  Platform: Linux  PlatformVersion: 5.14.0-427.37.1.el9_4.x86_64  CompilerName: GCC  CompilerVersion: 8.4.0
ProgramName: mri_voldiff  ProgramArguments: mri_voldiff -all-info  ProgramVersion: 7.3.2  TimeStamp: 2026/03/11-12:17:46-GMT  BuildTime: Aug  4 2022 06:17:15  BuildStamp: freesurfer-linux-ubuntu22_x86_64-7.3.2-20220804-6354275  User: oesteban  Machine: dna061  Platform: Linux  PlatformVersion: 5.14.0-427.37.1.el9_4.x86_64  CompilerName: GCC  CompilerVersion: 8.4.0
ProgramName: mri_watershed  ProgramArguments: mri_watershed -all-info  ProgramVersion: 7.3.2  TimeStamp: 2026/03/11-12:17:46-GMT  BuildTime: Aug  4 2022 06:17:15  BuildStamp: freesurfer-linux-ubuntu22_x86_64-7.3.2-20220804-6354275  User: oesteban  Machine: dna061  Platform: Linux  PlatformVersion: 5.14.0-427.37.1.el9_4.x86_64  CompilerName: GCC  CompilerVersion: 8.4.0
ProgramName: tkregister2  ProgramArguments: tkregister2_cmdl -all-info  ProgramVersion: 7.3.2  TimeStamp: 2026/03/11-12:17:46-GMT  BuildTime: Aug  4 2022 06:17:15  BuildStamp: freesurfer-linux-ubuntu22_x86_64-7.3.2-20220804-6354275  User: oesteban  Machine: dna061  Platform: Linux  PlatformVersion: 5.14.0-427.37.1.el9_4.x86_64  CompilerName: GCC  CompilerVersion: 8.4.0
mri_motion_correct.fsl 7.3.2
mri_convert -all-info 
ProgramName: mri_convert  ProgramArguments: mri_convert -all-info  ProgramVersion: 7.3.2  TimeStamp: 2026/03/11-12:17:46-GMT  BuildTime: Aug  4 2022 06:17:15  BuildStamp: freesurfer-linux-ubuntu22_x86_64-7.3.2-20220804-6354275  User: oesteban  Machine: dna061  Platform: Linux  PlatformVersion: 5.14.0-427.37.1.el9_4.x86_64  CompilerName: GCC  CompilerVersion: 8.4.0
Program nu_correct, built from:
Package MNI N3, version 1.12.0, compiled by nicks@terrier (x86_64-unknown-linux-gnu) on 2015-06-19 at 01:25:34
#######################################
GCADIR /opt/freesurfer/average
GCA RB_all_2020-01-02.gca
GCASkull RB_all_withskull_2020_01_02.gca
AvgCurvTif folding.atlas.acfb40.noaparc.i12.2016-08-02.tif
GCSDIR /opt/freesurfer/average
GCS DKaparc.atlas.acfb40.noaparc.i12.2016-08-02.gcs
#######################################
#--------------------------------------------
#@# WhiteSurfs lh Wed Mar 11 13:17:46 CET 2026
cd /out/sourcedata/freesurfer/sub-v2s16x51292_ses-1/mri
mris_place_surface --adgws-in ../surf/autodet.gw.stats.lh.dat --seg aseg.presurf.mgz --threads 16 --wm wm.mgz --invol brain.finalsurfs.mgz --lh --i ../surf/lh.white.preaparc --o ../surf/lh.white --white --nsmooth 0 --rip-label ../label/lh.cortex.label --rip-bg --rip-surf ../surf/lh.white.preaparc --aparc ../label/lh.aparc.annot
   Update not needed
#--------------------------------------------
#@# WhiteSurfs rh Wed Mar 11 13:17:46 CET 2026
cd /out/sourcedata/freesurfer/sub-v2s16x51292_ses-1/mri
mris_place_surface --adgws-in ../surf/autodet.gw.stats.rh.dat --seg aseg.presurf.mgz --threads 16 --wm wm.mgz --invol brain.finalsurfs.mgz --rh --i ../surf/rh.white.preaparc --o ../surf/rh.white --white --nsmooth 0 --rip-label ../label/rh.cortex.label --rip-bg --rip-surf ../surf/rh.white.preaparc --aparc ../label/rh.aparc.annot
   Update not needed
#@# white curv lh Wed Mar 11 13:17:46 CET 2026
cd /out/sourcedata/freesurfer/sub-v2s16x51292_ses-1/mri
mris_place_surface --curv-map ../surf/lh.white 2 10 ../surf/lh.curv
   Update not needed
#@# white area lh Wed Mar 11 13:17:46 CET 2026
cd /out/sourcedata/freesurfer/sub-v2s16x51292_ses-1/mri
mris_place_surface --area-map ../surf/lh.white ../surf/lh.area
   Update not needed
#@# pial curv lh Wed Mar 11 13:17:46 CET 2026
cd /out/sourcedata/freesurfer/sub-v2s16x51292_ses-1/mri
mris_place_surface --curv-map ../surf/lh.pial 2 10 ../surf/lh.curv.pial
   Update not needed
#@# pial area lh Wed Mar 11 13:17:46 CET 2026
cd /out/sourcedata/freesurfer/sub-v2s16x51292_ses-1/mri
mris_place_surface --area-map ../surf/lh.pial ../surf/lh.area.pial
   Update not needed
#@# thickness lh Wed Mar 11 13:17:46 CET 2026
cd /out/sourcedata/freesurfer/sub-v2s16x51292_ses-1/mri
mris_place_surface --thickness ../surf/lh.white ../surf/lh.pial 20 5 ../surf/lh.thickness
   Update not needed
#@# area and vertex vol lh Wed Mar 11 13:17:46 CET 2026
cd /out/sourcedata/freesurfer/sub-v2s16x51292_ses-1/mri
mris_place_surface --thickness ../surf/lh.white ../surf/lh.pial 20 5 ../surf/lh.thickness
   Update not needed
#@# white curv rh Wed Mar 11 13:17:46 CET 2026
cd /out/sourcedata/freesurfer/sub-v2s16x51292_ses-1/mri
mris_place_surface --curv-map ../surf/rh.white 2 10 ../surf/rh.curv
   Update not needed
#@# white area rh Wed Mar 11 13:17:46 CET 2026
cd /out/sourcedata/freesurfer/sub-v2s16x51292_ses-1/mri
mris_place_surface --area-map ../surf/rh.white ../surf/rh.area
   Update not needed
#@# pial curv rh Wed Mar 11 13:17:46 CET 2026
cd /out/sourcedata/freesurfer/sub-v2s16x51292_ses-1/mri
mris_place_surface --curv-map ../surf/rh.pial 2 10 ../surf/rh.curv.pial
   Update not needed
#@# pial area rh Wed Mar 11 13:17:46 CET 2026
cd /out/sourcedata/freesurfer/sub-v2s16x51292_ses-1/mri
mris_place_surface --area-map ../surf/rh.pial ../surf/rh.area.pial
   Update not needed
#@# thickness rh Wed Mar 11 13:17:46 CET 2026
cd /out/sourcedata/freesurfer/sub-v2s16x51292_ses-1/mri
mris_place_surface --thickness ../surf/rh.white ../surf/rh.pial 20 5 ../surf/rh.thickness
   Update not needed
#@# area and vertex vol rh Wed Mar 11 13:17:46 CET 2026
cd /out/sourcedata/freesurfer/sub-v2s16x51292_ses-1/mri
mris_place_surface --thickness ../surf/rh.white ../surf/rh.pial 20 5 ../surf/rh.thickness
   Update not needed

#-----------------------------------------
#@# Curvature Stats lh Wed Mar 11 13:17:46 CET 2026
/out/sourcedata/freesurfer/sub-v2s16x51292_ses-1/surf

 mris_curvature_stats -m --writeCurvatureFiles -G -o ../stats/lh.curv.stats -F smoothwm sub-v2s16x51292_ses-1 lh curv sulc 

             Toggling save flag on curvature files                       [ ok ]
                 Outputting results using filestem   [ ../stats/lh.curv.stats ]
             Toggling save flag on curvature files                       [ ok ]
                                   Setting surface [ sub-v2s16x51292_ses-1/lh.smoothwm ]
                                Reading surface...                       [ ok ]
                                   Setting texture                     [ curv ]
                                Reading texture...                       [ ok ]
                                   Setting texture                     [ sulc ]
                                Reading texture...Gb_filter = 0
                       [ ok ]
      Calculating Discrete Principal Curvatures...
      Determining geometric order for vno faces... [####################] [ ok ]
                      Determining KH curvatures... [####################] [ ok ]
                    Determining k1k2 curvatures... [####################] [ ok ]
                                   deltaViolations                      [ 190 ]
Gb_filter = 0

#-----------------------------------------
#@# Curvature Stats rh Wed Mar 11 13:17:47 CET 2026
/out/sourcedata/freesurfer/sub-v2s16x51292_ses-1/surf

 mris_curvature_stats -m --writeCurvatureFiles -G -o ../stats/rh.curv.stats -F smoothwm sub-v2s16x51292_ses-1 rh curv sulc 

             Toggling save flag on curvature files                       [ ok ]
                 Outputting results using filestem   [ ../stats/rh.curv.stats ]
             Toggling save flag on curvature files                       [ ok ]
                                   Setting surface [ sub-v2s16x51292_ses-1/rh.smoothwm ]
                                Reading surface...                       [ ok ]
                                   Setting texture                     [ curv ]
                                Reading texture...                       [ ok ]
                                   Setting texture                     [ sulc ]
                                Reading texture...Gb_filter = 0
                       [ ok ]
      Calculating Discrete Principal Curvatures...
      Determining geometric order for vno faces... [####################] [ ok ]
                      Determining KH curvatures... [####################] [ ok ]
                    Determining k1k2 curvatures... [####################] [ ok ]
                                   deltaViolations                      [ 198 ]
Gb_filter = 0
#-----------------------------------------
#@# Relabel Hypointensities Wed Mar 11 13:17:49 CET 2026
/out/sourcedata/freesurfer/sub-v2s16x51292_ses-1/mri

 mri_relabel_hypointensities aseg.presurf.mgz ../surf aseg.presurf.hypos.mgz 

reading input surface ../surf/lh.white...
relabeling lh hypointensities...
1354 voxels changed to hypointensity...
reading input surface ../surf/rh.white...
relabeling rh hypointensities...
1464 voxels changed to hypointensity...
2913 hypointense voxels neighboring cortex changed
#-----------------------------------------
#@# APas-to-ASeg Wed Mar 11 13:18:02 CET 2026
/out/sourcedata/freesurfer/sub-v2s16x51292_ses-1/mri

 mri_surf2volseg --o aseg.mgz --i aseg.presurf.hypos.mgz --fix-presurf-with-ribbon /out/sourcedata/freesurfer/sub-v2s16x51292_ses-1/mri/ribbon.mgz --threads 16 --lh-cortex-mask /out/sourcedata/freesurfer/sub-v2s16x51292_ses-1/label/lh.cortex.label --lh-white /out/sourcedata/freesurfer/sub-v2s16x51292_ses-1/surf/lh.white --lh-pial /out/sourcedata/freesurfer/sub-v2s16x51292_ses-1/surf/lh.pial --rh-cortex-mask /out/sourcedata/freesurfer/sub-v2s16x51292_ses-1/label/rh.cortex.label --rh-white /out/sourcedata/freesurfer/sub-v2s16x51292_ses-1/surf/rh.white --rh-pial /out/sourcedata/freesurfer/sub-v2s16x51292_ses-1/surf/rh.pial 

SUBJECTS_DIR /out/sourcedata/freesurfer
outvol aseg.mgz
16 avail.processors, using 16
Loading aseg.presurf.hypos.mgz
Loading /out/sourcedata/freesurfer/sub-v2s16x51292_ses-1/mri/ribbon.mgz
Loading /out/sourcedata/freesurfer/sub-v2s16x51292_ses-1/surf/lh.white
Loading /out/sourcedata/freesurfer/sub-v2s16x51292_ses-1/surf/lh.pial
Loading /out/sourcedata/freesurfer/sub-v2s16x51292_ses-1/label/lh.cortex.label
Loading /out/sourcedata/freesurfer/sub-v2s16x51292_ses-1/surf/rh.white
Loading /out/sourcedata/freesurfer/sub-v2s16x51292_ses-1/surf/rh.pial
Loading /out/sourcedata/freesurfer/sub-v2s16x51292_ses-1/label/rh.cortex.label
Done loading
  0  16  96  64 128 112 208 160 240  32 224 192 144 176  80  48  17  33 209 241   1 193 225  65 177  49  81  97 161 145 129   2  18 242 226 194 210  66 178  50 113  82 243 227 211   3  34  19 
179 
 67  98  51 146 162 130 244 228 212   4 195  83  20  68 180  52   5 245 229 213  21  35  99 
147  69 163 181  53 131  84 114   6 246 230 214  22 196  70  36 182  54 247 231 215   7  23 100 148 197 132  37 164  85  71  55 183 248 232 216  24   8 198  38  56 115 149  72 184 249 233 217  25 199 
133 101   9 165  39 
 57  86 250 234 218 185  26  73 200 150  10  40  58 251 235 219 
186  27 201 134  74 166  41  59 
116 102  11 151 252 236 220  28 187 202  87  60  42  75  12 253 237 221  29 188 203 135 167  43  61 152  13 103 254 238  30 222 189  76 204  88 117  44  62  14 168  31 239 
255 223 190 205 136  77 153  45  63  89  15 191 104 206 169  78  46 137 207 118 170 154  90  79 
 47 105 138 171 155  91 172 119 
106 139 
156  92 173 174 140 107 120  93 157 175 141  94 108 158 121 142  95 159 
109 122 143 110 123 111 124 125 126 127 
nrelabeled = 159607
ndotcheck = 0
Starting Surf2VolSeg free
free done
#VMPC# mri_surf2volseg VmPeak  1785804
mri_surf2volseg done

 mri_brainvol_stats sub-v2s16x51292_ses-1 

ComputeBrainVolumeStats2 VoxelVol=1, KeepCSF=1
  #CBVS2 MaskVol              1227402.0
  #CBVS2 BrainSegVol           975959.0
  #CBVS2 BrainSegVolNotVent    963266.0
  #CBVS2 SupraTentVol          831501.0
  #CBVS2 SupraTentVolNotVent   818808.0
  #CBVS2 lhCtxGM               200949.8
  #CBVS2 rhCtxGM               200879.1
  #CBVS2 lhCerebralWM          177680.0
  #CBVS2 rhCerebralWM          180338.0
  #CBVS2 SubCortGMVol           59393.0
  #CBVS2 CerebellumVol         144458.0
  #CBVS2 CerebellumGMVol       118246.0
  #CBVS2 VentChorVol            10312.0
  #CBVS2 3rd4th5thCSF            2381.0
  #CBVS2 AllCSF                 12693.0
  #CBVS2 CCVol                   3488.0
#-----------------------------------------
#@# AParc-to-ASeg aparc Wed Mar 11 13:18:07 CET 2026
/out/sourcedata/freesurfer/sub-v2s16x51292_ses-1/mri

 mri_surf2volseg --o aparc+aseg.mgz --label-cortex --i aseg.mgz --threads 16 --lh-annot /out/sourcedata/freesurfer/sub-v2s16x51292_ses-1/label/lh.aparc.annot 1000 --lh-cortex-mask /out/sourcedata/freesurfer/sub-v2s16x51292_ses-1/label/lh.cortex.label --lh-white /out/sourcedata/freesurfer/sub-v2s16x51292_ses-1/surf/lh.white --lh-pial /out/sourcedata/freesurfer/sub-v2s16x51292_ses-1/surf/lh.pial --rh-annot /out/sourcedata/freesurfer/sub-v2s16x51292_ses-1/label/rh.aparc.annot 2000 --rh-cortex-mask /out/sourcedata/freesurfer/sub-v2s16x51292_ses-1/label/rh.cortex.label --rh-white /out/sourcedata/freesurfer/sub-v2s16x51292_ses-1/surf/rh.white --rh-pial /out/sourcedata/freesurfer/sub-v2s16x51292_ses-1/surf/rh.pial 

SUBJECTS_DIR /out/sourcedata/freesurfer
outvol aparc+aseg.mgz
16 avail.processors, using 16
Loading aseg.mgz
Loading /out/sourcedata/freesurfer/sub-v2s16x51292_ses-1/surf/lh.white
Loading /out/sourcedata/freesurfer/sub-v2s16x51292_ses-1/surf/lh.pial
Loading /out/sourcedata/freesurfer/sub-v2s16x51292_ses-1/label/lh.cortex.label
Ripping lh vertices labeled not in lh.cortex.label
  ripped 7652 vertices from lh hemi
Loading /out/sourcedata/freesurfer/sub-v2s16x51292_ses-1/label/lh.aparc.annot
Loading /out/sourcedata/freesurfer/sub-v2s16x51292_ses-1/surf/rh.white
Loading /out/sourcedata/freesurfer/sub-v2s16x51292_ses-1/surf/rh.pial
Loading /out/sourcedata/freesurfer/sub-v2s16x51292_ses-1/label/rh.cortex.label
Ripping rh vertices labeled not in rh.cortex.label
  ripped 7624 vertices from rh hemi
Loading /out/sourcedata/freesurfer/sub-v2s16x51292_ses-1/label/rh.aparc.annot
Done loading
 64 160  48 176 240  16 208   0  96  32 128 144 112 192 224  80   1  49  33 241 209  17 193 225  50  34  18   2 242 210 226 194  51  35  19 
  3 243 227 211 195  20   4  36  52 244 228 212 196  37  21   5  53 245 229 213 197  38  22   6  54 246 230 214 198  39 
 55   7  23 247 231 215 199 
 56  40   8  24 248 232 216 200  57  41   9  25 249 233 217 201  58  42 250  26  10 234 218 202  59 
 43 251  11  27 235 219 
203  44  12 252  28 236 220 204  60  45  13  29 253 237 221 205  46  30  14 254 238 222 206  61  47  31  15 255 239 
223 207  62  65  63  66 145 177  97 129 113 161  67  81  68 146  98 178 130 114  69 162 147  70  82 179 
131  99 
115  71 148 180 163  72 132 100  83 149 181 116 182 164 183  73 133 184 150 185 186 187 188 189 101 190 191  84 117  74 165 151 134 102  85  75 152 135 118 166  86 103 136 153  76 119 
167  87 104 137 154  77 120 168 105  88 138 155 121 106  78 169  89 122 156 139 
170 107  79 
123 140  90 171 157 108 141 124 172 109 158  91 142 173 125 110 143 159 
174  92 126 111 175  93 127  94  95 
nrelabeled = 401389
ndotcheck = 22623
Starting Surf2VolSeg free
free done
#VMPC# mri_surf2volseg VmPeak  1769720
mri_surf2volseg done
#-----------------------------------------
#@# AParc-to-ASeg aparc.a2009s Wed Mar 11 13:18:20 CET 2026
/out/sourcedata/freesurfer/sub-v2s16x51292_ses-1/mri

 mri_surf2volseg --o aparc.a2009s+aseg.mgz --label-cortex --i aseg.mgz --threads 16 --lh-annot /out/sourcedata/freesurfer/sub-v2s16x51292_ses-1/label/lh.aparc.a2009s.annot 11100 --lh-cortex-mask /out/sourcedata/freesurfer/sub-v2s16x51292_ses-1/label/lh.cortex.label --lh-white /out/sourcedata/freesurfer/sub-v2s16x51292_ses-1/surf/lh.white --lh-pial /out/sourcedata/freesurfer/sub-v2s16x51292_ses-1/surf/lh.pial --rh-annot /out/sourcedata/freesurfer/sub-v2s16x51292_ses-1/label/rh.aparc.a2009s.annot 12100 --rh-cortex-mask /out/sourcedata/freesurfer/sub-v2s16x51292_ses-1/label/rh.cortex.label --rh-white /out/sourcedata/freesurfer/sub-v2s16x51292_ses-1/surf/rh.white --rh-pial /out/sourcedata/freesurfer/sub-v2s16x51292_ses-1/surf/rh.pial 

SUBJECTS_DIR /out/sourcedata/freesurfer
outvol aparc.a2009s+aseg.mgz
16 avail.processors, using 16
Loading aseg.mgz
Loading /out/sourcedata/freesurfer/sub-v2s16x51292_ses-1/surf/lh.white
Loading /out/sourcedata/freesurfer/sub-v2s16x51292_ses-1/surf/lh.pial
Loading /out/sourcedata/freesurfer/sub-v2s16x51292_ses-1/label/lh.cortex.label
Ripping lh vertices labeled not in lh.cortex.label
  ripped 7652 vertices from lh hemi
Loading /out/sourcedata/freesurfer/sub-v2s16x51292_ses-1/label/lh.aparc.a2009s.annot
Loading /out/sourcedata/freesurfer/sub-v2s16x51292_ses-1/surf/rh.white
Loading /out/sourcedata/freesurfer/sub-v2s16x51292_ses-1/surf/rh.pial
Loading /out/sourcedata/freesurfer/sub-v2s16x51292_ses-1/label/rh.cortex.label
Ripping rh vertices labeled not in rh.cortex.label
  ripped 7624 vertices from rh hemi
Loading /out/sourcedata/freesurfer/sub-v2s16x51292_ses-1/label/rh.aparc.a2009s.annot
Done loading
  0  80 208 144 240  32 112  96  48  64 128  16 224 160 176 192 225  17  49  33   1 209 193 241 226  18  50  34   2 210 194 242 227  19 
 51  35   3 211 195 243 228  20  52  36   4 212 196 244 229  21  53  37   5 213 197 245 230  22  54  38   6 214 198 246 231  23  55  39 
  7 215 199 
247 232  24  56  40   8 216 200 248 233  25  57  41   9 217 201 249 234  26  58  42 218 202 250  10 235  27  59 
 43 219 
203  11 251 236  28  44 220 204  12 252  60 237  29  45 221 205  13 253 238  30  46 222 206  14 254  61 239 
 31  47 223 207  15 255  62  65  63 177  66 145  97  81  67 161 178  68 129 113 179 
146  98  82  69 180 162  70 181 147  99 
 83 182  71 183 114 130 184 185 186 187 188 189 190 191 148 163  72  84 100 149  73 164  85 131 101 150 115  74  86 165 151 102  75 132  87 152 116 166 103  88  76 133 153 167 104 117  89 134  77 154 105 168 118 155 135  90 106  78 169 156 136 107 119 
170  79 
 91 157 137 171 108 120  92 172 138 109 158 121 173 122 139 
110  93 159 
174 123 140 111 175  94 124 141  95 142 125 143 126 127 
nrelabeled = 401389
ndotcheck = 22623
Starting Surf2VolSeg free
free done
#VMPC# mri_surf2volseg VmPeak  1769808
mri_surf2volseg done
#-----------------------------------------
#@# AParc-to-ASeg aparc.DKTatlas Wed Mar 11 13:18:34 CET 2026
/out/sourcedata/freesurfer/sub-v2s16x51292_ses-1/mri

 mri_surf2volseg --o aparc.DKTatlas+aseg.mgz --label-cortex --i aseg.mgz --threads 16 --lh-annot /out/sourcedata/freesurfer/sub-v2s16x51292_ses-1/label/lh.aparc.DKTatlas.annot 1000 --lh-cortex-mask /out/sourcedata/freesurfer/sub-v2s16x51292_ses-1/label/lh.cortex.label --lh-white /out/sourcedata/freesurfer/sub-v2s16x51292_ses-1/surf/lh.white --lh-pial /out/sourcedata/freesurfer/sub-v2s16x51292_ses-1/surf/lh.pial --rh-annot /out/sourcedata/freesurfer/sub-v2s16x51292_ses-1/label/rh.aparc.DKTatlas.annot 2000 --rh-cortex-mask /out/sourcedata/freesurfer/sub-v2s16x51292_ses-1/label/rh.cortex.label --rh-white /out/sourcedata/freesurfer/sub-v2s16x51292_ses-1/surf/rh.white --rh-pial /out/sourcedata/freesurfer/sub-v2s16x51292_ses-1/surf/rh.pial 

SUBJECTS_DIR /out/sourcedata/freesurfer
outvol aparc.DKTatlas+aseg.mgz
16 avail.processors, using 16
Loading aseg.mgz
Loading /out/sourcedata/freesurfer/sub-v2s16x51292_ses-1/surf/lh.white
Loading /out/sourcedata/freesurfer/sub-v2s16x51292_ses-1/surf/lh.pial
Loading /out/sourcedata/freesurfer/sub-v2s16x51292_ses-1/label/lh.cortex.label
Ripping lh vertices labeled not in lh.cortex.label
  ripped 7652 vertices from lh hemi
Loading /out/sourcedata/freesurfer/sub-v2s16x51292_ses-1/label/lh.aparc.DKTatlas.annot
Loading /out/sourcedata/freesurfer/sub-v2s16x51292_ses-1/surf/rh.white
Loading /out/sourcedata/freesurfer/sub-v2s16x51292_ses-1/surf/rh.pial
Loading /out/sourcedata/freesurfer/sub-v2s16x51292_ses-1/label/rh.cortex.label
Ripping rh vertices labeled not in rh.cortex.label
  ripped 7624 vertices from rh hemi
Loading /out/sourcedata/freesurfer/sub-v2s16x51292_ses-1/label/rh.aparc.DKTatlas.annot
Done loading
  0  80  16  64 112 208  48 160 192 128 176  96 144 240  32 224 209  49 193 225 241  33  17   1 242 226 210  50 194  34  18   2 243 227 211  51 195  35  19 
  3 244 228 212  52 196  36  20   4 245 229 213  53 197  37  21   5 246 230 214  54 198  38  22   6 247 231 215  55 199 
 39 
 23   7 248 232 216  56 200  40  24   8 249 233 217  57 201  41  25   9 250 234 218  58 202  26  42  10 251 235 219 
 59 
203  43  27  11 252 236 220 204  44  28  60  12 253 237 221 205  45  29  13 254 238 222 206  46  30  61  14 255 239 
223 207  47  31  15  62  65  63 145 177  97  66 129  81 113 161  67 146  98 178  82 130 114 162  68 147 179 
 99 
131  83  69 115 148 163 180  84 132 100  70 149 181 116 182 164 183  85 150 133 184  71 185 186 101 187 188 189 190 191 117  72 151  86 165 134 102 152  73  87 135 118 166 103 153  74 136  88 119 
167 104 154  75 137  89 168 120 105 155 138  76 121 106  90 169 156 122 139 
170 107  77  91 157 123 171 140 108  78 124 141 172 158  92 109 173  79 
142 125 159 
110  93 174 143 111 175 126  94 127  95 
nrelabeled = 401389
ndotcheck = 22623
Starting Surf2VolSeg free
free done
#VMPC# mri_surf2volseg VmPeak  1769748
mri_surf2volseg done
#-----------------------------------------
#@# WMParc Wed Mar 11 13:18:46 CET 2026
/out/sourcedata/freesurfer/sub-v2s16x51292_ses-1/mri

 mri_surf2volseg --o wmparc.mgz --label-wm --i aparc+aseg.mgz --threads 16 --lh-annot /out/sourcedata/freesurfer/sub-v2s16x51292_ses-1/label/lh.aparc.annot 3000 --lh-cortex-mask /out/sourcedata/freesurfer/sub-v2s16x51292_ses-1/label/lh.cortex.label --lh-white /out/sourcedata/freesurfer/sub-v2s16x51292_ses-1/surf/lh.white --lh-pial /out/sourcedata/freesurfer/sub-v2s16x51292_ses-1/surf/lh.pial --rh-annot /out/sourcedata/freesurfer/sub-v2s16x51292_ses-1/label/rh.aparc.annot 4000 --rh-cortex-mask /out/sourcedata/freesurfer/sub-v2s16x51292_ses-1/label/rh.cortex.label --rh-white /out/sourcedata/freesurfer/sub-v2s16x51292_ses-1/surf/rh.white --rh-pial /out/sourcedata/freesurfer/sub-v2s16x51292_ses-1/surf/rh.pial 

SUBJECTS_DIR /out/sourcedata/freesurfer
outvol wmparc.mgz
16 avail.processors, using 16
Loading aparc+aseg.mgz
Loading /out/sourcedata/freesurfer/sub-v2s16x51292_ses-1/surf/lh.white
Loading /out/sourcedata/freesurfer/sub-v2s16x51292_ses-1/surf/lh.pial
Loading /out/sourcedata/freesurfer/sub-v2s16x51292_ses-1/label/lh.cortex.label
Ripping lh vertices labeled not in lh.cortex.label
  ripped 7652 vertices from lh hemi
Loading /out/sourcedata/freesurfer/sub-v2s16x51292_ses-1/label/lh.aparc.annot
Loading /out/sourcedata/freesurfer/sub-v2s16x51292_ses-1/surf/rh.white
Loading /out/sourcedata/freesurfer/sub-v2s16x51292_ses-1/surf/rh.pial
Loading /out/sourcedata/freesurfer/sub-v2s16x51292_ses-1/label/rh.cortex.label
Ripping rh vertices labeled not in rh.cortex.label
  ripped 7624 vertices from rh hemi
Loading /out/sourcedata/freesurfer/sub-v2s16x51292_ses-1/label/rh.aparc.annot
Done loading
  0 160 176  16 192 128  64  80 112  48 240 208 224  96 144  32 241  17   1  33 225 209 193  49  65 242 226  18   2 210  34 194  50 243 227 211  19 
  3 195  35  51  66 244 228 212  20   4 196  36  52 245 229 213  21  37 197   5  53 177  67 230 246 214  22  38 198   6  54 231 247 215  23  39 
199 
  7  55 232 248 216  24  40 200   8  56  68 249 233 217  25  41 201   9  57 178 250 234 218  42 202  26  10  58 251 235 219 
 43 203  27  11  59 
252 236 220  44 204  28  12  60  69 129 253 237 221  45 205  61  29  13 254 238 222 179 
 46 206  62  30  14  81 255 239 
223  47 207  31  63  15  70 180 161 181  71 182 183 184 185  72  97 186 113 130 187 188  82 189 190 191  73 162 131 145  74  83 114  75 163  98 132  84  76 164 115 133  77 146  85  99 
 78 165 116 134  86  79 
166 147 117 135 100 167  87 118 136 168 119 
148 169 120  88 121 101 170 122 123 171 149 124 137  89 172 125 173 102 174  90 150 126 175 138 127  91 151 103 139 
 92 152 104 140  93 153 105  94 141 154  95 106 155 142 156 107 143 157 108 158 109 159 
110 111 
nrelabeled = 354530
ndotcheck = 2910
Starting Surf2VolSeg free
free done
#VMPC# mri_surf2volseg VmPeak  1769720
mri_surf2volseg done

 mri_segstats --seed 1234 --seg mri/wmparc.mgz --sum stats/wmparc.stats --pv mri/norm.mgz --excludeid 0 --brainmask mri/brainmask.mgz --in mri/norm.mgz --in-intensity-name norm --in-intensity-units MR --subject sub-v2s16x51292_ses-1 --surf-wm-vol --ctab /opt/freesurfer/WMParcStatsLUT.txt --etiv 

setting seed for random number genererator to 1234

7.3.2
cwd 
cmdline mri_segstats --seed 1234 --seg mri/wmparc.mgz --sum stats/wmparc.stats --pv mri/norm.mgz --excludeid 0 --brainmask mri/brainmask.mgz --in mri/norm.mgz --in-intensity-name norm --in-intensity-units MR --subject sub-v2s16x51292_ses-1 --surf-wm-vol --ctab /opt/freesurfer/WMParcStatsLUT.txt --etiv 
sysname  Linux
hostname dna061
machine  x86_64
user     oesteban
whitesurfname  white
UseRobust  0
atlas_icv (eTIV) = 1354538 mm^3    (det: 1.438207 )
Loading mri/wmparc.mgz
Getting Brain Volume Statistics
Loading mri/norm.mgz
Loading mri/norm.mgz
Voxel Volume is 1 mm^3
Generating list of segmentation ids
Found 390 segmentations
Computing statistics for each segmentation

Reporting on  70 segmentations
Using PrintSegStat
mri_segstats done
#--------------------------------------------
#@# ASeg Stats Wed Mar 11 13:22:23 CET 2026
/out/sourcedata/freesurfer/sub-v2s16x51292_ses-1

 mri_segstats --seed 1234 --seg mri/aseg.mgz --sum stats/aseg.stats --pv mri/norm.mgz --empty --brainmask mri/brainmask.mgz --brain-vol-from-seg --excludeid 0 --excl-ctxgmwm --supratent --subcortgray --in mri/norm.mgz --in-intensity-name norm --in-intensity-units MR --etiv --surf-wm-vol --surf-ctx-vol --totalgray --euler --ctab /opt/freesurfer/ASegStatsLUT.txt --subject sub-v2s16x51292_ses-1 

setting seed for random number genererator to 1234

7.3.2
cwd 
cmdline mri_segstats --seed 1234 --seg mri/aseg.mgz --sum stats/aseg.stats --pv mri/norm.mgz --empty --brainmask mri/brainmask.mgz --brain-vol-from-seg --excludeid 0 --excl-ctxgmwm --supratent --subcortgray --in mri/norm.mgz --in-intensity-name norm --in-intensity-units MR --etiv --surf-wm-vol --surf-ctx-vol --totalgray --euler --ctab /opt/freesurfer/ASegStatsLUT.txt --subject sub-v2s16x51292_ses-1 
sysname  Linux
hostname dna061
machine  x86_64
user     oesteban
whitesurfname  white
UseRobust  0
atlas_icv (eTIV) = 1354538 mm^3    (det: 1.438207 )
Computing euler number
orig.nofix lheno =  -54, rheno = -34
orig.nofix lhholes =   28, rhholes = 18
Loading mri/aseg.mgz
Getting Brain Volume Statistics
Loading mri/norm.mgz
Loading mri/norm.mgz
Voxel Volume is 1 mm^3
Generating list of segmentation ids
Found  50 segmentations
Computing statistics for each segmentation

Reporting on  45 segmentations
Using PrintSegStat
mri_segstats done

Started at Wed Mar 11 13:17:45 CET 2026 
Ended   at Wed Mar 11 13:22:55 CET 2026
#@#%# recon-all-run-time-hours 0.086
recon-all -s sub-v2s16x51292_ses-1 finished without error at Wed Mar 11 13:22:55 CET 2026
